{"_id":"6530d3f29d8aa506476d2082","id":"KAIST-SC-00055","author":105,"group":12,"input":[{"tco":{"unit":"","value":"ITO"}},{"etl":[{"material":{"unit":"","value":"SnO2"},"concentration":{"unit":"","value":"5"},"conc_unit":{"unit":"","value":"wt%"},"quantity":{"unit":"ml","value":"0.4"}}],"solvent":[{"material":{"unit":"","value":"DI Water"},"volume":{"unit":"ml","value":"0.8"}}],"spin_coating":[{"type":{"unit":"","value":"drop&run"},"rpm":{"unit":"","value":"4000"},"time":{"unit":"s","value":"30"}}],"annealing":[{"temperature":{"unit":"oC","value":"150"},"time":{"unit":"m","value":"30"}}]},{"perovskite":{"method":{"unit":"","value":"1-step"},"molarity":{"unit":"M","value":"1.8"},"a_site":[{"material":{"unit":"","value":"FA"},"ratio":{"unit":"","value":"97.5"}},{"material":{"unit":"","value":"MA"},"ratio":{"unit":"","value":"2.5"}}],"b_site":[{"material":{"unit":"","value":"Pb"},"ratio":{"unit":"","value":"100"}}],"x_site":[{"material":{"unit":"","value":"I"},"ratio":{"unit":"","value":"97.5"}},{"material":{"unit":"","value":"Br"},"ratio":{"unit":"","value":"2.5"}}],"solvent":[{"material":{"unit":"","value":"DMF"},"volume":{"unit":"ml","value":"0.8"}},{"material":{"unit":"","value":"DMSO"},"volume":{"unit":"ml","value":"0.1"}}],"additive":[{"material":{"unit":"","value":"MACl"},"solvent":{"unit":"","value":"None"},"concentration":{"unit":"","value":"47.62"},"conc_unit":{"unit":"","value":"mg\/ml"},"quantity":{"unit":"mol%","value":"35"}}],"stirring_time":[{"unit":"m","value":"20"}],"antisolvent":[{"material":{"unit":"","value":"DEE"},"quantity":{"unit":"ul","value":"1000"},"dripping_time":{"unit":"s","value":"28"}}],"spin_coating":[{"type":{"unit":"","value":"drop&run"},"rpm":{"unit":"","value":"5000"},"time":{"unit":"s","value":"15"}}],"annealing":[{"temperature":{"unit":"oC","value":"100"},"time":{"unit":"m","value":"60"}},{"temperature":{"unit":"oC","value":"150"},"time":{"unit":"m","value":"15"}}],"atmosphere":[{"type":{"unit":"","value":"Air"},"temperature":{"unit":"oC","value":"22"},"humidity":{"unit":"RH%","value":"19"}}]}},{"perovskite_treatment":[{"material":{"unit":"","value":"OAI"},"concentration":{"unit":"","value":"2.5"},"conc_unit":{"unit":"","value":"mg\/ml"},"quantity":{"unit":"ml","value":"0.4"}}],"solvent":[{"material":{"unit":"","value":"CF"},"volume":{"unit":"ml","value":"0.8"}}],"spin_coating":[{"type":{"unit":"","value":"drop&run"},"rpm":{"unit":"","value":"5000"},"time":{"unit":"s","value":"5"}}],"annealing":[{"temperature":{"unit":"oC","value":"100"},"time":{"unit":"m","value":"3"}}]},{"htl":[{"material":{"unit":"","value":"Spiro-OMeTAD"},"concentration":{"unit":"","value":"91"},"conc_unit":{"unit":"","value":"mg\/ml"},"quantity":{"unit":"ml","value":"0.08"}}],"solvent":[{"material":{"unit":"","value":"CB"},"volume":{"unit":"ml","value":"1.1"}}],"htl_doping":[{"material":{"unit":"","value":"tBP"},"volume":{"unit":"ul","value":"39"}},{"material":{"unit":"","value":"Li-TFSI"},"volume":{"unit":"ul","value":"23"}},{"material":{"unit":"","value":"Co-TFSI"},"volume":{"unit":"ul","value":"10"}}],"spin_coating":[{"type":{"unit":"","value":"dynamic"},"rpm":{"unit":"","value":"2000"},"time":{"unit":"s","value":"30"}}]},{"anode_metal":{"unit":"","value":"Au"}},{"note":{"unit":"","value":"-"},"ar":{"unit":"","value":"0"},"type":{"unit":"","value":"unit_cell"},"device_type":{"unit":"","value":"n-i-p"},"temperature":{"unit":"oC","value":"22"},"humidity":{"unit":"%","value":"19"},"cell_dimension":{"unit":"cm2","value":"0.0955"}}],"fileinfo":[{"key":"forward4_2cell_231019","uploadType":"JV","original_name":"forward4_2cell_231019.csv","save_name":"KAIST-SC-00055\/forward4_2cell_231019","uploader":105,"fileType":""},{"key":"reverse4_1cell_231019","uploadType":"JV","original_name":"reverse4_1cell_231019.csv","save_name":"KAIST-SC-00055\/reverse4_1cell_231019","uploader":105,"fileType":""},{"key":"forward4_1cell_231019","uploadType":"JV","original_name":"forward4_1cell_231019.csv","save_name":"KAIST-SC-00055\/forward4_1cell_231019","uploader":105,"fileType":""},{"key":"reverse4_4cell_231019","uploadType":"JV","original_name":"reverse4_4cell_231019.csv","save_name":"KAIST-SC-00055\/reverse4_4cell_231019","uploader":105,"fileType":""},{"key":"forward4_4cell_231019","uploadType":"JV","original_name":"forward4_4cell_231019.csv","save_name":"KAIST-SC-00055\/forward4_4cell_231019","uploader":105,"fileType":""},{"key":"reverse4_3cell_231019","uploadType":"JV","original_name":"reverse4_3cell_231019.csv","save_name":"KAIST-SC-00055\/reverse4_3cell_231019","uploader":105,"fileType":""},{"key":"forward4_3cell_231019","uploadType":"JV","original_name":"forward4_3cell_231019.csv","save_name":"KAIST-SC-00055\/forward4_3cell_231019","uploader":105,"fileType":""},{"key":"reverse4_2cell_231019","uploadType":"JV","original_name":"reverse4_2cell_231019.csv","save_name":"KAIST-SC-00055\/reverse4_2cell_231019","uploader":105,"fileType":""}],"jvcnt":8,"updated_at":"2024-08-19 05:24:47","created_at":"2023-10-19 07:00:02","analysisInfo":{"JV":[{"efficiency":19.746599,"fill_factor":75.461517,"jsc":22.965358,"voc":1.139445,"key":"reverse4_4cell_231019","cell_dimension":0.09549999833271032},{"efficiency":19.643261,"fill_factor":75.648782,"jsc":23.048594,"voc":1.126593,"key":"reverse4_3cell_231019","cell_dimension":0.0954999981341986},{"efficiency":19.786153,"fill_factor":75.271959,"jsc":23.098681,"voc":1.137997,"key":"reverse4_2cell_231019","cell_dimension":0.09550000530680612},{"efficiency":18.74907,"fill_factor":70.203379,"jsc":23.045221,"voc":1.158886,"key":"reverse4_1cell_231019","cell_dimension":0.0955000125653262},{"efficiency":20.193059,"fill_factor":77.223367,"jsc":22.95831,"voc":1.138973,"key":"forward4_4cell_231019","cell_dimension":0.09549999632320291},{"efficiency":20.332397,"fill_factor":78.063035,"jsc":23.092757,"voc":1.127892,"key":"forward4_3cell_231019","cell_dimension":0.09550002044051584},{"efficiency":20.290563,"fill_factor":77.1607,"jsc":23.125751,"voc":1.137109,"key":"forward4_2cell_231019","cell_dimension":0.09550000307780931},{"efficiency":18.966864,"fill_factor":71.102504,"jsc":23.080022,"voc":1.155778,"key":"forward4_1cell_231019","cell_dimension":0.09549998409475953}]},"public":2,"tags":[],"analysis":{"JV":[{"V":{"value":[1.500229,1.484218,1.468218,1.452248,1.436238,1.420242,1.404242,1.388234,1.372219,1.356213,1.340207,1.324232,1.308214,1.292215,1.276215,1.260213,1.2442,1.228191,1.21224,1.196218,1.180213,1.164193,1.14819,1.132184,1.116171,1.100206,1.084208,1.068201,1.052197,1.03618,1.020187,1.004173,0.988184929,0.972186089,0.956192732,0.940180302,0.924173355,0.908169031,0.892163515,0.876170158,0.860178232,0.844167233,0.828162909,0.812155962,0.796151638,0.780136585,0.764143229,0.748166323,0.732164621,0.716156483,0.700154781,0.684132814,0.668123245,0.652124405,0.636158228,0.620152712,0.604140282,0.588133335,0.572133064,0.556126118,0.540117741,0.524121761,0.508136511,0.492140532,0.476114511,0.460108757,0.444115639,0.428104401,0.412126064,0.396121979,0.380120277,0.364107847,0.348095417,0.332084417,0.316085577,0.300080061,0.284103155,0.268108368,0.252093315,0.236090422,0.220076561,0.204079628,0.188085794,0.172081232,0.156050444,0.140078545,0.124069929,0.108074665,0.092071295,0.076067924,0.060070038,0.044077635,0.028060675,0.012007385,-0.003990501,-0.019994915,-0.035941601,-0.051943541,-0.067934752,-0.083934069,-0.099948168,-0.115946054,-0.131941319,-0.147947311,-0.163959026,-0.179967642,-0.195945263,-0.19994545],"unit":"V"},"I":{"value":[-0.008677706,-0.009321183,-0.009150565000000001,-0.008782431,-0.008397013,-0.007936358000000001,-0.007463768,-0.006973565,-0.006476492,-0.005982682,-0.005485266,-0.004990622,-0.004503801,-0.004015759,-0.003539905,-0.003069669,-0.002609149,-0.002161741,-0.001730561,-0.001310259,-0.000912502408,-0.000536739826,-0.000179067254,0.000148698688,0.00044928491100000004,0.000721648335,0.0009646713730000001,0.001176,0.0013561250000000001,0.001513973,0.0016390229999999999,0.0017478469999999999,0.001830384,0.001905084,0.001955435,0.002005786,0.00203526,0.0020670289999999997,0.002093107,0.002109542,0.002126053,0.002139017,0.002153441,0.002158508,0.0021644679999999997,0.002174109,0.002171263,0.002177998,0.002179936,0.0021801439999999997,0.002182364,0.002185836,0.0021854939999999996,0.002184868,0.002186179,0.002182364,0.002189234,0.002182439,0.002184585,0.002187639,0.002182856,0.002186045,0.002182156,0.0021921400000000004,0.0021811129999999997,0.002193183,0.002186254,0.00219208,0.00218749,0.00219138,0.002188265,0.002188608,0.002189785,0.002184719,0.00218986,0.00218749,0.0021889509999999997,0.0021899190000000002,0.002191588,0.002189234,0.002191111,0.002186462,0.0021910370000000003,0.002189025,0.0021921400000000004,0.0021899190000000002,0.002187908,0.0021943600000000002,0.0021936,0.002186254,0.002194509,0.002185628,0.002199292,0.002191111,0.002193883,0.0021933169999999997,0.002191171,0.002192289,0.002190828,0.00219138,0.002194092,0.0021963720000000003,0.0021967889999999998,0.002193525,0.002196923,0.0021936,0.0021987260000000002,0.002192214],"unit":"A"},"resistance":{"value":[-172.883172,-159.230686,-160.451117,-165.358318,-171.041571,-178.953902,-188.141166,-199.070916,-211.876842,-226.689814,-244.328576,-265.344031,-290.468832,-321.78605,-360.522413,-410.537218,-476.860437,-568.149112,-700.489633,-912.96313,-1293.38,-2169.009,-6412.063,7613.944,2484.328,1524.574,1123.914,908.33411,775.884669,684.411216,622.435682,574.519984,539.878439,510.311495,488.992418,468.734172,454.081181,439.359497,426.238947,415.336578,404.589275,394.651954,384.576494,376.258079,367.827834,358.830448,351.934885,343.510957,335.865257,328.490421,320.823947,312.98445,305.708153,298.473156,290.990894,284.16551,275.959678,269.484436,261.89557,254.212874,247.436244,239.757987,232.859863,224.502366,218.289728,209.790436,203.140031,195.295973,188.401308,180.763737,173.708496,166.365031,158.963267,152.003274,144.340558,137.180055,129.78965,122.428421,115.02768,107.84157,100.440606,93.337822,85.843279,78.610893,71.186361,63.965161,56.707113,49.251112,41.972692,34.793732,27.372884,20.167036,12.758957,5.480043,-1.818922,-9.116291,-16.402919,-23.693751,-31.008706,-38.301929,-45.553323,-52.789818,-60.060994,-67.447274,-74.631216,-82.042144,-89.117638,-91.20708],"unit":"ohms"},"conductance":{"value":[-0.005784253,-0.006280197,-0.006232428,-0.006047473,-0.005846532,-0.005588031,-0.005315158,-0.005023335,-0.004719723,-0.004411314,-0.004092849,-0.003768692,-0.00344271,-0.003107655,-0.002773753,-0.002435833,-0.00209705,-0.001760101,-0.001427573,-0.001095334,-0.000773167735,-0.00046104009,-0.000155956049,0.000131337968,0.000402523325,0.000655920882,0.000889747701,0.001100916,0.001288851,0.00146111,0.001606592,0.001740583,0.001852269,0.001959587,0.002045021,0.002133405,0.002202249,0.00227604,0.002346102,0.002407686,0.002471642,0.002533878,0.002600263,0.00265775,0.002718663,0.002786832,0.002841435,0.002911115,0.002977384,0.003044229,0.003116974,0.003195047,0.003271094,0.003350385,0.003436534,0.003519076,0.003623718,0.003710789,0.003818316,0.003933711,0.004041445,0.004170873,0.004294428,0.004454296,0.004581068,0.004766662,0.004922713,0.005120433,0.005307819,0.005532083,0.005756771,0.006010879,0.006290761,0.006578806,0.00692806,0.007289689,0.007704775,0.008168038,0.00869356,0.009272862,0.009956133,0.01071377,0.011649136,0.012720883,0.014047635,0.01563351,0.017634472,0.02030411,0.023825015,0.028740809,0.036532504,0.049585869,0.078376312,0.182480312,-0.549776324,-0.109693733,-0.06096476,-0.042205222,-0.032249008,-0.026108346,-0.021952295,-0.018943047,-0.016649741,-0.014826396,-0.013399219,-0.012188857,-0.011221123,-0.010964061],"unit":"S"},"power":{"value":[-13.018549,-13.834671,-13.435027,-12.754269,-12.060112,-11.271552,-10.480937,-9.680939,-8.887162,-8.113792,-7.351394,-6.608741,-5.891936,-5.189224,-4.51768,-3.868438,-3.246302,-2.655032,-2.097856,-1.567356,-1.076947,-0.624868959,-0.20560332,0.168354208,0.501478843,0.793962099,1.045904,1.256204,1.42691,1.568748,1.67211,1.75514,1.808758,1.852096,1.869772,1.8858,1.880933,1.877212,1.867393,1.848318,1.828784,1.805688,1.7834,1.753045,1.723245,1.696102,1.659156,1.629505,1.596072,1.561324,1.527993,1.495402,1.460179,1.424806,1.390756,1.353399,1.322604,1.283565,1.249873,1.216603,1.178999,1.145754,1.108833,1.078841,1.038459,1.009103,0.970949444,0.938439103,0.901521835,0.86805365,0.831804022,0.796889366,0.762254207,0.725511085,0.692183082,0.656422272,0.621887822,0.587135703,0.552484756,0.516857154,0.482212272,0.446212409,0.412102923,0.376690168,0.342084361,0.306760716,0.271453553,0.237154711,0.201967587,0.166303779,0.131824233,0.096337305,0.061713622,0.02630952,-0.008754693,-0.043855182,-0.078754195,-0.113875234,-0.148833378,-0.183931411,-0.219295443,-0.254660616,-0.289847209,-0.32452619,-0.360205339,-0.394777008,-0.430829932,-0.438323241],"unit":"mW"},"J":{"value":[-0.090866033,-0.09760401,-0.095817431,-0.091962633,-0.08792683700000001,-0.08310323,-0.07815464,-0.073021619,-0.067816667,-0.062645886,-0.057437345,-0.052257826,-0.047160225,-0.042049829000000004,-0.037067068,-0.032143131,-0.027320927999999998,-0.022636034,-0.01812106,-0.013719991,-0.009554999,-0.005620312000000001,-0.00187505,0.001557054,0.004704554,0.007556527,0.010101271,0.012314132,0.014200260999999999,0.015853119,0.017162549,0.018302059,0.019166326,0.019948519999999997,0.020475756,0.021002991999999998,0.021311625,0.021644288,0.021917345999999997,0.02208945,0.022262335,0.022398084000000002,0.022549124,0.022602175,0.022664588,0.022765542,0.022735738999999998,0.022806266000000002,0.022826550999999997,0.022828735000000003,0.022851984000000002,0.02288834,0.022884751000000002,0.022878197,0.022891928,0.022851984000000002,0.022923915,0.022852764,0.022875233000000002,0.02290722,0.022857133,0.022890524,0.022849799,0.022954342,0.022838877,0.022965264000000003,0.022892709,0.022953717000000002,0.022905659,0.022946383999999997,0.022913773,0.022917362,0.022929688,0.022876637,0.022930469,0.022905659,0.022920951,0.022931093,0.022948568000000003,0.022923915,0.022943575,0.022894893,0.022942795000000002,0.022921731,0.022954342,0.022931093,0.022910028,0.022977591,0.022969633000000003,0.022892709,0.022979151000000003,0.022886155,0.023029238,0.022943575,0.022972598,0.022966668,0.022944199000000002,0.022955901999999997,0.022940611,0.022946383999999997,0.022974782000000003,0.022998655,0.023003024,0.022968853,0.023004428,0.022969633000000003,0.023023308,0.022955121999999998],"unit":"A\/cm2"},"power_density":{"value":[-136.31989,-144.865664,-140.680908,-133.552559,-126.28389,-118.026723,-109.748031,-101.371087,-93.059292,-84.961171,-76.977951,-69.201479,-61.695664,-54.337424,-47.30555,-40.507204,-33.992692,-27.801382,-21.967078,-16.412103,-11.276932,-6.54313,-2.152914,1.762871,5.251087,8.313739,10.951876,13.153963,14.941464,16.426685,17.509004,18.37843,18.939875,19.393674,19.578769,19.746599,19.695636,19.656672,19.553856,19.354117,19.149576,18.907728,18.674348,18.356491,18.044449,17.760232,17.373361,17.06288,16.712793,16.348947,15.999926,15.658664,15.289834,14.919431,14.562889,14.17172,13.849261,13.440472,13.087677,12.739303,12.345543,11.997422,11.610817,11.296762,10.873921,10.566519,10.16701,9.826587,9.440019,9.089567,8.70999,8.344391,7.981719,7.596975,7.24799,6.873532,6.511914,6.148018,5.785181,5.412117,5.049343,4.672381,4.315214,3.9444,3.582035,3.212154,2.842446,2.483295,2.114844,1.741401,1.380358,1.008768,0.646215942,0.275492354,-0.091672177,-0.459216569,-0.824651258,-1.192411,-1.558465,-1.925983,-2.296287,-2.666603,-3.035049,-3.39818,-3.771784,-4.133791,-4.511308,-4.589772],"unit":"mW\/cm2"},"timestamps":{"value":[0.019,0.041,0.065,0.087,0.115,0.138,0.162,0.184,0.206,0.229,0.252,0.275,0.299,0.322,0.345,0.367,0.389,0.41,0.431,0.453,0.475,0.497,0.521,0.543,0.565,0.587,0.612,0.634,0.656,0.677,0.7,0.722,0.743,0.765,0.788,0.811,0.833,0.855,0.878,0.899,0.921,0.956,0.977,0.998,1.02,1.042,1.065,1.088,1.111,1.133,1.155,1.177,1.198,1.22,1.241,1.267,1.287,1.309,1.332,1.354,1.375,1.398,1.423,1.443,1.466,1.488,1.509,1.533,1.555,1.578,1.6,1.621,1.642,1.664,1.687,1.71,1.733,1.756,1.779,1.816,1.842,1.867,1.889,1.912,1.934,1.956,1.983,2.009,2.037,2.059,2.08,2.104,2.127,2.152,2.176,2.201,2.226,2.247,2.267,2.29,2.313,2.336,2.359,2.382,2.403,2.423,2.444,2.468],"unit":"s"},"p_max":{"unit":"mW","value":1.8858},"v_p_max":{"unit":"V","value":0.940180302},"i_p_max":{"unit":"mA","value":2.005786},"j_p_max":{"unit":"mA\/cm2","value":21.002992},"voc":{"unit":"V","value":1.139445},"isc":{"unit":"mA","value":2.193192},"jsc":{"unit":"mA\/cm2","value":22.965358},"fill_factor":{"unit":"%","value":75.461517},"efficiency":{"unit":"%","value":19.746599},"r_s":{"unit":"ohms","value":41.569086},"r_sh":{"unit":"ohms","value":5908.239},"cell_dimension":{"value":0.09549999833271032,"unit":"cm2"},"sweep_direction":{"unit":"","value":"Reverse"},"key":"reverse4_4cell_231019"},{"V":{"value":[1.500227,1.484217,1.468218,1.452247,1.436236,1.420238,1.404243,1.388227,1.372216,1.356212,1.340205,1.324229,1.308211,1.292212,1.276208,1.260213,1.2442,1.228193,1.212223,1.19622,1.180214,1.164196,1.148193,1.132179,1.116171,1.100206,1.084206,1.068199,1.05219,1.036183,1.020189,1.004169,0.988188982,0.972180605,0.956173658,0.940188646,0.924171925,0.908163786,0.892163515,0.876163483,0.860180855,0.844163179,0.828164339,0.812157392,0.796147585,0.780139208,0.764143229,0.748168945,0.732166052,0.716156483,0.700152159,0.684131384,0.668118954,0.652124405,0.636155605,0.620150089,0.604152441,0.588119745,0.572130442,0.556128979,0.540115118,0.524131298,0.508133888,0.492122889,0.476114511,0.460108757,0.444112778,0.428111315,0.412123442,0.396123171,0.380120277,0.364105225,0.348098278,0.332087278,0.316085577,0.300076008,0.284105778,0.268085241,0.252104044,0.236097097,0.2200737,0.204081058,0.188084602,0.172082424,0.156073809,0.140067577,0.124073982,0.108077526,0.092071295,0.076065302,0.060071468,0.044076443,0.028062105,0.012009501,-0.003993869,-0.01999405,-0.035936117,-0.051939487,-0.067923784,-0.083939314,-0.099953651,-0.115946054,-0.131943941,-0.147947311,-0.16394949,-0.179952621,-0.195947886,-0.199944019],"unit":"V"},"I":{"value":[-0.012002751,-0.012894318,-0.012596011,-0.012064055,-0.011463299,-0.010834873,-0.010171682000000001,-0.0095108,-0.008831114,-0.008153230000000001,-0.007478058,-0.006806761,-0.006146848,-0.005491853,-0.004854754,-0.004232079,-0.003623754,-0.003041372,-0.002479807,-0.0019451380000000001,-0.001436353,-0.000964313746,-0.000525638461,-0.00012698769600000002,0.000236928463,0.000559076667,0.000837266445,0.00108327,0.001286,0.00145787,0.0015971359999999999,0.001714215,0.001807287,0.001884893,0.00194177,0.001992747,0.002029851,0.002065226,0.002083942,0.002108783,0.0021286900000000004,0.002143323,0.002154484,0.0021666880000000004,0.002178133,0.002177298,0.002186313,0.002186522,0.002190411,0.002191111,0.0021921400000000004,0.002200127,0.0021923479999999998,0.002200127,0.002194718,0.0021972809999999997,0.002196997,0.002197549,0.002196863,0.0021899190000000002,0.002198249,0.002194777,0.002198249,0.002197206,0.002200946,0.0022040750000000002,0.002195954,0.002203375,0.002197549,0.0022035239999999997,0.0022012290000000003,0.002201021,0.002200469,0.002200812,0.0021983239999999998,0.0021991429999999998,0.002196103,0.00220865,0.002198592,0.002207056,0.002202064,0.002206981,0.0021996349999999997,0.0021988,0.002202898,0.0022016469999999997,0.002207607,0.002203867,0.00220491,0.002201363,0.00220567,0.00220269,0.002202898,0.0021998440000000003,0.002201572,0.0022067130000000003,0.002200261,0.002205744,0.002204284,0.002201572,0.00220269,0.002202824,0.002208307,0.002205387,0.002208173,0.00221011,0.00219804,0.002211422],"unit":"A"},"resistance":{"value":[-124.990238,-115.106281,-116.562165,-120.377992,-125.289903,-131.08029,-138.05421,-145.963216,-155.384253,-166.340416,-179.218275,-194.546128,-212.826321,-235.296273,-262.87805,-297.776444,-343.345554,-403.828577,-488.837559,-614.979347,-821.67433,-1207.28,-2184.379,-8915.663,4711.005,1967.899,1294.936,986.088119,818.187852,710.751053,638.761583,585.789376,546.780228,515.775071,492.423667,471.805281,455.290506,439.740539,428.113349,415.48309,404.08921,393.857115,384.390967,374.838106,365.51843,358.306113,349.512231,342.173088,334.259653,326.846215,319.392137,310.95091,304.750377,296.403121,289.857623,282.235282,274.990057,267.625347,260.430607,253.949525,245.702417,238.808438,231.153916,223.97667,216.322647,208.753632,202.241355,194.297972,187.537793,179.768022,172.68545,165.425624,158.192739,150.893063,143.784826,136.451329,129.368128,121.379679,114.666143,106.973784,99.939747,92.470684,85.507191,78.261956,70.849304,63.619465,56.202929,49.039953,41.757395,34.553723,27.235022,20.010283,12.73872,5.459253,-1.814099,-9.060558,-16.332663,-23.547374,-30.814442,-38.126989,-45.378,-52.635193,-59.748902,-67.08452,-74.24666,-81.422457,-89.146623,-90.414242],"unit":"ohms"},"conductance":{"value":[-0.008000625,-0.008687623,-0.008579113,-0.008307166,-0.007981489,-0.007628912,-0.007243531,-0.006851041,-0.006435659,-0.006011768,-0.005579788,-0.005140169,-0.004698667,-0.004249961,-0.003804045,-0.003358224,-0.002912518,-0.002476298,-0.002045669,-0.001626071,-0.001217027,-0.00082830858,-0.000457796117,-0.000112162158,0.000212268942,0.000508156178,0.000772239021,0.001014108,0.001222213,0.001406962,0.001565529,0.001707098,0.001828888,0.00193883,0.002030772,0.002119518,0.0021964,0.002274068,0.00233583,0.002406837,0.002474701,0.002538992,0.002601518,0.002667818,0.00273584,0.00279091,0.00286113,0.002922498,0.002991686,0.003059543,0.003130947,0.003215942,0.003281374,0.003373784,0.00344997,0.003543143,0.003636495,0.003736567,0.003839794,0.00393779,0.004069964,0.004187457,0.004326122,0.004464751,0.004622724,0.004790336,0.004944587,0.005146734,0.005332259,0.005562725,0.005790876,0.006045013,0.006321403,0.00662721,0.006954837,0.00732862,0.007729879,0.008238611,0.00872097,0.009348085,0.010006029,0.010814238,0.011694923,0.0127776,0.014114465,0.01571846,0.017792667,0.020391537,0.023947854,0.028940442,0.036717429,0.049974306,0.07850082,0.183175258,-0.551237949,-0.110368481,-0.061227003,-0.042467581,-0.032452315,-0.02622814,-0.02203711,-0.018998695,-0.016736709,-0.014906569,-0.013468619,-0.012281624,-0.011217475,-0.011060204],"unit":"S"},"power":{"value":[-18.006848,-19.137964,-18.493694,-17.519983,-16.463999,-15.388101,-14.283518,-13.20315,-12.118195,-11.057506,-10.022129,-9.01371,-8.041375,-7.096641,-6.195676,-5.333322,-4.508674,-3.735391,-3.006077,-2.326812,-1.695204,-1.12265,-0.60353459,-0.143772866,0.264452708,0.615099713,0.90776959,1.157148,1.353116,1.51062,1.629381,1.721361,1.785941,1.832456,1.85667,1.873558,1.875931,1.875564,1.859217,1.847638,1.831059,1.809315,1.784267,1.759692,1.734115,1.698596,1.670656,1.635888,1.603745,1.569179,1.534831,1.505176,1.464749,1.434756,1.396182,1.362644,1.327321,1.292422,1.256892,1.217878,1.187308,1.150351,1.117005,1.081295,1.047902,1.014114,0.975251374,0.943289811,0.905661353,0.872866959,0.836731905,0.801403143,0.7659796,0.730861701,0.694858386,0.659910104,0.623925646,0.592106498,0.554273891,0.521079442,0.484616328,0.450403056,0.413717457,0.378374911,0.343814722,0.308379301,0.273906596,0.238188476,0.203008911,0.167447375,0.132497828,0.097086724,0.061817963,0.026419024,-0.00879279,-0.04412113,-0.079068828,-0.114565233,-0.149723316,-0.184798448,-0.220166873,-0.255408723,-0.29137278,-0.326281041,-0.362028881,-0.397715165,-0.430701385,-0.442160549],"unit":"mW"},"J":{"value":[-0.12568325900000002,-0.135019031,-0.13189540500000002,-0.126325179,-0.120034549,-0.11345416500000001,-0.106509755,-0.099589531,-0.092472393,-0.08537413599999999,-0.078304276,-0.071274985,-0.064364903,-0.057506312000000004,-0.050835116,-0.044314961,-0.037945066,-0.031846824,-0.025966561,-0.020367937000000003,-0.015040343,-0.010097526,-0.005504068,-0.001329714,0.002480926,0.005854206,0.008767188,0.011343138,0.013465969,0.015265655000000001,0.01672394,0.017949892,0.018924475,0.019737095,0.020332673,0.020866463,0.021254985,0.021625408,0.021821385,0.022081492,0.022289953,0.022443176999999998,0.022560046,0.022687837,0.022807670999999998,0.022798933,0.022893333,0.022895517,0.022936242,0.022943575,0.022954342,0.023037975,0.022956526,0.023037975,0.022981335000000002,0.023008173,0.023005208,0.023010982,0.023003804,0.022931093,0.023018315,0.022981959,0.023018315,0.023007393,0.023046557,0.023079324,0.022994286,0.023071991,0.023010982,0.023073550999999998,0.023049522,0.023047336999999998,0.023041564,0.023045153,0.023019095,0.023027677,0.022995846,0.023127226,0.023021904,0.023110531,0.02305826,0.023109750999999998,0.023032826,0.023024087999999998,0.023066998000000002,0.023053891,0.023116304,0.02307714,0.023088062,0.023050926,0.02309602,0.023064813,0.023066998000000002,0.023035011,0.023053111,0.023106942,0.02303938,0.0230968,0.023081509,0.023053111,0.023064813,0.023066217000000003,0.023123638,0.023093055,0.023122233000000002,0.023142517999999997,0.023016131000000002,0.023156248],"unit":"A\/cm2"},"power_density":{"value":[-188.553385,-200.397532,-193.651251,-183.45532,-172.3979,-161.131945,-149.565628,-138.252875,-126.892097,-115.785398,-104.94376,-94.384402,-84.202879,-74.310374,-64.87619,-55.846307,-47.211242,-39.11404,-31.477251,-24.364527,-17.750826,-11.755502,-6.319734,-1.505475,2.769138,6.440835,9.505441,12.116734,14.168752,15.818006,17.061584,18.024721,18.700957,19.188021,19.441567,19.618411,19.643261,19.639412,19.468244,19.346997,19.173391,18.945704,18.683426,18.426095,18.158272,17.786341,17.493785,17.129715,16.793138,16.43119,16.071532,15.761002,15.33769,15.023626,14.619705,14.268521,13.898653,13.533213,13.161177,12.752645,12.43254,12.045564,11.696386,11.322465,10.9728,10.618999,10.212056,9.87738,9.483365,9.139968,8.761591,8.391656,8.020729,7.653002,7.276004,6.910053,6.533253,6.200068,5.803915,5.456329,5.074517,4.716262,4.33212,3.962041,3.600154,3.229103,2.868132,2.49412,2.125748,1.753376,1.387412,1.016615,0.647308511,0.276638995,-0.0920711,-0.46200136,-0.827945847,-1.199636,-1.567783,-1.935062,-2.305412,-2.674437,-3.051024,-3.416555,-3.790878,-4.164557,-4.509962,-4.629953],"unit":"mW\/cm2"},"timestamps":{"value":[0.018,0.042,0.065,0.087,0.109,0.132,0.155,0.18,0.204,0.227,0.251,0.275,0.297,0.321,0.345,0.366,0.389,0.412,0.436,0.469,0.494,0.52,0.541,0.563,0.586,0.611,0.633,0.654,0.677,0.701,0.723,0.746,0.769,0.804,0.828,0.849,0.872,0.895,0.916,0.939,0.962,0.983,1.005,1.029,1.051,1.075,1.097,1.119,1.143,1.164,1.187,1.211,1.232,1.254,1.276,1.299,1.321,1.344,1.366,1.391,1.414,1.436,1.459,1.481,1.504,1.528,1.55,1.573,1.597,1.62,1.645,1.676,1.699,1.721,1.742,1.765,1.789,1.811,1.834,1.856,1.876,1.902,1.925,1.951,1.973,1.996,2.021,2.056,2.079,2.1,2.13,2.154,2.177,2.2,2.222,2.248,2.273,2.297,2.319,2.342,2.365,2.387,2.41,2.438,2.462,2.485,2.507,2.53],"unit":"s"},"p_max":{"unit":"mW","value":1.875931},"v_p_max":{"unit":"V","value":0.924171925},"i_p_max":{"unit":"mA","value":2.029851},"j_p_max":{"unit":"mA\/cm2","value":21.254985},"voc":{"unit":"V","value":1.126593},"isc":{"unit":"mA","value":2.201141},"jsc":{"unit":"mA\/cm2","value":23.048594},"fill_factor":{"unit":"%","value":75.648782},"efficiency":{"unit":"%","value":19.643261},"r_s":{"unit":"ohms","value":32.176386},"r_sh":{"unit":"ohms","value":6262.989},"cell_dimension":{"value":0.0954999981341986,"unit":"cm2"},"sweep_direction":{"unit":"","value":"Reverse"},"key":"reverse4_3cell_231019"},{"V":{"value":[1.500224,1.48422,1.46822,1.452247,1.436234,1.42024,1.404242,1.388224,1.372219,1.356212,1.340205,1.32423,1.308214,1.292218,1.276214,1.260216,1.244196,1.228193,1.212224,1.196213,1.180214,1.164192,1.148196,1.132182,1.11617,1.100206,1.084208,1.068202,1.052197,1.036181,1.020187,1.004167,0.988190413,0.972187519,0.956187248,0.940177679,0.924173355,0.908160925,0.892163515,0.876164675,0.860163212,0.844163179,0.828165531,0.812157392,0.796147585,0.780140638,0.764140368,0.748171568,0.732166052,0.716155052,0.700150728,0.684131384,0.668121815,0.652122974,0.636158228,0.620150089,0.604142904,0.588134766,0.572130442,0.556130171,0.54010272,0.524143696,0.508157015,0.492125511,0.476115942,0.460113049,0.444111347,0.428105831,0.412126064,0.396119118,0.380123138,0.364107847,0.348096848,0.332084417,0.316082954,0.300076008,0.284103155,0.268101454,0.252093315,0.236088991,0.220076561,0.204070091,0.188084602,0.172077179,0.156072378,0.140074492,0.124072552,0.108076096,0.092067242,0.076066732,0.060070038,0.044069529,0.028063536,0.012008369,-0.003992319,-0.019993782,-0.03594017,-0.051942348,-0.067937374,-0.083939314,-0.099951029,-0.115950108,-0.131957769,-0.147947311,-0.163945198,-0.179954052,-0.195946455,-0.199948072],"unit":"V"},"I":{"value":[-0.008745939,-0.009398654000000001,-0.009221166,-0.008851573,-0.008446543999999999,-0.007987201,-0.007511556,-0.007029459,-0.006533161,-0.0060430910000000004,-0.005541995,-0.005047977,-0.0045561049999999995,-0.0040665269999999995,-0.0035884529999999997,-0.003114194,-0.0026536140000000003,-0.00220412,-0.001768902,-0.001349866,-0.000949814916,-0.000570997596,-0.000212430954,0.000121101737,0.00042223930399999996,0.0007010549310000001,0.0009472668170000001,0.00116165,0.001348779,0.001506492,0.0016412439999999998,0.0017426459999999998,0.001835659,0.001908123,0.001960084,0.002009809,0.0020442010000000003,0.002079517,0.0021036419999999998,0.00211814,0.002139717,0.002150252,0.002161771,0.0021676570000000004,0.002180219,0.00217855,0.0021854939999999996,0.0021905450000000003,0.002191454,0.002190337,0.002196923,0.002189651,0.002200946,0.002196729,0.0021988750000000003,0.002196923,0.002201438,0.002197132,0.002196237,0.002201572,0.002199218,0.0022062210000000004,0.0021983830000000004,0.00219804,0.0022017210000000002,0.002200395,0.0021998440000000003,0.002208173,0.002197698,0.002205744,0.002200946,0.002202064,0.002203315,0.0022035239999999997,0.002203166,0.002199084,0.002209827,0.002199978,0.002207547,0.0022043590000000004,0.0022105280000000002,0.002203867,0.002205253,0.002210245,0.0022071900000000004,0.002201855,0.0022085159999999998,0.00221011,0.002207056,0.002211705,0.002205327,0.0022062210000000004,0.002207056,0.002204627,0.0022063549999999997,0.002209827,0.002205804,0.002209902,0.0022044929999999996,0.002203658,0.00220643,0.002209768,0.002204418,0.002211705,0.002200887,0.0022105280000000002,0.002208993,0.002209276],"unit":"A"},"resistance":{"value":[-171.533777,-157.918333,-159.222755,-164.06651,-170.038085,-177.814437,-186.944224,-197.486661,-210.039007,-224.423489,-241.827117,-262.328937,-287.134313,-317.769439,-355.644527,-404.668549,-468.868436,-557.225885,-685.297458,-886.171237,-1242.573,-2038.874,-5405.031,9349.016,2643.453,1569.358,1144.564,919.55596,780.110612,687.810404,621.593652,576.231353,538.330013,509.499266,487.829769,467.794537,452.095171,436.717314,424.104326,413.648052,401.998524,392.587938,383.095855,374.670617,365.168681,358.100903,349.641989,341.545825,334.100553,326.961188,318.696086,312.438531,303.561173,296.860887,289.31078,282.281226,274.431039,267.683005,260.504821,252.605936,245.588568,237.575312,231.150335,223.892833,216.247166,209.104763,201.883153,193.873296,187.52627,179.585232,172.708963,165.348455,157.987745,150.706051,143.467576,136.455027,128.56351,121.865536,114.196104,107.100992,99.558384,92.59638,85.289367,77.854362,70.7109,63.616578,56.17915,48.900767,41.714961,34.392804,27.238606,19.975118,12.715373,5.446894,-1.809463,-9.047667,-16.293456,-23.504369,-30.817691,-38.090895,-45.29989,-52.471627,-59.860588,-66.892882,-74.490525,-81.407736,-88.703979,-90.503892],"unit":"ohms"},"conductance":{"value":[-0.005829756,-0.006332387,-0.006280509,-0.006095089,-0.005881035,-0.00562384,-0.005349189,-0.005063633,-0.00476102,-0.004455862,-0.004135186,-0.003812008,-0.003482691,-0.003146936,-0.002811796,-0.002471158,-0.002132794,-0.001794604,-0.00145922,-0.00112845,-0.000804781829,-0.000490466877,-0.0001850128,0.000106963124,0.00037829311,0.000637203116,0.000873694914,0.001087481,0.00128187,0.001453889,0.001608768,0.001735414,0.001857597,0.001962711,0.002049895,0.002137691,0.002211924,0.002289811,0.00235791,0.002417514,0.002487571,0.0025472,0.002610313,0.002669011,0.00273846,0.002792509,0.002860068,0.002927865,0.002993111,0.003058467,0.003137786,0.00320063,0.003294229,0.003368581,0.003456491,0.003542566,0.003643903,0.003735762,0.003838701,0.003958735,0.004071851,0.004209192,0.004326189,0.004466423,0.004624338,0.004782292,0.00495336,0.005158008,0.005332586,0.005568387,0.005790087,0.006047834,0.006329605,0.006635434,0.006970216,0.007328422,0.007778257,0.008205765,0.008756866,0.009336982,0.010044358,0.010799558,0.011724791,0.012844495,0.014142091,0.015719173,0.017800198,0.020449577,0.023972215,0.029075849,0.036712598,0.050062283,0.078644962,0.183590861,-0.552650045,-0.110525727,-0.061374333,-0.042545281,-0.032448895,-0.026252993,-0.022075109,-0.019057918,-0.016705482,-0.014949274,-0.013424526,-0.012283845,-0.011273451,-0.011049249],"unit":"S"},"power":{"value":[-13.120866,-13.949668,-13.538696,-12.854667,-12.131216,-11.34374,-10.548043,-9.758466,-8.964925,-8.195711,-7.427408,-6.684685,-5.96036,-5.254839,-4.579633,-3.924557,-3.301615,-2.707085,-2.144305,-1.614727,-1.120985,-0.664750811,-0.243912368,0.137109222,0.471290713,0.771305104,1.027034,1.240877,1.41918,1.560999,1.674375,1.749908,1.813981,1.855054,1.874207,1.889578,1.889196,1.888536,1.876792,1.85584,1.840506,1.815164,1.790304,1.760479,1.735776,1.699575,1.670024,1.638904,1.604508,1.568621,1.538177,1.498009,1.4705,1.432538,1.398832,1.362422,1.329983,1.292209,1.256534,1.224361,1.187803,1.156377,1.117124,1.081712,1.048275,1.01243,0.976975472,0.945331855,0.905728528,0.87373752,0.836630582,0.801788709,0.766967178,0.731756021,0.696383372,0.659892218,0.627818909,0.589817203,0.556507949,0.520424793,0.486485325,0.449743307,0.414774067,0.380332645,0.344481361,0.308423745,0.274016216,0.238860106,0.203197529,0.168237161,0.132474086,0.097227129,0.061937786,0.026473972,-0.008808475,-0.044182805,-0.079276971,-0.11478749,-0.149767444,-0.184973559,-0.220534932,-0.256222802,-0.290890106,-0.327215786,-0.360824791,-0.397793409,-0.432844316,-0.44174047],"unit":"mW"},"J":{"value":[-0.09158050799999999,-0.09841522600000001,-0.096556716,-0.09268662700000001,-0.088445491,-0.083635615,-0.07865503800000001,-0.073606899,-0.068410061,-0.063278444,-0.058031362999999996,-0.052858398,-0.047707901,-0.042581432999999995,-0.037575423000000004,-0.032609358,-0.027786531,-0.023079792000000002,-0.018522533,-0.014134727,-0.009945706,-0.0059790320000000004,-0.0022244079999999998,0.0012680810000000001,0.004421354,0.007340889,0.009919024,0.012163872,0.014123336,0.015774791,0.017185798,0.018247603,0.019221561999999998,0.019980351,0.020524438,0.021045121000000003,0.021405245,0.021775043,0.022027660999999997,0.022179480999999997,0.022405417,0.022515733,0.022636345999999998,0.022697979,0.022829515,0.022812039,0.022884751000000002,0.022937646000000003,0.022947164,0.022935462,0.023004428,0.022928284,0.023046557,0.023002400000000003,0.023024869,0.023004428,0.023051705999999998,0.023006613000000002,0.022997251,0.023053111,0.023028457,0.023101793000000002,0.023019718999999998,0.023016131000000002,0.023054671,0.023040783999999998,0.023035011,0.023122233000000002,0.023012542,0.0230968,0.023046557,0.02305826,0.023071366000000003,0.023073550999999998,0.023069805999999998,0.023027053,0.023139553,0.023036415,0.02311568,0.023082289,0.023146886,0.02307714,0.023091650999999998,0.023143922,0.023111935,0.023056075,0.023125822,0.023142517999999997,0.023110531,0.023159213,0.023092431,0.023101793000000002,0.023110531,0.023085097000000002,0.023103197000000002,0.023139553,0.023097424000000002,0.023140333,0.023083693,0.023074954999999998,0.023103977,0.023138929000000003,0.023082913,0.023159213,0.023045933,0.023146886,0.023130815,0.023133780000000003],"unit":"A\/cm2"},"power_density":{"value":[-137.391265,-146.069826,-141.766455,-134.603845,-127.028442,-118.782619,-110.450711,-102.182891,-93.873558,-85.818964,-77.773906,-69.996699,-62.412142,-55.024493,-47.954268,-41.094842,-34.571882,-28.346435,-22.45346,-16.90814,-11.738063,-6.960741,-2.554056,1.435699,4.934981,8.076493,10.754283,12.993473,14.860525,16.345542,17.532722,18.323647,18.994563,19.424648,19.625206,19.786153,19.782157,19.775244,19.652276,19.432878,19.272316,19.006952,18.746642,18.434332,18.175663,17.796599,17.487162,17.161295,16.801135,16.425347,16.106567,15.685959,15.397908,15.000393,14.64746,14.266198,13.926525,13.530989,13.157427,12.82053,12.437732,12.108659,11.697632,11.326825,10.976696,10.601365,10.23011,9.898763,9.484068,9.149084,8.76053,8.395693,8.03107,7.662367,7.291972,6.909866,6.57402,6.176096,5.827308,5.449474,5.094087,4.709354,4.343184,3.982541,3.607135,3.229568,2.86928,2.501153,2.127723,1.761646,1.387163,1.018085,0.648563205,0.277214367,-0.092235336,-0.462647178,-0.830125351,-1.201963,-1.568245,-1.936896,-2.309266,-2.682961,-3.04597,-3.426343,-3.77827,-4.165376,-4.532401,-4.625555],"unit":"mW\/cm2"},"timestamps":{"value":[0.019,0.042,0.067,0.089,0.115,0.137,0.16,0.183,0.206,0.231,0.255,0.278,0.301,0.324,0.349,0.371,0.395,0.42,0.441,0.462,0.487,0.515,0.54,0.562,0.586,0.622,0.646,0.669,0.692,0.713,0.736,0.758,0.781,0.803,0.826,0.85,0.873,0.896,0.919,0.942,0.965,0.987,1.008,1.031,1.053,1.076,1.099,1.125,1.148,1.175,1.198,1.222,1.247,1.27,1.292,1.316,1.338,1.36,1.383,1.41,1.432,1.453,1.488,1.512,1.537,1.558,1.581,1.604,1.626,1.649,1.67,1.693,1.714,1.737,1.76,1.783,1.804,1.827,1.851,1.872,1.894,1.924,1.945,1.974,1.994,2.025,2.056,2.078,2.1,2.122,2.157,2.183,2.208,2.232,2.255,2.281,2.306,2.328,2.351,2.379,2.416,2.441,2.463,2.486,2.509,2.534,2.556,2.581],"unit":"s"},"p_max":{"unit":"mW","value":1.889578},"v_p_max":{"unit":"V","value":0.940177679},"i_p_max":{"unit":"mA","value":2.009809},"j_p_max":{"unit":"mA\/cm2","value":21.045121},"voc":{"unit":"V","value":1.137997},"isc":{"unit":"mA","value":2.205924},"jsc":{"unit":"mA\/cm2","value":23.098681},"fill_factor":{"unit":"%","value":75.271959},"efficiency":{"unit":"%","value":19.786153},"r_s":{"unit":"ohms","value":41.352778},"r_sh":{"unit":"ohms","value":5742.952},"cell_dimension":{"value":0.09550000530680612,"unit":"cm2"},"sweep_direction":{"unit":"","value":"Reverse"},"key":"reverse4_2cell_231019"},{"V":{"value":[1.50024,1.484221,1.468221,1.45225,1.436237,1.420242,1.404241,1.388235,1.372219,1.356213,1.340203,1.324225,1.308214,1.29221,1.276218,1.260216,1.244197,1.22819,1.212224,1.196228,1.180226,1.164207,1.14819,1.132182,1.11617,1.100205,1.084213,1.068201,1.052194,1.036183,1.020185,1.004167,0.988186359,0.972184658,0.956186056,0.940176249,0.924171925,0.908163786,0.892162085,0.876163483,0.860180855,0.844172716,0.828177929,0.812153101,0.796149015,0.780136585,0.764143229,0.748168945,0.732163429,0.716159105,0.700150728,0.684131384,0.668121815,0.652124405,0.636155605,0.620150089,0.604141712,0.588134766,0.572134495,0.556124687,0.540113688,0.524131298,0.508132458,0.492132425,0.476113081,0.460113049,0.444110155,0.428107262,0.412127495,0.396117687,0.380119085,0.364106655,0.348095417,0.332082987,0.316085577,0.300076008,0.284105778,0.268102884,0.252090454,0.236088991,0.220076561,0.204078197,0.188085794,0.172064781,0.156060219,0.140074492,0.124072552,0.108073235,0.092072725,0.076065302,0.060068846,0.044075012,0.028060675,0.012004852,-0.003994584,-0.019996732,-0.035941601,-0.051940918,-0.067933321,-0.083939314,-0.099948168,-0.115946054,-0.131943941,-0.147944689,-0.163941145,-0.179951429,-0.195949316,-0.199946642],"unit":"V"},"I":{"value":[-0.003621534,-0.003643945,-0.003539413,-0.003407985,-0.003264144,-0.0031082329999999997,-0.0029460190000000002,-0.0027748499999999997,-0.0025984050000000002,-0.002415091,-0.0022276189999999997,-0.002037793,-0.0018415900000000002,-0.0016455200000000001,-0.001446962,-0.001247212,-0.0010461510000000002,-0.000846415758,-0.000647008419,-0.00044983625399999997,-0.000253841281,-6.2555075e-5,0.000125750899,0.000308290124,0.000487089157,0.000653967261,0.0008188188079999999,0.000973761082,0.0011198220000000001,0.0012576430000000001,0.001383662,0.001501426,0.001605734,0.001698047,0.00178273,0.001846477,0.001916453,0.001962513,0.0020069629999999996,0.002042472,0.002073273,0.0020958039999999997,0.00211224,0.002135694,0.002147272,0.0021537839999999997,0.002170086,0.002174109,0.002184093,0.002181187,0.0021910370000000003,0.002191588,0.002192974,0.0021979060000000003,0.002202824,0.002197132,0.002199918,0.002200261,0.002199978,0.002200603,0.002194017,0.002201572,0.002192765,0.002202272,0.002197072,0.002198935,0.0022006779999999997,0.002200738,0.002199978,0.002197132,0.002202064,0.002199426,0.002199769,0.00220421,0.002200946,0.002199084,0.00220567,0.002197415,0.002203867,0.0022043590000000004,0.0021951939999999997,0.002204284,0.002201363,0.002203166,0.0022040750000000002,0.002200335,0.002203792,0.002199084,0.002198115,0.0021988750000000003,0.00220193,0.002199918,0.002199426,0.002202898,0.002200127,0.00219956,0.00220345,0.002200052,0.002198592,0.0022055950000000003,0.002199426,0.002207398,0.002197966,0.002212539,0.0021983830000000004,0.0022118389999999997,0.0022006779999999997,0.002203107],"unit":"A"},"resistance":{"value":[-414.255541,-407.311592,-414.820441,-426.131435,-440.0042,-456.929134,-476.657063,-500.292025,-528.100381,-561.557807,-601.63031,-649.83278,-710.372062,-785.289371,-881.997858,-1010.426,-1189.309,-1451.048,-1873.583,-2659.252,-4649.466,-18610.912,9130.674,3672.457,2291.51,1682.355,1324.118,1096.984,939.607718,823.90834,737.308004,668.80902,615.410908,572.531091,536.36049,509.172901,482.230354,462.755615,444.533422,428.972014,414.890286,402.791897,392.08522,380.275962,370.772278,362.216718,352.125797,344.12666,335.225391,328.334533,319.552225,312.162366,304.66471,296.70254,288.790968,282.254424,274.620101,267.302302,260.063778,252.714626,246.175688,238.07138,231.731329,223.465736,216.703458,209.24363,201.80606,194.52899,187.332584,180.288565,172.61947,165.546195,158.241804,150.658536,143.613495,136.455027,128.807026,122.008327,114.38552,107.100992,100.253793,92.582531,85.440591,78.098856,70.805298,63.660522,56.299566,49.144669,41.887129,34.592828,27.280093,20.034843,12.758179,5.449572,-1.815616,-9.09124,-16.311515,-23.608949,-30.89856,-38.05744,-45.442836,-52.526111,-60.03002,-66.866468,-74.573507,-81.358287,-89.040431,-90.756669],"unit":"ohms"},"conductance":{"value":[-0.002413969,-0.002455123,-0.002410682,-0.002346694,-0.002272706,-0.002188523,-0.002097944,-0.001998833,-0.001893579,-0.001780761,-0.00166215,-0.001538857,-0.001407713,-0.001273416,-0.00113379,-0.000989681179,-0.000840824254,-0.000689157049,-0.000533736682,-0.000376045648,-0.000215078477,-5.3731919e-5,0.000109520937,0.00027229729,0.000436393463,0.000594404818,0.000755219494,0.000911590101,0.001064274,0.001213727,0.001356285,0.001495195,0.001624931,0.00174663,0.001864418,0.001963969,0.002073698,0.002160968,0.00224955,0.002331154,0.002410276,0.002482672,0.002550466,0.002629669,0.002697073,0.002760778,0.002839894,0.002905907,0.002983068,0.003045674,0.003129379,0.003203461,0.003282297,0.003370379,0.003462712,0.003542903,0.003641394,0.003741083,0.003845211,0.003957033,0.00406214,0.004200421,0.004315342,0.004474959,0.004614601,0.004779118,0.004955253,0.005140622,0.0053381,0.005546663,0.005793089,0.00604061,0.006319443,0.006637526,0.006963134,0.007328422,0.007763552,0.008196162,0.008742365,0.009336982,0.009974685,0.010801174,0.011704039,0.012804285,0.014123237,0.015708322,0.017762126,0.020348087,0.023873682,0.028907727,0.036656767,0.049913044,0.078381091,0.183500655,-0.550777403,-0.109995991,-0.061306385,-0.042356821,-0.032363968,-0.026276071,-0.022005669,-0.01903815,-0.016658332,-0.014955179,-0.013409588,-0.012291311,-0.011230853,-0.011018474],"unit":"S"},"power":{"value":[-5.433171,-5.408419,-5.196641,-4.949245,-4.688085,-4.414444,-4.13692,-3.852143,-3.56558,-3.275378,-2.985463,-2.698497,-2.409193,-2.126357,-1.846639,-1.571757,-1.301618,-1.039559,-0.784319138,-0.538106628,-0.299590162,-0.072827055,0.144385988,0.349040566,0.543674154,0.71949817,0.887774011,1.040172,1.17827,1.303148,1.411592,1.507683,1.586765,1.650815,1.704622,1.736014,1.771132,1.782283,1.790536,1.78954,1.78339,1.76922,1.74931,1.734511,1.709549,1.680246,1.658256,1.626601,1.599113,1.562077,1.534056,1.499334,1.465174,1.433308,1.401339,1.362551,1.329062,1.29405,1.258683,1.22381,1.185019,1.153913,1.114215,1.08381,1.046055,1.011758,0.977343444,0.942151746,0.906671272,0.870322654,0.837046477,0.800825751,0.765729514,0.731980496,0.695687353,0.659892218,0.626643557,0.589133202,0.555573792,0.520424793,0.483110826,0.44984632,0.414045192,0.379087359,0.343968498,0.308210843,0.273430138,0.237662074,0.202386438,0.167258087,0.132267375,0.096961414,0.061717386,0.026445468,-0.008788591,-0.043984021,-0.079195506,-0.114272728,-0.149357644,-0.185136162,-0.219828628,-0.255939137,-0.290008294,-0.32733344,-0.360405461,-0.398023582,-0.431221347,-0.440503822],"unit":"mW"},"J":{"value":[-0.037921817,-0.038156491,-0.037061918,-0.035685707000000004,-0.034179519,-0.032546945,-0.030848368,-0.029056016,-0.027208428,-0.025288909000000002,-0.023325856000000002,-0.021338151,-0.019283663,-0.017230579,-0.015151438000000001,-0.013059815,-0.01095446,-0.008862992,-0.006774957,-0.004710327,-0.002658024,-0.00065502696,0.0013167629999999999,0.003228169,0.0051004100000000005,0.006847825,0.008574019,0.010196451,0.011725888,0.013169038000000001,0.014488609999999999,0.015721739,0.016813970999999997,0.017780596,0.018667332,0.019334841999999998,0.020067573,0.020549872,0.021015318,0.021387145,0.021709666,0.021945588000000002,0.022117692,0.022363288000000002,0.022484525999999998,0.022552712,0.022723413,0.022765542,0.022870084,0.022839657,0.022942795000000002,0.022948568000000003,0.022963079,0.023014726,0.023066217000000003,0.023006613000000002,0.023035791,0.02303938,0.023036415,0.023042967999999997,0.022974002,0.023053111,0.022960895000000002,0.023060444,0.023005989,0.023025493,0.023043749,0.023044373,0.023036415,0.023006613000000002,0.02305826,0.023030642,0.023034231,0.023080728000000002,0.023046557,0.023027053,0.02309602,0.023009577,0.02307714,0.023082289,0.022986328,0.023081509,0.023050926,0.023069805999999998,0.023079324,0.02304016,0.02307636,0.023027053,0.023016911,0.023024869,0.023056854999999998,0.023035791,0.023030642,0.023066998000000002,0.023037975,0.023032046,0.023072771,0.023037195,0.023021904,0.02309524,0.023030642,0.02311412,0.023015351,0.023167951,0.023019718999999998,0.023160616999999998,0.023043749,0.023069182],"unit":"A\/cm2"},"power_density":{"value":[-56.891839,-56.632664,-54.415085,-51.82455,-49.089893,-46.224548,-43.318539,-40.336581,-37.335911,-34.297149,-31.261389,-28.256512,-25.227157,-22.265521,-19.336534,-16.45819,-13.629505,-10.885438,-8.212766,-5.634624,-3.13707,-0.76258696,1.511895,3.654875,5.692923,7.534012,9.296063,10.891855,12.337904,13.645528,14.781066,15.787257,16.615337,17.286023,17.849443,18.178159,18.545888,18.662649,18.74907,18.738636,18.674239,18.525866,18.317384,18.162414,17.901033,17.594196,17.363942,17.032471,16.744639,16.356829,16.063415,15.699836,15.342134,15.008465,14.673703,14.267553,13.916882,13.55026,13.179928,12.814764,12.408573,12.082857,11.667176,11.348792,10.953452,10.59433,10.233963,9.865463,9.49394,9.113326,8.764885,8.38561,8.01811,7.664717,7.284684,6.909866,6.561713,6.168934,5.817527,5.449474,5.058752,4.710433,4.335552,3.969501,3.601764,3.227339,2.863143,2.488608,2.11923,1.751394,1.384999,1.015303,0.646255347,0.276915898,-0.09202713,-0.460565664,-0.829272316,-1.196573,-1.563954,-1.938599,-2.30187,-2.679991,-3.036736,-3.427575,-3.773879,-4.167786,-4.515407,-4.612605],"unit":"mW\/cm2"},"timestamps":{"value":[0.019,0.043,0.067,0.09,0.114,0.138,0.162,0.186,0.209,0.232,0.256,0.278,0.301,0.324,0.349,0.37,0.406,0.427,0.453,0.476,0.502,0.524,0.545,0.568,0.591,0.613,0.637,0.658,0.68,0.703,0.725,0.748,0.777,0.8,0.823,0.847,0.867,0.891,0.913,0.934,0.956,0.979,1.003,1.026,1.057,1.08,1.102,1.125,1.147,1.171,1.193,1.216,1.248,1.273,1.308,1.331,1.355,1.377,1.4,1.423,1.444,1.467,1.489,1.509,1.532,1.552,1.577,1.601,1.621,1.644,1.667,1.693,1.715,1.744,1.766,1.794,1.818,1.839,1.876,1.9,1.921,1.944,1.967,1.995,2.017,2.038,2.059,2.08,2.104,2.127,2.149,2.173,2.207,2.233,2.254,2.286,2.309,2.33,2.353,2.376,2.399,2.422,2.445,2.466,2.487,2.508,2.529,2.556],"unit":"s"},"p_max":{"unit":"mW","value":1.790536},"v_p_max":{"unit":"V","value":0.892162085},"i_p_max":{"unit":"mA","value":2.006963},"j_p_max":{"unit":"mA\/cm2","value":21.015318},"voc":{"unit":"V","value":1.158886},"isc":{"unit":"mA","value":2.200819},"jsc":{"unit":"mA\/cm2","value":23.045221},"fill_factor":{"unit":"%","value":70.203379},"efficiency":{"unit":"%","value":18.74907},"r_s":{"unit":"ohms","value":93.42907},"r_sh":{"unit":"ohms","value":5100.769},"cell_dimension":{"value":0.0955000125653262,"unit":"cm2"},"sweep_direction":{"unit":"","value":"Reverse"},"key":"reverse4_1cell_231019"},{"V":{"value":[-0.199942589,-0.183948755,-0.167950869,-0.151932478,-0.135936022,-0.119939566,-0.103946924,-0.087940931,-0.071936131,-0.055945158,-0.039940357,-0.023930311,-0.007994264,0.008007199,0.024057865,0.040066719,0.056072712,0.072065115,0.088067055,0.104071856,0.120073795,0.136071682,0.152073622,0.168078184,0.184082985,0.200069904,0.216065645,0.232076645,0.248082161,0.264082432,0.280086756,0.296107292,0.3121171,0.328083038,0.344088554,0.360100985,0.376102686,0.392101288,0.408113718,0.424119472,0.440126419,0.456104755,0.472109079,0.488124132,0.504132509,0.520128489,0.536128759,0.55215621,0.568122149,0.584112883,0.600126505,0.61614728,0.632147312,0.648147583,0.664162636,0.680134296,0.696138382,0.712144136,0.728138685,0.744156599,0.760159492,0.776178837,0.792147636,0.808151722,0.824157476,0.840165853,0.856169939,0.872189283,0.888174295,0.904171944,0.920156956,0.9361763,0.952184677,0.96818471,0.98418498,1.000199,1.01621,1.032172,1.048172,1.064179,1.080186,1.096194,1.112201,1.128214,1.144189,1.160199,1.176191,1.192206,1.208202,1.224215,1.240217,1.25619,1.272214,1.288215,1.304222,1.320222,1.336239,1.352233,1.368205,1.384212,1.400218,1.416227,1.432231,1.448253,1.464254,1.480258,1.496225,1.500233],"unit":"V"},"I":{"value":[0.002194777,0.002186462,0.002197415,0.002191722,0.002193108,0.0021938089999999997,0.0021929140000000002,0.002193943,0.0021891,0.002194718,0.002188608,0.00218986,0.0021913049999999997,0.002193734,0.002195612,0.0021928399999999997,0.0021900680000000003,0.002194017,0.002192557,0.002194226,0.002190128,0.002194017,0.002191931,0.002190337,0.002191246,0.002193183,0.0021938089999999997,0.002186313,0.002194509,0.002191246,0.0021899190000000002,0.002190903,0.0021840329999999997,0.0021878479999999996,0.0021850019999999997,0.002189577,0.0021913049999999997,0.0021886830000000003,0.002189711,0.002189294,0.002186313,0.002188608,0.002185836,0.0021845099999999998,0.0021796669999999997,0.002183884,0.002184927,0.002179936,0.002189025,0.002180487,0.0021850019999999997,0.00217703,0.002185419,0.002178475,0.0021827070000000003,0.002186671,0.002180278,0.002180219,0.0021816049999999997,0.00217557,0.002176613,0.0021699519999999997,0.002175912,0.002161905,0.002163783,0.002157331,0.002153382,0.00214152,0.002128333,0.00211072,0.0020874139999999997,0.0020549599999999998,0.002025276,0.001971945,0.0019133389999999998,0.0018303100000000001,0.001723081,0.00160116,0.0014458750000000001,0.001263529,0.0010472090000000001,0.000803560019,0.000528424978,0.00022131204600000002,-0.000107288361,-0.00046564638600000004,-0.000849738717,-0.0012499240000000001,-0.001674995,-0.002119496,-0.002576619,-0.003053367,-0.0035437940000000003,-0.004048556,-0.004567891,-0.005093679,-0.005630836,-0.006186441,-0.006755307,-0.007334977,-0.007928446,-0.008527055,-0.009141833,-0.009764150000000001,-0.010391057,-0.01102823,-0.011674136,-0.011847258],"unit":"A"},"resistance":{"value":[-91.099267,-84.13077,-76.431123,-69.321041,-61.983272,-54.671847,-47.401267,-40.083514,-32.861056,-25.490824,-18.249205,-10.927783,-3.648175,3.650032,10.95725,18.271611,25.603179,32.846195,40.166372,47.429875,54.825013,62.019424,69.378836,76.736236,84.008378,91.223546,98.488833,106.149767,113.046778,120.517042,127.898206,135.153092,142.908575,149.956955,157.477457,164.461467,171.634099,179.149455,186.377913,193.724355,201.30986,208.399469,215.985548,223.447858,231.288737,238.166678,245.375999,253.290151,259.532018,267.881856,274.657192,283.021972,289.256776,297.523499,304.283891,311.036424,319.288772,326.638854,333.762918,342.051397,349.23968,357.694046,364.053115,373.814603,380.887355,389.44698,397.593207,407.275733,417.309865,428.3714,440.811856,455.569214,470.150478,490.979529,514.380897,546.464154,589.763288,644.640137,724.939617,842.227516,1031.49,1364.172,2104.748,5097.841,-10664.616,-2491.588,-1384.179,-953.822487,-721.316929,-577.596884,-481.335138,-411.411482,-358.997628,-318.191259,-285.519511,-259.188336,-237.307371,-218.580198,-202.537798,-188.713877,-176.606809,-166.086331,-156.667869,-148.323554,-140.914801,-134.224437,-128.165833,-126.631281],"unit":"ohms"},"conductance":{"value":[-0.010977037,-0.011886258,-0.013083675,-0.014425634,-0.016133385,-0.01829095,-0.021096483,-0.024947913,-0.030431158,-0.039229803,-0.054796907,-0.091509873,-0.274109669,0.273970232,0.091263775,0.054729712,0.03905765,0.030444927,0.024896448,0.021083758,0.01823985,0.016123981,0.014413617,0.013031653,0.011903575,0.010962082,0.010153435,0.009420652,0.008845896,0.008297582,0.007818718,0.007399017,0.006997481,0.00666858,0.006350115,0.006080452,0.005826348,0.005581932,0.005365443,0.005161974,0.004967467,0.004798477,0.004629939,0.004475317,0.0043236,0.00419874,0.004075378,0.003948041,0.003853089,0.003732989,0.003640902,0.003533295,0.003457136,0.003361079,0.003286405,0.003215058,0.003131961,0.003061485,0.002996139,0.002923537,0.002863363,0.002795685,0.002746852,0.002675123,0.002625448,0.002567744,0.002515134,0.002455339,0.002396301,0.002334423,0.002268542,0.002195056,0.002126979,0.002036745,0.001944085,0.001829946,0.001695596,0.001551253,0.001379425,0.001187328,0.000969471009,0.000733045266,0.000475116347,0.000196161469,-9.3768031e-5,-0.000401350471,-0.00072244969,-0.001048413,-0.001386353,-0.001731311,-0.002077555,-0.002430657,-0.002785534,-0.003142764,-0.003502388,-0.003858198,-0.004213944,-0.00457498,-0.00493735,-0.005299027,-0.005662296,-0.006020965,-0.00638293,-0.006742018,-0.007096487,-0.007450208,-0.007802391,-0.007896943],"unit":"S"},"power":{"value":[-0.438829421,-0.402197015,-0.369057697,-0.332993814,-0.298122404,-0.263124445,-0.227946716,-0.192937361,-0.157475368,-0.122783819,-0.087413787,-0.052404025,-0.017517873,0.017565664,0.052821728,0.087859903,0.122803073,0.1581121,0.193092025,0.228357149,0.262976977,0.298543607,0.333334887,0.368147796,0.403371023,0.438789854,0.474006661,0.507392249,0.544418513,0.578669455,0.613367407,0.648742304,0.681674169,0.717795849,0.751834169,0.788468699,0.824155757,0.858185249,0.89365099,0.928522006,0.962254231,0.998234539,1.031953,1.066312,1.098841,1.1359,1.171402,1.203665,1.243634,1.27365,1.311278,1.341371,1.381507,1.411973,1.449673,1.48723,1.517775,1.55263,1.588511,1.618964,1.654573,1.684271,1.723644,1.747147,1.783298,1.812515,1.843661,1.867811,1.890331,1.908454,1.920749,1.923804,1.928437,1.909207,1.883079,1.830673,1.751012,1.652672,1.515525,1.344621,1.13118,0.880857886,0.587714902,0.24968727,-0.122758175,-0.540242438,-0.999454907,-1.490167,-2.023732,-2.594718,-3.195568,-3.83561,-4.508463,-5.215411,-5.957545,-6.724788,-7.524142,-8.365512,-9.242646,-10.153164,-11.101549,-12.076249,-13.09322,-14.140963,-15.215143,-16.324626,-17.467138,-17.773652],"unit":"mW"},"J":{"value":[0.022981959,0.022894893,0.023009577,0.022949973,0.022964484,0.022971817000000002,0.022962455,0.022973222,0.022922511,0.022981335000000002,0.022917362,0.022930469,0.022945603999999998,0.022971037,0.022990697,0.022961675,0.022932652999999997,0.022974002,0.022958711,0.022976186,0.022933277000000002,0.022974002,0.022952157,0.022935462,0.02294498,0.022965264000000003,0.022971817000000002,0.022893333,0.022979151000000003,0.02294498,0.022931093,0.022941391,0.02286946,0.022909403999999998,0.022879602,0.022927503999999998,0.022945603999999998,0.022918142,0.022928908,0.022924539,0.022893333,0.022917362,0.02288834,0.022874453,0.022823742,0.022867899,0.022878822,0.022826550999999997,0.022921731,0.022832324,0.022879602,0.022796123999999997,0.022883971,0.022811259,0.022855573,0.022897077,0.022830139,0.022829515,0.022844026,0.022780833,0.022791754999999997,0.022722008,0.022784422,0.02263775,0.022657411,0.022589848,0.0225485,0.022424297,0.022286208,0.022101777,0.021857741,0.021517901,0.021207083,0.02064864,0.020034962,0.019165546,0.018042732000000002,0.016766069,0.015140048,0.013230671,0.010965538,0.008414241000000001,0.005533246,0.002317404,-0.001123438,-0.004875878,-0.008897788,-0.013088213,-0.017539213,-0.02219368,-0.026980308,-0.031972431,-0.037107792,-0.042393257,-0.047831322999999995,-0.053336951,-0.058961632,-0.064779483,-0.07073620200000001,-0.07680604599999999,-0.08302037599999999,-0.089288538,-0.095725996,-0.10224240600000001,-0.10880687500000001,-0.11547885,-0.122242261,-0.124055054],"unit":"A\/cm2"},"power_density":{"value":[-4.595072,-4.211487,-3.864479,-3.486846,-3.121701,-2.75523,-2.386877,-2.020287,-1.648957,-1.285694,-0.915327616,-0.548733249,-0.183433223,0.183933656,0.553107096,0.919998989,1.285896,1.655624,2.021906,2.391174,2.753686,3.126111,3.490418,3.854951,4.22378,4.594658,4.963421,5.313008,5.700717,6.059366,6.422695,6.793113,7.137949,7.516187,7.872609,8.256217,8.629903,8.986233,9.357602,9.722744,10.075961,10.452718,10.805793,11.165572,11.50619,11.894246,12.265994,12.603822,13.022343,13.336654,13.730655,14.04577,14.466041,14.785063,15.179817,15.573088,15.892936,16.257905,16.633619,16.952507,17.325369,17.636342,18.048626,18.294737,18.673274,18.979219,19.305347,19.558232,19.794037,19.983806,20.112552,20.144549,20.193059,19.991698,19.718109,19.169352,18.335201,17.305462,15.869371,14.079801,11.84482,9.223643,6.154083,2.614526,-1.285426,-5.656989,-10.465496,-15.603844,-21.190914,-27.169826,-33.461448,-40.163457,-47.209042,-54.611637,-62.382669,-70.416624,-78.786824,-87.596981,-96.781631,-106.315852,-116.246586,-126.452869,-137.101779,-148.072912,-159.320865,-170.93849,-182.901971,-186.111536],"unit":"mW\/cm2"},"timestamps":{"value":[0.033,0.057,0.08,0.105,0.127,0.15,0.172,0.195,0.217,0.238,0.261,0.284,0.307,0.33,0.357,0.387,0.41,0.433,0.456,0.477,0.501,0.525,0.546,0.568,0.591,0.614,0.638,0.661,0.682,0.706,0.729,0.752,0.776,0.799,0.823,0.846,0.87,0.907,0.93,0.953,0.975,0.999,1.021,1.044,1.067,1.09,1.112,1.136,1.158,1.173,1.197,1.217,1.24,1.262,1.284,1.323,1.345,1.368,1.391,1.414,1.437,1.458,1.481,1.504,1.527,1.55,1.573,1.598,1.622,1.645,1.668,1.693,1.717,1.741,1.764,1.8,1.82,1.843,1.865,1.887,1.909,1.931,1.954,1.976,2.006,2.03,2.059,2.083,2.105,2.128,2.152,2.174,2.196,2.22,2.241,2.263,2.284,2.305,2.328,2.356,2.379,2.402,2.423,2.448,2.472,2.494,2.517,2.538],"unit":"s"},"p_max":{"unit":"mW","value":1.928437},"v_p_max":{"unit":"V","value":0.952184677},"i_p_max":{"unit":"mA","value":2.025276},"j_p_max":{"unit":"mA\/cm2","value":21.207083},"voc":{"unit":"V","value":1.138973},"isc":{"unit":"mA","value":2.192519},"jsc":{"unit":"mA\/cm2","value":22.95831},"fill_factor":{"unit":"%","value":77.223367},"efficiency":{"unit":"%","value":20.193059},"r_s":{"unit":"ohms","value":36.218957},"r_sh":{"unit":"ohms","value":8990.64},"cell_dimension":{"value":0.09549999632320291,"unit":"cm2"},"sweep_direction":{"unit":"","value":"Forward"},"key":"forward4_4cell_231019"},{"V":{"value":[-0.199937105,-0.183946133,-0.16795373,-0.151940823,-0.135949612,-0.119944811,-0.103941679,-0.087938309,-0.071943045,-0.055938244,-0.039939165,-0.023930311,-0.007992864,0.008004785,0.024064779,0.040066719,0.056075573,0.072065115,0.088065624,0.104070425,0.120069742,0.136071682,0.152075052,0.168078184,0.184085608,0.200080872,0.216064215,0.232078075,0.248078108,0.264071465,0.280105829,0.29610467,0.312115669,0.328085661,0.344092846,0.360095739,0.376103878,0.392102718,0.408109665,0.424122095,0.44012785,0.456104755,0.472113132,0.488124132,0.504128456,0.520132542,0.536131382,0.552142382,0.568126202,0.584116936,0.600126505,0.61614728,0.632135153,0.648150206,0.66415596,0.680132866,0.696139812,0.712142706,0.728141546,0.744156599,0.760162354,0.776178837,0.792144775,0.808151722,0.82416153,0.840171099,0.8561728,0.872172832,0.888179779,0.904155493,0.920154333,0.936182976,0.952169657,0.968198299,0.984193087,1.000196,1.016212,1.032173,1.048172,1.064179,1.08019,1.096195,1.112201,1.12822,1.144189,1.160196,1.176192,1.192209,1.20821,1.224216,1.240211,1.256189,1.272194,1.288211,1.304198,1.320221,1.336231,1.352235,1.368204,1.384209,1.400219,1.416226,1.432233,1.448247,1.464254,1.480258,1.496221,1.500236],"unit":"V"},"I":{"value":[0.001681954,0.002199426,0.002203584,0.0022090670000000003,0.002208576,0.002208784,0.002203375,0.002210319,0.00220789,0.002204284,0.002207339,0.002206162,0.00220713,0.002203584,0.002203584,0.002205536,0.0022063549999999997,0.002205387,0.00220193,0.002208576,0.002204284,0.0022030319999999997,0.0022016469999999997,0.002202064,0.0022040750000000002,0.002199978,0.0022085159999999998,0.002200544,0.0022012290000000003,0.002196729,0.002209827,0.002195612,0.0022105280000000002,0.002196446,0.002203241,0.00220269,0.002204284,0.00219956,0.002198458,0.002202541,0.002198115,0.002197698,0.00220269,0.002200052,0.0022055950000000003,0.00219804,0.002205744,0.002197072,0.002200946,0.0022016469999999997,0.002197132,0.002197415,0.002192706,0.0021998440000000003,0.002193525,0.002195477,0.002196446,0.0021929140000000002,0.002193883,0.0021913049999999997,0.002190828,0.002185628,0.0021879819999999998,0.002177373,0.002178133,0.002173692,0.002160445,0.002153024,0.0021392259999999997,0.002120703,0.0021046100000000002,0.002067447,0.0020392839999999997,0.001979157,0.001914307,0.001828164,0.0017190719999999999,0.001585692,0.001413211,0.001210958,0.000964820385,0.0006813555959999999,0.000357046723,-7.480383000000001e-6,-0.000409185886,-0.000853419304,-0.001329541,-0.001835763,-0.002375215,-0.002941787,-0.003537476,-0.004156262,-0.004796773,-0.005462094999999999,-0.006147115999999999,-0.006850734,-0.0075773,-0.008315668,-0.009070665,-0.009851053,-0.010637,-0.011441931,-0.012267068,-0.013101965,-0.013963982,-0.014825732000000001,-0.01570724,-0.015944019],"unit":"A"},"resistance":{"value":[-118.871946,-83.633688,-76.218447,-68.78053,-61.555335,-54.303544,-47.173847,-39.785346,-32.584522,-25.377058,-18.093808,-10.847035,-3.621383,3.632621,10.920747,18.166434,25.415477,32.67686,39.994749,47.121061,54.471084,61.76563,69.073327,76.327572,83.520556,90.946775,97.832307,105.463962,112.699801,120.211206,126.754624,134.862045,141.195098,149.371144,156.175764,163.480016,170.624051,178.264128,185.63453,192.560395,200.229675,207.537526,214.33484,221.869347,228.567969,236.63465,243.061429,251.308289,258.128163,265.30913,273.140912,280.396457,288.28999,294.634686,302.78015,309.788131,316.93918,324.747139,331.896243,339.595147,346.974861,355.12855,362.043519,371.159135,378.379881,386.518009,396.294679,405.092001,415.187523,426.346969,437.20891,452.82085,466.913821,489.197238,514.124873,547.104119,591.139982,650.929088,741.695041,878.79113,1119.576,1608.845,3115.002,-150823.873,-2796.258,-1359.468,-884.660271,-649.434852,-508.673986,-416.146935,-350.591922,-302.240081,-265.218791,-235.8456,-212.164121,-192.712325,-176.346522,-162.612904,-150.838301,-140.513822,-131.63664,-123.775077,-116.754293,-110.536602,-104.859317,-99.843842,-95.256796,-94.093984],"unit":"ohms"},"conductance":{"value":[-0.008412414,-0.011956904,-0.013120183,-0.014538998,-0.016245546,-0.018415004,-0.021198187,-0.025134882,-0.030689418,-0.039405672,-0.055267525,-0.092191096,-0.276137601,0.275283325,0.091568831,0.055046578,0.039346104,0.030602695,0.025003283,0.021221933,0.018358364,0.016190234,0.014477368,0.013101425,0.0119731,0.010995442,0.010221572,0.009481912,0.00887313,0.008318692,0.007889259,0.007414985,0.007082399,0.006694733,0.006403042,0.006116956,0.005860838,0.005609654,0.005386929,0.005193176,0.004994265,0.004818406,0.004665597,0.004507157,0.004375066,0.004225924,0.004114186,0.003979176,0.003874045,0.003769188,0.003661114,0.003566379,0.00346873,0.003394034,0.003302726,0.003228013,0.003155179,0.003079319,0.00301299,0.002944683,0.002882053,0.002815882,0.002762099,0.002694262,0.002642847,0.002587202,0.002523375,0.002468575,0.00240855,0.002345507,0.002287236,0.002208379,0.002141723,0.002044165,0.001945053,0.001827806,0.001691647,0.001536266,0.001348263,0.001137927,0.000893195119,0.000621563965,0.000321027094,-6.63025e-6,-0.000357620851,-0.000735581967,-0.001130377,-0.0015398,-0.001965896,-0.002402997,-0.002852319,-0.003308628,-0.003770472,-0.004240062,-0.004713332,-0.005189082,-0.005670653,-0.006149573,-0.006629616,-0.007116738,-0.007596669,-0.008079171,-0.008564996,-0.009046777,-0.009536587,-0.01001564,-0.010497939,-0.010627672],"unit":"S"},"power":{"value":[-0.336284948,-0.404575961,-0.370100104,-0.33564751,-0.300254996,-0.264932206,-0.229022507,-0.194371718,-0.15884234,-0.12330378,-0.088159269,-0.052794134,-0.017641291,0.017639213,0.053028756,0.088368582,0.123722639,0.15893145,0.193914313,0.229847402,0.26466782,0.299770321,0.334815517,0.370118885,0.405738569,0.440173443,0.477181276,0.510697989,0.546076808,0.580093493,0.618985509,0.650130846,0.68994032,0.720622458,0.758119463,0.793179157,0.829039788,0.862453614,0.897211843,0.934146149,0.967451624,1.00238,1.039919,1.073899,1.111903,1.143272,1.182569,1.213097,1.250415,1.286019,1.318557,1.353931,1.386086,1.425829,1.456843,1.493216,1.529034,1.561668,1.597457,1.630674,1.665385,1.696438,1.733199,1.759647,1.795133,1.826273,1.849714,1.877809,1.900017,1.917446,1.936566,1.935508,1.941744,1.916217,1.884048,1.828522,1.746943,1.636709,1.481288,1.288676,1.042189,0.74689891,0.397107799,-0.00843952,-0.468186039,-0.990133719,-1.563796,-2.188613,-2.869759,-3.601382,-4.387215,-5.22105,-6.102428,-7.036332,-8.017054,-9.044483,-10.12502,-11.244735,-12.410516,-13.635918,-14.894129,-16.204359,-17.569298,-18.974878,-20.446812,-21.945908,-23.501506,-23.919796],"unit":"mW"},"J":{"value":[0.01761208,0.023030642,0.023074175,0.023131595,0.023126446000000002,0.023128631,0.023071991,0.023144702,0.023119268999999998,0.023081509,0.023113495,0.023101168999999998,0.023111311,0.023074175,0.023074175,0.023094615000000002,0.023103197000000002,0.023093055,0.023056854999999998,0.023126446000000002,0.023081509,0.023068402,0.023053891,0.02305826,0.023079324,0.023036415,0.023125822,0.023042344,0.023049522,0.023002400000000003,0.023139553,0.022990697,0.023146886,0.022999435,0.023070585999999997,0.023064813,0.023081509,0.023032046,0.0230205,0.023063253,0.023016911,0.023012542,0.023064813,0.023037195,0.02309524,0.023016131000000002,0.0230968,0.023005989,0.023046557,0.023053891,0.023006613000000002,0.023009577,0.022960270999999997,0.023035011,0.022968853,0.022989293,0.022999435,0.022962455,0.022972598,0.022945603999999998,0.022940611,0.022886155,0.022910807999999998,0.022799713,0.022807670999999998,0.022761173,0.022622458999999998,0.022544755,0.022400268,0.022206319000000002,0.022037803,0.021648657,0.021353754,0.020724160999999998,0.020045103999999998,0.019143077,0.018000758999999998,0.016604106,0.014798023,0.012680186000000001,0.010102831,0.007134614,0.003738709,-7.8328617e-5,-0.004284669,-0.008936328,-0.013921896999999999,-0.019222654,-0.024871364,-0.030804055,-0.037041634000000004,-0.043521065,-0.050227992,-0.057194714,-0.064367711,-0.071735438,-0.079343456,-0.087075052,-0.094980782,-0.103152391,-0.111382201,-0.119810797,-0.128450974,-0.137193353,-0.14621971199999997,-0.155243262,-0.164473712,-0.166953078],"unit":"A\/cm2"},"power_density":{"value":[-3.521308,-4.236397,-3.875394,-3.514634,-3.144031,-2.774159,-2.398141,-2.035306,-1.663271,-1.291139,-0.923133709,-0.552818158,-0.184725557,0.184703801,0.55527493,0.925325466,1.295525,1.664204,2.030516,2.406779,2.771391,3.138956,3.505922,3.87559,4.248571,4.609146,4.996663,5.347623,5.718082,6.074277,6.481524,6.807653,7.224506,7.545785,7.938424,8.305541,8.681045,9.030928,9.394888,9.781635,10.130383,10.49613,10.889201,11.245011,11.642967,11.971439,12.382919,12.702581,13.093353,13.466168,13.806878,14.177288,14.513994,14.930147,15.2549,15.635774,16.010823,16.352545,16.727303,17.075122,17.438589,17.763749,18.148677,18.425627,18.797205,19.123279,19.368734,19.662923,19.895465,20.077965,20.27818,20.267104,20.332397,20.065097,19.728253,19.146829,18.292595,17.138313,15.51087,13.493987,10.912977,7.820931,4.158197,-0.088371937,-4.902472,-10.367892,-16.374828,-22.917417,-30.049837,-37.710809,-45.939425,-54.670677,-63.899769,-73.678865,-83.948211,-94.706628,-106.021148,-117.74592,-129.953051,-142.784484,-155.95947,-169.679155,-183.971706,-198.689823,-214.102749,-229.800079,-246.089072,-250.469064],"unit":"mW\/cm2"},"timestamps":{"value":[0.019,0.047,0.07,0.095,0.117,0.14,0.162,0.185,0.208,0.23,0.252,0.273,0.298,0.321,0.346,0.369,0.393,0.414,0.437,0.46,0.484,0.506,0.532,0.552,0.573,0.595,0.628,0.649,0.67,0.713,0.738,0.761,0.783,0.806,0.832,0.854,0.876,0.897,0.92,0.943,0.963,0.988,1.012,1.034,1.056,1.078,1.101,1.122,1.145,1.168,1.189,1.212,1.235,1.26,1.281,1.304,1.325,1.347,1.369,1.391,1.414,1.436,1.458,1.481,1.503,1.525,1.561,1.584,1.606,1.628,1.652,1.674,1.702,1.724,1.746,1.767,1.791,1.821,1.844,1.867,1.89,1.913,1.937,1.959,1.982,2.006,2.039,2.08,2.102,2.128,2.151,2.173,2.194,2.217,2.244,2.265,2.287,2.309,2.331,2.354,2.376,2.397,2.42,2.441,2.475,2.498,2.522,2.544],"unit":"s"},"p_max":{"unit":"mW","value":1.941744},"v_p_max":{"unit":"V","value":0.952169657},"i_p_max":{"unit":"mA","value":2.039284},"j_p_max":{"unit":"mA\/cm2","value":21.353754},"voc":{"unit":"V","value":1.127892},"isc":{"unit":"mA","value":2.205358},"jsc":{"unit":"mA\/cm2","value":23.092757},"fill_factor":{"unit":"%","value":78.063035},"efficiency":{"unit":"%","value":20.332397},"r_s":{"unit":"ohms","value":27.760271},"r_sh":{"unit":"ohms","value":209.508515},"cell_dimension":{"value":0.09550002044051584,"unit":"cm2"},"sweep_direction":{"unit":"","value":"Forward"},"key":"forward4_3cell_231019"},{"V":{"value":[-0.199912548,-0.183951616,-0.167948246,-0.151946068,-0.135945559,-0.119940758,-0.103944302,-0.087932825,-0.071940422,-0.055945158,-0.039937735,-0.023931503,-0.007993281,0.008007765,0.024059296,0.04006815,0.056072712,0.072067976,0.088067055,0.104075909,0.120075226,0.136071682,0.152076244,0.168082476,0.184085608,0.200076818,0.216065645,0.232067108,0.248068571,0.264072895,0.280085325,0.296108723,0.312115669,0.328083038,0.344091415,0.360100985,0.376101255,0.392102718,0.408112526,0.424118042,0.440120935,0.456108809,0.472111702,0.488125563,0.504135132,0.520128489,0.536132812,0.55214119,0.568123579,0.584108591,0.600144386,0.616141796,0.632152796,0.648148775,0.664161205,0.680134296,0.696131706,0.712144136,0.728142738,0.744156599,0.760163546,0.776177406,0.792146206,0.808151722,0.824157476,0.840161562,0.856169939,0.872174263,0.88818121,0.904155493,0.920154333,0.936166763,0.952198267,0.968180656,0.98418498,1.000199,1.016208,1.032174,1.048172,1.064179,1.080189,1.096193,1.112204,1.128215,1.144189,1.1602,1.176195,1.192206,1.20821,1.224211,1.240211,1.256194,1.272222,1.288223,1.304236,1.320221,1.336233,1.352235,1.368205,1.384211,1.400216,1.416223,1.432231,1.448248,1.464252,1.480257,1.496225,1.500231],"unit":"V"},"I":{"value":[0.000744685531,0.0022141929999999997,0.00221017,0.002213717,0.002208233,0.002205044,0.002208993,0.002208099,0.002208173,0.00220789,0.002211913,0.00220713,0.002209201,0.0022078159999999996,0.002206773,0.0022095590000000003,0.002202749,0.0022068469999999996,0.002200887,0.002206162,0.0022021980000000003,0.002205953,0.0022078159999999996,0.002203584,0.0022055950000000003,0.002204627,0.0021966549999999996,0.0022074729999999997,0.0021987260000000002,0.002203375,0.002199292,0.0022095590000000003,0.00219658,0.002205387,0.002202824,0.0021983239999999998,0.002203658,0.002195612,0.0022062210000000004,0.002190202,0.002200946,0.0021965210000000003,0.0022011549999999998,0.002193943,0.002197549,0.0022012290000000003,0.00219582,0.0022016469999999997,0.0021958950000000002,0.002196237,0.002195328,0.00219804,0.002197698,0.00219208,0.002202347,0.0021943600000000002,0.002197966,0.002193943,0.0021873559999999997,0.002195746,0.002188399,0.0021884739999999997,0.002183408,0.00217855,0.002178892,0.002165094,0.002163365,0.0021542759999999997,0.002137765,0.002125278,0.0020989330000000003,0.002069876,0.002029359,0.001982823,0.001914307,0.001827046,0.0017233639999999998,0.0015906240000000001,0.00143443,0.0012459160000000001,0.001028478,0.000778034329,0.000498607755,0.00018601119499999998,-0.00014807283900000002,-0.000513508916,-0.000900223851,-0.001310125,-0.0017395020000000002,-0.002188787,-0.0026526450000000003,-0.003128618,-0.0036270169999999997,-0.004132614000000001,-0.004651532,-0.005190566,-0.005743890999999999,-0.00629811,-0.006859332,-0.007435605,-0.008022919,-0.008620903000000001,-0.009226158,-0.009838089,-0.010463744,-0.011089473999999998,-0.011715963000000001,-0.011882901],"unit":"A"},"resistance":{"value":[-268.452306,-83.078389,-75.988835,-68.638449,-61.563053,-54.393815,-47.055065,-39.822868,-32.579156,-25.338742,-18.05574,-10.842815,-3.618177,3.627008,10.902481,18.134002,25.455785,32.656534,40.014354,47.175106,54.525175,61.683854,68.880862,76.276873,83.463,90.753146,98.361225,105.127952,112.82378,119.849269,127.352485,134.012584,142.091636,148.7644,156.204696,163.807086,170.671319,178.584736,184.982595,193.643303,199.968965,207.650598,214.483641,222.487839,229.40794,236.290004,244.160615,250.78557,258.720773,265.958762,273.37339,280.314125,287.643191,295.677516,301.569748,309.946557,316.716324,324.5956,332.887112,338.90837,347.360511,354.666049,362.802724,370.958577,378.246049,388.048535,395.758343,404.857295,415.471808,425.429259,438.391503,452.281656,469.211267,488.283951,514.120638,547.440213,589.665569,648.911406,730.723289,854.133856,1050.279,1408.926,2230.619,6065.306,-7727.205,-2259.357,-1306.558,-909.994017,-694.572505,-559.310055,-467.5373,-401.517332,-350.762556,-311.721204,-280.388443,-254.350085,-232.635574,-214.704866,-199.466217,-186.159781,-174.527008,-164.27781,-155.235948,-147.208274,-139.93578,-133.483027,-127.708264,-126.251221],"unit":"ohms"},"conductance":{"value":[-0.003725056,-0.012036825,-0.013159828,-0.014569094,-0.016243509,-0.018384443,-0.021251697,-0.0251112,-0.030694472,-0.039465259,-0.055384049,-0.092226977,-0.276382312,0.275709352,0.091722243,0.055145024,0.039283801,0.030621743,0.024991032,0.021197621,0.018340152,0.016211698,0.014517821,0.013110134,0.011981357,0.011018902,0.010166608,0.009512218,0.00886338,0.008343814,0.007852222,0.007461986,0.007037712,0.006722038,0.006401856,0.006104742,0.005859215,0.005599583,0.005405914,0.005164134,0.005000776,0.004815782,0.00466236,0.004494628,0.004359047,0.004232088,0.004095665,0.00398747,0.003865171,0.003759981,0.003658001,0.003567426,0.003476529,0.003382063,0.003315982,0.003226363,0.0031574,0.003080756,0.003004021,0.00295065,0.002878853,0.002819554,0.002756319,0.002695719,0.002643782,0.002576997,0.002526794,0.002470006,0.002406902,0.002350567,0.002281066,0.002211012,0.002131236,0.002047989,0.001945069,0.001826683,0.001695877,0.001541042,0.001368507,0.001170777,0.000952128386,0.000709760458,0.000448306091,0.000164872141,-0.000129412906,-0.000442603744,-0.000765369622,-0.001098908,-0.001439735,-0.001787917,-0.002138867,-0.002490553,-0.002850931,-0.003207995,-0.003566481,-0.003931589,-0.004298569,-0.004657556,-0.00501338,-0.00537173,-0.005729772,-0.006087249,-0.006441807,-0.006793096,-0.007146135,-0.007491589,-0.007830347,-0.007920715],"unit":"S"},"power":{"value":[-0.148871982,-0.407304444,-0.37119418,-0.336365518,-0.300199452,-0.264474652,-0.229612218,-0.194164363,-0.158856917,-0.123520763,-0.088338813,-0.052819944,-0.017658768,0.017679668,0.053093394,0.088532944,0.123514124,0.159043002,0.193825601,0.229608275,0.264429411,0.300167735,0.335756312,0.370383807,0.406018364,0.441094716,0.47462161,0.512281857,0.545434802,0.581851642,0.615989466,0.654269718,0.68558709,0.723549988,0.757972745,0.791618495,0.828798624,0.860905275,0.900386516,0.928904385,0.968682506,1.001852,1.039191,1.070919,1.107862,1.144922,1.177251,1.21562,1.24754,1.282841,1.317514,1.354305,1.389281,1.420794,1.462713,1.492459,1.530074,1.562403,1.592708,1.633979,1.663541,1.698644,1.729578,1.760599,1.795751,1.819029,1.852208,1.878904,1.898723,1.921582,1.931342,1.937749,1.932352,1.919731,1.884033,1.827409,1.751297,1.641802,1.50353,1.325877,1.11095,0.852875659,0.554553458,0.20986059,-0.169423331,-0.595773105,-1.058839,-1.561939,-2.101684,-2.679536,-3.289838,-3.930152,-4.61437,-5.323729,-6.066694,-6.852694,-7.675179,-8.516524,-9.384973,-10.292443,-11.233821,-12.209121,-13.213994,-14.247995,-15.321561,-16.415267,-17.529722,-17.827094],"unit":"mW"},"J":{"value":[0.0077977540000000005,0.023185271,0.023143142000000002,0.023180278000000002,0.023122857,0.023089466000000003,0.023130815,0.023121453,0.023122233000000002,0.023119268999999998,0.023161398,0.023111311,0.023133,0.023118488,0.023107566,0.023136744,0.023065436999999998,0.023108346000000002,0.023045933,0.023101168999999998,0.023059664,0.023098984000000003,0.023118488,0.023074175,0.02309524,0.023085097000000002,0.02300162,0.023114899999999997,0.023023308,0.023071991,0.023029238,0.023136744,0.023000839,0.023093055,0.023066217000000003,0.023019095,0.023074954999999998,0.022990697,0.023101793000000002,0.022934057,0.023046557,0.023000215,0.023048742,0.022973222,0.023010982,0.023049522,0.022992882000000003,0.023053891,0.022993662,0.022997251,0.022987733,0.023016131000000002,0.023012542,0.022953717000000002,0.023061223999999998,0.022977591,0.023015351,0.022973222,0.022904255,0.022992102,0.022915177,0.022915956999999997,0.022862906,0.022812039,0.022815628,0.022671142,0.022653041999999998,0.022557862,0.022384977,0.022254221,0.021978355,0.02167409,0.021249835999999998,0.020762545,0.020045103999999998,0.019131375,0.018045696,0.016655753000000002,0.015020213999999999,0.013046239999999999,0.010769405000000001,0.008146955999999999,0.0052210239999999995,0.0019477610000000001,-0.001550501,-0.005377056999999999,-0.009426427999999999,-0.013718586,-0.01821468,-0.022919234,-0.027776389000000002,-0.032760398,-0.037979237,-0.04327344,-0.048707137000000005,-0.054351478,-0.060145456,-0.065948795,-0.071825469,-0.077859737,-0.084009626,-0.090271235,-0.096608987,-0.103016642,-0.109568004,-0.11612014600000001,-0.12268024599999999,-0.124428285],"unit":"A\/cm2"},"power_density":{"value":[-1.558869,-4.264968,-3.88685,-3.522152,-3.14345,-2.769368,-2.404316,-2.033135,-1.663423,-1.293411,-0.925013749,-0.553088414,-0.184908563,0.185127418,0.555951765,0.927046532,1.293342,1.665372,2.029587,2.404275,2.768894,3.143118,3.515773,3.878364,4.251501,4.618793,4.96986,5.364208,5.711359,6.092687,6.450151,6.850992,7.178922,7.57644,7.936887,8.289199,8.67852,9.014715,9.428131,9.726747,10.143272,10.490601,10.881581,11.213817,11.600644,11.988713,12.327238,12.729003,13.063242,13.432892,13.795959,14.1812,14.547443,14.877424,15.316371,15.627847,16.021715,16.360245,16.677567,17.109724,17.419282,17.786848,18.110764,18.435589,18.803671,19.047422,19.394853,19.674386,19.881916,20.121276,20.223478,20.290563,20.234057,20.101894,19.728091,19.135174,18.338188,17.191641,15.743765,13.883534,11.632987,8.930635,5.806842,2.197493,-1.774066,-6.238462,-11.087316,-16.35538,-22.007163,-28.057967,-34.44857,-41.153427,-48.318013,-55.745852,-63.525587,-71.75596,-80.368365,-89.178258,-98.271971,-107.774273,-117.631631,-127.844203,-138.366427,-149.193662,-160.435195,-171.887608,-183.557295,-186.671144],"unit":"mW\/cm2"},"timestamps":{"value":[0.019,0.044,0.069,0.093,0.118,0.14,0.162,0.185,0.206,0.23,0.252,0.275,0.299,0.322,0.345,0.368,0.416,0.438,0.465,0.489,0.513,0.546,0.569,0.59,0.613,0.633,0.659,0.68,0.701,0.722,0.745,0.769,0.791,0.813,0.835,0.858,0.88,0.903,0.927,0.949,0.965,0.987,1.009,1.034,1.056,1.084,1.106,1.128,1.152,1.173,1.196,1.219,1.242,1.264,1.286,1.31,1.331,1.353,1.39,1.413,1.433,1.454,1.482,1.504,1.526,1.547,1.571,1.593,1.616,1.637,1.659,1.682,1.704,1.727,1.751,1.774,1.795,1.816,1.838,1.86,1.881,1.902,1.924,1.947,1.973,1.996,2.019,2.045,2.069,2.098,2.132,2.157,2.179,2.201,2.223,2.26,2.297,2.32,2.341,2.364,2.387,2.411,2.435,2.458,2.479,2.5,2.522,2.545],"unit":"s"},"p_max":{"unit":"mW","value":1.937749},"v_p_max":{"unit":"V","value":0.936166763},"i_p_max":{"unit":"mA","value":2.069876},"j_p_max":{"unit":"mA\/cm2","value":21.67409},"voc":{"unit":"V","value":1.137109},"isc":{"unit":"mA","value":2.208509},"jsc":{"unit":"mA\/cm2","value":23.125751},"fill_factor":{"unit":"%","value":77.1607},"efficiency":{"unit":"%","value":20.290563},"r_s":{"unit":"ohms","value":36.750888},"r_sh":{"unit":"ohms","value":237.905692},"cell_dimension":{"value":0.09550000307780931,"unit":"cm2"},"sweep_direction":{"unit":"","value":"Forward"},"key":"forward4_2cell_231019"},{"V":{"value":[-0.199941158,-0.18394208,-0.167956352,-0.151946068,-0.135952473,-0.119940758,-0.103946924,-0.087943554,-0.071937561,-0.055942297,-0.039943218,-0.023930311,-0.007996798,0.008006781,0.024057865,0.040065289,0.056075573,0.072062492,0.088067055,0.104077339,0.120070934,0.136073112,0.152076244,0.168076992,0.184081554,0.200073957,0.216062784,0.232091665,0.248079538,0.264085054,0.280085325,0.296105862,0.312115669,0.328085661,0.344091415,0.360098362,0.376101255,0.392100096,0.408116579,0.424115419,0.44012785,0.456107378,0.472110271,0.488122702,0.504131079,0.52013135,0.536129951,0.55214119,0.568119526,0.584112883,0.600130796,0.616141796,0.632150173,0.648146152,0.66415596,0.68013835,0.696138382,0.712139845,0.728140116,0.744155169,0.760154009,0.776180029,0.792143345,0.80815053,0.82416296,0.840164423,0.856169939,0.872174263,0.888178587,0.904154062,0.920152903,0.93617487,0.952180386,0.968187571,0.984186172,1.0002,1.016212,1.032173,1.048171,1.064178,1.080184,1.096194,1.112205,1.128219,1.144189,1.160193,1.176192,1.192203,1.208205,1.224213,1.240211,1.256202,1.272214,1.288214,1.304221,1.32022,1.336239,1.352235,1.368204,1.384216,1.400215,1.416226,1.432231,1.448249,1.464258,1.480257,1.496225,1.500236],"unit":"V"},"I":{"value":[0.001669198,0.00220193,0.0022017210000000002,0.002208933,0.002202407,0.002202272,0.002202958,0.002198592,0.002203792,0.0022006779999999997,0.002203375,0.002204701,0.00220345,0.002204835,0.0022060870000000002,0.002199769,0.002200261,0.0022030319999999997,0.002200738,0.002205178,0.002201021,0.0022085159999999998,0.002199769,0.002204627,0.002201304,0.002200335,0.0022049699999999997,0.0021949260000000003,0.00220269,0.0022012290000000003,0.0022006779999999997,0.002202347,0.0021996349999999997,0.002202347,0.002194569,0.0022011549999999998,0.0021997089999999998,0.002197966,0.002201781,0.002199426,0.002206162,0.002194643,0.0021993520000000003,0.002201438,0.0021983239999999998,0.002204761,0.002196729,0.002203166,0.002198532,0.002194852,0.002194852,0.002197966,0.002195746,0.0021988750000000003,0.0021988,0.002194151,0.0021977570000000003,0.002191171,0.0021933169999999997,0.002186045,0.00218007,0.002176404,0.002169326,0.002155945,0.0021407460000000002,0.002128273,0.002102956,0.0020768049999999997,0.002037823,0.001997873,0.0019400420000000001,0.00187622,0.001805693,0.00171636,0.001621902,0.00151363,0.001395524,0.001266509,0.001130164,0.0009829849,0.000825613737,0.000664919615,0.000492781401,0.000316753984,0.000135242939,-5.1528215e-5,-0.000243365765,-0.000437274575,-0.0006352961059999999,-0.0008337795730000001,-0.0010374779999999999,-0.0012388969999999999,-0.001443565,-0.001646847,-0.001848668,-0.002051532,-0.002249479,-0.0024472770000000003,-0.002639949,-0.0028304610000000003,-0.0030180660000000002,-0.0031995770000000003,-0.003378168,-0.0035518999999999998,-0.003720999,-0.003887311,-0.004050985,-0.004099458],"unit":"A"},"resistance":{"value":[-119.782749,-83.536763,-76.284119,-68.78708,-61.729055,-54.462271,-47.185162,-39.999946,-32.642622,-25.420483,-18.128197,-10.854219,-3.629217,3.631464,10.90522,18.213407,25.485876,32.710592,40.017063,47.196794,54.552387,61.612917,69.132824,76.238297,83.623874,90.928851,97.989012,105.74008,112.625734,119.971622,127.272289,134.450144,141.894306,148.970926,156.792287,163.595199,170.977699,178.39225,185.357508,192.830021,199.499368,207.827594,214.658825,221.72903,229.325235,235.912814,244.058282,250.612559,258.408551,266.128641,273.426589,280.323627,287.897716,294.762625,302.053768,309.977874,316.749425,325.004223,331.981276,340.411634,348.683354,356.634168,365.156442,374.847522,384.988758,394.763418,407.126857,419.959705,435.846734,452.558285,474.295405,498.968573,527.321329,564.093382,606.809893,660.795527,728.194422,814.974798,927.45024,1082.598,1308.341,1648.612,2256.995,3561.815,8460.25,-22515.692,-4833.023,-2726.441,-1901.798,-1468.27,-1195.408,-1013.968,-881.299971,-782.230587,-705.492157,-643.528516,-594.02141,-552.546635,-518.268903,-489.04268,-463.944386,-442.629061,-423.966935,-407.739289,-393.512014,-380.791941,-369.348532,-365.959623],"unit":"ohms"},"conductance":{"value":[-0.008348448,-0.011970777,-0.013108888,-0.014537614,-0.016199827,-0.018361335,-0.021193103,-0.025000034,-0.030634794,-0.039338356,-0.055162683,-0.092130072,-0.275541501,0.275371004,0.091699205,0.054904609,0.039237419,0.030571138,0.02498934,0.02118788,0.018331004,0.016230363,0.014464909,0.013116767,0.011958308,0.01099761,0.010205226,0.009457152,0.008878965,0.008335304,0.00785717,0.007437701,0.007047499,0.006712719,0.006377865,0.006112649,0.005848716,0.005605625,0.00539498,0.005185914,0.005012547,0.004811681,0.004658555,0.004510009,0.004360619,0.004238854,0.004097382,0.003990223,0.003869841,0.003757581,0.003657289,0.003567305,0.003473456,0.00339256,0.003310669,0.003226037,0.00315707,0.003076883,0.003012218,0.00293762,0.002867932,0.002803994,0.002738552,0.002667751,0.002597478,0.002533163,0.002456237,0.002381181,0.002294385,0.00220966,0.002108391,0.002004134,0.001896377,0.001772756,0.001647963,0.001513327,0.00137326,0.001227032,0.001078225,0.000923703882,0.00076432662,0.000606570965,0.000443066955,0.000280755729,0.000118199812,-4.4413469e-5,-0.000206909846,-0.000366778536,-0.000525818251,-0.000681073873,-0.000836534136,-0.000986224341,-0.001134687,-0.001278395,-0.00141745,-0.001553933,-0.001683441,-0.001809802,-0.0019295,-0.002044811,-0.002155431,-0.002259228,-0.002358675,-0.002452548,-0.002541218,-0.002626106,-0.00270747,-0.002732542],"unit":"S"},"power":{"value":[-0.333741436,-0.405027526,-0.36979304,-0.335638719,-0.299422613,-0.264142222,-0.228990695,-0.193351979,-0.158535446,-0.123110982,-0.088009893,-0.052759188,-0.01762054,0.017653635,0.053073746,0.088134381,0.123380883,0.158756004,0.193812478,0.229509073,0.264278614,0.300519646,0.334532611,0.370547041,0.405219433,0.440229784,0.476411855,0.509424064,0.546442231,0.581311768,0.616377611,0.652127833,0.686540522,0.722558445,0.755132186,0.792632248,0.827313473,0.861822671,0.898583198,0.932810605,0.970993169,1.000993,1.038337,1.074572,1.108243,1.146765,1.177732,1.216459,1.249029,1.282041,1.317198,1.354259,1.388041,1.425192,1.460346,1.492326,1.529943,1.56042,1.597042,1.626757,1.657189,1.689281,1.718417,1.742328,1.764323,1.788099,1.800488,1.811336,1.809951,1.806385,1.785135,1.75647,1.719345,1.661759,1.596254,1.513933,1.418148,1.307257,1.184604,1.04607,0.891815129,0.72888107,0.548074069,0.357367903,0.154743499,-0.059782698,-0.286244934,-0.521320184,-0.767567771,-1.020724,-1.286692,-1.556306,-1.836523,-2.12149,-2.411071,-2.708473,-3.005842,-3.309294,-3.611988,-3.917969,-4.225941,-4.531324,-4.838318,-5.144037,-5.448501,-5.754217,-6.061186,-6.150156],"unit":"mW"},"J":{"value":[0.017478516,0.023056854999999998,0.023054671,0.023130191,0.023061848000000003,0.023060444,0.023067622,0.023021904,0.02307636,0.023043749,0.023071991,0.023085878,0.023072771,0.023087281999999997,0.023100389,0.023034231,0.02303938,0.023068402,0.023044373,0.023090871,0.023047336999999998,0.023125822,0.023034231,0.023085097000000002,0.023050301999999998,0.02304016,0.023088686,0.02298352,0.023064813,0.023049522,0.023043749,0.023061223999999998,0.023032826,0.023061223999999998,0.022979775,0.023048742,0.023033605999999998,0.023015351,0.023055295,0.023030642,0.023101168999999998,0.022980555,0.023029862,0.023051705999999998,0.023019095,0.023086502,0.023002400000000003,0.023069805999999998,0.02302128,0.022982739999999998,0.022982739999999998,0.023015351,0.022992102,0.023024869,0.023024087999999998,0.022975406,0.023013165999999998,0.022944199000000002,0.022966668,0.022890524,0.022827955,0.022789570999999998,0.022715455,0.022575337,0.022416183,0.022285584,0.022020484,0.021746645000000002,0.021338463000000002,0.020920138,0.020314574000000002,0.019646284,0.018907779000000003,0.017972361,0.016983267,0.01584953,0.014612812,0.013261877,0.011834175,0.010293036,0.00864517,0.0069625089999999995,0.005160015,0.003316796,0.001416156,-0.000539562465,-0.002548333,-0.004578791,-0.006652315,-0.008730676000000001,-0.010863649000000001,-0.012972748,-0.015115862999999998,-0.017244466,-0.019357779000000002,-0.021482012999999998,-0.023554757,-0.02562594,-0.027643448,-0.029638332,-0.031602788,-0.033503428,-0.035373484,-0.037192673999999995,-0.038963338,-0.040704822999999994,-0.042418691,-0.042926267000000004],"unit":"A\/cm2"},"power_density":{"value":[-3.494675,-4.241126,-3.872178,-3.514542,-3.135315,-2.765887,-2.397808,-2.024628,-1.660057,-1.28912,-0.921569555,-0.552452234,-0.184508277,0.184854817,0.555746034,0.922873094,1.291946,1.662367,2.02945,2.403236,2.767315,3.146803,3.502959,3.880074,4.243135,4.609736,4.988606,5.334283,5.721908,6.087034,6.454216,6.828564,7.188906,7.566057,7.907143,8.299814,8.662968,9.024321,9.409248,9.76765,10.167468,10.481601,10.872634,11.252061,11.604641,12.008013,12.332276,12.73779,13.078839,13.424514,13.79265,14.180719,14.534461,14.92348,15.291586,15.626455,16.020348,16.339479,16.722952,17.034102,17.352761,17.68881,17.993896,18.244271,18.474588,18.723555,18.853276,18.966864,18.952366,18.915028,18.692514,18.392357,18.003616,17.400616,16.714696,15.852701,14.849722,13.688554,12.404233,10.953617,9.338378,7.632263,5.738995,3.742072,1.620351,-0.625996834,-2.997329,-5.45885,-8.037359,-10.688208,-13.473211,-16.296398,-19.230608,-22.214558,-25.246815,-28.360973,-31.474782,-34.652289,-37.821867,-41.025855,-44.250695,-47.448422,-50.663016,-53.864266,-57.052368,-60.253582,-63.467921,-64.399542],"unit":"mW\/cm2"},"timestamps":{"value":[0.019,0.046,0.071,0.093,0.121,0.143,0.167,0.188,0.21,0.233,0.255,0.277,0.315,0.338,0.361,0.39,0.412,0.434,0.458,0.48,0.503,0.527,0.548,0.571,0.592,0.618,0.643,0.664,0.688,0.709,0.732,0.754,0.779,0.802,0.825,0.845,0.868,0.892,0.914,0.937,0.959,0.983,1.01,1.034,1.06,1.082,1.104,1.127,1.15,1.177,1.214,1.241,1.262,1.284,1.308,1.331,1.353,1.375,1.396,1.416,1.439,1.462,1.485,1.507,1.53,1.552,1.576,1.599,1.621,1.644,1.667,1.689,1.712,1.733,1.754,1.777,1.8,1.821,1.845,1.868,1.89,1.91,1.933,1.955,1.977,2,2.024,2.067,2.09,2.113,2.138,2.164,2.187,2.21,2.232,2.255,2.281,2.305,2.327,2.351,2.373,2.396,2.42,2.443,2.466,2.487,2.508,2.531],"unit":"s"},"p_max":{"unit":"mW","value":1.811336},"v_p_max":{"unit":"V","value":0.872174263},"i_p_max":{"unit":"mA","value":2.076805},"j_p_max":{"unit":"mA\/cm2","value":21.746645},"voc":{"unit":"V","value":1.155778},"isc":{"unit":"mA","value":2.204142},"jsc":{"unit":"mA\/cm2","value":23.080022},"fill_factor":{"unit":"%","value":71.102504},"efficiency":{"unit":"%","value":18.966864},"r_s":{"unit":"ohms","value":92.488817},"r_sh":{"unit":"ohms","value":221.338127},"cell_dimension":{"value":0.09549998409475953,"unit":"cm2"},"sweep_direction":{"unit":"","value":"Forward"},"key":"forward4_1cell_231019"}]}}