{"_id":"655323bfa4d59d307a7a8bbd","id":"KAIST-SC-00252","author":106,"group":12,"input":[{"tco":{"unit":"","value":"ITO"}},{"etl":[{"material":{"unit":"","value":"SnO2"},"concentration":{"unit":"","value":"5"},"conc_unit":{"unit":"","value":"wt%"},"quantity":{"unit":"ml","value":"0.8"}}],"spin_coating":[{"type":{"unit":"","value":"drop&run"},"rpm":{"unit":"","value":"4000"},"time":{"unit":"s","value":"30"}}],"annealing":[{"temperature":{"unit":"oC","value":"150"},"time":{"unit":"m","value":"30"}}]},{"perovskite":{"method":{"unit":"","value":"1-step"},"molarity":{"unit":"M","value":"1.8"},"a_site":[{"material":{"unit":"","value":"FA"},"ratio":{"unit":"","value":"100"}}],"b_site":[{"material":{"unit":"","value":"Pb"},"ratio":{"unit":"","value":"100"}}],"x_site":[{"material":{"unit":"","value":"I"},"ratio":{"unit":"","value":"100"}}],"solvent":[{"material":{"unit":"","value":"DMF"},"volume":{"unit":"ml","value":"0.8"}},{"material":{"unit":"","value":"DMSO"},"volume":{"unit":"ml","value":"0.1"}}],"additive":[{"material":{"unit":"","value":"MACl"},"solvent":{"unit":"","value":"None"},"concentration":{"unit":"","value":"42.86"},"conc_unit":{"unit":"","value":"mg\/ml"},"quantity":{"unit":"mol%","value":"35"}}],"stirring_time":[{"unit":"m","value":"20"}],"antisolvent":[{"material":{"unit":"","value":"DEE"},"quantity":{"unit":"ul","value":"1000"},"dripping_time":{"unit":"s","value":"28"}}],"spin_coating":[{"type":{"unit":"","value":"drop&run"},"rpm":{"unit":"","value":"5000"},"time":{"unit":"s","value":"15"}}],"annealing":[{"temperature":{"unit":"oC","value":"150"},"time":{"unit":"m","value":"0"}},{"temperature":{"unit":"oC","value":"100"},"time":{"unit":"m","value":"15"}}],"atmosphere":[{"type":{"unit":"","value":"Air"},"temperature":{"unit":"oC","value":"22"},"humidity":{"unit":"RH%","value":"19"}}]}},{"perovskite_treatment":[{"material":{"unit":"","value":"OAI"},"concentration":{"unit":"","value":"2.5"},"conc_unit":{"unit":"","value":"mg\/ml"},"quantity":{"unit":"ml","value":"Material"}}],"spin_coating":[{"type":{"unit":"","value":"drop&run"},"rpm":{"unit":"","value":"5000"},"time":{"unit":"s","value":"5"}}],"annealing":[{"temperature":{"unit":"oC","value":"100"},"time":{"unit":"m","value":"3"}}]},{"htl":[{"material":{"unit":"","value":"Spiro-OMeTAD"},"concentration":{"unit":"","value":"91"},"conc_unit":{"unit":"","value":"mg\/ml"},"quantity":{"unit":"ml","value":"1.1"}}],"htl_doping":[{"material":{"unit":"","value":"tBP"},"volume":{"unit":"ul","value":"39"}},{"material":{"unit":"","value":"Li-TFSI"},"volume":{"unit":"ul","value":"23"}},{"material":{"unit":"","value":"Co-TFSI"},"volume":{"unit":"ul","value":"10"}}],"spin_coating":[{"type":{"unit":"","value":"dynamic"},"rpm":{"unit":"","value":"2000"},"time":{"unit":"s","value":"30"}}]},{"anode_metal":{"unit":"","value":"Au"}},{"note":{"unit":"","value":"-"},"ar":{"unit":"","value":"0"},"type":{"unit":"","value":"unit_cell"},"device_type":{"unit":"","value":"n-i-p"},"temperature":{"unit":"\u2103","value":"22"},"humidity":{"unit":"%","value":"19"},"cell_dimension":{"unit":"cm2","value":"0.0955"}}],"fileinfo":[{"key":"reverse16_4cell_231114","uploadType":"JV","original_name":"reverse16_4cell_231114.csv","save_name":"KAIST-SC-00252\/reverse16_4cell_231114","uploader":106,"fileType":""},{"key":"forward16_4cell_231114","uploadType":"JV","original_name":"forward16_4cell_231114.csv","save_name":"KAIST-SC-00252\/forward16_4cell_231114","uploader":106,"fileType":""},{"key":"reverse16_3cell_231114","uploadType":"JV","original_name":"reverse16_3cell_231114.csv","save_name":"KAIST-SC-00252\/reverse16_3cell_231114","uploader":106,"fileType":""},{"key":"forward16_3cell_231114","uploadType":"JV","original_name":"forward16_3cell_231114.csv","save_name":"KAIST-SC-00252\/forward16_3cell_231114","uploader":106,"fileType":""},{"key":"reverse16_2cell_231114","uploadType":"JV","original_name":"reverse16_2cell_231114.csv","save_name":"KAIST-SC-00252\/reverse16_2cell_231114","uploader":106,"fileType":""},{"key":"forward16_2cell_231114","uploadType":"JV","original_name":"forward16_2cell_231114.csv","save_name":"KAIST-SC-00252\/forward16_2cell_231114","uploader":106,"fileType":""},{"key":"reverse16_1cell_231114","uploadType":"JV","original_name":"reverse16_1cell_231114.csv","save_name":"KAIST-SC-00252\/reverse16_1cell_231114","uploader":106,"fileType":""},{"key":"forward16_1cell_231114","uploadType":"JV","original_name":"forward16_1cell_231114.csv","save_name":"KAIST-SC-00252\/forward16_1cell_231114","uploader":106,"fileType":""}],"jvcnt":8,"updated_at":"2024-08-12 01:38:38","created_at":"2023-11-14 07:37:35","analysisInfo":{"JV":[{"efficiency":8.862569,"fill_factor":47.021561,"jsc":21.293167,"voc":0.885161089,"key":"reverse16_4cell_231114","cell_dimension":0.09550000179263539},{"efficiency":9.460672,"fill_factor":49.758427,"jsc":21.52449,"voc":0.883328957,"key":"reverse16_3cell_231114","cell_dimension":0.09549999706387818},{"efficiency":9.511851,"fill_factor":49.469021,"jsc":21.822733,"voc":0.881094692,"key":"reverse16_2cell_231114","cell_dimension":0.0954999932973613},{"efficiency":8.789796,"fill_factor":46.255971,"jsc":21.616426,"voc":0.879077408,"key":"reverse16_1cell_231114","cell_dimension":0.095500005554627},{"efficiency":6.037691,"fill_factor":33.100297,"jsc":20.489486,"voc":0.890241657,"key":"forward16_4cell_231114","cell_dimension":0.09549998396754607},{"efficiency":7.110929,"fill_factor":37.713828,"jsc":21.114155,"voc":0.893001238,"key":"forward16_3cell_231114","cell_dimension":0.0954999975779739},{"efficiency":6.41534,"fill_factor":34.20109,"jsc":21.128358,"voc":0.887797675,"key":"forward16_2cell_231114","cell_dimension":0.0955000226368512},{"efficiency":5.542395,"fill_factor":30.567653,"jsc":20.348705,"voc":0.89104287,"key":"forward16_1cell_231114","cell_dimension":0.09550000177487683}]},"public":2,"tags":[],"analysis":{"JV":[{"V":{"value":[1.499981,1.482979,1.466016,1.448993,1.431991,1.415009,1.397984,1.380988,1.364001,1.346986,1.329989,1.312998,1.295996,1.278985,1.261997,1.244997,1.227978,1.210991,1.194018,1.17702,1.159987,1.142999,1.126012,1.108974,1.091993,1.075011,1.058013,1.040982,1.024,1.007005,0.989971638,0.972987175,0.956005573,0.939011574,0.921982288,0.904992342,0.88801074,0.870982647,0.853991508,0.837016821,0.819980383,0.802989244,0.785987139,0.769006968,0.751988411,0.734987736,0.717997789,0.700982094,0.68398118,0.666995525,0.650004387,0.632993937,0.616004229,0.599010229,0.581986427,0.565000534,0.548005342,0.531009912,0.513992786,0.497011185,0.480003595,0.462997437,0.445996761,0.429016352,0.412016869,0.394989014,0.378004551,0.361014605,0.343982697,0.326999664,0.310009718,0.292985678,0.275986433,0.25900054,0.242006779,0.224980116,0.207988262,0.190999508,0.173998117,0.156991482,0.139991522,0.122998476,0.106000185,0.088989258,0.071990728,0.055007219,0.037996531,0.020999074,0.004002273,-0.013001561,-0.029994965,-0.046994925,-0.063990593,-0.080991983,-0.097993135,-0.114997149,-0.131986141,-0.14898324,-0.165991306,-0.182987213,-0.199978828,-0.199980259],"unit":"V"},"I":{"value":[-0.00657928,-0.007715657,-0.008116215,-0.008277163,-0.008280217999999999,-0.008227721,-0.008058175,-0.007849857,-0.007611364,-0.007348746000000001,-0.00707303,-0.006785095,-0.006487802,-0.006179839,-0.00586611,-0.005548641,-0.005224302,-0.0049003810000000005,-0.004574463,-0.004246861,-0.003921002,-0.0035930569999999998,-0.0032647699999999997,-0.002947718,-0.002633512,-0.002327338,-0.002029076,-0.001739204,-0.00146459,-0.001205102,-0.000962734222,-0.000741243362,-0.000542983413,-0.000372588634,-0.00022870302200000002,-0.00010949373199999999,-1.3381243e-5,6.6578388e-5,0.00013655424099999998,0.00020152330399999998,0.00026601553,0.00033377111,0.000405684113,0.00048127770399999996,0.0005623400210000001,0.000648334622,0.000734388828,0.000821352005,0.000908464193,0.000995904207,0.001082316,0.0011653899999999999,0.00124763,0.001325369,0.001398474,0.001467124,0.001531884,0.001590148,0.001646668,0.001692772,0.001735434,0.001775578,0.001808375,0.00183785,0.0018630329999999998,0.001887709,0.001907125,0.001922935,0.001939937,0.0019518580000000001,0.001966283,0.001973152,0.0019830019999999998,0.0019916,0.001995549,0.002001867,0.0020050560000000003,0.002007753,0.0020125359999999997,0.0020153819999999996,0.0020194049999999997,0.002021626,0.002022043,0.0020232199999999996,0.002025366,0.00202474,0.0020291809999999997,0.002027661,0.002033547,0.002033338,0.0020332780000000003,0.0020318930000000003,0.002033547,0.0020345149999999998,0.002036184,0.002037928,0.002036259,0.0020404909999999997,0.00203681,0.00203751,0.0020384039999999997,0.0020340379999999997],"unit":"A"},"resistance":{"value":[-227.985541,-192.20379,-180.628035,-175.059191,-172.941268,-171.980737,-173.486452,-175.925193,-179.205795,-183.29468,-188.036733,-193.512154,-199.75891,-206.960807,-215.133605,-224.378641,-235.051138,-247.121788,-261.018115,-277.150504,-295.839534,-318.113186,-344.897766,-376.2145,-414.652604,-461.905766,-521.425934,-598.539361,-699.171854,-835.618513,-1028.292,-1312.642,-1760.653,-2520.237,-4031.352,-8265.243,-66362.352,13082.063,6253.863,4153.449,3082.453,2405.808,1937.436,1597.845,1337.249,1133.655,977.680708,853.449057,752.898337,669.738636,600.568006,543.160597,493.739702,451.957366,416.15821,385.107651,357.732907,333.937496,312.141169,293.607887,276.589956,260.758764,246.628455,233.433872,221.153872,209.242544,198.206477,187.741426,177.316383,167.532473,157.66284,148.486104,139.176086,130.046478,121.273307,112.385163,103.73192,95.130995,86.457148,77.896636,69.32314,60.841371,52.422323,43.983974,35.544556,27.167547,18.725062,10.356306,1.968125,-6.394196,-14.752021,-23.128647,-31.467483,-39.808985,-48.125873,-56.428478,-64.817967,-73.013444,-81.495727,-89.809222,-98.105574,-98.31686],"unit":"ohms"},"conductance":{"value":[-0.004386243,-0.005202811,-0.005536239,-0.005712354,-0.00578231,-0.005814605,-0.005764139,-0.005684234,-0.005580177,-0.005455696,-0.00531811,-0.005167634,-0.005006035,-0.004831833,-0.004648274,-0.004456752,-0.004254393,-0.004046588,-0.003831152,-0.003608148,-0.003380211,-0.003143535,-0.00289941,-0.002658058,-0.002411657,-0.002164944,-0.001917818,-0.001670734,-0.001430264,-0.001196718,-0.000972486671,-0.000761822336,-0.00056797097,-0.000396788117,-0.000248055765,-0.000120988573,-1.5068785e-5,7.6440545e-5,0.00015990117,0.000240763744,0.000324416944,0.000415660747,0.000516145995,0.0006258431,0.000747804106,0.00088210264,0.001022829,0.001171716,0.001328201,0.00149312,0.00166509,0.001841076,0.002025359,0.002212598,0.002402932,0.002596677,0.002795382,0.002994572,0.003203679,0.003405903,0.00361546,0.003834962,0.004054682,0.004283868,0.004521739,0.004779143,0.005045244,0.005326475,0.005639637,0.005968992,0.006342649,0.006734637,0.007185142,0.007689558,0.008245838,0.008897972,0.009640234,0.010511821,0.011566424,0.012837525,0.014425198,0.016436184,0.019075843,0.022735554,0.028133704,0.036808623,0.053404363,0.096559525,0.508097905,-0.156391831,-0.067787323,-0.043236425,-0.031778836,-0.025119957,-0.020778844,-0.017721548,-0.015427821,-0.013696108,-0.012270582,-0.011134714,-0.010193101,-0.010171195],"unit":"S"},"power":{"value":[-9.868793,-11.442155,-11.898502,-11.993555,-11.8572,-11.642303,-11.265202,-10.840556,-10.381905,-9.898658,-9.407055,-8.908818,-8.408166,-7.903919,-7.403016,-6.908039,-6.41533,-5.934317,-5.461989,-4.998638,-4.548313,-4.106861,-3.67617,-3.268943,-2.875776,-2.501913,-2.146789,-1.81048,-1.499741,-1.213544,-0.953079575,-0.721220285,-0.519095169,-0.34986504,-0.210860136,-0.099090989,-0.011882687,0.057988621,0.116616162,0.168678395,0.218127516,0.268014611,0.318862496,0.370105908,0.422873179,0.476517996,0.527289555,0.575753048,0.621372411,0.66426365,0.703510175,0.737684813,0.768545062,0.793909517,0.813892874,0.828925633,0.839480657,0.844384146,0.846375329,0.841326573,0.833014529,0.822087907,0.806529447,0.788467538,0.767600849,0.745624277,0.720901973,0.694207708,0.667304923,0.638257042,0.609566753,0.578105323,0.547281601,0.515825423,0.48293629,0.450380202,0.417028019,0.383479769,0.350177463,0.316397815,0.28269963,0.248656873,0.214336918,0.180044852,0.145807561,0.111375316,0.07710182,0.042578995,0.008138809,-0.026436568,-0.060988112,-0.095488637,-0.130127851,-0.164779417,-0.199532062,-0.234355852,-0.268757912,-0.303998887,-0.33809274,-0.372838327,-0.407637713,-0.406767507],"unit":"mW"},"J":{"value":[-0.068892983,-0.08079222400000001,-0.084986549,-0.086671863,-0.08670385,-0.086154145,-0.0843788,-0.082197458,-0.079700148,-0.076950221,-0.07406314,-0.071048112,-0.067935096,-0.06471036,-0.061425239,-0.058100954,-0.054704737,-0.05131289,-0.047900134000000004,-0.044469746,-0.041057614,-0.037623638,-0.034186072000000005,-0.030866156,-0.027576042000000002,-0.02437003,-0.021246870999999997,-0.018211559000000002,-0.015336025,-0.012618865,-0.010080987,-0.007761711,-0.00568569,-0.003901452,-0.002394796,-0.001146531,-0.000140117725,0.000697155898,0.001429887,0.002110192,0.002785503,0.003494985,0.004248001,0.005039557,0.005888377,0.0067888440000000005,0.007689935,0.008600545000000001,0.009512714,0.010428316,0.011333152,0.012203037,0.013064183,0.013878208000000001,0.014643706999999999,0.015362551,0.016040671,0.016650759999999997,0.017242594,0.01772536,0.018172083000000002,0.018592436,0.018935865,0.019244499,0.019508195,0.019766585,0.019969895999999997,0.020135448,0.020313480999999998,0.020438308,0.020589348,0.020661279,0.020764417,0.020854448,0.020895797,0.020961955,0.020995346,0.021023588,0.021073675,0.021103477000000002,0.021145606,0.021168855,0.021173224,0.02118555,0.021208019,0.021201466,0.021247964,0.021232048,0.021293681,0.021291497,0.021290873000000002,0.021276362,0.021293681,0.021303823000000003,0.021321299,0.021339555,0.021322078999999997,0.021366392999999997,0.021327853,0.021335186,0.021344547999999998,0.021298829999999998],"unit":"A\/cm2"},"power_density":{"value":[-103.338144,-119.813137,-124.591646,-125.586961,-124.159162,-121.908934,-117.960235,-113.513673,-108.711046,-103.650874,-98.503194,-93.28605,-88.043626,-82.76355,-77.518496,-72.335487,-67.176226,-62.139443,-57.193605,-52.341762,-47.626317,-43.003778,-38.493923,-34.229771,-30.112834,-26.198045,-22.479465,-18.957906,-15.704096,-12.707263,-9.979891,-7.552045,-5.435552,-3.663508,-2.20796,-1.037602,-0.124426045,0.607210689,1.221112,1.766266,2.284058,2.806436,3.338874,3.875455,4.427991,4.989717,5.521357,6.028828,6.506517,6.95564,7.366599,7.724448,8.047592,8.313189,8.522438,8.67985,8.790373,8.841719,8.862569,8.809702,8.722665,8.60825,8.445335,8.256205,8.037705,7.807584,7.548712,7.269191,6.987486,6.68332,6.382898,6.053459,5.730697,5.401313,5.056925,4.716023,4.366786,4.015495,3.66678,3.313066,2.960206,2.603737,2.244366,1.885286,1.526781,1.166234,0.807348899,0.445853352,0.085223128,-0.276822699,-0.638618974,-0.999881011,-1.362595,-1.725439,-2.089341,-2.453988,-2.814219,-3.183234,-3.540238,-3.904066,-4.268458,-4.259346],"unit":"mW\/cm2"},"timestamps":{"value":[0.019,0.043,0.065,0.089,0.113,0.141,0.164,0.187,0.209,0.23,0.252,0.275,0.297,0.321,0.343,0.367,0.389,0.411,0.433,0.455,0.478,0.506,0.542,0.564,0.587,0.609,0.632,0.655,0.676,0.699,0.721,0.744,0.768,0.79,0.813,0.837,0.859,0.881,0.904,0.927,0.948,0.97,0.991,1.02,1.046,1.062,1.083,1.107,1.131,1.154,1.177,1.2,1.222,1.244,1.267,1.288,1.31,1.334,1.35,1.371,1.395,1.417,1.442,1.466,1.489,1.51,1.535,1.556,1.581,1.603,1.624,1.646,1.662,1.683,1.714,1.736,1.761,1.785,1.806,1.83,1.853,1.882,1.905,1.928,1.949,1.972,1.998,2.022,2.044,2.07,2.095,2.117,2.139,2.161,2.186,2.208,2.23,2.251,2.274,2.302,2.324,2.344],"unit":"s"},"p_max":{"unit":"mW","value":0.846375329},"v_p_max":{"unit":"V","value":0.513992786},"i_p_max":{"unit":"mA","value":1.646668},"j_p_max":{"unit":"mA\/cm2","value":17.242594},"voc":{"unit":"V","value":0.885161089},"isc":{"unit":"mA","value":2.033497},"jsc":{"unit":"mA\/cm2","value":21.293167},"fill_factor":{"unit":"%","value":47.021561},"efficiency":{"unit":"%","value":8.862569},"r_s":{"unit":"ohms","value":81.039324},"r_sh":{"unit":"ohms","value":1770.281},"cell_dimension":{"value":0.09550000179263539,"unit":"cm2"},"sweep_direction":{"unit":"","value":"Reverse"},"key":"reverse16_4cell_231114"},{"V":{"value":[1.499977,1.482977,1.466013,1.448991,1.431991,1.415008,1.397982,1.380988,1.363992,1.346986,1.329985,1.312995,1.296003,1.278983,1.261996,1.244992,1.227974,1.210987,1.193998,1.177007,1.159989,1.143004,1.126013,1.10898,1.091994,1.075008,1.058017,1.040982,1.023989,1.007001,0.989973068,0.972985983,0.95600009,0.939006329,0.921986341,0.904992342,0.888005257,0.870985508,0.853992939,0.83699894,0.819984674,0.802987814,0.785988569,0.76900816,0.75198555,0.734987736,0.717995167,0.700986147,0.683969021,0.666990042,0.65000844,0.632996798,0.616005659,0.599015713,0.581986427,0.564996481,0.548010826,0.531011343,0.513995647,0.497009754,0.480003595,0.462985039,0.446002007,0.429010868,0.412012815,0.394990206,0.378007174,0.361006498,0.343972921,0.32700491,0.310008287,0.292981625,0.275990486,0.259003401,0.242009401,0.224978685,0.207992554,0.1910007,0.173999548,0.156992912,0.139991522,0.122998476,0.106000185,0.088992119,0.071990728,0.055006027,0.038004637,0.020998508,0.003999472,-0.013001978,-0.029979944,-0.046993494,-0.063990593,-0.080991983,-0.097995996,-0.114997149,-0.131983519,-0.14898324,-0.165992737,-0.182991266,-0.199981689,-0.199980259],"unit":"V"},"I":{"value":[-0.007627322999999999,-0.009013980999999999,-0.009559393,-0.009686232000000001,-0.00962846,-0.009456486,-0.009253159,-0.008985758,-0.008690818999999999,-0.008434787000000001,-0.008103251,-0.007756308,-0.007398054,-0.007037237,-0.0066715030000000005,-0.0063011939999999995,-0.005926162,-0.0055515619999999995,-0.005175903,-0.004800737,-0.004415452,-0.004047289,-0.003682524,-0.0033222589999999997,-0.002967685,-0.002621308,-0.0022832300000000002,-0.001958415,-0.001649335,-0.001357034,-0.00108555,-0.000840052962,-0.000615999103,-0.00042688846600000003,-0.00026676058800000004,-0.000133827329,-2.5302172e-5,6.6787004e-5,0.000148817897,0.000226214528,0.000305339694,0.000386819243,0.00047364831,0.0005638748409999999,0.000655263662,0.000751391053,0.000843822956,0.0009405612949999999,0.001036748,0.0011259319999999998,0.001217812,0.001302838,0.001386046,0.001459569,0.001530647,0.0015945879999999999,0.001648679,0.001700193,0.001737028,0.001784459,0.001820579,0.001851439,0.001881272,0.0019051130000000002,0.001926959,0.0019443779999999999,0.0019601139999999998,0.001971141,0.001982242,0.0019932540000000003,0.002001867,0.002010465,0.002018228,0.0020233539999999998,0.0020277949999999998,0.002029255,0.002032578,0.00203535,0.002039582,0.0020418759999999998,0.002045333,0.002047077,0.002050549,0.0020510259999999996,0.002052277,0.002052352,0.002052411,0.00205186,0.0020550489999999998,0.002057344,0.002057821,0.0020574029999999997,0.002057686,0.002059564,0.002059147,0.002059564,0.002061918,0.002061158,0.002059564,0.00206095,0.002059355,0.0020583719999999997],"unit":"A"},"resistance":{"value":[-196.658327,-164.519674,-153.358399,-149.592808,-148.72486,-149.633636,-151.081552,-153.686275,-156.946335,-159.694132,-164.129842,-169.280988,-175.18159,-181.74506,-189.162172,-197.580397,-207.212347,-218.134448,-230.684044,-245.172194,-262.71116,-282.412321,-305.772088,-333.802945,-367.961438,-410.103722,-463.386001,-531.543138,-620.849871,-742.06046,-911.955635,-1158.244,-1551.95,-2199.653,-3456.231,-6762.388,-35096.009,13041.242,5738.51,3700.023,2685.483,2075.873,1659.435,1363.792,1147.608,978.1694,850.883662,745.284918,659.725246,592.389412,533.750924,485.859822,444.433646,410.405962,380.22243,354.321257,332.393814,312.324213,295.905156,278.52129,263.654338,250.067607,237.074756,225.189144,213.815089,203.14476,192.849621,183.146,173.52722,164.055829,154.859606,145.728313,136.748902,128.006952,119.346105,110.867625,102.329433,93.841716,85.311396,76.886593,68.444354,60.084934,51.693569,43.389082,35.07846,26.801461,18.517065,10.233889,1.946169,-6.319789,-14.568784,-22.841168,-31.098321,-39.32482,-47.590584,-55.835676,-64.01006,-72.281315,-80.596057,-88.789774,-97.108878,-97.154581],"unit":"ohms"},"conductance":{"value":[-0.005084961,-0.0060783,-0.006520673,-0.006684813,-0.006723825,-0.006682989,-0.006618942,-0.006506762,-0.006371605,-0.006261971,-0.006092737,-0.005907338,-0.005708362,-0.005502213,-0.005286469,-0.005061231,-0.004825967,-0.004584329,-0.004334934,-0.004078766,-0.003806462,-0.003540922,-0.00327041,-0.002995779,-0.002717676,-0.002438408,-0.002158028,-0.001881315,-0.001610695,-0.001347599,-0.001096545,-0.000863376222,-0.000644350465,-0.00045461724,-0.000289332472,-0.000147876753,-2.8493268e-5,7.6679811e-5,0.000174261273,0.000270268596,0.00037237244,0.000481724924,0.000602614756,0.00073324949,0.000871377997,0.001022318,0.001175249,0.001341769,0.001515783,0.001688079,0.001873533,0.002058207,0.002250055,0.002436612,0.002630039,0.002822298,0.00300848,0.003201801,0.003379461,0.00359039,0.003792845,0.003998919,0.004218079,0.004440711,0.004676938,0.004922598,0.005185387,0.005460125,0.005762785,0.006095486,0.006457462,0.006862085,0.007312673,0.007812076,0.008378992,0.009019766,0.009772359,0.010656242,0.011721763,0.013006169,0.014610409,0.016643107,0.019344766,0.023047273,0.028507523,0.037311399,0.054004238,0.097714567,0.513830104,-0.158233129,-0.068639906,-0.043780599,-0.032156077,-0.025429233,-0.02101256,-0.017909696,-0.015622544,-0.013834834,-0.012407555,-0.011262558,-0.01029772,-0.010292875],"unit":"S"},"power":{"value":[-11.440807,-13.367527,-14.014196,-14.035258,-13.787871,-13.381006,-12.935747,-12.409221,-11.85421,-11.361541,-10.777206,-10.183997,-9.587899,-9.000508,-8.419411,-7.84494,-7.277172,-6.722868,-6.18002,-5.650502,-5.121875,-4.62607,-4.14657,-3.684317,-3.240694,-2.817927,-2.415697,-2.038675,-1.688902,-1.366535,-1.074665,-0.817359757,-0.588895197,-0.400850971,-0.245949618,-0.121112708,-0.022468461,0.058170513,0.127089433,0.18934132,0.25037387,0.310611139,0.372282157,0.433624354,0.492748805,0.552263209,0.605860804,0.659320438,0.709103713,0.750985258,0.791588273,0.824692488,0.853812432,0.874304608,0.890815941,0.900936699,0.903494147,0.902821604,0.892825017,0.886893408,0.873884548,0.857188778,0.839050909,0.817314379,0.793931622,0.768010274,0.740937019,0.711594531,0.681837527,0.651803787,0.620595267,0.589029205,0.557011775,0.524055612,0.490745386,0.45653913,0.422761087,0.3887532,0.354886266,0.320560109,0.286329333,0.251787329,0.217358551,0.182525117,0.14774494,0.112891721,0.078001151,0.043086,0.00821911,-0.026749539,-0.061693346,-0.096684571,-0.131672576,-0.166808173,-0.201788139,-0.236843987,-0.272139243,-0.30707806,-0.341872664,-0.377135814,-0.411833368,-0.411633746],"unit":"mW"},"J":{"value":[-0.07986725900000001,-0.094387232,-0.100098355,-0.101426509,-0.100821569,-0.099020791,-0.096891719,-0.094091705,-0.091003342,-0.08832238099999999,-0.084850801,-0.081217882,-0.07746653399999999,-0.073688349,-0.069858672,-0.065981094,-0.062054052,-0.058131536,-0.054197942,-0.050269496,-0.046235105,-0.042379995000000004,-0.03856046,-0.034788048,-0.03107524,-0.027448251,-0.023908172000000002,-0.020506962,-0.017270524000000002,-0.014209778999999999,-0.011367011,-0.008796366000000002,-0.006450252,-0.004470036,-0.0027933050000000003,-0.0014013329999999998,-0.000264944206,0.000699340361,0.001558303,0.0023687390000000003,0.0031972740000000004,0.004050463,0.0049596679999999995,0.005904449,0.0068614,0.007867969,0.008835842,0.009848809,0.010856003,0.011789861,0.012751961,0.013642286,0.014513574999999999,0.015283442000000001,0.01602772,0.016697258000000003,0.017263658,0.017803065,0.018188779,0.018685432,0.019063656000000002,0.019386801,0.019699179,0.019948832,0.020177577,0.020359979,0.02052475,0.020640215,0.020756458999999998,0.020871768,0.020961955,0.021051985999999998,0.021133279,0.021186955,0.021233453,0.021248744,0.021283539,0.021312560999999997,0.021356874999999997,0.021380904000000003,0.021417104,0.021435358999999998,0.021471715,0.021476707999999997,0.021489815,0.021490594999999998,0.021491219000000002,0.021485446,0.021518837000000002,0.021542866,0.021547859,0.02154349,0.021546455000000003,0.021566115,0.021561746,0.021566115,0.021590768,0.021582811,0.021566115,0.021580626,0.021563931,0.021553632],"unit":"A\/cm2"},"power_density":{"value":[-119.799023,-139.974108,-146.745509,-146.966057,-144.375613,-140.115241,-135.452845,-129.939482,-124.12785,-118.969016,-112.850324,-106.638708,-100.39685,-94.246154,-88.161367,-82.145966,-76.200759,-70.396526,-64.712252,-59.167559,-53.632196,-48.440521,-43.419581,-38.579239,-33.93397,-29.507094,-25.295253,-21.347379,-17.684834,-14.309263,-11.253035,-8.558741,-6.166442,-4.197392,-2.575389,-1.268196,-0.235271848,0.60911532,1.330779,1.982632,2.621716,3.252473,3.898242,4.540569,5.159673,5.782861,6.344092,6.903879,7.42517,7.86372,8.288882,8.635523,8.940444,9.155022,9.327916,9.433892,9.460672,9.453629,9.348953,9.286842,9.150624,8.975799,8.785873,8.558266,8.31342,8.041992,7.758503,7.451252,7.13966,6.825171,6.49838,6.167845,5.832584,5.487493,5.138695,4.780514,4.426818,4.070714,3.716087,3.35665,2.998213,2.636517,2.276006,1.911258,1.547067,1.182112,0.816765981,0.451162304,0.086063979,-0.280099881,-0.646003619,-1.012404,-1.37877,-1.746682,-2.112965,-2.480042,-2.849626,-3.215477,-3.579818,-3.949066,-4.312391,-4.310301],"unit":"mW\/cm2"},"timestamps":{"value":[0.018,0.043,0.068,0.092,0.115,0.137,0.162,0.183,0.204,0.251,0.276,0.299,0.321,0.345,0.374,0.396,0.418,0.445,0.467,0.492,0.53,0.553,0.577,0.599,0.62,0.645,0.668,0.69,0.713,0.735,0.758,0.779,0.806,0.827,0.85,0.873,0.896,0.917,0.939,0.963,0.986,1.022,1.044,1.068,1.095,1.118,1.151,1.174,1.198,1.227,1.249,1.271,1.294,1.318,1.341,1.364,1.389,1.414,1.449,1.472,1.495,1.527,1.549,1.572,1.593,1.615,1.639,1.661,1.685,1.707,1.733,1.755,1.777,1.8,1.821,1.847,1.871,1.893,1.916,1.94,1.963,1.985,2.007,2.029,2.056,2.083,2.104,2.135,2.161,2.195,2.219,2.243,2.272,2.296,2.322,2.346,2.382,2.406,2.429,2.457,2.479,2.5],"unit":"s"},"p_max":{"unit":"mW","value":0.903494147},"v_p_max":{"unit":"V","value":0.548010826},"i_p_max":{"unit":"mA","value":1.648679},"j_p_max":{"unit":"mA\/cm2","value":17.263658},"voc":{"unit":"V","value":0.883328957},"isc":{"unit":"mA","value":2.055589},"jsc":{"unit":"mA\/cm2","value":21.52449},"fill_factor":{"unit":"%","value":49.758427},"efficiency":{"unit":"%","value":9.460672},"r_s":{"unit":"ohms","value":68.747451},"r_sh":{"unit":"ohms","value":1755.979},"cell_dimension":{"value":0.09549999706387818,"unit":"cm2"},"sweep_direction":{"unit":"","value":"Reverse"},"key":"reverse16_3cell_231114"},{"V":{"value":[1.499962,1.482979,1.466015,1.448993,1.431984,1.415004,1.397987,1.380985,1.364009,1.346993,1.329987,1.312995,1.296,1.278985,1.261997,1.244994,1.227973,1.210992,1.193994,1.177009,1.159989,1.142998,1.126008,1.108977,1.091989,1.07501,1.058013,1.040983,1.024002,1.006998,0.989975691,0.972999573,0.956002951,0.939010382,0.921982288,0.904992342,0.88800931,0.870982647,0.85399437,0.837001801,0.819979191,0.802990675,0.785987139,0.769002676,0.751993895,0.734983444,0.717996359,0.700982094,0.683986664,0.66700244,0.649987936,0.632996798,0.616001368,0.59901166,0.581984997,0.56499505,0.548010826,0.531009912,0.513991594,0.497008562,0.480003595,0.462986469,0.446000814,0.429009438,0.412011623,0.394986153,0.37800312,0.361006498,0.34398675,0.326996803,0.310007095,0.292981625,0.276002645,0.258997917,0.242006779,0.224978685,0.207992554,0.190994024,0.174002171,0.156994343,0.139991522,0.123001337,0.106002808,0.088989258,0.071992159,0.055003166,0.038004637,0.020996541,0.003998339,-0.012997329,-0.030000448,-0.046997547,-0.06401515,-0.080990553,-0.097995996,-0.114998579,-0.131987572,-0.14898324,-0.165991306,-0.182985783,-0.199976206,-0.199981689],"unit":"V"},"I":{"value":[-0.006589755,-0.008448318,-0.008995876000000002,-0.009111688,-0.009101704,-0.00896363,-0.008766681,-0.008537978,-0.008272304999999999,-0.007981061999999999,-0.007679597,-0.007369071,-0.007040843,-0.006707564,-0.006368041,-0.006022289,-0.005674779,-0.005322917999999999,-0.004972025999999999,-0.004617169,-0.004266486,-0.00391601,-0.003567189,-0.003221497,-0.00288704,-0.002557576,-0.002231851,-0.001921102,-0.001623467,-0.0013437269999999999,-0.0010808999999999999,-0.000838533044,-0.000621542335,-0.000433683395,-0.00027577579,-0.000137776136,-3.5285950000000004e-5,5.1602721e-5,0.000128015876,0.00019958615299999998,0.000271782279,0.000349313021,0.000432044268,0.000519141555,0.000610753894,0.000705614686,0.000801041722,0.000900477171,0.000999093056,0.00109604,0.001190349,0.001278639,0.0013653930000000001,0.001447499,0.001521766,0.001590282,0.001654223,0.001710668,0.001762748,0.0018047690000000001,0.001845136,0.0018801540000000002,0.001909629,0.0019329940000000002,0.00195533,0.001975507,0.001990482,0.002002075,0.0020162170000000003,0.002027109,0.002035424,0.002043471,0.0020499230000000004,0.00204742,0.002055332,0.002060324,0.002065316,0.002066419,0.002072662,0.0020731540000000002,0.002074599,0.002074882,0.00207904,0.00207904,0.002080709,0.002083197,0.002079874,0.002083406,0.002083272,0.002086669,0.0020857749999999998,0.0020872209999999998,0.002087921,0.00208661,0.002088681,0.002086118,0.002090901,0.002088964,0.002090827,0.0020902159999999998,0.002088681,0.002086669],"unit":"A"},"resistance":{"value":[-227.620226,-175.535372,-162.965193,-159.025805,-157.331469,-157.860634,-159.465952,-161.746118,-164.888582,-168.773652,-173.184464,-178.176515,-184.068893,-190.677949,-198.176716,-206.731003,-216.391274,-227.50534,-240.142417,-254.919952,-271.883878,-291.878067,-315.656895,-344.242711,-378.238064,-420.323662,-474.051744,-541.867751,-630.750168,-749.406849,-915.880559,-1160.359,-1538.114,-2165.198,-3343.231,-6568.571,-25166.088,16878.619,6671.004,4193.687,3017.044,2298.771,1819.228,1481.297,1231.255,1041.622,896.328292,778.456263,684.607565,608.556652,546.047995,495.055193,451.153028,413.825324,382.440484,355.279849,331.279976,310.410815,291.585447,275.386241,260.145334,246.249225,233.553705,221.940441,210.712026,199.941708,189.905299,180.316143,170.610025,161.311878,152.305897,143.374514,134.640498,126.49968,117.745829,109.195782,100.707383,92.427561,83.951055,75.7273,67.478825,59.281113,50.986425,42.803056,34.599825,26.403245,18.272564,10.077989,1.91926,-6.228744,-14.383357,-22.516809,-30.659758,-38.814425,-46.917649,-55.125638,-63.124731,-71.3192,-79.390277,-87.543972,-95.742825,-95.837754],"unit":"ohms"},"conductance":{"value":[-0.004393283,-0.005696857,-0.00613628,-0.006288288,-0.006356008,-0.006334702,-0.006270931,-0.006182529,-0.006064701,-0.005925095,-0.00577419,-0.005612412,-0.005432748,-0.005244445,-0.005046001,-0.004837204,-0.004621258,-0.004395501,-0.004164196,-0.0039228,-0.003678041,-0.003426088,-0.003167997,-0.002904927,-0.002643838,-0.002379119,-0.002109474,-0.001845469,-0.001585414,-0.001334389,-0.001091845,-0.000861802068,-0.000650146879,-0.000461851545,-0.000299111809,-0.000152240113,-3.9736013e-5,5.9246555e-5,0.000149902482,0.000238453672,0.000331450215,0.00043501504,0.000549683635,0.000675084198,0.000812179325,0.000960041606,0.001115663,0.001284594,0.001460691,0.001643232,0.001831341,0.002019977,0.002216543,0.002416479,0.002614786,0.002814683,0.003018595,0.003221537,0.003429526,0.003631263,0.003844005,0.004060926,0.00428167,0.004505713,0.004745814,0.005001458,0.005265782,0.005545815,0.00586132,0.006199172,0.006565734,0.00697474,0.007427186,0.007905158,0.00849287,0.009157863,0.009929759,0.010819284,0.011911703,0.013205277,0.014819464,0.016868779,0.019613064,0.023362818,0.02890188,0.037874133,0.054726856,0.099226147,0.521034272,-0.160545999,-0.069524799,-0.044411266,-0.032616043,-0.025763617,-0.021313941,-0.018140379,-0.015841652,-0.01402147,-0.012596001,-0.011422831,-0.010444647,-0.010434301],"unit":"S"},"power":{"value":[-9.88438,-12.528674,-13.188085,-13.202776,-13.033498,-12.683574,-12.255707,-11.790818,-11.283496,-10.750434,-10.213762,-9.675557,-9.124935,-8.578871,-8.036452,-7.497714,-6.968474,-6.446013,-5.93657,-5.434448,-4.949075,-4.47599,-4.016683,-3.572565,-3.152615,-2.749418,-2.361328,-1.999836,-1.662433,-1.353131,-1.070065,-0.815892293,-0.594196306,-0.407233211,-0.254260394,-0.124686348,-0.031334252,0.044945075,0.109324837,0.167053969,0.222855813,0.280495098,0.339581238,0.399221245,0.459283199,0.518615112,0.57514504,0.631218373,0.683366326,0.731061361,0.773712788,0.809374291,0.841084202,0.867068658,0.885645089,0.898501303,0.906531898,0.908381774,0.906037534,0.896985665,0.885672051,0.870485868,0.851695871,0.829272468,0.805618841,0.780297729,0.752408487,0.722762199,0.693551766,0.66285825,0.630995917,0.598699377,0.565784155,0.530277399,0.497404292,0.463528975,0.429570316,0.394673591,0.360647707,0.325473427,0.290426308,0.255213308,0.220384057,0.18501221,0.149794714,0.114582444,0.079044866,0.043744316,0.008329627,-0.027121127,-0.062574189,-0.098094246,-0.13365857,-0.168995665,-0.204682363,-0.23990059,-0.275972964,-0.311220623,-0.347059044,-0.382479753,-0.417686474,-0.417295633],"unit":"mW"},"J":{"value":[-0.069002675,-0.08846405900000001,-0.094197651,-0.095410341,-0.095305799,-0.093859996,-0.091797706,-0.08940291,-0.086620996,-0.083571329,-0.080414623,-0.07716305,-0.073726109,-0.070236272,-0.06668105799999999,-0.063060622,-0.059421774,-0.055737364,-0.052063096999999996,-0.048347325,-0.044675242,-0.04100534300000001,-0.037352764000000004,-0.033732952,-0.030230789,-0.026780896999999998,-0.023370170000000003,-0.020116256,-0.016999649999999998,-0.014070441000000001,-0.011318329,-0.008780451,-0.006508297,-0.0045411869999999995,-0.002887705,-0.001442682,-0.000369486384,0.000540342631,0.0013404799999999998,0.0020899070000000002,0.002845888,0.0036577280000000003,0.004524024,0.0054360369999999995,0.006395329,0.007388635,0.008387871,0.009429080000000001,0.010461707,0.011476858999999999,0.012464392,0.013388888,0.014297313,0.015157055,0.015934724,0.016652165,0.017321703,0.017912756000000002,0.018458092000000002,0.018898105000000002,0.019320799,0.019687477000000002,0.01999611,0.02024077,0.020474664,0.020685932,0.020842746000000002,0.020964139,0.021112215,0.021226275000000003,0.021313342,0.021397599,0.021465162,0.021438948,0.021521802,0.021574073,0.021626344,0.02163789,0.021703268,0.021708417,0.021723553,0.021726517,0.021770050000000003,0.021770050000000003,0.021787525999999998,0.021813584,0.021778788,0.021815768,0.021814364000000003,0.021849939,0.021840577,0.021855713000000002,0.021863046,0.021849315,0.021871004,0.021844166,0.021894253,0.021873968,0.021893473,0.021887075,0.021871004,0.021849939],"unit":"A\/cm2"},"power_density":{"value":[-103.501363,-131.190305,-138.095135,-138.248958,-136.476419,-132.812293,-128.332012,-123.464059,-118.151789,-112.569993,-106.950389,-101.314732,-95.549055,-89.831107,-84.151326,-78.510091,-72.968319,-67.497521,-62.16304,-56.905218,-51.822773,-46.869005,-42.059504,-37.409063,-33.011676,-28.789721,-24.725943,-20.940689,-17.407673,-14.16891,-11.204871,-8.543375,-6.221951,-4.264222,-2.662413,-1.305616,-0.328107349,0.470629055,1.144763,1.749256,2.333569,2.937121,3.555824,4.180327,4.809248,5.430525,6.022461,6.609616,7.155668,7.655093,8.101705,8.475123,8.807164,9.079253,9.273771,9.408391,9.492481,9.511851,9.487304,9.39252,9.274053,9.115035,8.918281,8.683481,8.435799,8.170657,7.878623,7.568191,7.262322,6.940924,6.607287,6.269103,5.924441,5.552643,5.208422,4.853707,4.498118,4.132708,3.776416,3.408099,3.041113,2.672391,2.307686,1.937301,1.568531,1.199816,0.827694936,0.458055664,0.087221225,-0.283990855,-0.65522711,-1.027165,-1.399566,-1.769588,-2.143271,-2.512048,-2.889769,-3.258855,-3.634126,-4.005024,-4.37368,-4.369588],"unit":"mW\/cm2"},"timestamps":{"value":[0.019,0.043,0.069,0.091,0.115,0.137,0.159,0.182,0.204,0.225,0.247,0.272,0.294,0.315,0.34,0.363,0.389,0.41,0.433,0.461,0.484,0.507,0.535,0.562,0.584,0.606,0.634,0.657,0.679,0.701,0.723,0.746,0.772,0.796,0.819,0.856,0.879,0.902,0.927,0.95,0.973,1.007,1.032,1.054,1.077,1.1,1.128,1.151,1.173,1.196,1.217,1.243,1.266,1.287,1.312,1.335,1.358,1.38,1.405,1.429,1.45,1.472,1.494,1.521,1.542,1.566,1.59,1.619,1.642,1.665,1.689,1.711,1.735,1.769,1.793,1.823,1.847,1.868,1.89,1.911,1.936,1.957,1.978,1.999,2.021,2.047,2.079,2.101,2.127,2.149,2.175,2.2,2.221,2.244,2.266,2.292,2.314,2.337,2.36,2.383,2.41,2.431],"unit":"s"},"p_max":{"unit":"mW","value":0.908381774},"v_p_max":{"unit":"V","value":0.531009912},"i_p_max":{"unit":"mA","value":1.710668},"j_p_max":{"unit":"mA\/cm2","value":17.912756},"voc":{"unit":"V","value":0.881094692},"isc":{"unit":"mA","value":2.084071},"jsc":{"unit":"mA\/cm2","value":21.822733},"fill_factor":{"unit":"%","value":49.469021},"efficiency":{"unit":"%","value":9.511851},"r_s":{"unit":"ohms","value":73.594894},"r_sh":{"unit":"ohms","value":1887.738},"cell_dimension":{"value":0.0954999932973613,"unit":"cm2"},"sweep_direction":{"unit":"","value":"Reverse"},"key":"reverse16_2cell_231114"},{"V":{"value":[1.499983,1.482987,1.466019,1.448993,1.431993,1.415009,1.397986,1.380988,1.364003,1.346983,1.329987,1.312993,1.296003,1.278989,1.261997,1.244997,1.227975,1.210988,1.193997,1.177007,1.159986,1.142981,1.126012,1.10898,1.09199,1.075008,1.058017,1.040983,1.024002,1.007004,0.989974499,0.972990036,0.956009626,0.939007521,0.921980858,0.90499115,0.888006687,0.870988131,0.853991508,0.837001801,0.819981813,0.802986622,0.785999537,0.769011021,0.751989841,0.734991789,0.717993736,0.700986147,0.683984041,0.666996956,0.65000701,0.632996798,0.616000175,0.59901166,0.581986427,0.565000534,0.548007965,0.531009912,0.513995647,0.497007132,0.480006456,0.462968826,0.445995331,0.428997278,0.412012815,0.394989014,0.378008604,0.361007929,0.34398675,0.326996803,0.310005665,0.292981625,0.275991917,0.258995295,0.242009401,0.224981308,0.207989693,0.190998077,0.173994064,0.156994343,0.139991522,0.122995853,0.106001377,0.088974237,0.071999073,0.055004597,0.038002014,0.020998925,0.004003972,-0.012999028,-0.029997826,-0.046992064,-0.063993454,-0.080990553,-0.097997189,-0.114998579,-0.131986141,-0.148986101,-0.165994167,-0.182991266,-0.199980259,-0.199980259],"unit":"V"},"I":{"value":[-0.005346984,-0.006352648000000001,-0.006722063,-0.006954163,-0.006967694,-0.006914079,-0.006801113,-0.006644606999999999,-0.006466582,-0.006266460000000001,-0.006063341999999999,-0.005832344,-0.005584493,-0.005344629,-0.005082637,-0.004815444,-0.004542142,-0.004268706,-0.003992155,-0.0037153209999999997,-0.003436685,-0.003159642,-0.00288406,-0.002610281,-0.002341419,-0.002076298,-0.001817644,-0.001572222,-0.001332834,-0.001105234,-0.0008918643,-0.000696927309,-0.0005201548339999999,-0.000367045403,-0.000236183405,-0.00012724101500000002,-3.8966537e-5,3.5300851e-5,9.833276300000001e-5,0.000156313181,0.000214353204,0.000275805593,0.000342786312,0.000415116549,0.000492781401,0.0005749017,0.000661164522,0.000749230385,0.000838279724,0.000928357244,0.0010170490000000001,0.001101866,0.0011904239999999998,0.001274198,0.001353532,0.001433283,0.0015042279999999998,0.0015713569999999998,0.001633137,0.001687154,0.001735434,0.001779318,0.001814902,0.001847357,0.0018768309999999998,0.0019029679999999999,0.001925573,0.0019451380000000001,0.001960531,0.00197731,0.001986742,0.001998261,0.002004698,0.002014071,0.0020217,0.002028495,0.0020337550000000004,0.002037153,0.0020412499999999997,0.002046525,0.002049506,0.002052829,0.002052486,0.002058655,0.002060175,0.002063781,0.002061918,0.002063572,0.00206393,0.0020657930000000002,0.00206393,0.002067462,0.002066001,0.002065033,0.002062961,0.00206697,0.002067536,0.0020692650000000003,0.002069965,0.002070576,0.002070576,0.002066419],"unit":"A"},"resistance":{"value":[-280.528874,-233.443858,-218.090594,-208.363448,-205.518873,-204.656247,-205.552473,-207.835878,-210.931075,-214.95126,-219.3488,-225.122651,-232.071703,-239.30352,-248.295805,-258.542402,-270.351593,-283.689794,-299.085854,-316.798216,-337.530542,-361.743822,-390.425925,-424.850679,-466.37938,-517.752343,-582.081653,-662.109904,-768.288893,-911.122676,-1110.006,-1396.114,-1837.933,-2558.287,-3903.665,-7112.417,-22788.956,24673.29,8684.71,5354.646,3825.377,2911.423,2292.972,1852.518,1526.011,1278.465,1085.953,935.608274,815.937713,718.470137,639.110838,574.476922,517.462848,470.108666,429.976088,394.200237,364.311886,337.930736,314.728955,294.583115,276.591604,260.19456,245.740747,232.22224,219.525788,207.56475,196.309697,185.595024,175.45592,165.374611,156.037201,146.618325,137.672571,128.592948,119.705883,110.910453,102.268795,93.757371,85.238959,76.712626,68.305017,59.915304,51.645361,43.219596,34.948038,26.652342,18.430416,10.176006,1.939975,-6.292513,-14.534323,-22.729352,-30.974547,-39.219985,-47.50316,-55.636311,-63.837405,-71.999539,-80.191775,-88.376988,-96.581948,-96.776261],"unit":"ohms"},"conductance":{"value":[-0.003564695,-0.004283685,-0.00458525,-0.004799306,-0.004865733,-0.004886242,-0.004864938,-0.004811489,-0.004740885,-0.004652217,-0.004558949,-0.004442023,-0.004309013,-0.004178794,-0.004027454,-0.003867838,-0.003698887,-0.003524977,-0.003343522,-0.003156583,-0.002962695,-0.002764387,-0.002561305,-0.002353768,-0.002144177,-0.001931425,-0.001717972,-0.001510323,-0.001301594,-0.001097547,-0.000900896236,-0.00071627384,-0.000544089536,-0.000390886542,-0.000256169532,-0.000140599182,-4.3880904e-5,4.0529658e-5,0.000115144895,0.000186753697,0.000261412144,0.000343474704,0.000436115158,0.000539805721,0.000655303268,0.000782187922,0.000920849986,0.001068823,0.001225584,0.001391846,0.001564674,0.001740714,0.001932506,0.002127168,0.002325711,0.002536782,0.002744901,0.002959186,0.003177337,0.003394628,0.003615439,0.003843278,0.004069329,0.00430622,0.004555273,0.004817774,0.005093992,0.005388076,0.005699437,0.006046877,0.006408728,0.00682043,0.007263611,0.007776476,0.008353808,0.009016283,0.009778154,0.010665828,0.011731725,0.013035664,0.014640213,0.016690227,0.019362823,0.023137653,0.028613909,0.037520156,0.054258134,0.098270383,0.51547067,-0.158919012,-0.068802655,-0.043995974,-0.032284572,-0.025497205,-0.021051231,-0.017973873,-0.015664797,-0.013888978,-0.012470107,-0.011315163,-0.010353902,-0.010333113],"unit":"S"},"power":{"value":[-8.020386,-9.420893,-9.85467,-10.076537,-9.977685,-9.783488,-9.507859,-9.17612,-8.820439,-8.440818,-8.064165,-7.657826,-7.237519,-6.83572,-6.414275,-5.995212,-5.577639,-5.169353,-4.766622,-4.37296,-3.986506,-3.611411,-3.247486,-2.894749,-2.556806,-2.232037,-1.923098,-1.636657,-1.364825,-1.112975,-0.882922913,-0.678103328,-0.497273028,-0.344658393,-0.217756578,-0.115151993,-0.034602545,0.030746622,0.083975344,0.130834414,0.175765729,0.221468201,0.269429882,0.319229201,0.370566607,0.422548029,0.474711986,0.525200121,0.573369953,0.619211455,0.66108895,0.69747788,0.733301372,0.763259635,0.787737297,0.809805712,0.824328662,0.834406276,0.839425548,0.838527656,0.833019494,0.823768699,0.809437742,0.792510935,0.773278447,0.751651331,0.727883068,0.702210233,0.674396644,0.646573913,0.615901281,0.585453642,0.553280421,0.521634847,0.489270441,0.456373475,0.423000116,0.389092239,0.355165465,0.321292923,0.286913423,0.252489414,0.217566336,0.183167261,0.148330686,0.113517443,0.078357051,0.043332802,0.008263918,-0.026853297,-0.061913413,-0.097154287,-0.132210559,-0.167248142,-0.202164423,-0.237698598,-0.272886114,-0.308291673,-0.343602117,-0.378897315,-0.414074315,-0.413242912],"unit":"mW"},"J":{"value":[-0.055989358,-0.06651987599999999,-0.070388092,-0.072818464,-0.072960142,-0.072398735,-0.071215848,-0.069577032,-0.067712905,-0.06561738,-0.063490493,-0.061071668,-0.058476369,-0.055964705000000003,-0.053221331,-0.050423501,-0.047561698,-0.044698491,-0.041802672,-0.038903889,-0.035986226,-0.033085259,-0.030199583000000002,-0.027332785999999998,-0.024517481,-0.02174134,-0.019032918,-0.016463053,-0.013956381,-0.011573131,-0.009338893000000001,-0.007297668,-0.005446647,-0.003843407,-0.002473125,-0.001332367,-0.00040802655999999996,0.000369642417,0.001029662,0.001636787,0.002244536,0.002888017,0.003589385,0.004346770000000001,0.005160015,0.006019913,0.006923189,0.007845344,0.008777798,0.009721018000000001,0.010649727000000001,0.011537868,0.012465172,0.013342390999999999,0.014173111,0.015008200000000001,0.015751073,0.016454003000000002,0.017100916,0.017666536,0.018172083000000002,0.018631601,0.019004207999999998,0.019344048,0.019652681,0.019926363,0.020163065,0.020367937000000003,0.020529119000000002,0.020704812,0.020803581,0.020924195,0.020991601,0.021089746000000003,0.021169635,0.021240786,0.021295866,0.021331441000000003,0.02137435,0.021429586,0.021460793,0.021495588000000003,0.021491999,0.021556597,0.021572512,0.021610272,0.021590768,0.021608087999999998,0.021611833,0.021631336999999997,0.021611833,0.021648813,0.021633521,0.021623379,0.021601691,0.021643664,0.021649592999999998,0.021667693,0.021675026,0.021681424,0.021681424,0.02163789],"unit":"A\/cm2"},"power_density":{"value":[-83.983102,-98.64809,-103.190258,-105.513477,-104.478378,-102.444898,-99.558737,-96.085022,-92.360618,-88.385524,-84.441518,-80.186661,-75.785542,-71.578219,-67.165184,-62.777085,-58.404594,-54.129348,-49.912271,-45.790158,-41.743519,-37.815824,-34.005088,-30.311505,-26.772838,-23.372118,-20.137151,-17.137765,-14.29136,-11.654187,-9.245266,-7.100558,-5.207047,-3.608988,-2.280174,-1.20578,-0.362330314,0.321954158,0.879322978,1.369994,1.840479,2.319039,2.821255,3.342714,3.880279,4.424587,4.970806,5.499478,6.003874,6.48389,6.922397,7.303433,7.678548,7.992247,8.248558,8.479641,8.631714,8.737238,8.789796,8.780394,8.722717,8.62585,8.475788,8.298544,8.097157,7.870695,7.621812,7.352987,7.061745,6.770407,6.449228,6.130405,5.793512,5.462145,5.123251,4.77878,4.429321,4.074264,3.71901,3.364324,3.004329,2.643868,2.278182,1.917982,1.553201,1.188664,0.820492685,0.453746619,0.086533169,-0.281186354,-0.648307992,-1.017322,-1.384404,-1.751289,-2.116905,-2.488991,-2.857446,-3.228185,-3.597928,-3.967511,-4.335857,-4.327151],"unit":"mW\/cm2"},"timestamps":{"value":[0.018,0.042,0.064,0.091,0.113,0.136,0.159,0.18,0.202,0.225,0.254,0.277,0.299,0.334,0.356,0.379,0.4,0.423,0.45,0.474,0.499,0.523,0.546,0.568,0.592,0.615,0.64,0.656,0.678,0.7,0.724,0.745,0.768,0.79,0.812,0.835,0.856,0.883,0.907,0.928,0.951,0.974,1.001,1.028,1.051,1.074,1.097,1.118,1.147,1.169,1.194,1.236,1.261,1.295,1.329,1.351,1.372,1.395,1.417,1.438,1.461,1.483,1.505,1.529,1.553,1.578,1.601,1.623,1.644,1.665,1.69,1.713,1.736,1.759,1.78,1.803,1.827,1.854,1.876,1.897,1.92,1.943,1.969,1.99,2.013,2.037,2.063,2.087,2.11,2.139,2.173,2.197,2.219,2.255,2.277,2.299,2.323,2.345,2.367,2.388,2.414,2.437],"unit":"s"},"p_max":{"unit":"mW","value":0.839425548},"v_p_max":{"unit":"V","value":0.513995647},"i_p_max":{"unit":"mA","value":1.633137},"j_p_max":{"unit":"mA\/cm2","value":17.100916},"voc":{"unit":"V","value":0.879077408},"isc":{"unit":"mA","value":2.064369},"jsc":{"unit":"mA\/cm2","value":21.616426},"fill_factor":{"unit":"%","value":46.255971},"efficiency":{"unit":"%","value":8.789796},"r_s":{"unit":"ohms","value":95.185072},"r_sh":{"unit":"ohms","value":1590.213},"cell_dimension":{"value":0.095500005554627,"unit":"cm2"},"sweep_direction":{"unit":"","value":"Reverse"},"key":"reverse16_1cell_231114"},{"V":{"value":[-0.199974775,-0.182988644,-0.165994167,-0.14898324,-0.131984711,-0.114997149,-0.097995996,-0.080991983,-0.063990593,-0.046997547,-0.029994965,-0.012995631,0.004002005,0.02099964,0.038007498,0.055003166,0.07199502,0.088994741,0.106000185,0.122999907,0.139991522,0.156988859,0.174000978,0.190995216,0.207989693,0.224980116,0.242009401,0.25900054,0.275986433,0.292981625,0.310007095,0.326998234,0.343998909,0.361010551,0.378004551,0.394991636,0.412011623,0.429009438,0.446003437,0.462983847,0.480006456,0.497009754,0.51399827,0.531015396,0.548007965,0.565000534,0.58198905,0.599014282,0.616005659,0.632996798,0.650005579,0.666992903,0.683974504,0.70097661,0.71799922,0.734987736,0.751988411,0.769013643,0.785988569,0.802987814,0.819980383,0.837001801,0.853991508,0.870985508,0.888013601,0.90499115,0.921980858,0.939010382,0.955998898,0.972984552,0.989977121,1.007005,1.024009,1.04097,1.058025,1.075011,1.091998,1.108977,1.126012,1.142995,1.159989,1.177006,1.194,1.210988,1.227978,1.244992,1.262,1.278989,1.296,1.312995,1.329987,1.346985,1.364001,1.380969,1.397995,1.415008,1.431988,1.448995,1.466016,1.482985,1.499986,1.499985],"unit":"V"},"I":{"value":[0.001706585,0.001990065,0.001990348,0.001990005,0.001985848,0.001984447,0.00198105,0.001977935,0.001974046,0.001967117,0.001963854,0.001960665,0.001955539,0.001947984,0.001939788,0.001930714,0.001921833,0.001912057,0.0019012990000000002,0.0018907639999999999,0.001875445,0.0018642099999999998,0.001850128,0.001832098,0.001811221,0.00178951,0.001767531,0.001740903,0.0017100420000000002,0.001678705,0.00164409,0.001632854,0.00158675,0.0015430600000000002,0.001500681,0.001451313,0.001397848,0.001344025,0.001286745,0.001223579,0.001163378,0.001099572,0.001036331,0.0009730905290000001,0.000908866525,0.000847637653,0.000783145428,0.000720247626,0.000660404563,0.000602707267,0.000547155738,0.000503957272,0.00044396519699999997,0.000401943922,0.000360891223,0.000324964523,0.000291198492,0.00026102364099999997,0.000230580568,0.000200688839,0.000170394778,0.000138148665,0.00010201335,5.8248638999999997e-5,8.389354e-6,-5.5536627999999996e-5,-0.000133693218,-0.00022570788899999998,-0.00033584237099999997,-0.000455603003,-0.000598043203,-0.0007619112730000001,-0.000944569707,-0.00114359,-0.001362726,-0.0015973299999999999,-0.001848713,-0.002115488,-0.002395645,-0.002690718,-0.002996534,-0.003316224,-0.00364542,-0.0039792510000000005,-0.004337981,-0.004698381000000001,-0.005071118,-0.005439773,-0.0058176370000000005,-0.006200984,-0.006590307,-0.006986752,-0.007389948,-0.007796183,-0.008206293,-0.008618832,-0.009039149,-0.009460851999999999,-0.009890735,-0.010319710000000001,-0.010748416,-0.010786757],"unit":"A"},"resistance":{"value":[-117.178307,-91.95109,-83.399566,-74.865748,-66.462647,-57.949209,-49.466701,-40.947739,-32.415955,-23.891585,-15.273522,-6.628175,2.046497,10.780191,19.59363,28.488516,37.461651,46.54397,55.751462,65.053031,74.64442,84.212014,94.048067,104.249467,114.833952,125.721613,136.919463,148.773705,161.391577,174.528334,188.558491,200.261729,216.794628,233.957568,251.888669,272.161485,294.747058,319.197481,346.613674,378.384909,412.597031,452.00309,495.978834,545.699891,602.957585,666.559032,743.143009,831.678246,932.770144,1050.256,1187.972,1323.511,1540.604,1743.966,1989.517,2261.748,2582.391,2946.146,3408.737,4001.158,4812.239,6058.703,8371.37,14952.89,105850.06,-16295.393,-6896.243,-4160.29,-2846.57,-2135.597,-1655.361,-1321.683,-1084.101,-910.265216,-776.403364,-673.004823,-590.680305,-524.217965,-470.024545,-424.791844,-387.110108,-354.923522,-327.534205,-304.3257,-283.075959,-264.983308,-248.860304,-235.118001,-222.770908,-211.739848,-201.809545,-192.791276,-184.575128,-177.13393,-170.356486,-164.176349,-158.420724,-153.156894,-148.221141,-143.704163,-139.554158,-139.057991],"unit":"ohms"},"conductance":{"value":[-0.008534003,-0.010875347,-0.01199047,-0.013357243,-0.015046045,-0.017256491,-0.020215619,-0.024421373,-0.030849007,-0.041855742,-0.065472784,-0.150871094,0.488639833,0.092762737,0.051036995,0.035101864,0.026693965,0.02148506,0.017936749,0.015372074,0.013396849,0.01187479,0.010632861,0.009592375,0.008708226,0.007954082,0.007303564,0.006721618,0.00619611,0.005729729,0.005303394,0.004993465,0.00461266,0.004274279,0.003970008,0.003674289,0.00339274,0.003132857,0.002885056,0.002642812,0.002423672,0.002212374,0.002016215,0.001832509,0.001658491,0.001500242,0.001345636,0.001202388,0.001072075,0.000952148998,0.000841770833,0.000755566168,0.000649096119,0.000573405612,0.000502634561,0.000442135981,0.000387238005,0.000339426541,0.000293363768,0.000249927627,0.000207803481,0.000165051814,0.000119454759,6.6876703e-5,9.447326e-6,-6.136704e-5,-0.000145006501,-0.000240367831,-0.000351299956,-0.00046825307,-0.000604098004,-0.00075661105,-0.000922423472,-0.001098581,-0.00128799,-0.001485873,-0.001692963,-0.001907603,-0.002127548,-0.002354094,-0.002583244,-0.002817508,-0.003053116,-0.003285953,-0.003532621,-0.003773823,-0.004018319,-0.004253183,-0.004488916,-0.004722777,-0.004955167,-0.005186957,-0.005417848,-0.005645446,-0.005870044,-0.006091011,-0.006312305,-0.006529252,-0.006746676,-0.006958741,-0.007165677,-0.007191244],"unit":"S"},"power":{"value":[-0.34127401,-0.364159291,-0.330386176,-0.296477448,-0.262101567,-0.228205774,-0.194134947,-0.160196914,-0.126320389,-0.092449683,-0.058905726,-0.025480078,0.007826077,0.040906965,0.073726506,0.106195364,0.138362374,0.170163054,0.20153802,0.232563751,0.262546434,0.292660165,0.321924113,0.34992191,0.37671535,0.402604223,0.427759128,0.450894729,0.471948491,0.491829781,0.509679509,0.533940486,0.54584032,0.557060922,0.567264264,0.573256692,0.575929677,0.576599467,0.573892724,0.566497335,0.558429123,0.546497803,0.532672371,0.516726053,0.498066095,0.478915727,0.455782063,0.431438615,0.406812948,0.38151177,0.355654282,0.336135923,0.303660875,0.281753288,0.259119617,0.238844939,0.218977891,0.200730741,0.181233691,0.161150692,0.139720376,0.115630682,0.087118534,0.050733721,0.00744986,-0.050260157,-0.123262588,-0.211942051,-0.321064936,-0.443294684,-0.592049089,-0.767248625,-0.967247646,-1.190442,-1.441798,-1.717147,-2.018791,-2.346027,-2.697524,-3.075476,-3.475946,-3.903214,-4.352631,-4.818826,-5.326947,-5.849449,-6.399752,-6.957408,-7.539659,-8.141864,-8.765021,-9.411049,-10.079893,-10.766284,-11.472358,-12.195718,-12.943957,-13.708723,-14.499977,-15.303977,-16.122476,-16.179971],"unit":"mW"},"J":{"value":[0.017870003,0.020838377,0.020841341,0.020837753,0.020794219,0.020779552,0.020743977,0.020711366000000002,0.020670641,0.020598085999999998,0.020563915000000002,0.020530523,0.020476848,0.020397739,0.020311921,0.020216897,0.020123901,0.020021543000000003,0.019908888,0.019798572,0.01963817,0.019520521,0.01937307,0.01918427,0.018965667,0.018738327000000003,0.018508178,0.018229347,0.017906203000000002,0.017578065,0.017215599999999998,0.017097950999999997,0.016615185,0.016157696000000003,0.015713938,0.015196999999999999,0.014637153,0.014073562000000001,0.01347377,0.012812346,0.012181972,0.011513839000000001,0.010851634,0.01018943,0.009516927000000001,0.008875787000000001,0.008200476,0.00754186,0.006915231,0.006311071,0.005729379,0.005277039,0.00464885,0.004208837,0.003778966,0.00340277,0.0030491990000000003,0.002733232,0.0024144559999999997,0.002101454,0.001784239,0.001446583,0.001068203,0.0006099333940000001,8.7846636e-5,-0.000581535369,-0.001399929,-0.0023634330000000003,-0.003516674,-0.004770712,-0.006262232,-0.007978129,-0.009890781999999999,-0.01197476,-0.014269383,-0.016725968,-0.019358247,-0.022151707,-0.025085286,-0.028175053,-0.031377321,-0.034724855,-0.038171937999999996,-0.041667548,-0.045423887999999996,-0.049197705,-0.053100717000000006,-0.056960976,-0.060917663,-0.064931771,-0.069008448,-0.07315970799999999,-0.07738165200000001,-0.081635426,-0.08592976899999999,-0.090249546,-0.09465077200000001,-0.099066508,-0.103567907,-0.108059788,-0.112548861,-0.112950334],"unit":"A\/cm2"},"power_density":{"value":[-3.57355,-3.813186,-3.459541,-3.104476,-2.744519,-2.389589,-2.032827,-1.677455,-1.322727,-0.968059507,-0.616813888,-0.266807097,0.081948445,0.428345186,0.772005295,1.111993,1.448821,1.781812,2.110346,2.435223,2.749177,3.064504,3.370933,3.664104,3.944663,4.215751,4.479153,4.721411,4.941869,5.15005,5.336958,5.591,5.715605,5.833099,5.93994,6.002688,6.030677,6.037691,6.009348,5.931909,5.847425,5.72249,5.577721,5.410744,5.215352,5.014824,4.772587,4.517682,4.259821,3.994888,3.724129,3.519748,3.179695,2.950296,2.713294,2.500994,2.292962,2.101893,1.897735,1.687442,1.463041,1.210792,0.912235961,0.531243147,0.078009008,-0.526284363,-1.290708,-2.219288,-3.361937,-4.641829,-6.199467,-8.034017,-10.128248,-12.465364,-15.097366,-17.980596,-21.139169,-24.56573,-28.246329,-32.203942,-36.397335,-40.871354,-45.577285,-50.458912,-55.779546,-61.250773,-67.013109,-72.852439,-78.949306,-85.255119,-91.780325,-98.54502,-105.548617,-112.735958,-120.129408,-127.703857,-135.538814,-143.546839,-151.832215,-160.251073,-168.821735,-169.423777],"unit":"mW\/cm2"},"timestamps":{"value":[0.018,0.042,0.064,0.086,0.109,0.13,0.153,0.18,0.201,0.222,0.246,0.271,0.294,0.318,0.34,0.362,0.386,0.408,0.431,0.453,0.474,0.499,0.525,0.548,0.569,0.593,0.617,0.638,0.66,0.682,0.704,0.741,0.764,0.787,0.814,0.838,0.86,0.884,0.908,0.929,0.952,0.974,0.997,1.021,1.044,1.069,1.091,1.114,1.137,1.16,1.183,1.21,1.225,1.248,1.27,1.293,1.316,1.34,1.362,1.383,1.405,1.428,1.45,1.473,1.503,1.526,1.548,1.575,1.598,1.645,1.671,1.695,1.718,1.744,1.768,1.789,1.813,1.835,1.858,1.881,1.904,1.929,1.954,1.969,2.007,2.033,2.066,2.089,2.111,2.132,2.155,2.179,2.203,2.228,2.251,2.273,2.296,2.319,2.344,2.368,2.39,2.411],"unit":"s"},"p_max":{"unit":"mW","value":0.576599467},"v_p_max":{"unit":"V","value":0.429009438},"i_p_max":{"unit":"mA","value":1.344025},"j_p_max":{"unit":"mA\/cm2","value":14.073562},"voc":{"unit":"V","value":0.890241657},"isc":{"unit":"mA","value":1.956746},"jsc":{"unit":"mA\/cm2","value":20.489486},"fill_factor":{"unit":"%","value":33.100297},"efficiency":{"unit":"%","value":6.037691},"r_s":{"unit":"ohms","value":80.353259},"r_sh":{"unit":"ohms","value":917.832521},"cell_dimension":{"value":0.09549998396754607,"unit":"cm2"},"sweep_direction":{"unit":"","value":"Forward"},"key":"forward16_4cell_231114"},{"V":{"value":[-0.199972153,-0.182984591,-0.165995598,-0.148986101,-0.131984711,-0.11500001,-0.097994566,-0.080990553,-0.063993454,-0.046993494,-0.029999018,-0.012998164,0.004000872,0.021000624,0.038003445,0.055001974,0.071992159,0.088994741,0.106000185,0.123001337,0.14000392,0.156984568,0.173995495,0.190998077,0.207988262,0.224980116,0.242010832,0.25900054,0.275989056,0.292985678,0.310005665,0.326995373,0.34398675,0.361010551,0.378004551,0.394991636,0.412011623,0.429012299,0.446003437,0.462982416,0.480007648,0.497000217,0.514005184,0.531015396,0.548007965,0.565003395,0.581984997,0.59901166,0.616002798,0.632993937,0.65000701,0.666994095,0.683978558,0.700978041,0.718000412,0.734987736,0.751991034,0.769011021,0.785985708,0.802989244,0.819980383,0.836987972,0.854003906,0.870984077,0.888016224,0.90499115,0.921982288,0.939007521,0.95600152,0.972987175,0.989974499,1.007006,1.023999,1.040981,1.058017,1.07501,1.09199,1.108982,1.126006,1.142998,1.159986,1.177006,1.193983,1.210984,1.227968,1.244995,1.261997,1.278986,1.296,1.312993,1.329984,1.346979,1.364002,1.380985,1.397988,1.415009,1.431988,1.448995,1.466015,1.48298,1.499983,1.499982],"unit":"V"},"I":{"value":[0.000887170434,0.0020370930000000002,0.002035975,0.002038956,0.002036676,0.002029255,0.0020350069999999997,0.0020259170000000003,0.002028495,0.002024472,0.0020236969999999996,0.0020199569999999997,0.002015308,0.002012327,0.002009556,0.002005681,0.001999572,0.001992434,0.001990691,0.0019830019999999998,0.001978353,0.001967251,0.001959905,0.001947001,0.001938969,0.0019262729999999998,0.001910806,0.001890898,0.001870587,0.001853183,0.0018303689999999999,0.0018030409999999998,0.001772523,0.001737639,0.001701578,0.001662195,0.0016223939999999999,0.00157398,0.001521066,0.001466781,0.001407072,0.0013522060000000001,0.001295701,0.001255751,0.001181483,0.0011087949999999999,0.001034051,0.000985503197,0.000918716192,0.000838831067,0.000764280558,0.000689670444,0.000621005893,0.000571221113,0.0005112290379999999,0.000452563167,0.000399023294,0.00034923851500000004,0.00030235946200000003,0.000260129571,0.000218242407,0.00017531216099999998,0.000131204724,7.969141000000001e-5,2.0667911e-5,-4.9710274e-5,-0.000133067369,-0.000231742859,-0.000349014997,-0.000484243035,-0.0006409585479999999,-0.00081898272,-0.001016334,-0.0012362299999999998,-0.001476869,-0.001738787,-0.0020192269999999997,-0.002315968,-0.002632335,-0.002961382,-0.003305405,-0.003663927,-0.0040316729999999995,-0.004413992,-0.004803851,-0.0052139759999999995,-0.005617708000000001,-0.006027340999999999,-0.006447166,-0.006871849,-0.007301182,-0.007744446,-0.00818646,-0.008635417000000001,-0.009087205000000001,-0.009541914,-0.010005713,-0.010469571,-0.010937661,-0.011407271,-0.01188238,-0.011926338],"unit":"A"},"resistance":{"value":[-225.404438,-89.826329,-81.531237,-73.069808,-64.803986,-56.671048,-48.154415,-39.977228,-31.547256,-23.212719,-14.823869,-6.434872,1.985242,10.435988,18.911367,27.423086,36.003786,44.666338,53.24794,62.027849,70.767928,79.79894,88.777513,98.098622,107.267457,116.795544,126.653815,136.972261,147.54138,158.098629,169.36783,181.357752,194.066178,207.759199,222.149346,237.632589,253.952919,272.565305,293.217708,315.645245,341.139378,367.547744,396.700562,422.866907,463.830491,509.565058,562.820301,607.823152,670.503909,754.614321,850.482199,967.120022,1101.404,1227.157,1404.459,1624.056,1884.579,2201.965,2599.508,3086.882,3757.2,4774.272,6508.942,10929.46,42965.941,-18205.314,-6928.688,-4051.937,-2739.142,-2009.295,-1544.522,-1229.582,-1007.542,-842.060702,-716.391924,-618.252708,-540.796056,-478.84176,-427.759551,-385.967565,-350.936084,-321.241571,-296.150827,-274.351241,-255.621665,-238.78042,-224.646327,-212.197346,-201.018587,-191.068336,-182.160098,-173.928427,-166.616836,-159.921037,-153.841399,-148.294097,-143.117092,-138.400577,-134.033651,-130.003028,-126.235935,-125.770532],"unit":"ohms"},"conductance":{"value":[-0.00443647,-0.011132593,-0.012265238,-0.013685543,-0.01543115,-0.017645694,-0.020766528,-0.025014241,-0.031698478,-0.043079831,-0.067458772,-0.155403237,0.503717029,0.095822264,0.052878251,0.036465626,0.027774857,0.022388225,0.018780069,0.016121791,0.014130695,0.012531495,0.011264114,0.010193823,0.009322492,0.00856197,0.007895538,0.007300748,0.00677776,0.006325166,0.005904309,0.005513963,0.005152881,0.004813265,0.004501476,0.004208177,0.003937738,0.003668846,0.003410435,0.003168114,0.002931353,0.002720735,0.002520793,0.00236481,0.00215596,0.001962458,0.001776766,0.001645215,0.001491416,0.00132518,0.001175804,0.001033998,0.000907931814,0.000814891594,0.000712017751,0.000615742474,0.00053062241,0.000454139805,0.000384688244,0.000323951501,0.000266155644,0.00020945601,0.000153634806,9.1495829e-5,2.3274249e-5,-5.4929016e-5,-0.000144327468,-0.00024679553,-0.000365077869,-0.000497686966,-0.000647449554,-0.000813284518,-0.000992514371,-0.001187563,-0.001395884,-0.001617462,-0.001849126,-0.002088373,-0.002337762,-0.002590891,-0.002849522,-0.003112922,-0.003376658,-0.003644963,-0.003912031,-0.004187948,-0.004451442,-0.004712594,-0.004974664,-0.00523373,-0.005489676,-0.005749491,-0.006001794,-0.006253086,-0.006500201,-0.006743357,-0.006987286,-0.007225403,-0.007460813,-0.007692129,-0.007921675,-0.007950988],"unit":"S"},"power":{"value":[-0.177409382,-0.372756636,-0.337962963,-0.303776058,-0.268810068,-0.233364348,-0.199419616,-0.164080152,-0.129810406,-0.095137002,-0.060708919,-0.026255728,0.008062988,0.042260129,0.076370039,0.110316436,0.143953499,0.177316172,0.211013596,0.243911876,0.276977128,0.308828095,0.341014645,0.371873376,0.403282771,0.433373147,0.462435677,0.489743538,0.516261669,0.542956051,0.567424831,0.589585902,0.6097244,0.627306125,0.643204416,0.656553016,0.668445073,0.675256715,0.678400589,0.679093765,0.675405297,0.672046613,0.665996861,0.666822932,0.647462242,0.626473168,0.601802273,0.590327905,0.565931745,0.530974979,0.49678772,0.460006113,0.424754715,0.400413457,0.36706266,0.332628377,0.30006194,0.268568267,0.237650216,0.208881248,0.178954492,0.146734171,0.112049347,0.069409949,0.01835344,-0.044987358,-0.122685758,-0.217608287,-0.333658868,-0.471162263,-0.634532617,-0.824720846,-1.040725,-1.286892,-1.562553,-1.869212,-2.204975,-2.568368,-2.964026,-3.384853,-3.834224,-4.312464,-4.81375,-5.345275,-5.898978,-6.491376,-7.089533,-7.708883,-8.355529,-9.022689,-9.710454,-10.43161,-11.166347,-11.925379,-12.703806,-13.501899,-14.328065,-15.170352,-16.034771,-16.916752,-17.823371,-17.889291],"unit":"mW"},"J":{"value":[0.009289743,0.021330817,0.021319115,0.021350321000000002,0.021326447999999998,0.021248744,0.021308973000000002,0.021213792000000002,0.021240786,0.021198657,0.021190543000000003,0.021151378999999998,0.021102697,0.021071490000000002,0.021042467999999998,0.021001899,0.020937926000000003,0.020863186,0.02084493,0.020764417,0.020715735,0.020599489999999998,0.020522566000000003,0.020387441,0.020303339,0.020170399,0.020008437,0.019799976,0.019587302999999997,0.019405057,0.01916617,0.018880005000000002,0.018560449,0.018195176,0.017817575999999998,0.017405180000000003,0.016988416,0.016481463999999998,0.015927391,0.015358962,0.014733738000000001,0.014159224,0.013567546,0.013149222,0.012371553,0.011610423000000002,0.010827761,0.010319405,0.009620065,0.008783571,0.008002938000000001,0.00722168,0.006502679999999999,0.005981373,0.0053531839999999995,0.004738881,0.004178254,0.0036569479999999997,0.003166068,0.0027238699999999998,0.0022852610000000002,0.001835729,0.001373871,0.0008344650270000001,0.00021641791199999999,-0.0005205264269999999,-0.001393376,-0.0024266269999999998,-0.003654607,-0.005070608,-0.006711608,-0.008575735,-0.010642238,-0.012944818,-0.015464597,-0.018207191,-0.021143733999999997,-0.024250977,-0.027563715,-0.031009238,-0.034611575,-0.038365731,-0.042216472000000005,-0.046219813000000005,-0.050302107,-0.054596606,-0.058824167000000004,-0.06311351700000001,-0.067509594,-0.071956537,-0.076452163,-0.08109368,-0.085722089,-0.09042321099999999,-0.095153978,-0.099915328,-0.10477185900000001,-0.109629013,-0.11453048099999999,-0.119447864,-0.124422824,-0.124883121],"unit":"A\/cm2"},"power_density":{"value":[-1.85769,-3.903211,-3.538879,-3.180901,-2.814765,-2.443606,-2.088164,-1.718117,-1.359271,-0.996198969,-0.635695488,-0.274929089,0.084429197,0.442514436,0.79968627,1.155146,1.507366,1.856714,2.209566,2.554051,2.900284,3.233802,3.570834,3.893962,4.222856,4.537939,4.842258,5.128205,5.405881,5.685404,5.941621,6.173674,6.384549,6.568651,6.735125,6.874901,6.999425,7.070751,7.103671,7.110929,7.072307,7.037137,6.973789,6.982439,6.779709,6.559928,6.301594,6.181444,5.925987,5.559947,5.201966,4.816818,4.447693,4.192811,3.843588,3.48302,3.14201,2.812233,2.488484,2.187238,1.873869,1.536483,1.173292,0.726805752,0.192182617,-0.471071809,-1.284668,-2.278621,-3.49381,-4.933636,-6.644321,-8.63582,-10.89764,-13.475307,-16.361806,-19.572904,-23.08874,-26.893905,-31.036919,-35.443482,-40.148943,-45.156687,-50.405763,-55.971465,-61.769401,-67.972521,-74.23595,-80.721288,-87.49245,-94.478416,-101.68015,-109.231514,-116.925101,-124.873078,-133.02415,-141.381139,-150.032094,-158.851852,-167.90336,-177.138767,-186.632159,-187.322419],"unit":"mW\/cm2"},"timestamps":{"value":[0.018,0.042,0.067,0.088,0.11,0.133,0.156,0.181,0.217,0.24,0.262,0.288,0.31,0.333,0.358,0.381,0.402,0.432,0.456,0.487,0.512,0.536,0.557,0.579,0.607,0.63,0.654,0.677,0.698,0.724,0.746,0.768,0.79,0.811,0.834,0.857,0.882,0.905,0.926,0.95,0.971,0.997,1.024,1.061,1.084,1.107,1.129,1.166,1.195,1.217,1.239,1.261,1.283,1.316,1.341,1.364,1.387,1.409,1.431,1.453,1.476,1.499,1.524,1.547,1.572,1.596,1.619,1.645,1.668,1.691,1.714,1.737,1.762,1.787,1.809,1.831,1.853,1.874,1.899,1.923,1.946,1.969,1.992,2.018,2.044,2.079,2.101,2.123,2.146,2.168,2.19,2.216,2.24,2.264,2.287,2.31,2.335,2.359,2.38,2.402,2.424,2.447],"unit":"s"},"p_max":{"unit":"mW","value":0.679093765},"v_p_max":{"unit":"V","value":0.462982416},"i_p_max":{"unit":"mA","value":1.466781},"j_p_max":{"unit":"mA\/cm2","value":15.358962},"voc":{"unit":"V","value":0.893001238},"isc":{"unit":"mA","value":2.016402},"jsc":{"unit":"mA\/cm2","value":21.114155},"fill_factor":{"unit":"%","value":37.713828},"efficiency":{"unit":"%","value":7.110929},"r_s":{"unit":"ohms","value":70.233192},"r_sh":{"unit":"ohms","value":311.501593},"cell_dimension":{"value":0.0954999975779739,"unit":"cm2"},"sweep_direction":{"unit":"","value":"Forward"},"key":"forward16_3cell_231114"},{"V":{"value":[-0.199977636,-0.182984591,-0.165990114,-0.148987532,-0.131983519,-0.114990473,-0.097995996,-0.0809865,-0.063992023,-0.046996355,-0.029996395,-0.012998164,0.00399819,0.020997792,0.037999392,0.055003166,0.071996212,0.088990688,0.106001377,0.122998476,0.139992952,0.156995535,0.173999548,0.190998077,0.207993746,0.224974632,0.242021799,0.258997917,0.275987864,0.292981625,0.310005665,0.327000856,0.343985319,0.361009359,0.378008604,0.394990206,0.412012815,0.429012299,0.446000814,0.462983847,0.480006456,0.497004271,0.513992786,0.531009912,0.548010826,0.565001965,0.581983566,0.599014282,0.616010904,0.632993937,0.650012493,0.666990042,0.68398118,0.700980663,0.717995167,0.734988928,0.751989841,0.769004107,0.785988569,0.802987814,0.819983244,0.837002993,0.853991508,0.870984077,0.88801074,0.904989719,0.921983719,0.939008951,0.955994606,0.973007679,0.989955187,1.007005,1.024,1.040983,1.058017,1.075008,1.091993,1.108976,1.126013,1.142998,1.159983,1.17701,1.193997,1.210991,1.227974,1.244997,1.262,1.278987,1.296,1.312976,1.329984,1.346982,1.364001,1.380988,1.397984,1.415008,1.431987,1.448992,1.46602,1.482983,1.499983,1.499981],"unit":"V"},"I":{"value":[0.0018794690000000001,0.0020391050000000003,0.002034873,0.002038479,0.00203529,0.0020350809999999998,0.0020300889999999997,0.002031401,0.0020298060000000003,0.0020248889999999998,0.0020259170000000003,0.002020299,0.002016976,0.00200887,0.002008662,0.001999155,0.001991943,0.001984864,0.001977935,0.001972035,0.001962468,0.0019498470000000002,0.0019351540000000001,0.001920864,0.001918927,0.001897424,0.001873016,0.0018497110000000002,0.0018240510000000001,0.0017933250000000001,0.001757756,0.001724467,0.001683757,0.001638412,0.001591116,0.001540214,0.001483828,0.001428083,0.0013642160000000001,0.0012983979999999999,0.0012350080000000001,0.001167119,0.0010942369999999999,0.001028433,0.000955343246,0.000882446766,0.000812545419,0.0007422268389999999,0.000685155392,0.0006185770029999999,0.00055873394,0.000501871109,0.00044992566099999996,0.000404581428,0.00036269426300000003,0.00032454729100000004,0.000289604068,0.000257834792,0.000226289034,0.00019854307199999998,0.00016768276700000002,0.00013370811899999997,9.848177399999999e-5,5.4091214999999996e-5,-6.85453415e-7,-6.711483e-5,-0.00014770031,-0.000244855881,-0.00035989284500000004,-0.000493466854,-0.00064741075,-0.0008231997490000001,-0.0010181370000000001,-0.001235202,-0.001472369,-0.001729295,-0.0020030739999999997,-0.002294615,-0.0026021,-0.002922475,-0.003256097,-0.003601804,-0.003957197,-0.004323632,-0.004697621,-0.005080625,-0.005468473000000001,-0.0058647989999999995,-0.006266594,-0.00667803,-0.007090092,-0.007509007999999999,-0.007926762,-0.008349776,-0.008779377,-0.009215012,-0.009651482,-0.010095507,-0.010539263,-0.010991543999999999,-0.011468515,-0.011502489000000001],"unit":"A"},"resistance":{"value":[-106.401161,-89.737712,-81.572724,-73.087602,-64.847525,-56.504115,-48.271762,-39.867317,-31.526171,-23.209349,-14.806328,-6.433781,1.982269,10.452538,18.917766,27.513212,36.14372,44.834642,53.59193,62.371359,71.335151,80.516859,89.915082,99.433421,108.39066,118.568426,129.214995,140.020752,151.304893,163.373417,176.364459,189.62434,204.296332,220.340949,237.574482,256.451539,277.668883,300.411407,326.928248,356.580898,388.666602,425.838721,469.727125,516.328904,573.627152,640.267477,716.247428,807.050151,899.082036,1023.307,1163.367,1329.007,1520.209,1732.607,1979.615,2264.659,2596.614,2982.546,3473.383,4044.401,4890.087,6259.926,8671.569,16102.136,-1295509,-13484.199,-6242.26,-3834.945,-2656.331,-1971.779,-1529.099,-1223.282,-1005.759,-842.763756,-718.581506,-621.645449,-545.158484,-483.294885,-432.732362,-391.105953,-356.249596,-326.78345,-301.727997,-280.08652,-261.403373,-245.047892,-230.777426,-218.078602,-206.81095,-196.611333,-187.583462,-179.382149,-172.075375,-165.392173,-159.235024,-153.554686,-148.369653,-143.528406,-139.100812,-134.920326,-130.791418,-130.404874],"unit":"ohms"},"conductance":{"value":[-0.009398394,-0.011143587,-0.012259,-0.013682211,-0.015420789,-0.017697826,-0.020716045,-0.025083203,-0.031719678,-0.043086086,-0.067538688,-0.155429604,0.504472372,0.095670545,0.052860363,0.036346175,0.027667324,0.022304182,0.018659526,0.016033,0.014018334,0.012419759,0.011121605,0.010056981,0.009225887,0.008433948,0.00773904,0.007141799,0.006609172,0.006120947,0.005670077,0.005273585,0.00489485,0.004538421,0.004209206,0.003899372,0.003601412,0.003328768,0.003058775,0.002804413,0.002572899,0.002348307,0.002128896,0.00193675,0.001743293,0.001561847,0.001396166,0.00123908,0.001112246,0.000977224216,0.000859574156,0.000752441682,0.000657804153,0.00057716489,0.000505148614,0.000441567592,0.000385116995,0.000335284025,0.000287903721,0.000247255398,0.000204495358,0.000159746286,0.000115319384,6.2103564e-5,-7.71897663e-7,-7.4160876e-5,-0.000160198393,-0.000260759901,-0.000376459075,-0.000507156176,-0.000653979856,-0.000817473174,-0.000994273765,-0.001186572,-0.001391631,-0.001608634,-0.001834329,-0.00206913,-0.002310897,-0.002556852,-0.002807021,-0.00306013,-0.003314243,-0.003570325,-0.003825505,-0.004080835,-0.004333179,-0.004585503,-0.004835334,-0.005086177,-0.00533096,-0.005574691,-0.005811407,-0.006046235,-0.006280025,-0.006512338,-0.006739923,-0.006967262,-0.007189031,-0.007411782,-0.007645762,-0.007668425],"unit":"S"},"power":{"value":[-0.37585168,-0.373124739,-0.337768764,-0.303707932,-0.268624736,-0.234014971,-0.198940643,-0.16451604,-0.129891417,-0.095162402,-0.060770212,-0.026260183,0.008064256,0.042181841,0.07632792,0.109959838,0.143412316,0.176634456,0.20966388,0.242557247,0.274731693,0.306117233,0.336715956,0.366881328,0.39912478,0.42687237,0.453310789,0.479071281,0.503415978,0.525411257,0.544914279,0.563902082,0.579187589,0.591482238,0.60145561,0.608369375,0.611356082,0.612664992,0.60844154,0.601137198,0.592811929,0.580062903,0.562429909,0.546108352,0.523538442,0.498584156,0.472888081,0.444604477,0.422063192,0.391555492,0.363184041,0.334743032,0.307740685,0.283603757,0.260412728,0.238538665,0.217779317,0.198276014,0.177860594,0.159427667,0.137497059,0.111914096,0.084102599,0.047112587,-0.000608689994,-0.060738231,-0.136177281,-0.229921864,-0.344055619,-0.480147038,-0.64090763,-0.82896644,-1.042572,-1.285825,-1.557791,-1.859006,-2.187342,-2.544672,-2.929999,-3.340382,-3.777019,-4.23936,-4.724882,-5.235878,-5.768556,-6.325361,-6.901213,-7.501003,-8.121507,-8.768095,-9.429708,-10.114499,-10.812108,-11.530938,-12.273431,-13.039319,-13.820797,-14.628309,-15.450772,-16.300268,-17.202581,-17.253512],"unit":"mW"},"J":{"value":[0.019680299000000002,0.021351882,0.021307568,0.021345328,0.021311937,0.021309753,0.021257482,0.021271213,0.021254517,0.021203026,0.021213792000000002,0.021154968,0.021120173000000003,0.021035291,0.021033106,0.020933557000000002,0.020858037,0.020783921,0.020711366000000002,0.020649577000000002,0.020549403,0.020417242999999998,0.020263395,0.020113759000000002,0.020093475000000003,0.019868319,0.019612736999999998,0.019368701000000002,0.019100012,0.018778272000000002,0.018405821,0.018057243,0.01763096,0.017156151999999997,0.016660903,0.016127893,0.015537463999999999,0.014953744,0.014284986,0.013595788000000001,0.012932022999999999,0.012221137,0.011457979,0.010768937,0.010003594,0.00924028,0.008508329,0.007772009,0.007174402,0.006477246,0.005850617,0.005255195,0.004711262999999999,0.004236455,0.0037978459999999997,0.0033984009999999997,0.003032503,0.002699841,0.002369519,0.0020789849999999998,0.00175584,0.0014000850000000001,0.001031223,0.000566400158,-7.177523e-6,-0.000702773089,-0.0015466,-0.002563936,-0.003768511,-0.005167192,-0.006779169999999999,-0.008619893,-0.010661118,-0.012934052,-0.015417475,-0.018107797000000002,-0.020974594,-0.024027380999999997,-0.027247124,-0.030601836,-0.034095261,-0.037715229,-0.041436619,-0.045273629,-0.049189747,-0.053200265999999996,-0.057261496,-0.061411508,-0.065618785,-0.069927015,-0.074241798,-0.078628357,-0.083002745,-0.08743221200000001,-0.09193064699999999,-0.09649227399999999,-0.10106264,-0.105712114,-0.11035877999999999,-0.115094697,-0.12008916,-0.12044491600000001],"unit":"A\/cm2"},"power_density":{"value":[-3.93562,-3.907065,-3.536846,-3.180188,-2.812824,-2.450419,-2.083148,-1.722681,-1.36012,-0.996464943,-0.636337298,-0.274975736,0.084442466,0.441694665,0.799245232,1.151412,1.5017,1.849575,2.195433,2.539866,2.876772,3.205416,3.525822,3.841689,4.179317,4.469868,4.74671,5.016453,5.271371,5.501689,5.705909,5.904734,6.064792,6.193531,6.297965,6.37036,6.401634,6.41534,6.371116,6.29463,6.207455,6.073957,5.889318,5.718412,5.482078,5.220777,4.951708,4.655544,4.41951,4.100058,3.802974,3.505163,3.222416,2.969673,2.726835,2.497787,2.280412,2.076189,1.862415,1.6694,1.43976,1.171875,0.880655487,0.493325519,-0.006373717,-0.636002421,-1.42594,-2.407559,-3.602677,-5.027718,-6.711075,-8.680277,-10.916989,-13.464134,-16.311951,-19.46603,-22.904101,-26.645781,-30.680617,-34.977822,-39.549937,-44.391204,-49.475204,-54.825952,-60.403728,-66.234148,-72.264012,-78.544531,-85.041961,-91.812517,-98.7404,-105.910981,-113.21579,-120.742805,-128.517597,-136.53737,-144.720391,-153.176009,-161.78819,-170.683437,-180.131736,-180.665047],"unit":"mW\/cm2"},"timestamps":{"value":[0.018,0.043,0.066,0.089,0.115,0.136,0.159,0.183,0.206,0.227,0.251,0.274,0.296,0.318,0.341,0.365,0.386,0.408,0.432,0.457,0.481,0.503,0.526,0.551,0.586,0.615,0.636,0.661,0.684,0.705,0.727,0.752,0.775,0.797,0.819,0.843,0.864,0.888,0.909,0.931,0.955,0.978,0.999,1.025,1.047,1.068,1.092,1.114,1.142,1.163,1.185,1.206,1.228,1.252,1.274,1.296,1.319,1.342,1.363,1.39,1.414,1.436,1.473,1.496,1.52,1.542,1.565,1.589,1.611,1.633,1.656,1.678,1.701,1.726,1.749,1.778,1.803,1.826,1.85,1.872,1.894,1.919,1.941,1.965,1.989,2.013,2.036,2.06,2.084,2.111,2.137,2.161,2.183,2.204,2.226,2.251,2.273,2.297,2.32,2.344,2.378,2.401],"unit":"s"},"p_max":{"unit":"mW","value":0.612664992},"v_p_max":{"unit":"V","value":0.429012299},"i_p_max":{"unit":"mA","value":1.428083},"j_p_max":{"unit":"mA\/cm2","value":14.953744},"voc":{"unit":"V","value":0.887797675},"isc":{"unit":"mA","value":2.017758},"jsc":{"unit":"mA\/cm2","value":21.128358},"fill_factor":{"unit":"%","value":34.20109},"efficiency":{"unit":"%","value":6.41534},"r_s":{"unit":"ohms","value":75.30941},"r_sh":{"unit":"ohms","value":1008.542},"cell_dimension":{"value":0.0955000226368512,"unit":"cm2"},"sweep_direction":{"unit":"","value":"Forward"},"key":"forward16_2cell_231114"},{"V":{"value":[-0.199974775,-0.18299818,-0.16599679,-0.148982048,-0.131980658,-0.115012169,-0.098006725,-0.08098793,-0.063993454,-0.04698658,-0.029996395,-0.012995362,0.004000455,0.021000475,0.038002014,0.055007219,0.071996212,0.088992119,0.106002808,0.122998476,0.13999033,0.156991482,0.173995495,0.1910007,0.207991123,0.224980116,0.242012262,0.259012938,0.276004076,0.292981625,0.310007095,0.326999664,0.343981266,0.361009359,0.37800312,0.394990206,0.412010193,0.429012299,0.446002007,0.462982416,0.480005026,0.497007132,0.513995647,0.531011343,0.548014879,0.565000534,0.58198905,0.599023819,0.616016388,0.633000851,0.65000844,0.666991472,0.683984041,0.700980663,0.71799922,0.734984875,0.751991034,0.769005537,0.78599,0.802992105,0.819979191,0.83700037,0.85399437,0.870985508,0.88800931,0.904993773,0.921984911,0.939007521,0.956002951,0.972975016,0.989962101,1.007001,1.024004,1.040983,1.058014,1.075011,1.091989,1.108976,1.126013,1.142999,1.159992,1.177006,1.193997,1.210992,1.227975,1.244998,1.261999,1.278986,1.296004,1.312979,1.329981,1.346982,1.363998,1.380988,1.397987,1.415005,1.43199,1.448993,1.466016,1.482977,1.499985,1.499983],"unit":"V"},"I":{"value":[0.00156039,0.001962811,0.001967952,0.001969963,0.001969963,0.001967743,0.001966566,0.0019668339999999998,0.001961783,0.001955673,0.001951382,0.001948178,0.0019418,0.0019341710000000002,0.001929119,0.001913995,0.00190872,0.001899645,0.0018850709999999999,0.001876205,0.001858518,0.001841247,0.0018230079999999999,0.001797915,0.001778767,0.0017528980000000001,0.001725018,0.00169313,0.0016580969999999999,0.001621634,0.001580223,0.001535848,0.001490429,0.001441255,0.001391664,0.001337364,0.0012846740000000002,0.001225382,0.00116691,0.00113079,0.0010651200000000001,0.001006305,0.0009385496380000001,0.000871986151,0.0008083879950000001,0.000746041536,0.000684052706,0.00062648952,0.000580579042,0.000526562333,0.000476285815,0.000431969762,0.00038939714399999995,0.00035817921200000005,0.000323370099,0.000292509794,0.00026310980299999997,0.00023557245700000002,0.00021275878,0.00018647313099999998,0.000159844756,0.000130519271,9.688734999999999e-5,5.748868e-5,1.0401011e-5,-4.7832727e-5,-0.000118017197,-0.000201925635,-0.00030046701399999995,-0.000414818525,-0.0005433857439999999,-0.000690549612,-0.000853165984,-0.001033187,-0.001229167,-0.001439497,-0.001665905,-0.001912788,-0.002161667,-0.002424702,-0.0026984210000000003,-0.002981082,-0.0032747540000000004,-0.003575444,-0.003885224,-0.00420019,-0.0045251549999999995,-0.004864335,-0.0051930990000000005,-0.005532205,-0.005870551,-0.006215826,-0.006565481,-0.0069169999999999995,-0.0072818250000000005,-0.0076441619999999995,-0.008011907,-0.00838007,-0.008751363,-0.009135052999999999,-0.009513974,-0.009549409],"unit":"A"},"resistance":{"value":[-128.15692,-93.232717,-84.350034,-75.626814,-66.996505,-58.448774,-49.836483,-41.176799,-32.620054,-24.025784,-15.371876,-6.670522,2.060179,10.857612,19.699153,28.739486,37.719639,46.846717,56.232781,65.557049,75.323653,85.263669,95.444172,106.234584,116.929975,128.347516,140.295498,152.978807,166.45835,180.670649,196.179279,212.911506,230.793453,250.482605,271.6195,295.349742,320.711911,350.10492,382.207738,409.432886,450.658123,493.893028,547.648869,608.967634,677.91071,757.331203,850.795626,956.159361,1061.038,1202.138,1364.744,1544.07,1756.52,1957.067,2220.364,2512.685,2858.088,3264.412,3694.278,4306.208,5129.847,6412.849,8814.302,15150.557,85377.215,-18919.97,-7812.293,-4650.264,-3181.723,-2345.544,-1821.84,-1458.26,-1200.241,-1007.546,-860.757056,-746.796186,-655.492652,-579.769376,-520.900384,-471.397686,-429.877805,-394.825075,-364.606703,-338.697029,-316.062915,-296.414659,-278.885188,-262.931258,-249.562776,-237.333793,-226.551367,-216.702024,-207.752884,-199.651248,-191.983073,-185.109306,-178.73271,-172.909461,-167.518606,-162.339203,-157.661216,-157.076033],"unit":"ohms"},"conductance":{"value":[-0.007802934,-0.010725848,-0.01185536,-0.013222823,-0.014926152,-0.017108999,-0.020065621,-0.024285521,-0.030655988,-0.04162195,-0.065053869,-0.149913313,0.485394799,0.092101286,0.050763605,0.034795334,0.026511388,0.021346213,0.017783221,0.01525389,0.013276042,0.011728325,0.010477329,0.00941313,0.008552127,0.007791347,0.007127812,0.006536853,0.006007509,0.005534933,0.005097378,0.004696787,0.004332879,0.003992293,0.003681621,0.003385816,0.003118063,0.002856287,0.002616378,0.002442403,0.002218977,0.00202473,0.001825988,0.001642123,0.001475121,0.001320426,0.00117537,0.001045851,0.000942473372,0.000831850909,0.000732737894,0.000647639108,0.000569307353,0.000510968748,0.000450376672,0.000397980699,0.000349884229,0.00030633389,0.000270688914,0.00023222287,0.000194937576,0.000155936933,0.000113451978,6.6004175e-5,1.1712727e-5,-5.2854206e-5,-0.000128003393,-0.000215041553,-0.00031429507,-0.000426340367,-0.000548895502,-0.000685748575,-0.000833166278,-0.000992510423,-0.001161768,-0.001339053,-0.00152557,-0.001724824,-0.001919753,-0.002121351,-0.002326242,-0.002532767,-0.002742681,-0.002952491,-0.003163927,-0.003373652,-0.003585705,-0.003803275,-0.004007008,-0.004213475,-0.00441401,-0.004614632,-0.004813411,-0.005008734,-0.005208793,-0.005402214,-0.005594947,-0.005783374,-0.005969486,-0.006159942,-0.006342714,-0.006366344],"unit":"S"},"power":{"value":[-0.312038639,-0.359190797,-0.326673658,-0.293489169,-0.259997053,-0.226314395,-0.192736679,-0.15928982,-0.125541243,-0.09189039,-0.058534412,-0.025317276,0.007768084,0.040618503,0.073310416,0.105283518,0.137420577,0.16905341,0.199822861,0.230770381,0.260174482,0.289060108,0.31719519,0.343402929,0.369967645,0.394367217,0.417475515,0.438542456,0.457641505,0.475108896,0.489880479,0.50222171,0.512679669,0.520306621,0.52605339,0.528245806,0.529298704,0.525703987,0.520444172,0.523535663,0.511263002,0.50014087,0.482410429,0.463034537,0.443008649,0.421513866,0.398111184,0.375282145,0.357646205,0.333314405,0.3095898,0.288120147,0.266341432,0.251076701,0.232179479,0.214990274,0.197856213,0.181156524,0.167226273,0.149736452,0.131069374,0.109244678,0.082741251,0.050071807,0.009236194,-0.04328832,-0.108810075,-0.18960969,-0.287247352,-0.403608061,-0.537931293,-0.695384261,-0.873645772,-1.07553,-1.300476,-1.547475,-1.819149,-2.121235,-2.434065,-2.771432,-3.130146,-3.50875,-3.910047,-4.329836,-4.77096,-5.229228,-5.710739,-6.221415,-6.730279,-7.26367,-7.807723,-8.372605,-8.955302,-9.552291,-10.179898,-10.81653,-11.47297,-12.142667,-12.829638,-13.547074,-14.270816,-14.323954],"unit":"mW"},"J":{"value":[0.016339162,0.020552992,0.020606824,0.020627887999999997,0.020627887999999997,0.020604638999999998,0.020592313,0.020595120999999997,0.020542226,0.020478252000000002,0.020433315,0.020399768000000002,0.020332985999999997,0.020253097,0.020200201,0.020041827999999998,0.019986592,0.019891568,0.019738968,0.019646128000000002,0.019460916999999998,0.019280073999999998,0.01908909,0.01882633,0.018625827,0.018354954,0.018063016,0.017729105000000002,0.017362271,0.016980458,0.016546842000000003,0.016082176,0.015606587,0.015091678,0.014572399000000002,0.014003815,0.013452082,0.012831226,0.012218952,0.011840728,0.011153090000000001,0.010537227,0.009827745,0.009130745,0.008464796,0.007811953,0.0071628559999999996,0.0065601,0.006079362,0.005513741999999999,0.0049872860000000005,0.004523244,0.004077457,0.0037505679999999997,0.0033860739999999998,0.00306293,0.002755076,0.002466727,0.0022278410000000004,0.001952598,0.001673767,0.0013666940000000001,0.0010145269999999999,0.000601975706,0.00010891110499999999,-0.000500866256,-0.001235782,-0.002114405,-0.003146251,-0.004343649,-0.0056899030000000005,-0.007230886,-0.008933674999999999,-0.010818711,-0.012870858,-0.015073266,-0.017444033,-0.020029189,-0.022635254,-0.02538955,-0.028255721999999997,-0.031215514,-0.034290615,-0.037439207,-0.040682979,-0.04398105,-0.04738382,-0.050935446,-0.054378003999999994,-0.057928849,-0.061471737,-0.06508718000000001,-0.068748497,-0.072429317,-0.076249476,-0.080043577,-0.083894318,-0.08774942799999999,-0.091637304,-0.095655001,-0.099622766,-0.099993813],"unit":"A\/cm2"},"power_density":{"value":[-3.26742,-3.76116,-3.420667,-3.073185,-2.722482,-2.369784,-2.018185,-1.667956,-1.314568,-0.96220304,-0.612925784,-0.265102372,0.081341196,0.425324642,0.767648338,1.102445,1.438959,1.770193,2.092386,2.416444,2.72434,3.026807,3.321416,3.595842,3.874007,4.1295,4.371471,4.592068,4.792058,4.974962,5.129639,5.258866,5.368374,5.448237,5.508412,5.53137,5.542395,5.504754,5.449677,5.482049,5.353539,5.237077,5.051418,4.848529,4.638834,4.413758,4.168704,3.929656,3.744986,3.490203,3.241778,3.016965,2.788916,2.629075,2.431199,2.251207,2.071793,1.896927,1.75106,1.567921,1.372454,1.143923,0.866400539,0.524312116,0.096714075,-0.453280842,-1.139373,-1.985442,-3.007826,-4.226262,-5.632788,-7.281511,-9.148123,-11.262099,-13.61755,-16.203923,-19.048684,-22.211883,-25.487591,-29.020229,-32.776398,-36.74084,-40.942896,-45.338592,-49.957696,-54.756319,-59.798317,-65.145709,-70.474127,-76.059375,-81.756262,-87.67126,-93.772791,-100.023992,-106.595786,-113.262097,-120.135816,-127.148345,-134.341759,-141.85418,-149.432629,-149.989051],"unit":"mW\/cm2"},"timestamps":{"value":[0.018,0.056,0.082,0.105,0.128,0.152,0.176,0.199,0.222,0.245,0.268,0.293,0.316,0.338,0.364,0.38,0.409,0.435,0.457,0.484,0.507,0.532,0.554,0.576,0.603,0.627,0.651,0.673,0.695,0.72,0.742,0.764,0.787,0.809,0.833,0.856,0.879,0.903,0.926,0.962,0.985,1.012,1.034,1.056,1.079,1.101,1.122,1.145,1.173,1.195,1.217,1.239,1.26,1.289,1.311,1.334,1.355,1.377,1.406,1.429,1.452,1.474,1.495,1.518,1.542,1.562,1.585,1.608,1.63,1.652,1.682,1.705,1.727,1.751,1.772,1.796,1.819,1.856,1.879,1.901,1.925,1.946,1.969,1.995,2.019,2.043,2.07,2.108,2.129,2.155,2.177,2.199,2.221,2.243,2.269,2.293,2.316,2.339,2.36,2.386,2.409,2.43],"unit":"s"},"p_max":{"unit":"mW","value":0.529298704},"v_p_max":{"unit":"V","value":0.412010193},"i_p_max":{"unit":"mA","value":1.284674},"j_p_max":{"unit":"mA\/cm2","value":13.452082},"voc":{"unit":"V","value":0.89104287},"isc":{"unit":"mA","value":1.943301},"jsc":{"unit":"mA\/cm2","value":20.348705},"fill_factor":{"unit":"%","value":30.567653},"efficiency":{"unit":"%","value":5.542395},"r_s":{"unit":"ohms","value":91.886628},"r_sh":{"unit":"ohms","value":750.155933},"cell_dimension":{"value":0.09550000177487683,"unit":"cm2"},"sweep_direction":{"unit":"","value":"Forward"},"key":"forward16_1cell_231114"}]}}