{"_id":"6530d5a56499622b4e49c9e5","id":"KAIST-SC-00070","author":105,"group":12,"input":[{"tco":{"unit":"","value":"ITO"}},{"etl":[{"material":{"unit":"","value":"SnO2"},"concentration":{"unit":"","value":"5"},"conc_unit":{"unit":"","value":"wt%"},"quantity":{"unit":"ml","value":"0.4"}}],"solvent":[{"material":{"unit":"","value":"DI Water"},"volume":{"unit":"ml","value":"0.8"}}],"spin_coating":[{"type":{"unit":"","value":"drop&run"},"rpm":{"unit":"","value":"4000"},"time":{"unit":"s","value":"30"}}],"annealing":[{"temperature":{"unit":"oC","value":"150"},"time":{"unit":"m","value":"30"}}]},{"perovskite":{"method":{"unit":"","value":"1-step"},"molarity":{"unit":"M","value":"1.8"},"a_site":[{"material":{"unit":"","value":"FA"},"ratio":{"unit":"","value":"97.5"}},{"material":{"unit":"","value":"MA"},"ratio":{"unit":"","value":"2.5"}}],"b_site":[{"material":{"unit":"","value":"Pb"},"ratio":{"unit":"","value":"100"}}],"x_site":[{"material":{"unit":"","value":"I"},"ratio":{"unit":"","value":"97.5"}},{"material":{"unit":"","value":"Br"},"ratio":{"unit":"","value":"2.5"}}],"solvent":[{"material":{"unit":"","value":"DMF"},"volume":{"unit":"ml","value":"0.8"}},{"material":{"unit":"","value":"DMSO"},"volume":{"unit":"ml","value":"0.1"}}],"additive":[{"material":{"unit":"","value":"MACl"},"solvent":{"unit":"","value":"None"},"concentration":{"unit":"","value":"47.62"},"conc_unit":{"unit":"","value":"mg\/ml"},"quantity":{"unit":"mol%","value":"35"}}],"stirring_time":[{"unit":"m","value":"20"}],"antisolvent":[{"material":{"unit":"","value":"DEE"},"quantity":{"unit":"ul","value":"1000"},"dripping_time":{"unit":"s","value":"28"}}],"spin_coating":[{"type":{"unit":"","value":"drop&run"},"rpm":{"unit":"","value":"5000"},"time":{"unit":"s","value":"15"}}],"annealing":[{"temperature":{"unit":"oC","value":"100"},"time":{"unit":"m","value":"15"}},{"temperature":{"unit":"oC","value":"150"},"time":{"unit":"m","value":"15"}}],"atmosphere":[{"type":{"unit":"","value":"Air"},"temperature":{"unit":"oC","value":"22"},"humidity":{"unit":"RH%","value":"19"}}]}},{"perovskite_treatment":[{"material":{"unit":"","value":"OAI"},"concentration":{"unit":"","value":"2.5"},"conc_unit":{"unit":"","value":"mg\/ml"},"quantity":{"unit":"ml","value":"0.4"}}],"solvent":[{"material":{"unit":"","value":"CF"},"volume":{"unit":"ml","value":"0.8"}}],"spin_coating":[{"type":{"unit":"","value":"drop&run"},"rpm":{"unit":"","value":"5000"},"time":{"unit":"s","value":"5"}}],"annealing":[{"temperature":{"unit":"oC","value":"100"},"time":{"unit":"m","value":"3"}}]},{"htl":[{"material":{"unit":"","value":"Spiro-OMeTAD"},"concentration":{"unit":"","value":"91"},"conc_unit":{"unit":"","value":"mg\/ml"},"quantity":{"unit":"ml","value":"0.08"}}],"solvent":[{"material":{"unit":"","value":"CB"},"volume":{"unit":"ml","value":"1.1"}}],"htl_doping":[{"material":{"unit":"","value":"tBP"},"volume":{"unit":"ul","value":"39"}},{"material":{"unit":"","value":"Li-TFSI"},"volume":{"unit":"ul","value":"23"}},{"material":{"unit":"","value":"Co-TFSI"},"volume":{"unit":"ul","value":"10"}}],"spin_coating":[{"type":{"unit":"","value":"dynamic"},"rpm":{"unit":"","value":"2000"},"time":{"unit":"s","value":"30"}}]},{"anode_metal":{"unit":"","value":"Au"}},{"note":{"unit":"","value":"-"},"ar":{"unit":"","value":"0"},"type":{"unit":"","value":"unit_cell"},"device_type":{"unit":"","value":"n-i-p"},"temperature":{"unit":"oC","value":"22"},"humidity":{"unit":"%","value":"19"},"cell_dimension":{"unit":"cm2","value":"0.0955"}}],"fileinfo":[{"key":"reverse19_4cell_231019","uploadType":"JV","original_name":"reverse19_4cell_231019.csv","save_name":"KAIST-SC-00070\/reverse19_4cell_231019","uploader":105,"fileType":""},{"key":"forward19_4cell_231019","uploadType":"JV","original_name":"forward19_4cell_231019.csv","save_name":"KAIST-SC-00070\/forward19_4cell_231019","uploader":105,"fileType":""},{"key":"reverse19_3cell_231019","uploadType":"JV","original_name":"reverse19_3cell_231019.csv","save_name":"KAIST-SC-00070\/reverse19_3cell_231019","uploader":105,"fileType":""},{"key":"forward19_3cell_231019","uploadType":"JV","original_name":"forward19_3cell_231019.csv","save_name":"KAIST-SC-00070\/forward19_3cell_231019","uploader":105,"fileType":""},{"key":"reverse19_2cell_231019","uploadType":"JV","original_name":"reverse19_2cell_231019.csv","save_name":"KAIST-SC-00070\/reverse19_2cell_231019","uploader":105,"fileType":""},{"key":"forward19_2cell_231019","uploadType":"JV","original_name":"forward19_2cell_231019.csv","save_name":"KAIST-SC-00070\/forward19_2cell_231019","uploader":105,"fileType":""},{"key":"reverse19_1cell_231019","uploadType":"JV","original_name":"reverse19_1cell_231019.csv","save_name":"KAIST-SC-00070\/reverse19_1cell_231019","uploader":105,"fileType":""},{"key":"forward19_1cell_231019","uploadType":"JV","original_name":"forward19_1cell_231019.csv","save_name":"KAIST-SC-00070\/forward19_1cell_231019","uploader":105,"fileType":""}],"jvcnt":8,"updated_at":"2024-08-19 05:37:57","created_at":"2023-10-19 07:07:17","analysisInfo":{"JV":[{"efficiency":21.537684,"fill_factor":79.54928,"jsc":22.898514,"voc":1.182376,"key":"reverse19_4cell_231019","cell_dimension":0.09549999757962922},{"efficiency":21.784162,"fill_factor":79.684442,"jsc":23.138471,"voc":1.181497,"key":"reverse19_3cell_231019","cell_dimension":0.09550000205375038},{"efficiency":21.997658,"fill_factor":80.247197,"jsc":23.161726,"voc":1.18352,"key":"reverse19_2cell_231019","cell_dimension":0.09550000011396922},{"efficiency":21.783403,"fill_factor":80.038382,"jsc":23.01358,"voc":1.182615,"key":"reverse19_1cell_231019","cell_dimension":0.09549999835444864},{"efficiency":21.782015,"fill_factor":80.37393,"jsc":22.906838,"voc":1.18309,"key":"forward19_4cell_231019","cell_dimension":0.09550000028319777},{"efficiency":22.210009,"fill_factor":81.192794,"jsc":23.117117,"voc":1.183307,"key":"forward19_3cell_231019","cell_dimension":0.09549996528055206},{"efficiency":22.147257,"fill_factor":80.587376,"jsc":23.22351,"voc":1.183382,"key":"forward19_2cell_231019","cell_dimension":0.0955000114362621},{"efficiency":21.901374,"fill_factor":80.710701,"jsc":22.980557,"voc":1.180809,"key":"forward19_1cell_231019","cell_dimension":0.0955000023817893}]},"public":2,"tags":[],"analysis":{"JV":[{"V":{"value":[1.500223,1.484216,1.468241,1.45226,1.436247,1.420248,1.404249,1.388241,1.372226,1.356225,1.340214,1.32424,1.308226,1.292217,1.276227,1.260223,1.24421,1.228201,1.212229,1.196228,1.180221,1.164196,1.148214,1.132189,1.116179,1.100216,1.084216,1.06821,1.052197,1.036191,1.020191,1.004174,0.988195896,0.972195625,0.956196785,0.940184355,0.924178839,0.908170462,0.892174482,0.876166105,0.860187769,0.844168425,0.828180552,0.812164068,0.796158552,0.780144691,0.764149904,0.748175859,0.732170105,0.716163158,0.700157642,0.684139729,0.668128729,0.652131081,0.636165142,0.620155334,0.604145765,0.588137388,0.572135925,0.556131601,0.540127277,0.524131298,0.508137941,0.492130995,0.476130962,0.460114241,0.444118261,0.428109884,0.412131548,0.396124601,0.380125761,0.364114761,0.348100901,0.33208847,0.316085577,0.30007863,0.284109831,0.268102884,0.252095938,0.236087561,0.220082045,0.204082489,0.188087225,0.172082424,0.156069756,0.140063524,0.124078035,0.108077526,0.092072725,0.076069355,0.060071468,0.044077635,0.028063536,0.012007385,-0.003992051,-0.019991368,-0.035936117,-0.051939487,-0.067927837,-0.083938122,-0.099948168,-0.115944862,-0.131941319,-0.147944689,-0.163945198,-0.179955482,-0.195938349,-0.199946642],"unit":"V"},"I":{"value":[-0.011679202,-0.011515453,-0.010991052,-0.010376080999999999,-0.009758264000000001,-0.009093553,-0.008416921,-0.007742792,-0.007067472,-0.006390765,-0.005726278,-0.005066276000000001,-0.004413784,-0.003779113,-0.003152966,-0.002547085,-0.0019635860000000002,-0.001405209,-0.000880539417,-0.00038519501699999995,5.9917569e-5,0.000470027328,0.000817090273,0.00111407,0.00135918,0.001546159,0.001701802,0.0018100590000000001,0.0018986909999999999,0.001960903,0.002007872,0.002048299,0.002069667,0.002096638,0.002106696,0.002124101,0.0021367219999999998,0.00214678,0.002156004,0.002158642,0.0021637080000000003,0.0021687,0.0021732749999999997,0.0021727979999999997,0.002176121,0.0021762549999999998,0.002186939,0.002178058,0.0021873559999999997,0.0021831990000000003,0.0021831990000000003,0.0021841680000000002,0.002182499,0.002186179,0.002184585,0.002182499,0.0021855530000000002,0.0021850019999999997,0.002189994,0.002182439,0.0021843020000000004,0.002184376,0.002185687,0.002183273,0.002183408,0.002185896,0.002181947,0.002188608,0.002186254,0.002185896,0.002187699,0.002184242,0.002180696,0.002189785,0.00217855,0.002189368,0.0021806359999999997,0.002191111,0.002180979,0.0021827070000000003,0.002187908,0.002183273,0.0021872220000000004,0.002188116,0.002183333,0.002188891,0.002181873,0.0021894429999999997,0.002186805,0.0021884739999999997,0.0021905450000000003,0.0021881910000000004,0.002191588,0.0021878479999999996,0.002186462,0.002190411,0.002185419,0.002194092,0.002184093,0.0021958950000000002,0.002186179,0.002194017,0.00219138,0.0021886830000000003,0.0021918709999999998,0.002183124,0.00219512,0.0021872220000000004],"unit":"A"},"resistance":{"value":[-128.452495,-128.88904,-133.585164,-139.962311,-147.182599,-156.181838,-166.83642,-179.294563,-194.160737,-212.216407,-234.04632,-261.383327,-296.395619,-341.936438,-404.770313,-494.770599,-633.642084,-874.034146,-1376.69,-3105.512,19697.409,2476.869,1405.247,1016.263,821.215397,711.579881,637.098716,590.15225,554.16941,528.425187,508.095528,490.247943,477.466136,463.692629,453.88448,442.62697,432.521755,423.038343,413.80923,405.887674,397.552574,389.250881,381.074942,373.787208,365.861364,358.480369,349.415261,343.505935,334.728314,328.033854,320.702632,313.226768,306.130202,298.297181,291.206439,284.149251,276.426918,269.170187,261.250014,254.821147,247.276875,239.945536,232.484268,225.409693,218.067838,210.49228,203.542164,195.608293,188.510398,181.218409,173.755963,166.700741,159.628382,151.653443,145.089904,137.061759,130.287604,122.35931,115.588448,108.162726,100.590187,93.47546,85.99365,78.644094,71.48234,63.988345,56.867678,49.363034,42.103765,34.759087,27.423067,20.143415,12.805113,5.488217,-1.825804,-9.126765,-16.443581,-23.672433,-31.101165,-38.225021,-45.718196,-52.845923,-60.209247,-67.595316,-74.796905,-82.430246,-89.260888,-91.415787],"unit":"ohms"},"conductance":{"value":[-0.007784979,-0.007758612,-0.007485861,-0.007144781,-0.006794281,-0.006402793,-0.005993895,-0.005577414,-0.005150372,-0.004712171,-0.004272659,-0.003825799,-0.003373869,-0.00292452,-0.002470537,-0.002021139,-0.001578178,-0.00114412,-0.000726380132,-0.000322008083,5.07681e-5,0.000403735475,0.00071161854,0.000983996824,0.001217707,0.001405324,0.001569615,0.001694478,0.001804502,0.001892415,0.001968134,0.002039784,0.002094389,0.002156601,0.002203204,0.002259239,0.002312022,0.002363852,0.002416572,0.002463736,0.002515391,0.002569037,0.002624156,0.002675319,0.002733276,0.002789553,0.002861924,0.002911158,0.002987497,0.003048466,0.003118153,0.003192575,0.003266584,0.003352362,0.00343399,0.003519277,0.003617593,0.003715122,0.003827751,0.003924321,0.00404405,0.004167612,0.004301366,0.004436366,0.004585729,0.004750768,0.004912987,0.005112258,0.005304747,0.005518203,0.005755198,0.005998774,0.00626455,0.006593982,0.006892278,0.007295981,0.007675327,0.008172652,0.008651384,0.009245329,0.009941328,0.010697995,0.011628766,0.012715513,0.013989469,0.015627846,0.017584681,0.020258074,0.023750845,0.028769456,0.036465651,0.049644016,0.078093805,0.182208533,-0.547704011,-0.109567844,-0.060814005,-0.042243229,-0.032153136,-0.026160875,-0.021873129,-0.018922936,-0.016608745,-0.014793924,-0.013369537,-0.012131469,-0.011203115,-0.01093903],"unit":"S"},"power":{"value":[-17.521404,-17.091417,-16.137518,-15.06877,-14.015274,-12.915098,-11.819452,-10.748859,-9.698165,-8.667317,-7.674439,-6.708965,-5.774227,-4.883433,-4.023902,-3.209895,-2.443114,-1.725879,-1.067416,-0.460780983,0.070715964,0.547204053,0.938194379,1.261338,1.517088,1.701109,1.845121,1.933524,1.997796,2.03187,2.048412,2.056849,2.045236,2.038342,2.014416,1.997046,1.974713,1.949643,1.923532,1.891329,1.861195,1.830748,1.799864,1.764668,1.732537,1.697794,1.671149,1.62957,1.601517,1.563527,1.528583,1.494276,1.45819,1.425675,1.389757,1.353488,1.320393,1.285081,1.252974,1.213723,1.179801,1.1449,1.110631,1.074457,1.039588,1.005762,0.969042611,0.936964739,0.901024108,0.865887197,0.831600778,0.795314758,0.759102079,0.727202432,0.68860816,0.656982554,0.619540105,0.587443298,0.549815859,0.515310016,0.481519199,0.445567877,0.411388562,0.376536359,0.340752254,0.306583812,0.270722481,0.236629531,0.201345097,0.166475801,0.131589267,0.096450276,0.061503716,0.026270335,-0.008728469,-0.043789314,-0.078535481,-0.113959997,-0.148360714,-0.184319278,-0.218504602,-0.254385019,-0.289133523,-0.32380396,-0.359346792,-0.392865209,-0.43010816,-0.437327743],"unit":"mW"},"J":{"value":[-0.12229531199999999,-0.120580664,-0.115089548,-0.10865006099999999,-0.102180773,-0.095220448,-0.08813529699999999,-0.08107636,-0.07400494,-0.066919008,-0.059961024,-0.053050006000000004,-0.046217629,-0.039571867,-0.033015355999999996,-0.02667105,-0.020561106,-0.014714234,-0.009220308,-0.004033456,0.000627409101,0.004921752,0.008555918999999999,0.011665659,0.014232247,0.016190151,0.017819915999999998,0.018953497,0.019881582000000002,0.02053302,0.021024836,0.021448154,0.021671906,0.021954325,0.022059647999999998,0.022241893999999998,0.022374054999999997,0.022479377,0.022575961,0.022603579,0.02265663,0.022708902,0.022756804,0.022751811,0.022786605999999997,0.02278801,0.022899885999999998,0.02280689,0.022904255,0.022860722,0.022860722,0.022870864,0.022853388,0.022891928,0.022875233000000002,0.022853388,0.022885375,0.022879602,0.022931873,0.022852764,0.022872267999999998,0.022873048,0.022886779,0.022861502000000002,0.022862906,0.022888964,0.022847615,0.022917362,0.022892709,0.022888964,0.022907844,0.022871644,0.022834508,0.022929688,0.022812039,0.022925319,0.022833884000000002,0.022943575,0.022837473,0.022855573,0.022910028,0.022861502000000002,0.022902851,0.022912213,0.022862126,0.022920325999999998,0.022846835,0.0229261,0.022898482,0.022915956999999997,0.022937646000000003,0.022912993,0.022948568000000003,0.022909403999999998,0.022894893,0.022936242,0.022883971,0.022974782000000003,0.022870084,0.022993662,0.022891928,0.022974002,0.022946383999999997,0.022918142,0.022951533,0.022859942,0.022985548,0.022902851],"unit":"A\/cm2"},"power_density":{"value":[-183.470201,-178.96772,-168.979245,-157.788166,-146.756791,-135.236632,-123.763899,-112.553493,-101.551467,-90.757249,-80.360619,-70.250939,-60.463109,-51.135421,-42.135097,-33.611468,-25.582343,-18.072035,-11.177129,-4.824932,0.740481298,5.729885,9.824025,13.207731,15.885739,17.812661,19.320636,20.246322,20.919331,21.276125,21.449343,21.537684,21.416088,21.343899,21.093364,20.911481,20.677628,20.415106,20.141697,19.80449,19.488956,19.170138,18.846742,18.478203,18.141751,17.777945,17.498946,17.063565,16.769811,16.372007,16.006109,15.646867,15.269005,14.928538,14.552426,14.172651,13.826102,13.456349,13.120148,12.709144,12.353936,11.988481,11.629641,11.250854,10.885738,10.531538,10.147043,9.811149,9.434807,9.066882,8.707862,8.327903,7.948713,7.614685,7.210557,6.879398,6.487331,6.151239,5.757234,5.395916,5.042086,4.665632,4.307734,3.942789,3.568086,3.210302,2.83479,2.477796,2.108326,1.743202,1.377898,1.009951,0.644017968,0.275082046,-0.091397578,-0.458526851,-0.822361052,-1.193298,-1.553515,-1.930045,-2.288006,-2.663717,-3.027576,-3.390617,-3.762794,-4.113772,-4.50375,-4.579348],"unit":"mW\/cm2"},"timestamps":{"value":[0.019,0.044,0.069,0.093,0.13,0.152,0.175,0.198,0.22,0.243,0.266,0.288,0.31,0.333,0.355,0.377,0.4,0.422,0.453,0.477,0.5,0.523,0.547,0.57,0.594,0.625,0.649,0.67,0.691,0.713,0.734,0.757,0.778,0.806,0.828,0.85,0.873,0.895,0.923,0.946,0.969,1.005,1.029,1.054,1.076,1.099,1.122,1.144,1.166,1.188,1.211,1.235,1.257,1.283,1.306,1.328,1.35,1.372,1.398,1.419,1.442,1.465,1.487,1.508,1.53,1.553,1.575,1.604,1.628,1.65,1.688,1.71,1.736,1.757,1.779,1.8,1.822,1.845,1.866,1.9,1.922,1.945,1.971,1.994,2.017,2.039,2.069,2.097,2.117,2.139,2.161,2.182,2.204,2.229,2.251,2.272,2.295,2.32,2.342,2.363,2.384,2.407,2.431,2.454,2.477,2.5,2.522,2.546],"unit":"s"},"p_max":{"unit":"mW","value":2.056849},"v_p_max":{"unit":"V","value":1.004174},"i_p_max":{"unit":"mA","value":2.048299},"j_p_max":{"unit":"mA\/cm2","value":21.448154},"voc":{"unit":"V","value":1.182376},"isc":{"unit":"mA","value":2.186808},"jsc":{"unit":"mA\/cm2","value":22.898514},"fill_factor":{"unit":"%","value":79.54928},"efficiency":{"unit":"%","value":21.537684},"r_s":{"unit":"ohms","value":30.406189},"r_sh":{"unit":"ohms","value":8253.014},"cell_dimension":{"value":0.09549999757962922,"unit":"cm2"},"sweep_direction":{"unit":"","value":"Reverse"},"key":"reverse19_4cell_231019"},{"V":{"value":[1.500235,1.484211,1.468235,1.452258,1.436241,1.420249,1.404246,1.388239,1.372224,1.35622,1.340213,1.324237,1.308223,1.29223,1.276227,1.260224,1.244208,1.228199,1.212232,1.196225,1.180225,1.164203,1.148204,1.132196,1.116181,1.100211,1.084217,1.068208,1.052201,1.036192,1.020193,1.004171,0.988195896,0.972190142,0.95620513,0.940188646,0.924180269,0.908167839,0.892175913,0.876167536,0.860190392,0.844169855,0.828171015,0.812161446,0.796155691,0.780143261,0.764147282,0.748178482,0.732168913,0.716163158,0.700161695,0.684134245,0.668129921,0.652133942,0.636161089,0.620158195,0.604163408,0.588140011,0.572141409,0.556137085,0.540120602,0.524136782,0.508135319,0.492133617,0.476122618,0.460111618,0.444116831,0.428109884,0.412128925,0.396124601,0.380125761,0.364109278,0.348100901,0.332093954,0.316085577,0.300080061,0.284104347,0.268102884,0.252113581,0.236093044,0.220082045,0.204085112,0.188085794,0.172085285,0.156076431,0.140074492,0.124080658,0.108077526,0.092070103,0.076069355,0.060074329,0.044077635,0.028060675,0.012007385,-0.003991336,-0.019994348,-0.03594017,-0.051935434,-0.067948341,-0.083947659,-0.099925041,-0.115946054,-0.131938457,-0.147940636,-0.163948059,-0.179951429,-0.195950747,-0.199944019],"unit":"V"},"I":{"value":[-0.016298354,-0.016279146,-0.015570819,-0.014711007,-0.013790384,-0.012836188,-0.011869863000000001,-0.010885282999999999,-0.009907022,-0.008924052,-0.007951275,-0.0069985989999999994,-0.006057307,-0.005137652,-0.004257739,-0.003402859,-0.002594799,-0.001839653,-0.0011372119999999999,-0.00050906837,4.3973327e-5,0.000517889857,0.00090906024,0.0012161580000000002,0.001455233,0.001634866,0.001768246,0.001867205,0.00193733,0.001998574,0.002039209,0.002065435,0.002096638,0.002114877,0.002128959,0.002145886,0.002157807,0.002163365,0.002174452,0.002176613,0.002186254,0.002181873,0.002194777,0.002191588,0.0022006779999999997,0.002199501,0.002201021,0.00220713,0.0022021980000000003,0.0022055950000000003,0.002199978,0.0022085159999999998,0.002202541,0.002205253,0.002207965,0.002204418,0.002206981,0.0022043590000000004,0.002212256,0.002201855,0.002211213,0.002208933,0.00220935,0.0022078159999999996,0.0022045520000000002,0.002212465,0.002205536,0.002207264,0.002209693,0.002209619,0.002208024,0.002208576,0.002209619,0.002208933,0.002208173,0.002211004,0.0022067130000000003,0.002213508,0.0022055950000000003,0.002213508,0.00221011,0.002211779,0.0022071900000000004,0.002214819,0.0022068469999999996,0.002205953,0.002209827,0.002206638,0.002209827,0.0022118389999999997,0.0022037330000000003,0.002212256,0.002213165,0.002202958,0.002211973,0.002210587,0.002208024,0.002210945,0.002207264,0.002215937,0.002207398,0.002214476,0.002213851,0.002212465,0.002214476,0.0022123309999999997,0.0022172480000000002,0.002211154],"unit":"A"},"resistance":{"value":[-92.048244,-91.172561,-94.293981,-98.719115,-104.148018,-110.644158,-118.303503,-127.533601,-138.510248,-151.973537,-168.553207,-189.214645,-215.974435,-251.52153,-299.742976,-370.342807,-479.500706,-667.625748,-1065.969,-2349.832,26839.564,2247.974,1263.067,930.961024,767.011909,672.966878,613.159668,572.089062,543.118974,518.465874,500.288756,486.179108,471.324023,459.691081,449.142169,438.135326,428.296006,419.793995,410.299209,402.537194,393.454065,386.901511,377.337181,370.581214,361.777459,354.691056,347.178596,338.982487,332.471895,324.702875,318.258551,309.771016,303.345105,295.718471,288.121047,281.325114,273.751047,266.807777,258.623486,252.576595,244.264381,237.2805,229.99308,222.905213,215.972476,207.963361,201.364601,193.954971,186.509569,179.272833,172.156514,164.861586,157.538901,150.341327,143.143466,135.721145,128.745493,121.121269,114.306361,106.660132,99.57966,92.271913,85.215052,77.697216,70.723719,63.498402,56.149482,48.978357,41.663936,34.391905,27.260261,19.92429,12.678979,5.450574,-1.804423,-9.044813,-16.277072,-23.490153,-30.783962,-37.883598,-45.26824,-52.358224,-59.59682,-66.866888,-74.034681,-81.340204,-88.375653,-90.42521],"unit":"ohms"},"conductance":{"value":[-0.010863868,-0.010968212,-0.010605131,-0.01012975,-0.009601719,-0.009037983,-0.008452835,-0.007841071,-0.007219682,-0.006580093,-0.005932845,-0.005285003,-0.004630178,-0.003975803,-0.003336192,-0.002700201,-0.002085503,-0.001497845,-0.000938114002,-0.000425562331,3.725843e-5,0.000444845005,0.00079172357,0.001074159,0.001303761,0.001485957,0.001630897,0.00174798,0.001841217,0.001928767,0.001998846,0.002056855,0.002121683,0.002175374,0.002226467,0.0022824,0.002334834,0.002382121,0.002437246,0.002484242,0.002541593,0.002584637,0.00265015,0.002698464,0.00276413,0.002819355,0.002880362,0.002950005,0.003007773,0.003079739,0.003142099,0.003228191,0.003296575,0.003381595,0.003470763,0.003554606,0.003652954,0.003748017,0.003866625,0.003959195,0.004093925,0.004214421,0.004347957,0.004486212,0.00463022,0.004808539,0.004966116,0.005155836,0.005361655,0.00557809,0.005808668,0.006065694,0.006347639,0.006651531,0.006985998,0.007368049,0.007767262,0.008256188,0.00874842,0.009375574,0.010042211,0.010837534,0.011735016,0.012870474,0.014139528,0.015748428,0.017809603,0.020417181,0.024001573,0.02907661,0.036683435,0.050189993,0.078870704,0.183466906,-0.554193703,-0.110560606,-0.06143611,-0.042571029,-0.032484447,-0.026396648,-0.022090543,-0.019099196,-0.016779419,-0.014955085,-0.013507183,-0.012294043,-0.011315334,-0.011058863],"unit":"S"},"power":{"value":[-24.451358,-24.161695,-22.861615,-21.364173,-19.806317,-18.230586,-16.668211,-15.111379,-13.594654,-12.102976,-10.6564,-9.267806,-7.924311,-6.639029,-5.433842,-4.288366,-3.228469,-2.25946,-1.378565,-0.608960395,0.051898415,0.602928889,1.043787,1.376929,1.624302,1.798697,1.917163,1.994562,2.038459,2.070906,2.080387,2.074051,2.071889,2.056063,2.035721,2.017538,1.994203,1.964699,1.939994,1.907077,1.880594,1.841871,1.817651,1.779924,1.752082,1.715926,1.681904,1.651327,1.612381,1.579566,1.54034,1.510921,1.471583,1.43812,1.404621,1.367088,1.333377,1.296471,1.265723,1.224533,1.194322,1.157783,1.122649,1.08654,1.049637,1.017981,0.979515556,0.944951666,0.910678481,0.875284322,0.839326904,0.804162869,0.769170255,0.733573372,0.697971724,0.663478364,0.626936745,0.59344785,0.556060547,0.522593816,0.486405621,0.451391237,0.415141047,0.381137792,0.344436815,0.308997745,0.274196826,0.238488025,0.203459027,0.168253163,0.132387766,0.097511021,0.062102908,0.026451764,-0.008828727,-0.044199252,-0.079356768,-0.114826383,-0.149979948,-0.186022704,-0.220574378,-0.256759809,-0.292092036,-0.32731345,-0.363059119,-0.398112072,-0.434471417,-0.44210692],"unit":"mW"},"J":{"value":[-0.170663389,-0.170462263,-0.163045229,-0.154041963,-0.144401926,-0.134410346,-0.124291756,-0.11398202499999999,-0.103738452,-0.093445572,-0.08325941899999999,-0.073283755,-0.0634273,-0.053797405,-0.044583649999999996,-0.035632030999999995,-0.027170668,-0.019263379,-0.011907978,-0.005330559,0.000460453683,0.00542293,0.009518955,0.012734642,0.015238037,0.017119015999999997,0.018515668000000002,0.019551884000000002,0.020286176,0.020927472000000003,0.021352974,0.021627592,0.021954325,0.022145309999999998,0.022292760999999998,0.022470015,0.022594840999999997,0.022653041999999998,0.022769130000000002,0.022791754999999997,0.022892709,0.022846835,0.022981959,0.022948568000000003,0.023043749,0.023031422,0.023047336999999998,0.023111311,0.023059664,0.02309524,0.023036415,0.023125822,0.023063253,0.023091650999999998,0.023120049,0.023082913,0.023109750999999998,0.023082289,0.023164986,0.023056075,0.023154064000000002,0.023130191,0.023134560000000002,0.023118488,0.023084317,0.023167171,0.023094615000000002,0.023112715000000002,0.023138149,0.023137368,0.023120673,0.023126446000000002,0.023137368,0.023130191,0.023122233000000002,0.02315188,0.023106942,0.023178093,0.02309524,0.023178093,0.023142517999999997,0.023159993,0.023111935,0.023191824,0.023108346000000002,0.023098984000000003,0.023139553,0.023106162,0.023139553,0.023160616999999998,0.023075735,0.023164986,0.023174504,0.023067622,0.023162022,0.023147511000000003,0.023120673,0.023151255,0.023112715000000002,0.023203526,0.02311412,0.023188234999999998,0.023181682,0.023167171,0.023188234999999998,0.023165766,0.023217257,0.02315344],"unit":"A\/cm2"},"power_density":{"value":[-256.035163,-253.002041,-239.388637,-223.708617,-207.395988,-190.89619,-174.536242,-158.234336,-142.352402,-126.732732,-111.585341,-97.045085,-82.977083,-69.518627,-56.898869,-44.904353,-33.805959,-23.659272,-14.435234,-6.376549,0.543438899,6.313392,10.929703,14.41811,17.008402,18.834524,20.075008,20.885469,21.345125,21.684882,21.784162,21.717809,21.695174,21.529452,21.316453,21.126053,20.881707,20.572764,20.31407,19.969396,19.692088,19.286609,19.032993,18.637942,18.346412,17.967809,17.61156,17.291386,16.883569,16.53996,16.129215,15.821167,15.409249,15.058849,14.708075,14.315058,13.962066,13.575618,13.253648,12.822338,12.505987,12.123384,11.755487,11.377385,10.990966,10.659484,10.256707,9.894782,9.5359,9.165281,8.788763,8.420554,8.054139,7.681397,7.308604,6.947417,6.564783,6.214114,5.822624,5.472187,5.093253,4.72661,4.347027,3.990972,3.606668,3.235578,2.871171,2.497257,2.130461,1.761813,1.386259,1.021058,0.650292227,0.276981826,-0.092447402,-0.462819389,-0.830960922,-1.202371,-1.570471,-1.947882,-2.309679,-2.688584,-3.058555,-3.427366,-3.801666,-4.168713,-4.549439,-4.629392],"unit":"mW\/cm2"},"timestamps":{"value":[0.018,0.042,0.066,0.09,0.113,0.138,0.162,0.187,0.211,0.235,0.256,0.277,0.3,0.321,0.343,0.367,0.389,0.413,0.435,0.457,0.48,0.502,0.526,0.55,0.57,0.592,0.616,0.639,0.661,0.687,0.722,0.747,0.77,0.805,0.828,0.851,0.873,0.895,0.919,0.942,0.964,0.986,1.009,1.03,1.051,1.073,1.094,1.116,1.14,1.163,1.187,1.208,1.23,1.253,1.276,1.299,1.321,1.343,1.366,1.387,1.41,1.432,1.456,1.479,1.502,1.526,1.547,1.571,1.592,1.615,1.637,1.674,1.697,1.719,1.74,1.756,1.777,1.8,1.821,1.844,1.865,1.888,1.91,1.932,1.953,1.98,2.003,2.024,2.059,2.082,2.104,2.124,2.159,2.185,2.213,2.239,2.261,2.286,2.309,2.332,2.355,2.377,2.4,2.423,2.446,2.468,2.49,2.515],"unit":"s"},"p_max":{"unit":"mW","value":2.080387},"v_p_max":{"unit":"V","value":1.020193},"i_p_max":{"unit":"mA","value":2.039209},"j_p_max":{"unit":"mA\/cm2","value":21.352974},"voc":{"unit":"V","value":1.181497},"isc":{"unit":"mA","value":2.209724},"jsc":{"unit":"mA\/cm2","value":23.138471},"fill_factor":{"unit":"%","value":79.684442},"efficiency":{"unit":"%","value":21.784162},"r_s":{"unit":"ohms","value":21.505732},"r_sh":{"unit":"ohms","value":6897.195},"cell_dimension":{"value":0.09550000205375038,"unit":"cm2"},"sweep_direction":{"unit":"","value":"Reverse"},"key":"reverse19_3cell_231019"},{"V":{"value":[1.500238,1.484225,1.46823,1.452273,1.436251,1.420246,1.404248,1.388239,1.372227,1.356227,1.34021,1.324237,1.308225,1.292214,1.276226,1.260222,1.244202,1.228201,1.212228,1.196225,1.180222,1.164206,1.148204,1.13219,1.116179,1.100223,1.084208,1.068209,1.052197,1.036191,1.020195,1.004169,0.988198519,0.972191572,0.95619154,0.940187216,0.924181461,0.908170462,0.892170429,0.876166105,0.860189199,0.844171286,0.828169823,0.812160015,0.796150208,0.780144691,0.764139175,0.748174429,0.732157946,0.716166019,0.700157642,0.684138298,0.668132782,0.652128458,0.636163712,0.620159626,0.604144335,0.588137388,0.572138548,0.556128979,0.540124655,0.524134159,0.508137941,0.492130995,0.476126671,0.460113049,0.444119692,0.428109884,0.412116528,0.396127462,0.380124569,0.364107847,0.348099709,0.332092524,0.31608963,0.300085545,0.284112692,0.268101454,0.25209856,0.236093044,0.220079184,0.204082489,0.188089848,0.172083855,0.156073809,0.140074492,0.124075174,0.108080149,0.092071295,0.076069355,0.060063362,0.044065475,0.028060675,0.012007087,-0.003994435,-0.019989967,-0.035938978,-0.051940918,-0.067933321,-0.083934069,-0.099946976,-0.115946054,-0.131941319,-0.147939205,-0.163950682,-0.179951429,-0.195943832,-0.199946642],"unit":"V"},"I":{"value":[-0.013826102,-0.013697237,-0.013117567,-0.012397662,-0.011636823,-0.010834381,-0.010028258,-0.009205014000000001,-0.008391753,-0.007572517,-0.00676313,-0.005966723,-0.0051752479999999995,-0.0044067049999999995,-0.003655106,-0.002930552,-0.002239898,-0.001576796,-0.000965416431,-0.000403225422,0.000104665756,0.000543475151,0.000924244523,0.001222953,0.0014703569999999998,0.001650885,0.001782522,0.001893222,0.001959518,0.00201869,0.002059191,0.002090335,0.0021129400000000002,0.0021257700000000004,0.002150118,0.0021555270000000004,0.0021705030000000003,0.002174109,0.002185136,0.0021915140000000003,0.002191454,0.0021983239999999998,0.002199292,0.0021997089999999998,0.002200812,0.002201438,0.002206013,0.00220643,0.00221017,0.0022055950000000003,0.002211004,0.0022065640000000003,0.0022107359999999996,0.002209142,0.002213374,0.002209902,0.002212182,0.0022134330000000003,0.0022074729999999997,0.00220935,0.002210796,0.002211079,0.002209827,0.002207056,0.002211213,0.002213165,0.002211973,0.002213299,0.002212122,0.002212122,0.002209902,0.002210319,0.0022108699999999998,0.002208233,0.002210587,0.002210319,0.00221017,0.002213165,0.0022123309999999997,0.0022094849999999997,0.002215385,0.002209827,0.0022155200000000003,0.002210319,0.0022074729999999997,0.002217397,0.0022071900000000004,0.002212539,0.0022108699999999998,0.0022123309999999997,0.0022152359999999998,0.002203867,0.002218783,0.002208725,0.002213016,0.00221698,0.00221011,0.0022150280000000004,0.002212122,0.002217606,0.0022145510000000004,0.0022185,0.002214342,0.002219126,0.0022146849999999997,0.0022188430000000003,0.0022128079999999997,0.0022222400000000003],"unit":"A"},"resistance":{"value":[-108.50764,-108.359467,-111.92857,-117.140851,-123.422917,-131.086987,-140.029059,-150.8134,-163.520869,-179.098537,-198.164181,-221.937126,-252.784981,-293.238039,-349.162477,-430.02882,-555.472821,-778.921799,-1255.653,-2966.641,11276.107,2142.151,1242.316,925.783968,759.121146,666.444358,608.243833,564.227938,536.967111,513.298571,495.434633,480.386541,467.688879,457.336231,444.715771,436.17501,425.79135,417.720717,408.290558,399.799497,392.519821,384.006833,376.561982,369.21241,361.752922,354.379596,346.389306,339.088248,331.267701,324.704172,316.669479,310.046894,302.221839,295.195375,287.418111,280.627684,273.098877,265.712712,259.18259,251.716053,244.312313,237.049042,229.944639,222.980778,215.323737,207.898198,200.779882,193.426117,186.299179,179.071248,172.00971,164.730901,157.449171,150.388361,142.988986,135.765715,128.547889,121.139379,113.951572,106.854353,99.341261,92.352234,84.896497,77.854758,70.702479,63.170684,56.214094,48.848917,41.644818,34.38426,27.113748,19.994618,12.646877,5.436208,-1.804973,-9.016756,-16.261169,-23.44933,-30.709571,-37.848959,-45.131937,-52.263271,-59.584878,-66.665539,-74.028892,-81.101488,-88.549876,-89.97527],"unit":"ohms"},"conductance":{"value":[-0.009215941,-0.009228543,-0.008934269,-0.008536732,-0.008102223,-0.007628522,-0.007141375,-0.006630711,-0.006115427,-0.005583519,-0.005046321,-0.004505781,-0.003955931,-0.003410199,-0.002863996,-0.002325426,-0.001800268,-0.001283826,-0.000796398354,-0.000337081541,8.8683088e-5,0.000466820519,0.000804947947,0.001080166,0.001317313,0.0015005,0.001644078,0.001772333,0.001862311,0.001948184,0.00201843,0.002081657,0.002138174,0.002186575,0.002248627,0.002292658,0.002348568,0.002393944,0.002449236,0.002501254,0.002547642,0.00260412,0.002655605,0.002708468,0.002764318,0.002821833,0.002886925,0.002949085,0.003018707,0.003079726,0.003157867,0.003225319,0.003308828,0.003387587,0.003479252,0.00356344,0.003661677,0.003763463,0.003858284,0.00397273,0.004093122,0.004218536,0.004348873,0.004484691,0.00464417,0.004810047,0.004980579,0.005169933,0.00536771,0.005584369,0.005813625,0.006070506,0.006351256,0.006649451,0.006993546,0.00736563,0.007779202,0.008254954,0.008775658,0.009358533,0.010066311,0.010828108,0.011779049,0.01284443,0.014143776,0.015830128,0.017789133,0.020471283,0.024012591,0.029083074,0.036881659,0.050013459,0.079070904,0.183951739,-0.554024815,-0.110904626,-0.061496195,-0.042645142,-0.032563138,-0.026420806,-0.022157258,-0.019133896,-0.016782782,-0.015000254,-0.01350824,-0.01233023,-0.011293071,-0.011114165],"unit":"S"},"power":{"value":[-20.74244,-20.329785,-19.259611,-18.004785,-16.713396,-15.38749,-14.082156,-12.778762,-11.515387,-10.270049,-9.064016,-7.901357,-6.770388,-5.694405,-4.66474,-3.693145,-2.786886,-1.936622,-1.170305,-0.482348397,0.123528857,0.632716917,1.061221,1.384616,1.641182,1.816341,1.932624,2.022357,2.061798,2.091748,2.100776,2.099049,2.088004,2.066656,2.055925,2.026599,2.005939,1.974462,1.949514,1.92013,1.885065,1.855762,1.821387,1.786516,1.752177,1.71744,1.685701,1.650794,1.618194,1.579572,1.548052,1.509595,1.477065,1.440644,1.408068,1.370492,1.336477,1.301803,1.26298,1.228684,1.194105,1.158902,1.122897,1.086161,1.052818,1.018306,0.982380799,0.947535296,0.911652071,0.876282307,0.840037973,0.804794508,0.769603337,0.73333763,0.69874371,0.663284793,0.627937357,0.593352798,0.557725384,0.52164394,0.487560218,0.450987056,0.416716734,0.380360221,0.344528706,0.31060077,0.273857459,0.239131578,0.203557699,0.168290569,0.133054548,0.09711444,0.062260545,0.02652035,-0.008839749,-0.044317355,-0.07942911,-0.115050578,-0.1502768,-0.18613267,-0.221337672,-0.257226296,-0.29216325,-0.328295682,-0.363099129,-0.399283881,-0.433585989,-0.44432942],"unit":"mW"},"J":{"value":[-0.144775937,-0.14342656299999998,-0.137356719,-0.129818448,-0.12185155399999999,-0.113449016,-0.105007937,-0.096387576,-0.08787175700000001,-0.07929337,-0.07081812,-0.062478775,-0.054191076000000005,-0.046143513,-0.038273359,-0.030686406000000003,-0.023454428,-0.016510955,-0.010109073,-0.004222256,0.001095977,0.0056908390000000005,0.009677953000000001,0.012805793,0.01539641,0.017286751,0.018665148,0.019824318,0.020518509,0.021138116,0.021562214,0.021888323,0.022125026,0.02225937,0.022514328,0.022570968,0.022727782000000002,0.022765542,0.022881006,0.022947788,0.022947164,0.023019095,0.023029238,0.023033605999999998,0.023045153,0.023051705999999998,0.023099608,0.023103977,0.023143142000000002,0.02309524,0.02315188,0.023105381999999997,0.023149071,0.023132375,0.023176689,0.023140333,0.023164206,0.023177313,0.023114899999999997,0.023134560000000002,0.023149695,0.023152660000000002,0.023139553,0.023110531,0.023154064000000002,0.023174504,0.023162022,0.023175909,0.023163582000000002,0.023163582000000002,0.023140333,0.023144702,0.023150475,0.023122857,0.023147511000000003,0.023144702,0.023143142000000002,0.023174504,0.023165766,0.023135964000000002,0.023197752999999998,0.023139553,0.023199158,0.023144702,0.023114899999999997,0.023218818,0.023111935,0.023167951,0.023150475,0.023165766,0.023196193,0.02307714,0.023233329,0.023128006,0.023172944,0.023214448999999998,0.023142517999999997,0.023194008,0.023163582000000002,0.023221001999999998,0.023189015,0.023230364,0.023186831,0.023236918,0.02319042,0.023233952999999998,0.023170760000000002,0.023269528],"unit":"A\/cm2"},"power_density":{"value":[-217.19832,-212.87733,-201.671323,-188.531782,-175.009378,-161.125552,-147.457135,-133.809029,-120.579973,-107.539784,-94.911166,-82.736727,-70.894116,-59.627279,-48.845449,-38.671675,-29.182055,-20.27877,-12.254501,-5.050769,1.293496,6.625308,11.112265,14.498596,17.185153,19.019278,20.236898,21.176513,21.589503,21.903121,21.997658,21.97957,21.863918,21.640372,21.52801,21.220936,21.004594,20.674992,20.413757,20.106074,19.738903,19.432059,19.07212,18.706974,18.347403,17.983666,17.651316,17.285805,16.944435,16.540026,16.209965,15.807276,15.466653,15.08528,14.744168,14.3507,13.994524,13.631444,13.224925,12.865799,12.503721,12.1351,11.758085,11.373408,11.024267,10.662892,10.28671,9.921836,9.546095,9.175731,8.796209,8.427168,8.058674,7.678928,7.316688,6.945391,6.57526,6.213118,5.840056,5.46224,5.105343,4.722378,4.363526,3.98283,3.60763,3.252364,2.867617,2.503996,2.131494,1.762205,1.393241,1.016905,0.651942881,0.277699997,-0.09256282,-0.464056074,-0.831718434,-1.204718,-1.573579,-1.949033,-2.317672,-2.693469,-3.059301,-3.437651,-3.802085,-4.180983,-4.540167,-4.652664],"unit":"mW\/cm2"},"timestamps":{"value":[0.019,0.04,0.067,0.091,0.116,0.139,0.163,0.187,0.211,0.234,0.258,0.282,0.304,0.325,0.351,0.374,0.395,0.418,0.44,0.463,0.485,0.511,0.537,0.561,0.576,0.612,0.636,0.659,0.681,0.703,0.726,0.748,0.77,0.796,0.818,0.841,0.864,0.886,0.911,0.934,0.956,0.977,0.999,1.026,1.046,1.068,1.089,1.11,1.132,1.153,1.178,1.198,1.22,1.243,1.265,1.288,1.31,1.334,1.357,1.38,1.402,1.422,1.444,1.481,1.503,1.525,1.548,1.569,1.591,1.613,1.64,1.663,1.684,1.706,1.726,1.748,1.77,1.792,1.814,1.835,1.857,1.881,1.906,1.93,1.952,1.975,1.998,2.021,2.043,2.07,2.099,2.12,2.143,2.168,2.195,2.218,2.242,2.264,2.293,2.315,2.351,2.375,2.399,2.42,2.442,2.463,2.486,2.509],"unit":"s"},"p_max":{"unit":"mW","value":2.100776},"v_p_max":{"unit":"V","value":1.020195},"i_p_max":{"unit":"mA","value":2.059191},"j_p_max":{"unit":"mA\/cm2","value":21.562214},"voc":{"unit":"V","value":1.18352},"isc":{"unit":"mA","value":2.211945},"jsc":{"unit":"mA\/cm2","value":23.161726},"fill_factor":{"unit":"%","value":80.247197},"efficiency":{"unit":"%","value":21.997658},"r_s":{"unit":"ohms","value":25.165792},"r_sh":{"unit":"ohms","value":7803.398},"cell_dimension":{"value":0.09550000011396922,"unit":"cm2"},"sweep_direction":{"unit":"","value":"Reverse"},"key":"reverse19_2cell_231019"},{"V":{"value":[1.500236,1.484225,1.46823,1.452251,1.436247,1.420248,1.40425,1.388238,1.372226,1.356221,1.340212,1.324239,1.308213,1.292232,1.276212,1.260222,1.244208,1.228195,1.212231,1.196225,1.180218,1.164207,1.148201,1.132189,1.116182,1.100215,1.084213,1.068212,1.052198,1.036191,1.020192,1.004169,0.988194466,0.972212076,0.956177711,0.940188646,0.924182892,0.908166409,0.892170429,0.876171589,0.860183716,0.844168425,0.828173876,0.812165499,0.796153069,0.780143261,0.764149904,0.748177052,0.732168913,0.716160536,0.700158834,0.684138298,0.668127298,0.652129889,0.636161089,0.620173216,0.604133368,0.588137388,0.572138548,0.556134462,0.540119171,0.524135351,0.508137941,0.492128372,0.476124048,0.460111618,0.444116831,0.428111315,0.412131548,0.396124601,0.380128622,0.364106655,0.348100901,0.332089901,0.31608963,0.300082684,0.284101725,0.268086433,0.252101421,0.236088991,0.220082045,0.204082489,0.188087225,0.172085285,0.156072378,0.140078545,0.124075174,0.108074665,0.092072725,0.076067924,0.060075521,0.04407239,0.028062105,0.012008369,-0.003994435,-0.019991249,-0.035945654,-0.051940918,-0.067930698,-0.083936691,-0.099949598,-0.115946054,-0.131941319,-0.147946119,-0.163953543,-0.179952621,-0.195940971,-0.19994545],"unit":"V"},"I":{"value":[-0.014160603,-0.014474094,-0.014090344,-0.013404489,-0.012610227,-0.011777833,-0.010918303999999998,-0.010039016999999999,-0.00915584,-0.008260876,-0.0073781160000000005,-0.0064970850000000005,-0.005634934,-0.004791766,-0.0039651239999999996,-0.0031790440000000002,-0.002423212,-0.001710504,-0.001056001,-0.00045143067799999995,7.9482794e-5,0.000534534454,0.000915780663,0.001217902,0.0014569609999999999,0.0016379209999999999,0.001764432,0.001869842,0.0019378219999999999,0.002002448,0.002030894,0.002071679,0.002091154,0.0021084990000000002,0.002126813,0.002138123,0.0021460949999999998,0.0021533069999999997,0.00216642,0.00216502,0.002175152,0.0021795179999999996,0.0021776559999999996,0.0021855530000000002,0.002186179,0.002186731,0.002185762,0.002193183,0.002185687,0.002187014,0.002189502,0.0021899190000000002,0.002194569,0.002185285,0.0021951939999999997,0.002193183,0.002187431,0.0021951939999999997,0.0021899190000000002,0.002191797,0.0021886830000000003,0.002189711,0.00219138,0.0021841680000000002,0.002193108,0.0021894429999999997,0.002188057,0.002196029,0.0021879819999999998,0.002194852,0.002194718,0.002195537,0.0021967889999999998,0.0021904859999999997,0.002194569,0.002194226,0.002189711,0.0021954030000000003,0.0021913049999999997,0.002195269,0.002192557,0.0021951939999999997,0.002192706,0.0021884739999999997,0.002197832,0.0021921400000000004,0.00219506,0.002199292,0.002192497,0.002199084,0.002193466,0.002193257,0.002196729,0.002193525,0.002199218,0.0021956859999999996,0.002197415,0.0022006779999999997,0.002194151,0.002202615,0.002194151,0.0021986659999999997,0.0021943,0.002197206,0.002198935,0.002191171,0.00219804,0.0021949260000000003],"unit":"A"},"resistance":{"value":[-105.944376,-102.543571,-104.201179,-108.340629,-113.895384,-120.58651,-128.614329,-138.284257,-149.87435,-164.174018,-181.646857,-203.820409,-232.16112,-269.677495,-321.859306,-396.415371,-513.454,-718.031187,-1147.945,-2649.854,14848.726,2177.983,1253.795,929.622669,766.10291,671.714262,614.482886,571.28427,542.979799,517.462041,502.336442,484.712605,472.55929,461.091937,449.582423,439.726191,430.634653,421.754225,411.817809,404.694546,395.459074,387.318798,380.305242,371.606354,364.175582,356.762417,349.603447,341.137585,334.983358,327.460482,319.77993,312.403421,304.44586,298.418678,289.797159,282.773165,276.183983,267.920417,261.260099,253.734487,246.778214,239.362827,231.880376,225.316223,217.100118,210.150125,202.973181,194.947948,188.361472,180.478988,173.201616,165.839446,158.458975,151.605608,144.032701,136.760166,129.743952,122.112631,115.046241,107.544454,100.376893,92.967845,85.778593,78.632549,71.011973,63.900375,56.524724,49.140658,41.994454,34.590738,27.388401,20.094492,12.774495,5.474461,-1.816298,-9.104785,-16.358157,-23.602234,-30.959897,-38.107743,-45.552738,-52.73472,-60.129108,-67.333749,-74.560447,-82.126232,-89.143477,-91.094386],"unit":"ohms"},"conductance":{"value":[-0.009438915,-0.009751952,-0.00959682,-0.009230148,-0.008779987,-0.008292802,-0.007775183,-0.007231481,-0.006672256,-0.006091098,-0.005505187,-0.00490628,-0.004307353,-0.003708133,-0.003106948,-0.002522607,-0.001947594,-0.001392697,-0.000871121813,-0.000377379352,6.7345845e-5,0.000459140396,0.000797578379,0.001075705,0.001305308,0.001488728,0.001627385,0.001750442,0.001841689,0.001932509,0.001990698,0.002063078,0.002116137,0.002168765,0.002224286,0.002274142,0.002322154,0.002371049,0.002428258,0.002470999,0.002528707,0.002581852,0.002629467,0.00269102,0.002745928,0.002802986,0.002860384,0.002931369,0.002985223,0.003053804,0.003127151,0.003200989,0.003284656,0.003350997,0.003450689,0.003536403,0.003620775,0.003732452,0.003827603,0.003941128,0.004052222,0.004177758,0.004312568,0.004438207,0.00460617,0.004758503,0.004926759,0.005129574,0.005308941,0.005540811,0.005773618,0.006029928,0.006310782,0.006596062,0.006942868,0.007312071,0.007707488,0.008189161,0.008692157,0.00929848,0.009962452,0.010756407,0.01165792,0.01271738,0.014082132,0.01564936,0.017691374,0.020349748,0.023812668,0.028909472,0.036511807,0.049764881,0.078280983,0.182666392,-0.55057039,-0.109832363,-0.061131581,-0.04236887,-0.032299849,-0.026241386,-0.021952577,-0.018962839,-0.01663088,-0.014851393,-0.013411937,-0.012176377,-0.011217871,-0.010977625],"unit":"S"},"power":{"value":[-21.244251,-21.482816,-20.687873,-19.466678,-18.111396,-16.727441,-15.332033,-13.936544,-12.563877,-11.203575,-9.888237,-8.60369,-7.371691,-6.192072,-5.06034,-4.0063,-3.014979,-2.100834,-1.280116,-0.540012738,0.093807041,0.622308744,1.051501,1.378895,1.626234,1.802065,1.91302,1.997387,2.038972,2.074918,2.071902,2.080315,2.066467,2.049909,2.033611,2.010239,1.983384,1.955561,1.932816,1.896929,1.871031,1.839881,1.803478,1.775031,1.740533,1.705963,1.67025,1.640889,1.600292,1.566253,1.532999,1.498208,1.466251,1.42509,1.396497,1.360153,1.3215,1.291076,1.252937,1.218934,1.182149,1.147705,1.113523,1.074891,1.044192,1.007388,0.971752811,0.940144789,0.901736492,0.86943473,0.834274949,0.799409666,0.764704156,0.727438145,0.69368035,0.658449163,0.622100597,0.588557755,0.552431146,0.518278813,0.482542396,0.44800073,0.412419962,0.376604162,0.343020847,0.307071728,0.272352484,0.237687766,0.201869197,0.167279723,0.131773604,0.096662086,0.061644845,0.026340663,-0.008784632,-0.043894507,-0.078987506,-0.114305235,-0.149050229,-0.184880227,-0.219304539,-0.254926687,-0.289518874,-0.325068104,-0.36052311,-0.394306975,-0.430686188,-0.438865495],"unit":"mW"},"J":{"value":[-0.148278568,-0.151561193,-0.147542872,-0.14036113700000002,-0.13204426,-0.123328095,-0.114327794,-0.105120593,-0.09587266700000001,-0.086501319,-0.077257762,-0.06803230499999999,-0.059004541,-0.050175564,-0.041519627999999996,-0.033288414,-0.025373947,-0.01791104,-0.011057598,-0.004727023,0.0008322805629999999,0.005597219,0.009589326,0.012752897000000001,0.015256136,0.017151002,0.018475724,0.019579502000000002,0.020291325,0.020968039999999997,0.021265906999999997,0.02169297,0.021896905,0.022078528,0.022270293,0.022388722,0.022472198999999998,0.022547719,0.022685028,0.022670361,0.022776464,0.022822182,0.022802677,0.022885375,0.022891928,0.022897702,0.022887559,0.022965264000000003,0.022886779,0.022900666,0.022926724,0.022931093,0.022979775,0.022882566,0.022986328,0.022965264000000003,0.022905035,0.022986328,0.022931093,0.022950752999999997,0.022918142,0.022928908,0.022946383999999997,0.022870864,0.022964484,0.0229261,0.022911589,0.022995066,0.022910807999999998,0.022982739999999998,0.022981335000000002,0.022989917,0.023003024,0.022937021999999998,0.022979775,0.022976186,0.022928908,0.022988513000000002,0.022945603999999998,0.022987109,0.022958711,0.022986328,0.022960270999999997,0.022915956999999997,0.023013946,0.022954342,0.022984924,0.023029238,0.022958086000000003,0.023027053,0.022968229,0.022966044,0.023002400000000003,0.022968853,0.023028457,0.022991478,0.023009577,0.023043749,0.022975406,0.023064032999999998,0.022975406,0.023022684,0.022976966,0.023007393,0.023025493,0.022944199000000002,0.023016131000000002,0.02298352],"unit":"A\/cm2"},"power_density":{"value":[-222.452887,-224.950953,-216.626943,-203.839562,-189.648124,-175.156455,-160.544849,-145.932396,-131.55892,-117.314922,-103.541751,-90.091,-77.19048,-64.838448,-52.987857,-41.950782,-31.570464,-21.998257,-13.404359,-5.654584,0.982272685,6.516322,11.010479,14.438691,17.028626,18.869785,20.03162,20.91505,21.35049,21.726889,21.695312,21.783403,21.638401,21.465011,21.294357,21.049622,20.768422,20.477081,20.238912,19.863127,19.591943,19.265765,18.884582,18.586712,18.225479,17.863488,17.489526,17.182083,16.756988,16.400553,16.052348,15.688039,15.353415,14.922405,14.623008,14.242442,13.837696,13.519119,13.119762,12.763705,12.378528,12.017851,11.659928,11.255401,10.933943,10.548565,10.175422,9.844448,9.442267,9.104029,8.735863,8.370782,8.007373,7.617153,7.263669,6.894756,6.514142,6.162908,5.784619,5.427003,5.0528,4.691107,4.318534,3.943499,3.591841,3.215411,2.851858,2.488877,2.113814,1.75162,1.379828,1.012168,0.645495763,0.275818458,-0.091985678,-0.459628348,-0.827094304,-1.196913,-1.560735,-1.935919,-2.296383,-2.669389,-3.031611,-3.403854,-3.775111,-4.128869,-4.509803,-4.59545],"unit":"mW\/cm2"},"timestamps":{"value":[0.019,0.041,0.069,0.093,0.116,0.139,0.164,0.187,0.212,0.236,0.259,0.281,0.304,0.326,0.35,0.373,0.394,0.439,0.46,0.482,0.505,0.53,0.555,0.577,0.598,0.622,0.644,0.665,0.687,0.714,0.737,0.757,0.779,0.802,0.823,0.845,0.869,0.893,0.914,0.936,0.956,0.98,1.002,1.023,1.046,1.069,1.09,1.113,1.138,1.161,1.184,1.206,1.228,1.251,1.275,1.31,1.337,1.358,1.382,1.404,1.424,1.447,1.47,1.493,1.516,1.541,1.574,1.598,1.619,1.641,1.661,1.689,1.713,1.734,1.758,1.778,1.801,1.824,1.852,1.875,1.897,1.922,1.944,1.969,1.993,2.016,2.042,2.072,2.094,2.116,2.152,2.175,2.22,2.249,2.273,2.299,2.322,2.345,2.367,2.389,2.411,2.437,2.46,2.481,2.506,2.528,2.55,2.573],"unit":"s"},"p_max":{"unit":"mW","value":2.080315},"v_p_max":{"unit":"V","value":1.004169},"i_p_max":{"unit":"mA","value":2.071679},"j_p_max":{"unit":"mA\/cm2","value":21.69297},"voc":{"unit":"V","value":1.182615},"isc":{"unit":"mA","value":2.197797},"jsc":{"unit":"mA\/cm2","value":23.01358},"fill_factor":{"unit":"%","value":80.038382},"efficiency":{"unit":"%","value":21.783403},"r_s":{"unit":"ohms","value":24.215943},"r_sh":{"unit":"ohms","value":9521.861},"cell_dimension":{"value":0.09549999835444864,"unit":"cm2"},"sweep_direction":{"unit":"","value":"Reverse"},"key":"reverse19_1cell_231019"},{"V":{"value":[-0.199944019,-0.183946133,-0.167950869,-0.151943445,-0.135942936,-0.119932652,-0.103946924,-0.087939501,-0.071937561,-0.055939674,-0.039934874,-0.02392745,-0.00799188,0.008006215,0.024060726,0.040072203,0.056072712,0.072065115,0.088069916,0.104073048,0.120073795,0.136075735,0.152079105,0.168085098,0.184088469,0.200082302,0.216066837,0.232075214,0.248083591,0.264087915,0.280089378,0.296114206,0.312122345,0.328091145,0.344096899,0.360102415,0.376109362,0.392106771,0.408116579,0.424122095,0.440130472,0.45611167,0.472118616,0.488131046,0.504129648,0.520140886,0.536135435,0.552157402,0.568112612,0.584115505,0.600131989,0.616148472,0.632155657,0.648155689,0.664165497,0.68013835,0.696143866,0.71214962,0.72814703,0.74415803,0.760169029,0.77618289,0.79215312,0.808157206,0.824167013,0.840172529,0.856169939,0.872182369,0.888183832,0.904147387,0.92017889,0.93618989,0.95218873,0.968194246,0.984191656,1.000206,1.016217,1.032181,1.048184,1.064187,1.080199,1.096205,1.112212,1.128226,1.144203,1.160202,1.176202,1.192215,1.208218,1.224227,1.240206,1.256189,1.272222,1.288223,1.304229,1.32023,1.336246,1.352246,1.368212,1.384226,1.400229,1.416234,1.432242,1.448255,1.464263,1.480272,1.496236,1.500243],"unit":"V"},"I":{"value":[0.002191931,0.002194643,0.0021943,0.0021924229999999998,0.002196103,0.002190962,0.002190277,0.002190903,0.002189711,0.002194569,0.0021885340000000002,0.002195328,0.0021885340000000002,0.002186671,0.002189711,0.002186731,0.002192765,0.0021872220000000004,0.0021920060000000002,0.002190277,0.0021889509999999997,0.002191111,0.002182573,0.002189502,0.002188399,0.002187774,0.002192631,0.002185836,0.0021885340000000002,0.002185136,0.002189159,0.002182439,0.002187639,0.002186522,0.0021841680000000002,0.0021889509999999997,0.002185628,0.0021879819999999998,0.002192631,0.002181947,0.00218749,0.0021816049999999997,0.002185687,0.002186179,0.0021787580000000003,0.002185419,0.002181053,0.002189711,0.002182364,0.0021883249999999996,0.002186939,0.002183065,0.002182782,0.0021836760000000003,0.0021816049999999997,0.002179459,0.0021845099999999998,0.002182156,0.002187639,0.002183065,0.0021843020000000004,0.002184093,0.002178624,0.002179042,0.0021759870000000003,0.0021733489999999998,0.002171054,0.002169251,0.002171263,0.0021603850000000003,0.002159402,0.00214152,0.002137706,0.0021227900000000003,0.002101362,0.0020755530000000004,0.002046987,0.001997873,0.00194107,0.001859993,0.001756519,0.001610309,0.001427904,0.001195773,0.000911682844,0.00057412684,0.000186771154,-0.00024744868300000003,-0.000724896789,-0.001239106,-0.00178735,-0.002365083,-0.00296481,-0.0035889449999999996,-0.004230276,-0.00489144,-0.005567938,-0.006252825,-0.006955594,-0.007664904,-0.008387163,-0.009121507,-0.00985688,-0.010603979000000001,-0.011361003,-0.012117877999999999,-0.012885436,-0.013093635000000001],"unit":"A"},"resistance":{"value":[-91.218208,-83.81597,-76.539601,-69.303899,-61.901885,-54.739711,-47.458347,-40.138476,-32.852541,-25.490056,-18.247321,-10.899257,-3.651706,3.661372,10.988084,18.325167,25.571687,32.948236,40.17778,47.51593,54.854498,62.103521,69.678815,76.768639,84.120141,91.454757,98.542254,106.172269,113.356084,120.856508,127.943803,135.680406,142.675404,150.051617,157.541442,164.509142,172.082986,179.209306,186.130959,194.377797,201.203379,209.071657,216.004636,223.280441,231.383917,238.005087,245.814932,252.159974,260.319768,266.923571,274.416413,282.240118,289.610114,296.818648,304.439001,312.06755,318.672742,326.351402,332.845991,340.877661,348.014681,355.379963,363.602449,370.877381,378.755526,386.579619,394.356727,402.066055,409.0632,418.512108,426.126764,437.161326,445.42555,456.095242,468.358985,481.89834,496.444927,516.64003,540.003286,572.145808,614.965982,680.742065,778.912392,943.511309,1255.045,2020.811,6297.556,-4818.031,-1666.745,-987.991871,-693.880197,-531.139556,-429.107431,-358.94208,-308.308275,-269.906287,-239.989295,-216.26157,-196.706677,-180.592687,-166.948997,-155.263155,-145.303832,-136.576543,-128.88503,-122.15601,-116.118405,-114.578048],"unit":"ohms"},"conductance":{"value":[-0.010962724,-0.011930901,-0.013065132,-0.014429203,-0.016154597,-0.018268273,-0.021071109,-0.024913751,-0.030439046,-0.039230985,-0.054802566,-0.09174937,-0.273844639,0.273121678,0.091007675,0.054569761,0.03910575,0.030350638,0.024889379,0.021045574,0.018230046,0.016102147,0.014351564,0.013026152,0.011887759,0.010934368,0.010147931,0.009418655,0.008821759,0.008274275,0.007815931,0.007370261,0.007008917,0.006664373,0.006347536,0.00607869,0.00581115,0.005580067,0.005372561,0.005144621,0.004970095,0.004783049,0.00462953,0.004478673,0.004321822,0.004201591,0.004068101,0.003965736,0.003841429,0.003746391,0.003644097,0.003543082,0.003452918,0.003369061,0.00328473,0.003204434,0.003138015,0.003064182,0.003004392,0.002933604,0.002873442,0.00281389,0.002750257,0.002696309,0.002640226,0.002586789,0.002535775,0.002487154,0.00244461,0.002389417,0.00234672,0.002287485,0.002245044,0.002192525,0.002135114,0.002075126,0.002014322,0.001935584,0.001851841,0.001747806,0.001626106,0.001468985,0.001283841,0.001059871,0.000796784378,0.000494850951,0.000158791758,-0.000207553663,-0.000599971683,-0.001012154,-0.001441171,-0.001882744,-0.002330419,-0.002785965,-0.003243507,-0.00370499,-0.004166853,-0.00462403,-0.005083712,-0.005537323,-0.005989853,-0.006440678,-0.006882131,-0.007321902,-0.007758853,-0.008186253,-0.008611899,-0.008727675],"unit":"S"},"power":{"value":[-0.438263496,-0.403696096,-0.36853464,-0.333124266,-0.298544735,-0.262767934,-0.227672555,-0.192666901,-0.15752245,-0.122763448,-0.08739881,-0.052528613,-0.017490498,0.017506958,0.05268603,0.087627108,0.122954307,0.157622422,0.193049741,0.227948801,0.262835628,0.298157101,0.331923761,0.368022679,0.4028591,0.437734775,0.473754924,0.507278459,0.542939262,0.577068032,0.613160294,0.646251183,0.682811163,0.717378469,0.751565265,0.788246461,0.822035083,0.857922637,0.894849211,0.925412031,0.96278121,0.995055273,1.031904,1.067142,1.098377,1.136726,1.16934,1.209065,1.239829,1.278235,1.312452,1.345092,1.379858,1.415362,1.448946,1.482333,1.520733,1.554021,1.592923,1.624545,1.660438,1.695256,1.725804,1.761008,1.793377,1.825988,1.858792,1.891983,1.928481,1.953307,1.987036,2.00487,2.035499,2.055273,2.068143,2.07598,2.080182,2.062167,2.034599,1.97938,1.897391,1.765229,1.588132,1.349102,1.04315,0.666102849,0.219680572,-0.295012141,-0.875833592,-1.516947,-2.216683,-2.97099,-3.771895,-4.623362,-5.517248,-6.457829,-7.440132,-8.455357,-9.516725,-10.609956,-11.743945,-12.918189,-14.117441,-15.357264,-16.635499,-17.93775,-19.279658,-19.643637],"unit":"mW"},"J":{"value":[0.022952157,0.022980555,0.022976966,0.022957306,0.022995846,0.022942015000000003,0.022934837000000003,0.022941391,0.022928908,0.022979775,0.022916581999999998,0.022987733,0.022916581999999998,0.022897077,0.022928908,0.022897702,0.022960895000000002,0.022902851,0.022952937,0.022934837000000003,0.022920951,0.022943575,0.022854168,0.022926724,0.022915177,0.022908624,0.022959491,0.02288834,0.022916581999999998,0.022881006,0.022923134999999997,0.022852764,0.02290722,0.022895517,0.022870864,0.022920951,0.022886155,0.022910807999999998,0.022959491,0.022847615,0.022905659,0.022844026,0.022886779,0.022891928,0.022814224,0.022883971,0.022838253000000003,0.022928908,0.022851984000000002,0.022914397,0.022899885999999998,0.022859317,0.022856353,0.022865715,0.022844026,0.022821557,0.022874453,0.022849799,0.02290722,0.022859317,0.022872267999999998,0.022870084,0.022812819999999998,0.022817188999999998,0.022785202,0.022757584,0.022733555,0.022714675,0.022735738999999998,0.022621835,0.022611536999999998,0.022424297,0.022384353,0.022228163999999998,0.022003788,0.021733539,0.021434422999999998,0.020920138,0.02032534,0.019476364,0.01839287,0.016861873,0.014951872,0.012521188,0.009546417,0.006011799,0.001955719,-0.002591086,-0.0075905420000000005,-0.012974933,-0.018715702,-0.024765262,-0.031045126,-0.037580572,-0.044296081,-0.051219270000000004,-0.058303017,-0.06547461,-0.072833443,-0.08026077499999999,-0.087823699,-0.095513167,-0.1032134,-0.111036432,-0.11896338099999999,-0.126888771,-0.134926036,-0.13710613000000002],"unit":"A\/cm2"},"power_density":{"value":[-4.589147,-4.227184,-3.859001,-3.488212,-3.126123,-2.751497,-2.384006,-2.017454,-1.64945,-1.285481,-0.91517079,-0.550037829,-0.183146574,0.183318927,0.551686182,0.91756134,1.28748,1.650497,2.021463,2.386898,2.752206,3.122064,3.475641,3.853641,4.21842,4.58361,4.960785,5.311816,5.685228,6.042597,6.420527,6.767028,7.149855,7.511816,7.869793,8.25389,8.607697,8.983483,9.370149,9.690178,10.081479,10.419427,10.805275,11.174261,11.501327,11.902889,12.244397,12.660366,12.9825,13.384655,13.742954,14.084734,14.448773,14.820543,15.172214,15.521816,15.92391,16.272476,16.679824,17.010945,17.38679,17.751368,18.071246,18.439875,18.778812,19.120297,19.463786,19.811339,20.193516,20.453473,20.806659,20.9934,21.314128,21.52118,21.655945,21.738005,21.782015,21.593375,21.304699,20.726494,19.867969,18.48407,16.629651,14.126728,10.923036,6.974899,2.30032,-3.089132,-9.171032,-15.884259,-23.211335,-31.109846,-39.496286,-48.412168,-57.772235,-67.621241,-77.907146,-88.537767,-99.651572,-111.09902,-122.973247,-135.268995,-147.826607,-160.809048,-174.193702,-187.829841,-201.881236,-205.692538],"unit":"mW\/cm2"},"timestamps":{"value":[0.032,0.057,0.08,0.102,0.125,0.149,0.174,0.197,0.219,0.242,0.265,0.289,0.312,0.338,0.364,0.386,0.408,0.431,0.454,0.476,0.499,0.523,0.544,0.571,0.598,0.62,0.645,0.666,0.689,0.711,0.733,0.754,0.777,0.799,0.822,0.845,0.867,0.902,0.926,0.948,0.972,0.994,1.017,1.04,1.063,1.088,1.11,1.133,1.155,1.178,1.201,1.222,1.244,1.265,1.289,1.312,1.339,1.361,1.384,1.406,1.427,1.452,1.472,1.494,1.519,1.54,1.563,1.586,1.612,1.635,1.657,1.68,1.702,1.727,1.749,1.786,1.81,1.832,1.853,1.876,1.898,1.922,1.944,1.966,1.987,2.011,2.035,2.074,2.097,2.12,2.143,2.164,2.192,2.216,2.238,2.259,2.282,2.305,2.327,2.352,2.375,2.398,2.42,2.441,2.465,2.486,2.509,2.531],"unit":"s"},"p_max":{"unit":"mW","value":2.080182},"v_p_max":{"unit":"V","value":1.016217},"i_p_max":{"unit":"mA","value":2.046987},"j_p_max":{"unit":"mA\/cm2","value":21.434423},"voc":{"unit":"V","value":1.18309},"isc":{"unit":"mA","value":2.187603},"jsc":{"unit":"mA\/cm2","value":22.906838},"fill_factor":{"unit":"%","value":80.37393},"efficiency":{"unit":"%","value":21.782015},"r_s":{"unit":"ohms","value":28.77946},"r_sh":{"unit":"ohms","value":11284.808},"cell_dimension":{"value":0.09550000028319777,"unit":"cm2"},"sweep_direction":{"unit":"","value":"Forward"},"key":"forward19_4cell_231019"},{"V":{"value":[-0.199926138,-0.183947325,-0.167949438,-0.151942015,-0.135948181,-0.119942188,-0.103945732,-0.087936878,-0.071932077,-0.055922031,-0.039922714,-0.023928881,-0.007993847,0.008007765,0.024061918,0.040070772,0.056075573,0.072063684,0.088073969,0.104073048,0.120070934,0.136075735,0.152072191,0.168085098,0.184085608,0.200080872,0.216068268,0.232083559,0.248083591,0.264072895,0.280085325,0.296129227,0.312115669,0.328091145,0.344094038,0.360100985,0.376109362,0.392102718,0.408122063,0.424122095,0.44012785,0.456115723,0.472111702,0.488128185,0.504135132,0.520132542,0.536138296,0.552150726,0.568126202,0.584120989,0.600130796,0.616158009,0.632165194,0.648154259,0.664162636,0.680147886,0.696141243,0.712150812,0.72814703,0.74415803,0.760169029,0.776185513,0.792148829,0.808158636,0.824164152,0.840172529,0.856179476,0.872179747,0.888188124,0.904158115,0.920161009,0.93618989,0.952185869,0.968183279,0.984189034,1.000203,1.016218,1.032181,1.048179,1.06419,1.080198,1.096202,1.112213,1.128226,1.144197,1.16021,1.176199,1.192214,1.208216,1.224228,1.240216,1.256196,1.27222,1.288237,1.304237,1.320214,1.336244,1.352242,1.368212,1.384227,1.400222,1.416237,1.432241,1.448252,1.464265,1.480269,1.496233,1.500244],"unit":"V"},"I":{"value":[0.0011868920000000002,0.002209619,0.0022128079999999997,0.002208784,0.002211422,0.002215788,0.0022128079999999997,0.002215862,0.002208784,0.0022123309999999997,0.002212182,0.002207607,0.002211288,0.0022040750000000002,0.002213791,0.0022090670000000003,0.002210319,0.002209142,0.0022071900000000004,0.002214819,0.0021998440000000003,0.0022084410000000002,0.00220713,0.0022090670000000003,0.002214134,0.0022045520000000002,0.002212122,0.002206638,0.002208024,0.0022085159999999998,0.002212256,0.002205044,0.0022150280000000004,0.002206162,0.002214268,0.002204701,0.002208859,0.002210796,0.002203658,0.002214476,0.0022065640000000003,0.002212673,0.0022105280000000002,0.002208307,0.002210796,0.0022049699999999997,0.0022128820000000002,0.002203867,0.002210319,0.002208725,0.00220643,0.002210379,0.002208233,0.002210662,0.002205387,0.0022065039999999998,0.0022063549999999997,0.002203867,0.0022040009999999997,0.002201855,0.002207965,0.002200812,0.002205044,0.002200544,0.002201989,0.0021991429999999998,0.002191454,0.002194986,0.002189368,0.002181813,0.002184376,0.002171621,0.0021626650000000002,0.002154976,0.002133057,0.002117589,0.0020872060000000003,0.002050728,0.002000302,0.001940101,0.001848757,0.0017281470000000002,0.001563355,0.0013378110000000002,0.001047075,0.0006850957869999999,0.000234350562,-0.000293642282,-0.000905781984,-0.0015828910000000001,-0.002325967,-0.003123626,-0.003972827999999999,-0.004869029,-0.005793899,-0.0067598070000000005,-0.007753044,-0.008770496,-0.009816720999999999,-0.01087606,-0.01196529,-0.013067140999999999,-0.014186889000000001,-0.015325367,-0.016470015,-0.017650798000000002,-0.018832609,-0.019150048000000003],"unit":"A"},"resistance":{"value":[-168.445041,-83.248447,-75.898801,-68.789886,-61.475466,-54.13072,-46.974592,-39.685173,-32.566367,-25.277429,-18.046761,-10.839285,-3.615019,3.633163,10.869101,18.139226,25.3699,32.620669,39.903215,46.98941,54.581579,61.616183,68.900417,76.088716,83.141142,90.758052,97.674658,105.175163,112.355464,119.570288,126.606189,134.296287,140.90824,148.715825,155.398561,163.33323,170.273163,177.358173,185.202069,191.522512,199.462993,206.137841,213.574212,221.041775,228.033323,235.891034,242.280558,250.537245,257.033573,264.460759,271.991788,278.756768,286.276506,293.194675,301.154722,308.246792,315.516378,323.136952,330.375098,337.968653,344.284962,352.681409,359.243996,367.254043,374.281635,382.045398,390.690112,397.350984,405.682425,414.406764,421.246598,431.101932,440.283545,449.27796,461.398478,472.330845,486.879646,503.32441,524.010191,548.522712,584.283329,634.322314,711.427117,843.336994,1092.756,1693.5,5018.972,-4060.091,-1333.892,-773.412912,-533.204487,-402.159458,-320.230387,-264.577778,-225.105246,-195.303496,-172.350891,-154.180768,-139.375636,-127.272845,-117.023626,-108.38154,-100.955253,-94.500325,-88.904875,-83.864124,-79.44908,-78.341545],"unit":"ohms"},"conductance":{"value":[-0.005936654,-0.012012236,-0.013175439,-0.014537021,-0.016266652,-0.018473798,-0.021288104,-0.025198328,-0.030706526,-0.039560986,-0.055411605,-0.092257012,-0.276623706,0.275242281,0.092003929,0.055129143,0.039416789,0.030655411,0.025060637,0.021281391,0.018321199,0.016229503,0.0145137,0.013142553,0.01202774,0.011018306,0.01023807,0.009507948,0.008900324,0.008363282,0.007898508,0.007446222,0.007096817,0.006724234,0.006435066,0.006122453,0.005872916,0.005638308,0.005399508,0.005221318,0.005013461,0.004851123,0.004682213,0.004524032,0.004385324,0.004239245,0.004127446,0.003991423,0.003890542,0.003781279,0.003676582,0.003587357,0.003493126,0.003410703,0.003320552,0.003244154,0.003169408,0.003094663,0.003026863,0.002958854,0.002904571,0.00283542,0.002783623,0.002722911,0.002671785,0.00261749,0.002559573,0.002516667,0.002464982,0.002413088,0.002373906,0.002319637,0.002271264,0.002225794,0.002167324,0.00211716,0.002053896,0.00198679,0.00190836,0.001823079,0.001711498,0.001576486,0.001405625,0.001185766,0.000915117404,0.000590492971,0.00019924398,-0.000246299927,-0.000749685652,-0.00129297,-0.001875453,-0.002486576,-0.003122752,-0.003779607,-0.004442366,-0.005120236,-0.005802117,-0.006485893,-0.007174855,-0.007857136,-0.008545283,-0.009226664,-0.009905379,-0.010581974,-0.011247977,-0.01192405,-0.012586678,-0.012764619],"unit":"S"},"power":{"value":[-0.237290812,-0.406453446,-0.371639782,-0.335607125,-0.300638762,-0.265766434,-0.230011899,-0.194856011,-0.158882438,-0.123718027,-0.088316297,-0.052825565,-0.017676695,0.017649718,0.053268058,0.088519034,0.123944907,0.159198901,0.194395966,0.230502983,0.264137267,0.3005153,0.335643125,0.371311302,0.407590155,0.441088744,0.477969387,0.512124506,0.547774589,0.583209214,0.619620495,0.652977984,0.691344887,0.72382209,0.761916366,0.79391511,0.830772446,0.866859074,0.899361539,0.939208398,0.971170246,1.009235,1.043616,1.077937,1.11454,1.146876,1.186411,1.216867,1.25574,1.290162,1.324146,1.361943,1.395968,1.43285,1.464735,1.500749,1.535935,1.569486,1.604837,1.638528,1.678426,1.708238,1.746723,1.778389,1.814801,1.84766,1.876278,1.914422,1.944571,1.972704,2.009978,2.033049,2.059259,2.086412,2.099331,2.118018,2.121056,2.116723,2.096674,2.064636,1.997024,1.894399,1.738785,1.509353,1.19806,0.794854911,0.275642887,-0.350084514,-1.09438,-1.937819,-2.884701,-3.923886,-5.054313,-6.272463,-7.556619,-8.924393,-10.35996,-11.85983,-13.431353,-15.054936,-16.754057,-18.506167,-20.319043,-22.194997,-24.116461,-26.127924,-28.17798,-28.729753],"unit":"mW"},"J":{"value":[0.012428193,0.023137368,0.023170760000000002,0.023128631,0.023156248,0.023201965999999997,0.023170760000000002,0.023202746,0.023128631,0.023165766,0.023164206,0.023116304,0.023154844,0.023079324,0.023181058,0.023131595,0.023144702,0.023132375,0.023111935,0.023191824,0.023035011,0.023125042000000002,0.023111311,0.023131595,0.023184646,0.023084317,0.023163582000000002,0.023106162,0.023120673,0.023125822,0.023164986,0.023089466000000003,0.023194008,0.023101168999999998,0.023186051,0.023085878,0.023129411000000002,0.023149695,0.023074954999999998,0.023188234999999998,0.023105381999999997,0.023169355,0.023146886,0.023123638,0.023149695,0.023088686,0.02317154,0.02307714,0.023144702,0.023128006,0.023103977,0.023145326,0.023122857,0.023148291,0.023093055,0.023104758,0.023103197000000002,0.02307714,0.023078544,0.023056075,0.023120049,0.023045153,0.023089466000000003,0.023042344,0.02305748,0.023027677,0.022947164,0.022984144,0.022925319,0.022846211,0.022873048,0.022739484,0.022645708,0.022565195,0.022335670000000002,0.022173708,0.021855557,0.021473587,0.020945571,0.020315198,0.019358715,0.018095783,0.016370212999999998,0.014008495999999999,0.010964134,0.0071737780000000004,0.002453933,-0.0030747879999999997,-0.009484628,-0.016574771999999998,-0.024355675,-0.032708127,-0.041600296999999994,-0.050984596,-0.060669103,-0.070783324,-0.081183711,-0.09183765099999999,-0.102792891,-0.11388544,-0.125290992,-0.136828703,-0.148553811,-0.160475052,-0.172460891,-0.18482511,-0.197200095,-0.200524068],"unit":"A\/cm2"},"power_density":{"value":[-2.484721,-4.256057,-3.891516,-3.514211,-3.14805,-2.782895,-2.408502,-2.040377,-1.66369,-1.295477,-0.924777983,-0.55314728,-0.185096285,0.1848138,0.557780716,0.926900883,1.297852,1.667004,2.03556,2.413644,2.765835,3.146757,3.514588,3.888076,4.26796,4.61873,5.004915,5.36256,5.73586,6.106903,6.488173,6.837466,7.239213,7.579289,7.978182,8.313247,8.699188,9.077058,9.417398,9.834643,10.169322,10.567907,10.927916,11.287299,11.670575,12.009177,12.42315,12.742059,13.149112,13.509554,13.865408,14.261178,14.617466,15.003663,15.337544,15.714652,16.083088,16.434404,16.804573,17.157363,17.575145,17.887314,18.290294,18.62187,19.003148,19.347222,19.646891,20.046305,20.361996,20.656587,21.046887,21.288475,21.562923,21.847245,21.982522,22.178202,22.210009,22.164635,21.954701,21.619224,20.911246,19.83664,18.20717,15.804746,12.545132,8.323088,2.886313,-3.665806,-11.459477,-20.291303,-30.206298,-41.087811,-52.924746,-65.680236,-79.126896,-93.449138,-108.481255,-124.186706,-140.642441,-157.643305,-175.435151,-193.781856,-212.764853,-232.408347,-252.528382,-273.590828,-295.057381,-300.835106],"unit":"mW\/cm2"},"timestamps":{"value":[0.018,0.043,0.067,0.091,0.114,0.135,0.161,0.184,0.206,0.228,0.252,0.274,0.299,0.322,0.346,0.368,0.39,0.413,0.436,0.46,0.482,0.507,0.531,0.554,0.576,0.6,0.626,0.649,0.672,0.711,0.734,0.756,0.777,0.803,0.826,0.849,0.871,0.894,0.923,0.945,0.966,0.988,1.009,1.032,1.054,1.079,1.103,1.123,1.144,1.167,1.189,1.212,1.236,1.259,1.282,1.305,1.327,1.351,1.373,1.395,1.419,1.441,1.464,1.487,1.511,1.534,1.556,1.593,1.614,1.646,1.669,1.691,1.712,1.735,1.755,1.776,1.8,1.822,1.845,1.868,1.891,1.918,1.941,1.971,1.996,2.018,2.041,2.069,2.097,2.121,2.143,2.169,2.192,2.214,2.236,2.259,2.285,2.308,2.332,2.354,2.377,2.402,2.424,2.446,2.483,2.505,2.529,2.551],"unit":"s"},"p_max":{"unit":"mW","value":2.121056},"v_p_max":{"unit":"V","value":1.016218},"i_p_max":{"unit":"mA","value":2.087206},"j_p_max":{"unit":"mA\/cm2","value":21.855557},"voc":{"unit":"V","value":1.183307},"isc":{"unit":"mA","value":2.207685},"jsc":{"unit":"mA\/cm2","value":23.117117},"fill_factor":{"unit":"%","value":81.192794},"efficiency":{"unit":"%","value":22.210009},"r_s":{"unit":"ohms","value":20.187521},"r_sh":{"unit":"ohms","value":334.86335},"cell_dimension":{"value":0.09549996528055206,"unit":"cm2"},"sweep_direction":{"unit":"","value":"Forward"},"key":"forward19_3cell_231019"},{"V":{"value":[-0.199908495,-0.183947325,-0.167949438,-0.151946068,-0.135945559,-0.119943619,-0.103948355,-0.087938309,-0.071937561,-0.055941105,-0.039936304,-0.02392745,-0.007992297,0.008007318,0.024060726,0.040069342,0.056072712,0.072066545,0.088071108,0.104075909,0.120076418,0.136098862,0.152075052,0.168081045,0.184091091,0.200079441,0.216069698,0.232080698,0.248083591,0.264089346,0.280085325,0.296109915,0.312121153,0.328092575,0.344095469,0.360103846,0.37610817,0.392110825,0.40811801,0.424122095,0.440134525,0.456097841,0.472111702,0.488132238,0.504135132,0.520142078,0.536136866,0.552145243,0.568126202,0.584122419,0.600133419,0.616148472,0.632158279,0.648154259,0.664162636,0.680142403,0.696139812,0.712152243,0.728148222,0.744156599,0.760169029,0.776180029,0.792162657,0.808161259,0.824160099,0.84017539,0.856176853,0.872181177,0.888186693,0.904159546,0.92016387,0.936184406,0.952184677,0.968194246,0.984190226,1.000208,1.016212,1.03218,1.048181,1.06419,1.080198,1.0962,1.112212,1.128211,1.144208,1.160197,1.176204,1.192214,1.20822,1.224224,1.240223,1.256194,1.272223,1.288219,1.304229,1.32023,1.336243,1.352248,1.368213,1.384223,1.400229,1.416234,1.432244,1.448251,1.464248,1.480263,1.496233,1.500244],"unit":"V"},"I":{"value":[0.001269296,0.002212256,0.0022090670000000003,0.0022194090000000003,0.0022153109999999998,0.002223223,0.002213717,0.0022185,0.002216205,0.0022153109999999998,0.002214134,0.0022153109999999998,0.002218992,0.002216697,0.002218634,0.00221163,0.00221163,0.0022152359999999998,0.0022058779999999997,0.0022152359999999998,0.0022100360000000003,0.0022115710000000003,0.002209976,0.002211422,0.002210796,0.002213091,0.002206981,0.002217606,0.002211705,0.002211779,0.002208725,0.002215177,0.0022150280000000004,0.002213091,0.002214342,0.002209693,0.0022185,0.002207398,0.0022185739999999996,0.00220935,0.002212256,0.002211004,0.002210379,0.002210587,0.00221017,0.0022123309999999997,0.002214611,0.002212673,0.002213299,0.002209902,0.0022134330000000003,0.0022040009999999997,0.002213508,0.0022100360000000003,0.0022128820000000002,0.0022090670000000003,0.002206638,0.00220713,0.0022094849999999997,0.0022063549999999997,0.0022084410000000002,0.002210945,0.002205953,0.00220567,0.002202272,0.002204418,0.00219734,0.002194569,0.0021944340000000003,0.002185419,0.002183333,0.002168909,0.0021646169999999998,0.0021519810000000003,0.00213097,0.002112731,0.00208132,0.002046913,0.001986504,0.001926303,0.001819834,0.001690909,0.001511201,0.001279905,0.000992834568,0.000632941723,0.000218749046,-0.000269159675,-0.000806316733,-0.001398414,-0.002039745,-0.002720818,-0.003431439,-0.0041819959999999995,-0.004949346,-0.005745411,-0.006568804,-0.007407174000000001,-0.008257329,-0.009129137,-0.010004892999999999,-0.010900691,-0.011807933,-0.012721688,-0.013655216,-0.014593109,-0.015539332999999999,-0.015792549],"unit":"A"},"resistance":{"value":[-157.495592,-83.149196,-76.027306,-68.462408,-61.366356,-53.950321,-46.956489,-39.638638,-32.459795,-25.252033,-18.036988,-10.800944,-3.60177,3.612275,10.844838,18.117558,25.353564,32.532214,39.925639,46.981851,54.332338,61.539457,68.812978,76.005876,83.269149,90.40725,97.902828,104.653725,112.168489,119.401307,126.808622,133.673263,140.910715,148.250852,155.393979,162.96554,169.53266,177.634822,183.95508,191.966871,198.952783,206.285352,213.58861,220.815639,228.097895,235.110456,242.090809,249.537612,256.687475,264.320531,271.132361,279.559077,285.591157,293.277703,300.134677,307.886676,315.475247,322.659825,329.555693,337.278673,344.210626,351.062585,359.102237,366.401729,374.231677,381.13249,389.642387,397.42718,404.745155,413.723621,421.449157,431.638455,439.885946,449.908363,461.850735,473.419465,488.253904,504.261724,527.651344,552.451884,593.569514,648.289967,735.978701,881.479795,1152.466,1833.024,5376.958,-4429.394,-1498.443,-875.437291,-608.028287,-461.697324,-370.754977,-308.039323,-263.515416,-229.788696,-203.422546,-182.559303,-165.696813,-151.626904,-139.954371,-129.921488,-121.295045,-113.841089,-107.229958,-101.435766,-96.286851,-94.996977],"unit":"ohms"},"conductance":{"value":[-0.006349384,-0.012026574,-0.013153169,-0.014606556,-0.016295574,-0.018535571,-0.021296311,-0.02522791,-0.030807341,-0.039600772,-0.055441629,-0.092584497,-0.277641259,0.276833866,0.092209764,0.055195076,0.039442186,0.030738762,0.025046562,0.021284815,0.018405245,0.016249737,0.014532142,0.013156878,0.01200925,0.01106106,0.01021421,0.009555322,0.00891516,0.008375118,0.007885899,0.007480928,0.007096692,0.006745324,0.006435256,0.006136267,0.005898568,0.005629527,0.00543611,0.005209232,0.005026318,0.004847654,0.004681898,0.004528665,0.004384083,0.00425332,0.004130681,0.004007412,0.003895788,0.003783285,0.003688236,0.003577061,0.003501509,0.003409738,0.003331838,0.003247948,0.003169821,0.003099239,0.003034388,0.002964907,0.002905198,0.002848495,0.002784722,0.002729245,0.002672142,0.00262376,0.002566456,0.002516184,0.00247069,0.002417073,0.002372765,0.002316754,0.002273317,0.002222675,0.002165202,0.002112292,0.002048115,0.001983097,0.001895191,0.001810112,0.001684723,0.00154252,0.001358735,0.001134456,0.000867704474,0.000545546534,0.000185978762,-0.000225764517,-0.00066735933,-0.001142286,-0.00164466,-0.002165921,-0.002697199,-0.003246339,-0.003794844,-0.004351824,-0.004915876,-0.005477672,-0.006035119,-0.006595136,-0.007145186,-0.007696956,-0.00824436,-0.008784175,-0.009325752,-0.009858456,-0.010385634,-0.010526651],"unit":"S"},"power":{"value":[-0.253743015,-0.406938608,-0.371011619,-0.337230433,-0.301161682,-0.266661466,-0.230112189,-0.195091119,-0.159428383,-0.123926941,-0.088424318,-0.053006742,-0.01773484,0.017749795,0.053381942,0.088618572,0.124012111,0.159644437,0.194274163,0.230552744,0.265373197,0.30099226,0.336082264,0.371698075,0.406987826,0.442793942,0.476861758,0.514663481,0.548687682,0.584107363,0.618631353,0.65593582,0.691357033,0.726098613,0.76194517,0.795719017,0.834395891,0.865544813,0.905440121,0.937034349,0.973690329,1.008434,1.043546,1.079059,1.114224,1.150726,1.187334,1.221717,1.257433,1.290853,1.328355,1.357992,1.399287,1.432444,1.469714,1.50248,1.536129,1.571813,1.608832,1.641874,1.678789,1.716091,1.747474,1.782537,1.815025,1.852098,1.881312,1.914061,1.949067,1.975968,2.009024,2.030499,2.061115,2.083536,2.09728,2.113171,2.115063,2.112782,2.082216,2.049952,1.965781,1.853574,1.680776,1.444003,1.136009,0.734337402,0.2572936,-0.320896,-0.974207815,-1.711973,-2.529739,-3.417876,-4.365557,-5.387328,-6.455081,-7.585267,-8.777518,-10.016339,-11.297787,-12.636759,-14.009136,-15.43793,-16.91184,-18.424194,-19.994624,-21.601643,-23.25047,-23.692682],"unit":"mW"},"J":{"value":[0.013291055999999999,0.023164986,0.023131595,0.023239882,0.023196973,0.023279827,0.023180278000000002,0.023230364,0.023206334999999998,0.023196973,0.023184646,0.023196973,0.023235513,0.023211483999999998,0.023231768,0.023158433,0.023158433,0.023196193,0.023098204,0.023196193,0.023141737,0.023157809,0.023141113,0.023156248,0.023149695,0.023173724,0.023109750999999998,0.023221001999999998,0.023159213,0.023159993,0.023128006,0.023195569,0.023194008,0.023173724,0.023186831,0.023138149,0.023230364,0.02311412,0.023231144000000002,0.023134560000000002,0.023164986,0.02315188,0.023145326,0.023147511000000003,0.023143142000000002,0.023165766,0.02318964,0.023169355,0.023175909,0.023140333,0.023177313,0.023078544,0.023178093,0.023141737,0.02317154,0.023131595,0.023106162,0.023111311,0.023135964000000002,0.023103197000000002,0.023125042000000002,0.023151255,0.023098984000000003,0.02309602,0.023060444,0.023082913,0.023008797,0.022979775,0.022978371,0.022883971,0.022862126,0.022711086000000002,0.022666148,0.022533832,0.022313826,0.022122841,0.021793923,0.021433643,0.020801085,0.020170711,0.019055855,0.017705856,0.015824097,0.013402151,0.010396173,0.006627662,0.002290566,-0.002818426,-0.008443107,-0.014643082,-0.021358591,-0.02849024,-0.035931303,-0.043790534,-0.051825614,-0.060161371000000005,-0.06878329200000001,-0.077562026,-0.086464183,-0.09559305600000001,-0.104763277,-0.114143363,-0.123643282,-0.133211388,-0.14298655,-0.15280742900000002,-0.162715531,-0.165367002],"unit":"A\/cm2"},"power_density":{"value":[-2.656995,-4.261137,-3.884938,-3.531209,-3.153525,-2.792267,-2.409552,-2.042839,-1.669407,-1.297664,-0.925909092,-0.555044418,-0.185705133,0.18586173,0.55897322,0.927943161,1.298556,1.671669,2.034284,2.414165,2.778777,3.151751,3.519186,3.892126,4.261653,4.636586,4.993317,5.389146,5.745421,6.116307,6.477815,6.868438,7.239341,7.603127,7.978483,8.332136,8.73713,9.063296,9.481048,9.811878,10.19571,10.559522,10.927179,11.299046,11.667271,12.04949,12.432821,12.792849,13.166841,13.516787,13.90948,14.21981,14.652223,14.999416,15.389671,15.732779,16.085119,16.458772,16.846411,17.192397,17.578941,17.969542,18.298153,18.665308,19.005498,19.393695,19.6996,20.042527,20.409083,20.690761,21.036902,21.261765,21.582359,21.817127,21.961049,22.127446,22.147257,22.123374,21.803308,21.465462,20.584097,19.409151,17.59975,15.120451,11.895387,7.689397,2.694174,-3.360168,-10.201129,-17.926414,-26.489414,-35.789279,-45.712638,-56.411807,-67.59247,-79.426876,-91.911187,-104.883128,-118.301434,-132.322082,-146.692526,-161.653713,-177.087327,-192.923495,-209.367795,-226.195219,-243.460423,-248.090915],"unit":"mW\/cm2"},"timestamps":{"value":[0.019,0.047,0.07,0.092,0.116,0.141,0.162,0.185,0.207,0.231,0.254,0.276,0.3,0.323,0.347,0.372,0.393,0.415,0.437,0.459,0.48,0.518,0.544,0.565,0.588,0.611,0.637,0.658,0.681,0.704,0.726,0.75,0.774,0.798,0.82,0.842,0.864,0.885,0.908,0.931,0.952,0.974,0.998,1.02,1.045,1.069,1.09,1.112,1.134,1.158,1.18,1.203,1.226,1.249,1.271,1.293,1.328,1.351,1.375,1.413,1.434,1.457,1.478,1.504,1.526,1.549,1.572,1.595,1.621,1.642,1.67,1.693,1.717,1.74,1.763,1.786,1.808,1.829,1.851,1.873,1.902,1.922,1.945,1.968,1.988,2.014,2.037,2.06,2.088,2.115,2.137,2.162,2.186,2.21,2.233,2.255,2.291,2.316,2.339,2.362,2.385,2.408,2.429,2.454,2.477,2.5,2.524,2.546],"unit":"s"},"p_max":{"unit":"mW","value":2.115063},"v_p_max":{"unit":"V","value":1.016212},"i_p_max":{"unit":"mA","value":2.08132},"j_p_max":{"unit":"mA\/cm2","value":21.793923},"voc":{"unit":"V","value":1.183382},"isc":{"unit":"mA","value":2.217845},"jsc":{"unit":"mA\/cm2","value":23.22351},"fill_factor":{"unit":"%","value":80.587376},"efficiency":{"unit":"%","value":22.147257},"r_s":{"unit":"ohms","value":24.161466},"r_sh":{"unit":"ohms","value":308.739152},"cell_dimension":{"value":0.0955000114362621,"unit":"cm2"},"sweep_direction":{"unit":"","value":"Forward"},"key":"forward19_2cell_231019"},{"V":{"value":[-0.199939966,-0.18394208,-0.16795373,-0.151944876,-0.135941505,-0.119940758,-0.103929281,-0.087916374,-0.071948528,-0.055939674,-0.039934874,-0.02392745,-0.007993579,0.008005649,0.024056435,0.040069342,0.056072712,0.072063684,0.088071108,0.104074478,0.120073795,0.136077166,0.152075052,0.168081045,0.184089899,0.200076818,0.216064215,0.232067108,0.248097181,0.264086485,0.280090809,0.296111345,0.312118292,0.328091145,0.344094038,0.360103846,0.37610817,0.392105579,0.408120632,0.424123526,0.440130472,0.456114292,0.472115755,0.488132238,0.504132509,0.520136833,0.536136866,0.552147865,0.56812501,0.584126472,0.60013485,0.616145849,0.632158279,0.64815712,0.664166689,0.680143833,0.696145296,0.71214962,0.728148222,0.744155169,0.760169029,0.776185513,0.79215169,0.808158636,0.824165583,0.840169907,0.8561728,0.8721838,0.888193607,0.904159546,0.920159817,0.936187029,0.952179194,0.968195677,0.984191656,1.000204,1.016218,1.032181,1.048176,1.064188,1.080197,1.096202,1.112215,1.128223,1.144196,1.160203,1.176204,1.192215,1.208217,1.224227,1.240223,1.256182,1.272209,1.28821,1.304228,1.320228,1.336243,1.352246,1.368213,1.384224,1.400224,1.416234,1.432244,1.448255,1.464267,1.480268,1.496233,1.500246],"unit":"V"},"I":{"value":[0.001724124,0.002191931,0.0021905450000000003,0.002193883,0.002184927,0.00219956,0.002190411,0.002194643,0.002192706,0.0021965210000000003,0.0021933910000000003,0.002195954,0.0021949260000000003,0.0021943600000000002,0.0021929140000000002,0.00219734,0.002196029,0.0021905450000000003,0.002193108,0.002191111,0.002195746,0.0021904859999999997,0.002197206,0.0021943600000000002,0.0021951939999999997,0.00219208,0.0021921400000000004,0.0021963720000000003,0.002191246,0.002194852,0.0021967889999999998,0.002194151,0.002194852,0.0021924229999999998,0.002196237,0.002187297,0.002193257,0.002193734,0.002195477,0.002196729,0.002190962,0.002196923,0.002195612,0.002193883,0.0021943,0.002196729,0.002191246,0.002199292,0.002191454,0.002190128,0.002193049,0.002189785,0.002194569,0.002187297,0.0021889509999999997,0.0021938089999999997,0.0021841680000000002,0.002190754,0.0021865960000000003,0.0021899190000000002,0.0021845099999999998,0.002185136,0.002187908,0.002180427,0.002182081,0.002182022,0.002181396,0.0021725150000000003,0.002170026,0.00216274,0.002158299,0.002149001,0.002140895,0.0021329820000000003,0.0021078739999999996,0.002091154,0.002055794,0.002017498,0.001958624,0.001889199,0.0017907770000000001,0.00165005,0.001478821,0.0012439039999999999,0.000952750444,0.000586405396,0.00014606118200000001,-0.000361815095,-0.0009399652480000001,-0.001580819,-0.002282768,-0.00303638,-0.003830358,-0.0046702620000000005,-0.005533949,-0.006433561,-0.007366597999999999,-0.008316562,-0.009298638,-0.010293752,-0.011312172,-0.012359023,-0.013408244,-0.014492065,-0.015578508,-0.016678557,-0.017799765000000002,-0.018112212],"unit":"A"},"resistance":{"value":[-115.96612,-83.917823,-76.672113,-69.258421,-62.217857,-54.529422,-47.447386,-40.059533,-32.812667,-25.467403,-18.206908,-10.896151,-3.641844,3.648284,10.970074,18.235384,25.533687,32.897602,40.158123,47.498487,54.684746,62.121918,69.212924,76.596845,83.86041,91.272589,98.563163,105.659312,113.22199,120.320882,127.500109,134.954845,142.204733,149.647756,156.674334,164.634198,171.48384,178.738886,185.891513,193.070465,200.884536,207.615066,215.026991,222.496927,229.746362,236.777859,244.672198,251.057076,259.245672,266.708832,273.653238,281.372729,288.055841,296.327931,303.417827,310.0288,318.723401,325.070583,333.005316,339.809394,347.981446,355.211522,362.059008,370.642319,377.697003,385.041951,392.4885,401.462766,409.300849,418.062134,426.335637,435.638295,444.757637,453.916475,466.912093,478.302348,494.318957,511.614512,535.159532,563.301415,603.200013,664.344829,752.095605,907.001641,1200.94,1978.5,8052.82,-3295.096,-1285.385,-774.425368,-543.297727,-413.710416,-332.138478,-275.832402,-235.677578,-205.209453,-181.39214,-162.596741,-147.141253,-134.472268,-123.780338,-114.591097,-106.818153,-99.934333,-93.992776,-88.752735,-84.05917,-82.830621],"unit":"ohms"},"conductance":{"value":[-0.008623208,-0.01191642,-0.013042552,-0.014438678,-0.016072556,-0.018338724,-0.021075977,-0.024962847,-0.030476035,-0.03926588,-0.054924209,-0.091775526,-0.274586161,0.274101443,0.091157086,0.054838439,0.039163949,0.030397352,0.024901563,0.021053302,0.018286635,0.016097378,0.014448169,0.013055368,0.011924578,0.010956192,0.010145778,0.009464381,0.008832207,0.008311109,0.007843131,0.007409886,0.007032115,0.006682359,0.006382666,0.006074072,0.005831453,0.005594753,0.005379482,0.005179456,0.004977984,0.004816606,0.004650579,0.004494444,0.004352626,0.004223368,0.004087101,0.003983158,0.003857345,0.003749407,0.00365426,0.003554005,0.003471549,0.00337464,0.003295785,0.003225507,0.003137517,0.003076255,0.003002955,0.002942826,0.002873716,0.002815224,0.002761981,0.002698019,0.002647625,0.00259712,0.002547845,0.002490891,0.002443191,0.002391989,0.00234557,0.002295482,0.002248416,0.002203048,0.002141731,0.002090728,0.002022985,0.001954597,0.001868602,0.001775249,0.001657825,0.001505242,0.001329618,0.001102534,0.000832681129,0.000505433451,0.000124180097,-0.000303481302,-0.000777977082,-0.00129128,-0.001840611,-0.00241715,-0.003010792,-0.00362539,-0.004243085,-0.00487307,-0.005512918,-0.006150185,-0.006796191,-0.007436478,-0.008078828,-0.008726681,-0.009361705,-0.010006571,-0.010639115,-0.011267258,-0.011896382,-0.01207283],"unit":"S"},"power":{"value":[-0.344721285,-0.403188348,-0.367910236,-0.333349289,-0.297022329,-0.263816942,-0.22764785,-0.192945057,-0.15776196,-0.122872645,-0.087592805,-0.052543588,-0.017545315,0.017567275,0.052753704,0.088045972,0.123137292,0.157858758,0.193149469,0.22803878,0.263651521,0.298075071,0.33414022,0.368830305,0.404113109,0.438584396,0.473642927,0.509705595,0.543641846,0.579630654,0.615300349,0.649713088,0.685053344,0.719314489,0.755712211,0.78765397,0.824901956,0.860175361,0.896019659,0.931684526,0.964309331,1.002048,1.036583,1.070905,1.106218,1.1426,1.174808,1.214334,1.24502,1.279312,1.316125,1.349227,1.387315,1.417712,1.453828,1.492105,1.520498,1.560144,1.592166,1.62964,1.660597,1.696071,1.733155,1.762131,1.798396,1.833269,1.867652,1.894832,1.927403,1.955462,1.98598,2.011867,2.038515,2.065144,2.074552,2.091581,2.089135,2.082424,2.052982,2.010464,1.934391,1.808789,1.644767,1.403402,1.090133,0.680349288,0.171797811,-0.431361544,-1.135682,-1.935281,-2.831142,-3.814246,-4.873018,-6.016277,-7.217528,-8.493766,-9.843564,-11.246036,-12.722518,-14.24886,-15.83958,-17.503269,-19.203874,-20.988203,-22.8111,-24.688726,-26.632604,-27.172771],"unit":"mW"},"J":{"value":[0.018053654000000002,0.022952157,0.022937646000000003,0.022972598,0.022878822,0.023032046,0.022936242,0.022980555,0.022960270999999997,0.023000215,0.022967448,0.022994286,0.02298352,0.022977591,0.022962455,0.023008797,0.022995066,0.022937646000000003,0.022964484,0.022943575,0.022992102,0.022937021999999998,0.023007393,0.022977591,0.022986328,0.022953717000000002,0.022954342,0.022998655,0.02294498,0.022982739999999998,0.023003024,0.022975406,0.022982739999999998,0.022957306,0.022997251,0.022903631,0.022966044,0.022971037,0.022989293,0.023002400000000003,0.022942015000000003,0.023004428,0.022990697,0.022972598,0.022976966,0.023002400000000003,0.02294498,0.023029238,0.022947164,0.022933277000000002,0.02296386,0.022929688,0.022979775,0.022903631,0.022920951,0.022971817000000002,0.022870864,0.022939831,0.022896297,0.022931093,0.022874453,0.022881006,0.022910028,0.0228317,0.022849018999999998,0.022848395,0.022841842,0.022748846,0.022722789,0.022646488000000003,0.022599989999999997,0.022502625999999998,0.022417744,0.022334890000000003,0.022071974,0.021896905,0.021526639,0.021125634,0.020509147,0.019782189,0.01875159,0.017278013000000002,0.015485037,0.013025175000000002,0.009976444000000001,0.006140371,0.0015294360000000001,-0.00378864,-0.009842568,-0.016553084,-0.023903334999999998,-0.031794553,-0.040108465,-0.048903271,-0.057947105,-0.06736713600000001,-0.077137148,-0.087084414,-0.09736793199999999,-0.107787979,-0.118452061,-0.129413854,-0.14040045699999998,-0.151749369,-0.163125742,-0.174644574,-0.186384972,-0.189656675],"unit":"A\/cm2"},"power_density":{"value":[-3.609647,-4.221868,-3.852463,-3.490568,-3.110181,-2.762481,-2.383747,-2.020367,-1.651958,-1.286625,-0.917202149,-0.550194635,-0.183720579,0.183950521,0.552394806,0.921947355,1.289396,1.652971,2.022508,2.387841,2.760749,3.121205,3.49885,3.862097,4.231551,4.592507,4.959612,5.337231,5.692585,6.069431,6.442936,6.803278,7.173333,7.532089,7.913217,8.247686,8.637717,9.007072,9.382405,9.755859,10.09748,10.492649,10.85427,11.213665,11.583436,11.964395,12.301649,12.715544,13.036858,13.395934,13.781412,14.128032,14.526855,14.845151,15.223332,15.62414,15.921444,16.336592,16.671898,17.064291,17.38845,17.759905,18.148218,18.451635,18.831375,19.196534,19.556564,19.841175,20.182235,20.476039,20.795603,21.066666,21.345709,21.624544,21.723053,21.901374,21.875757,21.805483,21.497197,21.051977,20.255404,18.940199,17.222687,14.695305,11.415008,7.124076,1.79893,-4.516875,-11.891959,-20.264727,-29.645464,-39.939744,-51.026366,-62.997666,-75.576213,-88.939953,-103.073968,-117.759534,-133.220088,-149.202726,-165.859472,-183.280303,-201.087688,-219.771755,-238.859683,-258.520691,-278.875433,-284.531631],"unit":"mW\/cm2"},"timestamps":{"value":[0.019,0.045,0.068,0.091,0.114,0.137,0.161,0.183,0.205,0.227,0.249,0.271,0.297,0.332,0.355,0.379,0.403,0.424,0.447,0.47,0.492,0.515,0.538,0.56,0.583,0.606,0.637,0.661,0.684,0.705,0.729,0.75,0.773,0.796,0.819,0.841,0.864,0.889,0.912,0.933,0.955,0.97,0.994,1.014,1.036,1.057,1.079,1.1,1.122,1.147,1.182,1.205,1.226,1.248,1.271,1.294,1.316,1.337,1.362,1.384,1.405,1.429,1.452,1.474,1.49,1.512,1.537,1.56,1.581,1.604,1.625,1.647,1.668,1.694,1.716,1.737,1.759,1.782,1.805,1.828,1.852,1.875,1.899,1.922,1.945,1.97,1.993,2.016,2.053,2.1,2.133,2.158,2.184,2.206,2.23,2.251,2.273,2.297,2.32,2.343,2.366,2.391,2.414,2.437,2.461,2.484,2.508,2.53],"unit":"s"},"p_max":{"unit":"mW","value":2.091581},"v_p_max":{"unit":"V","value":1.000204},"i_p_max":{"unit":"mA","value":2.091154},"j_p_max":{"unit":"mA\/cm2","value":21.896905},"voc":{"unit":"V","value":1.180809},"isc":{"unit":"mA","value":2.194643},"jsc":{"unit":"mA\/cm2","value":22.980557},"fill_factor":{"unit":"%","value":80.710701},"efficiency":{"unit":"%","value":21.901374},"r_s":{"unit":"ohms","value":21.904043},"r_sh":{"unit":"ohms","value":186.278129},"cell_dimension":{"value":0.0955000023817893,"unit":"cm2"},"sweep_direction":{"unit":"","value":"Forward"},"key":"forward19_1cell_231019"}]}}