{"_id":"65532430b3b99550162d907d","id":"KAIST-SC-00256","author":106,"group":12,"input":[{"tco":{"unit":"","value":"ITO"}},{"etl":[{"material":{"unit":"","value":"SnO2"},"concentration":{"unit":"","value":"5"},"conc_unit":{"unit":"","value":"wt%"},"quantity":{"unit":"ml","value":"0.8"}}],"spin_coating":[{"type":{"unit":"","value":"drop&run"},"rpm":{"unit":"","value":"4000"},"time":{"unit":"s","value":"30"}}],"annealing":[{"temperature":{"unit":"oC","value":"150"},"time":{"unit":"m","value":"30"}}]},{"perovskite":{"method":{"unit":"","value":"1-step"},"molarity":{"unit":"M","value":"1.8"},"a_site":[{"material":{"unit":"","value":"FA"},"ratio":{"unit":"","value":"100"}}],"b_site":[{"material":{"unit":"","value":"Pb"},"ratio":{"unit":"","value":"100"}}],"x_site":[{"material":{"unit":"","value":"I"},"ratio":{"unit":"","value":"100"}}],"solvent":[{"material":{"unit":"","value":"DMF"},"volume":{"unit":"ml","value":"0.8"}},{"material":{"unit":"","value":"DMSO"},"volume":{"unit":"ml","value":"0.1"}}],"additive":[{"material":{"unit":"","value":"MACl"},"solvent":{"unit":"","value":"None"},"concentration":{"unit":"","value":"42.86"},"conc_unit":{"unit":"","value":"mg\/ml"},"quantity":{"unit":"mol%","value":"35"}}],"stirring_time":[{"unit":"m","value":"20"}],"antisolvent":[{"material":{"unit":"","value":"DEE"},"quantity":{"unit":"ul","value":"1000"},"dripping_time":{"unit":"s","value":"28"}}],"spin_coating":[{"type":{"unit":"","value":"drop&run"},"rpm":{"unit":"","value":"5000"},"time":{"unit":"s","value":"15"}}],"annealing":[{"temperature":{"unit":"oC","value":"150"},"time":{"unit":"m","value":"20"}},{"temperature":{"unit":"oC","value":"100"},"time":{"unit":"m","value":"15"}}],"atmosphere":[{"type":{"unit":"","value":"Air"},"temperature":{"unit":"oC","value":"22"},"humidity":{"unit":"RH%","value":"19"}}]}},{"perovskite_treatment":[{"material":{"unit":"","value":"OAI"},"concentration":{"unit":"","value":"2.5"},"conc_unit":{"unit":"","value":"mg\/ml"},"quantity":{"unit":"ml","value":"Material"}}],"spin_coating":[{"type":{"unit":"","value":"drop&run"},"rpm":{"unit":"","value":"5000"},"time":{"unit":"s","value":"5"}}],"annealing":[{"temperature":{"unit":"oC","value":"100"},"time":{"unit":"m","value":"3"}}]},{"htl":[{"material":{"unit":"","value":"Spiro-OMeTAD"},"concentration":{"unit":"","value":"91"},"conc_unit":{"unit":"","value":"mg\/ml"},"quantity":{"unit":"ml","value":"1.1"}}],"htl_doping":[{"material":{"unit":"","value":"tBP"},"volume":{"unit":"ul","value":"39"}},{"material":{"unit":"","value":"Li-TFSI"},"volume":{"unit":"ul","value":"23"}},{"material":{"unit":"","value":"Co-TFSI"},"volume":{"unit":"ul","value":"10"}}],"spin_coating":[{"type":{"unit":"","value":"dynamic"},"rpm":{"unit":"","value":"2000"},"time":{"unit":"s","value":"30"}}]},{"anode_metal":{"unit":"","value":"Au"}},{"note":{"unit":"","value":"-"},"ar":{"unit":"","value":"0"},"type":{"unit":"","value":"unit_cell"},"device_type":{"unit":"","value":"n-i-p"},"temperature":{"unit":"\u2103","value":"22"},"humidity":{"unit":"%","value":"19"},"cell_dimension":{"unit":"cm2","value":"0.0955"}}],"fileinfo":[{"key":"reverse20_4cell_231114","uploadType":"JV","original_name":"reverse20_4cell_231114.csv","save_name":"KAIST-SC-00256\/reverse20_4cell_231114","uploader":106,"fileType":""},{"key":"forward20_4cell_231114","uploadType":"JV","original_name":"forward20_4cell_231114.csv","save_name":"KAIST-SC-00256\/forward20_4cell_231114","uploader":106,"fileType":""},{"key":"reverse20_3cell_231114","uploadType":"JV","original_name":"reverse20_3cell_231114.csv","save_name":"KAIST-SC-00256\/reverse20_3cell_231114","uploader":106,"fileType":""},{"key":"forward20_3cell_231114","uploadType":"JV","original_name":"forward20_3cell_231114.csv","save_name":"KAIST-SC-00256\/forward20_3cell_231114","uploader":106,"fileType":""},{"key":"reverse20_2cell_231114","uploadType":"JV","original_name":"reverse20_2cell_231114.csv","save_name":"KAIST-SC-00256\/reverse20_2cell_231114","uploader":106,"fileType":""},{"key":"forward20_2cell_231114","uploadType":"JV","original_name":"forward20_2cell_231114.csv","save_name":"KAIST-SC-00256\/forward20_2cell_231114","uploader":106,"fileType":""},{"key":"reverse20_1cell_231114","uploadType":"JV","original_name":"reverse20_1cell_231114.csv","save_name":"KAIST-SC-00256\/reverse20_1cell_231114","uploader":106,"fileType":""},{"key":"forward20_1cell_231114","uploadType":"JV","original_name":"forward20_1cell_231114.csv","save_name":"KAIST-SC-00256\/forward20_1cell_231114","uploader":106,"fileType":""}],"jvcnt":8,"updated_at":"2024-08-12 01:39:30","created_at":"2023-11-14 07:39:28","analysisInfo":{"JV":[{"efficiency":21.982634,"fill_factor":80.90259,"jsc":23.230281,"voc":1.169669,"key":"reverse20_4cell_231114","cell_dimension":0.09549999912427586},{"efficiency":22.371711,"fill_factor":81.967567,"jsc":23.292767,"voc":1.171753,"key":"reverse20_3cell_231114","cell_dimension":0.09550000101127176},{"efficiency":22.421395,"fill_factor":82.306326,"jsc":23.245472,"voc":1.171901,"key":"reverse20_2cell_231114","cell_dimension":0.09549999831412692},{"efficiency":21.886927,"fill_factor":80.609977,"jsc":23.127932,"voc":1.173976,"key":"reverse20_1cell_231114","cell_dimension":0.09549999934230782},{"efficiency":21.853105,"fill_factor":80.64543,"jsc":23.200487,"voc":1.167982,"key":"forward20_4cell_231114","cell_dimension":0.09550000325891886},{"efficiency":22.272846,"fill_factor":81.694067,"jsc":23.299193,"voc":1.170158,"key":"forward20_3cell_231114","cell_dimension":0.0954999873338894},{"efficiency":22.306597,"fill_factor":82.128674,"jsc":23.225333,"voc":1.169436,"key":"forward20_2cell_231114","cell_dimension":0.09549998286687675},{"efficiency":21.804993,"fill_factor":80.559519,"jsc":23.090971,"voc":1.172187,"key":"forward20_1cell_231114","cell_dimension":0.09550001139765812}]},"public":2,"tags":[],"analysis":{"JV":[{"V":{"value":[1.499983,1.482983,1.466023,1.448997,1.431994,1.415014,1.397992,1.380989,1.364005,1.347,1.329992,1.313001,1.296006,1.27899,1.262003,1.245002,1.227981,1.210994,1.194003,1.177013,1.159989,1.143006,1.126014,1.108978,1.091997,1.075016,1.058018,1.040987,1.024002,1.007008,0.989989281,0.972988605,0.955997467,0.939015865,0.921986341,0.904993773,0.888013601,0.870986938,0.853996992,0.837005854,0.819980383,0.802992105,0.785994053,0.769004107,0.751992464,0.734991789,0.717996359,0.700986147,0.683989525,0.666994095,0.650012493,0.632996798,0.616000175,0.59901166,0.581982136,0.565003395,0.548013449,0.531013966,0.513999701,0.497009754,0.480009079,0.462986469,0.445997953,0.429016352,0.412014246,0.394993067,0.378005981,0.361010551,0.34398675,0.326999664,0.310009718,0.292987108,0.275986433,0.25898838,0.242024422,0.224978685,0.207993746,0.190999508,0.174000978,0.156996965,0.139991522,0.123001337,0.106004238,0.088989258,0.071999073,0.055001974,0.038003445,0.02099821,0.003997356,-0.012999296,-0.029996395,-0.046992064,-0.063990593,-0.080989122,-0.097990513,-0.115001202,-0.132001162,-0.148987532,-0.165991306,-0.182987213,-0.199984312,-0.199977636],"unit":"V"},"I":{"value":[-0.012104839000000001,-0.012129455999999999,-0.011641875000000001,-0.011022881,-0.010353968,-0.009662582999999999,-0.008952886,-0.008238196,-0.007513583,-0.006786346,-0.0060656220000000005,-0.005344346,-0.004635766,-0.003934383,-0.003248543,-0.002585307,-0.001938447,-0.001324654,-0.0007467120889999999,-0.000209137797,0.000275656581,0.00070284307,0.001064628,0.001363173,0.0015920099999999998,0.001766771,0.001889095,0.001977593,0.0020384039999999997,0.0020847319999999997,0.002115861,0.002137572,0.002156571,0.002167329,0.002178833,0.0021816049999999997,0.002186462,0.002192289,0.002194986,0.002198189,0.0022017210000000002,0.002206162,0.0022043590000000004,0.002208382,0.0022067130000000003,0.002208307,0.0022078159999999996,0.00220865,0.0022095590000000003,0.002208024,0.0022100360000000003,0.002211422,0.00221476,0.002210245,0.002213717,0.0022108699999999998,0.002212465,0.002209142,0.002211913,0.002211705,0.002213091,0.002210394,0.0022129569999999998,0.0022113619999999997,0.0022162199999999996,0.0022139250000000003,0.0022145510000000004,0.002212673,0.002214134,0.0022153109999999998,0.002216011,0.0022153109999999998,0.0022153109999999998,0.0022148940000000002,0.002213717,0.002216145,0.002211496,0.002213225,0.002214342,0.002211705,0.002214134,0.002217531,0.0022178140000000002,0.002217606,0.002218232,0.002218023,0.0022162199999999996,0.002219826,0.002218425,0.002218708,0.002218917,0.0022172480000000002,0.002218425,0.0022162799999999997,0.002213717,0.002214476,0.002215445,0.002216071,0.002216071,0.002217457,0.002216771,0.002217665],"unit":"A"},"resistance":{"value":[-123.916006,-122.262916,-125.926686,-131.453614,-138.303887,-146.442594,-156.149916,-167.632454,-181.53851,-198.48672,-219.267257,-245.680365,-279.566674,-325.080172,-388.482739,-481.568396,-633.48682,-914.196544,-1599.013,-5627.929,4208.093,1626.26,1057.66,813.527093,685.923136,608.463809,560.066259,526.391247,502.354618,483.039456,467.889657,455.184106,443.295243,433.259455,423.15606,414.829439,406.141742,397.295741,389.067215,380.770564,372.427004,363.977008,356.56361,348.220618,340.774934,332.830381,325.206663,317.382162,309.559283,302.077339,294.11852,286.239748,278.134105,271.016012,262.898223,255.556996,247.693634,240.371149,232.377852,224.717938,216.895353,209.45884,201.539408,194.005472,185.908558,178.41302,170.691931,163.155822,155.359518,147.608925,139.89537,132.255524,124.581353,116.930388,109.329456,101.518017,94.051142,86.299191,78.579077,70.984592,63.226317,55.467692,47.796714,40.12853,32.457871,24.797748,17.147867,9.459395,1.801889,-5.858948,-13.518484,-21.193868,-28.845052,-36.542829,-44.265159,-51.931553,-59.582233,-67.23049,-74.903428,-82.521211,-90.21423,-90.17485],"unit":"ohms"},"conductance":{"value":[-0.008069983,-0.008179095,-0.007941129,-0.007607246,-0.007230455,-0.006828614,-0.006404102,-0.005965432,-0.005508473,-0.00503812,-0.004560644,-0.004070329,-0.003576964,-0.003076164,-0.002574117,-0.002076548,-0.001578565,-0.001093857,-0.000625385632,-0.000177685254,0.00023763731,0.000614907805,0.00094548373,0.001229215,0.001457889,0.001643483,0.001785503,0.001899728,0.001990626,0.002070224,0.002137256,0.002196913,0.002255833,0.002308086,0.002363194,0.002410629,0.002462195,0.002517017,0.00257025,0.002626253,0.00268509,0.002747426,0.002804549,0.002871743,0.002934488,0.003004533,0.003074968,0.003150776,0.003230399,0.003310411,0.00339999,0.003493575,0.003595388,0.003689819,0.003803753,0.003913021,0.004037245,0.004160233,0.004303336,0.004450023,0.004610518,0.004774208,0.004961809,0.005154494,0.005378989,0.005604972,0.005858508,0.00612911,0.006436683,0.006774658,0.007148199,0.007561121,0.008026883,0.008552097,0.009146666,0.009850468,0.010632513,0.011587594,0.012726034,0.014087564,0.015816199,0.018028513,0.02092194,0.024919926,0.030809168,0.040326242,0.05831629,0.105715012,0.554973197,-0.170679117,-0.073972789,-0.047183459,-0.034667991,-0.02736515,-0.022591131,-0.019256116,-0.016783527,-0.014874204,-0.013350524,-0.012118096,-0.011084726,-0.011089567],"unit":"S"},"power":{"value":[-18.157057,-17.987772,-17.067253,-15.972127,-14.826819,-13.672689,-12.516066,-11.376859,-10.248561,-9.141206,-8.06723,-7.017131,-6.007979,-5.032037,-4.099669,-3.218712,-2.380376,-1.604147,-0.891576196,-0.24615784,0.319758503,0.803353572,1.198787,1.511729,1.73847,1.899308,1.998697,2.058649,2.08733,2.099342,2.094679,2.079833,2.061676,2.035156,2.008854,1.974338,1.941608,1.909455,1.874511,1.839897,1.805368,1.77153,1.732613,1.698255,1.659432,1.623088,1.585204,1.548233,1.511315,1.472739,1.436551,1.399823,1.364292,1.323962,1.288343,1.249149,1.21246,1.173085,1.136923,1.099239,1.062304,1.023382,0.986974091,0.948710511,0.913114172,0.874485074,0.837113514,0.798798454,0.761632668,0.724405931,0.686985034,0.649057544,0.611395762,0.573631732,0.535773457,0.498585478,0.459977386,0.422724842,0.385297737,0.34723095,0.309959952,0.272759303,0.235097718,0.197343086,0.159710616,0.12199564,0.08422399,0.046612372,0.008867835,-0.028841648,-0.066559511,-0.104193063,-0.141958349,-0.179494532,-0.216923216,-0.254667455,-0.292441319,-0.330166932,-0.367848502,-0.405766221,-0.443319472,-0.443483468],"unit":"mW"},"J":{"value":[-0.126752242,-0.127010008,-0.121904449,-0.11542283399999999,-0.108418508,-0.101178885,-0.093747496,-0.086263836,-0.078676259,-0.071061219,-0.063514366,-0.055961739999999996,-0.048542054,-0.041197732,-0.034016152,-0.027071275,-0.020297878000000002,-0.013870719,-0.007818975,-0.002189925,0.002886456,0.007359613,0.011147941,0.014274064,0.016670264,0.018500221,0.019781096,0.020707777,0.021344547999999998,0.021829655,0.022155608,0.022382948,0.022581891,0.022694547,0.022815004,0.022844026,0.022894893,0.022955901999999997,0.022984144,0.023017691,0.023054671,0.023101168999999998,0.023082289,0.023124417999999997,0.023106942,0.023123638,0.023118488,0.023127226,0.023136744,0.023120673,0.023141737,0.023156248,0.0231912,0.023143922,0.023180278000000002,0.023150475,0.023167171,0.023132375,0.023161398,0.023159213,0.023173724,0.023145482000000002,0.02317232,0.023155624,0.023206491,0.023182462,0.023189015,0.023169355,0.023184646,0.023196973,0.023204307,0.023196973,0.023196973,0.023192604,0.023180278000000002,0.023205711,0.023157029000000003,0.023175128,0.023186831,0.023159213,0.023184646,0.023220222,0.023223187,0.023221001999999998,0.023227556,0.023225370999999998,0.023206491,0.023244250999999997,0.023229583999999998,0.023232548999999998,0.023234732999999997,0.023217257,0.023229583999999998,0.023207115,0.023180278000000002,0.023188234999999998,0.023198377,0.023204930999999998,0.023204930999999998,0.023219442,0.023212264,0.023221626000000002],"unit":"A\/cm2"},"power_density":{"value":[-190.126247,-188.353637,-178.714694,-167.247398,-155.254649,-143.169517,-131.058284,-119.129416,-107.31478,-95.719437,-84.473618,-73.477816,-62.91078,-52.691488,-42.928476,-33.703792,-24.925406,-16.797354,-9.335876,-2.577569,3.348257,8.412079,12.552743,15.829627,18.203873,19.888038,20.92876,21.556537,21.856856,21.982634,21.933815,21.778354,21.58823,21.310539,21.035122,20.673701,20.330976,19.994291,19.62839,19.265942,18.904378,18.550056,18.142542,17.782772,17.376246,16.995684,16.598991,16.211865,15.825291,15.421352,15.042418,14.657831,14.285783,13.863479,13.490507,13.080097,12.695921,12.283614,11.904951,11.510355,11.123598,10.716045,10.334807,9.934141,9.561405,9.156912,8.765587,8.364382,7.975211,7.585402,7.193561,6.796414,6.40205,6.006615,5.610193,5.22079,4.816517,4.426438,4.034531,3.635926,3.245654,2.856118,2.461756,2.06642,1.672362,1.277441,0.881926601,0.48808766,0.09285691,-0.302006781,-0.696958235,-1.091027,-1.486475,-1.879524,-2.271447,-2.666675,-3.062213,-3.457245,-3.851817,-4.248861,-4.642089,-4.643806],"unit":"mW\/cm2"},"timestamps":{"value":[0.019,0.045,0.068,0.091,0.113,0.135,0.159,0.184,0.206,0.231,0.254,0.279,0.302,0.324,0.347,0.372,0.396,0.418,0.441,0.462,0.484,0.508,0.531,0.566,0.589,0.612,0.634,0.655,0.678,0.701,0.723,0.745,0.766,0.793,0.817,0.84,0.863,0.885,0.908,0.931,0.953,0.976,0.998,1.021,1.043,1.068,1.089,1.112,1.133,1.155,1.18,1.202,1.225,1.246,1.269,1.291,1.316,1.339,1.362,1.385,1.408,1.445,1.471,1.494,1.519,1.54,1.567,1.589,1.614,1.636,1.658,1.682,1.704,1.727,1.75,1.773,1.798,1.819,1.841,1.863,1.887,1.91,1.932,1.955,1.977,2.002,2.025,2.05,2.077,2.098,2.122,2.145,2.167,2.19,2.212,2.235,2.257,2.289,2.315,2.364,2.388,2.408],"unit":"s"},"p_max":{"unit":"mW","value":2.099342},"v_p_max":{"unit":"V","value":1.007008},"i_p_max":{"unit":"mA","value":2.084732},"j_p_max":{"unit":"mA\/cm2","value":21.829655},"voc":{"unit":"V","value":1.169669},"isc":{"unit":"mA","value":2.218492},"jsc":{"unit":"mA\/cm2","value":23.230281},"fill_factor":{"unit":"%","value":80.90259},"efficiency":{"unit":"%","value":21.982634},"r_s":{"unit":"ohms","value":28.877504},"r_sh":{"unit":"ohms","value":9795.283},"cell_dimension":{"value":0.09549999912427586,"unit":"cm2"},"sweep_direction":{"unit":"","value":"Reverse"},"key":"reverse20_4cell_231114"},{"V":{"value":[1.499981,1.482984,1.466019,1.448996,1.431995,1.415011,1.397994,1.380989,1.364003,1.346987,1.329988,1.312998,1.296003,1.27899,1.261999,1.244998,1.227978,1.210996,1.194001,1.177013,1.159997,1.143017,1.126016,1.10898,1.091993,1.075014,1.05802,1.040987,1.024004,1.007009,0.989978552,0.972990036,0.956009626,0.939011574,0.921986341,0.904993773,0.888008118,0.870986938,0.853992939,0.837002993,0.819983244,0.802971601,0.785992622,0.769005537,0.751989841,0.734988928,0.717995167,0.700980663,0.683986664,0.666991472,0.65000844,0.632998228,0.616004229,0.599018335,0.581987619,0.564999104,0.548013449,0.531013966,0.513994217,0.497009754,0.480007648,0.46298933,0.446004868,0.429012299,0.41202116,0.394990206,0.378001928,0.361009359,0.343985319,0.326999664,0.310007095,0.292985678,0.275990486,0.259003401,0.242010832,0.224981308,0.207989693,0.1910007,0.173998117,0.156988859,0.139991522,0.123001337,0.106004238,0.088994741,0.07199502,0.055011511,0.037999392,0.021003157,0.003998905,-0.012994647,-0.029994965,-0.046993494,-0.06398654,-0.08098793,-0.097993135,-0.114995718,-0.131983519,-0.148984671,-0.165995598,-0.182988644,-0.199980259,-0.199977636],"unit":"V"},"I":{"value":[-0.013693153999999999,-0.013242334,-0.012680351999999999,-0.011953934999999999,-0.011188969,-0.010416582,-0.009624228,-0.008833392999999998,-0.008035764,-0.00724417,-0.006453960999999999,-0.005669787999999999,-0.004903093,-0.004143819,-0.0034043040000000004,-0.002689257,-0.001997739,-0.001338243,-0.0007250159980000001,-0.00015754997700000002,0.00035214424100000005,0.000791817904,0.001161575,0.0014552620000000001,0.0016777370000000001,0.0018382670000000002,0.001954079,0.002030224,0.0020847319999999997,0.002121627,0.0021465869999999997,0.002167255,0.002176613,0.0021877140000000003,0.002194017,0.002197355,0.002201587,0.002209216,0.002206787,0.00221163,0.0022108699999999998,0.002216831,0.002215803,0.0022201689999999997,0.002216771,0.002217665,0.002219826,0.0022196769999999998,0.002218232,0.002220586,0.002221838,0.002223283,0.0022237,0.002223074,0.002220586,0.0022212119999999998,0.0022202280000000003,0.0022212710000000004,0.002220437,0.002221555,0.002221137,0.002225235,0.0022234919999999997,0.002223641,0.002224326,0.002221137,0.002221838,0.0022212119999999998,0.002222106,0.002222598,0.002225026,0.002225921,0.002223015,0.002224818,0.002223015,0.0022222400000000003,0.002225369,0.002223432,0.0022235659999999997,0.002223074,0.002220511,0.0022235659999999997,0.0022233580000000004,0.002222449,0.002224818,0.0022266210000000002,0.002219886,0.0022257120000000003,0.002225995,0.002219468,0.0022225229999999997,0.002221063,0.00222294,0.002225637,0.002222866,0.002223223,0.00222218,0.0022266210000000002,0.0022235659999999997,0.002227306,0.0022241179999999998,0.002220586],"unit":"A"},"resistance":{"value":[-109.542382,-111.988117,-115.613408,-121.214986,-127.982783,-135.84215,-145.257762,-156.337322,-169.741566,-185.940907,-206.073135,-231.578042,-264.323534,-308.650056,-370.706761,-462.952353,-614.683991,-904.914841,-1646.862,-7470.726,3294.096,1443.535,969.386905,762.047982,650.872485,584.79738,541.441679,512.74524,491.19236,474.640034,461.187297,448.950482,439.219005,429.220447,420.227496,411.855963,403.349099,394.251534,386.984679,378.455195,370.887072,362.215999,354.721399,346.372568,339.227533,331.42464,323.4466,315.803008,308.347729,300.367331,292.554428,284.713288,277.017651,269.454916,262.08741,254.365255,246.82752,239.058571,231.483367,223.72161,216.108951,208.063107,200.587605,192.932384,185.23415,177.832414,170.130311,162.528112,154.801499,147.124997,139.327373,131.624499,124.151437,116.415552,108.866045,101.24078,93.463004,85.903547,78.251828,70.617905,63.04472,55.317147,47.677549,40.043555,32.359961,24.706276,17.117725,9.436602,1.796457,-5.854847,-13.495907,-21.158112,-28.784641,-36.388645,-44.084143,-51.724768,-59.393702,-66.910658,-74.652871,-82.156926,-89.91443,-90.056247],"unit":"ohms"},"conductance":{"value":[-0.009128887,-0.008929519,-0.008649516,-0.008249805,-0.007813551,-0.007361485,-0.006884314,-0.006396425,-0.005891309,-0.005378053,-0.004852646,-0.004318199,-0.003783242,-0.003239915,-0.00269755,-0.00216005,-0.001626852,-0.001105076,-0.000607215469,-0.000133855803,0.000303573411,0.000692744025,0.00103158,0.001312253,0.001536399,0.001709994,0.001846921,0.001950286,0.002035862,0.00210686,0.002168316,0.002227417,0.002276769,0.002329805,0.002379663,0.002428033,0.002479242,0.002536452,0.002584082,0.002642321,0.002696238,0.002760784,0.002819114,0.002887065,0.002947874,0.003017277,0.0030917,0.003166531,0.003243092,0.003329257,0.003418167,0.003512305,0.003609878,0.003711196,0.003815521,0.003931355,0.004051412,0.004183075,0.004319965,0.004469841,0.004627296,0.004806234,0.004985353,0.005183163,0.005398573,0.005623272,0.005877847,0.006152782,0.006459886,0.006796942,0.007177341,0.00759737,0.008054679,0.008589918,0.009185601,0.009877443,0.010699421,0.011640963,0.012779254,0.014160715,0.015861757,0.018077577,0.020974233,0.024972808,0.030902386,0.040475546,0.058418977,0.105970353,0.556651091,-0.170798664,-0.07409654,-0.047263197,-0.034740749,-0.0274811,-0.022683893,-0.019333098,-0.016836802,-0.014945302,-0.013395332,-0.012171828,-0.011121685,-0.011104171],"unit":"S"},"power":{"value":[-20.539466,-19.638171,-18.589632,-17.321205,-16.022552,-14.739578,-13.454611,-12.19882,-10.960808,-9.757806,-8.583691,-7.444421,-6.354423,-5.299903,-4.296228,-3.34812,-2.45318,-1.620608,-0.86566997,-0.185438321,0.408486259,0.90506099,1.307952,1.613856,1.832076,1.976162,2.067454,2.113437,2.134775,2.136498,2.125075,2.108717,2.080863,2.054289,2.022854,1.988593,1.955027,1.924199,1.884581,1.851141,1.812877,1.780052,1.741605,1.707322,1.666989,1.629959,1.593824,1.555951,1.517241,1.481112,1.444213,1.407334,1.369809,1.331662,1.292354,1.254983,1.216715,1.179526,1.141292,1.104134,1.066163,1.03026,0.991688107,0.953969199,0.916469434,0.877327473,0.839858912,0.801878246,0.764371794,0.726788669,0.689773999,0.652162843,0.613530944,0.576235395,0.537993669,0.499962455,0.462853859,0.424677081,0.386896328,0.34899792,0.310852775,0.273501612,0.235685324,0.197786237,0.160175807,0.12248978,0.084354302,0.046746977,0.008901544,-0.028841208,-0.066664502,-0.1043755,-0.14223826,-0.18024977,-0.217825591,-0.255661177,-0.293291184,-0.331732383,-0.369102196,-0.407571771,-0.444779597,-0.444067528],"unit":"mW"},"J":{"value":[-0.14338381,-0.138663185,-0.132778552,-0.125172095,-0.117161979,-0.10907415899999999,-0.100777255,-0.09249626700000001,-0.084144127,-0.07585518000000001,-0.067580745,-0.059369503000000004,-0.051341288,-0.043390777,-0.035647166,-0.028159762,-0.020918734,-0.014013021,-0.007591791,-0.001649738,0.003687374,0.008291287000000001,0.012163092,0.015238349,0.017567923,0.019248868000000002,0.020461557,0.021258886,0.021829655,0.022215993,0.022477347999999998,0.022693766,0.022791754999999997,0.022908,0.022974002,0.023008953000000002,0.023053267000000002,0.023133156,0.023107722,0.023158433,0.023150475,0.023212888,0.023202122,0.02324784,0.023212264,0.023221626000000002,0.023244250999999997,0.023242691,0.023227556,0.023252209,0.023265315999999998,0.023280451,0.02328482,0.023278266,0.023252209,0.023258762000000002,0.023248464,0.023259386,0.023250648000000002,0.023262351,0.023257982,0.023300891,0.023282635,0.023284196,0.023291373,0.023257982,0.023265315999999998,0.023258762000000002,0.023268124,0.023273273,0.023298707000000002,0.023308069,0.023277642,0.023296522,0.023277642,0.023269528,0.023302295,0.023282011000000002,0.023283415000000002,0.023278266,0.023251429,0.023283415000000002,0.023281231,0.023271713,0.023296522,0.023315402,0.023244875,0.023305884,0.023308849,0.023240506,0.023272493,0.023257202,0.023276862000000002,0.023305104,0.023276082,0.023279827,0.023268904,0.023315402,0.023283415000000002,0.02332258,0.023289189000000002,0.023252209],"unit":"A\/cm2"},"power_density":{"value":[-215.072946,-205.635293,-194.655837,-181.373873,-167.775414,-154.341128,-140.885978,-127.736334,-114.772856,-102.175979,-89.88158,-77.952056,-66.538456,-55.496371,-44.986676,-35.058847,-25.68775,-16.969718,-9.064607,-1.941763,4.277343,9.477078,13.695835,16.899019,19.184042,20.692795,21.648729,22.130234,22.353664,22.371711,22.252093,22.080809,21.789137,21.510877,21.181716,20.822959,20.471488,20.148676,19.733832,19.383678,18.983002,18.63929,18.236697,17.877718,17.455387,17.067638,16.68926,16.292677,15.887338,15.509025,15.122651,14.736484,14.343547,13.944108,13.532498,13.14118,12.740471,12.351059,11.950699,11.561615,11.164009,10.788064,10.384169,9.989206,9.596539,9.186675,8.794334,8.396631,8.003893,7.610353,7.222764,6.82893,6.424408,6.033878,5.633442,5.235209,4.846637,4.44688,4.05127,3.654428,3.255003,2.863891,2.467909,2.07106,1.677234,1.282616,0.883291117,0.489497143,0.093209882,-0.302002177,-0.698057607,-1.092937,-1.489406,-1.887432,-2.280896,-2.67708,-3.071112,-3.473638,-3.864944,-4.267767,-4.657378,-4.649922],"unit":"mW\/cm2"},"timestamps":{"value":[0.031,0.055,0.092,0.117,0.14,0.164,0.189,0.213,0.237,0.262,0.284,0.307,0.329,0.351,0.374,0.395,0.417,0.44,0.462,0.485,0.507,0.529,0.553,0.574,0.598,0.621,0.643,0.664,0.687,0.708,0.729,0.75,0.772,0.794,0.816,0.84,0.862,0.89,0.927,0.948,0.969,0.997,1.019,1.041,1.064,1.088,1.11,1.131,1.154,1.179,1.203,1.225,1.247,1.268,1.292,1.313,1.336,1.358,1.38,1.402,1.425,1.451,1.473,1.493,1.516,1.538,1.563,1.586,1.612,1.633,1.659,1.683,1.708,1.729,1.75,1.773,1.809,1.839,1.865,1.897,1.92,1.942,1.966,1.989,2.012,2.035,2.064,2.092,2.115,2.142,2.166,2.192,2.217,2.239,2.26,2.282,2.309,2.333,2.361,2.383,2.406,2.434],"unit":"s"},"p_max":{"unit":"mW","value":2.136498},"v_p_max":{"unit":"V","value":1.007009},"i_p_max":{"unit":"mA","value":2.121627},"j_p_max":{"unit":"mA\/cm2","value":22.215993},"voc":{"unit":"V","value":1.171753},"isc":{"unit":"mA","value":2.224459},"jsc":{"unit":"mA\/cm2","value":23.292767},"fill_factor":{"unit":"%","value":81.967567},"efficiency":{"unit":"%","value":22.371711},"r_s":{"unit":"ohms","value":26.494017},"r_sh":{"unit":"ohms","value":12004.758},"cell_dimension":{"value":0.09550000101127176,"unit":"cm2"},"sweep_direction":{"unit":"","value":"Reverse"},"key":"reverse20_3cell_231114"},{"V":{"value":[1.499975,1.482988,1.466019,1.448996,1.431993,1.415015,1.397988,1.38099,1.364009,1.34699,1.329989,1.312995,1.296008,1.278986,1.262,1.245001,1.227981,1.210994,1.194001,1.176994,1.159981,1.142989,1.126014,1.108985,1.091994,1.075011,1.058021,1.040986,1.024006,1.007011,0.989978552,0.972991467,0.956008434,0.939011574,0.921984911,0.904995203,0.888005257,0.870989561,0.853992939,0.837002993,0.819983244,0.802977085,0.785974979,0.769005537,0.751992464,0.734988928,0.717997789,0.700984716,0.683985472,0.666995525,0.650009871,0.63299942,0.616005659,0.599014282,0.58198905,0.564997911,0.548013449,0.531015396,0.513995647,0.497013807,0.480003595,0.462986469,0.4459939,0.429025888,0.412011623,0.394991636,0.378008604,0.361013412,0.343990803,0.326998234,0.310009718,0.292983055,0.275989056,0.259003401,0.242012262,0.224977255,0.207991123,0.191002131,0.173996925,0.156994343,0.139988899,0.122999907,0.106002808,0.088990688,0.072011232,0.055001974,0.038004637,0.020997107,0.004001141,-0.012998164,-0.029996395,-0.046994925,-0.063992023,-0.08098793,-0.097993135,-0.114993095,-0.131984711,-0.14898324,-0.165992737,-0.182984591,-0.199978828,-0.19998312],"unit":"V"},"I":{"value":[-0.012405738,-0.012351781000000001,-0.011879951,-0.011238828,-0.010550216000000001,-0.009841219,-0.009110987,-0.008379385,-0.0076350870000000005,-0.006887451,-0.006148845,-0.0054132040000000005,-0.004682779,-0.003968433,-0.003268316,-0.002582744,-0.001925677,-0.0012947619999999999,-0.000698313117,-0.000150606036,0.000352561474,0.000785917044,0.0011564490000000001,0.0014515819999999999,0.001681194,0.001843199,0.001959279,0.002035767,0.0020902159999999998,0.002126336,0.002151653,0.002169341,0.00218077,0.0021900680000000003,0.0021939579999999998,0.002199158,0.0022002009999999997,0.002206638,0.0022067130000000003,0.002208382,0.002214134,0.002210394,0.002213016,0.002210945,0.002212539,0.002212673,0.002214268,0.0022153109999999998,0.002214968,0.00221476,0.002214819,0.002216145,0.002218992,0.002216071,0.0022185,0.0022178740000000003,0.0022172480000000002,0.002217039,0.002219051,0.002216905,0.002217188,0.002215445,0.0022206459999999997,0.0022185739999999996,0.002220377,0.0022155200000000003,0.002215385,0.002218232,0.002217114,0.0022206459999999997,0.002217606,0.002218917,0.00221698,0.002217188,0.002213016,0.002217457,0.002215177,0.00221476,0.0022157279999999997,0.002218425,0.0022218969999999996,0.002219617,0.002219751,0.0022173229999999998,0.002215445,0.002218083,0.002218157,0.00221996,0.00221996,0.002219886,0.0022201689999999997,0.0022185,0.002219334,0.00222142,0.002219886,0.002220854,0.002223223,0.002219334,0.002223015,0.002224401,0.0022241179999999998,0.002223223],"unit":"A"},"resistance":{"value":[-120.90979,-120.062694,-123.402757,-128.927681,-135.731112,-143.784529,-153.439829,-164.808072,-178.650054,-195.571648,-216.299068,-242.554193,-276.760501,-322.289903,-386.131553,-482.045729,-637.687843,-935.30229,-1709.836,-7815.049,3290.151,1454.338,973.682507,763.983986,649.534793,583.230947,540.005263,511.34849,489.904414,473.589617,460.101361,448.519405,438.38113,428.759024,420.23826,411.518942,403.60185,394.713307,386.997745,379.011889,370.340431,363.273357,355.160074,347.817596,339.87756,332.172348,324.259682,316.427237,308.801485,301.159335,293.482137,285.630817,277.606135,270.304657,262.334509,254.747533,247.159284,239.515536,231.628574,224.192614,216.492012,208.981248,200.839752,193.379095,185.559282,178.283977,170.62882,162.748299,155.152512,147.253682,139.794787,132.038762,124.488752,116.816141,109.358561,101.457339,93.893689,86.240571,78.528101,70.768371,63.004218,55.414914,47.754358,40.134299,32.504184,24.797082,17.133429,9.458326,1.802348,-5.85533,-13.510863,-21.1832,-28.833883,-36.457723,-44.143327,-51.778769,-59.366372,-67.129699,-74.670099,-82.262425,-89.913787,-89.951876],"unit":"ohms"},"conductance":{"value":[-0.008270629,-0.008328982,-0.008103547,-0.007756286,-0.007367508,-0.006954851,-0.006517213,-0.006067664,-0.005597535,-0.005113216,-0.004623228,-0.00412279,-0.003613232,-0.003102797,-0.002589791,-0.002074492,-0.001568165,-0.001069173,-0.00058485127,-0.000127958245,0.000303937405,0.000687597843,0.001027029,0.001308928,0.001539563,0.001714587,0.001851834,0.001955613,0.002041215,0.002111533,0.002173434,0.002229558,0.00228112,0.002332312,0.002379602,0.002430022,0.002477689,0.002533484,0.002583994,0.00263844,0.002700218,0.002752748,0.002815632,0.00287507,0.002942236,0.003010485,0.003083948,0.003160284,0.003238326,0.003320501,0.003407362,0.003501023,0.003602226,0.003699529,0.003811927,0.003925455,0.004045974,0.004175095,0.004317257,0.00446045,0.004619108,0.004785118,0.004979094,0.00517119,0.005389113,0.005609029,0.005860675,0.006144457,0.006445271,0.006791002,0.007153343,0.007573534,0.008032854,0.008560461,0.009144231,0.009856359,0.010650343,0.011595471,0.012734295,0.014130606,0.015871953,0.018045683,0.020940497,0.024916344,0.03076527,0.040327326,0.058365432,0.10572695,0.554831814,-0.170784554,-0.074014517,-0.047207221,-0.03468142,-0.02742903,-0.022653481,-0.019312935,-0.016844553,-0.014896536,-0.013392242,-0.012156218,-0.011121765,-0.011117056],"unit":"S"},"power":{"value":[-18.6083,-18.317545,-17.41623,-16.285018,-15.10783,-13.925472,-12.737054,-11.571849,-10.414325,-9.277328,-8.177899,-7.107513,-6.068921,-5.075569,-4.124616,-3.215518,-2.364695,-1.567949,-0.833786698,-0.177262342,0.408964447,0.898294848,1.302179,1.609783,1.835853,1.981459,2.072959,2.119205,2.140393,2.141243,2.13009,2.11075,2.084835,2.0565,2.022796,1.990228,1.95379,1.921959,1.884517,1.848422,1.815553,1.774895,1.739375,1.700229,1.663813,1.62629,1.589839,1.552899,1.515006,1.477235,1.439654,1.402819,1.366911,1.327458,1.291143,1.253094,1.215082,1.177282,1.140583,1.101833,1.064258,1.025721,0.990394369,0.951825804,0.914821267,0.875111691,0.837434756,0.800811345,0.762666815,0.726147172,0.687479321,0.650105085,0.611862178,0.574259356,0.535577046,0.498877321,0.460737115,0.4230238,0.385529888,0.348280218,0.311040949,0.273012729,0.235299889,0.197321063,0.159536928,0.121998919,0.084300253,0.04661274,0.008882372,-0.028854436,-0.066597058,-0.10425823,-0.142019689,-0.179908241,-0.217533549,-0.255382895,-0.293431504,-0.330643607,-0.369004316,-0.40703104,-0.444776415,-0.444607161],"unit":"mW"},"J":{"value":[-0.129903018,-0.129338022,-0.12439739,-0.117684066,-0.11047346400000001,-0.103049409,-0.095403007,-0.08774225,-0.079948553,-0.072119904,-0.064385811,-0.056682769,-0.049034338,-0.041554267000000006,-0.034223208,-0.027044436999999998,-0.020164158,-0.013557716,-0.007312179,-0.001577027,0.0036917430000000004,0.008229498,0.012109417,0.015199809,0.017604123000000003,0.019300514,0.020516012,0.021316929999999998,0.021887075,0.022265299,0.0225304,0.022715611,0.022835288,0.022932652999999997,0.022973378,0.023027833,0.023038756,0.023106162,0.023106942,0.023124417999999997,0.023184646,0.023145482000000002,0.023172944,0.023151255,0.023167951,0.023169355,0.023186051,0.023196973,0.023193383999999997,0.0231912,0.023191824,0.023205711,0.023235513,0.023204930999999998,0.023230364,0.023223811,0.023217257,0.023215073,0.023236137,0.023213669,0.023216633,0.023198377,0.023252833,0.023231144000000002,0.023250024,0.023199158,0.023197752999999998,0.023227556,0.023215852999999998,0.023252833,0.023221001999999998,0.023234732999999997,0.023214448999999998,0.023216633,0.023172944,0.023219442,0.023195569,0.0231912,0.023201342,0.023229583999999998,0.02326594,0.023242066999999998,0.023243470999999998,0.023218038,0.023198377,0.023225995000000003,0.023226775,0.023245655,0.023245655,0.023244875,0.02324784,0.023230364,0.023239101999999998,0.023260947,0.023244875,0.023255017,0.023279827,0.023239101999999998,0.023277642,0.023292153,0.023289189000000002,0.023279827],"unit":"A\/cm2"},"power_density":{"value":[-194.851306,-191.80675,-182.368897,-170.523749,-158.197176,-145.816458,-133.37229,-121.171193,-109.050519,-97.144797,-85.632448,-74.424217,-63.548912,-53.147316,-43.189692,-33.670341,-24.7612,-16.41831,-8.730751,-1.85615,4.28235,9.406229,13.635379,16.856363,19.223593,20.748261,21.706373,22.190632,22.412494,22.421395,22.304612,22.102096,21.830728,21.534027,21.181108,20.840079,20.458536,20.125226,19.733165,19.355207,19.011022,18.585292,18.213354,17.803444,17.422125,17.02922,16.647533,16.260724,15.863938,15.468427,15.074915,14.689202,14.313208,13.900085,13.519818,13.121405,12.723369,12.327561,11.943273,11.537514,11.144067,10.740535,10.370622,9.966762,9.57928,9.163473,8.76895,8.385459,7.98604,7.603635,7.198736,6.807383,6.406934,6.013187,5.608137,5.223846,4.824472,4.429569,4.036962,3.646913,3.256973,2.858772,2.463873,2.066189,1.670544,1.277476,0.882725163,0.488091515,0.093009136,-0.302140694,-0.697351391,-1.091709,-1.487117,-1.883856,-2.277838,-2.674166,-3.072581,-3.462237,-3.86392,-4.262105,-4.657345,-4.655572],"unit":"mW\/cm2"},"timestamps":{"value":[0.018,0.04,0.066,0.089,0.111,0.133,0.157,0.183,0.204,0.227,0.249,0.271,0.293,0.315,0.339,0.376,0.4,0.423,0.447,0.468,0.492,0.516,0.538,0.56,0.581,0.603,0.625,0.648,0.672,0.694,0.715,0.738,0.76,0.783,0.805,0.83,0.852,0.873,0.896,0.918,0.946,0.969,0.998,1.02,1.041,1.064,1.086,1.111,1.14,1.163,1.184,1.205,1.238,1.273,1.295,1.32,1.344,1.367,1.388,1.411,1.435,1.459,1.483,1.507,1.53,1.553,1.579,1.607,1.628,1.649,1.67,1.692,1.716,1.74,1.761,1.781,1.804,1.828,1.852,1.878,1.901,1.923,1.945,1.967,1.992,2.015,2.038,2.066,2.087,2.11,2.139,2.179,2.208,2.229,2.25,2.273,2.296,2.32,2.341,2.357,2.378,2.397],"unit":"s"},"p_max":{"unit":"mW","value":2.141243},"v_p_max":{"unit":"V","value":1.007011},"i_p_max":{"unit":"mA","value":2.126336},"j_p_max":{"unit":"mA\/cm2","value":22.265299},"voc":{"unit":"V","value":1.171901},"isc":{"unit":"mA","value":2.219943},"jsc":{"unit":"mA\/cm2","value":23.245472},"fill_factor":{"unit":"%","value":82.306326},"efficiency":{"unit":"%","value":22.421395},"r_s":{"unit":"ohms","value":28.191361},"r_sh":{"unit":"ohms","value":14121.243},"cell_dimension":{"value":0.09549999831412692,"unit":"cm2"},"sweep_direction":{"unit":"","value":"Reverse"},"key":"reverse20_2cell_231114"},{"V":{"value":[1.499983,1.482985,1.466021,1.448995,1.431994,1.415012,1.397994,1.380992,1.364006,1.346987,1.329989,1.312995,1.296008,1.27899,1.262003,1.245002,1.227979,1.210994,1.194001,1.177009,1.159993,1.143004,1.12601,1.108981,1.091993,1.07501,1.058017,1.040987,1.024003,1.007009,0.989978552,0.972991467,0.956004143,0.939011574,0.921984911,0.904993773,0.888012171,0.870982647,0.85399437,0.837005854,0.81997776,0.802992105,0.78599,0.768998623,0.751980305,0.734987736,0.71799922,0.700983286,0.683986664,0.666992903,0.65000844,0.632998228,0.616004229,0.599014282,0.58198905,0.565000534,0.548012018,0.531013966,0.513995647,0.497008562,0.480005026,0.462985039,0.446000814,0.429013729,0.412014246,0.395004034,0.378015518,0.361010551,0.343987942,0.327000856,0.310009718,0.292981625,0.275990486,0.259004831,0.242012262,0.224981308,0.207992554,0.190999508,0.173994064,0.156994343,0.139994383,0.122997284,0.106001377,0.088996172,0.071996212,0.05499649,0.038014174,0.020998508,0.004000455,-0.01299718,-0.029996395,-0.046990871,-0.063993454,-0.0809865,-0.097993135,-0.114991665,-0.131984711,-0.14898324,-0.165991306,-0.182988644,-0.199978828,-0.19998312],"unit":"V"},"I":{"value":[-0.009438306,-0.009393021,-0.00908637,-0.008585691000000001,-0.008062676,-0.007521212,-0.006962702,-0.006407022,-0.005839139,-0.005276248,-0.004709691,-0.004149154,-0.003595904,-0.003045365,-0.0025102790000000002,-0.001983374,-0.001470983,-0.000981390476,-0.0005120486020000001,-7.2389841e-5,0.00033377111,0.0007054805760000001,0.001027867,0.001310468,0.001535907,0.0017178059999999999,0.0018527659999999998,0.0019547049999999997,0.002028629,0.002075434,0.00211136,0.0021370200000000003,0.002151161,0.002164543,0.002172589,0.00217995,0.002185971,0.0021877140000000003,0.002191588,0.002194718,0.002195269,0.0021988,0.002200052,0.0022027640000000003,0.00220421,0.002204418,0.002207056,0.002204284,0.002203941,0.002202824,0.002205953,0.002202898,0.0022085159999999998,0.002202481,0.002205402,0.0022037330000000003,0.002203941,0.0022040750000000002,0.002203181,0.002208233,0.002204567,0.002202407,0.002203599,0.00220421,0.00220491,0.002204284,0.002205253,0.002209142,0.00220491,0.002204984,0.0022074729999999997,0.002205253,0.002209902,0.002207056,0.002207607,0.002209216,0.00220491,0.002205804,0.00220643,0.002206787,0.00220421,0.002208799,0.00220789,0.002208382,0.002207056,0.002205253,0.0022058779999999997,0.002207965,0.002209142,0.002207339,0.002206296,0.00220713,0.0022058779999999997,0.0022134330000000003,0.0022106020000000003,0.002211988,0.0022094849999999997,0.002211288,0.002211988,0.002208024,0.002210945,0.0022106020000000003],"unit":"A"},"resistance":{"value":[-158.925055,-157.8816,-161.342893,-168.768543,-177.607786,-188.136213,-200.78324,-215.543445,-233.597109,-255.292686,-282.394214,-316.448965,-360.412437,-419.979195,-502.733958,-627.719133,-834.801896,-1233.957,-2331.812,-16259.307,3475.414,1620.178,1095.482,846.24834,710.975561,625.803886,571.047395,532.55491,504.775972,485.20425,468.881834,455.30288,444.413017,433.815228,424.371468,415.144189,406.23245,398.124551,389.669162,381.37293,373.520425,365.195535,357.259714,349.1062,341.156447,333.415747,325.319938,318.009505,310.347036,302.789953,294.661056,287.347917,278.922239,271.972505,263.892542,256.38342,248.650909,240.923678,233.297018,225.070719,217.732091,210.217793,202.396576,194.633821,186.862167,179.198334,171.415968,163.416646,156.009975,148.300756,140.436476,132.856263,124.888122,117.353102,109.626514,101.837607,94.331542,86.58952,78.857737,71.141578,63.512284,55.685138,48.010259,40.299267,32.620931,24.938862,17.233122,9.510346,1.810864,-5.888167,-13.595818,-21.290485,-29.010417,-36.588632,-44.328707,-51.985665,-59.73552,-67.373977,-75.041686,-82.874381,-90.449486,-90.46545],"unit":"ohms"},"conductance":{"value":[-0.006292274,-0.00633386,-0.00619798,-0.005925275,-0.005630384,-0.005315298,-0.004980495,-0.004639436,-0.004280875,-0.003917073,-0.003541149,-0.003160067,-0.002774599,-0.00238107,-0.001989124,-0.001593069,-0.001197889,-0.000810400931,-0.000428850995,-6.1503237e-5,0.000287735468,0.000617215966,0.000912839865,0.001181686,0.001406518,0.001597945,0.001751168,0.001877741,0.001981077,0.002060988,0.002132734,0.00219634,0.002250159,0.002305129,0.002356426,0.002408802,0.002461645,0.002511777,0.00256628,0.002622105,0.00267723,0.002738259,0.002799084,0.002864458,0.002931207,0.002999258,0.003073897,0.00314456,0.003222199,0.003302619,0.00339373,0.003480102,0.003585229,0.003676842,0.003789421,0.003900408,0.004021703,0.004150692,0.004286381,0.004443048,0.0045928,0.004756971,0.004940795,0.005137853,0.005351538,0.005580409,0.005833762,0.006119328,0.006409847,0.006743054,0.007120657,0.007526932,0.008007167,0.008521292,0.009121881,0.009819555,0.010600908,0.011548742,0.012681064,0.014056478,0.015744986,0.017958113,0.020828882,0.024814347,0.030655164,0.040098061,0.05802779,0.105148646,0.552222628,-0.169832131,-0.073552029,-0.04696934,-0.034470377,-0.027330893,-0.022558745,-0.019236072,-0.016740459,-0.014842526,-0.013325927,-0.012066455,-0.011055895,-0.011053944],"unit":"S"},"power":{"value":[-14.157302,-13.929712,-13.320813,-12.440621,-11.545703,-10.642608,-9.733814,-8.848045,-7.964621,-7.10704,-6.263839,-5.44782,-4.660321,-3.894992,-3.167979,-2.469305,-1.806337,-1.188458,-0.611386644,-0.085203468,0.387172128,0.806367414,1.157389,1.453284,1.6772,1.846658,1.960258,2.034823,2.077323,2.089981,2.090202,2.079302,2.056519,2.032531,2.003095,1.972842,1.941168,1.905461,1.871604,1.836991,1.800072,1.765619,1.729219,1.693923,1.657522,1.62022,1.584664,1.545166,1.507466,1.469268,1.433888,1.394431,1.360455,1.319318,1.28352,1.24511,1.207786,1.170395,1.132426,1.097511,1.058203,1.019681,0.982806779,0.945636166,0.908454298,0.870701101,0.833619722,0.797523518,0.758462425,0.721031796,0.684338057,0.646098503,0.609911875,0.571638086,0.534267972,0.497032385,0.458604845,0.421307477,0.383905695,0.346453148,0.308576958,0.271676293,0.234039397,0.196537535,0.158899649,0.121281156,0.083854648,0.046363963,0.008837573,-0.02868918,-0.066180918,-0.103714971,-0.141161784,-0.179258222,-0.216623837,-0.25436018,-0.291618183,-0.329444794,-0.367170773,-0.404043365,-0.442142169,-0.442083118],"unit":"mW"},"J":{"value":[-0.09883043000000001,-0.098356246,-0.095145241,-0.08990252800000001,-0.084425922,-0.078756148,-0.072907871,-0.06708924100000001,-0.061142819,-0.055248669,-0.049316134,-0.043446637,-0.03765344,-0.031888641,-0.026285647999999998,-0.020768318,-0.015402964000000002,-0.01027634,-0.005361765,-0.0007580088069999999,0.003494985,0.007387231,0.010763007,0.013722175,0.016082799999999998,0.017987496,0.019400688,0.020468109999999998,0.02124219,0.021732289999999998,0.022108486,0.022377175000000003,0.022525251,0.022665368,0.022749626,0.022826706999999998,0.022889744,0.022908,0.022948568000000003,0.022981335000000002,0.022987109,0.023024087999999998,0.023037195,0.023065593,0.023080728000000002,0.023082913,0.023110531,0.023081509,0.02307792,0.023066217000000003,0.023098984000000003,0.023066998000000002,0.023125822,0.023062629,0.023093211,0.023075735,0.02307792,0.023079324,0.023069962,0.023122857,0.023084472999999998,0.023061848000000003,0.023074331,0.023080728000000002,0.023088062,0.023081509,0.023091650999999998,0.023132375,0.023088062,0.023088842,0.023114899999999997,0.023091650999999998,0.023140333,0.023110531,0.023116304,0.023133156,0.023088062,0.023097424000000002,0.023103977,0.023107722,0.023080728000000002,0.023128786999999998,0.023119268999999998,0.023124417999999997,0.023110531,0.023091650999999998,0.023098204,0.023120049,0.023132375,0.023113495,0.023102573,0.023111311,0.023098204,0.023177313,0.023147666999999997,0.023162178000000002,0.023135964000000002,0.023154844,0.023162178000000002,0.023120673,0.023151255,0.023147666999999997],"unit":"A\/cm2"},"power_density":{"value":[-148.243996,-145.860862,-139.484949,-130.268281,-120.897411,-111.440922,-101.924752,-92.649684,-83.399175,-74.419265,-65.589937,-57.045236,-48.799173,-40.785254,-33.172559,-25.856598,-18.914522,-12.444584,-6.401954,-0.892182907,4.054158,8.443638,12.119258,15.217633,17.562299,19.336731,20.526258,21.307047,21.752072,21.884618,21.886927,21.772801,21.534233,21.283043,20.974812,20.658027,20.326371,19.95247,19.597948,19.235512,18.848918,18.488161,18.107005,17.737409,17.356253,16.965658,16.593343,16.179752,15.784989,15.385003,15.014535,14.601369,14.245604,13.814844,13.439996,13.037803,12.646977,12.255443,11.85786,11.492258,11.080663,10.677291,10.29117,9.901949,9.51261,9.117289,8.729002,8.351032,7.942015,7.550071,7.165844,6.765429,6.386512,5.985739,5.594429,5.204528,4.802145,4.411597,4.019955,3.627782,3.231172,2.844778,2.450674,2.057985,1.663871,1.26996,0.87805914,0.485486523,0.09254003,-0.300410265,-0.69299391,-1.086021,-1.478134,-1.877049,-2.268312,-2.663457,-3.053594,-3.449684,-3.84472,-4.230821,-4.629761,-4.629143],"unit":"mW\/cm2"},"timestamps":{"value":[0.019,0.041,0.076,0.099,0.123,0.147,0.17,0.196,0.219,0.243,0.266,0.289,0.312,0.335,0.36,0.382,0.406,0.43,0.452,0.473,0.496,0.52,0.544,0.566,0.594,0.618,0.642,0.665,0.689,0.715,0.75,0.774,0.801,0.824,0.848,0.884,0.906,0.927,0.949,0.97,0.995,1.016,1.04,1.064,1.086,1.109,1.131,1.158,1.18,1.201,1.225,1.246,1.274,1.295,1.317,1.339,1.365,1.389,1.413,1.439,1.462,1.488,1.51,1.531,1.557,1.578,1.604,1.626,1.662,1.698,1.722,1.744,1.767,1.789,1.811,1.834,1.865,1.889,1.911,1.932,1.954,1.976,1.998,2.019,2.043,2.067,2.091,2.115,2.148,2.171,2.195,2.218,2.241,2.265,2.288,2.311,2.333,2.354,2.378,2.401,2.426,2.446],"unit":"s"},"p_max":{"unit":"mW","value":2.090202},"v_p_max":{"unit":"V","value":0.989978552},"i_p_max":{"unit":"mA","value":2.11136},"j_p_max":{"unit":"mA\/cm2","value":22.108486},"voc":{"unit":"V","value":1.173976},"isc":{"unit":"mA","value":2.208717},"jsc":{"unit":"mA\/cm2","value":23.127932},"fill_factor":{"unit":"%","value":80.609977},"efficiency":{"unit":"%","value":21.886927},"r_s":{"unit":"ohms","value":36.926506},"r_sh":{"unit":"ohms","value":13009.219},"cell_dimension":{"value":0.09549999934230782,"unit":"cm2"},"sweep_direction":{"unit":"","value":"Reverse"},"key":"reverse20_1cell_231114"},{"V":{"value":[-0.199951649,-0.182985783,-0.165987253,-0.148982048,-0.131984711,-0.114997149,-0.097993135,-0.080989122,-0.063992023,-0.04698801,-0.029992342,-0.012996465,0.004001141,0.020998359,0.038004637,0.055006027,0.071981192,0.088993311,0.105994701,0.12300539,0.139994383,0.156991482,0.173999548,0.190996647,0.207995176,0.224982738,0.242012262,0.25900197,0.275986433,0.292985678,0.310007095,0.326994181,0.34398675,0.361013412,0.37800312,0.394995689,0.412011623,0.429013729,0.446006298,0.462985039,0.480005026,0.497008562,0.513992786,0.531013966,0.548013449,0.565001965,0.581991673,0.599017143,0.616006851,0.632998228,0.650011063,0.666991472,0.683989525,0.70098877,0.717996359,0.734992981,0.751992464,0.769005537,0.785992622,0.802990675,0.81997633,0.836994886,0.853991508,0.870990992,0.88800931,0.904993773,0.921986341,0.939011574,0.956008434,0.972992659,0.989978552,1.007005,1.024006,1.040986,1.05802,1.075015,1.091994,1.108977,1.126019,1.143,1.159996,1.17702,1.194015,1.210992,1.227981,1.244999,1.262,1.27899,1.296002,1.313002,1.329989,1.346983,1.364005,1.38099,1.39799,1.415015,1.431993,1.448997,1.46602,1.482985,1.499983,1.500001],"unit":"V"},"I":{"value":[0.0005128234619999999,0.002218232,0.002217397,0.002216145,0.002217397,0.002217665,0.0022201689999999997,0.002218634,0.002220854,0.0022150280000000004,0.002214342,0.002214268,0.002216071,0.002216697,0.0022153109999999998,0.002217665,0.002214625,0.0022162199999999996,0.002214476,0.0022152359999999998,0.002213642,0.002214,0.0022140590000000004,0.002214968,0.002214625,0.002216145,0.002214134,0.002213225,0.002213299,0.002213299,0.002211213,0.002211705,0.002210811,0.002215177,0.002213091,0.0022129569999999998,0.002211988,0.002214417,0.0022123309999999997,0.002213016,0.0022140590000000004,0.002210185,0.0022128820000000002,0.0022118389999999997,0.002213165,0.0022124049999999998,0.002211988,0.002209768,0.0022124049999999998,0.0022090670000000003,0.0022124049999999998,0.0022134330000000003,0.002210811,0.002211422,0.002209142,0.002206579,0.0022076820000000003,0.002205461,0.002202973,0.002202615,0.00220193,0.002200335,0.002194166,0.002189726,0.002186179,0.0021807099999999998,0.00217405,0.0021649,0.002149567,0.0021345170000000003,0.002107129,0.0020724529999999997,0.002026066,0.001959905,0.001864061,0.001730502,0.001548469,0.001307622,0.001008525,0.000643476844,0.000223994255,-0.000253453851,-0.0007749348879999999,-0.0013410899999999999,-0.0019407270000000002,-0.002571508,-0.0032287089999999997,-0.003910184,-0.0046143980000000005,-0.005331382,-0.006066382,-0.0068225410000000005,-0.007585435999999999,-0.008360177,-0.009147748,-0.009939969,-0.010740504,-0.011559010000000002,-0.012395814,-0.013242677000000001,-0.014102653,-0.014140651],"unit":"A"},"resistance":{"value":[-389.903472,-82.491741,-74.856801,-67.225755,-59.522361,-51.855051,-44.137698,-36.50405,-28.814149,-21.213282,-13.544582,-5.869419,1.805511,9.472815,17.155441,24.803575,32.502648,40.155452,47.864451,55.526981,63.241655,70.90854,78.588479,86.229972,93.918894,101.519846,109.303362,117.024703,124.694584,132.375084,140.197747,147.847115,155.593031,162.972729,170.80327,178.492293,186.263049,193.736661,201.600194,209.209968,216.798638,224.871935,232.273016,240.078041,247.615252,255.379061,263.107973,271.076975,278.433105,286.545464,293.802899,301.337947,309.384019,316.985567,325.011433,333.091646,340.625426,348.682405,356.787262,364.562406,372.389879,380.394252,389.21004,397.762613,406.192377,414.999515,424.087075,433.743564,444.744654,455.837425,469.823531,485.900029,505.415814,531.141195,567.588601,621.215858,705.208669,848.086971,1116.5,1776.288,5178.684,-4643.921,-1540.794,-902.991367,-632.742629,-484.151428,-390.868314,-327.09204,-280.860408,-246.27804,-219.239317,-197.431333,-179.818878,-165.18672,-152.823372,-142.356082,-133.326385,-125.356545,-118.267352,-111.985309,-106.361785,-106.07724],"unit":"ohms"},"conductance":{"value":[-0.002564737,-0.012122426,-0.01335884,-0.014875251,-0.016800409,-0.019284524,-0.02265637,-0.027394221,-0.034705172,-0.047140277,-0.073830258,-0.170374625,0.55385979,0.105565238,0.058290543,0.040316769,0.030766724,0.024903219,0.020892332,0.018009263,0.015812363,0.014102674,0.012724511,0.011596896,0.010647485,0.009850291,0.009148849,0.008545204,0.008019594,0.007554292,0.007132782,0.006763744,0.006427023,0.006135996,0.005854689,0.005602483,0.005368751,0.005161646,0.004960313,0.004779887,0.004612575,0.004446976,0.004305278,0.004165312,0.004038523,0.003915748,0.003800721,0.003688989,0.003591527,0.003489848,0.003403642,0.003318533,0.003232229,0.003154718,0.003076815,0.003002177,0.002935776,0.002867939,0.002802791,0.002743015,0.002685358,0.002628852,0.002569307,0.002514062,0.002461888,0.002409641,0.002358006,0.00230551,0.002248481,0.002193765,0.002128459,0.002058037,0.001978569,0.001882739,0.001761839,0.001609746,0.00141802,0.001179124,0.000895656216,0.000562971687,0.000193099236,-0.000215335285,-0.000649016156,-0.00110743,-0.001580421,-0.002065469,-0.002558406,-0.003057243,-0.003560488,-0.004060451,-0.004561226,-0.005065052,-0.005561151,-0.006053755,-0.006543502,-0.007024638,-0.007500391,-0.007977246,-0.008455419,-0.008929743,-0.009401873,-0.009427093],"unit":"S"},"power":{"value":[-0.102539897,-0.405904838,-0.368059653,-0.33016588,-0.292662514,-0.255025188,-0.217561293,-0.179685212,-0.142116952,-0.10407975,-0.066413313,-0.028777655,0.008866811,0.046546993,0.084192087,0.121984959,0.159411381,0.197228747,0.234722772,0.272486021,0.309897446,0.347579082,0.385245306,0.4230515,0.460631417,0.49859446,0.535847515,0.573229576,0.610840572,0.648464988,0.685491754,0.723214615,0.760489614,0.799708543,0.836555175,0.874108297,0.911364755,0.950015236,0.986713425,1.024593,1.06276,1.098481,1.137405,1.174517,1.212844,1.250013,1.287359,1.323689,1.362857,1.398336,1.438088,1.476341,1.512171,1.550182,1.586156,1.62182,1.66016,1.696012,1.73152,1.768679,1.80553,1.841669,1.873799,1.907231,1.941347,1.973529,2.004444,2.032866,2.055004,2.076869,2.086012,2.086971,2.074704,2.040234,1.972213,1.860315,1.690919,1.450122,1.135618,0.735494267,0.25983234,-0.298320149,-0.925283716,-1.624049,-2.383176,-3.201526,-4.074631,-5.001086,-5.980267,-7.000117,-8.068224,-9.18985,-10.34657,-11.545323,-12.788458,-14.065204,-15.380321,-16.748976,-18.172513,-19.638695,-21.153744,-21.210993],"unit":"mW"},"J":{"value":[0.005369879,0.023227556,0.023218818,0.023205711,0.023218818,0.023221626000000002,0.02324784,0.023231768,0.023255017,0.023194008,0.023186831,0.023186051,0.023204930999999998,0.023211483999999998,0.023196973,0.023221626000000002,0.023189796000000002,0.023206491,0.023188234999999998,0.023196193,0.023179497,0.023183242,0.023183865999999997,0.023193383999999997,0.023189796000000002,0.023205711,0.023184646,0.023175128,0.023175909,0.023175909,0.023154064000000002,0.023159213,0.023149851000000003,0.023195569,0.023173724,0.02317232,0.023162178000000002,0.023187611,0.023165766,0.023172944,0.023183865999999997,0.023143298000000003,0.02317154,0.023160616999999998,0.023174504,0.023166547000000003,0.023162178000000002,0.023138929000000003,0.023166547000000003,0.023131595,0.023166547000000003,0.023177313,0.023149851000000003,0.023156248,0.023132375,0.023105538,0.023117084,0.023093835,0.023067778,0.023064032999999998,0.023056854999999998,0.02304016,0.022975562,0.022929064,0.022891928,0.022834664,0.022764917,0.022669112999999998,0.022508555,0.022350962,0.022064173,0.021701084000000002,0.021215353,0.020522566000000003,0.019518961,0.018120436,0.016214336,0.013692373,0.010560476,0.006737977,0.00234549,-0.002653967,-0.008114501000000001,-0.014042823,-0.020321751,-0.026926788,-0.033808472,-0.040944334,-0.048318302,-0.055825991000000005,-0.06352232399999999,-0.071440224,-0.07942865,-0.087541123,-0.095787941,-0.104083441,-0.112466007,-0.121036749,-0.1297991,-0.138666773,-0.147671756,-0.14806964],"unit":"A\/cm2"},"power_density":{"value":[-1.073716,-4.250312,-3.854028,-3.457234,-3.064529,-2.670421,-2.278129,-1.881521,-1.488136,-1.08984,-0.695427364,-0.301336697,0.092846191,0.487403071,0.881592537,1.277329,1.669229,2.065222,2.45783,2.853257,3.244999,3.639572,4.033982,4.429859,4.823366,5.220884,5.610969,6.002404,6.396236,6.790209,7.177924,7.572928,7.963242,8.373911,8.75974,9.152966,9.543086,9.947804,10.332078,10.728726,11.128372,11.502417,11.910004,12.298611,12.69994,13.089144,13.480195,13.860615,14.270751,14.642259,15.058512,15.45907,15.834256,16.23227,16.608961,16.982408,17.383873,17.759287,18.131103,18.520203,18.906076,19.284496,19.620935,19.971008,20.328246,20.665229,20.988943,21.28656,21.518368,21.747322,21.843058,21.853105,21.724646,21.36371,20.651444,19.479742,17.705954,15.184524,11.891292,7.701511,2.720757,-3.123771,-9.688835,-17.005751,-24.954721,-33.523836,-42.666295,-52.367395,-62.620601,-73.299657,-84.48402,-96.228798,-108.341045,-120.893439,-133.910559,-147.279628,-161.050482,-175.381947,-190.288091,-205.640781,-221.505169,-222.104637],"unit":"mW\/cm2"},"timestamps":{"value":[0.019,0.043,0.066,0.089,0.118,0.139,0.16,0.186,0.208,0.234,0.256,0.294,0.322,0.345,0.371,0.393,0.415,0.438,0.459,0.481,0.504,0.527,0.55,0.572,0.601,0.624,0.648,0.669,0.692,0.713,0.737,0.76,0.783,0.805,0.828,0.849,0.875,0.897,0.918,0.941,0.963,0.987,1.012,1.035,1.057,1.078,1.1,1.123,1.146,1.172,1.201,1.224,1.246,1.267,1.294,1.315,1.338,1.361,1.382,1.406,1.427,1.454,1.476,1.499,1.521,1.543,1.571,1.593,1.615,1.639,1.662,1.688,1.714,1.738,1.762,1.784,1.806,1.828,1.851,1.872,1.9,1.925,1.948,1.973,1.996,2.022,2.048,2.079,2.108,2.13,2.152,2.176,2.199,2.222,2.246,2.27,2.292,2.315,2.337,2.366,2.389,2.411],"unit":"s"},"p_max":{"unit":"mW","value":2.086971},"v_p_max":{"unit":"V","value":1.007005},"i_p_max":{"unit":"mA","value":2.072453},"j_p_max":{"unit":"mA\/cm2","value":21.701084},"voc":{"unit":"V","value":1.167982},"isc":{"unit":"mA","value":2.215646},"jsc":{"unit":"mA\/cm2","value":23.200487},"fill_factor":{"unit":"%","value":80.64543},"efficiency":{"unit":"%","value":21.853105},"r_s":{"unit":"ohms","value":27.427619},"r_sh":{"unit":"ohms","value":248.081444},"cell_dimension":{"value":0.09550000325891886,"unit":"cm2"},"sweep_direction":{"unit":"","value":"Forward"},"key":"forward20_4cell_231114"},{"V":{"value":[-0.199965239,-0.182987213,-0.165991306,-0.148982048,-0.131984711,-0.114998579,-0.097995996,-0.0809865,-0.063989401,-0.046993494,-0.029994965,-0.013002545,0.004000723,0.020999342,0.038006067,0.055007219,0.071996212,0.088993311,0.106000185,0.123001337,0.139992952,0.156994343,0.173998117,0.191003561,0.207993746,0.224980116,0.242010832,0.259006023,0.275987864,0.292987108,0.310009718,0.327003717,0.34400034,0.361028433,0.377997637,0.394990206,0.412011623,0.429012299,0.446003437,0.462983847,0.480006456,0.497011185,0.513995647,0.531012774,0.548013449,0.565000534,0.58199048,0.599015713,0.616006851,0.633000851,0.650005579,0.666994095,0.683984041,0.700980663,0.7179842,0.734992981,0.751991034,0.76900816,0.785991192,0.802992105,0.819983244,0.83700037,0.853995562,0.870986938,0.88801074,0.904992342,0.921987772,0.939014435,0.956007004,0.972994089,0.989979744,1.007008,1.024004,1.040983,1.058018,1.074993,1.092013,1.10898,1.126014,1.143004,1.159993,1.17701,1.194,1.210995,1.227977,1.244998,1.262,1.278993,1.296003,1.313,1.329992,1.346987,1.364003,1.380989,1.39799,1.415015,1.432006,1.448993,1.466017,1.482987,1.499986,1.499983],"unit":"V"},"I":{"value":[0.0012289879999999999,0.002221003,0.002220929,0.00222683,0.002224818,0.00222446,0.0022264719999999997,0.002224326,0.002224877,0.002222806,0.002225995,0.00222072,0.0022264119999999997,0.002223223,0.0022264719999999997,0.002223074,0.0022234919999999997,0.002223432,0.002221629,0.002227098,0.002224043,0.0022260550000000002,0.002223834,0.002223149,0.002224877,0.002224743,0.0022220309999999997,0.002224877,0.002223149,0.00222072,0.002219751,0.0022206459999999997,0.002220303,0.0022206459999999997,0.002220586,0.002223149,0.0022235659999999997,0.002225295,0.002221838,0.002220303,0.0022212710000000004,0.0022172480000000002,0.0022212119999999998,0.002218425,0.002220437,0.002216831,0.002224043,0.002217606,0.0022220309999999997,0.002217188,0.0022188430000000003,0.00221774,0.0022194090000000003,0.002219617,0.002218157,0.0022185,0.0022152359999999998,0.002216563,0.002211988,0.002211988,0.002209142,0.002210811,0.00220713,0.002203181,0.002200544,0.002198189,0.002190411,0.002182513,0.0021704439999999997,0.002157897,0.00213854,0.0021122550000000004,0.002074808,0.002014622,0.0019336940000000001,0.001809284,0.00164035,0.0014080999999999998,0.001106381,0.0007368177179999999,0.000297576189,-0.000200614333,-0.000754132867,-0.001351833,-0.001989767,-0.002662078,-0.0033662320000000003,-0.004089311,-0.004841998,-0.005610988,-0.006395444,-0.007200837,-0.008016764999999999,-0.008850738,-0.009693652,-0.010550216000000001,-0.011418863999999999,-0.012295261,-0.013189003,-0.014082267999999998,-0.014986679000000001,-0.01502046],"unit":"A"},"resistance":{"value":[-162.707212,-82.389442,-74.739594,-66.903212,-59.323827,-51.697296,-44.014028,-36.409454,-28.760865,-21.141516,-13.474857,-5.855103,1.796937,9.445448,17.070086,24.74376,32.379798,40.025199,47.71282,55.229429,62.945254,70.525825,78.24239,85.915774,93.485483,101.126323,108.914229,116.413612,124.142768,131.933383,139.659652,147.256152,154.933974,162.578145,170.224277,177.671499,185.293169,192.788981,200.736287,208.522839,216.095367,224.156777,231.403259,239.364733,246.80433,254.868581,261.681306,270.118223,277.226894,285.497087,292.948047,300.753988,308.182997,315.811488,323.685015,331.301805,339.463104,346.937258,355.332489,363.018296,371.177271,378.594305,386.925775,395.331471,403.541483,411.698966,420.919971,430.244507,440.466194,450.899278,462.923151,476.745504,493.54182,516.713999,547.148758,594.153864,665.719736,787.571622,1017.745,1551.272,3898.138,-5867.029,-1583.275,-895.816931,-617.146041,-467.67908,-374.899922,-312.764846,-267.658683,-234.005104,-207.959328,-187.059846,-170.143837,-156.030945,-144.217029,-134.121899,-125.407076,-117.849751,-111.154517,-105.308797,-100.087963,-99.862675],"unit":"ohms"},"conductance":{"value":[-0.006146009,-0.012137477,-0.013379789,-0.014946965,-0.016856633,-0.019343372,-0.022720029,-0.027465394,-0.034769469,-0.047300297,-0.074212292,-0.170791188,0.556502436,0.105871099,0.058582012,0.04041423,0.030883454,0.024984261,0.020958728,0.018106289,0.015886821,0.014179203,0.012780796,0.011639306,0.010696848,0.009888622,0.009181537,0.008590061,0.008055242,0.007579583,0.007160264,0.006790888,0.006454362,0.006150888,0.005874603,0.005628365,0.005396853,0.005187018,0.00498166,0.004795638,0.004627586,0.004461163,0.00432146,0.004177725,0.004051793,0.003923591,0.003821442,0.003702083,0.003607154,0.003502663,0.003413575,0.003324977,0.003244825,0.003166446,0.003089423,0.003018396,0.002945828,0.002882366,0.002814266,0.002754682,0.00269413,0.00264135,0.002584475,0.002529523,0.00247806,0.002428959,0.002375749,0.00232426,0.002270322,0.00221779,0.002160186,0.002097555,0.002026171,0.001935307,0.001827657,0.001683066,0.001502134,0.001269726,0.000982564119,0.000644632432,0.00025653276,-0.000170444026,-0.000631602189,-0.0011163,-0.001620362,-0.002138218,-0.002667379,-0.00319729,-0.003736101,-0.004273411,-0.004808633,-0.005345883,-0.00587738,-0.006408985,-0.006933994,-0.007455904,-0.007974032,-0.008485381,-0.008996485,-0.009495883,-0.009991211,-0.010013751],"unit":"S"},"power":{"value":[-0.245754913,-0.406415181,-0.368654851,-0.331757624,-0.293641943,-0.255809767,-0.218185333,-0.180140388,-0.142368577,-0.104457431,-0.066768643,-0.028875012,0.00890726,0.04668623,0.084619441,0.122285143,0.160082978,0.197870581,0.235493088,0.273936001,0.311350347,0.34947799,0.386942998,0.424629365,0.4627606,0.50052302,0.537755657,0.576256668,0.613562127,0.650642346,0.688144529,0.726159349,0.763784924,0.801716182,0.839376238,0.878122058,0.916135109,0.954678798,0.990947224,1.027964,1.066225,1.101997,1.141693,1.178012,1.216829,1.252511,1.294372,1.328381,1.368787,1.403482,1.44226,1.479219,1.51804,1.555909,1.592602,1.630582,1.665838,1.704555,1.738603,1.776209,1.811459,1.850449,1.884879,1.918942,1.954107,1.989345,2.019532,2.049412,2.074959,2.099621,2.117111,2.127057,2.124613,2.097188,2.045883,1.944968,1.791283,1.561554,1.245801,0.842185906,0.345186276,-0.236125088,-0.900434468,-1.637064,-2.443388,-3.314281,-4.248185,-5.230198,-6.275244,-7.367225,-8.505892,-9.699438,-10.934893,-12.222773,-13.551627,-14.928713,-16.351886,-17.815753,-19.335306,-20.883816,-22.479811,-22.530439],"unit":"mW"},"J":{"value":[0.012868985999999999,0.023256578,0.023255797999999998,0.023317587,0.023296522,0.023292777,0.023313842,0.023291373,0.023297146,0.023275458,0.023308849,0.023253613000000003,0.023313218,0.023279827,0.023313842,0.023278266,0.023282635,0.023282011000000002,0.023263131000000003,0.023320395,0.023288408,0.023309473,0.023286224,0.023279046999999997,0.023297146,0.023295742,0.023267344000000002,0.023297146,0.023279046999999997,0.023253613000000003,0.023243470999999998,0.023252833,0.023249244000000002,0.023252833,0.023252209,0.023279046999999997,0.023283415000000002,0.023301515,0.023265315999999998,0.023249244000000002,0.023259386,0.023217257,0.023258762000000002,0.023229583999999998,0.023250648000000002,0.023212888,0.023288408,0.023221001999999998,0.023267344000000002,0.023216633,0.023233952999999998,0.023222406,0.023239882,0.023242066999999998,0.023226775,0.023230364,0.023196193,0.02321008,0.023162178000000002,0.023162178000000002,0.023132375,0.023149851000000003,0.023111311,0.023069962,0.023042344,0.023017691,0.022936242,0.022853544,0.022727156999999998,0.022595778,0.022393090999999997,0.022117848,0.021725737,0.021095519,0.020248104000000003,0.018945383,0.017176436,0.014744503999999999,0.011585146,0.007715369,0.0031159810000000003,-0.0021006740000000003,-0.007896679,-0.014155323,-0.020835256,-0.027875158,-0.035248502,-0.042820008,-0.050701552,-0.058753796000000004,-0.066968003,-0.075401436,-0.08394518399999999,-0.092677889,-0.10150421400000001,-0.11047346400000001,-0.11956925800000001,-0.12874618899999998,-0.13810474199999997,-0.147458302,-0.156928575,-0.157282303],"unit":"A\/cm2"},"power_density":{"value":[-2.57335,-4.255656,-3.86026,-3.473902,-3.074785,-2.678636,-2.284663,-1.886287,-1.49077,-1.093795,-0.699148096,-0.302356143,0.093269735,0.488861047,0.886067444,1.280473,1.676262,2.071943,2.465896,2.86844,3.260213,3.659455,4.051759,4.446381,4.845661,5.241079,5.630949,6.034101,6.424734,6.813009,7.205702,7.603763,7.997748,8.394934,8.78928,9.194995,9.593038,9.996637,10.376411,10.764025,11.164656,11.539237,11.954903,12.335206,12.741668,13.115294,13.553632,13.909745,14.332843,14.696149,15.102199,15.489208,15.895709,16.292239,16.676458,17.074155,17.443329,17.848741,18.205268,18.599046,18.96816,19.376434,19.736957,20.093636,20.461849,20.830834,21.146934,21.459808,21.727322,21.985558,22.168706,22.272846,22.247252,21.960086,21.422862,20.366157,18.756893,16.351356,13.045042,8.818701,3.614516,-2.472514,-9.428633,-17.142028,-25.585211,-34.704515,-44.483612,-54.766476,-65.709357,-77.143718,-89.066928,-101.564791,-114.501499,-127.987152,-141.90185,-156.321607,-171.223938,-186.552383,-202.463934,-218.6787,-235.390693,-235.920829],"unit":"mW\/cm2"},"timestamps":{"value":[0.019,0.044,0.067,0.089,0.112,0.134,0.155,0.185,0.207,0.229,0.253,0.277,0.3,0.324,0.348,0.372,0.395,0.42,0.443,0.465,0.487,0.511,0.534,0.558,0.573,0.597,0.622,0.659,0.683,0.705,0.726,0.742,0.768,0.791,0.814,0.84,0.864,0.886,0.909,0.931,0.953,0.974,0.996,1.018,1.042,1.065,1.089,1.116,1.138,1.162,1.184,1.205,1.233,1.256,1.279,1.302,1.324,1.346,1.367,1.391,1.412,1.433,1.455,1.482,1.505,1.548,1.571,1.593,1.619,1.642,1.665,1.687,1.71,1.733,1.756,1.784,1.805,1.829,1.853,1.875,1.902,1.923,1.948,1.972,1.997,2.044,2.069,2.091,2.114,2.137,2.159,2.182,2.206,2.231,2.255,2.278,2.302,2.327,2.349,2.372,2.394,2.416],"unit":"s"},"p_max":{"unit":"mW","value":2.127057},"v_p_max":{"unit":"V","value":1.007008},"i_p_max":{"unit":"mA","value":2.112255},"j_p_max":{"unit":"mA\/cm2","value":22.117848},"voc":{"unit":"V","value":1.170158},"isc":{"unit":"mA","value":2.225073},"jsc":{"unit":"mA\/cm2","value":23.299193},"fill_factor":{"unit":"%","value":81.694067},"efficiency":{"unit":"%","value":22.272846},"r_s":{"unit":"ohms","value":25.782654},"r_sh":{"unit":"ohms","value":353.99431},"cell_dimension":{"value":0.0954999873338894,"unit":"cm2"},"sweep_direction":{"unit":"","value":"Forward"},"key":"forward20_3cell_231114"},{"V":{"value":[-0.199976206,-0.182987213,-0.165987253,-0.148984671,-0.131984711,-0.114994526,-0.097994566,-0.08098793,-0.06398797,-0.046992064,-0.029997826,-0.012995481,0.004010886,0.021000892,0.038007498,0.05500865,0.071996212,0.088992119,0.106004238,0.123001337,0.139992952,0.156992912,0.173999548,0.191003561,0.207989693,0.224980116,0.242010832,0.259004831,0.275991917,0.292988539,0.310008287,0.326998234,0.34398675,0.361018896,0.378000498,0.394991636,0.412015676,0.429012299,0.446004868,0.462985039,0.480009079,0.497007132,0.51399684,0.531013966,0.548012018,0.565003395,0.58198905,0.599015713,0.616004229,0.632998228,0.65000844,0.666994095,0.683985472,0.700982094,0.717978716,0.734987736,0.752002001,0.76900816,0.785994053,0.802992105,0.819981813,0.837004423,0.853995562,0.870989561,0.88800931,0.904995203,0.921989203,0.939018488,0.95600152,0.972991467,0.989978552,1.007006,1.024004,1.040987,1.058017,1.07501,1.091982,1.108976,1.126019,1.143006,1.159993,1.17701,1.194004,1.210995,1.227978,1.244998,1.262003,1.27899,1.296006,1.312998,1.329991,1.346987,1.363999,1.38099,1.397991,1.415016,1.431991,1.449017,1.466007,1.482984,1.499986,1.499987],"unit":"V"},"I":{"value":[0.002067953,0.0022164290000000002,0.00222072,0.002223834,0.0022202280000000003,0.0022206459999999997,0.002218783,0.002222314,0.002220303,0.0022206459999999997,0.002218917,0.0022178140000000002,0.002218083,0.002221003,0.0022185739999999996,0.002221629,0.002218708,0.0022191999999999997,0.002219468,0.002216354,0.002219051,0.002218083,0.002218291,0.002217665,0.002217114,0.002217188,0.002215385,0.002219051,0.0022185,0.0022191999999999997,0.00221996,0.002218083,0.002217606,0.0022115710000000003,0.002215862,0.0022139250000000003,0.0022156539999999996,0.0022155200000000003,0.0022148940000000002,0.002213165,0.002212122,0.002214208,0.002213299,0.002211705,0.002215385,0.002214208,0.002215594,0.002213016,0.0022150280000000004,0.002215177,0.0022162199999999996,0.0022146849999999997,0.0022129569999999998,0.002213508,0.0022124049999999998,0.002212822,0.002211913,0.0022140590000000004,0.002211422,0.002211422,0.00220865,0.00220789,0.002205327,0.002205953,0.00220421,0.002199501,0.002195612,0.002185836,0.00217773,0.002160728,0.002144501,0.0021154579999999997,0.0020731540000000002,0.002011985,0.001922324,0.0017990170000000002,0.0016176699999999999,0.00137724,0.001068309,0.000697568059,0.000272616744,-0.000218644738,-0.0007515698669999999,-0.00132376,-0.00193429,-0.002574772,-0.003236473,-0.003927514,-0.004632294,-0.005359054,-0.006101817,-0.006855488,-0.007633343,-0.008414119,-0.009215355000000001,-0.010023952,-0.010846883,-0.011675789999999998,-0.012515157,-0.013364524,-0.01421839,-0.014251545000000001],"unit":"A"},"resistance":{"value":[-96.702474,-82.559492,-74.74479,-66.994499,-59.446459,-51.784278,-44.16591,-36.443056,-28.819479,-21.161443,-13.519129,-5.859589,1.808267,9.455588,17.131497,24.760502,32.449605,40.100988,47.761095,55.497153,63.086853,70.778661,78.438553,86.128218,93.811006,101.470903,109.24096,116.718731,124.404753,132.024388,139.645883,147.423834,155.116281,163.240944,170.588444,178.412374,185.956715,193.639591,201.366263,209.195882,216.99032,224.462687,232.231061,240.092599,247.366444,255.171751,262.678558,270.678419,278.102255,285.75517,293.296003,301.168821,309.082197,316.683802,324.524058,332.149441,339.978038,347.329533,355.424767,363.111249,371.259263,379.09695,387.24212,394.835955,402.869729,411.454819,419.923635,429.592294,438.98988,450.307247,461.635938,476.022822,493.935584,517.393373,550.384249,597.553814,675.033604,805.216078,1054.02,1638.558,4255.032,-5383.208,-1588.68,-914.815075,-634.847036,-483.537242,-389.931527,-325.648755,-279.776214,-245.005628,-217.966368,-196.483098,-178.689608,-164.127722,-151.70237,-141.163533,-132.018694,-124.104371,-117.13848,-110.964229,-105.496204,-105.250859],"unit":"ohms"},"conductance":{"value":[-0.010340997,-0.012112478,-0.013378859,-0.014926599,-0.01682186,-0.01931088,-0.022641897,-0.02744007,-0.034698754,-0.047255757,-0.073969262,-0.17066042,0.553015611,0.105757564,0.058372016,0.040386903,0.030817016,0.024937041,0.020937544,0.018018942,0.015851163,0.014128552,0.012748833,0.011610597,0.01065973,0.009855042,0.009154076,0.008567605,0.008038278,0.007574358,0.00716097,0.006783164,0.006446777,0.006125914,0.005862062,0.005604992,0.005377596,0.005164233,0.004966075,0.004780209,0.004608501,0.004455083,0.004306056,0.00416506,0.004042585,0.003918929,0.003806934,0.003694421,0.0035958,0.003499499,0.003409525,0.003320397,0.003235385,0.003157724,0.003081436,0.003010693,0.002941366,0.00287911,0.002813535,0.002753977,0.002693535,0.002637848,0.002582364,0.002532697,0.002482192,0.002430401,0.002381385,0.002327788,0.002277957,0.002220706,0.002166209,0.00210074,0.002024555,0.001932765,0.001816912,0.001673489,0.001481408,0.001241903,0.000948749001,0.000610292769,0.000235015866,-0.000185762846,-0.000629453486,-0.001093117,-0.001575183,-0.002068093,-0.002564553,-0.003070793,-0.003574285,-0.004081539,-0.004587864,-0.005089496,-0.005596296,-0.006092816,-0.006591855,-0.007083983,-0.007574685,-0.008057734,-0.008536904,-0.009011913,-0.009479014,-0.00950111],"unit":"S"},"power":{"value":[-0.413541464,-0.405578078,-0.368611222,-0.331317235,-0.293036192,-0.255362082,-0.217428667,-0.17998065,-0.142072671,-0.104352717,-0.066562686,-0.028821565,0.008896476,0.046643048,0.084322457,0.122208813,0.1597386,0.197491322,0.235273052,0.272614507,0.310651518,0.348223239,0.38598166,0.423581972,0.461136854,0.498823321,0.536147272,0.574744962,0.612288006,0.650200205,0.688206027,0.725309075,0.76282698,0.798418827,0.837597043,0.874481907,0.912884041,0.950485134,0.987853371,1.024662,1.061839,1.100477,1.137629,1.174446,1.214058,1.251035,1.289451,1.325631,1.364466,1.402203,1.440562,1.477182,1.51363,1.551629,1.58846,1.626397,1.663363,1.70263,1.738164,1.775754,1.811053,1.848014,1.88334,1.921362,1.957359,1.990538,2.02433,2.052541,2.081913,2.10237,2.12301,2.13028,2.122919,2.094451,2.033852,1.933961,1.766466,1.527325,1.202936,0.797324204,0.316233497,-0.257347056,-0.897377293,-1.603066,-2.375266,-3.205585,-4.084437,-5.023251,-6.00348,-7.036428,-8.115361,-9.234256,-10.411874,-11.619817,-12.882985,-14.184056,-15.532643,-16.918413,-18.347302,-19.819376,-21.327388,-21.377138],"unit":"mW"},"J":{"value":[0.021653962,0.023208676,0.023253613000000003,0.023286224,0.023248464,0.023252833,0.023233329,0.023270309,0.023249244000000002,0.023252833,0.023234732999999997,0.023223187,0.023225995000000003,0.023256578,0.023231144000000002,0.023263131000000003,0.023232548999999998,0.023237698,0.023240506,0.023207895,0.023236137,0.023225995000000003,0.023228179999999998,0.023221626000000002,0.023215852999999998,0.023216633,0.023197752999999998,0.023236137,0.023230364,0.023237698,0.023245655,0.023225995000000003,0.023221001999999998,0.023157809,0.023202746,0.023182462,0.023200562,0.023199158,0.023192604,0.023174504,0.023163582000000002,0.023185427,0.023175909,0.023159213,0.023197752999999998,0.023185427,0.023199938,0.023172944,0.023194008,0.023195569,0.023206491,0.02319042,0.02317232,0.023178093,0.023166547000000003,0.023170916,0.023161398,0.023183865999999997,0.023156248,0.023156248,0.023127226,0.023119268999999998,0.023092431,0.023098984000000003,0.023080728000000002,0.023031422,0.022990697,0.02288834,0.022803458,0.022625423999999998,0.022455504,0.022151395,0.021708417,0.021067901,0.02012905,0.018837876,0.016938953000000003,0.014421359,0.011186481,0.007304377999999999,0.0028546260000000003,-0.0022894739999999997,-0.007869842,-0.013861357,-0.020254345,-0.02696096,-0.033889766,-0.041125801000000003,-0.048505698,-0.056115744999999995,-0.063893371,-0.071785213,-0.079930297,-0.08810596300000001,-0.096495863,-0.104962843,-0.113579927,-0.12225958099999999,-0.13104876899999998,-0.139942656,-0.148883665,-0.149230838],"unit":"A\/cm2"},"power_density":{"value":[-4.330277,-4.246891,-3.859803,-3.46929,-3.068442,-2.673949,-2.27674,-1.884614,-1.487672,-1.092699,-0.696991472,-0.301796492,0.093156818,0.488408876,0.882957668,1.279673,1.672655,2.067972,2.463592,2.854602,3.252895,3.646317,4.041693,4.435413,4.828658,5.223281,5.614108,6.018272,6.411393,6.808379,7.206346,7.594859,7.987717,8.360407,8.77065,9.156879,9.558995,9.952724,10.344014,10.729449,11.11873,11.523322,11.912344,12.297866,12.712648,13.099845,13.50211,13.880958,14.287607,14.682754,15.084415,15.467873,15.84953,16.247428,16.633087,17.030339,17.417417,17.828582,18.200674,18.594285,18.963905,19.35093,19.720834,20.118974,20.495902,20.843326,21.197175,21.492574,21.80014,22.014344,22.230467,22.306597,22.229516,21.931422,21.296878,20.250898,18.497026,15.992936,12.596185,8.348945,3.311346,-2.694734,-9.396621,-16.786036,-24.871895,-33.56634,-42.768976,-52.599489,-62.863663,-73.679877,-84.977599,-96.693783,-109.024855,-121.673478,-134.900365,-148.524146,-162.645472,-177.156158,-192.11835,-207.532729,-223.323438,-223.844372],"unit":"mW\/cm2"},"timestamps":{"value":[0.019,0.043,0.068,0.09,0.127,0.152,0.173,0.197,0.218,0.24,0.262,0.289,0.312,0.334,0.359,0.382,0.403,0.426,0.448,0.477,0.5,0.525,0.546,0.571,0.593,0.618,0.644,0.667,0.69,0.71,0.733,0.757,0.78,0.805,0.828,0.851,0.873,0.896,0.923,0.948,0.972,0.996,1.033,1.058,1.081,1.102,1.124,1.146,1.167,1.191,1.213,1.241,1.263,1.286,1.309,1.33,1.354,1.376,1.398,1.42,1.443,1.467,1.49,1.516,1.54,1.561,1.583,1.604,1.629,1.652,1.673,1.697,1.719,1.741,1.763,1.791,1.816,1.838,1.861,1.885,1.922,1.944,1.965,1.988,2.014,2.048,2.072,2.096,2.118,2.141,2.165,2.187,2.212,2.235,2.26,2.286,2.31,2.332,2.356,2.379,2.402,2.425],"unit":"s"},"p_max":{"unit":"mW","value":2.13028},"v_p_max":{"unit":"V","value":1.007006},"i_p_max":{"unit":"mA","value":2.115458},"j_p_max":{"unit":"mA\/cm2","value":22.151395},"voc":{"unit":"V","value":1.169436},"isc":{"unit":"mA","value":2.218019},"jsc":{"unit":"mA\/cm2","value":23.225333},"fill_factor":{"unit":"%","value":82.128674},"efficiency":{"unit":"%","value":22.306597},"r_s":{"unit":"ohms","value":27.105778},"r_sh":{"unit":"ohms","value":3536.63},"cell_dimension":{"value":0.09549998286687675,"unit":"cm2"},"sweep_direction":{"unit":"","value":"Forward"},"key":"forward20_2cell_231114"},{"V":{"value":[-0.199970722,-0.182988644,-0.165991306,-0.148984671,-0.131986141,-0.114997149,-0.097991943,-0.080990553,-0.063993454,-0.046990871,-0.029994965,-0.013002127,0.004002422,0.020998508,0.038012981,0.05499649,0.071993589,0.088996172,0.106002808,0.122999907,0.139992952,0.156992912,0.173998117,0.1910007,0.207993746,0.224981308,0.242010832,0.25900197,0.275991917,0.292987108,0.310011148,0.326998234,0.343983889,0.361013412,0.378019571,0.395005226,0.412010193,0.429013729,0.446000814,0.4629879,0.480007648,0.497008562,0.51399684,0.531011343,0.548013449,0.564999104,0.58198905,0.599014282,0.616002798,0.632998228,0.650011063,0.666994095,0.683988094,0.700980663,0.717997789,0.734991789,0.751976013,0.76902318,0.78599,0.802992105,0.819981813,0.83699894,0.853996992,0.870988131,0.888008118,0.904993773,0.921983719,0.939014435,0.956004143,0.972991467,0.989982605,1.007004,1.024006,1.040983,1.058018,1.075015,1.091991,1.108989,1.126029,1.142999,1.159996,1.177013,1.194003,1.210992,1.227975,1.245001,1.261997,1.278993,1.296008,1.312995,1.329985,1.346986,1.364006,1.380988,1.397987,1.415012,1.431993,1.449007,1.466013,1.482991,1.499986,1.499987],"unit":"V"},"I":{"value":[0.0014830680000000001,0.002202272,0.002204701,0.0022076820000000003,0.002203241,0.002203315,0.002205044,0.002208024,0.002205536,0.002207264,0.002204835,0.0022044929999999996,0.002205402,0.002203658,0.002207264,0.002202272,0.002208382,0.002206787,0.0022065039999999998,0.0022090079999999997,0.0022062210000000004,0.002205193,0.002205461,0.002205744,0.002209693,0.002207264,0.0022060870000000002,0.00220561,0.002206296,0.0022017210000000002,0.00220421,0.002206579,0.002204776,0.0022067130000000003,0.0022060870000000002,0.0022040750000000002,0.002202481,0.0022030319999999997,0.0022040009999999997,0.002204701,0.002202347,0.00220193,0.002203599,0.00220491,0.0022037330000000003,0.0022012290000000003,0.0021979060000000003,0.002200544,0.002199009,0.002199426,0.002197206,0.0021983239999999998,0.002201512,0.002200887,0.002201378,0.002197698,0.0021983980000000003,0.002197355,0.002194718,0.002196863,0.002192155,0.002194509,0.002190977,0.002189577,0.002183139,0.002176896,0.0021728719999999997,0.002161562,0.002151236,0.0021291820000000003,0.0021034480000000004,0.002061367,0.002004907,0.001924813,0.0018140670000000002,0.001667321,0.0014767650000000001,0.001242846,0.000964358449,0.000642582774,0.000283434987,-0.000112190843,-0.000540480018,-0.0009906739,-0.0014684049999999999,-0.001964375,-0.002480596,-0.003010124,-0.00355874,-0.004116282,-0.00468874,-0.005271329999999999,-0.005862713,-0.006466731,-0.00707747,-0.007708445,-0.008340344,-0.008972511,-0.009615913,-0.010267556,-0.010928512,-0.010950699],"unit":"A"},"resistance":{"value":[-134.835854,-83.09083,-75.289703,-67.484675,-59.905449,-52.192774,-44.439903,-36.680101,-29.014925,-21.289191,-13.604174,-5.898013,1.814827,9.528931,17.221762,24.97261,32.600154,40.328384,48.04106,55.681066,63.453724,71.192367,78.894207,86.5924,94.127885,101.92767,109.701394,117.42871,125.092894,133.071855,140.645043,148.192408,156.017626,163.597812,171.352967,179.215836,187.066398,194.737823,202.359629,210.000284,217.952787,225.715001,233.253386,240.831309,248.675096,256.674348,264.792466,272.211923,280.127449,287.801519,295.835282,303.410332,310.690086,318.499218,326.158287,334.437156,342.05634,349.976753,358.128092,365.517558,374.052925,381.406034,389.779017,397.788376,406.757419,415.726742,424.315624,434.41467,444.397626,456.978955,470.647549,488.512607,510.749939,540.823212,583.229834,644.756015,739.448337,892.298012,1167.646,1778.758,4092.634,-10491.165,-2209.152,-1222.392,-836.264697,-633.789558,-508.747618,-424.897003,-364.176181,-318.976075,-283.655192,-255.530565,-232.657828,-213.552652,-197.526382,-183.566507,-171.694664,-161.494044,-152.456994,-144.434643,-137.254388,-136.976398],"unit":"ohms"},"conductance":{"value":[-0.007416425,-0.012035022,-0.013282029,-0.014818179,-0.016692972,-0.01915974,-0.022502299,-0.027262738,-0.034465022,-0.046972193,-0.073506852,-0.169548615,0.551016761,0.104943563,0.058066066,0.040043872,0.030674702,0.024796431,0.020815527,0.017959426,0.015759516,0.01404645,0.012675202,0.011548358,0.010623844,0.009810879,0.009115654,0.008515805,0.007994059,0.007514737,0.007110098,0.006747984,0.006409532,0.006112551,0.005835907,0.005579864,0.005345695,0.005135109,0.004941697,0.004761898,0.00458815,0.004430366,0.004287183,0.004152284,0.004021311,0.003895987,0.003776542,0.003673608,0.003569804,0.003474617,0.003380259,0.003295867,0.003218641,0.003139725,0.003065996,0.002990098,0.002923495,0.002857333,0.002792297,0.002735847,0.002673418,0.002621878,0.002565556,0.002513899,0.002458468,0.002405426,0.002356736,0.002301948,0.002250237,0.002188285,0.002124732,0.00204703,0.001957905,0.001849033,0.00171459,0.001550974,0.00135236,0.001120702,0.000856423794,0.000562190178,0.000244341442,-9.5318296e-5,-0.000452662335,-0.000818067852,-0.001195794,-0.001577811,-0.001965611,-0.002353512,-0.002745924,-0.003135031,-0.003525407,-0.003913426,-0.004298158,-0.004682686,-0.005062615,-0.005447617,-0.005824293,-0.006192179,-0.006559227,-0.006923547,-0.007285742,-0.007300528],"unit":"S"},"power":{"value":[-0.296570153,-0.402990842,-0.36596125,-0.328910707,-0.290797276,-0.253374999,-0.21607655,-0.178829106,-0.141139852,-0.103721273,-0.06613396,-0.028663095,0.008826948,0.046273534,0.083904697,0.121117254,0.158989339,0.196395637,0.233895656,0.271707746,0.308855423,0.346199678,0.383746108,0.421298722,0.459602364,0.49659321,0.533896977,0.571257407,0.608919787,0.64507589,0.683329539,0.721547387,0.758407357,0.796652976,0.833944105,0.870621324,0.907444635,0.945131134,0.982986219,1.02075,1.057143,1.094378,1.132643,1.170832,1.207675,1.243693,1.279157,1.318157,1.354596,1.392233,1.428208,1.466269,1.505808,1.542779,1.580585,1.61529,1.653143,1.689817,1.725026,1.764064,1.797527,1.836802,1.871088,1.907095,1.938645,1.970077,2.003353,2.029738,2.05659,2.071676,2.082377,2.075804,2.053036,2.003698,1.919316,1.792395,1.612614,1.378303,1.085896,0.734471426,0.328783325,-0.132050045,-0.645334562,-1.199699,-1.803165,-2.445649,-3.130506,-3.849926,-4.612157,-5.404659,-6.235955,-7.100409,-7.996776,-8.930476,-9.894213,-10.907545,-11.94331,-13.001231,-14.097055,-15.22669,-16.392616,-16.425911],"unit":"mW"},"J":{"value":[0.015529506,0.023060444,0.023085878,0.023117084,0.023070585999999997,0.023071366000000003,0.023089466000000003,0.023120673,0.023094615000000002,0.023112715000000002,0.023087281999999997,0.023083693,0.023093211,0.023074954999999998,0.023112715000000002,0.023060444,0.023124417999999997,0.023107722,0.023104758,0.023130971,0.023101793000000002,0.023091027,0.023093835,0.0230968,0.023138149,0.023112715000000002,0.023100389,0.023095396,0.023102573,0.023054671,0.023080728000000002,0.023105538,0.023086658,0.023106942,0.023100389,0.023079324,0.023062629,0.023068402,0.023078544,0.023085878,0.023061223999999998,0.023056854999999998,0.023074331,0.023088062,0.023075735,0.023049522,0.023014726,0.023042344,0.023026273,0.023030642,0.023007393,0.023019095,0.023052485999999997,0.023045933,0.023051082,0.023012542,0.023019876,0.023008953000000002,0.022981335000000002,0.023003804,0.022954498,0.022979151000000003,0.022942170999999997,0.022927503999999998,0.022860098000000002,0.02279472,0.022752591,0.022634162,0.022526031,0.022295102,0.022025633,0.021584995,0.020993786,0.020155107999999998,0.01899547,0.017458856000000002,0.015463504000000001,0.013014096999999999,0.010097994,0.006728614999999999,0.002967906,-0.001174773,-0.0056594769999999996,-0.010373549000000001,-0.015375970000000001,-0.020569375999999997,-0.02597483,-0.031519623,-0.037264293000000004,-0.043102428000000005,-0.049096752,-0.055197178,-0.061389663,-0.067714465,-0.074109638,-0.08071670399999999,-0.087333443,-0.093952992,-0.100690189,-0.107513672,-0.114434677,-0.11466701],"unit":"A\/cm2"},"power_density":{"value":[-3.105447,-4.219799,-3.832055,-3.444091,-3.044998,-2.653141,-2.262582,-1.872556,-1.477904,-1.086087,-0.692502201,-0.300137118,0.092428778,0.484539626,0.878583214,1.268243,1.66481,2.056499,2.449169,2.845107,3.234088,3.625128,4.018284,4.411505,4.81259,5.199929,5.590544,5.981753,6.376123,6.754721,7.155283,7.55547,7.941438,8.341916,8.732399,9.116454,9.502038,9.896661,10.293049,10.688482,11.069564,11.459455,11.860133,12.260023,12.645813,13.022959,13.394319,13.802693,14.184249,14.578355,14.95506,15.353601,15.767626,16.154753,16.550626,16.914029,17.310394,17.694418,18.0631,18.471873,18.822271,19.233525,19.592545,19.969584,20.299952,20.629079,20.977518,21.253805,21.534979,21.692944,21.804993,21.736172,21.49776,20.981133,20.097553,18.768533,16.886011,14.432493,11.370639,7.6908,3.442757,-1.382723,-6.75743,-12.562288,-18.881312,-25.608885,-32.78017,-40.313366,-48.294835,-56.593291,-65.297962,-74.349829,-83.735872,-93.51284,-103.60432,-114.215133,-125.060838,-136.138546,-147.613145,-159.441781,-171.650433,-171.999066],"unit":"mW\/cm2"},"timestamps":{"value":[0.019,0.043,0.059,0.081,0.112,0.136,0.159,0.183,0.205,0.228,0.25,0.276,0.299,0.321,0.345,0.361,0.392,0.416,0.439,0.479,0.505,0.528,0.552,0.574,0.597,0.62,0.645,0.667,0.688,0.71,0.734,0.763,0.785,0.806,0.829,0.851,0.875,0.896,0.919,0.941,0.962,0.985,1.009,1.035,1.057,1.079,1.103,1.125,1.147,1.171,1.194,1.217,1.239,1.262,1.288,1.31,1.337,1.374,1.399,1.423,1.444,1.466,1.489,1.512,1.536,1.559,1.585,1.607,1.63,1.655,1.676,1.701,1.726,1.747,1.77,1.792,1.814,1.838,1.86,1.884,1.907,1.928,1.95,1.977,2.001,2.025,2.048,2.074,2.1,2.124,2.148,2.171,2.192,2.216,2.237,2.275,2.302,2.323,2.346,2.369,2.397,2.42],"unit":"s"},"p_max":{"unit":"mW","value":2.082377},"v_p_max":{"unit":"V","value":0.989982605},"i_p_max":{"unit":"mA","value":2.103448},"j_p_max":{"unit":"mA\/cm2","value":22.025633},"voc":{"unit":"V","value":1.172187},"isc":{"unit":"mA","value":2.205188},"jsc":{"unit":"mA\/cm2","value":23.090971},"fill_factor":{"unit":"%","value":80.559519},"efficiency":{"unit":"%","value":21.804993},"r_s":{"unit":"ohms","value":35.364717},"r_sh":{"unit":"ohms","value":429.764368},"cell_dimension":{"value":0.09550001139765812,"unit":"cm2"},"sweep_direction":{"unit":"","value":"Forward"},"key":"forward20_1cell_231114"}]}}