{"_id":"65531652dd2a793fd303149c","id":"KAIST-SC-00217","author":106,"group":12,"input":[{"tco":{"unit":"","value":"ITO"}},{"etl":[{"material":{"unit":"","value":"SnO2"},"concentration":{"unit":"","value":"5"},"conc_unit":{"unit":"","value":"wt%"},"quantity":{"unit":"ml","value":"0.8"}}],"spin_coating":[{"type":{"unit":"","value":"drop&run"},"rpm":{"unit":"","value":"4000"},"time":{"unit":"s","value":"30"}}],"annealing":[{"temperature":{"unit":"oC","value":"150"},"time":{"unit":"m","value":"30"}}]},{"perovskite":{"method":{"unit":"","value":"1-step"},"molarity":{"unit":"M","value":"1.8"},"a_site":[{"material":{"unit":"","value":"FA"},"ratio":{"unit":"","value":"99"}},{"material":{"unit":"","value":"MA"},"ratio":{"unit":"","value":"1"}}],"b_site":[{"material":{"unit":"","value":"Pb"},"ratio":{"unit":"","value":"100"}}],"x_site":[{"material":{"unit":"","value":"I"},"ratio":{"unit":"","value":"99"}},{"material":{"unit":"","value":"Br"},"ratio":{"unit":"","value":"1"}}],"solvent":[{"material":{"unit":"","value":"DMF"},"volume":{"unit":"ml","value":"0.8"}},{"material":{"unit":"","value":"DMSO"},"volume":{"unit":"ml","value":"0.1"}}],"additive":[{"material":{"unit":"","value":"MACl"},"solvent":{"unit":"","value":"None"},"concentration":{"unit":"","value":"42.86"},"conc_unit":{"unit":"","value":"mg\/ml"},"quantity":{"unit":"mol%","value":"35"}}],"stirring_time":[{"unit":"m","value":"20"}],"antisolvent":[{"material":{"unit":"","value":"DEE"},"quantity":{"unit":"ul","value":"1000"},"dripping_time":{"unit":"s","value":"28"}}],"spin_coating":[{"type":{"unit":"","value":"drop&run"},"rpm":{"unit":"","value":"5000"},"time":{"unit":"s","value":"15"}}],"annealing":[{"temperature":{"unit":"oC","value":"100"},"time":{"unit":"m","value":"45"}},{"temperature":{"unit":"oC","value":"150"},"time":{"unit":"m","value":"0"}}],"atmosphere":[{"type":{"unit":"","value":"Air"},"temperature":{"unit":"oC","value":"22"},"humidity":{"unit":"RH%","value":"19"}}]}},{"perovskite_treatment":[{"material":{"unit":"","value":"OAI"},"concentration":{"unit":"","value":"2.5"},"conc_unit":{"unit":"","value":"mg\/ml"},"quantity":{"unit":"ml","value":"Material"}}],"spin_coating":[{"type":{"unit":"","value":"drop&run"},"rpm":{"unit":"","value":"5000"},"time":{"unit":"s","value":"5"}}],"annealing":[{"temperature":{"unit":"oC","value":"100"},"time":{"unit":"m","value":"3"}}]},{"htl":[{"material":{"unit":"","value":"Spiro-OMeTAD"},"concentration":{"unit":"","value":"91"},"conc_unit":{"unit":"","value":"mg\/ml"},"quantity":{"unit":"ml","value":"1.1"}}],"htl_doping":[{"material":{"unit":"","value":"tBP"},"volume":{"unit":"ul","value":"39"}},{"material":{"unit":"","value":"Li-TFSI"},"volume":{"unit":"ul","value":"23"}},{"material":{"unit":"","value":"Co-TFSI"},"volume":{"unit":"ul","value":"10"}}],"spin_coating":[{"type":{"unit":"","value":"dynamic"},"rpm":{"unit":"","value":"2000"},"time":{"unit":"s","value":"30"}}]},{"anode_metal":{"unit":"","value":"Au"}},{"note":{"unit":"","value":"-"},"ar":{"unit":"","value":"0"},"type":{"unit":"","value":"unit_cell"},"device_type":{"unit":"","value":"n-i-p"},"temperature":{"unit":"\u2103","value":"22"},"humidity":{"unit":"%","value":"19"},"cell_dimension":{"unit":"cm2","value":"0.0955"}}],"fileinfo":[{"key":"reverse6_4cell_231114","uploadType":"JV","original_name":"reverse6_4cell_231114.csv","save_name":"KAIST-SC-00217\/reverse6_4cell_231114","uploader":106,"fileType":""},{"key":"forward6_4cell_231114","uploadType":"JV","original_name":"forward6_4cell_231114.csv","save_name":"KAIST-SC-00217\/forward6_4cell_231114","uploader":106,"fileType":""},{"key":"reverse6_3cell_231114","uploadType":"JV","original_name":"reverse6_3cell_231114.csv","save_name":"KAIST-SC-00217\/reverse6_3cell_231114","uploader":106,"fileType":""},{"key":"forward6_3cell_231114","uploadType":"JV","original_name":"forward6_3cell_231114.csv","save_name":"KAIST-SC-00217\/forward6_3cell_231114","uploader":106,"fileType":""},{"key":"reverse6_2cell_231114","uploadType":"JV","original_name":"reverse6_2cell_231114.csv","save_name":"KAIST-SC-00217\/reverse6_2cell_231114","uploader":106,"fileType":""},{"key":"forward6_2cell_231114","uploadType":"JV","original_name":"forward6_2cell_231114.csv","save_name":"KAIST-SC-00217\/forward6_2cell_231114","uploader":106,"fileType":""},{"key":"reverse6_1cell_231114","uploadType":"JV","original_name":"reverse6_1cell_231114.csv","save_name":"KAIST-SC-00217\/reverse6_1cell_231114","uploader":106,"fileType":""},{"key":"forward6_1cell_231114","uploadType":"JV","original_name":"forward6_1cell_231114.csv","save_name":"KAIST-SC-00217\/forward6_1cell_231114","uploader":106,"fileType":""}],"jvcnt":8,"updated_at":"2024-08-12 01:29:13","created_at":"2023-11-14 06:40:18","analysisInfo":{"JV":[{"efficiency":13.390854,"fill_factor":66.113762,"jsc":21.213842,"voc":0.954766271,"key":"reverse6_4cell_231114","cell_dimension":0.09550000057785869},{"efficiency":11.949717,"fill_factor":59.029223,"jsc":21.286759,"voc":0.951001115,"key":"reverse6_3cell_231114","cell_dimension":0.09550000440200988},{"efficiency":12.224216,"fill_factor":61.615461,"jsc":21.183073,"voc":0.936574573,"key":"reverse6_2cell_231114","cell_dimension":0.09549999764870819},{"efficiency":12.183596,"fill_factor":60.857302,"jsc":21.687197,"voc":0.923122601,"key":"reverse6_1cell_231114","cell_dimension":0.09550000060038445},{"efficiency":8.045254,"fill_factor":39.416561,"jsc":21.489888,"voc":0.949788398,"key":"forward6_4cell_231114","cell_dimension":0.09549995836270804},{"efficiency":7.228218,"fill_factor":35.448104,"jsc":21.247879,"voc":0.959671578,"key":"forward6_3cell_231114","cell_dimension":0.09549999574827443},{"efficiency":7.404036,"fill_factor":36.681801,"jsc":21.446491,"voc":0.941156046,"key":"forward6_2cell_231114","cell_dimension":0.09549996679248625},{"efficiency":7.015993,"fill_factor":34.328102,"jsc":21.831958,"voc":0.93615265,"key":"forward6_1cell_231114","cell_dimension":0.09550001030003051}]},"public":2,"tags":[],"analysis":{"JV":[{"V":{"value":[1.499976,1.482977,1.466016,1.448993,1.431993,1.415012,1.397986,1.38099,1.364001,1.346985,1.329988,1.312999,1.296006,1.278986,1.261999,1.245,1.227976,1.210994,1.194003,1.177008,1.159999,1.143016,1.126015,1.108978,1.091993,1.07501,1.058017,1.040987,1.024003,1.007009,0.989978313,0.972991228,0.956034184,0.939017057,0.921988964,0.904995203,0.888009548,0.870988369,0.8539958,0.837006092,0.819983482,0.802990913,0.786003828,0.768989563,0.75199151,0.734990835,0.717998266,0.700982571,0.68398881,0.666993618,0.650010586,0.633001566,0.616006374,0.599013805,0.581991434,0.565002918,0.548017263,0.53101778,0.513995409,0.497012377,0.480009079,0.4629879,0.446004868,0.429023266,0.412010193,0.395004034,0.37800622,0.361016273,0.343986988,0.32699728,0.310008764,0.292986155,0.275992393,0.259001255,0.242016792,0.224983454,0.207993031,0.191000223,0.174003124,0.156995058,0.139988422,0.12300086,0.105999708,0.088995695,0.071994543,0.054990768,0.038019657,0.020990133,0.004003406,-0.012995869,-0.029993296,-0.046990395,-0.063991785,-0.080987453,-0.097991467,-0.114994049,-0.131981611,-0.148981333,-0.165990829,-0.182985067,-0.199979544,-0.199980974],"unit":"V"},"I":{"value":[-0.014212816999999999,-0.01675874,-0.017343119,-0.017244101,-0.016890079,-0.016392036999999998,-0.015809655,-0.015172437,-0.014510736,-0.013823926,-0.013116241,-0.012395307000000001,-0.011670768000000002,-0.010939658,-0.010207832,-0.009479836,-0.008748635999999999,-0.00802508,-0.0073072020000000005,-0.006562486,-0.005872697,-0.005189776,-0.004523486,-0.003882244,-0.003264219,-0.002683297,-0.0021442770000000004,-0.0016437919999999998,-0.00120233,-0.000822111964,-0.00050227344,-0.000235155225,-1.4498830000000001e-5,0.000180095434,0.000358745456,0.0005287826060000001,0.0006949305529999999,0.0008538067339999999,0.00100562,0.0011459740000000001,0.001273155,0.001389101,0.001490355,0.0015780780000000001,0.001655325,0.001722038,0.0017759199999999998,0.001824334,0.001862809,0.001894504,0.0019187030000000001,0.001940832,0.0019585189999999997,0.001969963,0.001981467,0.001990899,0.00199534,0.001998246,0.002001584,0.002008304,0.0020130279999999996,0.002014831,0.002017871,0.002022102,0.002022803,0.0020258579999999997,0.00202626,0.002025232,0.002024874,0.002027452,0.002026826,0.002028421,0.002028629,0.0020287630000000003,0.002028063,0.0020298060000000003,0.002027452,0.002025709,0.002027586,0.0020266769999999997,0.002026126,0.002027303,0.002025783,0.002027661,0.002029866,0.002027586,0.0020291809999999997,0.002026334,0.002026543,0.0020239060000000002,0.00202626,0.002029046,0.002026469,0.002024114,0.002025023,0.0020224600000000002,0.002023071,0.002024665,0.002023429,0.002026618,0.002023771,0.002022386],"unit":"A"},"resistance":{"value":[-105.536866,-88.489762,-84.530101,-84.028343,-84.783058,-86.32314,-88.426071,-91.019675,-93.999406,-97.43866,-101.400111,-105.927065,-111.047185,-116.912819,-123.630478,-131.331354,-140.361983,-150.901206,-163.40087,-179.353961,-197.524062,-220.243758,-248.926428,-285.653794,-334.534379,-400.630411,-493.414093,-633.284128,-851.681981,-1224.905,-1970.995,-4137.655,-65938.713,5213.997,2570.037,1711.469,1277.839,1020.124,849.223365,730.388505,644.05618,578.065114,527.393857,487.295129,454.286244,426.814579,404.296426,384.240205,367.181384,352.067706,338.775974,326.149669,314.526591,304.073584,293.717449,283.792795,274.648564,265.741984,256.794378,247.478657,238.451307,229.789976,221.027493,212.166926,203.682824,194.981148,186.55367,178.259243,169.88068,161.284845,152.952815,144.440536,136.048715,127.6646,119.333965,110.83986,102.588387,94.288106,85.817872,77.464267,69.091674,60.672165,52.325301,43.890824,35.467634,27.121299,18.736459,10.358672,1.975485,-6.421184,-14.802294,-23.158856,-31.577981,-40.011308,-48.390296,-56.858501,-65.238248,-73.583184,-82.034436,-90.290874,-98.815283,-98.883702],"unit":"ohms"},"conductance":{"value":[-0.009475362,-0.011300742,-0.011830105,-0.011900746,-0.011794809,-0.011584379,-0.011308882,-0.010986636,-0.010638365,-0.010262867,-0.009861922,-0.009440458,-0.009005181,-0.008553382,-0.00808862,-0.007614328,-0.007124436,-0.006626852,-0.006119918,-0.005575567,-0.005062674,-0.004540424,-0.004017251,-0.003500741,-0.002989229,-0.002496066,-0.002026695,-0.00157907,-0.001174147,-0.000816389864,-0.000507358023,-0.00024168278,-1.5165598e-5,0.000191791441,0.000389099512,0.00058429327,0.000782571037,0.000980273405,0.001177546,0.001369134,0.00155266,0.001729909,0.001896116,0.002052144,0.002201255,0.002342938,0.002473433,0.002602539,0.00272345,0.002840363,0.002951803,0.003066077,0.003179381,0.003288678,0.003404633,0.003523698,0.003641017,0.003763049,0.003894166,0.004040752,0.004193728,0.0043518,0.004524324,0.00471327,0.004909594,0.005128701,0.005360388,0.005609807,0.005886485,0.006200211,0.006537964,0.006923264,0.007350308,0.007833025,0.008379844,0.009022025,0.009747692,0.010605792,0.011652584,0.012909178,0.014473524,0.016482023,0.019111214,0.022783806,0.02819472,0.036871391,0.053371879,0.096537472,0.506204776,-0.155734528,-0.067557094,-0.043180025,-0.031667635,-0.024992935,-0.020665301,-0.01758752,-0.015328431,-0.013590062,-0.012190003,-0.011075316,-0.010119892,-0.01011289],"unit":"S"},"power":{"value":[-21.318887,-24.852824,-25.425282,-24.986585,-24.186467,-23.194931,-22.101672,-20.952988,-19.792652,-18.62062,-17.444446,-16.27502,-15.125385,-13.991671,-12.882275,-11.802392,-10.743113,-9.718326,-8.724821,-7.724098,-6.812322,-5.931997,-5.093514,-4.305323,-3.564505,-2.884572,-2.268681,-1.711166,-1.231189,-0.827874171,-0.497239813,-0.228803971,-0.013861377,0.169112685,0.330759351,0.478545722,0.617104967,0.743655735,0.858795055,0.959187053,1.043966,1.115436,1.171424,1.213525,1.244791,1.265682,1.275108,1.278827,1.274141,1.263622,1.247177,1.228549,1.20646,1.180035,1.153197,1.124864,1.093481,1.061104,1.028805,0.998151944,0.966271557,0.932842238,0.899980085,0.867529008,0.833415384,0.800221912,0.765938845,0.731141608,0.69653034,0.662971287,0.628333868,0.594299142,0.559886224,0.525452239,0.490825287,0.456672849,0.421695884,0.386910786,0.352806316,0.318178294,0.283634153,0.249360011,0.214732413,0.180453065,0.146139274,0.111498518,0.077148748,0.042533029,0.008113074,-0.026302411,-0.060774212,-0.095345692,-0.129677338,-0.163927849,-0.198434984,-0.232570876,-0.267008177,-0.301637361,-0.335870605,-0.370840745,-0.404712882,-0.404438642],"unit":"mW"},"J":{"value":[-0.14882530800000002,-0.17548418799999999,-0.181603338,-0.180566498,-0.176859464,-0.17164436900000002,-0.16554612800000001,-0.158873684,-0.15194487799999998,-0.144753157,-0.137342832,-0.129793795,-0.122206997,-0.114551389,-0.10688829200000001,-0.09926529499999999,-0.09160875,-0.084032251,-0.07651519999999999,-0.068717134,-0.061494205999999996,-0.054343209,-0.047366344,-0.040651772,-0.034180299,-0.028097349,-0.022453163,-0.01721248,-0.012589843,-0.008608502,-0.005259407999999999,-0.002462358,-0.000151820208,0.001885816,0.003756497,0.005536991000000001,0.00727676,0.008940384999999999,0.01053005,0.011999726,0.013331467999999999,0.014545562,0.015605807000000001,0.016524374,0.017333249,0.018031809,0.018596025000000002,0.019102977,0.019505854,0.019837735999999998,0.020091134,0.020322843,0.020508054999999997,0.020627887999999997,0.020748346,0.020847115,0.020893612000000002,0.020924039000000002,0.02095899,0.021029361,0.021078824,0.021097704000000002,0.021129535,0.021173848,0.021181181,0.021213168,0.021217381,0.021206614999999998,0.021202870000000002,0.021229863999999998,0.021223310000000002,0.021240006000000002,0.02124219,0.021243595,0.021236261,0.021254517,0.021229863999999998,0.021211608,0.021231268,0.02122175,0.021215977,0.021228303,0.021212388000000002,0.021232048,0.021255140999999998,0.021231268,0.021247964,0.021218161,0.021220345999999998,0.021192727999999997,0.021217381,0.021246559,0.021219566,0.021194912,0.02120443,0.021177593,0.02118399,0.021200686,0.021187735,0.021221126000000003,0.021191324,0.021176813],"unit":"A\/cm2"},"power_density":{"value":[-223.234414,-260.238999,-266.233323,-261.639629,-253.261431,-242.878863,-231.431119,-219.403011,-207.252899,-194.980311,-182.664352,-170.419062,-158.380998,-146.509648,-134.892931,-123.585257,-112.493333,-101.762572,-91.359387,-80.88061,-71.333211,-62.115149,-53.335223,-45.081912,-37.324659,-30.204939,-23.755818,-17.917972,-12.892034,-8.668839,-5.2067,-2.395853,-0.145145308,1.770813,3.463449,5.01095,6.461832,7.786971,8.992618,10.043843,10.931584,11.679954,12.266224,12.707071,13.034456,13.253215,13.351914,13.390854,13.341786,13.231644,13.05945,12.864392,12.633092,12.35639,12.075359,11.778681,11.45006,11.111037,10.772825,10.451853,10.118027,9.767982,9.423875,9.084073,8.726863,8.379287,8.020302,7.655933,7.293511,6.942108,6.579412,6.223028,5.862683,5.502118,5.139532,4.781915,4.415664,4.051422,3.694307,3.33171,2.969991,2.6111,2.248507,1.889561,1.530254,1.167524,0.807840292,0.445372034,0.08495365,-0.275417914,-0.636379186,-0.998384207,-1.357878,-1.716522,-2.077853,-2.435297,-2.795897,-3.158506,-3.51697,-3.883149,-4.237831,-4.23496],"unit":"mW\/cm2"},"timestamps":{"value":[0.019,0.042,0.066,0.088,0.111,0.133,0.156,0.179,0.203,0.232,0.256,0.278,0.302,0.325,0.348,0.37,0.393,0.417,0.441,0.476,0.499,0.523,0.546,0.569,0.592,0.614,0.636,0.659,0.681,0.704,0.725,0.749,0.772,0.794,0.816,0.838,0.86,0.883,0.907,0.93,0.952,0.973,0.995,1.02,1.042,1.065,1.087,1.11,1.131,1.154,1.176,1.197,1.219,1.242,1.265,1.29,1.325,1.349,1.371,1.393,1.417,1.437,1.46,1.482,1.504,1.525,1.548,1.571,1.593,1.615,1.637,1.66,1.683,1.705,1.726,1.754,1.779,1.802,1.824,1.846,1.869,1.891,1.913,1.935,1.957,1.977,2.001,2.027,2.05,2.077,2.102,2.123,2.155,2.177,2.214,2.238,2.261,2.285,2.308,2.331,2.353,2.376],"unit":"s"},"p_max":{"unit":"mW","value":1.278827},"v_p_max":{"unit":"V","value":0.700982571},"i_p_max":{"unit":"mA","value":1.824334},"j_p_max":{"unit":"mA\/cm2","value":19.102977},"voc":{"unit":"V","value":0.954766271},"isc":{"unit":"mA","value":2.025922},"jsc":{"unit":"mA\/cm2","value":21.213842},"fill_factor":{"unit":"%","value":66.113762},"efficiency":{"unit":"%","value":13.390854},"r_s":{"unit":"ohms","value":33.514388},"r_sh":{"unit":"ohms","value":4075.876},"cell_dimension":{"value":0.09550000057785869,"unit":"cm2"},"sweep_direction":{"unit":"","value":"Reverse"},"key":"reverse6_4cell_231114"},{"V":{"value":[1.499979,1.482986,1.46602,1.449,1.431995,1.415011,1.397988,1.380986,1.364002,1.346986,1.329987,1.313,1.296006,1.27899,1.261999,1.244986,1.227973,1.210985,1.194003,1.177009,1.159991,1.143001,1.126015,1.108983,1.091997,1.075012,1.058017,1.040987,1.024006,1.007008,0.989978313,0.972992659,0.956011057,0.939015627,0.921987772,0.904996634,0.88801074,0.870985508,0.854002714,0.837003231,0.819984913,0.802992344,0.785994291,0.769010067,0.751992941,0.734986782,0.717998266,0.700984001,0.68398881,0.66699481,0.650009155,0.633002996,0.616006374,0.599016666,0.581988573,0.565002918,0.54801178,0.531013727,0.513993978,0.497009754,0.480004787,0.4629879,0.446003437,0.429014921,0.412014246,0.394993067,0.378008842,0.361014843,0.343986988,0.326994419,0.310011387,0.292986155,0.275995016,0.259002447,0.242011309,0.224984884,0.207995892,0.191000223,0.174000263,0.156993628,0.1399858,0.123002291,0.105999708,0.088994503,0.071995974,0.055009842,0.038005829,0.020997167,0.004002839,-0.012999803,-0.029996157,-0.046989202,-0.063992977,-0.080990076,-0.097991467,-0.114992619,-0.131981611,-0.148984194,-0.165990829,-0.182986498,-0.199980974,-0.199982166],"unit":"V"},"I":{"value":[-0.005998567000000001,-0.006622061,-0.006628916,-0.006489813,-0.00630708,-0.006093919,-0.005865276,-0.005628809,-0.00538373,-0.005134851,-0.004883394,-0.004629374,-0.004375994,-0.004120721999999999,-0.003863856,-0.003609434,-0.0033545050000000002,-0.003103271,-0.0028526479999999997,-0.0026036199999999996,-0.0023592409999999998,-0.00211674,-0.001876667,-0.001645878,-0.0014225099999999999,-0.001206145,-0.000998452306,-0.000802069902,-0.000619128346,-0.000452071428,-0.00029999017700000003,-0.000161364675,-3.5017728999999994e-5,8.377432799999999e-5,0.000198274851,0.00031116604799999995,0.0004247576,0.000547155738,0.000665470958,0.000780448318,0.000895485282,0.001006931,0.0011142049999999998,0.001217395,0.001315042,0.001406863,0.001491457,0.001568511,0.001638055,0.001700476,0.001754224,0.001802832,0.001842499,0.001878902,0.00190796,0.001932159,0.001953378,0.001969129,0.001983196,0.0019946399999999998,0.0020030290000000004,0.002008229,0.002017528,0.002018854,0.002023071,0.002026126,0.002028897,0.002027661,0.00202994,0.002029464,0.002031952,0.002033621,0.002035424,0.002035275,0.0020332780000000003,0.002033412,0.0020326520000000002,0.002033681,0.002033338,0.002034873,0.0020317440000000003,0.0020338889999999997,0.0020312670000000002,0.00203307,0.0020307,0.002030984,0.002028838,0.002030224,0.0020332780000000003,0.002031609,0.002030432,0.002028972,0.0020277199999999998,0.002029106,0.0020282119999999997,0.002029315,0.0020287630000000003,0.002027452,0.0020275120000000004,0.002026618,0.002026543,0.0020238459999999997],"unit":"A"},"resistance":{"value":[-250.056236,-223.946355,-221.155305,-223.272968,-227.045648,-232.200471,-238.349969,-245.342511,-253.356317,-262.322385,-272.348884,-283.623629,-296.162633,-310.380108,-326.616485,-344.925586,-366.066854,-390.228458,-418.559492,-452.066344,-491.679598,-539.981753,-600.00794,-673.794356,-767.655573,-891.279246,-1059.657,-1297.876,-1653.947,-2227.541,-3300.036,-6029.775,-27300.773,11208.871,4650.049,2908.404,2090.629,1591.842,1283.306,1072.465,915.687761,797.465061,705.430891,631.684888,571.839322,522.429411,481.407214,446.910442,417.561604,392.240104,370.539363,351.115931,334.332039,318.812033,305.031919,292.420499,280.545645,269.669366,259.174634,249.172705,239.639461,230.545314,221.064331,212.504181,203.657823,194.949923,186.312448,178.045005,169.456686,161.123565,152.568252,144.071164,135.595827,127.256727,119.025174,110.643998,102.327324,93.918492,85.573706,77.151569,68.899346,60.476394,52.184043,43.773463,35.453764,27.085321,18.732808,10.342293,1.968663,-6.398771,-14.773286,-23.159119,-31.559076,-39.914167,-48.314214,-56.665741,-65.055205,-73.483463,-81.869238,-90.29158,-98.680843,-98.812941],"unit":"ohms"},"conductance":{"value":[-0.0039991,-0.004465355,-0.004521709,-0.004478823,-0.004404401,-0.004306623,-0.004195511,-0.004075934,-0.00394701,-0.003812103,-0.003671761,-0.003525799,-0.003376523,-0.003221856,-0.003061695,-0.002899176,-0.002731741,-0.002562601,-0.002389147,-0.002212065,-0.002033845,-0.001851914,-0.001666645,-0.001484132,-0.001302668,-0.001121983,-0.000943701983,-0.000770489648,-0.000604614189,-0.000448925538,-0.000303027019,-0.000165843671,-3.6629e-5,8.9215052e-5,0.000215051497,0.000343831166,0.000478324845,0.000628203033,0.000779237521,0.000932431666,0.001092075,0.001253973,0.001417573,0.001583068,0.001748743,0.001914134,0.002077243,0.002237585,0.002394856,0.002549459,0.002698769,0.002848062,0.002991038,0.003136644,0.003278345,0.003419733,0.003564482,0.003708245,0.003858402,0.004013281,0.004172935,0.004337542,0.00452357,0.00470579,0.004910197,0.005129522,0.005367328,0.005616557,0.005901213,0.006206417,0.006554444,0.006941014,0.007374858,0.007858131,0.008401584,0.009037996,0.009772561,0.01064753,0.011685833,0.012961499,0.014513926,0.016535377,0.019162946,0.022844891,0.02820575,0.036920367,0.05338228,0.09669036,0.507959021,-0.156280018,-0.067689746,-0.043179535,-0.031686605,-0.025053761,-0.020697843,-0.017647347,-0.01537156,-0.013608504,-0.0122146,-0.01107523,-0.010133679,-0.010120132],"unit":"S"},"power":{"value":[-8.997724,-9.820427,-9.718122,-9.403739,-9.031709,-8.622962,-8.199587,-7.773308,-7.343418,-6.916574,-6.494849,-6.078366,-5.671315,-5.270364,-4.876183,-4.493695,-4.119241,-3.758014,-3.406071,-3.064485,-2.736698,-2.419435,-2.113156,-1.825251,-1.553377,-1.29662,-1.056379,-0.834944545,-0.633990926,-0.455239364,-0.29698377,-0.157006644,-0.033477336,0.078665403,0.182806988,0.281604226,0.377189311,0.476564718,0.568314004,0.653237763,0.734284421,0.808557937,0.875758397,0.936189062,0.988902584,1.034026,1.070864,1.099501,1.120411,1.134209,1.140262,1.141198,1.134991,1.125494,1.110411,1.091676,1.070474,1.045634,1.019351,0.991355355,0.961463504,0.929785956,0.899824341,0.866118499,0.833534094,0.800305639,0.766941159,0.732015576,0.698273114,0.663623287,0.629928302,0.595822818,0.561766911,0.527141232,0.492076353,0.457487066,0.422783368,0.388433463,0.353801339,0.319462058,0.284415243,0.250173042,0.215313676,0.18093203,0.146202256,0.111724085,0.077107662,0.042628943,0.008138887,-0.026410522,-0.060905163,-0.095339772,-0.129759853,-0.164337451,-0.198747464,-0.233356204,-0.267759448,-0.302058301,-0.336548332,-0.370843644,-0.405270048,-0.40473309],"unit":"mW"},"J":{"value":[-0.062812217,-0.069340954,-0.06941272999999999,-0.067956161,-0.066042727,-0.063810673,-0.061416501,-0.058940412000000005,-0.056374135000000006,-0.053768071,-0.051135012,-0.048475116,-0.045821929,-0.043148926000000004,-0.040459227,-0.037795118,-0.035125704,-0.032494986,-0.029870664999999998,-0.02726304,-0.024704097,-0.022164814,-0.019650965,-0.017234324000000002,-0.014895388,-0.012629787,-0.010454998,-0.008398638,-0.006483019,-0.004733732,-0.003141258,-0.0016896819999999999,-0.000366677789,0.000877218097,0.002076176,0.003258283,0.004447724,0.005729379,0.006968282,0.008172233999999999,0.009376809,0.010543780999999999,0.011667063,0.012747591999999999,0.013770077,0.014731553,0.015617352999999999,0.0164242,0.017152407,0.017806028999999998,0.018368841,0.018877821,0.019293181,0.01967437,0.019978634,0.020232032,0.020454223,0.020619150000000003,0.020766445,0.020886278999999997,0.020974126,0.021028580999999998,0.021125946,0.021139833,0.02118399,0.021215977,0.021244999,0.021232048,0.021255921,0.021250928,0.021276986,0.021294460999999997,0.021313342,0.021311781,0.021290873000000002,0.021292277,0.021284319,0.021295086,0.021291497,0.021307568,0.021274801,0.02129727,0.021269808,0.021288688,0.021263879,0.021266844,0.021244375000000003,0.021258886,0.021290873000000002,0.021273397,0.02126107,0.021245779,0.021232672,0.021247183,0.021237821,0.021249368,0.021243595,0.021229863999999998,0.021230488000000002,0.021221126000000003,0.021220345999999998,0.021192104],"unit":"A\/cm2"},"power_density":{"value":[-94.217008,-102.831696,-101.760441,-98.468469,-94.572864,-90.2928,-85.859551,-81.395896,-76.894433,-72.424854,-68.008892,-63.647814,-59.385493,-55.187056,-51.05951,-47.054395,-43.133415,-39.350931,-35.665667,-32.088846,-28.656525,-25.334401,-22.127285,-19.112577,-16.265725,-13.57717,-11.061561,-8.742875,-6.638648,-4.766904,-3.109778,-1.644049,-0.35054802,0.823721501,1.914209,2.948735,3.949626,4.990206,5.950932,6.840186,7.688842,8.466575,9.170245,9.803027,10.355001,10.827497,11.213232,11.513102,11.732054,11.876529,11.939915,11.949717,11.884722,11.785275,11.627337,11.431157,11.209155,10.949052,10.673828,10.380684,10.067681,9.735979,9.422244,9.069304,8.728106,8.380164,8.030797,7.665085,7.31176,6.948935,6.596108,6.238982,5.882376,5.519803,5.152632,4.79044,4.427051,4.067366,3.704726,3.345152,2.97817,2.619613,2.254593,1.894576,1.530914,1.169886,0.807410075,0.446376371,0.085223943,-0.276549967,-0.6377504,-0.99832222,-1.358742,-1.720811,-2.081125,-2.44352,-2.803764,-3.162914,-3.524066,-3.88318,-4.243665,-4.238043],"unit":"mW\/cm2"},"timestamps":{"value":[0.018,0.042,0.067,0.089,0.113,0.135,0.159,0.182,0.205,0.228,0.251,0.273,0.296,0.318,0.343,0.367,0.39,0.413,0.435,0.459,0.481,0.505,0.531,0.553,0.574,0.598,0.621,0.645,0.668,0.689,0.71,0.733,0.756,0.778,0.801,0.822,0.858,0.881,0.908,0.928,0.951,0.974,0.997,1.021,1.043,1.065,1.087,1.112,1.135,1.155,1.178,1.202,1.224,1.246,1.269,1.289,1.312,1.333,1.356,1.377,1.398,1.422,1.444,1.466,1.488,1.511,1.534,1.555,1.577,1.597,1.621,1.644,1.666,1.691,1.727,1.756,1.78,1.8,1.834,1.856,1.879,1.901,1.922,1.943,1.966,1.989,2.012,2.037,2.061,2.083,2.11,2.132,2.155,2.177,2.199,2.228,2.25,2.273,2.297,2.319,2.342,2.364],"unit":"s"},"p_max":{"unit":"mW","value":1.141198},"v_p_max":{"unit":"V","value":0.633002996},"i_p_max":{"unit":"mA","value":1.802832},"j_p_max":{"unit":"mA\/cm2","value":18.877821},"voc":{"unit":"V","value":0.951001115},"isc":{"unit":"mA","value":2.032885},"jsc":{"unit":"mA\/cm2","value":21.286759},"fill_factor":{"unit":"%","value":59.029223},"efficiency":{"unit":"%","value":11.949717},"r_s":{"unit":"ohms","value":89.876956},"r_sh":{"unit":"ohms","value":3122.395},"cell_dimension":{"value":0.09550000440200988,"unit":"cm2"},"sweep_direction":{"unit":"","value":"Reverse"},"key":"reverse6_3cell_231114"},{"V":{"value":[1.499971,1.482977,1.466017,1.448989,1.43199,1.415012,1.397988,1.380989,1.364002,1.346987,1.329986,1.312997,1.296007,1.278989,1.261983,1.244994,1.227977,1.21099,1.194,1.177011,1.159991,1.143,1.126015,1.108978,1.091992,1.075013,1.058018,1.04099,1.024004,1.007008,0.989980936,0.972992659,0.956005573,0.939026594,0.921986341,0.904981613,0.887998581,0.870967865,0.8539958,0.837006092,0.819983482,0.802990913,0.785991669,0.769011497,0.751994371,0.734989405,0.717995644,0.700981379,0.68399024,0.666993618,0.650010586,0.633005857,0.616006374,0.599015236,0.581988573,0.565000296,0.54801178,0.531024694,0.513993978,0.497032881,0.480010271,0.462985039,0.446003437,0.429014921,0.412011623,0.394993067,0.378004789,0.361013651,0.343988419,0.32699728,0.310007334,0.292986155,0.27598834,0.258999825,0.24201417,0.224980593,0.207995892,0.191000223,0.174000263,0.156978607,0.139980316,0.123003721,0.106001139,0.088993073,0.071993351,0.055008411,0.038005829,0.021000415,0.00399974,-0.012996852,-0.029990673,-0.046991825,-0.063990355,-0.080984831,-0.097991467,-0.114994049,-0.131985664,-0.148982763,-0.165989399,-0.182985067,-0.199975491,-0.19996047],"unit":"V"},"I":{"value":[-0.014885753,-0.017829597,-0.018979505,-0.019084558,-0.0188234,-0.01833576,-0.017738119,-0.017055482,-0.016319155999999998,-0.015555292,-0.014774457,-0.013972595,-0.013165951,-0.012344688,-0.011524111,-0.010697708,-0.009847373,-0.009037957000000001,-0.008227497,-0.007430986,-0.006642371,-0.005872563000000001,-0.005129308,-0.00439769,-0.003708109,-0.00305666,-0.002452657,-0.0018989290000000002,-0.0014119,-0.000995337963,-0.000656992197,-0.000389456749,-0.00018155574799999998,-1.9758939999999998e-5,0.000117555261,0.000242099166,0.000365808606,0.000493139029,0.000624403358,0.000758320093,0.0008925795560000001,0.001023084,0.0011466590000000002,0.0012634399999999998,0.001371413,0.001468644,0.001552626,0.00162904,0.001692563,0.0017502610000000001,0.0017949189999999999,0.001833692,0.0018654470000000001,0.00189361,0.001908034,0.0019268240000000002,0.0019431860000000002,0.001956016,0.001969263,0.001979381,0.001987994,0.001997143,0.0019994229999999997,0.002003446,0.002009273,0.00201115,0.00201337,0.002017394,0.002017319,0.002017453,0.0020203739999999997,0.002021551,0.002021626,0.002024114,0.002026543,0.0020236969999999996,0.002024114,0.0020224600000000002,0.002025783,0.002024814,0.002025649,0.002024457,0.002025366,0.002025366,0.0020241889999999996,0.0020241889999999996,0.0020252910000000002,0.00202474,0.002022654,0.0020240550000000003,0.002025157,0.002024814,0.002021268,0.002024606,0.0020238459999999997,0.0020266769999999997,0.002025709,0.002026334,0.002024114,0.002025574,0.002023637,0.002020508],"unit":"A"},"resistance":{"value":[-100.76552,-83.17501,-77.242111,-75.924691,-76.074974,-77.172266,-78.81266,-80.970394,-83.582877,-86.593518,-90.019258,-93.96945,-98.436294,-103.606411,-109.508028,-116.379529,-124.701004,-133.989379,-145.12314,-158.392252,-174.635038,-194.633883,-219.525771,-252.172782,-294.48752,-351.695333,-431.376312,-548.198281,-725.266857,-1011.724,-1506.838,-2498.333,-5265.631,-47524.139,7843.004,3738.062,2427.495,1766.171,1367.699,1103.764,918.667112,784.872965,685.462281,608.665,548.335267,500.454591,462.439388,430.303449,404.115014,381.082464,362.139156,345.208351,330.219254,316.335101,305.020008,293.228735,282.017162,271.482821,261.008301,251.105229,241.454622,231.823676,223.066083,214.138476,205.055117,196.401583,187.747267,178.950519,170.517595,162.084187,153.440572,144.93136,136.518025,127.957125,119.422172,111.173068,102.758974,94.439551,85.892841,77.527402,69.103936,60.758875,52.336786,43.939258,35.566523,27.175536,18.765611,10.371907,1.977471,-6.421197,-14.809059,-23.207966,-31.65852,-40.000294,-48.418442,-56.740192,-65.155308,-73.523286,-82.005948,-90.33737,-98.819829,-98.965441],"unit":"ohms"},"conductance":{"value":[-0.00992403,-0.012022842,-0.012946306,-0.013170946,-0.013144927,-0.012958023,-0.012688317,-0.012350193,-0.011964173,-0.011548209,-0.011108734,-0.010641756,-0.010158855,-0.009651912,-0.009131751,-0.008592576,-0.008019182,-0.007463278,-0.0068907,-0.00631344,-0.005726228,-0.005137852,-0.004555274,-0.003965535,-0.00339573,-0.00284337,-0.002318162,-0.001824157,-0.001378803,-0.000988411571,-0.000663641261,-0.000400266894,-0.000189910763,-2.1041938e-5,0.000127502172,0.000267518326,0.000411947287,0.000566196582,0.000731155068,0.000905991128,0.001088534,0.001274092,0.001458869,0.00164294,0.001823702,0.001998183,0.002162446,0.002323941,0.002474543,0.002624104,0.002761369,0.002896801,0.003028291,0.003161205,0.003278473,0.003410307,0.003545883,0.003683474,0.003831296,0.003982394,0.004141565,0.004313623,0.004482976,0.004669875,0.004876738,0.005091609,0.005326309,0.005588137,0.005864497,0.006169633,0.006517181,0.006899818,0.00732504,0.007815118,0.008373654,0.008994984,0.00973151,0.010588784,0.011642414,0.012898665,0.014470956,0.016458501,0.01910702,0.022758691,0.028116328,0.036797802,0.053288966,0.096414284,0.505696339,-0.155734209,-0.067526234,-0.043088654,-0.031587073,-0.024999816,-0.020653287,-0.017624191,-0.015347944,-0.013601133,-0.012194237,-0.011069616,-0.010119427,-0.010104537],"unit":"S"},"power":{"value":[-22.328194,-26.440881,-27.824277,-27.653317,-26.954915,-25.945322,-24.797683,-23.553434,-22.259361,-20.952784,-19.649815,-18.345977,-17.06317,-15.788718,-14.543229,-13.318583,-12.09235,-10.944877,-9.823634,-8.746348,-7.70509,-6.712337,-5.775678,-4.876941,-4.049225,-3.28595,-2.594955,-1.976766,-1.445791,-1.002313,-0.65040975,-0.378938558,-0.173568307,-0.01855417,0.108384345,0.219095294,0.324837523,0.429508247,0.533237845,0.634718538,0.731900492,0.821527096,0.901264621,0.971599621,1.031295,1.079437,1.114779,1.141926,1.157697,1.167413,1.166717,1.160738,1.149127,1.134301,1.110454,1.088656,1.064889,1.038693,1.012189,0.983817364,0.954257403,0.924647343,0.891749489,0.859508323,0.827843656,0.794390354,0.761063652,0.728306668,0.693934442,0.659701746,0.626330738,0.592286492,0.557945105,0.524245205,0.490452127,0.455292528,0.421007424,0.386290331,0.352486786,0.317852558,0.283550981,0.249015727,0.214691084,0.180243528,0.145728123,0.111347401,0.076972875,0.04252038,0.008090089,-0.026306338,-0.060735828,-0.095149728,-0.129341657,-0.163962364,-0.198319629,-0.23305581,-0.26736449,-0.301888899,-0.335981488,-0.370649876,-0.404677861,-0.40402174],"unit":"mW"},"J":{"value":[-0.155871763,-0.186697351,-0.198738269,-0.199838303,-0.197103666,-0.191997483,-0.185739464,-0.178591431,-0.170881211,-0.162882643,-0.15470635200000002,-0.146309899,-0.137863359,-0.129263751,-0.12067132,-0.11201788,-0.10311385099999999,-0.094638289,-0.086151805,-0.077811367,-0.069553627,-0.061492801,-0.053710026,-0.046049112999999996,-0.038828369,-0.032006914000000004,-0.025682268,-0.019884078,-0.014784292000000001,-0.010422387,-0.006879499,-0.004078081,-0.0019011070000000002,-0.000206899893,0.001230945,0.00253507,0.003830457,0.0051637589999999995,0.006538255000000001,0.007940525,0.009346383,0.010712921,0.012006903,0.013229735,0.014360350000000001,0.015378466,0.016257869,0.017058007,0.017723176,0.018327336,0.018794967,0.019200965,0.019533472,0.019828374,0.019979415,0.020176172000000003,0.020347497,0.020481841,0.020620555,0.020726500999999998,0.020816688,0.020912492,0.020936365999999998,0.020978494,0.021039503,0.021059164,0.021082412999999998,0.021124541,0.021123760999999998,0.021125166,0.021155748,0.021168075,0.021168855,0.021194912,0.021220345999999998,0.021190543000000003,0.021194912,0.021177593,0.021212388000000002,0.021202245999999998,0.021210984,0.021198501,0.021208019,0.021208019,0.021195692999999998,0.021195692999999998,0.021207239000000003,0.021201466,0.021179621000000003,0.021194288,0.021205835,0.021202245999999998,0.021165109999999997,0.021200061000000003,0.021192104,0.02122175,0.021211608,0.021218161,0.021194912,0.021210204,0.021189918999999998,0.021157152],"unit":"A\/cm2"},"power_density":{"value":[-233.803074,-276.867861,-291.353683,-289.563533,-282.250414,-271.678766,-259.6616,-246.632815,-233.082312,-219.400881,-205.757223,-192.104473,-178.671933,-165.326894,-152.285115,-139.461607,-126.621466,-114.60604,-102.865276,-91.584799,-80.681567,-70.28625,-60.478305,-51.067444,-42.400265,-34.407854,-27.172301,-20.699124,-15.139178,-10.495423,-6.810573,-3.967943,-1.817469,-0.194284501,1.134915,2.294192,3.40144,4.497469,5.583642,6.646267,7.663879,8.602378,9.437326,10.173818,10.798903,11.30301,11.673079,11.957345,12.122479,12.224216,12.216928,12.154324,12.032743,11.877498,11.627791,11.399543,11.150668,10.876363,10.598841,10.301753,9.992224,9.682171,9.337691,9.000087,8.66852,8.318224,7.969253,7.626248,7.266329,6.907872,6.558437,6.201953,5.842357,5.489479,5.135624,4.767461,4.408455,4.044925,3.690961,3.328299,2.96912,2.607495,2.248074,1.887367,1.525949,1.165941,0.805998696,0.445239582,0.084712975,-0.275459036,-0.635977255,-0.996332233,-1.354363,-1.716883,-2.076645,-2.440375,-2.799628,-3.16114,-3.518131,-3.881151,-4.237465,-4.230594],"unit":"mW\/cm2"},"timestamps":{"value":[0.019,0.043,0.068,0.09,0.113,0.135,0.158,0.181,0.201,0.223,0.245,0.269,0.293,0.316,0.341,0.366,0.403,0.428,0.451,0.474,0.498,0.52,0.542,0.568,0.591,0.614,0.634,0.658,0.681,0.704,0.726,0.748,0.77,0.793,0.816,0.837,0.859,0.88,0.903,0.927,0.949,0.971,0.996,1.019,1.035,1.056,1.081,1.103,1.126,1.147,1.17,1.193,1.215,1.237,1.274,1.298,1.32,1.343,1.365,1.387,1.41,1.43,1.452,1.478,1.498,1.521,1.543,1.565,1.588,1.61,1.631,1.655,1.677,1.699,1.722,1.744,1.77,1.792,1.815,1.837,1.86,1.882,1.904,1.934,1.956,1.979,2,2.023,2.046,2.068,2.092,2.127,2.15,2.171,2.192,2.219,2.243,2.264,2.286,2.307,2.336,2.358],"unit":"s"},"p_max":{"unit":"mW","value":1.167413},"v_p_max":{"unit":"V","value":0.666993618},"i_p_max":{"unit":"mA","value":1.750261},"j_p_max":{"unit":"mA\/cm2","value":18.327336},"voc":{"unit":"V","value":0.936574573},"isc":{"unit":"mA","value":2.022983},"jsc":{"unit":"mA\/cm2","value":21.183073},"fill_factor":{"unit":"%","value":61.615461},"efficiency":{"unit":"%","value":12.224216},"r_s":{"unit":"ohms","value":31.656212},"r_sh":{"unit":"ohms","value":2961.501},"cell_dimension":{"value":0.09549999764870819,"unit":"cm2"},"sweep_direction":{"unit":"","value":"Reverse"},"key":"reverse6_2cell_231114"},{"V":{"value":[1.499954,1.482977,1.466013,1.44899,1.431987,1.415009,1.397987,1.380986,1.364005,1.346983,1.329988,1.313,1.296005,1.278986,1.262009,1.244989,1.227981,1.21099,1.194,1.177011,1.159996,1.143001,1.126014,1.108983,1.091996,1.075013,1.058014,1.040986,1.024006,1.007005,0.989976883,0.972987175,0.956004143,0.939011574,0.922016382,0.904981613,0.888004065,0.870984316,0.853993177,0.837002039,0.81998086,0.802990913,0.785991669,0.769006014,0.751994371,0.734988213,0.717995644,0.700985432,0.683987379,0.66699481,0.650009155,0.632997513,0.616003752,0.599018097,0.581987381,0.565004349,0.548014402,0.531013727,0.514002085,0.497004271,0.480007648,0.462989092,0.446003437,0.429016352,0.412014246,0.394994497,0.37800622,0.361013651,0.343984127,0.326999903,0.310011387,0.292986155,0.27598834,0.259002447,0.242012739,0.224986076,0.207991838,0.191001415,0.174003124,0.156992435,0.139978886,0.12300086,0.105998278,0.088993073,0.071994543,0.055004358,0.038003206,0.020999432,0.004000723,-0.012997985,-0.029996157,-0.046994686,-0.063988924,-0.080987453,-0.09799552,-0.114995241,-0.131984234,-0.148984194,-0.165990829,-0.182987928,-0.199982166,-0.199968576],"unit":"V"},"I":{"value":[-0.012645647,-0.016772822,-0.017756224,-0.018080488,-0.017999142,-0.017602131,-0.017078012,-0.016463742,-0.015789822,-0.015083671,-0.014350533,-0.013594523,-0.012831569,-0.012059391,-0.011278822999999999,-0.010500818,-0.009722129000000001,-0.008944198,-0.008178398,-0.00741677,-0.006665602,-0.0059353109999999995,-0.0051999690000000005,-0.004504978999999999,-0.003834873,-0.003201947,-0.0026062579999999998,-0.002060845,-0.001574382,-0.001146793,-0.0007895082239999999,-0.000504985452,-0.000287309289,-0.00012370944,8.612870999999999e-6,0.000109508634,0.000204309821,0.000305891037,0.000418663025,0.000542089343,0.000676766038,0.000816434622,0.000957757235,0.0010968,0.001229048,0.001351237,0.0014633089999999999,0.001561716,0.001648739,0.0017227380000000001,0.001787782,0.001838133,0.0018811230000000002,0.001917735,0.0019440949999999999,0.001966208,0.001984239,0.0020013,0.002014339,0.0020258579999999997,0.002030432,0.002039999,0.00204277,0.002048597,0.0020508920000000003,0.002053797,0.002060249,0.002061352,0.002064124,0.002064273,0.002068147,0.002065524,0.002066419,0.0020687730000000003,0.002065718,0.002067521,0.002065927,0.002068013,0.002070159,0.00207141,0.002072871,0.002070785,0.002071545,0.002071336,0.002073139,0.002070934,0.002074257,0.002070993,0.0020711270000000003,0.0020711270000000003,0.0020700249999999996,0.002072036,0.002073005,0.002072111,0.0020729299999999997,0.0020700989999999997,0.002070367,0.0020700249999999996,0.002071902,0.0020706500000000003,0.002072036,0.002070308],"unit":"A"},"resistance":{"value":[-118.614292,-88.415471,-82.56333,-80.141109,-79.558626,-80.388535,-81.858876,-83.880459,-86.385055,-89.300772,-92.678662,-96.582993,-101.001254,-106.057285,-111.891876,-118.561131,-126.307868,-135.393931,-145.994392,-158.695842,-174.027224,-192.576392,-216.542451,-246.168376,-284.754167,-335.737378,-405.951367,-505.125603,-650.417453,-878.10499,-1253.916,-1926.763,-3327.439,-7590.46,107050.99,8264.021,4346.36,2847.368,2039.81,1544.03,1211.616,983.533638,820.658556,701.136064,611.851212,543.937186,490.665798,448.855837,414.85486,387.171325,363.584183,344.369859,327.466033,312.357118,299.361611,287.357332,276.183719,265.334336,255.171593,245.330313,236.406634,226.955574,218.332633,209.41962,200.895192,192.323998,183.475948,175.134391,166.648985,158.409251,149.898135,141.84589,133.558781,125.196171,117.156707,108.819235,100.677255,92.359874,84.053035,75.790116,67.528999,59.398192,51.168718,42.964095,34.727312,26.560175,18.321363,10.139788,1.931665,-6.275802,-14.490725,-22.680436,-30.867716,-39.084519,-47.273909,-55.550597,-63.749187,-71.972185,-80.115187,-88.372196,-96.5148,-96.588818],"unit":"ohms"},"conductance":{"value":[-0.008430687,-0.011310238,-0.012111915,-0.012477991,-0.012569347,-0.012439585,-0.012216146,-0.011921728,-0.011576077,-0.011198111,-0.01078997,-0.01035379,-0.009900867,-0.009428867,-0.008937199,-0.008434467,-0.007917163,-0.007385855,-0.006849578,-0.006301362,-0.005746227,-0.005192744,-0.004618032,-0.00406226,-0.003511801,-0.002978519,-0.002463349,-0.001979706,-0.001537474,-0.001138816,-0.000797501676,-0.00051900525,-0.000300531427,-0.000131744319,9.341343e-6,0.000121006474,0.000230077574,0.000351201545,0.000490241651,0.000647655941,0.000825343701,0.001016742,0.001218534,0.001426257,0.001634384,0.001838448,0.002038047,0.002227887,0.002410482,0.002582836,0.002750395,0.002903855,0.003053752,0.003201464,0.003340442,0.003479988,0.003620778,0.00376883,0.003918932,0.004076137,0.00423,0.004406149,0.004580167,0.004775102,0.00497772,0.005199559,0.005450306,0.005709901,0.006000637,0.006312763,0.006671197,0.007049905,0.00748734,0.007987465,0.008535576,0.009189552,0.00993273,0.010827213,0.01189725,0.013194333,0.014808453,0.016835529,0.01954319,0.023275249,0.028795779,0.037650354,0.054581093,0.098621392,0.517688205,-0.159342184,-0.069009661,-0.044090863,-0.032396307,-0.025585578,-0.021153317,-0.018001607,-0.015686475,-0.013894257,-0.012482028,-0.011315776,-0.010361105,-0.010353165],"unit":"S"},"power":{"value":[-18.967895,-24.873707,-26.030854,-26.198452,-25.774539,-24.907182,-23.874837,-22.7362,-21.53739,-20.317454,-19.086041,-17.849605,-16.629771,-15.423794,-14.233972,-13.073403,-11.938592,-10.831337,-9.765009,-8.729616,-7.732074,-6.784066,-5.855238,-4.995946,-4.187667,-3.442135,-2.757457,-2.145311,-1.612176,-1.154827,-0.78159489,-0.491344368,-0.274668871,-0.116164596,0.007941208,0.0991033,0.181427952,0.266426296,0.357535367,0.453729885,0.554935198,0.655589583,0.752789207,0.843445773,0.924237009,0.993143486,1.050649,1.09474,1.127717,1.149057,1.162074,1.163533,1.158779,1.148758,1.131439,1.110916,1.087391,1.062718,1.035374,1.00686,0.974622997,0.944497178,0.911082613,0.878881499,0.844996523,0.81123861,0.778787106,0.74417626,0.710025806,0.675016992,0.641149139,0.605170068,0.57030742,0.535817247,0.499930114,0.465163486,0.429695911,0.394993401,0.360214085,0.325195766,0.290158135,0.254708283,0.219580152,0.184334547,0.149254692,0.113910373,0.078828399,0.04348968,0.008286007,-0.026920481,-0.062092783,-0.097374694,-0.132649349,-0.167814975,-0.203137885,-0.238051547,-0.273255847,-0.308400948,-0.343916757,-0.378904038,-0.414370301,-0.41399649],"unit":"mW"},"J":{"value":[-0.132415151,-0.175631639,-0.18592904400000002,-0.18932448,-0.188472695,-0.184315505,-0.178827353,-0.172395201,-0.165338448,-0.157944195,-0.150267366,-0.142351027,-0.134361976,-0.12627634100000001,-0.11810285899999999,-0.109956215,-0.10180239299999999,-0.093656529,-0.085637676,-0.077662512,-0.06979688299999999,-0.062149856999999996,-0.054449935000000005,-0.047172551,-0.040155743,-0.033528236999999995,-0.027290658,-0.021579533999999997,-0.016485677,-0.012008307000000001,-0.008267102,-0.005287806,-0.003008474,-0.001295387,9.0187133e-5,0.001146687,0.00213937,0.003203048,0.004383906,0.005676328,0.007086555,0.008549054,0.010028872,0.011484816,0.01286961,0.014149082,0.015322607,0.016353048999999998,0.017264283,0.018039143,0.018720227000000002,0.019247463,0.019697619,0.020080992,0.020357015,0.020588567999999998,0.020777367999999997,0.020956026000000003,0.021092555000000002,0.021213168,0.02126107,0.021361243999999998,0.021390266,0.021451275,0.021475304,0.02150573,0.021573293,0.021584838999999998,0.021613861,0.021615422,0.02165599,0.021628528,0.02163789,0.021662544,0.021630556999999998,0.021649437,0.021632741,0.021654586,0.021677055,0.021690161,0.021705453,0.021683608,0.021691566000000002,0.021689381,0.021708261,0.021685168,0.021719964,0.021685793000000002,0.021687197000000002,0.021687197000000002,0.02167565,0.021696715000000002,0.021706857,0.021697495,0.021706077,0.021676431,0.021679239,0.02167565,0.021695311000000002,0.021682204,0.021696715000000002,0.021678615000000002],"unit":"A\/cm2"},"power_density":{"value":[-198.616697,-260.457666,-272.574387,-274.329344,-269.890459,-260.808191,-249.998295,-238.075395,-225.522405,-212.748214,-199.85383,-186.906859,-174.13373,-161.505699,-149.046831,-136.894269,-125.011438,-113.417138,-102.251405,-91.409594,-80.964124,-71.037339,-61.311389,-52.313571,-43.849918,-36.043296,-28.873895,-22.463989,-16.881427,-12.092425,-8.18424,-5.144967,-2.876114,-1.216383,0.083154014,1.037731,1.899769,2.789804,3.743826,4.751098,5.81084,6.864812,7.882609,8.831893,9.677874,10.399408,11.001565,11.463249,11.808551,12.032015,12.168319,12.183596,12.133807,12.028878,11.847526,11.63263,11.386297,11.127937,10.841617,10.543035,10.205476,9.890023,9.540132,9.202948,8.848131,8.494645,8.154839,7.792422,7.434825,7.068241,6.713604,6.336859,5.971805,5.610652,5.23487,4.870822,4.499434,4.136057,3.771875,3.405191,3.038305,2.667102,2.299269,1.930205,1.562876,1.192779,0.825428263,0.455389317,0.086764475,-0.281889856,-0.650186205,-1.01963,-1.388998,-1.757225,-2.127098,-2.492686,-2.861318,-3.229329,-3.601223,-3.967582,-4.338956,-4.335042],"unit":"mW\/cm2"},"timestamps":{"value":[0.018,0.042,0.063,0.086,0.111,0.133,0.155,0.178,0.2,0.221,0.244,0.266,0.287,0.309,0.332,0.355,0.377,0.4,0.421,0.445,0.466,0.488,0.52,0.543,0.566,0.589,0.613,0.633,0.654,0.678,0.7,0.724,0.746,0.769,0.804,0.826,0.846,0.87,0.892,0.913,0.935,0.957,0.979,1.004,1.026,1.048,1.07,1.093,1.119,1.143,1.163,1.185,1.208,1.229,1.251,1.275,1.298,1.324,1.347,1.369,1.393,1.415,1.438,1.46,1.482,1.507,1.529,1.55,1.574,1.596,1.619,1.655,1.68,1.703,1.726,1.749,1.773,1.798,1.821,1.842,1.864,1.884,1.906,1.929,1.952,1.973,1.996,2.019,2.047,2.068,2.09,2.113,2.136,2.158,2.179,2.206,2.229,2.252,2.276,2.296,2.324,2.346],"unit":"s"},"p_max":{"unit":"mW","value":1.163533},"v_p_max":{"unit":"V","value":0.632997513},"i_p_max":{"unit":"mA","value":1.838133},"j_p_max":{"unit":"mA\/cm2","value":19.247463},"voc":{"unit":"V","value":0.923122601},"isc":{"unit":"mA","value":2.071127},"jsc":{"unit":"mA\/cm2","value":21.687197},"fill_factor":{"unit":"%","value":60.857302},"efficiency":{"unit":"%","value":12.183596},"r_s":{"unit":"ohms","value":34.434227},"r_sh":{"unit":"ohms","value":3420.785},"cell_dimension":{"value":0.09550000060038445,"unit":"cm2"},"sweep_direction":{"unit":"","value":"Reverse"},"key":"reverse6_1cell_231114"},{"V":{"value":[-0.199963093,-0.182987928,-0.165986776,-0.148982763,-0.131982803,-0.114995241,-0.09799552,-0.080987453,-0.063990355,-0.046993256,-0.029994726,-0.012999952,0.003999889,0.020998597,0.038005829,0.055017948,0.071995974,0.089006662,0.106002331,0.12299943,0.139995337,0.156993628,0.174003124,0.191004276,0.207993031,0.224983454,0.242010117,0.259001255,0.275989532,0.292986155,0.310011387,0.327001333,0.343988419,0.361014843,0.378008842,0.394993067,0.412011623,0.429002762,0.4459939,0.462986469,0.480009079,0.497010946,0.513998032,0.531013727,0.54801178,0.565001488,0.581990004,0.599015236,0.616004944,0.633000374,0.650010586,0.66699481,0.683991432,0.700984001,0.718001127,0.734989405,0.751992941,0.769008636,0.785995722,0.803004503,0.819991589,0.837007284,0.853993177,0.870986938,0.888009548,0.90499258,0.921987772,0.939015627,0.956011057,0.972992659,0.989979506,1.007009,1.024006,1.040986,1.058018,1.07501,1.091991,1.108978,1.126015,1.143001,1.159991,1.17702,1.194009,1.210996,1.227974,1.244998,1.261999,1.27899,1.296002,1.312997,1.329988,1.346986,1.363999,1.38099,1.397988,1.415014,1.431991,1.448996,1.466021,1.482985,1.499984,1.499986],"unit":"V"},"I":{"value":[0.001176625,0.0020783390000000002,0.002076954,0.0020789650000000003,0.0020773709999999997,0.002074182,0.002073079,0.002070308,0.002066284,0.002064332,0.002060175,0.002053663,0.00205186,0.002047285,0.002044231,0.002039999,0.002035692,0.002030149,0.002023563,0.002018154,0.002013087,0.0020037289999999997,0.001994088,0.001985148,0.001975089,0.001967952,0.001955599,0.001942217,0.0019275100000000001,0.001911357,0.0018937440000000002,0.001872867,0.0018513800000000001,0.001827791,0.0018035170000000001,0.001776546,0.001745611,0.0017135739999999998,0.001676485,0.001634866,0.001588956,0.001542494,0.0014947950000000002,0.0014373659999999998,0.001380086,0.0013151170000000002,0.001248404,0.001234531,0.001160532,0.00108245,0.001008943,0.0009340494870000001,0.0008572787050000001,0.00078868866,0.00072683394,0.000660061836,0.000597715378,0.0005373060699999999,0.00048550963400000003,0.00043287873300000004,0.00038814544699999995,0.000341683626,0.00029917061299999996,0.00025673210600000003,0.00021359324499999998,0.000166028738,0.00011241436000000001,4.8756599e-5,-2.8163194999999998e-5,-0.000122889876,-0.000242784619,-0.000396460295,-0.0005943775180000001,-0.0008434653279999999,-0.001147002,-0.001510516,-0.001927495,-0.002394885,-0.002909169,-0.003456444,-0.004041388999999999,-0.00464879,-0.0052827,-0.005933717,-0.0066147739999999995,-0.007289454,-0.007984996,-0.00868845,-0.009409443,-0.010133281000000001,-0.010867462,-0.011612803,-0.01236105,-0.013119146,-0.013880998,-0.014646366000000001,-0.015420631,-0.016199111999999998,-0.016979337,-0.017765239000000002,-0.018557175999999998,-0.018571123],"unit":"A"},"resistance":{"value":[-169.946253,-88.045255,-79.918383,-71.661977,-63.533577,-55.441248,-47.270511,-39.118558,-30.968803,-22.764384,-14.55931,-6.330129,1.949397,10.2568,18.591751,26.969599,35.366825,43.842426,52.384009,60.946513,69.542607,78.350715,87.259488,96.216663,105.308165,114.323669,123.75245,133.353383,143.184495,153.286983,163.702912,174.599303,185.801101,197.514255,209.595347,222.337622,236.027111,250.35556,266.029172,283.195362,302.090947,322.212626,343.858524,369.435289,397.085255,429.62074,466.187087,485.216686,530.795203,584.78478,644.249243,714.08937,797.863552,888.796856,987.847551,1113.516,1258.112,1431.23,1618.909,1855.033,2112.588,2449.656,2854.536,3392.591,4157.48,5450.819,8201.69,19259.252,-33945.405,-7917.598,-4077.604,-2540,-1722.82,-1234.177,-922.42035,-711.684243,-566.533614,-463.061014,-387.057383,-330.686969,-287.027775,-253.188493,-226.022408,-204.087201,-185.641162,-170.794465,-158.04631,-147.205806,-137.734186,-129.572747,-122.382604,-115.99149,-110.346546,-105.265255,-100.712379,-96.611919,-92.862033,-89.44909,-86.34148,-83.476785,-80.830416,-80.769787],"unit":"ohms"},"conductance":{"value":[-0.005884213,-0.011357795,-0.012512766,-0.013954402,-0.015739709,-0.018037112,-0.021154838,-0.025563314,-0.032290561,-0.043928269,-0.068684572,-0.157974673,0.512979272,0.097496296,0.053787294,0.037078787,0.028275086,0.022808957,0.019089795,0.016407829,0.014379674,0.012763125,0.011460072,0.01039321,0.00949594,0.008747095,0.008080648,0.007498872,0.006983996,0.006523711,0.006108627,0.0057274,0.005382099,0.005062926,0.004771098,0.004497664,0.004236801,0.003994319,0.003758986,0.003531131,0.003310261,0.003103541,0.002908173,0.002706834,0.002518351,0.002327634,0.002145062,0.002060935,0.001883966,0.001710031,0.001552194,0.001400385,0.001253347,0.001125116,0.001012302,0.00089805626,0.00079484174,0.000698699657,0.000617700098,0.000539073854,0.000473352961,0.000408220612,0.000350319676,0.000294759996,0.000240530347,0.000183458673,0.000121926086,5.1923097e-5,-2.9459068e-5,-0.000126300929,-0.000245242066,-0.000393700834,-0.000580443591,-0.000810256307,-0.001084104,-0.001405118,-0.00176512,-0.002159543,-0.002583596,-0.003024008,-0.003483983,-0.003949627,-0.00442434,-0.004899866,-0.005386736,-0.005854991,-0.006327259,-0.00679321,-0.007260362,-0.007717672,-0.008171096,-0.008621322,-0.009062359,-0.009499811,-0.009929266,-0.01035069,-0.010768664,-0.011179544,-0.011581919,-0.011979379,-0.01237158,-0.012380867],"unit":"S"},"power":{"value":[-0.235281672,-0.380311032,-0.344746841,-0.309729996,-0.274177233,-0.238521063,-0.203152488,-0.167668951,-0.132222272,-0.097009699,-0.061794383,-0.026697522,0.008207212,0.042990122,0.077692682,0.112236547,0.146561652,0.180696796,0.214502372,0.24823175,0.28182283,0.314572738,0.346977593,0.37917168,0.410804812,0.44275656,0.473274643,0.503036731,0.531972557,0.560001151,0.587082164,0.612430119,0.636853234,0.659859801,0.681745503,0.701723448,0.719212199,0.73512795,0.747702058,0.756920837,0.762713076,0.766636254,0.768321731,0.763261082,0.756303355,0.743042995,0.726558872,0.739503119,0.714893595,0.685191351,0.655823451,0.62300616,0.586371289,0.552858132,0.521867588,0.485138456,0.449477745,0.413193009,0.381608495,0.347603572,0.318276002,0.285991684,0.255489663,0.223610311,0.189672841,0.150254776,0.103644665,0.045783209,-0.026924325,-0.119570948,-0.240351797,-0.399239097,-0.608645937,-0.878035449,-1.213549,-1.62382,-2.104807,-2.655874,-3.275768,-3.950718,-4.687974,-5.471719,-6.307589,-7.185705,-8.122774,-9.075359,-10.077058,-11.112443,-12.194656,-13.304969,-14.453596,-15.642286,-16.860461,-18.117413,-19.405473,-20.724807,-22.082206,-23.472446,-24.892065,-26.345583,-27.835472,-27.85642],"unit":"mW"},"J":{"value":[0.012320686,0.021762716999999997,0.021748206,0.02176927,0.021752575,0.021719184,0.021707637,0.021678615000000002,0.021636486,0.021616046,0.021572512,0.021504325999999997,0.021485446,0.021437544,0.021405557000000002,0.021361243999999998,0.02131615,0.021258106000000002,0.021189139,0.021132499,0.021079448,0.020981459,0.020880506,0.020786885999999997,0.020681563,0.020606824,0.020477472,0.020337354000000002,0.02018335,0.020014209999999998,0.019829779,0.019611176,0.019386177,0.019139176,0.018884998,0.018602578,0.018278654,0.017943183,0.017554815999999997,0.017119015999999997,0.016638278,0.016151767,0.015652305000000002,0.015050953,0.014451162,0.013770857,0.013072297,0.01292703,0.01215217,0.011334557,0.010564845,0.009780623,0.008976739999999999,0.00825852,0.007610827,0.006911642,0.0062588,0.005626242,0.005083871,0.004532762,0.00406435,0.003577839,0.003132677,0.002688294,0.0022365780000000004,0.001738521,0.001177114,0.000510540308,-0.00029490256199999997,-0.001286805,-0.002542247,-0.004151417,-0.006223848000000001,-0.008832098,-0.012010492,-0.015816919,-0.020183194,-0.025077328000000003,-0.030462498,-0.036193126,-0.042318206000000004,-0.048678426999999996,-0.055316231,-0.062133161,-0.069264654,-0.076329365,-0.083612522,-0.090978533,-0.098528194,-0.10610765800000001,-0.113795409,-0.12160002900000001,-0.129435075,-0.137373259,-0.145350763,-0.153365092,-0.16147257099999998,-0.169624209,-0.177794102,-0.186023444,-0.194315979,-0.194462026],"unit":"A\/cm2"},"power_density":{"value":[-2.463682,-3.982314,-3.609915,-3.243246,-2.870966,-2.497603,-2.127251,-1.755696,-1.384526,-1.015808,-0.647061605,-0.279555203,0.085939397,0.450158347,0.813535938,1.175252,1.534677,1.892113,2.246098,2.599285,2.951024,3.293955,3.633273,3.970384,4.301621,4.636194,4.955755,5.2674,5.570393,5.863886,6.147457,6.412881,6.66862,6.909527,7.138696,7.34789,7.531018,7.697675,7.829341,7.925873,7.986524,8.027605,8.045254,7.992263,7.919407,7.780555,7.607946,7.743488,7.485797,7.174779,6.867261,6.523625,6.140013,5.78909,5.464582,5.079984,4.706573,4.326628,3.9959,3.639828,3.332733,2.994677,2.675284,2.341469,1.986103,1.573348,1.085284,0.479405327,-0.28193011,-1.252052,-2.516773,-4.180514,-6.373256,-9.194088,-12.707316,-17.003351,-22.03986,-27.8102,-34.301236,-41.368774,-49.088729,-57.295486,-66.048055,-75.242989,-85.055223,-95.029941,-105.51893,-116.360658,-127.692728,-139.319048,-151.346556,-163.793572,-176.549329,-189.711133,-203.198669,-217.013683,-231.227285,-245.784771,-260.649898,-275.86998,-291.470911,-291.690257],"unit":"mW\/cm2"},"timestamps":{"value":[0.019,0.044,0.068,0.09,0.112,0.135,0.156,0.184,0.207,0.244,0.266,0.29,0.312,0.334,0.36,0.382,0.405,0.428,0.455,0.476,0.501,0.524,0.545,0.566,0.587,0.613,0.636,0.657,0.679,0.702,0.726,0.747,0.77,0.792,0.815,0.839,0.862,0.887,0.91,0.932,0.954,0.977,1.001,1.023,1.045,1.067,1.102,1.128,1.15,1.171,1.194,1.216,1.238,1.261,1.285,1.308,1.33,1.351,1.374,1.396,1.419,1.44,1.463,1.485,1.507,1.53,1.553,1.574,1.596,1.618,1.641,1.664,1.685,1.707,1.732,1.755,1.778,1.801,1.824,1.848,1.873,1.897,1.92,1.943,1.979,2.001,2.025,2.049,2.072,2.094,2.116,2.14,2.161,2.186,2.209,2.23,2.251,2.273,2.296,2.318,2.341,2.361],"unit":"s"},"p_max":{"unit":"mW","value":0.768321731},"v_p_max":{"unit":"V","value":0.513998032},"i_p_max":{"unit":"mA","value":1.494795},"j_p_max":{"unit":"mA\/cm2","value":15.652305},"voc":{"unit":"V","value":0.949788398},"isc":{"unit":"mA","value":2.052284},"jsc":{"unit":"mA\/cm2","value":21.489888},"fill_factor":{"unit":"%","value":39.416561},"efficiency":{"unit":"%","value":8.045254},"r_s":{"unit":"ohms","value":42.446409},"r_sh":{"unit":"ohms","value":571.392151},"cell_dimension":{"value":0.09549995836270804,"unit":"cm2"},"sweep_direction":{"unit":"","value":"Forward"},"key":"forward6_4cell_231114"},{"V":{"value":[-0.199971437,-0.182985067,-0.165992022,-0.148981333,-0.131982803,-0.114992619,-0.097990036,-0.080990076,-0.063988924,-0.046987772,-0.029993296,-0.012998402,0.003998458,0.021001548,0.038004637,0.055005789,0.071995974,0.089006662,0.106001139,0.12300086,0.139992476,0.156991005,0.174001694,0.191001415,0.207993031,0.224982023,0.242011309,0.259002447,0.275992393,0.292984962,0.310012817,0.326998472,0.343986988,0.361014843,0.378007412,0.394994497,0.412014246,0.429014921,0.445988417,0.462997437,0.480003595,0.497010946,0.513995409,0.531016588,0.54801321,0.565002918,0.581990004,0.599015236,0.616006374,0.632998943,0.650013208,0.666997671,0.68398881,0.700985432,0.717998266,0.734993696,0.75199151,0.769011497,0.785994291,0.802993774,0.819971323,0.836999178,0.853979349,0.870988369,0.88801074,0.904993773,0.921987772,0.939013004,0.956021786,0.972993851,0.989978313,1.007005,1.024006,1.040987,1.058017,1.07501,1.091993,1.108979,1.126017,1.143004,1.159991,1.177015,1.194011,1.210997,1.227974,1.244998,1.262,1.278987,1.296007,1.313,1.32999,1.346992,1.364005,1.38099,1.397987,1.415011,1.431995,1.448996,1.46602,1.482986,1.499987,1.499986],"unit":"V"},"I":{"value":[0.001729533,0.002060801,0.002058506,0.002057821,0.0020550489999999998,0.002054349,0.002054557,0.002051443,0.002047345,0.002040684,0.002037913,0.002032295,0.0020282119999999997,0.0020240550000000003,0.002018645,0.002012879,0.002004489,0.001996234,0.001987293,0.001979321,0.001970783,0.001959071,0.001948729,0.001934871,0.001920089,0.0019042190000000002,0.001885563,0.001877025,0.001854986,0.001831472,0.001804292,0.001778767,0.001749784,0.001715451,0.001687571,0.0016516599999999999,0.0016110089999999998,0.001574054,0.001531333,0.0014834849999999999,0.001437023,0.001388893,0.001336128,0.0012829299999999998,0.001227379,0.001173988,0.001120105,0.001062274,0.0010050539999999998,0.000947922468,0.000889450312,0.0008289813999999999,0.000771224499,0.000714078546,0.000661164522,0.00060915947,0.000554859638,0.000506237149,0.000460341573,0.000415667891,0.000374272466,0.00033183395900000004,0.00029036402700000004,0.00025048852,0.000219076872,0.000178232789,0.000134050846,7.836520700000001e-5,1.5333295e-5,-5.5968761e-5,-0.000137731433,-0.000232249498,-0.000340357423,-0.00046262144999999996,-0.000598534942,-0.000749632716,-0.0009130239489999999,-0.0010879190000000001,-0.0012739000000000001,-0.001467168,-0.001669943,-0.0018788869999999999,-0.0020939260000000003,-0.002314314,-0.002536982,-0.002766177,-0.002996758,-0.0032317640000000003,-0.003469348,-0.0037081840000000002,-0.003950894,-0.004193738,-0.004440412,-0.004686862,-0.004935414,-0.005186439,-0.005436718,-0.005689487,-0.0059422550000000005,-0.006196469,-0.006449862999999999,-0.0064478520000000004],"unit":"A"},"resistance":{"value":[-115.621632,-88.793186,-80.637132,-72.397631,-64.223679,-55.975222,-47.693993,-39.479567,-31.254587,-23.025499,-14.717655,-6.395923,1.97142,10.375979,18.826802,27.326927,35.917365,44.587288,53.339452,62.14295,71.033941,80.135452,89.289829,98.715319,108.324675,118.149214,128.349618,137.985631,148.784088,159.972402,171.819629,183.834399,196.588285,210.44888,223.994914,239.150062,255.749151,272.554069,291.242006,312.10117,334.026318,357.846943,384.690384,413.909125,446.490676,481.268059,519.585042,563.899001,612.909026,667.775018,730.803284,804.59908,886.886776,981.664323,1085.96,1206.57,1355.282,1519.074,1707.415,1931.816,2190.841,2522.343,2941.065,3477.159,4053.421,5077.594,6877.896,11982.524,62349.403,-17384.588,-7187.744,-4335.876,-3008.619,-2250.192,-1767.677,-1434.049,-1196.018,-1019.358,-883.912692,-779.054235,-694.628832,-626.442319,-570.226059,-523.2638,-484.029556,-450.079091,-421.121919,-395.755219,-373.559358,-354.081623,-336.630067,-321.191201,-307.179747,-294.651346,-283.256278,-272.829016,-263.393288,-254.679528,-246.711022,-239.327661,-232.561072,-232.633406],"unit":"ohms"},"conductance":{"value":[-0.008648901,-0.011262125,-0.012401235,-0.013812607,-0.015570581,-0.017865047,-0.020967001,-0.025329558,-0.031995303,-0.043430112,-0.067945605,-0.156349592,0.507248483,0.096376447,0.053115766,0.036593942,0.027841686,0.022427917,0.018747849,0.01609193,0.014077777,0.012478871,0.011199484,0.01013014,0.009231507,0.008463874,0.007791219,0.007247131,0.006721149,0.006251078,0.005820057,0.005439678,0.005086773,0.004751748,0.004464387,0.004181475,0.003910081,0.003668997,0.003433571,0.003204089,0.002993776,0.002794491,0.002599493,0.002415989,0.002239688,0.002077844,0.001924613,0.001773367,0.001631564,0.00149751,0.001368357,0.001242855,0.00112754,0.001018678,0.000920844176,0.000828795502,0.000737853593,0.000658295943,0.000585680555,0.000517647714,0.000456445799,0.000396456732,0.000340012937,0.000287591119,0.000246705205,0.000196943664,0.000145393301,8.3454868e-5,1.6038646e-5,-5.7522215e-5,-0.000139125707,-0.000230633913,-0.000332378461,-0.000444406451,-0.000565714164,-0.000697326078,-0.000836107623,-0.000981009461,-0.001131333,-0.001283608,-0.001439618,-0.001596316,-0.00175369,-0.001911082,-0.00206599,-0.002221832,-0.002374609,-0.002526814,-0.002676951,-0.002824208,-0.00297062,-0.00311341,-0.003255423,-0.003393842,-0.003530372,-0.003665299,-0.003796604,-0.003926503,-0.004053325,-0.004178372,-0.004299946,-0.004298609],"unit":"S"},"power":{"value":[-0.345857215,-0.377095772,-0.341695574,-0.306576849,-0.27123112,-0.236234924,-0.201326134,-0.166146513,-0.131007406,-0.095887205,-0.061123715,-0.026416586,0.008109721,0.042508277,0.076717885,0.110719978,0.144315159,0.177678131,0.210655359,0.243458215,0.275894774,0.307556456,0.339082174,0.369563114,0.399365156,0.428415131,0.456327602,0.486154009,0.511962013,0.536593732,0.559353709,0.581653932,0.601902843,0.619303446,0.6379145,0.652396457,0.663758757,0.675292807,0.68295666,0.6868498,0.689776342,0.690294791,0.686763411,0.68125731,0.672619821,0.663306637,0.651890137,0.636318298,0.619119375,0.600033921,0.578154451,0.552928663,0.527508927,0.500558658,0.474714981,0.44772837,0.417249737,0.389302188,0.361825848,0.333778729,0.306892689,0.277744751,0.247964883,0.218172587,0.194542615,0.161299564,0.123593241,0.073585948,0.014658964,-0.054457261,-0.136351132,-0.233876401,-0.348527924,-0.481583033,-0.633259867,-0.805862891,-0.997016064,-1.206479,-1.434433,-1.676979,-1.937119,-2.211478,-2.500171,-2.802627,-3.115349,-3.443886,-3.781909,-4.133385,-4.496301,-4.868844,-5.254648,-5.648931,-6.056742,-6.472511,-6.899644,-7.338867,-7.785354,-8.244043,-8.711464,-9.18928,-9.674712,-9.671685],"unit":"mW"},"J":{"value":[0.018110294,0.021579066,0.021555037,0.021547859,0.021518837000000002,0.021511503999999997,0.021513688,0.021481076999999998,0.021438168,0.021368421000000002,0.021339399000000002,0.021280575,0.021237821,0.021194288,0.021137648,0.021077263,0.020989417,0.020902974,0.020809355,0.020725877,0.02063647,0.020513828,0.020405541,0.02026043,0.020105645,0.01993947,0.019744117,0.019654710000000002,0.019423937,0.019177716,0.018893112,0.018625827,0.018322343,0.017962843,0.017670905,0.017294865000000003,0.016869207,0.016482245,0.016034898,0.015533875,0.015047364,0.014543377,0.013990864,0.013433826,0.012852135,0.012293068,0.011728852,0.011123288,0.010524120999999999,0.009925890000000001,0.009313616,0.008680434,0.008075649,0.007477261999999999,0.006923189,0.006378633,0.005810049,0.005300913000000001,0.004820331000000001,0.0043525429999999995,0.003919083,0.003474701,0.003040461,0.002622916,0.0022939989999999997,0.001866312,0.0014036740000000002,0.000820578081,0.000160558061,-0.000586060329,-0.001442214,-0.0024319320000000004,-0.003563952,-0.004844204,-0.006267381999999999,-0.007849557,-0.009560460000000002,-0.011391821,-0.01333927,-0.015363019,-0.017486318,-0.019674214,-0.021925927,-0.024233657000000002,-0.02656526,-0.028965205,-0.031379660999999996,-0.033840459,-0.036328251,-0.038829149,-0.041370617000000005,-0.043913488,-0.046496459999999996,-0.049077091,-0.051679724,-0.054308257,-0.056928989,-0.059575778999999995,-0.062222568000000006,-0.064884493,-0.067537836,-0.067516771],"unit":"A\/cm2"},"power_density":{"value":[-3.621542,-3.948647,-3.577964,-3.210229,-2.840116,-2.473664,-2.108127,-1.739754,-1.371805,-1.004055,-0.640038904,-0.276613465,0.084918545,0.445112853,0.803328643,1.159372,1.511153,1.860504,2.205815,2.549301,2.888951,3.220486,3.550599,3.869771,4.181834,4.486022,4.778299,5.090618,5.360859,5.618783,5.857107,6.090617,6.302648,6.484853,6.679733,6.831377,6.950353,7.071129,7.151379,7.192144,7.222789,7.228218,7.19124,7.133584,7.043139,6.945619,6.826075,6.663019,6.482925,6.283078,6.053973,5.789829,5.523654,5.241452,4.970837,4.688255,4.369107,4.076463,3.788752,3.495065,3.213536,2.908322,2.596491,2.28453,2.037095,1.689001,1.29417,0.770533489,0.153497005,-0.570233097,-1.427761,-2.448968,-3.649507,-5.042754,-6.630993,-8.438355,-10.439959,-12.63329,-15.02024,-17.559988,-20.283967,-23.156837,-26.179803,-29.346883,-32.621459,-36.061635,-39.601142,-43.281521,-47.081682,-50.982662,-55.022493,-59.151107,-63.421386,-67.774986,-72.247576,-76.846777,-81.522037,-86.325055,-91.219521,-96.222824,-101.305884,-101.274191],"unit":"mW\/cm2"},"timestamps":{"value":[0.019,0.043,0.067,0.089,0.113,0.137,0.161,0.184,0.206,0.231,0.254,0.279,0.302,0.323,0.348,0.373,0.396,0.419,0.442,0.465,0.488,0.511,0.533,0.556,0.579,0.603,0.64,0.662,0.682,0.704,0.725,0.748,0.77,0.792,0.817,0.84,0.861,0.886,0.908,0.929,0.951,0.975,0.997,1.02,1.042,1.065,1.088,1.111,1.134,1.157,1.18,1.202,1.224,1.246,1.271,1.294,1.315,1.338,1.362,1.385,1.409,1.43,1.452,1.475,1.513,1.54,1.57,1.592,1.614,1.636,1.66,1.682,1.705,1.729,1.754,1.777,1.799,1.823,1.846,1.869,1.892,1.914,1.938,1.961,1.986,2.009,2.033,2.056,2.078,2.104,2.127,2.151,2.174,2.198,2.221,2.245,2.268,2.292,2.316,2.34,2.366,2.4],"unit":"s"},"p_max":{"unit":"mW","value":0.690294791},"v_p_max":{"unit":"V","value":0.497010946},"i_p_max":{"unit":"mA","value":1.388893},"j_p_max":{"unit":"mA\/cm2","value":14.543377},"voc":{"unit":"V","value":0.959671578},"isc":{"unit":"mA","value":2.029172},"jsc":{"unit":"mA\/cm2","value":21.247879},"fill_factor":{"unit":"%","value":35.448104},"efficiency":{"unit":"%","value":7.228218},"r_s":{"unit":"ohms","value":119.164252},"r_sh":{"unit":"ohms","value":953.786215},"cell_dimension":{"value":0.09549999574827443,"unit":"cm2"},"sweep_direction":{"unit":"","value":"Forward"},"key":"forward6_3cell_231114"},{"V":{"value":[-0.199965954,-0.182985067,-0.165990829,-0.148982763,-0.131985664,-0.114992619,-0.097990036,-0.080987453,-0.063990355,-0.046990395,-0.029993296,-0.012996703,0.004001439,0.021002829,0.038011312,0.055006981,0.071995974,0.088979483,0.106010675,0.123003721,0.139995337,0.156993628,0.173999071,0.191002846,0.207990408,0.224982023,0.242015362,0.259002447,0.275990963,0.292984962,0.310011387,0.326998472,0.343984127,0.361016273,0.37800622,0.394997358,0.412014246,0.429014921,0.446004868,0.462979555,0.480014324,0.497021914,0.513991356,0.531012535,0.548015833,0.565000296,0.581988573,0.59902072,0.616004944,0.632998943,0.650012016,0.66699481,0.68398881,0.700981379,0.717999697,0.734989405,0.751990318,0.769008636,0.785987616,0.802990913,0.819982052,0.837004662,0.85400939,0.870985508,0.888009548,0.904988289,0.921987772,0.939026594,0.956005573,0.972987175,0.989975452,1.007008,1.024002,1.040987,1.058017,1.075013,1.091993,1.108979,1.126014,1.143,1.159991,1.177011,1.193984,1.210989,1.227976,1.245,1.261998,1.278985,1.296005,1.312997,1.329986,1.346982,1.364001,1.380988,1.397987,1.415009,1.431993,1.448989,1.466017,1.482984,1.499983,1.49998],"unit":"V"},"I":{"value":[0.0012423690000000001,0.002072036,0.002075851,0.002075851,0.002070308,0.0020685639999999997,0.002066553,0.002065033,0.002061635,0.002057329,0.002054423,0.0020527540000000004,0.002046719,0.0020430540000000003,0.0020370189999999997,0.002035424,0.00202848,0.002022311,0.002014473,0.002010599,0.00200671,0.001997769,0.001987219,0.00197877,0.001966625,0.001952544,0.0019390289999999999,0.001923084,0.001906574,0.0018879919999999998,0.0018648949999999999,0.001842916,0.0018144849999999998,0.001787573,0.0017530319999999999,0.001718223,0.001675233,0.001629248,0.001578346,0.00152725,0.001470789,0.001403943,0.0013412539999999998,0.001272529,0.001244232,0.001168028,0.001092225,0.0010160800000000002,0.000937446952,0.000861778855,0.000785857439,0.0007153898480000001,0.000644102693,0.000581070781,0.000522121787,0.000466644764,0.000420868397,0.00037871301200000004,0.00034008920199999997,0.0003054142,0.00027330219700000003,0.000241756439,0.000210270286,0.000179484487,0.000145569444,0.000107422471,6.3106418e-5,8.404254999999999e-6,-5.8606267e-5,-0.00014570355400000002,-0.000257700682,-0.000404641032,-0.000597208738,-0.000843882561,-0.001155391,-0.001533806,-0.001978055,-0.002485946,-0.0030507,-0.0036637339999999997,-0.004320994,-0.00501509,-0.005750433,-0.0064932850000000005,-0.007261157,-0.008055389,-0.008862928,-0.009690851,-0.010527670000000001,-0.01137723,-0.012241006,-0.013110414,-0.014000475,-0.014891654,-0.015791282,-0.016704574,-0.017617732,-0.0185415,-0.019477962999999997,-0.020410955,-0.021353169999999998,-0.02139692],"unit":"A"},"resistance":{"value":[-160.95531,-88.311711,-79.962787,-71.769489,-63.751713,-55.590546,-47.41715,-39.218484,-31.03864,-22.840488,-14.599376,-6.331349,1.95505,10.280117,18.660268,27.024825,35.49257,43.998909,52.624518,61.177656,69.763626,78.58448,87.559088,96.526052,105.760051,115.225081,124.812689,134.680759,144.757558,155.183369,166.235284,177.435363,189.576769,201.958887,215.629934,229.88712,245.944406,263.320779,282.577393,303.145924,326.365116,354.018659,383.217154,417.289023,440.445035,483.721732,532.846626,589.540682,657.109122,734.525963,827.13732,932.351517,1061.925,1206.361,1375.158,1575.051,1786.759,2030.584,2311.122,2629.187,3000.276,3462.181,4061.484,4852.706,6100.247,8424.572,14610.048,111732.284,-16312.344,-6677.855,-3841.571,-2488.644,-1714.646,-1233.569,-915.721372,-700.879338,-552.054179,-446.099419,-369.100225,-311.976736,-268.454615,-234.693796,-207.633775,-186.498622,-169.115726,-154.554877,-142.390614,-131.978584,-123.104589,-115.405689,-108.650027,-102.741377,-97.425303,-92.735677,-88.52903,-84.707906,-81.28132,-78.148432,-75.265415,-72.656257,-70.246387,-70.102622],"unit":"ohms"},"conductance":{"value":[-0.006212905,-0.011323527,-0.012505817,-0.013933498,-0.015685853,-0.01798867,-0.021089416,-0.025498181,-0.032217906,-0.043781901,-0.068496077,-0.157944219,0.511495837,0.097275158,0.053589797,0.037003015,0.028174911,0.022727836,0.019002549,0.016345837,0.014334117,0.012725159,0.011420859,0.010359897,0.009455366,0.008678666,0.008012006,0.007424966,0.006908102,0.00644399,0.00601557,0.005635855,0.005274908,0.004951503,0.004637575,0.004349961,0.00406596,0.003797649,0.003538854,0.003298741,0.003064053,0.00282471,0.002609487,0.002396421,0.002270431,0.002067304,0.001876713,0.001696236,0.001521817,0.001361422,0.001208989,0.001072557,0.000941686009,0.000828938968,0.000727189426,0.000634899988,0.000559672627,0.000492469127,0.000432690281,0.000380345773,0.000333302658,0.000288835236,0.000246215426,0.000206070577,0.000163927791,0.000118700399,6.8446046e-5,8.949965e-6,-6.1303269e-5,-0.000149748689,-0.000260310173,-0.000401825202,-0.000583210748,-0.000810655998,-0.001092035,-0.001426779,-0.001811416,-0.002241653,-0.002709291,-0.003205367,-0.003725024,-0.004260871,-0.004816172,-0.00536197,-0.005913111,-0.006470194,-0.007022935,-0.007576987,-0.008123174,-0.008665084,-0.009203863,-0.009733177,-0.010264274,-0.010783336,-0.01129573,-0.011805274,-0.01230295,-0.012796162,-0.013286315,-0.01376344,-0.014235608,-0.014264802],"unit":"S"},"power":{"value":[-0.248431585,-0.379151696,-0.344572223,-0.309266013,-0.273250941,-0.237869625,-0.202501568,-0.167241741,-0.131924771,-0.096674693,-0.061618919,-0.026679037,0.008189821,0.042909904,0.077429748,0.111962535,0.146042405,0.179944195,0.213555652,0.247311132,0.280929982,0.313636983,0.345774235,0.377950682,0.40903923,0.439287267,0.469274684,0.498083529,0.526197131,0.553153272,0.578138755,0.60263072,0.6241539,0.645342979,0.662657078,0.678693584,0.690219962,0.698971814,0.703949952,0.707085439,0.705999938,0.697790289,0.689392715,0.675729043,0.681858868,0.659935894,0.635662652,0.6086532,0.577471957,0.545505105,0.510816778,0.477161316,0.440559034,0.407319797,0.374883285,0.342978957,0.31648896,0.291233577,0.267305901,0.245244827,0.224102897,0.202351267,0.179572798,0.156328387,0.129267056,0.097216078,0.058183345,0.007891819,-0.056027918,-0.14176769,-0.255117349,-0.407476594,-0.611542703,-0.878470989,-1.222423,-1.648862,-2.160022,-2.756862,-3.435131,-4.187646,-5.012313,-5.902814,-6.865925,-7.863296,-8.916525,-10.028956,-11.184994,-12.394451,-13.643909,-14.93827,-16.280362,-17.659492,-19.096656,-20.565191,-22.076005,-23.637131,-25.228461,-26.866432,-28.555026,-30.269111,-32.029394,-32.094957],"unit":"mW"},"J":{"value":[0.013009104,0.021696715000000002,0.021736659,0.021736659,0.021678615000000002,0.021660359,0.021639295,0.021623379,0.021587804,0.02154271,0.021512284,0.021494808,0.021431615,0.02139323,0.021330037,0.021313342,0.02124063,0.021176032,0.021093959000000002,0.02105339,0.021012666,0.020919046,0.020808574,0.020720104,0.020592937,0.020445485000000003,0.020303963,0.020137008,0.019964123,0.01976955,0.019527699,0.01929755,0.018999839,0.018718043,0.018356358,0.017991865,0.017541709000000003,0.017060191,0.016527182,0.015992145,0.015400935000000001,0.014700970999999998,0.014044539,0.013324915000000001,0.013028608,0.012230655,0.011436914,0.010639585,0.009816198,0.009023861999999999,0.008228873999999999,0.007490993,0.006744531000000001,0.006084511,0.005467244,0.004886333,0.004406999,0.003965581,0.003561143,0.003198054,0.002861803,0.002531481,0.0022017829999999997,0.001879419,0.001524287,0.001124843,0.000660800185,8.800266900000001e-5,-0.000613678188,-0.0015256920000000002,-0.0026984360000000002,-0.0042370789999999995,-0.006253495,-0.008836467,-0.012098339,-0.016060799,-0.020712613999999997,-0.026030846,-0.031944501,-0.038363703,-0.045246011,-0.052514032999999995,-0.060213954,-0.06799251599999999,-0.076033058,-0.084349622,-0.092805524,-0.101474879,-0.110237386,-0.119133301,-0.12817807199999998,-0.137281824,-0.14660183699999998,-0.155933552,-0.165353739,-0.174917008,-0.184478872,-0.19415183200000002,-0.203957732,-0.213727277,-0.223593406,-0.224051519],"unit":"A\/cm2"},"power_density":{"value":[-2.601378,-3.970175,-3.608086,-3.238388,-2.861266,-2.490781,-2.120435,-1.751222,-1.381411,-1.0123,-0.645224286,-0.279361644,0.08575729,0.449318362,0.810782703,1.172383,1.52924,1.884232,2.236185,2.589645,2.941675,3.284157,3.620673,3.957599,4.283133,4.599867,4.913871,5.215534,5.509918,5.792181,6.053809,6.310269,6.535643,6.757518,6.938818,7.106739,7.227434,7.319077,7.371204,7.404036,7.39267,7.306705,7.218772,7.075697,7.139883,6.910323,6.656153,6.373332,6.046827,5.712095,5.348867,4.996454,4.613184,4.265129,3.925479,3.591403,3.314021,3.049566,2.799015,2.568009,2.346627,2.118861,1.880343,1.636946,1.353582,1.017969,0.60924969,0.082636847,-0.586679768,-1.484478,-2.671386,-4.266771,-6.403589,-9.198649,-12.800242,-17.265571,-22.618036,-28.867662,-35.969955,-43.849699,-52.484956,-61.80957,-71.8945,-82.338173,-93.366759,-105.01525,-117.120358,-129.784827,-142.868152,-156.42168,-170.474993,-184.916146,-199.964987,-215.342309,-231.162359,-247.509227,-264.172367,-281.323899,-299.005505,-316.954044,-335.386324,-336.072845],"unit":"mW\/cm2"},"timestamps":{"value":[0.018,0.043,0.065,0.088,0.111,0.133,0.172,0.197,0.219,0.24,0.263,0.289,0.313,0.337,0.36,0.382,0.406,0.429,0.451,0.475,0.498,0.522,0.544,0.567,0.587,0.61,0.633,0.656,0.68,0.701,0.723,0.745,0.767,0.79,0.812,0.837,0.858,0.879,0.902,0.925,0.947,0.968,0.991,1.013,1.048,1.072,1.095,1.119,1.141,1.165,1.188,1.211,1.233,1.256,1.278,1.299,1.323,1.345,1.368,1.39,1.413,1.435,1.456,1.479,1.502,1.525,1.547,1.57,1.594,1.617,1.639,1.663,1.685,1.707,1.73,1.754,1.778,1.8,1.825,1.847,1.873,1.911,1.934,1.957,1.979,2.002,2.027,2.05,2.075,2.096,2.117,2.14,2.165,2.187,2.21,2.232,2.253,2.278,2.301,2.324,2.346,2.367],"unit":"s"},"p_max":{"unit":"mW","value":0.707085439},"v_p_max":{"unit":"V","value":0.462979555},"i_p_max":{"unit":"mA","value":1.52725},"j_p_max":{"unit":"mA\/cm2","value":15.992145},"voc":{"unit":"V","value":0.941156046},"isc":{"unit":"mA","value":2.04814},"jsc":{"unit":"mA\/cm2","value":21.446491},"fill_factor":{"unit":"%","value":36.681801},"efficiency":{"unit":"%","value":7.404036},"r_s":{"unit":"ohms","value":38.862217},"r_sh":{"unit":"ohms","value":535.045013},"cell_dimension":{"value":0.09549996679248625,"unit":"cm2"},"sweep_direction":{"unit":"","value":"Forward"},"key":"forward6_2cell_231114"},{"V":{"value":[-0.19997406,-0.182986498,-0.165986776,-0.148979902,-0.131988287,-0.114992619,-0.097991467,-0.080984831,-0.064006805,-0.047005415,-0.029994726,-0.013001233,0.004002988,0.02099973,0.038000345,0.055006981,0.071993351,0.088995695,0.106002331,0.123002291,0.139993906,0.156993628,0.174003124,0.190997362,0.207993031,0.224979401,0.242012739,0.258999825,0.275989532,0.292976618,0.310007334,0.327001333,0.343988419,0.36101079,0.378010273,0.394993067,0.412015676,0.429016352,0.446000814,0.462986469,0.480007648,0.497008324,0.513993978,0.531013727,0.54801178,0.564998865,0.581991434,0.599018097,0.616007805,0.633001566,0.650010586,0.66698122,0.683995485,0.700982571,0.717999697,0.734989405,0.75199151,0.769006014,0.785990238,0.802990913,0.819982052,0.837002039,0.853993177,0.870989799,0.888008118,0.904996634,0.921988964,0.939015627,0.956002712,0.972988367,0.989978313,1.007006,1.02401,1.041001,1.058015,1.075015,1.091995,1.108976,1.126011,1.143001,1.159991,1.177009,1.194,1.210994,1.227977,1.244997,1.262,1.27899,1.296009,1.312997,1.329986,1.346983,1.363998,1.380986,1.397986,1.415005,1.43199,1.448992,1.466017,1.482984,1.499984,1.499987],"unit":"V"},"I":{"value":[0.0018868149999999998,0.002105042,0.002105668,0.002105534,0.002100959,0.0021008100000000003,0.00210005,0.002097562,0.002096236,0.0020945070000000002,0.00209333,0.002090409,0.002083272,0.002081394,0.002077579,0.002072737,0.0020700249999999996,0.002064124,0.002056435,0.0020497740000000003,0.002041101,0.002035558,0.002022177,0.002012402,0.002004489,0.001986593,0.001971975,0.001954213,0.001931742,0.001908377,0.001878142,0.001848534,0.001813442,0.00177148,0.00172849,0.001676753,0.001618922,0.001561776,0.001498327,0.001430854,0.001354977,0.0012682379999999999,0.0011853579999999999,0.001103953,0.001020104,0.000935360789,0.000855401158,0.000775173306,0.0007027089600000001,0.000634253025,0.000573992729,0.0005147010090000001,0.000465810299,0.000421911478,0.000382870436,0.000348061323,0.000316649675,0.000288069248,0.00026255846,0.000238284469,0.000215262175,0.000195220113,0.000173509121,0.000148057938,0.000119000673,8.4474683e-5,4.3272972e-5,-8.746982e-6,-7.5519085e-5,-0.000162974,-0.000277116895,-0.00043001771,-0.000632584095,-0.0008941590790000001,-0.0012288989999999999,-0.001627639,-0.002095863,-0.0026195050000000003,-0.003202781,-0.0038279440000000002,-0.0044927000000000005,-0.0051910129999999995,-0.005909517,-0.006652012,-0.007415667,-0.008197412,-0.008997320999999999,-0.009801954,-0.010627523,-0.011456906999999999,-0.012295306,-0.013158813,-0.014019132,-0.014875427,-0.015746563999999998,-0.016630039,-0.01751101,-0.018405721,-0.019306049000000002,-0.020241468999999998,-0.021135345,-0.021186113],"unit":"A"},"resistance":{"value":[-105.984995,-86.927704,-78.828553,-70.756348,-62.822864,-54.737266,-46.661482,-38.609029,-30.534164,-22.442231,-14.328713,-6.219468,1.921491,10.089261,18.290682,26.538336,34.778983,43.115484,51.546654,60.007735,68.587431,77.125589,86.047426,94.910152,103.763602,113.248864,122.726071,132.534096,142.870816,153.521367,165.060616,176.897681,189.688179,203.790515,218.693932,235.570193,254.500055,274.697784,297.665941,323.573477,354.255073,391.888897,433.619349,481.011379,537.211838,604.043778,680.372511,772.753773,876.618686,998.026877,1132.437,1295.861,1468.399,1661.445,1875.307,2111.666,2374.837,2669.518,2993.582,3369.884,3809.225,4287.479,4921.892,5882.763,7462.211,10713.229,21306.347,-107353.104,-12659.088,-5970.206,-3572.421,-2341.778,-1618.772,-1164.223,-860.945701,-660.474856,-521.023868,-423.353418,-351.572931,-298.593899,-258.194574,-226.739763,-202.046997,-182.049305,-165.592285,-151.876841,-140.264008,-130.483194,-121.94832,-114.603106,-108.170195,-102.363596,-97.295465,-92.836745,-88.780367,-85.087322,-81.776531,-78.725077,-75.935632,-73.264622,-70.970417,-70.800486],"unit":"ohms"},"conductance":{"value":[-0.009435298,-0.011503812,-0.012685759,-0.014133008,-0.015917772,-0.018269089,-0.021430952,-0.025900677,-0.032750201,-0.04455885,-0.069789936,-0.160785469,0.520429131,0.099115285,0.054672648,0.037681338,0.028752997,0.023193524,0.019399901,0.016664518,0.014579931,0.012965865,0.011621498,0.010536281,0.009637291,0.008830111,0.008148228,0.007545228,0.00699933,0.006513751,0.00605838,0.005652985,0.00527181,0.004907,0.004572601,0.004245019,0.003929272,0.003640364,0.003359471,0.003090488,0.002822825,0.002551744,0.00230617,0.002078953,0.001861463,0.001655509,0.001469783,0.001294073,0.001140747,0.001001977,0.000883051356,0.000771687408,0.000681013704,0.000601885832,0.000533245957,0.000473559647,0.00042108145,0.000374599474,0.000334047991,0.000296746158,0.000262520593,0.00023323732,0.000203173896,0.000169988142,0.000134008542,9.3342538e-5,4.6934371e-5,-9.315054e-6,-7.8994635e-5,-0.000167498405,-0.000279922187,-0.000427025894,-0.000617752051,-0.000858941743,-0.001161513,-0.001514062,-0.001919298,-0.002362093,-0.00284436,-0.00334903,-0.003873048,-0.004410342,-0.004949344,-0.005493017,-0.006038929,-0.006584282,-0.007129413,-0.007663822,-0.008200195,-0.008725767,-0.009244691,-0.009769098,-0.010277971,-0.010771597,-0.011263752,-0.011752632,-0.012228447,-0.012702433,-0.013169048,-0.013649152,-0.014090378,-0.014124197],"unit":"S"},"power":{"value":[-0.377314023,-0.385194325,-0.349513074,-0.313682261,-0.277302035,-0.24157769,-0.205787023,-0.1698707,-0.134173354,-0.098453181,-0.062788861,-0.0271779,0.008339312,0.043708715,0.078948738,0.114014984,0.149028008,0.183698128,0.217986877,0.252126889,0.285741765,0.31956967,0.351865112,0.384363439,0.416919805,0.446942504,0.477243064,0.506140768,0.533140526,0.559109784,0.582237904,0.604473001,0.623802879,0.639523338,0.653386975,0.662305874,0.667021143,0.670027357,0.66825491,0.662466135,0.650399558,0.630324758,0.609266654,0.586213946,0.55902884,0.528477784,0.497836147,0.464342839,0.432874204,0.401483158,0.37310135,0.343295907,0.318612141,0.295752592,0.274900857,0.255821385,0.238117868,0.221526984,0.206368387,0.191340263,0.17651112,0.163399632,0.148175606,0.128956953,0.105673564,0.076449304,0.039897203,-0.008213552,-0.07219645,-0.158571806,-0.274339716,-0.433030486,-0.647772252,-0.930820355,-1.300193,-1.749736,-2.288672,-2.904969,-3.606367,-4.375344,-5.211491,-6.10987,-7.055965,-8.055549,-9.106271,-10.205753,-11.354622,-12.536604,-13.773361,-15.042885,-16.35258,-17.724703,-19.122067,-20.542759,-22.013471,-23.531595,-25.075586,-26.669738,-28.302996,-30.017767,-31.702685,-31.778897],"unit":"mW"},"J":{"value":[0.019757223,0.022042328,0.022048882,0.022047477,0.021999575,0.021998015,0.021990057,0.021963999999999997,0.021950113,0.021932013,0.021919685999999997,0.021889104,0.021814364000000003,0.021794703999999998,0.021754759,0.021704048,0.02167565,0.021613861,0.021533348,0.021463601000000002,0.02137279,0.021314746,0.021174627999999997,0.02107227,0.020989417,0.020802021,0.020648952999999998,0.020462960999999998,0.020227663,0.019983003,0.019666412,0.019356374,0.018988915999999998,0.018549527,0.018099372,0.017557625,0.016952059999999998,0.016353673,0.015689284,0.014982767000000001,0.014188246,0.013279977,0.012412121000000002,0.011559712,0.010681714,0.009794354,0.00895708,0.008116998,0.007358209,0.006641393,0.006010395,0.0053895390000000005,0.004877595,0.004417921,0.004009115000000001,0.003644621,0.003315703,0.003016432,0.002749303,0.002495125,0.002254054,0.00204419,0.001816849,0.001550345,0.00124608,0.000884551652,0.000453120127,-9.1591431e-5,-0.000790775758,-0.001706534,-0.002901748,-0.0045028030000000005,-0.006623917,-0.009362922,-0.01286805,-0.01704334,-0.021946212,-0.027429371,-0.033536975,-0.040083187,-0.04704398,-0.054356159,-0.061879763,-0.069654581,-0.077650965,-0.085836774,-0.094212787,-0.102638262,-0.11128296400000001,-0.11996760999999999,-0.128746657,-0.137788619,-0.14679719,-0.155763632,-0.164885483,-0.17413652999999998,-0.183361363,-0.192730059,-0.202157579,-0.211952556,-0.221312514,-0.221844119],"unit":"A\/cm2"},"power_density":{"value":[-3.950932,-4.033448,-3.659823,-3.284631,-2.903686,-2.529609,-2.154838,-1.778751,-1.404957,-1.030923,-0.657474984,-0.284585344,0.087322644,0.457682883,0.826688358,1.193874,1.560503,1.923541,2.282585,2.640072,2.99206,3.346279,3.684451,4.024748,4.365652,4.680026,4.99731,5.299903,5.582623,5.854553,6.096732,6.32956,6.531967,6.696579,6.841748,6.93514,6.984515,7.015993,6.997434,6.936818,6.810467,6.600259,6.379756,6.138366,5.853705,5.533799,5.212944,4.862229,4.532714,4.204012,3.90682,3.594722,3.336253,3.096886,2.878543,2.678758,2.493381,2.319654,2.160926,2.003563,1.848284,1.710991,1.551577,1.350335,1.106529,0.800516268,0.417771756,-0.086005785,-0.75598377,-1.660438,-2.872667,-4.534351,-6.782956,-9.74681,-13.614591,-18.321839,-23.965148,-30.418524,-37.763007,-45.815117,-54.570584,-63.977694,-73.884453,-84.351296,-95.353621,-106.866528,-118.896567,-131.273338,-144.223677,-157.517125,-171.231202,-185.598987,-200.231064,-215.107429,-230.507548,-246.404138,-262.571578,-279.26427,-296.366448,-314.322163,-331.965289,-332.763322],"unit":"mW\/cm2"},"timestamps":{"value":[0.018,0.043,0.066,0.088,0.111,0.135,0.156,0.183,0.204,0.228,0.249,0.273,0.298,0.321,0.345,0.37,0.392,0.42,0.441,0.464,0.486,0.509,0.531,0.554,0.582,0.606,0.628,0.654,0.676,0.699,0.721,0.743,0.766,0.788,0.811,0.833,0.855,0.88,0.903,0.928,0.95,0.971,0.993,1.016,1.038,1.06,1.084,1.106,1.128,1.151,1.174,1.195,1.218,1.241,1.263,1.286,1.309,1.332,1.355,1.378,1.401,1.437,1.461,1.484,1.506,1.528,1.551,1.574,1.598,1.62,1.644,1.667,1.691,1.714,1.743,1.766,1.789,1.811,1.835,1.857,1.882,1.907,1.931,1.952,1.975,1.999,2.022,2.046,2.07,2.092,2.115,2.147,2.171,2.193,2.216,2.239,2.261,2.284,2.307,2.342,2.364,2.385],"unit":"s"},"p_max":{"unit":"mW","value":0.670027357},"v_p_max":{"unit":"V","value":0.429016352},"i_p_max":{"unit":"mA","value":1.561776},"j_p_max":{"unit":"mA\/cm2","value":16.353673},"voc":{"unit":"V","value":0.93615265},"isc":{"unit":"mA","value":2.084952},"jsc":{"unit":"mA\/cm2","value":21.831958},"fill_factor":{"unit":"%","value":34.328102},"efficiency":{"unit":"%","value":7.015993},"r_s":{"unit":"ohms","value":40.458587},"r_sh":{"unit":"ohms","value":1112.762},"cell_dimension":{"value":0.09550001030003051,"unit":"cm2"},"sweep_direction":{"unit":"","value":"Forward"},"key":"forward6_1cell_231114"}]}}