{"_id":"6530d50f69ca747fb611ad9a","id":"KAIST-SC-00059","author":105,"group":12,"input":[{"tco":{"unit":"","value":"ITO"}},{"etl":[{"material":{"unit":"","value":"SnO2"},"concentration":{"unit":"","value":"5"},"conc_unit":{"unit":"","value":"wt%"},"quantity":{"unit":"ml","value":"0.4"}}],"solvent":[{"material":{"unit":"","value":"DI Water"},"volume":{"unit":"ml","value":"0.8"}}],"spin_coating":[{"type":{"unit":"","value":"drop&run"},"rpm":{"unit":"","value":"4000"},"time":{"unit":"s","value":"30"}}],"annealing":[{"temperature":{"unit":"oC","value":"150"},"time":{"unit":"m","value":"30"}}]},{"perovskite":{"method":{"unit":"","value":"1-step"},"molarity":{"unit":"M","value":"1.8"},"a_site":[{"material":{"unit":"","value":"FA"},"ratio":{"unit":"","value":"97.5"}},{"material":{"unit":"","value":"MA"},"ratio":{"unit":"","value":"2.5"}}],"b_site":[{"material":{"unit":"","value":"Pb"},"ratio":{"unit":"","value":"100"}}],"x_site":[{"material":{"unit":"","value":"I"},"ratio":{"unit":"","value":"97.5"}},{"material":{"unit":"","value":"Br"},"ratio":{"unit":"","value":"2.5"}}],"solvent":[{"material":{"unit":"","value":"DMF"},"volume":{"unit":"ml","value":"0.8"}},{"material":{"unit":"","value":"DMSO"},"volume":{"unit":"ml","value":"0.1"}}],"additive":[{"material":{"unit":"","value":"MACl"},"solvent":{"unit":"","value":"None"},"concentration":{"unit":"","value":"47.62"},"conc_unit":{"unit":"","value":"mg\/ml"},"quantity":{"unit":"mol%","value":"35"}}],"stirring_time":[{"unit":"m","value":"20"}],"antisolvent":[{"material":{"unit":"","value":"DEE"},"quantity":{"unit":"ul","value":"1000"},"dripping_time":{"unit":"s","value":"28"}}],"spin_coating":[{"type":{"unit":"","value":"drop&run"},"rpm":{"unit":"","value":"5000"},"time":{"unit":"s","value":"15"}}],"annealing":[{"temperature":{"unit":"oC","value":"100"},"time":{"unit":"m","value":"45"}},{"temperature":{"unit":"oC","value":"150"},"time":{"unit":"m","value":"10"}}],"atmosphere":[{"type":{"unit":"","value":"Air"},"temperature":{"unit":"oC","value":"22"},"humidity":{"unit":"RH%","value":"19"}}]}},{"perovskite_treatment":[{"material":{"unit":"","value":"OAI"},"concentration":{"unit":"","value":"2.5"},"conc_unit":{"unit":"","value":"mg\/ml"},"quantity":{"unit":"ml","value":"0.4"}}],"solvent":[{"material":{"unit":"","value":"CF"},"volume":{"unit":"ml","value":"0.8"}}],"spin_coating":[{"type":{"unit":"","value":"drop&run"},"rpm":{"unit":"","value":"5000"},"time":{"unit":"s","value":"5"}}],"annealing":[{"temperature":{"unit":"oC","value":"100"},"time":{"unit":"m","value":"3"}}]},{"htl":[{"material":{"unit":"","value":"Spiro-OMeTAD"},"concentration":{"unit":"","value":"91"},"conc_unit":{"unit":"","value":"mg\/ml"},"quantity":{"unit":"ml","value":"0.08"}}],"solvent":[{"material":{"unit":"","value":"CB"},"volume":{"unit":"ml","value":"1.1"}}],"htl_doping":[{"material":{"unit":"","value":"tBP"},"volume":{"unit":"ul","value":"39"}},{"material":{"unit":"","value":"Li-TFSI"},"volume":{"unit":"ul","value":"23"}},{"material":{"unit":"","value":"Co-TFSI"},"volume":{"unit":"ul","value":"10"}}],"spin_coating":[{"type":{"unit":"","value":"dynamic"},"rpm":{"unit":"","value":"2000"},"time":{"unit":"s","value":"30"}}]},{"anode_metal":{"unit":"","value":"Au"}},{"note":{"unit":"","value":"-"},"ar":{"unit":"","value":"0"},"type":{"unit":"","value":"unit_cell"},"device_type":{"unit":"","value":"n-i-p"},"temperature":{"unit":"oC","value":"22"},"humidity":{"unit":"%","value":"19"},"cell_dimension":{"unit":"cm2","value":"0.0955"}}],"fileinfo":[{"key":"reverse8_2cell_231019","uploadType":"JV","original_name":"reverse8_2cell_231019.csv","save_name":"KAIST-SC-00059\/reverse8_2cell_231019","uploader":105,"fileType":""},{"key":"forward8_2cell_231019","uploadType":"JV","original_name":"forward8_2cell_231019.csv","save_name":"KAIST-SC-00059\/forward8_2cell_231019","uploader":105,"fileType":""},{"key":"reverse8_1cell_231019","uploadType":"JV","original_name":"reverse8_1cell_231019.csv","save_name":"KAIST-SC-00059\/reverse8_1cell_231019","uploader":105,"fileType":""},{"key":"forward8_1cell_231019","uploadType":"JV","original_name":"forward8_1cell_231019.csv","save_name":"KAIST-SC-00059\/forward8_1cell_231019","uploader":105,"fileType":""},{"key":"reverse8_4cell_231019","uploadType":"JV","original_name":"reverse8_4cell_231019.csv","save_name":"KAIST-SC-00059\/reverse8_4cell_231019","uploader":105,"fileType":""},{"key":"forward8_4cell_231019","uploadType":"JV","original_name":"forward8_4cell_231019.csv","save_name":"KAIST-SC-00059\/forward8_4cell_231019","uploader":105,"fileType":""},{"key":"reverse8_3cell_231019","uploadType":"JV","original_name":"reverse8_3cell_231019.csv","save_name":"KAIST-SC-00059\/reverse8_3cell_231019","uploader":105,"fileType":""},{"key":"forward8_3cell_231019","uploadType":"JV","original_name":"forward8_3cell_231019.csv","save_name":"KAIST-SC-00059\/forward8_3cell_231019","uploader":105,"fileType":""}],"jvcnt":8,"updated_at":"2024-08-19 05:27:53","created_at":"2023-10-19 07:04:47","analysisInfo":{"JV":[{"efficiency":21.859749,"fill_factor":79.937537,"jsc":23.008315,"voc":1.188528,"key":"reverse8_4cell_231019","cell_dimension":0.09550000418706478},{"efficiency":22.452454,"fill_factor":81.325987,"jsc":23.217632,"voc":1.189095,"key":"reverse8_3cell_231019","cell_dimension":0.09549999936820816},{"efficiency":22.321408,"fill_factor":80.225045,"jsc":23.418963,"voc":1.188075,"key":"reverse8_2cell_231019","cell_dimension":0.09549999874485014},{"efficiency":21.989755,"fill_factor":79.531957,"jsc":23.345491,"voc":1.184338,"key":"reverse8_1cell_231019","cell_dimension":0.09550000315146526},{"efficiency":22.053387,"fill_factor":80.645037,"jsc":23.004899,"voc":1.188714,"key":"forward8_4cell_231019","cell_dimension":0.09550000053540826},{"efficiency":22.701429,"fill_factor":82.128242,"jsc":23.233937,"voc":1.189701,"key":"forward8_3cell_231019","cell_dimension":0.0955000140692733},{"efficiency":22.567189,"fill_factor":81.026027,"jsc":23.431876,"voc":1.188628,"key":"forward8_2cell_231019","cell_dimension":0.09549999982919023},{"efficiency":22.345971,"fill_factor":80.632331,"jsc":23.3948,"voc":1.184597,"key":"forward8_1cell_231019","cell_dimension":0.09549998811002779}]},"public":2,"tags":[],"analysis":{"JV":[{"V":{"value":[1.500236,1.48422,1.468226,1.452254,1.43624,1.420244,1.404246,1.388234,1.372219,1.356216,1.340209,1.324232,1.308219,1.292219,1.276219,1.260231,1.244202,1.228194,1.212223,1.196218,1.180217,1.164202,1.148197,1.132188,1.116177,1.100209,1.08421,1.068205,1.052197,1.036188,1.020192,1.004169,0.988187552,0.972194195,0.956187248,0.940183163,0.924176216,0.908163786,0.892147064,0.876167536,0.860182285,0.844158888,0.828164339,0.812160015,0.796153069,0.780140638,0.764148712,0.748168945,0.732166052,0.716160536,0.700149298,0.684136868,0.668125868,0.652124405,0.636155605,0.620150089,0.604144335,0.588138819,0.572135925,0.556143999,0.540128708,0.524132729,0.508128405,0.492133617,0.476119995,0.460110188,0.444115639,0.428108454,0.412127495,0.396123171,0.380125761,0.364106655,0.348094225,0.33208847,0.316082954,0.300082684,0.284105778,0.268105745,0.252097368,0.236087561,0.220077991,0.204089165,0.188084602,0.172083855,0.156072378,0.140073061,0.124073982,0.108072042,0.092075348,0.076063871,0.060074329,0.044077635,0.028058052,0.012006819,-0.003991336,-0.019994497,-0.035936117,-0.051940918,-0.067933321,-0.083938122,-0.099949598,-0.115947485,-0.131939888,-0.147951365,-0.163946629,-0.179951429,-0.1959548,-0.199941158],"unit":"V"},"I":{"value":[-0.010412008,-0.010349378,-0.009918958,-0.009379028999999999,-0.008807123,-0.00820893,-0.007599354,-0.006990552,-0.006371975,-0.005759493,-0.005143687,-0.004538,-0.003941327,-0.0033496619999999998,-0.002775252,-0.002214238,-0.001670703,-0.0011556,-0.000662207603,-0.00020417571100000002,0.000220686197,0.000598341227,0.000933468342,0.0012140130000000001,0.001447603,0.0016267450000000002,0.001769692,0.001867145,0.001953632,0.002005503,0.002046287,0.002075702,0.0021026729999999998,0.0021186319999999996,0.002132431,0.0021470639999999997,0.002150118,0.0021644679999999997,0.002162948,0.00217405,0.00217703,0.002178624,0.002182782,0.002183959,0.002190202,0.002188891,0.0021923479999999998,0.0021929140000000002,0.002194092,0.002189785,0.002195537,0.002193257,0.0021928399999999997,0.0021949260000000003,0.0021929140000000002,0.002197623,0.002194509,0.0022006779999999997,0.00219208,0.002194151,0.002198115,0.002191171,0.002197698,0.0021967889999999998,0.0021938089999999997,0.002199218,0.0021915140000000003,0.002197132,0.002194718,0.002196103,0.002191454,0.002199009,0.002190337,0.002194986,0.0021966549999999996,0.002192765,0.002198249,0.002194017,0.0021943600000000002,0.002198532,0.002194718,0.002199426,0.0021949260000000003,0.002204418,0.002194569,0.002198532,0.002197415,0.002194718,0.002202347,0.002197549,0.002203867,0.002194986,0.0021979060000000003,0.002199218,0.0021966549999999996,0.002200395,0.002197072,0.0021967889999999998,0.002199918,0.002195612,0.0021987260000000002,0.002198935,0.0021951939999999997,0.002199218,0.0021986659999999997,0.002199292,0.0021966549999999996,0.0021997089999999998],"unit":"A"},"resistance":{"value":[-144.087129,-143.411497,-148.022246,-154.8405,-163.077065,-173.012031,-184.784966,-198.587166,-215.352166,-235.474864,-260.5541,-291.809601,-331.923568,-385.776006,-459.857048,-569.148948,-744.717737,-1062.819,-1830.578,-5858.769,5347.941,1945.715,1230.034,932.599624,771.05154,676.325624,612.654957,572.10592,538.584901,516.672546,498.557688,483.773091,469.967287,458.878231,448.402502,437.892551,429.825742,419.578259,412.468058,403.011748,395.11736,387.47337,379.407772,371.875139,363.506606,356.409057,348.552615,341.175614,333.698933,327.046014,318.896593,311.927331,304.685191,297.105398,290.095947,282.191267,275.298192,267.253465,261.001387,253.46657,245.72359,239.202105,231.209411,224.024094,217.028963,209.215392,202.652451,194.848807,187.781566,180.37547,173.45823,165.577606,158.92271,151.294135,143.892874,136.851244,129.241849,122.198563,114.88424,107.384171,100.276226,92.792,85.690629,78.063162,71.117569,63.71208,56.463619,49.241892,41.807831,34.613053,27.258602,20.081057,12.765809,5.459587,-1.817006,-9.086777,-16.356368,-23.64402,-30.879933,-38.22995,-45.457961,-52.728939,-60.103966,-67.274543,-74.566398,-81.822429,-89.20601,-90.89435],"unit":"ohms"},"conductance":{"value":[-0.006940245,-0.006972942,-0.006755741,-0.006458259,-0.00613207,-0.005779945,-0.005411696,-0.005035572,-0.004643557,-0.004246738,-0.003837975,-0.003426892,-0.003012742,-0.002592178,-0.002174589,-0.001757009,-0.001342791,-0.000940893664,-0.00054627559,-0.00017068433,0.000186987848,0.00051394978,0.000812985931,0.001072272,0.00129693,0.001478578,0.00163224,0.001747928,0.001856717,0.001935462,0.002005786,0.002067085,0.002127808,0.002179227,0.002230139,0.002283665,0.002326524,0.002383346,0.00242443,0.002481317,0.002530894,0.002580823,0.002635687,0.002689075,0.002750982,0.002805765,0.002869007,0.002931042,0.002996713,0.003057674,0.003135813,0.003205875,0.003282076,0.003365809,0.003447135,0.003543696,0.003632425,0.003741766,0.003831397,0.003945293,0.004069613,0.004180565,0.004325083,0.004463806,0.00460768,0.004779763,0.004934557,0.005132184,0.005325336,0.005543991,0.005765077,0.006039464,0.006292367,0.006609642,0.006949614,0.007307204,0.007737432,0.008183402,0.008704414,0.009312359,0.009972453,0.010776791,0.011669887,0.012810139,0.014061223,0.015695611,0.017710519,0.020307912,0.023918964,0.028890835,0.036685667,0.049798174,0.078334247,0.183164053,-0.550355791,-0.110050022,-0.061138267,-0.042293992,-0.03238349,-0.026157502,-0.021998347,-0.018964918,-0.016637837,-0.014864464,-0.013410866,-0.012221588,-0.011210007,-0.011001784],"unit":"S"},"power":{"value":[-15.620471,-15.360752,-14.563276,-13.620729,-12.649139,-11.658682,-10.671365,-9.704521,-8.743743,-7.811114,-6.893615,-6.009364,-5.156121,-4.328497,-3.54183,-2.790452,-2.078693,-1.419301,-0.802743007,-0.244238712,0.260457555,0.696589895,1.071806,1.37449,1.615781,1.78976,1.918718,1.994494,2.055604,2.078078,2.087606,2.084355,2.077835,2.059722,2.039003,2.018633,1.987088,1.965692,1.929668,1.904832,1.872643,1.839105,1.807702,1.773724,1.743736,1.707643,1.67528,1.640671,1.606439,1.568238,1.537204,1.500488,1.465093,1.431365,1.395035,1.362856,1.3258,1.294304,1.254168,1.220264,1.187265,1.148464,1.116713,1.081114,1.044516,1.011882,0.973285541,0.940610575,0.904503436,0.869927416,0.833028185,0.800673834,0.762443516,0.72892946,0.6943251,0.658010948,0.624535271,0.588228609,0.553192355,0.51904611,0.483009025,0.448879075,0.412831811,0.379344778,0.342511527,0.307955138,0.272641985,0.237187606,0.202781859,0.167154065,0.132395822,0.09674978,0.061668971,0.026405609,-0.008767586,-0.043995789,-0.078954234,-0.114103226,-0.149447738,-0.184295514,-0.219761774,-0.254960931,-0.289633698,-0.325377256,-0.360463933,-0.395765772,-0.430445027,-0.439812448],"unit":"mW"},"J":{"value":[-0.109026257,-0.10837045000000001,-0.103863434,-0.09820973100000001,-0.09222118,-0.085957387,-0.07957438500000001,-0.07319949699999999,-0.066722251,-0.060308822,-0.053860598,-0.047518321,-0.041270443,-0.035074993,-0.029060229,-0.023185739,-0.017494274999999997,-0.012100523,-0.006934111,-0.002137966,0.0023108499999999997,0.006265353,0.009774538,0.012712173,0.015158148,0.017033978,0.018530803,0.01955126,0.020456876000000002,0.021000027,0.02142709,0.021735099,0.022017519,0.022184629999999997,0.022329117,0.022482341000000003,0.022514328,0.022664588,0.022648672999999998,0.022764917,0.022796123999999997,0.022812819999999998,0.022856353,0.022868679,0.022934057,0.022920325999999998,0.022956526,0.022962455,0.022974782000000003,0.022929688,0.022989917,0.022966044,0.022961675,0.02298352,0.022962455,0.023011762,0.022979151000000003,0.023043749,0.022953717000000002,0.022975406,0.023016911,0.022944199000000002,0.023012542,0.023003024,0.022971817000000002,0.023028457,0.022947788,0.023006613000000002,0.022981335000000002,0.022995846,0.022947164,0.023026273,0.022935462,0.022984144,0.02300162,0.022960895000000002,0.023018315,0.022974002,0.022977591,0.02302128,0.022981335000000002,0.023030642,0.02298352,0.023082913,0.022979775,0.02302128,0.023009577,0.022981335000000002,0.023061223999999998,0.023010982,0.02307714,0.022984144,0.023014726,0.023028457,0.02300162,0.023040783999999998,0.023005989,0.023003024,0.023035791,0.022990697,0.023023308,0.023025493,0.022986328,0.023028457,0.023022684,0.023029238,0.02300162,0.023033605999999998],"unit":"A\/cm2"},"power_density":{"value":[-163.565146,-160.845567,-152.495039,-142.625433,-132.451722,-122.080441,-111.742038,-101.618023,-91.557514,-81.791772,-72.184446,-62.925274,-53.990796,-45.324578,-37.08722,-29.219393,-21.766419,-14.86179,-8.405686,-2.557473,2.727304,7.294135,11.223099,14.392564,16.91917,18.74094,20.091289,20.884751,21.524653,21.759979,21.859749,21.825707,21.757438,21.567769,21.350817,21.137519,20.807207,20.583158,20.205947,19.945882,19.608822,19.257644,18.928816,18.573027,18.25902,17.881078,17.5422,17.179796,16.821355,16.421338,16.096374,15.711917,15.341289,14.988114,14.607695,14.270746,13.882724,13.552923,13.132646,12.777634,12.432094,12.025806,11.693326,11.320561,10.937342,10.595628,10.191472,9.849325,9.47124,9.109188,8.722808,8.384019,7.983702,7.632769,7.27042,6.890167,6.539636,6.159462,5.79259,5.435038,5.057686,4.700304,4.322846,3.972197,3.586508,3.224661,2.85489,2.48364,2.12337,1.750304,1.386344,1.013087,0.645748393,0.276498525,-0.091807184,-0.460688893,-0.826745901,-1.194798,-1.564898,-1.929796,-2.30117,-2.669748,-3.032814,-3.407092,-3.774491,-4.144144,-4.507278,-4.605366],"unit":"mW\/cm2"},"timestamps":{"value":[0.019,0.041,0.065,0.088,0.111,0.134,0.157,0.181,0.204,0.227,0.251,0.275,0.297,0.32,0.342,0.367,0.391,0.412,0.441,0.463,0.485,0.522,0.543,0.564,0.585,0.608,0.629,0.655,0.677,0.699,0.721,0.743,0.765,0.787,0.811,0.832,0.853,0.875,0.895,0.919,0.94,0.962,0.982,1.004,1.027,1.047,1.069,1.092,1.113,1.137,1.159,1.181,1.202,1.223,1.245,1.269,1.292,1.315,1.338,1.375,1.398,1.422,1.444,1.465,1.487,1.508,1.53,1.551,1.573,1.596,1.619,1.641,1.662,1.689,1.711,1.737,1.759,1.782,1.804,1.826,1.848,1.871,1.893,1.915,1.935,1.966,1.99,2.011,2.037,2.061,2.082,2.104,2.128,2.152,2.176,2.199,2.236,2.258,2.284,2.305,2.327,2.349,2.371,2.395,2.415,2.438,2.461,2.482],"unit":"s"},"p_max":{"unit":"mW","value":2.087606},"v_p_max":{"unit":"V","value":1.020192},"i_p_max":{"unit":"mA","value":2.046287},"j_p_max":{"unit":"mA\/cm2","value":21.42709},"voc":{"unit":"V","value":1.188528},"isc":{"unit":"mA","value":2.197294},"jsc":{"unit":"mA\/cm2","value":23.008315},"fill_factor":{"unit":"%","value":79.937537},"efficiency":{"unit":"%","value":21.859749},"r_s":{"unit":"ohms","value":32.384914},"r_sh":{"unit":"ohms","value":7913.118},"cell_dimension":{"value":0.09550000418706478,"unit":"cm2"},"sweep_direction":{"unit":"","value":"Reverse"},"key":"reverse8_4cell_231019"},{"V":{"value":[1.500238,1.484221,1.468211,1.45225,1.436244,1.42024,1.404242,1.388232,1.372221,1.356216,1.340205,1.324234,1.308219,1.292212,1.276223,1.260218,1.244201,1.228199,1.212225,1.19622,1.180217,1.1642,1.148197,1.13221,1.116159,1.100211,1.084209,1.068203,1.052201,1.036181,1.020188,1.004173,0.988190413,0.972191572,0.95619154,0.940184355,0.924178839,0.908164978,0.892167568,0.876164675,0.860182285,0.844165802,0.828169823,0.812155962,0.796150208,0.780139208,0.764151335,0.748172998,0.732166052,0.716157675,0.700154781,0.684141159,0.668125868,0.652128458,0.636161089,0.620151281,0.604144335,0.588135958,0.572133064,0.556130171,0.540117741,0.524131298,0.508136511,0.492130995,0.476114511,0.460113049,0.44410181,0.428120852,0.412119389,0.396119118,0.380123138,0.364106655,0.348102331,0.332085848,0.316081524,0.300080061,0.284107208,0.268104315,0.252094507,0.236087561,0.220077991,0.204082489,0.188088655,0.172081232,0.156075001,0.140073061,0.124073982,0.108059645,0.092090368,0.076065302,0.060072899,0.044076443,0.028060675,0.01200822,-0.003993034,-0.01999703,-0.03594017,-0.051943541,-0.067935944,-0.083938122,-0.099952221,-0.115946054,-0.131943941,-0.147944689,-0.163950682,-0.179952621,-0.195950747,-0.199944019],"unit":"V"},"I":{"value":[-0.013604164,-0.013782695000000001,-0.013305172,-0.012666613,-0.011888728000000001,-0.011076435,-0.010250612999999999,-0.009408920999999999,-0.008556679000000001,-0.007702008,-0.0068573950000000005,-0.006017774,-0.005190492,-0.004390821,-0.0036017749999999998,-0.002844617,-0.002122208,-0.0014359949999999998,-0.0008016079659999999,-0.000230252743,0.000286921859,0.000721931458,0.001087159,0.001372561,0.001593739,0.001762345,0.00187768,0.0019598750000000002,0.0020203440000000003,0.0020654949999999997,0.0021017790000000002,0.0021149520000000002,0.002147615,0.002151221,0.0021704289999999998,0.0021730070000000002,0.0021865960000000003,0.0021884739999999997,0.002193883,0.002197698,0.002198115,0.002205044,0.0021987260000000002,0.002211213,0.0022068469999999996,0.002209976,0.002212539,0.002211779,0.002211422,0.002211288,0.0022155200000000003,0.002215996,0.002213374,0.002209827,0.002216145,0.002211079,0.002216831,0.002210319,0.002219334,0.002212748,0.002221689,0.002211213,0.002220795,0.002211079,0.002218783,0.002213642,0.00221163,0.0022191999999999997,0.002213016,0.002217114,0.002216771,0.002208784,0.0022148940000000002,0.002211496,0.002216145,0.002211288,0.00222002,0.002216563,0.0022156539999999996,0.002215996,0.002216697,0.002216697,0.002218708,0.002217188,0.002222314,0.002214819,0.002213165,0.002223015,0.002223074,0.002218992,0.0022216140000000002,0.002215996,0.002217188,0.0022196769999999998,0.002216488,0.002219468,0.0022140590000000004,0.00222148,0.0022241179999999998,0.002215385,0.002222449,0.0022194090000000003,0.00222294,0.0022172480000000002,0.002218992,0.002217457,0.002219051,0.002219051],"unit":"A"},"resistance":{"value":[-110.27783,-107.687284,-110.348921,-114.651765,-120.80719,-128.221727,-136.991029,-147.544279,-160.368466,-176.085994,-195.43933,-220.053862,-252.041524,-294.298612,-354.331776,-443.018434,-586.276494,-855.295036,-1512.242,-5195.246,4113.374,1612.619,1056.145,824.888406,700.339959,624.287751,577.419327,545.036457,520.802637,501.662499,485.392547,474.797058,460.133885,451.925467,440.554241,432.665222,422.656345,414.976373,406.661405,398.673872,391.327246,382.833989,376.658959,367.289773,360.763651,353.00795,345.372997,338.267466,331.083865,323.864553,316.022841,308.728464,301.858581,295.103811,287.057469,280.474502,272.526131,266.086455,257.794907,251.330105,243.111359,237.033371,228.808428,222.575039,214.58364,207.853415,200.802911,192.916738,186.225206,178.664301,171.476033,164.844828,157.164351,150.163425,142.626709,135.703768,127.975084,120.954992,113.778842,106.537882,99.281958,92.066039,84.773941,77.612361,70.230835,63.243565,56.061782,48.609502,41.424779,34.279222,27.040204,19.890124,12.655972,5.409895,-1.801514,-9.009829,-16.232705,-23.382403,-30.545123,-37.888721,-44.973918,-52.241866,-59.355593,-66.724464,-73.885222,-81.15271,-88.303845,-90.103386],"unit":"ohms"},"conductance":{"value":[-0.009068006,-0.009286147,-0.009062164,-0.008722064,-0.008277653,-0.00779899,-0.007299748,-0.006777626,-0.00623564,-0.005679043,-0.005116677,-0.004544342,-0.0039676,-0.003397909,-0.002822214,-0.002257242,-0.00170568,-0.001169187,-0.000661269843,-0.00019248366,0.000243109454,0.000620109318,0.000946839722,0.001212285,0.001427878,0.001601825,0.001731844,0.00183474,0.001920113,0.001993372,0.002060188,0.002106163,0.002173281,0.002212754,0.002269868,0.002311256,0.002365988,0.002409776,0.002459048,0.002508316,0.002555406,0.002612098,0.002654922,0.002722646,0.002771898,0.002832797,0.00289542,0.002956241,0.003020383,0.003087711,0.003164328,0.003239092,0.00331281,0.003388638,0.003483623,0.003565386,0.003669373,0.003758177,0.003879053,0.003978831,0.004113341,0.004218815,0.004370468,0.004492867,0.004660188,0.004811083,0.004980007,0.005183583,0.005369842,0.005597089,0.005831719,0.006066311,0.006362766,0.006659411,0.00701131,0.007368992,0.007814021,0.008267538,0.00878898,0.009386333,0.010072324,0.010861768,0.011796078,0.012884546,0.01423876,0.015811885,0.017837464,0.020572109,0.024140141,0.029172191,0.03698197,0.050276208,0.079014083,0.184846462,-0.555088667,-0.110989897,-0.061604027,-0.042767204,-0.03273845,-0.026393078,-0.02223511,-0.019141736,-0.016847612,-0.014987007,-0.013534506,-0.012322447,-0.011324535,-0.011098362],"unit":"S"},"power":{"value":[-20.40948,-20.456565,-19.534806,-18.395083,-17.075111,-15.731193,-14.394342,-13.06177,-11.741658,-10.445584,-9.190313,-7.968944,-6.790302,-5.673874,-4.596668,-3.584836,-2.640454,-1.763688,-0.971729376,-0.275432863,0.338629995,0.840472824,1.248273,1.554026,1.778866,1.938951,2.035798,2.093545,2.125807,2.140227,2.144209,2.123777,2.122253,2.091399,2.075345,2.043027,2.020806,1.987495,1.957311,1.925545,1.89078,1.861423,1.820918,1.79585,1.756982,1.724089,1.690715,1.654794,1.619128,1.583631,1.551207,1.516054,1.478812,1.441091,1.409825,1.371203,1.339286,1.299968,1.269755,1.230576,1.199973,1.158966,1.128467,1.088141,1.056395,1.018526,0.98218904,0.950085851,0.912026864,0.87824123,0.842646043,0.804233035,0.77100966,0.734406602,0.700482614,0.663563323,0.630723599,0.594270005,0.558554117,0.523169181,0.487846166,0.452388988,0.417313879,0.381536525,0.346847734,0.310236504,0.274596215,0.240218193,0.204723744,0.16878826,0.1334588,0.097673238,0.062215805,0.026654369,-0.008850513,-0.044382776,-0.079573666,-0.115391537,-0.151097522,-0.185955293,-0.222138672,-0.257331688,-0.293303507,-0.328030078,-0.363805172,-0.399037146,-0.434824724,-0.443686001],"unit":"mW"},"J":{"value":[-0.14245197999999998,-0.144321413,-0.13932117600000002,-0.13263469,-0.124489294,-0.115983617,-0.107336263,-0.098522733,-0.089598732,-0.08064929700000001,-0.071805185,-0.063013344,-0.054350698,-0.045977182,-0.037714917,-0.029786563000000002,-0.022222078,-0.015036598,-0.008393801,-0.002411023,0.003004417,0.007559491999999999,0.011383863,0.014372365,0.016688364,0.018453879,0.019661575,0.020522254,0.021155436000000003,0.021628216,0.022008157,0.02214609,0.022488115,0.022525875,0.022727001,0.022753995,0.022896297,0.022915956999999997,0.022972598,0.023012542,0.023016911,0.023089466000000003,0.023023308,0.023154064000000002,0.023108346000000002,0.023141113,0.023167951,0.023159993,0.023156248,0.023154844,0.023199158,0.023204151,0.023176689,0.023139553,0.023205711,0.023152660000000002,0.023212888,0.023144702,0.023239101999999998,0.023170134999999998,0.023263755,0.023154064000000002,0.023254393,0.023152660000000002,0.023233329,0.023179497,0.023158433,0.023237698,0.023172944,0.023215852999999998,0.023212264,0.023128631,0.023192604,0.023157029000000003,0.023205711,0.023154844,0.023246279999999998,0.02321008,0.023200562,0.023204151,0.023211483999999998,0.023211483999999998,0.023232548999999998,0.023216633,0.023270309,0.023191824,0.023174504,0.023277642,0.023278266,0.023235513,0.023262975,0.023204151,0.023216633,0.023242691,0.0232093,0.023240506,0.023183865999999997,0.023261571,0.023289189000000002,0.023197752999999998,0.023271713,0.023239882,0.023276862000000002,0.023217257,0.023235513,0.023219442,0.023236137,0.023236137],"unit":"A\/cm2"},"power_density":{"value":[-213.711832,-214.204869,-204.552941,-192.618665,-178.796973,-164.724536,-150.726092,-136.772457,-122.949304,-109.377844,-96.233648,-83.444443,-71.10264,-59.412288,-48.132651,-37.537553,-27.648731,-18.467942,-10.175177,-2.884114,3.545864,8.800763,13.070922,16.272529,18.626867,20.303154,21.317256,21.921942,22.259762,22.410751,22.452454,22.238501,22.222539,21.899466,21.731366,21.39295,21.160273,20.81147,20.495406,20.162776,19.798739,19.491338,19.067209,18.804711,18.397715,18.05329,17.703821,17.327682,16.954219,16.582519,16.243001,15.874915,15.484945,15.089961,14.76257,14.358152,14.023935,13.612231,13.295859,12.885611,12.565167,12.13577,11.816406,11.394141,11.061725,10.665189,10.284702,9.948543,9.55002,9.196243,8.823519,8.421288,8.0734,7.690121,7.334896,6.948307,6.604436,6.222723,5.848734,5.478211,5.108337,4.737057,4.369779,3.995147,3.631913,3.24855,2.875353,2.515374,2.143704,1.767416,1.397474,1.022756,0.651474393,0.279103344,-0.092675531,-0.464741114,-0.833232104,-1.208288,-1.582173,-1.947176,-2.326059,-2.694573,-3.071241,-3.43487,-3.809478,-4.178399,-4.553138,-4.645927],"unit":"mW\/cm2"},"timestamps":{"value":[0.019,0.041,0.067,0.095,0.119,0.141,0.167,0.191,0.214,0.237,0.259,0.281,0.304,0.343,0.366,0.388,0.409,0.431,0.454,0.476,0.499,0.524,0.547,0.569,0.593,0.615,0.638,0.661,0.684,0.707,0.73,0.751,0.773,0.798,0.82,0.843,0.865,0.887,0.909,0.932,0.956,0.979,1.002,1.023,1.046,1.072,1.093,1.114,1.137,1.159,1.195,1.218,1.241,1.268,1.291,1.312,1.333,1.354,1.377,1.399,1.422,1.444,1.465,1.487,1.507,1.536,1.559,1.581,1.604,1.627,1.656,1.678,1.701,1.723,1.744,1.766,1.789,1.815,1.837,1.859,1.881,1.904,1.931,1.956,1.981,2.004,2.037,2.065,2.1,2.125,2.148,2.17,2.192,2.217,2.24,2.264,2.286,2.308,2.33,2.354,2.377,2.399,2.421,2.446,2.467,2.488,2.509,2.53],"unit":"s"},"p_max":{"unit":"mW","value":2.144209},"v_p_max":{"unit":"V","value":1.020188},"i_p_max":{"unit":"mA","value":2.101779},"j_p_max":{"unit":"mA\/cm2","value":22.008157},"voc":{"unit":"V","value":1.189095},"isc":{"unit":"mA","value":2.217284},"jsc":{"unit":"mA\/cm2","value":23.217632},"fill_factor":{"unit":"%","value":81.325987},"efficiency":{"unit":"%","value":22.452454},"r_s":{"unit":"ohms","value":24.615067},"r_sh":{"unit":"ohms","value":10377.63},"cell_dimension":{"value":0.09549999936820816,"unit":"cm2"},"sweep_direction":{"unit":"","value":"Reverse"},"key":"reverse8_3cell_231019"},{"V":{"value":[1.500238,1.48422,1.468225,1.452254,1.436241,1.420244,1.404246,1.388237,1.372224,1.356204,1.340197,1.324232,1.308215,1.292218,1.276219,1.260219,1.244206,1.228195,1.212227,1.196222,1.180215,1.164202,1.148195,1.132188,1.116174,1.100208,1.084212,1.068203,1.052197,1.036185,1.020193,1.00416,0.988179445,0.972186089,0.95619154,0.940181732,0.924174786,0.908167839,0.892164946,0.876163483,0.860185146,0.844164371,0.828169823,0.812161446,0.796154499,0.780143261,0.764145851,0.748170376,0.732167482,0.716152191,0.700153589,0.684134245,0.668124437,0.652136564,0.636150122,0.620151281,0.604144335,0.588134766,0.572134495,0.556133032,0.540119171,0.524129868,0.508133888,0.492129564,0.476113081,0.460113049,0.444114208,0.428108454,0.412130117,0.396124601,0.380123138,0.364109278,0.348099709,0.332087278,0.316081524,0.300081491,0.28409481,0.268104315,0.252094507,0.236091614,0.220082045,0.204082489,0.188084602,0.172086716,0.156075001,0.140073061,0.124075174,0.108074665,0.092070103,0.076063871,0.060074329,0.044077635,0.028062105,0.012009621,-0.003994733,-0.019993067,-0.035929441,-0.051939487,-0.067934752,-0.083939314,-0.099946976,-0.115947485,-0.131948233,-0.147947311,-0.163948059,-0.179956913,-0.195945263,-0.199948072],"unit":"V"},"I":{"value":[-0.01129885,-0.01124011,-0.010758504,-0.010174467999999999,-0.009543046000000001,-0.008919895,-0.008251503,-0.007582500999999999,-0.0069076120000000005,-0.006241173,-0.005570352,-0.004911557,-0.004261971,-0.003617659,-0.0029969809999999997,-0.0023901910000000003,-0.001803026,-0.001243949,-0.000716984272,-0.000227898359,0.000219866633,0.000618457794,0.0009661316869999999,0.0012564660000000001,0.001490533,0.0016729380000000001,0.001809224,0.001912013,0.001988649,0.002043858,0.0020895,0.0021137739999999997,0.002146512,0.0021598190000000003,0.0021764640000000003,0.002185687,0.0021991429999999998,0.002200603,0.002202958,0.002216771,0.002210587,0.002225637,0.0022201689999999997,0.0022257120000000003,0.0022270379999999998,0.0022268889999999997,0.00222981,0.002230078,0.0022324470000000003,0.0022342499999999997,0.002232239,0.002232581,0.0022356959999999997,0.00223501,0.00223501,0.0022417310000000003,0.0022352780000000003,0.002241671,0.002234936,0.0022345190000000003,0.002234936,0.002231747,0.002240971,0.002230912,0.002237499,0.002236262,0.002240971,0.002234101,0.002239794,0.0022377820000000002,0.00223203,0.002241939,0.002233967,0.002238333,0.002239034,0.002238885,0.002236322,0.002236471,0.002238959,0.002236187,0.0022343099999999998,0.002237916,0.0022391679999999997,0.002235904,0.002244577,0.002235979,0.002242431,0.0022420879999999997,0.002242774,0.0022336839999999997,0.00224264,0.0022381989999999997,0.0022430569999999997,0.002237707,0.002236113,0.002241805,0.002235427,0.002240136,0.0022338930000000003,0.0022385419999999996,0.002239868,0.002236947,0.0022407620000000003,0.00223729,0.0022432660000000003,0.002233759,0.002239928,0.0022386759999999998],"unit":"A"},"resistance":{"value":[-132.777909,-132.046734,-136.471108,-142.735085,-150.501328,-159.22203,-170.18067,-183.084262,-198.653902,-217.299481,-240.594596,-269.615502,-306.950828,-357.197263,-425.834888,-527.246099,-690.065868,-987.335889,-1690.73,-5248.929,5367.869,1882.427,1188.445,901.088994,748.842004,657.649894,599.268822,558.680103,529.101067,506.975131,488.24749,475.055614,460.365151,450.123869,439.332658,430.153792,420.243119,412.690358,404.985024,395.243075,389.120647,379.291055,373.021122,364.899622,357.494774,350.328739,342.695536,335.490679,327.966306,320.533554,313.655347,306.431941,298.844083,291.782357,284.62962,276.639511,270.276987,262.364434,255.995946,248.882712,241.671005,234.851839,226.747222,220.595642,212.788087,205.750961,198.179388,191.62446,184.003619,177.016627,170.303774,162.408178,155.821317,148.363646,141.168729,134.031694,127.036655,119.878311,112.594513,105.577738,98.501127,91.193096,83.997551,76.965151,69.534266,62.645074,55.330653,48.20268,41.05189,34.053102,26.78733,19.693348,12.510652,5.366931,-1.786463,-8.918289,-16.072738,-23.185861,-30.410929,-37.497317,-44.621814,-51.832906,-58.885426,-66.127906,-73.084554,-80.562383,-87.478389,-89.315326],"unit":"ohms"},"conductance":{"value":[-0.007531373,-0.007573076,-0.007327558,-0.007005986,-0.00664446,-0.006280538,-0.005876108,-0.005461966,-0.00503388,-0.004601944,-0.004156369,-0.003708986,-0.003257851,-0.002799574,-0.002348328,-0.001896648,-0.001449137,-0.001012827,-0.000591460586,-0.000190515056,0.000186293655,0.00053122906,0.000841435527,0.001109768,0.001335395,0.001520566,0.0016687,0.001789933,0.001889998,0.001972483,0.002048142,0.002105017,0.002172189,0.002221611,0.00227618,0.00232475,0.002379575,0.002423124,0.002469227,0.002530089,0.002569897,0.002636498,0.002680813,0.00274048,0.002797244,0.002854462,0.002918042,0.002980709,0.003049094,0.003119798,0.003188213,0.003263367,0.003346227,0.003427212,0.003513338,0.003614813,0.003699908,0.003811492,0.003906312,0.004017957,0.004137857,0.004258004,0.004410197,0.004533181,0.004699511,0.004860245,0.005045933,0.00521854,0.005434676,0.005649187,0.00587186,0.006157325,0.006417607,0.006740196,0.007083722,0.007460922,0.007871744,0.008341793,0.008881427,0.009471694,0.010152168,0.010965742,0.011905109,0.012992893,0.014381399,0.015962947,0.018073165,0.020745735,0.024359414,0.0293659,0.037331081,0.050778567,0.079931882,0.186326233,-0.559765296,-0.112129131,-0.062217151,-0.043129734,-0.032882915,-0.026668574,-0.022410563,-0.019292764,-0.016982131,-0.015122209,-0.013682782,-0.012412741,-0.011431395,-0.011196287],"unit":"S"},"power":{"value":[-16.950961,-16.682793,-15.795905,-14.775908,-13.706116,-12.668425,-11.587143,-10.526304,-9.478792,-8.4643,-7.465367,-6.50404,-5.575575,-4.674804,-3.824805,-3.012164,-2.243336,-1.527812,-0.869147427,-0.272617101,0.259489978,0.720009638,1.109307,1.422555,1.663695,1.84058,1.961583,2.042419,2.09245,2.117816,2.131694,2.122569,2.121139,2.099746,2.081116,2.054943,2.032393,1.998517,1.965402,1.942254,1.901514,1.878804,1.838677,1.807637,1.773066,1.737293,1.7039,1.668478,1.634525,1.600063,1.56291,1.527385,1.493723,1.457532,1.421802,1.390212,1.350431,1.318405,1.278684,1.24269,1.207132,1.169725,1.138713,1.097898,1.065302,1.028933,0.995246942,0.956437651,0.923086374,0.886440456,0.848446262,0.816310902,0.777643326,0.743321989,0.707717146,0.67184782,0.635327352,0.599607412,0.564429284,0.527945106,0.491731494,0.456719466,0.421152965,0.384769434,0.350322328,0.313200401,0.278230023,0.242312944,0.206492411,0.169902657,0.134725074,0.098654523,0.062944898,0.026874017,-0.008932674,-0.044820561,-0.080317661,-0.116351529,-0.151758944,-0.187901666,-0.223868037,-0.259368427,-0.295664601,-0.331001062,-0.367779026,-0.401980296,-0.438903212,-0.447618941],"unit":"mW"},"J":{"value":[-0.11831256700000001,-0.117697485,-0.112654495,-0.106538934,-0.099927187,-0.093402039,-0.08640317400000001,-0.079397912,-0.072331017,-0.065352592,-0.058328294,-0.051429915,-0.044627964,-0.037881248,-0.031382002,-0.025028178,-0.018879849,-0.013025643,-0.007507689,-0.00238637,0.002302268,0.006475997999999999,0.010116562,0.013156711,0.015607679,0.017517679999999997,0.018944759000000002,0.020021075,0.020823554,0.021401655999999998,0.021879586,0.022133764,0.022476568,0.022615905999999998,0.022790195,0.022886779,0.023027677,0.023042967999999997,0.023067622,0.023212264,0.023147511000000003,0.023305104,0.02324784,0.023305884,0.023319771,0.023318211000000002,0.023348793,0.023351602,0.023376411,0.023395291,0.023374227,0.023377815,0.023410426,0.023403248999999997,0.023403248999999997,0.02347362,0.023406057,0.023472996,0.023402469,0.023398099999999998,0.023402469,0.023369077999999998,0.023465661999999998,0.02336034,0.023429306,0.023416356,0.023465661999999998,0.023393730999999997,0.023453335,0.023432271,0.023372042,0.023475804,0.023392327,0.023438044,0.023445378000000003,0.023443817,0.02341698,0.02341854,0.023444598,0.023415575,0.023395915,0.023433675,0.023446782,0.023412611,0.023503422,0.023413391000000002,0.023480953,0.023477365,0.023484542,0.023389361999999997,0.023483138,0.02343664,0.023487507,0.023431491000000002,0.023414795000000002,0.0234744,0.023407617999999998,0.023456924,0.023391546000000003,0.023440229,0.023454116,0.023423533,0.023463478,0.023427122,0.023489691,0.023390142,0.02345474,0.023441633],"unit":"A\/cm2"},"power_density":{"value":[-177.496974,-174.688936,-165.402146,-154.721548,-143.519538,-132.653661,-121.33134,-110.223081,-99.254364,-88.631418,-78.171382,-68.105132,-58.382988,-48.95083,-40.050311,-31.540981,-23.49043,-15.998036,-9.10102,-2.854629,2.717173,7.539368,11.615782,14.895865,17.420885,19.273089,20.540132,21.386582,21.91047,22.176081,22.321408,22.225849,22.210883,21.986869,21.791791,21.517732,21.281599,20.926883,20.580123,20.337738,19.911145,19.673339,19.253159,18.928141,18.566141,18.191545,17.841884,17.470977,17.115448,16.754589,16.365549,15.993564,15.641078,15.262114,14.88798,14.557195,14.140637,13.805285,13.38936,13.012456,12.640122,12.248432,11.923698,11.496314,11.154999,10.774171,10.421434,10.015054,9.665826,9.282099,8.884254,8.547758,8.142862,7.783476,7.410651,7.035056,6.652642,6.278612,5.910254,5.528221,5.149021,4.782403,4.409979,4.028999,3.668297,3.279585,2.913403,2.537308,2.162224,1.779085,1.410734,1.033032,0.659108884,0.281403317,-0.093535858,-0.469325246,-0.841022633,-1.218341,-1.589099,-1.967557,-2.344168,-2.7159,-3.095964,-3.46598,-3.851089,-4.209218,-4.595845,-4.687109],"unit":"mW\/cm2"},"timestamps":{"value":[0.018,0.042,0.068,0.09,0.112,0.149,0.172,0.195,0.218,0.242,0.265,0.289,0.311,0.334,0.357,0.379,0.4,0.422,0.449,0.47,0.492,0.52,0.542,0.563,0.586,0.61,0.642,0.663,0.685,0.708,0.73,0.753,0.775,0.798,0.819,0.84,0.863,0.887,0.911,0.933,0.953,0.976,1.011,1.033,1.054,1.07,1.093,1.114,1.135,1.156,1.177,1.2,1.223,1.246,1.268,1.289,1.312,1.333,1.362,1.384,1.405,1.427,1.448,1.47,1.494,1.516,1.538,1.56,1.583,1.606,1.633,1.657,1.679,1.701,1.724,1.749,1.77,1.792,1.813,1.834,1.869,1.895,1.926,1.951,1.972,1.994,2.017,2.064,2.09,2.112,2.133,2.155,2.179,2.204,2.227,2.248,2.272,2.297,2.318,2.339,2.364,2.386,2.41,2.434,2.456,2.478,2.498,2.521],"unit":"s"},"p_max":{"unit":"mW","value":2.131694},"v_p_max":{"unit":"V","value":1.020193},"i_p_max":{"unit":"mA","value":2.0895},"j_p_max":{"unit":"mA\/cm2","value":21.879586},"voc":{"unit":"V","value":1.188075},"isc":{"unit":"mA","value":2.236511},"jsc":{"unit":"mA\/cm2","value":23.418963},"fill_factor":{"unit":"%","value":80.225045},"efficiency":{"unit":"%","value":22.321408},"r_s":{"unit":"ohms","value":30.01326},"r_sh":{"unit":"ohms","value":8012.638},"cell_dimension":{"value":0.09549999874485014,"unit":"cm2"},"sweep_direction":{"unit":"","value":"Reverse"},"key":"reverse8_2cell_231019"},{"V":{"value":[1.500235,1.484221,1.468222,1.452252,1.436242,1.420244,1.404245,1.388234,1.372221,1.356214,1.34021,1.324233,1.308219,1.292203,1.276229,1.260218,1.244204,1.228195,1.212227,1.196222,1.180218,1.164202,1.148195,1.132185,1.116175,1.100211,1.084209,1.068206,1.052198,1.036183,1.020189,1.004169,0.988193035,0.97218895,0.956201077,0.940169334,0.924169302,0.908166409,0.892167568,0.876163483,0.860183716,0.844165802,0.828171015,0.812157392,0.796150208,0.780144691,0.764148712,0.748170376,0.732168913,0.716156483,0.700150728,0.684136868,0.668124437,0.652125835,0.636162519,0.620151281,0.604159355,0.588156462,0.572144032,0.556128979,0.540120602,0.524129868,0.508133888,0.492128372,0.476117134,0.460110188,0.444115639,0.428107262,0.412130117,0.396119118,0.380121708,0.364106655,0.348102331,0.332085848,0.316085577,0.300082684,0.284105778,0.268102884,0.252076864,0.236069918,0.220079184,0.204083681,0.188085794,0.172079802,0.156073809,0.140069008,0.124073982,0.108074665,0.092071295,0.076065302,0.060068846,0.044075012,0.028062105,0.012008071,-0.003990352,-0.019993633,-0.03594017,-0.051942348,-0.067934752,-0.083939314,-0.099949598,-0.115961075,-0.131939888,-0.147944689,-0.163946629,-0.179948568,-0.195950747,-0.199942589],"unit":"V"},"I":{"value":[-0.011697098999999999,-0.011945665,-0.011493891,-0.011075467,-0.010443911,-0.009757847,-0.0090518,-0.008339942000000001,-0.007616565,-0.006879926000000001,-0.006148085,-0.00542748,-0.0047173499999999995,-0.004014641,-0.0033360720000000003,-0.0026762929999999997,-0.002038777,-0.001438215,-0.000871106982,-0.00035190582300000003,0.000121995807,0.0005373060699999999,0.000895246863,0.001189247,0.001429781,0.00161469,0.001752287,0.0018703939999999998,0.0019380299999999999,0.0020130720000000003,0.0020478809999999997,0.002091303,0.0021114799999999998,0.002141029,0.002160236,0.002169326,0.002181396,0.002191663,0.002192557,0.002204284,0.002205327,0.002209142,0.0022129569999999998,0.002220586,0.002220929,0.002224669,0.002227098,0.002225026,0.002231881,0.002225295,0.002231538,0.002227172,0.002229184,0.002231538,0.002224252,0.0022338930000000003,0.002225295,0.002230152,0.002232656,0.002233267,0.002229944,0.0022266810000000003,0.002230987,0.002228066,0.002228692,0.002230436,0.0022307039999999996,0.0022313299999999997,0.002232999,0.002238065,0.002229393,0.0022385419999999996,0.0022324470000000003,0.0022314039999999998,0.002232656,0.002231538,0.002236664,0.002228275,0.00223203,0.002232581,0.002230495,0.002231047,0.00222446,0.0022313299999999997,0.0022303609999999997,0.002232239,0.002231255,0.002229109,0.0022329240000000003,0.00223203,0.00223355,0.002236262,0.002230912,0.0022327149999999997,0.002228424,0.002231464,0.0022305700000000003,0.0022296010000000003,0.002230152,0.002226546,0.002232656,0.002228141,0.002231881,0.002230778,0.0022368130000000003,0.0022294520000000003,0.002237707,0.002233475],"unit":"A"},"resistance":{"value":[-128.257006,-124.247666,-127.739363,-131.123335,-137.519589,-145.54889,-155.134331,-166.456072,-180.162782,-197.126297,-217.988235,-243.986778,-277.320833,-321.872599,-382.554297,-470.881756,-610.269727,-853.971839,-1391.593,-3399.268,9674.252,2166.738,1282.545,952.018544,780.661463,681.375858,618.739323,571.112938,542.921351,514.72697,498.168128,480.164053,468.009739,454.075639,442.637272,433.39238,423.659597,414.373239,406.907381,397.482109,390.048123,382.123856,374.237359,365.740131,358.476262,350.679018,343.114132,336.252346,328.050154,321.825455,313.752504,307.177348,299.717055,292.231523,286.011938,277.61015,271.496334,263.729258,256.261628,249.020391,242.212644,235.386201,227.761927,220.876895,213.630729,206.287142,199.092158,191.861949,184.563535,176.991784,170.504612,162.653495,155.92858,148.823709,141.5738,134.473464,127.022092,120.318583,112.936144,105.73855,98.668306,91.474416,84.553453,77.119846,69.976924,62.748223,55.607258,48.483338,41.233508,34.078978,26.89389,19.709235,12.578757,5.378236,-1.790661,-8.959873,-16.112552,-23.2967,-30.461931,-37.699333,-44.767131,-52.043871,-59.116004,-66.319762,-73.294731,-80.714255,-87.567637,-89.520836],"unit":"ohms"},"conductance":{"value":[-0.007796845,-0.008048441,-0.00782844,-0.007626408,-0.007271691,-0.006870544,-0.006446026,-0.006007591,-0.005550536,-0.00507289,-0.004587404,-0.004098583,-0.003605932,-0.003106819,-0.002614008,-0.002123675,-0.00163862,-0.001170999,-0.000718600764,-0.000294180957,0.000103367161,0.000461523165,0.000779699627,0.0010504,0.001280965,0.001467619,0.00161619,0.001750967,0.001841887,0.001942778,0.002007354,0.002082622,0.002136708,0.002202276,0.002259186,0.002307378,0.002360386,0.002413283,0.002457562,0.002515837,0.002563786,0.002616953,0.002672101,0.002734182,0.002789585,0.002851611,0.002914482,0.002973957,0.003048314,0.003107274,0.003187226,0.003255448,0.00333648,0.003421944,0.003496358,0.003602174,0.003683291,0.003791767,0.003902262,0.004015735,0.004128604,0.004248337,0.004390549,0.004527409,0.004680975,0.004847612,0.0050228,0.005212081,0.005418188,0.00564998,0.005864944,0.006148039,0.006413193,0.006719359,0.007063454,0.007436411,0.007872646,0.008311268,0.008854561,0.009457289,0.010134967,0.010932018,0.011826838,0.012966831,0.014290425,0.015936706,0.017983264,0.020625643,0.02425212,0.029343603,0.037183167,0.050737637,0.079499112,0.185934568,-0.558452955,-0.11160872,-0.062063415,-0.042924535,-0.03282786,-0.026525668,-0.022337817,-0.019214558,-0.016915893,-0.015078462,-0.013643546,-0.012389385,-0.011419744,-0.011170584],"unit":"S"},"power":{"value":[-17.548395,-17.730006,-16.875589,-16.084371,-14.999987,-13.858521,-12.710944,-11.57779,-10.451614,-9.330654,-8.239726,-7.187249,-6.171329,-5.187731,-4.257591,-3.372712,-2.536654,-1.76641,-1.055979,-0.420957595,0.143981674,0.62553266,1.027918,1.346447,1.595886,1.776499,1.899845,1.997966,2.039191,2.085911,2.089227,2.100022,2.086549,2.081484,2.06562,2.039534,2.015979,1.990395,1.956128,1.931313,1.896987,1.864882,1.832706,1.803465,1.768193,1.735564,1.701834,1.664699,1.634114,1.593659,1.562413,1.523691,1.489372,1.455244,1.414986,1.385351,1.344433,1.311679,1.277401,1.241984,1.204439,1.16707,1.13364,1.096495,1.061119,1.026246,0.990690457,0.955248439,0.920285979,0.886540335,0.847440496,0.815067982,0.777120098,0.741017751,0.705710323,0.669646,0.635449249,0.597406939,0.562643132,0.527045302,0.490885566,0.455320194,0.418389372,0.383966768,0.348100952,0.312667453,0.276840715,0.240910253,0.205588213,0.169780038,0.134166768,0.098563273,0.0626041,0.026810606,-0.008892196,-0.044615068,-0.080167056,-0.11581072,-0.151504855,-0.186894778,-0.223153059,-0.258377606,-0.294474132,-0.330031807,-0.366718,-0.40118672,-0.438480431,-0.446566863],"unit":"mW"},"J":{"value":[-0.122482708,-0.12508549600000002,-0.120354885,-0.11597347499999999,-0.10936032400000001,-0.102176404,-0.094783244,-0.08732923,-0.07975460300000001,-0.072041107,-0.064377853,-0.056832248999999994,-0.049396335,-0.042038125999999995,-0.034932691,-0.028024013,-0.021348449,-0.015059847,-0.009121539,-0.003684878,0.001277443,0.005626242,0.009374313,0.012452846,0.014971532,0.016907747,0.018348556999999998,0.019585275,0.020293509,0.021079292,0.021443785,0.021898466,0.022109734,0.022419148,0.022620275,0.022715455,0.022841842,0.022949349,0.022958711,0.023081509,0.023092431,0.023132375,0.02317232,0.023252209,0.023255797999999998,0.023294962000000002,0.023320395,0.023298707000000002,0.023370481999999998,0.023301515,0.023366893,0.023321175,0.02334224,0.023366893,0.023290593000000002,0.023391546000000003,0.023301515,0.023352381999999998,0.023378596,0.023384993,0.023350198,0.023316026,0.02336112,0.023330537,0.023337091,0.023355347,0.023358155,0.023364709,0.023382184,0.023435235999999998,0.023344424,0.023440229,0.023376411,0.023365489,0.023378596,0.023366893,0.023420569,0.023332722,0.023372042,0.023377815,0.023355971,0.023361744,0.023292777,0.023364709,0.023354567,0.023374227,0.023363929,0.02334146,0.023381404,0.023372042,0.023387958,0.023416356,0.02336034,0.02337922,0.023334282,0.023366112999999997,0.023356751,0.023346609,0.023352381999999998,0.023314622,0.023378596,0.023331318,0.023370481999999998,0.023358934999999997,0.023422129000000003,0.023345049,0.023431491000000002,0.023387177000000002],"unit":"A\/cm2"},"power_density":{"value":[-183.752826,-185.654518,-176.707735,-168.422728,-157.067928,-145.115398,-133.098887,-121.233398,-109.440979,-97.703179,-86.279856,-75.259156,-64.621246,-54.321791,-44.582101,-35.316356,-26.561821,-18.496435,-11.057373,-4.407933,1.507662,6.55008,10.763535,14.098925,16.710852,18.602083,19.893669,20.92111,21.352788,21.841996,21.87672,21.989755,21.848686,21.795648,21.629531,21.356374,21.109729,20.841827,20.483017,20.223175,19.863733,19.52756,19.190644,18.884453,18.515108,18.173441,17.82025,17.431402,17.11114,16.687531,16.360347,15.954876,15.595521,15.238155,14.816602,14.506297,14.077828,13.734854,13.375924,13.005072,12.611923,12.220626,11.870577,11.481619,11.111189,10.746033,10.373722,10.002601,9.636502,9.283145,8.873722,8.534743,8.137383,7.759348,7.389637,7.012,6.653919,6.25557,5.891551,5.518799,5.140163,4.767751,4.381041,4.020594,3.645036,3.274005,2.898856,2.52262,2.152756,1.777801,1.404888,1.032076,0.655540311,0.28073933,-0.093112003,-0.467173488,-0.839445608,-1.212678,-1.586438,-1.957013,-2.336681,-2.705525,-3.083499,-3.45583,-3.839979,-4.200908,-4.591418,-4.676093],"unit":"mW\/cm2"},"timestamps":{"value":[0.02,0.042,0.058,0.091,0.115,0.138,0.159,0.184,0.207,0.231,0.252,0.275,0.298,0.32,0.343,0.364,0.386,0.409,0.433,0.454,0.477,0.501,0.524,0.545,0.567,0.589,0.614,0.636,0.656,0.678,0.701,0.722,0.744,0.765,0.801,0.825,0.847,0.873,0.896,0.919,0.941,0.963,0.986,1.009,1.029,1.051,1.073,1.094,1.116,1.139,1.162,1.184,1.21,1.232,1.254,1.275,1.298,1.32,1.343,1.365,1.389,1.411,1.436,1.457,1.481,1.502,1.524,1.546,1.567,1.593,1.613,1.634,1.671,1.692,1.714,1.735,1.757,1.78,1.802,1.825,1.846,1.873,1.897,1.919,1.942,1.962,1.989,2.016,2.043,2.065,2.086,2.108,2.132,2.157,2.178,2.202,2.224,2.245,2.266,2.289,2.31,2.332,2.354,2.377,2.4,2.422,2.443,2.468],"unit":"s"},"p_max":{"unit":"mW","value":2.100022},"v_p_max":{"unit":"V","value":1.004169},"i_p_max":{"unit":"mA","value":2.091303},"j_p_max":{"unit":"mA\/cm2","value":21.898466},"voc":{"unit":"V","value":1.184338},"isc":{"unit":"mA","value":2.229494},"jsc":{"unit":"mA\/cm2","value":23.345491},"fill_factor":{"unit":"%","value":79.531957},"efficiency":{"unit":"%","value":21.989755},"r_s":{"unit":"ohms","value":28.873679},"r_sh":{"unit":"ohms","value":7947.859},"cell_dimension":{"value":0.09550000315146526,"unit":"cm2"},"sweep_direction":{"unit":"","value":"Reverse"},"key":"reverse8_1cell_231019"},{"V":{"value":[-0.199938536,-0.183944702,-0.167952299,-0.151947498,-0.135946989,-0.119944811,-0.103946924,-0.087938309,-0.071928024,-0.055938244,-0.039925337,-0.023930311,-0.00799343,0.008008748,0.024055243,0.040069342,0.056071281,0.072062492,0.088071108,0.104077339,0.120072365,0.136073112,0.152076244,0.168082476,0.184089899,0.200076818,0.216064215,0.232076645,0.248083591,0.264087915,0.280100346,0.296109915,0.312115669,0.328087091,0.344095469,0.360103846,0.376102686,0.392104149,0.408112526,0.424123526,0.44012785,0.456107378,0.472115755,0.488124132,0.504131079,0.520138025,0.536135435,0.552145243,0.56812501,0.584119558,0.600127935,0.616134882,0.632162333,0.648153067,0.664160013,0.680135489,0.696139812,0.712146759,0.728144169,0.74415946,0.760159492,0.776177406,0.792150259,0.808154583,0.82416296,0.84017396,0.856169939,0.872176886,0.888185263,0.904154062,0.920161009,0.936187029,0.952192783,0.968188763,0.984179497,1.000199,1.016212,1.032173,1.048175,1.064179,1.080197,1.096194,1.112207,1.128226,1.144195,1.160203,1.176203,1.192214,1.208213,1.224217,1.24022,1.256191,1.272212,1.288215,1.304239,1.320207,1.336237,1.352236,1.368206,1.384219,1.40022,1.416233,1.432237,1.448251,1.464266,1.480263,1.496229,1.50024],"unit":"V"},"I":{"value":[0.0016053170000000002,0.002197623,0.0021988750000000003,0.002194017,0.002200186,0.0021944340000000003,0.002197698,0.002195328,0.002197832,0.002202138,0.002193525,0.002202407,0.002197206,0.002196729,0.002200469,0.0021967889999999998,0.0021972809999999997,0.0022012290000000003,0.0021963720000000003,0.0021951939999999997,0.0021991429999999998,0.00219208,0.002201781,0.002197698,0.002200946,0.002195954,0.002197206,0.002199292,0.0021963119999999997,0.002197832,0.002197966,0.002201512,0.002201572,0.002196923,0.002197132,0.00219582,0.002199501,0.002194509,0.0021956859999999996,0.002198592,0.002195954,0.0021988,0.0021943,0.0021996349999999997,0.002192497,0.002193943,0.0021956859999999996,0.0021918709999999998,0.0021987260000000002,0.002191454,0.002197623,0.0021944340000000003,0.0021965210000000003,0.0021899190000000002,0.00219734,0.0021977570000000003,0.0021899190000000002,0.0021949260000000003,0.002192974,0.0021889509999999997,0.002193049,0.0021873559999999997,0.002190202,0.002184093,0.002187014,0.002186522,0.00218007,0.002182439,0.00217016,0.0021759870000000003,0.002163634,0.002157047,0.002147615,0.0021352769999999997,0.002121881,0.0020963699999999997,0.002072498,0.0020306860000000003,0.001980126,0.001899108,0.001803607,0.001665384,0.001486793,0.0012656149999999999,0.000993743539,0.0006780922409999999,0.00031529367000000005,-8.8214874e-5,-0.000523492694,-0.000998020172,-0.0014922470000000001,-0.002015322,-0.0025627460000000003,-0.003121763,-0.003701568,-0.0042904020000000005,-0.004894421,-0.0055121630000000005,-0.006129786,-0.006761894,-0.00740467,-0.008053705000000001,-0.008712858,-0.009382427,-0.010050461,-0.010729656,-0.011412874,-0.011589527],"unit":"A"},"resistance":{"value":[-124.547698,-83.701654,-76.381014,-69.255382,-61.788855,-54.658645,-47.298098,-40.057016,-32.726809,-25.401785,-18.201447,-10.865529,-3.637997,3.64576,10.931869,18.239961,25.51849,32.737385,40.098456,47.411446,54.599612,62.074884,69.069661,76.481161,83.641253,91.111557,98.335892,105.523335,112.954624,120.158379,127.436161,134.502948,141.769454,149.339374,156.61123,163.995141,170.994567,178.675123,185.870159,192.906896,200.426687,207.43464,215.15549,221.911432,229.934645,237.079133,244.176722,251.905856,258.388278,266.544273,273.080445,280.771611,287.801691,295.971204,302.256353,309.46796,317.883767,324.451354,332.035008,339.961715,346.622274,354.847259,361.679008,370.018394,376.843999,384.251337,392.72595,399.634032,409.27171,415.514504,425.285023,434.013195,443.372207,453.425413,463.824154,477.109798,490.332133,508.288031,529.347461,560.357168,598.909169,658.223296,748.057448,891.444557,1151.398,1710.981,3730.5,-13514.889,-2307.984,-1226.646,-831.109114,-623.32035,-496.425344,-412.656235,-352.347622,-307.711757,-273.012388,-245.318627,-223.20619,-204.708735,-189.099632,-175.848607,-164.381988,-154.357802,-145.691413,-137.959995,-131.100144,-129.447933],"unit":"ohms"},"conductance":{"value":[-0.008029052,-0.011947195,-0.013092259,-0.014439311,-0.016184148,-0.018295368,-0.021142499,-0.024964415,-0.030555988,-0.039367312,-0.054940687,-0.092034178,-0.274876498,0.2742912,0.091475668,0.054824679,0.039187271,0.030546117,0.024938616,0.021091953,0.018315148,0.016109575,0.014478137,0.013075115,0.011955823,0.010975556,0.010169227,0.009476577,0.008853113,0.008322349,0.007847066,0.007434781,0.007053706,0.006696158,0.006385238,0.006097742,0.005848139,0.00559675,0.0053801,0.005183848,0.004989356,0.004820796,0.004647801,0.004506302,0.004349062,0.004218001,0.004095394,0.003969737,0.003870145,0.003751722,0.003661925,0.003561614,0.003474615,0.003378707,0.00330845,0.003231352,0.003145804,0.003082126,0.003011731,0.002941508,0.002884985,0.002818114,0.002764883,0.002702568,0.002653618,0.002602463,0.002546305,0.002502289,0.002443365,0.002406655,0.002351364,0.002304077,0.002255441,0.002205434,0.002155989,0.002095954,0.002039434,0.001967388,0.001889118,0.001784576,0.001669702,0.001519241,0.001336796,0.001121775,0.0008685092,0.000584460007,0.000268060587,-7.3992468e-5,-0.000433278534,-0.00081523131,-0.001203211,-0.001604311,-0.002014402,-0.002423325,-0.002838106,-0.003249795,-0.003662837,-0.004076331,-0.004480162,-0.004884989,-0.005288218,-0.00568671,-0.006083392,-0.006478455,-0.006863822,-0.007248478,-0.007627757,-0.007725114],"unit":"S"},"power":{"value":[-0.32096473,-0.404241155,-0.369306103,-0.333375421,-0.299108696,-0.26321102,-0.228443922,-0.193053473,-0.158085704,-0.12318375,-0.087577242,-0.052704274,-0.017563212,0.017593051,0.052932825,0.08802388,0.123204335,0.158626072,0.193436876,0.228469988,0.264056321,0.298283151,0.334838536,0.36939448,0.405171966,0.439359554,0.474737593,0.510404351,0.544868957,0.580420837,0.615651031,0.651889666,0.687145137,0.720782044,0.756022998,0.790723303,0.827238158,0.860476048,0.896087001,0.932474518,0.966500654,1.002889,1.035964,1.073695,1.105306,1.141153,1.177185,1.210231,1.249151,1.280071,1.318855,1.352068,1.388558,1.419403,1.459385,1.494773,1.52449,1.56311,1.596801,1.628928,1.667067,1.697777,1.734969,1.765085,1.802456,1.837059,1.86651,1.903473,1.927504,1.967427,1.990891,2.0194,2.044943,2.067351,2.088311,2.096786,2.106099,2.096019,2.075518,2.020991,1.94825,1.825584,1.653621,1.4279,1.137036,0.786724639,0.370849364,-0.10517103,-0.632490601,-1.221793,-1.850715,-2.531631,-3.260357,-4.021503,-4.827727,-5.664219,-6.540108,-7.453747,-8.386812,-9.35994,-10.36817,-11.405922,-12.478877,-13.588107,-14.716546,-15.882715,-17.076278,-17.387076],"unit":"mW"},"J":{"value":[0.016809602000000003,0.023011762,0.023024869,0.022974002,0.0230386,0.022978371,0.023012542,0.022987733,0.023013946,0.02305904,0.022968853,0.023061848000000003,0.023007393,0.023002400000000003,0.023041564,0.023003024,0.023008173,0.023049522,0.022998655,0.022986328,0.023027677,0.022953717000000002,0.023055295,0.023012542,0.023046557,0.022994286,0.023007393,0.023029238,0.022998031000000002,0.023013946,0.023015351,0.023052485999999997,0.023053111,0.023004428,0.023006613000000002,0.022992882000000003,0.023031422,0.022979151000000003,0.022991478,0.023021904,0.022994286,0.023024087999999998,0.022976966,0.023032826,0.022958086000000003,0.022973222,0.022991478,0.022951533,0.023023308,0.022947164,0.023011762,0.022978371,0.023000215,0.022931093,0.023008797,0.023013165999999998,0.022931093,0.02298352,0.022963079,0.022920951,0.02296386,0.022904255,0.022934057,0.022870084,0.022900666,0.022895517,0.022827955,0.022852764,0.022724193,0.022785202,0.02265585,0.022586884,0.022488115,0.022358919,0.022218645999999998,0.021951517,0.021701552,0.021263722999999998,0.020734303,0.019885951,0.018885935,0.017438571,0.015568515,0.013252515000000001,0.010405692,0.007100442,0.003301504,-0.0009237159609999999,-0.005481599,-0.010450473,-0.015625622999999998,-0.021102853,-0.026835041,-0.032688623,-0.038759870999999994,-0.044925675,-0.051250475999999996,-0.057718985,-0.064186245,-0.070805169,-0.07753581300000001,-0.08433199100000001,-0.091234115,-0.098245306,-0.105240426,-0.112352415,-0.119506533,-0.12135630500000001],"unit":"A\/cm2"},"power_density":{"value":[-3.360887,-4.232892,-3.86708,-3.490842,-3.132028,-2.756136,-2.392083,-2.021502,-1.655348,-1.289882,-0.917039181,-0.55187721,-0.183907982,0.18422043,0.554270414,0.921716026,1.290098,1.661006,2.025517,2.392356,2.764988,3.123384,3.506163,3.868005,4.242638,4.600624,4.971074,5.344548,5.705434,6.077705,6.446608,6.82607,7.195237,7.547456,7.916471,8.279825,8.66218,9.01022,9.38311,9.764131,10.120426,10.501457,10.847788,11.242878,11.573885,11.949246,12.326546,12.67258,13.080117,13.403887,13.810001,14.157776,14.53987,14.862858,15.281523,15.652071,15.963247,16.367639,16.720432,17.056842,17.456196,17.777765,18.167219,18.482563,18.873881,19.236217,19.544609,19.931653,20.183293,20.601333,20.84703,21.145548,21.413021,21.647654,21.867135,21.955877,22.053387,21.947844,21.73317,21.16221,20.400523,19.116062,17.315406,14.95183,11.906136,8.237954,3.883239,-1.101267,-6.622938,-12.793649,-19.379211,-26.509224,-34.139868,-42.109979,-50.552118,-59.311196,-68.482805,-78.049705,-87.820022,-98.009838,-108.567226,-119.433733,-130.668867,-142.28384,-154.099959,-166.311149,-178.809189,-182.063623],"unit":"mW\/cm2"},"timestamps":{"value":[0.018,0.042,0.064,0.086,0.107,0.13,0.153,0.177,0.201,0.222,0.245,0.267,0.29,0.312,0.348,0.374,0.397,0.432,0.454,0.477,0.503,0.528,0.55,0.573,0.594,0.618,0.642,0.667,0.69,0.711,0.735,0.756,0.781,0.804,0.827,0.849,0.871,0.893,0.917,0.942,0.963,0.985,1.008,1.029,1.054,1.076,1.099,1.122,1.145,1.165,1.186,1.214,1.236,1.259,1.294,1.318,1.342,1.364,1.388,1.408,1.431,1.452,1.474,1.494,1.516,1.543,1.566,1.587,1.609,1.631,1.655,1.677,1.7,1.72,1.741,1.762,1.783,1.808,1.829,1.852,1.874,1.897,1.92,1.943,1.967,1.989,2.01,2.033,2.061,2.083,2.108,2.13,2.167,2.194,2.218,2.241,2.263,2.286,2.308,2.33,2.353,2.375,2.398,2.42,2.443,2.465,2.487,2.511],"unit":"s"},"p_max":{"unit":"mW","value":2.106099},"v_p_max":{"unit":"V","value":1.016212},"i_p_max":{"unit":"mA","value":2.072498},"j_p_max":{"unit":"mA\/cm2","value":21.701552},"voc":{"unit":"V","value":1.188714},"isc":{"unit":"mA","value":2.196968},"jsc":{"unit":"mA\/cm2","value":23.004899},"fill_factor":{"unit":"%","value":80.645037},"efficiency":{"unit":"%","value":22.053387},"r_s":{"unit":"ohms","value":31.944922},"r_sh":{"unit":"ohms","value":194.912474},"cell_dimension":{"value":0.09550000053540826,"unit":"cm2"},"sweep_direction":{"unit":"","value":"Forward"},"key":"forward8_4cell_231019"},{"V":{"value":[-0.199938536,-0.183944702,-0.167950869,-0.151943445,-0.135946989,-0.119943619,-0.103941679,-0.087944984,-0.071929455,-0.055939674,-0.039941788,-0.02392745,-0.007991731,0.008007467,0.024065971,0.040070772,0.056076765,0.072067976,0.088063002,0.104078531,0.120066881,0.136077166,0.152077675,0.168076992,0.184089899,0.200078249,0.216056108,0.232059002,0.248083591,0.264082432,0.280083895,0.296111345,0.312121153,0.328088522,0.344091415,0.360099792,0.376103878,0.392101288,0.408113718,0.424116611,0.440129042,0.456108809,0.472113132,0.488128185,0.504128456,0.52013135,0.536132812,0.552145243,0.56812501,0.584122419,0.600127935,0.61614728,0.632154226,0.648150206,0.664158583,0.680142403,0.696138382,0.712145329,0.728142738,0.744156599,0.760163546,0.77618289,0.792144775,0.808157206,0.82416153,0.840168476,0.856176853,0.872178316,0.888185263,0.904159546,0.920155525,0.936170816,0.952181816,0.968187571,0.98418498,1.000201,1.016214,1.032181,1.048176,1.06418,1.080193,1.096198,1.112207,1.128224,1.144192,1.160203,1.176199,1.192214,1.208216,1.22422,1.240226,1.256209,1.272216,1.288221,1.304224,1.320225,1.33624,1.352237,1.36821,1.384218,1.400222,1.41623,1.432238,1.448249,1.464259,1.480262,1.496228,1.500242],"unit":"V"},"I":{"value":[0.001812354,0.002220929,0.0022157279999999997,0.0022235659999999997,0.0022202280000000003,0.002217799,0.002220303,0.0022178740000000003,0.002220929,0.0022222400000000003,0.002218783,0.002217948,0.0022172480000000002,0.002220437,0.002221972,0.0022185739999999996,0.002226755,0.002217039,0.002222657,0.002213851,0.0022152359999999998,0.0022246090000000002,0.002219126,0.002227589,0.0022145510000000004,0.002218634,0.002220511,0.002218083,0.002219051,0.0022148940000000002,0.00222148,0.002215937,0.0022222400000000003,0.002218634,0.002218783,0.0022178740000000003,0.0022144020000000003,0.002220929,0.002211004,0.002220511,0.002216488,0.002221063,0.002219811,0.002216563,0.002223983,0.0022141929999999997,0.00222072,0.0022191999999999997,0.002213851,0.002221689,0.002213851,0.002212182,0.002216622,0.002211004,0.0022172480000000002,0.0022076820000000003,0.00221698,0.002213508,0.002212673,0.002215594,0.0022129569999999998,0.0022105280000000002,0.002208099,0.0022134330000000003,0.002205804,0.002212182,0.002202347,0.002205178,0.002204835,0.0021943600000000002,0.002193883,0.002187431,0.002181053,0.0021727979999999997,0.002161413,0.002141997,0.002122924,0.002100393,0.002054676,0.002001271,0.0019192249999999999,0.0018110280000000001,0.0016527620000000001,0.001446143,0.001181349,0.000835254788,0.000412464142,-7.677078199999999e-5,-0.0006310641769999999,-0.00124833,-0.0019220410000000002,-0.002631828,-0.0033897460000000003,-0.004173949000000001,-0.004995331,-0.005840078,-0.00670439,-0.007598802,-0.008500501999999998,-0.009429439999999999,-0.010368869,-0.011323406999999999,-0.012298346,-0.013280763999999999,-0.014275043999999999,-0.015289024,-0.016301274,-0.016576543000000003],"unit":"A"},"resistance":{"value":[-110.319819,-82.823327,-75.799401,-68.333224,-61.231085,-54.082266,-46.81419,-39.652833,-32.387107,-25.172652,-18.001666,-10.7881,-3.604347,3.606257,10.830908,18.061497,25.183177,32.506402,39.620595,47.012445,54.200482,61.169019,68.530449,75.452409,83.127416,90.180831,97.300156,104.621445,111.79715,119.230296,126.079863,133.628066,140.453397,147.878622,155.081155,162.362607,169.844448,176.548348,184.582944,190.999517,198.570449,205.356108,212.681672,220.21854,226.678155,234.907828,241.422962,248.803717,256.62301,262.91822,271.078785,278.524718,285.188074,293.147394,299.541846,308.079943,314.003025,321.727034,329.078268,335.872268,343.505862,351.130142,358.745173,365.114763,373.633166,379.791805,388.756578,395.513768,402.835176,412.037946,419.418674,427.977329,436.569742,445.594854,455.343233,466.948068,478.686012,491.42288,510.141667,531.752232,562.827519,605.290811,672.938088,780.161114,968.546828,1389.041,2851.639,-15529.531,-1914.569,-980.686323,-645.264819,-477.314355,-375.313176,-308.633511,-261.088503,-226.062906,-199.308221,-177.954023,-160.956423,-146.797425,-135.040922,-125.071008,-116.457806,-109.048645,-102.574754,-96.818612,-91.785952,-90.503896],"unit":"ohms"},"conductance":{"value":[-0.009064554,-0.012073893,-0.013192716,-0.01463417,-0.016331574,-0.018490349,-0.021361044,-0.025218879,-0.030876484,-0.039725651,-0.055550415,-0.092694726,-0.277442776,0.277295803,0.092328363,0.055366397,0.039709049,0.030763171,0.025239399,0.021270963,0.018450021,0.016348145,0.014592054,0.013253387,0.012029726,0.011088831,0.010277476,0.00955827,0.008944772,0.00838713,0.007931481,0.007483458,0.007119799,0.006762303,0.006448237,0.006159054,0.00588774,0.005664171,0.005417619,0.005235615,0.005035996,0.00486959,0.004701863,0.004540944,0.004411541,0.004256989,0.004142108,0.004019233,0.003896767,0.003803464,0.003688964,0.003590346,0.003506458,0.003411253,0.003338432,0.003245911,0.003184683,0.003108225,0.003038791,0.002977322,0.002911158,0.002847947,0.002787494,0.002738865,0.002676422,0.002633022,0.002572304,0.002528357,0.002482405,0.002426961,0.002384252,0.002336572,0.002290585,0.002244191,0.002196146,0.002141566,0.002089052,0.002034907,0.00196024,0.001880575,0.001776743,0.001652098,0.001486021,0.001281787,0.001032475,0.000719921258,0.000350675486,-6.4393445e-5,-0.00052231085,-0.001019694,-0.001549751,-0.002095055,-0.002664441,-0.003240089,-0.003830119,-0.004423547,-0.005017355,-0.005619429,-0.006212862,-0.006812109,-0.007405163,-0.007995458,-0.008586801,-0.009170219,-0.009748988,-0.010328593,-0.010894913,-0.011049248],"unit":"S"},"power":{"value":[-0.362359351,-0.408528063,-0.37213347,-0.337856305,-0.301833354,-0.266010889,-0.230782003,-0.195050888,-0.159750188,-0.12431138,-0.088622156,-0.053069851,-0.017719651,0.017780075,0.053473909,0.088899985,0.124869218,0.159777547,0.195733865,0.230414321,0.265976529,0.302718522,0.337479466,0.374406541,0.407676465,0.443900384,0.47975506,0.514726022,0.550510172,0.584914514,0.622200774,0.656164021,0.693608102,0.727908314,0.763464149,0.798655942,0.832845165,0.870828991,0.902341265,0.941755786,0.975540793,1.013046,1.048002,1.081967,1.121173,1.151671,1.190601,1.225321,1.257744,1.297738,1.328594,1.36303,1.401247,1.433063,1.472604,1.501538,1.543325,1.576339,1.611142,1.648749,1.682209,1.715774,1.749134,1.788802,1.817939,1.858605,1.885598,1.923309,1.958302,1.984051,2.018714,2.047809,2.076759,2.103676,2.127231,2.142429,2.157345,2.167986,2.153663,2.129712,2.073132,1.985245,1.838213,1.631574,1.35169,0.969065095,0.485139894,-0.091527221,-0.762461654,-1.52823,-2.383765,-3.306127,-4.31249,-5.376968,-6.515028,-7.710217,-8.958675,-10.275385,-11.630474,-13.052396,-14.518714,-16.036549,-17.614162,-19.233858,-20.902364,-22.631761,-24.390423,-24.868823],"unit":"mW"},"J":{"value":[0.018977526,0.023255797999999998,0.023201342,0.023283415000000002,0.023248464,0.023223030999999998,0.023249244000000002,0.023223811,0.023255797999999998,0.023269528,0.023233329,0.023224591,0.023217257,0.023250648000000002,0.023266719999999998,0.023231144000000002,0.023316807000000002,0.023215073,0.023273897,0.023181682,0.023196193,0.023294338,0.023236918,0.023325544,0.023189015,0.023231768,0.023251429,0.023225995000000003,0.023236137,0.023192604,0.023261571,0.023203526,0.023269528,0.023231768,0.023233329,0.023223811,0.023187455,0.023255797999999998,0.02315188,0.023251429,0.0232093,0.023257202,0.023244095000000003,0.02321008,0.023287784,0.023185271,0.023253613000000003,0.023237698,0.023181682,0.023263755,0.023181682,0.023164206,0.023210704,0.02315188,0.023217257,0.023117084,0.023214448999999998,0.023178093,0.023169355,0.023199938,0.02317232,0.023146886,0.023121453,0.023177313,0.023097424000000002,0.023164206,0.023061223999999998,0.023090871,0.023087281999999997,0.022977591,0.022972598,0.022905035,0.022838253000000003,0.022751811,0.022632601000000002,0.02242929,0.022229568,0.021993646,0.021514936,0.020955714,0.020096595000000002,0.018963639,0.017306411,0.015142856,0.012370148000000001,0.008746123000000001,0.004318996,-0.0008038825389999999,-0.006608002,-0.013071517,-0.020126086,-0.02755841,-0.035494722000000006,-0.043706276,-0.052307133,-0.061152648999999996,-0.070203037,-0.079568612,-0.089010487,-0.098737591,-0.108574541,-0.11856971,-0.128778488,-0.13906559400000001,-0.149476903,-0.16009448699999998,-0.170693972,-0.173576371],"unit":"A\/cm2"},"power_density":{"value":[-3.794339,-4.277781,-3.896686,-3.537762,-3.160559,-2.785454,-2.416565,-2.042418,-1.672777,-1.30169,-0.927980688,-0.555705243,-0.18554608,0.186178796,0.559936215,0.930889893,1.307531,1.673063,2.049569,2.412715,2.785095,3.169827,3.533816,3.920487,4.268864,4.648172,5.023613,5.389801,5.764504,6.124759,6.515191,6.870827,7.262912,7.622077,7.994389,8.362889,8.720892,9.118628,9.4486,9.861317,10.215087,10.607815,10.973843,11.329494,11.740035,12.059386,12.467025,12.830584,13.170093,13.588881,13.911975,14.272563,14.672745,15.005895,15.419941,15.722909,16.160469,16.506171,16.870598,17.264387,17.614753,17.966217,18.315538,18.730912,19.036008,19.461836,19.744486,20.139357,20.505783,20.775408,21.138363,21.443025,21.746169,22.02802,22.274666,22.433809,22.589996,22.701429,22.551441,22.300654,21.708193,20.787909,19.248307,17.08454,14.153824,10.147278,5.079999,-0.958400219,-7.983892,-16.002413,-24.960886,-34.619133,-45.156965,-56.303327,-68.220194,-80.735256,-93.80811,-107.595658,-121.785067,-136.674301,-152.028417,-167.921976,-184.441487,-201.401655,-218.872922,-236.981792,-255.397096,-260.40652],"unit":"mW\/cm2"},"timestamps":{"value":[0.019,0.046,0.071,0.092,0.114,0.136,0.159,0.184,0.205,0.241,0.265,0.287,0.311,0.333,0.36,0.391,0.442,0.464,0.486,0.512,0.535,0.558,0.584,0.607,0.629,0.652,0.675,0.696,0.717,0.743,0.766,0.788,0.81,0.835,0.858,0.879,0.901,0.922,0.945,0.968,0.99,1.015,1.038,1.059,1.082,1.097,1.134,1.159,1.182,1.206,1.229,1.255,1.276,1.299,1.322,1.345,1.366,1.389,1.413,1.434,1.456,1.479,1.501,1.527,1.55,1.573,1.594,1.618,1.639,1.663,1.686,1.707,1.728,1.749,1.772,1.795,1.819,1.841,1.865,1.886,1.908,1.929,1.954,1.978,2.014,2.045,2.071,2.105,2.126,2.164,2.188,2.213,2.238,2.26,2.284,2.305,2.328,2.353,2.378,2.4,2.425,2.446,2.467,2.491,2.513,2.536,2.559,2.58],"unit":"s"},"p_max":{"unit":"mW","value":2.167986},"v_p_max":{"unit":"V","value":1.032181},"i_p_max":{"unit":"mA","value":2.100393},"j_p_max":{"unit":"mA\/cm2","value":21.993646},"voc":{"unit":"V","value":1.189701},"isc":{"unit":"mA","value":2.218841},"jsc":{"unit":"mA\/cm2","value":23.233937},"fill_factor":{"unit":"%","value":82.128242},"efficiency":{"unit":"%","value":22.701429},"r_s":{"unit":"ohms","value":22.392715},"r_sh":{"unit":"ohms","value":224.705262},"cell_dimension":{"value":0.0955000140692733,"unit":"cm2"},"sweep_direction":{"unit":"","value":"Forward"},"key":"forward8_3cell_231019"},{"V":{"value":[-0.199916601,-0.183944702,-0.167949438,-0.151947498,-0.135951042,-0.119946241,-0.103945732,-0.087931395,-0.071958065,-0.055945158,-0.039940357,-0.023931503,-0.007993996,0.008005202,0.024057865,0.040073395,0.056074142,0.072065115,0.088065624,0.104077339,0.120073795,0.136073112,0.152077675,0.168081045,0.184085608,0.200080872,0.216061592,0.232076645,0.248082161,0.264067411,0.280086756,0.296105862,0.312118292,0.328085661,0.344091415,0.360102415,0.376105309,0.392105579,0.408115149,0.424122095,0.440126419,0.456112862,0.472109079,0.488131046,0.504131079,0.520132542,0.536135435,0.552143812,0.568123579,0.584110022,0.600122452,0.61614728,0.632158279,0.648148775,0.664161205,0.680139542,0.696139812,0.71214819,0.728144169,0.744155169,0.760164976,0.776181459,0.792150259,0.808155775,0.82416153,0.840168476,0.85617137,0.872176886,0.88818264,0.904158115,0.920159817,0.93617487,0.952195406,0.968191624,0.984186172,1.000199,1.016215,1.032176,1.048177,1.064184,1.080191,1.0962,1.112211,1.128219,1.144189,1.160202,1.176196,1.19221,1.208214,1.224223,1.240222,1.256197,1.27222,1.288218,1.304224,1.320229,1.336237,1.352237,1.368208,1.384215,1.400222,1.416229,1.432238,1.448253,1.464258,1.480265,1.496229,1.500236],"unit":"V"},"I":{"value":[0.000838652253,0.0022406880000000002,0.002236396,0.002240419,0.002233058,0.002240345,0.002236873,0.0022384080000000003,0.0022405529999999997,0.002237156,0.002239928,0.00223875,0.002237082,0.0022384080000000003,0.002238616,0.002242848,0.0022377820000000002,0.00223577,0.002240419,0.002239928,0.002242848,0.0022342499999999997,0.002240896,0.002236947,0.00223577,0.002241105,0.002228215,0.0022424909999999997,0.002231956,0.0022385419999999996,0.0022402109999999998,0.002234101,0.002240002,0.0022338930000000003,0.0022384080000000003,0.002232999,0.002237648,0.0022412540000000002,0.002233759,0.002239093,0.00223577,0.00223577,0.0022402109999999998,0.0022375729999999996,0.002237082,0.002238274,0.002230436,0.002239451,0.002234101,0.00223875,0.002236262,0.002244443,0.0022352780000000003,0.002236113,0.0022385419999999996,0.0022343099999999998,0.002235427,0.0022305700000000003,0.0022352780000000003,0.0022345190000000003,0.002236396,0.002231121,0.002233833,0.002235562,0.002231747,0.0022314039999999998,0.002223015,0.002225578,0.002215862,0.0022144020000000003,0.0022074729999999997,0.002202749,0.002199426,0.002181262,0.002168909,0.002150804,0.0021207780000000002,0.002079159,0.0020369890000000003,0.001960218,0.0018673539999999999,0.001735017,0.001561075,0.001337886,0.0010574010000000001,0.000726431608,0.000339567661,-9.785592599999999e-5,-0.000580146909,-0.001096994,-0.001651138,-0.002233654,-0.002842113,-0.003471866,-0.0041236730000000004,-0.004785180000000001,-0.005467996,-0.006163284,-0.006867244999999999,-0.0075886849999999995,-0.008315250000000001,-0.009053811,-0.009803832,-0.010554954,-0.01132147,-0.012092695,-0.012865736999999999,-0.013082891999999999],"unit":"A"},"resistance":{"value":[-238.378423,-82.092971,-75.098253,-67.821007,-60.881101,-53.539186,-46.469217,-39.283011,-32.1162,-25.007267,-17.831093,-10.68967,-3.573404,3.576293,10.746757,17.867189,25.057912,32.232791,39.307651,46.464599,53.536299,60.903253,67.864666,75.138577,82.33655,89.277783,96.966208,103.490574,111.150136,117.964028,125.026966,132.539139,139.338389,146.867244,153.72151,161.264057,168.080657,174.949205,182.703339,189.416902,196.856732,204.007038,210.743152,218.151984,225.352126,232.381125,240.372523,246.553222,254.296249,260.908946,268.359638,274.521278,282.809629,289.855114,296.693675,304.406984,311.412387,319.267398,325.750985,333.027075,339.906238,347.888545,354.614796,361.500113,369.289871,376.520077,385.139747,391.887838,400.829352,408.308036,416.838552,425.002922,432.928991,443.867689,453.770214,465.034793,479.1709,496.439074,514.571939,542.890747,578.460979,631.809198,712.464443,843.28504,1082.077,1597.124,3463.806,-12183.321,-2082.601,-1115.98,-751.131311,-562.395442,-447.631817,-371.044761,-316.27716,-275.899554,-244.374252,-219.402095,-199.236772,-182.405083,-168.391995,-156.423462,-146.089652,-137.210767,-129.334592,-122.409827,-116.295662,-114.671611],"unit":"ohms"},"conductance":{"value":[-0.004195011,-0.012181311,-0.013315889,-0.014744694,-0.016425459,-0.018677908,-0.021519622,-0.025456297,-0.031136934,-0.039988376,-0.056081813,-0.093548259,-0.27984521,0.27961915,0.09305133,0.055968512,0.039907554,0.031024307,0.02544034,0.021521761,0.018678916,0.016419484,0.014735208,0.013308743,0.012145274,0.011200995,0.010312871,0.009662716,0.00899684,0.008477161,0.007998275,0.007544941,0.007176773,0.00680887,0.00650527,0.00620101,0.005949525,0.005715945,0.005473354,0.00527936,0.005079836,0.004901792,0.004745113,0.00458396,0.0044375,0.004303275,0.004160209,0.004055919,0.003932421,0.003832755,0.003726343,0.003642705,0.003535947,0.00345,0.00337048,0.003285076,0.003211176,0.003132171,0.00306983,0.003002759,0.002941988,0.002874484,0.002819961,0.002766251,0.0027079,0.002655901,0.00259646,0.002551751,0.002494827,0.002449131,0.00239901,0.002352925,0.002309848,0.002252924,0.002203759,0.002150377,0.002086938,0.002014346,0.001943363,0.001841991,0.001728725,0.001582756,0.001403579,0.001185839,0.00092414906,0.000626125356,0.000288699812,-8.2079423e-5,-0.000480168888,-0.000896073664,-0.001331325,-0.001778108,-0.002233979,-0.002695093,-0.003161784,-0.003624507,-0.004092084,-0.004557842,-0.005019154,-0.005482303,-0.005938525,-0.006392903,-0.006845112,-0.007288058,-0.007731884,-0.008169279,-0.008598773,-0.008720554],"unit":"S"},"power":{"value":[-0.167660508,-0.412162615,-0.375601464,-0.340426121,-0.303586591,-0.268720948,-0.232513392,-0.196826313,-0.161225894,-0.125158048,-0.08946351,-0.053576664,-0.017883221,0.017918906,0.05385633,0.089878544,0.1254817,0.161121038,0.197303932,0.23312571,0.269307305,0.304021393,0.340790288,0.37598846,0.41157312,0.44840221,0.481431753,0.520429706,0.553708351,0.591125949,0.627453367,0.661530489,0.699145646,0.732908156,0.770216884,0.804108192,0.841591206,0.878808141,0.91163071,0.949648893,0.984021543,1.019764,1.057624,1.092229,1.127782,1.164199,1.195816,1.236499,1.269246,1.307677,1.342031,1.382907,1.41305,1.449334,1.486753,1.519643,1.55617,1.588496,1.627605,1.662829,1.70003,1.731755,1.769531,1.806682,1.83932,1.874755,1.903282,1.941098,1.96809,2.00217,2.031228,2.062158,2.094284,2.111879,2.13461,2.151231,2.155167,2.146058,2.135125,2.086033,2.0171,1.901924,1.736245,1.509428,1.209867,0.842807077,0.399398239,-0.116664832,-0.700941781,-1.342965,-2.047777,-2.80591,-3.615795,-4.47252,-5.378191,-6.317534,-7.306541,-8.334224,-9.395817,-10.504368,-11.643193,-12.822266,-14.041423,-15.286249,-16.57755,-17.900389,-19.250094,-19.627429],"unit":"mW"},"J":{"value":[0.008781699,0.023462696999999998,0.023417760000000003,0.023459889,0.023382809,0.023459109000000002,0.023422753,0.023438824,0.023461293,0.023425717999999998,0.02345474,0.023442413,0.023424937,0.023438824,0.023441009000000002,0.023485322,0.023432271,0.023411207,0.023459889,0.02345474,0.023485322,0.023395291,0.023464882,0.023423533,0.023411207,0.023467065999999998,0.023332098,0.023481577,0.023371262,0.023440229,0.023457704,0.023393730999999997,0.02345552,0.023391546000000003,0.023438824,0.023382184,0.023430866999999998,0.023468627000000002,0.023390142,0.023446002,0.023411207,0.023411207,0.023457704,0.023430087,0.023424937,0.02343742,0.023355347,0.023449747,0.023393730999999997,0.023442413,0.023416356,0.023502018,0.023406057,0.023414795000000002,0.023440229,0.023395915,0.023407617999999998,0.023356751,0.023406057,0.023398099999999998,0.023417760000000003,0.023362524,0.023390922,0.023409022,0.023369077999999998,0.023365489,0.023277642,0.023304480000000002,0.023202746,0.023187455,0.023114899999999997,0.023065436999999998,0.023030642,0.022840437,0.022711086000000002,0.022521506,0.022207099,0.021771298999999997,0.021329725,0.020525842000000002,0.019553444,0.018167714,0.01634634,0.014009276,0.011072265,0.007606614,0.003555682,-0.001024669,-0.006074837,-0.011486845,-0.017289404,-0.02338905,-0.029760349000000002,-0.03635462,-0.04317982,-0.050106597999999995,-0.057256503,-0.06453700700000001,-0.071908323,-0.079462666,-0.087070684,-0.094804308,-0.102657922,-0.110523083,-0.118549426,-0.126625075,-0.13471976000000002,-0.13699363],"unit":"A\/cm2"},"power_density":{"value":[-1.755607,-4.315839,-3.933,-3.564671,-3.178917,-2.813832,-2.434695,-2.061009,-1.688229,-1.310555,-0.936790685,-0.561012188,-0.18725886,0.18763252,0.56394063,0.941136591,1.313945,1.687131,2.06601,2.441107,2.819972,3.18347,3.568485,3.937052,4.309666,4.695311,5.04117,5.449526,5.797993,6.189801,6.570192,6.927021,7.320897,7.674431,8.065098,8.419981,8.812473,9.202179,9.545871,9.943967,10.303891,10.678152,11.074595,11.436953,11.809239,12.190565,12.521629,12.947633,13.29053,13.692948,14.052681,14.480704,14.796333,15.176271,15.568091,15.912487,16.294975,16.633468,17.042984,17.411817,17.801361,18.133558,18.529125,18.918136,19.259895,19.630947,19.929651,20.325629,20.608276,20.965126,21.269402,21.593283,21.929671,22.11392,22.351937,22.525979,22.567189,22.471807,22.357332,21.843277,21.121462,19.915439,18.180575,15.805533,12.668765,8.825205,4.182181,-1.221621,-7.339705,-14.062456,-21.44269,-29.381254,-37.861723,-46.832669,-56.316138,-66.152186,-76.508282,-87.269359,-98.385521,-109.993385,-121.918251,-134.264566,-147.030612,-160.06543,-173.586911,-187.438624,-201.571667,-205.522813],"unit":"mW\/cm2"},"timestamps":{"value":[0.019,0.048,0.071,0.095,0.116,0.139,0.161,0.184,0.207,0.233,0.256,0.278,0.301,0.323,0.35,0.374,0.401,0.428,0.449,0.471,0.493,0.518,0.545,0.566,0.587,0.61,0.634,0.656,0.681,0.706,0.728,0.75,0.772,0.795,0.818,0.841,0.864,0.887,0.922,0.945,0.966,0.991,1.015,1.038,1.061,1.085,1.108,1.131,1.152,1.174,1.196,1.219,1.241,1.266,1.288,1.31,1.335,1.358,1.374,1.396,1.418,1.441,1.464,1.486,1.512,1.535,1.556,1.577,1.599,1.622,1.644,1.672,1.694,1.723,1.746,1.77,1.808,1.832,1.855,1.876,1.899,1.925,1.948,1.977,1.999,2.021,2.051,2.079,2.101,2.123,2.156,2.178,2.205,2.228,2.251,2.275,2.296,2.319,2.342,2.365,2.388,2.412,2.434,2.458,2.479,2.502,2.525,2.549],"unit":"s"},"p_max":{"unit":"mW","value":2.155167},"v_p_max":{"unit":"V","value":1.016215},"i_p_max":{"unit":"mA","value":2.120778},"j_p_max":{"unit":"mA\/cm2","value":22.207099},"voc":{"unit":"V","value":1.188628},"isc":{"unit":"mA","value":2.237744},"jsc":{"unit":"mA\/cm2","value":23.431876},"fill_factor":{"unit":"%","value":81.026027},"efficiency":{"unit":"%","value":22.567189},"r_s":{"unit":"ohms","value":28.563698},"r_sh":{"unit":"ohms","value":310.778326},"cell_dimension":{"value":0.09549999982919023,"unit":"cm2"},"sweep_direction":{"unit":"","value":"Forward"},"key":"forward8_2cell_231019"},{"V":{"value":[-0.199934483,-0.183948755,-0.167941332,-0.151946068,-0.135948181,-0.119946241,-0.103946924,-0.087939501,-0.071940422,-0.055941105,-0.039940357,-0.023931503,-0.007993281,0.008004934,0.024060726,0.040069342,0.056072712,0.072065115,0.088069916,0.104075909,0.120073795,0.136073112,0.152079105,0.168082476,0.184087038,0.200080872,0.216066837,0.232078075,0.248082161,0.264085054,0.280083895,0.29610467,0.3121171,0.328087091,0.344088554,0.360102415,0.376102686,0.392104149,0.408115149,0.424118042,0.440129042,0.456110239,0.472114325,0.488131046,0.504143476,0.520136833,0.536135435,0.552142382,0.56812501,0.584118366,0.600127935,0.61614728,0.632158279,0.648150206,0.664160013,0.680140972,0.696138382,0.712146759,0.728144169,0.744156599,0.760164976,0.776180029,0.792150259,0.808153152,0.824158669,0.840169907,0.856168747,0.872164726,0.88818121,0.904158115,0.920161009,0.936180353,0.952180386,0.968192816,0.984187603,1.000203,1.016215,1.032176,1.048175,1.064186,1.080197,1.096198,1.112209,1.12822,1.144192,1.160203,1.176193,1.19221,1.208213,1.224219,1.240216,1.256191,1.272216,1.288218,1.304222,1.320224,1.336237,1.352239,1.368209,1.384215,1.400223,1.416227,1.432237,1.448251,1.464254,1.480265,1.496229,1.500236],"unit":"V"},"I":{"value":[0.00142166,0.0022235659999999997,0.002234176,0.002233341,0.0022352189999999997,0.002232164,0.002233341,0.0022255029999999998,0.002231255,0.00223209,0.002229944,0.002233207,0.002231121,0.00223729,0.00223285,0.002230644,0.002229244,0.002225995,0.0022274400000000002,0.002232656,0.002228066,0.0022313299999999997,0.002228066,0.0022336839999999997,0.0022324470000000003,0.002224401,0.002228066,0.002224952,0.002231464,0.002230018,0.002227306,0.00223355,0.002232507,0.002230287,0.002232164,0.002230018,0.002230287,0.0022313299999999997,0.002224252,0.002232656,0.002228558,0.002233133,0.002228767,0.0022342499999999997,0.0022307039999999996,0.002225578,0.002229184,0.0022266210000000002,0.002230436,0.002229184,0.002225161,0.0022305700000000003,0.002224401,0.002231538,0.0022273809999999996,0.002228767,0.00223203,0.002227232,0.0022264119999999997,0.002223775,0.002226755,0.002230078,0.002221555,0.002226964,0.002216905,0.0022218969999999996,0.002215385,0.002215385,0.0022123309999999997,0.002202541,0.002204835,0.002191722,0.002186671,0.002168491,0.002154619,0.0021336080000000004,0.002096161,0.002065912,0.002007872,0.001928523,0.001825869,0.00168924,0.001507938,0.0012744960000000002,0.000989302993,0.000644117594,0.000239625573,-0.000217080116,-0.000722259283,-0.0012793239999999999,-0.001871482,-0.0024992969999999997,-0.0031637849999999997,-0.003850892,-0.004572466000000001,-0.005312771,-0.006075203,-0.006859049,-0.007655054,-0.008476912999999999,-0.009310216,-0.01016371,-0.011029899000000001,-0.011902317,-0.012796029,-0.013689205,-0.014621480999999999,-0.014867201],"unit":"A"},"resistance":{"value":[-140.634509,-82.726908,-75.169256,-68.035309,-60.82097,-53.735404,-46.543232,-39.514432,-32.242131,-25.062213,-17.910925,-10.716204,-3.58263,3.57796,10.775793,17.963125,25.153247,32.374337,39.538617,46.615293,53.891482,60.982971,68.256094,75.248993,82.459748,89.948217,96.975047,104.307004,111.17463,118.422815,125.750054,132.571322,139.805661,147.10535,154.150202,161.479573,168.63424,175.726677,183.484253,189.961223,197.494985,204.246812,211.827612,218.476437,226.001977,233.708669,240.507493,247.973231,254.714822,262.03238,269.700954,276.228658,284.192635,290.449959,298.179814,305.164726,311.885759,319.745228,327.048216,334.636674,341.37791,348.050622,356.574756,362.894633,371.760872,378.131756,386.464916,393.685321,401.468555,410.506894,417.337731,427.143673,435.447504,446.482185,456.780447,468.784669,484.798146,499.622363,522.032624,551.813755,591.606829,648.929757,737.569706,885.228388,1156.564,1801.229,4908.464,-5492.029,-1672.824,-956.925944,-662.692093,-502.61788,-402.118483,-334.5245,-285.233855,-248.500014,-219.949414,-197.146697,-178.732778,-163.292303,-150.39641,-139.34158,-129.850409,-121.67805,-114.430314,-108.13372,-102.330905,-100.909124],"unit":"ohms"},"conductance":{"value":[-0.00711063,-0.012087965,-0.013303311,-0.01469825,-0.016441698,-0.018609705,-0.021485401,-0.025307209,-0.031015319,-0.039900707,-0.055831846,-0.093316629,-0.279124567,0.279488907,0.092800591,0.0556696,0.039756299,0.030888663,0.025291729,0.021452187,0.018555808,0.01639802,0.014650706,0.013289214,0.012127129,0.011117508,0.010311931,0.009587084,0.008994858,0.008444319,0.007952283,0.00754311,0.007152786,0.006797849,0.006487179,0.006192734,0.005929994,0.005690656,0.005450059,0.005264232,0.00506342,0.004896037,0.00472082,0.004577153,0.00442474,0.004278831,0.004157875,0.004032693,0.003925959,0.003816322,0.00370781,0.003620189,0.00351874,0.003442934,0.003353681,0.003276919,0.003206302,0.00312749,0.003057653,0.002988316,0.002929305,0.002873145,0.002804461,0.002755621,0.002689901,0.002644581,0.002587557,0.0025401,0.002490855,0.002436013,0.002396141,0.002341133,0.002296488,0.002239731,0.002189236,0.002133176,0.002062714,0.002001512,0.001915589,0.001812206,0.001690312,0.001540999,0.001355804,0.001129652,0.000864630245,0.000555176641,0.000203729725,-0.000182082083,-0.000597791425,-0.001045013,-0.001508996,-0.001989583,-0.002486829,-0.002989318,-0.003505895,-0.004024145,-0.0045465,-0.005072365,-0.005594945,-0.006123987,-0.006649095,-0.007176609,-0.007701169,-0.008218409,-0.008738943,-0.009247809,-0.009772219,-0.009909907],"unit":"S"},"power":{"value":[-0.284238893,-0.40902223,-0.37521046,-0.339347434,-0.303873942,-0.267739699,-0.232148963,-0.195709651,-0.160517439,-0.124865561,-0.089064755,-0.053444006,-0.017833977,0.017909359,0.053723983,0.089380446,0.12499973,0.16041659,0.196170495,0.23236569,0.26753238,0.303623974,0.338842333,0.375443147,0.410964605,0.445060019,0.481411244,0.516362574,0.553586359,0.588914524,0.623832642,0.661364571,0.69680357,0.731728243,0.768062134,0.803035003,0.83881678,0.874913625,0.907750784,0.946909641,0.980853125,1.018555,1.052233,1.090607,1.124595,1.157605,1.195144,1.229412,1.267166,1.302107,1.335381,1.374359,1.406173,1.446372,1.479337,1.515876,1.553802,1.586116,1.621149,1.654837,1.692701,1.730942,1.759805,1.799728,1.827082,1.866771,1.896744,1.932181,1.964951,1.991445,2.028804,2.051847,2.082105,2.099518,2.120549,2.13404,2.130151,2.132384,2.1046,2.052307,1.972298,1.851742,1.677143,1.437913,1.131953,0.747307152,0.281846036,-0.258805128,-0.872642949,-1.566173,-2.321041,-3.139596,-4.025019,-4.960788,-5.963511,-7.014045,-8.117914,-9.275073,-10.473715,-11.733867,-13.036378,-14.394123,-15.797429,-17.23754,-18.736633,-20.263647,-21.87709,-22.304315],"unit":"mW"},"J":{"value":[0.014886494,0.023283415000000002,0.023394511,0.023385773000000002,0.023405433,0.023373447,0.023385773000000002,0.0233037,0.023363929,0.023372666,0.023350198,0.023384369,0.023362524,0.023427122,0.023380624000000003,0.023357531,0.023342863999999998,0.023308849,0.023323984,0.023378596,0.023330537,0.023364709,0.023330537,0.023389361999999997,0.023376411,0.023292153,0.023330537,0.023297927000000003,0.023366112999999997,0.023350978,0.02332258,0.023387958,0.023377035,0.023353785999999998,0.023373447,0.023350978,0.023353785999999998,0.023364709,0.023290593000000002,0.023378596,0.023335687,0.023383589,0.023337871,0.023395291,0.023358155,0.023304480000000002,0.02334224,0.023315402,0.023355347,0.02334224,0.023300111000000002,0.023356751,0.023292153,0.023366893,0.02332336,0.023337871,0.023372042,0.0233218,0.023313218,0.0232856,0.023316807000000002,0.023351602,0.023262351,0.023318991,0.023213669,0.02326594,0.023197752999999998,0.023197752999999998,0.023165766,0.023063253,0.023087281999999997,0.022949973,0.022897077,0.022706717,0.02256145,0.022341444,0.021949332,0.021632585,0.021024836,0.02019396,0.019119048,0.01768838,0.015789926,0.013345511000000001,0.010359194,0.006744687,0.002509168,-0.0022730899999999997,-0.0075629239999999995,-0.013396066,-0.019596665000000003,-0.026170652,-0.033128636,-0.040323478,-0.047879225,-0.055631106,-0.063614695,-0.07182250500000001,-0.08015763699999999,-0.088763487,-0.09748917,-0.106426278,-0.115496326,-0.124631596,-0.133989837,-0.14334246099999998,-0.153104516,-0.155677502],"unit":"A\/cm2"},"power_density":{"value":[-2.976323,-4.282955,-3.928905,-3.553376,-3.181926,-2.803557,-2.430879,-2.049316,-1.680811,-1.307493,-0.932615233,-0.5596231,-0.186743218,0.187532555,0.562554793,0.935920896,1.308898,1.679755,2.054141,2.433149,2.801386,3.179309,3.548087,3.931342,4.303294,4.660314,5.040955,5.406938,5.796716,6.166644,6.532279,6.925283,7.296372,7.662076,8.042535,8.408743,8.783422,9.161399,9.505244,9.915284,10.270713,10.665494,11.018143,11.419968,11.775862,12.121518,12.514602,12.873422,13.268757,13.634631,13.983047,14.391199,14.724328,15.145257,15.490443,15.873042,16.270176,16.608544,16.975384,17.328133,17.72462,18.125047,18.427277,18.845316,19.131746,19.547342,19.861191,20.232262,20.575398,20.852827,21.244017,21.485314,21.802148,21.98448,22.2047,22.345971,22.305243,22.328631,22.0377,21.490122,20.652331,19.389973,17.561703,15.056677,11.852906,7.825206,2.951267,-2.710001,-9.137622,-16.399713,-24.304098,-32.87535,-42.146791,-51.945422,-62.445144,-73.445497,-85.004337,-97.121184,-109.67241,-122.867718,-136.506579,-150.723804,-165.418101,-180.497805,-196.19511,-212.18478,-229.07948,-233.553035],"unit":"mW\/cm2"},"timestamps":{"value":[0.019,0.042,0.065,0.088,0.109,0.131,0.154,0.179,0.202,0.224,0.245,0.267,0.292,0.315,0.339,0.363,0.386,0.413,0.451,0.473,0.497,0.52,0.544,0.566,0.59,0.613,0.637,0.66,0.682,0.705,0.743,0.766,0.788,0.813,0.835,0.859,0.883,0.906,0.929,0.952,0.973,0.995,1.017,1.042,1.064,1.087,1.112,1.136,1.162,1.195,1.217,1.238,1.26,1.282,1.303,1.326,1.349,1.372,1.396,1.418,1.441,1.466,1.489,1.512,1.535,1.551,1.573,1.596,1.633,1.656,1.677,1.698,1.719,1.746,1.768,1.789,1.813,1.834,1.865,1.888,1.911,1.931,1.954,1.976,1.997,2.027,2.052,2.088,2.11,2.133,2.157,2.18,2.204,2.229,2.25,2.274,2.298,2.322,2.345,2.369,2.391,2.415,2.44,2.463,2.486,2.523,2.551,2.573],"unit":"s"},"p_max":{"unit":"mW","value":2.13404},"v_p_max":{"unit":"V","value":1.000203},"i_p_max":{"unit":"mA","value":2.133608},"j_p_max":{"unit":"mA\/cm2","value":22.341444},"voc":{"unit":"V","value":1.184597},"isc":{"unit":"mA","value":2.234203},"jsc":{"unit":"mA\/cm2","value":23.3948},"fill_factor":{"unit":"%","value":80.632331},"efficiency":{"unit":"%","value":22.345971},"r_s":{"unit":"ohms","value":26.229229},"r_sh":{"unit":"ohms","value":418.421743},"cell_dimension":{"value":0.09549998811002779,"unit":"cm2"},"sweep_direction":{"unit":"","value":"Forward"},"key":"forward8_1cell_231019"}]}}