{"_id":"652de7659d8aa506476d205f","id":"KAIST-SC-00025","author":106,"group":12,"input":[{"tco":{"unit":"","value":"ITO"}},{"etl":[{"material":{"unit":"","value":"SnO2"},"concentration":{"unit":"","value":"5"},"conc_unit":{"unit":"","value":"wt%"},"quantity":{"unit":"ml","value":"0.8"}}],"spin_coating":[{"type":{"unit":"","value":"drop&run"},"rpm":{"unit":"","value":"4000"},"time":{"unit":"s","value":"30"}}],"annealing":[{"temperature":{"unit":"oC","value":"150"},"time":{"unit":"m","value":"30"}}]},{"perovskite":{"method":{"unit":"","value":"1-step"},"molarity":{"unit":"M","value":"1.8"},"a_site":[{"material":{"unit":"","value":"FA"},"ratio":{"unit":"","value":"97.5"}},{"material":{"unit":"","value":"MA"},"ratio":{"unit":"","value":"2.5"}}],"b_site":[{"material":{"unit":"","value":"Pb"},"ratio":{"unit":"","value":"100"}}],"x_site":[{"material":{"unit":"","value":"I"},"ratio":{"unit":"","value":"97.5"}},{"material":{"unit":"","value":"Br"},"ratio":{"unit":"","value":"2.5"}}],"solvent":[{"material":{"unit":"","value":"DMF"},"volume":{"unit":"ml","value":"0.8"}},{"material":{"unit":"","value":"DMSO"},"volume":{"unit":"ml","value":"0.1"}}],"additive":[{"material":{"unit":"","value":"MACl"},"solvent":{"unit":"","value":"None"},"concentration":{"unit":"","value":"42.86"},"conc_unit":{"unit":"","value":"mg\/ml"},"quantity":{"unit":"mol%","value":"35"}}],"stirring_time":[{"unit":"m","value":"20"}],"antisolvent":[{"material":{"unit":"","value":"DEE"},"quantity":{"unit":"ul","value":"1000"},"dripping_time":{"unit":"s","value":"28"}}],"spin_coating":[{"type":{"unit":"","value":"drop&run"},"rpm":{"unit":"","value":"5000"},"time":{"unit":"s","value":"15"}}],"annealing":[{"temperature":{"unit":"oC","value":"100"},"time":{"unit":"m","value":"30"}},{"temperature":{"unit":"oC","value":"150"},"time":{"unit":"m","value":"10"}}],"atmosphere":[{"type":{"unit":"","value":"Air"},"temperature":{"unit":"oC","value":"22"},"humidity":{"unit":"RH%","value":"19"}}]}},{"perovskite_treatment":[{"material":{"unit":"","value":"OAI"},"concentration":{"unit":"","value":"2.5"},"conc_unit":{"unit":"","value":"mg\/ml"},"quantity":{"unit":"ml","value":"Material"}}],"spin_coating":[{"type":{"unit":"","value":"drop&run"},"rpm":{"unit":"","value":"5000"},"time":{"unit":"s","value":"5"}}],"annealing":[{"temperature":{"unit":"oC","value":"100"},"time":{"unit":"m","value":"3"}}]},{"htl":[{"material":{"unit":"","value":"Spiro-OMeTAD"},"concentration":{"unit":"","value":"91"},"conc_unit":{"unit":"","value":"mg\/ml"},"quantity":{"unit":"ml","value":"1.1"}}],"htl_doping":[{"material":{"unit":"","value":"tBP"},"volume":{"unit":"ul","value":"39"}},{"material":{"unit":"","value":"Li-TFSI"},"volume":{"unit":"ul","value":"23"}},{"material":{"unit":"","value":"Co-TFSI"},"volume":{"unit":"ul","value":"10"}}],"spin_coating":[{"type":{"unit":"","value":"dynamic"},"rpm":{"unit":"","value":"2000"},"time":{"unit":"s","value":"30"}}]},{"anode_metal":{"unit":"","value":"Au"}},{"note":{"unit":"","value":"-"},"ar":{"unit":"","value":"0"},"type":{"unit":"","value":"unit_cell"},"device_type":{"unit":"","value":"n-i-p"},"temperature":{"unit":"\u2103","value":"22"},"humidity":{"unit":"%","value":"19"},"cell_dimension":{"unit":"cm2","value":"0.0955"}}],"fileinfo":[{"key":"forward11_1cell_230102","uploadType":"JV","original_name":"forward11_1cell_230102.csv","save_name":"KAIST-SC-00025\/forward11_1cell_230102","uploader":106,"fileType":""},{"key":"forward11_2cell_230102","uploadType":"JV","original_name":"forward11_2cell_230102.csv","save_name":"KAIST-SC-00025\/forward11_2cell_230102","uploader":106,"fileType":""},{"key":"forward11_3cell_230102","uploadType":"JV","original_name":"forward11_3cell_230102.csv","save_name":"KAIST-SC-00025\/forward11_3cell_230102","uploader":106,"fileType":""},{"key":"forward11_4cell_230102","uploadType":"JV","original_name":"forward11_4cell_230102.csv","save_name":"KAIST-SC-00025\/forward11_4cell_230102","uploader":106,"fileType":""},{"key":"forward12_1cell_230102","uploadType":"JV","original_name":"forward12_1cell_230102.csv","save_name":"KAIST-SC-00025\/forward12_1cell_230102","uploader":106,"fileType":""},{"key":"forward12_2cell_230102","uploadType":"JV","original_name":"forward12_2cell_230102.csv","save_name":"KAIST-SC-00025\/forward12_2cell_230102","uploader":106,"fileType":""},{"key":"forward12_3cell_230102","uploadType":"JV","original_name":"forward12_3cell_230102.csv","save_name":"KAIST-SC-00025\/forward12_3cell_230102","uploader":106,"fileType":""},{"key":"forward12_4cell_230102","uploadType":"JV","original_name":"forward12_4cell_230102.csv","save_name":"KAIST-SC-00025\/forward12_4cell_230102","uploader":106,"fileType":""},{"key":"reverse11_1cell_230102","uploadType":"JV","original_name":"reverse11_1cell_230102.csv","save_name":"KAIST-SC-00025\/reverse11_1cell_230102","uploader":106,"fileType":""},{"key":"reverse11_2cell_230102","uploadType":"JV","original_name":"reverse11_2cell_230102.csv","save_name":"KAIST-SC-00025\/reverse11_2cell_230102","uploader":106,"fileType":""},{"key":"reverse11_3cell_230102","uploadType":"JV","original_name":"reverse11_3cell_230102.csv","save_name":"KAIST-SC-00025\/reverse11_3cell_230102","uploader":106,"fileType":""},{"key":"reverse11_4cell_230102","uploadType":"JV","original_name":"reverse11_4cell_230102.csv","save_name":"KAIST-SC-00025\/reverse11_4cell_230102","uploader":106,"fileType":""},{"key":"reverse12_1cell_230102","uploadType":"JV","original_name":"reverse12_1cell_230102.csv","save_name":"KAIST-SC-00025\/reverse12_1cell_230102","uploader":106,"fileType":""},{"key":"reverse12_2cell_230102","uploadType":"JV","original_name":"reverse12_2cell_230102.csv","save_name":"KAIST-SC-00025\/reverse12_2cell_230102","uploader":106,"fileType":""},{"key":"reverse12_3cell_230102","uploadType":"JV","original_name":"reverse12_3cell_230102.csv","save_name":"KAIST-SC-00025\/reverse12_3cell_230102","uploader":106,"fileType":""},{"key":"reverse12_4cell_230102","uploadType":"JV","original_name":"reverse12_4cell_230102.csv","save_name":"KAIST-SC-00025\/reverse12_4cell_230102","uploader":106,"fileType":""}],"updated_at":"2024-08-12 01:26:12","created_at":"2023-10-17 01:46:13","jvcnt":16,"analysisInfo":{"JV":[{"efficiency":20.654134,"fill_factor":79.458019,"jsc":22.731879,"voc":1.143494,"key":"reverse12_4cell_230102","cell_dimension":0.09400000124239433},{"efficiency":20.587021,"fill_factor":79.603607,"jsc":22.551323,"voc":1.146803,"key":"reverse12_3cell_230102","cell_dimension":0.09399999669919774},{"efficiency":20.334165,"fill_factor":79.310774,"jsc":22.347145,"voc":1.147287,"key":"reverse12_2cell_230102","cell_dimension":0.09399999733614003},{"efficiency":20.494341,"fill_factor":78.758371,"jsc":22.644216,"voc":1.149159,"key":"reverse12_1cell_230102","cell_dimension":0.0939999971899308},{"efficiency":17.625568,"fill_factor":69.722668,"jsc":22.578272,"voc":1.11964,"key":"reverse11_4cell_230102","cell_dimension":0.09399999799531294},{"efficiency":18.404288,"fill_factor":73.044039,"jsc":22.46239,"voc":1.121704,"key":"reverse11_3cell_230102","cell_dimension":0.09400000379519796},{"efficiency":18.987255,"fill_factor":73.996246,"jsc":22.742659,"voc":1.128265,"key":"reverse11_2cell_230102","cell_dimension":0.09400000447634373},{"efficiency":19.011647,"fill_factor":73.322745,"jsc":22.923535,"voc":1.131096,"key":"reverse11_1cell_230102","cell_dimension":0.09399999557637059},{"efficiency":20.495722,"fill_factor":79.429517,"jsc":22.695737,"voc":1.136939,"key":"forward12_4cell_230102","cell_dimension":0.0939999784020468},{"efficiency":20.390442,"fill_factor":79.627505,"jsc":22.542604,"voc":1.135951,"key":"forward12_3cell_230102","cell_dimension":0.09399999618599383},{"efficiency":20.053257,"fill_factor":78.871961,"jsc":22.350317,"voc":1.137571,"key":"forward12_2cell_230102","cell_dimension":0.09400000726083711},{"efficiency":19.866341,"fill_factor":77.271529,"jsc":22.632644,"voc":1.13596,"key":"forward12_1cell_230102","cell_dimension":0.09399998048189669},{"efficiency":17.336648,"fill_factor":68.747846,"jsc":22.576051,"voc":1.117013,"key":"forward11_4cell_230102","cell_dimension":0.09399998961929014},{"efficiency":18.07869,"fill_factor":72.273853,"jsc":22.395334,"voc":1.116936,"key":"forward11_3cell_230102","cell_dimension":0.09399998416163435},{"efficiency":18.722717,"fill_factor":73.230175,"jsc":22.752013,"voc":1.123722,"key":"forward11_2cell_230102","cell_dimension":0.09399998654004278},{"efficiency":18.257184,"fill_factor":71.225558,"jsc":22.85743,"voc":1.121426,"key":"forward11_1cell_230102","cell_dimension":0.09399999772044385}]},"public":2,"tags":[],"analysis":{"JV":[{"V":{"value":[1.500022,1.450035,1.400017,1.350035,1.300015,1.250028,1.200016,1.150028,1.100044,1.050026,1.000043,0.950024366,0.900037527,0.850016117,0.800035,0.750013828,0.700028658,0.650035381,0.600016356,0.550029278,0.500007629,0.450022221,0.400004625,0.350017786,0.299995899,0.250008821,0.20001626,0.150013208,0.100014687,0.050014973,1.519918e-6,-0.049982786,-0.099984646],"unit":"V"},"I":{"value":[-0.015737355,-0.014489233,-0.012122332999999999,-0.009484321,-0.006807759,-0.004257469999999999,-0.001975477,-0.00015753507599999998,0.0010475810000000001,0.0016723570000000002,0.001938596,0.0020436200000000003,0.0020863260000000003,0.002102792,0.0021109429999999997,0.0021157560000000003,0.002115607,0.002118096,0.002121419,0.0021224470000000004,0.0021225809999999997,0.0021267680000000002,0.002126023,0.002130553,0.002130598,0.002132297,0.002132669,0.002134815,0.002136067,0.002134934,0.002136797,0.0021345170000000003,0.002133355],"unit":"A"},"resistance":{"value":[-95.316015,-100.076746,-115.490724,-142.343922,-190.960839,-293.608182,-607.456175,-7300.139,1050.08,627.871763,515.85952,464.873353,431.398219,404.232093,378.994092,354.48971,330.887812,306.896126,282.837307,259.148664,235.565864,211.599089,188.146879,164.284937,140.803626,117.248616,93.786824,70.269891,46.821896,23.42694,0.000711306992,-23.41644,-46.867337],"unit":"ohms"},"conductance":{"value":[-0.010491416,-0.009992331,-0.008658704,-0.007025239,-0.005236676,-0.0034059,-0.001646209,-0.000136983689,0.000952308243,0.001592682,0.001938512,0.002151124,0.002318044,0.002473826,0.002638564,0.002820956,0.003022172,0.003258431,0.003535601,0.003858789,0.004245097,0.004725918,0.005314996,0.006086985,0.00710209,0.008528885,0.010662479,0.014230846,0.021357529,0.042685899,1405.863,-0.042705039,-0.021336822],"unit":"S"},"power":{"value":[-23.606377,-21.009901,-16.971473,-12.804169,-8.850192,-5.321958,-2.370603,-0.181169747,1.152386,1.756019,1.93868,1.941489,1.877772,1.787407,1.688828,1.586846,1.480986,1.376837,1.272886,1.167408,1.061307,0.957092962,0.850419103,0.745731488,0.639170612,0.533092951,0.426568496,0.320250426,0.213638027,0.106778669,3.247757e-6,-0.106689099,-0.213302699],"unit":"mW"},"J":{"value":[-0.167418668,-0.154140782,-0.12896099,-0.100897031,-0.072422972,-0.045292238,-0.02101571,-0.0016759049999999999,0.011144482999999998,0.017791035,0.020623366,0.021740635999999997,0.022194963,0.02237013,0.022456843,0.022508045,0.02250646,0.022532934,0.022568283999999997,0.022579222000000003,0.022580649,0.022625194,0.022617268,0.022665459,0.022665934,0.022684006,0.022687969,0.022710796,0.022724112,0.022712065,0.02273188,0.022707626,0.022695260999999998],"unit":"A\/cm2"},"power_density":{"value":[-251.131674,-223.50958,-180.547581,-136.214566,-94.150983,-56.616572,-25.219179,-1.927338,12.259427,18.681049,20.624261,20.654134,19.976299,19.014971,17.96626,16.881345,15.755167,14.647204,13.54134,12.419233,11.290497,10.18184,9.047012,7.933314,6.799687,5.671202,4.537963,3.406919,2.272745,1.135943,3.4550604e-5,-1.13499,-2.269178],"unit":"mW\/cm2"},"timestamps":{"value":[0.079,0.17,0.259,0.349,0.436,0.534,0.618,0.704,0.792,0.877,0.966,1.052,1.138,1.231,1.322,1.409,1.497,1.581,1.669,1.756,1.859,1.948,2.035,2.121,2.206,2.295,2.387,2.472,2.555,2.641,2.725,2.817,2.903],"unit":"s"},"p_max":{"unit":"mW","value":1.941489},"v_p_max":{"unit":"V","value":0.950024366},"i_p_max":{"unit":"mA","value":2.04362},"j_p_max":{"unit":"mA\/cm2","value":21.740636},"voc":{"unit":"V","value":1.143494},"isc":{"unit":"mA","value":2.136797},"jsc":{"unit":"mA\/cm2","value":22.731879},"fill_factor":{"unit":"%","value":79.458019},"efficiency":{"unit":"%","value":20.654134},"r_s":{"unit":"ohms","value":24.591971},"r_sh":{"unit":"ohms","value":11943.401},"cell_dimension":{"value":0.09400000124239433,"unit":"cm2"},"sweep_direction":{"unit":"","value":"Reverse"},"key":"reverse12_4cell_230102"},{"V":{"value":[1.500022,1.450035,1.400017,1.350035,1.300016,1.250028,1.200016,1.150028,1.100045,1.050026,1.000044,0.950025082,0.900038719,0.850017309,0.800033092,0.750012875,0.700028658,0.650036335,0.600016356,0.550029516,0.500007629,0.450021982,0.400003433,0.350018501,0.299995899,0.250008821,0.20001626,0.150014877,0.10001421,0.050014257,1.579523e-6,-0.049983978,-0.0999856],"unit":"V"},"I":{"value":[-0.013156801,-0.012654364,-0.010887206,-0.00865896,-0.0062786790000000006,-0.003939539,-0.001800746,-7.4699521e-5,0.001083121,0.001681685,0.001935095,0.002032578,0.002074018,0.0020901559999999997,0.002096012,0.002101392,0.002102584,0.0021055790000000002,0.0021069939999999996,0.0021088269999999998,0.002110079,0.002108216,0.002112314,0.0021126870000000002,0.002113074,0.002113998,0.002116218,0.002117842,0.002118558,0.002118096,0.0021198239999999998,0.002121568,0.002119392],"unit":"A"},"resistance":{"value":[-114.011122,-114.587711,-128.592871,-155.911897,-207.052428,-317.303134,-666.399484,-15395.38,1015.625,624.389027,516.793396,467.399079,433.958947,406.676476,381.69295,356.912482,332.937364,308.720975,284.773589,260.822465,236.961576,213.461012,189.367401,165.674594,141.971313,118.263513,94.515896,70.833824,47.208632,23.612841,0.000745119817,-23.559926,-47.176545],"unit":"ohms"},"conductance":{"value":[-0.008771074,-0.008726939,-0.007776481,-0.006413879,-0.004829695,-0.00315156,-0.001500601,-6.4954551e-5,0.000984614936,0.001601566,0.001935009,0.002139499,0.002304365,0.002458957,0.002619907,0.002801807,0.003003568,0.003239171,0.003511562,0.003834026,0.004220093,0.004684696,0.00528074,0.006035928,0.007043676,0.008455693,0.010580231,0.014117549,0.021182567,0.042349839,1342.066,-0.042444955,-0.021196974],"unit":"S"},"power":{"value":[-19.735488,-18.349266,-15.242273,-11.689899,-8.162381,-4.924535,-2.160924,-0.085906504,1.191481,1.765813,1.93518,1.931,1.866697,1.776669,1.676879,1.576071,1.471869,1.368703,1.264231,1.159917,1.055056,0.948743672,0.844932894,0.739479409,0.633913554,0.528518133,0.423278052,0.317707873,0.211885873,0.105934986,3.348311e-6,-0.106044395,-0.211908695],"unit":"mW"},"J":{"value":[-0.139965973,-0.134620895,-0.115821336,-0.092116601,-0.066794455,-0.041909991,-0.019156869,-0.0007946757559999999,0.011522560999999999,0.017890271,0.020586113,0.021623169999999997,0.022064023,0.022235703000000002,0.022298002,0.022355229,0.022367911,0.022399774,0.022414833999999998,0.022434332,0.022447648,0.022427833,0.022471427,0.02247539,0.022479510999999997,0.02248934,0.02251296,0.022530239,0.022537848,0.022532934,0.022551322,0.022569869,0.022546725],"unit":"A\/cm2"},"power_density":{"value":[-209.951996,-195.204958,-162.151842,-124.360631,-86.833839,-52.388668,-22.98855,-0.913898984,12.675335,18.785248,20.587021,20.542554,19.858475,18.900732,17.83914,16.76671,15.658179,14.560667,13.449267,12.339545,11.223995,10.093018,8.988648,7.866802,6.743761,5.622533,4.502958,3.379871,2.254105,1.126968,3.5620334e-5,-1.128132,-2.254348],"unit":"mW\/cm2"},"timestamps":{"value":[0.079,0.163,0.255,0.346,0.436,0.531,0.616,0.7,0.785,0.875,0.961,1.047,1.137,1.228,1.316,1.404,1.49,1.573,1.657,1.75,1.838,1.924,2.015,2.098,2.187,2.272,2.36,2.449,2.534,2.618,2.708,2.794,2.884],"unit":"s"},"p_max":{"unit":"mW","value":1.93518},"v_p_max":{"unit":"V","value":1.000044},"i_p_max":{"unit":"mA","value":1.935095},"j_p_max":{"unit":"mA\/cm2","value":20.586113},"voc":{"unit":"V","value":1.146803},"isc":{"unit":"mA","value":2.119824},"jsc":{"unit":"mA\/cm2","value":22.551323},"fill_factor":{"unit":"%","value":79.603607},"efficiency":{"unit":"%","value":20.587021},"r_s":{"unit":"ohms","value":26.449292},"r_sh":{"unit":"ohms","value":5480.502},"cell_dimension":{"value":0.09399999669919774,"unit":"cm2"},"sweep_direction":{"unit":"","value":"Reverse"},"key":"reverse12_3cell_230102"},{"V":{"value":[1.500022,1.450036,1.400017,1.350036,1.300016,1.250027,1.200015,1.150028,1.100044,1.050026,1.000044,0.950024366,0.900038004,0.850015879,0.800035,0.750013828,0.700028658,0.650036812,0.600016356,0.550028563,0.500007629,0.450021982,0.40000248,0.350017786,0.299995184,0.250008583,0.20001626,0.150014162,0.100015163,0.050014257,1.788139e-6,-0.049982071,-0.099984646],"unit":"V"},"I":{"value":[-0.01369141,-0.01260972,-0.010585189,-0.008304298,-0.005982876,-0.0037335009999999997,-0.001703084,-6.1184168e-5,0.001054794,0.0016542969999999999,0.001911327,0.0020113889999999997,0.002046198,0.002065629,0.002073541,0.00207971,0.002082899,0.002083316,0.0020868479999999997,0.0020895749999999998,0.0020906030000000003,0.0020901260000000003,0.0020927190000000003,0.0020964,0.002096146,0.0020960420000000002,0.002098054,0.002099559,0.0021002290000000003,0.002101004,0.002100632,0.00210093,0.002101108],"unit":"A"},"resistance":{"value":[-109.559343,-114.993496,-132.261929,-162.570717,-217.289432,-334.813687,-704.613306,-18796.162,1042.9,634.726189,523.219721,472.32265,439.85878,411.504667,385.830273,360.633789,336.083788,312.020199,287.522785,263.225096,239.169083,215.308514,191.140074,166.961382,143.117481,119.276512,95.334195,71.45033,47.621069,23.804931,0.000851238907,-23.790455,-47.586619],"unit":"ohms"},"conductance":{"value":[-0.009127473,-0.008696144,-0.007560755,-0.006151169,-0.004602157,-0.002986736,-0.001419218,-5.3202351e-5,0.000958865112,0.001575482,0.001911243,0.002117197,0.002273457,0.002430106,0.002591813,0.002772896,0.002975448,0.003204921,0.003477985,0.00379903,0.004181142,0.004644498,0.005231765,0.005989409,0.006987267,0.00838388,0.010489416,0.013995737,0.020999108,0.042008104,1174.758,-0.042033665,-0.021014311],"unit":"S"},"power":{"value":[-20.537416,-18.284546,-14.81945,-11.211098,-7.777832,-4.666978,-2.043726,-0.070363476,1.160319,1.737054,1.911412,1.910868,1.841656,1.755817,1.658906,1.559812,1.458089,1.354232,1.252143,1.149326,1.045318,0.94060277,0.83709282,0.733777169,0.628833808,0.5240285,0.419644853,0.314963541,0.210054773,0.105080161,3.756222e-6,-0.105008813,-0.210078582],"unit":"mW"},"J":{"value":[-0.14565330199999998,-0.13414596,-0.112608392,-0.088343595,-0.063647615,-0.039718094,-0.018117909999999997,-0.0006508954030000001,0.011221208,0.017598904999999998,0.020333269,0.02139775,0.02176806,0.021974774,0.02205895,0.022124578,0.022158502,0.022162941,0.022200511,0.022229521,0.022240459,0.022235386,0.022262968999999997,0.022302124,0.022299429,0.02229832,0.02231972,0.022335730999999998,0.022342865,0.022351108,0.022347145000000002,0.022350315,0.022352217],"unit":"A\/cm2"},"power_density":{"value":[-218.483148,-194.516446,-157.65372,-119.267004,-82.742898,-49.648697,-21.741769,-0.748547622,12.343821,18.479303,20.334165,20.328384,19.592081,18.678907,17.647932,16.59374,15.511587,14.406727,13.32067,12.226871,11.120399,10.006412,8.905243,7.80614,6.689721,5.574771,4.464307,3.350676,2.234625,1.117874,3.9959809e-5,-1.117115,-2.234879],"unit":"mW\/cm2"},"timestamps":{"value":[0.08,0.166,0.254,0.341,0.445,0.538,0.624,0.708,0.797,0.885,0.971,1.059,1.148,1.234,1.327,1.414,1.507,1.591,1.678,1.767,1.854,1.941,2.025,2.108,2.197,2.283,2.375,2.462,2.551,2.638,2.726,2.817,2.906],"unit":"s"},"p_max":{"unit":"mW","value":1.911412},"v_p_max":{"unit":"V","value":1.000044},"i_p_max":{"unit":"mA","value":1.911327},"j_p_max":{"unit":"mA\/cm2","value":20.333269},"voc":{"unit":"V","value":1.147287},"isc":{"unit":"mA","value":2.100632},"jsc":{"unit":"mA\/cm2","value":22.347145},"fill_factor":{"unit":"%","value":79.310774},"efficiency":{"unit":"%","value":20.334165},"r_s":{"unit":"ohms","value":26.338127},"r_sh":{"unit":"ohms","value":5475.605},"cell_dimension":{"value":0.09399999733614003,"unit":"cm2"},"sweep_direction":{"unit":"","value":"Reverse"},"key":"reverse12_2cell_230102"},{"V":{"value":[1.500023,1.450036,1.400018,1.350036,1.300016,1.250028,1.200016,1.150026,1.100044,1.050026,1.000043,0.950024128,0.900038004,0.850015402,0.800035715,0.750014305,0.700028658,0.650035858,0.60001564,0.550028801,0.500007629,0.450021982,0.400002956,0.350017786,0.299994946,0.250008583,0.200015783,0.150013924,0.100015163,0.050014019,1.251698e-6,-0.049982309,-0.099984646],"unit":"V"},"I":{"value":[-0.012376918999999998,-0.011133641000000001,-0.009255528,-0.0072375090000000005,-0.005203918,-0.003257141,-0.00148645,-1.822412e-5,0.001031414,0.001635745,0.001914874,0.00202781,0.002069816,0.0020895450000000004,0.002097264,0.0021011980000000003,0.0021045509999999996,0.002106443,0.002107814,0.002113134,0.002113178,0.0021153089999999997,0.0021185870000000003,0.002118707,0.0021198389999999997,0.002121463,0.00212203,0.0021231469999999997,0.0021245630000000003,0.002128214,0.002128556,0.002126411,0.002129823],"unit":"A"},"resistance":{"value":[-121.195192,-130.23916,-151.262889,-186.533229,-249.814809,-383.78077,-807.303086,-63104.628,1066.541,641.925136,522.250309,468.497693,434.839622,406.794469,381.466397,356.946067,332.626195,308.594082,284.662524,260.290586,236.61402,212.745245,188.806437,165.203511,141.517784,117.847228,94.256827,70.656392,47.075643,23.500469,0.000588049984,-23.505483,-46.94505],"unit":"ohms"},"conductance":{"value":[-0.008251152,-0.007678182,-0.006611007,-0.005360975,-0.004002965,-0.002605654,-0.001238692,-1.5846698e-5,0.000937610874,0.001557814,0.001914791,0.002134482,0.002299698,0.002458244,0.002621463,0.002801544,0.003006378,0.003240503,0.003512932,0.00384186,0.004226292,0.004700458,0.00529643,0.00605314,0.00706625,0.008485562,0.010609311,0.014153001,0.021242408,0.042552342,1700.536,-0.042543264,-0.0213015],"unit":"S"},"power":{"value":[-18.565665,-16.144181,-12.957906,-9.770897,-6.765175,-4.071517,-1.783764,-0.020958218,1.134601,1.717575,1.914957,1.926468,1.862913,1.776146,1.677886,1.575928,1.473246,1.369264,1.264721,1.162284,1.056605,0.951935656,0.847441261,0.741585029,0.635941043,0.530384063,0.424439425,0.318501649,0.212488502,0.106440518,2.664309e-6,-0.106282913,-0.212949595],"unit":"mW"},"J":{"value":[-0.131669355,-0.118442989,-0.098463069,-0.076994775,-0.055360826,-0.034650430999999995,-0.015813302,-0.000193873619,0.010972486,0.017401544,0.020370997,0.021572443,0.022019319,0.022229204,0.022311318,0.022353168,0.022388836000000002,0.022408968999999997,0.022423553,0.022480145,0.022480621,0.02250329,0.022538165,0.022539432999999998,0.022551480999999998,0.02256876,0.022574784,0.022586673,0.022601733,0.022640571,0.022644217,0.022621389000000002,0.022657691],"unit":"A\/cm2"},"power_density":{"value":[-197.507078,-171.746604,-137.850066,-103.945711,-71.969942,-43.314005,-18.976216,-0.222959764,12.070223,18.272073,20.371881,20.494341,19.818224,18.895165,17.849852,16.765196,15.672827,14.566633,13.454482,12.364727,11.240482,10.126975,9.015333,7.889202,6.76533,5.642384,4.515313,3.388315,2.260516,1.132346,2.834371e-5,-1.130669,-2.265421],"unit":"mW\/cm2"},"timestamps":{"value":[0.079,0.163,0.248,0.339,0.425,0.52,0.602,0.688,0.777,0.865,0.949,1.037,1.122,1.207,1.295,1.381,1.469,1.558,1.646,1.735,1.825,1.913,2.002,2.091,2.176,2.262,2.353,2.442,2.532,2.617,2.707,2.797,2.889],"unit":"s"},"p_max":{"unit":"mW","value":1.926468},"v_p_max":{"unit":"V","value":0.950024128},"i_p_max":{"unit":"mA","value":2.02781},"j_p_max":{"unit":"mA\/cm2","value":21.572443},"voc":{"unit":"V","value":1.149159},"isc":{"unit":"mA","value":2.128556},"jsc":{"unit":"mA\/cm2","value":22.644216},"fill_factor":{"unit":"%","value":78.758371},"efficiency":{"unit":"%","value":20.494341},"r_s":{"unit":"ohms","value":31.165484},"r_sh":{"unit":"ohms","value":11315.576},"cell_dimension":{"value":0.0939999971899308,"unit":"cm2"},"sweep_direction":{"unit":"","value":"Reverse"},"key":"reverse12_1cell_230102"},{"V":{"value":[1.500024,1.450037,1.400018,1.350035,1.300016,1.250028,1.200016,1.150028,1.100044,1.050026,1.000044,0.950024366,0.900038004,0.850017071,0.800035715,0.750014305,0.700029135,0.650036335,0.600017309,0.550029516,0.500007153,0.450022459,0.400003433,0.350018263,0.299995899,0.25000906,0.200017214,0.1500144,0.100014687,0.050014973,1.460314e-6,-0.049982548,-0.099985361],"unit":"V"},"I":{"value":[-0.008909121,-0.008369669,-0.007132187,-0.005729675,-0.0043013389999999995,-0.00292404,-0.001647323,-0.000538975,0.00034756958500000004,0.000989764929,0.0014159980000000001,0.001680717,0.001840815,0.001942039,0.00199987,0.002039596,0.002062678,0.002075121,0.002084598,0.0020925099999999997,0.002096131,0.002097785,0.002101004,0.002105907,0.002108872,0.0021115089999999997,0.0021146389999999998,0.0021175589999999998,0.002118438,0.00212051,0.002122357,0.0021245630000000003,0.002124056],"unit":"A"},"resistance":{"value":[-168.369451,-173.248991,-196.295801,-235.621546,-302.235254,-427.500196,-728.464297,-2133.732,3164.96,1060.884,706.246964,565.249497,488.934537,437.693205,400.043872,367.726816,339.37872,313.252285,287.833589,262.85628,238.538072,214.522631,190.386791,166.207875,142.254204,118.403004,94.586945,70.843069,47.211513,23.586297,0.000688062122,-23.526039,-47.072841],"unit":"ohms"},"conductance":{"value":[-0.00593932,-0.005772039,-0.005094352,-0.004244094,-0.003308681,-0.00233918,-0.001372751,-0.000468662506,0.000315959776,0.000942609979,0.001415935,0.00176913,0.002045264,0.002284705,0.002499726,0.00271941,0.002946561,0.003192315,0.00347423,0.00380436,0.004192203,0.004661513,0.005252465,0.006016562,0.007029669,0.008445732,0.010572283,0.014115707,0.021181274,0.042397499,1453.357,-0.042506094,-0.021243672],"unit":"S"},"power":{"value":[-13.363894,-12.136328,-9.985194,-7.735262,-5.591812,-3.655131,-1.976815,-0.619836337,0.382341758,1.039279,1.41606,1.596722,1.656803,1.650766,1.599967,1.529727,1.443935,1.348904,1.250795,1.150943,1.048081,0.944050577,0.840408863,0.737105772,0.632652933,0.527896491,0.422964138,0.317664391,0.211874961,0.106057237,3.099308e-6,-0.106191065,-0.212374528],"unit":"mW"},"J":{"value":[-0.09477788499999999,-0.089039035,-0.075874335,-0.060953992,-0.045758929999999996,-0.031106808,-0.017524717,-0.005733777,0.003697549,0.010529413999999999,0.015063805999999999,0.017879967,0.019583138000000003,0.020659984000000003,0.021275211999999998,0.021697834,0.021943387,0.022075753,0.022176573999999998,0.022260750000000003,0.022299271000000002,0.022316866999999997,0.022351108,0.022403262,0.022434808,0.022462866,0.022496156,0.022527227,0.02253658,0.022558613999999998,0.022578271,0.022601733,0.022596343],"unit":"A\/cm2"},"power_density":{"value":[-142.169087,-129.109875,-106.225469,-82.29002,-59.487359,-38.88437,-21.029945,-6.594004,4.067466,11.056158,15.06447,16.986404,17.625568,17.561339,17.02093,16.273686,15.36101,14.350042,13.306328,12.244069,11.149795,10.043091,8.94052,7.841551,6.73035,5.61592,4.499618,3.379408,2.253989,1.128268,3.2971361e-5,-1.129692,-2.259303],"unit":"mW\/cm2"},"timestamps":{"value":[0.079,0.162,0.249,0.336,0.421,0.514,0.599,0.69,0.779,0.867,0.952,1.043,1.129,1.22,1.308,1.396,1.48,1.566,1.652,1.739,1.829,1.917,2.003,2.089,2.176,2.263,2.365,2.453,2.542,2.63,2.721,2.808,2.897],"unit":"s"},"p_max":{"unit":"mW","value":1.656803},"v_p_max":{"unit":"V","value":0.900038004},"i_p_max":{"unit":"mA","value":1.840815},"j_p_max":{"unit":"mA\/cm2","value":19.583138},"voc":{"unit":"V","value":1.11964},"isc":{"unit":"mA","value":2.122358},"jsc":{"unit":"mA\/cm2","value":22.578272},"fill_factor":{"unit":"%","value":69.722668},"efficiency":{"unit":"%","value":17.625568},"r_s":{"unit":"ohms","value":45.745557},"r_sh":{"unit":"ohms","value":3407.876},"cell_dimension":{"value":0.09399999799531294,"unit":"cm2"},"sweep_direction":{"unit":"","value":"Reverse"},"key":"reverse11_4cell_230102"},{"V":{"value":[1.500023,1.450036,1.400018,1.350036,1.300016,1.250028,1.200016,1.150028,1.100043,1.050026,1.000044,0.950025082,0.900037527,0.850016356,0.800035238,0.750014305,0.700028896,0.650035858,0.600016356,0.550027132,0.500007153,0.450021982,0.40000248,0.350018263,0.299995422,0.250008583,0.20001626,0.150013924,0.10001421,0.050014496,1.221895e-6,-0.049982786,-0.099985123],"unit":"V"},"I":{"value":[-0.010254011,-0.009628385,-0.008233011,-0.006619275,-0.004956126,-0.003346711,-0.001854837,-0.00056861341,0.000434845686,0.001128852,0.001553088,0.001792029,0.0019221449999999999,0.001991719,0.002030984,0.0020532759999999997,0.002066314,0.002074957,0.002081558,0.0020825559999999997,0.0020868030000000004,0.002091497,0.0020925699999999998,0.002094373,0.002098829,0.0021008399999999997,0.002103135,0.002104312,0.0021046399999999996,0.0021065619999999998,0.002111465,0.00210999,0.002112076],"unit":"A"},"resistance":{"value":[-146.286505,-150.600127,-170.049331,-203.955337,-262.304895,-373.509319,-646.966034,-2022.513,2529.733,930.171604,643.906895,530.13948,468.246308,426.775239,393.915171,365.276959,338.781435,313.276801,288.253474,264.111507,239.60435,215.167386,191.153685,167.123165,142.934696,119.004093,95.103862,71.288816,47.520816,23.742235,0.000578695536,-23.688642,-47.339744],"unit":"ohms"},"conductance":{"value":[-0.006835901,-0.006640101,-0.005880646,-0.004903034,-0.003812357,-0.002677309,-0.001545676,-0.000494434409,0.000395298701,0.00107507,0.00155302,0.001886296,0.002135628,0.002343154,0.002538618,0.002737649,0.002951756,0.003192065,0.003469169,0.00378628,0.004173547,0.004647544,0.005231393,0.005983611,0.006996202,0.008403072,0.01051482,0.014027446,0.02104341,0.042119034,1728.024,-0.042214324,-0.0211239],"unit":"S"},"power":{"value":[-15.381255,-13.961506,-11.526363,-8.936262,-6.443044,-4.183483,-2.225835,-0.653921337,0.478349082,1.185325,1.553157,1.702472,1.730003,1.692994,1.624858,1.539986,1.44648,1.348796,1.248969,1.145463,1.043417,0.941219708,0.837033215,0.733068837,0.629638959,0.525228084,0.420661195,0.315676127,0.210493907,0.105358649,2.579989e-6,-0.105463155,-0.211176147],"unit":"mW"},"J":{"value":[-0.109085219,-0.10242963100000001,-0.087585221,-0.07041781500000001,-0.052724747,-0.035603313,-0.019732308,-0.006049079,0.004626018,0.012009068,0.016522217000000002,0.019064133,0.020448356,0.021188500000000002,0.021606208,0.021843359,0.021982065999999998,0.02207401,0.022144234999999998,0.022154855999999997,0.022200035,0.02224997,0.022261384,0.022280565,0.022327963,0.022349364,0.022373775999999998,0.022386299999999998,0.022389786999999998,0.022410237,0.022462391,0.022446697,0.02246889],"unit":"A\/cm2"},"power_density":{"value":[-163.630377,-148.526657,-122.620884,-95.066612,-68.543023,-44.505134,-23.679095,-6.95661,5.08882,12.609838,16.52295,18.111405,18.404288,18.010572,17.285728,16.382831,15.388082,14.348898,13.286903,12.185772,11.100176,10.012976,8.904609,7.798605,6.698287,5.587533,4.475119,3.358257,2.239297,1.120837,2.7446688e-5,-1.121948,-2.246555],"unit":"mW\/cm2"},"timestamps":{"value":[0.078,0.165,0.255,0.344,0.428,0.523,0.608,0.693,0.781,0.857,0.944,1.028,1.116,1.203,1.292,1.385,1.477,1.558,1.659,1.748,1.833,1.924,2.014,2.096,2.184,2.271,2.367,2.451,2.538,2.623,2.715,2.811,2.899],"unit":"s"},"p_max":{"unit":"mW","value":1.730003},"v_p_max":{"unit":"V","value":0.900037527},"i_p_max":{"unit":"mA","value":1.922145},"j_p_max":{"unit":"mA\/cm2","value":20.448356},"voc":{"unit":"V","value":1.121704},"isc":{"unit":"mA","value":2.111465},"jsc":{"unit":"mA\/cm2","value":22.46239},"fill_factor":{"unit":"%","value":73.044039},"efficiency":{"unit":"%","value":18.404288},"r_s":{"unit":"ohms","value":39.789663},"r_sh":{"unit":"ohms","value":5315.241},"cell_dimension":{"value":0.09400000379519796,"unit":"cm2"},"sweep_direction":{"unit":"","value":"Reverse"},"key":"reverse11_3cell_230102"},{"V":{"value":[1.500023,1.450036,1.400018,1.350036,1.300016,1.250028,1.200015,1.150028,1.100044,1.050026,1.000045,0.950024366,0.90003705,0.850017071,0.800035715,0.750014305,0.700028658,0.650035858,0.600016356,0.550028801,0.500007629,0.450022936,0.400002956,0.350018263,0.299995661,0.25000906,0.20001626,0.150013924,0.100014925,0.050014257,1.430511e-6,-0.049982786,-0.099985361],"unit":"V"},"I":{"value":[-0.009533673999999999,-0.009269774,-0.00805144,-0.006519942999999999,-0.004885584,-0.00326331,-0.0017463420000000001,-0.000439077616,0.00056938827,0.0012489410000000002,0.0016480239999999999,0.001869202,0.001983032,0.002043113,0.002072379,0.002093509,0.0021022560000000003,0.002109185,0.002112463,0.002117753,0.002120972,0.0021241750000000003,0.002125949,0.002128825,0.0021301510000000003,0.0021320579999999996,0.002133131,0.002133548,0.002136618,0.002138868,0.00213781,0.002137676,0.00213936],"unit":"A"},"resistance":{"value":[-157.339419,-156.426232,-173.884199,-207.062517,-266.092221,-383.055256,-687.159418,-2619.19,1931.976,840.733138,606.814434,508.251403,453.869236,416.040143,386.047011,358.257052,332.989283,308.192928,284.03637,259.722826,235.744604,211.857707,188.152688,164.418555,140.833063,117.26184,93.766514,70.311943,46.809926,23.383518,0.000669148091,-23.381836,-46.736115],"unit":"ohms"},"conductance":{"value":[-0.006355686,-0.00639279,-0.005750954,-0.004829459,-0.003758096,-0.002610589,-0.001455266,-0.000381797488,0.000517604766,0.001189438,0.00164795,0.00196753,0.002203278,0.002403614,0.002590358,0.002791292,0.0030031,0.003244721,0.003520676,0.003850258,0.004241879,0.004720149,0.005314832,0.006082039,0.007100605,0.008527924,0.010664788,0.014222335,0.021362991,0.042765165,1494.437,-0.042768242,-0.021396729],"unit":"S"},"power":{"value":[-14.300726,-13.441504,-11.272163,-8.802158,-6.351337,-4.079228,-2.095636,-0.504951339,0.626352429,1.31142,1.648097,1.775787,1.784802,1.736681,1.657977,1.570162,1.471639,1.371046,1.267512,1.164825,1.060502,0.955927663,0.850385752,0.745127486,0.639035995,0.533033852,0.42666089,0.320061946,0.213693679,0.106973893,3.058162e-6,-0.106846996,-0.213904653],"unit":"mW"},"J":{"value":[-0.10142205900000001,-0.098614617,-0.085653618,-0.06936110100000001,-0.051974299,-0.03471606,-0.018578102000000003,-0.004671038000000001,0.006057322,0.013286605,0.017532167,0.019885124,0.021096081000000003,0.021735246,0.022046585,0.022271370999999998,0.022364424,0.022438137,0.022473012,0.022529288,0.022563529,0.022597611,0.022616475,0.02264707,0.022661179,0.022681470000000002,0.022692882999999997,0.022697322,0.022729977999999998,0.022753915,0.022742659,0.022741233,0.022759146],"unit":"A\/cm2"},"power_density":{"value":[-152.135385,-142.994726,-119.916626,-93.639977,-67.567417,-43.396043,-22.294002,-5.371823,6.663324,13.951279,17.532949,18.891352,18.987255,18.47533,17.638055,16.703847,15.655737,14.585594,13.484175,12.391757,11.281936,10.169443,9.046657,7.926888,6.798255,5.670573,4.538946,3.404914,2.273337,1.13802,3.2533635e-5,-1.13667,-2.275581],"unit":"mW\/cm2"},"timestamps":{"value":[0.079,0.166,0.255,0.342,0.429,0.517,0.604,0.691,0.779,0.869,0.969,1.053,1.145,1.231,1.318,1.405,1.494,1.581,1.671,1.759,1.849,1.934,2.023,2.106,2.191,2.278,2.367,2.459,2.549,2.638,2.727,2.819,2.903],"unit":"s"},"p_max":{"unit":"mW","value":1.784802},"v_p_max":{"unit":"V","value":0.90003705},"i_p_max":{"unit":"mA","value":1.983032},"j_p_max":{"unit":"mA\/cm2","value":21.096081},"voc":{"unit":"V","value":1.128265},"isc":{"unit":"mA","value":2.13781},"jsc":{"unit":"mA\/cm2","value":22.742659},"fill_factor":{"unit":"%","value":73.996246},"efficiency":{"unit":"%","value":18.987255},"r_s":{"unit":"ohms","value":40.894248},"r_sh":{"unit":"ohms","value":6395.421},"cell_dimension":{"value":0.09400000447634373,"unit":"cm2"},"sweep_direction":{"unit":"","value":"Reverse"},"key":"reverse11_2cell_230102"},{"V":{"value":[1.500021,1.450036,1.400018,1.350036,1.300016,1.250027,1.200016,1.150028,1.100043,1.050025,1.000043,0.950022459,0.900036812,0.850016356,0.800034761,0.750014305,0.700028181,0.650035858,0.600016356,0.550028801,0.500007153,0.450021982,0.40000248,0.350017548,0.299994707,0.250008345,0.200015783,0.150013208,0.100013018,0.050014019,1.579523e-6,-0.049982786,-0.0999856],"unit":"V"},"I":{"value":[-0.010242267999999999,-0.009709299,-0.008256748,-0.006581113,-0.00486137,-0.003206447,-0.0016750100000000002,-0.000374555588,0.000614359975,0.001271561,0.0016598399999999999,0.001871899,0.00198558,0.00204736,0.002080575,0.002102748,0.002109408,0.002118617,0.002124488,0.0021312090000000002,0.0021320429999999997,0.002136737,0.0021392259999999997,0.0021415350000000004,0.002143592,0.0021449029999999997,0.00214985,0.002148822,0.002152026,0.002152368,0.0021548120000000003,0.002157211,0.0021593270000000004],"unit":"A"},"resistance":{"value":[-146.454004,-149.345112,-169.560423,-205.137939,-267.417621,-389.8481,-716.42303,-3070.379,1790.552,825.776288,602.493437,507.518074,453.286664,415.176803,384.525866,356.682999,331.85996,306.820802,282.42864,258.083022,234.520174,210.611769,186.98471,163.442345,139.94956,116.559281,93.037082,69.811837,46.473896,23.236737,0.000733021223,-23.170093,-46.304051],"unit":"ohms"},"conductance":{"value":[-0.006828082,-0.0066959,-0.005897603,-0.004874769,-0.003739469,-0.002565102,-0.001395823,-0.000325692651,0.000558487086,0.001210982,0.001659769,0.001970373,0.002206109,0.002408612,0.002600605,0.00280361,0.003013319,0.003259231,0.003540717,0.003874722,0.004264025,0.004748073,0.005348031,0.006118365,0.007145432,0.008579325,0.010748402,0.014324218,0.021517456,0.043035302,1364.217,-0.043159085,-0.021596383],"unit":"S"},"power":{"value":[-15.36362,-14.078835,-11.559594,-8.884739,-6.319858,-4.008146,-2.010038,-0.430749321,0.675822572,1.33517,1.659912,1.778346,1.787095,1.740289,1.664532,1.577091,1.476645,1.377177,1.274728,1.172226,1.066037,0.961578669,0.855695545,0.749574928,0.643066147,0.536243635,0.430003958,0.322351675,0.215230584,0.107648595,3.403576e-6,-0.107823431,-0.215901632],"unit":"mW"},"J":{"value":[-0.108960303,-0.10329041100000001,-0.08783774800000001,-0.07001183799999999,-0.051716699,-0.034111136,-0.017819251999999997,-0.003984634,0.0065357440000000004,0.013527242,0.017657876000000003,0.019913817,0.021123189,0.021780425000000003,0.022133773000000002,0.022369655000000002,0.022440515,0.022538482,0.02260094,0.022672433999999998,0.022681311000000003,0.022731246,0.022757719000000003,0.02278229,0.022804165999999997,0.022818116,0.022870746,0.022859808000000002,0.02289389,0.022897536,0.022923534,0.022949056,0.022971567000000002],"unit":"A\/cm2"},"power_density":{"value":[-163.442766,-149.774844,-122.974405,-94.518495,-67.232533,-42.639847,-21.38338,-4.58244,7.189602,14.203939,17.658634,18.918573,19.011647,18.513717,17.707788,16.777561,15.708993,14.650821,13.560934,12.470492,11.340818,10.22956,9.103144,7.974201,6.841129,5.70472,4.57451,3.429273,2.289687,1.145198,3.6208252e-5,-1.147058,-2.296826],"unit":"mW\/cm2"},"timestamps":{"value":[0.082,0.167,0.255,0.345,0.434,0.552,0.638,0.72,0.806,0.902,0.99,1.081,1.171,1.259,1.346,1.431,1.517,1.6,1.686,1.772,1.86,1.951,2.038,2.129,2.217,2.303,2.397,2.488,2.577,2.663,2.754,2.842,2.926],"unit":"s"},"p_max":{"unit":"mW","value":1.787095},"v_p_max":{"unit":"V","value":0.900036812},"i_p_max":{"unit":"mA","value":1.98558},"j_p_max":{"unit":"mA\/cm2","value":21.123189},"voc":{"unit":"V","value":1.131096},"isc":{"unit":"mA","value":2.154812},"jsc":{"unit":"mA\/cm2","value":22.923535},"fill_factor":{"unit":"%","value":73.322745},"efficiency":{"unit":"%","value":19.011647},"r_s":{"unit":"ohms","value":39.105877},"r_sh":{"unit":"ohms","value":5991.202},"cell_dimension":{"value":0.09399999557637059,"unit":"cm2"},"sweep_direction":{"unit":"","value":"Reverse"},"key":"reverse11_1cell_230102"},{"V":{"value":[-0.099985123,-0.049982786,2.980232e-6,0.050014496,0.100015163,0.150014162,0.200016737,0.25000906,0.299995899,0.350018024,0.400003433,0.450022459,0.500007153,0.550028801,0.600016832,0.650035858,0.700028658,0.750014305,0.800035238,0.850015402,0.900038481,0.95002532,1.000045,1.050025,1.100045,1.150027,1.200016,1.250028,1.300015,1.350036,1.400018,1.450035,1.500024],"unit":"V"},"I":{"value":[0.002132609,0.002134025,0.002133399,0.0021387930000000004,0.002130598,0.002129331,0.002134323,0.0021334590000000003,0.002129018,0.00213027,0.002128184,0.002126977,0.002125338,0.002124473,0.002124026,0.0021230579999999997,0.002118841,0.002113745,0.002109751,0.0021016750000000003,0.002078682,0.0020279440000000003,0.001904309,0.001601323,0.000919014215,-0.000326022506,-0.0021588949999999997,-0.00448221,-0.007173538,-0.010137275000000001,-0.013307676000000001,-0.016644195,-0.020110294],"unit":"A"},"resistance":{"value":[-46.883934,-23.421836,0.001396941,23.384444,46.9423,70.451304,93.714366,117.184852,140.908088,164.306883,187.9553,211.578447,235.260094,258.901235,282.490287,306.179062,330.382846,354.827305,379.208351,404.446707,432.985132,468.467298,525.14833,655.723514,1196.983,-3527.446,-555.847074,-278.886528,-181.223744,-133.175403,-105.203776,-87.119542,-74.589839],"unit":"ohms"},"conductance":{"value":[-0.021329268,-0.042695201,715.85,0.042763472,0.021302748,0.014194201,0.010670723,0.008533526,0.007096825,0.006086172,0.005320414,0.004726379,0.004250615,0.003862477,0.003539945,0.003266063,0.003026792,0.002818272,0.002637073,0.002472514,0.002309548,0.002134621,0.001904224,0.001525033,0.000835433499,-0.000283491225,-0.001799056,-0.003585688,-0.005518041,-0.007508894,-0.009505362,-0.011478481,-0.013406652],"unit":"S"},"power":{"value":[-0.213229221,-0.10666452,6.358025e-6,0.106970677,0.21309209,0.31942984,0.426900346,0.533384042,0.638696761,0.745632898,0.851280843,0.957187351,1.062684,1.168522,1.274452,1.380064,1.483249,1.585339,1.687875,1.786456,1.870894,1.926598,1.904394,1.68143,1.010957,-0.374934618,-2.590708,-5.602887,-9.32571,-13.685683,-18.630982,-24.134659,-30.165916],"unit":"mW"},"J":{"value":[0.022687335,0.022702395,0.022695737,0.022753122,0.022665934,0.022652460000000003,0.022705565,0.022696371,0.022649131,0.022662447,0.022640254,0.022627413,0.022609976,0.022600781,0.022596025999999998,0.022585722,0.02254086,0.022486645,0.022444161,0.022358241,0.02211364,0.021573869,0.020258604,0.017035356,0.009776747,-0.003468325,-0.02296697,-0.047683082,-0.076314236,-0.10784335,-0.14157101800000002,-0.177065901,-0.2139393],"unit":"A\/cm2"},"power_density":{"value":[-2.268396,-1.134729,6.7638566e-5,1.137986,2.266937,3.39819,4.541493,5.674298,6.794646,7.932265,9.056179,10.182844,11.30515,12.431081,13.557996,14.681529,15.779248,16.865305,17.956119,19.004849,19.903127,20.495722,20.259507,17.887558,10.754859,-3.988666,-27.56072,-59.605182,-99.209686,-145.592368,-198.201937,-256.751687,-320.914],"unit":"mW\/cm2"},"timestamps":{"value":[0.08,0.169,0.26,0.349,0.434,0.524,0.607,0.691,0.78,0.869,0.96,1.052,1.139,1.227,1.312,1.4,1.5,1.582,1.671,1.755,1.838,1.924,2.014,2.095,2.184,2.268,2.357,2.446,2.539,2.623,2.71,2.795,2.881],"unit":"s"},"p_max":{"unit":"mW","value":1.926598},"v_p_max":{"unit":"V","value":0.95002532},"i_p_max":{"unit":"mA","value":2.027944},"j_p_max":{"unit":"mA\/cm2","value":21.573869},"voc":{"unit":"V","value":1.136939},"isc":{"unit":"mA","value":2.133399},"jsc":{"unit":"mA\/cm2","value":22.695737},"fill_factor":{"unit":"%","value":79.429517},"efficiency":{"unit":"%","value":20.495722},"r_s":{"unit":"ohms","value":22.301202},"r_sh":{"unit":"ohms","value":18441.134},"cell_dimension":{"value":0.0939999784020468,"unit":"cm2"},"sweep_direction":{"unit":"","value":"Forward"},"key":"forward12_4cell_230102"},{"V":{"value":[-0.099985361,-0.049983263,3.33786e-6,0.05001235,0.10001421,0.150013447,0.200015783,0.250008583,0.299994946,0.350017786,0.400002956,0.450021982,0.500007153,0.550028801,0.600014687,0.65003562,0.700028658,0.750013828,0.800034761,0.850016594,0.900037527,0.950024843,1.000044,1.050026,1.100045,1.150028,1.200016,1.250028,1.300016,1.350036,1.400018,1.450034,1.500023],"unit":"V"},"I":{"value":[0.0021195560000000003,0.0021194670000000003,0.002119005,0.002118945,0.0021185429999999996,0.002120733,0.0021190790000000003,0.002117842,0.0021151010000000003,0.002113253,0.0021127760000000002,0.002108946,0.002111301,0.002111346,0.002107248,0.0021066220000000003,0.002104402,0.002102837,0.002095595,0.002084225,0.002064943,0.002017528,0.001894489,0.00158532,0.000899210572,-0.000352561474,-0.002201363,-0.0045472229999999995,-0.007270053,-0.010276243,-0.013494104,-0.016880006000000003,-0.020405054],"unit":"A"},"resistance":{"value":[-47.172784,-23.582944,0.001575202,23.602475,47.208964,70.736594,94.388063,118.048717,141.834834,165.629864,189.325773,213.387108,236.824211,260.511031,284.738564,308.567775,332.649748,356.667607,381.769741,407.833331,435.865489,470.885623,527.87025,662.343363,1223.345,-3261.923,-545.123772,-274.89921,-178.817976,-131.374462,-103.750329,-85.902468,-73.512344],"unit":"ohms"},"conductance":{"value":[-0.021198664,-0.042403527,634.839286,0.042368437,0.021182418,0.014136954,0.01059456,0.008471079,0.007050454,0.006037559,0.005281901,0.004686319,0.004222541,0.003838609,0.003511994,0.003240779,0.003006165,0.002803731,0.00261938,0.002451982,0.002294286,0.002123658,0.001894405,0.001509791,0.000817430742,-0.000306567606,-0.001834446,-0.003637697,-0.005592279,-0.007611829,-0.009638524,-0.011641109,-0.013603158],"unit":"S"},"power":{"value":[-0.211924579,-0.10593786,7.072941e-6,0.105973425,0.211884383,0.318138506,0.423849293,0.529478787,0.634519496,0.739676094,0.845116663,0.949072258,1.055666,1.161301,1.26438,1.369379,1.473141,1.577157,1.676549,1.771626,1.858526,1.916702,1.894573,1.664627,0.989172063,-0.405455731,-2.64167,-5.684157,-9.451186,-13.873297,-18.891985,-24.476584,-30.608058],"unit":"mW"},"J":{"value":[0.022548469,0.022547518,0.022542603,0.022541969000000002,0.022537689,0.022560992,0.022543396,0.022530239,0.022501069999999998,0.022481414,0.022476341,0.0224356,0.022460647,0.022461123,0.022417529,0.022410871,0.022387251,0.022370605999999998,0.022293564,0.022172611,0.021967482,0.021463062,0.020154138,0.016865103000000003,0.00956607,-0.003750654,-0.02341876,-0.048374718000000004,-0.07734099,-0.109321735,-0.143554299,-0.17957452799999998,-0.217075044],"unit":"A\/cm2"},"power_density":{"value":[-2.254517,-1.126999,7.5244057e-5,1.127377,2.254089,3.384452,4.509035,5.632753,6.750207,7.868895,8.990603,10.096513,11.230484,12.354264,13.450847,14.567864,15.671717,16.778264,17.835626,18.847087,19.771558,20.390442,20.155031,17.708795,10.523107,-4.313359,-28.102876,-60.469758,-100.544537,-147.588268,-200.978566,-260.389196,-325.617637],"unit":"mW\/cm2"},"timestamps":{"value":[0.079,0.165,0.255,0.346,0.443,0.558,0.644,0.73,0.831,0.909,0.995,1.083,1.173,1.261,1.35,1.442,1.527,1.611,1.699,1.788,1.875,1.961,2.047,2.14,2.23,2.318,2.403,2.494,2.584,2.675,2.763,2.849,2.935],"unit":"s"},"p_max":{"unit":"mW","value":1.916702},"v_p_max":{"unit":"V","value":0.950024843},"i_p_max":{"unit":"mA","value":2.017528},"j_p_max":{"unit":"mA\/cm2","value":21.463062},"voc":{"unit":"V","value":1.135951},"isc":{"unit":"mA","value":2.119005},"jsc":{"unit":"mA\/cm2","value":22.542604},"fill_factor":{"unit":"%","value":79.627505},"efficiency":{"unit":"%","value":20.390442},"r_s":{"unit":"ohms","value":22.01936},"r_sh":{"unit":"ohms","value":18830.049},"cell_dimension":{"value":0.09399999618599383,"unit":"cm2"},"sweep_direction":{"unit":"","value":"Forward"},"key":"forward12_3cell_230102"},{"V":{"value":[-0.099984646,-0.049982309,2.890825e-6,0.050014496,0.100014687,0.150013924,0.200014591,0.25000906,0.299995422,0.350018263,0.400003433,0.450021982,0.500007868,0.550029516,0.600016356,0.650035858,0.700028181,0.750014305,0.800035715,0.850017071,0.900038242,0.95002532,1.000043,1.050024,1.100044,1.150028,1.200016,1.250028,1.300016,1.350036,1.400018,1.450036,1.500024],"unit":"V"},"I":{"value":[0.002097279,0.002103865,0.00210093,0.002099395,0.002102122,0.002097175,0.0021007060000000004,0.0020987239999999997,0.0020985749999999997,0.002097785,0.0020974279999999997,0.002095059,0.002094761,0.002089769,0.0020884420000000002,0.002087429,0.002086163,0.002081007,0.0020736599999999997,0.002061531,0.0020399539999999996,0.001984164,0.0018471630000000002,0.0015287249999999999,0.000858768821,-0.00028507411500000004,-0.0019113869999999999,-0.003946394,-0.006294325,-0.008885905,-0.011663124,-0.014594123,-0.017654911],"unit":"A"},"resistance":{"value":[-47.673511,-23.757373,0.001375974,23.823292,47.577971,71.531445,95.213029,119.124302,142.95195,166.851314,190.711415,214.801625,238.694523,263.201152,287.303276,311.40499,335.557829,360.409355,385.808438,412.323216,441.205151,478.8038,541.394277,686.862746,1280.955,-4034.139,-627.824777,-316.752007,-206.537782,-151.930092,-120.038032,-99.35755,-84.963574],"unit":"ohms"},"conductance":{"value":[-0.020976009,-0.042092196,726.757732,0.041975726,0.02101813,0.013979866,0.010502764,0.008394593,0.006995358,0.00599336,0.005243525,0.004655458,0.004189455,0.003799375,0.003480643,0.003211252,0.002980112,0.002774623,0.00259196,0.002425282,0.002266519,0.002088538,0.001847083,0.001455895,0.000780667354,-0.000247884398,-0.001592801,-0.003157044,-0.004841729,-0.006581975,-0.008330693,-0.01006466,-0.01176975],"unit":"S"},"power":{"value":[-0.209695681,-0.105156039,6.07342e-6,0.105000172,0.210243044,0.314605379,0.420171872,0.524700076,0.629562964,0.734263227,0.838978339,0.942822406,1.047397,1.149434,1.2531,1.356904,1.460373,1.560785,1.659002,1.752336,1.836037,1.885006,1.847243,1.605198,0.944683909,-0.327843347,-2.293695,-4.933103,-8.182723,-11.996295,-16.328589,-21.162008,-26.482795],"unit":"mW"},"J":{"value":[0.022311477,0.022381544000000003,0.022350315,0.022333987,0.022362997,0.022310367,0.022347937000000002,0.022326854,0.022325268000000002,0.022316866999999997,0.022313061999999998,0.022287856999999998,0.022284687,0.022231580999999997,0.022217472999999998,0.022206693000000003,0.022193219,0.022138369999999997,0.022060218,0.02193118,0.021701639,0.021108129000000003,0.019650669,0.016263032,0.009135839000000002,-0.0030327030000000003,-0.020333903,-0.041982912,-0.066960904,-0.094530906,-0.124075787,-0.155256625,-0.187818199],"unit":"A\/cm2"},"power_density":{"value":[-2.230805,-1.118681,6.4610856e-5,1.117023,2.236628,3.346866,4.469914,5.581916,6.697478,7.811311,8.925301,10.030026,11.142519,12.228026,13.330847,14.435147,15.535879,16.604094,17.648962,18.641878,19.532305,20.053257,19.651521,17.076579,10.049829,-3.487695,-24.401009,-52.479821,-87.050242,-127.620162,-173.708391,-225.12774,-281.731866],"unit":"mW\/cm2"},"timestamps":{"value":[0.092,0.179,0.27,0.36,0.446,0.535,0.619,0.708,0.796,0.888,0.972,1.059,1.147,1.234,1.322,1.422,1.515,1.602,1.694,1.782,1.87,1.956,2.044,2.137,2.228,2.315,2.404,2.493,2.577,2.664,2.75,2.838,2.926],"unit":"s"},"p_max":{"unit":"mW","value":1.885006},"v_p_max":{"unit":"V","value":0.95002532},"i_p_max":{"unit":"mA","value":1.984164},"j_p_max":{"unit":"mA\/cm2","value":21.108129},"voc":{"unit":"V","value":1.137571},"isc":{"unit":"mA","value":2.10093},"jsc":{"unit":"mA\/cm2","value":22.350317},"fill_factor":{"unit":"%","value":78.871961},"efficiency":{"unit":"%","value":20.053257},"r_s":{"unit":"ohms","value":25.305869},"r_sh":{"unit":"ohms","value":16070.498},"cell_dimension":{"value":0.09400000726083711,"unit":"cm2"},"sweep_direction":{"unit":"","value":"Forward"},"key":"forward12_2cell_230102"},{"V":{"value":[-0.099984646,-0.049982309,3.129244e-6,0.050014496,0.100014687,0.150013924,0.200016022,0.250008583,0.299995899,0.350017786,0.40000248,0.450021505,0.500007153,0.550028801,0.600016356,0.650035858,0.700028658,0.750014305,0.800034761,0.850016356,0.900037289,0.950024366,1.000044,1.050025,1.100043,1.150028,1.200015,1.250027,1.300015,1.350035,1.400017,1.450036,1.500024],"unit":"V"},"I":{"value":[0.0021286900000000004,0.002126977,0.002127469,0.002127767,0.002126575,0.0021268280000000003,0.0021249199999999998,0.002124146,0.002121806,0.0021225809999999997,0.002121389,0.002119899,0.002119288,0.002118275,0.002118349,0.002112642,0.0021098849999999997,0.002102643,0.0020948950000000003,0.002078742,0.00204359,0.001965672,0.0017871710000000002,0.0014139710000000002,0.000740736723,-0.00029014051,-0.001675129,-0.003358141,-0.005283564,-0.0073987540000000004,-0.009672433,-0.012056187,-0.014532327999999999],"unit":"A"},"resistance":{"value":[-46.970025,-23.499226,0.001470877,23.505631,47.030887,70.534117,94.128709,117.698419,141.387044,164.901968,188.556882,212.284429,235.931685,259.658879,283.247158,307.68861,331.785186,356.700693,381.897372,408.909062,440.419708,483.307731,559.568166,742.607398,1485.067,-3963.695,-716.371904,-372.237894,-246.048949,-182.467871,-144.743053,-120.27319,-103.219776],"unit":"ohms"},"conductance":{"value":[-0.021290174,-0.042554593,679.866667,0.042542998,0.021262622,0.014177536,0.010623751,0.008496291,0.007072784,0.006064209,0.005303439,0.004710661,0.004238515,0.003851207,0.003530486,0.003250039,0.003013998,0.002803471,0.002618505,0.002445532,0.002270561,0.002069075,0.001787092,0.001346607,0.000673370516,-0.00025228985,-0.001395923,-0.002686454,-0.004064232,-0.005480417,-0.006908794,-0.008314405,-0.009688066],"unit":"S"},"power":{"value":[-0.212836364,-0.106311215,6.657368e-6,0.106419174,0.212688684,0.319053789,0.425018142,0.531054638,0.636533142,0.742941104,0.848560825,0.954000047,1.059659,1.165112,1.271044,1.373293,1.47698,1.577013,1.675989,1.766965,1.839307,1.867436,1.787249,1.484706,0.814842467,-0.333669846,-2.01018,-4.197767,-6.868715,-9.988577,-13.541576,-17.481905,-21.798834],"unit":"mW"},"J":{"value":[0.022645643,0.022627413,0.022632645,0.022635815,0.022623133,0.022625827999999997,0.022605537000000002,0.022597294,0.022572406,0.022580649,0.022567966999999998,0.022552115,0.022545615,0.022534836,0.022535628,0.022474914,0.022445587,0.022368545,0.022286113,0.022114274000000003,0.021740319,0.020911402,0.019012454999999998,0.015042247,0.007880178,-0.003086601,-0.017820521,-0.0357249,-0.056208131,-0.078710153,-0.102898225,-0.128257306,-0.15459923],"unit":"A\/cm2"},"power_density":{"value":[-2.264217,-1.13097,7.0823064e-5,1.132119,2.262646,3.394189,4.52147,5.649517,6.771629,7.903629,9.027243,10.148937,11.272969,12.394809,13.521746,14.6095,15.712554,16.776729,17.829665,18.797495,19.567097,19.866341,19.013289,15.794742,8.668537,-3.549679,-21.384897,-44.657096,-73.071439,-106.261457,-144.059316,-185.977718,-231.902495],"unit":"mW\/cm2"},"timestamps":{"value":[0.078,0.167,0.257,0.346,0.437,0.526,0.609,0.695,0.786,0.874,0.964,1.052,1.136,1.224,1.308,1.395,1.488,1.57,1.661,1.746,1.836,1.926,2.012,2.099,2.183,2.272,2.358,2.448,2.536,2.625,2.729,2.819,2.904],"unit":"s"},"p_max":{"unit":"mW","value":1.867436},"v_p_max":{"unit":"V","value":0.950024366},"i_p_max":{"unit":"mA","value":1.965672},"j_p_max":{"unit":"mA\/cm2","value":20.911402},"voc":{"unit":"V","value":1.13596},"isc":{"unit":"mA","value":2.127469},"jsc":{"unit":"mA\/cm2","value":22.632644},"fill_factor":{"unit":"%","value":77.271529},"efficiency":{"unit":"%","value":19.866341},"r_s":{"unit":"ohms","value":30.487812},"r_sh":{"unit":"ohms","value":11709.804},"cell_dimension":{"value":0.09399998048189669,"unit":"cm2"},"sweep_direction":{"unit":"","value":"Forward"},"key":"forward12_1cell_230102"},{"V":{"value":[-0.099984646,-0.049982548,3.099442e-6,0.050014019,0.10001421,0.150013924,0.200015783,0.250008106,0.299995899,0.350018263,0.400003195,0.450021982,0.500007629,0.550028563,0.60001564,0.650035858,0.700028658,0.750014067,0.800034761,0.850017071,0.900038004,0.950024366,1.000044,1.050025,1.100043,1.150028,1.200016,1.250027,1.300016,1.350037,1.400019,1.450037,1.500025],"unit":"V"},"I":{"value":[0.00211893,0.0021204049999999997,0.002122149,0.0021197349999999998,0.002121136,0.0021190349999999996,0.002116829,0.002115428,0.002112195,0.002111018,0.0021052659999999997,0.0021026129999999997,0.002100796,0.002092525,0.002083957,0.002071008,0.002053604,0.002026424,0.001982167,0.00191693,0.00181064,0.00164102,0.0013700280000000001,0.0009381473059999999,0.000297725201,-0.000579237938,-0.001676559,-0.002954796,-0.004374996,-0.005906105,-0.007529154,-0.009231268999999999,-0.011004016],"unit":"A"},"resistance":{"value":[-47.18638,-23.572165,0.00146052,23.594469,47.151257,70.793525,94.488392,118.183201,142.030406,165.805461,190.001274,214.029822,238.00871,262.853953,287.921288,313.874128,340.878192,370.117081,403.616151,443.426226,497.082775,578.923025,729.94429,1119.254,3694.827,-1985.415,-715.761092,-423.050335,-297.146835,-228.583239,-185.946338,-157.07878,-136.316103],"unit":"ohms"},"conductance":{"value":[-0.021192556,-0.042422916,684.6875,0.042382814,0.021208342,0.014125586,0.010583311,0.008461439,0.007040746,0.006031164,0.005263123,0.004672246,0.004201527,0.003804394,0.003473171,0.003185991,0.002933599,0.002701848,0.002477602,0.002255167,0.002011737,0.001727345,0.001369968,0.000893452161,0.000270648679,-0.000503673113,-0.001397114,-0.002363785,-0.00336534,-0.004374774,-0.005377896,-0.006366232,-0.00733589],"unit":"S"},"power":{"value":[-0.211860488,-0.105983266,6.577476e-6,0.106016461,0.2121437,0.317884684,0.423399242,0.52887426,0.633649807,0.73889475,0.842113068,0.946222272,1.050414,1.150949,1.250407,1.34623,1.437581,1.519846,1.585803,1.629423,1.629645,1.559009,1.370088,0.985078336,0.32751054,-0.666139565,-2.011898,-3.693576,-5.687565,-7.973458,-10.540957,-13.385678,-16.506294],"unit":"mW"},"J":{"value":[0.022541811,0.022557505,0.022576052,0.022550371,0.022565272,0.022542921,0.022519459000000002,0.022504558,0.022470158,0.022457635,0.022396445,0.022368227999999997,0.022348887999999997,0.022260908,0.022169757000000002,0.022032001000000002,0.021846846,0.0215577,0.021086887000000002,0.020392873000000002,0.019262129000000003,0.017457661000000003,0.014574762,0.00998029,0.0031672889999999998,-0.006162106,-0.017835739,-0.031434000000000004,-0.046542509,-0.062830905,-0.08009738699999999,-0.098204993,-0.117063998],"unit":"A\/cm2"},"power_density":{"value":[-2.253835,-1.127482,6.9973153e-5,1.127835,2.256848,3.381752,4.504247,5.626322,6.740955,7.860582,8.95865,10.066194,11.174615,12.244135,13.302201,14.321591,15.293418,16.168578,16.870242,17.33429,17.336648,16.585204,14.575402,10.479557,3.484155,-7.086591,-21.403172,-39.293361,-60.506014,-84.824022,-112.13784,-142.400827,-175.598872],"unit":"mW\/cm2"},"timestamps":{"value":[0.079,0.167,0.257,0.347,0.435,0.527,0.61,0.696,0.783,0.87,0.959,1.045,1.135,1.222,1.307,1.395,1.481,1.572,1.659,1.746,1.839,1.929,2.031,2.119,2.207,2.294,2.38,2.473,2.567,2.657,2.748,2.838,2.929],"unit":"s"},"p_max":{"unit":"mW","value":1.629645},"v_p_max":{"unit":"V","value":0.900038004},"i_p_max":{"unit":"mA","value":1.81064},"j_p_max":{"unit":"mA\/cm2","value":19.262129},"voc":{"unit":"V","value":1.117013},"isc":{"unit":"mA","value":2.122149},"jsc":{"unit":"mA\/cm2","value":22.576051},"fill_factor":{"unit":"%","value":68.747846},"efficiency":{"unit":"%","value":17.336648},"r_s":{"unit":"ohms","value":43.044576},"r_sh":{"unit":"ohms","value":4355.576},"cell_dimension":{"value":0.09399998961929014,"unit":"cm2"},"sweep_direction":{"unit":"","value":"Forward"},"key":"forward11_4cell_230102"},{"V":{"value":[-0.099985361,-0.049982309,3.218651e-6,0.050014257,0.100014687,0.1500144,0.20001626,0.250009775,0.299995899,0.350018024,0.400003433,0.450022459,0.500007153,0.550029278,0.600016356,0.650035858,0.700028181,0.750013828,0.800034523,0.85001564,0.90003705,0.95002389,1.000043,1.050025,1.100044,1.150028,1.200015,1.250028,1.300015,1.350036,1.400017,1.450036,1.500025],"unit":"V"},"I":{"value":[0.002100974,0.002102315,0.002105162,0.002105236,0.0021039690000000002,0.002101734,0.002100125,0.002099365,0.002095118,0.0020973380000000002,0.002095371,0.002094656,0.002089024,0.002087697,0.002080083,0.002075404,0.0020644960000000003,0.0020466890000000004,0.002016336,0.001972556,0.001888141,0.001740739,0.001480639,0.001037315,0.000336229801,-0.000658705831,-0.001932725,-0.003436804,-0.005117938,-0.006942347,-0.008882329,-0.010917842,-0.013035938],"unit":"A"},"resistance":{"value":[-47.589997,-23.774886,0.001528933,23.757078,47.536188,71.376483,95.240171,119.088284,143.188057,166.886764,190.898576,214.84311,239.349692,263.462167,288.457906,313.209322,339.07941,366.452199,396.776446,430.920892,476.678931,545.759029,675.413389,1012.254,3271.704,-1745.89,-620.89284,-363.718071,-254.011571,-194.463948,-157.618291,-132.813448,-115.068401],"unit":"ohms"},"conductance":{"value":[-0.021012819,-0.04206119,654.050926,0.042092718,0.021036605,0.014010217,0.010499771,0.008397132,0.006983823,0.005992087,0.005238384,0.004654559,0.004177987,0.003795611,0.00346671,0.003192753,0.002949162,0.002728869,0.002520311,0.002320612,0.002097848,0.001832311,0.001480575,0.000987894647,0.00030565116,-0.000572773738,-0.001610584,-0.002749382,-0.003936829,-0.005142341,-0.006344441,-0.007529358,-0.008690483],"unit":"S"},"power":{"value":[-0.210066676,-0.10507858,6.77578e-6,0.105291818,0.210427846,0.315290408,0.420059139,0.524861771,0.628526858,0.734106257,0.838155788,0.942642347,1.044527,1.148295,1.248084,1.349087,1.445206,1.535045,1.613138,1.676704,1.699397,1.653743,1.480703,1.089207,0.36986766,-0.757530143,-2.3193,-4.2961,-6.653398,-9.372419,-12.435416,-15.831268,-19.554227],"unit":"mW"},"J":{"value":[0.022350791000000002,0.022365058,0.022395336000000002,0.022396128,0.022382654,0.022358875,0.022341754999999998,0.02233367,0.022288491,0.022312111000000003,0.022291186,0.022283577000000002,0.022223655000000002,0.022209547,0.022128540999999998,0.022078765,0.021962726,0.021773291,0.021450379999999998,0.02098464,0.020086607,0.018518497,0.015751479,0.011035261000000001,0.0035769129999999997,-0.0070075089999999994,-0.020560908000000003,-0.036561743,-0.054446148,-0.07385475200000001,-0.09449286,-0.116147259,-0.138680193],"unit":"A\/cm2"},"power_density":{"value":[-2.234752,-1.117857,7.2082765e-5,1.120126,2.238594,3.354153,4.468714,5.583636,6.686456,7.809641,8.916551,10.02811,11.111987,12.215901,13.277487,14.351989,15.374527,16.33027,17.161045,17.837272,18.07869,17.593015,15.752162,11.587305,3.934762,-8.058831,-24.673404,-45.70319,-70.780834,-99.706585,-132.291658,-168.417741,-208.023695],"unit":"mW\/cm2"},"timestamps":{"value":[0.078,0.167,0.259,0.35,0.439,0.529,0.613,0.697,0.786,0.874,0.95,1.038,1.128,1.215,1.316,1.403,1.492,1.579,1.666,1.755,1.839,1.923,2.01,2.101,2.189,2.285,2.371,2.461,2.546,2.634,2.724,2.811,2.896],"unit":"s"},"p_max":{"unit":"mW","value":1.699397},"v_p_max":{"unit":"V","value":0.90003705},"i_p_max":{"unit":"mA","value":1.888141},"j_p_max":{"unit":"mA\/cm2","value":20.086607},"voc":{"unit":"V","value":1.116936},"isc":{"unit":"mA","value":2.105161},"jsc":{"unit":"mA\/cm2","value":22.395334},"fill_factor":{"unit":"%","value":72.273853},"efficiency":{"unit":"%","value":18.07869},"r_s":{"unit":"ohms","value":36.64262},"r_sh":{"unit":"ohms","value":6751.462},"cell_dimension":{"value":0.09399998416163435,"unit":"cm2"},"sweep_direction":{"unit":"","value":"Forward"},"key":"forward11_3cell_230102"},{"V":{"value":[-0.099985361,-0.049982309,2.533197e-6,0.050014496,0.100014687,0.1500144,0.200016022,0.250008821,0.299993753,0.350018263,0.400002956,0.450021982,0.500007153,0.550028324,0.600015879,0.650035381,0.700028181,0.750013828,0.800034523,0.850015879,0.900036335,0.950024366,1.000043,1.050026,1.100044,1.150027,1.200015,1.250028,1.300015,1.350036,1.400018,1.450036,1.500024],"unit":"V"},"I":{"value":[0.002137005,0.002139017,0.002138689,0.002136007,0.002136379,0.002134874,0.002132863,0.002133712,0.002131522,0.002130464,0.0021286010000000004,0.002129823,0.002122417,0.002121925,0.00211288,0.002113357,0.002101332,0.0020896490000000003,0.0020656439999999997,0.002026916,0.001955405,0.0018223970000000001,0.00158067,0.001155704,0.000468924642,-0.000520929694,-0.0018076449999999999,-0.003349647,-0.005099967,-0.007019714,-0.009083018,-0.011266857,-0.013560951],"unit":"A"},"resistance":{"value":[-46.787605,-23.366953,0.001184463,23.41495,46.815038,70.268488,93.778194,117.170828,140.74159,164.292055,187.918235,211.295487,235.583832,259.21191,283.980055,307.584248,333.135458,358.918493,387.305195,419.36423,460.281318,521.304802,632.670381,908.559375,2345.886,-2207.643,-663.855641,-373.181916,-254.906633,-192.320622,-154.135802,-128.699225,-110.613489],"unit":"ohms"},"conductance":{"value":[-0.021373182,-0.042795481,844.264706,0.042707757,0.021360658,0.01423113,0.01066346,0.008534548,0.00710522,0.006086722,0.005321463,0.004732709,0.004244773,0.003857847,0.003521374,0.003251142,0.003001782,0.002786148,0.002581943,0.002384562,0.002172584,0.001918264,0.001580602,0.001100644,0.000426278165,-0.000452971787,-0.001506352,-0.002679658,-0.003923005,-0.00519965,-0.006487785,-0.007770055,-0.009040489],"unit":"S"},"power":{"value":[-0.213669249,-0.106913009,5.417722e-6,0.106831311,0.213669324,0.320261913,0.426606733,0.533446866,0.639443196,0.74570121,0.851446723,0.958467154,1.061224,1.167119,1.267762,1.373757,1.470992,1.567266,1.652586,1.72291,1.759935,1.731322,1.580739,1.213519,0.515837632,-0.599083108,-2.169202,-4.187151,-6.630036,-9.476864,-12.71639,-16.337347,-20.341753],"unit":"mW"},"J":{"value":[0.022734099,0.0227555,0.022752012000000002,0.022723478,0.022727440999999998,0.02271143,0.02269003,0.022699065999999997,0.022675763,0.022664508,0.022644691999999998,0.022657691,0.022578905,0.022573674000000002,0.022477451,0.022482523,0.022354595,0.022230312999999998,0.021974933,0.021562931,0.02080218,0.019387203,0.016815643,0.012294726,0.0049885599999999995,-0.005541805,-0.019230266,-0.035634542000000005,-0.054254969,-0.074677803,-0.096627848,-0.11986018500000001,-0.144265434],"unit":"A\/cm2"},"power_density":{"value":[-2.273077,-1.137372,5.7635339e-5,1.136503,2.273078,3.407042,4.53837,5.674967,6.802587,7.932992,9.057944,10.196459,11.289614,12.41616,13.486827,14.614436,15.648847,16.673042,17.580705,18.328834,18.722717,18.418316,16.816373,12.909781,5.487634,-6.373225,-23.076613,-44.544163,-70.532298,-100.817698,-135.280747,-173.80156,-216.401624],"unit":"mW\/cm2"},"timestamps":{"value":[0.08,0.156,0.234,0.312,0.389,0.465,0.556,0.634,0.714,0.791,0.867,0.944,1.02,1.096,1.188,1.272,1.363,1.451,1.539,1.624,1.711,1.797,1.881,1.969,2.056,2.144,2.235,2.324,2.411,2.496,2.585,2.672,2.765],"unit":"s"},"p_max":{"unit":"mW","value":1.759935},"v_p_max":{"unit":"V","value":0.900036335},"i_p_max":{"unit":"mA","value":1.955405},"j_p_max":{"unit":"mA\/cm2","value":20.80218},"voc":{"unit":"V","value":1.123722},"isc":{"unit":"mA","value":2.138689},"jsc":{"unit":"mA\/cm2","value":22.752013},"fill_factor":{"unit":"%","value":73.230175},"efficiency":{"unit":"%","value":18.722717},"r_s":{"unit":"ohms","value":35.17478},"r_sh":{"unit":"ohms","value":8286.281},"cell_dimension":{"value":0.09399998654004278,"unit":"cm2"},"sweep_direction":{"unit":"","value":"Forward"},"key":"forward11_2cell_230102"},{"V":{"value":[-0.099986315,-0.049983263,3.33786e-6,0.050014257,0.10001421,0.150012255,0.200015068,0.250008583,0.299995661,0.350017786,0.400002956,0.450021505,0.500007153,0.550029278,0.600016356,0.650036573,0.700028658,0.750014305,0.800034523,0.850016356,0.900037289,0.950025082,1.000042,1.050026,1.100044,1.150028,1.200015,1.250028,1.300016,1.350036,1.400018,1.450036,1.500024],"unit":"V"},"I":{"value":[0.0021442770000000004,0.0021487470000000003,0.002148598,0.0021476000000000004,0.002147615,0.0021440540000000003,0.002145261,0.002139926,0.002139837,0.002138048,0.00213781,0.002134591,0.002129838,0.002121896,0.002117977,0.0021099450000000002,0.002096787,0.002075911,0.002042815,0.001993179,0.0019067819999999999,0.001756489,0.001497284,0.001061305,0.00039798021300000005,-0.0005323886869999999,-0.001726717,-0.00316003,-0.00479807,-0.006610513,-0.008569703,-0.010641471,-0.012833804],"unit":"A"},"resistance":{"value":[-46.629382,-23.261581,0.001553506,23.288441,46.569898,69.966654,93.235792,116.830483,140.195596,163.709009,187.108751,210.82326,234.763012,259.216,283.296978,308.082262,333.857767,361.294131,391.633353,426.46256,472.018881,540.865859,667.90434,989.372085,2764.068,-2160.129,-694.969399,-395.574736,-270.945667,-204.225596,-163.368301,-136.262773,-116.880726],"unit":"ohms"},"conductance":{"value":[-0.021445706,-0.042989339,643.705357,0.042939757,0.021473098,0.014292523,0.010725495,0.00855941,0.007132892,0.006108399,0.005344485,0.00474331,0.004259615,0.003857787,0.003529865,0.003245886,0.002995288,0.002767828,0.002553409,0.002344872,0.002118559,0.001848887,0.00149722,0.001010742,0.000361785562,-0.000462935417,-0.001438912,-0.002527967,-0.003690777,-0.004896546,-0.006121139,-0.007338762,-0.008555731],"unit":"S"},"power":{"value":[-0.214398365,-0.107401409,7.171721e-6,0.107410622,0.214792013,0.321634312,0.429084439,0.534999856,0.64194168,0.748354971,0.855130317,0.960612009,1.064934,1.167105,1.270821,1.371541,1.467811,1.556963,1.634323,1.694235,1.716175,1.668709,1.497347,1.114398,0.43779594,-0.612261892,-2.072087,-3.950125,-6.237568,-8.92443,-11.997736,-15.430518,-19.251018],"unit":"mW"},"J":{"value":[0.022811458,0.022859015,0.02285743,0.022846809,0.022846968,0.022809081,0.022821921,0.02276517,0.022764219000000002,0.022745196,0.022742659,0.022708419,0.02265785,0.022573357000000002,0.022531665,0.022446221000000002,0.022306246000000002,0.022084154999999998,0.021732074999999997,0.021204035,0.020284919,0.018686056,0.015928549,0.011290483,0.004233832,-0.005663709,-0.018369326999999998,-0.033617337,-0.051043294,-0.070324604,-0.091167048,-0.113207134,-0.13652982900000002],"unit":"A\/cm2"},"power_density":{"value":[-2.280834,-1.142568,7.6294904e-5,1.142666,2.285021,3.421642,4.564728,5.691488,6.829167,7.961223,9.097131,10.219277,11.329087,12.416007,13.519368,14.590865,15.615011,16.563432,17.386411,18.023777,18.257184,17.752222,15.929221,11.8553,4.657404,-6.513424,-22.043474,-42.022609,-66.357107,-94.94074,-127.635484,-164.154452,-204.798063],"unit":"mW\/cm2"},"timestamps":{"value":[0.083,0.172,0.263,0.352,0.44,0.531,0.617,0.703,0.79,0.883,0.968,1.059,1.145,1.231,1.317,1.405,1.491,1.578,1.668,1.756,1.841,1.929,2.027,2.109,2.197,2.284,2.371,2.46,2.547,2.636,2.727,2.812,2.909],"unit":"s"},"p_max":{"unit":"mW","value":1.716175},"v_p_max":{"unit":"V","value":0.900037289},"i_p_max":{"unit":"mA","value":1.906782},"j_p_max":{"unit":"mA\/cm2","value":20.284919},"voc":{"unit":"V","value":1.121426},"isc":{"unit":"mA","value":2.148598},"jsc":{"unit":"mA\/cm2","value":22.85743},"fill_factor":{"unit":"%","value":71.225558},"efficiency":{"unit":"%","value":18.257184},"r_s":{"unit":"ohms","value":37.257975},"r_sh":{"unit":"ohms","value":5822.914},"cell_dimension":{"value":0.09399999772044385,"unit":"cm2"},"sweep_direction":{"unit":"","value":"Forward"},"key":"forward11_1cell_230102"}]}}