{"_id":"6530d5c96499622b4e49c9e6","id":"KAIST-SC-00075","author":105,"group":12,"input":[{"tco":{"unit":"","value":"ITO"}},{"etl":[{"material":{"unit":"","value":"SnO2"},"concentration":{"unit":"","value":"5"},"conc_unit":{"unit":"","value":"wt%"},"quantity":{"unit":"ml","value":"0.4"}}],"solvent":[{"material":{"unit":"","value":"DI Water"},"volume":{"unit":"ml","value":"0.8"}}],"spin_coating":[{"type":{"unit":"","value":"drop&run"},"rpm":{"unit":"","value":"4000"},"time":{"unit":"s","value":"30"}}],"annealing":[{"temperature":{"unit":"oC","value":"150"},"time":{"unit":"m","value":"30"}}]},{"perovskite":{"method":{"unit":"","value":"1-step"},"molarity":{"unit":"M","value":"1.8"},"a_site":[{"material":{"unit":"","value":"FA"},"ratio":{"unit":"","value":"97.5"}},{"material":{"unit":"","value":"MA"},"ratio":{"unit":"","value":"2.5"}}],"b_site":[{"material":{"unit":"","value":"Pb"},"ratio":{"unit":"","value":"100"}}],"x_site":[{"material":{"unit":"","value":"I"},"ratio":{"unit":"","value":"97.5"}},{"material":{"unit":"","value":"Br"},"ratio":{"unit":"","value":"2.5"}}],"solvent":[{"material":{"unit":"","value":"DMF"},"volume":{"unit":"ml","value":"0.8"}},{"material":{"unit":"","value":"DMSO"},"volume":{"unit":"ml","value":"0.1"}}],"additive":[{"material":{"unit":"","value":"MACl"},"solvent":{"unit":"","value":"None"},"concentration":{"unit":"","value":"47.62"},"conc_unit":{"unit":"","value":"mg\/ml"},"quantity":{"unit":"mol%","value":"35"}}],"stirring_time":[{"unit":"m","value":"20"}],"antisolvent":[{"material":{"unit":"","value":"DEE"},"quantity":{"unit":"ul","value":"1000"},"dripping_time":{"unit":"s","value":"28"}}],"spin_coating":[{"type":{"unit":"","value":"drop&run"},"rpm":{"unit":"","value":"5000"},"time":{"unit":"s","value":"15"}}],"annealing":[{"temperature":{"unit":"oC","value":"150"},"time":{"unit":"m","value":"20"}}],"atmosphere":[{"type":{"unit":"","value":"Air"},"temperature":{"unit":"oC","value":"22"},"humidity":{"unit":"RH%","value":"19"}}]}},{"perovskite_treatment":[{"material":{"unit":"","value":"OAI"},"concentration":{"unit":"","value":"2.5"},"conc_unit":{"unit":"","value":"mg\/ml"},"quantity":{"unit":"ml","value":"0.4"}}],"solvent":[{"material":{"unit":"","value":"CF"},"volume":{"unit":"ml","value":"0.8"}}],"spin_coating":[{"type":{"unit":"","value":"drop&run"},"rpm":{"unit":"","value":"5000"},"time":{"unit":"s","value":"5"}}],"annealing":[{"temperature":{"unit":"oC","value":"100"},"time":{"unit":"m","value":"3"}}]},{"htl":[{"material":{"unit":"","value":"Spiro-OMeTAD"},"concentration":{"unit":"","value":"91"},"conc_unit":{"unit":"","value":"mg\/ml"},"quantity":{"unit":"ml","value":"0.08"}}],"solvent":[{"material":{"unit":"","value":"CB"},"volume":{"unit":"ml","value":"1.1"}}],"htl_doping":[{"material":{"unit":"","value":"tBP"},"volume":{"unit":"ul","value":"39"}},{"material":{"unit":"","value":"Li-TFSI"},"volume":{"unit":"ul","value":"23"}},{"material":{"unit":"","value":"Co-TFSI"},"volume":{"unit":"ul","value":"10"}}],"spin_coating":[{"type":{"unit":"","value":"dynamic"},"rpm":{"unit":"","value":"2000"},"time":{"unit":"s","value":"30"}}]},{"anode_metal":{"unit":"","value":"Au"}},{"note":{"unit":"","value":"-"},"ar":{"unit":"","value":"0"},"type":{"unit":"","value":"unit_cell"},"device_type":{"unit":"","value":"n-i-p"},"temperature":{"unit":"oC","value":"22"},"humidity":{"unit":"%","value":"19"},"cell_dimension":{"unit":"cm2","value":"0.0955"}}],"fileinfo":[{"key":"forward24_2cell_231019","uploadType":"JV","original_name":"forward24_2cell_231019.csv","save_name":"KAIST-SC-00075\/forward24_2cell_231019","uploader":105,"fileType":""},{"key":"reverse24_1cell_231019","uploadType":"JV","original_name":"reverse24_1cell_231019.csv","save_name":"KAIST-SC-00075\/reverse24_1cell_231019","uploader":105,"fileType":""},{"key":"forward24_1cell_231019","uploadType":"JV","original_name":"forward24_1cell_231019.csv","save_name":"KAIST-SC-00075\/forward24_1cell_231019","uploader":105,"fileType":""},{"key":"reverse24_4cell_231019","uploadType":"JV","original_name":"reverse24_4cell_231019.csv","save_name":"KAIST-SC-00075\/reverse24_4cell_231019","uploader":105,"fileType":""},{"key":"forward24_4cell_231019","uploadType":"JV","original_name":"forward24_4cell_231019.csv","save_name":"KAIST-SC-00075\/forward24_4cell_231019","uploader":105,"fileType":""},{"key":"reverse24_3cell_231019","uploadType":"JV","original_name":"reverse24_3cell_231019.csv","save_name":"KAIST-SC-00075\/reverse24_3cell_231019","uploader":105,"fileType":""},{"key":"forward24_3cell_231019","uploadType":"JV","original_name":"forward24_3cell_231019.csv","save_name":"KAIST-SC-00075\/forward24_3cell_231019","uploader":105,"fileType":""},{"key":"reverse24_2cell_231019","uploadType":"JV","original_name":"reverse24_2cell_231019.csv","save_name":"KAIST-SC-00075\/reverse24_2cell_231019","uploader":105,"fileType":""}],"jvcnt":8,"updated_at":"2024-08-19 05:45:28","created_at":"2023-10-19 07:07:53","analysisInfo":{"JV":[{"efficiency":20.832628,"fill_factor":78.132314,"jsc":22.563306,"voc":1.181709,"key":"reverse24_4cell_231019","cell_dimension":0.09550000330711891},{"efficiency":19.880956,"fill_factor":74.714679,"jsc":22.695086,"voc":1.172464,"key":"reverse24_3cell_231019","cell_dimension":0.09550000199928824},{"efficiency":21.343356,"fill_factor":78.430629,"jsc":23.108918,"voc":1.177599,"key":"reverse24_2cell_231019","cell_dimension":0.09550000020967095},{"efficiency":22.082791,"fill_factor":81.074139,"jsc":23.047688,"voc":1.181801,"key":"reverse24_1cell_231019","cell_dimension":0.0954999975492015},{"efficiency":21.273898,"fill_factor":79.504854,"jsc":22.621044,"voc":1.18288,"key":"forward24_4cell_231019","cell_dimension":0.09549999080560302},{"efficiency":20.726799,"fill_factor":76.941372,"jsc":22.905021,"voc":1.176093,"key":"forward24_3cell_231019","cell_dimension":0.09549999582917053},{"efficiency":22.211683,"fill_factor":81.024669,"jsc":23.194808,"voc":1.18188,"key":"forward24_2cell_231019","cell_dimension":0.09550000256269825},{"efficiency":22.307494,"fill_factor":81.76162,"jsc":23.08111,"voc":1.182074,"key":"forward24_1cell_231019","cell_dimension":0.09549998137417207}]},"public":2,"tags":[],"analysis":{"JV":[{"V":{"value":[1.500244,1.484224,1.46823,1.452259,1.436247,1.420248,1.404248,1.388235,1.372228,1.356224,1.340216,1.32424,1.308228,1.292223,1.276222,1.260231,1.244202,1.228206,1.212234,1.196222,1.180221,1.1642,1.148204,1.132195,1.116178,1.100217,1.084214,1.068209,1.052201,1.036191,1.020195,1.004177,0.988195896,0.972198486,0.956190109,0.940181732,0.924180269,0.908171892,0.892170429,0.876170158,0.860190392,0.844165802,0.828169823,0.812170982,0.796157122,0.780147552,0.764151335,0.748174429,0.732172966,0.716167212,0.700156212,0.684138298,0.668131351,0.652127028,0.636161089,0.620141745,0.604126692,0.588142872,0.572138548,0.556133032,0.540120602,0.524136782,0.508137941,0.492133617,0.476119995,0.460118532,0.444115639,0.428105831,0.412131548,0.396127462,0.380125761,0.364114761,0.348100901,0.332093954,0.316088438,0.300080061,0.284111261,0.268105745,0.25209856,0.236098528,0.220076561,0.204086542,0.188087225,0.172085285,0.156072378,0.140070438,0.124075174,0.108077526,0.092074156,0.076066732,0.060072899,0.044077635,0.028060675,0.012008071,-0.003991187,-0.019995064,-0.035937548,-0.051939487,-0.067948341,-0.083948851,-0.099949598,-0.115947485,-0.131939888,-0.147941828,-0.163945198,-0.179954052,-0.195950747,-0.199946642],"unit":"V"},"I":{"value":[-0.012417153,-0.012205407,-0.011665881000000001,-0.011003256000000001,-0.010303676,-0.009596795,-0.008877024,-0.008161142,-0.007444486,-0.006728187,-0.0060231830000000005,-0.005324706,-0.00463295,-0.003963739,-0.00330624,-0.002667964,-0.002057359,-0.001471579,-0.0009247064590000001,-0.000420629978,4.3138862e-5,0.00045144558000000004,0.000802800059,0.001097977,0.0013280359999999999,0.001514956,0.001654223,0.001759991,0.001841128,0.0019012690000000001,0.0019497420000000002,0.001981169,0.002013281,0.002033249,0.0020485069999999998,0.002063483,0.002076939,0.002088249,0.002093241,0.0021085739999999998,0.002107665,0.002118275,0.00211668,0.002126321,0.002127439,0.002132848,0.002133682,0.0021368710000000003,0.002139643,0.00213708,0.002144635,0.002139434,0.002142832,0.002141938,0.002143741,0.0021464379999999996,0.002144217,0.002143249,0.002148107,0.002142414,0.00215137,0.002145395,0.002150252,0.002144918,0.0021519810000000003,0.0021449769999999997,0.0021524730000000002,0.002145886,0.00214678,0.002149701,0.002148941,0.002149701,0.002148166,0.002154693,0.00215067,0.00215137,0.0021510120000000003,0.0021504609999999998,0.00214991,0.0021463040000000004,0.002152264,0.002152756,0.002154976,0.00215511,0.002153382,0.002154067,0.002152681,0.002150044,0.002156705,0.002154484,0.002158582,0.00215213,0.002153859,0.0021569880000000003,0.002154067,0.002152398,0.002156422,0.002155036,0.002160028,0.002154559,0.002158508,0.002156213,0.0021566299999999997,0.002158716,0.002151296,0.0021582249999999997,0.0021494179999999997,0.002160028],"unit":"A"},"resistance":{"value":[-120.820323,-121.603797,-125.856806,-131.984486,-139.391671,-147.991889,-158.188996,-170.103034,-184.328124,-201.573473,-222.509524,-248.697273,-282.37464,-326.011203,-386.003984,-472.357007,-604.757169,-834.618008,-1310.939,-2843.883,27358.646,2578.828,1430.249,1031.164,840.472605,726.236989,655.422338,606.93998,571.497815,544.999561,523.245917,506.860779,490.838538,478.150342,466.774072,455.628533,444.972328,434.896418,426.214942,415.527363,408.124828,398.515761,391.258842,381.960629,374.232682,365.777396,358.137343,350.12612,342.194012,335.114861,326.468747,319.775337,311.798335,304.456593,296.752822,288.916714,281.746928,274.416503,266.345498,259.582375,251.058902,244.307859,236.315479,229.44171,221.247305,214.509729,206.328114,199.500694,191.976567,184.270948,176.889795,169.379249,162.045602,154.125879,146.972098,139.483238,132.082576,124.67361,117.260067,110.002388,102.25351,94.802456,87.280422,79.849876,72.477804,65.026031,57.637501,50.267592,42.692056,35.306235,27.829794,20.480935,13.028095,5.567056,-1.852861,-9.289667,-16.665363,-24.101451,-31.457163,-38.963358,-46.304953,-53.773671,-61.178727,-68.532315,-76.207659,-83.380596,-91.16456,-92.566706],"unit":"ohms"},"conductance":{"value":[-0.008276753,-0.008223427,-0.007945538,-0.007576648,-0.00717403,-0.006757127,-0.006321552,-0.00587879,-0.005425108,-0.00496097,-0.00449419,-0.004020953,-0.003541395,-0.003067379,-0.002590647,-0.002117043,-0.001653556,-0.001198153,-0.000762812136,-0.000351631947,3.6551517e-5,0.000387773115,0.000699178889,0.000969777846,0.001189807,0.001376961,0.001525734,0.001647609,0.001749788,0.001834864,0.001911147,0.001972928,0.00203733,0.002091392,0.002142364,0.00219477,0.002247331,0.002299398,0.002346234,0.00240658,0.002450231,0.002509311,0.002555853,0.002618071,0.002672134,0.002733903,0.002792225,0.002856114,0.002922319,0.002984051,0.00306308,0.003127196,0.003207201,0.00328454,0.003369808,0.003461205,0.003549284,0.003644096,0.003754522,0.003852342,0.003983129,0.004093196,0.004231631,0.004358405,0.004519829,0.004661793,0.004846649,0.005012514,0.005208969,0.005426791,0.005653237,0.005903911,0.006171102,0.006488203,0.006804013,0.00716932,0.007571021,0.008020944,0.008528052,0.009090712,0.009779615,0.01054825,0.011457323,0.012523501,0.013797327,0.015378457,0.017349815,0.019893533,0.023423562,0.028323609,0.035932713,0.048825896,0.07675719,0.179628168,-0.539705948,-0.107646481,-0.060004694,-0.041491278,-0.031789262,-0.025665139,-0.021595962,-0.018596461,-0.016345551,-0.014591656,-0.013122041,-0.011993198,-0.010969175,-0.01080302],"unit":"S"},"power":{"value":[-18.628763,-18.115556,-17.128202,-15.979578,-14.79862,-13.629827,-12.465539,-11.329584,-10.215533,-9.124929,-8.072365,-7.051189,-6.060953,-5.122035,-4.219495,-3.362251,-2.55977,-1.807403,-1.12096,-0.503166962,0.050913384,0.525573082,0.92177831,1.243124,1.482325,1.666781,1.793532,1.880038,1.937236,1.970077,1.989117,1.989444,1.989516,1.976721,1.958762,1.940049,1.919466,1.896489,1.867527,1.84747,1.812993,1.788175,1.752971,1.726936,1.693776,1.663936,1.630456,1.598752,1.566589,1.530507,1.501579,1.463669,1.431693,1.396815,1.363764,1.331096,1.295379,1.260537,1.229015,1.191467,1.161999,1.12448,1.092625,1.055586,1.024601,0.986943876,0.955946803,0.91866649,0.884755967,0.851555649,0.816867894,0.78273791,0.747778623,0.715560521,0.679801824,0.645583255,0.611126852,0.57655097,0.541989149,0.506739133,0.473662885,0.439348499,0.40532348,0.37086276,0.336083404,0.301721131,0.267094314,0.23237142,0.198576761,0.163884588,0.129672291,0.094860801,0.060438724,0.025901262,-0.008597284,-0.043037339,-0.077496502,-0.111931451,-0.146770294,-0.180872743,-0.215741978,-0.250007466,-0.284545542,-0.319364438,-0.352694574,-0.388381259,-0.421180061,-0.43189027],"unit":"mW"},"J":{"value":[-0.13002254,-0.127805309,-0.122155819,-0.115217339,-0.107891897,-0.100489998,-0.092953131,-0.085456989,-0.077952733,-0.07045222200000001,-0.063069984,-0.055756087999999995,-0.048512563999999994,-0.041505117,-0.034620312,-0.027936791,-0.021543022000000002,-0.015409205,-0.00968279,-0.004404502,0.000451715829,0.004727179,0.008406283,0.011497143,0.013906138,0.015863417,0.017321703,0.018429226,0.019278826,0.019908574999999998,0.020416151,0.020745225000000003,0.021081476,0.021290561,0.021450339,0.021607151999999998,0.021748049999999998,0.021866479,0.02191875,0.022079308000000002,0.022069790000000002,0.022180886,0.02216419,0.022265142999999998,0.022276846,0.022333486,0.022342224,0.022375615,0.022404637,0.022377799,0.022456907999999998,0.022402453000000003,0.022438028,0.022428666,0.022447546,0.022475788,0.022452539,0.022442397,0.022493264,0.022433658999999998,0.022527435000000002,0.022464866,0.022515733,0.022459873,0.022533832,0.022460497,0.022538982,0.022470015,0.022479377,0.022509959,0.022502002,0.022509959,0.022493887999999997,0.02256223,0.022520102,0.022527435000000002,0.02252369,0.022517917000000002,0.022512143999999998,0.022474384,0.022536797,0.022541946,0.022565195,0.022566599,0.0225485,0.022555677,0.022541166,0.022513548,0.022583295,0.022560046,0.022602955,0.022535393,0.022553493,0.02258626,0.022555677,0.022538201,0.02258033,0.022565819,0.02261809,0.022560826,0.022602175,0.022578146,0.022582515,0.022604358999999997,0.022526655000000003,0.022599209999999998,0.022506995,0.02261809],"unit":"A\/cm2"},"power_density":{"value":[-195.065584,-189.691687,-179.352897,-167.325424,-154.959373,-142.720698,-130.529205,-118.634391,-106.968935,-95.548999,-84.527382,-73.834441,-63.465472,-53.633876,-44.183196,-35.206817,-26.803879,-18.925684,-11.737803,-5.268764,0.533124436,5.503383,9.652129,13.017002,15.521726,17.453207,18.78044,19.686263,20.285191,20.629082,20.828451,20.831875,20.832628,20.698651,20.510602,20.314649,20.099118,19.858521,19.555261,19.345231,18.984221,18.724345,18.355713,18.083103,17.73587,17.423414,17.07284,16.740863,16.40407,16.026246,15.723344,15.326376,14.99155,14.626339,14.280255,13.938174,13.564178,13.199336,12.869263,12.476099,12.167532,11.774662,11.441098,11.053258,10.728808,10.334491,10.009914,9.619544,9.26446,8.916813,8.553591,8.196208,7.830143,7.49278,7.118344,6.760034,6.399234,6.037183,5.675279,5.306169,4.959821,4.600508,4.244225,3.88338,3.519198,3.159384,2.796799,2.433209,2.079338,1.716069,1.357825,0.993306812,0.632866218,0.271217407,-0.090023916,-0.450652768,-0.811481696,-1.172057,-1.536862,-1.893955,-2.259078,-2.617879,-2.979534,-3.34413,-3.693137,-4.066819,-4.410262,-4.522411],"unit":"mW\/cm2"},"timestamps":{"value":[0.018,0.04,0.07,0.095,0.118,0.141,0.164,0.188,0.211,0.234,0.256,0.277,0.299,0.322,0.344,0.366,0.405,0.435,0.465,0.489,0.518,0.54,0.562,0.587,0.61,0.631,0.654,0.676,0.7,0.723,0.745,0.767,0.79,0.812,0.834,0.858,0.88,0.902,0.925,0.946,0.97,0.991,1.011,1.033,1.055,1.077,1.099,1.123,1.145,1.168,1.189,1.209,1.232,1.254,1.289,1.312,1.336,1.358,1.379,1.401,1.422,1.444,1.467,1.489,1.511,1.532,1.553,1.576,1.602,1.623,1.646,1.667,1.689,1.713,1.737,1.759,1.783,1.805,1.828,1.85,1.875,1.899,1.921,1.943,1.965,1.991,2.015,2.043,2.066,2.088,2.11,2.146,2.172,2.197,2.22,2.242,2.266,2.288,2.314,2.335,2.356,2.378,2.398,2.427,2.448,2.469,2.493,2.515],"unit":"s"},"p_max":{"unit":"mW","value":1.989516},"v_p_max":{"unit":"V","value":0.988195896},"i_p_max":{"unit":"mA","value":2.013281},"j_p_max":{"unit":"mA\/cm2","value":21.081476},"voc":{"unit":"V","value":1.181709},"isc":{"unit":"mA","value":2.154796},"jsc":{"unit":"mA\/cm2","value":22.563306},"fill_factor":{"unit":"%","value":78.132314},"efficiency":{"unit":"%","value":20.832628},"r_s":{"unit":"ohms","value":29.59452},"r_sh":{"unit":"ohms","value":8689.71},"cell_dimension":{"value":0.09550000330711891,"unit":"cm2"},"sweep_direction":{"unit":"","value":"Reverse"},"key":"reverse24_4cell_231019"},{"V":{"value":[1.500242,1.484232,1.468233,1.452265,1.436247,1.420256,1.40425,1.388238,1.372228,1.356224,1.340216,1.32424,1.308223,1.292222,1.276225,1.260234,1.244223,1.22819,1.212229,1.196232,1.180222,1.164206,1.148211,1.132192,1.116177,1.100219,1.084213,1.06821,1.052197,1.03619,1.020196,1.004173,0.988194466,0.972195625,0.956194162,0.940185785,0.924182892,0.908181429,0.89218545,0.876179695,0.860190392,0.844169855,0.828169823,0.812166929,0.796154499,0.780148745,0.764152765,0.748174429,0.732172966,0.716161728,0.700157642,0.684138298,0.668127298,0.652133942,0.636166573,0.620154142,0.604148388,0.588137388,0.572141409,0.556148052,0.540120602,0.524135351,0.508139372,0.492128372,0.476124048,0.460114241,0.444116831,0.428109884,0.412130117,0.396124601,0.380125761,0.364112139,0.348099709,0.332089901,0.316088438,0.300080061,0.284108639,0.268104315,0.252097368,0.236091614,0.220087528,0.204068661,0.188081741,0.172081232,0.156075001,0.140074492,0.124076605,0.108074665,0.092070103,0.076070786,0.060071468,0.044073582,0.028063536,0.012009919,-0.003993869,-0.019992381,-0.035937548,-0.051940918,-0.06793189,-0.083938122,-0.099949598,-0.115942001,-0.131948233,-0.147943258,-0.163950682,-0.179949999,-0.195946455,-0.19994545],"unit":"V"},"I":{"value":[-0.010460972999999998,-0.010228902,-0.009769708,-0.009224296,-0.008665562,-0.008089915,-0.007508293,-0.006933406,-0.006359905000000001,-0.005785018,-0.00521262,-0.004644737,-0.0040888489999999994,-0.003535807,-0.003001079,-0.002478838,-0.001970038,-0.0014831570000000001,-0.001022637,-0.000583902001,-0.00017997622499999998,0.000191569328,0.000520512462,0.000812515616,0.0010547640000000001,0.001260832,0.001431867,0.001562878,0.00167495,0.001752496,0.0018265690000000001,0.00187394,0.00191839,0.001952931,0.0019798430000000002,0.002002656,0.002022922,0.002042606,0.002049059,0.002070352,0.002073541,0.002089292,0.002093166,0.002103716,0.002108708,0.002114534,0.002121672,0.002127916,0.002130762,0.002138123,0.002137974,0.002140537,0.0021485840000000003,0.002145812,0.002149284,0.0021480320000000002,0.002157047,0.0021510120000000003,0.0021431740000000003,0.002156705,0.002148733,0.0021517719999999997,0.002153099,0.0021497609999999996,0.002156422,0.0021533069999999997,0.002156079,0.002157047,0.002158999,0.002156571,0.002158165,0.0021591930000000002,0.002158999,0.0021596099999999997,0.002157539,0.002163425,0.002155378,0.002161205,0.002162322,0.002156705,0.00216274,0.0021591930000000002,0.002170578,0.0021591930000000002,0.0021611449999999997,0.002168775,0.002163082,0.0021626650000000002,0.002168491,0.0021646770000000003,0.00216794,0.00216496,0.002161771,0.002168432,0.0021670310000000003,0.002169535,0.002172723,0.002163365,0.002174735,0.002165928,0.002168283,0.0021683569999999997,0.0021714720000000002,0.0021759870000000003,0.0021675970000000003,0.002176121,0.0021704289999999998,0.0021723059999999997],"unit":"A"},"resistance":{"value":[-143.413217,-145.101785,-150.284238,-157.439073,-165.741897,-175.558818,-187.026588,-200.224529,-215.762365,-234.437302,-257.109804,-285.105501,-319.949096,-365.467339,-425.255259,-508.397038,-631.573094,-828.091507,-1185.396,-2048.686,-6557.657,6077.203,2205.924,1393.44,1058.224,872.613334,757.202069,683.489069,628.195723,591.265084,558.531298,535.861703,515.116459,497.813534,482.964693,469.469329,456.855417,444.618893,435.412348,423.203161,414.841218,404.045931,395.654133,386.062984,377.555589,368.945879,360.165357,351.599669,343.620289,334.948811,327.486524,319.610606,310.961752,303.910113,295.990016,288.70803,280.081184,273.42352,266.959799,257.86936,251.367069,243.583083,236.003765,228.922394,220.793587,213.677937,205.983579,198.470319,190.889404,183.682653,176.133783,168.633426,161.231958,153.773061,146.504151,138.70601,131.813806,124.053173,116.586392,109.46868,101.763303,94.511535,86.650547,79.697007,72.218655,64.586929,57.361017,49.972908,42.458134,35.141868,27.709007,20.35769,12.981733,5.538527,-1.843014,-9.215055,-16.540323,-24.009313,-31.236858,-38.753875,-46.096199,-53.469969,-60.764426,-67.989043,-75.637054,-82.693016,-90.280073,-92.042941],"unit":"ohms"},"conductance":{"value":[-0.006972858,-0.006891714,-0.006654058,-0.006351663,-0.006033477,-0.005696097,-0.005346833,-0.004994393,-0.004634729,-0.004265533,-0.003889389,-0.003507474,-0.003125497,-0.002736223,-0.002351529,-0.001966967,-0.001583348,-0.001207596,-0.000843600076,-0.000488117755,-0.0001524935,0.000164549369,0.000453324747,0.000717648475,0.000944979306,0.001145983,0.001320651,0.001463081,0.001591861,0.001691289,0.00179041,0.001866153,0.001941309,0.002008784,0.002070545,0.002130065,0.002188876,0.002249117,0.002296673,0.002362931,0.002410561,0.002474966,0.00252746,0.002590251,0.002648617,0.002710425,0.002776502,0.002844144,0.002910189,0.002985531,0.003053561,0.003128807,0.00321583,0.003290447,0.003378492,0.003463707,0.003570393,0.00365733,0.003745882,0.003877933,0.003978246,0.004105375,0.004237221,0.004368293,0.004529117,0.00467994,0.004854756,0.005038537,0.005238635,0.005444172,0.005677503,0.005930022,0.006202244,0.00650309,0.006825745,0.007209493,0.007586459,0.008061059,0.00857733,0.009135033,0.009826725,0.010580719,0.011540608,0.012547523,0.013846838,0.015483009,0.017433443,0.020010843,0.023552613,0.028456086,0.036089348,0.049121488,0.077031315,0.180553419,-0.54258947,-0.108518066,-0.06045831,-0.041650505,-0.032013463,-0.025803871,-0.021693763,-0.018702087,-0.016456997,-0.014708252,-0.013221033,-0.01209292,-0.011076641,-0.010864494],"unit":"S"},"power":{"value":[-15.693988,-15.182063,-14.344209,-13.396117,-12.445884,-11.489749,-10.543523,-9.625217,-8.727241,-7.845781,-6.986035,-6.150746,-5.349128,-4.569048,-3.830051,-3.123916,-2.451166,-1.821599,-1.239671,-0.698482167,-0.212411949,0.223026121,0.597658135,0.919923403,1.177303,1.387191,1.552449,1.669483,1.762377,1.815918,1.863459,1.88176,1.895743,1.898631,1.893114,1.882869,1.86955,1.855057,1.82814,1.814001,1.78364,1.763717,1.733497,1.708569,1.678857,1.649651,1.621282,1.592052,1.560086,1.531242,1.496919,1.464423,1.435527,1.399357,1.367303,1.332111,1.303177,1.265091,1.226199,1.199447,1.160575,1.12782,1.094074,1.057958,1.026724,0.990767307,0.957550891,0.923453309,0.889788694,0.854270651,0.820374105,0.786188439,0.751547077,0.717184801,0.681973173,0.649200732,0.612361641,0.579428336,0.545115787,0.509179885,0.47599202,0.440623656,0.408246023,0.371556619,0.33730074,0.30379,0.268387915,0.233729309,0.199653233,0.164668663,0.130231348,0.095417537,0.060666939,0.026042691,-0.008654838,-0.043374162,-0.078082351,-0.112367189,-0.147733865,-0.181803969,-0.216719002,-0.251403693,-0.286521855,-0.321922572,-0.355379073,-0.391592949,-0.425287797,-0.434342736],"unit":"mW"},"J":{"value":[-0.10953898200000001,-0.10710892300000001,-0.102300606,-0.096589483,-0.090738866,-0.084711151,-0.07862086700000001,-0.07260111000000001,-0.066595864,-0.060576107,-0.054582407000000006,-0.048635986000000006,-0.042815171,-0.037024158,-0.031424911,-0.025956419,-0.020628668000000003,-0.015530443,-0.01070824,-0.006114156999999999,-0.001884568,0.0020059619999999996,0.005450392,0.008508017000000001,0.011044647,0.013202429,0.014993377,0.01636522,0.017538744999999998,0.018350741,0.019126382,0.019622411,0.020087858,0.020449542,0.020731338000000002,0.020970225,0.02118243,0.021388549,0.021456112,0.021679083,0.021712474,0.021877400999999998,0.021917970000000002,0.022028441,0.022080712,0.022141721,0.022216461,0.022281839,0.022311641,0.022388722,0.022387161,0.022413999,0.022498256999999997,0.022469235,0.022505590000000002,0.022492484,0.022586884,0.02252369,0.022441617,0.022583295,0.022499817000000002,0.022531648,0.022545535000000002,0.022510583,0.02258033,0.022547719,0.022576742,0.022586884,0.022607323999999998,0.022581891,0.022598586,0.022609352000000003,0.022607323999999998,0.022613721000000003,0.022592033,0.022653666000000003,0.022569408,0.022630417,0.022642119000000002,0.022583295,0.022646488000000003,0.022609352000000003,0.022728562,0.022609352000000003,0.022629793,0.022709682000000002,0.022650077,0.022645708,0.022706717,0.022666772999999998,0.022700944,0.022669737000000002,0.022636345999999998,0.022706093,0.022691426,0.022717638999999998,0.02275103,0.022653041999999998,0.022772095,0.022679879,0.022704533000000002,0.022705313,0.022737924,0.022785202,0.022697355000000002,0.022786605999999997,0.022727001,0.022746662],"unit":"A\/cm2"},"power_density":{"value":[-164.334955,-158.974485,-150.201137,-140.273482,-130.32339,-120.311512,-110.403383,-100.787616,-91.384719,-82.154774,-73.152198,-64.405716,-56.011812,-47.843433,-40.105244,-32.711158,-25.666661,-19.074334,-12.980844,-7.313949,-2.224209,2.335352,6.2582,9.632706,12.327777,14.52556,16.256014,17.481497,18.454206,19.014846,19.512662,19.704291,19.85071,19.880956,19.823184,19.715907,19.576439,19.424683,19.142831,18.994772,18.676862,18.468243,18.151801,17.890771,17.579658,17.273836,16.97677,16.670702,16.335981,16.033946,15.674542,15.334275,15.0317,14.652951,14.317304,13.948807,13.645829,13.247024,12.839778,12.559655,12.152615,11.809633,11.456274,11.078097,10.751038,10.374527,10.026711,9.669668,9.317159,8.945242,8.590305,8.23234,7.869603,7.509788,7.14108,6.797913,6.412164,6.067312,5.708019,5.331727,4.98421,4.61386,4.274827,3.890645,3.531945,3.181047,2.810345,2.447427,2.09061,1.724279,1.363679,0.999136517,0.635255909,0.27269833,-0.090626578,-0.45417971,-0.817616243,-1.17662,-1.546951,-1.903706,-2.269309,-2.632499,-3.000229,-3.370917,-3.721247,-4.10045,-4.453275,-4.548091],"unit":"mW\/cm2"},"timestamps":{"value":[0.018,0.04,0.068,0.091,0.115,0.137,0.158,0.183,0.22,0.248,0.271,0.294,0.317,0.34,0.368,0.398,0.421,0.445,0.467,0.488,0.511,0.537,0.557,0.579,0.602,0.625,0.647,0.672,0.694,0.716,0.74,0.761,0.785,0.805,0.828,0.85,0.873,0.894,0.917,0.938,0.959,0.982,1.003,1.024,1.052,1.075,1.11,1.135,1.158,1.18,1.202,1.224,1.247,1.271,1.292,1.314,1.339,1.368,1.393,1.415,1.438,1.471,1.494,1.518,1.54,1.562,1.585,1.607,1.629,1.65,1.67,1.692,1.713,1.735,1.756,1.78,1.802,1.823,1.846,1.868,1.891,1.916,1.939,1.975,1.999,2.022,2.046,2.08,2.101,2.122,2.145,2.167,2.202,2.226,2.249,2.271,2.296,2.317,2.339,2.361,2.386,2.408,2.43,2.453,2.483,2.505,2.526,2.547],"unit":"s"},"p_max":{"unit":"mW","value":1.898631},"v_p_max":{"unit":"V","value":0.972195625},"i_p_max":{"unit":"mA","value":1.952931},"j_p_max":{"unit":"mA\/cm2","value":20.449542},"voc":{"unit":"V","value":1.172464},"isc":{"unit":"mA","value":2.167381},"jsc":{"unit":"mA\/cm2","value":22.695086},"fill_factor":{"unit":"%","value":74.714679},"efficiency":{"unit":"%","value":19.880956},"r_s":{"unit":"ohms","value":36.12924},"r_sh":{"unit":"ohms","value":5679.411},"cell_dimension":{"value":0.09550000199928824,"unit":"cm2"},"sweep_direction":{"unit":"","value":"Reverse"},"key":"reverse24_3cell_231019"},{"V":{"value":[1.500228,1.484213,1.468241,1.452256,1.436249,1.420249,1.404246,1.388238,1.372226,1.356223,1.340216,1.324239,1.308228,1.292223,1.276225,1.260224,1.244206,1.228201,1.212231,1.196225,1.180224,1.164208,1.148201,1.132175,1.116178,1.100213,1.084219,1.06821,1.052198,1.036195,1.020192,1.004171,0.988198519,0.972193003,0.956195593,0.940193892,0.924178839,0.908169031,0.892171621,0.876167536,0.860190392,0.844168425,0.828171015,0.812180519,0.796157122,0.780148745,0.764147282,0.748170376,0.732170105,0.716163158,0.700157642,0.684143782,0.668125868,0.652129889,0.636161089,0.620154142,0.604145765,0.588142872,0.572139978,0.556134462,0.540122032,0.524134159,0.508137941,0.492132425,0.476119995,0.460130692,0.444119692,0.428109884,0.412130117,0.396124601,0.380127192,0.364116192,0.348099709,0.332091331,0.31608963,0.300081491,0.284108639,0.268102884,0.252095938,0.236095905,0.220079184,0.204083681,0.188089848,0.172083855,0.156076431,0.140077353,0.124065638,0.108067751,0.092071295,0.076069355,0.060070038,0.044079065,0.028064966,0.012007952,-0.003991187,-0.019993365,-0.035938978,-0.051938057,-0.067934752,-0.083939314,-0.099948168,-0.115947485,-0.131935835,-0.147944689,-0.163950682,-0.179948568,-0.195949316,-0.199944019],"unit":"V"},"I":{"value":[-0.018219024,-0.017629221,-0.016795561,-0.015843585,-0.014845981999999999,-0.013810158,-0.012770653,-0.011713117,-0.010660514,-0.0096156,-0.008571103,-0.00755316,-0.006555766,-0.005574942,-0.004634053,-0.0037298049999999997,-0.002873749,-0.002066582,-0.0013298840000000001,-0.000666365027,-8.003413700000001e-5,0.000408306718,0.000814169645,0.0011350210000000002,0.001379088,0.0015696730000000002,0.001704216,0.001813531,0.001890868,0.001945511,0.0019979480000000003,0.002024025,0.002056271,0.0020745840000000004,0.0020978150000000003,0.002105311,0.002126396,0.002133682,0.002139926,0.00215365,0.002148107,0.0021665540000000002,0.002160996,0.0021754950000000004,0.002176672,0.002184585,0.002176821,0.002189651,0.002184242,0.002193883,0.002185628,0.0021915140000000003,0.002194509,0.0021889509999999997,0.00219512,0.002191454,0.002199009,0.002189234,0.002201021,0.00219512,0.002196103,0.0021998440000000003,0.0021954030000000003,0.0021998440000000003,0.002194017,0.002200603,0.0021933169999999997,0.0021979060000000003,0.002197623,0.00220269,0.0022044929999999996,0.0021958950000000002,0.002206922,0.002197966,0.002200946,0.002204418,0.0021983239999999998,0.0022040750000000002,0.0022040009999999997,0.00220345,0.002207056,0.002203241,0.0022063549999999997,0.0022068469999999996,0.002208233,0.002205044,0.002199978,0.0022037330000000003,0.002204418,0.0022044929999999996,0.00221011,0.0022040750000000002,0.002211779,0.0022035239999999997,0.002208024,0.002205253,0.0022065039999999998,0.002208367,0.002204284,0.0022090670000000003,0.0022067130000000003,0.002207264,0.00220421,0.00220789,0.002205327,0.002201781,0.002212599,0.002207607],"unit":"A"},"resistance":{"value":[-82.344047,-84.190496,-87.418424,-91.662095,-96.743296,-102.840912,-109.958853,-118.519939,-128.720387,-141.043992,-156.364432,-175.322449,-199.553731,-231.791344,-275.401414,-337.879386,-432.955915,-594.314985,-911.531189,-1795.15,-14746.504,2851.308,1410.273,997.492556,809.359799,700.918596,636.197818,589.022415,556.462938,532.608298,510.620048,496.12604,480.577996,468.620616,455.80543,446.582043,434.622228,425.634595,416.917052,406.829135,400.441186,389.636397,383.235757,373.331361,365.768035,357.115351,351.038142,341.684739,335.205578,326.436341,320.346235,312.178636,304.453477,297.918937,289.806995,282.987502,274.73546,268.652368,259.943023,253.350386,245.945636,238.259746,231.45543,223.712468,217.008327,209.092958,202.487706,194.780765,187.534472,179.836774,172.432956,165.81678,157.730892,151.090296,143.615336,136.127298,129.23877,121.639612,114.381048,107.148312,99.71619,92.628851,85.249119,77.977245,70.679335,63.525875,56.394045,49.038502,41.76671,34.506513,27.179655,19.998891,12.688863,5.449431,-1.807583,-9.066247,-16.287744,-23.518762,-30.819418,-37.997626,-45.292781,-52.529951,-59.856303,-67.007269,-74.34302,-81.728653,-88.560703,-90.570476],"unit":"ohms"},"conductance":{"value":[-0.012144169,-0.011877825,-0.011439236,-0.010909635,-0.010336634,-0.009723757,-0.009094311,-0.008437399,-0.007768777,-0.007089986,-0.006395316,-0.005703776,-0.005011182,-0.004314225,-0.003631063,-0.002959636,-0.002309704,-0.001682609,-0.001097055,-0.000557056519,-6.7812684e-5,0.000350716172,0.000709082569,0.001002514,0.001235544,0.001426699,0.001571838,0.001697728,0.001797065,0.001877552,0.001958403,0.002015617,0.002080828,0.002133922,0.002193919,0.00223923,0.002300849,0.002349433,0.002398559,0.002458034,0.002497246,0.002566495,0.00260936,0.002678586,0.002733973,0.002800216,0.002848693,0.002926674,0.002983244,0.003063384,0.003121622,0.003203294,0.003284574,0.003356618,0.003450572,0.003533725,0.003639865,0.003722282,0.003846997,0.003947103,0.004065939,0.0041971,0.004320486,0.004470024,0.004608118,0.004782562,0.004938571,0.005133977,0.005332353,0.005560598,0.005799355,0.006030753,0.006339912,0.006618559,0.006963045,0.007346065,0.007737616,0.008221006,0.008742707,0.009332858,0.010028462,0.010795772,0.011730327,0.012824254,0.014148407,0.015741617,0.017732369,0.02039214,0.023942513,0.028980037,0.036792226,0.050002772,0.078809265,0.18350541,-0.553225012,-0.110299225,-0.061395856,-0.042519245,-0.032447076,-0.026317434,-0.022078573,-0.019036759,-0.016706678,-0.014923754,-0.013451162,-0.012235611,-0.01129169,-0.011041126],"unit":"S"},"power":{"value":[-27.332693,-26.165517,-24.659938,-23.008945,-21.322531,-19.613866,-17.933142,-16.260594,-14.62863,-13.040894,-11.487127,-10.002186,-8.576433,-7.204069,-5.914092,-4.700391,-3.575536,-2.538178,-1.612126,-0.797122616,-0.094458185,0.475354116,0.93483078,1.285043,1.539307,1.726976,1.847743,1.937233,1.989567,2.015928,2.038291,2.032468,2.032004,2.016896,2.005922,1.9794,1.96517,1.937744,1.909181,1.886958,1.847781,1.828937,1.789674,1.766895,1.732973,1.704301,1.663412,1.638232,1.599237,1.571178,1.530284,1.499311,1.466208,1.42748,1.39645,1.359039,1.328522,1.287582,1.259292,1.220782,1.186164,1.153013,1.115568,1.082614,1.044615,1.012565,0.974095189,0.940945444,0.905706729,0.872539559,0.837987614,0.799560823,0.768228758,0.729925449,0.695696274,0.661505096,0.624562728,0.590918987,0.555619686,0.52022543,0.485727014,0.449645532,0.414993038,0.379762751,0.344653107,0.30887673,0.272941628,0.23815244,0.202963636,0.167694337,0.132761417,0.097153586,0.062073513,0.026459811,-0.008812637,-0.044090421,-0.079299512,-0.11469829,-0.149747491,-0.185427597,-0.220556917,-0.255926745,-0.290814229,-0.326645622,-0.36156489,-0.396207281,-0.433557245,-0.441397823],"unit":"mW"},"J":{"value":[-0.19077512,-0.184599174,-0.175869746,-0.165901415,-0.15545531099999998,-0.144608982,-0.13372411299999998,-0.122650444,-0.111628421,-0.100686912,-0.08974977199999999,-0.079090683,-0.06864676300000001,-0.058376352,-0.04852411,-0.03905555300000001,-0.030091608000000002,-0.021639607,-0.013925485999999999,-0.006977644,-0.000838053788,0.004275463,0.008525337000000001,0.011885040999999999,0.014440708,0.016436371,0.017845193999999998,0.018989853,0.019799664,0.020371838,0.020920918,0.021193976,0.021531632,0.021723396000000002,0.021966652,0.022045137,0.022265924,0.022342224,0.022407602000000002,0.022551308,0.022493264,0.022686433000000002,0.022628232,0.022780052999999998,0.022792379,0.022875233000000002,0.02279394,0.022928284,0.022871644,0.022972598,0.022886155,0.022947788,0.022979151000000003,0.022920951,0.022985548,0.022947164,0.023026273,0.022923915,0.023047336999999998,0.022985548,0.022995846,0.023035011,0.022988513000000002,0.023035011,0.022974002,0.023042967999999997,0.022966668,0.023014726,0.023011762,0.023064813,0.023083693,0.022993662,0.023109126,0.023015351,0.023046557,0.023082913,0.023019095,0.023079324,0.023078544,0.023072771,0.023110531,0.023070585999999997,0.023103197000000002,0.023108346000000002,0.023122857,0.023089466000000003,0.023036415,0.023075735,0.023082913,0.023083693,0.023142517999999997,0.023079324,0.023159993,0.023073550999999998,0.023120673,0.023091650999999998,0.023104758,0.023124262000000003,0.023081509,0.023131595,0.023106942,0.023112715000000002,0.023080728000000002,0.023119268999999998,0.023092431,0.023055295,0.023168575,0.023116304],"unit":"A\/cm2"},"power_density":{"value":[-286.206208,-273.98447,-258.219251,-240.931359,-223.272575,-205.380794,-187.781595,-170.268001,-153.179369,-136.553869,-120.284052,-104.73493,-89.805586,-75.435278,-61.927664,-49.218759,-37.440172,-26.577785,-16.880902,-8.346834,-0.989090946,4.97753,9.788804,13.455952,16.118401,18.083514,19.348089,20.285157,20.833166,21.109197,21.343356,21.282384,21.277527,21.119334,21.004416,20.726703,20.577695,20.290516,19.991426,19.758724,19.348489,19.15117,18.740046,18.501515,18.146315,17.846084,17.417927,17.154263,16.745934,16.452128,16.023916,15.699587,15.352965,14.947437,14.622511,14.230779,13.911225,13.482537,13.186303,12.783056,12.420563,12.073436,11.681336,11.336276,10.938382,10.602777,10.19995,9.852832,9.48384,9.13654,8.774739,8.372365,8.04428,7.643198,7.284778,6.926755,6.539924,6.187633,5.818007,5.447387,5.086147,4.70833,4.345477,3.976573,3.608933,3.234311,2.858028,2.493743,2.125274,1.755962,1.390172,1.017315,0.649984428,0.277066086,-0.09227892,-0.461679798,-0.830361377,-1.201029,-1.568037,-1.94165,-2.309497,-2.679861,-3.045175,-3.420373,-3.78602,-4.148767,-4.539866,-4.621967],"unit":"mW\/cm2"},"timestamps":{"value":[0.031,0.053,0.078,0.1,0.125,0.148,0.171,0.195,0.217,0.24,0.261,0.284,0.306,0.328,0.351,0.373,0.404,0.432,0.454,0.474,0.497,0.52,0.547,0.57,0.595,0.617,0.648,0.669,0.691,0.714,0.735,0.758,0.779,0.802,0.825,0.847,0.869,0.891,0.92,0.942,0.964,0.985,1.008,1.035,1.061,1.099,1.122,1.137,1.161,1.183,1.205,1.228,1.251,1.271,1.294,1.317,1.342,1.364,1.386,1.407,1.431,1.454,1.475,1.498,1.52,1.542,1.565,1.588,1.61,1.633,1.656,1.68,1.701,1.723,1.748,1.783,1.806,1.828,1.85,1.876,1.899,1.924,1.947,1.969,1.992,2.014,2.039,2.063,2.09,2.113,2.133,2.155,2.176,2.203,2.225,2.249,2.274,2.297,2.322,2.344,2.367,2.389,2.412,2.433,2.454,2.48,2.502,2.525],"unit":"s"},"p_max":{"unit":"mW","value":2.038291},"v_p_max":{"unit":"V","value":1.020192},"i_p_max":{"unit":"mA","value":1.997948},"j_p_max":{"unit":"mA\/cm2","value":20.920918},"voc":{"unit":"V","value":1.177599},"isc":{"unit":"mA","value":2.206902},"jsc":{"unit":"mA\/cm2","value":23.108918},"fill_factor":{"unit":"%","value":78.430629},"efficiency":{"unit":"%","value":21.343356},"r_s":{"unit":"ohms","value":20.022812},"r_sh":{"unit":"ohms","value":6032.108},"cell_dimension":{"value":0.09550000020967095,"unit":"cm2"},"sweep_direction":{"unit":"","value":"Reverse"},"key":"reverse24_2cell_231019"},{"V":{"value":[1.500236,1.484229,1.468232,1.452258,1.436251,1.420246,1.404249,1.388241,1.372226,1.356223,1.340214,1.324239,1.308228,1.292226,1.276223,1.260227,1.244209,1.228198,1.212231,1.19624,1.180224,1.164206,1.148204,1.132193,1.116179,1.100216,1.084216,1.068209,1.052198,1.036188,1.020193,1.004178,0.988195896,0.972191572,0.956195593,0.940192699,0.924177408,0.908173323,0.892168999,0.876171589,0.860186338,0.844186306,0.828172445,0.812161446,0.796154499,0.780144691,0.764148712,0.748174429,0.732166052,0.716164589,0.700154781,0.684138298,0.668133974,0.652128458,0.636163712,0.620156765,0.604148388,0.588138819,0.572139978,0.556135654,0.540123224,0.524135351,0.508143425,0.492130995,0.476119995,0.460117102,0.444114208,0.428111315,0.412130117,0.396127462,0.380128622,0.364109278,0.348099709,0.332091331,0.316091061,0.300082684,0.284108639,0.268105745,0.252097368,0.236097097,0.220079184,0.204083681,0.188081741,0.172077179,0.156068325,0.140073061,0.124076605,0.108078718,0.092076778,0.076070786,0.060074329,0.044077635,0.028069019,0.012008637,-0.003993601,-0.01999405,-0.035941601,-0.051938057,-0.067934752,-0.083938122,-0.099944115,-0.115948915,-0.131942749,-0.147940636,-0.163957596,-0.179952621,-0.195943832,-0.199946642],"unit":"V"},"I":{"value":[-0.015528306,-0.015832499,-0.015319257999999999,-0.014561132000000001,-0.013739973,-0.012846112,-0.011936783999999999,-0.010993004,-0.010036036,-0.009073093999999999,-0.008099481,-0.007146671,-0.00620392,-0.005276500999999999,-0.004377097,-0.003510088,-0.002679408,-0.001899511,-0.0011763269999999998,-0.000516280532,5.6385994e-5,0.000550553203,0.0009560137990000001,0.001269147,0.00151287,0.0016857089999999999,0.001816854,0.0019077809999999999,0.001976997,0.002029017,0.002067164,0.002093032,0.0021136400000000004,0.002127707,0.002143592,0.0021517719999999997,0.0021626650000000002,0.002168015,0.002171963,0.00218688,0.002176061,0.002192765,0.002183959,0.002185345,0.002194569,0.002188608,0.0021983239999999998,0.002193466,0.0021966549999999996,0.002199084,0.002198175,0.0021996349999999997,0.002194017,0.002200887,0.002200946,0.0021972809999999997,0.002200738,0.002198935,0.002202272,0.002195537,0.002203375,0.0021979060000000003,0.0021972809999999997,0.002196923,0.002198592,0.00219658,0.002196103,0.002197489,0.00219804,0.0021943,0.002203166,0.0021972809999999997,0.002194852,0.002201095,0.002193943,0.002208307,0.002192557,0.00220491,0.002197966,0.002201512,0.002203166,0.002196997,0.002202407,0.002196237,0.0022006779999999997,0.002201855,0.002196237,0.00220193,0.002197698,0.002202138,0.002205804,0.00219582,0.002199084,0.0022011549999999998,0.002201021,0.002201363,0.002200186,0.002204835,0.002201363,0.002198115,0.002198175,0.002197966,0.002201438,0.0021944340000000003,0.002208576,0.0021997089999999998,0.002194777,0.0022049699999999997],"unit":"A"},"resistance":{"value":[-96.613001,-93.745741,-95.842235,-99.735218,-104.530821,-110.558458,-117.640478,-126.284007,-136.729828,-149.477422,-165.469143,-185.294449,-210.871129,-244.902073,-291.56841,-359.030116,-464.359843,-646.586567,-1030.521,-2317.035,20931.15,2114.611,1201.033,892.089937,737.78916,652.672595,596.754583,559.922268,532.22039,510.68489,493.523273,479.772065,467.53267,456.919853,446.071712,436.938734,427.332644,418.896304,410.766119,400.649228,395.295091,384.987048,379.206976,371.639974,362.784071,356.457014,347.605198,341.092357,333.309582,325.665018,318.516456,311.023568,304.525408,296.302615,289.041008,282.23832,274.520865,267.465358,259.79528,253.302783,245.134487,238.470281,231.26015,224.009225,216.556793,209.469751,202.228284,194.818398,187.498875,180.525639,172.537402,165.709054,158.598286,150.875495,144.07444,135.888095,129.578687,121.594875,114.695755,107.243135,99.892217,92.89209,85.398286,78.350899,70.918292,63.615928,56.495078,49.083637,41.896925,34.544054,27.234663,20.073426,12.763962,5.455608,-1.814431,-9.082576,-16.335708,-23.556433,-30.860307,-38.186411,-45.466868,-52.752825,-59.934803,-67.416294,-74.236805,-81.807452,-89.277326,-90.680002],"unit":"ohms"},"conductance":{"value":[-0.010350574,-0.010667151,-0.010433813,-0.010026549,-0.009566556,-0.009044989,-0.008500475,-0.007918659,-0.007313693,-0.006689974,-0.006043423,-0.005396816,-0.004742233,-0.004083265,-0.003429727,-0.002785282,-0.002153502,-0.001546583,-0.000970382522,-0.000431586012,4.7775683e-5,0.000472900245,0.000832616613,0.001120963,0.001355401,0.001532162,0.001675731,0.001785962,0.001878921,0.001958155,0.002026247,0.002084323,0.002138888,0.002188568,0.002241792,0.00228865,0.002340097,0.002387226,0.002434475,0.002495949,0.002529756,0.00259749,0.002637082,0.002690776,0.002756461,0.002805387,0.002876827,0.002931757,0.003000214,0.00307064,0.003139555,0.00321519,0.003283798,0.003374928,0.003459717,0.003543105,0.00364271,0.003738802,0.003849185,0.003947845,0.004079393,0.004193395,0.004324135,0.004464102,0.004617726,0.004773959,0.004944907,0.005132985,0.005333365,0.005539379,0.005795845,0.006034673,0.006305238,0.006627982,0.006940856,0.007358996,0.007717319,0.008224031,0.008718718,0.009324606,0.01001079,0.010765179,0.011709837,0.012763095,0.014100734,0.015719334,0.017700657,0.020373388,0.0238681,0.028948542,0.036717913,0.049817106,0.078345579,0.183297638,-0.551136915,-0.110100926,-0.061215589,-0.04245125,-0.032404085,-0.026187326,-0.021994037,-0.018956331,-0.016684797,-0.014833209,-0.013470407,-0.012223825,-0.011201052,-0.01102779],"unit":"S"},"power":{"value":[-23.296128,-23.499059,-22.492223,-21.146515,-19.734046,-18.244644,-16.762216,-15.260934,-13.771705,-12.305135,-10.85504,-9.463898,-8.116139,-6.818432,-5.586153,-4.423508,-3.333744,-2.332975,-1.42598,-0.61759552,0.066548087,0.640957226,1.097699,1.436919,1.688634,1.854644,1.969862,2.037908,2.080192,2.102443,2.108907,2.101777,2.088691,2.068539,2.049693,2.023081,1.998686,1.968933,1.937758,1.916082,1.871818,1.851103,1.808695,1.774853,1.747216,1.707431,1.679846,1.641095,1.608316,1.574906,1.539062,1.504854,1.465897,1.435261,1.400162,1.362658,1.329572,1.293279,1.260008,1.221016,1.190094,1.152,1.116534,1.081174,1.046794,1.010684,0.975320694,0.940769966,0.905878683,0.869222607,0.83748664,0.800050225,0.764027215,0.730964643,0.693485664,0.662674806,0.622924344,0.591149018,0.554101439,0.519770701,0.484871081,0.448371318,0.414232454,0.377922344,0.343456128,0.308420595,0.272501686,0.237981738,0.20235693,0.167518391,0.132512195,0.096786561,0.061726119,0.02643287,-0.008789998,-0.044014171,-0.079078216,-0.114514867,-0.149549079,-0.184505644,-0.219694614,-0.254851772,-0.290463775,-0.324646021,-0.362112747,-0.395843476,-0.430053042,-0.440876252],"unit":"mW"},"J":{"value":[-0.162600067,-0.165785326,-0.160411078,-0.152472582,-0.143874066,-0.134514264,-0.1249925,-0.115109988,-0.105089386,-0.09500621499999999,-0.084811324,-0.074834256,-0.064962509,-0.055251321,-0.045833475,-0.036754845,-0.028056624,-0.019890164,-0.012317565,-0.005406079,0.0005904292559999999,0.0057649549999999996,0.010010616,0.013289495,0.015841573,0.017651401,0.019024647999999998,0.019976762000000002,0.020701536,0.021246247,0.021645692,0.021916565,0.022132359,0.022279654,0.022445986,0.022531648,0.022645708,0.022701724,0.022743073,0.022899262,0.022785982,0.022960895000000002,0.022868679,0.022883191,0.022979775,0.022917362,0.023019095,0.022968229,0.02300162,0.023027053,0.023017535,0.023032826,0.022974002,0.023045933,0.023046557,0.023008173,0.023044373,0.023025493,0.023060444,0.022989917,0.023071991,0.023014726,0.023008173,0.023004428,0.023021904,0.023000839,0.022995846,0.023010358,0.023016131000000002,0.022976966,0.023069805999999998,0.023008173,0.022982739999999998,0.023048118,0.022973222,0.023123638,0.022958711,0.023088062,0.023015351,0.023052485999999997,0.023069805999999998,0.023005208,0.023061848000000003,0.022997251,0.023043749,0.023056075,0.022997251,0.023056854999999998,0.023012542,0.02305904,0.023097424000000002,0.022992882000000003,0.023027053,0.023048742,0.023047336999999998,0.023050926,0.0230386,0.023087281999999997,0.023050926,0.023016911,0.023017535,0.023015351,0.023051705999999998,0.022978371,0.023126446000000002,0.023033605999999998,0.022981959,0.023088686],"unit":"A\/cm2"},"power_density":{"value":[-243.938518,-246.063443,-235.520665,-221.429471,-206.639226,-191.043395,-175.520588,-159.800356,-144.206338,-128.849579,-113.665345,-99.098405,-84.985744,-71.397198,-58.493744,-46.319456,-34.908312,-24.42906,-14.93173,-6.466969,0.696838603,6.711594,11.49423,15.046275,17.682034,19.420352,20.626825,21.339356,21.782113,22.015109,22.082791,22.008139,21.871107,21.660092,21.462753,21.184091,20.928652,20.6171,20.290664,20.063683,19.60019,19.383273,18.93921,18.584845,18.295451,17.878858,17.590012,17.184241,16.841005,16.49116,16.115837,15.757639,15.349711,15.028909,14.661383,14.268674,13.922221,13.542186,13.193802,12.785513,12.461718,12.062832,11.691452,11.321192,10.961189,10.58308,10.212782,9.850994,9.485641,9.101807,8.769494,8.377489,8.000285,7.65408,7.26163,6.939003,6.522768,6.190042,5.802109,5.442625,5.077184,4.694988,4.337513,3.957302,3.596399,3.229535,2.853421,2.491955,2.118921,1.754119,1.387562,1.013472,0.646346797,0.276783976,-0.09204186,-0.460881375,-0.828044146,-1.199109,-1.565959,-1.931996,-2.300467,-2.668605,-3.041505,-3.399435,-3.791757,-4.144958,-4.503173,-4.616505],"unit":"mW\/cm2"},"timestamps":{"value":[0.019,0.043,0.066,0.09,0.118,0.141,0.166,0.189,0.213,0.236,0.257,0.281,0.304,0.325,0.347,0.372,0.393,0.417,0.438,0.461,0.483,0.511,0.538,0.561,0.582,0.603,0.628,0.651,0.674,0.71,0.733,0.756,0.779,0.801,0.821,0.842,0.863,0.887,0.914,0.937,0.959,0.981,1.008,1.035,1.056,1.077,1.098,1.121,1.151,1.173,1.195,1.218,1.242,1.264,1.287,1.31,1.333,1.349,1.37,1.391,1.415,1.437,1.46,1.481,1.503,1.529,1.55,1.587,1.611,1.637,1.659,1.681,1.712,1.734,1.757,1.78,1.802,1.827,1.849,1.873,1.898,1.921,1.946,1.967,1.99,2.012,2.046,2.072,2.093,2.115,2.138,2.168,2.192,2.216,2.238,2.26,2.282,2.305,2.33,2.354,2.376,2.398,2.419,2.443,2.477,2.502,2.526,2.549],"unit":"s"},"p_max":{"unit":"mW","value":2.108907},"v_p_max":{"unit":"V","value":1.020193},"i_p_max":{"unit":"mA","value":2.067164},"j_p_max":{"unit":"mA\/cm2","value":21.645692},"voc":{"unit":"V","value":1.181801},"isc":{"unit":"mA","value":2.201054},"jsc":{"unit":"mA\/cm2","value":23.047688},"fill_factor":{"unit":"%","value":81.074139},"efficiency":{"unit":"%","value":22.082791},"r_s":{"unit":"ohms","value":21.775245},"r_sh":{"unit":"ohms","value":8618.415},"cell_dimension":{"value":0.0954999975492015,"unit":"cm2"},"sweep_direction":{"unit":"","value":"Reverse"},"key":"reverse24_1cell_231019"},{"V":{"value":[-0.199941158,-0.183947325,-0.167954922,-0.151943445,-0.135944128,-0.119946241,-0.103941679,-0.087939501,-0.071940422,-0.055939674,-0.039939165,-0.023930311,-0.007994145,0.008007884,0.024060726,0.040063858,0.056061745,0.072069168,0.088069916,0.104078531,0.120079279,0.136075735,0.152080536,0.168085098,0.184089899,0.200082302,0.216066837,0.232080698,0.248083591,0.264086485,0.280089378,0.296111345,0.312118292,0.328094006,0.344095469,0.360102415,0.376101255,0.392116308,0.408102989,0.424123526,0.440130472,0.456114292,0.472114325,0.488133669,0.50413394,0.520136833,0.536136866,0.552147865,0.56812501,0.584123611,0.600131989,0.616148472,0.632154226,0.648159742,0.664162636,0.680145025,0.696145296,0.712146759,0.728138685,0.744153976,0.760169029,0.77618289,0.792154312,0.808157206,0.82416296,0.840168476,0.856178284,0.8721838,0.888189316,0.90416503,0.92016387,0.936182976,0.952185869,0.968195677,0.984190226,1.000207,1.016219,1.03218,1.048186,1.064184,1.080201,1.096204,1.112213,1.12823,1.1442,1.160208,1.176207,1.192217,1.208218,1.224224,1.240226,1.256197,1.272223,1.288222,1.304229,1.320235,1.336246,1.352246,1.36821,1.384215,1.400235,1.416233,1.432248,1.448252,1.464269,1.480269,1.496235,1.500246],"unit":"V"},"I":{"value":[0.001900777,0.002163842,0.002161905,0.002164811,0.002161413,0.002166271,0.002162874,0.002165094,0.002160653,0.002163574,0.002160519,0.002158374,0.002159059,0.002161562,0.002156362,0.00216496,0.002162188,0.002155453,0.002162948,0.002157331,0.002156153,0.002159551,0.0021504609999999998,0.0021635,0.002155036,0.002158999,0.002157956,0.002158999,0.002158299,0.002155036,0.002160445,0.002153233,0.0021564960000000004,0.002155945,0.0021548270000000002,0.002155796,0.002152607,0.002159402,0.002153233,0.002157748,0.002154976,0.0021547679999999996,0.002155036,0.0021528149999999998,0.002156571,0.002153441,0.002158299,0.002152756,0.002159551,0.002153233,0.0021566299999999997,0.002155036,0.002154201,0.002150804,0.002155378,0.002150878,0.002152756,0.002153173,0.002147555,0.002152398,0.002148375,0.002145886,0.002142072,0.002139091,0.002139091,0.002131879,0.002132431,0.002119943,0.002124876,0.0021123889999999997,0.002111271,0.0020947749999999997,0.002088174,0.002070695,0.0020510700000000003,0.002031237,0.001989827,0.0019539740000000002,0.001890868,0.001823172,0.001720175,0.001585692,0.001407653,0.0011823920000000002,0.000906273723,0.000572189689,0.00018295645699999998,-0.00025598704799999997,-0.000735998154,-0.001258999,-0.001814827,-0.0023989379999999998,-0.003009617,-0.0036391469999999997,-0.004290326999999999,-0.004958987,-0.005643398,-0.006339163,-0.0070527639999999996,-0.007771909,-0.008506328,-0.009257242,-0.010012791,-0.010775983,-0.011560187000000001,-0.01235348,-0.013143167,-0.013378695000000001],"unit":"A"},"resistance":{"value":[-105.18916,-85.009579,-77.688385,-70.187861,-62.895939,-55.36991,-48.057211,-40.616943,-33.295678,-25.855215,-18.485909,-11.087196,-3.702606,3.704674,11.158018,18.505589,25.928244,33.435741,40.717533,48.244129,55.691438,63.01113,70.719967,77.691301,85.423131,92.673624,100.125675,107.494561,114.944028,122.543901,129.644308,137.519436,144.733997,152.181086,159.685882,167.039213,174.718972,181.585619,189.53037,196.558438,204.23914,211.6768,219.07494,226.741993,233.766495,241.537501,248.407122,256.484201,263.075549,271.277514,278.273021,285.911023,293.451794,301.356982,308.142003,316.217343,323.374011,330.742922,339.054677,345.732479,353.834437,361.70735,369.807557,377.803946,385.286447,394.097576,401.503455,411.418417,417.995877,428.029684,435.834083,446.913287,455.989667,467.570357,479.842261,492.412753,510.707515,528.246353,554.340978,583.699291,627.95984,691.309339,790.118942,954.192542,1262.533,2027.664,6428.892,-4657.333,-1641.605,-972.378838,-683.384881,-523.647133,-422.719268,-353.990083,-303.992887,-266.230679,-236.78033,-213.316158,-193.996319,-178.104839,-164.611005,-152.986474,-143.041829,-134.396292,-126.664795,-119.826052,-113.841276,-112.136935],"unit":"ohms"},"conductance":{"value":[-0.009506683,-0.01176338,-0.012871937,-0.014247478,-0.015899278,-0.018060351,-0.020808532,-0.024620267,-0.030033928,-0.038676916,-0.054095256,-0.09019413,-0.270080041,0.269929289,0.089621648,0.054037729,0.038567981,0.029908115,0.024559445,0.020727911,0.017956082,0.015870212,0.014140278,0.012871454,0.011706431,0.010790557,0.009987448,0.009302796,0.008699887,0.008160341,0.007713412,0.007271699,0.006909227,0.006571119,0.006262294,0.005986618,0.005723477,0.005507044,0.005276199,0.005087546,0.004896221,0.004724183,0.004564648,0.004410299,0.004277773,0.004140144,0.004025649,0.003898876,0.003801189,0.003686262,0.003593593,0.003497592,0.003407715,0.003318324,0.003245257,0.003162382,0.003092394,0.003023496,0.002949377,0.00289241,0.002826181,0.002764666,0.002704109,0.002646875,0.002595472,0.002537443,0.002490639,0.002430616,0.002392368,0.002336287,0.002294451,0.002237571,0.002193032,0.002138716,0.002084018,0.002030817,0.001958068,0.001893056,0.001803944,0.001713211,0.001592459,0.00144653,0.001265632,0.001048007,0.000792058778,0.000493178344,0.000155547799,-0.00021471517,-0.000609159894,-0.001028406,-0.001463304,-0.001909683,-0.002365636,-0.002824938,-0.003289551,-0.003756141,-0.004223324,-0.004687877,-0.005154737,-0.005614671,-0.006074928,-0.006536526,-0.006990962,-0.007440681,-0.007894853,-0.008345431,-0.00878416,-0.008917668],"unit":"S"},"power":{"value":[-0.380043599,-0.398033006,-0.363102614,-0.328928826,-0.293831464,-0.259836089,-0.224812729,-0.190397287,-0.155438323,-0.121029631,-0.08628934,-0.051650552,-0.017259831,0.017309541,0.051883634,0.086736646,0.121216048,0.155341702,0.19049067,0.224531791,0.258909336,0.293862461,0.327043273,0.363652042,0.396720311,0.431977579,0.466262806,0.501062098,0.535438589,0.569115812,0.605117657,0.63759663,0.673081863,0.707352534,0.741466247,0.776307236,0.809598137,0.846736652,0.878740699,0.915151581,0.948470661,0.982820259,1.017423,1.050862,1.0872,1.120084,1.157144,1.18864,1.226895,1.257754,1.294263,1.327822,1.361787,1.394064,1.431522,1.462909,1.498631,1.533375,1.563718,1.601716,1.633128,1.6656,1.696851,1.728722,1.76296,1.791138,1.825741,1.84898,1.887292,1.909948,1.942715,1.961093,1.98833,2.004838,2.018643,2.031657,2.0221,2.016853,1.981981,1.940191,1.858135,1.738242,1.565611,1.33401,1.036958,0.66385932,0.215194721,-0.305192078,-0.889246465,-1.541297,-2.250795,-3.013539,-3.828905,-4.688028,-5.59557,-6.547026,-7.540965,-8.572106,-9.649665,-10.757991,-11.910859,-13.11041,-14.340798,-15.606342,-16.927219,-18.28647,-19.665265,-20.071331],"unit":"mW"},"J":{"value":[0.019903426,0.022658035,0.02263775,0.022668177,0.022632601000000002,0.022683468000000002,0.022647893,0.022671142,0.022624644,0.022655226,0.022623239000000003,0.022600771000000002,0.022607948,0.022634162,0.022579706,0.022669737000000002,0.022640715,0.022570188,0.022648672999999998,0.022589848,0.022577522,0.022613097,0.022517917000000002,0.022654446,0.022565819,0.022607323999999998,0.022596402,0.022607323999999998,0.022599989999999997,0.022565819,0.022622458999999998,0.022546939,0.022581109999999998,0.022575337,0.022563635000000002,0.022573777,0.022540386000000003,0.022611536999999998,0.022546939,0.022594217,0.022565195,0.022563011,0.022565819,0.02254257,0.022581891,0.022549124,0.022599989999999997,0.022541946,0.022613097,0.022546939,0.022582515,0.022565819,0.022557081,0.022521506,0.022569408,0.022522286000000002,0.022541946,0.022546315,0.022487491,0.022538201,0.022496072000000002,0.022470015,0.02243007,0.022398864,0.022398864,0.022323344,0.022329117,0.022198361,0.022250008,0.022119252,0.02210755,0.021934821,0.021865699,0.021682672,0.021477176,0.021269496,0.02083588,0.020460465,0.019799664,0.019090806000000002,0.018012305000000003,0.016604106,0.014739822999999999,0.012381071,0.009489777,0.005991514999999999,0.001915774,-0.002680493,-0.0077067870000000005,-0.013183237,-0.019003427,-0.025119769,-0.031514318,-0.038106248,-0.044924895,-0.051926568000000006,-0.059093168,-0.06637866599999999,-0.073850935,-0.081381249,-0.089071496,-0.096934472,-0.104845974,-0.11283752200000001,-0.121049076,-0.12935581,-0.137624784,-0.14009104300000003],"unit":"A\/cm2"},"power_density":{"value":[-3.979514,-4.167885,-3.802122,-3.444281,-3.076769,-2.720797,-2.35406,-1.993689,-1.627626,-1.267326,-0.903553293,-0.540843474,-0.180731219,0.181251742,0.543284127,0.908237135,1.269278,1.626615,1.994667,2.351118,2.711093,3.077094,3.424537,3.807875,4.154139,4.523325,4.882333,5.246724,5.606687,5.959328,6.336311,6.676404,7.047978,7.406833,7.764044,8.128872,8.477467,8.866352,9.201473,9.582739,9.93163,10.291312,10.653646,11.003788,11.384297,11.72863,12.116688,12.446487,12.847066,13.1702,13.552489,13.903895,14.259554,14.597533,14.989757,15.318421,15.69247,16.056285,16.374012,16.771892,17.100818,17.440841,17.768077,18.101803,18.460314,18.75537,19.117705,19.361051,19.76222,19.999455,20.342569,20.535006,20.820209,20.993069,21.137627,21.273898,21.173825,21.118879,20.753723,20.316134,19.456908,18.201485,16.393828,13.968693,10.858204,6.951406,2.253348,-3.195729,-9.311481,-16.139236,-23.568536,-31.555378,-40.093247,-49.089301,-58.592351,-68.555248,-78.962982,-89.760273,-101.043611,-112.649116,-124.721042,-137.281781,-150.165424,-163.417189,-177.248371,-191.481359,-205.919005,-210.171001],"unit":"mW\/cm2"},"timestamps":{"value":[0.019,0.042,0.065,0.086,0.11,0.132,0.155,0.176,0.199,0.222,0.244,0.266,0.305,0.328,0.353,0.381,0.415,0.436,0.46,0.484,0.507,0.533,0.554,0.576,0.603,0.625,0.649,0.67,0.692,0.714,0.736,0.759,0.781,0.804,0.827,0.849,0.872,0.893,0.919,0.943,0.965,0.988,1.009,1.03,1.052,1.078,1.099,1.122,1.144,1.167,1.203,1.227,1.251,1.273,1.297,1.32,1.344,1.369,1.392,1.414,1.436,1.459,1.485,1.507,1.528,1.549,1.57,1.593,1.613,1.637,1.66,1.682,1.706,1.727,1.748,1.771,1.792,1.816,1.841,1.865,1.888,1.911,1.934,1.958,1.98,2.004,2.032,2.082,2.106,2.129,2.155,2.179,2.205,2.228,2.252,2.275,2.297,2.32,2.347,2.372,2.394,2.417,2.441,2.463,2.487,2.51,2.534,2.56],"unit":"s"},"p_max":{"unit":"mW","value":2.031657},"v_p_max":{"unit":"V","value":1.000207},"i_p_max":{"unit":"mA","value":2.031237},"j_p_max":{"unit":"mA\/cm2","value":21.269496},"voc":{"unit":"V","value":1.18288},"isc":{"unit":"mA","value":2.16031},"jsc":{"unit":"mA\/cm2","value":22.621044},"fill_factor":{"unit":"%","value":79.504854},"efficiency":{"unit":"%","value":21.273898},"r_s":{"unit":"ohms","value":28.994127},"r_sh":{"unit":"ohms","value":2353.279},"cell_dimension":{"value":0.09549999080560302,"unit":"cm2"},"sweep_direction":{"unit":"","value":"Forward"},"key":"forward24_4cell_231019"},{"V":{"value":[-0.199931622,-0.183959723,-0.167965889,-0.151947498,-0.135945559,-0.119939566,-0.103942871,-0.087935448,-0.071936131,-0.055941105,-0.039937735,-0.023931503,-0.007993579,0.008006781,0.024061918,0.040066719,0.056074142,0.072070599,0.088072538,0.104073048,0.120079279,0.136077166,0.152083158,0.168082476,0.184091091,0.200082302,0.216065645,0.232082129,0.248080969,0.264086485,0.280086756,0.296107292,0.312122345,0.328088522,0.344095469,0.360106468,0.376106739,0.392105579,0.408120632,0.424124956,0.440131903,0.45611167,0.472110271,0.488122702,0.504136562,0.520136833,0.536135435,0.552149296,0.568127632,0.584122419,0.600136042,0.616145849,0.63215971,0.648155689,0.664160013,0.680142403,0.696143866,0.71214819,0.728145599,0.744160652,0.760167599,0.776181459,0.792155743,0.808157206,0.824183226,0.840164423,0.856176853,0.8721838,0.888189316,0.904162168,0.920159817,0.936188459,0.95218873,0.968192816,0.984195709,1.000204,1.016218,1.03218,1.048181,1.064187,1.080204,1.096201,1.112215,1.128235,1.144197,1.160207,1.176199,1.192217,1.20822,1.224223,1.24022,1.256196,1.27222,1.288226,1.304228,1.320233,1.336241,1.352243,1.368217,1.384226,1.400231,1.416235,1.432244,1.448258,1.464255,1.480268,1.496235,1.500243],"unit":"V"},"I":{"value":[0.001488313,0.002191588,0.002182364,0.002195612,0.0021889509999999997,0.002188891,0.002188742,0.002190962,0.0021894429999999997,0.002194569,0.002184093,0.002189159,0.002185836,0.002189025,0.00218749,0.0021883249999999996,0.002186671,0.002186045,0.002189502,0.002182916,0.002189651,0.002184793,0.002187908,0.002186254,0.002181262,0.002188399,0.0021879819999999998,0.002186254,0.002183273,0.0021797270000000002,0.002185345,0.002178416,0.002184376,0.002184242,0.002180561,0.0021831990000000003,0.002183542,0.002185896,0.002179936,0.002181813,0.002178416,0.002180561,0.002176538,0.002176955,0.002175018,0.002182022,0.0021716799999999996,0.0021764640000000003,0.0021720380000000003,0.0021725150000000003,0.00217405,0.0021699519999999997,0.002176672,0.002165645,0.002169743,0.00216642,0.0021637080000000003,0.0021655859999999997,0.0021547679999999996,0.002161488,0.00215511,0.002156004,0.002152681,0.002144501,0.002146646,0.0021325050000000003,0.0021347849999999997,0.002122372,0.002115577,0.0021085739999999998,0.0020910950000000003,0.0020874139999999997,0.0020621719999999997,0.002044275,0.002011195,0.001974717,0.001934826,0.0018694249999999999,0.0017997920000000001,0.001698539,0.001569748,0.001409948,0.001211107,0.0009715408089999999,0.000689893961,0.000361412764,-2.413988e-6,-0.000407457352,-0.000843003392,-0.001303598,-0.0017940100000000002,-0.0022983699999999997,-0.002828315,-0.003368109,-0.003926694,-0.004492223,-0.0050714160000000005,-0.0056603849999999995,-0.006253794,-0.006859258,-0.0074677170000000005,-0.0080854,-0.008710369,-0.009335264999999999,-0.00996986,-0.010602325000000001,-0.011240660999999999,-0.011409685],"unit":"A"},"resistance":{"value":[-134.334385,-83.938997,-76.965095,-69.20509,-62.105352,-54.794668,-47.489774,-40.135534,-32.855912,-25.490708,-18.28573,-10.931823,-3.656989,3.657692,10.999782,18.30931,25.643613,32.968487,40.224916,47.676162,54.839457,62.283769,69.510775,76.881507,84.396606,91.428603,98.751098,106.155169,113.627989,121.155764,128.165939,135.92782,142.888554,150.207038,157.801319,164.944414,172.246194,179.379793,187.216832,194.391056,202.042205,209.171668,216.908801,224.222653,231.784987,238.373809,246.875853,253.691031,261.56432,268.869248,276.045237,283.944487,290.424853,299.289856,306.100749,313.947588,321.736481,328.847836,337.923045,344.281659,352.727942,360.009234,367.985602,376.851002,383.939914,393.980015,401.059981,410.947581,419.83304,428.802691,440.03734,448.491933,461.740762,473.611733,489.358712,506.505082,525.224362,552.137547,582.390224,626.530955,688.138214,777.476221,918.345785,1161.285,1658.512,3210.199,-487243.062,-2925.992,-1433.232,-939.110364,-691.311527,-546.559423,-449.815674,-382.477512,-332.1439,-293.89303,-263.484864,-238.895936,-218.781953,-201.803992,-187.504579,-175.159605,-164.429744,-155.138365,-146.868165,-139.617253,-133.109154,-131.488572],"unit":"ohms"},"conductance":{"value":[-0.00744411,-0.011913414,-0.012992903,-0.014449804,-0.016101672,-0.018249951,-0.021057165,-0.024915577,-0.030435923,-0.039229982,-0.054687453,-0.09147605,-0.273449034,0.273396411,0.090910892,0.054617023,0.038996065,0.030331995,0.024860214,0.020974843,0.018235046,0.016055547,0.014386259,0.013007029,0.011848818,0.010937496,0.01012647,0.009420172,0.008800649,0.008253838,0.007802385,0.007356846,0.006998461,0.006657478,0.006337083,0.006062648,0.005805644,0.005574764,0.0053414,0.00514427,0.004949461,0.004780762,0.004610232,0.004459853,0.004314343,0.004195092,0.004050619,0.003941803,0.003823151,0.00371928,0.003622595,0.003521815,0.003443231,0.003341243,0.003266898,0.003185245,0.003108134,0.00304092,0.002959254,0.002904599,0.002835046,0.002777707,0.002717498,0.002653569,0.002604574,0.0025382,0.002493393,0.0024334,0.002381899,0.002332075,0.002272534,0.002229695,0.002165717,0.002111434,0.002043491,0.001974314,0.001903948,0.001811143,0.001717062,0.00159609,0.001453196,0.001286213,0.001088914,0.000861115384,0.000602950213,0.00031150713,-2.052364e-6,-0.000341764457,-0.000697723556,-0.001064838,-0.001446526,-0.001829627,-0.002223133,-0.002614533,-0.003010743,-0.003402599,-0.003795284,-0.004185923,-0.004570761,-0.004955303,-0.005333203,-0.005709079,-0.006081625,-0.006445859,-0.006808827,-0.007162439,-0.007512631,-0.007605224],"unit":"S"},"power":{"value":[-0.297560847,-0.403163972,-0.366562787,-0.333617689,-0.297578136,-0.262534656,-0.227504144,-0.192663262,-0.157500023,-0.122766587,-0.087227727,-0.052389875,-0.017472656,0.017527047,0.052635217,0.087679,0.122615696,0.157549575,0.192835009,0.227182701,0.262931729,0.297300487,0.332743913,0.367470929,0.401550861,0.437859997,0.472747786,0.507390404,0.541628589,0.57563643,0.612086106,0.645044761,0.681792597,0.716624733,0.750321305,0.786184056,0.821244732,0.857102033,0.889676685,0.925361394,0.958790228,0.994579511,1.027566,1.062621,1.096506,1.13495,1.164315,1.201733,1.233995,1.269015,1.304726,1.337007,1.376004,1.403675,1.441057,1.473474,1.506252,1.542218,1.568984,1.608494,1.638245,1.673451,1.705259,1.733094,1.76923,1.791655,1.827754,1.851099,1.879033,1.906493,1.924141,1.954213,1.963577,1.979253,1.979409,1.97512,1.966205,1.929583,1.886508,1.807563,1.695647,1.545586,1.347011,1.096127,0.789374756,0.41931363,-0.00283933,-0.48577753,-1.018533,-1.595895,-2.224968,-2.887203,-3.59824,-4.338887,-5.121303,-5.930782,-6.776637,-7.654216,-8.556548,-9.49476,-10.45653,-11.45083,-12.475373,-13.519869,-14.598419,-15.694278,-16.818669,-17.117302],"unit":"mW"},"J":{"value":[0.01558443,0.022948568000000003,0.022851984000000002,0.022990697,0.022920951,0.022920325999999998,0.022918766,0.022942015000000003,0.0229261,0.022979775,0.022870084,0.022923134999999997,0.02288834,0.022921731,0.022905659,0.022914397,0.022897077,0.022890524,0.022926724,0.022857757,0.022928284,0.022877417,0.022910028,0.022892709,0.022840437,0.022915177,0.022910807999999998,0.022892709,0.022861502000000002,0.022824366000000002,0.022883191,0.022810635000000003,0.022873048,0.022871644,0.022833104,0.022860722,0.022864311000000002,0.022888964,0.022826550999999997,0.022846211,0.022810635000000003,0.022833104,0.022790974999999998,0.022795344,0.02277506,0.022848395,0.022740108,0.022790195,0.022743853,0.022748846,0.022764917,0.022722008,0.022792379,0.022676915000000002,0.022719824,0.022685028,0.02265663,0.022676290999999998,0.022563011,0.022633382,0.022566599,0.022575961,0.022541166,0.022455504,0.022477973,0.022329896999999998,0.022353770000000002,0.022223794999999998,0.022152644,0.022079308000000002,0.021896280999999997,0.021857741,0.021593420999999998,0.021406025,0.021059632000000002,0.020677663,0.020259962000000003,0.019575133,0.01884599,0.017785745,0.016437151,0.014763852,0.012681746,0.010173202,0.007224021,0.003784427,-2.5277362000000002e-5,-0.004266569,-0.008827261,-0.013650244,-0.018785449,-0.024066702,-0.029615863,-0.035268162,-0.041117218999999997,-0.047038987,-0.053103838,-0.059271046,-0.06548475200000001,-0.07182468900000001,-0.078195989,-0.084663873,-0.091208057,-0.09775146100000001,-0.104396443,-0.111019112,-0.117703258,-0.11947314199999999],"unit":"A\/cm2"},"power_density":{"value":[-3.11582,-4.221612,-3.838354,-3.493379,-3.116001,-2.749054,-2.382242,-2.017416,-1.649215,-1.285514,-0.913379335,-0.548585081,-0.182959749,0.183529286,0.551154102,0.918104713,1.283934,1.649734,2.019215,2.378876,2.753212,3.113094,3.484229,3.847863,4.204721,4.584921,4.950239,5.312989,5.671504,6.027607,6.409279,6.754395,7.139189,7.503924,7.856768,8.232294,8.599421,8.97489,9.315986,9.689648,10.039688,10.414445,10.759853,11.126925,11.48174,11.884292,12.191778,12.58359,12.921411,13.288111,13.662047,14.000071,14.408424,14.698171,15.089599,15.42905,15.772274,16.148879,16.429157,16.842872,17.154398,17.523043,17.856114,18.147577,18.525968,18.760785,19.138781,19.383234,19.675741,19.963275,20.148078,20.462965,20.561012,20.72516,20.726799,20.681883,20.588537,20.205057,19.754014,18.92736,17.755469,16.184149,14.104826,11.477766,8.265704,4.390719,-0.029731207,-5.086676,-10.665271,-16.710938,-23.298091,-30.232489,-37.677904,-45.433368,-53.626211,-62.102428,-70.959551,-80.148854,-89.597366,-99.421574,-109.492457,-119.903978,-130.632177,-141.569305,-152.863024,-164.337986,-176.111722,-179.238767],"unit":"mW\/cm2"},"timestamps":{"value":[0.019,0.041,0.064,0.086,0.123,0.145,0.168,0.19,0.213,0.236,0.259,0.283,0.307,0.328,0.352,0.378,0.431,0.453,0.476,0.499,0.524,0.546,0.568,0.599,0.624,0.648,0.672,0.693,0.716,0.739,0.761,0.782,0.805,0.828,0.85,0.873,0.895,0.918,0.939,0.969,0.992,1.015,1.049,1.072,1.101,1.123,1.148,1.171,1.192,1.219,1.24,1.262,1.285,1.308,1.332,1.356,1.38,1.402,1.425,1.448,1.47,1.495,1.518,1.539,1.562,1.584,1.604,1.626,1.655,1.677,1.699,1.721,1.744,1.768,1.789,1.815,1.84,1.867,1.889,1.926,1.974,1.997,2.019,2.044,2.072,2.104,2.126,2.164,2.186,2.211,2.232,2.255,2.282,2.308,2.332,2.355,2.378,2.402,2.425,2.447,2.472,2.495,2.518,2.541,2.564,2.589,2.61,2.633],"unit":"s"},"p_max":{"unit":"mW","value":1.979409},"v_p_max":{"unit":"V","value":0.984195709},"i_p_max":{"unit":"mA","value":2.011195},"j_p_max":{"unit":"mA\/cm2","value":21.059632},"voc":{"unit":"V","value":1.176093},"isc":{"unit":"mA","value":2.18743},"jsc":{"unit":"mA\/cm2","value":22.905021},"fill_factor":{"unit":"%","value":76.941372},"efficiency":{"unit":"%","value":20.726799},"r_s":{"unit":"ohms","value":34.405442},"r_sh":{"unit":"ohms","value":324.781787},"cell_dimension":{"value":0.09549999582917053,"unit":"cm2"},"sweep_direction":{"unit":"","value":"Forward"},"key":"forward24_3cell_231019"},{"V":{"value":[-0.199937105,-0.183948755,-0.167950869,-0.151946068,-0.135946989,-0.119942188,-0.103942871,-0.087940931,-0.071934938,-0.055937052,-0.039940357,-0.02392745,-0.00799498,0.008002549,0.024085283,0.040058374,0.056074142,0.072072029,0.088068485,0.104077339,0.120075226,0.136074305,0.152080536,0.168083668,0.184087038,0.200080872,0.216064215,0.232082129,0.248083591,0.264085054,0.280089378,0.296111345,0.312112808,0.328092575,0.344098091,0.360090256,0.376103878,0.392102718,0.408112526,0.424122095,0.440129042,0.456112862,0.472119808,0.488131046,0.504137993,0.520138025,0.536139727,0.552143812,0.568127632,0.584122419,0.600131989,0.616152763,0.632156849,0.648148775,0.664176226,0.680146456,0.696142435,0.712146759,0.728149652,0.744162083,0.760166407,0.776186943,0.792154312,0.808155775,0.824167013,0.84017396,0.856178284,0.872181177,0.888189316,0.904159546,0.920165062,0.93619132,0.95218873,0.96820116,0.984193087,1.000215,1.016222,1.032183,1.048177,1.064188,1.080199,1.096204,1.112215,1.128224,1.144203,1.160207,1.176206,1.192218,1.208218,1.224228,1.240219,1.256197,1.272223,1.288225,1.304226,1.320221,1.336247,1.35224,1.368212,1.384224,1.400229,1.41624,1.43224,1.448255,1.464266,1.480268,1.496236,1.500246],"unit":"V"},"I":{"value":[0.002086863,0.002203584,0.0022129569999999998,0.002215788,0.002210319,0.002218217,0.002205461,0.002214968,0.0022183660000000003,0.0022155200000000003,0.002217948,0.002218083,0.002219051,0.002211154,0.002211779,0.002215385,0.0022105280000000002,0.002212673,0.002211004,0.00221698,0.0022141929999999997,0.002212539,0.00221017,0.002212748,0.002213225,0.0022055950000000003,0.002217665,0.002204835,0.002213374,0.002210319,0.002213091,0.00221011,0.0022085159999999998,0.002212256,0.002211422,0.0022100360000000003,0.002213508,0.002203941,0.002207339,0.002210796,0.002213091,0.002207056,0.0022105280000000002,0.002208725,0.0022058779999999997,0.002213091,0.0022085159999999998,0.002211705,0.0022094849999999997,0.0022095590000000003,0.002208993,0.002203315,0.0022115710000000003,0.00220713,0.002210319,0.0022108699999999998,0.002201855,0.002208725,0.002202481,0.002204761,0.0021954030000000003,0.002207264,0.002198935,0.002200544,0.00220269,0.002195612,0.002197966,0.002188057,0.002192557,0.002175704,0.002175778,0.002170786,0.0021542759999999997,0.002144501,0.0021334740000000002,0.002108634,0.002087355,0.002050862,0.0020059939999999997,0.001939893,0.001850143,0.001731902,0.001564816,0.001342043,0.001046732,0.000664785504,0.00019878149,-0.000362172723,-0.001005784,-0.001726255,-0.002520442,-0.003366515,-0.004272997,-0.0052142889999999996,-0.0061971990000000005,-0.007218108,-0.008262053,-0.009340465,-0.01042518,-0.011548609000000001,-0.012682647,-0.013829857000000001,-0.015001684,-0.016181216,-0.017388701,-0.018601581,-0.019816071,-0.020155638],"unit":"A"},"resistance":{"value":[-95.807493,-83.47709,-75.894336,-68.574288,-61.505596,-54.071449,-47.129765,-39.703022,-32.426998,-25.247826,-18.007793,-10.787448,-3.602882,3.619174,10.889551,18.081898,25.366859,32.572375,39.831889,46.94555,54.229784,61.501418,68.809428,75.961507,83.175934,90.71513,97.428685,105.260523,112.083912,119.478251,126.560282,133.98034,141.322412,148.306772,155.600394,162.934119,169.91305,177.909779,184.888937,191.841363,198.875288,206.661238,213.577879,221.001316,228.542956,235.027889,242.760173,249.646246,257.131296,264.36153,271.676747,279.647996,285.840664,293.661324,300.488849,307.637418,316.161771,322.424422,330.604279,337.525071,346.253701,351.65111,360.244606,367.252742,374.163929,382.660559,389.532091,398.609951,405.092945,415.571095,422.913091,431.268309,441.99946,451.480944,461.310145,474.342765,486.84683,503.292194,522.522538,548.581085,583.846457,632.947809,710.764115,840.676593,1093.119,1745.235,5917.079,-3291.85,-1201.271,-709.181593,-492.063946,-373.14462,-297.735552,-247.056644,-210.454128,-182.904027,-161.73304,-144.772269,-131.241064,-119.860689,-110.405072,-102.404493,-95.47193,-89.502226,-84.207888,-79.577509,-75.506206,-74.433058],"unit":"ohms"},"conductance":{"value":[-0.010437597,-0.011979335,-0.013176214,-0.014582725,-0.016258683,-0.018494049,-0.021218014,-0.025187,-0.030838501,-0.039607371,-0.055531512,-0.092700331,-0.27755557,0.276306136,0.091831154,0.055303928,0.039421515,0.030700862,0.025105513,0.021301273,0.018440051,0.016259788,0.014532892,0.013164562,0.012022708,0.011023519,0.010263918,0.009500238,0.008921887,0.008369724,0.007901373,0.007463782,0.007076018,0.00674278,0.006426719,0.00613745,0.005885363,0.005620826,0.005408652,0.00521264,0.005028277,0.004838837,0.004682133,0.00452486,0.004375545,0.004254814,0.004119292,0.004005668,0.003889064,0.003782699,0.003680845,0.003575924,0.003498453,0.003405283,0.003327911,0.00325058,0.003162938,0.003101502,0.003024764,0.002962743,0.002888056,0.002843728,0.002775892,0.00272292,0.002672625,0.002613282,0.002567183,0.002508718,0.002468569,0.002406327,0.002364552,0.002318742,0.002262446,0.002214933,0.002167739,0.00210818,0.002054034,0.001986917,0.001913793,0.001822885,0.001712779,0.001579909,0.001406937,0.001189518,0.000914813485,0.000572988687,0.000169002294,-0.000303780542,-0.000832451923,-0.001410076,-0.002032256,-0.002679926,-0.003358685,-0.004047655,-0.004751629,-0.005467348,-0.006183029,-0.0069074,-0.007619566,-0.008343019,-0.009057555,-0.009765197,-0.010474283,-0.011172906,-0.011875372,-0.012566365,-0.013243944,-0.013434891],"unit":"S"},"power":{"value":[-0.417241331,-0.405346482,-0.371667974,-0.336680239,-0.300486219,-0.26605776,-0.229241976,-0.194786367,-0.159577998,-0.123929632,-0.088585653,-0.05307306,-0.017741269,0.017694865,0.053271332,0.088744739,0.123953443,0.159471864,0.194719817,0.230737365,0.265869766,0.301069749,0.336123843,0.371926788,0.407425992,0.441297445,0.479158115,0.511702896,0.549101717,0.583712225,0.619863187,0.654438771,0.689306131,0.725824831,0.760945995,0.7958124,0.832508902,0.864171393,0.900842617,0.93764738,0.974045471,1.006666,1.043634,1.078147,1.112067,1.151113,1.184073,1.221179,1.255269,1.290653,1.325687,1.357579,1.39806,1.430549,1.468041,1.503716,1.532805,1.572936,1.603736,1.640699,1.668872,1.71325,1.741895,1.778382,1.815384,1.844696,1.881851,1.908382,1.947406,1.967183,2.002075,2.032271,2.051277,2.076308,2.09975,2.109087,2.121216,2.116864,2.102638,2.064412,1.998524,1.898518,1.740411,1.514126,1.197674,0.771288818,0.233807956,-0.431788949,-1.215206,-2.11333,-3.125899,-4.229006,-5.436207,-6.717176,-8.082549,-9.529497,-11.040143,-12.630554,-14.263854,-15.985863,-17.758603,-19.58639,-21.486009,-23.434524,-25.461681,-27.535317,-29.649525,-30.238412],"unit":"mW"},"J":{"value":[0.021851968,0.023074175,0.02317232,0.023201965999999997,0.023144702,0.0232274,0.023093835,0.023193383999999997,0.02322896,0.023199158,0.023224591,0.023225995000000003,0.023236137,0.02315344,0.023159993,0.023197752999999998,0.023146886,0.023169355,0.02315188,0.023214448999999998,0.023185271,0.023167951,0.023143142000000002,0.023170134999999998,0.023175128,0.02309524,0.023221626000000002,0.023087281999999997,0.023176689,0.023144702,0.023173724,0.023142517999999997,0.023125822,0.023164986,0.023156248,0.023141737,0.023178093,0.02307792,0.023113495,0.023149695,0.023173724,0.023110531,0.023146886,0.023128006,0.023098204,0.023173724,0.023125822,0.023159213,0.023135964000000002,0.023136744,0.023130815,0.023071366000000003,0.023157809,0.023111311,0.023144702,0.023150475,0.023056075,0.023128006,0.023062629,0.023086502,0.022988513000000002,0.023112715000000002,0.023025493,0.023042344,0.023064813,0.022990697,0.023015351,0.022911589,0.022958711,0.022782236999999997,0.022783017000000003,0.022730746,0.022557862,0.022455504,0.022340039000000003,0.022079932,0.021857117,0.021474992000000002,0.021005176,0.020313013,0.019373226,0.018135103,0.016385504000000002,0.014052809,0.010960545,0.0069611049999999995,0.002081482,-0.0037923849999999997,-0.010531766,-0.018075967,-0.026392063,-0.035251466,-0.044743428,-0.054599883,-0.064892138,-0.075582278,-0.086513645,-0.09780591699999999,-0.10916419100000001,-0.120927838,-0.132802581,-0.144815258,-0.157085701,-0.169436813,-0.18208064300000001,-0.194780958,-0.20749812399999998,-0.211053806],"unit":"A\/cm2"},"power_density":{"value":[-4.369019,-4.244466,-3.891811,-3.525448,-3.146453,-2.785945,-2.40044,-2.039648,-1.670974,-1.297692,-0.927598459,-0.555738844,-0.185772445,0.185286547,0.557814998,0.929264286,1.297942,1.669862,2.038951,2.416098,2.783977,3.152563,3.519621,3.894521,4.266241,4.620916,5.017362,5.358146,5.749756,6.11217,6.490714,6.852762,7.217865,7.60026,7.968021,8.333114,8.717371,9.048915,9.432907,9.818297,10.199429,10.54101,10.928104,11.289498,11.644682,12.053535,12.398672,12.787216,13.144181,13.514691,13.881542,14.215486,14.639367,14.979568,15.372161,15.745714,16.050312,16.470535,16.793045,17.180099,17.475095,17.939788,18.239743,18.621804,19.009258,19.316185,19.705243,19.983056,20.391681,20.598777,20.964137,21.280327,21.479342,21.741445,21.986912,22.08468,22.211683,22.166115,22.017148,21.616875,20.926949,19.879769,18.2242,15.854722,12.541086,8.076323,2.448251,-4.52135,-12.724673,-22.129107,-32.731928,-44.282785,-56.923629,-70.336918,-84.634025,-99.785307,-115.603596,-132.257105,-149.359728,-167.391237,-185.953959,-205.093088,-224.984388,-245.387682,-266.614463,-288.327926,-310.46623,-316.632588],"unit":"mW\/cm2"},"timestamps":{"value":[0.021,0.048,0.08,0.102,0.125,0.148,0.171,0.196,0.218,0.239,0.262,0.284,0.308,0.33,0.355,0.377,0.398,0.421,0.444,0.467,0.491,0.515,0.536,0.558,0.579,0.602,0.626,0.648,0.67,0.692,0.718,0.739,0.762,0.798,0.82,0.842,0.865,0.892,0.979,1.002,1.024,1.047,1.074,1.095,1.12,1.144,1.168,1.196,1.219,1.24,1.266,1.287,1.311,1.333,1.355,1.384,1.406,1.427,1.45,1.471,1.495,1.517,1.539,1.563,1.585,1.607,1.628,1.652,1.675,1.697,1.72,1.755,1.781,1.804,1.825,1.846,1.868,1.892,1.914,1.942,1.964,1.987,2.018,2.049,2.071,2.093,2.115,2.137,2.161,2.186,2.209,2.236,2.261,2.284,2.307,2.331,2.355,2.379,2.402,2.426,2.45,2.472,2.495,2.518,2.543,2.565,2.588,2.611],"unit":"s"},"p_max":{"unit":"mW","value":2.121216},"v_p_max":{"unit":"V","value":1.016222},"i_p_max":{"unit":"mA","value":2.087355},"j_p_max":{"unit":"mA\/cm2","value":21.857117},"voc":{"unit":"V","value":1.18188},"isc":{"unit":"mA","value":2.215104},"jsc":{"unit":"mA\/cm2","value":23.194808},"fill_factor":{"unit":"%","value":81.024669},"efficiency":{"unit":"%","value":22.211683},"r_s":{"unit":"ohms","value":19.216264},"r_sh":{"unit":"ohms","value":6044.614},"cell_dimension":{"value":0.09550000256269825,"unit":"cm2"},"sweep_direction":{"unit":"","value":"Forward"},"key":"forward24_2cell_231019"},{"V":{"value":[-0.199931622,-0.183946133,-0.16795373,-0.151943445,-0.135949612,-0.119940758,-0.103945732,-0.087942362,-0.071934938,-0.055941105,-0.039937735,-0.023928881,-0.007993013,0.008005917,0.024060726,0.040066719,0.056074142,0.072066545,0.088056087,0.104085445,0.120075226,0.136074305,0.152079105,0.168083668,0.184087038,0.200080872,0.216066837,0.232080698,0.248080969,0.264083862,0.280090809,0.296109915,0.312119722,0.328092575,0.344091415,0.360106468,0.37610817,0.392106771,0.408119202,0.424119472,0.440134525,0.45611167,0.472115755,0.48813653,0.50413394,0.520136833,0.536140919,0.552147865,0.568129063,0.584126472,0.600133419,0.616148472,0.632160902,0.64815712,0.664164066,0.680146456,0.696142435,0.712152243,0.72814703,0.74415946,0.760169029,0.77619648,0.79216671,0.808158636,0.824165583,0.84017396,0.856178284,0.8721838,0.888188124,0.904162168,0.920162439,0.936187029,0.95218873,0.968195677,0.984193087,1.000206,1.016217,1.032184,1.04818,1.064193,1.080197,1.096204,1.112212,1.12823,1.14421,1.160206,1.176204,1.192214,1.20822,1.224231,1.240224,1.256202,1.27222,1.288219,1.304232,1.320229,1.336246,1.352248,1.368216,1.384224,1.400227,1.416233,1.432237,1.448252,1.464263,1.480248,1.496235,1.500246],"unit":"V"},"I":{"value":[0.00154075,0.0021987260000000002,0.002197489,0.002206922,0.002201572,0.002204418,0.002199918,0.0021965210000000003,0.00220491,0.002198115,0.002200261,0.0021987260000000002,0.002203241,0.002205253,0.002199218,0.002201855,0.002200544,0.002200887,0.002198592,0.002200603,0.002198249,0.002199009,0.002205178,0.002198175,0.002205536,0.002195328,0.0021972809999999997,0.0021998440000000003,0.002202481,0.0021938089999999997,0.002201438,0.002196103,0.002202481,0.002196446,0.002199918,0.0021997089999999998,0.002197072,0.002200127,0.002194509,0.002200052,0.0021996349999999997,0.00219804,0.002198935,0.002197072,0.002202615,0.002197206,0.002199218,0.0021983830000000004,0.0022012290000000003,0.002195612,0.0021996349999999997,0.002200186,0.002194151,0.002206773,0.002198175,0.00220269,0.0021972809999999997,0.002200603,0.002194226,0.0021963119999999997,0.002198458,0.00218986,0.002197832,0.002194509,0.002186462,0.002192214,0.002183333,0.002185419,0.002177373,0.0021822300000000003,0.002171889,0.002163291,0.002165511,0.00214006,0.002141997,0.0021114799999999998,0.0020963699999999997,0.0020562109999999996,0.0020193159999999997,0.001953214,0.001872689,0.001755059,0.001586452,0.001363128,0.0010587869999999998,0.0006722062829999999,0.00020557642000000001,-0.000355169177,-0.000986292958,-0.0016923399999999999,-0.0024602409999999997,-0.003279537,-0.004141495,-0.005047068,-0.005974978,-0.006940275,-0.00793393,-0.008937984999999999,-0.009971187000000001,-0.011024072999999999,-0.012086734,-0.013183935999999999,-0.014282182000000001,-0.015393198,-0.016516894,-0.017660573,-0.018798426,-0.019114405],"unit":"A"},"resistance":{"value":[-129.76251,-83.660328,-76.429834,-68.848593,-61.751152,-54.409258,-47.249821,-40.037122,-32.624888,-25.449581,-18.151364,-10.883067,-3.627843,3.630385,10.940584,18.1968,25.481947,32.744325,40.05113,47.298592,54.623121,61.879829,68.964544,76.465112,83.465905,91.139378,98.333752,105.49873,112.637051,120.376895,127.230844,134.834236,141.712786,149.374292,156.411016,163.706381,171.186099,178.220091,185.972907,192.777009,200.094354,207.508311,214.702049,222.175946,228.879721,236.726474,243.787109,251.160881,258.096262,266.042716,272.833194,280.043779,288.111812,293.712696,302.143455,308.779976,316.820009,323.616793,331.846902,338.822297,345.773777,354.450316,360.430987,368.264003,376.940224,383.253601,392.142778,399.092219,407.917384,414.329389,423.669194,432.760566,439.706203,452.415188,459.474493,473.698869,484.750585,501.98339,519.076819,544.841636,576.815952,624.596638,701.068708,827.676862,1080.68,1725.967,5721.495,-3356.75,-1225.011,-723.395374,-504.106696,-383.042629,-307.188705,-255.241105,-218.282243,-190.227184,-168.421654,-151.292319,-137.21695,-125.563774,-115.848256,-107.42109,-100.28138,-94.083909,-88.652454,-83.816558,-79.593627,-78.487707],"unit":"ohms"},"conductance":{"value":[-0.007706386,-0.011953097,-0.013083896,-0.014524625,-0.01619403,-0.018379225,-0.021164102,-0.02497682,-0.030651447,-0.039293378,-0.055092278,-0.091885867,-0.275645878,0.275452847,0.091402797,0.054954716,0.039243469,0.030539643,0.024968084,0.021142279,0.018307266,0.016160355,0.014500205,0.01307786,0.01198094,0.010972206,0.010169448,0.009478787,0.008878073,0.008307242,0.007859729,0.007416514,0.007056526,0.006694592,0.006393412,0.006108497,0.005841596,0.00561104,0.005377127,0.005187341,0.004997642,0.004819084,0.004657617,0.004500937,0.004369107,0.004224285,0.00410194,0.003981512,0.003874523,0.003758795,0.003665243,0.00357087,0.003470875,0.003404688,0.003309686,0.003238552,0.003156366,0.003090074,0.003013438,0.0029514,0.002892064,0.00282127,0.002774456,0.002715443,0.002652941,0.002609238,0.002550092,0.002505687,0.002451477,0.002413539,0.002360332,0.002310747,0.002274246,0.002210359,0.002176399,0.002111046,0.002062917,0.001992098,0.001926497,0.001835396,0.001733655,0.001601033,0.001426394,0.001208201,0.000925343648,0.000579385482,0.000174779496,-0.000297907173,-0.000816319171,-0.00138237,-0.001983707,-0.002610675,-0.003255328,-0.003917864,-0.004581225,-0.005256872,-0.005937479,-0.006609721,-0.007287729,-0.00796408,-0.008631982,-0.009309159,-0.009971941,-0.01062881,-0.011280004,-0.011930817,-0.01256382,-0.012740849],"unit":"S"},"power":{"value":[-0.308044699,-0.404447133,-0.369076497,-0.335327268,-0.299302867,-0.264399587,-0.22867209,-0.193167206,-0.158610059,-0.122964981,-0.08787343,-0.052613051,-0.017610533,0.01765507,0.052914774,0.088221113,0.123393611,0.158610295,0.193599394,0.229050794,0.263955257,0.299228629,0.335361519,0.369477248,0.406010547,0.439243235,0.474759454,0.510541221,0.546393628,0.579349437,0.616602536,0.650287971,0.687437768,0.720637644,0.756972909,0.792129589,0.826336694,0.862684557,0.895621224,0.933084954,0.968135267,1.002552,1.038152,1.072471,1.110413,1.142848,1.179091,1.213833,1.250582,1.282515,1.320074,1.355641,1.387057,1.430335,1.459949,1.498152,1.52962,1.567165,1.597719,1.634406,1.671199,1.699761,1.741049,1.773511,1.802007,1.841841,1.869322,1.906087,1.933916,1.97309,1.998491,2.025245,2.061975,2.071997,2.108139,2.111914,2.130366,2.122388,2.116607,2.078596,2.022872,1.923902,1.764471,1.537922,1.211474,0.779897495,0.241799898,-0.423437754,-1.191659,-2.071814,-3.051251,-4.119762,-5.268894,-6.50173,-7.792756,-9.162753,-10.601678,-12.086376,-13.642735,-15.259788,-16.924172,-18.671524,-20.455468,-22.293232,-24.18508,-26.142036,-28.126861,-28.676306],"unit":"mW"},"J":{"value":[0.016133511,0.023023308,0.023010358,0.023109126,0.023053111,0.023082913,0.023035791,0.023000215,0.023088062,0.023016911,0.02303938,0.023023308,0.023070585999999997,0.023091650999999998,0.023028457,0.023056075,0.023042344,0.023045933,0.023021904,0.023042967999999997,0.023018315,0.023026273,0.023090871,0.023017535,0.023094615000000002,0.022987733,0.023008173,0.023035011,0.023062629,0.022971817000000002,0.023051705999999998,0.022995846,0.023062629,0.022999435,0.023035791,0.023033605999999998,0.023005989,0.023037975,0.022979151000000003,0.023037195,0.023032826,0.023016131000000002,0.023025493,0.023005989,0.023064032999999998,0.023007393,0.023028457,0.023019718999999998,0.023049522,0.022990697,0.023032826,0.0230386,0.022975406,0.023107566,0.023017535,0.023064813,0.023008173,0.023042967999999997,0.022976186,0.022998031000000002,0.0230205,0.022930469,0.023013946,0.022979151000000003,0.022894893,0.022955121999999998,0.022862126,0.022883971,0.022799713,0.022850580000000002,0.022742293,0.022652262,0.02267551,0.022409006000000002,0.02242929,0.022109734,0.021951517,0.021531008,0.02114467,0.020452507,0.019609304,0.018377579,0.016612064,0.014273596,0.011086776,0.007038809,0.0021526329999999997,-0.003719049,-0.010327675,-0.017720835,-0.025761689,-0.034340701,-0.043366436,-0.05284888,-0.06256521699999999,-0.072673041,-0.08307779600000001,-0.093591463,-0.10441033,-0.115435317,-0.126562662,-0.138051691,-0.149551643,-0.161185315,-0.172951771,-0.184927467,-0.196842155,-0.200150837],"unit":"A\/cm2"},"power_density":{"value":[-3.225599,-4.235049,-3.864675,-3.51128,-3.134061,-2.768582,-2.394472,-2.022693,-1.660838,-1.287591,-0.920140631,-0.550921996,-0.184403488,0.184869841,0.554081406,0.923781288,1.29208,1.660841,2.027219,2.398438,2.763929,3.133284,3.511639,3.868872,4.251419,4.599406,4.971303,5.345981,5.721399,6.066486,6.456571,6.809298,7.198301,7.545944,7.926418,8.294551,8.65274,9.033346,9.378233,9.770523,10.137542,10.497926,10.870698,11.230063,11.627362,11.966992,12.346498,12.710289,13.095103,13.429475,13.822769,14.195198,14.524153,14.977334,15.28742,15.687451,16.016966,16.410102,16.730042,17.114202,17.499471,17.798549,18.230882,18.570799,18.869183,19.286296,19.574056,19.959029,20.250434,20.66063,20.926603,21.206753,21.591366,21.696303,22.074752,22.114278,22.307494,22.223959,22.163422,21.765405,21.181904,20.145572,18.476136,16.103897,12.685596,8.166466,2.531936,-4.433903,-12.478101,-21.694392,-31.950268,-43.138873,-55.171663,-68.080942,-81.599536,-95.94506,-111.012335,-126.558909,-142.855863,-159.788357,-177.216465,-195.513336,-214.193382,-233.436987,-253.246913,-273.738597,-294.522101,-300.275454],"unit":"mW\/cm2"},"timestamps":{"value":[0.018,0.043,0.066,0.087,0.112,0.134,0.157,0.181,0.203,0.226,0.248,0.271,0.295,0.318,0.341,0.365,0.387,0.407,0.429,0.452,0.474,0.497,0.524,0.546,0.568,0.604,0.632,0.655,0.677,0.698,0.721,0.745,0.766,0.792,0.814,0.836,0.861,0.884,0.907,0.929,0.951,0.974,0.999,1.022,1.043,1.067,1.088,1.111,1.133,1.155,1.177,1.2,1.222,1.245,1.267,1.289,1.309,1.335,1.358,1.38,1.402,1.424,1.451,1.487,1.508,1.53,1.552,1.573,1.594,1.618,1.64,1.662,1.684,1.707,1.728,1.751,1.773,1.795,1.816,1.839,1.867,1.889,1.912,1.935,1.957,1.981,2.003,2.026,2.052,2.085,2.106,2.132,2.157,2.18,2.202,2.225,2.248,2.272,2.296,2.317,2.353,2.375,2.396,2.418,2.441,2.464,2.485,2.507],"unit":"s"},"p_max":{"unit":"mW","value":2.130366},"v_p_max":{"unit":"V","value":1.016217},"i_p_max":{"unit":"mA","value":2.09637},"j_p_max":{"unit":"mA\/cm2","value":21.951517},"voc":{"unit":"V","value":1.182074},"isc":{"unit":"mA","value":2.204246},"jsc":{"unit":"mA\/cm2","value":23.08111},"fill_factor":{"unit":"%","value":81.76162},"efficiency":{"unit":"%","value":22.307494},"r_s":{"unit":"ohms","value":20.174769},"r_sh":{"unit":"ohms","value":360.412409},"cell_dimension":{"value":0.09549998137417207,"unit":"cm2"},"sweep_direction":{"unit":"","value":"Forward"},"key":"forward24_1cell_231019"}]}}