{"_id":"652fd25168333e4c3d5bc020","id":"KAIST-SC-00036","author":105,"group":12,"input":[{"tco":{"unit":"","value":"ITO"}},{"etl":[{"material":{"unit":"","value":"SnO2"},"concentration":{"unit":"","value":"5"},"conc_unit":{"unit":"","value":"wt%"},"quantity":{"unit":"ml","value":"0.4"}}],"solvent":[{"material":{"unit":"","value":"DI Water"},"volume":{"unit":"ml","value":"0.8"}}],"spin_coating":[{"type":{"unit":"","value":"drop&run"},"rpm":{"unit":"","value":"4000"},"time":{"unit":"s","value":"30"}}],"annealing":[{"temperature":{"unit":"oC","value":"150"},"time":{"unit":"m","value":"30"}}]},{"perovskite":{"method":{"unit":"","value":"1-step"},"molarity":{"unit":"M","value":"1.8"},"a_site":[{"material":{"unit":"","value":"FA"},"ratio":{"unit":"","value":"100"}}],"b_site":[{"material":{"unit":"","value":"Pb"},"ratio":{"unit":"","value":"100"}}],"x_site":[{"material":{"unit":"","value":"I"},"ratio":{"unit":"","value":"100"}}],"solvent":[{"material":{"unit":"","value":"DMF"},"volume":{"unit":"ml","value":"0.8"}},{"material":{"unit":"","value":"DMSO"},"volume":{"unit":"ml","value":"0.1"}}],"additive":[{"material":{"unit":"","value":"MACl"},"solvent":{"unit":"","value":"None"},"concentration":{"unit":"","value":"47.62"},"conc_unit":{"unit":"","value":"mg\/ml"},"quantity":{"unit":"mol%","value":"35"}}],"stirring_time":[{"unit":"m","value":"20"}],"antisolvent":[{"material":{"unit":"","value":"DEE"},"quantity":{"unit":"ul","value":"1000"},"dripping_time":{"unit":"s","value":"28"}}],"spin_coating":[{"type":{"unit":"","value":"drop&run"},"rpm":{"unit":"","value":"5000"},"time":{"unit":"s","value":"15"}}],"annealing":[{"temperature":{"unit":"oC","value":"100"},"time":{"unit":"m","value":"45"}},{"temperature":{"unit":"oC","value":"150"},"time":{"unit":"m","value":"15"}}],"atmosphere":[{"type":{"unit":"","value":"Air"},"temperature":{"unit":"oC","value":"22"},"humidity":{"unit":"RH%","value":"19"}}]}},{"perovskite_treatment":[{"material":{"unit":"","value":"OAI"},"concentration":{"unit":"","value":"2.5"},"conc_unit":{"unit":"","value":"mg\/ml"},"quantity":{"unit":"ml","value":"0.4"}}],"solvent":[{"material":{"unit":"","value":"CF"},"volume":{"unit":"ml","value":"0.8"}}],"spin_coating":[{"type":{"unit":"","value":"drop&run"},"rpm":{"unit":"","value":"5000"},"time":{"unit":"s","value":"5"}}],"annealing":[{"temperature":{"unit":"oC","value":"100"},"time":{"unit":"m","value":"3"}}]},{"htl":[{"material":{"unit":"","value":"Spiro-OMeTAD"},"concentration":{"unit":"","value":"91"},"conc_unit":{"unit":"","value":"mg\/ml"},"quantity":{"unit":"ml","value":"0.08"}}],"solvent":[{"material":{"unit":"","value":"CB"},"volume":{"unit":"ml","value":"1.1"}}],"htl_doping":[{"material":{"unit":"","value":"tBP"},"volume":{"unit":"ul","value":"39"}},{"material":{"unit":"","value":"Li-TFSI"},"volume":{"unit":"ul","value":"23"}},{"material":{"unit":"","value":"Co-TFSI"},"volume":{"unit":"ul","value":"10"}}],"spin_coating":[{"type":{"unit":"","value":"dynamic"},"rpm":{"unit":"","value":"2000"},"time":{"unit":"s","value":"30"}}]},{"anode_metal":{"unit":"","value":"Au"}},{"note":{"unit":"","value":"-"},"ar":{"unit":"","value":"0"},"type":{"unit":"","value":"unit_cell"},"device_type":{"unit":"","value":"n-i-p"},"temperature":{"unit":"oC","value":"22"},"humidity":{"unit":"%","value":"19"},"cell_dimension":{"unit":"cm2","value":"0.0955"}}],"fileinfo":[{"key":"reverse9_1cell_231018","uploadType":"JV","original_name":"reverse9_1cell_231018.csv","save_name":"KAIST-SC-00036\/reverse9_1cell_231018","uploader":105,"fileType":""},{"key":"forward9_1cell_231018","uploadType":"JV","original_name":"forward9_1cell_231018.csv","save_name":"KAIST-SC-00036\/forward9_1cell_231018","uploader":105,"fileType":""},{"key":"reverse9_4cell_231018","uploadType":"JV","original_name":"reverse9_4cell_231018.csv","save_name":"KAIST-SC-00036\/reverse9_4cell_231018","uploader":105,"fileType":""},{"key":"forward9_4cell_231018","uploadType":"JV","original_name":"forward9_4cell_231018.csv","save_name":"KAIST-SC-00036\/forward9_4cell_231018","uploader":105,"fileType":""},{"key":"reverse9_3cell_231018","uploadType":"JV","original_name":"reverse9_3cell_231018.csv","save_name":"KAIST-SC-00036\/reverse9_3cell_231018","uploader":105,"fileType":""},{"key":"forward9_3cell_231018","uploadType":"JV","original_name":"forward9_3cell_231018.csv","save_name":"KAIST-SC-00036\/forward9_3cell_231018","uploader":105,"fileType":""},{"key":"reverse9_2cell_231018","uploadType":"JV","original_name":"reverse9_2cell_231018.csv","save_name":"KAIST-SC-00036\/reverse9_2cell_231018","uploader":105,"fileType":""},{"key":"forward9_2cell_231018","uploadType":"JV","original_name":"forward9_2cell_231018.csv","save_name":"KAIST-SC-00036\/forward9_2cell_231018","uploader":105,"fileType":""}],"jvcnt":8,"updated_at":"2024-08-19 05:08:22","created_at":"2023-10-18 12:40:49","analysisInfo":{"JV":[{"efficiency":19.619128,"fill_factor":76.220678,"jsc":22.319128,"voc":1.153266,"key":"reverse9_4cell_231018","cell_dimension":0.09550000113468149},{"efficiency":20.054611,"fill_factor":76.836079,"jsc":22.597902,"voc":1.154997,"key":"reverse9_3cell_231018","cell_dimension":0.09549999874063736},{"efficiency":20.855553,"fill_factor":78.488131,"jsc":22.758932,"voc":1.167524,"key":"reverse9_2cell_231018","cell_dimension":0.0955000000655017},{"efficiency":20.480059,"fill_factor":76.939005,"jsc":22.883349,"voc":1.163229,"key":"reverse9_1cell_231018","cell_dimension":0.09549999942712531},{"efficiency":20.798616,"fill_factor":79.619074,"jsc":22.349941,"voc":1.168802,"key":"forward9_4cell_231018","cell_dimension":0.09550002984785229},{"efficiency":21.440138,"fill_factor":80.74635,"jsc":22.640689,"voc":1.172776,"key":"forward9_3cell_231018","cell_dimension":0.09549998951366805},{"efficiency":21.970161,"fill_factor":81.876907,"jsc":22.775707,"voc":1.178148,"key":"forward9_2cell_231018","cell_dimension":0.09549997630896503},{"efficiency":22.107681,"fill_factor":81.857072,"jsc":22.928679,"voc":1.177899,"key":"forward9_1cell_231018","cell_dimension":0.09550001276865223}]},"public":2,"tags":[],"analysis":{"JV":[{"V":{"value":[1.500042,1.483051,1.466081,1.449062,1.432055,1.415076,1.398051,1.38107,1.364076,1.347049,1.330049,1.313061,1.296066,1.279041,1.26206,1.245056,1.228039,1.211052,1.194059,1.177065,1.160047,1.143056,1.126071,1.109034,1.092051,1.075066,1.058074,1.041039,1.024056,1.007048,0.990026474,0.973060846,0.956058264,0.939062357,0.922032595,0.905040741,0.888060093,0.871028662,0.854039669,0.83705616,0.820031881,0.803035974,0.786034822,0.769052505,0.752036333,0.735033751,0.718037844,0.701021671,0.684027195,0.667034149,0.65005064,0.633053541,0.616044044,0.599055052,0.582029343,0.565036297,0.548048735,0.531051397,0.514031172,0.49704361,0.48004508,0.463019133,0.446037054,0.429041147,0.412041426,0.395025015,0.378036022,0.361040354,0.344018698,0.327028275,0.310039282,0.293012142,0.276019096,0.259021997,0.242027521,0.225005865,0.20801878,0.191025257,0.174023628,0.157019138,0.140016079,0.123025179,0.106020689,0.089016199,0.072010517,0.05502367,0.038022041,0.02100262,0.00400281,-0.012996316,-0.029980898,-0.046975851,-0.06397748,-0.080971003,-0.097995996,-0.114979982,-0.131992817,-0.148973942,-0.165983915,-0.182977438,-0.199969769,-0.199969769],"unit":"V"},"I":{"value":[-0.013298005,-0.014511675,-0.014141142,-0.013628244000000001,-0.012925938,-0.012076065,-0.011223003,-0.010309264,-0.009384573,-0.008462085999999999,-0.007555351,-0.00665389,-0.005779877,-0.0049296620000000005,-0.0041056569999999995,-0.0033224369999999997,-0.002580747,-0.001886696,-0.001250491,-0.0006810724740000001,-0.000172749162,0.000260129571,0.000623524189,0.000926986337,0.001168475,0.001362234,0.001517087,0.0016365050000000001,0.0017336609999999998,0.001813069,0.001870289,0.001919106,0.001959741,0.001985967,0.002014458,0.002032906,0.002049834,0.002063558,0.002074108,0.002081245,0.002090752,0.0020950440000000003,0.0021017790000000002,0.002106428,0.002108365,0.002113357,0.002113357,0.0021170969999999996,0.002116472,0.00211738,0.0021173060000000002,0.0021136400000000004,0.002118215,0.002118841,0.002119109,0.002121061,0.0021225809999999997,0.0021207780000000002,0.00212203,0.002124101,0.002119526,0.002124101,0.002121329,0.002124041,0.002120018,0.0021235499999999997,0.002123341,0.002126187,0.002125636,0.002126813,0.002126321,0.0021255609999999998,0.002125353,0.002122506,0.002125695,0.002128482,0.002128884,0.002127707,0.002127439,0.0021294499999999997,0.0021290330000000002,0.002132297,0.002132908,0.0021304189999999997,0.002130687,0.0021306280000000003,0.002130553,0.002132297,0.0021306280000000003,0.002134234,0.0021341000000000003,0.002133533,0.0021352769999999997,0.002135485,0.0021372879999999998,0.002132088,0.002135485,0.002136454,0.002135485,0.002138183,0.0021342929999999998,0.0021374970000000004],"unit":"A"},"resistance":{"value":[-112.802049,-102.197067,-103.67484,-106.327828,-110.789254,-117.180186,-124.570155,-133.964012,-145.353014,-159.186365,-176.040644,-197.337382,-224.237557,-259.458177,-307.395396,-374.741794,-475.846158,-641.890723,-954.87277,-1728.252,-6715.212,4394.178,1805.978,1196.387,934.595065,789.19285,697.437658,636.135198,590.690229,555.438528,529.343988,507.038707,487.849265,472.848885,457.707489,445.195608,433.235225,422.100503,411.762485,402.190077,392.218605,383.30274,373.98548,365.097906,356.691667,347.803843,339.761706,331.123962,323.19225,315.028002,307.017806,299.508643,290.831693,282.727729,274.657572,266.393222,258.199208,250.404053,242.23562,234.00188,226.486969,217.983584,210.262995,201.992844,194.357512,186.021093,178.038303,169.806484,161.842733,153.764475,145.810183,137.851659,129.869789,122.035903,113.858047,105.711901,97.712586,89.779869,81.799594,73.73693,65.765099,57.696092,49.70712,41.783423,33.79685,25.825099,17.846089,9.849765,1.8787,-6.089453,-14.0485,-22.017866,-29.962148,-37.916907,-45.850618,-53.928349,-61.809281,-69.729534,-77.726551,-85.576155,-93.693668,-93.553236],"unit":"ohms"},"conductance":{"value":[-0.008865087,-0.009785017,-0.009645542,-0.009404876,-0.009026146,-0.008533866,-0.008027605,-0.007464691,-0.006879802,-0.006281945,-0.005680506,-0.005067464,-0.004459556,-0.003854186,-0.003253139,-0.002668504,-0.00210152,-0.001557898,-0.00104726,-0.000578619306,-0.00014891562,0.000227573841,0.000553716714,0.000835850195,0.001069982,0.001267117,0.00143382,0.001571993,0.001692935,0.001800379,0.001889131,0.001972236,0.002049813,0.002114841,0.002184801,0.002246204,0.002308215,0.002369104,0.002428585,0.002486387,0.002549599,0.002608904,0.002673901,0.002738991,0.002803542,0.002875184,0.002943239,0.003020017,0.003094134,0.003174321,0.00325714,0.003338802,0.003438415,0.003536972,0.003640897,0.003753849,0.003872979,0.003993546,0.004128212,0.00427347,0.004415265,0.004587501,0.004755949,0.00495067,0.005145157,0.005375734,0.005616769,0.005889057,0.006178838,0.006503453,0.006858232,0.007254175,0.00770002,0.00819431,0.008782866,0.009459673,0.010234096,0.011138354,0.012225,0.013561725,0.015205634,0.017332196,0.020117842,0.023932936,0.029588556,0.03872202,0.056034685,0.101525263,0.532283042,-0.164218362,-0.071181978,-0.045417663,-0.033375444,-0.026373459,-0.021809957,-0.018543123,-0.0161788,-0.014341125,-0.012865617,-0.011685498,-0.01067308,-0.010689101],"unit":"S"},"power":{"value":[-19.947568,-21.521548,-20.732055,-19.748166,-18.510654,-17.088544,-15.690334,-14.237819,-12.801269,-11.398843,-10.048985,-8.736965,-7.4911,-6.30524,-5.181587,-4.136621,-3.169257,-2.284887,-1.49316,-0.8016665,-0.200397197,0.297342583,0.702132344,1.028059,1.276033,1.464491,1.60519,1.703665,1.775366,1.825848,1.851636,1.867407,1.873627,1.864947,1.857396,1.839863,1.820375,1.797418,1.77137,1.742119,1.714483,1.682395,1.652071,1.619954,1.585567,1.553389,1.51747,1.484131,1.447724,1.412365,1.376356,1.338047,1.304914,1.269302,1.233384,1.198477,1.163278,1.126242,1.090789,1.055771,1.017468,0.983499367,0.946191475,0.911301124,0.873535241,0.838855205,0.802699372,0.767639338,0.73125844,0.695527964,0.659243097,0.622815251,0.58663791,0.549775873,0.514476776,0.478920903,0.442847893,0.406445778,0.370224616,0.334364473,0.298098882,0.262326166,0.226132324,0.189641803,0.15343189,0.117234952,0.081007979,0.044783815,0.008528497,-0.027737176,-0.063982222,-0.100224545,-0.136609628,-0.172912395,-0.209445712,-0.245147434,-0.281868735,-0.318275972,-0.35445623,-0.39123916,-0.426794141,-0.427434794],"unit":"mW"},"J":{"value":[-0.139246124,-0.15195470800000002,-0.148074789,-0.14270412999999998,-0.135350134,-0.126450942,-0.117518359,-0.107950409,-0.098267775,-0.088608234,-0.079113619,-0.069674241,-0.060522275,-0.051619495,-0.042991176000000006,-0.03478992,-0.027023529,-0.019755975,-0.013094142,-0.007131649,-0.0018088919999999999,0.0027238699999999998,0.0065290489999999994,0.009706663,0.012235336,0.014264234,0.01588573,0.017136178999999998,0.018153515,0.018985016,0.019584182999999998,0.020095347,0.020520848999999997,0.020795468,0.021093803,0.021286971999999998,0.021464226,0.021607932000000003,0.021718402999999997,0.021793143,0.021892692000000002,0.02193763,0.022008157,0.022056839,0.022077124,0.022129395,0.022129395,0.022168558999999997,0.022162006,0.022171524,0.022170743000000003,0.022132359,0.022180261000000003,0.022186815,0.022189623000000002,0.022210063999999998,0.022225979,0.022207099,0.022220206,0.022241893999999998,0.022193992000000003,0.022241893999999998,0.022212872,0.02224127,0.022199141000000002,0.022236121,0.022233937000000002,0.022263739,0.022257966,0.022270293,0.022265142999999998,0.022257186,0.022255001,0.022225199,0.02225859,0.022287768,0.022291981,0.022279654,0.022276846,0.02229791,0.022293541,0.022327713,0.022334109999999997,0.022308053,0.022310860999999998,0.022310237,0.022309456999999998,0.022327713,0.022310237,0.022347996999999998,0.022346592999999998,0.022340663,0.022358919,0.022361104,0.022379984,0.022325527999999997,0.022361104,0.022371246,0.022361104,0.022389346,0.022348621000000003,0.022382168],"unit":"A\/cm2"},"power_density":{"value":[-208.875063,-225.356519,-217.089586,-206.787079,-193.828835,-178.937635,-164.29669,-149.087112,-134.044703,-119.359611,-105.224975,-91.486545,-78.440837,-66.023453,-54.257451,-43.315405,-33.185935,-23.925521,-15.635183,-8.394414,-2.0984,3.113535,7.352171,10.76502,13.361605,15.334988,16.808274,17.839423,18.590224,19.118829,19.388859,19.553995,19.619128,19.528241,19.449174,19.265577,19.061522,18.821128,18.548378,18.242085,17.952706,17.616706,17.299178,16.962867,16.602799,16.265852,15.889743,15.54064,15.159414,14.789163,14.412106,14.010968,13.664018,13.291123,12.915012,12.549492,12.18092,11.793111,11.421878,11.055192,10.654117,10.298423,9.907764,9.54242,9.146966,8.783824,8.405229,8.038108,7.657156,7.283015,6.903069,6.521626,6.142805,5.756815,5.387191,5.014879,4.637151,4.255977,3.876698,3.501199,3.121454,2.746871,2.367878,1.985778,1.606617,1.227591,0.848251089,0.468940475,0.089303629,-0.29044163,-0.669970914,-1.049472,-1.430467,-1.810601,-2.193149,-2.566989,-2.951505,-3.332733,-3.711584,-4.096745,-4.469049,-4.475757],"unit":"mW\/cm2"},"timestamps":{"value":[0.019,0.044,0.061,0.087,0.116,0.14,0.178,0.202,0.224,0.249,0.271,0.294,0.317,0.338,0.361,0.384,0.407,0.428,0.45,0.473,0.495,0.518,0.539,0.56,0.583,0.606,0.627,0.648,0.669,0.691,0.713,0.736,0.759,0.781,0.801,0.824,0.846,0.867,0.891,0.913,0.933,0.956,0.978,1,1.035,1.061,1.084,1.105,1.129,1.151,1.175,1.196,1.217,1.24,1.262,1.286,1.308,1.33,1.353,1.375,1.397,1.42,1.443,1.466,1.488,1.51,1.531,1.559,1.58,1.603,1.625,1.651,1.673,1.696,1.719,1.742,1.767,1.79,1.805,1.83,1.851,1.887,1.91,1.933,1.955,1.977,1.999,2.025,2.046,2.069,2.091,2.115,2.138,2.161,2.183,2.206,2.228,2.249,2.271,2.3,2.323,2.344],"unit":"s"},"p_max":{"unit":"mW","value":1.873627},"v_p_max":{"unit":"V","value":0.956058264},"i_p_max":{"unit":"mA","value":1.959741},"j_p_max":{"unit":"mA\/cm2","value":20.520849},"voc":{"unit":"V","value":1.153266},"isc":{"unit":"mA","value":2.131477},"jsc":{"unit":"mA\/cm2","value":22.319128},"fill_factor":{"unit":"%","value":76.220678},"efficiency":{"unit":"%","value":19.619128},"r_s":{"unit":"ohms","value":26.628552},"r_sh":{"unit":"ohms","value":7199.091},"cell_dimension":{"value":0.09550000113468149,"unit":"cm2"},"sweep_direction":{"unit":"","value":"Reverse"},"key":"reverse9_4cell_231018"},{"V":{"value":[1.500046,1.483049,1.466084,1.449062,1.432056,1.415076,1.398059,1.381051,1.364068,1.347047,1.330049,1.31306,1.296067,1.279047,1.26206,1.24506,1.228036,1.211051,1.194062,1.177065,1.160047,1.143053,1.126075,1.109035,1.092055,1.075066,1.05807,1.04104,1.024052,1.007059,0.990030766,0.973040342,0.956056833,0.939062357,0.922035217,0.905042171,0.888061285,0.871031523,0.8540411,0.837049484,0.82002902,0.803037405,0.786040306,0.769066334,0.752039194,0.73503232,0.718039274,0.701025724,0.684024572,0.66703701,0.650048017,0.633039951,0.616049528,0.599052429,0.582026482,0.565036297,0.548047304,0.531051397,0.514031172,0.497047663,0.480042219,0.463017702,0.446035624,0.429041147,0.412031889,0.395038843,0.378037453,0.361040354,0.344017267,0.327028275,0.310036659,0.293017626,0.276017666,0.259028673,0.242035627,0.225004435,0.20801878,0.191023827,0.174023628,0.157016277,0.140013218,0.123022556,0.10602212,0.089013577,0.072011948,0.055025101,0.038023472,0.021002054,0.004003078,-0.012997985,-0.029980898,-0.046979904,-0.063974857,-0.080972433,-0.097980976,-0.114981413,-0.131974936,-0.14897275,-0.16597724,-0.182976246,-0.199976444,-0.199971199],"unit":"V"},"I":{"value":[-0.018427178000000002,-0.018454164,-0.017694994999999998,-0.016708791,-0.015641987,-0.01454787,-0.013412222,-0.012280300000000001,-0.011138543,-0.010007396,-0.008896350999999999,-0.007799119,-0.006736204,-0.005710468,-0.004718632,-0.00378187,-0.0029053689999999997,-0.002090245,-0.001354516,-0.00070720911,-0.000140011311,0.00033114850499999996,0.000716239214,0.001026019,0.001268476,0.001458898,0.001602948,0.001715288,0.001801908,0.001871958,0.001921669,0.001968279,0.001999617,0.002031878,0.002053306,0.002074167,0.0020856110000000002,0.002099276,0.002108082,0.002113283,0.002122656,0.00212431,0.0021324900000000003,0.002133533,0.00213562,0.002141371,0.0021408200000000003,0.0021397020000000003,0.002141163,0.002144009,0.002143249,0.002144352,0.002142698,0.002146855,0.002150729,0.002148107,0.002145603,0.002145395,0.002149343,0.002147123,0.002147615,0.002147749,0.002149343,0.002149493,0.0021497609999999996,0.0021535160000000003,0.0021543350000000003,0.002149284,0.002153024,0.002153441,0.002152264,0.002153099,0.002156347,0.002153441,0.002155662,0.0021588500000000004,0.002156213,0.002157331,0.002155453,0.0021561379999999997,0.002157882,0.00215517,0.002155319,0.002157047,0.002158433,0.0021598190000000003,0.002162039,0.0021613540000000003,0.0021574650000000003,0.002160162,0.002160445,0.002159134,0.002162248,0.0021593420000000003,0.002163634,0.002161965,0.002161831,0.0021566299999999997,0.0021588500000000004,0.002161562,0.002159134,0.002163425],"unit":"A"},"resistance":{"value":[-81.404026,-80.363929,-82.853007,-86.724504,-91.552077,-97.270293,-104.237712,-112.460711,-122.463749,-134.605174,-149.504985,-168.360022,-192.403133,-223.982799,-267.463175,-329.218202,-422.678155,-579.382181,-881.541738,-1664.38,-8285.383,3451.783,1572.205,1080.911,860.91845,736.902426,660.077492,606.918609,568.31557,537.970882,515.193275,494.360863,478.120067,462.164817,449.049211,436.340041,425.803848,414.920045,405.127044,396.089691,386.322235,378.022783,368.602059,360.466046,352.141,343.253081,335.403848,327.62767,319.464072,311.116721,303.30029,295.212758,287.51119,279.03721,270.618195,263.039214,255.428067,247.530863,239.157293,231.494708,223.52341,215.582774,207.521797,199.601137,191.66407,183.439026,175.477531,167.981697,159.783288,151.863101,144.0514,136.091133,128.002432,120.285922,112.279047,104.224189,96.474136,88.546389,80.736454,72.822911,64.884561,57.082534,49.190921,41.266398,33.363065,25.476718,17.586855,9.717083,1.855455,-6.017135,-13.877187,-21.758684,-29.587198,-37.498658,-45.285381,-53.183759,-61.047767,-69.076633,-76.882232,-84.649993,-92.61884,-92.432689],"unit":"ohms"},"conductance":{"value":[-0.012284405,-0.012443394,-0.012069568,-0.011530766,-0.010922745,-0.010280631,-0.009593457,-0.008891994,-0.008165682,-0.007429135,-0.00668874,-0.005939652,-0.005197421,-0.004464629,-0.003738832,-0.003037499,-0.002365866,-0.001725976,-0.001134376,-0.000600824231,-0.000120694485,0.00028970534,0.000636049417,0.000925145933,0.00116155,0.001357032,0.001514974,0.001647667,0.001759586,0.001858837,0.001941019,0.002022814,0.002091525,0.00216373,0.002226927,0.002291791,0.002348499,0.002410103,0.002468362,0.002524681,0.002588513,0.002645343,0.002712953,0.002774186,0.002839772,0.002913302,0.00298148,0.003052245,0.003130242,0.003214228,0.003297062,0.003387387,0.003478125,0.003583751,0.003695243,0.003801715,0.003914997,0.0040399,0.004181349,0.004319753,0.004473804,0.00463859,0.004818771,0.005009992,0.005217462,0.005451403,0.005698735,0.00595303,0.006258477,0.006584878,0.006941967,0.007348017,0.007812352,0.008313525,0.008906381,0.009594702,0.010365472,0.011293515,0.012385979,0.013731942,0.015411987,0.017518493,0.020328955,0.024232791,0.029973265,0.039251523,0.056860649,0.102911544,0.538951467,-0.166192048,-0.072060712,-0.045958662,-0.033798401,-0.026667621,-0.022082182,-0.018802733,-0.016380615,-0.014476676,-0.013006906,-0.01181335,-0.010796939,-0.010818683],"unit":"S"},"power":{"value":[-27.641624,-27.368433,-25.94234,-24.212068,-22.400208,-20.586334,-18.751083,-16.959725,-15.193728,-13.480437,-11.832581,-10.240709,-8.73057,-7.303954,-5.955197,-4.708657,-3.567897,-2.531394,-1.617376,-0.832431018,-0.162419742,0.378520232,0.806538923,1.137892,1.385245,1.568411,1.69603,1.785683,1.845248,1.885173,1.902511,1.915215,1.911747,1.90806,1.89322,1.877209,1.852151,1.828535,1.800389,1.768922,1.740639,1.7059,1.676223,1.640829,1.60607,1.573977,1.537193,1.499986,1.464608,1.430133,1.393215,1.35746,1.320008,1.286079,1.251781,1.213758,1.175892,1.139315,1.10483,1.067223,1.030946,0.994445837,0.958683764,0.922220729,0.885769972,0.850722397,0.814419459,0.775978215,0.740677459,0.704236196,0.667280777,0.630895835,0.595189876,0.557803045,0.521746904,0.485750921,0.448532782,0.41210153,0.375099746,0.338548828,0.302131983,0.265134504,0.228511473,0.192006503,0.155432978,0.118844258,0.08220824,0.04539287,0.008636499,-0.02807775,-0.064772077,-0.101435887,-0.138329501,-0.174847189,-0.211994942,-0.248585764,-0.285307462,-0.321279125,-0.358320035,-0.395514581,-0.431775851,-0.432622709],"unit":"mW"},"J":{"value":[-0.192954746,-0.19323732200000002,-0.185287904,-0.174961165,-0.163790443,-0.15233371299999998,-0.140442118,-0.12858953199999998,-0.116633963,-0.10478949,-0.093155506,-0.08166616500000001,-0.07053616800000001,-0.059795473,-0.049409754,-0.039600733,-0.03042271,-0.021887387,-0.014183409,-0.007405331,-0.0014660869999999998,0.003467524,0.007499887,0.010743659,0.013282474,0.015276420999999998,0.016784793,0.017961126,0.018868147000000002,0.019601658,0.020122185,0.020610256,0.020938394,0.021276206,0.021500581,0.021719028,0.021838861,0.021981943,0.022074159000000003,0.022128613999999998,0.022226759000000002,0.022244079,0.022329741,0.022340663,0.022362508,0.022422737,0.022416964,0.022405261,0.022420552,0.022450354999999998,0.022442397,0.022453943,0.022436624,0.022480156999999997,0.022520726,0.022493264,0.02246705,0.022464866,0.022506215,0.022482966,0.022488115,0.022489519000000003,0.022506215,0.022507774999999997,0.022510583,0.022549904000000003,0.022558486,0.022505590000000002,0.022544755,0.022549124,0.022536797,0.022545535000000002,0.02257955,0.022549124,0.022572373,0.022605764,0.022578146,0.022589848,0.022570188,0.022577366,0.022595622,0.022567224,0.022568784,0.022586884,0.022601395,0.022615905999999998,0.022639154999999998,0.022631976999999998,0.022591253,0.022619495,0.022622458999999998,0.022608727999999998,0.022641339,0.022610913,0.02265585,0.022638375,0.022636970000000003,0.022582515,0.022605764,0.022634162,0.022608727999999998,0.022653666000000003],"unit":"A\/cm2"},"power_density":{"value":[-289.44109,-286.580447,-271.647543,-253.529511,-234.557157,-215.563711,-196.346419,-177.58874,-159.096633,-141.156403,-123.901369,-107.232559,-91.419583,-76.481193,-62.358082,-49.305306,-37.360181,-26.506742,-16.93587,-8.716555,-1.70073,3.963563,8.445434,11.915097,14.505187,16.423155,17.759481,18.69825,19.321971,19.740028,19.921582,20.054611,20.018295,19.979684,19.824293,19.656636,19.394247,19.146966,18.852239,18.522745,18.226588,17.862827,17.552077,17.181452,16.817483,16.481436,16.09626,15.706664,15.336209,14.975217,14.588636,14.214243,13.822072,13.466793,13.107659,12.70951,12.313006,11.929998,11.568896,11.175106,10.795244,10.413045,10.038573,9.656762,9.275078,8.908088,8.527952,8.125426,7.755785,7.374201,6.987233,6.606239,6.232355,5.84087,5.463318,5.086397,4.696678,4.315199,3.927746,3.545014,3.163686,2.776278,2.39279,2.010539,1.62757,1.244442,0.860819263,0.475318013,0.090434541,-0.294007849,-0.67824164,-1.062156,-1.448476,-1.830861,-2.219842,-2.602992,-2.987513,-3.364179,-3.752042,-4.141514,-4.521213,-4.530081],"unit":"mW\/cm2"},"timestamps":{"value":[0.019,0.043,0.068,0.091,0.115,0.139,0.163,0.186,0.21,0.232,0.253,0.277,0.299,0.322,0.343,0.366,0.388,0.411,0.431,0.455,0.478,0.5,0.523,0.557,0.58,0.603,0.627,0.648,0.671,0.692,0.713,0.735,0.756,0.78,0.802,0.825,0.845,0.867,0.892,0.914,0.936,0.963,0.985,1.006,1.029,1.051,1.074,1.096,1.12,1.143,1.166,1.19,1.212,1.237,1.26,1.285,1.306,1.327,1.352,1.374,1.397,1.435,1.459,1.481,1.504,1.527,1.548,1.571,1.594,1.615,1.639,1.662,1.684,1.705,1.727,1.75,1.775,1.799,1.821,1.844,1.867,1.89,1.913,1.933,1.954,1.977,2,2.024,2.046,2.069,2.099,2.12,2.141,2.163,2.184,2.21,2.232,2.255,2.279,2.314,2.338,2.359],"unit":"s"},"p_max":{"unit":"mW","value":1.915215},"v_p_max":{"unit":"V","value":0.973040342},"i_p_max":{"unit":"mA","value":1.968279},"j_p_max":{"unit":"mA\/cm2","value":20.610256},"voc":{"unit":"V","value":1.154997},"isc":{"unit":"mA","value":2.1581},"jsc":{"unit":"mA\/cm2","value":22.597902},"fill_factor":{"unit":"%","value":76.836079},"efficiency":{"unit":"%","value":20.054611},"r_s":{"unit":"ohms","value":20.973733},"r_sh":{"unit":"ohms","value":6622.823},"cell_dimension":{"value":0.09549999874063736,"unit":"cm2"},"sweep_direction":{"unit":"","value":"Reverse"},"key":"reverse9_3cell_231018"},{"V":{"value":[1.500049,1.483047,1.466085,1.449056,1.432059,1.415074,1.398051,1.381054,1.364062,1.34705,1.33005,1.31306,1.296068,1.279042,1.262059,1.24506,1.228033,1.211051,1.194058,1.177065,1.160049,1.143061,1.126068,1.109034,1.092055,1.075074,1.058067,1.041032,1.024055,1.007054,0.990030766,0.973042965,0.956049919,0.939065218,0.922033787,0.90503931,0.888055801,0.871037006,0.854038477,0.837049484,0.820026398,0.803040028,0.786034822,0.769052505,0.75203228,0.735036373,0.718043327,0.701039314,0.684045076,0.667034149,0.650048017,0.63303709,0.616044044,0.599055052,0.58202529,0.56504035,0.548047304,0.531051397,0.514033794,0.497042179,0.480039597,0.463021994,0.446035624,0.429042578,0.412048101,0.395022392,0.378036022,0.361045837,0.344017267,0.327029705,0.310033798,0.293028593,0.276020527,0.259027481,0.242037058,0.225009918,0.208017349,0.191025257,0.17402482,0.157017708,0.140017271,0.123023748,0.106019259,0.089015007,0.07201314,0.055025101,0.038024664,0.021001637,0.004002094,-0.012995869,-0.029979467,-0.04698801,-0.063976049,-0.080972433,-0.097978354,-0.114981413,-0.131970882,-0.148971319,-0.165979862,-0.182974815,-0.199971199,-0.199966908],"unit":"V"},"I":{"value":[-0.014579772999999999,-0.014636636,-0.014016598,-0.013337597000000001,-0.012498334,-0.011608794,-0.010697275,-0.009783819,-0.008881584,-0.007970482,-0.0070743559999999995,-0.006195486,-0.005328983,-0.004489302999999999,-0.003678545,-0.002898991,-0.002165064,-0.001477748,-0.000844523311,-0.00027871131900000004,0.000218376517,0.000641003251,0.000987187028,0.0012611900000000001,0.001473889,0.00163804,0.001757666,0.00184913,0.00191544,0.001967862,0.002011761,0.002040684,0.002065301,0.002085343,0.0021007359999999997,0.0021116290000000003,0.002122656,0.0021297929999999996,0.002133191,0.00214152,0.002147272,0.002152607,0.002152532,0.00215511,0.002157539,0.002160862,0.0021582249999999997,0.002162531,0.0021621730000000003,0.0021616219999999998,0.0021666880000000004,0.002160937,0.002165094,0.0021635,0.0021643340000000004,0.0021611449999999997,0.002165645,0.002163082,0.002165362,0.002167106,0.002165571,0.002168834,0.0021704289999999998,0.002169251,0.00216946,0.0021700110000000003,0.002167523,0.0021654369999999997,0.0021665540000000002,0.002168283,0.0021681490000000003,0.002170846,0.002168775,0.002170086,0.00217022,0.002166346,0.002170578,0.002167106,0.002173483,0.002171129,0.0021665540000000002,0.0021723059999999997,0.0021683569999999997,0.002171189,0.002174109,0.0021756289999999997,0.002174795,0.0021716799999999996,0.002175078,0.002168283,0.002171963,0.002172574,0.002175421,0.0021732749999999997,0.002172858,0.0021748690000000003,0.00217557,0.002173975,0.0021762549999999998,0.00217557,0.002171755,0.002174318],"unit":"A"},"resistance":{"value":[-102.885629,-101.324277,-104.596327,-108.644467,-114.579995,-121.896734,-130.692275,-141.156933,-153.583228,-169.004857,-188.010077,-211.938158,-243.211167,-284.908946,-343.086424,-429.480601,-567.203992,-819.524614,-1413.884,-4223.24,5312.15,1783.237,1140.683,879.355554,740.934214,656.317156,601.972617,562.9846,534.631742,511.750176,492.121446,476.821918,462.910707,450.31691,438.909901,428.59776,418.370196,408.977275,400.357316,390.866924,381.892145,373.054666,365.167486,356.850657,348.560204,340.158855,332.700931,324.17538,316.369205,308.580378,300.019147,292.945703,284.534546,276.891687,268.916569,261.454134,253.064197,245.506786,237.389285,229.35761,221.668848,213.488883,205.505777,197.783701,189.931177,182.037012,174.40924,166.731186,158.785433,150.824281,142.994708,134.983601,127.270269,119.362777,111.526507,103.866117,95.835019,88.147643,80.067243,72.320764,64.626707,56.632785,48.893812,40.998284,33.123055,25.291581,17.484255,9.670685,1.839978,-5.993622,-13.802934,-21.627803,-29.40859,-37.258259,-45.091937,-52.868197,-60.660384,-68.52485,-76.268573,-84.104329,-92.078164,-91.967653],"unit":"ohms"},"conductance":{"value":[-0.00971953,-0.009869303,-0.009560565,-0.009204334,-0.008727527,-0.008203665,-0.007651562,-0.007084314,-0.006511128,-0.00591699,-0.005318864,-0.004718358,-0.004111653,-0.003509893,-0.002914717,-0.002328394,-0.001763034,-0.00122022,-0.000707271633,-0.000236785007,0.000188247711,0.000560777854,0.000876667427,0.001137196,0.001349647,0.001523654,0.001661205,0.001776248,0.001870446,0.001954078,0.002032019,0.002097219,0.002160244,0.002220658,0.002278372,0.00233319,0.002390228,0.002445124,0.002497769,0.002558416,0.00261854,0.002680572,0.002738469,0.002802293,0.002868945,0.002939803,0.003005702,0.00308475,0.003160864,0.003240647,0.003333121,0.003413602,0.003514512,0.00361152,0.003718625,0.003824763,0.003951566,0.004073207,0.00421249,0.004360004,0.004511234,0.004684085,0.004866043,0.005056028,0.005265065,0.005493388,0.005733641,0.005997678,0.006297807,0.006630232,0.006993266,0.007408307,0.007857295,0.008377821,0.008966478,0.009627779,0.010434599,0.011344603,0.012489502,0.013827287,0.015473479,0.017657617,0.020452486,0.024391265,0.030190452,0.039538849,0.057194317,0.103405289,0.543484898,-0.166844009,-0.072448367,-0.046236782,-0.034003671,-0.026839687,-0.022176914,-0.018914963,-0.016485224,-0.014593246,-0.01311156,-0.011889994,-0.010860338,-0.010873388],"unit":"S"},"power":{"value":[-21.870375,-21.706812,-20.549521,-19.326927,-17.898352,-16.427304,-14.955339,-13.511982,-12.115034,-10.736639,-9.409249,-8.135043,-6.906725,-5.742009,-4.642541,-3.609419,-2.65877,-1.789628,-1.00841,-0.32806131,0.2533274,0.732705768,1.11164,1.398702,1.609567,1.761014,1.859729,1.925003,1.961516,1.981743,1.991705,1.985673,1.974531,1.958273,1.936949,1.911107,1.885037,1.855129,1.821827,1.792559,1.76082,1.728629,1.691965,1.657393,1.622539,1.588312,1.549699,1.516019,1.479024,1.441876,1.408452,1.367953,1.333793,1.296055,1.259697,1.221134,1.186876,1.148708,1.113069,1.077143,1.03956,1.004218,0.968088489,0.93070123,0.893921898,0.857203095,0.819401738,0.781821923,0.745332101,0.709092906,0.672199394,0.63611991,0.598626309,0.562111886,0.525273668,0.487449272,0.451517808,0.413971919,0.378240053,0.340905697,0.303355025,0.267245249,0.229887641,0.193268368,0.156564431,0.119714212,0.082695837,0.045608842,0.008704866,-0.02817872,-0.065114308,-0.102084949,-0.139174811,-0.175975345,-0.212893002,-0.250069531,-0.287111831,-0.32385994,-0.361214503,-0.398074434,-0.434288419,-0.434791614],"unit":"mW"},"J":{"value":[-0.15266778,-0.15326320200000002,-0.146770665,-0.139660704,-0.130872608,-0.121558056,-0.11201335500000001,-0.10244837,-0.093000878,-0.083460546,-0.074077027,-0.064874195,-0.05580087,-0.047008405,-0.0385188,-0.030355927999999997,-0.022670829,-0.015473803,-0.008843176,-0.0029184429999999997,0.0022866650000000002,0.006712076,0.010337037,0.013206174000000001,0.01543339,0.017152251,0.018404884,0.019362616,0.020056963,0.020605887,0.021065561,0.021368421000000002,0.021626187999999998,0.021836051999999998,0.021997235,0.022111295,0.022226759000000002,0.022301499,0.022337074999999998,0.022424297,0.022484525999999998,0.022540386000000003,0.022539606,0.022566599,0.022592033,0.022626827999999998,0.022599209999999998,0.022644304,0.022640559,0.022634785999999997,0.022687837,0.022627607999999997,0.022671142,0.022654446,0.022663184,0.022629793,0.022676915000000002,0.022650077,0.022673950000000002,0.022692206,0.022676135,0.022710306,0.022727001,0.022714675,0.022716859,0.022722632,0.022696575,0.02267473,0.022686433000000002,0.022704533000000002,0.022703128,0.022731369999999997,0.022709682000000002,0.022723413,0.022724817,0.022684248,0.022728562,0.022692206,0.022758987999999997,0.022734335,0.022686433000000002,0.022746662,0.022705313,0.022734959,0.022765542,0.022781456999999998,0.022772719,0.022740108,0.022775683999999997,0.022704533000000002,0.022743073,0.022749469999999997,0.022779272,0.022756804,0.022752434999999998,0.022773499000000003,0.022780833,0.022764137,0.02278801,0.022780833,0.022740888,0.022767726],"unit":"A\/cm2"},"power_density":{"value":[-229.009168,-227.29646,-215.178228,-202.376202,-187.417302,-172.013658,-156.600412,-141.486723,-126.858992,-112.425544,-98.526167,-85.183698,-72.321732,-60.125746,-48.612997,-37.794965,-27.840528,-18.739564,-10.559265,-3.435197,2.652643,7.672312,11.640205,14.646096,16.854105,18.439934,19.473602,20.157095,20.539433,20.751238,20.855553,20.792392,20.675715,20.505477,20.282194,20.011591,19.738603,19.425431,19.076721,18.770246,18.437905,18.100832,17.716915,17.3549,16.989938,16.631542,16.227212,15.874547,15.487163,15.098175,14.748184,14.324115,13.966422,13.57126,13.190546,12.786746,12.428022,12.028355,11.655177,11.278984,10.885443,10.515371,10.137052,9.745563,9.360439,8.975949,8.580123,8.186617,7.804525,7.425057,7.038737,6.660941,6.268338,5.885988,5.500248,5.104181,4.727935,4.334784,3.960629,3.569693,3.176492,2.79838,2.4072,2.023753,1.639418,1.253552,0.86592499,0.477579497,0.091150433,-0.29506513,-0.68182521,-1.068952,-1.457328,-1.842674,-2.229246,-2.618529,-3.006407,-3.391204,-3.782351,-4.168319,-4.547523,-4.552792],"unit":"mW\/cm2"},"timestamps":{"value":[0.018,0.043,0.066,0.105,0.134,0.157,0.18,0.203,0.226,0.25,0.273,0.296,0.319,0.341,0.363,0.386,0.408,0.428,0.45,0.474,0.495,0.518,0.54,0.562,0.585,0.606,0.628,0.649,0.671,0.694,0.716,0.738,0.76,0.782,0.804,0.826,0.847,0.869,0.895,0.917,0.94,0.975,0.997,1.021,1.043,1.064,1.086,1.106,1.128,1.15,1.173,1.195,1.217,1.24,1.262,1.284,1.307,1.329,1.351,1.374,1.394,1.417,1.439,1.462,1.484,1.506,1.529,1.552,1.575,1.597,1.62,1.642,1.665,1.687,1.713,1.736,1.76,1.782,1.818,1.844,1.866,1.888,1.911,1.934,1.957,1.979,1.999,2.024,2.048,2.07,2.094,2.117,2.14,2.162,2.186,2.208,2.231,2.253,2.274,2.297,2.32,2.341],"unit":"s"},"p_max":{"unit":"mW","value":1.991705},"v_p_max":{"unit":"V","value":0.990030766},"i_p_max":{"unit":"mA","value":2.011761},"j_p_max":{"unit":"mA\/cm2","value":21.065561},"voc":{"unit":"V","value":1.167524},"isc":{"unit":"mA","value":2.173478},"jsc":{"unit":"mA\/cm2","value":22.758932},"fill_factor":{"unit":"%","value":78.488131},"efficiency":{"unit":"%","value":20.855553},"r_s":{"unit":"ohms","value":25.032961},"r_sh":{"unit":"ohms","value":7754.085},"cell_dimension":{"value":0.0955000000655017,"unit":"cm2"},"sweep_direction":{"unit":"","value":"Reverse"},"key":"reverse9_2cell_231018"},{"V":{"value":[1.500044,1.483048,1.466086,1.449062,1.432059,1.415077,1.398054,1.381055,1.364062,1.347051,1.33005,1.313061,1.296066,1.279044,1.262062,1.245059,1.228034,1.211055,1.194058,1.177066,1.160049,1.14306,1.126069,1.109035,1.092051,1.075064,1.058074,1.041039,1.024055,1.007056,0.990029335,0.973041773,0.956056833,0.939059734,0.922035217,0.905040741,0.888055801,0.871032715,0.85404253,0.837048054,0.82002902,0.803035974,0.786030769,0.769070387,0.752049923,0.735029697,0.718039274,0.701024532,0.684024572,0.66703701,0.650052071,0.63303709,0.616045475,0.599052429,0.582023859,0.565037489,0.548048735,0.531051397,0.514032602,0.497042179,0.480040789,0.463021994,0.446034193,0.429041147,0.412049532,0.395005941,0.378040314,0.361044407,0.344017267,0.327029705,0.310037851,0.293012142,0.276016235,0.259027481,0.242034197,0.225007057,0.208014727,0.191025257,0.17402482,0.157012224,0.140014648,0.123026609,0.10602212,0.089013577,0.072016001,0.055026531,0.038026094,0.021003067,0.004002392,-0.01299715,-0.029978037,-0.046977043,-0.063976049,-0.080975056,-0.097978354,-0.114982843,-0.131974936,-0.148968458,-0.165981293,-0.182973385,-0.199972391,-0.199972391],"unit":"V"},"I":{"value":[-0.013919711,-0.014208347,-0.013795227,-0.013099387,-0.012335926,-0.011491045,-0.010631666,-0.009732008,-0.008852318,-0.007961258,-0.007086068,-0.006217121999999999,-0.005365938,-0.004541174,-0.003741995,-0.002979711,-0.002262235,-0.00159134,-0.000970259309,-0.000407427549,9.3623996e-5,0.0005154758689999999,0.0008666664360000001,0.0011528579999999999,0.001376241,0.001548439,0.00168623,0.001786783,0.00186196,0.0019261839999999998,0.001975,0.002010033,0.002044499,0.002069741,0.002089366,0.002108783,0.002123475,0.002133265,0.0021393,0.002151638,0.0021543350000000003,0.002155945,0.002159059,0.0021654369999999997,0.002165645,0.002166197,0.00217244,0.002172574,0.002174109,0.002173901,0.002174243,0.0021714720000000002,0.002172992,0.00217618,0.0021731410000000004,0.002177089,0.0021772239999999997,0.002178058,0.0021754950000000004,0.0021786089999999998,0.0021795179999999996,0.002177924,0.0021801439999999997,0.002178341,0.002176121,0.002177432,0.0021797270000000002,0.002176389,0.0021797270000000002,0.00218083,0.002177984,0.002182007,0.00218153,0.002181321,0.00218077,0.0021826330000000002,0.002180561,0.002180561,0.002181187,0.002182007,0.002182156,0.002181247,0.0021850019999999997,0.002184853,0.002184644,0.002180904,0.0021828409999999996,0.002180412,0.0021850019999999997,0.002186522,0.0021855530000000002,0.002186388,0.00218381,0.002186179,0.002181947,0.0021874159999999998,0.0021878329999999997,0.002185762,0.00218901,0.002190262,0.002186105,0.002187774],"unit":"A"},"resistance":{"value":[-107.763992,-104.378645,-106.274885,-110.620566,-116.088489,-123.146061,-131.499046,-141.908572,-154.090976,-169.200814,-187.699322,-211.200813,-241.535698,-281.654875,-337.269762,-417.845603,-542.841334,-761.028607,-1230.659,-2889.02,12390.506,2217.484,1299.311,961.987617,793.502155,694.288893,627.478796,582.632763,549.987739,522.824731,501.2807,484.092549,467.624034,453.708707,441.298977,429.176896,418.208724,408.309637,399.215859,389.028242,380.6413,372.475218,364.061729,355.15717,347.263655,339.318076,330.521984,322.669977,314.622911,306.83878,298.978528,291.524447,283.50108,275.276998,267.826135,259.538021,251.71909,243.818755,236.283051,228.146535,220.25086,212.597874,204.589309,196.957739,189.35048,181.409068,173.43471,165.891479,157.825853,149.956557,142.350871,134.285621,126.524153,118.747968,110.985658,103.08975,95.395032,87.603704,79.784447,71.957714,64.16345,56.401965,48.522665,40.741221,32.964634,25.231064,17.420458,9.632612,1.831757,-5.944212,-13.716452,-21.486144,-29.295613,-37.039533,-44.904089,-52.565605,-60.322211,-68.154018,-75.824808,-83.539494,-91.474299,-91.404518],"unit":"ohms"},"conductance":{"value":[-0.009279537,-0.009580504,-0.009409561,-0.00903991,-0.008614118,-0.008120438,-0.007604618,-0.007046791,-0.006489673,-0.005910137,-0.00532767,-0.00473483,-0.004140175,-0.003550444,-0.002964986,-0.002393228,-0.001842159,-0.001314011,-0.000812573055,-0.00034613814,8.0706951e-5,0.000450961446,0.000769638628,0.001039514,0.001260236,0.001440323,0.001593679,0.001716347,0.001818222,0.001912687,0.00199489,0.002065721,0.00213847,0.002204057,0.002266037,0.002330042,0.002391151,0.002449122,0.002504911,0.002570507,0.002627145,0.002684742,0.002746787,0.002815655,0.002879656,0.002947087,0.003025517,0.003099142,0.003178408,0.00325904,0.003344722,0.003430244,0.003527323,0.003632705,0.003733766,0.003853,0.003972682,0.004101407,0.004232212,0.004383148,0.004540277,0.004703716,0.004887841,0.005077231,0.005281212,0.005512404,0.005765859,0.006028037,0.006336098,0.006668598,0.007024896,0.007446814,0.007903629,0.008421197,0.009010173,0.009700285,0.010482726,0.011415042,0.012533771,0.013897051,0.015585197,0.017729879,0.020608926,0.024545165,0.030335541,0.039633684,0.057403773,0.103813998,0.54592399,-0.168230867,-0.072905151,-0.046541622,-0.034134804,-0.02699818,-0.022269687,-0.019023846,-0.016577642,-0.014672649,-0.013188296,-0.011970386,-0.010932032,-0.010940378],"unit":"S"},"power":{"value":[-20.880174,-21.071659,-20.224991,-18.98182,-17.665775,-16.260714,-14.863641,-13.440442,-12.075113,-10.724224,-9.424827,-8.163462,-6.954607,-5.808359,-4.722628,-3.709916,-2.778102,-1.9272,-1.158546,-0.479569249,0.108608397,0.589219708,0.975926473,1.27856,1.502925,1.664672,1.784156,1.86011,1.906749,1.939776,1.955308,1.955846,1.954657,1.943611,1.926469,1.908534,1.885764,1.858144,1.827053,1.801025,1.766618,1.731301,1.697087,1.665373,1.628673,1.592219,1.559897,1.523028,1.487144,1.450072,1.413371,1.374622,1.338662,1.303646,1.26482,1.230137,1.193225,1.156661,1.118275,1.082861,1.046258,1.008427,0.972418855,0.934597986,0.896669589,0.860098648,0.824024663,0.785773111,0.749863711,0.713196075,0.675257332,0.639354497,0.602137698,0.565022183,0.527820925,0.491107757,0.453588888,0.416542307,0.379580723,0.342601747,0.305533784,0.268351408,0.23165854,0.194481576,0.157329349,0.12000759,0.083004929,0.045795349,0.008745235,-0.028418554,-0.065518598,-0.102710033,-0.139711529,-0.177025979,-0.213783597,-0.251515306,-0.288739144,-0.325609584,-0.363334773,-0.400759666,-0.437160575,-0.437494315],"unit":"mW"},"J":{"value":[-0.145756137,-0.148778498,-0.14445263700000002,-0.137166359,-0.12917200299999998,-0.120325082,-0.111326341,-0.10190584300000001,-0.092694429,-0.083363961,-0.074199669,-0.06510075500000001,-0.056187832,-0.047551555999999995,-0.039183188,-0.031201159,-0.023688321,-0.016663243,-0.010159782999999999,-0.004266257000000001,0.000980355977,0.005397653,0.009075041,0.012071813,0.014410905,0.016214023999999997,0.017656862,0.018709773,0.01949696,0.020169463000000002,0.020680627,0.021047461,0.021408366,0.021672686,0.021878181,0.022081492,0.022235341,0.022337855,0.022401048,0.022530244,0.022558486,0.022575337,0.022607948,0.02267473,0.022676915000000002,0.022682688,0.022748066,0.022749469999999997,0.022765542,0.022763356999999998,0.022766946,0.022737924,0.022753838999999998,0.022787230000000002,0.022755399,0.022796748000000002,0.022798152000000002,0.02280689,0.022780052999999998,0.022812664000000003,0.022822182,0.022805486,0.022828735000000003,0.022809855,0.022786605999999997,0.022800337,0.022824366000000002,0.022789415,0.022824366000000002,0.022835913000000003,0.02280611,0.022848239,0.022843246,0.022841062000000002,0.022835288,0.022854793,0.022833104,0.022833104,0.022839657,0.022848239,0.022849799,0.022840281,0.022879602,0.022878041,0.022875857,0.022836693,0.022856977,0.022831544000000002,0.022879602,0.022895517,0.022885375,0.022894113,0.022867118999999998,0.022891928,0.022847615,0.022904879,0.022909248,0.022887559,0.022921575,0.022934681000000002,0.022891148,0.022908624],"unit":"A\/cm2"},"power_density":{"value":[-218.640565,-220.645649,-211.78001,-198.762508,-184.981936,-170.269253,-155.640224,-140.73761,-126.440976,-112.295539,-98.689287,-85.481278,-72.823114,-60.820517,-49.451597,-38.847284,-29.090076,-20.180104,-12.13137,-5.021668,1.137261,6.16984,10.219125,13.388066,15.737437,17.431116,18.682262,19.477594,19.96596,20.311788,20.474428,20.480059,20.467614,20.351947,20.172454,19.98465,19.746224,19.457002,19.131448,18.858897,18.498613,18.128808,17.770543,17.438464,17.054172,16.672449,16.334005,15.947937,15.57219,15.184002,14.7997,14.393949,14.0174,13.650746,13.244185,12.881017,12.494499,12.111631,11.70969,11.338856,10.955578,10.559442,10.182396,9.786366,9.38921,9.006269,8.628531,8.227991,7.851976,7.468022,7.070757,6.694811,6.305107,5.916463,5.526921,5.14249,4.749622,4.3617,3.974667,3.587453,3.199307,2.809962,2.425744,2.036456,1.647428,1.256624,0.869161565,0.479532451,0.091573142,-0.29757648,-0.686058616,-1.075498,-1.462948,-1.853675,-2.238572,-2.633668,-3.023447,-3.409524,-3.804553,-4.196436,-4.577598,-4.581092],"unit":"mW\/cm2"},"timestamps":{"value":[0.019,0.041,0.066,0.088,0.114,0.135,0.16,0.182,0.207,0.231,0.255,0.277,0.301,0.323,0.345,0.367,0.39,0.411,0.434,0.459,0.48,0.515,0.538,0.56,0.585,0.607,0.629,0.651,0.674,0.696,0.718,0.742,0.764,0.787,0.809,0.83,0.853,0.877,0.898,0.92,0.945,0.967,0.99,1.012,1.034,1.057,1.08,1.102,1.123,1.146,1.169,1.191,1.215,1.237,1.259,1.28,1.302,1.327,1.363,1.387,1.41,1.431,1.454,1.476,1.499,1.521,1.544,1.566,1.587,1.611,1.633,1.656,1.677,1.7,1.723,1.745,1.77,1.793,1.814,1.836,1.86,1.882,1.905,1.928,1.952,1.976,1.998,2.023,2.046,2.071,2.096,2.119,2.14,2.16,2.183,2.205,2.243,2.265,2.288,2.311,2.334,2.357],"unit":"s"},"p_max":{"unit":"mW","value":1.955846},"v_p_max":{"unit":"V","value":0.973041773},"i_p_max":{"unit":"mA","value":2.010033},"j_p_max":{"unit":"mA\/cm2","value":21.047461},"voc":{"unit":"V","value":1.163229},"isc":{"unit":"mA","value":2.18536},"jsc":{"unit":"mA\/cm2","value":22.883349},"fill_factor":{"unit":"%","value":76.939005},"efficiency":{"unit":"%","value":20.480059},"r_s":{"unit":"ohms","value":26.324456},"r_sh":{"unit":"ohms","value":7115.754},"cell_dimension":{"value":0.09549999942712531,"unit":"cm2"},"sweep_direction":{"unit":"","value":"Reverse"},"key":"reverse9_1cell_231018"},{"V":{"value":[-0.199957371,-0.182970762,-0.165982485,-0.148965836,-0.131970882,-0.114981413,-0.097979546,-0.080973864,-0.063976049,-0.046977043,-0.029979467,-0.012994617,0.004001826,0.021000236,0.038023472,0.055026531,0.072017193,0.089012146,0.10602212,0.123026609,0.140013218,0.157013655,0.174029112,0.191022635,0.208017349,0.225009918,0.24203968,0.259028673,0.276016235,0.293010712,0.310037851,0.327028275,0.344014406,0.361042976,0.378036022,0.395029068,0.412045479,0.429042578,0.446038485,0.463019133,0.480039597,0.497044802,0.514028311,0.531060934,0.548052788,0.565034866,0.582029343,0.599055052,0.616045475,0.633039951,0.650052071,0.66703558,0.684030056,0.701025724,0.718037844,0.73503232,0.752034903,0.769052505,0.786037445,0.803033352,0.820024967,0.837050676,0.85404253,0.871037006,0.888057232,0.905038118,0.922036648,0.939065218,0.95605278,0.97303772,0.990026474,1.007059,1.024058,1.041039,1.058074,1.075066,1.092046,1.109034,1.126071,1.143056,1.160047,1.177065,1.194058,1.211056,1.228034,1.245059,1.26206,1.279048,1.296066,1.31306,1.33005,1.347049,1.364066,1.381053,1.398052,1.415081,1.43206,1.44906,1.46609,1.483052,1.500056,1.500055],"unit":"V"},"I":{"value":[0.001451001,0.002134651,0.002134994,0.002140477,0.0021367219999999998,0.0021378400000000002,0.0021378400000000002,0.0021374230000000003,0.002137214,0.002135545,0.002136663,0.0021334740000000002,0.0021347109999999996,0.0021337419999999997,0.002138883,0.0021353360000000003,0.002134025,0.002134994,0.002132565,0.0021320130000000003,0.002133116,0.002132297,0.002133265,0.002135962,0.002134651,0.0021304189999999997,0.002132699,0.002134159,0.002130553,0.00212729,0.002132639,0.002127647,0.002131522,0.002130002,0.002128884,0.002128959,0.0021262620000000003,0.0021286160000000003,0.002127782,0.002128959,0.002127856,0.0021296590000000003,0.002129167,0.00212951,0.002126053,0.002128884,0.0021266790000000002,0.002125084,0.002125695,0.002125353,0.002123684,0.002124876,0.0021261130000000002,0.0021220889999999997,0.002125695,0.002125695,0.0021224470000000004,0.002122372,0.002117798,0.002115577,0.002112731,0.002110168,0.002106979,0.002104342,0.0020959530000000002,0.0020888,0.002082422,0.002066344,0.0020525310000000002,0.002031669,0.002006277,0.001971185,0.001926392,0.001868069,0.001786441,0.001672223,0.001524791,0.001311049,0.0010424549999999999,0.000690102577,0.00026185810599999997,-0.00024715066,-0.000828444958,-0.001472622,-0.002176791,-0.002927139,-0.003724173,-0.004549772,-0.005412892,-0.006301463,-0.0072072149999999995,-0.008145854,-0.009093717,-0.010064125,-0.011055186000000002,-0.012058600999999999,-0.013072058999999999,-0.014103562,-0.015143096,-0.016202122,-0.017270938,-0.017310664],"unit":"A"},"resistance":{"value":[-137.806542,-85.714605,-77.743783,-69.594681,-61.763238,-53.783924,-45.831098,-37.883882,-29.934322,-21.997683,-14.030979,-6.090826,1.874646,9.841976,17.777258,25.769491,33.747116,41.691995,49.715779,57.704425,65.637879,73.635937,81.578754,89.431653,97.447946,105.617682,113.489851,121.372704,129.551445,137.738975,145.377539,153.704169,161.393809,169.503603,177.574723,185.550367,193.788704,201.559409,209.626074,217.486197,225.597781,233.391725,241.422225,249.381746,257.77946,265.413622,273.679945,281.897063,289.808921,297.851728,306.096465,313.917446,321.728051,330.346954,337.789629,345.784414,354.324485,362.355122,371.157941,379.581163,388.134995,396.674835,405.339746,413.923694,423.701003,433.281351,442.771197,454.457345,465.792207,478.935156,493.46439,510.890145,531.593496,557.280495,592.2804,642.896,716.194005,845.913597,1080.21,1656.356,4430.061,-4762.54,-1441.324,-822.380993,-564.148903,-425.350092,-338.883361,-281.123558,-239.440522,-208.373814,-184.544274,-165.366183,-150.000973,-137.225315,-126.461229,-117.35035,-109.55126,-102.744291,-96.815748,-91.534431,-86.854348,-86.654942],"unit":"ohms"},"conductance":{"value":[-0.00725655,-0.011666623,-0.012862765,-0.014368914,-0.016190861,-0.018592916,-0.021819246,-0.02639645,-0.03340647,-0.045459332,-0.071270866,-0.164181347,0.533434119,0.101605618,0.056251646,0.038805579,0.029632162,0.02398542,0.020114338,0.017329694,0.015235105,0.013580326,0.012258094,0.011181723,0.010261889,0.009468112,0.008811361,0.008239085,0.007718941,0.007260109,0.006878642,0.006506004,0.006196025,0.00589958,0.005631432,0.005389372,0.005160259,0.004961316,0.004770399,0.004597993,0.004432668,0.004284642,0.004142121,0.004009917,0.003879285,0.003767704,0.003653903,0.003547394,0.003450549,0.003357375,0.003266944,0.003185551,0.003108215,0.00302712,0.002960422,0.002891975,0.002822272,0.002759724,0.002694271,0.002634483,0.002576423,0.002520956,0.002467066,0.002415904,0.002360155,0.002307969,0.002258503,0.002200427,0.00214688,0.002087965,0.002026489,0.001957368,0.001881137,0.001794428,0.001688389,0.001555462,0.00139627,0.001182154,0.000925745959,0.000603734876,0.000225730543,-0.000209971991,-0.00069380633,-0.001215981,-0.001772582,-0.002351005,-0.002950868,-0.003557155,-0.004176403,-0.004799068,-0.005418754,-0.006047186,-0.006666623,-0.007287285,-0.007907562,-0.008521491,-0.009128147,-0.009732901,-0.010328898,-0.010924851,-0.011513528,-0.011540023],"unit":"S"},"power":{"value":[-0.290138259,-0.390578711,-0.354371555,-0.318857989,-0.281985115,-0.24581184,-0.209464572,-0.173075363,-0.136730505,-0.10032159,-0.064056007,-0.027723675,0.00854274,0.044809086,0.081327753,0.117500155,0.153686497,0.190040368,0.226099038,0.262294385,0.298664453,0.334799676,0.371250237,0.408017136,0.444044431,0.479365409,0.516197759,0.552808428,0.588067253,0.62331869,0.661198903,0.695800858,0.733274173,0.769022184,0.804794913,0.841000572,0.876116476,0.913266885,0.94907244,0.985748612,1.021455,1.058536,1.094452,1.1309,1.165189,1.202894,1.237789,1.273043,1.309525,1.345433,1.380505,1.417368,1.454325,1.487639,1.52633,1.562455,1.596154,1.632216,1.664668,1.698879,1.732492,1.766318,1.79945,1.83296,1.861326,1.890444,1.92007,1.940432,1.962328,1.976891,1.986268,1.9851,1.972737,1.944732,1.890186,1.79775,1.665142,1.453998,1.173879,0.788825669,0.303767787,-0.290912365,-0.989211281,-1.783429,-2.673175,-3.644461,-4.70013,-5.819376,-7.015462,-8.274197,-9.585958,-10.972862,-12.404433,-13.899087,-15.45573,-17.063897,-18.719978,-20.436913,-22.201145,-24.02859,-25.907374,-25.966941],"unit":"mW"},"J":{"value":[0.015193723000000001,0.022352366,0.022355955,0.022413375,0.022374054999999997,0.022385757000000003,0.022385757000000003,0.022381388000000002,0.022379204,0.022361728,0.02237343,0.022340039000000003,0.02235299,0.022342848,0.022396679,0.022359543,0.022345813,0.022355955,0.022330521000000002,0.022324748,0.022336295,0.022327713,0.022337855,0.022366097,0.022352366,0.022308053,0.022331926,0.022347217,0.022309456999999998,0.022275286000000002,0.022331301,0.02227903,0.022319599,0.022303684,0.022291981,0.022292760999999998,0.022264519,0.022289173000000002,0.022280435,0.022292760999999998,0.022281215,0.022300095,0.022294946,0.022298535,0.022262335,0.022291981,0.022268888,0.022252193,0.02225859,0.022255001,0.022237526,0.022250008,0.022262959,0.02222083,0.02225859,0.02225859,0.022224575,0.022223794999999998,0.022175892000000003,0.022152644,0.022122841,0.022096004,0.022062612000000002,0.022034994999999998,0.021947148,0.021872252,0.02180547,0.02163711,0.021492467999999997,0.021274021,0.021008140999999998,0.020640683,0.020171647,0.019560934,0.018706184,0.017510190999999998,0.015966399,0.01372826,0.010915764,0.007226205,0.00274197,-0.0025879650000000002,-0.008674816,-0.015420127,-0.022793628,-0.030650674,-0.038996573,-0.047641587,-0.056679492000000005,-0.065983902,-0.07546821799999999,-0.085296899,-0.095222165,-0.105383508,-0.11576111400000001,-0.126268071,-0.13688019399999998,-0.147681274,-0.158566455,-0.169655727,-0.180847514,-0.181263498],"unit":"A\/cm2"},"power_density":{"value":[-3.038097,-4.089829,-3.710697,-3.338827,-2.952724,-2.573946,-2.193346,-1.812307,-1.431733,-1.050488,-0.670743527,-0.29030026,0.089452778,0.469205085,0.851599505,1.230368,1.609283,1.989952,2.367529,2.746538,3.127376,3.505756,3.887437,4.272431,4.64968,5.019533,5.405212,5.78857,6.157772,6.526897,6.923549,7.285873,7.678264,8.052588,8.427172,8.806289,9.173995,9.563004,9.937931,10.321975,10.695865,11.084146,11.460233,11.841881,12.200935,12.595747,12.961146,13.330288,13.712304,14.088305,14.45555,14.841547,15.228533,15.577373,15.98251,16.360783,16.713656,17.091265,17.431082,17.789312,18.141282,18.495475,18.842409,19.193296,19.490323,19.795222,20.105442,20.318658,20.547933,20.700425,20.798616,20.786387,20.656929,20.363685,19.792523,18.824604,17.436047,15.225108,12.291922,8.259955,3.180815,-3.046203,-10.358233,-18.674645,-27.991361,-38.161898,-49.216021,-60.935875,-73.460338,-86.64081,-100.376521,-114.899082,-129.889352,-145.540182,-161.84011,-178.679551,-196.020717,-213.999091,-232.472726,-251.608269,-271.281403,-271.905144],"unit":"mW\/cm2"},"timestamps":{"value":[0.018,0.042,0.066,0.087,0.108,0.131,0.153,0.176,0.197,0.224,0.245,0.269,0.291,0.312,0.338,0.361,0.386,0.413,0.435,0.458,0.48,0.503,0.525,0.546,0.569,0.592,0.615,0.637,0.662,0.683,0.705,0.726,0.749,0.774,0.802,0.825,0.847,0.869,0.891,0.913,0.936,0.956,0.979,1.003,1.025,1.046,1.068,1.092,1.115,1.136,1.158,1.18,1.203,1.225,1.249,1.27,1.292,1.315,1.338,1.36,1.383,1.407,1.43,1.454,1.476,1.499,1.522,1.544,1.567,1.59,1.613,1.649,1.675,1.696,1.72,1.743,1.764,1.784,1.807,1.831,1.853,1.876,1.9,1.925,1.948,1.975,1.999,2.023,2.046,2.068,2.09,2.115,2.139,2.163,2.185,2.207,2.229,2.252,2.276,2.299,2.322,2.342],"unit":"s"},"p_max":{"unit":"mW","value":1.986268},"v_p_max":{"unit":"V","value":0.990026474},"i_p_max":{"unit":"mA","value":2.006277},"j_p_max":{"unit":"mA\/cm2","value":21.008141},"voc":{"unit":"V","value":1.168802},"isc":{"unit":"mA","value":2.134419},"jsc":{"unit":"mA\/cm2","value":22.349941},"fill_factor":{"unit":"%","value":79.619074},"efficiency":{"unit":"%","value":20.798616},"r_s":{"unit":"ohms","value":23.282324},"r_sh":{"unit":"ohms","value":155.896133},"cell_dimension":{"value":0.09550002984785229,"unit":"cm2"},"sweep_direction":{"unit":"","value":"Forward"},"key":"forward9_4cell_231018"},{"V":{"value":[-0.199960232,-0.182976246,-0.165979862,-0.148971319,-0.131969452,-0.114979982,-0.097978354,-0.08096981,-0.06397891,-0.046977043,-0.029980898,-0.012995034,0.004004091,0.021001518,0.038023472,0.055025101,0.07200098,0.089025736,0.10603714,0.123021126,0.140016079,0.157019138,0.17402482,0.191025257,0.208021641,0.225005865,0.242038488,0.259028673,0.276015043,0.293016195,0.310036659,0.327029705,0.34402132,0.361038923,0.378037453,0.395023823,0.412044048,0.429042578,0.446038485,0.463009596,0.480050325,0.497046232,0.514032602,0.531050205,0.548048735,0.565037489,0.582031965,0.599055052,0.616045475,0.63303709,0.65005064,0.667038202,0.684028625,0.701025724,0.718040705,0.735031128,0.75203371,0.769053936,0.786037445,0.803037405,0.820044041,0.837052107,0.854039669,0.871034145,0.888055801,0.90503931,0.922036648,0.939060926,0.95605278,0.973042965,0.990029335,1.007055,1.024058,1.04104,1.05807,1.075067,1.092046,1.109034,1.126071,1.143058,1.160049,1.177068,1.194059,1.211044,1.228028,1.245059,1.26206,1.279044,1.296066,1.313057,1.330049,1.347051,1.364061,1.381054,1.398054,1.415073,1.432056,1.44906,1.466085,1.483053,1.500052,1.500053],"unit":"V"},"I":{"value":[0.0015846340000000001,0.002160653,0.002160236,0.0021625909999999997,0.002162874,0.00216496,0.002165228,0.002162322,0.002165094,0.002161697,0.002162322,0.0021599529999999996,0.002162874,0.0021598190000000003,0.0021597450000000002,0.002161905,0.002156556,0.00216274,0.002158016,0.0021597450000000002,0.002159059,0.0021593420000000003,0.002156287,0.002158642,0.0021566299999999997,0.002158433,0.002159551,0.002155587,0.002160162,0.002158567,0.0021603110000000003,0.002156913,0.0021543350000000003,0.002158985,0.002153099,0.002155319,0.0021566299999999997,0.0021529500000000003,0.002154961,0.002158359,0.002156079,0.002155244,0.002157331,0.002156004,0.002149835,0.0021510120000000003,0.002149209,0.002151147,0.002154484,0.002149001,0.002150729,0.00215517,0.002150118,0.002148524,0.0021480320000000002,0.002147749,0.002144292,0.002143249,0.00214152,0.00214234,0.002139434,0.002134502,0.002134919,0.0021294499999999997,0.002128825,0.002119526,0.002115652,0.002105594,0.002092272,0.0020789650000000003,0.0020578799999999998,0.0020331890000000004,0.001998648,0.001946434,0.001882777,0.001790807,0.001659319,0.001469925,0.001211181,0.000861108303,0.00041110813600000003,-0.00013862550300000002,-0.000793278217,-0.00153254,-0.0023573789999999997,-0.003252253,-0.004208922,-0.005211219,-0.00625582,-0.007347167,-0.00845772,-0.009600386,-0.010776684,-0.011962414000000001,-0.013171986,-0.014417291,-0.015666962,-0.016941382999999997,-0.018236681999999997,-0.019540101,-0.020864174,-0.020904258],"unit":"A"},"resistance":{"value":[-126.186999,-84.685605,-76.834125,-68.885585,-61.015791,-53.10952,-45.250822,-37.445762,-29.550177,-21.731562,-13.865138,-6.01635,1.851283,9.72374,17.605542,25.452134,33.387026,41.163409,49.136402,56.960963,64.850509,72.716191,80.705762,88.493263,96.456799,104.244998,112.078165,120.166184,127.775175,135.745684,143.514844,151.619311,159.687913,167.226266,175.57833,183.2786,191.059207,199.281295,206.982139,214.5193,222.649711,230.621754,238.272531,246.312219,254.925925,262.684438,270.812128,278.481751,285.936383,294.572762,302.24661,309.506095,318.135337,326.282484,334.278373,342.233243,350.714227,358.826234,367.046446,374.84126,383.299488,392.153361,400.033726,409.041755,417.157809,427.000752,435.81679,445.983921,456.944776,468.041945,481.091831,495.308146,512.375167,534.844614,561.973043,600.325581,658.129262,754.48341,929.729309,1327.427,2821.761,-8490.988,-1505.221,-790.220502,-520.9294,-382.829699,-299.853513,-245.440391,-207.177554,-178.716132,-157.258547,-140.31221,-126.575199,-115.449436,-106.13843,-98.151098,-91.406136,-85.533772,-80.392076,-75.897928,-71.896053,-71.75826],"unit":"ohms"},"conductance":{"value":[-0.007924747,-0.011808382,-0.01301505,-0.014516825,-0.0163892,-0.018829016,-0.022099046,-0.026705292,-0.033840745,-0.04601602,-0.072123337,-0.166213728,0.540165978,0.102841091,0.056800297,0.039289436,0.029951754,0.02429342,0.020351511,0.017555883,0.015420079,0.013752095,0.012390689,0.011300295,0.010367336,0.009592786,0.008922345,0.008321809,0.007826246,0.007366717,0.00696792,0.006595466,0.006262215,0.005979922,0.005695464,0.005456174,0.00523398,0.005018032,0.004831335,0.004661585,0.00449136,0.004336104,0.004196875,0.004059888,0.003922708,0.003806849,0.003692597,0.0035909,0.003497281,0.003394747,0.003308557,0.003230954,0.003143316,0.003064829,0.002991519,0.002921984,0.002851324,0.002786864,0.002724451,0.002667796,0.002608926,0.002550023,0.002499789,0.002444738,0.002397174,0.002341916,0.002294542,0.002242233,0.002188448,0.002136561,0.002078605,0.002018945,0.001951695,0.001869702,0.001779445,0.001665763,0.001519458,0.00132541,0.001075582,0.000753337168,0.00035438868,-0.000117771921,-0.000664354082,-0.00126547,-0.001919646,-0.002612128,-0.003334962,-0.004074309,-0.004826778,-0.005595466,-0.006358955,-0.007126963,-0.007900442,-0.008661801,-0.009421658,-0.010188373,-0.010940185,-0.011691288,-0.012439037,-0.01317559,-0.013908969,-0.013935678],"unit":"S"},"power":{"value":[-0.316863819,-0.395348261,-0.358555713,-0.322163978,-0.285433263,-0.248927052,-0.212145487,-0.175082835,-0.138520356,-0.101550112,-0.064828367,-0.028068665,0.008660343,0.045359477,0.082120984,0.11895905,0.155274121,0.192539487,0.228829841,0.2656942,0.302302982,0.339058047,0.375247533,0.412355108,0.448625744,0.485660129,0.522694408,0.558358861,0.596237134,0.63249518,0.669775526,0.705374714,0.741137302,0.779477454,0.813951904,0.851402294,0.888626621,0.923707034,0.961195641,0.999340786,1.035026,1.071256,1.108938,1.144947,1.178214,1.215403,1.250909,1.288655,1.32726,1.360397,1.398083,1.437581,1.470743,1.506171,1.542375,1.578662,1.61258,1.648274,1.683315,1.720379,1.75443,1.786689,1.823306,1.854824,1.890515,1.918255,1.950709,1.977281,2.000323,2.022923,2.037362,2.047533,2.046731,2.026316,1.992109,1.925237,1.812053,1.630197,1.363876,0.984296993,0.476905468,-0.163171576,-0.94722129,-1.855974,-2.894927,-4.049247,-5.311913,-6.665377,-8.107953,-9.64725,-11.249181,-12.932213,-14.700053,-16.520739,-18.415146,-20.401518,-22.435973,-24.549089,-26.736521,-28.97901,-31.29734,-31.357498],"unit":"mW"},"J":{"value":[0.016593028,0.022624644,0.022620275,0.022644928,0.022647893,0.022669737000000002,0.022672546000000002,0.022642119000000002,0.022671142,0.022635566,0.022642119000000002,0.022617309999999998,0.022647893,0.022615905999999998,0.022615126,0.02263775,0.022581735,0.022646488000000003,0.022597026,0.022615126,0.022607948,0.022610913,0.022578926,0.022603579,0.022582515,0.022601395,0.022613097,0.022571591999999998,0.022619495,0.022602799,0.022621054999999998,0.022585479,0.022558486,0.022607168,0.022545535000000002,0.022568784,0.022582515,0.022543975,0.022565039,0.022600615,0.022576742,0.022568004,0.022589848,0.022575961,0.022511364,0.02252369,0.02250481,0.022525095000000002,0.022560046,0.022502625999999998,0.022520726,0.022567224,0.022514328,0.022497633,0.022492484,0.022489519000000003,0.022453319,0.022442397,0.022424297,0.022432879,0.022402453000000003,0.022350805999999997,0.022355174999999998,0.02229791,0.022291357,0.022193992000000003,0.022153424,0.022048101,0.021908608,0.02176927,0.021548483,0.021289937,0.020928252,0.020381512,0.019714938,0.018751902,0.017375066,0.015391885000000001,0.012682527,0.009016841,0.004304797,-0.001451576,-0.008306578,-0.016047536,-0.024684593,-0.034055005,-0.044072486,-0.05456774,-0.065505973,-0.076933681,-0.08856251600000001,-0.10052760200000001,-0.112844855,-0.125260877,-0.13792655199999998,-0.150966395,-0.164051955,-0.177396686,-0.19096001899999998,-0.20460839,-0.21847302400000002,-0.218892753],"unit":"A\/cm2"},"power_density":{"value":[-3.317946,-4.139772,-3.75451,-3.373445,-2.98883,-2.606566,-2.221419,-1.833328,-1.450475,-1.063352,-0.67883107,-0.293912724,0.090684224,0.474968348,0.859905594,1.245644,1.625907,2.01612,2.396124,2.782138,3.165476,3.550346,3.929294,4.317855,4.697652,5.085446,5.47324,5.84669,6.243321,6.622986,7.013356,7.386123,7.7606,8.162068,8.523057,8.915207,9.304991,9.672325,10.064876,10.464301,10.837972,11.217341,11.611919,11.988969,12.337324,12.726729,13.098519,13.493772,13.898014,14.244997,14.639612,15.0532,15.400445,15.771419,16.150519,16.530497,16.885653,17.259414,17.626337,18.014441,18.370998,18.708789,19.092206,19.422241,19.795969,20.086436,20.426269,20.704511,20.945785,21.182435,21.333631,21.440138,21.431736,21.217968,20.859779,20.159552,18.974376,17.070125,14.281422,10.306775,4.993775,-1.708603,-9.918548,-19.434278,-30.313367,-42.40049,-55.622129,-69.794523,-84.900036,-101.018323,-117.792468,-135.415846,-153.927253,-172.992026,-192.828752,-213.628457,-234.931656,-257.058519,-279.963566,-303.44513,-327.720839,-328.350767],"unit":"mW\/cm2"},"timestamps":{"value":[0.019,0.043,0.065,0.087,0.118,0.14,0.162,0.184,0.205,0.228,0.249,0.276,0.298,0.333,0.357,0.381,0.402,0.426,0.449,0.474,0.496,0.52,0.541,0.562,0.584,0.607,0.631,0.653,0.676,0.698,0.72,0.743,0.766,0.788,0.811,0.832,0.856,0.879,0.9,0.922,0.944,0.967,0.989,1.012,1.035,1.06,1.083,1.107,1.13,1.151,1.178,1.214,1.237,1.26,1.281,1.304,1.324,1.347,1.369,1.39,1.413,1.436,1.46,1.481,1.503,1.525,1.548,1.57,1.591,1.613,1.635,1.657,1.68,1.701,1.725,1.749,1.771,1.793,1.816,1.838,1.86,1.883,1.905,1.93,1.954,1.98,2.005,2.028,2.064,2.09,2.112,2.135,2.158,2.18,2.201,2.224,2.247,2.27,2.294,2.316,2.337,2.363],"unit":"s"},"p_max":{"unit":"mW","value":2.047533},"v_p_max":{"unit":"V","value":1.007055},"i_p_max":{"unit":"mA","value":2.033189},"j_p_max":{"unit":"mA\/cm2","value":21.289937},"voc":{"unit":"V","value":1.172776},"isc":{"unit":"mA","value":2.162186},"jsc":{"unit":"mA\/cm2","value":22.640689},"fill_factor":{"unit":"%","value":80.74635},"efficiency":{"unit":"%","value":21.440138},"r_s":{"unit":"ohms","value":18.667383},"r_sh":{"unit":"ohms","value":18.891087},"cell_dimension":{"value":0.09549998951366805,"unit":"cm2"},"sweep_direction":{"unit":"","value":"Forward"},"key":"forward9_3cell_231018"},{"V":{"value":[-0.199961662,-0.182974815,-0.165981293,-0.148969889,-0.131972313,-0.114979982,-0.097975492,-0.080975056,-0.063974857,-0.046977043,-0.029979467,-0.012995034,0.004005194,0.021002769,0.03801918,0.055025101,0.07202816,0.089006662,0.106016636,0.123026609,0.140016079,0.157016277,0.174023628,0.191023827,0.20801878,0.225008488,0.242038488,0.259030104,0.276016235,0.293013573,0.310033798,0.327024221,0.344018698,0.361041784,0.378036022,0.395025015,0.412044048,0.429039955,0.446048021,0.4630301,0.48004365,0.497047663,0.514028311,0.531048775,0.548048735,0.565034866,0.582027912,0.59905386,0.616042614,0.633041143,0.650046587,0.667034149,0.684026003,0.701027155,0.718044758,0.735031128,0.75203371,0.769052505,0.786034822,0.803035974,0.820034504,0.837054968,0.854038477,0.871034145,0.888057232,0.905042171,0.922033787,0.939058304,0.95605135,0.973042965,0.990029335,1.007061,1.024055,1.041039,1.058074,1.075062,1.092052,1.109035,1.126069,1.143061,1.160047,1.177068,1.19405,1.211046,1.22804,1.245058,1.26206,1.279045,1.296066,1.313059,1.33005,1.34705,1.364061,1.381054,1.398054,1.41507,1.432056,1.44906,1.466086,1.483053,1.500051,1.500052],"unit":"V"},"I":{"value":[0.0016204860000000002,0.0021738260000000002,0.00217618,0.002180487,0.0021758380000000003,0.002175003,0.002175003,0.0021733489999999998,0.00217855,0.002173766,0.0021765979999999996,0.002173975,0.002175421,0.002177924,0.002175078,0.002176672,0.002174661,0.002178133,0.0021771639999999997,0.002176046,0.002181947,0.002176046,0.002177373,0.0021723059999999997,0.002175152,0.002174944,0.0021777899999999998,0.002173975,0.00217618,0.002175003,0.002176881,0.002174109,0.0021781920000000002,0.002174944,0.0021738260000000002,0.002173692,0.002174526,0.0021764640000000003,0.002175003,0.002175286,0.0021754950000000004,0.002171889,0.002174526,0.002175078,0.002169743,0.0021714720000000002,0.0021721720000000004,0.002173483,0.002174318,0.002170637,0.002171397,0.002172381,0.0021707709999999997,0.002166405,0.0021666880000000004,0.002167374,0.002167732,0.002164751,0.002164602,0.0021654369999999997,0.002162799,0.002160653,0.0021561379999999997,0.002155736,0.0021476890000000004,0.002146229,0.002138525,0.002132639,0.002125427,0.002111554,0.002099901,0.0020783390000000002,0.002048865,0.0020053830000000003,0.001940742,0.001847118,0.001718968,0.001526728,0.001271039,0.0009403824809999999,0.000525534153,3.5986303999999996e-5,-0.00052946806,-0.001156941,-0.001833931,-0.002563059,-0.0033191,-0.004121751,-0.004945471999999999,-0.00580138,-0.006684408,-0.007577688,-0.008503139,-0.009431928,-0.010372787999999999,-0.01131615,-0.01226984,-0.013214573,-0.014193922000000001,-0.015185475,-0.016136453,-0.016185135],"unit":"A"},"resistance":{"value":[-123.396077,-84.171781,-76.271841,-68.319552,-60.653563,-52.86428,-45.046135,-37.258188,-29.3658,-21.610897,-13.773545,-5.977545,1.841112,9.643482,17.479458,25.279461,33.121564,40.86375,48.694833,56.536759,64.170241,72.156678,79.92368,87.935959,95.634122,103.454857,111.139508,119.150446,126.835176,134.71868,142.421116,150.417568,157.937719,166.000521,173.903525,181.729986,189.486795,197.127098,205.07924,212.859372,220.659502,228.855008,236.386322,244.151623,252.586914,260.208255,267.947425,275.619251,283.326846,291.638386,299.367884,307.052145,315.107346,323.590026,331.401942,339.134438,346.921979,355.261368,363.131292,370.842499,379.154241,387.408244,396.096312,404.054165,413.494245,421.689442,431.154034,440.326833,449.816104,460.818382,471.464668,484.55055,499.815763,519.121943,545.190286,582.021007,635.294925,726.412993,885.943774,1215.528,2207.368,32708.764,-2255.188,-1046.765,-669.621834,-485.770098,-380.241734,-310.315987,-262.071163,-226.335577,-198.978026,-177.765339,-160.418508,-146.423283,-134.780921,-125.048714,-116.713541,-109.656242,-103.289712,-97.662613,-92.960367,-92.680831],"unit":"ohms"},"conductance":{"value":[-0.008103985,-0.011880466,-0.013110999,-0.014637098,-0.016487078,-0.018916365,-0.022199463,-0.026839738,-0.034053218,-0.046272953,-0.072602948,-0.167292755,0.54314989,0.103696987,0.057210013,0.039557805,0.030191811,0.024471567,0.02053606,0.017687607,0.015583548,0.013858731,0.012511936,0.011371912,0.010456519,0.009666052,0.0089977,0.008392751,0.007884248,0.007422876,0.007021431,0.00664816,0.00633161,0.006024077,0.005750315,0.005502669,0.005277413,0.005072869,0.004876164,0.004697937,0.004531869,0.004369579,0.004230363,0.004095815,0.003959033,0.003843076,0.003732075,0.003628194,0.003529493,0.003428904,0.003340372,0.003256776,0.003173522,0.00309033,0.003017484,0.002948683,0.002882492,0.002814829,0.002753825,0.002696563,0.002637449,0.002581256,0.002524639,0.002474916,0.002418413,0.002371413,0.002319357,0.00227104,0.002223131,0.002170052,0.00212105,0.002063768,0.002000737,0.00192633,0.001834222,0.001718151,0.001574072,0.001376627,0.00112874,0.000822687979,0.000453028214,3.0572846e-5,-0.000443422078,-0.000955324183,-0.00149338,-0.002058587,-0.002629906,-0.003222522,-0.003815757,-0.004418218,-0.005025681,-0.005625394,-0.006233695,-0.006829515,-0.007419448,-0.007996884,-0.008567986,-0.009119408,-0.009681506,-0.010239333,-0.010757273,-0.010789718],"unit":"S"},"power":{"value":[-0.32403515,-0.397755429,-0.36120525,-0.324826893,-0.287150341,-0.25008184,-0.213097019,-0.175987077,-0.13937241,-0.102117122,-0.06525324,-0.028250881,0.008712981,0.045742434,0.082694675,0.119771608,0.156636799,0.193868307,0.230815599,0.267711607,0.305507696,0.341674701,0.378914275,0.414962239,0.452472528,0.48938079,0.527108953,0.563124998,0.600661144,0.637305485,0.674906634,0.710986375,0.749338823,0.785245549,0.821784571,0.85866271,0.896000683,0.933789847,0.970155914,1.007223,1.044333,1.079532,1.117768,1.155072,1.189125,1.226957,1.264265,1.302034,1.339472,1.374103,1.411509,1.449052,1.484864,1.518709,1.555779,1.593087,1.630207,1.664807,1.701453,1.738924,1.77357,1.808586,1.841425,1.87772,1.907271,1.942428,1.971793,2.002673,2.032017,2.054633,2.078964,2.093014,2.09815,2.087681,2.053448,1.985766,1.877202,1.693195,1.431278,1.074914,0.609644471,0.04235831,-0.632211249,-1.401108,-2.25214,-3.191156,-4.188903,-5.271905,-6.409656,-7.617552,-8.890598,-10.207525,-11.598799,-13.026002,-14.501716,-16.013146,-17.571103,-19.148715,-20.809513,-22.520868,-24.205494,-24.278539],"unit":"mW"},"J":{"value":[0.016968444000000003,0.022762577,0.022787230000000002,0.022832324,0.022783641,0.022774904,0.022774904,0.022757584,0.022812039,0.022761952999999998,0.022791599000000003,0.022764137,0.022779272,0.022805486,0.022775683999999997,0.022792379,0.022771315,0.022807670999999998,0.022797528,0.022785826,0.022847615,0.022785826,0.022799713,0.022746662,0.022776464,0.022774279,0.022804082,0.022764137,0.022787230000000002,0.022774904,0.022794564,0.022765542,0.022808295000000003,0.022774279,0.022762577,0.022761173,0.022769911,0.022790195,0.022774904,0.022777868000000003,0.022780052999999998,0.022742293,0.022769911,0.022775683999999997,0.022719824,0.022737924,0.022745256999999998,0.022758987999999997,0.022767726,0.022729186,0.022737144,0.022747442,0.02273059,0.022684872,0.022687837,0.022695015000000002,0.022698759,0.022667553,0.022665992,0.02267473,0.022647112,0.022624644,0.022577366,0.022573153000000002,0.022488895,0.022473604,0.022392935000000003,0.022331301,0.022255781,0.022110515,0.021988497,0.021762716999999997,0.021454083000000002,0.020998779,0.020321907,0.019341551,0.017999667,0.015986682999999998,0.013309310999999999,0.009846937,0.005502975,0.00037681994,-0.005544168,-0.012114566,-0.019203461999999998,-0.026838318,-0.034754969000000004,-0.043159692,-0.051785046,-0.060747431,-0.069993797,-0.07934751300000001,-0.089038105,-0.09876364800000001,-0.108615578,-0.11849372200000001,-0.128479996,-0.13837249499999998,-0.148627458,-0.15901021299999998,-0.16896809,-0.16947784999999999],"unit":"A\/cm2"},"power_density":{"value":[-3.393038,-4.164978,-3.782254,-3.401329,-3.00681,-2.618658,-2.231382,-1.842797,-1.459397,-1.069289,-0.683280002,-0.295820748,0.091235399,0.478978366,0.865912826,1.254153,1.640176,2.030035,2.416917,2.803263,3.199033,3.577746,3.967689,4.345154,4.737932,5.124406,5.519465,5.896597,6.289645,6.673356,7.067085,7.444884,7.84648,8.222466,8.605074,8.991233,9.382206,9.777904,10.158701,10.546839,10.93542,11.304003,11.704379,12.094999,12.451571,12.84772,13.238375,13.63386,14.025889,14.38851,14.780203,15.17332,15.548315,15.902712,16.290882,16.681542,17.070232,17.432538,17.816259,18.208624,18.571414,18.93807,19.281939,19.661987,19.971426,20.339559,20.647042,20.970394,21.27767,21.514481,21.769257,21.916373,21.970161,21.860537,21.502077,20.793358,19.656567,17.729796,14.987207,11.255649,6.383712,0.443542512,-6.620013,-14.671291,-23.582619,-33.415251,-43.862862,-55.203193,-67.116815,-79.764938,-93.095265,-106.885083,-121.453396,-136.397924,-151.850431,-167.676918,-183.990604,-200.510108,-217.900658,-235.820607,-253.460675,-254.225543],"unit":"mW\/cm2"},"timestamps":{"value":[0.019,0.043,0.066,0.087,0.11,0.134,0.157,0.181,0.204,0.227,0.25,0.275,0.298,0.322,0.347,0.368,0.39,0.414,0.436,0.457,0.479,0.502,0.528,0.55,0.573,0.597,0.62,0.643,0.666,0.69,0.713,0.749,0.77,0.795,0.818,0.841,0.863,0.887,0.91,0.931,0.952,0.976,0.997,1.02,1.043,1.066,1.09,1.112,1.135,1.158,1.182,1.205,1.227,1.251,1.274,1.297,1.32,1.342,1.367,1.389,1.412,1.435,1.457,1.477,1.5,1.522,1.544,1.567,1.603,1.625,1.652,1.673,1.696,1.718,1.741,1.765,1.788,1.81,1.833,1.857,1.88,1.905,1.928,1.949,1.974,2,2.025,2.049,2.073,2.095,2.117,2.141,2.165,2.187,2.21,2.232,2.256,2.28,2.303,2.327,2.35,2.372],"unit":"s"},"p_max":{"unit":"mW","value":2.09815},"v_p_max":{"unit":"V","value":1.024055},"i_p_max":{"unit":"mA","value":2.048865},"j_p_max":{"unit":"mA\/cm2","value":21.454083},"voc":{"unit":"V","value":1.178148},"isc":{"unit":"mA","value":2.17508},"jsc":{"unit":"mA\/cm2","value":22.775707},"fill_factor":{"unit":"%","value":81.876907},"efficiency":{"unit":"%","value":21.970161},"r_s":{"unit":"ohms","value":23.265535},"r_sh":{"unit":"ohms","value":100.639741},"cell_dimension":{"value":0.09549997630896503,"unit":"cm2"},"sweep_direction":{"unit":"","value":"Forward"},"key":"forward9_2cell_231018"},{"V":{"value":[-0.199950695,-0.182977438,-0.16597724,-0.148971319,-0.131972313,-0.114984035,-0.097979546,-0.080973864,-0.063976049,-0.046975851,-0.029978037,-0.012997717,0.004001826,0.020995855,0.038022041,0.05502367,0.072017193,0.08901763,0.10602212,0.123021126,0.140020132,0.157015085,0.174023628,0.191030741,0.20801878,0.225008488,0.242037058,0.259026051,0.276017666,0.293013573,0.310035229,0.327030897,0.344017267,0.361053944,0.378038883,0.395022392,0.412046909,0.429042578,0.446035624,0.463019133,0.480040789,0.49704361,0.514035225,0.531048775,0.548049927,0.56504035,0.58202529,0.599055052,0.616045475,0.633041143,0.650048017,0.66703558,0.684027195,0.701024532,0.718025684,0.73503232,0.752026796,0.769055367,0.786031961,0.803035974,0.820030451,0.837048054,0.854039669,0.871030092,0.888055801,0.905042171,0.922033787,0.939062357,0.956055403,0.973041773,0.990030766,1.007058,1.024052,1.04104,1.058071,1.07507,1.092051,1.10905,1.126054,1.143057,1.16005,1.17707,1.194057,1.211054,1.228037,1.245059,1.262063,1.279044,1.296067,1.313057,1.330049,1.34705,1.364065,1.381053,1.398052,1.415074,1.43206,1.449067,1.466097,1.483057,1.500051,1.500056],"unit":"V"},"I":{"value":[0.001185462,0.0021843020000000004,0.002189085,0.002188608,0.00218749,0.002188876,0.0021881910000000004,0.002189219,0.002189219,0.002185136,0.002188876,0.002190053,0.002189577,0.0021844359999999997,0.002185404,0.002187774,0.002189577,0.0021873559999999997,0.002187073,0.002189845,0.002183259,0.0021873559999999997,0.00218527,0.002183884,0.0021864469999999998,0.002185762,0.002185479,0.002182782,0.002184585,0.002183959,0.002181798,0.00218229,0.002182782,0.00218305,0.002178401,0.0021860300000000003,0.0021828409999999996,0.002183542,0.0021816640000000003,0.002182156,0.0021811129999999997,0.002179861,0.002178133,0.002180561,0.002181038,0.0021795179999999996,0.002182499,0.002181247,0.002181739,0.002178684,0.00218083,0.002179101,0.002184793,0.002177507,0.0021758380000000003,0.002173975,0.0021756289999999997,0.002173483,0.002171606,0.002173409,0.002170295,0.0021674479999999998,0.002168968,0.00216724,0.0021597450000000002,0.00215739,0.002154484,0.002144426,0.00214012,0.00212729,0.002115026,0.002089918,0.0020616949999999997,0.002020016,0.001953721,0.001859054,0.0017229909999999999,0.0015360270000000001,0.001274303,0.000942185521,0.000525176525,2.8014183e-5,-0.000546470284,-0.001186699,-0.001893431,-0.002647534,-0.003466815,-0.004312664,-0.005194992,-0.006116644,-0.0070747580000000004,-0.008055225000000001,-0.009046361,-0.010053158,-0.011091456000000001,-0.012142226,-0.013210416,-0.014287338,-0.015402883,-0.016532987,-0.017648472999999998,-0.017729253],"unit":"A"},"resistance":{"value":[-168.669021,-83.769309,-75.820376,-68.066696,-60.330463,-52.53108,-44.776509,-36.987558,-29.22323,-21.497906,-13.695629,-5.934886,1.827671,9.611569,17.398173,25.150532,32.890921,40.696446,48.476712,56.17801,64.133555,71.783038,79.634834,87.472919,95.14008,102.942816,110.74784,118.667868,126.347887,134.166249,142.10078,149.856758,157.604981,165.389688,173.53964,180.703085,188.766315,196.489303,204.447432,212.184264,220.089853,228.016187,235.998139,243.537636,251.279373,259.250101,266.678428,274.638812,282.364473,290.561265,298.073726,306.105842,313.085535,321.939095,329.999644,338.105214,345.659461,353.835404,361.958857,369.482239,377.842934,386.190533,393.75387,401.907578,411.185583,419.507888,427.9603,437.908471,446.729879,457.409134,468.093873,481.864872,496.704144,515.362147,541.567149,578.288572,633.810772,722.025436,883.663178,1213.197,2208.876,42016.945,-2185.035,-1020.523,-648.577841,-470.271206,-364.041091,-296.57854,-249.483888,-214.669561,-187.999183,-167.226885,-150.78604,-137.375018,-126.047696,-116.541571,-108.403891,-101.423173,-95.183291,-89.702936,-84.996051,-84.609096],"unit":"ohms"},"conductance":{"value":[-0.005928771,-0.011937546,-0.013189067,-0.014691473,-0.016575374,-0.019036349,-0.022333139,-0.027036119,-0.034219353,-0.046516157,-0.073015998,-0.168495246,0.547144378,0.104041283,0.057477301,0.03976059,0.030403526,0.02457217,0.020628462,0.017800559,0.015592462,0.013930868,0.012557319,0.01143211,0.010510817,0.009714131,0.009029521,0.008426881,0.007914655,0.007453439,0.007037259,0.006673039,0.006344977,0.006046326,0.005762372,0.00553394,0.005297555,0.005089336,0.004891233,0.004712885,0.004543599,0.004385654,0.004237322,0.004106142,0.003979634,0.003857279,0.003749835,0.003641146,0.003541522,0.003441615,0.003354875,0.003266844,0.003194015,0.003106178,0.003030306,0.002957659,0.002893021,0.002826173,0.002762745,0.00270649,0.002646602,0.002589395,0.002539658,0.002488134,0.002431992,0.002383745,0.002336665,0.002283582,0.002238489,0.002186227,0.002136324,0.002075271,0.002013271,0.001940383,0.001846493,0.00172924,0.001577758,0.001384993,0.001131653,0.000824268281,0.000452718903,2.3799922e-5,-0.000457658645,-0.000979889273,-0.001541835,-0.002126433,-0.002746943,-0.003371788,-0.004008275,-0.004658322,-0.005319172,-0.0059799,-0.006631914,-0.007279344,-0.007933505,-0.008580629,-0.009224761,-0.00985968,-0.010506046,-0.011147907,-0.011765252,-0.01181906],"unit":"S"},"power":{"value":[-0.237033927,-0.399677913,-0.363338267,-0.326039828,-0.288688176,-0.251685827,-0.214397942,-0.177269521,-0.140057583,-0.102648627,-0.065618214,-0.028465694,0.008762305,0.045864096,0.083093533,0.120379332,0.157687162,0.194713278,0.231878139,0.269397178,0.305700148,0.343447944,0.380288647,0.417189051,0.454822116,0.491814986,0.52896686,0.565397322,0.60298398,0.639929596,0.67643431,0.713676243,0.750914594,0.788198782,0.823520189,0.863530859,0.899433012,0.93683234,0.973099911,1.01038,1.047023,1.083486,1.119637,1.157984,1.195318,1.231516,1.270269,1.306687,1.34405,1.379197,1.417644,1.453538,1.494458,1.526486,1.562307,1.597942,1.636131,1.671529,1.706952,1.745326,1.779708,1.814258,1.852385,1.887731,1.917974,1.952529,1.986507,2.01375,2.046073,2.069942,2.093941,2.104668,2.111284,2.102918,2.067176,1.998613,1.881594,1.703531,1.434934,1.076972,0.609230983,0.032974665,-0.652516401,-1.437156,-2.325204,-3.296336,-4.375339,-5.516086,-6.733056,-8.031503,-9.409774,-10.850792,-12.339824,-13.883941,-15.506437,-17.18215,-18.918114,-20.703311,-22.582123,-24.519371,-26.473602,-26.594872],"unit":"mW"},"J":{"value":[0.012413213000000001,0.022872267999999998,0.022922355,0.022917362,0.022905659,0.02292017,0.022912993,0.022923759000000002,0.022923759000000002,0.022881006,0.02292017,0.022932497000000003,0.022927503999999998,0.022873673,0.022883815,0.022908624,0.022927503999999998,0.022904255,0.022901289999999998,0.022930313,0.022861346,0.022904255,0.02288241,0.022867899,0.022894737,0.022887559,0.022884595,0.022856353,0.022875233000000002,0.022868679,0.022846055,0.022851204,0.022856353,0.022859161,0.022810479,0.022890367999999998,0.022856977,0.022864311000000002,0.02284465,0.022849799,0.022838877,0.02282577,0.022807670999999998,0.022833104,0.022838097,0.022822182,0.022853388,0.022840281,0.022845431000000003,0.022813444000000002,0.022835913000000003,0.022817813,0.022877417,0.022801117000000003,0.022783641,0.022764137,0.022781456999999998,0.022758987999999997,0.022739328,0.022758208,0.022725597,0.022695795,0.02271171,0.02269361,0.022615126,0.022590471999999997,0.022560046,0.022454724,0.02240963,0.022275286000000002,0.02214687,0.021883955,0.021588428,0.021152003,0.020457812,0.019466534,0.018041795,0.016084048,0.013343483000000001,0.009865817,0.005499231,0.000293342231,-0.005722202,-0.012426164,-0.019826502000000003,-0.027722869,-0.036301725,-0.045158788,-0.05439782,-0.064048624,-0.07408123999999999,-0.084347906,-0.094726292,-0.10526866800000001,-0.116140899,-0.12714372899999998,-0.138328962,-0.14960563,-0.16128673599999999,-0.17312028599999998,-0.184800768,-0.185646624],"unit":"A\/cm2"},"power_density":{"value":[-2.482031,-4.185109,-3.804589,-3.41403,-3.022913,-2.635454,-2.245005,-1.856225,-1.466572,-1.074855,-0.687101713,-0.298070098,0.091751882,0.480252319,0.870089347,1.260517,1.651174,2.038882,2.428043,2.820913,3.201049,3.596314,3.98208,4.368472,4.762535,5.149895,5.53892,5.920391,6.313968,6.700833,7.083082,7.47305,7.86298,8.25339,8.623248,9.042208,9.418147,9.809763,10.189528,10.579894,10.963593,11.345403,11.723946,12.125492,12.516417,12.895453,13.30125,13.682586,14.073824,14.441849,14.84444,15.220293,15.648776,15.984142,16.35924,16.732377,17.132266,17.502922,17.873839,18.27566,18.635682,18.997471,19.396701,19.766817,20.083494,20.44533,20.801125,21.086386,21.424848,21.674783,21.926083,22.038409,22.107681,22.02008,21.64582,20.92788,19.702553,17.838018,15.025486,11.27719,6.379382,0.345284451,-6.832632,-15.048754,-24.347685,-34.516608,-45.815065,-57.760062,-70.503207,-84.099505,-98.531664,-113.620863,-129.212813,-145.381582,-162.371068,-179.917799,-198.095439,-216.788599,-236.462019,-256.747339,-277.210493,-278.480337],"unit":"mW\/cm2"},"timestamps":{"value":[0.018,0.047,0.073,0.096,0.119,0.143,0.167,0.19,0.211,0.236,0.257,0.289,0.312,0.334,0.359,0.389,0.412,0.435,0.457,0.478,0.5,0.521,0.544,0.566,0.589,0.612,0.635,0.658,0.681,0.702,0.725,0.748,0.77,0.794,0.818,0.84,0.863,0.886,0.909,0.932,0.955,0.976,0.999,1.021,1.043,1.066,1.088,1.111,1.145,1.169,1.192,1.214,1.238,1.259,1.283,1.307,1.329,1.352,1.374,1.396,1.419,1.442,1.465,1.487,1.51,1.532,1.554,1.576,1.598,1.621,1.645,1.668,1.691,1.714,1.737,1.766,1.787,1.81,1.832,1.855,1.878,1.901,1.923,1.947,1.972,1.996,2.034,2.058,2.081,2.104,2.125,2.147,2.172,2.195,2.221,2.243,2.266,2.288,2.309,2.337,2.358,2.382],"unit":"s"},"p_max":{"unit":"mW","value":2.111284},"v_p_max":{"unit":"V","value":1.024052},"i_p_max":{"unit":"mA","value":2.061695},"j_p_max":{"unit":"mA\/cm2","value":21.588428},"voc":{"unit":"V","value":1.177899},"isc":{"unit":"mA","value":2.189689},"jsc":{"unit":"mA\/cm2","value":22.928679},"fill_factor":{"unit":"%","value":81.857072},"efficiency":{"unit":"%","value":22.107681},"r_s":{"unit":"ohms","value":21.495267},"r_sh":{"unit":"ohms","value":298.231871},"cell_dimension":{"value":0.09550001276865223,"unit":"cm2"},"sweep_direction":{"unit":"","value":"Forward"},"key":"forward9_1cell_231018"}]}}