{"_id":"6531de445d0e997149349cdf","id":"KAIST-SC-00096","author":105,"group":12,"input":[{"tco":{"unit":"","value":"ITO"}},{"etl":[{"material":{"unit":"","value":"SnO2"},"concentration":{"unit":"","value":"5"},"conc_unit":{"unit":"","value":"wt%"},"quantity":{"unit":"ml","value":"0.4"}}],"solvent":[{"material":{"unit":"","value":"DI Water"},"volume":{"unit":"ml","value":"0.8"}}],"spin_coating":[{"type":{"unit":"","value":"drop&run"},"rpm":{"unit":"","value":"4000"},"time":{"unit":"s","value":"30"}}],"annealing":[{"temperature":{"unit":"oC","value":"150"},"time":{"unit":"m","value":"30"}}]},{"perovskite":{"method":{"unit":"","value":"1-step"},"molarity":{"unit":"M","value":"1.8"},"a_site":[{"material":{"unit":"","value":"FA"},"ratio":{"unit":"","value":"95"}},{"material":{"unit":"","value":"MA"},"ratio":{"unit":"","value":"5"}}],"b_site":[{"material":{"unit":"","value":"Pb"},"ratio":{"unit":"","value":"100"}}],"x_site":[{"material":{"unit":"","value":"I"},"ratio":{"unit":"","value":"95"}},{"material":{"unit":"","value":"Br"},"ratio":{"unit":"","value":"5"}}],"solvent":[{"material":{"unit":"","value":"DMF"},"volume":{"unit":"ml","value":"0.8"}},{"material":{"unit":"","value":"DMSO"},"volume":{"unit":"ml","value":"0.1"}}],"additive":[{"material":{"unit":"","value":"MACl"},"solvent":{"unit":"","value":"None"},"concentration":{"unit":"","value":"47.62"},"conc_unit":{"unit":"","value":"mg\/ml"},"quantity":{"unit":"mol%","value":"35"}}],"stirring_time":[{"unit":"m","value":"20"}],"antisolvent":[{"material":{"unit":"","value":"DEE"},"quantity":{"unit":"ul","value":"1000"},"dripping_time":{"unit":"s","value":"28"}}],"spin_coating":[{"type":{"unit":"","value":"drop&run"},"rpm":{"unit":"","value":"5000"},"time":{"unit":"s","value":"15"}}],"annealing":[{"temperature":{"unit":"oC","value":"150"},"time":{"unit":"m","value":"5"}}],"atmosphere":[{"type":{"unit":"","value":"Air"},"temperature":{"unit":"oC","value":"22"},"humidity":{"unit":"RH%","value":"19"}}]}},{"perovskite_treatment":[{"material":{"unit":"","value":"OAI"},"concentration":{"unit":"","value":"2.5"},"conc_unit":{"unit":"","value":"mg\/ml"},"quantity":{"unit":"ml","value":"0.4"}}],"solvent":[{"material":{"unit":"","value":"CF"},"volume":{"unit":"ml","value":"0.8"}}],"spin_coating":[{"type":{"unit":"","value":"drop&run"},"rpm":{"unit":"","value":"5000"},"time":{"unit":"s","value":"5"}}],"annealing":[{"temperature":{"unit":"oC","value":"100"},"time":{"unit":"m","value":"3"}}]},{"htl":[{"material":{"unit":"","value":"Spiro-OMeTAD"},"concentration":{"unit":"","value":"91"},"conc_unit":{"unit":"","value":"mg\/ml"},"quantity":{"unit":"ml","value":"0.08"}}],"solvent":[{"material":{"unit":"","value":"CB"},"volume":{"unit":"ml","value":"1.1"}}],"htl_doping":[{"material":{"unit":"","value":"tBP"},"volume":{"unit":"ul","value":"39"}},{"material":{"unit":"","value":"Li-TFSI"},"volume":{"unit":"ul","value":"23"}},{"material":{"unit":"","value":"Co-TFSI"},"volume":{"unit":"ul","value":"10"}}],"spin_coating":[{"type":{"unit":"","value":"dynamic"},"rpm":{"unit":"","value":"2000"},"time":{"unit":"s","value":"30"}}]},{"anode_metal":{"unit":"","value":"Au"}},{"note":{"unit":"","value":"-"},"ar":{"unit":"","value":"0"},"type":{"unit":"","value":"unit_cell"},"device_type":{"unit":"","value":"n-i-p"},"temperature":{"unit":"oC","value":"22"},"humidity":{"unit":"%","value":"19"},"cell_dimension":{"unit":"cm2","value":"0.0955"}}],"fileinfo":[{"key":"reverse21_4cell_231020","uploadType":"JV","original_name":"reverse21_4cell_231020.csv","save_name":"KAIST-SC-00096\/reverse21_4cell_231020","uploader":105,"fileType":""},{"key":"forward21_4cell_231020","uploadType":"JV","original_name":"forward21_4cell_231020.csv","save_name":"KAIST-SC-00096\/forward21_4cell_231020","uploader":105,"fileType":""},{"key":"reverse21_3cell_231020","uploadType":"JV","original_name":"reverse21_3cell_231020.csv","save_name":"KAIST-SC-00096\/reverse21_3cell_231020","uploader":105,"fileType":""},{"key":"forward21_3cell_231020","uploadType":"JV","original_name":"forward21_3cell_231020.csv","save_name":"KAIST-SC-00096\/forward21_3cell_231020","uploader":105,"fileType":""},{"key":"reverse21_2cell_231020","uploadType":"JV","original_name":"reverse21_2cell_231020.csv","save_name":"KAIST-SC-00096\/reverse21_2cell_231020","uploader":105,"fileType":""},{"key":"forward21_2cell_231020","uploadType":"JV","original_name":"forward21_2cell_231020.csv","save_name":"KAIST-SC-00096\/forward21_2cell_231020","uploader":105,"fileType":""},{"key":"reverse21_1cell_231020","uploadType":"JV","original_name":"reverse21_1cell_231020.csv","save_name":"KAIST-SC-00096\/reverse21_1cell_231020","uploader":105,"fileType":""},{"key":"forward21_1cell_231020","uploadType":"JV","original_name":"forward21_1cell_231020.csv","save_name":"KAIST-SC-00096\/forward21_1cell_231020","uploader":105,"fileType":""}],"jvcnt":8,"updated_at":"2024-08-19 05:52:54","created_at":"2023-10-20 01:56:20","analysisInfo":{"JV":[{"efficiency":10.250903,"fill_factor":57.573096,"jsc":20.595477,"voc":0.864511296,"key":"reverse21_4cell_231020","cell_dimension":0.09549999784605935},{"efficiency":9.936216,"fill_factor":57.654395,"jsc":20.963404,"voc":0.822104106,"key":"reverse21_3cell_231020","cell_dimension":0.09549999880844384},{"efficiency":10.124757,"fill_factor":58.746617,"jsc":21.111239,"voc":0.816371892,"key":"reverse21_2cell_231020","cell_dimension":0.09550000450704921},{"efficiency":10.886613,"fill_factor":62.165478,"jsc":21.210515,"voc":0.82564297,"key":"reverse21_1cell_231020","cell_dimension":0.0954999973790455},{"efficiency":8.279748,"fill_factor":49.699027,"jsc":19.469732,"voc":0.85567576,"key":"forward21_4cell_231020","cell_dimension":0.09550000375362938},{"efficiency":8.460587,"fill_factor":51.081913,"jsc":20.17664,"voc":0.820889111,"key":"forward21_3cell_231020","cell_dimension":0.09549999961602107},{"efficiency":4.616247,"fill_factor":31.182577,"jsc":19.700274,"voc":0.751458051,"key":"forward21_2cell_231020","cell_dimension":0.09549999831062758},{"efficiency":8.250055,"fill_factor":50.483814,"jsc":20.227819,"voc":0.807896252,"key":"forward21_1cell_231020","cell_dimension":0.09550001242921245}]},"public":2,"tags":[],"analysis":{"JV":[{"V":{"value":[1.499992,1.483983,1.467985,1.45202,1.436008,1.420014,1.404016,1.388002,1.371999,1.355993,1.339986,1.324013,1.308001,1.292001,1.276003,1.259995,1.243995,1.227984,1.212017,1.196013,1.180019,1.163998,1.147996,1.131986,1.115977,1.10002,1.084021,1.068016,1.052007,1.035998,1.02001,1.003987,0.988008499,0.972014666,0.956012726,0.940007925,0.923986673,0.907996893,0.892001867,0.87600112,0.860024929,0.844007969,0.828006029,0.81200242,0.796001911,0.779986143,0.763996363,0.748023033,0.732018232,0.716016293,0.700008869,0.683990479,0.66798687,0.651988983,0.63602519,0.62002039,0.604008913,0.588008165,0.572021246,0.556016445,0.539998055,0.524012327,0.508010387,0.492013693,0.476004839,0.459998846,0.444003582,0.427997351,0.412018538,0.396015167,0.38001585,0.364004374,0.347998142,0.331990719,0.315991402,0.299983978,0.284017324,0.268016577,0.252007723,0.235994816,0.219985962,0.203999758,0.188006878,0.171998978,0.1559937,0.13999939,0.124005079,0.108001232,0.09200573,0.076000452,0.060006142,0.044014454,0.027999878,0.012000501,-0.003997803,-0.019996911,-0.035994053,-0.051990986,-0.067985296,-0.083989143,-0.099999905,-0.115986109,-0.13198185,-0.147984266,-0.163986683,-0.17999053,-0.195980787,-0.199980497],"unit":"V"},"I":{"value":[-0.00900048,-0.009380355,-0.009291589,-0.009100407000000001,-0.008870244,-0.008632109,-0.008370474,-0.008103773,-0.007821947,-0.007534713,-0.00724034,-0.0069407670000000005,-0.006638631,-0.006329551,-0.006020755,-0.005705088,-0.0053914340000000005,-0.005073546999999999,-0.0047552589999999995,-0.004438831999999999,-0.004118174,-0.003802031,-0.003484428,-0.0031725020000000002,-0.0028545560000000003,-0.0025494249999999997,-0.002254635,-0.001966223,-0.001687244,-0.001424223,-0.001175553,-0.000948920846,-0.000745803118,-0.000569120049,-0.000422790647,-0.00030449032799999997,-0.00021316111099999998,-0.000142842531,-8.6262822e-5,-3.6254525000000005e-5,1.4156103e-5,7.136166100000001e-5,0.000137165189,0.00021649897100000002,0.000311851501,0.00042301416400000003,0.00054679811,0.000677376986,0.00081191957,0.000941455364,0.001067251,0.0011815279999999998,0.001289293,0.001385063,0.0014691799999999998,0.001544282,0.001609474,0.001664877,0.001710996,0.001752883,0.001786932,0.001811191,0.001829579,0.0018571759999999999,0.00186564,0.001885682,0.00189434,0.0019041300000000002,0.001910985,0.001915768,0.001925066,0.001926169,0.001934424,0.001937762,0.001943991,0.0019467030000000001,0.001945108,0.001948789,0.001948789,0.001953915,0.0019541980000000003,0.001956269,0.001960576,0.00195682,0.001964942,0.001960084,0.001962796,0.0019623040000000002,0.001962587,0.0019660439999999997,0.0019637640000000002,0.001968831,0.001966462,0.001963481,0.001967996,0.00196439,0.001966402,0.001963973,0.0019682049999999998,0.0019690989999999998,0.001966119,0.001969934,0.001969859,0.001970485,0.00196813,0.001969859,0.001965985,0.001973331],"unit":"A"},"resistance":{"value":[-166.656848,-158.201126,-157.990724,-159.555461,-161.89047,-164.50374,-167.734379,-171.27848,-175.403706,-179.966063,-185.07229,-190.758883,-197.02876,-204.122015,-211.934008,-220.854637,-230.735413,-242.036654,-254.879218,-269.443148,-286.539386,-306.151644,-329.464685,-356.811731,-390.945951,-431.477699,-480.796479,-543.181393,-623.506275,-727.412752,-867.685334,-1058.031,-1324.758,-1707.926,-2261.196,-3087.152,-4334.687,-6356.628,-10340.513,-24162.532,60752.943,11827.191,6036.561,3750.606,2552.503,1843.877,1397.218,1104.294,901.58959,760.541944,655.899025,578.903331,518.103163,470.728779,432.911689,401.494321,375.283326,353.184162,334.320615,317.201081,302.19278,289.319128,277.665111,264.925662,255.142882,243.942914,234.384324,224.77318,215.605377,206.713553,197.404051,188.978439,179.897548,171.326889,162.547804,154.098514,146.01621,137.529825,129.315053,120.780507,112.570975,104.280006,95.893716,87.897167,79.388465,71.425205,63.177777,55.037969,46.879817,38.656531,30.55669,22.35563,14.238711,6.111849,-2.031408,-10.179704,-18.304525,-26.472352,-34.541776,-42.65359,-50.861578,-58.878185,-67.000658,-75.100433,-83.321043,-91.372291,-99.685815,-101.341589],"unit":"ohms"},"conductance":{"value":[-0.006000353,-0.006321068,-0.006329486,-0.006267413,-0.006177016,-0.006078889,-0.005961807,-0.005838445,-0.005701134,-0.005556603,-0.005403294,-0.00524222,-0.005075401,-0.004899031,-0.00471845,-0.004527865,-0.004333968,-0.004131606,-0.003923427,-0.003711358,-0.003489922,-0.003266355,-0.003035227,-0.002802598,-0.002557898,-0.002317617,-0.002079882,-0.001841006,-0.001603833,-0.001374735,-0.001152492,-0.000945152229,-0.000754854962,-0.00058550562,-0.000442243743,-0.00032392315,-0.00023069717,-0.000157316101,-9.6706997e-5,-4.1386391e-5,1.6460108e-5,8.4550933e-5,0.000165657234,0.000266623554,0.000391772302,0.000542335486,0.00071570774,0.000905556321,0.001109152,0.001314852,0.001524625,0.001727404,0.001930118,0.002124366,0.00230994,0.002490695,0.002664653,0.002831384,0.002991141,0.003152574,0.003309146,0.003456391,0.003601461,0.003774644,0.003919373,0.00409932,0.004266497,0.004448929,0.004638103,0.004837612,0.005065752,0.005291609,0.005558719,0.005836795,0.006152036,0.006489355,0.006848555,0.00727115,0.007733052,0.008279482,0.008883284,0.009589566,0.010428212,0.011376931,0.012596288,0.01400066,0.01582835,0.018169275,0.021331141,0.02586885,0.032726057,0.044731461,0.070231075,0.163616609,-0.492269501,-0.098234685,-0.054631301,-0.037775261,-0.028950451,-0.023444685,-0.019661207,-0.016984219,-0.014925227,-0.013315502,-0.01200177,-0.010944237,-0.010031518,-0.009867617],"unit":"S"},"power":{"value":[-13.500645,-13.920286,-13.639913,-13.213971,-12.737741,-12.257716,-11.752282,-11.248052,-10.7317,-10.217014,-9.701957,-9.189666,-8.683338,-8.177785,-7.682499,-7.188384,-6.706915,-6.230237,-5.763452,-5.308901,-4.859525,-4.425557,-4.000109,-3.591227,-3.185619,-2.804418,-2.444071,-2.099957,-1.774992,-1.475493,-1.199075,-0.95270449,-0.736859819,-0.553193035,-0.404193238,-0.286223321,-0.196958026,-0.129700575,-0.076946598,-0.031759005,0.012174602,0.060229811,0.113573603,0.175797688,0.248234391,0.329945186,0.417751767,0.506693587,0.594339928,0.67409738,0.747085143,0.808153883,0.861230909,0.903045773,0.934435481,0.957486228,0.972136895,0.978961234,0.978726082,0.974631883,0.964939992,0.949086641,0.929445377,0.91375623,0.888053802,0.867411702,0.84109371,0.814962588,0.787361046,0.758673101,0.731555636,0.701133867,0.673175973,0.643318967,0.614284311,0.58397959,0.55244442,0.522307693,0.491109818,0.461113754,0.429896101,0.399078432,0.368601694,0.336571123,0.306518514,0.274410542,0.243396655,0.211931262,0.180569271,0.149420256,0.117837927,0.086657014,0.055060683,0.02356276,-0.007867661,-0.039281738,-0.070778775,-0.102108895,-0.133808998,-0.165382942,-0.196611694,-0.228484922,-0.259985635,-0.291600755,-0.322747187,-0.354555966,-0.38529523,-0.39462771],"unit":"mW"},"J":{"value":[-0.09424586600000001,-0.098223618,-0.09729412800000001,-0.09529222400000001,-0.092882136,-0.090388571,-0.08764894200000001,-0.084856262,-0.08190520800000001,-0.078897514,-0.07581507999999999,-0.07267819,-0.06951446300000001,-0.066278024,-0.063044551,-0.059739145,-0.056454805000000004,-0.053126150000000004,-0.049793283,-0.04647992,-0.043122244000000004,-0.039811846000000005,-0.036486156,-0.033219915,-0.029890637,-0.026695547,-0.023608744,-0.020588724,-0.017667472,-0.014913332,-0.012309450999999999,-0.009936344,-0.007809457,-0.005959372,-0.0044271269999999995,-0.00318838,-0.0022320540000000002,-0.001495733,-0.000903275625,-0.000379628536,0.00014823144599999998,0.000747242523,0.001436285,0.0022670050000000003,0.0032654610000000003,0.004429468,0.005725635,0.007092953,0.008501775999999999,0.009858171,0.011175402999999999,0.012372021,0.013500452,0.014503277,0.015384084,0.016170490000000003,0.016853135,0.017433266,0.017916189,0.018354798,0.018711333,0.018965355,0.019157900000000002,0.019446874,0.019535499999999997,0.019745365,0.019836020000000003,0.019938534,0.020010309,0.020060396,0.02015776,0.020169307,0.020255749,0.020290700999999998,0.020355922,0.020384319999999997,0.020367625,0.020406165,0.020406165,0.02045984,0.020462805,0.020484494000000002,0.020529587,0.020490267,0.020575305,0.020524438,0.020552835999999998,0.020547687,0.020550652,0.020586851,0.020562978000000003,0.020616029999999997,0.02059122,0.020560013999999998,0.020607292000000003,0.020569531999999998,0.020590596000000003,0.020565162999999997,0.020609476,0.020618838,0.020587631999999998,0.020627576,0.020626796,0.020633349,0.020608696,0.020626796,0.020586227000000002,0.020663152],"unit":"A\/cm2"},"power_density":{"value":[-141.368012,-145.762159,-142.826313,-138.366185,-133.379489,-128.35305,-123.06054,-117.780654,-112.373826,-106.984441,-101.59117,-96.226868,-90.925007,-85.631259,-80.445013,-75.271038,-70.229478,-65.238085,-60.350285,-55.590588,-50.885073,-46.340914,-41.88596,-37.604476,-33.357265,-29.365634,-25.592366,-21.989083,-18.586304,-15.450183,-12.55576,-9.975963,-7.71581,-5.792597,-4.23239,-2.997103,-2.062388,-1.358121,-0.805723544,-0.332555023,0.127482739,0.630678644,1.189252,1.840813,2.599313,3.454923,4.374364,5.305692,6.223455,7.058611,7.822881,8.462344,9.018125,9.455977,9.784665,10.026034,10.179444,10.250903,10.248441,10.205569,10.104084,9.93808,9.732412,9.568128,9.298993,9.082845,8.807264,8.53364,8.244618,7.944221,7.660268,7.341716,7.048963,6.736324,6.432296,6.11497,5.784758,5.469191,5.142511,4.828416,4.50153,4.178832,3.859704,3.524305,3.209618,2.873409,2.548656,2.219176,1.890778,1.56461,1.233905,0.907403283,0.576551655,0.246730468,-0.082383887,-0.411327101,-0.741139008,-1.069203,-1.401141,-1.731759,-2.058761,-2.392512,-2.722363,-3.053411,-3.379552,-3.712628,-4.034505,-4.132227],"unit":"mW\/cm2"},"timestamps":{"value":[0.019,0.042,0.067,0.09,0.112,0.137,0.161,0.186,0.209,0.231,0.254,0.278,0.303,0.327,0.351,0.376,0.4,0.422,0.444,0.467,0.492,0.516,0.54,0.565,0.6,0.625,0.648,0.671,0.694,0.717,0.74,0.762,0.786,0.809,0.831,0.854,0.877,0.898,0.92,0.943,0.966,0.992,1.013,1.036,1.059,1.082,1.103,1.126,1.149,1.173,1.195,1.218,1.241,1.263,1.287,1.308,1.331,1.354,1.376,1.399,1.422,1.443,1.48,1.506,1.527,1.549,1.572,1.595,1.618,1.641,1.664,1.687,1.709,1.732,1.755,1.78,1.803,1.824,1.844,1.866,1.889,1.915,1.938,1.96,1.982,2.005,2.026,2.05,2.071,2.094,2.116,2.139,2.165,2.192,2.214,2.238,2.261,2.285,2.308,2.331,2.367,2.391,2.412,2.44,2.462,2.484,2.507,2.53],"unit":"s"},"p_max":{"unit":"mW","value":0.978961234},"v_p_max":{"unit":"V","value":0.588008165},"i_p_max":{"unit":"mA","value":1.664877},"j_p_max":{"unit":"mA\/cm2","value":17.433266},"voc":{"unit":"V","value":0.864511296},"isc":{"unit":"mA","value":1.966868},"jsc":{"unit":"mA\/cm2","value":20.595477},"fill_factor":{"unit":"%","value":57.573096},"efficiency":{"unit":"%","value":10.250903},"r_s":{"unit":"ohms","value":71.609596},"r_sh":{"unit":"ohms","value":2608.504},"cell_dimension":{"value":0.09549999784605935,"unit":"cm2"},"sweep_direction":{"unit":"","value":"Reverse"},"key":"reverse21_4cell_231020"},{"V":{"value":[1.499994,1.483984,1.467988,1.452017,1.436007,1.420007,1.404014,1.387998,1.371994,1.355991,1.339989,1.324014,1.308,1.291998,1.276006,1.260002,1.24399,1.227984,1.212014,1.196016,1.180014,1.164,1.148001,1.131989,1.115978,1.100017,1.084018,1.068016,1.051991,1.036005,1.020021,1.003989,0.988008499,0.972013235,0.956013918,0.940009117,0.924003124,0.907995701,0.891999006,0.875997066,0.860022306,0.844003916,0.828004599,0.812001228,0.795993567,0.779987574,0.763997793,0.748023033,0.732016802,0.716017723,0.700014114,0.684000015,0.667985678,0.651986361,0.636019707,0.620023251,0.604012966,0.588008165,0.572007418,0.556001425,0.539996624,0.524006844,0.508015871,0.49201107,0.476000786,0.459995985,0.444005013,0.428000212,0.412022591,0.396016598,0.38001442,0.364009857,0.348007679,0.332005739,0.315989971,0.299986601,0.284013271,0.268012524,0.2520051,0.236004353,0.219995499,0.204002619,0.188008308,0.171998978,0.155996323,0.139997959,0.124003649,0.108004093,0.09200573,0.076001883,0.060004711,0.044011831,0.028002501,0.011998534,-0.00399822,-0.019995213,-0.035991192,-0.051990986,-0.067981243,-0.08398509,-0.099988937,-0.115987539,-0.131980419,-0.147978783,-0.163988113,-0.179987907,-0.195982218,-0.199980497],"unit":"V"},"I":{"value":[-0.00769414,-0.008019865,-0.007977828,-0.007852867,-0.0077124540000000005,-0.007540405,-0.007358849,-0.007163152,-0.006951928,-0.006735504,-0.006508604,-0.006272689,-0.00604336,-0.005797043,-0.005542681,-0.0052853380000000005,-0.00502272,-0.004756153,-0.004489377,-0.004219279,-0.0039476450000000005,-0.0036759529999999996,-0.003403425,-0.003130689,-0.002861768,-0.002593458,-0.002325714,-0.002063796,-0.0018079130000000002,-0.0015621480000000002,-0.0013253989999999999,-0.001099467,-0.000892549753,-0.000703722239,-0.00053742528,-0.000398516655,-0.000285625458,-0.000198319554,-0.000133693218,-8.8274479e-5,-5.6236982e-5,-3.2305717e-5,-1.0251999e-5,1.7553568e-5,6.1094761e-5,0.000127255917,0.000218719244,0.00033126771399999996,0.00046032667199999997,0.000600963831,0.0007489472630000001,0.000891596079,0.0010322929999999999,0.001161769,0.0012809779999999999,0.001391724,0.0014868680000000001,0.0015746500000000001,0.001644284,0.001706272,0.001757249,0.0017965729999999999,0.001831383,0.001859739,0.0018805410000000001,0.0018984380000000001,0.001913205,0.001926035,0.0019426049999999998,0.00194414,0.001956135,0.001958355,0.001967371,0.001967371,0.0019756260000000003,0.001975894,0.001976177,0.001983732,0.0019828380000000002,0.001985326,0.00198561,0.001990259,0.001990661,0.001989633,0.001990736,0.001994476,0.0019928809999999997,0.001993239,0.001994208,0.0019939240000000002,0.001999885,0.0019939240000000002,0.001996696,0.001995668,0.002004117,0.0019998249999999998,0.002002463,0.002001762,0.002002522,0.002003983,0.001999542,0.002004117,0.002004683,0.0020013450000000003,0.0020058600000000004,0.0020042659999999998,0.002008006,0.002002522],"unit":"A"},"resistance":{"value":[-194.952816,-185.038565,-184.008413,-184.90276,-186.193248,-188.319793,-190.792558,-193.769146,-197.354528,-201.31993,-205.879634,-211.076068,-216.435917,-222.871869,-230.214511,-238.395773,-247.672684,-258.188608,-269.973692,-283.464526,-298.915817,-316.652498,-337.307671,-361.578052,-389.961198,-424.150858,-466.101233,-517.50069,-581.88123,-663.192476,-769.595395,-913.159276,-1106.951,-1381.246,-1778.878,-2358.77,-3235.017,-4578.448,-6671.984,-9923.56,-15292.825,-26125.528,-80765.186,46258.472,13028.835,6129.283,3493.052,2258.062,1590.212,1191.449,934.664093,767.163553,647.089324,561.20136,496.510906,445.507415,406.231825,373.421404,347.876389,325.85737,307.296548,291.670156,277.394737,264.559144,253.119009,242.302381,232.07396,222.21833,212.098001,203.697614,194.267989,185.875288,176.889751,168.756082,159.944246,151.823228,143.718532,135.105209,127.093142,118.874333,110.794945,102.500554,94.445165,86.447597,78.361149,70.192862,62.223299,54.185222,46.136488,38.116733,30.004083,22.072969,14.024419,6.01229,-1.995003,-9.99848,-17.973464,-25.972606,-33.947807,-41.90909,-50.005917,-57.874641,-65.836054,-73.939661,-81.754507,-89.802415,-97.600416,-99.864302],"unit":"ohms"},"conductance":{"value":[-0.005129446,-0.005404279,-0.005434534,-0.005408248,-0.005370764,-0.005310116,-0.005241295,-0.00516078,-0.005067023,-0.004967218,-0.004857207,-0.004737629,-0.004620305,-0.004486883,-0.004343775,-0.004194705,-0.004037587,-0.003873138,-0.003704065,-0.003527778,-0.003345424,-0.003158036,-0.002964652,-0.002765655,-0.002564358,-0.002357652,-0.002145457,-0.001932365,-0.001718564,-0.001507858,-0.001299384,-0.001095099,-0.000903382667,-0.000723984215,-0.00056215215,-0.000423949776,-0.000309117416,-0.00021841464,-0.000149880456,-0.000100770291,-6.5390144e-5,-3.8276739e-5,-1.2381572e-5,2.1617662e-5,7.6752833e-5,0.00016315121,0.00028628256,0.000442857639,0.000628847139,0.000839314184,0.001069903,0.001303503,0.001545382,0.001781892,0.002014054,0.002244632,0.002461649,0.00267794,0.002874584,0.003068827,0.003254186,0.00342853,0.003604971,0.003779873,0.003950711,0.004127075,0.004308971,0.004500079,0.004714802,0.004909238,0.005147528,0.005379951,0.005653239,0.005925712,0.006252179,0.006586607,0.006958045,0.007401639,0.007868245,0.008412245,0.009025683,0.009756045,0.010588155,0.011567702,0.012761426,0.014246463,0.01607115,0.018455217,0.021674819,0.026235197,0.033328797,0.045304281,0.071304203,0.166325968,-0.501252255,-0.100015203,-0.055637578,-0.038502105,-0.029456983,-0.023861172,-0.019997633,-0.017278725,-0.015189246,-0.013524541,-0.012231741,-0.011135558,-0.010245858,-0.010013588],"unit":"S"},"power":{"value":[-11.541166,-11.901353,-11.711353,-11.402495,-11.075136,-10.707431,-10.331924,-9.94244,-9.538007,-9.133283,-8.721457,-8.30513,-7.904715,-7.489768,-7.072491,-6.659537,-6.248215,-5.840481,-5.441187,-5.046324,-4.658276,-4.278807,-3.907137,-3.543904,-3.193672,-2.852848,-2.521115,-2.204167,-1.901908,-1.618394,-1.351934,-1.103853,-0.881846742,-0.68402733,-0.513786047,-0.374609289,-0.263918815,-0.180073303,-0.119254218,-0.077328185,-0.048365059,-0.027266152,-0.008488702,0.014253519,0.048631037,0.099258034,0.16710102,0.247795881,0.336966858,0.430300754,0.524273655,0.609851732,0.689556834,0.757457563,0.814727457,0.862901085,0.898087349,0.925907297,0.940542378,0.948689865,0.948908655,0.941416757,0.930371383,0.915012384,0.895139205,0.873273738,0.849472516,0.824343255,0.800397054,0.76991155,0.74335952,0.712860636,0.684660045,0.653178301,0.624277925,0.592741717,0.561260522,0.531665016,0.499685268,0.468545674,0.436825159,0.406017986,0.374260812,0.342214815,0.310547422,0.279222531,0.247124553,0.215277963,0.183478516,0.151542006,0.120002512,0.087756263,0.055912481,0.023945089,-0.0080129,-0.039986931,-0.072071021,-0.1040736,-0.136133959,-0.168304665,-0.199932092,-0.232452573,-0.264578905,-0.29615662,-0.328937231,-0.360743605,-0.393533465,-0.400465415],"unit":"mW"},"J":{"value":[-0.080566912,-0.08397763899999999,-0.08353747,-0.08222897600000001,-0.08075867599999999,-0.07895711799999999,-0.077056011,-0.075006828,-0.072795059,-0.070528834,-0.06815291799999999,-0.065682602,-0.063281253,-0.060702026,-0.058038541,-0.055343849,-0.052593921,-0.049802645,-0.047009185,-0.044180929,-0.041336601,-0.03849165,-0.035637959999999996,-0.032782086999999994,-0.029966157,-0.027156624999999997,-0.024353022,-0.021610429,-0.018931028000000003,-0.016357574,-0.01387852,-0.011512746,-0.009346071000000001,-0.007368819,-0.00562749,-0.0041729490000000004,-0.0029908419999999996,-0.0020766450000000002,-0.001399929,-0.000924340093,-0.000588868925,-0.00033827976399999996,-0.00010735077399999999,0.000183806994,0.000639735716,0.001332523,0.002290254,0.003468772,0.0048201749999999995,0.006292815,0.00784238,0.009336085000000001,0.010809349,0.012165121,0.013413386,0.014573024,0.015569295,0.016488486,0.017217628999999998,0.017866726,0.018400516,0.018812287,0.01917678,0.019473711,0.019691533,0.019878929,0.020033558,0.020167902999999997,0.020341411,0.020357483,0.020483089,0.020506338,0.020600738,0.020600738,0.020687181,0.020689989,0.020692954,0.020772063,0.020762701,0.020788758,0.020791723,0.020840405,0.020844618000000002,0.020833852,0.020845398,0.020884563,0.020867867000000002,0.020871611999999998,0.020881754000000002,0.020878789000000002,0.020941203000000002,0.020878789000000002,0.020907811,0.020897045,0.020985516,0.020940577999999998,0.020968195999999998,0.020960863,0.020968820000000003,0.020984112,0.020937614,0.020985516,0.020991444999999997,0.020956494,0.021003772,0.020987075999999997,0.021026240999999998,0.020968820000000003],"unit":"A\/cm2"},"power_density":{"value":[-120.849907,-124.621493,-122.631965,-119.397858,-115.970007,-112.119698,-108.18769,-104.109318,-99.87442,-95.636473,-91.324157,-86.964713,-82.771884,-78.42689,-74.057497,-69.733368,-65.426335,-61.156873,-56.975777,-52.84109,-48.777754,-44.804263,-40.91243,-37.108946,-33.441586,-29.872758,-26.399114,-23.080279,-19.915266,-16.946529,-14.156378,-11.558668,-9.233997,-7.16259,-5.379959,-3.92261,-2.763548,-1.885584,-1.248735,-0.80971921,-0.506440411,-0.285509446,-0.088886934,0.149251505,0.509225514,1.039351,1.749749,2.594721,3.528449,4.505767,5.489776,6.385882,7.22049,7.931493,8.531178,9.035613,9.404056,9.695364,9.848611,9.933925,9.936216,9.857767,9.742109,9.581282,9.373185,9.144228,8.895,8.631867,8.381121,8.061901,7.783869,7.464509,7.169215,6.839563,6.536942,6.20672,5.877074,5.567173,5.232306,4.906237,4.574085,4.251497,3.918961,3.583401,3.251805,2.923796,2.587692,2.25422,1.921241,1.586827,1.256571,0.918913753,0.585471002,0.250733911,-0.083904709,-0.418711317,-0.754670375,-1.089776,-1.425486,-1.762353,-2.09353,-2.434058,-2.77046,-3.101116,-3.444369,-3.77742,-4.120769,-4.193355],"unit":"mW\/cm2"},"timestamps":{"value":[0.018,0.045,0.07,0.092,0.117,0.14,0.166,0.189,0.211,0.235,0.259,0.295,0.317,0.34,0.364,0.385,0.407,0.429,0.452,0.478,0.499,0.522,0.544,0.567,0.589,0.611,0.638,0.66,0.681,0.705,0.726,0.75,0.772,0.795,0.816,0.838,0.859,0.88,0.903,0.926,0.946,0.97,0.991,1.013,1.036,1.059,1.08,1.102,1.125,1.148,1.184,1.206,1.229,1.252,1.275,1.296,1.323,1.344,1.366,1.389,1.411,1.437,1.46,1.495,1.519,1.541,1.564,1.587,1.611,1.634,1.656,1.677,1.698,1.722,1.744,1.767,1.789,1.812,1.836,1.856,1.879,1.904,1.927,1.95,1.973,1.994,2.016,2.041,2.075,2.097,2.119,2.142,2.166,2.19,2.212,2.236,2.259,2.279,2.3,2.327,2.347,2.371,2.395,2.416,2.439,2.462,2.484,2.507],"unit":"s"},"p_max":{"unit":"mW","value":0.948908655},"v_p_max":{"unit":"V","value":0.539996624},"i_p_max":{"unit":"mA","value":1.757249},"j_p_max":{"unit":"mA\/cm2","value":18.400516},"voc":{"unit":"V","value":0.822104106},"isc":{"unit":"mA","value":2.002005},"jsc":{"unit":"mA\/cm2","value":20.963404},"fill_factor":{"unit":"%","value":57.654395},"efficiency":{"unit":"%","value":9.936216},"r_s":{"unit":"ohms","value":85.503346},"r_sh":{"unit":"ohms","value":3069.374},"cell_dimension":{"value":0.09549999880844384,"unit":"cm2"},"sweep_direction":{"unit":"","value":"Reverse"},"key":"reverse21_3cell_231020"},{"V":{"value":[1.499999,1.483987,1.467989,1.452014,1.436005,1.420009,1.404011,1.388005,1.371997,1.35599,1.339989,1.324013,1.307997,1.291999,1.276004,1.260009,1.243993,1.227983,1.212019,1.196014,1.180012,1.16398,1.14801,1.131989,1.115978,1.10002,1.084021,1.068013,1.052008,1.036004,1.020006,1.003986,0.988011122,0.972010612,0.956015348,0.940009117,0.924001694,0.907996893,0.891996384,0.875994205,0.860023499,0.844007969,0.827991009,0.812007904,0.795979977,0.779986143,0.763997793,0.748021603,0.732018232,0.716018915,0.700011492,0.683993101,0.6679883,0.651988983,0.636022568,0.620023251,0.604010105,0.588004112,0.572006226,0.555999994,0.539995193,0.524013758,0.50801158,0.49201107,0.476003408,0.459989309,0.443999529,0.427985191,0.412015915,0.396011114,0.380022764,0.364004374,0.347996712,0.331990719,0.315988779,0.299988031,0.284017324,0.268015385,0.252009153,0.23600173,0.219992876,0.204001188,0.188008308,0.172003031,0.1559937,0.14000082,0.123987436,0.107993126,0.091993332,0.075999022,0.060003519,0.044015884,0.027999878,0.012002498,-0.0040012,-0.019995779,-0.035991192,-0.051989794,-0.067984104,-0.083982468,-0.099988937,-0.115987539,-0.131984472,-0.147986889,-0.163986683,-0.179982424,-0.195982218,-0.199976444],"unit":"V"},"I":{"value":[-0.008242533,-0.008571028999999999,-0.00860098,-0.008519292,-0.008402437,-0.008263125999999999,-0.008098155000000001,-0.00792174,-0.0077240320000000005,-0.007516131,-0.007287636,-0.0070484580000000005,-0.00679861,-0.006538495,-0.006271854,-0.0059972409999999995,-0.005713269,-0.00542742,-0.005133465,-0.004837498,-0.004537165,-0.004232809,-0.003927127,-0.003620818,-0.003318205,-0.003014803,-0.002712741,-0.002417952,-0.002126217,-0.001841545,-0.001569152,-0.001309112,-0.00106737,-0.000846222043,-0.000648245215,-0.000480622053,-0.000342771411,-0.000235691667,-0.000154778361,-0.00010047852999999999,-6.3240528e-5,-3.7029385999999997e-5,-1.5869737e-5,5.960464000000001e-6,3.6552548e-5,8.5160136e-5,0.00015741586699999997,0.000256240368,0.00037842988999999997,0.0005210042,0.000670865178,0.00082655251,0.000978559256,0.001125991,0.0012601020000000001,0.001384571,0.001496926,0.0015883149999999999,0.001671597,0.001735747,0.001790598,0.001830265,0.0018670260000000001,0.0018926860000000002,0.001911059,0.001931727,0.001942888,0.001954883,0.001965493,0.001972631,0.001982346,0.001985818,0.001991704,0.001992121,0.002001077,0.001998782,0.001999065,0.002003282,0.002004609,0.002004117,0.002011195,0.00200814,0.0020109859999999998,0.002011329,0.002011403,0.0020136980000000004,0.002008766,0.002013966,0.0020125060000000003,0.0020146670000000004,0.002014384,0.0020129980000000002,0.0020143089999999997,0.0020138319999999997,0.002016887,0.002017096,0.0020198670000000003,0.002019718,0.002016738,0.002017573,0.002021462,0.002014384,0.002023607,0.002019659,0.0020211039999999997,0.00201723,0.0020213130000000003,0.00201945],"unit":"A"},"resistance":{"value":[-181.982728,-173.139877,-170.676942,-170.438368,-170.903437,-171.848845,-173.374149,-175.214626,-177.627067,-180.410604,-183.871543,-187.844351,-192.391858,-197.598875,-203.449262,-210.098095,-217.737561,-226.255379,-236.101585,-247.238218,-260.077035,-274.990027,-292.328187,-312.633346,-336.319884,-364.872914,-399.60336,-441.701601,-494.779435,-562.573019,-650.036314,-766.921471,-925.649923,-1148.647,-1474.774,-1955.818,-2695.679,-3852.478,-5763.056,-8718.223,-13599.246,-22792.924,-52174.212,136232.32,21776.32,9159.052,4853.372,2919.218,1934.356,1374.305,1043.446,827.525284,682.624273,579.03552,504.739038,447.808862,403.500324,370.206286,342.191391,320.323203,301.572538,286.304868,272.096669,259.953896,249.07834,238.123361,228.525551,218.931321,209.624721,200.752797,191.703532,183.301967,174.723098,166.651856,157.90936,150.085406,142.075062,133.788125,125.714897,117.758472,109.38417,101.58713,93.490601,85.517106,77.554655,69.524231,61.723187,53.622108,45.710833,37.722874,29.787532,21.865838,13.900487,5.960028,-1.983849,-9.913153,-17.818592,-25.741112,-33.709933,-41.625501,-49.463681,-57.579666,-65.222368,-73.273217,-81.137178,-89.222569,-96.957891,-99.025199],"unit":"ohms"},"conductance":{"value":[-0.005495027,-0.005775677,-0.005859022,-0.005867223,-0.005851257,-0.005819067,-0.005767873,-0.005707286,-0.005629773,-0.005542911,-0.005438579,-0.005323556,-0.005197725,-0.005060758,-0.00491523,-0.004759681,-0.004592685,-0.004419784,-0.004235465,-0.004044682,-0.003845015,-0.003636496,-0.003420813,-0.003198635,-0.00297336,-0.00274068,-0.002502481,-0.002263972,-0.002021103,-0.001777547,-0.001538376,-0.001303914,-0.001080322,-0.000870589304,-0.000678069883,-0.000511295097,-0.00037096405,-0.000259573208,-0.000173519046,-0.000114702277,-7.3533489e-5,-4.3873265e-5,-1.9166557e-5,7.340402e-6,4.5921442e-5,0.000109181601,0.000206042306,0.000342557444,0.000516967847,0.000727640274,0.000958363093,0.001208422,0.001464935,0.00172701,0.001981222,0.002233096,0.002478313,0.002701197,0.002922341,0.003121847,0.003315952,0.00349278,0.003675164,0.003846836,0.004014801,0.004199504,0.004375878,0.004567642,0.00477043,0.004981251,0.005216388,0.005455479,0.005723342,0.006000533,0.006332747,0.006662873,0.007038533,0.007474505,0.007954507,0.008491958,0.009142091,0.009843767,0.010696262,0.011693567,0.012894133,0.014383474,0.016201367,0.018649024,0.021876652,0.026509115,0.033571092,0.045733441,0.071939927,0.167784435,-0.504070521,-0.100876075,-0.056121156,-0.038848361,-0.029664847,-0.024023735,-0.020216854,-0.017367242,-0.015332163,-0.013647551,-0.012324806,-0.011207927,-0.010313756,-0.01009844],"unit":"S"},"power":{"value":[-12.363787,-12.719294,-12.626144,-12.370133,-12.065944,-11.73371,-11.369897,-10.995414,-10.597349,-10.191796,-9.765352,-9.33225,-8.892563,-8.447732,-8.002911,-7.556576,-7.107268,-6.66478,-6.221858,-5.785717,-5.353911,-4.926906,-4.50838,-4.098725,-3.703046,-3.316343,-2.940668,-2.582404,-2.236798,-1.907847,-1.600544,-1.31433,-1.054574,-0.822536806,-0.619732375,-0.451789112,-0.316721364,-0.214007301,-0.138061739,-0.08801861,-0.05438834,-0.031253097,-0.013139999,0.004839944,0.029095097,0.066423726,0.120265375,0.191673331,0.277017579,0.373048862,0.469613334,0.565356215,0.653666134,0.734133952,0.801453179,0.858466333,0.9041584,0.933935617,0.956164097,0.965075245,0.966914332,0.959084001,0.948470873,0.93122241,0.909670608,0.888573737,0.862641313,0.836661119,0.809814382,0.78118365,0.753336674,0.722846491,0.69310648,0.661365795,0.632317858,0.599610725,0.567769172,0.536910479,0.505179694,0.472975026,0.442448534,0.409662964,0.378082115,0.345954673,0.313766265,0.281919402,0.249061739,0.217494531,0.185137144,0.153112705,0.120870109,0.088603881,0.056400411,0.024171018,-0.008069969,-0.040333399,-0.072697432,-0.105004737,-0.13710613,-0.169440719,-0.20212381,-0.233643406,-0.267084767,-0.298883005,-0.331434157,-0.363065908,-0.396141348,-0.403842444],"unit":"mW"},"J":{"value":[-0.086309242,-0.089748992,-0.090062618,-0.089207245,-0.08798363299999999,-0.08652488,-0.084797437,-0.082950161,-0.080879914,-0.07870294,-0.076310329,-0.073805841,-0.071189634,-0.068465921,-0.065673864,-0.06279833,-0.059824807,-0.056831624,-0.05375356,-0.05065443,-0.047509583,-0.044322607,-0.041121744,-0.037914327,-0.034745607,-0.031568617,-0.02840567,-0.025318867000000002,-0.022264051,-0.019283195,-0.01643091,-0.013707976,-0.011176651,-0.008860963999999999,-0.006787908,-0.005032692,-0.003589229,-0.002467976,-0.0016207160000000001,-0.001052131,-0.000662204483,-0.000387742257,-0.000166175253,6.2413241e-5,0.000382749198,0.000891729175,0.001648334,0.002683145,0.003962617,0.005455541,0.007024766,0.008655,0.010246693999999999,0.011790485,0.013194783,0.014498127999999999,0.015674617,0.016631568000000003,0.017503637000000002,0.01817536,0.018749718000000002,0.019165078000000002,0.019550011000000003,0.019818699999999998,0.020011089,0.020227507,0.020344376,0.020469983,0.020581078000000003,0.020655818,0.020757552000000002,0.020793907,0.020855540000000002,0.020859909,0.020953685,0.020929656,0.020932621000000002,0.020976777999999998,0.020990665,0.020985516,0.021059632000000002,0.021027645,0.021057447,0.021061036,0.021061816,0.021085845,0.021034198,0.021088654,0.021073363,0.021095987,0.021093023,0.021078512,0.021092243,0.021087250000000002,0.021119236,0.021121421,0.021150442999999998,0.021148883,0.021117676,0.021126414,0.021167138000000002,0.021093023,0.021189607,0.021148258,0.021163394,0.021122824999999998,0.021165578,0.021146073999999997],"unit":"A\/cm2"},"power_density":{"value":[-129.46374,-133.186324,-132.21093,-129.530187,-126.344968,-122.866078,-119.056515,-115.13522,-110.967009,-106.720376,-102.254997,-97.719893,-93.115844,-88.457924,-83.800119,-79.12645,-74.421659,-69.788269,-65.150346,-60.583428,-56.0619,-51.590639,-47.208164,-42.918583,-38.77535,-34.726108,-30.792332,-27.040884,-23.421969,-19.977459,-16.759622,-13.762614,-11.042656,-8.612951,-6.489344,-4.730776,-3.316454,-2.240914,-1.445673,-0.921660838,-0.569511416,-0.327257555,-0.137591615,0.050680045,0.304660698,0.6955364,1.259323,2.007051,2.900708,3.906271,4.917417,5.91996,6.844672,7.687267,8.39218,8.989176,9.467627,9.779431,10.01219,10.1055,10.124757,10.042764,9.931632,9.75102,9.525347,9.304437,9.032893,8.760849,8.479732,8.179934,7.888342,7.569073,7.257659,6.925296,6.621129,6.278646,5.945227,5.622099,5.28984,4.952618,4.632969,4.289665,3.958975,3.622562,3.285511,2.952036,2.607976,2.27743,1.938609,1.603274,1.265656,0.927789334,0.590580218,0.253099669,-0.084502293,-0.422339258,-0.76122965,-1.099526,-1.435666,-1.774248,-2.11648,-2.446528,-2.796699,-3.129665,-3.470515,-3.801737,-4.148077,-4.228717],"unit":"mW\/cm2"},"timestamps":{"value":[0.018,0.04,0.066,0.088,0.11,0.133,0.154,0.178,0.201,0.226,0.248,0.271,0.293,0.316,0.34,0.365,0.386,0.413,0.436,0.458,0.481,0.505,0.53,0.553,0.574,0.596,0.62,0.641,0.664,0.686,0.71,0.732,0.755,0.777,0.8,0.822,0.846,0.883,0.906,0.93,0.952,0.974,0.998,1.02,1.043,1.064,1.085,1.107,1.128,1.151,1.171,1.194,1.217,1.239,1.261,1.283,1.306,1.327,1.349,1.372,1.394,1.417,1.439,1.462,1.484,1.507,1.528,1.551,1.571,1.593,1.614,1.637,1.66,1.683,1.706,1.729,1.766,1.79,1.813,1.84,1.862,1.889,1.912,1.933,1.956,1.979,2.004,2.027,2.048,2.069,2.091,2.12,2.143,2.169,2.192,2.215,2.238,2.262,2.285,2.307,2.33,2.352,2.373,2.389,2.41,2.434,2.458,2.481],"unit":"s"},"p_max":{"unit":"mW","value":0.966914332},"v_p_max":{"unit":"V","value":0.539995193},"i_p_max":{"unit":"mA","value":1.790598},"j_p_max":{"unit":"mA\/cm2","value":18.749718},"voc":{"unit":"V","value":0.816371892},"isc":{"unit":"mA","value":2.016123},"jsc":{"unit":"mA\/cm2","value":21.111239},"fill_factor":{"unit":"%","value":58.746617},"efficiency":{"unit":"%","value":10.124757},"r_s":{"unit":"ohms","value":78.375857},"r_sh":{"unit":"ohms","value":3255.452},"cell_dimension":{"value":0.09550000450704921,"unit":"cm2"},"sweep_direction":{"unit":"","value":"Reverse"},"key":"reverse21_2cell_231020"},{"V":{"value":[1.500004,1.48398,1.467986,1.452011,1.436007,1.420013,1.404012,1.388005,1.371994,1.355994,1.339982,1.324016,1.307999,1.292002,1.276007,1.260005,1.243996,1.227983,1.212021,1.196017,1.180015,1.163998,1.148,1.131993,1.115981,1.100019,1.084021,1.068013,1.052004,1.036001,1.020003,1.003989,0.988012552,0.972011805,0.956015348,0.940007925,0.924003124,0.907998323,0.892000437,0.875994205,0.860023499,0.844006538,0.828007221,0.811999798,0.795993567,0.779986143,0.764000416,0.748020411,0.732022285,0.716017723,0.700015545,0.683994532,0.6679883,0.651986361,0.636022568,0.62002182,0.604010105,0.588005543,0.572007418,0.556005478,0.540000677,0.524010897,0.50801301,0.492013693,0.475998163,0.46000433,0.444007635,0.427998781,0.412021399,0.396016598,0.380017281,0.364008427,0.34799552,0.331987858,0.315991402,0.299986601,0.284014702,0.268013954,0.2520051,0.236004353,0.219995499,0.204001188,0.188006878,0.17200017,0.155995131,0.140008926,0.123987436,0.108021736,0.092008352,0.075999022,0.060006142,0.044010401,0.028005362,0.012000948,-0.004000485,-0.019998193,-0.035991192,-0.051992416,-0.067984104,-0.083983898,-0.099993229,-0.115988731,-0.131983042,-0.147985697,-0.16398263,-0.179986477,-0.195983648,-0.199977636],"unit":"V"},"I":{"value":[-0.012680113,-0.013319418000000001,-0.013261795,-0.013059646000000001,-0.012842938,-0.012576029,-0.012279093,-0.011952892,-0.011606574,-0.011244789000000002,-0.010870606,-0.010477766000000001,-0.010072634,-0.009654343000000001,-0.009223297,-0.008788764000000001,-0.008341074,-0.007891089,-0.007435203,-0.006971762,-0.006510466,-0.006042451,-0.005576938,-0.0051142570000000005,-0.004651234,-0.004175171,-0.003724769,-0.003283173,-0.002848178,-0.002431959,-0.002033636,-0.0016546549999999999,-0.0013104229999999998,-0.001002043,-0.000735759735,-0.0005168914789999999,-0.000348448753,-0.000225439668,-0.000141739845,-8.6680055e-5,-5.0827861e-5,-2.579391e-5,-4.157424e-6,2.3990870000000002e-5,7.2047114e-5,0.0001552701,0.00027884542899999997,0.000438407063,0.0006203055379999999,0.0008060932159999999,0.000983968377,0.001152962,0.00130254,0.0014336709999999999,0.001544356,0.0016313789999999999,0.0017110559999999999,0.001765504,0.0018175840000000001,0.001850799,0.0018819269999999998,0.001906201,0.0019202079999999999,0.001940802,0.001951203,0.001960918,0.001966879,0.001977637,0.001978815,0.001988038,0.0019901100000000002,0.002002046,0.001999274,0.00200142,0.002005443,0.002004609,0.002008691,0.0020062030000000002,0.0020138919999999998,0.002015844,0.002014875,0.002016887,0.0020154269999999998,0.002020761,0.002016678,0.002020136,0.0020225050000000004,0.002020627,0.0020225050000000004,0.00202243,0.0020252020000000003,0.00202471,0.002027914,0.002023056,0.002026454,0.002026871,0.0020218790000000003,0.002028465,0.002026871,0.002025276,0.002028883,0.002028883,0.002027765,0.002029225,0.0020290910000000002,0.0020322049999999996,0.002025127,0.002035186],"unit":"A"},"resistance":{"value":[-118.295774,-111.414793,-110.692866,-111.183056,-111.812947,-112.914258,-114.341684,-116.122925,-118.208395,-120.588637,-123.266569,-126.3643,-129.85667,-133.825983,-138.346071,-143.365403,-149.140975,-155.616423,-163.011111,-171.551659,-181.248935,-192.636761,-205.847754,-221.340559,-239.932287,-263.466678,-291.030312,-325.299106,-369.360441,-425.994436,-501.566206,-606.766305,-753.96459,-970.029563,-1299.358,-1818.579,-2651.762,-4027.678,-6293.223,-10106.064,-16920.317,-32721.155,-199163.527,33846.201,11048.237,5023.415,2739.871,1706.223,1180.1,888.256729,711.420774,593.249619,512.835034,454.767222,411.836665,380.05992,353.004363,333.052422,314.707549,300.4138,286.940251,274.897993,264.561402,253.510538,243.951154,234.586177,225.742248,216.419238,208.216272,199.19967,190.952933,181.818258,174.060953,165.876185,157.566884,149.648472,141.392898,133.592644,125.133378,117.074711,109.185659,101.14656,93.283905,85.116517,77.352505,69.3067,61.303902,53.459506,45.492279,37.578067,29.629708,21.736642,13.809936,5.932089,-1.974131,-9.866535,-17.800864,-25.631406,-33.541409,-41.467869,-49.284879,-57.168777,-65.08794,-72.927191,-80.815804,-88.567067,-96.77596,-98.260142],"unit":"ohms"},"conductance":{"value":[-0.008453387,-0.008975469,-0.009034006,-0.008994176,-0.008943508,-0.008856277,-0.008745717,-0.008611564,-0.008459636,-0.008292655,-0.0081125,-0.007913627,-0.007700798,-0.00747239,-0.00722825,-0.006975184,-0.006705065,-0.006426057,-0.006134551,-0.005829148,-0.005517274,-0.005191117,-0.004857959,-0.004517925,-0.004167843,-0.003795546,-0.003436068,-0.003074094,-0.002707383,-0.002347448,-0.001993755,-0.001648081,-0.001326322,-0.001030896,-0.000769610798,-0.000549879917,-0.000377107765,-0.000248282031,-0.000158901094,-9.8950489e-5,-5.9100549e-5,-3.0561268e-5,-5.021e-6,2.9545413e-5,9.0512182e-5,0.000199067767,0.00036498073,0.000586089707,0.000847386139,0.001125801,0.001405638,0.001685631,0.001949945,0.002198927,0.002428147,0.002631164,0.002832826,0.00300253,0.003177553,0.003328742,0.003485046,0.003637713,0.003779841,0.003944609,0.004099181,0.004262826,0.004429831,0.004620661,0.004802699,0.005020089,0.005236893,0.005499998,0.005745114,0.006028593,0.006346511,0.006682327,0.007072491,0.007485442,0.007991473,0.008541554,0.009158712,0.009886644,0.010719963,0.011748601,0.01292783,0.014428619,0.016312175,0.018705747,0.021981752,0.026611268,0.033749911,0.046005266,0.072411632,0.168574692,-0.506551991,-0.101352701,-0.056177049,-0.039014637,-0.029813894,-0.024115056,-0.020290199,-0.017492066,-0.015363829,-0.013712306,-0.012373817,-0.011290879,-0.010333145,-0.010177066],"unit":"S"},"power":{"value":[-19.020218,-19.765752,-19.468131,-18.962754,-18.442547,-17.858124,-17.239997,-16.590671,-15.924156,-15.247863,-14.566419,-13.872726,-13.174991,-12.47343,-11.768991,-11.073885,-10.376262,-9.690123,-9.011619,-8.338347,-7.682449,-7.033401,-6.402327,-5.789301,-5.190689,-4.592766,-4.037726,-3.506472,-2.996296,-2.519512,-2.074315,-1.661255,-1.294714,-0.973998097,-0.7033976,-0.485882087,-0.321967737,-0.20469884,-0.126432004,-0.075931226,-0.043713155,-0.021770229,-0.003442377,0.019480581,0.05734904,0.121108526,0.213038024,0.327937432,0.454077478,0.577177029,0.68879316,0.788620008,0.870081683,0.934733625,0.982245489,1.011491,1.033495,1.038126,1.039672,1.029054,1.016242,0.998870223,0.975490816,0.954901031,0.928768925,0.902030912,0.873309192,0.846426401,0.81531396,0.787296212,0.756276069,0.728761437,0.695738358,0.664447027,0.633702737,0.601355694,0.570497898,0.537690382,0.507511039,0.475747955,0.443263521,0.411447359,0.378914092,0.347571299,0.314592018,0.282837006,0.250765186,0.218271665,0.186087335,0.153702724,0.121524553,0.089108306,0.056792463,0.024278592,-0.008106797,-0.040533754,-0.072769833,-0.105464811,-0.137794999,-0.170090609,-0.202874513,-0.235327508,-0.267630582,-0.30029631,-0.332735698,-0.365769502,-0.396891858,-0.406991625],"unit":"mW"},"J":{"value":[-0.132776056,-0.13947034400000002,-0.138866964,-0.13675021899999998,-0.134481029,-0.131686164,-0.12857689300000003,-0.125161172,-0.121534807,-0.11774647899999999,-0.113828332,-0.109714831,-0.10547260300000001,-0.10109259799999999,-0.09657902900000001,-0.092028947,-0.087341089,-0.082629201,-0.077855525,-0.07300273900000001,-0.068172422,-0.063271735,-0.058397261,-0.053552433,-0.048704016,-0.043719071,-0.039002814000000004,-0.034378773,-0.029823855,-0.025465538,-0.021294618,-0.017326228,-0.013721707,-0.010492602,-0.00770429,-0.005412476,-0.003648678,-0.0023606250000000003,-0.0014841869999999999,-0.000907644551,-0.000532228909,-0.000270093299,-4.3533235e-5,0.000251213293,0.000754420046,0.001625865,0.0029198469999999997,0.00459065,0.006495346,0.008440767,0.010303333999999999,0.012072905,0.013639165,0.015012257,0.016171271,0.017082504000000002,0.017916813,0.018486958,0.019032294,0.019380091,0.019706045,0.019960222000000003,0.020106894,0.020322531,0.020431442,0.020533176,0.020595589,0.020708245,0.020720572,0.020817156,0.020838844999999998,0.020963826999999997,0.020934805,0.020957274,0.020999403,0.020990665,0.021033418,0.021007361,0.021087874,0.021108314,0.021098172000000002,0.021119236,0.021103945,0.021159805,0.021117052,0.021153251999999997,0.021178060999999998,0.021158401,0.021178060999999998,0.021177281,0.021206303,0.021201154,0.021234701,0.021183834000000002,0.02121941,0.021223778,0.021171507,0.021240474,0.021223778,0.021207083,0.021244843,0.021244843,0.021233139999999998,0.021248432,0.021247026999999998,0.021279638,0.021205523,0.021310845000000002],"unit":"A\/cm2"},"power_density":{"value":[-199.16459,-206.971226,-203.854774,-198.562869,-193.115671,-186.996059,-180.523527,-173.724305,-166.745086,-159.66349,-152.527947,-145.26415,-137.958024,-130.611835,-123.235511,-115.956912,-108.651957,-101.467254,-94.362502,-87.312536,-80.444487,-73.648181,-67.040069,-60.620957,-54.352762,-48.091787,-42.279855,-36.716983,-31.374825,-26.382322,-21.720575,-17.395338,-13.557219,-10.198933,-7.36542,-5.087771,-3.37139,-2.143443,-1.323895,-0.795091368,-0.457729369,-0.22796051,-0.036045833,0.203985143,0.600513503,1.268152,2.230765,3.4339,4.754738,6.043739,7.212494,8.257801,9.110803,9.787787,10.285293,10.591525,10.821936,10.870434,10.886613,10.775437,10.641277,10.459374,10.214564,9.998964,9.725329,9.44535,9.144599,8.863104,8.537319,8.243939,7.919121,7.63101,7.285218,6.95756,6.635631,6.296918,5.9738,5.630266,5.314252,4.981654,4.641503,4.308349,3.967687,3.63949,3.294157,2.961644,2.625813,2.285567,1.948558,1.609453,1.272508,0.933071271,0.594685474,0.254226095,-0.084887929,-0.424437214,-0.761987785,-1.104344,-1.44288,-1.781053,-2.12434,-2.464162,-2.802414,-3.144464,-3.484143,-3.830047,-4.155936,-4.261692],"unit":"mW\/cm2"},"timestamps":{"value":[0.019,0.043,0.069,0.091,0.118,0.141,0.165,0.187,0.209,0.233,0.258,0.281,0.305,0.328,0.35,0.374,0.398,0.421,0.445,0.467,0.491,0.514,0.536,0.557,0.578,0.613,0.636,0.658,0.681,0.702,0.725,0.748,0.771,0.793,0.814,0.837,0.859,0.882,0.904,0.925,0.946,0.969,0.993,1.015,1.038,1.061,1.084,1.108,1.131,1.146,1.167,1.19,1.214,1.237,1.26,1.283,1.306,1.328,1.351,1.378,1.399,1.42,1.442,1.478,1.503,1.527,1.55,1.571,1.593,1.616,1.638,1.664,1.686,1.709,1.731,1.753,1.776,1.799,1.821,1.848,1.869,1.892,1.915,1.937,1.959,1.982,2.005,2.027,2.049,2.071,2.094,2.121,2.144,2.168,2.19,2.212,2.234,2.257,2.28,2.301,2.324,2.346,2.381,2.407,2.429,2.451,2.475,2.497],"unit":"s"},"p_max":{"unit":"mW","value":1.039672},"v_p_max":{"unit":"V","value":0.572007418},"i_p_max":{"unit":"mA","value":1.817584},"j_p_max":{"unit":"mA\/cm2","value":19.032294},"voc":{"unit":"V","value":0.82564297},"isc":{"unit":"mA","value":2.025604},"jsc":{"unit":"mA\/cm2","value":21.210515},"fill_factor":{"unit":"%","value":62.165478},"efficiency":{"unit":"%","value":10.886613},"r_s":{"unit":"ohms","value":50.759005},"r_sh":{"unit":"ohms","value":3809.06},"cell_dimension":{"value":0.0954999973790455,"unit":"cm2"},"sweep_direction":{"unit":"","value":"Reverse"},"key":"reverse21_1cell_231020"},{"V":{"value":[-0.199985981,-0.183994293,-0.167984962,-0.151982546,-0.135986805,-0.119982958,-0.103994131,-0.0879848,-0.071987629,-0.055992126,-0.039990902,-0.023984194,-0.007999629,0.007999599,0.024001598,0.040008068,0.056007862,0.07199955,0.088003397,0.104004383,0.119986534,0.135984898,0.151991367,0.168006182,0.184004545,0.199994802,0.215982437,0.231995344,0.247993231,0.263993979,0.279998779,0.296013117,0.312021971,0.327991247,0.343993187,0.360003471,0.376005411,0.391993761,0.40801096,0.424010277,0.440015078,0.455996513,0.472017765,0.488012791,0.504008055,0.520011425,0.536010742,0.552021027,0.567990303,0.58398962,0.600001097,0.616008759,0.632021666,0.648014069,0.6640203,0.680001736,0.695997,0.711996317,0.727998257,0.744004488,0.760011911,0.776030302,0.791996956,0.807982683,0.824001074,0.840023518,0.856018782,0.872012615,0.888018608,0.903989315,0.919985771,0.936009645,0.952010393,0.968017817,0.984007597,1.000016,1.016029,1.031989,1.047988,1.063992,1.080003,1.096005,1.112014,1.128027,1.143994,1.160004,1.176002,1.192007,1.208007,1.224011,1.240009,1.25598,1.271998,1.288002,1.304003,1.320005,1.33602,1.352015,1.367981,1.38399,1.399995,1.416,1.432003,1.448008,1.464018,1.480009,1.495983,1.499979],"unit":"V"},"I":{"value":[0.000954076648,0.001676664,0.0017116219999999999,0.0017429589999999999,0.0017607809999999999,0.0017787520000000002,0.0017965729999999999,0.00181058,0.001820147,0.001833662,0.001839772,0.00185281,0.0018568929999999999,0.001861826,0.001870558,0.001868621,0.0018779040000000001,0.0018784700000000001,0.0018784700000000001,0.001885399,0.0018871279999999999,0.001884013,0.001885742,0.001881242,0.001881585,0.001885816,0.0018807499999999998,0.0018770100000000001,0.001872361,0.001867652,0.0018603650000000001,0.001854196,0.001849264,0.0018377600000000001,0.001829714,0.001814321,0.001800448,0.001780957,0.001761273,0.001737341,0.001710653,0.0016820729999999999,0.001646161,0.001609191,0.001566827,0.001520574,0.0014673020000000002,0.0014100220000000001,0.001348451,0.001278684,0.00120233,0.001124531,0.001036599,0.0009456127880000001,0.0008551925420000001,0.0007600486279999999,0.000684797764,0.0005780011419999999,0.000478357077,0.00038473308099999995,0.000300139189,0.00022676587100000002,0.00016386807,0.00011248886600000001,6.8306923e-5,3.1277537e-5,-6.85453415e-7,-2.9459596e-5,-5.7756901e-5,-9.034573999999999e-5,-0.000129535794,-0.000179246068,-0.000242769718,-0.000322520733,-0.000421062112,-0.000540822744,-0.00068256259,-0.0008488595490000001,-0.0010371360000000001,-0.00124988,-0.001484692,-0.0017379370000000002,-0.002011031,-0.00229618,-0.002592772,-0.00290288,-0.003216878,-0.003542945,-0.00387089,-0.004207149,-0.004546255000000001,-0.0048892350000000005,-0.005237699,-0.005587339,-0.005954117,-0.0063095090000000005,-0.006666645,-0.007033974,-0.007401227999999999,-0.007767648,-0.008136570000000001,-0.008512974,-0.008887514,-0.009264901,-0.009643316,-0.010023966,-0.010407507,-0.010531366],"unit":"A"},"resistance":{"value":[-209.61207,-109.738338,-98.143734,-87.198003,-77.230967,-67.453464,-57.88471,-48.594802,-39.550447,-30.535679,-21.736881,-12.944764,-4.308071,4.296643,12.831253,21.410483,29.824668,38.328822,46.84844,55.163056,63.581564,72.178306,80.6003,89.306001,97.792336,106.052104,114.838458,123.598361,132.449495,141.350737,150.507421,159.644982,168.72766,178.473364,188.003844,198.423286,208.839952,220.10288,231.656912,244.056986,257.220488,271.092008,286.738504,303.265865,321.674288,341.983615,365.303517,391.498061,421.216934,456.71161,499.031963,547.791694,609.706835,685.284798,776.457075,894.681881,1016.354,1231.825,1521.872,1933.82,2532.198,3422.165,4833.138,7182.779,12063.215,26857.086,-1248836,-29600.291,-15375.108,-10005.888,-7102.174,-5221.926,-3921.454,-3001.413,-2336.965,-1849.065,-1488.551,-1215.736,-1010.464,-851.275424,-727.42591,-630.635766,-552.957335,-491.262632,-441.224198,-399.604536,-365.572514,-336.445216,-312.074866,-290.935952,-272.753918,-256.886724,-242.85436,-230.521613,-219.008684,-209.20885,-200.403566,-192.212083,-184.831685,-178.173673,-172.062062,-166.334314,-161.125253,-156.289612,-151.816871,-147.647074,-143.740724,-142.429698],"unit":"ohms"},"conductance":{"value":[-0.004770718,-0.009112586,-0.010189138,-0.011468153,-0.012948174,-0.014825036,-0.017275719,-0.020578333,-0.025284164,-0.032748576,-0.046004761,-0.07725131,-0.232122434,0.232739865,0.077934712,0.046706092,0.033529292,0.026090027,0.021345428,0.018128075,0.01572783,0.013854578,0.012406902,0.011197456,0.01022575,0.009429327,0.008707884,0.008090722,0.007550048,0.007074601,0.006644191,0.006263899,0.005926711,0.005603077,0.00531904,0.005039731,0.004788356,0.00454333,0.004316729,0.004097404,0.003887715,0.003688785,0.003487498,0.003297437,0.003108735,0.002924117,0.00273745,0.002554291,0.002374074,0.002189566,0.00200388,0.001825511,0.001640133,0.001459247,0.001287901,0.001117716,0.000983909074,0.000811803555,0.00065708547,0.000517111237,0.000394913796,0.00029221265,0.000206904924,0.000139221877,8.2896643e-5,3.7234121e-5,-8.00745766e-7,-3.3783451e-5,-6.5040192e-5,-9.9941159e-5,-0.000140801954,-0.000191500236,-0.000255007424,-0.000333176443,-0.000427905347,-0.000540813847,-0.000671794161,-0.000822547012,-0.000989644261,-0.001174708,-0.00137471,-0.001585701,-0.001808458,-0.002035571,-0.002266421,-0.002502474,-0.002735435,-0.002972252,-0.003204359,-0.003437183,-0.003666308,-0.003892766,-0.004117694,-0.004337988,-0.004566029,-0.004779913,-0.004989931,-0.005202587,-0.005410328,-0.005612501,-0.005811856,-0.006011989,-0.006206352,-0.006398378,-0.006586883,-0.006772908,-0.006956971,-0.007021008],"unit":"S"},"power":{"value":[-0.190801954,-0.308496563,-0.287526737,-0.26489935,-0.239442957,-0.21341988,-0.18683309,-0.159303563,-0.13102807,-0.102670656,-0.073574136,-0.044438163,-0.014854457,0.014893858,0.044896374,0.074759897,0.105177385,0.135249008,0.165311757,0.196089783,0.226429919,0.256197371,0.286616497,0.316060251,0.346220105,0.377153489,0.406208982,0.43545755,0.464332781,0.493048866,0.520900005,0.548866394,0.577010969,0.602769263,0.629409007,0.653161744,0.676978079,0.698124026,0.718618503,0.736650559,0.752713247,0.767019368,0.777017274,0.785305936,0.789693578,0.790715901,0.786489871,0.778362001,0.765906967,0.746737917,0.721399315,0.692720964,0.655153202,0.61277039,0.567865208,0.516834386,0.476617189,0.411534684,0.348243118,0.286243139,0.228109359,0.175977187,0.129783012,0.090889056,0.056284978,0.026273867,-0.000586760997,-0.025689139,-0.051289203,-0.081671584,-0.119171088,-0.167776049,-0.231119295,-0.312205816,-0.414328317,-0.540831641,-0.69350363,-0.8760138,-1.086906,-1.329862,-1.603473,-1.904789,-2.236295,-2.590153,-2.966116,-3.367353,-3.783055,-4.223214,-4.676063,-5.149597,-5.637396,-6.140779,-6.662342,-7.196507,-7.764187,-8.328585,-8.906768,-9.510037,-10.124742,-10.750349,-11.391159,-12.054368,-12.726948,-13.41565,-14.11799,-14.835564,-15.56945,-15.79683],"unit":"mW"},"J":{"value":[0.009990331,0.017556689,0.017922742,0.018250879999999997,0.018437494999999998,0.018625671,0.018812287,0.018958957999999998,0.019059131,0.019200652999999998,0.019264627,0.019401156,0.019443909000000002,0.019495556,0.019586991,0.019566707000000003,0.019663916,0.019669845,0.019669845,0.0197424,0.0197605,0.019727889000000002,0.019745989000000002,0.019698867,0.019702456,0.019746769,0.019693718,0.019654554,0.019605871,0.019556564999999998,0.019480265,0.019415666999999998,0.01936402,0.019243562000000002,0.019159305,0.018998122,0.018852855999999998,0.018648763999999998,0.018442644,0.018192055,0.0179126,0.017613329,0.017237289,0.016850171,0.016406569000000003,0.015922242,0.015364423,0.014764632000000001,0.014119903000000001,0.013389356,0.012589843,0.011775194000000001,0.010854443,0.009901705,0.008954896,0.007958624000000001,0.007170657,0.006052368000000001,0.005008975000000001,0.004028619,0.003142819,0.002374512,0.0017158960000000002,0.001177894,0.000715255737,0.00032751348,-7.177523e-6,-0.000308477442,-0.000604784301,-0.000946028694,-0.001356396,-0.001876922,-0.0025420910000000002,-0.00337718,-0.004409027,-0.005663064999999999,-0.007147252,-0.008888581999999999,-0.010860060000000001,-0.013087744,-0.015546514,-0.018198297,-0.021057915,-0.024043765,-0.027149448,-0.030396652,-0.033684582,-0.037098898,-0.040532874999999996,-0.044053918000000004,-0.047604763,-0.051196176999999995,-0.054845011,-0.058506172,-0.062346770999999995,-0.06606816,-0.069807805,-0.073654177,-0.077499769,-0.081336623,-0.08519969100000001,-0.089141087,-0.093062979,-0.097014673,-0.10097713400000001,-0.104962999,-0.108979135,-0.110276082],"unit":"A\/cm2"},"power_density":{"value":[-1.997926,-3.230331,-3.010751,-2.773815,-2.507256,-2.234763,-1.956367,-1.6681,-1.372022,-1.075085,-0.770409805,-0.465321082,-0.155544053,0.155956629,0.470119097,0.782826144,1.101334,1.41622,1.731013,2.053296,2.370994,2.682695,3.00122,3.309531,3.625341,3.949251,4.253497,4.559765,4.862123,5.162815,5.45445,5.747292,6.042,6.31172,6.59067,6.83939,7.088776,7.310199,7.524801,7.713618,7.881814,8.031616,8.136307,8.223099,8.269043,8.279748,8.235496,8.150387,8.019968,7.819245,7.55392,7.253623,6.860243,6.416444,5.946233,5.411878,4.990756,4.309264,3.646525,2.99731,2.38858,1.842693,1.358984,0.95171786,0.589371496,0.275119026,-0.006144094,-0.268996221,-0.537059714,-0.855199831,-1.247865,-1.756817,-2.420097,-3.269171,-4.338516,-5.663159,-7.261818,-9.172919,-11.381217,-13.925253,-16.79029,-19.945432,-23.416703,-27.122021,-31.058801,-35.260243,-39.613137,-44.22214,-48.96401,-53.922478,-59.030327,-64.301351,-69.76274,-75.356095,-81.300391,-87.210313,-93.26459,-99.581536,-106.018245,-112.569096,-119.279148,-126.223748,-133.266467,-140.478005,-147.832352,-155.346217,-163.030895,-165.411836],"unit":"mW\/cm2"},"timestamps":{"value":[0.019,0.044,0.068,0.091,0.112,0.133,0.157,0.182,0.204,0.228,0.249,0.272,0.296,0.323,0.346,0.37,0.394,0.43,0.452,0.475,0.499,0.522,0.544,0.569,0.592,0.622,0.646,0.668,0.689,0.71,0.735,0.757,0.78,0.804,0.825,0.849,0.87,0.893,0.914,0.937,0.957,0.98,1.004,1.026,1.049,1.071,1.094,1.118,1.141,1.164,1.185,1.209,1.232,1.254,1.279,1.303,1.338,1.36,1.383,1.405,1.429,1.451,1.474,1.498,1.521,1.544,1.565,1.588,1.614,1.638,1.66,1.685,1.708,1.731,1.754,1.778,1.802,1.824,1.849,1.872,1.896,1.918,1.941,1.964,1.987,2.013,2.034,2.06,2.082,2.107,2.131,2.155,2.177,2.201,2.237,2.26,2.282,2.311,2.338,2.362,2.385,2.407,2.43,2.454,2.476,2.499,2.522,2.545],"unit":"s"},"p_max":{"unit":"mW","value":0.790715901},"v_p_max":{"unit":"V","value":0.520011425},"i_p_max":{"unit":"mA","value":1.520574},"j_p_max":{"unit":"mA\/cm2","value":15.922242},"voc":{"unit":"V","value":0.85567576},"isc":{"unit":"mA","value":1.859359},"jsc":{"unit":"mA\/cm2","value":19.469732},"fill_factor":{"unit":"%","value":49.699027},"efficiency":{"unit":"%","value":8.279748},"r_s":{"unit":"ohms","value":75.178509},"r_sh":{"unit":"ohms","value":93.410693},"cell_dimension":{"value":0.09550000375362938,"unit":"cm2"},"sweep_direction":{"unit":"","value":"Forward"},"key":"forward21_4cell_231020"},{"V":{"value":[-0.1999681,-0.183979273,-0.167986393,-0.151986599,-0.135981321,-0.11998558,-0.103988647,-0.087977886,-0.071991682,-0.055990696,-0.039994955,-0.023984194,-0.00799793,0.00799793,0.024004221,0.040008068,0.056009293,0.071998119,0.087999105,0.104005814,0.120001554,0.136003971,0.151999474,0.168000698,0.184005976,0.200001478,0.215981007,0.231996775,0.248001575,0.263985872,0.279994726,0.296014547,0.312021971,0.327989817,0.343993187,0.360002041,0.376001358,0.391995192,0.408009529,0.424011469,0.440019131,0.455993891,0.471995831,0.488015652,0.504008055,0.520010233,0.536013603,0.552018166,0.567992926,0.584000587,0.599982023,0.616005898,0.632021666,0.648012638,0.664018869,0.679997683,0.696001053,0.712001801,0.727998257,0.744005918,0.760011911,0.776028872,0.791998386,0.808004379,0.824010611,0.84001112,0.856009245,0.872012615,0.888015985,0.903987885,0.919988632,0.935998917,0.95199132,0.968002796,0.984010458,1.000025,1.016028,1.031992,1.047992,1.063992,1.080003,1.096,1.112013,1.128026,1.143995,1.159999,1.176001,1.192005,1.208006,1.224007,1.240005,1.255986,1.271987,1.288012,1.304011,1.320009,1.33602,1.352016,1.367979,1.383991,1.399994,1.415997,1.432009,1.448011,1.464025,1.48002,1.495985,1.499999],"unit":"V"},"I":{"value":[0.000994846225,0.001802042,0.001831725,0.001845181,0.0018646720000000002,0.001888245,0.001892403,0.001900524,0.001906902,0.001910925,0.001919165,0.001921535,0.001924649,0.0019290890000000002,0.001928672,0.001931727,0.001934081,0.001929715,0.001933739,0.001934215,0.001937762,0.00193353,0.001934364,0.001931578,0.001927212,0.001924932,0.001919582,0.0019204909999999999,0.001909465,0.001908287,0.001902118,0.00189504,0.001888037,0.001874581,0.001863003,0.001848295,0.001832768,0.001815423,0.001793027,0.00177215,0.001743093,0.001711473,0.001674995,0.00162819,0.001601562,0.001553789,0.0014880450000000001,0.001428053,0.001352608,0.0012795929999999999,0.001194775,0.0011091979999999998,0.001013428,0.0009123235939999999,0.0008067786689999999,0.000699087977,0.000590354204,0.000479459763,0.00036865472799999996,0.00026677548899999996,0.000177592039,0.00010444223900000001,5.0619245e-5,1.6853213e-5,-4.0829179999999996e-6,-1.9341707e-5,-3.3766031e-5,-5.1513314e-5,-7.468462e-5,-0.000105261803,-0.000146582723,-0.000201582909,-0.00027294457,-0.000362813473,-0.00047481060000000003,-0.0006095469,-0.000768691301,-0.000951841474,-0.001156613,-0.001383588,-0.0016263570000000001,-0.0018860699999999999,-0.0021656749999999997,-0.002443746,-0.0027336179999999997,-0.0030320140000000004,-0.003336236,-0.0036487729999999997,-0.0039642900000000005,-0.0042872430000000005,-0.004611224,-0.004938751,-0.005273342,-0.005609185,-0.005950301999999999,-0.006297439,-0.006641254,-0.006990284,-0.007344364999999999,-0.007700101,-0.008059591,-0.008419022,-0.008783713,-0.009152203999999999,-0.00952369,-0.009899065,-0.010270491,-0.010396689],"unit":"A"},"resistance":{"value":[-201.004029,-102.094879,-91.709384,-82.36948,-72.925074,-63.543427,-54.950589,-46.291386,-37.753223,-29.300312,-20.839766,-12.481792,-4.155527,4.145961,12.445983,20.711037,28.95912,37.310229,45.50724,53.771577,61.927915,70.339727,78.578509,86.975884,95.477813,103.900542,112.514574,120.800732,129.880164,138.336537,147.201529,156.204885,165.262659,174.967003,184.644484,194.775172,205.154876,215.924945,227.553487,239.263817,252.435812,266.433608,281.789426,299.728882,314.697829,334.672408,360.213337,386.553055,419.924206,456.395752,502.171514,555.361662,623.647346,710.28815,823.04961,972.692572,1178.955,1485.008,1974.743,2788.884,4279.538,7430.221,15646.191,47943.639,-201819.036,-43430.04,-25351.195,-16927.907,-11890.212,-8587.995,-6276.242,-4643.245,-3487.856,-2668.045,-2072.427,-1640.604,-1321.764,-1084.206,-906.087221,-769.009273,-664.062817,-581.10255,-513.471679,-461.597127,-418.491273,-382.58357,-352.49324,-326.686656,-304.721939,-285.499722,-268.910119,-254.312497,-241.210779,-229.625541,-219.150452,-209.61051,-201.169772,-193.413639,-186.262332,-179.736806,-173.705297,-168.190205,-163.029975,-158.214427,-153.72456,-149.511096,-145.65859,-144.276562],"unit":"ohms"},"conductance":{"value":[-0.004975025,-0.009794811,-0.01090401,-0.012140419,-0.013712705,-0.015737269,-0.018198167,-0.021602291,-0.026487804,-0.03412933,-0.047985183,-0.080116703,-0.240643375,0.241198587,0.08034721,0.048283434,0.034531436,0.026802301,0.021974526,0.018597186,0.016147807,0.014216717,0.012726126,0.01149744,0.010473637,0.009624589,0.008887737,0.008278096,0.007699405,0.007228748,0.006793408,0.006401848,0.006050974,0.005715363,0.005415813,0.005134125,0.004874366,0.004631239,0.004394571,0.004179487,0.003961403,0.00375328,0.003548749,0.003336348,0.003177651,0.002987997,0.002776133,0.002586967,0.002381382,0.002191081,0.001991352,0.001800628,0.00160347,0.001407879,0.001214994,0.001028074,0.00084820878,0.00067339684,0.00050639507,0.000358566353,0.000233670073,0.000134585507,6.3913318e-5,2.0857824e-5,-4.954934e-6,-2.3025537e-5,-3.9445872e-5,-5.9074047e-5,-8.4102788e-5,-0.000116441608,-0.000159331015,-0.000215366605,-0.000286709095,-0.000374806224,-0.00048252597,-0.000609531786,-0.000756564953,-0.000922334196,-0.001103647,-0.001300374,-0.001505882,-0.001720867,-0.001947527,-0.002166391,-0.002389536,-0.002613808,-0.002836934,-0.003061037,-0.00328168,-0.00350263,-0.003718715,-0.00393217,-0.004145752,-0.004354916,-0.004563075,-0.004770753,-0.004970926,-0.005170266,-0.005368772,-0.005563691,-0.005756877,-0.005945649,-0.006133841,-0.006320536,-0.006505141,-0.006688467,-0.006865369,-0.006931133],"unit":"S"},"power":{"value":[-0.198937509,-0.3315384,-0.307704916,-0.280442783,-0.253560523,-0.226562214,-0.196788404,-0.167204075,-0.137281054,-0.106994016,-0.076756928,-0.046086457,-0.015393207,0.015428722,0.046296274,0.077284663,0.108326526,0.138935871,0.170167266,0.201169649,0.232534441,0.262967755,0.294022376,0.324506439,0.354618503,0.384989246,0.414593358,0.445547824,0.473550229,0.503760915,0.5325831,0.560959489,0.589108941,0.614843472,0.640860263,0.665390091,0.689123378,0.711637231,0.731572071,0.751412093,0.766994325,0.780421172,0.790590574,0.79458234,0.8072001,0.807986066,0.797612286,0.788311078,0.768271891,0.74728278,0.716843585,0.683272347,0.640508435,0.591197219,0.53571626,0.475378205,0.410887148,0.341376214,0.268379999,0.198482543,0.134972065,0.081050193,0.04009036,0.01361747,-0.003364368,-0.016247249,-0.028904035,-0.04492026,-0.066321136,-0.095155394,-0.134854439,-0.188681384,-0.259840861,-0.351204456,-0.467218596,-0.609562014,-0.781012013,-0.982292747,-1.212122,-1.472126,-1.756472,-2.067132,-2.408259,-2.756609,-3.127246,-3.517132,-3.923415,-4.349357,-4.788887,-5.247614,-5.71794,-6.203004,-6.707622,-7.224697,-7.759261,-8.31268,-8.872845,-9.450977,-10.046934,-10.656874,-11.283376,-11.92131,-12.578352,-13.252489,-13.94292,-14.650814,-15.364504,-15.595019],"unit":"mW"},"J":{"value":[0.010417237999999999,0.018869551000000002,0.019180369,0.019321267,0.019525358,0.019772203000000002,0.019815736,0.019900774,0.019967555999999997,0.020009685000000003,0.020095970999999997,0.020120781,0.020153391,0.020199889,0.020195519999999998,0.020227507,0.020252159999999998,0.020206443,0.020248572,0.020253564999999998,0.020290700999999998,0.020246386999999998,0.020255125,0.020225947,0.020180229,0.020156356,0.020100339999999998,0.020109857999999998,0.019994394,0.019982067,0.019917469,0.019843354,0.019770018,0.01962912,0.019507881999999997,0.019353878,0.019191291,0.019009669,0.018775151,0.018556549000000002,0.018252284,0.017921182,0.017539213,0.017049112999999998,0.016770282,0.016270040000000003,0.015581622,0.014953432,0.014163437,0.013398874,0.012510733999999999,0.011614636000000001,0.010611810999999999,0.009553127,0.008447943999999999,0.007320293,0.0061817190000000004,0.005020520999999999,0.003860259,0.002793461,0.0018596029999999998,0.001093636,0.000530044446,0.000176473438,-4.275307e-5,-0.00020253096600000002,-0.00035357100800000003,-0.0005394064320000001,-0.000782037905,-0.0011022179999999999,-0.001534898,-0.0021108159999999997,-0.002858058,-0.0037990940000000003,-0.0049718390000000005,-0.00638269,-0.008049124000000001,-0.009966926000000001,-0.012111133000000001,-0.01448783,-0.017029921,-0.019749422,-0.022677226999999998,-0.025588961,-0.028624272000000003,-0.031748835,-0.034934407,-0.038207045,-0.04151089,-0.044892596,-0.048285067,-0.051714675,-0.055218241999999994,-0.058734916,-0.062306826,-0.065941773,-0.069541925,-0.073196688,-0.076904347,-0.08062932499999999,-0.084393624,-0.088157298,-0.091976052,-0.095834595,-0.09972450000000001,-0.10365513,-0.10754441099999999,-0.108865855],"unit":"A\/cm2"},"power_density":{"value":[-2.083115,-3.471606,-3.222041,-2.936574,-2.655084,-2.372379,-2.060612,-1.750828,-1.437498,-1.120356,-0.803737467,-0.482580699,-0.161185415,0.161557302,0.484777733,0.809263483,1.134309,1.454826,1.781856,2.106488,2.434916,2.753589,3.078768,3.397973,3.713283,4.031301,4.341292,4.665422,4.958641,5.274983,5.576786,5.873921,6.16868,6.438152,6.710579,6.967436,7.215952,7.451699,7.660441,7.868189,8.031354,8.171949,8.278435,8.320234,8.452357,8.460587,8.351961,8.254566,8.044732,7.824951,7.506216,7.154684,6.706895,6.190547,5.609594,4.977782,4.302483,3.57462,2.810262,2.078351,1.41332,0.848693118,0.419794346,0.142591311,-0.035228983,-0.170128263,-0.302660052,-0.470369213,-0.694462161,-0.996391564,-1.412088,-1.975721,-2.720847,-3.677534,-4.892341,-6.382848,-8.178136,-10.285788,-12.692376,-15.414932,-18.392374,-21.645365,-25.217368,-28.865013,-32.746033,-36.828606,-41.082884,-45.543004,-50.14541,-54.948836,-59.873714,-64.952919,-70.236884,-75.651279,-81.248808,-87.043765,-92.909369,-98.963109,-105.203499,-111.590299,-118.150538,-124.830472,-131.710489,-138.769517,-145.999163,-153.41167,-160.884855,-163.298627],"unit":"mW\/cm2"},"timestamps":{"value":[0.019,0.046,0.068,0.09,0.114,0.151,0.176,0.198,0.22,0.246,0.269,0.291,0.316,0.34,0.364,0.387,0.41,0.433,0.456,0.478,0.501,0.524,0.546,0.568,0.59,0.614,0.638,0.661,0.684,0.705,0.728,0.752,0.777,0.8,0.823,0.845,0.867,0.891,0.913,0.94,0.962,0.986,1.009,1.045,1.069,1.093,1.115,1.138,1.16,1.184,1.207,1.231,1.254,1.276,1.298,1.321,1.344,1.367,1.39,1.411,1.434,1.458,1.481,1.506,1.53,1.552,1.573,1.595,1.619,1.641,1.664,1.687,1.708,1.731,1.754,1.778,1.8,1.826,1.849,1.872,1.896,1.92,1.957,1.978,2.002,2.023,2.047,2.071,2.095,2.12,2.141,2.164,2.186,2.209,2.233,2.259,2.28,2.302,2.325,2.349,2.37,2.392,2.415,2.436,2.461,2.485,2.506,2.528],"unit":"s"},"p_max":{"unit":"mW","value":0.807986066},"v_p_max":{"unit":"V","value":0.520010233},"i_p_max":{"unit":"mA","value":1.553789},"j_p_max":{"unit":"mA\/cm2","value":16.27004},"voc":{"unit":"V","value":0.820889111},"isc":{"unit":"mA","value":1.926869},"jsc":{"unit":"mA\/cm2","value":20.17664},"fill_factor":{"unit":"%","value":51.081913},"efficiency":{"unit":"%","value":8.460587},"r_s":{"unit":"ohms","value":76.52946},"r_sh":{"unit":"ohms","value":112.172468},"cell_dimension":{"value":0.09549999961602107,"unit":"cm2"},"sweep_direction":{"unit":"","value":"Forward"},"key":"forward21_3cell_231020"},{"V":{"value":[-0.199957371,-0.183982134,-0.167998552,-0.151964664,-0.135984182,-0.119982958,-0.103987217,-0.087980747,-0.071987629,-0.055992126,-0.039986849,-0.023983002,-0.007997781,0.007998765,0.023997545,0.040010929,0.056010723,0.072003603,0.088004589,0.10400033,0.120004177,0.135999918,0.152002335,0.168007612,0.184022188,0.200009823,0.215981007,0.231993914,0.247997522,0.263995409,0.279998779,0.296015739,0.312023163,0.32799387,0.343996048,0.359999418,0.376001358,0.392002106,0.408009529,0.424011469,0.4400177,0.455996513,0.471998692,0.488014221,0.504010916,0.519999266,0.536005259,0.552031994,0.567991734,0.583993673,0.600001097,0.616015434,0.632024288,0.648015499,0.664022923,0.680005789,0.696006536,0.712007284,0.728001118,0.744007111,0.760017395,0.776028872,0.791996956,0.807997465,0.824005127,0.840005636,0.856009245,0.872000217,0.888006449,0.903986692,0.919985771,0.936012506,0.95200491,0.968016624,0.984007597,1.000019,1.016027,1.031992,1.047994,1.063995,1.080003,1.095999,1.11201,1.128029,1.143992,1.16,1.175997,1.192005,1.208005,1.223999,1.240009,1.255982,1.271996,1.288004,1.304006,1.320001,1.33602,1.352012,1.367981,1.383994,1.399988,1.415998,1.432004,1.448009,1.464024,1.480026,1.495989,1.499999],"unit":"V"},"I":{"value":[0.000819683075,0.001881376,0.001885399,0.0018907339999999998,0.001895458,0.001895592,0.001898304,0.001894131,0.0018972610000000001,0.0018958,0.001889423,0.001892269,0.0018849070000000001,0.001877844,0.001874581,0.001858771,0.001858845,0.001844004,0.001832694,0.001814321,0.0018003880000000002,0.001782909,0.0017594700000000002,0.0017316640000000002,0.0017061379999999998,0.001673475,0.0016503779999999999,0.001612872,0.001568273,0.001522854,0.001477093,0.001457393,0.001403928,0.001344085,0.001279935,0.001212806,0.001142353,0.001072794,0.001004696,0.00092703104,0.0008500516409999999,0.000772804022,0.000696524978,0.000621423125,0.000546321273,0.00047482550099999996,0.00040346384,0.000335916877,0.00029549002600000004,0.000232517719,0.000179201365,0.000136271119,9.770691400000001e-5,6.6995621e-5,4.4450164e-5,2.7880072999999997e-5,1.8164515e-5,1.0684133e-5,5.90086e-6,1.803041e-6,-2.071261e-6,-6.228685e-6,-1.1995435000000001e-5,-1.9967556e-5,-3.0428171000000002e-5,-4.5061111e-5,-6.5177679e-5,-9.264051900000001e-5,-0.00012911856199999998,-0.000178977847,-0.000243887305,-0.00032813847099999997,-0.00043582916300000004,-0.000568211079,-0.000726118684,-0.0009089857340000001,-0.0011146659999999998,-0.001338646,-0.00157851,-0.0018326640000000001,-0.002101451,-0.002378151,-0.002666965,-0.002963975,-0.003267437,-0.0035772770000000002,-0.003897578,-0.004221424,-0.004550338,-0.004888058,-0.005227849,-0.00557299,-0.005928248,-0.006282389,-0.0066441,-0.007013515,-0.007387698000000001,-0.007766947,-0.008143649,-0.008529275999999999,-0.008919969,-0.009317189,-0.00971058,-0.010110289,-0.010516524000000001,-0.010920121999999999,-0.011336535,-0.011512473],"unit":"A"},"resistance":{"value":[-243.944735,-97.791267,-89.105029,-80.373377,-71.742142,-63.295784,-54.779022,-46.449128,-37.942933,-29.534824,-21.163529,-12.674205,-4.243063,4.259546,12.801552,21.525477,30.131997,39.047427,48.019254,57.321912,66.654616,76.279785,86.391002,97.02091,107.858896,119.517671,130.867591,143.839021,158.134182,173.355695,189.560761,203.113165,222.250149,244.027672,268.76051,296.831945,329.146435,365.402895,406.102515,457.386485,517.636434,590.054529,677.647904,785.317123,922.554074,1095.138,1328.509,1643.359,1922.203,2511.609,3348.195,4520.514,6468.573,9672.505,14938.593,24390.388,38316.824,66641.562,123372.04,412640.264,-366934.561,-124589.512,-66024.865,-40465.516,-27080.337,-18641.476,-13133.472,-9412.73,-6877.45,-5050.83,-3772.176,-2852.492,-2184.353,-1703.622,-1355.161,-1100.149,-911.507406,-770.922335,-663.913454,-580.572674,-513.932239,-460.861756,-416.957173,-380.579662,-350.119175,-324.269008,-301.724991,-282.37042,-265.475832,-250.405912,-237.192937,-225.369551,-214.565326,-205.018169,-196.265238,-188.208223,-180.843826,-174.072532,-167.981395,-162.263995,-156.949889,-151.976995,-147.468476,-143.221353,-139.211734,-135.531956,-131.961776,-130.293338],"unit":"ohms"},"conductance":{"value":[-0.004099289,-0.010225862,-0.011222711,-0.012441931,-0.013938809,-0.015798841,-0.018255163,-0.021528929,-0.026355369,-0.033858336,-0.047251099,-0.07890041,-0.235678806,0.234766798,0.078115531,0.046456578,0.033187312,0.025609882,0.02082498,0.017445336,0.015002712,0.013109633,0.01157528,0.010307056,0.009271372,0.008366964,0.007641311,0.006952216,0.006323743,0.005768487,0.005275353,0.004923364,0.004499435,0.004097896,0.003720785,0.00336891,0.003038161,0.002736705,0.002462432,0.002186335,0.001931858,0.001694759,0.001475693,0.001273371,0.001083947,0.000913127254,0.000752723661,0.000608509797,0.000520236491,0.000398151093,0.000298668395,0.000221213807,0.000154593606,0.000103385831,6.6940707e-5,4.0999758e-5,2.6098197e-5,1.5005651e-5,8.105564e-6,2.423418e-6,-2.725282e-6,-8.026358e-6,-1.5145809e-5,-2.4712399e-5,-3.6927162e-5,-5.364382e-5,-7.6141326e-5,-0.000106239101,-0.00014540273,-0.000197987259,-0.000265098997,-0.000350570605,-0.000457801381,-0.000586984835,-0.000737919795,-0.00090896818,-0.001097084,-0.001297148,-0.00150622,-0.001722437,-0.001945782,-0.002169848,-0.002398328,-0.002627571,-0.00285617,-0.003083859,-0.003314276,-0.003541447,-0.003766821,-0.003993516,-0.004215977,-0.004437157,-0.004660585,-0.004877616,-0.005095146,-0.005313264,-0.005529633,-0.005744732,-0.00595304,-0.006162797,-0.00637146,-0.006579943,-0.00678111,-0.006982199,-0.007183303,-0.007378334,-0.007577952,-0.007674989],"unit":"S"},"power":{"value":[-0.163901673,-0.346139554,-0.31674434,-0.287324733,-0.257752239,-0.227438689,-0.197399311,-0.166647087,-0.136579288,-0.106149886,-0.075552053,-0.045382282,-0.015075077,0.015020435,0.044985342,0.074371149,0.104115272,0.132774917,0.161285466,0.18868995,0.216054092,0.242475483,0.267443473,0.290932724,0.313967295,0.33471142,0.356450325,0.374176461,0.388927746,0.402026457,0.413584098,0.431411317,0.438057994,0.440851555,0.440292664,0.436609278,0.429526211,0.420537585,0.409925498,0.393071793,0.374037768,0.352395939,0.328758878,0.303263323,0.275351885,0.246908912,0.21625874,0.185436863,0.167835892,0.135788877,0.107521015,0.083945113,0.061753143,0.043414201,0.029515928,0.018958611,0.012642622,0.00760718,0.004295833,0.001341475,-0.001574195,-0.00483364,-0.009500348,-0.016133735,-0.025072969,-0.037851588,-0.055792696,-0.080782553,-0.114658115,-0.161793592,-0.224372851,-0.307141712,-0.414911502,-0.55003777,-0.714506301,-0.909003288,-1.132531,-1.381472,-1.654269,-1.949945,-2.269575,-2.60645,-2.965693,-3.343449,-3.737923,-4.149642,-4.583538,-5.031961,-5.496829,-5.982976,-6.482579,-6.999575,-7.540711,-8.091742,-8.663945,-9.257847,-9.870108,-10.501007,-11.14036,-11.804469,-12.487851,-13.193126,-13.905594,-14.639792,-15.39644,-16.16206,-16.959336,-17.268693],"unit":"mW"},"J":{"value":[0.008583069,0.019700271000000002,0.0197424,0.019798259999999998,0.019847722999999998,0.019849126999999998,0.019877525,0.019833836,0.019866603,0.019851311,0.019784529,0.019814330999999998,0.019737251,0.019663291,0.01962912,0.019463569,0.019464349,0.01930894,0.019190511,0.018998122,0.018852231,0.018669205,0.018423764,0.018132607,0.017865322,0.017523297,0.017281446,0.016888711,0.016421704,0.015946115,0.015466937,0.015260661,0.014700815,0.014074185999999999,0.013402463,0.012699534,0.01196181,0.011233447,0.010520376000000001,0.009707131,0.008901064,0.008092189,0.007293455,0.0065070480000000005,0.005720642,0.004971995,0.004224752,0.0035174539999999997,0.0030941360000000004,0.002434741,0.001876454,0.0014269229999999999,0.0010231090000000001,0.0007015248240000001,0.000465446742,0.000291937933,0.000190204351,0.000111875734,6.1789108e-5,1.8880005e-5,-2.1688600999999997e-5,-6.522183600000001e-5,-0.000125606647,-0.000209084356,-0.000318619593,-0.000471844099,-0.000682488786,-0.000970057792,-0.001352027,-0.001874114,-0.002553794,-0.0034360050000000002,-0.004563656,-0.005949854,-0.007603337,-0.009518175,-0.0116719,-0.014017234,-0.016528899,-0.019190198999999998,-0.022004724,-0.024902103000000002,-0.027926336,-0.031036387999999998,-0.034214002,-0.037458399,-0.04081233,-0.044203397000000005,-0.047647516,-0.05118385,-0.054741872999999996,-0.058355911999999996,-0.062075897,-0.06578418000000001,-0.069571727,-0.073439944,-0.077358091,-0.08132929,-0.085273806,-0.08931178699999999,-0.093402819,-0.09756219299999999,-0.101681467,-0.105866899,-0.110120673,-0.11434683,-0.11870717500000001,-0.120549458],"unit":"A\/cm2"},"power_density":{"value":[-1.716248,-3.624498,-3.316695,-3.008636,-2.698976,-2.381557,-2.067008,-1.744996,-1.43015,-1.111517,-0.791120977,-0.475207146,-0.157854213,0.157282038,0.4710507,0.778755483,1.090212,1.390313,1.688853,1.975811,2.262347,2.53901,2.800455,3.046416,3.287616,3.504832,3.732464,3.918078,4.072542,4.209701,4.330724,4.517396,4.586995,4.616247,4.610394,4.571825,4.497657,4.403535,4.292414,4.115935,3.916626,3.69001,3.442501,3.175532,2.883266,2.585434,2.264489,1.941747,1.757444,1.421873,1.125875,0.879006415,0.646629767,0.454598959,0.309067306,0.198519484,0.132383471,0.079656337,0.04498254,0.014046858,-0.016483714,-0.050614028,-0.099480082,-0.16893963,-0.262544178,-0.396351703,-0.58421671,-0.845890606,-1.200609,-1.694174,-2.349454,-3.216144,-4.344623,-5.759558,-7.481741,-9.518359,-11.858963,-14.465672,-17.322185,-20.418269,-23.765179,-27.292674,-31.054372,-35.009934,-39.140559,-43.451746,-47.995159,-52.690688,-57.558424,-62.648958,-67.880406,-73.293984,-78.960324,-84.730281,-90.72194,-96.940809,-103.351919,-109.958188,-116.652984,-123.607008,-130.762842,-138.147915,-145.608314,-153.296249,-161.219264,-169.236228,-177.584666,-180.824014],"unit":"mW\/cm2"},"timestamps":{"value":[0.018,0.043,0.068,0.09,0.112,0.134,0.157,0.179,0.201,0.224,0.245,0.268,0.292,0.315,0.339,0.363,0.385,0.409,0.431,0.454,0.477,0.502,0.525,0.546,0.568,0.589,0.62,0.641,0.662,0.684,0.707,0.743,0.769,0.791,0.813,0.834,0.854,0.877,0.9,0.923,0.943,0.966,0.988,1.011,1.034,1.058,1.081,1.103,1.138,1.159,1.182,1.208,1.231,1.253,1.275,1.296,1.325,1.348,1.371,1.393,1.415,1.437,1.458,1.483,1.504,1.527,1.55,1.573,1.598,1.633,1.656,1.678,1.7,1.726,1.749,1.773,1.799,1.822,1.845,1.866,1.891,1.914,1.937,1.961,1.985,2.008,2.033,2.056,2.079,2.102,2.124,2.147,2.17,2.192,2.215,2.237,2.261,2.285,2.306,2.329,2.351,2.375,2.396,2.418,2.441,2.462,2.485,2.509],"unit":"s"},"p_max":{"unit":"mW","value":0.440851555},"v_p_max":{"unit":"V","value":0.32799387},"i_p_max":{"unit":"mA","value":1.344085},"j_p_max":{"unit":"mA\/cm2","value":14.074186},"voc":{"unit":"V","value":0.751458051},"isc":{"unit":"mA","value":1.881376},"jsc":{"unit":"mA\/cm2","value":19.700274},"fill_factor":{"unit":"%","value":31.182577},"efficiency":{"unit":"%","value":4.616247},"r_s":{"unit":"ohms","value":83.752467},"r_sh":{"unit":"ohms","value":238.418275},"cell_dimension":{"value":0.09549999831062758,"unit":"cm2"},"sweep_direction":{"unit":"","value":"Forward"},"key":"forward21_2cell_231020"},{"V":{"value":[-0.199972391,-0.183979273,-0.167989016,-0.151978493,-0.135984182,-0.119981527,-0.103988647,-0.08798337,-0.071985006,-0.055989265,-0.039975882,-0.023996592,-0.007999212,0.008002847,0.024001598,0.040005445,0.056009293,0.072003603,0.088000536,0.10400176,0.120000124,0.135999918,0.152002335,0.168003321,0.184005976,0.200001478,0.215978384,0.231993914,0.247996092,0.263988495,0.279997349,0.2960186,0.312011003,0.32798171,0.343993187,0.360002041,0.376005411,0.391999245,0.408009529,0.42401433,0.44001627,0.455999374,0.471997261,0.488012791,0.504017591,0.520012856,0.536012173,0.55202651,0.567991734,0.583992243,0.599999905,0.616014242,0.632027149,0.648008585,0.664014816,0.680012703,0.696001053,0.712001801,0.728001118,0.744005918,0.760017395,0.776035786,0.791998386,0.808002949,0.82400918,0.84001112,0.856013298,0.872016668,0.888018608,0.903994799,0.919985771,0.93601656,0.952011824,0.968011141,0.98401165,1.000014,1.016014,1.031995,1.04799,1.063997,1.080006,1.096003,1.112016,1.128025,1.143998,1.160004,1.175998,1.192008,1.208007,1.224018,1.240007,1.25598,1.271999,1.288004,1.304006,1.320007,1.336033,1.352034,1.367983,1.383993,1.399995,1.415998,1.432004,1.448013,1.464022,1.480021,1.495989,1.5],"unit":"V"},"I":{"value":[0.0013561399999999998,0.001827911,0.00184989,0.0018646720000000002,0.001877844,0.001890674,0.0018951150000000002,0.001905933,0.001911476,0.0019164680000000002,0.001924932,0.0019281209999999999,0.001931787,0.001931727,0.001936644,0.00193651,0.001941085,0.0019404589999999998,0.001944765,0.001942053,0.00195086,0.00194414,0.0019508000000000001,0.001943022,0.001942888,0.001944274,0.0019353929999999999,0.0019381049999999999,0.0019290890000000002,0.001929507,0.001922771,0.001915634,0.0019053070000000002,0.001895458,0.001882553,0.001871392,0.001852602,0.001832426,0.00181064,0.001781315,0.001748651,0.001715437,0.00166668,0.001614466,0.001555651,0.0014868680000000001,0.001412734,0.001328483,0.001238123,0.0011308339999999998,0.001018837,0.000898107886,0.000781610608,0.000651091337,0.000517189503,0.000392645597,0.000283151865,0.00021275878,0.00013370811899999997,7.870793299999999e-5,4.2855740000000007e-5,2.1427870000000003e-5,8.881092e-6,-5.960464499999999e-8,-8.031725999999999e-6,-1.7046928e-5,-2.849102e-5,-4.4375658e-5,-6.6429377e-5,-9.7766519e-5,-0.000142633915,-0.000205397606,-0.000293254852,-0.000413775444,-0.000573351979,-0.000780552626,-0.001034632,-0.001332954,-0.001671791,-0.0020425770000000003,-0.002439231,-0.002860859,-0.003292814,-0.003746971,-0.004206523,-0.00468868,-0.00516814,-0.005659461,-0.006158963,-0.006667688,-0.007182986,-0.007709473,-0.008242533,-0.008785367,-0.00932765,-0.009883806,-0.010486215,-0.011043623,-0.011602893,-0.012185335,-0.012768194,-0.013351947,-0.013957962,-0.014560714,-0.015163541,-0.015780449000000002,-0.016393393,-0.01664491],"unit":"A"},"resistance":{"value":[-147.457065,-100.650042,-90.810285,-81.504155,-72.415045,-63.459651,-54.871952,-46.162887,-37.659378,-29.214817,-20.767425,-12.445585,-4.140836,4.142846,12.393395,20.658526,28.854634,37.10648,45.249948,53.552471,61.511396,69.953782,77.917932,86.46496,94.707459,102.866935,111.594093,119.701439,128.556037,136.816576,145.621762,154.52777,163.758898,173.035644,182.72695,192.371249,202.960732,213.92369,225.339939,238.034498,251.631802,265.821179,283.196095,302.274992,323.991341,349.737147,379.414685,415.531412,458.752422,516.426043,588.906615,685.902275,808.621509,995.265254,1283.891,1731.874,2458.049,3346.521,5444.704,9452.744,17734.32,36216.189,89178.04,-13556040,-102594.286,-49276.392,-30045.021,-19650.788,-13367.86,-9246.466,-6449.979,-4557.096,-3246.363,-2339.46,-1716.244,-1281.161,-982.005214,-774.216449,-626.866515,-520.909342,-442.765062,-383.102699,-337.709861,-301.049683,-271.958058,-247.40526,-227.547626,-210.62218,-196.138111,-183.574506,-172.631198,-162.913792,-154.321394,-146.607867,-139.800041,-133.552459,-127.408536,-122.426657,-117.900128,-113.578567,-109.647071,-106.051833,-102.59409,-99.446584,-96.548832,-93.7883,-91.255623,-90.117625],"unit":"ohms"},"conductance":{"value":[-0.006781635,-0.009935416,-0.011011969,-0.012269313,-0.013809285,-0.015758044,-0.018224247,-0.021662424,-0.026553811,-0.034229207,-0.048152334,-0.08034978,-0.241497118,0.241379952,0.080688139,0.048406165,0.034656479,0.026949471,0.022099473,0.018673275,0.01625715,0.014295153,0.012834016,0.011565379,0.01055883,0.009721297,0.008961048,0.008354118,0.007778709,0.007309056,0.006867106,0.006471329,0.006106538,0.005779156,0.005472646,0.005198282,0.004927061,0.004674564,0.00443774,0.004201072,0.00397406,0.003761927,0.003531122,0.003308246,0.003086502,0.00285929,0.002635639,0.002406557,0.002179825,0.001936386,0.001698062,0.001457934,0.001236673,0.001004757,0.000778882474,0.00057740921,0.000406826777,0.000298817755,0.000183664717,0.000105789392,5.638784e-5,2.7611961e-5,1.1213523e-5,-7.3767856e-8,-9.747132e-6,-2.0293694e-5,-3.3283385e-5,-5.0888543e-5,-7.4806289e-5,-0.000108149426,-0.000155039262,-0.000219438004,-0.000308036985,-0.000427449052,-0.000582667877,-0.000780541832,-0.001018325,-0.001291628,-0.001595236,-0.00191972,-0.002258534,-0.002610266,-0.002961122,-0.003321711,-0.003677038,-0.004041951,-0.004394684,-0.004747838,-0.005098448,-0.005447379,-0.005792696,-0.006138216,-0.006479983,-0.006820916,-0.007153074,-0.007487694,-0.007848768,-0.008168156,-0.008481755,-0.008804478,-0.009120171,-0.009429351,-0.00974715,-0.01005565,-0.010357453,-0.010662311,-0.010958229,-0.011096608],"unit":"S"},"power":{"value":[-0.271190514,-0.336297652,-0.310761159,-0.283389995,-0.255357126,-0.226845982,-0.197070423,-0.16769041,-0.13759763,-0.107301644,-0.076950854,-0.046268329,-0.015452769,0.015459316,0.046482559,0.077470953,0.10871879,0.13972004,0.171140402,0.201976976,0.234103445,0.264402826,0.296526218,0.32643415,0.357502984,0.388857616,0.41800297,0.449628478,0.478406639,0.509367559,0.538370876,0.5670632,0.594476803,0.621675395,0.647585441,0.673704986,0.696588289,0.718309449,0.738758413,0.755302921,0.769435007,0.782238006,0.786668385,0.787880209,0.784075685,0.773190301,0.757242829,0.733357958,0.703243392,0.660398413,0.611302159,0.553247249,0.493999124,0.421912776,0.343421493,0.267003994,0.197073996,0.151484634,0.09733966,0.058559168,0.032571108,0.016628794,0.007033811,-4.8160729e-5,-0.006618216,-0.014319609,-0.024388692,-0.038696313,-0.058990523,-0.088380424,-0.131221172,-0.19225556,-0.279182087,-0.40053924,-0.564185027,-0.780563419,-1.051201,-1.375601,-1.75202,-2.173296,-2.634384,-3.13551,-3.661661,-4.226676,-4.812254,-5.438888,-6.077722,-6.746123,-7.440072,-8.161368,-8.906955,-9.682941,-10.484494,-11.315587,-12.16331,-13.046689,-14.009933,-14.931352,-15.872557,-16.864417,-17.875409,-18.906336,-19.987864,-21.084108,-22.19976,-23.355403,-24.524341,-24.967361],"unit":"mW"},"J":{"value":[0.014200417,0.019140425,0.019370573,0.019525358,0.019663291,0.019797636,0.019844134,0.019957414,0.020015458,0.020067729,0.020156356,0.020189747,0.020228131,0.020227507,0.020278998000000003,0.020277594,0.020325496000000002,0.020318943000000003,0.020364036,0.020335638,0.020427854,0.020357483,0.02042723,0.02034578,0.020344376,0.020358887,0.020265891,0.020294289,0.020199889,0.020204258,0.020133731000000002,0.020058990999999998,0.019950859999999997,0.019847722999999998,0.019712598,0.019595729,0.019398971,0.019187703,0.018959582000000003,0.018652508999999998,0.018310484,0.017962686999999998,0.017452145999999998,0.016905405999999998,0.016289544,0.015569295,0.01479303,0.013910819,0.012964634000000001,0.011841196,0.010668450999999999,0.009404270999999999,0.008184404000000001,0.00681771,0.005415597,0.004111472,0.002964941,0.0022278410000000004,0.0014000850000000001,0.000824166842,0.0004487512,0.0002243756,9.2995728e-5,-6.24132406e-7,-8.4101842e-5,-0.00017850186800000002,-0.00029833529,-0.000464666576,-0.000695595567,-0.001023733,-0.001493549,-0.00215076,-0.0030707309999999997,-0.004332727000000001,-0.006003686,-0.008173326,-0.010833846,-0.013957629000000001,-0.017505666000000003,-0.021388237,-0.025541683,-0.029956639,-0.034479726999999995,-0.039235304,-0.044047364,-0.049096127,-0.054116649,-0.059261372,-0.06449175800000001,-0.069818728,-0.075214508,-0.08072747,-0.086309242,-0.09199337199999999,-0.097671728,-0.103495352,-0.109803302,-0.115640032,-0.121496267,-0.127595133,-0.13369836699999998,-0.139810964,-0.14615667400000001,-0.152468213,-0.158780532,-0.165240303,-0.171658568,-0.17429225099999998],"unit":"A\/cm2"},"power_density":{"value":[-2.839691,-3.521441,-3.254044,-2.967435,-2.673897,-2.375351,-2.063565,-1.755921,-1.440813,-1.123577,-0.805768103,-0.484485116,-0.161809101,0.161877654,0.486728367,0.811214172,1.138417,1.463037,1.792046,2.114942,2.451345,2.768616,3.104987,3.418159,3.743487,4.071807,4.376994,4.708152,5.009494,5.333692,5.637391,5.937835,6.224888,6.50969,6.780999,7.054502,7.294118,7.521565,7.73569,7.908931,8.056911,8.190974,8.237365,8.250055,8.210217,8.096234,7.929244,7.679141,7.363805,6.915167,6.40107,5.793165,5.172766,4.417935,3.596037,2.795853,2.063602,1.586227,1.019263,0.613185008,0.341058718,0.174123495,0.073652467,-0.000504300824,-0.06930069,-0.149943554,-0.255378976,-0.405197,-0.617701807,-0.925449469,-1.374044,-2.013147,-2.923373,-4.194128,-5.907697,-8.173439,-11.007343,-14.404198,-18.34576,-22.757026,-27.585174,-32.832561,-38.341998,-44.258387,-50.390093,-56.951711,-63.641069,-70.640031,-77.906516,-85.459353,-93.266547,-101.39205,-109.78528,-118.487824,-127.364506,-136.614549,-146.700873,-156.349239,-166.204782,-176.590759,-187.177058,-197.97211,-209.297008,-220.776001,-232.458218,-244.559197,-256.799385,-261.438335],"unit":"mW\/cm2"},"timestamps":{"value":[0.018,0.042,0.068,0.091,0.114,0.135,0.157,0.179,0.2,0.224,0.247,0.269,0.294,0.315,0.341,0.361,0.383,0.407,0.429,0.465,0.492,0.515,0.536,0.564,0.587,0.609,0.632,0.654,0.676,0.699,0.721,0.743,0.766,0.789,0.81,0.836,0.857,0.878,0.902,0.923,0.947,0.971,0.994,1.016,1.038,1.06,1.083,1.107,1.131,1.152,1.175,1.198,1.224,1.247,1.268,1.289,1.313,1.349,1.371,1.396,1.418,1.439,1.462,1.485,1.508,1.531,1.554,1.577,1.601,1.624,1.647,1.669,1.692,1.717,1.74,1.763,1.787,1.81,1.831,1.854,1.876,1.901,1.923,1.947,1.97,1.997,2.02,2.044,2.064,2.088,2.11,2.134,2.158,2.181,2.203,2.24,2.264,2.287,2.308,2.331,2.353,2.376,2.4,2.423,2.445,2.467,2.489,2.512],"unit":"s"},"p_max":{"unit":"mW","value":0.787880209},"v_p_max":{"unit":"V","value":0.488012791},"i_p_max":{"unit":"mA","value":1.614466},"j_p_max":{"unit":"mA\/cm2","value":16.905406},"voc":{"unit":"V","value":0.807896252},"isc":{"unit":"mA","value":1.931757},"jsc":{"unit":"mA\/cm2","value":20.227819},"fill_factor":{"unit":"%","value":50.483814},"efficiency":{"unit":"%","value":8.250055},"r_s":{"unit":"ohms","value":49.937989},"r_sh":{"unit":"ohms","value":120.383077},"cell_dimension":{"value":0.09550001242921245,"unit":"cm2"},"sweep_direction":{"unit":"","value":"Forward"},"key":"forward21_1cell_231020"}]}}