{"_id":"652fd2de13121a382d688227","id":"KAIST-SC-00048","author":105,"group":12,"input":[{"tco":{"unit":"","value":"ITO"}},{"etl":[{"material":{"unit":"","value":"SnO2"},"concentration":{"unit":"","value":"5"},"conc_unit":{"unit":"","value":"wt%"},"quantity":{"unit":"ml","value":"0.4"}}],"solvent":[{"material":{"unit":"","value":"DI Water"},"volume":{"unit":"ml","value":"0.8"}}],"spin_coating":[{"type":{"unit":"","value":"drop&run"},"rpm":{"unit":"","value":"4000"},"time":{"unit":"s","value":"30"}}],"annealing":[{"temperature":{"unit":"oC","value":"150"},"time":{"unit":"m","value":"30"}}]},{"perovskite":{"method":{"unit":"","value":"1-step"},"molarity":{"unit":"M","value":"1.8"},"a_site":[{"material":{"unit":"","value":"FA"},"ratio":{"unit":"","value":"100"}}],"b_site":[{"material":{"unit":"","value":"Pb"},"ratio":{"unit":"","value":"100"}}],"x_site":[{"material":{"unit":"","value":"I"},"ratio":{"unit":"","value":"100"}}],"solvent":[{"material":{"unit":"","value":"DMF"},"volume":{"unit":"ml","value":"0.8"}},{"material":{"unit":"","value":"DMSO"},"volume":{"unit":"ml","value":"0.1"}}],"additive":[{"material":{"unit":"","value":"MACl"},"solvent":{"unit":"","value":"None"},"concentration":{"unit":"","value":"47.62"},"conc_unit":{"unit":"","value":"mg\/ml"},"quantity":{"unit":"mol%","value":"35"}}],"stirring_time":[{"unit":"m","value":"20"}],"antisolvent":[{"material":{"unit":"","value":"DEE"},"quantity":{"unit":"ul","value":"1000"},"dripping_time":{"unit":"s","value":"28"}}],"spin_coating":[{"type":{"unit":"","value":"drop&run"},"rpm":{"unit":"","value":"5000"},"time":{"unit":"s","value":"15"}}],"annealing":[{"temperature":{"unit":"oC","value":"150"},"time":{"unit":"m","value":"5"}}],"atmosphere":[{"type":{"unit":"","value":"Air"},"temperature":{"unit":"oC","value":"22"},"humidity":{"unit":"RH%","value":"19"}}]}},{"perovskite_treatment":[{"material":{"unit":"","value":"OAI"},"concentration":{"unit":"","value":"2.5"},"conc_unit":{"unit":"","value":"mg\/ml"},"quantity":{"unit":"ml","value":"0.4"}}],"solvent":[{"material":{"unit":"","value":"CF"},"volume":{"unit":"ml","value":"0.8"}}],"spin_coating":[{"type":{"unit":"","value":"drop&run"},"rpm":{"unit":"","value":"5000"},"time":{"unit":"s","value":"5"}}],"annealing":[{"temperature":{"unit":"oC","value":"100"},"time":{"unit":"m","value":"3"}}]},{"htl":[{"material":{"unit":"","value":"Spiro-OMeTAD"},"concentration":{"unit":"","value":"91"},"conc_unit":{"unit":"","value":"mg\/ml"},"quantity":{"unit":"ml","value":"0.08"}}],"solvent":[{"material":{"unit":"","value":"CB"},"volume":{"unit":"ml","value":"1.1"}}],"htl_doping":[{"material":{"unit":"","value":"tBP"},"volume":{"unit":"ul","value":"39"}},{"material":{"unit":"","value":"Li-TFSI"},"volume":{"unit":"ul","value":"23"}},{"material":{"unit":"","value":"Co-TFSI"},"volume":{"unit":"ul","value":"10"}}],"spin_coating":[{"type":{"unit":"","value":"dynamic"},"rpm":{"unit":"","value":"2000"},"time":{"unit":"s","value":"30"}}]},{"anode_metal":{"unit":"","value":"Au"}},{"note":{"unit":"","value":"-"},"ar":{"unit":"","value":"0"},"type":{"unit":"","value":"unit_cell"},"device_type":{"unit":"","value":"n-i-p"},"temperature":{"unit":"oC","value":"22"},"humidity":{"unit":"%","value":"19"},"cell_dimension":{"unit":"cm2","value":"0.0955"}}],"fileinfo":[{"key":"reverse21_4cell_231018","uploadType":"JV","original_name":"reverse21_4cell_231018.csv","save_name":"KAIST-SC-00048\/reverse21_4cell_231018","uploader":105,"fileType":""},{"key":"forward21_4cell_231018","uploadType":"JV","original_name":"forward21_4cell_231018.csv","save_name":"KAIST-SC-00048\/forward21_4cell_231018","uploader":105,"fileType":""},{"key":"reverse21_3cell_231018","uploadType":"JV","original_name":"reverse21_3cell_231018.csv","save_name":"KAIST-SC-00048\/reverse21_3cell_231018","uploader":105,"fileType":""},{"key":"forward21_3cell_231018","uploadType":"JV","original_name":"forward21_3cell_231018.csv","save_name":"KAIST-SC-00048\/forward21_3cell_231018","uploader":105,"fileType":""},{"key":"reverse21_2cell_231018","uploadType":"JV","original_name":"reverse21_2cell_231018.csv","save_name":"KAIST-SC-00048\/reverse21_2cell_231018","uploader":105,"fileType":""},{"key":"forward21_2cell_231018","uploadType":"JV","original_name":"forward21_2cell_231018.csv","save_name":"KAIST-SC-00048\/forward21_2cell_231018","uploader":105,"fileType":""},{"key":"reverse21_1cell_231018","uploadType":"JV","original_name":"reverse21_1cell_231018.csv","save_name":"KAIST-SC-00048\/reverse21_1cell_231018","uploader":105,"fileType":""},{"key":"forward21_1cell_231018","uploadType":"JV","original_name":"forward21_1cell_231018.csv","save_name":"KAIST-SC-00048\/forward21_1cell_231018","uploader":105,"fileType":""}],"jvcnt":8,"updated_at":"2024-08-19 05:16:15","created_at":"2023-10-18 12:43:10","analysisInfo":{"JV":[{"efficiency":5.620614,"fill_factor":44.799375,"jsc":14.974855,"voc":0.837817037,"key":"reverse21_4cell_231018","cell_dimension":0.09550000017091116},{"efficiency":8.108615,"fill_factor":51.468365,"jsc":20.796757,"voc":0.75754894,"key":"reverse21_3cell_231018","cell_dimension":0.09549999682972336},{"efficiency":8.019295,"fill_factor":50.595322,"jsc":20.731666,"voc":0.764524883,"key":"reverse21_2cell_231018","cell_dimension":0.09550000217380661},{"efficiency":6.78355,"fill_factor":44.835304,"jsc":19.849872,"voc":0.762217988,"key":"reverse21_1cell_231018","cell_dimension":0.09550000151028927},{"efficiency":3.783475,"fill_factor":29.448798,"jsc":16.54933,"voc":0.776323719,"key":"forward21_4cell_231018","cell_dimension":0.09550002558040682},{"efficiency":6.779044,"fill_factor":44.59559,"jsc":20.844178,"voc":0.729275784,"key":"forward21_3cell_231018","cell_dimension":0.09550002000204771},{"efficiency":4.990956,"fill_factor":36.286569,"jsc":20.063265,"voc":0.685545354,"key":"forward21_2cell_231018","cell_dimension":0.09550001205553814},{"efficiency":2.816044,"fill_factor":22.549962,"jsc":18.185527,"voc":0.686701113,"key":"forward21_1cell_231018","cell_dimension":0.09550000992128604}]},"public":2,"tags":[],"analysis":{"JV":[{"V":{"value":[1.500053,1.483057,1.466094,1.449071,1.432066,1.415087,1.398073,1.381065,1.364073,1.347057,1.330061,1.313067,1.296074,1.279052,1.262063,1.245064,1.228047,1.211054,1.19407,1.177073,1.160053,1.143062,1.126077,1.109045,1.092051,1.075077,1.058062,1.041045,1.024063,1.007063,0.990037441,0.973053932,0.956060886,0.939067841,0.922047615,0.905044794,0.888065577,0.87104249,0.854045153,0.837053537,0.820027828,0.803040028,0.786040306,0.76905942,0.752036333,0.735035181,0.718044758,0.701044798,0.684030056,0.667024612,0.650056124,0.633044004,0.616052151,0.599057913,0.582033396,0.56504178,0.548052788,0.53105545,0.514033794,0.497046232,0.480049133,0.463020563,0.446041107,0.429050684,0.412050962,0.395027876,0.378038883,0.361044407,0.34402132,0.327022791,0.310048819,0.293014765,0.276021719,0.259028673,0.242042542,0.225008488,0.208021641,0.191025257,0.174027681,0.157019138,0.140016079,0.123029232,0.106020689,0.089015007,0.072018623,0.055027723,0.038022041,0.021003634,0.004002541,-0.012993902,-0.02996707,-0.04697299,-0.06397891,-0.08096838,-0.097978354,-0.114979982,-0.131973505,-0.148969889,-0.16597724,-0.182976246,-0.199968338,-0.199971199],"unit":"V"},"I":{"value":[-0.015086785,-0.015829100999999998,-0.015734985,-0.015412941999999999,-0.015004262,-0.014523536,-0.014007792,-0.013456747,-0.012885585000000001,-0.012297496000000002,-0.011697501,-0.011093885,-0.010458513999999999,-0.009841517,-0.00922972,-0.00860551,-0.007961392,-0.007355139,-0.006748408,-0.006141886,-0.005549088000000001,-0.0049715490000000005,-0.004406005,-0.0038491339999999997,-0.003320768,-0.002815291,-0.00234212,-0.0019039060000000001,-0.001504794,-0.0011561809999999998,-0.000859364867,-0.000617206097,-0.000429958105,-0.000289604068,-0.000188410282,-0.00011879205700000001,-7.1078539e-5,-3.8966537e-5,-1.6152858999999997e-5,7.59959221e-7,1.5944242e-5,3.4466386e-5,6.2763691e-5,0.000109016895,0.000173434615,0.000247225165,0.00032663345300000003,0.00040832161900000003,0.000483989716,0.000555694103,0.000628992915,0.000696748495,0.000758677721,0.000816106796,0.0008486360309999999,0.0009038299319999999,0.000955149531,0.0010003,0.00104405,0.0010799170000000001,0.001112923,0.0011427400000000002,0.00116986,0.001195446,0.0012183930000000001,0.001236841,0.001253903,0.0012693700000000001,0.0012842119999999999,0.001298085,0.001310214,0.001317784,0.001330331,0.00133948,0.001348644,0.001356333,0.001361057,0.0013677029999999998,0.00137867,0.0013846309999999999,0.001391217,0.001396492,0.0013980120000000001,0.0014037790000000002,0.00140883,0.001414999,0.001421943,0.001424029,0.0014290210000000002,0.001433596,0.001440525,0.001433104,0.0014426110000000001,0.001449823,0.001450375,0.0014553670000000002,0.001460016,0.001466051,0.001471668,0.0014767349999999999,0.00148353,0.0014791490000000001],"unit":"A"},"resistance":{"value":[-99.428286,-93.691833,-93.174173,-94.016523,-95.443943,-97.434021,-99.806805,-102.629922,-105.860404,-109.539116,-113.704731,-118.359507,-123.925221,-129.96493,-136.739043,-144.682244,-154.250266,-164.654115,-176.941039,-191.64683,-209.052866,-229.92077,-255.577871,-288.128403,-328.85477,-381.870461,-451.753832,-546.794418,-680.533861,-871.025648,-1152.057,-1576.546,-2223.614,-3242.592,-4893.829,-7618.732,-12494.145,-22353.603,-52872.694,1101445,51430.968,23299.224,12523.806,7054.498,4336.137,2973.141,2198.32,1716.894,1413.315,1200.345,1033.487,908.568887,812.007699,734.043529,685.845727,625.163828,573.787423,530.896155,492.346022,460.263384,431.340822,405.184436,381.27722,358.904381,338.192038,319.384504,301.489756,284.427958,267.885173,251.927129,236.639758,222.354136,207.483495,193.379982,179.470974,165.894663,152.838284,139.66866,126.22864,113.401449,100.642867,88.098765,75.836749,63.410993,51.119446,38.888868,26.739492,14.749438,2.800897,-9.063852,-20.80288,-32.777092,-44.349378,-55.847065,-67.55382,-79.004136,-90.391835,-101.613051,-112.781677,-123.905955,-134.792262,-135.193424],"unit":"ohms"},"conductance":{"value":[-0.0100575,-0.010673289,-0.010732588,-0.010636428,-0.010477354,-0.010263356,-0.010019357,-0.009743747,-0.009446403,-0.009129159,-0.008794709,-0.008448835,-0.008069382,-0.007694383,-0.0073132,-0.006911698,-0.006482971,-0.006073337,-0.0056516,-0.005217931,-0.004783479,-0.004349324,-0.003912702,-0.003470675,-0.003040856,-0.002618689,-0.002213595,-0.001828841,-0.001469435,-0.001148072,-0.000868012493,-0.000634297932,-0.00044971833,-0.000308395257,-0.000204338994,-0.000131255445,-8.0037489e-5,-4.4735517e-5,-1.8913355e-5,9.07897986e-7,1.9443538e-5,4.2919885e-5,7.984793e-5,0.00014175354,0.000230619995,0.00033634467,0.000454892888,0.000582447256,0.000707556212,0.000833093851,0.000967597861,0.001100632,0.001231515,0.001362317,0.001458054,0.001599581,0.001742806,0.001883608,0.002031092,0.002172669,0.002318352,0.002468012,0.002622764,0.002786257,0.0029569,0.003131022,0.003316862,0.003515829,0.003732943,0.003969402,0.004225833,0.00449733,0.00481966,0.005171166,0.005571932,0.006027921,0.006542863,0.007159802,0.007922132,0.00881823,0.009936124,0.011350897,0.013186219,0.015770136,0.019562027,0.0257143,0.037397869,0.067799195,0.35702851,-0.110328369,-0.048070268,-0.030509113,-0.02254823,-0.017906044,-0.014803012,-0.012657565,-0.011062946,-0.009841256,-0.008866689,-0.008070637,-0.007418824,-0.007396809],"unit":"S"},"power":{"value":[-22.63098,-23.475467,-23.068972,-22.334449,-21.487093,-20.55206,-19.583915,-18.584641,-17.576883,-16.565427,-15.558392,-14.567011,-13.555005,-12.587812,-11.648488,-10.714415,-9.776963,-8.907469,-8.058074,-7.229448,-6.437235,-5.68279,-4.961503,-4.268862,-3.626447,-3.026654,-2.478107,-1.982053,-1.541004,-1.164348,-0.850803394,-0.600574819,-0.411066127,-0.271957867,-0.173723251,-0.107512133,-0.063122404,-0.033941509,-0.013795271,0.000636126554,0.013074723,0.027677887,0.049334791,0.08384047,0.130429132,0.181719194,0.234537439,0.286251747,0.331063512,0.370661644,0.408880696,0.441072457,0.467385042,0.488895234,0.493934511,0.510701674,0.523472363,0.531214794,0.536676911,0.536768653,0.534257734,0.529112234,0.521805812,0.512906777,0.502040192,0.488586706,0.474024057,0.458299053,0.441796264,0.424503332,0.406230427,0.386130225,0.367200241,0.3469638,0.326429341,0.305186548,0.283129344,0.261265833,0.239926802,0.217413535,0.194792765,0.171809354,0.1482182,0.124957379,0.101462018,0.077864194,0.054065187,0.029909793,0.005719717,-0.018628006,-0.043168315,-0.067317193,-0.092296694,-0.11738985,-0.142105327,-0.167338027,-0.192683399,-0.218397416,-0.244263472,-0.270207404,-0.29665899,-0.295787172],"unit":"mW"},"J":{"value":[-0.157976806,-0.165749751,-0.164764246,-0.161392058,-0.157112695,-0.152078911,-0.146678449,-0.140908345,-0.13492759599999998,-0.12876959400000001,-0.122486921,-0.116166332,-0.109513237,-0.10305253,-0.096646279,-0.090110052,-0.083365365,-0.077017159,-0.07066395900000001,-0.064312944,-0.058105635,-0.052058104,-0.046136180000000006,-0.040305065999999994,-0.034772445,-0.029479489999999997,-0.024524815000000002,-0.019936192999999998,-0.015757003,-0.012106608,-0.008998585,-0.006462891,-0.004502179,-0.003032503,-0.001972883,-0.001243896,-0.000744277894,-0.00040802655999999996,-0.00016913988199999998,7.957687999999999e-6,0.000166955419,0.00036090456399999997,0.000657211424,0.0011415379999999999,0.001816069,0.002588745,0.003420246,0.004275619,0.005067955000000001,0.005818786,0.006586313,0.007295796,0.007944269,0.008545621,0.008886241,0.009464188,0.010001566,0.010474346,0.010932459,0.011308031,0.011653644,0.011965866,0.012249847000000001,0.012517756,0.012758047,0.012951216,0.013129873,0.013291836,0.013447245,0.013592512,0.013719523,0.013798787000000002,0.013930167,0.014025972,0.014121931999999998,0.014202445000000001,0.014251907,0.014321498,0.014436339,0.014498752,0.014567717999999999,0.014622954,0.01463887,0.014699254,0.01475215,0.014816747,0.014889459,0.014911303,0.014963574,0.015011476999999999,0.015084032,0.015006328,0.015105877,0.015181397000000001,0.01518717,0.015239441,0.015288123,0.015351317,0.015410140999999999,0.015463191999999999,0.015534344,0.015488469999999999],"unit":"A\/cm2"},"power_density":{"value":[-236.973608,-245.816411,-241.559914,-233.868579,-224.995742,-215.204815,-205.067173,-194.603568,-184.051128,-173.459965,-162.915101,-152.534145,-141.937223,-131.809547,-121.973695,-112.192827,-102.376578,-93.271926,-84.377737,-75.70103,-67.405603,-59.505659,-51.95291,-44.700124,-37.973268,-31.692709,-25.948765,-20.754483,-16.136165,-12.192122,-8.908936,-6.288742,-4.304357,-2.847726,-1.819092,-1.125781,-0.660967577,-0.355408471,-0.144453096,0.006661011,0.136908089,0.289820811,0.516594669,0.877910683,1.36575,1.902819,2.455889,2.9974,3.466634,3.881274,4.281473,4.61856,4.894084,5.119322,5.172089,5.347662,5.481386,5.562459,5.619654,5.620614,5.594322,5.540442,5.463935,5.370752,5.256965,5.116091,4.963603,4.798943,4.626139,4.445061,4.253722,4.043248,3.845029,3.633129,3.418108,3.195671,2.964705,2.735768,2.512323,2.276582,2.039715,1.799051,1.552023,1.308454,1.06243,0.81533187,0.566127614,0.313191554,0.059892325,-0.195057655,-0.452024237,-0.704892072,-0.966457528,-1.229213,-1.488014,-1.752231,-2.017627,-2.286884,-2.557733,-2.829397,-3.106377,-3.097248],"unit":"mW\/cm2"},"timestamps":{"value":[0.018,0.042,0.067,0.089,0.114,0.137,0.16,0.183,0.207,0.232,0.253,0.276,0.316,0.339,0.361,0.386,0.421,0.445,0.468,0.495,0.518,0.539,0.563,0.587,0.612,0.635,0.658,0.68,0.702,0.725,0.748,0.77,0.791,0.814,0.837,0.858,0.881,0.906,0.927,0.949,0.971,0.992,1.016,1.038,1.058,1.081,1.103,1.124,1.147,1.171,1.192,1.213,1.236,1.272,1.299,1.323,1.346,1.37,1.39,1.413,1.436,1.458,1.481,1.502,1.525,1.546,1.57,1.594,1.616,1.638,1.661,1.693,1.717,1.742,1.766,1.79,1.819,1.845,1.867,1.889,1.912,1.936,1.974,1.997,2.029,2.051,2.073,2.099,2.12,2.143,2.168,2.204,2.227,2.249,2.284,2.304,2.327,2.35,2.372,2.397,2.419,2.44],"unit":"s"},"p_max":{"unit":"mW","value":0.536768653},"v_p_max":{"unit":"V","value":0.497046232},"i_p_max":{"unit":"mA","value":1.079917},"j_p_max":{"unit":"mA\/cm2","value":11.308031},"voc":{"unit":"V","value":0.837817037},"isc":{"unit":"mA","value":1.430099},"jsc":{"unit":"mA\/cm2","value":14.974855},"fill_factor":{"unit":"%","value":44.799375},"efficiency":{"unit":"%","value":5.620614},"r_s":{"unit":"ohms","value":47.014039},"r_sh":{"unit":"ohms","value":1895.812},"cell_dimension":{"value":0.09550000017091116,"unit":"cm2"},"sweep_direction":{"unit":"","value":"Reverse"},"key":"reverse21_4cell_231018"},{"V":{"value":[1.500048,1.483059,1.46609,1.44907,1.432066,1.415084,1.398062,1.381063,1.364073,1.347056,1.330056,1.313071,1.296074,1.279051,1.262069,1.245066,1.228048,1.211067,1.194062,1.177074,1.160054,1.143066,1.126076,1.109044,1.092052,1.075071,1.058079,1.041049,1.024063,1.007062,0.990036249,0.973047256,0.956067801,0.939071894,0.922040701,0.905049086,0.888060093,0.871021986,0.854046583,0.83705759,0.820034504,0.803041458,0.786040306,0.769057989,0.752034903,0.73503232,0.718042135,0.701029778,0.684032679,0.66703701,0.65005064,0.633044004,0.616046906,0.599059105,0.582031965,0.565038919,0.54805398,0.531056881,0.514032602,0.49704361,0.480047703,0.463021994,0.446039677,0.429048061,0.412049532,0.395029068,0.378041506,0.361041784,0.34402132,0.327033758,0.310042143,0.293013573,0.276020527,0.259028673,0.242035627,0.225007057,0.208022833,0.19102931,0.17402482,0.157024622,0.140029669,0.123023748,0.106027603,0.08901763,0.072022676,0.055030584,0.038026094,0.021000654,0.004001409,-0.012997299,-0.029975414,-0.046975851,-0.063973427,-0.080972433,-0.097976923,-0.11497736,-0.131974936,-0.148968458,-0.165978432,-0.182976246,-0.199971199,-0.199981928],"unit":"V"},"I":{"value":[-0.013751402000000001,-0.015875429,-0.016492425999999998,-0.016638398,-0.016537085,-0.016279802,-0.015893519,-0.015465989999999999,-0.014982134000000001,-0.014453009,-0.013909176,-0.013337389,-0.012750208,-0.012146607,-0.011531814999999999,-0.010914057,-0.010285407,-0.009655163,-0.009025544,-0.008392528,-0.007764027,-0.007139266,-0.0065149809999999996,-0.00590229,-0.005300477,-0.004712388,-0.004139081,-0.003585964,-0.0030610560000000004,-0.002566189,-0.0020976659999999998,-0.001679629,-0.001310766,-0.000998064876,-0.000731691718,-0.000529199839,-0.000374615192,-0.000259637833,-0.00017593801,-0.00011746585399999999,-7.6279044e-5,-4.7504902e-5,-2.6345252999999998e-5,-9.983778e-6,4.783273e-6,2.1010637e-5,4.4107437e-5,7.9408288e-5,0.00013384223,0.000210687518,0.00031144917,0.000434398651,0.000572621822,0.000723943114,0.0008747726679999999,0.0010209680000000001,0.0011604879999999999,0.001291499,0.001405507,0.001506194,0.0015972550000000001,0.001672432,0.0017335270000000001,0.001779988,0.001822025,0.001855105,0.001875281,0.001897335,0.001914397,0.0019277040000000001,0.001938671,0.001942694,0.001953304,0.001959473,0.001966134,0.001970842,0.001971543,0.001973897,0.00197424,0.001978263,0.001980618,0.001981452,0.00198333,0.0019843729999999998,0.00198485,0.001984298,0.001984298,0.00198707,0.001985192,0.001989007,0.001988947,0.001988038,0.001990259,0.0019915099999999997,0.001989365,0.0019901990000000002,0.00199075,0.00199075,0.001992136,0.0019915099999999997,0.00199081,0.001990333],"unit":"A"},"resistance":{"value":[-109.083251,-93.418496,-88.894755,-87.091916,-86.597242,-86.922673,-87.964283,-89.296805,-91.04666,-93.202439,-95.624336,-98.450365,-101.651176,-105.301059,-109.442314,-114.079085,-119.397127,-125.432111,-132.298065,-140.252672,-149.413993,-160.109804,-172.844119,-187.900549,-206.028951,-228.137224,-255.631464,-290.312271,-334.545681,-392.434901,-471.970335,-579.322699,-729.396389,-940.892638,-1260.149,-1710.222,-2370.593,-3354.758,-4854.247,-7125.965,-10750.456,-16904.391,-29836.127,-77030.758,157221.832,34983.818,16279.389,8828.169,5110.739,3166.002,2087.181,1457.288,1075.836,827.49472,665.352253,553.434526,472.261842,411.194333,365.727444,329.999624,300.545349,276.855526,257.301895,241.039806,226.149271,212.941604,201.591889,190.288892,179.702194,169.649398,159.925105,150.82846,141.309572,132.193037,123.102323,114.167956,105.512713,96.777739,88.147756,79.374988,70.700001,62.087672,53.459395,44.859329,36.286214,27.733021,19.163498,10.568654,2.015628,-6.534567,-15.070994,-23.629247,-32.143272,-40.658805,-49.25036,-57.771788,-66.294063,-74.830303,-83.316808,-91.878128,-100.447152,-100.476608],"unit":"ohms"},"conductance":{"value":[-0.00916731,-0.010704518,-0.011249258,-0.011482122,-0.011547712,-0.011504478,-0.01136825,-0.011198609,-0.010983379,-0.010729333,-0.010457589,-0.010157403,-0.009837565,-0.009496581,-0.009137234,-0.008765849,-0.008375411,-0.00797244,-0.00755869,-0.007129989,-0.006692814,-0.006245714,-0.00578556,-0.005321964,-0.004853687,-0.004383327,-0.003911882,-0.003444567,-0.002989128,-0.002548193,-0.002118777,-0.001726154,-0.001370997,-0.001062821,-0.000793556854,-0.000584719489,-0.000421835409,-0.000298084132,-0.000206005168,-0.000140331866,-9.3019311e-5,-5.9156226e-5,-3.3516415e-5,-1.2981827e-5,6.36044e-6,2.8584644e-5,6.1427366e-5,0.000113273773,0.000195666427,0.000315855814,0.000479115243,0.00068620609,0.000929510103,0.001208467,0.001502963,0.001806898,0.002117469,0.00243194,0.002734277,0.003030306,0.003327285,0.003611992,0.003886485,0.004148692,0.004421858,0.004696123,0.004960517,0.005255168,0.005564762,0.00589451,0.006252927,0.006630048,0.007076661,0.007564695,0.008123324,0.008759025,0.009477531,0.010332955,0.011344588,0.012598427,0.014144271,0.016106257,0.018705786,0.022291907,0.027558676,0.036058098,0.052182541,0.094619429,0.496123338,-0.153032328,-0.066352624,-0.042320434,-0.031110709,-0.024594918,-0.02030442,-0.017309487,-0.015084307,-0.01336357,-0.01200238,-0.010883983,-0.009955484,-0.009952565],"unit":"S"},"power":{"value":[-20.627759,-23.544193,-24.179385,-24.110203,-23.682197,-23.037285,-22.220125,-21.359513,-20.436729,-19.469007,-18.499979,-17.512935,-16.525209,-15.536125,-14.55394,-13.588719,-12.630975,-11.693053,-10.777059,-9.87863,-9.006692,-8.160655,-7.336366,-6.545897,-5.788395,-5.066152,-4.379475,-3.733166,-3.134715,-2.584311,-2.076766,-1.634358,-1.253181,-0.937254673,-0.674649545,-0.47895183,-0.332680803,-0.226150261,-0.150259256,-0.098325684,-0.062551448,-0.038148406,-0.020708431,-0.007678104,0.003597188,0.015443497,0.031670998,0.055667574,0.091552459,0.140536372,0.202457732,0.274993462,0.352761902,0.433684714,0.509145655,0.576886633,0.636009811,0.685859187,0.722476588,0.748644337,0.766758818,0.774372719,0.773221639,0.763700576,0.750764377,0.732820463,0.708934179,0.685017233,0.658593343,0.630424159,0.601069672,0.569235764,0.539151948,0.507559664,0.475874407,0.443453467,0.410125926,0.377072224,0.343566752,0.31063604,0.277345232,0.243765666,0.210287689,0.176644157,0.142954179,0.109197091,0.075455112,0.041729765,0.007943566,-0.02585172,-0.059619522,-0.093389797,-0.127323669,-0.161257442,-0.194911825,-0.228827837,-0.26272916,-0.296559022,-0.330651649,-0.364399095,-0.39810467,-0.39803067],"unit":"mW"},"J":{"value":[-0.143993743,-0.166234858,-0.172695564,-0.17422406499999998,-0.173163196,-0.17046912800000003,-0.166424282,-0.161947536,-0.156880985,-0.151340406,-0.145645822,-0.13965852,-0.133510035,-0.127189603,-0.12075198899999999,-0.114283325,-0.1077006,-0.10110118,-0.094508313,-0.087879871,-0.081298707,-0.074756707,-0.06821970000000001,-0.061804087,-0.055502379,-0.049344375999999995,-0.043341159,-0.037549366,-0.032052944,-0.026871085,-0.021965092,-0.017587738999999998,-0.013725296,-0.010450941,-0.007661693,-0.00554136,-0.003922672,-0.002718721,-0.001842283,-0.001230009,-0.000798733447,-0.000497433528,-0.00027586652299999996,-0.000104542178,5.0086626e-5,0.00022000667300000002,0.00046185798,0.000831500398,0.001401489,0.002206152,0.003261248,0.004548676999999999,0.00599604,0.007580556,0.009159922999999999,0.010690764,0.012151702,0.013523545,0.014717354,0.01577167,0.016725188,0.017512375,0.018152111000000002,0.018638622,0.019078790999999998,0.019425184999999998,0.019636454,0.019867383,0.020046041,0.020185378,0.020300218999999998,0.020342348,0.020453443,0.020518041,0.020587788,0.020637094,0.020644428000000003,0.020669081,0.02067267,0.020714799,0.020739452,0.02074819,0.02076785,0.020778772,0.020783765,0.020777992000000002,0.020777992000000002,0.020807014,0.020787354,0.020827297999999998,0.020826674,0.020817156,0.020840405,0.020853511999999998,0.020831043,0.020839780999999998,0.020845554,0.020845554,0.020860064999999997,0.020853511999999998,0.020846178,0.020841184999999998],"unit":"A\/cm2"},"power_density":{"value":[-215.997481,-246.536051,-253.187275,-252.462861,-247.981119,-241.228116,-232.671463,-223.659825,-213.99716,-203.863953,-193.717058,-183.381521,-173.038842,-162.681936,-152.397283,-142.290246,-132.261516,-122.440347,-112.848785,-103.44115,-94.310907,-85.451881,-76.820582,-68.543427,-60.611469,-53.048713,-45.85838,-39.090748,-32.824237,-27.060847,-21.746237,-17.113701,-13.122313,-9.814185,-7.064393,-5.015202,-3.483569,-2.368066,-1.573395,-1.029588,-0.654988986,-0.399459745,-0.216842207,-0.080398997,0.037666891,0.161712015,0.33163349,0.582906539,0.958664492,1.471585,2.119976,2.879513,3.693842,4.541201,5.331368,6.040698,6.659789,7.181772,7.5652,7.839208,8.028888,8.108615,8.096562,7.996865,7.861407,7.673513,7.423395,7.172955,6.896265,6.6013,6.293923,5.960584,5.64557,5.314761,4.982978,4.643492,4.294512,3.9484,3.597558,3.252733,2.904139,2.55252,2.201965,1.849677,1.496902,1.143425,0.790105883,0.436960893,0.083178701,-0.270698634,-0.624288189,-0.977903631,-1.333232,-1.68856,-2.040962,-2.396103,-2.751091,-3.10533,-3.462321,-3.815697,-4.168635,-4.16786],"unit":"mW\/cm2"},"timestamps":{"value":[0.019,0.044,0.069,0.092,0.117,0.142,0.163,0.187,0.21,0.231,0.255,0.28,0.301,0.325,0.348,0.37,0.393,0.416,0.439,0.462,0.484,0.507,0.532,0.557,0.578,0.6,0.624,0.646,0.667,0.689,0.717,0.74,0.763,0.8,0.824,0.845,0.866,0.888,0.915,0.938,0.959,0.982,1.005,1.029,1.05,1.073,1.095,1.118,1.143,1.166,1.189,1.213,1.235,1.255,1.279,1.304,1.328,1.352,1.378,1.404,1.427,1.45,1.474,1.496,1.518,1.541,1.564,1.588,1.609,1.631,1.653,1.687,1.716,1.737,1.76,1.784,1.809,1.832,1.856,1.88,1.9,1.922,1.946,1.969,1.992,2.013,2.039,2.076,2.096,2.118,2.143,2.171,2.194,2.216,2.239,2.26,2.283,2.305,2.326,2.348,2.369,2.389],"unit":"s"},"p_max":{"unit":"mW","value":0.774372719},"v_p_max":{"unit":"V","value":0.463021994},"i_p_max":{"unit":"mA","value":1.672432},"j_p_max":{"unit":"mA\/cm2","value":17.512375},"voc":{"unit":"V","value":0.75754894},"isc":{"unit":"mA","value":1.98609},"jsc":{"unit":"mA\/cm2","value":20.796757},"fill_factor":{"unit":"%","value":51.468365},"efficiency":{"unit":"%","value":8.108615},"r_s":{"unit":"ohms","value":45.009978},"r_sh":{"unit":"ohms","value":2044.507},"cell_dimension":{"value":0.09549999682972336,"unit":"cm2"},"sweep_direction":{"unit":"","value":"Reverse"},"key":"reverse21_3cell_231018"},{"V":{"value":[1.500056,1.483056,1.466093,1.449069,1.432067,1.415085,1.398059,1.381061,1.364074,1.347056,1.33006,1.313064,1.296074,1.279056,1.262064,1.245066,1.228044,1.211067,1.19407,1.177065,1.160055,1.143062,1.126077,1.109041,1.092053,1.075072,1.058077,1.041044,1.024066,1.007065,0.990033388,0.973045826,0.95606494,0.93906641,0.92203927,0.905047655,0.888060093,0.871041059,0.85404253,0.837064505,0.820034504,0.803038836,0.786041498,0.769053936,0.752029419,0.735035181,0.718043327,0.701027155,0.684028625,0.667038202,0.650054693,0.633044004,0.616048098,0.599060535,0.582030773,0.565042973,0.548051357,0.531056881,0.514033794,0.497051716,0.480036736,0.463008165,0.446048021,0.429045439,0.412046909,0.395026445,0.378042936,0.361045837,0.344022751,0.327036381,0.310037851,0.293014765,0.276023149,0.259034157,0.242041111,0.22501111,0.208021641,0.191030741,0.174027681,0.157019138,0.140037775,0.123006105,0.10602355,0.089016199,0.072016001,0.055027723,0.038023472,0.021002501,0.004002959,-0.012994051,-0.029975414,-0.046974421,-0.063973427,-0.080971003,-0.097979546,-0.114981413,-0.131973505,-0.148971319,-0.165979862,-0.182974815,-0.199986219,-0.199979305],"unit":"V"},"I":{"value":[-0.012432799,-0.012481347,-0.012240499,-0.011948407,-0.011607826,-0.011227861,-0.010839999000000001,-0.010438681,-0.010030761000000001,-0.009621679999999999,-0.009202047999999999,-0.008785471,-0.008362576,-0.007936567,-0.007512569,-0.007087036999999999,-0.0066645,-0.006245002,-0.0058235679999999995,-0.005408928,-0.004997343,-0.004585132,-0.004184723,-0.0037882479999999997,-0.00340198,-0.003023192,-0.002659038,-0.002304941,-0.001970828,-0.001659304,-0.001366243,-0.001107156,-0.000876501203,-0.000679552555,-0.00051574409,-0.00038224458700000005,-0.00027897954,-0.00019943714100000001,-0.000140085816,-9.6321106e-5,-6.3866377e-5,-4.0009618e-5,-2.1219254e-5,-4.574656e-6,1.2621284e-5,3.2797456000000005e-5,6.4149499e-5,0.000111505389,0.000183701515,0.000276073813,0.00039049983,0.000521928072,0.0006599277260000001,0.000798970461,0.0009332299229999999,0.001064375,0.001189753,0.001305297,0.00141196,0.001503915,0.001586229,0.001654059,0.0017148110000000001,0.001760155,0.0018039940000000002,0.001834497,0.0018607229999999999,0.001885265,0.001902744,0.001915842,0.001929373,0.001938254,0.001946151,0.00195156,0.001959682,0.001958847,0.001964182,0.001965716,0.001967236,0.001969665,0.001969591,0.001972228,0.001973137,0.001975775,0.001977295,0.001979098,0.0019765349999999998,0.0019798579999999997,0.001979172,0.001982152,0.001982987,0.001984984,0.001982078,0.001986384,0.001983464,0.001981586,0.00198333,0.001983538,0.001982361,0.001981035,0.001984924,0.001982212],"unit":"A"},"resistance":{"value":[-120.653126,-118.821799,-119.77396,-121.277136,-123.370856,-126.033362,-128.972282,-132.302241,-135.989126,-140.002131,-144.539535,-149.458583,-154.984973,-161.159864,-167.993685,-175.682121,-184.266502,-193.925864,-205.04104,-217.615198,-232.134444,-249.297589,-269.092468,-292.758242,-321.00519,-355.608306,-397.917117,-451.657465,-519.612158,-606.919913,-724.639436,-878.869448,-1090.774,-1381.889,-1787.784,-2367.719,-3183.245,-4367.497,-6096.567,-8690.354,-12839.847,-20071.145,-37043.787,-168111.844,59584.227,22411.348,11193.28,6286.935,3723.587,2416.159,1664.673,1212.895,933.508434,749.790593,623.673501,530.868303,460.642812,406.84754,364.057031,330.505281,302.627713,279.922452,260.115017,243.754356,228.408115,215.33231,203.169927,191.509319,180.803471,170.701097,160.693616,151.174624,141.830266,132.731818,123.510433,114.869158,105.907536,97.181228,88.463024,79.718691,71.099934,62.369101,53.733489,45.053819,36.421481,27.80445,19.237442,10.608086,2.022542,-6.555525,-15.116294,-23.66489,-32.275939,-40.763008,-49.398203,-58.024936,-66.541386,-75.103829,-83.72837,-92.363248,-100.752579,-100.886938],"unit":"ohms"},"conductance":{"value":[-0.008288223,-0.008415964,-0.00834906,-0.008245577,-0.008105642,-0.007934407,-0.007753604,-0.007558451,-0.007353529,-0.007142748,-0.006918522,-0.006690817,-0.006452238,-0.006205019,-0.005952605,-0.005692099,-0.005426922,-0.00515661,-0.004877072,-0.004595267,-0.004307848,-0.00401127,-0.003716195,-0.003415788,-0.003115214,-0.002812083,-0.002513086,-0.002214067,-0.001924512,-0.001647664,-0.001379997,-0.001137825,-0.000916779987,-0.000723646962,-0.000559351545,-0.00042234747,-0.00031414489,-0.000228964111,-0.000164026745,-0.000115070112,-7.7882548e-5,-4.9822768e-5,-2.6995081e-5,-5.948421e-6,1.6782965e-5,4.4620253e-5,8.9339315e-5,0.000159060014,0.000268558227,0.000413880063,0.000600718423,0.000824473604,0.001071228,0.001333706,0.001603403,0.001883706,0.002170879,0.002457923,0.002746822,0.00302567,0.00330439,0.003572418,0.003844453,0.004102491,0.004378128,0.004643985,0.004921988,0.005221678,0.005530867,0.005858193,0.006223023,0.006614867,0.007050681,0.007533989,0.008096482,0.008705557,0.009442199,0.010290053,0.011304158,0.01254411,0.014064711,0.01603358,0.018610368,0.022195677,0.027456324,0.035965466,0.051981963,0.094267709,0.494427362,-0.152543073,-0.066153779,-0.042256693,-0.030982832,-0.024532046,-0.020243651,-0.01723397,-0.015028241,-0.0133149,-0.011943383,-0.010826817,-0.009925304,-0.009912086],"unit":"S"},"power":{"value":[-18.649895,-18.510537,-17.945711,-17.31406,-16.623189,-15.888379,-15.154962,-14.416453,-13.682705,-12.960938,-12.239274,-11.535887,-10.838515,-10.151314,-9.481345,-8.823827,-8.184299,-7.563119,-6.953749,-6.366659,-5.797195,-5.241092,-4.712322,-4.201321,-3.715143,-3.25015,-2.813466,-2.399545,-2.018257,-1.671026,-1.352626,-1.077314,-0.837992069,-0.638144978,-0.475536305,-0.345949567,-0.247750596,-0.173717939,-0.119639245,-0.080626979,-0.052372633,-0.032129277,-0.016679214,-0.003518158,0.009491577,0.024107284,0.04606212,0.078168306,0.125657095,0.18415178,0.253846247,0.330403437,0.40654722,0.478631672,0.543168534,0.601417638,0.652045973,0.693186963,0.725794914,0.74752333,0.761448003,0.765842682,0.764887933,0.755186458,0.743330226,0.724674772,0.703433149,0.680667121,0.654587285,0.62655013,0.59817852,0.567936935,0.537182799,0.505520797,0.47432349,0.440762349,0.408592292,0.375512275,0.342353589,0.309275146,0.275817111,0.242596121,0.209199017,0.17587596,0.142396855,0.108905242,0.075154712,0.041581963,0.007922544,-0.02575619,-0.059440855,-0.093243458,-0.126800319,-0.160839536,-0.194338878,-0.227845583,-0.261746966,-0.295490313,-0.329032019,-0.36247949,-0.396957462,-0.396401392],"unit":"mW"},"J":{"value":[-0.130186374,-0.13069472999999998,-0.128172767,-0.125114206,-0.121547914,-0.117569226,-0.11350784,-0.109305557,-0.10503414999999999,-0.100750574,-0.096356525,-0.091994464,-0.087566245,-0.083105414,-0.078665648,-0.074209811,-0.069785337,-0.06539269299999999,-0.060979764000000006,-0.056637987,-0.052328197,-0.048011853,-0.043819088,-0.039667515,-0.035622825,-0.031656464,-0.027843326999999998,-0.024135511999999998,-0.020636938,-0.01737491,-0.014306207000000001,-0.011593259,-0.009178023,-0.007115733999999999,-0.005400462,-0.004002561,-0.002921252,-0.0020883470000000004,-0.001466867,-0.001008598,-0.0006687578730000001,-0.000418948878,-0.00022219113700000002,-4.7902162e-5,0.000132160037,0.000343428856,0.0006717225020000001,0.0011675960000000001,0.001923576,0.002890825,0.004089003,0.005465215,0.006910238,0.008366183,0.009772041,0.011145288000000001,0.012458151,0.013668032,0.014784917,0.015747797,0.016609724,0.017319986,0.017956133000000003,0.018430942000000002,0.018889991,0.019209391,0.019484009,0.019740996,0.019924023,0.020061176,0.020202854,0.02029585,0.020378547,0.020435187,0.020520225,0.020511487,0.020567347000000003,0.020583419,0.020599334,0.020624767,0.020623987,0.020651605,0.020661123,0.020688741,0.020704656,0.020723536,0.020696699,0.020731494000000003,0.020724317,0.020755523,0.020764261000000003,0.020785169,0.020754743000000003,0.020799837,0.020769254,0.020749594,0.02076785,0.020770034,0.020757708,0.020743821,0.020784545,0.020756147],"unit":"A\/cm2"},"power_density":{"value":[-195.286856,-193.827613,-187.913205,-181.299061,-174.064804,-166.370457,-158.690699,-150.957624,-143.274403,-135.716632,-128.159938,-120.794628,-113.492305,-106.296485,-99.2811,-92.39609,-85.699466,-79.194961,-72.814128,-66.666587,-60.703608,-54.880542,-49.343685,-43.99289,-38.902019,-34.032987,-29.460373,-25.12613,-21.133586,-17.497656,-14.163623,-11.280773,-8.774786,-6.682146,-4.979438,-3.622509,-2.594247,-1.819036,-1.252767,-0.844261559,-0.548404531,-0.336432219,-0.174651454,-0.036839346,0.099388236,0.252432292,0.48232586,0.818516291,1.315781,1.928291,2.658076,3.459722,4.257039,5.01185,5.687629,6.297567,6.827707,7.258502,7.599947,7.827469,7.973278,8.019295,8.009298,7.907712,7.783563,7.588218,7.365792,7.127404,6.854317,6.560734,6.263649,5.946984,5.624951,5.293411,4.966738,4.615313,4.278453,3.932066,3.584854,3.238483,2.888137,2.540274,2.190566,1.841633,1.491067,1.140369,0.786960339,0.43541323,0.08295858,-0.269698326,-0.622417326,-0.976371291,-1.327752,-1.684184,-2.034962,-2.385818,-2.740806,-3.094139,-3.445361,-3.795597,-4.156623,-4.1508],"unit":"mW\/cm2"},"timestamps":{"value":[0.018,0.042,0.07,0.106,0.138,0.16,0.183,0.205,0.227,0.253,0.277,0.299,0.321,0.345,0.369,0.392,0.415,0.438,0.46,0.482,0.504,0.531,0.553,0.575,0.598,0.623,0.644,0.672,0.694,0.715,0.745,0.767,0.79,0.812,0.834,0.858,0.881,0.905,0.927,0.951,0.974,1.008,1.043,1.066,1.086,1.111,1.131,1.155,1.175,1.199,1.221,1.242,1.262,1.283,1.309,1.332,1.355,1.377,1.399,1.42,1.443,1.466,1.489,1.511,1.532,1.554,1.576,1.599,1.622,1.643,1.664,1.687,1.709,1.732,1.755,1.778,1.804,1.826,1.863,1.937,1.961,1.985,2.01,2.052,2.073,2.107,2.131,2.154,2.179,2.2,2.223,2.246,2.267,2.29,2.313,2.335,2.357,2.38,2.403,2.425,2.446,2.469],"unit":"s"},"p_max":{"unit":"mW","value":0.765842682},"v_p_max":{"unit":"V","value":0.463008165},"i_p_max":{"unit":"mA","value":1.654059},"j_p_max":{"unit":"mA\/cm2","value":17.319986},"voc":{"unit":"V","value":0.764524883},"isc":{"unit":"mA","value":1.979874},"jsc":{"unit":"mA\/cm2","value":20.731666},"fill_factor":{"unit":"%","value":50.595322},"efficiency":{"unit":"%","value":8.019295},"r_s":{"unit":"ohms","value":63.295738},"r_sh":{"unit":"ohms","value":1952.658},"cell_dimension":{"value":0.09550000217380661,"unit":"cm2"},"sweep_direction":{"unit":"","value":"Reverse"},"key":"reverse21_2cell_231018"},{"V":{"value":[1.500059,1.483059,1.466094,1.449067,1.432067,1.415077,1.398058,1.38107,1.364065,1.347043,1.330057,1.313069,1.296071,1.279051,1.262069,1.245062,1.228045,1.211058,1.194063,1.177073,1.160054,1.143065,1.126076,1.109035,1.092057,1.07507,1.058074,1.041041,1.024063,1.00708,0.990033388,0.973048449,0.956060886,0.939063787,0.92203784,0.905044794,0.888060093,0.871039629,0.8540411,0.83705616,0.820027828,0.803041458,0.786037445,0.769051313,0.752036333,0.735035181,0.718036652,0.701023102,0.684012175,0.667031527,0.650054693,0.633041143,0.616048098,0.599056482,0.582027912,0.56504178,0.548052788,0.531054258,0.514032602,0.497046232,0.48004365,0.463021994,0.446039677,0.429045439,0.412046909,0.395025015,0.378040314,0.361044407,0.344018698,0.327030897,0.310052872,0.293024302,0.27602458,0.259031534,0.242038488,0.225008488,0.20801878,0.191026688,0.174030304,0.157016277,0.140018702,0.123026609,0.10602212,0.089012146,0.072020054,0.055026531,0.038022041,0.020999968,0.004004657,-0.012997001,-0.029975414,-0.046979904,-0.063974857,-0.080972433,-0.097978354,-0.114982843,-0.131970882,-0.148971319,-0.165981293,-0.182974815,-0.199966908,-0.199969769],"unit":"V"},"I":{"value":[-0.011887789,-0.012326419,-0.012325376,-0.012109086,-0.011840208999999999,-0.01153633,-0.011195138,-0.010828837999999999,-0.010447696000000001,-0.010046095,-0.009637966999999999,-0.009216189,-0.008789897,-0.008355439000000001,-0.007915765,-0.007476091000000001,-0.007029414,-0.006587654,-0.006143272,-0.0056990980000000005,-0.005237505,-0.004797623,-0.0043664870000000005,-0.003940687,-0.003519461,-0.0031125099999999998,-0.002717718,-0.002334148,-0.001971304,-0.00162901,-0.001313463,-0.0010346770000000001,-0.000790923834,-0.00058619678,-0.00042302906499999996,-0.000296324492,-0.000203877687,-0.000137716532,-9.0837479e-5,-5.9366226e-5,-3.7789345000000004e-5,-2.2605061999999997e-5,-1.1444092e-5,-2.9802320000000003e-6,4.440546e-6,1.1652708e-5,1.9758939999999998e-5,3.1128526e-5,4.8547983000000004e-5,7.870793299999999e-5,0.000125110149,0.00019334256599999998,0.000283911824,0.000393286347,0.000512003899,0.000638917089,0.000769779086,0.00089661777,0.0010007170000000001,0.001124159,0.001234278,0.0013375429999999998,0.001425892,0.00150378,0.001572222,0.001627356,0.001676038,0.0017123820000000001,0.001747325,0.001772642,0.001794621,0.001814395,0.001828402,0.001842126,0.0018496220000000002,0.001858562,0.001861483,0.001870975,0.0018747899999999999,0.001880348,0.001885608,0.0018862339999999999,0.001890332,0.001890257,0.001889989,0.0018935949999999999,0.0018947719999999999,0.001894623,0.001894698,0.001898795,0.0018981699999999998,0.0018957409999999998,0.001895949,0.0018998980000000001,0.001898795,0.001899481,0.001899272,0.001899138,0.0019012089999999998,0.001897335,0.0019012089999999998,0.001895875],"unit":"A"},"resistance":{"value":[-126.184834,-120.31545,-118.949249,-119.667754,-120.949499,-122.662664,-124.880812,-127.536344,-130.561317,-134.086262,-138.00184,-142.474215,-147.450058,-153.080004,-159.437338,-166.539114,-174.700968,-183.837499,-194.369294,-206.536715,-221.489859,-238.256595,-257.890646,-281.431987,-310.291083,-345.402816,-389.324268,-446.004826,-519.485018,-618.215787,-753.758194,-940.436892,-1208.79,-1601.96,-2179.609,-3054.236,-4355.847,-6324.873,-9401.858,-14099.871,-21699.975,-35524.852,-68685,-258050.8,169356.725,63078.486,36339.837,22520.28,14089.405,8474.769,5195.859,3274.194,2169.857,1523.207,1136.765,884.374187,711.96113,592.286118,513.66416,442.1496,388.926658,346.173505,312.814463,285.311216,262.079424,242.740408,225.555945,210.843399,196.883056,184.487828,172.76785,161.499713,150.964907,140.615517,130.858386,121.065888,111.748963,102.10008,92.826579,83.503851,74.256533,65.223419,56.086522,47.08997,38.106075,29.059295,20.066816,11.083982,2.113613,-6.844867,-15.791748,-24.781821,-33.742917,-42.619357,-51.60027,-60.533827,-69.484975,-78.441541,-87.303007,-96.437798,-105.178794,-105.476256],"unit":"ohms"},"conductance":{"value":[-0.007924883,-0.008311485,-0.008406947,-0.00835647,-0.008267914,-0.00815244,-0.008007635,-0.007840902,-0.007659236,-0.007457886,-0.00724628,-0.007018814,-0.006781957,-0.006532532,-0.006272057,-0.006004595,-0.005724067,-0.005439587,-0.005144846,-0.004841754,-0.004514879,-0.004197156,-0.003877613,-0.003553256,-0.00322278,-0.00289517,-0.002568553,-0.002242128,-0.001924983,-0.001617558,-0.001326685,-0.001063336,-0.000827273498,-0.000624235316,-0.000458797944,-0.000327414172,-0.000229576454,-0.000158105931,-0.000106361952,-7.0922632e-5,-4.6083003e-5,-2.8149308e-5,-1.455922e-5,-3.875206e-6,5.904696e-6,1.5853266e-5,2.751801e-5,4.4404422e-5,7.097532e-5,0.000117997321,0.000192460959,0.000305418642,0.000460859834,0.000656509626,0.000879689596,0.001130743,0.001404571,0.001688373,0.001946797,0.002261678,0.002571179,0.002888725,0.003196783,0.003504945,0.003815637,0.004119627,0.00443349,0.004742857,0.005079157,0.005420412,0.005788114,0.006191961,0.006624056,0.007111591,0.007641849,0.008259965,0.008948629,0.009794312,0.010772777,0.011975496,0.013466828,0.015331916,0.017829596,0.021235945,0.026242535,0.034412397,0.049833517,0.090220282,0.473123521,-0.14609488,-0.063324213,-0.04035216,-0.02963585,-0.023463517,-0.019379744,-0.016519689,-0.0143916,-0.012748347,-0.011454359,-0.010369378,-0.00950762,-0.009480807],"unit":"S"},"power":{"value":[-17.83238,-18.280803,-18.070163,-17.546878,-16.955978,-16.324795,-15.651452,-14.955387,-14.251336,-13.532524,-12.819047,-12.101496,-11.392329,-10.687029,-9.990238,-9.308195,-8.63244,-7.978031,-7.335456,-6.708255,-6.07579,-5.483995,-4.916997,-4.37036,-3.843452,-3.346165,-2.875547,-2.429944,-2.01874,-1.640543,-1.300372,-1.006791,-0.756171342,-0.550476169,-0.390048805,-0.268186938,-0.181055638,-0.119956557,-0.07757894,-0.049692865,-0.030988314,-0.018152802,-0.008995485,-0.002291952,0.003339452,0.00856515,0.014187643,0.021821816,0.033207412,0.052500673,0.08132844,0.122393799,0.174903339,0.235600736,0.29800056,0.361014849,0.421879574,0.476152685,0.514401309,0.558758748,0.592507356,0.619311887,0.636004458,0.645190158,0.647829017,0.642846255,0.633609896,0.618245886,0.601112493,0.579708748,0.556427503,0.531661883,0.504683972,0.477168789,0.4476796,0.418192277,0.387223393,0.357406137,0.326270203,0.2952452,0.264020361,0.232056935,0.200416953,0.168255832,0.136117094,0.104197957,0.072043101,0.039787023,0.007587614,-0.024678646,-0.056898418,-0.089061713,-0.121293082,-0.153839368,-0.186040844,-0.218407706,-0.250648629,-0.282917107,-0.315565186,-0.347164531,-0.380178955,-0.379117633],"unit":"mW"},"J":{"value":[-0.124479464,-0.129072454,-0.129061532,-0.126796711,-0.12398125,-0.120799267,-0.11722657700000001,-0.113390971,-0.109399957,-0.10519470800000001,-0.100921118,-0.096504601,-0.092040806,-0.087491505,-0.082887592,-0.07828367900000001,-0.073606431,-0.06898067399999999,-0.064327455,-0.05967642,-0.054842983,-0.050236885,-0.04572238,-0.041263733999999996,-0.036852989999999995,-0.032591726,-0.028457785000000003,-0.024441337,-0.020641931,-0.017057694999999998,-0.013753538000000001,-0.010834314,-0.008281924999999999,-0.006138186,-0.004429623999999999,-0.003102874,-0.002134845,-0.001442058,-0.000951177787,-0.000621635876,-0.00039569994499999997,-0.000236702215,-0.000119833422,-3.120662e-5,4.6497864e-5,0.00012201788500000001,0.000206899893,0.000325953149,0.0005083558449999999,0.000824166842,0.001310054,0.0020245289999999997,0.0029728989999999998,0.004118182,0.005361297,0.006690231,0.008060514,0.009388668,0.010478715,0.011771293,0.012924378,0.014005687,0.014930806999999999,0.015746393,0.016463053,0.017040375,0.017550135,0.0179307,0.018296598,0.018561698,0.018791847,0.018998902999999998,0.019145574,0.019289280000000002,0.019367765,0.019461385,0.019491967,0.019591360000000002,0.019631305,0.019689505,0.019744585000000002,0.019751138,0.019794047,0.019793267,0.019790458,0.019828217999999998,0.019840544999999998,0.019838985,0.019839765,0.019882674000000003,0.019876121,0.019850687000000002,0.019852872,0.01989422,0.019882674000000003,0.019889852,0.019887667,0.019886263,0.019907951,0.019867383,0.019907951,0.019852092],"unit":"A\/cm2"},"power_density":{"value":[-186.726496,-191.422025,-189.21637,-183.736945,-177.549505,-170.940261,-163.889546,-156.600911,-149.228644,-141.701825,-134.230854,-126.717233,-119.291402,-111.906061,-104.60982,-97.468006,-90.392044,-83.53959,-76.811061,-70.243503,-63.620833,-57.424036,-51.486885,-45.762936,-40.245574,-35.038376,-30.110436,-25.444437,-21.13864,-17.178456,-13.616462,-10.542313,-7.918025,-5.764148,-4.084281,-2.80824,-1.895871,-1.25609,-0.812344923,-0.52034414,-0.324484967,-0.190081692,-0.094193557,-0.023999492,0.034968083,0.089687438,0.148561706,0.228500688,0.347721587,0.549745267,0.851606699,1.28161,1.831449,2.467023,3.120425,3.78026,4.417587,4.985892,5.386401,5.850877,6.204266,6.484941,6.659733,6.755918,6.78355,6.731374,6.634659,6.473779,6.294372,6.070249,5.826466,5.56714,5.284649,4.996532,4.687745,4.378977,4.054695,3.742473,3.416442,3.091573,2.764611,2.429916,2.098607,1.761841,1.42531,1.091078,0.754378024,0.416618045,0.079451459,-0.258415142,-0.595794949,-0.932583383,-1.270085,-1.610883,-1.948072,-2.286992,-2.624593,-2.962483,-3.304348,-3.635231,-3.980931,-3.969818],"unit":"mW\/cm2"},"timestamps":{"value":[0.018,0.043,0.072,0.093,0.116,0.141,0.164,0.186,0.212,0.234,0.258,0.282,0.304,0.326,0.349,0.374,0.399,0.42,0.444,0.466,0.517,0.546,0.567,0.591,0.615,0.636,0.659,0.681,0.703,0.727,0.751,0.772,0.794,0.817,0.839,0.869,0.893,0.916,0.963,0.985,1.007,1.03,1.051,1.074,1.095,1.116,1.139,1.162,1.188,1.209,1.232,1.255,1.276,1.297,1.32,1.343,1.362,1.386,1.42,1.443,1.466,1.488,1.51,1.531,1.552,1.575,1.597,1.623,1.646,1.669,1.69,1.71,1.739,1.761,1.787,1.81,1.835,1.861,1.882,1.905,1.927,1.947,1.969,1.99,2.019,2.049,2.07,2.103,2.128,2.154,2.178,2.2,2.224,2.245,2.268,2.289,2.324,2.346,2.37,2.393,2.415,2.435],"unit":"s"},"p_max":{"unit":"mW","value":0.647829017},"v_p_max":{"unit":"V","value":0.412046909},"i_p_max":{"unit":"mA","value":1.572222},"j_p_max":{"unit":"mA\/cm2","value":16.463053},"voc":{"unit":"V","value":0.762217988},"isc":{"unit":"mA","value":1.895663},"jsc":{"unit":"mA\/cm2","value":19.849872},"fill_factor":{"unit":"%","value":44.835304},"efficiency":{"unit":"%","value":6.78355},"r_s":{"unit":"ohms","value":64.752096},"r_sh":{"unit":"ohms","value":1800.218},"cell_dimension":{"value":0.09550000151028927,"unit":"cm2"},"sweep_direction":{"unit":"","value":"Reverse"},"key":"reverse21_1cell_231018"},{"V":{"value":[-0.199964285,-0.182973385,-0.165979862,-0.148964405,-0.131970882,-0.11497879,-0.097979546,-0.080971003,-0.063971996,-0.046975851,-0.029976606,-0.012997568,0.004006058,0.021003336,0.038026094,0.055026531,0.072022676,0.089016199,0.10602212,0.123027802,0.140016079,0.157019138,0.174026251,0.191026688,0.208024263,0.225007057,0.242042542,0.259032726,0.276017666,0.293016195,0.310039282,0.327032328,0.34401989,0.361044407,0.378040314,0.395026445,0.412052155,0.429041147,0.446057558,0.463009596,0.480047703,0.497051716,0.514036655,0.531054258,0.548052788,0.56504035,0.582030773,0.599060535,0.616050959,0.633049488,0.650056124,0.667045116,0.684042215,0.701034069,0.718046188,0.735043287,0.752043247,0.769062042,0.786046982,0.803027868,0.820034504,0.837046623,0.85404253,0.87104249,0.888061285,0.905047655,0.922042131,0.939067841,0.956063747,0.973047256,0.990030766,1.007069,1.024063,1.041045,1.058078,1.07507,1.092055,1.10904,1.126076,1.143068,1.160051,1.177085,1.194067,1.211055,1.228044,1.245064,1.262069,1.279051,1.296072,1.313065,1.330054,1.347057,1.364074,1.381058,1.398062,1.415085,1.432067,1.44907,1.466096,1.483059,1.50006,1.500066],"unit":"V"},"I":{"value":[0.001592264,0.0016490670000000002,0.001648858,0.001644284,0.0016402600000000002,0.0016328389999999999,0.001629576,0.001620352,0.0016139,0.001606196,0.001595944,0.001589209,0.001577765,0.0015684070000000002,0.0015581400000000002,0.001544625,0.0015302599999999999,0.001513407,0.0014996830000000001,0.001482755,0.00147146,0.0014500919999999998,0.001428947,0.0014046730000000002,0.001374722,0.001346692,0.001315415,0.0012769250000000002,0.0012369159999999998,0.0011955199999999998,0.0011491180000000002,0.00109905,0.0010502929999999999,0.00098836422,0.0009253919120000001,0.000859797001,0.0007837861779999999,0.000715613365,0.00063842535,0.000560134649,0.000480040908,0.00040353834599999997,0.000329345465,0.000261172652,0.00022046267999999998,0.00015963614,0.00011400878400000001,7.8573823e-5,5.3808093e-5,3.7103891e-5,2.7254224e-5,2.1010637e-5,1.733005e-5,1.4692545e-5,1.2487173e-5,1.0117888e-5,6.92904e-6,2.637506e-6,-3.5315749999999997e-6,-1.1652708e-5,-2.3022294e-5,-3.9383768999999996e-5,-6.185472e-5,-9.3623996e-5,-0.000137165189,-0.00019645690900000002,-0.000278785825,-0.000387728214,-0.000526279211,-0.000700205565,-0.000910609961,-0.0011548700000000001,-0.001438573,-0.001755282,-0.00210467,-0.002484351,-0.0028895590000000003,-0.0033193830000000004,-0.0037739569999999997,-0.004245609,-0.004744023,-0.005271270999999999,-0.005793408000000001,-0.006339461,-0.006895363,-0.007472277,-0.008063197000000001,-0.008655295,-0.009255514,-0.009868278999999999,-0.010487571000000001,-0.01113826,-0.011766358999999999,-0.012405127,-0.013053402,-0.013701677,-0.014367222999999998,-0.015028462,-0.015694559,-0.01637058,-0.017053321,-0.017124742000000002],"unit":"A"},"resistance":{"value":[-125.584914,-110.955714,-100.663516,-90.595327,-80.457284,-70.41647,-60.125788,-49.971234,-39.63814,-29.246646,-18.782992,-8.17864,2.539072,13.39151,24.404801,35.624535,47.065651,58.818428,70.696369,82.972444,95.154535,108.28222,121.786371,135.99372,151.32102,167.08125,184.004712,202.856616,223.149961,245.095151,269.806318,297.559087,327.54645,365.294898,408.519146,459.441525,525.720109,599.543228,698.68397,826.604097,1000.014,1231.734,1560.783,2033.346,2485.921,3539.552,5105.14,7624.174,11449.039,17061.539,23851.574,31747.972,39471.45,47713.59,57502.702,72647.894,108534.985,291586.893,-222576.878,-68913.412,-35619.148,-21253.594,-13807.233,-9303.624,-6474.393,-4606.851,-3307.349,-2421.974,-1816.647,-1389.659,-1087.217,-872.019406,-711.86037,-593.092882,-502.728763,-432.736555,-377.931279,-334.110181,-298.380738,-269.235303,-244.529026,-223.302014,-206.107971,-191.034398,-178.097074,-166.624517,-156.522095,-147.776664,-140.032451,-133.059197,-126.821953,-120.93961,-115.930038,-111.32961,-107.103264,-103.278237,-99.676007,-96.421709,-93.414267,-90.592925,-87.96293,-87.596388],"unit":"ohms"},"conductance":{"value":[-0.00796274,-0.009012605,-0.009934086,-0.011038097,-0.012428955,-0.014201223,-0.016631799,-0.020011513,-0.025228227,-0.034191955,-0.053239654,-0.122269711,0.393844712,0.074674178,0.040975544,0.028070542,0.021246917,0.017001474,0.014144998,0.012052194,0.010509221,0.009235126,0.008211099,0.007353281,0.006608467,0.005985112,0.005434643,0.00492959,0.004481291,0.004080048,0.003706362,0.003360677,0.003053002,0.002737514,0.002447866,0.002176556,0.001902153,0.001667936,0.001431262,0.001209769,0.000999985845,0.000811863904,0.00064070424,0.000491800316,0.000402265411,0.000282521664,0.000195881025,0.000131161741,8.7343575e-5,5.861136e-5,4.1925955e-5,3.1498075e-5,2.5334767e-5,2.0958389e-5,1.7390487e-5,1.3765024e-5,9.213619e-6,3.429509e-6,-4.49283e-6,-1.4510963e-5,-2.8074787e-5,-4.7050867e-5,-7.2425808e-5,-0.000107484993,-0.000154454643,-0.000217068027,-0.000302356926,-0.000412886266,-0.000550464561,-0.00071960078,-0.000919779458,-0.001146763,-0.00140477,-0.001686077,-0.001989144,-0.002310875,-0.002645984,-0.002993025,-0.003351423,-0.003714223,-0.004089494,-0.00447824,-0.004851826,-0.005234659,-0.005614915,-0.006001518,-0.006388874,-0.006766968,-0.007141202,-0.007515452,-0.00788507,-0.00826859,-0.008625892,-0.008982336,-0.009336784,-0.009682582,-0.010032505,-0.010371108,-0.010705003,-0.01103839,-0.011368425,-0.011415996],"unit":"S"},"power":{"value":[-0.318395848,-0.301735335,-0.273677255,-0.244939718,-0.216466589,-0.187741904,-0.159665125,-0.131201548,-0.103244409,-0.075452432,-0.04784099,-0.020655849,0.006320617,0.032941775,0.059249976,0.084995332,0.11021341,0.134717706,0.158999535,0.182420081,0.206028041,0.227692134,0.248674263,0.268330004,0.285975433,0.303015304,0.318386367,0.330765417,0.341410554,0.350306769,0.356271703,0.359424894,0.361321835,0.356843373,0.349835449,0.339642553,0.322960783,0.307027579,0.284774453,0.259347718,0.230442535,0.200579427,0.169295641,0.138696849,0.120825186,0.09020086,0.066356621,0.047070476,0.033148527,0.023488599,0.017716775,0.014015043,0.011854486,0.010299975,0.008966367,0.007437086,0.005210938,0.002028405,-0.002775984,-0.009357449,-0.018879075,-0.032966051,-0.052826562,-0.081550478,-0.121811094,-0.177802865,-0.257052276,-0.364103097,-0.503156475,-0.681333103,-0.901531876,-1.163033,-1.47319,-1.827329,-2.226905,-2.670851,-3.155556,-3.681327,-4.249764,-4.853019,-5.50331,-6.204736,-6.91772,-7.677436,-8.46781,-9.303466,-10.176307,-11.07056,-11.995814,-12.957695,-13.949039,-15.00387,-16.05019,-17.1322,-18.249466,-19.389039,-20.574831,-21.777293,-23.009725,-24.27853,-25.581006,-25.688236],"unit":"mW"},"J":{"value":[0.016672917000000002,0.017267715,0.017265531,0.017217628999999998,0.0171755,0.017097795000000002,0.017063624,0.016967039,0.016899477,0.016818808,0.016711457,0.01664093,0.016521097000000002,0.016423108,0.016315601000000002,0.016174078999999997,0.016023663,0.01584719,0.015703483,0.01552623,0.015407957,0.015184205000000001,0.014962794,0.014708615999999999,0.01439499,0.014101492,0.013773978,0.013370945,0.012951995999999999,0.012518535999999999,0.012032649,0.011508377,0.010997837,0.010349364,0.009689968,0.00900311,0.008207185,0.007493334,0.006685082,0.005865284,0.005026606,0.004225532000000001,0.003448644,0.002734792,0.00230851,0.0016715830000000001,0.0011938089999999999,0.000822762544,0.00056343553,0.000388522423,0.000285384543,0.00022000667300000002,0.000181466497,0.00015384863800000002,0.000130755739,0.000105946476,7.255539199999999e-5,2.7617859000000003e-5,-3.6979845e-5,-0.00012201788500000001,-0.00024107114199999998,-0.00041239548700000003,-0.000647693404,-0.000980355977,-0.001436285,-0.00205714,-0.0029192230000000003,-0.004059981,-0.005510777,-0.007331995,-0.009535183,-0.012092877,-0.015063592,-0.018379919,-0.022038427,-0.026014151,-0.030257159000000002,-0.034757934,-0.039517879,-0.044456639000000006,-0.049675634,-0.055196554,-0.060663954,-0.066381787,-0.072202757,-0.078243735,-0.084431384,-0.09063135900000001,-0.096916372,-0.103332765,-0.109817501,-0.116630999,-0.12320795,-0.12989662100000002,-0.136684841,-0.143473061,-0.150442123,-0.157366092,-0.164340928,-0.171419682,-0.178568806,-0.179316673],"unit":"A\/cm2"},"power_density":{"value":[-3.333988,-3.159532,-2.86573,-2.564814,-2.266666,-1.965884,-1.671886,-1.373838,-1.081093,-0.79007782,-0.500952775,-0.216291617,0.066184472,0.344940052,0.620418594,0.890003476,1.154067,1.410657,1.664917,1.910158,2.157362,2.384211,2.603919,2.809738,2.994507,3.172935,3.333889,3.463512,3.57498,3.668134,3.730594,3.763611,3.783475,3.73658,3.663198,3.556467,3.381788,3.214948,2.981931,2.715683,2.413011,2.100308,1.772729,1.452323,1.265185,0.944511627,0.694833726,0.49288457,0.347104998,0.245953921,0.18551597,0.146754377,0.124130745,0.107853137,0.09388866,0.077875246,0.054564793,0.021239847,-0.029067896,-0.097983762,-0.197686654,-0.34519425,-0.553157714,-0.853931711,-1.275509,-1.86181,-2.691647,-3.812598,-5.268654,-7.134378,-9.440124,-12.17836,-15.426069,-19.134331,-23.318376,-27.967024,-33.04247,-38.547923,-44.500144,-50.816954,-57.626287,-64.971057,-72.436854,-80.391997,-88.668165,-97.418496,-106.558191,-115.922093,-125.61062,-135.682668,-146.063238,-157.108587,-168.064819,-179.394764,-191.093881,-203.026588,-215.44326,-228.03448,-240.939526,-254.225449,-267.863938,-268.986766],"unit":"mW\/cm2"},"timestamps":{"value":[0.019,0.044,0.07,0.096,0.122,0.148,0.184,0.206,0.229,0.251,0.273,0.298,0.32,0.343,0.369,0.391,0.414,0.436,0.46,0.482,0.518,0.542,0.567,0.59,0.612,0.638,0.659,0.682,0.703,0.727,0.75,0.772,0.798,0.82,0.843,0.866,0.887,0.913,0.935,0.958,0.979,1.002,1.024,1.061,1.084,1.103,1.127,1.15,1.172,1.195,1.217,1.238,1.259,1.283,1.305,1.327,1.35,1.373,1.396,1.417,1.44,1.462,1.484,1.507,1.531,1.558,1.579,1.602,1.625,1.646,1.67,1.695,1.718,1.74,1.761,1.785,1.807,1.832,1.854,1.878,1.902,1.939,1.963,1.986,2.008,2.035,2.064,2.086,2.108,2.131,2.152,2.186,2.209,2.233,2.255,2.276,2.299,2.321,2.342,2.365,2.388,2.41],"unit":"s"},"p_max":{"unit":"mW","value":0.361321835},"v_p_max":{"unit":"V","value":0.34401989},"i_p_max":{"unit":"mA","value":1.050293},"j_p_max":{"unit":"mA\/cm2","value":10.997837},"voc":{"unit":"V","value":0.776323719},"isc":{"unit":"mA","value":1.580461},"jsc":{"unit":"mA\/cm2","value":16.54933},"fill_factor":{"unit":"%","value":29.448798},"efficiency":{"unit":"%","value":3.783475},"r_s":{"unit":"ohms","value":55.224647},"r_sh":{"unit":"ohms","value":938.610971},"cell_dimension":{"value":0.09550002558040682,"unit":"cm2"},"sweep_direction":{"unit":"","value":"Forward"},"key":"forward21_4cell_231018"},{"V":{"value":[-0.199964285,-0.182973385,-0.165974379,-0.14898634,-0.131972313,-0.114979982,-0.097979546,-0.08096981,-0.063971996,-0.046974421,-0.029979467,-0.012998551,0.004001677,0.021003634,0.038023472,0.055027723,0.072018623,0.089013577,0.106024742,0.123026609,0.140018702,0.157019138,0.174029112,0.191019773,0.208014727,0.225009918,0.24203968,0.259032726,0.276021719,0.293017626,0.310037851,0.327033758,0.34401989,0.36104703,0.378041506,0.395026445,0.412050962,0.429048061,0.446039677,0.463027477,0.480046272,0.497053146,0.514036655,0.531056881,0.54805398,0.565042973,0.582046986,0.599060535,0.616050959,0.633045435,0.650057554,0.667045116,0.684043646,0.701032639,0.718050241,0.735039234,0.752043247,0.769056797,0.78604579,0.803038836,0.820033073,0.837061644,0.854039669,0.871041059,0.888062716,0.905049086,0.922036648,0.939047337,0.956062317,0.973048449,0.990033388,1.007066,1.024062,1.041045,1.058079,1.075068,1.092056,1.109041,1.12608,1.143066,1.160053,1.177074,1.194063,1.211055,1.228043,1.245064,1.262062,1.279042,1.296057,1.313065,1.330056,1.347056,1.364074,1.381059,1.398061,1.415087,1.432066,1.449067,1.466097,1.483059,1.500061,1.500063],"unit":"V"},"I":{"value":[0.001668692,0.0019125939999999999,0.001931101,0.001949832,0.001959607,0.0019638389999999998,0.0019757,0.001977086,0.0019813179999999997,0.001982287,0.0019867870000000003,0.001990676,0.0019906010000000003,0.001990393,0.001994699,0.001994208,0.001994282,0.001989782,0.00199075,0.001985684,0.001988038,0.001980275,0.001981452,0.001968756,0.001963213,0.0019551069999999998,0.001942486,0.001928478,0.001913562,0.001890257,0.001867101,0.001837075,0.001800805,0.001755029,0.001701415,0.001638874,0.0015621629999999999,0.001462653,0.0013869849999999999,0.0012754049999999999,0.00115259,0.001019299,0.0008774846790000001,0.000736773014,0.000592306256,0.000454306602,0.000327333808,0.000221639872,0.000141471624,8.605420599999999e-5,5.1528215e-5,3.3840537e-5,2.1010637e-5,1.1712313e-5,4.440546e-6,-2.279878e-6,-9.223819e-6,-1.8581748e-5,-3.0860305e-5,-4.7981739e-5,-7.1838498e-5,-0.00010444223900000001,-0.000148266554,-0.00020852685000000002,-0.00029042363199999996,-0.00039742887,-0.0005367547270000001,-0.000715047121,-0.000934258103,-0.001197785,-0.001507297,-0.0018590990000000001,-0.0022530700000000002,-0.0026822089999999996,-0.003143996,-0.003636926,-0.004153505,-0.004696161,-0.005261853,-0.0058423730000000005,-0.006445497,-0.00706318,-0.007690728,-0.008339062,-0.008992687000000001,-0.009661555,-0.010344699,-0.01103209,-0.011768863,-0.012470245,-0.013178021,-0.013902098,-0.014629915,-0.015371114,-0.016113489999999998,-0.016862258,-0.017620385,-0.01838024,-0.019147380999999998,-0.019926995000000003,-0.020705715000000003,-0.020777135999999998],"unit":"A"},"resistance":{"value":[-119.832976,-95.667664,-85.948053,-76.40984,-67.346316,-58.548581,-49.592313,-40.954115,-32.287597,-23.697089,-15.089424,-6.529717,2.010285,10.552507,19.062258,27.59378,36.112557,44.735344,53.258681,61.95679,70.430581,79.291586,87.829078,97.025605,105.956265,115.088297,124.603078,134.319739,144.244952,155.014702,166.053105,178.018753,191.03669,205.721408,222.192468,241.035215,263.769466,293.335452,321.58936,363.043404,416.493555,487.642126,585.806986,720.787639,925.288183,1243.748,1778.145,2702.855,4354.59,7356.357,12615.565,19711.422,32557.016,59854.331,161703.141,-322402.928,-81532.743,-41387.753,-25471.096,-16736.343,-11414.953,-8014.589,-5760.164,-4177.117,-3057.818,-2277.261,-1717.799,-1313.266,-1023.339,-812.373118,-656.826945,-541.695837,-454.51837,-388.129867,-336.539627,-295.598017,-262.923918,-236.159033,-214.008298,-195.651057,-179.978786,-166.649356,-155.260135,-145.226764,-136.560169,-128.867916,-122.000804,-115.93837,-110.125954,-105.295866,-100.929855,-96.895856,-93.238712,-89.847711,-86.763377,-83.920343,-81.273252,-78.838315,-76.569067,-74.424603,-72.446727,-72.197761],"unit":"ohms"},"conductance":{"value":[-0.008344948,-0.010452853,-0.011634935,-0.01308732,-0.014848622,-0.017079833,-0.020164415,-0.024417571,-0.030971646,-0.042199277,-0.066271582,-0.153145986,0.497441798,0.094764212,0.052459682,0.036240051,0.027691199,0.02235369,0.018776282,0.016140281,0.014198378,0.012611679,0.011385751,0.010306558,0.009437856,0.008688981,0.008025484,0.007444922,0.006932652,0.006451001,0.00602217,0.005617386,0.005234597,0.004860943,0.004500603,0.004148771,0.003791189,0.003409066,0.003109556,0.002754492,0.002400998,0.002050684,0.001707047,0.001387371,0.001080744,0.00080402133,0.000562383821,0.00036997909,0.000229642731,0.000135936856,7.9267159e-5,5.0732006e-5,3.0715346e-5,1.6707229e-5,6.184172e-6,-3.101709e-6,-1.2265011e-5,-2.4161737e-5,-3.9260187e-5,-5.975021e-5,-8.7604391e-5,-0.000124772458,-0.000173606168,-0.000239399564,-0.000327030543,-0.000439124106,-0.00058214034,-0.000761460145,-0.000977193732,-0.001230961,-0.001522471,-0.001846054,-0.002200131,-0.002576457,-0.002971418,-0.003382973,-0.003803382,-0.004234435,-0.004672716,-0.00511114,-0.00555621,-0.006000623,-0.006440803,-0.006885783,-0.007322779,-0.007759883,-0.008196667,-0.008625272,-0.009080512,-0.009497049,-0.009907871,-0.010320359,-0.010725159,-0.011129944,-0.0115256,-0.011916062,-0.012304171,-0.012684188,-0.013060104,-0.013436417,-0.013803246,-0.013850845],"unit":"S"},"power":{"value":[-0.33367873,-0.349953769,-0.320513302,-0.290498309,-0.258613869,-0.225802166,-0.193578214,-0.160084284,-0.126748868,-0.093116763,-0.059562808,-0.025875903,0.007965744,0.041805481,0.07584539,0.109736699,0.143625445,0.1771176,0.211068801,0.244291974,0.278362558,0.310941061,0.34483035,0.376071386,0.408377233,0.439918433,0.470158587,0.499539038,0.528184788,0.553878619,0.578871857,0.600785462,0.619512851,0.633647994,0.643205332,0.647398733,0.643690864,0.627548554,0.618650422,0.590547693,0.553296493,0.50664579,0.45105929,0.391268379,0.324615801,0.256702753,0.190523656,0.1327757,0.08715373,0.054476222,0.033496306,0.022573165,0.014372193,0.008210713,0.003188535,-0.0016758,-0.006936711,-0.01429042,-0.024257613,-0.0385312,-0.058909944,-0.087424592,-0.126625519,-0.181635448,-0.257914399,-0.359692636,-0.49490753,-0.671463095,-0.893208967,-1.165503,-1.492275,-1.872235,-2.307284,-2.792301,-3.326597,-3.909944,-4.535859,-5.208233,-5.925269,-6.67822,-7.477117,-8.313889,-9.183217,-10.099063,-11.043405,-12.029259,-13.055647,-14.110511,-15.253119,-16.374246,-17.527502,-18.7269,-19.956294,-21.228422,-22.527639,-23.861554,-25.233553,-26.634201,-28.07192,-29.552903,-31.059841,-31.167007],"unit":"mW"},"J":{"value":[0.017473211,0.020027160999999998,0.020220954,0.020417086999999997,0.020519445,0.020563758,0.020687961,0.020702472,0.020746785,0.020756927,0.020804048999999998,0.020844774,0.020843993999999998,0.020841809000000003,0.020886903000000002,0.020881754000000002,0.020882534,0.020835412,0.020845554,0.020792503,0.020817156,0.020735862999999997,0.02074819,0.020615249,0.020557205,0.020472323,0.020340163,0.020193492,0.020037303000000003,0.019793267,0.019550792,0.019236384999999998,0.0188566,0.018377267,0.01781586,0.017160989,0.01635773,0.015315740999999999,0.014523405,0.013355029000000001,0.012069004,0.010673288,0.009188321000000001,0.007714901000000001,0.00620216,0.004757137,0.003427579,0.0023208359999999997,0.001481378,0.0009010911609999999,0.000539562465,0.000354351174,0.00022000667300000002,0.00012264201800000002,4.6497864e-5,-2.3873064999999998e-5,-9.658448999999999e-5,-0.000194573278,-0.000323144553,-0.000502426587,-0.0007522355819999999,-0.001093636,-0.001552529,-0.002183527,-0.003041085,-0.004161559,-0.005620468,-0.007487404,-0.009782807,-0.012542253,-0.015783216,-0.019467002,-0.023592361,-0.028085958,-0.032921424000000005,-0.038082999,-0.043492199,-0.049174456,-0.055097941,-0.061176678000000005,-0.067492118,-0.073960002,-0.08053118000000001,-0.08732002400000001,-0.09416426,-0.101168118,-0.108321456,-0.115519263,-0.123234163,-0.130578485,-0.137989746,-0.145571706,-0.153192831,-0.160954073,-0.168727643,-0.17656815,-0.184506646,-0.192463242,-0.200496138,-0.208659634,-0.21681376800000002,-0.217561634],"unit":"A\/cm2"},"power_density":{"value":[-3.494018,-3.664437,-3.35616,-3.041867,-2.707999,-2.364421,-2.026997,-1.676275,-1.327213,-0.97504464,-0.623694322,-0.270951862,0.083410932,0.437753732,0.794192569,1.149075,1.503931,1.854635,2.210145,2.558031,2.914791,3.255927,3.610789,3.93792,4.276201,4.606476,4.923127,5.230775,5.530731,5.799776,6.061485,6.290947,6.487046,6.635058,6.735134,6.779044,6.740218,6.571189,6.478015,6.183745,5.793681,5.305192,4.723134,4.097051,3.399118,2.687987,1.995012,1.390321,0.912604501,0.570431646,0.350746656,0.23636822,0.150494167,0.085976057,0.033387803,-0.017547639,-0.072635713,-0.149637902,-0.254006416,-0.403468061,-0.616858057,-0.915440755,-1.325922,-1.901942,-2.700674,-3.766415,-5.182278,-7.031027,-9.352973,-12.20422,-15.625911,-19.604556,-24.160038,-29.238758,-34.833475,-40.941823,-47.495908,-54.536475,-62.044704,-69.929006,-78.294419,-87.056428,-96.159337,-105.749356,-115.637746,-125.960832,-136.708349,-147.754045,-159.718528,-171.458077,-183.53405,-196.093193,-208.966429,-222.287137,-235.891503,-249.859207,-264.225688,-278.892155,-293.94681,-309.454484,-325.233937,-326.356094],"unit":"mW\/cm2"},"timestamps":{"value":[0.019,0.045,0.069,0.091,0.114,0.135,0.157,0.181,0.204,0.228,0.25,0.275,0.298,0.334,0.359,0.381,0.404,0.428,0.451,0.472,0.498,0.526,0.547,0.568,0.591,0.616,0.638,0.66,0.682,0.703,0.726,0.748,0.77,0.794,0.816,0.839,0.863,0.879,0.912,0.935,0.957,0.979,1.001,1.024,1.046,1.069,1.092,1.113,1.136,1.158,1.182,1.219,1.252,1.274,1.297,1.319,1.34,1.361,1.385,1.407,1.428,1.45,1.479,1.502,1.523,1.546,1.569,1.593,1.615,1.638,1.66,1.683,1.705,1.728,1.753,1.775,1.799,1.822,1.844,1.866,1.889,1.913,1.934,1.958,1.979,2.002,2.026,2.049,2.087,2.112,2.134,2.158,2.181,2.205,2.227,2.25,2.272,2.294,2.315,2.339,2.361,2.383],"unit":"s"},"p_max":{"unit":"mW","value":0.647398733},"v_p_max":{"unit":"V","value":0.395026445},"i_p_max":{"unit":"mA","value":1.638874},"j_p_max":{"unit":"mA\/cm2","value":17.160989},"voc":{"unit":"V","value":0.729275784},"isc":{"unit":"mA","value":1.990619},"jsc":{"unit":"mA\/cm2","value":20.844178},"fill_factor":{"unit":"%","value":44.59559},"efficiency":{"unit":"%","value":6.779044},"r_s":{"unit":"ohms","value":43.69918},"r_sh":{"unit":"ohms","value":681.310297},"cell_dimension":{"value":0.09550002000204771,"unit":"cm2"},"sweep_direction":{"unit":"","value":"Forward"},"key":"forward21_3cell_231018"},{"V":{"value":[-0.199960232,-0.182973385,-0.165979862,-0.14897275,-0.131969452,-0.114984035,-0.097978354,-0.080971003,-0.06397891,-0.046974421,-0.029978037,-0.012996018,0.004001677,0.021004885,0.038027525,0.055027723,0.072016001,0.089028597,0.106030226,0.123025179,0.140022755,0.157019138,0.174026251,0.191026688,0.20801878,0.225013971,0.242035627,0.259031534,0.276020527,0.293013573,0.310039282,0.327033758,0.34401989,0.361042976,0.378041506,0.395025015,0.412049532,0.429045439,0.446054697,0.463012457,0.48004508,0.497053146,0.514033794,0.531054258,0.54805541,0.56504178,0.582031965,0.599061966,0.616053581,0.63305068,0.650057554,0.667041063,0.684036732,0.701028585,0.718044758,0.735041857,0.752041817,0.769057989,0.786040306,0.803020954,0.820035934,0.837067127,0.854045153,0.871035576,0.888062716,0.905046225,0.922040701,0.939067841,0.956062317,0.973048449,0.990033388,1.007067,1.02406,1.041044,1.058078,1.075067,1.092057,1.10904,1.126077,1.143064,1.160036,1.177054,1.19405,1.211054,1.228045,1.245066,1.262066,1.279048,1.296072,1.313067,1.330056,1.347057,1.364076,1.381062,1.398058,1.415084,1.432063,1.449064,1.466094,1.48306,1.500061,1.500063],"unit":"V"},"I":{"value":[0.001109034,0.0018236790000000001,0.001846015,0.0018646720000000002,0.0018759669999999999,0.0018885879999999999,0.0018977520000000002,0.001903996,0.001909196,0.0019125190000000001,0.0019172430000000001,0.00191398,0.0019166769999999999,0.0019119679999999998,0.0019162600000000001,0.0019078699999999999,0.0019064840000000002,0.0018976029999999999,0.001893863,0.001881242,0.001870498,0.001857519,0.001840606,0.0018218160000000002,0.001791716,0.0017657130000000001,0.001728609,0.001687199,0.001639634,0.0015803430000000001,0.001519233,0.001457453,0.0013727689999999998,0.001280472,0.0011857299999999999,0.001088157,0.000978305936,0.000869080424,0.00075507164,0.000641003251,0.000524833798,0.00041179359,0.000304371119,0.000213250518,0.00013849139199999998,8.4325671e-5,5.0202012e-5,2.9399991000000002e-5,1.7687678e-5,1.0952353e-5,6.586313e-6,3.3229589999999997e-6,2.83122063e-7,-2.905726e-6,-7.003546e-6,-1.3098121e-5,-2.1144748000000002e-5,-3.272295e-5,-4.8741698e-5,-7.0869923e-5,-0.000101044774,-0.000141113997,-0.000194177032,-0.000263378024,-0.000350341201,-0.000458389521,-0.000590577722,-0.000747650862,-0.0009270459410000001,-0.0011326069999999999,-0.0013626959999999998,-0.001614645,-0.001887739,-0.0021794289999999997,-0.0024853939999999997,-0.002807453,-0.003139973,-0.0034847109999999997,-0.003844291,-0.004210725,-0.004583403,-0.004963025,-0.00535138,-0.005746111,-0.006143689,-0.006549864999999999,-0.006953612,-0.00736472,-0.007783651,-0.008206129000000001,-0.008642331,-0.00908041,-0.009522705999999999,-0.009964541,-0.010409683,-0.010837287,-0.011290416000000001,-0.011729389,-0.012203053,-0.012674764,-0.013162076,-0.013206527],"unit":"A"},"resistance":{"value":[-180.301293,-100.332034,-89.912499,-79.892213,-70.347435,-60.883597,-51.628632,-42.526879,-33.510911,-24.56154,-15.636013,-6.79005,2.087821,10.986003,19.844663,28.842488,37.774241,46.916338,55.986215,65.395729,74.85854,84.531639,94.548328,104.855096,116.100333,127.435183,140.017551,153.527564,168.34273,185.411419,204.076191,224.387208,250.602811,281.960922,318.825933,363.021979,421.186785,493.677486,590.744869,722.324662,914.66114,1207.044,1688.839,2490.284,3957.325,6700.709,11593.798,20376.264,34829.533,57800.424,98698.244,200737.076,2416049,-241257.6,-102525.889,-56118.116,-35566.365,-23502.098,-16126.65,-11330.913,-8115.57,-5931.85,-4398.281,-3307.169,-2534.851,-1974.404,-1561.252,-1256.025,-1031.3,-859.122408,-726.525342,-623.708224,-542.479997,-477.668246,-425.718356,-382.933192,-347.791951,-318.258682,-292.922004,-271.464811,-253.094962,-237.164596,-223.12935,-210.760598,-199.887304,-190.090282,-181.497854,-173.672312,-166.512114,-160.010488,-153.900117,-148.347582,-143.244563,-138.597686,-134.303604,-130.575477,-126.838824,-123.54134,-120.141599,-117.008896,-113.968436,-113.584953],"unit":"ohms"},"conductance":{"value":[-0.005546272,-0.009966906,-0.011121924,-0.012516864,-0.014215159,-0.016424785,-0.019369098,-0.02351454,-0.029841027,-0.040714059,-0.063954922,-0.147274316,0.478968378,0.091024919,0.050391382,0.034671072,0.026473066,0.021314536,0.01786154,0.015291518,0.013358529,0.01182989,0.010576602,0.009536971,0.00861324,0.007847126,0.007141962,0.006513488,0.005940262,0.005393411,0.004900131,0.004456582,0.003990378,0.003546591,0.003136508,0.002754654,0.002374244,0.002025614,0.001692778,0.001384419,0.001093301,0.000828469938,0.000592122778,0.000401560696,0.000252695967,0.00014923794,8.6253015e-5,4.9076711e-5,2.8711266e-5,1.7300911e-5,1.0131892e-5,4.981641e-6,4.13898917e-7,-4.144947e-6,-9.753634e-6,-1.7819558e-5,-2.8116452e-5,-4.2549392e-5,-6.2009159e-5,-8.8254139e-5,-0.000123219934,-0.000168581458,-0.000227361552,-0.000302373441,-0.000394500517,-0.000506481888,-0.000640511553,-0.000796162779,-0.000969650121,-0.001163978,-0.001376414,-0.001603314,-0.001843386,-0.002093503,-0.002348971,-0.002611422,-0.002875282,-0.003142098,-0.003413878,-0.003683719,-0.003951086,-0.004216481,-0.004481705,-0.00474472,-0.005002819,-0.005260658,-0.005509707,-0.00575797,-0.006005569,-0.00624959,-0.006497721,-0.006740926,-0.006981068,-0.007215128,-0.007445817,-0.007658406,-0.007884021,-0.008094456,-0.008323512,-0.008546359,-0.008774359,-0.008803983],"unit":"S"},"power":{"value":[-0.22176266,-0.333684649,-0.306401391,-0.277785272,-0.247570309,-0.217157478,-0.185938644,-0.154168455,-0.122148304,-0.089839488,-0.057475181,-0.024874114,0.007669921,0.040160669,0.072870607,0.104985752,0.137297379,0.168940957,0.20080673,0.231440109,0.261912291,0.291666056,0.320313819,0.34801547,0.372710497,0.397310116,0.418385013,0.437037714,0.452572743,0.463061846,0.471021905,0.476636258,0.472260004,0.462305307,0.448255192,0.429849352,0.403110503,0.372874992,0.336803252,0.29679249,0.251943883,0.204683299,0.156457041,0.113247596,0.075900957,0.047647527,0.029219176,0.017612416,0.010896558,0.006933395,0.004281483,0.00221655,0.00019366589,-0.002036997,-0.005028859,-0.009627667,-0.015901735,-0.025165846,-0.038312939,-0.056910033,-0.082860346,-0.118121888,-0.165835953,-0.229411629,-0.311124958,-0.414863705,-0.544536696,-0.70209488,-0.886313691,-1.102082,-1.349115,-1.626057,-1.933159,-2.268881,-2.629741,-3.0182,-3.42903,-3.864682,-4.328969,-4.813128,-5.316915,-5.841749,-6.389814,-6.95885,-7.54473,-8.155012,-8.775915,-9.41983,-10.088174,-10.775195,-11.494781,-12.231829,-12.989694,-13.761651,-14.55334,-15.33567,-16.168588,-16.996642,-17.890825,-18.797437,-19.743921,-19.810618],"unit":"mW"},"J":{"value":[0.01161292,0.019096111,0.019330005,0.019525358,0.019643630999999998,0.019775791,0.019871752,0.01993713,0.019991585,0.02002638,0.020075843,0.020041672,0.020069914,0.020020607,0.020065545,0.019977698,0.019963187,0.019870191,0.019831026999999998,0.019698867,0.019586367,0.019450462,0.019273364999999997,0.019076607,0.01876142,0.018489142,0.018100619999999998,0.017667004,0.017168945999999997,0.016548091,0.015908199,0.015261286,0.014374549,0.01340808,0.012416022,0.011394317,0.010244040999999999,0.009100319,0.007906508999999999,0.006712076,0.005495642,0.004311975,0.003187132,0.0022329900000000002,0.001450172,0.000882991321,0.000525675519,0.00030785330900000003,0.000185211291,0.00011468433,6.8966631e-5,3.4795382e-5,2.9646289999999997e-6,-3.0426455e-5,-7.3335558e-5,-0.000137153096,-0.000221410971,-0.000342648691,-0.0005103842750000001,-0.000742093431,-0.00105806,-0.001477633,-0.002033267,-0.002757885,-0.003668494,-0.00479989,-0.00618406,-0.007828805,-0.009707287,-0.011859764,-0.014269071,-0.016907279,-0.019766897,-0.022821245,-0.026025073,-0.029397416,-0.032879294999999996,-0.036489121,-0.040254356,-0.044091366,-0.047993754,-0.051968853,-0.056035388,-0.060168703999999996,-0.064331824,-0.068584974,-0.072812691,-0.077117488,-0.081504203,-0.085928053,-0.09049561,-0.095082827,-0.099714202,-0.104340739,-0.10900191599999999,-0.113479442,-0.118224253,-0.12282083199999999,-0.127780656,-0.13272004,-0.13782279,-0.138288237],"unit":"A\/cm2"},"power_density":{"value":[-2.322122,-3.49408,-3.208392,-2.908746,-2.592359,-2.2739,-1.947002,-1.614329,-1.27904,-0.940727619,-0.601834361,-0.260461925,0.080313313,0.420530562,0.763043005,1.099327,1.437669,1.769015,2.102688,2.423457,2.742537,3.054095,3.354071,3.644141,3.902728,4.160315,4.380995,4.576311,4.738982,4.848815,4.932167,4.990956,4.945131,4.840893,4.693772,4.50104,4.221052,3.90445,3.526736,3.107775,2.638156,2.143281,1.638294,1.185839,0.794774416,0.498926988,0.305959955,0.184423209,0.114100079,0.072600993,0.044832279,0.023209948,0.002027915,-0.021329815,-0.052658213,-0.100813267,-0.166510309,-0.263516713,-0.401182612,-0.595916575,-0.867647599,-1.236878,-1.736502,-2.402216,-3.257853,-4.344123,-5.701955,-7.351779,-9.280772,-11.540125,-14.126857,-17.02677,-20.242499,-23.757921,-27.536559,-31.604194,-35.906072,-40.467878,-45.329521,-50.399243,-55.674498,-61.170142,-66.909045,-72.867541,-79.002404,-85.392798,-91.894396,-98.636966,-105.635335,-112.829267,-120.364203,-128.081975,-136.017739,-144.101058,-152.390994,-160.58293,-169.30459,-177.975306,-187.338486,-196.831798,-206.74263,-207.441027],"unit":"mW\/cm2"},"timestamps":{"value":[0.019,0.044,0.067,0.09,0.113,0.136,0.159,0.183,0.205,0.227,0.25,0.274,0.297,0.32,0.345,0.366,0.391,0.413,0.434,0.457,0.479,0.504,0.528,0.552,0.572,0.597,0.621,0.642,0.669,0.69,0.715,0.744,0.766,0.788,0.81,0.836,0.858,0.882,0.907,0.932,0.956,0.979,1.001,1.025,1.048,1.071,1.094,1.117,1.139,1.163,1.186,1.208,1.231,1.253,1.274,1.297,1.319,1.344,1.366,1.39,1.413,1.44,1.463,1.484,1.508,1.53,1.553,1.575,1.612,1.636,1.657,1.679,1.701,1.723,1.746,1.772,1.794,1.817,1.843,1.866,1.888,1.911,1.932,1.954,1.977,2.001,2.025,2.054,2.076,2.098,2.12,2.142,2.174,2.197,2.22,2.243,2.265,2.288,2.31,2.332,2.353,2.374],"unit":"s"},"p_max":{"unit":"mW","value":0.476636258},"v_p_max":{"unit":"V","value":0.327033758},"i_p_max":{"unit":"mA","value":1.457453},"j_p_max":{"unit":"mA\/cm2","value":15.261286},"voc":{"unit":"V","value":0.685545354},"isc":{"unit":"mA","value":1.916042},"jsc":{"unit":"mA\/cm2","value":20.063265},"fill_factor":{"unit":"%","value":36.286569},"efficiency":{"unit":"%","value":4.990956},"r_s":{"unit":"ohms","value":73.005971},"r_sh":{"unit":"ohms","value":159.143739},"cell_dimension":{"value":0.09550001205553814,"unit":"cm2"},"sweep_direction":{"unit":"","value":"Forward"},"key":"forward21_2cell_231018"},{"V":{"value":[-0.199962854,-0.182974815,-0.165978432,-0.148975372,-0.131970882,-0.114979982,-0.097978354,-0.080972433,-0.063976049,-0.046975851,-0.029975414,-0.013000101,0.004004359,0.021002054,0.038024664,0.055027723,0.072017193,0.089016199,0.106027603,0.123015642,0.140035152,0.157019138,0.174026251,0.191030741,0.208013296,0.22501111,0.242037058,0.259031534,0.276019096,0.293014765,0.310042143,0.327030897,0.34402132,0.36104846,0.378038883,0.395027876,0.412048101,0.429049492,0.446039677,0.46301651,0.480047703,0.497055769,0.514042139,0.531059742,0.548051357,0.565044403,0.582034826,0.599059105,0.616049528,0.633044004,0.650052071,0.667039633,0.684031248,0.701034069,0.718046188,0.735037804,0.752036333,0.76905942,0.78604579,0.803053856,0.82002902,0.837053537,0.854045153,0.871034145,0.888062716,0.905040741,0.922042131,0.939063787,0.956059456,0.973048449,0.990033388,1.007066,1.024062,1.041039,1.058075,1.07507,1.092052,1.10904,1.126076,1.143042,1.160053,1.17707,1.194065,1.211054,1.22804,1.245064,1.262063,1.279053,1.296072,1.313064,1.330058,1.347057,1.364074,1.381059,1.398062,1.41508,1.432067,1.449064,1.466093,1.483073,1.500059,1.500061],"unit":"V"},"I":{"value":[0.00150162,0.0017861720000000002,0.001793861,0.001795664,0.001795039,0.00179553,0.001788035,0.001784369,0.0017771570000000001,0.001765981,0.001758426,0.001749545,0.0017327669999999999,0.001713142,0.001694769,0.001671121,0.001643449,0.001612023,0.001577348,0.001535252,0.0014886559999999999,0.0014487060000000001,0.001394197,0.001329631,0.001261115,0.001188725,0.0011111200000000002,0.001024574,0.000934556127,0.000853970647,0.000776782632,0.000676780939,0.0005736649040000001,0.000471994281,0.00037766993,0.000307843089,0.000245779753,0.000172957778,0.000115260482,7.2464347e-5,4.5567750999999994e-5,2.7254224e-5,1.6987324e-5,1.1235475999999999e-5,8.255243000000001e-6,6.243587e-6,5.125999e-6,4.574656e-6,4.783273e-6,3.5315749999999997e-6,2.637506e-6,1.5944240000000002e-6,2.83122063e-7,-1.5199180000000001e-6,-3.948808e-6,-7.480383000000001e-6,-1.3098121e-5,-2.1219254e-5,-3.272295e-5,-4.8816204e-5,-7.1421266e-5,-0.000102773309,-0.00014521181599999998,-0.000202909112,-0.00027795136,-0.00037594139599999996,-0.000497922301,-0.0006477832789999999,-0.000825867057,-0.001029685,-0.001262292,-0.0015185329999999999,-0.001797736,-0.002099812,-0.002418399,-0.002754673,-0.0031073840000000004,-0.0034717470000000003,-0.003853649,-0.0042454,-0.004650608,-0.0050646219999999995,-0.005489035999999999,-0.0059250299999999995,-0.006373434999999999,-0.006837517,-0.0073117320000000005,-0.007800639000000001,-0.008274853,-0.008753836,-0.009238794,-0.009732708000000001,-0.010230556,-0.01072064,-0.01123029,-0.011751652,-0.012272671,-0.012797445,-0.013331144999999999,-0.013864993999999999,-0.014408693,-0.014474154000000001],"unit":"A"},"resistance":{"value":[-133.164768,-102.439617,-92.525784,-82.963927,-73.519803,-64.036781,-54.796663,-45.37874,-35.999094,-26.600424,-17.046726,-7.43056,2.310963,12.259379,22.436492,32.928638,43.820763,55.220196,67.218924,80.127343,94.068187,108.385801,124.821821,143.672039,164.943946,189.287738,217.831612,252.818756,295.3478,343.120417,399.136297,483.215289,599.690374,764.942447,1000.977,1283.212,1676.493,2480.66,3869.84,6389.577,10534.812,18237.752,30260.337,47266.334,66388.274,90499.971,113545.628,130951.713,128792.474,179252.591,246464.723,418357.682,2416029,-461231.373,-181838.732,-98262.056,-57415.59,-36243.472,-24021.239,-16450.559,-11481.581,-8144.659,-5881.375,-4292.731,-3195.029,-2407.398,-1851.779,-1449.657,-1157.643,-944.996107,-784.313914,-663.183648,-569.639866,-495.777002,-437.510623,-390.271195,-351.437672,-319.447106,-292.210383,-269.242411,-249.441116,-232.410332,-217.536332,-204.396256,-192.681016,-182.093075,-172.607954,-163.967755,-156.627823,-149.998706,-143.964491,-138.405141,-133.333364,-128.822473,-124.490285,-120.415378,-116.687509,-113.230765,-109.975029,-106.965247,-104.107894,-103.637237],"unit":"ohms"},"conductance":{"value":[-0.007509494,-0.009761848,-0.010807798,-0.012053431,-0.013601778,-0.015616025,-0.018249286,-0.022036751,-0.027778477,-0.037593386,-0.058662289,-0.134579366,0.432720074,0.081570202,0.044570247,0.030368702,0.022820232,0.018109316,0.014876763,0.012480134,0.010630587,0.009226301,0.00801142,0.006960297,0.006062666,0.005282962,0.004590702,0.003955403,0.003385839,0.002914429,0.00250541,0.002069471,0.001667527,0.001307288,0.000999024035,0.000779294596,0.000596483158,0.000403118478,0.000258408585,0.000156504888,9.4923381e-5,5.483132e-5,3.3046559e-5,2.1156707e-5,1.5062901e-5,1.1049727e-5,8.807032e-6,7.636403e-6,7.764429e-6,5.57872e-6,4.057376e-6,2.390299e-6,4.13902235e-7,-2.168109e-6,-5.499378e-6,-1.0176868e-5,-1.7416872e-5,-2.7591176e-5,-4.1629827e-5,-6.0788207e-5,-8.7096022e-5,-0.000122779851,-0.000170028265,-0.000232951961,-0.000312986183,-0.000415386157,-0.000540021203,-0.000689818187,-0.000863823951,-0.001058205,-0.001275,-0.001507878,-0.001755495,-0.002017036,-0.002285659,-0.002562321,-0.002845455,-0.003130409,-0.003422192,-0.003714125,-0.004008962,-0.004302735,-0.004596933,-0.004892458,-0.005189925,-0.005491697,-0.005793476,-0.00609876,-0.006384562,-0.006666724,-0.006946157,-0.007225165,-0.007499998,-0.007762621,-0.008032755,-0.008304587,-0.008569898,-0.008831522,-0.009092973,-0.009348831,-0.00960542,-0.009649042],"unit":"S"},"power":{"value":[-0.300268185,-0.326824563,-0.2977423,-0.267509777,-0.236892825,-0.206450044,-0.175188729,-0.144484728,-0.113695496,-0.082958475,-0.052709561,-0.022744266,0.00693862,0.035979497,0.064443009,0.091957958,0.118356588,0.143496118,0.167242377,0.188859978,0.208464143,0.227474535,0.242626937,0.254000321,0.262328703,0.267476385,0.268932212,0.265396986,0.257955338,0.250226008,0.240835352,0.221328278,0.197352958,0.170412808,0.142773919,0.121606602,0.10127308,0.074207447,0.051410748,0.033552189,0.021874694,0.013546869,0.0087322,0.005966709,0.004524297,0.003527904,0.00298351,0.00274049,0.002946733,0.002235643,0.001714516,0.001063544,0.000193664338,-0.001065515,-0.002835426,-0.005498364,-0.009850263,-0.016318867,-0.025721737,-0.039202041,-0.05856751,-0.086026762,-0.124017447,-0.176740765,-0.246838239,-0.340242279,-0.45910534,-0.60830982,-0.789578009,-1.001934,-1.249711,-1.529263,-1.840993,-2.185985,-2.558848,-2.961466,-3.393424,-3.850305,-4.339502,-4.85267,-5.39495,-5.961416,-6.554266,-7.17553,-7.826833,-8.51315,-9.227866,-9.977432,-10.724808,-11.494348,-12.288136,-13.110512,-13.95524,-14.805841,-15.700642,-16.629523,-17.575292,-18.544323,-19.544699,-20.562792,-21.613884,-21.712117],"unit":"mW"},"J":{"value":[0.015723768,0.018703375999999997,0.018783888999999998,0.018802769,0.018796216,0.018801365,0.01872288,0.018684496,0.018608976,0.018491951,0.018412842000000002,0.018319845999999997,0.018144153,0.017938658,0.017746269000000002,0.017498643999999997,0.017208891,0.016879817,0.016516728,0.016075934,0.015588019,0.015169694,0.014598924999999999,0.013922834,0.013205393000000001,0.012447385,0.011634764,0.010728524,0.009785928000000001,0.008942101,0.008133850000000001,0.007086711,0.006006961999999999,0.004942348,0.003954659,0.003223488,0.00257361,0.001811076,0.0012069160000000002,0.0007587889730000001,0.000477149224,0.000285384543,0.00017787773600000002,0.000117648959,8.644233799999999e-5,6.537787e-5,5.3675386999999995e-5,4.7902162e-5,5.0086626e-5,3.6979845e-5,2.7617859000000003e-5,1.6695542e-5,2.9646289999999997e-6,-1.5915375999999998e-5,-4.1348771999999996e-5,-7.8328617e-5,-0.000137153096,-0.00022219113700000002,-0.000342648691,-0.000511164441,-0.000747866656,-0.00107616,-0.001520543,-0.002124703,-0.002910485,-0.003936559,-0.005213846,-0.006783071,-0.008647823,-0.010782043,-0.01321772,-0.015900865,-0.018824457,-0.021987561,-0.025323547999999998,-0.028844747,-0.032538051000000005,-0.036353372,-0.040352345,-0.044454455000000004,-0.048697462999999996,-0.053032687,-0.057476821000000004,-0.062042194,-0.06673754200000001,-0.071597037,-0.076562634,-0.08168208,-0.086647678,-0.091663206,-0.096741303,-0.10191317600000001,-0.10712624200000001,-0.112258015,-0.11759465899999999,-0.123053945,-0.128509643,-0.13400466,-0.139593142,-0.14518318400000002,-0.15087636399999999,-0.151561817],"unit":"A\/cm2"},"power_density":{"value":[-3.144169,-3.422247,-3.11772,-2.801149,-2.480553,-2.161781,-1.834437,-1.512929,-1.190529,-0.868675134,-0.551932572,-0.238159851,0.072655708,0.376748659,0.674795906,0.962910553,1.239336,1.502577,1.751229,1.977591,2.182871,2.381932,2.540596,2.659689,2.746897,2.8008,2.816044,2.779026,2.701103,2.620168,2.521836,2.317574,2.066523,1.784427,1.495015,1.273368,1.060451,0.777041327,0.53833244,0.351331822,0.229054389,0.141852033,0.091436652,0.062478626,0.047374841,0.036941399,0.031240945,0.028696226,0.030855842,0.023409869,0.017953046,0.011136588,0.002027899,-0.011157221,-0.029690328,-0.057574495,-0.103144112,-0.170878187,-0.269337561,-0.410492575,-0.613272361,-0.900803787,-1.298612,-1.850689,-2.584694,-3.562746,-4.807386,-6.369736,-8.267833,-10.491451,-13.085984,-16.013221,-19.27741,-22.889897,-26.794218,-31.010113,-35.533235,-40.317327,-45.439816,-50.813302,-56.491627,-62.423204,-68.631052,-75.136438,-81.95637,-89.142929,-96.62687,-104.475727,-112.30165,-120.359665,-128.671577,-137.282844,-146.128172,-155.034988,-164.404623,-174.131127,-184.034469,-194.181395,-204.656537,-215.31719,-226.323394,-227.352012],"unit":"mW\/cm2"},"timestamps":{"value":[0.02,0.046,0.071,0.094,0.116,0.14,0.161,0.183,0.205,0.229,0.251,0.281,0.304,0.325,0.351,0.373,0.396,0.42,0.443,0.465,0.488,0.519,0.546,0.569,0.594,0.619,0.644,0.665,0.688,0.718,0.752,0.775,0.797,0.818,0.841,0.875,0.912,0.936,0.959,0.981,1.006,1.028,1.05,1.071,1.093,1.116,1.137,1.161,1.196,1.22,1.242,1.265,1.29,1.318,1.369,1.391,1.423,1.444,1.466,1.488,1.51,1.531,1.555,1.576,1.604,1.626,1.65,1.674,1.695,1.719,1.741,1.765,1.787,1.809,1.833,1.856,1.88,1.903,1.925,1.95,1.974,1.998,2.021,2.045,2.072,2.105,2.14,2.185,2.208,2.231,2.254,2.277,2.301,2.316,2.338,2.361,2.384,2.406,2.428,2.452,2.475,2.496],"unit":"s"},"p_max":{"unit":"mW","value":0.268932212},"v_p_max":{"unit":"V","value":0.242037058},"i_p_max":{"unit":"mA","value":1.11112},"j_p_max":{"unit":"mA\/cm2","value":11.634764},"voc":{"unit":"V","value":0.686701113},"isc":{"unit":"mA","value":1.736718},"jsc":{"unit":"mA\/cm2","value":18.185527},"fill_factor":{"unit":"%","value":22.549962},"efficiency":{"unit":"%","value":2.816044},"r_s":{"unit":"ohms","value":71.360791},"r_sh":{"unit":"ohms","value":573.312876},"cell_dimension":{"value":0.09550000992128604,"unit":"cm2"},"sweep_direction":{"unit":"","value":"Forward"},"key":"forward21_1cell_231018"}]}}