{"_id":"652fd26d956f56119d54636d","id":"KAIST-SC-00038","author":105,"group":12,"input":[{"tco":{"unit":"","value":"ITO"}},{"etl":[{"material":{"unit":"","value":"SnO2"},"concentration":{"unit":"","value":"5"},"conc_unit":{"unit":"","value":"wt%"},"quantity":{"unit":"ml","value":"0.4"}}],"solvent":[{"material":{"unit":"","value":"DI Water"},"volume":{"unit":"ml","value":"0.8"}}],"spin_coating":[{"type":{"unit":"","value":"drop&run"},"rpm":{"unit":"","value":"4000"},"time":{"unit":"s","value":"30"}}],"annealing":[{"temperature":{"unit":"oC","value":"150"},"time":{"unit":"m","value":"30"}}]},{"perovskite":{"method":{"unit":"","value":"1-step"},"molarity":{"unit":"M","value":"1.8"},"a_site":[{"material":{"unit":"","value":"FA"},"ratio":{"unit":"","value":"100"}}],"b_site":[{"material":{"unit":"","value":"Pb"},"ratio":{"unit":"","value":"100"}}],"x_site":[{"material":{"unit":"","value":"I"},"ratio":{"unit":"","value":"100"}}],"solvent":[{"material":{"unit":"","value":"DMF"},"volume":{"unit":"ml","value":"0.8"}},{"material":{"unit":"","value":"DMSO"},"volume":{"unit":"ml","value":"0.1"}}],"additive":[{"material":{"unit":"","value":"MACl"},"solvent":{"unit":"","value":"None"},"concentration":{"unit":"","value":"47.62"},"conc_unit":{"unit":"","value":"mg\/ml"},"quantity":{"unit":"mol%","value":"35"}}],"stirring_time":[{"unit":"m","value":"20"}],"antisolvent":[{"material":{"unit":"","value":"DEE"},"quantity":{"unit":"ul","value":"1000"},"dripping_time":{"unit":"s","value":"28"}}],"spin_coating":[{"type":{"unit":"","value":"drop&run"},"rpm":{"unit":"","value":"5000"},"time":{"unit":"s","value":"15"}}],"annealing":[{"temperature":{"unit":"oC","value":"100"},"time":{"unit":"m","value":"30"}}],"atmosphere":[{"type":{"unit":"","value":"Air"},"temperature":{"unit":"oC","value":"22"},"humidity":{"unit":"RH%","value":"19"}}]}},{"perovskite_treatment":[{"material":{"unit":"","value":"OAI"},"concentration":{"unit":"","value":"2.5"},"conc_unit":{"unit":"","value":"mg\/ml"},"quantity":{"unit":"ml","value":"0.4"}}],"solvent":[{"material":{"unit":"","value":"CF"},"volume":{"unit":"ml","value":"0.8"}}],"spin_coating":[{"type":{"unit":"","value":"drop&run"},"rpm":{"unit":"","value":"5000"},"time":{"unit":"s","value":"5"}}],"annealing":[{"temperature":{"unit":"oC","value":"100"},"time":{"unit":"m","value":"3"}}]},{"htl":[{"material":{"unit":"","value":"Spiro-OMeTAD"},"concentration":{"unit":"","value":"91"},"conc_unit":{"unit":"","value":"mg\/ml"},"quantity":{"unit":"ml","value":"0.08"}}],"solvent":[{"material":{"unit":"","value":"CB"},"volume":{"unit":"ml","value":"1.1"}}],"htl_doping":[{"material":{"unit":"","value":"tBP"},"volume":{"unit":"ul","value":"39"}},{"material":{"unit":"","value":"Li-TFSI"},"volume":{"unit":"ul","value":"23"}},{"material":{"unit":"","value":"Co-TFSI"},"volume":{"unit":"ul","value":"10"}}],"spin_coating":[{"type":{"unit":"","value":"dynamic"},"rpm":{"unit":"","value":"2000"},"time":{"unit":"s","value":"30"}}]},{"anode_metal":{"unit":"","value":"Au"}},{"note":{"unit":"","value":"-"},"ar":{"unit":"","value":"0"},"type":{"unit":"","value":"unit_cell"},"device_type":{"unit":"","value":"n-i-p"},"temperature":{"unit":"oC","value":"22"},"humidity":{"unit":"%","value":"19"},"cell_dimension":{"unit":"cm2","value":"0.0955"}}],"fileinfo":[{"key":"forward11_2cell_231018","uploadType":"JV","original_name":"forward11_2cell_231018.csv","save_name":"KAIST-SC-00038\/forward11_2cell_231018","uploader":105,"fileType":""},{"key":"reverse11_1cell_231018","uploadType":"JV","original_name":"reverse11_1cell_231018.csv","save_name":"KAIST-SC-00038\/reverse11_1cell_231018","uploader":105,"fileType":""},{"key":"forward11_1cell_231018","uploadType":"JV","original_name":"forward11_1cell_231018.csv","save_name":"KAIST-SC-00038\/forward11_1cell_231018","uploader":105,"fileType":""},{"key":"reverse11_4cell_231018","uploadType":"JV","original_name":"reverse11_4cell_231018.csv","save_name":"KAIST-SC-00038\/reverse11_4cell_231018","uploader":105,"fileType":""},{"key":"forward11_4cell_231018","uploadType":"JV","original_name":"forward11_4cell_231018.csv","save_name":"KAIST-SC-00038\/forward11_4cell_231018","uploader":105,"fileType":""},{"key":"reverse11_3cell_231018","uploadType":"JV","original_name":"reverse11_3cell_231018.csv","save_name":"KAIST-SC-00038\/reverse11_3cell_231018","uploader":105,"fileType":""},{"key":"forward11_3cell_231018","uploadType":"JV","original_name":"forward11_3cell_231018.csv","save_name":"KAIST-SC-00038\/forward11_3cell_231018","uploader":105,"fileType":""},{"key":"reverse11_2cell_231018","uploadType":"JV","original_name":"reverse11_2cell_231018.csv","save_name":"KAIST-SC-00038\/reverse11_2cell_231018","uploader":105,"fileType":""}],"jvcnt":8,"updated_at":"2024-08-19 05:09:03","created_at":"2023-10-18 12:41:17","analysisInfo":{"JV":[{"efficiency":1.291506,"fill_factor":37.851395,"jsc":3.377552,"voc":1.010212,"key":"reverse11_4cell_231018","cell_dimension":0.09549999283025079},{"efficiency":1.313041,"fill_factor":34.284867,"jsc":3.768908,"voc":1.016156,"key":"reverse11_3cell_231018","cell_dimension":0.09550000433400335},{"efficiency":1.861304,"fill_factor":37.793573,"jsc":4.837325,"voc":1.018108,"key":"reverse11_2cell_231018","cell_dimension":0.09550000512127658},{"efficiency":1.835205,"fill_factor":34.568429,"jsc":5.284708,"voc":1.004578,"key":"reverse11_1cell_231018","cell_dimension":0.09550000738401385},{"efficiency":0.657860379,"fill_factor":23.372212,"jsc":2.998984,"voc":0.938555228,"key":"forward11_4cell_231018","cell_dimension":0.0954999945841701},{"efficiency":0.669255539,"fill_factor":19.671215,"jsc":3.678997,"voc":0.924764983,"key":"forward11_3cell_231018","cell_dimension":0.09549999728853083},{"efficiency":1.12353,"fill_factor":23.189821,"jsc":5.084319,"voc":0.952915438,"key":"forward11_2cell_231018","cell_dimension":0.09549999717188805},{"efficiency":0.977549935,"fill_factor":19.525021,"jsc":5.330016,"voc":0.939331484,"key":"forward11_1cell_231018","cell_dimension":0.0954999945666069}]},"public":2,"tags":[],"analysis":{"JV":[{"V":{"value":[1.500048,1.483052,1.466089,1.44906,1.432058,1.415081,1.398057,1.381054,1.364069,1.347053,1.330063,1.313064,1.296079,1.279045,1.262066,1.245062,1.228037,1.211052,1.194062,1.177066,1.160046,1.143058,1.126069,1.109034,1.092052,1.075066,1.058073,1.041037,1.024056,1.007056,0.990021229,0.973038912,0.95605135,0.939059734,0.922035217,0.905042171,0.888055801,0.871037006,0.854038477,0.837052107,0.820030451,0.803035974,0.786034822,0.769055367,0.752036333,0.735029697,0.718037844,0.701020241,0.684030056,0.66703701,0.650052071,0.633038521,0.616044044,0.59905386,0.582034826,0.56505394,0.548044443,0.531051397,0.514032602,0.497046232,0.480040789,0.463017702,0.446038485,0.429041147,0.412041426,0.395023823,0.378036022,0.361040354,0.344018698,0.327030897,0.310037851,0.293012142,0.276013613,0.259030104,0.24203968,0.225009918,0.208002329,0.191037655,0.174023628,0.157017708,0.140013218,0.123025179,0.106018066,0.089013577,0.07201314,0.055025101,0.038022041,0.021001935,0.004003078,-0.012998402,-0.02998209,-0.046978474,-0.063970566,-0.080976486,-0.097979546,-0.114981413,-0.131961346,-0.148964405,-0.166001797,-0.182978868,-0.199966908,-0.199971199],"unit":"V"},"I":{"value":[-0.003223404,-0.004069254,-0.004264057,-0.004253580999999999,-0.004163146,-0.004007399,-0.0038136389999999997,-0.003596574,-0.003362656,-0.00310947,-0.0028553009999999998,-0.002601489,-0.002348289,-0.002095371,-0.0018502920000000001,-0.001608819,-0.001377404,-0.001141965,-0.000939816237,-0.000754714012,-0.000590994954,-0.000448688865,-0.000330924988,-0.000235915184,-0.00016240775599999998,-0.00010721385499999999,-6.616115599999999e-5,-3.6269426e-5,-1.3664365e-5,3.1143429999999997e-6,1.733005e-5,2.8848648e-5,3.8832426e-5,4.8056245e-5,5.5894256000000004e-5,6.519258e-5,7.4058771e-5,8.265674100000001e-5,9.182095499999999e-5,0.000100553036,0.000108465552,0.000116363168,0.000123158097,0.000130996108,0.000138416886,0.000146329403,0.000153124332,0.000161722302,0.00017066299900000002,0.000177532434,0.00018571317200000002,0.000192865729,0.000198408961,0.00020588934400000001,0.00020152330399999998,0.00021317601199999999,0.000221148133,0.00022739172,0.000231206417,0.00023724138699999999,0.000243619084,0.000249028206,0.00025430321700000005,0.000259295106,0.00026297569300000003,0.00026684999500000003,0.000270247459,0.000274136662,0.000276565552,0.000280305743,0.000282660127,0.000287309289,0.00028987228900000003,0.000293895602,0.000296264887,0.00029791891599999996,0.000297367573,0.00030249357199999997,0.000305756927,0.00030630827,0.000309020281,0.00031089782700000003,0.000312969089,0.000315129757,0.000314846635,0.000317543745,0.000319346786,0.000319421291,0.00032198429099999996,0.00032441318,0.00032635033099999997,0.000329345465,0.000328853726,0.000332951546,0.000335305929,0.000337868929,0.000340223312,0.000344321132,0.000349864364,0.00035540759599999997,0.00036402046700000003,0.00035430491],"unit":"A"},"resistance":{"value":[-465.361323,-364.453064,-343.824879,-340.668341,-343.984537,-353.11707,-366.593797,-383.991515,-405.652368,-433.209778,-465.822228,-504.735513,-551.92492,-610.414485,-682.089957,-773.898005,-891.559479,-1060.498,-1270.527,-1559.619,-1962.869,-2547.552,-3402.793,-4700.986,-6724.135,-10027.301,-15992.353,-28702.882,-74943.581,323360.842,57127.429,33729.099,24619.923,19540.847,16496.064,13882.595,11991.231,10538.003,9301.128,8324.484,7560.285,6901.118,6382.324,5870.826,5433.126,5023.117,4689.247,4334.716,4008.075,3757.268,3500.301,3282.276,3104.92,2909.591,2888.176,2650.645,2478.178,2335.403,2223.263,2095.108,1970.456,1859.298,1753.963,1654.644,1566.842,1480.322,1398.851,1317.009,1243.896,1166.694,1096.857,1019.849,952.190408,881.367743,816.970526,755.272345,699.478853,631.542857,569.156782,512.613349,453.087472,395.709356,338.749322,282.466427,228.724502,173.283529,119.06192,65.749953,12.432525,-40.067429,-91.870873,-142.641933,-194.525896,-243.20802,-292.209404,-340.313663,-387.866854,-432.632189,-474.474722,-514.842313,-549.328749,-564.404256],"unit":"ohms"},"conductance":{"value":[-0.002148868,-0.002743838,-0.002908457,-0.002935406,-0.002907107,-0.002831922,-0.002727815,-0.002604224,-0.002465165,-0.00230835,-0.002146742,-0.001981236,-0.001811841,-0.001638231,-0.001466082,-0.00129216,-0.00112163,-0.0009429529,-0.00078707491,-0.00064118223,-0.000509458267,-0.000392533666,-0.000293876217,-0.000212721315,-0.000148718004,-9.9727732e-5,-6.2529885e-5,-3.4839706e-5,-1.3343371e-5,3.09252e-6,1.7504726e-5,2.964799e-5,4.0617511e-5,5.1174854e-5,6.0620521e-5,7.2032644e-5,8.3394277e-5,9.4894638e-5,0.000107513839,0.00012012757,0.000132270152,0.000144904053,0.00015668275,0.000170333781,0.000184056116,0.000199079579,0.000213253847,0.000230695625,0.000249496345,0.000266150801,0.000285689686,0.000304666656,0.000322069441,0.000343690873,0.000346239254,0.000377266659,0.000403522262,0.000428191548,0.000449789403,0.000477302456,0.000507496634,0.000537837333,0.000570137389,0.00060435953,0.000638226344,0.000675528865,0.000714872244,0.00075929646,0.000803925931,0.000857123121,0.000911695541,0.000980537144,0.00105021,0.0011346,0.001224034,0.001324026,0.001429636,0.001583424,0.001756985,0.001950788,0.002207079,0.002527107,0.002952035,0.003540244,0.004372072,0.005770889,0.008398991,0.015209136,0.080434184,-0.024957928,-0.010884843,-0.007010561,-0.005140704,-0.004111707,-0.003422203,-0.002938466,-0.002578204,-0.002311432,-0.002107594,-0.001942342,-0.001820404,-0.00177178],"unit":"S"},"power":{"value":[-4.83526,-6.034915,-6.251486,-6.163696,-5.961866,-5.670794,-5.331683,-4.967063,-4.586895,-4.18862,-3.797729,-3.415922,-3.043568,-2.680075,-2.33519,-2.003079,-1.691503,-1.38298,-1.122199,-0.88834845,-0.685581251,-0.512877531,-0.372644472,-0.261637975,-0.177357673,-0.115261928,-0.070003304,-0.037757818,-0.013993081,0.003136319,0.017157118,0.028070857,0.037125793,0.045127685,0.051536472,0.059002034,0.065768321,0.07199708,0.078418629,0.08416813,0.088945056,0.09344381,0.096806553,0.10074326,0.104094528,0.107556457,0.109949065,0.113370607,0.116738621,0.118420704,0.120723232,0.122091436,0.122228659,0.123338806,0.117293581,0.120455945,0.121199006,0.120756691,0.118847636,0.117919938,0.116947097,0.115304468,0.113429022,0.11124827,0.108356879,0.105412105,0.102163275,0.098974398,0.095143721,0.091668639,0.087635338,0.08418511,0.080008698,0.076127808,0.071707859,0.067034711,0.061853148,0.057787663,0.05320893,0.048095822,0.043266924,0.038248261,0.033180378,0.028050827,0.022673095,0.017472877,0.012142217,0.006708465,0.001288928,-0.004216853,-0.009784665,-0.015472147,-0.021036959,-0.026961246,-0.032853123,-0.038848647,-0.044896326,-0.051291593,-0.058078113,-0.06503208,-0.072792047,-0.070850778],"unit":"mW"},"J":{"value":[-0.033752924000000004,-0.042609986999999995,-0.044649808,-0.044540117000000004,-0.043593152,-0.041962294,-0.039933396,-0.037660461,-0.035211054,-0.032559895,-0.029898439,-0.027240727,-0.024589411999999998,-0.021941063,-0.019374786,-0.01684627,-0.014423076,-0.011957753,-0.009841008,-0.007902764999999999,-0.0061884290000000005,-0.004698313,-0.003465183,-0.0024703159999999997,-0.001700605,-0.001122658,-0.000692786971,-0.00037978456900000004,-0.000143082354,3.2610918000000006e-5,0.000181466497,0.000302080085,0.00040662226299999996,0.000503206752,0.0005852801640000001,0.0006826448189999999,0.000775484514,0.000865515614,0.0009614759710000001,0.001052911,0.001135765,0.001218462,0.0012896140000000001,0.0013716870000000001,0.0014493910000000002,0.001532245,0.001603396,0.001693427,0.0017870470000000002,0.001858978,0.001944641,0.002019536,0.002077581,0.0021559089999999997,0.002110192,0.0022322099999999997,0.002315687,0.002381065,0.00242101,0.002484203,0.002550985,0.002607625,0.002662861,0.0027151320000000003,0.002753672,0.002794241,0.002829816,0.002870541,0.002895974,0.002935139,0.002959792,0.003008474,0.0030353119999999996,0.0030774409999999998,0.00310225,0.00311957,0.0031137969999999997,0.003167472,0.0032016429999999997,0.003207416,0.003235814,0.0032554750000000003,0.003277163,0.003299788,0.003296823,0.003325065,0.003343945,0.003344726,0.003371563,0.0033969969999999997,0.003417281,0.003448644,0.003443495,0.003486404,0.003511057,0.0035378949999999997,0.003562548,0.003605457,0.003663501,0.003721546,0.003811733,0.003709999],"unit":"A\/cm2"},"power_density":{"value":[-50.630996,-63.192828,-65.460582,-64.541321,-62.427916,-59.380046,-55.829144,-52.011128,-48.030315,-43.859899,-39.766796,-35.768821,-31.869825,-28.063609,-24.452252,-20.974644,-17.712076,-14.481465,-11.750773,-9.302078,-7.178861,-5.370445,-3.902036,-2.739665,-1.857148,-1.206931,-0.733018888,-0.39536982,-0.146524405,0.032841036,0.179655684,0.293935677,0.388751763,0.472541199,0.539648923,0.617822349,0.688673522,0.753896129,0.821137474,0.88134168,0.931361841,0.978469213,1.013681,1.054903,1.089995,1.126246,1.151299,1.187127,1.222394,1.240007,1.264118,1.278444,1.279881,1.291506,1.228205,1.261319,1.2691,1.264468,1.244478,1.234764,1.224577,1.207377,1.187738,1.164903,1.134627,1.103792,1.069773,1.036381,0.996269329,0.959881033,0.917647522,0.881519479,0.83778741,0.797149825,0.750867629,0.701934145,0.647676939,0.605106415,0.557161568,0.503621177,0.453056795,0.400505349,0.347438509,0.293725934,0.237414604,0.182962058,0.12714363,0.070245709,0.01349663,-0.044155528,-0.102457225,-0.162012013,-0.220282293,-0.282316715,-0.344011755,-0.406792113,-0.470118598,-0.537084739,-0.60814778,-0.680964185,-0.762220388,-0.741892959],"unit":"mW\/cm2"},"timestamps":{"value":[0.018,0.043,0.068,0.09,0.114,0.137,0.159,0.181,0.204,0.234,0.257,0.279,0.301,0.323,0.345,0.368,0.39,0.427,0.45,0.474,0.496,0.52,0.543,0.566,0.588,0.61,0.637,0.659,0.681,0.704,0.725,0.748,0.77,0.793,0.82,0.843,0.865,0.888,0.91,0.932,0.953,0.976,0.999,1.021,1.044,1.066,1.092,1.113,1.134,1.156,1.178,1.201,1.225,1.247,1.283,1.306,1.329,1.352,1.381,1.404,1.427,1.448,1.47,1.491,1.513,1.535,1.558,1.58,1.605,1.628,1.653,1.674,1.696,1.717,1.74,1.763,1.788,1.809,1.831,1.856,1.879,1.903,1.927,1.95,1.977,2.001,2.024,2.049,2.073,2.096,2.119,2.142,2.171,2.192,2.216,2.239,2.264,2.286,2.308,2.331,2.351,2.374],"unit":"s"},"p_max":{"unit":"mW","value":0.123338806},"v_p_max":{"unit":"V","value":0.59905386},"i_p_max":{"unit":"mA","value":0.205889344},"j_p_max":{"unit":"mA\/cm2","value":2.155909},"voc":{"unit":"V","value":1.010212},"isc":{"unit":"mA","value":0.322556184},"jsc":{"unit":"mA\/cm2","value":3.377552},"fill_factor":{"unit":"%","value":37.851395},"efficiency":{"unit":"%","value":1.291506},"r_s":{"unit":"ohms","value":149.157095},"r_sh":{"unit":"ohms","value":5637.62},"cell_dimension":{"value":0.09549999283025079,"unit":"cm2"},"sweep_direction":{"unit":"","value":"Reverse"},"key":"reverse11_4cell_231018"},{"V":{"value":[1.500046,1.483059,1.466092,1.449064,1.43206,1.415077,1.398061,1.381054,1.364069,1.34705,1.330053,1.313064,1.296051,1.279051,1.262049,1.245062,1.228037,1.21105,1.194062,1.17707,1.160051,1.143056,1.126072,1.109037,1.092045,1.075064,1.058071,1.041033,1.024052,1.007052,0.990021229,0.973041773,0.956056833,0.939058304,0.922028303,0.905025721,0.888054609,0.871035576,0.854037046,0.837052107,0.820026398,0.803034544,0.786038876,0.769052505,0.75203371,0.735033751,0.718042135,0.701020241,0.684030056,0.66703558,0.650043964,0.633038521,0.616045475,0.599050999,0.582027912,0.56504035,0.5480268,0.531040668,0.514028311,0.497046232,0.480042219,0.463017702,0.446037054,0.429042578,0.412045479,0.395023823,0.378037453,0.361040354,0.344011784,0.327030897,0.310035229,0.293013573,0.276015043,0.259028673,0.242035627,0.225008488,0.208017349,0.191017151,0.174033165,0.157017708,0.140016079,0.123022556,0.106024742,0.089016199,0.072016001,0.055025101,0.038020611,0.02099967,0.004000545,-0.012998283,-0.029976606,-0.046975851,-0.063976049,-0.080976486,-0.097983837,-0.114984035,-0.131973505,-0.148971319,-0.165978432,-0.182978868,-0.199979305,-0.199968338],"unit":"V"},"I":{"value":[-0.004362941,-0.005224541,-0.0053720470000000005,-0.005288124,-0.005099356,-0.004852548,-0.00456281,-0.004259959000000001,-0.003942281,-0.003615573,-0.003291085,-0.002969384,-0.0026513490000000003,-0.002334967,-0.002038375,-0.001749188,-0.001477614,-0.001224622,-0.00099119544,-0.000782385468,-0.0005975067619999999,-0.000444874167,-0.000319972634,-0.00022239983099999998,-0.000148817897,-9.444356e-5,-5.6028366e-5,-2.7671456e-5,-7.212162e-6,8.314848e-6,2.0667911e-5,3.0785798999999996e-5,4.0352345e-5,4.889071e-5,5.2779912999999995e-5,6.3180923e-5,7.2255731e-5,8.1270933e-5,8.939206600000001e-5,9.7081065e-5,0.000105202198,0.000112965703,0.00012011826000000001,0.000127464533,0.00013551115999999998,0.000143766403,0.000152572989,0.000160202384,0.000168859959,0.000176355243,0.000185087323,0.00019265711299999998,0.00020007789100000002,0.00020763278,0.000215053558,0.000221922994,0.00022739172,0.000233978033,0.00024043023599999998,0.000247299671,0.000252842903,0.000257834792,0.00026310980299999997,0.0002694875,0.000275313854,0.00027967989399999997,0.000283360481,0.00028745830100000003,0.000291958451,0.000297576189,0.000300839543,0.000305756927,0.00030590593799999997,0.000311791897,0.000315532088,0.000319495797,0.000319838524,0.000325530767,0.00033114850499999996,0.000333428383,0.000336900353,0.00034113228299999997,0.00034452974800000004,0.000346809626,0.000348553061,0.00035187602,0.000353604555,0.00035417079899999996,0.000359162688,0.000362426043,0.000363871455,0.000365406275,0.000370115042,0.000373035669,0.000377252698,0.000381425023,0.00038599968000000004,0.000391408801,0.000400289893,0.000409156084,0.000421017408,0.000412836671],"unit":"A"},"resistance":{"value":[-343.815459,-283.86393,-272.911149,-274.022408,-280.831625,-291.61523,-306.403462,-324.194193,-346.010145,-372.568932,-404.13806,-442.200811,-488.826892,-547.780953,-619.145015,-711.794183,-831.094805,-988.916929,-1204.669,-1504.463,-1941.487,-2569.391,-3519.276,-4986.68,-7338.13,-11383.139,-18884.562,-37621.187,-141989.653,121114.953,47901.37,31606.838,23692.721,19207.295,17469.303,14324.351,12290.438,10717.677,9553.835,8622.197,7794.765,7108.658,6543.875,6033.463,5549.607,5112.695,4706.221,4375.842,4050.872,3782.341,3512.093,3285.83,3079.028,2885.147,2706.432,2546.11,2410.056,2269.618,2137.952,2009.894,1898.579,1795.792,1695.251,1592.069,1496.639,1412.414,1334.122,1255.975,1178.29,1098.982,1030.567,958.321946,902.287301,830.774231,767.071358,704.261182,650.382408,586.78678,525.544166,470.918842,415.600867,360.630062,307.737555,256.671651,206.614168,156.376387,107.522967,59.292494,11.13853,-35.864649,-82.382407,-128.557866,-172.854497,-217.074379,-259.729984,-301.459077,-341.900556,-380.602886,-414.645572,-447.21043,-474.990585,-484.376394],"unit":"ohms"},"conductance":{"value":[-0.002908537,-0.003522815,-0.003664196,-0.003649337,-0.003560853,-0.003429176,-0.003263671,-0.003084571,-0.002890089,-0.002684067,-0.002474402,-0.002261416,-0.002045714,-0.001825547,-0.001615131,-0.0014049,-0.001203232,-0.001011207,-0.000830103834,-0.000664688775,-0.000515069237,-0.000389197286,-0.000284149314,-0.000200534242,-0.000136274501,-8.7849229e-5,-5.2953307e-5,-2.6580767e-5,-7.042767e-6,8.256619e-6,2.087623e-5,3.1638723e-5,4.2207056e-5,5.2063551e-5,5.7243268e-5,6.9811191e-5,8.1364062e-5,9.3303805e-5,0.00010467001,0.000115979715,0.000128291233,0.000140673529,0.000152814656,0.000165742302,0.000180192933,0.000195591567,0.00021248473,0.000228527473,0.000246860437,0.000264386561,0.00028473047,0.000304337109,0.000324777796,0.000346602844,0.000369490112,0.000392756011,0.000414928102,0.000440602852,0.000467737342,0.000497538569,0.000526709721,0.00055685731,0.000589883286,0.000628113652,0.000668163755,0.000708007665,0.000749556636,0.00079619438,0.000848687357,0.00090993295,0.000970339869,0.001043491,0.001108294,0.001203696,0.00130366,0.001419928,0.001537557,0.001704197,0.00190279,0.002123508,0.002406155,0.002772925,0.003249522,0.003896028,0.004839939,0.006394827,0.009300339,0.016865541,0.08977845,-0.027882609,-0.012138514,-0.007778598,-0.005785213,-0.004606716,-0.003850152,-0.0033172,-0.002924827,-0.00262741,-0.002411698,-0.002236084,-0.002105305,-0.00206451],"unit":"S"},"power":{"value":[-6.544614,-7.748301,-7.875914,-7.662833,-7.302586,-6.866729,-6.379086,-5.883233,-5.377544,-4.870358,-4.377317,-3.898992,-3.436282,-2.986541,-2.572529,-2.177847,-1.814565,-1.483078,-1.183549,-0.92092276,-0.693138523,-0.508515943,-0.360312278,-0.246649571,-0.16251585,-0.101532888,-0.059281997,-0.0288069,-0.007385632,0.008373488,0.02046167,0.029955868,0.038579135,0.045911227,0.048664574,0.057180361,0.064167035,0.070789874,0.076344136,0.08126191,0.086268579,0.090715362,0.094417622,0.098026918,0.10190896,0.105673159,0.109553835,0.112305114,0.115505287,0.117635222,0.120314897,0.121959374,0.12325708,0.124382624,0.125167174,0.125395446,0.124616757,0.124251851,0.123587948,0.12291937,0.121375268,0.119382073,0.117356722,0.115621612,0.113441829,0.110480221,0.107120875,0.103784047,0.100437148,0.097316608,0.093270857,0.089590929,0.084434641,0.080763041,0.076370007,0.071889266,0.066531962,0.06218196,0.057630822,0.05235416,0.047171466,0.041966966,0.036528678,0.030871675,0.025101398,0.019362013,0.013444261,0.00743747,0.001436846,-0.004710916,-0.010907631,-0.017165271,-0.023678498,-0.030207118,-0.036964667,-0.043857788,-0.050941731,-0.058308685,-0.066439489,-0.074866917,-0.084194769,-0.082554263],"unit":"mW"},"J":{"value":[-0.045685244,-0.054707234,-0.056251804999999995,-0.055373027,-0.0533964,-0.050812023000000005,-0.047778115999999995,-0.044606899,-0.041280429,-0.037859404,-0.034461627,-0.031093028,-0.027762814,-0.024449919,-0.021344236,-0.018316102,-0.015472398,-0.012823268,-0.01037901,-0.008192518,-0.006256615,-0.004658368,-0.0033504990000000003,-0.002328794,-0.001558303,-0.000988937797,-0.000586684462,-0.000289753469,-7.5520021e-5,8.706647100000001e-5,0.00021641791199999999,0.00032236438800000003,0.000422537639,0.000511944606,0.000552669246,0.0006615803500000001,0.0007566045089999999,0.0008510045360000001,0.000936042576,0.001016556,0.001101594,0.001182887,0.0012577830000000002,0.001334707,0.0014189650000000001,0.0015054069999999998,0.001597623,0.001677512,0.001768167,0.001846652,0.0019380869999999998,0.0020173519999999996,0.002095056,0.002174165,0.00225187,0.002323801,0.002381065,0.0024500320000000004,0.0025175939999999997,0.002589525,0.00264757,0.002699841,0.002755076,0.002821859,0.0028828680000000002,0.002928585,0.0029671249999999997,0.003010035,0.003057157,0.0031159810000000003,0.003150152,0.0032016429999999997,0.003203204,0.003264837,0.003304001,0.003345506,0.003349094,0.003408699,0.003467524,0.0034913970000000003,0.003527752,0.003572066,0.003607641,0.003631514,0.00364977,0.003684566,0.003702665,0.003708595,0.003760866,0.0037950370000000002,0.003810172,0.003826244,0.00387555,0.003906133,0.0039502899999999995,0.003993979,0.004041881,0.004098521,0.0041915170000000005,0.004284357,0.004408559,0.004322897],"unit":"A\/cm2"},"power_density":{"value":[-68.52999,-81.134039,-82.470301,-80.239087,-76.466874,-71.902924,-66.796711,-61.604533,-56.309363,-50.998517,-45.835785,-40.827139,-35.98201,-31.272683,-26.937481,-22.804675,-19.000683,-15.529613,-12.393181,-9.64317,-7.257995,-5.324774,-3.772903,-2.582718,-1.701737,-1.063172,-0.620753895,-0.301642932,-0.077336457,0.0876805,0.214258327,0.313674015,0.403969997,0.480745833,0.509576687,0.598747233,0.671906122,0.741255226,0.799415037,0.850910054,0.903335911,0.949899076,0.988666202,1.02646,1.06711,1.106525,1.147161,1.17597,1.209479,1.231782,1.259842,1.277062,1.29065,1.302436,1.310651,1.313041,1.304888,1.301067,1.294115,1.287114,1.270945,1.250074,1.228866,1.210698,1.187873,1.156861,1.121685,1.086744,1.051698,1.019022,0.976658185,0.938124915,0.884132364,0.845686297,0.799685937,0.752767185,0.696669758,0.651119997,0.603464109,0.548211104,0.493942057,0.439444665,0.382499243,0.323263609,0.262841859,0.202743596,0.140777604,0.077879266,0.015045511,-0.049328966,-0.114216035,-0.179741055,-0.24794239,-0.316304898,-0.387064575,-0.459243857,-0.533421263,-0.610562151,-0.695701452,-0.783946778,-0.881620616,-0.864442544],"unit":"mW\/cm2"},"timestamps":{"value":[0.018,0.042,0.066,0.089,0.113,0.136,0.158,0.181,0.204,0.229,0.253,0.275,0.299,0.325,0.347,0.37,0.393,0.418,0.441,0.466,0.496,0.517,0.539,0.561,0.584,0.607,0.63,0.651,0.674,0.697,0.719,0.742,0.766,0.789,0.825,0.847,0.869,0.891,0.913,0.937,0.958,0.981,1.004,1.028,1.051,1.074,1.095,1.118,1.14,1.163,1.184,1.207,1.229,1.251,1.273,1.296,1.321,1.345,1.367,1.389,1.412,1.436,1.46,1.483,1.505,1.528,1.552,1.578,1.601,1.624,1.649,1.672,1.701,1.723,1.746,1.769,1.794,1.817,1.838,1.861,1.883,1.904,1.925,1.948,1.973,1.995,2.019,2.042,2.064,2.087,2.109,2.135,2.156,2.18,2.201,2.224,2.247,2.269,2.291,2.314,2.335,2.357],"unit":"s"},"p_max":{"unit":"mW","value":0.125395446},"v_p_max":{"unit":"V","value":0.56504035},"i_p_max":{"unit":"mA","value":0.221922994},"j_p_max":{"unit":"mA\/cm2","value":2.323801},"voc":{"unit":"V","value":1.016156},"isc":{"unit":"mA","value":0.359930694},"jsc":{"unit":"mA\/cm2","value":3.768908},"fill_factor":{"unit":"%","value":34.284867},"efficiency":{"unit":"%","value":1.313041},"r_s":{"unit":"ohms","value":125.073793},"r_sh":{"unit":"ohms","value":4382.591},"cell_dimension":{"value":0.09550000433400335,"unit":"cm2"},"sweep_direction":{"unit":"","value":"Reverse"},"key":"reverse11_3cell_231018"},{"V":{"value":[1.500048,1.483052,1.46609,1.449066,1.432062,1.415081,1.398057,1.381058,1.364069,1.347051,1.330054,1.31306,1.296067,1.279059,1.262064,1.245056,1.228039,1.211055,1.194062,1.177069,1.160054,1.143058,1.126072,1.109031,1.092051,1.075067,1.058069,1.041039,1.024051,1.00705,0.990022421,0.973041773,0.956055403,0.939065218,0.922023058,0.905040741,0.888058662,0.871034145,0.85404253,0.837053537,0.820031881,0.803034544,0.786037445,0.769051313,0.752036333,0.735035181,0.718037844,0.701025724,0.684028625,0.667032719,0.650048017,0.633034468,0.616044044,0.599055052,0.582027912,0.565038919,0.548056841,0.531033754,0.514031172,0.497047663,0.48004365,0.463021994,0.446034193,0.429042578,0.412044048,0.395020962,0.378040314,0.361041784,0.344014406,0.327032328,0.310035229,0.293012142,0.276017666,0.259026051,0.242037058,0.225005865,0.208017349,0.191026688,0.174022198,0.157021761,0.140017271,0.123022556,0.10602212,0.089015007,0.072016001,0.055022478,0.038022041,0.021000385,0.004001677,-0.012997866,-0.029978037,-0.046978474,-0.063976049,-0.080975056,-0.097978354,-0.11497736,-0.131974936,-0.148971319,-0.165978432,-0.182963848,-0.199988842,-0.199968338],"unit":"V"},"I":{"value":[-0.005323917,-0.0063171239999999995,-0.0064511149999999995,-0.0063323830000000005,-0.006090492,-0.005772396999999999,-0.005416766,-0.005039796,-0.004653245,-0.0042651,-0.003875002,-0.0034872740000000003,-0.003113419,-0.002741843,-0.002358824,-0.002025753,-0.001705706,-0.0014122870000000001,-0.001142174,-0.00090174377,-0.000693410635,-0.0005167871710000001,-0.000372543931,-0.000259846449,-0.00017426908,-0.000111505389,-6.5460801e-5,-3.1903386e-5,-6.854534e-6,1.2755394e-5,2.9191374999999998e-5,4.3824315e-5,5.7771802e-5,7.2464347e-5,8.7454915e-5,0.000103533268,0.000120729208,0.000136822462,0.000152572989,0.00016587972600000001,0.000176981091,0.000187173486,0.00019653141499999997,0.000205755234,0.00021511316299999998,0.000224277377,0.00023370981199999998,0.000243827701,0.000253885984,0.00026041269299999995,0.000270530581,0.000280797482,0.000272959471,0.000294670463,0.000303477049,0.00031372904800000003,0.00032073259399999996,0.000329136848,0.000336974859,0.000342577696,0.000349789858,0.00035756826400000003,0.00036498904199999997,0.000371158123,0.00037586689,0.000381007791,0.000387102365,0.00039167702199999996,0.000396609306,0.00040063262,0.000406175852,0.000410750508,0.00041456520600000003,0.00042039156,0.000424146652,0.000426918268,0.00042559206500000004,0.000432178378,0.000437319279,0.000440508127,0.000444248319,0.00044515729,0.000450775027,0.00045438110799999996,0.000457018614,0.000461518765,0.000463038683,0.000463604927,0.000464707613,0.000453054905,0.000464573503,0.000472262502,0.000477954745,0.000482186675,0.00048704445400000004,0.000491276383,0.000497028232,0.0005041658879999999,0.0005106925960000001,0.000520944595,0.000532671809,0.000520944595],"unit":"A"},"resistance":{"value":[-281.756417,-234.766971,-227.26152,-228.834236,-235.130743,-245.146175,-258.098016,-274.030519,-293.143637,-315.831154,-343.239614,-376.528999,-416.284103,-466.495886,-535.039584,-614.61392,-719.959045,-857.513194,-1045.429,-1305.325,-1672.969,-2211.855,-3022.656,-4268.025,-6266.462,-9641.391,-16163.391,-32630.972,-149397.6,78950.879,33914.895,22203.24,16548.824,12958.997,10542.839,8741.545,7355.79,6366.163,5597.6,5046.147,4633.443,4290.322,3999.551,3737.7,3496.003,3277.349,3072.348,2875.086,2694.235,2561.445,2402.863,2254.416,2256.907,2032.966,1917.865,1801.041,1708.766,1613.413,1525.429,1450.905,1372.377,1294.919,1222.048,1155.956,1096.25,1036.779,976.590038,921.78444,867.388638,816.289816,763.302957,713.357954,665.800367,616.154261,570.644744,527.046702,488.771682,442.008896,397.929399,356.455991,315.177943,276.357502,235.19963,195.903847,157.577829,119.220457,82.114179,45.29802,8.611172,-28.689383,-64.528082,-99.475342,-133.85378,-167.933002,-201.169221,-234.038036,-265.528047,-295.480759,-325.006536,-351.215561,-375.444765,-383.857208],"unit":"ohms"},"conductance":{"value":[-0.003549165,-0.004259543,-0.004400217,-0.004369975,-0.004252953,-0.004079199,-0.003874497,-0.003649229,-0.003411297,-0.003166249,-0.002913417,-0.002655838,-0.002402206,-0.002143642,-0.001869021,-0.001627038,-0.001388968,-0.001166163,-0.000956544979,-0.000766092565,-0.000597739856,-0.000452109198,-0.000330834863,-0.000234300396,-0.000159579682,-0.000103719475,-6.1868206e-5,-3.0645731e-5,-6.693548e-6,1.2666104e-5,2.9485569e-5,4.5038472e-5,6.0427253e-5,7.7166469e-5,9.4851115e-5,0.000114396251,0.000135947334,0.000157080481,0.000178647999,0.000198170988,0.000215822208,0.000233082732,0.000250028057,0.00026754422,0.000286040918,0.000305124684,0.000325483976,0.000347815625,0.000371162807,0.000390404677,0.000416170151,0.000443573764,0.000443084343,0.000491892125,0.000521413222,0.000555234404,0.000585217754,0.000619804006,0.000655553355,0.000689225041,0.000728662608,0.000772248984,0.000818298346,0.000865084591,0.00091220075,0.0009645255,0.001023971,0.001084852,0.001152886,0.001225055,0.001310096,0.001401821,0.001501952,0.00162297,0.001752404,0.001897365,0.002045945,0.002262398,0.002513009,0.002805395,0.003172811,0.003618501,0.004251707,0.005104545,0.00634607,0.008387822,0.012178165,0.02207602,0.116128215,-0.0348561,-0.015497129,-0.010052743,-0.007470839,-0.005954756,-0.004970939,-0.00427281,-0.003766081,-0.003384315,-0.003076861,-0.002847254,-0.002663508,-0.002605135],"unit":"S"},"power":{"value":[-7.986129,-9.368623,-9.457917,-9.17604,-8.721962,-8.168409,-7.572945,-6.960251,-6.347349,-5.745309,-5.153963,-4.578999,-4.035199,-3.506979,-2.976987,-2.522177,-2.094673,-1.710358,-1.363827,-1.061415,-0.804393924,-0.590717866,-0.419511352,-0.288177819,-0.190310645,-0.119875769,-0.069262013,-0.033212654,-0.007019392,0.012845314,0.028900116,0.042642889,0.055233043,0.068048748,0.080635448,0.093701826,0.107214619,0.119177036,0.130303822,0.138850212,0.145130137,0.150306775,0.154481051,0.158236333,0.161772914,0.164851762,0.16781249,0.17092949,0.173665281,0.173703787,0.175857868,0.177754484,0.168155056,0.176523829,0.176632113,0.177269122,0.175779692,0.174782776,0.173215582,0.170277443,0.1679144,0.16556197,0.162797593,0.159242638,0.154873715,0.150506064,0.1463403,0.141411771,0.136439315,0.131019818,0.125928823,0.120354886,0.11442732,0.108892365,0.102659208,0.096059114,0.088530533,0.082557604,0.076103262,0.069169362,0.062202437,0.054764388,0.047792124,0.040446738,0.032912653,0.025393906,0.017605676,0.009735882,0.00185961,-0.005888747,-0.013927002,-0.022186171,-0.030577656,-0.039045093,-0.047719814,-0.056485661,-0.065595269,-0.075106257,-0.084763956,-0.095314028,-0.106528418,-0.104172425],"unit":"mW"},"J":{"value":[-0.055747819,-0.066147893,-0.067550943,-0.066307671,-0.063774785,-0.060443947000000005,-0.056720061,-0.052772734999999994,-0.048725081,-0.044660730999999995,-0.040575940000000005,-0.036515959,-0.032601244,-0.028710403,-0.024699728,-0.021212076,-0.017860797,-0.014788349000000001,-0.011959937,-0.009442342999999999,-0.007260844,-0.005411384,-0.0039009839999999997,-0.002720905,-0.0018248070000000001,-0.0011675960000000001,-0.000685453415,-0.00033406687,-7.1775227e-5,0.00013356433500000001,0.00030566884599999997,0.000458893352,0.000604940335,0.0007587889730000001,0.000915758273,0.001084118,0.0012641800000000002,0.001432696,0.001597623,0.00173696,0.001853205,0.001959932,0.002057921,0.0021545049999999997,0.002252494,0.002348454,0.002447223,0.00255317,0.0026584919999999997,0.002726834,0.0028327810000000004,0.0029402879999999997,0.002858214,0.003085555,0.0031777700000000003,0.0032851210000000002,0.0033584559999999997,0.003446459,0.003528533,0.003587201,0.003662721,0.00374417,0.0038218749999999998,0.0038864719999999998,0.003935779,0.00398961,0.004053428,0.00410133,0.0041529769999999995,0.004195106,0.00425315,0.0043010520000000005,0.004340997,0.004402006,0.004441326,0.004470348000000001,0.004456461,0.004525428,0.0045792590000000005,0.004612651,0.004651815,0.004661333,0.004720157,0.0047579169999999995,0.0047855350000000005,0.004832657000000001,0.004848573,0.004854502,0.004866048,0.004744030000000001,0.004864644,0.004945157,0.005004762,0.005049075,0.0050999420000000005,0.005144255,0.005204484,0.005279224,0.005347566,0.005454917,0.0055777150000000005,0.005454917],"unit":"A\/cm2"},"power_density":{"value":[-83.624386,-98.100766,-99.035775,-96.084186,-91.329441,-85.533082,-79.29785,-72.882207,-66.464383,-60.160299,-53.968203,-47.947638,-42.253389,-36.72229,-31.172643,-26.410226,-21.933747,-17.909505,-14.280907,-11.114289,-8.422973,-6.185527,-4.392789,-3.017569,-1.992782,-1.255244,-0.725256676,-0.347776478,-0.073501489,0.134505905,0.302619011,0.4465224,0.578356475,0.712552332,0.844350243,0.981170948,1.122666,1.247927,1.364438,1.453929,1.519687,1.573893,1.617603,1.656925,1.693957,1.726196,1.757199,1.789838,1.818485,1.818888,1.841444,1.861304,1.760786,1.848417,1.849551,1.856221,1.840625,1.830186,1.813776,1.78301,1.758266,1.733633,1.704687,1.667462,1.621714,1.57598,1.532359,1.480752,1.428684,1.371935,1.318626,1.260261,1.198192,1.140234,1.074966,1.005855,0.92702129,0.864477529,0.796892796,0.724286511,0.651334421,0.573449086,0.500441087,0.423526048,0.344635108,0.265904776,0.184352628,0.101946409,0.019472354,-0.06166227,-0.145832477,-0.232315932,-0.320184884,-0.40884914,-0.499683913,-0.591472895,-0.686861454,-0.786452957,-0.887580694,-0.998052647,-1.115481,-1.090811],"unit":"mW\/cm2"},"timestamps":{"value":[0.019,0.043,0.066,0.089,0.113,0.141,0.164,0.186,0.209,0.231,0.254,0.278,0.299,0.323,0.359,0.382,0.406,0.427,0.451,0.474,0.496,0.518,0.541,0.563,0.586,0.61,0.632,0.654,0.676,0.698,0.721,0.743,0.766,0.786,0.809,0.831,0.853,0.876,0.898,0.92,0.942,0.964,0.988,1.011,1.033,1.057,1.079,1.1,1.122,1.149,1.172,1.194,1.231,1.247,1.271,1.292,1.315,1.338,1.361,1.384,1.407,1.429,1.45,1.471,1.496,1.518,1.539,1.561,1.584,1.608,1.63,1.652,1.675,1.696,1.719,1.741,1.767,1.79,1.812,1.835,1.857,1.882,1.906,1.928,1.95,1.971,1.996,2.019,2.049,2.085,2.111,2.133,2.155,2.178,2.201,2.223,2.246,2.269,2.291,2.314,2.336,2.359],"unit":"s"},"p_max":{"unit":"mW","value":0.177754484},"v_p_max":{"unit":"V","value":0.633034468},"i_p_max":{"unit":"mA","value":0.280797482},"j_p_max":{"unit":"mA\/cm2","value":2.940288},"voc":{"unit":"V","value":1.018108},"isc":{"unit":"mA","value":0.461964576},"jsc":{"unit":"mA\/cm2","value":4.837325},"fill_factor":{"unit":"%","value":37.793573},"efficiency":{"unit":"%","value":1.861304},"r_s":{"unit":"ohms","value":97.207086},"r_sh":{"unit":"ohms","value":3705.742},"cell_dimension":{"value":0.09550000512127658,"unit":"cm2"},"sweep_direction":{"unit":"","value":"Reverse"},"key":"reverse11_2cell_231018"},{"V":{"value":[1.500049,1.483052,1.466092,1.449064,1.432052,1.415084,1.398054,1.381061,1.364073,1.347051,1.330058,1.313063,1.296068,1.279047,1.262053,1.24506,1.22804,1.211056,1.194065,1.177068,1.160053,1.143057,1.126071,1.10904,1.092048,1.075067,1.05807,1.041026,1.02406,1.007051,0.990022421,0.973040342,0.956056833,0.939062357,0.922035217,0.905043602,0.888057232,0.871032715,0.854043961,0.837050676,0.82002902,0.803040028,0.786034822,0.769052505,0.752034903,0.735033751,0.71804738,0.701035261,0.684028625,0.667034149,0.65005064,0.633041143,0.616045475,0.599055052,0.582030773,0.565037489,0.548048735,0.531047344,0.514029741,0.497044802,0.48004365,0.46301651,0.446038485,0.429044008,0.412045479,0.395022392,0.378037453,0.361044407,0.344024181,0.327026844,0.310036659,0.293012142,0.276017666,0.259026051,0.242037058,0.225007057,0.208017349,0.191025257,0.174026251,0.157016277,0.140018702,0.123025179,0.106019259,0.089015007,0.07201314,0.055025101,0.038024664,0.021001786,0.004003227,-0.0130018,-0.029971361,-0.046975851,-0.063976049,-0.080973864,-0.097980976,-0.114984035,-0.131970882,-0.148976803,-0.165979862,-0.182977438,-0.199975252,-0.199968338],"unit":"V"},"I":{"value":[-0.005360872,-0.006325245,-0.006581143,-0.006523162,-0.00633128,-0.006062478,-0.0057433399999999996,-0.005391106,-0.0050250139999999995,-0.004648045,-0.004260719,-0.003881246,-0.00349775,-0.003125414,-0.0027582789999999998,-0.002403632,-0.002065897,-0.001745164,-0.001445651,-0.0011716489999999999,-0.000922262669,-0.00070437789,-0.000521361828,-0.000370591879,-0.000254094601,-0.000166222453,-0.000102639198,-5.7831407e-5,-2.6077032e-5,-2.637506e-6,1.552701e-5,3.0308961999999997e-5,3.9249659e-5,5.2973628e-5,6.595253900000001e-5,7.7664852e-5,9.1463327e-5,0.00010499358200000001,0.000117197633,0.000129401684,0.00014042854299999998,0.000151664019,0.00016255676699999998,0.000173300505,0.000185087323,0.000196263194,0.00020784139600000002,0.00022059678999999997,0.00023266673099999998,0.000245079398,0.000253751874,0.000265881419,0.000278159976,0.00028932094600000004,0.000300139189,0.00030957162399999997,0.00031928718099999995,0.000330030918,0.000338569283,0.000347167253,0.000355005264,0.000365883112,0.000372543931,0.000380173326,0.000387728214,0.000395014882,0.000401109457,0.00040486455,0.00041221082199999995,0.000418588519,0.000414922833,0.00042545795400000005,0.00043232739,0.000439330935,0.00044612586500000003,0.000450626016,0.000451251864,0.000458195806,0.00046423077600000004,0.000468179584,0.000473454595,0.000477537513,0.000482678413,0.000487595797,0.000490918756,0.000494599342,0.000498756766,0.000498697162,0.000503823161,0.000507503748,0.0005102008580000001,0.000514924526,0.000518530607,0.00052754581,0.000531420112,0.0005351006980000001,0.000538989902,0.000544533134,0.000552222133,0.000562146306,0.0005722641939999999,0.000560343266],"unit":"A"},"resistance":{"value":[-279.814411,-234.465548,-222.771597,-222.141419,-226.186869,-233.416752,-243.421766,-256.173935,-271.456597,-289.810333,-312.167592,-338.309584,-370.54345,-409.240642,-457.55099,-517.991333,-594.434276,-693.949793,-825.970314,-1004.625,-1257.833,-1622.789,-2159.864,-2992.617,-4297.8,-6467.64,-10308.632,-18001.055,-39270.592,-381819.48,63761.305,32104.047,24358.348,17726.978,13980.284,11653.194,9709.435,8296.057,7287.212,6468.623,5839.475,5294.862,4835.448,4437.682,4063.136,3745.143,3454.785,3177.903,2939.95,2721.706,2561.757,2380.915,2214.716,2070.555,1939.203,1825.224,1716.476,1609.084,1518.241,1431.716,1352.216,1265.477,1197.278,1128.548,1062.717,1000.019,942.47953,891.765918,834.583089,781.260902,747.215227,688.698235,638.445938,589.592104,542.530879,499.321054,460.978371,416.907477,374.870129,335.376174,295.738394,257.624115,219.647814,182.559012,146.690545,111.251868,76.238893,42.113306,7.945698,-25.61912,-58.744239,-91.228614,-123.379505,-153.491625,-184.37574,-214.882985,-244.848525,-273.586296,-300.567204,-325.497893,-349.445683,-356.867567],"unit":"ohms"},"conductance":{"value":[-0.003573797,-0.004265019,-0.004488903,-0.004501637,-0.004421123,-0.004284183,-0.004108096,-0.003903598,-0.00368383,-0.003450533,-0.003203407,-0.002955873,-0.002698739,-0.00244355,-0.002185549,-0.001930534,-0.001682272,-0.001441026,-0.001210697,-0.000995396172,-0.000795017854,-0.000616222962,-0.000462992075,-0.000334155694,-0.000232677201,-0.000154615895,-9.7006084e-5,-5.5552298e-5,-2.5464347e-5,-2.619039e-6,1.5683493e-5,3.1148721e-5,4.1053688e-5,5.6411193e-5,7.1529306e-5,8.5813382e-5,0.000102992605,0.000120539194,0.000137226698,0.000154592413,0.00017124826,0.00018886234,0.000206806064,0.000225342878,0.000246115337,0.000267012493,0.000289453596,0.000314672888,0.000340141804,0.000367416568,0.000390357087,0.000420006538,0.00045152507,0.0004829622,0.000515675807,0.000547878026,0.00058258903,0.000621471742,0.000658656993,0.000698462699,0.00073952705,0.000790216124,0.000835228223,0.00088609401,0.000940984028,0.000999980988,0.001061031,0.001121371,0.001198203,0.001279982,0.001338302,0.001452015,0.001566303,0.001696088,0.001843213,0.002002719,0.002169299,0.002398614,0.002667591,0.002981726,0.003381367,0.003881624,0.004552743,0.005477681,0.006817072,0.008988613,0.013116665,0.023745464,0.125854265,-0.039033346,-0.017022946,-0.010961473,-0.008105074,-0.006515013,-0.005423707,-0.004653696,-0.004084158,-0.003655154,-0.003327043,-0.003072217,-0.002861675,-0.00280216],"unit":"S"},"power":{"value":[-8.041571,-9.380667,-9.648558,-9.452483,-9.066724,-8.578915,-8.029498,-7.445445,-6.854488,-6.261155,-5.667005,-5.096319,-4.533322,-3.99755,-3.481096,-2.992667,-2.537004,-2.113493,-1.726201,-1.379109,-1.069873,-0.805143985,-0.587090298,-0.411001049,-0.277483422,-0.178700281,-0.108599426,-0.060204018,-0.026704458,-0.002656103,0.015372088,0.029491843,0.037524904,0.04974554,0.060810564,0.070290078,0.081224669,0.091452845,0.10009193,0.108315767,0.115155481,0.121792278,0.12777528,0.133277187,0.139192127,0.144260072,0.14923997,0.154646129,0.159150704,0.163476328,0.164951568,0.168313878,0.171359195,0.173319174,0.174690244,0.174919573,0.174984935,0.175262043,0.174034681,0.172557679,0.170418023,0.169409922,0.16616893,0.163111087,0.159761658,0.156039724,0.151634397,0.146174081,0.141810491,0.136889682,0.128641289,0.124664347,0.119329997,0.113798157,0.107978992,0.101394034,0.093868217,0.087526972,0.080788341,0.073511815,0.066292498,0.058749138,0.051173207,0.043403343,0.035352601,0.027215379,0.018965058,0.010473531,0.002016918,-0.006598462,-0.015291414,-0.024189018,-0.03317354,-0.042717422,-0.052069061,-0.061528038,-0.071130973,-0.081122805,-0.091657753,-0.102860091,-0.114438677,-0.112050912],"unit":"mW"},"J":{"value":[-0.056134780999999995,-0.066232931,-0.068912487,-0.068305363,-0.06629612400000001,-0.063481443,-0.060139682,-0.056451372,-0.052617950999999996,-0.048670625,-0.044614857,-0.040641317999999996,-0.03662565,-0.032726851,-0.028882507,-0.025168918999999998,-0.021632428999999998,-0.018273973000000002,-0.015137707,-0.012268570999999999,-0.009657201,-0.007375685,-0.005459286,-0.0038805429999999998,-0.002660676,-0.0017405489999999999,-0.001074756,-0.000605564467,-0.00027305792800000003,-2.7617859000000003e-5,0.000162586492,0.000317371328,0.000410991189,0.000554697676,0.000690602507,0.000813244525,0.000957731177,0.001099409,0.0012272000000000001,0.001354991,0.001470456,0.001588105,0.0017021649999999998,0.001814665,0.0019380869999999998,0.002055112,0.0021763499999999996,0.002309914,0.0024363009999999997,0.0025662759999999997,0.0026570879999999997,0.002784099,0.00291267,0.0030295390000000004,0.003142819,0.003241588,0.003343321,0.003455821,0.0035452279999999997,0.003635259,0.003717333,0.003831237,0.0039009839999999997,0.003980873,0.004059981,0.004136281,0.004200099,0.0042394189999999995,0.004316344,0.004383126,0.004344742,0.004455057,0.004526988,0.004600323999999999,0.0046714750000000005,0.004718597,0.00472515,0.004797862,0.004861055,0.004902404,0.004957639999999999,0.005000393,0.0050542239999999995,0.005105715,0.005140511,0.0051790510000000005,0.005222584000000001,0.00522196,0.005275635,0.005314175,0.005342417,0.00539188,0.00542964,0.00552404,0.0055646079999999995,0.005603149,0.005643873,0.005701918,0.005782431,0.005886349,0.005992295000000001,0.005867469],"unit":"A\/cm2"},"power_density":{"value":[-84.204928,-98.226882,-101.032021,-98.978876,-94.939522,-89.831567,-84.078516,-77.962779,-71.77474,-65.561833,-59.340362,-53.364597,-47.46934,-41.859165,-36.451269,-31.336826,-26.565488,-22.130813,-18.075404,-14.440936,-11.202863,-8.430827,-6.147542,-4.303676,-2.905586,-1.871207,-1.137167,-0.630408569,-0.279627835,-0.027812592,0.160964272,0.308815106,0.392930935,0.520895707,0.636759833,0.736021754,0.850520098,0.957621409,1.048083,1.134197,1.205817,1.275312,1.337961,1.395573,1.457509,1.510577,1.562722,1.619331,1.6665,1.711794,1.727242,1.762449,1.794337,1.81486,1.829217,1.831619,1.832303,1.835205,1.822353,1.806887,1.784482,1.773926,1.739989,1.70797,1.672897,1.633924,1.587795,1.530619,1.484927,1.4334,1.347029,1.305386,1.249529,1.191604,1.13067,1.061718,0.982913264,0.916512791,0.845951219,0.769757229,0.694162278,0.615174219,0.535845105,0.45448527,0.370184303,0.284977787,0.198586999,0.109670482,0.021119564,-0.069093843,-0.16011952,-0.253288145,-0.347366908,-0.447302853,-0.545225772,-0.644272646,-0.744826942,-0.849453458,-0.959767052,-1.077069,-1.198311,-1.173308],"unit":"mW\/cm2"},"timestamps":{"value":[0.018,0.044,0.069,0.093,0.116,0.138,0.164,0.187,0.21,0.233,0.256,0.279,0.303,0.324,0.349,0.372,0.394,0.418,0.44,0.461,0.486,0.511,0.534,0.556,0.579,0.602,0.624,0.647,0.674,0.696,0.719,0.743,0.78,0.805,0.829,0.857,0.879,0.901,0.924,0.946,0.969,0.992,1.015,1.038,1.061,1.083,1.106,1.128,1.149,1.17,1.197,1.219,1.24,1.263,1.286,1.309,1.332,1.354,1.377,1.4,1.424,1.445,1.467,1.49,1.513,1.536,1.559,1.586,1.609,1.646,1.67,1.694,1.715,1.738,1.761,1.786,1.811,1.833,1.856,1.879,1.902,1.925,1.946,1.968,1.991,2.013,2.035,2.058,2.081,2.105,2.128,2.15,2.175,2.19,2.212,2.234,2.257,2.281,2.304,2.325,2.347,2.368],"unit":"s"},"p_max":{"unit":"mW","value":0.175262043},"v_p_max":{"unit":"V","value":0.531047344},"i_p_max":{"unit":"mA","value":0.330030918},"j_p_max":{"unit":"mA\/cm2","value":3.455821},"voc":{"unit":"V","value":1.004578},"isc":{"unit":"mA","value":0.504689624},"jsc":{"unit":"mA\/cm2","value":5.284708},"fill_factor":{"unit":"%","value":34.568429},"efficiency":{"unit":"%","value":1.835205},"r_s":{"unit":"ohms","value":105.014265},"r_sh":{"unit":"ohms","value":3337.438},"cell_dimension":{"value":0.09550000738401385,"unit":"cm2"},"sweep_direction":{"unit":"","value":"Reverse"},"key":"reverse11_1cell_231018"},{"V":{"value":[-0.199958801,-0.182976246,-0.165978432,-0.148973942,-0.131970882,-0.114984035,-0.097982407,-0.080960274,-0.063976049,-0.046977043,-0.029973984,-0.012995303,0.004001677,0.021003336,0.038022041,0.055029154,0.07201457,0.08901906,0.10602212,0.123026609,0.140018702,0.157016277,0.17402482,0.191025257,0.20801878,0.225007057,0.242037058,0.259026051,0.276017666,0.293001175,0.310043335,0.327025652,0.344018698,0.361040354,0.378040314,0.395027876,0.412045479,0.429044008,0.446038485,0.463026047,0.48004508,0.497047663,0.514033794,0.53105545,0.548051357,0.565036297,0.582026482,0.599056482,0.616046906,0.633044004,0.650034189,0.667046547,0.684034109,0.701025724,0.718042135,0.735039234,0.752036333,0.769052505,0.786036015,0.803038836,0.82002902,0.837054968,0.8540411,0.871039629,0.888061285,0.905047655,0.922043324,0.939074755,0.956060886,0.973042965,0.990034819,1.007058,1.024056,1.041041,1.058047,1.07507,1.092048,1.109038,1.126075,1.143058,1.160051,1.177066,1.194062,1.211052,1.228039,1.245063,1.262067,1.279048,1.29607,1.313063,1.330052,1.347054,1.364069,1.381055,1.398063,1.41508,1.432063,1.449064,1.46609,1.48306,1.500055,1.500059],"unit":"V"},"I":{"value":[0.000387936831,0.000553622842,0.0004963278769999999,0.000456601381,0.00042559206500000004,0.00039917230599999996,0.00037615001199999996,0.00035291910199999996,0.000335171819,0.000319764018,0.000306591392,0.000295847654,0.000283494592,0.000272616744,0.00026373565199999996,0.00025396049,0.00024570524699999997,0.000238284469,0.000230580568,0.000223234296,0.000216305256,0.000209152699,0.000202983618,0.000196814537,0.000190645456,0.000185444951,0.00018003583,0.00017531216099999998,0.00016976892900000002,0.00016449391799999998,0.000159993768,0.000154644251,0.00014999508899999999,0.00014570355400000002,0.00014175474599999999,0.000137239695,0.000133424997,0.00012947618999999998,0.000125110149,0.000122323632,0.000118657947,0.000114902854,0.00011228024999999999,0.00011011958099999999,0.000114634633,0.000107631087,0.000103324652,9.986758199999999e-5,9.5844269e-5,9.305775199999999e-5,9.0017915e-5,8.7305903e-5,8.425116500000001e-5,8.1270933e-5,7.8782439e-5,7.523596300000001e-5,7.1495771e-5,6.7204237e-5,6.2972307e-5,5.8457255e-5,5.3331256e-5,4.7981739e-5,4.1887163999999996e-5,3.5509467000000006e-5,2.8088689e-5,2.0176172e-5,1.0892749e-5,-3.42726707e-7,-1.2889504e-5,-2.9191374999999998e-5,-4.9158931000000006e-5,-7.295608500000001e-5,-0.000102564692,-0.000139042735,-0.00018328428299999998,-0.00023432076,-0.000295624137,-0.000366359949,-0.00044757127800000004,-0.000539049506,-0.000641480088,-0.000755906105,-0.000875249505,-0.001008883,-0.001158118,-0.001319841,-0.0014919640000000001,-0.0016794199999999998,-0.001877964,-0.002087191,-0.0023090389999999997,-0.002537131,-0.002774373,-0.00301972,-0.003268272,-0.0035236779999999997,-0.003783464,-0.004046439999999999,-0.004312322,-0.004580081,-0.004853517,-0.004862532],"unit":"A"},"resistance":{"value":[-515.441653,-330.507038,-334.412874,-326.266954,-310.087742,-288.056145,-260.487581,-229.40179,-190.875383,-146.911599,-97.765249,-43.925657,14.115532,77.043454,144.167241,216.683917,293.093335,373.583141,459.805092,551.109806,647.319923,750.725563,857.334312,970.5851,1091.129,1213.336,1344.383,1477.513,1625.843,1781.228,1937.846,2114.696,2293.533,2477.91,2666.862,2878.379,3088.218,3313.69,3565.166,3785.254,4045.621,4325.808,4578.132,4822.534,4780.853,5249.75,5632.988,5998.508,6427.582,6802.7,7221.165,7640.337,8118.987,8625.787,9114.241,9769.786,10518.613,11443.512,12482.249,13737.197,15376.143,17445.282,20389.089,24529.786,31616.331,44857.253,84647.442,-2740010,-74173.595,-33333.235,-20139.47,-13803.618,-9984.493,-7487.203,-5772.708,-4588.026,-3694.041,-3027.182,-2515.968,-2120.507,-1808.398,-1557.159,-1364.253,-1200.389,-1060.374,-943.343547,-845.909952,-761.600795,-690.146317,-629.105255,-576.019515,-530.935958,-491.667621,-457.345453,-427.768422,-401.591678,-378.505766,-358.108473,-339.977014,-323.806562,-309.065499,-308.493321],"unit":"ohms"},"conductance":{"value":[-0.001940084,-0.003025654,-0.002990316,-0.003064975,-0.003224894,-0.003471545,-0.003838955,-0.004359164,-0.00523902,-0.006806814,-0.010228583,-0.022765738,0.070843946,0.012979688,0.006936389,0.004615017,0.003411882,0.00267678,0.002174835,0.00181452,0.001544831,0.001332045,0.001166406,0.001030306,0.000916481947,0.000824173932,0.000743835804,0.000676812857,0.000615065449,0.00056141044,0.000516036791,0.000472881103,0.000436008535,0.000403565841,0.000374972566,0.000347417747,0.000323811337,0.000301778342,0.000280491827,0.000264183048,0.000247180841,0.000231170696,0.000218429704,0.000207359855,0.000209167684,0.000190485262,0.000177525688,0.000166708124,0.000155579499,0.000147000447,0.000138481816,0.000130884275,0.000123168076,0.000115931456,0.000109718407,0.00010235639,9.5069571e-5,8.7385759e-5,8.0113768e-5,7.2795054e-5,6.5035815e-5,5.7322089e-5,4.9045841e-5,4.0766764e-5,3.1629223e-5,2.2292939e-5,1.1813706e-5,-3.64962114e-7,-1.3481887e-5,-3.0000088e-5,-4.9653739e-5,-7.2444777e-5,-0.000100155313,-0.000133561231,-0.000173228936,-0.000217958675,-0.000270706251,-0.000330340269,-0.000397461413,-0.000471585313,-0.000552975599,-0.000642194996,-0.000733001728,-0.000833063131,-0.000943063431,-0.001060059,-0.001182159,-0.001313024,-0.001448968,-0.001589559,-0.001736052,-0.001883466,-0.002033894,-0.002186531,-0.002337713,-0.002490091,-0.002641968,-0.00279245,-0.002941375,-0.003088264,-0.00323556,-0.003241561],"unit":"S"},"power":{"value":[-0.077571384,-0.101299829,-0.082379723,-0.068021708,-0.05616576,-0.045898443,-0.036856083,-0.028572427,-0.021442969,-0.015021568,-0.009189765,-0.00384463,0.001134454,0.005725861,0.010027768,0.013975231,0.017694358,0.021211859,0.024446641,0.027463759,0.030286781,0.032840378,0.035324188,0.037596548,0.039657835,0.041726423,0.043575342,0.045410417,0.046859224,0.048196911,0.049605001,0.050572637,0.051601115,0.052604863,0.053589009,0.054213505,0.054977167,0.055550983,0.055803941,0.056639028,0.056961163,0.057112195,0.057715843,0.058479604,0.062825666,0.060815471,0.060137684,0.059826323,0.059044565,0.058909652,0.058514722,0.058237101,0.057630671,0.056973015,0.056569111,0.055301385,0.053767418,0.051683587,0.049498501,0.046943446,0.043733178,0.040163353,0.03577336,0.030930153,0.024944477,0.018260397,0.010043586,-0.000321845999,-0.012323151,-0.028404462,-0.048669053,-0.073471002,-0.105032033,-0.144749207,-0.193923308,-0.251911141,-0.322835656,-0.406307147,-0.503998733,-0.616165012,-0.74414984,-0.889751622,-1.045102,-1.22181,-1.422214,-1.643285,-1.882958,-2.148059,-2.433971,-2.740612,-3.071141,-3.417653,-3.784436,-4.170401,-4.569251,-4.986284,-5.41816,-5.863553,-6.322252,-6.792535,-7.28054,-7.294083],"unit":"mW"},"J":{"value":[0.004062166000000001,0.005797098,0.005197151,0.004781166,0.004456461,0.004179815,0.003938744,0.0036954880000000002,0.003509653,0.003348314,0.003210381,0.0030978810000000002,0.00296853,0.0028546260000000003,0.0027616299999999997,0.0026592720000000003,0.0025728300000000003,0.002495125,0.0024144559999999997,0.002337532,0.002264977,0.002190081,0.002125483,0.0020608849999999997,0.001996288,0.001941832,0.001885192,0.001835729,0.001777685,0.0017224489999999998,0.0016753270000000001,0.0016193120000000001,0.001570629,0.0015256920000000002,0.001484343,0.001437065,0.00139712,0.0013557719999999999,0.001310054,0.0012808759999999998,0.001242492,0.001203171,0.0011757089999999998,0.0011530849999999999,0.001200363,0.001127027,0.0010819339999999999,0.001045734,0.001003605,0.000974426719,0.000942595966,0.0009141979420000001,0.000882211156,0.0008510045360000001,0.000824947008,0.00078781113,0.000748646821,0.000703709288,0.0006593958869999999,0.000612117857,0.00055844247,0.000502426587,0.000438609048,0.000371826881,0.000294122396,0.000211268819,0.000114060197,-3.5887610000000002e-6,-0.000134968633,-0.00030566884599999997,-0.000514753202,-0.0007639380650000001,-0.0010739760000000001,-0.001455945,-0.001919207,-0.002453621,-0.003095541,-0.00383623,-0.00468661,-0.005644497,-0.006717069,-0.007915247,-0.009164916,-0.010564221,-0.012126893000000001,-0.01382032,-0.015622658,-0.017585555,-0.019664539999999998,-0.0218554,-0.024178421,-0.02656682,-0.029051023000000002,-0.031620108,-0.03422274,-0.036897148000000005,-0.039617429,-0.042371101,-0.045155199,-0.047958958,-0.050822166,-0.050916566],"unit":"A\/cm2"},"power_density":{"value":[-0.812265797,-1.060731,-0.862614897,-0.71226919,-0.588123145,-0.480611964,-0.385927575,-0.299187718,-0.224533705,-0.157293907,-0.09622791,-0.040257904,0.011879097,0.05995666,0.105002805,0.146337496,0.185281233,0.222113711,0.255985765,0.287578623,0.317139069,0.343878305,0.369886781,0.393681126,0.41526529,0.436925892,0.456286309,0.475501747,0.490672499,0.5046797,0.519424098,0.529556408,0.540325812,0.550836259,0.561141454,0.567680681,0.57567714,0.58168569,0.584334465,0.593078826,0.596451974,0.598033456,0.604354374,0.612351872,0.657860379,0.636811215,0.629713963,0.626453639,0.618267698,0.616854992,0.612719605,0.60981258,0.603462522,0.596576071,0.592346711,0.579072089,0.56300961,0.541189391,0.518308915,0.491554411,0.457939032,0.420558671,0.374590154,0.323875948,0.261198713,0.19120835,0.105168443,-0.003370115,-0.129038231,-0.29742892,-0.509623593,-0.769329867,-1.099812,-1.515699,-2.030611,-2.637813,-3.380478,-4.254525,-5.277474,-6.45199,-7.792145,-9.316771,-10.943478,-12.793826,-14.892292,-17.20717,-19.716843,-22.492768,-25.486613,-28.69751,-32.158549,-35.786948,-39.627606,-43.66912,-47.845561,-52.212401,-56.734658,-61.398458,-66.201595,-71.126018,-76.236023,-76.377835],"unit":"mW\/cm2"},"timestamps":{"value":[0.018,0.044,0.07,0.093,0.114,0.138,0.174,0.197,0.221,0.244,0.268,0.292,0.313,0.337,0.362,0.385,0.407,0.431,0.454,0.476,0.497,0.52,0.542,0.565,0.587,0.61,0.634,0.657,0.679,0.701,0.724,0.746,0.767,0.789,0.812,0.835,0.858,0.88,0.901,0.926,0.948,0.969,0.993,1.018,1.054,1.077,1.099,1.123,1.143,1.165,1.188,1.211,1.234,1.255,1.279,1.301,1.323,1.345,1.366,1.388,1.411,1.432,1.455,1.478,1.5,1.524,1.545,1.569,1.593,1.615,1.636,1.661,1.684,1.706,1.727,1.752,1.775,1.798,1.822,1.845,1.869,1.894,1.923,1.949,1.973,1.996,2.019,2.041,2.063,2.086,2.109,2.132,2.154,2.178,2.2,2.226,2.25,2.273,2.298,2.32,2.344,2.365],"unit":"s"},"p_max":{"unit":"mW","value":0.062825666},"v_p_max":{"unit":"V","value":0.548051357},"i_p_max":{"unit":"mA","value":0.114634633},"j_p_max":{"unit":"mA\/cm2","value":1.200363},"voc":{"unit":"V","value":0.938555228},"isc":{"unit":"mA","value":0.28640293},"jsc":{"unit":"mA\/cm2","value":2.998984},"fill_factor":{"unit":"%","value":23.372212},"efficiency":{"unit":"%","value":0.657860379},"r_s":{"unit":"ohms","value":161.441058},"r_sh":{"unit":"ohms","value":1817.84},"cell_dimension":{"value":0.0954999945841701,"unit":"cm2"},"sweep_direction":{"unit":"","value":"Forward"},"key":"forward11_4cell_231018"},{"V":{"value":[-0.199964285,-0.182974815,-0.165981293,-0.148968458,-0.131973505,-0.11497879,-0.097976923,-0.080972433,-0.063973427,-0.046977043,-0.029980898,-0.012997568,0.004004657,0.021003902,0.038024664,0.055026531,0.072016001,0.08901763,0.10603714,0.123025179,0.140002251,0.157017708,0.174027681,0.19102788,0.20802021,0.225007057,0.242035627,0.259027481,0.276019096,0.293012142,0.310039282,0.327028275,0.344018698,0.361044407,0.378038883,0.395025015,0.412049532,0.429042578,0.446035624,0.463017702,0.480036736,0.497042179,0.514044762,0.531051397,0.548051357,0.565038919,0.582027912,0.599056482,0.616049528,0.633039951,0.650053501,0.667034149,0.684030056,0.701025724,0.718039274,0.735037804,0.752036333,0.769052505,0.786040306,0.803038836,0.820033073,0.837054968,0.854050636,0.87104249,0.888068199,0.905051708,0.922047615,0.939070463,0.956059456,0.973041773,0.990029335,1.007061,1.024056,1.041041,1.058074,1.075071,1.092051,1.109037,1.126073,1.143056,1.160054,1.17707,1.194059,1.211056,1.228026,1.245067,1.262066,1.279048,1.29607,1.313064,1.330053,1.347054,1.36407,1.381054,1.398057,1.415078,1.432063,1.449067,1.466089,1.483055,1.50006,1.500055],"unit":"V"},"I":{"value":[0.000563532114,0.000676646829,0.000614985824,0.000568181276,0.000524833798,0.00048995018,0.00046041607899999996,0.000436142087,0.000414922833,0.000394523144,0.000377610326,0.00036311149599999997,0.000347718596,0.000332951546,0.000321298838,0.000309094787,0.00029785931100000004,0.00028780102699999996,0.000278651714,0.000268593431,0.000259995461,0.000251248479,0.00024306774100000002,0.000236347318,0.000241056085,0.000227943063,0.000217959285,0.000209510326,0.000202223659,0.00019556284,0.000188067555,0.000182181597,0.000177115202,0.000171497464,0.000164285302,0.00015853345399999998,0.000153258443,0.000148549676,0.000142648816,0.000137865543,0.000132665038,0.000128507614,0.000124335289,0.000119969249,0.000116437674,0.000112622976,0.000108391047,0.00010436773300000001,0.000101044774,9.743869300000001e-5,9.347498399999999e-5,9.0077519e-5,8.6545944e-5,8.280575299999999e-5,7.9408288e-5,7.5310469e-5,7.0869923e-5,6.6012144e-5,6.1586499e-5,5.6788325e-5,4.9576163e-5,4.3138862e-5,3.7521124e-5,2.9608607e-5,2.1427870000000003e-5,1.2204051e-5,1.803041e-6,-9.492040000000001e-6,-2.2530556e-5,-3.8549304e-5,-5.7831407e-5,-8.0794096e-5,-0.000110253692,-0.000147506595,-0.000193625689,-0.000246733427,-0.000311031938,-0.000388488173,-0.00047717988500000003,-0.000578641891,-0.0006951540710000001,-0.000825181603,-0.000969976187,-0.001122817,-0.0012957749999999999,-0.0014808030000000002,-0.001675263,-0.00188899,-0.002114028,-0.0023509259999999997,-0.002602249,-0.0028620209999999997,-0.0031313749999999996,-0.003409117,-0.003692478,-0.003983125,-0.004277721,-0.004573002,-0.0048794599999999995,-0.0051855,-0.005491108,-0.005492702],"unit":"A"},"resistance":{"value":[-354.840975,-270.414059,-269.894502,-262.184736,-251.45771,-234.674453,-212.800829,-185.656087,-154.181505,-119.072972,-79.396393,-35.794977,11.516949,63.08396,118.346721,178.024779,241.778578,309.302682,380.536471,458.034951,538.479597,624.949884,715.963708,808.250678,862.953576,987.119566,1110.463,1236.347,1364.92,1498.302,1648.553,1795.068,1942.344,2105.246,2301.112,2491.745,2688.593,2888.209,3126.809,3358.473,3618.412,3867.803,4134.343,4426.563,4706.822,5017.084,5369.705,5739.863,6096.798,6496.803,6954.304,7405.112,7903.664,8465.906,9042.372,9760.101,10611.502,11650.167,12763.192,14140.914,16540.874,19403.733,22761.862,29418.557,41444.54,74159.941,511384.86,-98932.421,-42433.905,-25241.487,-17119.233,-12464.531,-9288.183,-7057.59,-5464.532,-4357.217,-3511.056,-2854.75,-2359.851,-1975.411,-1668.773,-1426.438,-1231.019,-1078.587,-947.715633,-840.805434,-753.35372,-677.106652,-613.080708,-558.5305,-511.116598,-470.665341,-435.61392,-405.105996,-378.622846,-355.268381,-334.772438,-316.874336,-300.461291,-286.000328,-273.179869,-273.099572],"unit":"ohms"},"conductance":{"value":[-0.002818164,-0.003698033,-0.003705151,-0.003814105,-0.003976812,-0.004261222,-0.00469923,-0.005386303,-0.006485862,-0.008398211,-0.012595031,-0.027936881,0.086828553,0.01585189,0.008449748,0.005617196,0.004136016,0.003233079,0.002627869,0.00218324,0.001857081,0.001600128,0.001396719,0.00123724,0.001158811,0.001013049,0.000900525626,0.000808834358,0.000732643724,0.000667422306,0.000606592669,0.000557082096,0.000514841789,0.000475003797,0.000434572499,0.000401325101,0.000371941796,0.000346235277,0.00031981485,0.000297754368,0.000276364345,0.000258544686,0.000241876386,0.000225908922,0.000212457595,0.000199318972,0.00018622998,0.000174220188,0.000164020536,0.00015392187,0.000143795832,0.000135041841,0.000126523599,0.000118120848,0.000110590452,0.000102457953,9.4237365e-5,8.5835679e-5,7.8350307e-5,7.0716786e-5,6.0456297e-5,5.1536474e-5,4.3933137e-5,3.399215e-5,2.4128631e-5,1.3484369e-5,1.955474e-6,-1.010791e-5,-2.3566061e-5,-3.9617317e-5,-5.8413831e-5,-8.0227646e-5,-0.000107663687,-0.000141691418,-0.00018299829,-0.000229504288,-0.000284814597,-0.000350293348,-0.000423755593,-0.000506223715,-0.000599242748,-0.000701046953,-0.000812334972,-0.000927138762,-0.001055169,-0.001189336,-0.001327398,-0.001476872,-0.001631107,-0.001790413,-0.001956501,-0.002124652,-0.002295611,-0.00246849,-0.002641151,-0.002814773,-0.002987104,-0.003155825,-0.003328216,-0.003496499,-0.003660592,-0.003661668],"unit":"S"},"power":{"value":[-0.112686296,-0.123809329,-0.102076142,-0.084641089,-0.069264156,-0.056333879,-0.045110151,-0.035315486,-0.026544036,-0.018533531,-0.011321097,-0.004719566,0.001392494,0.006993282,0.01221728,0.017008414,0.021450636,0.025619365,0.029547431,0.033043755,0.03639995,0.03945046,0.042300515,0.045148927,0.050144537,0.051288798,0.052753912,0.054268932,0.055817592,0.057302287,0.05830833,0.059578533,0.060930941,0.0619182,0.062106232,0.06262468,0.06315007,0.063734136,0.063626454,0.063834187,0.063684092,0.063873705,0.063913904,0.063709837,0.063813825,0.063636365,0.063086615,0.062522167,0.062248585,0.061682586,0.060763741,0.060084782,0.059200027,0.058048963,0.057018269,0.055356041,0.053296757,0.050766805,0.048409471,0.045603231,0.040654094,0.036109598,0.03204494,0.025790355,0.01902941,0.011045297,0.001662489,-0.008913694,-0.021540551,-0.037510083,-0.057254789,-0.081364545,-0.112906002,-0.153560433,-0.20487026,-0.265255976,-0.339662599,-0.430847636,-0.537339557,-0.661419899,-0.806416404,-0.971296823,-1.158209,-1.359795,-1.591246,-1.843699,-2.114292,-2.416109,-2.739927,-3.086917,-3.461129,-3.855298,-4.271416,-4.708175,-5.162293,-5.636434,-6.125966,-6.626587,-7.153721,-7.69038,-8.236991,-8.239353],"unit":"mW"},"J":{"value":[0.00590086,0.007085307,0.006439642,0.005949542,0.005495642,0.005130368,0.004821111,0.004566933,0.004344742,0.004131132,0.003954035,0.003802215,0.003641032,0.003486404,0.003364386,0.003236595,0.003118946,0.003013623,0.0029178190000000003,0.002812497,0.0027224659999999998,0.002630874,0.002545212,0.002474841,0.002524147,0.002386838,0.002282296,0.002193825,0.0021175250000000003,0.002047778,0.001969294,0.001907661,0.001854609,0.001795785,0.001720265,0.0016600360000000002,0.0016048,0.001555494,0.0014937050000000001,0.001443618,0.001389163,0.0013456289999999999,0.0013019400000000001,0.001256223,0.001219243,0.001179298,0.0011349849999999998,0.0010928560000000001,0.00105806,0.0010203,0.000978795646,0.0009432200990000001,0.000906240254,0.0008670759449999999,0.000831500398,0.0007885912950000001,0.000742093431,0.00069122664,0.000644884809,0.00059464215,0.000519122129,0.000451715829,0.00039289135,0.00031003777300000004,0.0002243756,0.00012779111,1.8880005e-5,-9.939308600000001e-5,-0.000235922049,-0.000403657634,-0.000605564467,-0.0008460114760000001,-0.001154489,-0.0015445720000000001,-0.002027494,-0.002583596,-0.0032568790000000003,-0.004067939,-0.004996648,-0.006059077,-0.007279099999999999,-0.008640644999999999,-0.010156819000000001,-0.01175725,-0.013568326,-0.015505789,-0.017542020999999998,-0.019780004,-0.022136416,-0.024617029999999998,-0.027248684999999998,-0.029968810000000002,-0.032789264000000005,-0.035697565,-0.03866469,-0.041708115999999996,-0.044792890999999994,-0.047884842,-0.051093819000000006,-0.054298426999999996,-0.05749851,-0.057515206],"unit":"A\/cm2"},"power_density":{"value":[-1.179961,-1.296433,-1.06886,-0.886294122,-0.72527912,-0.58988355,-0.472357599,-0.369795664,-0.277948016,-0.194068385,-0.118545514,-0.049419542,0.014581087,0.07322808,0.127929637,0.178098575,0.224613993,0.268265605,0.309397181,0.346007904,0.381151305,0.413093825,0.442937335,0.472763633,0.52507369,0.537055474,0.552396987,0.568261069,0.584477398,0.600023943,0.610558427,0.623858987,0.638020326,0.648358118,0.650327038,0.655755812,0.661257274,0.667373151,0.666245588,0.668420807,0.666849129,0.668834603,0.669255539,0.667118714,0.668207592,0.66634937,0.660592822,0.654682377,0.651817648,0.645890948,0.636269536,0.629160016,0.619895571,0.607842543,0.597049942,0.579644413,0.558081222,0.531589579,0.506905452,0.47752074,0.425697315,0.378110979,0.335549107,0.270056074,0.199260835,0.115657563,0.017408264,-0.093337111,-0.225555506,-0.392775739,-0.599526587,-0.851984764,-1.182262,-1.607963,-2.145238,-2.777549,-3.556676,-4.511494,-5.626592,-6.925863,-8.444151,-10.170647,-12.127845,-14.238694,-16.662263,-19.305749,-22.139183,-25.299574,-28.690336,-32.323739,-36.242191,-40.369612,-44.726865,-49.300262,-54.055422,-59.020254,-64.146246,-69.388351,-74.908075,-80.527534,-86.25122,-86.275948],"unit":"mW\/cm2"},"timestamps":{"value":[0.019,0.041,0.064,0.085,0.11,0.134,0.156,0.179,0.201,0.223,0.247,0.272,0.294,0.316,0.339,0.362,0.383,0.406,0.43,0.451,0.474,0.495,0.518,0.542,0.579,0.604,0.627,0.649,0.671,0.694,0.715,0.737,0.761,0.784,0.805,0.826,0.848,0.87,0.891,0.913,0.934,0.956,0.979,1.001,1.024,1.047,1.068,1.09,1.112,1.135,1.156,1.179,1.201,1.224,1.248,1.272,1.295,1.317,1.339,1.367,1.388,1.411,1.441,1.463,1.486,1.509,1.53,1.552,1.575,1.597,1.621,1.647,1.67,1.691,1.712,1.736,1.759,1.782,1.805,1.83,1.853,1.876,1.897,1.923,1.945,1.967,1.988,2.011,2.034,2.057,2.079,2.102,2.126,2.15,2.171,2.193,2.217,2.241,2.262,2.3,2.322,2.345],"unit":"s"},"p_max":{"unit":"mW","value":0.063913904},"v_p_max":{"unit":"V","value":0.514044762},"i_p_max":{"unit":"mA","value":0.124335289},"j_p_max":{"unit":"mA\/cm2","value":1.30194},"voc":{"unit":"V","value":0.924764983},"isc":{"unit":"mA","value":0.351344198},"jsc":{"unit":"mA\/cm2","value":3.678997},"fill_factor":{"unit":"%","value":19.671215},"efficiency":{"unit":"%","value":0.669255539},"r_s":{"unit":"ohms","value":147.16883},"r_sh":{"unit":"ohms","value":1364.467},"cell_dimension":{"value":0.09549999728853083,"unit":"cm2"},"sweep_direction":{"unit":"","value":"Forward"},"key":"forward11_3cell_231018"},{"V":{"value":[-0.199966908,-0.182976246,-0.165979862,-0.148969889,-0.131973505,-0.114981413,-0.097979546,-0.080973864,-0.063971996,-0.046974421,-0.029965878,-0.012994736,0.004003644,0.021001786,0.038023472,0.055022478,0.072016001,0.089012146,0.106020689,0.123022556,0.140017271,0.157021761,0.174026251,0.191025257,0.20801878,0.225004435,0.242042542,0.259028673,0.276021719,0.293014765,0.310036659,0.327025652,0.34402132,0.36104703,0.378042936,0.395026445,0.412048101,0.429046631,0.446039677,0.463020563,0.480042219,0.497044802,0.514033794,0.531051397,0.54805398,0.565038919,0.582029343,0.599052429,0.616046906,0.633042574,0.65004921,0.66703558,0.684039593,0.701010704,0.718054295,0.735035181,0.752037764,0.769052505,0.786037445,0.803037405,0.820033073,0.837053537,0.854039669,0.871037006,0.888058662,0.905043602,0.922040701,0.939077377,0.956067801,0.973047256,0.990033388,1.007065,1.02406,1.041041,1.058074,1.075085,1.092048,1.109035,1.126069,1.143058,1.16005,1.177069,1.194062,1.211056,1.228036,1.24506,1.262063,1.279045,1.29607,1.31306,1.330057,1.347053,1.364066,1.381053,1.398057,1.41508,1.43207,1.449067,1.466088,1.483056,1.500056,1.50006],"unit":"V"},"I":{"value":[0.000726014376,0.0007734596729999999,0.000714927912,0.000672265887,0.0006324648859999999,0.00060236454,0.000579759479,0.000558823347,0.0005410611629999999,0.0005241483449999999,0.0005095750089999999,0.000496476889,0.000482186675,0.000467136502,0.000454932451,0.000442445278,0.000430941582,0.000418797135,0.000408604741,0.000399380922,0.000387594104,0.000377461314,0.000367835164,0.000357985497,0.000348553061,0.00033980608,0.000332251191,0.000322684646,0.000313460827,0.000302910805,0.000294595957,0.000286340714,0.000277876854,0.000270456076,0.000261306763,0.000253602862,0.000243827701,0.000236064196,0.000229343772,0.000221431255,0.000215187669,0.00020784139600000002,0.00020873546600000002,0.000200137496,0.000190287828,0.000183433294,0.00017552077799999998,0.000169068575,0.000162616372,0.00015665590800000001,0.00014957785600000002,0.00014416873499999998,0.000138282776,0.000133767724,0.000126346946,0.000119075179,0.000111654401,0.000104233623,9.770691400000001e-5,9.043514699999999e-5,8.293986300000001e-5,7.4625015e-5,6.595253900000001e-5,5.7905912e-5,4.8756599e-5,3.8146973e-5,2.6911497e-5,1.2755394e-5,-2.905726e-6,-2.2888184e-5,-4.7713518000000006e-5,-8.0093741e-5,-0.000119969249,-0.000168934464,-0.000228852034,-0.000299930573,-0.00038717687099999997,-0.000487446785,-0.000603616238,-0.000712275505,-0.000864639878,-0.001028031,-0.0012083950000000001,-0.0014048670000000002,-0.001617,-0.001843214,-0.0020826760000000003,-0.002330393,-0.002597049,-0.002879426,-0.0031749309999999998,-0.0034804050000000002,-0.0037994089999999997,-0.004124448,-0.0044610050000000005,-0.004804358,-0.005150959,-0.005506649999999999,-0.0058636520000000004,-0.006225169,-0.0065915439999999995,-0.006588355],"unit":"A"},"resistance":{"value":[-275.431058,-236.568566,-232.163075,-221.593705,-208.665347,-190.883436,-169.000334,-144.900645,-118.234316,-89.620469,-58.805626,-26.1739,8.3031,44.958563,83.580478,124.359962,167.11314,212.542395,259.470041,308.033132,361.247165,415.994315,473.109338,533.611722,596.806635,662.155411,728.492622,802.730085,880.562084,967.330185,1052.413,1142.086,1238.035,1334.956,1446.74,1557.658,1689.915,1817.5,1944.852,2091.035,2230.807,2391.462,2462.609,2653.433,2880.132,3080.351,3316.014,3543.251,3788.345,4040.975,4345.892,4626.77,4946.672,5240.507,5683.195,6172.866,6735.406,7378.162,8044.85,8879.705,9887.08,11216.796,12949.307,15042.281,18214.122,23725.175,34261.962,73621.981,-329028.841,-42513.083,-20749.537,-12573.574,-8536.025,-6162.396,-4623.397,-3584.445,-2820.54,-2275.192,-1865.538,-1604.798,-1341.657,-1144.974,-988.138999,-862.043764,-759.453495,-675.483379,-605.981541,-548.853916,-499.054767,-456.014449,-418.924765,-387.039141,-359.0207,-334.845495,-313.394942,-294.540837,-278.020082,-263.148596,-250.029789,-238.235482,-227.572801,-227.683564],"unit":"ohms"},"conductance":{"value":[-0.003630673,-0.004227104,-0.004307317,-0.004512764,-0.004792363,-0.005238799,-0.005917148,-0.006901281,-0.008457781,-0.011158165,-0.017005176,-0.038205999,0.120436951,0.022242704,0.011964516,0.008041173,0.00598397,0.004704944,0.003854009,0.003246404,0.002768188,0.002403879,0.002113676,0.001874022,0.001675585,0.001510219,0.001372697,0.001245749,0.001135638,0.001033773,0.000950197172,0.000875590987,0.000807731491,0.000749088217,0.000691209219,0.000641989581,0.00059174572,0.000550206385,0.000514177962,0.000478232012,0.000448268215,0.00041815425,0.00040607343,0.000376870294,0.000347206362,0.000324638335,0.000301566888,0.000282226674,0.000263967517,0.000247465043,0.000230102358,0.0002161335,0.000202156099,0.000190821229,0.000175957371,0.000161999292,0.000148469141,0.000135535119,0.000124303129,0.000112616357,0.000101142095,8.9152022e-5,7.7224211e-5,6.6479279e-5,5.4902454e-5,4.214932e-5,2.9186886e-5,1.35829e-5,-3.039247e-6,-2.3522171e-5,-4.8193848e-5,-7.9531882e-5,-0.000117150549,-0.000162274533,-0.000216291191,-0.000278983206,-0.00035454209,-0.000439523255,-0.000536038265,-0.000623131388,-0.000745347133,-0.000873382236,-0.001012003,-0.001160034,-0.001316736,-0.001480421,-0.001650215,-0.001821978,-0.002003788,-0.002192913,-0.002387063,-0.002583718,-0.002785355,-0.002986452,-0.003190862,-0.003395115,-0.003596862,-0.003800134,-0.003999523,-0.004197528,-0.004394198,-0.004392061],"unit":"S"},"power":{"value":[-0.14517885,-0.141524747,-0.118663636,-0.100147374,-0.083468608,-0.069260726,-0.05680457,-0.045250085,-0.034612763,-0.024621565,-0.015269862,-0.006451586,0.001930504,0.009810701,0.017298111,0.024344436,0.031034689,0.037278032,0.043320556,0.049132862,0.054269869,0.05926964,0.064012975,0.068384272,0.072505583,0.076457875,0.080418923,0.083584576,0.086521996,0.088757338,0.091335546,0.093640759,0.095595562,0.097647363,0.098785176,0.100179837,0.100468741,0.101282548,0.102296422,0.102527225,0.103299166,0.103306486,0.107297084,0.106283297,0.104288002,0.10364695,0.102158243,0.10128094,0.100179313,0.099169859,0.097232967,0.096165675,0.094590894,0.093772606,0.090723967,0.087524446,0.083968326,0.080161129,0.076801293,0.072622806,0.068013431,0.062465133,0.056326085,0.050438193,0.04329872,0.034524674,0.024813496,0.011978302,-0.002778071,-0.022271284,-0.047237976,-0.08065957,-0.122855767,-0.175867727,-0.242142331,-0.322450765,-0.422815608,-0.540595669,-0.679713719,-0.814172428,-1.003025,-1.210063,-1.442898,-1.701373,-1.985733,-2.294913,-2.628468,-2.980677,-3.365956,-3.780858,-4.222839,-4.688289,-5.182646,-5.69608,-6.236738,-6.798549,-7.376534,-7.979505,-8.596627,-9.232274,-9.887685,-9.882928],"unit":"mW"},"J":{"value":[0.007602245,0.008099054000000001,0.007486156,0.0070394329999999995,0.006622669,0.0063074820000000005,0.0060707800000000004,0.005851553,0.005665562000000001,0.005488463999999999,0.005335864,0.005198711,0.005049075,0.004891482,0.004763691,0.0046329349999999995,0.004512477,0.00438531,0.004278584,0.0041819990000000005,0.004058577,0.003952474,0.003851677,0.003748539,0.00364977,0.003558179,0.00347907,0.0033788969999999996,0.003282312,0.0031718410000000003,0.0030847739999999998,0.002998332,0.0029097050000000003,0.002832001,0.002736196,0.0026555270000000004,0.00255317,0.002471876,0.002401505,0.002318652,0.0022532740000000004,0.0021763499999999996,0.0021857120000000002,0.002095681,0.001992543,0.0019207669999999999,0.001837914,0.001770352,0.0017027890000000001,0.001640376,0.00156626,0.00150962,0.001447987,0.001400709,0.001323005,0.001246861,0.0011691560000000002,0.0010914520000000001,0.0010231090000000001,0.000946964893,0.000868480243,0.000781413772,0.000690602507,0.000606344632,0.000510540308,0.00039944474,0.000281795781,0.00013356433500000001,-3.0426455e-5,-0.000239666844,-0.000499617991,-0.000838677921,-0.001256223,-0.001768947,-0.002396356,-0.003140634,-0.004054208,-0.005104155000000001,-0.006320589,-0.007458382,-0.009053821,-0.010764724,-0.012653348,-0.014710645,-0.016931932,-0.019300671000000002,-0.021808122,-0.024402017,-0.027194229,-0.030151056,-0.033245349,-0.036444027,-0.039784384000000006,-0.043187934,-0.046712098,-0.050307412,-0.053936742,-0.057661251999999996,-0.061399494,-0.065185013,-0.06902139800000001,-0.06898800699999999],"unit":"A\/cm2"},"power_density":{"value":[-1.520197,-1.481935,-1.242551,-1.048664,-0.874016835,-0.725243203,-0.594812254,-0.473822885,-0.362437306,-0.257817432,-0.159893846,-0.067555878,0.020214699,0.102729852,0.181132055,0.254915556,0.324970568,0.390345882,0.453618389,0.51448023,0.568270876,0.620624505,0.670292927,0.71606567,0.759220759,0.80060602,0.84208296,0.875231158,0.90598949,0.929396212,0.956393155,0.980531503,1.001001,1.022485,1.0344,1.049004,1.052029,1.06055,1.071167,1.073584,1.081667,1.081743,1.12353,1.112914,1.092021,1.085308,1.06972,1.060533,1.048998,1.038428,1.018146,1.00697,0.990480562,0.981912109,0.949989183,0.916486344,0.879249486,0.839383545,0.804202021,0.76044823,0.712182523,0.654085162,0.589801937,0.528148613,0.453389743,0.361514906,0.25982718,0.125427245,-0.029089754,-0.233207165,-0.494638492,-0.844602829,-1.286448,-1.841547,-2.535522,-3.376448,-4.427389,-5.660688,-7.117421,-8.525366,-10.502884,-12.670822,-15.108882,-17.815422,-20.793021,-24.030501,-27.523225,-31.21128,-35.245614,-39.59014,-44.218214,-49.09203,-54.26854,-59.644814,-65.306152,-71.188993,-77.241192,-83.555025,-90.017035,-96.673029,-103.535965,-103.486156],"unit":"mW\/cm2"},"timestamps":{"value":[0.018,0.043,0.067,0.092,0.129,0.153,0.176,0.199,0.222,0.247,0.27,0.296,0.318,0.341,0.365,0.388,0.41,0.431,0.455,0.478,0.499,0.522,0.545,0.568,0.591,0.615,0.64,0.663,0.685,0.707,0.73,0.753,0.776,0.8,0.822,0.845,0.867,0.889,0.913,0.935,0.958,0.981,1.017,1.041,1.063,1.086,1.108,1.13,1.153,1.176,1.198,1.221,1.245,1.268,1.29,1.312,1.333,1.354,1.377,1.399,1.421,1.443,1.464,1.486,1.509,1.53,1.553,1.574,1.598,1.622,1.645,1.666,1.688,1.711,1.734,1.758,1.78,1.803,1.828,1.865,1.886,1.912,1.934,1.956,1.977,1.999,2.02,2.047,2.07,2.094,2.117,2.14,2.164,2.188,2.211,2.233,2.256,2.279,2.302,2.326,2.349,2.372],"unit":"s"},"p_max":{"unit":"mW","value":0.107297084},"v_p_max":{"unit":"V","value":0.514033794},"i_p_max":{"unit":"mA","value":0.208735466},"j_p_max":{"unit":"mA\/cm2","value":2.185712},"voc":{"unit":"V","value":0.952915438},"isc":{"unit":"mA","value":0.485552462},"jsc":{"unit":"mA\/cm2","value":5.084319},"fill_factor":{"unit":"%","value":23.189821},"efficiency":{"unit":"%","value":1.12353},"r_s":{"unit":"ohms","value":122.407095},"r_sh":{"unit":"ohms","value":1326.658},"cell_dimension":{"value":0.09549999717188805,"unit":"cm2"},"sweep_direction":{"unit":"","value":"Forward"},"key":"forward11_2cell_231018"},{"V":{"value":[-0.199971199,-0.182974815,-0.165981293,-0.148968458,-0.131977797,-0.114984035,-0.097979546,-0.080973864,-0.063973427,-0.046975851,-0.02998209,-0.012996018,0.004003942,0.021002203,0.038023472,0.055025101,0.072018623,0.089013577,0.106019259,0.123021126,0.140016079,0.157020569,0.17402482,0.191026688,0.208022833,0.225009918,0.242038488,0.259027481,0.276019096,0.293013573,0.310036659,0.327020168,0.344024181,0.361041784,0.378037453,0.395027876,0.412046909,0.429044008,0.446035624,0.463020563,0.480042219,0.497044802,0.514035225,0.531050205,0.548048735,0.565038919,0.582030773,0.599056482,0.616045475,0.633039951,0.650052071,0.66703701,0.684031248,0.701044798,0.718037844,0.735036373,0.752036333,0.769056797,0.786037445,0.803038836,0.820035934,0.837053537,0.8540411,0.871037006,0.888062716,0.905047655,0.922050238,0.939074755,0.956059456,0.973045826,0.990033388,1.007062,1.02406,1.041047,1.058089,1.075063,1.092046,1.10904,1.126072,1.143058,1.160054,1.17707,1.194066,1.211055,1.228044,1.245066,1.262062,1.279051,1.296067,1.313061,1.330057,1.347047,1.364072,1.381054,1.398055,1.415074,1.432078,1.449064,1.466088,1.483059,1.500059,1.500057],"unit":"V"},"I":{"value":[0.0007997304200000001,0.000829070806,0.0007631182669999999,0.0007183849810000001,0.0006798952820000001,0.00065036118,0.000624358654,0.000600010157,0.000578165054,0.000558331609,0.0005394667389999999,0.0005231648679999999,0.0005046576259999999,0.000488355756,0.000473931432,0.000458955765,0.000442862511,0.000428780913,0.000415474176,0.000402152538,0.000388070941,0.000377118587,0.00037240982099999995,0.00035770237399999997,0.00034473836400000004,0.00033371150500000003,0.000322341919,0.000311031938,0.00029937923,0.000288978219,0.000278919935,0.000269427896,0.000259295106,0.000252425671,0.000242650509,0.000233501196,0.000225737691,0.000216990709,0.00020930171,0.000200837851,0.00019299984000000002,0.000185444951,0.00017954409099999998,0.000172406435,0.000164702535,0.000159919262,0.00015360117,0.00014646351299999998,0.000140160322,0.000134751201,0.000132381916,0.000125735998,0.000119552016,0.000113517046,0.000107765198,0.000101938844,9.5978379e-5,9.0017915e-5,8.3565712e-5,8.343160199999999e-5,7.489323600000001e-5,6.5743923e-5,6.0126185e-5,4.9993396000000004e-5,3.9324164e-5,2.8297304999999998e-5,1.5184283e-5,2.83122063e-7,-1.8447638e-5,-4.2095779999999996e-5,-7.1153045e-5,-0.000109225512,-0.0001552701,-0.000212132931,-0.00028051435899999997,-0.00036269426300000003,-0.00045804679399999996,-0.000565603375,-0.0006942450999999999,-0.0008352398869999999,-0.0009911358359999999,-0.001159996,-0.001343772,-0.001545504,-0.00176236,-0.0019901100000000002,-0.002230391,-0.00248608,-0.002757311,-0.003038526,-0.0033307519999999998,-0.0036402640000000003,-0.003954753,-0.004282922,-0.004611,-0.004947484,-0.005284100999999999,-0.005635574,-0.005986959,-0.0063425750000000005,-0.0067070720000000006,-0.006706595],"unit":"A"},"resistance":{"value":[-250.048259,-220.698659,-217.504022,-207.365775,-194.114888,-176.800275,-156.928305,-134.954155,-110.649072,-84.136113,-55.577273,-24.841152,7.933977,43.00595,80.229901,119.891948,162.620727,207.596872,255.17653,305.906625,360.800215,416.369211,467.293854,534.038075,603.422347,674.264791,750.875,832.800268,921.97143,1013.964,1111.561,1213.758,1326.767,1430.289,1557.95,1691.76,1825.335,1977.246,2131.065,2305.445,2487.267,2680.282,2863.003,3080.223,3327.506,3533.276,3789.234,4090.141,4395.292,4697.843,4910.43,5305.06,5721.62,6175.679,6662.985,7210.562,7835.476,8543.375,9406.22,9625.116,10949.399,12732.029,14204.146,17423.041,22583.13,31983.528,60723.988,3316855,-51825.577,-23115.044,-13914.139,-9220.025,-6595.349,-4907.52,-3771.959,-2964.102,-2384.137,-1960.808,-1622.01,-1368.539,-1170.429,-1014.72,-888.592865,-783.598909,-696.81779,-625.626668,-565.847714,-514.484902,-470.047384,-432.137628,-399.326351,-370.041082,-344.919581,-322.45604,-303.199997,-286.018963,-271.016429,-257.128089,-244.880188,-233.825962,-223.653271,-223.66896],"unit":"ohms"},"conductance":{"value":[-0.003999228,-0.004531065,-0.004597616,-0.004822397,-0.005151588,-0.0056561,-0.006372337,-0.007409924,-0.009037581,-0.011885503,-0.017992966,-0.040255782,0.126040194,0.023252596,0.012464181,0.008340844,0.006149278,0.004817028,0.003918856,0.003268971,0.002771617,0.002401715,0.002139981,0.001872526,0.001657214,0.001483097,0.00133178,0.001200768,0.001084632,0.0009862281,0.00089963534,0.000823887704,0.000753711861,0.00069915916,0.000641868966,0.000591100553,0.000547844641,0.000505753967,0.000469248865,0.000433755791,0.000402047637,0.000373095042,0.000349283634,0.000324651856,0.000300525344,0.000283023446,0.000263905581,0.000244490324,0.000227516195,0.00021286366,0.000203648172,0.000188499283,0.000174775665,0.000161925524,0.000150082894,0.000138685441,0.000127624657,0.000117049762,0.000106312635,0.000103894853,9.1329213e-5,7.8542077e-5,7.0401981e-5,5.739526e-5,4.4280842e-5,3.1266094e-5,1.6467957e-5,3.01490442e-7,-1.9295492e-5,-4.3261868e-5,-7.1869339e-5,-0.000108459575,-0.000151622,-0.000203768906,-0.000265114199,-0.000337370319,-0.000419439002,-0.000509993875,-0.000616519189,-0.000730706288,-0.000854387519,-0.000985493998,-0.001125375,-0.001276163,-0.001435095,-0.001598397,-0.00176726,-0.001943692,-0.002127445,-0.002314078,-0.002504217,-0.002702403,-0.002899227,-0.003101198,-0.003298153,-0.003496272,-0.003689813,-0.003889112,-0.00408363,-0.004276685,-0.004471207,-0.004470893],"unit":"S"},"power":{"value":[-0.159923051,-0.151699078,-0.126663356,-0.107016703,-0.089731081,-0.074781153,-0.061174377,-0.048585141,-0.0369872,-0.026228102,-0.01617434,-0.00679906,0.00202062,0.010256547,0.018020518,0.025254087,0.031894348,0.038167323,0.044048264,0.049473258,0.054336172,0.059215375,0.064808552,0.0683307,0.071713451,0.075088398,0.078019151,0.080565819,0.082634384,0.08467454,0.086475405,0.088108356,0.089203787,0.091136215,0.09173098,0.092239481,0.093014518,0.093098564,0.093356019,0.092992055,0.092648071,0.092174449,0.092291987,0.091556473,0.090265016,0.090360607,0.089400607,0.087739917,0.086345132,0.085302894,0.086055139,0.083870564,0.081777315,0.079580535,0.07737949,0.074928758,0.072179228,0.069228889,0.065685779,0.066998816,0.061415145,0.055031183,0.051350234,0.043546098,0.034922324,0.02561041,0.014000672,0.000265872782,-0.017637038,-0.040961123,-0.07044389,-0.109996858,-0.159005974,-0.22084027,-0.296809096,-0.389919093,-0.500208289,-0.62727651,-0.781770085,-0.954727886,-1.149771,-1.365397,-1.604552,-1.87169,-2.164256,-2.477817,-2.814891,-3.179822,-3.573659,-3.98977,-4.430091,-4.903608,-5.394568,-5.914946,-6.446434,-7.001056,-7.567245,-8.166311,-8.777406,-9.406411,-10.061002,-10.060277],"unit":"mW"},"J":{"value":[0.008374141,0.008681369999999999,0.007990767,0.007522356,0.007119322,0.006810065,0.006537787,0.006282829,0.0060540839999999995,0.0058464039999999995,0.005648866,0.005478166,0.005284373,0.005113673,0.004962633,0.00480582,0.004637304,0.004489852,0.004350515,0.004211021,0.004063570000000001,0.0039488859999999995,0.0038995790000000002,0.003745575,0.003609826,0.003494361,0.003375308,0.0032568790000000003,0.003134861,0.00302595,0.0029206279999999998,0.002821235,0.0027151320000000003,0.002643201,0.002540843,0.002445039,0.002363745,0.002272154,0.0021916410000000002,0.002103014,0.002020941,0.001941832,0.0018800429999999999,0.001805303,0.001724634,0.001674547,0.001608389,0.001533649,0.0014676469999999999,0.001411007,0.001386198,0.001316607,0.001251854,0.00118866,0.001128431,0.0010674220000000002,0.001005009,0.000942595966,0.0008750336330000001,0.000873629335,0.000784222368,0.0006884180439999999,0.0006295935649999999,0.000523491056,0.000411771355,0.00029630686,0.00015899773,2.9646289999999997e-6,-0.00019316897999999998,-0.000440793512,-0.0007450580599999999,-0.0011437230000000001,-0.001625865,-0.0022212869999999997,-0.002937323,-0.0037978459999999997,-0.004796302,-0.005922548,-0.007269582,-0.008745967,-0.010378386000000002,-0.012146553000000001,-0.014070909,-0.016183285000000002,-0.018454035,-0.020838844999999998,-0.023354879000000002,-0.026032251,-0.028872364999999997,-0.031817022,-0.034876987,-0.03811795,-0.041411029,-0.044847346,-0.048282727000000004,-0.051806109999999995,-0.055330897999999996,-0.059011251,-0.06269066699999999,-0.066414397,-0.07023112299999999,-0.07022613],"unit":"A\/cm2"},"power_density":{"value":[-1.674587,-1.588472,-1.326318,-1.120594,-0.939592473,-0.783048723,-0.640569395,-0.508744928,-0.387300521,-0.274639817,-0.16936482,-0.071194346,0.021158323,0.107398396,0.188696528,0.264440703,0.333972234,0.399657829,0.461238368,0.518044586,0.568965147,0.620056284,0.678623582,0.715504709,0.75092619,0.786265952,0.816954459,0.843621145,0.865281512,0.886644402,0.905501622,0.922600584,0.934071063,0.954305911,0.960533825,0.965858444,0.973974009,0.97485407,0.977549935,0.973738792,0.970136873,0.965177476,0.966408244,0.95870652,0.945183411,0.946184366,0.936132016,0.918742588,0.904137511,0.893224016,0.901100928,0.878225804,0.856306962,0.833304027,0.810256442,0.784594324,0.755803439,0.724909835,0.687809201,0.701558284,0.643090523,0.576242759,0.53769878,0.455980082,0.365678788,0.268171829,0.146603895,0.002784008,-0.18468103,-0.428912287,-0.737632355,-1.1518,-1.664984,-2.312464,-3.107949,-4.082922,-5.237783,-6.56834,-8.186074,-9.997151,-12.03949,-14.297348,-16.801595,-19.598849,-22.662367,-25.945731,-29.475295,-33.296565,-37.420513,-41.777698,-46.388386,-51.346683,-56.487619,-61.936603,-67.501923,-73.309486,-79.238169,-85.511108,-91.910009,-98.496449,-105.350804,-105.343213],"unit":"mW\/cm2"},"timestamps":{"value":[0.018,0.046,0.072,0.094,0.119,0.142,0.164,0.188,0.211,0.234,0.256,0.28,0.303,0.326,0.35,0.374,0.396,0.42,0.442,0.465,0.486,0.51,0.547,0.57,0.593,0.617,0.64,0.663,0.686,0.708,0.731,0.754,0.777,0.803,0.826,0.848,0.871,0.895,0.919,0.942,0.964,0.986,1.011,1.035,1.056,1.081,1.104,1.127,1.148,1.171,1.199,1.222,1.245,1.267,1.289,1.311,1.334,1.356,1.379,1.415,1.443,1.465,1.502,1.524,1.545,1.567,1.588,1.612,1.635,1.657,1.683,1.704,1.727,1.75,1.773,1.795,1.819,1.844,1.865,1.888,1.91,1.935,1.958,1.981,2.003,2.026,2.049,2.073,2.096,2.118,2.142,2.168,2.194,2.218,2.245,2.268,2.292,2.328,2.352,2.377,2.399,2.421],"unit":"s"},"p_max":{"unit":"mW","value":0.093356019},"v_p_max":{"unit":"V","value":0.446035624},"i_p_max":{"unit":"mA","value":0.20930171},"j_p_max":{"unit":"mA\/cm2","value":2.191641},"voc":{"unit":"V","value":0.939331484},"isc":{"unit":"mA","value":0.509016573},"jsc":{"unit":"mA\/cm2","value":5.330016},"fill_factor":{"unit":"%","value":19.525021},"efficiency":{"unit":"%","value":0.977549935},"r_s":{"unit":"ohms","value":128.268447},"r_sh":{"unit":"ohms","value":1070.424},"cell_dimension":{"value":0.0954999945666069,"unit":"cm2"},"sweep_direction":{"unit":"","value":"Forward"},"key":"forward11_1cell_231018"}]}}