{"_id":"6553213f201538293307e5e5","id":"KAIST-SC-00245","author":106,"group":12,"input":[{"tco":{"unit":"","value":"ITO"}},{"etl":[{"material":{"unit":"","value":"SnO2"},"concentration":{"unit":"","value":"5"},"conc_unit":{"unit":"","value":"wt%"},"quantity":{"unit":"ml","value":"0.8"}}],"spin_coating":[{"type":{"unit":"","value":"drop&run"},"rpm":{"unit":"","value":"4000"},"time":{"unit":"s","value":"30"}}],"annealing":[{"temperature":{"unit":"oC","value":"150"},"time":{"unit":"m","value":"30"}}]},{"perovskite":{"method":{"unit":"","value":"1-step"},"molarity":{"unit":"M","value":"1.8"},"a_site":[{"material":{"unit":"","value":"FA"},"ratio":{"unit":"","value":"100"}}],"b_site":[{"material":{"unit":"","value":"Pb"},"ratio":{"unit":"","value":"100"}}],"x_site":[{"material":{"unit":"","value":"I"},"ratio":{"unit":"","value":"100"}}],"solvent":[{"material":{"unit":"","value":"DMF"},"volume":{"unit":"ml","value":"0.8"}},{"material":{"unit":"","value":"DMSO"},"volume":{"unit":"ml","value":"0.1"}}],"additive":[{"material":{"unit":"","value":"MACl"},"solvent":{"unit":"","value":"None"},"concentration":{"unit":"","value":"42.86"},"conc_unit":{"unit":"","value":"mg\/ml"},"quantity":{"unit":"mol%","value":"35"}}],"stirring_time":[{"unit":"m","value":"20"}],"antisolvent":[{"material":{"unit":"","value":"DEE"},"quantity":{"unit":"ul","value":"1000"},"dripping_time":{"unit":"s","value":"28"}}],"spin_coating":[{"type":{"unit":"","value":"drop&run"},"rpm":{"unit":"","value":"5000"},"time":{"unit":"s","value":"15"}}],"annealing":[{"temperature":{"unit":"oC","value":"150"},"time":{"unit":"m","value":"15"}},{"temperature":{"unit":"oC","value":"100"},"time":{"unit":"m","value":"45"}}],"atmosphere":[{"type":{"unit":"","value":"Air"},"temperature":{"unit":"oC","value":"22"},"humidity":{"unit":"RH%","value":"19"}}]}},{"perovskite_treatment":[{"material":{"unit":"","value":"OAI"},"concentration":{"unit":"","value":"2.5"},"conc_unit":{"unit":"","value":"mg\/ml"},"quantity":{"unit":"ml","value":"Material"}}],"spin_coating":[{"type":{"unit":"","value":"drop&run"},"rpm":{"unit":"","value":"5000"},"time":{"unit":"s","value":"5"}}],"annealing":[{"temperature":{"unit":"oC","value":"100"},"time":{"unit":"m","value":"3"}}]},{"htl":[{"material":{"unit":"","value":"Spiro-OMeTAD"},"concentration":{"unit":"","value":"91"},"conc_unit":{"unit":"","value":"mg\/ml"},"quantity":{"unit":"ml","value":"1.1"}}],"htl_doping":[{"material":{"unit":"","value":"tBP"},"volume":{"unit":"ul","value":"39"}},{"material":{"unit":"","value":"Li-TFSI"},"volume":{"unit":"ul","value":"23"}},{"material":{"unit":"","value":"Co-TFSI"},"volume":{"unit":"ul","value":"10"}}],"spin_coating":[{"type":{"unit":"","value":"dynamic"},"rpm":{"unit":"","value":"2000"},"time":{"unit":"s","value":"30"}}]},{"anode_metal":{"unit":"","value":"Au"}},{"note":{"unit":"","value":"-"},"ar":{"unit":"","value":"0"},"type":{"unit":"","value":"unit_cell"},"device_type":{"unit":"","value":"n-i-p"},"temperature":{"unit":"\u2103","value":"22"},"humidity":{"unit":"%","value":"19"},"cell_dimension":{"unit":"cm2","value":"0.0955"}}],"fileinfo":[{"key":"reverse9_4cell_231114","uploadType":"JV","original_name":"reverse9_4cell_231114.csv","save_name":"KAIST-SC-00245\/reverse9_4cell_231114","uploader":106,"fileType":""},{"key":"forward9_4cell_231114","uploadType":"JV","original_name":"forward9_4cell_231114.csv","save_name":"KAIST-SC-00245\/forward9_4cell_231114","uploader":106,"fileType":""},{"key":"reverse9_3cell_231114","uploadType":"JV","original_name":"reverse9_3cell_231114.csv","save_name":"KAIST-SC-00245\/reverse9_3cell_231114","uploader":106,"fileType":""},{"key":"forward9_3cell_231114","uploadType":"JV","original_name":"forward9_3cell_231114.csv","save_name":"KAIST-SC-00245\/forward9_3cell_231114","uploader":106,"fileType":""},{"key":"reverse9_2cell_231114","uploadType":"JV","original_name":"reverse9_2cell_231114.csv","save_name":"KAIST-SC-00245\/reverse9_2cell_231114","uploader":106,"fileType":""},{"key":"forward9_2cell_231114","uploadType":"JV","original_name":"forward9_2cell_231114.csv","save_name":"KAIST-SC-00245\/forward9_2cell_231114","uploader":106,"fileType":""},{"key":"reverse9_1cell_231114","uploadType":"JV","original_name":"reverse9_1cell_231114.csv","save_name":"KAIST-SC-00245\/reverse9_1cell_231114","uploader":106,"fileType":""},{"key":"forward9_1cell_231114","uploadType":"JV","original_name":"forward9_1cell_231114.csv","save_name":"KAIST-SC-00245\/forward9_1cell_231114","uploader":106,"fileType":""}],"jvcnt":8,"updated_at":"2024-08-12 01:37:06","created_at":"2023-11-14 07:26:55","analysisInfo":{"JV":[{"efficiency":19.150581,"fill_factor":73.969451,"jsc":22.959566,"voc":1.127628,"key":"reverse9_4cell_231114","cell_dimension":0.09550000054323525},{"efficiency":2.025987,"fill_factor":25.190871,"jsc":7.024473,"voc":1.144932,"key":"reverse9_3cell_231114","cell_dimension":0.09550001854579752},{"efficiency":3.454032,"fill_factor":25.191534,"jsc":11.847841,"voc":1.157264,"key":"reverse9_2cell_231114","cell_dimension":0.09550000572466333},{"efficiency":18.658196,"fill_factor":70.365575,"jsc":22.891813,"voc":1.158322,"key":"reverse9_1cell_231114","cell_dimension":0.09550000956521744},{"efficiency":19.982181,"fill_factor":76.699641,"jsc":22.987114,"voc":1.133353,"key":"forward9_4cell_231114","cell_dimension":0.0954999983363058},{"efficiency":2.014161,"fill_factor":25.308129,"jsc":6.969925,"voc":1.141842,"key":"forward9_3cell_231114","cell_dimension":0.09549999955457539},{"efficiency":3.43416,"fill_factor":25.278675,"jsc":11.759305,"voc":1.155273,"key":"forward9_2cell_231114","cell_dimension":0.0954999988302462},{"efficiency":18.384933,"fill_factor":69.335534,"jsc":22.896307,"voc":1.158086,"key":"forward9_1cell_231114","cell_dimension":0.09550000138610298}]},"public":2,"tags":[],"analysis":{"JV":[{"V":{"value":[1.499979,1.482995,1.466021,1.448997,1.431994,1.415029,1.397977,1.380989,1.364006,1.34699,1.329991,1.313,1.296006,1.27899,1.262,1.245003,1.227981,1.210996,1.194003,1.177014,1.159992,1.143003,1.126024,1.108985,1.091994,1.074999,1.058027,1.040992,1.024011,1.007011,0.989979744,0.97299552,0.956008434,0.939017057,0.921987772,0.904996634,0.888013601,0.870988131,0.853992939,0.837007046,0.819981813,0.802994728,0.785996675,0.76900816,0.751996517,0.734988928,0.718015432,0.700969696,0.68396759,0.666996956,0.650011063,0.633000851,0.616004229,0.599021196,0.58199048,0.565000534,0.548014879,0.531013966,0.513994217,0.497012615,0.480006456,0.4629879,0.446006298,0.429012299,0.412014246,0.394995689,0.378007174,0.361029625,0.343979836,0.326999664,0.310012341,0.292984486,0.275993109,0.25900197,0.242010832,0.224984169,0.207989693,0.190999508,0.174003601,0.156996965,0.139994383,0.123002768,0.105998755,0.088993311,0.071999073,0.055003166,0.038006067,0.020997643,0.004002005,-0.012999028,-0.029990911,-0.046992064,-0.063992023,-0.0809865,-0.097994566,-0.114994526,-0.131982088,-0.148982048,-0.165991306,-0.182985783,-0.199981689,-0.199980259],"unit":"V"},"I":{"value":[-0.010899514,-0.011224686999999999,-0.01089175,-0.010381296,-0.009834349,-0.009243518,-0.00863722,-0.008027241000000001,-0.007409841,-0.0067914130000000005,-0.006178111,-0.005568399999999999,-0.004968136999999999,-0.0043745929999999995,-0.00379999,-0.003237933,-0.002691135,-0.002165765,-0.001665145,-0.001191989,-0.0007467120889999999,-0.000337645411,3.5226345e-5,0.000371009111,0.0006671994919999999,0.0009268969299999999,0.0011497139999999998,0.001337856,0.001492783,0.001621902,0.001728013,0.001812264,0.001884311,0.00193952,0.001983628,0.002020448,0.002051234,0.002079397,0.002099231,0.002116278,0.0021291820000000003,0.002143189,0.002150059,0.0021599080000000003,0.002164751,0.002170727,0.002174675,0.002179459,0.0021759270000000002,0.002176762,0.002178416,0.002181128,0.0021793249999999998,0.00218077,0.002181396,0.002184317,0.002181888,0.0021840329999999997,0.0021836159999999998,0.002184242,0.002183974,0.0021851509999999998,0.002182364,0.0021850019999999997,0.0021841680000000002,0.002183691,0.002184793,0.0021827220000000002,0.0021847340000000002,0.00218758,0.002184942,0.002185628,0.002185777,0.002184376,0.002186388,0.0021870880000000002,0.00219062,0.002187014,0.002189577,0.002186805,0.0021915290000000002,0.002192289,0.002194226,0.002193257,0.002193183,0.002191111,0.002193183,0.002189651,0.002192214,0.002194017,0.002190828,0.002193123,0.002196446,0.0021955520000000004,0.0021954030000000003,0.0021949260000000003,0.0021966549999999996,0.0021944340000000003,0.0021983239999999998,0.002199009,0.002198949,0.002199158],"unit":"A"},"resistance":{"value":[-137.618912,-132.119032,-134.599237,-139.577704,-145.611462,-153.08336,-161.855019,-172.037832,-184.080343,-198.337245,-215.274685,-235.794792,-260.863548,-292.367744,-332.106175,-384.505638,-456.30596,-559.154216,-717.056181,-987.437401,-1553.466,-3385.217,31965.394,2989.105,1636.683,1159.782,920.251957,778.104297,685.974506,620.882584,572.900582,536.894926,507.351606,484.149141,464.798804,447.918696,432.91672,418.865636,406.812297,395.509059,385.115847,374.672794,365.56986,356.037392,347.382408,338.591193,330.171303,321.625587,314.333863,306.417087,298.387069,290.21724,282.658316,274.683339,266.797276,258.662392,251.165492,243.134545,235.386707,227.544664,219.785814,211.879135,204.368384,196.344124,188.636744,180.884452,173.017358,165.403386,157.447028,149.480103,141.885821,134.050493,126.267744,118.570226,110.689803,102.869274,94.945596,87.333479,79.469062,71.792851,63.879786,56.107013,48.308043,40.575866,32.82858,25.102861,17.329184,9.589493,1.825554,-5.924761,-13.689302,-21.427007,-29.134348,-36.886624,-44.636254,-52.391069,-60.083221,-67.890864,-75.508131,-83.212837,-90.944196,-90.934918],"unit":"ohms"},"conductance":{"value":[-0.007266443,-0.007568932,-0.007429463,-0.007164468,-0.006867591,-0.006532389,-0.006178369,-0.005812675,-0.005432411,-0.005041917,-0.004645228,-0.004240976,-0.003833422,-0.00342035,-0.003011085,-0.002600742,-0.002191512,-0.001788415,-0.001394591,-0.001012722,-0.000643722033,-0.000295402038,3.1283831e-5,0.000334548303,0.00061099201,0.000862230811,0.001086659,0.001285175,0.00145778,0.00161061,0.001745504,0.001862562,0.00197102,0.002065479,0.002151469,0.002232548,0.002309913,0.0023874,0.002458136,0.002528387,0.002596621,0.002668995,0.002735455,0.002808694,0.002878672,0.002953414,0.003028731,0.003109205,0.003181331,0.003263526,0.003351352,0.003445695,0.00353784,0.003640556,0.003748164,0.003866043,0.003981439,0.004112949,0.004248328,0.004394742,0.004549884,0.004719672,0.004893125,0.005093099,0.005301194,0.005528391,0.005779767,0.006045825,0.006351343,0.006689854,0.007047921,0.007459876,0.007919679,0.00843382,0.009034256,0.009721076,0.010532347,0.011450363,0.012583513,0.013928964,0.015654404,0.017823084,0.020700487,0.024645192,0.030461263,0.039836097,0.057706121,0.104280803,0.547778978,-0.168783172,-0.073049741,-0.046670074,-0.034323748,-0.027110099,-0.022403313,-0.019087223,-0.016643582,-0.014729522,-0.013243607,-0.012017377,-0.010995754,-0.010996876],"unit":"S"},"power":{"value":[-16.349045,-16.646153,-15.967538,-15.042472,-14.082729,-13.079844,-12.074637,-11.085532,-10.107068,-9.147966,-8.216831,-7.311308,-6.438733,-5.595061,-4.795587,-4.031238,-3.304662,-2.622733,-1.988188,-1.402987,-0.866179678,-0.385929714,0.03966571,0.411443608,0.728577715,0.996412918,1.216428,1.392697,1.528627,1.633273,1.710698,1.763325,1.801418,1.821243,1.82888,1.828499,1.821524,1.81113,1.792728,1.771339,1.745891,1.72097,1.689939,1.660987,1.627885,1.59546,1.561451,1.527735,1.488264,1.451893,1.415994,1.380656,1.342473,1.306327,1.269552,1.23414,1.195707,1.159752,1.122366,1.085596,1.048322,1.011698,0.973348296,0.937392717,0.899908127,0.8625484,0.82586756,0.788027338,0.751504355,0.715337883,0.677359096,0.640355042,0.603259342,0.565757719,0.529129525,0.492060206,0.45562632,0.417718526,0.380994218,0.34332175,0.306801705,0.26965757,0.232585201,0.195185221,0.157907122,0.120518067,0.08335425,0.045977514,0.008773252,-0.028520091,-0.065704938,-0.10305938,-0.140555028,-0.177810071,-0.215137562,-0.252404491,-0.289919071,-0.326931332,-0.364902607,-0.402387394,-0.439749627,-0.439788201],"unit":"mW"},"J":{"value":[-0.11413103599999999,-0.11753599099999999,-0.11404974300000001,-0.108704673,-0.10297747800000001,-0.096790766,-0.090442091,-0.08405487599999999,-0.077589956,-0.07111427000000001,-0.06469226,-0.058307854,-0.052022372,-0.045807262,-0.039790469,-0.033905057,-0.028179422,-0.022678163,-0.017436075,-0.012481556,-0.007818975,-0.0035355539999999998,0.000368862252,0.003884912,0.006986382,0.009705726999999999,0.01203889,0.014008964,0.01563124,0.016983267,0.018094379,0.01897659,0.01973101,0.020309111999999997,0.02077097,0.021156528,0.021478893,0.021773795,0.021981475,0.022159977,0.022295102,0.022441773,0.022513704,0.022616841999999998,0.022667553,0.022730122000000002,0.022771470999999998,0.022821557,0.022784578,0.022793315,0.022810635000000003,0.022839033,0.022820153000000003,0.022835288,0.022841842,0.022872424,0.022846991,0.02286946,0.022865091,0.022871644,0.022868835,0.022881162,0.022851984000000002,0.022879602,0.022870864,0.022865871,0.022877417,0.022855729,0.022876793,0.022906595,0.022878978,0.022886155,0.022887715,0.022873048,0.022894113,0.022901446,0.022938426,0.022900666,0.022927503999999998,0.022898482,0.022947944,0.022955901999999997,0.022976186,0.022966044,0.022965264000000003,0.022943575,0.022965264000000003,0.022928284,0.022955121999999998,0.022974002,0.022940611,0.022964639999999998,0.022999435,0.022990073,0.022988513000000002,0.02298352,0.02300162,0.022978371,0.023019095,0.023026273,0.023025649000000002,0.023027833],"unit":"A\/cm2"},"power_density":{"value":[-171.194187,-174.305262,-167.199352,-157.512799,-147.463127,-136.961722,-126.435995,-116.078865,-105.833169,-95.790219,-86.040115,-76.558196,-67.421292,-58.587031,-50.215576,-42.211913,-34.603791,-27.463174,-20.818719,-14.690967,-9.069944,-4.041149,0.415347751,4.30831,7.629086,10.433643,12.737465,14.583213,16.006568,17.102331,17.913068,18.464137,18.863012,19.070603,19.150581,19.146587,19.073549,18.964717,18.772025,18.548057,18.281578,18.020625,17.695697,17.392536,17.045921,16.706388,16.350267,15.99722,15.583913,15.203072,14.827165,14.457127,14.057311,13.678822,13.293734,12.922932,12.520491,12.144002,11.752524,11.367496,10.977189,10.593701,10.192129,9.815631,9.423122,9.03192,8.647828,8.251595,7.869156,7.490449,7.092765,6.705288,6.316852,5.924165,5.540623,5.152463,4.770956,4.374016,3.989468,3.594992,3.212583,2.823639,2.435447,2.043824,1.653478,1.261969,0.872819367,0.481439935,0.091866509,-0.298639692,-0.688009825,-1.079156,-1.47178,-1.861886,-2.252749,-2.642979,-3.035802,-3.423365,-3.82097,-4.213481,-4.604708,-4.605112],"unit":"mW\/cm2"},"timestamps":{"value":[0.018,0.04,0.066,0.089,0.114,0.137,0.161,0.184,0.209,0.231,0.255,0.279,0.301,0.339,0.362,0.383,0.406,0.427,0.449,0.471,0.497,0.532,0.554,0.577,0.599,0.623,0.648,0.671,0.692,0.716,0.738,0.767,0.789,0.822,0.845,0.866,0.89,0.912,0.936,0.958,0.984,1.006,1.03,1.054,1.078,1.101,1.122,1.148,1.171,1.193,1.216,1.238,1.299,1.321,1.349,1.371,1.392,1.415,1.436,1.458,1.481,1.504,1.527,1.55,1.575,1.595,1.617,1.638,1.661,1.686,1.71,1.733,1.756,1.778,1.801,1.824,1.852,1.876,1.906,1.927,1.95,1.975,1.996,2.02,2.044,2.067,2.089,2.128,2.153,2.179,2.21,2.232,2.264,2.289,2.312,2.336,2.357,2.381,2.405,2.428,2.451,2.471],"unit":"s"},"p_max":{"unit":"mW","value":1.82888},"v_p_max":{"unit":"V","value":0.921987772},"i_p_max":{"unit":"mA","value":1.983628},"j_p_max":{"unit":"mA\/cm2","value":20.77097},"voc":{"unit":"V","value":1.127628},"isc":{"unit":"mA","value":2.192639},"jsc":{"unit":"mA\/cm2","value":22.959566},"fill_factor":{"unit":"%","value":73.969451},"efficiency":{"unit":"%","value":19.150581},"r_s":{"unit":"ohms","value":36.59677},"r_sh":{"unit":"ohms","value":5489.223},"cell_dimension":{"value":0.09550000054323525,"unit":"cm2"},"sweep_direction":{"unit":"","value":"Reverse"},"key":"reverse9_4cell_231114"},{"V":{"value":[1.49999,1.482992,1.466023,1.449003,1.431995,1.415018,1.397982,1.380978,1.364014,1.346987,1.329992,1.313004,1.296011,1.278991,1.262007,1.245003,1.227981,1.210998,1.194001,1.177013,1.159996,1.143004,1.126017,1.108981,1.091993,1.075012,1.058022,1.040989,1.02401,1.007009,0.989982605,0.972994089,0.956008434,0.939011574,0.921986341,0.904993773,0.888008118,0.870989561,0.853998423,0.837005854,0.819984674,0.802996159,0.785998106,0.76900959,0.751993895,0.734988928,0.71799922,0.700986147,0.683989525,0.667003632,0.650019407,0.633000851,0.616009712,0.599018335,0.58199048,0.565003395,0.548012018,0.531015396,0.513995647,0.497012615,0.480006456,0.4629879,0.446003437,0.429014921,0.412015676,0.394989014,0.378010035,0.361013412,0.343985319,0.32699132,0.310026169,0.292995214,0.275991917,0.259004831,0.242009401,0.224984169,0.207992554,0.190999508,0.174000978,0.156992912,0.139998436,0.123001337,0.106001377,0.088993311,0.071997643,0.055007219,0.038002014,0.021001041,0.004002988,-0.01299873,-0.029993534,-0.046982527,-0.06398654,-0.08098793,-0.097991943,-0.114993095,-0.131984711,-0.148980618,-0.165988684,-0.182985783,-0.199980259,-0.199980259],"unit":"V"},"I":{"value":[-0.00021627545400000001,-0.000202551484,-0.000192016363,-0.000181749463,-0.00017121434199999998,-0.00016121566300000001,-0.000150755048,-0.000140354037,-0.000130012631,-0.000120028853,-0.00010983645899999999,-9.9778175e-5,-8.9719892e-5,-7.9393387e-5,-6.9335103e-5,-5.9217214999999994e-5,-4.9293041e-5,-3.9026141e-5,-2.8833747e-5,-1.8924475e-5,-8.73208e-6,1.117587e-6,1.1578202e-5,2.1576880999999998e-5,3.1620264e-5,4.1753054e-5,5.1528215e-5,6.2003732e-5,7.1778893e-5,8.1896782e-5,9.2104077e-5,0.000101879239,0.000112205744,0.000122129917,0.000132247806,0.00014223158399999998,0.000152423978,0.000162139535,0.00017246603999999997,0.00018259882899999998,0.00019229948499999998,0.000202640891,0.000212281942,0.000222474337,0.000232458115,0.000242576003,0.00025229156,0.000262200832,0.000272408128,0.000282526016,0.000292435288,0.00030249357199999997,0.000312268734,0.00032219290699999996,0.000332176685,0.000342443585,0.000352010131,0.000362351537,0.000371769071,0.00038176775,0.00039209425399999996,0.00040173530600000004,0.000411853194,0.000421851873,0.00043126940699999997,0.00044132769100000004,0.000451177359,0.00046060979400000003,0.00047121942,0.000480934978,0.000490918756,0.000500828028,0.000510051847,0.000519827008,0.000528842211,0.000537648797,0.000547498465,0.000558257103,0.0005682408810000001,0.000577807426,0.0005884915590000001,0.00059813261,0.000607356429,0.000616848469,0.000627398491,0.000637516379,0.0006480515,0.000658601522,0.0006680935620000001,0.00067974627,0.000687509775,0.000698536634,0.0007087290290000001,0.0007187277079999999,0.000728160143,0.000739589334,0.000749588013,0.0007605403659999999,0.000771984458,0.000782594085,0.000794515014,0.00079472363],"unit":"A"},"resistance":{"value":[-6935.555,-7321.557,-7634.884,-7972.53,-8363.758,-8777.173,-9273.2,-9839.247,-10491.397,-11222.197,-12108.842,-13159.228,-14445.082,-16109.544,-18201.559,-21024.35,-24911.85,-31030.427,-41409.852,-62195.263,-132842.976,1022743,97253.21,51396.729,34534.582,25746.912,20532.877,16789.133,14266.171,12296.079,10748.521,9550.465,8520.138,7688.629,6971.657,6362.819,5825.908,5371.852,4951.69,4583.851,4264.102,3962.656,3702.614,3456.622,3234.965,3029.933,2845.911,2673.47,2510.9,2360.857,2222.78,2092.609,1972.691,1859.192,1752.051,1649.917,1556.808,1465.47,1382.567,1301.872,1224.212,1152.47,1082.918,1016.98,955.355677,895.001654,837.83024,783.772767,729.989691,679.907545,631.522355,585.021601,541.105612,498.251971,457.621189,418.459355,379.896141,342.135383,306.209891,271.70456,237.893703,205.642252,174.52911,144.270944,114.755843,86.283617,58.640423,31.887325,5.991658,-19.122915,-43.626338,-67.258501,-90.283504,-112.682354,-134.574715,-155.482361,-176.076336,-195.88785,-215.015577,-233.819532,-251.701045,-251.634973],"unit":"ohms"},"conductance":{"value":[-0.000144184575,-0.000136582976,-0.000130977753,-0.000125430703,-0.000119563473,-0.000113931894,-0.000107837645,-0.000101633789,-9.531619e-5,-8.9109108e-5,-8.2584282e-5,-7.5992299e-5,-6.9227713e-5,-6.2075005e-5,-5.4940348e-5,-4.7563896e-5,-4.0141539e-5,-3.2226434e-5,-2.4148843e-5,-1.6078395e-5,-7.527684e-6,9.77762704e-7,1.0282437e-5,1.9456491e-5,2.8956482e-5,3.8839609e-5,4.8702382e-5,5.9562336e-5,7.0095895e-5,8.1326741e-5,9.3036056e-5,0.000104706946,0.000117368989,0.000130062206,0.000143437923,0.000157163052,0.000171647055,0.000186155543,0.000201951239,0.000218157171,0.00023451595,0.000252355991,0.000270079458,0.000289299821,0.000309122343,0.00033004035,0.000351381385,0.000374045669,0.000398263596,0.00042357493,0.000449887011,0.0004778723,0.000506921771,0.000537868189,0.000570759654,0.000606091199,0.000642340166,0.000682374823,0.000723292254,0.000768124869,0.000816852043,0.000867701523,0.000923430539,0.0009833035,0.001046731,0.001117316,0.001193559,0.00127588,0.001369882,0.001470788,0.001583475,0.001709339,0.001848068,0.002007017,0.002185213,0.002389718,0.002632298,0.00292282,0.003265734,0.003680468,0.004203558,0.004862814,0.005729703,0.006931403,0.008714153,0.011589686,0.017053083,0.031360423,0.166898703,-0.052293284,-0.022921933,-0.014868009,-0.011076221,-0.008874504,-0.007430816,-0.006431598,-0.005679355,-0.005104962,-0.004650826,-0.004276803,-0.003972967,-0.00397401],"unit":"S"},"power":{"value":[-0.324411066,-0.300382265,-0.281500353,-0.263355514,-0.245178149,-0.22812304,-0.21075279,-0.193825853,-0.177339069,-0.161677364,-0.146081644,-0.131009121,-0.116277985,-0.101543445,-0.087501385,-0.073725637,-0.060530911,-0.047260572,-0.034427528,-0.022274347,-0.010129175,0.001277407,0.013037256,0.023928354,0.034529095,0.044885042,0.054518011,0.064545198,0.073502301,0.082470818,0.091181434,0.099127897,0.107269637,0.114681406,0.12193067,0.128718697,0.13535373,0.141221842,0.147285726,0.152836289,0.157682631,0.162719857,0.166853205,0.171084898,0.174807083,0.178290676,0.181145143,0.183799151,0.186324306,0.188445879,0.190088613,0.191478689,0.192360573,0.192999459,0.193323669,0.193481788,0.192905782,0.192414245,0.191087684,0.189743388,0.188207774,0.185998585,0.18368794,0.180980748,0.177689757,0.174319589,0.170549569,0.166286313,0.162092563,0.157261563,0.152197661,0.146740215,0.140770187,0.134637707,0.127984787,0.120962468,0.113875604,0.106626832,0.098874469,0.090711671,0.082387898,0.073571111,0.064380618,0.054895388,0.045171212,0.035068003,0.024627262,0.013831318,0.002674371,-0.008835838,-0.020620848,-0.032819016,-0.045349118,-0.05820827,-0.071353827,-0.085047667,-0.098934157,-0.113305773,-0.128140684,-0.143203591,-0.158887318,-0.158929037],"unit":"mW"},"J":{"value":[-0.002264664,-0.002120958,-0.002010643,-0.001903136,-0.00179282,-0.0016881219999999998,-0.001578587,-0.001469676,-0.001361389,-0.001256847,-0.0011501200000000001,-0.001044798,-0.000939475304,-0.000831344365,-0.000726022021,-0.000620075545,-0.0005161575,-0.00040865069300000004,-0.00030192405100000003,-0.00019816203900000002,-9.143539700000001e-5,1.1702483e-5,0.00012123771999999999,0.00022593593100000002,0.000331102241,0.00043720475,0.000539562465,0.000649253735,0.00075161145,0.000857557926,0.0009644406,0.0010667979999999999,0.001174929,0.001278847,0.0013847940000000002,0.001489336,0.001596063,0.0016977960000000001,0.0018059270000000001,0.00191203,0.0020136069999999997,0.002121894,0.002222848,0.002329574,0.002434116,0.002540063,0.0026417959999999996,0.002745558,0.002852441,0.0029583879999999997,0.00306215,0.003167472,0.0032698299999999996,0.0033737479999999998,0.0034782899999999998,0.003585797,0.0036859700000000002,0.003794257,0.0038928699999999997,0.003997568,0.004105699000000001,0.004206652,0.004312598999999999,0.004417297,0.00451591,0.004621232,0.00472437,0.004823139000000001,0.004934235,0.005035968,0.005140511,0.005244273,0.005340857,0.005443215,0.005537615,0.00562983,0.005732968,0.005845624,0.005950166000000001,0.00605034,0.0061622149999999995,0.006263169000000001,0.006359753,0.006459146,0.006569618,0.006675563999999999,0.006785879999999999,0.006896351,0.006995744,0.007117762,0.007199055,0.00731452,0.007421246,0.007525945,0.007624714,0.007744391000000001,0.007849089,0.007963773,0.008083607000000001,0.008194702,0.008319528999999999,0.008321713000000001],"unit":"A\/cm2"},"power_density":{"value":[-3.396975,-3.145364,-2.947648,-2.757649,-2.56731,-2.388723,-2.206835,-2.02959,-1.856954,-1.692957,-1.529651,-1.371823,-1.217571,-1.063282,-0.916244872,-0.771996201,-0.633831526,-0.494875098,-0.360497679,-0.233239233,-0.106064655,0.013375989,0.136515774,0.250558685,0.361561203,0.470000444,0.570869228,0.675865946,0.769657598,0.863568779,0.954779418,1.037988,1.123242,1.200852,1.276761,1.34784,1.417317,1.478763,1.542259,1.60038,1.651127,1.703873,1.747154,1.791465,1.830441,1.866918,1.896808,1.924598,1.95104,1.973255,1.990457,2.005012,2.014247,2.020937,2.024332,2.025987,2.019956,2.014809,2.000918,1.986842,1.970762,1.947629,1.923434,1.895086,1.860626,1.825336,1.785859,1.741218,1.697304,1.646718,1.593693,1.536547,1.474033,1.409819,1.340155,1.266623,1.192415,1.116511,1.035335,0.949860425,0.862700501,0.770378124,0.674142596,0.574820812,0.472996987,0.367204223,0.257877092,0.14483055,0.028003882,-0.092521866,-0.215925109,-0.343654619,-0.474859877,-0.609510675,-0.747160497,-0.890551485,-1.03596,-1.186448,-1.341787,-1.499514,-1.663742,-1.664178],"unit":"mW\/cm2"},"timestamps":{"value":[0.019,0.043,0.065,0.087,0.115,0.138,0.16,0.183,0.205,0.23,0.252,0.274,0.296,0.32,0.342,0.371,0.393,0.414,0.436,0.459,0.481,0.507,0.531,0.554,0.581,0.603,0.627,0.651,0.673,0.708,0.732,0.755,0.779,0.8,0.823,0.845,0.867,0.89,0.911,0.937,0.961,0.985,1.007,1.029,1.051,1.08,1.103,1.125,1.147,1.17,1.191,1.218,1.239,1.261,1.282,1.303,1.329,1.351,1.373,1.394,1.417,1.44,1.462,1.486,1.51,1.533,1.557,1.594,1.632,1.655,1.677,1.698,1.719,1.743,1.766,1.792,1.817,1.84,1.863,1.886,1.908,1.931,1.952,1.978,2.002,2.023,2.047,2.077,2.098,2.12,2.144,2.167,2.189,2.212,2.234,2.255,2.277,2.303,2.324,2.347,2.368,2.39],"unit":"s"},"p_max":{"unit":"mW","value":0.193481788},"v_p_max":{"unit":"V","value":0.565003395},"i_p_max":{"unit":"mA","value":0.342443585},"j_p_max":{"unit":"mA\/cm2","value":3.585797},"voc":{"unit":"V","value":1.144932},"isc":{"unit":"mA","value":0.670837147},"jsc":{"unit":"mA\/cm2","value":7.024473},"fill_factor":{"unit":"%","value":25.190871},"efficiency":{"unit":"%","value":2.025987},"r_s":{"unit":"ohms","value":1685.56},"r_sh":{"unit":"ohms","value":1706.709},"cell_dimension":{"value":0.09550001854579752,"unit":"cm2"},"sweep_direction":{"unit":"","value":"Reverse"},"key":"reverse9_3cell_231114"},{"V":{"value":[1.499989,1.482991,1.466021,1.448999,1.431995,1.415016,1.397991,1.380993,1.364009,1.346989,1.329993,1.313005,1.296008,1.278991,1.262006,1.245002,1.227982,1.210996,1.194005,1.177014,1.159996,1.143004,1.126014,1.10898,1.091997,1.075014,1.05802,1.040981,1.024021,1.007011,0.989981174,0.972990036,0.956011057,0.939017057,0.921987772,0.904993773,0.888014793,0.870986938,0.853995562,0.837011337,0.819984674,0.802993298,0.785996675,0.76900959,0.751996517,0.734990358,0.71799922,0.700984716,0.683977127,0.667011976,0.650017977,0.63299942,0.616005659,0.599022627,0.58198905,0.565000534,0.548012018,0.531013966,0.513999701,0.497012615,0.480007648,0.462986469,0.446003437,0.429013729,0.412015676,0.394995689,0.378007174,0.361013412,0.343987942,0.327003717,0.310016632,0.292987108,0.275993109,0.259006023,0.242010832,0.224980116,0.207991123,0.190996647,0.174000978,0.156994343,0.139997005,0.122999907,0.106002808,0.088993311,0.071993589,0.055004597,0.038008928,0.021000475,0.004000723,-0.012998581,-0.030004501,-0.046974421,-0.063990593,-0.0809865,-0.097990513,-0.114995718,-0.131987572,-0.148984671,-0.165991306,-0.182987213,-0.199981689,-0.199981689],"unit":"V"},"I":{"value":[-0.0003503263,-0.00032834708699999997,-0.00031031668200000003,-0.000292778015,-0.000275373459,-0.000257819891,-0.000240623951,-0.00022335350500000002,-0.000206157565,-0.000189304352,-0.000172033906,-0.000154986978,-0.00013798475299999999,-0.00012107193500000001,-0.000104218721,-8.7231398e-5,-7.030367899999999e-5,-5.3599477e-5,-3.6537647e-5,-1.9893049999999998e-5,-2.69711e-6,1.4081597e-5,3.0860305e-5,4.8056245e-5,6.464123700000001e-5,8.149445099999999e-5,9.8407269e-5,0.000115051866,0.000132039189,0.000148892403,0.000165462494,0.00018239021299999998,0.000199243426,0.000215888023,0.00023259222500000002,0.000249445438,0.00026601553,0.000282734632,0.00029964745,0.000316157937,0.00033301114999999997,0.000349998474,0.000366568565,0.00038328766800000005,0.000400066376,0.000416651368,0.000433430076,0.000450134277,0.000466778874,0.00048349797700000005,0.000499933958,0.0005167871710000001,0.000533431768,0.0005499273540000001,0.000566780567,0.000583425164,0.000599935651,0.000616773963,0.0006332099439999999,0.0006500035520000001,0.000666648149,0.000683143735,0.000699713826,0.000716224313,0.00073286891,0.000749379396,0.000765815377,0.000782385468,0.000798881054,0.000815600157,0.000831902027,0.000848472118,0.00086504221,0.000881686807,0.0008981972929999999,0.0009145587680000001,0.000930994749,0.00094743073,0.0009638667109999999,0.000980377197,0.000996664166,0.0010128919999999998,0.001029402,0.001045763,0.001062199,0.001078501,0.001094937,0.001111373,0.001127601,0.0011440369999999999,0.001160324,0.0011767000000000001,0.001192719,0.001208946,0.001225173,0.00124146,0.0012578370000000001,0.0012739149999999998,0.001290008,0.00130637,0.0013223290000000001,0.0013224629999999999],"unit":"A"},"resistance":{"value":[-4281.691,-4516.534,-4724.275,-4949.138,-5200.194,-5488.391,-5809.859,-6182.993,-6616.341,-7115.467,-7730.996,-8471.712,-9392.403,-10563.895,-12109.202,-14272.407,-17466.828,-22593.437,-32678.767,-59167.101,-430088.309,81170.083,36487.471,23076.703,16893.189,13191.25,10751.438,9047.926,7755.432,6763.345,5983.115,5334.661,4798.206,4349.556,3963.966,3628.023,3338.207,3080.581,2850.001,2647.447,2462.334,2294.277,2144.201,2006.351,1879.679,1764.042,1656.551,1557.279,1465.313,1379.555,1300.208,1224.874,1154.797,1089.276,1026.833,968.419891,913.45133,860.953927,811.736622,764.630614,720.031472,677.729218,637.408352,598.99353,562.1956,527.097077,493.600918,461.426531,430.587182,400.93631,372.660027,345.311416,319.051609,293.761936,269.440616,245.998534,223.407407,201.594313,180.523901,160.136673,140.465575,121.434431,102.975131,85.098889,67.777843,51.000953,34.713337,18.895968,3.547997,-11.362032,-25.858735,-39.920473,-53.651033,-66.989338,-79.980929,-92.629386,-104.93219,-116.950229,-128.674591,-140.073047,-151.234438,-151.219101],"unit":"ohms"},"conductance":{"value":[-0.000233552611,-0.000221408723,-0.000211672697,-0.00020205537,-0.00019230052,-0.000182202757,-0.000172121222,-0.000161733973,-0.00015114095,-0.000140538908,-0.000129349435,-0.000118039902,-0.000106469031,-9.4662053e-5,-8.2581824e-5,-7.0065265e-5,-5.7251379e-5,-4.4260641e-5,-3.060091e-5,-1.6901284e-5,-2.325104e-6,1.231981e-5,2.7406668e-5,4.3333746e-5,5.9195453e-5,7.580783e-5,9.3010815e-5,0.000110522561,0.000128941888,0.00014785583,0.00016713701,0.00018745332,0.000208411215,0.000229908522,0.00025227257,0.000275632215,0.000299562047,0.00032461409,0.000350877058,0.000377722407,0.000406118749,0.000435867242,0.000466374193,0.00049841728,0.000532005623,0.000566880046,0.000603663714,0.000642145637,0.000682448076,0.000724871508,0.000769107895,0.000816410181,0.000865952708,0.000918041037,0.000973868095,0.00103261,0.001094749,0.001161502,0.001231927,0.001307821,0.001388828,0.001475516,0.001568853,0.001669467,0.00177874,0.001897184,0.002025928,0.002167192,0.00232241,0.002494162,0.002683411,0.002895937,0.003134289,0.003404117,0.003711393,0.004065065,0.004476127,0.004960457,0.005539433,0.006244666,0.007119182,0.008234897,0.009711083,0.011751035,0.014754084,0.019607477,0.028807372,0.052921342,0.281849198,-0.088012427,-0.038671652,-0.025049803,-0.01863897,-0.014927749,-0.012502981,-0.01079571,-0.009529964,-0.008550646,-0.007771542,-0.007139132,-0.006612251,-0.006612921],"unit":"S"},"power":{"value":[-0.525485524,-0.48693569,-0.454930865,-0.42423503,-0.394333524,-0.364819377,-0.336390161,-0.308449656,-0.281200705,-0.254990864,-0.228803974,-0.203498672,-0.178829391,-0.154849942,-0.131524607,-0.108603267,-0.086331672,-0.064908773,-0.043626143,-0.023414401,-0.003128636,0.016095328,0.03474915,0.0532934,0.070588016,0.087607646,0.104116823,0.119766785,0.135210891,0.149936242,0.163804754,0.17746386,0.190478919,0.202722536,0.214447187,0.225746568,0.236225726,0.246258172,0.255897593,0.264627778,0.27306404,0.281046429,0.288121674,0.294751893,0.300848521,0.306234738,0.311202456,0.315537249,0.319266073,0.322498941,0.32496606,0.32712598,0.328596988,0.329418928,0.329860084,0.329635529,0.328771947,0.327515588,0.325469721,0.323059965,0.319996211,0.316286306,0.312074771,0.307270063,0.30195348,0.296001631,0.289483706,0.282451648,0.274805449,0.266704283,0.257903465,0.248591392,0.238745689,0.228362194,0.217373474,0.205757538,0.193638644,0.180956093,0.167713751,0.153913674,0.139529999,0.124585564,0.109119504,0.093065956,0.076471553,0.059322531,0.041617394,0.023339367,0.004511218,-0.014870853,-0.034814932,-0.0552748,-0.07632278,-0.097908314,-0.120055377,-0.142762635,-0.166018827,-0.189793832,-0.214130184,-0.239048987,-0.264441596,-0.264468416],"unit":"mW"},"J":{"value":[-0.0036683379999999997,-0.003438189,-0.0032493889999999997,-0.003065738,-0.002883492,-0.0026996850000000003,-0.0025196230000000003,-0.00233878,-0.002158718,-0.001982245,-0.001801402,-0.0016229,-0.0014448669999999999,-0.001267769,-0.001091296,-0.000913417776,-0.000736164173,-0.000561251066,-0.000382593165,-0.000208304191,-2.8241991e-5,0.00014745128099999998,0.000323144553,0.000503206752,0.000676871594,0.000853345032,0.001030443,0.0012047319999999998,0.001382609,0.001559083,0.0017325919999999998,0.001909845,0.002086319,0.002260608,0.002435521,0.0026119940000000003,0.002785503,0.002960572,0.00313767,0.0033105540000000003,0.003487028,0.003664905,0.003838414,0.004013483,0.004189177,0.004362842,0.004538535000000001,0.004713447999999999,0.0048877370000000005,0.005062806,0.005234911,0.005411384,0.005585673,0.005758402,0.005934875,0.006109163999999999,0.006282049,0.006458366,0.006630471,0.00680632,0.0069806090000000005,0.0071533379999999995,0.007326846,0.007499731,0.007674019999999999,0.007846905,0.008019009,0.008192518,0.008365247,0.008540316000000001,0.008711016,0.008884525,0.009058034,0.009232322999999999,0.009405207,0.009576532,0.009748636,0.009920741,0.010092845000000001,0.010265729999999999,0.010436273999999999,0.010606194000000001,0.010779078999999999,0.010950403,0.011122508,0.011293208,0.011465312,0.011637416999999999,0.011807337000000001,0.011979441,0.012149986,0.012321466,0.012489202000000001,0.012659122,0.012829041999999999,0.012999586,0.013171066,0.013339426,0.013507942,0.013679266,0.013846377,0.013847782000000001],"unit":"A\/cm2"},"power_density":{"value":[-5.502466,-5.098803,-4.763674,-4.442252,-4.129147,-3.820098,-3.52241,-3.229839,-2.94451,-2.670061,-2.395853,-2.130876,-1.872559,-1.621465,-1.377221,-1.137207,-0.903996561,-0.679673015,-0.456818248,-0.245176972,-0.032760584,0.168537465,0.363865443,0.558046074,0.739141527,0.917357547,1.090229,1.254102,1.415821,1.570013,1.715233,1.85826,1.994544,2.122749,2.24552,2.363838,2.473568,2.57862,2.679556,2.770971,2.859309,2.942895,3.016981,3.086407,3.150246,3.206646,3.258664,3.304055,3.3431,3.376952,3.402786,3.425403,3.440806,3.449413,3.454032,3.451681,3.442638,3.429483,3.40806,3.382827,3.350746,3.311898,3.267799,3.217488,3.161817,3.099494,3.031243,2.957609,2.877544,2.792715,2.70056,2.603051,2.499955,2.391227,2.276162,2.154529,2.02763,1.894828,1.756165,1.611662,1.461047,1.304561,1.142613,0.974512625,0.800749243,0.62117834,0.435784233,0.244391277,0.047237888,-0.155715738,-0.364554258,-0.578793722,-0.79919141,-1.025218,-1.257124,-1.494897,-1.738417,-1.98737,-2.242201,-2.503131,-2.769022,-2.769303],"unit":"mW\/cm2"},"timestamps":{"value":[0.021,0.045,0.067,0.088,0.115,0.139,0.161,0.185,0.207,0.23,0.252,0.275,0.297,0.32,0.344,0.366,0.39,0.412,0.438,0.461,0.484,0.506,0.531,0.553,0.575,0.597,0.62,0.645,0.666,0.689,0.71,0.735,0.756,0.792,0.816,0.837,0.86,0.882,0.903,0.926,0.947,0.97,0.993,1.016,1.041,1.063,1.086,1.108,1.13,1.155,1.177,1.2,1.22,1.243,1.266,1.288,1.315,1.337,1.36,1.383,1.405,1.446,1.47,1.497,1.522,1.545,1.566,1.591,1.616,1.639,1.661,1.689,1.712,1.744,1.768,1.789,1.814,1.835,1.859,1.882,1.905,1.932,1.954,1.975,1.999,2.02,2.043,2.071,2.098,2.12,2.143,2.166,2.188,2.217,2.24,2.264,2.286,2.308,2.332,2.354,2.383,2.405],"unit":"s"},"p_max":{"unit":"mW","value":0.329860084},"v_p_max":{"unit":"V","value":0.58198905},"i_p_max":{"unit":"mA","value":0.566780567},"j_p_max":{"unit":"mA\/cm2","value":5.934875},"voc":{"unit":"V","value":1.157264},"isc":{"unit":"mA","value":1.131469},"jsc":{"unit":"mA\/cm2","value":11.847841},"fill_factor":{"unit":"%","value":25.191534},"efficiency":{"unit":"%","value":3.454032},"r_s":{"unit":"ohms","value":1007.928},"r_sh":{"unit":"ohms","value":1034.773},"cell_dimension":{"value":0.09550000572466333,"unit":"cm2"},"sweep_direction":{"unit":"","value":"Reverse"},"key":"reverse9_2cell_231114"},{"V":{"value":[1.499985,1.482985,1.466023,1.449004,1.431995,1.415012,1.397995,1.380993,1.364006,1.346992,1.329993,1.312997,1.296007,1.278994,1.262002,1.245005,1.227982,1.210981,1.194009,1.177014,1.159993,1.143003,1.126016,1.108984,1.091997,1.075012,1.05802,1.040987,1.024007,1.007006,0.989978552,0.97299552,0.956011057,0.939013004,0.921990395,0.904995203,0.88800931,0.870992184,0.853984833,0.837022066,0.819983244,0.802990675,0.785992622,0.76900959,0.751995325,0.734991789,0.71799922,0.70098877,0.683989525,0.666995525,0.650011063,0.632998228,0.616006851,0.599021196,0.581991673,0.565001965,0.548012018,0.531012774,0.513999701,0.497016668,0.480006456,0.4629879,0.446004868,0.429016352,0.412014246,0.394995689,0.378007174,0.361013412,0.343992233,0.327000856,0.310004234,0.292983055,0.275993109,0.259004831,0.242010832,0.224981308,0.207991123,0.190999508,0.174000978,0.156996965,0.140007973,0.1229918,0.106000185,0.088993311,0.071999073,0.055006027,0.038003445,0.020999342,0.004001856,-0.012995481,-0.029997826,-0.046989441,-0.063989401,-0.080989122,-0.097993135,-0.114995718,-0.131984711,-0.148982048,-0.165991306,-0.182995319,-0.199977636,-0.199999332],"unit":"V"},"I":{"value":[-0.003803939,-0.0039757790000000005,-0.0038755829999999997,-0.0037051289999999997,-0.003514007,-0.003308877,-0.003093138,-0.002872959,-0.002649873,-0.002423525,-0.0022014079999999998,-0.001975894,-0.001749471,-0.001523957,-0.0013017060000000001,-0.0010802750000000001,-0.000860586762,-0.000645473599,-0.000433757901,-0.00022405386,-1.9609928e-5,0.000179752707,0.00037239491899999997,0.000559359789,0.000738695264,0.0009085983039999999,0.001070932,0.001221076,0.001359984,0.0014859880000000002,0.001599506,0.001698256,0.0017825809999999999,0.0018575489999999998,0.001914069,0.00196518,0.002006575,0.00203903,0.00206323,0.002083898,0.002099231,0.002113923,0.002127513,0.002135485,0.0021465869999999997,0.0021520700000000003,0.002156571,0.002158657,0.00216192,0.0021650339999999997,0.002169058,0.002168775,0.0021721720000000004,0.0021753610000000002,0.002175093,0.002176896,0.002176955,0.002176613,0.002177864,0.002178207,0.002178207,0.002180427,0.002180293,0.002182439,0.00218299,0.0021821709999999997,0.002181336,0.0021827220000000002,0.002181396,0.002181888,0.0021821709999999997,0.0021847340000000002,0.002180159,0.0021803680000000002,0.002181888,0.002183408,0.002187297,0.00218688,0.0021867450000000004,0.002184793,0.002184108,0.00218299,0.002186462,0.002186179,0.002187014,0.0021877140000000003,0.002185911,0.0021867450000000004,0.002186954,0.0021836159999999998,0.002186537,0.002185836,0.002182573,0.002184108,0.002183408,0.002184242,0.0021840329999999997,0.002186954,0.002185702,0.002187639,0.002186671,0.002186328],"unit":"A"},"resistance":{"value":[-394.324117,-373.00497,-378.271495,-391.080624,-407.510714,-427.641224,-451.966605,-480.686718,-514.743834,-555.798524,-604.155794,-664.507753,-740.799523,-839.258832,-969.498237,-1152.489,-1426.913,-1876.113,-2752.709,-5253.264,-59153.35,6358.753,3023.714,1982.595,1478.278,1183.155,987.943286,852.516786,752.955263,677.6677,618.927865,572.938228,536.307155,505.511848,481.691291,460.515161,442.54967,427.160023,413.906819,401.661804,390.611271,379.857976,369.441933,360.109971,350.321419,341.527762,332.93565,324.733787,316.38058,308.076177,299.674395,291.869071,283.590264,275.36635,267.570974,259.544798,251.733238,243.962922,236.010893,228.176964,220.367691,212.338149,204.561876,196.576563,188.738467,181.010441,173.291563,165.395958,157.693629,149.870622,142.062318,134.104696,126.593105,118.789519,110.918101,103.041371,95.090492,87.338834,79.570753,71.858954,64.103048,56.340974,48.480226,40.707236,32.921182,25.143153,17.385633,9.603012,1.829877,-5.951358,-13.719333,-21.497236,-29.318331,-37.0811,-44.880827,-52.647883,-60.431636,-68.123082,-75.944151,-83.64967,-91.45301,-91.47727],"unit":"ohms"},"conductance":{"value":[-0.002535985,-0.002680929,-0.002643604,-0.002557017,-0.002453923,-0.002338409,-0.002212553,-0.002080357,-0.001942714,-0.001799213,-0.001655202,-0.001504873,-0.001349893,-0.001191528,-0.001031461,-0.000867687018,-0.000700813664,-0.000533016953,-0.000363278493,-0.000190357836,-1.6905213e-5,0.00015726355,0.000330719059,0.000504389524,0.000676462927,0.000845198127,0.001012204,0.001172997,0.0013281,0.001475649,0.001615697,0.001745389,0.001864603,0.001978193,0.002076018,0.002171481,0.002259633,0.002341043,0.002416003,0.002489657,0.00256009,0.002632563,0.002706785,0.002776929,0.002854521,0.00292802,0.003003583,0.003079446,0.00316075,0.00324595,0.003336955,0.003426194,0.003526214,0.003631526,0.003737326,0.003852899,0.003972459,0.004098984,0.004237093,0.004382563,0.00453787,0.004709469,0.004888496,0.005087076,0.005298337,0.005524543,0.005770621,0.006046097,0.00634141,0.006672422,0.007039164,0.00745686,0.007899324,0.008418251,0.009015661,0.00970484,0.010516299,0.01144966,0.012567432,0.01391615,0.015599882,0.017749072,0.020626967,0.024565657,0.03037558,0.039772259,0.057518758,0.104133995,0.546484957,-0.168028877,-0.072889843,-0.046517609,-0.034108353,-0.026967917,-0.02228123,-0.018994116,-0.016547624,-0.014679312,-0.013167571,-0.01195462,-0.010934577,-0.010931677],"unit":"S"},"power":{"value":[-5.70585,-5.896021,-5.681693,-5.368747,-5.032041,-4.682102,-4.324193,-3.967536,-3.614443,-3.264467,-2.927858,-2.594343,-2.267327,-1.949132,-1.642755,-1.344947,-1.056785,-0.781656503,-0.51791097,-0.263714555,-0.022747378,0.205457882,0.419322601,0.620320919,0.806652768,0.976754268,1.133067,1.271124,1.392634,1.4964,1.583476,1.652395,1.704167,1.744263,1.764753,1.778479,1.781858,1.775979,1.761967,1.744268,1.721334,1.697461,1.67221,1.642209,1.614223,1.581754,1.548416,1.513194,1.478731,1.444068,1.409912,1.37283,1.338073,1.303087,1.265886,1.22995,1.192998,1.155809,1.119422,1.082605,1.045553,1.009511,0.972421381,0.936302005,0.899423108,0.861948039,0.824560763,0.787991951,0.750383243,0.713479122,0.676482172,0.640089968,0.601708885,0.56472577,0.528040439,0.491225885,0.454938307,0.417692911,0.38049584,0.343005926,0.305792519,0.268489909,0.231765407,0.194555322,0.157462954,0.120337455,0.083072145,0.045920215,0.008751875,-0.028377143,-0.065591349,-0.102711232,-0.139661544,-0.176888982,-0.213958951,-0.251178478,-0.288259016,-0.325816889,-0.362807584,-0.400327784,-0.437285278,-0.437264175],"unit":"mW"},"J":{"value":[-0.039831818,-0.041631192,-0.040582025,-0.038797162999999996,-0.036795882,-0.03464793,-0.032388883,-0.030083338,-0.027747366,-0.025377223999999997,-0.023051394,-0.020689989,-0.018319066,-0.015957661,-0.013630428,-0.011311776,-0.009011380000000001,-0.006758886,-0.0045419679999999995,-0.002346114,-0.000205339562,0.001882227,0.003899423,0.005857171,0.007735029,0.009514118,0.011213943,0.012786133,0.014240672999999999,0.015560089,0.016748749,0.017782781,0.018665772,0.019450774,0.020042608,0.020577801,0.021011261,0.021351102,0.021604499,0.021820917000000002,0.021981475,0.022135324,0.022277626000000002,0.022361104,0.022477347999999998,0.022534769,0.022581891,0.022603735,0.022637906,0.022670517,0.022712646,0.022709682000000002,0.022745256999999998,0.022778648000000002,0.02277584,0.02279472,0.022795344,0.022791754999999997,0.022804862,0.022808451,0.022808451,0.0228317,0.022830295,0.022852764,0.022858536999999998,0.022849955,0.022841218,0.022855729,0.022841842,0.022846991,0.022849955,0.022876793,0.022828890999999997,0.022831075,0.022846991,0.022862906,0.022903631,0.022899262,0.022897858,0.022877417,0.02287024,0.022858536999999998,0.022894893,0.022891928,0.022900666,0.022908,0.02288912,0.022897858,0.022900042,0.022865091,0.022895673,0.02288834,0.022854168,0.02287024,0.022862906,0.022871644,0.02286946,0.022900042,0.022886935,0.02290722,0.022897077,0.022893489],"unit":"A\/cm2"},"power_density":{"value":[-59.747119,-61.738444,-59.494171,-56.217251,-52.691534,-49.02725,-45.279504,-41.544883,-37.847575,-34.182906,-30.658204,-27.165891,-23.741641,-20.409754,-17.20162,-14.083216,-11.065815,-8.184885,-5.423152,-2.761409,-0.23819244,2.151391,4.390813,6.495507,8.446626,10.227793,11.864572,13.310204,14.582553,15.669109,16.580902,17.302566,17.844684,18.26453,18.479092,18.622812,18.658196,18.596643,18.449915,18.264589,18.024441,17.774459,17.51005,17.195903,16.902861,16.56287,16.21378,15.844965,15.484091,15.121134,14.763471,14.375188,14.011234,13.644893,13.255349,12.879061,12.492122,12.102713,11.721692,11.33618,10.948204,10.570801,10.182423,9.804209,9.418043,9.025634,8.634144,8.251225,7.857416,7.470986,7.083583,6.702513,6.300617,5.913359,5.529219,5.143727,4.763752,4.373748,3.98425,3.591685,3.202016,2.811413,2.426863,2.037229,1.648827,1.260078,0.869865398,0.480839948,0.091642667,-0.297142863,-0.686820412,-1.07551,-1.462425,-1.852241,-2.240408,-2.630141,-3.018419,-3.411695,-3.799032,-4.191914,-4.578903,-4.578682],"unit":"mW\/cm2"},"timestamps":{"value":[0.018,0.044,0.069,0.09,0.114,0.138,0.162,0.185,0.206,0.229,0.265,0.288,0.311,0.333,0.356,0.377,0.401,0.436,0.458,0.482,0.504,0.529,0.554,0.577,0.599,0.623,0.648,0.671,0.696,0.72,0.744,0.766,0.788,0.81,0.831,0.855,0.877,0.9,0.923,0.946,0.968,0.991,1.013,1.037,1.06,1.085,1.109,1.132,1.169,1.193,1.221,1.242,1.272,1.294,1.315,1.337,1.359,1.387,1.409,1.43,1.452,1.475,1.501,1.523,1.544,1.565,1.589,1.611,1.632,1.665,1.686,1.711,1.733,1.755,1.781,1.804,1.831,1.853,1.876,1.899,1.922,1.945,1.969,1.992,2.013,2.037,2.078,2.105,2.125,2.149,2.172,2.209,2.234,2.257,2.291,2.314,2.335,2.359,2.388,2.411,2.432,2.452],"unit":"s"},"p_max":{"unit":"mW","value":1.781858},"v_p_max":{"unit":"V","value":0.88800931},"i_p_max":{"unit":"mA","value":2.006575},"j_p_max":{"unit":"mA\/cm2","value":21.011261},"voc":{"unit":"V","value":1.158322},"isc":{"unit":"mA","value":2.186168},"jsc":{"unit":"mA\/cm2","value":22.891813},"fill_factor":{"unit":"%","value":70.365575},"efficiency":{"unit":"%","value":18.658196},"r_s":{"unit":"ohms","value":88.983764},"r_sh":{"unit":"ohms","value":6082.539},"cell_dimension":{"value":0.09550000956521744,"unit":"cm2"},"sweep_direction":{"unit":"","value":"Reverse"},"key":"reverse9_1cell_231114"},{"V":{"value":[-0.199966669,-0.18298316,-0.165990114,-0.148990154,-0.131998539,-0.115009546,-0.097989082,-0.08098793,-0.06398654,-0.04698801,-0.029996395,-0.012998015,0.004003406,0.021000206,0.038004637,0.055004597,0.071997643,0.088993311,0.106000185,0.123002768,0.139994383,0.156991482,0.173999548,0.191002131,0.207996607,0.224978685,0.242006779,0.259004831,0.275991917,0.292984486,0.310013771,0.326999664,0.343989372,0.361014605,0.378005981,0.39499712,0.412011623,0.429014921,0.446003437,0.4629879,0.480009079,0.497008562,0.51399684,0.531018257,0.548013449,0.565007448,0.581993103,0.59901309,0.616013765,0.633000851,0.65000844,0.666994095,0.683993578,0.700983286,0.71799922,0.734992981,0.751989841,0.769011021,0.785994053,0.802992105,0.819984674,0.837008476,0.853995562,0.870990992,0.888012171,0.904992342,0.921987772,0.939014435,0.956009626,0.972996712,0.989979744,1.007012,1.024007,1.040986,1.058022,1.075014,1.091997,1.108981,1.126019,1.143004,1.159994,1.177013,1.194009,1.210994,1.227981,1.245003,1.262002,1.278998,1.296014,1.313005,1.329992,1.346989,1.363999,1.380996,1.397994,1.415016,1.431995,1.449002,1.466021,1.482988,1.499985,1.499985],"unit":"V"},"I":{"value":[0.001377657,0.002197698,0.002197832,0.002200469,0.002198741,0.0021979060000000003,0.002196729,0.002194017,0.0021967889999999998,0.00219506,0.002196103,0.002193674,0.002195761,0.002196178,0.0021967889999999998,0.002194092,0.002194092,0.0021945830000000004,0.002195761,0.0021965210000000003,0.00219582,0.002195612,0.002193749,0.0021938089999999997,0.002190694,0.00219138,0.002193123,0.002190769,0.002191186,0.0021905600000000003,0.00218986,0.002189785,0.002191946,0.002191186,0.002191663,0.002190277,0.0021879819999999998,0.0021871629999999998,0.0021879819999999998,0.0021881910000000004,0.002186462,0.002186805,0.002186462,0.0021850019999999997,0.002183139,0.002184242,0.002179593,0.002181336,0.002180919,0.0021803680000000002,0.002180502,0.002178833,0.002175152,0.002176136,0.0021734239999999998,0.002172589,0.0021715460000000003,0.002169609,0.00216496,0.0021626059999999996,0.002157331,0.002147555,0.002139091,0.002123564,0.002110869,0.0020895899999999997,0.002064139,0.002032235,0.00198473,0.001927108,0.001851171,0.0017538069999999998,0.001629323,0.001477659,0.0012891740000000001,0.0010655220000000002,0.000803679228,0.000502839684,0.00016255676699999998,-0.00021392107,-0.000625774264,-0.001074106,-0.0015496160000000002,-0.002055287,-0.0025867670000000002,-0.0031455009999999998,-0.003725231,-0.004325226,-0.004946783,-0.005582973,-0.0062408,-0.00691402,-0.007607132,-0.008306086,-0.009019866999999999,-0.009753346000000001,-0.010494873,-0.01124841,-0.012017533,-0.012787074,-0.013573334,-0.0136116],"unit":"A"},"resistance":{"value":[-145.149817,-83.261294,-75.524482,-67.708352,-60.033696,-52.326863,-44.60681,-36.91308,-29.127306,-21.406251,-13.658918,-5.925225,1.823243,9.562161,17.300087,25.069416,32.814327,40.551346,48.274928,55.998915,63.754939,71.502392,79.316071,87.064174,94.945523,102.665316,110.348014,118.225548,125.955498,133.748663,141.567866,149.329559,156.933331,164.75763,172.474517,180.341173,188.306661,196.151358,203.842352,211.584792,219.536867,227.276122,235.081503,243.028732,251.020832,258.67438,267.019184,274.608319,282.456043,290.318394,298.100389,306.124485,314.457786,322.122954,330.353993,338.302771,346.292349,354.446813,363.052475,371.30771,380.09228,389.749431,399.232835,410.155189,420.685651,433.095686,446.669497,462.059906,481.682371,504.900051,534.785607,574.186243,628.486474,704.483563,820.698006,1008.908,1358.747,2205.437,6926.925,-5343.113,-1853.694,-1095.807,-770.519246,-589.208979,-474.716438,-395.804501,-338.771372,-295.706664,-261.991234,-235.180232,-213.112468,-194.819945,-179.305301,-166.263116,-154.990519,-145.080093,-136.44714,-128.818347,-121.990202,-115.975565,-110.509679,-110.199004],"unit":"ohms"},"conductance":{"value":[-0.006889433,-0.012010383,-0.01324074,-0.014769227,-0.016657312,-0.019110643,-0.022418101,-0.027090668,-0.034332045,-0.046715327,-0.073212242,-0.168769962,0.548473186,0.104578869,0.057803178,0.039889242,0.030474493,0.024660094,0.020714687,0.017857489,0.015685059,0.013985546,0.012607785,0.011485781,0.010532356,0.009740388,0.009062238,0.008458409,0.007939312,0.00747671,0.00706375,0.006696598,0.006372133,0.006069522,0.005797958,0.005545045,0.005310487,0.005098104,0.004905752,0.004726238,0.004555044,0.004399934,0.004253844,0.00411474,0.003983733,0.003865864,0.003745049,0.00364155,0.003540374,0.003444494,0.003354575,0.003266645,0.003180077,0.003104405,0.003027056,0.002955932,0.002887733,0.002821298,0.002754423,0.002693184,0.00263094,0.002565751,0.002504804,0.002438102,0.002377072,0.002308959,0.002238792,0.002164222,0.002076057,0.00198059,0.001869908,0.001741595,0.001591124,0.00141948,0.001218475,0.000991171084,0.000735972233,0.000453424923,0.000144364204,-0.000187156818,-0.000539463305,-0.000912569183,-0.001297826,-0.001697191,-0.002106521,-0.0025265,-0.002951843,-0.00338173,-0.003816922,-0.004252058,-0.004692358,-0.005132945,-0.00557708,-0.006014563,-0.006452008,-0.006892744,-0.007328845,-0.007762869,-0.00819738,-0.008622506,-0.009048981,-0.009074492],"unit":"S"},"power":{"value":[-0.275485493,-0.402141681,-0.364818363,-0.327848272,-0.290230578,-0.252780215,-0.215255477,-0.17768891,-0.140564913,-0.103141514,-0.065875183,-0.028513413,0.00879052,0.046120188,0.08348816,0.120685128,0.157969428,0.195303244,0.232751031,0.270178109,0.307402495,0.344692318,0.381711326,0.419022108,0.455656963,0.493013716,0.530750657,0.567419682,0.60474961,0.641800125,0.678886679,0.716059039,0.754006098,0.79105013,0.828461643,0.865153099,0.901474099,0.938325407,0.975847582,1.013106,1.049522,1.086861,1.123835,1.160276,1.19639,1.234113,1.268508,1.306649,1.343476,1.380175,1.417345,1.453269,1.48779,1.525435,1.560517,1.596838,1.632981,1.668453,1.701646,1.736555,1.768978,1.797522,1.826775,1.849606,1.874477,1.891063,1.903111,1.908298,1.897421,1.875069,1.832622,1.766105,1.668438,1.538223,1.363975,1.145451,0.87761504,0.557639723,0.183041931,-0.244512728,-0.72589447,-1.264236,-1.850256,-2.48894,-3.1765,-3.91616,-4.701247,-5.531956,-6.411099,-7.330472,-8.300216,-9.313108,-10.376122,-11.47067,-12.609718,-13.801145,-15.02861,-16.298963,-17.61796,-18.963079,-20.359793,-20.417192],"unit":"mW"},"J":{"value":[0.014425727999999999,0.023012542,0.023013946,0.023041564,0.023023464,0.023014726,0.023002400000000003,0.022974002,0.023003024,0.022984924,0.022995846,0.022970413000000002,0.022992257999999998,0.022996627,0.023003024,0.022974782000000003,0.022974782000000003,0.022979931000000002,0.022992257999999998,0.023000215,0.022992882000000003,0.022990697,0.022971193,0.022971817000000002,0.022939206,0.022946383999999997,0.022964639999999998,0.022939987,0.022944356,0.022937802,0.022930469,0.022929688,0.022952313,0.022944356,0.022949349,0.022934837000000003,0.022910807999999998,0.022902227,0.022910807999999998,0.022912993,0.022894893,0.022898482,0.022894893,0.022879602,0.022860098000000002,0.022871644,0.022822962,0.022841218,0.022836849,0.022831075,0.02283248,0.022815004,0.022776464,0.022786762,0.022758364,0.022749626,0.022738704,0.02271842,0.022669737000000002,0.022645084,0.022589848,0.022487491,0.022398864,0.022236277000000002,0.022103337,0.021880522,0.021614017,0.02127995,0.020782516999999997,0.020179137,0.019383992,0.018364472,0.017060970999999998,0.015472866,0.013499204,0.011157303,0.008415489000000002,0.005265337,0.0017021649999999998,-0.002240011,-0.0065526099999999995,-0.011247178,-0.01622635,-0.021521334,-0.027086566000000003,-0.032937182999999995,-0.039007651000000004,-0.045290324,-0.051798777000000004,-0.058460454,-0.065348691,-0.072398111,-0.079655835,-0.086974723,-0.09444886499999999,-0.102129282,-0.109893957,-0.117784395,-0.125838044,-0.133896061,-0.14212914799999998,-0.14252984100000002],"unit":"A\/cm2"},"power_density":{"value":[-2.884665,-4.210908,-3.820088,-3.432966,-3.039064,-2.646913,-2.253984,-1.860617,-1.471884,-1.080016,-0.689792496,-0.298569766,0.092047332,0.482933907,0.87422157,1.263719,1.65413,2.04506,2.437184,2.82909,3.218874,3.609344,3.996977,4.387666,4.771277,5.162447,5.557599,5.941567,6.332457,6.72042,7.108761,7.498,7.895352,8.283247,8.674991,9.059195,9.439519,9.825397,10.218299,10.608438,10.989757,11.380742,11.767903,12.149486,12.527641,12.922649,13.282806,13.682188,14.067813,14.45209,14.841305,15.217473,15.578955,15.973139,16.340488,16.720816,17.099274,17.470715,17.818279,18.183824,18.523329,18.82222,19.12853,19.367597,19.628032,19.801705,19.92786,19.982181,19.868286,19.634234,19.18976,18.493242,17.47056,16.107042,14.282461,11.994253,9.189686,5.839159,1.916669,-2.560343,-7.600989,-13.238071,-19.374413,-26.062201,-33.261785,-41.006907,-49.227715,-57.92624,-67.131931,-76.758867,-86.913256,-97.519453,-108.650489,-120.111723,-132.038928,-144.51461,-157.367641,-170.669771,-184.481252,-198.566268,-213.191553,-213.792586],"unit":"mW\/cm2"},"timestamps":{"value":[0.019,0.045,0.075,0.096,0.12,0.143,0.164,0.191,0.213,0.235,0.256,0.28,0.304,0.328,0.351,0.374,0.397,0.42,0.444,0.466,0.488,0.514,0.537,0.561,0.583,0.607,0.631,0.662,0.686,0.709,0.732,0.755,0.777,0.799,0.821,0.848,0.873,0.896,0.92,0.943,0.981,1.003,1.025,1.049,1.072,1.095,1.117,1.143,1.165,1.186,1.208,1.23,1.265,1.287,1.308,1.333,1.354,1.375,1.396,1.42,1.443,1.465,1.493,1.514,1.536,1.558,1.579,1.603,1.626,1.648,1.67,1.692,1.716,1.737,1.762,1.785,1.809,1.83,1.867,1.892,1.916,1.939,1.965,1.986,2.013,2.04,2.08,2.104,2.126,2.148,2.172,2.2,2.224,2.245,2.266,2.288,2.312,2.335,2.358,2.381,2.403,2.426],"unit":"s"},"p_max":{"unit":"mW","value":1.908298},"v_p_max":{"unit":"V","value":0.939014435},"i_p_max":{"unit":"mA","value":2.032235},"j_p_max":{"unit":"mA\/cm2","value":21.27995},"voc":{"unit":"V","value":1.133353},"isc":{"unit":"mA","value":2.195269},"jsc":{"unit":"mA\/cm2","value":22.987114},"fill_factor":{"unit":"%","value":76.699641},"efficiency":{"unit":"%","value":19.982181},"r_s":{"unit":"ohms","value":32.427344},"r_sh":{"unit":"ohms","value":89.430132},"cell_dimension":{"value":0.0954999983363058,"unit":"cm2"},"sweep_direction":{"unit":"","value":"Forward"},"key":"forward9_4cell_231114"},{"V":{"value":[-0.199978828,-0.182985783,-0.165991306,-0.148980618,-0.131986141,-0.114993095,-0.097995996,-0.08098793,-0.06398797,-0.046990871,-0.029993534,-0.012996763,0.003998905,0.021000475,0.038004637,0.055003166,0.072000265,0.088992119,0.106001377,0.12300539,0.139991522,0.156991482,0.173999548,0.190999508,0.207993746,0.224981308,0.242012262,0.259006023,0.275991917,0.292983055,0.310012341,0.326999664,0.343987942,0.361016035,0.378008604,0.394991636,0.412007332,0.429009438,0.44600749,0.46298933,0.480009079,0.497012615,0.513992786,0.531018257,0.548013449,0.564999104,0.58199048,0.599015713,0.616015196,0.633002281,0.650011063,0.666998148,0.683992147,0.700983286,0.718003273,0.734991789,0.751989841,0.769016504,0.785987139,0.802982569,0.819990158,0.837005854,0.85399437,0.870990992,0.888008118,0.904993773,0.921987772,0.939015865,0.956008434,0.97299552,0.989979744,1.007012,1.024007,1.040987,1.058017,1.075015,1.092001,1.108978,1.126017,1.142992,1.159993,1.177017,1.194007,1.210998,1.227981,1.245005,1.262002,1.278991,1.296011,1.313002,1.329995,1.346992,1.364009,1.380993,1.397994,1.415018,1.431998,1.449002,1.466027,1.482976,1.500002,1.499989],"unit":"V"},"I":{"value":[0.000750407577,0.000757694244,0.00075353682,0.00074839592,0.000739738345,0.00073030591,0.000721424818,0.000710263848,0.000701799989,0.000692158937,0.000681683421,0.000673159957,0.000663310289,0.0006533265110000001,0.000644311309,0.000635370612,0.000624895096,0.0006154626610000001,0.000606939197,0.0005979239939999999,0.000588417053,0.0005780160429999999,0.000567689538,0.000558391213,0.000548541546,0.000538691878,0.00052857399,0.0005183070899999999,0.0005086660389999999,0.000498756766,0.000489115715,0.000479057431,0.000469133258,0.000459223986,0.000449374318,0.00043946504600000003,0.000429615378,0.000419691205,0.00040978193299999997,0.000399857759,0.00038979947599999997,0.00038002431399999996,0.000370115042,0.000360131264,0.000350132585,0.000340357423,0.00033050775500000003,0.000320523977,0.000310406089,0.000300213695,0.00029063224799999996,0.000280231237,0.000270739198,0.00026075542,0.000250205398,0.00024063885199999998,0.000230580568,0.000220388174,0.000210270286,0.000200554729,0.00019036233399999998,0.000180378556,0.000170394778,0.00016026198899999998,0.0001501441,0.000140011311,0.000130102038,0.00011976063300000001,0.000109985471,0.000100210309,9.0017915e-5,8.0093741e-5,6.9841743e-5,5.9708953000000005e-5,4.9725175e-5,3.9666891e-5,2.9683113e-5,1.9699335e-5,9.432434999999999e-6,-6.85453415e-7,-1.0594726e-5,-2.0995736e-5,-3.0845404e-5,-4.0903687000000004e-5,-5.0827861e-5,-6.0945749e-5,-7.1212649e-5,-8.0987811e-5,-9.131431600000001e-5,-0.000101312995,-0.000111356378,-0.000121548772,-0.00013154745100000002,-0.00014179945,-0.000151649117,-0.000161781907,-0.000171482563,-0.00018209219,-0.000192016363,-0.000201582909,-0.000211775303,-0.000211566687],"unit":"A"},"resistance":{"value":[-266.493616,-241.503461,-220.28294,-199.066582,-178.422738,-157.458804,-135.836741,-114.025134,-91.176933,-67.890291,-43.999213,-19.307095,6.02871,32.143919,58.984898,86.568634,115.219763,144.593855,174.649088,205.72078,237.912075,271.604022,306.504764,342.053212,379.175921,417.643772,457.858818,499.715378,542.579798,587.426728,633.822081,682.589692,733.241432,786.143682,841.188712,898.801031,959.014394,1022.203,1088.402,1157.885,1231.426,1307.844,1388.738,1474.513,1565.16,1660.017,1760.898,1868.864,1984.546,2108.506,2236.541,2380.171,2526.388,2688.279,2869.655,3054.336,3261.289,3489.373,3737.985,4003.808,4307.523,4640.274,5011.858,5434.795,5914.372,6463.719,7086.651,7840.772,8692.134,9709.535,10997.586,12572.916,14661.824,17434.362,21277.291,27101.067,36788.618,56295.213,119377.163,-1667498,-109487.775,-56059.798,-38709.387,-29606.079,-24159.601,-20428.084,-17721.592,-15792.392,-14192.859,-12959.861,-11943.59,-11081.902,-10368.948,-9739.058,-9218.608,-8746.453,-8350.692,-7957.516,-7634.905,-7356.654,-7082.99,-7089.91],"unit":"ohms"},"conductance":{"value":[-0.003752435,-0.004140727,-0.004539616,-0.005023445,-0.005604667,-0.006350867,-0.007361778,-0.008769996,-0.010967686,-0.014729647,-0.022727679,-0.051794432,0.165872963,0.031110083,0.016953492,0.011551528,0.008679067,0.006915923,0.005725767,0.004860958,0.004203233,0.003681831,0.003262592,0.002923522,0.002637298,0.002394385,0.002184079,0.002001139,0.001843047,0.00170234,0.00157773,0.001465009,0.001363807,0.001272032,0.001188794,0.001112593,0.001042737,0.000978279656,0.000918778141,0.000863643573,0.000812066881,0.000764617038,0.00072007828,0.000678189985,0.000638912394,0.000602403474,0.00056789203,0.000535084423,0.000503893558,0.00047426953,0.000447118926,0.000420137954,0.000395822085,0.000371985217,0.000348473896,0.000327403456,0.000306627238,0.000286584453,0.000267523825,0.000249762244,0.000232151974,0.000215504534,0.000199526817,0.000183999594,0.000169079648,0.000154709695,0.000141110373,0.000127538455,0.000115046549,0.000102991542,9.0929047e-5,7.9536043e-5,6.8204339e-5,5.7357993e-5,4.6998464e-5,3.6898916e-5,2.718232e-5,1.77635e-5,8.376812e-6,-5.99700963e-7,-9.13344e-6,-1.7838095e-5,-2.5833527e-5,-3.3776847e-5,-4.1391412e-5,-4.8952217e-5,-5.6428339e-5,-6.3321632e-5,-7.0457968e-5,-7.716132e-5,-8.372692e-5,-9.023722e-5,-9.64418e-5,-0.000102679331,-0.000108476244,-0.000114332062,-0.000119750559,-0.000125667353,-0.000130977391,-0.000135931361,-0.000141183311,-0.000141045511],"unit":"S"},"power":{"value":[-0.150065628,-0.138647274,-0.125080561,-0.111496486,-0.09763521,-0.083980137,-0.070696744,-0.057522799,-0.044906757,-0.032525152,-0.020446095,-0.0087489,0.002652515,0.013720167,0.024486817,0.034947395,0.044992613,0.054771326,0.064336391,0.073547874,0.082373399,0.090743595,0.098777723,0.106652447,0.114093211,0.121195603,0.127921387,0.134244658,0.140387715,0.146127281,0.151631908,0.156651619,0.161376184,0.165787223,0.169867359,0.173585018,0.177004686,0.180051488,0.182765811,0.185129876,0.187107287,0.188876878,0.190236462,0.191236276,0.191877365,0.192301639,0.192352367,0.191998899,0.191214868,0.190035954,0.188914176,0.186913716,0.185183485,0.182785191,0.179648294,0.17686758,0.173394245,0.169482143,0.16526974,0.161041951,0.156095241,0.150977907,0.145516181,0.139586748,0.13332918,0.126709364,0.119952488,0.112457134,0.105147038,0.097504182,0.089115912,0.08065535,0.071518456,0.062156273,0.052610081,0.042642506,0.032413981,0.021846135,0.010621085,-0.000783467783,-0.012289807,-0.024712333,-0.036829618,-0.049534276,-0.06241564,-0.075877756,-0.089870471,-0.1035827,-0.118344377,-0.1330242,-0.148103416,-0.163725167,-0.179431863,-0.195824066,-0.212004526,-0.228924285,-0.24556269,-0.263851865,-0.281501131,-0.298942559,-0.317663459,-0.317347659],"unit":"mW"},"J":{"value":[0.007857671,0.007933971,0.007890438,0.007836606,0.007745951,0.007647182,0.0075541869999999995,0.007437318,0.007348690999999999,0.007247738,0.007138046,0.007048795,0.006945657,0.006841115,0.006746715,0.006653095,0.006543404,0.006444635,0.0063553839999999995,0.006260984,0.006161435,0.006052524,0.005944393,0.005847028,0.005743890999999999,0.005640753,0.005534806,0.005427299,0.005326346,0.005222584000000001,0.005121631,0.005016308000000001,0.00491239,0.004808628,0.0047054900000000005,0.004601727999999999,0.00449859,0.004394672,0.00429091,0.004186992,0.00408167,0.0039793120000000005,0.00387555,0.003771008,0.0036663100000000003,0.003563952,0.003460814,0.003356272,0.003250326,0.003143599,0.0030432700000000003,0.002934359,0.002834965,0.002730423,0.002619952,0.002519779,0.0024144559999999997,0.00230773,0.0022017829999999997,0.00210005,0.001993323,0.001888781,0.001784239,0.001678136,0.00157219,0.0014660869999999998,0.001362325,0.001254038,0.00115168,0.001049323,0.000942595966,0.000838677921,0.000731327147,0.000625224638,0.00052068246,0.000415360116,0.000310817938,0.00020627576,9.8768953e-5,-7.177523e-6,-0.000110939535,-0.00021985064000000002,-0.00032298852,-0.000428310864,-0.000532228909,-0.000638175385,-0.000745682192,-0.0008480399069999999,-0.000956170846,-0.001060869,-0.001166035,-0.001272762,-0.0013774599999999998,-0.0014848110000000002,-0.001587949,-0.001694051,-0.001795629,-0.001906725,-0.002010643,-0.0021108159999999997,-0.002217542,-0.002215358],"unit":"A\/cm2"},"power_density":{"value":[-1.571368,-1.451804,-1.309744,-1.167502,-1.022358,-0.879373164,-0.740280041,-0.602332974,-0.470227821,-0.340577504,-0.214095235,-0.091611523,0.027775027,0.143666669,0.256406463,0.365941313,0.471126833,0.573521741,0.673679483,0.770134808,0.862548678,0.950194712,1.034322,1.11678,1.194693,1.269064,1.339491,1.405703,1.470028,1.530129,1.587769,1.640331,1.689803,1.735992,1.778716,1.817644,1.853452,1.885356,1.913778,1.938533,1.959239,1.977768,1.992005,2.002474,2.009187,2.01363,2.014161,2.01046,2.00225,1.989905,1.978159,1.957212,1.939094,1.913981,1.881134,1.852017,1.815647,1.774682,1.730573,1.686303,1.634505,1.58092,1.52373,1.461641,1.396117,1.3268,1.256047,1.177562,1.101016,1.020986,0.933150913,0.844558638,0.748884352,0.650851027,0.550890902,0.446518384,0.339413413,0.228755336,0.111215553,-0.008203851,-0.128689077,-0.258767883,-0.385650451,-0.518683522,-0.653566909,-0.794531477,-0.941052056,-1.084636,-1.239208,-1.392924,-1.550821,-1.7144,-1.878868,-2.050514,-2.219943,-2.397113,-2.571337,-2.762847,-2.947656,-3.130289,-3.326319,-3.323012],"unit":"mW\/cm2"},"timestamps":{"value":[0.019,0.046,0.07,0.091,0.114,0.139,0.162,0.185,0.208,0.232,0.254,0.278,0.301,0.322,0.346,0.368,0.39,0.428,0.452,0.476,0.498,0.52,0.547,0.568,0.59,0.614,0.638,0.66,0.683,0.705,0.727,0.75,0.771,0.792,0.822,0.846,0.867,0.889,0.911,0.933,0.955,0.977,1.001,1.023,1.045,1.066,1.096,1.12,1.142,1.164,1.185,1.206,1.229,1.253,1.275,1.311,1.334,1.358,1.381,1.403,1.425,1.448,1.471,1.492,1.513,1.547,1.568,1.589,1.611,1.632,1.657,1.682,1.706,1.729,1.75,1.772,1.792,1.819,1.844,1.864,1.887,1.908,1.943,1.965,1.986,2.008,2.032,2.054,2.076,2.102,2.126,2.146,2.169,2.205,2.239,2.262,2.284,2.306,2.327,2.355,2.378,2.398],"unit":"s"},"p_max":{"unit":"mW","value":0.192352367},"v_p_max":{"unit":"V","value":0.58199048},"i_p_max":{"unit":"mA","value":0.330507755},"j_p_max":{"unit":"mA\/cm2","value":3.460814},"voc":{"unit":"V","value":1.141842},"isc":{"unit":"mA","value":0.665627815},"jsc":{"unit":"mA\/cm2","value":6.969925},"fill_factor":{"unit":"%","value":25.308129},"efficiency":{"unit":"%","value":2.014161},"r_s":{"unit":"ohms","value":1691.551},"r_sh":{"unit":"ohms","value":1767.831},"cell_dimension":{"value":0.09549999955457539,"unit":"cm2"},"sweep_direction":{"unit":"","value":"Forward"},"key":"forward9_3cell_231114"},{"V":{"value":[-0.199961185,-0.182987213,-0.165992737,-0.148982048,-0.131980658,-0.114995718,-0.097993135,-0.080989122,-0.063992023,-0.046990871,-0.029992342,-0.012997597,0.004000306,0.021000624,0.038006067,0.05500865,0.071978569,0.088992119,0.105998755,0.123002768,0.139995813,0.156990051,0.173999548,0.1910007,0.207993746,0.224984169,0.242009401,0.259006023,0.275991917,0.292987108,0.310012341,0.326999664,0.343987942,0.361014605,0.378005981,0.394994497,0.412015676,0.429020405,0.445996761,0.462986469,0.480007648,0.497013807,0.51399684,0.531015396,0.548013449,0.565004587,0.581991673,0.599019766,0.616006851,0.633003473,0.650012493,0.666996956,0.683988094,0.700984716,0.718000412,0.734995842,0.751995325,0.76900959,0.785992622,0.803004265,0.819985867,0.837007046,0.853992939,0.870992184,0.88801074,0.904992342,0.921989203,0.939014435,0.956004143,0.972994089,0.989981174,1.007005,1.024004,1.040986,1.058022,1.075015,1.091994,1.108984,1.126017,1.143002,1.159979,1.177001,1.194008,1.210995,1.227981,1.245005,1.262008,1.278991,1.296007,1.313,1.329991,1.346992,1.364003,1.380995,1.397991,1.415015,1.431997,1.448997,1.466027,1.482995,1.499979,1.500002],"unit":"V"},"I":{"value":[0.000775590539,0.001275241,0.0012678799999999999,0.001254782,0.0012408349999999998,0.0012260679999999999,0.001211509,0.001196533,0.001181066,0.001165807,0.0011500570000000001,0.001134738,0.001119405,0.001103386,0.001087517,0.001071766,0.001055539,0.00103946,0.001023576,0.001007482,0.000991046429,0.000975310802,0.0009589493270000001,0.000942721963,0.000926345587,0.000909850001,0.000893622637,0.0008771121499999999,0.00086081028,0.000844448805,0.0008278787140000001,0.000811859965,0.000795066357,0.000778704882,0.0007621347899999999,0.0007456988100000001,0.000729262829,0.000712752342,0.000696390867,0.00067961216,0.000663042068,0.000646531582,0.000630021095,0.000613451004,0.000596806407,0.000580310822,0.000563517213,0.000546872616,0.0005303025249999999,0.000513657928,0.0004972964530000001,0.000480651855,0.000464007258,0.000447303057,0.00043065846,0.00041386485099999997,0.00039729476,0.00038072466799999997,0.000364005566,0.00034722685800000005,0.000330582261,0.00031393766400000003,0.000297233462,0.00028051435899999997,0.00026360154200000003,0.000247091055,0.00023037195199999998,0.00021359324499999998,0.000197023153,0.000180095434,0.00016345083699999998,0.00014667213,0.000129759312,0.000113114715,9.6321106e-5,7.9408288e-5,6.268918499999999e-5,4.5776367e-5,2.8923154e-5,1.2278557e-5,-4.708767e-6,-2.1621585e-5,-3.8549304e-5,-5.5193900999999996e-5,-7.2106719e-5,-8.8885427e-5,-0.000105604529,-0.000122591853,-0.000139519572,-0.000156223774,-0.00017315149299999998,-0.000189930201,-0.000206783414,-0.00022377073799999999,-0.000240549445,-0.000257402658,-0.000274330378,-0.000291183591,-0.000307813287,-0.000324606895,-0.000341519713,-0.000341668725],"unit":"A"},"resistance":{"value":[-257.817979,-143.492218,-130.921468,-118.731412,-106.364425,-93.792319,-80.885183,-67.686468,-54.18158,-40.307582,-26.079011,-11.454268,3.5736,19.032885,34.947576,51.325242,68.191315,85.613774,103.557322,122.089246,141.2606,160.964126,181.448115,202.605548,224.53148,247.27611,270.818343,295.294078,320.618751,346.956626,374.465891,402.778408,432.653122,463.609017,495.983107,529.6971,564.975562,601.920723,640.440279,681.251009,723.947501,768.738637,815.840681,865.619899,918.24324,973.624076,1032.784,1095.355,1161.614,1232.344,1307.093,1387.692,1474.089,1567.136,1667.215,1775.932,1892.789,2019.858,2159.287,2312.621,2480.429,2666.157,2873.139,3104.983,3368.762,3662.586,4002.176,4396.274,4852.243,5402.658,6056.752,6865.689,7891.568,9202.926,10984.327,13537.819,17419.174,24226.12,38931.347,93089.243,-246344.557,-54436.367,-30973.526,-21940.743,-17030.048,-14006.851,-11950.323,-10432.922,-9289.071,-8404.609,-7681.082,-7092.035,-6596.289,-6171.471,-5811.658,-5497.282,-5219.972,-4976.233,-4762.714,-4568.587,-4392.072,-4390.224],"unit":"ohms"},"conductance":{"value":[-0.003878705,-0.006969019,-0.007638167,-0.008422371,-0.00940164,-0.010661854,-0.012363204,-0.014774002,-0.018456457,-0.024809228,-0.038345012,-0.087303698,0.279829842,0.052540643,0.028614288,0.019483591,0.014664624,0.011680364,0.009656488,0.00819073,0.007079115,0.006212564,0.005511217,0.004935699,0.004453718,0.004044062,0.003692512,0.003386455,0.003118969,0.002882205,0.00267047,0.002482755,0.00231132,0.00215699,0.002016198,0.001887871,0.001769988,0.001661348,0.001561426,0.001467888,0.001381316,0.001300832,0.00122573,0.001155241,0.001089036,0.00102709,0.000968256488,0.000912945861,0.000860871147,0.000811461468,0.000765056761,0.000720620763,0.000678384993,0.000638106718,0.000599802524,0.000563084615,0.000528320784,0.000495084422,0.000463115754,0.000432409731,0.000403156048,0.00037507171,0.000348051428,0.000322063004,0.000296844992,0.0002730311,0.000249864046,0.000227465347,0.000206090271,0.000185094068,0.000165104995,0.000145651807,0.000126717526,0.000108661098,9.1038807e-5,7.386714e-5,5.7408004e-5,4.1277762e-5,2.5686242e-5,1.074238e-5,-4.059355e-6,-1.8370072e-5,-3.2285636e-5,-4.5577308e-5,-5.8719742e-5,-7.1393636e-5,-8.367975e-5,-9.5850426e-5,-0.000107653396,-0.000118982336,-0.000130189987,-0.000141003262,-0.00015160039,-0.00016203593,-0.000172067928,-0.00018190808,-0.000191571918,-0.000200955206,-0.0002099643,-0.000218886065,-0.000227682957,-0.000227778788],"unit":"S"},"power":{"value":[-0.155088004,-0.233352865,-0.210458905,-0.186940004,-0.163766166,-0.140992517,-0.118719576,-0.096906193,-0.075578806,-0.054782298,-0.034492894,-0.014748872,0.004477963,0.0231718,0.041332227,0.058956402,0.075976162,0.092503775,0.108497745,0.123923125,0.138742351,0.153114093,0.166856749,0.180060555,0.192674089,0.204701846,0.216265079,0.22717733,0.237576679,0.247412613,0.256652618,0.265477936,0.27349324,0.281123835,0.288091509,0.294546926,0.300467718,0.305785298,0.310588071,0.314651234,0.318265264,0.321335123,0.323828852,0.325751928,0.327057937,0.327878276,0.327962325,0.327587506,0.326669988,0.325147252,0.323248907,0.320593324,0.31737544,0.313552606,0.309212951,0.304188945,0.298763802,0.292780921,0.286105689,0.278824648,0.271072782,0.262768037,0.253835278,0.244325815,0.234081,0.223615512,0.212400452,0.20056714,0.188354951,0.175231793,0.161813252,0.147699599,0.132874114,0.117750868,0.101909897,0.085365106,0.068456202,0.050765248,0.032567973,0.01403441,-0.005462071,-0.025448617,-0.046028173,-0.066839549,-0.08854567,-0.110662791,-0.133273781,-0.156793904,-0.180818364,-0.205121772,-0.230289904,-0.255834373,-0.282053234,-0.309026171,-0.336286003,-0.364228618,-0.392840229,-0.421924295,-0.451262523,-0.481390336,-0.512272486,-0.512503902],"unit":"mW"},"J":{"value":[0.008121366999999999,0.013353313,0.013276232,0.013139079000000001,0.012993032,0.012838404000000001,0.012685959,0.012529146000000001,0.012367184,0.012207406,0.012042479,0.011882077000000001,0.011721519000000001,0.011553783,0.011387608,0.011222681,0.011052761,0.010884401,0.010718070000000001,0.010549554000000001,0.01037745,0.010212678999999999,0.010041354,0.009871434,0.009699954,0.009527225,0.009357305,0.009184419999999999,0.00901372,0.008842396,0.008668887,0.008501151,0.008325302000000001,0.008153978000000001,0.007980469,0.007808364,0.00763626,0.007463375,0.007292051,0.007116358,0.006942849,0.006769964,0.00659708,0.006423571,0.006249282,0.006076552999999999,0.0059007040000000005,0.005726415,0.005552906,0.0053786170000000005,0.005207293,0.005033004,0.004858715,0.004683802,0.004509513,0.004333663,0.004160155,0.003986646,0.003811577,0.0036358830000000003,0.0034615939999999997,0.003287305,0.003112392,0.002937323,0.0027602259999999997,0.002587341,0.002412272,0.0022365780000000004,0.00206307,0.001885816,0.001711527,0.001535834,0.001358736,0.001184447,0.001008598,0.000831500398,0.000656431258,0.000479333688,0.00030286025,0.00012857127600000002,-4.9306460000000004e-5,-0.00022640403,-0.000403657634,-0.0005779466079999999,-0.000755044178,-0.00093073745,-0.0011058069999999999,-0.001283684,-0.0014609380000000002,-0.001635851,-0.001813105,-0.001988798,-0.0021652710000000003,-0.002343149,-0.002518842,-0.002695316,-0.0028725689999999997,-0.003049043,-0.003223176,-0.003399025,-0.003576123,-0.003577683],"unit":"A\/cm2"},"power_density":{"value":[-1.623958,-2.443486,-2.203758,-1.957487,-1.714829,-1.476361,-1.243137,-1.014725,-0.791401105,-0.573636633,-0.361182141,-0.15443845,0.046889663,0.242636651,0.432798189,0.61734452,0.795561905,0.968625913,1.136102,1.297624,1.452799,1.603289,1.747191,1.885451,2.01753,2.143475,2.264556,2.37882,2.487714,2.590708,2.687462,2.779874,2.863804,2.943705,3.016665,3.084261,3.146259,3.20194,3.252231,3.294777,3.332621,3.364766,3.390878,3.411015,3.42469,3.43328,3.43416,3.430236,3.420628,3.404683,3.384805,3.356998,3.323303,3.283273,3.237832,3.185225,3.128417,3.065769,2.995871,2.91963,2.838458,2.751498,2.657961,2.558385,2.45111,2.341524,2.224089,2.100179,1.972303,1.834888,1.69438,1.546593,1.391352,1.232993,1.067119,0.893875457,0.71681887,0.531573273,0.341025891,0.146957168,-0.057194463,-0.266477662,-0.481970393,-0.699890567,-0.927179793,-1.158773,-1.395537,-1.641821,-1.893386,-2.147872,-2.411413,-2.678894,-2.953437,-3.235876,-3.521319,-3.813912,-4.11351,-4.418055,-4.725262,-5.040737,-5.36411,-5.366533],"unit":"mW\/cm2"},"timestamps":{"value":[0.018,0.043,0.07,0.091,0.113,0.136,0.159,0.183,0.205,0.227,0.249,0.273,0.295,0.318,0.344,0.367,0.39,0.415,0.437,0.46,0.481,0.504,0.533,0.554,0.577,0.6,0.624,0.647,0.671,0.694,0.715,0.739,0.761,0.782,0.804,0.84,0.861,0.883,0.904,0.926,0.941,0.964,0.987,1.011,1.034,1.061,1.084,1.105,1.126,1.147,1.171,1.193,1.225,1.248,1.276,1.297,1.318,1.342,1.358,1.381,1.41,1.432,1.456,1.478,1.5,1.522,1.544,1.566,1.59,1.609,1.632,1.655,1.678,1.706,1.727,1.749,1.772,1.795,1.817,1.84,1.867,1.891,1.914,1.936,1.96,1.988,2.011,2.037,2.066,2.089,2.119,2.142,2.174,2.196,2.22,2.243,2.267,2.291,2.33,2.354,2.377,2.398],"unit":"s"},"p_max":{"unit":"mW","value":0.327962325},"v_p_max":{"unit":"V","value":0.581991673},"i_p_max":{"unit":"mA","value":0.563517213},"j_p_max":{"unit":"mA\/cm2","value":5.900704},"voc":{"unit":"V","value":1.155273},"isc":{"unit":"mA","value":1.123014},"jsc":{"unit":"mA\/cm2","value":11.759305},"fill_factor":{"unit":"%","value":25.278675},"efficiency":{"unit":"%","value":3.43416},"r_s":{"unit":"ohms","value":1011.542},"r_sh":{"unit":"ohms","value":1013.473},"cell_dimension":{"value":0.0954999988302462,"unit":"cm2"},"sweep_direction":{"unit":"","value":"Forward"},"key":"forward9_2cell_231114"},{"V":{"value":[-0.199950218,-0.182985783,-0.16598177,-0.14896822,-0.131984711,-0.114995718,-0.097993135,-0.08098793,-0.063992023,-0.046990871,-0.029997826,-0.012997746,0.004000455,0.020999491,0.038003445,0.055007219,0.071999073,0.088992119,0.106000185,0.123002768,0.139991522,0.156994343,0.174000978,0.19098568,0.20798707,0.224981308,0.242010832,0.259004831,0.275993109,0.292987108,0.310009718,0.327000856,0.343989372,0.361014605,0.378005981,0.394993067,0.412016869,0.429020405,0.445999384,0.462985039,0.480007648,0.497011185,0.51399827,0.531009912,0.548010826,0.56499505,0.58198905,0.599019766,0.616008282,0.633000851,0.650012493,0.666999578,0.683989525,0.700983286,0.718000412,0.734991789,0.751992464,0.769011021,0.785998106,0.802992105,0.819981813,0.837005854,0.853995562,0.870986938,0.888014793,0.904984236,0.921987772,0.939011574,0.956009626,0.972992659,0.989975691,1.007011,1.024003,1.040992,1.058018,1.075015,1.091995,1.108982,1.12602,1.143002,1.159998,1.177017,1.194004,1.210995,1.227977,1.245012,1.262002,1.278993,1.296008,1.313002,1.329989,1.346989,1.364006,1.380995,1.397992,1.415015,1.431997,1.449002,1.466021,1.482989,1.499989,1.49999],"unit":"V"},"I":{"value":[0.000861227512,0.002188057,0.0021877140000000003,0.002189651,0.002189174,0.002190769,0.0021851509999999998,0.002187774,0.002187774,0.002188757,0.002187297,0.0021877140000000003,0.002186254,0.002189785,0.002185971,0.0021881910000000004,0.002185836,0.0021853600000000003,0.0021877140000000003,0.002186671,0.00218688,0.002186388,0.002189025,0.00218834,0.0021895169999999998,0.00218688,0.0021854939999999996,0.0021867450000000004,0.0021847340000000002,0.002186671,0.002184376,0.002186179,0.002185211,0.0021867450000000004,0.002183065,0.00218299,0.0021850019999999997,0.002181754,0.0021840329999999997,0.002182439,0.002183065,0.0021831990000000003,0.00218147,0.0021826479999999997,0.002179042,0.002178565,0.00217773,0.0021759270000000002,0.002168924,0.0021715460000000003,0.002167806,0.002165869,0.00216274,0.002160534,0.002156645,0.002152622,0.002142906,0.002133682,0.002123564,0.002110392,0.00209409,0.0020731540000000002,0.002049431,0.002015591,0.001977175,0.001927525,0.0018722559999999999,0.001801789,0.001720801,0.001628846,0.0015240610000000002,0.001411363,0.001284525,0.001150548,0.001006439,0.000860050321,0.000698536634,0.00052857399,0.00035333633399999996,0.00016948580699999998,-2.1487474e-5,-0.000217467546,-0.000419959426,-0.0006282031540000001,-0.00084143877,-0.001060441,-0.0012828409999999998,-0.0015107839999999998,-0.001743644,-0.00197804,-0.002217144,-0.00245744,-0.002702028,-0.002948686,-0.003196403,-0.00344798,-0.003699362,-0.003951937,-0.004207745,-0.004463777,-0.004721478,-0.004729584],"unit":"A"},"resistance":{"value":[-232.16887,-83.62936,-75.869959,-68.032856,-60.289722,-52.491035,-44.845018,-37.018424,-29.249838,-21.469204,-13.714566,-5.941246,1.829822,9.589749,17.385159,25.138219,32.938912,40.721957,48.452488,56.251157,64.014282,71.805351,79.48788,87.274233,94.992214,102.877779,110.735085,118.443066,126.328029,133.987747,141.9214,149.576422,157.417035,165.092198,173.153806,180.941282,188.565903,196.64018,204.20905,212.141116,219.877873,227.652725,235.620099,243.287059,251.491688,259.342795,267.245708,275.294034,284.015664,291.497756,299.848088,307.959353,316.260688,324.449049,332.924701,341.440288,350.921785,360.414948,370.1315,380.494316,391.569522,403.735522,416.698818,432.124911,449.133021,469.505883,492.447387,521.155182,555.560828,597.350947,649.564364,713.502022,797.184506,904.778532,1051.249,1249.944,1563.261,2098.065,3186.822,6743.937,-53984.854,-5412.379,-2843.141,-1927.713,-1459.377,-1174.051,-983.755233,-846.575439,-743.275574,-663.78967,-599.86612,-548.126901,-504.808338,-468.342283,-437.364189,-410.389593,-387.092886,-366.656039,-348.410189,-332.227468,-317.69478,-317.150572],"unit":"ohms"},"conductance":{"value":[-0.00430721,-0.011957523,-0.013180447,-0.01469878,-0.016586575,-0.019050872,-0.022299021,-0.027013576,-0.034188223,-0.046578346,-0.072915176,-0.168314868,0.546501233,0.104278014,0.057520326,0.039780066,0.03035923,0.024556777,0.020638775,0.017777412,0.015621514,0.013926539,0.012580534,0.011458136,0.010527179,0.009720272,0.009030562,0.008442875,0.0079159,0.007463369,0.007046154,0.006685546,0.006352553,0.006057221,0.005775212,0.005526655,0.005303186,0.005085431,0.004896943,0.004713843,0.004547979,0.004392656,0.00424412,0.004110371,0.003976275,0.0038559,0.003741875,0.00363248,0.003520933,0.003430558,0.003335022,0.003247182,0.003161948,0.003082148,0.003003682,0.00292877,0.002849638,0.00277458,0.002701742,0.00262816,0.002553825,0.002476869,0.002399815,0.002314146,0.002226512,0.002129899,0.002030674,0.001918814,0.001799983,0.001674058,0.001539493,0.001401538,0.001254415,0.001105243,0.000951249535,0.000800035596,0.000639688352,0.00047662977,0.000313792249,0.000148281344,-1.8523714e-5,-0.000184761644,-0.000351723687,-0.0005187495,-0.000685223671,-0.000851752035,-0.001016513,-0.00118123,-0.001345396,-0.001506501,-0.001667039,-0.001824395,-0.00198095,-0.002135191,-0.002286424,-0.002436709,-0.002583359,-0.002727352,-0.00287018,-0.003009986,-0.003147675,-0.003153076],"unit":"S"},"power":{"value":[-0.172202629,-0.400383269,-0.363120638,-0.326188431,-0.288937536,-0.251929022,-0.214129796,-0.177183255,-0.140000059,-0.102851602,-0.065614146,-0.028435352,0.00874601,0.045984376,0.083074411,0.120366292,0.157378197,0.194479781,0.231898087,0.268966572,0.306144591,0.343250512,0.380892541,0.41794157,0.45539123,0.492007014,0.52891315,0.566377625,0.602971459,0.640666383,0.677177825,0.714882458,0.751689218,0.789447028,0.825211559,0.862266038,0.900257669,0.936016777,0.974077548,1.010437,1.047888,1.085074,1.121272,1.159008,1.194138,1.230878,1.267415,1.303423,1.336075,1.374591,1.409101,1.444634,1.479291,1.514498,1.548472,1.582159,1.611449,1.640825,1.669118,1.694628,1.717116,1.735242,1.750205,1.755553,1.755761,1.74438,1.726198,1.691901,1.645102,1.584855,1.508783,1.421258,1.315358,1.197711,1.064831,0.924567054,0.762798679,0.586179212,0.397863763,0.193722542,-0.024925431,-0.255962942,-0.501433159,-0.760751002,-1.033267,-1.320261,-1.618947,-1.932282,-2.259778,-2.597171,-2.948778,-3.310144,-3.685582,-4.07212,-4.468548,-4.878943,-5.297475,-5.726363,-6.168644,-6.619733,-7.082164,-7.09433],"unit":"mW"},"J":{"value":[0.009018089,0.022911589,0.022908,0.022928284,0.022923291,0.022939987,0.022881162,0.022908624,0.022908624,0.022918921999999998,0.022903631,0.022908,0.022892709,0.022929688,0.022889744,0.022912993,0.02288834,0.022883347000000002,0.022908,0.022897077,0.022899262,0.022894113,0.022921731,0.022914553,0.02292688,0.022899262,0.022884751000000002,0.022897858,0.022876793,0.022897077,0.022873048,0.022891928,0.022881786,0.022897858,0.022859317,0.022858536999999998,0.022879602,0.022845586999999997,0.02286946,0.022852764,0.022859317,0.022860722,0.022842622,0.022854949000000003,0.022817188999999998,0.022812195,0.022803458,0.022784578,0.022711242,0.022738704,0.022699539999999997,0.022679255000000002,0.022646488000000003,0.022623394999999998,0.022582671000000002,0.022540542,0.022438808,0.022342224,0.022236277000000002,0.022098344000000002,0.021927644,0.021708417,0.021460013,0.021105661,0.020703408,0.020183506,0.019604779,0.018866899,0.018018858999999998,0.017055978,0.015958754000000002,0.014778675,0.013450521,0.012047628,0.010538632,0.009005763,0.00731452,0.005534806,0.003699857,0.00177472,-0.000224999732,-0.0022771469999999998,-0.004397481,-0.006578043,-0.008810877,-0.011104096,-0.013432890000000001,-0.015819727999999998,-0.018258057,-0.020712458000000003,-0.023216165,-0.025732355,-0.028293482000000002,-0.030876298,-0.033470193,-0.036104499,-0.038736778,-0.041381538999999995,-0.044060159,-0.046741120000000004,-0.049439556,-0.049524438000000004],"unit":"A\/cm2"},"power_density":{"value":[-1.803169,-4.192495,-3.80231,-3.415586,-3.025524,-2.638,-2.242197,-1.855322,-1.465969,-1.07698,-0.687059125,-0.297752373,0.091581254,0.48151179,0.869889117,1.26038,1.647939,2.036437,2.428252,2.816404,3.205703,3.594246,3.988404,4.376352,4.768495,5.151906,5.538358,5.930656,6.313837,6.708549,7.090867,7.48568,7.871091,8.266461,8.640959,9.028964,9.426782,9.801223,10.199765,10.580488,10.972647,11.362034,11.741068,12.136204,12.504066,12.888778,13.271363,13.648412,13.990313,14.393619,14.754984,15.127054,15.489961,15.858622,16.214367,16.567113,16.873815,17.181416,17.477672,17.744796,17.980269,18.170072,18.326756,18.382755,18.384933,18.265755,18.075367,17.716236,17.226202,16.595342,15.798778,14.882284,13.773378,12.541479,11.150064,9.68133,7.987421,6.138002,4.166113,2.028508,-0.26099928,-2.68024,-5.250609,-7.965979,-10.819553,-13.824728,-16.952327,-20.233316,-23.662595,-27.195506,-30.877254,-34.661197,-38.592481,-42.64,-46.791074,-51.088408,-55.470943,-59.961914,-64.593132,-69.316581,-74.15878,-74.286173],"unit":"mW\/cm2"},"timestamps":{"value":[0.018,0.044,0.081,0.103,0.128,0.152,0.175,0.214,0.236,0.26,0.281,0.305,0.329,0.352,0.38,0.402,0.425,0.447,0.468,0.49,0.513,0.538,0.562,0.582,0.604,0.627,0.648,0.67,0.692,0.72,0.742,0.765,0.787,0.81,0.844,0.865,0.888,0.924,0.949,0.971,0.994,1.021,1.043,1.066,1.088,1.111,1.147,1.17,1.193,1.209,1.236,1.257,1.28,1.307,1.331,1.354,1.376,1.398,1.421,1.445,1.466,1.489,1.511,1.532,1.557,1.578,1.626,1.65,1.672,1.694,1.717,1.744,1.766,1.789,1.812,1.848,1.871,1.892,1.921,1.944,1.966,1.989,2.01,2.039,2.068,2.1,2.122,2.144,2.167,2.191,2.214,2.239,2.262,2.285,2.309,2.331,2.353,2.375,2.397,2.417,2.442,2.461],"unit":"s"},"p_max":{"unit":"mW","value":1.755761},"v_p_max":{"unit":"V","value":0.888014793},"i_p_max":{"unit":"mA","value":1.977175},"j_p_max":{"unit":"mA\/cm2","value":20.703408},"voc":{"unit":"V","value":1.158086},"isc":{"unit":"mA","value":2.186597},"jsc":{"unit":"mA\/cm2","value":22.896307},"fill_factor":{"unit":"%","value":69.335534},"efficiency":{"unit":"%","value":18.384933},"r_s":{"unit":"ohms","value":85.359718},"r_sh":{"unit":"ohms","value":143.378894},"cell_dimension":{"value":0.09550000138610298,"unit":"cm2"},"sweep_direction":{"unit":"","value":"Forward"},"key":"forward9_1cell_231114"}]}}