{"_id":"6530d5ac69ca747fb611ad9b","id":"KAIST-SC-00071","author":105,"group":12,"input":[{"tco":{"unit":"","value":"ITO"}},{"etl":[{"material":{"unit":"","value":"SnO2"},"concentration":{"unit":"","value":"5"},"conc_unit":{"unit":"","value":"wt%"},"quantity":{"unit":"ml","value":"0.4"}}],"solvent":[{"material":{"unit":"","value":"DI Water"},"volume":{"unit":"ml","value":"0.8"}}],"spin_coating":[{"type":{"unit":"","value":"drop&run"},"rpm":{"unit":"","value":"4000"},"time":{"unit":"s","value":"30"}}],"annealing":[{"temperature":{"unit":"oC","value":"150"},"time":{"unit":"m","value":"30"}}]},{"perovskite":{"method":{"unit":"","value":"1-step"},"molarity":{"unit":"M","value":"1.8"},"a_site":[{"material":{"unit":"","value":"FA"},"ratio":{"unit":"","value":"97.5"}},{"material":{"unit":"","value":"MA"},"ratio":{"unit":"","value":"2.5"}}],"b_site":[{"material":{"unit":"","value":"Pb"},"ratio":{"unit":"","value":"100"}}],"x_site":[{"material":{"unit":"","value":"I"},"ratio":{"unit":"","value":"97.5"}},{"material":{"unit":"","value":"Br"},"ratio":{"unit":"","value":"2.5"}}],"solvent":[{"material":{"unit":"","value":"DMF"},"volume":{"unit":"ml","value":"0.8"}},{"material":{"unit":"","value":"DMSO"},"volume":{"unit":"ml","value":"0.1"}}],"additive":[{"material":{"unit":"","value":"MACl"},"solvent":{"unit":"","value":"None"},"concentration":{"unit":"","value":"47.62"},"conc_unit":{"unit":"","value":"mg\/ml"},"quantity":{"unit":"mol%","value":"35"}}],"stirring_time":[{"unit":"m","value":"20"}],"antisolvent":[{"material":{"unit":"","value":"DEE"},"quantity":{"unit":"ul","value":"1000"},"dripping_time":{"unit":"s","value":"28"}}],"spin_coating":[{"type":{"unit":"","value":"drop&run"},"rpm":{"unit":"","value":"5000"},"time":{"unit":"s","value":"15"}}],"annealing":[{"temperature":{"unit":"oC","value":"100"},"time":{"unit":"m","value":"15"}},{"temperature":{"unit":"oC","value":"150"},"time":{"unit":"m","value":"20"}}],"atmosphere":[{"type":{"unit":"","value":"Air"},"temperature":{"unit":"oC","value":"22"},"humidity":{"unit":"RH%","value":"19"}}]}},{"perovskite_treatment":[{"material":{"unit":"","value":"OAI"},"concentration":{"unit":"","value":"2.5"},"conc_unit":{"unit":"","value":"mg\/ml"},"quantity":{"unit":"ml","value":"0.4"}}],"solvent":[{"material":{"unit":"","value":"CF"},"volume":{"unit":"ml","value":"0.8"}}],"spin_coating":[{"type":{"unit":"","value":"drop&run"},"rpm":{"unit":"","value":"5000"},"time":{"unit":"s","value":"5"}}],"annealing":[{"temperature":{"unit":"oC","value":"100"},"time":{"unit":"m","value":"3"}}]},{"htl":[{"material":{"unit":"","value":"Spiro-OMeTAD"},"concentration":{"unit":"","value":"91"},"conc_unit":{"unit":"","value":"mg\/ml"},"quantity":{"unit":"ml","value":"0.08"}}],"solvent":[{"material":{"unit":"","value":"CB"},"volume":{"unit":"ml","value":"1.1"}}],"htl_doping":[{"material":{"unit":"","value":"tBP"},"volume":{"unit":"ul","value":"39"}},{"material":{"unit":"","value":"Li-TFSI"},"volume":{"unit":"ul","value":"23"}},{"material":{"unit":"","value":"Co-TFSI"},"volume":{"unit":"ul","value":"10"}}],"spin_coating":[{"type":{"unit":"","value":"dynamic"},"rpm":{"unit":"","value":"2000"},"time":{"unit":"s","value":"30"}}]},{"anode_metal":{"unit":"","value":"Au"}},{"note":{"unit":"","value":"-"},"ar":{"unit":"","value":"0"},"type":{"unit":"","value":"unit_cell"},"device_type":{"unit":"","value":"n-i-p"},"temperature":{"unit":"oC","value":"22"},"humidity":{"unit":"%","value":"19"},"cell_dimension":{"unit":"cm2","value":"0.0955"}}],"fileinfo":[{"key":"reverse20_4cell_231019","uploadType":"JV","original_name":"reverse20_4cell_231019.csv","save_name":"KAIST-SC-00071\/reverse20_4cell_231019","uploader":105,"fileType":""},{"key":"forward20_4cell_231019","uploadType":"JV","original_name":"forward20_4cell_231019.csv","save_name":"KAIST-SC-00071\/forward20_4cell_231019","uploader":105,"fileType":""},{"key":"reverse20_3cell_231019","uploadType":"JV","original_name":"reverse20_3cell_231019.csv","save_name":"KAIST-SC-00071\/reverse20_3cell_231019","uploader":105,"fileType":""},{"key":"forward20_3cell_231019","uploadType":"JV","original_name":"forward20_3cell_231019.csv","save_name":"KAIST-SC-00071\/forward20_3cell_231019","uploader":105,"fileType":""},{"key":"reverse20_2cell_231019","uploadType":"JV","original_name":"reverse20_2cell_231019.csv","save_name":"KAIST-SC-00071\/reverse20_2cell_231019","uploader":105,"fileType":""},{"key":"forward20_2cell_231019","uploadType":"JV","original_name":"forward20_2cell_231019.csv","save_name":"KAIST-SC-00071\/forward20_2cell_231019","uploader":105,"fileType":""},{"key":"reverse20_1cell_231019","uploadType":"JV","original_name":"reverse20_1cell_231019.csv","save_name":"KAIST-SC-00071\/reverse20_1cell_231019","uploader":105,"fileType":""},{"key":"forward20_1cell_231019","uploadType":"JV","original_name":"forward20_1cell_231019.csv","save_name":"KAIST-SC-00071\/forward20_1cell_231019","uploader":105,"fileType":""}],"jvcnt":8,"updated_at":"2024-08-19 05:38:16","created_at":"2023-10-19 07:07:24","analysisInfo":{"JV":[{"efficiency":16.868943,"fill_factor":67.095,"jsc":22.25775,"voc":1.129579,"key":"reverse20_4cell_231019","cell_dimension":0.09550000108620704},{"efficiency":17.763147,"fill_factor":69.429107,"jsc":22.732145,"voc":1.12548,"key":"reverse20_3cell_231019","cell_dimension":0.09550000247441856},{"efficiency":18.29801,"fill_factor":70.135928,"jsc":22.854878,"voc":1.141522,"key":"reverse20_2cell_231019","cell_dimension":0.0955000001281922},{"efficiency":18.236652,"fill_factor":70.609198,"jsc":22.731232,"voc":1.136216,"key":"reverse20_1cell_231019","cell_dimension":0.09549999510315192},{"efficiency":19.661373,"fill_factor":75.515031,"jsc":22.727406,"voc":1.145594,"key":"forward20_4cell_231019","cell_dimension":0.09550000260335607},{"efficiency":20.157871,"fill_factor":77.170292,"jsc":22.959835,"voc":1.137695,"key":"forward20_3cell_231019","cell_dimension":0.0955000024954996},{"efficiency":19.884301,"fill_factor":75.498655,"jsc":22.990276,"voc":1.145584,"key":"forward20_2cell_231019","cell_dimension":0.09549999917865441},{"efficiency":19.761914,"fill_factor":75.926217,"jsc":22.841416,"voc":1.1395,"key":"forward20_1cell_231019","cell_dimension":0.09549999812279632}]},"public":2,"tags":[],"analysis":{"JV":[{"V":{"value":[1.500233,1.484222,1.468228,1.452259,1.436241,1.42025,1.404245,1.388237,1.372228,1.35622,1.340213,1.324236,1.308225,1.292221,1.276219,1.260222,1.244204,1.228201,1.212228,1.196227,1.180218,1.164204,1.148196,1.132189,1.116177,1.100213,1.084219,1.068208,1.052198,1.03619,1.020192,1.004174,0.988195896,0.972194195,0.956172228,0.940191269,0.924177408,0.908170462,0.892174482,0.876166105,0.860190392,0.844165802,0.828168392,0.812168121,0.796155691,0.780144691,0.764151335,0.748172998,0.732170105,0.716161728,0.700157642,0.684139729,0.668131351,0.652131081,0.636162519,0.620163679,0.604149818,0.588127851,0.572137356,0.556131601,0.540127277,0.524132729,0.508135319,0.492132425,0.476119995,0.460114241,0.444116831,0.428109884,0.412130117,0.396123171,0.380124569,0.364107847,0.348102331,0.332091331,0.31608963,0.300080061,0.284107208,0.268089294,0.252104044,0.236094475,0.220077991,0.204083681,0.188087225,0.172083855,0.156075001,0.140066385,0.124072552,0.108077526,0.092072725,0.076066732,0.060075521,0.044077635,0.028064966,0.012007385,-0.003993452,-0.019993931,-0.03594017,-0.051940918,-0.067938805,-0.083932638,-0.099946976,-0.115944862,-0.131941319,-0.147944689,-0.163946629,-0.179949999,-0.195949316,-0.199941158],"unit":"V"},"I":{"value":[-0.014243140999999999,-0.014456406,-0.013906077,-0.013176247,-0.012416378,-0.011623099,-0.010827795,-0.01003623,-0.009240106000000001,-0.008460343,-0.007682309,-0.0069246740000000005,-0.006185964,-0.0054594579999999995,-0.004762784,-0.0040898919999999995,-0.003446892,-0.002840519,-0.002269521,-0.0017342269999999999,-0.0012477039999999999,-0.000800490379,-0.000401139259,-5.0619245e-5,0.000259876251,0.000520661473,0.0007478743789999999,0.0009331256150000001,0.0010978429999999998,0.001225039,0.001337886,0.0014299150000000001,0.0015058670000000001,0.001572654,0.001628757,0.001677662,0.001720458,0.001764148,0.001804993,0.0018362099999999998,0.0018728229999999998,0.001902103,0.001933172,0.001961738,0.001985192,0.002009466,0.0020208360000000002,0.002040327,0.002043858,0.002054051,0.0020575230000000003,0.00206162,0.0020695920000000003,0.0020637660000000003,0.002072155,0.002066672,0.0020734819999999998,0.002069727,0.002074108,0.002075627,0.002068624,0.002080962,0.00207229,0.002084509,0.002077147,0.002087697,0.002081528,0.0020908859999999997,0.002089918,0.002089709,0.0020928979999999997,0.0020903939999999998,0.002100319,0.0020948349999999998,0.0020958039999999997,0.002096012,0.002104893,0.002101213,0.0021061450000000002,0.0020989330000000003,0.0021085739999999998,0.002107397,0.002104267,0.002110377,0.0021109279999999998,0.002113566,0.002121061,0.0021123889999999997,0.00211966,0.002117246,0.002122656,0.0021251440000000003,0.002121195,0.0021290930000000003,0.002124459,0.002129719,0.002128407,0.002130702,0.002131596,0.002131805,0.002135828,0.0021339510000000003,0.0021334740000000002,0.002135411,0.002136514,0.002143532,0.002138525,0.002140135],"unit":"A"},"resistance":{"value":[-105.330238,-102.668837,-105.581748,-110.217956,-115.673121,-122.192056,-129.688911,-138.322509,-148.50784,-160.303168,-174.454438,-191.234408,-211.482797,-236.69395,-267.956562,-308.130813,-360.963976,-432.3861,-534.133797,-689.77512,-945.912005,-1454.364,-2862.338,-22366.771,4295.031,2113.107,1449.733,1144.763,958.422911,845.841846,762.540497,702.261276,656.230682,618.187097,587.056576,560.41753,537.169326,514.792533,494.28153,477.15995,459.301576,443.806468,428.398634,414.004406,401.047139,388.234774,378.136267,366.692764,358.229409,348.658276,340.291603,331.845641,322.832325,315.990787,307.005206,300.078447,291.36974,284.157268,275.84749,267.934211,261.10463,251.870391,245.204783,236.090386,229.218207,220.393168,213.360938,204.750444,197.199213,189.559007,181.62595,174.181403,165.737864,158.528631,150.820252,143.167132,134.974635,127.587887,119.69928,112.4831,104.372908,96.841605,89.383706,81.541762,73.936666,66.27018,58.495511,51.163657,43.437489,35.927199,28.302059,20.741011,13.230732,5.639672,-1.87975,-9.388062,-16.885945,-24.377372,-31.872268,-39.371633,-46.79542,-54.333433,-61.843422,-69.281602,-76.735589,-83.950226,-91.628245,-93.424573],"unit":"ohms"},"conductance":{"value":[-0.00949395,-0.009740054,-0.009471334,-0.009072932,-0.008645051,-0.008183838,-0.007710759,-0.007229481,-0.006733651,-0.00623818,-0.005732156,-0.005229184,-0.004728517,-0.004224865,-0.003731948,-0.003245375,-0.00277036,-0.002312748,-0.00187219,-0.001449748,-0.001057181,-0.000687585795,-0.0003493648,-4.4709181e-5,0.00023282718,0.000473236852,0.000689781975,0.000873543401,0.001043381,0.001182254,0.001311406,0.001423971,0.001523854,0.001617633,0.001703413,0.001784384,0.00186161,0.00194253,0.002023139,0.002095733,0.002177219,0.002253234,0.002334274,0.002415433,0.002493472,0.002575761,0.002644549,0.002727079,0.002791507,0.002868138,0.002938656,0.003013449,0.003097583,0.003164649,0.003257274,0.003332462,0.003432065,0.003519178,0.003625192,0.003732259,0.003829882,0.003970296,0.004078224,0.004235666,0.004362655,0.004537346,0.004686894,0.004883994,0.005071014,0.005275402,0.005505821,0.005741141,0.006033624,0.006308009,0.006630409,0.006984843,0.007408799,0.007837735,0.008354269,0.008890224,0.00958103,0.01032614,0.011187721,0.012263655,0.013525089,0.015089743,0.017095329,0.019545124,0.023021588,0.027834065,0.035333118,0.048213658,0.075581605,0.177315271,-0.531985552,-0.106518256,-0.059220848,-0.04102165,-0.031375239,-0.025398997,-0.021369612,-0.018404874,-0.016169868,-0.014433846,-0.013031763,-0.01191182,-0.010913665,-0.010703822],"unit":"S"},"power":{"value":[-21.368036,-21.456522,-20.417289,-19.135325,-17.832913,-16.507712,-15.204875,-13.932661,-12.679533,-11.474084,-10.295928,-9.169902,-8.092632,-7.054824,-6.078356,-5.154171,-4.288636,-3.488728,-2.751177,-2.074528,-1.472563,-0.931934389,-0.460586486,-0.057310554,0.290067792,0.572838672,0.810859239,0.996771783,1.155148,1.269373,1.364901,1.435884,1.488091,1.528925,1.557372,1.577323,1.590009,1.602148,1.610368,1.608825,1.610984,1.605691,1.600992,1.593261,1.580522,1.567674,1.544224,1.526517,1.496452,1.471032,1.44059,1.410436,1.38276,1.345846,1.318228,1.281675,1.252694,1.217264,1.186674,1.154322,1.11732,1.0907,1.053004,1.025854,0.988971393,0.960579298,0.924441755,0.895129064,0.861318011,0.827782172,0.795561909,0.76112904,0.731125825,0.695676559,0.662461791,0.628971479,0.598015367,0.563312641,0.530967678,0.495546452,0.464050712,0.430085281,0.395785831,0.363161801,0.329463136,0.296039522,0.263165461,0.228301735,0.195162908,0.161052015,0.127519637,0.093671321,0.059531272,0.025564838,-0.008483922,-0.042581448,-0.076495323,-0.110670625,-0.144818098,-0.178928003,-0.213469563,-0.247420608,-0.28149334,-0.315922702,-0.3502742,-0.385728588,-0.41904256,-0.427900985],"unit":"mW"},"J":{"value":[-0.149142836,-0.151375982,-0.14561336700000002,-0.137971178,-0.130014426,-0.121707848,-0.113380049,-0.105091415,-0.09675503399999999,-0.088589978,-0.080443022,-0.072509675,-0.06477449,-0.057167096,-0.04987208,-0.042826093,-0.036093109,-0.029743653999999998,-0.023764622,-0.018159444,-0.013064964,-0.008382098,-0.004200411,-0.000530044446,0.002721217,0.005451953,0.007831145,0.009770949,0.011495739,0.012827637,0.014009276,0.014972936000000001,0.015768236999999997,0.016467576999999997,0.017055042,0.017567143,0.01801527,0.018472759,0.018900445999999998,0.019227335,0.019610707999999998,0.019917313,0.020242642,0.020541758,0.020787354,0.021041532,0.021160585000000003,0.021364676,0.021401655999999998,0.021508383,0.021544739,0.021587648,0.021671125,0.021610116000000002,0.021697963,0.021640543,0.021711849999999998,0.02167253,0.021718402999999997,0.021734319,0.021660983,0.021790179,0.021699366999999997,0.021827315,0.021750234,0.021860706,0.021796108,0.021894096999999998,0.021883955,0.02188177,0.021915161000000002,0.021888948,0.021992866,0.021935445,0.021945588000000002,0.021947772,0.022040768,0.022002228,0.022053875,0.021978355,0.022079308000000002,0.022066981,0.022034214,0.022098188,0.022103961000000002,0.022131579,0.022210063999999998,0.022119252,0.022195397,0.022170119,0.022226759000000002,0.022252817,0.022211468,0.022294166,0.022245639,0.022300719,0.022286988,0.022311017,0.022320378999999998,0.022322564,0.022364692999999998,0.022345032,0.022340039000000003,0.022360323999999997,0.022371870000000002,0.022445362,0.022392935000000003,0.022409786],"unit":"A\/cm2"},"power_density":{"value":[-223.749065,-224.675624,-213.793603,-200.369893,-186.732068,-172.855621,-159.213355,-145.89174,-132.769981,-120.147479,-107.810769,-96.019915,-84.739601,-73.872498,-63.647703,-53.970373,-44.907184,-36.531183,-28.808141,-21.72281,-15.419508,-9.758475,-4.822895,-0.60011051,3.037359,5.998311,8.490673,10.437401,12.095793,13.291864,14.292153,15.035437,15.582107,16.009683,16.307558,16.516474,16.649305,16.776414,16.862495,16.846339,16.868943,16.813515,16.764317,16.683361,16.54997,16.415439,16.169889,15.984474,15.669653,15.403481,15.084713,14.768967,14.479158,14.092629,13.803431,13.420679,13.11721,12.746218,12.42591,12.087142,11.699688,11.420946,11.026215,10.741929,10.355721,10.058422,9.680018,9.373079,9.019037,8.667876,8.330491,7.969938,7.655768,7.284571,6.936773,6.586089,6.261941,5.898562,5.559871,5.188968,4.85917,4.503511,4.144354,3.802741,3.449876,3.09989,2.755659,2.390594,2.043591,1.686409,1.335284,0.980851533,0.6233641,0.26769464,-0.088836884,-0.445879037,-0.800998146,-1.158855,-1.51642,-1.873592,-2.235283,-2.590792,-2.947574,-3.308091,-3.667793,-4.039043,-4.38788,-4.480639],"unit":"mW\/cm2"},"timestamps":{"value":[0.019,0.041,0.067,0.09,0.114,0.137,0.16,0.184,0.208,0.232,0.254,0.277,0.3,0.322,0.347,0.37,0.394,0.416,0.447,0.469,0.496,0.52,0.542,0.564,0.587,0.609,0.624,0.649,0.672,0.692,0.714,0.736,0.757,0.779,0.801,0.826,0.849,0.887,0.91,0.934,0.957,0.978,1,1.023,1.045,1.067,1.09,1.111,1.133,1.155,1.177,1.204,1.229,1.25,1.272,1.294,1.316,1.339,1.361,1.383,1.407,1.428,1.45,1.474,1.495,1.516,1.536,1.558,1.586,1.609,1.624,1.648,1.669,1.7,1.736,1.763,1.788,1.81,1.833,1.857,1.878,1.902,1.925,1.947,1.971,1.997,2.027,2.051,2.073,2.1,2.121,2.145,2.169,2.193,2.221,2.242,2.265,2.286,2.308,2.328,2.351,2.379,2.401,2.424,2.446,2.469,2.499,2.521],"unit":"s"},"p_max":{"unit":"mW","value":1.610984},"v_p_max":{"unit":"V","value":0.860190392},"i_p_max":{"unit":"mA","value":1.872823},"j_p_max":{"unit":"mA\/cm2","value":19.610708},"voc":{"unit":"V","value":1.129579},"isc":{"unit":"mA","value":2.125615},"jsc":{"unit":"mA\/cm2","value":22.25775},"fill_factor":{"unit":"%","value":67.095},"efficiency":{"unit":"%","value":16.868943},"r_s":{"unit":"ohms","value":32.191246},"r_sh":{"unit":"ohms","value":4937.549},"cell_dimension":{"value":0.09550000108620704,"unit":"cm2"},"sweep_direction":{"unit":"","value":"Reverse"},"key":"reverse20_4cell_231019"},{"V":{"value":[1.500223,1.484221,1.468229,1.452251,1.436245,1.420246,1.404246,1.388237,1.372221,1.35622,1.340214,1.324234,1.308219,1.292221,1.276221,1.260223,1.244205,1.228201,1.212231,1.196221,1.180224,1.164188,1.148207,1.132188,1.116184,1.100215,1.084216,1.068209,1.052198,1.036188,1.020196,1.004169,0.988193035,0.972191572,0.956188679,0.940187216,0.924177408,0.908164978,0.892173052,0.876168728,0.860183716,0.844171286,0.828179359,0.812164068,0.796158552,0.780143261,0.764148712,0.748174429,0.732164621,0.716160536,0.700161695,0.684138298,0.668128729,0.652127028,0.636162519,0.620156765,0.604144335,0.588138819,0.572137356,0.556133032,0.540122032,0.524135351,0.508132458,0.492132425,0.476114511,0.460113049,0.444116831,0.428105831,0.412132978,0.396127462,0.380121708,0.364107847,0.348102331,0.332089901,0.316085577,0.300082684,0.284108639,0.268101454,0.25209856,0.236091614,0.220080614,0.204081058,0.188083172,0.172079802,0.156081915,0.140058041,0.124078035,0.108078718,0.092068672,0.076069355,0.060068846,0.044080496,0.028063536,0.012005538,-0.003995419,-0.019993633,-0.035936117,-0.051940918,-0.067934752,-0.083938122,-0.099948168,-0.115939379,-0.131942749,-0.147946119,-0.163933039,-0.179934978,-0.195945263,-0.199944019],"unit":"V"},"I":{"value":[-0.016287059,-0.016547278,-0.015871957,-0.015057653,-0.014186203000000001,-0.013295396999999999,-0.012393355,-0.011480704,-0.010581449,-0.009688005000000001,-0.008802949999999999,-0.007945374,-0.007100552,-0.006280287999999999,-0.005491912,-0.004724084999999999,-0.003994673,-0.003306448,-0.0026548500000000003,-0.002051324,-0.0014973879999999999,-0.00098900497,-0.000541105866,-0.00014716386800000001,0.000203981996,0.0005004107949999999,0.000754728913,0.00096654892,0.0011447970000000001,0.001290724,0.001415223,0.001511484,0.001599982,0.0016671119999999999,0.00172773,0.001781762,0.001824901,0.001864985,0.0019014029999999999,0.001932964,0.0019622299999999997,0.001997873,0.002013624,0.002043515,0.002060711,0.002080411,0.00209491,0.002105728,0.00211814,0.0021186919999999997,0.002130345,0.002132908,0.002134025,0.002136514,0.0021337419999999997,0.002138942,0.0021378400000000002,0.002138808,0.002144843,0.0021431740000000003,0.00214304,0.002145261,0.0021454689999999997,0.002147555,0.002143249,0.002148315,0.002145603,0.002143741,0.002152264,0.002147898,0.002155378,0.0021517719999999997,0.0021588500000000004,0.002155036,0.002162814,0.0021571959999999997,0.0021524730000000002,0.0021635,0.002158374,0.002163425,0.0021621139999999997,0.002160728,0.00216642,0.0021660629999999998,0.002164409,0.0021666880000000004,0.002166763,0.002167866,0.002166823,0.002166897,0.002167314,0.002177298,0.002166823,0.0021721720000000004,0.0021705030000000003,0.002167523,0.002174735,0.002171621,0.002178207,0.002173632,0.0021720380000000003,0.0021753610000000002,0.0021738409999999997,0.002179176,0.002178624,0.00217481,0.002178267,0.002175078],"unit":"A"},"resistance":{"value":[-92.111333,-89.695781,-92.504602,-96.44602,-101.242394,-106.82241,-113.306388,-120.919112,-129.681815,-139.989584,-152.246031,-166.667364,-184.241926,-205.758171,-232.381814,-266.765484,-311.466066,-371.45624,-456.609775,-583.145966,-788.188361,-1177.13,-2121.964,-7693.38,5471.971,2198.623,1436.563,1105.178,919.113425,802.796246,720.873165,664.359327,617.627448,583.159084,553.436393,527.672833,506.426188,486.955744,469.218266,453.277376,438.370572,422.534969,411.288044,397.434759,386.351315,374.994829,364.764537,355.304438,345.663867,338.020157,328.661253,320.753851,313.08382,305.229525,298.144071,289.936158,282.595701,274.984345,266.750184,259.490329,252.035406,244.322465,236.839783,229.159367,222.146158,214.173891,206.989256,199.700384,191.488105,184.425633,176.359611,169.212994,161.244302,154.099487,146.145511,139.107725,131.991748,123.92027,116.800243,109.128629,101.789561,94.450139,86.817493,79.443596,72.112963,64.641523,57.264241,49.854897,42.490176,35.1052,27.715798,20.245504,12.951469,5.526974,-1.84078,-9.224185,-16.524366,-23.918043,-31.188381,-38.616522,-46.015848,-53.296617,-60.695676,-67.890866,-75.246127,-82.735969,-89.954673,-91.924997],"unit":"ohms"},"conductance":{"value":[-0.010856427,-0.011148796,-0.010810273,-0.010368494,-0.009877285,-0.009361332,-0.008825628,-0.008269991,-0.007711181,-0.007143389,-0.006568316,-0.005999975,-0.005427646,-0.004860074,-0.004303263,-0.003748611,-0.003210623,-0.002692107,-0.002190054,-0.001714837,-0.001268732,-0.000849523486,-0.00047126162,-0.000129981875,0.000182749514,0.000454830122,0.000696105755,0.00090483134,0.001088005,0.001245646,0.001387207,0.00150521,0.001619099,0.001714798,0.001806892,0.001895114,0.001974621,0.002053575,0.002131204,0.002206155,0.002281175,0.002366668,0.002431386,0.002516136,0.002588318,0.002666703,0.002741495,0.002814488,0.002892984,0.002958403,0.003042646,0.003117655,0.003194033,0.003276223,0.003354083,0.003449035,0.003538624,0.003636571,0.003748826,0.003853708,0.003967697,0.004092952,0.004222264,0.004363775,0.004501541,0.004669103,0.004831169,0.005007502,0.005222256,0.00542224,0.005670232,0.005909712,0.00620177,0.006489314,0.006842496,0.007188673,0.007576231,0.008069705,0.008561626,0.009163498,0.00982419,0.010587597,0.011518416,0.012587547,0.013867132,0.015469933,0.017462905,0.02005821,0.023534852,0.028485808,0.036080505,0.049393684,0.077211317,0.180930843,-0.543248001,-0.108410658,-0.060516696,-0.041809441,-0.032063222,-0.025895652,-0.021731644,-0.018762917,-0.016475638,-0.014729522,-0.013289721,-0.012086641,-0.01111671,-0.010878434],"unit":"S"},"power":{"value":[-24.434215,-24.559817,-23.303668,-21.867488,-20.374867,-18.882739,-17.403324,-15.937933,-14.520091,-13.139064,-11.79784,-10.521538,-9.289081,-8.115518,-7.008891,-5.953401,-4.970194,-4.060983,-3.218291,-2.453837,-1.767253,-1.151388,-0.621301516,-0.166617107,0.227681342,0.550559323,0.818289072,1.032476,1.204553,1.337433,1.443805,1.517785,1.581091,1.620752,1.652036,1.67519,1.686532,1.693714,1.696381,1.693602,1.687878,1.686547,1.667642,1.65967,1.640653,1.623018,1.600822,1.575452,1.550828,1.517323,1.491586,1.459204,1.425803,1.393278,1.357407,1.32648,1.291564,1.257916,1.227145,1.19189,1.157503,1.124407,1.090183,1.056882,1.020432,0.988467907,0.952898537,0.917747874,0.887019021,0.850841415,0.819306142,0.783477209,0.751500868,0.715665604,0.683634356,0.647337285,0.611536099,0.580037386,0.544122876,0.51076652,0.47583933,0.440963653,0.407467187,0.372735621,0.337825033,0.303462138,0.26884769,0.234300139,0.199496475,0.164834462,0.130188068,0.095976378,0.060808702,0.026078094,-0.008672069,-0.043336658,-0.078151534,-0.112795974,-0.147975954,-0.18245062,-0.217091214,-0.252209993,-0.286822557,-0.322400576,-0.357148497,-0.391324314,-0.42682103,-0.434893797],"unit":"mW"},"J":{"value":[-0.170545116,-0.17326992200000002,-0.166198502,-0.157671761,-0.148546633,-0.139218818,-0.129773355,-0.120216795,-0.11080051,-0.101445077,-0.092177491,-0.08319763000000001,-0.07435133299999999,-0.065762179,-0.057506936,-0.049466862,-0.041829042000000004,-0.034622497,-0.027799481,-0.021479829,-0.015679454,-0.010356073,-0.00566603,-0.001540983,0.002135937,0.005239904,0.007902921,0.010120931000000001,0.011987399,0.013515431,0.014819088000000001,0.015827062,0.016753742,0.017456671,0.018091414,0.01865719,0.019108906000000002,0.019528635000000003,0.01990998,0.020240458,0.020546907,0.020920138,0.021085065,0.021398067,0.02157813,0.021784405,0.021936226,0.022049506,0.022179480999999997,0.022185254,0.022307272,0.022334109999999997,0.022345813,0.022371870000000002,0.022342848,0.022397303,0.022385757000000003,0.022395899,0.022459093,0.022441617,0.022440213,0.022463460999999997,0.022465646,0.022487491,0.022442397,0.022495448,0.02246705,0.022447546,0.022536797,0.022491079,0.022569408,0.022531648,0.022605764,0.022565819,0.022647268,0.022588444,0.022538982,0.022654446,0.022600771000000002,0.022653666000000003,0.022639935,0.022625423999999998,0.022685028,0.022681284000000003,0.022663964,0.022687837,0.022688617,0.022700164000000002,0.022689241,0.022690022,0.02269439,0.022798933,0.022689241,0.022745256999999998,0.022727782000000002,0.022696575,0.022772095,0.022739484,0.022808451,0.022760549,0.022743853,0.022778648000000002,0.022762733,0.022818593,0.022812819999999998,0.022772874999999998,0.022809075,0.022775683999999997],"unit":"A\/cm2"},"power_density":{"value":[-255.855652,-257.170854,-244.01747,-228.978928,-213.349389,-197.725021,-182.233757,-166.889346,-152.042838,-137.581819,-123.537587,-110.173171,-97.267859,-84.979242,-73.391534,-62.339273,-52.043913,-42.523382,-33.699384,-25.694625,-18.505264,-12.056415,-6.505775,-1.744682,2.384098,5.765019,8.568472,10.811269,12.613117,14.004529,15.118377,15.893041,16.555931,16.971229,17.298805,17.541252,17.660019,17.735222,17.763147,17.734056,17.674115,17.66018,17.462216,17.378742,17.179612,16.994957,16.762539,16.496876,16.239031,15.888204,15.618698,15.27962,14.929879,14.589301,14.213682,13.889839,13.524228,13.171898,12.849686,12.480524,12.120453,11.773894,11.415524,11.066823,10.685151,10.350449,9.977995,9.609925,9.288157,8.909334,8.579122,8.20395,7.869119,7.493881,7.158475,6.778401,6.403519,6.07369,5.697622,5.348341,4.982611,4.61742,4.266672,3.902991,3.537435,3.177614,2.815159,2.453405,2.088968,1.726015,1.363226,1.004988,0.636740336,0.273069045,-0.090807,-0.453786991,-0.818340673,-1.18111,-1.549486,-1.910478,-2.273206,-2.640942,-3.003378,-3.375922,-3.739775,-4.097637,-4.46933,-4.553862],"unit":"mW\/cm2"},"timestamps":{"value":[0.018,0.042,0.066,0.089,0.112,0.135,0.158,0.18,0.203,0.226,0.248,0.271,0.294,0.316,0.341,0.362,0.384,0.408,0.43,0.453,0.476,0.501,0.536,0.557,0.581,0.602,0.625,0.648,0.684,0.708,0.732,0.756,0.779,0.801,0.823,0.844,0.867,0.889,0.91,0.932,0.955,0.976,0.999,1.024,1.047,1.068,1.088,1.112,1.135,1.158,1.181,1.203,1.233,1.255,1.279,1.3,1.321,1.348,1.369,1.391,1.414,1.437,1.458,1.479,1.507,1.529,1.565,1.589,1.61,1.634,1.656,1.678,1.699,1.721,1.742,1.765,1.796,1.82,1.842,1.864,1.886,1.918,1.945,1.973,1.995,2.02,2.05,2.071,2.107,2.13,2.154,2.177,2.199,2.223,2.246,2.275,2.297,2.319,2.34,2.362,2.391,2.412,2.434,2.471,2.495,2.519,2.54,2.563],"unit":"s"},"p_max":{"unit":"mW","value":1.696381},"v_p_max":{"unit":"V","value":0.892173052},"i_p_max":{"unit":"mA","value":1.901403},"j_p_max":{"unit":"mA\/cm2","value":19.90998},"voc":{"unit":"V","value":1.12548},"isc":{"unit":"mA","value":2.17092},"jsc":{"unit":"mA\/cm2","value":22.732145},"fill_factor":{"unit":"%","value":69.429107},"efficiency":{"unit":"%","value":17.763147},"r_s":{"unit":"ohms","value":27.196627},"r_sh":{"unit":"ohms","value":4243.113},"cell_dimension":{"value":0.09550000247441856,"unit":"cm2"},"sweep_direction":{"unit":"","value":"Reverse"},"key":"reverse20_3cell_231019"},{"V":{"value":[1.50024,1.484228,1.46823,1.452281,1.43624,1.42025,1.404243,1.388237,1.372226,1.356217,1.340216,1.324236,1.308225,1.292225,1.276222,1.260222,1.244205,1.228199,1.212232,1.196224,1.180217,1.164206,1.148204,1.132208,1.116185,1.100198,1.084216,1.068208,1.052195,1.036185,1.020195,1.004171,0.988193035,0.972194195,0.956188679,0.940188646,0.924176216,0.908169031,0.892174482,0.876166105,0.860189199,0.844168425,0.828169823,0.812160015,0.796158552,0.780136585,0.764167786,0.748167515,0.732168913,0.716163158,0.700156212,0.684139729,0.668129921,0.652127028,0.636161089,0.620155334,0.604145765,0.588138819,0.572135925,0.556130171,0.540123224,0.524134159,0.508137941,0.492133617,0.476118565,0.460114241,0.444118261,0.42811799,0.412123442,0.396121979,0.380123138,0.364114761,0.348100901,0.33208847,0.316092491,0.300080061,0.284107208,0.268105745,0.252091885,0.236091614,0.220077991,0.204082489,0.188088655,0.172083855,0.156072378,0.140078545,0.124075174,0.108081579,0.092089176,0.076080322,0.060068846,0.044077635,0.028062105,0.012005687,-0.00398922,-0.019992948,-0.035936117,-0.051939487,-0.067933321,-0.083934069,-0.099951029,-0.115946054,-0.131938457,-0.147944689,-0.163946629,-0.179951429,-0.195949316,-0.199941158],"unit":"V"},"I":{"value":[-0.008567214,-0.00855951,-0.008227721,-0.007827476,-0.0073941350000000005,-0.006940826999999999,-0.006494939,-0.006048769,-0.005600183999999999,-0.0051537449999999995,-0.004708961,-0.004272431,-0.003842294,-0.003416941,-0.00300087,-0.0025914609999999998,-0.002194405,-0.0018078240000000002,-0.001435176,-0.001079232,-0.000740855932,-0.000417172909,-0.00011831522,0.00016492605199999998,0.00041960179800000003,0.0006565898660000001,0.000859260559,0.001052558,0.001209229,0.001352653,0.001472995,0.001573831,0.001657888,0.0017281470000000002,0.0017887649999999999,0.001843765,0.001887456,0.001924157,0.001954108,0.001987547,0.0020099429999999997,0.0020290910000000002,0.002052188,0.002067581,0.002086788,0.002096087,0.002120912,0.002122656,0.002142966,0.002141997,0.002152681,0.002157956,0.002153933,0.002163425,0.002159059,0.002162814,0.002160996,0.002161771,0.00216648,0.00216648,0.002163425,0.002173975,0.002166763,0.002171054,0.00216794,0.002168432,0.0021720380000000003,0.002164125,0.002176538,0.0021705030000000003,0.002176672,0.0021720380000000003,0.0021801439999999997,0.002174735,0.0021730070000000002,0.002178892,0.002172723,0.002175778,0.002175286,0.00218147,0.002176821,0.002178833,0.002184093,0.002181739,0.0021816049999999997,0.0021801439999999997,0.002180904,0.002184242,0.0021796669999999997,0.002185836,0.002188608,0.002184927,0.002182856,0.002186388,0.002181396,0.0021881910000000004,0.0021886830000000003,0.0021811129999999997,0.0021905450000000003,0.0021865960000000003,0.002190828,0.002189502,0.0021836760000000003,0.0021904859999999997,0.0021889509999999997,0.002189785,0.002192214,0.002185628],"unit":"A"},"resistance":{"value":[-175.114141,-173.401033,-178.449234,-185.536285,-194.240397,-204.622657,-216.205787,-229.50729,-245.032212,-263.151754,-284.609658,-309.949037,-340.480151,-378.181774,-425.283869,-486.297786,-566.989896,-679.380091,-844.657731,-1108.403,-1593.045,-2790.703,-9704.619,6864.944,2660.105,1675.625,1261.801,1014.868,870.136981,766.039284,692.599083,638.042758,596.055258,562.564437,534.552373,509.928572,489.641306,471.982777,456.563437,440.827938,427.966935,416.032783,403.554575,392.806901,381.523372,372.187167,360.301492,352.467704,341.661503,334.343645,325.248422,317.031308,310.190663,301.432682,294.647379,286.73538,279.568176,272.063416,264.085508,256.6976,249.661163,241.09483,234.514782,226.679534,219.617948,212.187547,204.470764,197.824942,189.34814,182.502375,174.634993,167.637384,159.668751,152.702955,145.463203,137.721371,130.760872,123.222924,115.889054,108.225908,101.100627,93.665967,86.117512,78.874643,71.54018,64.251963,56.891622,49.482419,42.249188,34.806045,27.446141,20.1735,12.855682,5.491106,-1.828746,-9.136748,-16.419063,-23.813298,-31.012061,-38.385716,-45.622483,-52.955443,-60.420352,-67.539677,-74.897357,-82.177661,-89.384204,-91.479966],"unit":"ohms"},"conductance":{"value":[-0.005710561,-0.005766978,-0.005603835,-0.005389781,-0.00514826,-0.004887044,-0.004625223,-0.00435716,-0.004081096,-0.003800089,-0.003513584,-0.003226337,-0.002937029,-0.002644231,-0.002351371,-0.002056353,-0.0017637,-0.00147193,-0.001183911,-0.000902198701,-0.000627728684,-0.000358332618,-0.000103043719,0.000145667613,0.000375925054,0.000596792309,0.000792517962,0.000985350149,0.001149244,0.001305416,0.001443837,0.001567293,0.001677697,0.001777574,0.001870724,0.001961059,0.002042311,0.002118721,0.002190276,0.002268459,0.002336629,0.002403657,0.00247798,0.00254578,0.002621071,0.00268682,0.002775453,0.002837139,0.002926874,0.002990935,0.003074573,0.003154263,0.003223824,0.00331749,0.003393887,0.003487536,0.003576945,0.003675614,0.003786652,0.003895634,0.004005429,0.004147746,0.004264124,0.004411514,0.004553362,0.004712812,0.004890675,0.005054974,0.005281277,0.005479381,0.005726229,0.005965257,0.006262966,0.006548662,0.006874591,0.007261037,0.007647548,0.008115373,0.008628943,0.009239932,0.009891135,0.010676236,0.01161204,0.012678346,0.013978159,0.015563727,0.017577281,0.020209198,0.023669094,0.028730641,0.036434994,0.04956998,0.077786616,0.182112679,-0.546822705,-0.109448135,-0.060904815,-0.041993344,-0.032245519,-0.026051357,-0.021919017,-0.0188838,-0.016550715,-0.014806112,-0.013351606,-0.012168757,-0.011187659,-0.010931355],"unit":"S"},"power":{"value":[-12.85288,-12.704264,-12.080191,-11.367692,-10.61975,-9.857712,-9.120476,-8.397122,-7.684716,-6.989598,-6.311023,-5.657707,-5.026585,-4.415455,-3.829776,-3.265815,-2.73029,-2.220368,-1.739766,-1.291002,-0.87437061,-0.485675116,-0.135850019,0.186730614,0.468353112,0.722379034,0.931623943,1.124351,1.272345,1.401599,1.502741,1.580396,1.638314,1.680095,1.710397,1.733487,1.744342,1.74746,1.743406,1.741421,1.728931,1.712895,1.69956,1.679206,1.661414,1.635234,1.620733,1.588102,1.569013,1.534019,1.507213,1.476344,1.439107,1.410828,1.373509,1.341281,1.305557,1.271421,1.239521,1.204845,1.168516,1.139455,1.101014,1.068449,1.032197,0.997726387,0.964641722,0.926501036,0.897002377,0.859783999,0.827403476,0.790871083,0.758910156,0.722204443,0.686871049,0.653842192,0.617286383,0.583338623,0.548372051,0.515026866,0.479070445,0.444661639,0.410803116,0.375441991,0.340488203,0.305391425,0.270596063,0.236076326,0.200723771,0.16629914,0.131467159,0.096306435,0.06125554,0.026249087,-0.008702067,-0.043748384,-0.078652753,-0.113285879,-0.14881101,-0.183529932,-0.218975545,-0.253864132,-0.288110812,-0.32407071,-0.3588711,-0.394054984,-0.42956286,-0.436996958],"unit":"mW"},"J":{"value":[-0.089709047,-0.089628378,-0.086154145,-0.081963096,-0.077425497,-0.07267881400000001,-0.068009836,-0.063337893,-0.058640672000000005,-0.053965921,-0.049308489000000004,-0.044737499,-0.040233447,-0.035779482,-0.031422726,-0.027135717,-0.022978059,-0.018930092,-0.015028016,-0.011300853,-0.007757653999999999,-0.0043683030000000005,-0.0012389030000000002,0.001726974,0.004393736,0.006875287,0.008997493,0.011021554,0.012662086000000001,0.014163905,0.015424028,0.016479904,0.017360087,0.018095783,0.018730526,0.019306444,0.019763933,0.020148242,0.020461869,0.020812007,0.021046525,0.021247026999999998,0.021488879000000002,0.021650061,0.021851188,0.021948552,0.022208503,0.022226759000000002,0.022439432,0.02242929,0.022541166,0.022596402,0.022554273,0.022653666000000003,0.022607948,0.022647268,0.022628232,0.022636345999999998,0.022685653,0.022685653,0.022653666000000003,0.022764137,0.022688617,0.022733555,0.022700944,0.022706093,0.022743853,0.022660999,0.022790974999999998,0.022727782000000002,0.022792379,0.022743853,0.022828735000000003,0.022772095,0.022753995,0.022815628,0.02275103,0.022783017000000003,0.022777868000000003,0.022842622,0.02279394,0.022815004,0.022870084,0.022845431000000003,0.022844026,0.022828735000000003,0.022836693,0.022871644,0.022823742,0.02288834,0.022917362,0.022878822,0.022857133,0.022894113,0.022841842,0.022912993,0.022918142,0.022838877,0.022937646000000003,0.022896297,0.022940611,0.022926724,0.022865715,0.022937021999999998,0.022920951,0.022929688,0.022955121999999998,0.022886155],"unit":"A\/cm2"},"power_density":{"value":[-134.58513,-133.028939,-126.494142,-119.033427,-111.201575,-103.222116,-95.502368,-87.927976,-80.468227,-73.189507,-66.08401,-59.243003,-52.634398,-46.235129,-40.102367,-34.19702,-28.589421,-23.249929,-18.217444,-13.518349,-9.155713,-5.085603,-1.422513,1.955294,4.904221,7.564178,9.755225,11.773307,13.322985,14.676429,15.735513,16.548648,17.155117,17.592615,17.909916,18.151699,18.265357,18.29801,18.255557,18.234775,18.103993,17.93607,17.796441,17.583314,17.39701,17.122869,16.971023,16.629339,16.429455,16.063031,15.782337,15.459096,15.069184,14.773068,14.382297,14.044824,13.670751,13.313314,12.979277,12.616176,12.235771,11.931462,11.528947,11.187947,10.808341,10.447397,10.10096,9.701582,9.392695,9.002974,8.663911,8.281373,7.946703,7.56235,7.192367,6.846515,6.463732,6.108258,5.742116,5.392951,5.016444,4.656143,4.301603,3.93133,3.565321,3.197816,2.833467,2.472003,2.10182,1.741352,1.376619,1.008444,0.641419271,0.274859548,-0.091121124,-0.458098265,-0.823589034,-1.18624,-1.55823,-1.921779,-2.292938,-2.658263,-3.016867,-3.393411,-3.757813,-4.12623,-4.49804,-4.575884],"unit":"mW\/cm2"},"timestamps":{"value":[0.019,0.041,0.066,0.093,0.117,0.142,0.164,0.187,0.211,0.235,0.258,0.28,0.303,0.326,0.35,0.372,0.402,0.435,0.458,0.481,0.517,0.541,0.564,0.586,0.603,0.63,0.652,0.672,0.694,0.716,0.739,0.762,0.784,0.811,0.834,0.857,0.88,0.903,0.925,0.948,0.972,0.992,1.015,1.036,1.059,1.083,1.106,1.128,1.153,1.176,1.199,1.221,1.242,1.265,1.288,1.311,1.332,1.359,1.396,1.42,1.443,1.465,1.489,1.51,1.531,1.555,1.578,1.601,1.622,1.646,1.668,1.691,1.714,1.737,1.759,1.779,1.803,1.825,1.85,1.871,1.894,1.918,1.938,1.962,1.984,2.008,2.031,2.058,2.087,2.108,2.147,2.171,2.194,2.22,2.241,2.279,2.305,2.327,2.348,2.374,2.397,2.419,2.442,2.465,2.488,2.511,2.534,2.559],"unit":"s"},"p_max":{"unit":"mW","value":1.74746},"v_p_max":{"unit":"V","value":0.908169031},"i_p_max":{"unit":"mA","value":1.924157},"j_p_max":{"unit":"mA\/cm2","value":20.148242},"voc":{"unit":"V","value":1.141522},"isc":{"unit":"mA","value":2.182641},"jsc":{"unit":"mA\/cm2","value":22.854878},"fill_factor":{"unit":"%","value":70.135928},"efficiency":{"unit":"%","value":18.29801},"r_s":{"unit":"ohms","value":47.94919},"r_sh":{"unit":"ohms","value":4194.762},"cell_dimension":{"value":0.0955000001281922,"unit":"cm2"},"sweep_direction":{"unit":"","value":"Reverse"},"key":"reverse20_2cell_231019"},{"V":{"value":[1.50024,1.484222,1.46823,1.452256,1.436247,1.42025,1.40425,1.388242,1.372223,1.356223,1.340213,1.324237,1.308222,1.292218,1.276226,1.260224,1.244219,1.228191,1.212251,1.196225,1.180224,1.164208,1.148201,1.132193,1.116178,1.100213,1.084214,1.068208,1.052199,1.03619,1.020193,1.004173,0.988191843,0.972194195,0.956192732,0.940183163,0.924180269,0.908169031,0.892152548,0.876174211,0.860190392,0.844164371,0.828169823,0.812162638,0.796158552,0.780144691,0.764149904,0.748175859,0.732174158,0.716159105,0.700152159,0.684138298,0.668128729,0.652129889,0.636163712,0.620156765,0.604141712,0.588140011,0.572138548,0.556145191,0.540124655,0.524132729,0.508137941,0.492132425,0.476118565,0.460113049,0.444116831,0.428111315,0.412128925,0.396124601,0.380124569,0.364112139,0.348102331,0.332091331,0.316088438,0.300081491,0.284108639,0.268104315,0.252095938,0.236087561,0.220082045,0.204077005,0.188103676,0.172090769,0.156072378,0.140073061,0.124075174,0.108080149,0.092075348,0.076067924,0.060071468,0.044077635,0.028060675,0.012007385,-0.003994018,-0.019994348,-0.035937548,-0.051942348,-0.067935944,-0.083935261,-0.099944115,-0.115948915,-0.131938457,-0.147926807,-0.163946629,-0.179954052,-0.195947886,-0.199942589],"unit":"V"},"I":{"value":[-0.009526893,-0.009665802,-0.009327009,-0.008879796,-0.00840041,-0.007908687,-0.007404462,-0.00689359,-0.0063893050000000005,-0.005882666000000001,-0.005381301,-0.004887074,-0.004400194,-0.003919423,-0.003448218,-0.002985269,-0.002537087,-0.0021053549999999997,-0.001686722,-0.0012903510000000001,-0.000912636518,-0.00055795908,-0.000228732824,7.677078199999999e-5,0.00035420060199999997,0.000602215528,0.000823259354,0.001018643,0.001182944,0.001329914,0.001452878,0.001553923,0.001647562,0.001715943,0.0017851,0.001832187,0.0018844749999999998,0.001917705,0.0019516800000000001,0.001983792,0.002007797,0.0020381809999999996,0.002057239,0.002079651,0.0020967129999999996,0.002110794,0.002125487,0.002134919,0.002140686,0.00214678,0.002147958,0.002155945,0.0021517719999999997,0.002151296,0.002159894,0.002152681,0.0021621139999999997,0.0021575989999999996,0.002158165,0.002162457,0.002155378,0.002166271,0.002158016,0.0021646169999999998,0.0021592679999999998,0.0021675970000000003,0.00216642,0.002159685,0.002166346,0.002160937,0.0021643340000000004,0.0021603850000000003,0.002168223,0.0021635,0.0021676570000000004,0.002166763,0.0021686260000000003,0.002169877,0.002166346,0.002170295,0.0021666880000000004,0.002171054,0.002165169,0.0021686260000000003,0.002170637,0.0021643340000000004,0.002174526,0.002169251,0.002168834,0.002177715,0.0021687,0.002170026,0.002176613,0.002174735,0.002169535,0.0021733489999999998,0.002169877,0.002176672,0.0021687,0.002177507,0.002170026,0.002171889,0.00217703,0.0021725150000000003,0.002178058,0.0021754950000000004,0.002175912,0.002176672],"unit":"A"},"resistance":{"value":[-157.474241,-153.553983,-157.417071,-163.546128,-170.973389,-179.581063,-189.649225,-201.381572,-214.76869,-230.545596,-249.049962,-270.967308,-297.310107,-329.696002,-370.111682,-422.14769,-490.412437,-583.365381,-718.702405,-927.053976,-1293.202,-2086.548,-5019.837,14747.708,3151.26,1826.943,1316.978,1048.657,889.475323,779.140427,702.187834,646.217909,599.79046,566.565481,535.652342,513.147988,490.417807,473.570784,457.120397,441.666461,428.424904,414.175406,402.563658,390.528378,379.717543,369.597707,359.517607,350.446926,342.02783,333.596802,325.961803,317.326459,310.501582,303.133566,294.534757,288.085724,279.421794,272.59008,265.104176,257.182139,250.593882,241.951574,235.46533,227.3531,220.500021,212.268683,205.000316,198.228601,190.241531,183.311534,175.631191,168.540374,160.547273,153.497293,145.820319,138.492996,131.008617,123.557362,116.369209,108.781347,101.575307,93.999025,86.877152,79.354762,71.90164,64.718781,57.05848,49.823707,42.453843,34.930151,27.699297,20.312028,12.891901,5.52131,-1.840956,-9.199786,-16.562018,-23.863193,-31.325652,-38.5465,-46.056637,-53.386208,-60.6048,-68.090127,-75.271929,-82.718668,-90.053211,-91.857004],"unit":"ohms"},"conductance":{"value":[-0.006350245,-0.006512368,-0.006352551,-0.006114483,-0.005848863,-0.005568516,-0.005272893,-0.004965698,-0.004656172,-0.004337537,-0.004015259,-0.003690482,-0.003363491,-0.003033097,-0.002701887,-0.002368839,-0.0020391,-0.001714192,-0.001391396,-0.001078686,-0.000773274182,-0.000479260478,-0.000199209661,6.7807146e-5,0.000317333427,0.000547362529,0.000759314132,0.00095360066,0.001124258,0.001283466,0.00142412,0.001547466,0.001667249,0.001765021,0.001866883,0.001948756,0.002039078,0.002111617,0.002187607,0.002264152,0.002334131,0.002414436,0.002484079,0.002560633,0.002633536,0.002705644,0.002781505,0.002853499,0.002923739,0.002997631,0.003067844,0.003151329,0.003220596,0.003298876,0.003395185,0.003471189,0.003578819,0.003668512,0.003772102,0.003888295,0.00399052,0.004133058,0.00424691,0.004398445,0.004535147,0.004711011,0.004878041,0.005044681,0.005256476,0.005455194,0.005693749,0.005933296,0.006228695,0.006514773,0.006857755,0.007220582,0.007633086,0.008093407,0.008593338,0.009192753,0.009844912,0.010638408,0.011510506,0.012601638,0.013907889,0.015451465,0.017525879,0.020070767,0.023554993,0.028628562,0.036101999,0.049231913,0.077568079,0.181116453,-0.543196012,-0.10869818,-0.060379114,-0.041905541,-0.03192272,-0.025942693,-0.021712397,-0.01873143,-0.016500343,-0.014686417,-0.013285165,-0.012089169,-0.011104546,-0.010886486],"unit":"S"},"power":{"value":[-14.29263,-14.3462,-13.694199,-12.895738,-12.065061,-11.232316,-10.397718,-9.569971,-8.767549,-7.978204,-7.212089,-6.471646,-5.75643,-5.064748,-4.400705,-3.762108,-3.156691,-2.585779,-2.044731,-1.543551,-1.077115,-0.649580654,-0.262631364,0.086919349,0.395350932,0.662565527,0.892589686,1.088122,1.244692,1.378043,1.482217,1.560407,1.628107,1.66823,1.706899,1.722592,1.741595,1.7416,1.741196,1.738147,1.727088,1.72056,1.703744,1.689015,1.669316,1.646725,1.62419,1.597295,1.567355,1.537436,1.503897,1.474964,1.437661,1.402924,1.374046,1.335,1.306223,1.26897,1.234769,1.20264,1.164173,1.135414,1.09657,1.065278,1.028067,0.997339854,0.962143683,0.924585541,0.892813732,0.856000147,0.822716551,0.786622494,0.754763572,0.718479461,0.685171321,0.650205457,0.616125265,0.581753464,0.546126955,0.51237954,0.476849222,0.443062297,0.407276158,0.373200446,0.338776518,0.303164897,0.269804749,0.234453018,0.199696164,0.165654283,0.130276999,0.095649627,0.061077218,0.026112882,-0.00866516,-0.043454702,-0.077980069,-0.113061467,-0.147332688,-0.182769591,-0.216881358,-0.251828168,-0.28723396,-0.321373178,-0.357085271,-0.391489145,-0.426365407,-0.435209479],"unit":"mW"},"J":{"value":[-0.099758047,-0.10121258799999999,-0.097665019,-0.092982154,-0.087962413,-0.082813476,-0.077533628,-0.07218418900000001,-0.066903717,-0.061598591999999994,-0.056348702,-0.051173552000000004,-0.046075327,-0.041041074999999996,-0.036106996,-0.031259359,-0.026566351999999998,-0.022045605,-0.017662011,-0.01351153,-0.009556403,-0.005842503,-0.002395108,0.0008038825389999999,0.003708907,0.006305921999999999,0.008620517,0.010666423,0.012386844,0.013925798,0.015213383,0.016271444,0.017251956,0.017967992,0.018692141,0.019185206,0.019732726,0.02008068,0.020436435,0.020772687,0.021024056000000003,0.021342207999999998,0.021541774,0.021776447999999997,0.021955106000000002,0.022102557000000002,0.022256406,0.022355174999999998,0.022415558999999998,0.022479377,0.022491703000000002,0.022575337,0.022531648,0.022526655000000003,0.022616686,0.022541166,0.022639935,0.022592657,0.022598586,0.022643523999999998,0.022569408,0.022683468000000002,0.022597026,0.022666148,0.022610133,0.022697355000000002,0.022685028,0.022614502,0.022684248,0.022627607999999997,0.022663184,0.022621835,0.022703908999999998,0.022654446,0.022697979,0.022688617,0.022708120999999998,0.022721228,0.022684248,0.022725597,0.022687837,0.022733555,0.022671921999999997,0.022708120999999998,0.022729186,0.022663184,0.022769911,0.022714675,0.022710306,0.022803301999999998,0.022708902,0.022722789,0.022791754999999997,0.022772095,0.022717638999999998,0.022757584,0.022721228,0.022792379,0.022708902,0.022801117000000003,0.022722789,0.022742293,0.022796123999999997,0.022748846,0.02280689,0.022780052999999998,0.022784422,0.022792379],"unit":"A\/cm2"},"power_density":{"value":[-149.661045,-150.221991,-143.394758,-135.033909,-126.335719,-117.615874,-108.876627,-100.209124,-91.806797,-83.541404,-75.519253,-67.765929,-60.276758,-53.034014,-46.08068,-39.393806,-33.054355,-27.076222,-21.410794,-16.162833,-11.278694,-6.801892,-2.750067,0.910150255,4.1398,6.937859,9.346489,11.393953,13.033426,14.429767,15.520592,16.339341,17.048242,17.468377,17.87329,18.037608,18.236596,18.236652,18.232418,18.200492,18.084691,18.016331,17.840247,17.686017,17.479745,17.243192,17.00723,16.725602,16.412093,16.09881,15.747615,15.444653,15.054041,14.690305,14.387915,13.979057,13.677729,13.287645,12.929522,12.593087,12.190294,11.889148,11.482406,11.154747,10.765104,10.443349,10.074803,9.681524,9.348835,8.963352,8.614833,8.236885,7.903283,7.523345,7.174569,6.808434,6.451573,6.091659,5.718607,5.365231,4.993186,4.639396,4.264672,3.907858,3.547398,3.174502,2.825181,2.455005,2.091059,1.7346,1.364157,1.001567,0.639552026,0.273433323,-0.090734657,-0.455023058,-0.816545221,-1.18389,-1.542751,-1.913818,-2.271009,-2.636944,-3.007685,-3.365164,-3.739113,-4.099363,-4.464559,-4.557167],"unit":"mW\/cm2"},"timestamps":{"value":[0.018,0.04,0.068,0.091,0.114,0.138,0.162,0.183,0.209,0.231,0.254,0.277,0.315,0.338,0.36,0.382,0.403,0.425,0.447,0.47,0.495,0.517,0.542,0.565,0.586,0.609,0.638,0.66,0.683,0.705,0.728,0.752,0.774,0.796,0.819,0.841,0.864,0.886,0.909,0.93,0.952,0.973,1.004,1.026,1.047,1.068,1.088,1.112,1.133,1.155,1.19,1.22,1.243,1.266,1.294,1.315,1.338,1.362,1.385,1.413,1.435,1.457,1.478,1.501,1.524,1.545,1.57,1.593,1.614,1.635,1.658,1.684,1.705,1.726,1.747,1.768,1.788,1.811,1.836,1.857,1.878,1.902,1.924,1.948,1.968,1.991,2.013,2.053,2.079,2.105,2.125,2.163,2.187,2.211,2.234,2.256,2.281,2.303,2.324,2.345,2.365,2.39,2.411,2.432,2.455,2.476,2.5,2.522],"unit":"s"},"p_max":{"unit":"mW","value":1.7416},"v_p_max":{"unit":"V","value":0.908169031},"i_p_max":{"unit":"mA","value":1.917705},"j_p_max":{"unit":"mA\/cm2","value":20.08068},"voc":{"unit":"V","value":1.136216},"isc":{"unit":"mA","value":2.170833},"jsc":{"unit":"mA\/cm2","value":22.731232},"fill_factor":{"unit":"%","value":70.609198},"efficiency":{"unit":"%","value":18.236652},"r_s":{"unit":"ohms","value":43.125054},"r_sh":{"unit":"ohms","value":4144.754},"cell_dimension":{"value":0.09549999510315192,"unit":"cm2"},"sweep_direction":{"unit":"","value":"Reverse"},"key":"reverse20_1cell_231019"},{"V":{"value":[-0.199922085,-0.183966637,-0.167963266,-0.151946068,-0.135946989,-0.119942188,-0.103944302,-0.087935448,-0.071937561,-0.055938244,-0.039939165,-0.023932934,-0.007992715,0.008008748,0.024060726,0.040070772,0.056074142,0.072065115,0.088071108,0.104071856,0.120073795,0.136074305,0.152077675,0.168097496,0.184081554,0.200075388,0.216064215,0.232082129,0.248082161,0.264086485,0.280092001,0.296108723,0.312119722,0.328091145,0.344094038,0.360106468,0.376102686,0.392104149,0.40811801,0.424123526,0.440131903,0.456108809,0.472117186,0.488128185,0.504122972,0.520138025,0.536136866,0.552146673,0.568127632,0.584123611,0.600129366,0.616148472,0.632155657,0.648151636,0.664161205,0.680142403,0.696142435,0.71214819,0.728149652,0.744156599,0.760164976,0.776185513,0.792147636,0.808157206,0.824164152,0.840172529,0.856179476,0.872182369,0.888192177,0.904162168,0.920158386,0.936187029,0.9521873,0.968194246,0.984187603,1.000204,1.016218,1.032181,1.048176,1.064188,1.080199,1.0962,1.112212,1.128224,1.1442,1.160204,1.176203,1.192215,1.208209,1.224225,1.240222,1.256198,1.272218,1.288222,1.304226,1.320229,1.336243,1.352246,1.36821,1.384223,1.400222,1.416234,1.432244,1.448251,1.464266,1.48027,1.496235,1.500244],"unit":"V"},"I":{"value":[0.0008437186479999999,0.00217855,0.00217925,0.002180696,0.002178058,0.002179861,0.002177373,0.002176747,0.002175152,0.002178341,0.002171338,0.002171129,0.002171889,0.002169043,0.002172932,0.002166137,0.002175286,0.002169818,0.0021725150000000003,0.00216502,0.00216946,0.002169326,0.002165377,0.002168909,0.002162814,0.002168223,0.002162874,0.0021596099999999997,0.0021643340000000004,0.002160653,0.0021598190000000003,0.002159134,0.0021637080000000003,0.002157956,0.002158374,0.002156287,0.002160594,0.0021535160000000003,0.002157956,0.00215435,0.002155736,0.002156153,0.002155036,0.002157047,0.002148867,0.00215365,0.002148241,0.002151638,0.002146363,0.0021453350000000004,0.0021447090000000003,0.002143949,0.002149969,0.00214228,0.002147615,0.002143249,0.002146572,0.002137557,0.002141029,0.002137557,0.0021339510000000003,0.002132639,0.0021246670000000002,0.0021235499999999997,0.00211668,0.002109468,0.0020968469999999998,0.002085194,0.002073273,0.002049133,0.002030745,0.002004057,0.001971945,0.0019313689999999998,0.0018811519999999999,0.001821578,0.0017409769999999999,0.001647279,0.001520783,0.0013770759999999999,0.001188979,0.0009644627569999999,0.000705912709,0.000387847424,3.5718083e-5,-0.000374510884,-0.000827953219,-0.0013289150000000002,-0.0018747450000000001,-0.002457395,-0.00307925,-0.003732577,-0.004423216,-0.005136058000000001,-0.005882666000000001,-0.0066550820000000005,-0.007444695,-0.008263930999999999,-0.009098067999999999,-0.009952322000000001,-0.010830566,-0.011719077999999999,-0.012627079999999999,-0.013554156000000001,-0.014487624000000001,-0.0154441,-0.016404122,-0.016665384],"unit":"A"},"resistance":{"value":[-236.953498,-84.444542,-77.073882,-69.6778,-62.416606,-55.022859,-47.738409,-40.397648,-33.072425,-25.679285,-18.393807,-11.023267,-3.680075,3.692296,11.072931,18.498724,25.77782,33.212521,40.538784,48.069708,55.347318,62.726537,70.231495,77.50326,85.112054,92.276193,99.896823,107.464814,114.622861,122.225284,129.683089,137.142384,144.252224,152.037896,159.422835,167.002999,174.073754,182.07628,189.122457,196.868415,204.167804,211.538207,219.076268,226.294604,234.599467,241.514658,249.57019,256.616868,264.693141,272.276167,279.818522,287.389483,294.03008,302.552203,309.255252,317.341769,324.304275,333.15991,340.093373,348.134208,356.224263,363.955366,372.833754,380.569031,389.366411,398.286457,408.31763,418.27397,428.400963,441.24129,453.11367,467.14587,482.867027,501.299386,523.183346,549.086745,583.705499,626.597845,689.234592,772.788539,908.510484,1136.591,1575.566,2908.939,32034.196,-3097.919,-1420.615,-897.13422,-644.465711,-498.180059,-402.767335,-336.5499,-287.622796,-250.819189,-221.706666,-198.379078,-179.489285,-163.632279,-150.384712,-139.085411,-129.284245,-120.848589,-113.426367,-106.849205,-101.070114,-95.846968,-91.210909,-90.02159],"unit":"ohms"},"conductance":{"value":[-0.004220237,-0.011842092,-0.012974564,-0.014351773,-0.016021377,-0.018174265,-0.020947493,-0.024753916,-0.03023667,-0.038941894,-0.054366124,-0.09071721,-0.271733578,0.270834186,0.090310326,0.054057783,0.038793039,0.030109127,0.024667736,0.020803122,0.018067723,0.015942216,0.014238626,0.012902683,0.011749217,0.010837031,0.010010328,0.009305371,0.008724263,0.008181613,0.007711106,0.007291692,0.006932302,0.006577308,0.006272627,0.005987916,0.005744691,0.005492204,0.005287579,0.005079535,0.004897932,0.004727278,0.00456462,0.004419018,0.004262584,0.004140535,0.004006889,0.00389686,0.00377796,0.003672742,0.003573745,0.003479598,0.003401013,0.003305215,0.003233575,0.003151177,0.003083524,0.003001562,0.002940369,0.002872455,0.00280722,0.00274759,0.002682161,0.002627644,0.002568275,0.002510756,0.002449074,0.002390778,0.002334262,0.002266334,0.002206952,0.002140659,0.002070964,0.001994816,0.001911376,0.001821206,0.001713193,0.00159592,0.001450885,0.001294015,0.001100703,0.000879824107,0.000634692618,0.000343767989,3.1216641e-5,-0.000322797329,-0.000703920336,-0.00111466,-0.001551673,-0.002007306,-0.002482823,-0.002971328,-0.003476776,-0.003986936,-0.004510464,-0.005040854,-0.005571363,-0.006111264,-0.006649612,-0.007189827,-0.007734895,-0.008274817,-0.008816292,-0.009358984,-0.009894122,-0.010433298,-0.010963601,-0.011108446],"unit":"S"},"power":{"value":[-0.168677991,-0.400780473,-0.366033969,-0.331348111,-0.296100431,-0.261457307,-0.226325472,-0.191413198,-0.156475151,-0.121852578,-0.086721411,-0.051961486,-0.017359289,0.017371318,0.052282323,0.086798786,0.12197732,0.156368161,0.191335785,0.225317598,0.260495303,0.29518952,0.329305521,0.364588124,0.398134189,0.43380811,0.467319617,0.501206976,0.53693267,0.570599381,0.604948027,0.639338279,0.675336006,0.708006373,0.742683486,0.776493051,0.812605157,0.844402486,0.880700855,0.913710636,0.948808226,0.983440522,1.017429,1.052916,1.083293,1.120195,1.151751,1.18802,1.219408,1.253141,1.287103,1.320991,1.359115,1.388523,1.426363,1.457714,1.49432,1.522257,1.558989,1.590677,1.622155,1.655324,1.68305,1.716162,1.744492,1.772317,1.795277,1.818669,1.841465,1.852749,1.868607,1.876172,1.877661,1.869941,1.851407,1.821949,1.769212,1.70029,1.594048,1.465468,1.284334,1.057244,0.785124546,0.437578916,0.040868634,-0.43450918,-0.973841071,-1.584353,-2.265083,-3.008405,-3.818953,-4.688857,-5.627294,-6.616382,-7.672326,-8.786233,-9.94792,-11.174866,-12.44807,-13.77623,-15.165193,-16.596957,-18.085057,-19.629817,-21.213733,-22.86144,-24.54442,-25.002149],"unit":"mW"},"J":{"value":[0.008834749999999999,0.022812039,0.022819373,0.022834508,0.02280689,0.02282577,0.022799713,0.022793159,0.022776464,0.022809855,0.022736519,0.022734335,0.022742293,0.02271249,0.022753215,0.022682064000000002,0.022777868000000003,0.022720604000000002,0.022748846,0.022670361,0.022716859,0.022715455,0.022674106,0.022711086000000002,0.022647268,0.022703908999999998,0.022647893,0.022613721000000003,0.022663184,0.022624644,0.022615905999999998,0.022608727999999998,0.02265663,0.022596402,0.022600771000000002,0.022578926,0.02262402,0.022549904000000003,0.022596402,0.022558642,0.022573153000000002,0.022577522,0.022565819,0.022586884,0.022501221999999998,0.022551308,0.022494668000000002,0.022530244,0.022475007999999998,0.022464242,0.022457688,0.022449731,0.022512768000000002,0.022432255,0.022488115,0.022442397,0.022477192,0.022382792,0.022419148,0.022382792,0.022345032,0.022331301,0.022247824000000003,0.022236121,0.02216419,0.02208867,0.021956510000000002,0.021834492,0.021709666,0.021456891999999998,0.021264347,0.020984891999999998,0.02064864,0.020223762,0.019697931000000002,0.019074110000000002,0.018230127,0.017248991,0.015924426000000002,0.014419643000000001,0.012450037,0.010099086,0.007391756,0.00406123,0.00037401134400000003,-0.00392158,-0.008669667,-0.013915344,-0.019630836999999998,-0.025731887000000002,-0.03224346,-0.039084575999999996,-0.046316398,-0.053780709,-0.061598591999999994,-0.06968672399999999,-0.07795491800000001,-0.08653330599999999,-0.095267726,-0.104212792,-0.113409071,-0.122712857,-0.132220734,-0.14192833300000002,-0.151702871,-0.161718324,-0.171770912,-0.174506641],"unit":"A\/cm2"},"power_density":{"value":[-1.766262,-4.196654,-3.832816,-3.469614,-3.100528,-2.737773,-2.3699,-2.004327,-1.638483,-1.275943,-0.908077603,-0.544099334,-0.181772655,0.181898618,0.547458875,0.908887814,1.277249,1.637363,2.003516,2.359347,2.7277,3.09099,3.448225,3.817677,4.168944,4.542493,4.893399,5.248241,5.622332,5.974863,6.334534,6.694642,7.071581,7.413679,7.77679,8.130817,8.508955,8.841911,9.221998,9.567651,9.935165,10.297807,10.653711,11.025295,11.343383,11.729793,12.060221,12.439999,12.768673,13.121894,13.477518,13.832367,14.231574,14.539503,14.935733,15.264026,15.647327,15.939865,16.324495,16.656303,16.985911,17.333233,17.623561,17.970282,18.266931,18.558294,18.798713,19.043659,19.282355,19.40051,19.566567,19.645784,19.661373,19.58053,19.386459,19.078003,18.525783,17.804086,16.691602,15.345218,13.448524,11.070614,8.221199,4.581978,0.427943813,-4.549834,-10.197289,-16.590088,-23.718149,-31.501626,-39.989033,-49.097982,-58.924543,-69.281484,-80.338495,-92.002437,-104.166706,-117.0143,-130.346286,-144.253717,-158.797829,-173.790122,-189.372329,-205.547818,-222.133329,-239.386807,-257.009633,-261.802607],"unit":"mW\/cm2"},"timestamps":{"value":[0.019,0.042,0.067,0.09,0.112,0.134,0.155,0.178,0.199,0.224,0.247,0.269,0.293,0.316,0.339,0.361,0.383,0.407,0.428,0.453,0.475,0.5,0.524,0.547,0.569,0.592,0.621,0.644,0.667,0.689,0.71,0.735,0.771,0.795,0.82,0.842,0.866,0.887,0.915,0.939,0.961,0.984,1.008,1.031,1.053,1.074,1.096,1.117,1.139,1.161,1.185,1.207,1.231,1.254,1.275,1.299,1.314,1.336,1.359,1.38,1.405,1.426,1.452,1.475,1.498,1.52,1.542,1.566,1.589,1.612,1.648,1.669,1.69,1.711,1.732,1.753,1.774,1.795,1.818,1.839,1.862,1.885,1.913,1.936,1.959,1.981,2.004,2.033,2.072,2.095,2.12,2.147,2.169,2.19,2.213,2.235,2.258,2.282,2.306,2.329,2.35,2.374,2.396,2.419,2.443,2.466,2.487,2.508],"unit":"s"},"p_max":{"unit":"mW","value":1.877661},"v_p_max":{"unit":"V","value":0.9521873},"i_p_max":{"unit":"mA","value":1.971945},"j_p_max":{"unit":"mA\/cm2","value":20.64864},"voc":{"unit":"V","value":1.145594},"isc":{"unit":"mA","value":2.170467},"jsc":{"unit":"mA\/cm2","value":22.727406},"fill_factor":{"unit":"%","value":75.515031},"efficiency":{"unit":"%","value":19.661373},"r_s":{"unit":"ohms","value":26.326733},"r_sh":{"unit":"ohms","value":72.154803},"cell_dimension":{"value":0.09550000260335607,"unit":"cm2"},"sweep_direction":{"unit":"","value":"Forward"},"key":"forward20_4cell_231019"},{"V":{"value":[-0.199915409,-0.183950186,-0.167946815,-0.151947498,-0.135948181,-0.119936705,-0.103945732,-0.087944984,-0.071934938,-0.055942297,-0.039937735,-0.023930311,-0.007993013,0.008009583,0.024059296,0.040069342,0.056074142,0.072066545,0.088071108,0.104073048,0.120072365,0.136075735,0.152076244,0.168082476,0.184091091,0.200078249,0.216068268,0.232091665,0.248086452,0.264086485,0.280092001,0.296108723,0.312121153,0.328088522,0.344096899,0.360099792,0.376105309,0.392106771,0.40811801,0.424119472,0.440129042,0.456112862,0.472115755,0.488131046,0.504137993,0.520132542,0.536139727,0.552142382,0.568127632,0.584110022,0.600138903,0.616148472,0.632155657,0.648151636,0.664165497,0.680143833,0.696142435,0.71214819,0.728145599,0.744156599,0.760167599,0.776181459,0.792155743,0.808158636,0.824168444,0.840171099,0.856178284,0.872179747,0.888188124,0.904167652,0.920166492,0.936197996,0.9521873,0.968188763,0.984189034,1.000206,1.016211,1.032183,1.048177,1.064186,1.080202,1.0962,1.112211,1.128229,1.144196,1.160207,1.176202,1.192215,1.20822,1.224224,1.240224,1.256194,1.272235,1.288227,1.304226,1.320233,1.336241,1.352246,1.368205,1.384223,1.400227,1.416227,1.432242,1.448252,1.464266,1.480265,1.496232,1.500242],"unit":"V"},"I":{"value":[0.000841915607,0.00219804,0.0021972809999999997,0.00219956,0.002195537,0.002199218,0.002200738,0.002199426,0.002194569,0.002193734,0.002196863,0.002191588,0.002195612,0.002189711,0.002193257,0.0021949260000000003,0.0021913049999999997,0.002196863,0.002190828,0.002194509,0.002188742,0.00219208,0.002194151,0.0021888169999999996,0.002193525,0.002189025,0.0021878479999999996,0.002193525,0.002188265,0.0021865960000000003,0.002189711,0.00218749,0.00218688,0.002184927,0.00219062,0.0021878479999999996,0.002188116,0.002189502,0.002184585,0.002188057,0.002182439,0.0021872220000000004,0.0021816789999999997,0.002186388,0.002178207,0.002182782,0.002183542,0.002182916,0.0021888169999999996,0.002180696,0.0021841680000000002,0.002183333,0.0021816789999999997,0.002181947,0.0021759870000000003,0.0021826479999999997,0.002174944,0.0021797270000000002,0.0021753610000000002,0.0021764640000000003,0.002173632,0.002167732,0.0021670310000000003,0.0021603850000000003,0.002157047,0.002153724,0.002145886,0.002135128,0.002123684,0.002099827,0.002085477,0.002056271,0.00202021,0.001983449,0.0019251259999999999,0.0018616619999999998,0.001769558,0.001666218,0.001526192,0.001352385,0.0011463909999999999,0.0008923411369999999,0.000594109297,0.000238314271,-0.00016367435499999998,-0.0006273090839999999,-0.0011377779999999999,-0.0017023239999999999,-0.002317652,-0.00297986,-0.003679097,-0.004420027,-0.0051978530000000005,-0.006009026999999999,-0.006856486,-0.00772503,-0.008630335000000001,-0.009551927,-0.010501607999999999,-0.011474252,-0.012472346,-0.013491333,-0.014519662000000001,-0.015570879,-0.01664187,-0.017719522,-0.018820196,-0.019120783],"unit":"A"},"resistance":{"value":[-237.453027,-83.688261,-76.433943,-69.080848,-61.920239,-54.536077,-47.232224,-39.98542,-32.778625,-25.500948,-18.179436,-10.919164,-3.640449,3.657827,10.969664,18.25544,25.589381,32.804292,40.199913,47.424299,54.859072,62.07608,69.309826,76.791482,83.924758,91.400611,98.75835,105.807602,113.371285,120.77514,127.912786,135.364578,142.724439,150.159915,157.077423,164.590857,171.885428,179.084901,186.817203,193.833858,201.66843,208.535215,216.400191,223.259136,231.446315,238.288851,245.536752,252.938011,259.559259,267.854917,274.767801,282.205445,289.756492,297.05193,305.224971,311.614132,320.073775,326.714402,334.724042,341.910886,349.722246,358.061619,365.548846,374.080797,382.081751,390.101485,398.985834,408.490655,418.22995,430.591511,441.225889,455.289244,471.330845,488.133967,511.233643,537.264924,574.274065,619.476363,686.792591,786.895644,942.263216,1228.453,1872.064,4734.205,-6990.686,-1849.498,-1033.771,-700.34597,-521.311962,-410.832794,-337.10017,-284.205122,-244.761718,-214.382003,-190.217864,-170.903294,-154.830772,-141.567847,-130.285289,-120.6373,-112.266531,-104.973125,-98.641582,-93.010305,-87.986856,-83.538633,-79.501404,-78.461315],"unit":"ohms"},"conductance":{"value":[-0.004211359,-0.011949107,-0.013083193,-0.014475792,-0.016149808,-0.018336486,-0.021171986,-0.025009116,-0.030507686,-0.039214229,-0.055007208,-0.091582105,-0.27469137,0.273386368,0.091160491,0.054778193,0.03907871,0.030483816,0.024875676,0.021086237,0.018228525,0.016109265,0.014427969,0.013022278,0.011915435,0.010940846,0.010125726,0.009451117,0.008820576,0.00827985,0.007817827,0.007387457,0.007006509,0.006659567,0.006366287,0.006075672,0.005817829,0.005583944,0.005352826,0.005159057,0.004958634,0.004795353,0.004621068,0.0044791,0.004320656,0.004196587,0.00407271,0.003953538,0.003852685,0.003733364,0.003639437,0.003543518,0.003451174,0.003366415,0.003276272,0.003209097,0.00312428,0.003060777,0.002987536,0.002924739,0.002859412,0.002792815,0.002735613,0.002673219,0.002617241,0.002563436,0.002506355,0.002448036,0.002391029,0.002322387,0.002266413,0.002196406,0.002121652,0.002048618,0.001956053,0.001861279,0.001741329,0.001614267,0.001456044,0.001270817,0.001061275,0.000814031686,0.000534169712,0.000211228697,-0.000143047476,-0.000540687193,-0.000967332428,-0.001427866,-0.001918237,-0.00243408,-0.002966477,-0.003518585,-0.004085606,-0.004664571,-0.00525713,-0.005851262,-0.006458664,-0.007063751,-0.007675464,-0.00828931,-0.008907374,-0.009526248,-0.010137713,-0.010751497,-0.011365334,-0.011970509,-0.012578394,-0.012745134],"unit":"S"},"power":{"value":[-0.168311903,-0.404329956,-0.369026267,-0.334217701,-0.298479274,-0.263766921,-0.228757281,-0.193428511,-0.157866151,-0.122722522,-0.087737743,-0.05244539,-0.017549551,0.017538669,0.052768224,0.087949246,0.122875558,0.158320348,0.192948678,0.22838923,0.262807447,0.2982889,0.333678287,0.367901724,0.403808491,0.437976346,0.472724547,0.509098971,0.542878981,0.577450556,0.613320462,0.647735007,0.682571356,0.716849622,0.753785448,0.787843644,0.822962161,0.858518607,0.891568375,0.927997457,0.960554772,0.997620196,1.030005,1.067244,1.098117,1.135336,1.170683,1.20528,1.243527,1.273766,1.310804,1.345257,1.379161,1.414233,1.445215,1.484514,1.514071,1.552289,1.583979,1.61963,1.652325,1.682553,1.716626,1.745934,1.77777,1.809497,1.837261,1.862215,1.886231,1.898596,1.918986,1.925077,1.923618,1.920353,1.894688,1.862044,1.798244,1.719841,1.59972,1.439188,1.238334,0.978183919,0.660774747,0.268872992,-0.187275547,-0.727808411,-1.338257,-2.029536,-2.800233,-3.648016,-4.562904,-5.552413,-6.612892,-7.740993,-8.942409,-10.198841,-11.532212,-12.916554,-14.368354,-15.88292,-17.464117,-19.106794,-20.795675,-22.55056,-24.368122,-26.229582,-28.159381,-28.685796],"unit":"mW"},"J":{"value":[0.00881587,0.023016131000000002,0.023008173,0.023032046,0.022989917,0.023028457,0.023044373,0.023030642,0.022979775,0.022971037,0.023003804,0.022948568000000003,0.022990697,0.022928908,0.022966044,0.02298352,0.022945603999999998,0.023003804,0.022940611,0.022979151000000003,0.022918766,0.022953717000000002,0.022975406,0.022919546,0.022968853,0.022921731,0.022909403999999998,0.022968853,0.022913773,0.022896297,0.022928908,0.022905659,0.022899262,0.022878822,0.022938426,0.022909403999999998,0.022912213,0.022926724,0.022875233000000002,0.022911589,0.022852764,0.022902851,0.022844806,0.022894113,0.022808451,0.022856353,0.022864311000000002,0.022857757,0.022919546,0.022834508,0.022870864,0.022862126,0.022844806,0.022847615,0.022785202,0.022854949000000003,0.022774279,0.022824366000000002,0.022778648000000002,0.022790195,0.022760549,0.022698759,0.022691426,0.022621835,0.022586884,0.022552088,0.022470015,0.022357359,0.022237526,0.021987717,0.021837457,0.021531632,0.021154032,0.020769098,0.020158384,0.01949384,0.018529399000000002,0.017447309,0.015981066,0.014161096,0.012004095,0.009343886,0.006221040000000001,0.002495437,-0.001713868,-0.006568682,-0.011913907,-0.017825378,-0.024268608,-0.031202718999999997,-0.038524573,-0.046283007,-0.054427779,-0.062921752,-0.071795667,-0.08089036799999999,-0.09037000299999999,-0.100020183,-0.109964484,-0.120149233,-0.130600486,-0.141270498,-0.152038342,-0.163045853,-0.17426042,-0.18554473400000002,-0.19707011900000002,-0.200217619],"unit":"A\/cm2"},"power_density":{"value":[-1.762428,-4.233822,-3.864149,-3.499662,-3.125437,-2.761957,-2.395364,-2.025429,-1.653049,-1.285053,-0.918719824,-0.549166384,-0.183764935,0.183650988,0.552546845,0.920934508,1.286655,1.657805,2.020405,2.39151,2.75191,3.123444,3.494013,3.852374,4.228361,4.58614,4.949995,5.330879,5.684597,6.046603,6.422204,6.782566,7.147344,7.506279,7.893041,8.249672,8.617405,8.989724,9.335794,9.717251,10.058165,10.446285,10.785393,11.175327,11.498607,11.888333,12.258465,12.620736,13.021228,13.337865,13.725695,14.086464,14.441474,14.808719,15.133145,15.544652,15.854142,16.254331,16.586173,16.959474,17.301832,17.618356,17.975143,18.282031,18.615397,18.947613,19.238339,19.499636,19.751106,19.880582,20.094096,20.157871,20.1426,20.108407,19.839661,19.497846,18.82978,18.008811,16.75099,15.070035,12.966848,10.242764,6.919107,2.815424,-1.961,-7.62103,-14.01316,-21.25169,-29.321812,-38.199121,-47.779104,-58.140452,-69.244946,-81.057521,-93.637787,-106.794142,-120.756148,-135.251873,-150.453965,-166.313301,-182.870336,-200.071141,-217.755759,-236.131516,-255.163578,-274.655314,-294.862625,-300.374832],"unit":"mW\/cm2"},"timestamps":{"value":[0.019,0.043,0.066,0.088,0.111,0.132,0.155,0.18,0.201,0.224,0.246,0.27,0.295,0.316,0.341,0.363,0.385,0.407,0.428,0.452,0.473,0.495,0.522,0.545,0.58,0.602,0.63,0.651,0.677,0.701,0.723,0.744,0.766,0.79,0.813,0.836,0.857,0.88,0.901,0.924,0.947,0.969,0.99,1.011,1.034,1.056,1.078,1.104,1.13,1.152,1.174,1.197,1.22,1.242,1.265,1.287,1.309,1.33,1.353,1.376,1.399,1.427,1.462,1.492,1.516,1.537,1.567,1.588,1.61,1.632,1.654,1.678,1.7,1.725,1.746,1.768,1.792,1.813,1.838,1.859,1.882,1.906,1.926,1.949,1.971,1.994,2.018,2.046,2.067,2.093,2.115,2.138,2.161,2.185,2.209,2.233,2.257,2.281,2.304,2.339,2.367,2.39,2.413,2.436,2.458,2.481,2.504,2.527],"unit":"s"},"p_max":{"unit":"mW","value":1.925077},"v_p_max":{"unit":"V","value":0.936197996},"i_p_max":{"unit":"mA","value":2.056271},"j_p_max":{"unit":"mA\/cm2","value":21.531632},"voc":{"unit":"V","value":1.137695},"isc":{"unit":"mA","value":2.192664},"jsc":{"unit":"mA\/cm2","value":22.959835},"fill_factor":{"unit":"%","value":77.170292},"efficiency":{"unit":"%","value":20.157871},"r_s":{"unit":"ohms","value":23.713075},"r_sh":{"unit":"ohms","value":223.180326},"cell_dimension":{"value":0.0955000024954996,"unit":"cm2"},"sweep_direction":{"unit":"","value":"Forward"},"key":"forward20_3cell_231019"},{"V":{"value":[-0.199930429,-0.183948755,-0.167949438,-0.151944876,-0.135951042,-0.119940758,-0.103946924,-0.087938309,-0.071932077,-0.055950642,-0.039934874,-0.023924828,-0.00799343,0.008009017,0.024061918,0.04006815,0.056074142,0.072065115,0.088069916,0.104077339,0.120070934,0.136075735,0.152073622,0.168078184,0.184087038,0.200076818,0.216066837,0.232079267,0.248082161,0.264086485,0.280082464,0.296107292,0.312121153,0.328092575,0.344092846,0.360103846,0.37610817,0.392101288,0.40811801,0.424122095,0.440133333,0.45611167,0.472115755,0.488126993,0.50413394,0.520140886,0.536134243,0.552150726,0.568127632,0.584118366,0.600133419,0.61614728,0.632167816,0.648140669,0.664161205,0.680140972,0.696145296,0.71214819,0.728145599,0.744156599,0.760167599,0.776181459,0.792147636,0.808157206,0.824164152,0.840172529,0.856178284,0.872179747,0.888190746,0.904159546,0.920162439,0.936185837,0.9521873,0.96819973,0.984190226,1.000212,1.016212,1.032183,1.048177,1.064187,1.080204,1.096201,1.112213,1.128227,1.144196,1.160206,1.176204,1.192214,1.20822,1.224221,1.24022,1.256194,1.272222,1.288218,1.304218,1.320241,1.336243,1.352247,1.368212,1.384223,1.400231,1.416234,1.432242,1.448252,1.464262,1.480268,1.496233,1.500244],"unit":"V"},"I":{"value":[0.001511544,0.002200544,0.0021961629999999997,0.002200335,0.002199426,0.002191722,0.002203658,0.002195954,0.0022006779999999997,0.002197832,0.002201855,0.002196923,0.002192557,0.002198592,0.002194986,0.002197132,0.00219956,0.002194017,0.002197623,0.002193943,0.002198115,0.0021998440000000003,0.00219138,0.002199218,0.002193943,0.002192289,0.0021956859999999996,0.00219582,0.002196103,0.002195477,0.00219062,0.002199501,0.002191797,0.002197623,0.002196103,0.0021997089999999998,0.002194017,0.0021961629999999997,0.002195537,0.002191171,0.0021928399999999997,0.002193183,0.0021881910000000004,0.0021920060000000002,0.002191797,0.0021894429999999997,0.002190694,0.002194017,0.002189159,0.002191171,0.0021905450000000003,0.002188608,0.002190128,0.002185211,0.0021905450000000003,0.0021878479999999996,0.002182782,0.002189711,0.002184793,0.002188116,0.0021816049999999997,0.002176613,0.002172247,0.002165511,0.002164811,0.0021535160000000003,0.002142832,0.002131313,0.002113283,0.0020918549999999997,0.0020622460000000002,0.002028391,0.001979917,0.001925752,0.001861945,0.001774892,0.001675159,0.00154914,0.0014084129999999999,0.001235515,0.001044929,0.0008242279289999999,0.000582531095,0.000316053629,2.6285648000000003e-5,-0.00027692318,-0.00060428679,-0.000950574875,-0.001303881,-0.001677155,-0.002062768,-0.002458647,-0.002867505,-0.00328967,-0.003716901,-0.004157930999999999,-0.004620254,-0.005067259,-0.0055369289999999995,-0.00600557,-0.0064999310000000005,-0.00699611,-0.007488534,-0.008003845999999998,-0.008541137,-0.009081274,-0.009642094,-0.009819433],"unit":"A"},"resistance":{"value":[-132.269012,-83.592405,-76.474033,-69.055329,-61.812047,-54.72443,-47.170166,-40.0456,-32.686326,-25.457198,-18.136921,-10.890153,-3.645712,3.642794,10.962221,18.236573,25.493341,32.846195,40.075075,47.438495,54.624501,61.857006,69.396291,76.426352,83.90695,91.263903,98.405158,105.69138,112.964703,120.286583,127.855357,134.624771,142.404231,149.294277,156.683358,163.705189,171.424442,178.539252,185.885272,193.559556,200.71384,207.967931,215.756209,222.685112,230.009423,237.567729,244.732578,251.661989,259.518623,266.578169,273.965321,281.524725,288.644237,296.603299,303.194476,310.872119,318.925753,325.224779,333.278934,340.090056,348.444274,356.600644,364.667458,373.194646,380.709536,390.139939,399.554613,409.221786,420.289607,432.228633,446.19427,461.541165,480.922767,502.764607,528.581851,563.534182,606.636517,666.294168,744.225737,861.330825,1033.758,1329.973,1909.277,3569.734,43529.306,-4189.63,-1946.434,-1254.203,-926.633174,-729.939015,-601.240772,-510.929144,-443.668563,-391.594865,-350.888569,-317.523685,-289.214165,-266.859653,-247.106619,-230.489808,-215.422452,-202.431637,-191.258051,-180.94454,-171.436399,-163.002182,-155.177227,-152.783197],"unit":"ohms"},"conductance":{"value":[-0.00756035,-0.011962809,-0.013076334,-0.014481142,-0.016178076,-0.018273375,-0.021199841,-0.024971532,-0.030593833,-0.03928162,-0.05513615,-0.09182607,-0.274294875,0.274514583,0.091222392,0.054834864,0.03922593,0.030444927,0.024953166,0.021079927,0.018306803,0.016166317,0.014409992,0.013084492,0.011917964,0.010957235,0.010162069,0.00946151,0.008852323,0.008313479,0.007821338,0.007428053,0.007022263,0.00669818,0.006382299,0.006108542,0.005833474,0.005601009,0.005379662,0.005166369,0.004982217,0.004808434,0.004634861,0.004490646,0.004347648,0.004209326,0.004086093,0.003973584,0.003853288,0.003751245,0.003650097,0.003552086,0.003464472,0.003371507,0.003298213,0.003216757,0.003135526,0.003074796,0.00300049,0.002940398,0.002869899,0.002804257,0.002742224,0.002679567,0.002626674,0.002563183,0.002502787,0.002443663,0.002379312,0.00231359,0.002241176,0.002166654,0.002079336,0.001989002,0.001891855,0.001774515,0.001648434,0.001500839,0.001343678,0.001160994,0.000967344575,0.000751894928,0.000523758398,0.000280132955,2.2973029e-5,-0.000238684574,-0.000513759996,-0.000797318833,-0.001079176,-0.001369977,-0.001663227,-0.001957219,-0.002253935,-0.00255366,-0.002849908,-0.003149371,-0.003457645,-0.003747288,-0.004046836,-0.004338587,-0.004642042,-0.004939939,-0.005228538,-0.005526555,-0.005833067,-0.006134887,-0.006444245,-0.006545222],"unit":"S"},"power":{"value":[-0.302203639,-0.404787308,-0.368844332,-0.334329668,-0.299014297,-0.262876845,-0.229063494,-0.193108509,-0.15829934,-0.122970103,-0.087930808,-0.052561002,-0.01752605,0.017608558,0.052815568,0.088034994,0.123338463,0.1581121,0.193544495,0.228339715,0.263929721,0.299345325,0.333251042,0.369640514,0.403876407,0.438626136,0.474414952,0.509604346,0.544814061,0.579795932,0.613554166,0.651288226,0.684106175,0.721023872,0.755663446,0.79212382,0.825187782,0.861118317,0.896038227,0.929324057,0.96514197,1.000336,1.033079,1.069977,1.104959,1.138819,1.174506,1.211428,1.243722,1.279903,1.314619,1.348505,1.384528,1.416324,1.454875,1.488045,1.519533,1.559399,1.590848,1.628301,1.658385,1.689446,1.72074,1.750074,1.78416,1.809325,1.834646,1.858888,1.876998,1.89137,1.897601,1.898951,1.885252,1.864512,1.832508,1.775269,1.702317,1.598995,1.476267,1.314819,1.128736,0.903519433,0.647898874,0.356580312,0.030075935,-0.321287825,-0.710764807,-1.133289,-1.575375,-2.053209,-2.558286,-3.088538,-3.648102,-4.237811,-4.847649,-5.489472,-6.173782,-6.852186,-7.575691,-8.313047,-9.101406,-9.908129,-10.725396,-11.591587,-12.50646,-13.442715,-14.426824,-14.731549],"unit":"mW"},"J":{"value":[0.015827686,0.023042344,0.022996471,0.02304016,0.023030642,0.022949973,0.023074954999999998,0.022994286,0.023043749,0.023013946,0.023056075,0.023004428,0.022958711,0.023021904,0.022984144,0.023006613000000002,0.023032046,0.022974002,0.023011762,0.022973222,0.023016911,0.023035011,0.022946383999999997,0.023028457,0.022973222,0.022955901999999997,0.022991478,0.022992882000000003,0.022995846,0.022989293,0.022938426,0.023031422,0.022950752999999997,0.023011762,0.022995846,0.023033605999999998,0.022974002,0.022996471,0.022989917,0.022944199000000002,0.022961675,0.022965264000000003,0.022912993,0.022952937,0.022950752999999997,0.0229261,0.022939206,0.022974002,0.022923134999999997,0.022944199000000002,0.022937646000000003,0.022917362,0.022933277000000002,0.022881786,0.022937646000000003,0.022909403999999998,0.022856353,0.022928908,0.022877417,0.022912213,0.022844026,0.022791754999999997,0.022746037,0.02267551,0.022668177,0.022549904000000003,0.022438028,0.022317415,0.022128613999999998,0.021904239,0.021594201,0.021239694,0.020732118,0.020164938,0.019496804,0.018585259,0.017540928999999997,0.016221357000000002,0.014747781,0.012937329000000001,0.010941665,0.008630658999999999,0.0060998020000000005,0.003309462,0.000275242391,-0.0028997190000000003,-0.00632761,-0.009953664,-0.013653208,-0.017561838000000003,-0.021599662,-0.025744993999999997,-0.03002623,-0.034446804,-0.038920429,-0.04353854,-0.048379623000000004,-0.053060304,-0.057978312000000004,-0.062885553,-0.068062107,-0.073257697,-0.078413967,-0.083809904,-0.08943598900000001,-0.09509187699999999,-0.100964339,-0.102821289],"unit":"A\/cm2"},"power_density":{"value":[-3.164436,-4.238611,-3.862244,-3.500834,-3.13104,-2.752637,-2.398571,-2.022079,-1.657585,-1.287645,-0.920741449,-0.550376979,-0.183518843,0.184382809,0.553042593,0.921832399,1.291502,1.655624,2.026644,2.390992,2.763662,3.134506,3.48954,3.870581,4.229072,4.592944,4.967696,5.336171,5.704859,6.071162,6.424651,6.819772,7.163415,7.549988,7.912706,8.29449,8.64071,9.016946,9.382599,9.731142,10.106199,10.474725,10.817585,11.203948,11.570253,11.924802,12.298494,12.685112,13.023266,13.402128,13.765648,14.12047,14.49768,14.830616,15.234295,15.581624,15.911343,16.32878,16.658091,17.050274,17.365289,17.690538,18.01822,18.325377,18.682299,18.94581,19.210952,19.464797,19.654431,19.804927,19.870173,19.884301,19.74086,19.523687,19.188564,18.589207,17.825311,16.743404,15.458288,13.767738,11.819225,9.460936,6.784281,3.733825,0.314931252,-3.36427,-7.442563,-11.8669,-16.496076,-21.499574,-26.788335,-32.340716,-38.200024,-44.374985,-50.760726,-57.481386,-64.646929,-71.750637,-79.326607,-87.047613,-95.30268,-103.750043,-112.307808,-121.377878,-130.9577,-140.761418,-151.066223,-154.257061],"unit":"mW\/cm2"},"timestamps":{"value":[0.018,0.042,0.065,0.088,0.109,0.132,0.155,0.179,0.2,0.222,0.245,0.268,0.293,0.315,0.339,0.363,0.398,0.419,0.443,0.466,0.494,0.519,0.541,0.564,0.584,0.608,0.633,0.661,0.685,0.71,0.732,0.755,0.778,0.801,0.822,0.845,0.866,0.889,0.911,0.934,0.956,0.979,1,1.021,1.042,1.065,1.09,1.111,1.134,1.157,1.179,1.202,1.225,1.248,1.285,1.309,1.334,1.356,1.379,1.402,1.429,1.452,1.474,1.497,1.52,1.543,1.566,1.589,1.611,1.634,1.655,1.676,1.701,1.724,1.746,1.769,1.79,1.817,1.838,1.859,1.883,1.906,1.928,1.95,1.973,2,2.032,2.058,2.081,2.104,2.126,2.171,2.198,2.22,2.243,2.268,2.289,2.313,2.336,2.357,2.382,2.404,2.426,2.449,2.473,2.497,2.521,2.551],"unit":"s"},"p_max":{"unit":"mW","value":1.898951},"v_p_max":{"unit":"V","value":0.936185837},"i_p_max":{"unit":"mA","value":2.028391},"j_p_max":{"unit":"mA\/cm2","value":21.239694},"voc":{"unit":"V","value":1.145584},"isc":{"unit":"mA","value":2.195571},"jsc":{"unit":"mA\/cm2","value":22.990276},"fill_factor":{"unit":"%","value":75.498655},"efficiency":{"unit":"%","value":19.884301},"r_s":{"unit":"ohms","value":43.897197},"r_sh":{"unit":"ohms","value":59.374311},"cell_dimension":{"value":0.09549999917865441,"unit":"cm2"},"sweep_direction":{"unit":"","value":"Forward"},"key":"forward20_2cell_231019"},{"V":{"value":[-0.199935675,-0.183946133,-0.167949438,-0.151942015,-0.135945559,-0.119940758,-0.103942871,-0.087934017,-0.071936131,-0.055938244,-0.039936304,-0.02392602,-0.007990599,0.008007318,0.024059296,0.040065289,0.056075573,0.072066545,0.088068485,0.104075909,0.120073795,0.136078358,0.152077675,0.168083668,0.184089899,0.200078249,0.216064215,0.232080698,0.248087645,0.264086485,0.280089378,0.296108723,0.312121153,0.328110218,0.344095469,0.360102415,0.376103878,0.392108202,0.408120632,0.424120903,0.440131903,0.456114292,0.472113132,0.488132238,0.504132509,0.520136833,0.536139727,0.552143812,0.568129063,0.584123611,0.600129366,0.616152763,0.632156849,0.648154259,0.664150476,0.680128813,0.696124792,0.712152243,0.72814703,0.74415803,0.760166407,0.77618289,0.79215312,0.808154583,0.824165583,0.84017396,0.856178284,0.872181177,0.888189316,0.904159546,0.920162439,0.936187029,0.952185869,0.968194246,0.984194517,1.000206,1.016217,1.032189,1.048173,1.064191,1.080201,1.096201,1.112215,1.128224,1.144203,1.160211,1.1762,1.192217,1.208218,1.224224,1.240223,1.256193,1.272222,1.288223,1.304228,1.320229,1.336244,1.352257,1.368213,1.384223,1.400229,1.416237,1.43224,1.448253,1.464266,1.480268,1.496233,1.500246],"unit":"V"},"I":{"value":[0.0015516430000000001,0.002179042,0.002185628,0.002181947,0.002186388,0.002176955,0.002178341,0.00218147,0.0021793100000000003,0.0021822300000000003,0.002185076,0.002180427,0.002178133,0.002184585,0.002176955,0.002182499,0.002181947,0.002180979,0.002181947,0.002179936,0.00218007,0.002176329,0.002178416,0.00218147,0.0021753610000000002,0.002181187,0.002180219,0.00218147,0.002175286,0.002183542,0.0021731410000000004,0.002182439,0.0021761949999999997,0.002180427,0.0021753610000000002,0.002178058,0.002176538,0.002175644,0.0021759870000000003,0.00216946,0.002176821,0.0021666289999999998,0.002175853,0.002172932,0.002175435,0.002179176,0.00217405,0.002175152,0.002173632,0.0021733489999999998,0.002171129,0.002169326,0.002169535,0.0021723059999999997,0.002163783,0.002176881,0.0021616219999999998,0.002171963,0.002163574,0.0021676570000000004,0.002163634,0.002158925,0.002161771,0.0021470639999999997,0.002153024,0.0021359029999999998,0.002127856,0.002115652,0.002096087,0.002079651,0.002048299,0.002015904,0.001968056,0.001917556,0.001840711,0.0017629710000000001,0.001659214,0.0015329870000000002,0.001383871,0.001204088,0.0010030269999999999,0.0007706880569999999,0.0005074739459999999,0.000222638249,-9.2864037e-5,-0.00043284893,-0.000795647502,-0.001179934,-0.001585469,-0.002011791,-0.0024521950000000003,-0.0029080810000000003,-0.0033809390000000003,-0.003865317,-0.004363641000000001,-0.004870147,-0.005391358999999999,-0.005921363999999999,-0.006456867,-0.0070070620000000005,-0.007560178999999999,-0.008122444,-0.008697048,-0.009274155000000001,-0.009858891,-0.010449946,-0.011038914,-0.011199951],"unit":"A"},"resistance":{"value":[-128.854171,-84.416076,-76.842652,-69.635971,-62.178155,-55.095645,-47.716526,-40.309517,-33.008677,-25.633519,-18.276845,-10.973087,-3.668555,3.665373,11.051809,18.357533,25.699784,33.043214,40.362335,47.742653,55.077962,62.526542,69.811137,77.05063,84.624991,91.729056,99.102083,106.387278,114.048267,120.944102,128.886908,135.677894,143.425152,150.479778,158.178565,165.331874,172.799124,180.226266,187.556578,195.496064,202.190192,210.517964,216.978448,224.642203,231.738669,238.685138,246.608781,253.841449,261.373113,268.766563,276.413502,284.029592,291.379017,298.371502,306.939542,312.432725,322.038162,327.884082,336.548228,343.300635,351.337847,359.52287,366.437101,376.399925,382.794411,393.357798,402.366644,412.251727,423.736909,434.765088,449.232542,464.400695,483.820525,504.910565,534.681821,567.340788,612.468441,673.319168,757.421256,883.814813,1076.941,1422.367,2191.669,5067.523,-12321.268,-2680.406,-1478.293,-1010.41,-762.057538,-608.524528,-505.760385,-431.966304,-376.292405,-333.277563,-298.885162,-271.086106,-247.849202,-228.369101,-211.900478,-197.546798,-185.211034,-174.360925,-164.681142,-156.160147,-148.522361,-141.653128,-135.541723,-133.951103],"unit":"ohms"},"conductance":{"value":[-0.007760711,-0.011846085,-0.013013606,-0.014360394,-0.016082819,-0.018150255,-0.0209571,-0.024808037,-0.030295065,-0.03901142,-0.054714038,-0.091132054,-0.272586901,0.272823534,0.090482921,0.054473552,0.038910833,0.030263399,0.024775574,0.020945631,0.018156082,0.015993208,0.014324362,0.012978479,0.01181684,0.010901671,0.010090605,0.00939962,0.008768217,0.008268282,0.00775874,0.007370397,0.006972278,0.006645411,0.006321969,0.00604844,0.005787066,0.005548581,0.005331724,0.005115192,0.004945838,0.004750188,0.004608753,0.004451523,0.004315206,0.00418962,0.004055006,0.003939467,0.003825948,0.003720701,0.003617768,0.00352076,0.003431956,0.003351527,0.003257971,0.003200689,0.003105222,0.003049858,0.002971342,0.002912899,0.002846263,0.002781464,0.002728981,0.002656749,0.002612368,0.002542215,0.002485295,0.002425702,0.002359955,0.002300093,0.002226019,0.002153313,0.002066882,0.001980549,0.001870271,0.001762609,0.001632737,0.00148518,0.001320269,0.001131459,0.000928555931,0.000703053634,0.000456273324,0.000197335082,-8.1160476e-5,-0.00037307774,-0.000676455737,-0.000989697072,-0.001312237,-0.001643319,-0.001977221,-0.002314995,-0.002657508,-0.003000502,-0.003345767,-0.003688865,-0.004034711,-0.004378876,-0.004719197,-0.005062092,-0.005399246,-0.00573523,-0.006072341,-0.006403682,-0.006732993,-0.007059498,-0.007377802,-0.007465411],"unit":"S"},"power":{"value":[-0.310228793,-0.400826258,-0.367074964,-0.331529458,-0.297229708,-0.261105673,-0.226423033,-0.191825455,-0.156771109,-0.122070134,-0.087263879,-0.052168947,-0.017404583,0.017492664,0.052376012,0.087442435,0.122353941,0.157175598,0.192160788,0.226878776,0.261769241,0.296151343,0.331288388,0.366669545,0.400461972,0.43640813,0.471067241,0.506277172,0.539661682,0.57664384,0.608673612,0.646239216,0.679236612,0.715420481,0.748531834,0.784323956,0.818604424,0.853087873,0.888065095,0.920113359,0.958088471,0.988230379,1.027249,1.060678,1.096708,1.13347,1.165594,1.200997,1.234904,1.269505,1.302958,1.336636,1.371486,1.40799,1.437077,1.480559,1.504759,1.546769,1.5754,1.613079,1.644722,1.675721,1.712454,1.735159,1.774448,1.79453,1.821824,1.845232,1.861722,1.880336,1.884768,1.887263,1.873955,1.856567,1.811617,1.763334,1.686121,1.582333,1.450536,1.28138,1.083471,0.844828975,0.564420035,0.251185899,-0.106255282,-0.502196128,-0.935840902,-1.406737,-1.915592,-2.462883,-3.041268,-3.653111,-4.301305,-4.979391,-5.691181,-6.429709,-7.204172,-8.007203,-8.83437,-9.699335,-10.585978,-11.503305,-12.456258,-13.431326,-14.436038,-15.468716,-16.516793,-16.80268],"unit":"mW"},"J":{"value":[0.016247571000000002,0.022817188999999998,0.022886155,0.022847615,0.022894113,0.022795344,0.022809855,0.022842622,0.022819997,0.022850580000000002,0.022880382,0.0228317,0.022807670999999998,0.022875233000000002,0.022795344,0.022853388,0.022847615,0.022837473,0.022847615,0.022826550999999997,0.022827955,0.022788791,0.022810635000000003,0.022842622,0.022778648000000002,0.022839657,0.022829515,0.022842622,0.022777868000000003,0.022864311000000002,0.022755399,0.022852764,0.022787386,0.0228317,0.022778648000000002,0.02280689,0.022790974999999998,0.022781613,0.022785202,0.022716859,0.02279394,0.022687213,0.022783797,0.022753215,0.022779429,0.022818593,0.022764917,0.022776464,0.022760549,0.022757584,0.022734335,0.022715455,0.022717638999999998,0.022746662,0.022657411,0.022794564,0.022634785999999997,0.022743073,0.022655226,0.022697979,0.02265585,0.022606544,0.022636345999999998,0.022482341000000003,0.022544755,0.022365473,0.022281215,0.022153424,0.021948552,0.021776447999999997,0.021448154,0.021108937999999997,0.020607916,0.02007912,0.019274457000000002,0.018460432000000002,0.017373974,0.016052217,0.014490794,0.012608255,0.0105029,0.008070032,0.005313862999999999,0.0023312909999999997,-0.000972398289,-0.0045324499999999995,-0.008331386999999999,-0.012355325,-0.016601766,-0.021065873,-0.025677430999999997,-0.030451108,-0.035402506,-0.040474518,-0.045692577,-0.050996299,-0.056454024,-0.06200381,-0.067611171,-0.073372382,-0.079164174,-0.085051771,-0.09106856399999999,-0.09711157,-0.103234465,-0.109423518,-0.115590726,-0.117276976],"unit":"A\/cm2"},"power_density":{"value":[-3.248469,-4.197134,-3.843717,-3.471513,-3.112353,-2.734091,-2.370922,-2.008644,-1.641582,-1.278221,-0.913757891,-0.546271694,-0.182246942,0.183169259,0.548439918,0.915627593,1.281193,1.645818,2.012155,2.375694,2.741039,3.101061,3.468988,3.839472,4.193319,4.569719,4.932641,5.301332,5.650908,6.038155,6.373546,6.766903,7.112425,7.491314,7.83803,8.212816,8.571774,8.932857,9.299111,9.634695,10.03234,10.347962,10.75653,11.106578,11.48385,11.868791,12.205177,12.575884,12.930929,13.293242,13.643542,13.99619,14.361111,14.743346,15.04793,15.50324,15.756636,16.19653,16.496336,16.890884,17.222216,17.546813,17.931452,18.169207,18.580611,18.790888,19.076692,19.321799,19.49447,19.689383,19.735786,19.761914,19.622566,19.440488,18.969815,18.464226,17.655719,16.568928,15.188862,13.417593,11.345242,8.846377,5.910157,2.630219,-1.112621,-5.258598,-9.799381,-14.730227,-20.058558,-25.789349,-31.845739,-38.252466,-45.039841,-52.140216,-59.59352,-67.326795,-75.436357,-83.845057,-92.506495,-101.563719,-110.847933,-120.453455,-130.432019,-140.64216,-151.162698,-161.976079,-172.950712,-175.944291],"unit":"mW\/cm2"},"timestamps":{"value":[0.02,0.043,0.066,0.088,0.109,0.133,0.158,0.18,0.216,0.254,0.277,0.298,0.321,0.344,0.367,0.389,0.41,0.433,0.456,0.479,0.507,0.532,0.554,0.576,0.597,0.618,0.636,0.659,0.681,0.702,0.723,0.746,0.767,0.792,0.813,0.834,0.857,0.877,0.9,0.922,0.944,0.966,0.989,1.011,1.033,1.073,1.097,1.119,1.139,1.163,1.19,1.213,1.236,1.258,1.28,1.301,1.324,1.349,1.371,1.393,1.417,1.438,1.466,1.489,1.512,1.534,1.556,1.578,1.599,1.62,1.643,1.664,1.685,1.708,1.731,1.754,1.777,1.801,1.825,1.847,1.871,1.893,1.917,1.954,1.975,1.997,2.019,2.049,2.082,2.104,2.128,2.153,2.177,2.2,2.223,2.245,2.27,2.293,2.314,2.337,2.36,2.382,2.405,2.428,2.449,2.471,2.492,2.515],"unit":"s"},"p_max":{"unit":"mW","value":1.887263},"v_p_max":{"unit":"V","value":0.936187029},"i_p_max":{"unit":"mA","value":2.015904},"j_p_max":{"unit":"mA\/cm2","value":21.108938},"voc":{"unit":"V","value":1.1395},"isc":{"unit":"mA","value":2.181355},"jsc":{"unit":"mA\/cm2","value":22.841416},"fill_factor":{"unit":"%","value":75.926217},"efficiency":{"unit":"%","value":19.761914},"r_s":{"unit":"ohms","value":10.322826},"r_sh":{"unit":"ohms","value":38.833326},"cell_dimension":{"value":0.09549999812279632,"unit":"cm2"},"sweep_direction":{"unit":"","value":"Forward"},"key":"forward20_1cell_231019"}]}}