{"_id":"655320f37964ad10715fd331","id":"KAIST-SC-00242","author":106,"group":12,"input":[{"tco":{"unit":"","value":"ITO"}},{"etl":[{"material":{"unit":"","value":"SnO2"},"concentration":{"unit":"","value":"5"},"conc_unit":{"unit":"","value":"wt%"},"quantity":{"unit":"ml","value":"0.8"}}],"spin_coating":[{"type":{"unit":"","value":"drop&run"},"rpm":{"unit":"","value":"4000"},"time":{"unit":"s","value":"30"}}],"annealing":[{"temperature":{"unit":"oC","value":"150"},"time":{"unit":"m","value":"30"}}]},{"perovskite":{"method":{"unit":"","value":"1-step"},"molarity":{"unit":"M","value":"1.8"},"a_site":[{"material":{"unit":"","value":"FA"},"ratio":{"unit":"","value":"100"}}],"b_site":[{"material":{"unit":"","value":"Pb"},"ratio":{"unit":"","value":"100"}}],"x_site":[{"material":{"unit":"","value":"I"},"ratio":{"unit":"","value":"100"}}],"solvent":[{"material":{"unit":"","value":"DMF"},"volume":{"unit":"ml","value":"0.8"}},{"material":{"unit":"","value":"DMSO"},"volume":{"unit":"ml","value":"0.1"}}],"additive":[{"material":{"unit":"","value":"MACl"},"solvent":{"unit":"","value":"None"},"concentration":{"unit":"","value":"42.86"},"conc_unit":{"unit":"","value":"mg\/ml"},"quantity":{"unit":"mol%","value":"35"}}],"stirring_time":[{"unit":"m","value":"20"}],"antisolvent":[{"material":{"unit":"","value":"DEE"},"quantity":{"unit":"ul","value":"1000"},"dripping_time":{"unit":"s","value":"28"}}],"spin_coating":[{"type":{"unit":"","value":"drop&run"},"rpm":{"unit":"","value":"5000"},"time":{"unit":"s","value":"15"}}],"annealing":[{"temperature":{"unit":"oC","value":"150"},"time":{"unit":"m","value":"0"}},{"temperature":{"unit":"oC","value":"100"},"time":{"unit":"m","value":"45"}}],"atmosphere":[{"type":{"unit":"","value":"Air"},"temperature":{"unit":"oC","value":"22"},"humidity":{"unit":"RH%","value":"19"}}]}},{"perovskite_treatment":[{"material":{"unit":"","value":"OAI"},"concentration":{"unit":"","value":"2.5"},"conc_unit":{"unit":"","value":"mg\/ml"},"quantity":{"unit":"ml","value":"Material"}}],"spin_coating":[{"type":{"unit":"","value":"drop&run"},"rpm":{"unit":"","value":"5000"},"time":{"unit":"s","value":"5"}}],"annealing":[{"temperature":{"unit":"oC","value":"100"},"time":{"unit":"m","value":"3"}}]},{"htl":[{"material":{"unit":"","value":"Spiro-OMeTAD"},"concentration":{"unit":"","value":"91"},"conc_unit":{"unit":"","value":"mg\/ml"},"quantity":{"unit":"ml","value":"1.1"}}],"htl_doping":[{"material":{"unit":"","value":"tBP"},"volume":{"unit":"ul","value":"39"}},{"material":{"unit":"","value":"Li-TFSI"},"volume":{"unit":"ul","value":"23"}},{"material":{"unit":"","value":"Co-TFSI"},"volume":{"unit":"ul","value":"10"}}],"spin_coating":[{"type":{"unit":"","value":"dynamic"},"rpm":{"unit":"","value":"2000"},"time":{"unit":"s","value":"30"}}]},{"anode_metal":{"unit":"","value":"Au"}},{"note":{"unit":"","value":"-"},"ar":{"unit":"","value":"0"},"type":{"unit":"","value":"unit_cell"},"device_type":{"unit":"","value":"n-i-p"},"temperature":{"unit":"\u2103","value":"22"},"humidity":{"unit":"%","value":"19"},"cell_dimension":{"unit":"cm2","value":"0.0955"}}],"fileinfo":[{"key":"reverse6_4cell_231114","uploadType":"JV","original_name":"reverse6_4cell_231114.csv","save_name":"KAIST-SC-00242\/reverse6_4cell_231114","uploader":106,"fileType":""},{"key":"forward6_4cell_231114","uploadType":"JV","original_name":"forward6_4cell_231114.csv","save_name":"KAIST-SC-00242\/forward6_4cell_231114","uploader":106,"fileType":""},{"key":"reverse6_3cell_231114","uploadType":"JV","original_name":"reverse6_3cell_231114.csv","save_name":"KAIST-SC-00242\/reverse6_3cell_231114","uploader":106,"fileType":""},{"key":"forward6_3cell_231114","uploadType":"JV","original_name":"forward6_3cell_231114.csv","save_name":"KAIST-SC-00242\/forward6_3cell_231114","uploader":106,"fileType":""},{"key":"reverse6_2cell_231114","uploadType":"JV","original_name":"reverse6_2cell_231114.csv","save_name":"KAIST-SC-00242\/reverse6_2cell_231114","uploader":106,"fileType":""},{"key":"forward6_2cell_231114","uploadType":"JV","original_name":"forward6_2cell_231114.csv","save_name":"KAIST-SC-00242\/forward6_2cell_231114","uploader":106,"fileType":""},{"key":"reverse6_1cell_231114","uploadType":"JV","original_name":"reverse6_1cell_231114.csv","save_name":"KAIST-SC-00242\/reverse6_1cell_231114","uploader":106,"fileType":""},{"key":"forward6_1cell_231114","uploadType":"JV","original_name":"forward6_1cell_231114.csv","save_name":"KAIST-SC-00242\/forward6_1cell_231114","uploader":106,"fileType":""}],"jvcnt":8,"updated_at":"2024-08-12 01:36:18","created_at":"2023-11-14 07:25:39","analysisInfo":{"JV":[{"efficiency":4.057455,"fill_factor":44.165566,"jsc":9.448209,"voc":0.972345098,"key":"reverse6_4cell_231114","cell_dimension":0.09550001530970027},{"efficiency":3.323831,"fill_factor":47.487235,"jsc":6.868103,"voc":1.01912,"key":"reverse6_3cell_231114","cell_dimension":0.09550002065886141},{"efficiency":3.589211,"fill_factor":50.826727,"jsc":6.901997,"voc":1.023133,"key":"reverse6_2cell_231114","cell_dimension":0.0954999999220566},{"efficiency":3.141246,"fill_factor":52.600585,"jsc":5.84389,"voc":1.021902,"key":"reverse6_1cell_231114","cell_dimension":0.09549999957955875},{"efficiency":2.113084,"fill_factor":23.346348,"jsc":9.232329,"voc":0.980362032,"key":"forward6_4cell_231114","cell_dimension":0.09550002620762374},{"efficiency":1.597874,"fill_factor":22.947572,"jsc":7.074657,"voc":0.984238645,"key":"forward6_3cell_231114","cell_dimension":0.09549999674129177},{"efficiency":1.545537,"fill_factor":22.285318,"jsc":7.031069,"voc":0.986368608,"key":"forward6_2cell_231114","cell_dimension":0.0955000015863064},{"efficiency":1.460526,"fill_factor":23.589745,"jsc":6.26936,"voc":0.987558312,"key":"forward6_1cell_231114","cell_dimension":0.09550001004389405}]},"public":2,"tags":[],"analysis":{"JV":[{"V":{"value":[1.49998,1.482982,1.466017,1.448991,1.431987,1.415011,1.397983,1.380985,1.364008,1.346965,1.329983,1.312995,1.295998,1.278985,1.261998,1.244998,1.227975,1.210989,1.193997,1.177011,1.159987,1.142996,1.126012,1.108976,1.091987,1.075007,1.058013,1.040983,1.024001,1.007003,0.989992857,0.972999096,0.956001043,0.939005852,0.92198348,0.904992342,0.888005257,0.870982647,0.85399437,0.836999178,0.819979429,0.802989483,0.785988808,0.769006014,0.751987457,0.734988213,0.717998505,0.700980186,0.683984995,0.666974545,0.650010824,0.633010149,0.616005421,0.599014282,0.581986189,0.564997911,0.548005342,0.531013012,0.513993263,0.497007608,0.480005503,0.462984324,0.446001291,0.429014444,0.412010908,0.394991159,0.378006935,0.361011744,0.343981028,0.326995373,0.310009718,0.292995453,0.275979757,0.259000778,0.24201107,0.224978924,0.207988501,0.191000938,0.173998594,0.156991959,0.139992237,0.122997761,0.105996609,0.088994265,0.071993113,0.055002689,0.038002968,0.020998955,0.004001975,-0.012997836,-0.029989243,-0.046999931,-0.063984871,-0.080990076,-0.097995281,-0.114996433,-0.131983995,-0.148982525,-0.165991783,-0.182984829,-0.199981928,-0.199980497],"unit":"V"},"I":{"value":[-0.002872542,-0.003096595,-0.003113106,-0.003065258,-0.0029898729999999997,-0.002893344,-0.002785295,-0.0026694239999999997,-0.002544731,-0.002416998,-0.0022866279999999998,-0.002154872,-0.002022907,-0.0018893480000000001,-0.001756892,-0.0016245099999999998,-0.001493514,-0.0013639779999999998,-0.001235887,-0.0011101659999999999,-0.000986516476,-0.000865861773,-0.000749632716,-0.0006381273269999999,-0.000532716513,-0.00043299794200000005,-0.000338196754,-0.00025290250800000003,-0.000177592039,-0.000109702349,-5.1304698000000005e-5,-1.654029e-6,4.1335821e-5,7.8633428e-5,0.000111997128,0.000142306089,0.000172123313,0.00020144879800000002,0.000230237842,0.00026102364099999997,0.00029070675400000003,0.000319480896,0.000348046422,0.00037163496000000004,0.000404298306,0.00042454898400000004,0.000457346439,0.00048674643,0.000516504049,0.000545620918,0.00057336688,0.00059916079,0.0006240606309999999,0.0006468743089999999,0.000661715865,0.000684246421,0.000704422593,0.0007245391610000001,0.000741258264,0.000754281878,0.000769197941,0.000783830881,0.0007938146590000001,0.000806987286,0.000808998942,0.000820308924,0.000829800963,0.00084027648,0.000847145915,0.0008558779949999999,0.0008620470759999999,0.000865444541,0.000871479511,0.000869885087,0.000875920057,0.000882089138,0.000873565674,0.000879392028,0.00088493526,0.0008886158469999999,0.0008934736250000001,0.000897139311,0.000901713967,0.0008892416950000001,0.000890210271,0.0008950680490000001,0.000897556543,0.000898882747,0.0009022057060000001,0.000902622938,0.000904217362,0.000906512141,0.000909417868,0.000910803676,0.000912740827,0.000913783908,0.000905945897,0.000909551978,0.000910595059,0.0009124726060000001,0.000915110111,0.000898465514],"unit":"A"},"resistance":{"value":[-522.17877,-478.907381,-470.917809,-472.714029,-478.945731,-489.057347,-501.915578,-517.334494,-536.012555,-557.288221,-581.63508,-609.314533,-640.661191,-676.945296,-718.313054,-766.383548,-822.205372,-887.836478,-966.10492,-1060.212,-1175.842,-1320.068,-1502.085,-1737.86,-2049.847,-2482.707,-3128.395,-4116.142,-5766.031,-9179.412,-19296.339,-588260.036,23127.665,11941.561,8232.206,6359.477,5159.123,4323.593,3709.183,3206.603,2820.641,2513.419,2258.287,2069.251,1859.982,1731.221,1569.923,1440.134,1324.259,1222.414,1133.673,1056.495,987.092264,926.013407,879.510708,825.72286,777.949696,732.8976,693.406453,658.914953,624.033785,590.668644,561.845622,531.624788,509.284854,481.515132,455.539282,429.634474,406.046965,382.058394,359.620404,338.54908,316.67957,297.741371,276.293559,255.052368,238.09143,217.196577,196.622965,176.670222,156.683122,137.099957,117.550146,100.078826,80.872031,61.450847,42.340472,23.361172,4.435768,-14.400073,-33.165966,-51.846996,-70.358053,-88.921552,-107.363754,-125.84642,-145.686399,-163.797703,-182.289352,-200.53734,-218.533186,-222.580048],"unit":"ohms"},"conductance":{"value":[-0.001915053,-0.002088086,-0.002123513,-0.002115444,-0.002087919,-0.00204475,-0.001992367,-0.001932985,-0.001865628,-0.001794404,-0.001719291,-0.001641188,-0.001560887,-0.001477224,-0.001392151,-0.00130483,-0.001216241,-0.001126334,-0.001035084,-0.0009432079,-0.000850454614,-0.000757536963,-0.00066574141,-0.000575420504,-0.000487841276,-0.000402786085,-0.000319652679,-0.000242945922,-0.000173429536,-0.000108939438,-5.1823301e-5,-1.699928e-6,4.3238259e-5,8.3741148e-5,0.000121474115,0.000157245628,0.000193831412,0.000231289106,0.000269601124,0.000311856508,0.000354529325,0.000397864359,0.000442813458,0.00048326665,0.000537639693,0.000577626928,0.000636974083,0.000694379727,0.000755139445,0.000818053587,0.000882088204,0.000946526357,0.001013077,0.001079898,0.001136996,0.00121106,0.00128543,0.001364447,0.001442156,0.001517647,0.001602477,0.001692997,0.001779848,0.001881026,0.001963538,0.002076778,0.0021952,0.00232756,0.002462769,0.002617401,0.00278071,0.002953781,0.003157766,0.00335862,0.003619339,0.003920763,0.004200067,0.004604124,0.005085876,0.005660263,0.006382308,0.007293948,0.008507008,0.009992124,0.012365214,0.016273169,0.023618064,0.042806071,0.225440112,-0.069444094,-0.03015139,-0.019287521,-0.014213014,-0.011245868,-0.00931413,-0.007946193,-0.006864059,-0.006105092,-0.005485784,-0.004986603,-0.004575964,-0.004492766],"unit":"S"},"power":{"value":[-4.308755,-4.592196,-4.563866,-4.44153,-4.28146,-4.094113,-3.893796,-3.686434,-3.471033,-3.255611,-3.041176,-2.829335,-2.621684,-2.416448,-2.217194,-2.022511,-1.833997,-1.651762,-1.475646,-1.306678,-1.144346,-0.989676607,-0.84409532,-0.707667666,-0.581719704,-0.465475905,-0.357816631,-0.263267141,-0.181854447,-0.110470602,-0.050791285,-0.001609369,0.039517088,0.073837249,0.103259501,0.128785921,0.152846407,0.175458407,0.19662182,0.218476573,0.238373558,0.256539799,0.273560592,0.285789519,0.304027255,0.312038499,0.32837406,0.341199604,0.35328102,0.363915263,0.372694679,0.379274861,0.384424731,0.38748695,0.385109494,0.386597799,0.386027344,0.384739722,0.381001754,0.374883832,0.369219244,0.36290141,0.354042363,0.346209202,0.333316389,0.324014773,0.313670519,0.303349677,0.291402122,0.279868144,0.267242971,0.253571315,0.240510704,0.225300914,0.211982351,0.198451465,0.181691615,0.167964703,0.153977491,0.139505542,0.125079372,0.110346126,0.095578623,0.079137411,0.064089008,0.04923115,0.034109812,0.018875598,0.003610605,-0.011732145,-0.027116794,-0.042606008,-0.058188985,-0.073766059,-0.089444294,-0.10508189,-0.119570359,-0.13550735,-0.151151298,-0.166968644,-0.183005484,-0.17967558],"unit":"mW"},"J":{"value":[-0.030078969,-0.032425083,-0.032597967,-0.032096944999999995,-0.031307574,-0.030296791,-0.029165395,-0.027952082,-0.026646397,-0.025308881,-0.023943748,-0.022564103,-0.021182274,-0.019783749,-0.018396771000000003,-0.017010573,-0.015638885999999998,-0.014282489999999998,-0.012941229,-0.011624777999999999,-0.010330015,-0.009066615,-0.007849557,-0.0066819620000000005,-0.0055781830000000004,-0.004534010000000001,-0.003541327,-0.002648194,-0.0018596029999999998,-0.0011487160000000001,-0.000537221968,-1.7319674000000002e-5,0.00043283582399999997,0.000823386677,0.001172745,0.001490116,0.001802338,0.0021094110000000003,0.002410867,0.002733232,0.00304405,0.00334535,0.003644465,0.0038914659999999997,0.0042334899999999995,0.004445539,0.004788967999999999,0.0050968210000000005,0.005408419,0.005713307999999999,0.006003842,0.006273935,0.006534666,0.006773553,0.006928962,0.007164884,0.007376153000000001,0.007586797,0.0077618669999999996,0.00789824,0.008054429,0.008207653,0.008312195,0.008450129,0.008471193,0.008589622,0.008689015,0.008798707000000001,0.008870638,0.008962073000000001,0.009026671,0.009062246999999999,0.009125439999999999,0.009108744,0.009171938000000001,0.009236535,0.009147285,0.009208293,0.009266337999999999,0.009304878,0.009355745,0.009394129,0.009442031,0.009311431,0.009321574000000001,0.00937244,0.009398498,0.009412385,0.00944718,0.009451549,0.009468245,0.009492274,0.0095227,0.009537210999999999,0.009557496,0.009568417999999999,0.009486344,0.009524104,0.009535027,0.009554687,0.009582305,0.009408016],"unit":"A\/cm2"},"power_density":{"value":[-45.117858,-48.085827,-47.789175,-46.508171,-44.83204,-42.870291,-40.772729,-38.601406,-36.345891,-34.090167,-31.844777,-29.626548,-27.452186,-25.303123,-23.216691,-21.17812,-19.204159,-17.295942,-15.451788,-13.682495,-11.982686,-10.363106,-8.838694,-7.410133,-6.091306,-4.874093,-3.746771,-2.756724,-1.904235,-1.15676,-0.531845911,-0.016852027,0.413791499,0.773164908,1.081251,1.348544,1.600486,1.837261,2.058867,2.287713,2.496058,2.686281,2.864509,2.99256,3.183531,3.267419,3.438472,3.572771,3.699278,3.810631,3.902562,3.971465,4.02539,4.057455,4.03256,4.048144,4.042171,4.028688,3.989547,3.925485,3.86617,3.800015,3.70725,3.625227,3.490224,3.392825,3.284508,3.176436,3.051331,2.930556,2.798356,2.655197,2.518437,2.359172,2.21971,2.078026,1.90253,1.758793,1.61233,1.460791,1.309732,1.155457,1.000823,0.828663987,0.671089091,0.515509423,0.357170811,0.197650242,0.037807379,-0.122849684,-0.283945485,-0.446136214,-0.609308742,-0.772419466,-0.936589466,-1.100334,-1.252046,-1.418925,-1.582736,-1.748363,-1.916288,-1.88142],"unit":"mW\/cm2"},"timestamps":{"value":[0.018,0.042,0.063,0.084,0.107,0.131,0.157,0.193,0.216,0.24,0.263,0.287,0.309,0.331,0.353,0.376,0.397,0.418,0.44,0.461,0.483,0.508,0.531,0.553,0.575,0.596,0.625,0.648,0.669,0.693,0.716,0.739,0.76,0.797,0.819,0.847,0.869,0.892,0.916,0.937,0.96,0.985,1.013,1.052,1.073,1.11,1.133,1.158,1.181,1.203,1.227,1.249,1.272,1.295,1.328,1.349,1.373,1.395,1.418,1.444,1.467,1.488,1.513,1.536,1.567,1.589,1.612,1.633,1.657,1.679,1.7,1.725,1.748,1.778,1.8,1.822,1.86,1.883,1.906,1.929,1.95,1.972,1.994,2.031,2.064,2.086,2.111,2.135,2.156,2.184,2.208,2.23,2.253,2.276,2.299,2.322,2.362,2.386,2.411,2.434,2.456,2.481],"unit":"s"},"p_max":{"unit":"mW","value":0.38748695},"v_p_max":{"unit":"V","value":0.599014282},"i_p_max":{"unit":"mA","value":0.646874309},"j_p_max":{"unit":"mA\/cm2","value":6.773553},"voc":{"unit":"V","value":0.972345098},"isc":{"unit":"mA","value":0.902303928},"jsc":{"unit":"mA\/cm2","value":9.448209},"fill_factor":{"unit":"%","value":44.165566},"efficiency":{"unit":"%","value":4.057455},"r_s":{"unit":"ohms","value":200.723202},"r_sh":{"unit":"ohms","value":2930.573},"cell_dimension":{"value":0.09550001530970027,"unit":"cm2"},"sweep_direction":{"unit":"","value":"Reverse"},"key":"reverse6_4cell_231114"},{"V":{"value":[1.499979,1.482985,1.466014,1.448992,1.431998,1.415008,1.39799,1.380992,1.364002,1.346985,1.329984,1.312996,1.296005,1.278985,1.261997,1.245,1.227972,1.210992,1.194012,1.176988,1.15999,1.142995,1.126013,1.108976,1.091991,1.075008,1.058013,1.040981,1.024,1.007002,0.989976406,0.972989559,0.956002474,0.939008474,0.921984673,0.904990911,0.888003826,0.870985508,0.853991508,0.837001801,0.819976568,0.80299902,0.785975218,0.769004583,0.751987457,0.734991074,0.717993021,0.700980186,0.683980703,0.666986942,0.650008202,0.632993698,0.61600399,0.599012852,0.581984997,0.564995289,0.548012257,0.531011581,0.513991833,0.497010231,0.480006933,0.462967873,0.445990562,0.429011583,0.412009716,0.394991159,0.378004074,0.361010313,0.343978167,0.326995373,0.310002804,0.292984486,0.275987864,0.258996725,0.24201107,0.224983215,0.207989931,0.190999746,0.173995733,0.156993389,0.139993429,0.122997761,0.10599947,0.088980436,0.071990252,0.05500412,0.038002968,0.02099824,0.004003525,-0.012996554,-0.029994726,-0.046993256,-0.063990116,-0.080987215,-0.097996712,-0.114997864,-0.131982565,-0.148985147,-0.165990353,-0.182990313,-0.199980497,-0.199979067],"unit":"V"},"I":{"value":[-0.00199239,-0.002143428,-0.002141759,-0.0020892019999999996,-0.0020208210000000003,-0.001941562,-0.001853213,-0.0017619579999999999,-0.00166674,-0.00156869,-0.001471743,-0.001366958,-0.001267508,-0.001168832,-0.001070634,-0.000973418355,-0.0008768141270000001,-0.0007828474039999999,-0.0006916522980000001,-0.0006019175049999999,-0.00051510334,-0.000432297587,-0.000355124474,-0.000283271074,-0.000215530396,-0.000154986978,-0.00010061264000000001,-5.2765012e-5,-1.0669231e-5,2.6494265e-5,5.9843063e-5,9.0420246e-5,0.00011941790600000001,0.000147506595,0.000175029039,0.00020325183899999998,0.00023050606300000002,0.00025700032699999995,0.00028355419599999996,0.000308454037,0.00033175945299999997,0.00035533309,0.00037613511100000003,0.000392988324,0.00041115284000000003,0.000425368547,0.000439375639,0.000452831388,0.00045928359000000003,0.00045457482300000003,0.000469133258,0.000480368733,0.0004917383189999999,0.000500753522,0.000511571765,0.0005210042,0.000529810786,0.000537857413,0.000544860959,0.000550612807,0.0005569905040000001,0.000564143062,0.000571414828,0.000577315688,0.000579804182,0.0005871653559999999,0.000592842698,0.0005979090929999999,0.0006045699119999999,0.000609010458,0.000613927841,0.000617533922,0.000621005893,0.0006261318919999999,0.0006312727930000001,0.0006348788739999999,0.000634729862,0.000639379025,0.0006436109540000001,0.000647634268,0.000649988651,0.000652968884,0.000656723976,0.0006592869759999999,0.0006625354289999999,0.000664904714,0.000666707754,0.0006535202260000001,0.000654563308,0.000660255551,0.0006651133299999999,0.000669196248,0.0006738454099999999,0.000676691532,0.0006804317239999999,0.000684380531,0.000684663653,0.000687375665,0.000688686967,0.00069271028,0.000694781542,0.0006805658340000001],"unit":"A"},"resistance":{"value":[-752.854286,-691.875448,-684.490889,-693.562295,-708.621908,-728.799042,-754.36024,-783.782549,-818.365533,-858.668794,-903.679812,-960.524118,-1022.483,-1094.242,-1178.738,-1278.998,-1400.493,-1546.907,-1726.318,-1955.397,-2251.956,-2644,-3170.757,-3914.892,-5066.531,-6936.121,-10515.709,-19728.628,-95976.894,38008.288,16542.876,10760.749,8005.52,6365.875,5267.61,4452.56,3852.41,3389.044,3011.74,2713.538,2471.6,2259.849,2089.609,1956.813,1828.973,1727.892,1634.121,1547.994,1489.234,1467.276,1385.551,1317.725,1252.707,1196.223,1137.641,1084.435,1034.355,987.272032,943.344947,902.649238,861.786565,820.656858,780.502256,743.114369,710.601491,672.708558,637.612769,603.787963,568.963423,536.928994,504.949903,474.442739,444.420684,413.645637,383.370031,354.371873,327.682599,298.726951,270.343026,242.410566,215.378267,188.366956,161.406426,134.964651,108.65872,82.724816,57.000939,32.130971,6.116329,-19.684127,-45.097166,-70.22343,-94.962606,-119.681142,-144.021374,-168.03205,-192.769931,-216.744868,-241.024385,-264.165724,-287.832197,-293.842354],"unit":"ohms"},"conductance":{"value":[-0.001328278,-0.001445347,-0.00146094,-0.001441832,-0.00141119,-0.00137212,-0.001325627,-0.001275864,-0.001221948,-0.001164593,-0.001106587,-0.001041098,-0.000978011398,-0.00091387463,-0.000848364731,-0.000781862055,-0.000714034143,-0.000646451291,-0.000579267495,-0.000511405013,-0.000444058404,-0.000378214806,-0.000315382136,-0.000255434891,-0.000197373707,-0.000144172807,-9.5095827e-5,-5.0687762e-5,-1.0419174e-5,2.6310051e-5,6.0448979e-5,9.2930335e-5,0.000124913804,0.000157087607,0.000189839424,0.000224589923,0.000259577781,0.000295068431,0.000332033976,0.000368522549,0.00040459626,0.000442507501,0.000478558487,0.000511035087,0.000546754917,0.000578739746,0.000611949735,0.000645997414,0.000671486181,0.000681534817,0.000721734367,0.000758883911,0.000798271322,0.000835964572,0.000879011947,0.000922139016,0.000966786381,0.001012892,0.001060058,0.00110785,0.00116038,0.001218536,0.001281226,0.001345688,0.001407259,0.001486528,0.00156835,0.001656211,0.001757582,0.001862444,0.001980394,0.002107736,0.00225012,0.002417528,0.002608446,0.002821894,0.003051734,0.003347539,0.003699004,0.004125233,0.004642994,0.005308787,0.00619554,0.007409348,0.009203127,0.012088271,0.017543571,0.03112262,0.163496754,-0.050802354,-0.022174342,-0.014240261,-0.010530461,-0.008355535,-0.006943414,-0.005951246,-0.005187531,-0.004613719,-0.004148958,-0.003785502,-0.003474246,-0.003403185],"unit":"S"},"power":{"value":[-2.988543,-3.178671,-3.139849,-3.027238,-2.893812,-2.747326,-2.590773,-2.43325,-2.273437,-2.113002,-1.957395,-1.794811,-1.642696,-1.494919,-1.351136,-1.211906,-1.076703,-0.948022021,-0.825841093,-0.708449612,-0.597514761,-0.494113929,-0.399874873,-0.314140723,-0.235357344,-0.166612302,-0.106449502,-0.05492739,-0.01092529,0.026679768,0.059243221,0.087977955,0.114163813,0.138509942,0.161374092,0.183941067,0.204690265,0.22384356,0.242152876,0.258176584,0.272034978,0.285332123,0.295632876,0.302209822,0.309181778,0.312642085,0.315468642,0.31742583,0.314141113,0.303195471,0.304940465,0.304070381,0.302912767,0.299957795,0.297727092,0.294364918,0.290342805,0.285608516,0.280054083,0.273660199,0.267359304,0.261180113,0.254845621,0.247675117,0.238884956,0.231925125,0.224096955,0.215851349,0.20795885,0.199143602,0.190319352,0.180927859,0.17139009,0.16216611,0.152775004,0.14283709,0.13201742,0.122121231,0.11198556,0.101674299,0.09099414,0.080313711,0.069612393,0.058663643,0.047696092,0.036572499,0.025336873,0.013722774,0.00262056,-0.008581047,-0.019949892,-0.03144771,-0.043119446,-0.054803363,-0.066680071,-0.078702299,-0.090363665,-0.102408765,-0.114315392,-0.126759271,-0.138942758,-0.13609892],"unit":"mW"},"J":{"value":[-0.020862718000000002,-0.022444269,-0.022426794,-0.021876465,-0.021160429,-0.020330489,-0.019405369,-0.018449822,-0.017452771,-0.016426073,-0.015410921,-0.014313697,-0.013272332000000001,-0.01223908,-0.011210822,-0.010192862,-0.0091813,-0.008197355,-0.007242432,-0.006302800999999999,-0.005393752,-0.004526676,-0.003718581,-0.002966189,-0.002256863,-0.0016229,-0.001053536,-0.000552513212,-0.00011171970100000001,0.000277426854,0.000626628936,0.00094680886,0.0012504489999999998,0.0015445720000000001,0.0018327649999999999,0.002128292,0.002413676,0.002691103,0.002969154,0.003229885,0.0034739209999999996,0.003720765,0.003938588,0.004115061,0.004305265,0.004454121,0.004600792,0.00474169,0.004809252,0.004759946,0.00491239,0.005030039,0.005149091999999999,0.005243492,0.005356772,0.005455541,0.0055477569999999995,0.005632015,0.0057053500000000005,0.005765579,0.0058323609999999994,0.005907257000000001,0.005983401,0.00604519,0.006071248,0.006148328000000001,0.006207777,0.006260828,0.006330575,0.0063770730000000005,0.0064285639999999995,0.006466324,0.006502679999999999,0.006556355,0.006610186,0.006647946,0.006646386,0.006695068,0.006739382,0.0067815110000000005,0.006806164,0.006837371,0.006876691,0.006903528999999999,0.006937544,0.006962353,0.006981233,0.006843144,0.006854066000000001,0.006913671,0.006964537,0.0070072910000000006,0.007055973,0.007085775,0.00712494,0.007166288,0.007169253,0.007197650999999999,0.0072113820000000006,0.007253511,0.0072751989999999996,0.007126344],"unit":"A\/cm2"},"power_density":{"value":[-31.293639,-33.284515,-32.878002,-31.698823,-30.301692,-28.767811,-27.128511,-25.479055,-23.805618,-22.125675,-20.496285,-18.793828,-17.201008,-15.653604,-14.148021,-12.690115,-11.274381,-9.926932,-8.647551,-7.418321,-6.256699,-5.173968,-4.187171,-3.289432,-2.464475,-1.744631,-1.114654,-0.575155918,-0.114400939,0.279369297,0.620347862,0.921235135,1.195433,1.450366,1.689781,1.926084,2.143354,2.343912,2.535632,2.70342,2.848534,2.987771,3.095632,3.164501,3.237506,3.273739,3.303337,3.323831,3.289436,3.174822,3.193094,3.183983,3.171861,3.140919,3.117561,3.082355,3.040239,2.990665,2.932503,2.865552,2.799574,2.73487,2.668541,2.593457,2.501413,2.428535,2.346565,2.260224,2.17758,2.085273,1.992873,1.894533,1.794661,1.698074,1.599738,1.495676,1.382381,1.278756,1.172624,1.064652,0.952818222,0.840981262,0.728925584,0.614278982,0.49943552,0.3829581,0.265307574,0.143693971,0.027440423,-0.089853897,-0.208899395,-0.329295396,-0.451512524,-0.5738572,-0.698220644,-0.824107844,-0.946216388,-1.072343,-1.19702,-1.327322,-1.454898,-1.42512],"unit":"mW\/cm2"},"timestamps":{"value":[0.018,0.044,0.067,0.088,0.11,0.134,0.156,0.18,0.203,0.228,0.25,0.287,0.31,0.332,0.355,0.376,0.401,0.424,0.445,0.47,0.495,0.519,0.541,0.562,0.587,0.609,0.632,0.654,0.675,0.699,0.72,0.742,0.766,0.788,0.812,0.834,0.854,0.878,0.9,0.924,0.948,0.968,0.991,1.016,1.038,1.061,1.083,1.104,1.132,1.169,1.191,1.215,1.237,1.26,1.281,1.302,1.323,1.346,1.369,1.394,1.417,1.441,1.462,1.485,1.513,1.534,1.558,1.582,1.603,1.625,1.648,1.672,1.696,1.718,1.74,1.762,1.788,1.812,1.834,1.857,1.88,1.903,1.925,1.948,1.97,1.993,2.018,2.06,2.098,2.123,2.146,2.168,2.189,2.211,2.233,2.255,2.279,2.303,2.327,2.349,2.372,2.394],"unit":"s"},"p_max":{"unit":"mW","value":0.31742583},"v_p_max":{"unit":"V","value":0.700980186},"i_p_max":{"unit":"mA","value":0.452831388},"j_p_max":{"unit":"mA\/cm2","value":4.74169},"voc":{"unit":"V","value":1.01912},"isc":{"unit":"mA","value":0.655903833},"jsc":{"unit":"mA\/cm2","value":6.868103},"fill_factor":{"unit":"%","value":47.487235},"efficiency":{"unit":"%","value":3.323831},"r_s":{"unit":"ohms","value":258.332293},"r_sh":{"unit":"ohms","value":3675.563},"cell_dimension":{"value":0.09550002065886141,"unit":"cm2"},"sweep_direction":{"unit":"","value":"Reverse"},"key":"reverse6_3cell_231114"},{"V":{"value":[1.499982,1.482984,1.46602,1.448996,1.43199,1.415012,1.397989,1.380986,1.364005,1.346984,1.32999,1.312997,1.295991,1.278985,1.261998,1.244999,1.227978,1.210994,1.193998,1.177006,1.159987,1.142998,1.126013,1.108981,1.09199,1.075007,1.058017,1.040985,1.024002,1.007006,0.989980698,0.972986698,0.956005096,0.939031839,0.92198205,0.904990911,0.888005257,0.870984077,0.853988886,0.83700037,0.819979429,0.802989483,0.785988808,0.769007444,0.751992941,0.734986782,0.717999935,0.700982809,0.683984995,0.666993856,0.650005341,0.632997751,0.615998507,0.599016905,0.581986189,0.564995289,0.548005342,0.531014204,0.513988972,0.497008801,0.480005503,0.462982893,0.446000099,0.429008961,0.412014961,0.394989729,0.378005505,0.361012936,0.343985081,0.326996803,0.310009718,0.292984486,0.275985241,0.258999348,0.242008448,0.224980354,0.20797348,0.191013336,0.17400527,0.156989098,0.139992237,0.123000622,0.105998039,0.088994265,0.071999788,0.055002689,0.037998915,0.021000922,0.004001111,-0.012999803,-0.029990673,-0.046991825,-0.063991547,-0.080991507,-0.097993851,-0.114995241,-0.131983995,-0.148982525,-0.166005373,-0.182995796,-0.199979067,-0.199981928],"unit":"V"},"I":{"value":[-0.002450496,-0.002817333,-0.0028696950000000002,-0.002835155,-0.002767414,-0.002671093,-0.00256075,-0.0024423149999999996,-0.002316654,-0.002186,-0.002051607,-0.001914442,-0.001776382,-0.001636788,-0.001497805,-0.001360163,-0.00122188,-0.0010877699999999998,-0.000956773758,-0.000827714801,-0.000703722239,-0.000583827496,-0.000472173095,-0.000367045403,-0.000273779035,-0.000190287828,-0.000117883086,-5.3316355e-5,-2.220273e-6,4.118681e-5,7.842481099999999e-5,0.000111654401,0.000142782927,0.000173091888,0.000202983618,0.000233635306,0.000262960792,0.000292986631,0.000321492553,0.00034840405000000004,0.000374123454,0.000398188829,0.00041857361799999996,0.000435575843,0.000451803207,0.000466361642,0.000474199653,0.000484868884,0.000494509935,0.000502482057,0.000510185957,0.0005121231080000001,0.0005210787059999999,0.00052960217,0.0005370229480000001,0.000545069575,0.000552490354,0.0005584508179999999,0.000563174486,0.000569134951,0.0005747526880000001,0.00058029592,0.00058542192,0.000585988164,0.000591665506,0.000587999821,0.000593617558,0.000601172447,0.000605881214,0.000611498952,0.000616014004,0.0006192028520000001,0.00062301755,0.000625863671,0.00062918663,0.0006305724379999999,0.000632032752,0.000636741519,0.000638827682,0.000641942024,0.000643476844,0.000645905733,0.000648260117,0.0006519258020000001,0.000654354692,0.00065740943,0.0006592869759999999,0.000656366348,0.000658586621,0.0006609410049999999,0.0006615072490000001,0.000662893057,0.0006642043589999999,0.0006676763300000001,0.0006701052189999999,0.0006723254920000001,0.0006735026840000001,0.0006762743,0.000677376986,0.00067807734,0.000680014491,0.0006651133299999999],"unit":"A"},"resistance":{"value":[-612.113493,-526.378573,-510.862531,-511.081865,-517.446968,-529.750365,-545.929415,-565.441529,-588.78236,-616.186394,-648.267459,-685.838289,-729.567842,-781.399343,-842.565005,-915.330624,-1004.99,-1113.281,-1247.942,-1421.994,-1648.359,-1957.766,-2384.747,-3021.373,-3988.582,-5649.374,-8975.142,-19524.691,-461205.584,24449.719,12623.31,8714.271,6695.514,5425.048,4542.15,3873.519,3376.949,2972.778,2656.326,2402.384,2191.735,2016.605,1877.779,1765.496,1664.426,1576.002,1514.13,1445.716,1383.157,1327.398,1274.056,1236.027,1182.16,1131.07,1083.727,1036.556,991.882191,950.870134,912.663809,873.270566,835.151383,797.839304,761.843867,732.11199,696.36468,671.751445,636.78289,600.514773,567.743433,534.746302,503.251089,473.163979,442.981488,413.827099,384.636984,356.787485,329.05491,299.985678,272.38217,244.553389,217.555983,190.431228,163.511585,136.509806,110.031745,83.665805,57.63638,31.995732,6.075299,-19.668628,-45.336877,-70.888999,-96.34316,-121.303546,-146.236513,-171.041025,-195.966547,-220.29896,-245.070879,-269.874519,-294.080596,-300.673463],"unit":"ohms"},"conductance":{"value":[-0.001633684,-0.001899773,-0.001957474,-0.001956634,-0.001932565,-0.001887682,-0.001831739,-0.001768529,-0.00169842,-0.001622886,-0.001542573,-0.00145807,-0.001370674,-0.001279755,-0.001186852,-0.001092501,-0.000995034571,-0.000898245813,-0.000801319331,-0.000703237676,-0.000606663791,-0.000510786326,-0.000419331729,-0.000330975336,-0.000250715699,-0.000177010748,-0.000111418844,-5.12172e-5,-2.16823e-6,4.0900265e-5,7.9218526e-5,0.000114754293,0.000149353729,0.000184330159,0.000220160054,0.000258163152,0.000296125265,0.000336385749,0.000376459879,0.000416253161,0.000456259561,0.000495882995,0.000532543993,0.000566413038,0.000600807777,0.000634517046,0.000660445258,0.000691698681,0.000722983602,0.000753353351,0.000784895023,0.000809044119,0.000845909041,0.000884118905,0.000922741739,0.000964732956,0.001008184,0.001051668,0.001095694,0.00114512,0.001197388,0.001253385,0.001312605,0.001365911,0.001436029,0.001488646,0.001570394,0.001665238,0.001761359,0.001870046,0.00198708,0.002113432,0.002257431,0.002416468,0.002599854,0.002802789,0.003039006,0.003333492,0.003671312,0.004089087,0.004596518,0.00525124,0.006115775,0.007325481,0.009088286,0.011952314,0.017350153,0.031254169,0.164600946,-0.050842387,-0.022057099,-0.014106561,-0.010379564,-0.008243782,-0.006838237,-0.005846551,-0.005102912,-0.004539286,-0.004080452,-0.003705426,-0.003400428,-0.003325867],"unit":"S"},"power":{"value":[-3.675699,-4.178058,-4.207031,-4.108128,-3.962909,-3.779629,-3.579899,-3.372804,-3.159927,-2.944507,-2.728616,-2.513657,-2.302176,-2.093428,-1.890227,-1.693402,-1.500442,-1.317282,-1.142386,-0.974225095,-0.816308797,-0.66731337,-0.531673175,-0.407046426,-0.298963966,-0.204560786,-0.124722367,-0.055501544,-0.002273565,0.041475361,0.077639049,0.108638247,0.136501205,0.162538794,0.187147252,0.211437829,0.233510565,0.255186691,0.274551067,0.291614319,0.306773536,0.319741442,0.328994179,0.334961066,0.339752823,0.342769642,0.34047532,0.339884752,0.338237376,0.335152445,0.331623597,0.324172776,0.320983705,0.317240653,0.312539939,0.307961742,0.302767665,0.296545317,0.289465475,0.282865079,0.275884453,0.268667084,0.261098234,0.251394173,0.243775041,0.23225389,0.224390705,0.21703103,0.208414098,0.199958202,0.190970328,0.181416829,0.171943649,0.162098283,0.15226848,0.141866411,0.131446051,0.121626122,0.111159383,0.100777899,0.090081763,0.079446807,0.068714301,0.058017657,0.047113399,0.036159287,0.02505219,0.013784298,0.002635078,-0.008592103,-0.019839048,-0.031150555,-0.042503464,-0.054076112,-0.065666191,-0.077314232,-0.088891575,-0.100753053,-0.112448219,-0.124085303,-0.135988663,-0.133010646],"unit":"mW"},"J":{"value":[-0.025659644,-0.029500865999999997,-0.030049167,-0.029687481999999998,-0.028978155999999998,-0.027969558,-0.026814132,-0.025573981,-0.024258154,-0.022890056000000002,-0.021482793,-0.020046509,-0.018600862,-0.017139144000000002,-0.015683823,-0.014242545,-0.012794558000000001,-0.01139026,-0.010018573,-0.008667171,-0.007368819,-0.006113377,-0.0049442209999999995,-0.003843407,-0.002866796,-0.001992543,-0.001234378,-0.0005582864370000001,-2.3248932e-5,0.000431275493,0.000821202213,0.0011691560000000002,0.001495109,0.001812481,0.002125483,0.002446443,0.0027535159999999997,0.0030679229999999997,0.003366414,0.0036482100000000003,0.003917523,0.004169517,0.00438297,0.004561004,0.004730924,0.004883368,0.004965441,0.005077161,0.005178115,0.005261592000000001,0.005342261,0.005362546,0.005456322,0.005545572,0.0056232769999999994,0.005707535,0.005785239,0.005847653,0.0058971150000000005,0.0059595279999999995,0.006018353000000001,0.006076397,0.006130072,0.006136002000000001,0.00619545,0.006157066,0.006215891,0.006294999,0.006344305999999999,0.00640313,0.006450408,0.006483799,0.006523744,0.0065535459999999995,0.006588342,0.006602853,0.006618144,0.006667449999999999,0.0066892950000000005,0.006721906,0.006737977,0.0067634109999999996,0.006788064,0.006826448,0.006851882,0.006883868,0.006903528999999999,0.006872946,0.006896195,0.006920848,0.006926777,0.006941289000000001,0.006955019,0.006991374999999999,0.007016809000000001,0.007040058,0.007052384,0.007081406,0.007092953,0.007100286,0.007120571,0.006964537],"unit":"A\/cm2"},"power_density":{"value":[-38.488994,-43.749301,-44.052676,-43.017045,-41.496426,-39.57727,-37.48585,-35.317322,-33.08824,-30.832532,-28.571899,-26.321013,-24.106558,-21.920713,-19.792956,-17.731954,-15.711433,-13.793532,-11.962158,-10.20131,-8.547736,-6.987575,-5.567258,-4.262266,-3.130513,-2.141998,-1.305993,-0.581168,-0.02380696,0.434296978,0.81297434,1.137573,1.429332,1.701977,1.959657,2.214009,2.445137,2.672112,2.87488,3.053553,3.212288,3.348078,3.444965,3.507446,3.557621,3.589211,3.565187,3.559003,3.541753,3.50945,3.472498,3.394479,3.361086,3.321892,3.27267,3.22473,3.170342,3.105187,3.031052,2.961938,2.888842,2.813268,2.734013,2.6324,2.552618,2.431978,2.349641,2.272576,2.182347,2.093803,1.999689,1.899653,1.800457,1.697364,1.594434,1.485512,1.376398,1.273572,1.163973,1.055266,0.943264533,0.831903736,0.719521479,0.607514737,0.493334024,0.378631274,0.262326592,0.144338202,0.02759244,-0.089969662,-0.207738719,-0.326183818,-0.445062453,-0.566242009,-0.687604092,-0.809573111,-0.930801834,-1.055006,-1.177468,-1.299323,-1.423965,-1.392782],"unit":"mW\/cm2"},"timestamps":{"value":[0.019,0.043,0.066,0.088,0.113,0.135,0.157,0.179,0.203,0.224,0.248,0.271,0.294,0.317,0.339,0.362,0.385,0.406,0.428,0.451,0.475,0.5,0.525,0.552,0.574,0.598,0.619,0.655,0.678,0.699,0.721,0.745,0.768,0.79,0.813,0.835,0.858,0.879,0.902,0.925,0.947,0.968,0.991,1.016,1.038,1.06,1.088,1.11,1.133,1.156,1.179,1.206,1.23,1.251,1.274,1.295,1.317,1.339,1.363,1.386,1.409,1.431,1.453,1.482,1.504,1.541,1.564,1.585,1.608,1.629,1.652,1.675,1.698,1.72,1.743,1.768,1.792,1.814,1.837,1.86,1.883,1.907,1.929,1.95,1.971,1.992,2.013,2.041,2.065,2.086,2.111,2.134,2.159,2.179,2.2,2.223,2.246,2.267,2.289,2.316,2.338,2.36],"unit":"s"},"p_max":{"unit":"mW","value":0.342769642},"v_p_max":{"unit":"V","value":0.734986782},"i_p_max":{"unit":"mA","value":0.466361642},"j_p_max":{"unit":"mA\/cm2","value":4.883368},"voc":{"unit":"V","value":1.023133},"isc":{"unit":"mA","value":0.659140718},"jsc":{"unit":"mA\/cm2","value":6.901997},"fill_factor":{"unit":"%","value":50.826727},"efficiency":{"unit":"%","value":3.589211},"r_s":{"unit":"ohms","value":186.229542},"r_sh":{"unit":"ohms","value":4469.73},"cell_dimension":{"value":0.0954999999220566,"unit":"cm2"},"sweep_direction":{"unit":"","value":"Reverse"},"key":"reverse6_2cell_231114"},{"V":{"value":[1.49998,1.482985,1.46602,1.448996,1.431993,1.415008,1.39799,1.380985,1.363998,1.346987,1.329988,1.312993,1.296008,1.278984,1.262004,1.244999,1.227978,1.210992,1.194001,1.177007,1.159994,1.142999,1.126012,1.108979,1.091993,1.07501,1.058017,1.040985,1.024005,1.007006,0.989975214,0.972990751,0.956005096,0.938992262,0.921999693,0.904990911,0.888006687,0.870985508,0.853990316,0.837001801,0.819982052,0.802990913,0.785991669,0.769007444,0.751990318,0.734986782,0.717997074,0.700982809,0.683989048,0.666995049,0.650010824,0.633000612,0.616006851,0.599004745,0.581994534,0.565000534,0.548006773,0.531015635,0.513990402,0.497010231,0.480005503,0.462982893,0.446000099,0.429014444,0.412012339,0.39499402,0.378010988,0.361010313,0.343986511,0.326995373,0.310005665,0.292985916,0.275986433,0.259002209,0.242008448,0.224980354,0.207987308,0.190999746,0.174000025,0.156990528,0.139993429,0.122999191,0.10599947,0.088992834,0.071997166,0.055006981,0.038004398,0.020999938,0.004000694,-0.013000935,-0.029996157,-0.046991825,-0.063990116,-0.080986023,-0.097976208,-0.114995241,-0.131988049,-0.148979664,-0.165989161,-0.182980776,-0.199981928,-0.199979067],"unit":"V"},"I":{"value":[-0.002157852,-0.002507642,-0.002575248,-0.002558261,-0.002524555,-0.002438918,-0.0023395419999999996,-0.002232611,-0.002118185,-0.001998708,-0.001876101,-0.0017508570000000002,-0.001624852,-0.001497328,-0.0013693120000000001,-0.0012433829999999998,-0.001118004,-0.000991791487,-0.000871747732,-0.000754281878,-0.000640556216,-0.000530287623,-0.000428691506,-0.00033570826100000003,-0.000250190496,-0.000175029039,-0.00010852515699999999,-5.2139163e-5,-4.991889e-6,3.5360456e-5,7.0184469e-5,0.000101447105,0.000130996108,0.000159502029,0.000187784433,0.000215396285,0.000242292881,0.000269129872,0.000295832753,0.000320389867,0.000343620777,0.000361785293,0.00036782026299999996,0.00038473308099999995,0.000391259789,0.000407069921,0.00041781365900000003,0.00042711198299999996,0.00042946636700000004,0.000437989831,0.00044700503299999997,0.00045429170099999997,0.000462055206,0.000468850136,0.00047378241999999996,0.00048002600699999996,0.000485152006,0.000487446785,0.000493064523,0.0004988163709999999,0.000502899289,0.000507757068,0.0005104690790000001,0.0005135834219999999,0.000518783927,0.000520169735,0.000524267554,0.000526756048,0.0005292594430000001,0.0005304366350000001,0.0005336254839999999,0.000537574291,0.000540345907,0.000542014837,0.0005428493020000001,0.000543266535,0.000543951988,0.0005461722610000001,0.0005476325749999999,0.000549092889,0.0005401372909999999,0.000544101,0.00054846704,0.000550895929,0.0005503445860000001,0.000549510121,0.0005536675450000001,0.000554293394,0.000557765365,0.000559151173,0.000558376312,0.0005619227890000001,0.0005614310500000001,0.0005640685560000001,0.000560596585,0.000564277172,0.000568017364,0.00057078898,0.000573635101,0.000573292375,0.000576138496,0.000562891364],"unit":"A"},"resistance":{"value":[-695.12653,-591.386279,-569.273171,-566.398807,-567.225782,-580.178771,-597.548597,-618.551512,-643.946619,-673.928741,-708.910955,-749.91479,-797.615598,-854.177302,-921.633117,-1001.3,-1098.366,-1221.015,-1369.663,-1560.434,-1810.917,-2155.432,-2626.625,-3303.4,-4364.646,-6141.894,-9749.053,-19965.517,-205133.803,28478.308,14105.332,9591.114,7297.966,5887.024,4909.884,4201.516,3665.014,3236.302,2886.733,2612.448,2386.299,2219.523,2136.891,1998.808,1921.972,1805.554,1718.462,1641.216,1592.649,1522.855,1454.147,1393.379,1333.189,1277.604,1228.4,1177.021,1129.557,1089.382,1042.44,996.379149,954.476399,911.819692,873.706396,835.335461,794.188712,759.356022,721.02686,685.346308,649.939298,616.464534,580.942392,545.014747,510.758811,477.850773,445.811474,414.125185,382.363357,349.706054,317.731327,285.908871,259.181196,226.059484,193.264977,161.542007,130.821975,100.101852,68.641189,37.885962,7.172718,-23.251199,-53.720325,-83.626836,-113.976803,-143.574787,-174.771325,-203.79212,-232.366222,-261.006553,-289.363674,-319.175318,-347.107387,-355.271158],"unit":"ohms"},"conductance":{"value":[-0.001438587,-0.001690942,-0.001756626,-0.00176554,-0.001762966,-0.001723607,-0.001673504,-0.00161668,-0.001552924,-0.001483836,-0.001410614,-0.001333485,-0.001253737,-0.001170717,-0.00108503,-0.000998701815,-0.000910443467,-0.000818990882,-0.000730106392,-0.000640847424,-0.000552206431,-0.00046394411,-0.000380716692,-0.000302718454,-0.000229113675,-0.000162816223,-0.000102574067,-5.0086356e-5,-4.874867e-6,3.5114446e-5,7.0895178e-5,0.000104263175,0.000137024487,0.000169865116,0.00020367082,0.000238009335,0.000272850289,0.000308994662,0.000346412304,0.000382782769,0.000419058901,0.000450547181,0.000467969671,0.000500298253,0.000520298972,0.000553846588,0.000581915545,0.000609304505,0.000627884859,0.000656661293,0.0006876886,0.000717679719,0.000750081278,0.000782715228,0.000814066787,0.000849602749,0.000885302938,0.000917951852,0.000959287412,0.001003634,0.001047695,0.001096708,0.001144549,0.001197124,0.001259147,0.001316905,0.001386911,0.001459116,0.001538605,0.001622153,0.001721341,0.001834813,0.001957871,0.002092704,0.002243101,0.002414729,0.002615313,0.002859544,0.003147313,0.003497618,0.003858305,0.004423614,0.005174243,0.00619034,0.007643976,0.009989825,0.014568512,0.026395001,0.139417168,-0.043008534,-0.018614929,-0.011957884,-0.008773715,-0.006965011,-0.005721762,-0.004906961,-0.004303551,-0.003831321,-0.003455859,-0.003133074,-0.002880953,-0.002814751],"unit":"S"},"power":{"value":[-3.236735,-3.718795,-3.775365,-3.70691,-3.615144,-3.451089,-3.270656,-3.083203,-2.889201,-2.692232,-2.495193,-2.298863,-2.105821,-1.915059,-1.728077,-1.54801,-1.372884,-1.201052,-1.040868,-0.887795021,-0.743041448,-0.606118188,-0.482711716,-0.372293247,-0.273206235,-0.188157937,-0.114821514,-0.054276105,-0.00511172,0.035608188,0.069480885,0.098707095,0.125232947,0.149771171,0.17313719,0.19493168,0.215157699,0.234408219,0.252638306,0.268166895,0.28176287,0.290510303,0.289103662,0.295862603,0.294223574,0.299191012,0.299988984,0.299398158,0.293750291,0.292137049,0.29055811,0.287566925,0.284629173,0.280843456,0.275738779,0.27121495,0.265866585,0.258841864,0.253430432,0.24791684,0.241394426,0.235082836,0.22766926,0.220334706,0.213745379,0.205463935,0.198178896,0.190164366,0.182058109,0.173450325,0.165426923,0.157501696,0.14912814,0.14038304,0.131374117,0.122224297,0.11313511,0.104318763,0.095288082,0.086202383,0.075615672,0.066923983,0.058137215,0.04902579,0.03962325,0.030226893,0.021041802,0.011640127,0.002231448,-0.007269488,-0.016749143,-0.026405777,-0.035926038,-0.045681669,-0.054925127,-0.064889189,-0.074971503,-0.08503595,-0.095217209,-0.104901483,-0.115217287,-0.11256649],"unit":"mW"},"J":{"value":[-0.022595309,-0.02625803,-0.026965952999999997,-0.026788074999999998,-0.026435128,-0.025538406,-0.024497821,-0.023378128,-0.022179949,-0.020928876,-0.019645036,-0.018333576999999997,-0.017014161,-0.01567883,-0.01433835,-0.013019714,-0.011706852,-0.010385251,-0.009128249,-0.00789824,-0.006707395,-0.0055527499999999995,-0.004488916,-0.00351527,-0.002619796,-0.0018327649999999999,-0.001136389,-0.000545959822,-5.2271089e-5,0.00037026655000000003,0.000734915908,0.001062273,0.0013716870000000001,0.001670178,0.001966329,0.002255458,0.002537098,0.002818114,0.003097725,0.003354868,0.0035981230000000004,0.003788328,0.003851521,0.004028619,0.0040969610000000005,0.004262512,0.004375012,0.004472377,0.00449703,0.004586280999999999,0.004680681,0.0047569809999999995,0.004838274,0.004909426,0.0049610719999999995,0.00502645,0.005080126,0.005104155000000001,0.005162979,0.005223208,0.0052659609999999996,0.005316828,0.005345226000000001,0.005377837000000001,0.005432292,0.005446804,0.005489713,0.00551577,0.005541984000000001,0.00555431,0.005587701,0.00562905,0.005658072,0.005675548,0.005684286,0.005688655,0.0056958320000000005,0.005719081,0.005734373,0.005749664,0.005655888,0.005697393,0.00574311,0.0057685440000000004,0.005762771,0.0057540329999999995,0.005797566,0.005804119,0.0058404749999999995,0.005854986,0.005846872,0.005884008,0.005878859,0.005906476999999999,0.005870121,0.005908661000000001,0.005947826,0.005976848000000001,0.00600665,0.006003062,0.006032864,0.00589415],"unit":"A\/cm2"},"power_density":{"value":[-33.892517,-38.940266,-39.532622,-38.815815,-37.854906,-36.137056,-34.247709,-32.284844,-30.25341,-28.190914,-26.127671,-24.071864,-22.050483,-20.05297,-18.09505,-16.20953,-14.375753,-12.576457,-10.899137,-9.296283,-7.780539,-6.346787,-5.054573,-3.898359,-2.860798,-1.97024,-1.20232,-0.568336174,-0.053525866,0.372860611,0.727548533,1.033582,1.31134,1.568285,1.812955,2.041169,2.25296,2.454536,2.645427,2.80803,2.950397,3.041993,3.027263,3.098038,3.080875,3.13289,3.141246,3.135059,3.075919,3.059027,3.042493,3.011172,2.98041,2.940769,2.887317,2.839947,2.783943,2.710386,2.653722,2.595988,2.52769,2.4616,2.383971,2.30717,2.238172,2.151455,2.075172,1.99125,1.906368,1.816234,1.732219,1.649232,1.561551,1.469979,1.375645,1.279836,1.184661,1.092343,0.99778096,0.90264275,0.791787137,0.700774691,0.608766654,0.513359058,0.414903145,0.316511966,0.220333005,0.121886147,0.023365951,-0.076120296,-0.1753837,-0.276500287,-0.376188881,-0.478342084,-0.575132225,-0.679467953,-0.78504192,-0.890428799,-0.997038837,-1.098445,-1.206464,-1.178707],"unit":"mW\/cm2"},"timestamps":{"value":[0.019,0.044,0.068,0.091,0.126,0.149,0.172,0.196,0.217,0.242,0.266,0.287,0.311,0.333,0.357,0.378,0.4,0.426,0.447,0.469,0.492,0.52,0.543,0.565,0.589,0.61,0.637,0.66,0.681,0.713,0.735,0.757,0.779,0.801,0.825,0.847,0.872,0.894,0.916,0.939,0.961,0.987,1.025,1.052,1.088,1.11,1.134,1.158,1.19,1.213,1.235,1.257,1.278,1.3,1.322,1.343,1.366,1.391,1.412,1.433,1.456,1.477,1.501,1.524,1.545,1.57,1.591,1.614,1.637,1.662,1.685,1.707,1.729,1.753,1.778,1.803,1.827,1.851,1.877,1.901,1.938,1.964,1.987,2.011,2.042,2.072,2.093,2.118,2.142,2.167,2.195,2.217,2.247,2.271,2.306,2.329,2.35,2.373,2.396,2.424,2.447,2.469],"unit":"s"},"p_max":{"unit":"mW","value":0.299988984},"v_p_max":{"unit":"V","value":0.717997074},"i_p_max":{"unit":"mA","value":0.417813659},"j_p_max":{"unit":"mA\/cm2","value":4.375012},"voc":{"unit":"V","value":1.021902},"isc":{"unit":"mA","value":0.558091462},"jsc":{"unit":"mA\/cm2","value":5.84389},"fill_factor":{"unit":"%","value":52.600585},"efficiency":{"unit":"%","value":3.141246},"r_s":{"unit":"ohms","value":208.822524},"r_sh":{"unit":"ohms","value":6132.219},"cell_dimension":{"value":0.09549999957955875,"unit":"cm2"},"sweep_direction":{"unit":"","value":"Reverse"},"key":"reverse6_1cell_231114"},{"V":{"value":[-0.199980497,-0.182991743,-0.165982246,-0.148975611,-0.131979942,-0.114997864,-0.097995281,-0.080988646,-0.063990116,-0.046991825,-0.029993296,-0.012997121,0.004003227,0.021002769,0.038004398,0.055002689,0.071990252,0.088995457,0.105996609,0.122995138,0.139992237,0.156989098,0.173997164,0.191000938,0.207978964,0.224976301,0.242012501,0.259003639,0.275991917,0.292980433,0.310008287,0.327000856,0.343986511,0.361010313,0.378005505,0.394989729,0.412013769,0.429011583,0.446002722,0.462988377,0.480000019,0.497010231,0.513990402,0.531011581,0.548013687,0.564981461,0.58197546,0.599029303,0.616006851,0.632997751,0.650012255,0.666989565,0.683986187,0.70098424,0.717991591,0.734986782,0.751986265,0.769007444,0.785987616,0.802992344,0.819983482,0.83700037,0.853992939,0.8709867,0.88800931,0.904993534,0.921976566,0.939007282,0.956006527,0.973007202,0.989984751,1.007006,1.024004,1.040984,1.058017,1.075011,1.09199,1.108977,1.126012,1.143,1.159989,1.177006,1.194001,1.210991,1.227975,1.244996,1.261998,1.278989,1.296008,1.312977,1.329982,1.346988,1.364002,1.380984,1.397987,1.415005,1.431988,1.448995,1.46602,1.482985,1.499984,1.499982],"unit":"V"},"I":{"value":[0.001033068,0.001083821,0.001060799,0.00103952,0.001017675,0.000998467207,0.000979527831,0.000962600112,0.000944375992,0.000928208232,0.000910520554,0.000894993544,0.000877588987,0.0008605271580000001,0.0008451342579999999,0.000827938318,0.0008105337620000001,0.000793531537,0.000776126981,0.000759482384,0.000741317868,0.000725716352,0.000707551837,0.00070039928,0.00068077445,0.000664070249,0.000646457076,0.0006284266710000001,0.0006099045279999999,0.00059145689,0.000574544072,0.000556021929,0.0005389600989999999,0.000526756048,0.000508099794,0.000492781401,0.000475853682,0.00045970082299999997,0.00044700503299999997,0.00043056905299999995,0.00041836500199999996,0.00040602684,0.000390768051,0.000378012657,0.00036205351400000004,0.000348255038,0.000337168574,0.000322252512,0.000308379531,0.00029554963099999996,0.000283002853,0.00027246773200000003,0.000259011984,0.000246673822,0.00023405253900000002,0.00022739172,0.00021442770999999998,0.000201031566,0.00019057095099999998,0.000178843737,0.000164911151,0.000161722302,0.000147223473,0.000134110451,0.000117883086,0.00010110437899999999,8.265674100000001e-5,6.206333599999999e-5,3.8072467e-5,1.2129545e-5,-1.5869737e-5,-4.9576163e-5,-8.966028700000001e-5,-0.000134393573,-0.00018522143399999998,-0.000237166882,-0.00029908120599999997,-0.00036697089700000004,-0.000441178679,-0.0005207806830000001,-0.0006070584060000001,-0.000699564815,-0.000796929002,-0.000903308392,-0.001007527,-0.0011184810000000002,-0.001233608,-0.001352593,-0.001476452,-0.001604185,-0.001731649,-0.001865551,-0.0020027910000000003,-0.002142325,-0.002283305,-0.002427474,-0.0025733709999999996,-0.002720535,-0.002870664,-0.00302121,-0.0031741259999999998,-0.003174052],"unit":"A"},"resistance":{"value":[-193.579275,-168.839442,-156.469117,-143.311936,-129.687737,-115.174402,-100.043386,-84.135296,-67.759152,-50.626383,-32.940822,-14.522027,4.561619,24.406864,44.968475,66.433318,88.818326,112.151128,136.57122,161.946005,188.842389,216.322944,245.914369,272.702934,305.50348,338.783889,374.367471,412.14616,452.516589,495.353824,539.572685,588.107842,638.241146,685.346308,743.959176,801.551618,865.841298,933.240843,997.757717,1075.294,1147.324,1224.082,1315.334,1404.746,1513.626,1622.321,1726.067,1858.882,1997.561,2141.765,2296.84,2447.958,2640.751,2841.746,3067.651,3232.25,3506.945,3825.307,4124.383,4489.91,4972.274,5175.541,5800.657,6494.548,7532.966,8951.082,11154.282,15129.823,25110.181,80217.946,-62381.927,-20312.301,-11420.929,-7745.786,-5712.176,-4532.721,-3651.149,-3021.976,-2552.281,-2194.783,-1910.835,-1682.483,-1498.253,-1340.617,-1218.801,-1113.113,-1023.014,-945.583061,-877.785291,-818.470113,-768.043508,-722.032286,-681.050854,-644.619188,-612.264752,-582.91279,-556.464076,-532.613895,-510.690164,-490.857904,-472.566053,-472.576319],"unit":"ohms"},"conductance":{"value":[-0.005165842,-0.005922787,-0.006391038,-0.006977786,-0.007710829,-0.008682485,-0.009995663,-0.011885618,-0.014758154,-0.019752547,-0.030357469,-0.068860909,0.219220404,0.04097208,0.022237801,0.015052688,0.011258938,0.00891654,0.007322187,0.006174898,0.005295421,0.004622718,0.004066456,0.003666994,0.003273285,0.002951734,0.002671172,0.002426324,0.002209864,0.002018759,0.001853318,0.001700368,0.001566806,0.001459116,0.00134416,0.00124758,0.001154946,0.001071535,0.001002247,0.000929978104,0.000871593719,0.000816938596,0.000760263323,0.000711872717,0.000660665093,0.000616400825,0.000579351876,0.000537957844,0.000500610554,0.000466904709,0.000435380797,0.000408503741,0.000378680138,0.000351896389,0.000325982284,0.000309382053,0.000285148439,0.000261416931,0.0002424605,0.000222721596,0.000201115211,0.000193216524,0.00017239425,0.000153975314,0.000132749831,0.000111718344,8.9651672e-5,6.6094627e-5,3.9824484e-5,1.2466038e-5,-1.6030284e-5,-4.9231253e-5,-8.7558554e-5,-0.000129102449,-0.000175064623,-0.000220618045,-0.000273886398,-0.000330909361,-0.000391806427,-0.000455625999,-0.000523331336,-0.000594359717,-0.000667444189,-0.000745925147,-0.000820478594,-0.000898381276,-0.000977503418,-0.001057549,-0.001139231,-0.001221792,-0.00130201,-0.00138498,-0.001468319,-0.001551303,-0.00163328,-0.001715522,-0.001797061,-0.001877533,-0.001958134,-0.002037249,-0.002116106,-0.00211606],"unit":"S"},"power":{"value":[-0.206593393,-0.198330305,-0.176073762,-0.154863113,-0.134312662,-0.114821596,-0.095989105,-0.077959679,-0.060430729,-0.043618199,-0.027309512,-0.011632339,0.003513188,0.018073454,0.032118819,0.045538834,0.058350529,0.070620702,0.082266828,0.093412641,0.103778747,0.113929555,0.123112013,0.13377692,0.141586765,0.149400068,0.156450694,0.162764795,0.16832872,0.173285295,0.178113424,0.181819647,0.185395004,0.190164366,0.192064519,0.194643592,0.196058269,0.197216978,0.199365462,0.199348467,0.200815209,0.201799494,0.200851028,0.200729099,0.198410281,0.19675764,0.196223836,0.193038698,0.189963904,0.187082252,0.183955323,0.181733134,0.177160619,0.172914462,0.168047755,0.167129908,0.161246692,0.154594771,0.149786407,0.143610151,0.13522442,0.135361627,0.125727806,0.116808419,0.104681278,0.091498809,0.076207578,0.058277925,0.036397527,0.011802135,-0.015710797,-0.04992349,-0.091812469,-0.139901548,-0.195967517,-0.254957067,-0.326593685,-0.406962313,-0.49677242,-0.59525251,-0.704180856,-0.823391822,-0.951533993,-1.093898,-1.237218,-1.392505,-1.55681,-1.729952,-1.913493,-2.106257,-2.303062,-2.512875,-2.731811,-2.958516,-3.192031,-3.434888,-3.685038,-3.94204,-4.20845,-4.48041,-4.761139,-4.761019],"unit":"mW"},"J":{"value":[0.010817463,0.011348912000000001,0.011107839999999999,0.010885025000000001,0.010656281,0.010455154,0.010256836,0.010079582,0.009888754000000001,0.009719458,0.009534247000000001,0.00937166,0.009189413,0.009010756,0.008849573,0.008669511,0.008487265,0.008309231,0.008126984,0.007952695000000001,0.007762491,0.007599124,0.00740892,0.007334024000000001,0.007128528,0.006953615,0.006769184,0.006580384,0.006386434999999999,0.006193266,0.0060161680000000006,0.005822219,0.005643561,0.00551577,0.005320417,0.005160015,0.004982761,0.0048136210000000006,0.004680681,0.004508575999999999,0.004380785000000001,0.00425159,0.004091812,0.003958248,0.0037911359999999996,0.00364665,0.003530561,0.003374372,0.003229105,0.003094761,0.002963381,0.002853065,0.002712167,0.002582972,0.002450812,0.002381065,0.002245316,0.002105043,0.001995507,0.001872709,0.001726818,0.001693427,0.001541607,0.001404298,0.001234378,0.0010586850000000002,0.000865515614,0.000649877868,0.000398664574,0.00012701094499999998,-0.000166175253,-0.000519122129,-0.0009388511720000001,-0.001407263,-0.001939491,-0.0024834230000000002,-0.00313174,-0.003842627,-0.004619671999999999,-0.0054532009999999995,-0.006356633,-0.007325286,-0.008344806,-0.009458727,-0.010550022000000001,-0.011711845,-0.012917356,-0.014163281,-0.015460228000000001,-0.016797744,-0.018132451,-0.019534564,-0.020971629,-0.022432722999999998,-0.023908952,-0.025418572,-0.026946292,-0.028487275,-0.030059309,-0.031635711000000004,-0.033236922999999995,-0.033236142999999996],"unit":"A\/cm2"},"power_density":{"value":[-2.163282,-2.076757,-1.843704,-1.621603,-1.406415,-1.20232,-1.005122,-0.81633172,-0.632782507,-0.456735067,-0.285963478,-0.121804597,0.036787306,0.189250822,0.336322712,0.476846431,0.611000308,0.739483786,0.861432753,0.978142835,1.086688,1.19298,1.289131,1.400805,1.482584,1.564399,1.638227,1.704343,1.762604,1.814506,1.865062,1.903871,1.941309,1.99125,2.011147,2.038153,2.052966,2.065099,2.087596,2.087418,2.102777,2.113084,2.103152,2.101875,2.077595,2.060289,2.0547,2.021348,1.989151,1.958976,1.926234,1.902965,1.855085,1.810623,1.759662,1.750051,1.688447,1.618793,1.568444,1.503771,1.415963,1.417399,1.316522,1.223125,1.096139,0.958102712,0.797985114,0.61024005,0.381125935,0.123582564,-0.164510967,-0.522759062,-0.961387115,-1.464938,-2.052016,-2.669708,-3.419829,-4.261385,-5.201805,-6.233011,-7.373622,-8.621904,-9.963707,-11.45443,-12.955162,-14.581201,-16.30168,-18.114685,-20.036573,-22.055052,-24.115829,-26.312823,-28.605349,-30.979228,-33.424407,-35.967418,-38.58678,-41.277909,-44.067544,-46.915286,-49.854862,-49.853604],"unit":"mW\/cm2"},"timestamps":{"value":[0.019,0.05,0.074,0.097,0.122,0.146,0.169,0.192,0.214,0.237,0.259,0.287,0.309,0.332,0.355,0.378,0.4,0.422,0.444,0.465,0.487,0.511,0.547,0.575,0.597,0.623,0.648,0.67,0.694,0.716,0.738,0.759,0.781,0.808,0.829,0.852,0.873,0.895,0.919,0.94,0.965,0.99,1.012,1.036,1.058,1.08,1.105,1.126,1.148,1.17,1.192,1.216,1.237,1.26,1.281,1.311,1.333,1.355,1.379,1.404,1.425,1.463,1.487,1.513,1.535,1.559,1.581,1.603,1.624,1.647,1.674,1.698,1.72,1.743,1.764,1.794,1.819,1.842,1.866,1.89,1.913,1.935,1.957,1.972,1.998,2.022,2.047,2.07,2.094,2.115,2.148,2.17,2.192,2.216,2.24,2.263,2.285,2.309,2.331,2.359,2.381,2.402],"unit":"s"},"p_max":{"unit":"mW","value":0.201799494},"v_p_max":{"unit":"V","value":0.497010231},"i_p_max":{"unit":"mA","value":0.40602684},"j_p_max":{"unit":"mA\/cm2","value":4.25159},"voc":{"unit":"V","value":0.980362032},"isc":{"unit":"mA","value":0.881687397},"jsc":{"unit":"mA\/cm2","value":9.232329},"fill_factor":{"unit":"%","value":23.346348},"efficiency":{"unit":"%","value":2.113084},"r_s":{"unit":"ohms","value":251.359422},"r_sh":{"unit":"ohms","value":1015.144},"cell_dimension":{"value":0.09550002620762374,"unit":"cm2"},"sweep_direction":{"unit":"","value":"Forward"},"key":"forward6_4cell_231114"},{"V":{"value":[-0.199980497,-0.182988882,-0.165991783,-0.148986578,-0.131982565,-0.114996433,-0.097995281,-0.080988646,-0.063987494,-0.046990395,-0.029994726,-0.012996137,0.004003108,0.020998538,0.038005829,0.055001497,0.071976662,0.088980436,0.105996609,0.123000622,0.139992237,0.156989098,0.173997164,0.190999746,0.207988501,0.224980354,0.24201107,0.258999348,0.275990486,0.292981625,0.310008287,0.326999426,0.343986511,0.361012936,0.378009558,0.394991159,0.412012339,0.428996563,0.44601512,0.462984324,0.480010986,0.497010231,0.513993263,0.531014204,0.548008204,0.565000534,0.58198905,0.599011421,0.61600399,0.632997751,0.650009394,0.666992426,0.683982134,0.700981379,0.717999935,0.734988213,0.751990318,0.769008636,0.785980701,0.80297184,0.819980621,0.836997747,0.853991508,0.870984077,0.888006687,0.904994965,0.921984673,0.939012766,0.956012011,0.973003149,0.989985943,1.007009,1.024004,1.040985,1.058013,1.075008,1.091991,1.10898,1.126027,1.143003,1.15999,1.177008,1.194002,1.210988,1.227976,1.244995,1.261997,1.278985,1.296001,1.312996,1.329986,1.346987,1.364004,1.380982,1.397989,1.41501,1.431994,1.448999,1.466021,1.482967,1.499989,1.499984],"unit":"V"},"I":{"value":[0.000923141837,0.000893324614,0.0008630305529999999,0.000837430358,0.000815168023,0.000793889165,0.000773712993,0.0007548481230000001,0.00073723495,0.000719815493,0.000703528523,0.000688195229,0.000671759248,0.0006556808950000001,0.000641047955,0.000626206398,0.000610604882,0.0005992949010000001,0.0005824416879999999,0.000567808747,0.000552758574,0.000538900495,0.000524267554,0.000510111451,0.000496804714,0.00048314034900000003,0.00047211349,0.000458180904,0.000445827842,0.000432789326,0.00041885674000000003,0.000407829881,0.000394299626,0.000382170081,0.000370249152,0.000363513827,0.000351041555,0.000338822603,0.000341743231,0.000327393413,0.000316008925,0.000305756927,0.00029402971300000004,0.000287368894,0.000276759267,0.000266224146,0.000256299973,0.000247642398,0.00023855269,0.00022932887099999999,0.000219270587,0.00020998716400000002,0.00020249187900000002,0.000193819404,0.000184878707,0.00017558038200000001,0.000166922808,0.00015754997700000002,0.000148817897,0.00014077127000000002,0.000130787492,0.000120311975,0.00010977685500000001,9.9718571e-5,9.341538000000001e-5,8.1971288e-5,6.6921115e-5,5.1036476999999995e-5,3.3140181999999996e-5,1.4215708e-5,-7.271767e-6,-2.8640031999999998e-5,-5.762279e-5,-8.9108944e-5,-0.000123918056,-0.00016288459299999998,-0.00019825995,-0.000243887305,-0.000293880701,-0.000346660614,-0.000402763486,-0.00046253204300000003,-0.000524744391,-0.000590339303,-0.0006583034989999999,-0.000728413463,-0.0007997751239999999,-0.0008761882779999999,-0.000954553485,-0.001034513,-0.0011172439999999999,-0.001201361,-0.001286581,-0.001374438,-0.001463279,-0.001553982,-0.0016452370000000001,-0.001742467,-0.001844063,-0.001942739,-0.0020428,-0.002043292],"unit":"A"},"resistance":{"value":[-216.630305,-204.8403,-192.335929,-177.909215,-161.908418,-144.852,-126.655856,-107.291312,-86.793896,-65.281166,-42.634698,-18.884376,5.95914,32.025544,59.287029,87.832857,117.877639,148.47521,181.986645,216.62333,253.261086,291.313701,331.886195,374.427482,418.65243,465.662524,512.612063,565.277481,619.051706,676.9613,740.129638,801.8035,872.398776,944.639451,1020.96,1086.592,1173.685,1266.139,1305.118,1414.153,1518.979,1625.508,1748.1,1847.849,1980.09,2122.274,2270.734,2418.856,2582.255,2760.218,2964.417,3176.349,3377.825,3616.673,3883.627,4186.05,4505.018,4881.046,5281.493,5704.089,6269.565,6956.895,7779.34,8734.422,9506.001,11040.39,13777.186,18398.855,28847.518,68445.635,-136141.049,-35160.874,-17770.811,-11682.165,-8538.007,-6599.816,-5507.877,-4547.1,-3831.578,-3297.182,-2880.078,-2544.707,-2275.398,-2051.342,-1865.365,-1709.187,-1577.939,-1459.715,-1357.704,-1269.192,-1190.416,-1121.217,-1060.177,-1004.761,-955.380645,-910.569933,-870.387537,-831.578706,-794.995063,-763.338493,-734.280604,-734.101792],"unit":"ohms"},"conductance":{"value":[-0.004616159,-0.004881852,-0.005199237,-0.005620844,-0.006176331,-0.006903598,-0.007895411,-0.009320419,-0.011521548,-0.015318354,-0.023455074,-0.052953829,0.167809443,0.031225074,0.016867096,0.011385261,0.008483373,0.006735131,0.005494909,0.004616308,0.003948494,0.003432726,0.003013081,0.002670744,0.002388616,0.002147478,0.001950793,0.001769043,0.001615374,0.001477189,0.001351115,0.001247188,0.001146265,0.001058605,0.000979470346,0.000920308768,0.000852017094,0.000789802606,0.000766214453,0.000707137145,0.00065833686,0.00061519242,0.00057204974,0.000541169881,0.000505027598,0.000471192733,0.000440386245,0.000413418491,0.000387258351,0.000362290182,0.000337334489,0.000314826909,0.000296048492,0.000276497222,0.000257491259,0.000238888705,0.000221974677,0.000204874133,0.000189340395,0.000175312835,0.000159500711,0.000143742293,0.000128545604,0.000114489545,0.000105196707,9.0576513e-5,7.2583761e-5,5.4351207e-5,3.4665027e-5,1.4610135e-5,-7.345323e-6,-2.8440704e-5,-5.627205e-5,-8.5600575e-5,-0.000117123356,-0.000151519369,-0.000181558156,-0.000219920394,-0.000260989066,-0.000303289333,-0.000347212873,-0.000392972597,-0.000439483535,-0.000487485657,-0.000536088105,-0.000585073573,-0.000633737865,-0.000685065187,-0.000736537639,-0.000787902628,-0.000840042288,-0.000891888218,-0.000943238789,-0.000995261349,-0.001046703,-0.001098213,-0.001148914,-0.001202532,-0.001257869,-0.001310035,-0.001361877,-0.001362209],"unit":"S"},"power":{"value":[-0.184610364,-0.163468472,-0.14325598,-0.124765883,-0.107587967,-0.091294422,-0.075820222,-0.061134127,-0.047173817,-0.033824414,-0.021102145,-0.00894388,0.002689125,0.01376834,0.024363559,0.034442289,0.043949301,0.053325522,0.061736844,0.069840829,0.077381909,0.084601502,0.091221068,0.097431158,0.103329668,0.108697087,0.114256691,0.118668555,0.123044243,0.12679932,0.129849061,0.133360137,0.135633753,0.137968343,0.139957718,0.143584748,0.144633452,0.145353732,0.152422648,0.151578018,0.151687756,0.151964321,0.151129292,0.152596964,0.151666349,0.150416785,0.149163778,0.148340625,0.146949409,0.145164659,0.142527941,0.140059848,0.138500828,0.135863793,0.1327429,0.129049511,0.125524335,0.121157293,0.116967995,0.113035366,0.107243209,0.100700852,0.093748502,0.086853287,0.082953482,0.074183603,0.061700242,0.047923904,0.031682412,0.013831928,-0.007198947,-0.028840757,-0.059005953,-0.092761105,-0.13110694,-0.175102304,-0.216498165,-0.270466129,-0.330917566,-0.396234117,-0.467201645,-0.544404096,-0.626546057,-0.714893838,-0.80838111,-0.906870857,-1.009314,-1.120632,-1.237102,-1.358312,-1.485919,-1.618218,-1.754901,-1.898075,-2.045647,-2.1989,-2.35597,-2.524833,-2.703436,-2.881018,-3.064177,-3.064906],"unit":"mW"},"J":{"value":[0.009666407,0.009354184,0.009036968999999999,0.008768904,0.008535791,0.008312976000000001,0.008101707,0.007904168999999999,0.007719738,0.007537335,0.007366791,0.007206233,0.007034128,0.006865769,0.006712544,0.0065571349999999995,0.006393767999999999,0.006275339,0.0060988660000000005,0.005945641,0.005788048,0.005642937,0.005489713,0.005341481,0.005202144,0.005059061,0.004943596999999999,0.004797706,0.0046683539999999996,0.004531825000000001,0.004385934,0.00427047,0.004128792,0.004001781,0.003876954,0.0038064279999999997,0.003675828,0.0035478809999999997,0.003578463,0.003428203,0.003308994,0.0032016429999999997,0.0030788449999999998,0.003009098,0.002898003,0.002787687,0.002683769,0.002593114,0.002497934,0.002401349,0.002296027,0.002198818,0.002120334,0.002029523,0.0019359029999999999,0.001838538,0.001747883,0.001649738,0.001558303,0.001474045,0.001369503,0.001259811,0.001149496,0.001044174,0.000978171513,0.000858338091,0.0007007446590000001,0.000534413373,0.00034701761800000005,0.000148855579,-7.6144154e-5,-0.000299895621,-0.000603380004,-0.000933077947,-0.001297571,-0.001705598,-0.00207602,-0.002553794,-0.003077285,-0.0036299540000000003,-0.004217418999999999,-0.004843267,-0.005494706,-0.006181562999999999,-0.00689323,-0.007627366,-0.008374609,-0.009174746000000001,-0.009995324,-0.010832598,-0.011698894,-0.012579701,-0.013472054,-0.014392025000000001,-0.015322295,-0.016272068,-0.017227615,-0.018245730999999998,-0.019309564,-0.020342816,-0.021390578,-0.021395727],"unit":"A\/cm2"},"power_density":{"value":[-1.933093,-1.711712,-1.500063,-1.306449,-1.126576,-0.955962538,-0.793929029,-0.640147927,-0.493966666,-0.354182346,-0.220964874,-0.093653189,0.028158372,0.144171098,0.255115799,0.360652246,0.460202105,0.558382427,0.646459096,0.731317581,0.810281774,0.885879606,0.955194424,1.020222,1.081986,1.138189,1.196405,1.242603,1.288421,1.327742,1.359676,1.396441,1.420249,1.444695,1.465526,1.503505,1.514486,1.522029,1.596049,1.587204,1.588353,1.591249,1.582506,1.597874,1.588129,1.575045,1.561924,1.553305,1.538737,1.520049,1.492439,1.466595,1.45027,1.422658,1.389978,1.351304,1.314391,1.268663,1.224796,1.183616,1.122966,1.054459,0.981659702,0.909458506,0.868622845,0.776791651,0.646075835,0.501820979,0.33175301,0.144836947,-0.075381642,-0.301997455,-0.617863383,-0.971320469,-1.372848,-1.833532,-2.266996,-2.832106,-3.465105,-4.149048,-4.892164,-5.700566,-6.560692,-7.485799,-8.464724,-9.49603,-10.568729,-11.734365,-12.95395,-14.22316,-15.559363,-16.944687,-18.375931,-19.875133,-21.420392,-23.025135,-24.66984,-26.43804,-28.308233,-30.167732,-32.085622,-32.093254],"unit":"mW\/cm2"},"timestamps":{"value":[0.032,0.057,0.081,0.103,0.125,0.147,0.17,0.193,0.215,0.238,0.26,0.285,0.307,0.328,0.354,0.379,0.4,0.433,0.456,0.478,0.501,0.525,0.546,0.568,0.592,0.614,0.641,0.663,0.688,0.711,0.731,0.756,0.778,0.799,0.822,0.849,0.872,0.893,0.93,0.953,0.978,1.002,1.024,1.053,1.076,1.099,1.121,1.146,1.169,1.192,1.213,1.235,1.26,1.282,1.305,1.326,1.349,1.371,1.394,1.419,1.44,1.462,1.483,1.506,1.543,1.571,1.592,1.615,1.636,1.661,1.685,1.718,1.74,1.763,1.786,1.808,1.844,1.87,1.893,1.916,1.94,1.963,1.987,2.01,2.034,2.06,2.089,2.111,2.134,2.157,2.178,2.2,2.222,2.246,2.268,2.29,2.314,2.337,2.36,2.381,2.404,2.433],"unit":"s"},"p_max":{"unit":"mW","value":0.152596964},"v_p_max":{"unit":"V","value":0.531014204},"i_p_max":{"unit":"mA","value":0.287368894},"j_p_max":{"unit":"mA\/cm2","value":3.009098},"voc":{"unit":"V","value":0.984238645},"isc":{"unit":"mA","value":0.675629714},"jsc":{"unit":"mA\/cm2","value":7.074657},"fill_factor":{"unit":"%","value":22.947572},"efficiency":{"unit":"%","value":1.597874},"r_s":{"unit":"ohms","value":377.162389},"r_sh":{"unit":"ohms","value":1171.936},"cell_dimension":{"value":0.09549999674129177,"unit":"cm2"},"sweep_direction":{"unit":"","value":"Forward"},"key":"forward6_3cell_231114"},{"V":{"value":[-0.199981928,-0.182986259,-0.165995836,-0.148982525,-0.131983995,-0.114999294,-0.097995281,-0.080988646,-0.063990116,-0.046990395,-0.029994726,-0.012993604,0.004001111,0.021000654,0.038002968,0.055002689,0.071975231,0.088977814,0.105984449,0.122999191,0.139992237,0.156993389,0.174001217,0.190995693,0.207995415,0.224977732,0.242013693,0.259002209,0.275987864,0.292984486,0.310008287,0.326995373,0.343989134,0.361012936,0.378009558,0.39499259,0.412019253,0.429015636,0.445998669,0.46299386,0.480005503,0.497012854,0.513994455,0.531013012,0.548014879,0.564999342,0.581984997,0.599014282,0.616005421,0.632996559,0.650009394,0.666995049,0.683983564,0.700981379,0.717997074,0.73498559,0.751988888,0.769008636,0.785990238,0.803004503,0.819980621,0.837003231,0.853990316,0.870989561,0.888005257,0.904992342,0.921988726,0.939011335,0.956006527,0.973008633,0.989987373,1.007009,1.024005,1.040985,1.058019,1.075013,1.091991,1.10898,1.126024,1.142982,1.159989,1.177007,1.194004,1.210992,1.227978,1.244996,1.261997,1.278986,1.296002,1.312996,1.329994,1.346988,1.363999,1.380986,1.397987,1.415007,1.431995,1.448993,1.466007,1.482978,1.499969,1.499986],"unit":"V"},"I":{"value":[0.000872939825,0.000898733735,0.0008697509770000001,0.000843405724,0.0008175969119999999,0.000795200467,0.000773563981,0.000754073262,0.000734806061,0.000716909766,0.000699996948,0.000684455037,0.000667467713,0.000651583076,0.000635847449,0.0006300807,0.000611498952,0.000594511628,0.000579193234,0.000562891364,0.000547289848,0.0005336254839999999,0.0005178153509999999,0.000505268574,0.000492289662,0.000478491187,0.000464901328,0.000450611115,0.000437989831,0.000424399972,0.000413581729,0.00040179491,0.000390082598,0.000378698111,0.000368580222,0.000358521938,0.00034736096900000004,0.00033515691800000005,0.00032551586599999997,0.000315949321,0.00030609965300000004,0.000294730067,0.00028716027700000004,0.000275656581,0.00026760995399999996,0.00025700032699999995,0.000247493386,0.000238627195,0.000229880214,0.000222250819,0.000214904547,0.000206932425,0.000199303031,0.00020463764700000002,0.000191122293,0.00018155574799999998,0.00017239153400000002,0.00016269087800000002,0.00015193223999999998,0.000143200159,0.000134676695,0.000153467059,0.000136062503,0.000120669603,0.000105261803,9.022653099999999e-5,7.5310469e-5,5.8457255e-5,4.0218234e-5,1.8924475e-5,-5.125999e-6,-3.2305717e-5,-6.2614679e-5,-9.9226832e-5,-0.00014090538,-0.000186815858,-0.000238478184,-0.00029575824699999996,-0.000358730555,-0.000424459577,-0.000500544906,-0.000584095716,-0.000671550632,-0.000762537122,-0.000862881541,-0.000967234373,-0.001077637,-0.001190886,-0.001309529,-0.001431867,-0.001557037,-0.001685113,-0.001817361,-0.00195314,-0.002091631,-0.002232328,-0.002374768,-0.002520055,-0.002666861,-0.0028147099999999998,-0.002965808,-0.00296782],"unit":"A"},"resistance":{"value":[-229.090164,-203.60453,-190.854441,-176.643958,-161.429175,-144.616734,-126.680254,-107.401561,-87.084361,-65.545759,-42.849796,-18.983868,5.994463,32.230201,59.76743,87.294674,117.702951,149.665388,182.986339,218.513197,255.791766,294.201446,336.029468,378.008258,422.50616,470.181558,520.570018,574.779894,630.123907,690.349917,749.569591,813.836523,881.836657,953.300071,1025.583,1101.725,1186.141,1280.044,1370.129,1465.405,1568.135,1686.332,1789.922,1926.357,2047.812,2198.438,2351.517,2510.252,2679.68,2848.118,3024.642,3223.251,3431.877,3425.476,3756.742,4048.264,4362.099,4726.809,5173.295,5607.567,6088.512,5453.96,6276.456,7217.97,8436.159,10030.224,12242.504,16063.213,23770.475,51415.357,-193130.605,-31171.218,-16354.075,-10490.966,-7508.717,-5754.397,-4578.999,-3749.616,-3138.914,-2692.795,-2317.452,-2015.093,-1777.98,-1588.109,-1423.113,-1287.171,-1171.078,-1073.979,-989.670486,-916.981611,-854.182504,-799.345914,-750.53868,-707.059669,-668.371683,-633.870488,-603.004267,-574.984851,-549.712779,-526.867162,-505.754009,-505.416741],"unit":"ohms"},"conductance":{"value":[-0.004365094,-0.004911482,-0.005239595,-0.005661105,-0.006194667,-0.006914829,-0.00789389,-0.009310852,-0.011483118,-0.015256517,-0.023337334,-0.052676304,0.166820603,0.0310268,0.016731521,0.011455453,0.008495964,0.006681572,0.005464889,0.004576383,0.00390943,0.003399032,0.002975929,0.002645445,0.002366829,0.002126838,0.001920971,0.001739796,0.001586989,0.001448541,0.001334099,0.001228748,0.001133997,0.001048988,0.000975055298,0.000907667504,0.00084306975,0.000781223082,0.000729858381,0.00068240499,0.0006377003,0.000593002907,0.000558683609,0.00051911455,0.000488326073,0.000454868365,0.000425257331,0.000398366454,0.000373178881,0.000351109048,0.000330617602,0.00031024582,0.000291385702,0.000291930218,0.000266188123,0.000247019466,0.000229247449,0.000211559234,0.000193300415,0.000178330456,0.000164243753,0.000183353007,0.00015932558,0.000138543111,0.000118537364,9.9698668e-5,8.1682635e-5,6.2254047e-5,4.2068995e-5,1.9449442e-5,-5.177843e-6,-3.2080877e-5,-6.1146839e-5,-9.5320105e-5,-0.000133178537,-0.000173780143,-0.00021838833,-0.000266693956,-0.000318581554,-0.000371361401,-0.000431508454,-0.000496255108,-0.000562436028,-0.000629679684,-0.000702684995,-0.000776897531,-0.000853914307,-0.000931116899,-0.001010437,-0.001090534,-0.00117071,-0.001251023,-0.001332376,-0.001414308,-0.001496174,-0.001577609,-0.001658363,-0.001739176,-0.001819132,-0.001898012,-0.001977246,-0.001978565],"unit":"S"},"power":{"value":[-0.174572189,-0.164455924,-0.144375041,-0.125652714,-0.107909707,-0.091447493,-0.07580562,-0.061071372,-0.047020325,-0.033687873,-0.020996217,-0.008893538,0.002670612,0.01368367,0.02416409,0.034656133,0.044012778,0.052898345,0.061385476,0.069235183,0.07661633,0.083775673,0.090100501,0.096504122,0.102393992,0.107649862,0.112512487,0.116709274,0.120879878,0.124342607,0.128213763,0.131385077,0.134184175,0.136714917,0.139326847,0.141613509,0.143119407,0.143787558,0.145179643,0.146282596,0.146929518,0.146484632,0.14759879,0.146377231,0.146654237,0.145205016,0.144037438,0.142941098,0.141607458,0.140684004,0.139689974,0.138022903,0.136319998,0.14344718,0.137225248,0.133440859,0.129636518,0.12511069,0.119417257,0.114990373,0.11043228,0.128452424,0.11619606,0.105101965,0.093473034,0.08165432,0.069435403,0.054892025,0.038448894,0.018413677,-0.005074675,-0.032532134,-0.064117756,-0.103293678,-0.149080525,-0.200829417,-0.260416132,-0.327989964,-0.403939302,-0.485149861,-0.580626405,-0.687484724,-0.80183386,-0.923426429,-1.059599,-1.204203,-1.359974,-1.523127,-1.697152,-1.880036,-2.07085,-2.269827,-2.478879,-2.69726,-2.924074,-3.15876,-3.400657,-3.651542,-3.909638,-4.174154,-4.448621,-4.451687],"unit":"mW"},"J":{"value":[0.009140731000000001,0.009410824,0.00910734,0.008831474,0.008561224,0.008326706,0.008100146,0.007896054999999999,0.007694304,0.007506909,0.007329811,0.007167068,0.006989191,0.0068228590000000006,0.006658088,0.006597704,0.00640313,0.006225253,0.006064851,0.00589415,0.005730784,0.005587701,0.005422150000000001,0.00529077,0.005154866,0.005010379000000001,0.004868077,0.004718441,0.004586280999999999,0.004443979,0.004330699,0.004207277000000001,0.004084635,0.003965425,0.003859479,0.0037541560000000002,0.003637288,0.003509497,0.003408543,0.00330837,0.003205232,0.003086179,0.0030069140000000003,0.002886456,0.002802198,0.002691103,0.002591554,0.002498714,0.0024071229999999997,0.0023272339999999996,0.0022503090000000003,0.002166832,0.0020869430000000004,0.002142803,0.002001281,0.0019011070000000002,0.001805147,0.001703569,0.001590914,0.001499478,0.0014102269999999998,0.001606985,0.001424738,0.0012635559999999999,0.0011022179999999999,0.00094478043,0.0007885912950000001,0.000612117857,0.000421133341,0.00019816203900000002,-5.3675386999999995e-5,-0.00033827976399999996,-0.000655651093,-0.001039024,-0.001475449,-0.001956187,-0.002497154,-0.003096945,-0.003756341,-0.004444603,-0.005241308,-0.006116186,-0.007031944,-0.007984682,-0.009035409,-0.010128109,-0.011284157999999999,-0.012470008999999999,-0.013712344999999999,-0.014993377,-0.016304055,-0.017645159,-0.019029953,-0.020451727000000003,-0.021901898,-0.023375163,-0.024866682999999997,-0.026388006000000002,-0.027925244,-0.029473405,-0.03105558,-0.031076645],"unit":"A\/cm2"},"power_density":{"value":[-1.827981,-1.722052,-1.511781,-1.315735,-1.129945,-0.957565367,-0.793776124,-0.639490808,-0.492359426,-0.352752595,-0.219855673,-0.093126049,0.027964526,0.143284507,0.253027122,0.362891445,0.46086679,0.553909371,0.642779854,0.724975734,0.802265238,0.87723218,0.943460746,1.010514,1.072188,1.127224,1.178141,1.222087,1.265758,1.302017,1.342552,1.37576,1.40507,1.43157,1.45892,1.482864,1.498633,1.505629,1.520206,1.531755,1.538529,1.53387,1.545537,1.532746,1.535646,1.520471,1.508245,1.496765,1.482801,1.473131,1.462722,1.445266,1.427435,1.502065,1.436914,1.397286,1.35745,1.31006,1.250442,1.204088,1.156359,1.345052,1.216713,1.100544,0.978775226,0.855019054,0.727072283,0.574785607,0.402606223,0.192813375,-0.053137955,-0.340650616,-0.671390112,-1.081609,-1.561053,-2.102926,-2.72687,-3.43445,-4.229731,-5.080103,-6.079858,-7.198793,-8.396166,-9.669387,-11.095281,-12.609455,-14.240571,-15.948973,-17.771229,-19.686246,-21.684294,-23.767817,-25.956844,-28.243558,-30.618572,-33.076016,-35.608976,-38.236042,-40.938617,-43.708421,-46.582415,-46.614523],"unit":"mW\/cm2"},"timestamps":{"value":[0.018,0.045,0.068,0.092,0.115,0.138,0.161,0.185,0.208,0.23,0.253,0.278,0.301,0.324,0.348,0.394,0.421,0.447,0.471,0.495,0.518,0.542,0.564,0.588,0.613,0.636,0.659,0.681,0.704,0.725,0.75,0.773,0.796,0.819,0.844,0.868,0.893,0.914,0.938,0.961,0.984,1.006,1.031,1.052,1.076,1.097,1.118,1.14,1.162,1.185,1.209,1.232,1.255,1.292,1.315,1.339,1.363,1.387,1.408,1.432,1.458,1.553,1.574,1.597,1.618,1.639,1.663,1.684,1.707,1.729,1.75,1.772,1.797,1.818,1.839,1.862,1.886,1.91,1.936,1.968,1.993,2.014,2.04,2.07,2.091,2.115,2.137,2.161,2.183,2.206,2.23,2.265,2.29,2.312,2.335,2.356,2.38,2.402,2.425,2.447,2.471,2.492],"unit":"s"},"p_max":{"unit":"mW","value":0.14759879},"v_p_max":{"unit":"V","value":0.513994455},"i_p_max":{"unit":"mA","value":0.287160277},"j_p_max":{"unit":"mA\/cm2","value":3.006914},"voc":{"unit":"V","value":0.986368608},"isc":{"unit":"mA","value":0.671467084},"jsc":{"unit":"mA\/cm2","value":7.031069},"fill_factor":{"unit":"%","value":22.285318},"efficiency":{"unit":"%","value":1.545537},"r_s":{"unit":"ohms","value":266.769781},"r_sh":{"unit":"ohms","value":1155.297},"cell_dimension":{"value":0.0955000015863064,"unit":"cm2"},"sweep_direction":{"unit":"","value":"Forward"},"key":"forward6_2cell_231114"},{"V":{"value":[-0.199972391,-0.182986259,-0.165991783,-0.148986578,-0.131985426,-0.114999294,-0.097995281,-0.080986023,-0.0639956,-0.046991825,-0.029997349,-0.012996703,0.004001111,0.020999819,0.038001776,0.055008173,0.071993113,0.088992834,0.1060009,0.122985601,0.140000343,0.156994581,0.174000025,0.191000938,0.207993984,0.224978924,0.242013693,0.259000778,0.275986433,0.292985916,0.310008287,0.327002048,0.34398365,0.361011744,0.378005505,0.394989729,0.412010908,0.429013014,0.446006775,0.46298027,0.479993105,0.496992588,0.513995886,0.531013012,0.548010826,0.565001965,0.581986189,0.599016905,0.616008043,0.632995129,0.650013447,0.666992426,0.683984995,0.700982809,0.718001127,0.734991074,0.751994371,0.769007444,0.785988808,0.802989483,0.819982052,0.83700037,0.853992939,0.870988131,0.888006687,0.904993534,0.92198205,0.939016819,0.956007957,0.973000288,0.989988804,1.007009,1.024005,1.040985,1.058016,1.075014,1.091989,1.108979,1.126012,1.142998,1.159994,1.177003,1.194,1.210996,1.227974,1.244999,1.262001,1.278986,1.296005,1.313,1.329987,1.346985,1.364001,1.380989,1.397989,1.41501,1.431993,1.448993,1.466013,1.482985,1.499982,1.499986],"unit":"V"},"I":{"value":[0.000213935971,0.000796318054,0.000774532557,0.000753313303,0.000730782747,0.0007113665340000001,0.000690415502,0.0006723254920000001,0.000654637814,0.000638619065,0.000622943044,0.000609695911,0.0005953460929999999,0.000581547618,0.0005685091020000001,0.000557348132,0.000543534756,0.00053140521,0.000517681241,0.000505194068,0.000494658947,0.000479742885,0.000468581915,0.000456646085,0.000444859266,0.000435084105,0.00042912364,0.000415667891,0.000403389335,0.00039444863800000004,0.00038334727299999997,0.00037516653500000005,0.000363588333,0.000351861119,0.00034603476500000003,0.000334814191,0.00032509863399999997,0.00031504035,0.000303953886,0.00029444694500000004,0.00028508901599999997,0.00028064847,0.000271081924,0.0002617836,0.000252977014,0.000243470073,0.00023688376,0.00022765994100000002,0.00022059678999999997,0.000212818384,0.000205054879,0.00019721686799999998,0.00018890202000000002,0.000180572271,0.000172182918,0.00016462802900000002,0.000156998634,0.00014853477500000002,0.00013966858400000002,0.00013209879399999998,0.000123232603,0.00011581182499999999,0.00010575354100000001,9.5635653e-5,8.4400177e-5,7.2389841e-5,5.9977174e-5,4.5627356e-5,3.0100346e-5,1.7404556000000002e-5,-2.905726e-6,-2.5451182999999998e-5,-5.3316355e-5,-8.3357096e-5,-0.000118508935,-0.000158727169,-0.00020338594900000002,-0.000254422426,-0.000310465693,-0.000373080373,-0.00044138729599999996,-0.00051599741,-0.000596448779,-0.000682786107,-0.000774949789,-0.000871956348,-0.000973060727,-0.001080766,-0.0011917800000000001,-0.001307517,-0.0014275610000000002,-0.0015507189999999999,-0.001677692,-0.001807585,-0.001940101,-0.0020761639999999997,-0.002213746,-0.0023538920000000002,-0.0024968240000000004,-0.002640575,-0.0027874560000000002,-0.002794802],"unit":"A"},"resistance":{"value":[-934.730097,-229.790419,-214.312209,-197.775052,-180.608295,-161.659691,-141.936676,-120.45657,-97.757261,-73.583499,-48.15424,-21.316698,6.720647,36.110231,66.844622,98.696254,132.453559,167.466996,204.760945,243.442291,283.023979,327.247337,371.333206,418.269081,467.550077,517.092952,563.971942,623.095465,684.168889,742.773299,808.687864,871.618382,946.08,1026.006,1092.392,1179.728,1267.341,1361.772,1467.35,1572.372,1683.66,1770.872,1896.091,2028.443,2166.248,2320.622,2456.843,2631.192,2792.461,2974.344,3169.949,3382.025,3620.845,3882.007,4169.99,4464.556,4789.815,5177.289,5627.528,6078.704,6653.938,7227.244,8075.313,9107.358,10521.384,12501.665,15372.216,20580.128,31760.697,55904.918,-340702.687,-39566.276,-19206.211,-12488.263,-8927.732,-6772.715,-5369.047,-4358.808,-3626.848,-3063.676,-2628.064,-2281.025,-2001.848,-1773.61,-1584.585,-1427.823,-1296.939,-1183.407,-1087.453,-1004.193,-931.650028,-868.619639,-813.022205,-763.996735,-720.575001,-681.550115,-646.863882,-615.57343,-587.151177,-561.614392,-538.118516,-536.705496],"unit":"ohms"},"conductance":{"value":[-0.001069828,-0.004351792,-0.00466609,-0.005056249,-0.005536844,-0.006185834,-0.007045395,-0.008301747,-0.010229419,-0.013590003,-0.020766603,-0.046911582,0.148795203,0.027692982,0.014960067,0.010132097,0.007549816,0.005971326,0.004883744,0.00410775,0.00353327,0.003055793,0.002692999,0.002390805,0.002138808,0.001933888,0.001773138,0.001604891,0.001461627,0.001346306,0.001236571,0.001147291,0.001056993,0.000974652835,0.000915422556,0.000847652904,0.000789053463,0.000734337514,0.000681500603,0.000635981626,0.000593943982,0.000564693472,0.000527400962,0.000492989049,0.000461627766,0.000430918984,0.000407026428,0.000380055953,0.000358106997,0.000336208566,0.000315462519,0.000295680821,0.000276178603,0.000257598716,0.000239808701,0.000223986433,0.000208776342,0.000193151283,0.00017769793,0.000164508747,0.000150286952,0.000138365321,0.00012383421,0.000109801327,9.5044529e-5,7.9989346e-5,6.5052431e-5,4.8590563e-5,3.1485455e-5,1.7887514e-5,-2.93511e-6,-2.5274049e-5,-5.206649e-5,-8.0075187e-5,-0.000112010525,-0.000147651275,-0.000186252779,-0.00022942052,-0.000275721516,-0.000326405239,-0.000380508216,-0.000438399435,-0.000499538538,-0.000563821864,-0.000631080119,-0.000700367146,-0.000771046047,-0.0008450178,-0.000919579756,-0.000995824135,-0.001073364,-0.001151252,-0.001229979,-0.001308906,-0.001387781,-0.001467244,-0.00154592,-0.001624502,-0.001703139,-0.001780581,-0.001858327,-0.001863219],"unit":"S"},"power":{"value":[-0.042781288,-0.145715262,-0.12856604,-0.112233571,-0.096452672,-0.081806649,-0.067657461,-0.054448968,-0.041893939,-0.030009875,-0.01868664,-0.007924037,0.002382046,0.012212395,0.021604355,0.030658702,0.039130759,0.047291256,0.054874678,0.062131596,0.069252422,0.075317033,0.081533265,0.087219831,0.092528051,0.097884754,0.103853797,0.107658307,0.111329984,0.115567896,0.118840832,0.122680226,0.125068442,0.127025996,0.130803046,0.132248166,0.133944183,0.13515641,0.135565492,0.136323126,0.136840762,0.139480209,0.139334994,0.139010498,0.138634142,0.137561069,0.137863076,0.136372153,0.135889397,0.134713,0.133288429,0.131542157,0.129206147,0.126578058,0.123627529,0.121000132,0.118062089,0.114224348,0.109777944,0.106073942,0.101048523,0.09693454,0.090312777,0.083297518,0.074947922,0.065512338,0.055297878,0.042844854,0.02877617,0.016934638,-0.002876637,-0.025629559,-0.054596223,-0.086773515,-0.125384357,-0.170633909,-0.222095179,-0.282149003,-0.349588049,-0.426429935,-0.51200667,-0.607330451,-0.712159561,-0.826851348,-0.951617959,-1.085585,-1.228003,-1.382285,-1.544553,-1.71677,-1.898638,-2.088796,-2.288373,-2.496256,-2.71224,-2.937792,-3.170068,-3.410773,-3.660376,-3.915933,-4.181133,-4.192163],"unit":"mW"},"J":{"value":[0.002240167,0.008338409,0.008110289,0.007888097,0.007652175,0.007448864,0.007229482,0.007040058,0.006854846,0.006687111,0.006522964,0.00638425,0.0062339909999999995,0.006089504,0.005952975,0.005836106,0.005691463,0.005564452,0.005420746000000001,0.0052899900000000005,0.005179675,0.005023486,0.004906616999999999,0.004781634000000001,0.004658212,0.004555854,0.004493441,0.0043525429999999995,0.0042239719999999994,0.004130352,0.004014108000000001,0.003928445,0.0038072080000000003,0.0036844100000000004,0.003623401,0.003505908,0.003404174,0.003298852,0.003182763,0.003083214,0.0029852249999999998,0.002938727,0.0028385539999999996,0.00274119,0.002648974,0.0025494249999999997,0.002480458,0.0023838740000000002,0.002309914,0.002228465,0.0021471719999999997,0.002065098,0.0019780320000000002,0.001890809,0.001802962,0.001723854,0.0016439649999999998,0.001555338,0.001462498,0.001383233,0.001290394,0.0012126889999999999,0.001107367,0.00100142,0.000883771487,0.0007580088069999999,0.000628033234,0.000477773357,0.000315186865,0.000182246663,-3.0426455e-5,-0.000266504537,-0.0005582864370000001,-0.00087284917,-0.001240931,-0.001662065,-0.002129696,-0.002664109,-0.00325095,-0.003906601,-0.004621856000000001,-0.0054031140000000005,-0.006245537,-0.007149593,-0.008114656999999999,-0.009130433,-0.010189118,-0.011316925,-0.012479371000000001,-0.013691281,-0.014948283,-0.016237897,-0.017567455,-0.018927595,-0.020315198,-0.021739936,-0.023180589999999997,-0.024648081000000002,-0.026144749999999998,-0.027650002,-0.029188020000000002,-0.029264944],"unit":"A\/cm2"},"power_density":{"value":[-0.447971599,-1.525814,-1.346241,-1.175221,-1.009976,-0.85661413,-0.708455091,-0.570146259,-0.438679995,-0.314239533,-0.19567162,-0.082974209,0.024942887,0.127878479,0.226223617,0.321033534,0.409746166,0.495196395,0.574603954,0.650592631,0.725156256,0.788660034,0.853751464,0.913296657,0.968880117,1.024971,1.087474,1.127312,1.165759,1.210135,1.244407,1.28461,1.309617,1.330115,1.369665,1.384798,1.402557,1.41525,1.419534,1.427467,1.432888,1.460526,1.459005,1.455607,1.451666,1.44043,1.443592,1.427981,1.422926,1.410607,1.39569,1.377405,1.352944,1.325425,1.294529,1.267017,1.236252,1.196066,1.149507,1.110722,1.0581,1.015021,0.945683532,0.872225322,0.78479499,0.685993069,0.579035368,0.448637218,0.301321151,0.177326055,-0.03012185,-0.268372348,-0.571688201,-0.908623195,-1.312925,-1.786743,-2.325604,-2.95444,-3.660608,-4.465235,-5.361326,-6.359481,-7.457168,-8.658129,-9.964586,-11.367379,-12.858675,-14.474194,-16.173328,-17.976654,-19.881027,-21.872205,-23.962022,-26.138807,-28.400414,-30.762221,-33.194431,-35.714902,-38.328543,-41.004538,-43.781494,-43.896998],"unit":"mW\/cm2"},"timestamps":{"value":[0.018,0.045,0.07,0.092,0.113,0.134,0.162,0.191,0.215,0.24,0.264,0.288,0.311,0.333,0.358,0.392,0.415,0.442,0.463,0.486,0.514,0.529,0.552,0.574,0.595,0.62,0.655,0.676,0.697,0.724,0.747,0.775,0.798,0.82,0.851,0.873,0.898,0.921,0.942,0.965,0.987,1.017,1.04,1.063,1.086,1.107,1.132,1.154,1.177,1.201,1.223,1.246,1.267,1.289,1.309,1.332,1.356,1.377,1.398,1.424,1.447,1.474,1.497,1.519,1.54,1.562,1.585,1.606,1.628,1.668,1.692,1.719,1.74,1.765,1.787,1.81,1.834,1.856,1.879,1.902,1.924,1.948,1.971,1.993,2.016,2.04,2.071,2.09,2.123,2.145,2.166,2.187,2.213,2.236,2.257,2.281,2.303,2.327,2.351,2.374,2.397,2.421],"unit":"s"},"p_max":{"unit":"mW","value":0.139480209},"v_p_max":{"unit":"V","value":0.496992588},"i_p_max":{"unit":"mA","value":0.28064847},"j_p_max":{"unit":"mA\/cm2","value":2.938727},"voc":{"unit":"V","value":0.987558312},"isc":{"unit":"mA","value":0.598723893},"jsc":{"unit":"mA\/cm2","value":6.26936},"fill_factor":{"unit":"%","value":23.589745},"efficiency":{"unit":"%","value":1.460526},"r_s":{"unit":"ohms","value":289.66216},"r_sh":{"unit":"ohms","value":1116.31},"cell_dimension":{"value":0.09550001004389405,"unit":"cm2"},"sweep_direction":{"unit":"","value":"Forward"},"key":"forward6_1cell_231114"}]}}