{"_id":"6531de53851eea3e48563f23","id":"KAIST-SC-00098","author":105,"group":12,"input":[{"tco":{"unit":"","value":"ITO"}},{"etl":[{"material":{"unit":"","value":"SnO2"},"concentration":{"unit":"","value":"5"},"conc_unit":{"unit":"","value":"wt%"},"quantity":{"unit":"ml","value":"0.4"}}],"solvent":[{"material":{"unit":"","value":"DI Water"},"volume":{"unit":"ml","value":"0.8"}}],"spin_coating":[{"type":{"unit":"","value":"drop&run"},"rpm":{"unit":"","value":"4000"},"time":{"unit":"s","value":"30"}}],"annealing":[{"temperature":{"unit":"oC","value":"150"},"time":{"unit":"m","value":"30"}}]},{"perovskite":{"method":{"unit":"","value":"1-step"},"molarity":{"unit":"M","value":"1.8"},"a_site":[{"material":{"unit":"","value":"FA"},"ratio":{"unit":"","value":"95"}},{"material":{"unit":"","value":"MA"},"ratio":{"unit":"","value":"5"}}],"b_site":[{"material":{"unit":"","value":"Pb"},"ratio":{"unit":"","value":"100"}}],"x_site":[{"material":{"unit":"","value":"I"},"ratio":{"unit":"","value":"95"}},{"material":{"unit":"","value":"Br"},"ratio":{"unit":"","value":"5"}}],"solvent":[{"material":{"unit":"","value":"DMF"},"volume":{"unit":"ml","value":"0.8"}},{"material":{"unit":"","value":"DMSO"},"volume":{"unit":"ml","value":"0.1"}}],"additive":[{"material":{"unit":"","value":"MACl"},"solvent":{"unit":"","value":"None"},"concentration":{"unit":"","value":"47.62"},"conc_unit":{"unit":"","value":"mg\/ml"},"quantity":{"unit":"mol%","value":"35"}}],"stirring_time":[{"unit":"m","value":"20"}],"antisolvent":[{"material":{"unit":"","value":"DEE"},"quantity":{"unit":"ul","value":"1000"},"dripping_time":{"unit":"s","value":"28"}}],"spin_coating":[{"type":{"unit":"","value":"drop&run"},"rpm":{"unit":"","value":"5000"},"time":{"unit":"s","value":"15"}}],"annealing":[{"temperature":{"unit":"oC","value":"150"},"time":{"unit":"m","value":"15"}}],"atmosphere":[{"type":{"unit":"","value":"Air"},"temperature":{"unit":"oC","value":"22"},"humidity":{"unit":"RH%","value":"19"}}]}},{"perovskite_treatment":[{"material":{"unit":"","value":"OAI"},"concentration":{"unit":"","value":"2.5"},"conc_unit":{"unit":"","value":"mg\/ml"},"quantity":{"unit":"ml","value":"0.4"}}],"solvent":[{"material":{"unit":"","value":"CF"},"volume":{"unit":"ml","value":"0.8"}}],"spin_coating":[{"type":{"unit":"","value":"drop&run"},"rpm":{"unit":"","value":"5000"},"time":{"unit":"s","value":"5"}}],"annealing":[{"temperature":{"unit":"oC","value":"100"},"time":{"unit":"m","value":"3"}}]},{"htl":[{"material":{"unit":"","value":"Spiro-OMeTAD"},"concentration":{"unit":"","value":"91"},"conc_unit":{"unit":"","value":"mg\/ml"},"quantity":{"unit":"ml","value":"0.08"}}],"solvent":[{"material":{"unit":"","value":"CB"},"volume":{"unit":"ml","value":"1.1"}}],"htl_doping":[{"material":{"unit":"","value":"tBP"},"volume":{"unit":"ul","value":"39"}},{"material":{"unit":"","value":"Li-TFSI"},"volume":{"unit":"ul","value":"23"}},{"material":{"unit":"","value":"Co-TFSI"},"volume":{"unit":"ul","value":"10"}}],"spin_coating":[{"type":{"unit":"","value":"dynamic"},"rpm":{"unit":"","value":"2000"},"time":{"unit":"s","value":"30"}}]},{"anode_metal":{"unit":"","value":"Au"}},{"note":{"unit":"","value":"-"},"ar":{"unit":"","value":"0"},"type":{"unit":"","value":"unit_cell"},"device_type":{"unit":"","value":"n-i-p"},"temperature":{"unit":"oC","value":"22"},"humidity":{"unit":"%","value":"19"},"cell_dimension":{"unit":"cm2","value":"0.0955"}}],"fileinfo":[{"key":"reverse23_4cell_231020","uploadType":"JV","original_name":"reverse23_4cell_231020.csv","save_name":"KAIST-SC-00098\/reverse23_4cell_231020","uploader":105,"fileType":""},{"key":"forward23_4cell_231020","uploadType":"JV","original_name":"forward23_4cell_231020.csv","save_name":"KAIST-SC-00098\/forward23_4cell_231020","uploader":105,"fileType":""},{"key":"reverse23_3cell_231020","uploadType":"JV","original_name":"reverse23_3cell_231020.csv","save_name":"KAIST-SC-00098\/reverse23_3cell_231020","uploader":105,"fileType":""},{"key":"forward23_3cell_231020","uploadType":"JV","original_name":"forward23_3cell_231020.csv","save_name":"KAIST-SC-00098\/forward23_3cell_231020","uploader":105,"fileType":""},{"key":"reverse23_2cell_231020","uploadType":"JV","original_name":"reverse23_2cell_231020.csv","save_name":"KAIST-SC-00098\/reverse23_2cell_231020","uploader":105,"fileType":""},{"key":"forward23_2cell_231020","uploadType":"JV","original_name":"forward23_2cell_231020.csv","save_name":"KAIST-SC-00098\/forward23_2cell_231020","uploader":105,"fileType":""},{"key":"reverse23_1cell_231020","uploadType":"JV","original_name":"reverse23_1cell_231020.csv","save_name":"KAIST-SC-00098\/reverse23_1cell_231020","uploader":105,"fileType":""},{"key":"forward23_1cell_231020","uploadType":"JV","original_name":"forward23_1cell_231020.csv","save_name":"KAIST-SC-00098\/forward23_1cell_231020","uploader":105,"fileType":""}],"jvcnt":8,"updated_at":"2024-08-19 05:53:16","created_at":"2023-10-20 01:56:35","analysisInfo":{"JV":[{"efficiency":21.459684,"fill_factor":81.165545,"jsc":22.186778,"voc":1.191674,"key":"reverse23_4cell_231020","cell_dimension":0.09549999662055811},{"efficiency":21.224997,"fill_factor":79.924844,"jsc":22.257227,"voc":1.193149,"key":"reverse23_3cell_231020","cell_dimension":0.09550000120276929},{"efficiency":20.978758,"fill_factor":79.099047,"jsc":22.255425,"voc":1.191716,"key":"reverse23_2cell_231020","cell_dimension":0.09549999616192711},{"efficiency":20.301499,"fill_factor":77.589388,"jsc":22.041556,"voc":1.18709,"key":"reverse23_1cell_231020","cell_dimension":0.09549999701509017},{"efficiency":21.584566,"fill_factor":81.329794,"jsc":22.237366,"voc":1.193467,"key":"forward23_4cell_231020","cell_dimension":0.09549997785008225},{"efficiency":21.605135,"fill_factor":80.93315,"jsc":22.348249,"voc":1.194502,"key":"forward23_3cell_231020","cell_dimension":0.09549999075547622},{"efficiency":21.619168,"fill_factor":81.019059,"jsc":22.347142,"voc":1.19407,"key":"forward23_2cell_231020","cell_dimension":0.0954999741376934},{"efficiency":21.439075,"fill_factor":81.447965,"jsc":22.071195,"voc":1.192614,"key":"forward23_1cell_231020","cell_dimension":0.09550000454833778}]},"public":2,"tags":[],"analysis":{"JV":[{"V":{"value":[1.499982,1.483973,1.467985,1.452014,1.436001,1.419995,1.403993,1.387998,1.371993,1.355987,1.339984,1.324009,1.307996,1.291995,1.276001,1.260002,1.243989,1.227983,1.212014,1.196012,1.180012,1.163998,1.147991,1.131987,1.115974,1.100013,1.084026,1.068021,1.051999,1.035998,1.020003,1.003985,0.988004446,0.972009182,0.956012726,0.940005064,0.923999071,0.907996893,0.891997576,0.875990152,0.860019445,0.844001055,0.828003168,0.812001228,0.795989513,0.77998209,0.763989687,0.74801755,0.732033253,0.715994358,0.700008869,0.683991671,0.667976141,0.651988983,0.636018276,0.620014906,0.604007483,0.587996006,0.572003365,0.556002855,0.539988518,0.524010897,0.50801158,0.492002726,0.475999355,0.459997416,0.444000721,0.427998781,0.412015915,0.396016598,0.38001442,0.364011049,0.347991467,0.331986666,0.315985918,0.29998517,0.284011841,0.26800704,0.252006531,0.235998869,0.219992876,0.203998327,0.188005447,0.17200017,0.155995131,0.139995337,0.124001026,0.108001232,0.092002869,0.075999022,0.060006142,0.044014454,0.028002501,0.011999398,-0.004000783,-0.019996196,-0.035994053,-0.051993847,-0.067981243,-0.083987951,-0.099994421,-0.115997076,-0.13198185,-0.147982836,-0.163988113,-0.179987907,-0.195985079,-0.199985981],"unit":"V"},"I":{"value":[-0.009325504,-0.00992389,-0.009657875,-0.009168372,-0.008620262,-0.0080356,-0.007441789,-0.006836265,-0.006237388,-0.005631237999999999,-0.005020231,-0.004424199,-0.0038286600000000002,-0.003244132,-0.0026759210000000004,-0.0021158009999999996,-0.001577199,-0.0010625119999999998,-0.0005716085429999999,-0.000114202499,0.000306993723,0.000681266189,0.001005039,0.001274601,0.001489848,0.0016530899999999999,0.001775339,0.0018679950000000001,0.001926795,0.001978189,0.0020036399999999997,0.0020306860000000003,0.00204663,0.002057582,0.0020675059999999998,0.0020747779999999998,0.00208658,0.0020826910000000002,0.00209482,0.002090871,0.002101421,0.002098158,0.002099887,0.0021034929999999997,0.0021050870000000003,0.002105504,0.002106756,0.002109185,0.0021058469999999997,0.002114519,0.0021129250000000003,0.002116531,0.0021152199999999997,0.002115637,0.002117231,0.002112508,0.002116323,0.0021129250000000003,0.0021180509999999997,0.002117708,0.002116323,0.00212048,0.002114803,0.00211826,0.00211598,0.002115011,0.0021175739999999997,0.002117231,0.0021225659999999998,0.002121449,0.002123401,0.002121806,0.002123669,0.0021185429999999996,0.002122283,0.0021225659999999998,0.002118126,0.0021207630000000003,0.0021205539999999998,0.002122849,0.0021231170000000003,0.0021190349999999996,0.002124712,0.0021224919999999997,0.0021231170000000003,0.002120212,0.002116457,0.002119377,0.002124295,0.0021227,0.002123952,0.002119452,0.0021224919999999997,0.002122223,0.002117708,0.0021231170000000003,0.0021215229999999997,0.002121449,0.0021238769999999997,0.002119377,0.002126306,0.0021206890000000003,0.002126515,0.002124026,0.002122149,0.002122909,0.0021238769999999997,0.002121598],"unit":"A"},"resistance":{"value":[-160.847293,-149.535437,-151.998753,-158.372095,-166.584412,-176.713007,-188.663391,-203.034522,-219.96277,-240.79732,-266.916741,-299.265201,-341.63282,-398.256102,-476.845761,-595.52016,-788.733457,-1155.735,-2120.356,-10472.729,3843.767,1708.581,1142.235,888.111203,749.052429,665.428486,610.602228,571.747509,545.983899,523.710442,509.07504,494.406774,482.747028,472.403586,462.398939,453.062943,442.829491,435.973012,425.811056,418.959377,409.25607,402.258102,394.308527,386.025233,378.126651,370.449065,362.63796,354.647695,347.619391,338.608542,331.298485,323.166364,315.795139,308.176196,300.400915,293.497094,285.40427,278.285311,270.061179,262.549308,255.154171,247.119007,240.217021,232.267428,224.954585,217.491715,209.67422,202.150206,194.112171,186.672735,178.965017,171.557166,163.863343,156.705197,148.889625,141.331368,134.086405,126.372929,118.839925,111.17081,103.617855,96.269468,88.485149,81.036914,73.474565,66.028942,58.588976,50.958946,43.309844,35.802993,28.252119,20.766905,13.193221,5.654164,-1.889204,-9.418318,-16.966138,-24.508654,-32.008082,-39.628599,-47.027289,-54.697837,-62.06486,-69.670902,-77.274557,-84.783626,-92.27702,-94.261979],"unit":"ohms"},"conductance":{"value":[-0.006217077,-0.006687378,-0.006579001,-0.006314244,-0.006002963,-0.005658893,-0.005300445,-0.004925271,-0.004546224,-0.00415287,-0.003746487,-0.003341518,-0.002927119,-0.002510947,-0.002097114,-0.001679204,-0.001267855,-0.000865250089,-0.000471618871,-9.5486099e-5,0.000260161424,0.000585281173,0.00087547627,0.001125985,0.00133502,0.001502791,0.001637727,0.001749024,0.001831556,0.001909452,0.001964347,0.002022626,0.002071478,0.002116834,0.002162635,0.002207199,0.002258206,0.00229372,0.002348459,0.002386866,0.002443458,0.002485966,0.002536085,0.002590504,0.002644617,0.002699426,0.002757571,0.0028197,0.002876709,0.002953263,0.003018426,0.003094381,0.00316661,0.003244897,0.003328885,0.003407189,0.003503802,0.003593434,0.003702865,0.003808808,0.003919199,0.004046633,0.004162902,0.004305382,0.004445342,0.004597876,0.004769304,0.004946817,0.00515166,0.005356969,0.005587684,0.005828961,0.006102646,0.006381409,0.006716385,0.00707557,0.007457878,0.007913087,0.008414681,0.008995167,0.009650846,0.010387509,0.011301331,0.012340055,0.013610152,0.015144874,0.017068057,0.01962364,0.023089439,0.027930626,0.035395575,0.04815354,0.075796502,0.176860814,-0.529323471,-0.106176067,-0.058940932,-0.040801915,-0.031242109,-0.025234301,-0.021264249,-0.018282259,-0.016112177,-0.014353194,-0.01294087,-0.01179473,-0.010836934,-0.010608731],"unit":"S"},"power":{"value":[-13.98809,-14.726788,-14.177614,-13.312606,-12.378708,-11.410513,-10.448221,-9.488722,-8.557653,-7.635886,-6.727028,-5.85768,-5.007871,-4.191403,-3.414479,-2.665914,-1.962018,-1.304747,-0.692797398,-0.136587535,0.36225642,0.792992568,1.153775,1.442831,1.662632,1.818421,1.924514,1.995058,2.026986,2.0494,2.043719,2.038777,2.022079,1.999989,1.976562,1.950302,1.927998,1.891077,1.868574,1.831583,1.807263,1.770848,1.738713,1.708039,1.675627,1.642256,1.60954,1.577707,1.54155,1.513984,1.479066,1.44769,1.412916,1.379372,1.346598,1.309786,1.278275,1.242391,1.211532,1.177452,1.14279,1.111155,1.074344,1.04219,1.007205,0.972899693,0.940204478,0.906172496,0.874531015,0.840128824,0.806922835,0.772360881,0.739018617,0.703327957,0.670611536,0.636738354,0.601572739,0.568379431,0.53439357,0.500990016,0.467070713,0.432279499,0.399457406,0.365068915,0.331195983,0.296819753,0.262442794,0.228895355,0.195441201,0.161323139,0.127450159,0.093286512,0.059435072,0.025465404,-0.008472491,-0.042454273,-0.076362212,-0.110302269,-0.144383826,-0.178002154,-0.212618767,-0.245993672,-0.280661371,-0.314319453,-0.34800719,-0.382097918,-0.416248281,-0.424289763],"unit":"mW"},"J":{"value":[-0.09764926,-0.103915081,-0.101129578,-0.096003891,-0.09026452500000001,-0.08414241,-0.077924491,-0.07158392999999999,-0.06531296,-0.058965845,-0.052567864,-0.046326696,-0.040090677,-0.033969967,-0.028020112,-0.022154984,-0.016515168,-0.011125784,-0.00598543,-0.0011958379999999998,0.003214594,0.007133677,0.010523965,0.013346603,0.015600502,0.017309843999999998,0.01858994,0.019560154,0.02017586,0.020714018,0.020980523,0.021263722999999998,0.021430678,0.021545362999999998,0.021649281,0.021725425,0.021849003,0.021808278,0.021935289,0.021893941,0.022004411999999998,0.021970241,0.021988340999999998,0.022026101,0.022042796,0.022047165,0.022060272000000002,0.022085705,0.022050754000000002,0.022141565,0.02212487,0.02216263,0.022148899,0.022153268,0.022169963,0.022120501,0.022160445,0.02212487,0.022178545,0.022174956000000003,0.022160445,0.022203978,0.02214453,0.02218073,0.022156856000000003,0.022146713999999998,0.022173552,0.022169963,0.022225823,0.022214121,0.022234561,0.022217865,0.02223737,0.022183694,0.022222857999999998,0.022225823,0.022179325,0.022206943,0.022204758999999998,0.022228788000000003,0.022231596,0.022188843,0.022248292,0.022225043,0.022231596,0.022201170000000003,0.02216185,0.022192432,0.022243923,0.022227227,0.022240334,0.022193212,0.022225043,0.022222234,0.022174956000000003,0.022231596,0.022214901000000002,0.022214121,0.022239553999999998,0.022192432,0.022264987,0.022206163,0.022267172,0.022241114,0.022221454,0.022229412,0.022239553999999998,0.022215681],"unit":"A\/cm2"},"power_density":{"value":[-146.472143,-154.207202,-148.456695,-139.399013,-129.619975,-119.481808,-109.40545,-99.358342,-89.608928,-79.956924,-70.440081,-61.33696,-52.438437,-43.889037,-35.753704,-27.915327,-20.544691,-13.662274,-7.254423,-1.430236,3.793261,8.303587,12.081414,15.108183,17.409757,19.041058,20.15198,20.890661,21.224982,21.459684,21.400198,21.348452,21.173606,20.94229,20.696988,20.422009,20.188459,19.801849,19.566225,19.178876,18.924222,18.542906,18.206416,17.885221,17.545835,17.196394,16.85382,16.520495,16.141885,15.853236,15.487605,15.159054,14.794936,14.443686,14.100502,13.71504,13.385075,13.009335,12.686202,12.329339,11.966386,11.635127,11.249678,10.912979,10.546649,10.187431,9.845073,9.488717,9.157393,8.79716,8.449454,8.087548,7.738415,7.364691,7.02211,6.667417,6.299191,5.951617,5.595744,5.245969,4.890793,4.526487,4.1828,3.822711,3.468021,3.10806,2.748092,2.39681,2.046505,1.689248,1.334557,0.976822113,0.622356776,0.266653444,-0.088717187,-0.444547358,-0.799604313,-1.154998,-1.511873,-1.863897,-2.226375,-2.57585,-2.938863,-3.291303,-3.644054,-4.001025,-4.358621,-4.442825],"unit":"mW\/cm2"},"timestamps":{"value":[0.018,0.04,0.065,0.086,0.109,0.132,0.155,0.18,0.218,0.241,0.265,0.289,0.311,0.334,0.357,0.379,0.401,0.424,0.447,0.47,0.495,0.517,0.54,0.563,0.587,0.609,0.631,0.655,0.677,0.7,0.722,0.747,0.77,0.792,0.814,0.836,0.86,0.881,0.902,0.924,0.947,0.967,0.99,1.014,1.036,1.058,1.094,1.118,1.15,1.174,1.197,1.219,1.24,1.262,1.285,1.312,1.334,1.357,1.38,1.401,1.423,1.446,1.468,1.491,1.514,1.535,1.555,1.584,1.608,1.628,1.65,1.671,1.697,1.718,1.739,1.762,1.784,1.807,1.828,1.854,1.877,1.901,1.923,1.946,1.971,2.009,2.033,2.058,2.081,2.103,2.126,2.149,2.171,2.194,2.219,2.242,2.27,2.293,2.315,2.338,2.361,2.391,2.413,2.435,2.458,2.481,2.504,2.525],"unit":"s"},"p_max":{"unit":"mW","value":2.0494},"v_p_max":{"unit":"V","value":1.035998},"i_p_max":{"unit":"mA","value":1.978189},"j_p_max":{"unit":"mA\/cm2","value":20.714018},"voc":{"unit":"V","value":1.191674},"isc":{"unit":"mA","value":2.118837},"jsc":{"unit":"mA\/cm2","value":22.186778},"fill_factor":{"unit":"%","value":81.165545},"efficiency":{"unit":"%","value":21.459684},"r_s":{"unit":"ohms","value":32.634654},"r_sh":{"unit":"ohms","value":9308.411},"cell_dimension":{"value":0.09549999662055811,"unit":"cm2"},"sweep_direction":{"unit":"","value":"Reverse"},"key":"reverse23_4cell_231020"},{"V":{"value":[1.49999,1.483973,1.467977,1.452001,1.436019,1.42001,1.40401,1.388003,1.371994,1.35599,1.339986,1.324012,1.307993,1.291999,1.276001,1.260002,1.24399,1.227982,1.212017,1.196012,1.18001,1.163993,1.147996,1.131989,1.115989,1.100014,1.084022,1.068012,1.052004,1.036,1.019999,1.003986,0.988008499,0.972009182,0.956013918,0.940011978,0.924001694,0.907996893,0.892000437,0.875994205,0.860020876,0.844005108,0.828003168,0.812001228,0.795990944,0.779971123,0.764005899,0.748016119,0.732016802,0.716010809,0.700011492,0.683993101,0.667984247,0.651986361,0.636022568,0.620018959,0.604011536,0.588004112,0.572007418,0.555999994,0.539994001,0.52401495,0.50801301,0.492013693,0.476002216,0.459994555,0.444000721,0.428000212,0.412000895,0.396018028,0.38001585,0.364004374,0.347991467,0.331990719,0.315985918,0.29998517,0.28401041,0.268011332,0.252006531,0.236000299,0.219996929,0.203994274,0.188002825,0.1720016,0.15599227,0.13999939,0.124001026,0.108005285,0.092002869,0.076012611,0.060015678,0.044029474,0.027997017,0.011999398,-0.003994852,-0.019998312,-0.03599,-0.051996469,-0.067985296,-0.083981037,-0.099998474,-0.115995646,-0.13198185,-0.147985697,-0.163981438,-0.17999053,-0.195987701,-0.199977636],"unit":"V"},"I":{"value":[-0.010401413,-0.010536641,-0.010142609,-0.009594217,-0.008990838999999999,-0.008364156,-0.007733107,-0.00709264,-0.006443694,-0.0058033469999999995,-0.005163282,-0.004533976,-0.003915474,-0.003301829,-0.002707392,-0.002131894,-0.001570478,-0.0010397730000000001,-0.000542134047,-7.5370073e-5,0.000345975161,0.00071503222,0.0010364500000000002,0.001295194,0.001501009,0.001655936,0.0017707649999999999,0.001852527,0.001911819,0.001956552,0.00198248,0.002010092,0.0020259619999999996,0.0020406689999999997,0.002049819,0.002055645,0.0020636920000000002,0.0020733329999999997,0.002070412,0.002084777,0.002082348,0.002090871,0.0020868479999999997,0.002091005,0.002098992,0.0020956549999999997,0.002103776,0.002095938,0.002110153,0.002099544,0.002108842,0.002109319,0.0021128510000000002,0.0021152199999999997,0.0021174400000000004,0.002120629,0.002115563,0.0021166649999999998,0.002117157,0.0021181999999999998,0.00212118,0.0021152199999999997,0.002125129,0.002120838,0.00212194,0.0021225659999999998,0.0021207630000000003,0.002120003,0.0021157710000000002,0.0021231170000000003,0.002120838,0.00212118,0.0021208969999999996,0.002119377,0.002124444,0.0021246520000000003,0.002125829,0.0021245780000000002,0.002123952,0.0021258889999999997,0.002125546,0.0021206890000000003,0.002127066,0.002119511,0.0021286010000000004,0.002123743,0.002124995,0.002125129,0.002124712,0.0021225659999999998,0.002122775,0.002126455,0.00212048,0.002124995,0.002125755,0.002129778,0.002129227,0.002127558,0.002127141,0.002127558,0.002128109,0.002126172,0.002126098,0.0021314470000000003,0.002130195,0.002129987,0.00213027,0.002130747],"unit":"A"},"resistance":{"value":[-144.210238,-140.839313,-144.733618,-151.341233,-159.720236,-169.773269,-181.558286,-195.696298,-212.920484,-233.656505,-259.522196,-292.019956,-334.057443,-391.298066,-471.302812,-591.024694,-792.109381,-1181.009,-2235.64,-15868.524,3410.677,1627.888,1107.623,873.991463,743.492748,664.285509,612.17739,576.516083,550.26357,529.502612,514.506517,499.472568,487.673786,476.318809,466.389514,457.283229,447.742137,437.940764,430.832327,420.186095,413.005381,403.661906,396.772146,388.330518,379.22525,372.184958,363.159383,356.888522,346.902168,341.031612,331.941154,324.272009,316.153099,308.235745,300.373345,292.375032,285.508709,277.797405,270.17714,262.487007,254.57242,247.735456,239.050422,231.990276,224.324043,216.716244,209.358947,201.886597,194.728475,186.52667,179.181968,171.604636,164.077481,156.64541,148.738197,141.192597,133.599809,126.148045,118.649829,111.012519,103.501357,96.192472,88.385975,81.151535,73.283938,65.921051,58.353562,50.822929,43.301339,35.811658,28.272279,20.705572,13.203151,5.646789,-1.879263,-9.389856,-16.902848,-24.439507,-31.960883,-39.472972,-46.98935,-54.556092,-62.07704,-69.42968,-76.979525,-84.503117,-92.001343,-93.853306],"unit":"ohms"},"conductance":{"value":[-0.00693432,-0.00710029,-0.006909245,-0.006607585,-0.006260947,-0.005890209,-0.005507873,-0.005109959,-0.004696589,-0.004279787,-0.003853235,-0.003424424,-0.002993497,-0.002555597,-0.002121778,-0.001691977,-0.001262452,-0.000846733578,-0.000447299199,-6.3017835e-5,0.000293196902,0.000614292731,0.000902834429,0.001144176,0.001345003,0.001505377,0.001633513,0.001734557,0.001817311,0.001888565,0.00194361,0.002002112,0.002050551,0.002099434,0.002144131,0.002186829,0.002233428,0.002283414,0.002321089,0.002379898,0.002421276,0.002477321,0.002520338,0.002575126,0.002636955,0.002686836,0.002753612,0.002801995,0.002882657,0.002932279,0.003012582,0.003083831,0.003163025,0.00324427,0.00332919,0.003420265,0.00350252,0.003599746,0.003701275,0.003809712,0.003928155,0.004036564,0.004183218,0.004310525,0.004457837,0.004614329,0.004776486,0.004953276,0.005135356,0.005361164,0.005580919,0.005827348,0.006094682,0.006383845,0.006723223,0.007082524,0.007485041,0.007927194,0.008428162,0.009007993,0.009661709,0.010395824,0.011314012,0.012322626,0.013645555,0.015169661,0.017136915,0.019676158,0.023093974,0.027923868,0.035370336,0.048296178,0.075739496,0.177091793,-0.532123541,-0.106497902,-0.059161626,-0.040917355,-0.031288247,-0.02533379,-0.021281418,-0.018329759,-0.016109016,-0.014403062,-0.012990467,-0.011833883,-0.010869407,-0.010654926],"unit":"S"},"power":{"value":[-15.602018,-15.636093,-14.889113,-13.930809,-12.911015,-11.877186,-10.857356,-9.844608,-8.840713,-7.869278,-6.918727,-6.003037,-5.121413,-4.265961,-3.454636,-2.686191,-1.95366,-1.276822,-0.657075454,-0.090143496,0.408254012,0.832292244,1.189841,1.466145,1.67511,1.821554,1.919548,1.978521,2.011242,2.026987,2.022128,2.018104,2.001668,1.983549,1.959655,1.932331,1.906855,1.88258,1.846808,1.826252,1.790863,1.764706,1.727917,1.697899,1.670779,1.63455,1.607297,1.567795,1.544668,1.503296,1.476214,1.44276,1.411351,1.379094,1.34674,1.31483,1.277824,1.244608,1.211029,1.177719,1.145425,1.108407,1.079593,1.043481,1.010048,0.976368849,0.941620329,0.907361777,0.871699617,0.840792785,0.805951892,0.772118905,0.738054118,0.703613579,0.671294277,0.637364172,0.603757697,0.569410915,0.535249753,0.501710455,0.467613667,0.432608323,0.399894464,0.364559347,0.332045312,0.297322765,0.26350156,0.229525175,0.195479587,0.161341792,0.127399765,0.093626709,0.059367113,0.025498662,-0.008492077,-0.04259197,-0.076630876,-0.110625504,-0.144614295,-0.178674527,-0.212807686,-0.246626715,-0.280606304,-0.315423698,-0.34931252,-0.383377468,-0.417506722,-0.426101717],"unit":"mW"},"J":{"value":[-0.108915318,-0.110331318,-0.10620533500000001,-0.100463005,-0.09414491200000001,-0.087582784,-0.080974938,-0.07426848,-0.06747323799999999,-0.060768028,-0.054065782,-0.047476192,-0.040999726,-0.034574126999999996,-0.028349654000000002,-0.0223235,-0.016444797,-0.010887678,-0.0056767960000000004,-0.000789215427,0.003622777,0.007487248,0.010852882,0.013562241000000001,0.01571737,0.017339647,0.018542038,0.019398191000000002,0.020019047,0.020487458,0.020758956000000002,0.021048085,0.02121426,0.021368265,0.021464069,0.021525078,0.021609336,0.02171029,0.021679707,0.021830123,0.02180469,0.021893941,0.021851811999999998,0.021895345,0.021978979,0.021944026999999998,0.022029065,0.021946992000000002,0.022095848,0.021984752,0.022082117000000002,0.02208711,0.022124089000000003,0.022148899,0.022172148,0.022205539000000003,0.022152488,0.022164034000000003,0.022169183000000002,0.022180105000000002,0.022211312,0.022148899,0.022252661,0.022207723000000002,0.022219270000000003,0.022225823,0.022206943,0.022198985,0.022154672,0.022231596,0.022207723000000002,0.022211312,0.022208347,0.022192432,0.022245483,0.022247668,0.022259993999999998,0.022246888,0.022240334,0.022260618,0.02225703,0.022206163,0.022272945,0.022193836,0.022289016000000002,0.02223815,0.022251256,0.022252661,0.022248292,0.022225823,0.022228008,0.022266548,0.022203978,0.022251256,0.022259214,0.022301342999999998,0.02229557,0.022278094,0.022273724999999998,0.022278094,0.022283867000000002,0.022263583,0.022262803,0.022318819,0.022305712,0.022303528,0.022306491999999997,0.022311485000000002],"unit":"A\/cm2"},"power_density":{"value":[-163.371912,-163.728726,-155.906943,-145.872345,-135.193878,-124.368437,-113.689589,-103.084898,-92.572911,-82.400819,-72.447408,-62.859027,-53.627362,-44.669749,-36.1742,-28.127657,-20.45717,-13.369868,-6.880371,-0.943910949,4.274911,8.715102,12.459065,15.352301,17.540416,19.073862,20.099978,20.717496,21.060124,21.224997,21.174115,21.13198,20.95987,20.77015,20.519949,20.233832,19.967063,19.712876,19.338308,19.123061,18.752488,18.478598,18.093369,17.779047,17.495068,17.115708,16.830336,16.416704,16.174532,15.74132,15.457735,15.107431,14.778543,14.44078,14.101986,13.767855,13.380358,13.032543,12.680937,12.332138,11.993975,11.606354,11.304641,10.926504,10.576422,10.223758,9.859899,9.50117,9.127745,8.804113,8.439287,8.085015,7.728315,7.367681,7.029259,6.67397,6.32207,5.962418,5.604709,5.253513,4.896478,4.52993,4.187377,3.817375,3.476914,3.113327,2.759179,2.403405,2.046907,1.689443,1.334029,0.98038439,0.62164516,0.267001693,-0.088922273,-0.445989217,-0.802417555,-1.158382,-1.514286,-1.870937,-2.228353,-2.582479,-2.938286,-3.302866,-3.657723,-4.014424,-4.371798,-4.461798],"unit":"mW\/cm2"},"timestamps":{"value":[0.018,0.041,0.066,0.089,0.113,0.137,0.169,0.193,0.216,0.239,0.264,0.287,0.309,0.332,0.354,0.377,0.399,0.42,0.443,0.465,0.488,0.509,0.532,0.554,0.574,0.596,0.618,0.641,0.664,0.686,0.709,0.732,0.754,0.778,0.812,0.834,0.858,0.88,0.902,0.924,0.948,0.97,0.995,1.016,1.04,1.063,1.078,1.101,1.122,1.144,1.167,1.191,1.215,1.236,1.258,1.28,1.304,1.327,1.35,1.372,1.395,1.417,1.44,1.464,1.484,1.506,1.53,1.553,1.576,1.598,1.621,1.642,1.677,1.701,1.722,1.748,1.772,1.794,1.816,1.84,1.864,1.891,1.912,1.934,1.956,1.98,2.002,2.023,2.045,2.068,2.09,2.114,2.137,2.161,2.184,2.207,2.229,2.255,2.279,2.301,2.322,2.343,2.368,2.392,2.415,2.438,2.46,2.481],"unit":"s"},"p_max":{"unit":"mW","value":2.026987},"v_p_max":{"unit":"V","value":1.036},"i_p_max":{"unit":"mA","value":1.956552},"j_p_max":{"unit":"mA\/cm2","value":20.487458},"voc":{"unit":"V","value":1.193149},"isc":{"unit":"mA","value":2.125565},"jsc":{"unit":"mA\/cm2","value":22.257227},"fill_factor":{"unit":"%","value":79.924844},"efficiency":{"unit":"%","value":21.224997},"r_s":{"unit":"ohms","value":31.007715},"r_sh":{"unit":"ohms","value":8062.03},"cell_dimension":{"value":0.09550000120276929,"unit":"cm2"},"sweep_direction":{"unit":"","value":"Reverse"},"key":"reverse23_3cell_231020"},{"V":{"value":[1.499992,1.483973,1.467982,1.452013,1.436008,1.420021,1.40401,1.388005,1.37199,1.355993,1.339982,1.324012,1.307997,1.291997,1.276006,1.260002,1.243989,1.227984,1.212017,1.196014,1.180014,1.163998,1.147997,1.131986,1.115977,1.10001,1.084044,1.068004,1.052,1.036001,1.020003,1.003983,0.988012552,0.972009182,0.956015348,0.940003872,0.924004555,0.907995701,0.891994953,0.875990152,0.860018253,0.843999863,0.828004599,0.811999798,0.795992374,0.779989004,0.763990879,0.74801898,0.732034683,0.716013432,0.700008869,0.683997154,0.667984247,0.65198493,0.63602519,0.620017767,0.604008913,0.588002682,0.572004795,0.556002855,0.539998055,0.524009705,0.508014441,0.49200964,0.476000786,0.460000038,0.444002151,0.427998781,0.412017107,0.39600563,0.380004883,0.36401391,0.347991467,0.331987858,0.315987349,0.299986601,0.284013271,0.268009901,0.252007723,0.23600173,0.219994307,0.204002619,0.188001394,0.17200017,0.155995131,0.139992714,0.124003649,0.108006716,0.092002869,0.076003075,0.060003519,0.044000864,0.028005362,0.012001932,-0.003998667,-0.019999444,-0.03599,-0.051993847,-0.067986727,-0.083983898,-0.099999905,-0.115990162,-0.131985903,-0.147984266,-0.16398263,-0.179987907,-0.195983648,-0.199976444],"unit":"V"},"I":{"value":[-0.011010408,-0.011216432,-0.010826156,-0.010221942999999999,-0.009569883000000001,-0.008900061,-0.008215412,-0.007527024,-0.006845415,-0.006158203,-0.005483672,-0.004810661,-0.004151598,-0.0035070329999999997,-0.002872646,-0.002265036,-0.0016749050000000002,-0.0011170800000000001,-0.0005953311919999999,-0.000116422772,0.000316917896,0.000693395734,0.001012191,0.0012716799999999999,0.001473621,0.001624033,0.001742125,0.001820698,0.001885116,0.0019301919999999998,0.001964182,0.0019901100000000002,0.002006888,0.0020258280000000004,0.00203824,0.002046347,0.0020561959999999997,0.002056271,0.002069384,0.002072006,0.002083451,0.002082273,0.002087891,0.002093092,0.0020913629999999997,0.002096906,0.002100512,0.0021027330000000003,0.00210391,0.002108216,0.0021128510000000002,0.002110079,0.00211598,0.0021168740000000004,0.002115637,0.002114385,0.0021152199999999997,0.0021181999999999998,0.002113208,0.002119929,0.002118126,0.00211826,0.002120838,0.002122223,0.002120629,0.00212194,0.002121046,0.002124235,0.0021206890000000003,0.002119452,0.002121046,0.002119511,0.002124712,0.002121314,0.002126798,0.002122432,0.002122983,0.00212048,0.002123326,0.002122775,0.002122223,0.002123669,0.0021226409999999998,0.002124161,0.002126798,0.00212118,0.002129227,0.00211896,0.002129018,0.0021227,0.0021254119999999997,0.002131656,0.002126098,0.002129495,0.002124026,0.002124026,0.002128109,0.002128661,0.0021240860000000003,0.002127483,0.0021289440000000002,0.002130747,0.00213027,0.002127424,0.0021295700000000003,0.002125964,0.002131581,0.002132073],"unit":"A"},"resistance":{"value":[-136.233971,-132.303506,-135.595877,-142.048605,-150.054909,-159.55183,-170.899463,-184.402875,-200.424739,-220.192901,-244.358573,-275.224453,-315.058767,-368.401643,-444.191721,-556.283466,-742.722075,-1099.28,-2035.869,-10273.028,3723.405,1678.692,1134.171,890.149963,757.302863,677.332599,622.254003,586.590105,558.055965,536.734639,519.301804,504.486395,492.310662,479.808402,469.039537,459.357101,449.375646,441.573981,431.043737,422.773851,412.785535,405.326158,396.57461,387.94279,380.609367,371.971319,363.716436,355.736606,347.940138,339.629969,331.310168,324.157141,315.685552,307.994228,300.630577,293.237825,285.55373,277.595441,270.68076,262.274331,254.941475,247.377464,239.534818,231.836877,224.46208,216.782747,209.331675,201.483722,194.28459,186.843427,179.159174,171.74426,163.782897,156.501015,148.574215,141.340972,133.780264,126.391151,118.685362,111.17606,103.662182,96.06141,88.569583,80.973244,73.347411,65.997555,58.238813,50.971568,43.213752,35.804903,28.231474,20.641636,13.17219,5.636046,-1.882588,-9.415817,-16.911725,-24.425615,-32.00752,-39.475699,-46.971604,-54.436388,-61.957359,-69.560311,-77.002708,-84.661802,-91.942844,-93.794368],"unit":"ohms"},"conductance":{"value":[-0.007340313,-0.007558379,-0.007374856,-0.007039844,-0.006664227,-0.006267556,-0.005851393,-0.005422909,-0.004989404,-0.004541472,-0.004092347,-0.003633398,-0.003174011,-0.002714429,-0.00225128,-0.001797645,-0.001346399,-0.000909686169,-0.000491190633,-9.7342283e-5,0.00026857138,0.000595701761,0.000881701644,0.001123406,0.001320476,0.00147638,0.001607061,0.001704768,0.001791935,0.001863118,0.001925662,0.001982214,0.002031238,0.002084165,0.002132016,0.002176956,0.00222531,0.002264626,0.00231995,0.002365331,0.002422566,0.002467149,0.002521594,0.0025777,0.002627366,0.002688379,0.002749395,0.002811069,0.002874058,0.002944381,0.00301832,0.003084924,0.003167709,0.003246814,0.003326342,0.003410201,0.003501968,0.003602365,0.003694389,0.003812802,0.003922469,0.004042405,0.004174758,0.004313378,0.004455095,0.004612913,0.004777108,0.00496318,0.005147089,0.005352075,0.005581629,0.005822611,0.006105644,0.006389735,0.006730643,0.007075089,0.007474944,0.007911946,0.008425639,0.008994742,0.00964672,0.010410007,0.011290558,0.012349758,0.013633746,0.015152076,0.01717068,0.01961878,0.023140782,0.027929136,0.03542146,0.048445772,0.075917523,0.177429367,-0.531183621,-0.106204271,-0.059130574,-0.040940627,-0.031242658,-0.02533204,-0.021289458,-0.018370065,-0.016140133,-0.014376014,-0.012986556,-0.011811702,-0.010876322,-0.010661621],"unit":"S"},"power":{"value":[-16.515521,-16.644885,-15.892602,-14.842392,-13.742429,-12.638274,-11.534518,-10.447545,-9.391843,-8.350477,-7.348023,-6.369371,-5.430278,-4.531075,-3.665512,-2.85395,-2.083564,-1.371757,-0.721551277,-0.139243313,0.373967446,0.807111335,1.161993,1.439524,1.644527,1.786453,1.88854,1.944513,1.983143,1.999681,2.003471,1.998037,1.982831,1.969123,1.948589,1.923574,1.899935,1.867085,1.84588,1.815057,1.791806,1.757438,1.728783,1.69959,1.664709,1.635564,1.604772,1.572884,1.540135,1.509511,1.479014,1.443288,1.413441,1.38017,1.345598,1.310956,1.277612,1.245507,1.208765,1.178686,1.143784,1.109989,1.077416,1.044154,1.009421,0.976092598,0.94174907,0.909170006,0.873759964,0.839314831,0.806007907,0.77153162,0.7393816,0.704250626,0.672041272,0.636701159,0.602955442,0.568309619,0.535094566,0.500978506,0.46687706,0.433233995,0.399059394,0.365355971,0.331770137,0.296949786,0.264031907,0.228861913,0.195875792,0.161331743,0.127532213,0.093794698,0.059542134,0.025558055,-0.008493274,-0.042479348,-0.076590655,-0.110677257,-0.144409656,-0.178674357,-0.212894177,-0.247145671,-0.28116561,-0.314825262,-0.349212431,-0.382647734,-0.417755081,-0.426364386],"unit":"mW"},"J":{"value":[-0.115292235,-0.11744954799999999,-0.11336288500000001,-0.107036055,-0.100208203,-0.093194359,-0.08602526199999999,-0.07881700100000001,-0.071679734,-0.06448380000000001,-0.057420649,-0.050373414,-0.043472225999999996,-0.036722859,-0.030080061,-0.023717656,-0.017538277,-0.011697177,-0.006233834,-0.001219087,0.003318512,0.007260688,0.01059886,0.013316020999999999,0.015430582,0.01700558,0.018242142000000003,0.019064905,0.019739436000000003,0.020211436,0.020567347000000003,0.020838844999999998,0.021014538000000003,0.021212856,0.021342832000000003,0.021427714,0.021530852,0.021531632,0.021668941,0.021696403,0.021816236,0.02180391,0.021862733999999998,0.021917190000000003,0.02189909,0.021957134,0.021994893999999997,0.022018142999999997,0.02203047,0.022075563,0.022124089000000003,0.022095067,0.022156856000000003,0.022166218,0.022153268,0.022140161,0.022148899,0.022180105000000002,0.022127834,0.022198205000000002,0.022179325,0.02218073,0.022207723000000002,0.022222234,0.022205539000000003,0.022219270000000003,0.022209907999999997,0.022243299,0.022206163,0.022193212,0.022209907999999997,0.022193836,0.022248292,0.022212716,0.022270136,0.022224419000000002,0.022230192,0.022203978,0.022233781,0.022228008,0.022222234,0.02223737,0.022226603,0.022242519000000002,0.022270136,0.022211312,0.02229557,0.022188063,0.022293385000000002,0.022227227,0.022255624999999998,0.022321003000000002,0.022262803,0.022298378,0.022241114,0.022241114,0.022283867000000002,0.022289641,0.022241738,0.022277314,0.022292604999999997,0.022311485000000002,0.022306491999999997,0.02227669,0.022299159,0.022261399,0.022320223,0.022325372000000003],"unit":"A\/cm2"},"power_density":{"value":[-172.93739,-174.29199,-166.414681,-155.41772,-143.899778,-132.337952,-120.780292,-109.398374,-98.343911,-87.439553,-76.942652,-66.694983,-56.861552,-47.445813,-38.382324,-29.884297,-21.817427,-14.363952,-7.555511,-1.458045,3.915889,8.451428,12.167464,15.073548,17.220175,18.706314,19.775284,20.361388,20.765892,20.939067,20.978758,20.921851,20.762627,20.619091,20.404075,20.142134,19.894605,19.550629,19.328586,19.005835,18.762361,18.402497,18.102444,17.796754,17.431508,17.126323,16.803898,16.469989,16.127068,15.8064,15.487059,15.112963,14.800431,14.45204,14.090036,13.727293,13.378132,13.041961,12.657227,12.342265,11.976792,11.622918,11.281844,10.933554,10.569854,10.220865,9.861247,9.520105,9.149319,8.788637,8.439873,8.078865,7.742216,7.374352,7.037081,6.667028,6.31367,5.950886,5.603084,5.245848,4.888765,4.536482,4.178632,3.825717,3.474033,3.109422,2.764732,2.39646,2.051055,1.689338,1.335416,0.98214343,0.623477845,0.267623615,-0.08893481,-0.444809931,-0.801996382,-1.158924,-1.512143,-1.870936,-2.229258,-2.587913,-2.944143,-3.2966,-3.656675,-4.006783,-4.374399,-4.464549],"unit":"mW\/cm2"},"timestamps":{"value":[0.019,0.043,0.073,0.095,0.119,0.141,0.162,0.186,0.211,0.235,0.259,0.282,0.305,0.327,0.349,0.375,0.397,0.419,0.44,0.464,0.486,0.523,0.545,0.568,0.589,0.611,0.632,0.655,0.678,0.699,0.722,0.744,0.766,0.794,0.817,0.841,0.864,0.888,0.911,0.934,0.956,0.977,1.001,1.022,1.047,1.068,1.091,1.113,1.135,1.157,1.18,1.201,1.225,1.248,1.27,1.293,1.317,1.34,1.362,1.383,1.419,1.447,1.471,1.494,1.517,1.538,1.559,1.581,1.607,1.631,1.654,1.675,1.696,1.722,1.743,1.765,1.788,1.81,1.834,1.856,1.881,1.904,1.927,1.951,1.974,1.994,2.015,2.038,2.058,2.086,2.111,2.132,2.156,2.18,2.204,2.229,2.253,2.275,2.313,2.336,2.358,2.384,2.408,2.43,2.453,2.476,2.507,2.531],"unit":"s"},"p_max":{"unit":"mW","value":2.003471},"v_p_max":{"unit":"V","value":1.020003},"i_p_max":{"unit":"mA","value":1.964182},"j_p_max":{"unit":"mA\/cm2","value":20.567347},"voc":{"unit":"V","value":1.191716},"isc":{"unit":"mA","value":2.125393},"jsc":{"unit":"mA\/cm2","value":22.255425},"fill_factor":{"unit":"%","value":79.099047},"efficiency":{"unit":"%","value":20.978758},"r_s":{"unit":"ohms","value":30.057554},"r_sh":{"unit":"ohms","value":8050.632},"cell_dimension":{"value":0.09549999616192711,"unit":"cm2"},"sweep_direction":{"unit":"","value":"Reverse"},"key":"reverse23_2cell_231020"},{"V":{"value":[1.499984,1.483977,1.467983,1.452011,1.436004,1.420007,1.404011,1.388002,1.371984,1.35599,1.339979,1.32401,1.307999,1.291998,1.276007,1.260004,1.243988,1.227983,1.212015,1.196016,1.180015,1.163994,1.147999,1.131987,1.115978,1.100012,1.084019,1.068012,1.05201,1.03598,1.020003,1.003983,0.98800993,0.972006559,0.956012726,0.940007925,0.924003124,0.907995701,0.892001867,0.875988722,0.860019445,0.844003916,0.828003168,0.812003851,0.795992374,0.779986143,0.763997793,0.748016119,0.732018232,0.716012239,0.700001955,0.684001207,0.667982817,0.651987553,0.636021137,0.620017767,0.604003429,0.588006735,0.572004795,0.555998564,0.539995193,0.524006844,0.508010387,0.492012262,0.475998163,0.459997416,0.444000721,0.427994728,0.412019968,0.396015167,0.380017281,0.364001513,0.347985983,0.331970215,0.315989971,0.29998517,0.284014702,0.268013954,0.252006531,0.23600173,0.21999836,0.203995705,0.188005447,0.172003031,0.15599227,0.139996767,0.124002457,0.108005285,0.092001438,0.075999022,0.060007572,0.044011831,0.027998447,0.011997133,-0.003997236,-0.019999027,-0.03599,-0.051988363,-0.067984104,-0.083986521,-0.099994421,-0.115987539,-0.131987333,-0.147982836,-0.163985491,-0.179987907,-0.195983648,-0.199975014],"unit":"V"},"I":{"value":[-0.012781708999999999,-0.013102919,-0.012640311999999999,-0.011966065,-0.011209637000000001,-0.010424361,-0.009623825999999999,-0.008824199,-0.008009045999999999,-0.007212669,-0.006417617,-0.005624443000000001,-0.0048492249999999995,-0.004096612,-0.0033609119999999998,-0.0026608710000000004,-0.00199078,-0.0013590310000000001,-0.000781029463,-0.00025969743699999997,0.00020582974,0.000597625971,0.000926539302,0.001186803,0.0013856139999999999,0.001543388,0.001659125,0.00174664,0.001810849,0.001861274,0.001900375,0.001931101,0.001955852,0.001975968,0.001992121,0.00200808,0.002013132,0.002030194,0.00203158,0.002038732,0.002046704,0.002054125,0.0020543930000000003,0.002061889,0.002064794,0.0020710380000000003,0.0020725730000000003,0.0020715300000000002,0.002081096,0.002084151,0.002080053,0.002083868,0.002085045,0.002084628,0.002090871,0.0020894110000000002,0.002093017,0.00209178,0.002096981,0.0020899770000000002,0.002091989,0.002096072,0.0020894110000000002,0.002094477,0.002090186,0.002097741,0.002090454,0.0020962209999999997,0.002096906,0.002097324,0.0021011380000000002,0.0020962800000000003,0.002103701,0.002096832,0.0021027330000000003,0.002094969,0.0021020319999999998,0.00210093,0.002095729,0.00210315,0.002097324,0.002100512,0.002099544,0.002099544,0.0021034929999999997,0.002100304,0.0020986349999999997,0.002103627,0.002099052,0.002107099,0.002102807,0.0021050870000000003,0.002100438,0.0020985749999999997,0.002107099,0.002099961,0.002104744,0.0021041180000000003,0.0021064729999999998,0.002107859,0.00210683,0.002104193,0.002110228,0.002106264,0.0021111970000000004,0.0021057130000000004,0.002110988,0.00210543],"unit":"A"},"resistance":{"value":[-117.353908,-113.255476,-116.135064,-121.344101,-128.10441,-136.220102,-145.889051,-157.29494,-171.304232,-188.001107,-208.79703,-235.402877,-269.733531,-315.382029,-379.660896,-473.530577,-624.874498,-903.572733,-1551.817,-4605.42,5732.967,1947.697,1239.018,953.812141,805.403422,712.725503,653.368109,611.466587,580.948488,556.597432,536.737823,519.901971,505.155796,491.914,479.896835,468.112674,458.987853,447.245824,439.068133,429.673272,420.197216,410.882437,403.040241,393.815583,385.506863,376.616066,368.622915,361.093614,351.74647,343.551053,336.530812,328.236374,320.36854,312.759702,304.189515,296.742843,288.580265,281.103486,272.775408,266.030915,258.125264,249.994697,243.135689,234.909319,227.730063,219.282298,212.394389,204.174445,196.489451,188.819302,180.862579,173.64161,165.416066,158.319907,150.275866,143.19312,135.114337,127.569221,120.247664,112.213462,104.894813,97.117116,89.545856,81.924002,74.158696,66.655485,59.0872,51.342419,43.829993,36.068088,28.536888,20.907369,13.329815,5.716799,-1.897033,-9.523523,-17.099464,-24.707907,-32.273905,-39.844475,-47.462016,-55.122102,-62.546482,-70.258438,-77.674195,-85.475996,-92.839778,-94.980615],"unit":"ohms"},"conductance":{"value":[-0.008521233,-0.008829595,-0.008610664,-0.008241027,-0.007806133,-0.00734106,-0.006854524,-0.006357484,-0.005837567,-0.005319118,-0.00478934,-0.004248036,-0.003707363,-0.003170758,-0.002633929,-0.002111796,-0.001600321,-0.001106718,-0.000644405692,-0.000217135451,0.000174429752,0.000513426988,0.000807090821,0.001048424,0.001241614,0.001403065,0.001530531,0.001635412,0.001721323,0.001796631,0.001863107,0.00192344,0.001979587,0.002032876,0.002083781,0.002136238,0.002178707,0.002235907,0.002277551,0.00232735,0.002379835,0.002433786,0.002481142,0.00253926,0.002593988,0.002655224,0.002712799,0.002769365,0.002842957,0.002910776,0.002971496,0.003046585,0.003121405,0.003197343,0.003287424,0.003369921,0.00346524,0.003557409,0.00366602,0.003758962,0.003874088,0.004000085,0.00411293,0.004256962,0.004391164,0.004560332,0.004708222,0.004897773,0.005089332,0.005296069,0.00552906,0.005758988,0.006045362,0.006316325,0.006654428,0.006983576,0.007401139,0.007838881,0.00831617,0.008911587,0.00953336,0.010296846,0.011167463,0.012206435,0.013484595,0.015002516,0.016924139,0.019477072,0.022815427,0.02772534,0.035042364,0.047830026,0.075019798,0.174923054,-0.527138863,-0.105003159,-0.058481365,-0.040472874,-0.030984785,-0.025097583,-0.02106948,-0.018141543,-0.01598811,-0.014233166,-0.012874288,-0.011699191,-0.010771245,-0.010528464],"unit":"S"},"power":{"value":[-19.172354,-19.444434,-18.55577,-17.374862,-16.097083,-14.80267,-13.511955,-12.248006,-10.98828,-9.780304,-8.599475,-7.44682,-6.34278,-5.292815,-4.288547,-3.352706,-2.476506,-1.668866,-0.946619543,-0.310602247,0.242882198,0.695633088,1.063666,1.343446,1.546316,1.697745,1.798524,1.865432,1.905031,1.928244,1.938388,1.938793,1.932401,1.920654,1.904493,1.887612,1.86014,1.843407,1.812173,1.785906,1.760205,1.73369,1.701044,1.674261,1.643561,1.615381,1.583441,1.549538,1.5234,1.492278,1.456041,1.425368,1.392774,1.359151,1.329838,1.295472,1.26419,1.229981,1.199483,1.162024,1.129664,1.098356,1.061443,1.030509,0.99492464,0.964955332,0.928163128,0.897171473,0.863967268,0.830571931,0.798468838,0.763049257,0.732058542,0.696085703,0.664442432,0.628459678,0.597008078,0.563078454,0.528137423,0.496347013,0.461407738,0.428495504,0.394725673,0.361127899,0.328128587,0.294035737,0.260235876,0.227202805,0.193115809,0.160137439,0.126184353,0.092648736,0.058809,0.025176887,-0.008422572,-0.041997178,-0.075749747,-0.109389675,-0.14320667,-0.177031715,-0.210671294,-0.244060165,-0.278523359,-0.311690954,-0.346205597,-0.379002857,-0.41371911,-0.421033347],"unit":"mW"},"J":{"value":[-0.133839889,-0.137203339,-0.13235929100000002,-0.125299105,-0.11737839700000001,-0.109155609,-0.10077304200000001,-0.09239999400000001,-0.083864359,-0.075525326,-0.06720018,-0.058894694000000004,-0.050777228,-0.042896464,-0.035192798000000004,-0.027862519,-0.020845866,-0.014230686999999999,-0.008178319,-0.002719345,0.0021552850000000003,0.006257863999999999,0.009701982,0.012427256,0.01450905,0.016161128,0.017373038,0.01828942,0.018961766999999997,0.019489783,0.019899214000000002,0.020220954,0.020480125000000002,0.020690769,0.020859909,0.021027021,0.021079916,0.021258574,0.021273084999999997,0.021347981000000002,0.021431459,0.021509163,0.021511972,0.021590456,0.021620883,0.021686261,0.021702331999999998,0.02169141,0.021791583,0.02182357,0.021780661,0.021820605,0.021832932,0.021828563,0.021893941,0.021878649,0.021916409,0.021903459,0.021957914,0.021884578999999998,0.021905643000000002,0.021948396,0.021878649,0.021931701,0.021886763,0.021965872,0.021889572,0.021949957000000003,0.021957134,0.021961503,0.022001447,0.021950581,0.022028285,0.021956354,0.022018142999999997,0.02193685,0.022010809,0.021999262999999998,0.021944807,0.022022511999999998,0.021961503,0.021994893999999997,0.021984752,0.021984752,0.022026101,0.02199271,0.021975234,0.022027505000000003,0.021979603,0.022063861,0.022018923,0.022042796,0.021994114,0.02197461,0.022063861,0.021989121,0.022039207,0.022032654000000002,0.022057307,0.022071818,0.022061052,0.022033434,0.022096628,0.022055123,0.02210677,0.02204935,0.022104585,0.022046385],"unit":"A\/cm2"},"power_density":{"value":[-200.757632,-203.606643,-194.301254,-181.935723,-168.555839,-155.001779,-141.486437,-128.251369,-115.06052,-102.411564,-90.046858,-77.977172,-66.416546,-55.422142,-44.906254,-35.106873,-25.932003,-17.475042,-9.912247,-3.25238,2.543269,7.284116,11.137864,14.067494,16.191788,17.777432,18.83271,19.533316,19.947965,20.191034,20.297259,20.301499,20.234567,20.111564,19.942339,19.765566,19.477908,19.302694,18.975632,18.70059,18.431471,18.153818,17.811981,17.531534,17.210058,16.914983,16.580534,16.225524,15.951836,15.625943,15.246505,14.92532,14.584023,14.231951,13.925009,13.565151,13.237586,12.879381,12.560032,12.167794,11.828942,11.50111,11.114581,10.790666,10.418059,10.104244,9.718986,9.394466,9.046778,8.697088,8.36093,7.990045,7.665534,7.288856,6.957512,6.58073,6.251393,5.896109,5.530235,5.197351,4.831495,4.486864,4.133253,3.781444,3.435901,3.078908,2.724983,2.379087,2.022155,1.676832,1.321302,0.97014383,0.615801042,0.263632327,-0.088194469,-0.439761027,-0.793191072,-1.145442,-1.499546,-1.853735,-2.205982,-2.555604,-2.916475,-3.26378,-3.625189,-3.968616,-4.332137,-4.408726],"unit":"mW\/cm2"},"timestamps":{"value":[0.019,0.041,0.066,0.09,0.114,0.136,0.159,0.188,0.211,0.249,0.273,0.296,0.317,0.339,0.363,0.386,0.408,0.43,0.452,0.474,0.497,0.522,0.542,0.576,0.598,0.619,0.645,0.668,0.691,0.712,0.734,0.756,0.777,0.802,0.826,0.849,0.872,0.894,0.917,0.939,0.961,0.977,0.992,1.014,1.036,1.06,1.082,1.119,1.144,1.167,1.189,1.212,1.234,1.257,1.279,1.301,1.322,1.344,1.366,1.39,1.413,1.436,1.459,1.481,1.504,1.526,1.549,1.571,1.592,1.612,1.635,1.657,1.68,1.701,1.726,1.748,1.77,1.793,1.816,1.84,1.864,1.888,1.91,1.931,1.952,1.973,2.015,2.042,2.063,2.086,2.109,2.135,2.157,2.18,2.203,2.224,2.248,2.271,2.296,2.321,2.342,2.365,2.386,2.41,2.432,2.453,2.474,2.5],"unit":"s"},"p_max":{"unit":"mW","value":1.938793},"v_p_max":{"unit":"V","value":1.003983},"i_p_max":{"unit":"mA","value":1.931101},"j_p_max":{"unit":"mA\/cm2","value":20.220954},"voc":{"unit":"V","value":1.18709},"isc":{"unit":"mA","value":2.104969},"jsc":{"unit":"mA\/cm2","value":22.041556},"fill_factor":{"unit":"%","value":77.589388},"efficiency":{"unit":"%","value":20.301499},"r_s":{"unit":"ohms","value":26.866841},"r_sh":{"unit":"ohms","value":7505.945},"cell_dimension":{"value":0.09549999701509017,"unit":"cm2"},"sweep_direction":{"unit":"","value":"Reverse"},"key":"reverse23_1cell_231020"},{"V":{"value":[-0.199961424,-0.183980703,-0.16798377,-0.151983976,-0.135989666,-0.119982958,-0.10399127,-0.0879848,-0.071986437,-0.055992126,-0.039990902,-0.02397871,-0.007998347,0.008001447,0.024003029,0.040005445,0.056006432,0.07199955,0.087999105,0.103997707,0.120004177,0.135999918,0.15199542,0.168002129,0.184004545,0.199993372,0.215983868,0.231988668,0.247992039,0.263992548,0.279998779,0.296011686,0.31201911,0.32799387,0.343993187,0.360002041,0.376004219,0.391992569,0.408009529,0.424007416,0.440013647,0.455996513,0.471993208,0.488010168,0.504012108,0.520005941,0.536009312,0.552014112,0.567990303,0.583991051,0.59999299,0.616011381,0.632016182,0.648008585,0.664026976,0.679975986,0.695992947,0.71200037,0.727994204,0.744000435,0.760013342,0.776024818,0.791991472,0.807993412,0.824001074,0.840007067,0.856007814,0.872011185,0.888013124,0.903983831,0.919985771,0.936011076,0.95200634,0.968011141,0.984007597,1.00001,1.016028,1.031988,1.047986,1.063991,1.080003,1.095997,1.112008,1.128022,1.143994,1.159997,1.175994,1.192001,1.208003,1.224012,1.24,1.25598,1.271992,1.287997,1.304002,1.319999,1.336009,1.352011,1.367979,1.38399,1.399991,1.415994,1.432002,1.448007,1.46402,1.48002,1.495983,1.499997],"unit":"V"},"I":{"value":[0.001021832,0.002125338,0.002121106,0.0021309550000000003,0.002125755,0.002122015,0.002125129,0.00212346,0.002124712,0.0021246520000000003,0.002129495,0.002125546,0.0021218659999999996,0.0021254719999999998,0.002125263,0.002129078,0.002125755,0.002126306,0.002127066,0.0021215229999999997,0.0021276320000000004,0.002122909,0.002122149,0.0021254119999999997,0.002125546,0.002126306,0.002124161,0.002128258,0.002127141,0.002128318,0.002119094,0.002127767,0.0021225659999999998,0.002122149,0.002122909,0.0021206890000000003,0.002120212,0.0021184090000000004,0.002124861,0.0021240860000000003,0.0021208969999999996,0.002120346,0.002123818,0.0021231170000000003,0.0021226409999999998,0.002118677,0.002120346,0.0021208969999999996,0.002119452,0.002120271,0.002118826,0.002125755,0.002118126,0.0021180509999999997,0.002124786,0.002118677,0.0021175,0.0021175,0.002114803,0.0021152790000000003,0.002106756,0.0021175739999999997,0.002111673,0.002111882,0.002111465,0.002102941,0.002105996,0.002103984,0.0021007210000000003,0.002099127,0.0020939260000000003,0.00209108,0.002082899,0.002069578,0.0020603690000000003,0.002044067,0.002028808,0.0019946250000000003,0.0019579379999999998,0.0019050990000000002,0.001824722,0.001715779,0.001566827,0.001367524,0.001116484,0.000807195902,0.00044757127800000004,4.118681e-5,-0.000408574939,-0.0008897632359999999,-0.001406118,-0.001939878,-0.0025034550000000004,-0.00307785,-0.003672898,-0.00427933,-0.00489451,-0.005527154,-0.006161869,-0.006805538999999999,-0.007461622,-0.008121386,-0.008783981000000001,-0.009457603,-0.010129437,-0.010808811,-0.011493950999999999,-0.011664823],"unit":"A"},"resistance":{"value":[-195.689095,-86.565397,-79.196319,-71.321986,-63.972409,-56.542,-48.934095,-41.434636,-33.880564,-26.353548,-18.779522,-11.281199,-3.769488,3.764551,11.294144,18.790034,26.346608,33.861326,41.371116,49.020306,56.402681,64.063005,71.623354,79.044491,86.568118,94.056709,101.679635,109.003998,116.584687,124.038116,132.131355,139.118494,147.000892,154.557427,162.038606,169.757148,177.34277,185.041051,192.017055,199.618759,207.465809,215.057613,222.238088,229.855474,237.445805,245.439001,252.793343,260.273869,267.989257,275.432226,283.172387,289.784756,298.384664,305.945687,312.514699,320.943692,328.686206,336.245794,344.237426,351.726785,360.750534,366.46877,375.053969,382.594019,390.250928,399.443901,406.46222,414.457067,422.718259,430.647604,439.359242,447.620894,457.058284,467.733683,477.588122,489.225588,500.800552,517.384492,535.249713,558.496351,591.872998,638.775238,709.719329,824.864132,1024.639,1437.07,2627.501,28941.337,-2956.626,-1375.66,-881.860729,-647.452893,-508.094855,-418.472997,-355.033511,-308.459125,-272.960687,-244.612475,-222.0071,-203.362329,-187.625523,-174.353754,-163.024236,-153.105033,-144.531188,-136.927189,-130.153908,-128.591508],"unit":"ohms"},"conductance":{"value":[-0.005110147,-0.01155196,-0.01262685,-0.014020922,-0.015631739,-0.017685968,-0.020435649,-0.024134398,-0.029515447,-0.037945554,-0.05324949,-0.088643064,-0.265288024,0.265635941,0.08854146,0.053219703,0.037955551,0.029532217,0.024171453,0.02039971,0.017729654,0.015609633,0.013961926,0.012651103,0.011551597,0.010631884,0.009834811,0.009173975,0.008577456,0.008062038,0.007568226,0.007188117,0.00680268,0.006470087,0.006171369,0.005890768,0.005638798,0.005404206,0.005207871,0.005009549,0.004820071,0.004649917,0.004499679,0.00435056,0.004211487,0.004074332,0.0039558,0.003842107,0.003731493,0.003630657,0.003531418,0.003450837,0.003351379,0.003268554,0.003199849,0.003115811,0.003042415,0.002974015,0.002904972,0.002843116,0.002771999,0.002728745,0.002666283,0.002613737,0.002562454,0.00250348,0.002460253,0.002412795,0.002365642,0.002322084,0.002276042,0.002234033,0.002187905,0.002137969,0.002093854,0.002044047,0.001996803,0.001932799,0.001868287,0.001790522,0.001689552,0.001565496,0.001409008,0.001212321,0.000975953148,0.000695860201,0.000380589789,3.4552654e-5,-0.000338223368,-0.000726923541,-0.001133966,-0.001544514,-0.001968136,-0.00238964,-0.002816636,-0.003241921,-0.003663531,-0.004088099,-0.00450436,-0.004917332,-0.005329765,-0.005735466,-0.006134057,-0.006531464,-0.006918922,-0.007303151,-0.007683212,-0.007776563],"unit":"S"},"power":{"value":[-0.204327027,-0.391021129,-0.356311348,-0.323871084,-0.289080706,-0.254605608,-0.220994875,-0.186832219,-0.152950437,-0.118963798,-0.085160431,-0.05096786,-0.016971419,0.01700685,0.051012754,0.08517471,0.119055949,0.153093096,0.187179928,0.22063353,0.255324787,0.288715427,0.32255691,0.357073778,0.391110187,0.425247166,0.458784406,0.49373182,0.527513974,0.561860079,0.593343771,0.629843782,0.662281186,0.696051821,0.730266174,0.763452209,0.797208552,0.830400461,0.866963488,0.900628225,0.933223701,0.966870306,1.002428,1.036103,1.069837,1.101725,1.136525,1.170765,1.203828,1.238219,1.271281,1.309489,1.33869,1.372515,1.410915,1.440649,1.473765,1.507661,1.539564,1.573769,1.601163,1.64329,1.672427,1.706387,1.739849,1.766486,1.802749,1.834698,1.865468,1.897576,1.926382,1.957274,1.982933,2.003374,2.027418,2.044087,2.061326,2.058429,2.051891,2.027007,1.970706,1.88049,1.742324,1.542597,1.277251,0.936345006,0.526341101,0.049094732,-0.493559867,-1.089081,-1.743587,-2.436447,-3.184375,-3.964261,-4.789465,-5.64871,-6.539108,-7.472771,-8.429304,-9.4188,-10.446203,-11.499835,-12.578677,-13.694672,-14.829693,-15.997256,-17.194751,-17.497201],"unit":"mW"},"J":{"value":[0.010699814,0.022254845,0.022210532,0.022313669999999997,0.022259214,0.02222005,0.022252661,0.022235185,0.022248292,0.022247668,0.022298378,0.02225703,0.02221849,0.02225625,0.022254065,0.02229401,0.022259214,0.022264987,0.022272945,0.022214901000000002,0.022278873999999997,0.022229412,0.022221454,0.022255624999999998,0.02225703,0.022264987,0.022242519000000002,0.022285428,0.022273724999999998,0.022286052,0.022189467,0.022280279,0.022225823,0.022221454,0.022229412,0.022206163,0.022201170000000003,0.022182289999999997,0.022249852,0.022241738,0.022208347,0.022202574,0.02223893,0.022231596,0.022226603,0.022185098,0.022202574,0.022208347,0.022193212,0.022201794,0.022186658999999997,0.022259214,0.022179325,0.022178545,0.022249072,0.022185098,0.022172771999999997,0.022172771999999997,0.02214453,0.022149522999999997,0.022060272000000002,0.022173552,0.022111763,0.022113947,0.022109577999999998,0.022020327000000003,0.022052314,0.02203125,0.021997079,0.021980383,0.021925927,0.021896125000000002,0.021810463,0.021670968999999998,0.021574541,0.021403841,0.021244063,0.020886123000000003,0.020501969,0.019948676,0.019107033000000002,0.017966275,0.016406569000000003,0.014319626,0.011690936,0.008452313,0.00468661,0.000431275493,-0.0042782720000000005,-0.009316893,-0.014723752,-0.020312857,-0.026214185,-0.032228793000000006,-0.038459663,-0.044809742,-0.051251413,-0.057875954,-0.064522184,-0.07126219,-0.078132171,-0.085040693,-0.091978861,-0.099032493,-0.106067402,-0.113181263,-0.120355509,-0.12214474],"unit":"A\/cm2"},"power_density":{"value":[-2.13955,-4.094462,-3.731009,-3.39132,-3.027023,-2.666027,-2.314082,-1.956358,-1.601575,-1.245694,-0.891732267,-0.533694864,-0.177711195,0.178082195,0.534164966,0.891881783,1.246659,1.603069,1.959999,2.310299,2.673558,3.023198,3.377559,3.738992,4.095395,4.45285,4.804025,5.169967,5.523707,5.883352,6.213024,6.595223,6.934882,7.288501,7.646766,7.994264,8.347734,8.695293,9.078152,9.430662,9.771976,10.124296,10.496624,10.849245,11.202477,11.536383,11.900786,12.259321,12.605529,12.965649,13.31184,13.711929,14.017692,14.371888,14.773984,15.085334,15.432093,15.787022,16.121089,16.479255,16.766101,17.207227,17.512328,17.867924,18.218316,18.497231,18.876953,19.211496,19.533694,19.869911,20.171541,20.495016,20.763699,20.97774,21.229512,21.40405,21.584566,21.554226,21.485773,21.225204,20.635663,19.69099,18.244229,16.152849,13.374359,9.80466,5.511425,0.514080966,-5.168166,-11.40399,-18.257459,-25.512533,-33.344246,-41.510589,-50.15147,-59.148793,-68.472338,-78.248911,-88.264965,-98.626179,-109.384321,-120.417125,-131.713897,-143.399707,-155.284748,-167.510538,-180.049753,-183.216761],"unit":"mW\/cm2"},"timestamps":{"value":[0.018,0.046,0.084,0.108,0.13,0.152,0.172,0.197,0.218,0.241,0.265,0.289,0.314,0.337,0.365,0.388,0.411,0.433,0.455,0.477,0.499,0.521,0.544,0.566,0.588,0.612,0.634,0.656,0.681,0.696,0.718,0.74,0.764,0.785,0.808,0.832,0.853,0.876,0.899,0.923,0.962,0.985,1.008,1.032,1.053,1.076,1.099,1.123,1.147,1.168,1.19,1.213,1.238,1.261,1.299,1.322,1.344,1.366,1.389,1.412,1.435,1.457,1.483,1.506,1.531,1.554,1.576,1.598,1.621,1.646,1.668,1.692,1.714,1.738,1.759,1.782,1.808,1.83,1.866,1.891,1.913,1.937,1.96,1.984,2.008,2.031,2.051,2.073,2.097,2.12,2.146,2.168,2.193,2.217,2.242,2.264,2.285,2.309,2.332,2.353,2.376,2.397,2.418,2.443,2.466,2.489,2.51,2.532],"unit":"s"},"p_max":{"unit":"mW","value":2.061326},"v_p_max":{"unit":"V","value":1.016028},"i_p_max":{"unit":"mA","value":2.028808},"j_p_max":{"unit":"mA\/cm2","value":21.244063},"voc":{"unit":"V","value":1.193467},"isc":{"unit":"mA","value":2.123668},"jsc":{"unit":"mA\/cm2","value":22.237366},"fill_factor":{"unit":"%","value":81.329794},"efficiency":{"unit":"%","value":21.584566},"r_s":{"unit":"ohms","value":31.509823},"r_sh":{"unit":"ohms","value":319.29853},"cell_dimension":{"value":0.09549997785008225,"unit":"cm2"},"sweep_direction":{"unit":"","value":"Forward"},"key":"forward23_4cell_231020"},{"V":{"value":[-0.199964046,-0.183987617,-0.16798377,-0.151985168,-0.135989666,-0.11998558,-0.10399127,-0.087986231,-0.07199049,-0.055989265,-0.040005922,-0.023984194,-0.007996529,0.008003563,0.023994684,0.040010929,0.056003809,0.07199955,0.088001966,0.103997707,0.120000124,0.135998487,0.15199542,0.168004751,0.183999062,0.199998856,0.215978384,0.231991291,0.247992039,0.263991356,0.280001402,0.296021223,0.31201911,0.327989817,0.343993187,0.359993935,0.376002789,0.391998053,0.408006907,0.424008846,0.440012217,0.455997944,0.471997261,0.488004684,0.504010916,0.520008802,0.53600812,0.552016974,0.567988873,0.583985567,0.599994421,0.616018295,0.632005215,0.648007393,0.6640203,0.679993629,0.695994377,0.711997747,0.727992773,0.744003057,0.760011911,0.776027679,0.791990042,0.807993412,0.824001074,0.840007067,0.856007814,0.872012615,0.888013124,0.903983831,0.919981718,0.936008453,0.95200634,0.96800971,0.983995438,1.000015,1.016025,1.031989,1.047987,1.063992,1.079994,1.095997,1.11201,1.128022,1.143996,1.159997,1.175992,1.192004,1.208001,1.224011,1.240003,1.255981,1.271991,1.287998,1.304018,1.32,1.336029,1.352008,1.367979,1.383991,1.399984,1.415993,1.431999,1.448007,1.46402,1.480016,1.495987,1.499993],"unit":"V"},"I":{"value":[0.0017406790000000002,0.002129078,0.002129078,0.002138242,0.002135113,0.0021367820000000003,0.0021313729999999998,0.002136648,0.0021318640000000002,0.002130061,0.00213553,0.002132341,0.002138242,0.00213027,0.00213407,0.0021293609999999998,0.002134353,0.002137959,0.0021312980000000002,0.00213775,0.00213401,0.002137125,0.002133384,0.0021371989999999998,0.002134353,0.0021346959999999997,0.0021334590000000003,0.00213775,0.002135739,0.0021318640000000002,0.0021347700000000002,0.0021318640000000002,0.002136156,0.002133936,0.002132073,0.002132624,0.0021319240000000003,0.0021303299999999997,0.002133876,0.002133802,0.002128661,0.002135739,0.0021263809999999997,0.00212881,0.002129078,0.002129436,0.0021287349999999997,0.002128869,0.002130121,0.0021317149999999997,0.002128258,0.002129778,0.002129436,0.00213103,0.0021256210000000003,0.002126172,0.002123818,0.002126038,0.002124444,0.0021236090000000003,0.002124503,0.002121314,0.002121806,0.0021170819999999997,0.002117231,0.002115846,0.002113268,0.00210835,0.002107039,0.002100021,0.0020948950000000003,0.002091914,0.0020812300000000003,0.00207597,0.0020637660000000003,0.002048567,0.002025753,0.0019993339999999997,0.001960218,0.001904741,0.001829788,0.00172548,0.001583666,0.001389712,0.001145333,0.000841662288,0.00048071146,7.1570277e-5,-0.000386670232,-0.00087839365,-0.00140667,-0.001958668,-0.00253889,-0.003134638,-0.003748983,-0.004382029,-0.005020574,-0.005672708,-0.006334543,-0.007001027,-0.007681385,-0.008362636,-0.009057342999999999,-0.009753436,-0.010453417999999999,-0.011160403000000001,-0.011865228,-0.012045607],"unit":"A"},"resistance":{"value":[-114.877028,-86.416573,-78.899776,-71.079494,-63.692026,-56.152472,-48.790749,-41.179569,-33.768794,-26.285283,-18.733485,-11.247821,-3.739768,3.757065,11.243627,18.79011,26.239245,33.676768,41.290312,48.6482,56.232217,63.636201,71.24615,78.609782,86.208358,93.689635,101.233911,108.521225,116.115345,123.831212,131.162318,138.855557,146.065697,153.701828,161.342121,168.803253,176.367817,184.00817,191.204592,198.710532,206.708482,213.508299,221.972123,229.238286,236.727324,244.200302,251.796524,259.300547,266.646296,273.950999,281.91804,289.240577,296.794715,304.081784,312.388873,319.820584,327.70908,334.894166,342.674551,350.348389,357.736289,365.82398,373.262206,381.654197,389.187993,397.007719,405.063581,413.599474,421.450711,430.464259,439.154169,447.441084,457.424797,466.292687,476.796003,488.153451,501.554323,516.166561,534.627908,558.601838,590.228983,635.184041,702.1749,811.694538,998.833025,1378.222,2446.358,16655.014,-3124.111,-1393.465,-881.517119,-641.242202,-501.002876,-410.892233,-347.832521,-301.230293,-266.110832,-238.335523,-215.955362,-197.684052,-182.256739,-169.323761,-158.103648,-148.461184,-140.051756,-132.613126,-126.081576,-124.526152],"unit":"ohms"},"conductance":{"value":[-0.008704961,-0.011571854,-0.012674307,-0.014068755,-0.015700552,-0.017808655,-0.020495689,-0.024283887,-0.02961314,-0.038044103,-0.053380349,-0.088906106,-0.267396271,0.266165218,0.088939274,0.053219485,0.038110853,0.029694061,0.024218756,0.020555745,0.0177834,0.015714326,0.014035846,0.012721063,0.011599803,0.010673539,0.009878113,0.009214787,0.008612126,0.008075508,0.007624141,0.007201728,0.006846234,0.006506103,0.00619801,0.005924056,0.005669969,0.005434541,0.00523,0.005032446,0.004837731,0.004683659,0.00450507,0.004362273,0.004224269,0.004094999,0.003971461,0.003856529,0.003750286,0.003650288,0.00354713,0.00345733,0.003369332,0.003288589,0.003201138,0.003126753,0.003051487,0.002986018,0.002918221,0.002854302,0.002795355,0.002733555,0.002679082,0.002620173,0.002569452,0.002518843,0.002468748,0.002417798,0.002372757,0.002323073,0.002277105,0.002234931,0.002186152,0.002144576,0.002097333,0.002048536,0.001993802,0.001937359,0.00187046,0.001790184,0.001694258,0.001574347,0.001424147,0.001231991,0.001001168,0.000725572674,0.000408770859,6.0041979e-5,-0.000320091077,-0.000717635454,-0.001134408,-0.001559473,-0.001995997,-0.002433728,-0.002874947,-0.003319719,-0.003757833,-0.004195766,-0.004630587,-0.005058577,-0.005486766,-0.005905846,-0.006324965,-0.006735767,-0.007140217,-0.007540732,-0.007931373,-0.008030442],"unit":"S"},"power":{"value":[-0.348073245,-0.391723972,-0.357650535,-0.32498109,-0.290353288,-0.256383006,-0.221644153,-0.187995578,-0.153473965,-0.119260572,-0.085433852,-0.051142486,-0.017098516,0.01704975,0.051206331,0.085197713,0.119531893,0.153932086,0.187558431,0.222321139,0.256081488,0.290645705,0.324264651,0.359059594,0.392718935,0.426936687,0.460780995,0.495939472,0.529646202,0.562793781,0.597738636,0.631077116,0.666521482,0.699909176,0.733418601,0.767731844,0.801609381,0.835085058,0.87063618,0.904750746,0.936636704,0.97389247,1.003646,1.038869,1.073079,1.107325,1.141019,1.175172,1.209885,1.244891,1.276943,1.311982,1.345814,1.380923,1.411455,1.445784,1.478165,1.513734,1.54658,1.579972,1.614648,1.646199,1.680449,1.710589,1.744601,1.777325,1.808974,1.838508,1.871078,1.898385,1.927265,1.95805,1.981344,2.009559,2.030736,2.048598,2.058217,2.06329,2.054283,2.026629,1.97616,1.891121,1.761052,1.567625,1.310257,0.976325918,0.565313066,0.085312054,-0.467097895,-1.075163,-1.744275,-2.46005,-3.229445,-4.037409,-4.888742,-5.784278,-6.707632,-7.669546,-8.665519,-9.689362,-10.753817,-11.841434,-12.970106,-14.12304,-15.304008,-16.517576,-17.750224,-18.068327],"unit":"mW"},"J":{"value":[0.018227007,0.02229401,0.02229401,0.022389970000000002,0.022357203,0.022374679,0.022318038999999998,0.022373274,0.022323187999999997,0.022304308,0.022361572,0.022328181,0.022389970000000002,0.022306491999999997,0.022346281000000003,0.022296973999999997,0.022349245,0.022387004999999998,0.022317258,0.022384821,0.022345656000000002,0.022378267,0.022339103000000003,0.022379048000000002,0.022349245,0.022352834000000002,0.022339883,0.022384821,0.022363756,0.022323187999999997,0.022353614,0.022323187999999997,0.022368125,0.022344876,0.022325372000000003,0.022331145,0.022323812000000002,0.022307116000000002,0.022344252000000002,0.022343472,0.022289641,0.022363756,0.022265768000000002,0.022291201,0.02229401,0.022297754,0.022290420999999998,0.022291824999999998,0.022304932,0.022321627,0.022285428,0.022301342999999998,0.022297754,0.02231445,0.02225781,0.022263583,0.02223893,0.022262179,0.022245483,0.022236745,0.022246106999999998,0.022212716,0.022217865,0.022168403,0.022169963,0.022155452,0.022128457999999997,0.022076967,0.022063237,0.021989744999999998,0.021936070000000002,0.021904863,0.021792987,0.021737908,0.021610116000000002,0.021450963,0.021212076,0.020935429,0.020525842000000002,0.019944931,0.019160085,0.018067853,0.016582885999999998,0.014551959,0.011993016,0.008813218000000001,0.005033628,0.0007494269869999999,-0.004048903,-0.009197839,-0.014729525,-0.020509615000000002,-0.026585232,-0.032823435000000005,-0.039256368,-0.045885122,-0.052571453,-0.059400085,-0.06633029600000001,-0.07330918800000001,-0.080433347,-0.08756686899999999,-0.09484128800000001,-0.102130218,-0.109459873,-0.116862864,-0.124243229,-0.12613201],"unit":"A\/cm2"},"power_density":{"value":[-3.644746,-4.101822,-3.745032,-3.402943,-3.040349,-2.684639,-2.320881,-1.96854,-1.607057,-1.248802,-0.894595307,-0.535523415,-0.179042051,0.178531409,0.536191947,0.892122653,1.251643,1.611854,1.963963,2.32797,2.681482,3.043411,3.395441,3.759786,4.11224,4.470541,4.824932,5.193083,5.546034,5.893129,6.259043,6.608137,6.979283,7.328892,7.679776,8.039077,8.393816,8.744346,9.116609,9.47383,9.807714,10.197827,10.509381,10.87821,11.236424,11.595029,11.947847,12.305466,12.668953,13.035508,13.371132,13.738035,14.092297,14.459928,14.779638,15.139095,15.47817,15.850621,16.194551,16.544207,16.907307,17.237683,17.596328,17.911923,18.268074,18.610736,18.942133,19.251394,19.592444,19.878374,20.180783,20.503137,20.747062,21.042506,21.264256,21.451285,21.552006,21.605135,21.510821,21.221243,20.692776,19.802319,18.440339,16.414926,13.719968,10.223308,5.919509,0.89331994,-4.891077,-11.258256,-18.26466,-25.759681,-33.816176,-42.276533,-51.191021,-60.568358,-70.236988,-80.309383,-90.738423,-101.459292,-112.605409,-123.994071,-135.812627,-147.885233,-160.251393,-172.958907,-185.866219,-189.197143],"unit":"mW\/cm2"},"timestamps":{"value":[0.019,0.046,0.07,0.091,0.114,0.137,0.16,0.182,0.204,0.228,0.249,0.271,0.297,0.319,0.346,0.37,0.392,0.416,0.439,0.461,0.484,0.507,0.529,0.55,0.579,0.601,0.623,0.649,0.684,0.706,0.729,0.753,0.775,0.798,0.822,0.844,0.865,0.886,0.917,0.939,0.962,0.983,1.005,1.029,1.051,1.074,1.096,1.118,1.141,1.164,1.185,1.206,1.228,1.25,1.272,1.296,1.319,1.34,1.362,1.385,1.414,1.436,1.457,1.479,1.502,1.524,1.56,1.586,1.608,1.629,1.652,1.675,1.697,1.72,1.743,1.764,1.787,1.811,1.834,1.857,1.879,1.901,1.927,1.948,1.97,1.993,2.016,2.039,2.061,2.087,2.111,2.134,2.16,2.184,2.206,2.229,2.253,2.275,2.298,2.321,2.345,2.368,2.392,2.417,2.454,2.476,2.501,2.525],"unit":"s"},"p_max":{"unit":"mW","value":2.06329},"v_p_max":{"unit":"V","value":1.031989},"i_p_max":{"unit":"mA","value":1.999334},"j_p_max":{"unit":"mA\/cm2","value":20.935429},"voc":{"unit":"V","value":1.194502},"isc":{"unit":"mA","value":2.134258},"jsc":{"unit":"mA\/cm2","value":22.348249},"fill_factor":{"unit":"%","value":80.93315},"efficiency":{"unit":"%","value":21.605135},"r_s":{"unit":"ohms","value":29.889364},"r_sh":{"unit":"ohms","value":732.219642},"cell_dimension":{"value":0.09549999075547622,"unit":"cm2"},"sweep_direction":{"unit":"","value":"Forward"},"key":"forward23_3cell_231020"},{"V":{"value":[-0.199965477,-0.183982134,-0.167990446,-0.151986599,-0.135986805,-0.11998558,-0.103992701,-0.087987423,-0.071989059,-0.055993319,-0.039990902,-0.023987055,-0.007998496,0.008001715,0.023986578,0.040006876,0.056011915,0.07199955,0.088000536,0.104005814,0.119996071,0.136002541,0.151999474,0.168003321,0.184007168,0.199994802,0.215978384,0.231992722,0.247992039,0.263991356,0.279997349,0.296013117,0.312021971,0.327992678,0.343987703,0.359981537,0.376005411,0.391993761,0.408004045,0.424006224,0.440012217,0.45599246,0.471997261,0.488007545,0.504009485,0.520007372,0.536009312,0.552014112,0.567990303,0.583982706,0.599997044,0.616009951,0.632016182,0.648015499,0.664018869,0.679992199,0.695987463,0.712004423,0.727997065,0.744005918,0.760013342,0.776019335,0.791992903,0.807996273,0.823996782,0.840008497,0.856004953,0.872011185,0.888017178,0.903986692,0.919983149,0.936007023,0.952008963,0.968013763,0.984004974,1.000018,1.016023,1.031988,1.047976,1.063996,1.080017,1.096,1.11201,1.128025,1.143995,1.159997,1.175994,1.192005,1.208002,1.224011,1.240003,1.255977,1.271999,1.287998,1.304002,1.320003,1.336013,1.352011,1.367977,1.383994,1.399984,1.415981,1.432003,1.448008,1.464017,1.480019,1.495987,1.499992],"unit":"V"},"I":{"value":[0.001233339,0.00213401,0.002139345,0.0021346959999999997,0.0021401050000000002,0.002138451,0.002136365,0.002140313,0.002133876,0.002135053,0.002134904,0.002134904,0.002135471,0.002132833,0.00214088,0.0021398959999999996,0.002132475,0.002142265,0.0021365729999999997,0.00213629,0.0021346959999999997,0.002133384,0.002136648,0.002132133,0.002135471,0.002133876,0.002136022,0.0021374080000000004,0.002137825,0.0021360809999999997,0.0021332499999999997,0.0021375419999999997,0.0021313729999999998,0.0021319240000000003,0.002130613,0.002133667,0.002138242,0.002133876,0.0021337269999999998,0.0021332499999999997,0.002133384,0.002134144,0.002133101,0.00213553,0.0021324160000000003,0.002133518,0.00213407,0.002129436,0.002131239,0.0021276320000000004,0.0021342189999999997,0.002129287,0.0021309550000000003,0.002129778,0.0021254719999999998,0.002128184,0.0021314470000000003,0.002126589,0.002129152,0.0021268579999999997,0.002128392,0.002119094,0.0021236090000000003,0.002120063,0.002116531,0.00212048,0.002115145,0.002119094,0.0021090360000000003,0.00210987,0.0021017640000000003,0.002096981,0.002092198,0.002075344,0.002071664,0.002051547,0.0020320710000000003,0.001998082,0.001963615,0.001905441,0.001830757,0.001729026,0.001586378,0.00139609,0.001152888,0.000845968723,0.000479668379,6.0334802e-5,-0.000407129526,-0.000911548734,-0.001444474,-0.002006099,-0.0025974210000000004,-0.0032079369999999997,-0.00383684,-0.004472047,-0.005123615,-0.005778104,-0.006458253,-0.0071464480000000006,-0.007825345000000001,-0.008531213,-0.009245694,-0.009974301000000001,-0.010697305,-0.011401027,-0.012107879,-0.012320906000000001],"unit":"A"},"resistance":{"value":[-162.133385,-86.214271,-78.52425,-71.198252,-63.542125,-56.108648,-48.677413,-41.109598,-33.736289,-26.225724,-18.731942,-11.235658,-3.745543,3.751684,11.204076,18.695709,26.266149,33.60907,41.1877,48.685249,56.212262,63.749666,71.139231,78.795905,86.167038,93.723719,101.112441,108.539295,116.002035,123.586746,131.25387,138.482962,146.394843,153.848201,161.45013,168.71492,175.847911,183.700339,191.216604,198.760659,206.250795,213.665242,221.272791,228.518222,236.356105,243.732305,251.167657,259.230252,266.507142,274.475365,281.131925,289.303456,296.588171,304.264303,312.410101,319.517603,326.53282,334.81048,341.918718,349.81463,357.083271,366.203333,372.946636,381.119044,389.314747,396.140742,404.702667,411.501863,421.053619,428.456046,437.719512,446.359365,455.02824,466.435257,474.98296,487.445717,499.993606,516.489317,533.697305,558.398774,589.92935,633.882706,700.974488,807.988558,992.286626,1371.206,2451.681,19756.515,-2967.12,-1342.782,-858.446372,-626.079226,-489.716115,-401.503672,-339.863449,-295.16741,-260.755886,-233.988643,-211.818498,-193.661853,-178.903826,-165.976469,-154.883243,-145.173867,-136.858456,-129.814516,-123.554812,-121.743617],"unit":"ohms"},"conductance":{"value":[-0.006167761,-0.011599008,-0.01273492,-0.014045289,-0.015737591,-0.017822564,-0.020543409,-0.02432522,-0.029641672,-0.038130501,-0.053384749,-0.089002351,-0.266983997,0.266546986,0.089253233,0.053488209,0.038071817,0.029753873,0.024279093,0.020540103,0.017789713,0.015686357,0.014056941,0.012691015,0.011605366,0.010669658,0.00988998,0.009213253,0.008620538,0.008091483,0.007618823,0.007221105,0.006830842,0.006499913,0.006193863,0.005927158,0.005686732,0.005443648,0.005229671,0.005031177,0.004848466,0.004680218,0.004519308,0.004376019,0.004230904,0.004102862,0.003981404,0.003857574,0.003752245,0.003643314,0.003557049,0.003456578,0.003371679,0.003286616,0.003200921,0.003129718,0.003062479,0.002986764,0.002924672,0.002858657,0.002800467,0.002730723,0.002681349,0.002623852,0.002568616,0.002524355,0.00247095,0.002430123,0.002374994,0.002333962,0.002284568,0.002240347,0.002197666,0.00214392,0.002105339,0.00205151,0.002000026,0.001936148,0.001873721,0.001790835,0.001695118,0.001577579,0.001426585,0.001237641,0.001007773,0.000729285127,0.000407883384,5.0616215e-5,-0.00033702717,-0.000744722699,-0.001164895,-0.001597242,-0.002041999,-0.002490637,-0.002942358,-0.003387908,-0.003835005,-0.004273712,-0.004721023,-0.00516364,-0.005589595,-0.00602495,-0.006456476,-0.006888292,-0.007306819,-0.007703299,-0.008093574,-0.008213983],"unit":"S"},"power":{"value":[-0.246625283,-0.39261975,-0.359389489,-0.324445132,-0.29102601,-0.256583253,-0.222166322,-0.188320659,-0.153615732,-0.119548718,-0.085376747,-0.051210066,-0.017080553,0.017066322,0.051352376,0.08561056,0.11944403,0.154242147,0.188019586,0.222186587,0.25615509,0.290145691,0.324769326,0.358205365,0.39294188,0.426764126,0.461334548,0.49586302,0.530163554,0.56390704,0.597304411,0.632740402,0.665035107,0.699255472,0.73290458,0.768080895,0.80399061,0.836466112,0.870569278,0.904511377,0.938715175,0.973153713,1.006818,1.042155,1.074758,1.109445,1.143881,1.175478,1.210523,1.242501,1.280525,1.311662,1.346798,1.380129,1.411353,1.447148,1.483461,1.514141,1.550017,1.582395,1.617607,1.644458,1.681883,1.713003,1.744015,1.781221,1.810575,1.847874,1.87286,1.907295,1.933588,1.962789,1.991791,2.008962,2.038527,2.051584,2.064631,2.061996,2.057822,2.027382,1.977248,1.895013,1.764068,1.574824,1.318898,0.981321371,0.564087097,0.071919409,-0.491813319,-1.115746,-1.791152,-2.519613,-3.303918,-4.131818,-5.003247,-5.903114,-6.845216,-7.812059,-8.834744,-9.890643,-10.955358,-12.080032,-13.239861,-14.442866,-15.661033,-16.873736,-18.113226,-18.481256],"unit":"mW"},"J":{"value":[0.012914548,0.022345656000000002,0.022401516,0.022352834000000002,0.022409474,0.022392154,0.02237031,0.022411659,0.022344252000000002,0.022356579,0.022355018,0.022355018,0.022360948000000002,0.02233333,0.022417588,0.02240729,0.022329585000000002,0.022432099,0.022372494,0.022369530000000002,0.022352834000000002,0.022339103000000003,0.022373274,0.022325996,0.022360948000000002,0.022344252000000002,0.022366721,0.022381232,0.022385601,0.022367345,0.022337699,0.022382636,0.022318038999999998,0.022323812000000002,0.022310081,0.022342068,0.022389970000000002,0.022344252000000002,0.022342692,0.022337699,0.022339103000000003,0.022347061,0.022336138,0.022361572,0.022328961,0.022340507,0.022346281000000003,0.022297754,0.022316634000000002,0.022278873999999997,0.022347841,0.022296194,0.022313669999999997,0.022301342999999998,0.02225625,0.022284648,0.022318819,0.022267952,0.02229479,0.022270761,0.022286832,0.022189467,0.022236745,0.02219961,0.02216263,0.022203978,0.022148119,0.022189467,0.022084145,0.022092883,0.022008001,0.021957914,0.021907827999999997,0.021731354,0.021692813999999998,0.021482169,0.021278234,0.020922323,0.020561418,0.019952265,0.019170227,0.018104989,0.016611284,0.014618741,0.012072125,0.008858311,0.005022706,0.000631778028,-0.004263136,-0.009545013000000001,-0.015125381,-0.021006267999999998,-0.027198129999999997,-0.033590961999999995,-0.040176339,-0.046827718,-0.053650421999999996,-0.060503708,-0.06762568199999999,-0.074831915,-0.08194078299999999,-0.089332071,-0.096813546,-0.10444294100000001,-0.112013667,-0.119382486,-0.126784072,-0.129014722],"unit":"A\/cm2"},"power_density":{"value":[-2.582464,-4.111202,-3.763241,-3.397331,-3.047393,-2.686736,-2.326349,-1.971944,-1.608542,-1.251819,-0.893997352,-0.536231054,-0.178853958,0.17870494,0.537721217,0.896445655,1.250723,1.615101,1.968791,2.326561,2.682252,3.038175,3.400726,3.750842,4.114575,4.468734,4.830728,5.192283,5.551451,5.904786,6.254496,6.625554,6.963718,7.322047,7.674394,8.042732,8.41875,8.758807,9.115909,9.471323,9.829478,10.190091,10.542596,10.912616,11.254008,11.617229,11.977815,12.308675,12.675632,13.010477,13.408639,13.734677,14.1026,14.451616,14.77857,15.153386,15.533618,15.85488,16.230541,16.569578,16.93829,17.219456,17.611345,17.937202,18.261936,18.651531,18.958899,19.349464,19.6111,19.971672,20.24699,20.552762,20.856448,21.03625,21.345837,21.482553,21.619168,21.591584,21.547878,21.229131,20.704173,19.843067,18.471918,16.490299,13.810454,10.275616,5.906671,0.753082818,-5.149878,-11.6832,-18.755523,-26.383383,-34.595997,-43.265107,-52.390019,-61.812708,-71.677652,-81.801662,-92.510404,-103.566947,-114.715795,-126.492478,-138.637291,-151.234195,-163.989876,-176.688331,-189.667286,-193.521006],"unit":"mW\/cm2"},"timestamps":{"value":[0.018,0.043,0.066,0.089,0.11,0.133,0.154,0.175,0.197,0.222,0.244,0.266,0.289,0.312,0.336,0.374,0.396,0.42,0.441,0.464,0.489,0.512,0.533,0.555,0.578,0.599,0.622,0.643,0.665,0.688,0.713,0.735,0.759,0.78,0.804,0.828,0.852,0.878,0.899,0.926,0.95,0.972,0.994,1.016,1.038,1.061,1.085,1.107,1.133,1.155,1.178,1.2,1.222,1.245,1.28,1.305,1.327,1.348,1.371,1.392,1.415,1.438,1.461,1.483,1.505,1.527,1.552,1.577,1.598,1.62,1.645,1.668,1.692,1.714,1.736,1.761,1.783,1.805,1.827,1.848,1.871,1.893,1.92,1.941,1.963,1.985,2.007,2.031,2.053,2.077,2.102,2.123,2.163,2.186,2.209,2.233,2.254,2.279,2.3,2.324,2.349,2.369,2.392,2.415,2.438,2.459,2.481,2.503],"unit":"s"},"p_max":{"unit":"mW","value":2.064631},"v_p_max":{"unit":"V","value":1.016023},"i_p_max":{"unit":"mA","value":2.032071},"j_p_max":{"unit":"mA\/cm2","value":21.278234},"voc":{"unit":"V","value":1.19407},"isc":{"unit":"mA","value":2.134152},"jsc":{"unit":"mA\/cm2","value":22.347142},"fill_factor":{"unit":"%","value":81.019059},"efficiency":{"unit":"%","value":21.619168},"r_s":{"unit":"ohms","value":29.995557},"r_sh":{"unit":"ohms","value":308.555791},"cell_dimension":{"value":0.0954999741376934,"unit":"cm2"},"sweep_direction":{"unit":"","value":"Forward"},"key":"forward23_2cell_231020"},{"V":{"value":[-0.199962854,-0.183986187,-0.167990446,-0.151975632,-0.135994911,-0.119991064,-0.10399127,-0.087986231,-0.071985006,-0.055990696,-0.039992332,-0.023983002,-0.008001179,0.007999331,0.024001598,0.040001392,0.056006432,0.072002172,0.087997913,0.104002953,0.120000124,0.135998487,0.151998281,0.168003321,0.183990955,0.200004339,0.215982437,0.231993914,0.247992039,0.263991356,0.279993296,0.296010256,0.31202054,0.32799387,0.343993187,0.359999418,0.375999928,0.391992569,0.40801096,0.424011469,0.440012217,0.455996513,0.4719944,0.488010168,0.504006624,0.520010233,0.536019087,0.552003384,0.567988873,0.58398819,0.599995613,0.616008759,0.632017612,0.648011446,0.664018869,0.67999506,0.695995569,0.712003231,0.727992773,0.744001627,0.760007858,0.776027679,0.791994095,0.807994843,0.824003696,0.840003014,0.856007814,0.871997595,0.888014555,0.903970242,0.919987202,0.936009645,0.95200634,0.968015194,0.984004974,1.000021,1.016023,1.031995,1.047987,1.063996,1.080006,1.095997,1.112016,1.128022,1.143992,1.16,1.175994,1.192022,1.208006,1.22401,1.240002,1.255978,1.271996,1.288001,1.304005,1.319999,1.336015,1.352011,1.36798,1.383991,1.39999,1.415996,1.432,1.448005,1.464017,1.480019,1.495984,1.499997],"unit":"V"},"I":{"value":[0.001322791,0.002112299,0.002106681,0.002108768,0.002112508,0.002105996,0.002112091,0.0021096020000000004,0.002113342,0.002110913,0.002109811,0.002113551,0.00210683,0.002108768,0.002105638,0.002111882,0.002107859,0.002109811,0.002112791,0.002111465,0.002108425,0.002106264,0.0021097359999999996,0.00210683,0.0021097359999999996,0.0021090360000000003,0.002108768,0.0021130589999999996,0.002110779,0.002109662,0.0021080079999999998,0.002111048,0.00210835,0.002106756,0.002113268,0.002108216,0.002113551,0.002109185,0.00210911,0.002108842,0.00210987,0.002106547,0.002110779,0.00210765,0.002103984,0.002108067,0.002106547,0.002110153,0.002102941,0.002108425,0.002105922,0.002105236,0.00210315,0.00210245,0.002109662,0.0021011380000000002,0.00210765,0.0021015549999999997,0.002105504,0.002104327,0.002101421,0.00210239,0.0021018979999999996,0.002101347,0.002103075,0.0020983670000000003,0.002093226,0.0020898279999999997,0.002090946,0.002088308,0.002080053,0.002081797,0.002071321,0.002064869,0.0020496850000000003,0.002036229,0.002015144,0.0019802,0.00195156,0.0018974690000000002,0.00182493,0.001725078,0.001589984,0.001402676,0.0011600999999999998,0.0008485317230000001,0.000468790531,1.9147992e-5,-0.000497624278,-0.00106445,-0.001690716,-0.002354711,-0.0030580159999999998,-0.003794253,-0.004557475,-0.005348518,-0.006156802,-0.0069836970000000005,-0.007833242,-0.008694246,-0.009563088,-0.010449885999999999,-0.011357963,-0.012282982000000001,-0.013207152000000002,-0.01412876,-0.015081361,-0.015331984],"unit":"A"},"resistance":{"value":[-151.167386,-87.102332,-79.74174,-72.068458,-64.376051,-56.975922,-49.236179,-41.707501,-34.062162,-26.524393,-18.955413,-11.347255,-3.797732,3.793368,11.398728,18.941112,26.570297,34.127314,41.650081,49.256306,56.914583,64.568578,72.046108,79.742211,87.210408,94.832119,102.421165,109.790543,117.48838,125.13445,132.823661,140.219609,147.992734,155.686693,162.777851,170.760192,177.899632,185.850267,193.451689,201.063637,208.549413,216.466301,223.611442,231.542314,239.548656,246.676299,254.453851,261.593955,270.092598,276.978416,284.908821,292.607928,300.510018,308.21736,314.751351,323.631758,330.223498,338.79821,345.756968,353.557977,361.663717,369.116912,376.799456,384.512839,391.808921,400.312799,408.941954,417.258018,424.695149,432.872017,442.29025,449.616297,459.613133,468.802275,480.076306,491.114022,504.193679,521.156634,536.999641,560.744858,591.806776,635.332182,699.388128,804.192581,986.115269,1367.067,2508.57,62253.099,-2427.547,-1149.899,-733.418413,-533.389427,-415.95478,-339.461112,-286.124343,-246.797035,-216.998277,-193.595261,-174.637772,-159.184754,-146.395133,-135.503445,-126.07898,-117.887101,-110.850289,-104.752215,-99.194236,-97.834513],"unit":"ohms"},"conductance":{"value":[-0.006615184,-0.011480749,-0.012540484,-0.013875696,-0.015533727,-0.017551274,-0.020310268,-0.023976503,-0.02935809,-0.037701146,-0.05275538,-0.088127038,-0.26331502,0.263618007,0.08772909,0.052795212,0.037636011,0.029302042,0.024009557,0.020301969,0.017570189,0.015487409,0.01388,0.01254041,0.011466521,0.01054495,0.009763607,0.009108253,0.00851148,0.007991404,0.007528779,0.00713167,0.006757088,0.006423157,0.006143342,0.005856166,0.005621147,0.005380676,0.005169249,0.00497355,0.004795027,0.004619657,0.004472043,0.004318865,0.004174517,0.004053896,0.003929986,0.003822718,0.003702434,0.00361039,0.003509895,0.003417542,0.003327676,0.003244464,0.003177111,0.003089932,0.003028252,0.002951609,0.002892205,0.00282839,0.002765,0.002709169,0.002653932,0.002600693,0.002552265,0.002498047,0.002445335,0.002396599,0.00235463,0.002310152,0.002260959,0.002224119,0.002175743,0.002133095,0.002083002,0.002036187,0.001983365,0.001918809,0.001862199,0.001783342,0.001689741,0.00157398,0.001429821,0.001243483,0.00101408,0.000731492811,0.000398633465,1.6063457e-5,-0.000411938533,-0.000869641565,-0.001363478,-0.001874803,-0.002404107,-0.002945846,-0.003494984,-0.004051913,-0.004608332,-0.005165416,-0.005726138,-0.006282009,-0.006830828,-0.007379886,-0.007931536,-0.008482692,-0.009021176,-0.009546338,-0.010081231,-0.010221342],"unit":"S"},"power":{"value":[-0.26450906,-0.388633876,-0.353902359,-0.320481293,-0.287290313,-0.252700702,-0.219638983,-0.185615937,-0.152128958,-0.11819151,-0.084376251,-0.050689295,-0.016857127,0.01686873,0.050538687,0.084478219,0.118053642,0.151910955,0.185921194,0.219598567,0.25301125,0.28644875,0.320676277,0.353954516,0.38817238,0.421816321,0.455456772,0.490216865,0.523456458,0.556932452,0.590228015,0.624891712,0.65784863,0.691003044,0.726949718,0.758956636,0.794694986,0.826784792,0.86054014,0.894173251,0.928368714,0.960578249,0.996276002,1.028555,1.060422,1.096217,1.12915,1.164812,1.194447,1.231295,1.263544,1.296844,1.329228,1.362411,1.400855,1.428764,1.466915,1.496314,1.532792,1.565623,1.597097,1.631513,1.664691,1.697877,1.732942,1.762634,1.791818,1.822325,1.85679,1.887769,1.913622,1.948582,1.971911,1.998824,2.0169,2.036271,2.047432,2.043556,2.04521,2.0189,1.970936,1.89068,1.768087,1.582249,1.327146,0.984296872,0.551294814,0.022824825,-0.601133185,-1.302896,-2.096491,-2.957466,-3.889786,-4.887003,-5.942969,-7.060036,-8.225583,-9.442034,-10.715719,-12.032763,-13.388224,-14.796993,-16.264608,-17.785822,-19.335491,-20.91083,-22.561476,-22.997931],"unit":"mW"},"J":{"value":[0.013851214,0.022118316,0.022059492,0.022081336,0.022120501,0.022052314,0.022116132,0.022090074,0.022129239,0.022103805,0.022092259,0.022131423,0.022061052,0.022081336,0.022048569,0.022113947,0.022071818,0.022092259,0.022123465,0.022109577999999998,0.022077748,0.022055123,0.022091479,0.022061052,0.022091479,0.022084145,0.022081336,0.022126273999999998,0.022102401,0.022090698,0.022073379,0.022105208999999997,0.022076967,0.022060272000000002,0.022128457999999997,0.022075563,0.022131423,0.022085705,0.022084925,0.022082117000000002,0.022092883,0.022058087,0.022102401,0.022069634,0.02203125,0.022074003000000002,0.022058087,0.022095848,0.022020327000000003,0.022077748,0.022051534,0.022044357,0.022022511999999998,0.022015178,0.022090698,0.022001447,0.022069634,0.022005816,0.022047165,0.022034839,0.022004411999999998,0.022014554,0.022009405000000003,0.022003632,0.022021732,0.021972425,0.021918594,0.021883018,0.021894721,0.021867103,0.021780661,0.021798917,0.021689225,0.021621663000000003,0.021462665000000002,0.021321767000000002,0.02110098,0.020735082999999998,0.020435187,0.019868787000000002,0.019109217999999997,0.01806364,0.016649043999999998,0.014687708,0.012147645,0.008885149,0.004908801000000001,0.000200502535,-0.005210725,-0.011146069000000002,-0.017703828,-0.024656663000000002,-0.032021113,-0.039730397,-0.047722256000000005,-0.056005429,-0.064469133,-0.073127722,-0.08202348100000001,-0.091039229,-0.100137051,-0.10942289300000001,-0.118931551,-0.128617617,-0.13829479,-0.14794512599999998,-0.15792001,-0.160544331],"unit":"A\/cm2"},"power_density":{"value":[-2.769728,-4.069465,-3.705784,-3.355825,-3.008276,-2.646081,-2.299885,-1.943622,-1.592973,-1.237607,-0.883520956,-0.530777957,-0.176514416,0.176635914,0.529200909,0.884588684,1.236164,1.590691,1.946819,2.299461,2.649332,2.999463,3.357867,3.70633,4.064632,4.416925,4.769181,5.133161,5.481219,5.831753,6.180398,6.543369,6.888467,7.235634,7.612039,7.94719,8.321413,8.657432,9.010892,9.363071,9.721138,10.058411,10.432209,10.770206,11.103896,11.478707,11.823556,12.196983,12.507301,12.893144,13.230824,13.579517,13.918615,14.266088,14.668641,14.960876,15.360367,15.668212,16.050177,16.393956,16.723526,17.083903,17.431319,17.778821,18.145988,18.456903,18.762488,19.081939,19.442831,19.76721,20.037929,20.403996,20.64828,20.930098,21.119369,21.322204,21.439075,21.398493,21.415815,21.140311,20.638072,19.797701,18.513999,16.568053,13.896814,10.306774,5.772721,0.239003403,-6.294588,-13.642894,-21.95278,-30.968229,-40.730744,-51.172802,-62.230045,-73.927083,-86.131758,-98.869464,-112.206482,-125.997518,-140.190831,-154.942335,-170.310028,-186.238979,-202.465879,-218.961575,-236.24582,-240.816036],"unit":"mW\/cm2"},"timestamps":{"value":[0.019,0.044,0.067,0.104,0.126,0.147,0.169,0.193,0.216,0.241,0.262,0.284,0.308,0.33,0.355,0.377,0.398,0.422,0.445,0.467,0.489,0.514,0.537,0.558,0.584,0.605,0.629,0.651,0.675,0.697,0.72,0.743,0.766,0.789,0.811,0.833,0.856,0.88,0.904,0.927,0.95,0.986,1.01,1.034,1.057,1.079,1.102,1.125,1.147,1.17,1.192,1.216,1.239,1.262,1.284,1.31,1.331,1.355,1.377,1.4,1.427,1.452,1.474,1.495,1.519,1.542,1.565,1.59,1.611,1.634,1.654,1.677,1.7,1.722,1.748,1.77,1.797,1.821,1.844,1.869,1.909,1.931,1.954,1.977,1.999,2.022,2.049,2.072,2.096,2.119,2.144,2.168,2.196,2.218,2.24,2.261,2.284,2.307,2.333,2.356,2.379,2.403,2.425,2.446,2.469,2.493,2.515,2.538],"unit":"s"},"p_max":{"unit":"mW","value":2.047432},"v_p_max":{"unit":"V","value":1.016023},"i_p_max":{"unit":"mA","value":2.015144},"j_p_max":{"unit":"mA\/cm2","value":21.10098},"voc":{"unit":"V","value":1.192614},"isc":{"unit":"mA","value":2.107799},"jsc":{"unit":"mA\/cm2","value":22.071195},"fill_factor":{"unit":"%","value":81.447965},"efficiency":{"unit":"%","value":21.439075},"r_s":{"unit":"ohms","value":24.677648},"r_sh":{"unit":"ohms","value":392.787485},"cell_dimension":{"value":0.09550000454833778,"unit":"cm2"},"sweep_direction":{"unit":"","value":"Forward"},"key":"forward23_1cell_231020"}]}}