{"_id":"6530d3b37f354217dd3f80ef","id":"KAIST-SC-00052","author":105,"group":12,"input":[{"tco":{"unit":"","value":"ITO"}},{"etl":[{"material":{"unit":"","value":"SnO2"},"concentration":{"unit":"","value":"5"},"conc_unit":{"unit":"","value":"wt%"},"quantity":{"unit":"ml","value":"0.4"}}],"solvent":[{"material":{"unit":"","value":"DI Water"},"volume":{"unit":"ml","value":"0.8"}}],"spin_coating":[{"type":{"unit":"","value":"drop&run"},"rpm":{"unit":"","value":"4000"},"time":{"unit":"s","value":"30"}}],"annealing":[{"temperature":{"unit":"oC","value":"150"},"time":{"unit":"m","value":"30"}}]},{"perovskite":{"method":{"unit":"","value":"1-step"},"molarity":{"unit":"M","value":"1.8"},"a_site":[{"material":{"unit":"","value":"FA"},"ratio":{"unit":"","value":"97.5"}},{"material":{"unit":"","value":"MA"},"ratio":{"unit":"","value":"2.5"}}],"b_site":[{"material":{"unit":"","value":"Pb"},"ratio":{"unit":"","value":"100"}}],"x_site":[{"material":{"unit":"","value":"I"},"ratio":{"unit":"","value":"97.5"}},{"material":{"unit":"","value":"Br"},"ratio":{"unit":"","value":"2.5"}}],"solvent":[{"material":{"unit":"","value":"DMF"},"volume":{"unit":"ml","value":"0.8"}},{"material":{"unit":"","value":"DMSO"},"volume":{"unit":"ml","value":"0.1"}}],"additive":[{"material":{"unit":"","value":"MACl"},"solvent":{"unit":"","value":"None"},"concentration":{"unit":"","value":"47.62"},"conc_unit":{"unit":"","value":"mg\/ml"},"quantity":{"unit":"mol%","value":"35"}}],"stirring_time":[{"unit":"m","value":"20"}],"antisolvent":[{"material":{"unit":"","value":"DEE"},"quantity":{"unit":"ul","value":"1000"},"dripping_time":{"unit":"s","value":"28"}}],"spin_coating":[{"type":{"unit":"","value":"drop&run"},"rpm":{"unit":"","value":"5000"},"time":{"unit":"s","value":"15"}}],"annealing":[{"temperature":{"unit":"oC","value":"100"},"time":{"unit":"m","value":"60"}}],"atmosphere":[{"type":{"unit":"","value":"Air"},"temperature":{"unit":"oC","value":"22"},"humidity":{"unit":"RH%","value":"19"}}]}},{"perovskite_treatment":[{"material":{"unit":"","value":"OAI"},"concentration":{"unit":"","value":"2.5"},"conc_unit":{"unit":"","value":"mg\/ml"},"quantity":{"unit":"ml","value":"0.4"}}],"solvent":[{"material":{"unit":"","value":"CF"},"volume":{"unit":"ml","value":"0.8"}}],"spin_coating":[{"type":{"unit":"","value":"drop&run"},"rpm":{"unit":"","value":"5000"},"time":{"unit":"s","value":"5"}}],"annealing":[{"temperature":{"unit":"oC","value":"100"},"time":{"unit":"m","value":"3"}}]},{"htl":[{"material":{"unit":"","value":"Spiro-OMeTAD"},"concentration":{"unit":"","value":"91"},"conc_unit":{"unit":"","value":"mg\/ml"},"quantity":{"unit":"ml","value":"0.08"}}],"solvent":[{"material":{"unit":"","value":"CB"},"volume":{"unit":"ml","value":"1.1"}}],"htl_doping":[{"material":{"unit":"","value":"tBP"},"volume":{"unit":"ul","value":"39"}},{"material":{"unit":"","value":"Li-TFSI"},"volume":{"unit":"ul","value":"23"}},{"material":{"unit":"","value":"Co-TFSI"},"volume":{"unit":"ul","value":"10"}}],"spin_coating":[{"type":{"unit":"","value":"dynamic"},"rpm":{"unit":"","value":"2000"},"time":{"unit":"s","value":"30"}}]},{"anode_metal":{"unit":"","value":"Au"}},{"note":{"unit":"","value":"-"},"ar":{"unit":"","value":"0"},"type":{"unit":"","value":"unit_cell"},"device_type":{"unit":"","value":"n-i-p"},"temperature":{"unit":"oC","value":"22"},"humidity":{"unit":"%","value":"19"},"cell_dimension":{"unit":"cm2","value":"0.0955"}}],"fileinfo":[{"key":"reverse1_2cell_231019","uploadType":"JV","original_name":"reverse1_2cell_231019.csv","save_name":"KAIST-SC-00052\/reverse1_2cell_231019","uploader":105,"fileType":""},{"key":"forward1_2cell_231019","uploadType":"JV","original_name":"forward1_2cell_231019.csv","save_name":"KAIST-SC-00052\/forward1_2cell_231019","uploader":105,"fileType":""},{"key":"reverse1_1cell_231019","uploadType":"JV","original_name":"reverse1_1cell_231019.csv","save_name":"KAIST-SC-00052\/reverse1_1cell_231019","uploader":105,"fileType":""},{"key":"forward1_1cell_231019","uploadType":"JV","original_name":"forward1_1cell_231019.csv","save_name":"KAIST-SC-00052\/forward1_1cell_231019","uploader":105,"fileType":""},{"key":"reverse1_4cell_231019","uploadType":"JV","original_name":"reverse1_4cell_231019.csv","save_name":"KAIST-SC-00052\/reverse1_4cell_231019","uploader":105,"fileType":""},{"key":"forward1_4cell_231019","uploadType":"JV","original_name":"forward1_4cell_231019.csv","save_name":"KAIST-SC-00052\/forward1_4cell_231019","uploader":105,"fileType":""},{"key":"reverse1_3cell_231019","uploadType":"JV","original_name":"reverse1_3cell_231019.csv","save_name":"KAIST-SC-00052\/reverse1_3cell_231019","uploader":105,"fileType":""},{"key":"forward1_3cell_231019","uploadType":"JV","original_name":"forward1_3cell_231019.csv","save_name":"KAIST-SC-00052\/forward1_3cell_231019","uploader":105,"fileType":""}],"jvcnt":8,"updated_at":"2024-08-19 05:24:10","created_at":"2023-10-19 06:58:59","analysisInfo":{"JV":[{"efficiency":14.770361,"fill_factor":66.239036,"jsc":22.932032,"voc":0.972376729,"key":"reverse1_4cell_231019","cell_dimension":0.09549999858001229},{"efficiency":14.732626,"fill_factor":66.280808,"jsc":23.036441,"voc":0.964888171,"key":"reverse1_3cell_231019","cell_dimension":0.09549999985203877},{"efficiency":13.735075,"fill_factor":61.300292,"jsc":23.075266,"voc":0.971005732,"key":"reverse1_2cell_231019","cell_dimension":0.09550000320341662},{"efficiency":12.311071,"fill_factor":57.701341,"jsc":22.992347,"voc":0.927954336,"key":"reverse1_1cell_231019","cell_dimension":0.09550000209822507},{"efficiency":12.910181,"fill_factor":55.655578,"jsc":22.884649,"voc":1.01363,"key":"forward1_4cell_231019","cell_dimension":0.09549997763956991},{"efficiency":11.431043,"fill_factor":50.196654,"jsc":23.011725,"voc":0.98960513,"key":"forward1_3cell_231019","cell_dimension":0.09550001603095933},{"efficiency":9.508906,"fill_factor":41.631539,"jsc":23.008192,"voc":0.992717294,"key":"forward1_2cell_231019","cell_dimension":0.09550001919707393},{"efficiency":6.657192,"fill_factor":30.551123,"jsc":22.896755,"voc":0.951677906,"key":"forward1_1cell_231019","cell_dimension":0.0955000370754243}]},"public":2,"tags":[],"analysis":{"JV":[{"V":{"value":[1.50021,1.484211,1.468215,1.452241,1.436226,1.420234,1.404242,1.388219,1.372211,1.356201,1.340197,1.324225,1.308207,1.292206,1.276208,1.260205,1.24419,1.228186,1.212217,1.196214,1.18021,1.164187,1.148185,1.132179,1.11616,1.100183,1.084212,1.068199,1.052188,1.036177,1.020177,1.00416,0.988180876,0.97224474,0.956184626,0.94017911,0.924165249,0.908159494,0.892156601,0.876153707,0.86017561,0.844158888,0.828161478,0.812151909,0.796144962,0.780132532,0.764136314,0.748148441,0.732155085,0.716152191,0.700149298,0.684130192,0.668121815,0.652114868,0.636151552,0.620145798,0.604134798,0.588131905,0.572131872,0.556119442,0.540115118,0.524128675,0.508125782,0.492122889,0.476110458,0.460107565,0.444110155,0.428100348,0.412117958,0.396117687,0.380109549,0.364101171,0.348092794,0.332082987,0.316081524,0.300076008,0.284100294,0.268091917,0.252094507,0.236084938,0.220076561,0.204072714,0.188080311,0.172078371,0.156066895,0.140071869,0.124069929,0.108072042,0.092070103,0.076062679,0.060065985,0.04407239,0.028062105,0.012009621,-0.003993183,-0.019995183,-0.035945654,-0.051942348,-0.067937374,-0.083936691,-0.099951029,-0.115950108,-0.131942749,-0.147948742,-0.163950682,-0.179955482,-0.195955992,-0.19994545],"unit":"V"},"I":{"value":[-0.008541271,-0.010185495,-0.01023674,-0.010037273000000001,-0.009748757,-0.009407669,-0.009043068,-0.008667231,-0.008279114999999998,-0.007888645,-0.007490948000000001,-0.007090703,-0.006694198,-0.00629437,-0.005891472,-0.005501077,-0.005105615,-0.004714921,-0.004336938,-0.003956378,-0.003578886,-0.003218919,-0.002865627,-0.002520025,-0.0021833779999999997,-0.001862124,-0.00155057,-0.0012613680000000001,-0.000988796353,-0.000741824508,-0.000518918037,-0.00032159686100000003,-0.00014987587899999998,1.2516980000000002e-6,0.000140935183,0.000270217657,0.000402480364,0.000540152192,0.000685930252,0.000837340951,0.001009271,0.0011629020000000002,0.0013125690000000002,0.0014498979999999998,0.001581669,0.001689374,0.001787722,0.0018540319999999998,0.0019109700000000001,0.00196965,0.002003491,0.002042606,0.002064869,0.0020869369999999996,0.002111062,0.002115235,0.002137348,0.0021408200000000003,0.00214991,0.0021528149999999998,0.002162814,0.0021592679999999998,0.002169117,0.0021665540000000002,0.0021731410000000004,0.0021723059999999997,0.002177447,0.002181262,0.002175644,0.002189368,0.002184242,0.00218375,0.002184585,0.002187639,0.0021808450000000003,0.002191171,0.0021808450000000003,0.0021870880000000002,0.0021871480000000003,0.002184451,0.0021944340000000003,0.002184585,0.002191931,0.002188057,0.0021885340000000002,0.002192497,0.002185076,0.002198175,0.002186045,0.002190754,0.0021899190000000002,0.002192974,0.002185136,0.002195477,0.0021881910000000004,0.0021987260000000002,0.0021870880000000002,0.00219208,0.00218986,0.002186522,0.002193943,0.002191171,0.002195328,0.002192974,0.002198935,0.002189159,0.002194092,0.0021923479999999998],"unit":"A"},"resistance":{"value":[-175.642509,-145.718145,-143.426076,-144.684832,-147.324028,-150.965575,-155.283814,-160.168679,-165.743622,-171.918081,-178.908816,-186.755109,-195.424023,-205.295468,-216.619572,-229.08339,-243.690583,-260.489171,-279.50988,-302.350875,-329.770143,-361.670083,-400.674914,-449.273162,-511.207993,-590.821814,-699.234304,-846.857588,-1064.11,-1396.796,-1965.97,-3122.42,-6593.328,776740.952,6784.57,3479.34,2296.175,1681.303,1300.652,1046.352,852.274557,725.907459,630.947108,560.144212,503.357552,461.787814,427.435735,403.525036,383.132771,363.593557,349.464671,334.930003,323.56623,312.474567,301.341898,293.180605,282.656255,274.722722,266.11902,258.321929,249.727939,242.734462,234.254632,227.145418,219.088654,211.806038,203.959104,196.26271,189.423431,180.927868,174.02355,166.732055,159.340486,151.799687,144.935376,136.947779,130.270768,122.579384,115.261764,108.0752,100.288512,93.414877,85.805762,78.644384,71.311173,63.886907,56.780589,49.164449,42.117203,34.719866,27.4284,20.097086,12.842269,5.470163,-1.824879,-9.093986,-16.435393,-23.695462,-31.023619,-38.388224,-45.557721,-52.916959,-60.101598,-67.464884,-74.559146,-82.203006,-89.310758,-91.201501],"unit":"ohms"},"conductance":{"value":[-0.005693383,-0.006862563,-0.006972233,-0.006911575,-0.006787759,-0.006624027,-0.006439821,-0.006243418,-0.006033415,-0.005816724,-0.005589439,-0.005354606,-0.005117078,-0.004871028,-0.004616388,-0.004365223,-0.004103564,-0.003838931,-0.003577691,-0.003307416,-0.003032415,-0.002764951,-0.002495789,-0.002225817,-0.001956151,-0.001692558,-0.001430136,-0.001180836,-0.000939752406,-0.000715924397,-0.000508654845,-0.000320264431,-0.000151668468,1.287431e-6,0.000147393274,0.000287410829,0.000435506923,0.000594776794,0.000768845124,0.000955700973,0.001173331,0.001377586,0.001584919,0.001785255,0.001986659,0.002165497,0.002339533,0.002478161,0.002610061,0.002750324,0.00286152,0.002985698,0.003090557,0.00320026,0.00331849,0.003410867,0.003537866,0.003640034,0.003757717,0.003871139,0.004004358,0.004119728,0.004268859,0.004402466,0.004564362,0.004721301,0.004902944,0.005095211,0.005279178,0.005527065,0.005746349,0.005997647,0.006275869,0.006587629,0.006899627,0.007302053,0.007676319,0.008157979,0.008675904,0.009252817,0.009971232,0.010704933,0.011654229,0.012715466,0.014023048,0.015652659,0.017611652,0.020339901,0.023743267,0.028801954,0.036458561,0.049758457,0.07786786,0.182809894,-0.547981551,-0.109962783,-0.060844299,-0.042202174,-0.032233506,-0.026049655,-0.021950176,-0.018897534,-0.016638493,-0.014822526,-0.013412171,-0.012165005,-0.011196859,-0.010964732],"unit":"S"},"power":{"value":[-12.813703,-15.117428,-15.02974,-14.576541,-14.001419,-13.361094,-12.698656,-12.032013,-11.360689,-10.698586,-10.039343,-9.389685,-8.757396,-8.13362,-7.518745,-6.932486,-6.352356,-5.7908,-5.257311,-4.732675,-4.223837,-3.747423,-3.29027,-2.85312,-2.436999,-2.048677,-1.681146,-1.347393,-1.0404,-0.76866161,-0.529388312,-0.322934834,-0.148104478,0.001216956,0.134760055,0.254052996,0.371958366,0.490544342,0.611957202,0.733639379,0.86814991,0.981673654,1.087019,1.177537,1.259238,1.317936,1.366063,1.387091,1.399126,1.410569,1.402743,1.397409,1.379584,1.360923,1.342956,1.311754,1.291246,1.259085,1.230032,1.197223,1.168169,1.131734,1.102184,1.066211,1.034655,0.999494507,0.967026361,0.933798925,0.896621979,0.867247392,0.830251244,0.795106032,0.760438206,0.726477851,0.689324667,0.657517861,0.619578577,0.58634065,0.551367931,0.515715891,0.482943577,0.445814136,0.412259066,0.376517234,0.341557634,0.307107188,0.271102283,0.237561218,0.201269392,0.166634605,0.131539662,0.096649609,0.061319519,0.026366852,-0.008737847,-0.043963927,-0.078616313,-0.113861784,-0.148773321,-0.183529413,-0.219286827,-0.254066519,-0.289657674,-0.324447758,-0.360516819,-0.393951235,-0.429945411,-0.438350055],"unit":"mW"},"J":{"value":[-0.089437394,-0.106654398,-0.107190996,-0.105102337,-0.10208122400000001,-0.098509626,-0.09469180799999999,-0.090756341,-0.086692303,-0.08260361199999999,-0.078439244,-0.07424819499999999,-0.070096311,-0.06590963000000001,-0.061690807,-0.057602896,-0.053461934,-0.049370902,-0.045412966,-0.041428037,-0.03747525,-0.033705959,-0.03000657,-0.026387694,-0.022862594,-0.019498677,-0.016236336,-0.013208046,-0.010353889,-0.0077677959999999996,-0.005433697,-0.003367506,-0.001569381,1.3106781e-5,0.0014757610000000001,0.002829504,0.004214454,0.005656044,0.007182516,0.008767968,0.010568277999999999,0.012176979,0.013744176,0.015182177,0.016561978,0.017689785,0.018719602999999998,0.019413951000000002,0.020010153,0.020624611,0.020978963,0.021388549,0.021621663000000003,0.021852747999999998,0.022105366,0.022149055,0.022380608,0.022416964,0.022512143999999998,0.02254257,0.022647268,0.022610133,0.02271327,0.022686433000000002,0.022755399,0.022746662,0.022800492999999998,0.022840437,0.022781613,0.022925319,0.022871644,0.022866495,0.022875233000000002,0.02290722,0.022836068999999997,0.022944199000000002,0.022836068999999997,0.022901446,0.022902071,0.022873829000000002,0.022978371,0.022875233000000002,0.022952157,0.022911589,0.022916581999999998,0.022958086000000003,0.022880382,0.023017535,0.022890524,0.022939831,0.022931093,0.022963079,0.022881006,0.022989293,0.022912993,0.023023308,0.022901446,0.022953717000000002,0.022930469,0.022895517,0.022973222,0.022944199000000002,0.022987733,0.022963079,0.023025493,0.022923134999999997,0.022974782000000003,0.022956526],"unit":"A\/cm2"},"power_density":{"value":[-134.174898,-158.297678,-157.379478,-152.633942,-146.611721,-139.906741,-132.970218,-125.989667,-118.960089,-112.027076,-105.124009,-98.321313,-91.700487,-85.168792,-78.730312,-72.591473,-66.516815,-60.636645,-55.050374,-49.556806,-44.22866,-39.240029,-34.453094,-29.875606,-25.518317,-21.452117,-17.603628,-14.108827,-10.894239,-8.048813,-5.543333,-3.381517,-1.550832,0.012742998,1.4111,2.660241,3.894852,5.13659,6.407929,7.682088,9.090575,10.279305,11.382397,12.330234,13.185735,13.800377,14.304329,14.524517,14.650535,14.770361,14.688406,14.632552,14.445905,14.250502,14.062363,13.735643,13.520904,13.184132,12.879915,12.536362,12.232132,11.850619,11.541198,11.164513,10.834084,10.465911,10.12593,9.777999,9.388712,9.081125,8.69373,8.325718,7.962704,7.607098,7.218059,6.885004,6.487734,6.139693,5.773486,5.400166,5.057001,4.668211,4.316849,3.942589,3.57652,3.215782,2.838767,2.487552,2.107533,1.744865,1.377379,1.012038,0.642089199,0.276092689,-0.091495782,-0.460355256,-0.823207467,-1.19227,-1.557836,-1.921774,-2.296197,-2.660382,-3.033065,-3.397359,-3.775045,-4.125144,-4.502046,-4.590053],"unit":"mW\/cm2"},"timestamps":{"value":[0.018,0.044,0.068,0.09,0.112,0.133,0.155,0.178,0.201,0.226,0.248,0.271,0.294,0.316,0.352,0.375,0.406,0.438,0.461,0.487,0.52,0.541,0.563,0.584,0.608,0.63,0.655,0.678,0.701,0.724,0.747,0.769,0.791,0.814,0.836,0.859,0.881,0.902,0.924,0.945,0.976,0.999,1.022,1.044,1.069,1.102,1.126,1.149,1.17,1.191,1.214,1.237,1.272,1.296,1.317,1.339,1.36,1.384,1.406,1.429,1.45,1.471,1.495,1.516,1.539,1.56,1.583,1.606,1.629,1.651,1.674,1.697,1.717,1.739,1.761,1.783,1.806,1.828,1.854,1.878,1.9,1.923,1.944,1.969,1.99,2.018,2.044,2.066,2.088,2.129,2.155,2.176,2.203,2.228,2.249,2.272,2.296,2.322,2.344,2.37,2.394,2.416,2.439,2.46,2.483,2.506,2.528,2.556],"unit":"s"},"p_max":{"unit":"mW","value":1.410569},"v_p_max":{"unit":"V","value":0.716152191},"i_p_max":{"unit":"mA","value":1.96965},"j_p_max":{"unit":"mA\/cm2","value":20.624611},"voc":{"unit":"V","value":0.972376729},"isc":{"unit":"mA","value":2.190009},"jsc":{"unit":"mA\/cm2","value":22.932032},"fill_factor":{"unit":"%","value":66.239036},"efficiency":{"unit":"%","value":14.770361},"r_s":{"unit":"ohms","value":55.544058},"r_sh":{"unit":"ohms","value":4060.131},"cell_dimension":{"value":0.09549999858001229,"unit":"cm2"},"sweep_direction":{"unit":"","value":"Reverse"},"key":"reverse1_4cell_231019"},{"V":{"value":[1.500208,1.484211,1.46821,1.452241,1.436214,1.42024,1.404235,1.38822,1.372209,1.356205,1.340197,1.324225,1.308206,1.292204,1.276207,1.260207,1.244193,1.228184,1.212212,1.196214,1.180207,1.164187,1.14819,1.132177,1.116163,1.100202,1.084203,1.068208,1.052191,1.036179,1.02018,1.004162,0.988183498,0.972186089,0.956181765,0.940177679,0.924166679,0.908155441,0.892162085,0.876157999,0.860176802,0.844157696,0.828157425,0.812149048,0.796144962,0.780132532,0.764137745,0.748171568,0.732149601,0.716137171,0.700148106,0.684127331,0.668113708,0.652117491,0.636152744,0.620145798,0.604141712,0.588127851,0.572129011,0.556124687,0.540113688,0.524125814,0.508128405,0.492122889,0.47611165,0.460103512,0.444111347,0.428103209,0.412119389,0.396106958,0.380132675,0.364095688,0.348096848,0.332082987,0.316078901,0.30007863,0.284103155,0.268094778,0.252089024,0.236082077,0.2200737,0.204077005,0.188075066,0.172079802,0.156069756,0.140066385,0.124068499,0.108074665,0.092065811,0.076062679,0.060057878,0.044075012,0.028056622,0.012007803,-0.003991485,-0.019995481,-0.035944462,-0.051943541,-0.067935944,-0.083940744,-0.099951029,-0.115950108,-0.131942749,-0.147950172,-0.163952112,-0.179954052,-0.195950747,-0.199948072],"unit":"V"},"I":{"value":[-0.01097247,-0.012563840000000001,-0.012460082999999999,-0.012247995,-0.011890948,-0.011465028,-0.011038631,-0.010564387,-0.010077432,-0.009586737,-0.009091884,-0.008595094,-0.008102536,-0.007609278,-0.007119492,-0.006637052,-0.0061566979999999995,-0.005684733,-0.005221292,-0.0047623660000000005,-0.0043115620000000006,-0.003872186,-0.003441006,-0.003022864,-0.002618998,-0.0022317170000000002,-0.0018634349999999999,-0.00151673,-0.001196027,-0.000902801752,-0.000643342733,-0.000416606665,-0.0002271384,-6.4700842e-5,7.7188015e-5,0.000207647681,0.00034366548099999997,0.00048118829699999997,0.000627115369,0.000783726573,0.000945672393,0.001122251,0.0012869090000000001,0.001426458,0.00157474,0.001682103,0.001774341,0.001848906,0.001917079,0.001963064,0.002009526,0.002039626,0.002070427,0.002088174,0.002112731,0.0021207780000000002,0.0021386,0.002145261,0.002153441,0.0021670310000000003,0.002163291,0.002174318,0.002172932,0.0021795179999999996,0.0021800099999999996,0.002180979,0.002191171,0.002186939,0.002189651,0.00219138,0.0021956859999999996,0.0021910370000000003,0.002200261,0.002192631,0.00219506,0.0021929140000000002,0.0021986659999999997,0.0021954030000000003,0.00219734,0.002201781,0.002197489,0.002204284,0.0022043590000000004,0.002201021,0.002203658,0.002199218,0.002202272,0.0022040009999999997,0.0022012290000000003,0.00220567,0.002199918,0.00219956,0.00220789,0.002196446,0.0022011549999999998,0.0022016469999999997,0.0022012290000000003,0.002208859,0.0022021980000000003,0.0022065640000000003,0.00219956,0.0022074729999999997,0.0022016469999999997,0.002205461,0.0022065640000000003,0.0022016469999999997,0.002212048,0.002200738],"unit":"A"},"resistance":{"value":[-136.724699,-118.133588,-117.833084,-118.569712,-120.782107,-123.875816,-127.211004,-131.405645,-136.166545,-141.46678,-147.405821,-154.067534,-161.45634,-169.819548,-179.255316,-189.874474,-202.087688,-216.049615,-232.166966,-251.180631,-273.730812,-300.653619,-333.678731,-374.537757,-426.17936,-492.98467,-581.830616,-704.283418,-879.738662,-1147.737,-1585.748,-2410.336,-4350.579,-15025.865,12387.697,4527.754,2689.146,1887.318,1422.644,1117.938,909.592802,752.200337,643.524472,569.346482,505.572384,463.784132,430.66006,404.656297,381.908918,364.805805,348.414572,335.417988,322.69369,312.290748,301.10442,292.414297,282.494053,274.152175,265.681265,256.629759,249.672232,241.052989,233.844592,225.794332,218.39883,210.961951,202.68219,195.754516,188.212352,180.756883,173.127058,166.175057,158.207088,151.45409,143.995547,136.840097,129.21613,122.116432,114.724625,107.223249,100.147799,92.58199,85.319633,78.181818,70.823031,63.689187,56.336581,49.035671,41.824725,34.48507,27.300053,20.0381,12.707435,5.466924,-1.813359,-9.082058,-16.329267,-23.516008,-30.849155,-38.041383,-45.441366,-52.526174,-59.929124,-67.083551,-74.301999,-81.736122,-88.583423,-90.855026],"unit":"ohms"},"conductance":{"value":[-0.007313967,-0.008464993,-0.008486581,-0.008433857,-0.008279372,-0.008072601,-0.007860955,-0.007610023,-0.007343948,-0.007068797,-0.006783993,-0.00649066,-0.006193625,-0.005888604,-0.005578635,-0.005266637,-0.004948347,-0.004628566,-0.004307245,-0.003981199,-0.003653224,-0.003326087,-0.002996895,-0.002669958,-0.00234643,-0.002028461,-0.001718713,-0.001419883,-0.001136701,-0.000871280069,-0.00063061704,-0.000414880003,-0.000229854476,-6.6551911e-5,8.0725253e-5,0.000220860042,0.000371865258,0.000529852353,0.000702916409,0.000894503701,0.001099393,0.001329433,0.001553942,0.0017564,0.001977956,0.002156176,0.002322017,0.002471233,0.002618425,0.002741184,0.002870144,0.002981355,0.003098914,0.003202144,0.003321107,0.003419805,0.003539898,0.003647609,0.003763909,0.003896664,0.004005251,0.004148465,0.004276344,0.004428809,0.004578779,0.004740191,0.004933833,0.005108439,0.005313148,0.005532293,0.005776105,0.00601775,0.006320829,0.006602661,0.006944659,0.0073078,0.007738972,0.008188906,0.008716524,0.009326336,0.009985242,0.010801237,0.011720632,0.012790698,0.014119701,0.015701252,0.017750456,0.020393317,0.023909303,0.028998057,0.036629966,0.04990493,0.078694085,0.182918233,-0.551462683,-0.110107208,-0.061239735,-0.042524223,-0.032415799,-0.026287162,-0.022006381,-0.019038127,-0.016686378,-0.014906784,-0.013458588,-0.012234493,-0.011288794,-0.011006546],"unit":"S"},"power":{"value":[-16.460984,-18.647394,-18.294018,-17.787042,-17.077943,-16.283088,-15.500836,-14.665694,-13.828343,-13.001578,-12.184912,-11.381838,-10.599785,-9.83274,-9.085943,-8.364057,-7.660119,-6.981901,-6.329311,-5.69681,-5.088536,-4.507947,-3.95093,-3.422417,-2.923229,-2.45534,-2.020343,-1.620182,-1.258449,-0.935463846,-0.656325228,-0.418340513,-0.224454419,-0.062901258,0.073805772,0.195225715,0.317604186,0.43699377,0.559488555,0.686668306,0.813445454,0.947356947,1.065763,1.158497,1.253721,1.312263,1.355841,1.383299,1.403589,1.405823,1.406966,1.395364,1.383281,1.361735,1.34402,1.315192,1.292017,1.261687,1.232046,1.20514,1.168423,1.139616,1.104128,1.072591,1.037928,1.003476,0.973123927,0.936235654,0.902397686,0.868020734,0.834652032,0.797747102,0.765903834,0.728135572,0.693812233,0.658046776,0.624648043,0.588576075,0.553925328,0.519800955,0.483609566,0.449843692,0.414584884,0.378751208,0.3439244,0.30803647,0.273232632,0.238196664,0.202657964,0.167769161,0.13212241,0.096945652,0.061945938,0.026374491,-0.008785876,-0.044022982,-0.079122004,-0.114735943,-0.149608393,-0.18522062,-0.219848325,-0.255956723,-0.2904913,-0.326298374,-0.36177082,-0.396195221,-0.433452374,-0.44003324],"unit":"mW"},"J":{"value":[-0.11489497400000001,-0.13155852899999998,-0.130472071,-0.12825125199999998,-0.12451254299999999,-0.12005264800000001,-0.115587761,-0.110621852,-0.105522846,-0.10038467599999999,-0.095202973,-0.090000985,-0.084843311,-0.079678303,-0.074549651,-0.069497924,-0.064468041,-0.059526004,-0.054673219,-0.049867711,-0.045147242,-0.04054645,-0.036031476,-0.031653031,-0.027424066,-0.023368766,-0.019512407,-0.015881985,-0.012523840999999999,-0.009453421,-0.006736573,-0.004362373,-0.0023784130000000002,-0.0006774957270000001,0.0008082514659999999,0.002174321,0.003598591,0.005038621,0.0065666529999999996,0.008206561000000001,0.009902329,0.011751321,0.013475487,0.014936737,0.016489422,0.017613641000000003,0.018579486,0.019360275000000003,0.020074127,0.020555644999999997,0.021042156,0.021357343,0.021679863,0.021865699,0.022122841,0.022207099,0.022393715,0.022463460999999997,0.022549124,0.022691426,0.022652262,0.022767726,0.022753215,0.022822182,0.022827331,0.022837473,0.022944199000000002,0.022899885999999998,0.022928284,0.022946383999999997,0.022991478,0.022942795000000002,0.02303938,0.022959491,0.022984924,0.022962455,0.023022684,0.022988513000000002,0.023008797,0.023055295,0.023010358,0.023081509,0.023082289,0.023047336999999998,0.023074954999999998,0.023028457,0.023060444,0.023078544,0.023049522,0.02309602,0.023035791,0.023032046,0.023119268999999998,0.022999435,0.023048742,0.023053891,0.023049522,0.023129411000000002,0.023059664,0.023105381999999997,0.023032046,0.023114899999999997,0.023053891,0.023093835,0.023105381999999997,0.023053891,0.023162802,0.023044373],"unit":"A\/cm2"},"power_density":{"value":[-172.366321,-195.260675,-191.560397,-186.251749,-178.826623,-170.503536,-162.312422,-153.567475,-144.799407,-136.142174,-127.590701,-119.18155,-110.992515,-102.960634,-95.140767,-87.581749,-80.210674,-73.108913,-66.27551,-59.652464,-53.283102,-47.203638,-41.370998,-35.83683,-30.609728,-25.71037,-21.15542,-16.965256,-13.177473,-9.795433,-6.872515,-4.380529,-2.350308,-0.658651921,0.772835313,2.044248,3.325698,4.575851,5.858519,7.190244,8.517753,9.919968,11.159824,12.130857,13.12797,13.740974,14.197286,14.484807,14.697264,14.720661,14.732626,14.611142,14.484614,14.259005,14.073506,13.771639,13.528977,13.211387,12.901008,12.619262,12.234797,11.933153,11.561555,11.231318,10.868358,10.507601,10.189779,9.803515,9.44919,9.089222,8.739812,8.353373,8.019935,7.624456,7.26505,6.890542,6.540817,6.1631,5.800265,5.442942,5.063975,4.710405,4.341203,3.965981,3.601303,3.225513,2.861075,2.494206,2.122073,1.756745,1.383481,1.015138,0.64864857,0.276172681,-0.091998698,-0.460973629,-0.828502657,-1.201423,-1.56658,-1.939483,-2.302077,-2.680175,-3.041794,-3.416737,-3.788176,-4.148641,-4.538768,-4.607678],"unit":"mW\/cm2"},"timestamps":{"value":[0.019,0.041,0.057,0.08,0.103,0.126,0.161,0.183,0.207,0.231,0.255,0.277,0.299,0.323,0.346,0.37,0.392,0.414,0.436,0.457,0.479,0.503,0.525,0.548,0.571,0.593,0.616,0.638,0.66,0.683,0.705,0.727,0.748,0.769,0.79,0.811,0.837,0.858,0.879,0.9,0.921,0.95,0.975,0.997,1.04,1.063,1.087,1.108,1.131,1.154,1.176,1.197,1.219,1.243,1.263,1.283,1.306,1.328,1.355,1.379,1.404,1.429,1.451,1.474,1.495,1.517,1.541,1.562,1.586,1.608,1.629,1.651,1.674,1.695,1.72,1.743,1.764,1.786,1.808,1.832,1.855,1.893,1.919,1.94,1.96,1.983,2.014,2.043,2.064,2.086,2.108,2.145,2.167,2.195,2.219,2.244,2.269,2.291,2.316,2.34,2.362,2.382,2.405,2.432,2.453,2.476,2.499,2.521],"unit":"s"},"p_max":{"unit":"mW","value":1.406966},"v_p_max":{"unit":"V","value":0.700148106},"i_p_max":{"unit":"mA","value":2.009526},"j_p_max":{"unit":"mA\/cm2","value":21.042156},"voc":{"unit":"V","value":0.964888171},"isc":{"unit":"mA","value":2.19998},"jsc":{"unit":"mA\/cm2","value":23.036441},"fill_factor":{"unit":"%","value":66.280808},"efficiency":{"unit":"%","value":14.732626},"r_s":{"unit":"ohms","value":46.803557},"r_sh":{"unit":"ohms","value":4640.014},"cell_dimension":{"value":0.09549999985203877,"unit":"cm2"},"sweep_direction":{"unit":"","value":"Reverse"},"key":"reverse1_3cell_231019"},{"V":{"value":[1.50022,1.48421,1.468211,1.452237,1.436249,1.420242,1.404237,1.388222,1.372206,1.356206,1.340194,1.324222,1.308208,1.292202,1.27621,1.260205,1.244191,1.228184,1.212219,1.196209,1.180206,1.164188,1.148186,1.132177,1.116163,1.100185,1.084194,1.068199,1.052186,1.036173,1.020184,1.004159,0.988183498,0.972212076,0.956180573,0.940173626,0.924170733,0.908155441,0.892158031,0.876156569,0.86017561,0.844156265,0.828158855,0.812147856,0.796142101,0.780131102,0.764140368,0.748170376,0.732160568,0.716150999,0.700146675,0.684127331,0.668118954,0.652121544,0.636147499,0.620145798,0.604137659,0.588130474,0.572126389,0.556120634,0.540111065,0.524123192,0.508128405,0.492124081,0.476110458,0.460107565,0.444104671,0.428101778,0.412128925,0.396123171,0.380113602,0.364101171,0.348088741,0.332081795,0.316078901,0.300073147,0.284103155,0.268100262,0.252089024,0.236088991,0.220076561,0.204071522,0.188083172,0.172078371,0.156066895,0.140069008,0.124069929,0.108066559,0.092070103,0.076051712,0.060068846,0.044068098,0.028055191,0.012002856,-0.003991753,-0.019994617,-0.035943031,-0.051944971,-0.067940235,-0.083944798,-0.099952221,-0.115950108,-0.131948233,-0.147948742,-0.163953543,-0.179956913,-0.195951939,-0.199944019],"unit":"V"},"I":{"value":[-0.0052767099999999996,-0.005888015,-0.005890578,-0.005730703,-0.005549416,-0.005362853,-0.005156308,-0.004955038,-0.0047532170000000006,-0.004541606,-0.004330561,-0.004115134,-0.003907487,-0.003693253,-0.003479421,-0.003269687,-0.0030542020000000002,-0.0028440650000000002,-0.002635509,-0.002426326,-0.002219513,-0.0020191370000000003,-0.001818076,-0.0016204860000000002,-0.001424491,-0.001231819,-0.001047954,-0.000870749354,-0.000702217221,-0.000542625785,-0.000391572714,-0.000253275037,-0.000124827027,-8.240342e-6,0.000101268291,0.00020626187300000002,0.000328823924,0.000439167023,0.000555753708,0.000675812364,0.000801965594,0.00092792511,0.001062751,0.001184955,0.0013109,0.001421943,0.0015302150000000001,0.001623288,0.00171414,0.001787871,0.001857981,0.001913264,0.001963273,0.002008691,0.002039567,0.002071813,0.002090752,0.002115577,0.00212127,0.0021417890000000003,0.002147958,0.002157047,0.0021603110000000003,0.002170369,0.002175778,0.002176329,0.002184659,0.002183542,0.002189159,0.002186045,0.0021943600000000002,0.0021886830000000003,0.00219208,0.002195612,0.002193525,0.002198592,0.002195612,0.002196029,0.002198592,0.002194718,0.002196446,0.0021965210000000003,0.0022074729999999997,0.002200469,0.002205536,0.002198249,0.0022058779999999997,0.0022051189999999997,0.0022017210000000002,0.0021986659999999997,0.002197623,0.0022058779999999997,0.0022021980000000003,0.002210453,0.002201438,0.0022058779999999997,0.002201021,0.0022017210000000002,0.002204284,0.002201095,0.002205387,0.0022030319999999997,0.0022065039999999998,0.002202541,0.002208784,0.00219956,0.002209276,0.002197966],"unit":"A"},"resistance":{"value":[-284.309708,-252.073109,-249.247426,-253.413414,-258.810886,-264.829598,-272.333748,-280.16362,-288.690043,-298.618212,-309.473503,-321.793208,-334.795364,-349.881687,-366.787906,-385.420731,-407.370426,-431.841142,-459.95617,-493.012307,-531.740878,-576.576936,-631.539378,-698.664852,-783.551948,-893.137977,-1034.582,-1226.759,-1498.376,-1909.554,-2605.35,-3964.699,-7916.423,-117982.004,9442.053,4558.155,2810.534,2067.904,1605.312,1296.449,1072.584,909.724563,779.259675,685.382729,607.324884,548.637275,499.367929,460.89817,427.129927,400.560751,376.831971,357.570722,340.30879,324.649936,311.903268,299.325216,288.957094,277.999972,269.709405,259.652439,251.453308,242.981769,235.210794,226.74673,218.823072,211.414479,203.283269,196.058443,188.258985,181.205401,173.222999,166.356318,158.793811,151.247969,144.096301,136.484245,129.395908,122.084127,114.659311,107.57147,100.196661,92.90672,85.202935,78.200757,70.761443,63.718442,56.245133,49.007143,41.817333,34.589929,27.33355,19.977573,12.739632,5.430043,-1.813248,-9.064242,-16.330165,-23.592894,-30.821905,-38.13774,-45.321856,-52.632049,-59.79967,-67.171856,-74.227958,-81.814945,-88.695094,-90.96775],"unit":"ohms"},"conductance":{"value":[-0.003517291,-0.003967103,-0.004012078,-0.003946121,-0.003863825,-0.003776013,-0.003671965,-0.003569343,-0.003463923,-0.003348758,-0.003231294,-0.003107586,-0.002986899,-0.002858109,-0.002726371,-0.002594567,-0.002454768,-0.002315666,-0.00217412,-0.002028347,-0.001880615,-0.001734374,-0.001583433,-0.001431301,-0.00127624,-0.001119648,-0.000966574263,-0.000815156194,-0.000667389161,-0.00052368256,-0.000383825653,-0.000252225975,-0.000126319684,-8.475869e-6,0.000105909171,0.000219387002,0.000355804304,0.000483581337,0.000622931911,0.000771337439,0.000932327754,0.001099234,0.001283269,0.001459039,0.001646565,0.001822698,0.002002531,0.002169677,0.002341208,0.0024965,0.002653703,0.00279665,0.002938508,0.003080241,0.003206122,0.003340848,0.003460721,0.003597123,0.003707694,0.003851302,0.003976881,0.004115535,0.004251506,0.004410207,0.004569902,0.004730045,0.004919244,0.00510052,0.005311831,0.005518599,0.005772905,0.006011193,0.006297475,0.006611659,0.006939803,0.007326853,0.00772822,0.008191073,0.00872149,0.009296145,0.009980373,0.010763484,0.011736685,0.0127876,0.01413199,0.015694043,0.017779316,0.020405189,0.023913529,0.028910149,0.036585075,0.050056131,0.078495203,0.184160606,-0.551496554,-0.110323621,-0.061236369,-0.042385644,-0.032444458,-0.026220746,-0.02206441,-0.01899983,-0.0167225,-0.014887187,-0.013472013,-0.012222706,-0.011274581,-0.010992907],"unit":"S"},"power":{"value":[-7.916225,-8.739052,-8.648614,-8.32234,-7.970345,-7.616551,-7.240678,-6.878691,-6.522395,-6.159354,-5.80379,-5.449353,-5.111807,-4.772427,-4.440471,-4.120477,-3.800011,-3.493037,-3.194813,-2.902393,-2.619482,-2.350655,-2.08749,-1.834677,-1.589965,-1.355229,-1.136185,-0.930133935,-0.738862803,-0.562254245,-0.39947614,-0.254328461,-0.123352009,-0.00801136,0.096830773,0.193921973,0.303889447,0.398831921,0.495820134,0.592117441,0.689831244,0.783313795,0.8801265,0.962358857,1.043663,1.109302,1.169299,1.214496,1.255026,1.280386,1.300859,1.308916,1.3117,1.309911,1.297465,1.284826,1.263102,1.244236,1.213634,1.191093,1.160136,1.130559,1.097715,1.068091,1.035911,1.001346,0.970217375,0.934778065,0.902215908,0.865943097,0.834106044,0.796901883,0.763038375,0.729122639,0.693327109,0.659738369,0.623780182,0.588755904,0.554240867,0.518148647,0.483386296,0.448247295,0.415188509,0.378653186,0.344211118,0.307906571,0.273683189,0.238299572,0.202712685,0.167212339,0.132008692,0.09720887,0.061783083,0.02653175,-0.008787596,-0.044105695,-0.079111357,-0.114368337,-0.149759578,-0.184770493,-0.220433304,-0.255441841,-0.291144349,-0.325863116,-0.362137998,-0.3958261,-0.432911908,-0.439470152],"unit":"mW"},"J":{"value":[-0.055253506,-0.06165460800000001,-0.061681444999999994,-0.060007366,-0.058109067,-0.056155533,-0.053992758,-0.051885218999999996,-0.049771907,-0.047556081,-0.045346184,-0.043090413,-0.040916092,-0.038672804,-0.036433729,-0.034237563,-0.031981169000000004,-0.029780789999999998,-0.027596951,-0.025406558,-0.023240974,-0.021142797,-0.019037443,-0.016968444000000003,-0.01491614,-0.012898631999999998,-0.01097334,-0.009117794,-0.00735306,-0.005681945,-0.004100238,-0.002652095,-0.001307089,-8.6286305e-5,0.0010604009999999999,0.00215981,0.0034431820000000004,0.004598608,0.005819411,0.0070765690000000004,0.008397545,0.009716493,0.011128281,0.012407908,0.0137267,0.014889459,0.016023195,0.016997778,0.017949112,0.018721164000000002,0.019455299,0.020034182,0.020557829000000003,0.021033418,0.021356719,0.021694374,0.021892692000000002,0.022152644,0.022212248,0.022427106,0.022491703000000002,0.022586884,0.022621054999999998,0.022726377,0.022783017000000003,0.022788791,0.022876013,0.022864311000000002,0.022923134999999997,0.022890524,0.022977591,0.022918142,0.022953717000000002,0.022990697,0.022968853,0.023021904,0.022990697,0.022995066,0.023021904,0.022981335000000002,0.022999435,0.023000215,0.023114899999999997,0.023041564,0.023094615000000002,0.023018315,0.023098204,0.023090246000000002,0.023054671,0.023022684,0.023011762,0.023098204,0.023059664,0.023146106,0.023051705999999998,0.023098204,0.023047336999999998,0.023054671,0.023081509,0.023048118,0.023093055,0.023068402,0.023104758,0.023063253,0.023128631,0.023032046,0.023133780000000003,0.023015351],"unit":"A\/cm2"},"power_density":{"value":[-82.892404,-91.508401,-90.561402,-87.144925,-83.459105,-79.754464,-75.818618,-72.028177,-68.297332,-64.495851,-60.772672,-57.061287,-53.526778,-49.973056,-46.497075,-43.146358,-39.790695,-36.576303,-33.453535,-30.391546,-27.429133,-24.614189,-21.858534,-19.21128,-16.648844,-14.190878,-11.897229,-9.739622,-7.736783,-5.887479,-4.182996,-2.663125,-1.291644,-0.083888588,1.013935,2.030597,3.182088,4.17625,5.191834,6.200183,7.223364,8.202239,9.215984,10.077056,10.928404,11.61573,12.24397,12.717234,13.141632,13.40718,13.621563,13.705932,13.735075,13.716345,13.586023,13.453675,13.2262,13.028645,12.708213,12.472176,12.148018,11.83831,11.494401,11.184198,10.847233,10.485295,10.159344,9.788252,9.447287,9.067467,8.734095,8.344522,7.989931,7.634792,7.25997,6.908255,6.53173,6.164983,5.803569,5.42564,5.061637,4.693689,4.347524,3.964955,3.604305,3.224153,2.865793,2.495283,2.122646,1.750915,1.38229,1.017894,0.646943278,0.27781937,-0.092016715,-0.461839734,-0.828391168,-1.197574,-1.568163,-1.93477,-2.308202,-2.674784,-3.048632,-3.412179,-3.792021,-4.144776,-4.533109,-4.601782],"unit":"mW\/cm2"},"timestamps":{"value":[0.018,0.045,0.08,0.101,0.123,0.146,0.168,0.194,0.217,0.241,0.264,0.287,0.31,0.331,0.354,0.381,0.403,0.433,0.456,0.48,0.508,0.531,0.554,0.576,0.603,0.628,0.651,0.673,0.694,0.717,0.74,0.763,0.785,0.808,0.83,0.865,0.89,0.911,0.933,0.956,0.977,1,1.026,1.048,1.071,1.092,1.113,1.134,1.157,1.18,1.202,1.224,1.247,1.272,1.295,1.316,1.336,1.36,1.382,1.405,1.428,1.449,1.472,1.493,1.519,1.542,1.564,1.587,1.608,1.632,1.654,1.675,1.698,1.734,1.756,1.779,1.803,1.823,1.845,1.867,1.89,1.915,1.937,1.96,1.982,2.007,2.028,2.066,2.095,2.118,2.159,2.184,2.205,2.23,2.254,2.277,2.301,2.323,2.344,2.365,2.387,2.409,2.432,2.455,2.477,2.499,2.52,2.541],"unit":"s"},"p_max":{"unit":"mW","value":1.3117},"v_p_max":{"unit":"V","value":0.668118954},"i_p_max":{"unit":"mA","value":1.963273},"j_p_max":{"unit":"mA\/cm2","value":20.557829},"voc":{"unit":"V","value":0.971005732},"isc":{"unit":"mA","value":2.203688},"jsc":{"unit":"mA\/cm2","value":23.075266},"fill_factor":{"unit":"%","value":61.300292},"efficiency":{"unit":"%","value":13.735075},"r_s":{"unit":"ohms","value":95.700809},"r_sh":{"unit":"ohms","value":3583.314},"cell_dimension":{"value":0.09550000320341662,"unit":"cm2"},"sweep_direction":{"unit":"","value":"Reverse"},"key":"reverse1_2cell_231019"},{"V":{"value":[1.500214,1.484209,1.468211,1.452239,1.436242,1.420223,1.404228,1.388223,1.372208,1.356204,1.340194,1.324218,1.30821,1.292204,1.27621,1.260204,1.24419,1.228184,1.212216,1.196209,1.180203,1.164189,1.148182,1.132177,1.116166,1.1002,1.084186,1.068177,1.05219,1.036177,1.020181,1.00416,0.988178015,0.972175121,0.956180573,0.940180302,0.924186945,0.908158302,0.892156601,0.876155138,0.86017561,0.844157696,0.828158855,0.812151909,0.796138048,0.780135155,0.764139175,0.748160839,0.732172966,0.716161728,0.700145245,0.684130192,0.668117762,0.652117491,0.636151552,0.620144606,0.604133368,0.588127851,0.572129011,0.556122065,0.540113688,0.524123192,0.508128405,0.492124081,0.476109028,0.460102081,0.444112778,0.428098917,0.412120581,0.396102905,0.380104065,0.364112139,0.348094225,0.332081795,0.316082954,0.300076008,0.284098864,0.268093348,0.252091885,0.236084938,0.220071077,0.204081058,0.188083172,0.172074318,0.156066895,0.140067577,0.124069929,0.108072042,0.092067242,0.076057196,0.060064793,0.044075012,0.028056622,0.012007087,-0.003991336,-0.019996732,-0.035945654,-0.051946402,-0.067938805,-0.083944798,-0.099953651,-0.115950108,-0.131946802,-0.147943258,-0.163952112,-0.179959536,-0.195949316,-0.199946642],"unit":"V"},"I":{"value":[-0.008329183,-0.009952173,-0.010240494999999999,-0.010200188,-0.009998158,-0.009742513000000001,-0.009430557000000001,-0.009085864,-0.008721665,-0.00834237,-0.007949188000000001,-0.007551566,-0.0071454940000000005,-0.006742254,-0.006336257,-0.005931839,-0.005532905,-0.00513494,-0.004744887000000001,-0.004361078,-0.0039821119999999995,-0.003611684,-0.003251657,-0.002898648,-0.002556309,-0.002225891,-0.001909763,-0.001609385,-0.001317814,-0.00105989,-0.000825181603,-0.0006145536900000001,-0.000434711576,-0.000283241272,-0.00015957653499999998,-6.0543418e-5,1.8656254e-5,8.4131956e-5,0.000139340758,0.000192388892,0.000246837735,0.000312104821,0.000392481685,0.000484243035,0.0005975067619999999,0.000721931458,0.000860288739,0.001002476,0.001151383,0.001293495,0.001428947,0.001546234,0.001655251,0.001750901,0.001822338,0.00189586,0.001941562,0.001994967,0.0020225050000000004,0.002059191,0.0020788160000000003,0.002104402,0.002112731,0.00212723,0.002143383,0.0021464379999999996,0.0021587909999999997,0.00216642,0.0021694,0.002175435,0.00218077,0.00218299,0.0021855530000000002,0.0021884739999999997,0.002185971,0.002195269,0.002186105,0.0021961629999999997,0.002191663,0.002194718,0.002189785,0.00219512,0.0021910370000000003,0.002197415,0.002196446,0.002195328,0.002201781,0.0021967889999999998,0.002197415,0.002202407,0.0021954030000000003,0.00219658,0.002201021,0.00219956,0.002194509,0.002202749,0.0021961629999999997,0.002198592,0.002198935,0.0021987260000000002,0.002203166,0.00219512,0.0022060870000000002,0.002202958,0.002199084,0.0022049699999999997,0.002196103,0.002199292],"unit":"A"},"resistance":{"value":[-180.115428,-149.134152,-143.373087,-142.373711,-143.6507,-145.775858,-148.901955,-152.789317,-157.333229,-162.56813,-168.595043,-175.356782,-183.081793,-191.657591,-201.413803,-212.447399,-224.871042,-239.181846,-255.478281,-274.29197,-296.376208,-322.33977,-353.106872,-390.587863,-436.631719,-494.273898,-567.707121,-663.717788,-798.435587,-977.627264,-1236.311,-1633.967,-2273.181,-3432.322,-5991.987,-15529.026,49537.649,10794.451,6402.697,4554.084,3484.782,2704.725,2110.057,1677.158,1332.434,1080.622,888.235706,746.313252,635.907439,553.663959,489.972908,442.449357,403.635368,372.446737,349.085474,327.10467,311.15847,294.805736,282.88141,270.068167,259.817902,249.060443,240.507818,231.345008,222.1297,214.356125,205.722932,197.606592,189.969805,182.079827,174.298096,166.795123,159.270526,151.741261,144.596164,136.692144,129.956662,122.073523,115.023117,107.569624,100.498932,92.970349,85.842082,78.307623,71.054281,63.80256,56.349813,49.195463,41.897983,34.533677,27.359347,20.065287,12.747096,5.458858,-1.818783,-9.078079,-16.36748,-23.627124,-30.896238,-38.178836,-45.368179,-52.821766,-59.810332,-67.156644,-74.554744,-81.61543,-89.225909,-90.914087],"unit":"ohms"},"conductance":{"value":[-0.005551995,-0.006705372,-0.00697481,-0.007023769,-0.00696133,-0.006859846,-0.006715829,-0.00654496,-0.006355936,-0.006151267,-0.005931373,-0.005702659,-0.00546204,-0.005217638,-0.004964903,-0.004707048,-0.004446993,-0.004180919,-0.003914227,-0.00364575,-0.00337409,-0.003102317,-0.002832004,-0.002560243,-0.00229026,-0.00202317,-0.001761472,-0.001506664,-0.001252449,-0.001022885,-0.000808857897,-0.000612007491,-0.000439912211,-0.000291347995,-0.000166889539,-6.439554e-5,2.0186667e-5,9.2640188e-5,0.000156184193,0.000219583135,0.000286962025,0.000369723362,0.000473920773,0.000596246872,0.000750506477,0.000925392803,0.001125827,0.00133992,0.001572556,0.00180615,0.002040929,0.002260146,0.002477484,0.002684948,0.002864628,0.003057125,0.003213796,0.003392064,0.00353505,0.003702769,0.003848849,0.00401509,0.004157869,0.004322548,0.004501874,0.004665134,0.004860907,0.00506056,0.005263994,0.005492097,0.005737297,0.005995379,0.006278626,0.006590165,0.006915813,0.007315709,0.007694873,0.008191785,0.008693905,0.009296305,0.009950355,0.010756118,0.011649298,0.012770149,0.014073747,0.015673352,0.017746288,0.020327078,0.023867497,0.028957241,0.03655058,0.049837313,0.078449243,0.183188505,-0.549818185,-0.110155459,-0.061096759,-0.042324237,-0.0323664,-0.026192522,-0.022041881,-0.01893159,-0.016719519,-0.014890559,-0.013412963,-0.012252585,-0.011207507,-0.010999395],"unit":"S"},"power":{"value":[-12.49556,-14.771102,-15.035212,-14.813106,-14.359777,-13.836544,-13.242657,-12.613205,-11.967935,-11.313952,-10.653453,-9.999921,-9.347806,-8.712368,-8.086392,-7.475327,-6.883987,-6.306654,-5.751827,-5.21676,-4.699701,-4.204684,-3.733495,-3.281783,-2.853264,-2.448924,-2.070538,-1.719109,-1.38659,-1.098234,-0.841834741,-0.617110482,-0.429572422,-0.275360118,-0.152583983,-0.056921729,0.017241866,0.076405134,0.124313777,0.168562516,0.212323799,0.263465687,0.325037183,0.393278905,0.475697867,0.563204109,0.657380328,0.750013001,0.84301145,0.926351827,1.00047,1.057825,1.105902,1.141793,1.159283,1.175707,1.172962,1.173296,1.157134,1.145162,1.122797,1.102966,1.073539,1.046861,1.020484,0.987580483,0.958746591,0.927442151,0.894054575,0.861696292,0.828919557,0.794853272,0.760778486,0.726752354,0.690948028,0.658747518,0.621069848,0.588776674,0.552500403,0.518139751,0.481908397,0.447982384,0.412097177,0.378118625,0.342792516,0.307494341,0.273174773,0.237411451,0.202309904,0.167508864,0.131866425,0.096814298,0.061753205,0.026410314,-0.008759022,-0.044047788,-0.078942513,-0.114208934,-0.149392985,-0.184571604,-0.220214535,-0.254524384,-0.29108614,-0.325912765,-0.360544396,-0.396805292,-0.430324946,-0.439741087],"unit":"mW"},"J":{"value":[-0.08721657399999999,-0.104211232,-0.107230316,-0.106808247,-0.10469275,-0.102015846,-0.09874929299999999,-0.095139935,-0.09132633,-0.087354664,-0.083237574,-0.079073987,-0.074821929,-0.070599517,-0.066348239,-0.062113501,-0.057936183,-0.053769007,-0.049684684,-0.045665739999999996,-0.041697505999999995,-0.037818679,-0.034048763,-0.030352339,-0.026767634999999998,-0.023307757,-0.019997513999999997,-0.016852198999999998,-0.013799099,-0.011098321999999999,-0.008640644999999999,-0.006435117,-0.004551954,-0.002965877,-0.001670958,-0.0006339624910000001,0.000195353443,0.000880962891,0.001459066,0.002014543,0.002584688,0.003268113,0.004109756,0.005070608,0.006256615,0.007559491999999999,0.009008259000000001,0.010497127,0.012056366,0.013544453000000001,0.014962794,0.016190931,0.017332469,0.018334045,0.019082068,0.019851935,0.020330489,0.020889711999999998,0.021178060999999998,0.021562214,0.021767710000000003,0.022035619,0.022122841,0.022274660999999998,0.022443801,0.022475788,0.02260514,0.022685028,0.022716235,0.022779429,0.022835288,0.022858536999999998,0.022885375,0.022915956999999997,0.022889744,0.022987109,0.022891148,0.022996471,0.022949349,0.022981335000000002,0.022929688,0.022985548,0.022942795000000002,0.023009577,0.022999435,0.022987733,0.023055295,0.023003024,0.023009577,0.023061848000000003,0.022988513000000002,0.023000839,0.023047336999999998,0.023032046,0.022979151000000003,0.023065436999999998,0.022996471,0.023021904,0.023025493,0.023023308,0.023069805999999998,0.022985548,0.023100389,0.023067622,0.023027053,0.023088686,0.022995846,0.023029238],"unit":"A\/cm2"},"power_density":{"value":[-130.843556,-154.67123,-157.436774,-155.111054,-150.36416,-144.885275,-138.666567,-132.07544,-125.318688,-118.470706,-111.554477,-104.711219,-97.882788,-91.228989,-84.67426,-78.275672,-72.083632,-66.038259,-60.228552,-54.625756,-49.21153,-44.028103,-39.09419,-34.364216,-29.877114,-25.643187,-21.681022,-18.001139,-14.519269,-11.499828,-8.815023,-6.46189,-4.498141,-2.883352,-1.597738,-0.596039046,0.180543102,0.800053764,1.301715,1.765053,2.223286,2.758803,3.403531,4.118104,4.981129,5.897425,6.883564,7.853539,8.827345,9.700019,10.476129,11.076705,11.58013,11.955952,12.139087,12.311071,12.282327,12.285821,12.116583,11.991223,11.757038,11.549379,11.241244,10.961897,10.685696,10.341157,10.039231,9.711436,9.361828,9.022998,8.679786,8.323071,7.966267,7.609972,7.235058,6.89788,6.503349,6.165201,5.785345,5.425547,5.046161,4.690915,4.315154,3.959357,3.58945,3.219836,2.860469,2.485984,2.118428,1.75402,1.3808,1.013762,0.646630422,0.276547792,-0.091717504,-0.461233377,-0.826623172,-1.195905,-1.564324,-1.932687,-2.305911,-2.665177,-3.048022,-3.412699,-3.775334,-4.155029,-4.50602,-4.604619],"unit":"mW\/cm2"},"timestamps":{"value":[0.019,0.042,0.067,0.09,0.112,0.134,0.156,0.179,0.202,0.226,0.25,0.273,0.296,0.319,0.342,0.364,0.388,0.41,0.433,0.455,0.477,0.5,0.521,0.543,0.569,0.593,0.617,0.654,0.677,0.699,0.721,0.743,0.765,0.787,0.809,0.829,0.853,0.877,0.899,0.922,0.943,0.967,0.992,1.014,1.038,1.06,1.082,1.105,1.128,1.152,1.175,1.196,1.218,1.243,1.264,1.285,1.306,1.326,1.347,1.368,1.393,1.417,1.438,1.462,1.483,1.522,1.545,1.566,1.589,1.611,1.632,1.654,1.675,1.696,1.719,1.741,1.762,1.784,1.809,1.831,1.854,1.878,1.899,1.92,1.941,1.964,1.984,2.009,2.047,2.068,2.103,2.127,2.166,2.191,2.213,2.241,2.266,2.288,2.309,2.332,2.353,2.373,2.413,2.441,2.462,2.484,2.506,2.536],"unit":"s"},"p_max":{"unit":"mW","value":1.175707},"v_p_max":{"unit":"V","value":0.620144606},"i_p_max":{"unit":"mA","value":1.89586},"j_p_max":{"unit":"mA\/cm2","value":19.851935},"voc":{"unit":"V","value":0.927954336},"isc":{"unit":"mA","value":2.195769},"jsc":{"unit":"mA\/cm2","value":22.992347},"fill_factor":{"unit":"%","value":57.701341},"efficiency":{"unit":"%","value":12.311071},"r_s":{"unit":"ohms","value":61.914987},"r_sh":{"unit":"ohms","value":2585.335},"cell_dimension":{"value":0.09550000209822507,"unit":"cm2"},"sweep_direction":{"unit":"","value":"Reverse"},"key":"reverse1_1cell_231019"},{"V":{"value":[-0.199934483,-0.183950186,-0.167954922,-0.151943445,-0.135949612,-0.119947672,-0.103946924,-0.087942362,-0.071941614,-0.055942297,-0.039945841,-0.023934364,-0.007993281,0.008007616,0.024052382,0.040050268,0.056067228,0.072063684,0.088063002,0.104063511,0.120068312,0.136068821,0.152070761,0.168078184,0.184078932,0.200075388,0.216062784,0.232076645,0.248076916,0.264075518,0.280082464,0.296099186,0.312107325,0.328087091,0.344085932,0.360102415,0.376113415,0.392097235,0.408112526,0.424115419,0.440119505,0.456106186,0.472104788,0.48812151,0.504127026,0.520125866,0.536132812,0.552138329,0.568116665,0.584115505,0.600121021,0.616140366,0.632150173,0.64814353,0.664151669,0.680119276,0.696131706,0.712138653,0.728136063,0.744147062,0.76015687,0.776174784,0.792139292,0.80815053,0.824151993,0.840162992,0.856164455,0.872166157,0.888175726,0.904148579,0.920150042,0.936177492,0.952174902,0.968180656,0.984176636,1.000192,1.016192,1.032154,1.048172,1.064178,1.080187,1.096187,1.1122,1.128212,1.144186,1.160188,1.176189,1.192199,1.208203,1.224209,1.240202,1.256182,1.272205,1.288207,1.304214,1.320215,1.336228,1.352218,1.368209,1.384207,1.400205,1.416216,1.432229,1.448234,1.464248,1.480251,1.496217,1.500227],"unit":"V"},"I":{"value":[0.001514047,0.002189502,0.0021923479999999998,0.002187639,0.002188116,0.0021870880000000002,0.002189785,0.002184793,0.0021894429999999997,0.002181262,0.0021841680000000002,0.0021870880000000002,0.00218299,0.0021879819999999998,0.002186731,0.002186731,0.002183825,0.002181396,0.002186388,0.0021840329999999997,0.002181813,0.00218375,0.002182022,0.0021808450000000003,0.002180561,0.002184659,0.00218007,0.0021777899999999998,0.002177089,0.0021721720000000004,0.002180219,0.002168015,0.002171338,0.002167389,0.002168223,0.002163291,0.002158433,0.0021566299999999997,0.0021503869999999997,0.0021517719999999997,0.002139926,0.002139986,0.002127156,0.002123415,0.00210622,0.0020978150000000003,0.002081037,0.002062857,0.00204663,0.002025127,0.0020068290000000003,0.00197041,0.001941279,0.00189288,0.001856387,0.001798064,0.001739532,0.001671344,0.0016015019999999999,0.001520008,0.001439705,0.001355782,0.001268104,0.001180023,0.001089588,0.000999972224,0.0009114146229999999,0.000825762749,0.000738441944,0.000654235482,0.000570520759,0.000485569239,0.000401228666,0.00031043589100000004,0.000214099884,0.000104725361,-1.9967556e-5,-0.00016720593,-0.00034302473100000005,-0.0005423575640000001,-0.0007755309339999999,-0.001035675,-0.00132066,-0.001629367,-0.001952767,-0.0022955239999999997,-0.002660468,-0.003029034,-0.003394887,-0.00377287,-0.004161745,-0.004554778,-0.004960656,-0.005372137000000001,-0.005788415999999999,-0.006214112,-0.006642938,-0.007077381,-0.007519454,-0.007965967000000001,-0.008418798,-0.008878201,-0.009337828,-0.009809374999999999,-0.010279745,-0.010758578999999999,-0.011240527,-0.011371270000000001],"unit":"A"},"resistance":{"value":[-132.052989,-84.014619,-76.6096,-69.455432,-62.130889,-54.843548,-47.469004,-40.252027,-32.858417,-25.64676,-18.288817,-10.943484,-3.66162,3.659818,10.999244,18.315137,25.673868,33.035583,40.277851,47.647399,55.031437,62.309698,69.692597,77.070227,84.418136,91.581966,99.108201,106.565218,113.948885,121.572099,128.465307,136.576193,143.739658,151.37436,158.694881,166.460462,174.252979,181.810142,189.785656,197.100503,205.670436,213.13517,221.941815,229.875649,239.351605,247.936924,257.627771,267.657083,277.586434,288.433953,299.039473,312.696473,325.635991,342.411386,357.765805,378.250974,400.183385,426.087409,454.658144,489.567908,527.994701,572.492257,624.664434,684.860008,756.38878,840.186329,939.379766,1056.195,1202.77,1381.993,1612.825,1928,2373.148,3118.778,4596.811,9550.618,-50892.155,-6172.951,-3055.674,-1962.133,-1392.836,-1058.428,-842.154443,-692.42343,-585.930773,-505.413152,-442.098655,-393.590633,-355.889126,-324.476901,-298.000559,-275.794311,-256.459087,-239.794118,-225.314503,-212.454403,-201.150148,-191.061974,-181.955919,-173.765034,-166.318909,-159.516138,-153.37923,-147.63778,-142.440129,-137.587976,-133.109151,-131.931329],"unit":"ohms"},"conductance":{"value":[-0.007572718,-0.01190269,-0.013053194,-0.014397722,-0.016095054,-0.018233686,-0.021066378,-0.024843469,-0.030433603,-0.03899128,-0.054678221,-0.091378576,-0.273103165,0.27323766,0.090915343,0.054599647,0.038950111,0.030270391,0.024827541,0.020987504,0.018171432,0.016048866,0.014348726,0.012975179,0.011845796,0.01091918,0.010089982,0.009383925,0.008775865,0.008225572,0.007784203,0.00732192,0.006957022,0.006606139,0.0063014,0.006007433,0.005738783,0.005500243,0.005269102,0.005073554,0.004862148,0.004691858,0.004505685,0.004350178,0.004177954,0.004033284,0.003881569,0.003736124,0.003602482,0.003466998,0.00334404,0.003197989,0.003070914,0.002920464,0.002795125,0.002643747,0.002498854,0.002346936,0.002199455,0.002042618,0.001893958,0.001746749,0.00160086,0.001460152,0.001322071,0.001190212,0.001064532,0.000946795221,0.000831414238,0.000723592889,0.000620030139,0.000518672199,0.000421381267,0.000320638394,0.000217542132,0.000104705265,-1.9649394e-5,-0.000161997063,-0.000327260039,-0.000509649525,-0.00071795983,-0.000944797806,-0.001187431,-0.001444203,-0.001706686,-0.001978579,-0.002261939,-0.002540711,-0.002809864,-0.003081883,-0.003355698,-0.003625891,-0.003899257,-0.004170244,-0.004438241,-0.004706892,-0.004971411,-0.005233904,-0.005495837,-0.005754898,-0.006012545,-0.006268958,-0.006519788,-0.006773334,-0.007020494,-0.007268077,-0.007512631,-0.007579701],"unit":"S"},"power":{"value":[-0.30271028,-0.402759322,-0.368215677,-0.332397479,-0.297473563,-0.26233613,-0.227621441,-0.192135888,-0.157512029,-0.122024794,-0.087248407,-0.052346564,-0.017449255,0.017520521,0.052596076,0.087579143,0.122441002,0.157199425,0.19253987,0.227278183,0.261966618,0.297140325,0.331821705,0.366552391,0.401395418,0.437096546,0.471031926,0.505414152,0.540085637,0.573617464,0.610641025,0.641947372,0.677690371,0.711092286,0.746055121,0.779006306,0.811815681,0.845608721,0.877599696,0.912599845,0.941823153,0.976060652,1.00424,1.036485,1.061802,1.091128,1.115712,1.138982,1.162724,1.182908,1.20434,1.214049,1.22718,1.226858,1.232922,1.222898,1.210943,1.190229,1.166112,1.131109,1.094402,1.052324,1.004515,0.953636176,0.897985963,0.840139656,0.780320805,0.720202323,0.65586621,0.591526081,0.5249647,0.454578992,0.382039866,0.300558025,0.210712104,0.10474546,-0.02029087,-0.172582283,-0.359548835,-0.577164724,-0.837718497,-1.135294,-1.468838,-1.838272,-2.23433,-2.663239,-3.129215,-3.611211,-4.101714,-4.618781,-5.161407,-5.72163,-6.310973,-6.920423,-7.549333,-8.203967,-8.876479,-9.570165,-10.288185,-11.026544,-11.788047,-12.573454,-13.373906,-14.206273,-15.052098,-15.925398,-16.818268,-17.059483],"unit":"mW"},"J":{"value":[0.015853899,0.022926724,0.022956526,0.02290722,0.022912213,0.022901446,0.022929688,0.022877417,0.0229261,0.022840437,0.022870864,0.022901446,0.022858536999999998,0.022910807999999998,0.022897702,0.022897702,0.022867275,0.022841842,0.022894113,0.02286946,0.022846211,0.022866495,0.022848395,0.022836068999999997,0.022833104,0.022876013,0.022827955,0.022804082,0.022796748000000002,0.022745256999999998,0.022829515,0.022701724,0.022736519,0.022695171,0.022703908999999998,0.022652262,0.022601395,0.022582515,0.022517137000000003,0.022531648,0.022407602000000002,0.022408226,0.022273881,0.022234717,0.022054655,0.021966652,0.021790959000000002,0.021600598000000002,0.021430678,0.021205523,0.021013913999999998,0.020632569,0.020327524,0.019820729,0.019438604,0.01882789,0.018214992,0.017500985,0.016769658,0.015916313,0.01507545,0.014196671999999999,0.013278573,0.012356261,0.011409296,0.010470913,0.009543609,0.00864673,0.007732376,0.006850633,0.005974039,0.0050844950000000005,0.004201347,0.0032506379999999997,0.0022418840000000004,0.001096601,-0.000209084356,-0.001750847,-0.0035918820000000002,-0.005679137,-0.008120743,-0.010844768999999999,-0.013828901999999999,-0.017061439,-0.020447826,-0.024036898999999997,-0.027858306,-0.031717629,-0.035548553,-0.039506489,-0.043578485,-0.047694014,-0.051944043999999995,-0.056252741999999994,-0.060611682,-0.065069236,-0.069559557,-0.074108702,-0.078737736,-0.083413268,-0.08815495799999999,-0.092965458,-0.097778299,-0.102715967,-0.10764130699999999,-0.112655275,-0.117701854,-0.119070888],"unit":"A\/cm2"},"power_density":{"value":[-3.169741,-4.217375,-3.855662,-3.480602,-3.114906,-2.746975,-2.383471,-2.011894,-1.649341,-1.277747,-0.91359589,-0.548131562,-0.182714709,0.183460951,0.550744255,0.91705909,1.282105,1.646067,2.016124,2.379876,2.743106,3.111417,3.474573,3.838245,4.203093,4.576927,4.932271,5.292295,5.655347,6.006466,6.394147,6.721962,7.096234,7.445993,7.812096,8.157134,8.500688,8.854542,9.189526,9.556019,9.862023,10.22053,10.515606,10.853244,11.118348,11.425424,11.682848,11.926518,12.175126,12.386475,12.610892,12.712559,12.850048,12.846677,12.910181,12.805211,12.680034,12.463128,12.210592,11.844077,11.459707,11.019099,10.518479,9.985719,9.402994,8.797274,8.170898,7.541386,6.867709,6.19399,5.497013,4.759989,4.000417,3.147204,2.206409,1.096811,-0.212469841,-1.807144,-3.764909,-6.04361,-8.771921,-11.887898,-15.380501,-19.248924,-23.396126,-27.887321,-32.766645,-37.813733,-42.94988,-48.364202,-54.046143,-59.91236,-66.08349,-72.465165,-79.050605,-85.905412,-92.94742,-100.211149,-107.729688,-115.46119,-123.435045,-131.659204,-140.040896,-148.756788,-157.613589,-166.758092,-176.107516,-178.63333],"unit":"mW\/cm2"},"timestamps":{"value":[0.018,0.041,0.076,0.098,0.119,0.141,0.164,0.186,0.21,0.233,0.27,0.293,0.317,0.339,0.362,0.386,0.408,0.43,0.464,0.49,0.514,0.539,0.56,0.582,0.604,0.628,0.656,0.679,0.701,0.723,0.744,0.767,0.789,0.815,0.837,0.858,0.883,0.903,0.93,0.954,0.976,0.998,1.02,1.042,1.064,1.094,1.115,1.137,1.172,1.198,1.235,1.259,1.283,1.304,1.329,1.352,1.373,1.396,1.42,1.44,1.462,1.486,1.508,1.532,1.554,1.576,1.601,1.623,1.647,1.669,1.692,1.715,1.736,1.76,1.783,1.805,1.828,1.85,1.877,1.898,1.921,1.945,1.967,1.991,2.015,2.051,2.081,2.122,2.145,2.168,2.19,2.212,2.236,2.259,2.282,2.305,2.326,2.35,2.373,2.395,2.419,2.442,2.463,2.49,2.513,2.537,2.561,2.583],"unit":"s"},"p_max":{"unit":"mW","value":1.232922},"v_p_max":{"unit":"V","value":0.664151669},"i_p_max":{"unit":"mA","value":1.856387},"j_p_max":{"unit":"mA\/cm2","value":19.438604},"voc":{"unit":"V","value":1.01363},"isc":{"unit":"mA","value":2.185484},"jsc":{"unit":"mA\/cm2","value":22.884649},"fill_factor":{"unit":"%","value":55.655578},"efficiency":{"unit":"%","value":12.910181},"r_s":{"unit":"ohms","value":57.771993},"r_sh":{"unit":"ohms","value":640.638998},"cell_dimension":{"value":0.09549997763956991,"unit":"cm2"},"sweep_direction":{"unit":"","value":"Forward"},"key":"forward1_4cell_231019"},{"V":{"value":[-0.199949503,-0.183935165,-0.167954922,-0.151951551,-0.135945559,-0.119942188,-0.103953838,-0.087940931,-0.071943045,-0.055947781,-0.039941788,-0.023934364,-0.007992148,0.008008868,0.024056435,0.040065289,0.056071281,0.072063684,0.088065624,0.104070425,0.120068312,0.136066198,0.152083158,0.168075562,0.184085608,0.200072765,0.216062784,0.232076645,0.248072624,0.264076948,0.280081272,0.296100378,0.312114239,0.328081608,0.344088554,0.360099792,0.376097202,0.392102718,0.408112526,0.424115419,0.440120935,0.456106186,0.472110271,0.488133669,0.504112005,0.52013135,0.536125898,0.552138329,0.568119526,0.584108591,0.600121021,0.616138935,0.63214612,0.64814353,0.664153099,0.680135489,0.696134329,0.712138653,0.728140116,0.744148493,0.760152817,0.776173353,0.792142153,0.808147669,0.824154615,0.840157509,0.856168747,0.872167349,0.888177156,0.904143095,0.920145988,0.93617487,0.95217371,0.968182087,0.984167099,1.000189,1.016204,1.032165,1.048165,1.064175,1.080182,1.096189,1.112198,1.128208,1.144181,1.160193,1.176187,1.1922,1.208202,1.224208,1.240205,1.256182,1.272204,1.288204,1.304209,1.320214,1.336224,1.352225,1.368191,1.384209,1.400209,1.416214,1.432227,1.448237,1.464243,1.480251,1.496214,1.50021],"unit":"V"},"I":{"value":[0.001834825,0.002200812,0.002203315,0.0021961629999999997,0.002202824,0.002199769,0.002199501,0.002204701,0.002202749,0.00220491,0.002199292,0.002205253,0.002194226,0.002201021,0.00219658,0.002198935,0.0021996349999999997,0.0021965210000000003,0.002199769,0.002192706,0.002197698,0.002198115,0.002194986,0.002194151,0.00218375,0.002194643,0.002182916,0.002185345,0.00218299,0.002185136,0.0021816049999999997,0.002176404,0.0021777899999999998,0.0021721720000000004,0.002168223,0.002158925,0.00215809,0.002144217,0.002138317,0.002130494,0.0021184240000000003,0.002107739,0.002085194,0.002070844,0.002046362,0.002021939,0.001994058,0.001958698,0.001918182,0.001866311,0.0018190740000000002,0.001757696,0.001696452,0.0016213360000000001,0.001546368,0.00146459,0.0013760920000000002,0.0012878030000000001,0.0011993050000000001,0.00110963,0.00101766,0.0009304881099999999,0.000846147537,0.000765621662,0.000689193606,0.000618726015,0.0005535334349999999,0.000495269895,0.00043687224400000004,0.000379726291,0.000323206186,0.000262796879,0.000197187066,0.000123664737,3.606081e-5,-7.0184469e-5,-0.000202089548,-0.00037722289599999997,-0.00056822598,-0.000802993774,-0.001075208,-0.0013803840000000001,-0.001718417,-0.002083227,-0.0024711340000000003,-0.0028820039999999996,-0.003323242,-0.0037513670000000002,-0.004190668,-0.004647508,-0.005114555,-0.005591586000000001,-0.006082624,-0.006579623,-0.007085711,-0.00760442,-0.008128405,-0.008659660999999999,-0.009204462,-0.009752572000000001,-0.010306239,-0.010874406,-0.011444926000000001,-0.012022793,-0.012613356,-0.013205022,-0.013806552,-0.013979033],"unit":"A"},"resistance":{"value":[-108.974718,-83.576042,-76.228267,-69.189562,-61.714224,-54.524901,-47.262469,-39.887912,-32.660569,-25.37418,-18.161201,-10.853343,-3.642355,3.638706,10.951767,18.220319,25.491176,32.808108,40.034032,47.4621,54.633678,61.90131,69.286627,76.601629,84.297921,91.16415,98.978982,106.196814,113.638903,120.851489,128.383156,136.050282,143.316971,151.038498,158.69609,166.795884,174.27314,182.86518,190.85692,199.069096,207.758703,216.395905,226.410719,235.717238,246.345521,257.243894,268.861671,281.89048,296.176063,312.974977,329.90465,350.537772,372.628247,399.758984,429.492267,464.386134,505.877593,552.987237,607.135033,670.627669,746.961549,834.157197,936.174979,1055.544,1195.825,1357.883,1546.734,1760.994,2033.036,2381.039,2846.932,3562.352,4828.784,7829.088,27291.874,-14250.86,-5028.485,-2736.22,-1844.627,-1325.259,-1004.626,-794.118744,-647.222691,-541.567549,-463.018591,-402.564858,-353.927513,-317.804234,-288.307733,-263.411611,-242.485409,-224.655742,-209.153793,-195.786942,-184.061777,-173.6114,-164.389435,-156.152225,-148.644344,-141.932735,-135.860367,-130.233649,-125.140813,-120.45763,-116.086685,-112.097588,-108.369883,-107.318605],"unit":"ohms"},"conductance":{"value":[-0.00917644,-0.011965151,-0.013118493,-0.014453047,-0.01620372,-0.018340244,-0.021158438,-0.025070252,-0.03061796,-0.039410141,-0.055062437,-0.092137506,-0.274547678,0.274822966,0.091309465,0.054883782,0.039229261,0.03048027,0.024978748,0.021069443,0.018303728,0.016154747,0.0144328,0.013054553,0.011862689,0.010969224,0.010103155,0.009416478,0.008799803,0.008274619,0.007789184,0.007350224,0.006977541,0.006620829,0.006301352,0.005995352,0.005738119,0.00546851,0.005239527,0.005023381,0.004813276,0.00462116,0.004416752,0.004242371,0.004059339,0.003887361,0.003719385,0.003547477,0.00337637,0.003195144,0.003031179,0.00285276,0.00268364,0.002501507,0.002328331,0.00215338,0.001976763,0.00180836,0.00164708,0.00149114,0.001338757,0.001198815,0.001068176,0.000947378421,0.000836243095,0.000736440499,0.000646523757,0.000567861082,0.000491875118,0.000419984727,0.000351255334,0.000280713451,0.000207091483,0.000127728801,3.6640943e-5,-7.0171202e-5,-0.000198867036,-0.000365467696,-0.000542114967,-0.000754569537,-0.000995395763,-0.001259258,-0.001545063,-0.001846492,-0.00215974,-0.002484072,-0.002825437,-0.003146591,-0.003468516,-0.00379634,-0.004123959,-0.004451255,-0.004781171,-0.005107593,-0.005432959,-0.00575999,-0.006083116,-0.006404007,-0.006727468,-0.007045591,-0.007360498,-0.007678507,-0.007990998,-0.008301674,-0.008614252,-0.008920799,-0.009227656,-0.009318049],"unit":"S"},"power":{"value":[-0.366872283,-0.404806738,-0.370057682,-0.333710366,-0.299464106,-0.26384511,-0.228646551,-0.193883486,-0.158472488,-0.123359817,-0.087843662,-0.05278132,-0.017536578,0.017627683,0.052841887,0.088100947,0.123336348,0.158289365,0.193724032,0.228195832,0.263873859,0.29908915,0.333820365,0.368783209,0.401996995,0.439088298,0.471646867,0.507167465,0.541540135,0.577044067,0.611026565,0.644434047,0.679719208,0.712649705,0.746060808,0.777428422,0.811651789,0.840753507,0.872673802,0.903575153,0.932362568,0.961353001,0.984441501,1.010849,1.031595,1.051674,1.069066,1.081472,1.089757,1.090128,1.091665,1.082985,1.072406,1.050858,1.027025,0.996119928,0.957945183,0.917094332,0.873262123,0.825729395,0.773577041,0.722220076,0.670269132,0.618735361,0.568002092,0.519827307,0.473918027,0.431958231,0.388019947,0.343326904,0.297396876,0.246023834,0.18775634,0.119729983,0.035489863,-0.070197739,-0.205364279,-0.389356199,-0.595594631,-0.854525621,-1.16142,-1.513161,-1.91122,-2.350314,-2.827425,-3.343682,-3.908753,-4.472382,-5.063175,-5.689515,-6.343097,-7.02405,-7.738338,-8.475897,-9.241244,-10.039462,-10.861368,-11.709812,-12.593465,-13.499599,-14.430893,-15.40048,-16.391737,-17.411856,-18.469015,-19.546747,-20.657561,-20.971489],"unit":"mW"},"J":{"value":[0.019212824,0.023045153,0.023071366000000003,0.022996471,0.023066217000000003,0.023034231,0.023031422,0.023085878,0.023065436999999998,0.023088062,0.023029238,0.023091650999999998,0.022976186,0.023047336999999998,0.023000839,0.023025493,0.023032826,0.023000215,0.023034231,0.022960270999999997,0.023012542,0.023016911,0.022984144,0.022975406,0.022866495,0.022980555,0.022857757,0.022883191,0.022858536999999998,0.022881006,0.022844026,0.022789570999999998,0.022804082,0.022745256999999998,0.022703908999999998,0.022606544,0.022597805999999998,0.022452539,0.02239075,0.022308833,0.022182445999999998,0.02207057,0.021834492,0.021684232,0.021427869999999998,0.021172132,0.020880193999999998,0.020509927,0.020085673,0.019542522000000003,0.019047896999999998,0.018405197,0.017763901000000002,0.016977337999999998,0.016192335,0.015336025,0.014409345,0.013484849,0.012558168,0.011619161,0.010656124999999999,0.009743331,0.008860184,0.008016981,0.007216687,0.006478805999999999,0.005796162,0.005186072,0.004574578,0.003976192,0.003384358,0.0027518,0.002064786,0.0012949189999999998,0.00037760010599999997,-0.000734915908,-0.0021161210000000003,-0.003949978,-0.0059500099999999995,-0.008408312000000001,-0.011258724000000001,-0.014454281999999999,-0.017993893,-0.021813896,-0.025875749,-0.030178049999999998,-0.034798346,-0.039281332999999995,-0.043881345,-0.048665008,-0.053555553000000006,-0.058550641,-0.0636924,-0.068896572,-0.07419592400000001,-0.07962743600000001,-0.085114184,-0.090677077,-0.096381803,-0.102121168,-0.107918734,-0.11386812,-0.11984216,-0.125893123,-0.13207702699999999,-0.138272478,-0.144571222,-0.146377305],"unit":"A\/cm2"},"power_density":{"value":[-3.841595,-4.238814,-3.87495,-3.494349,-3.13575,-2.762776,-2.394205,-2.030194,-1.659398,-1.291726,-0.919828916,-0.552683982,-0.18362909,0.184583071,0.553318192,0.92252301,1.29148,1.65748,2.028524,2.389485,2.763077,3.131824,3.495501,3.861604,4.209393,4.597783,4.938711,5.310654,5.670577,6.042346,6.398184,6.748,7.117479,7.462301,7.812155,8.140612,8.498972,8.803702,9.137946,9.46152,9.762959,10.066524,10.308288,10.584804,10.802046,11.012289,11.194413,11.324317,11.411063,11.414955,11.431043,11.340158,11.229381,11.003752,10.75419,10.430575,10.03084,9.603082,9.144106,8.646381,8.100283,7.562514,7.018525,6.478904,5.947666,5.443218,4.962492,4.523123,4.063036,3.595046,3.114103,2.576166,1.966035,1.253717,0.371621601,-0.735054856,-2.150411,-4.077028,-6.236593,-8.947912,-12.161467,-15.844622,-20.012778,-24.610615,-29.606541,-35.012376,-40.929356,-46.831222,-53.017534,-59.576075,-66.419868,-73.550259,-81.029721,-88.752853,-96.766956,-105.125259,-113.731602,-122.615837,-131.868739,-141.357056,-151.108829,-161.261571,-171.641222,-182.323102,-193.392823,-204.677984,-216.309543,-219.596739],"unit":"mW\/cm2"},"timestamps":{"value":[0.019,0.047,0.084,0.105,0.127,0.148,0.172,0.194,0.217,0.238,0.26,0.282,0.307,0.33,0.353,0.384,0.415,0.437,0.46,0.481,0.503,0.527,0.551,0.574,0.597,0.619,0.642,0.665,0.688,0.711,0.733,0.755,0.778,0.802,0.825,0.847,0.87,0.891,0.914,0.94,0.97,0.992,1.014,1.035,1.059,1.081,1.106,1.127,1.149,1.172,1.194,1.218,1.243,1.265,1.286,1.309,1.331,1.353,1.377,1.4,1.423,1.445,1.47,1.491,1.516,1.538,1.561,1.592,1.613,1.639,1.662,1.683,1.706,1.729,1.753,1.774,1.796,1.833,1.857,1.884,1.907,1.929,1.951,1.972,1.997,2.025,2.083,2.108,2.131,2.152,2.174,2.198,2.22,2.241,2.264,2.287,2.308,2.329,2.354,2.376,2.398,2.422,2.442,2.466,2.489,2.512,2.536,2.559],"unit":"s"},"p_max":{"unit":"mW","value":1.091665},"v_p_max":{"unit":"V","value":0.600121021},"i_p_max":{"unit":"mA","value":1.819074},"j_p_max":{"unit":"mA\/cm2","value":19.047897},"voc":{"unit":"V","value":0.98960513},"isc":{"unit":"mA","value":2.19762},"jsc":{"unit":"mA\/cm2","value":23.011725},"fill_factor":{"unit":"%","value":50.196654},"efficiency":{"unit":"%","value":11.431043},"r_s":{"unit":"ohms","value":51.649557},"r_sh":{"unit":"ohms","value":1362.21},"cell_dimension":{"value":0.09550001603095933,"unit":"cm2"},"sweep_direction":{"unit":"","value":"Forward"},"key":"forward1_3cell_231019"},{"V":{"value":[-0.199946642,-0.183948755,-0.167952299,-0.151947498,-0.135952473,-0.119949102,-0.103960752,-0.087942362,-0.071944475,-0.055941105,-0.039943218,-0.023936987,-0.007994264,0.008005202,0.024055243,0.040065289,0.056065798,0.072057009,0.088064432,0.104067802,0.120069742,0.136070251,0.152069569,0.168076992,0.184078932,0.200072765,0.216079235,0.232082129,0.248074055,0.264081001,0.280081272,0.296100378,0.312111616,0.328080416,0.344089985,0.360092878,0.376098394,0.392100096,0.408105612,0.424116611,0.440124989,0.456100702,0.472107649,0.488122702,0.504122972,0.520128489,0.536127329,0.552138329,0.568129063,0.584108591,0.600121021,0.616136312,0.632148743,0.648142099,0.664150476,0.680131435,0.696132898,0.7121346,0.728137493,0.744145632,0.760154009,0.776175976,0.792139292,0.808147669,0.824154615,0.840157509,0.856164455,0.872166157,0.888160706,0.904140472,0.920145988,0.9361763,0.952170849,0.968179226,0.984178066,1.000186,1.016201,1.03217,1.048164,1.064173,1.080184,1.096186,1.112194,1.128207,1.144188,1.160191,1.176185,1.192202,1.208205,1.224219,1.240204,1.256162,1.272204,1.288203,1.304213,1.320213,1.336222,1.352229,1.36819,1.384208,1.400209,1.416215,1.432227,1.448234,1.46425,1.480251,1.496217,1.500225],"unit":"V"},"I":{"value":[0.00189288,0.0022006779999999997,0.002192214,0.002208993,0.002194777,0.002204627,0.0021944340000000003,0.002203315,0.002194509,0.002198532,0.002193257,0.0021996349999999997,0.002199918,0.002194643,0.00219582,0.002197966,0.0021929140000000002,0.002194777,0.002193943,0.0021933169999999997,0.002194569,0.002189577,0.0021865960000000003,0.002183884,0.0021795179999999996,0.0021797270000000002,0.002167389,0.002172723,0.002159476,0.002155185,0.0021491500000000003,0.002139151,0.0021343079999999997,0.002123475,0.002103299,0.0020929720000000002,0.002065286,0.0020505930000000003,0.002020419,0.0019939240000000002,0.001959592,0.001924992,0.001887813,0.0018390569999999998,0.0017959179999999999,0.001743481,0.001693815,0.001635417,0.001574591,0.001513004,0.0014474689999999998,0.001388922,0.00132075,0.001257226,0.001187727,0.0011198220000000001,0.00105463,0.000984996557,0.00092022121,0.000855371356,0.000794261694,0.0007316470149999999,0.000675186515,0.00061699748,0.000565052032,0.000512063503,0.000463023782,0.000416070223,0.000367999077,0.00032132864,0.000277355313,0.00022770464400000002,0.00017249584200000002,0.00010971725,4.1618943e-5,-3.6403537e-5,-0.000122755766,-0.000219017267,-0.000324502587,-0.000440403819,-0.000563710928,-0.000694721937,-0.0008320510389999999,-0.000985741615,-0.001135066,-0.001287505,-0.0014489000000000001,-0.001608416,-0.0017730740000000001,-0.0019432009999999999,-0.002120271,-0.002294689,-0.002479523,-0.002670944,-0.002866179,-0.0030614880000000002,-0.0032746200000000002,-0.003473386,-0.003690407,-0.003913105,-0.004151419,-0.004383683,-0.004658893,-0.004903361,-0.005187929,-0.005492479000000001,-0.005807415,-0.006017908000000001],"unit":"A"},"resistance":{"value":[-105.630935,-83.587311,-76.61309,-68.785872,-61.943635,-54.407895,-47.374737,-39.913649,-32.783861,-25.444751,-18.211826,-10.882255,-3.633892,3.64761,10.955015,18.228348,25.566796,32.831128,40.139806,47.447684,54.712232,62.144549,69.546245,76.962404,84.458538,91.787994,99.69565,106.816232,114.876953,122.532883,130.321895,138.419571,146.235494,154.501656,163.595381,172.048556,182.104748,191.212981,201.990619,212.704462,224.600307,236.936463,250.081759,265.420161,280.704934,298.327667,316.520595,337.613106,360.810607,386.058777,414.600259,443.607463,478.628788,515.533536,559.177789,607.356593,660.073303,722.981816,791.263541,869.967911,957.057371,1060.861,1173.216,1309.807,1458.546,1640.729,1849.072,2096.199,2413.486,2813.756,3317.571,4111.362,5519.964,8824.312,23647.358,-27474.98,-8278.238,-4712.735,-3230.063,-2416.358,-1916.203,-1577.877,-1336.69,-1144.526,-1008.036,-901.115378,-811.778431,-741.2271,-681.418013,-630.001074,-584.926846,-547.421224,-513.084051,-482.30247,-455.035322,-431.232292,-408.054242,-389.311551,-370.742351,-353.736516,-337.284551,-323.065075,-307.417975,-295.355423,-282.241662,-269.505114,-257.639088,-249.293474],"unit":"ohms"},"conductance":{"value":[-0.009466924,-0.011963538,-0.0130526,-0.014537869,-0.016143709,-0.018379686,-0.021108297,-0.025054086,-0.030502814,-0.039300837,-0.054909377,-0.091892723,-0.275187051,0.274152116,0.091282398,0.054859607,0.039113231,0.030458899,0.024912926,0.021075844,0.018277448,0.016091516,0.014378922,0.012993357,0.011840129,0.010894671,0.010030528,0.009361873,0.008704966,0.008161075,0.007673308,0.007224412,0.006838285,0.006472423,0.006112642,0.005812313,0.005491345,0.00522977,0.004950725,0.004701359,0.004452354,0.004220541,0.003998692,0.003767611,0.00356246,0.003352019,0.003159352,0.00296197,0.002771537,0.002590279,0.002411962,0.002254245,0.002089302,0.001939738,0.00178834,0.001646479,0.001514983,0.001383161,0.001263801,0.001149468,0.001044869,0.000942630328,0.000852358319,0.000763471212,0.000685614109,0.000609485124,0.000540811732,0.00047705385,0.00041433839,0.00035539681,0.000301425336,0.000243228379,0.0001811606,0.000113323285,4.2288021e-5,-3.6396751e-5,-0.000120798647,-0.000212191019,-0.000309591529,-0.000413845896,-0.00052186543,-0.000633762871,-0.000748116619,-0.000873724282,-0.000992027936,-0.001109736,-0.001231863,-0.001349114,-0.001467528,-0.001587299,-0.001709615,-0.001826747,-0.001948998,-0.002073388,-0.002197632,-0.002318936,-0.002450655,-0.002568637,-0.002697291,-0.002826963,-0.002964856,-0.003095352,-0.0032529,-0.003385751,-0.003543063,-0.003710505,-0.003881399,-0.004011336],"unit":"S"},"power":{"value":[-0.378474921,-0.404811977,-0.368187404,-0.335650936,-0.298385378,-0.264443006,-0.228135052,-0.193764769,-0.157882792,-0.122988322,-0.087605751,-0.052652632,-0.017586726,0.01756856,0.052820988,0.088062141,0.1229475,0.158149075,0.193208315,0.228253661,0.263501276,0.297936242,0.33251477,0.367060718,0.401203408,0.436104,0.468327713,0.504250274,0.535710037,0.569143346,0.601936603,0.633403448,0.666142388,0.696670585,0.723724088,0.753664455,0.776750764,0.804037906,0.824544187,0.845656451,0.862465452,0.877990024,0.891251056,0.897685281,0.905363394,0.90683391,0.908100508,0.902976598,0.894570797,0.883758812,0.868656572,0.855765485,0.834910149,0.814861015,0.788829357,0.761626324,0.734162418,0.701450129,0.670047565,0.636520858,0.603761211,0.567886836,0.534841768,0.498625075,0.465690241,0.430213997,0.396424504,0.362882367,0.32684232,0.290526228,0.255207379,0.213171691,0.164245512,0.106225962,0.040960451,-0.036410324,-0.124744593,-0.226063117,-0.340131817,-0.468666056,-0.608911784,-0.761544408,-0.925402422,-1.11212,-1.298729,-1.493751,-1.704174,-1.917557,-2.142237,-2.378903,-2.629568,-2.882501,-3.154459,-3.440717,-3.738106,-4.041815,-4.37562,-4.696815,-5.049178,-5.41655,-5.812856,-6.208238,-6.672594,-7.101216,-7.596423,-8.130247,-8.689153,-9.028219],"unit":"mW"},"J":{"value":[0.019820729,0.023043749,0.022955121999999998,0.023130815,0.022981959,0.023085097000000002,0.022978371,0.023071366000000003,0.022979151000000003,0.02302128,0.022966044,0.023032826,0.023035791,0.022980555,0.022992882000000003,0.023015351,0.022962455,0.022981959,0.022973222,0.022966668,0.022979775,0.022927503999999998,0.022896297,0.022867899,0.022822182,0.022824366000000002,0.022695171,0.02275103,0.022612317,0.02256738,0.022504186000000002,0.022399488000000002,0.022348776999999997,0.022235341,0.022024072,0.021915941,0.021626032,0.021472183000000002,0.021156216000000002,0.020878789000000002,0.020519289,0.02015698,0.019767678,0.019257137,0.018805421,0.018256341,0.017736283,0.017124789,0.016487862,0.015842977,0.015156743,0.014543689,0.013829838,0.013164669,0.01243693,0.011725888,0.011043243000000001,0.0103141,0.009635824,0.008956768,0.008316876,0.007661225,0.007070016,0.006460707,0.005916775,0.005361922,0.004848417000000001,0.004356756,0.003853393,0.003364698,0.002904244,0.0023843420000000002,0.0018062389999999998,0.001148872,0.000435800453,-0.000381188867,-0.001285401,-0.0022933750000000003,-0.003397933,-0.004611558,-0.005902732,-0.007274574999999999,-0.008712576,-0.010321901999999999,-0.011885509,-0.013481728,-0.015171723,-0.016842057,-0.018566223,-0.020347653,-0.022201794,-0.024028161,-0.025963596,-0.027967997,-0.030012343,-0.032057469,-0.03428921,-0.036370536,-0.038643002,-0.040974917,-0.043470354,-0.045902442,-0.048784217,-0.051344096,-0.05432386,-0.057512864999999996,-0.060810625,-0.063014748],"unit":"A\/cm2"},"power_density":{"value":[-3.963088,-4.238869,-3.855365,-3.514669,-3.124454,-2.769037,-2.388849,-2.02895,-1.653223,-1.287836,-0.917337712,-0.551336461,-0.184154202,0.183963982,0.553099348,0.922116662,1.287408,1.656011,2.023124,2.390091,2.759176,3.119751,3.48183,3.843568,4.201083,4.566534,4.903955,5.280108,5.609529,5.959616,6.303001,6.632497,6.975313,7.29498,7.578263,7.891774,8.133516,8.419245,8.633971,8.855041,9.031052,9.193613,9.332472,9.399846,9.480245,9.495643,9.508906,9.455252,9.367233,9.254019,9.09588,8.960895,8.742515,8.532576,8.259993,7.975145,7.687565,7.345028,7.016205,6.66514,6.322107,5.946459,5.600437,5.221205,4.876338,4.504859,4.151042,3.799815,3.422433,3.042159,2.672329,2.232164,1.719848,1.112314,0.428905247,-0.381259937,-1.306226,-2.367153,-3.56159,-4.907498,-6.37604,-7.974287,-9.690078,-11.645239,-13.599254,-15.641374,-17.844758,-20.079131,-22.431798,-24.909975,-27.534745,-30.183256,-33.030989,-36.028451,-39.142475,-42.322674,-45.818011,-49.181306,-52.870971,-56.717806,-60.867599,-65.007724,-69.870091,-74.358282,-79.543692,-85.13348,-90.985891,-94.53632],"unit":"mW\/cm2"},"timestamps":{"value":[0.019,0.047,0.071,0.092,0.114,0.137,0.16,0.182,0.204,0.227,0.248,0.272,0.298,0.32,0.356,0.38,0.404,0.45,0.475,0.5,0.524,0.546,0.568,0.595,0.616,0.637,0.66,0.681,0.704,0.727,0.748,0.785,0.816,0.838,0.861,0.882,0.904,0.929,0.949,0.973,0.995,1.017,1.04,1.063,1.087,1.11,1.134,1.156,1.179,1.202,1.224,1.249,1.272,1.296,1.317,1.34,1.364,1.386,1.408,1.433,1.455,1.477,1.5,1.523,1.548,1.57,1.593,1.617,1.638,1.676,1.699,1.728,1.75,1.772,1.794,1.815,1.84,1.861,1.882,1.906,1.928,1.949,1.97,1.999,2.027,2.049,2.07,2.093,2.118,2.142,2.165,2.188,2.209,2.234,2.259,2.282,2.303,2.327,2.35,2.373,2.399,2.421,2.446,2.469,2.49,2.513,2.537,2.566],"unit":"s"},"p_max":{"unit":"mW","value":0.908100508},"v_p_max":{"unit":"V","value":0.536127329},"i_p_max":{"unit":"mA","value":1.693815},"j_p_max":{"unit":"mA\/cm2","value":17.736283},"voc":{"unit":"V","value":0.992717294},"isc":{"unit":"mA","value":2.197282},"jsc":{"unit":"mA\/cm2","value":23.008192},"fill_factor":{"unit":"%","value":41.631539},"efficiency":{"unit":"%","value":9.508906},"r_s":{"unit":"ohms","value":126.794762},"r_sh":{"unit":"ohms","value":1182.384},"cell_dimension":{"value":0.09550001919707393,"unit":"cm2"},"sweep_direction":{"unit":"","value":"Forward"},"key":"forward1_2cell_231019"},{"V":{"value":[-0.199926138,-0.183950186,-0.16795373,-0.151946068,-0.135948181,-0.119946241,-0.103948355,-0.087940931,-0.071943045,-0.055942297,-0.039941788,-0.023935795,-0.007991016,0.008008033,0.024056435,0.040078878,0.056072712,0.072062492,0.088063002,0.104070425,0.120068312,0.136068821,0.152069569,0.168071508,0.184081554,0.200072765,0.216060162,0.232074022,0.248078108,0.264078379,0.280078411,0.296105862,0.312114239,0.328081608,0.344087362,0.360092878,0.376110792,0.392101288,0.408107042,0.424112558,0.440123796,0.456100702,0.472106218,0.48812151,0.504120111,0.520127296,0.536124706,0.552137136,0.568115473,0.584110022,0.600119829,0.616138935,0.63214612,0.648142099,0.664147615,0.680130005,0.696134329,0.7121346,0.728134632,0.744129419,0.760149956,0.776171923,0.792136669,0.808142185,0.824151993,0.840157509,0.856160402,0.872166157,0.888173103,0.904147387,0.920151472,0.936172247,0.952169657,0.968176603,0.984175444,1.00019,1.016199,1.032169,1.048161,1.06416,1.080179,1.096183,1.112201,1.128207,1.144182,1.160189,1.176184,1.1922,1.208201,1.224201,1.240205,1.256179,1.272203,1.288207,1.304209,1.320213,1.336226,1.352222,1.368193,1.384209,1.400213,1.416201,1.432221,1.448238,1.464246,1.480248,1.496217,1.500227],"unit":"V"},"I":{"value":[0.00103806,0.002197489,0.0021928399999999997,0.002193257,0.002192974,0.0021933910000000003,0.002190411,0.002193183,0.002195746,0.002191663,0.002195269,0.0021836760000000003,0.002192706,0.002180561,0.0021826479999999997,0.002184793,0.002176881,0.002182499,0.002163365,0.002170637,0.002158925,0.002153382,0.0021470639999999997,0.002135068,0.002127916,0.002119809,0.002098173,0.0020832570000000003,0.002056763,0.0020304769999999997,0.001995102,0.001960635,0.001917288,0.001866385,0.001819149,0.0017538069999999998,0.001690358,0.001618296,0.001548305,0.001467228,0.001391634,0.001311526,0.001227751,0.00114806,0.001066357,0.000995472074,0.000919520855,0.00084926188,0.000776797533,0.000714227557,0.0006553530690000001,0.000600486994,0.000552564859,0.000506862998,0.000468358397,0.00043056905299999995,0.000397965312,0.00036793947199999997,0.000341445208,0.00031764805299999997,0.000295877457,0.000277146697,0.000261470675,0.00024420023,0.00022839009800000002,0.000210776925,0.000193506479,0.00017401576,0.000152647495,0.000126093626,9.3907118e-5,5.2154064e-5,-1.654029e-6,-7.1495771e-5,-0.00016173720399999998,-0.000275194645,-0.000419318676,-0.000588968396,-0.000791758299,-0.001021534,-0.001277804,-0.001557797,-0.001857758,-0.0021781030000000002,-0.002512127,-0.002862096,-0.003231555,-0.003612652,-0.003998488,-0.0043992250000000005,-0.004806966,-0.005225182,-0.005662531,-0.00609906,-0.006549105,-0.007005677,-0.007474795,-0.007939965,-0.008411436999999999,-0.008915663,-0.009402946,-0.009900779,-0.010417283,-0.010925308,-0.01145269,-0.011979163,-0.01251556,-0.012675017],"unit":"A"},"resistance":{"value":[-192.596012,-83.709258,-76.591877,-69.278727,-61.992607,-54.68529,-47.456094,-40.097403,-32.764743,-25.525048,-18.194486,-10.96124,-3.644363,3.672464,11.021676,18.344471,25.758283,33.018346,40.706484,47.944642,55.614862,63.188435,70.826764,78.719504,86.50792,94.382432,102.975385,111.399621,120.615822,130.057316,140.383034,151.025476,162.789464,175.784497,189.147468,205.320691,222.503641,242.292702,263.583081,289.057036,316.263965,347.763449,384.529171,425.170744,472.749895,522.493107,583.047903,650.137666,731.355918,817.820617,915.719873,1026.065,1144.022,1278.732,1418.033,1579.607,1749.234,1935.467,2132.508,2342.622,2569.138,2800.582,3029.543,3309.342,3608.528,3986.003,4424.453,5011.995,5818.458,7170.445,9798.527,17950.13,-575666.883,-13541.732,-6085.028,-3634.484,-2423.452,-1752.503,-1323.84,-1041.727,-845.339864,-703.675231,-598.679415,-517.976822,-455.463585,-405.363572,-363.968386,-330.006954,-302.164377,-278.276445,-258.001649,-240.408742,-224.670347,-211.213987,-199.143014,-188.448978,-178.764296,-170.305854,-162.658607,-155.25589,-148.912217,-143.039393,-137.485058,-132.558129,-127.851674,-123.568607,-119.548549,-118.360924],"unit":"ohms"},"conductance":{"value":[-0.005192216,-0.01194611,-0.013056215,-0.014434445,-0.016130956,-0.018286453,-0.021072109,-0.024939271,-0.030520611,-0.039177204,-0.054961708,-0.091230552,-0.274396384,0.272296757,0.090730302,0.054512338,0.038822464,0.030286193,0.024566111,0.020857388,0.017980805,0.015825681,0.014118956,0.012703332,0.011559635,0.010595192,0.009711059,0.008976691,0.008290786,0.007688918,0.007123368,0.006621399,0.006142904,0.005688784,0.00528688,0.00487043,0.004494308,0.004127239,0.00379387,0.003459525,0.003161916,0.002875518,0.002600583,0.002351996,0.002115283,0.001913901,0.001715125,0.001538136,0.001367323,0.001222762,0.001092037,0.000974596734,0.00087410939,0.000782024495,0.000705202257,0.000633068751,0.000571678907,0.000516671248,0.000468931421,0.000426872053,0.000389235643,0.000357068697,0.000330082782,0.000302174833,0.000277121332,0.000250877869,0.000226016619,0.00019952134,0.000171866829,0.000139461362,0.000102056151,5.5709902e-5,-1.737116e-6,-7.3845795e-5,-0.000164337776,-0.000275142231,-0.000412634463,-0.000570612441,-0.000755378493,-0.000959944518,-0.001182956,-0.00142111,-0.001670343,-0.001930588,-0.002195565,-0.002466921,-0.002747491,-0.003030239,-0.003309457,-0.003593549,-0.003875944,-0.004159583,-0.004450966,-0.004734535,-0.005021517,-0.005306476,-0.005593958,-0.005871789,-0.006147846,-0.006440979,-0.006715366,-0.006991081,-0.007273518,-0.00754386,-0.007821564,-0.00809267,-0.008364802,-0.008448734],"unit":"S"},"power":{"value":[-0.207535245,-0.404228536,-0.368295653,-0.333256809,-0.298130839,-0.263089045,-0.227689629,-0.19287053,-0.157968631,-0.122606651,-0.087682963,-0.052268015,-0.017521947,0.017462008,0.052506719,0.087564067,0.122063612,0.157276287,0.190512458,0.225899141,0.259218472,0.29300811,0.326503037,0.358844129,0.391710015,0.424116127,0.453331576,0.483469794,0.510237768,0.536205055,0.558784878,0.580555571,0.598412793,0.612326703,0.625946064,0.631533435,0.635761858,0.63453591,0.631874237,0.622269794,0.612491391,0.598187794,0.579629058,0.560392763,0.537571958,0.517772198,0.492977848,0.468909022,0.441310698,0.417187474,0.393290372,0.369983417,0.349301732,0.328519248,0.311059113,0.292842932,0.277037315,0.262022429,0.248618081,0.236371261,0.224911236,0.215113485,0.20712051,0.197348507,0.188228154,0.177085816,0.165672585,0.151770657,0.1355774,0.114007222,0.086408773,0.048825187,-0.001574916,-0.069220533,-0.159177784,-0.275247069,-0.426111166,-0.607914841,-0.829890194,-1.087075,-1.380257,-1.707631,-2.0662,-2.45735,-2.874332,-3.320573,-3.800903,-4.307006,-4.830976,-5.385535,-5.961623,-6.563765,-7.203887,-7.856851,-8.541399,-9.248983,-9.988019,-10.736598,-11.508467,-12.341142,-13.166131,-14.021496,-14.919848,-15.82245,-16.76955,-17.732137,-18.725993,-19.0154],"unit":"mW"},"J":{"value":[0.010869733999999999,0.023010358,0.022961675,0.022966044,0.022963079,0.022967448,0.022936242,0.022965264000000003,0.022992102,0.022949349,0.022987109,0.022865715,0.022960270999999997,0.022833104,0.022854949000000003,0.022877417,0.022794564,0.022853388,0.022653041999999998,0.022729186,0.022606544,0.0225485,0.022482341000000003,0.022356735,0.022281839,0.022196957,0.021970397,0.021814208,0.021536781,0.021261539,0.020891116,0.020530211,0.020076311,0.019543302000000002,0.019048677,0.018364472,0.017700083,0.016945507,0.016212619,0.015363643,0.014572087,0.013733252999999999,0.012856035,0.01202157,0.011166041,0.010423791,0.009628491000000001,0.008892795,0.008134006,0.007478823,0.006862336,0.006287822,0.005786019,0.005307465999999999,0.004904276,0.004508575999999999,0.004167176000000001,0.003852769,0.003575342,0.003326158,0.0030981930000000004,0.00290206,0.002737913,0.00255707,0.0023915190000000004,0.0022070880000000003,0.0020262459999999998,0.001822155,0.001598403,0.001320352,0.000983320606,0.0005461158550000001,-1.7319674000000002e-5,-0.000748646821,-0.001693583,-0.002881619,-0.004390771,-0.0061672079999999995,-0.008290663,-0.010696693,-0.013380151,-0.016312012,-0.019452959,-0.022807358,-0.026304996,-0.02996959,-0.033838275,-0.037828821,-0.041868986,-0.046065184,-0.050334718,-0.054713943,-0.059293515,-0.063864504,-0.068577016,-0.07335787,-0.078270105,-0.08314099,-0.088077877,-0.093357725,-0.098460164,-0.103673074,-0.109081493,-0.11440112999999999,-0.119923453,-0.125436259,-0.13105298199999998,-0.132722692],"unit":"A\/cm2"},"power_density":{"value":[-2.173144,-4.23276,-3.856499,-3.4896,-3.121789,-2.754859,-2.384185,-2.019587,-1.654122,-1.283839,-0.918146211,-0.547309059,-0.18347589,0.18284825,0.549808576,0.916901227,1.278153,1.646872,1.994895,2.365436,2.71433,3.068148,3.41888,3.75753,4.101676,4.441007,4.746928,5.062511,5.342804,5.614713,5.851151,6.079116,6.266103,6.411798,6.554409,6.612916,6.657192,6.644355,6.616484,6.515914,6.413522,6.263747,6.069414,5.867987,5.629026,5.421698,5.162072,4.910042,4.621054,4.368455,4.118224,3.874172,3.65761,3.439992,3.257163,3.066418,2.900914,2.74369,2.603331,2.475092,2.355091,2.252497,2.168801,2.066477,1.970975,1.854302,1.734791,1.589222,1.419659,1.193793,0.904803903,0.511258507,-0.016491268,-0.724822336,-1.666783,-2.882168,-4.461897,-6.3656,-8.68995,-11.382989,-14.452957,-17.880956,-21.635604,-25.731415,-30.097715,-34.7704,-39.800035,-45.099537,-50.586138,-56.393032,-62.425372,-68.730525,-75.433371,-82.27069,-89.438729,-96.847985,-104.586585,-112.425112,-120.507506,-129.226618,-137.865249,-146.821947,-156.228772,-165.680106,-175.597383,-185.676827,-196.083701,-199.114132],"unit":"mW\/cm2"},"timestamps":{"value":[0.018,0.043,0.07,0.093,0.114,0.136,0.159,0.185,0.207,0.23,0.251,0.273,0.298,0.323,0.347,0.372,0.395,0.417,0.441,0.464,0.486,0.509,0.535,0.57,0.594,0.62,0.647,0.669,0.695,0.718,0.739,0.762,0.785,0.809,0.831,0.853,0.874,0.896,0.92,0.941,0.965,0.988,1.011,1.033,1.056,1.083,1.107,1.128,1.151,1.173,1.196,1.218,1.241,1.264,1.287,1.31,1.332,1.354,1.377,1.4,1.424,1.459,1.484,1.506,1.529,1.552,1.574,1.595,1.62,1.643,1.667,1.692,1.714,1.738,1.76,1.781,1.809,1.831,1.855,1.879,1.903,1.925,1.948,1.971,1.995,2.018,2.047,2.078,2.1,2.123,2.146,2.169,2.192,2.214,2.236,2.26,2.285,2.307,2.344,2.369,2.392,2.414,2.437,2.459,2.483,2.504,2.527,2.551],"unit":"s"},"p_max":{"unit":"mW","value":0.635761858},"v_p_max":{"unit":"V","value":0.376110792},"i_p_max":{"unit":"mA","value":1.690358},"j_p_max":{"unit":"mA\/cm2","value":17.700083},"voc":{"unit":"V","value":0.951677906},"isc":{"unit":"mA","value":2.18664},"jsc":{"unit":"mA\/cm2","value":22.896755},"fill_factor":{"unit":"%","value":30.551123},"efficiency":{"unit":"%","value":6.657192},"r_s":{"unit":"ohms","value":71.68558},"r_sh":{"unit":"ohms","value":151.265551},"cell_dimension":{"value":0.0955000370754243,"unit":"cm2"},"sweep_direction":{"unit":"","value":"Forward"},"key":"forward1_1cell_231019"}]}}