{"_id":"6531de14851eea3e48563f22","id":"KAIST-SC-00091","author":105,"group":12,"input":[{"tco":{"unit":"","value":"ITO"}},{"etl":[{"material":{"unit":"","value":"SnO2"},"concentration":{"unit":"","value":"5"},"conc_unit":{"unit":"","value":"wt%"},"quantity":{"unit":"ml","value":"0.4"}}],"solvent":[{"material":{"unit":"","value":"DI Water"},"volume":{"unit":"ml","value":"0.8"}}],"spin_coating":[{"type":{"unit":"","value":"drop&run"},"rpm":{"unit":"","value":"4000"},"time":{"unit":"s","value":"30"}}],"annealing":[{"temperature":{"unit":"oC","value":"150"},"time":{"unit":"m","value":"30"}}]},{"perovskite":{"method":{"unit":"","value":"1-step"},"molarity":{"unit":"M","value":"1.8"},"a_site":[{"material":{"unit":"","value":"FA"},"ratio":{"unit":"","value":"95"}},{"material":{"unit":"","value":"MA"},"ratio":{"unit":"","value":"5"}}],"b_site":[{"material":{"unit":"","value":"Pb"},"ratio":{"unit":"","value":"100"}}],"x_site":[{"material":{"unit":"","value":"I"},"ratio":{"unit":"","value":"95"}},{"material":{"unit":"","value":"Br"},"ratio":{"unit":"","value":"5"}}],"solvent":[{"material":{"unit":"","value":"DMF"},"volume":{"unit":"ml","value":"0.8"}},{"material":{"unit":"","value":"DMSO"},"volume":{"unit":"ml","value":"0.1"}}],"additive":[{"material":{"unit":"","value":"MACl"},"solvent":{"unit":"","value":"None"},"concentration":{"unit":"","value":"47.62"},"conc_unit":{"unit":"","value":"mg\/ml"},"quantity":{"unit":"mol%","value":"35"}}],"stirring_time":[{"unit":"m","value":"20"}],"antisolvent":[{"material":{"unit":"","value":"DEE"},"quantity":{"unit":"ul","value":"1000"},"dripping_time":{"unit":"s","value":"28"}}],"spin_coating":[{"type":{"unit":"","value":"drop&run"},"rpm":{"unit":"","value":"5000"},"time":{"unit":"s","value":"15"}}],"annealing":[{"temperature":{"unit":"oC","value":"100"},"time":{"unit":"m","value":"15"}}],"atmosphere":[{"type":{"unit":"","value":"Air"},"temperature":{"unit":"oC","value":"22"},"humidity":{"unit":"RH%","value":"19"}}]}},{"perovskite_treatment":[{"material":{"unit":"","value":"OAI"},"concentration":{"unit":"","value":"2.5"},"conc_unit":{"unit":"","value":"mg\/ml"},"quantity":{"unit":"ml","value":"0.4"}}],"solvent":[{"material":{"unit":"","value":"CF"},"volume":{"unit":"ml","value":"0.8"}}],"spin_coating":[{"type":{"unit":"","value":"drop&run"},"rpm":{"unit":"","value":"5000"},"time":{"unit":"s","value":"5"}}],"annealing":[{"temperature":{"unit":"oC","value":"100"},"time":{"unit":"m","value":"3"}}]},{"htl":[{"material":{"unit":"","value":"Spiro-OMeTAD"},"concentration":{"unit":"","value":"91"},"conc_unit":{"unit":"","value":"mg\/ml"},"quantity":{"unit":"ml","value":"0.08"}}],"solvent":[{"material":{"unit":"","value":"CB"},"volume":{"unit":"ml","value":"1.1"}}],"htl_doping":[{"material":{"unit":"","value":"tBP"},"volume":{"unit":"ul","value":"39"}},{"material":{"unit":"","value":"Li-TFSI"},"volume":{"unit":"ul","value":"23"}},{"material":{"unit":"","value":"Co-TFSI"},"volume":{"unit":"ul","value":"10"}}],"spin_coating":[{"type":{"unit":"","value":"dynamic"},"rpm":{"unit":"","value":"2000"},"time":{"unit":"s","value":"30"}}]},{"anode_metal":{"unit":"","value":"Au"}},{"note":{"unit":"","value":"-"},"ar":{"unit":"","value":"0"},"type":{"unit":"","value":"unit_cell"},"device_type":{"unit":"","value":"n-i-p"},"temperature":{"unit":"oC","value":"22"},"humidity":{"unit":"%","value":"19"},"cell_dimension":{"unit":"cm2","value":"0.0955"}}],"fileinfo":[{"key":"reverse16_4cell_231020","uploadType":"JV","original_name":"reverse16_4cell_231020.csv","save_name":"KAIST-SC-00091\/reverse16_4cell_231020","uploader":105,"fileType":""},{"key":"forward16_4cell_231020","uploadType":"JV","original_name":"forward16_4cell_231020.csv","save_name":"KAIST-SC-00091\/forward16_4cell_231020","uploader":105,"fileType":""},{"key":"reverse16_3cell_231020","uploadType":"JV","original_name":"reverse16_3cell_231020.csv","save_name":"KAIST-SC-00091\/reverse16_3cell_231020","uploader":105,"fileType":""},{"key":"forward16_3cell_231020","uploadType":"JV","original_name":"forward16_3cell_231020.csv","save_name":"KAIST-SC-00091\/forward16_3cell_231020","uploader":105,"fileType":""},{"key":"reverse16_2cell_231020","uploadType":"JV","original_name":"reverse16_2cell_231020.csv","save_name":"KAIST-SC-00091\/reverse16_2cell_231020","uploader":105,"fileType":""},{"key":"forward16_2cell_231020","uploadType":"JV","original_name":"forward16_2cell_231020.csv","save_name":"KAIST-SC-00091\/forward16_2cell_231020","uploader":105,"fileType":""},{"key":"reverse16_1cell_231020","uploadType":"JV","original_name":"reverse16_1cell_231020.csv","save_name":"KAIST-SC-00091\/reverse16_1cell_231020","uploader":105,"fileType":""},{"key":"forward16_1cell_231020","uploadType":"JV","original_name":"forward16_1cell_231020.csv","save_name":"KAIST-SC-00091\/forward16_1cell_231020","uploader":105,"fileType":""}],"jvcnt":8,"updated_at":"2024-08-19 05:51:52","created_at":"2023-10-20 01:55:32","analysisInfo":{"JV":[{"efficiency":13.449441,"fill_factor":64.808199,"jsc":21.279094,"voc":0.975261632,"key":"reverse16_4cell_231020","cell_dimension":0.09550000042105654},{"efficiency":13.490094,"fill_factor":65.62119,"jsc":21.046175,"voc":0.976782118,"key":"reverse16_3cell_231020","cell_dimension":0.09549999998704783},{"efficiency":12.658882,"fill_factor":62.270493,"jsc":21.218282,"voc":0.958082287,"key":"reverse16_2cell_231020","cell_dimension":0.09549999931308831},{"efficiency":11.782196,"fill_factor":58.401626,"jsc":21.067823,"voc":0.95759455,"key":"reverse16_1cell_231020","cell_dimension":0.09549999929357555},{"efficiency":9.581421,"fill_factor":45.539761,"jsc":21.089435,"voc":0.997640857,"key":"forward16_4cell_231020","cell_dimension":0.0955000145530576},{"efficiency":9.950617,"fill_factor":47.272102,"jsc":21.013138,"voc":1.001738,"key":"forward16_3cell_231020","cell_dimension":0.09549998714397599},{"efficiency":9.291765,"fill_factor":44.907867,"jsc":20.821832,"voc":0.993703583,"key":"forward16_2cell_231020","cell_dimension":0.09549999928003293},{"efficiency":7.214513,"fill_factor":36.043387,"jsc":20.302955,"voc":0.985875777,"key":"forward16_1cell_231020","cell_dimension":0.0954999779252368}]},"public":2,"tags":[],"analysis":{"JV":[{"V":{"value":[1.499984,1.483979,1.467978,1.452013,1.436,1.420006,1.40401,1.388001,1.37199,1.355988,1.339982,1.324009,1.307999,1.291992,1.276004,1.260005,1.243982,1.227982,1.212006,1.195994,1.180012,1.163993,1.147993,1.131987,1.115976,1.100016,1.084018,1.068013,1.052008,1.035997,1.020002,1.003989,0.988008499,0.972016096,0.956011295,0.940009117,0.924003124,0.907996893,0.891999006,0.876003742,0.860030413,0.843999863,0.828007221,0.811999798,0.795994997,0.779987574,0.76399374,0.748021603,0.732022285,0.716009378,0.700007439,0.683994532,0.667984247,0.651986361,0.63602376,0.620017767,0.604010105,0.588005543,0.572006226,0.556002855,0.539984465,0.52401638,0.50799799,0.492013693,0.475999355,0.459995985,0.444005013,0.427997351,0.412019968,0.396016598,0.38001442,0.364004374,0.34799552,0.331986666,0.315988779,0.299989462,0.284011841,0.268009901,0.252007723,0.236004353,0.219991446,0.204001188,0.187993288,0.172012568,0.155999184,0.139997959,0.124001026,0.108005285,0.092004299,0.076000452,0.060007572,0.044010401,0.028002501,0.012000382,-0.00399667,-0.019997746,-0.035991192,-0.051992416,-0.067985296,-0.08398509,-0.099994421,-0.115991592,-0.131984472,-0.14798975,-0.164001703,-0.179982424,-0.195980787,-0.199979067],"unit":"V"},"I":{"value":[-0.009639442000000002,-0.011387855,-0.012459606000000002,-0.012999877,-0.013301253,-0.013301462,-0.013310552,-0.013044953,-0.012607589,-0.012101352000000001,-0.011561781,-0.010986552,-0.010381847999999999,-0.009763703,-0.009133354,-0.008498341,-0.007867575,-0.007232845,-0.0066159520000000005,-0.006004602,-0.005403638,-0.004825428,-0.004266232,-0.003723666,-0.0032078030000000004,-0.0027166160000000003,-0.002252281,-0.001822889,-0.001425683,-0.0010613950000000001,-0.000736370683,-0.000437766314,-0.000180840492,4.6044588e-5,0.000242233276,0.000416636467,0.000574544072,0.00073222816,0.000866770744,0.000998735428,0.001129791,0.0012388829999999999,0.001342759,0.001434088,0.001519531,0.0015960780000000001,0.001655027,0.001711473,0.001753911,0.001793861,0.00182423,0.001848787,0.00187327,0.001889423,0.001907796,0.00191848,0.001933113,0.001941293,0.001953155,0.001957387,0.0019676389999999998,0.001973465,0.0019756260000000003,0.001980543,0.001985118,0.001987413,0.001995042,0.001994759,0.0020031479999999997,0.001999885,0.002008766,0.002004877,0.0020096750000000003,0.002014726,0.0020146670000000004,0.0020136980000000004,0.002017856,0.002019584,0.002019376,0.002019927,0.002026379,0.0020209100000000003,0.002022356,0.002023682,0.002021253,0.0020231900000000002,0.002029642,0.002023533,0.002031103,0.002029642,0.0020314459999999997,0.002033383,0.00203152,0.002031371,0.002032414,0.0020337999999999997,0.0020289419999999997,0.002031863,0.002033323,0.002029851,0.002037272,0.0020319970000000002,0.00203754,0.0020338739999999998,0.002034977,0.0020345,0.002032489,0.002038449],"unit":"A"},"resistance":{"value":[-155.608961,-130.312405,-117.818975,-111.694344,-107.959742,-106.755637,-105.480946,-106.401356,-108.822583,-112.052624,-115.897564,-120.511784,-125.989006,-132.326071,-139.708162,-148.264794,-158.115094,-169.778503,-183.194449,-199.179555,-218.373712,-241.220595,-269.088333,-303.998015,-347.894087,-404.921403,-481.297907,-585.890462,-737.897571,-976.071207,-1385.174,-2293.435,-5463.425,21110.322,3946.656,2256.185,1608.237,1240.046,1029.106,877.112915,761.22956,681.258985,616.646403,566.213466,523.842548,488.690051,461.620031,437.06308,417.365607,399.144205,383.727631,369.96934,356.587338,345.07176,333.381489,323.181806,312.454671,302.893689,292.862719,284.053655,274.432728,265.531113,257.132703,248.423619,239.783935,231.454702,222.554222,214.560949,205.686214,198.0197,189.178048,181.559478,173.160106,164.780025,156.844189,148.974389,140.749335,132.705487,124.794876,116.838066,108.563814,100.945193,92.957574,84.999801,77.17944,69.196636,61.09501,53.374611,45.297707,37.445241,29.539346,21.643934,13.784014,5.907528,-1.966465,-9.832701,-17.738895,-25.588548,-33.435561,-41.375001,-49.082512,-57.082565,-64.776381,-72.762483,-80.591425,-88.465177,-96.424053,-98.10354],"unit":"ohms"},"conductance":{"value":[-0.006426365,-0.007673867,-0.008487597,-0.008953005,-0.009262712,-0.009367187,-0.009480385,-0.009398376,-0.009189269,-0.008924378,-0.008628309,-0.008297944,-0.007937201,-0.00755709,-0.007157778,-0.006744689,-0.006324507,-0.005890027,-0.005458681,-0.005020596,-0.004579306,-0.004145583,-0.003716252,-0.003289495,-0.002874438,-0.002469615,-0.002077715,-0.001706804,-0.001355202,-0.001024515,-0.000721930874,-0.000436027114,-0.000183035361,4.7370191e-5,0.000253379095,0.000443225985,0.000621798841,0.000806421438,0.000971717164,0.001140104,0.001313664,0.001467871,0.001621675,0.001766118,0.001908971,0.002046287,0.002166284,0.002287999,0.002395981,0.00250536,0.002606015,0.002702927,0.002804362,0.002897948,0.002999567,0.003094234,0.003200464,0.003301488,0.003414569,0.003520462,0.00364388,0.003766037,0.003889042,0.004025382,0.004170421,0.0043205,0.004493287,0.00466068,0.004861775,0.005050003,0.005286026,0.005507837,0.005775002,0.006068697,0.006375754,0.006712563,0.007104829,0.007535483,0.00801315,0.008558854,0.009211172,0.009906366,0.010757596,0.011764733,0.012956819,0.01445157,0.016367949,0.0187355,0.022076172,0.026705663,0.033853153,0.046202321,0.072547807,0.169275529,-0.508526837,-0.101701457,-0.056373296,-0.039079983,-0.029908277,-0.024169184,-0.020373855,-0.017518484,-0.015437726,-0.013743346,-0.012408268,-0.011303883,-0.010370856,-0.010193312],"unit":"S"},"power":{"value":[-14.459004,-16.899335,-18.290427,-18.875988,-19.100598,-18.888156,-18.688142,-18.106405,-17.297492,-16.409292,-15.492582,-14.546293,-13.579443,-12.61463,-11.654197,-10.70795,-9.787124,-8.8818,-8.018571,-7.181467,-6.37636,-5.616763,-4.897606,-4.215142,-3.57983,-2.988321,-2.441513,-1.946869,-1.499831,-1.099602,-0.751099311,-0.439512451,-0.178671943,0.044756081,0.231577748,0.391642077,0.530880518,0.664860894,0.773158643,0.874895972,0.971654741,1.045617,1.111814,1.164479,1.209539,1.244921,1.26443,1.280219,1.283902,1.284422,1.276975,1.26456,1.251315,1.231878,1.213403,1.189492,1.16762,1.141491,1.117217,1.088313,1.062494,1.034128,1.003614,0.974454342,0.94491479,0.914201804,0.885808633,0.853751501,0.825337057,0.791987592,0.763360021,0.729783899,0.699357863,0.6688623,0.636612101,0.604088246,0.573094896,0.541268556,0.508898237,0.476711542,0.445786069,0.412268119,0.380189315,0.348098736,0.315313835,0.283242507,0.251677748,0.218552257,0.186870187,0.154253745,0.121902113,0.089489986,0.05688764,0.024377228,-0.008122889,-0.040671413,-0.073024045,-0.105641453,-0.13823607,-0.170477226,-0.20371582,-0.23569455,-0.268923652,-0.300992563,-0.333739707,-0.366174285,-0.398328713,-0.407647139],"unit":"mW"},"J":{"value":[-0.100936565,-0.119244553,-0.130467078,-0.13612437,-0.139280139,-0.13928232399999999,-0.13937750399999999,-0.13659637,-0.132016643,-0.12671573,-0.121065771,-0.115042426,-0.108710446,-0.102237725,-0.095637213,-0.088987862,-0.082382981,-0.07573659499999999,-0.069276981,-0.062875411,-0.056582596,-0.050528042999999995,-0.044672589,-0.038991267999999996,-0.033589558,-0.028446238999999998,-0.023584091,-0.019087841,-0.014928623,-0.011114081999999999,-0.007710688,-0.00458394,-0.0018936180000000001,0.00048214228399999997,0.002536474,0.004362686,0.0060161680000000006,0.007667311,0.009076133,0.010457962999999999,0.011830274,0.012972592,0.014060299,0.015016626,0.015911319,0.016712862000000002,0.017330127999999997,0.017921182,0.018365563999999997,0.018783888999999998,0.019101884,0.019359027,0.019615389,0.019784529,0.019976918,0.020088794,0.020242018,0.02032768,0.020451882999999997,0.020496196,0.020603547,0.020664556,0.020687181,0.020738672,0.020786574000000002,0.020810603,0.020890491999999997,0.020887527,0.020975373999999998,0.020941203000000002,0.021034198,0.020993473999999998,0.021043716,0.021096612,0.021095987,0.021085845,0.021129378,0.021147478,0.021145294,0.021151067000000003,0.021218629,0.021161365,0.0211765,0.021190387,0.021164954000000003,0.021185238,0.021252801,0.021188827,0.021268092,0.021252801,0.021271681,0.021291965,0.021272461,0.021270900000000002,0.021281823,0.021296334,0.021245467,0.02127605,0.021291341,0.021254985,0.021332689999999998,0.021277453999999998,0.021335498,0.021297114,0.021308661,0.021303667000000002,0.021282603,0.021345016],"unit":"A\/cm2"},"power_density":{"value":[-151.403187,-176.956383,-191.5228,-197.654325,-200.006262,-197.781741,-195.687351,-189.595861,-181.125572,-171.825043,-162.225987,-152.3172,-142.193118,-132.090367,-122.033473,-112.12513,-102.482972,-93.003143,-83.96409,-75.198608,-66.768168,-58.814271,-51.283834,-44.137612,-37.485128,-31.291314,-25.565579,-20.386066,-15.705037,-11.514154,-7.864914,-4.602225,-1.87091,0.46865006,2.424898,4.100964,5.558958,6.961894,8.095902,9.161214,10.174395,10.948866,11.642029,12.193497,12.665331,13.035824,13.24011,13.405431,13.444002,13.449441,13.371461,13.241469,13.102771,12.899243,12.705794,12.455409,12.226384,11.952789,11.698604,11.395944,11.125595,10.828566,10.509046,10.20371,9.894396,9.572794,9.275483,8.939806,8.642273,8.293064,7.993299,7.641716,7.323119,7.003794,6.666095,6.325531,6.000994,5.667734,5.328777,4.991744,4.667917,4.316944,3.98104,3.645013,3.301716,2.96589,2.635369,2.288505,1.956756,1.615222,1.276462,0.937067911,0.595682096,0.25525893,-0.085056428,-0.425878671,-0.764649683,-1.106193,-1.447498,-1.785102,-2.13315,-2.468006,-2.815954,-3.151755,-3.494657,-3.834286,-4.170981,-4.268556],"unit":"mW\/cm2"},"timestamps":{"value":[0.017,0.04,0.065,0.087,0.112,0.134,0.169,0.197,0.219,0.241,0.263,0.288,0.31,0.332,0.353,0.376,0.398,0.422,0.444,0.467,0.489,0.511,0.532,0.555,0.578,0.602,0.627,0.649,0.671,0.695,0.716,0.741,0.765,0.787,0.81,0.831,0.854,0.89,0.911,0.94,0.979,1.002,1.023,1.046,1.069,1.104,1.128,1.149,1.172,1.194,1.215,1.239,1.263,1.283,1.304,1.327,1.351,1.372,1.393,1.415,1.437,1.462,1.485,1.507,1.529,1.55,1.574,1.596,1.619,1.641,1.662,1.683,1.706,1.729,1.75,1.773,1.794,1.816,1.837,1.871,1.895,1.92,1.944,1.981,2.007,2.03,2.052,2.075,2.097,2.12,2.142,2.163,2.184,2.209,2.231,2.254,2.276,2.297,2.32,2.341,2.362,2.385,2.41,2.433,2.461,2.484,2.506,2.53],"unit":"s"},"p_max":{"unit":"mW","value":1.284422},"v_p_max":{"unit":"V","value":0.716009378},"i_p_max":{"unit":"mA","value":1.793861},"j_p_max":{"unit":"mA\/cm2","value":18.783889},"voc":{"unit":"V","value":0.975261632},"isc":{"unit":"mA","value":2.032153},"jsc":{"unit":"mA\/cm2","value":21.279094},"fill_factor":{"unit":"%","value":64.808199},"efficiency":{"unit":"%","value":13.449441},"r_s":{"unit":"ohms","value":40.153358},"r_sh":{"unit":"ohms","value":3995.451},"cell_dimension":{"value":0.09550000042105654,"unit":"cm2"},"sweep_direction":{"unit":"","value":"Reverse"},"key":"reverse16_4cell_231020"},{"V":{"value":[1.499978,1.483972,1.467979,1.45201,1.436001,1.420005,1.40401,1.388003,1.371993,1.355976,1.33999,1.324017,1.308,1.291992,1.276003,1.260004,1.243989,1.227986,1.212017,1.196013,1.180015,1.163994,1.147995,1.131987,1.115974,1.100017,1.084018,1.068011,1.052007,1.036,1.020002,1.003985,0.988013983,0.972013235,0.956013918,0.940009117,0.924004555,0.907995701,0.891997576,0.875993013,0.860019445,0.844002485,0.828003168,0.812006712,0.795994997,0.779987574,0.763997793,0.74801755,0.732019663,0.716013432,0.700006008,0.683994532,0.66798687,0.6519835,0.636036158,0.620016336,0.604010105,0.588006735,0.572008848,0.556004047,0.539995193,0.524012327,0.508008957,0.492016554,0.475995302,0.459993362,0.444003582,0.427993298,0.412017107,0.396013737,0.38001585,0.364004374,0.347990036,0.331989288,0.315988779,0.299973011,0.283999681,0.268008471,0.2520051,0.23600316,0.219992876,0.203998327,0.188009501,0.171997547,0.155996323,0.139997959,0.123999596,0.108002663,0.092004299,0.076000452,0.060006142,0.044010401,0.027999878,0.011998117,-0.003999919,-0.019998312,-0.035995483,-0.051978827,-0.067979813,-0.083989143,-0.099993229,-0.115991592,-0.131984472,-0.147982836,-0.163986683,-0.179986477,-0.195986271,-0.19998455],"unit":"V"},"I":{"value":[-0.011059925,-0.013196260000000001,-0.014310792,-0.015127554999999999,-0.015463530999999999,-0.015492454000000001,-0.01528497,-0.01499337,-0.014527008000000001,-0.013977587,-0.013371021,-0.012715966,-0.012017593,-0.011301726,-0.01056388,-0.009820297,-0.009075448,-0.008328720999999999,-0.007592484,-0.006870866000000001,-0.006152302,-0.005469307,-0.004800811,-0.004161164,-0.003559038,-0.002988875,-0.002456293,-0.001968652,-0.001523525,-0.0011184069999999999,-0.000763833523,-0.000448524952,-0.000180497766,7.6636672e-5,0.00028979778299999997,0.000468790531,0.000637233257,0.0007895082239999999,0.000938266516,0.001073554,0.001196161,0.0013069059999999998,0.0014046879999999999,0.001489013,0.001563832,0.001624241,0.001675621,0.001722291,0.0017594700000000002,0.001788661,0.001818687,0.0018388629999999998,0.001861826,0.001874447,0.001893446,0.001899064,0.001910642,0.001922563,0.001925901,0.00193727,0.001941428,0.001948223,0.001952663,0.001955584,0.001963213,0.0019653590000000003,0.001972288,0.001971811,0.001979083,0.001981512,0.0019802599999999997,0.001989484,0.001984641,0.0019916450000000002,0.001989484,0.00199227,0.001993299,0.001996428,0.001996979,0.001998782,0.0020030739999999997,0.0020013450000000003,0.002003491,0.002006337,0.002003014,0.00200516,0.0020038490000000003,0.002009884,0.002001554,0.002011895,0.002006888,0.002013132,0.002012655,0.002012715,0.002008975,0.002011821,0.002010226,0.0020187499999999997,0.002012715,0.002017304,0.002016261,0.002012298,0.0020120290000000002,0.002012655,0.00201425,0.002014175,0.00201425,0.002013341],"unit":"A"},"resistance":{"value":[-135.622807,-112.453973,-102.578489,-95.98446,-92.863739,-91.657822,-91.855564,-92.574477,-94.444298,-97.010742,-100.216014,-104.122416,-108.84044,-114.318151,-120.789201,-128.30605,-137.071937,-147.439909,-159.633728,-174.070198,-191.800578,-212.822943,-239.125152,-272.036154,-313.560624,-368.037252,-441.322842,-542.508561,-690.508715,-926.317394,-1335.372,-2238.414,-5473.829,12683.396,3298.9,2005.179,1450.026,1150.078,950.686783,815.974682,718.98307,645.801813,589.457095,545.332026,509.00283,480.216512,455.949133,434.315398,416.045665,400.306977,384.896419,371.96603,358.780583,347.827143,335.914628,326.485296,316.129433,305.845281,297.008503,287.003877,278.14336,268.969444,260.162117,251.595754,242.457279,234.050571,225.121081,217.055938,208.185884,199.854351,191.901996,182.964228,175.341557,166.691038,158.829528,150.568426,142.477244,134.24401,126.193157,118.073478,109.82765,101.930607,93.840954,85.727145,77.880792,69.818852,61.880722,53.735782,45.966439,37.775553,29.900089,21.861657,13.91191,5.961161,-1.991025,-9.940405,-17.906185,-25.748029,-33.775185,-41.634345,-49.59339,-57.641373,-65.597689,-73.526176,-81.41329,-89.359898,-97.299895,-99.329717],"unit":"ohms"},"conductance":{"value":[-0.007373391,-0.008892527,-0.009748633,-0.010418353,-0.010768466,-0.010910144,-0.010886657,-0.010802113,-0.010588252,-0.010308137,-0.009978445,-0.00960408,-0.009187761,-0.008747517,-0.008278886,-0.007793865,-0.007295439,-0.006782424,-0.00626434,-0.005744809,-0.005213749,-0.004698742,-0.004181911,-0.003675982,-0.003189176,-0.002717116,-0.002265915,-0.001843289,-0.001448208,-0.001079544,-0.000748855184,-0.000446744812,-0.000182687461,7.8843239e-5,0.000303131343,0.000498708494,0.000689642983,0.000869506566,0.001051871,0.001225528,0.001390853,0.001548463,0.001696476,0.001833745,0.001964626,0.002082394,0.002193227,0.002302474,0.002403582,0.002498083,0.002598102,0.002688418,0.002787219,0.002874991,0.002976947,0.003062925,0.003163261,0.003269627,0.003366907,0.003484273,0.003595268,0.003717894,0.003843757,0.00397463,0.004124438,0.004272581,0.004442054,0.004607107,0.0048034,0.005003644,0.005210993,0.005465549,0.005703155,0.005999123,0.006296058,0.006641499,0.007018665,0.007449122,0.00792436,0.008469303,0.009105175,0.009810596,0.010656328,0.011664917,0.012840137,0.014322779,0.016160122,0.018609574,0.021755003,0.026472148,0.033444716,0.045742187,0.071880854,0.167752552,-0.502253846,-0.100599524,-0.055846625,-0.038837924,-0.029607536,-0.024018632,-0.020163978,-0.01734865,-0.015244439,-0.013600599,-0.012283007,-0.011190702,-0.010277503,-0.010067481],"unit":"S"},"power":{"value":[-16.589645,-19.582878,-21.007948,-21.965363,-22.205651,-21.999356,-21.460245,-20.810847,-19.930954,-18.953274,-17.917039,-16.836155,-15.719012,-14.601745,-13.479539,-12.37361,-11.289759,-10.227552,-9.202217,-8.217645,-7.259809,-6.366241,-5.511306,-4.710384,-3.971795,-3.287814,-2.662665,-2.102541,-1.602758,-1.158669,-0.779111453,-0.450312185,-0.178334316,0.074491859,0.277050714,0.440667373,0.588806432,0.716870073,0.836931457,0.940425942,1.028722,1.103032,1.163086,1.209089,1.244803,1.266888,1.28017,1.288304,1.287966,1.280705,1.273092,1.257772,1.243675,1.222108,1.2043,1.17745,1.154047,1.13048,1.101632,1.07713,1.048362,1.020893,0.991970326,0.962179549,0.934480206,0.904052027,0.875702889,0.843921916,0.815415979,0.784705857,0.752530193,0.724180816,0.690635278,0.661204641,0.628654567,0.597627336,0.566096148,0.535059554,0.503248923,0.471718906,0.440661943,0.408271064,0.376675328,0.345085051,0.312462832,0.280718287,0.24847641,0.217072772,0.184151552,0.152904943,0.120425629,0.088598745,0.056354098,0.024148787,-0.008035735,-0.040233018,-0.072359066,-0.104932241,-0.136823971,-0.16943166,-0.20161247,-0.233409593,-0.265556624,-0.297838415,-0.330310104,-0.362524272,-0.394765261,-0.402637013],"unit":"mW"},"J":{"value":[-0.115810733,-0.13818073,-0.149851226,-0.158403712,-0.161921791,-0.162224651,-0.160052046,-0.156998634,-0.152115266,-0.14636216999999999,-0.140010686,-0.133151471,-0.125838668,-0.11834268199999999,-0.110616547,-0.10283033899999999,-0.095030868,-0.087211737,-0.079502454,-0.07194623900000001,-0.064422011,-0.057270234,-0.050270277,-0.043572400000000004,-0.037267414000000006,-0.03129712,-0.02572034,-0.020614156999999998,-0.015953136,-0.011711064,-0.007998257,-0.004696596000000001,-0.0018900289999999999,0.0008024782409999999,0.003034532,0.004908801000000001,0.0066726,0.008267102,0.00982478,0.011241405,0.012525245,0.013684882999999998,0.014708772,0.015591764,0.016375206,0.017007764,0.017545766,0.018034462,0.018423764,0.018729433,0.01904384,0.019255109,0.019495556,0.019627716,0.019826657999999997,0.019885483000000002,0.020006720000000002,0.020131547,0.020166498,0.020285551000000002,0.020329085,0.020400236,0.020446733999999998,0.020477316,0.020557205,0.020579674,0.020652228999999998,0.020647236,0.02072338,0.020748814,0.020735707000000003,0.020832291000000003,0.020781581,0.020854915999999998,0.020832291000000003,0.02086147,0.020872236000000002,0.020905003000000002,0.020910776,0.020929656,0.020974594,0.020956494,0.020978963,0.021008765,0.02097397,0.020996438000000003,0.020982707,0.021045901000000002,0.020958677999999998,0.021066965,0.021014538000000003,0.021079916,0.021074923,0.021075547,0.021036383000000002,0.021066185,0.021049489999999997,0.02113874,0.021075547,0.021123605,0.021112683,0.021071178,0.021068370000000003,0.021074923,0.021091618,0.021090838,0.021091618,0.0210821],"unit":"A\/cm2"},"power_density":{"value":[-173.713559,-205.056312,-219.978518,-230.003799,-232.519902,-230.359752,-224.714606,-217.91463,-208.701091,-198.463605,-187.612973,-176.294818,-164.596989,-152.897848,-141.147006,-129.566594,-118.217377,-107.09478,-96.358293,-86.048635,-76.018945,-66.662212,-57.710014,-49.323394,-41.589472,-34.427373,-27.881312,-22.016138,-16.78281,-12.132657,-8.158235,-4.715311,-1.867375,0.780019471,2.901055,4.614318,6.165512,7.506493,8.76368,9.847392,10.771954,11.550075,12.17891,12.660617,13.034582,13.265845,13.404927,13.490094,13.486558,13.410526,13.330802,13.170389,13.022775,12.796947,12.610471,12.329324,12.084261,11.837485,11.535415,11.278849,10.977608,10.689975,10.387124,10.075179,9.785133,9.466513,9.169664,8.836879,8.538387,8.216815,7.879897,7.583045,7.231783,6.923609,6.58277,6.257878,5.927708,5.602718,5.269622,4.939465,4.614261,4.27509,3.944244,3.613456,3.271862,2.939459,2.601847,2.273013,1.928289,1.601099,1.261001,0.927735551,0.590095269,0.252866879,-0.084143821,-0.421288142,-0.757686551,-1.098767,-1.432712,-1.774154,-2.111125,-2.44408,-2.780698,-3.118727,-3.458745,-3.796066,-4.133668,-4.216094],"unit":"mW\/cm2"},"timestamps":{"value":[0.019,0.04,0.063,0.088,0.112,0.135,0.157,0.181,0.205,0.226,0.249,0.272,0.295,0.318,0.341,0.363,0.385,0.407,0.43,0.451,0.476,0.497,0.521,0.544,0.567,0.589,0.612,0.634,0.655,0.679,0.701,0.724,0.758,0.781,0.811,0.833,0.855,0.878,0.901,0.924,0.945,0.971,0.986,1.009,1.032,1.052,1.077,1.099,1.122,1.144,1.168,1.189,1.213,1.234,1.254,1.277,1.301,1.323,1.344,1.366,1.389,1.411,1.434,1.461,1.484,1.507,1.528,1.551,1.574,1.597,1.619,1.648,1.669,1.69,1.712,1.734,1.758,1.782,1.802,1.825,1.848,1.871,1.892,1.915,1.937,1.959,1.982,2.005,2.027,2.05,2.074,2.097,2.123,2.148,2.17,2.193,2.216,2.241,2.264,2.285,2.306,2.329,2.352,2.375,2.398,2.424,2.448,2.468],"unit":"s"},"p_max":{"unit":"mW","value":1.288304},"v_p_max":{"unit":"V","value":0.74801755},"i_p_max":{"unit":"mA","value":1.722291},"j_p_max":{"unit":"mA\/cm2","value":18.034462},"voc":{"unit":"V","value":0.976782118},"isc":{"unit":"mA","value":2.00991},"jsc":{"unit":"mA\/cm2","value":21.046175},"fill_factor":{"unit":"%","value":65.62119},"efficiency":{"unit":"%","value":13.490094},"r_s":{"unit":"ohms","value":33.739429},"r_sh":{"unit":"ohms","value":3436.852},"cell_dimension":{"value":0.09549999998704783,"unit":"cm2"},"sweep_direction":{"unit":"","value":"Reverse"},"key":"reverse16_3cell_231020"},{"V":{"value":[1.499981,1.483979,1.467981,1.45201,1.436005,1.420006,1.40401,1.388002,1.371974,1.355967,1.339969,1.32401,1.307997,1.291997,1.276006,1.260002,1.243986,1.227982,1.212017,1.196013,1.180011,1.163995,1.147991,1.131987,1.115978,1.100016,1.084018,1.068009,1.052003,1.036,1.020002,1.003974,0.988007069,0.972009182,0.956039906,0.940009117,0.924000263,0.907999754,0.891997576,0.875991583,0.860022306,0.843999863,0.828007221,0.811999798,0.795993567,0.779986143,0.763995171,0.748021603,0.732019663,0.716013432,0.700007439,0.683991671,0.66797328,0.651986361,0.63602376,0.620017767,0.604010105,0.588006735,0.572002172,0.555999994,0.539994001,0.524006844,0.508018494,0.49200964,0.476002216,0.459997416,0.443999529,0.427996159,0.412018538,0.396012545,0.380021334,0.364005566,0.347994089,0.331981182,0.315987349,0.299982548,0.284014702,0.268012524,0.2520051,0.236004353,0.219994307,0.203998327,0.188005447,0.171998978,0.155997753,0.139997959,0.124002457,0.108009577,0.092001438,0.075999022,0.060007572,0.044013262,0.028002501,0.011999816,-0.003996819,-0.019989431,-0.035983086,-0.051988363,-0.067985296,-0.08398509,-0.099990368,-0.115987539,-0.131980419,-0.147982836,-0.163989544,-0.179980993,-0.195986271,-0.19998312],"unit":"V"},"I":{"value":[-0.009036823999999999,-0.01121068,-0.012040958,-0.012515843,-0.012756467,-0.012753278,-0.01259011,-0.012311414,-0.011962593,-0.011533141,-0.011075035,-0.010573044,-0.010035335999999999,-0.009477854,-0.008909076,-0.008327827,-0.007745116999999999,-0.007157683,-0.006582737,-0.006009594,-0.005431935000000001,-0.004883409,-0.004352361,-0.0038353799999999998,-0.003339693,-0.002869532,-0.002420649,-0.002002701,-0.001615822,-0.001259729,-0.000938236713,-0.0006513595580000001,-0.00038847327199999996,-0.00016836822,2.4691224e-5,0.00019645690900000002,0.000347986817,0.00049354136,0.00062482059,0.0007509589199999999,0.000872313976,0.000990822911,0.001104906,0.0012129399999999998,0.001317248,0.001412317,0.001492485,0.0015670360000000002,0.0016289499999999999,0.0016808959999999999,0.001727015,0.001767367,0.0017961560000000001,0.001824513,0.00185205,0.0018684860000000001,0.0018881710000000001,0.0018988549999999999,0.001917019,0.001925349,0.001934364,0.0019506509999999999,0.0019506509999999999,0.001959324,0.001969442,0.001971737,0.001981243,0.001985818,0.001986921,0.001991019,0.001996696,0.002001688,0.002000719,0.00200814,0.002005652,0.002005652,0.002012923,0.002009884,0.002017573,0.002017573,0.002021462,0.002018899,0.002018899,0.002019584,0.0020211039999999997,0.0020242330000000003,0.002022982,0.002025545,0.002026871,0.002028599,0.002025902,0.002026036,0.002029851,0.002024367,0.002027005,0.002028883,0.00203228,0.002031922,0.002033591,0.00203152,0.00203082,0.002030745,0.00203748,0.00203152,0.002039418,0.0020322049999999996,0.002039209,0.002031863],"unit":"A"},"resistance":{"value":[-165.985381,-132.371876,-121.915622,-116.013773,-112.570774,-111.344396,-111.516861,-112.741065,-114.688683,-117.571315,-120.990021,-125.225061,-130.339156,-136.317435,-143.22534,-151.300232,-160.615569,-171.561314,-184.120464,-199.01728,-217.235846,-238.357134,-263.762752,-295.143394,-334.156013,-383.343369,-447.821234,-533.284325,-651.063484,-822.398562,-1087.147,-1541.351,-2543.308,-5773.115,38719.826,4784.811,2655.274,1839.764,1427.606,1166.497,985.909122,851.817063,749.391415,669.447831,604.285388,552.274069,511.894568,477.348092,449.381231,425.971366,405.327995,387.011652,371.890425,357.348143,343.416006,331.828889,319.891661,309.663847,298.38099,288.778775,279.158359,268.63172,260.435305,251.111949,241.693978,233.295577,224.101445,215.526361,207.365352,198.899465,190.325084,181.849313,173.934488,165.317741,157.548474,149.568623,141.095636,133.347291,124.905101,116.974409,108.829321,101.044359,93.122773,85.16554,77.184423,69.160979,61.296877,53.323721,45.390873,37.46379,29.620171,21.723826,13.795347,5.927687,-1.971786,-9.852434,-17.705772,-25.585802,-33.431151,-41.341011,-49.236459,-57.115753,-64.776287,-72.843405,-80.409987,-88.564368,-96.108967,-98.423538],"unit":"ohms"},"conductance":{"value":[-0.006024627,-0.007554475,-0.008202394,-0.008619666,-0.0088833,-0.008981144,-0.008967254,-0.008869882,-0.008719256,-0.008505476,-0.008265144,-0.007985622,-0.007672292,-0.007335819,-0.006982005,-0.006609375,-0.006226046,-0.00582882,-0.005431227,-0.005024689,-0.004603292,-0.004195385,-0.003791286,-0.003388184,-0.002992614,-0.002608627,-0.002233034,-0.001875172,-0.001535949,-0.001215955,-0.000919838427,-0.000648781481,-0.000393188758,-0.000173216697,2.5826562e-5,0.000208994685,0.000376609002,0.0005435479,0.000700473417,0.000857267278,0.001014292,0.001173961,0.001334416,0.001493768,0.001654847,0.001810695,0.001953527,0.002094907,0.002225282,0.002347576,0.002467138,0.002583902,0.002688964,0.002798391,0.00291192,0.003013601,0.003126058,0.003229308,0.00335142,0.003462858,0.003582196,0.003722569,0.003839725,0.003982288,0.004137463,0.004286408,0.004462265,0.004639804,0.004822406,0.005027666,0.005254168,0.005499058,0.005749291,0.006048958,0.006347253,0.006685894,0.007087391,0.007499215,0.008006078,0.008548878,0.0091887,0.009896644,0.010738512,0.011741838,0.012955982,0.01445902,0.016314045,0.01875338,0.02203086,0.026692441,0.033760777,0.046032407,0.072488208,0.168699879,-0.507154521,-0.101497762,-0.056478758,-0.039084176,-0.029912222,-0.024189055,-0.020310153,-0.017508304,-0.015437748,-0.013728079,-0.012436266,-0.011291223,-0.010404856,-0.010160171],"unit":"S"},"power":{"value":[-13.555062,-16.636411,-17.675896,-18.173131,-18.318355,-18.109732,-17.676635,-17.088266,-16.412366,-15.638554,-14.8402,-13.998818,-13.126192,-12.245356,-11.368031,-10.49308,-9.63482,-8.789503,-7.978386,-7.187552,-6.409743,-5.684264,-4.99647,-4.341601,-3.727025,-3.15653,-2.624027,-2.138903,-1.69985,-1.305079,-0.957002996,-0.65394788,-0.383814339,-0.163655456,0.023605796,0.184671286,0.321539911,0.448135433,0.557338452,0.657833693,0.750209478,0.836254401,0.914870314,0.984906726,1.048521,1.101588,1.140252,1.172177,1.192424,1.203544,1.208923,1.208864,1.199784,1.189558,1.177948,1.158495,1.140474,1.11654,1.096539,1.070494,1.044545,1.022155,0.99096699,0.964006238,0.937458648,0.906993717,0.879671177,0.849922539,0.818648216,0.788468363,0.758787075,0.728625531,0.696238493,0.66666472,0.633760529,0.601660475,0.571699828,0.538673955,0.508438566,0.476155897,0.44471007,0.411851963,0.379563958,0.347366414,0.315287698,0.283388537,0.250854694,0.21877822,0.186475033,0.154171568,0.121569477,0.08917247,0.056840906,0.024292036,-0.008101572,-0.040556207,-0.073127704,-0.105636317,-0.138254305,-0.170617391,-0.203062404,-0.235541133,-0.268907527,-0.300630092,-0.334443166,-0.365758358,-0.399656969,-0.406338249],"unit":"mW"},"J":{"value":[-0.09462643,-0.117389319,-0.126083328,-0.131055947,-0.133575569,-0.133542178,-0.13183361600000001,-0.12891532900000002,-0.12526275,-0.12076587600000001,-0.11596895,-0.110712507,-0.10508205300000001,-0.09924454199999999,-0.093288759,-0.087202375,-0.081100701,-0.074949564,-0.06892918299999999,-0.062927682,-0.056878903,-0.051135168,-0.045574460000000004,-0.040161048,-0.034970607,-0.03004745,-0.025347109,-0.020970693000000002,-0.016919605,-0.013190882000000001,-0.009824468,-0.006820519,-0.004067783,-0.0017630179999999999,0.00025854684900000004,0.00205714,0.003643841,0.005167972,0.006542624,0.007863444,0.009134178,0.010375109,0.011569698000000002,0.012700938,0.01379317,0.014788661,0.015628119,0.016408753,0.017057071,0.017601002,0.018083924,0.018506461999999998,0.018807918,0.019104849,0.019393198,0.019565303,0.019771422,0.019883298,0.020073502,0.020160725,0.020255125,0.020425669,0.020425669,0.02051648,0.020622427,0.020646456,0.020746005,0.020793907,0.020805454,0.020848362999999998,0.020907811,0.020960083,0.02094994,0.021027645,0.021001587000000002,0.021001587000000002,0.021077732000000002,0.021045901000000002,0.021126414,0.021126414,0.021167138000000002,0.021140301,0.021140301,0.021147478,0.021163394,0.021196161,0.021183054,0.021209892,0.021223778,0.021241878,0.021213636,0.021215041,0.021254985,0.021197565,0.021225183,0.021244843,0.021280419,0.021276674,0.021294149000000002,0.021272461,0.021265126999999998,0.021264347,0.021334874,0.021272461,0.021355158,0.021279638,0.021352974,0.02127605],"unit":"A\/cm2"},"power_density":{"value":[-141.937818,-174.203255,-185.087912,-190.294566,-191.815233,-189.630699,-185.09566,-178.934723,-171.857235,-163.75449,-155.394761,-146.584481,-137.447033,-128.223623,-119.03697,-109.875179,-100.888167,-92.036683,-83.543313,-75.262324,-67.117733,-59.521094,-52.319057,-45.461788,-39.026445,-33.052673,-27.476722,-22.396892,-17.799474,-13.665748,-10.020974,-6.847622,-4.018998,-1.71367,0.247181105,1.933731,3.36691,4.692518,5.836005,6.888311,7.855597,8.756591,9.579794,10.313159,10.979275,11.534951,11.939808,12.274102,12.486111,12.602554,12.658882,12.658266,12.563187,12.456101,12.334535,12.130835,11.942139,11.691513,11.482087,11.209363,10.937646,10.70319,10.376618,10.094306,9.816321,9.497316,9.211217,8.899712,8.572233,8.256213,7.945414,7.629587,7.290455,6.980782,6.636236,6.30011,5.986386,5.640565,5.323964,4.985926,4.65665,4.312586,3.974492,3.637345,3.301442,2.967419,2.626751,2.290871,1.952618,1.614362,1.272979,0.933743138,0.595192732,0.254366873,-0.084833219,-0.424672321,-0.765735122,-1.106139,-1.447689,-1.78657,-2.126308,-2.466399,-2.815786,-3.147959,-3.502023,-3.82993,-4.18489,-4.254851],"unit":"mW\/cm2"},"timestamps":{"value":[0.018,0.041,0.063,0.085,0.109,0.131,0.151,0.173,0.195,0.216,0.242,0.265,0.289,0.314,0.337,0.361,0.385,0.407,0.43,0.452,0.488,0.512,0.533,0.555,0.578,0.602,0.624,0.647,0.669,0.69,0.712,0.735,0.763,0.784,0.805,0.827,0.849,0.875,0.897,0.92,0.942,0.964,0.987,1.009,1.032,1.055,1.077,1.099,1.121,1.143,1.165,1.188,1.211,1.233,1.255,1.279,1.302,1.326,1.361,1.384,1.407,1.43,1.459,1.482,1.505,1.527,1.55,1.572,1.593,1.618,1.639,1.66,1.682,1.705,1.729,1.751,1.772,1.794,1.816,1.839,1.862,1.887,1.911,1.934,1.956,1.979,2.004,2.026,2.049,2.071,2.093,2.116,2.139,2.162,2.185,2.207,2.23,2.259,2.281,2.304,2.326,2.349,2.372,2.395,2.418,2.441,2.463,2.484],"unit":"s"},"p_max":{"unit":"mW","value":1.208923},"v_p_max":{"unit":"V","value":0.700007439},"i_p_max":{"unit":"mA","value":1.727015},"j_p_max":{"unit":"mA\/cm2","value":18.083924},"voc":{"unit":"V","value":0.958082287},"isc":{"unit":"mA","value":2.026346},"jsc":{"unit":"mA\/cm2","value":21.218282},"fill_factor":{"unit":"%","value":62.270493},"efficiency":{"unit":"%","value":12.658882},"r_s":{"unit":"ohms","value":43.195123},"r_sh":{"unit":"ohms","value":3047.827},"cell_dimension":{"value":0.09549999931308831,"unit":"cm2"},"sweep_direction":{"unit":"","value":"Reverse"},"key":"reverse16_2cell_231020"},{"V":{"value":[1.499982,1.483977,1.467988,1.452013,1.436005,1.42001,1.404007,1.388006,1.371997,1.355986,1.339986,1.323997,1.308001,1.291998,1.276007,1.260006,1.24399,1.227983,1.212019,1.196016,1.180012,1.164002,1.147996,1.131991,1.115978,1.100014,1.084019,1.068015,1.052004,1.036004,1.020006,1.003986,0.987994909,0.971997023,0.956037283,0.940013409,0.924001694,0.907996893,0.891999006,0.875993013,0.860024929,0.844003916,0.828008652,0.81200242,0.795994997,0.779984713,0.763995171,0.748021603,0.73201561,0.716016293,0.700010061,0.684000015,0.667971849,0.651978016,0.63602519,0.620018959,0.604014397,0.588006735,0.572006226,0.556005478,0.539995193,0.524008274,0.508014441,0.49200964,0.476003408,0.459997416,0.444002151,0.427998781,0.412018538,0.396016598,0.380019903,0.364008427,0.347994089,0.331989288,0.315991402,0.299993515,0.284003735,0.268013954,0.252006531,0.236007214,0.219995499,0.203995705,0.188002825,0.17200017,0.15599227,0.14000082,0.124003649,0.108004093,0.092004299,0.076001883,0.060008764,0.044010401,0.028003931,0.012000948,-0.003999501,-0.01999706,-0.036002159,-0.05196929,-0.067986727,-0.083981037,-0.099994421,-0.115990162,-0.131980419,-0.147985697,-0.163986683,-0.179983854,-0.195986271,-0.199979067],"unit":"V"},"I":{"value":[-0.008922398,-0.010492116,-0.01118426,-0.011661633999999999,-0.011798873999999999,-0.011722594000000001,-0.011562407,-0.011263445,-0.010925457,-0.010489136,-0.010005653,-0.009499981999999999,-0.008973435,-0.008433372,-0.007893994,-0.007346988,-0.0068015160000000005,-0.006264016,-0.005731508,-0.005209893,-0.004700825,-0.004200697,-0.0037247089999999997,-0.003264323,-0.00282459,-0.002413586,-0.002023295,-0.00166215,-0.001332819,-0.001031861,-0.000766053796,-0.000530764461,-0.000324249268,-0.00014305114699999998,1.5467405e-5,0.000155061483,0.000280931592,0.00039575993999999996,0.000505194068,0.000609695911,0.000716626644,0.000818014145,0.000919267535,0.001016423,0.00110893,0.0012015700000000001,0.001286656,0.001369596,0.001448095,0.001522169,0.0015795829999999999,0.001636997,0.001684502,0.0017238260000000001,0.001759604,0.001790255,0.0018158410000000001,0.0018356140000000002,0.0018559989999999999,0.0018770100000000001,0.001885474,0.001903847,0.001910433,0.001924157,0.001933381,0.001936018,0.001948088,0.001948431,0.0019560610000000003,0.001962438,0.00196743,0.001973197,0.0019756260000000003,0.001985058,0.001981586,0.001986027,0.001989633,0.001992062,0.001991495,0.001994893,0.001995802,0.001992539,0.0020062030000000002,0.001997814,0.00200738,0.00200738,0.0020021049999999997,0.002009466,0.002006069,0.0020119549999999997,0.002013132,0.002016261,0.002012923,0.0020130720000000003,0.002011612,0.00201723,0.002016678,0.002022088,0.002016678,0.00201869,0.0020198670000000003,0.002017707,0.0020211039999999997,0.002018899,0.00202097,0.002016604,0.002023742,0.002021596],"unit":"A"},"resistance":{"value":[-168.114234,-141.43737,-131.254773,-124.511951,-121.706987,-121.134454,-121.428585,-123.231034,-125.578009,-129.275247,-133.922927,-139.368321,-145.763728,-153.200635,-161.642746,-171.4997,-182.898997,-196.037652,-211.466018,-229.566296,-251.02244,-277.097395,-308.210897,-346.776783,-395.094025,-455.759417,-535.769452,-642.550074,-789.307455,-1004.015,-1331.507,-1891.585,-3047.023,-6794.752,61809.803,6062.198,3289.063,2294.312,1765.656,1436.77,1200.102,1031.772,900.726524,798.882292,717.804862,649.137953,593.783707,546.162416,505.502531,470.392262,443.16139,417.838317,396.539714,378.215691,361.459356,346.32991,332.636244,320.332375,308.193137,296.218729,286.397623,275.236567,265.915839,255.701382,246.202594,237.599704,227.916839,219.663284,210.636906,201.798249,193.155477,184.476488,176.14373,167.244109,159.463867,151.052101,142.74178,134.540988,126.541351,118.305703,110.229124,102.379802,93.710771,86.094204,77.709382,69.743054,61.936632,53.747651,45.862982,37.775144,29.808659,21.827728,13.91207,5.961509,-1.988207,-9.91313,-17.852206,-25.700811,-33.712229,-41.601748,-49.505441,-57.486138,-65.301149,-73.300208,-81.142562,-89.250968,-96.843525,-98.921388],"unit":"ohms"},"conductance":{"value":[-0.005948336,-0.007070267,-0.007618771,-0.008031358,-0.008216455,-0.00825529,-0.008235293,-0.008114839,-0.007963178,-0.007735433,-0.007466981,-0.007175232,-0.006860417,-0.006527388,-0.006186482,-0.005830914,-0.005467499,-0.005101061,-0.004728892,-0.00435604,-0.003983708,-0.003608839,-0.003244532,-0.002883699,-0.002531043,-0.00219414,-0.001866474,-0.001556299,-0.001266933,-0.000996001095,-0.000751028934,-0.000528657295,-0.000328189209,-0.000147172413,1.6178663e-5,0.000164956672,0.000304037962,0.000435860456,0.000566361694,0.00069600545,0.000833262642,0.000969206575,0.001110215,0.001251749,0.001393136,0.001540505,0.001684115,0.001830957,0.001978229,0.002125885,0.002256514,0.00239327,0.002521816,0.002643994,0.002766563,0.00288742,0.003006287,0.003121758,0.003244719,0.003375884,0.003491649,0.003633238,0.003760588,0.003910812,0.004061696,0.004208759,0.004387565,0.004552422,0.004747506,0.004955444,0.005177177,0.005420745,0.005677182,0.005979284,0.006271013,0.006620232,0.007005657,0.007432679,0.007902555,0.008452678,0.009072013,0.009767552,0.010671132,0.011615184,0.012868459,0.014338345,0.016145534,0.018605464,0.021804077,0.026472434,0.033547299,0.045813289,0.071880028,0.167742777,-0.502965701,-0.100876317,-0.056015486,-0.038909279,-0.029662826,-0.024037452,-0.0201998,-0.017395498,-0.015313666,-0.013642526,-0.012323988,-0.01120436,-0.010325936,-0.010109037],"unit":"S"},"power":{"value":[-13.383438,-15.570062,-16.418355,-16.932841,-16.943246,-16.646202,-16.233697,-15.633729,-14.989695,-14.223118,-13.407438,-12.577943,-11.737264,-10.895899,-10.072792,-9.25725,-8.461021,-7.692105,-6.946698,-6.231115,-5.547032,-4.88962,-4.275951,-3.695185,-3.152181,-2.654979,-2.193291,-1.775201,-1.402132,-1.069011,-0.781379241,-0.532880025,-0.320356626,-0.139045289,0.014787416,0.145759874,0.259581267,0.359348796,0.450632607,0.534089359,0.616316779,0.690407141,0.761161472,0.825338022,0.882702346,0.937206258,0.982998714,1.024487,1.060028,1.089897,1.105724,1.119706,1.1252,1.123897,1.119152,1.109992,1.096794,1.079354,1.061643,1.043628,1.018147,0.997631507,0.97052764,0.946703863,0.920295927,0.890563491,0.864955444,0.833926151,0.805933198,0.777158109,0.747662602,0.718260286,0.687506085,0.659018055,0.626164207,0.59579515,0.565063158,0.533900342,0.501869869,0.470809128,0.43906744,0.40646931,0.377171819,0.343624275,0.313135782,0.281034864,0.24826834,0.217030584,0.184566956,0.152912351,0.120805562,0.088736464,0.056369767,0.024158777,-0.008045445,-0.040338666,-0.072604779,-0.105086455,-0.137107367,-0.169531689,-0.201975461,-0.234034119,-0.266746166,-0.298768135,-0.331412164,-0.362956151,-0.39662557,-0.404276849],"unit":"mW"},"J":{"value":[-0.093428252,-0.10986509100000001,-0.117112673,-0.12211134900000001,-0.123548414,-0.122749681,-0.12107232500000001,-0.117941833,-0.11440269,-0.10983388499999999,-0.104771235,-0.099476251,-0.093962666,-0.088307558,-0.082659628,-0.076931809,-0.071220061,-0.065591791,-0.060015792,-0.054553853,-0.049223294,-0.043986355000000005,-0.03900219,-0.034181391,-0.029576855,-0.02527315,-0.021186331,-0.017404712,-0.013956225,-0.010804824,-0.008021506000000001,-0.005557743,-0.00339528,-0.001497918,0.000161962359,0.00162368,0.002941692,0.004144083,0.0052899900000000005,0.00638425,0.007503943999999999,0.008565593,0.009625838,0.010643174,0.011611827,0.012581885,0.013472834000000001,0.014341314,0.015163297,0.015938937,0.016540133000000002,0.017141328,0.017638762,0.018050533,0.018425169,0.018746129,0.019014038,0.019221094,0.019434547,0.019654554,0.01974318,0.019935569,0.020004536000000003,0.020148242,0.020244827,0.020272445,0.020398831000000003,0.02040242,0.020482309,0.020549091000000002,0.020601362,0.020661746999999998,0.020687181,0.02078595,0.020749594,0.020796092000000002,0.020833852,0.020859284999999998,0.020853356,0.020888931,0.020898449,0.020864278,0.021007361,0.020919514,0.021019687000000002,0.021019687000000002,0.020964451000000002,0.021041532,0.021005956000000003,0.021067589,0.021079916,0.021112683,0.021077732000000002,0.021079292,0.021064001000000002,0.021122824999999998,0.021117052,0.021173691999999997,0.021117052,0.021138116,0.021150442999999998,0.021127818,0.021163394,0.021140301,0.021161989,0.021116272,0.021191012000000002,0.021168542999999998],"unit":"A\/cm2"},"power_density":{"value":[-140.140708,-163.037303,-171.919944,-177.307239,-177.416184,-174.305785,-169.986358,-163.703968,-156.960161,-148.93317,-140.392022,-131.706213,-122.903287,-114.09318,-105.474258,-96.934555,-88.597074,-80.545604,-72.740293,-65.247272,-58.084101,-51.200214,-44.774356,-38.693041,-33.007133,-27.80083,-22.966394,-18.588487,-14.682009,-11.193837,-8.181982,-5.579896,-3.35452,-1.455972,0.154842054,1.526281,2.718128,3.762815,4.718666,5.592559,6.453579,7.229394,7.970277,8.642283,9.242957,9.813678,10.29318,10.727613,11.09977,11.412539,11.578259,11.724669,11.782196,11.768551,11.718871,11.622955,11.484753,11.302133,11.116682,10.928039,10.661223,10.446403,10.162593,9.913129,9.636607,9.325272,9.057125,8.732211,8.439091,8.137781,7.828928,7.52105,7.199017,6.900713,6.556693,6.238693,5.916892,5.59058,5.255182,4.929939,4.597565,4.256223,3.949443,3.59816,3.278909,2.942773,2.599668,2.272572,1.932638,1.601176,1.26498,0.929177637,0.59025934,0.252971489,-0.084245501,-0.422394407,-0.760259461,-1.100382,-1.435679,-1.775201,-2.114926,-2.450619,-2.793154,-3.128462,-3.470284,-3.800588,-4.153147,-4.233265],"unit":"mW\/cm2"},"timestamps":{"value":[0.02,0.041,0.063,0.088,0.11,0.132,0.157,0.181,0.215,0.239,0.262,0.286,0.309,0.331,0.354,0.377,0.401,0.423,0.445,0.468,0.49,0.513,0.536,0.559,0.582,0.604,0.628,0.651,0.673,0.695,0.718,0.739,0.762,0.787,0.81,0.833,0.856,0.876,0.898,0.919,0.947,0.971,0.995,1.017,1.04,1.062,1.098,1.123,1.157,1.177,1.207,1.231,1.253,1.275,1.297,1.32,1.343,1.365,1.388,1.411,1.433,1.455,1.48,1.503,1.526,1.549,1.571,1.595,1.617,1.638,1.66,1.682,1.704,1.726,1.75,1.772,1.794,1.815,1.838,1.861,1.882,1.906,1.928,1.95,1.987,2.011,2.034,2.054,2.076,2.099,2.121,2.142,2.164,2.193,2.216,2.238,2.261,2.284,2.308,2.331,2.352,2.374,2.397,2.419,2.44,2.464,2.487,2.511],"unit":"s"},"p_max":{"unit":"mW","value":1.1252},"v_p_max":{"unit":"V","value":0.667971849},"i_p_max":{"unit":"mA","value":1.684502},"j_p_max":{"unit":"mA\/cm2","value":17.638762},"voc":{"unit":"V","value":0.95759455},"isc":{"unit":"mA","value":2.011977},"jsc":{"unit":"mA\/cm2","value":21.067823},"fill_factor":{"unit":"%","value":58.401626},"efficiency":{"unit":"%","value":11.782196},"r_s":{"unit":"ohms","value":48.664761},"r_sh":{"unit":"ohms","value":2688.799},"cell_dimension":{"value":0.09549999929357555,"unit":"cm2"},"sweep_direction":{"unit":"","value":"Reverse"},"key":"reverse16_1cell_231020"},{"V":{"value":[-0.199981928,-0.183978081,-0.167986393,-0.151985168,-0.135985374,-0.119989872,-0.103988647,-0.087990284,-0.071986437,-0.055990696,-0.039994955,-0.023984194,-0.007995963,0.00799948,0.024000168,0.040004015,0.056007862,0.072007656,0.087996483,0.104002953,0.120002747,0.135998487,0.151998281,0.168003321,0.184007168,0.199990749,0.21598506,0.231988668,0.247994661,0.263995409,0.279995918,0.296013117,0.312021971,0.327996731,0.343994617,0.359999418,0.376001358,0.391996622,0.408004045,0.424004793,0.440015078,0.455995083,0.472001314,0.488010168,0.504008055,0.520012856,0.536006689,0.552021027,0.567990303,0.583991051,0.600003958,0.616009951,0.632021666,0.648019552,0.664017439,0.679997683,0.695994377,0.71199894,0.727998257,0.744007111,0.759998322,0.776037216,0.791981935,0.807998896,0.824005127,0.840007067,0.856011868,0.872008324,0.888017178,0.903983831,0.919983149,0.936013937,0.952008963,0.968011141,0.984007597,1.000029,1.016021,1.031991,1.047984,1.063997,1.080003,1.096,1.112035,1.12801,1.143996,1.159999,1.175992,1.192005,1.208006,1.224008,1.240006,1.255977,1.271996,1.287996,1.304001,1.320008,1.336013,1.352015,1.36798,1.383986,1.39999,1.415996,1.432002,1.447994,1.464025,1.480008,1.495988,1.499999],"unit":"V"},"I":{"value":[0.001909599,0.0020198670000000003,0.00201869,0.0020258280000000004,0.002020702,0.002025127,0.0020202849999999997,0.002023607,0.0020208360000000002,0.002015695,0.002016321,0.0020140410000000003,0.0020146670000000004,0.002013415,0.002008006,0.0020069629999999996,0.0020038490000000003,0.002000242,0.0019969049999999998,0.001993164,0.001985878,0.001985192,0.001976654,0.001974791,0.0019715279999999997,0.001961052,0.001960158,0.001951829,0.001948506,0.001935124,0.0019280459999999999,0.001918063,0.0019041300000000002,0.001891851,0.001882836,0.001871109,0.001853019,0.00184226,0.001822293,0.001819104,0.001802251,0.001779512,0.001758426,0.001736715,0.001711473,0.001689017,0.001655653,0.001630545,0.001595259,0.001563281,0.001524523,0.001485407,0.0014473350000000001,0.0013956729999999998,0.001353651,0.001303032,0.0012524720000000001,0.001195267,0.001135409,0.001073912,0.0010135769999999999,0.000954419374,0.0008892416950000001,0.000827312469,0.0007676035169999999,0.0006858408449999999,0.000624746084,0.000562265515,0.000497639179,0.00043667852899999997,0.000370517373,0.00030277669400000003,0.00023405253900000002,0.000160127878,7.9542398e-5,-1.3932586000000001e-5,-0.000127032399,-0.000264272094,-0.000440061092,-0.000654831529,-0.000914111733,-0.001220822,-0.00156568,-0.001955479,-0.002376407,-0.0028327110000000003,-0.003319725,-0.003838435,-0.004374132,-0.004935071,-0.005515844000000001,-0.006118536,-0.006738826999999999,-0.007374451,-0.008032128,-0.008698612000000001,-0.009384379,-0.010081515,-0.010782182000000001,-0.011507899,-0.012237489,-0.012972549000000002,-0.013724476,-0.014482915,-0.015246197999999999,-0.016024470000000002,-0.016800314,-0.017016739],"unit":"A"},"resistance":{"value":[-104.724583,-91.084241,-83.215543,-75.023736,-67.296113,-59.25053,-51.472278,-43.481893,-35.622109,-27.777365,-19.835611,-11.908494,-3.968876,3.97309,11.952239,19.932613,27.950147,35.999464,44.066443,52.179816,60.428063,68.506455,76.896759,85.073963,93.332265,101.981338,110.187557,118.857091,127.274285,136.422966,145.222608,154.329229,163.865899,173.373409,182.700233,192.398955,202.912846,212.780251,223.895987,233.084421,244.147536,256.247327,268.422555,280.996045,294.487902,307.879027,323.743351,338.55008,356.049021,373.567591,393.568347,414.707757,436.679632,464.306293,490.538033,521.857991,555.696378,595.681997,641.177175,692.800955,749.818054,813.098767,890.626181,976.655043,1073.478,1224.784,1370.176,1550.884,1784.46,2070.136,2482.969,3091.433,4067.501,6045.238,12370.857,-71776.257,-7998.127,-3905.03,-2381.452,-1624.841,-1181.479,-897.755493,-710.256798,-576.845538,-481.397459,-409.501273,-354.243905,-310.54465,-276.17051,-248.022392,-224.808035,-205.274052,-188.756377,-174.656512,-162.348083,-151.749264,-142.365613,-134.108298,-126.874131,-120.264028,-114.401703,-109.153231,-104.339271,-99.979472,-96.025584,-92.359239,-89.045247,-88.148417],"unit":"ohms"},"conductance":{"value":[-0.009548856,-0.010978848,-0.012016986,-0.013329115,-0.014859699,-0.016877486,-0.019427934,-0.022998079,-0.028072453,-0.036000534,-0.050414379,-0.083973677,-0.251960492,0.251693255,0.083666331,0.050169037,0.035777987,0.027778192,0.022693005,0.019164498,0.016548603,0.014597165,0.013004449,0.011754478,0.010714408,0.009805716,0.009075435,0.008413465,0.007857047,0.007330144,0.00688598,0.006479654,0.006102551,0.005767897,0.005473447,0.005197533,0.004928224,0.004699684,0.00446636,0.004290291,0.004095884,0.00390248,0.003725469,0.003558769,0.003395725,0.003248029,0.003088867,0.002953773,0.002808602,0.002676892,0.002540855,0.002411337,0.002290008,0.002153751,0.002038578,0.00191623,0.001799544,0.001678748,0.001559631,0.001443416,0.001333657,0.001229863,0.001122806,0.001023903,0.00093155187,0.000816470328,0.000729833438,0.000644793748,0.000560393641,0.00048306011,0.000402743652,0.000323474558,0.000245851193,0.000165419458,8.0835147e-5,-1.3932184e-5,-0.000125029274,-0.000256079961,-0.000419911888,-0.000615444746,-0.00084639701,-0.001113889,-0.001407941,-0.001733566,-0.002077286,-0.002441995,-0.002822914,-0.003220149,-0.003620951,-0.004031894,-0.00444824,-0.004871536,-0.005297834,-0.005725524,-0.006159605,-0.006589818,-0.007024168,-0.00745666,-0.007881827,-0.008315038,-0.008741129,-0.009161433,-0.009584119,-0.010002053,-0.010413891,-0.010827287,-0.011230246,-0.011344503],"unit":"S"},"power":{"value":[-0.381885231,-0.371611309,-0.33911247,-0.307895774,-0.274785886,-0.242994779,-0.210086656,-0.178057798,-0.145472774,-0.112860165,-0.080642661,-0.048305148,-0.016109201,0.016106273,0.04819248,0.080286574,0.112231273,0.144032772,0.175720582,0.207294985,0.238310785,0.26998315,0.300448001,0.331771494,0.362775271,0.392192343,0.423364918,0.452802118,0.483218996,0.510863957,0.539845107,0.567771679,0.59413039,0.620521083,0.647685526,0.673598155,0.69673766,0.722159838,0.743502836,0.771308797,0.7930175,0.811448526,0.829979585,0.847534792,0.862596111,0.878310459,0.887441147,0.900094939,0.90609148,0.912942009,0.914719774,0.91502571,0.914747005,0.904423107,0.89884806,0.886058768,0.871713748,0.851028725,0.826575684,0.798998005,0.770316807,0.740664954,0.704263359,0.668467562,0.632509233,0.576111157,0.534790062,0.490300209,0.441912139,0.39475033,0.340869739,0.283403206,0.222820115,0.15500557,0.078270324,-0.013932988,-0.129067617,-0.272726298,-0.461177143,-0.696738958,-0.987243871,-1.338021,-1.741091,-2.205799,-2.718602,-3.285941,-3.903972,-4.575435,-5.283978,-6.040567,-6.839679,-7.684739,-8.571764,-9.498261,-10.4739,-11.482238,-12.537651,-13.630357,-14.74981,-15.926773,-17.132358,-18.369072,-19.653475,-20.971178,-22.320815,-23.716342,-25.133071,-25.525084],"unit":"mW"},"J":{"value":[0.019995798000000002,0.021150442999999998,0.021138116,0.021212856,0.021159181,0.021205523,0.021154812,0.021189607,0.021160585000000003,0.021106754,0.021113306999999998,0.021089434,0.021095987,0.021082881,0.021026240999999998,0.021015318,0.020982707,0.020944947,0.020909996,0.020870832,0.020794530999999998,0.020787354,0.020697946999999998,0.020678443,0.020644272,0.020534579999999997,0.020525217999999998,0.020437996,0.0204032,0.020263083,0.020188967000000002,0.020084425,0.019938534,0.019809963,0.019715563,0.019592764,0.01940334,0.019290684,0.0190816,0.019048209,0.018871736,0.018633629,0.018412842000000002,0.018185502,0.017921182,0.01768604,0.017336682,0.017073766,0.016704280000000002,0.016369433,0.015963591,0.015554004000000001,0.015155339,0.014614371999999999,0.014174359000000001,0.013644315,0.013114894,0.012515883,0.011889098,0.01124515,0.010613372,0.00999392,0.009311431,0.008662958,0.008037733,0.00718158,0.006541844,0.0058875970000000005,0.005210881,0.00457255,0.003879763,0.0031704370000000003,0.002450812,0.0016767319999999998,0.000832904696,-0.00014589095,-0.001330182,-0.0027672469999999996,-0.00460797,-0.006856874999999999,-0.009571851000000001,-0.012783480000000002,-0.016394554,-0.020476223999999998,-0.024883847,-0.029661892999999998,-0.034761521999999996,-0.040193035,-0.045802425,-0.051676135000000005,-0.057757525000000004,-0.06406843999999999,-0.07056363,-0.077219378,-0.084106055,-0.091084947,-0.098265747,-0.10556559900000001,-0.11290243200000001,-0.120501556,-0.12814124799999999,-0.135838205,-0.143711792,-0.151653564,-0.159646048,-0.167795501,-0.17591952,-0.178185745],"unit":"A\/cm2"},"power_density":{"value":[-3.998798,-3.891218,-3.550916,-3.22404,-2.877339,-2.544448,-2.19986,-1.86448,-1.523275,-1.181782,-0.844425767,-0.505813072,-0.168682737,0.168652077,0.504633303,0.840697107,1.175197,1.508197,1.840006,2.170628,2.495401,2.827049,3.146052,3.474047,3.798694,4.106726,4.433141,4.741383,5.059885,5.349361,5.652828,5.945253,6.221261,6.497603,6.782047,7.053384,7.295682,7.561883,7.78537,8.076532,8.303848,8.496843,8.690886,8.87471,9.03242,9.196968,9.292577,9.425078,9.487869,9.559602,9.578218,9.581421,9.578503,9.470399,9.412022,9.278102,9.127893,8.911296,8.655243,8.366471,8.066145,7.755654,7.374485,6.99966,6.623133,6.032578,5.599896,5.134034,4.627352,4.133511,3.569317,2.967573,2.333195,1.623095,0.819584548,-0.145895159,-1.351493,-2.855773,-4.82908,-7.295696,-10.337632,-14.010693,-18.231315,-23.097376,-28.467033,-34.407756,-40.879289,-47.910314,-55.32961,-63.252007,-71.619676,-80.468466,-89.75669,-99.458235,-109.674347,-120.232862,-131.284299,-142.72625,-154.448269,-166.772494,-179.396416,-192.346301,-205.795548,-219.593487,-233.725809,-248.338665,-263.173514,-267.278363],"unit":"mW\/cm2"},"timestamps":{"value":[0.031,0.054,0.078,0.102,0.124,0.146,0.17,0.192,0.217,0.239,0.262,0.284,0.308,0.333,0.356,0.379,0.399,0.42,0.442,0.464,0.486,0.509,0.531,0.552,0.574,0.596,0.619,0.641,0.666,0.689,0.711,0.732,0.747,0.772,0.793,0.816,0.84,0.861,0.897,0.92,0.943,0.965,0.988,1.01,1.033,1.057,1.079,1.101,1.125,1.149,1.17,1.193,1.217,1.238,1.261,1.283,1.306,1.327,1.349,1.371,1.393,1.416,1.438,1.461,1.484,1.5,1.523,1.546,1.567,1.592,1.613,1.634,1.656,1.678,1.7,1.723,1.746,1.775,1.797,1.819,1.841,1.867,1.889,1.912,1.935,1.959,1.982,2.016,2.041,2.064,2.087,2.111,2.134,2.157,2.181,2.204,2.227,2.251,2.272,2.295,2.318,2.339,2.361,2.384,2.407,2.427,2.45,2.472],"unit":"s"},"p_max":{"unit":"mW","value":0.91502571},"v_p_max":{"unit":"V","value":0.616009951},"i_p_max":{"unit":"mA","value":1.485407},"j_p_max":{"unit":"mA\/cm2","value":15.554004},"voc":{"unit":"V","value":0.997640857},"isc":{"unit":"mA","value":2.014041},"jsc":{"unit":"mA\/cm2","value":21.089435},"fill_factor":{"unit":"%","value":45.539761},"efficiency":{"unit":"%","value":9.581421},"r_s":{"unit":"ohms","value":42.093645},"r_sh":{"unit":"ohms","value":1526.787},"cell_dimension":{"value":0.0955000145530576,"unit":"cm2"},"sweep_direction":{"unit":"","value":"Forward"},"key":"forward16_4cell_231020"},{"V":{"value":[-0.199973583,-0.183984756,-0.167986393,-0.151988029,-0.135985374,-0.119987011,-0.103990078,-0.0879848,-0.071989059,-0.055993319,-0.039988041,-0.023985624,-0.007998496,0.008000314,0.023990631,0.04001236,0.056007862,0.07199955,0.088003397,0.103998899,0.119998693,0.13600111,0.151998281,0.168006182,0.184000492,0.199998856,0.215982437,0.231988668,0.247993231,0.263999462,0.279991865,0.296015739,0.312021971,0.327984333,0.34398222,0.359993935,0.375999928,0.391999245,0.408008099,0.424008846,0.4400177,0.455995083,0.471995831,0.488008738,0.504009485,0.520008802,0.536013603,0.552018166,0.567991734,0.58398962,0.59999299,0.616018295,0.632017612,0.648012638,0.664018869,0.679997683,0.695981979,0.711981297,0.727994204,0.744000435,0.760015965,0.776028872,0.791991472,0.807997465,0.823999643,0.840007067,0.856009245,0.872008324,0.888017178,0.903986692,0.919985771,0.936009645,0.95200491,0.968013763,0.984004974,1.000048,1.016024,1.03198,1.047971,1.063991,1.080005,1.095997,1.112012,1.128023,1.143995,1.159999,1.175995,1.192007,1.208006,1.22401,1.240005,1.255978,1.271999,1.287997,1.304003,1.320003,1.336013,1.352016,1.367977,1.383993,1.399991,1.415993,1.432003,1.448009,1.464021,1.48002,1.495985,1.499986],"unit":"V"},"I":{"value":[0.001983389,0.002020493,0.0020173640000000002,0.0020213130000000003,0.002018064,0.0020216699999999997,0.0020141010000000003,0.002016529,0.002015844,0.002016947,0.002009049,0.002012864,0.002010494,0.002003014,0.0020044,0.001998857,0.002002046,0.001994208,0.001991436,0.001987964,0.001984283,0.0019817199999999997,0.001971945,0.001967221,0.001966327,0.001957178,0.001956344,0.001951277,0.001941577,0.0019349749999999998,0.001924157,0.0019219520000000002,0.0019053070000000002,0.001896977,0.001885891,0.0018722270000000002,0.001859531,0.001844481,0.001828402,0.0018141119999999999,0.001799136,0.0017823580000000002,0.001761541,0.00174664,0.0017225740000000002,0.001699552,0.001673758,0.0016492009999999999,0.001624659,0.0015932470000000001,0.001566052,0.0015341640000000002,0.001503572,0.001460865,0.001420572,0.001379371,0.00133118,0.001287565,0.001232356,0.001185283,0.001126543,0.001071274,0.001015171,0.0009488016369999999,0.0008906871079999999,0.0008664131160000001,0.000787228346,0.0007120519880000001,0.0006354898209999999,0.000552907586,0.000472664833,0.00038737058600000004,0.000304087996,0.00021289289,0.00011949241200000001,1.2412667e-5,-0.000104919076,-0.00025165081,-0.000430420041,-0.0006554573769999999,-0.000929430127,-0.0012575829999999998,-0.0016391869999999998,-0.002069965,-0.002551228,-0.003074721,-0.003637955,-0.004233629,-0.004870996,-0.0055331140000000004,-0.006224424,-0.006942645,-0.007681727,-0.008451328000000001,-0.009232581,-0.010037556,-0.010855138,-0.011687368,-0.012544751,-0.013409019000000001,-0.014278546,-0.015159309000000001,-0.016056642,-0.0169698,-0.017884671999999997,-0.018799141,-0.019717425,-0.019972682],"unit":"A"},"resistance":{"value":[-100.824174,-91.059332,-83.270248,-75.192734,-67.384066,-59.350433,-51.631026,-43.631796,-35.711622,-27.761427,-19.903964,-11.916169,-3.978373,3.994138,11.968984,20.017623,27.975319,36.104342,44.190927,52.314279,60.474576,68.627802,77.080379,85.402778,93.575713,102.187355,110.401072,118.890674,127.72776,136.435566,145.514033,154.018297,163.764654,172.898385,182.397724,192.281178,202.201505,212.525541,223.150071,233.728034,244.571618,255.838143,267.94488,279.398644,292.590865,305.968173,320.245575,334.718566,349.606802,366.54053,383.124458,401.533548,420.344132,443.581423,467.430502,492.976752,522.830725,552.967422,590.733767,627.698528,674.644621,724.39793,780.155416,851.597883,925.128068,969.522565,1087.371,1224.641,1397.374,1634.969,1946.381,2416.316,3130.689,4546.952,8234.874,80566.723,-9683.881,-4100.839,-2434.763,-1623.28,-1162.008,-871.510587,-678.392058,-544.947931,-448.409696,-377.269626,-323.257226,-281.556784,-247.999829,-221.215304,-199.215999,-180.907732,-165.587641,-152.401736,-141.239301,-131.506366,-123.076538,-115.681836,-109.047789,-103.213588,-98.048555,-93.407489,-89.184465,-85.328599,-81.858966,-78.728068,-75.871229,-75.10189],"unit":"ohms"},"conductance":{"value":[-0.009918256,-0.010981851,-0.012009091,-0.013299157,-0.014840304,-0.016849077,-0.019368199,-0.022919066,-0.028002088,-0.036021203,-0.050241247,-0.08391959,-0.251359055,0.250366927,0.083549278,0.049955981,0.035745794,0.0276975,0.02262908,0.01911524,0.016535874,0.014571354,0.01297347,0.011709221,0.010686534,0.009785947,0.009057883,0.008411089,0.007829152,0.007329467,0.006872189,0.006492735,0.006106324,0.005783744,0.005482525,0.005200717,0.004945562,0.004705317,0.004481289,0.004278477,0.004088782,0.003908721,0.003732111,0.003579115,0.003417742,0.003268314,0.003122604,0.002987585,0.002860356,0.002728211,0.002610118,0.002490452,0.002379003,0.002254378,0.002139355,0.002028493,0.001912665,0.001808425,0.00169281,0.001593121,0.001482262,0.001380457,0.001281796,0.001174263,0.001080931,0.001031436,0.00091964935,0.000816565586,0.000715627848,0.00061163244,0.000513774069,0.000413853199,0.000319418517,0.000219927544,0.000121434764,1.2412072e-5,-0.000103264381,-0.000243852514,-0.000410717601,-0.000616036816,-0.000860579522,-0.001147433,-0.001474074,-0.001835038,-0.002230103,-0.002650624,-0.003093512,-0.003551681,-0.004032261,-0.004520483,-0.005019677,-0.00552768,-0.006039098,-0.006561605,-0.007080182,-0.007604195,-0.008125025,-0.008644399,-0.009170291,-0.009688647,-0.010199028,-0.01070578,-0.011212715,-0.0117194,-0.012216133,-0.01270195,-0.013180227,-0.013315244],"unit":"S"},"power":{"value":[-0.396625457,-0.37173994,-0.338889686,-0.307215336,-0.274427224,-0.242574181,-0.209446473,-0.17742394,-0.145118713,-0.112935538,-0.080337936,-0.048279794,-0.016080933,0.016024742,0.048086818,0.079978972,0.112130289,0.143582042,0.175253123,0.206746059,0.238111407,0.269516165,0.299732276,0.330505373,0.361805215,0.391433383,0.42253587,0.452674212,0.481497854,0.510832461,0.538748347,0.568927975,0.594497699,0.622178875,0.648712959,0.673990219,0.699183448,0.723035015,0.746002938,0.769199565,0.791651861,0.812746344,0.831439899,0.852375391,0.868193753,0.883781969,0.897157073,0.910388865,0.922792714,0.930439743,0.939620485,0.945073062,0.950283902,0.946659073,0.943286879,0.937968872,0.926477524,0.916721938,0.897147903,0.881851116,0.856190427,0.831339771,0.804007099,0.766629317,0.733925859,0.727793141,0.673874742,0.62091526,0.564325878,0.4998211,0.434844921,0.362582605,0.289493266,0.206083248,0.117581127,0.012413262,-0.106600286,-0.259698493,-0.451067623,-0.697400484,-1.003789,-1.378308,-1.822795,-2.334968,-2.918593,-3.566672,-4.278217,-5.046514,-5.884193,-6.772584,-7.718315,-8.71981,-9.771151,-10.885285,-12.039315,-13.2496,-14.502604,-15.801511,-17.160936,-18.557987,-19.989833,-21.465475,-22.99316,-24.572427,-26.18353,-27.823106,-29.496978,-29.958747],"unit":"mW"},"J":{"value":[0.020768474000000002,0.021156996,0.021124229,0.021165578,0.021131563,0.021169322999999997,0.021090058,0.021115492,0.021108314,0.02111986,0.021037163,0.021077107,0.021052298,0.02097397,0.020988481,0.020930436,0.020963826999999997,0.020881754000000002,0.020852732,0.020816376,0.020777836,0.020750998,0.02064864,0.020599178,0.020589816,0.020494012000000002,0.020485274,0.020432223,0.020330645,0.020261522,0.020148242,0.020125149000000002,0.019950859999999997,0.019863638000000003,0.019747549,0.019604467,0.019471527,0.019313933,0.019145574,0.018995938,0.018839124999999998,0.018663430999999998,0.018445453,0.01828942,0.018037427,0.017796355,0.017526262,0.017269120000000002,0.017012133,0.016683215,0.016398455,0.016064544,0.015744208,0.015297017,0.014875104,0.014443672,0.013939061,0.013482352000000001,0.012904249999999999,0.012411341,0.011796259,0.011217532,0.010630067,0.009935096,0.009326567000000001,0.009072389,0.008243229,0.007456042,0.006654344,0.005789608,0.00494937,0.004056237000000001,0.0031841680000000002,0.0022292450000000004,0.001251229,0.000129975574,-0.001098629,-0.002635087,-0.004507016,-0.0068634279999999995,-0.009732253,-0.013168414,-0.017164265,-0.021675026,-0.026714427,-0.032196026,-0.038093764999999995,-0.044331189,-0.051005192,-0.057938367,-0.065177211,-0.07269785000000001,-0.080436936,-0.08849557799999999,-0.096676237,-0.105105301,-0.11366637,-0.122380818,-0.13135865100000002,-0.14040857099999998,-0.14951356999999998,-0.158736219,-0.168132376,-0.177694241,-0.187274049,-0.19684964400000002,-0.206465184,-0.209138031],"unit":"A\/cm2"},"power_density":{"value":[-4.153146,-3.892565,-3.548583,-3.216915,-2.873583,-2.540044,-2.193157,-1.857842,-1.519568,-1.182571,-0.841234931,-0.505547579,-0.168386729,0.167798347,0.503526895,0.837476143,1.174139,1.503477,1.835111,2.16488,2.493313,2.822159,3.138558,3.460789,3.788536,4.098779,4.424459,4.740044,5.041862,5.349031,5.641344,5.957361,6.225107,6.514962,6.792806,7.057489,7.321293,7.571047,7.811549,8.054446,8.289548,8.510433,8.706177,8.925397,9.091034,9.254261,9.394315,9.532868,9.662751,9.742825,9.838958,9.896053,9.950617,9.91266,9.87735,9.821664,9.701335,9.599183,9.394219,9.234043,8.965345,8.705128,8.418922,8.027532,7.685088,7.620871,7.05628,6.50173,5.909171,5.233729,4.55335,3.796676,3.031343,2.15794,1.231216,0.129981802,-1.116233,-2.719356,-4.723221,-7.302623,-10.510881,-14.432546,-19.086863,-24.449931,-30.561179,-37.347347,-44.798082,-52.843079,-61.614586,-70.917113,-80.820053,-91.306909,-102.315712,-113.982039,-126.066127,-138.739267,-151.859729,-165.46085,-179.695663,-194.324467,-209.317623,-224.769371,-240.766071,-257.302905,-274.17309,-291.34142,-308.868875,-313.704155],"unit":"mW\/cm2"},"timestamps":{"value":[0.019,0.046,0.07,0.093,0.116,0.139,0.162,0.185,0.208,0.231,0.253,0.275,0.3,0.321,0.345,0.369,0.391,0.414,0.437,0.461,0.484,0.506,0.529,0.553,0.575,0.598,0.636,0.66,0.682,0.704,0.726,0.749,0.772,0.793,0.816,0.839,0.86,0.882,0.904,0.927,0.95,0.972,0.995,1.018,1.041,1.063,1.084,1.107,1.131,1.153,1.176,1.199,1.223,1.245,1.267,1.29,1.313,1.336,1.357,1.381,1.403,1.426,1.449,1.471,1.509,1.534,1.556,1.579,1.603,1.624,1.647,1.671,1.695,1.718,1.743,1.764,1.791,1.813,1.836,1.859,1.882,1.908,1.931,1.952,1.975,2.007,2.031,2.053,2.077,2.098,2.123,2.147,2.17,2.195,2.217,2.242,2.263,2.286,2.321,2.345,2.367,2.39,2.417,2.455,2.476,2.498,2.521,2.545],"unit":"s"},"p_max":{"unit":"mW","value":0.950283902},"v_p_max":{"unit":"V","value":0.632017612},"i_p_max":{"unit":"mA","value":1.503572},"j_p_max":{"unit":"mA\/cm2","value":15.744208},"voc":{"unit":"V","value":1.001738},"isc":{"unit":"mA","value":2.006755},"jsc":{"unit":"mA\/cm2","value":21.013138},"fill_factor":{"unit":"%","value":47.272102},"efficiency":{"unit":"%","value":9.950617},"r_s":{"unit":"ohms","value":35.221383},"r_sh":{"unit":"ohms","value":1595.887},"cell_dimension":{"value":0.09549998714397599,"unit":"cm2"},"sweep_direction":{"unit":"","value":"Forward"},"key":"forward16_3cell_231020"},{"V":{"value":[-0.199975014,-0.183983326,-0.167986393,-0.151985168,-0.135985374,-0.119987011,-0.10399127,-0.087987423,-0.071987629,-0.055977106,-0.039994955,-0.023985624,-0.008000463,0.007998198,0.023998976,0.040005445,0.056011915,0.072000742,0.088001966,0.104002953,0.120000124,0.13600111,0.151998281,0.168003321,0.184004545,0.199995995,0.215983868,0.231993914,0.247992039,0.263981819,0.280005693,0.296000719,0.31201911,0.327987194,0.343993187,0.359997988,0.376001358,0.391993761,0.40801096,0.424011469,0.440015078,0.455995083,0.4719944,0.488008738,0.504014969,0.520012856,0.536014795,0.552018166,0.567990303,0.58398962,0.599994421,0.616023779,0.632024288,0.648015499,0.664021492,0.679997683,0.695995569,0.711997747,0.727999687,0.744003057,0.760009289,0.776026249,0.791992903,0.807997465,0.824006319,0.840003014,0.856009245,0.872015238,0.888014555,0.903987885,0.919985771,0.936008453,0.952007771,0.968011141,0.984014511,1.000026,1.016028,1.031995,1.047986,1.063991,1.080003,1.095999,1.112013,1.128027,1.143994,1.159996,1.175998,1.192008,1.208005,1.224007,1.240005,1.255981,1.271996,1.287998,1.304006,1.320003,1.336017,1.352015,1.367976,1.38399,1.399988,1.415994,1.432003,1.448011,1.46402,1.480021,1.495987,1.499993],"unit":"V"},"I":{"value":[0.001525417,0.0020136980000000004,0.002004817,0.002011687,0.002010494,0.0020044,0.00200808,0.002001897,0.00200592,0.001999065,0.001998857,0.001995102,0.0019919869999999998,0.001984984,0.001986444,0.0019802,0.00197652,0.00196965,0.001966611,0.00196147,0.001955226,0.00195156,0.001943231,0.001936093,0.0019281209999999999,0.001921743,0.001913279,0.001898021,0.00189352,0.001877561,0.001869038,0.0018566849999999998,0.001848578,0.001833245,0.001817375,0.0018046800000000001,0.001785263,0.001769528,0.001753017,0.0017325580000000001,0.001712039,0.0016922649999999999,0.0016713890000000001,0.0016439410000000001,0.001625136,0.001596913,0.00157091,0.001539573,0.0015084299999999998,0.001477644,0.001444429,0.001407117,0.001404002,0.001357257,0.001312599,0.001263082,0.0012098249999999999,0.001158431,0.001108304,0.0010537209999999999,0.000995546579,0.000940904021,0.0008803606029999999,0.0008170455690000001,0.000757202506,0.000694990158,0.0006275177,0.000562548637,0.0004975646730000001,0.000428766012,0.00036039948500000003,0.000293344259,0.000221148133,0.000143751502,5.8323145e-5,-3.8057566e-5,-0.00015436112900000002,-0.000296235085,-0.000471547246,-0.000686869025,-0.000941574574,-0.001238585,-0.001575053,-0.001947165,-0.002350539,-0.002795324,-0.0032570359999999996,-0.0037491919999999997,-0.004255965,-0.004784584,-0.005328327,-0.005887881,-0.0064590129999999996,-0.007051587,-0.007632911,-0.008240998,-0.008856728999999999,-0.009493813,-0.010139078,-0.010786623,-0.011448532,-0.01214622,-0.012833863,-0.013530582000000001,-0.014236793000000001,-0.014942527,-0.015667334,-0.015896663000000002],"unit":"A"},"resistance":{"value":[-131.095312,-91.365888,-83.79138,-75.551118,-67.637776,-59.861813,-51.786405,-43.952034,-35.887591,-28.00164,-20.008916,-12.022257,-4.016323,4.029352,12.081375,20.202726,28.338656,36.555087,44.748039,53.022973,61.374041,69.688395,78.219373,86.774408,95.43206,104.070096,112.886743,122.229403,130.968774,140.598249,149.812755,159.424334,168.788676,178.910711,189.280202,199.480274,210.613937,221.524501,232.747822,244.73147,257.012281,269.458394,282.396541,296.852986,310.137189,325.636362,341.212878,358.552754,376.544113,395.216764,415.385149,437.791549,450.159009,477.44482,505.883138,538.363834,575.28602,614.6224,656.859405,706.072348,763.40907,824.766641,899.62329,988.925827,1088.225,1208.655,1364.12,1550.115,1784.722,2108.348,2552.683,3190.819,4304.842,6733.92,16871.767,-26276.667,-6582.15,-3483.701,-2222.441,-1549.044,-1147.019,-884.880077,-706.016272,-579.317865,-486.694273,-414.977264,-361.063831,-317.93733,-283.838005,-255.823002,-232.719328,-213.316259,-196.933583,-182.653695,-170.83991,-160.175089,-150.847671,-142.410093,-134.92114,-128.306173,-122.285384,-116.579003,-111.580041,-107.017619,-102.833521,-99.047604,-95.484444,-94.358991],"unit":"ohms"},"conductance":{"value":[-0.007628038,-0.010945004,-0.011934402,-0.013236072,-0.014784638,-0.016705141,-0.019310087,-0.022752076,-0.027864785,-0.035712194,-0.04997772,-0.083179055,-0.248983986,0.248178854,0.082772032,0.049498272,0.035287489,0.027355973,0.022347348,0.01885975,0.016293534,0.014349592,0.012784557,0.011524135,0.010478659,0.009608908,0.008858436,0.008181338,0.007635408,0.007112464,0.006674999,0.006272568,0.005924568,0.00558938,0.005283173,0.005013027,0.004748024,0.004514173,0.004296496,0.004086111,0.003890865,0.003711148,0.00354112,0.003368671,0.00322438,0.00307091,0.002930722,0.00278899,0.002655731,0.002530257,0.002407404,0.002284192,0.002221437,0.002094483,0.001976741,0.00185748,0.001738266,0.001627015,0.001522396,0.001416285,0.001309914,0.001212464,0.001111576,0.001011198,0.000918928033,0.000827366268,0.000733073508,0.000645113311,0.000560311394,0.000474305043,0.000391744629,0.000313399156,0.000232296563,0.000148501909,5.9270615e-5,-3.8056577e-5,-0.000151926033,-0.000287051008,-0.000449955762,-0.000645559303,-0.000871825483,-0.001130097,-0.001416398,-0.001726168,-0.002054678,-0.002409771,-0.002769593,-0.003145274,-0.003523136,-0.003908953,-0.004297022,-0.004687875,-0.005077854,-0.005474841,-0.005853433,-0.006243168,-0.006629204,-0.007021974,-0.007411737,-0.007793857,-0.008177592,-0.008577874,-0.008962176,-0.009344256,-0.009724456,-0.010096155,-0.01047291,-0.010597824],"unit":"S"},"power":{"value":[-0.30504528,-0.370486896,-0.336781998,-0.305746521,-0.273397843,-0.240501952,-0.20882284,-0.176141714,-0.144401411,-0.111901889,-0.079944182,-0.047853757,-0.015936821,0.015876293,0.047672621,0.0792188,0.110708661,0.141816289,0.173065596,0.203998635,0.23462737,0.265414378,0.295367716,0.325270049,0.354783,0.384340933,0.413237462,0.440329205,0.469577973,0.495642024,0.523341211,0.549580002,0.576791803,0.601280935,0.625164763,0.649681036,0.67126147,0.693643855,0.715250273,0.734624468,0.753323023,0.771664643,0.788886128,0.802257478,0.819092639,0.830415155,0.842031118,0.849872304,0.856773412,0.862928669,0.866649437,0.866817317,0.88736356,0.87952381,0.871593672,0.858892852,0.842033033,0.824800385,0.806844722,0.783971432,0.756624648,0.730166218,0.69723935,0.660170749,0.62393965,0.583793827,0.537160953,0.490550984,0.441844672,0.38759928,0.331562398,0.274572706,0.210534741,0.139153055,0.057390821,-0.038058555,-0.156835255,-0.305713002,-0.494174814,-0.730822181,-1.016904,-1.357487,-1.751479,-2.196455,-2.689002,-3.242564,-3.830268,-4.469067,-5.141226,-5.856363,-6.607151,-7.395065,-8.215841,-9.082433,-9.953361,-10.878138,-11.832739,-12.835775,-13.870015,-14.928581,-16.02781,-17.198976,-18.378131,-19.592428,-20.842943,-22.115261,-23.438124,-23.844885],"unit":"mW"},"J":{"value":[0.015972953,0.021085845,0.02099285,0.021064781,0.021052298,0.020988481,0.021027021,0.020962267,0.021004396,0.020932621000000002,0.020930436,0.020891116,0.020858505,0.020785169,0.020800461,0.020735082999999998,0.020696542999999998,0.020624611,0.020592780999999998,0.020538948999999997,0.020473571,0.020435187,0.020347965,0.020273225,0.020189747,0.020122965,0.020034338000000002,0.01987456,0.019827438,0.019660327,0.019571076,0.019441724,0.019356842,0.019196283999999997,0.019030109,0.018897169000000002,0.018693857999999997,0.018529087,0.018356202,0.018141969,0.017927111,0.017720055,0.017501453,0.01721404,0.017017126,0.016721599,0.016449322,0.016121184,0.015795075000000002,0.015472709999999999,0.015124913,0.014734206,0.014701595,0.014212118999999999,0.013744488000000001,0.01322599,0.012668328000000001,0.012130169,0.011605274,0.011033725000000001,0.010424572,0.009852398,0.009218436,0.008555451,0.007928822,0.007277384,0.006570866,0.005890562,0.005210101,0.0044896960000000005,0.003773817,0.003071668,0.002315687,0.001505251,0.000610713559,-0.000398508541,-0.001616347,-0.0031019380000000003,-0.004937667000000001,-0.007192346,-0.00985942,-0.012969471,-0.016492699000000003,-0.020389157,-0.024612973,-0.029270406000000002,-0.034105091000000004,-0.039258552,-0.044565082,-0.050100356,-0.055794004,-0.061653203,-0.06763364,-0.073838608,-0.07992577199999999,-0.086293171,-0.092740614,-0.099411654,-0.106168355,-0.112948929,-0.11987992,-0.127185546,-0.134386005,-0.141681489,-0.14907636600000002,-0.156466249,-0.164055855,-0.166457205],"unit":"A\/cm2"},"power_density":{"value":[-3.194191,-3.879444,-3.526513,-3.201534,-2.862805,-2.518345,-2.186627,-1.844416,-1.512057,-1.171748,-0.837111858,-0.501086458,-0.166877703,0.166243906,0.499189752,0.829516226,1.159253,1.484987,1.812205,2.136111,2.456831,2.779208,3.092856,3.405969,3.715005,4.024512,4.327094,4.610777,4.917047,5.189969,5.480013,5.754764,6.039705,6.296135,6.546228,6.802943,7.028916,7.263286,7.489532,7.692403,7.888199,8.080258,8.260588,8.400602,8.576886,8.695447,8.81708,8.899186,8.971449,9.035902,9.074863,9.076621,9.291765,9.209673,9.126635,8.993642,8.8171,8.636653,8.448636,8.209125,7.922771,7.64572,7.300936,6.912783,6.533399,6.113024,5.624722,5.13666,4.626646,4.058631,3.471858,2.875107,2.204552,1.4571,0.600951004,-0.398518898,-1.642254,-3.201183,-5.174605,-7.652588,-10.648208,-14.214525,-18.340093,-22.999524,-28.15709,-33.953547,-40.107518,-46.796509,-53.834829,-61.32317,-69.184832,-77.435235,-86.029753,-95.104012,-104.223675,-113.907206,-123.903028,-134.406025,-145.235756,-156.320221,-167.83047,-180.093991,-192.441165,-205.15631,-218.250712,-231.573409,-245.425378,-249.684656],"unit":"mW\/cm2"},"timestamps":{"value":[0.018,0.042,0.066,0.087,0.11,0.133,0.157,0.178,0.201,0.224,0.246,0.269,0.293,0.316,0.354,0.375,0.397,0.42,0.442,0.467,0.488,0.513,0.535,0.557,0.579,0.602,0.627,0.648,0.669,0.692,0.715,0.737,0.76,0.784,0.807,0.829,0.85,0.874,0.897,0.918,0.94,0.963,0.984,1.006,1.03,1.055,1.077,1.1,1.123,1.146,1.169,1.191,1.228,1.251,1.274,1.295,1.316,1.339,1.361,1.384,1.407,1.429,1.452,1.473,1.497,1.52,1.541,1.564,1.587,1.608,1.63,1.655,1.678,1.701,1.724,1.747,1.771,1.793,1.817,1.838,1.861,1.886,1.909,1.931,1.946,1.973,1.996,2.022,2.045,2.069,2.106,2.128,2.15,2.171,2.197,2.22,2.242,2.265,2.289,2.312,2.335,2.358,2.38,2.402,2.424,2.446,2.469,2.491],"unit":"s"},"p_max":{"unit":"mW","value":0.88736356},"v_p_max":{"unit":"V","value":0.632024288},"i_p_max":{"unit":"mA","value":1.404002},"j_p_max":{"unit":"mA\/cm2","value":14.701595},"voc":{"unit":"V","value":0.993703583},"isc":{"unit":"mA","value":1.988485},"jsc":{"unit":"mA\/cm2","value":20.821832},"fill_factor":{"unit":"%","value":44.907867},"efficiency":{"unit":"%","value":9.291765},"r_s":{"unit":"ohms","value":44.403318},"r_sh":{"unit":"ohms","value":1114.141},"cell_dimension":{"value":0.09549999928003293,"unit":"cm2"},"sweep_direction":{"unit":"","value":"Forward"},"key":"forward16_2cell_231020"},{"V":{"value":[-0.199962854,-0.183987617,-0.167986393,-0.151985168,-0.135986805,-0.11998558,-0.103990078,-0.0879848,-0.071987629,-0.055986643,-0.039996386,-0.023984194,-0.00799793,0.008000463,0.024000168,0.040008068,0.056006432,0.072002172,0.088000536,0.10400033,0.1200068,0.135999918,0.152000904,0.168003321,0.184007168,0.199997425,0.215979815,0.231993914,0.247992039,0.263992548,0.279991865,0.295998096,0.312012434,0.327988386,0.343993187,0.36000061,0.376004219,0.391993761,0.408006907,0.424012899,0.440015078,0.455996513,0.472001314,0.488010168,0.504010916,0.520014286,0.536013603,0.552021027,0.567998409,0.58398962,0.599998474,0.616018295,0.632018805,0.648022175,0.664018869,0.679993629,0.695999622,0.712001801,0.727999687,0.744007111,0.760011911,0.776027679,0.791994095,0.808000326,0.824006319,0.840007067,0.856009245,0.872013807,0.888015985,0.903990746,0.919984579,0.936012506,0.952010393,0.968027353,0.984039068,1.000022,1.016027,1.031996,1.04799,1.063991,1.080005,1.096001,1.112017,1.128027,1.143995,1.159999,1.175995,1.192008,1.208007,1.22401,1.240009,1.25598,1.271999,1.288004,1.304007,1.320015,1.336014,1.352018,1.36798,1.383989,1.399992,1.415997,1.432002,1.448011,1.464024,1.480023,1.495991,1.499997],"unit":"V"},"I":{"value":[0.0011118349999999998,0.001989767,0.001980335,0.001987264,0.001978397,0.001974508,0.001973256,0.001965418,0.001967296,0.001960009,0.001953915,0.001952112,0.0019426049999999998,0.0019352590000000002,0.001930818,0.0019200740000000001,0.001913205,0.0019022520000000001,0.001894414,0.001877695,0.001870841,0.00185822,0.001842126,0.0018354649999999999,0.001813278,0.00180544,0.001789421,0.0017722249999999999,0.001758143,0.001734704,0.0017187600000000002,0.001697332,0.001675561,0.0016541330000000001,0.001632288,0.001612455,0.001586094,0.001562104,0.001531318,0.001503646,0.0015107839999999998,0.001471743,0.0014361740000000001,0.00140059,0.001361966,0.001324937,0.001280218,0.0012426969999999999,0.001195475,0.0011550339999999999,0.001108363,0.0010575349999999999,0.0010116989999999998,0.00096309185,0.000914752483,0.000865444541,0.0008154511450000001,0.000761017203,0.0007173269989999999,0.000668510795,0.000655949116,0.000603735447,0.0005539506669999999,0.000506654382,0.00045977532900000004,0.000414282084,0.000371143222,0.000328913331,0.000287443399,0.00024861097300000004,0.000209704041,0.000167265534,0.000121563673,6.9215894e-5,8.59797e-6,-6.622076e-5,-0.000160396099,-0.000278696418,-0.00042077899,-0.0006068348879999999,-0.0008221566679999999,-0.001074433,-0.0013575850000000001,-0.001674488,-0.0020224,-0.002391532,-0.0027927010000000003,-0.003216475,-0.003658891,-0.004121915,-0.004599646,-0.005102545,-0.00562048,-0.006150842,-0.006703392,-0.007261351,-0.007839143,-0.008425742,-0.009011716,-0.009621962999999999,-0.010228455000000001,-0.010827199000000001,-0.011452839000000001,-0.012076466999999999,-0.012698843999999999,-0.013335854,-0.013973281,-0.014125153],"unit":"A"},"resistance":{"value":[-179.849358,-92.466918,-84.827281,-76.479623,-68.73584,-60.767325,-52.699727,-44.766447,-36.59217,-28.564478,-20.469872,-12.286281,-4.117116,4.134054,12.430052,20.83673,29.273621,37.851008,46.452632,55.387223,64.145918,73.188295,82.513836,91.531727,101.47766,110.774919,120.698166,130.905459,141.05337,152.183071,162.903454,174.390252,186.213704,198.284144,210.742936,223.262471,237.062936,250.939665,266.441687,281.989773,291.24949,309.834337,328.651919,348.431867,370.061269,392.482348,418.689201,444.212001,475.123437,505.603963,541.337385,582.503706,624.710048,672.856047,725.900046,785.716008,853.514802,935.592254,1014.878,1112.932,1158.645,1285.377,1429.72,1594.776,1792.193,2027.621,2306.412,2651.196,3089.359,3636.166,4387.062,5595.968,7831.372,13985.622,114450.163,-15101.336,-6334.485,-3702.94,-2490.595,-1753.344,-1313.624,-1020.074,-819.114087,-673.654917,-565.662086,-485.044158,-421.095942,-370.594494,-330.156713,-296.951699,-269.587899,-246.147664,-226.31505,-209.402872,-194.529479,-181.786387,-170.428577,-160.462732,-151.800174,-143.836437,-136.872306,-130.781477,-125.034662,-119.903499,-115.287941,-110.980739,-107.06081,-106.193334],"unit":"ohms"},"conductance":{"value":[-0.005560209,-0.010814679,-0.01178866,-0.013075378,-0.014548451,-0.016456212,-0.01897543,-0.022338159,-0.027328251,-0.035008517,-0.048852283,-0.081391592,-0.242888443,0.241893306,0.080450186,0.047992175,0.034160448,0.026419376,0.021527306,0.018054705,0.015589457,0.013663387,0.01211918,0.010925174,0.009854386,0.009027314,0.00828513,0.007639101,0.007089515,0.006571033,0.006138605,0.005734265,0.005370174,0.005043268,0.004745118,0.004479033,0.004218289,0.003985022,0.003753166,0.003546228,0.003433482,0.003227531,0.003042733,0.002870002,0.002702255,0.002547885,0.002388406,0.002251177,0.002104716,0.001977833,0.001847277,0.001716727,0.001600743,0.001486202,0.0013776,0.001272724,0.001171626,0.001068842,0.000985339707,0.000898527427,0.000863077415,0.000777981846,0.000699437876,0.000627047249,0.000557975489,0.000493188807,0.000433573848,0.000377188215,0.000323691695,0.000275014954,0.000227942996,0.000178700106,0.00012769154,7.1502002e-5,8.737427e-6,-6.6219308e-5,-0.000157866022,-0.000270055712,-0.00040151056,-0.000570338584,-0.000761252698,-0.000980321138,-0.001220831,-0.00148444,-0.00176784,-0.002061668,-0.002374756,-0.002698367,-0.003028865,-0.003367551,-0.003709365,-0.004062602,-0.004418619,-0.004775484,-0.005140609,-0.005500962,-0.005867561,-0.006231977,-0.006587608,-0.006952341,-0.00730608,-0.007646343,-0.007997782,-0.00834004,-0.008673934,-0.009010573,-0.009340486,-0.009416787],"unit":"S"},"power":{"value":[-0.222325748,-0.366092481,-0.332669253,-0.302034587,-0.269035937,-0.236912508,-0.205199094,-0.172926951,-0.141620975,-0.109734343,-0.078149528,-0.046819826,-0.015536817,0.015482965,0.046339955,0.07681846,0.107151773,0.136966308,0.166709485,0.195280933,0.224513616,0.2527177,0.280004855,0.308364287,0.333656076,0.361083269,0.386478782,0.411145391,0.436005543,0.457948871,0.481238688,0.502406942,0.522795888,0.542536479,0.561495985,0.580484659,0.596378223,0.612334877,0.624788251,0.637565459,0.664767752,0.671109671,0.677875976,0.683502133,0.686445798,0.688986037,0.686214458,0.685995006,0.679028159,0.674527696,0.665016271,0.65146116,0.639413069,0.624104875,0.60741291,0.588496775,0.567553689,0.541845619,0.522213831,0.497376785,0.498529141,0.468515418,0.438725657,0.409376906,0.378857776,0.347999878,0.317702029,0.286816966,0.255254334,0.224742019,0.192924484,0.156562632,0.11572988,0.067002878,0.008460738,-0.066222213,-0.162966725,-0.287613592,-0.440972108,-0.645666613,-0.887933255,-1.17758,-1.509658,-1.888868,-2.313617,-2.774174,-3.284203,-3.834064,-4.419967,-5.045263,-5.703601,-6.408692,-7.149245,-7.922308,-8.741272,-9.58509,-10.473205,-11.391752,-12.327847,-13.316689,-14.319758,-15.331281,-16.400486,-17.486854,-18.591407,-19.737369,-20.903899,-21.18769],"unit":"mW"},"J":{"value":[0.011642254,0.020835256,0.020736487,0.020809043,0.020716203,0.020675477999999997,0.020662371,0.020580298,0.020599958,0.020523658,0.02045984,0.02044096,0.020341411,0.020264486999999998,0.020217989,0.020105488999999997,0.020033558,0.019918874,0.0198368,0.019661730999999998,0.019589956000000002,0.019457796,0.019289280000000002,0.019219532999999997,0.018987200000000003,0.018905127,0.018737391,0.018557329,0.018409877999999998,0.018164437,0.017997482000000002,0.017773105999999997,0.017545142,0.017320765999999998,0.017092022,0.016884342,0.016608319000000003,0.016357106000000003,0.016034742,0.015744987999999998,0.015819727999999998,0.015410921,0.01503847,0.014665863,0.014261425,0.013873683,0.013405428,0.013012537,0.012518068,0.012094594,0.011605898,0.011073669000000001,0.010593711,0.010084731,0.00957856,0.009062246999999999,0.008538755,0.007968767,0.007511276999999999,0.007000113,0.006868577,0.006321837,0.005800531,0.005305281,0.004814401,0.004338032,0.003886316,0.0034441190000000003,0.003009879,0.002603256,0.002195854,0.001751472,0.001272918,0.0007247737560000001,9.00311e-5,-0.0006934111029999999,-0.00167954,-0.002918287,-0.004406063,-0.006354292,-0.008608969999999999,-0.011250610999999999,-0.014215552000000001,-0.017533908,-0.021176969,-0.025042221,-0.029242944,-0.033680369,-0.038312992000000004,-0.043161408,-0.04816383,-0.053429791000000004,-0.058853189,-0.06440672,-0.070192583,-0.076035086,-0.08208526999999999,-0.08822766900000001,-0.09436351500000001,-0.100753538,-0.107104242,-0.11337380799999999,-0.11992501300000001,-0.126455155,-0.132972189,-0.139642448,-0.146317076,-0.14790736599999998],"unit":"A\/cm2"},"power_density":{"value":[-2.328018,-3.833429,-3.483448,-3.162666,-2.81713,-2.480759,-2.148682,-1.810753,-1.482942,-1.149051,-0.818319667,-0.490259956,-0.162689185,0.162125283,0.485235133,0.804381783,1.122008,1.434202,1.745649,2.044827,2.350928,2.646259,2.931988,3.228945,3.493781,3.780977,4.046898,4.305187,4.565503,4.795276,5.039149,5.260806,5.474302,5.68101,5.879539,6.078373,6.244798,6.411884,6.542285,6.676078,6.960919,7.027326,7.098178,7.15709,7.187914,7.214513,7.185492,7.183194,7.110243,7.063117,6.963521,6.821583,6.695425,6.53513,6.360345,6.16227,5.942971,5.673776,5.468208,5.208134,5.2202,4.905921,4.593986,4.286669,3.967097,3.643978,3.326723,3.003319,2.67282,2.35332,2.020152,1.639399,1.211831,0.701600821,0.088594119,-0.693426313,-1.706458,-3.011661,-4.617509,-6.760907,-9.29773,-12.330685,-15.807937,-19.778725,-24.226352,-29.048942,-34.389559,-40.14727,-46.282375,-52.829975,-59.723574,-67.106724,-74.861205,-82.956107,-91.53164,-100.367433,-109.667072,-119.285365,-129.087401,-139.441774,-149.945106,-160.536975,-171.732839,-183.108415,-194.674422,-206.674022,-218.888993,-221.860625],"unit":"mW\/cm2"},"timestamps":{"value":[0.018,0.046,0.074,0.097,0.118,0.141,0.164,0.191,0.213,0.235,0.258,0.28,0.305,0.33,0.353,0.377,0.401,0.422,0.443,0.465,0.49,0.514,0.535,0.563,0.584,0.609,0.633,0.656,0.679,0.701,0.723,0.745,0.767,0.788,0.811,0.835,0.858,0.879,0.901,0.924,0.962,0.985,1.008,1.03,1.053,1.076,1.097,1.12,1.142,1.165,1.187,1.208,1.23,1.253,1.276,1.3,1.322,1.343,1.369,1.392,1.432,1.455,1.478,1.502,1.526,1.548,1.571,1.593,1.616,1.639,1.663,1.686,1.709,1.732,1.755,1.779,1.802,1.823,1.86,1.882,1.906,1.931,1.955,1.977,2,2.024,2.048,2.07,2.094,2.118,2.142,2.164,2.187,2.21,2.231,2.254,2.278,2.302,2.324,2.348,2.37,2.393,2.414,2.436,2.459,2.48,2.503,2.525],"unit":"s"},"p_max":{"unit":"mW","value":0.688986037},"v_p_max":{"unit":"V","value":0.520014286},"i_p_max":{"unit":"mA","value":1.324937},"j_p_max":{"unit":"mA\/cm2","value":13.873683},"voc":{"unit":"V","value":0.985875777},"isc":{"unit":"mA","value":1.938932},"jsc":{"unit":"mA\/cm2","value":20.302955},"fill_factor":{"unit":"%","value":36.043387},"efficiency":{"unit":"%","value":7.214513},"r_s":{"unit":"ohms","value":55.848022},"r_sh":{"unit":"ohms","value":697.713789},"cell_dimension":{"value":0.0954999779252368,"unit":"cm2"},"sweep_direction":{"unit":"","value":"Forward"},"key":"forward16_1cell_231020"}]}}