{"_id":"652fd2ca68333e4c3d5bc021","id":"KAIST-SC-00046","author":105,"group":12,"input":[{"tco":{"unit":"","value":"ITO"}},{"etl":[{"material":{"unit":"","value":"SnO2"},"concentration":{"unit":"","value":"5"},"conc_unit":{"unit":"","value":"wt%"},"quantity":{"unit":"ml","value":"0.4"}}],"solvent":[{"material":{"unit":"","value":"DI Water"},"volume":{"unit":"ml","value":"0.8"}}],"spin_coating":[{"type":{"unit":"","value":"drop&run"},"rpm":{"unit":"","value":"4000"},"time":{"unit":"s","value":"30"}}],"annealing":[{"temperature":{"unit":"oC","value":"150"},"time":{"unit":"m","value":"30"}}]},{"perovskite":{"method":{"unit":"","value":"1-step"},"molarity":{"unit":"M","value":"1.8"},"a_site":[{"material":{"unit":"","value":"FA"},"ratio":{"unit":"","value":"100"}}],"b_site":[{"material":{"unit":"","value":"Pb"},"ratio":{"unit":"","value":"100"}}],"x_site":[{"material":{"unit":"","value":"I"},"ratio":{"unit":"","value":"100"}}],"solvent":[{"material":{"unit":"","value":"DMF"},"volume":{"unit":"ml","value":"0.8"}},{"material":{"unit":"","value":"DMSO"},"volume":{"unit":"ml","value":"0.1"}}],"additive":[{"material":{"unit":"","value":"MACl"},"solvent":{"unit":"","value":"None"},"concentration":{"unit":"","value":"47.62"},"conc_unit":{"unit":"","value":"mg\/ml"},"quantity":{"unit":"mol%","value":"35"}}],"stirring_time":[{"unit":"m","value":"20"}],"antisolvent":[{"material":{"unit":"","value":"DEE"},"quantity":{"unit":"ul","value":"1000"},"dripping_time":{"unit":"s","value":"28"}}],"spin_coating":[{"type":{"unit":"","value":"drop&run"},"rpm":{"unit":"","value":"5000"},"time":{"unit":"s","value":"15"}}],"annealing":[{"temperature":{"unit":"oC","value":"100"},"time":{"unit":"m","value":"15"}},{"temperature":{"unit":"oC","value":"150"},"time":{"unit":"m","value":"15"}}],"atmosphere":[{"type":{"unit":"","value":"Air"},"temperature":{"unit":"oC","value":"22"},"humidity":{"unit":"RH%","value":"19"}}]}},{"perovskite_treatment":[{"material":{"unit":"","value":"OAI"},"concentration":{"unit":"","value":"2.5"},"conc_unit":{"unit":"","value":"mg\/ml"},"quantity":{"unit":"ml","value":"0.4"}}],"solvent":[{"material":{"unit":"","value":"CF"},"volume":{"unit":"ml","value":"0.8"}}],"spin_coating":[{"type":{"unit":"","value":"drop&run"},"rpm":{"unit":"","value":"5000"},"time":{"unit":"s","value":"5"}}],"annealing":[{"temperature":{"unit":"oC","value":"100"},"time":{"unit":"m","value":"3"}}]},{"htl":[{"material":{"unit":"","value":"Spiro-OMeTAD"},"concentration":{"unit":"","value":"91"},"conc_unit":{"unit":"","value":"mg\/ml"},"quantity":{"unit":"ml","value":"0.08"}}],"solvent":[{"material":{"unit":"","value":"CB"},"volume":{"unit":"ml","value":"1.1"}}],"htl_doping":[{"material":{"unit":"","value":"tBP"},"volume":{"unit":"ul","value":"39"}},{"material":{"unit":"","value":"Li-TFSI"},"volume":{"unit":"ul","value":"23"}},{"material":{"unit":"","value":"Co-TFSI"},"volume":{"unit":"ul","value":"10"}}],"spin_coating":[{"type":{"unit":"","value":"dynamic"},"rpm":{"unit":"","value":"2000"},"time":{"unit":"s","value":"30"}}]},{"anode_metal":{"unit":"","value":"Au"}},{"note":{"unit":"","value":"-"},"ar":{"unit":"","value":"0"},"type":{"unit":"","value":"unit_cell"},"device_type":{"unit":"","value":"n-i-p"},"temperature":{"unit":"oC","value":"22"},"humidity":{"unit":"%","value":"19"},"cell_dimension":{"unit":"cm2","value":"0.0955"}}],"fileinfo":[{"key":"reverse19_4cell_231018","uploadType":"JV","original_name":"reverse19_4cell_231018.csv","save_name":"KAIST-SC-00046\/reverse19_4cell_231018","uploader":105,"fileType":""},{"key":"forward19_4cell_231018","uploadType":"JV","original_name":"forward19_4cell_231018.csv","save_name":"KAIST-SC-00046\/forward19_4cell_231018","uploader":105,"fileType":""},{"key":"reverse19_3cell_231018","uploadType":"JV","original_name":"reverse19_3cell_231018.csv","save_name":"KAIST-SC-00046\/reverse19_3cell_231018","uploader":105,"fileType":""},{"key":"forward19_3cell_231018","uploadType":"JV","original_name":"forward19_3cell_231018.csv","save_name":"KAIST-SC-00046\/forward19_3cell_231018","uploader":105,"fileType":""},{"key":"reverse19_2cell_231018","uploadType":"JV","original_name":"reverse19_2cell_231018.csv","save_name":"KAIST-SC-00046\/reverse19_2cell_231018","uploader":105,"fileType":""},{"key":"forward19_2cell_231018","uploadType":"JV","original_name":"forward19_2cell_231018.csv","save_name":"KAIST-SC-00046\/forward19_2cell_231018","uploader":105,"fileType":""},{"key":"reverse19_1cell_231018","uploadType":"JV","original_name":"reverse19_1cell_231018.csv","save_name":"KAIST-SC-00046\/reverse19_1cell_231018","uploader":105,"fileType":""},{"key":"forward19_1cell_231018","uploadType":"JV","original_name":"forward19_1cell_231018.csv","save_name":"KAIST-SC-00046\/forward19_1cell_231018","uploader":105,"fileType":""}],"jvcnt":8,"updated_at":"2024-08-19 05:13:21","created_at":"2023-10-18 12:42:50","analysisInfo":{"JV":[{"efficiency":22.301807,"fill_factor":81.967423,"jsc":23.172938,"voc":1.174134,"key":"reverse19_4cell_231018","cell_dimension":0.09549999746695768},{"efficiency":22.27739,"fill_factor":82.074109,"jsc":23.165812,"voc":1.171684,"key":"reverse19_3cell_231018","cell_dimension":0.09549999962631898},{"efficiency":22.337558,"fill_factor":81.446622,"jsc":23.315938,"voc":1.176277,"key":"reverse19_2cell_231018","cell_dimension":0.095499997885323},{"efficiency":22.4351,"fill_factor":81.814866,"jsc":23.375787,"voc":1.173085,"key":"reverse19_1cell_231018","cell_dimension":0.09550000078395174},{"efficiency":22.5477,"fill_factor":82.60209,"jsc":23.165693,"voc":1.178327,"key":"forward19_4cell_231018","cell_dimension":0.09550000448756914},{"efficiency":22.797235,"fill_factor":83.502206,"jsc":23.161221,"voc":1.178753,"key":"forward19_3cell_231018","cell_dimension":0.09550003002732486},{"efficiency":22.447724,"fill_factor":81.507801,"jsc":23.366127,"voc":1.178654,"key":"forward19_2cell_231018","cell_dimension":0.09550001719414361},{"efficiency":22.937093,"fill_factor":83.198775,"jsc":23.410879,"voc":1.177616,"key":"forward19_1cell_231018","cell_dimension":0.09549999918403049}]},"public":2,"tags":[],"analysis":{"JV":[{"V":{"value":[1.500046,1.483053,1.466103,1.449044,1.43208,1.415082,1.398057,1.381062,1.364069,1.347056,1.330056,1.313061,1.296074,1.279049,1.262067,1.245064,1.228044,1.211056,1.194066,1.177068,1.160053,1.143061,1.126076,1.109035,1.092042,1.075083,1.058075,1.041041,1.024059,1.007061,0.990027905,0.973048449,0.956060886,0.939063787,0.922036648,0.905046225,0.888062716,0.871037006,0.854045153,0.83705616,0.820031881,0.803037405,0.786038876,0.76904583,0.752030849,0.735054255,0.718042135,0.701027155,0.684032679,0.667038202,0.650056124,0.633039951,0.616049528,0.599056482,0.58202529,0.565042973,0.54805398,0.531052828,0.514035225,0.497047663,0.48004508,0.463026047,0.446038485,0.429042578,0.412049532,0.395027876,0.378027916,0.361056805,0.34402132,0.327029705,0.310037851,0.293014765,0.276019096,0.259028673,0.242041111,0.225009918,0.208022833,0.19102788,0.174022198,0.157019138,0.140018702,0.123022556,0.106027603,0.08901763,0.072020054,0.055027723,0.038022041,0.021001786,0.004002541,-0.012997419,-0.029976606,-0.04697299,-0.063976049,-0.080972433,-0.097978354,-0.114982843,-0.131972313,-0.148971319,-0.165979862,-0.182974815,-0.199972391,-0.199969769],"unit":"V"},"I":{"value":[-0.015627354,-0.016618355999999997,-0.016032979,-0.015123188000000001,-0.014155358,-0.013130799,-0.012093619,-0.011039451,-0.009992063,-0.008951694,-0.007917836000000001,-0.006909505,-0.005912408,-0.004948944,-0.004011139,-0.0031184850000000003,-0.0022632629999999997,-0.001472756,-0.000741884112,-9.6812844e-5,0.000464707613,0.0009213835000000001,0.0012830349999999999,0.0015521789999999999,0.001745522,0.001882285,0.00197348,0.002036303,0.0020797850000000002,0.002107248,0.002133116,0.002144918,0.002159134,0.002164543,0.002172232,0.0021781920000000002,0.0021816640000000003,0.00218299,0.0021906789999999996,0.002188742,0.002195954,0.0021948370000000003,0.002196088,0.0021952539999999998,0.002196997,0.002200395,0.002200603,0.002201363,0.002204135,0.002205729,0.0022018399999999996,0.00221017,0.002205446,0.002203852,0.0022040009999999997,0.002205387,0.002203718,0.002207056,0.002204627,0.002204135,0.002207607,0.0022089180000000003,0.0022095440000000004,0.0022078159999999996,0.002212256,0.002209619,0.002208084,0.002212659,0.00220865,0.002212733,0.00220865,0.002208576,0.002210587,0.0022100360000000003,0.00221017,0.002209827,0.002210855,0.002208784,0.002210721,0.0022150280000000004,0.0022128670000000003,0.002214327,0.002211556,0.002211213,0.002212465,0.002214536,0.0022103039999999997,0.002211764,0.002213851,0.0022103039999999997,0.002210096,0.0022105130000000003,0.002211422,0.002213016,0.0022141929999999997,0.002213016,0.0022150280000000004,0.0022089180000000003,0.002211481,0.002206773,0.002213076,0.002210245],"unit":"A"},"resistance":{"value":[-95.988512,-89.241872,-91.442932,-95.816037,-101.168727,-107.768192,-115.602829,-125.102444,-136.515274,-150.480536,-167.982219,-190.03696,-219.212481,-258.448913,-314.640553,-399.252975,-542.59894,-822.306106,-1609.505,-12158.175,2496.307,1240.592,877.666237,714.501954,625.624996,571.158631,536.146906,511.24071,492.387012,477.903249,464.122835,453.653015,442.798402,433.83935,424.465152,415.503393,407.05749,399.010935,389.854028,382.43708,373.428478,365.87569,357.926786,350.322031,342.29938,334.055612,326.293283,318.451347,310.340637,302.411609,295.233096,286.421381,279.330996,271.822472,264.076696,256.210377,248.69517,240.615962,233.162014,225.506899,217.450422,209.616644,201.869005,194.328987,186.257601,178.776491,171.201792,163.177825,155.760896,147.79447,140.374362,132.671376,124.862339,117.205639,109.512439,101.822399,94.091556,86.485533,78.717381,70.888112,63.274789,55.557527,47.94254,40.257372,32.551955,24.84842,17.202176,9.495489,1.807955,-5.880376,-13.563489,-21.249816,-28.929828,-36.589174,-44.250135,-51.957526,-59.580432,-67.440845,-75.053703,-82.915121,-90.359487,-90.474047],"unit":"ohms"},"conductance":{"value":[-0.010417913,-0.011205502,-0.010935782,-0.010436666,-0.009884477,-0.009279176,-0.008650307,-0.007993449,-0.007325188,-0.006645378,-0.005953011,-0.005262134,-0.004561784,-0.003869237,-0.00317823,-0.002504678,-0.001842982,-0.001216092,-0.000621309109,-8.2249185e-5,0.000400591786,0.000806066835,0.001139385,0.001399576,0.001598402,0.001750827,0.00186516,0.001956026,0.002030923,0.002092474,0.002154602,0.002204328,0.002258364,0.002305001,0.002355906,0.002406719,0.002456655,0.002506197,0.002565063,0.002614809,0.002677889,0.002733169,0.002793867,0.002854516,0.002921419,0.002993514,0.003064728,0.003140197,0.003222266,0.003306751,0.003387154,0.003491359,0.003579982,0.003678872,0.003786779,0.003903043,0.004020987,0.004156,0.004288863,0.004434454,0.004598749,0.004770614,0.004953707,0.005145913,0.005368908,0.005593577,0.00584106,0.006128284,0.006420097,0.006766153,0.007123808,0.007537421,0.00800882,0.008532013,0.009131383,0.009821022,0.010627946,0.011562628,0.012703675,0.014106738,0.015804083,0.017999361,0.020858303,0.024840171,0.030720122,0.040244007,0.05813218,0.10531316,0.553111248,-0.170057163,-0.073727343,-0.04705923,-0.0345664,-0.027330489,-0.022598801,-0.01924649,-0.016784034,-0.014827809,-0.013323793,-0.012060526,-0.011066907,-0.011052893],"unit":"S"},"power":{"value":[-23.441758,-24.645906,-23.505992,-21.914165,-20.271599,-18.581163,-16.907562,-15.246169,-13.629866,-12.05843,-10.531163,-9.072603,-7.662917,-6.329942,-5.062327,-3.882715,-2.779386,-1.783591,-0.88585863,-0.113955254,0.539085357,1.053197,1.444795,1.721422,1.906184,2.023613,2.08809,2.119875,2.129823,2.122126,2.111844,2.087109,2.064263,2.032644,2.002877,1.971365,1.937455,1.901465,1.870939,1.8321,1.800753,1.762536,1.726211,1.688251,1.65221,1.61741,1.580126,1.543216,1.5077,1.471306,1.43132,1.399126,1.358664,1.320232,1.282784,1.246138,1.207756,1.172063,1.133256,1.09556,1.059751,1.022787,0.985541738,0.947246916,0.911559129,0.872860977,0.834717343,0.798895417,0.759822728,0.72362943,0.684765135,0.647145262,0.610164299,0.572462672,0.53495201,0.497233061,0.459908421,0.421939367,0.384714592,0.347801758,0.309842784,0.272412224,0.234485965,0.19683695,0.159341835,0.121860878,0.084040275,0.046451004,0.008861029,-0.028728248,-0.066251164,-0.103834394,-0.141478026,-0.179193302,-0.216943018,-0.25445889,-0.292322343,-0.329065478,-0.367061367,-0.403783803,-0.442554051,-0.441982088],"unit":"mW"},"J":{"value":[-0.163637219,-0.17401419999999998,-0.167884596,-0.158357995,-0.14822364500000001,-0.137495277,-0.126634749,-0.115596343,-0.10462893200000001,-0.09373501299999999,-0.08290928099999999,-0.07235083299999999,-0.061910034,-0.051821402,-0.042001458,-0.032654295,-0.023699088,-0.015421532,-0.00776842,-0.001013747,0.004866048,0.009647995,0.013434918,0.016253188000000002,0.018277718000000002,0.019709789000000002,0.020664712000000002,0.021322547,0.021777852,0.022065421,0.022336295,0.022459873,0.022608727999999998,0.022665368,0.022745881,0.022808295000000003,0.02284465,0.022858536999999998,0.022939050000000002,0.022918766,0.022994286,0.022982584,0.02299569,0.022986953,0.023005208,0.023040783999999998,0.023042967999999997,0.023050926,0.023079948000000003,0.023096644000000003,0.023055919,0.023143142000000002,0.023093679000000002,0.023076984,0.023078544,0.023093055,0.023075579000000002,0.023110531,0.023085097000000002,0.023079948000000003,0.023116304,0.023130035,0.023136588,0.023118488,0.023164986,0.023137368,0.023121297,0.023169198999999998,0.023127226,0.023169979,0.023127226,0.023126446000000002,0.023147511000000003,0.023141737,0.023143142000000002,0.023139553,0.023150319,0.023128631,0.023148915,0.023194008,0.023171384,0.023186675,0.023157653,0.023154064000000002,0.023167171,0.023188859,0.023144546,0.023159837,0.023181682,0.023144546,0.023142362,0.02314673,0.023156248,0.023172944,0.023185271,0.023172944,0.023194008,0.023130035,0.023156873,0.023107566,0.023173568,0.023143922],"unit":"A\/cm2"},"power_density":{"value":[-245.463436,-258.072318,-246.136042,-229.4677,-212.268051,-194.567154,-177.042535,-159.645748,-142.721107,-126.266282,-110.273963,-95.001074,-80.239965,-66.28212,-53.008658,-40.656704,-29.103523,-18.676346,-9.276007,-1.193249,5.644873,11.028246,15.128742,18.025358,19.960039,21.189664,21.864819,22.197649,22.301807,22.221215,22.113555,21.854544,21.615321,21.284227,20.972536,20.642561,20.287482,19.910632,19.590985,19.184294,18.856048,18.455874,18.075507,17.67802,17.300626,16.936226,16.545822,16.159325,15.787439,15.406344,14.987641,14.650533,14.22685,13.824417,13.432296,13.048568,12.646663,12.272913,11.866553,11.471834,11.096868,10.709809,10.319809,9.918816,9.545122,9.139906,8.740496,8.365397,7.956259,7.577272,7.170316,6.77639,6.389155,5.994374,5.601592,5.206629,4.815795,4.418213,4.028425,3.641903,3.244427,2.852484,2.45535,2.06112,1.668501,1.27603,0.880002884,0.486397945,0.092785639,-0.300819353,-0.693729462,-1.087271,-1.481445,-1.87637,-2.271655,-2.664491,-3.060967,-3.445712,-3.843575,-4.228103,-4.634074,-4.628085],"unit":"mW\/cm2"},"timestamps":{"value":[0.018,0.044,0.069,0.091,0.116,0.14,0.164,0.189,0.211,0.234,0.257,0.281,0.305,0.33,0.352,0.383,0.404,0.43,0.452,0.478,0.503,0.528,0.55,0.572,0.596,0.618,0.641,0.671,0.692,0.715,0.744,0.768,0.805,0.832,0.863,0.885,0.906,0.93,0.951,0.972,0.996,1.017,1.046,1.068,1.091,1.111,1.134,1.156,1.178,1.2,1.221,1.244,1.268,1.289,1.314,1.335,1.356,1.377,1.399,1.422,1.444,1.466,1.49,1.514,1.536,1.557,1.587,1.609,1.633,1.657,1.692,1.714,1.736,1.758,1.781,1.803,1.835,1.857,1.88,1.903,1.926,1.949,1.972,1.995,2.018,2.05,2.072,2.096,2.119,2.14,2.166,2.19,2.213,2.236,2.258,2.279,2.3,2.325,2.349,2.372,2.395,2.416],"unit":"s"},"p_max":{"unit":"mW","value":2.129823},"v_p_max":{"unit":"V","value":1.024059},"i_p_max":{"unit":"mA","value":2.079785},"j_p_max":{"unit":"mA\/cm2","value":21.777852},"voc":{"unit":"V","value":1.174134},"isc":{"unit":"mA","value":2.213016},"jsc":{"unit":"mA\/cm2","value":23.172938},"fill_factor":{"unit":"%","value":81.967423},"efficiency":{"unit":"%","value":22.301807},"r_s":{"unit":"ohms","value":21.016398},"r_sh":{"unit":"ohms","value":10232.073},"cell_dimension":{"value":0.09549999746695768,"unit":"cm2"},"sweep_direction":{"unit":"","value":"Reverse"},"key":"reverse19_4cell_231018"},{"V":{"value":[1.500044,1.483057,1.466089,1.449077,1.43206,1.41508,1.398058,1.381055,1.364072,1.347056,1.330054,1.313068,1.296071,1.279047,1.262064,1.245066,1.22804,1.211056,1.194062,1.177073,1.160053,1.143058,1.126073,1.10904,1.092066,1.075071,1.058075,1.041048,1.02406,1.007062,0.990034819,0.973045826,0.956056833,0.939065218,0.92203784,0.905046225,0.888061285,0.871034145,0.854045153,0.837052107,0.820033073,0.803038836,0.786038876,0.769056797,0.752037764,0.735020161,0.718059778,0.701025724,0.684030056,0.667038202,0.65005064,0.633042574,0.616048098,0.599059105,0.582030773,0.565044403,0.548048735,0.531048775,0.514033794,0.497044802,0.480042219,0.463020563,0.446035624,0.429042578,0.412050962,0.395014286,0.378021002,0.361051321,0.344017267,0.327029705,0.310039282,0.293014765,0.276019096,0.259030104,0.242035627,0.225008488,0.20801878,0.191025257,0.174026251,0.157016277,0.140020132,0.123022556,0.106020689,0.089012146,0.072017193,0.055026531,0.038017988,0.021000236,0.004002392,-0.0129942,-0.029976606,-0.046975851,-0.06397891,-0.080972433,-0.097979546,-0.114982843,-0.131972313,-0.148969889,-0.165978432,-0.182977438,-0.199971199,-0.199969769],"unit":"V"},"I":{"value":[-0.017889589,-0.019110277,-0.018399923999999998,-0.017358586,-0.016225978999999998,-0.015058488,-0.013855144,-0.012650356,-0.011443123,-0.010235697,-0.009054884,-0.007884338,-0.006749585,-0.005643815,-0.004572868,-0.0035541360000000003,-0.002596006,-0.001700923,-0.000897303224,-0.00019083917100000001,0.0004119277,0.000895306468,0.001272291,0.001549691,0.001743168,0.0018799300000000001,0.001967445,0.0020338889999999997,0.002077505,0.0021067710000000003,0.002130345,0.002148107,0.002160102,0.002167732,0.002173901,0.0021753610000000002,0.002186313,0.00218527,0.002191797,0.0021913049999999997,0.002197623,0.0021946279999999997,0.002199769,0.00219664,0.002202049,0.0022017060000000003,0.0022055950000000003,0.002205312,0.0022055950000000003,0.002210245,0.002208993,0.00220871,0.002209619,0.002210453,0.002209052,0.00221017,0.002211764,0.002208859,0.002209336,0.0022144020000000003,0.0022084410000000002,0.002213851,0.002212524,0.002210662,0.002209827,0.002213567,0.002213567,0.00221017,0.002214953,0.002213851,0.002213642,0.002211004,0.00221093,0.002214819,0.0022141929999999997,0.002211422,0.0022098870000000002,0.002209961,0.002212256,0.0022123159999999998,0.0022133590000000002,0.002211347,0.0022134330000000003,0.002213776,0.002214462,0.002213225,0.0022103039999999997,0.002212733,0.002213493,0.002208576,0.002211899,0.002214268,0.0022133590000000002,0.002213642,0.00221391,0.002212524,0.002213284,0.002214119,0.002213985,0.002213493,0.002216965,0.002211139],"unit":"A"},"resistance":{"value":[-83.850089,-77.605232,-79.679067,-83.478956,-88.257263,-93.972225,-100.905332,-109.171267,-119.204506,-131.603707,-146.888048,-166.541321,-192.022289,-226.628013,-275.989625,-350.314631,-473.049783,-711.99965,-1330.723,-6167.879,2816.156,1276.723,885.075355,715.65207,626.483391,571.86747,537.791492,511.850892,492.928051,478.012095,464.729913,452.97835,442.597977,433.201809,424.139833,416.044169,406.191234,398.593341,389.655243,381.987923,373.14543,365.911121,357.327914,350.106014,341.517286,333.841168,325.562788,317.880483,310.133973,301.793847,294.274671,286.611939,278.8029,271.011898,263.475308,255.656531,247.78802,240.417718,232.664427,224.460062,217.366962,209.147157,201.595797,194.078797,186.46297,178.45143,170.774554,163.35907,155.31581,147.719861,140.058456,132.52563,124.842984,116.95316,109.310972,101.748339,94.130962,86.438277,78.664601,70.973718,63.261378,55.632401,47.898748,40.208287,32.521311,24.862604,17.200342,9.490633,1.808179,-5.883521,-13.552433,-21.215072,-28.905801,-36.578829,-44.256332,-51.969073,-59.627364,-67.281795,-74.968192,-82.664566,-90.200433,-90.437464],"unit":"ohms"},"conductance":{"value":[-0.011926046,-0.012885729,-0.012550348,-0.011979067,-0.011330512,-0.010641442,-0.009910279,-0.009159919,-0.008388945,-0.00759857,-0.006807906,-0.006004516,-0.005207729,-0.004412517,-0.003623325,-0.002854577,-0.002113942,-0.001404495,-0.00075147122,-0.000162130277,0.000355093931,0.000783255297,0.001129847,0.001397327,0.001596212,0.001748657,0.001859457,0.001953694,0.002028694,0.002091997,0.002151787,0.002207611,0.002259387,0.002308393,0.002357713,0.002403591,0.002461895,0.002508823,0.002566371,0.002617884,0.00267992,0.002732904,0.00279855,0.002856278,0.002928109,0.002995436,0.003071604,0.003145836,0.003224413,0.00331352,0.003398186,0.003489038,0.003586763,0.003689875,0.003795422,0.003911498,0.004035708,0.004159427,0.004298036,0.004455136,0.004600515,0.004781322,0.004960421,0.005152546,0.005362995,0.005603766,0.005855673,0.006121484,0.006438495,0.00676957,0.007139876,0.00754571,0.008010062,0.008550432,0.009148212,0.00982817,0.010623497,0.011568949,0.012712198,0.014089723,0.015807433,0.017975136,0.020877372,0.024870495,0.030749068,0.040221048,0.058138377,0.105367054,0.553042488,-0.169966262,-0.073787491,-0.047136301,-0.034595132,-0.027338218,-0.022595637,-0.019242213,-0.016770824,-0.014862862,-0.013338991,-0.012097082,-0.011086421,-0.011057364],"unit":"S"},"power":{"value":[-26.835164,-28.34164,-26.975922,-25.153922,-23.236583,-21.308959,-19.370295,-17.470841,-15.609242,-13.788054,-12.043488,-10.352674,-8.74794,-7.218702,-5.771254,-4.425132,-3.187999,-2.059914,-1.071436,-0.224631636,0.477857872,1.023387,1.432693,1.718669,1.903653,2.021059,2.081705,2.117376,2.127491,2.121649,2.109115,2.090206,2.06518,2.035641,2.004419,1.968802,1.94158,1.903445,1.871894,1.834237,1.802124,1.762372,1.729104,1.689341,1.656024,1.618298,1.583749,1.545981,1.508694,1.474318,1.435957,1.398207,1.361231,1.324192,1.285737,1.248844,1.212155,1.173012,1.135673,1.100657,1.060145,1.025058,0.986864707,0.948468024,0.910561467,0.874390784,0.836775002,0.797984809,0.761982182,0.723994914,0.686315976,0.647856962,0.610258898,0.573704845,0.535913675,0.497588659,0.459697978,0.422158447,0.384990651,0.347369591,0.309914803,0.272045588,0.234669733,0.197052962,0.159479306,0.121786082,0.084031317,0.046467916,0.008859267,-0.028698673,-0.066305213,-0.104017117,-0.14160829,-0.179243979,-0.216917918,-0.254402348,-0.292092258,-0.329837037,-0.367473713,-0.405019276,-0.443329141,-0.442160875],"unit":"mW"},"J":{"value":[-0.18732553999999998,-0.20010761600000002,-0.192669362,-0.1817653,-0.16990553600000002,-0.157680499,-0.14508004600000002,-0.132464458,-0.11982327999999999,-0.107180074,-0.094815543,-0.08255851800000001,-0.070676286,-0.059097537000000006,-0.047883438,-0.037216079,-0.027183307,-0.01781071,-0.009395845,-0.001998316,0.004313379,0.009374937,0.013322418,0.01622713,0.018253064,0.019685136,0.020601518,0.02129727,0.021753979,0.022060428,0.022307272,0.022493264,0.022618870000000003,0.022698759,0.022763356999999998,0.022778648000000002,0.022893333,0.02288241,0.022950752999999997,0.022945603999999998,0.023011762,0.022980399,0.023034231,0.023001464,0.023058104,0.023054514999999998,0.02309524,0.023092275000000002,0.02309524,0.023143922,0.023130815,0.02312785,0.023137368,0.023146106,0.023131439,0.023143142000000002,0.023159837,0.023129411000000002,0.023134404,0.023187455,0.023125042000000002,0.023181682,0.023167795,0.023148291,0.023139553,0.023178716999999998,0.023178716999999998,0.023143142000000002,0.023193228,0.023181682,0.023179497,0.02315188,0.023151098999999998,0.023191824,0.023185271,0.023156248,0.023140177,0.023140957,0.023164986,0.02316561,0.023176533,0.023155468,0.023177313,0.023180902,0.023188078999999997,0.023175128,0.023144546,0.023169979,0.023177937,0.023126446000000002,0.023161242000000002,0.023186051,0.023176533,0.023179497,0.023182306,0.023167795,0.023175753,0.02318449,0.023183086,0.023177937,0.023214293,0.023153284],"unit":"A\/cm2"},"power_density":{"value":[-280.996483,-296.7711,-282.470388,-263.391853,-243.315004,-223.130456,-202.83031,-182.940748,-163.447562,-144.377526,-126.109818,-108.404961,-91.601471,-75.5885,-60.431974,-46.336463,-33.382188,-21.569776,-11.219222,-2.352164,5.003747,10.716099,15.00202,17.996529,19.933543,21.162921,21.797956,22.171481,22.27739,22.216218,22.084976,21.886976,21.624926,21.315615,20.988677,20.61573,20.330682,19.931361,19.600979,19.206666,18.870406,18.454153,18.105801,17.689432,17.340565,16.945533,16.583763,16.188279,15.797838,15.43788,15.036201,14.640914,14.253732,13.865886,13.463209,13.076903,12.692719,12.282845,11.891865,11.525204,11.100996,10.733595,10.333662,9.931602,9.534675,9.155924,8.762042,8.355862,7.978871,7.581099,7.186555,6.783843,6.390146,6.007381,5.611662,5.210352,4.813591,4.420507,4.031316,3.637378,3.245181,2.848645,2.457275,2.063382,1.66994,1.275247,0.879909076,0.486575041,0.092767197,-0.300509666,-0.69429542,-1.089184,-1.482809,-1.8769,-2.271392,-2.663899,-3.058558,-3.453791,-3.847892,-4.24104,-4.64219,-4.629957],"unit":"mW\/cm2"},"timestamps":{"value":[0.019,0.046,0.07,0.092,0.116,0.139,0.163,0.188,0.212,0.234,0.257,0.28,0.315,0.339,0.363,0.387,0.41,0.433,0.455,0.477,0.501,0.525,0.551,0.572,0.595,0.62,0.643,0.666,0.689,0.71,0.734,0.755,0.777,0.807,0.828,0.851,0.872,0.894,0.916,0.938,0.961,0.981,1.009,1.032,1.053,1.081,1.105,1.127,1.149,1.17,1.205,1.229,1.251,1.273,1.294,1.316,1.338,1.365,1.388,1.42,1.443,1.464,1.488,1.511,1.533,1.555,1.577,1.6,1.621,1.647,1.669,1.696,1.723,1.745,1.77,1.794,1.817,1.84,1.863,1.888,1.91,1.931,1.953,1.973,1.997,2.038,2.059,2.1,2.117,2.142,2.165,2.187,2.223,2.247,2.273,2.296,2.318,2.344,2.366,2.39,2.412,2.433],"unit":"s"},"p_max":{"unit":"mW","value":2.127491},"v_p_max":{"unit":"V","value":1.02406},"i_p_max":{"unit":"mA","value":2.077505},"j_p_max":{"unit":"mA\/cm2","value":21.753979},"voc":{"unit":"V","value":1.171684},"isc":{"unit":"mA","value":2.212335},"jsc":{"unit":"mA\/cm2","value":23.165812},"fill_factor":{"unit":"%","value":82.074109},"efficiency":{"unit":"%","value":22.27739},"r_s":{"unit":"ohms","value":18.483561},"r_sh":{"unit":"ohms","value":9558.287},"cell_dimension":{"value":0.09549999962631898,"unit":"cm2"},"sweep_direction":{"unit":"","value":"Reverse"},"key":"reverse19_3cell_231018"},{"V":{"value":[1.500053,1.483053,1.466092,1.449064,1.432067,1.415082,1.398057,1.381059,1.364073,1.347057,1.330056,1.313065,1.296071,1.279055,1.262062,1.245064,1.228041,1.211056,1.194063,1.177068,1.160053,1.143065,1.126076,1.109038,1.092053,1.07507,1.058078,1.041045,1.024063,1.007063,0.990031958,0.973048449,0.956058264,0.939074755,0.92203927,0.905034065,0.888060093,0.871038198,0.8540411,0.83705616,0.820031881,0.803040028,0.786037445,0.769056797,0.752037764,0.735039234,0.718044758,0.701027155,0.684032679,0.66703558,0.650052071,0.633042574,0.616048098,0.599056482,0.582027912,0.565023899,0.548032284,0.531040668,0.514032602,0.497048855,0.480042219,0.463023186,0.446039677,0.429045439,0.412049532,0.395027876,0.378042936,0.36104703,0.34401989,0.327025652,0.310039282,0.293012142,0.276017666,0.25903821,0.242041111,0.225008488,0.208002329,0.19101429,0.174033165,0.157019138,0.140017271,0.123026609,0.10602355,0.08901763,0.072022676,0.055022478,0.038026094,0.021002501,0.004002392,-0.012997568,-0.029976606,-0.046974421,-0.063974857,-0.080972433,-0.097976923,-0.114982843,-0.131976366,-0.148971319,-0.165975809,-0.182982922,-0.199951887,-0.199969769],"unit":"V"},"I":{"value":[-0.010319188,-0.010678753000000001,-0.010305524,-0.009748936,-0.009145245,-0.00850904,-0.007862493,-0.007206813,-0.006554157,-0.005899295000000001,-0.005251721,-0.004611774999999999,-0.003975913,-0.0033527459999999998,-0.002746969,-0.0021516229999999996,-0.0015781670000000001,-0.0010296259999999998,-0.0005059689280000001,-2.0667911e-5,0.000424355268,0.0008228272199999999,0.001164794,0.001444072,0.001662374,0.001828119,0.001946568,0.002026871,0.0020806939999999997,0.002118275,0.002141446,0.002163291,0.002174318,0.002184927,0.002194285,0.002198026,0.0021991429999999998,0.002205253,0.002203926,0.0022100360000000003,0.00221315,0.0022175159999999997,0.002217457,0.002216414,0.002219319,0.0022167560000000003,0.002221122,0.002223417,0.0022191109999999997,0.00222376,0.0022229999999999997,0.0022202280000000003,0.002224386,0.002225697,0.002225772,0.0022274400000000002,0.002222449,0.0022266810000000003,0.0022261890000000004,0.002222583,0.002224803,0.002227157,0.002220437,0.0022268889999999997,0.0022279170000000003,0.0022274400000000002,0.002221957,0.002229795,0.002224103,0.0022220309999999997,0.002222583,0.002225906,0.002225697,0.00222446,0.0022252200000000004,0.0022265320000000003,0.0022282,0.00222446,0.002229586,0.002226114,0.002227709,0.002223134,0.0022268889999999997,0.002230972,0.00222446,0.0022294520000000003,0.002225295,0.002224311,0.002226114,0.0022284839999999998,0.0022247279999999996,0.002228275,0.0022268889999999997,0.00222598,0.002233744,0.002229095,0.00222972,0.002228066,0.0022302119999999996,0.002227366,0.002227366,0.002227858],"unit":"A"},"resistance":{"value":[-145.365423,-138.878872,-142.262698,-148.638225,-156.591475,-166.303423,-177.813378,-191.632488,-208.12339,-228.342,-253.260946,-284.720137,-325.980684,-381.494602,-459.437796,-578.662844,-778.144105,-1176.211,-2359.954,-56951.452,2733.683,1389.192,966.760004,767.993891,656.924059,588.074175,543.560659,513.621985,492.173856,475.416834,462.319393,449.800077,439.704926,429.796765,420.20025,411.748649,403.820954,394.983405,387.508894,378.752287,370.526979,362.134892,354.477021,346.982527,338.859644,331.583233,323.280141,315.292679,308.246303,299.958455,292.421094,285.124989,276.952008,269.154549,261.494902,253.665095,246.589409,238.489835,230.902521,223.635708,215.768419,207.89873,200.879237,192.665828,184.948306,177.346098,170.139639,161.919393,154.678065,147.174184,139.495049,131.637269,124.014033,116.449917,108.771757,101.05785,93.349918,85.86995,78.056261,70.535076,62.852594,55.339268,47.61061,39.900827,32.377597,24.67982,17.088116,9.442249,1.797928,-5.832472,-13.474276,-21.08107,-28.728353,-36.37608,-43.862205,-51.582758,-59.189649,-66.861259,-74.421536,-82.152158,-89.770558,-89.75877],"unit":"ohms"},"conductance":{"value":[-0.006879215,-0.007200519,-0.007029249,-0.006727745,-0.006386044,-0.006013105,-0.005623874,-0.005218322,-0.004804842,-0.004379396,-0.003948497,-0.003512221,-0.003067666,-0.002621269,-0.002176573,-0.001728122,-0.001285109,-0.000850187881,-0.000423737063,-1.7558815e-5,0.000365806864,0.000719842761,0.001034383,0.001302094,0.001522246,0.001700466,0.001839721,0.001946957,0.002031802,0.002103417,0.002163007,0.00222321,0.002274252,0.002326681,0.002379818,0.002428666,0.002476345,0.002531752,0.002580586,0.002640248,0.002698859,0.002761402,0.002821057,0.00288199,0.002951074,0.003015834,0.003093292,0.003171656,0.003244159,0.003333795,0.003419726,0.003507234,0.003610734,0.003715338,0.003824166,0.003942206,0.004055324,0.004193051,0.004330832,0.004471558,0.004634599,0.004810034,0.004978115,0.005190334,0.005406916,0.005638692,0.005877525,0.006175912,0.006465041,0.00679467,0.007168713,0.007596633,0.008063604,0.008587383,0.009193563,0.009895322,0.010712382,0.011645517,0.012811272,0.014177344,0.015910242,0.018070351,0.021003722,0.025062137,0.030885554,0.040518934,0.058520202,0.105906968,0.556195923,-0.171453892,-0.074215488,-0.047435922,-0.034808818,-0.027490593,-0.022798671,-0.019386323,-0.016894846,-0.014956344,-0.013436971,-0.012172535,-0.01113951,-0.011140973],"unit":"S"},"power":{"value":[-15.479331,-15.837159,-15.108842,-14.126837,-13.096607,-12.040993,-10.99221,-9.953036,-8.94035,-7.946686,-6.985081,-6.055562,-5.153065,-4.288346,-3.466845,-2.67891,-1.938055,-1.246935,-0.604158992,-0.024327526,0.492274507,0.940545172,1.311647,1.60153,1.8154,1.965355,2.059621,2.110065,2.130762,2.133237,2.1201,2.104987,2.078775,2.05181,2.023217,1.989288,1.952971,1.920859,1.882244,1.849924,1.814854,1.780754,1.743004,1.704548,1.669012,1.629403,1.594865,1.558676,1.517944,1.483327,1.445066,1.405499,1.370329,1.333318,1.295461,1.258557,1.217974,1.182458,1.144334,1.104732,1.067999,1.031225,0.990402971,0.955436625,0.918012286,0.87990108,0.839995092,0.805060811,0.765135537,0.726661252,0.689087943,0.652217385,0.614331702,0.5762202,0.53859477,0.500988487,0.46347088,0.424903694,0.388021951,0.349542545,0.311917692,0.273504643,0.236102691,0.198595844,0.16021158,0.122669981,0.084619267,0.046716099,0.008909783,-0.028964866,-0.066689809,-0.104671924,-0.142464915,-0.18024303,-0.218855331,-0.256307624,-0.29427039,-0.33191798,-0.370161256,-0.407569933,-0.445366029,-0.44550419],"unit":"mW"},"J":{"value":[-0.108054327,-0.111819406,-0.10791124499999999,-0.102083096,-0.09576172699999999,-0.08909989400000001,-0.082329774,-0.075464005,-0.068629911,-0.061772725,-0.054991838,-0.048290841,-0.041632596,-0.035107292,-0.028764078000000002,-0.022530088,-0.01652531,-0.010781419,-0.0052981040000000005,-0.00021641791199999999,0.004443511,0.008615992000000001,0.012196795,0.015121168,0.017407053000000002,0.019142609,0.020382916,0.021223778,0.02178737,0.022180886,0.022423517,0.022652262,0.022767726,0.022878822,0.02297681,0.023015975,0.023027677,0.023091650999999998,0.023077763999999997,0.023141737,0.023174347999999997,0.023220065999999998,0.023219442,0.02320852,0.023238946,0.023212108000000002,0.023257826000000002,0.023281855,0.023236761999999998,0.023285444,0.023277486,0.023248464,0.023291997,0.023305727999999998,0.023306508,0.023323984,0.023271713,0.023316026,0.023310877,0.023273117,0.023296366,0.023321019,0.023250648000000002,0.023318211000000002,0.023328976999999997,0.023323984,0.023266564,0.023348637,0.023289033,0.023267344000000002,0.023273117,0.023307913,0.023305727999999998,0.023292777,0.023300735,0.023314466,0.023331942,0.023292777,0.023346453,0.023310097,0.023326793,0.02327889,0.023318211000000002,0.023360963999999998,0.023292777,0.023345049,0.023301515,0.023291217,0.023310097,0.023334906,0.023295586,0.023332722,0.023318211000000002,0.023308693000000002,0.023389986,0.023341304,0.023347857,0.023330537,0.023353006,0.023323204,0.023323204,0.023328353],"unit":"A\/cm2"},"power_density":{"value":[-162.087236,-165.834128,-158.207773,-147.92499,-137.137247,-126.083697,-115.101676,-104.220274,-93.616228,-83.211373,-73.142209,-63.409027,-53.958793,-44.904145,-36.302038,-28.051412,-20.293765,-13.056908,-6.326272,-0.254738494,5.154707,9.848641,13.734521,16.769952,19.009427,20.579638,21.566716,22.094918,22.311642,22.337558,22.199998,22.041748,21.767273,21.484924,21.185521,20.830241,20.449961,20.11371,19.709359,19.370934,19.003704,18.646642,18.251351,17.84867,17.476565,17.06181,16.70016,16.321213,15.894704,15.53222,15.131578,14.717268,14.348991,13.961448,13.565038,13.178608,12.75365,12.381758,11.982551,11.567876,11.183239,10.798173,10.370712,10.004572,9.612694,9.213624,8.79576,8.429956,8.01189,7.609018,7.215581,6.829501,6.432793,6.033719,5.639736,5.245953,4.853098,4.449253,4.063057,3.660131,3.266154,2.863923,2.472279,2.079538,1.677608,1.284502,0.886065621,0.489173816,0.093296153,-0.303297024,-0.698322612,-1.096041,-1.491779,-1.887362,-2.291679,-2.683849,-3.081365,-3.475581,-3.876034,-4.267748,-4.663519,-4.664965],"unit":"mW\/cm2"},"timestamps":{"value":[0.019,0.041,0.067,0.089,0.113,0.137,0.16,0.185,0.208,0.23,0.254,0.277,0.3,0.321,0.344,0.366,0.39,0.41,0.431,0.454,0.478,0.5,0.531,0.554,0.576,0.598,0.624,0.646,0.669,0.691,0.72,0.748,0.77,0.791,0.814,0.838,0.86,0.887,0.911,0.935,0.959,0.981,1.002,1.024,1.045,1.067,1.09,1.113,1.134,1.155,1.177,1.2,1.221,1.249,1.272,1.295,1.318,1.339,1.363,1.385,1.408,1.429,1.45,1.474,1.497,1.52,1.544,1.58,1.603,1.625,1.649,1.672,1.694,1.717,1.741,1.761,1.785,1.809,1.832,1.855,1.878,1.901,1.923,1.946,1.967,1.988,2.017,2.043,2.065,2.087,2.11,2.131,2.152,2.176,2.197,2.22,2.241,2.261,2.283,2.304,2.332,2.353],"unit":"s"},"p_max":{"unit":"mW","value":2.133237},"v_p_max":{"unit":"V","value":1.007063},"i_p_max":{"unit":"mA","value":2.118275},"j_p_max":{"unit":"mA\/cm2","value":22.180886},"voc":{"unit":"V","value":1.176277},"isc":{"unit":"mA","value":2.226672},"jsc":{"unit":"mA\/cm2","value":23.315938},"fill_factor":{"unit":"%","value":81.446622},"efficiency":{"unit":"%","value":22.337558},"r_s":{"unit":"ohms","value":32.203654},"r_sh":{"unit":"ohms","value":11690.04},"cell_dimension":{"value":0.095499997885323,"unit":"cm2"},"sweep_direction":{"unit":"","value":"Reverse"},"key":"reverse19_2cell_231018"},{"V":{"value":[1.500041,1.483056,1.466089,1.449066,1.432062,1.41508,1.398059,1.381062,1.364068,1.347053,1.330053,1.313067,1.29607,1.279053,1.262066,1.245047,1.22804,1.211058,1.194065,1.177068,1.160054,1.143065,1.126076,1.109038,1.09206,1.07507,1.058077,1.041045,1.02406,1.007065,0.990034819,0.973044395,0.956060886,0.939067841,0.92203927,0.905043602,0.888060093,0.871039629,0.85404253,0.837064505,0.820030451,0.803041458,0.786040306,0.769055367,0.752037764,0.73503232,0.718046188,0.701028585,0.684030056,0.66703701,0.650054693,0.633041143,0.616052151,0.599057913,0.582029343,0.56504178,0.54805398,0.531043291,0.514032602,0.497048855,0.480046272,0.463021994,0.446039677,0.429045439,0.412045479,0.395023823,0.378042936,0.361045837,0.344026804,0.327028275,0.310039282,0.293021679,0.276019096,0.259032726,0.242042542,0.225007057,0.20801878,0.191026688,0.174015284,0.157042265,0.140018702,0.123032093,0.10602355,0.089016199,0.072017193,0.055026531,0.03801918,0.021001786,0.004000843,-0.012999535,-0.029979467,-0.046974421,-0.063974857,-0.080973864,-0.097979546,-0.11497879,-0.131969452,-0.148969889,-0.165979862,-0.182978868,-0.199968338,-0.199969769],"unit":"V"},"I":{"value":[-0.013643697,-0.015616685,-0.015380620999999999,-0.014677763,-0.013814375,-0.012872472,-0.011902422,-0.010898322,-0.009899630999999999,-0.008884280999999999,-0.007904947,-0.006906733,-0.005921841,-0.00496684,-0.004052952,-0.003157318,-0.00230661,-0.001513749,-0.000782877207,-0.000130444765,0.00042684376200000004,0.000893712044,0.001260146,0.001534566,0.001735061,0.001874939,0.001976594,0.002039507,0.002092212,0.0021235499999999997,0.002147123,0.0021666880000000004,0.0021758380000000003,0.00218381,0.002194077,0.0021961629999999997,0.002202615,0.0022078159999999996,0.002209827,0.002214327,0.002214119,0.00221926,0.002219185,0.00221613,0.002222657,0.002218559,0.002219394,0.0022232090000000003,0.002222925,0.0022290350000000003,0.002223283,0.002226606,0.00222446,0.002224311,0.002224877,0.002227709,0.002226114,0.002229586,0.002230972,0.00222674,0.002229586,0.002227098,0.002230003,0.002227291,0.002228409,0.002230003,0.0022313149999999998,0.0022304210000000002,0.002230763,0.00223361,0.002229244,0.002229095,0.0022295120000000003,0.0022318069999999997,0.002231047,0.002230287,0.002230138,0.002230078,0.0022290350000000003,0.0022304210000000002,0.00223209,0.002228692,0.002232701,0.0022313149999999998,0.0022338930000000003,0.002234861,0.0022341609999999997,0.002236307,0.0022325659999999996,0.0022318069999999997,0.002230555,0.0022307039999999996,0.002229169,0.0022298689999999998,0.002231732,0.002232641,0.002226606,0.002228126,0.0022318069999999997,0.002233267,0.0022307039999999996,0.002230287],"unit":"A"},"resistance":{"value":[-109.943882,-94.966125,-95.320519,-98.725257,-103.66462,-109.930676,-117.460077,-126.72247,-137.789759,-151.622042,-168.255763,-190.114014,-218.86263,-257.518497,-311.394181,-394.336826,-532.400274,-800.038588,-1525.226,-9023.494,2717.749,1279.008,893.607388,722.704602,629.407169,573.389263,535.302872,510.439734,489.462957,474.236434,461.098278,449.0929,439.398978,430.013551,420.240203,412.102211,403.184413,394.525526,386.474784,378.022005,370.364245,361.851046,354.202206,347.02621,338.350764,331.310636,323.532567,315.322909,307.716151,299.249245,292.385035,284.307659,276.944554,269.322883,261.600627,253.64258,246.193103,238.180197,230.407459,223.21817,215.307335,207.903759,200.01748,192.631025,184.905675,177.140452,169.426089,161.873424,154.219313,146.412462,139.078248,131.453233,123.802486,116.06415,108.488342,100.88706,93.276209,85.659196,78.067546,70.409257,62.729874,55.203717,47.486685,39.894057,32.23843,24.6219,17.017208,9.391282,1.792037,-5.824669,-13.440363,-21.058116,-28.698971,-36.313277,-43.902917,-51.499006,-59.269332,-66.858828,-74.370184,-81.933276,-89.643607,-89.661019],"unit":"ohms"},"conductance":{"value":[-0.009095549,-0.010530071,-0.010490921,-0.01012912,-0.009646493,-0.009096642,-0.008513531,-0.00789126,-0.007257433,-0.006595347,-0.005943333,-0.005260001,-0.004569076,-0.003883216,-0.003211364,-0.002535903,-0.001878286,-0.00124994,-0.00065564044,-0.00011082182,0.000367951566,0.000781855692,0.00111906,0.001383691,0.001588797,0.001744016,0.001868101,0.001959095,0.002043056,0.002108653,0.002168735,0.002226711,0.002275836,0.002325508,0.002379591,0.002426582,0.002480255,0.00253469,0.002587491,0.002645349,0.002700045,0.002763568,0.002823246,0.002881627,0.002955513,0.003018315,0.003090879,0.003171352,0.003249748,0.003341696,0.003420148,0.003517316,0.003610831,0.003713015,0.003822621,0.003942556,0.004061852,0.004198502,0.004340137,0.004479922,0.004644524,0.004809918,0.004999563,0.005191272,0.005408163,0.005645238,0.005902279,0.006177666,0.006484272,0.00683002,0.007190197,0.007607268,0.008077382,0.008615925,0.00921758,0.009912074,0.010720847,0.01167417,0.01280942,0.014202678,0.015941368,0.018114722,0.021058535,0.02506639,0.03101888,0.040614249,0.058764047,0.106481738,0.558024075,-0.171683571,-0.07440275,-0.047487628,-0.034844455,-0.027538137,-0.02277753,-0.019417851,-0.016872132,-0.014956888,-0.013446249,-0.012205053,-0.011155285,-0.011153119],"unit":"S"},"power":{"value":[-20.466105,-23.16042,-22.549356,-21.269046,-19.78304,-18.215573,-16.640292,-15.051261,-13.503768,-11.967596,-10.513997,-9.069001,-7.675118,-6.352853,-5.115091,-3.931008,-2.83261,-1.833238,-0.934806159,-0.153542296,0.495161902,1.021571,1.419021,1.701892,1.894791,2.01569,2.091388,2.123219,2.142552,2.138552,2.125727,2.108284,2.080233,2.050746,2.023025,1.987623,1.956055,1.923095,1.887287,1.853535,1.815645,1.782158,1.744369,1.704327,1.671522,1.630713,1.593627,1.558533,1.520548,1.486849,1.445256,1.409533,1.370384,1.332491,1.294944,1.258748,1.220031,1.184007,1.146792,1.106799,1.070305,1.031195,0.994670029,0.955609244,0.918205875,0.880904498,0.843532791,0.805284113,0.767442415,0.730453479,0.691153059,0.653173014,0.615387815,0.578110927,0.540008179,0.501830224,0.463910499,0.42600441,0.38788614,0.35027032,0.312534293,0.274200663,0.236718842,0.198623161,0.16087868,0.122976663,0.084940966,0.046966434,0.008932147,-0.029012446,-0.066870845,-0.10478602,-0.142610769,-0.180561138,-0.218664088,-0.256706359,-0.293843975,-0.331923672,-0.370434938,-0.408640638,-0.446070138,-0.445989895],"unit":"mW"},"J":{"value":[-0.142865936,-0.163525499,-0.16105362299999998,-0.153693853,-0.14465313900000001,-0.134790287,-0.124632688,-0.114118554,-0.103661059,-0.09302912,-0.08277431199999999,-0.072321811,-0.062008803,-0.052008797,-0.042439287,-0.033060918,-0.024152988,-0.015850779,-0.008197666999999999,-0.001365914,0.004469568,0.009358241,0.013195251000000002,0.016068757000000003,0.018168182,0.019632865,0.020697323,0.021356095,0.021907984,0.022236121,0.022482966,0.022687837,0.022783641,0.022867118999999998,0.022974626,0.022996471,0.023064032999999998,0.023118488,0.023139553,0.023186675,0.02318449,0.023238322,0.023237542,0.023205555,0.023273897,0.023230988,0.023239726000000002,0.023279671000000002,0.023276706,0.02334068,0.023280451,0.023315245999999998,0.023292777,0.023291217,0.023297146,0.023326793,0.023310097,0.023346453,0.023360963999999998,0.023316649999999998,0.023346453,0.023320395,0.023350822,0.023322424,0.023334126,0.023350822,0.023364553,0.023355191,0.023358779,0.023388581999999998,0.023342863999999998,0.023341304,0.023345673,0.023369702,0.023361744,0.023353785999999998,0.023352226,0.023351602,0.02334068,0.023355191,0.023372666,0.023337091,0.023379063999999998,0.023364553,0.023391546000000003,0.023401689,0.023394355000000002,0.023416824,0.023377659000000002,0.023369702,0.023356594999999997,0.023358155,0.023342084,0.023349416999999997,0.023368922,0.02337844,0.023315245999999998,0.023331162,0.023369702,0.023384993,0.023358155,0.023353785999999998],"unit":"A\/cm2"},"power_density":{"value":[-214.304763,-242.517484,-236.118908,-222.712525,-207.152251,-190.738985,-174.243897,-157.604829,-141.400712,-125.315137,-110.09421,-94.963363,-80.367726,-66.522019,-53.561167,-41.162384,-29.660835,-19.196211,-9.788546,-1.607773,5.184941,10.69708,14.858859,17.820864,19.840747,21.106698,21.899353,22.232665,22.4351,22.39321,22.258919,22.076273,21.782548,21.473776,21.183507,20.812809,20.482247,20.13712,19.762162,19.408743,19.011988,18.661336,18.265644,17.846357,17.50285,17.075527,16.687197,16.319715,15.921967,15.569097,15.133566,14.75951,14.349566,13.952788,13.559623,13.180612,12.775191,12.397977,12.008297,11.589514,11.207378,10.797856,10.415393,10.00638,9.614721,9.224131,8.832804,8.432294,8.036046,7.648728,7.237205,6.839508,6.443851,6.053518,5.654536,5.254767,4.857702,4.460779,4.061635,3.667752,3.27261,2.871211,2.478731,2.079824,1.684594,1.287714,0.8894342,0.491795121,0.093530335,-0.303795247,-0.700218277,-1.097236,-1.493306,-1.890693,-2.289676,-2.688025,-3.0769,-3.475641,-3.8789,-4.27896,-4.670891,-4.670051],"unit":"mW\/cm2"},"timestamps":{"value":[0.019,0.045,0.068,0.09,0.112,0.134,0.158,0.18,0.204,0.242,0.269,0.29,0.312,0.334,0.357,0.378,0.4,0.421,0.442,0.466,0.489,0.513,0.535,0.558,0.581,0.604,0.627,0.648,0.668,0.691,0.713,0.736,0.757,0.78,0.801,0.822,0.844,0.87,0.896,0.917,0.94,0.961,0.984,1.005,1.027,1.055,1.08,1.116,1.14,1.167,1.19,1.211,1.232,1.253,1.307,1.366,1.39,1.411,1.434,1.455,1.478,1.503,1.526,1.548,1.57,1.595,1.618,1.64,1.662,1.685,1.708,1.73,1.753,1.777,1.8,1.822,1.848,1.871,1.897,1.92,1.943,1.963,1.986,2.009,2.034,2.073,2.095,2.134,2.157,2.179,2.204,2.227,2.25,2.272,2.3,2.323,2.347,2.371,2.393,2.417,2.438,2.459],"unit":"s"},"p_max":{"unit":"mW","value":2.142552},"v_p_max":{"unit":"V","value":1.02406},"i_p_max":{"unit":"mA","value":2.092212},"j_p_max":{"unit":"mA\/cm2","value":21.907984},"voc":{"unit":"V","value":1.173085},"isc":{"unit":"mA","value":2.232388},"jsc":{"unit":"mA\/cm2","value":23.375787},"fill_factor":{"unit":"%","value":81.814866},"efficiency":{"unit":"%","value":22.4351},"r_s":{"unit":"ohms","value":21.946642},"r_sh":{"unit":"ohms","value":9398.445},"cell_dimension":{"value":0.09550000078395174,"unit":"cm2"},"sweep_direction":{"unit":"","value":"Reverse"},"key":"reverse19_1cell_231018"},{"V":{"value":[-0.199964285,-0.182980299,-0.165975809,-0.148971319,-0.131970882,-0.11497879,-0.097978354,-0.080972433,-0.063976049,-0.046970367,-0.029978037,-0.012997717,0.004009992,0.020999104,0.038024664,0.055025101,0.072016001,0.08901906,0.106016636,0.123023748,0.140017271,0.157019138,0.174027681,0.191025257,0.208014727,0.225008488,0.242038488,0.259032726,0.276016235,0.293014765,0.310033798,0.327035189,0.34402132,0.361045837,0.378037453,0.395025015,0.412046909,0.429045439,0.446037054,0.463027477,0.480046272,0.497050285,0.514035225,0.531050205,0.548051357,0.56504035,0.582027912,0.599059105,0.616048098,0.633042574,0.650053501,0.667039633,0.684030056,0.701028585,0.718048811,0.73504734,0.752039194,0.769049883,0.786042929,0.803041458,0.820031881,0.83705616,0.85404253,0.871039629,0.888057232,0.905040741,0.922043324,0.939065218,0.956059456,0.973045826,0.990033388,1.007062,1.024062,1.041041,1.058079,1.07506,1.092051,1.109041,1.126077,1.143062,1.160059,1.177072,1.194066,1.211058,1.22804,1.245066,1.262063,1.279049,1.296071,1.313065,1.33006,1.347051,1.364073,1.381059,1.398061,1.415084,1.43206,1.449063,1.466092,1.483062,1.500056,1.50006],"unit":"V"},"I":{"value":[0.0020642580000000002,0.002215788,0.0022128670000000003,0.0022156539999999996,0.002210662,0.002213076,0.0022128079999999997,0.002213776,0.002213016,0.0022140590000000004,0.002215505,0.002213702,0.002211899,0.002212524,0.002213493,0.002211899,0.002210855,0.002211213,0.002214327,0.0022140590000000004,0.002209261,0.002211422,0.002209127,0.002212659,0.002211422,0.002209261,0.002212524,0.002212524,0.00221163,0.002210096,0.00220941,0.002209336,0.002209127,0.00220941,0.002210379,0.002210796,0.002208501,0.0022084410000000002,0.002204418,0.002206013,0.002208233,0.002212182,0.0022098870000000002,0.002207458,0.0022089180000000003,0.0022068469999999996,0.0022063549999999997,0.002202958,0.0022040609999999998,0.0022026750000000003,0.002202049,0.002204761,0.002205729,0.002200454,0.002198175,0.002200037,0.0021946279999999997,0.002195328,0.002190813,0.002194703,0.002191797,0.002189159,0.0021888169999999996,0.00218825,0.0021811129999999997,0.002178401,0.002173766,0.002167523,0.0021597450000000002,0.0021504609999999998,0.0021406109999999997,0.0021202860000000003,0.0021012870000000003,0.002068415,0.00201869,0.0019393560000000002,0.0018254220000000002,0.001651138,0.001399681,0.0010501590000000002,0.000602513552,4.7922134e-5,-0.000600770116,-0.00133045,-0.002136916,-0.002994478,-0.003907457,-0.004851997,-0.005836189,-0.006850913,-0.007879212,-0.008937478,-0.010010241999999999,-0.011095762,-0.012202352,-0.013314575,-0.014440253,-0.015581101,-0.016726956,-0.017868444,-0.019032121,-0.019039466999999997],"unit":"A"},"resistance":{"value":[-96.869819,-82.580246,-75.004869,-67.235833,-59.697455,-51.954295,-44.277847,-36.576613,-28.908984,-21.214594,-13.53102,-5.871485,1.812919,9.491016,17.178579,24.876864,32.573816,40.258019,47.877578,55.564795,63.377422,71.003706,78.776678,86.332914,94.063798,101.847849,109.39472,117.075647,124.802156,132.580136,140.324244,148.024227,155.727275,163.412778,171.028368,178.680003,186.573106,194.275212,202.337768,209.893396,217.389333,224.687822,232.607027,240.570919,248.108474,256.039649,263.796091,271.933982,279.505977,287.397209,295.203936,302.54511,310.115116,318.583544,326.65686,334.106772,342.672723,350.311988,358.790448,365.899894,374.136802,382.364191,390.184588,398.052992,407.157872,415.461085,424.168523,433.243503,442.672481,452.482417,462.500285,474.965099,487.3498,503.303734,524.14149,554.33863,598.245514,671.682616,804.524342,1088.466,1925.367,24562.174,-1987.559,-910.261746,-574.678661,-415.787257,-322.988334,-263.612938,-222.074861,-191.662813,-168.80618,-150.719406,-136.267756,-124.467286,-114.573057,-106.280816,-99.171423,-93.001326,-87.648443,-82.998918,-78.817072,-78.786874],"unit":"ohms"},"conductance":{"value":[-0.010323133,-0.012109434,-0.013332468,-0.014873022,-0.016751133,-0.019247687,-0.022584657,-0.027339874,-0.034591322,-0.047137362,-0.07390426,-0.170314653,0.551596769,0.105362802,0.058212033,0.040197992,0.030699504,0.024839771,0.020886604,0.017997007,0.01577849,0.014083772,0.012694112,0.011583068,0.010631083,0.009818568,0.009141209,0.008541486,0.008012682,0.007542608,0.007126352,0.006755651,0.006421483,0.006119472,0.005846983,0.005596597,0.005359829,0.005147337,0.004942231,0.004764323,0.004600042,0.004450619,0.004299096,0.004156778,0.004030495,0.003905645,0.003790807,0.003677363,0.003577741,0.003479505,0.003387489,0.003305292,0.003224609,0.003138894,0.003061316,0.002993055,0.002918236,0.002854598,0.002787142,0.002732988,0.002672819,0.002615308,0.00256289,0.002512228,0.00245605,0.002406964,0.002357554,0.002308171,0.002259006,0.002210031,0.002162161,0.002105418,0.002051914,0.001986872,0.001907882,0.001803951,0.001671555,0.001488798,0.00124297,0.000918724453,0.000519381615,4.0713008e-5,-0.00050312972,-0.001098585,-0.001740103,-0.002405076,-0.003096087,-0.003793441,-0.004502986,-0.005217496,-0.005923954,-0.006634846,-0.007338493,-0.00803424,-0.008728056,-0.009409036,-0.01008355,-0.010752535,-0.011409216,-0.01204835,-0.012687607,-0.01269247],"unit":"S"},"power":{"value":[-0.412777847,-0.405445508,-0.367282414,-0.330068848,-0.291742984,-0.254456773,-0.216807239,-0.179254838,-0.141580031,-0.103995176,-0.06641648,-0.028773066,0.008869695,0.04646103,0.084167327,0.121709941,0.15921697,0.196840113,0.234755547,0.272381866,0.309334705,0.347235534,0.384449241,0.422673664,0.460008286,0.49710249,0.535516065,0.573116231,0.610445882,0.64759062,0.684991796,0.722530474,0.75998677,0.797698309,0.835605913,0.873319675,0.910006053,0.947521751,0.983252192,1.021444,1.060054,1.099566,1.13596,1.172271,1.210601,1.246958,1.28416,1.319702,1.357807,1.394387,1.43145,1.470663,1.508785,1.542581,1.578397,1.617132,1.650446,1.688317,1.722073,1.762437,1.797343,1.832449,1.869343,1.906053,1.936953,1.971541,2.004307,2.035445,2.064844,2.092497,2.119277,2.13526,2.151848,2.153305,2.135934,2.084925,1.993453,1.831179,1.576149,1.200398,0.698951541,0.056407793,-0.717359198,-1.611252,-2.624218,-3.728322,-4.931457,-6.205943,-7.564114,-8.995696,-10.479824,-12.039242,-13.654704,-15.323907,-17.05963,-18.84124,-20.679316,-22.577998,-24.52325,-26.500003,-28.549247,-28.560344],"unit":"mW"},"J":{"value":[0.021615265999999998,0.023201965999999997,0.023171384,0.023200562,0.023148291,0.023173568,0.023170760000000002,0.023180902,0.023172944,0.023183865999999997,0.023199002,0.023180122,0.023161242000000002,0.023167795,0.023177937,0.023161242000000002,0.023150319,0.023154064000000002,0.023186675,0.023183865999999997,0.023133624000000002,0.023156248,0.023132219,0.023169198999999998,0.023156248,0.023133624000000002,0.023167795,0.023167795,0.023158433,0.023142362,0.023135184,0.023134404,0.023132219,0.023135184,0.023145326,0.023149695,0.023125666,0.023125042000000002,0.023082913,0.023099608,0.023122857,0.023164206,0.023140177,0.023114744000000003,0.023130035,0.023108346000000002,0.023103197000000002,0.023067622,0.023079168,0.023064657,0.023058104,0.023086502,0.023096644000000003,0.023041408,0.023017535,0.023037039,0.022980399,0.022987733,0.022940455,0.022981179,0.022950752999999997,0.022923134999999997,0.022919546,0.022913616999999997,0.022838877,0.022810479,0.022761952999999998,0.022696575,0.022615126,0.022517917000000002,0.022414779,0.02220195,0.022003008,0.021658799,0.021138116,0.020307396000000002,0.019114367,0.017289404,0.014656345,0.010996433,0.006309042,0.000501802454,-0.006290787,-0.013931414999999999,-0.022376083,-0.031355788,-0.04091578,-0.05080625,-0.061111925,-0.07173731100000001,-0.082504843,-0.093586158,-0.10481929300000001,-0.116185992,-0.127773322,-0.13941963300000002,-0.151206842,-0.16315289200000002,-0.175151369,-0.187104129,-0.199289222,-0.199366146],"unit":"A\/cm2"},"power_density":{"value":[-4.322281,-4.245503,-3.845889,-3.456218,-3.0549,-2.664469,-2.270233,-1.877014,-1.482513,-1.088955,-0.695460524,-0.301288652,0.092876391,0.48650293,0.881333267,1.27445,1.667193,2.061153,2.458173,2.852166,3.239107,3.635974,4.025647,4.425902,4.816841,5.205262,5.607498,6.001217,6.392103,6.781054,7.172689,7.565764,7.957977,8.352862,8.7498,9.144709,9.528859,9.921694,10.295834,10.695753,11.100041,11.513775,11.894866,12.275089,12.676447,13.057148,13.446706,13.818869,14.217878,14.60091,14.989001,15.399612,15.798799,16.152686,16.527714,16.933314,17.282161,17.678713,18.032182,18.45484,18.820349,19.187951,19.574267,19.958668,20.28223,20.644413,20.987507,21.313564,21.621405,21.910965,22.19138,22.358739,22.532442,22.5477,22.365802,21.831672,20.873855,19.174653,16.504179,12.569608,7.318864,0.590657523,-7.511615,-16.871751,-27.478724,-39.040016,-51.638293,-64.983692,-79.205382,-94.195773,-109.736372,-126.065363,-142.981196,-160.459758,-178.634873,-197.290476,-216.537342,-236.418829,-256.787957,-277.48694,-298.944999,-299.061198],"unit":"mW\/cm2"},"timestamps":{"value":[0.019,0.044,0.068,0.093,0.119,0.145,0.167,0.188,0.211,0.235,0.258,0.282,0.304,0.326,0.349,0.371,0.394,0.416,0.439,0.463,0.486,0.51,0.549,0.574,0.595,0.62,0.644,0.666,0.695,0.716,0.74,0.765,0.788,0.811,0.833,0.855,0.88,0.904,0.928,0.952,0.976,0.997,1.021,1.042,1.064,1.087,1.113,1.133,1.155,1.178,1.2,1.224,1.247,1.27,1.293,1.314,1.336,1.358,1.385,1.408,1.445,1.469,1.491,1.515,1.537,1.559,1.581,1.603,1.626,1.649,1.672,1.694,1.716,1.739,1.759,1.787,1.809,1.831,1.854,1.877,1.9,1.922,1.946,1.968,1.993,2.018,2.043,2.082,2.104,2.127,2.152,2.173,2.197,2.22,2.243,2.265,2.287,2.321,2.345,2.368,2.391,2.413],"unit":"s"},"p_max":{"unit":"mW","value":2.153305},"v_p_max":{"unit":"V","value":1.041041},"i_p_max":{"unit":"mA","value":2.068415},"j_p_max":{"unit":"mA\/cm2","value":21.658799},"voc":{"unit":"V","value":1.178327},"isc":{"unit":"mA","value":2.212324},"jsc":{"unit":"mA\/cm2","value":23.165693},"fill_factor":{"unit":"%","value":82.60209},"efficiency":{"unit":"%","value":22.5477},"r_s":{"unit":"ohms","value":19.386104},"r_sh":{"unit":"ohms","value":6068.116},"cell_dimension":{"value":0.09550000448756914,"unit":"cm2"},"sweep_direction":{"unit":"","value":"Forward"},"key":"forward19_4cell_231018"},{"V":{"value":[-0.199958801,-0.182976246,-0.165975809,-0.14897275,-0.131970882,-0.114979982,-0.097982407,-0.080971003,-0.063973427,-0.046977043,-0.029983521,-0.012992769,0.004003227,0.021002918,0.038024664,0.05502367,0.07201314,0.088993073,0.106019259,0.123027802,0.140014648,0.157015085,0.174022198,0.191026688,0.208014727,0.22501111,0.242037058,0.259027481,0.276019096,0.293012142,0.310037851,0.327026844,0.34401989,0.361042976,0.378037453,0.395026445,0.412044048,0.429044008,0.446054697,0.463017702,0.480042219,0.497047663,0.514033794,0.531054258,0.548051357,0.56504035,0.582031965,0.59905386,0.616045475,0.633044004,0.65005064,0.66703558,0.684031248,0.701027155,0.718042135,0.735037804,0.752040386,0.769057989,0.786037445,0.803035974,0.820030451,0.837053537,0.854039669,0.871037006,0.888058662,0.905046225,0.92203927,0.939067841,0.956059456,0.973044395,0.990031958,1.007066,1.024059,1.041043,1.058073,1.075071,1.092052,1.109038,1.126076,1.143062,1.160054,1.177073,1.194082,1.211056,1.228041,1.245063,1.262064,1.279051,1.296072,1.313065,1.330053,1.347057,1.36407,1.381057,1.398055,1.415081,1.432063,1.449062,1.466094,1.483055,1.500057,1.500057],"unit":"V"},"I":{"value":[0.001577497,0.002217591,0.002213284,0.0022150280000000004,0.002214327,0.002218425,0.0022128670000000003,0.002213985,0.00221689,0.00221315,0.002213642,0.002211213,0.002212107,0.00221613,0.002217934,0.002214462,0.0022172480000000002,0.002216622,0.002215788,0.0022128079999999997,0.00221613,0.0022144020000000003,0.002214268,0.002216473,0.0022134330000000003,0.002214327,0.002216205,0.002216265,0.002216414,0.002214327,0.002218768,0.0022173820000000004,0.002212659,0.002212599,0.002211347,0.0022153710000000003,0.002219185,0.002216265,0.002215996,0.002212107,0.00221391,0.002213851,0.0022123159999999998,0.0022128670000000003,0.002212465,0.002207398,0.002209619,0.002211139,0.002209619,0.002208084,0.00221169,0.0022105130000000003,0.002207458,0.00220947,0.002208233,0.0022033010000000004,0.002202407,0.002203852,0.0021985169999999997,0.002199769,0.002200037,0.0021954030000000003,0.0021929,0.002193943,0.002190962,0.002185687,0.00218083,0.002177984,0.002174318,0.0021646770000000003,0.002157331,0.002143323,0.0021241750000000003,0.002091303,0.002048656,0.001982152,0.001874655,0.001716048,0.0014715190000000001,0.001128241,0.000663116574,6.9484115e-5,-0.00063405931,-0.0014481399999999999,-0.0023495409999999997,-0.0033351929999999998,-0.004378691,-0.0054651050000000005,-0.006603329999999999,-0.007779002,-0.008977145,-0.010210514,-0.011459693,-0.012728095,-0.014021173,-0.015319318,-0.016634375,-0.017968088,-0.019304587999999998,-0.020658627,-0.022013918,-0.022021815],"unit":"A"},"resistance":{"value":[-126.757047,-82.511275,-74.990729,-67.255476,-59.59863,-51.829549,-44.278486,-36.572521,-28.857279,-21.226323,-13.544882,-5.875856,1.809689,9.477293,17.144185,24.847426,32.478612,40.148056,47.847208,55.598058,63.179785,70.906316,78.591304,86.184974,93.978309,101.616005,109.212396,116.875702,124.53411,132.32557,139.734236,147.4833,155.478076,163.175971,170.953457,178.311681,185.673572,193.588801,201.288549,209.3107,216.83003,224.517255,232.351003,239.984701,247.710768,255.975698,263.408329,270.925512,278.801713,286.693822,293.915809,301.756042,309.872823,317.282994,325.165947,333.607591,341.463021,348.960824,357.530704,365.054679,372.734804,381.275577,389.456806,397.019038,405.32811,414.078525,422.792891,431.163887,439.705474,449.510247,458.91529,469.861898,482.097214,497.796031,516.471476,542.375583,582.534633,646.274709,765.247246,1013.136,1749.397,16940.174,-1883.235,-836.284371,-522.672992,-373.310672,-288.228634,-234.039519,-196.275541,-168.796108,-148.159895,-131.928408,-119.032018,-108.504594,-99.710296,-92.372328,-86.090587,-80.646399,-75.945377,-71.788635,-68.141312,-68.116874],"unit":"ohms"},"conductance":{"value":[-0.007889108,-0.012119556,-0.013334982,-0.014868678,-0.016778909,-0.019294013,-0.022584331,-0.027342933,-0.034653302,-0.047111315,-0.073828622,-0.170187974,0.552581034,0.10551536,0.058328814,0.040245617,0.030789493,0.024907807,0.020899861,0.01798624,0.015827847,0.014103116,0.012724054,0.011602951,0.010640753,0.009840969,0.00915647,0.008556098,0.008029929,0.007557118,0.007156442,0.006780429,0.006431775,0.006128353,0.005849545,0.005608158,0.005385796,0.005165588,0.004967992,0.004777587,0.004611907,0.004454001,0.004303833,0.004166932,0.004036966,0.003906621,0.003796387,0.003691051,0.003586779,0.003488042,0.003402335,0.003313935,0.00322713,0.00315176,0.003075353,0.002997534,0.002928575,0.002865651,0.002796963,0.002739316,0.002682873,0.002622775,0.002567679,0.002518771,0.002467137,0.002415001,0.002365224,0.002319304,0.00227425,0.002224643,0.002179051,0.002128285,0.00207427,0.002008855,0.001936215,0.001843741,0.001716636,0.00154733,0.001306767,0.000987034011,0.000571625507,5.903127e-5,-0.000531001259,-0.001195766,-0.001913242,-0.002678734,-0.003469468,-0.004272783,-0.005094878,-0.005924307,-0.006749465,-0.007579869,-0.008401101,-0.0092162,-0.010029055,-0.010825753,-0.011615672,-0.01239981,-0.013167358,-0.013929782,-0.014675385,-0.01468065],"unit":"S"},"power":{"value":[-0.315434315,-0.405766441,-0.367351665,-0.329978783,-0.292226748,-0.255074499,-0.216822048,-0.179268563,-0.141822079,-0.103967255,-0.06637278,-0.028729782,0.008855567,0.046545208,0.084336177,0.121847803,0.159670996,0.197264023,0.234916176,0.272236846,0.310290732,0.347694513,0.385331758,0.423405538,0.46042674,0.498248279,0.536403738,0.574073438,0.611772484,0.648824831,0.687902064,0.7251435,0.761198542,0.7988433,0.835972071,0.875129948,0.914402067,0.95087505,0.988455596,1.024245,1.06277,1.100389,1.137205,1.175153,1.212544,1.247269,1.286069,1.324591,1.361226,1.397814,1.43771,1.474491,1.50997,1.548898,1.585604,1.619509,1.656299,1.69489,1.728117,1.766494,1.804098,1.83767,1.872823,1.911005,1.945703,1.978148,2.010811,2.045274,2.078777,2.106327,2.135826,2.158468,2.175281,2.177136,2.167627,2.130955,2.047221,1.903162,1.657043,1.28965,0.769251172,0.081787875,-0.757119125,-1.753779,-2.885333,-4.152525,-5.52619,-6.990146,-8.558393,-10.214338,-11.940077,-13.754143,-15.631829,-17.578222,-19.602376,-21.678076,-23.821474,-26.036867,-28.302346,-30.637873,-33.022136,-33.033983],"unit":"mW"},"J":{"value":[0.016518288,0.023220846000000003,0.023175753,0.023194008,0.023186675,0.023229583999999998,0.023171384,0.023183086,0.023213512999999998,0.023174347999999997,0.023179497,0.023154064000000002,0.023163426,0.023205555,0.023224434999999998,0.023188078999999997,0.023217257,0.023210704,0.023201965999999997,0.023170760000000002,0.023205555,0.023187455,0.023186051,0.023209143999999998,0.023177313,0.023186675,0.023206334999999998,0.023206959000000003,0.02320852,0.023186675,0.023233173,0.023218661999999998,0.023169198999999998,0.023168575,0.023155468,0.023197596999999997,0.023237542,0.023206959000000003,0.023204151,0.023163426,0.023182306,0.023181682,0.02316561,0.023171384,0.023167171,0.02311412,0.023137368,0.023153284,0.023137368,0.023121297,0.023159057,0.02314673,0.023114744000000003,0.023135808,0.023122857,0.02307121,0.023061848000000003,0.023076984,0.023021124,0.023034231,0.023037039,0.022988513000000002,0.022962299000000002,0.022973222,0.022942015000000003,0.022886779,0.022835913000000003,0.02280611,0.022767726,0.022666772999999998,0.022589848,0.022443176999999998,0.022242675,0.021898466,0.021451899,0.020755523,0.0196299,0.017969084,0.015408581,0.011814046,0.006943629,0.000727582352,-0.0066393649999999995,-0.015163765,-0.024602519,-0.034923485,-0.045850171,-0.057226232,-0.069144821,-0.08145552,-0.094001518,-0.10691637799999999,-0.119996789,-0.133278482,-0.146818567,-0.160411702,-0.174181936,-0.188147522,-0.202142287,-0.216320703,-0.230512226,-0.230594923],"unit":"A\/cm2"},"power_density":{"value":[-3.302977,-4.248863,-3.846614,-3.455275,-3.059966,-2.670937,-2.270388,-1.877158,-1.485048,-1.088662,-0.695002935,-0.300835416,0.092728447,0.487384378,0.883101333,1.275893,1.671948,2.065592,2.459855,2.850648,3.249118,3.64078,4.034888,4.433566,4.821222,5.217259,5.616793,6.01124,6.405995,6.793977,7.203163,7.593126,7.970665,8.364851,8.753634,9.163664,9.574891,9.956807,10.35032,10.725076,11.128486,11.522401,11.907907,12.305262,12.696799,13.06041,13.466688,13.870064,14.253671,14.636798,15.05456,15.439693,15.811207,16.21883,16.603186,16.958212,17.343441,17.747539,18.095465,18.497316,18.891074,19.242616,19.610715,20.010526,20.373855,20.713593,21.055608,21.416485,21.7673,22.055776,22.364672,22.601761,22.777812,22.797235,22.697666,22.313663,21.436867,19.928399,17.351236,13.504192,8.054986,0.856417544,-7.927949,-18.364176,-30.212912,-43.481941,-57.86586,-73.195246,-89.616683,-106.956416,-125.026987,-144.022441,-163.684069,-184.065152,-205.260478,-226.995556,-249.439523,-272.637356,-296.359646,-320.815422,-345.781529,-345.90558],"unit":"mW\/cm2"},"timestamps":{"value":[0.019,0.045,0.085,0.109,0.13,0.153,0.175,0.191,0.215,0.236,0.259,0.284,0.308,0.33,0.355,0.376,0.398,0.423,0.445,0.468,0.504,0.526,0.549,0.57,0.592,0.618,0.644,0.665,0.687,0.709,0.732,0.755,0.778,0.801,0.826,0.847,0.872,0.896,0.917,0.941,0.976,0.999,1.024,1.046,1.07,1.093,1.116,1.137,1.16,1.183,1.205,1.228,1.249,1.271,1.295,1.319,1.339,1.362,1.384,1.407,1.429,1.451,1.475,1.498,1.521,1.545,1.567,1.591,1.612,1.635,1.658,1.68,1.703,1.726,1.748,1.771,1.794,1.833,1.859,1.881,1.904,1.925,1.949,1.973,1.998,2.045,2.077,2.099,2.12,2.142,2.165,2.189,2.213,2.236,2.258,2.281,2.303,2.325,2.349,2.372,2.395,2.415],"unit":"s"},"p_max":{"unit":"mW","value":2.177136},"v_p_max":{"unit":"V","value":1.041043},"i_p_max":{"unit":"mA","value":2.091303},"j_p_max":{"unit":"mA\/cm2","value":21.898466},"voc":{"unit":"V","value":1.178753},"isc":{"unit":"mA","value":2.211897},"jsc":{"unit":"mA\/cm2","value":23.161221},"fill_factor":{"unit":"%","value":83.502206},"efficiency":{"unit":"%","value":22.797235},"r_s":{"unit":"ohms","value":16.849984},"r_sh":{"unit":"ohms","value":177.917543},"cell_dimension":{"value":0.09550003002732486,"unit":"cm2"},"sweep_direction":{"unit":"","value":"Forward"},"key":"forward19_3cell_231018"},{"V":{"value":[-0.199960232,-0.182976246,-0.165982485,-0.148971319,-0.131974936,-0.114981413,-0.097975492,-0.080972433,-0.063974857,-0.046975851,-0.029979467,-0.012999833,0.004002959,0.021002203,0.038027525,0.055033207,0.07200098,0.08901763,0.106020689,0.123025179,0.140017271,0.157019138,0.17402482,0.191026688,0.20801878,0.225008488,0.24203968,0.259032726,0.276017666,0.293014765,0.310037851,0.327032328,0.344018698,0.361042976,0.378042936,0.395034552,0.412053585,0.429063082,0.446037054,0.463019133,0.480049133,0.497044802,0.514032602,0.531059742,0.548048735,0.56504178,0.582033396,0.599056482,0.616045475,0.633041143,0.65005064,0.667038202,0.684030056,0.701027155,0.718044758,0.735031128,0.752034903,0.769062042,0.786029339,0.803041458,0.820031881,0.83705759,0.8540411,0.871037006,0.888064146,0.905044794,0.922036648,0.939065218,0.956059456,0.973049879,0.990030766,1.007063,1.02406,1.04104,1.058075,1.07507,1.092048,1.109041,1.126072,1.143054,1.160043,1.177057,1.194066,1.211056,1.228041,1.245067,1.262064,1.279047,1.29607,1.313063,1.330053,1.347054,1.364072,1.381058,1.398057,1.415081,1.432065,1.449067,1.466079,1.483056,1.500061,1.50006],"unit":"V"},"I":{"value":[0.0017856810000000001,0.00222674,0.002229378,0.0022341609999999997,0.0022285430000000004,0.002230629,0.0022260550000000002,0.002225488,0.002233058,0.00222376,0.0022298689999999998,0.002229244,0.002232149,0.002229169,0.0022279170000000003,0.00222674,0.002230763,0.0022263969999999998,0.002231047,0.002230495,0.002227783,0.0022294520000000003,0.0022265320000000003,0.002227649,0.0022265320000000003,0.002227023,0.00222598,0.0022229999999999997,0.00222896,0.002221957,0.0022290350000000003,0.0022247279999999996,0.002221957,0.002225697,0.002220497,0.00222674,0.002227157,0.002224803,0.002226815,0.00222598,0.0022252200000000004,0.002222791,0.002224669,0.002219871,0.002224386,0.0022216740000000003,0.002223343,0.002222449,0.002224803,0.002222583,0.002221331,0.002222717,0.002220854,0.0022183510000000004,0.002215579,0.00221613,0.002217591,0.00221169,0.002212733,0.002213493,0.002209753,0.002204895,0.002205044,0.002204835,0.002197623,0.0021985169999999997,0.0021921400000000004,0.002185687,0.0021756289999999997,0.00216274,0.002148867,0.002128541,0.0020933899999999997,0.0020415040000000004,0.001973554,0.001859814,0.0017032920000000001,0.001490384,0.001215354,0.000875815749,0.000486835837,4.5418739e-5,-0.000438213348,-0.000953063369,-0.001502022,-0.002070621,-0.002664179,-0.003273964,-0.003892347,-0.004523978,-0.00517045,-0.005828291,-0.00649564,-0.007163048,-0.007843778000000001,-0.008536294,-0.009225339,-0.009922862000000001,-0.010633335,-0.01134555,-0.012089878,-0.012113944],"unit":"A"},"resistance":{"value":[-111.979839,-82.17225,-74.452387,-66.678868,-59.220273,-51.546625,-44.013067,-36.384118,-28.648988,-21.124516,-13.444495,-5.8315,1.79332,9.421539,17.068643,24.714697,32.276385,39.982813,47.520608,55.155993,62.850492,70.429473,78.159604,85.752594,93.427279,101.035536,108.733979,116.523947,123.832468,131.872392,139.090622,146.998761,154.826903,162.215688,170.251532,177.404874,185.013234,192.854418,200.302732,208.006855,215.731069,223.612895,231.060277,239.230035,246.382057,254.331576,261.783038,269.54796,276.898891,284.822312,292.640151,300.1004,308.00314,316.012763,324.088967,331.673216,339.122484,347.725974,355.230083,362.793766,371.096659,379.636029,387.312492,395.057609,404.102088,411.661434,420.610365,429.642962,439.440454,449.915405,460.72229,473.123687,489.187714,509.937797,536.126666,578.052271,641.139398,744.130696,926.538713,1305.131,2382.822,25915.664,-2724.851,-1270.699,-817.592079,-601.30141,-473.716069,-390.672153,-332.978933,-290.245172,-257.241237,-231.123361,-209.998078,-192.803122,-178.237654,-165.77229,-155.231648,-146.033182,-137.875775,-130.716978,-124.075796,-123.82921],"unit":"ohms"},"conductance":{"value":[-0.008930179,-0.012169558,-0.013431403,-0.014997255,-0.016886109,-0.019399912,-0.022720525,-0.02748452,-0.034905247,-0.047338363,-0.074379886,-0.171482478,0.557624873,0.10613977,0.058586966,0.040461755,0.030982404,0.025010747,0.021043502,0.018130396,0.015910774,0.014198601,0.012794333,0.011661455,0.010703512,0.009897508,0.009196757,0.008581927,0.008075427,0.007583088,0.007189557,0.006802778,0.006458826,0.006164632,0.005873662,0.005636824,0.005405019,0.005185258,0.004992443,0.004807534,0.004635401,0.004472014,0.004327875,0.004180077,0.004058737,0.003931875,0.003819957,0.003709915,0.003611427,0.003510961,0.003417166,0.003332218,0.00324672,0.003164429,0.003085572,0.003015016,0.002948787,0.002875828,0.002815077,0.002756387,0.002694716,0.002634102,0.002581895,0.002531276,0.002474622,0.002429181,0.002377497,0.002327514,0.002275621,0.00222264,0.002170505,0.002113612,0.002044205,0.001961023,0.001865231,0.001729947,0.001559723,0.00134385,0.001079286,0.000766206636,0.000419670423,3.8586702e-5,-0.000366992554,-0.000786968562,-0.001223104,-0.001663059,-0.002110969,-0.002559691,-0.003003193,-0.003445363,-0.003887402,-0.004326694,-0.004761948,-0.005186638,-0.005610487,-0.006032371,-0.006441985,-0.006847759,-0.007252906,-0.007650116,-0.00805959,-0.008075639],"unit":"S"},"power":{"value":[-0.357065117,-0.407440548,-0.370037638,-0.332825897,-0.29411184,-0.256480911,-0.218098802,-0.180203213,-0.142859581,-0.104463013,-0.066850296,-0.028979793,0.008935201,0.046817461,0.084722181,0.12254465,0.160617154,0.198188619,0.236537093,0.274407073,0.311928125,0.350066653,0.387471745,0.425540427,0.463160367,0.501099132,0.538775527,0.575829733,0.615232445,0.651066164,0.691085191,0.727558128,0.764394702,0.803572284,0.83944303,0.879639286,0.917708172,0.954580819,0.993241836,1.030671,1.068215,1.104827,1.143552,1.178884,1.219072,1.255338,1.29406,1.331372,1.37058,1.406986,1.443978,1.482637,1.519131,1.555124,1.590885,1.628925,1.667706,1.700927,1.739273,1.777527,1.812068,1.845624,1.883198,1.920493,1.95163,1.989757,2.021233,2.052503,2.080031,2.104454,2.127444,2.143576,2.143758,2.125287,2.088169,1.99943,1.860076,1.652897,1.368576,1.001105,0.564750622,0.053460435,-0.523255681,-1.154214,-1.844545,-2.578062,-3.362364,-4.187552,-5.044753,-5.940266,-6.876971,-7.851024,-8.860519,-9.892584,-10.966044,-12.079548,-13.21128,-14.378893,-15.589311,-16.826087,-18.135558,-18.171643],"unit":"mW"},"J":{"value":[0.018698226999999998,0.023316649999999998,0.023344267999999998,0.023394355000000002,0.02333553,0.023357375,0.023309473,0.023303544,0.023382809,0.023285444,0.023349416999999997,0.023342863999999998,0.023373290999999997,0.023342084,0.023328976999999997,0.023316649999999998,0.023358779,0.023313062,0.023361744,0.023355971,0.023327573,0.023345049,0.023314466,0.023326169,0.023314466,0.023319615,0.023308693000000002,0.023277486,0.023339899,0.023266564,0.02334068,0.023295586,0.023266564,0.023305727999999998,0.023251273000000003,0.023316649999999998,0.023321019,0.023296366,0.023317431,0.023308693000000002,0.023300735,0.023275302,0.023294962000000002,0.023244719,0.023291997,0.023263599,0.023281075000000002,0.023271713,0.023296366,0.023273117,0.02326001,0.023274522000000002,0.023255017,0.023228804,0.023199782,0.023205555,0.023220846000000003,0.023159057,0.023169979,0.023177937,0.023138773,0.023087906000000002,0.023089466000000003,0.023087281999999997,0.023011762,0.023021124,0.022954342,0.022886779,0.022781456999999998,0.022646488000000003,0.022501221999999998,0.022288392,0.021920310000000002,0.021377003,0.020665492,0.019474491,0.01783552,0.015606119,0.012726216,0.009170846,0.005097757,0.000475588893,-0.004588621,-0.009979721,-0.015727981,-0.021681892,-0.027897158000000002,-0.034282345,-0.040757562,-0.047371494,-0.054140834,-0.061029227,-0.068017169,-0.075005736,-0.08213379600000001,-0.089385279,-0.096600405,-0.103904315,-0.111343817,-0.118801575,-0.126595585,-0.126847578],"unit":"A\/cm2"},"power_density":{"value":[-3.738902,-4.266393,-3.87474,-3.485088,-3.079705,-2.685664,-2.283757,-1.886945,-1.495912,-1.093854,-0.700003099,-0.303453326,0.093562313,0.490235189,0.887143259,1.28319,1.681855,2.075273,2.476828,2.873372,3.266263,3.665619,4.057296,4.455921,4.849847,5.247111,5.641629,6.029631,6.442225,6.817447,7.236494,7.61841,8.004133,8.414369,8.789979,9.210883,9.60951,9.995611,10.400438,10.792371,11.185498,11.568868,11.97437,12.344335,12.76515,13.144906,13.550363,13.941071,14.351621,14.732841,15.120185,15.524995,15.907131,16.284022,16.658482,17.056805,17.462887,17.810752,18.212284,18.612844,18.974531,19.325907,19.719353,20.109877,20.435921,20.835148,21.164744,21.492178,21.780427,22.036163,22.276902,22.445824,22.447724,22.254314,21.865644,20.936435,19.477238,17.307821,14.330637,10.482774,5.913619,0.559795136,-5.479117,-12.086006,-19.314611,-26.99541,-35.208005,-43.848714,-52.824639,-62.20174,-72.01017,-82.209679,-92.780306,-103.58727,-114.827688,-126.487412,-138.338014,-150.564326,-163.238858,-176.189397,-189.901134,-190.278988],"unit":"mW\/cm2"},"timestamps":{"value":[0.019,0.043,0.07,0.093,0.117,0.14,0.162,0.185,0.207,0.229,0.252,0.277,0.299,0.323,0.346,0.369,0.391,0.414,0.436,0.472,0.498,0.524,0.546,0.568,0.59,0.618,0.641,0.662,0.69,0.712,0.734,0.757,0.78,0.806,0.827,0.849,0.873,0.896,0.917,0.939,0.961,0.983,1.006,1.027,1.05,1.074,1.095,1.118,1.14,1.163,1.185,1.209,1.233,1.256,1.28,1.303,1.326,1.362,1.384,1.407,1.43,1.445,1.468,1.489,1.511,1.534,1.559,1.581,1.603,1.627,1.652,1.673,1.696,1.719,1.741,1.763,1.785,1.807,1.833,1.853,1.876,1.898,1.922,1.944,1.97,1.993,2.02,2.069,2.092,2.113,2.143,2.165,2.186,2.209,2.231,2.268,2.296,2.32,2.344,2.367,2.388,2.41],"unit":"s"},"p_max":{"unit":"mW","value":2.143758},"v_p_max":{"unit":"V","value":1.02406},"i_p_max":{"unit":"mA","value":2.09339},"j_p_max":{"unit":"mA\/cm2","value":21.92031},"voc":{"unit":"V","value":1.178654},"isc":{"unit":"mA","value":2.231465},"jsc":{"unit":"mA\/cm2","value":23.366127},"fill_factor":{"unit":"%","value":81.507801},"efficiency":{"unit":"%","value":22.447724},"r_s":{"unit":"ohms","value":30.417053},"r_sh":{"unit":"ohms","value":311.615296},"cell_dimension":{"value":0.09550001719414361,"unit":"cm2"},"sweep_direction":{"unit":"","value":"Forward"},"key":"forward19_2cell_231018"},{"V":{"value":[-0.19994235,-0.182980299,-0.16597724,-0.148969889,-0.131972313,-0.114982843,-0.097978354,-0.080975056,-0.063971996,-0.04697299,-0.029976606,-0.012995183,0.004002243,0.021002918,0.038030148,0.055037498,0.07201314,0.089015007,0.106020689,0.123026609,0.140016079,0.157017708,0.174026251,0.191032171,0.20802021,0.225005865,0.24203968,0.259030104,0.276017666,0.293012142,0.310037851,0.327029705,0.344018698,0.361045837,0.378040314,0.395026445,0.412037373,0.429044008,0.446042538,0.463024616,0.48004508,0.497047663,0.514032602,0.531052828,0.548052788,0.565037489,0.582029343,0.599056482,0.616048098,0.633039951,0.65005064,0.667038202,0.684032679,0.701027155,0.718042135,0.73503232,0.752022743,0.769064903,0.786041498,0.803035974,0.820033073,0.837053537,0.85404253,0.871039629,0.888060093,0.905044794,0.922042131,0.939065218,0.956060886,0.973045826,0.990030766,1.007065,1.024059,1.041043,1.058077,1.075068,1.092053,1.109045,1.126058,1.143066,1.160053,1.177085,1.194066,1.211055,1.228043,1.245064,1.262064,1.279052,1.296072,1.313063,1.330054,1.347053,1.364074,1.381059,1.398058,1.415082,1.432062,1.449062,1.466077,1.483059,1.500056,1.50006],"unit":"V"},"I":{"value":[0.000702232122,0.002235964,0.002231941,0.0022325659999999996,0.0022323580000000003,0.002235413,0.002234101,0.0022347120000000002,0.002236381,0.002235904,0.002235487,0.002236798,0.002235413,0.002234504,0.0022324320000000003,0.002231881,0.002232984,0.002234787,0.00222896,0.002233118,0.002231941,0.002232224,0.0022313149999999998,0.002228618,0.002231941,0.0022336839999999997,0.002231181,0.002230763,0.0022343099999999998,0.002230763,0.002229095,0.00223209,0.002231255,0.0022293029999999998,0.002228752,0.002230495,0.0022279170000000003,0.002231672,0.0022304210000000002,0.002229586,0.002227858,0.002227232,0.002224937,0.0022313149999999998,0.002224937,0.002228335,0.002231047,0.0022298689999999998,0.0022266810000000003,0.002227232,0.002227709,0.0022232090000000003,0.002225429,0.002223834,0.002222657,0.002224937,0.002224669,0.002221406,0.002223626,0.0022220309999999997,0.0022216740000000003,0.002214119,0.002213642,0.002206698,0.0022105130000000003,0.002205253,0.002202123,0.002201289,0.002195328,0.002186805,0.002175003,0.002156913,0.002132088,0.0021041330000000002,0.002050251,0.00196974,0.0018493379999999999,0.001664877,0.001401141,0.001046553,0.0005839914080000001,2.0310282999999998e-5,-0.0006295442580000001,-0.001364291,-0.0021708910000000003,-0.0030388679999999997,-0.003958434,-0.004905328,-0.005898878,-0.006918862,-0.007957861,-0.009031311,-0.010119259,-0.011226058,-0.012352361999999999,-0.013485104,-0.014637335999999999,-0.015818343000000002,-0.016987368,-0.018177465,-0.019367412,-0.019393696999999998],"unit":"A"},"resistance":{"value":[-284.724016,-81.835085,-74.364541,-66.725847,-59.117902,-51.436967,-43.855824,-36.235115,-28.60514,-21.008497,-13.409429,-5.809725,1.790382,9.399366,17.035297,24.659692,32.249738,39.831544,47.565084,55.091858,62.732887,70.341384,77.992694,85.717786,93.201498,100.733075,108.480539,116.117245,123.535981,131.350612,139.086903,146.512801,154.181692,161.954574,169.619747,177.102575,184.942848,192.252235,199.981347,207.672889,215.473851,223.168352,231.032422,237.99996,246.322825,253.569416,260.877273,268.650932,276.666586,284.227234,291.802353,300.034022,307.371178,315.233525,323.055725,330.360946,338.038059,346.206445,353.495406,361.397229,369.105987,378.052669,385.808785,394.725334,401.743935,410.40413,418.705932,426.597891,435.497875,444.962318,455.18587,466.900821,480.308075,494.760733,516.071808,545.792007,590.510189,666.142202,803.672229,1092.22,1986.421,57955.146,-1896.715,-887.68107,-565.686202,-409.713213,-318.829179,-260.747493,-219.715046,-189.780137,-167.137163,-149.153635,-134.799833,-123.02265,-113.181423,-104.936712,-97.836239,-91.606414,-86.303927,-81.587764,-77.452581,-77.347813],"unit":"ohms"},"conductance":{"value":[-0.003512173,-0.012219698,-0.013447269,-0.014986696,-0.01691535,-0.019441271,-0.022801989,-0.027597539,-0.034958752,-0.047599787,-0.074574389,-0.172125189,0.558539909,0.106390149,0.058701649,0.040552007,0.031008004,0.02510573,0.021023825,0.018151503,0.015940602,0.014216382,0.012821714,0.01166619,0.010729441,0.009927226,0.009218243,0.008611985,0.008094808,0.007613212,0.00718975,0.006825342,0.006485854,0.006174571,0.00589554,0.005646445,0.005407076,0.0052015,0.005000466,0.004815265,0.004640934,0.004480922,0.004328397,0.004201681,0.004059713,0.003943693,0.00383322,0.003722302,0.003614459,0.003518312,0.003426977,0.003332955,0.003253395,0.003172251,0.003095441,0.003026992,0.002958247,0.00288845,0.002828891,0.002767038,0.002709249,0.002645134,0.002591958,0.002533407,0.002489148,0.002436623,0.002388311,0.002344128,0.002296222,0.002247381,0.002196905,0.002141782,0.002081997,0.002021179,0.001937715,0.0018322,0.001693451,0.001501181,0.001244288,0.000915566452,0.000503417965,1.7254723e-5,-0.000527227333,-0.001126531,-0.001767765,-0.002440732,-0.003136476,-0.003835128,-0.00455135,-0.005269255,-0.00598311,-0.006704496,-0.007418407,-0.008128584,-0.008835372,-0.009529553,-0.010221162,-0.010916266,-0.011586958,-0.01225674,-0.012911126,-0.012928614],"unit":"S"},"power":{"value":[-0.140405941,-0.40913735,-0.370451344,-0.332585179,-0.29460943,-0.257034097,-0.218893566,-0.180955948,-0.143065768,-0.105027112,-0.067012317,-0.029067606,0.008946665,0.046931098,0.084899732,0.122837148,0.160804168,0.198929558,0.236315917,0.274732914,0.312507575,0.350498656,0.388307345,0.425737672,0.464288759,0.502592015,0.540034256,0.577834884,0.616709007,0.653640773,0.691103671,0.729959616,0.767593499,0.804880612,0.842558022,0.881104596,0.917985196,0.957485674,0.994862513,1.032353,1.069472,1.10704,1.14369,1.184946,1.219383,1.259093,1.298535,1.335818,1.371742,1.409927,1.448123,1.482965,1.522266,1.558968,1.595962,1.635401,1.673002,1.708405,1.747862,1.784371,1.821846,1.853336,1.890544,1.922121,1.963068,1.995852,2.030451,2.067154,2.098868,2.127861,2.15332,2.172151,2.183384,2.190492,2.169322,2.117605,2.019576,1.846423,1.577767,1.19628,0.677460855,0.023906937,-0.751717424,-1.652231,-2.665947,-3.783587,-4.995798,-6.27417,-7.645372,-9.0849,-10.584387,-12.165652,-13.803423,-15.503853,-17.269318,-19.082534,-20.961572,-22.921753,-24.904784,-26.958247,-29.052203,-29.091711],"unit":"mW"},"J":{"value":[0.007353216,0.023413235,0.023371106000000003,0.023377659000000002,0.023375475000000003,0.023407462,0.023393730999999997,0.023400128,0.023417604,0.023412611,0.023408242000000003,0.023421973000000002,0.023407462,0.023397944,0.023376255000000002,0.023370481999999998,0.023382028,0.023400908,0.023339899,0.023383433,0.023371106000000003,0.023374071,0.023364553,0.023336311,0.023371106000000003,0.023389361999999997,0.023363148,0.023358779,0.023395915,0.023358779,0.023341304,0.023372666,0.023363929,0.023343488,0.023337715,0.023355971,0.023328976999999997,0.023368297,0.023355191,0.023346453,0.023328353,0.0233218,0.02329777,0.023364553,0.02329777,0.023333345999999998,0.023361744,0.023349416999999997,0.023316026,0.0233218,0.023326793,0.023279671000000002,0.02330292,0.023286224,0.023273897,0.02329777,0.023294962000000002,0.023260791,0.023284040000000002,0.023267344000000002,0.023263599,0.02318449,0.023179497,0.023106786,0.02314673,0.023091650999999998,0.023058883999999998,0.023050146,0.022987733,0.022898482,0.022774904,0.022585479,0.022325527999999997,0.02203281,0.021468594,0.020625547999999997,0.019364799999999998,0.017433266,0.014671637000000001,0.010958672999999999,0.006115093,0.000212673117,-0.0065920860000000005,-0.014285767,-0.022731838,-0.031820611,-0.041449569,-0.051364693,-0.061768355999999996,-0.07244882200000001,-0.08332838599999999,-0.09456869799999999,-0.105960831,-0.117550346,-0.129344108,-0.141205276,-0.15327053499999999,-0.16563709499999998,-0.177878204,-0.190339943,-0.20280012300000003,-0.203075365],"unit":"A\/cm2"},"power_density":{"value":[-1.470219,-4.284161,-3.879072,-3.482567,-3.084915,-2.691457,-2.292079,-1.894827,-1.498071,-1.09976,-0.701699654,-0.304372834,0.093682357,0.491425105,0.889002432,1.286253,1.683813,2.083032,2.474512,2.876784,3.272331,3.670143,4.066046,4.457986,4.861662,5.262744,5.654809,6.050627,6.457686,6.844406,7.236688,7.643556,8.037628,8.428069,8.822597,9.226226,9.61241,10.026028,10.417409,10.809982,11.198661,11.592046,11.975814,12.407812,12.768408,13.184215,13.597221,13.98762,14.363794,14.763631,15.163596,15.52843,15.939958,16.324275,16.711639,17.124614,17.518341,17.889058,18.302221,18.684514,19.076921,19.40666,19.796277,20.126926,20.555688,20.898978,21.261262,21.64559,21.977672,22.281272,22.547855,22.745036,22.862659,22.937093,22.715418,22.173871,21.147391,19.334273,16.521119,12.526491,7.093831,0.250334421,-7.871387,-17.30085,-27.915671,-39.618712,-52.312018,-65.698114,-80.056252,-95.129843,-110.831276,-127.389031,-144.538464,-162.344011,-180.830556,-199.817108,-219.492896,-240.018359,-260.783074,-282.285307,-304.211547,-304.625249],"unit":"mW\/cm2"},"timestamps":{"value":[0.018,0.044,0.071,0.095,0.117,0.14,0.162,0.183,0.208,0.24,0.265,0.292,0.314,0.337,0.363,0.386,0.406,0.432,0.453,0.474,0.499,0.523,0.547,0.568,0.591,0.622,0.644,0.667,0.688,0.711,0.736,0.758,0.782,0.803,0.826,0.841,0.868,0.907,0.93,0.959,0.98,1.003,1.025,1.047,1.07,1.093,1.116,1.137,1.16,1.182,1.205,1.234,1.258,1.285,1.309,1.332,1.355,1.377,1.398,1.421,1.447,1.469,1.493,1.518,1.54,1.564,1.587,1.607,1.629,1.656,1.678,1.701,1.725,1.747,1.784,1.809,1.83,1.851,1.873,1.897,1.918,1.943,1.964,1.988,2.013,2.07,2.093,2.115,2.137,2.16,2.185,2.208,2.232,2.255,2.276,2.298,2.319,2.343,2.367,2.39,2.412,2.435],"unit":"s"},"p_max":{"unit":"mW","value":2.190492},"v_p_max":{"unit":"V","value":1.041043},"i_p_max":{"unit":"mA","value":2.104133},"j_p_max":{"unit":"mA\/cm2","value":22.03281},"voc":{"unit":"V","value":1.177616},"isc":{"unit":"mA","value":2.235739},"jsc":{"unit":"mA\/cm2","value":23.410879},"fill_factor":{"unit":"%","value":83.198775},"efficiency":{"unit":"%","value":22.937093},"r_s":{"unit":"ohms","value":19.092425},"r_sh":{"unit":"ohms","value":267.888272},"cell_dimension":{"value":0.09549999918403049,"unit":"cm2"},"sweep_direction":{"unit":"","value":"Forward"},"key":"forward19_1cell_231018"}]}}