{"_id":"6531de5a6499622b4e49ca15","id":"KAIST-SC-00099","author":105,"group":12,"input":[{"tco":{"unit":"","value":"ITO"}},{"etl":[{"material":{"unit":"","value":"SnO2"},"concentration":{"unit":"","value":"5"},"conc_unit":{"unit":"","value":"wt%"},"quantity":{"unit":"ml","value":"0.4"}}],"solvent":[{"material":{"unit":"","value":"DI Water"},"volume":{"unit":"ml","value":"0.8"}}],"spin_coating":[{"type":{"unit":"","value":"drop&run"},"rpm":{"unit":"","value":"4000"},"time":{"unit":"s","value":"30"}}],"annealing":[{"temperature":{"unit":"oC","value":"150"},"time":{"unit":"m","value":"30"}}]},{"perovskite":{"method":{"unit":"","value":"1-step"},"molarity":{"unit":"M","value":"1.8"},"a_site":[{"material":{"unit":"","value":"FA"},"ratio":{"unit":"","value":"95"}},{"material":{"unit":"","value":"MA"},"ratio":{"unit":"","value":"5"}}],"b_site":[{"material":{"unit":"","value":"Pb"},"ratio":{"unit":"","value":"100"}}],"x_site":[{"material":{"unit":"","value":"I"},"ratio":{"unit":"","value":"95"}},{"material":{"unit":"","value":"Br"},"ratio":{"unit":"","value":"5"}}],"solvent":[{"material":{"unit":"","value":"DMF"},"volume":{"unit":"ml","value":"0.8"}},{"material":{"unit":"","value":"DMSO"},"volume":{"unit":"ml","value":"0.1"}}],"additive":[{"material":{"unit":"","value":"MACl"},"solvent":{"unit":"","value":"None"},"concentration":{"unit":"","value":"47.62"},"conc_unit":{"unit":"","value":"mg\/ml"},"quantity":{"unit":"mol%","value":"35"}}],"stirring_time":[{"unit":"m","value":"20"}],"antisolvent":[{"material":{"unit":"","value":"DEE"},"quantity":{"unit":"ul","value":"1000"},"dripping_time":{"unit":"s","value":"28"}}],"spin_coating":[{"type":{"unit":"","value":"drop&run"},"rpm":{"unit":"","value":"5000"},"time":{"unit":"s","value":"15"}}],"annealing":[{"temperature":{"unit":"oC","value":"150"},"time":{"unit":"m","value":"20"}}],"atmosphere":[{"type":{"unit":"","value":"Air"},"temperature":{"unit":"oC","value":"22"},"humidity":{"unit":"RH%","value":"19"}}]}},{"perovskite_treatment":[{"material":{"unit":"","value":"OAI"},"concentration":{"unit":"","value":"2.5"},"conc_unit":{"unit":"","value":"mg\/ml"},"quantity":{"unit":"ml","value":"0.4"}}],"solvent":[{"material":{"unit":"","value":"CF"},"volume":{"unit":"ml","value":"0.8"}}],"spin_coating":[{"type":{"unit":"","value":"drop&run"},"rpm":{"unit":"","value":"5000"},"time":{"unit":"s","value":"5"}}],"annealing":[{"temperature":{"unit":"oC","value":"100"},"time":{"unit":"m","value":"3"}}]},{"htl":[{"material":{"unit":"","value":"Spiro-OMeTAD"},"concentration":{"unit":"","value":"91"},"conc_unit":{"unit":"","value":"mg\/ml"},"quantity":{"unit":"ml","value":"0.08"}}],"solvent":[{"material":{"unit":"","value":"CB"},"volume":{"unit":"ml","value":"1.1"}}],"htl_doping":[{"material":{"unit":"","value":"tBP"},"volume":{"unit":"ul","value":"39"}},{"material":{"unit":"","value":"Li-TFSI"},"volume":{"unit":"ul","value":"23"}},{"material":{"unit":"","value":"Co-TFSI"},"volume":{"unit":"ul","value":"10"}}],"spin_coating":[{"type":{"unit":"","value":"dynamic"},"rpm":{"unit":"","value":"2000"},"time":{"unit":"s","value":"30"}}]},{"anode_metal":{"unit":"","value":"Au"}},{"note":{"unit":"","value":"-"},"ar":{"unit":"","value":"0"},"type":{"unit":"","value":"unit_cell"},"device_type":{"unit":"","value":"n-i-p"},"temperature":{"unit":"oC","value":"22"},"humidity":{"unit":"%","value":"19"},"cell_dimension":{"unit":"cm2","value":"0.0955"}}],"fileinfo":[{"key":"forward24_3cell_231020","uploadType":"JV","original_name":"forward24_3cell_231020.csv","save_name":"KAIST-SC-00099\/forward24_3cell_231020","uploader":105,"fileType":""},{"key":"reverse24_2cell_231020","uploadType":"JV","original_name":"reverse24_2cell_231020.csv","save_name":"KAIST-SC-00099\/reverse24_2cell_231020","uploader":105,"fileType":""},{"key":"forward24_2cell_231020","uploadType":"JV","original_name":"forward24_2cell_231020.csv","save_name":"KAIST-SC-00099\/forward24_2cell_231020","uploader":105,"fileType":""},{"key":"reverse24_1cell_231020","uploadType":"JV","original_name":"reverse24_1cell_231020.csv","save_name":"KAIST-SC-00099\/reverse24_1cell_231020","uploader":105,"fileType":""},{"key":"forward24_1cell_231020","uploadType":"JV","original_name":"forward24_1cell_231020.csv","save_name":"KAIST-SC-00099\/forward24_1cell_231020","uploader":105,"fileType":""},{"key":"reverse24_4cell_231020","uploadType":"JV","original_name":"reverse24_4cell_231020.csv","save_name":"KAIST-SC-00099\/reverse24_4cell_231020","uploader":105,"fileType":""},{"key":"forward24_4cell_231020","uploadType":"JV","original_name":"forward24_4cell_231020.csv","save_name":"KAIST-SC-00099\/forward24_4cell_231020","uploader":105,"fileType":""},{"key":"reverse24_3cell_231020","uploadType":"JV","original_name":"reverse24_3cell_231020.csv","save_name":"KAIST-SC-00099\/reverse24_3cell_231020","uploader":105,"fileType":""}],"jvcnt":8,"updated_at":"2024-08-19 05:53:30","created_at":"2023-10-20 01:56:42","analysisInfo":{"JV":[{"efficiency":19.137568,"fill_factor":74.493365,"jsc":21.777972,"voc":1.179646,"key":"reverse24_4cell_231020","cell_dimension":0.09549999823997504},{"efficiency":18.441516,"fill_factor":71.828902,"jsc":21.964819,"voc":1.16888,"key":"reverse24_3cell_231020","cell_dimension":0.09550000348332588},{"efficiency":18.199771,"fill_factor":71.111001,"jsc":21.991838,"voc":1.163771,"key":"reverse24_2cell_231020","cell_dimension":0.09550000162285684},{"efficiency":18.692824,"fill_factor":72.157946,"jsc":22.133727,"voc":1.170405,"key":"reverse24_1cell_231020","cell_dimension":0.09549999691647545},{"efficiency":19.721632,"fill_factor":75.381213,"jsc":22.146241,"voc":1.181353,"key":"forward24_4cell_231020","cell_dimension":0.09549997774011502},{"efficiency":20.063978,"fill_factor":76.904832,"jsc":22.136495,"voc":1.178568,"key":"forward24_3cell_231020","cell_dimension":0.09549998476256076},{"efficiency":19.21169,"fill_factor":73.627028,"jsc":22.311876,"voc":1.169478,"key":"forward24_2cell_231020","cell_dimension":0.09549998411707271},{"efficiency":20.720246,"fill_factor":78.453244,"jsc":22.374296,"voc":1.180415,"key":"forward24_1cell_231020","cell_dimension":0.09549998248102935}]},"public":2,"tags":[],"analysis":{"JV":[{"V":{"value":[1.499992,1.483979,1.467986,1.452011,1.436005,1.420009,1.404008,1.388003,1.371992,1.356005,1.339969,1.324008,1.308,1.291998,1.275999,1.260004,1.24399,1.22798,1.212017,1.196012,1.180023,1.163997,1.147999,1.131991,1.115977,1.100019,1.084017,1.068015,1.052006,1.035997,1.020004,1.003972,0.988003016,0.972011805,0.956013918,0.940011978,0.924007177,0.907988787,0.892000437,0.875993013,0.860019445,0.844001055,0.828006029,0.812001228,0.795994997,0.779980659,0.763995171,0.74801898,0.732021093,0.716010809,0.700010061,0.683998585,0.667989731,0.65198493,0.636022568,0.620018959,0.604008913,0.588005543,0.572003365,0.556001425,0.539995193,0.524010897,0.508014441,0.492015123,0.475995302,0.459995985,0.443996668,0.427994728,0.412021399,0.396012545,0.380017281,0.364002943,0.348007679,0.331985235,0.315985918,0.29998517,0.284017324,0.268009901,0.252007723,0.236005783,0.219990015,0.204002619,0.188005447,0.17200017,0.155995131,0.139993906,0.124001026,0.108006716,0.092000246,0.075994968,0.060004711,0.044010401,0.028002501,0.012000084,-0.003998101,-0.019999862,-0.035992622,-0.051993847,-0.067985296,-0.083983898,-0.099990368,-0.115992785,-0.131983042,-0.147984266,-0.163988113,-0.179989338,-0.195980787,-0.199979067],"unit":"V"},"I":{"value":[-0.010797858,-0.010658816,-0.010180056,-0.009598792,-0.008980572000000001,-0.008353204,-0.007728681,-0.007098526,-0.006473646,-0.00584808,-0.005231589,-0.004627168,-0.00402692,-0.0034436429999999997,-0.002878889,-0.002328217,-0.001801953,-0.0013057140000000001,-0.000835061073,-0.000402539968,-8.240342e-6,0.000341743231,0.000652551651,0.000911489129,0.0011277939999999999,0.001305863,0.00144574,0.001558289,0.001642898,0.001717791,0.001769871,0.001813412,0.00184983,0.0018772930000000001,0.001901835,0.0019200740000000001,0.001933947,0.0019519029999999998,0.0019612609999999997,0.001977846,0.001984358,0.001989976,0.002001628,0.002007797,0.002017915,0.002018616,0.002032906,0.002030894,0.002035946,0.002043098,0.002039,0.002050862,0.002050862,0.002053767,0.002052456,0.0020510700000000003,0.002054185,0.00205557,0.002057999,0.002053559,0.002058834,0.002056271,0.002062649,0.002058759,0.002061889,0.002061129,0.002058968,0.00206016,0.002058208,0.002062649,0.0020650770000000002,0.002064377,0.00206618,0.0020632000000000003,0.0020688179999999996,0.002064317,0.0020637660000000003,0.002070621,0.0020667460000000004,0.002073184,0.002067015,0.0020708289999999997,0.0020710380000000003,0.002072424,0.002073258,0.0020708289999999997,0.002073541,0.002072006,0.00207527,0.002077565,0.0020763129999999998,0.002075478,0.002078459,0.002077773,0.00208047,0.0020780409999999997,0.002078801,0.002085671,0.002082825,0.002088025,0.002081588,0.002085954,0.002087548,0.002082616,0.002084985,0.00208658,0.002084911,0.002092615],"unit":"A"},"resistance":{"value":[-138.915665,-139.225484,-144.202163,-151.270223,-159.90132,-169.995697,-181.662066,-195.53403,-211.934969,-231.871782,-256.130338,-286.137754,-324.814056,-375.183415,-443.225979,-541.188193,-690.35686,-940.466397,-1451.411,-2971.163,-143200.781,3406.056,1759.246,1241.914,989.521728,842.368825,749.800251,685.376505,640.335519,603.098361,576.315759,553.63726,534.10472,517.773096,502.679683,489.570646,477.783041,465.181281,454.809646,442.902532,433.399375,424.126339,413.666232,404.423895,394.464038,386.393852,375.814346,368.320021,359.548445,350.453446,343.31041,333.517652,325.711736,317.458012,309.883634,302.290443,294.038272,286.054673,277.941467,270.750181,262.282066,254.835544,246.292295,238.986226,230.854037,223.17675,215.640398,207.748291,200.18453,191.992256,184.020839,176.325802,168.430466,160.907937,152.737446,145.319301,137.620887,129.434573,121.934519,113.837374,106.428865,98.512524,90.778372,82.994694,75.241537,67.602824,59.801571,52.126631,44.331703,36.578871,28.899648,21.204942,13.472724,5.775454,-1.921729,-9.624381,-17.314123,-24.929076,-32.640911,-40.221688,-48.035621,-55.606589,-63.223944,-71.056911,-78.651925,-86.260462,-93.9996,-95.564205],"unit":"ohms"},"conductance":{"value":[-0.007198612,-0.007182593,-0.006934709,-0.006610686,-0.006253857,-0.005882502,-0.005504727,-0.005114199,-0.004718429,-0.004312728,-0.003904262,-0.00349482,-0.003078685,-0.002665363,-0.002256185,-0.001847786,-0.001448526,-0.001063302,-0.000688984858,-0.000336568565,-6.983202e-6,0.000293594674,0.000568425372,0.000805208538,0.001010589,0.001187128,0.001333689,0.001459052,0.001561681,0.001658104,0.00173516,0.001806237,0.001872292,0.001931348,0.001989338,0.002042606,0.002093,0.0021497,0.002198722,0.002257833,0.002307341,0.002357788,0.002417408,0.002472653,0.002535085,0.002588033,0.002660888,0.00271503,0.002781266,0.002853446,0.002912816,0.002998342,0.003070199,0.003150023,0.003227018,0.003308077,0.003400918,0.003495835,0.00359788,0.003693442,0.003812689,0.003924099,0.004060216,0.004184342,0.004331741,0.004480753,0.00463735,0.004813517,0.004995391,0.005208543,0.005434167,0.00567132,0.005937168,0.006214734,0.006547183,0.006881398,0.007266339,0.007725911,0.008201123,0.008784461,0.009395947,0.010150994,0.01101584,0.012048963,0.013290531,0.014792282,0.016721969,0.019184052,0.02255722,0.027338186,0.034602498,0.047158817,0.074224038,0.173146557,-0.520364656,-0.10390279,-0.057756319,-0.040113801,-0.0306364,-0.024862209,-0.020817884,-0.01798348,-0.015816792,-0.014073226,-0.012714247,-0.011592797,-0.010638343,-0.010464169],"unit":"S"},"power":{"value":[-16.196697,-15.817456,-14.944181,-13.937554,-12.89615,-11.861621,-10.851131,-9.852778,-8.881789,-7.930024,-7.010166,-6.126405,-5.267211,-4.44918,-3.673459,-2.933562,-2.241612,-1.603391,-1.012108,-0.481442545,-0.009723797,0.397787992,0.749128519,1.031798,1.258593,1.436474,1.567207,1.664275,1.728338,1.779626,1.805275,1.820615,1.827638,1.824751,1.818181,1.804893,1.786981,1.772306,1.749446,1.732579,1.706586,1.679541,1.65736,1.630334,1.60625,1.574481,1.55313,1.519147,1.490355,1.46288,1.427321,1.402787,1.369955,1.339025,1.305408,1.271702,1.240746,1.208687,1.177183,1.141782,1.11176,1.077508,1.047855,1.012941,0.981449276,0.948110888,0.914174908,0.881737637,0.848025734,0.816834695,0.784765107,0.751439329,0.719046544,0.684951897,0.653717233,0.619264626,0.586145332,0.554946837,0.520836042,0.489283332,0.454722567,0.422454595,0.389366405,0.356457228,0.323418178,0.289903479,0.257121247,0.223790613,0.190925334,0.157884456,0.124588556,0.091342638,0.05820204,0.024933453,-0.00831793,-0.041560541,-0.074821514,-0.10844205,-0.141601455,-0.175360497,-0.208138741,-0.241955607,-0.275520984,-0.308194414,-0.341912818,-0.375562117,-0.408602474,-0.418479149],"unit":"mW"},"J":{"value":[-0.113066578,-0.111610634,-0.106597446,-0.100510907,-0.094037405,-0.08746810000000001,-0.08092859699999999,-0.074330113,-0.067786865,-0.061236439,-0.054781037,-0.048452023,-0.042166696999999996,-0.036059094,-0.030145439,-0.024379236,-0.018868615,-0.013672401,-0.008744095,-0.004215078,-8.6286305e-5,0.003578463,0.0068330019999999995,0.009544389,0.011809365,0.013673961,0.015138644,0.016317162,0.017203118,0.01798734,0.018532675999999998,0.018988604,0.019369948999999997,0.019657518,0.019914505,0.020105488999999997,0.020250755999999998,0.020438776000000002,0.020536765,0.02071043,0.020778616,0.020837440999999998,0.020959458,0.021024056000000003,0.021130002999999998,0.021137336,0.021286971999999998,0.021265906999999997,0.021318803,0.021393699000000002,0.021350789,0.021474992000000002,0.021474992000000002,0.021505418,0.021491687,0.021477176,0.021509787,0.021524298,0.021549732,0.021503234,0.02155847,0.021531632,0.021598414,0.021557689,0.021590456,0.021582498999999998,0.021559874,0.021572356,0.021551915999999997,0.021598414,0.021623847,0.021616514,0.021635394000000002,0.021604187,0.021663012,0.02161589,0.021610116000000002,0.021681892,0.021641323,0.021708729000000003,0.021644132,0.021684076,0.021686261,0.021700772,0.02170951,0.021684076,0.021712474,0.021696403,0.021730574,0.021754603,0.021741496000000003,0.021732758,0.021763965,0.021756788,0.02178503,0.021759596,0.021767554,0.021839485,0.021809683,0.021864138,0.021796732,0.02184245,0.021859145,0.021807497999999998,0.021832308,0.021849003,0.021831527,0.021912196999999998],"unit":"A\/cm2"},"power_density":{"value":[-169.598924,-165.627808,-156.48357,-145.942977,-135.038218,-124.205459,-113.624409,-103.170445,-93.003027,-83.0369,-73.404875,-64.150842,-55.154044,-46.588274,-38.465538,-30.717924,-23.472376,-16.78944,-10.597988,-5.041283,-0.101819862,4.165319,7.844278,10.804166,13.178981,15.04161,16.41054,17.426967,18.097779,18.634829,18.903408,19.064033,19.137568,19.10734,19.038544,18.899401,18.711844,18.558179,18.318803,18.142192,17.870014,17.586822,17.354558,17.071559,16.819376,16.486713,16.263144,15.907302,15.605813,15.318119,14.945767,14.688864,14.345074,14.021209,13.669198,13.316256,12.992103,12.656407,12.326519,11.955829,11.64147,11.28281,10.972306,10.606709,10.276956,9.927863,9.572512,9.232855,8.879851,8.553243,8.217436,7.868475,7.529283,7.172271,6.845207,6.484446,6.137647,5.810962,5.453781,5.123386,4.761493,4.423608,4.077135,3.732536,3.386578,3.035639,2.692369,2.343357,1.999218,1.65324,1.304592,0.95646741,0.609445444,0.261083277,-0.087098743,-0.435188914,-0.783471346,-1.135519,-1.482738,-1.836236,-2.179463,-2.533567,-2.885036,-3.227167,-3.580239,-3.932588,-4.27856,-4.381981],"unit":"mW\/cm2"},"timestamps":{"value":[0.019,0.041,0.07,0.093,0.116,0.137,0.161,0.185,0.208,0.232,0.255,0.278,0.299,0.321,0.344,0.366,0.388,0.409,0.431,0.471,0.502,0.525,0.549,0.572,0.596,0.618,0.641,0.663,0.685,0.708,0.73,0.755,0.777,0.799,0.821,0.842,0.868,0.891,0.918,0.94,0.964,0.987,1.009,1.032,1.055,1.077,1.098,1.121,1.153,1.175,1.204,1.226,1.25,1.274,1.297,1.32,1.342,1.378,1.408,1.43,1.453,1.476,1.496,1.519,1.542,1.57,1.592,1.613,1.636,1.659,1.683,1.705,1.728,1.752,1.773,1.796,1.82,1.843,1.866,1.887,1.91,1.935,1.959,1.981,2.005,2.027,2.048,2.07,2.093,2.117,2.141,2.163,2.183,2.207,2.236,2.261,2.292,2.318,2.343,2.364,2.386,2.408,2.434,2.455,2.477,2.499,2.521,2.548],"unit":"s"},"p_max":{"unit":"mW","value":1.827638},"v_p_max":{"unit":"V","value":0.988003016},"i_p_max":{"unit":"mA","value":1.84983},"j_p_max":{"unit":"mA\/cm2","value":19.369949},"voc":{"unit":"V","value":1.179646},"isc":{"unit":"mA","value":2.079796},"jsc":{"unit":"mA\/cm2","value":21.777972},"fill_factor":{"unit":"%","value":74.493365},"efficiency":{"unit":"%","value":19.137568},"r_s":{"unit":"ohms","value":33.989676},"r_sh":{"unit":"ohms","value":5590.804},"cell_dimension":{"value":0.09549999823997504,"unit":"cm2"},"sweep_direction":{"unit":"","value":"Reverse"},"key":"reverse24_4cell_231020"},{"V":{"value":[1.499981,1.483977,1.467981,1.452016,1.436004,1.420012,1.404008,1.388002,1.371993,1.355991,1.339981,1.32401,1.307995,1.291994,1.276004,1.259997,1.243989,1.227984,1.212019,1.196014,1.180008,1.163998,1.147997,1.131986,1.11598,1.100013,1.084019,1.068013,1.052002,1.035983,1.020009,1.003964,0.988008499,0.972010612,0.956011295,0.940013409,0.923995018,0.90799284,0.891997576,0.875991583,0.860018253,0.844002485,0.828006029,0.811998367,0.795993567,0.779983521,0.763990879,0.74801898,0.732016802,0.716012239,0.700010061,0.683984995,0.667997837,0.651987553,0.636019707,0.620014906,0.604008913,0.588005543,0.572006226,0.555998564,0.539994001,0.524008274,0.50801158,0.492012262,0.475999355,0.459995985,0.444002151,0.428000212,0.412013054,0.396016598,0.380017281,0.364006996,0.347994089,0.332002878,0.315983295,0.300001621,0.284013271,0.268013954,0.25200367,0.23600316,0.219992876,0.203995705,0.188004017,0.171997547,0.155989647,0.139993906,0.123999596,0.108008146,0.092000246,0.075999022,0.060006142,0.044013262,0.028005362,0.012000084,-0.004004449,-0.019996762,-0.035974979,-0.051988363,-0.067989349,-0.083989143,-0.099993229,-0.115992785,-0.131983042,-0.147984266,-0.163986683,-0.179987907,-0.195986271,-0.199980497],"unit":"V"},"I":{"value":[-0.00970538,-0.010797799,-0.010726571,-0.01033394,-0.00984408,-0.009260461,-0.008624896,-0.008004472,-0.007330148999999999,-0.006646111999999999,-0.005966589,-0.0052886009999999995,-0.004625440000000001,-0.003979623,-0.003349617,-0.002749979,-0.002173647,-0.0016312899999999999,-0.001130328,-0.0006692558530000001,-0.0002540797,0.00011144578500000001,0.000431403518,0.00070476532,0.000929668546,0.001118571,0.0012750770000000001,0.00139755,0.0015048980000000002,0.0015881810000000001,0.001658574,0.0017149449999999998,0.001768962,0.001806408,0.001842201,0.001873061,0.001898512,0.00192292,0.0019426049999999998,0.001962855,0.001978531,0.001992539,0.002004817,0.0020163950000000003,0.002027914,0.002039,0.002042741,0.002056956,0.0020568970000000002,0.0020623649999999996,0.002065361,0.002065152,0.00207375,0.002068549,0.002072975,0.002074093,0.0020766559999999996,0.002074435,0.0020725730000000003,0.002074227,0.002075404,0.002080545,0.00207451,0.00208658,0.0020825559999999997,0.002085537,0.002084419,0.002084777,0.0020840760000000002,0.002087399,0.0020907369999999996,0.002084911,0.002089277,0.0020860880000000003,0.002085537,0.002087891,0.002085254,0.002091706,0.0020888,0.002093226,0.00209552,0.0020907369999999996,0.002097189,0.002092466,0.002092749,0.002095029,0.002093017,0.002093583,0.0020983670000000003,0.002095446,0.0021027330000000003,0.00210093,0.002099261,0.002097741,0.002097607,0.0021035669999999998,0.0021011380000000002,0.002103224,0.002107233,0.002102867,0.002106681,0.0021048779999999997,0.002105638,0.002105996,0.002102315,0.0021103619999999997,0.002107307,0.002109811],"unit":"A"},"resistance":{"value":[-154.55147,-137.43332,-136.854625,-140.509388,-145.874879,-153.341347,-162.785509,-173.403315,-187.171228,-204.027739,-224.580723,-250.351682,-282.782763,-324.652298,-380.940277,-458.184017,-572.305009,-752.769059,-1072.273,-1787.081,-4644.245,10444.524,2661.076,1606.188,1200.406,983.409799,850.159661,764.203864,699.051806,652.308235,614.991384,585.420687,558.524576,538.090245,518.950658,501.859458,486.694263,472.194723,459.176043,446.284304,434.675042,423.581504,413.008258,402.698,392.518418,382.532305,374.002889,363.653318,355.884088,347.180104,338.928747,331.203233,322.120733,315.19071,306.814937,298.933084,290.856561,283.453298,275.988496,268.051006,260.187424,251.861083,244.882702,235.79844,228.564919,220.564798,213.010016,205.297862,197.695753,189.717696,181.762335,174.591155,166.561975,159.150941,151.511739,143.686431,136.20083,128.131764,120.645184,112.746159,104.98245,97.571183,89.645701,82.1985,74.538158,66.82195,59.244425,51.590087,43.843743,36.268662,28.537219,20.949422,13.340583,5.72048,-1.909056,-9.50612,-17.121662,-24.71841,-32.264755,-39.940307,-47.464807,-55.106643,-62.680773,-70.268066,-78.002892,-85.287691,-93.003175,-94.78599],"unit":"ohms"},"conductance":{"value":[-0.006470336,-0.007276256,-0.007307024,-0.007116962,-0.00685519,-0.006521398,-0.006143053,-0.005766902,-0.005342702,-0.004901294,-0.004452742,-0.003994381,-0.003536283,-0.003080218,-0.002625083,-0.002182529,-0.00174732,-0.001328429,-0.000932598739,-0.000559571733,-0.000215320244,9.5743955e-5,0.000375787894,0.000622591958,0.000833051506,0.00101687,0.00117625,0.001308551,0.001430509,0.001533018,0.001626039,0.001708173,0.001790432,0.001858424,0.001926965,0.00199259,0.002054678,0.00211777,0.002177814,0.002240724,0.002300569,0.002360821,0.002421259,0.00248325,0.002547651,0.002614158,0.002673776,0.002749872,0.002809904,0.002880349,0.002950473,0.003019294,0.003104426,0.003172682,0.003259294,0.00334523,0.003438121,0.003527918,0.003623339,0.003730633,0.003843383,0.003970443,0.004083588,0.00424091,0.004375125,0.004533815,0.004694615,0.004870971,0.005058278,0.00527099,0.00550169,0.005727667,0.006003771,0.006283343,0.006600149,0.006959599,0.007342099,0.007804466,0.008288768,0.008869482,0.009525402,0.010248928,0.011155025,0.012165672,0.013415947,0.014965143,0.016879225,0.019383569,0.022808272,0.027572013,0.035041957,0.047734013,0.074959242,0.174810508,-0.523819092,-0.105195386,-0.058405544,-0.040455676,-0.030993572,-0.025037364,-0.021068241,-0.018146632,-0.015953856,-0.014231216,-0.012820038,-0.011725021,-0.010752321,-0.010550082],"unit":"S"},"power":{"value":[-14.557882,-16.023688,-15.746401,-15.005043,-14.136137,-13.149961,-12.109425,-11.110222,-10.056914,-9.012068,-7.995115,-7.002161,-6.05005,-5.141649,-4.274125,-3.464965,-2.703994,-2.003198,-1.369979,-0.80043964,-0.299816183,0.129722684,0.495250108,0.797784407,1.037491,1.230442,1.382209,1.492602,1.583155,1.645329,1.691759,1.721743,1.747749,1.755848,1.761165,1.760703,1.754216,1.745998,1.732799,1.719445,1.701573,1.681708,1.660001,1.63731,1.614206,1.590387,1.560635,1.538642,1.505683,1.476679,1.445773,1.412533,1.38526,1.348668,1.318453,1.285968,1.254319,1.219779,1.185524,1.153267,1.120706,1.090223,1.053875,1.026623,0.991295545,0.959338517,0.925486579,0.892284894,0.858666684,0.826644794,0.794516274,0.758922143,0.727056015,0.692587241,0.658994765,0.626370716,0.592239695,0.560606342,0.526385284,0.494007885,0.460999581,0.426501413,0.394280036,0.359898978,0.326447159,0.293291259,0.259533274,0.226124056,0.193050245,0.159251845,0.126176874,0.092468765,0.058790555,0.025173065,-0.008399758,-0.042064532,-0.075588405,-0.109343194,-0.143269388,-0.176617979,-0.210653882,-0.24415071,-0.277908559,-0.311654275,-0.344751733,-0.37983965,-0.413003302,-0.421920995],"unit":"mW"},"J":{"value":[-0.10162701199999999,-0.11306595400000001,-0.112320116,-0.1082088,-0.103079368,-0.096968175,-0.090313051,-0.083816457,-0.07675549100000001,-0.069592792,-0.06247737,-0.05537802,-0.048433923,-0.041671448,-0.035074525,-0.028795597,-0.022760705000000003,-0.017081568000000002,-0.011835891,-0.007007915,-0.00266052,0.0011669719999999998,0.004517314,0.007379742,0.009734749000000001,0.011712781,0.013351596,0.014634033000000001,0.015758095,0.016630164,0.017367264,0.017957538,0.018523157999999998,0.018915269,0.01929006,0.019613205,0.019879709,0.020135292,0.020341411,0.020553460000000003,0.020717607000000002,0.020864278,0.02099285,0.021114087,0.021234701,0.021350789,0.021389954,0.021538809,0.021538184999999998,0.021595449,0.021626812000000002,0.021624628,0.021714659,0.021660203,0.021706544999999997,0.021718247000000003,0.021745085,0.021721836,0.021702331999999998,0.021719652,0.021731978000000002,0.021785810000000003,0.021722616,0.021849003,0.021806874,0.021838081,0.021826377999999997,0.021830123,0.02182279,0.021857585,0.021892536,0.021831527,0.021877245,0.021843854,0.021838081,0.021862733999999998,0.021835115999999998,0.021902678999999998,0.021872252,0.021918594,0.021942623,0.021892536,0.021960099,0.021910636,0.021913601,0.021937474000000002,0.021916409,0.021922339000000002,0.021972425,0.021941843,0.022018142999999997,0.021999262999999998,0.021981787,0.021965872,0.021964468,0.022026880999999998,0.022001447,0.022023292,0.022065265,0.022019547,0.022059492,0.022040612,0.022048569,0.022052314,0.022013774,0.022098032,0.022066045,0.022092259],"unit":"A\/cm2"},"power_density":{"value":[-152.438555,-167.787312,-164.883781,-157.12087,-148.022376,-137.695926,-126.80026,-116.337403,-105.308002,-94.367208,-83.718479,-73.32106,-63.35131,-53.839255,-44.755237,-36.282356,-28.314071,-20.975899,-14.345327,-8.381567,-3.139436,1.358353,5.185865,8.353763,10.863782,12.884214,14.47339,15.62934,16.577543,17.228573,17.714758,18.028725,18.301037,18.385842,18.441516,18.436676,18.368752,18.282701,18.14449,18.004658,17.81752,17.609503,17.382206,17.144604,16.902685,16.653264,16.34173,16.111438,15.766313,15.462606,15.138986,14.790921,14.505345,14.122183,13.80579,13.465637,13.134225,12.77256,12.413869,12.076095,11.735138,11.415945,11.035341,10.749977,10.380058,10.045429,9.690959,9.343297,8.991274,8.655966,8.319542,7.946829,7.613152,7.252222,6.900469,6.558856,6.201463,5.870223,5.511888,5.172857,4.827221,4.465983,4.128587,3.768576,3.418295,3.071113,2.717626,2.367791,2.021469,1.667559,1.321224,0.968259322,0.615607901,0.263592307,-0.087955583,-0.440466301,-0.79150162,-1.144955,-1.500203,-1.849403,-2.2058,-2.556552,-2.910037,-3.263396,-3.609966,-3.977379,-4.324642,-4.418021],"unit":"mW\/cm2"},"timestamps":{"value":[0.019,0.042,0.064,0.086,0.112,0.136,0.16,0.196,0.22,0.246,0.268,0.292,0.313,0.337,0.36,0.383,0.405,0.428,0.449,0.476,0.498,0.52,0.543,0.564,0.593,0.616,0.64,0.661,0.684,0.706,0.728,0.75,0.772,0.794,0.82,0.842,0.864,0.886,0.908,0.93,0.953,0.975,0.99,1.012,1.035,1.072,1.101,1.124,1.148,1.171,1.191,1.22,1.241,1.262,1.285,1.308,1.332,1.354,1.378,1.4,1.424,1.446,1.467,1.491,1.513,1.534,1.556,1.578,1.601,1.622,1.639,1.661,1.683,1.709,1.731,1.753,1.775,1.796,1.818,1.839,1.862,1.887,1.908,1.944,1.967,1.996,2.02,2.042,2.064,2.087,2.114,2.138,2.159,2.186,2.209,2.231,2.253,2.275,2.297,2.319,2.342,2.364,2.39,2.413,2.436,2.457,2.48,2.503],"unit":"s"},"p_max":{"unit":"mW","value":1.761165},"v_p_max":{"unit":"V","value":0.956011295},"i_p_max":{"unit":"mA","value":1.842201},"j_p_max":{"unit":"mA\/cm2","value":19.29006},"voc":{"unit":"V","value":1.16888},"isc":{"unit":"mA","value":2.09764},"jsc":{"unit":"mA\/cm2","value":21.964819},"fill_factor":{"unit":"%","value":71.828902},"efficiency":{"unit":"%","value":18.441516},"r_s":{"unit":"ohms","value":34.435897},"r_sh":{"unit":"ohms","value":4666.95},"cell_dimension":{"value":0.09550000348332588,"unit":"cm2"},"sweep_direction":{"unit":"","value":"Reverse"},"key":"reverse24_3cell_231020"},{"V":{"value":[1.49999,1.483983,1.467982,1.452014,1.436004,1.41999,1.404023,1.388003,1.371992,1.35599,1.339977,1.324012,1.307999,1.291998,1.276006,1.260002,1.243992,1.227984,1.212015,1.196014,1.180011,1.163997,1.147997,1.13199,1.115974,1.100016,1.084017,1.068011,1.052019,1.036001,1.019999,1.003987,0.988012552,0.972007751,0.956009865,0.940011978,0.923997641,0.90799427,0.892001867,0.875993013,0.860019445,0.844002485,0.827999115,0.81200242,0.795996428,0.779986143,0.76399374,0.74801755,0.732019663,0.716024399,0.700008869,0.683989048,0.66798687,0.651986361,0.636022568,0.620016336,0.604014397,0.588001251,0.572006226,0.556002855,0.539992571,0.524009705,0.508014441,0.49201107,0.476004839,0.459995985,0.443999529,0.427998781,0.412013054,0.396013737,0.380017281,0.364016533,0.347992659,0.331987858,0.315983295,0.299988031,0.284011841,0.26800704,0.2520051,0.23600173,0.219990015,0.203995705,0.188006878,0.17200017,0.155997753,0.139993906,0.124002457,0.108008146,0.092001438,0.075997591,0.060008764,0.044013262,0.028014898,0.01200065,-0.003995419,-0.01999861,-0.035998106,-0.051992416,-0.067984104,-0.08398509,-0.099991798,-0.115990162,-0.131980419,-0.147984266,-0.163990974,-0.179987907,-0.195980787,-0.199981928],"unit":"V"},"I":{"value":[-0.009150684,-0.008941530999999999,-0.008508950000000001,-0.008021876,-0.007529855,-0.007027581,-0.006519288000000001,-0.006021723,-0.005515009,-0.0050213340000000006,-0.004538134,-0.004061654,-0.003593847,-0.003131941,-0.002681181,-0.0022456200000000003,-0.00181894,-0.001412228,-0.001027212,-0.000658854842,-0.000317662954,-4.0829179999999996e-6,0.000285565853,0.000541880727,0.000771209598,0.000966414809,0.0011397900000000001,0.001279727,0.001407251,0.001504689,0.001593307,0.0016629400000000001,0.001723751,0.0017743709999999998,0.001809746,0.001848996,0.00187777,0.00190419,0.0019238139999999998,0.001947537,0.001956686,0.00197722,0.001983806,0.0020052340000000003,0.002010092,0.002026454,0.0020367799999999998,0.002041921,0.002048984,0.002056822,0.0020650770000000002,0.002063617,0.002071187,0.002068549,0.002077699,0.002076864,0.0020751949999999997,0.002082065,0.0020758960000000003,0.002080962,0.002080128,0.002085596,0.002080545,0.0020796359999999997,0.002080888,0.0020821990000000003,0.002079844,0.0020821990000000003,0.002084419,0.002089769,0.002085954,0.002087891,0.002090812,0.002085596,0.002090186,0.002088234,0.0020843600000000004,0.002088934,0.0020851190000000003,0.0020905290000000003,0.002084419,0.002090946,0.0020924059999999998,0.002094969,0.002091989,0.002094969,0.002093509,0.002094761,0.002096146,0.00209406,0.0020976659999999998,0.0020948950000000003,0.0021002290000000003,0.002104536,0.0020987840000000002,0.002098024,0.002098843,0.002097607,0.0021064129999999997,0.002098292,0.002106547,0.002104953,0.002107933,0.00210467,0.002104327,0.002110079,0.002104193,0.002105027],"unit":"A"},"resistance":{"value":[-163.921106,-165.965177,-172.522106,-181.006808,-190.70805,-202.059502,-215.364501,-230.499363,-248.774178,-270.045724,-295.270449,-325.978406,-363.955004,-412.523073,-475.911766,-561.093238,-683.910312,-869.537104,-1179.908,-1815.293,-3714.664,-285089.401,4020.079,2089.002,1447.044,1138.244,951.067068,834.561498,747.570643,688.514805,640.17747,603.742433,573.175771,547.804226,528.256369,508.390574,492.071833,476.840267,463.663158,449.795298,439.528509,426.863176,417.378973,404.941406,395.99997,384.902046,375.098781,366.330305,357.259794,348.121683,338.974636,331.45153,322.514047,315.190134,306.118768,298.534841,291.063879,282.412568,275.546712,267.185484,259.595888,251.25174,244.173754,236.585202,228.75087,220.918373,213.477274,205.551348,197.663247,189.501234,182.179132,174.346513,166.439022,159.181263,151.174734,143.656341,136.258566,128.298461,120.858829,112.890935,105.540201,97.561448,89.852,82.101529,74.569111,66.823851,59.231876,51.561095,43.890751,36.29198,28.607394,21.009773,13.338972,5.702279,-1.903683,-9.532117,-17.151401,-24.786542,-32.274818,-40.025452,-47.46715,-55.103447,-62.611292,-70.312343,-77.930363,-85.299135,-93.13822,-95.002053],"unit":"ohms"},"conductance":{"value":[-0.006100496,-0.00602536,-0.005796359,-0.005524654,-0.005243617,-0.004949037,-0.004643291,-0.004338407,-0.00401971,-0.003703077,-0.003386726,-0.003067688,-0.002747592,-0.002424107,-0.00210123,-0.001782235,-0.00146218,-0.001150037,-0.000847523684,-0.00055087534,-0.000269203376,-3.507672e-6,0.000248751311,0.000478697469,0.00069106401,0.000878546236,0.001051451,0.001198234,0.001337666,0.001452402,0.001562067,0.001656335,0.001744666,0.00182547,0.00189302,0.001966992,0.002032224,0.002097138,0.002156738,0.002223234,0.002275165,0.002342671,0.002395904,0.002469493,0.002525253,0.002598064,0.002665964,0.002729777,0.002799084,0.002872559,0.002950073,0.003017032,0.00310064,0.003172688,0.003266706,0.003349693,0.003435672,0.003540919,0.003629149,0.003742718,0.003852141,0.003980072,0.004095444,0.004226807,0.004371568,0.004526559,0.004684339,0.004864964,0.005059109,0.005277011,0.005489103,0.005735704,0.006008206,0.006282146,0.006614862,0.006961057,0.007338988,0.007794326,0.008274116,0.008858107,0.009475062,0.01024995,0.011129413,0.012180041,0.013410379,0.014964717,0.016882801,0.019394468,0.022783843,0.027554297,0.034955998,0.047596896,0.074968299,0.175368473,-0.525297619,-0.104908486,-0.058304275,-0.040344473,-0.030983908,-0.024984103,-0.021067201,-0.018147685,-0.01597156,-0.014222254,-0.012831969,-0.011723448,-0.010736731,-0.010526088],"unit":"S"},"power":{"value":[-13.725936,-13.269078,-12.490987,-11.647878,-10.812901,-9.979092,-9.153231,-8.358172,-7.566548,-6.808877,-6.080994,-5.377677,-4.700747,-4.046461,-3.421202,-2.829486,-2.262747,-1.734194,-1.244996,-0.787999882,-0.374845791,-0.004752503,0.327828851,0.61340354,0.860650004,1.063072,1.235551,1.366762,1.480455,1.55886,1.625171,1.66957,1.703088,1.724702,1.730135,1.738078,1.735055,1.728993,1.716046,1.706029,1.682788,1.668779,1.64259,1.628255,1.600026,1.580606,1.556087,1.527393,1.499897,1.472735,1.445573,1.411492,1.383526,1.348666,1.321463,1.28769,1.253448,1.224257,1.187425,1.157021,1.123253,1.092873,1.056947,1.023204,0.990512546,0.957803115,0.923449967,0.891178574,0.858807892,0.827577091,0.792698548,0.76002688,0.727587132,0.692392656,0.660463823,0.626445155,0.591982786,0.559849067,0.525460745,0.493368368,0.458551396,0.42654397,0.393386748,0.36033505,0.326345571,0.293282915,0.259600239,0.226251203,0.192848478,0.159143529,0.12587836,0.092203147,0.058837709,0.025255797,-0.00838552,-0.041957562,-0.075554389,-0.109059639,-0.143202617,-0.176225252,-0.210637459,-0.244153831,-0.278205902,-0.311458018,-0.345090649,-0.379788691,-0.412381395,-0.420967445],"unit":"mW"},"J":{"value":[-0.095818679,-0.09362859899999999,-0.08909895799999999,-0.08399870400000001,-0.078846647,-0.073587239,-0.06826479399999999,-0.063054693,-0.057748787,-0.05257941,-0.047519725,-0.042530411000000004,-0.037631907,-0.032795193,-0.028075192000000002,-0.023514344,-0.019046493,-0.014787725,-0.010756142,-0.006899003999999999,-0.003326314,-4.275307e-5,0.002990218,0.005674144,0.008075493,0.010119527,0.011934972,0.013400279,0.01473561,0.015755911,0.016683839,0.017412982,0.018049752999999998,0.018579798,0.01895022,0.019361211,0.019662510999999997,0.019939158,0.020144653999999998,0.020393058,0.020488863,0.020703876,0.020772843000000003,0.020997218,0.021048085,0.02121941,0.021327541,0.021381372,0.021455331999999997,0.021537405,0.021623847,0.021608556,0.021687821,0.021660203,0.021756007,0.02174727,0.021729793999999997,0.021801725,0.021737127000000002,0.021790179,0.021781441000000002,0.021838705,0.021785810000000003,0.021776292000000003,0.021789397999999998,0.021803128999999997,0.021778476,0.021803128999999997,0.021826377999999997,0.021882394000000003,0.02184245,0.021862733999999998,0.021893317,0.021838705,0.021886763,0.021866323,0.021825754,0.021873656000000002,0.021833711999999998,0.021890352,0.021826377999999997,0.021894721,0.021910012,0.02193685,0.021905643000000002,0.02193685,0.021921559,0.021934665,0.021949176,0.021927332,0.021965092,0.021936070000000002,0.021991929,0.022037023000000003,0.021976794,0.021968837,0.021977418,0.021964468,0.022056683,0.021971644999999998,0.022058087,0.022041392,0.022072599000000002,0.022038427,0.022034839,0.022095067,0.022033434,0.022042172000000002],"unit":"A\/cm2"},"power_density":{"value":[-143.727082,-138.94323,-130.795671,-121.967311,-113.224094,-104.493113,-95.845352,-87.520125,-79.230867,-71.297139,-63.675328,-56.310755,-49.222484,-42.371321,-35.8241,-29.628124,-23.693682,-18.159096,-13.036607,-8.251308,-3.925087,-0.049764432,3.432763,6.423074,9.012042,11.13164,12.937707,14.311639,15.502147,16.323139,17.0175,17.482413,17.833383,18.059707,18.116597,18.199771,18.168114,18.104641,17.969069,17.864177,17.62082,17.474123,17.199895,17.049792,16.754201,16.550845,16.294107,15.993641,15.705725,15.421307,15.136885,14.780016,14.48718,14.122157,13.837312,13.483662,13.125108,12.819442,12.433772,12.115402,11.761816,11.443693,11.067506,10.714177,10.371859,10.029352,9.669633,9.331713,8.992753,8.665729,8.300508,7.958397,7.618713,7.250185,6.915852,6.559635,6.198773,5.862294,5.502207,5.166161,4.801585,4.466429,4.119233,3.773142,3.417231,3.071025,2.718327,2.369123,2.019356,1.666424,1.318098,0.965477974,0.616101667,0.264458604,-0.087806491,-0.439346195,-0.791145437,-1.141986,-1.499504,-1.845291,-2.205628,-2.556585,-2.913151,-3.26134,-3.613515,-3.976845,-4.31813,-4.408036],"unit":"mW\/cm2"},"timestamps":{"value":[0.018,0.041,0.066,0.089,0.113,0.134,0.156,0.18,0.203,0.226,0.249,0.274,0.296,0.318,0.341,0.364,0.387,0.41,0.432,0.453,0.475,0.498,0.519,0.54,0.561,0.589,0.609,0.631,0.652,0.675,0.699,0.72,0.742,0.778,0.8,0.822,0.845,0.867,0.889,0.912,0.936,0.959,0.981,1.004,1.024,1.047,1.069,1.084,1.106,1.136,1.161,1.182,1.204,1.225,1.246,1.268,1.29,1.313,1.334,1.358,1.379,1.402,1.424,1.45,1.474,1.495,1.516,1.54,1.564,1.586,1.607,1.643,1.669,1.692,1.714,1.738,1.759,1.782,1.803,1.825,1.848,1.873,1.897,1.918,1.939,1.962,1.983,2.004,2.026,2.047,2.07,2.091,2.119,2.145,2.166,2.19,2.214,2.238,2.261,2.283,2.306,2.33,2.353,2.375,2.398,2.419,2.443,2.465],"unit":"s"},"p_max":{"unit":"mW","value":1.738078},"v_p_max":{"unit":"V","value":0.940011978},"i_p_max":{"unit":"mA","value":1.848996},"j_p_max":{"unit":"mA\/cm2","value":19.361211},"voc":{"unit":"V","value":1.163771},"isc":{"unit":"mA","value":2.100221},"jsc":{"unit":"mA\/cm2","value":21.991838},"fill_factor":{"unit":"%","value":71.111001},"efficiency":{"unit":"%","value":18.199771},"r_s":{"unit":"ohms","value":43.744879},"r_sh":{"unit":"ohms","value":4625.882},"cell_dimension":{"value":0.09550000162285684,"unit":"cm2"},"sweep_direction":{"unit":"","value":"Reverse"},"key":"reverse24_2cell_231020"},{"V":{"value":[1.499992,1.483976,1.467982,1.452013,1.436007,1.42001,1.404005,1.388001,1.37199,1.355994,1.339981,1.324008,1.308,1.291983,1.276007,1.259999,1.243985,1.227983,1.212019,1.196016,1.180012,1.163991,1.147999,1.131987,1.115977,1.100016,1.084014,1.068015,1.052004,1.035995,1.020007,1.003985,0.988008499,0.972009182,0.956016779,0.940014601,0.924003124,0.907996893,0.891996384,0.875988722,0.860019445,0.844001055,0.828007221,0.81200242,0.795993567,0.779984713,0.76399231,0.74801898,0.732019663,0.716009378,0.700010061,0.683993101,0.667985678,0.65198493,0.63602376,0.620017767,0.603992462,0.587996006,0.572016954,0.556001425,0.539999247,0.524008274,0.50801158,0.492015123,0.475996733,0.459998846,0.444005013,0.427994728,0.412014484,0.396016598,0.380011797,0.364004374,0.347991467,0.331986666,0.315991402,0.299983978,0.284009218,0.268012524,0.2520051,0.235989332,0.219996929,0.203998327,0.188002825,0.1720016,0.155996323,0.139995337,0.124005079,0.108004093,0.092001438,0.076004505,0.060006142,0.044011831,0.027998447,0.0120022,-0.003999919,-0.02000016,-0.035994053,-0.051993847,-0.067984104,-0.083983898,-0.099971294,-0.115988731,-0.131984472,-0.147985697,-0.163986683,-0.17999053,-0.195983648,-0.199979067],"unit":"V"},"I":{"value":[-0.011753514,-0.011782363,-0.011262134,-0.010642037,-0.009980962,-0.009294584,-0.008612216,-0.00791119,-0.007218212,-0.006533429,-0.0058515519999999994,-0.005185828,-0.004524678,-0.0038870420000000003,-0.003272638,-0.002677441,-0.002114907,-0.001578301,-0.00108324,-0.000629171729,-0.000217109919,0.000144943595,0.000462472439,0.000734105706,0.000962540507,0.0011501159999999999,0.001308993,0.0014342369999999999,0.0015386640000000001,0.001621604,0.001687974,0.001750037,0.001791641,0.00183624,0.001867294,0.001898512,0.0019201490000000001,0.001941994,0.001959741,0.0019808259999999998,0.001995385,0.002011269,0.0020263200000000003,0.002031237,0.0020439919999999997,0.00205259,0.002061814,0.002073124,0.002072707,0.002085537,0.002081588,0.002090812,0.0020888,0.0020944180000000002,0.002092674,0.00209406,0.002095178,0.002092466,0.002096832,0.0020956549999999997,0.002090946,0.002101421,0.0020958039999999997,0.002098918,0.002099469,0.0021027330000000003,0.002102241,0.002101421,0.002103224,0.002102658,0.0020978750000000003,0.00210537,0.0021001699999999997,0.002103701,0.002104819,0.002107039,0.0021057130000000004,0.002110019,0.002109811,0.0021073819999999997,0.002111048,0.002108425,0.002108634,0.00210765,0.002108559,0.002111256,0.0021066220000000003,0.002117708,0.002110988,0.0021162480000000003,0.002112031,0.002113551,0.002114862,0.00210987,0.002115071,0.002117157,0.0021146539999999997,0.002114937,0.0021168740000000004,0.002115488,0.002117291,0.0021236090000000003,0.00211972,0.002128392,0.002115428,0.002125829,0.002120838,0.002122283],"unit":"A"},"resistance":{"value":[-127.620693,-125.948919,-130.346708,-136.441248,-143.874591,-152.778223,-163.024867,-175.447772,-190.073451,-207.547023,-228.995806,-255.312673,-289.081364,-332.38199,-389.901677,-470.598397,-588.19855,-778.040975,-1118.883,-1900.937,-5435.092,8030.65,2482.308,1541.995,1159.408,956.438801,828.128454,744.657122,683.712797,638.870837,604.27903,573.693383,551.454468,529.347486,511.979699,495.13223,481.214351,467.559102,455.160315,442.234001,431.004331,419.636019,408.626191,399.757618,389.430808,380.000203,370.543746,360.817279,353.170866,343.321396,336.286571,327.142368,319.793975,311.296498,303.92868,296.084025,288.27743,281.006274,272.800591,265.311575,258.25597,249.358974,242.394648,234.413699,226.722406,218.762402,211.20558,203.669163,195.896589,188.340933,181.141307,172.89329,165.696836,157.810748,150.127602,142.372289,134.875566,127.01899,119.444412,111.982238,104.212211,96.753898,89.158606,81.608235,73.982431,66.309026,58.864422,51.000457,43.582172,35.914744,28.411582,20.823644,13.238899,5.688596,-1.891151,-9.446706,-17.021253,-24.584115,-32.115331,-39.699538,-47.216604,-54.61868,-62.265051,-69.529328,-77.519371,-84.668377,-92.408608,-94.228276],"unit":"ohms"},"conductance":{"value":[-0.00783572,-0.007939727,-0.007671847,-0.007329162,-0.006950498,-0.006545435,-0.006134034,-0.005699702,-0.005261124,-0.004818185,-0.004366892,-0.003916766,-0.003459234,-0.003008587,-0.002564749,-0.002124954,-0.001700106,-0.001285279,-0.000893748142,-0.000526056354,-0.000183989513,0.000124522929,0.000402850974,0.000648510667,0.000862509232,0.001045545,0.001207542,0.0013429,0.001462602,0.001565262,0.001654865,0.001743091,0.001813386,0.001889118,0.001953202,0.002019663,0.002078076,0.002138767,0.002197028,0.002261246,0.002320162,0.002383018,0.002447224,0.002501516,0.00256785,0.002631578,0.002698737,0.002771486,0.002831491,0.002912723,0.002973654,0.003056773,0.003127013,0.003212372,0.003290246,0.00337742,0.003468881,0.003558639,0.003665681,0.003769153,0.003872127,0.004010283,0.004125504,0.004265962,0.00441068,0.004571169,0.004734723,0.004909923,0.005104734,0.00530952,0.005520552,0.005783914,0.006035118,0.006336704,0.006661,0.007023839,0.007414241,0.007872839,0.008372095,0.008929988,0.009595804,0.010335501,0.011215967,0.012253665,0.013516723,0.015080903,0.01698819,0.019607667,0.022945162,0.027843718,0.035196914,0.048022335,0.075534981,0.1757903,-0.528778452,-0.105857004,-0.058750083,-0.040676673,-0.031137777,-0.02518921,-0.02117899,-0.018308754,-0.016060374,-0.01438242,-0.012900001,-0.011810785,-0.010821503,-0.010612526],"unit":"S"},"power":{"value":[-17.630174,-17.484743,-16.53261,-15.452373,-14.332729,-13.198404,-12.091596,-10.980738,-9.903318,-8.859289,-7.840967,-6.866075,-5.918279,-5.021992,-4.175908,-3.373573,-2.630913,-1.938127,-1.312908,-0.752499351,-0.25619241,0.168713071,0.530917809,0.830998186,1.074173,1.265146,1.418966,1.531786,1.618681,1.679974,1.721745,1.75701,1.770157,1.784842,1.785165,1.784629,1.774223,1.763324,1.748082,1.735181,1.71607,1.697513,1.677807,1.649369,1.627005,1.600989,1.57521,1.550736,1.517262,1.493264,1.457132,1.430101,1.395289,1.365529,1.330991,1.298355,1.265472,1.230362,1.199423,1.165187,1.129109,1.101162,1.064693,1.032699,0.999340529,0.967254596,0.933405506,0.899397262,0.866558915,0.832687528,0.797217203,0.766363948,0.730841119,0.698400758,0.66510465,0.63207797,0.598041872,0.565511605,0.531683059,0.497319629,0.464423969,0.430115153,0.396429058,0.36251918,0.328927452,0.295566011,0.261231811,0.228721167,0.194213923,0.160844383,0.12673483,0.093021246,0.059212858,0.025323085,-0.008460111,-0.042343478,-0.076114953,-0.109963695,-0.143913773,-0.177666933,-0.211668331,-0.246314735,-0.279770123,-0.314971641,-0.346902094,-0.382629171,-0.415649484,-0.42441217],"unit":"mW"},"J":{"value":[-0.123073449,-0.123375529,-0.11792810199999999,-0.11143494,-0.10451268799999999,-0.097325491,-0.090180267,-0.08283969000000001,-0.075583371,-0.068412869,-0.061272795000000005,-0.05430186,-0.047378827,-0.040702015,-0.034268458,-0.028036028,-0.022145622,-0.016526713999999998,-0.011342826,-0.006588186,-0.002273402,0.001517734,0.004842643,0.007686971,0.010078958,0.012043103000000001,0.013706728,0.015018186,0.016111666,0.016980146,0.017675118,0.018324996,0.01876064,0.019227647,0.019552820000000002,0.019879709,0.020106269,0.020335014000000002,0.020520848999999997,0.020741636,0.020894081,0.021060412,0.021218005,0.021269496,0.021403061,0.021493092000000002,0.021589676000000002,0.021708105,0.021703735999999998,0.021838081,0.021796732,0.021893317,0.021872252,0.021931076999999997,0.021912821000000002,0.021927332,0.021939034,0.021910636,0.021956354,0.021944026999999998,0.021894721,0.022004411999999998,0.021945588000000002,0.021978199,0.021983972,0.022018142999999997,0.022012993999999998,0.022004411999999998,0.022023292,0.022017362999999998,0.021967275999999997,0.022045761,0.021991305,0.022028285,0.022039988,0.022063237,0.02204935,0.022094443,0.022092259,0.022066825,0.022105208999999997,0.022077748,0.022079932,0.022069634,0.022079152,0.022107394,0.022058868,0.022174956000000003,0.022104585,0.022159665000000002,0.022115508,0.022131423,0.022145154,0.022092883,0.022147338000000003,0.022169183000000002,0.022142969999999998,0.022145934,0.022166218,0.022151707,0.022170587000000002,0.022236745,0.022196021,0.022286832,0.022151083,0.022259993999999998,0.022207723000000002,0.022222857999999998],"unit":"A\/cm2"},"power_density":{"value":[-184.609147,-183.086311,-173.116337,-161.804957,-150.080929,-138.203179,-126.613572,-114.98155,-103.699662,-92.767423,-82.104371,-71.89607,-61.97151,-52.586307,-43.72679,-35.325375,-27.548826,-20.294524,-13.747723,-7.879574,-2.682643,1.766629,5.559349,8.701552,11.247886,13.247604,14.858284,16.039642,16.949543,17.591355,18.028746,18.398015,18.535672,18.689449,18.692824,18.687217,18.578256,18.464129,18.304523,18.169439,17.969316,17.77501,17.568662,17.270882,17.036698,16.764283,16.494347,16.238075,15.887562,15.636271,15.257932,14.974877,14.610351,14.298731,13.937075,13.595335,13.251011,12.883367,12.559407,12.20091,11.823133,11.530494,11.148613,10.813606,10.464299,10.12832,9.77388,9.417772,9.073915,8.719241,8.347824,8.024753,7.652787,7.313097,6.964447,6.618617,6.262219,5.921587,5.567362,5.207535,4.863078,4.503824,4.15109,3.796012,3.444267,3.094932,2.735412,2.394986,2.033654,1.684234,1.327066,0.974044457,0.620029929,0.265163196,-0.088587553,-0.443387203,-0.797015215,-1.151452,-1.506951,-1.860387,-2.216422,-2.579212,-2.92953,-3.298132,-3.632483,-4.006588,-4.352351,-4.444106],"unit":"mW\/cm2"},"timestamps":{"value":[0.019,0.043,0.067,0.09,0.115,0.136,0.162,0.184,0.206,0.232,0.255,0.278,0.301,0.322,0.344,0.372,0.394,0.418,0.439,0.466,0.502,0.527,0.551,0.574,0.597,0.62,0.641,0.664,0.687,0.71,0.735,0.757,0.779,0.802,0.822,0.843,0.863,0.885,0.906,0.929,0.952,0.976,0.998,1.02,1.042,1.067,1.091,1.114,1.135,1.156,1.179,1.201,1.226,1.248,1.27,1.291,1.312,1.336,1.359,1.395,1.418,1.441,1.464,1.486,1.507,1.529,1.551,1.572,1.594,1.621,1.644,1.665,1.688,1.709,1.732,1.755,1.778,1.798,1.821,1.844,1.867,1.891,1.912,1.935,1.956,1.978,2.002,2.024,2.047,2.068,2.091,2.116,2.14,2.17,2.194,2.215,2.24,2.277,2.303,2.324,2.353,2.374,2.397,2.422,2.445,2.466,2.489,2.512],"unit":"s"},"p_max":{"unit":"mW","value":1.785165},"v_p_max":{"unit":"V","value":0.956016779},"i_p_max":{"unit":"mA","value":1.867294},"j_p_max":{"unit":"mA\/cm2","value":19.55282},"voc":{"unit":"V","value":1.170405},"isc":{"unit":"mA","value":2.113771},"jsc":{"unit":"mA\/cm2","value":22.133727},"fill_factor":{"unit":"%","value":72.157946},"efficiency":{"unit":"%","value":18.692824},"r_s":{"unit":"ohms","value":32.858119},"r_sh":{"unit":"ohms","value":4721.302},"cell_dimension":{"value":0.09549999691647545,"unit":"cm2"},"sweep_direction":{"unit":"","value":"Reverse"},"key":"reverse24_1cell_231020"},{"V":{"value":[-0.199970961,-0.183986187,-0.167986393,-0.151985168,-0.135986805,-0.119982958,-0.103994131,-0.0879848,-0.071989059,-0.055993319,-0.039990902,-0.023984194,-0.007996231,0.008003265,0.023997545,0.039994478,0.056026936,0.07199955,0.087999105,0.10400033,0.120001554,0.135999918,0.15199542,0.168004751,0.183999062,0.199997425,0.215976954,0.231988668,0.247993231,0.263989925,0.279993296,0.296014547,0.312021971,0.327987194,0.343991995,0.359995365,0.376001358,0.392013073,0.407998562,0.424004793,0.440012217,0.45599103,0.471997261,0.488007545,0.504008055,0.520011425,0.536009312,0.552016974,0.567992926,0.583982706,0.599994421,0.616009951,0.632013321,0.648010015,0.664017439,0.679993629,0.695994377,0.71200037,0.727983236,0.743989468,0.760014772,0.776024818,0.791994095,0.807998896,0.823999643,0.840003014,0.85601449,0.872008324,0.888014555,0.903985262,0.919983149,0.936011076,0.95200634,0.968011141,0.98401165,1.000015,1.016023,1.031996,1.047986,1.063995,1.079984,1.096007,1.11201,1.128025,1.143994,1.159995,1.175994,1.192009,1.208005,1.22401,1.240006,1.255974,1.271996,1.287996,1.304003,1.320001,1.336015,1.352016,1.367979,1.383987,1.39999,1.415979,1.431996,1.448005,1.464022,1.480019,1.495987,1.500001],"unit":"V"},"I":{"value":[0.001958489,0.002110228,0.002119094,0.002119586,0.0021174400000000004,0.0021162480000000003,0.002113551,0.0021201370000000002,0.0021152199999999997,0.002114177,0.0021152199999999997,0.002113834,0.0021138940000000003,0.0021160389999999997,0.00211224,0.002107039,0.002111405,0.00210613,0.002112582,0.0021057130000000004,0.002112642,0.002108276,0.002105638,0.002105638,0.002104953,0.002108634,0.002103433,0.002103284,0.002105296,0.002098918,0.002106339,0.002097458,0.002103984,0.002093434,0.0021002290000000003,0.002099618,0.002094269,0.002098918,0.002094612,0.0020994100000000003,0.002093017,0.002099678,0.0020956549999999997,0.002091914,0.0020939260000000003,0.002089769,0.0020915720000000003,0.002088591,0.002089694,0.0020913629999999997,0.0020892019999999996,0.0020867140000000004,0.002088726,0.0020826910000000002,0.002088174,0.002080336,0.002083868,0.0020788760000000003,0.00207597,0.0020733329999999997,0.002067432,0.002070278,0.0020596679999999997,0.002059802,0.002054185,0.0020450349999999997,0.002038583,0.0020304769999999997,0.0020218790000000003,0.002009735,0.001994267,0.001983181,0.001961753,0.001944691,0.001913413,0.0018833880000000002,0.001842678,0.001789495,0.0017264630000000001,0.0016402600000000002,0.0015365930000000002,0.001399562,0.0012283329999999999,0.001019254,0.000766217709,0.00047273933899999996,0.00012655556200000001,-0.00025165081,-0.000674307346,-0.0011284650000000002,-0.001617834,-0.002132654,-0.002668291,-0.003226876,-0.003804937,-0.004395351,-0.005005181,-0.005623817,-0.0062544490000000005,-0.006900474,-0.007548586,-0.008212015,-0.008880511,-0.009561002,-0.010241076,-0.010934338,-0.011633277,-0.011823148],"unit":"A"},"resistance":{"value":[-102.104693,-87.187826,-79.272738,-71.705124,-64.222268,-56.696076,-49.203514,-41.499578,-34.033843,-26.484691,-18.906263,-11.346299,-3.782703,3.782191,11.361185,18.981365,26.535379,34.185708,41.654758,49.389606,56.801653,64.507648,72.184959,79.788036,87.412435,94.846934,102.678313,110.298309,117.794966,125.774294,132.928902,141.130167,148.300518,156.674221,163.787831,171.457528,179.538251,186.769126,194.784836,201.963815,210.228677,217.171894,225.226647,233.282749,240.700023,248.836839,256.271069,264.301078,271.806727,279.235449,287.188269,295.205753,302.583226,311.140799,317.989482,326.867179,333.991619,342.492965,350.671337,358.837479,367.612982,374.840888,384.525068,392.270099,401.132212,410.752317,419.906584,429.459853,439.20263,449.803323,461.313906,471.974694,485.283545,497.771198,514.270281,530.966137,551.383859,576.696672,607.013024,648.674298,702.843588,783.107184,905.30066,1106.716,1493.04,2453.772,9292.313,-4736.76,-1791.475,-1084.668,-766.460583,-588.925321,-476.708253,-399.14633,-342.71349,-300.317581,-266.926512,-240.408979,-218.72086,-200.564098,-185.463833,-172.427763,-161.251572,-151.449101,-142.955888,-135.355141,-128.595469,-126.86987],"unit":"ohms"},"conductance":{"value":[-0.009793869,-0.011469491,-0.012614677,-0.013946005,-0.015570923,-0.017637905,-0.020323752,-0.02409663,-0.029382518,-0.037757661,-0.052892526,-0.088134462,-0.26436124,0.264397028,0.088018986,0.05268325,0.037685537,0.02925199,0.024006861,0.020247175,0.017605121,0.015502038,0.013853301,0.012533207,0.01144002,0.010543303,0.009739155,0.009066322,0.008489327,0.00795075,0.007522818,0.007085657,0.006743065,0.006382671,0.00610546,0.005832348,0.005569844,0.005354204,0.00513387,0.004951382,0.004756725,0.004604647,0.004439972,0.004286644,0.004154549,0.004018698,0.003902118,0.003783564,0.003679085,0.003581207,0.003482036,0.003387468,0.003304876,0.003213979,0.003144758,0.003059347,0.002994087,0.002919768,0.002851673,0.002786777,0.002720252,0.002667799,0.002600611,0.002549264,0.002492944,0.002434557,0.002381482,0.002328506,0.002276853,0.002223194,0.002167721,0.002118758,0.002060651,0.002008955,0.001944503,0.001883359,0.001813619,0.001734014,0.001647411,0.001541606,0.001422792,0.001276964,0.001104605,0.000903574573,0.000669774322,0.000407535809,0.00010761583,-0.000211114778,-0.000558199268,-0.000921941312,-0.001304699,-0.001698008,-0.002097719,-0.002505347,-0.002917889,-0.003329808,-0.003746349,-0.004159578,-0.004572038,-0.004985937,-0.005391887,-0.00579953,-0.00620149,-0.006602878,-0.006995165,-0.007387972,-0.007776324,-0.007882092],"unit":"S"},"power":{"value":[-0.39164101,-0.388252793,-0.35597898,-0.322145616,-0.287943915,-0.253913696,-0.21979689,-0.18653985,-0.152272686,-0.118379772,-0.084589549,-0.050698605,-0.016903182,0.016935223,0.050688565,0.084269929,0.118295559,0.151640421,0.185905355,0.218994835,0.253520316,0.286725348,0.320047392,0.353757253,0.387309364,0.421721274,0.454293054,0.487938055,0.522099072,0.554093196,0.589760725,0.620877976,0.656489345,0.686619653,0.722462054,0.755852862,0.787447912,0.82280328,0.85459849,0.890159775,0.920953094,0.957434297,0.989143235,1.02087,1.055356,1.086704,1.121102,1.152938,1.186931,1.22132,1.25351,1.285437,1.320102,1.349604,1.386584,1.414615,1.45036,1.48016,1.511271,1.542538,1.571279,1.606587,1.631245,1.664318,1.692647,1.717836,1.745057,1.770593,1.795458,1.81677,1.834692,1.856279,1.867601,1.882482,1.882821,1.883416,1.872202,1.846752,1.809309,1.745228,1.659496,1.533929,1.365918,1.149744,0.87654835,0.548375081,0.148828571,-0.299970144,-0.814566452,-1.381252,-2.006124,-2.678558,-3.394057,-4.156203,-4.96165,-5.801868,-6.686999,-7.603492,-8.555953,-9.55017,-10.567941,-11.628044,-12.716859,-13.844381,-14.993163,-16.183026,-17.403228,-17.734735],"unit":"mW"},"J":{"value":[0.020507743000000002,0.022096628,0.022189467,0.022194616,0.022172148,0.022159665000000002,0.022131423,0.02220039,0.022148899,0.022137975999999997,0.022148899,0.022134388,0.022135012,0.022157481,0.022117692,0.022063237,0.022108954,0.022053719,0.022121281,0.02204935,0.022121905,0.022076187,0.022048569,0.022048569,0.022041392,0.022079932,0.022025476999999998,0.022023916,0.022044980999999998,0.021978199,0.022055903,0.021962907,0.02203125,0.021920778,0.021991929,0.021985532,0.021929516,0.021978199,0.021933105,0.021983348,0.021916409,0.021986156,0.021944026999999998,0.021904863,0.021925927,0.021882394000000003,0.021901274000000002,0.021870068,0.021881614,0.02189909,0.021876465,0.021850407000000002,0.021871472,0.021808278,0.021865699,0.021783625,0.021820605,0.021768334,0.021737908,0.02171029,0.021648501,0.021678303,0.021567207,0.021568612,0.021509787,0.021413983,0.021346421,0.021261539,0.021171507,0.021044339999999998,0.020882378,0.020766289,0.020541913999999998,0.020363256,0.020035742,0.019721336000000003,0.019295053,0.018738171,0.018078150999999997,0.0171755,0.016089977000000002,0.014655096999999999,0.012862121,0.01067282,0.008023222,0.0049501499999999995,0.001325189,-0.002635087,-0.00706081,-0.011816387000000001,-0.01694067,-0.022331457,-0.027940223,-0.03378928,-0.039842272,-0.046024616000000004,-0.052410271,-0.058888141,-0.065491618,-0.072256277,-0.07904277999999999,-0.08598968600000001,-0.092989643,-0.100115207,-0.107236402,-0.11449568600000001,-0.12181441800000001,-0.123802592],"unit":"A\/cm2"},"power_density":{"value":[-4.100953,-4.065474,-3.727529,-3.373253,-3.01512,-2.658782,-2.301538,-1.953297,-1.594478,-1.239579,-0.885754439,-0.530875444,-0.176996675,0.177332181,0.530770318,0.882407635,1.238697,1.587858,1.946653,2.29314,2.654663,3.00236,3.351282,3.704264,4.055595,4.41593,4.756995,5.109299,5.467006,5.802023,6.175505,6.50134,6.874234,7.189735,7.565048,7.91469,8.245528,8.615741,8.948675,9.321045,9.643488,10.02549,10.357521,10.689738,11.050844,11.379095,11.739287,12.072649,12.428602,12.78869,13.125757,13.460068,13.823062,14.131983,14.519205,14.812726,15.187018,15.499062,15.824832,16.152227,16.45318,16.822901,17.081101,17.427414,17.724057,17.98781,18.272845,18.540239,18.800607,19.023774,19.211436,19.437477,19.556032,19.711859,19.715404,19.721632,19.604212,19.337718,18.945646,18.27464,17.376925,16.062087,14.30281,12.039203,9.178517,5.742147,1.558414,-3.141049,-8.529492,-14.46337,-21.006532,-28.047731,-35.539866,-43.520451,-51.954452,-60.752545,-70.020932,-79.617721,-89.59113,-100.001779,-110.659071,-121.759623,-133.160829,-144.96734,-156.996468,-169.455773,-182.23275,-185.704036],"unit":"mW\/cm2"},"timestamps":{"value":[0.019,0.044,0.067,0.09,0.114,0.136,0.16,0.182,0.205,0.228,0.251,0.273,0.297,0.335,0.364,0.386,0.408,0.43,0.455,0.477,0.5,0.522,0.544,0.57,0.592,0.615,0.639,0.661,0.685,0.706,0.727,0.748,0.772,0.795,0.817,0.841,0.861,0.883,0.905,0.927,0.951,0.975,0.999,1.021,1.042,1.065,1.088,1.113,1.135,1.158,1.181,1.217,1.239,1.261,1.283,1.305,1.326,1.348,1.371,1.396,1.418,1.44,1.463,1.484,1.507,1.528,1.552,1.575,1.6,1.622,1.645,1.666,1.688,1.712,1.735,1.758,1.781,1.802,1.825,1.848,1.874,1.898,1.922,1.946,1.967,1.99,2.012,2.035,2.058,2.097,2.122,2.143,2.167,2.19,2.215,2.237,2.258,2.282,2.306,2.328,2.353,2.378,2.403,2.427,2.451,2.475,2.496,2.518],"unit":"s"},"p_max":{"unit":"mW","value":1.883416},"v_p_max":{"unit":"V","value":1.000015},"i_p_max":{"unit":"mA","value":1.883388},"j_p_max":{"unit":"mA\/cm2","value":19.721336},"voc":{"unit":"V","value":1.181353},"isc":{"unit":"mA","value":2.114966},"jsc":{"unit":"mA\/cm2","value":22.146241},"fill_factor":{"unit":"%","value":75.381213},"efficiency":{"unit":"%","value":19.721632},"r_s":{"unit":"ohms","value":32.732498},"r_sh":{"unit":"ohms","value":5328.001},"cell_dimension":{"value":0.09549997774011502,"unit":"cm2"},"sweep_direction":{"unit":"","value":"Forward"},"key":"forward24_4cell_231020"},{"V":{"value":[-0.199964046,-0.183983326,-0.167990446,-0.151981115,-0.135990858,-0.119987011,-0.103990078,-0.087990284,-0.071978092,-0.055990696,-0.039996386,-0.023985624,-0.007997662,0.007998049,0.023998976,0.040004015,0.056006432,0.071996689,0.088000536,0.104007244,0.119997263,0.135999918,0.152002335,0.168000698,0.184003115,0.199998856,0.215981007,0.231992722,0.247994661,0.263995409,0.279983759,0.296011686,0.312023163,0.327987194,0.343993187,0.359997988,0.376001358,0.391995192,0.408004045,0.424008846,0.440012217,0.455993891,0.471995831,0.488010168,0.504010916,0.520008802,0.536006689,0.552015543,0.567991734,0.583984137,0.599995613,0.616001844,0.631998539,0.648022175,0.664018869,0.679993629,0.695997,0.711994886,0.727997065,0.744001627,0.760010481,0.776027679,0.791992903,0.807997465,0.824005127,0.840005636,0.856007814,0.872013807,0.888013124,0.903987885,0.919988632,0.93600297,0.952008963,0.96802187,0.984006166,1.000018,1.016017,1.031993,1.047984,1.063991,1.080001,1.095999,1.112009,1.128023,1.143995,1.159996,1.175999,1.192004,1.208005,1.22401,1.240006,1.255978,1.271998,1.287998,1.304011,1.320022,1.33601,1.352013,1.367976,1.383982,1.399985,1.415996,1.432002,1.448005,1.464017,1.480023,1.495987,1.499993],"unit":"V"},"I":{"value":[0.001291096,0.0021162480000000003,0.002110288,0.002113208,0.002112031,0.002118126,0.0021119560000000003,0.002115846,0.0021152790000000003,0.002117157,0.002114445,0.0021146539999999997,0.0021162480000000003,0.002111822,0.00211674,0.002113476,0.002116606,0.0021162480000000003,0.002115354,0.002116114,0.0021134170000000002,0.0021146539999999997,0.002108693,0.002111748,0.002112031,0.002107233,0.0021136849999999997,0.0021099450000000002,0.002111122,0.00210759,0.002112508,0.002110988,0.002112433,0.00210683,0.002107307,0.0021111970000000004,0.002105922,0.0021080079999999998,0.002108559,0.0021105710000000003,0.002104193,0.002110153,0.002110288,0.002103224,0.002106339,0.0021057130000000004,0.002103433,0.002101272,0.002100646,0.0020976659999999998,0.0020986349999999997,0.002093092,0.002096623,0.002098024,0.002095863,0.002094001,0.0020881,0.002091214,0.002089694,0.002084911,0.0020899770000000002,0.0020780409999999997,0.002082273,0.002077073,0.0020717979999999997,0.002067983,0.0020623649999999996,0.002052739,0.002045169,0.002038106,0.002026036,0.002009735,0.001996145,0.001973614,0.001947254,0.001913205,0.001871526,0.001742333,0.001746148,0.0016628650000000001,0.001442626,0.001398861,0.001227781,0.00101018,0.000755250454,0.000437021255,6.7621469e-5,-0.000353723764,-0.0008309632540000001,-0.001347318,-0.001914501,-0.002506927,-0.003140599,-0.0038071570000000002,-0.004505813,-0.005236998,-0.005977824,-0.006742372999999999,-0.007531032,-0.008354247,-0.009171143000000001,-0.010027155000000001,-0.010883509999999999,-0.011748314000000001,-0.012655020000000001,-0.013544098,-0.014450312,-0.014709875],"unit":"A"},"resistance":{"value":[-154.879276,-86.938452,-79.605477,-71.919614,-64.388666,-56.647733,-49.238741,-41.586343,-34.027699,-26.446171,-18.915785,-11.342578,-3.77917,3.787274,11.337707,18.928063,26.460494,34.020913,41.600857,49.150116,56.778797,64.313095,72.083668,79.555283,87.121409,94.910659,102.18221,109.952033,117.470549,125.25935,132.5362,140.224246,147.707935,155.678018,163.238264,170.518464,178.544811,185.955297,193.498993,200.897725,209.112103,216.095135,223.664226,232.02953,239.282935,246.951427,254.824701,262.705377,270.389013,278.397068,285.898052,294.302381,301.436397,308.872638,316.82357,324.734213,333.315978,340.469634,348.374937,356.850567,363.645334,373.44187,380.35011,389.007762,397.724676,406.19559,415.061176,424.804954,434.200264,443.543045,454.082977,465.734635,476.923835,490.481838,505.33017,522.692546,542.88162,592.305424,600.169309,639.853754,748.635163,783.493459,905.706026,1116.656,1514.723,2654.324,17390.914,-3369.872,-1453.74,-908.478361,-647.691407,-501.003132,-405.017679,-338.309753,-289.406442,-252.056919,-223.494353,-200.524849,-181.645219,-165.662089,-152.651124,-141.216084,-131.575366,-123.252171,-115.686637,-109.274383,-103.526258,-101.971845],"unit":"ohms"},"conductance":{"value":[-0.006456642,-0.01150239,-0.01256195,-0.013904413,-0.015530684,-0.017652957,-0.020309211,-0.024046356,-0.029387823,-0.037812657,-0.052865901,-0.088163375,-0.264608339,0.264042181,0.088201254,0.052831607,0.037792189,0.029393685,0.024037967,0.020345832,0.017612208,0.015548933,0.013872768,0.012569876,0.011478235,0.010536224,0.009786439,0.009094875,0.008512772,0.007983436,0.007545108,0.007131434,0.006770117,0.006423514,0.006126015,0.005864468,0.005600835,0.005377637,0.005167986,0.004977657,0.004782124,0.004627591,0.004470988,0.004309796,0.004179153,0.004049379,0.003924266,0.003806546,0.003698375,0.003591992,0.00349775,0.003397866,0.003317449,0.00323758,0.003156331,0.003079441,0.003000156,0.002937119,0.002870471,0.002802293,0.002749932,0.002677793,0.002629157,0.002570643,0.002514302,0.002461868,0.002409283,0.002354022,0.002303085,0.002254573,0.002202241,0.002147145,0.002096771,0.002038811,0.001978904,0.001913171,0.001842022,0.001688318,0.001666196,0.001562857,0.001335764,0.001276335,0.001104111,0.000895530842,0.000660186684,0.000376743828,5.750129e-5,-0.000296747137,-0.000687880805,-0.001100742,-0.001543945,-0.001995996,-0.002469028,-0.002955871,-0.003455348,-0.003967358,-0.004474386,-0.004986913,-0.005505237,-0.006036384,-0.006550885,-0.007081346,-0.007600207,-0.008113447,-0.008644041,-0.009151276,-0.009659385,-0.009806629],"unit":"S"},"power":{"value":[-0.258172823,-0.389354348,-0.354508146,-0.321167735,-0.287216906,-0.254147555,-0.219622519,-0.186173862,-0.152253778,-0.118541093,-0.084570156,-0.050721286,-0.016925036,0.016890459,0.050799586,0.084547541,0.118543529,0.15236285,0.186152281,0.220091175,0.25360423,0.287592714,0.320526278,0.354775115,0.388620279,0.42144415,0.456515817,0.489491841,0.523546988,0.556394199,0.59146788,0.624877089,0.659128124,0.691013417,0.724899359,0.760026498,0.791829347,0.82632887,0.860300607,0.894900634,0.925870614,0.962217076,0.996046923,1.026395,1.061618,1.094989,1.127454,1.159935,1.19315,1.225004,1.259172,1.289348,1.325063,1.359566,1.391693,1.423907,1.453311,1.488934,1.521291,1.551177,1.588405,1.612618,1.649146,1.67827,1.707172,1.737118,1.765401,1.790017,1.816137,1.842423,1.86393,1.881117,1.900348,1.910502,1.91611,1.913239,1.901503,1.798076,1.829936,1.769273,1.558037,1.53315,1.365303,1.139506,0.864002958,0.506942818,0.079522792,-0.42164013,-1.003808,-1.64913,-2.373993,-3.148645,-3.994835,-4.903613,-5.875631,-6.912951,-7.986433,-9.115778,-10.302271,-11.562126,-12.839466,-14.198408,-15.585206,-17.01162,-18.52716,-20.045575,-21.617474,-22.064711],"unit":"mW"},"J":{"value":[0.013519332,0.022159665000000002,0.022097252,0.022127834,0.022115508,0.022179325,0.022114728,0.022155452,0.022149522999999997,0.022169183000000002,0.022140785,0.022142969999999998,0.022159665000000002,0.022113323,0.022164814,0.022130643,0.022163409999999998,0.022159665000000002,0.022150303,0.022158261,0.022130019,0.022142969999999998,0.022080556,0.022112543,0.022115508,0.022065265,0.022132826999999997,0.022093663,0.02210599,0.02206901,0.022120501,0.022104585,0.022119721,0.022061052,0.022066045,0.02210677,0.022051534,0.022073379,0.022079152,0.022100216,0.022033434,0.022095848,0.022097252,0.022023292,0.022055903,0.02204935,0.022025476999999998,0.022002852,0.021996298,0.021965092,0.021975234,0.021917190000000003,0.021954169,0.021968837,0.021946212,0.021926708000000003,0.021864919,0.021897529,0.021881614,0.021831527,0.021884578999999998,0.021759596,0.02180391,0.021749454,0.021694217999999998,0.021654274,0.021595449,0.021494652,0.021415386999999998,0.021341427,0.021215041,0.021044339999999998,0.020902038,0.020666115999999998,0.020390094,0.020033558,0.019597133,0.018244326,0.018284271,0.017412202,0.015106033,0.014647763,0.012856346999999999,0.010577795999999999,0.007908382,0.004576139000000001,0.000708078215,-0.003703914,-0.008701186,-0.014108045000000001,-0.020047132999999998,-0.026250541,-0.032885849,-0.039865521,-0.047181289,-0.054837677,-0.062595019,-0.070600766,-0.07885897300000001,-0.087479022,-0.096032913,-0.10499639000000001,-0.113963457,-0.123018994,-0.132513296,-0.141823011,-0.151312164,-0.154030105],"unit":"A\/cm2"},"power_density":{"value":[-2.70338,-4.077009,-3.712127,-3.363013,-3.007507,-2.661231,-2.299712,-1.949465,-1.59428,-1.241268,-0.885551375,-0.531112948,-0.177225507,0.176863448,0.531932837,0.885314569,1.241293,1.595423,1.949239,2.30462,2.655542,3.011442,3.356296,3.714923,4.069322,4.413028,4.78027,5.125569,5.482167,5.826117,6.193381,6.543216,6.901865,7.235743,7.590569,7.958393,8.291407,8.652658,9.008383,9.370687,9.69498,10.075571,10.429811,10.74759,11.116416,11.465856,11.805803,12.145916,12.493716,12.827265,13.185044,13.501029,13.875003,14.236293,14.572699,14.910021,15.217918,15.590929,15.929751,16.242692,16.632509,16.886049,17.268542,17.573504,17.876147,18.189712,18.485873,18.743633,19.017145,19.292392,19.517596,19.697565,19.898928,20.005252,20.063978,20.033916,19.911025,18.828024,19.16163,18.526419,16.314525,16.053931,14.296372,11.931999,9.047151,5.308302,0.832699389,-4.41508,-10.511074,-17.268381,-24.858564,-32.970105,-41.830731,-51.346729,-61.524936,-72.38692,-83.62757,-95.453177,-107.877179,-121.069387,-134.444668,-148.674427,-163.195878,-178.132143,-194.001675,-209.901305,-226.360985,-231.044092],"unit":"mW\/cm2"},"timestamps":{"value":[0.019,0.047,0.07,0.093,0.115,0.137,0.16,0.183,0.205,0.228,0.25,0.273,0.296,0.319,0.345,0.369,0.39,0.413,0.436,0.458,0.48,0.503,0.525,0.547,0.569,0.592,0.615,0.638,0.658,0.674,0.698,0.721,0.744,0.766,0.79,0.813,0.836,0.863,0.886,0.927,0.95,0.972,0.996,1.019,1.04,1.062,1.083,1.106,1.128,1.15,1.171,1.192,1.216,1.237,1.263,1.286,1.31,1.332,1.354,1.379,1.402,1.425,1.448,1.47,1.491,1.513,1.536,1.558,1.58,1.604,1.627,1.649,1.673,1.697,1.719,1.742,1.762,1.799,1.823,1.846,1.869,1.892,1.913,1.935,1.96,1.984,2.007,2.03,2.053,2.083,2.106,2.129,2.155,2.178,2.203,2.226,2.249,2.272,2.295,2.316,2.339,2.364,2.386,2.408,2.432,2.454,2.476,2.498],"unit":"s"},"p_max":{"unit":"mW","value":1.91611},"v_p_max":{"unit":"V","value":0.984006166},"i_p_max":{"unit":"mA","value":1.947254},"j_p_max":{"unit":"mA\/cm2","value":20.390094},"voc":{"unit":"V","value":1.178568},"isc":{"unit":"mA","value":2.114035},"jsc":{"unit":"mA\/cm2","value":22.136495},"fill_factor":{"unit":"%","value":76.904832},"efficiency":{"unit":"%","value":20.063978},"r_s":{"unit":"ohms","value":27.585307},"r_sh":{"unit":"ohms","value":97.170858},"cell_dimension":{"value":0.09549998476256076,"unit":"cm2"},"sweep_direction":{"unit":"","value":"Forward"},"key":"forward24_3cell_231020"},{"V":{"value":[-0.199961424,-0.183982134,-0.167989016,-0.151979685,-0.136000395,-0.120003462,-0.103990078,-0.087988853,-0.071987629,-0.055993319,-0.039992332,-0.023983002,-0.007999063,0.008000314,0.023998976,0.040006876,0.056010723,0.071995258,0.087999105,0.104009867,0.119996071,0.135998487,0.151998281,0.168000698,0.184003115,0.199997425,0.215967417,0.231972218,0.247993231,0.263999462,0.279991865,0.296015739,0.312023163,0.327991247,0.343996048,0.359999418,0.375997305,0.391998053,0.408005476,0.424016953,0.440009594,0.45599103,0.472001314,0.488004684,0.504010916,0.520012856,0.536010742,0.552029133,0.567998409,0.583967686,0.599997044,0.616012812,0.632023096,0.648007393,0.6640203,0.679997683,0.695992947,0.711996317,0.727991581,0.744000435,0.760014772,0.776022196,0.791992903,0.807997465,0.823996782,0.840007067,0.856010437,0.872009754,0.888011932,0.903998852,0.919987202,0.936004162,0.952003479,0.968007088,0.984004974,1.000019,1.016025,1.031989,1.047984,1.063996,1.079999,1.095997,1.112014,1.128025,1.143994,1.160001,1.17599,1.192004,1.208007,1.224008,1.239991,1.255967,1.271998,1.288001,1.304002,1.320004,1.336014,1.352013,1.367981,1.383986,1.399987,1.415997,1.431999,1.448005,1.464025,1.480017,1.495988,1.499996],"unit":"V"},"I":{"value":[0.001235619,0.002132267,0.0021318640000000002,0.0021313729999999998,0.00213407,0.002135113,0.00213401,0.002133384,0.002133936,0.002138034,0.002130061,0.002134636,0.002131999,0.0021295700000000003,0.002135053,0.002126724,0.002136648,0.00213109,0.00213623,0.002128184,0.0021309550000000003,0.002129227,0.002129018,0.002132267,0.002128869,0.0021297039999999996,0.0021295700000000003,0.00212881,0.002126098,0.002126172,0.0021258889999999997,0.002129495,0.002122357,0.002129287,0.002126455,0.0021263809999999997,0.002121449,0.002118826,0.002121806,0.0021168740000000004,0.0021249199999999998,0.0021201370000000002,0.00211896,0.002122283,0.002118334,0.002118468,0.002115697,0.002116397,0.002112582,0.002117649,0.002117291,0.002111465,0.0021128510000000002,0.002109662,0.002115071,0.002107933,0.0021097359999999996,0.002103284,0.002104744,0.002096623,0.002089903,0.00208734,0.002081022,0.002071738,0.0020637660000000003,0.002054676,0.00204441,0.00203526,0.0020154269999999998,0.002001688,0.001980886,0.001960158,0.001927152,0.00189212,0.001851216,0.001797602,0.001737684,0.001659811,0.001565158,0.0014477519999999998,0.00131017,0.001143456,0.00094859302,0.000723987818,0.000472187996,0.000186413527,-0.00012807548,-0.000466972589,-0.000833109021,-0.001223117,-0.001630247,-0.0020566580000000003,-0.002500743,-0.002957121,-0.003429636,-0.003909513,-0.0044036660000000005,-0.004908516999999999,-0.005418897000000001,-0.005934626,-0.006460965,-0.006991878,-0.007537632999999999,-0.008093923,-0.008637249000000001,-0.009199992,-0.009758502,-0.009910926],"unit":"A"},"resistance":{"value":[-161.830948,-86.284764,-78.799108,-71.306011,-63.728185,-56.204739,-48.729888,-41.243789,-33.734676,-26.189168,-18.775202,-11.235171,-3.751908,3.756775,11.240458,18.811508,26.2143,33.783309,41.193638,48.872595,56.310924,63.872237,71.3936,78.789719,86.432321,93.908566,101.413643,108.968039,116.642445,124.166549,131.705774,139.007473,147.017251,154.038098,161.769705,169.301481,177.23612,185.007202,192.291589,200.303363,207.071086,215.076188,222.751401,229.943268,237.927954,245.466434,253.349523,260.834393,268.864509,275.762302,283.379572,291.746672,299.132893,307.161757,313.947076,322.589774,329.895721,338.51649,345.881243,354.856534,363.660352,371.775698,380.578884,390.009437,399.26849,408.826938,418.707911,428.451239,440.607395,451.618286,464.432211,477.514565,493.994943,511.599301,531.545209,556.307539,584.700842,621.75114,669.570814,734.929732,824.320277,958.49583,1172.278,1558.071,2422.751,6222.731,-9182.004,-2552.621,-1449.999,-1000.728,-760.615553,-610.683437,-508.648068,-435.559282,-380.215764,-337.638951,-303.3868,-275.442328,-252.446488,-233.205305,-216.683857,-202.520267,-189.979923,-178.900286,-169.501301,-160.871602,-153.300998,-151.347682],"unit":"ohms"},"conductance":{"value":[-0.006179288,-0.011589532,-0.012690499,-0.014024063,-0.015691644,-0.017792094,-0.020521287,-0.024246075,-0.029643089,-0.038183726,-0.053261744,-0.089006208,-0.26653105,0.266185751,0.08896435,0.05315895,0.038147119,0.029600416,0.024275593,0.020461365,0.017758544,0.015656254,0.014006858,0.012692011,0.011569746,0.010648656,0.009860606,0.009177003,0.008573209,0.008053699,0.007592682,0.007193858,0.006801923,0.0064919,0.006181627,0.005906623,0.005642191,0.005405195,0.005200435,0.004992427,0.004829259,0.004649515,0.00448931,0.004348899,0.004202953,0.004073877,0.003947116,0.00383385,0.003719345,0.003626311,0.003528836,0.003427631,0.003342996,0.003255614,0.00318525,0.003099912,0.003031261,0.002954066,0.002891166,0.00281804,0.002749819,0.002689794,0.002627576,0.002564041,0.00250458,0.002446023,0.0023883,0.002333988,0.002269594,0.002214259,0.002153167,0.002094177,0.002024312,0.001954655,0.001881308,0.001797567,0.001710276,0.001608361,0.001493494,0.001360674,0.001213121,0.001043301,0.000853040312,0.000641819187,0.000412753962,0.000160701139,-0.000108908682,-0.000391754225,-0.000689655598,-0.000999272088,-0.001314725,-0.00163751,-0.001965996,-0.002295899,-0.002630086,-0.002961744,-0.003296122,-0.003630524,-0.003961236,-0.004288067,-0.004615018,-0.004937777,-0.005263714,-0.005589706,-0.00589966,-0.006216138,-0.006523115,-0.006607303],"unit":"S"},"power":{"value":[-0.247076172,-0.392298988,-0.358129807,-0.32392535,-0.290234335,-0.256220937,-0.221915887,-0.187714043,-0.153616971,-0.119715591,-0.085186123,-0.05119498,-0.01705399,0.017037226,0.051239092,0.085083564,0.119675183,0.153428344,0.18798637,0.221352118,0.255706282,0.289571641,0.323607124,0.358222304,0.391718581,0.425935268,0.459917656,0.493824705,0.527257832,0.561308313,0.595231644,0.63036408,0.662224696,0.698387344,0.731492222,0.765495851,0.797658925,0.830575631,0.865708526,0.897590403,0.934985401,0.966763552,1.000152,1.035684,1.067664,1.101631,1.134036,1.168313,1.199943,1.236638,1.270368,1.300689,1.33537,1.367076,1.40445,1.43339,1.468362,1.49753,1.532236,1.559889,1.588357,1.619822,1.648154,1.673959,1.700537,1.725943,1.750036,1.774767,1.789723,1.809524,1.82239,1.834716,1.834656,1.831585,1.821606,1.797636,1.765531,1.712906,1.640261,1.540403,1.414983,1.253224,1.054849,0.816676053,0.540180166,0.216239929,-0.150615437,-0.556633178,-1.006402,-1.497105,-2.021491,-2.583095,-3.18094,-3.808775,-4.472252,-5.160573,-5.883359,-6.636381,-7.41295,-8.213441,-9.045265,-9.900479,-10.793883,-11.720043,-12.645149,-13.616148,-14.598604,-14.866347],"unit":"mW"},"J":{"value":[0.012938421,0.022327400999999997,0.022323187999999997,0.022318038999999998,0.022346281000000003,0.022357203,0.022345656000000002,0.022339103000000003,0.022344876,0.022387785,0.022304308,0.02235221,0.022324592,0.022299159,0.022356579,0.022269355999999997,0.022373274,0.022315074,0.022368905,0.022284648,0.022313669999999997,0.02229557,0.022293385000000002,0.022327400999999997,0.022291824999999998,0.022300563,0.022299159,0.022291201,0.022262803,0.022263583,0.022260618,0.022298378,0.022223639,0.022296194,0.022266548,0.022265768000000002,0.022214121,0.022186658999999997,0.022217865,0.022166218,0.022250475999999998,0.02220039,0.022188063,0.022222857999999998,0.022181509999999998,0.022182914,0.022153891999999998,0.022161225000000003,0.022121281,0.022174331999999998,0.022170587000000002,0.022109577999999998,0.022124089000000003,0.022090698,0.022147338000000003,0.022072599000000002,0.022091479,0.022023916,0.022039207,0.021954169,0.021883799,0.021856960999999998,0.021790803,0.021693594,0.021610116000000002,0.021514936,0.021407429000000002,0.021311625,0.021103945,0.020960083,0.020742260000000002,0.020525217999999998,0.020179605,0.019812771,0.01938446,0.018823053000000003,0.018195644,0.017380215,0.016389093,0.015159708000000001,0.013719054,0.011973356000000001,0.009932911,0.0075810240000000004,0.004944377000000001,0.0019519740000000002,-0.001341105,-0.004889765,-0.008723655,-0.012807509,-0.017070645,-0.021535689,-0.026185787000000002,-0.030964613,-0.035912423,-0.040937313,-0.046111682,-0.051398084,-0.056742374,-0.062142679,-0.06765407999999999,-0.073213384,-0.078928096,-0.084753124,-0.090442403,-0.096334993,-0.10218326999999999,-0.103779332],"unit":"A\/cm2"},"power_density":{"value":[-2.587185,-4.107843,-3.75005,-3.391888,-3.039103,-2.682942,-2.323727,-1.965592,-1.608555,-1.253566,-0.89200129,-0.536073088,-0.178575808,0.178400276,0.536534993,0.890927376,1.253143,1.60658,1.968444,2.317823,2.677553,3.032164,3.388556,3.751019,4.101765,4.460055,4.815892,5.170939,5.521024,5.877574,6.232792,6.600671,6.93429,7.312956,7.659604,8.015663,8.352449,8.697127,9.065011,9.398852,9.790423,10.123179,10.472795,10.844859,11.179723,11.5354,11.874724,12.233642,12.564852,12.949093,13.302287,13.619784,13.982936,14.314936,14.706282,15.009316,15.375513,15.680947,16.044358,16.333912,16.63201,16.961487,17.258161,17.528369,17.806666,18.072699,18.324983,18.583945,18.740555,18.947891,19.082614,19.21169,19.211054,19.178903,19.074405,18.823417,18.487235,17.936193,17.175513,16.12987,14.816571,13.122766,11.045539,8.551582,5.656337,2.264292,-1.577125,-5.82862,-10.538239,-15.676495,-21.167446,-27.048117,-33.308267,-39.882462,-46.829864,-54.037416,-61.605855,-69.490895,-77.622514,-86.004613,-94.714816,-103.669934,-113.024952,-122.722964,-132.409941,-142.577468,-152.864958,-155.668553],"unit":"mW\/cm2"},"timestamps":{"value":[0.019,0.043,0.065,0.088,0.113,0.136,0.159,0.18,0.202,0.226,0.248,0.27,0.295,0.319,0.342,0.366,0.388,0.411,0.433,0.456,0.477,0.499,0.52,0.543,0.57,0.591,0.614,0.643,0.666,0.688,0.709,0.735,0.757,0.778,0.802,0.824,0.849,0.871,0.898,0.922,0.945,0.966,0.989,1.012,1.035,1.056,1.078,1.1,1.121,1.143,1.167,1.189,1.205,1.228,1.25,1.274,1.298,1.32,1.343,1.365,1.387,1.41,1.434,1.458,1.48,1.516,1.537,1.561,1.582,1.604,1.626,1.649,1.675,1.698,1.72,1.749,1.772,1.794,1.818,1.838,1.876,1.9,1.921,1.946,1.967,1.991,2.012,2.035,2.056,2.081,2.103,2.125,2.151,2.174,2.198,2.222,2.243,2.267,2.288,2.311,2.333,2.355,2.378,2.412,2.437,2.462,2.486,2.507],"unit":"s"},"p_max":{"unit":"mW","value":1.834716},"v_p_max":{"unit":"V","value":0.936004162},"i_p_max":{"unit":"mA","value":1.960158},"j_p_max":{"unit":"mA\/cm2","value":20.525218},"voc":{"unit":"V","value":1.169478},"isc":{"unit":"mA","value":2.130784},"jsc":{"unit":"mA\/cm2","value":22.311876},"fill_factor":{"unit":"%","value":73.627028},"efficiency":{"unit":"%","value":19.21169},"r_s":{"unit":"ohms","value":42.464971},"r_sh":{"unit":"ohms","value":73.60933},"cell_dimension":{"value":0.09549998411707271,"unit":"cm2"},"sweep_direction":{"unit":"","value":"Forward"},"key":"forward24_2cell_231020"},{"V":{"value":[-0.199964046,-0.183984756,-0.167986393,-0.151982546,-0.135990858,-0.11998558,-0.103990078,-0.087991476,-0.071986437,-0.055993319,-0.039992332,-0.023983002,-0.007998794,0.008001864,0.023998976,0.040006876,0.056003809,0.071998119,0.088001966,0.10400176,0.120004177,0.135995626,0.152002335,0.168002129,0.184005976,0.200001478,0.215981007,0.231992722,0.247993231,0.263993979,0.279993296,0.296011686,0.312023163,0.327984333,0.343991995,0.359997988,0.375997305,0.391998053,0.408006907,0.424007416,0.440013647,0.456008911,0.471993208,0.488022327,0.504005432,0.520010233,0.536014795,0.552016974,0.567991734,0.58398962,0.599995613,0.616012812,0.632017612,0.648010015,0.664018869,0.680000544,0.695994377,0.71199894,0.727994204,0.744003057,0.760011911,0.776024818,0.791995525,0.808001757,0.824003696,0.840007067,0.856010437,0.872009754,0.888013124,0.903985262,0.919985771,0.936011076,0.95200491,0.96800971,0.984004974,1.000022,1.016021,1.031991,1.047986,1.063989,1.080001,1.095999,1.112006,1.128023,1.143979,1.160004,1.17599,1.192005,1.208007,1.224012,1.240007,1.255984,1.271996,1.287998,1.303996,1.320007,1.336013,1.352008,1.367981,1.383986,1.399992,1.415994,1.431999,1.448011,1.46402,1.480001,1.495979,1.499993],"unit":"V"},"I":{"value":[0.001441851,0.002136916,0.002141222,0.002141148,0.00214088,0.002144545,0.002137333,0.002141222,0.002135679,0.002144203,0.002137482,0.002139419,0.002140597,0.0021328930000000003,0.002137274,0.002141148,0.002139628,0.0021391360000000002,0.0021437849999999996,0.002135605,0.00213699,0.002140388,0.002137274,0.002138376,0.0021358130000000003,0.002139837,0.002137274,0.002133384,0.0021365729999999997,0.0021337269999999998,0.002134845,0.002138242,0.002133936,0.002137065,0.002132758,0.002135873,0.002134353,0.0021364390000000004,0.0021364390000000004,0.002133101,0.0021381679999999998,0.002135679,0.002136916,0.002134427,0.00213775,0.002133667,0.002130538,0.002134487,0.002131999,0.002133384,0.002130821,0.0021326839999999997,0.002138093,0.00213407,0.002132073,0.002134427,0.0021289440000000002,0.002135262,0.002130061,0.00213103,0.002126515,0.002125546,0.002127558,0.002117917,0.002124786,0.002118886,0.002115071,0.002107516,0.002101824,0.002096564,0.0020900370000000003,0.002072424,0.0020622310000000003,0.002038732,0.002010643,0.00197874,0.001931861,0.001881659,0.0018048139999999999,0.001720637,0.001604199,0.001464188,0.001280352,0.001061901,0.000792354345,0.00047890842,0.00011484324899999999,-0.000300809741,-0.00075635314,-0.001258135,-0.001797304,-0.00237301,-0.0029809619999999998,-0.003611535,-0.004272401,-0.004949287,-0.00565128,-0.006372482,-0.007104903,-0.007858216999999999,-0.008627534000000001,-0.009410799000000001,-0.010210082,-0.011009991,-0.01182799,-0.012650235999999999,-0.013481766000000001,-0.013707131000000001],"unit":"A"},"resistance":{"value":[-138.685627,-86.098266,-78.453502,-70.981808,-63.52102,-55.949193,-48.654127,-41.094039,-33.706579,-26.113819,-18.710019,-11.210052,-3.736713,3.751649,11.228781,18.68478,26.174555,33.657567,41.049803,48.698977,56.155692,63.537841,71.119738,78.56528,86.152653,93.465773,101.054452,108.743988,116.070552,123.724342,131.153943,138.436935,146.219572,153.474201,161.289708,168.548418,176.164542,183.48197,190.975212,198.775103,205.790062,213.519393,220.875891,228.643205,235.764398,243.716624,251.586566,258.618097,266.412816,273.738589,281.579502,288.843923,295.598732,303.649869,311.442833,318.586865,326.920033,333.448062,341.771466,349.128389,357.397875,365.094284,372.25567,381.507764,387.805431,396.438156,404.719515,413.76188,422.496487,431.174743,440.176814,451.650441,461.638279,474.809651,489.398038,505.383166,525.928744,548.447148,580.661465,618.369308,673.23341,748.536861,868.515671,1062.267,1443.772,2422.184,10239.954,-3962.656,-1597.147,-972.87834,-689.926527,-529.278694,-426.706657,-356.634643,-305.213912,-266.706441,-236.40888,-212.163479,-192.540468,-176.119631,-162.270267,-150.464826,-140.253426,-131.517879,-123.775847,-116.993937,-110.963103,-109.431585],"unit":"ohms"},"conductance":{"value":[-0.007210553,-0.011614636,-0.012746404,-0.014088117,-0.01574282,-0.017873359,-0.020553241,-0.024334429,-0.029667799,-0.038293901,-0.053447299,-0.089205653,-0.267614896,0.266549472,0.089056865,0.053519496,0.038205043,0.029711001,0.024360653,0.020534312,0.017807634,0.015738652,0.014060794,0.012728269,0.011607304,0.010699104,0.009895655,0.009195911,0.00861545,0.008082484,0.007624628,0.007223506,0.00683903,0.006515753,0.006200024,0.005933013,0.005676511,0.005450127,0.005236282,0.005030811,0.004859321,0.004683415,0.004527429,0.004373627,0.004241523,0.004103126,0.003974775,0.003866705,0.003753573,0.00365312,0.003551395,0.003462077,0.003382964,0.003293267,0.003210862,0.003138861,0.003058852,0.002998968,0.002925932,0.002864276,0.002798002,0.002739019,0.002686326,0.002621179,0.002578613,0.002522462,0.002470847,0.002416849,0.002366884,0.002319245,0.002271814,0.002214102,0.002166198,0.002106107,0.002043327,0.001978697,0.001901398,0.00182333,0.001722174,0.001617157,0.001485369,0.00133594,0.00115139,0.000941382677,0.00069263025,0.000412850613,9.7656686e-5,-0.000252356023,-0.000626116347,-0.001027878,-0.00144943,-0.001889364,-0.00234353,-0.00280399,-0.003276391,-0.003749441,-0.00422996,-0.004713347,-0.005193713,-0.005677959,-0.006162558,-0.006646072,-0.007129951,-0.007603529,-0.008079121,-0.008547451,-0.009012005,-0.00913813],"unit":"S"},"power":{"value":[-0.288318412,-0.393159956,-0.35969622,-0.325417102,-0.291140058,-0.257314515,-0.222261441,-0.188409316,-0.153739931,-0.120061019,-0.085482897,-0.051309697,-0.017122191,0.017067116,0.051292376,0.085660637,0.119827314,0.154013783,0.188657327,0.22210664,0.256447778,0.291083392,0.324870569,0.359251759,0.393002399,0.427970473,0.461610493,0.494929641,0.52985569,0.563291099,0.597742192,0.632944657,0.665837363,0.700923817,0.73365185,0.768909925,0.802510947,0.837479961,0.871681902,0.904450738,0.940822932,0.973888713,1.00861,1.041648,1.077438,1.109529,1.142,1.178273,1.210958,1.245874,1.278483,1.313761,1.351313,1.382899,1.415737,1.451412,1.481733,1.520304,1.550672,1.585493,1.616177,1.649477,1.685016,1.711281,1.750832,1.779879,1.810523,1.837774,1.866447,1.895263,1.922804,1.939812,1.963254,1.973513,1.978483,1.978783,1.962812,1.941854,1.891419,1.830739,1.732536,1.604748,1.42376,1.197849,0.9064366,0.555535749,0.13505447,-0.358566834,-0.913680141,-1.539972,-2.22867,-2.980462,-3.791774,-4.651651,-5.571196,-6.533091,-7.550183,-8.615645,-9.719376,-10.875664,-12.07848,-13.325636,-14.620827,-15.942585,-17.316409,-18.722362,-20.168433,-20.560602],"unit":"mW"},"J":{"value":[0.015097919,0.022376083,0.022421177,0.022420396,0.022417588,0.022455971999999998,0.022380452,0.022421177,0.022363132,0.022452383,0.022382012,0.022402297,0.022414622999999998,0.022333954,0.022379828,0.022420396,0.022404481,0.022399332,0.022448014000000002,0.022362352000000002,0.022376863,0.022412439,0.022379828,0.022391374,0.022364536999999997,0.022406665,0.022379828,0.022339103000000003,0.022372494,0.022342692,0.022354394,0.022389970000000002,0.022344876,0.022377643,0.02233255,0.022365161,0.022349245,0.02237109,0.02237109,0.022336138,0.02238919,0.022363132,0.022376083,0.022350025,0.022384821,0.022342068,0.022309301,0.022350650000000003,0.022324592,0.022339103000000003,0.022312265,0.022331769999999997,0.02238841,0.022346281000000003,0.022325372000000003,0.022350025,0.022292604999999997,0.022358763,0.022304308,0.02231445,0.022267172,0.02225703,0.022278094,0.022177140999999997,0.022249072,0.022187283000000002,0.022147338000000003,0.02206823,0.022008624999999997,0.021953544999999998,0.021885203,0.021700772,0.021594045000000003,0.021347981000000002,0.021053858,0.020719792,0.020228911,0.019703236,0.018898573,0.018017142,0.016797899999999998,0.015331813,0.013406832,0.011119387,0.008296903999999999,0.005014748,0.001202547,-0.00314984,-0.007919928,-0.013174187,-0.018819933,-0.024848271,-0.031214265999999997,-0.037817118999999996,-0.044737187,-0.05182499,-0.05917571,-0.06672755600000001,-0.074396895,-0.082284992,-0.09034066900000001,-0.098542393,-0.10691185299999999,-0.11528786599999999,-0.123853303,-0.132463209,-0.14117032399999999,-0.143530169],"unit":"A\/cm2"},"power_density":{"value":[-3.019041,-4.116858,-3.766453,-3.407509,-3.048587,-2.694393,-2.327345,-1.972872,-1.609842,-1.257183,-0.895108873,-0.537274316,-0.17928996,0.178713262,0.537092944,0.896970017,1.254736,1.61271,1.975469,2.325724,2.685317,3.047994,3.401786,3.761799,4.115208,4.481366,4.833618,5.182509,5.548227,5.898336,6.259081,6.627693,6.972119,7.339516,7.682218,8.051413,8.403256,8.769424,9.127559,9.470688,9.851549,10.197788,10.561359,10.907311,11.282071,11.618104,11.958115,12.337938,12.680184,13.045804,13.387261,13.756656,14.149869,14.480614,14.824468,15.198029,15.515528,15.919416,16.237407,16.602019,16.923316,17.272007,17.644151,17.919169,18.333318,18.637474,18.958353,19.243712,19.543948,19.845681,20.134075,20.312163,20.557637,20.665053,20.717101,20.720246,20.553004,20.333553,19.805436,19.170044,18.141742,16.803648,14.90848,12.542926,9.491483,5.817128,1.414183,-3.754627,-9.567331,-16.125365,-23.336856,-31.209021,-39.704437,-48.70839,-58.337127,-68.40933,-79.059508,-90.21618,-101.773571,-113.881297,-126.476235,-139.535454,-153.097663,-166.938061,-181.323655,-196.045679,-211.187783,-215.294261],"unit":"mW\/cm2"},"timestamps":{"value":[0.018,0.042,0.064,0.085,0.108,0.129,0.152,0.175,0.198,0.222,0.244,0.266,0.292,0.316,0.354,0.387,0.409,0.429,0.453,0.475,0.501,0.524,0.547,0.57,0.596,0.617,0.645,0.667,0.69,0.713,0.736,0.763,0.786,0.808,0.832,0.853,0.876,0.898,0.921,0.943,0.965,0.989,1.012,1.034,1.055,1.078,1.102,1.124,1.146,1.169,1.193,1.216,1.239,1.276,1.296,1.319,1.342,1.365,1.39,1.411,1.434,1.457,1.478,1.5,1.523,1.55,1.573,1.602,1.625,1.646,1.67,1.693,1.716,1.738,1.76,1.784,1.807,1.829,1.852,1.875,1.897,1.92,1.941,1.964,1.991,2.013,2.037,2.06,2.082,2.107,2.131,2.167,2.196,2.219,2.241,2.263,2.288,2.31,2.334,2.357,2.379,2.405,2.427,2.449,2.473,2.495,2.516,2.537],"unit":"s"},"p_max":{"unit":"mW","value":1.978783},"v_p_max":{"unit":"V","value":1.000022},"i_p_max":{"unit":"mA","value":1.97874},"j_p_max":{"unit":"mA\/cm2","value":20.719792},"voc":{"unit":"V","value":1.180415},"isc":{"unit":"mA","value":2.136745},"jsc":{"unit":"mA\/cm2","value":22.374296},"fill_factor":{"unit":"%","value":78.453244},"efficiency":{"unit":"%","value":20.720246},"r_s":{"unit":"ohms","value":28.577561},"r_sh":{"unit":"ohms","value":90.522296},"cell_dimension":{"value":0.09549998248102935,"unit":"cm2"},"sweep_direction":{"unit":"","value":"Forward"},"key":"forward24_1cell_231020"}]}}