{"_id":"65531294b3b99550162d9075","id":"KAIST-SC-00212","author":106,"group":12,"input":[{"tco":{"unit":"","value":"ITO"}},{"etl":[{"material":{"unit":"","value":"SnO2"},"concentration":{"unit":"","value":"5"},"conc_unit":{"unit":"","value":"wt%"},"quantity":{"unit":"ml","value":"0.8"}}],"spin_coating":[{"type":{"unit":"","value":"drop&run"},"rpm":{"unit":"","value":"4000"},"time":{"unit":"s","value":"30"}}],"annealing":[{"temperature":{"unit":"oC","value":"150"},"time":{"unit":"m","value":"30"}}]},{"perovskite":{"method":{"unit":"","value":"1-step"},"molarity":{"unit":"M","value":"1.8"},"a_site":[{"material":{"unit":"","value":"FA"},"ratio":{"unit":"","value":"99"}},{"material":{"unit":"","value":"MA"},"ratio":{"unit":"","value":"1"}}],"b_site":[{"material":{"unit":"","value":"Pb"},"ratio":{"unit":"","value":"100"}}],"x_site":[{"material":{"unit":"","value":"I"},"ratio":{"unit":"","value":"99"}},{"material":{"unit":"","value":"Br"},"ratio":{"unit":"","value":"1"}}],"solvent":[{"material":{"unit":"","value":"DMF"},"volume":{"unit":"ml","value":"0.8"}},{"material":{"unit":"","value":"DMSO"},"volume":{"unit":"ml","value":"0.1"}}],"additive":[{"material":{"unit":"","value":"MACl"},"solvent":{"unit":"","value":"None"},"concentration":{"unit":"","value":"42.86"},"conc_unit":{"unit":"","value":"mg\/ml"},"quantity":{"unit":"mol%","value":"35"}}],"stirring_time":[{"unit":"m","value":"20"}],"antisolvent":[{"material":{"unit":"","value":"DEE"},"quantity":{"unit":"ul","value":"1000"},"dripping_time":{"unit":"s","value":"28"}}],"spin_coating":[{"type":{"unit":"","value":"drop&run"},"rpm":{"unit":"","value":"5000"},"time":{"unit":"s","value":"15"}}],"annealing":[{"temperature":{"unit":"oC","value":"100"},"time":{"unit":"m","value":"60"}},{"temperature":{"unit":"oC","value":"150"},"time":{"unit":"m","value":"0"}}],"atmosphere":[{"type":{"unit":"","value":"Air"},"temperature":{"unit":"oC","value":"22"},"humidity":{"unit":"RH%","value":"19"}}]}},{"perovskite_treatment":[{"material":{"unit":"","value":"OAI"},"concentration":{"unit":"","value":"2.5"},"conc_unit":{"unit":"","value":"mg\/ml"},"quantity":{"unit":"ml","value":"Material"}}],"spin_coating":[{"type":{"unit":"","value":"drop&run"},"rpm":{"unit":"","value":"5000"},"time":{"unit":"s","value":"5"}}],"annealing":[{"temperature":{"unit":"oC","value":"100"},"time":{"unit":"m","value":"3"}}]},{"htl":[{"material":{"unit":"","value":"Spiro-OMeTAD"},"concentration":{"unit":"","value":"91"},"conc_unit":{"unit":"","value":"mg\/ml"},"quantity":{"unit":"ml","value":"1.1"}}],"htl_doping":[{"material":{"unit":"","value":"tBP"},"volume":{"unit":"ul","value":"39"}},{"material":{"unit":"","value":"Li-TFSI"},"volume":{"unit":"ul","value":"23"}},{"material":{"unit":"","value":"Co-TFSI"},"volume":{"unit":"ul","value":"10"}}],"spin_coating":[{"type":{"unit":"","value":"dynamic"},"rpm":{"unit":"","value":"2000"},"time":{"unit":"s","value":"30"}}]},{"anode_metal":{"unit":"","value":"Au"}},{"note":{"unit":"","value":"-"},"ar":{"unit":"","value":"0"},"type":{"unit":"","value":"unit_cell"},"device_type":{"unit":"","value":"n-i-p"},"temperature":{"unit":"\u2103","value":"22"},"humidity":{"unit":"%","value":"19"},"cell_dimension":{"unit":"cm2","value":"0.0955"}}],"fileinfo":[{"key":"reverse1_4cell_231114","uploadType":"JV","original_name":"reverse1_4cell_231114.csv","save_name":"KAIST-SC-00212\/reverse1_4cell_231114","uploader":106,"fileType":""},{"key":"forward1_4cell_231114","uploadType":"JV","original_name":"forward1_4cell_231114.csv","save_name":"KAIST-SC-00212\/forward1_4cell_231114","uploader":106,"fileType":""},{"key":"reverse1_3cell_231114","uploadType":"JV","original_name":"reverse1_3cell_231114.csv","save_name":"KAIST-SC-00212\/reverse1_3cell_231114","uploader":106,"fileType":""},{"key":"forward1_3cell_231114","uploadType":"JV","original_name":"forward1_3cell_231114.csv","save_name":"KAIST-SC-00212\/forward1_3cell_231114","uploader":106,"fileType":""},{"key":"reverse1_2cell_231114","uploadType":"JV","original_name":"reverse1_2cell_231114.csv","save_name":"KAIST-SC-00212\/reverse1_2cell_231114","uploader":106,"fileType":""},{"key":"forward1_2cell_231114","uploadType":"JV","original_name":"forward1_2cell_231114.csv","save_name":"KAIST-SC-00212\/forward1_2cell_231114","uploader":106,"fileType":""},{"key":"reverse1_1cell_231114","uploadType":"JV","original_name":"reverse1_1cell_231114.csv","save_name":"KAIST-SC-00212\/reverse1_1cell_231114","uploader":106,"fileType":""},{"key":"forward1_1cell_231114","uploadType":"JV","original_name":"forward1_1cell_231114.csv","save_name":"KAIST-SC-00212\/forward1_1cell_231114","uploader":106,"fileType":""}],"jvcnt":8,"updated_at":"2024-08-12 01:27:29","created_at":"2023-11-14 06:24:20","analysisInfo":{"JV":[{"efficiency":11.427999,"fill_factor":57.646971,"jsc":21.336636,"voc":0.929111333,"key":"reverse1_4cell_231114","cell_dimension":0.09549999470993463},{"efficiency":11.129093,"fill_factor":55.780977,"jsc":21.877043,"voc":0.91197937,"key":"reverse1_3cell_231114","cell_dimension":0.09549999810671972},{"efficiency":10.53541,"fill_factor":51.720431,"jsc":22.565222,"voc":0.902713051,"key":"reverse1_2cell_231114","cell_dimension":0.09550000082347329},{"efficiency":9.833522,"fill_factor":47.038081,"jsc":23.035974,"voc":0.907513159,"key":"reverse1_1cell_231114","cell_dimension":0.0954999914374614},{"efficiency":7.488813,"fill_factor":36.705903,"jsc":21.389899,"voc":0.95382423,"key":"forward1_4cell_231114","cell_dimension":0.09550000772249626},{"efficiency":8.078157,"fill_factor":38.848181,"jsc":21.938612,"voc":0.947834401,"key":"forward1_3cell_231114","cell_dimension":0.09550001316667397},{"efficiency":8.260583,"fill_factor":38.416303,"jsc":22.568123,"voc":0.952795517,"key":"forward1_2cell_231114","cell_dimension":0.09550001150558408},{"efficiency":4.356676,"fill_factor":20.661769,"jsc":22.498482,"voc":0.937204888,"key":"forward1_1cell_231114","cell_dimension":0.09550002528634653}]},"public":2,"tags":[],"analysis":{"JV":[{"V":{"value":[1.499975,1.482984,1.466017,1.448992,1.431994,1.415014,1.397987,1.380988,1.364006,1.346985,1.329992,1.312994,1.296009,1.27899,1.261999,1.244996,1.227977,1.210989,1.194003,1.177012,1.159993,1.143,1.126015,1.108979,1.091992,1.075015,1.058017,1.040986,1.024,1.007005,0.989978313,0.972987175,0.956008196,0.939015627,0.921997309,0.904993773,0.888009548,0.870986938,0.853997231,0.837004662,0.819983482,0.802992344,0.785995722,0.769003153,0.751992941,0.734989405,0.717998266,0.700982571,0.683984756,0.666992187,0.650005102,0.632998943,0.616007805,0.599016666,0.581990004,0.565004349,0.548009157,0.531016588,0.513998032,0.497009754,0.480010271,0.4629879,0.445999384,0.429014921,0.412023783,0.394994497,0.378004789,0.36101079,0.343986988,0.327002525,0.310007334,0.292987585,0.275992393,0.259001255,0.242010117,0.224979401,0.207997322,0.191002846,0.174003124,0.156991005,0.139991045,0.123002291,0.105999708,0.088995695,0.071994543,0.055001736,0.038003206,0.020999163,0.004000008,-0.012997717,-0.029990673,-0.046990395,-0.063990355,-0.080988884,-0.09799552,-0.114995241,-0.131981611,-0.148982763,-0.165992022,-0.182986498,-0.199978113,-0.199978113],"unit":"V"},"I":{"value":[-0.008105665,-0.009652168,-0.009908125,-0.009804994000000001,-0.009590656,-0.00931944,-0.008993432,-0.008642822999999999,-0.008277714,-0.007903442,-0.007518709,-0.00713183,-0.006737724,-0.006343423999999999,-0.005948007,-0.005550578,-0.005155727,-0.004762664,-0.004373282,-0.003986821,-0.003605053,-0.003232881,-0.00286679,-0.002508208,-0.002163485,-0.0018329770000000002,-0.0015162679999999999,-0.001223907,-0.000946104527,-0.000707760453,-0.0004975646730000001,-0.000320449471,-0.00017426908,-5.7071447e-5,4.0993094e-5,0.000127404928,0.00021165609399999998,0.000303536654,0.000399798155,0.0005059689280000001,0.0006191432479999999,0.000739321113,0.0008613765239999999,0.00098362565,0.0011019410000000002,0.0012156670000000001,0.001320377,0.001418367,0.001506016,0.001587719,0.001656711,0.0017198180000000001,0.001771688,0.001816139,0.001854703,0.001885429,0.001915932,0.00193882,0.001957476,0.001973569,0.001988545,0.001997769,0.002005532,0.002013296,0.002019465,0.0020227279999999997,0.0020241889999999996,0.0020272429999999998,0.0020312670000000002,0.002031669,0.002035141,0.0020365269999999998,0.0020370780000000003,0.002036259,0.0020370780000000003,0.002034932,0.002037704,0.00204055,0.002040073,0.002040341,0.002040207,0.002039582,0.002037287,0.0020379870000000002,0.002039164,0.00203903,0.0020386730000000004,0.0020370189999999997,0.002037778,0.002037227,0.002036184,0.0020365269999999998,0.002033472,0.002031475,0.002034932,0.00203383,0.002037495,0.002035558,0.002034307,0.00203383,0.002033412,0.0020310579999999996],"unit":"A"},"resistance":{"value":[-185.052632,-153.642545,-147.961096,-147.780998,-149.311349,-151.834619,-155.445318,-159.784335,-164.780518,-170.430162,-176.891052,-184.103416,-192.351096,-201.624581,-212.171759,-224.300161,-238.177315,-254.267076,-273.022195,-295.225718,-321.768769,-353.554461,-392.779138,-442.139933,-504.737521,-586.485607,-697.776895,-850.543325,-1082.333,-1422.805,-1989.648,-3036.32,-5485.817,-16453.335,22491.527,7103.287,4195.53,2869.462,2136.071,1654.261,1324.384,1086.121,912.487977,781.804696,682.425855,604.597877,543.782776,494.218039,454.168423,420.094679,392.346681,368.06169,347.69533,329.829815,313.791511,299.668851,286.027501,273.886498,262.582016,251.832926,241.387676,231.752484,222.384534,213.090845,204.026209,195.278077,186.743855,178.07965,169.346049,160.952656,152.327202,143.866305,135.484441,127.194678,118.802569,110.558662,102.074356,93.603605,85.292585,76.943495,68.616086,60.307611,52.029842,43.668429,35.305906,26.974459,18.641153,10.308774,1.962926,-6.380102,-14.728861,-23.073791,-31.468519,-39.867029,-48.156647,-56.541234,-64.776398,-73.190126,-81.596367,-89.971397,-98.346065,-98.460067],"unit":"ohms"},"conductance":{"value":[-0.005403868,-0.006508614,-0.006758533,-0.00676677,-0.006697415,-0.006586113,-0.00643313,-0.006258436,-0.006068679,-0.005867506,-0.005653197,-0.00543173,-0.005198827,-0.004959713,-0.004713163,-0.004458312,-0.004198553,-0.003932873,-0.003662706,-0.003387239,-0.003107822,-0.002828419,-0.00254596,-0.002261727,-0.001981228,-0.001705072,-0.001433123,-0.001175719,-0.00092393005,-0.000702837096,-0.000502601589,-0.000329346038,-0.00018228827,-6.0777953e-5,4.4461187e-5,0.000140779895,0.000238348894,0.000348497366,0.00046814924,0.000604499535,0.000755067951,0.000920707549,0.001095905,0.001279092,0.001465361,0.001653992,0.00183897,0.002023398,0.002201826,0.002380416,0.002548766,0.002716936,0.002876081,0.003031867,0.003186829,0.003337017,0.003496167,0.003651147,0.003808334,0.003970887,0.004142714,0.004314948,0.004496716,0.004692834,0.004901331,0.005120903,0.005354929,0.005615465,0.005905068,0.006213007,0.006564816,0.006950898,0.007380921,0.007861964,0.008417326,0.009044972,0.00979678,0.010683349,0.011724349,0.01299655,0.014573842,0.016581655,0.019219739,0.022899839,0.028323873,0.037072106,0.053644752,0.097004747,0.509443592,-0.156737311,-0.06789391,-0.043339215,-0.03177779,-0.025083384,-0.020765565,-0.017686207,-0.015437722,-0.013663045,-0.012255448,-0.011114643,-0.010168175,-0.010156402],"unit":"S"},"power":{"value":[-12.158293,-14.314006,-14.525479,-14.207355,-13.733759,-13.187133,-12.5727,-11.935631,-11.290852,-10.645816,-9.999825,-9.364052,-8.732148,-8.113178,-7.50638,-6.910445,-6.331116,-5.767533,-5.221713,-4.692536,-4.181838,-3.695182,-3.228049,-2.78155,-2.362508,-1.970477,-1.604236,-1.27407,-0.968811194,-0.712718298,-0.492578236,-0.311793226,-0.166602669,-0.053590981,0.037795523,0.115300667,0.187952632,0.264376461,0.341426517,0.423498352,0.507687236,0.593669193,0.677038263,0.756411226,0.828651756,0.893502021,0.948028391,0.994250566,1.030092,1.058996,1.076871,1.088643,1.091374,1.087897,1.079419,1.065276,1.049948,1.029546,1.006139,0.980883239,0.954522053,0.924942818,0.894466208,0.863733977,0.832067596,0.798966557,0.765153,0.731856732,0.69872931,0.6643609,0.630908632,0.596677069,0.562218072,0.527393527,0.492993519,0.457817866,0.423836973,0.389750878,0.354979124,0.320315262,0.285610764,0.250873201,0.215951802,0.18137208,0.146808702,0.1121502,0.077476094,0.042775685,0.008151131,-0.026479301,-0.061066531,-0.095697198,-0.130122598,-0.164526918,-0.199414256,-0.233880736,-0.268911922,-0.303263089,-0.337678653,-0.372163372,-0.406637986,-0.406167161],"unit":"mW"},"J":{"value":[-0.08487607800000001,-0.101069817,-0.10374999800000001,-0.10267009299999999,-0.100425713,-0.097585754,-0.094172062,-0.090500759,-0.086677636,-0.08275855300000001,-0.078729934,-0.074678847,-0.070552083,-0.06642329100000001,-0.062282797,-0.058121238,-0.053986673000000006,-0.049870832,-0.045793531,-0.041746812,-0.037749243999999994,-0.033852162,-0.030018740000000002,-0.02626396,-0.02265429,-0.019193476,-0.015877148,-0.012815779,-0.009906854,-0.007411104,-0.005210101,-0.003355492,-0.0018248070000000001,-0.000597606779,0.00042924706200000003,0.001334083,0.002216294,0.0031783939999999998,0.004186368,0.0052981040000000005,0.006483175,0.007741582,0.009019649,0.010299744999999999,0.011538648,0.012729492,0.013825937,0.014852011,0.015769797000000002,0.016625327,0.01734776,0.01800856,0.018551711999999998,0.019017158,0.019420971999999998,0.019742712000000003,0.020062112,0.020301779,0.020497132,0.020665648000000002,0.020822461,0.020919046,0.021000339,0.021081632,0.02114623,0.021180401,0.021195692999999998,0.021227679,0.021269808,0.021274021,0.021310377,0.021324888,0.021330661,0.021322078999999997,0.021330661,0.021308191999999997,0.021337215,0.021367017000000002,0.021362024,0.021364832,0.021363428,0.021356874999999997,0.021332846,0.021340179,0.021352506,0.021351102,0.021347356999999997,0.021330037,0.021337995,0.021332222,0.021321299,0.021324888,0.021292901,0.021271993,0.021308191999999997,0.021296646,0.02133503,0.021314746,0.021301639,0.021296646,0.021292277,0.021267624000000002],"unit":"A\/cm2"},"power_density":{"value":[-127.311972,-149.884881,-152.099262,-148.76812,-143.80899,-138.085165,-131.651308,-124.98043,-118.228819,-111.474518,-104.710206,-98.052896,-91.436106,-84.954743,-78.600836,-72.360685,-66.294408,-60.393017,-54.677618,-49.136498,-43.788875,-38.693009,-33.801557,-29.126179,-24.738301,-20.633267,-16.798285,-13.341044,-10.14462,-7.463019,-5.157887,-3.264851,-1.744531,-0.561162104,0.395764636,1.207337,1.96809,2.76834,3.575147,4.434538,5.316097,6.216431,7.089406,7.920536,8.676982,9.356042,9.926999,10.411001,10.786301,11.088963,11.276133,11.3994,11.427999,11.391595,11.302812,11.154718,10.994221,10.780581,10.535486,10.271029,9.994995,9.685265,9.366138,9.044335,8.71275,8.366142,8.012073,7.663421,7.316537,6.956659,6.606373,6.247927,5.8871,5.522445,5.162236,4.793904,4.438083,4.081161,3.717059,3.354087,2.990689,2.626945,2.261275,1.899184,1.537264,1.174348,0.811268,0.447912933,0.085352152,-0.277270171,-0.639440113,-1.002065,-1.36254,-1.722795,-2.088107,-2.449013,-2.815832,-3.17553,-3.535902,-3.896999,-4.257989,-4.253059],"unit":"mW\/cm2"},"timestamps":{"value":[0.019,0.042,0.066,0.088,0.11,0.135,0.158,0.18,0.202,0.226,0.248,0.273,0.295,0.319,0.341,0.364,0.388,0.41,0.432,0.457,0.479,0.5,0.523,0.546,0.568,0.59,0.614,0.635,0.665,0.687,0.709,0.731,0.755,0.776,0.799,0.822,0.844,0.871,0.893,0.915,0.936,0.958,0.981,1.003,1.026,1.046,1.068,1.091,1.115,1.138,1.161,1.183,1.206,1.228,1.255,1.278,1.301,1.322,1.345,1.367,1.39,1.414,1.436,1.458,1.479,1.515,1.544,1.566,1.589,1.612,1.634,1.661,1.684,1.708,1.731,1.754,1.779,1.802,1.822,1.844,1.865,1.888,1.912,1.935,1.957,1.98,2.003,2.026,2.049,2.078,2.102,2.124,2.147,2.17,2.193,2.214,2.241,2.263,2.287,2.308,2.335,2.354],"unit":"s"},"p_max":{"unit":"mW","value":1.091374},"v_p_max":{"unit":"V","value":0.616007805},"i_p_max":{"unit":"mA","value":1.771688},"j_p_max":{"unit":"mA\/cm2","value":18.551712},"voc":{"unit":"V","value":0.929111333},"isc":{"unit":"mA","value":2.037649},"jsc":{"unit":"mA\/cm2","value":21.336636},"fill_factor":{"unit":"%","value":57.646971},"efficiency":{"unit":"%","value":11.427999},"r_s":{"unit":"ohms","value":63.790408},"r_sh":{"unit":"ohms","value":2723.598},"cell_dimension":{"value":0.09549999470993463,"unit":"cm2"},"sweep_direction":{"unit":"","value":"Reverse"},"key":"reverse1_4cell_231114"},{"V":{"value":[1.499975,1.482982,1.466017,1.448993,1.431988,1.415008,1.397988,1.38099,1.363999,1.346981,1.329987,1.312994,1.296005,1.278986,1.261998,1.245001,1.227976,1.210979,1.193999,1.177008,1.159991,1.143,1.126013,1.108979,1.091992,1.075013,1.058018,1.040986,1.024003,1.007008,0.989976883,0.972987175,0.956004143,0.939014435,0.921987772,0.904997826,0.888008118,0.870984316,0.854002714,0.837008715,0.819983482,0.802993774,0.785990238,0.769007206,0.751995564,0.734989405,0.717998266,0.700984001,0.683984756,0.666993618,0.650009155,0.633000374,0.616006374,0.599013805,0.581990004,0.564998865,0.54801321,0.531013727,0.513995409,0.496993303,0.479999304,0.462991953,0.446003437,0.429014921,0.412014246,0.394993067,0.378008842,0.36101079,0.343986988,0.326999903,0.310005903,0.292982101,0.275996447,0.259001255,0.242011309,0.224982023,0.207993031,0.191001415,0.174000263,0.156992435,0.139993906,0.12299943,0.105987549,0.088993073,0.071994543,0.055002928,0.038001776,0.020998716,0.004001439,-0.013000935,-0.029997349,-0.046991825,-0.063995838,-0.080986023,-0.097991467,-0.114995241,-0.131988287,-0.148984194,-0.165986776,-0.182987928,-0.199979544,-0.199979544],"unit":"V"},"I":{"value":[-0.010037869000000001,-0.011701211000000001,-0.012047887,-0.012011677,-0.011807531000000001,-0.011480212,-0.011095405,-0.010681331,-0.010272264,-0.009809643,-0.009342178999999999,-0.008863403999999998,-0.008378953,-0.007893249,-0.007404357,-0.006917342999999999,-0.006430805,-0.005945653,-0.005467296,-0.004990399,-0.0045209970000000006,-0.0040619820000000004,-0.003608942,-0.003170744,-0.002746269,-0.0023391989999999997,-0.0019530799999999998,-0.001590267,-0.001256287,-0.00095719099,-0.0006961673499999999,-0.000474542379,-0.000296801329,-0.000156790018,-4.902482e-5,3.4198165000000005e-5,0.000102981925,0.000164076686,0.000226005912,0.000295013189,0.000378087163,0.000474765897,0.0005887597799999999,0.000714078546,0.000843346119,0.000994175673,0.001117885,0.001241952,0.0013581069999999999,0.001460388,0.001556233,0.001637429,0.0017101170000000001,0.001772806,0.001826197,0.001872107,0.001910806,0.001942843,0.001969397,0.001992911,0.002009481,0.002026826,0.002035215,0.002048314,0.00205636,0.002064124,0.002068013,0.002075151,0.002077579,0.0020804260000000002,0.0020838230000000003,0.002086386,0.002087429,0.002087638,0.002089307,0.002089515,0.002087921,0.002089307,0.002089858,0.002090961,0.002091795,0.002091169,0.0020901410000000002,0.002087981,0.002090409,0.002089724,0.002091378,0.002089858,0.002089307,0.0020890979999999997,0.002088398,0.002089158,0.00208813,0.002089784,0.002087846,0.002089858,0.0020896490000000003,0.002088681,0.002088606,0.002090484,0.002089232,0.002089366],"unit":"A"},"resistance":{"value":[-149.431587,-126.737511,-121.682501,-120.632049,-121.277553,-123.256264,-125.997056,-129.29009,-132.784658,-137.311909,-142.363666,-148.136561,-154.673809,-162.03545,-170.439873,-179.982568,-190.952128,-203.674732,-218.389333,-235.854476,-256.578512,-281.389637,-312.006276,-349.753601,-397.627421,-459.56461,-541.717599,-654.598214,-815.102529,-1052.045,-1422.039,-2050.369,-3221.024,-5988.994,-18806.551,26463.345,8622.951,5308.398,3778.674,2837.191,2168.768,1691.347,1334.993,1076.922,891.680825,739.295303,642.282698,564.421088,503.631077,456.723473,417.681243,386.581876,360.213028,337.890209,318.689623,301.798321,286.796931,273.317851,260.991253,249.380569,238.867279,228.432002,219.143102,209.447868,200.360928,191.361137,182.788431,173.968476,165.571035,157.179329,148.767861,140.42564,132.218353,124.064269,115.833308,107.67187,99.617294,91.418562,83.259369,75.081484,66.925245,58.818493,50.708321,42.621601,34.440403,26.320667,18.170688,10.047915,1.915199,-6.223229,-14.36381,-22.493192,-30.647447,-38.753307,-46.934232,-55.025384,-63.162885,-71.329324,-79.472504,-87.533766,-95.719156,-95.713012],"unit":"ohms"},"conductance":{"value":[-0.006692026,-0.007890324,-0.008218109,-0.008289671,-0.008245549,-0.008113178,-0.007936693,-0.007734545,-0.007530991,-0.00728269,-0.007024264,-0.006750528,-0.006465219,-0.006171489,-0.005867172,-0.005556094,-0.005236915,-0.004909789,-0.004578978,-0.004239903,-0.003897443,-0.003553791,-0.003205064,-0.002859156,-0.002514917,-0.002175973,-0.00184598,-0.001527655,-0.00122684,-0.000950530057,-0.000703215764,-0.000487716993,-0.000310460295,-0.000166972958,-5.3172962e-5,3.7788118e-5,0.000115969576,0.000188380758,0.000264643084,0.000352461312,0.000461091194,0.000591244804,0.000749067547,0.000928571982,0.001121478,0.001352639,0.001556947,0.001771727,0.00198558,0.002189509,0.00239417,0.002586774,0.002776135,0.002959541,0.003137849,0.003313471,0.003486788,0.003658744,0.003831546,0.004009936,0.004186425,0.00437767,0.004563228,0.004774458,0.004990993,0.005225721,0.005470806,0.005748168,0.006039704,0.00636216,0.006721882,0.007121207,0.007563247,0.008060338,0.008633095,0.009287477,0.010038418,0.010938698,0.01201066,0.013318863,0.014942045,0.017001456,0.019720629,0.023462281,0.029035664,0.037992958,0.055033691,0.099523134,0.522138888,-0.160688292,-0.069619411,-0.044457897,-0.032629146,-0.02580425,-0.02130641,-0.018173431,-0.015832082,-0.01401948,-0.012582968,-0.011424163,-0.01044723,-0.0104479],"unit":"S"},"power":{"value":[-15.05655,-17.35269,-17.662407,-17.404838,-16.908249,-16.244593,-15.511246,-14.750814,-14.01136,-13.213401,-12.424974,-11.637599,-10.859161,-10.095357,-9.344282,-8.612099,-7.896873,-7.200062,-6.527946,-5.873739,-5.244315,-4.642844,-4.063714,-3.516288,-2.998904,-2.51467,-2.066394,-1.655445,-1.286441,-0.963898601,-0.689189583,-0.461723649,-0.2837433,-0.14722809,-0.045200285,0.030949265,0.091448785,0.14290822,0.193009662,0.24692861,0.310025229,0.381234059,0.46275944,0.549131547,0.63419254,0.730708586,0.802639573,0.870588609,0.928924303,0.974069678,1.011565,1.036493,1.053443,1.061935,1.062828,1.057739,1.047147,1.031676,1.012261,0.990463471,0.964549573,0.938404194,0.907713107,0.878757105,0.847249716,0.81531457,0.781727182,0.74915176,0.714660314,0.680298975,0.645997458,0.611273779,0.576123032,0.540700806,0.505635852,0.470103386,0.434272996,0.399060539,0.363635852,0.328265019,0.292838581,0.257212638,0.22152894,0.185815801,0.150498069,0.114940935,0.079476077,0.043884337,0.008360233,-0.027160229,-0.062646395,-0.098173333,-0.133631599,-0.169243258,-0.20459113,-0.240323731,-0.27580925,-0.311180435,-0.346681036,-0.382533319,-0.417803703,-0.417830523],"unit":"mW"},"J":{"value":[-0.105108578,-0.122525773,-0.126155883,-0.125776723,-0.123639069,-0.120211646,-0.116182247,-0.1118464,-0.107562979,-0.102718775,-0.097823861,-0.09281051700000001,-0.087737725,-0.082651826,-0.077532536,-0.072432906,-0.06733826899999999,-0.062258144,-0.057249169,-0.052255486,-0.047340286999999995,-0.042533842999999995,-0.037789969,-0.033201504,-0.028756745,-0.024494232,-0.020451102999999998,-0.016652009,-0.013154839000000002,-0.010022942,-0.0072897100000000005,-0.00496903,-0.0031078670000000003,-0.00164178,-0.000513348904,0.000358095968,0.001078345,0.00171808,0.002366554,0.003089143,0.003959028,0.0049713710000000005,0.006165024,0.007477261999999999,0.008830849,0.010410216,0.011705603,0.013004735,0.014221013,0.015292024,0.016295629000000002,0.017145853,0.017906983,0.018563414,0.019122481,0.019603218999999998,0.020008437,0.020343907999999997,0.020621959,0.020868179,0.021041688,0.021223310000000002,0.021311157,0.021448309999999998,0.021532568000000002,0.021613861,0.021654586,0.021729326,0.021754759,0.021784561,0.021820137,0.021846975,0.021857897,0.021860081,0.021877557,0.021879742,0.021863046,0.021877557,0.02188333,0.021894877,0.021903614999999998,0.021897061000000002,0.021886295,0.021863669999999998,0.021889104,0.021881926,0.021899246,0.02188333,0.021877557,0.021875373,0.021868039,0.021875997,0.021865231000000002,0.021882549999999997,0.021862266,0.02188333,0.021881146,0.021871004,0.021870224,0.021889884,0.021876777,0.021878181],"unit":"A\/cm2"},"power_density":{"value":[-157.660211,-181.703565,-184.94667,-182.249617,-177.049723,-170.100449,-162.421425,-154.458789,-146.715809,-138.360219,-130.104445,-121.859675,-113.708489,-105.710546,-97.845882,-90.179046,-82.689768,-75.393318,-68.355454,-61.50512,-54.914297,-48.616168,-42.55198,-36.81977,-31.402132,-26.331622,-21.637634,-17.334505,-13.470592,-10.093179,-7.216645,-4.834803,-2.971134,-1.541655,-0.473301412,0.324076072,0.957578905,1.496421,2.021044,2.58564,3.246337,3.99198,4.845649,5.750069,6.64076,7.651399,8.404603,9.116111,9.726956,10.199682,10.592308,10.853332,11.030816,11.119741,11.129093,11.075796,10.964888,10.802894,10.599592,10.371345,10.099996,9.826222,9.504849,9.201645,8.871725,8.537325,8.185625,7.844521,7.483354,7.123549,6.764371,6.400773,6.032702,5.661789,5.294616,4.922549,4.547361,4.178644,3.807705,3.43733,3.066373,2.693326,2.319675,1.945715,1.575896,1.20357,0.832210228,0.459521848,0.087541702,-0.284400306,-0.655983198,-1.027993,-1.399284,-1.772181,-2.142316,-2.516479,-2.888055,-3.258434,-3.630168,-4.005584,-4.374908,-4.375189],"unit":"mW\/cm2"},"timestamps":{"value":[0.019,0.041,0.063,0.085,0.109,0.131,0.153,0.189,0.21,0.234,0.258,0.282,0.305,0.328,0.351,0.375,0.397,0.421,0.444,0.466,0.49,0.512,0.535,0.557,0.58,0.601,0.623,0.646,0.669,0.691,0.713,0.738,0.76,0.782,0.804,0.827,0.85,0.872,0.894,0.915,0.938,0.959,0.981,1.004,1.026,1.061,1.084,1.109,1.131,1.154,1.181,1.202,1.223,1.244,1.265,1.297,1.318,1.343,1.364,1.385,1.407,1.429,1.453,1.475,1.497,1.52,1.542,1.565,1.587,1.609,1.631,1.653,1.675,1.699,1.72,1.74,1.765,1.786,1.81,1.835,1.857,1.877,1.9,1.937,1.962,1.983,2.004,2.029,2.052,2.075,2.097,2.122,2.143,2.165,2.186,2.208,2.234,2.255,2.277,2.298,2.322,2.341],"unit":"s"},"p_max":{"unit":"mW","value":1.062828},"v_p_max":{"unit":"V","value":0.581990004},"i_p_max":{"unit":"mA","value":1.826197},"j_p_max":{"unit":"mA\/cm2","value":19.122481},"voc":{"unit":"V","value":0.91197937},"isc":{"unit":"mA","value":2.089258},"jsc":{"unit":"mA\/cm2","value":21.877043},"fill_factor":{"unit":"%","value":55.780977},"efficiency":{"unit":"%","value":11.129093},"r_s":{"unit":"ohms","value":54.560136},"r_sh":{"unit":"ohms","value":2708.135},"cell_dimension":{"value":0.09549999810671972,"unit":"cm2"},"sweep_direction":{"unit":"","value":"Reverse"},"key":"reverse1_3cell_231114"},{"V":{"value":[1.499974,1.482973,1.466021,1.448995,1.431994,1.415009,1.39799,1.380985,1.364002,1.346986,1.329986,1.312997,1.296003,1.278989,1.261999,1.245001,1.22798,1.210993,1.194002,1.177008,1.159991,1.143,1.125993,1.108987,1.091978,1.075009,1.058017,1.040987,1.024002,1.007006,0.989976883,0.972993851,0.956004143,0.939011574,0.921988964,0.90500474,0.88801074,0.870986938,0.853993177,0.837003231,0.81998086,0.802992344,0.785987616,0.769010067,0.751984835,0.734989405,0.717994213,0.700981379,0.68398881,0.66699481,0.650009155,0.633000374,0.616006374,0.599013805,0.581988573,0.565000296,0.548010349,0.531015158,0.513993978,0.497009754,0.480007648,0.462986469,0.446000814,0.429016352,0.41202116,0.394973993,0.378010273,0.36101079,0.343986988,0.327002525,0.310008764,0.292983532,0.27598691,0.259002447,0.242012739,0.224986076,0.207995892,0.190998793,0.173999071,0.156989574,0.139989853,0.12299943,0.105998278,0.088995695,0.071995974,0.055006981,0.038001776,0.020998716,0.004000872,-0.012997568,-0.029996157,-0.046990395,-0.063988924,-0.080987453,-0.097994089,-0.114994049,-0.131987095,-0.148981333,-0.165990829,-0.182985067,-0.199982166,-0.199982166],"unit":"V"},"I":{"value":[-0.008523956000000001,-0.010247230999999999,-0.010768846,-0.010820165,-0.01069437,-0.010448262,-0.010136694,-0.009795576,-0.009414017,-0.009014725999999999,-0.008597194999999998,-0.008176595,-0.007747203,-0.007311776,-0.006876081,-0.006437242,-0.006000787,-0.005563542,-0.005129099,-0.004700527,-0.0042733549999999995,-0.003855541,-0.003443688,-0.003043622,-0.002657086,-0.0022661829999999997,-0.001912236,-0.0015768709999999999,-0.0012651680000000001,-0.000983133912,-0.000733345747,-0.0005194842819999999,-0.00034263729999999996,-0.000201940536,-9.1463327e-5,-8.46386e-6,5.4299831e-5,0.000104308128,0.000147432089,0.000188216567,0.000232249498,0.00028398633,0.00034604966599999996,0.000423580408,0.000519633293,0.00063072145,0.000755608082,0.000887230039,0.001022533,0.001154914,0.001285017,0.001408041,0.001517192,0.001612887,0.0016976299999999999,0.0017733570000000001,0.001835972,0.001889378,0.0019332020000000002,0.001973003,0.002004012,0.002029598,0.002052277,0.0020695329999999997,0.0020847920000000002,0.002096996,0.002107337,0.002118364,0.002126127,0.002130285,0.002135977,0.002138674,0.002142772,0.0021436660000000002,0.002146453,0.002146646,0.002147138,0.002150059,0.0021542759999999997,0.002153382,0.0021555270000000004,0.0021547679999999996,0.002154976,0.0021558700000000003,0.002156362,0.002156571,0.002156913,0.002155602,0.002155259,0.002154067,0.002157614,0.002158999,0.002156913,0.002157122,0.002156079,0.002157539,0.002157539,0.002157748,0.002157956,0.002154142,0.002158031,0.0021564960000000004],"unit":"A"},"resistance":{"value":[-175.971526,-144.719381,-136.135395,-133.916128,-133.901648,-135.43013,-137.91378,-140.980452,-144.890535,-149.420664,-154.699945,-160.579937,-167.286579,-174.921769,-183.534645,-193.405976,-204.636474,-217.665789,-232.789755,-250.399161,-271.447325,-296.456333,-326.973129,-364.36437,-410.968426,-474.369842,-553.287576,-660.160194,-809.379817,-1024.282,-1349.946,-1873,-2790.134,-4649.941,-10080.422,-106925.775,16353.84,8350.135,5792.451,4447.022,3530.603,2827.574,2271.314,1815.5,1447.145,1165.315,950.220399,790.078501,668.916396,577.527437,505.837191,449.56119,406.017541,371.392345,342.824219,318.604867,298.485123,281.05292,265.876995,251.905201,239.523285,228.117353,217.319954,207.301057,197.631815,188.352313,179.378169,170.419623,161.790387,153.50178,145.136742,136.99306,128.799004,120.822194,112.750094,104.808169,96.871221,88.83422,80.769172,72.903737,64.944592,57.08246,49.187681,41.280637,33.387704,25.506692,17.618592,9.741463,1.85633,-6.033966,-13.902469,-21.764894,-29.666897,-37.544217,-45.450142,-53.298708,-61.174833,-69.044833,-76.920383,-84.945698,-92.668816,-92.734771],"unit":"ohms"},"conductance":{"value":[-0.005682738,-0.006909925,-0.007345628,-0.00746736,-0.007468168,-0.007383881,-0.007250907,-0.007093182,-0.006901762,-0.006692515,-0.006464126,-0.006227428,-0.005977766,-0.005716841,-0.005448563,-0.005170471,-0.004886714,-0.004594199,-0.004295722,-0.003993624,-0.003683956,-0.003373178,-0.003058355,-0.002744505,-0.002433277,-0.00210806,-0.001807378,-0.001514784,-0.001235514,-0.000976293833,-0.000740770577,-0.000533902944,-0.000358405665,-0.000215056494,-9.9202193e-5,-9.352282e-6,6.1147719e-5,0.000119758545,0.000172638486,0.000224869582,0.000283237707,0.000353660072,0.000440273688,0.000550812566,0.000691015655,0.000858136792,0.001052387,0.001265697,0.001494955,0.001731519,0.001976921,0.002224391,0.002462948,0.00269257,0.002916947,0.003138684,0.003350251,0.003558049,0.003761138,0.003969747,0.004174959,0.004383709,0.00460151,0.004823902,0.005059914,0.005309199,0.005574814,0.005867869,0.006180837,0.006514582,0.006890054,0.00729964,0.007764035,0.008276625,0.008869172,0.009541241,0.010322983,0.011256923,0.012380961,0.013716718,0.015397741,0.017518516,0.020330294,0.024224432,0.029951146,0.039205398,0.056758223,0.102653988,0.538697327,-0.165728482,-0.071929669,-0.045945548,-0.033707604,-0.02663526,-0.022002131,-0.018762181,-0.016346592,-0.014483343,-0.013000455,-0.011772227,-0.010791117,-0.010783442],"unit":"S"},"power":{"value":[-12.785708,-15.196365,-15.787355,-15.678361,-15.31427,-14.78439,-14.170994,-13.527542,-12.840738,-12.142712,-11.434146,-10.735846,-10.040399,-9.35168,-8.677609,-8.014373,-7.368846,-6.73741,-6.124153,-5.532557,-4.957052,-4.406882,-3.87757,-3.375338,-2.90148,-2.436168,-2.023178,-1.641502,-1.295534,-0.990021914,-0.725995337,-0.505455011,-0.327562679,-0.189624501,-0.084328178,-0.007659833,0.048218833,0.090851017,0.125905998,0.157537875,0.190440143,0.228038849,0.271990752,0.325737598,0.390756356,0.463573583,0.54252223,0.621931736,0.699400844,0.770321977,0.835272514,0.891290178,0.934599653,0.966141452,0.988001081,1.001947,1.006132,1.003288,0.993654263,0.98060181,0.961941311,0.939676301,0.915317359,0.887863442,0.858978278,0.82825877,0.796595079,0.764752252,0.731360189,0.696608544,0.662171636,0.626596338,0.591377044,0.555214778,0.519468889,0.482965546,0.446595907,0.410658625,0.374841984,0.338058478,0.301751974,0.265035175,0.228423758,0.191863167,0.155249377,0.118626435,0.081966535,0.045264875,0.008622917,-0.027997634,-0.064720117,-0.101452236,-0.13801856,-0.174699809,-0.21128298,-0.248104161,-0.284767322,-0.321464135,-0.358200966,-0.394175758,-0.431567688,-0.431260751],"unit":"mW"},"J":{"value":[-0.089256083,-0.107300843,-0.112762782,-0.11330016000000001,-0.111982929,-0.109405886,-0.10614338999999999,-0.10257147999999999,-0.098576096,-0.094395033,-0.090022986,-0.085618796,-0.081122546,-0.076563102,-0.07200085099999999,-0.067405676,-0.06283546599999999,-0.058256987,-0.053707842,-0.049220174,-0.044747172999999994,-0.040372161,-0.036059561999999996,-0.031870385,-0.027822886,-0.023729669999999998,-0.020023416000000002,-0.016511735000000003,-0.013247834,-0.010294596,-0.007679013,-0.0054396259999999995,-0.003587825,-0.002114561,-0.000957731177,-8.862680200000001e-5,0.000568584622,0.001092232,0.001543792,0.001970854,0.0024319320000000004,0.0029736790000000003,0.003623557,0.004435397,0.005441186,0.006604413,0.007912127,0.009290366999999999,0.010707147,0.012093346,0.013455671,0.014743880000000001,0.015886822000000002,0.016888867000000002,0.017776227,0.018569187,0.019224837999999998,0.019784061000000002,0.020242954,0.020659719,0.020984424,0.021252333,0.021489815,0.021670501,0.021830279,0.02195807,0.022066357,0.022181822,0.022263115,0.022306648,0.022366253,0.022394495,0.022437404,0.022446766,0.022475943999999998,0.022477973,0.022483122,0.022513704,0.022557862,0.0225485,0.022570968,0.022563011,0.022565195,0.022574557,0.022579706,0.022581891,0.022585479,0.022571748,0.02256816,0.022555677,0.022592813,0.022607323999999998,0.022585479,0.022587664,0.022576742,0.022592033,0.022592033,0.022594217,0.022596402,0.022556457000000002,0.022597182,0.022581109999999998],"unit":"A\/cm2"},"power_density":{"value":[-133.881763,-159.124238,-165.312613,-164.171324,-160.358851,-154.810368,-148.387371,-141.649653,-134.457992,-127.148816,-119.729277,-112.41723,-105.135071,-97.923353,-90.865011,-83.920139,-77.160689,-70.548792,-64.127253,-57.932534,-51.906308,-46.145366,-40.602832,-35.343853,-30.381989,-25.509611,-21.185105,-17.188506,-13.565804,-10.366722,-7.602045,-5.292723,-3.429976,-1.985597,-0.883017576,-0.080207676,0.504909251,0.951319554,1.318387,1.649611,1.994138,2.387841,2.848071,3.410865,4.09169,4.854174,5.680861,6.512374,7.323569,8.066199,8.746309,9.332881,9.786384,10.116664,10.345561,10.491596,10.53541,10.505636,10.404757,10.268082,10.072684,9.839542,9.584475,9.296999,8.994537,8.672867,8.34131,8.007877,7.658222,7.29433,6.933734,6.561218,6.19243,5.813767,5.439465,5.057231,4.676397,4.30009,3.925047,3.539879,3.159707,2.775237,2.391872,2.009038,1.625648,1.242162,0.858288322,0.473977744,0.090292327,-0.293168938,-0.677697557,-1.062327,-1.445221,-1.829317,-2.212387,-2.597949,-2.981857,-3.366117,-3.750795,-4.127495,-4.519033,-4.515819],"unit":"mW\/cm2"},"timestamps":{"value":[0.018,0.042,0.067,0.088,0.111,0.133,0.155,0.181,0.203,0.226,0.247,0.271,0.295,0.318,0.339,0.366,0.389,0.412,0.436,0.459,0.482,0.507,0.53,0.553,0.574,0.61,0.633,0.658,0.681,0.704,0.726,0.748,0.77,0.791,0.815,0.837,0.859,0.88,0.903,0.924,0.946,0.968,0.991,1.013,1.035,1.058,1.081,1.103,1.126,1.148,1.17,1.195,1.218,1.24,1.264,1.287,1.309,1.333,1.348,1.372,1.394,1.416,1.451,1.479,1.515,1.542,1.566,1.589,1.61,1.632,1.654,1.677,1.698,1.72,1.743,1.766,1.789,1.812,1.836,1.858,1.881,1.903,1.924,1.946,1.967,1.989,2.013,2.038,2.059,2.083,2.106,2.129,2.15,2.171,2.192,2.212,2.235,2.256,2.277,2.299,2.336,2.359],"unit":"s"},"p_max":{"unit":"mW","value":1.006132},"v_p_max":{"unit":"V","value":0.548010349},"i_p_max":{"unit":"mA","value":1.835972},"j_p_max":{"unit":"mA\/cm2","value":19.224838},"voc":{"unit":"V","value":0.902713051},"isc":{"unit":"mA","value":2.154979},"jsc":{"unit":"mA\/cm2","value":22.565222},"fill_factor":{"unit":"%","value":51.720431},"efficiency":{"unit":"%","value":10.53541},"r_s":{"unit":"ohms","value":62.522131},"r_sh":{"unit":"ohms","value":2203.201},"cell_dimension":{"value":0.09550000082347329,"unit":"cm2"},"sweep_direction":{"unit":"","value":"Reverse"},"key":"reverse1_2cell_231114"},{"V":{"value":[1.499979,1.482984,1.466018,1.448996,1.431993,1.415009,1.39799,1.380988,1.364003,1.346983,1.329987,1.312997,1.296007,1.278989,1.261999,1.245003,1.227995,1.210987,1.193998,1.177009,1.159989,1.143004,1.126013,1.108979,1.091992,1.07501,1.058017,1.040987,1.024004,1.007005,0.989980936,0.972987175,0.956005573,0.939010143,0.921986341,0.905010223,0.888013601,0.870992422,0.853979349,0.837004662,0.819987535,0.802994967,0.785995722,0.769007206,0.75199151,0.734989405,0.717997074,0.700988054,0.683987379,0.666996241,0.650009155,0.633001566,0.616006374,0.599018097,0.581992626,0.565000296,0.54801178,0.531013727,0.513983011,0.497020483,0.479996681,0.462986469,0.446002007,0.429014921,0.412015676,0.394994497,0.378007412,0.36101079,0.343986988,0.326998472,0.310005903,0.292983532,0.27598834,0.259001255,0.242010117,0.22497654,0.207991838,0.191000223,0.174001694,0.156995058,0.140003443,0.122995377,0.105999708,0.088994503,0.071993351,0.055002928,0.038003206,0.020998031,0.003998876,-0.012998819,-0.029996157,-0.046993256,-0.063991785,-0.080988884,-0.097991467,-0.114995241,-0.131981611,-0.148984194,-0.165993452,-0.182986498,-0.199983597,-0.199970007],"unit":"V"},"I":{"value":[-0.005543157,-0.00658232,-0.00685513,-0.006887451,-0.006828084999999999,-0.006739318,-0.00653398,-0.0063078399999999995,-0.006065413,-0.005816877,-0.005556896,-0.005285189,-0.0050158500000000005,-0.004744083,-0.004471064,-0.004196167,-0.0039215529999999995,-0.0036486830000000002,-0.003375664,-0.00310576,-0.002837524,-0.0025722830000000003,-0.002312854,-0.002057448,-0.0018084940000000001,-0.0015688990000000001,-0.001336306,-0.001115382,-0.000908449292,-0.0007161498069999999,-0.000542640686,-0.000387996435,-0.00025644898399999997,-0.000147715211,-5.9023499e-5,1.0207295e-5,6.4909458e-5,0.000108465552,0.00014591217000000002,0.00018045306199999998,0.000215396285,0.000253677368,0.000311374664,0.000362411141,0.000432312489,0.000505268574,0.000592365861,0.0006918907170000001,0.000797912478,0.000917062163,0.001034111,0.001153395,0.0012714859999999998,0.001386195,0.001492634,0.001591116,0.001678079,0.0017559530000000002,0.001827106,0.001886949,0.001938328,0.001984447,0.002020448,0.002049699,0.0020761340000000003,0.002096996,0.0021158009999999996,0.002130076,0.002142072,0.002150327,0.0021597590000000002,0.002164751,0.002169117,0.0021743920000000003,0.002177715,0.002180502,0.002186045,0.0021879819999999998,0.00218986,0.002190962,0.0021918709999999998,0.0021943600000000002,0.002194569,0.002195135,0.0021961629999999997,0.002197489,0.002197489,0.002199769,0.00219956,0.0022011549999999998,0.002200887,0.002201095,0.0021983830000000004,0.00219956,0.002201304,0.0021991429999999998,0.002201021,0.002202481,0.002201021,0.002202272,0.002200186,0.002199501],"unit":"A"},"resistance":{"value":[-270.60011,-225.298018,-213.857125,-210.382022,-209.720971,-209.963296,-213.956833,-218.931927,-224.882148,-231.564714,-239.339864,-248.429567,-258.382403,-269.596658,-282.259265,-296.699943,-313.139913,-331.897067,-353.707447,-378.976241,-408.80339,-444.353765,-486.849839,-539.007047,-603.812732,-685.200642,-791.747006,-933.301341,-1127.2,-1406.137,-1824.377,-2507.722,-3727.859,-6356.895,-15620.665,88663.077,13680.804,8030.129,5852.694,4638.351,3806.879,3165.418,2524.276,2121.919,1739.463,1454.651,1212.084,1013.149,857.221058,727.31846,628.568201,548.816144,484.477405,432.13106,389.909693,355.096818,326.570835,302.407739,281.309921,263.39901,247.634376,233.307522,220.744067,209.30626,198.453308,188.362091,178.659248,169.482563,160.586121,152.069186,143.53724,135.342814,127.235321,119.114315,111.130282,103.176497,95.145266,87.295145,79.457917,71.655751,63.873931,56.050686,48.300934,40.541704,32.781425,25.029897,17.293922,9.545562,1.818034,-5.905454,-13.629124,-21.349942,-29.108567,-36.820486,-44.515194,-52.29093,-59.963821,-67.643803,-75.416579,-83.089856,-90.89394,-90.916087],"unit":"ohms"},"conductance":{"value":[-0.00369549,-0.004438565,-0.004676019,-0.004753258,-0.00476824,-0.004762737,-0.00467384,-0.00456763,-0.004446774,-0.004318447,-0.004178159,-0.004025286,-0.003870233,-0.003709245,-0.003542842,-0.003370408,-0.003193461,-0.003012982,-0.002827195,-0.002638688,-0.002446164,-0.002250459,-0.002054021,-0.001855263,-0.001656143,-0.001459427,-0.00126303,-0.001071465,-0.000887153855,-0.000711168091,-0.00054813246,-0.000398768293,-0.000268250512,-0.000157309494,-6.4017759e-5,1.1278652e-5,7.3095117e-5,0.000124530994,0.000170861474,0.000215593856,0.000262682389,0.00031591402,0.000396153129,0.00047127145,0.000574890119,0.000687450146,0.000825025452,0.000987022122,0.00116656,0.001374914,0.001590917,0.001822104,0.00206408,0.002314113,0.002564696,0.002816133,0.003062123,0.003306794,0.003554798,0.003796521,0.004038212,0.004286188,0.004530133,0.004777688,0.005038969,0.005308924,0.005597247,0.005900312,0.006227188,0.006575954,0.006966833,0.007388645,0.007859453,0.008395297,0.008998447,0.00969213,0.010510244,0.011455391,0.012585278,0.013955614,0.015655839,0.017840995,0.020703534,0.024665959,0.03050508,0.039952221,0.057823783,0.104760729,0.550044716,-0.169334981,-0.073372287,-0.046838534,-0.034354147,-0.027158794,-0.02246424,-0.019123775,-0.016676723,-0.01478332,-0.013259684,-0.012035163,-0.011001834,-0.010999153],"unit":"S"},"power":{"value":[-8.31462,-9.761472,-10.049747,-9.979887,-9.777766,-9.5362,-9.134438,-8.71105,-8.273243,-7.835237,-7.390599,-6.939437,-6.500579,-6.067629,-5.642478,-5.224238,-4.815648,-4.418509,-4.030535,-3.655507,-3.291497,-2.940129,-2.604303,-2.281667,-1.974861,-1.686582,-1.413834,-1.161098,-0.93025591,-0.721166419,-0.537203934,-0.377515555,-0.245166658,-0.138706081,-0.05441886,0.009237707,0.057640482,0.094472674,0.12460598,0.151040054,0.176622269,0.20370165,0.244739154,0.278696779,0.325095321,0.371367048,0.425316955,0.485007127,0.545762065,0.611677015,0.672181478,0.730100575,0.783243655,0.830356143,0.868702223,0.898981118,0.91960726,0.93243506,0.939101382,0.937852275,0.930391078,0.918772221,0.901124061,0.879351638,0.85539979,0.828301767,0.799788451,0.768980524,0.736844801,0.703153633,0.669538164,0.634236479,0.598651092,0.563170346,0.527029134,0.490561754,0.454679529,0.417905089,0.381039305,0.343970275,0.306869543,0.269896122,0.232623622,0.195354927,0.158109129,0.120868337,0.083511633,0.046190818,0.008795768,-0.028612414,-0.06601814,-0.10343663,-0.140678466,-0.178139942,-0.215708992,-0.252890999,-0.290494261,-0.328134861,-0.365355027,-0.402986117,-0.44000116,-0.43983419],"unit":"mW"},"J":{"value":[-0.058043534,-0.068924814,-0.071781468,-0.072119904,-0.07149826799999999,-0.07056877900000001,-0.068418643,-0.066050684,-0.063512182,-0.060909706,-0.058187396,-0.055342289,-0.052521990000000005,-0.049676259,-0.04681742,-0.043938921,-0.041063387,-0.038206108999999995,-0.035347271,-0.032521043,-0.029712291000000002,-0.026934902,-0.024218365999999998,-0.021543958,-0.018937113,-0.016428256999999998,-0.013992736,-0.01167939,-0.009512558,-0.007498951,-0.005682101,-0.004062789999999999,-0.00268533,-0.001546756,-0.000618047115,0.000106882675,0.00067968019,0.001135765,0.001527876,0.001889561,0.002255458,0.002656308,0.003260468,0.0037948810000000004,0.004526832,0.00529077,0.006202784,0.007244929,0.008355104,0.009602745000000001,0.010828385000000001,0.01207743,0.013313992,0.014515135,0.01562968,0.016660903,0.017571511999999997,0.018386941,0.019131999,0.019758628,0.02029663,0.020779552,0.021156528,0.021462821,0.021739624,0.02195807,0.022154984,0.022304464,0.02243007,0.022516513,0.022615282,0.022667553,0.02271327,0.022768505999999997,0.022803301999999998,0.02283248,0.022890524,0.022910807999999998,0.022930469,0.022942015000000003,0.022951533,0.022977591,0.022979775,0.022985704,0.022996471,0.023010358,0.023010358,0.023034231,0.023032046,0.023048742,0.023045933,0.023048118,0.023019718999999998,0.023032046,0.023050301999999998,0.023027677,0.023047336999999998,0.023062629,0.023047336999999998,0.023060444,0.0230386,0.023031422],"unit":"A\/cm2"},"power_density":{"value":[-87.064083,-102.214368,-105.232956,-104.50144,-102.384986,-99.855492,-95.648561,-91.215179,-86.630818,-82.044364,-77.388469,-72.664265,-68.068888,-63.53538,-59.083543,-54.704067,-50.425631,-46.267114,-42.204557,-38.277564,-34.465942,-30.786693,-27.270184,-23.891797,-20.679174,-17.660546,-14.804547,-12.158096,-9.7409,-7.551481,-5.625172,-3.953042,-2.56719,-1.45242,-0.569830998,0.096729913,0.603565253,0.989242661,1.304775,1.581571,1.849448,2.133002,2.562714,2.918291,3.404139,3.88866,4.453581,5.078609,5.714786,6.404995,7.03855,7.645032,8.201504,8.694829,9.096358,9.413415,9.629395,9.763718,9.833522,9.820443,9.742315,9.620652,9.435854,9.207871,8.957066,8.673317,8.374748,8.052152,7.715652,7.362865,7.010871,6.64122,6.268598,5.897072,5.51863,5.136772,4.761042,4.37597,3.98994,3.601783,3.213294,2.826137,2.435849,2.045601,1.655593,1.265637,0.874467362,0.483673485,0.092102288,-0.299606429,-0.691289419,-1.083106,-1.473073,-1.86534,-2.258733,-2.648073,-3.041825,-3.435967,-3.825707,-4.21975,-4.607342,-4.605594],"unit":"mW\/cm2"},"timestamps":{"value":[0.019,0.043,0.067,0.09,0.115,0.152,0.174,0.196,0.218,0.243,0.265,0.28,0.305,0.326,0.348,0.371,0.393,0.414,0.436,0.461,0.483,0.509,0.531,0.553,0.576,0.597,0.62,0.645,0.666,0.689,0.712,0.736,0.759,0.78,0.803,0.826,0.849,0.871,0.894,0.916,0.939,0.961,0.995,1.019,1.048,1.068,1.089,1.112,1.133,1.157,1.18,1.202,1.226,1.249,1.272,1.293,1.315,1.339,1.36,1.383,1.405,1.434,1.457,1.478,1.5,1.521,1.545,1.566,1.59,1.613,1.634,1.657,1.679,1.702,1.724,1.746,1.77,1.792,1.815,1.838,1.874,1.901,1.922,1.946,1.966,1.987,2.015,2.042,2.064,2.086,2.11,2.134,2.156,2.177,2.2,2.222,2.246,2.269,2.295,2.317,2.342,2.364],"unit":"s"},"p_max":{"unit":"mW","value":0.939101382},"v_p_max":{"unit":"V","value":0.513983011},"i_p_max":{"unit":"mA","value":1.827106},"j_p_max":{"unit":"mA\/cm2","value":19.131999},"voc":{"unit":"V","value":0.907513159},"isc":{"unit":"mA","value":2.199936},"jsc":{"unit":"mA\/cm2","value":23.035974},"fill_factor":{"unit":"%","value":47.038081},"efficiency":{"unit":"%","value":9.833522},"r_s":{"unit":"ohms","value":98.169917},"r_sh":{"unit":"ohms","value":1834.857},"cell_dimension":{"value":0.0954999914374614,"unit":"cm2"},"sweep_direction":{"unit":"","value":"Reverse"},"key":"reverse1_1cell_231114"},{"V":{"value":[-0.199970007,-0.182985067,-0.165985346,-0.148984194,-0.131984234,-0.114992619,-0.097992659,-0.080987453,-0.063992977,-0.046993256,-0.029993296,-0.01299727,0.003999442,0.02100113,0.03802228,0.054996252,0.071997404,0.088995695,0.105999708,0.123003721,0.139993906,0.156992435,0.174000263,0.190997362,0.207993031,0.224982023,0.242011309,0.259002447,0.275992393,0.292984962,0.310005903,0.327001333,0.343986988,0.36101222,0.378007412,0.394994497,0.411998034,0.429013729,0.446003437,0.462986469,0.480007648,0.497009754,0.513998032,0.531013727,0.54801178,0.565001488,0.581987381,0.599015236,0.616006374,0.632998943,0.650010586,0.666993618,0.68398881,0.700984001,0.717997074,0.734992266,0.75197649,0.76901412,0.785988808,0.802992344,0.819983482,0.837000608,0.85399437,0.870985508,0.888009548,0.904996634,0.921987772,0.939015627,0.956006765,0.972989798,0.989979506,1.007002,1.024003,1.040984,1.058015,1.075015,1.091995,1.108982,1.126025,1.143004,1.15998,1.177011,1.194003,1.210993,1.227978,1.245001,1.261999,1.27899,1.296005,1.312999,1.329988,1.346986,1.364002,1.380989,1.397988,1.415008,1.431993,1.448995,1.466021,1.482999,1.499989,1.499983],"unit":"V"},"I":{"value":[0.0014777929999999998,0.0020589230000000003,0.002053663,0.0020578949999999997,0.00205192,0.002052486,0.002054632,0.002049357,0.002052829,0.002050325,0.0020492970000000003,0.002045333,0.0020419360000000003,0.0020409670000000003,0.002038479,0.002035692,0.002034664,0.002031609,0.002025366,0.002020299,0.002016425,0.00201039,0.002003446,0.001995549,0.00198397,0.001974672,0.001964062,0.001949713,0.001934931,0.001917049,0.001894295,0.0018744019999999998,0.001845688,0.001815319,0.00178057,0.0017405600000000002,0.001698464,0.001649499,0.0016010249999999998,0.001544714,0.001487643,0.0014260710000000001,0.0013626069999999998,0.00129424,0.001225933,0.001155823,0.001083761,0.001009285,0.0009364783759999999,0.000867053866,0.000803396106,0.000738069415,0.00067448616,0.000614359975,0.000558882952,0.0005167871710000001,0.000475585461,0.000437036157,0.00039562583,0.00036033988,0.00032454729100000004,0.000289663672,0.000257074833,0.00022344291199999998,0.000187724829,0.000149235129,0.000105619431,5.4091214999999996e-5,-7.972121e-6,-8.293986300000001e-5,-0.000175654888,-0.000291258097,-0.000432163477,-0.0006033182139999999,-0.0008074790240000001,-0.001041099,-0.0013042689999999998,-0.0015921289999999999,-0.001903221,-0.002234146,-0.002578586,-0.002940789,-0.003307626,-0.0036851609999999997,-0.004072040000000001,-0.004464610999999999,-0.004865229,-0.00527063,-0.005680322999999999,-0.006096065,-0.006518528,-0.006941959,-0.007374123,-0.007818431,-0.008249074,-0.008689761,-0.009131789,-0.00957872,-0.01003176,-0.010483146,-0.010940552000000001,-0.01096046],"unit":"A"},"resistance":{"value":[-135.316669,-88.874157,-80.824037,-72.3964,-64.322319,-56.02602,-47.693539,-39.518476,-31.173073,-22.919903,-14.635894,-6.354597,1.958652,10.289792,18.652281,27.015994,35.3854,43.805514,52.33608,60.883906,69.426781,78.090531,86.850479,95.711706,104.836761,113.933866,123.219762,132.841344,142.636838,152.83121,163.652371,174.456336,186.373351,198.869845,212.295785,226.935304,242.570932,260.087302,278.573606,299.723105,322.663301,348.516854,377.21667,410.289885,447.015935,488.830261,537.006902,593.504282,657.790281,730.057229,809.078587,903.70039,1014.089,1140.999,1284.7,1422.234,1581.16,1759.612,1986.697,2228.43,2526.545,2889.56,3321.968,3898.023,4730.379,6064.233,8729.339,17359.855,-119918.744,-11731.268,-5635.935,-3457.422,-2369.48,-1725.432,-1310.269,-1032.576,-837.246687,-696.539992,-591.641599,-511.606539,-449.851068,-400.236328,-360.984957,-328.61323,-301.563435,-278.859897,-259.39151,-242.663636,-228.156852,-215.3846,-204.031994,-194.035465,-184.971425,-176.632515,-169.472147,-162.836244,-156.814015,-151.272266,-146.137976,-141.465038,-137.103556,-136.854029],"unit":"ohms"},"conductance":{"value":[-0.007390073,-0.011251865,-0.012372557,-0.013812842,-0.015546703,-0.01784885,-0.0209672,-0.02530462,-0.032078968,-0.043630203,-0.068325172,-0.157366389,0.51055522,0.09718369,0.053612747,0.03701511,0.028260243,0.022828176,0.019107277,0.016424702,0.014403664,0.01280565,0.011514041,0.010448043,0.009538639,0.008777022,0.008115581,0.007527777,0.007010812,0.006543166,0.006110513,0.005732093,0.005365574,0.005028414,0.004710409,0.004406542,0.004122505,0.003844863,0.003589716,0.003336413,0.003099206,0.002869302,0.002650996,0.002437301,0.002237057,0.0020457,0.001862173,0.001684908,0.001520241,0.001369756,0.001235974,0.001106561,0.000986107011,0.000876425102,0.000778391684,0.000703119197,0.000632447247,0.000568307064,0.000503347918,0.000448746346,0.000395797352,0.000346073431,0.000301026379,0.000256540333,0.000211399561,0.000164901309,0.000114556216,5.7604169e-5,-8.33898e-6,-8.5242274e-5,-0.000177432853,-0.000289232855,-0.000422033495,-0.000579565091,-0.00076320179,-0.00096845144,-0.001194391,-0.001435668,-0.001690212,-0.001954627,-0.002222958,-0.002498524,-0.002770199,-0.003043091,-0.003316052,-0.00358603,-0.003855176,-0.004120931,-0.00438295,-0.004642857,-0.004901192,-0.005153697,-0.00540624,-0.005661472,-0.005900675,-0.006141139,-0.006376981,-0.006610597,-0.006842848,-0.007068884,-0.007293757,-0.007307056],"unit":"S"},"power":{"value":[-0.295514248,-0.376752209,-0.340877986,-0.306593837,-0.270821049,-0.236020733,-0.201338824,-0.16597218,-0.131366618,-0.09635146,-0.061465174,-0.026583749,0.008166604,0.042862621,0.077507613,0.111955449,0.146490537,0.180804492,0.214688187,0.248504348,0.282287231,0.315616048,0.34860017,0.38114452,0.412652017,0.44426572,0.475325324,0.504980343,0.53402615,0.561666614,0.587242699,0.612932007,0.634892528,0.655352365,0.673068489,0.687511597,0.699763892,0.707657691,0.714062859,0.715181669,0.714079791,0.708771162,0.700377256,0.687259395,0.671825962,0.65304198,0.63073549,0.604577362,0.576876649,0.548844181,0.522215973,0.49228759,0.461340986,0.430656513,0.401276324,0.379834574,0.357629085,0.336086975,0.310957474,0.289350165,0.266123418,0.24244867,0.21954046,0.194615538,0.16670144,0.13505729,0.097379823,0.050792496,-0.007621402,-0.080699641,-0.173894739,-0.293297519,-0.442536606,-0.628044845,-0.854325007,-1.119197,-1.424255,-1.765643,-2.143074,-2.553637,-2.991108,-3.461339,-3.949315,-4.462704,-5.000378,-5.558446,-6.139915,-6.741085,-7.361724,-8.004124,-8.669565,-9.350724,-10.058318,-10.797167,-11.532109,-12.296082,-13.076654,-13.879514,-14.706771,-15.546491,-16.410702,-16.440504],"unit":"mW"},"J":{"value":[0.015474271,0.021559406,0.021504325999999997,0.021548639,0.021486070000000003,0.021491999,0.021514468000000002,0.021459232,0.021495588000000003,0.021469375,0.021458608,0.021417104,0.021381528,0.021371386000000003,0.021345328,0.02131615,0.021305384,0.021273397,0.021208019,0.021154968,0.021114399,0.021051206,0.020978494,0.020895797,0.020774559,0.020677195000000002,0.020566099,0.020415838999999998,0.020261054,0.020073815,0.019835552,0.019627248,0.019326572,0.019008577,0.018644707,0.018225757999999998,0.017784965,0.01727224,0.016764665,0.016175014999999997,0.015577408999999999,0.01493268,0.014268135,0.013552255000000001,0.012836999,0.012102864,0.011348286999999999,0.010568434,0.009806056,0.009079098,0.008412525,0.007728476,0.007062682,0.0064330889999999995,0.005852178,0.005411384,0.004979952,0.004576295,0.004142679,0.003773192,0.0033984009999999997,0.003033127,0.002691883,0.002339716,0.001965705,0.001562672,0.001105963,0.000566400158,-8.3477709e-5,-0.000868480243,-0.001839318,-0.003049823,-0.004525272,-0.006317468,-0.008455278,-0.010901565,-0.013657265,-0.016671513000000002,-0.019929016,-0.023394199,-0.027000904,-0.030793601,-0.034634824,-0.038588078000000005,-0.042639166000000006,-0.046749858000000005,-0.050944808,-0.055189844,-0.059479818000000004,-0.063833142,-0.068256836,-0.072690673,-0.07721594500000001,-0.081868384,-0.086377741,-0.09099226299999999,-0.095620829,-0.10030073,-0.105044605,-0.109771159,-0.114560751,-0.114769212],"unit":"A\/cm2"},"power_density":{"value":[-3.09439,-3.945049,-3.569403,-3.210407,-2.835823,-2.471421,-2.10826,-1.737929,-1.375567,-1.008916,-0.643614384,-0.278363869,0.085514178,0.448823259,0.811598043,1.172308,1.533932,1.893241,2.248044,2.60214,2.955887,3.30488,3.650264,3.991042,4.320964,4.651997,4.977229,5.287752,5.591897,5.881326,6.149138,6.418136,6.648089,6.862328,7.047838,7.199074,7.327371,7.410028,7.477098,7.488813,7.477275,7.421688,7.333793,7.196433,7.034827,6.838136,6.60456,6.330653,6.040593,5.747059,5.46823,5.154844,4.830796,4.509492,4.201846,3.977325,3.744807,3.519235,3.256099,3.029845,2.786633,2.53873,2.298853,2.037859,1.745565,1.414212,1.019684,0.5318586,-0.079805255,-0.845022416,-1.820887,-3.071178,-4.633891,-6.576386,-8.945812,-11.719341,-14.913662,-18.488405,-22.440565,-26.739656,-31.320504,-36.244392,-41.354087,-46.729885,-52.359977,-58.203623,-64.292303,-70.587274,-77.086114,-83.812822,-90.78079,-97.91334,-105.322702,-113.059344,-120.755072,-128.754787,-136.928313,-145.33522,-153.997603,-162.790477,-171.839816,-172.151875],"unit":"mW\/cm2"},"timestamps":{"value":[0.019,0.044,0.066,0.09,0.116,0.14,0.162,0.185,0.208,0.231,0.254,0.278,0.301,0.324,0.348,0.372,0.394,0.415,0.452,0.476,0.499,0.525,0.549,0.571,0.592,0.615,0.638,0.66,0.683,0.706,0.728,0.753,0.775,0.798,0.82,0.842,0.864,0.886,0.909,0.93,0.953,0.975,0.997,1.02,1.042,1.065,1.087,1.11,1.13,1.154,1.178,1.201,1.223,1.244,1.266,1.3,1.323,1.35,1.371,1.398,1.42,1.442,1.465,1.488,1.51,1.533,1.556,1.578,1.599,1.622,1.644,1.666,1.687,1.711,1.736,1.76,1.782,1.804,1.827,1.85,1.873,1.899,1.923,1.946,1.97,1.992,2.015,2.037,2.058,2.08,2.103,2.128,2.152,2.187,2.212,2.234,2.257,2.28,2.303,2.323,2.345,2.365],"unit":"s"},"p_max":{"unit":"mW","value":0.715181669},"v_p_max":{"unit":"V","value":0.462986469},"i_p_max":{"unit":"mA","value":1.544714},"j_p_max":{"unit":"mA\/cm2","value":16.175015},"voc":{"unit":"V","value":0.95382423},"isc":{"unit":"mA","value":2.042735},"jsc":{"unit":"mA\/cm2","value":21.389899},"fill_factor":{"unit":"%","value":36.705903},"efficiency":{"unit":"%","value":7.488813},"r_s":{"unit":"ohms","value":74.750142},"r_sh":{"unit":"ohms","value":741.287032},"cell_dimension":{"value":0.09550000772249626,"unit":"cm2"},"sweep_direction":{"unit":"","value":"Forward"},"key":"forward1_4cell_231114"},{"V":{"value":[-0.199979544,-0.182986498,-0.165992022,-0.14897728,-0.131985664,-0.114979029,-0.097992659,-0.080991507,-0.063990355,-0.046991825,-0.029993296,-0.012998134,0.004000723,0.020997733,0.038004637,0.055005789,0.071994543,0.088995695,0.105999708,0.123002291,0.139993906,0.156996489,0.173999071,0.191001415,0.207991838,0.224979401,0.242030382,0.258987427,0.276007414,0.292987585,0.310007334,0.326999903,0.343989611,0.361013651,0.378007412,0.394990444,0.412014246,0.429010868,0.44600749,0.462986469,0.480009079,0.497012377,0.513995409,0.531015158,0.54801321,0.564998865,0.581973553,0.599016666,0.616004944,0.632997513,0.650007725,0.66699481,0.68398881,0.700981379,0.717993021,0.734989405,0.751986027,0.769003153,0.785993099,0.802990913,0.819979429,0.837002039,0.853993177,0.870985508,0.888008118,0.90499115,0.921986341,0.938997984,0.956001282,0.972987175,0.989975452,1.007006,1.024002,1.040983,1.058017,1.075012,1.091993,1.108978,1.126014,1.143,1.159989,1.177008,1.194005,1.210991,1.227983,1.244997,1.261998,1.278978,1.296006,1.313001,1.329988,1.346985,1.364006,1.38099,1.397988,1.415008,1.431995,1.448999,1.466017,1.482985,1.49999,1.499986],"unit":"V"},"I":{"value":[0.001998246,0.002101168,0.002101436,0.002100602,0.0021012279999999997,0.002101719,0.002100185,0.002100542,0.002100125,0.0020979049999999997,0.002097622,0.002094716,0.002095267,0.002093673,0.00209485,0.0020929129999999996,0.0020929720000000002,0.002088055,0.002087846,0.002083689,0.0020804260000000002,0.002074257,0.002073213,0.002066553,0.0020608749999999998,0.002056435,0.002047896,0.002038822,0.002026334,0.002013505,0.001997143,0.001979113,0.001957953,0.001930848,0.0018950549999999999,0.0018720330000000002,0.0018325149999999998,0.001782998,0.0017291160000000002,0.001666278,0.0015961080000000002,0.001523644,0.001445696,0.001363799,0.001274958,0.0011868920000000002,0.001098052,0.001106381,0.0010170490000000001,0.000925093889,0.0008385479449999999,0.000756591558,0.000683143735,0.000614985824,0.0005546510220000001,0.000501453876,0.000452503562,0.000409021974,0.000370249152,0.00033523142299999995,0.000302433968,0.00027142465100000004,0.000240981579,0.00020888447800000002,0.000174552202,0.000135928392,9.0643764e-5,3.5792589e-5,-3.3080577999999996e-5,-0.000119626522,-0.000230580568,-0.00037294626199999996,-0.000551238656,-0.000778347254,-0.001041099,-0.001344562,-0.001686797,-0.0020596679999999997,-0.002460003,-0.002883852,-0.003324211,-0.00378716,-0.004257411,-0.0047381820000000005,-0.00522992,-0.005729496,-0.00623621,-0.006751597000000001,-0.007273018,-0.007798389,-0.008332223000000001,-0.00886701,-0.009411603,-0.009956524,-0.010502622000000001,-0.011058718,-0.011617302999999999,-0.01217714,-0.012747109,-0.013315961,-0.01388903,-0.013922051],"unit":"A"},"resistance":{"value":[-100.077554,-87.087989,-78.989796,-70.921238,-62.813596,-54.707127,-46.65907,-38.557429,-30.469784,-22.399409,-14.298716,-6.205202,1.90941,10.029138,18.141938,26.281931,34.398229,42.621336,50.769879,59.031022,67.290993,75.688077,83.927234,92.425139,100.924029,109.402645,118.184877,127.028,136.2102,145.511264,155.225404,165.225515,175.688392,186.971577,199.470399,210.995463,224.835401,240.612026,257.939624,277.856737,300.737203,326.199863,355.534978,389.364684,429.828356,476.03209,530.005618,541.419675,605.678754,684.252183,775.158688,881.578446,1001.237,1139.833,1294.495,1465.717,1661.834,1880.102,2122.876,2395.333,2711.268,3083.736,3543.811,4169.7,5087.35,6657.852,10171.536,26234.425,-28899.171,-8133.541,-4293.404,-2700.137,-1857.637,-1337.428,-1016.249,-799.525844,-647.377026,-538.425432,-457.728726,-396.344832,-348.951821,-310.789071,-280.453215,-255.58145,-234.799524,-217.296062,-202.366117,-189.433387,-178.193688,-168.368265,-159.619862,-151.909696,-144.928129,-138.702051,-133.108512,-127.954079,-123.263994,-118.993355,-115.007804,-111.368984,-107.998168,-107.741721],"unit":"ohms"},"conductance":{"value":[-0.009992251,-0.01148264,-0.012659863,-0.014100149,-0.01592012,-0.018279154,-0.02143206,-0.025935339,-0.032819399,-0.044644035,-0.069936348,-0.16115512,0.523722084,0.099709467,0.055120904,0.038048955,0.029071264,0.023462427,0.019696718,0.016940245,0.01486083,0.013212121,0.011915083,0.010819567,0.009908443,0.009140547,0.008461319,0.00787228,0.007341594,0.00687232,0.006442244,0.006052334,0.005691896,0.005348407,0.005013275,0.004739438,0.004447698,0.004156068,0.003876876,0.003598977,0.003325162,0.003065605,0.002812663,0.002568286,0.00232651,0.002100699,0.001886772,0.001846996,0.00165104,0.001461449,0.001290058,0.001134329,0.000998764491,0.000877321199,0.000772501968,0.000682260007,0.000601744641,0.000531885951,0.000471059037,0.000417478477,0.000368831164,0.000324281947,0.000282182089,0.000239825434,0.000196565998,0.000150198587,9.8313564e-5,3.8117855e-5,-3.4603069e-5,-0.000122947686,-0.00023291544,-0.000370351517,-0.00053831816,-0.000747703953,-0.000984010543,-0.001250741,-0.001544695,-0.001857267,-0.0021847,-0.002523055,-0.002865725,-0.003217616,-0.003565657,-0.003912647,-0.004258952,-0.004602016,-0.004941539,-0.005278901,-0.005611871,-0.005939362,-0.006264884,-0.006582858,-0.006899972,-0.007209699,-0.007512668,-0.007815304,-0.008112669,-0.008403831,-0.008695062,-0.008979161,-0.009259416,-0.009281456],"unit":"S"},"power":{"value":[-0.399608266,-0.38448538,-0.348821653,-0.312941941,-0.277331926,-0.241653653,-0.205802669,-0.170126076,-0.13438774,-0.09858437,-0.062914584,-0.027227397,0.008382584,0.043962381,0.079614011,0.115122319,0.150682591,0.185827907,0.221311109,0.256298517,0.291246909,0.325650993,0.360737216,0.394714479,0.428645242,0.462655458,0.495653145,0.528029154,0.559283319,0.589931822,0.619128986,0.647169636,0.673515482,0.697062401,0.716344902,0.739435099,0.755022287,0.76492571,0.771198618,0.771464005,0.766146369,0.757269793,0.743080982,0.724197928,0.698693965,0.670592854,0.63903703,0.662740908,0.626507184,0.585582131,0.545062642,0.504642643,0.46726267,0.43109361,0.398235563,0.368563286,0.340276356,0.314539187,0.291013279,0.269187787,0.247989632,0.227182986,0.205796624,0.181935353,0.155003773,0.123013992,0.083572312,0.033609169,-0.031625075,-0.116395072,-0.228269102,-0.375559187,-0.564469265,-0.810246415,-1.1015,-1.445419,-1.841971,-2.284126,-2.769998,-3.296241,-3.856049,-4.457517,-5.083368,-5.737897,-6.422252,-7.133206,-7.870083,-8.635143,-9.425875,-10.239293,-11.081758,-11.943729,-12.837484,-13.749862,-14.682542,-15.648175,-16.635921,-17.644659,-18.687479,-19.74737,-20.833402,-20.882877],"unit":"mW"},"J":{"value":[0.020924039000000002,0.022001760000000002,0.022004568,0.02199583,0.022002384,0.022007533,0.021991461,0.021995206,0.021990837,0.021967588,0.021964624000000002,0.021934197000000002,0.02193997,0.021923275,0.021935602,0.021915317,0.021915941,0.02186445,0.021862266,0.021818733000000003,0.021784561,0.021719964,0.021709041,0.021639295,0.021579846,0.021533348,0.021443940999999998,0.021348917,0.021218161,0.021083817,0.020912492,0.020723692,0.020502125,0.020218301,0.019843509999999998,0.019602439,0.019188638999999997,0.018670141,0.018105925,0.017447933,0.016713173999999997,0.015954385,0.015138175,0.014280618,0.013350348,0.012428193,0.011497923,0.011585146,0.010649727000000001,0.009686847,0.008780607,0.007922425,0.0071533379999999995,0.006439642,0.005807864,0.005250826,0.004738257,0.004282953,0.003876954,0.003510277,0.003166848,0.002842143,0.002523367,0.002187272,0.0018277719999999999,0.001423334,0.000949149356,0.00037479151,-0.000346393485,-0.001252634,-0.0024144559999999997,-0.003905196,-0.0057721330000000005,-0.008150233,-0.010901565,-0.014079179,-0.017662790999999997,-0.021567207,-0.025759193,-0.030197398,-0.034808488,-0.039656125,-0.044580217,-0.049614469,-0.054763562,-0.059994728000000004,-0.06530063300000001,-0.07069735,-0.07615725999999999,-0.081658519,-0.087248405,-0.09284827699999999,-0.098550819,-0.104256793,-0.109975095,-0.115798094,-0.121647151,-0.127509314,-0.13347757999999998,-0.139434144,-0.145434865,-0.145780635],"unit":"A\/cm2"},"power_density":{"value":[-4.18438,-4.026025,-3.652583,-3.276879,-2.903999,-2.530405,-2.155002,-1.781425,-1.407201,-1.032297,-0.658791452,-0.285103632,0.087775752,0.46033907,0.833654568,1.205469,1.577828,1.945842,2.317394,2.683754,3.049706,3.409958,3.777353,4.133136,4.488432,4.84456,5.190085,5.529101,5.85637,6.177297,6.483026,6.776645,7.052518,7.299083,7.500994,7.742776,7.905993,8.009693,8.075378,8.078157,8.022475,7.929527,7.780953,7.583224,7.316167,7.021915,6.691487,6.939695,6.560285,6.13175,5.707462,5.284216,4.892803,4.514069,4.170006,3.859301,3.563103,3.293604,3.047259,2.81872,2.59675,2.378879,2.154938,1.905082,1.623076,1.288105,0.875102743,0.351928472,-0.331152616,-1.218797,-2.390252,-3.932557,-5.910673,-8.484256,-11.534036,-15.135282,-19.28765,-23.917554,-29.005211,-34.515616,-40.377476,-46.675573,-53.228982,-60.082695,-67.24871,-74.693257,-82.409249,-90.420346,-98.700264,-107.21773,-116.039353,-125.065224,-134.423913,-143.977617,-153.743898,-163.855237,-174.19813,-184.760829,-195.680403,-206.778747,-218.150807,-218.668866],"unit":"mW\/cm2"},"timestamps":{"value":[0.018,0.046,0.071,0.095,0.119,0.143,0.166,0.188,0.211,0.233,0.256,0.28,0.303,0.325,0.352,0.374,0.397,0.421,0.444,0.466,0.491,0.513,0.536,0.559,0.58,0.604,0.627,0.651,0.673,0.696,0.723,0.747,0.772,0.795,0.817,0.866,0.89,0.915,0.939,0.961,0.984,1.008,1.032,1.055,1.076,1.099,1.121,1.204,1.229,1.251,1.274,1.296,1.32,1.342,1.365,1.387,1.409,1.432,1.453,1.476,1.5,1.522,1.545,1.566,1.588,1.61,1.637,1.66,1.683,1.705,1.727,1.75,1.787,1.809,1.832,1.856,1.88,1.903,1.925,1.948,1.97,1.995,2.018,2.041,2.064,2.085,2.108,2.129,2.152,2.176,2.199,2.222,2.245,2.269,2.29,2.312,2.335,2.356,2.38,2.401,2.424,2.445],"unit":"s"},"p_max":{"unit":"mW","value":0.771464005},"v_p_max":{"unit":"V","value":0.462986469},"i_p_max":{"unit":"mA","value":1.666278},"j_p_max":{"unit":"mA\/cm2","value":17.447933},"voc":{"unit":"V","value":0.947834401},"isc":{"unit":"mA","value":2.095137},"jsc":{"unit":"mA\/cm2","value":21.938612},"fill_factor":{"unit":"%","value":38.848181},"efficiency":{"unit":"%","value":8.078157},"r_s":{"unit":"ohms","value":59.165562},"r_sh":{"unit":"ohms","value":1563.514},"cell_dimension":{"value":0.09550001316667397,"unit":"cm2"},"sweep_direction":{"unit":"","value":"Forward"},"key":"forward1_3cell_231114"},{"V":{"value":[-0.19997406,-0.182987928,-0.165993452,-0.148984194,-0.131984234,-0.114995241,-0.097992659,-0.080988884,-0.063988924,-0.046994686,-0.029993296,-0.013001233,0.003999591,0.020999432,0.038004637,0.055004358,0.071995974,0.088991642,0.105998278,0.123003721,0.139995337,0.156996489,0.174003124,0.191001415,0.207991838,0.224980593,0.242008686,0.259001255,0.275982857,0.292983532,0.310010195,0.327002525,0.343985558,0.361013651,0.378000736,0.394991875,0.412013054,0.429014921,0.446004868,0.462985039,0.480006218,0.497006893,0.513998032,0.531015158,0.54801178,0.565002918,0.581988573,0.599015236,0.616004944,0.632997513,0.650010586,0.666993618,0.683985949,0.700994968,0.717995644,0.735000372,0.75199151,0.769011497,0.785990238,0.802990913,0.819983482,0.837004662,0.853991747,0.870984316,0.888004065,0.90499115,0.921986341,0.939010143,0.95600009,0.972985744,0.989975452,1.007006,1.024003,1.040982,1.058017,1.075024,1.092015,1.108982,1.126013,1.142998,1.159991,1.177011,1.194,1.21099,1.227977,1.244997,1.261999,1.278987,1.296002,1.313,1.329987,1.346985,1.364003,1.380986,1.397988,1.415012,1.431987,1.449014,1.46602,1.482986,1.499986,1.499986],"unit":"V"},"I":{"value":[0.0016683639999999999,0.002157882,0.0021536650000000004,0.0021553930000000002,0.0021540080000000002,0.002157271,0.0021560190000000003,0.002155051,0.002156645,0.00215511,0.002153859,0.002155051,0.002155319,0.002153724,0.002151996,0.0021534559999999998,0.0021514449999999997,0.002149075,0.002147213,0.00214465,0.0021436069999999996,0.002141103,0.0021388229999999998,0.002136454,0.002132639,0.002127171,0.002120927,0.002110392,0.00209859,0.002085358,0.00206995,0.002049431,0.0020268860000000003,0.002000749,0.001968428,0.001930222,0.0018823000000000002,0.00182876,0.001768783,0.001700342,0.001626968,0.001546875,0.001468092,0.001379192,0.0012902769999999998,0.001200065,0.001112685,0.001029059,0.0009567886589999999,0.000878632069,0.000800073147,0.0007290542129999999,0.000667467713,0.000619411469,0.000566154718,0.000516086817,0.000471502543,0.000430032611,0.000393480062,0.000359162688,0.000327318907,0.000296533108,0.000266224146,0.000234127045,0.000200286508,0.000160619617,0.000114366412,5.7563186e-5,-1.3381243e-5,-0.000102847815,-0.00021636486099999998,-0.00036144256600000003,-0.0005411207679999999,-0.000761285424,-0.0010221,-0.001322165,-0.0016516299999999999,-0.002010643,-0.0023821289999999998,-0.002790093,-0.0032117219999999998,-0.0036463890000000003,-0.0040877759999999996,-0.004541516,-0.00500302,-0.005469516,-0.005941287,-0.006421372,-0.006904647,-0.007396041999999999,-0.007912397,-0.008402735,-0.008908004,-0.009411811999999999,-0.009920046,-0.010436893,-0.010951713,-0.011472926,-0.012000724999999999,-0.012528658,-0.013062566999999999,-0.013095289],"unit":"A"},"resistance":{"value":[-119.862382,-84.79979,-77.074877,-69.12158,-61.273803,-53.305888,-45.450735,-37.580966,-29.670587,-21.806163,-13.925379,-6.032913,1.855684,9.750287,17.660181,25.542362,33.464015,41.409272,49.365525,57.353761,65.308317,73.325047,81.354606,89.401137,97.527903,105.765187,114.105148,122.726618,131.508698,140.495563,149.766989,159.557698,169.71137,180.439241,192.031734,204.635473,218.888117,234.593354,252.153562,272.28941,295.031067,321.29746,350.112909,385.019059,424.724249,470.810256,523.049002,582.099828,643.825507,720.435249,812.438948,914.875199,1024.748,1131.711,1268.197,1424.18,1594.883,1788.263,1997.535,2235.73,2505.152,2822.635,3207.792,3720.135,4433.669,5634.375,8061.688,16312.685,-71443.296,-9460.442,-4575.491,-2786.075,-1892.374,-1367.4,-1035.139,-813.078565,-661.174352,-551.555687,-472.691597,-409.663063,-361.17412,-322.78801,-292.090433,-266.64887,-245.447197,-227.624719,-212.411755,-199.176648,-187.699959,-177.52734,-168.088981,-160.303147,-153.121086,-146.729051,-140.925592,-135.577915,-130.754621,-126.298537,-122.160945,-118.367543,-114.830856,-114.543913],"unit":"ohms"},"conductance":{"value":[-0.008342901,-0.011792482,-0.012974396,-0.014467262,-0.016320188,-0.018759654,-0.022001844,-0.026609215,-0.033703412,-0.045858594,-0.071811333,-0.1657574,0.538884832,0.102561082,0.056624562,0.039150647,0.029882845,0.024149181,0.020257052,0.017435648,0.015311985,0.013637905,0.012291867,0.01118554,0.010253476,0.009454907,0.008763846,0.008148192,0.00760406,0.007117663,0.006677039,0.006267325,0.005892357,0.005542032,0.005207473,0.004886738,0.004568544,0.004262695,0.003965837,0.003672563,0.003389474,0.003112381,0.002856221,0.002597274,0.002354469,0.002123998,0.001911867,0.001717918,0.001553216,0.00138805,0.001230862,0.001093045,0.000975850037,0.000883617567,0.000788521105,0.000702158579,0.00062700514,0.000559201796,0.000500616984,0.000447281136,0.000399177439,0.00035427892,0.000311740888,0.000268807418,0.000225546837,0.000177481975,0.000124043499,6.1301985e-5,-1.3997115e-5,-0.000105703311,-0.000218555783,-0.000358927857,-0.00052843681,-0.000731314848,-0.000966053376,-0.001229893,-0.00151246,-0.001813054,-0.002115544,-0.00244103,-0.002768748,-0.003098009,-0.003423597,-0.00375025,-0.004074196,-0.004393196,-0.004707837,-0.005020669,-0.005327652,-0.005632935,-0.00594923,-0.006238181,-0.006530779,-0.006815283,-0.007095943,-0.007375833,-0.007647913,-0.007917748,-0.008185922,-0.008448262,-0.008708461,-0.008730276],"unit":"S"},"power":{"value":[-0.333629485,-0.394866331,-0.357494259,-0.321119542,-0.284295037,-0.248075888,-0.211274054,-0.174535146,-0.138001397,-0.101278729,-0.064601316,-0.028018316,0.008620394,0.045226989,0.081785822,0.118449477,0.154895345,0.191249737,0.22760084,0.263799885,0.300094919,0.336145676,0.372161931,0.408065735,0.443571566,0.478572094,0.513282751,0.546594139,0.579174901,0.610975524,0.641705635,0.670169179,0.697219424,0.722297741,0.744067419,0.762421973,0.775532081,0.784565288,0.788885709,0.787232769,0.780954941,0.76880736,0.754596503,0.732371791,0.707086802,0.678040237,0.647569727,0.616422194,0.589386544,0.556171914,0.520056015,0.486274507,0.456538537,0.434204323,0.406496621,0.379324002,0.354565909,0.330700022,0.309271488,0.288404375,0.268396097,0.248199594,0.227353223,0.203920984,0.177855233,0.145359331,0.10544427,0.054052415,-0.012792469,-0.100069457,-0.214195901,-0.363974893,-0.554109176,-0.792484248,-1.081399,-1.421359,-1.803605,-2.229767,-2.682308,-3.189072,-3.725568,-4.291838,-4.880805,-5.499732,-6.143595,-6.809531,-7.497899,-8.212854,-8.948435,-9.711002,-10.523384,-11.318357,-12.150545,-12.997582,-13.868108,-14.768329,-15.682711,-16.624426,-17.593301,-18.57983,-19.593663,-19.642747],"unit":"mW"},"J":{"value":[0.017469778000000002,0.022595622,0.022551464,0.022569564,0.022555053000000002,0.022589224,0.022576117,0.022565975000000002,0.022582671000000002,0.022566599,0.022553493,0.022565975000000002,0.022568784,0.022552088,0.022533988,0.022549279999999998,0.022528215,0.022503405999999997,0.022483902,0.022457064,0.022446142,0.022419928,0.022396055,0.022371246,0.022331301,0.022274037,0.022208659000000002,0.022098344000000002,0.021974766,0.021836208,0.02167487,0.021460013,0.021223935,0.020950252,0.020611816999999998,0.020211748,0.019709945,0.019149318000000002,0.018521285,0.017804625,0.017036318,0.01619764,0.015372693,0.014441800000000001,0.01351075,0.012566126,0.011651147999999998,0.01077549,0.010018729,0.009200336,0.008377729,0.007634076,0.006989191,0.006485984,0.005928322,0.00540405,0.004937199,0.004502959,0.00412021,0.003760866,0.003427423,0.003105059,0.002787687,0.0024515920000000003,0.002097241,0.0016818809999999999,0.001197554,0.0006027558710000001,-0.000140117725,-0.00107694,-0.0022656010000000003,-0.003784739,-0.005666186,-0.007971575,-0.010702622,-0.013844661000000001,-0.017294553,-0.021053858,-0.024943764,-0.029215638,-0.033630595,-0.03818208,-0.042803937,-0.047555145,-0.052387645999999996,-0.057272418,-0.062212426,-0.06723950000000001,-0.072299966,-0.07744547,-0.082852329,-0.087986754,-0.093277524,-0.098553003,-0.103874824,-0.109286833,-0.11467762000000001,-0.120135346,-0.125662038,-0.13119013499999999,-0.136780801,-0.13712344999999998],"unit":"A\/cm2"},"power_density":{"value":[-3.493502,-4.134726,-3.743395,-3.362508,-2.976911,-2.597653,-2.212294,-1.827593,-1.445041,-1.06051,-0.676453572,-0.29338551,0.090265902,0.473581036,0.856396046,1.240309,1.621941,2.002615,2.383255,2.762302,3.142355,3.51985,3.896984,4.27294,4.644728,5.011226,5.374688,5.723499,6.064659,6.397649,6.719431,7.017478,7.300727,7.563327,7.791282,7.983476,8.120755,8.215343,8.260583,8.243275,8.177539,8.050339,7.901534,7.668815,7.40405,7.099898,6.780835,6.454683,6.171587,5.82379,5.445613,5.09188,4.780508,4.546642,4.256509,3.971979,3.712732,3.462827,3.238445,3.019941,2.81043,2.598949,2.380662,2.135298,1.862358,1.522087,1.104128,0.565993877,-0.133952558,-1.047848,-2.242889,-3.811255,-5.80219,-8.298264,-11.323552,-14.883345,-18.885916,-23.348347,-28.086991,-33.393422,-39.01118,-44.940711,-51.107911,-57.588814,-64.330838,-71.30399,-78.512028,-85.998474,-93.700894,-101.68588,-110.192504,-118.516826,-127.23084,-136.100339,-145.215791,-154.642193,-164.216867,-174.077763,-184.223045,-194.553193,-205.169245,-205.683213],"unit":"mW\/cm2"},"timestamps":{"value":[0.019,0.046,0.068,0.091,0.113,0.136,0.158,0.18,0.202,0.224,0.247,0.272,0.295,0.317,0.342,0.378,0.401,0.423,0.445,0.468,0.489,0.514,0.537,0.56,0.582,0.606,0.629,0.651,0.673,0.696,0.718,0.741,0.764,0.787,0.81,0.835,0.855,0.877,0.899,0.919,0.941,0.962,0.989,1.009,1.032,1.055,1.078,1.102,1.135,1.159,1.18,1.201,1.24,1.264,1.287,1.309,1.333,1.355,1.376,1.399,1.421,1.445,1.466,1.49,1.512,1.533,1.56,1.585,1.607,1.629,1.65,1.673,1.695,1.718,1.74,1.766,1.787,1.811,1.826,1.851,1.876,1.902,1.925,1.95,1.974,1.998,2.018,2.042,2.065,2.088,2.126,2.148,2.172,2.196,2.217,2.241,2.262,2.283,2.305,2.328,2.351,2.373],"unit":"s"},"p_max":{"unit":"mW","value":0.788885709},"v_p_max":{"unit":"V","value":0.446004868},"i_p_max":{"unit":"mA","value":1.768783},"j_p_max":{"unit":"mA\/cm2","value":18.521285},"voc":{"unit":"V","value":0.952795517},"isc":{"unit":"mA","value":2.155256},"jsc":{"unit":"mA\/cm2","value":22.568123},"fill_factor":{"unit":"%","value":38.416303},"efficiency":{"unit":"%","value":8.260583},"r_s":{"unit":"ohms","value":63.580636},"r_sh":{"unit":"ohms","value":669.256368},"cell_dimension":{"value":0.09550001150558408,"unit":"cm2"},"sweep_direction":{"unit":"","value":"Forward"},"key":"forward1_2cell_231114"},{"V":{"value":[-0.199968576,-0.182986498,-0.165990829,-0.148985386,-0.131985664,-0.114994049,-0.097991467,-0.080990076,-0.063991785,-0.046990395,-0.029994726,-0.012997001,0.004000306,0.021000266,0.038005829,0.055016756,0.072015047,0.088995695,0.106002331,0.123002291,0.139995337,0.156993628,0.173997641,0.191001415,0.207995892,0.224983454,0.242015362,0.258999825,0.275993586,0.292984962,0.310011387,0.326999903,0.343988419,0.361013651,0.378007412,0.394995928,0.41202116,0.429010868,0.446003437,0.462983608,0.480011702,0.497012377,0.513998032,0.531011105,0.54801321,0.564998865,0.581987381,0.599016666,0.616007805,0.632996321,0.650012016,0.666997671,0.683987379,0.700979948,0.717997074,0.734990835,0.75199151,0.769010067,0.785976648,0.80300045,0.819982052,0.837007284,0.853997231,0.870988369,0.888009548,0.904995203,0.921984911,0.939004898,0.956002712,0.972985744,0.989978313,1.007004,1.024,1.040984,1.058018,1.075015,1.091992,1.10898,1.126014,1.143001,1.159991,1.176997,1.193998,1.210991,1.227978,1.244998,1.262,1.27899,1.296005,1.313,1.329987,1.346989,1.364005,1.380989,1.397988,1.415011,1.431991,1.448999,1.466021,1.482984,1.499987,1.499976],"unit":"V"},"I":{"value":[0.001622111,0.002186522,0.002186388,0.002189308,0.0021840329999999997,0.002183691,0.0021806359999999997,0.00217703,0.002175093,0.0021688489999999996,0.0021616369999999997,0.002154484,0.002146795,0.002136037,0.002120644,0.0021027619999999998,0.002079591,0.002053663,0.002024949,0.001991868,0.001949772,0.001903802,0.0018522739999999999,0.001796588,0.001747414,0.001686886,0.0016196820000000001,0.001551583,0.001481473,0.001413092,0.001342088,0.001270801,0.001208663,0.001146317,0.00107947,0.0010143519999999998,0.0009510368110000001,0.000890359282,0.000833079219,0.000778019428,0.000725865364,0.000682592392,0.000637307763,0.000595554709,0.000556454062,0.0005199760199999999,0.000485926867,0.000455126166,0.000426009297,0.000399723649,0.00037539005300000003,0.000352159142,0.00033113360400000003,0.000311374664,0.00029321014899999997,0.00027614831899999996,0.000260055065,0.000244244933,0.000229895115,0.000215396285,0.00020112097300000001,0.000185295939,0.00016804039500000002,0.000147029757,0.00012150406800000001,8.9541078e-5,4.8130751e-5,-5.692244e-6,-7.4967742e-5,-0.000161930919,-0.00027766823800000004,-0.00040574371799999997,-0.000557616353,-0.000730842352,-0.000924259424,-0.001137912,-0.0013638440000000001,-0.001602948,-0.001851633,-0.002111822,-0.002380192,-0.0026543139999999996,-0.002932325,-0.003216088,-0.003507078,-0.003799722,-0.004094779,-0.004396855999999999,-0.0047009439999999994,-0.0050075200000000005,-0.0053168090000000005,-0.005627841,-0.005941555,-0.006260559,-0.0065797569999999994,-0.006903678,-0.007228284999999999,-0.007554561,-0.007886454,-0.008217588,-0.008550316,-0.008570835],"unit":"A"},"resistance":{"value":[-123.276783,-83.688391,-75.920123,-68.051347,-60.432072,-52.660411,-44.937105,-37.202097,-29.420256,-21.666051,-13.875931,-6.032534,1.863385,9.831416,17.921835,26.164038,34.629426,43.335099,52.348159,61.752229,71.800867,82.463205,93.937315,106.313403,119.030657,133.37206,149.421556,166.926137,186.296681,207.336082,230.99185,257.31798,284.602426,314.933652,350.178736,389.407216,433.233662,481.84017,535.367378,595.079752,661.295779,728.124694,806.514625,891.62439,984.830999,1086.586,1197.685,1316.155,1445.996,1583.585,1731.564,1894.023,2065.593,2251.243,2448.746,2661.58,2891.663,3148.52,3418.849,3728.014,4077.059,4517.138,5082.095,5923.892,7308.476,10107.039,19155.839,-164962.178,-12752.188,-6008.647,-3565.328,-2481.871,-1836.388,-1424.362,-1144.72,-944.725368,-800.672334,-691.838174,-608.119362,-541.239102,-487.351714,-443.427917,-407.184613,-376.541765,-350.142932,-327.655178,-308.197383,-290.88747,-275.690283,-262.205571,-250.147571,-239.343822,-229.570312,-220.585587,-212.468086,-204.964787,-198.109384,-191.804489,-185.89102,-180.464581,-175.430605,-175.009338],"unit":"ohms"},"conductance":{"value":[-0.008111828,-0.011949089,-0.013171738,-0.014694786,-0.016547505,-0.018989597,-0.022253325,-0.026880205,-0.033990186,-0.046155159,-0.072067234,-0.165767805,0.536657776,0.101714747,0.055797858,0.038220401,0.028877176,0.023075983,0.019102869,0.016193747,0.013927408,0.012126621,0.010645397,0.009406152,0.008401197,0.007497822,0.006692475,0.005990674,0.005367782,0.004823087,0.004329157,0.003886242,0.003513673,0.003175272,0.002855685,0.002568006,0.002308223,0.002075377,0.001867876,0.001680447,0.001512183,0.001373391,0.001239903,0.001121549,0.001015403,0.000920313388,0.000834943991,0.00075978882,0.000691564772,0.000631478629,0.000577512482,0.00052797657,0.000484122389,0.000444199103,0.000408372345,0.000375716684,0.00034582181,0.000317609539,0.000292496113,0.000268239308,0.000245274847,0.000221379124,0.00019676925,0.000168807946,0.000136827435,9.8940942e-5,5.2203404e-5,-6.061996e-6,-7.8417918e-5,-0.000166426815,-0.000280479111,-0.000402921837,-0.00054454713,-0.000702068501,-0.000873576301,-0.001058509,-0.00124895,-0.001445425,-0.001644414,-0.001847612,-0.002051906,-0.002255158,-0.002455888,-0.002655748,-0.002855977,-0.003051989,-0.003244674,-0.003437756,-0.003627259,-0.003813801,-0.00399764,-0.00417809,-0.004355964,-0.004533388,-0.004706589,-0.004878887,-0.005047716,-0.005213642,-0.005379496,-0.005541254,-0.00570026,-0.005713981],"unit":"S"},"power":{"value":[-0.324371149,-0.400103983,-0.362920321,-0.326174958,-0.288261098,-0.251111432,-0.213683713,-0.176317813,-0.139188064,-0.101915076,-0.064837708,-0.028001837,0.008587839,0.04485734,0.080596827,0.115687169,0.149761855,0.182767178,0.214649271,0.245004329,0.272959021,0.298884807,0.322291296,0.343150908,0.363455031,0.379521428,0.391987856,0.401859831,0.408877168,0.414014712,0.416062557,0.415551747,0.415766069,0.413835915,0.40804763,0.400664848,0.39184729,0.381973809,0.371556195,0.360210242,0.348423869,0.339256867,0.327574936,0.316246164,0.304944177,0.293785861,0.282803304,0.272628159,0.262425052,0.253023599,0.244008045,0.234889328,0.226491206,0.218267396,0.210524029,0.202966484,0.195559201,0.187826812,0.180692192,0.172963314,0.164915588,0.155094051,0.143506032,0.128061209,0.107896773,0.081034246,0.044375826,-0.005345045,-0.071669365,-0.157556475,-0.274885534,-0.408585363,-0.570999239,-0.760795481,-0.977883079,-1.223272,-1.489306,-1.777638,-2.084965,-2.413815,-2.761001,-3.12412,-3.501189,-3.894655,-4.306616,-4.730648,-5.167613,-5.623536,-6.092445,-6.574873,-7.071286,-7.580639,-8.104308,-8.645764,-9.198423,-9.76878,-10.35084,-10.946549,-11.561708,-12.186548,-12.825364,-12.856048],"unit":"mW"},"J":{"value":[0.016985451000000002,0.022895517,0.022894113,0.022924695,0.02286946,0.022865871,0.022833884000000002,0.022796123999999997,0.02277584,0.022710462,0.022634941999999998,0.022560046,0.022479533,0.022366877,0.022205694999999998,0.022018455,0.021775824,0.021504325999999997,0.02120365,0.020857257,0.020416463,0.019935101,0.019395539,0.018812442999999998,0.018297533999999997,0.017663727,0.016960018,0.016246946999999998,0.015512811,0.014796775,0.014053277,0.013306815,0.012656157,0.012003314,0.01130335,0.010621485,0.009958501,0.009323134,0.008723343,0.008146800000000001,0.007600684,0.007147564,0.00667338,0.006236175,0.005826744,0.005444775,0.005088239,0.004765719,0.00446083,0.0041855880000000005,0.0039307859999999995,0.00368753,0.003467368,0.003260468,0.003070263,0.002891605,0.00272309,0.0025575389999999997,0.002407279,0.002255458,0.002105979,0.001940272,0.001759585,0.0015395790000000001,0.001272294,0.000937602907,0.0005039869179999999,-5.9604645e-5,-0.000785002534,-0.001695612,-0.002907521,-0.004248625,-0.005838915,-0.007652799,-0.009678108999999999,-0.011915312,-0.014281086,-0.016784793,-0.019388829,-0.022113323,-0.024923479000000002,-0.027793863999999998,-0.030704974,-0.033676312,-0.036723327,-0.039787661,-0.042877272,-0.046040374999999994,-0.049224542999999996,-0.052434768,-0.055673391,-0.05893027,-0.062215235,-0.06555559100000001,-0.068897976,-0.072289824,-0.075688849,-0.07910535,-0.082580675,-0.086048043,-0.089532106,-0.089746963],"unit":"A\/cm2"},"power_density":{"value":[-3.396557,-4.189571,-3.800213,-3.415445,-3.018441,-2.629439,-2.237526,-1.84626,-1.457467,-1.067174,-0.678928884,-0.293212949,0.089925013,0.469710368,0.843945837,1.211384,1.568187,1.913792,2.247636,2.56549,2.85821,3.129684,3.374778,3.593203,3.805812,3.974046,4.104585,4.207956,4.281436,4.335233,4.356676,4.351327,4.353571,4.33336,4.27275,4.195443,4.103113,3.999726,3.890641,3.771835,3.648417,3.552428,3.430104,3.311478,3.193133,3.076292,2.961291,2.854745,2.747906,2.649462,2.555058,2.459574,2.371636,2.285522,2.20444,2.125303,2.04774,1.966773,1.892065,1.811134,1.726865,1.624021,1.502681,1.340955,1.129809,0.848526133,0.464668334,-0.055969053,-0.750464551,-1.649806,-2.878383,-4.278381,-5.97905,-7.966445,-10.239613,-12.809134,-15.59483,-18.614007,-21.832093,-25.275547,-28.911006,-32.713293,-36.661666,-40.781724,-45.095454,-49.535576,-54.111131,-58.885192,-63.795231,-68.846836,-74.044875,-79.37842,-84.861867,-90.531555,-96.318566,-102.290891,-108.385758,-114.623548,-121.065009,-127.607835,-134.297006,-134.618305],"unit":"mW\/cm2"},"timestamps":{"value":[0.018,0.042,0.063,0.085,0.107,0.132,0.155,0.179,0.202,0.225,0.248,0.273,0.296,0.318,0.343,0.368,0.391,0.415,0.44,0.467,0.489,0.51,0.531,0.552,0.584,0.607,0.628,0.65,0.671,0.695,0.718,0.74,0.773,0.797,0.82,0.842,0.866,0.889,0.911,0.932,0.954,0.983,1.004,1.027,1.048,1.071,1.094,1.117,1.14,1.163,1.185,1.206,1.229,1.253,1.276,1.299,1.323,1.344,1.369,1.393,1.415,1.438,1.459,1.482,1.506,1.527,1.548,1.569,1.592,1.613,1.649,1.673,1.696,1.72,1.741,1.768,1.792,1.815,1.836,1.859,1.884,1.908,1.929,1.951,1.976,1.999,2.02,2.044,2.067,2.091,2.112,2.134,2.156,2.179,2.202,2.226,2.248,2.271,2.295,2.318,2.34,2.362],"unit":"s"},"p_max":{"unit":"mW","value":0.416062557},"v_p_max":{"unit":"V","value":0.310011387},"i_p_max":{"unit":"mA","value":1.342088},"j_p_max":{"unit":"mA\/cm2","value":14.053277},"voc":{"unit":"V","value":0.937204888},"isc":{"unit":"mA","value":2.148605},"jsc":{"unit":"mA\/cm2","value":22.498482},"fill_factor":{"unit":"%","value":20.661769},"efficiency":{"unit":"%","value":4.356676},"r_s":{"unit":"ohms","value":109.156882},"r_sh":{"unit":"ohms","value":455.380531},"cell_dimension":{"value":0.09550002528634653,"unit":"cm2"},"sweep_direction":{"unit":"","value":"Forward"},"key":"forward1_1cell_231114"}]}}