{"_id":"6553212752c39b1845288f17","id":"KAIST-SC-00244","author":106,"group":12,"input":[{"tco":{"unit":"","value":"ITO"}},{"etl":[{"material":{"unit":"","value":"SnO2"},"concentration":{"unit":"","value":"5"},"conc_unit":{"unit":"","value":"wt%"},"quantity":{"unit":"ml","value":"0.8"}}],"spin_coating":[{"type":{"unit":"","value":"drop&run"},"rpm":{"unit":"","value":"4000"},"time":{"unit":"s","value":"30"}}],"annealing":[{"temperature":{"unit":"oC","value":"150"},"time":{"unit":"m","value":"30"}}]},{"perovskite":{"method":{"unit":"","value":"1-step"},"molarity":{"unit":"M","value":"1.8"},"a_site":[{"material":{"unit":"","value":"FA"},"ratio":{"unit":"","value":"100"}}],"b_site":[{"material":{"unit":"","value":"Pb"},"ratio":{"unit":"","value":"100"}}],"x_site":[{"material":{"unit":"","value":"I"},"ratio":{"unit":"","value":"100"}}],"solvent":[{"material":{"unit":"","value":"DMF"},"volume":{"unit":"ml","value":"0.8"}},{"material":{"unit":"","value":"DMSO"},"volume":{"unit":"ml","value":"0.1"}}],"additive":[{"material":{"unit":"","value":"MACl"},"solvent":{"unit":"","value":"None"},"concentration":{"unit":"","value":"42.86"},"conc_unit":{"unit":"","value":"mg\/ml"},"quantity":{"unit":"mol%","value":"35"}}],"stirring_time":[{"unit":"m","value":"20"}],"antisolvent":[{"material":{"unit":"","value":"DEE"},"quantity":{"unit":"ul","value":"1000"},"dripping_time":{"unit":"s","value":"28"}}],"spin_coating":[{"type":{"unit":"","value":"drop&run"},"rpm":{"unit":"","value":"5000"},"time":{"unit":"s","value":"15"}}],"annealing":[{"temperature":{"unit":"oC","value":"150"},"time":{"unit":"m","value":"10"}},{"temperature":{"unit":"oC","value":"100"},"time":{"unit":"m","value":"45"}}],"atmosphere":[{"type":{"unit":"","value":"Air"},"temperature":{"unit":"oC","value":"22"},"humidity":{"unit":"RH%","value":"19"}}]}},{"perovskite_treatment":[{"material":{"unit":"","value":"OAI"},"concentration":{"unit":"","value":"2.5"},"conc_unit":{"unit":"","value":"mg\/ml"},"quantity":{"unit":"ml","value":"Material"}}],"spin_coating":[{"type":{"unit":"","value":"drop&run"},"rpm":{"unit":"","value":"5000"},"time":{"unit":"s","value":"5"}}],"annealing":[{"temperature":{"unit":"oC","value":"100"},"time":{"unit":"m","value":"3"}}]},{"htl":[{"material":{"unit":"","value":"Spiro-OMeTAD"},"concentration":{"unit":"","value":"91"},"conc_unit":{"unit":"","value":"mg\/ml"},"quantity":{"unit":"ml","value":"1.1"}}],"htl_doping":[{"material":{"unit":"","value":"tBP"},"volume":{"unit":"ul","value":"39"}},{"material":{"unit":"","value":"Li-TFSI"},"volume":{"unit":"ul","value":"23"}},{"material":{"unit":"","value":"Co-TFSI"},"volume":{"unit":"ul","value":"10"}}],"spin_coating":[{"type":{"unit":"","value":"dynamic"},"rpm":{"unit":"","value":"2000"},"time":{"unit":"s","value":"30"}}]},{"anode_metal":{"unit":"","value":"Au"}},{"note":{"unit":"","value":"-"},"ar":{"unit":"","value":"0"},"type":{"unit":"","value":"unit_cell"},"device_type":{"unit":"","value":"n-i-p"},"temperature":{"unit":"\u2103","value":"22"},"humidity":{"unit":"%","value":"19"},"cell_dimension":{"unit":"cm2","value":"0.0955"}}],"fileinfo":[{"key":"reverse8_4cell_231114","uploadType":"JV","original_name":"reverse8_4cell_231114.csv","save_name":"KAIST-SC-00244\/reverse8_4cell_231114","uploader":106,"fileType":""},{"key":"forward8_4cell_231114","uploadType":"JV","original_name":"forward8_4cell_231114.csv","save_name":"KAIST-SC-00244\/forward8_4cell_231114","uploader":106,"fileType":""},{"key":"reverse8_3cell_231114","uploadType":"JV","original_name":"reverse8_3cell_231114.csv","save_name":"KAIST-SC-00244\/reverse8_3cell_231114","uploader":106,"fileType":""},{"key":"forward8_3cell_231114","uploadType":"JV","original_name":"forward8_3cell_231114.csv","save_name":"KAIST-SC-00244\/forward8_3cell_231114","uploader":106,"fileType":""},{"key":"reverse8_2cell_231114","uploadType":"JV","original_name":"reverse8_2cell_231114.csv","save_name":"KAIST-SC-00244\/reverse8_2cell_231114","uploader":106,"fileType":""},{"key":"forward8_2cell_231114","uploadType":"JV","original_name":"forward8_2cell_231114.csv","save_name":"KAIST-SC-00244\/forward8_2cell_231114","uploader":106,"fileType":""},{"key":"reverse8_1cell_231114","uploadType":"JV","original_name":"reverse8_1cell_231114.csv","save_name":"KAIST-SC-00244\/reverse8_1cell_231114","uploader":106,"fileType":""},{"key":"forward8_1cell_231114","uploadType":"JV","original_name":"forward8_1cell_231114.csv","save_name":"KAIST-SC-00244\/forward8_1cell_231114","uploader":106,"fileType":""}],"jvcnt":8,"updated_at":"2024-08-12 01:36:51","created_at":"2023-11-14 07:26:31","analysisInfo":{"JV":[{"efficiency":20.912868,"fill_factor":77.976788,"jsc":23.033148,"voc":1.164381,"key":"reverse8_4cell_231114","cell_dimension":0.09550000368111872},{"efficiency":2.491354,"fill_factor":25.167562,"jsc":8.477902,"voc":1.167632,"key":"reverse8_3cell_231114","cell_dimension":0.09550001394711255},{"efficiency":19.243057,"fill_factor":70.897811,"jsc":23.116479,"voc":1.174139,"key":"reverse8_2cell_231114","cell_dimension":0.09550000662159953},{"efficiency":20.76733,"fill_factor":77.142649,"jsc":23.155698,"voc":1.162594,"key":"reverse8_1cell_231114","cell_dimension":0.0955000022773313},{"efficiency":22.03304,"fill_factor":81.192819,"jsc":23.055267,"voc":1.177028,"key":"forward8_4cell_231114","cell_dimension":0.0954999949351031},{"efficiency":2.480735,"fill_factor":25.156158,"jsc":8.452797,"voc":1.166637,"key":"forward8_3cell_231114","cell_dimension":0.09549999882078193},{"efficiency":19.355577,"fill_factor":71.290473,"jsc":23.107298,"voc":1.174966,"key":"forward8_2cell_231114","cell_dimension":0.09549999805762655},{"efficiency":21.370721,"fill_factor":78.699605,"jsc":23.180733,"voc":1.171438,"key":"forward8_1cell_231114","cell_dimension":0.09549999375387369}]},"public":2,"tags":[],"analysis":{"JV":[{"V":{"value":[1.499983,1.482987,1.466023,1.448996,1.431995,1.415012,1.397977,1.380992,1.364003,1.346986,1.329988,1.313,1.296007,1.278987,1.262002,1.245001,1.227983,1.210994,1.194004,1.177009,1.15999,1.143,1.126019,1.108978,1.091995,1.075014,1.058027,1.040997,1.023992,1.007011,0.989977121,0.972990036,0.956004143,0.939015865,0.921986341,0.904995203,0.888008118,0.870986938,0.85399437,0.837011337,0.819981813,0.802992105,0.785991192,0.769006968,0.751995325,0.734988928,0.717997789,0.700982094,0.683982611,0.666995525,0.650005579,0.633002281,0.616004229,0.599017143,0.58199048,0.564999104,0.548012018,0.531016827,0.51399684,0.497015238,0.480007648,0.4629879,0.446002007,0.429014921,0.412014246,0.394991636,0.378005981,0.361014605,0.34398675,0.32699275,0.310015202,0.292970657,0.275993109,0.25900054,0.242009401,0.224980116,0.207991123,0.191002131,0.174000978,0.156987429,0.139998436,0.122997284,0.106004238,0.088992119,0.071993589,0.055004597,0.038000584,0.021001041,0.003999323,-0.012998015,-0.029994965,-0.046990871,-0.063997507,-0.0809865,-0.097993135,-0.114994526,-0.131983519,-0.148980618,-0.165994167,-0.182988644,-0.19998312,-0.199985743],"unit":"V"},"I":{"value":[-0.011791185000000001,-0.011841461000000001,-0.011423081,-0.010829613,-0.010183795999999998,-0.009497806000000001,-0.008795887,-0.008082091999999999,-0.007366925,-0.006654173,-0.0059397669999999994,-0.005237624000000001,-0.0045461650000000004,-0.0038640650000000003,-0.003204793,-0.002567142,-0.001952723,-0.001373753,-0.00083181262,-0.000332713127,0.000115677714,0.000514566898,0.000853955746,0.001140147,0.00137198,0.001556933,0.0017024870000000001,0.0018144849999999998,0.001899153,0.001965031,0.0020152480000000003,0.0020526200000000002,0.0020812,0.002103806,0.002121001,0.00213626,0.0021463040000000004,0.0021560190000000003,0.0021642000000000002,0.002169892,0.00217551,0.002175853,0.002179042,0.0021808450000000003,0.00217925,0.002183691,0.0021853600000000003,0.002185777,0.002186328,0.0021886830000000003,0.002189308,0.0021910370000000003,0.002188131,0.0021915290000000002,0.002187639,0.0021944340000000003,0.0021923629999999997,0.0021933319999999997,0.002194792,0.002191454,0.0021928399999999997,0.00219354,0.00219582,0.002194986,0.0021933319999999997,0.002190977,0.002192706,0.002194226,0.002193466,0.0021918709999999998,0.0021949260000000003,0.002195761,0.002193257,0.00219354,0.002197981,0.002195761,0.002200261,0.002199084,0.0022012290000000003,0.002196237,0.002197072,0.0021966549999999996,0.002198189,0.0021993670000000002,0.0021986659999999997,0.002200752,0.0021979060000000003,0.002196863,0.002199501,0.0022002009999999997,0.0022002009999999997,0.002200261,0.002198949,0.002199158,0.002197072,0.002197206,0.002198741,0.002198532,0.0021997089999999998,0.002200603,0.00220193,0.0022017210000000002],"unit":"A"},"resistance":{"value":[-127.212267,-125.2368,-128.338643,-133.799437,-140.615086,-148.98307,-158.935343,-170.870578,-185.152298,-202.427263,-223.912496,-250.686134,-285.076988,-330.995268,-393.785688,-484.975307,-628.85708,-881.522231,-1435.424,-3537.608,10027.775,2221.286,1318.591,972.662153,795.926666,690.468818,621.45923,573.714999,539.18368,512.465546,491.243336,474.023448,459.352259,446.341568,434.69387,423.635273,413.738343,403.97921,394.600494,385.738674,376.914765,369.047097,360.705012,352.618883,345.070682,336.581064,328.549036,320.701585,312.845354,304.747495,296.899961,288.905344,281.520699,273.333016,266.035829,257.469124,249.964072,242.105114,234.189314,226.797003,218.897709,211.068788,203.114082,195.452258,187.848579,180.281023,172.39247,164.529378,156.823391,149.184277,141.241746,133.425591,125.837092,118.074209,110.105326,102.461131,94.530215,86.855331,79.047183,71.480171,63.720461,55.992999,48.22343,40.462611,32.744209,24.993541,17.289446,9.559557,1.818287,-5.907648,-13.632828,-21.356956,-29.103674,-36.826139,-44.601697,-52.336706,-60.026865,-67.763672,-75.461862,-83.153846,-90.821756,-90.831552],"unit":"ohms"},"conductance":{"value":[-0.007860877,-0.007984873,-0.007791885,-0.007473873,-0.007111612,-0.006712172,-0.006291867,-0.005852383,-0.005400959,-0.004940046,-0.00446603,-0.003989052,-0.003507824,-0.003021191,-0.002539452,-0.002061961,-0.001590186,-0.001134401,-0.000696658257,-0.00028267688,9.9723021e-5,0.000450189619,0.000758385166,0.001028106,0.001256397,0.001448291,0.001609116,0.001743026,0.001854656,0.001951351,0.002035651,0.0021096,0.002176979,0.002240437,0.00230047,0.002360521,0.002416987,0.002475375,0.002534209,0.002592429,0.00265312,0.002709681,0.002772349,0.002835923,0.002897957,0.002971052,0.003043686,0.003118164,0.003196467,0.003281405,0.003368138,0.003461341,0.003552137,0.003658541,0.003758892,0.003883961,0.004000575,0.004130437,0.00427005,0.004409229,0.004568344,0.004737792,0.004923342,0.005116339,0.005323437,0.005546896,0.005800717,0.006077942,0.0063766,0.006703119,0.00708006,0.007494814,0.007946783,0.00846925,0.009082213,0.009759799,0.010578628,0.011513398,0.012650672,0.013989894,0.015693546,0.017859375,0.020736808,0.024714174,0.030539752,0.040010338,0.057838753,0.104607353,0.54996833,-0.169272093,-0.07335235,-0.046823153,-0.034359924,-0.027154626,-0.022420672,-0.019107049,-0.016659208,-0.014757169,-0.013251727,-0.012025902,-0.011010578,-0.01100939],"unit":"S"},"power":{"value":[-17.68658,-17.560729,-16.746497,-15.692066,-14.583149,-13.439513,-12.296451,-11.161302,-10.04851,-8.963078,-7.899819,-6.876999,-5.891863,-4.942089,-4.044453,-3.196094,-2.397911,-1.663606,-0.993187446,-0.391606222,0.134185,0.588150152,0.961569988,1.264399,1.498195,1.673724,1.801277,1.888873,1.944718,1.978807,1.995049,1.997179,1.989636,1.975507,1.955534,1.933305,1.905935,1.877865,1.848215,1.816224,1.783879,1.747193,1.712707,1.677085,1.638786,1.604988,1.569083,1.53219,1.49541,1.459841,1.423063,1.386931,1.347898,1.312763,1.273185,1.239853,1.201441,1.164696,1.128116,1.089186,1.05258,1.015583,0.979340221,0.941681637,0.903683914,0.865417723,0.828855934,0.792147555,0.754523181,0.716726059,0.680460471,0.643293429,0.605323876,0.568128131,0.531932037,0.494002476,0.457634706,0.420029646,0.383016058,0.344781669,0.307586631,0.270182559,0.233017403,0.195726302,0.158289881,0.121051504,0.083521725,0.046136416,0.008796513,-0.028598247,-0.065994956,-0.10339217,-0.140727283,-0.178102115,-0.215297965,-0.252666665,-0.290197553,-0.327538688,-0.365138933,-0.402685447,-0.440348769,-0.440312824],"unit":"mW"},"J":{"value":[-0.12346790099999999,-0.123994357,-0.119613415,-0.113399085,-0.10663661,-0.09945347,-0.092103531,-0.084629234,-0.077140581,-0.06967720599999999,-0.062196511,-0.054844231,-0.047603827,-0.040461412,-0.033558039,-0.026881071,-0.020447358000000002,-0.014384848,-0.00871008,-0.003483907,0.0012112849999999999,0.0053881350000000005,0.008941945,0.011938717,0.01436628,0.016302962999999997,0.017827093999999998,0.018999839,0.019886419,0.020576241,0.021102073000000002,0.021493404,0.021792674999999997,0.022029377,0.02220944,0.022369217,0.022474384,0.022576117,0.02266178,0.022721384,0.022780209,0.022783797,0.022817188999999998,0.022836068999999997,0.022819373,0.022865871,0.022883347000000002,0.022887715,0.022893489,0.022918142,0.022924695,0.022942795000000002,0.022912369000000002,0.022947944,0.02290722,0.022978371,0.022956682,0.022966824,0.022982116,0.022947164,0.022961675,0.022969009,0.022992882000000003,0.022984144,0.022966824,0.022942170999999997,0.022960270999999997,0.022976186,0.022968229,0.022951533,0.02298352,0.022992257999999998,0.022966044,0.022969009,0.023015507,0.022992257999999998,0.02303938,0.023027053,0.023049522,0.022997251,0.023005989,0.02300162,0.023017691,0.023030018,0.023022684,0.023044529,0.023014726,0.023003804,0.023031422,0.023038756,0.023038756,0.02303938,0.023025649000000002,0.023027833,0.023005989,0.023007393,0.023023464,0.02302128,0.023033605999999998,0.023042967999999997,0.023056854999999998,0.023054671],"unit":"A\/cm2"},"power_density":{"value":[-185.199791,-183.88198,-175.355986,-164.314828,-152.703135,-140.72789,-128.758651,-116.872269,-105.219998,-93.854224,-82.720613,-72.01046,-61.6949,-51.749626,-42.350296,-33.466949,-25.109017,-17.419961,-10.399869,-4.100589,1.405079,6.15864,10.068796,13.239777,15.687909,17.525907,18.861539,19.778776,20.36354,20.720495,20.890569,20.912868,20.833888,20.685935,20.4768,20.244035,19.957435,19.663503,19.353032,19.018056,18.679357,18.295209,17.934109,17.561096,17.160062,16.806162,16.430192,16.043879,15.658748,15.286298,14.90118,14.522842,14.114116,13.746212,13.331784,12.982759,12.580538,12.19577,11.812735,11.40509,11.02178,10.634373,10.254871,9.860541,9.462659,9.061966,8.67912,8.294739,7.900766,7.504985,7.125241,6.736057,6.33847,5.948986,5.569969,5.172801,4.791986,4.398216,4.010639,3.610279,3.220802,2.829137,2.439973,2.04949,1.657486,1.267555,0.874573037,0.483103832,0.092110088,-0.299458083,-0.691046657,-1.082641,-1.473584,-1.864944,-2.254429,-2.645724,-3.038718,-3.429724,-3.823444,-4.216602,-4.610982,-4.610605],"unit":"mW\/cm2"},"timestamps":{"value":[0.019,0.041,0.068,0.09,0.114,0.136,0.158,0.181,0.204,0.228,0.25,0.272,0.295,0.315,0.34,0.363,0.383,0.406,0.429,0.453,0.476,0.507,0.531,0.553,0.575,0.598,0.635,0.658,0.674,0.695,0.715,0.738,0.759,0.784,0.806,0.828,0.85,0.873,0.895,0.918,0.943,0.965,0.989,1.011,1.034,1.06,1.083,1.104,1.125,1.152,1.173,1.196,1.222,1.245,1.266,1.288,1.31,1.335,1.357,1.384,1.407,1.428,1.456,1.477,1.506,1.532,1.554,1.581,1.602,1.632,1.656,1.678,1.701,1.721,1.744,1.765,1.79,1.813,1.836,1.859,1.884,1.909,1.932,1.955,1.976,1.998,2.023,2.049,2.076,2.098,2.12,2.145,2.168,2.212,2.235,2.256,2.279,2.301,2.324,2.345,2.37,2.392],"unit":"s"},"p_max":{"unit":"mW","value":1.997179},"v_p_max":{"unit":"V","value":0.972990036},"i_p_max":{"unit":"mA","value":2.05262},"j_p_max":{"unit":"mA\/cm2","value":21.493404},"voc":{"unit":"V","value":1.164381},"isc":{"unit":"mA","value":2.199666},"jsc":{"unit":"mA\/cm2","value":23.033148},"fill_factor":{"unit":"%","value":77.976788},"efficiency":{"unit":"%","value":20.912868},"r_s":{"unit":"ohms","value":31.203168},"r_sh":{"unit":"ohms","value":8564.161},"cell_dimension":{"value":0.09550000368111872,"unit":"cm2"},"sweep_direction":{"unit":"","value":"Reverse"},"key":"reverse8_4cell_231114"},{"V":{"value":[1.499989,1.482989,1.466021,1.448997,1.431995,1.415012,1.397992,1.380995,1.364002,1.346989,1.329992,1.312998,1.296008,1.278989,1.262002,1.245001,1.227982,1.210994,1.194003,1.177014,1.159994,1.143,1.126014,1.10898,1.091997,1.075007,1.058025,1.040986,1.024006,1.007008,0.989975691,0.972992659,0.956007004,0.939010382,0.921990395,0.904995203,0.88801074,0.870988131,0.853992939,0.837007046,0.819983244,0.802992105,0.785994053,0.769005537,0.751993895,0.734991789,0.7179842,0.700995684,0.683988094,0.666994095,0.650009871,0.633002281,0.616004229,0.599015713,0.581987619,0.565006018,0.548013449,0.531015396,0.51399827,0.497008562,0.480009079,0.462990522,0.446004868,0.429010868,0.412001848,0.394990206,0.378004551,0.361013412,0.34398675,0.327000856,0.310012341,0.292983055,0.275991917,0.259004831,0.242006779,0.224984169,0.207993746,0.191003561,0.174002171,0.156994343,0.139992952,0.123002768,0.106000185,0.088992119,0.07199502,0.055006027,0.038002014,0.020998657,0.004002422,-0.012997478,-0.029994965,-0.046992064,-0.063989401,-0.0809865,-0.097991943,-0.114993095,-0.131986141,-0.148987532,-0.165991306,-0.182989836,-0.199978828,-0.199976206],"unit":"V"},"I":{"value":[-0.00023965537500000001,-0.00021621584899999998,-0.000204771757,-0.000193610787,-0.000182375312,-0.000170648098,-0.00015927851200000002,-0.00014770031,-0.00013597309599999998,-0.000124335289,-0.000112682581,-0.00010082125699999999,-8.9302659e-5,-7.7456236e-5,-6.5520406e-5,-5.3733587e-5,-4.1946769000000005e-5,-3.0159950000000003e-5,-1.8432736000000002e-5,-6.571412000000001e-6,5.349517e-6,1.719594e-5,2.9057264e-5,4.0993094e-5,5.2645801999999995e-5,6.4909458e-5,7.6562166e-5,8.834898500000001e-5,0.000100553036,0.00011214613900000001,0.000124201179,0.000135987997,0.00014784932100000002,0.00015971064600000002,0.00017170608000000002,0.00018349289899999998,0.000195220113,0.00020734965799999998,0.000219285488,0.00023086369000000002,0.000243142247,0.00025485456,0.00026650726800000004,0.000278577209,0.000290498137,0.000302150846,0.000314280391,0.00032608211,0.00033758580700000003,0.000349864364,0.00036157667599999996,0.000373095274,0.000385224819,0.000396877527,0.000408813357,0.000420734286,0.00043238699400000003,0.000444248319,0.000456035137,0.00046782195599999997,0.000479608774,0.000491470099,0.000503256917,0.0005149841309999999,0.00052690506,0.000538632274,0.0005503445860000001,0.0005620718,0.0005736500020000001,0.000585362315,0.000597223639,0.000608950853,0.000620663166,0.0006321817640000001,0.000643894076,0.000655472279,0.000667259097,0.000679060817,0.0006905049089999999,0.000702425838,0.0007141381500000001,0.000725656748,0.00073723495,0.000749021769,0.0007605403659999999,0.0007720440629999999,0.0007837712759999999,0.000795140862,0.000806927681,0.000818446279,0.000830024481,0.000841677189,0.0008531212809999999,0.000864833593,0.000876143575,0.000887796283,0.000899508595,0.0009108185770000001,0.000922054052,0.00093370676,0.000945210457,0.000945076346],"unit":"A"},"resistance":{"value":[-6258.941,-6858.837,-7159.294,-7484.074,-7851.915,-8291.99,-8777.031,-9349.977,-10031.411,-10833.521,-11802.998,-13023.03,-14512.539,-16512.403,-19261.198,-23169.877,-29274.777,-40152.379,-64776.2,-179111.293,216840.914,66469.199,38751.565,27052.842,20742.331,16561.635,13819.164,11782.663,10183.739,8979.425,7970.743,7154.989,6466.09,5879.448,5369.585,4932.045,4548.767,4200.577,3894.434,3625.547,3372.442,3150.786,2949.241,2760.475,2588.636,2432.533,2284.534,2149.752,2026.116,1906.436,1797.71,1696.624,1599.077,1509.321,1423.602,1342.905,1267.414,1195.312,1127.102,1062.388,1000.835,942.052271,886.236935,833.056481,781.928054,733.320718,686.850676,642.290562,599.645687,558.62984,519.089199,481.127588,444.672621,409.699941,375.848742,343.239793,311.713616,281.276075,251.992663,223.503087,196.030631,169.505442,143.780738,118.811125,94.662983,71.247264,48.486102,26.408725,4.960075,-15.880674,-36.137446,-55.831457,-75.006218,-93.644026,-111.844618,-129.526444,-146.731384,-163.57542,-180.023401,-195.982126,-211.57069,-211.597938],"unit":"ohms"},"conductance":{"value":[-0.000159771444,-0.000145797308,-0.000139678569,-0.000133617061,-0.000127357471,-0.000120598309,-0.000113933749,-0.00010695213,-9.9686875e-5,-9.2306097e-5,-8.4724236e-5,-7.6787043e-5,-6.8905929e-5,-6.0560537e-5,-5.191785e-5,-4.3159487e-5,-3.4159099e-5,-2.4905124e-5,-1.5437769e-5,-5.583121e-6,4.611676e-6,1.5044562e-5,2.5805409e-5,3.6964693e-5,4.8210589e-5,6.0380514e-5,7.2363278e-5,8.4870459e-5,9.8195759e-5,0.000111365706,0.000125458817,0.000139762614,0.000154652969,0.000170084004,0.000186234132,0.000202755659,0.00021983981,0.000238062553,0.000256776699,0.000275820486,0.000296520995,0.000317381153,0.000339070336,0.00036225644,0.000386303851,0.000411094178,0.000437726054,0.000465169926,0.000493555092,0.000524538922,0.000556263363,0.000589405892,0.000625360673,0.000662549444,0.000702443392,0.000744654522,0.000789007999,0.000836601579,0.000887230879,0.000941275445,0.000999166047,0.001061512,0.001128366,0.001200399,0.00127889,0.00136366,0.001455921,0.001556928,0.001667651,0.001790094,0.001926451,0.002078451,0.002248845,0.002440811,0.002660645,0.002913415,0.003208073,0.003555226,0.00396837,0.004474211,0.005101244,0.005899516,0.006955035,0.00841672,0.010563791,0.014035627,0.020624467,0.037866273,0.201609841,-0.062969621,-0.027672127,-0.01791105,-0.013332228,-0.010678738,-0.008940976,-0.007720431,-0.006815175,-0.006113388,-0.005554833,-0.005102506,-0.004726553,-0.004725944],"unit":"S"},"power":{"value":[-0.359480378,-0.320645793,-0.300199757,-0.280541546,-0.261160606,-0.241469168,-0.222670145,-0.203973324,-0.185467573,-0.167478256,-0.149866964,-0.132378138,-0.115736992,-0.099065643,-0.082686851,-0.066898348,-0.051509889,-0.036523512,-0.022008736,-0.007734645,0.006205408,0.019654966,0.0327189,0.04546051,0.057489041,0.069778104,0.081004695,0.091970083,0.102966901,0.112932041,0.122956148,0.132315323,0.141344987,0.149969954,0.158311357,0.166060193,0.173357557,0.180599091,0.187268258,0.193234535,0.199372569,0.2046462,0.209473128,0.214227416,0.218452826,0.22207839,0.225648355,0.228582152,0.230904673,0.233357465,0.235028409,0.23617016,0.237300118,0.237735875,0.237924313,0.237717404,0.236953888,0.235902697,0.234401272,0.232511518,0.230216566,0.227545998,0.224455035,0.220933789,0.217085858,0.212754473,0.208032758,0.202915459,0.197328,0.191413978,0.185146698,0.178412281,0.171298017,0.163738131,0.155826731,0.147470886,0.138785719,0.129703034,0.120149353,0.110276883,0.099974308,0.089257788,0.078147041,0.066657034,0.054755119,0.042467077,0.029784887,0.01669689,0.003229665,-0.010637738,-0.024896555,-0.039552148,-0.05459072,-0.070039846,-0.085855012,-0.102090443,-0.118722669,-0.135700612,-0.153052957,-0.170858847,-0.18902208,-0.188992782],"unit":"mW"},"J":{"value":[-0.00250948,-0.00226404,-0.0021442070000000004,-0.002027338,-0.001909689,-0.001786891,-0.0016678379999999998,-0.0015466,-0.001423802,-0.0013019400000000001,-0.001179922,-0.00105572,-0.000935106377,-0.000811060062,-0.000686077547,-0.0005626553640000001,-0.00043923318099999996,-0.000315810997,-0.00019301294699999998,-6.8810598e-5,5.6015883e-5,0.000180062199,0.00030426454800000003,0.00042924706200000003,0.000551264948,0.00067968019,0.000801698076,0.0009251202589999999,0.001052911,0.0011743049999999998,0.001300536,0.0014239580000000001,0.00154816,0.001672363,0.001797969,0.001921392,0.00204419,0.0021712009999999998,0.0022961830000000003,0.002417421,0.002545992,0.002668634,0.0027906520000000002,0.0029170389999999997,0.003041865,0.0031638829999999997,0.0032908940000000004,0.003414472,0.00353493,0.003663501,0.003786143,0.003906756999999999,0.004033768,0.004155786,0.004280768,0.004405595,0.004527613,0.004651815,0.004775237,0.0048986590000000005,0.005022081,0.005146283999999999,0.005269706,0.005392503999999999,0.00551733,0.005640129,0.005762771,0.005885569,0.006006806,0.006129448,0.006253651,0.006376449,0.006499091,0.006619704,0.006742346000000001,0.006863584000000001,0.0069870060000000005,0.0071105840000000005,0.007230418000000001,0.0073552439999999995,0.0074778859999999996,0.007598499999999999,0.007719738,0.00784316,0.007963773,0.008084231,0.008207029000000001,0.008326082,0.008449505,0.008570118000000002,0.008691356,0.008813373999999999,0.008933207,0.009055849,0.009174278,0.009296295999999999,0.009418938,0.009537367,0.009655016,0.009777034,0.009897491999999999,0.009896087],"unit":"A\/cm2"},"power_density":{"value":[-3.764192,-3.357548,-3.143453,-2.937608,-2.734666,-2.528473,-2.331625,-2.135846,-1.942069,-1.753699,-1.569288,-1.386159,-1.211906,-1.037337,-0.865830904,-0.700506266,-0.539370564,-0.382445149,-0.230457965,-0.080991045,0.064978096,0.205811159,0.342606284,0.476026279,0.601979487,0.730660774,0.848216704,0.963037515,1.078187,1.182534,1.287499,1.385501,1.480052,1.570366,1.657711,1.73885,1.815262,1.89109,1.960924,2.023398,2.087671,2.142892,2.193436,2.243219,2.287464,2.325428,2.36281,2.39353,2.41785,2.443534,2.46103,2.472986,2.484818,2.489381,2.491354,2.489187,2.481193,2.470185,2.454464,2.434676,2.410645,2.382681,2.350314,2.313443,2.27315,2.227796,2.178353,2.124769,2.066262,2.004335,1.938709,1.868191,1.793697,1.714535,1.631694,1.544198,1.453254,1.358147,1.258108,1.154732,1.046851,0.934636527,0.818293624,0.697979416,0.573352029,0.444681432,0.311883635,0.174836545,0.033818484,-0.111389924,-0.26069691,-0.414158617,-0.571630572,-0.733401525,-0.899005357,-1.06901,-1.243169,-1.420949,-1.602649,-1.789098,-1.979289,-1.978982],"unit":"mW\/cm2"},"timestamps":{"value":[0.018,0.044,0.068,0.106,0.132,0.154,0.178,0.199,0.22,0.241,0.266,0.289,0.311,0.334,0.357,0.387,0.408,0.433,0.457,0.478,0.516,0.541,0.564,0.585,0.615,0.636,0.66,0.684,0.706,0.731,0.755,0.779,0.8,0.823,0.846,0.869,0.896,0.92,0.941,0.963,0.985,1.023,1.046,1.07,1.091,1.114,1.137,1.159,1.248,1.269,1.29,1.312,1.334,1.366,1.39,1.413,1.435,1.457,1.48,1.501,1.524,1.547,1.572,1.604,1.629,1.652,1.672,1.694,1.718,1.741,1.763,1.785,1.807,1.83,1.851,1.876,1.901,1.925,1.949,1.986,2.019,2.042,2.067,2.088,2.11,2.133,2.155,2.181,2.207,2.227,2.252,2.275,2.303,2.325,2.347,2.368,2.39,2.421,2.444,2.467,2.49,2.512],"unit":"s"},"p_max":{"unit":"mW","value":0.237924313},"v_p_max":{"unit":"V","value":0.581987619},"i_p_max":{"unit":"mA","value":0.408813357},"j_p_max":{"unit":"mA\/cm2","value":4.280768},"voc":{"unit":"V","value":1.167632},"isc":{"unit":"mA","value":0.809639596},"jsc":{"unit":"mA\/cm2","value":8.477902},"fill_factor":{"unit":"%","value":25.167562},"efficiency":{"unit":"%","value":2.491354},"r_s":{"unit":"ohms","value":1434.337},"r_sh":{"unit":"ohms","value":1457.999},"cell_dimension":{"value":0.09550001394711255,"unit":"cm2"},"sweep_direction":{"unit":"","value":"Reverse"},"key":"reverse8_3cell_231114"},{"V":{"value":[1.499989,1.482985,1.46602,1.448996,1.431991,1.415009,1.397987,1.380989,1.364001,1.346987,1.329988,1.313001,1.296008,1.278985,1.262,1.245002,1.227968,1.211002,1.193989,1.177009,1.159994,1.143004,1.126014,1.108978,1.091995,1.07501,1.058016,1.040985,1.024,1.007011,0.989977121,0.972987175,0.956007004,0.939014435,0.921984911,0.90499115,0.888008118,0.870971918,0.853996992,0.836983919,0.819985867,0.802989244,0.785994053,0.76900959,0.751992464,0.734988928,0.718000412,0.700982094,0.683985472,0.666991472,0.65000701,0.63299942,0.616004229,0.599017143,0.58198905,0.565001965,0.548014879,0.531015396,0.51399684,0.497011185,0.480003595,0.4629879,0.446000814,0.429016352,0.412016869,0.394990206,0.378012657,0.361011982,0.34398675,0.326998234,0.310005665,0.292984486,0.275991917,0.258997917,0.242010832,0.224980116,0.207992554,0.191002131,0.173998117,0.156999588,0.139992952,0.12300396,0.106001377,0.088990688,0.071997643,0.055004597,0.038002014,0.020998776,0.004000574,-0.012997597,-0.029996395,-0.046996355,-0.063990593,-0.080989122,-0.097994566,-0.114997149,-0.131983519,-0.148987532,-0.166001081,-0.183002234,-0.199981689,-0.199981689],"unit":"V"},"I":{"value":[-0.003764272,-0.003622532,-0.0034457,-0.003248751,-0.00304848,-0.00284633,-0.0026408580000000003,-0.002437249,-0.002232537,-0.0020254699999999997,-0.001820281,-0.00161536,-0.001410708,-0.001208633,-0.001007602,-0.000808164477,-0.000610038638,-0.000414133072,-0.000222802162,-3.1471252e-5,0.000155135989,0.000338286161,0.000516712666,0.0006900876759999999,0.000858947635,0.001017675,0.001171768,0.0013151170000000002,0.001448676,0.001571491,0.0016807760000000001,0.001776487,0.001860037,0.001928627,0.001984656,0.002030641,0.00206469,0.002091736,0.002113849,0.0021341000000000003,0.0021465869999999997,0.002160043,0.002166972,0.002174601,0.0021816789999999997,0.0021861199999999997,0.0021867450000000004,0.002191454,0.0021939579999999998,0.002193257,0.002195135,0.002196863,0.0021983239999999998,0.002202407,0.002199292,0.002199218,0.002204418,0.002200812,0.002203658,0.002200887,0.002200052,0.002200544,0.002202824,0.00220193,0.00220491,0.002203107,0.002201304,0.002202898,0.002202064,0.00220345,0.002203107,0.002203241,0.002201304,0.002202004,0.0022030319999999997,0.002206579,0.00220491,0.002205461,0.002201796,0.00220269,0.00220269,0.002204284,0.0022072050000000003,0.0022041499999999998,0.00220643,0.002204835,0.002203241,0.00220789,0.0022074129999999996,0.002208307,0.002204776,0.00220643,0.002206787,0.002211019,0.0022094849999999997,0.002209619,0.002208725,0.0022074129999999996,0.002208173,0.00220935,0.002208933,0.002208382],"unit":"A"},"resistance":{"value":[-398.480476,-409.37811,-425.463676,-446.016329,-469.739525,-497.13466,-529.368475,-566.618008,-610.964458,-665.024609,-730.64977,-812.822287,-918.693665,-1058.207,-1252.479,-1540.531,-2012.936,-2924.185,-5358.964,-37399.485,7477.273,3378.809,2179.189,1607.011,1271.318,1056.339,902.922631,791.553118,706.852611,640.799386,588.999867,547.703065,513.971913,486.88222,464.556567,445.667758,430.092711,416.387194,404.000959,392.19534,381.99521,371.746961,362.715444,353.632508,344.685199,336.207105,328.342024,319.870752,311.758751,304.11001,296.112577,288.137829,280.215445,271.983004,264.625617,256.910432,248.598421,241.281569,233.247077,225.823167,218.178281,210.397031,202.46777,194.836535,186.863357,179.287809,171.722163,163.880461,156.211073,148.402865,140.712948,132.978865,125.376566,117.619175,109.853507,101.958793,94.331542,86.604165,79.025555,71.276309,63.555459,55.802227,48.025168,40.374153,32.630833,24.947257,17.248233,9.510788,1.812336,-5.885774,-13.605191,-21.299728,-28.997171,-36.629766,-44.351776,-52.043888,-59.755534,-67.494171,-75.17575,-82.830785,-90.533153,-90.555755],"unit":"ohms"},"conductance":{"value":[-0.002509533,-0.00244273,-0.002350377,-0.00224207,-0.002128839,-0.002011527,-0.001889043,-0.001764857,-0.001636756,-0.001503704,-0.001368645,-0.001230281,-0.001088502,-0.000944994361,-0.000798416444,-0.000649127035,-0.000496786897,-0.000341975583,-0.000186603226,-2.6738336e-5,0.000133738599,0.000295962252,0.000458886345,0.000622273397,0.000786585512,0.000946665796,0.001107515,0.001263339,0.001414722,0.001560551,0.001697793,0.001825807,0.001945632,0.002053885,0.00215259,0.002243824,0.00232508,0.002401611,0.002475242,0.00254975,0.002617834,0.002690002,0.002756982,0.002827794,0.002901198,0.002974357,0.003045605,0.003126263,0.003207608,0.003288284,0.003377094,0.003470561,0.003568683,0.0036767,0.003778924,0.003892407,0.004022552,0.004144535,0.004287299,0.004428244,0.004583408,0.004752919,0.004939058,0.005132508,0.005351504,0.005577624,0.00582336,0.006102009,0.006401595,0.006738414,0.007106667,0.007519992,0.007975972,0.008502015,0.009103032,0.009807884,0.010600908,0.011546789,0.012654134,0.014029907,0.01573429,0.017920432,0.020822415,0.024768321,0.030645862,0.040084567,0.057976953,0.105143755,0.551774101,-0.169901198,-0.073501359,-0.046948957,-0.034486123,-0.027300202,-0.022547011,-0.019214552,-0.016734852,-0.014816094,-0.013302162,-0.012072806,-0.011045677,-0.01104292],"unit":"S"},"power":{"value":[-5.646365,-5.372161,-5.051465,-4.707428,-4.365396,-4.027585,-3.691886,-3.365814,-3.045181,-2.728283,-2.420952,-2.12097,-1.828289,-1.545823,-1.271593,-1.006166,-0.749108204,-0.501515926,-0.266023286,-0.037041936,0.179956836,0.386662577,0.581825939,0.765292238,0.937966728,1.09401,1.239749,1.369017,1.483445,1.582509,1.66393,1.728499,1.778209,1.811009,1.829823,1.837712,1.833461,1.821843,1.805221,1.786207,1.760171,1.734491,1.703227,1.672289,1.640606,1.606774,1.570084,1.53617,1.500635,1.462884,1.426853,1.390613,1.354177,1.319279,1.279964,1.242562,1.208054,1.168665,1.132673,1.093865,1.056033,1.018825,0.98246119,0.944663842,0.908460081,0.87020564,0.832120714,0.795272668,0.757480769,0.72052413,0.682975613,0.645515428,0.607542066,0.5703145,0.533157697,0.496436366,0.458604845,0.4212478,0.383108286,0.345821367,0.308361027,0.271135669,0.233966738,0.196148822,0.158857747,0.121276083,0.083727595,0.046362991,0.008830921,-0.02870269,-0.066135326,-0.10369416,-0.141213639,-0.179068521,-0.216517482,-0.254099848,-0.291515247,-0.328877061,-0.366559152,-0.40431607,-0.4417462,-0.441635942],"unit":"mW"},"J":{"value":[-0.039416458,-0.037932271000000004,-0.036080626000000005,-0.034018337,-0.031921252,-0.029804507,-0.027652965999999998,-0.02552093,-0.023377347,-0.021209111,-0.019060536,-0.016914768,-0.01477181,-0.012655844999999999,-0.010550802,-0.008462455,-0.006387838999999999,-0.004336472,-0.002333007,-0.00032954191,0.001624461,0.0035422630000000004,0.005410604,0.007226049,0.008994216,0.010656281,0.012269819,0.013770857,0.015169382,0.016455407000000002,0.017599754000000002,0.018601954,0.019476832000000003,0.020195052,0.020781736999999998,0.021263255000000002,0.021619791,0.021902991,0.022134544000000003,0.022346592999999998,0.022477347999999998,0.022618245999999998,0.022690802000000003,0.022770691,0.022844806,0.022891304,0.022897858,0.022947164,0.022973378,0.022966044,0.022985704,0.023003804,0.023019095,0.023061848000000003,0.023029238,0.023028457,0.023082913,0.023045153,0.023074954999999998,0.023045933,0.023037195,0.023042344,0.023066217000000003,0.023056854999999998,0.023088062,0.023069182,0.023050301999999998,0.023066998000000002,0.02305826,0.023072771,0.023069182,0.023070585999999997,0.023050301999999998,0.023057636,0.023068402,0.023105538,0.023088062,0.023093835,0.023055451,0.023064813,0.023064813,0.023081509,0.023112090999999998,0.023080103999999997,0.023103977,0.023087281999999997,0.023070585999999997,0.023119268999999998,0.023114276,0.023123638,0.023086658,0.023103977,0.023107722,0.023152035999999997,0.023135964000000002,0.023137368,0.023128006,0.023114276,0.023122233000000002,0.023134560000000002,0.023130191,0.023124417999999997],"unit":"A\/cm2"},"power_density":{"value":[-59.124245,-56.252999,-52.894924,-49.292436,-45.710956,-42.17366,-38.658491,-35.244126,-31.886715,-28.568408,-25.350284,-22.209106,-19.144389,-16.18663,-13.315113,-10.535774,-7.844065,-5.251476,-2.785584,-0.387873672,1.884365,4.048823,6.092418,8.013531,9.821641,11.455604,12.98166,14.335254,15.533453,16.570771,17.423353,18.099463,18.619988,18.963446,19.160448,19.243057,19.198549,19.07689,18.902834,18.703739,18.431108,18.162209,17.834835,17.510879,17.179122,16.824855,16.440671,16.085551,15.713457,15.318156,14.940869,14.561395,14.17986,13.814443,13.402764,13.011124,12.64978,12.237331,11.860454,11.454086,11.057937,10.668327,10.287552,9.891768,9.512671,9.112101,8.713306,8.327462,7.931736,7.544755,7.151577,6.759324,6.361697,5.97188,5.582803,5.198287,4.802145,4.410972,4.011605,3.621166,3.228911,2.839117,2.449913,2.053914,1.663432,1.269907,0.876728747,0.485476342,0.092470378,-0.300551733,-0.692516506,-1.085803,-1.478677,-1.875063,-2.267199,-2.660731,-3.052516,-3.443739,-3.838316,-4.233676,-4.625615,-4.62446],"unit":"mW\/cm2"},"timestamps":{"value":[0.019,0.042,0.071,0.092,0.115,0.138,0.161,0.199,0.221,0.245,0.268,0.289,0.312,0.335,0.357,0.389,0.411,0.433,0.455,0.477,0.5,0.526,0.547,0.569,0.611,0.639,0.66,0.681,0.704,0.726,0.748,0.772,0.795,0.815,0.838,0.86,0.883,0.911,0.933,0.954,0.976,0.997,1.023,1.045,1.066,1.101,1.126,1.149,1.171,1.201,1.224,1.247,1.268,1.291,1.318,1.343,1.374,1.396,1.417,1.447,1.47,1.491,1.514,1.536,1.561,1.584,1.629,1.65,1.682,1.707,1.734,1.756,1.777,1.804,1.827,1.85,1.876,1.898,1.924,1.948,1.971,1.993,2.016,2.054,2.076,2.108,2.131,2.158,2.184,2.207,2.232,2.253,2.282,2.306,2.33,2.352,2.375,2.402,2.427,2.449,2.471,2.491],"unit":"s"},"p_max":{"unit":"mW","value":1.837712},"v_p_max":{"unit":"V","value":0.90499115},"i_p_max":{"unit":"mA","value":2.030641},"j_p_max":{"unit":"mA\/cm2","value":21.263255},"voc":{"unit":"V","value":1.174139},"isc":{"unit":"mA","value":2.207624},"jsc":{"unit":"mA\/cm2","value":23.116479},"fill_factor":{"unit":"%","value":70.897811},"efficiency":{"unit":"%","value":19.243057},"r_s":{"unit":"ohms","value":93.663781},"r_sh":{"unit":"ohms","value":6242.422},"cell_dimension":{"value":0.09550000662159953,"unit":"cm2"},"sweep_direction":{"unit":"","value":"Reverse"},"key":"reverse8_2cell_231114"},{"V":{"value":[1.499979,1.482985,1.466017,1.448996,1.431993,1.415005,1.39799,1.380989,1.364003,1.346989,1.329987,1.312998,1.296004,1.278989,1.262,1.245013,1.227967,1.211,1.194001,1.17701,1.159992,1.143006,1.126014,1.108984,1.091991,1.075014,1.058016,1.040989,1.024004,1.007004,0.989977121,0.972992659,0.956008434,0.939017057,0.921983719,0.90499115,0.888008118,0.870974541,0.853992939,0.837008476,0.819981813,0.802992105,0.785988569,0.769005537,0.751995325,0.734990358,0.717997789,0.700982094,0.683984041,0.666994095,0.65000844,0.632998228,0.616006851,0.599015713,0.581987619,0.564999104,0.548007965,0.531015396,0.514001131,0.497012615,0.480005026,0.4629879,0.446002007,0.429014921,0.412010193,0.394994497,0.378004551,0.361009359,0.34398675,0.326999664,0.310005665,0.292984486,0.275989056,0.259003401,0.242010832,0.224978685,0.207992554,0.190998077,0.174005032,0.156988859,0.13997674,0.123001337,0.106000185,0.088992119,0.07199502,0.054999113,0.038004637,0.020999193,0.004000008,-0.012999862,-0.029996395,-0.046990871,-0.06398797,-0.080990553,-0.097991943,-0.114995718,-0.131984711,-0.148980618,-0.165988684,-0.182992697,-0.199980259,-0.199987173],"unit":"V"},"I":{"value":[-0.009624094,-0.009883523,-0.009613067,-0.009146154,-0.008624598,-0.008065104,-0.007483706,-0.006894112,-0.0063062610000000005,-0.005705789,-0.005114466,-0.00452432,-0.003943816,-0.003373161,-0.002813876,-0.0022743639999999996,-0.00175114,-0.00125128,-0.000781670213,-0.000342980027,6.1929226e-5,0.00042454898400000004,0.0007515251640000001,0.001031473,0.00126566,0.001463726,0.001622319,0.0017492920000000002,0.0018506800000000002,0.001928762,0.001988545,0.00203833,0.002071768,0.002100885,0.002123222,0.002139717,0.002154917,0.002163991,0.0021727979999999997,0.002178967,0.0021851509999999998,0.0021894429999999997,0.002193749,0.0021954030000000003,0.002200603,0.002200603,0.0022017210000000002,0.0021995749999999996,0.0022037330000000003,0.002204567,0.002204418,0.0022062210000000004,0.00220421,0.0022065039999999998,0.0022060870000000002,0.0022040750000000002,0.002203241,0.002205461,0.00220345,0.002205327,0.002203941,0.002204627,0.0022060870000000002,0.002207056,0.0022100360000000003,0.0022085159999999998,0.002208307,0.002207339,0.002210662,0.002206787,0.002210185,0.002208799,0.002212465,0.002212048,0.002211496,0.002210319,0.002208024,0.002210319,0.002210319,0.002210185,0.0022113619999999997,0.002211213,0.002211779,0.002213508,0.002209827,0.002209276,0.0022084410000000002,0.002210394,0.002211779,0.0022100360000000003,0.002210811,0.002212673,0.0022107359999999996,0.0022128820000000002,0.002210185,0.0022121970000000004,0.002208591,0.0022100360000000003,0.00221163,0.002211213,0.002209142,0.002212048],"unit":"A"},"resistance":{"value":[-155.856675,-150.046219,-152.502553,-158.426818,-166.035851,-175.447875,-186.804475,-200.31429,-216.293493,-236.074096,-260.044123,-290.208957,-328.61684,-379.166193,-448.491771,-547.411439,-701.238868,-967.809079,-1527.5,-3431.716,18730.922,2692.282,1498.306,1075.145,862.78404,734.436307,652.162393,595.091564,553.312689,522.098627,497.839924,477.347993,461.44569,446.962635,434.238071,422.948925,412.084694,402.485226,393.038364,384.130864,375.251788,366.756423,358.285559,350.2799,341.722319,333.994908,326.107516,318.689745,310.375225,302.551039,294.866212,286.915121,279.468368,271.477241,263.809899,256.342904,248.728109,240.772942,233.271108,225.369109,217.79392,210.007381,202.16881,194.383369,186.426921,178.850639,171.173883,163.549591,155.603519,148.179047,140.262319,132.644242,124.7428,117.087627,109.433074,101.785616,94.198491,86.411995,78.723944,71.029739,63.298877,55.626179,47.925298,40.204112,32.579478,24.894632,17.208804,9.500206,1.808502,-5.882195,-13.568052,-21.237147,-28.94419,-36.59958,-44.336536,-51.982594,-59.759702,-67.410948,-75.052634,-82.756698,-90.523956,-90.40817],"unit":"ohms"},"conductance":{"value":[-0.006416151,-0.006664613,-0.006557267,-0.006312063,-0.006022796,-0.005699699,-0.005353191,-0.004992155,-0.004623348,-0.004235958,-0.003845501,-0.003445793,-0.003043058,-0.002637366,-0.002229695,-0.00182678,-0.001426048,-0.001033262,-0.000654664513,-0.000291399402,5.3387655e-5,0.000371432108,0.00066742052,0.000930106752,0.001159039,0.001361588,0.00153336,0.001680414,0.001807296,0.001915347,0.002008678,0.002094908,0.002167102,0.002237323,0.002302884,0.002364352,0.002426686,0.002484563,0.002544281,0.002603279,0.002664877,0.002726605,0.00279107,0.00285486,0.002926353,0.002994058,0.003066473,0.003137848,0.003221907,0.003305227,0.003391369,0.003485351,0.003578222,0.00368355,0.003790608,0.003901025,0.004020454,0.004153291,0.004286858,0.004437165,0.004591496,0.004761737,0.004946361,0.005144473,0.005364032,0.005591258,0.005842013,0.006114353,0.00642659,0.006748592,0.007129499,0.007538963,0.008016495,0.008540612,0.009138005,0.009824571,0.010615881,0.011572467,0.012702616,0.01407861,0.015798068,0.017977147,0.020865807,0.024873078,0.030694169,0.040169302,0.058109791,0.10526088,0.552943718,-0.170004562,-0.073702549,-0.047087304,-0.034549248,-0.027322718,-0.022554762,-0.019237208,-0.016733684,-0.014834386,-0.013323983,-0.012083614,-0.0110468,-0.011060947],"unit":"S"},"power":{"value":[-14.435941,-14.657119,-14.092922,-13.252741,-12.35036,-11.412167,-10.462144,-9.520693,-8.60176,-7.685634,-6.802172,-5.940425,-5.111202,-4.314234,-3.551111,-2.831613,-2.150342,-1.515301,-0.93331517,-0.403690942,0.071837376,0.48526187,0.84622821,1.143887,1.382089,1.573526,1.716439,1.820994,1.895104,1.94227,1.968614,1.98328,1.980628,1.972767,1.957576,1.936425,1.913583,1.884781,1.855554,1.823814,1.791784,1.758105,1.724262,1.688277,1.654844,1.617422,1.580831,1.541863,1.507318,1.470433,1.43289,1.396534,1.357808,1.321731,1.283915,1.245301,1.207394,1.171134,1.132576,1.096075,1.057903,1.020716,0.983919279,0.946859822,0.910557326,0.872351668,0.834750242,0.79686997,0.760438356,0.721618761,0.685169849,0.647143875,0.610616073,0.572927845,0.535206043,0.497274672,0.459252605,0.422166687,0.384606635,0.346974411,0.309539261,0.271982169,0.234449021,0.196984757,0.159096561,0.121508218,0.083931017,0.046416481,0.008847135,-0.028730163,-0.066316354,-0.103975452,-0.141460527,-0.17922254,-0.216580317,-0.254393135,-0.291500179,-0.329252516,-0.36710561,-0.40463585,-0.441784759,-0.442381142],"unit":"mW"},"J":{"value":[-0.100775851,-0.10349238699999999,-0.100660387,-0.09577124499999999,-0.09030993100000001,-0.084451356,-0.078363412,-0.072189651,-0.06603414499999999,-0.059746479,-0.053554617,-0.047375082,-0.041296501,-0.035321057,-0.029464667,-0.023815332,-0.018336542,-0.013102411999999999,-0.008185028,-0.003591414,0.0006484735700000001,0.004445539,0.007869373,0.010800767000000001,0.013252983999999999,0.015326976,0.016987635999999997,0.018317194000000002,0.019378843,0.020196456999999998,0.020822461,0.021343768,0.021693906,0.021998795,0.022232689,0.022405417,0.022564571000000002,0.022659595,0.022751811,0.022816408,0.022881162,0.0229261,0.022971193,0.022988513000000002,0.023042967999999997,0.023042967999999997,0.023054671,0.023032202,0.023075735,0.023084472999999998,0.023082913,0.023101793000000002,0.023080728000000002,0.023104758,0.023100389,0.023079324,0.023070585999999997,0.023093835,0.023072771,0.023092431,0.02307792,0.023085097000000002,0.023100389,0.023110531,0.023141737,0.023125822,0.023123638,0.023113495,0.023148291,0.023107722,0.023143298000000003,0.023128786999999998,0.023167171,0.023162802,0.023157029000000003,0.023144702,0.023120673,0.023144702,0.023144702,0.023143298000000003,0.023155624,0.023154064000000002,0.023159993,0.023178093,0.023139553,0.023133780000000003,0.023125042000000002,0.023145482000000002,0.023159993,0.023141737,0.023149851000000003,0.023169355,0.023149071,0.02317154,0.023143298000000003,0.023164362,0.023126602,0.023141737,0.023158433,0.023154064000000002,0.023132375,0.023162802],"unit":"A\/cm2"},"power_density":{"value":[-151.161686,-153.477685,-147.569863,-138.772158,-129.323146,-119.499128,-109.551247,-99.693119,-90.070784,-80.477845,-71.226935,-62.203402,-53.520442,-45.175229,-37.184412,-29.650398,-22.516673,-15.867026,-9.772934,-4.22713,0.752223831,5.081276,8.861028,11.977875,14.472141,16.476708,17.973183,19.067996,19.844022,20.337908,20.61376,20.76733,20.739557,20.657244,20.498177,20.276704,20.037522,19.73593,19.429886,19.097527,18.762137,18.409477,18.055095,17.678294,17.328205,16.93636,16.553203,16.145161,15.783435,15.397207,15.004088,14.623394,14.217887,13.840113,13.44414,13.039797,12.642865,12.263182,11.85943,11.477229,11.077518,10.688121,10.30282,9.914763,9.534632,9.134572,8.74084,8.344188,7.962705,7.556217,7.174553,6.776376,6.393886,5.999244,5.604252,5.207065,4.808928,4.420594,4.027295,3.63324,3.241249,2.847981,2.454964,2.062668,1.665933,1.272337,0.878858815,0.486036452,0.092640161,-0.300839402,-0.694412081,-1.088748,-1.481262,-1.876676,-2.267857,-2.663802,-3.052358,-3.44767,-3.844038,-4.237025,-4.626018,-4.632263],"unit":"mW\/cm2"},"timestamps":{"value":[0.018,0.042,0.069,0.092,0.116,0.137,0.16,0.182,0.207,0.229,0.253,0.277,0.3,0.323,0.346,0.37,0.39,0.412,0.434,0.458,0.479,0.503,0.54,0.562,0.586,0.607,0.639,0.676,0.698,0.72,0.744,0.768,0.792,0.813,0.834,0.856,0.877,0.899,0.923,0.946,0.968,0.99,1.012,1.036,1.06,1.082,1.104,1.128,1.154,1.177,1.2,1.222,1.245,1.268,1.29,1.316,1.338,1.361,1.376,1.398,1.438,1.464,1.489,1.512,1.535,1.557,1.581,1.604,1.624,1.647,1.671,1.694,1.719,1.742,1.765,1.786,1.811,1.839,1.862,1.885,1.908,1.93,1.953,1.974,1.998,2.02,2.044,2.072,2.093,2.121,2.147,2.173,2.196,2.219,2.241,2.264,2.29,2.312,2.348,2.371,2.394,2.42],"unit":"s"},"p_max":{"unit":"mW","value":1.98328},"v_p_max":{"unit":"V","value":0.972992659},"i_p_max":{"unit":"mA","value":2.03833},"j_p_max":{"unit":"mA\/cm2","value":21.343768},"voc":{"unit":"V","value":1.162594},"isc":{"unit":"mA","value":2.211369},"jsc":{"unit":"mA\/cm2","value":23.155698},"fill_factor":{"unit":"%","value":77.142649},"efficiency":{"unit":"%","value":20.76733},"r_s":{"unit":"ohms","value":36.760379},"r_sh":{"unit":"ohms","value":6753.273},"cell_dimension":{"value":0.0955000022773313,"unit":"cm2"},"sweep_direction":{"unit":"","value":"Reverse"},"key":"reverse8_1cell_231114"},{"V":{"value":[-0.199977636,-0.182988644,-0.165988684,-0.148982048,-0.131983519,-0.114997149,-0.097997189,-0.080981016,-0.063992023,-0.046992064,-0.029996395,-0.012996048,0.003999591,0.020996392,0.038003445,0.055006027,0.071993589,0.088990688,0.106000185,0.122999907,0.139991522,0.156992912,0.174002171,0.190999508,0.207992554,0.224977255,0.242009401,0.25898838,0.275991917,0.292984486,0.310009718,0.326996803,0.343989372,0.361011982,0.378005981,0.394993067,0.412015676,0.429012299,0.446002007,0.462986469,0.480007648,0.497011185,0.513994217,0.531015396,0.548012018,0.564999104,0.581987619,0.599027872,0.616009712,0.63298583,0.650009871,0.666998148,0.683986664,0.700980663,0.717997789,0.734992981,0.751992464,0.76900816,0.785995245,0.802993298,0.819981813,0.837008476,0.853992939,0.870986938,0.88801074,0.904992342,0.921984911,0.939013004,0.95598793,0.972991467,0.989981174,1.007006,1.024006,1.040986,1.058017,1.075018,1.091998,1.108981,1.126017,1.143004,1.159993,1.176999,1.193998,1.210991,1.227981,1.244999,1.262,1.27899,1.296002,1.312987,1.329988,1.346986,1.364001,1.38099,1.39799,1.415012,1.43199,1.448999,1.46602,1.482989,1.499987,1.499987],"unit":"V"},"I":{"value":[0.001960948,0.002200335,0.002204627,0.0022043590000000004,0.002200812,0.002203599,0.0022027640000000003,0.002201021,0.0022002009999999997,0.002200052,0.002202898,0.0022017210000000002,0.002201796,0.002203107,0.002203807,0.002200469,0.002202824,0.002203241,0.002199784,0.002200335,0.002200887,0.0022012290000000003,0.002201438,0.002199993,0.002201512,0.002199993,0.0021988750000000003,0.002196103,0.002197772,0.002196997,0.002199292,0.0021998440000000003,0.0022011699999999997,0.002199084,0.0021993670000000002,0.002197072,0.0021983980000000003,0.002194986,0.0021955520000000004,0.002196729,0.002199218,0.002196029,0.002200127,0.002197072,0.002198115,0.002196237,0.002197981,0.002197489,0.002196029,0.00219582,0.002197146,0.002194375,0.002195135,0.002195269,0.002194226,0.002190277,0.00219138,0.002190977,0.002189934,0.0021850019999999997,0.002185285,0.0021850019999999997,0.002183273,0.002180219,0.0021759870000000003,0.00217253,0.002164751,0.0021569880000000003,0.002148107,0.002132714,0.0021141320000000003,0.002089515,0.0020499230000000004,0.002001092,0.0019230100000000002,0.00181441,0.001660049,0.001453459,0.001183704,0.000850483775,0.000455826521,8.493661879999999e-7,-0.000506088138,-0.001055032,-0.001647875,-0.0022731129999999998,-0.0029286439999999998,-0.0036070639999999997,-0.00431177,-0.00502938,-0.005772844,-0.0065287949999999996,-0.0072940290000000005,-0.008075505,-0.008864744999999999,-0.009666115,-0.010480732,-0.011298195,-0.012132227,-0.012968555,-0.013811469,-0.013837605999999999],"unit":"A"},"resistance":{"value":[-101.980076,-83.163983,-75.291058,-67.585215,-59.970371,-52.186069,-44.48828,-36.792482,-29.084624,-21.359523,-13.616786,-5.902677,1.816513,9.530356,17.24445,24.997406,32.68241,40.39081,48.186635,55.90053,63.606876,71.320562,79.040234,86.818253,94.477119,102.262735,110.060557,117.930872,125.578032,133.356774,140.95886,148.645483,156.275715,164.16474,171.870377,179.781583,187.416316,195.451063,203.138895,210.761742,218.262909,226.322705,233.620286,241.692315,249.309986,257.25775,264.78284,272.596511,280.510758,288.268514,295.842765,303.95817,311.592107,319.314264,327.221471,335.570792,343.159369,350.988642,358.912713,367.502322,375.228759,383.069896,391.152535,399.495216,408.095653,416.561552,425.908008,435.335337,445.037452,456.222241,468.268373,481.933008,499.533845,520.209158,550.188065,592.488818,657.810779,762.9943,951.266337,1343.946,2544.812,1385738,-2359.27,-1147.824,-745.190664,-547.706895,-430.916118,-354.579197,-300.572993,-261.06344,-230.386966,-206.314657,-187.002349,-171.009761,-157.702187,-146.388943,-136.630719,-128.250485,-120.836847,-114.352702,-108.604476,-108.399343],"unit":"ohms"},"conductance":{"value":[-0.009805837,-0.012024436,-0.01328179,-0.014796136,-0.016674901,-0.019162202,-0.02247783,-0.027179465,-0.034382428,-0.046817526,-0.073438767,-0.169414665,0.550505201,0.10492788,0.057989671,0.04000415,0.030597499,0.024758107,0.020752642,0.017888918,0.015721571,0.014021202,0.012651784,0.011518315,0.010584573,0.009778733,0.009085907,0.008479544,0.007963176,0.007498682,0.007094269,0.006727416,0.006398947,0.006091442,0.005818338,0.005562305,0.005335715,0.00511637,0.00492274,0.004744694,0.00458163,0.00441847,0.00428045,0.004137492,0.004011071,0.003887152,0.00377668,0.003668426,0.003564926,0.003468988,0.003380174,0.003289926,0.003209324,0.003131711,0.003056034,0.002979997,0.002914098,0.002849095,0.002786193,0.002721071,0.002665041,0.00261049,0.002556547,0.002503159,0.002450406,0.002400606,0.002347925,0.00229708,0.002247002,0.002191914,0.002135528,0.002074977,0.002001866,0.001922304,0.00181756,0.001687796,0.001520194,0.001310626,0.00105123,0.000744077418,0.000392956291,7.2163708e-7,-0.000423860002,-0.000871213822,-0.001341938,-0.001825794,-0.002320637,-0.002820244,-0.003326979,-0.003830487,-0.004340523,-0.004846965,-0.005347526,-0.005847619,-0.006341066,-0.006831117,-0.007318998,-0.007797241,-0.008275621,-0.008744874,-0.009207724,-0.009225148],"unit":"S"},"power":{"value":[-0.392145768,-0.402636366,-0.3659431,-0.328409856,-0.290470925,-0.253407558,-0.215864694,-0.178240894,-0.140795324,-0.10338499,-0.066079007,-0.028613672,0.008806281,0.046257295,0.083752266,0.121039078,0.158589189,0.196067932,0.233177503,0.270641032,0.308105466,0.345577404,0.383054982,0.420197492,0.457898198,0.494948282,0.53214841,0.568765246,0.60656738,0.643686154,0.681801949,0.719341801,0.757178993,0.793895517,0.831373764,0.867828172,0.905774486,0.941675881,0.979220594,1.017056,1.055641,1.091451,1.130852,1.166679,1.204593,1.240872,1.279198,1.316357,1.352775,1.389923,1.428167,1.463644,1.501443,1.538841,1.575449,1.609838,1.647901,1.684879,1.721278,1.754542,1.791894,1.828865,1.8645,1.898942,1.9323,1.966123,1.995868,2.02544,2.053564,2.075112,2.092951,2.104155,2.099133,2.083109,2.034577,1.950523,1.81277,1.611859,1.332871,0.972106712,0.528755543,0.000999703232,-0.604268395,-1.277634,-2.023559,-2.830024,-3.69595,-4.6134,-5.588061,-6.603513,-7.677813,-8.794196,-9.94906,-11.152194,-12.392823,-13.677672,-15.008302,-16.371072,-17.786089,-19.232229,-20.717029,-20.756234],"unit":"mW"},"J":{"value":[0.020533488,0.02304016,0.023085097000000002,0.023082289,0.023045153,0.023074331,0.023065593,0.023047336999999998,0.023038756,0.023037195,0.023066998000000002,0.023054671,0.023055451,0.023069182,0.023076516000000002,0.023041564,0.023066217000000003,0.023070585999999997,0.023034387,0.02304016,0.023045933,0.023049522,0.023051705999999998,0.023036571,0.023052485999999997,0.023036571,0.023024869,0.022995846,0.023013322,0.023005208,0.023029238,0.023035011,0.023048898,0.023027053,0.023030018,0.023005989,0.023019876,0.022984144,0.022990073,0.023002400000000003,0.023028457,0.022995066,0.023037975,0.023005989,0.023016911,0.022997251,0.023015507,0.023010358,0.022995066,0.022992882000000003,0.023006769,0.022977747,0.022985704,0.022987109,0.022976186,0.022934837000000003,0.022946383999999997,0.022942170999999997,0.022931249,0.022879602,0.022882566,0.022879602,0.022861502000000002,0.022829515,0.022785202,0.022749002,0.022667553,0.02258626,0.022493264,0.022332082,0.022137508,0.021879742,0.021465162,0.020953841,0.020136228,0.018999059,0.017382712,0.015219469,0.012394800999999999,0.008905589,0.004773053,8.893886999999999e-6,-0.005299352,-0.011047456,-0.017255233000000002,-0.023802226000000003,-0.030666434,-0.037770308999999995,-0.045149426,-0.052663668000000004,-0.060448628,-0.06836434300000001,-0.076377267,-0.084560267,-0.09282456,-0.101215864,-0.10974588199999999,-0.118305702,-0.127039031,-0.13579638800000002,-0.144622713,-0.144896395],"unit":"A\/cm2"},"power_density":{"value":[-4.106238,-4.216088,-3.831865,-3.438847,-3.04158,-2.653482,-2.260363,-1.866397,-1.474297,-1.082565,-0.691926772,-0.299619604,0.092212372,0.484369583,0.876987082,1.267425,1.66062,2.053067,2.441649,2.833938,3.226235,3.618612,4.011047,4.399974,4.794746,5.182705,5.572235,5.955657,6.351491,6.740169,7.139287,7.532375,7.928576,8.313042,8.705484,9.087206,9.48455,9.86048,10.253619,10.6498,11.053836,11.428805,11.841386,12.216534,12.613544,12.993426,13.39474,13.783845,14.165184,14.554168,14.954627,15.326114,15.721915,16.113519,16.496851,16.856945,17.255508,17.642717,18.023852,18.372167,18.763288,19.150421,19.523561,19.88421,20.233504,20.587673,20.899142,21.208791,21.503289,21.728925,21.915717,22.03304,21.980452,21.812662,21.304472,20.424324,18.981888,16.878104,13.956761,10.179128,5.536707,0.010468097,-6.327418,-13.378368,-21.189095,-29.633757,-38.701042,-48.307848,-58.513732,-69.146729,-80.39595,-92.085817,-104.178635,-116.776906,-129.767784,-143.221699,-157.154995,-171.424835,-186.241773,-201.384593,-216.932242,-217.342761],"unit":"mW\/cm2"},"timestamps":{"value":[0.019,0.044,0.067,0.092,0.113,0.136,0.159,0.184,0.207,0.229,0.252,0.277,0.3,0.321,0.359,0.394,0.416,0.439,0.464,0.487,0.519,0.543,0.564,0.587,0.607,0.637,0.659,0.681,0.703,0.725,0.748,0.771,0.793,0.815,0.837,0.859,0.881,0.906,0.928,0.953,0.975,0.997,1.023,1.045,1.076,1.098,1.12,1.142,1.165,1.188,1.208,1.229,1.266,1.29,1.324,1.345,1.366,1.39,1.413,1.446,1.468,1.493,1.516,1.538,1.564,1.586,1.609,1.63,1.653,1.674,1.698,1.739,1.762,1.786,1.808,1.831,1.854,1.875,1.897,1.92,1.944,1.966,1.988,2.014,2.041,2.064,2.093,2.116,2.139,2.161,2.198,2.222,2.248,2.269,2.293,2.316,2.339,2.363,2.386,2.407,2.431,2.453],"unit":"s"},"p_max":{"unit":"mW","value":2.104155},"v_p_max":{"unit":"V","value":1.007006},"i_p_max":{"unit":"mA","value":2.089515},"j_p_max":{"unit":"mA\/cm2","value":21.879742},"voc":{"unit":"V","value":1.177028},"isc":{"unit":"mA","value":2.201778},"jsc":{"unit":"mA\/cm2","value":23.055267},"fill_factor":{"unit":"%","value":81.192819},"efficiency":{"unit":"%","value":22.03304},"r_s":{"unit":"ohms","value":27.668377},"r_sh":{"unit":"ohms","value":1737.84},"cell_dimension":{"value":0.0954999949351031,"unit":"cm2"},"sweep_direction":{"unit":"","value":"Forward"},"key":"forward8_4cell_231114"},{"V":{"value":[-0.199980259,-0.182987213,-0.165990114,-0.148986101,-0.131984711,-0.114995718,-0.097989082,-0.080993414,-0.063989401,-0.046994925,-0.029994965,-0.012998015,0.004002273,0.020999759,0.037999392,0.055007219,0.072000265,0.088971615,0.105995893,0.123001337,0.139991522,0.156995535,0.173999548,0.191002131,0.207995176,0.224981308,0.242012262,0.258999348,0.275991917,0.292984486,0.310009718,0.326995373,0.34398675,0.361011982,0.378005981,0.394993067,0.412011623,0.429012299,0.446002007,0.462985039,0.480007648,0.497011185,0.513994217,0.531016827,0.548014879,0.564997911,0.58198905,0.599019766,0.616006851,0.632998228,0.650011063,0.666991472,0.683989525,0.700984716,0.717992306,0.734991789,0.751992464,0.769006968,0.785992622,0.802986622,0.819981813,0.837007046,0.853991508,0.870990992,0.888012171,0.90499115,0.921989203,0.939013004,0.956002951,0.972991467,0.989978552,1.007006,1.024006,1.040983,1.05802,1.075015,1.091995,1.108982,1.126017,1.143004,1.159993,1.177003,1.194001,1.210994,1.227979,1.245003,1.262002,1.27899,1.296004,1.313002,1.329988,1.34699,1.364006,1.380989,1.397995,1.415012,1.431997,1.448999,1.466017,1.482989,1.499987,1.499987],"unit":"V"},"I":{"value":[0.000931337476,0.0009286999700000001,0.0009188652040000001,0.0009085983039999999,0.0008972287180000001,0.0008857846259999999,0.000874206424,0.0008629709479999999,0.0008509606119999999,0.00083938241,0.000828012824,0.0008161515,0.0008044987919999999,0.000792860985,0.0007812082769999999,0.000769630074,0.000757977366,0.000746324658,0.00073467195,0.0007232278589999999,0.000711515546,0.0006996542220000001,0.000688135624,0.000676557422,0.000664770603,0.0006531178949999999,0.000641539693,0.000629812479,0.000618100166,0.000606521964,0.0005947947500000001,0.000583082438,0.0005715042350000001,0.000559777021,0.000547915697,0.000536262989,0.000524684787,0.0005128979679999999,0.000501185656,0.000489532948,0.000477880239,0.000466018915,0.00045436620700000003,0.000442445278,0.00043050944800000003,0.000419005752,0.000407069921,0.00039549171900000004,0.000383704901,0.000371843576,0.000359982252,0.00034832954399999997,0.00033640861500000004,0.00032454729100000004,0.000313103199,0.00030104816,0.00028932094600000004,0.000277608633,0.00026546418700000004,0.000253811479,0.00024202466,0.000229895115,0.000218242407,0.000206381083,0.000194519758,0.000182807446,0.000170737505,0.000158950686,0.000147223473,0.000135228038,0.000123366714,0.00011144578500000001,9.9718571e-5,8.7723136e-5,7.5936317e-5,6.4149499e-5,5.222857e-5,4.0233135e-5,2.8505921e-5,1.6435980999999998e-5,4.574656e-6,-7.137656e-6,-1.9192696e-5,-3.0919909e-5,-4.2706728e-5,-5.5044889e-5,-6.663799300000001e-5,-7.848441600000001e-5,-9.0628862e-5,-0.00010234117500000001,-0.000114411116,-0.00012619793400000002,-0.000138193369,-0.000149920583,-0.000161990523,-0.000173702836,-0.000185489655,-0.000197693706,-0.000209480524,-0.000221341848,-0.000233203173,-0.000233277678],"unit":"A"},"resistance":{"value":[-214.723732,-197.035877,-180.64686,-163.973563,-147.102637,-129.823565,-112.089181,-93.854161,-75.196666,-55.987502,-36.225242,-15.925983,4.974865,26.486055,48.641819,71.472284,94.989994,119.213018,144.276494,170.072731,196.751178,224.390177,252.856475,282.314737,312.882632,344.472736,377.236615,411.23248,446.51649,483.056679,521.20453,560.804702,601.897114,644.921046,689.898069,736.565966,785.255517,836.447647,889.893798,945.768903,1004.452,1066.504,1131.233,1200.186,1272.945,1348.425,1429.703,1514.62,1605.418,1702.324,1805.675,1914.829,2033.21,2159.885,2293.149,2441.443,2599.164,2770.112,2960.824,3163.713,3388.009,3640.821,3913.041,4220.304,4565.152,4950.516,5400.039,5907.574,6493.55,7195.19,8024.681,9035.841,10268.959,11866.692,13932.986,16757.965,20908.006,27563.905,39501.173,69542.818,253569.407,-164900.509,-62211.23,-39165.502,-28753.77,-22617.966,-18938.168,-16296.102,-14300.128,-12829.659,-11624.64,-10673.63,-9870.271,-9211.471,-8630.105,-8146.167,-7720.09,-7329.515,-6998.346,-6699.995,-6432.105,-6430.051],"unit":"ohms"},"conductance":{"value":[-0.004657147,-0.005075218,-0.005535662,-0.006098544,-0.006797975,-0.007702762,-0.008921468,-0.010654829,-0.013298462,-0.017861129,-0.027605061,-0.062790474,0.20101047,0.037755717,0.020558442,0.013991438,0.010527425,0.008388346,0.006931136,0.005879837,0.005082562,0.004456523,0.003954813,0.003542146,0.003196087,0.002902987,0.002650856,0.002431715,0.002239559,0.00207015,0.001918633,0.001783152,0.001661414,0.001550577,0.001449489,0.001357652,0.001273471,0.001195532,0.00112373,0.001057341,0.000995567969,0.000937642712,0.000883990894,0.000833203876,0.000785579853,0.000741605842,0.000699446015,0.000660231501,0.000622890638,0.000587432255,0.000553809424,0.000522239876,0.000491832993,0.000462987685,0.000436081552,0.000409593909,0.000384739156,0.000360996252,0.000337743866,0.000316084318,0.000295158571,0.000274663297,0.000255555711,0.000236949733,0.00021905078,0.000201999153,0.000185183844,0.000169274212,0.000153998973,0.000138981731,0.000124615542,0.000110670383,9.7380857e-5,8.4269483e-5,7.1772125e-5,5.9673116e-5,4.7828569e-5,3.627933e-5,2.5315704e-5,1.437963e-5,3.943693e-6,-6.064263e-6,-1.6074268e-5,-2.5532674e-5,-3.4778049e-5,-4.421264e-5,-5.2803418e-5,-6.1364369e-5,-6.9929446e-5,-7.7944396e-5,-8.6024171e-5,-9.3688835e-5,-0.000101314338,-0.000108560296,-0.000115873445,-0.000122757116,-0.000129532169,-0.00013643468,-0.0001428909,-0.000149253839,-0.000155470091,-0.000155519762],"unit":"S"},"power":{"value":[-0.18624911,-0.169940219,-0.15252254,-0.135368519,-0.118420473,-0.101861439,-0.085662685,-0.069894963,-0.05445246,-0.039446713,-0.024836215,-0.010608349,0.003219824,0.01664989,0.029685439,0.04233521,0.054574571,0.06640171,0.07787221,0.088957994,0.099606144,0.109842589,0.119735287,0.129223909,0.138269079,0.146939318,0.155260472,0.163121021,0.17059065,0.177701526,0.184392153,0.190665259,0.196589884,0.202086212,0.207115411,0.211820163,0.216176231,0.220039536,0.223529808,0.226646431,0.22938617,0.231616613,0.233541603,0.234945888,0.235925583,0.236737375,0.236910237,0.236907357,0.236364848,0.235376325,0.233992446,0.232332835,0.230099969,0.227502691,0.224805688,0.221267925,0.217567171,0.213482973,0.208652892,0.203807222,0.19845582,0.192423831,0.186377162,0.179756064,0.172735913,0.16543912,0.157418136,0.149256762,0.140746074,0.131575727,0.1221304,0.112226619,0.102112404,0.091318332,0.080342115,0.068961678,0.05703335,0.044617836,0.032098162,0.018786399,0.005306569,-0.008401044,-0.022916102,-0.037443818,-0.052442983,-0.068531078,-0.084097248,-0.100380786,-0.117455395,-0.134374203,-0.152165411,-0.169987369,-0.18849659,-0.207038687,-0.226461979,-0.24579166,-0.265620596,-0.286457967,-0.307102061,-0.328247595,-0.349801812,-0.34991357],"unit":"mW"},"J":{"value":[0.009752225,0.009724607000000001,0.009621625,0.009514118,0.009395065000000001,0.009275232000000001,0.009153994,0.009036345000000001,0.008910582,0.008789345,0.008670291,0.008546089,0.008424071,0.008302209,0.008180191,0.008058954,0.007936936,0.007814917999999999,0.0076929,0.007573067,0.007450425,0.007326221999999999,0.007205609,0.007084371,0.006960949,0.0068389309999999995,0.006717692999999999,0.006594895,0.006472253,0.006351015000000001,0.006228217,0.006105575,0.0059843380000000005,0.005861539,0.005737337,0.0056153190000000006,0.005494082,0.005370659,0.005248017,0.005125999,0.005003982,0.004879779,0.004757761,0.0046329349999999995,0.004507952000000001,0.004387495,0.004262512,0.004141275000000001,0.004017852000000001,0.0038936500000000002,0.0037694480000000003,0.00364743,0.003522603,0.0033984009999999997,0.003278568,0.0031523370000000003,0.0030295390000000004,0.002906897,0.00277973,0.002657712,0.00253429,0.002407279,0.0022852610000000002,0.002161058,0.002036856,0.001914214,0.001787827,0.0016644049999999999,0.001541607,0.001416,0.001291798,0.0011669719999999998,0.001044174,0.000918566869,0.000795144685,0.0006717225020000001,0.000546896021,0.000421289374,0.00029849132299999997,0.00017210451099999998,4.7902162e-5,-7.4739856e-5,-0.000200970635,-0.000323768686,-0.000447190869,-0.000576386277,-0.00069778003,-0.000821826346,-0.0009489933230000001,-0.0010716349999999998,-0.001198022,-0.001321444,-0.001447051,-0.0015698490000000001,-0.001696236,-0.001818878,-0.0019422999999999999,-0.002070091,-0.002193513,-0.002317716,-0.002441918,-0.002442698],"unit":"A\/cm2"},"power_density":{"value":[-1.950252,-1.779479,-1.597095,-1.417471,-1.240005,-1.066612,-0.896991468,-0.731884432,-0.570182824,-0.413054587,-0.260065082,-0.11108219,0.033715433,0.174344397,0.310842295,0.443300631,0.57146148,0.695305864,0.815415809,0.931497315,1.042996,1.150184,1.253773,1.35313,1.447844,1.538632,1.625764,1.708074,1.78629,1.860749,1.930808,1.996495,2.058533,2.116086,2.168748,2.218012,2.263625,2.304079,2.340626,2.373261,2.401949,2.425305,2.445462,2.460166,2.470425,2.478925,2.480735,2.480705,2.475025,2.464674,2.450183,2.432805,2.409424,2.382227,2.353986,2.316942,2.27819,2.235424,2.184847,2.134107,2.078071,2.014909,1.951593,1.882262,1.808753,1.732347,1.648357,1.562898,1.473781,1.377756,1.278852,1.175148,1.06924,0.956212897,0.841278692,0.722111811,0.597207851,0.467202469,0.336106403,0.196716216,0.05556617,-0.087969045,-0.239959179,-0.39208186,-0.549141185,-0.71760291,-0.880599455,-1.051108,-1.229899,-1.40706,-1.593355,-1.779972,-1.973786,-2.167944,-2.37133,-2.573735,-2.781367,-2.99956,-3.215728,-3.437148,-3.662846,-3.664016],"unit":"mW\/cm2"},"timestamps":{"value":[0.018,0.044,0.068,0.094,0.12,0.144,0.168,0.191,0.214,0.238,0.261,0.288,0.31,0.334,0.358,0.38,0.404,0.426,0.447,0.472,0.494,0.516,0.54,0.563,0.584,0.607,0.629,0.653,0.675,0.697,0.735,0.758,0.78,0.802,0.826,0.849,0.871,0.893,0.915,0.937,0.961,0.983,1.004,1.027,1.051,1.072,1.096,1.117,1.138,1.163,1.185,1.208,1.23,1.251,1.274,1.297,1.32,1.342,1.368,1.391,1.413,1.436,1.457,1.483,1.506,1.527,1.552,1.574,1.611,1.632,1.654,1.676,1.698,1.721,1.747,1.771,1.794,1.818,1.84,1.866,1.887,1.91,1.935,1.956,1.979,1.999,2.028,2.052,2.073,2.096,2.12,2.148,2.169,2.191,2.216,2.238,2.261,2.282,2.308,2.333,2.356,2.377],"unit":"s"},"p_max":{"unit":"mW","value":0.236910237},"v_p_max":{"unit":"V","value":0.58198905},"i_p_max":{"unit":"mA","value":0.407069921},"j_p_max":{"unit":"mA\/cm2","value":4.262512},"voc":{"unit":"V","value":1.166637},"isc":{"unit":"mA","value":0.807242117},"jsc":{"unit":"mA\/cm2","value":8.452797},"fill_factor":{"unit":"%","value":25.156158},"efficiency":{"unit":"%","value":2.480735},"r_s":{"unit":"ohms","value":1432.652},"r_sh":{"unit":"ohms","value":1463.919},"cell_dimension":{"value":0.09549999882078193,"unit":"cm2"},"sweep_direction":{"unit":"","value":"Forward"},"key":"forward8_3cell_231114"},{"V":{"value":[-0.199977636,-0.182984591,-0.165992737,-0.148980618,-0.131984711,-0.114993095,-0.097994566,-0.0809865,-0.063990593,-0.046996355,-0.029994965,-0.012998462,0.004002124,0.021000326,0.038000584,0.055004597,0.071993589,0.088988066,0.106002808,0.122997284,0.139992952,0.156995535,0.174000978,0.191002131,0.207988262,0.224984169,0.242010832,0.25900197,0.275994539,0.292981625,0.310008287,0.327000856,0.343972921,0.361021519,0.378004551,0.394991636,0.412015676,0.429014921,0.446003437,0.462986469,0.480006456,0.497008562,0.513992786,0.531012774,0.548013449,0.564999104,0.58198905,0.599017143,0.616005659,0.632996798,0.650011063,0.666992903,0.683985472,0.700986147,0.717995167,0.734991789,0.751991034,0.76900959,0.785992622,0.802990675,0.819981813,0.837004423,0.85399437,0.870988131,0.888004065,0.904996634,0.921987772,0.939011574,0.956007004,0.972991467,0.989978552,1.007005,1.024,1.040986,1.058025,1.075012,1.091993,1.10898,1.126016,1.142999,1.15999,1.17701,1.194,1.210992,1.227978,1.245001,1.262003,1.278989,1.296008,1.312998,1.329989,1.346989,1.364001,1.380993,1.397986,1.415026,1.431979,1.448993,1.466021,1.482983,1.499986,1.499987],"unit":"V"},"I":{"value":[0.002040416,0.0022058779999999997,0.002206162,0.002209902,0.0022076820000000003,0.002208725,0.00220421,0.002208725,0.00220713,0.00220865,0.002208799,0.002205744,0.002207056,0.002205253,0.0022062210000000004,0.002206638,0.002206013,0.0022068469999999996,0.002205744,0.0022074729999999997,0.002206638,0.002206162,0.00220491,0.002204627,0.002204701,0.002204984,0.0022058779999999997,0.00220567,0.00220491,0.002203181,0.002202973,0.002205536,0.002202347,0.0022058779999999997,0.0022041499999999998,0.002204627,0.002203867,0.002203867,0.002204701,0.002202824,0.002203599,0.002202824,0.002202481,0.0021997089999999998,0.0021997089999999998,0.002197623,0.002197623,0.0021967889999999998,0.0021988750000000003,0.0021979060000000003,0.002197146,0.0021939579999999998,0.002190977,0.002189934,0.0021878479999999996,0.002184942,0.002182439,0.0021793840000000004,0.002174601,0.002166763,0.002156571,0.002143681,0.002126202,0.002107888,0.002077594,0.002042502,0.001997769,0.00193882,0.001868919,0.0017845930000000001,0.001685977,0.0015748889999999999,0.001452282,0.001318306,0.001173645,0.001021847,0.000862270594,0.0006956309080000001,0.000522822142,0.00034508109100000003,0.000163033605,-2.2247434e-5,-0.00021226704099999998,-0.00040400028199999997,-0.0005988031630000001,-0.0007966458800000001,-0.000996991992,-0.001198649,-0.00140211,-0.0016075969999999999,-0.0018150809999999999,-0.00202325,-0.002234489,-0.002444327,-0.002657086,-0.002869636,-0.00308378,-0.003298953,-0.003514424,-0.003731474,-0.003947556,-0.003949225],"unit":"A"},"resistance":{"value":[-98.008267,-82.953159,-75.240515,-67.415039,-59.784307,-52.06312,-44.457917,-36.666635,-28.992668,-21.278316,-13.579761,-5.893005,1.813332,9.522866,17.224285,24.926873,32.635167,40.323621,48.057612,55.718592,63.441726,71.1623,78.915232,86.636945,94.338522,102.034357,109.711769,117.425537,125.172705,132.981164,140.722705,148.263683,156.184713,163.663375,171.496748,179.164853,186.951257,194.664629,202.296536,210.178625,217.828443,225.623389,233.369904,241.401328,249.129928,257.095525,264.82658,272.678533,280.145835,287.999892,295.843307,304.013584,312.182815,320.094608,328.17414,336.389555,344.564519,352.856361,361.442231,370.594612,380.224895,390.451939,401.652512,413.204089,427.419358,443.082337,461.508727,484.3212,511.529521,545.217615,587.183907,639.413525,705.097465,789.639516,901.4863,1052.028,1266.415,1594.207,2153.727,3312.262,7115.037,-52905.431,-5624.989,-2997.504,-2050.721,-1562.803,-1265.81,-1067.025,-924.327247,-816.745986,-732.743991,-665.7551,-610.430719,-564.978907,-526.134975,-493.102971,-464.358272,-439.228254,-417.144122,-397.425394,-379.978438,-379.818163],"unit":"ohms"},"conductance":{"value":[-0.010203221,-0.012054996,-0.013290712,-0.014833485,-0.016726798,-0.019207454,-0.022493182,-0.027272751,-0.034491479,-0.0469962,-0.073638998,-0.169692725,0.551471081,0.105010402,0.058057562,0.040117346,0.030641792,0.02479936,0.020808358,0.017947331,0.015762497,0.014052384,0.012671825,0.01154242,0.010600124,0.00980062,0.009114792,0.008516035,0.007988962,0.007519862,0.007106174,0.00674474,0.006402675,0.006110103,0.005831014,0.005581452,0.005348988,0.00513704,0.004943238,0.004757858,0.004590769,0.004432165,0.004285043,0.004142479,0.00401397,0.003889605,0.003776056,0.003667322,0.003569569,0.003472224,0.003380168,0.003289327,0.003203251,0.003124076,0.003047163,0.002972744,0.002902214,0.002834014,0.002766694,0.002698366,0.002630022,0.002561135,0.002489714,0.002420112,0.002339623,0.002256917,0.002166806,0.002064745,0.001954921,0.00183413,0.001703044,0.001563933,0.001418244,0.001266401,0.001109279,0.000950544675,0.000789630425,0.000627271091,0.000464311508,0.000301908498,0.000140547414,-1.8901651e-5,-0.000177778126,-0.000333610932,-0.00048763337,-0.0006398759,-0.000790007808,-0.000937185372,-0.001081868,-0.001224371,-0.001364733,-0.001502054,-0.001638188,-0.001769978,-0.001900653,-0.002027974,-0.00215351,-0.002276721,-0.002397253,-0.002516196,-0.002631728,-0.002632839],"unit":"S"},"power":{"value":[-0.408037569,-0.403641773,-0.366206805,-0.329232536,-0.291380209,-0.253988081,-0.21600056,-0.178876876,-0.14123557,-0.103798505,-0.066252852,-0.028671284,0.008832911,0.046311024,0.083837694,0.121375258,0.158818766,0.196383052,0.233815098,0.271513174,0.308913832,0.346357523,0.383656484,0.421088416,0.458551993,0.496086589,0.53384649,0.571272845,0.608543098,0.645491662,0.682939816,0.721212085,0.757547704,0.796369605,0.833178716,0.870809147,0.908027687,0.945491758,0.983304359,1.019878,1.057742,1.094822,1.132059,1.168074,1.20547,1.241655,1.278993,1.315914,1.354519,1.391268,1.428169,1.463354,1.498597,1.535114,1.570864,1.605915,1.641175,1.675967,1.70922,1.73989,1.768349,1.794271,1.815765,1.835946,1.844912,1.848458,1.841918,1.820574,1.786699,1.736394,1.669081,1.585921,1.487137,1.372338,1.241746,1.098498,0.941593122,0.771440557,0.588706045,0.394427319,0.189117363,-0.026185453,-0.253446798,-0.489241246,-0.735317247,-0.991824599,-1.258207,-1.533059,-1.817146,-2.110772,-2.414038,-2.725295,-3.047844,-3.375599,-3.714568,-4.060609,-4.415909,-4.780162,-5.15222,-5.533712,-5.921279,-5.923788],"unit":"mW"},"J":{"value":[0.021365613,0.023098204,0.023101168999999998,0.023140333,0.023117084,0.023128006,0.023080728000000002,0.023128006,0.023111311,0.023127226,0.023128786999999998,0.0230968,0.023110531,0.023091650999999998,0.023101793000000002,0.023106162,0.023099608,0.023108346000000002,0.0230968,0.023114899999999997,0.023106162,0.023101168999999998,0.023088062,0.023085097000000002,0.023085878,0.023088842,0.023098204,0.02309602,0.023088062,0.023069962,0.023067778,0.023094615000000002,0.023061223999999998,0.023098204,0.023080103999999997,0.023085097000000002,0.02307714,0.02307714,0.023085878,0.023066217000000003,0.023074331,0.023066217000000003,0.023062629,0.023033605999999998,0.023033605999999998,0.023011762,0.023011762,0.023003024,0.023024869,0.023014726,0.023006769,0.022973378,0.022942170999999997,0.022931249,0.022909403999999998,0.022878978,0.022852764,0.022820777,0.022770691,0.022688617,0.022581891,0.022446922,0.022263895000000002,0.022072130000000002,0.021754915,0.021387457000000002,0.020919046,0.020301779,0.019569828,0.018686836,0.017654209,0.016490981999999998,0.015207142,0.013804248,0.012289479,0.01069997,0.009029011,0.007284093,0.0054745770000000004,0.003613415,0.0017071579999999999,-0.000232957421,-0.002222692,-0.0042303689999999994,-0.00627019,-0.008341842,-0.010439707,-0.012551303000000002,-0.014681779,-0.016833475,-0.01900608,-0.021185862,-0.023397788,-0.025595046,-0.027822886,-0.030048542999999997,-0.032290894,-0.034544012,-0.036800251000000006,-0.039073028999999995,-0.041335665,-0.041353141],"unit":"A\/cm2"},"power_density":{"value":[-4.272645,-4.226615,-3.834626,-3.447461,-3.051102,-2.659561,-2.261786,-1.873056,-1.478906,-1.086895,-0.693747136,-0.300222869,0.092491211,0.484932186,0.877881614,1.270945,1.663024,2.056367,2.448326,2.84307,3.2347,3.62678,4.017345,4.409303,4.801592,5.194624,5.590016,5.981915,6.372179,6.759075,7.151202,7.551959,7.932437,8.338949,8.724384,9.11842,9.508143,9.900437,10.296381,10.679347,11.075828,11.464108,11.854025,12.231139,12.622726,13.001625,13.392593,13.779206,14.183449,14.568248,14.954654,15.32308,15.692112,16.074488,16.448841,16.815861,17.185074,17.549397,17.897595,18.218748,18.51674,18.788173,19.013241,19.224564,19.318453,19.355577,19.287104,19.063605,18.708892,18.182132,17.477288,16.606505,15.57212,14.370034,13.002578,11.502598,9.859614,8.077912,6.164461,4.130129,1.980287,-0.274193227,-2.653893,-5.122945,-7.699657,-10.385598,-13.174938,-16.052973,-19.027708,-22.102324,-25.277886,-28.537122,-31.914596,-35.346582,-38.895997,-42.519468,-46.239881,-50.054047,-53.949952,-57.944624,-62.002926,-62.029189],"unit":"mW\/cm2"},"timestamps":{"value":[0.018,0.042,0.068,0.092,0.121,0.145,0.167,0.189,0.212,0.236,0.258,0.283,0.304,0.326,0.351,0.373,0.396,0.418,0.44,0.467,0.491,0.515,0.538,0.56,0.581,0.606,0.628,0.655,0.677,0.7,0.723,0.748,0.77,0.807,0.829,0.852,0.876,0.899,0.921,0.944,0.967,0.99,1.011,1.033,1.055,1.077,1.102,1.122,1.145,1.169,1.19,1.215,1.236,1.258,1.281,1.304,1.326,1.348,1.381,1.405,1.436,1.457,1.478,1.505,1.534,1.559,1.58,1.601,1.627,1.649,1.672,1.696,1.732,1.753,1.777,1.808,1.832,1.854,1.876,1.897,1.92,1.942,1.965,1.987,2.009,2.038,2.071,2.1,2.124,2.147,2.169,2.193,2.216,2.241,2.264,2.288,2.312,2.335,2.359,2.382,2.406,2.428],"unit":"s"},"p_max":{"unit":"mW","value":1.848458},"v_p_max":{"unit":"V","value":0.904996634},"i_p_max":{"unit":"mA","value":2.042502},"j_p_max":{"unit":"mA\/cm2","value":21.387457},"voc":{"unit":"V","value":1.174966},"isc":{"unit":"mA","value":2.206747},"jsc":{"unit":"mA\/cm2","value":23.107298},"fill_factor":{"unit":"%","value":71.290473},"efficiency":{"unit":"%","value":19.355577},"r_s":{"unit":"ohms","value":93.027397},"r_sh":{"unit":"ohms","value":3864.467},"cell_dimension":{"value":0.09549999805762655,"unit":"cm2"},"sweep_direction":{"unit":"","value":"Forward"},"key":"forward8_2cell_231114"},{"V":{"value":[-0.199966669,-0.182987213,-0.165990114,-0.148980618,-0.131983519,-0.114994526,-0.097993135,-0.08098793,-0.063990593,-0.046993494,-0.029993534,-0.012997478,0.004000723,0.021007091,0.037997961,0.05500865,0.07199502,0.088989258,0.106001377,0.122999907,0.139991522,0.156992912,0.173996925,0.1910007,0.207995176,0.224981308,0.242005348,0.259003401,0.275990486,0.292983055,0.310007095,0.326994181,0.343987942,0.361009359,0.378022194,0.394991636,0.412010193,0.429009438,0.446004868,0.462985039,0.480006456,0.497013807,0.513990164,0.531016827,0.548010826,0.565001965,0.581987619,0.59901309,0.616005659,0.632995367,0.65000844,0.666992903,0.683985472,0.700979233,0.717996359,0.734973907,0.751991034,0.769004107,0.785992622,0.802987814,0.819981813,0.837002993,0.853995562,0.870988131,0.888008118,0.904993773,0.921983719,0.939013004,0.956004143,0.972988605,0.989978552,1.007012,1.024002,1.040986,1.058016,1.07501,1.091994,1.108978,1.126014,1.143,1.15999,1.17701,1.194004,1.210992,1.227981,1.245001,1.261999,1.278987,1.296007,1.312994,1.329987,1.346989,1.364001,1.380986,1.397988,1.415009,1.431993,1.44898,1.466026,1.482966,1.499985,1.499987],"unit":"V"},"I":{"value":[0.0015442370000000002,0.002215385,0.0022118389999999997,0.002217531,0.0022124049999999998,0.002213225,0.002212048,0.002212465,0.0022162199999999996,0.002213642,0.002215594,0.002210319,0.002214819,0.002215803,0.0022134330000000003,0.002212465,0.002209768,0.002211019,0.0022121970000000004,0.002211079,0.002213374,0.002214342,0.002212614,0.002214208,0.002211705,0.0022123309999999997,0.002215177,0.002212673,0.002210811,0.002210811,0.0022090670000000003,0.002209619,0.00221011,0.0022124049999999998,0.0022113619999999997,0.0022090079999999997,0.002209827,0.002211079,0.0022100360000000003,0.0022108699999999998,0.002209768,0.002206787,0.002211154,0.002208591,0.002210394,0.0022085159999999998,0.0022090670000000003,0.0022072050000000003,0.002208933,0.002206013,0.0022094849999999997,0.002206013,0.002205253,0.0022017210000000002,0.002205044,0.002201438,0.002202824,0.002203941,0.002201095,0.002199292,0.002195969,0.0021924229999999998,0.002186954,0.0021841680000000002,0.002174184,0.002170101,0.002159551,0.0021452010000000002,0.0021247419999999998,0.002097562,0.0020610840000000004,0.0020081699999999997,0.001942843,0.0018540170000000001,0.0017381310000000002,0.00159049,0.001406923,0.001183704,0.0009160786869999999,0.000608116388,0.000261172652,-0.000127106905,-0.000550806522,-0.0010056639999999999,-0.001495868,-0.002013683,-0.0025615250000000003,-0.003142029,-0.0037344550000000002,-0.004348949,-0.004983261,-0.005630955,-0.006298423,-0.00697872,-0.007669479,-0.008379310000000001,-0.009098098,-0.009826660000000001,-0.010568529,-0.011316016,-0.012080073,-0.012119398],"unit":"A"},"resistance":{"value":[-129.492203,-82.598364,-75.046202,-67.183099,-59.656124,-51.957907,-44.299741,-36.605296,-28.873756,-21.22904,-13.537468,-5.880363,1.806343,9.480578,17.166977,24.863062,32.580357,40.248067,47.916798,55.628906,63.248026,70.898211,78.638633,86.261399,94.042917,101.694249,109.248772,117.054509,124.836774,132.5229,140.333927,147.986701,155.642875,163.175063,170.945405,178.80953,186.444521,194.027186,201.808877,209.413018,217.220324,225.220514,232.453406,240.43245,247.92455,255.828785,263.453996,271.389912,278.870203,286.940956,294.190078,302.352263,310.161955,318.377855,325.615429,333.860833,341.375941,348.92222,357.091603,365.11193,373.403144,381.770803,390.495435,398.773505,408.432878,417.028448,426.933103,437.727289,449.939,463.866444,480.319382,501.457519,527.063552,561.476021,608.708755,675.898216,776.157514,936.871634,1229.168,1879.575,4441.468,-9260.001,-2167.737,-1204.171,-820.915267,-618.270305,-492.67483,-407.057717,-347.040552,-301.910729,-266.890847,-239.211447,-216.562241,-197.885304,-182.279446,-168.869446,-157.394719,-147.453926,-138.716139,-131.050199,-124.170168,-123.767486],"unit":"ohms"},"conductance":{"value":[-0.007722473,-0.012106777,-0.013325125,-0.014884696,-0.016762738,-0.019246349,-0.022573495,-0.027318451,-0.034633527,-0.047105287,-0.073869056,-0.17005753,0.553604684,0.105478797,0.058251373,0.040220307,0.030693341,0.024845913,0.020869508,0.017976266,0.01581077,0.014104728,0.012716396,0.011592671,0.010633443,0.009833398,0.009153421,0.008543028,0.00801046,0.007545866,0.007125861,0.006757364,0.006424965,0.006128387,0.005849821,0.005592543,0.005363526,0.005153917,0.004955183,0.004775252,0.004603621,0.004440093,0.004301937,0.004159172,0.004033485,0.003908864,0.003795729,0.003684735,0.003585898,0.003485038,0.003399163,0.0033074,0.003224122,0.003140922,0.003071108,0.00299526,0.002929322,0.002865968,0.002800402,0.002738886,0.002678071,0.002619373,0.002560849,0.002507689,0.002448383,0.002397918,0.002342287,0.002284527,0.002222524,0.002155793,0.002081948,0.001994187,0.001897304,0.00178102,0.001642822,0.001479513,0.001288398,0.001067382,0.000813558538,0.000532035166,0.000225150765,-0.00010799135,-0.000461310519,-0.0008304466,-0.001218153,-0.001617416,-0.002029736,-0.002456654,-0.002881508,-0.003312237,-0.00374685,-0.004180402,-0.00461761,-0.005053432,-0.005486082,-0.005921734,-0.006353453,-0.006781779,-0.007208966,-0.007630664,-0.008053464,-0.008079666],"unit":"S"},"power":{"value":[-0.308795957,-0.405387207,-0.367143402,-0.330369168,-0.292001024,-0.254508733,-0.216765478,-0.179182946,-0.141817226,-0.104026772,-0.066453496,-0.028728574,0.008860879,0.046547568,0.084105956,0.121704702,0.15909227,0.196756975,0.234495885,0.271962511,0.309853564,0.347636055,0.384988002,0.422915325,0.46002394,0.497733054,0.536084638,0.573089942,0.610162742,0.647730097,0.684826551,0.722532452,0.760251336,0.798698986,0.835943961,0.872539582,0.910471374,0.948573759,0.985686778,1.0236,1.060703,1.096804,1.136511,1.172799,1.21132,1.247816,1.28565,1.322145,1.360715,1.396396,1.436184,1.471395,1.508361,1.543361,1.583214,1.617999,1.656504,1.69484,1.730045,1.766005,1.800655,1.835064,1.867649,1.902384,1.930693,1.963928,1.991071,2.014372,2.031262,2.040904,2.040429,2.022251,1.989475,1.930007,1.83897,1.709792,1.536351,1.312702,1.031518,0.695077253,0.302957684,-0.149606106,-0.657665092,-1.217852,-1.836897,-2.507037,-3.23264,-4.018615,-4.83988,-5.710144,-6.627672,-7.584834,-8.591052,-9.637517,-10.721842,-11.856804,-13.028408,-14.23863,-15.493735,-16.78127,-18.119926,-18.178943],"unit":"mW"},"J":{"value":[0.016170022,0.023197752999999998,0.023160616999999998,0.023220222,0.023166547000000003,0.023175128,0.023162802,0.023167171,0.023206491,0.023179497,0.023199938,0.023144702,0.023191824,0.023202122,0.023177313,0.023167171,0.023138929000000003,0.023152035999999997,0.023164362,0.023152660000000002,0.023176689,0.023186831,0.023168731,0.023185427,0.023159213,0.023165766,0.023195569,0.023169355,0.023149851000000003,0.023149851000000003,0.023131595,0.023137368,0.023142517999999997,0.023166547000000003,0.023155624,0.023130971,0.023139553,0.023152660000000002,0.023141737,0.023150475,0.023138929000000003,0.023107722,0.02315344,0.023126602,0.023145482000000002,0.023125822,0.023131595,0.023112090999999998,0.023130191,0.023099608,0.023135964000000002,0.023099608,0.023091650999999998,0.023054671,0.023089466000000003,0.023051705999999998,0.023066217000000003,0.02307792,0.023048118,0.023029238,0.022994442,0.022957306,0.022900042,0.022870864,0.022766322,0.022723569000000002,0.022613097,0.022462837,0.022248604,0.021963999999999997,0.021582031,0.021027957,0.020343907999999997,0.019413795,0.018200325,0.016654349,0.014732177,0.012394800999999999,0.009592447,0.006367711,0.002734792,-0.001330962,-0.0057676080000000005,-0.010530518,-0.015663539,-0.021085688999999998,-0.026822246,-0.032900828,-0.039104236,-0.04553872899999999,-0.052180746,-0.058962881,-0.065952071,-0.073075607,-0.08030867700000001,-0.08774147,-0.095268039,-0.10289696499999999,-0.11066522899999999,-0.118492317,-0.12649291499999998,-0.126904686],"unit":"A\/cm2"},"power_density":{"value":[-3.233466,-4.244892,-3.844434,-3.459363,-3.057602,-2.665013,-2.269796,-1.876261,-1.484997,-1.089286,-0.695848123,-0.300822761,0.092784072,0.487409088,0.880690634,1.274395,1.665888,2.060282,2.455454,2.847775,3.24454,3.640168,4.031288,4.428433,4.817005,5.211864,5.613452,6.000942,6.389139,6.782514,7.170959,7.565785,7.960747,8.36334,8.75334,9.13654,9.533732,9.93271,10.321328,10.718324,11.106835,11.484857,11.90064,12.280615,12.683975,13.066135,13.462302,13.844445,14.248329,14.621945,15.038572,15.407275,15.794354,16.160846,16.578153,16.942403,17.345589,17.747015,18.11565,18.492197,18.855024,19.215334,19.556534,19.920251,20.216679,20.564688,20.848907,21.092896,21.269758,21.370721,21.365747,21.175403,20.832199,20.209494,19.256228,17.903585,16.087446,13.745566,10.801234,7.278296,3.172332,-1.566556,-6.886545,-12.752377,-19.234526,-26.251696,-33.849639,-42.079737,-50.679369,-59.792089,-69.399704,-79.422347,-89.958662,-100.916405,-112.270592,-124.155013,-136.42312,-149.095605,-162.238058,-175.7201,-189.737442,-190.355426],"unit":"mW\/cm2"},"timestamps":{"value":[0.019,0.043,0.067,0.088,0.112,0.136,0.156,0.181,0.203,0.225,0.246,0.284,0.309,0.33,0.354,0.376,0.401,0.425,0.446,0.468,0.493,0.519,0.541,0.563,0.585,0.619,0.64,0.663,0.69,0.711,0.734,0.758,0.779,0.807,0.83,0.852,0.876,0.891,0.914,0.937,0.961,0.983,1.008,1.029,1.054,1.08,1.101,1.124,1.146,1.183,1.206,1.228,1.251,1.272,1.294,1.317,1.34,1.363,1.385,1.408,1.435,1.457,1.478,1.502,1.523,1.55,1.571,1.593,1.617,1.64,1.662,1.683,1.709,1.731,1.753,1.776,1.799,1.831,1.854,1.878,1.902,1.922,1.945,1.968,1.994,2.015,2.043,2.088,2.112,2.136,2.158,2.182,2.204,2.226,2.248,2.271,2.293,2.318,2.34,2.364,2.389,2.411],"unit":"s"},"p_max":{"unit":"mW","value":2.040904},"v_p_max":{"unit":"V","value":0.972988605},"i_p_max":{"unit":"mA","value":2.097562},"j_p_max":{"unit":"mA\/cm2","value":21.964},"voc":{"unit":"V","value":1.171438},"isc":{"unit":"mA","value":2.21376},"jsc":{"unit":"mA\/cm2","value":23.180733},"fill_factor":{"unit":"%","value":78.699605},"efficiency":{"unit":"%","value":21.370721},"r_s":{"unit":"ohms","value":33.31236},"r_sh":{"unit":"ohms","value":305.74336},"cell_dimension":{"value":0.09549999375387369,"unit":"cm2"},"sweep_direction":{"unit":"","value":"Forward"},"key":"forward8_1cell_231114"}]}}