{"_id":"65361c399d8aa506476d20e9","id":"KNU-SC-00110","author":79,"group":8,"input":[{"tco":{"unit":"","value":"FTO"}},[],{"etl":[{"material":{"unit":"","value":"TiO2"},"concentration":{"unit":"","value":"10"},"conc_unit":{"unit":"","value":"mg\/ml"},"quantity":{"unit":"ml","value":"1"}}],"solvent":[{"material":{"unit":"","value":"IPA"},"volume":{"unit":"ml","value":"1"}}],"spin_coating":[{"type":{"unit":"","value":"dynamic"},"rpm":{"unit":"","value":"3000"},"time":{"unit":"s","value":"30"}}],"vacuum_suction":[{"unit":"s","value":"0"}],"annealing":[{"temperature":{"unit":"oC","value":"100"},"time":{"unit":"m","value":"10"}}],"etl_doping":[{"material":{"unit":"","value":"KCl"},"volume":{"unit":"ul","value":"0"}}],"module":[{"type":{"unit":"","value":"Bar coating"},"gap":{"unit":"um","value":"0"},"coating_speed":{"unit":"mm\/s","value":"0"},"feeding_amount":{"unit":"ul","value":"0"}}],"thermal_evaporation":[{"evaporation_rate":{"unit":"A\/s","value":null},"vacuum_pressure":{"unit":"uTorr","value":null},"vacuum_evaporation_thickness":{"unit":"nm","value":"0"}}]},{"etl_treatment":[],"solvent":[{"material":{"unit":"","value":"IPA"},"volume":{"unit":"ml","value":"01"}},{"material":{"unit":"","value":"DMSO"},"volume":{"unit":"ml","value":"0"}}],"spin_coating":[{"type":{"unit":"","value":"dynamic"},"rpm":{"unit":"","value":"3000"},"time":{"unit":"s","value":"30"}}],"vacuum_suction":[{"unit":"s","value":"0"}],"annealing":[{"temperature":{"unit":"oC","value":"150"},"time":{"unit":"m","value":"30"}}],"module":[{"type":{"unit":"","value":"Bar coating"},"gap":{"unit":"um","value":"0"},"coating_speed":{"unit":"mm\/s","value":"0"},"feeding_amount":{"unit":"ul","value":"0"}}],"thermal_evaporation":[{"evaporation_rate":{"unit":"A\/s","value":null},"vacuum_pressure":{"unit":"uTorr","value":null},"vacuum_evaporation_thickness":{"unit":"nm","value":"0"}}]},[],{"perovskite":{"method":{"unit":"","value":"1step"},"molarity":{"unit":"M","value":"1.5"},"a_site":[{"material":{"unit":"","value":"FA"},"ratio":{"unit":"","value":"0.7553"}},{"material":{"unit":"","value":"Cs"},"ratio":{"unit":"","value":"0.1411"}},{"material":{"unit":"","value":"MA"},"ratio":{"unit":"","value":"0.074"}}],"b_site":[{"material":{"unit":"","value":"Pb"},"ratio":{"unit":"","value":"100"}},{"material":{"unit":"","value":"Sn"},"ratio":{"unit":"","value":"0"}}],"x_site":[{"material":{"unit":"","value":"I"},"ratio":{"unit":"","value":"70"}},{"material":{"unit":"","value":"Br"},"ratio":{"unit":"","value":"30"}}],"solvent":[{"material":{"unit":"","value":"DMF"},"volume":{"unit":"ml","value":"0.8"}},{"material":{"unit":"","value":"DMSO"},"volume":{"unit":"ml","value":"0.2"}}],"stirring_time":[{"unit":"m","value":"120"}],"antisolvent":[{"material":{"unit":"","value":"EA"},"quantity":{"unit":"ul","value":"100"},"dripping_time":{"unit":"s","value":"15"}}],"spin_coating":[{"type":{"unit":"","value":"dynamic"},"rpm":{"unit":"","value":"5000"},"time":{"unit":"s","value":"40"}}],"annealing":[{"temperature":{"unit":"oC","value":"100"},"time":{"unit":"m","value":"45"}}],"atmosphere":[{"type":{"unit":"","value":"N2"},"temperature":{"unit":"oC","value":"28"},"humidity":{"unit":"RH%","value":"0"}}],"assist":[{"type":{"unit":"","value":"DMSO vacuum assist"},"temperature":{"unit":"oC","value":"None"},"assist_start_time":{"value":null,"unit":"s"},"total_assist_time":{"value":"None","unit":"s"}}],"module":[{"type":{"unit":"","value":"Bar coating"},"gap":{"unit":"um","value":"0"},"coating_speed":{"unit":"mm\/s","value":"0"},"feeding_amount":{"unit":"ul","value":"0"}}],"thermal_evaporation":[{"evaporation_rate":{"unit":"A\/s","value":null},"vacuum_pressure":{"unit":"uTorr","value":null},"vacuum_evaporation_thickness":{"unit":"nm","value":"0"}}]}},{"perovskite_treatment":[{"material":{"unit":"","value":"OAI"},"concentration":{"unit":"","value":"0"},"conc_unit":{"unit":"","value":"mg\/ml"},"quantity":{"unit":"ml","value":null}}],"solvent":[{"material":{"unit":"","value":"IPA"},"volume":{"unit":"ml","value":"0"}}],"spin_coating":[{"type":{"unit":"","value":"dynamic"},"rpm":{"unit":"","value":"3000"},"time":{"unit":"s","value":"30"}}],"vacuum_suction":[{"unit":"s","value":"0"}],"annealing":[{"temperature":{"unit":"oC","value":"0"},"time":{"unit":"m","value":"0"}}],"module":[{"type":{"unit":"","value":"Bar coating"},"gap":{"unit":"um","value":"0"},"coating_speed":{"unit":"mm\/s","value":"0"},"feeding_amount":{"unit":"ul","value":"0"}}],"thermal_evaporation":[{"evaporation_rate":{"unit":"A\/s","value":null},"vacuum_pressure":{"unit":"uTorr","value":null},"vacuum_evaporation_thickness":{"unit":"nm","value":"0"}}]},{"htl":[{"material":{"unit":"","value":"Spiro-OMeTAD"},"concentration":{"unit":"","value":"90"},"conc_unit":{"unit":"","value":"mg\/ml"},"quantity":{"unit":"ml","value":null}}],"solvent":[{"material":{"unit":"","value":"CB"},"volume":{"unit":"ml","value":"0.3"}}],"spin_coating":[{"type":{"unit":"","value":"dynamic"},"rpm":{"unit":"","value":"3000"},"time":{"unit":"s","value":"30"}}],"vacuum_suction":[{"unit":"s","value":"0"}],"annealing":[{"temperature":{"unit":"oC","value":"0"},"time":{"unit":"m","value":"0"}}],"module":[{"type":{"unit":"","value":"Bar coating"},"gap":{"unit":"um","value":"0"},"coating_speed":{"unit":"mm\/s","value":"0"},"feeding_amount":{"unit":"ul","value":"0"}}],"thermal_evaporation":[{"evaporation_rate":{"unit":"A\/s","value":null},"vacuum_pressure":{"unit":"uTorr","value":null},"vacuum_evaporation_thickness":{"unit":"nm","value":"0"}}],"htl_doping":[{"material":{"unit":"","value":"Co-TFSI"},"volume":{"unit":"ul","value":"5"}},{"material":{"unit":"","value":"Li-TFSI"},"volume":{"unit":"ul","value":"23"}},{"material":{"unit":"","value":"tBP"},"volume":{"unit":"ul","value":"39"}}]},{"htl_treatment":[{"material":{"unit":"","value":"none"},"concentration":{"unit":"","value":"3"},"conc_unit":{"unit":"","value":"mg\/ml"},"quantity":{"unit":"ml","value":null}}],"solvent":[{"material":{"unit":"","value":"DMF"},"volume":{"unit":"ml","value":"0.8"}},{"material":{"unit":"","value":"DMSO"},"volume":{"unit":"ml","value":"0.2"}}],"spin_coating":[{"type":{"unit":"","value":"dynamic"},"rpm":{"unit":"","value":"5000"},"time":{"unit":"s","value":"0"}}],"vacuum_suction":[{"unit":"s","value":"0"}],"annealing":[{"temperature":{"unit":"oC","value":"0"},"time":{"unit":"m","value":"0"}}],"module":[{"type":{"unit":"","value":"Bar coating"},"gap":{"unit":"um","value":"0"},"coating_speed":{"unit":"mm\/s","value":"0"},"feeding_amount":{"unit":"ul","value":"0"}}],"thermal_evaporation":[{"evaporation_rate":{"unit":"A\/s","value":null},"vacuum_pressure":{"unit":"uTorr","value":null},"vacuum_evaporation_thickness":{"unit":"nm","value":"0"}}]},{"anode_metal":{"unit":"","value":"Au"}},{"note":{"unit":"","value":"EA 100ul 15s"},"ar":{"unit":"","value":""},"type":{"unit":"","value":"unit_cell"},"device_type":{"unit":"","value":"n-i-p"},"temperature":{"unit":"oC","value":"30"},"humidity":{"unit":"%","value":"0"},"cell_dimension":{"unit":"cm2","value":"0.1"}}],"fileinfo":[{"key":"Reverse9.5R CFM EA 100ul 15s_230517","uploadType":"JV","original_name":"Reverse9.5R CFM EA 100ul 15s_230517-1905.txt","save_name":"KNU-SC-00110\/Reverse9.5R CFM EA 100ul 15s_230517","uploader":79,"fileType":""},{"key":"Reverse9.6R CFM EA 100ul 15s_230517","uploadType":"JV","original_name":"Reverse9.6R CFM EA 100ul 15s_230517-1906.txt","save_name":"KNU-SC-00110\/Reverse9.6R CFM EA 100ul 15s_230517","uploader":79,"fileType":""},{"key":"Reverse9.7R CFM EA 100ul 15s_230517","uploadType":"JV","original_name":"Reverse9.7R CFM EA 100ul 15s_230517-1907.txt","save_name":"KNU-SC-00110\/Reverse9.7R CFM EA 100ul 15s_230517","uploader":79,"fileType":""},{"key":"Reverse9.8R CFM EA 100ul 15s_230517","uploadType":"JV","original_name":"Reverse9.8R CFM EA 100ul 15s_230517-1908.txt","save_name":"KNU-SC-00110\/Reverse9.8R CFM EA 100ul 15s_230517","uploader":79,"fileType":""},{"key":"Forward9.1F CFM EA 100ul 15s_230517","uploadType":"JV","original_name":"Forward9.1F CFM EA 100ul 15s_230517-1901.txt","save_name":"KNU-SC-00110\/Forward9.1F CFM EA 100ul 15s_230517","uploader":79,"fileType":""},{"key":"Forward9.2F CFM EA 100ul 15s_230517","uploadType":"JV","original_name":"Forward9.2F CFM EA 100ul 15s_230517-1902.txt","save_name":"KNU-SC-00110\/Forward9.2F CFM EA 100ul 15s_230517","uploader":79,"fileType":""},{"key":"Forward9.3F CFM EA 100ul 15s_230517","uploadType":"JV","original_name":"Forward9.3F CFM EA 100ul 15s_230517-1903.txt","save_name":"KNU-SC-00110\/Forward9.3F CFM EA 100ul 15s_230517","uploader":79,"fileType":""},{"key":"Forward9.4F CFM EA 100ul 15s_230517","uploadType":"JV","original_name":"Forward9.4F CFM EA 100ul 15s_230517-1904.txt","save_name":"KNU-SC-00110\/Forward9.4F CFM EA 100ul 15s_230517","uploader":79,"fileType":""},{"key":"Forward9.5F CFM EA 100ul 15s_230517","uploadType":"JV","original_name":"Forward9.5F CFM EA 100ul 15s_230517-1905.txt","save_name":"KNU-SC-00110\/Forward9.5F CFM EA 100ul 15s_230517","uploader":79,"fileType":""},{"key":"Forward9.6F CFM EA 100ul 15s_230517","uploadType":"JV","original_name":"Forward9.6F CFM EA 100ul 15s_230517-1906.txt","save_name":"KNU-SC-00110\/Forward9.6F CFM EA 100ul 15s_230517","uploader":79,"fileType":""},{"key":"Forward9.7F CFM EA 100ul 15s_230517","uploadType":"JV","original_name":"Forward9.7F CFM EA 100ul 15s_230517-1907.txt","save_name":"KNU-SC-00110\/Forward9.7F CFM EA 100ul 15s_230517","uploader":79,"fileType":""},{"key":"Reverse9.1R CFM EA 100ul 15s_230517","uploadType":"JV","original_name":"Reverse9.1R CFM EA 100ul 15s_230517-1901.txt","save_name":"KNU-SC-00110\/Reverse9.1R CFM EA 100ul 15s_230517","uploader":79,"fileType":""},{"key":"Reverse9.2R CFM EA 100ul 15s_230517","uploadType":"JV","original_name":"Reverse9.2R CFM EA 100ul 15s_230517-1902.txt","save_name":"KNU-SC-00110\/Reverse9.2R CFM EA 100ul 15s_230517","uploader":79,"fileType":""},{"key":"Reverse9.3R CFM EA 100ul 15s_230517","uploadType":"JV","original_name":"Reverse9.3R CFM EA 100ul 15s_230517-1903.txt","save_name":"KNU-SC-00110\/Reverse9.3R CFM EA 100ul 15s_230517","uploader":79,"fileType":""},{"key":"Reverse9.4R CFM EA 100ul 15s_230517","uploadType":"JV","original_name":"Reverse9.4R CFM EA 100ul 15s_230517-1904.txt","save_name":"KNU-SC-00110\/Reverse9.4R CFM EA 100ul 15s_230517","uploader":79,"fileType":""}],"jvcnt":15,"updated_at":"2024-06-03 08:38:36","created_at":"2023-10-23 07:09:45","analysisInfo":{"JV":[{"efficiency":13.4859,"fill_factor":62.3181,"jsc":20.16582457,"voc":1.07312509,"key":"Reverse9.8R CFM EA 100ul 15s_230517","cell_dimension":0.1},{"efficiency":14.495,"fill_factor":65.7564,"jsc":20.23197735,"voc":1.08953508,"key":"Reverse9.7R CFM EA 100ul 15s_230517","cell_dimension":0.1},{"efficiency":14.6832,"fill_factor":65.6988,"jsc":20.47644521,"voc":1.09145898,"key":"Reverse9.6R CFM EA 100ul 15s_230517","cell_dimension":0.1},{"efficiency":14.9684,"fill_factor":67.1567,"jsc":20.47023703,"voc":1.08883443,"key":"Reverse9.5R CFM EA 100ul 15s_230517","cell_dimension":0.1},{"efficiency":14.1424,"fill_factor":63.8519,"jsc":20.40943918,"voc":1.08522181,"key":"Reverse9.4R CFM EA 100ul 15s_230517","cell_dimension":0.1},{"efficiency":14.787,"fill_factor":66.2161,"jsc":20.44323749,"voc":1.09236131,"key":"Reverse9.3R CFM EA 100ul 15s_230517","cell_dimension":0.1},{"efficiency":13.9343,"fill_factor":63.0346,"jsc":20.06843253,"voc":1.10151844,"key":"Reverse9.2R CFM EA 100ul 15s_230517","cell_dimension":0.1},{"efficiency":13.9036,"fill_factor":63.1609,"jsc":20.0738002,"voc":1.0966028,"key":"Reverse9.1R CFM EA 100ul 15s_230517","cell_dimension":0.1},{"efficiency":7.7519,"fill_factor":39.1496,"jsc":19.99398349,"voc":0.9903316,"key":"Forward9.7F CFM EA 100ul 15s_230517","cell_dimension":0.1},{"efficiency":8.546,"fill_factor":43.2546,"jsc":20.1124689,"voc":0.98234912,"key":"Forward9.6F CFM EA 100ul 15s_230517","cell_dimension":0.1},{"efficiency":7.004,"fill_factor":34.1091,"jsc":20.24646193,"voc":1.01421343,"key":"Forward9.5F CFM EA 100ul 15s_230517","cell_dimension":0.1},{"efficiency":7.3156,"fill_factor":35.0437,"jsc":20.09781186,"voc":1.03870852,"key":"Forward9.4F CFM EA 100ul 15s_230517","cell_dimension":0.1},{"efficiency":7.1446,"fill_factor":34.0929,"jsc":20.10490947,"voc":1.04235217,"key":"Forward9.3F CFM EA 100ul 15s_230517","cell_dimension":0.1},{"efficiency":5.9735,"fill_factor":29.0476,"jsc":19.40611352,"voc":1.05969565,"key":"Forward9.2F CFM EA 100ul 15s_230517","cell_dimension":0.1},{"efficiency":5.4474,"fill_factor":27.072,"jsc":19.15970456,"voc":1.05022348,"key":"Forward9.1F CFM EA 100ul 15s_230517","cell_dimension":0.1}]},"public":2,"analysis":{"JV":[{"sample_area":{"value":0.1,"unit":"cm2"},"irradiance":{"value":1,"unit":""},"pre_sweep_delay":{"value":5,"unit":""},"bias_direction":{"value":0,"unit":""},"max_reverse_bias":{"value":-0.2,"unit":""},"max_forward_bias":{"value":3,"unit":""},"num_sweep_points":{"value":70,"unit":""},"dwell_time":{"value":10,"unit":""},"current_limit":{"value":-30,"unit":""},"pviv_10a_i_amp":{"value":0,"unit":""},"average":{"value":1,"unit":""},"dark_current":{"value":0,"unit":""},"rshunt_v_lo":{"value":-0.6,"unit":""},"rshunt_v_hi":{"value":-0.1,"unit":""},"voc":{"value":1.07312509,"unit":"V"},"isc":{"value":0.00201658,"unit":"A"},"jsc":{"value":20.16582457,"unit":"mA\/cm2"},"imax":{"value":0.00168102,"unit":"A"},"vmax":{"value":0.80224377,"unit":"V"},"pmax":{"value":1.34859113,"unit":"mW"},"fill_factor":{"value":62.3181,"unit":"%"},"efficiency":{"value":13.4859,"unit":"%"},"r_at_voc":{"value":70.597709,"unit":""},"r_at_isc":{"value":11015.18,"unit":""},"power":{"value":0.00185111,"unit":"W"},"rshunt":{"value":"NaN","unit":"ohm"},"cell_temp_start":{"value":"NaN","unit":""},"cell_temp_end":{"value":"NaN","unit":""},"exposure":{"value":10.664,"unit":""},"time":{"value":"17:34:01","unit":""},"date":{"value":"05\/17\/2023","unit":""},"V":{"value":[3,2.9535,2.907,2.861,2.8145,2.768,2.7215,2.6755,2.629,2.5825,2.536,2.49,2.4435,2.397,2.3505,2.3045,2.258,2.2115,2.165,2.119,2.0725,2.026,1.9795,1.9335,1.887,1.8405,1.794,1.748,1.7015,1.655,1.6085,1.5625,1.516,1.4695,1.423,1.377,1.3305,1.284,1.2375,1.1915,1.145,1.0985,1.052,1.006,0.9595,0.913,0.8665,0.8205,0.774,0.7275,0.681,0.635,0.5885,0.542,0.4955,0.4495,0.403,0.3565,0.31,0.264,0.2175,0.171,0.1245,0.0785,0.032,-0.0145,-0.061,-0.107,-0.1535,-0.2],"unit":"V"},"I":{"value":[-0.01734783,-0.02349112,-0.02740499,-0.03000405,-0.03000376,-0.0300037,-0.03000366,-0.03000362,-0.03000354,-0.0300036,-0.03000356,-0.03000353,-0.0300035,-0.03000354,-0.03000354,-0.03000353,-0.03000352,-0.03000103,-0.02938316,-0.02845902,-0.02733104,-0.02607341,-0.02478415,-0.02345029,-0.02206888,-0.0206674,-0.01925295,-0.01787361,-0.01647186,-0.01506073,-0.01364789,-0.01223908,-0.01080499,-0.00915589,-0.00785573,-0.00657597,-0.00533346,-0.00415549,-0.00305364,-0.00204134,-0.00110522,-0.00035943,0.00029923,0.00077571,0.00104765,0.00132802,0.00151355,0.00164047,0.00173516,0.00180429,0.00185431,0.00189141,0.00191772,0.00193666,0.00195138,0.00196257,0.00197245,0.00197863,0.00198573,0.00199228,0.00199757,0.00200228,0.00200583,0.0020108,0.00201333,0.00201912,0.00202267,0.00202677,0.00202959,0.00203296],"unit":"A"},"J":{"unit":"A\/cm2","value":[-0.1734783,-0.2349112,-0.2740499,-0.3000405,-0.3000376,-0.300037,-0.3000366,-0.3000362,-0.30003539999999995,-0.30003599999999997,-0.30003559999999996,-0.3000353,-0.300035,-0.30003539999999995,-0.30003539999999995,-0.3000353,-0.30003519999999995,-0.3000103,-0.29383159999999997,-0.2845902,-0.2733104,-0.2607341,-0.2478415,-0.2345029,-0.2206888,-0.20667399999999997,-0.1925295,-0.1787361,-0.1647186,-0.1506073,-0.1364789,-0.1223908,-0.1080499,-0.0915589,-0.0785573,-0.0657597,-0.053334599999999996,-0.0415549,-0.0305364,-0.020413399999999998,-0.0110522,-0.0035943,0.0029923,0.007757099999999999,0.0104765,0.0132802,0.0151355,0.016404699999999998,0.0173516,0.0180429,0.0185431,0.0189141,0.0191772,0.019366599999999998,0.019513799999999998,0.019625699999999996,0.0197245,0.019786299999999996,0.019857299999999998,0.019922799999999997,0.0199757,0.020022799999999997,0.0200583,0.020108,0.020133299999999996,0.0201912,0.020226699999999997,0.020267699999999996,0.0202959,0.020329599999999996]},"cell_dimension":{"value":0.1,"unit":"cm2"},"sweep_direction":{"unit":"","value":"Reverse"},"key":"Reverse9.8R CFM EA 100ul 15s_230517"},{"sample_area":{"value":0.1,"unit":"cm2"},"irradiance":{"value":1,"unit":""},"pre_sweep_delay":{"value":5,"unit":""},"bias_direction":{"value":0,"unit":""},"max_reverse_bias":{"value":-0.2,"unit":""},"max_forward_bias":{"value":3,"unit":""},"num_sweep_points":{"value":70,"unit":""},"dwell_time":{"value":10,"unit":""},"current_limit":{"value":-30,"unit":""},"pviv_10a_i_amp":{"value":0,"unit":""},"average":{"value":1,"unit":""},"dark_current":{"value":0,"unit":""},"rshunt_v_lo":{"value":-0.6,"unit":""},"rshunt_v_hi":{"value":-0.1,"unit":""},"voc":{"value":1.08953508,"unit":"V"},"isc":{"value":0.0020232,"unit":"A"},"jsc":{"value":20.23197735,"unit":"mA\/cm2"},"imax":{"value":0.00172362,"unit":"A"},"vmax":{"value":0.8409625,"unit":"V"},"pmax":{"value":1.44949857,"unit":"mW"},"fill_factor":{"value":65.7564,"unit":"%"},"efficiency":{"value":14.495,"unit":"%"},"r_at_voc":{"value":69.938684,"unit":""},"r_at_isc":{"value":11445.86,"unit":""},"power":{"value":0.00192503,"unit":"W"},"rshunt":{"value":"NaN","unit":"ohm"},"cell_temp_start":{"value":"NaN","unit":""},"cell_temp_end":{"value":"NaN","unit":""},"exposure":{"value":10.671,"unit":""},"time":{"value":"17:33:46","unit":""},"date":{"value":"05\/17\/2023","unit":""},"V":{"value":[3,2.9535,2.907,2.861,2.8145,2.768,2.7215,2.6755,2.629,2.5825,2.536,2.49,2.4435,2.397,2.3505,2.3045,2.258,2.2115,2.165,2.119,2.0725,2.026,1.9795,1.9335,1.887,1.8405,1.794,1.748,1.7015,1.655,1.6085,1.5625,1.516,1.4695,1.423,1.377,1.3305,1.284,1.2375,1.1915,1.145,1.0985,1.052,1.006,0.9595,0.913,0.8665,0.8205,0.774,0.7275,0.681,0.635,0.5885,0.542,0.4955,0.4495,0.403,0.3565,0.31,0.264,0.2175,0.171,0.1245,0.0785,0.032,-0.0145,-0.061,-0.107,-0.1535,-0.2],"unit":"V"},"I":{"value":[-0.01596258,-0.02383791,-0.02821568,-0.030004,-0.03000377,-0.03000373,-0.03000369,-0.03000367,-0.03000363,-0.0300036,-0.03000361,-0.03000358,-0.0300036,-0.03000354,-0.03000358,-0.03000357,-0.03000353,-0.03000351,-0.02966476,-0.02880966,-0.02766991,-0.02644016,-0.02511607,-0.0237473,-0.02233397,-0.02091103,-0.01952283,-0.01813516,-0.01672462,-0.01529291,-0.01384181,-0.01242154,-0.01097771,-0.00930853,-0.00797344,-0.00661943,-0.00529737,-0.00406039,-0.00292893,-0.00189745,-0.00097191,-0.00012818,0.00053669,0.00101287,0.00126572,0.00151349,0.00166486,0.00176209,0.0018286,0.00187401,0.00190634,0.00192931,0.00194774,0.00195997,0.00196949,0.0019771,0.00198418,0.00199032,0.00199589,0.00200119,0.00200361,0.00200766,0.00201228,0.00201648,0.00202106,0.0020245,0.00202801,0.00203218,0.00203689,0.00204084],"unit":"A"},"J":{"unit":"A\/cm2","value":[-0.15962579999999998,-0.23837909999999998,-0.2821568,-0.30004,-0.30003769999999996,-0.30003729999999995,-0.3000369,-0.3000367,-0.3000363,-0.30003599999999997,-0.3000361,-0.30003579999999996,-0.30003599999999997,-0.30003539999999995,-0.30003579999999996,-0.30003569999999996,-0.3000353,-0.3000351,-0.29664759999999996,-0.2880966,-0.2766991,-0.2644016,-0.2511607,-0.237473,-0.2233397,-0.2091103,-0.1952283,-0.1813516,-0.16724619999999998,-0.15292909999999998,-0.1384181,-0.12421539999999999,-0.10977709999999999,-0.0930853,-0.0797344,-0.0661943,-0.0529737,-0.04060389999999999,-0.0292893,-0.0189745,-0.0097191,-0.0012818,0.0053669,0.0101287,0.012657199999999999,0.015134899999999998,0.0166486,0.0176209,0.018286,0.0187401,0.0190634,0.0192931,0.0194774,0.0195997,0.019694899999999998,0.019770999999999997,0.019841799999999996,0.019903199999999996,0.0199589,0.0200119,0.020036099999999998,0.0200766,0.0201228,0.0201648,0.0202106,0.020244999999999996,0.020280099999999995,0.0203218,0.0203689,0.020408399999999997]},"cell_dimension":{"value":0.1,"unit":"cm2"},"sweep_direction":{"unit":"","value":"Reverse"},"key":"Reverse9.7R CFM EA 100ul 15s_230517"},{"sample_area":{"value":0.1,"unit":"cm2"},"irradiance":{"value":1,"unit":""},"pre_sweep_delay":{"value":5,"unit":""},"bias_direction":{"value":0,"unit":""},"max_reverse_bias":{"value":-0.2,"unit":""},"max_forward_bias":{"value":3,"unit":""},"num_sweep_points":{"value":70,"unit":""},"dwell_time":{"value":10,"unit":""},"current_limit":{"value":-30,"unit":""},"pviv_10a_i_amp":{"value":0,"unit":""},"average":{"value":1,"unit":""},"dark_current":{"value":0,"unit":""},"rshunt_v_lo":{"value":-0.6,"unit":""},"rshunt_v_hi":{"value":-0.1,"unit":""},"voc":{"value":1.09145898,"unit":"V"},"isc":{"value":0.00204764,"unit":"A"},"jsc":{"value":20.47644521,"unit":"mA\/cm2"},"imax":{"value":0.00174185,"unit":"A"},"vmax":{"value":0.84296329,"unit":"V"},"pmax":{"value":1.46831628,"unit":"mW"},"fill_factor":{"value":65.6988,"unit":"%"},"efficiency":{"value":14.6832,"unit":"%"},"r_at_voc":{"value":69.542184,"unit":""},"r_at_isc":{"value":11631.537,"unit":""},"power":{"value":0.00195187,"unit":"W"},"rshunt":{"value":"NaN","unit":"ohm"},"cell_temp_start":{"value":"NaN","unit":""},"cell_temp_end":{"value":"NaN","unit":""},"exposure":{"value":10.671,"unit":""},"time":{"value":"17:33:26","unit":""},"date":{"value":"05\/17\/2023","unit":""},"V":{"value":[3,2.9535,2.907,2.861,2.8145,2.768,2.7215,2.6755,2.629,2.5825,2.536,2.49,2.4435,2.397,2.3505,2.3045,2.258,2.2115,2.165,2.119,2.0725,2.026,1.9795,1.9335,1.887,1.8405,1.794,1.748,1.7015,1.655,1.6085,1.5625,1.516,1.4695,1.423,1.377,1.3305,1.284,1.2375,1.1915,1.145,1.0985,1.052,1.006,0.9595,0.913,0.8665,0.8205,0.774,0.7275,0.681,0.635,0.5885,0.542,0.4955,0.4495,0.403,0.3565,0.31,0.264,0.2175,0.171,0.1245,0.0785,0.032,-0.0145,-0.061,-0.107,-0.1535,-0.2],"unit":"V"},"I":{"value":[-0.01172318,-0.01776936,-0.02164601,-0.02472393,-0.02735419,-0.02962704,-0.03000375,-0.03000376,-0.03000367,-0.0300036,-0.03000363,-0.03000355,-0.03000358,-0.03000362,-0.03000361,-0.0300036,-0.02985377,-0.02919655,-0.02837711,-0.02741913,-0.02635971,-0.02522163,-0.02401051,-0.02277689,-0.02147035,-0.0201127,-0.01874428,-0.01734622,-0.01592872,-0.01448375,-0.01300947,-0.01155985,-0.01011524,-0.00856021,-0.00727356,-0.0060415,-0.00488702,-0.00381196,-0.00280018,-0.00183395,-0.00094222,-0.00010125,0.00056741,0.00104554,0.00129017,0.0015381,0.00168771,0.00178404,0.00185007,0.00189608,0.00192928,0.00195313,0.00197043,0.00198397,0.00199328,0.00200162,0.00200867,0.00201398,0.0020191,0.00202372,0.00202831,0.00203384,0.00203881,0.00204303,0.00204588,0.00204923,0.00205339,0.00205609,0.00206028,0.00206317],"unit":"A"},"J":{"unit":"A\/cm2","value":[-0.1172318,-0.1776936,-0.2164601,-0.2472393,-0.2735419,-0.2962704,-0.30003749999999996,-0.3000376,-0.3000367,-0.30003599999999997,-0.3000363,-0.3000355,-0.30003579999999996,-0.3000362,-0.3000361,-0.30003599999999997,-0.2985377,-0.2919655,-0.2837711,-0.27419129999999997,-0.2635971,-0.25221629999999995,-0.2401051,-0.2277689,-0.2147035,-0.201127,-0.18744279999999996,-0.17346219999999998,-0.1592872,-0.14483749999999998,-0.1300947,-0.11559849999999999,-0.10115239999999999,-0.0856021,-0.0727356,-0.060414999999999996,-0.048870199999999996,-0.0381196,-0.0280018,-0.018339499999999998,-0.0094222,-0.0010125,0.0056741,0.010455399999999998,0.012901699999999999,0.015380999999999999,0.0168771,0.0178404,0.0185007,0.0189608,0.0192928,0.019531299999999998,0.019704299999999998,0.0198397,0.0199328,0.020016199999999998,0.0200867,0.020139799999999996,0.020190999999999997,0.0202372,0.020283100000000002,0.020338399999999996,0.020388099999999996,0.0204303,0.0204588,0.020492299999999998,0.020533899999999997,0.0205609,0.020602799999999998,0.0206317]},"cell_dimension":{"value":0.1,"unit":"cm2"},"sweep_direction":{"unit":"","value":"Reverse"},"key":"Reverse9.6R CFM EA 100ul 15s_230517"},{"sample_area":{"value":0.1,"unit":"cm2"},"irradiance":{"value":1,"unit":""},"pre_sweep_delay":{"value":5,"unit":""},"bias_direction":{"value":0,"unit":""},"max_reverse_bias":{"value":-0.2,"unit":""},"max_forward_bias":{"value":3,"unit":""},"num_sweep_points":{"value":70,"unit":""},"dwell_time":{"value":10,"unit":""},"current_limit":{"value":-30,"unit":""},"pviv_10a_i_amp":{"value":0,"unit":""},"average":{"value":1,"unit":""},"dark_current":{"value":0,"unit":""},"rshunt_v_lo":{"value":-0.6,"unit":""},"rshunt_v_hi":{"value":-0.1,"unit":""},"voc":{"value":1.08883443,"unit":"V"},"isc":{"value":0.00204702,"unit":"A"},"jsc":{"value":20.47023703,"unit":"mA\/cm2"},"imax":{"value":0.0017618,"unit":"A"},"vmax":{"value":0.84960751,"unit":"V"},"pmax":{"value":1.49683502,"unit":"mW"},"fill_factor":{"value":67.1567,"unit":"%"},"efficiency":{"value":14.9684,"unit":"%"},"r_at_voc":{"value":68.92568,"unit":""},"r_at_isc":{"value":13071.718,"unit":""},"power":{"value":0.0019599,"unit":"W"},"rshunt":{"value":"NaN","unit":"ohm"},"cell_temp_start":{"value":"NaN","unit":""},"cell_temp_end":{"value":"NaN","unit":""},"exposure":{"value":10.873,"unit":""},"time":{"value":"17:33:05","unit":""},"date":{"value":"05\/17\/2023","unit":""},"V":{"value":[3,2.9535,2.907,2.861,2.8145,2.768,2.7215,2.6755,2.629,2.5825,2.536,2.49,2.4435,2.397,2.3505,2.3045,2.258,2.2115,2.165,2.119,2.0725,2.026,1.9795,1.9335,1.887,1.8405,1.794,1.748,1.7015,1.655,1.6085,1.5625,1.516,1.4695,1.423,1.377,1.3305,1.284,1.2375,1.1915,1.145,1.0985,1.052,1.006,0.9595,0.913,0.8665,0.8205,0.774,0.7275,0.681,0.635,0.5885,0.542,0.4955,0.4495,0.403,0.3565,0.31,0.264,0.2175,0.171,0.1245,0.0785,0.032,-0.0145,-0.061,-0.107,-0.1535,-0.2],"unit":"V"},"I":{"value":[-0.01184939,-0.01771595,-0.02147029,-0.02463329,-0.02672864,-0.02862506,-0.0298663,-0.0300037,-0.03000361,-0.03000364,-0.0300036,-0.02991793,-0.0286316,-0.02797686,-0.02714288,-0.02640094,-0.02558118,-0.02471405,-0.02381556,-0.02289959,-0.0219625,-0.02097833,-0.0199779,-0.01893874,-0.01787034,-0.01678785,-0.01567722,-0.0145556,-0.0134109,-0.01225145,-0.01106485,-0.00980485,-0.00864832,-0.0074847,-0.00634082,-0.00525837,-0.00423945,-0.00330625,-0.00243262,-0.00159873,-0.00081162,-0.00014023,0.00053441,0.0010441,0.00130941,0.00157434,0.00172355,0.00181436,0.00187467,0.00191463,0.00194327,0.00196289,0.0019772,0.00198903,0.00199788,0.00200495,0.00201157,0.00201804,0.00202295,0.0020263,0.00202967,0.0020339,0.00203766,0.00204164,0.00204565,0.00204887,0.00205267,0.00205582,0.00205741,0.00206114],"unit":"A"},"J":{"unit":"A\/cm2","value":[-0.11849389999999999,-0.1771595,-0.21470289999999997,-0.24633289999999997,-0.2672864,-0.28625059999999997,-0.29866299999999996,-0.300037,-0.3000361,-0.3000364,-0.30003599999999997,-0.2991793,-0.28631599999999996,-0.2797686,-0.27142879999999997,-0.2640094,-0.2558118,-0.2471405,-0.2381556,-0.2289959,-0.219625,-0.20978329999999998,-0.19977899999999998,-0.18938739999999998,-0.17870339999999998,-0.16787849999999999,-0.15677219999999997,-0.145556,-0.13410899999999998,-0.1225145,-0.11064849999999998,-0.0980485,-0.08648319999999998,-0.074847,-0.0634082,-0.0525837,-0.042394499999999995,-0.0330625,-0.0243262,-0.0159873,-0.008116199999999999,-0.0014023,0.0053441,0.010441,0.0130941,0.015743399999999998,0.017235499999999997,0.0181436,0.018746699999999998,0.019146299999999998,0.019432699999999997,0.0196289,0.019772,0.0198903,0.019978799999999998,0.0200495,0.020115699999999997,0.020180399999999998,0.020229499999999997,0.020263,0.020296699999999997,0.020339,0.0203766,0.020416399999999998,0.0204565,0.0204887,0.0205267,0.0205582,0.020574099999999998,0.0206114]},"cell_dimension":{"value":0.1,"unit":"cm2"},"sweep_direction":{"unit":"","value":"Reverse"},"key":"Reverse9.5R CFM EA 100ul 15s_230517"},{"sample_area":{"value":0.1,"unit":"cm2"},"irradiance":{"value":1,"unit":""},"pre_sweep_delay":{"value":5,"unit":""},"bias_direction":{"value":0,"unit":""},"max_reverse_bias":{"value":-0.2,"unit":""},"max_forward_bias":{"value":3,"unit":""},"num_sweep_points":{"value":70,"unit":""},"dwell_time":{"value":10,"unit":""},"current_limit":{"value":-30,"unit":""},"pviv_10a_i_amp":{"value":0,"unit":""},"average":{"value":1,"unit":""},"dark_current":{"value":0,"unit":""},"rshunt_v_lo":{"value":-0.6,"unit":""},"rshunt_v_hi":{"value":-0.1,"unit":""},"voc":{"value":1.08522181,"unit":"V"},"isc":{"value":0.00204094,"unit":"A"},"jsc":{"value":20.40943918,"unit":"mA\/cm2"},"imax":{"value":0.00170214,"unit":"A"},"vmax":{"value":0.83086169,"unit":"V"},"pmax":{"value":1.41424169,"unit":"mW"},"fill_factor":{"value":63.8519,"unit":"%"},"efficiency":{"value":14.1424,"unit":"%"},"r_at_voc":{"value":68.012226,"unit":""},"r_at_isc":{"value":8540.221,"unit":""},"power":{"value":0.00191052,"unit":"W"},"rshunt":{"value":"NaN","unit":"ohm"},"cell_temp_start":{"value":"NaN","unit":""},"cell_temp_end":{"value":"NaN","unit":""},"exposure":{"value":11.003,"unit":""},"time":{"value":"17:32:45","unit":""},"date":{"value":"05\/17\/2023","unit":""},"V":{"value":[3,2.9535,2.907,2.861,2.8145,2.768,2.7215,2.6755,2.629,2.5825,2.536,2.49,2.4435,2.397,2.3505,2.3045,2.258,2.2115,2.165,2.119,2.0725,2.026,1.9795,1.9335,1.887,1.8405,1.794,1.748,1.7015,1.655,1.6085,1.5625,1.516,1.4695,1.423,1.377,1.3305,1.284,1.2375,1.1915,1.145,1.0985,1.052,1.006,0.9595,0.913,0.8665,0.8205,0.774,0.7275,0.681,0.635,0.5885,0.542,0.4955,0.4495,0.403,0.3565,0.31,0.264,0.2175,0.171,0.1245,0.0785,0.032,-0.0145,-0.061,-0.107,-0.1535,-0.2],"unit":"V"},"I":{"value":[-0.01616941,-0.01934137,-0.02215882,-0.02466061,-0.02687645,-0.02876559,-0.03000376,-0.03000381,-0.03000373,-0.03000371,-0.03000368,-0.03000367,-0.03000366,-0.03000367,-0.0300036,-0.03000357,-0.0300036,-0.02989621,-0.02933167,-0.02857735,-0.02763719,-0.02659219,-0.02544016,-0.0242554,-0.022965,-0.02160958,-0.02019206,-0.01877405,-0.01727793,-0.01574406,-0.01416892,-0.0126026,-0.01102121,-0.00930271,-0.00782665,-0.0063807,-0.00502161,-0.00380929,-0.00275148,-0.00179687,-0.00091542,-0.00019523,0.00048847,0.00096607,0.00121301,0.00146368,0.00161809,0.00172256,0.00179733,0.00185035,0.00188715,0.0019147,0.00193583,0.00195295,0.00196618,0.00197727,0.00198654,0.00199475,0.0020021,0.0020097,0.00201603,0.00202099,0.00202742,0.00203318,0.00203765,0.00204441,0.00204862,0.0020536,0.00205752,0.00206265],"unit":"A"},"J":{"unit":"A\/cm2","value":[-0.16169409999999998,-0.1934137,-0.22158819999999999,-0.2466061,-0.26876449999999996,-0.28765589999999996,-0.3000376,-0.3000381,-0.30003729999999995,-0.3000371,-0.3000368,-0.3000367,-0.3000366,-0.3000367,-0.30003599999999997,-0.30003569999999996,-0.30003599999999997,-0.29896209999999995,-0.2933167,-0.2857735,-0.27637189999999995,-0.2659219,-0.2544016,-0.242554,-0.22965,-0.21609579999999998,-0.2019206,-0.1877405,-0.1727793,-0.15744059999999999,-0.1416892,-0.126026,-0.1102121,-0.0930271,-0.07826649999999999,-0.06380699999999999,-0.0502161,-0.0380929,-0.0275148,-0.0179687,-0.0091542,-0.0019523000000000001,0.0048847,0.0096607,0.0121301,0.014636799999999998,0.016180899999999998,0.017225599999999997,0.017973299999999998,0.0185035,0.0188715,0.019147,0.0193583,0.019529499999999998,0.0196618,0.0197727,0.019865400000000002,0.0199475,0.020021,0.020097,0.020160299999999996,0.020209899999999996,0.020274199999999996,0.020331799999999997,0.020376499999999995,0.0204441,0.0204862,0.020536,0.020575200000000002,0.0206265]},"cell_dimension":{"value":0.1,"unit":"cm2"},"sweep_direction":{"unit":"","value":"Reverse"},"key":"Reverse9.4R CFM EA 100ul 15s_230517"},{"sample_area":{"value":0.1,"unit":"cm2"},"irradiance":{"value":1,"unit":""},"pre_sweep_delay":{"value":5,"unit":""},"bias_direction":{"value":0,"unit":""},"max_reverse_bias":{"value":-0.2,"unit":""},"max_forward_bias":{"value":3,"unit":""},"num_sweep_points":{"value":70,"unit":""},"dwell_time":{"value":10,"unit":""},"current_limit":{"value":-30,"unit":""},"pviv_10a_i_amp":{"value":0,"unit":""},"average":{"value":1,"unit":""},"dark_current":{"value":0,"unit":""},"rshunt_v_lo":{"value":-0.6,"unit":""},"rshunt_v_hi":{"value":-0.1,"unit":""},"voc":{"value":1.09236131,"unit":"V"},"isc":{"value":0.00204432,"unit":"A"},"jsc":{"value":20.44323749,"unit":"mA\/cm2"},"imax":{"value":0.00173285,"unit":"A"},"vmax":{"value":0.85333023,"unit":"V"},"pmax":{"value":1.47869722,"unit":"mW"},"fill_factor":{"value":66.2161,"unit":"%"},"efficiency":{"value":14.787,"unit":"%"},"r_at_voc":{"value":75.57503,"unit":""},"r_at_isc":{"value":9638.783,"unit":""},"power":{"value":0.00194853,"unit":"W"},"rshunt":{"value":"NaN","unit":"ohm"},"cell_temp_start":{"value":"NaN","unit":""},"cell_temp_end":{"value":"NaN","unit":""},"exposure":{"value":11.074,"unit":""},"time":{"value":"17:32:26","unit":""},"date":{"value":"05\/17\/2023","unit":""},"V":{"value":[3,2.9535,2.907,2.861,2.8145,2.768,2.7215,2.6755,2.629,2.5825,2.536,2.49,2.4435,2.397,2.3505,2.3045,2.258,2.2115,2.165,2.119,2.0725,2.026,1.9795,1.9335,1.887,1.8405,1.794,1.748,1.7015,1.655,1.6085,1.5625,1.516,1.4695,1.423,1.377,1.3305,1.284,1.2375,1.1915,1.145,1.0985,1.052,1.006,0.9595,0.913,0.8665,0.8205,0.774,0.7275,0.681,0.635,0.5885,0.542,0.4955,0.4495,0.403,0.3565,0.31,0.264,0.2175,0.171,0.1245,0.0785,0.032,-0.0145,-0.061,-0.107,-0.1535,-0.2],"unit":"V"},"I":{"value":[-0.012247,-0.01810231,-0.02211987,-0.02519065,-0.02781269,-0.02993691,-0.03000375,-0.0300037,-0.03000371,-0.03000361,-0.03000362,-0.03000361,-0.0300036,-0.03000361,-0.03000354,-0.03000356,-0.03000358,-0.03000354,-0.02984387,-0.02917971,-0.02827745,-0.02723008,-0.02605531,-0.0248237,-0.02349539,-0.02210526,-0.02064894,-0.01915833,-0.01762091,-0.01604237,-0.01442379,-0.0128167,-0.01117202,-0.00940996,-0.00787153,-0.00636974,-0.00497192,-0.00373491,-0.00266045,-0.00169182,-0.0007956,-8.123e-5,0.00053406,0.00105015,0.00132198,0.00156638,0.0017044,0.00179075,0.00184936,0.00189094,0.0019217,0.00194201,0.00195994,0.00197194,0.0019819,0.00199034,0.00199903,0.00200493,0.00201096,0.00201724,0.00202178,0.00202708,0.00203148,0.00203688,0.00204194,0.00204506,0.00205046,0.00205527,0.0020608,0.00206431],"unit":"A"},"J":{"unit":"A\/cm2","value":[-0.12246999999999998,-0.1810231,-0.2211987,-0.2519065,-0.2781269,-0.2993691,-0.30003749999999996,-0.300037,-0.3000371,-0.3000361,-0.3000362,-0.3000361,-0.30003599999999997,-0.3000361,-0.30003539999999995,-0.30003559999999996,-0.30003579999999996,-0.30003539999999995,-0.2984387,-0.2917971,-0.2827745,-0.2723008,-0.2605531,-0.24823699999999999,-0.2349539,-0.22105260000000002,-0.2064894,-0.1915833,-0.17620909999999998,-0.1604237,-0.1442379,-0.128167,-0.11172019999999999,-0.09409959999999999,-0.07871529999999999,-0.06369739999999999,-0.0497192,-0.037349099999999996,-0.0266045,-0.016918199999999998,-0.007956,-0.0008123000000000001,0.0053406,0.010501499999999999,0.013219799999999999,0.0156638,0.017044,0.0179075,0.0184936,0.0189094,0.019216999999999998,0.0194201,0.019599399999999996,0.0197194,0.019819,0.0199034,0.0199903,0.020049299999999996,0.0201096,0.0201724,0.020217799999999998,0.0202708,0.020314799999999997,0.0203688,0.020419399999999997,0.0204506,0.020504599999999998,0.0205527,0.020607999999999998,0.0206431]},"cell_dimension":{"value":0.1,"unit":"cm2"},"sweep_direction":{"unit":"","value":"Reverse"},"key":"Reverse9.3R CFM EA 100ul 15s_230517"},{"sample_area":{"value":0.1,"unit":"cm2"},"irradiance":{"value":1,"unit":""},"pre_sweep_delay":{"value":5,"unit":""},"bias_direction":{"value":0,"unit":""},"max_reverse_bias":{"value":-0.2,"unit":""},"max_forward_bias":{"value":3,"unit":""},"num_sweep_points":{"value":70,"unit":""},"dwell_time":{"value":10,"unit":""},"current_limit":{"value":-30,"unit":""},"pviv_10a_i_amp":{"value":0,"unit":""},"average":{"value":1,"unit":""},"dark_current":{"value":0,"unit":""},"rshunt_v_lo":{"value":-0.6,"unit":""},"rshunt_v_hi":{"value":-0.1,"unit":""},"voc":{"value":1.10151844,"unit":"V"},"isc":{"value":0.00200684,"unit":"A"},"jsc":{"value":20.06843253,"unit":"mA\/cm2"},"imax":{"value":0.00170191,"unit":"A"},"vmax":{"value":0.81874481,"unit":"V"},"pmax":{"value":1.39342726,"unit":"mW"},"fill_factor":{"value":63.0346,"unit":"%"},"efficiency":{"value":13.9343,"unit":"%"},"r_at_voc":{"value":114.49062,"unit":""},"r_at_isc":{"value":9398.972,"unit":""},"power":{"value":0.00187005,"unit":"W"},"rshunt":{"value":"NaN","unit":"ohm"},"cell_temp_start":{"value":"NaN","unit":""},"cell_temp_end":{"value":"NaN","unit":""},"exposure":{"value":10.871,"unit":""},"time":{"value":"17:32:04","unit":""},"date":{"value":"05\/17\/2023","unit":""},"V":{"value":[3,2.9535,2.907,2.861,2.8145,2.768,2.7215,2.6755,2.629,2.5825,2.536,2.49,2.4435,2.397,2.3505,2.3045,2.258,2.2115,2.165,2.119,2.0725,2.026,1.9795,1.9335,1.887,1.8405,1.794,1.748,1.7015,1.655,1.6085,1.5625,1.516,1.4695,1.423,1.377,1.3305,1.284,1.2375,1.1915,1.145,1.0985,1.052,1.006,0.9595,0.913,0.8665,0.8205,0.774,0.7275,0.681,0.635,0.5885,0.542,0.4955,0.4495,0.403,0.3565,0.31,0.264,0.2175,0.171,0.1245,0.0785,0.032,-0.0145,-0.061,-0.107,-0.1535,-0.2],"unit":"V"},"I":{"value":[-0.01160783,-0.01136614,-0.0121606,-0.0134629,-0.01455673,-0.01545855,-0.01614108,-0.01665448,-0.01700184,-0.01699179,-0.01695607,-0.01681308,-0.01590687,-0.01557577,-0.01538857,-0.01513852,-0.01482861,-0.01447868,-0.01410807,-0.01371269,-0.01328434,-0.01282669,-0.0123355,-0.01181866,-0.01126782,-0.01067955,-0.01004886,-0.00935577,-0.00868101,-0.00796687,-0.0072195,-0.0064679,-0.00569307,-0.00491349,-0.00413637,-0.00337889,-0.00264583,-0.00196537,-0.0013589,-0.00084667,-0.00037978,2.636e-5,0.0004128,0.00082311,0.00108876,0.00138329,0.00157698,0.00169823,0.00177845,0.00183115,0.00186785,0.0018945,0.00191512,0.00192822,0.00193898,0.00194795,0.00195746,0.00196483,0.00197134,0.00197598,0.00198258,0.00199007,0.00199561,0.00200189,0.00200651,0.00201031,0.00201366,0.00201701,0.00202121,0.00202556],"unit":"A"},"J":{"unit":"A\/cm2","value":[-0.1160783,-0.1136614,-0.121606,-0.134629,-0.14556729999999998,-0.1545855,-0.16141079999999997,-0.1665448,-0.1700184,-0.16991789999999998,-0.16956069999999998,-0.1681308,-0.15906869999999998,-0.15575769999999997,-0.1538857,-0.1513852,-0.1482861,-0.1447868,-0.1410807,-0.1371269,-0.1328434,-0.1282669,-0.12335499999999999,-0.11818659999999999,-0.11267819999999999,-0.10679549999999999,-0.1004886,-0.0935577,-0.08681009999999999,-0.07966869999999998,-0.072195,-0.064679,-0.056930699999999994,-0.0491349,-0.0413637,-0.0337889,-0.0264583,-0.0196537,-0.013588999999999999,-0.008466699999999999,-0.0037978,0.00026359999999999996,0.004128,0.0082311,0.010887599999999999,0.013832899999999999,0.015769799999999997,0.0169823,0.017784499999999998,0.018311499999999998,0.018678499999999997,0.018944999999999997,0.0191512,0.0192822,0.0193898,0.019479499999999997,0.019574599999999998,0.019648299999999997,0.019713399999999996,0.019759799999999998,0.019825799999999998,0.0199007,0.0199561,0.0200189,0.0200651,0.0201031,0.020136599999999998,0.0201701,0.020212099999999997,0.0202556]},"cell_dimension":{"value":0.1,"unit":"cm2"},"sweep_direction":{"unit":"","value":"Reverse"},"key":"Reverse9.2R CFM EA 100ul 15s_230517"},{"sample_area":{"value":0.1,"unit":"cm2"},"irradiance":{"value":1,"unit":""},"pre_sweep_delay":{"value":5,"unit":""},"bias_direction":{"value":0,"unit":""},"max_reverse_bias":{"value":-0.2,"unit":""},"max_forward_bias":{"value":3,"unit":""},"num_sweep_points":{"value":70,"unit":""},"dwell_time":{"value":10,"unit":""},"current_limit":{"value":-30,"unit":""},"pviv_10a_i_amp":{"value":0,"unit":""},"average":{"value":1,"unit":""},"dark_current":{"value":0,"unit":""},"rshunt_v_lo":{"value":-0.6,"unit":""},"rshunt_v_hi":{"value":-0.1,"unit":""},"voc":{"value":1.0966028,"unit":"V"},"isc":{"value":0.00200738,"unit":"A"},"jsc":{"value":20.0738002,"unit":"mA\/cm2"},"imax":{"value":0.00171668,"unit":"A"},"vmax":{"value":0.80991403,"unit":"V"},"pmax":{"value":1.39035999,"unit":"mW"},"fill_factor":{"value":63.1609,"unit":"%"},"efficiency":{"value":13.9036,"unit":"%"},"r_at_voc":{"value":127.53486,"unit":""},"r_at_isc":{"value":11977.569,"unit":""},"power":{"value":0.00186213,"unit":"W"},"rshunt":{"value":"NaN","unit":"ohm"},"cell_temp_start":{"value":"NaN","unit":""},"cell_temp_end":{"value":"NaN","unit":""},"exposure":{"value":11.275,"unit":""},"time":{"value":"17:31:38","unit":""},"date":{"value":"05\/17\/2023","unit":""},"V":{"value":[3,2.9535,2.907,2.861,2.8145,2.768,2.7215,2.6755,2.629,2.5825,2.536,2.49,2.4435,2.397,2.3505,2.3045,2.258,2.2115,2.165,2.119,2.0725,2.026,1.9795,1.9335,1.887,1.8405,1.794,1.748,1.7015,1.655,1.6085,1.5625,1.516,1.4695,1.423,1.377,1.3305,1.284,1.2375,1.1915,1.145,1.0985,1.052,1.006,0.9595,0.913,0.8665,0.8205,0.774,0.7275,0.681,0.635,0.5885,0.542,0.4955,0.4495,0.403,0.3565,0.31,0.264,0.2175,0.171,0.1245,0.0785,0.032,-0.0145,-0.061,-0.107,-0.1535,-0.2],"unit":"V"},"I":{"value":[-0.01351705,-0.01488992,-0.01578032,-0.01637363,-0.01674472,-0.01692023,-0.0167252,-0.0165257,-0.01693245,-0.01683792,-0.01679848,-0.01665514,-0.01641912,-0.01616534,-0.01581968,-0.01545724,-0.01506514,-0.01464742,-0.01420961,-0.01375371,-0.0132855,-0.01278533,-0.01226384,-0.01172219,-0.01114163,-0.01053032,-0.00985691,-0.00922752,-0.00855016,-0.0078406,-0.00709961,-0.00635732,-0.00559047,-0.00481833,-0.00404901,-0.00329843,-0.00257199,-0.00189965,-0.00130688,-0.00081354,-0.00037802,-1.778e-5,0.00035116,0.00075075,0.00102126,0.00134036,0.0015563,0.00169302,0.00178079,0.00183691,0.00187611,0.0019032,0.0019245,0.0019411,0.00195173,0.00196057,0.00196748,0.00197412,0.00197913,0.00198399,0.00198883,0.00199427,0.00199847,0.00200257,0.00200665,0.00201047,0.00201219,0.00201522,0.00201884,0.0020227],"unit":"A"},"J":{"unit":"A\/cm2","value":[-0.13517049999999997,-0.14889919999999998,-0.1578032,-0.1637363,-0.1674472,-0.1692023,-0.16725199999999998,-0.165257,-0.16932450000000002,-0.16837919999999998,-0.1679848,-0.1665514,-0.16419119999999998,-0.1616534,-0.15819679999999997,-0.1545724,-0.1506514,-0.1464742,-0.14209609999999998,-0.1375371,-0.132855,-0.12785329999999998,-0.1226384,-0.1172219,-0.1114163,-0.10530319999999999,-0.09856909999999999,-0.09227519999999999,-0.08550159999999998,-0.07840599999999999,-0.07099609999999999,-0.0635732,-0.0559047,-0.0481833,-0.040490099999999994,-0.0329843,-0.0257199,-0.0189965,-0.0130688,-0.0081354,-0.0037802,-0.00017779999999999998,0.0035115999999999997,0.007507499999999999,0.010212599999999999,0.0134036,0.015563,0.0169302,0.017807899999999998,0.0183691,0.0187611,0.019032,0.019244999999999998,0.019411,0.019517299999999998,0.0196057,0.0196748,0.0197412,0.019791299999999998,0.0198399,0.019888299999999998,0.019942699999999997,0.019984699999999998,0.020025699999999997,0.020066499999999998,0.020104699999999996,0.020121899999999998,0.0201522,0.0201884,0.020227]},"cell_dimension":{"value":0.1,"unit":"cm2"},"sweep_direction":{"unit":"","value":"Reverse"},"key":"Reverse9.1R CFM EA 100ul 15s_230517"},{"sample_area":{"value":0.1,"unit":"cm2"},"irradiance":{"value":1,"unit":""},"pre_sweep_delay":{"value":5,"unit":""},"bias_direction":{"value":1,"unit":""},"max_reverse_bias":{"value":-0.1,"unit":""},"max_forward_bias":{"value":1.2,"unit":""},"num_sweep_points":{"value":70,"unit":""},"dwell_time":{"value":10,"unit":""},"current_limit":{"value":-30,"unit":""},"pviv_10a_i_amp":{"value":0,"unit":""},"average":{"value":1,"unit":""},"dark_current":{"value":0,"unit":""},"rshunt_v_lo":{"value":-0.6,"unit":""},"rshunt_v_hi":{"value":-0.1,"unit":""},"voc":{"value":0.9903316,"unit":"V"},"isc":{"value":0.0019994,"unit":"A"},"jsc":{"value":19.99398349,"unit":"mA\/cm2"},"imax":{"value":0.00140095,"unit":"A"},"vmax":{"value":0.55333041,"unit":"V"},"pmax":{"value":0.77518823,"unit":"mW"},"fill_factor":{"value":39.1496,"unit":"%"},"efficiency":{"value":7.7519,"unit":"%"},"r_at_voc":{"value":269.408533,"unit":""},"r_at_isc":{"value":2417.057,"unit":""},"power":{"value":0.00131653,"unit":"W"},"rshunt":{"value":"NaN","unit":"ohm"},"cell_temp_start":{"value":"NaN","unit":""},"cell_temp_end":{"value":"NaN","unit":""},"exposure":{"value":11.137,"unit":""},"time":{"value":"22:53:21","unit":""},"date":{"value":"05\/17\/2023","unit":""},"V":{"value":[-0.1,-0.08115,-0.0623,-0.0435,-0.02465,-0.0058,0.01305,0.0319,0.0507,0.06955,0.0884,0.10725,0.1261,0.14495,0.16375,0.1826,0.20145,0.2203,0.23915,0.25795,0.2768,0.29565,0.3145,0.33335,0.35215,0.371,0.38985,0.4087,0.42755,0.4464,0.4652,0.48405,0.5029,0.52175,0.5406,0.5594,0.57825,0.5971,0.61595,0.6348,0.6536,0.67245,0.6913,0.71015,0.729,0.74785,0.76665,0.7855,0.80435,0.8232,0.84205,0.86085,0.8797,0.89855,0.9174,0.93625,0.95505,0.9739,0.99275,1.0116,1.03045,1.0493,1.0681,1.08695,1.1058,1.12465,1.1435,1.1623,1.18115,1.2],"unit":"V"},"I":{"value":[0.00202761,0.00202471,0.00202063,0.00201603,0.0020104,0.00200672,0.00200081,0.00199374,0.00198681,0.00197767,0.00197004,0.00196176,0.00195194,0.00194276,0.00193183,0.00192022,0.00190619,0.00189339,0.00187893,0.0018649,0.00184942,0.00183213,0.00181293,0.00179162,0.00176888,0.00174485,0.00172111,0.00169114,0.00166227,0.00162786,0.00159581,0.00155887,0.00151657,0.00147292,0.00142942,0.00138396,0.00133276,0.00128372,0.00123037,0.00117482,0.00111826,0.00106381,0.00100523,0.0009978,0.00091568,0.00084511,0.00077438,0.00070293,0.0006352,0.0005658,0.00049573,0.00042718,0.0003574,0.00028821,0.0002199,0.00015144,0.00015502,8.425e-5,3.654e-5,-5.99e-5,-0.00011859,-0.00021404,-0.00030342,-0.00039082,-0.00048223,-0.00057294,-0.00066855,-0.00076717,-0.00087435,-0.00098447],"unit":"A"},"J":{"unit":"A\/cm2","value":[0.0202761,0.020247099999999997,0.020206299999999996,0.020160299999999996,0.020103999999999997,0.0200672,0.020008099999999997,0.019937399999999997,0.019868099999999996,0.019776699999999998,0.0197004,0.0196176,0.0195194,0.0194276,0.0193183,0.0192022,0.0190619,0.0189339,0.0187893,0.018649,0.0184942,0.0183213,0.018129299999999998,0.0179162,0.017688799999999998,0.0174485,0.0172111,0.0169114,0.016622699999999997,0.0162786,0.0159581,0.015588699999999999,0.0151657,0.0147292,0.0142942,0.0138396,0.0133276,0.012837199999999998,0.012303699999999999,0.0117482,0.0111826,0.010638100000000001,0.010052299999999998,0.009978,0.0091568,0.0084511,0.0077437999999999995,0.0070293000000000005,0.006352,0.005658,0.0049572999999999996,0.004271799999999999,0.003574,0.0028821,0.002199,0.0015144,0.0015501999999999998,0.0008424999999999999,0.0003654,-0.0005989999999999999,-0.0011859,-0.0021403999999999998,-0.0030342,-0.0039082,-0.0048223,-0.005729399999999999,-0.0066855,-0.007671699999999999,-0.0087435,-0.0098447]},"cell_dimension":{"value":0.1,"unit":"cm2"},"sweep_direction":{"unit":"","value":"Forward"},"key":"Forward9.7F CFM EA 100ul 15s_230517"},{"sample_area":{"value":0.1,"unit":"cm2"},"irradiance":{"value":1,"unit":""},"pre_sweep_delay":{"value":5,"unit":""},"bias_direction":{"value":1,"unit":""},"max_reverse_bias":{"value":-0.1,"unit":""},"max_forward_bias":{"value":1.2,"unit":""},"num_sweep_points":{"value":70,"unit":""},"dwell_time":{"value":10,"unit":""},"current_limit":{"value":-30,"unit":""},"pviv_10a_i_amp":{"value":0,"unit":""},"average":{"value":1,"unit":""},"dark_current":{"value":0,"unit":""},"rshunt_v_lo":{"value":-0.6,"unit":""},"rshunt_v_hi":{"value":-0.1,"unit":""},"voc":{"value":0.98234912,"unit":"V"},"isc":{"value":0.00201125,"unit":"A"},"jsc":{"value":20.1124689,"unit":"mA\/cm2"},"imax":{"value":0.00150965,"unit":"A"},"vmax":{"value":0.56609296,"unit":"V"},"pmax":{"value":0.85460191,"unit":"mW"},"fill_factor":{"value":43.2546,"unit":"%"},"efficiency":{"value":8.546,"unit":"%"},"r_at_voc":{"value":240.667978,"unit":""},"r_at_isc":{"value":3194.933,"unit":""},"power":{"value":0.00139494,"unit":"W"},"rshunt":{"value":"NaN","unit":"ohm"},"cell_temp_start":{"value":"NaN","unit":""},"cell_temp_end":{"value":"NaN","unit":""},"exposure":{"value":11.277,"unit":""},"time":{"value":"22:53:03","unit":""},"date":{"value":"05\/17\/2023","unit":""},"V":{"value":[-0.1,-0.08115,-0.0623,-0.0435,-0.02465,-0.0058,0.01305,0.0319,0.0507,0.06955,0.0884,0.10725,0.1261,0.14495,0.16375,0.1826,0.20145,0.2203,0.23915,0.25795,0.2768,0.29565,0.3145,0.33335,0.35215,0.371,0.38985,0.4087,0.42755,0.4464,0.4652,0.48405,0.5029,0.52175,0.5406,0.5594,0.57825,0.5971,0.61595,0.6348,0.6536,0.67245,0.6913,0.71015,0.729,0.74785,0.76665,0.7855,0.80435,0.8232,0.84205,0.86085,0.8797,0.89855,0.9174,0.93625,0.95505,0.9739,0.99275,1.0116,1.03045,1.0493,1.0681,1.08695,1.1058,1.12465,1.1435,1.1623,1.18115,1.2],"unit":"V"},"I":{"value":[0.00202919,0.00202691,0.00202405,0.00202024,0.00201595,0.00201349,0.00201127,0.0020063,0.00200151,0.00199808,0.00199232,0.00198634,0.00198123,0.00197469,0.00196822,0.00196058,0.00195312,0.00194373,0.00193404,0.0019226,0.00191177,0.00189922,0.00188292,0.00186892,0.00185195,0.00183393,0.00181386,0.00179235,0.0017686,0.00174172,0.00171162,0.00167966,0.00164325,0.00160396,0.00156259,0.00151743,0.00146983,0.00141843,0.00136493,0.00130503,0.00124413,0.00117999,0.00111404,0.00104663,0.00113546,0.00101386,0.00097133,0.00085742,0.00075841,0.00066429,0.00057375,0.00048566,0.00039985,0.00031434,0.00023021,0.00014758,0.00016733,8.222e-5,-2.948e-5,-7.631e-5,-0.0001901,-0.00029309,-0.00039367,-0.00049593,-0.00060068,-0.00070968,-0.00082441,-0.00094647,-0.00104508,-0.00119868],"unit":"A"},"J":{"unit":"A\/cm2","value":[0.0202919,0.020269099999999998,0.020240499999999998,0.0202024,0.020159499999999997,0.0201349,0.020112699999999997,0.020062999999999998,0.0200151,0.0199808,0.0199232,0.0198634,0.019812299999999998,0.019746899999999998,0.0196822,0.0196058,0.0195312,0.0194373,0.019340399999999997,0.019226,0.019117699999999998,0.0189922,0.018829199999999997,0.0186892,0.018519499999999998,0.0183393,0.018138599999999998,0.0179235,0.017685999999999997,0.017417199999999997,0.017116199999999998,0.0167966,0.0164325,0.016039599999999998,0.015625899999999998,0.015174299999999998,0.014698300000000001,0.0141843,0.0136493,0.013050299999999999,0.012441299999999999,0.011799899999999999,0.011140399999999998,0.0104663,0.0113546,0.010138600000000001,0.0097133,0.008574199999999999,0.0075841,0.006642899999999999,0.0057375,0.0048566,0.0039984999999999995,0.0031433999999999998,0.0023021,0.0014757999999999998,0.0016733,0.0008221999999999999,-0.00029479999999999996,-0.0007631000000000001,-0.0019010000000000001,-0.0029308999999999997,-0.0039367,-0.0049593,-0.0060068,-0.0070967999999999995,-0.008244099999999999,-0.0094647,-0.0104508,-0.011986799999999999]},"cell_dimension":{"value":0.1,"unit":"cm2"},"sweep_direction":{"unit":"","value":"Forward"},"key":"Forward9.6F CFM EA 100ul 15s_230517"},{"sample_area":{"value":0.1,"unit":"cm2"},"irradiance":{"value":1,"unit":""},"pre_sweep_delay":{"value":5,"unit":""},"bias_direction":{"value":1,"unit":""},"max_reverse_bias":{"value":-0.1,"unit":""},"max_forward_bias":{"value":1.2,"unit":""},"num_sweep_points":{"value":70,"unit":""},"dwell_time":{"value":10,"unit":""},"current_limit":{"value":-30,"unit":""},"pviv_10a_i_amp":{"value":0,"unit":""},"average":{"value":1,"unit":""},"dark_current":{"value":0,"unit":""},"rshunt_v_lo":{"value":-0.6,"unit":""},"rshunt_v_hi":{"value":-0.1,"unit":""},"voc":{"value":1.01421343,"unit":"V"},"isc":{"value":0.00202465,"unit":"A"},"jsc":{"value":20.24646193,"unit":"mA\/cm2"},"imax":{"value":0.00134361,"unit":"A"},"vmax":{"value":0.52128577,"unit":"V"},"pmax":{"value":0.70040412,"unit":"mW"},"fill_factor":{"value":34.1091,"unit":"%"},"efficiency":{"value":7.004,"unit":"%"},"r_at_voc":{"value":377.800886,"unit":""},"r_at_isc":{"value":2101.346,"unit":""},"power":{"value":0.00126117,"unit":"W"},"rshunt":{"value":"NaN","unit":"ohm"},"cell_temp_start":{"value":"NaN","unit":""},"cell_temp_end":{"value":"NaN","unit":""},"exposure":{"value":10.74,"unit":""},"time":{"value":"22:52:38","unit":""},"date":{"value":"05\/17\/2023","unit":""},"V":{"value":[-0.1,-0.08115,-0.0623,-0.0435,-0.02465,-0.0058,0.01305,0.0319,0.0507,0.06955,0.0884,0.10725,0.1261,0.14495,0.16375,0.1826,0.20145,0.2203,0.23915,0.25795,0.2768,0.29565,0.3145,0.33335,0.35215,0.371,0.38985,0.4087,0.42755,0.4464,0.4652,0.48405,0.5029,0.52175,0.5406,0.5594,0.57825,0.5971,0.61595,0.6348,0.6536,0.67245,0.6913,0.71015,0.729,0.74785,0.76665,0.7855,0.80435,0.8232,0.84205,0.86085,0.8797,0.89855,0.9174,0.93625,0.95505,0.9739,0.99275,1.0116,1.03045,1.0493,1.0681,1.08695,1.1058,1.12465,1.1435,1.1623,1.18115,1.2],"unit":"V"},"I":{"value":[0.00205372,0.00205239,0.00204937,0.00204573,0.00204133,0.00203579,0.00202899,0.00202096,0.00201177,0.0020018,0.00199096,0.00197948,0.00196655,0.00195221,0.00193516,0.00191756,0.00189756,0.00187715,0.00185582,0.00183224,0.00180631,0.00178093,0.00175331,0.00172156,0.00168898,0.00165714,0.001626,0.00158991,0.00155766,0.0015173,0.00147473,0.00143178,0.00138893,0.00134127,0.00129276,0.00124521,0.00119408,0.00114236,0.00109257,0.00103965,0.00103107,0.00096535,0.00090414,0.00084418,0.00078822,0.00073024,0.00067468,0.00061929,0.0005648,0.00051103,0.00045748,0.00040485,0.00035231,0.0003028,0.00025081,0.00020097,0.00015104,0.00010147,7.233e-5,1.463e-5,-4.038e-5,-9.511e-5,-0.00012732,-0.00019319,-0.00025902,-0.00032641,-0.00039657,-0.0004706,-0.00055028,-0.00063382],"unit":"A"},"J":{"unit":"A\/cm2","value":[0.020537200000000002,0.020523899999999998,0.0204937,0.020457299999999998,0.0204133,0.020357899999999998,0.0202899,0.020209599999999998,0.0201177,0.020018,0.0199096,0.019794799999999998,0.0196655,0.0195221,0.0193516,0.019175599999999998,0.0189756,0.0187715,0.0185582,0.0183224,0.0180631,0.0178093,0.0175331,0.017215599999999998,0.0168898,0.0165714,0.01626,0.0158991,0.0155766,0.015173,0.0147473,0.014317799999999999,0.0138893,0.0134127,0.0129276,0.0124521,0.011940799999999998,0.011423599999999999,0.010925699999999998,0.0103965,0.010310699999999999,0.009653499999999999,0.0090414,0.0084418,0.007882199999999999,0.007302399999999999,0.0067468,0.0061928999999999994,0.005647999999999999,0.0051103,0.0045747999999999995,0.0040485,0.0035231,0.003028,0.0025081,0.0020096999999999997,0.0015103999999999999,0.0010146999999999999,0.0007232999999999999,0.0001463,-0.0004038,-0.0009511,-0.0012732,-0.0019319,-0.0025902,-0.0032641,-0.0039657,-0.004706,-0.0055027999999999995,-0.0063381999999999996]},"cell_dimension":{"value":0.1,"unit":"cm2"},"sweep_direction":{"unit":"","value":"Forward"},"key":"Forward9.5F CFM EA 100ul 15s_230517"},{"sample_area":{"value":0.1,"unit":"cm2"},"irradiance":{"value":1,"unit":""},"pre_sweep_delay":{"value":5,"unit":""},"bias_direction":{"value":1,"unit":""},"max_reverse_bias":{"value":-0.1,"unit":""},"max_forward_bias":{"value":1.2,"unit":""},"num_sweep_points":{"value":70,"unit":""},"dwell_time":{"value":10,"unit":""},"current_limit":{"value":-30,"unit":""},"pviv_10a_i_amp":{"value":0,"unit":""},"average":{"value":1,"unit":""},"dark_current":{"value":0,"unit":""},"rshunt_v_lo":{"value":-0.6,"unit":""},"rshunt_v_hi":{"value":-0.1,"unit":""},"voc":{"value":1.03870852,"unit":"V"},"isc":{"value":0.00200978,"unit":"A"},"jsc":{"value":20.09781186,"unit":"mA\/cm2"},"imax":{"value":0.00111928,"unit":"A"},"vmax":{"value":0.6536,"unit":"V"},"pmax":{"value":0.73156337,"unit":"mW"},"fill_factor":{"value":35.0437,"unit":"%"},"efficiency":{"value":7.3156,"unit":"%"},"r_at_voc":{"value":306.430062,"unit":""},"r_at_isc":{"value":1846.182,"unit":""},"power":{"value":0.00124378,"unit":"W"},"rshunt":{"value":"NaN","unit":"ohm"},"cell_temp_start":{"value":"NaN","unit":""},"cell_temp_end":{"value":"NaN","unit":""},"exposure":{"value":11.541,"unit":""},"time":{"value":"22:52:11","unit":""},"date":{"value":"05\/17\/2023","unit":""},"V":{"value":[-0.1,-0.08115,-0.0623,-0.0435,-0.02465,-0.0058,0.01305,0.0319,0.0507,0.06955,0.0884,0.10725,0.1261,0.14495,0.16375,0.1826,0.20145,0.2203,0.23915,0.25795,0.2768,0.29565,0.3145,0.33335,0.35215,0.371,0.38985,0.4087,0.42755,0.4464,0.4652,0.48405,0.5029,0.52175,0.5406,0.5594,0.57825,0.5971,0.61595,0.6348,0.6536,0.67245,0.6913,0.71015,0.729,0.74785,0.76665,0.7855,0.80435,0.8232,0.84205,0.86085,0.8797,0.89855,0.9174,0.93625,0.95505,0.9739,0.99275,1.0116,1.03045,1.0493,1.0681,1.08695,1.1058,1.12465,1.1435,1.1623,1.18115,1.2],"unit":"V"},"I":{"value":[0.00204128,0.00204407,0.00204248,0.00203949,0.0020325,0.00202537,0.00201898,0.00200667,0.00199353,0.00197648,0.00195938,0.0019402,0.00192089,0.00189968,0.00187677,0.00185467,0.00183223,0.00180757,0.00178057,0.00175603,0.00172868,0.00170047,0.00167181,0.00164173,0.00161058,0.00157626,0.00154299,0.00150966,0.00146983,0.00143679,0.00139754,0.00136094,0.00132094,0.00128054,0.00123445,0.00118772,0.00114164,0.00109638,0.0010471,0.00100086,0.00111928,0.00102123,0.00100573,0.00091329,0.00084294,0.0007754,0.00071252,0.00065209,0.00059548,0.00054097,0.00048682,0.00043529,0.00038395,0.00033454,0.0002857,0.00023879,0.00019141,0.00014515,0.00016507,0.00013181,6.681e-5,2.3e-6,-5.94e-5,-0.00012793,-0.00021243,-0.00029636,-0.00038581,-0.00048146,-0.00058597,-0.00069719],"unit":"A"},"J":{"unit":"A\/cm2","value":[0.0204128,0.020440699999999996,0.0204248,0.0203949,0.020325,0.020253699999999996,0.0201898,0.020066699999999996,0.019935299999999996,0.0197648,0.0195938,0.019402,0.019208899999999998,0.018996799999999998,0.0187677,0.0185467,0.0183223,0.0180757,0.017805699999999997,0.017560299999999997,0.017286799999999998,0.017004699999999998,0.0167181,0.0164173,0.016105799999999997,0.015762599999999998,0.015429899999999998,0.015096599999999998,0.014698300000000001,0.0143679,0.0139754,0.013609399999999999,0.0132094,0.012805399999999998,0.0123445,0.0118772,0.011416399999999998,0.010963800000000001,0.010471,0.010008599999999998,0.0111928,0.010212299999999999,0.0100573,0.0091329,0.0084294,0.007754,0.0071252,0.0065209,0.0059548,0.0054097,0.0048682,0.0043529,0.0038394999999999996,0.0033453999999999997,0.0028569999999999997,0.0023879,0.0019141,0.0014514999999999999,0.0016506999999999997,0.0013181,0.0006681,2.3e-5,-0.000594,-0.0012793,-0.0021243,-0.0029636,-0.0038580999999999997,-0.0048146,-0.0058597,-0.0069719]},"cell_dimension":{"value":0.1,"unit":"cm2"},"sweep_direction":{"unit":"","value":"Forward"},"key":"Forward9.4F CFM EA 100ul 15s_230517"},{"sample_area":{"value":0.1,"unit":"cm2"},"irradiance":{"value":1,"unit":""},"pre_sweep_delay":{"value":5,"unit":""},"bias_direction":{"value":1,"unit":""},"max_reverse_bias":{"value":-0.1,"unit":""},"max_forward_bias":{"value":1.2,"unit":""},"num_sweep_points":{"value":70,"unit":""},"dwell_time":{"value":10,"unit":""},"current_limit":{"value":-30,"unit":""},"pviv_10a_i_amp":{"value":0,"unit":""},"average":{"value":1,"unit":""},"dark_current":{"value":0,"unit":""},"rshunt_v_lo":{"value":-0.6,"unit":""},"rshunt_v_hi":{"value":-0.1,"unit":""},"voc":{"value":1.04235217,"unit":"V"},"isc":{"value":0.00201049,"unit":"A"},"jsc":{"value":20.10490947,"unit":"mA\/cm2"},"imax":{"value":0.0011255,"unit":"A"},"vmax":{"value":0.6348,"unit":"V"},"pmax":{"value":0.71446486,"unit":"mW"},"fill_factor":{"value":34.0929,"unit":"%"},"efficiency":{"value":7.1446,"unit":"%"},"r_at_voc":{"value":334.713403,"unit":""},"r_at_isc":{"value":1819.487,"unit":""},"power":{"value":0.00121729,"unit":"W"},"rshunt":{"value":"NaN","unit":"ohm"},"cell_temp_start":{"value":"NaN","unit":""},"cell_temp_end":{"value":"NaN","unit":""},"exposure":{"value":11.543,"unit":""},"time":{"value":"22:51:53","unit":""},"date":{"value":"05\/17\/2023","unit":""},"V":{"value":[-0.1,-0.08115,-0.0623,-0.0435,-0.02465,-0.0058,0.01305,0.0319,0.0507,0.06955,0.0884,0.10725,0.1261,0.14495,0.16375,0.1826,0.20145,0.2203,0.23915,0.25795,0.2768,0.29565,0.3145,0.33335,0.35215,0.371,0.38985,0.4087,0.42755,0.4464,0.4652,0.48405,0.5029,0.52175,0.5406,0.5594,0.57825,0.5971,0.61595,0.6348,0.6536,0.67245,0.6913,0.71015,0.729,0.74785,0.76665,0.7855,0.80435,0.8232,0.84205,0.86085,0.8797,0.89855,0.9174,0.93625,0.95505,0.9739,0.99275,1.0116,1.03045,1.0493,1.0681,1.08695,1.1058,1.12465,1.1435,1.1623,1.18115,1.2],"unit":"V"},"I":{"value":[0.00204227,0.00204577,0.00204493,0.00204215,0.00203743,0.00202939,0.00201852,0.00200497,0.00198979,0.00197146,0.0019519,0.00193042,0.00190595,0.00188007,0.00185639,0.00182681,0.00180108,0.00177521,0.00174785,0.001717,0.0016891,0.00165909,0.00163053,0.00160009,0.0015725,0.00153913,0.00150593,0.00147086,0.00143663,0.00139831,0.00135906,0.00131786,0.00127681,0.00123457,0.00119105,0.00114628,0.00110542,0.0010577,0.00101224,0.0011255,0.00103006,0.00101737,0.0009331,0.00086192,0.00079485,0.00073339,0.00067606,0.00062213,0.0005659,0.00051556,0.00046216,0.00041269,0.00036624,0.00031747,0.0002726,0.00022763,0.00018343,0.00013996,0.0001589,0.00013152,7.229e-5,2.637e-5,-4.821e-5,-0.00010507,-0.00018267,-0.00026066,-0.00034344,-0.00043052,-0.00052544,-0.00062901],"unit":"A"},"J":{"unit":"A\/cm2","value":[0.0204227,0.0204577,0.020449299999999997,0.0204215,0.020374299999999998,0.020293899999999997,0.0201852,0.0200497,0.0198979,0.0197146,0.019518999999999998,0.019304199999999997,0.0190595,0.0188007,0.0185639,0.0182681,0.0180108,0.0177521,0.017478499999999998,0.017169999999999998,0.016891,0.0165909,0.0163053,0.0160009,0.015725,0.0153913,0.0150593,0.0147086,0.014366299999999999,0.0139831,0.0135906,0.013178599999999999,0.0127681,0.0123457,0.0119105,0.011462799999999999,0.011054199999999998,0.010577,0.010122399999999998,0.011255,0.010300599999999998,0.0101737,0.009330999999999999,0.008619199999999999,0.0079485,0.0073339,0.0067606,0.0062213,0.005659,0.0051556,0.004621599999999999,0.0041269,0.0036623999999999997,0.0031746999999999995,0.002726,0.0022762999999999998,0.0018342999999999999,0.0013996,0.0015890000000000001,0.0013151999999999999,0.0007229,0.00026369999999999996,-0.0004821,-0.0010507,-0.0018267000000000001,-0.0026066,-0.0034343999999999998,-0.0043051999999999995,-0.005254399999999999,-0.0062901]},"cell_dimension":{"value":0.1,"unit":"cm2"},"sweep_direction":{"unit":"","value":"Forward"},"key":"Forward9.3F CFM EA 100ul 15s_230517"},{"sample_area":{"value":0.1,"unit":"cm2"},"irradiance":{"value":1,"unit":""},"pre_sweep_delay":{"value":5,"unit":""},"bias_direction":{"value":1,"unit":""},"max_reverse_bias":{"value":-0.1,"unit":""},"max_forward_bias":{"value":1.2,"unit":""},"num_sweep_points":{"value":70,"unit":""},"dwell_time":{"value":10,"unit":""},"current_limit":{"value":-30,"unit":""},"pviv_10a_i_amp":{"value":0,"unit":""},"average":{"value":1,"unit":""},"dark_current":{"value":0,"unit":""},"rshunt_v_lo":{"value":-0.6,"unit":""},"rshunt_v_hi":{"value":-0.1,"unit":""},"voc":{"value":1.05969565,"unit":"V"},"isc":{"value":0.00194061,"unit":"A"},"jsc":{"value":19.40611352,"unit":"mA\/cm2"},"imax":{"value":0.00103324,"unit":"A"},"vmax":{"value":0.57813569,"unit":"V"},"pmax":{"value":0.5973512,"unit":"mW"},"fill_factor":{"value":29.0476,"unit":"%"},"efficiency":{"value":5.9735,"unit":"%"},"r_at_voc":{"value":462.836302,"unit":""},"r_at_isc":{"value":1316.383,"unit":""},"power":{"value":0.00114111,"unit":"W"},"rshunt":{"value":"NaN","unit":"ohm"},"cell_temp_start":{"value":"NaN","unit":""},"cell_temp_end":{"value":"NaN","unit":""},"exposure":{"value":10.94,"unit":""},"time":{"value":"22:51:27","unit":""},"date":{"value":"05\/17\/2023","unit":""},"V":{"value":[-0.1,-0.08115,-0.0623,-0.0435,-0.02465,-0.0058,0.01305,0.0319,0.0507,0.06955,0.0884,0.10725,0.1261,0.14495,0.16375,0.1826,0.20145,0.2203,0.23915,0.25795,0.2768,0.29565,0.3145,0.33335,0.35215,0.371,0.38985,0.4087,0.42755,0.4464,0.4652,0.48405,0.5029,0.52175,0.5406,0.5594,0.57825,0.5971,0.61595,0.6348,0.6536,0.67245,0.6913,0.71015,0.729,0.74785,0.76665,0.7855,0.80435,0.8232,0.84205,0.86085,0.8797,0.89855,0.9174,0.93625,0.95505,0.9739,0.99275,1.0116,1.03045,1.0493,1.0681,1.08695,1.1058,1.12465,1.1435,1.1623,1.18115,1.2],"unit":"V"},"I":{"value":[0.0019981,0.00199742,0.00199152,0.00198214,0.00197096,0.00195683,0.00194054,0.00192086,0.00190116,0.00188109,0.00186006,0.00183741,0.00181494,0.00179192,0.00176799,0.00174256,0.00171583,0.00168936,0.00166132,0.00163238,0.00160368,0.00157392,0.00154207,0.0015098,0.00147648,0.00144224,0.00140715,0.00137184,0.00133483,0.00129743,0.00125952,0.00122084,0.00118277,0.00114402,0.0011039,0.00106408,0.00102289,0.00101443,0.00096321,0.00091768,0.00087388,0.00082983,0.00078638,0.00074276,0.00069995,0.00065759,0.0006149,0.00057231,0.00053,0.00048731,0.00044563,0.00040436,0.00036323,0.00032288,0.00028271,0.00024344,0.00020435,0.0001657,0.00012703,0.00011811,7.917e-5,3.231e-5,-1.242e-5,-5.699e-5,-0.00010183,-0.00013573,-0.00018408,-0.00023145,-0.00027987,-0.00032841],"unit":"A"},"J":{"unit":"A\/cm2","value":[0.019981,0.0199742,0.0199152,0.019821399999999996,0.019709599999999997,0.0195683,0.0194054,0.0192086,0.0190116,0.0188109,0.0186006,0.0183741,0.0181494,0.0179192,0.0176799,0.0174256,0.017158299999999998,0.016893599999999998,0.016613199999999998,0.0163238,0.016036799999999997,0.0157392,0.015420699999999999,0.015097999999999999,0.0147648,0.0144224,0.014071499999999999,0.0137184,0.013348299999999999,0.0129743,0.0125952,0.0122084,0.0118277,0.0114402,0.011039,0.010640799999999999,0.010228899999999999,0.010144299999999998,0.0096321,0.0091768,0.0087388,0.0082983,0.0078638,0.0074275999999999995,0.0069995,0.0065759,0.006149,0.0057231,0.005299999999999999,0.0048731,0.0044563,0.0040436,0.0036322999999999998,0.0032288,0.0028270999999999995,0.0024343999999999998,0.0020434999999999997,0.0016569999999999998,0.0012703,0.0011811,0.0007917,0.0003231,-0.00012419999999999998,-0.0005699,-0.0010183,-0.0013572999999999999,-0.0018408,-0.0023144999999999997,-0.0027987,-0.0032841]},"cell_dimension":{"value":0.1,"unit":"cm2"},"sweep_direction":{"unit":"","value":"Forward"},"key":"Forward9.2F CFM EA 100ul 15s_230517"},{"sample_area":{"value":0.1,"unit":"cm2"},"irradiance":{"value":1,"unit":""},"pre_sweep_delay":{"value":5,"unit":""},"bias_direction":{"value":1,"unit":""},"max_reverse_bias":{"value":-0.1,"unit":""},"max_forward_bias":{"value":1.2,"unit":""},"num_sweep_points":{"value":70,"unit":""},"dwell_time":{"value":10,"unit":""},"current_limit":{"value":-30,"unit":""},"pviv_10a_i_amp":{"value":0,"unit":""},"average":{"value":1,"unit":""},"dark_current":{"value":0,"unit":""},"rshunt_v_lo":{"value":-0.6,"unit":""},"rshunt_v_hi":{"value":-0.1,"unit":""},"voc":{"value":1.05022348,"unit":"V"},"isc":{"value":0.00191597,"unit":"A"},"jsc":{"value":19.15970456,"unit":"mA\/cm2"},"imax":{"value":0.00100454,"unit":"A"},"vmax":{"value":0.5422768,"unit":"V"},"pmax":{"value":0.54474144,"unit":"mW"},"fill_factor":{"value":27.072,"unit":"%"},"efficiency":{"value":5.4474,"unit":"%"},"r_at_voc":{"value":500.080292,"unit":""},"r_at_isc":{"value":1007.452,"unit":""},"power":{"value":0.00105104,"unit":"W"},"rshunt":{"value":"NaN","unit":"ohm"},"cell_temp_start":{"value":"NaN","unit":""},"cell_temp_end":{"value":"NaN","unit":""},"exposure":{"value":11.207,"unit":""},"time":{"value":"22:51:12","unit":""},"date":{"value":"05\/17\/2023","unit":""},"V":{"value":[-0.1,-0.08115,-0.0623,-0.0435,-0.02465,-0.0058,0.01305,0.0319,0.0507,0.06955,0.0884,0.10725,0.1261,0.14495,0.16375,0.1826,0.20145,0.2203,0.23915,0.25795,0.2768,0.29565,0.3145,0.33335,0.35215,0.371,0.38985,0.4087,0.42755,0.4464,0.4652,0.48405,0.5029,0.52175,0.5406,0.5594,0.57825,0.5971,0.61595,0.6348,0.6536,0.67245,0.6913,0.71015,0.729,0.74785,0.76665,0.7855,0.80435,0.8232,0.84205,0.86085,0.8797,0.89855,0.9174,0.93625,0.95505,0.9739,0.99275,1.0116,1.03045,1.0493,1.0681,1.08695,1.1058,1.12465,1.1435,1.1623,1.18115,1.2],"unit":"V"},"I":{"value":[0.00199347,0.00199269,0.00198579,0.00197173,0.00195389,0.00193307,0.00191194,0.00188526,0.00185814,0.00183187,0.0018028,0.00177403,0.00174445,0.00171552,0.00168547,0.0016564,0.00162614,0.00159378,0.00156232,0.00153028,0.00149803,0.00146562,0.00143245,0.00139827,0.00136407,0.00132878,0.00129247,0.00125596,0.00121993,0.00118157,0.00114288,0.00110521,0.00106645,0.0010292,0.00102373,0.00097254,0.00092824,0.00088576,0.00084374,0.00080244,0.00076051,0.00071963,0.00067892,0.00063743,0.00059714,0.00055765,0.00051749,0.00047823,0.00043966,0.00040142,0.00036373,0.00032715,0.00029116,0.0002563,0.00022179,0.0001879,0.00015452,0.00012128,0.00012372,9.107e-5,4.775e-5,2.871e-5,-1.819e-5,-6.401e-5,-9.429e-5,-0.00014594,-0.00019757,-0.00025037,-0.00030495,-0.00036133],"unit":"A"},"J":{"unit":"A\/cm2","value":[0.019934699999999996,0.0199269,0.019857899999999998,0.0197173,0.019538899999999998,0.0193307,0.019119399999999998,0.018852599999999997,0.0185814,0.0183187,0.018028,0.0177403,0.017444499999999998,0.0171552,0.016854699999999997,0.016564,0.0162614,0.0159378,0.0156232,0.015302799999999998,0.0149803,0.0146562,0.0143245,0.0139827,0.013640699999999999,0.013287799999999999,0.012924699999999999,0.012559599999999999,0.012199299999999998,0.0118157,0.0114288,0.011052099999999999,0.0106645,0.010292,0.0102373,0.0097254,0.0092824,0.008857599999999998,0.0084374,0.0080244,0.0076051,0.007196299999999999,0.0067892,0.0063743,0.0059714,0.0055765,0.0051749,0.0047823,0.0043966,0.0040142,0.0036372999999999996,0.0032715,0.0029116,0.0025629999999999997,0.0022179,0.0018789999999999998,0.0015452,0.0012128,0.0012371999999999997,0.0009106999999999999,0.0004775,0.0002871,-0.0001819,-0.0006401,-0.0009428999999999999,-0.0014594,-0.0019757,-0.0025036999999999998,-0.0030495,-0.0036133]},"cell_dimension":{"value":0.1,"unit":"cm2"},"sweep_direction":{"unit":"","value":"Forward"},"key":"Forward9.1F CFM EA 100ul 15s_230517"}]}}