{"_id":"654244881ef06452ee7934e6","id":"KNU-SC-00165","author":79,"group":8,"input":[{"tco":{"unit":"","value":"FTO"}},[],{"etl":[{"material":{"unit":"","value":"SnO2"},"concentration":{"unit":"","value":"0.15"},"conc_unit":{"unit":"","value":"g"},"quantity":{"unit":"ml","value":"1"}}],"solvent":[{"material":{"unit":"","value":"DI Water"},"volume":{"unit":"ml","value":"4"}}],"spin_coating":[{"type":{"unit":"","value":"dynamic"},"rpm":{"unit":"","value":"3000"},"time":{"unit":"s","value":"30"}}],"vacuum_suction":[{"unit":"s","value":"0"}],"annealing":[{"temperature":{"unit":"oC","value":"150"},"time":{"unit":"m","value":"30"}}]},{"solvent":[{"material":{"unit":"","value":"IPA"},"volume":{"unit":"ml","value":"01"}},{"material":{"unit":"","value":"DMSO"},"volume":{"unit":"ml","value":"0"}}],"spin_coating":[{"type":{"unit":"","value":"dynamic"},"rpm":{"unit":"","value":"4000"},"time":{"unit":"s","value":"30"}}],"vacuum_suction":[{"unit":"s","value":"0"}],"annealing":[{"temperature":{"unit":"oC","value":"0"},"time":{"unit":"m","value":"0"}}],"module":[{"type":{"unit":"","value":"Bar coating"},"gap":{"unit":"um","value":"0"},"coating_speed":{"unit":"mm\/s","value":"0"},"feeding_amount":{"unit":"ul","value":"0"}}],"thermal_evaporation":[{"evaporation_rate":{"unit":"A\/s","value":null},"vacuum_pressure":{"unit":"uTorr","value":null},"vacuum_evaporation_thickness":{"unit":"nm","value":"0"}}]},[],{"perovskite":{"method":{"unit":"","value":"1step"},"molarity":{"unit":"M","value":"1.5"},"a_site":[{"material":{"unit":"","value":"FA"},"ratio":{"unit":"","value":"100"}},{"material":{"unit":"","value":"Cs"},"ratio":{"unit":"","value":"0"}},{"material":{"unit":"","value":"MA"},"ratio":{"unit":"","value":"0"}}],"b_site":[{"material":{"unit":"","value":"Pb"},"ratio":{"unit":"","value":"100"}},{"material":{"unit":"","value":"Sn"},"ratio":{"unit":"","value":"0"}}],"x_site":[{"material":{"unit":"","value":"I"},"ratio":{"unit":"","value":"300"}},{"material":{"unit":"","value":"Br"},"ratio":{"unit":"","value":"0"}},{"material":{"unit":"","value":"Cl"},"ratio":{"unit":"","value":"0"}}],"solvent":[{"material":{"unit":"","value":"DMF"},"volume":{"unit":"ml","value":"0.8"}},{"material":{"unit":"","value":"DMSO"},"volume":{"unit":"ml","value":"0.2"}}],"stirring_time":[{"unit":"m","value":"120"}],"antisolvent":[{"material":{"unit":"","value":"DEE+EA"},"quantity":{"unit":"ul","value":"300"},"dripping_time":{"unit":"s","value":"21"}}],"spin_coating":[{"type":{"unit":"","value":"dynamic"},"rpm":{"unit":"","value":"5000"},"time":{"unit":"s","value":"60"}}],"annealing":[{"temperature":{"unit":"oC","value":"150"},"time":{"unit":"m","value":"15"}}],"atmosphere":[{"type":{"unit":"","value":"N2"},"temperature":{"unit":"oC","value":"30"},"humidity":{"unit":"RH%","value":"30"}}],"assist":[{"type":{"unit":"","value":"DMSO vacuum assist"},"temperature":{"unit":"oC","value":"None"},"assist_start_time":{"value":null,"unit":"s"},"total_assist_time":{"value":"None","unit":"s"}}],"module":[{"type":{"unit":"","value":"Bar coating"},"gap":{"unit":"um","value":"0"},"coating_speed":{"unit":"mm\/s","value":"0"},"feeding_amount":{"unit":"ul","value":"0"}}],"thermal_evaporation":[{"evaporation_rate":{"unit":"A\/s","value":null},"vacuum_pressure":{"unit":"uTorr","value":null},"vacuum_evaporation_thickness":{"unit":"nm","value":"0"}}],"additive":[{"material":{"unit":"","value":"MACl"},"solvent":{"unit":"","value":null},"concentration":{"unit":"","value":"0.02"},"conc_unit":{"unit":"","value":"g"},"quantity":{"unit":"mol%","value":"40"}}]}},{"perovskite_treatment":[{"material":{"unit":"","value":"OAI"},"concentration":{"unit":"","value":"0"},"conc_unit":{"unit":"","value":"mg\/ml"},"quantity":{"unit":"ml","value":"0"}}],"solvent":[{"material":{"unit":"","value":"IPA"},"volume":{"unit":"ml","value":"0"}}],"spin_coating":[{"type":{"unit":"","value":"dynamic"},"rpm":{"unit":"","value":"3000"},"time":{"unit":"s","value":"30"}}],"vacuum_suction":[{"unit":"s","value":"0"}],"annealing":[{"temperature":{"unit":"oC","value":"0"},"time":{"unit":"m","value":"0"}}],"module":[{"type":{"unit":"","value":"Bar coating"},"gap":{"unit":"um","value":"0"},"coating_speed":{"unit":"mm\/s","value":"0"},"feeding_amount":{"unit":"ul","value":"0"}}],"thermal_evaporation":[{"evaporation_rate":{"unit":"A\/s","value":null},"vacuum_pressure":{"unit":"uTorr","value":null},"vacuum_evaporation_thickness":{"unit":"nm","value":"0"}}]},{"htl":[{"material":{"unit":"","value":"Spiro-OMeTAD"},"concentration":{"unit":"","value":"90"},"conc_unit":{"unit":"","value":"mg\/ml"},"quantity":{"unit":"ml","value":null}}],"solvent":[{"material":{"unit":"","value":"CB"},"volume":{"unit":"ml","value":"0.3"}}],"spin_coating":[{"type":{"unit":"","value":"dynamic"},"rpm":{"unit":"","value":"3000"},"time":{"unit":"s","value":"30"}}],"vacuum_suction":[{"unit":"s","value":"0"}],"annealing":[{"temperature":{"unit":"oC","value":"0"},"time":{"unit":"m","value":"0"}}],"module":[{"type":{"unit":"","value":"Bar coating"},"gap":{"unit":"um","value":"0"},"coating_speed":{"unit":"mm\/s","value":"0"},"feeding_amount":{"unit":"ul","value":"0"}}],"thermal_evaporation":[{"evaporation_rate":{"unit":"A\/s","value":null},"vacuum_pressure":{"unit":"uTorr","value":null},"vacuum_evaporation_thickness":{"unit":"nm","value":"0"}}],"htl_doping":[{"material":{"unit":"","value":"Co-TFSI"},"volume":{"unit":"ul","value":"5"}},{"material":{"unit":"","value":"Li-TFSI"},"volume":{"unit":"ul","value":"23"}},{"material":{"unit":"","value":"tBP"},"volume":{"unit":"ul","value":"39"}}]},{"solvent":[{"material":{"unit":"","value":"IPA"},"volume":{"unit":"ml","value":"1"}}],"spin_coating":[{"type":{"unit":"","value":"dynamic"},"rpm":{"unit":"","value":"5000"},"time":{"unit":"s","value":"0"}}],"vacuum_suction":[{"unit":"s","value":"0"}],"annealing":[{"temperature":{"unit":"oC","value":"0"},"time":{"unit":"m","value":"0"}}],"module":[{"type":{"unit":"","value":"Bar coating"},"gap":{"unit":"um","value":"0"},"coating_speed":{"unit":"mm\/s","value":"0"},"feeding_amount":{"unit":"ul","value":"0"}}],"thermal_evaporation":[{"evaporation_rate":{"unit":"A\/s","value":null},"vacuum_pressure":{"unit":"uTorr","value":null},"vacuum_evaporation_thickness":{"unit":"nm","value":"0"}}]},{"anode_metal":{"unit":"","value":"Au"}},{"note":{"unit":"","value":"FAPbI3 drop speed 3"},"ar":{"unit":"","value":""},"type":{"unit":"","value":"unit_cell"},"device_type":{"unit":"","value":"n-i-p"},"temperature":{"unit":"oC","value":"30"},"humidity":{"unit":"%","value":"30"},"cell_dimension":{"unit":"cm2","value":"0.1"}}],"fileinfo":[{"key":"Reverse6.6FAPbI3 antisolvent speed 5_230218","uploadType":"JV","original_name":"Reverse6.6FAPbI3 antisolvent speed 5_230218-1706.txt","save_name":"KNU-SC-00165\/Reverse6.6FAPbI3 antisolvent speed 5_230218","uploader":79,"fileType":""},{"key":"Reverse6.7FAPbI3 antisolvent speed 5_230218","uploadType":"JV","original_name":"Reverse6.7FAPbI3 antisolvent speed 5_230218-1707.txt","save_name":"KNU-SC-00165\/Reverse6.7FAPbI3 antisolvent speed 5_230218","uploader":79,"fileType":""},{"key":"Reverse6.8FAPbI3 antisolvent speed 5_230218","uploadType":"JV","original_name":"Reverse6.8FAPbI3 antisolvent speed 5_230218-1708.txt","save_name":"KNU-SC-00165\/Reverse6.8FAPbI3 antisolvent speed 5_230218","uploader":79,"fileType":""},{"key":"Reverse6.1FAPbI3 antisolvent speed 5_230218","uploadType":"JV","original_name":"Reverse6.1FAPbI3 antisolvent speed 5_230218-1701.txt","save_name":"KNU-SC-00165\/Reverse6.1FAPbI3 antisolvent speed 5_230218","uploader":79,"fileType":""},{"key":"Reverse6.2FAPbI3 antisolvent speed 5_230218","uploadType":"JV","original_name":"Reverse6.2FAPbI3 antisolvent speed 5_230218-1702.txt","save_name":"KNU-SC-00165\/Reverse6.2FAPbI3 antisolvent speed 5_230218","uploader":79,"fileType":""},{"key":"Reverse6.3FAPbI3 antisolvent speed 5_230218","uploadType":"JV","original_name":"Reverse6.3FAPbI3 antisolvent speed 5_230218-1703.txt","save_name":"KNU-SC-00165\/Reverse6.3FAPbI3 antisolvent speed 5_230218","uploader":79,"fileType":""},{"key":"Reverse6.4FAPbI3 antisolvent speed 5_230218","uploadType":"JV","original_name":"Reverse6.4FAPbI3 antisolvent speed 5_230218-1704.txt","save_name":"KNU-SC-00165\/Reverse6.4FAPbI3 antisolvent speed 5_230218","uploader":79,"fileType":""},{"key":"Reverse6.5FAPbI3 antisolvent speed 5_230218","uploadType":"JV","original_name":"Reverse6.5FAPbI3 antisolvent speed 5_230218-1705.txt","save_name":"KNU-SC-00165\/Reverse6.5FAPbI3 antisolvent speed 5_230218","uploader":79,"fileType":""}],"jvcnt":8,"updated_at":"2024-06-03 08:38:37","created_at":"2023-11-01 12:28:56","analysisInfo":{"JV":[{"efficiency":14.473,"fill_factor":67.2343,"jsc":23.05859695,"voc":0.93354592,"key":"Reverse6.8FAPbI3 antisolvent speed 5_230218","cell_dimension":0.094},{"efficiency":14.2242,"fill_factor":67.2067,"jsc":23.02419484,"voc":0.91924627,"key":"Reverse6.7FAPbI3 antisolvent speed 5_230218","cell_dimension":0.094},{"efficiency":13.8334,"fill_factor":65.627,"jsc":23.04533333,"voc":0.91466416,"key":"Reverse6.6FAPbI3 antisolvent speed 5_230218","cell_dimension":0.094},{"efficiency":12.9713,"fill_factor":61.4937,"jsc":22.87544654,"voc":0.92211001,"key":"Reverse6.5FAPbI3 antisolvent speed 5_230218","cell_dimension":0.094},{"efficiency":13.4322,"fill_factor":62.5931,"jsc":23.03520591,"voc":0.93159913,"key":"Reverse6.4FAPbI3 antisolvent speed 5_230218","cell_dimension":0.094},{"efficiency":12.8168,"fill_factor":60.4043,"jsc":22.96687657,"voc":0.92386424,"key":"Reverse6.3FAPbI3 antisolvent speed 5_230218","cell_dimension":0.094},{"efficiency":12.4795,"fill_factor":58.1985,"jsc":22.89792112,"voc":0.93646351,"key":"Reverse6.2FAPbI3 antisolvent speed 5_230218","cell_dimension":0.094},{"efficiency":11.3637,"fill_factor":53.4502,"jsc":22.70658444,"voc":0.93630929,"key":"Reverse6.1FAPbI3 antisolvent speed 5_230218","cell_dimension":0.094}]},"public":2,"analysis":{"JV":[{"sample_area":{"value":0.094,"unit":"cm2"},"irradiance":{"value":1,"unit":""},"pre_sweep_delay":{"value":3,"unit":""},"bias_direction":{"value":0,"unit":""},"max_reverse_bias":{"value":-0.1,"unit":""},"max_forward_bias":{"value":1.25,"unit":""},"num_sweep_points":{"value":100,"unit":""},"dwell_time":{"value":100,"unit":""},"current_limit":{"value":-10,"unit":""},"pviv_10a_i_amp":{"value":0,"unit":""},"average":{"value":1,"unit":""},"dark_current":{"value":0,"unit":""},"rshunt_v_lo":{"value":-0.6,"unit":""},"rshunt_v_hi":{"value":-0.1,"unit":""},"voc":{"value":0.93354592,"unit":"V"},"isc":{"value":0.00216751,"unit":"A"},"jsc":{"value":23.05859695,"unit":"mA\/cm2"},"imax":{"value":0.00189442,"unit":"A"},"vmax":{"value":0.71814324,"unit":"V"},"pmax":{"value":1.36046543,"unit":"mW"},"fill_factor":{"value":67.2343,"unit":"%"},"efficiency":{"value":14.473,"unit":"%"},"r_at_voc":{"value":65.218559,"unit":""},"r_at_isc":{"value":25673.536,"unit":""},"power":{"value":0.00178125,"unit":"W"},"rshunt":{"value":"NaN","unit":"ohm"},"cell_temp_start":{"value":"NaN","unit":""},"cell_temp_end":{"value":"NaN","unit":""},"exposure":{"value":20.245,"unit":""},"time":{"value":"12:50:19","unit":""},"date":{"value":"02\/18\/2023","unit":""},"V":{"value":[1.25,1.23635,1.22275,1.2091,1.19545,1.1818,1.1682,1.15455,1.1409,1.12725,1.11365,1.1,1.08635,1.07275,1.0591,1.04545,1.0318,1.0182,1.00455,0.9909,0.97725,0.96365,0.95,0.93635,0.92275,0.9091,0.89545,0.8818,0.8682,0.85455,0.8409,0.82725,0.81365,0.8,0.78635,0.77275,0.7591,0.74545,0.7318,0.7182,0.70455,0.6909,0.67725,0.66365,0.65,0.63635,0.62275,0.6091,0.59545,0.5818,0.5682,0.55455,0.5409,0.52725,0.51365,0.5,0.48635,0.47275,0.4591,0.44545,0.4318,0.4182,0.40455,0.3909,0.37725,0.36365,0.35,0.33635,0.32275,0.3091,0.29545,0.2818,0.2682,0.25455,0.2409,0.22725,0.21365,0.2,0.18635,0.17275,0.1591,0.14545,0.1318,0.1182,0.10455,0.0909,0.07725,0.06365,0.05,0.03635,0.02275,0.0091,-0.00455,-0.0182,-0.0318,-0.04545,-0.0591,-0.07275,-0.08635,-0.1],"unit":"V"},"I":{"value":[-0.00560475,-0.00554317,-0.00540882,-0.00524058,-0.00504263,-0.00482036,-0.0045802,-0.00432632,-0.0040621,-0.00378675,-0.00350821,-0.00322604,-0.00294214,-0.00265756,-0.0023718,-0.00208753,-0.00180711,-0.00153078,-0.00125942,-0.00100773,-0.00074601,-0.00049594,-0.00025408,-3.838e-5,0.00016187,0.00037567,0.00057366,0.00075645,0.00092425,0.00106681,0.00120739,0.00133359,0.00144214,0.00153766,0.00162114,0.00169342,0.00175632,0.00180988,0.00185607,0.00189417,0.00192627,0.00195469,0.00198093,0.00200083,0.00201767,0.00203353,0.00204584,0.0020581,0.00206941,0.0020796,0.00208759,0.00209385,0.00210049,0.00210552,0.00211275,0.00211658,0.00211944,0.00212326,0.00212599,0.00212913,0.00213257,0.00213693,0.00213718,0.00213968,0.00214278,0.00214621,0.00214851,0.00214958,0.00214835,0.0021501,0.00215218,0.00215488,0.00215501,0.00215809,0.00215826,0.00215695,0.00215862,0.00215935,0.0021592,0.00216117,0.00216204,0.00216171,0.00216149,0.00216368,0.00216571,0.00216482,0.00216681,0.00216655,0.0021674,0.00216752,0.00216728,0.00216643,0.00216708,0.00216731,0.00216881,0.00216787,0.002168,0.00216993,0.00217001,0.00217144],"unit":"A"},"J":{"unit":"A\/cm2","value":[-0.059625000000000004,-0.05896989361702128,-0.05754063829787234,-0.055750851063829786,-0.053645000000000005,-0.05128042553191489,-0.04872553191489362,-0.04602468085106383,-0.043213829787234044,-0.04028457446808511,-0.0373213829787234,-0.034319574468085104,-0.03129936170212766,-0.02827191489361702,-0.02523191489361702,-0.02220776595744681,-0.019224574468085107,-0.016284893617021276,-0.01339808510638298,-0.010720531914893618,-0.00793627659574468,-0.005275957446808512,-0.0027029787234042553,-0.00040829787234042555,0.0017220212765957446,0.003996489361702127,0.006102765957446809,0.008047340425531915,0.009832446808510639,0.01134904255319149,0.012844574468085106,0.014187127659574467,0.01534191489361702,0.016358085106382977,0.01724617021276596,0.01801510638297872,0.018684255319148937,0.019254042553191488,0.019745425531914895,0.020150744680851065,0.02049223404255319,0.020794574468085105,0.02107372340425532,0.02128542553191489,0.021464574468085106,0.021633297872340425,0.021764255319148936,0.02189468085106383,0.022014999999999996,0.02212340425531915,0.02220840425531915,0.022275,0.02234563829787234,0.022399148936170215,0.022476063829787233,0.022516808510638295,0.022547234042553193,0.022587872340425533,0.02261691489361702,0.022650319148936168,0.02268691489361702,0.022733297872340425,0.022735957446808508,0.022762553191489364,0.022795531914893617,0.022832021276595744,0.02285648936170213,0.022867872340425532,0.02285478723404255,0.022873404255319148,0.022895531914893616,0.022924255319148937,0.022925638297872343,0.02295840425531915,0.022960212765957447,0.02294627659574468,0.02296404255319149,0.0229718085106383,0.022970212765957447,0.022991170212765956,0.023000425531914895,0.02299691489361702,0.022994574468085106,0.02301787234042553,0.02303946808510638,0.023030000000000002,0.023051170212765957,0.02304840425531915,0.023057446808510636,0.02305872340425532,0.02305617021276596,0.02304712765957447,0.02305404255319149,0.023056489361702126,0.02307244680851064,0.02306244680851064,0.02306382978723404,0.02308436170212766,0.023085212765957448,0.023100425531914895]},"cell_dimension":{"value":0.094,"unit":"cm2"},"sweep_direction":{"unit":"","value":"Reverse"},"key":"Reverse6.8FAPbI3 antisolvent speed 5_230218"},{"sample_area":{"value":0.094,"unit":"cm2"},"irradiance":{"value":1,"unit":""},"pre_sweep_delay":{"value":3,"unit":""},"bias_direction":{"value":0,"unit":""},"max_reverse_bias":{"value":-0.1,"unit":""},"max_forward_bias":{"value":1.25,"unit":""},"num_sweep_points":{"value":100,"unit":""},"dwell_time":{"value":100,"unit":""},"current_limit":{"value":-10,"unit":""},"pviv_10a_i_amp":{"value":0,"unit":""},"average":{"value":1,"unit":""},"dark_current":{"value":0,"unit":""},"rshunt_v_lo":{"value":-0.6,"unit":""},"rshunt_v_hi":{"value":-0.1,"unit":""},"voc":{"value":0.91924627,"unit":"V"},"isc":{"value":0.00216427,"unit":"A"},"jsc":{"value":23.02419484,"unit":"mA\/cm2"},"imax":{"value":0.00188114,"unit":"A"},"vmax":{"value":0.71077964,"unit":"V"},"pmax":{"value":1.33707783,"unit":"mW"},"fill_factor":{"value":67.2067,"unit":"%"},"efficiency":{"value":14.2242,"unit":"%"},"r_at_voc":{"value":61.974051,"unit":""},"r_at_isc":{"value":20591.662,"unit":""},"power":{"value":0.00175189,"unit":"W"},"rshunt":{"value":"NaN","unit":"ohm"},"cell_temp_start":{"value":"NaN","unit":""},"cell_temp_end":{"value":"NaN","unit":""},"exposure":{"value":20.246,"unit":""},"time":{"value":"12:49:49","unit":""},"date":{"value":"02\/18\/2023","unit":""},"V":{"value":[1.25,1.23635,1.22275,1.2091,1.19545,1.1818,1.1682,1.15455,1.1409,1.12725,1.11365,1.1,1.08635,1.07275,1.0591,1.04545,1.0318,1.0182,1.00455,0.9909,0.97725,0.96365,0.95,0.93635,0.92275,0.9091,0.89545,0.8818,0.8682,0.85455,0.8409,0.82725,0.81365,0.8,0.78635,0.77275,0.7591,0.74545,0.7318,0.7182,0.70455,0.6909,0.67725,0.66365,0.65,0.63635,0.62275,0.6091,0.59545,0.5818,0.5682,0.55455,0.5409,0.52725,0.51365,0.5,0.48635,0.47275,0.4591,0.44545,0.4318,0.4182,0.40455,0.3909,0.37725,0.36365,0.35,0.33635,0.32275,0.3091,0.29545,0.2818,0.2682,0.25455,0.2409,0.22725,0.21365,0.2,0.18635,0.17275,0.1591,0.14545,0.1318,0.1182,0.10455,0.0909,0.07725,0.06365,0.05,0.03635,0.02275,0.0091,-0.00455,-0.0182,-0.0318,-0.04545,-0.0591,-0.07275,-0.08635,-0.1],"unit":"V"},"I":{"value":[-0.00533446,-0.00540984,-0.00539735,-0.0053253,-0.00520889,-0.00505336,-0.00486733,-0.00465567,-0.00442179,-0.00417057,-0.00390981,-0.00363408,-0.00335092,-0.00306603,-0.00277648,-0.00248519,-0.00219219,-0.00190189,-0.00161273,-0.0013288,-0.00105128,-0.00079491,-0.00053074,-0.00027876,-5.1e-5,0.00016118,0.00038376,0.00058768,0.00077702,0.00094978,0.00109519,0.00123703,0.00135925,0.0014681,0.00156149,0.00164191,0.00170952,0.0017692,0.00182029,0.00186096,0.00189572,0.00192681,0.00195397,0.00197949,0.00199842,0.00201411,0.00202851,0.00204068,0.00205241,0.00206355,0.00207271,0.00208024,0.00208664,0.00209271,0.00209694,0.00210463,0.00210783,0.00211366,0.00211733,0.00212278,0.00212588,0.00212763,0.00212921,0.00213417,0.00213421,0.00213727,0.00213877,0.00214039,0.00214124,0.00214285,0.00214638,0.00214596,0.00214922,0.00215099,0.00215049,0.00215222,0.00215362,0.00215501,0.00215576,0.00215769,0.00215873,0.00215719,0.00215766,0.00215893,0.00215982,0.00216018,0.00216201,0.00216182,0.00216305,0.00216348,0.00216303,0.00216394,0.00216415,0.00216663,0.00216608,0.00216478,0.00216724,0.00216649,0.00216714,0.00216797],"unit":"A"},"J":{"unit":"A\/cm2","value":[-0.05674957446808511,-0.057551489361702124,-0.0574186170212766,-0.05665212765957447,-0.055413723404255315,-0.05375914893617021,-0.05178010638297872,-0.049528404255319146,-0.04704031914893617,-0.04436776595744681,-0.041593723404255316,-0.03866042553191489,-0.035648085106382975,-0.03261734042553192,-0.029537021276595746,-0.0264381914893617,-0.02332117021276596,-0.020232872340425534,-0.017156702127659573,-0.014136170212765958,-0.011183829787234041,-0.008456489361702128,-0.0056461702127659575,-0.0029655319148936174,-0.0005425531914893617,0.0017146808510638298,0.004082553191489362,0.0062519148936170214,0.008266170212765957,0.01010404255319149,0.01165095744680851,0.013159893617021277,0.014460106382978724,0.015618085106382979,0.01661159574468085,0.017467127659574467,0.018186382978723405,0.01882127659574468,0.019364787234042554,0.01979744680851064,0.020167234042553193,0.020497978723404253,0.020786914893617024,0.021058404255319147,0.02125978723404255,0.021426702127659573,0.021579893617021274,0.021709361702127658,0.021834148936170215,0.021952659574468084,0.022050106382978725,0.022130212765957447,0.022198297872340424,0.02226287234042553,0.02230787234042553,0.022389680851063833,0.02242372340425532,0.02248574468085106,0.022524787234042554,0.022582765957446807,0.022615744680851067,0.02263436170212766,0.022651170212765956,0.022703936170212765,0.02270436170212766,0.02273691489361702,0.022752872340425532,0.02277010638297872,0.022779148936170213,0.02279627659574468,0.022833829787234042,0.02282936170212766,0.022864042553191487,0.022882872340425534,0.022877553191489364,0.02289595744680851,0.022910851063829788,0.022925638297872343,0.022933617021276595,0.02295414893617021,0.02296521276595745,0.02294882978723404,0.022953829787234044,0.022967340425531915,0.022976808510638297,0.02298063829787234,0.02300010638297872,0.02299808510638298,0.02301117021276596,0.023015744680851064,0.02301095744680851,0.02302063829787234,0.02302287234042553,0.023049255319148938,0.023043404255319148,0.023029574468085106,0.023055744680851063,0.02304776595744681,0.02305468085106383,0.023063510638297872]},"cell_dimension":{"value":0.094,"unit":"cm2"},"sweep_direction":{"unit":"","value":"Reverse"},"key":"Reverse6.7FAPbI3 antisolvent speed 5_230218"},{"sample_area":{"value":0.094,"unit":"cm2"},"irradiance":{"value":1,"unit":""},"pre_sweep_delay":{"value":3,"unit":""},"bias_direction":{"value":0,"unit":""},"max_reverse_bias":{"value":-0.1,"unit":""},"max_forward_bias":{"value":1.25,"unit":""},"num_sweep_points":{"value":100,"unit":""},"dwell_time":{"value":100,"unit":""},"current_limit":{"value":-10,"unit":""},"pviv_10a_i_amp":{"value":0,"unit":""},"average":{"value":1,"unit":""},"dark_current":{"value":0,"unit":""},"rshunt_v_lo":{"value":-0.6,"unit":""},"rshunt_v_hi":{"value":-0.1,"unit":""},"voc":{"value":0.91466416,"unit":"V"},"isc":{"value":0.00216626,"unit":"A"},"jsc":{"value":23.04533333,"unit":"mA\/cm2"},"imax":{"value":0.0018631,"unit":"A"},"vmax":{"value":0.69793994,"unit":"V"},"pmax":{"value":1.30033514,"unit":"mW"},"fill_factor":{"value":65.627,"unit":"%"},"efficiency":{"value":13.8334,"unit":"%"},"r_at_voc":{"value":68.233494,"unit":""},"r_at_isc":{"value":19255.345,"unit":""},"power":{"value":0.00172635,"unit":"W"},"rshunt":{"value":"NaN","unit":"ohm"},"cell_temp_start":{"value":"NaN","unit":""},"cell_temp_end":{"value":"NaN","unit":""},"exposure":{"value":20.7,"unit":""},"time":{"value":"12:49:20","unit":""},"date":{"value":"02\/18\/2023","unit":""},"V":{"value":[1.25,1.23635,1.22275,1.2091,1.19545,1.1818,1.1682,1.15455,1.1409,1.12725,1.11365,1.1,1.08635,1.07275,1.0591,1.04545,1.0318,1.0182,1.00455,0.9909,0.97725,0.96365,0.95,0.93635,0.92275,0.9091,0.89545,0.8818,0.8682,0.85455,0.8409,0.82725,0.81365,0.8,0.78635,0.77275,0.7591,0.74545,0.7318,0.7182,0.70455,0.6909,0.67725,0.66365,0.65,0.63635,0.62275,0.6091,0.59545,0.5818,0.5682,0.55455,0.5409,0.52725,0.51365,0.5,0.48635,0.47275,0.4591,0.44545,0.4318,0.4182,0.40455,0.3909,0.37725,0.36365,0.35,0.33635,0.32275,0.3091,0.29545,0.2818,0.2682,0.25455,0.2409,0.22725,0.21365,0.2,0.18635,0.17275,0.1591,0.14545,0.1318,0.1182,0.10455,0.0909,0.07725,0.06365,0.05,0.03635,0.02275,0.0091,-0.00455,-0.0182,-0.0318,-0.04545,-0.0591,-0.07275,-0.08635,-0.1],"unit":"V"},"I":{"value":[-0.00429538,-0.00436935,-0.00438035,-0.00434731,-0.00427925,-0.00418104,-0.00405797,-0.00391039,-0.00373919,-0.00355208,-0.00335366,-0.00314327,-0.00292615,-0.00269943,-0.00246523,-0.00222586,-0.00198373,-0.00174024,-0.00149455,-0.00125002,-0.00100691,-0.00077904,-0.00054355,-0.00031627,-0.0001229,8.591e-5,0.00028008,0.00047844,0.00066115,0.00083069,0.00098672,0.00112042,0.00124881,0.00136426,0.00146506,0.00155376,0.00162859,0.00169673,0.00175366,0.00180303,0.00184598,0.00188034,0.0019108,0.00193986,0.00196348,0.00198446,0.0020021,0.00201743,0.00203136,0.00204431,0.00205518,0.00206367,0.00207123,0.00208142,0.00208823,0.00209377,0.00209948,0.00210347,0.00211026,0.00211485,0.00211925,0.00212222,0.00212545,0.00212935,0.00213177,0.00213398,0.00213743,0.00213927,0.00214138,0.00214475,0.00214492,0.00214847,0.00214865,0.00215062,0.00215308,0.00215527,0.00215607,0.00215758,0.00215666,0.00215722,0.00215906,0.00216027,0.00216111,0.00216043,0.00216216,0.0021616,0.00216016,0.00216291,0.00216422,0.00216656,0.00216553,0.00216655,0.00216637,0.00216699,0.00216785,0.00216806,0.00216796,0.00216838,0.0021708,0.00217092],"unit":"A"},"J":{"unit":"A\/cm2","value":[-0.04569553191489362,-0.04648244680851064,-0.04659946808510638,-0.046247978723404255,-0.04552393617021277,-0.04447914893617021,-0.043169893617021275,-0.04159989361702127,-0.039778617021276594,-0.03778808510638298,-0.03567723404255319,-0.03343904255319149,-0.031129255319148938,-0.028717340425531916,-0.02622585106382979,-0.02367936170212766,-0.021103510638297872,-0.018513191489361702,-0.015899468085106384,-0.013298085106382978,-0.010711808510638297,-0.008287659574468085,-0.005782446808510638,-0.0033645744680851066,-0.0013074468085106383,0.0009139361702127659,0.0029795744680851063,0.005089787234042553,0.007033510638297873,0.008837127659574468,0.010497021276595745,0.01191936170212766,0.013285212765957446,0.014513404255319148,0.015585744680851063,0.016529361702127657,0.017325425531914896,0.01805031914893617,0.01865595744680851,0.01918117021276596,0.01963808510638298,0.020003617021276596,0.020327659574468086,0.0206368085106383,0.02088808510638298,0.02111127659574468,0.02129893617021277,0.021462021276595748,0.021610212765957443,0.021747978723404258,0.021863617021276597,0.021953936170212768,0.022034361702127657,0.022142765957446808,0.022215212765957445,0.02227414893617021,0.022334893617021276,0.022377340425531914,0.02244957446808511,0.02249840425531915,0.02254521276595745,0.0225768085106383,0.022611170212765958,0.022652659574468083,0.022678404255319147,0.022701914893617024,0.022738617021276598,0.0227581914893617,0.02278063829787234,0.022816489361702125,0.022818297872340423,0.022856063829787235,0.022857978723404258,0.022878936170212763,0.022905106382978723,0.022928404255319147,0.02293691489361702,0.022952978723404256,0.022943191489361702,0.022949148936170213,0.02296872340425532,0.022981595744680852,0.022990531914893617,0.022983297872340425,0.023001702127659576,0.022995744680851065,0.022980425531914893,0.02300968085106383,0.023023617021276598,0.023048510638297874,0.023037553191489365,0.02304840425531915,0.023046489361702126,0.02305308510638298,0.02306223404255319,0.02306446808510638,0.02306340425531915,0.023067872340425535,0.023093617021276595,0.023094893617021273]},"cell_dimension":{"value":0.094,"unit":"cm2"},"sweep_direction":{"unit":"","value":"Reverse"},"key":"Reverse6.6FAPbI3 antisolvent speed 5_230218"},{"sample_area":{"value":0.094,"unit":"cm2"},"irradiance":{"value":1,"unit":""},"pre_sweep_delay":{"value":3,"unit":""},"bias_direction":{"value":0,"unit":""},"max_reverse_bias":{"value":-0.1,"unit":""},"max_forward_bias":{"value":1.25,"unit":""},"num_sweep_points":{"value":100,"unit":""},"dwell_time":{"value":100,"unit":""},"current_limit":{"value":-10,"unit":""},"pviv_10a_i_amp":{"value":0,"unit":""},"average":{"value":1,"unit":""},"dark_current":{"value":0,"unit":""},"rshunt_v_lo":{"value":-0.6,"unit":""},"rshunt_v_hi":{"value":-0.1,"unit":""},"voc":{"value":0.92211001,"unit":"V"},"isc":{"value":0.00215029,"unit":"A"},"jsc":{"value":22.87544654,"unit":"mA\/cm2"},"imax":{"value":0.00181707,"unit":"A"},"vmax":{"value":0.67102458,"unit":"V"},"pmax":{"value":1.21930067,"unit":"mW"},"fill_factor":{"value":61.4937,"unit":"%"},"efficiency":{"value":12.9713,"unit":"%"},"r_at_voc":{"value":96.209845,"unit":""},"r_at_isc":{"value":14527.507,"unit":""},"power":{"value":0.00167214,"unit":"W"},"rshunt":{"value":"NaN","unit":"ohm"},"cell_temp_start":{"value":"NaN","unit":""},"cell_temp_end":{"value":"NaN","unit":""},"exposure":{"value":20.85,"unit":""},"time":{"value":"12:48:28","unit":""},"date":{"value":"02\/18\/2023","unit":""},"V":{"value":[1.25,1.23635,1.22275,1.2091,1.19545,1.1818,1.1682,1.15455,1.1409,1.12725,1.11365,1.1,1.08635,1.07275,1.0591,1.04545,1.0318,1.0182,1.00455,0.9909,0.97725,0.96365,0.95,0.93635,0.92275,0.9091,0.89545,0.8818,0.8682,0.85455,0.8409,0.82725,0.81365,0.8,0.78635,0.77275,0.7591,0.74545,0.7318,0.7182,0.70455,0.6909,0.67725,0.66365,0.65,0.63635,0.62275,0.6091,0.59545,0.5818,0.5682,0.55455,0.5409,0.52725,0.51365,0.5,0.48635,0.47275,0.4591,0.44545,0.4318,0.4182,0.40455,0.3909,0.37725,0.36365,0.35,0.33635,0.32275,0.3091,0.29545,0.2818,0.2682,0.25455,0.2409,0.22725,0.21365,0.2,0.18635,0.17275,0.1591,0.14545,0.1318,0.1182,0.10455,0.0909,0.07725,0.06365,0.05,0.03635,0.02275,0.0091,-0.00455,-0.0182,-0.0318,-0.04545,-0.0591,-0.07275,-0.08635,-0.1],"unit":"V"},"I":{"value":[-0.00308936,-0.00306066,-0.00300512,-0.00293616,-0.00285098,-0.00274933,-0.00264095,-0.00252598,-0.00240114,-0.00227142,-0.00213563,-0.00199689,-0.00185286,-0.00170388,-0.00155097,-0.00139563,-0.00123926,-0.0010814,-0.00093019,-0.00076853,-0.00060803,-0.00044947,-0.00029176,-0.00013649,-1.585e-5,0.00012871,0.00028317,0.00043084,0.00057271,0.00070805,0.00083788,0.00096024,0.00106803,0.00117842,0.0012788,0.0013701,0.00145385,0.00152973,0.00159712,0.00165736,0.00171093,0.00175824,0.00179951,0.0018361,0.00186842,0.0018964,0.00192336,0.00194339,0.00196309,0.00198034,0.00199411,0.00200851,0.00202302,0.00203219,0.002042,0.00204976,0.00206088,0.00206758,0.00207441,0.00208101,0.00208485,0.00208862,0.00209326,0.00209855,0.00210575,0.00210672,0.00211022,0.0021134,0.00211466,0.00211795,0.00212037,0.00212457,0.00212694,0.00212982,0.00213104,0.00213265,0.00213305,0.0021369,0.0021389,0.0021395,0.00214314,0.00214252,0.00214236,0.00214494,0.00214715,0.00214651,0.00214607,0.00214708,0.00214869,0.00214912,0.00214951,0.00214926,0.00215107,0.00215234,0.00215088,0.002152,0.00215258,0.00215417,0.00215328,0.00215462],"unit":"A"},"J":{"unit":"A\/cm2","value":[-0.032865531914893616,-0.03256021276595745,-0.031969361702127656,-0.031235744680851066,-0.030329574468085107,-0.0292481914893617,-0.028095212765957448,-0.02687212765957447,-0.02554404255319149,-0.02416404255319149,-0.022719468085106383,-0.02124351063829787,-0.019711276595744683,-0.018126382978723404,-0.01649968085106383,-0.014847127659574468,-0.013183617021276597,-0.011504255319148936,-0.00989563829787234,-0.008175851063829787,-0.006468404255319148,-0.004781595744680851,-0.0031038297872340425,-0.0014520212765957445,-0.00016861702127659572,0.0013692553191489362,0.0030124468085106384,0.004583404255319149,0.006092659574468085,0.007532446808510639,0.008913617021276595,0.01021531914893617,0.011362021276595744,0.012536382978723403,0.013604255319148937,0.014575531914893617,0.015466489361702128,0.01627372340425532,0.01699063829787234,0.017631489361702127,0.018201382978723403,0.018704680851063832,0.019143723404255318,0.019532978723404256,0.0198768085106383,0.02017446808510638,0.02046127659574468,0.02067436170212766,0.020883936170212763,0.02106744680851064,0.021213936170212763,0.021367127659574468,0.021521489361702128,0.02161904255319149,0.02172340425531915,0.021805957446808508,0.021924255319148937,0.021995531914893614,0.0220681914893617,0.022138404255319148,0.02217925531914894,0.022219361702127658,0.022268723404255317,0.022324999999999998,0.02240159574468085,0.02241191489361702,0.022449148936170213,0.022482978723404257,0.022496382978723403,0.022531382978723404,0.022557127659574468,0.0226018085106383,0.022627021276595743,0.022657659574468088,0.022670638297872338,0.022687765957446808,0.022692021276595746,0.022732978723404258,0.022754255319148937,0.02276063829787234,0.02279936170212766,0.02279276595744681,0.022791063829787232,0.022818510638297873,0.022842021276595743,0.022835212765957447,0.022830531914893617,0.02284127659574468,0.02285840425531915,0.022862978723404256,0.022867127659574465,0.022864468085106383,0.022883723404255322,0.022897234042553193,0.022881702127659574,0.022893617021276593,0.02289978723404255,0.022916702127659574,0.022907234042553192,0.022921489361702126]},"cell_dimension":{"value":0.094,"unit":"cm2"},"sweep_direction":{"unit":"","value":"Reverse"},"key":"Reverse6.5FAPbI3 antisolvent speed 5_230218"},{"sample_area":{"value":0.094,"unit":"cm2"},"irradiance":{"value":1,"unit":""},"pre_sweep_delay":{"value":3,"unit":""},"bias_direction":{"value":0,"unit":""},"max_reverse_bias":{"value":-0.1,"unit":""},"max_forward_bias":{"value":1.25,"unit":""},"num_sweep_points":{"value":100,"unit":""},"dwell_time":{"value":100,"unit":""},"current_limit":{"value":-10,"unit":""},"pviv_10a_i_amp":{"value":0,"unit":""},"average":{"value":1,"unit":""},"dark_current":{"value":0,"unit":""},"rshunt_v_lo":{"value":-0.6,"unit":""},"rshunt_v_hi":{"value":-0.1,"unit":""},"voc":{"value":0.93159913,"unit":"V"},"isc":{"value":0.00216531,"unit":"A"},"jsc":{"value":23.03520591,"unit":"mA\/cm2"},"imax":{"value":0.00184442,"unit":"A"},"vmax":{"value":0.68456796,"unit":"V"},"pmax":{"value":1.26262806,"unit":"mW"},"fill_factor":{"value":62.5931,"unit":"%"},"efficiency":{"value":13.4322,"unit":"%"},"r_at_voc":{"value":84.112551,"unit":""},"r_at_isc":{"value":17039.49,"unit":""},"power":{"value":0.00171822,"unit":"W"},"rshunt":{"value":"NaN","unit":"ohm"},"cell_temp_start":{"value":"NaN","unit":""},"cell_temp_end":{"value":"NaN","unit":""},"exposure":{"value":20.248,"unit":""},"time":{"value":"12:47:41","unit":""},"date":{"value":"02\/18\/2023","unit":""},"V":{"value":[1.25,1.23635,1.22275,1.2091,1.19545,1.1818,1.1682,1.15455,1.1409,1.12725,1.11365,1.1,1.08635,1.07275,1.0591,1.04545,1.0318,1.0182,1.00455,0.9909,0.97725,0.96365,0.95,0.93635,0.92275,0.9091,0.89545,0.8818,0.8682,0.85455,0.8409,0.82725,0.81365,0.8,0.78635,0.77275,0.7591,0.74545,0.7318,0.7182,0.70455,0.6909,0.67725,0.66365,0.65,0.63635,0.62275,0.6091,0.59545,0.5818,0.5682,0.55455,0.5409,0.52725,0.51365,0.5,0.48635,0.47275,0.4591,0.44545,0.4318,0.4182,0.40455,0.3909,0.37725,0.36365,0.35,0.33635,0.32275,0.3091,0.29545,0.2818,0.2682,0.25455,0.2409,0.22725,0.21365,0.2,0.18635,0.17275,0.1591,0.14545,0.1318,0.1182,0.10455,0.0909,0.07725,0.06365,0.05,0.03635,0.02275,0.0091,-0.00455,-0.0182,-0.0318,-0.04545,-0.0591,-0.07275,-0.08635,-0.1],"unit":"V"},"I":{"value":[-0.00422028,-0.00407452,-0.00391731,-0.00374871,-0.0035712,-0.00339116,-0.00321137,-0.00302735,-0.00283924,-0.00264782,-0.00245552,-0.00226071,-0.0020696,-0.00187931,-0.00168984,-0.00149705,-0.00130159,-0.00111475,-0.00093523,-0.0007482,-0.00056599,-0.00038887,-0.00021388,-5.053e-5,0.00010587,0.0002688,0.00042478,0.00057456,0.00071668,0.00085055,0.00097772,0.0010905,0.00120112,0.00130248,0.00139465,0.00147858,0.0015541,0.0016234,0.00168365,0.0017365,0.00178481,0.00182661,0.00186321,0.00189598,0.00192528,0.00194692,0.001968,0.00198878,0.00200463,0.00202165,0.00203295,0.00204438,0.00205445,0.00206408,0.002075,0.00208171,0.00208876,0.00209436,0.00209968,0.00210563,0.00211076,0.00211679,0.00212009,0.0021242,0.00212742,0.00213086,0.00213299,0.00213422,0.00213752,0.00213786,0.00213948,0.00214427,0.00214559,0.00214842,0.00214961,0.00215122,0.00215054,0.00215307,0.0021559,0.00215591,0.00215699,0.0021572,0.00215961,0.00216149,0.00216235,0.00216264,0.00216123,0.00216344,0.00216286,0.00216378,0.00216444,0.00216502,0.00216657,0.00216661,0.00216553,0.00216767,0.00216798,0.00216659,0.00216859,0.00216964],"unit":"A"},"J":{"unit":"A\/cm2","value":[-0.04489659574468085,-0.04334595744680851,-0.04167351063829788,-0.03987989361702128,-0.03799148936170213,-0.036076170212765955,-0.034163510638297874,-0.03220585106382978,-0.030204680851063828,-0.028168297872340424,-0.026122553191489362,-0.024050106382978723,-0.022017021276595744,-0.019992659574468084,-0.017977021276595746,-0.015926063829787233,-0.013846702127659575,-0.01185904255319149,-0.009949255319148935,-0.007959574468085106,-0.006021170212765958,-0.004136914893617021,-0.0022753191489361703,-0.0005375531914893617,0.0011262765957446809,0.002859574468085106,0.004518936170212766,0.006112340425531915,0.007624255319148936,0.009048404255319149,0.010401276595744682,0.011601063829787235,0.01277787234042553,0.013856170212765957,0.014836702127659576,0.015729574468085105,0.016532978723404257,0.017270212765957447,0.017911170212765958,0.01847340425531915,0.018987340425531914,0.019432021276595744,0.019821382978723403,0.02017,0.020481702127659575,0.020711914893617022,0.020936170212765958,0.02115723404255319,0.021325851063829785,0.02150691489361702,0.021627127659574467,0.02174872340425532,0.021855851063829788,0.021958297872340424,0.022074468085106384,0.022145851063829786,0.022220851063829785,0.022280425531914894,0.022337021276595745,0.022400319148936167,0.022454893617021278,0.02251904255319149,0.02255414893617021,0.022597872340425533,0.02263212765957447,0.02266872340425532,0.022691382978723404,0.022704468085106382,0.022739574468085107,0.022743191489361703,0.022760425531914895,0.022811382978723406,0.022825425531914894,0.022855531914893614,0.022868191489361703,0.02288531914893617,0.022878085106382978,0.022905,0.022935106382978725,0.022935212765957447,0.022946702127659577,0.022948936170212767,0.022974574468085106,0.022994574468085106,0.023003723404255317,0.0230068085106383,0.022991808510638298,0.02301531914893617,0.02300914893617021,0.023018936170212768,0.023025957446808513,0.02303212765957447,0.023048617021276595,0.023049042553191488,0.023037553191489365,0.02306031914893617,0.023063617021276593,0.02304882978723404,0.023070106382978725,0.02308127659574468]},"cell_dimension":{"value":0.094,"unit":"cm2"},"sweep_direction":{"unit":"","value":"Reverse"},"key":"Reverse6.4FAPbI3 antisolvent speed 5_230218"},{"sample_area":{"value":0.094,"unit":"cm2"},"irradiance":{"value":1,"unit":""},"pre_sweep_delay":{"value":3,"unit":""},"bias_direction":{"value":0,"unit":""},"max_reverse_bias":{"value":-0.1,"unit":""},"max_forward_bias":{"value":1.25,"unit":""},"num_sweep_points":{"value":100,"unit":""},"dwell_time":{"value":100,"unit":""},"current_limit":{"value":-10,"unit":""},"pviv_10a_i_amp":{"value":0,"unit":""},"average":{"value":1,"unit":""},"dark_current":{"value":0,"unit":""},"rshunt_v_lo":{"value":-0.6,"unit":""},"rshunt_v_hi":{"value":-0.1,"unit":""},"voc":{"value":0.92386424,"unit":"V"},"isc":{"value":0.00215889,"unit":"A"},"jsc":{"value":22.96687657,"unit":"mA\/cm2"},"imax":{"value":0.0018066,"unit":"A"},"vmax":{"value":0.66687336,"unit":"V"},"pmax":{"value":1.2047745,"unit":"mW"},"fill_factor":{"value":60.4043,"unit":"%"},"efficiency":{"value":12.8168,"unit":"%"},"r_at_voc":{"value":90.819306,"unit":""},"r_at_isc":{"value":12770.57,"unit":""},"power":{"value":0.00167229,"unit":"W"},"rshunt":{"value":"NaN","unit":"ohm"},"cell_temp_start":{"value":"NaN","unit":""},"cell_temp_end":{"value":"NaN","unit":""},"exposure":{"value":20.247,"unit":""},"time":{"value":"12:47:08","unit":""},"date":{"value":"02\/18\/2023","unit":""},"V":{"value":[1.25,1.23635,1.22275,1.2091,1.19545,1.1818,1.1682,1.15455,1.1409,1.12725,1.11365,1.1,1.08635,1.07275,1.0591,1.04545,1.0318,1.0182,1.00455,0.9909,0.97725,0.96365,0.95,0.93635,0.92275,0.9091,0.89545,0.8818,0.8682,0.85455,0.8409,0.82725,0.81365,0.8,0.78635,0.77275,0.7591,0.74545,0.7318,0.7182,0.70455,0.6909,0.67725,0.66365,0.65,0.63635,0.62275,0.6091,0.59545,0.5818,0.5682,0.55455,0.5409,0.52725,0.51365,0.5,0.48635,0.47275,0.4591,0.44545,0.4318,0.4182,0.40455,0.3909,0.37725,0.36365,0.35,0.33635,0.32275,0.3091,0.29545,0.2818,0.2682,0.25455,0.2409,0.22725,0.21365,0.2,0.18635,0.17275,0.1591,0.14545,0.1318,0.1182,0.10455,0.0909,0.07725,0.06365,0.05,0.03635,0.02275,0.0091,-0.00455,-0.0182,-0.0318,-0.04545,-0.0591,-0.07275,-0.08635,-0.1],"unit":"V"},"I":{"value":[-0.00375605,-0.00365881,-0.0035463,-0.00341939,-0.00328042,-0.00313386,-0.00298313,-0.00282254,-0.00265869,-0.00249452,-0.00232904,-0.002162,-0.00199124,-0.00181876,-0.00164503,-0.00147043,-0.00129833,-0.00112624,-0.0009625,-0.00079039,-0.00062097,-0.00045603,-0.00029281,-0.00013315,1.668e-5,0.00016136,0.00031036,0.00045309,0.00058964,0.00072058,0.00084408,0.00096173,0.00106768,0.00117173,0.00126715,0.00135448,0.00143536,0.00150774,0.00157353,0.00163283,0.0016875,0.00173574,0.00177668,0.00181351,0.00184848,0.00188053,0.00190599,0.00192921,0.00194948,0.00196835,0.00198462,0.00199903,0.00201296,0.00202578,0.00203691,0.00204529,0.00205587,0.00206537,0.00207448,0.00208564,0.00209058,0.00209645,0.00210049,0.00210433,0.00210959,0.00211394,0.00211586,0.00211836,0.00212277,0.00212642,0.00212849,0.00213013,0.00213187,0.00213522,0.00213876,0.00214045,0.0021418,0.00214267,0.00214486,0.0021469,0.00214776,0.00214816,0.00214985,0.00215138,0.00215225,0.00215235,0.00215623,0.00215885,0.00215973,0.00215901,0.00215778,0.00215912,0.0021592,0.0021593,0.002161,0.00215901,0.00216125,0.00216297,0.0021639,0.0021628],"unit":"A"},"J":{"unit":"A\/cm2","value":[-0.03995797872340425,-0.038923510638297874,-0.03772659574468085,-0.036376489361702125,-0.03489808510638298,-0.03333893617021277,-0.03173542553191489,-0.030027021276595747,-0.028283936170212767,-0.02653744680851064,-0.024777021276595746,-0.023,-0.02118340425531915,-0.019348510638297872,-0.01750031914893617,-0.01564287234042553,-0.013812021276595745,-0.01198127659574468,-0.01023936170212766,-0.008408404255319149,-0.006606063829787234,-0.004851382978723404,-0.003115,-0.0014164893617021278,0.0001774468085106383,0.0017165957446808509,0.003301702127659574,0.004820106382978724,0.006272765957446808,0.007665744680851063,0.008979574468085106,0.010231170212765957,0.011358297872340427,0.012465212765957447,0.013480319148936172,0.014409361702127659,0.015269787234042554,0.016039787234042552,0.01673968085106383,0.017370531914893617,0.017952127659574466,0.01846531914893617,0.01890085106382979,0.019292659574468084,0.01966468085106383,0.02000563829787234,0.02027648936170213,0.02052351063829787,0.020739148936170213,0.020939893617021275,0.021112978723404254,0.021266276595744683,0.021414468085106383,0.021550851063829788,0.021669255319148935,0.02175840425531915,0.02187095744680851,0.021972021276595744,0.02206893617021277,0.022187659574468086,0.022240212765957446,0.022302659574468087,0.02234563829787234,0.02238648936170213,0.02244244680851064,0.02248872340425532,0.02250914893617021,0.022535744680851066,0.022582659574468086,0.022621489361702128,0.02264351063829787,0.022660957446808513,0.022679468085106385,0.022715106382978724,0.022752765957446807,0.022770744680851062,0.022785106382978725,0.02279436170212766,0.022817659574468088,0.02283936170212766,0.022848510638297872,0.02285276595744681,0.022870744680851065,0.022887021276595747,0.022896276595744683,0.022897340425531914,0.022938617021276593,0.022966489361702126,0.022975851063829787,0.0229681914893617,0.022955106382978725,0.02296936170212766,0.022970212765957447,0.022971276595744678,0.02298936170212766,0.0229681914893617,0.022992021276595744,0.02301031914893617,0.023020212765957445,0.023008510638297872]},"cell_dimension":{"value":0.094,"unit":"cm2"},"sweep_direction":{"unit":"","value":"Reverse"},"key":"Reverse6.3FAPbI3 antisolvent speed 5_230218"},{"sample_area":{"value":0.094,"unit":"cm2"},"irradiance":{"value":1,"unit":""},"pre_sweep_delay":{"value":3,"unit":""},"bias_direction":{"value":0,"unit":""},"max_reverse_bias":{"value":-0.1,"unit":""},"max_forward_bias":{"value":1.25,"unit":""},"num_sweep_points":{"value":100,"unit":""},"dwell_time":{"value":100,"unit":""},"current_limit":{"value":-10,"unit":""},"pviv_10a_i_amp":{"value":0,"unit":""},"average":{"value":1,"unit":""},"dark_current":{"value":0,"unit":""},"rshunt_v_lo":{"value":-0.6,"unit":""},"rshunt_v_hi":{"value":-0.1,"unit":""},"voc":{"value":0.93646351,"unit":"V"},"isc":{"value":0.0021524,"unit":"A"},"jsc":{"value":22.89792112,"unit":"mA\/cm2"},"imax":{"value":0.0017797,"unit":"A"},"vmax":{"value":0.65914309,"unit":"V"},"pmax":{"value":1.17307707,"unit":"mW"},"fill_factor":{"value":58.1985,"unit":"%"},"efficiency":{"value":12.4795,"unit":"%"},"r_at_voc":{"value":106.334612,"unit":""},"r_at_isc":{"value":11346.443,"unit":""},"power":{"value":0.00165837,"unit":"W"},"rshunt":{"value":"NaN","unit":"ohm"},"cell_temp_start":{"value":"NaN","unit":""},"cell_temp_end":{"value":"NaN","unit":""},"exposure":{"value":20.397,"unit":""},"time":{"value":"12:46:08","unit":""},"date":{"value":"02\/18\/2023","unit":""},"V":{"value":[1.25,1.23635,1.22275,1.2091,1.19545,1.1818,1.1682,1.15455,1.1409,1.12725,1.11365,1.1,1.08635,1.07275,1.0591,1.04545,1.0318,1.0182,1.00455,0.9909,0.97725,0.96365,0.95,0.93635,0.92275,0.9091,0.89545,0.8818,0.8682,0.85455,0.8409,0.82725,0.81365,0.8,0.78635,0.77275,0.7591,0.74545,0.7318,0.7182,0.70455,0.6909,0.67725,0.66365,0.65,0.63635,0.62275,0.6091,0.59545,0.5818,0.5682,0.55455,0.5409,0.52725,0.51365,0.5,0.48635,0.47275,0.4591,0.44545,0.4318,0.4182,0.40455,0.3909,0.37725,0.36365,0.35,0.33635,0.32275,0.3091,0.29545,0.2818,0.2682,0.25455,0.2409,0.22725,0.21365,0.2,0.18635,0.17275,0.1591,0.14545,0.1318,0.1182,0.10455,0.0909,0.07725,0.06365,0.05,0.03635,0.02275,0.0091,-0.00455,-0.0182,-0.0318,-0.04545,-0.0591,-0.07275,-0.08635,-0.1],"unit":"V"},"I":{"value":[-0.00308564,-0.00297221,-0.00285658,-0.00273087,-0.00260314,-0.0024698,-0.00233684,-0.00220131,-0.00206714,-0.0019302,-0.00179397,-0.00165561,-0.00151538,-0.00137329,-0.00123044,-0.00108792,-0.00095362,-0.00081199,-0.00067041,-0.00052975,-0.00039053,-0.00025428,-0.00011946,3.34e-6,0.00012767,0.0002576,0.00038219,0.00050284,0.00061895,0.00073186,0.00083989,0.00094359,0.00104066,0.00113259,0.00122143,0.00130661,0.00138546,0.00145658,0.00152208,0.00158031,0.00163443,0.00168285,0.00172686,0.00176735,0.0018043,0.00183673,0.00186539,0.00189115,0.00191452,0.00193653,0.00195595,0.00197183,0.00198766,0.00200276,0.00201533,0.00202558,0.00203636,0.00204478,0.00205395,0.00206137,0.00206836,0.00207549,0.00208086,0.00208676,0.00209309,0.00209658,0.00210234,0.00210664,0.00210906,0.00211226,0.00211628,0.00212057,0.00212251,0.00212589,0.00212803,0.00213076,0.00213249,0.00213502,0.00213629,0.00213798,0.00214051,0.00214228,0.00214418,0.00214568,0.00214541,0.00214743,0.0021484,0.00214993,0.00214991,0.00215096,0.00215225,0.00215299,0.00215334,0.00215359,0.0021532,0.00215438,0.00215554,0.00215601,0.00215672,0.00215816],"unit":"A"},"J":{"unit":"A\/cm2","value":[-0.03282595744680851,-0.031619255319148935,-0.030389148936170212,-0.029051808510638297,-0.027692978723404253,-0.026274468085106382,-0.024860000000000004,-0.023418191489361705,-0.021990851063829787,-0.020534042553191488,-0.01908478723404255,-0.017612872340425533,-0.016121063829787233,-0.014609468085106384,-0.013089787234042553,-0.011573617021276596,-0.010144893617021276,-0.008638191489361702,-0.007132021276595744,-0.00563563829787234,-0.0041545744680851066,-0.0027051063829787235,-0.0012708510638297873,3.5531914893617025e-5,0.0013581914893617021,0.0027404255319148935,0.0040658510638297875,0.005349361702127659,0.0065845744680851056,0.007785744680851064,0.008935,0.010038191489361702,0.011070851063829787,0.012048829787234042,0.012993936170212765,0.013900106382978722,0.014738936170212767,0.015495531914893617,0.016192340425531915,0.016811808510638297,0.017387553191489363,0.017902659574468086,0.018370851063829786,0.018801595744680853,0.01919468085106383,0.01953968085106383,0.019844574468085106,0.020118617021276597,0.02036723404255319,0.020601382978723402,0.020807978723404258,0.02097691489361702,0.02114531914893617,0.02130595744680851,0.02143968085106383,0.02154872340425532,0.02166340425531915,0.021752978723404256,0.02185053191489362,0.02192946808510638,0.02200382978723404,0.02207968085106383,0.022136808510638296,0.022199574468085105,0.022266914893617023,0.02230404255319149,0.022365319148936167,0.022411063829787234,0.022436808510638295,0.022470851063829785,0.022513617021276595,0.022559255319148937,0.022579893617021278,0.022615851063829788,0.022638617021276595,0.022667659574468087,0.02268606382978723,0.022712978723404255,0.022726489361702126,0.02274446808510638,0.022771382978723404,0.022790212765957444,0.022810425531914893,0.022826382978723404,0.02282351063829787,0.022845,0.02285531914893617,0.02287159574468085,0.022871382978723407,0.022882553191489362,0.022896276595744683,0.022904148936170213,0.022907872340425534,0.022910531914893617,0.022906382978723404,0.022918936170212765,0.02293127659574468,0.022936276595744678,0.02294382978723404,0.022959148936170213]},"cell_dimension":{"value":0.094,"unit":"cm2"},"sweep_direction":{"unit":"","value":"Reverse"},"key":"Reverse6.2FAPbI3 antisolvent speed 5_230218"},{"sample_area":{"value":0.094,"unit":"cm2"},"irradiance":{"value":1,"unit":""},"pre_sweep_delay":{"value":3,"unit":""},"bias_direction":{"value":0,"unit":""},"max_reverse_bias":{"value":-0.1,"unit":""},"max_forward_bias":{"value":1.25,"unit":""},"num_sweep_points":{"value":100,"unit":""},"dwell_time":{"value":100,"unit":""},"current_limit":{"value":-10,"unit":""},"pviv_10a_i_amp":{"value":0,"unit":""},"average":{"value":1,"unit":""},"dark_current":{"value":0,"unit":""},"rshunt_v_lo":{"value":-0.6,"unit":""},"rshunt_v_hi":{"value":-0.1,"unit":""},"voc":{"value":0.93630929,"unit":"V"},"isc":{"value":0.00213442,"unit":"A"},"jsc":{"value":22.70658444,"unit":"mA\/cm2"},"imax":{"value":0.00170708,"unit":"A"},"vmax":{"value":0.62574255,"unit":"V"},"pmax":{"value":1.06818954,"unit":"mW"},"fill_factor":{"value":53.4502,"unit":"%"},"efficiency":{"value":11.3637,"unit":"%"},"r_at_voc":{"value":141.545686,"unit":""},"r_at_isc":{"value":7847.578,"unit":""},"power":{"value":0.00157483,"unit":"W"},"rshunt":{"value":"NaN","unit":"ohm"},"cell_temp_start":{"value":"NaN","unit":""},"cell_temp_end":{"value":"NaN","unit":""},"exposure":{"value":20.7,"unit":""},"time":{"value":"12:45:42","unit":""},"date":{"value":"02\/18\/2023","unit":""},"V":{"value":[1.25,1.23635,1.22275,1.2091,1.19545,1.1818,1.1682,1.15455,1.1409,1.12725,1.11365,1.1,1.08635,1.07275,1.0591,1.04545,1.0318,1.0182,1.00455,0.9909,0.97725,0.96365,0.95,0.93635,0.92275,0.9091,0.89545,0.8818,0.8682,0.85455,0.8409,0.82725,0.81365,0.8,0.78635,0.77275,0.7591,0.74545,0.7318,0.7182,0.70455,0.6909,0.67725,0.66365,0.65,0.63635,0.62275,0.6091,0.59545,0.5818,0.5682,0.55455,0.5409,0.52725,0.51365,0.5,0.48635,0.47275,0.4591,0.44545,0.4318,0.4182,0.40455,0.3909,0.37725,0.36365,0.35,0.33635,0.32275,0.3091,0.29545,0.2818,0.2682,0.25455,0.2409,0.22725,0.21365,0.2,0.18635,0.17275,0.1591,0.14545,0.1318,0.1182,0.10455,0.0909,0.07725,0.06365,0.05,0.03635,0.02275,0.0091,-0.00455,-0.0182,-0.0318,-0.04545,-0.0591,-0.07275,-0.08635,-0.1],"unit":"V"},"I":{"value":[-0.00208423,-0.00200896,-0.00193353,-0.00185709,-0.00178252,-0.00170654,-0.00162724,-0.00154571,-0.00145124,-0.00135734,-0.00126921,-0.00117194,-0.00107694,-0.00100338,-0.00089194,-0.00079357,-0.00069586,-0.00059506,-0.00049249,-0.00039176,-0.0002887,-0.00018697,-9.405e-5,1.77e-6,9.352e-5,0.00018716,0.00028755,0.0003875,0.00048407,0.00058028,0.00067234,0.00076314,0.00085112,0.0009361,0.00101596,0.00109146,0.00116814,0.0012404,0.00130798,0.00137203,0.0014326,0.0014892,0.00154173,0.00158984,0.0016359,0.00167655,0.0017162,0.0017501,0.00178176,0.00181109,0.00183795,0.00186237,0.00188573,0.00190573,0.00192438,0.00194282,0.00195856,0.00197259,0.00198644,0.00199963,0.00200942,0.00202075,0.00202932,0.00203606,0.00204449,0.00205168,0.0020581,0.00206576,0.00207312,0.00207936,0.00208273,0.00208801,0.00209201,0.00209633,0.00209979,0.00210151,0.00210652,0.00211029,0.00211201,0.00211465,0.00211612,0.00211982,0.00212179,0.00212273,0.00212504,0.0021252,0.00212706,0.00212783,0.0021303,0.00213224,0.00213404,0.00213623,0.00213766,0.00213875,0.00213869,0.0021388,0.00213797,0.00214107,0.00213968,0.00213957],"unit":"A"},"J":{"unit":"A\/cm2","value":[-0.022172659574468085,-0.021371914893617023,-0.02056946808510638,-0.019756276595744682,-0.018962978723404255,-0.01815468085106383,-0.017311063829787234,-0.01644372340425532,-0.015438723404255318,-0.014439787234042554,-0.013502234042553192,-0.012467446808510639,-0.011456808510638298,-0.010674255319148935,-0.00948872340425532,-0.008442234042553192,-0.007402765957446808,-0.006330425531914894,-0.005239255319148936,-0.004167659574468085,-0.003071276595744681,-0.0019890425531914895,-0.001000531914893617,1.8829787234042554e-5,0.0009948936170212767,0.001991063829787234,0.0030590425531914897,0.004122340425531915,0.00514968085106383,0.006173191489361702,0.0071525531914893616,0.008118510638297874,0.009054468085106383,0.009958510638297873,0.010808085106382979,0.011611276595744681,0.012427021276595744,0.013195744680851064,0.013914680851063831,0.014596063829787233,0.015240425531914894,0.01584255319148936,0.016401382978723403,0.0169131914893617,0.017403191489361702,0.01783563829787234,0.018257446808510637,0.01861808510638298,0.018954893617021278,0.01926691489361702,0.019552659574468088,0.019812446808510638,0.02006095744680851,0.02027372340425532,0.020472127659574468,0.020668297872340428,0.020835744680851063,0.020985000000000004,0.021132340425531915,0.021272659574468087,0.0213768085106383,0.021497340425531915,0.02158851063829787,0.02166021276595745,0.021749893617021277,0.021826382978723406,0.02189468085106383,0.021976170212765954,0.02205446808510638,0.02212085106382979,0.022156702127659574,0.022212872340425533,0.022255425531914893,0.022301382978723402,0.0223381914893617,0.022356489361702127,0.022409787234042557,0.022449893617021276,0.022468191489361702,0.022496276595744682,0.02251191489361702,0.02255127659574468,0.022572234042553194,0.022582234042553193,0.022606808510638298,0.02260851063829787,0.022628297872340428,0.022636489361702126,0.022662765957446807,0.02268340425531915,0.02270255319148936,0.022725851063829784,0.022741063829787234,0.022752659574468086,0.022752021276595744,0.022753191489361703,0.02274436170212766,0.022777340425531915,0.022762553191489364,0.022761382978723405]},"cell_dimension":{"value":0.094,"unit":"cm2"},"sweep_direction":{"unit":"","value":"Reverse"},"key":"Reverse6.1FAPbI3 antisolvent speed 5_230218"}]}}