{"_id":"653622ec851eea3e48563f68","id":"KNU-SC-00117","author":79,"group":8,"input":[{"tco":{"unit":"","value":"FTO"}},[],{"etl":[{"material":{"unit":"","value":"TiO2"},"concentration":{"unit":"","value":"10"},"conc_unit":{"unit":"","value":"mg\/ml"},"quantity":{"unit":"ml","value":"1"}}],"solvent":[{"material":{"unit":"","value":"IPA"},"volume":{"unit":"ml","value":"1"}}],"spin_coating":[{"type":{"unit":"","value":"dynamic"},"rpm":{"unit":"","value":"3000"},"time":{"unit":"s","value":"30"}}],"vacuum_suction":[{"unit":"s","value":"0"}],"annealing":[{"temperature":{"unit":"oC","value":"100"},"time":{"unit":"m","value":"10"}}],"etl_doping":[{"material":{"unit":"","value":"KCl"},"volume":{"unit":"ul","value":"0"}}],"module":[{"type":{"unit":"","value":"Bar coating"},"gap":{"unit":"um","value":"0"},"coating_speed":{"unit":"mm\/s","value":"0"},"feeding_amount":{"unit":"ul","value":"0"}}],"thermal_evaporation":[{"evaporation_rate":{"unit":"A\/s","value":null},"vacuum_pressure":{"unit":"uTorr","value":null},"vacuum_evaporation_thickness":{"unit":"nm","value":"0"}}]},{"etl_treatment":[],"solvent":[{"material":{"unit":"","value":"IPA"},"volume":{"unit":"ml","value":"01"}},{"material":{"unit":"","value":"DMSO"},"volume":{"unit":"ml","value":"0"}}],"spin_coating":[{"type":{"unit":"","value":"dynamic"},"rpm":{"unit":"","value":"3000"},"time":{"unit":"s","value":"30"}}],"vacuum_suction":[{"unit":"s","value":"0"}],"annealing":[{"temperature":{"unit":"oC","value":"150"},"time":{"unit":"m","value":"30"}}],"module":[{"type":{"unit":"","value":"Bar coating"},"gap":{"unit":"um","value":"0"},"coating_speed":{"unit":"mm\/s","value":"0"},"feeding_amount":{"unit":"ul","value":"0"}}],"thermal_evaporation":[{"evaporation_rate":{"unit":"A\/s","value":null},"vacuum_pressure":{"unit":"uTorr","value":null},"vacuum_evaporation_thickness":{"unit":"nm","value":"0"}}]},[],{"perovskite":{"method":{"unit":"","value":"1step"},"molarity":{"unit":"M","value":"1.5"},"a_site":[{"material":{"unit":"","value":"FA"},"ratio":{"unit":"","value":"0.7553"}},{"material":{"unit":"","value":"Cs"},"ratio":{"unit":"","value":"0.1411"}},{"material":{"unit":"","value":"MA"},"ratio":{"unit":"","value":"0.074"}}],"b_site":[{"material":{"unit":"","value":"Pb"},"ratio":{"unit":"","value":"100"}},{"material":{"unit":"","value":"Sn"},"ratio":{"unit":"","value":"0"}}],"x_site":[{"material":{"unit":"","value":"I"},"ratio":{"unit":"","value":"70"}},{"material":{"unit":"","value":"Br"},"ratio":{"unit":"","value":"30"}}],"solvent":[{"material":{"unit":"","value":"DMF"},"volume":{"unit":"ml","value":"0.8"}},{"material":{"unit":"","value":"DMSO"},"volume":{"unit":"ml","value":"0.2"}}],"stirring_time":[{"unit":"m","value":"120"}],"antisolvent":[{"material":{"unit":"","value":"EA"},"quantity":{"unit":"ul","value":"50"},"dripping_time":{"unit":"s","value":"19"}}],"spin_coating":[{"type":{"unit":"","value":"dynamic"},"rpm":{"unit":"","value":"5000"},"time":{"unit":"s","value":"40"}}],"annealing":[{"temperature":{"unit":"oC","value":"100"},"time":{"unit":"m","value":"45"}}],"atmosphere":[{"type":{"unit":"","value":"N2"},"temperature":{"unit":"oC","value":"28"},"humidity":{"unit":"RH%","value":"0"}}],"assist":[{"type":{"unit":"","value":"DMSO vacuum assist"},"temperature":{"unit":"oC","value":"None"},"assist_start_time":{"value":null,"unit":"s"},"total_assist_time":{"value":"None","unit":"s"}}],"module":[{"type":{"unit":"","value":"Bar coating"},"gap":{"unit":"um","value":"0"},"coating_speed":{"unit":"mm\/s","value":"0"},"feeding_amount":{"unit":"ul","value":"0"}}],"thermal_evaporation":[{"evaporation_rate":{"unit":"A\/s","value":null},"vacuum_pressure":{"unit":"uTorr","value":null},"vacuum_evaporation_thickness":{"unit":"nm","value":"0"}}]}},{"perovskite_treatment":[{"material":{"unit":"","value":"OAI"},"concentration":{"unit":"","value":"0"},"conc_unit":{"unit":"","value":"mg\/ml"},"quantity":{"unit":"ml","value":null}}],"solvent":[{"material":{"unit":"","value":"IPA"},"volume":{"unit":"ml","value":"0"}}],"spin_coating":[{"type":{"unit":"","value":"dynamic"},"rpm":{"unit":"","value":"3000"},"time":{"unit":"s","value":"30"}}],"vacuum_suction":[{"unit":"s","value":"0"}],"annealing":[{"temperature":{"unit":"oC","value":"0"},"time":{"unit":"m","value":"0"}}],"module":[{"type":{"unit":"","value":"Bar coating"},"gap":{"unit":"um","value":"0"},"coating_speed":{"unit":"mm\/s","value":"0"},"feeding_amount":{"unit":"ul","value":"0"}}],"thermal_evaporation":[{"evaporation_rate":{"unit":"A\/s","value":null},"vacuum_pressure":{"unit":"uTorr","value":null},"vacuum_evaporation_thickness":{"unit":"nm","value":"0"}}]},{"htl":[{"material":{"unit":"","value":"Spiro-OMeTAD"},"concentration":{"unit":"","value":"90"},"conc_unit":{"unit":"","value":"mg\/ml"},"quantity":{"unit":"ml","value":null}}],"solvent":[{"material":{"unit":"","value":"CB"},"volume":{"unit":"ml","value":"0.3"}}],"spin_coating":[{"type":{"unit":"","value":"dynamic"},"rpm":{"unit":"","value":"3000"},"time":{"unit":"s","value":"30"}}],"vacuum_suction":[{"unit":"s","value":"0"}],"annealing":[{"temperature":{"unit":"oC","value":"0"},"time":{"unit":"m","value":"0"}}],"module":[{"type":{"unit":"","value":"Bar coating"},"gap":{"unit":"um","value":"0"},"coating_speed":{"unit":"mm\/s","value":"0"},"feeding_amount":{"unit":"ul","value":"0"}}],"thermal_evaporation":[{"evaporation_rate":{"unit":"A\/s","value":null},"vacuum_pressure":{"unit":"uTorr","value":null},"vacuum_evaporation_thickness":{"unit":"nm","value":"0"}}],"htl_doping":[{"material":{"unit":"","value":"Co-TFSI"},"volume":{"unit":"ul","value":"5"}},{"material":{"unit":"","value":"Li-TFSI"},"volume":{"unit":"ul","value":"23"}},{"material":{"unit":"","value":"tBP"},"volume":{"unit":"ul","value":"39"}}]},{"htl_treatment":[{"material":{"unit":"","value":"none"},"concentration":{"unit":"","value":"3"},"conc_unit":{"unit":"","value":"mg\/ml"},"quantity":{"unit":"ml","value":null}}],"solvent":[{"material":{"unit":"","value":"DMF"},"volume":{"unit":"ml","value":"0.8"}},{"material":{"unit":"","value":"DMSO"},"volume":{"unit":"ml","value":"0.2"}}],"spin_coating":[{"type":{"unit":"","value":"dynamic"},"rpm":{"unit":"","value":"5000"},"time":{"unit":"s","value":"0"}}],"vacuum_suction":[{"unit":"s","value":"0"}],"annealing":[{"temperature":{"unit":"oC","value":"0"},"time":{"unit":"m","value":"0"}}],"module":[{"type":{"unit":"","value":"Bar coating"},"gap":{"unit":"um","value":"0"},"coating_speed":{"unit":"mm\/s","value":"0"},"feeding_amount":{"unit":"ul","value":"0"}}],"thermal_evaporation":[{"evaporation_rate":{"unit":"A\/s","value":null},"vacuum_pressure":{"unit":"uTorr","value":null},"vacuum_evaporation_thickness":{"unit":"nm","value":"0"}}]},{"anode_metal":{"unit":"","value":"Au"}},{"note":{"unit":"","value":"EA 50ul 19s"},"ar":{"unit":"","value":""},"type":{"unit":"","value":"unit_cell"},"device_type":{"unit":"","value":"n-i-p"},"temperature":{"unit":"oC","value":"30"},"humidity":{"unit":"%","value":"0"},"cell_dimension":{"unit":"cm2","value":"0.1"}}],"fileinfo":[{"key":"Reverse16.5R CFM EA 50ul 19s_230517","uploadType":"JV","original_name":"Reverse16.5R CFM EA 50ul 19s_230517-1005.txt","save_name":"KNU-SC-00117\/Reverse16.5R CFM EA 50ul 19s_230517","uploader":79,"fileType":""},{"key":"Reverse16.6R CFM EA 50ul 19s_230517","uploadType":"JV","original_name":"Reverse16.6R CFM EA 50ul 19s_230517-1006.txt","save_name":"KNU-SC-00117\/Reverse16.6R CFM EA 50ul 19s_230517","uploader":79,"fileType":""},{"key":"Reverse16.7R CFM EA 50ul 19s_230517","uploadType":"JV","original_name":"Reverse16.7R CFM EA 50ul 19s_230517-1007.txt","save_name":"KNU-SC-00117\/Reverse16.7R CFM EA 50ul 19s_230517","uploader":79,"fileType":""},{"key":"Forward16.1F CFM EA 50ul 19s_230517","uploadType":"JV","original_name":"Forward16.1F CFM EA 50ul 19s_230517-1001.txt","save_name":"KNU-SC-00117\/Forward16.1F CFM EA 50ul 19s_230517","uploader":79,"fileType":""},{"key":"Forward16.2F CFM EA 50ul 19s_230517","uploadType":"JV","original_name":"Forward16.2F CFM EA 50ul 19s_230517-1002.txt","save_name":"KNU-SC-00117\/Forward16.2F CFM EA 50ul 19s_230517","uploader":79,"fileType":""},{"key":"Forward16.3F CFM EA 50ul 19s_230517","uploadType":"JV","original_name":"Forward16.3F CFM EA 50ul 19s_230517-1003.txt","save_name":"KNU-SC-00117\/Forward16.3F CFM EA 50ul 19s_230517","uploader":79,"fileType":""},{"key":"Forward16.4F CFM EA 50ul 19s_230517","uploadType":"JV","original_name":"Forward16.4F CFM EA 50ul 19s_230517-1004.txt","save_name":"KNU-SC-00117\/Forward16.4F CFM EA 50ul 19s_230517","uploader":79,"fileType":""},{"key":"Forward16.5F CFM EA 50ul 19s_230517","uploadType":"JV","original_name":"Forward16.5F CFM EA 50ul 19s_230517-1005.txt","save_name":"KNU-SC-00117\/Forward16.5F CFM EA 50ul 19s_230517","uploader":79,"fileType":""},{"key":"Reverse16.1R CFM EA 50ul 19s_230517","uploadType":"JV","original_name":"Reverse16.1R CFM EA 50ul 19s_230517-1001.txt","save_name":"KNU-SC-00117\/Reverse16.1R CFM EA 50ul 19s_230517","uploader":79,"fileType":""},{"key":"Reverse16.2R CFM EA 50ul 19s_230517","uploadType":"JV","original_name":"Reverse16.2R CFM EA 50ul 19s_230517-1002.txt","save_name":"KNU-SC-00117\/Reverse16.2R CFM EA 50ul 19s_230517","uploader":79,"fileType":""},{"key":"Reverse16.3R CFM EA 50ul 19s_230517","uploadType":"JV","original_name":"Reverse16.3R CFM EA 50ul 19s_230517-1003.txt","save_name":"KNU-SC-00117\/Reverse16.3R CFM EA 50ul 19s_230517","uploader":79,"fileType":""},{"key":"Reverse16.4R CFM EA 50ul 19s_230517","uploadType":"JV","original_name":"Reverse16.4R CFM EA 50ul 19s_230517-1004.txt","save_name":"KNU-SC-00117\/Reverse16.4R CFM EA 50ul 19s_230517","uploader":79,"fileType":""}],"jvcnt":12,"updated_at":"2024-06-03 08:38:36","created_at":"2023-10-23 07:38:20","analysisInfo":{"JV":[{"efficiency":9.4193,"fill_factor":51.8942,"jsc":18.35618502,"voc":0.98881728,"key":"Reverse16.7R CFM EA 50ul 19s_230517","cell_dimension":0.1},{"efficiency":10.9398,"fill_factor":56.4803,"jsc":18.89283678,"voc":1.02521198,"key":"Reverse16.6R CFM EA 50ul 19s_230517","cell_dimension":0.1},{"efficiency":9.7418,"fill_factor":51.8739,"jsc":18.82182691,"voc":0.99776425,"key":"Reverse16.5R CFM EA 50ul 19s_230517","cell_dimension":0.1},{"efficiency":11.6383,"fill_factor":57.2927,"jsc":19.41670036,"voc":1.04620239,"key":"Reverse16.4R CFM EA 50ul 19s_230517","cell_dimension":0.1},{"efficiency":"NaN","fill_factor":"NaN","jsc":16.23995043,"voc":0.12875552,"key":"Reverse16.3R CFM EA 50ul 19s_230517","cell_dimension":0.1},{"efficiency":10.9107,"fill_factor":55.8386,"jsc":18.98440263,"voc":1.02925415,"key":"Reverse16.2R CFM EA 50ul 19s_230517","cell_dimension":0.1},{"efficiency":12.8727,"fill_factor":62.092,"jsc":19.20111043,"voc":1.07971172,"key":"Reverse16.1R CFM EA 50ul 19s_230517","cell_dimension":0.1},{"efficiency":8.2252,"fill_factor":44.1549,"jsc":19.05880234,"voc":0.97739945,"key":"Forward16.5F CFM EA 50ul 19s_230517","cell_dimension":0.1},{"efficiency":8.2074,"fill_factor":43.8674,"jsc":19.096378,"voc":0.97974071,"key":"Forward16.4F CFM EA 50ul 19s_230517","cell_dimension":0.1},{"efficiency":6.7888,"fill_factor":34.3874,"jsc":19.32360476,"voc":1.02165832,"key":"Forward16.3F CFM EA 50ul 19s_230517","cell_dimension":0.1},{"efficiency":1.1664,"fill_factor":21.1097,"jsc":14.31003154,"voc":0.38613463,"key":"Forward16.2F CFM EA 50ul 19s_230517","cell_dimension":0.1},{"efficiency":4.1589,"fill_factor":21.8182,"jsc":18.82145166,"voc":1.01275119,"key":"Forward16.1F CFM EA 50ul 19s_230517","cell_dimension":0.1}]},"public":2,"analysis":{"JV":[{"sample_area":{"value":0.1,"unit":"cm2"},"irradiance":{"value":1,"unit":""},"pre_sweep_delay":{"value":5,"unit":""},"bias_direction":{"value":0,"unit":""},"max_reverse_bias":{"value":-0.2,"unit":""},"max_forward_bias":{"value":3,"unit":""},"num_sweep_points":{"value":70,"unit":""},"dwell_time":{"value":10,"unit":""},"current_limit":{"value":-30,"unit":""},"pviv_10a_i_amp":{"value":0,"unit":""},"average":{"value":1,"unit":""},"dark_current":{"value":0,"unit":""},"rshunt_v_lo":{"value":-0.6,"unit":""},"rshunt_v_hi":{"value":-0.1,"unit":""},"voc":{"value":0.98881728,"unit":"V"},"isc":{"value":0.00183562,"unit":"A"},"jsc":{"value":18.35618502,"unit":"mA\/cm2"},"imax":{"value":0.00139359,"unit":"A"},"vmax":{"value":0.67589796,"unit":"V"},"pmax":{"value":0.94192745,"unit":"mW"},"fill_factor":{"value":51.8942,"unit":"%"},"efficiency":{"value":9.4193,"unit":"%"},"r_at_voc":{"value":132.258165,"unit":""},"r_at_isc":{"value":4670.567,"unit":""},"power":{"value":0.00141668,"unit":"W"},"rshunt":{"value":"NaN","unit":"ohm"},"cell_temp_start":{"value":"NaN","unit":""},"cell_temp_end":{"value":"NaN","unit":""},"exposure":{"value":10.673,"unit":""},"time":{"value":"18:14:22","unit":""},"date":{"value":"05\/17\/2023","unit":""},"V":{"value":[3,2.9535,2.907,2.861,2.8145,2.768,2.7215,2.6755,2.629,2.5825,2.536,2.49,2.4435,2.397,2.3505,2.3045,2.258,2.2115,2.165,2.119,2.0725,2.026,1.9795,1.9335,1.887,1.8405,1.794,1.748,1.7015,1.655,1.6085,1.5625,1.516,1.4695,1.423,1.377,1.3305,1.284,1.2375,1.1915,1.145,1.0985,1.052,1.006,0.9595,0.913,0.8665,0.8205,0.774,0.7275,0.681,0.635,0.5885,0.542,0.4955,0.4495,0.403,0.3565,0.31,0.264,0.2175,0.171,0.1245,0.0785,0.032,-0.0145,-0.061,-0.107,-0.1535,-0.2],"unit":"V"},"I":{"value":[-0.01326081,-0.01596468,-0.01761245,-0.01891658,-0.01972762,-0.0200664,-0.02004159,-0.01980378,-0.01938554,-0.01883002,-0.01819071,-0.01746064,-0.01668689,-0.01588845,-0.01508137,-0.01429293,-0.01349869,-0.01271022,-0.01196512,-0.01125665,-0.01057208,-0.00959842,-0.00906571,-0.00852909,-0.00801307,-0.00752034,-0.00705266,-0.00661375,-0.00619594,-0.00580099,-0.00541545,-0.0050531,-0.00470207,-0.00435511,-0.00400422,-0.00364608,-0.00326622,-0.00285795,-0.00241473,-0.00194837,-0.00145546,-0.00098363,-0.00052816,-0.00012992,0.00022167,0.00052234,0.00077029,0.00096707,0.00114292,0.0012738,0.00138295,0.00147016,0.00154137,0.00159889,0.00164423,0.00167986,0.00170999,0.0017345,0.00175588,0.00177339,0.00178697,0.00179951,0.00181135,0.00182179,0.00183192,0.00184341,0.00185051,0.00185811,0.00186655,0.00187304],"unit":"A"},"J":{"unit":"A\/cm2","value":[-0.13260809999999998,-0.15964679999999998,-0.17612450000000002,-0.18916579999999997,-0.1972762,-0.200664,-0.2004159,-0.19803779999999999,-0.19385539999999998,-0.18830019999999997,-0.1819071,-0.1746064,-0.1668689,-0.15888449999999998,-0.1508137,-0.1429293,-0.1349869,-0.1271022,-0.11965119999999999,-0.1125665,-0.10572079999999999,-0.09598419999999999,-0.09065709999999999,-0.08529089999999999,-0.0801307,-0.0752034,-0.0705266,-0.06613749999999999,-0.06195939999999999,-0.058009899999999996,-0.054154499999999994,-0.05053099999999999,-0.0470207,-0.043551099999999995,-0.0400422,-0.036460799999999995,-0.032662199999999995,-0.0285795,-0.024147299999999997,-0.0194837,-0.0145546,-0.009836300000000001,-0.005281599999999999,-0.0012992,0.0022167,0.0052234000000000004,0.0077028999999999995,0.009670699999999999,0.011429199999999999,0.012738,0.0138295,0.0147016,0.015413699999999999,0.015988899999999997,0.0164423,0.0167986,0.017099899999999998,0.017345,0.0175588,0.017733899999999997,0.0178697,0.0179951,0.018113499999999998,0.0182179,0.018319199999999997,0.0184341,0.0185051,0.0185811,0.018665499999999998,0.0187304]},"cell_dimension":{"value":0.1,"unit":"cm2"},"sweep_direction":{"unit":"","value":"Reverse"},"key":"Reverse16.7R CFM EA 50ul 19s_230517"},{"sample_area":{"value":0.1,"unit":"cm2"},"irradiance":{"value":1,"unit":""},"pre_sweep_delay":{"value":5,"unit":""},"bias_direction":{"value":0,"unit":""},"max_reverse_bias":{"value":-0.2,"unit":""},"max_forward_bias":{"value":3,"unit":""},"num_sweep_points":{"value":70,"unit":""},"dwell_time":{"value":10,"unit":""},"current_limit":{"value":-30,"unit":""},"pviv_10a_i_amp":{"value":0,"unit":""},"average":{"value":1,"unit":""},"dark_current":{"value":0,"unit":""},"rshunt_v_lo":{"value":-0.6,"unit":""},"rshunt_v_hi":{"value":-0.1,"unit":""},"voc":{"value":1.02521198,"unit":"V"},"isc":{"value":0.00188928,"unit":"A"},"jsc":{"value":18.89283678,"unit":"mA\/cm2"},"imax":{"value":0.00148796,"unit":"A"},"vmax":{"value":0.73521938,"unit":"V"},"pmax":{"value":1.09397523,"unit":"mW"},"fill_factor":{"value":56.4803,"unit":"%"},"efficiency":{"value":10.9398,"unit":"%"},"r_at_voc":{"value":102.24008,"unit":""},"r_at_isc":{"value":8080.746,"unit":""},"power":{"value":0.0015811,"unit":"W"},"rshunt":{"value":"NaN","unit":"ohm"},"cell_temp_start":{"value":"NaN","unit":""},"cell_temp_end":{"value":"NaN","unit":""},"exposure":{"value":10.673,"unit":""},"time":{"value":"18:14:08","unit":""},"date":{"value":"05\/17\/2023","unit":""},"V":{"value":[3,2.9535,2.907,2.861,2.8145,2.768,2.7215,2.6755,2.629,2.5825,2.536,2.49,2.4435,2.397,2.3505,2.3045,2.258,2.2115,2.165,2.119,2.0725,2.026,1.9795,1.9335,1.887,1.8405,1.794,1.748,1.7015,1.655,1.6085,1.5625,1.516,1.4695,1.423,1.377,1.3305,1.284,1.2375,1.1915,1.145,1.0985,1.052,1.006,0.9595,0.913,0.8665,0.8205,0.774,0.7275,0.681,0.635,0.5885,0.542,0.4955,0.4495,0.403,0.3565,0.31,0.264,0.2175,0.171,0.1245,0.0785,0.032,-0.0145,-0.061,-0.107,-0.1535,-0.2],"unit":"V"},"I":{"value":[-0.01274276,-0.01828212,-0.02115243,-0.02313784,-0.02443511,-0.02520671,-0.02553097,-0.02548988,-0.02516684,-0.02461363,-0.02392107,-0.02311173,-0.02220909,-0.02124236,-0.0202576,-0.01925759,-0.01825052,-0.01724328,-0.01626175,-0.01531303,-0.01440231,-0.01351487,-0.01266323,-0.01184832,-0.01106728,-0.01033523,-0.00928463,-0.00871848,-0.00814944,-0.00759757,-0.00704817,-0.00652758,-0.00601394,-0.00550052,-0.00497695,-0.00443783,-0.0038695,-0.00327411,-0.00264901,-0.00201595,-0.00137625,-0.00079992,-0.00026201,0.00018791,0.00056867,0.00087372,0.00108518,0.00126614,0.00140038,0.00150339,0.00158263,0.0016431,0.00169192,0.00173078,0.00176299,0.00178824,0.00180929,0.00182674,0.00184083,0.00185187,0.00186099,0.00186831,0.0018754,0.00188318,0.00188831,0.00189298,0.00189813,0.00190293,0.00190712,0.00190941],"unit":"A"},"J":{"unit":"A\/cm2","value":[-0.1274276,-0.1828212,-0.2115243,-0.23137839999999998,-0.2443511,-0.2520671,-0.2553097,-0.2548988,-0.25166839999999996,-0.2461363,-0.23921069999999997,-0.2311173,-0.2220909,-0.21242359999999996,-0.202576,-0.1925759,-0.18250519999999998,-0.1724328,-0.16261749999999997,-0.1531303,-0.1440231,-0.13514869999999998,-0.12663229999999998,-0.1184832,-0.1106728,-0.10335230000000001,-0.09284629999999999,-0.0871848,-0.08149440000000001,-0.0759757,-0.0704817,-0.0652758,-0.060139399999999996,-0.0550052,-0.049769499999999994,-0.0443783,-0.038695,-0.0327411,-0.026490099999999996,-0.020159499999999997,-0.0137625,-0.0079992,-0.0026201,0.0018791,0.005686699999999999,0.0087372,0.0108518,0.0126614,0.014003799999999999,0.0150339,0.015826299999999998,0.016430999999999998,0.0169192,0.017307799999999998,0.0176299,0.0178824,0.0180929,0.0182674,0.0184083,0.0185187,0.0186099,0.018683099999999998,0.018754,0.0188318,0.0188831,0.0189298,0.0189813,0.0190293,0.0190712,0.0190941]},"cell_dimension":{"value":0.1,"unit":"cm2"},"sweep_direction":{"unit":"","value":"Reverse"},"key":"Reverse16.6R CFM EA 50ul 19s_230517"},{"sample_area":{"value":0.1,"unit":"cm2"},"irradiance":{"value":1,"unit":""},"pre_sweep_delay":{"value":5,"unit":""},"bias_direction":{"value":0,"unit":""},"max_reverse_bias":{"value":-0.2,"unit":""},"max_forward_bias":{"value":3,"unit":""},"num_sweep_points":{"value":70,"unit":""},"dwell_time":{"value":10,"unit":""},"current_limit":{"value":-30,"unit":""},"pviv_10a_i_amp":{"value":0,"unit":""},"average":{"value":1,"unit":""},"dark_current":{"value":0,"unit":""},"rshunt_v_lo":{"value":-0.6,"unit":""},"rshunt_v_hi":{"value":-0.1,"unit":""},"voc":{"value":0.99776425,"unit":"V"},"isc":{"value":0.00188218,"unit":"A"},"jsc":{"value":18.82182691,"unit":"mA\/cm2"},"imax":{"value":0.00142982,"unit":"A"},"vmax":{"value":0.68132861,"unit":"V"},"pmax":{"value":0.97417859,"unit":"mW"},"fill_factor":{"value":51.8739,"unit":"%"},"efficiency":{"value":9.7418,"unit":"%"},"r_at_voc":{"value":145.09824,"unit":""},"r_at_isc":{"value":4741.567,"unit":""},"power":{"value":0.00146354,"unit":"W"},"rshunt":{"value":"NaN","unit":"ohm"},"cell_temp_start":{"value":"NaN","unit":""},"cell_temp_end":{"value":"NaN","unit":""},"exposure":{"value":10.874,"unit":""},"time":{"value":"18:13:45","unit":""},"date":{"value":"05\/17\/2023","unit":""},"V":{"value":[3,2.9535,2.907,2.861,2.8145,2.768,2.7215,2.6755,2.629,2.5825,2.536,2.49,2.4435,2.397,2.3505,2.3045,2.258,2.2115,2.165,2.119,2.0725,2.026,1.9795,1.9335,1.887,1.8405,1.794,1.748,1.7015,1.655,1.6085,1.5625,1.516,1.4695,1.423,1.377,1.3305,1.284,1.2375,1.1915,1.145,1.0985,1.052,1.006,0.9595,0.913,0.8665,0.8205,0.774,0.7275,0.681,0.635,0.5885,0.542,0.4955,0.4495,0.403,0.3565,0.31,0.264,0.2175,0.171,0.1245,0.0785,0.032,-0.0145,-0.061,-0.107,-0.1535,-0.2],"unit":"V"},"I":{"value":[-0.01164518,-0.01722393,-0.0204185,-0.02252932,-0.02382321,-0.02450132,-0.02477227,-0.02467336,-0.02436229,-0.023874,-0.02324573,-0.02253513,-0.02174963,-0.0209451,-0.02008928,-0.0192017,-0.0183202,-0.01742708,-0.01655869,-0.0156921,-0.01483037,-0.01399361,-0.01316653,-0.01237722,-0.01161101,-0.01087354,-0.01015983,-0.00917877,-0.00860389,-0.00801273,-0.00741737,-0.00682678,-0.00623483,-0.00564209,-0.00504647,-0.00444839,-0.00384117,-0.00322757,-0.00260773,-0.00200505,-0.0014186,-0.00089625,-0.00042691,-5.676e-5,0.00026371,0.00057184,0.00082212,0.00102234,0.00118735,0.00132161,0.00143051,0.00151675,0.00158625,0.00164346,0.00168899,0.00172522,0.00175474,0.0017806,0.00180175,0.00181921,0.00183347,0.00184742,0.00185895,0.00186916,0.00187915,0.00189106,0.00189727,0.00190451,0.00191226,0.00191741],"unit":"A"},"J":{"unit":"A\/cm2","value":[-0.1164518,-0.17223929999999998,-0.20418499999999998,-0.22529319999999997,-0.2382321,-0.2450132,-0.2477227,-0.24673359999999997,-0.2436229,-0.23873999999999998,-0.23245729999999998,-0.2253513,-0.21749629999999998,-0.209451,-0.2008928,-0.19201699999999997,-0.18320199999999998,-0.1742708,-0.1655869,-0.156921,-0.1483037,-0.13993609999999998,-0.13166529999999999,-0.12377219999999999,-0.1161101,-0.10873539999999998,-0.10159829999999999,-0.09178769999999999,-0.08603889999999999,-0.08012729999999998,-0.0741737,-0.0682678,-0.0623483,-0.056420899999999996,-0.050464699999999994,-0.0444839,-0.0384117,-0.0322757,-0.026077299999999998,-0.0200505,-0.014185999999999999,-0.0089625,-0.0042691,-0.0005675999999999999,0.0026371,0.005718399999999999,0.0082212,0.0102234,0.011873499999999999,0.0132161,0.0143051,0.0151675,0.015862499999999998,0.0164346,0.0168899,0.0172522,0.0175474,0.017806,0.0180175,0.0181921,0.0183347,0.0184742,0.0185895,0.0186916,0.0187915,0.0189106,0.0189727,0.0190451,0.0191226,0.0191741]},"cell_dimension":{"value":0.1,"unit":"cm2"},"sweep_direction":{"unit":"","value":"Reverse"},"key":"Reverse16.5R CFM EA 50ul 19s_230517"},{"sample_area":{"value":0.1,"unit":"cm2"},"irradiance":{"value":1,"unit":""},"pre_sweep_delay":{"value":5,"unit":""},"bias_direction":{"value":0,"unit":""},"max_reverse_bias":{"value":-0.2,"unit":""},"max_forward_bias":{"value":3,"unit":""},"num_sweep_points":{"value":70,"unit":""},"dwell_time":{"value":10,"unit":""},"current_limit":{"value":-30,"unit":""},"pviv_10a_i_amp":{"value":0,"unit":""},"average":{"value":1,"unit":""},"dark_current":{"value":0,"unit":""},"rshunt_v_lo":{"value":-0.6,"unit":""},"rshunt_v_hi":{"value":-0.1,"unit":""},"voc":{"value":1.04620239,"unit":"V"},"isc":{"value":0.00194167,"unit":"A"},"jsc":{"value":19.41670036,"unit":"mA\/cm2"},"imax":{"value":0.0015499,"unit":"A"},"vmax":{"value":0.7509083,"unit":"V"},"pmax":{"value":1.16383138,"unit":"mW"},"fill_factor":{"value":57.2927,"unit":"%"},"efficiency":{"value":11.6383,"unit":"%"},"r_at_voc":{"value":122.03624,"unit":""},"r_at_isc":{"value":8919.37,"unit":""},"power":{"value":0.00166222,"unit":"W"},"rshunt":{"value":"NaN","unit":"ohm"},"cell_temp_start":{"value":"NaN","unit":""},"cell_temp_end":{"value":"NaN","unit":""},"exposure":{"value":11.001,"unit":""},"time":{"value":"18:13:31","unit":""},"date":{"value":"05\/17\/2023","unit":""},"V":{"value":[3,2.9535,2.907,2.861,2.8145,2.768,2.7215,2.6755,2.629,2.5825,2.536,2.49,2.4435,2.397,2.3505,2.3045,2.258,2.2115,2.165,2.119,2.0725,2.026,1.9795,1.9335,1.887,1.8405,1.794,1.748,1.7015,1.655,1.6085,1.5625,1.516,1.4695,1.423,1.377,1.3305,1.284,1.2375,1.1915,1.145,1.0985,1.052,1.006,0.9595,0.913,0.8665,0.8205,0.774,0.7275,0.681,0.635,0.5885,0.542,0.4955,0.4495,0.403,0.3565,0.31,0.264,0.2175,0.171,0.1245,0.0785,0.032,-0.0145,-0.061,-0.107,-0.1535,-0.2],"unit":"V"},"I":{"value":[-0.01579388,-0.01926593,-0.02128037,-0.02246514,-0.02316002,-0.02360958,-0.02384002,-0.0238065,-0.02359882,-0.02327441,-0.02282405,-0.02235146,-0.02176866,-0.0211428,-0.02045159,-0.01971275,-0.01893205,-0.01811175,-0.01727535,-0.01643734,-0.01558696,-0.01471821,-0.01389095,-0.01309364,-0.01231916,-0.01155988,-0.01082154,-0.01010083,-0.00914865,-0.00856221,-0.00794545,-0.00730835,-0.00665176,-0.00597491,-0.00527787,-0.00456994,-0.00384475,-0.00312642,-0.00241165,-0.00172582,-0.00107269,-0.00051818,-4.751e-5,0.00032943,0.00069325,0.00098425,0.00118626,0.00136623,0.00149838,0.00159474,0.00166701,0.00172239,0.00176474,0.00179709,0.00182492,0.00184923,0.00186894,0.00188587,0.00189937,0.00191014,0.00191836,0.00192597,0.00193107,0.00193686,0.00194118,0.00194506,0.00194842,0.00195208,0.0019572,0.00196017],"unit":"A"},"J":{"unit":"A\/cm2","value":[-0.1579388,-0.1926593,-0.21280369999999998,-0.2246514,-0.23160019999999998,-0.2360958,-0.23840019999999998,-0.238065,-0.23598819999999998,-0.23274409999999998,-0.22824049999999999,-0.22351459999999998,-0.21768659999999998,-0.21142799999999998,-0.20451589999999997,-0.1971275,-0.18932049999999997,-0.1811175,-0.17275349999999998,-0.1643734,-0.1558696,-0.1471821,-0.1389095,-0.13093639999999998,-0.12319159999999998,-0.11559879999999999,-0.10821539999999999,-0.1010083,-0.09148649999999998,-0.0856221,-0.0794545,-0.0730835,-0.0665176,-0.0597491,-0.05277869999999999,-0.045699399999999994,-0.038447499999999996,-0.0312642,-0.0241165,-0.0172582,-0.0107269,-0.0051818,-0.00047509999999999995,0.0032943,0.006932499999999999,0.0098425,0.0118626,0.013662299999999999,0.014983799999999999,0.0159474,0.0166701,0.0172239,0.0176474,0.0179709,0.0182492,0.0184923,0.0186894,0.0188587,0.0189937,0.0191014,0.0191836,0.019259699999999998,0.0193107,0.0193686,0.0194118,0.0194506,0.0194842,0.019520799999999998,0.019572,0.019601699999999996]},"cell_dimension":{"value":0.1,"unit":"cm2"},"sweep_direction":{"unit":"","value":"Reverse"},"key":"Reverse16.4R CFM EA 50ul 19s_230517"},{"sample_area":{"value":0.1,"unit":"cm2"},"irradiance":{"value":1,"unit":""},"pre_sweep_delay":{"value":5,"unit":""},"bias_direction":{"value":0,"unit":""},"max_reverse_bias":{"value":-0.2,"unit":""},"max_forward_bias":{"value":3,"unit":""},"num_sweep_points":{"value":70,"unit":""},"dwell_time":{"value":10,"unit":""},"current_limit":{"value":-30,"unit":""},"pviv_10a_i_amp":{"value":0,"unit":""},"average":{"value":1,"unit":""},"dark_current":{"value":0,"unit":""},"rshunt_v_lo":{"value":-0.6,"unit":""},"rshunt_v_hi":{"value":-0.1,"unit":""},"voc":{"value":0.12875552,"unit":"V"},"isc":{"value":0.001624,"unit":"A"},"jsc":{"value":16.23995043,"unit":"mA\/cm2"},"imax":{"value":0,"unit":"A"},"vmax":{"value":"NaN","unit":"V"},"pmax":{"value":"NaN","unit":"mW"},"fill_factor":{"value":"NaN","unit":"%"},"efficiency":{"value":"NaN","unit":"%"},"r_at_voc":{"value":65.447563,"unit":""},"r_at_isc":{"value":79.432,"unit":""},"power":{"value":0.00010505,"unit":"W"},"rshunt":{"value":"NaN","unit":"ohm"},"cell_temp_start":{"value":"NaN","unit":""},"cell_temp_end":{"value":"NaN","unit":""},"exposure":{"value":11.015,"unit":""},"time":{"value":"18:13:06","unit":""},"date":{"value":"05\/17\/2023","unit":""},"V":{"value":[3,2.9535,2.907,2.861,2.8145,2.768,2.7215,2.6755,2.629,2.5825,2.536,2.49,2.4435,2.397,2.3505,2.3045,2.258,2.2115,2.165,2.119,2.0725,2.026,1.9795,1.9335,1.887,1.8405,1.794,1.748,1.7015,1.655,1.6085,1.5625,1.516,1.4695,1.423,1.377,1.3305,1.284,1.2375,1.1915,1.145,1.0985,1.052,1.006,0.9595,0.913,0.8665,0.8205,0.774,0.7275,0.681,0.635,0.5885,0.542,0.4955,0.4495,0.403,0.3565,0.31,0.264,0.2175,0.171,0.1245,0.0785,0.032,-0.0145,-0.061,-0.107,-0.1535,-0.2],"unit":"V"},"I":{"value":[-0.03000334,-0.03000326,-0.03000352,-0.03000327,-0.03000357,-0.03000338,-0.03000337,-0.03000358,-0.03000826,-0.03000352,-0.03000353,-0.0300034,-0.03000362,-0.03000341,-0.0300035,-0.0300035,-0.03000349,-0.03000351,-0.03000332,-0.03000333,-0.03000331,-0.03000346,-0.03000348,-0.0300033,-0.03000329,-0.03000341,-0.03000335,-0.03000346,-0.03000339,-0.03000328,-0.03000325,-0.03000301,-0.03000348,-0.03000328,-0.03000345,-0.03000343,-0.03000329,-0.03000343,-0.03000339,-0.03000322,-0.03000369,-0.03000318,-0.02813547,-0.02609479,-0.02257525,-0.01974696,-0.01840803,-0.01893292,-0.01494782,-0.01407014,-0.01219306,-0.0110116,-0.01003839,-0.00892903,-0.0072326,-0.00586822,-0.00494917,-0.00380115,-0.00367216,-0.0029004,-0.00188554,-0.00064547,6.502e-5,0.00063789,0.00122113,0.00180654,0.00234245,0.0028315,0.00328826,0.00382635],"unit":"A"},"J":{"unit":"A\/cm2","value":[-0.3000334,-0.3000326,-0.30003519999999995,-0.3000327,-0.30003569999999996,-0.30003379999999996,-0.3000337,-0.30003579999999996,-0.3000826,-0.30003519999999995,-0.3000353,-0.30003399999999997,-0.3000362,-0.30003409999999997,-0.300035,-0.300035,-0.3000349,-0.3000351,-0.3000332,-0.3000333,-0.30003309999999994,-0.3000346,-0.3000348,-0.300033,-0.3000329,-0.30003409999999997,-0.3000335,-0.3000346,-0.3000339,-0.3000328,-0.3000325,-0.30003009999999997,-0.3000348,-0.3000328,-0.3000345,-0.3000343,-0.3000329,-0.3000343,-0.3000339,-0.30003219999999997,-0.3000369,-0.3000318,-0.28135469999999996,-0.26094789999999995,-0.2257525,-0.1974696,-0.18408029999999997,-0.18932919999999998,-0.1494782,-0.1407014,-0.1219306,-0.11011599999999999,-0.10038389999999998,-0.08929029999999999,-0.07232599999999999,-0.058682200000000004,-0.0494917,-0.0380115,-0.03672159999999999,-0.029004,-0.018855399999999998,-0.0064547,0.0006502,0.0063789,0.0122113,0.0180654,0.023424499999999997,0.028314999999999996,0.0328826,0.0382635]},"cell_dimension":{"value":0.1,"unit":"cm2"},"sweep_direction":{"unit":"","value":"Reverse"},"key":"Reverse16.3R CFM EA 50ul 19s_230517"},{"sample_area":{"value":0.1,"unit":"cm2"},"irradiance":{"value":1,"unit":""},"pre_sweep_delay":{"value":5,"unit":""},"bias_direction":{"value":0,"unit":""},"max_reverse_bias":{"value":-0.2,"unit":""},"max_forward_bias":{"value":3,"unit":""},"num_sweep_points":{"value":70,"unit":""},"dwell_time":{"value":10,"unit":""},"current_limit":{"value":-30,"unit":""},"pviv_10a_i_amp":{"value":0,"unit":""},"average":{"value":1,"unit":""},"dark_current":{"value":0,"unit":""},"rshunt_v_lo":{"value":-0.6,"unit":""},"rshunt_v_hi":{"value":-0.1,"unit":""},"voc":{"value":1.02925415,"unit":"V"},"isc":{"value":0.00189844,"unit":"A"},"jsc":{"value":18.98440263,"unit":"mA\/cm2"},"imax":{"value":0.00151525,"unit":"A"},"vmax":{"value":0.72006081,"unit":"V"},"pmax":{"value":1.0910737,"unit":"mW"},"fill_factor":{"value":55.8386,"unit":"%"},"efficiency":{"value":10.9107,"unit":"%"},"r_at_voc":{"value":124.874142,"unit":""},"r_at_isc":{"value":9859.225,"unit":""},"power":{"value":0.0015829,"unit":"W"},"rshunt":{"value":"NaN","unit":"ohm"},"cell_temp_start":{"value":"NaN","unit":""},"cell_temp_end":{"value":"NaN","unit":""},"exposure":{"value":10.805,"unit":""},"time":{"value":"18:12:49","unit":""},"date":{"value":"05\/17\/2023","unit":""},"V":{"value":[3,2.9535,2.907,2.861,2.8145,2.768,2.7215,2.6755,2.629,2.5825,2.536,2.49,2.4435,2.397,2.3505,2.3045,2.258,2.2115,2.165,2.119,2.0725,2.026,1.9795,1.9335,1.887,1.8405,1.794,1.748,1.7015,1.655,1.6085,1.5625,1.516,1.4695,1.423,1.377,1.3305,1.284,1.2375,1.1915,1.145,1.0985,1.052,1.006,0.9595,0.913,0.8665,0.8205,0.774,0.7275,0.681,0.635,0.5885,0.542,0.4955,0.4495,0.403,0.3565,0.31,0.264,0.2175,0.171,0.1245,0.0785,0.032,-0.0145,-0.061,-0.107,-0.1535,-0.2],"unit":"V"},"I":{"value":[-0.01538628,-0.01781088,-0.01903841,-0.0197711,-0.02018437,-0.02034178,-0.02033161,-0.02018055,-0.0199114,-0.0195401,-0.01909163,-0.01859608,-0.01806251,-0.01747976,-0.01687146,-0.01625651,-0.01562066,-0.01497179,-0.01431848,-0.01367052,-0.01302437,-0.01238433,-0.01175046,-0.01112597,-0.01051667,-0.00966709,-0.00914998,-0.00861777,-0.00807511,-0.00752782,-0.00697483,-0.00642163,-0.00585447,-0.00528052,-0.00469712,-0.00410894,-0.00350409,-0.00288838,-0.0022701,-0.00167451,-0.0011084,-0.00061582,-0.00018215,0.00018622,0.00051749,0.00080978,0.00105015,0.00122884,0.00138306,0.00149928,0.00158944,0.00165869,0.00171201,0.00175359,0.0017858,0.0018106,0.00182927,0.00184541,0.00185734,0.00186683,0.00187664,0.00188248,0.00188791,0.0018921,0.00189578,0.00190169,0.00190506,0.00190955,0.00191276,0.0019164],"unit":"A"},"J":{"unit":"A\/cm2","value":[-0.1538628,-0.1781088,-0.19038409999999997,-0.197711,-0.2018437,-0.20341779999999998,-0.2033161,-0.20180549999999997,-0.19911399999999999,-0.195401,-0.19091629999999998,-0.1859608,-0.18062509999999998,-0.1747976,-0.1687146,-0.16256509999999996,-0.1562066,-0.1497179,-0.1431848,-0.1367052,-0.1302437,-0.1238433,-0.1175046,-0.1112597,-0.1051667,-0.09667089999999999,-0.09149979999999999,-0.0861777,-0.08075109999999999,-0.0752782,-0.06974829999999999,-0.0642163,-0.05854469999999999,-0.052805200000000004,-0.0469712,-0.0410894,-0.0350409,-0.028883799999999998,-0.022701,-0.0167451,-0.011084,-0.0061582,-0.0018215,0.0018621999999999998,0.0051749,0.008097799999999999,0.010501499999999999,0.012288399999999998,0.013830599999999998,0.014992799999999999,0.0158944,0.016586899999999998,0.0171201,0.0175359,0.017858,0.018106,0.0182927,0.018454099999999998,0.0185734,0.0186683,0.0187664,0.0188248,0.0188791,0.018921,0.018957799999999997,0.0190169,0.0190506,0.0190955,0.019127599999999998,0.019163999999999997]},"cell_dimension":{"value":0.1,"unit":"cm2"},"sweep_direction":{"unit":"","value":"Reverse"},"key":"Reverse16.2R CFM EA 50ul 19s_230517"},{"sample_area":{"value":0.1,"unit":"cm2"},"irradiance":{"value":1,"unit":""},"pre_sweep_delay":{"value":5,"unit":""},"bias_direction":{"value":0,"unit":""},"max_reverse_bias":{"value":-0.2,"unit":""},"max_forward_bias":{"value":3,"unit":""},"num_sweep_points":{"value":70,"unit":""},"dwell_time":{"value":10,"unit":""},"current_limit":{"value":-30,"unit":""},"pviv_10a_i_amp":{"value":0,"unit":""},"average":{"value":1,"unit":""},"dark_current":{"value":0,"unit":""},"rshunt_v_lo":{"value":-0.6,"unit":""},"rshunt_v_hi":{"value":-0.1,"unit":""},"voc":{"value":1.07971172,"unit":"V"},"isc":{"value":0.00192011,"unit":"A"},"jsc":{"value":19.20111043,"unit":"mA\/cm2"},"imax":{"value":0.00162962,"unit":"A"},"vmax":{"value":0.78991792,"unit":"V"},"pmax":{"value":1.28726981,"unit":"mW"},"fill_factor":{"value":62.092,"unit":"%"},"efficiency":{"value":12.8727,"unit":"%"},"r_at_voc":{"value":102.525885,"unit":""},"r_at_isc":{"value":14529.354,"unit":""},"power":{"value":0.00175747,"unit":"W"},"rshunt":{"value":"NaN","unit":"ohm"},"cell_temp_start":{"value":"NaN","unit":""},"cell_temp_end":{"value":"NaN","unit":""},"exposure":{"value":10.806,"unit":""},"time":{"value":"18:12:35","unit":""},"date":{"value":"05\/17\/2023","unit":""},"V":{"value":[3,2.9535,2.907,2.861,2.8145,2.768,2.7215,2.6755,2.629,2.5825,2.536,2.49,2.4435,2.397,2.3505,2.3045,2.258,2.2115,2.165,2.119,2.0725,2.026,1.9795,1.9335,1.887,1.8405,1.794,1.748,1.7015,1.655,1.6085,1.5625,1.516,1.4695,1.423,1.377,1.3305,1.284,1.2375,1.1915,1.145,1.0985,1.052,1.006,0.9595,0.913,0.8665,0.8205,0.774,0.7275,0.681,0.635,0.5885,0.542,0.4955,0.4495,0.403,0.3565,0.31,0.264,0.2175,0.171,0.1245,0.0785,0.032,-0.0145,-0.061,-0.107,-0.1535,-0.2],"unit":"V"},"I":{"value":[-0.01299561,-0.01453004,-0.01552908,-0.01629627,-0.01688154,-0.01730571,-0.01759164,-0.01773848,-0.01775943,-0.01766619,-0.01747654,-0.01722778,-0.01690926,-0.0165274,-0.01609762,-0.01562995,-0.01514148,-0.0146218,-0.01408977,-0.01354716,-0.01298631,-0.0124316,-0.01187106,-0.01131193,-0.01075204,-0.01018911,-0.00941881,-0.00893199,-0.00841638,-0.00787915,-0.00731466,-0.00673776,-0.00612101,-0.00547085,-0.00479289,-0.00410433,-0.00340415,-0.00270285,-0.00200607,-0.00134098,-0.00072966,-0.00018325,0.00027029,0.00064583,0.00096763,0.00119674,0.0014106,0.00155803,0.00166037,0.00173095,0.00177953,0.0018107,0.00183509,0.00185246,0.00186457,0.001874,0.00188272,0.00189073,0.00189727,0.0019008,0.00190667,0.00190937,0.00191169,0.00191471,0.0019186,0.00192113,0.00192471,0.00192739,0.00193121,0.00193228],"unit":"A"},"J":{"unit":"A\/cm2","value":[-0.1299561,-0.1453004,-0.1552908,-0.16296270000000002,-0.1688154,-0.17305709999999996,-0.17591639999999997,-0.1773848,-0.17759429999999998,-0.17666189999999998,-0.1747654,-0.1722778,-0.16909259999999998,-0.165274,-0.16097619999999999,-0.15629949999999998,-0.1514148,-0.146218,-0.1408977,-0.1354716,-0.12986309999999998,-0.12431599999999998,-0.11871059999999999,-0.11311929999999999,-0.10752039999999999,-0.10189109999999998,-0.0941881,-0.08931990000000001,-0.08416379999999998,-0.07879149999999999,-0.07314659999999999,-0.0673776,-0.061210099999999996,-0.0547085,-0.047928899999999997,-0.0410433,-0.034041499999999995,-0.0270285,-0.020060699999999997,-0.0134098,-0.0072966,-0.0018325,0.0027029,0.0064583,0.0096763,0.0119674,0.014105999999999999,0.015580299999999998,0.0166037,0.0173095,0.0177953,0.018106999999999998,0.0183509,0.0185246,0.0186457,0.01874,0.0188272,0.0189073,0.0189727,0.019008,0.0190667,0.019093699999999998,0.0191169,0.0191471,0.019185999999999998,0.0192113,0.0192471,0.0192739,0.0193121,0.019322799999999998]},"cell_dimension":{"value":0.1,"unit":"cm2"},"sweep_direction":{"unit":"","value":"Reverse"},"key":"Reverse16.1R CFM EA 50ul 19s_230517"},{"sample_area":{"value":0.1,"unit":"cm2"},"irradiance":{"value":1,"unit":""},"pre_sweep_delay":{"value":5,"unit":""},"bias_direction":{"value":1,"unit":""},"max_reverse_bias":{"value":-0.1,"unit":""},"max_forward_bias":{"value":1.2,"unit":""},"num_sweep_points":{"value":70,"unit":""},"dwell_time":{"value":10,"unit":""},"current_limit":{"value":-30,"unit":""},"pviv_10a_i_amp":{"value":0,"unit":""},"average":{"value":1,"unit":""},"dark_current":{"value":0,"unit":""},"rshunt_v_lo":{"value":-0.6,"unit":""},"rshunt_v_hi":{"value":-0.1,"unit":""},"voc":{"value":0.97739945,"unit":"V"},"isc":{"value":0.00190588,"unit":"A"},"jsc":{"value":19.05880234,"unit":"mA\/cm2"},"imax":{"value":0.00118982,"unit":"A"},"vmax":{"value":0.6913,"unit":"V"},"pmax":{"value":0.8225198,"unit":"mW"},"fill_factor":{"value":44.1549,"unit":"%"},"efficiency":{"value":8.2252,"unit":"%"},"r_at_voc":{"value":272.463401,"unit":""},"r_at_isc":{"value":3077.241,"unit":""},"power":{"value":0.00128963,"unit":"W"},"rshunt":{"value":"NaN","unit":"ohm"},"cell_temp_start":{"value":"NaN","unit":""},"cell_temp_end":{"value":"NaN","unit":""},"exposure":{"value":11.536,"unit":""},"time":{"value":"23:59:27","unit":""},"date":{"value":"05\/17\/2023","unit":""},"V":{"value":[-0.1,-0.08115,-0.0623,-0.0435,-0.02465,-0.0058,0.01305,0.0319,0.0507,0.06955,0.0884,0.10725,0.1261,0.14495,0.16375,0.1826,0.20145,0.2203,0.23915,0.25795,0.2768,0.29565,0.3145,0.33335,0.35215,0.371,0.38985,0.4087,0.42755,0.4464,0.4652,0.48405,0.5029,0.52175,0.5406,0.5594,0.57825,0.5971,0.61595,0.6348,0.6536,0.67245,0.6913,0.71015,0.729,0.74785,0.76665,0.7855,0.80435,0.8232,0.84205,0.86085,0.8797,0.89855,0.9174,0.93625,0.95505,0.9739,0.99275,1.0116,1.03045,1.0493,1.0681,1.08695,1.1058,1.12465,1.1435,1.1623,1.18115,1.2],"unit":"V"},"I":{"value":[0.0019228,0.00192255,0.00191985,0.00191705,0.00191391,0.00191067,0.00190894,0.00190413,0.00189778,0.00189086,0.00188601,0.0018782,0.00187377,0.00186515,0.00185772,0.00184902,0.00183861,0.00182735,0.00181698,0.00180472,0.0017921,0.00177855,0.00176338,0.00174727,0.0017286,0.00170871,0.00168855,0.0016652,0.00164269,0.00161557,0.00158711,0.00155601,0.00152187,0.00148544,0.00144481,0.00140272,0.0013555,0.00130453,0.00125169,0.001192,0.00112765,0.00106019,0.00118982,0.00106259,0.00103032,0.00090655,0.00080032,0.00070031,0.00060542,0.00051536,0.00042995,0.00034855,0.00027021,0.00019535,0.00012321,0.00017952,0.00015358,6.515e-5,-4.529e-5,-6.415e-5,-0.00017568,-0.00027543,-0.00037409,-0.00047736,-0.0005877,-0.00070678,-0.00083648,-0.00097611,-0.00108788,-0.00126733],"unit":"A"},"J":{"unit":"A\/cm2","value":[0.019228,0.0192255,0.0191985,0.0191705,0.0191391,0.019106699999999997,0.0190894,0.019041299999999997,0.0189778,0.0189086,0.018860099999999998,0.018782,0.0187377,0.0186515,0.0185772,0.0184902,0.0183861,0.018273499999999998,0.0181698,0.0180472,0.017921,0.0177855,0.017633799999999998,0.017472699999999997,0.017286,0.017087099999999997,0.016885499999999998,0.016651999999999997,0.016426899999999998,0.0161557,0.0158711,0.0155601,0.0152187,0.014854399999999999,0.014448099999999998,0.0140272,0.013555,0.0130453,0.0125169,0.011919999999999998,0.0112765,0.0106019,0.0118982,0.010625899999999999,0.010303199999999998,0.009065499999999999,0.008003199999999999,0.0070031,0.006054199999999999,0.0051535999999999995,0.0042994999999999995,0.0034855,0.0027021,0.0019535,0.0012321,0.0017951999999999998,0.0015358,0.0006515,-0.0004529,-0.0006414999999999999,-0.0017568,-0.0027543,-0.0037408999999999997,-0.0047736,-0.005877,-0.007067799999999999,-0.0083648,-0.0097611,-0.0108788,-0.0126733]},"cell_dimension":{"value":0.1,"unit":"cm2"},"sweep_direction":{"unit":"","value":"Forward"},"key":"Forward16.5F CFM EA 50ul 19s_230517"},{"sample_area":{"value":0.1,"unit":"cm2"},"irradiance":{"value":1,"unit":""},"pre_sweep_delay":{"value":5,"unit":""},"bias_direction":{"value":1,"unit":""},"max_reverse_bias":{"value":-0.1,"unit":""},"max_forward_bias":{"value":1.2,"unit":""},"num_sweep_points":{"value":70,"unit":""},"dwell_time":{"value":10,"unit":""},"current_limit":{"value":-30,"unit":""},"pviv_10a_i_amp":{"value":0,"unit":""},"average":{"value":1,"unit":""},"dark_current":{"value":0,"unit":""},"rshunt_v_lo":{"value":-0.6,"unit":""},"rshunt_v_hi":{"value":-0.1,"unit":""},"voc":{"value":0.97974071,"unit":"V"},"isc":{"value":0.00190964,"unit":"A"},"jsc":{"value":19.096378,"unit":"mA\/cm2"},"imax":{"value":0.00115572,"unit":"A"},"vmax":{"value":0.71015,"unit":"V"},"pmax":{"value":0.82073669,"unit":"mW"},"fill_factor":{"value":43.8674,"unit":"%"},"efficiency":{"value":8.2074,"unit":"%"},"r_at_voc":{"value":284.035808,"unit":""},"r_at_isc":{"value":3505.502,"unit":""},"power":{"value":0.00131482,"unit":"W"},"rshunt":{"value":"NaN","unit":"ohm"},"cell_temp_start":{"value":"NaN","unit":""},"cell_temp_end":{"value":"NaN","unit":""},"exposure":{"value":11.473,"unit":""},"time":{"value":"23:59:10","unit":""},"date":{"value":"05\/17\/2023","unit":""},"V":{"value":[-0.1,-0.08115,-0.0623,-0.0435,-0.02465,-0.0058,0.01305,0.0319,0.0507,0.06955,0.0884,0.10725,0.1261,0.14495,0.16375,0.1826,0.20145,0.2203,0.23915,0.25795,0.2768,0.29565,0.3145,0.33335,0.35215,0.371,0.38985,0.4087,0.42755,0.4464,0.4652,0.48405,0.5029,0.52175,0.5406,0.5594,0.57825,0.5971,0.61595,0.6348,0.6536,0.67245,0.6913,0.71015,0.729,0.74785,0.76665,0.7855,0.80435,0.8232,0.84205,0.86085,0.8797,0.89855,0.9174,0.93625,0.95505,0.9739,0.99275,1.0116,1.03045,1.0493,1.0681,1.08695,1.1058,1.12465,1.1435,1.1623,1.18115,1.2],"unit":"V"},"I":{"value":[0.00192259,0.00192366,0.00192122,0.00191832,0.00191511,0.00191237,0.00191035,0.00190532,0.00190141,0.00189793,0.00189289,0.00188876,0.00188344,0.00187604,0.00187002,0.00186304,0.00185735,0.00184845,0.00183833,0.00182968,0.00181815,0.00180544,0.00179249,0.00177927,0.00176335,0.00174772,0.00173003,0.00171182,0.00168955,0.00166412,0.00163791,0.00160752,0.00157477,0.00153764,0.00149813,0.0014555,0.00140841,0.00135617,0.00130052,0.00123883,0.00117154,0.00109998,0.00102486,0.00115572,0.00102224,0.00098633,0.00085508,0.00074093,0.00063567,0.00053607,0.00044271,0.00035571,0.000274,0.00019763,0.00012491,0.00018532,0.00016354,7.716e-5,-3.053e-5,-0.000105,-0.00014715,-0.00024828,-0.00034415,-0.00044431,-0.00055194,-0.0006691,-0.00079838,-0.00093906,-0.00104456,-0.00122829],"unit":"A"},"J":{"unit":"A\/cm2","value":[0.0192259,0.0192366,0.0192122,0.0191832,0.0191511,0.0191237,0.0191035,0.0190532,0.0190141,0.018979299999999998,0.0189289,0.018887599999999997,0.018834399999999998,0.0187604,0.0187002,0.0186304,0.0185735,0.018484499999999997,0.018383299999999998,0.0182968,0.0181815,0.018054399999999998,0.0179249,0.017792699999999998,0.017633499999999996,0.0174772,0.017300299999999998,0.0171182,0.016895499999999997,0.0166412,0.0163791,0.0160752,0.0157477,0.0153764,0.0149813,0.014554999999999998,0.014084099999999999,0.0135617,0.0130052,0.0123883,0.011715399999999999,0.010999799999999999,0.0102486,0.0115572,0.0102224,0.0098633,0.008550799999999999,0.0074093,0.006356699999999999,0.0053607,0.0044271,0.0035571,0.00274,0.0019763,0.0012491,0.0018532,0.0016354,0.0007716,-0.0003053,-0.00105,-0.0014715,-0.0024827999999999994,-0.0034414999999999997,-0.0044431,-0.0055194,-0.006690999999999999,-0.0079838,-0.009390599999999999,-0.0104456,-0.0122829]},"cell_dimension":{"value":0.1,"unit":"cm2"},"sweep_direction":{"unit":"","value":"Forward"},"key":"Forward16.4F CFM EA 50ul 19s_230517"},{"sample_area":{"value":0.1,"unit":"cm2"},"irradiance":{"value":1,"unit":""},"pre_sweep_delay":{"value":5,"unit":""},"bias_direction":{"value":1,"unit":""},"max_reverse_bias":{"value":-0.1,"unit":""},"max_forward_bias":{"value":1.2,"unit":""},"num_sweep_points":{"value":70,"unit":""},"dwell_time":{"value":10,"unit":""},"current_limit":{"value":-30,"unit":""},"pviv_10a_i_amp":{"value":0,"unit":""},"average":{"value":1,"unit":""},"dark_current":{"value":0,"unit":""},"rshunt_v_lo":{"value":-0.6,"unit":""},"rshunt_v_hi":{"value":-0.1,"unit":""},"voc":{"value":1.02165832,"unit":"V"},"isc":{"value":0.00193236,"unit":"A"},"jsc":{"value":19.32360476,"unit":"mA\/cm2"},"imax":{"value":0.00133165,"unit":"A"},"vmax":{"value":0.50980255,"unit":"V"},"pmax":{"value":0.67888043,"unit":"mW"},"fill_factor":{"value":34.3874,"unit":"%"},"efficiency":{"value":6.7888,"unit":"%"},"r_at_voc":{"value":520.378094,"unit":""},"r_at_isc":{"value":3144.279,"unit":""},"power":{"value":0.00120755,"unit":"W"},"rshunt":{"value":"NaN","unit":"ohm"},"cell_temp_start":{"value":"NaN","unit":""},"cell_temp_end":{"value":"NaN","unit":""},"exposure":{"value":11.139,"unit":""},"time":{"value":"23:58:41","unit":""},"date":{"value":"05\/17\/2023","unit":""},"V":{"value":[-0.1,-0.08115,-0.0623,-0.0435,-0.02465,-0.0058,0.01305,0.0319,0.0507,0.06955,0.0884,0.10725,0.1261,0.14495,0.16375,0.1826,0.20145,0.2203,0.23915,0.25795,0.2768,0.29565,0.3145,0.33335,0.35215,0.371,0.38985,0.4087,0.42755,0.4464,0.4652,0.48405,0.5029,0.52175,0.5406,0.5594,0.57825,0.5971,0.61595,0.6348,0.6536,0.67245,0.6913,0.71015,0.729,0.74785,0.76665,0.7855,0.80435,0.8232,0.84205,0.86085,0.8797,0.89855,0.9174,0.93625,0.95505,0.9739,0.99275,1.0116,1.03045,1.0493,1.0681,1.08695,1.1058,1.12465,1.1435,1.1623,1.18115,1.2],"unit":"V"},"I":{"value":[0.00194411,0.00194614,0.00194717,0.00194474,0.00194261,0.0019416,0.00193813,0.00193449,0.00192842,0.00192319,0.00191586,0.00190733,0.00189756,0.001886,0.00187579,0.00186023,0.00184557,0.00182797,0.00180919,0.00178962,0.00176745,0.00174235,0.00171721,0.00168994,0.00165947,0.00162772,0.00159415,0.00155735,0.00152143,0.00148084,0.0014395,0.00139353,0.00134701,0.00130013,0.00125087,0.00119994,0.00114572,0.00109204,0.00103777,0.00102748,0.00096244,0.00090039,0.00084059,0.00078099,0.00071993,0.00066317,0.00060393,0.00054708,0.00049078,0.00043611,0.00038204,0.00032939,0.00028121,0.00023326,0.0001888,0.000147,0.00010678,8.741e-5,4.388e-5,4.123e-5,2.95e-6,-2.799e-5,-7.892e-5,-0.00011255,-0.00016877,-0.00022658,-0.00028841,-0.00035387,-0.00042293,-0.00049685],"unit":"A"},"J":{"unit":"A\/cm2","value":[0.0194411,0.0194614,0.019471699999999998,0.019447399999999997,0.019426099999999998,0.019416,0.019381299999999997,0.019344899999999998,0.019284199999999998,0.0192319,0.019158599999999998,0.019073299999999998,0.0189756,0.01886,0.018757899999999997,0.0186023,0.0184557,0.0182797,0.018091899999999998,0.017896199999999998,0.0176745,0.017423499999999998,0.0171721,0.0168994,0.016594699999999997,0.0162772,0.015941499999999997,0.0155735,0.0152143,0.0148084,0.014395,0.0139353,0.0134701,0.0130013,0.0125087,0.0119994,0.011457199999999999,0.0109204,0.010377699999999998,0.0102748,0.009624399999999998,0.0090039,0.0084059,0.007809899999999999,0.0071993,0.0066317,0.0060393,0.0054708,0.0049077999999999995,0.0043611,0.0038204,0.0032938999999999998,0.0028120999999999997,0.0023325999999999998,0.001888,0.00147,0.0010678,0.0008741,0.0004388,0.0004123,2.95e-5,-0.0002799,-0.0007891999999999999,-0.0011255,-0.0016876999999999999,-0.0022657999999999997,-0.0028841,-0.0035386999999999997,-0.0042293,-0.004968499999999999]},"cell_dimension":{"value":0.1,"unit":"cm2"},"sweep_direction":{"unit":"","value":"Forward"},"key":"Forward16.3F CFM EA 50ul 19s_230517"},{"sample_area":{"value":0.1,"unit":"cm2"},"irradiance":{"value":1,"unit":""},"pre_sweep_delay":{"value":5,"unit":""},"bias_direction":{"value":1,"unit":""},"max_reverse_bias":{"value":-0.1,"unit":""},"max_forward_bias":{"value":1.2,"unit":""},"num_sweep_points":{"value":70,"unit":""},"dwell_time":{"value":10,"unit":""},"current_limit":{"value":-30,"unit":""},"pviv_10a_i_amp":{"value":0,"unit":""},"average":{"value":1,"unit":""},"dark_current":{"value":0,"unit":""},"rshunt_v_lo":{"value":-0.6,"unit":""},"rshunt_v_hi":{"value":-0.1,"unit":""},"voc":{"value":0.38613463,"unit":"V"},"isc":{"value":0.001431,"unit":"A"},"jsc":{"value":14.31003154,"unit":"mA\/cm2"},"imax":{"value":0.00069474,"unit":"A"},"vmax":{"value":0.16789523,"unit":"V"},"pmax":{"value":0.11664358,"unit":"mW"},"fill_factor":{"value":21.1097,"unit":"%"},"efficiency":{"value":1.1664,"unit":"%"},"r_at_voc":{"value":260.785792,"unit":""},"r_at_isc":{"value":205.456,"unit":""},"power":{"value":0.00024755,"unit":"W"},"rshunt":{"value":"NaN","unit":"ohm"},"cell_temp_start":{"value":"NaN","unit":""},"cell_temp_end":{"value":"NaN","unit":""},"exposure":{"value":11.074,"unit":""},"time":{"value":"23:58:19","unit":""},"date":{"value":"05\/17\/2023","unit":""},"V":{"value":[-0.1,-0.08115,-0.0623,-0.0435,-0.02465,-0.0058,0.01305,0.0319,0.0507,0.06955,0.0884,0.10725,0.1261,0.14495,0.16375,0.1826,0.20145,0.2203,0.23915,0.25795,0.2768,0.29565,0.3145,0.33335,0.35215,0.371,0.38985,0.4087,0.42755,0.4464,0.4652,0.48405,0.5029,0.52175,0.5406,0.5594,0.57825,0.5971,0.61595,0.6348,0.6536,0.67245,0.6913,0.71015,0.729,0.74785,0.76665,0.7855,0.80435,0.8232,0.84205,0.86085,0.8797,0.89855,0.9174,0.93625,0.95505,0.9739,0.99275,1.0116,1.03045,1.0493,1.0681,1.08695,1.1058,1.12465,1.1435,1.1623,1.18115,1.2],"unit":"V"},"I":{"value":[0.00186073,0.00180521,0.00173138,0.00164647,0.00155343,0.00145794,0.00136762,0.00127676,0.00118768,0.00110117,0.00101717,0.00097306,0.00087361,0.0007892,0.00071204,0.000636,0.00056469,0.00049269,0.00042464,0.0003572,0.00029206,0.00022726,0.00016354,0.00021251,0.00011817,7.301e-5,-1.313e-5,-9.047e-5,-0.00011519,-0.00020489,-0.00028501,-0.00036024,-0.00042953,-0.00049763,-0.00055835,-0.00061972,-0.00067831,-0.00073951,-0.00080857,-0.00087375,-0.00094173,-0.00100311,-0.00116684,-0.00122831,-0.00130252,-0.00138488,-0.00147905,-0.00151144,-0.00160618,-0.00168146,-0.00183601,-0.00191044,-0.00199662,-0.0020753,-0.00217623,-0.00227585,-0.00238133,-0.00244187,-0.00255559,-0.00266117,-0.00275021,-0.00281055,-0.00291001,-0.00301255,-0.00313401,-0.00330056,-0.00343484,-0.00373041,-0.00399558,-0.00415738],"unit":"A"},"J":{"unit":"A\/cm2","value":[0.018607299999999997,0.018052099999999998,0.0173138,0.0164647,0.0155343,0.0145794,0.0136762,0.0127676,0.0118768,0.0110117,0.010171699999999999,0.009730599999999999,0.0087361,0.007892,0.0071204,0.006359999999999999,0.005646899999999999,0.004926899999999999,0.0042464,0.003572,0.0029206,0.0022725999999999996,0.0016354,0.0021251,0.0011817,0.0007300999999999999,-0.0001313,-0.0009047,-0.0011519,-0.0020488999999999998,-0.0028500999999999995,-0.0036024,-0.0042953,-0.0049762999999999995,-0.0055835,-0.0061972,-0.006783099999999999,-0.007395099999999999,-0.0080857,-0.008737499999999999,-0.0094173,-0.0100311,-0.011668399999999999,-0.0122831,-0.013025199999999999,-0.0138488,-0.0147905,-0.015114399999999998,-0.016061799999999998,-0.0168146,-0.018360099999999997,-0.0191044,-0.0199662,-0.020752999999999997,-0.0217623,-0.022758499999999997,-0.0238133,-0.024418699999999998,-0.0255559,-0.0266117,-0.027502099999999998,-0.028105500000000002,-0.0291001,-0.0301255,-0.031340099999999996,-0.033005599999999996,-0.0343484,-0.0373041,-0.0399558,-0.041573799999999994]},"cell_dimension":{"value":0.1,"unit":"cm2"},"sweep_direction":{"unit":"","value":"Forward"},"key":"Forward16.2F CFM EA 50ul 19s_230517"},{"sample_area":{"value":0.1,"unit":"cm2"},"irradiance":{"value":1,"unit":""},"pre_sweep_delay":{"value":5,"unit":""},"bias_direction":{"value":1,"unit":""},"max_reverse_bias":{"value":-0.1,"unit":""},"max_forward_bias":{"value":1.2,"unit":""},"num_sweep_points":{"value":70,"unit":""},"dwell_time":{"value":10,"unit":""},"current_limit":{"value":-30,"unit":""},"pviv_10a_i_amp":{"value":0,"unit":""},"average":{"value":1,"unit":""},"dark_current":{"value":0,"unit":""},"rshunt_v_lo":{"value":-0.6,"unit":""},"rshunt_v_hi":{"value":-0.1,"unit":""},"voc":{"value":1.01275119,"unit":"V"},"isc":{"value":0.00188215,"unit":"A"},"jsc":{"value":18.82145166,"unit":"mA\/cm2"},"imax":{"value":0.00095692,"unit":"A"},"vmax":{"value":0.43461034,"unit":"V"},"pmax":{"value":0.41588619,"unit":"mW"},"fill_factor":{"value":21.8182,"unit":"%"},"efficiency":{"value":4.1589,"unit":"%"},"r_at_voc":{"value":568.144705,"unit":""},"r_at_isc":{"value":1932.862,"unit":""},"power":{"value":0.00086214,"unit":"W"},"rshunt":{"value":"NaN","unit":"ohm"},"cell_temp_start":{"value":"NaN","unit":""},"cell_temp_end":{"value":"NaN","unit":""},"exposure":{"value":11.343,"unit":""},"time":{"value":"23:57:57","unit":""},"date":{"value":"05\/17\/2023","unit":""},"V":{"value":[-0.1,-0.08115,-0.0623,-0.0435,-0.02465,-0.0058,0.01305,0.0319,0.0507,0.06955,0.0884,0.10725,0.1261,0.14495,0.16375,0.1826,0.20145,0.2203,0.23915,0.25795,0.2768,0.29565,0.3145,0.33335,0.35215,0.371,0.38985,0.4087,0.42755,0.4464,0.4652,0.48405,0.5029,0.52175,0.5406,0.5594,0.57825,0.5971,0.61595,0.6348,0.6536,0.67245,0.6913,0.71015,0.729,0.74785,0.76665,0.7855,0.80435,0.8232,0.84205,0.86085,0.8797,0.89855,0.9174,0.93625,0.95505,0.9739,0.99275,1.0116,1.03045,1.0493,1.0681,1.08695,1.1058,1.12465,1.1435,1.1623,1.18115,1.2],"unit":"V"},"I":{"value":[0.0019132,0.00191436,0.0019151,0.00191285,0.00191071,0.00190432,0.00189603,0.00187778,0.00185121,0.00181511,0.0017744,0.00172882,0.00168139,0.00163224,0.00158128,0.00153271,0.0014819,0.00143289,0.00138531,0.00133865,0.00129088,0.00124493,0.0011994,0.00115292,0.00110853,0.00106446,0.00102149,0.00103024,0.0009716,0.00092435,0.00087973,0.00083654,0.00079392,0.00075173,0.00071168,0.00067209,0.00063318,0.00059495,0.00055746,0.00052017,0.00048303,0.00044773,0.00041246,0.00037784,0.00034417,0.00031203,0.00028115,0.00025132,0.00022272,0.00019529,0.000169,0.00014393,0.00011949,0.00015088,0.00011448,0.0001259,0.00012243,9.144e-5,4.997e-5,1.178e-5,-2.591e-5,-6.418e-5,-0.00010402,-0.0001253,-0.00017421,-0.00022449,-0.00027731,-0.00033266,-0.00039112,-0.00045262],"unit":"A"},"J":{"unit":"A\/cm2","value":[0.019132,0.019143599999999997,0.019151,0.0191285,0.0191071,0.0190432,0.0189603,0.018777799999999997,0.0185121,0.0181511,0.017744,0.0172882,0.0168139,0.0163224,0.0158128,0.0153271,0.014818999999999999,0.0143289,0.0138531,0.013386499999999999,0.012908799999999998,0.0124493,0.011994,0.0115292,0.0110853,0.010644599999999999,0.010214899999999999,0.0103024,0.009715999999999999,0.0092435,0.0087973,0.008365399999999999,0.0079392,0.0075173,0.0071167999999999995,0.006720899999999999,0.006331799999999999,0.0059495,0.005574599999999999,0.0052017,0.0048303,0.0044773,0.0041246,0.0037784,0.0034417,0.0031202999999999995,0.0028114999999999998,0.0025132,0.0022272,0.0019529,0.0016899999999999999,0.0014393000000000001,0.0011948999999999998,0.0015087999999999998,0.0011447999999999999,0.001259,0.0012243,0.0009144,0.0004997,0.0001178,-0.0002591,-0.0006418,-0.0010401999999999998,-0.001253,-0.0017421,-0.0022448999999999998,-0.0027731,-0.0033265999999999994,-0.0039112,-0.004526199999999999]},"cell_dimension":{"value":0.1,"unit":"cm2"},"sweep_direction":{"unit":"","value":"Forward"},"key":"Forward16.1F CFM EA 50ul 19s_230517"}]}}