{"_id":"653621f76829014e24460608","id":"KNU-SC-00116","author":79,"group":8,"input":[{"tco":{"unit":"","value":"FTO"}},[],{"etl":[{"material":{"unit":"","value":"TiO2"},"concentration":{"unit":"","value":"10"},"conc_unit":{"unit":"","value":"mg\/ml"},"quantity":{"unit":"ml","value":"1"}}],"solvent":[{"material":{"unit":"","value":"IPA"},"volume":{"unit":"ml","value":"1"}}],"spin_coating":[{"type":{"unit":"","value":"dynamic"},"rpm":{"unit":"","value":"3000"},"time":{"unit":"s","value":"30"}}],"vacuum_suction":[{"unit":"s","value":"0"}],"annealing":[{"temperature":{"unit":"oC","value":"100"},"time":{"unit":"m","value":"10"}}],"etl_doping":[{"material":{"unit":"","value":"KCl"},"volume":{"unit":"ul","value":"0"}}],"module":[{"type":{"unit":"","value":"Bar coating"},"gap":{"unit":"um","value":"0"},"coating_speed":{"unit":"mm\/s","value":"0"},"feeding_amount":{"unit":"ul","value":"0"}}],"thermal_evaporation":[{"evaporation_rate":{"unit":"A\/s","value":null},"vacuum_pressure":{"unit":"uTorr","value":null},"vacuum_evaporation_thickness":{"unit":"nm","value":"0"}}]},{"etl_treatment":[],"solvent":[{"material":{"unit":"","value":"IPA"},"volume":{"unit":"ml","value":"01"}},{"material":{"unit":"","value":"DMSO"},"volume":{"unit":"ml","value":"0"}}],"spin_coating":[{"type":{"unit":"","value":"dynamic"},"rpm":{"unit":"","value":"3000"},"time":{"unit":"s","value":"30"}}],"vacuum_suction":[{"unit":"s","value":"0"}],"annealing":[{"temperature":{"unit":"oC","value":"150"},"time":{"unit":"m","value":"30"}}],"module":[{"type":{"unit":"","value":"Bar coating"},"gap":{"unit":"um","value":"0"},"coating_speed":{"unit":"mm\/s","value":"0"},"feeding_amount":{"unit":"ul","value":"0"}}],"thermal_evaporation":[{"evaporation_rate":{"unit":"A\/s","value":null},"vacuum_pressure":{"unit":"uTorr","value":null},"vacuum_evaporation_thickness":{"unit":"nm","value":"0"}}]},[],{"perovskite":{"method":{"unit":"","value":"1step"},"molarity":{"unit":"M","value":"1.5"},"a_site":[{"material":{"unit":"","value":"FA"},"ratio":{"unit":"","value":"0.7553"}},{"material":{"unit":"","value":"Cs"},"ratio":{"unit":"","value":"0.1411"}},{"material":{"unit":"","value":"MA"},"ratio":{"unit":"","value":"0.074"}}],"b_site":[{"material":{"unit":"","value":"Pb"},"ratio":{"unit":"","value":"100"}},{"material":{"unit":"","value":"Sn"},"ratio":{"unit":"","value":"0"}}],"x_site":[{"material":{"unit":"","value":"I"},"ratio":{"unit":"","value":"70"}},{"material":{"unit":"","value":"Br"},"ratio":{"unit":"","value":"30"}}],"solvent":[{"material":{"unit":"","value":"DMF"},"volume":{"unit":"ml","value":"0.8"}},{"material":{"unit":"","value":"DMSO"},"volume":{"unit":"ml","value":"0.2"}}],"stirring_time":[{"unit":"m","value":"120"}],"antisolvent":[{"material":{"unit":"","value":"EA"},"quantity":{"unit":"ul","value":"50"},"dripping_time":{"unit":"s","value":"15"}}],"spin_coating":[{"type":{"unit":"","value":"dynamic"},"rpm":{"unit":"","value":"5000"},"time":{"unit":"s","value":"40"}}],"annealing":[{"temperature":{"unit":"oC","value":"100"},"time":{"unit":"m","value":"45"}}],"atmosphere":[{"type":{"unit":"","value":"N2"},"temperature":{"unit":"oC","value":"28"},"humidity":{"unit":"RH%","value":"0"}}],"assist":[{"type":{"unit":"","value":"DMSO vacuum assist"},"temperature":{"unit":"oC","value":"None"},"assist_start_time":{"value":null,"unit":"s"},"total_assist_time":{"value":"None","unit":"s"}}],"module":[{"type":{"unit":"","value":"Bar coating"},"gap":{"unit":"um","value":"0"},"coating_speed":{"unit":"mm\/s","value":"0"},"feeding_amount":{"unit":"ul","value":"0"}}],"thermal_evaporation":[{"evaporation_rate":{"unit":"A\/s","value":null},"vacuum_pressure":{"unit":"uTorr","value":null},"vacuum_evaporation_thickness":{"unit":"nm","value":"0"}}]}},{"perovskite_treatment":[{"material":{"unit":"","value":"OAI"},"concentration":{"unit":"","value":"0"},"conc_unit":{"unit":"","value":"mg\/ml"},"quantity":{"unit":"ml","value":null}}],"solvent":[{"material":{"unit":"","value":"IPA"},"volume":{"unit":"ml","value":"0"}}],"spin_coating":[{"type":{"unit":"","value":"dynamic"},"rpm":{"unit":"","value":"3000"},"time":{"unit":"s","value":"30"}}],"vacuum_suction":[{"unit":"s","value":"0"}],"annealing":[{"temperature":{"unit":"oC","value":"0"},"time":{"unit":"m","value":"0"}}],"module":[{"type":{"unit":"","value":"Bar coating"},"gap":{"unit":"um","value":"0"},"coating_speed":{"unit":"mm\/s","value":"0"},"feeding_amount":{"unit":"ul","value":"0"}}],"thermal_evaporation":[{"evaporation_rate":{"unit":"A\/s","value":null},"vacuum_pressure":{"unit":"uTorr","value":null},"vacuum_evaporation_thickness":{"unit":"nm","value":"0"}}]},{"htl":[{"material":{"unit":"","value":"Spiro-OMeTAD"},"concentration":{"unit":"","value":"90"},"conc_unit":{"unit":"","value":"mg\/ml"},"quantity":{"unit":"ml","value":null}}],"solvent":[{"material":{"unit":"","value":"CB"},"volume":{"unit":"ml","value":"0.3"}}],"spin_coating":[{"type":{"unit":"","value":"dynamic"},"rpm":{"unit":"","value":"3000"},"time":{"unit":"s","value":"30"}}],"vacuum_suction":[{"unit":"s","value":"0"}],"annealing":[{"temperature":{"unit":"oC","value":"0"},"time":{"unit":"m","value":"0"}}],"module":[{"type":{"unit":"","value":"Bar coating"},"gap":{"unit":"um","value":"0"},"coating_speed":{"unit":"mm\/s","value":"0"},"feeding_amount":{"unit":"ul","value":"0"}}],"thermal_evaporation":[{"evaporation_rate":{"unit":"A\/s","value":null},"vacuum_pressure":{"unit":"uTorr","value":null},"vacuum_evaporation_thickness":{"unit":"nm","value":"0"}}],"htl_doping":[{"material":{"unit":"","value":"Co-TFSI"},"volume":{"unit":"ul","value":"5"}},{"material":{"unit":"","value":"Li-TFSI"},"volume":{"unit":"ul","value":"23"}},{"material":{"unit":"","value":"tBP"},"volume":{"unit":"ul","value":"39"}}]},{"htl_treatment":[{"material":{"unit":"","value":"none"},"concentration":{"unit":"","value":"3"},"conc_unit":{"unit":"","value":"mg\/ml"},"quantity":{"unit":"ml","value":null}}],"solvent":[{"material":{"unit":"","value":"DMF"},"volume":{"unit":"ml","value":"0.8"}},{"material":{"unit":"","value":"DMSO"},"volume":{"unit":"ml","value":"0.2"}}],"spin_coating":[{"type":{"unit":"","value":"dynamic"},"rpm":{"unit":"","value":"5000"},"time":{"unit":"s","value":"0"}}],"vacuum_suction":[{"unit":"s","value":"0"}],"annealing":[{"temperature":{"unit":"oC","value":"0"},"time":{"unit":"m","value":"0"}}],"module":[{"type":{"unit":"","value":"Bar coating"},"gap":{"unit":"um","value":"0"},"coating_speed":{"unit":"mm\/s","value":"0"},"feeding_amount":{"unit":"ul","value":"0"}}],"thermal_evaporation":[{"evaporation_rate":{"unit":"A\/s","value":null},"vacuum_pressure":{"unit":"uTorr","value":null},"vacuum_evaporation_thickness":{"unit":"nm","value":"0"}}]},{"anode_metal":{"unit":"","value":"Au"}},{"note":{"unit":"","value":"EA 50ul 15s"},"ar":{"unit":"","value":""},"type":{"unit":"","value":"unit_cell"},"device_type":{"unit":"","value":"n-i-p"},"temperature":{"unit":"oC","value":"30"},"humidity":{"unit":"%","value":"0"},"cell_dimension":{"unit":"cm2","value":"0.1"}}],"fileinfo":[{"key":"Reverse15.2R CFM EA 50ul 15s_230517","uploadType":"JV","original_name":"Reverse15.2R CFM EA 50ul 15s_230517-1002.txt","save_name":"KNU-SC-00116\/Reverse15.2R CFM EA 50ul 15s_230517","uploader":79,"fileType":""},{"key":"Reverse15.3R CFM EA 50ul 15s_230517","uploadType":"JV","original_name":"Reverse15.3R CFM EA 50ul 15s_230517-1003.txt","save_name":"KNU-SC-00116\/Reverse15.3R CFM EA 50ul 15s_230517","uploader":79,"fileType":""},{"key":"Reverse15.4R CFM EA 50ul 15s_230517","uploadType":"JV","original_name":"Reverse15.4R CFM EA 50ul 15s_230517-1004.txt","save_name":"KNU-SC-00116\/Reverse15.4R CFM EA 50ul 15s_230517","uploader":79,"fileType":""},{"key":"Reverse15.5R CFM EA 50ul 15s_230517","uploadType":"JV","original_name":"Reverse15.5R CFM EA 50ul 15s_230517-1005.txt","save_name":"KNU-SC-00116\/Reverse15.5R CFM EA 50ul 15s_230517","uploader":79,"fileType":""},{"key":"Reverse15.6R CFM EA 50ul 15s_230517","uploadType":"JV","original_name":"Reverse15.6R CFM EA 50ul 15s_230517-1006.txt","save_name":"KNU-SC-00116\/Reverse15.6R CFM EA 50ul 15s_230517","uploader":79,"fileType":""},{"key":"Reverse15.7R CFM EA 50ul 15s_230517","uploadType":"JV","original_name":"Reverse15.7R CFM EA 50ul 15s_230517-1007.txt","save_name":"KNU-SC-00116\/Reverse15.7R CFM EA 50ul 15s_230517","uploader":79,"fileType":""},{"key":"Forward15.1F CFM EA 50ul 15s_230517","uploadType":"JV","original_name":"Forward15.1F CFM EA 50ul 15s_230517-1001.txt","save_name":"KNU-SC-00116\/Forward15.1F CFM EA 50ul 15s_230517","uploader":79,"fileType":""},{"key":"Forward15.2F CFM EA 50ul 15s_230517","uploadType":"JV","original_name":"Forward15.2F CFM EA 50ul 15s_230517-1002.txt","save_name":"KNU-SC-00116\/Forward15.2F CFM EA 50ul 15s_230517","uploader":79,"fileType":""},{"key":"Forward15.3F CFM EA 50ul 15s_230517","uploadType":"JV","original_name":"Forward15.3F CFM EA 50ul 15s_230517-1003.txt","save_name":"KNU-SC-00116\/Forward15.3F CFM EA 50ul 15s_230517","uploader":79,"fileType":""},{"key":"Forward15.4F CFM EA 50ul 15s_230517","uploadType":"JV","original_name":"Forward15.4F CFM EA 50ul 15s_230517-1004.txt","save_name":"KNU-SC-00116\/Forward15.4F CFM EA 50ul 15s_230517","uploader":79,"fileType":""},{"key":"Forward15.5F CFM EA 50ul 15s_230517","uploadType":"JV","original_name":"Forward15.5F CFM EA 50ul 15s_230517-1005.txt","save_name":"KNU-SC-00116\/Forward15.5F CFM EA 50ul 15s_230517","uploader":79,"fileType":""},{"key":"Reverse15.1R CFM EA 50ul 15s_230517","uploadType":"JV","original_name":"Reverse15.1R CFM EA 50ul 15s_230517-1001.txt","save_name":"KNU-SC-00116\/Reverse15.1R CFM EA 50ul 15s_230517","uploader":79,"fileType":""}],"jvcnt":12,"updated_at":"2024-06-03 08:38:36","created_at":"2023-10-23 07:34:15","analysisInfo":{"JV":[{"efficiency":12.561,"fill_factor":61.0589,"jsc":19.32353758,"voc":1.0646058,"key":"Reverse15.7R CFM EA 50ul 15s_230517","cell_dimension":0.1},{"efficiency":13.1484,"fill_factor":61.5941,"jsc":19.65927165,"voc":1.08584435,"key":"Reverse15.6R CFM EA 50ul 15s_230517","cell_dimension":0.1},{"efficiency":14.086,"fill_factor":64.9241,"jsc":19.68662986,"voc":1.10207319,"key":"Reverse15.5R CFM EA 50ul 15s_230517","cell_dimension":0.1},{"efficiency":14.2635,"fill_factor":65.3411,"jsc":19.68159509,"voc":1.10912288,"key":"Reverse15.4R CFM EA 50ul 15s_230517","cell_dimension":0.1},{"efficiency":14.8851,"fill_factor":67.5732,"jsc":19.67170073,"voc":1.11978904,"key":"Reverse15.3R CFM EA 50ul 15s_230517","cell_dimension":0.1},{"efficiency":14.2511,"fill_factor":65.3004,"jsc":19.33719389,"voc":1.12859683,"key":"Reverse15.2R CFM EA 50ul 15s_230517","cell_dimension":0.1},{"efficiency":14.3305,"fill_factor":65.6622,"jsc":19.33119395,"voc":1.12898245,"key":"Reverse15.1R CFM EA 50ul 15s_230517","cell_dimension":0.1},{"efficiency":7.805,"fill_factor":37.9851,"jsc":19.21281563,"voc":1.06947595,"key":"Forward15.5F CFM EA 50ul 15s_230517","cell_dimension":0.1},{"efficiency":7.9581,"fill_factor":38.5488,"jsc":19.40571338,"voc":1.06381881,"key":"Forward15.4F CFM EA 50ul 15s_230517","cell_dimension":0.1},{"efficiency":8.329,"fill_factor":40.6967,"jsc":19.52300024,"voc":1.04830589,"key":"Forward15.3F CFM EA 50ul 15s_230517","cell_dimension":0.1},{"efficiency":8.5819,"fill_factor":41.7494,"jsc":19.56075812,"voc":1.0508733,"key":"Forward15.2F CFM EA 50ul 15s_230517","cell_dimension":0.1},{"efficiency":6.7011,"fill_factor":33.6359,"jsc":18.96955155,"voc":1.050239,"key":"Forward15.1F CFM EA 50ul 15s_230517","cell_dimension":0.1}]},"public":2,"analysis":{"JV":[{"sample_area":{"value":0.1,"unit":"cm2"},"irradiance":{"value":1,"unit":""},"pre_sweep_delay":{"value":5,"unit":""},"bias_direction":{"value":0,"unit":""},"max_reverse_bias":{"value":-0.2,"unit":""},"max_forward_bias":{"value":3,"unit":""},"num_sweep_points":{"value":70,"unit":""},"dwell_time":{"value":10,"unit":""},"current_limit":{"value":-30,"unit":""},"pviv_10a_i_amp":{"value":0,"unit":""},"average":{"value":1,"unit":""},"dark_current":{"value":0,"unit":""},"rshunt_v_lo":{"value":-0.6,"unit":""},"rshunt_v_hi":{"value":-0.1,"unit":""},"voc":{"value":1.0646058,"unit":"V"},"isc":{"value":0.00193235,"unit":"A"},"jsc":{"value":19.32353758,"unit":"mA\/cm2"},"imax":{"value":0.00157999,"unit":"A"},"vmax":{"value":0.79500431,"unit":"V"},"pmax":{"value":1.25609963,"unit":"mW"},"fill_factor":{"value":61.0589,"unit":"%"},"efficiency":{"value":12.561,"unit":"%"},"r_at_voc":{"value":84.484641,"unit":""},"r_at_isc":{"value":13365.229,"unit":""},"power":{"value":0.00174201,"unit":"W"},"rshunt":{"value":"NaN","unit":"ohm"},"cell_temp_start":{"value":"NaN","unit":""},"cell_temp_end":{"value":"NaN","unit":""},"exposure":{"value":10.669,"unit":""},"time":{"value":"18:11:58","unit":""},"date":{"value":"05\/17\/2023","unit":""},"V":{"value":[3,2.9535,2.907,2.861,2.8145,2.768,2.7215,2.6755,2.629,2.5825,2.536,2.49,2.4435,2.397,2.3505,2.3045,2.258,2.2115,2.165,2.119,2.0725,2.026,1.9795,1.9335,1.887,1.8405,1.794,1.748,1.7015,1.655,1.6085,1.5625,1.516,1.4695,1.423,1.377,1.3305,1.284,1.2375,1.1915,1.145,1.0985,1.052,1.006,0.9595,0.913,0.8665,0.8205,0.774,0.7275,0.681,0.635,0.5885,0.542,0.4955,0.4495,0.403,0.3565,0.31,0.264,0.2175,0.171,0.1245,0.0785,0.032,-0.0145,-0.061,-0.107,-0.1535,-0.2],"unit":"V"},"I":{"value":[-0.03000418,-0.03000358,-0.03000357,-0.03000365,-0.03000366,-0.03000365,-0.03000365,-0.03000361,-0.03000357,-0.03000361,-0.03000361,-0.03000363,-0.03000359,-0.03000362,-0.02980737,-0.02908191,-0.02810833,-0.02698686,-0.02579465,-0.02456225,-0.02329838,-0.02206639,-0.02083032,-0.01961432,-0.01840425,-0.0172182,-0.01607241,-0.01494646,-0.01383248,-0.01272466,-0.01161449,-0.01052531,-0.00913125,-0.0081143,-0.00705685,-0.00600184,-0.00495034,-0.00391524,-0.00289534,-0.00193123,-0.00106642,-0.00040119,0.00014921,0.00059115,0.00095543,0.00118191,0.00139019,0.00152429,0.00161907,0.00168915,0.00174324,0.00178431,0.00181724,0.00184214,0.00186123,0.001877,0.00188962,0.00189905,0.00190657,0.00191259,0.00191544,0.00192113,0.0019242,0.00192784,0.00193067,0.00193426,0.00193656,0.00194038,0.00194358,0.00194553],"unit":"A"},"J":{"unit":"A\/cm2","value":[-0.30004179999999997,-0.30003579999999996,-0.30003569999999996,-0.3000365,-0.3000366,-0.3000365,-0.3000365,-0.3000361,-0.30003569999999996,-0.3000361,-0.3000361,-0.3000363,-0.30003589999999997,-0.3000362,-0.2980737,-0.2908191,-0.2810833,-0.2698686,-0.25794649999999997,-0.2456225,-0.2329838,-0.2206639,-0.2083032,-0.1961432,-0.1840425,-0.17218199999999997,-0.16072409999999998,-0.1494646,-0.1383248,-0.1272466,-0.1161449,-0.10525309999999999,-0.0913125,-0.08114299999999999,-0.07056849999999999,-0.06001839999999999,-0.049503399999999996,-0.039152400000000004,-0.0289534,-0.019312299999999998,-0.010664199999999999,-0.0040119,0.0014921,0.0059115,0.009554299999999998,0.011819099999999999,0.013901899999999998,0.015242899999999998,0.0161907,0.016891499999999997,0.0174324,0.0178431,0.0181724,0.018421399999999997,0.0186123,0.01877,0.0188962,0.0189905,0.019065699999999998,0.019125899999999998,0.0191544,0.0192113,0.019242,0.019278399999999998,0.0193067,0.019342599999999998,0.019365599999999997,0.0194038,0.0194358,0.0194553]},"cell_dimension":{"value":0.1,"unit":"cm2"},"sweep_direction":{"unit":"","value":"Reverse"},"key":"Reverse15.7R CFM EA 50ul 15s_230517"},{"sample_area":{"value":0.1,"unit":"cm2"},"irradiance":{"value":1,"unit":""},"pre_sweep_delay":{"value":5,"unit":""},"bias_direction":{"value":0,"unit":""},"max_reverse_bias":{"value":-0.2,"unit":""},"max_forward_bias":{"value":3,"unit":""},"num_sweep_points":{"value":70,"unit":""},"dwell_time":{"value":10,"unit":""},"current_limit":{"value":-30,"unit":""},"pviv_10a_i_amp":{"value":0,"unit":""},"average":{"value":1,"unit":""},"dark_current":{"value":0,"unit":""},"rshunt_v_lo":{"value":-0.6,"unit":""},"rshunt_v_hi":{"value":-0.1,"unit":""},"voc":{"value":1.08584435,"unit":"V"},"isc":{"value":0.00196593,"unit":"A"},"jsc":{"value":19.65927165,"unit":"mA\/cm2"},"imax":{"value":0.00163802,"unit":"A"},"vmax":{"value":0.80270158,"unit":"V"},"pmax":{"value":1.31484389,"unit":"mW"},"fill_factor":{"value":61.5941,"unit":"%"},"efficiency":{"value":13.1484,"unit":"%"},"r_at_voc":{"value":92.305823,"unit":""},"r_at_isc":{"value":13263.695,"unit":""},"power":{"value":0.00181087,"unit":"W"},"rshunt":{"value":"NaN","unit":"ohm"},"cell_temp_start":{"value":"NaN","unit":""},"cell_temp_end":{"value":"NaN","unit":""},"exposure":{"value":10.671,"unit":""},"time":{"value":"18:11:41","unit":""},"date":{"value":"05\/17\/2023","unit":""},"V":{"value":[3,2.9535,2.907,2.861,2.8145,2.768,2.7215,2.6755,2.629,2.5825,2.536,2.49,2.4435,2.397,2.3505,2.3045,2.258,2.2115,2.165,2.119,2.0725,2.026,1.9795,1.9335,1.887,1.8405,1.794,1.748,1.7015,1.655,1.6085,1.5625,1.516,1.4695,1.423,1.377,1.3305,1.284,1.2375,1.1915,1.145,1.0985,1.052,1.006,0.9595,0.913,0.8665,0.8205,0.774,0.7275,0.681,0.635,0.5885,0.542,0.4955,0.4495,0.403,0.3565,0.31,0.264,0.2175,0.171,0.1245,0.0785,0.032,-0.0145,-0.061,-0.107,-0.1535,-0.2],"unit":"V"},"I":{"value":[-0.0231131,-0.02895164,-0.03000385,-0.03000372,-0.03000365,-0.03000365,-0.0300036,-0.03000353,-0.03000362,-0.03000354,-0.03000356,-0.03000357,-0.03000351,-0.03000364,-0.02999907,-0.02953769,-0.02882157,-0.02791289,-0.02692236,-0.02586136,-0.02469996,-0.02347134,-0.02221036,-0.02089413,-0.01954865,-0.01821906,-0.01690685,-0.0156664,-0.01446254,-0.0132159,-0.01191422,-0.01058508,-0.00908703,-0.00786007,-0.00664017,-0.00545832,-0.0043335,-0.00330345,-0.00234823,-0.00149667,-0.00076751,-0.00013711,0.00036665,0.00076556,0.00102152,0.00128867,0.00147291,0.00159933,0.00169106,0.00175698,0.00180547,0.00184278,0.0018691,0.00188913,0.00190493,0.00191741,0.00192712,0.00193576,0.00194045,0.00194546,0.00194994,0.001953,0.0019573,0.00196193,0.00196547,0.00196677,0.00197118,0.00197333,0.00197662,0.0019798],"unit":"A"},"J":{"unit":"A\/cm2","value":[-0.231131,-0.2895164,-0.3000385,-0.3000372,-0.3000365,-0.3000365,-0.30003599999999997,-0.3000353,-0.3000362,-0.30003539999999995,-0.30003559999999996,-0.30003569999999996,-0.3000351,-0.3000364,-0.2999907,-0.29537689999999994,-0.2882157,-0.27912889999999996,-0.26922359999999995,-0.2586136,-0.24699959999999999,-0.2347134,-0.22210359999999998,-0.2089413,-0.1954865,-0.18219059999999998,-0.1690685,-0.156664,-0.1446254,-0.13215899999999997,-0.11914219999999999,-0.1058508,-0.09087029999999999,-0.0786007,-0.0664017,-0.0545832,-0.04333499999999999,-0.033034499999999994,-0.0234823,-0.0149667,-0.0076751,-0.0013710999999999999,0.0036664999999999996,0.007655599999999999,0.010215199999999999,0.0128867,0.0147291,0.0159933,0.0169106,0.0175698,0.0180547,0.018427799999999998,0.018691,0.0188913,0.019049299999999998,0.0191741,0.0192712,0.0193576,0.019404499999999998,0.0194546,0.0194994,0.01953,0.019572999999999997,0.0196193,0.019654699999999997,0.0196677,0.019711799999999998,0.0197333,0.0197662,0.019797999999999996]},"cell_dimension":{"value":0.1,"unit":"cm2"},"sweep_direction":{"unit":"","value":"Reverse"},"key":"Reverse15.6R CFM EA 50ul 15s_230517"},{"sample_area":{"value":0.1,"unit":"cm2"},"irradiance":{"value":1,"unit":""},"pre_sweep_delay":{"value":5,"unit":""},"bias_direction":{"value":0,"unit":""},"max_reverse_bias":{"value":-0.2,"unit":""},"max_forward_bias":{"value":3,"unit":""},"num_sweep_points":{"value":70,"unit":""},"dwell_time":{"value":10,"unit":""},"current_limit":{"value":-30,"unit":""},"pviv_10a_i_amp":{"value":0,"unit":""},"average":{"value":1,"unit":""},"dark_current":{"value":0,"unit":""},"rshunt_v_lo":{"value":-0.6,"unit":""},"rshunt_v_hi":{"value":-0.1,"unit":""},"voc":{"value":1.10207319,"unit":"V"},"isc":{"value":0.00196866,"unit":"A"},"jsc":{"value":19.68662986,"unit":"mA\/cm2"},"imax":{"value":0.00167495,"unit":"A"},"vmax":{"value":0.84097955,"unit":"V"},"pmax":{"value":1.40859946,"unit":"mW"},"fill_factor":{"value":64.9241,"unit":"%"},"efficiency":{"value":14.086,"unit":"%"},"r_at_voc":{"value":68.933078,"unit":""},"r_at_isc":{"value":16281.142,"unit":""},"power":{"value":0.00187836,"unit":"W"},"rshunt":{"value":"NaN","unit":"ohm"},"cell_temp_start":{"value":"NaN","unit":""},"cell_temp_end":{"value":"NaN","unit":""},"exposure":{"value":10.869,"unit":""},"time":{"value":"18:11:25","unit":""},"date":{"value":"05\/17\/2023","unit":""},"V":{"value":[3,2.9535,2.907,2.861,2.8145,2.768,2.7215,2.6755,2.629,2.5825,2.536,2.49,2.4435,2.397,2.3505,2.3045,2.258,2.2115,2.165,2.119,2.0725,2.026,1.9795,1.9335,1.887,1.8405,1.794,1.748,1.7015,1.655,1.6085,1.5625,1.516,1.4695,1.423,1.377,1.3305,1.284,1.2375,1.1915,1.145,1.0985,1.052,1.006,0.9595,0.913,0.8665,0.8205,0.774,0.7275,0.681,0.635,0.5885,0.542,0.4955,0.4495,0.403,0.3565,0.31,0.264,0.2175,0.171,0.1245,0.0785,0.032,-0.0145,-0.061,-0.107,-0.1535,-0.2],"unit":"V"},"I":{"value":[-0.02369483,-0.03000411,-0.03000385,-0.03000378,-0.03000369,-0.03000367,-0.03000367,-0.03000369,-0.03000365,-0.03000364,-0.03000363,-0.03000362,-0.03000362,-0.03000362,-0.0300036,-0.03000358,-0.03000362,-0.02981305,-0.02910304,-0.02815358,-0.02707193,-0.02589597,-0.02465506,-0.02341966,-0.02213011,-0.02081404,-0.01947602,-0.01812899,-0.01676929,-0.01538098,-0.01393834,-0.01247543,-0.01096041,-0.00924695,-0.00780668,-0.00636032,-0.00495812,-0.00366198,-0.00249437,-0.00147747,-0.00062273,5.184e-5,0.00054266,0.00097918,0.00122529,0.00146774,0.00161799,0.0017125,0.00177789,0.0018214,0.00185359,0.00187625,0.00189329,0.00190815,0.00191886,0.00192711,0.0019336,0.00194117,0.00194734,0.00195257,0.00195568,0.0019577,0.00196178,0.00196531,0.00196789,0.00197034,0.00197248,0.00197571,0.00197786,0.00197867],"unit":"A"},"J":{"unit":"A\/cm2","value":[-0.2369483,-0.3000411,-0.3000385,-0.30003779999999997,-0.3000369,-0.3000367,-0.3000367,-0.3000369,-0.3000365,-0.3000364,-0.3000363,-0.3000362,-0.3000362,-0.3000362,-0.30003599999999997,-0.30003579999999996,-0.3000362,-0.29813049999999996,-0.29103039999999997,-0.2815358,-0.2707193,-0.2589597,-0.24655059999999998,-0.23419659999999998,-0.2213011,-0.20814039999999998,-0.1947602,-0.1812899,-0.16769289999999998,-0.1538098,-0.1393834,-0.12475429999999998,-0.1096041,-0.0924695,-0.07806679999999999,-0.0636032,-0.0495812,-0.0366198,-0.0249437,-0.0147747,-0.0062273,0.0005183999999999999,0.0054266,0.0097918,0.012252899999999999,0.014677399999999998,0.016179899999999997,0.017124999999999998,0.0177789,0.018213999999999998,0.018535899999999998,0.0187625,0.0189329,0.019081499999999998,0.0191886,0.0192711,0.019336,0.0194117,0.0194734,0.0195257,0.0195568,0.019577,0.0196178,0.0196531,0.0196789,0.0197034,0.019724799999999997,0.019757099999999996,0.0197786,0.0197867]},"cell_dimension":{"value":0.1,"unit":"cm2"},"sweep_direction":{"unit":"","value":"Reverse"},"key":"Reverse15.5R CFM EA 50ul 15s_230517"},{"sample_area":{"value":0.1,"unit":"cm2"},"irradiance":{"value":1,"unit":""},"pre_sweep_delay":{"value":5,"unit":""},"bias_direction":{"value":0,"unit":""},"max_reverse_bias":{"value":-0.2,"unit":""},"max_forward_bias":{"value":3,"unit":""},"num_sweep_points":{"value":70,"unit":""},"dwell_time":{"value":10,"unit":""},"current_limit":{"value":-30,"unit":""},"pviv_10a_i_amp":{"value":0,"unit":""},"average":{"value":1,"unit":""},"dark_current":{"value":0,"unit":""},"rshunt_v_lo":{"value":-0.6,"unit":""},"rshunt_v_hi":{"value":-0.1,"unit":""},"voc":{"value":1.10912288,"unit":"V"},"isc":{"value":0.00196816,"unit":"A"},"jsc":{"value":19.68159509,"unit":"mA\/cm2"},"imax":{"value":0.00167333,"unit":"A"},"vmax":{"value":0.85240246,"unit":"V"},"pmax":{"value":1.42635076,"unit":"mW"},"fill_factor":{"value":65.3411,"unit":"%"},"efficiency":{"value":14.2635,"unit":"%"},"r_at_voc":{"value":56.339776,"unit":""},"r_at_isc":{"value":11974.128,"unit":""},"power":{"value":0.00190167,"unit":"W"},"rshunt":{"value":"NaN","unit":"ohm"},"cell_temp_start":{"value":"NaN","unit":""},"cell_temp_end":{"value":"NaN","unit":""},"exposure":{"value":10.671,"unit":""},"time":{"value":"18:11:02","unit":""},"date":{"value":"05\/17\/2023","unit":""},"V":{"value":[3,2.9535,2.907,2.861,2.8145,2.768,2.7215,2.6755,2.629,2.5825,2.536,2.49,2.4435,2.397,2.3505,2.3045,2.258,2.2115,2.165,2.119,2.0725,2.026,1.9795,1.9335,1.887,1.8405,1.794,1.748,1.7015,1.655,1.6085,1.5625,1.516,1.4695,1.423,1.377,1.3305,1.284,1.2375,1.1915,1.145,1.0985,1.052,1.006,0.9595,0.913,0.8665,0.8205,0.774,0.7275,0.681,0.635,0.5885,0.542,0.4955,0.4495,0.403,0.3565,0.31,0.264,0.2175,0.171,0.1245,0.0785,0.032,-0.0145,-0.061,-0.107,-0.1535,-0.2],"unit":"V"},"I":{"value":[-0.02126525,-0.02884765,-0.030004,-0.03000389,-0.03000381,-0.03000375,-0.03000375,-0.03000375,-0.03000374,-0.03000369,-0.03000367,-0.03000365,-0.03000364,-0.0300036,-0.03000359,-0.03000355,-0.03000361,-0.03000361,-0.0300036,-0.0300036,-0.03000358,-0.0299995,-0.02928204,-0.02826335,-0.02700008,-0.02558986,-0.02408477,-0.02249566,-0.02083142,-0.01906751,-0.01720862,-0.01532616,-0.01336309,-0.01139534,-0.00923365,-0.00746919,-0.00576374,-0.00422377,-0.00285093,-0.0016399,-0.0006368,0.00018855,0.00074592,0.00104433,0.00132998,0.00151625,0.00164383,0.00172774,0.00178411,0.00182432,0.00185353,0.00187492,0.00189116,0.00190467,0.00191366,0.0019219,0.00193014,0.00193557,0.00194063,0.001946,0.00194987,0.00195439,0.00195809,0.00196262,0.00196642,0.00196952,0.00197422,0.00197717,0.00198043,0.00198331],"unit":"A"},"J":{"unit":"A\/cm2","value":[-0.2126525,-0.28847649999999997,-0.30004,-0.30003889999999994,-0.3000381,-0.30003749999999996,-0.30003749999999996,-0.30003749999999996,-0.3000374,-0.3000369,-0.3000367,-0.3000365,-0.3000364,-0.30003599999999997,-0.30003589999999997,-0.3000355,-0.3000361,-0.3000361,-0.30003599999999997,-0.30003599999999997,-0.30003579999999996,-0.29999499999999996,-0.2928204,-0.2826335,-0.2700008,-0.2558986,-0.24084769999999997,-0.2249566,-0.20831419999999998,-0.1906751,-0.1720862,-0.1532616,-0.1336309,-0.1139534,-0.09233649999999999,-0.07469189999999999,-0.0576374,-0.042237699999999996,-0.028509299999999998,-0.016398999999999997,-0.0063679999999999995,0.0018855,0.007459199999999999,0.010443299999999999,0.013299799999999999,0.015162499999999999,0.0164383,0.0172774,0.0178411,0.018243199999999998,0.018535299999999998,0.018749199999999997,0.0189116,0.0190467,0.0191366,0.019219,0.019301399999999996,0.0193557,0.019406299999999998,0.019459999999999998,0.0194987,0.019543899999999996,0.0195809,0.0196262,0.0196642,0.0196952,0.019742199999999998,0.019771699999999996,0.0198043,0.019833099999999996]},"cell_dimension":{"value":0.1,"unit":"cm2"},"sweep_direction":{"unit":"","value":"Reverse"},"key":"Reverse15.4R CFM EA 50ul 15s_230517"},{"sample_area":{"value":0.1,"unit":"cm2"},"irradiance":{"value":1,"unit":""},"pre_sweep_delay":{"value":5,"unit":""},"bias_direction":{"value":0,"unit":""},"max_reverse_bias":{"value":-0.2,"unit":""},"max_forward_bias":{"value":3,"unit":""},"num_sweep_points":{"value":70,"unit":""},"dwell_time":{"value":10,"unit":""},"current_limit":{"value":-30,"unit":""},"pviv_10a_i_amp":{"value":0,"unit":""},"average":{"value":1,"unit":""},"dark_current":{"value":0,"unit":""},"rshunt_v_lo":{"value":-0.6,"unit":""},"rshunt_v_hi":{"value":-0.1,"unit":""},"voc":{"value":1.11978904,"unit":"V"},"isc":{"value":0.00196717,"unit":"A"},"jsc":{"value":19.67170073,"unit":"mA\/cm2"},"imax":{"value":0.00169445,"unit":"A"},"vmax":{"value":0.878463,"unit":"V"},"pmax":{"value":1.48851303,"unit":"mW"},"fill_factor":{"value":67.5732,"unit":"%"},"efficiency":{"value":14.8851,"unit":"%"},"r_at_voc":{"value":56.85211,"unit":""},"r_at_isc":{"value":14375.161,"unit":""},"power":{"value":0.00194743,"unit":"W"},"rshunt":{"value":"NaN","unit":"ohm"},"cell_temp_start":{"value":"NaN","unit":""},"cell_temp_end":{"value":"NaN","unit":""},"exposure":{"value":10.672,"unit":""},"time":{"value":"18:10:44","unit":""},"date":{"value":"05\/17\/2023","unit":""},"V":{"value":[3,2.9535,2.907,2.861,2.8145,2.768,2.7215,2.6755,2.629,2.5825,2.536,2.49,2.4435,2.397,2.3505,2.3045,2.258,2.2115,2.165,2.119,2.0725,2.026,1.9795,1.9335,1.887,1.8405,1.794,1.748,1.7015,1.655,1.6085,1.5625,1.516,1.4695,1.423,1.377,1.3305,1.284,1.2375,1.1915,1.145,1.0985,1.052,1.006,0.9595,0.913,0.8665,0.8205,0.774,0.7275,0.681,0.635,0.5885,0.542,0.4955,0.4495,0.403,0.3565,0.31,0.264,0.2175,0.171,0.1245,0.0785,0.032,-0.0145,-0.061,-0.107,-0.1535,-0.2],"unit":"V"},"I":{"value":[-0.02056322,-0.02859534,-0.03000399,-0.03000385,-0.03000379,-0.03000381,-0.0300037,-0.03000373,-0.03000369,-0.03000367,-0.03000371,-0.03000364,-0.03000365,-0.03000367,-0.03000369,-0.03000362,-0.03000366,-0.0300036,-0.03000359,-0.0300036,-0.0299653,-0.02923123,-0.02829579,-0.02715634,-0.02589441,-0.02453254,-0.02308548,-0.0216128,-0.02003008,-0.01836427,-0.0166113,-0.01480735,-0.01293797,-0.01102144,-0.00892851,-0.00715947,-0.00544821,-0.00391574,-0.00257955,-0.00141335,-0.00044345,0.00037446,0.00092253,0.00119772,0.00145788,0.00161542,0.00171625,0.00178049,0.00182346,0.00185349,0.00187467,0.00189019,0.00190139,0.00191208,0.0019194,0.00192637,0.00193259,0.0019371,0.00194395,0.0019475,0.00195284,0.00195542,0.00195968,0.00196337,0.00196628,0.00196784,0.00197173,0.00197392,0.00197765,0.00197984],"unit":"A"},"J":{"unit":"A\/cm2","value":[-0.2056322,-0.28595339999999997,-0.30003989999999997,-0.3000385,-0.30003789999999997,-0.3000381,-0.300037,-0.30003729999999995,-0.3000369,-0.3000367,-0.3000371,-0.3000364,-0.3000365,-0.3000367,-0.3000369,-0.3000362,-0.3000366,-0.30003599999999997,-0.30003589999999997,-0.30003599999999997,-0.299653,-0.29231229999999997,-0.2829579,-0.2715634,-0.25894409999999995,-0.24532539999999997,-0.23085479999999997,-0.21612800000000001,-0.20030079999999997,-0.18364269999999996,-0.16611299999999998,-0.1480735,-0.1293797,-0.1102144,-0.0892851,-0.0715947,-0.0544821,-0.039157399999999995,-0.0257955,-0.0141335,-0.0044345,0.0037446,0.009225299999999999,0.011977199999999999,0.0145788,0.0161542,0.017162499999999997,0.0178049,0.0182346,0.0185349,0.018746699999999998,0.0189019,0.0190139,0.0191208,0.019194,0.019263699999999998,0.0193259,0.019371,0.0194395,0.019475,0.019528399999999998,0.019554199999999997,0.0195968,0.019633699999999997,0.019662799999999998,0.019678400000000002,0.0197173,0.0197392,0.0197765,0.0197984]},"cell_dimension":{"value":0.1,"unit":"cm2"},"sweep_direction":{"unit":"","value":"Reverse"},"key":"Reverse15.3R CFM EA 50ul 15s_230517"},{"sample_area":{"value":0.1,"unit":"cm2"},"irradiance":{"value":1,"unit":""},"pre_sweep_delay":{"value":5,"unit":""},"bias_direction":{"value":0,"unit":""},"max_reverse_bias":{"value":-0.2,"unit":""},"max_forward_bias":{"value":3,"unit":""},"num_sweep_points":{"value":70,"unit":""},"dwell_time":{"value":10,"unit":""},"current_limit":{"value":-30,"unit":""},"pviv_10a_i_amp":{"value":0,"unit":""},"average":{"value":1,"unit":""},"dark_current":{"value":0,"unit":""},"rshunt_v_lo":{"value":-0.6,"unit":""},"rshunt_v_hi":{"value":-0.1,"unit":""},"voc":{"value":1.12859683,"unit":"V"},"isc":{"value":0.00193372,"unit":"A"},"jsc":{"value":19.33719389,"unit":"mA\/cm2"},"imax":{"value":0.00166047,"unit":"A"},"vmax":{"value":0.8582555,"unit":"V"},"pmax":{"value":1.42510926,"unit":"mW"},"fill_factor":{"value":65.3004,"unit":"%"},"efficiency":{"value":14.2511,"unit":"%"},"r_at_voc":{"value":91.854392,"unit":""},"r_at_isc":{"value":12978.307,"unit":""},"power":{"value":0.00188738,"unit":"W"},"rshunt":{"value":"NaN","unit":"ohm"},"cell_temp_start":{"value":"NaN","unit":""},"cell_temp_end":{"value":"NaN","unit":""},"exposure":{"value":10.667,"unit":""},"time":{"value":"18:10:18","unit":""},"date":{"value":"05\/17\/2023","unit":""},"V":{"value":[3,2.9535,2.907,2.861,2.8145,2.768,2.7215,2.6755,2.629,2.5825,2.536,2.49,2.4435,2.397,2.3505,2.3045,2.258,2.2115,2.165,2.119,2.0725,2.026,1.9795,1.9335,1.887,1.8405,1.794,1.748,1.7015,1.655,1.6085,1.5625,1.516,1.4695,1.423,1.377,1.3305,1.284,1.2375,1.1915,1.145,1.0985,1.052,1.006,0.9595,0.913,0.8665,0.8205,0.774,0.7275,0.681,0.635,0.5885,0.542,0.4955,0.4495,0.403,0.3565,0.31,0.264,0.2175,0.171,0.1245,0.0785,0.032,-0.0145,-0.061,-0.107,-0.1535,-0.2],"unit":"V"},"I":{"value":[-0.01478617,-0.01828282,-0.02092473,-0.02167131,-0.02026815,-0.02001925,-0.01976125,-0.01967345,-0.01920048,-0.018755,-0.01855579,-0.01821405,-0.01782208,-0.0174019,-0.01695671,-0.01649676,-0.01603932,-0.01555608,-0.01503374,-0.01450326,-0.01394729,-0.0133373,-0.01272933,-0.01209692,-0.01142922,-0.01074256,-0.01003398,-0.00929679,-0.00857422,-0.00782781,-0.00706582,-0.00630911,-0.00553424,-0.00476548,-0.00400959,-0.0032821,-0.00257385,-0.00190794,-0.00128703,-0.00073126,-0.00017858,0.00032766,0.000767,0.00104612,0.00133289,0.00152144,0.00164388,0.00172212,0.00177477,0.00180954,0.00183378,0.00185122,0.00186535,0.00187611,0.00188373,0.00189131,0.00189771,0.00190298,0.00190876,0.00191294,0.00191806,0.00192117,0.00192343,0.00192853,0.00193104,0.00193463,0.00193863,0.00194311,0.00194544,0.00194791],"unit":"A"},"J":{"unit":"A\/cm2","value":[-0.14786169999999998,-0.1828282,-0.20924729999999997,-0.2167131,-0.2026815,-0.20019249999999997,-0.1976125,-0.19673449999999998,-0.19200479999999998,-0.18755,-0.18555789999999997,-0.18214049999999998,-0.17822079999999998,-0.174019,-0.1695671,-0.1649676,-0.16039319999999999,-0.1555608,-0.15033739999999998,-0.14503259999999998,-0.13947289999999998,-0.133373,-0.1272933,-0.1209692,-0.1142922,-0.1074256,-0.10033979999999999,-0.09296789999999999,-0.0857422,-0.07827809999999999,-0.07065819999999999,-0.0630911,-0.0553424,-0.0476548,-0.040095900000000004,-0.032820999999999996,-0.025738499999999997,-0.019079399999999996,-0.0128703,-0.007312599999999999,-0.0017857999999999997,0.0032766,0.00767,0.010461199999999999,0.0133289,0.0152144,0.016438799999999996,0.0172212,0.017747699999999998,0.0180954,0.018337799999999998,0.0185122,0.0186535,0.0187611,0.018837299999999998,0.0189131,0.018977099999999997,0.0190298,0.0190876,0.019129399999999998,0.0191806,0.019211699999999998,0.0192343,0.0192853,0.0193104,0.019346299999999997,0.0193863,0.0194311,0.0194544,0.0194791]},"cell_dimension":{"value":0.1,"unit":"cm2"},"sweep_direction":{"unit":"","value":"Reverse"},"key":"Reverse15.2R CFM EA 50ul 15s_230517"},{"sample_area":{"value":0.1,"unit":"cm2"},"irradiance":{"value":1,"unit":""},"pre_sweep_delay":{"value":5,"unit":""},"bias_direction":{"value":0,"unit":""},"max_reverse_bias":{"value":-0.2,"unit":""},"max_forward_bias":{"value":3,"unit":""},"num_sweep_points":{"value":70,"unit":""},"dwell_time":{"value":10,"unit":""},"current_limit":{"value":-30,"unit":""},"pviv_10a_i_amp":{"value":0,"unit":""},"average":{"value":1,"unit":""},"dark_current":{"value":0,"unit":""},"rshunt_v_lo":{"value":-0.6,"unit":""},"rshunt_v_hi":{"value":-0.1,"unit":""},"voc":{"value":1.12898245,"unit":"V"},"isc":{"value":0.00193312,"unit":"A"},"jsc":{"value":19.33119395,"unit":"mA\/cm2"},"imax":{"value":0.00167661,"unit":"A"},"vmax":{"value":0.85472957,"unit":"V"},"pmax":{"value":1.43304938,"unit":"mW"},"fill_factor":{"value":65.6622,"unit":"%"},"efficiency":{"value":14.3305,"unit":"%"},"r_at_voc":{"value":99.185633,"unit":""},"r_at_isc":{"value":13605.024,"unit":""},"power":{"value":0.00188447,"unit":"W"},"rshunt":{"value":"NaN","unit":"ohm"},"cell_temp_start":{"value":"NaN","unit":""},"cell_temp_end":{"value":"NaN","unit":""},"exposure":{"value":10.667,"unit":""},"time":{"value":"18:09:58","unit":""},"date":{"value":"05\/17\/2023","unit":""},"V":{"value":[3,2.9535,2.907,2.861,2.8145,2.768,2.7215,2.6755,2.629,2.5825,2.536,2.49,2.4435,2.397,2.3505,2.3045,2.258,2.2115,2.165,2.119,2.0725,2.026,1.9795,1.9335,1.887,1.8405,1.794,1.748,1.7015,1.655,1.6085,1.5625,1.516,1.4695,1.423,1.377,1.3305,1.284,1.2375,1.1915,1.145,1.0985,1.052,1.006,0.9595,0.913,0.8665,0.8205,0.774,0.7275,0.681,0.635,0.5885,0.542,0.4955,0.4495,0.403,0.3565,0.31,0.264,0.2175,0.171,0.1245,0.0785,0.032,-0.0145,-0.061,-0.107,-0.1535,-0.2],"unit":"V"},"I":{"value":[-0.01384152,-0.0173566,-0.01851115,-0.01802201,-0.01829843,-0.01834204,-0.01813849,-0.0179743,-0.01771759,-0.01741004,-0.01708939,-0.01675762,-0.01636965,-0.01598496,-0.01556778,-0.01513369,-0.01470306,-0.01424928,-0.01378021,-0.0133063,-0.01282547,-0.01233797,-0.01181496,-0.01127981,-0.01070028,-0.01008844,-0.00942486,-0.00879674,-0.00813193,-0.00743402,-0.00674043,-0.00603375,-0.00529807,-0.00455232,-0.0038102,-0.00311094,-0.00242134,-0.00177557,-0.00118188,-0.00066478,-0.00016149,0.00030733,0.00073211,0.00101369,0.0013191,0.00152178,0.00165208,0.00173299,0.00178267,0.00181598,0.00183703,0.00185232,0.00186471,0.00187354,0.00188313,0.00189024,0.00189705,0.00190205,0.00190727,0.00191286,0.00191698,0.00192173,0.00192634,0.00192908,0.00193175,0.00193486,0.00193818,0.00194006,0.00194417,0.00194554],"unit":"A"},"J":{"unit":"A\/cm2","value":[-0.1384152,-0.173566,-0.18511149999999998,-0.1802201,-0.1829843,-0.18342039999999998,-0.1813849,-0.17974299999999999,-0.17717589999999997,-0.17410040000000002,-0.1708939,-0.1675762,-0.1636965,-0.15984959999999998,-0.15567779999999998,-0.1513369,-0.14703059999999998,-0.14249279999999998,-0.13780209999999998,-0.133063,-0.1282547,-0.1233797,-0.1181496,-0.11279809999999998,-0.1070028,-0.1008844,-0.0942486,-0.0879674,-0.0813193,-0.0743402,-0.0674043,-0.060337499999999995,-0.0529807,-0.0455232,-0.038102,-0.0311094,-0.0242134,-0.0177557,-0.011818799999999999,-0.0066478,-0.0016148999999999998,0.0030732999999999997,0.0073211,0.010136899999999999,0.013190999999999998,0.015217799999999998,0.0165208,0.0173299,0.0178267,0.0181598,0.0183703,0.0185232,0.018647099999999996,0.0187354,0.0188313,0.0189024,0.018970499999999998,0.0190205,0.019072699999999998,0.0191286,0.019169799999999997,0.0192173,0.019263399999999996,0.019290799999999997,0.0193175,0.0193486,0.0193818,0.019400599999999997,0.0194417,0.019455399999999998]},"cell_dimension":{"value":0.1,"unit":"cm2"},"sweep_direction":{"unit":"","value":"Reverse"},"key":"Reverse15.1R CFM EA 50ul 15s_230517"},{"sample_area":{"value":0.1,"unit":"cm2"},"irradiance":{"value":1,"unit":""},"pre_sweep_delay":{"value":5,"unit":""},"bias_direction":{"value":1,"unit":""},"max_reverse_bias":{"value":-0.1,"unit":""},"max_forward_bias":{"value":1.2,"unit":""},"num_sweep_points":{"value":70,"unit":""},"dwell_time":{"value":10,"unit":""},"current_limit":{"value":-30,"unit":""},"pviv_10a_i_amp":{"value":0,"unit":""},"average":{"value":1,"unit":""},"dark_current":{"value":0,"unit":""},"rshunt_v_lo":{"value":-0.6,"unit":""},"rshunt_v_hi":{"value":-0.1,"unit":""},"voc":{"value":1.06947595,"unit":"V"},"isc":{"value":0.00192128,"unit":"A"},"jsc":{"value":19.21281563,"unit":"mA\/cm2"},"imax":{"value":0.00112904,"unit":"A"},"vmax":{"value":0.6913,"unit":"V"},"pmax":{"value":0.78050466,"unit":"mW"},"fill_factor":{"value":37.9851,"unit":"%"},"efficiency":{"value":7.805,"unit":"%"},"r_at_voc":{"value":341.650668,"unit":""},"r_at_isc":{"value":2928.674,"unit":""},"power":{"value":0.00131237,"unit":"W"},"rshunt":{"value":"NaN","unit":"ohm"},"cell_temp_start":{"value":"NaN","unit":""},"cell_temp_end":{"value":"NaN","unit":""},"exposure":{"value":11.14,"unit":""},"time":{"value":"23:57:12","unit":""},"date":{"value":"05\/17\/2023","unit":""},"V":{"value":[-0.1,-0.08115,-0.0623,-0.0435,-0.02465,-0.0058,0.01305,0.0319,0.0507,0.06955,0.0884,0.10725,0.1261,0.14495,0.16375,0.1826,0.20145,0.2203,0.23915,0.25795,0.2768,0.29565,0.3145,0.33335,0.35215,0.371,0.38985,0.4087,0.42755,0.4464,0.4652,0.48405,0.5029,0.52175,0.5406,0.5594,0.57825,0.5971,0.61595,0.6348,0.6536,0.67245,0.6913,0.71015,0.729,0.74785,0.76665,0.7855,0.80435,0.8232,0.84205,0.86085,0.8797,0.89855,0.9174,0.93625,0.95505,0.9739,0.99275,1.0116,1.03045,1.0493,1.0681,1.08695,1.1058,1.12465,1.1435,1.1623,1.18115,1.2],"unit":"V"},"I":{"value":[0.00193953,0.00193995,0.00193692,0.00193452,0.00193161,0.00192745,0.00192513,0.00191908,0.00191255,0.00190617,0.00189955,0.00189422,0.00188541,0.00187564,0.0018661,0.00185472,0.0018406,0.00182676,0.00181237,0.00179646,0.0017788,0.00175897,0.00173734,0.00171383,0.00168976,0.00166421,0.00163479,0.0016041,0.00157344,0.00153904,0.00150436,0.00146505,0.00142389,0.0013872,0.00134356,0.0013016,0.00125883,0.00121395,0.00117166,0.00112457,0.00107653,0.00102979,0.00112904,0.00103849,0.00101358,0.00092914,0.00085939,0.00079199,0.00072841,0.00066679,0.00060639,0.00054743,0.0004938,0.00043951,0.00038587,0.00033473,0.00028419,0.00023512,0.00018736,0.00014056,0.00014659,9.443e-5,3.015e-5,-2.932e-5,-8.88e-5,-0.00013432,-0.00020855,-0.00028616,-0.00037021,-0.00046167],"unit":"A"},"J":{"unit":"A\/cm2","value":[0.0193953,0.0193995,0.0193692,0.019345199999999996,0.0193161,0.0192745,0.0192513,0.0191908,0.0191255,0.019061699999999997,0.0189955,0.0189422,0.0188541,0.0187564,0.018661,0.0185472,0.018406,0.0182676,0.0181237,0.017964599999999997,0.017787999999999998,0.0175897,0.017373399999999997,0.0171383,0.0168976,0.0166421,0.0163479,0.016041,0.0157344,0.015390399999999999,0.015043599999999999,0.0146505,0.014238899999999999,0.013872,0.013435599999999999,0.013016,0.0125883,0.012139500000000001,0.011716599999999999,0.0112457,0.0107653,0.0102979,0.011290399999999999,0.010384899999999999,0.0101358,0.009291399999999998,0.0085939,0.007919899999999999,0.007284099999999999,0.0066679,0.0060639000000000005,0.0054743,0.004938,0.0043951,0.0038587,0.0033472999999999997,0.0028418999999999996,0.0023512,0.0018735999999999998,0.0014056,0.0014658999999999998,0.0009443,0.0003015,-0.00029319999999999997,-0.000888,-0.0013432,-0.0020854999999999997,-0.0028615999999999997,-0.0037021,-0.0046167]},"cell_dimension":{"value":0.1,"unit":"cm2"},"sweep_direction":{"unit":"","value":"Forward"},"key":"Forward15.5F CFM EA 50ul 15s_230517"},{"sample_area":{"value":0.1,"unit":"cm2"},"irradiance":{"value":1,"unit":""},"pre_sweep_delay":{"value":5,"unit":""},"bias_direction":{"value":1,"unit":""},"max_reverse_bias":{"value":-0.1,"unit":""},"max_forward_bias":{"value":1.2,"unit":""},"num_sweep_points":{"value":70,"unit":""},"dwell_time":{"value":10,"unit":""},"current_limit":{"value":-30,"unit":""},"pviv_10a_i_amp":{"value":0,"unit":""},"average":{"value":1,"unit":""},"dark_current":{"value":0,"unit":""},"rshunt_v_lo":{"value":-0.6,"unit":""},"rshunt_v_hi":{"value":-0.1,"unit":""},"voc":{"value":1.06381881,"unit":"V"},"isc":{"value":0.00194057,"unit":"A"},"jsc":{"value":19.40571338,"unit":"mA\/cm2"},"imax":{"value":0.00115118,"unit":"A"},"vmax":{"value":0.6913,"unit":"V"},"pmax":{"value":0.79580797,"unit":"mW"},"fill_factor":{"value":38.5488,"unit":"%"},"efficiency":{"value":7.9581,"unit":"%"},"r_at_voc":{"value":416.765307,"unit":""},"r_at_isc":{"value":2399.314,"unit":""},"power":{"value":0.00129426,"unit":"W"},"rshunt":{"value":"NaN","unit":"ohm"},"cell_temp_start":{"value":"NaN","unit":""},"cell_temp_end":{"value":"NaN","unit":""},"exposure":{"value":11.342,"unit":""},"time":{"value":"23:56:51","unit":""},"date":{"value":"05\/17\/2023","unit":""},"V":{"value":[-0.1,-0.08115,-0.0623,-0.0435,-0.02465,-0.0058,0.01305,0.0319,0.0507,0.06955,0.0884,0.10725,0.1261,0.14495,0.16375,0.1826,0.20145,0.2203,0.23915,0.25795,0.2768,0.29565,0.3145,0.33335,0.35215,0.371,0.38985,0.4087,0.42755,0.4464,0.4652,0.48405,0.5029,0.52175,0.5406,0.5594,0.57825,0.5971,0.61595,0.6348,0.6536,0.67245,0.6913,0.71015,0.729,0.74785,0.76665,0.7855,0.80435,0.8232,0.84205,0.86085,0.8797,0.89855,0.9174,0.93625,0.95505,0.9739,0.99275,1.0116,1.03045,1.0493,1.0681,1.08695,1.1058,1.12465,1.1435,1.1623,1.18115,1.2],"unit":"V"},"I":{"value":[0.00196135,0.0019621,0.00196266,0.00196088,0.00195625,0.00195258,0.00194809,0.00193939,0.00193031,0.00192132,0.00191159,0.00190124,0.00188783,0.00187476,0.00186076,0.00184628,0.00182992,0.00181179,0.00179315,0.00177356,0.00175488,0.00173355,0.00171062,0.00169049,0.00166528,0.00164174,0.00161528,0.00158731,0.00155934,0.0015307,0.0015014,0.00146673,0.00143083,0.00139259,0.00135259,0.00131082,0.00126851,0.00121964,0.00117341,0.00112276,0.00106913,0.00101609,0.00115118,0.00104745,0.00101803,0.00091974,0.0008374,0.0007593,0.00068787,0.00061775,0.00055152,0.00048855,0.00042964,0.00037128,0.00031646,0.00026583,0.00021767,0.00017213,0.0001285,0.00014252,9.736e-5,4.147e-5,2.061e-5,-3.587e-5,-8.841e-5,-0.00012548,-0.00018521,-0.0002479,-0.00031474,-0.00038564],"unit":"A"},"J":{"unit":"A\/cm2","value":[0.0196135,0.019621,0.0196266,0.0196088,0.0195625,0.0195258,0.0194809,0.0193939,0.0193031,0.0192132,0.019115899999999998,0.0190124,0.0188783,0.0187476,0.0186076,0.018462799999999998,0.018299199999999998,0.0181179,0.0179315,0.017735599999999997,0.017548799999999996,0.017335499999999997,0.0171062,0.0169049,0.0166528,0.0164174,0.0161528,0.015873099999999998,0.015593399999999999,0.015307,0.015014,0.0146673,0.014308299999999998,0.0139259,0.0135259,0.0131082,0.0126851,0.012196399999999998,0.011734099999999999,0.011227599999999999,0.010691299999999999,0.0101609,0.011511799999999999,0.010474499999999998,0.0101803,0.0091974,0.008374,0.007592999999999999,0.0068787,0.0061775,0.0055152,0.0048855,0.0042964,0.0037127999999999996,0.0031646,0.0026582999999999997,0.0021766999999999997,0.0017212999999999998,0.001285,0.0014252,0.0009736,0.0004147,0.0002061,-0.0003587,-0.0008841,-0.0012548,-0.0018521,-0.002479,-0.0031474,-0.0038563999999999994]},"cell_dimension":{"value":0.1,"unit":"cm2"},"sweep_direction":{"unit":"","value":"Forward"},"key":"Forward15.4F CFM EA 50ul 15s_230517"},{"sample_area":{"value":0.1,"unit":"cm2"},"irradiance":{"value":1,"unit":""},"pre_sweep_delay":{"value":5,"unit":""},"bias_direction":{"value":1,"unit":""},"max_reverse_bias":{"value":-0.1,"unit":""},"max_forward_bias":{"value":1.2,"unit":""},"num_sweep_points":{"value":70,"unit":""},"dwell_time":{"value":10,"unit":""},"current_limit":{"value":-30,"unit":""},"pviv_10a_i_amp":{"value":0,"unit":""},"average":{"value":1,"unit":""},"dark_current":{"value":0,"unit":""},"rshunt_v_lo":{"value":-0.6,"unit":""},"rshunt_v_hi":{"value":-0.1,"unit":""},"voc":{"value":1.04830589,"unit":"V"},"isc":{"value":0.0019523,"unit":"A"},"jsc":{"value":19.52300024,"unit":"mA\/cm2"},"imax":{"value":0.00120483,"unit":"A"},"vmax":{"value":0.6913,"unit":"V"},"pmax":{"value":0.83290105,"unit":"mW"},"fill_factor":{"value":40.6967,"unit":"%"},"efficiency":{"value":8.329,"unit":"%"},"r_at_voc":{"value":292.148693,"unit":""},"r_at_isc":{"value":2344.195,"unit":""},"power":{"value":0.00132113,"unit":"W"},"rshunt":{"value":"NaN","unit":"ohm"},"cell_temp_start":{"value":"NaN","unit":""},"cell_temp_end":{"value":"NaN","unit":""},"exposure":{"value":11.742,"unit":""},"time":{"value":"23:56:30","unit":""},"date":{"value":"05\/17\/2023","unit":""},"V":{"value":[-0.1,-0.08115,-0.0623,-0.0435,-0.02465,-0.0058,0.01305,0.0319,0.0507,0.06955,0.0884,0.10725,0.1261,0.14495,0.16375,0.1826,0.20145,0.2203,0.23915,0.25795,0.2768,0.29565,0.3145,0.33335,0.35215,0.371,0.38985,0.4087,0.42755,0.4464,0.4652,0.48405,0.5029,0.52175,0.5406,0.5594,0.57825,0.5971,0.61595,0.6348,0.6536,0.67245,0.6913,0.71015,0.729,0.74785,0.76665,0.7855,0.80435,0.8232,0.84205,0.86085,0.8797,0.89855,0.9174,0.93625,0.95505,0.9739,0.99275,1.0116,1.03045,1.0493,1.0681,1.08695,1.1058,1.12465,1.1435,1.1623,1.18115,1.2],"unit":"V"},"I":{"value":[0.00197165,0.00197386,0.00197553,0.00197301,0.00196982,0.00196506,0.00195997,0.00195197,0.00194335,0.001933,0.001922,0.00191043,0.00189842,0.00188579,0.00187074,0.00185462,0.00183838,0.00182136,0.00180299,0.00178507,0.00176502,0.00174487,0.001723,0.00170091,0.00167725,0.00165352,0.00162718,0.00160112,0.00157466,0.0015447,0.0015155,0.00148324,0.00144913,0.0014134,0.00137502,0.001336,0.00129332,0.00124665,0.00120145,0.00114924,0.00109649,0.00103964,0.00120483,0.0010742,0.00113358,0.00110618,0.0010114,0.0008816,0.00077425,0.00068184,0.00059585,0.00051978,0.00044749,0.00037847,0.00031441,0.00025365,0.00019694,0.00014384,0.00019536,0.00011482,7.607e-5,6.036e-5,-3.4e-5,-0.000105,-0.00016371,-0.00026694,-0.00037659,-0.00050081,-0.00064583,-0.0008134],"unit":"A"},"J":{"unit":"A\/cm2","value":[0.0197165,0.0197386,0.0197553,0.019730099999999997,0.0196982,0.019650599999999997,0.0195997,0.019519699999999997,0.0194335,0.01933,0.01922,0.0191043,0.0189842,0.0188579,0.0187074,0.0185462,0.0183838,0.0182136,0.018029899999999998,0.017850699999999997,0.017650199999999998,0.017448699999999998,0.01723,0.0170091,0.0167725,0.016535199999999996,0.0162718,0.0160112,0.0157466,0.015446999999999999,0.015154999999999998,0.014832399999999999,0.0144913,0.014133999999999999,0.013750199999999999,0.013359999999999999,0.012933199999999999,0.012466499999999998,0.0120145,0.011492399999999998,0.0109649,0.0103964,0.0120483,0.010742,0.011335799999999998,0.0110618,0.010114,0.008816,0.007742499999999999,0.0068184,0.005958499999999999,0.005197799999999999,0.0044748999999999995,0.0037846999999999998,0.0031441,0.0025365,0.0019693999999999996,0.0014384,0.0019535999999999998,0.0011482,0.0007606999999999999,0.0006035999999999999,-0.00033999999999999997,-0.00105,-0.0016370999999999998,-0.0026694,-0.0037659,-0.0050081,-0.0064583,-0.008134]},"cell_dimension":{"value":0.1,"unit":"cm2"},"sweep_direction":{"unit":"","value":"Forward"},"key":"Forward15.3F CFM EA 50ul 15s_230517"},{"sample_area":{"value":0.1,"unit":"cm2"},"irradiance":{"value":1,"unit":""},"pre_sweep_delay":{"value":5,"unit":""},"bias_direction":{"value":1,"unit":""},"max_reverse_bias":{"value":-0.1,"unit":""},"max_forward_bias":{"value":1.2,"unit":""},"num_sweep_points":{"value":70,"unit":""},"dwell_time":{"value":10,"unit":""},"current_limit":{"value":-30,"unit":""},"pviv_10a_i_amp":{"value":0,"unit":""},"average":{"value":1,"unit":""},"dark_current":{"value":0,"unit":""},"rshunt_v_lo":{"value":-0.6,"unit":""},"rshunt_v_hi":{"value":-0.1,"unit":""},"voc":{"value":1.0508733,"unit":"V"},"isc":{"value":0.00195608,"unit":"A"},"jsc":{"value":19.56075812,"unit":"mA\/cm2"},"imax":{"value":0.00117722,"unit":"A"},"vmax":{"value":0.729,"unit":"V"},"pmax":{"value":0.85819484,"unit":"mW"},"fill_factor":{"value":41.7494,"unit":"%"},"efficiency":{"value":8.5819,"unit":"%"},"r_at_voc":{"value":307.214947,"unit":""},"r_at_isc":{"value":2711.397,"unit":""},"power":{"value":0.00132693,"unit":"W"},"rshunt":{"value":"NaN","unit":"ohm"},"cell_temp_start":{"value":"NaN","unit":""},"cell_temp_end":{"value":"NaN","unit":""},"exposure":{"value":11.546,"unit":""},"time":{"value":"23:56:10","unit":""},"date":{"value":"05\/17\/2023","unit":""},"V":{"value":[-0.1,-0.08115,-0.0623,-0.0435,-0.02465,-0.0058,0.01305,0.0319,0.0507,0.06955,0.0884,0.10725,0.1261,0.14495,0.16375,0.1826,0.20145,0.2203,0.23915,0.25795,0.2768,0.29565,0.3145,0.33335,0.35215,0.371,0.38985,0.4087,0.42755,0.4464,0.4652,0.48405,0.5029,0.52175,0.5406,0.5594,0.57825,0.5971,0.61595,0.6348,0.6536,0.67245,0.6913,0.71015,0.729,0.74785,0.76665,0.7855,0.80435,0.8232,0.84205,0.86085,0.8797,0.89855,0.9174,0.93625,0.95505,0.9739,0.99275,1.0116,1.03045,1.0493,1.0681,1.08695,1.1058,1.12465,1.1435,1.1623,1.18115,1.2],"unit":"V"},"I":{"value":[0.00197045,0.00197369,0.00197474,0.00197365,0.00197112,0.00196788,0.00196345,0.00195745,0.00195122,0.00194224,0.00193218,0.0019215,0.00191005,0.00189636,0.00188337,0.00186818,0.00185303,0.00183559,0.00181848,0.00179921,0.00177957,0.00175917,0.00173787,0.00171608,0.0016926,0.00166826,0.00164299,0.00161707,0.00159065,0.00156049,0.001531,0.00149982,0.00146419,0.00142665,0.00138682,0.00134541,0.00130193,0.00125537,0.00120559,0.00115731,0.00110075,0.00104324,0.00122866,0.00109086,0.00117722,0.00102734,0.00100054,0.00086676,0.00076203,0.00066858,0.00058409,0.00050595,0.00043298,0.00036549,0.00030229,0.00024339,0.00018831,0.00013609,0.00020375,0.0001126,7.711e-5,6.946e-5,-2.18e-5,-0.00010194,-0.00014009,-0.00024083,-0.00034911,-0.00047309,-0.00061741,-0.00078437],"unit":"A"},"J":{"unit":"A\/cm2","value":[0.019704499999999996,0.0197369,0.0197474,0.019736499999999997,0.019711199999999998,0.0196788,0.019634499999999996,0.019574499999999998,0.0195122,0.0194224,0.019321799999999997,0.019215,0.0191005,0.018963599999999997,0.0188337,0.0186818,0.0185303,0.018355899999999998,0.018184799999999997,0.0179921,0.0177957,0.0175917,0.0173787,0.0171608,0.016926,0.0166826,0.016429899999999997,0.0161707,0.0159065,0.0156049,0.015309999999999999,0.0149982,0.0146419,0.0142665,0.013868199999999999,0.0134541,0.0130193,0.0125537,0.0120559,0.0115731,0.011007499999999998,0.0104324,0.012286599999999998,0.0109086,0.0117722,0.0102734,0.0100054,0.0086676,0.0076203,0.0066857999999999996,0.0058408999999999996,0.0050595,0.0043298,0.0036549,0.0030229,0.0024339,0.0018830999999999997,0.0013609,0.0020375,0.0011259999999999998,0.0007710999999999999,0.0006946,-0.000218,-0.0010194,-0.0014008999999999998,-0.0024083,-0.0034911,-0.0047309,-0.006174099999999999,-0.0078437]},"cell_dimension":{"value":0.1,"unit":"cm2"},"sweep_direction":{"unit":"","value":"Forward"},"key":"Forward15.2F CFM EA 50ul 15s_230517"},{"sample_area":{"value":0.1,"unit":"cm2"},"irradiance":{"value":1,"unit":""},"pre_sweep_delay":{"value":5,"unit":""},"bias_direction":{"value":1,"unit":""},"max_reverse_bias":{"value":-0.1,"unit":""},"max_forward_bias":{"value":1.2,"unit":""},"num_sweep_points":{"value":70,"unit":""},"dwell_time":{"value":10,"unit":""},"current_limit":{"value":-30,"unit":""},"pviv_10a_i_amp":{"value":0,"unit":""},"average":{"value":1,"unit":""},"dark_current":{"value":0,"unit":""},"rshunt_v_lo":{"value":-0.6,"unit":""},"rshunt_v_hi":{"value":-0.1,"unit":""},"voc":{"value":1.050239,"unit":"V"},"isc":{"value":0.00189696,"unit":"A"},"jsc":{"value":18.96955155,"unit":"mA\/cm2"},"imax":{"value":0.00112228,"unit":"A"},"vmax":{"value":0.5971,"unit":"V"},"pmax":{"value":0.67011339,"unit":"mW"},"fill_factor":{"value":33.6359,"unit":"%"},"efficiency":{"value":6.7011,"unit":"%"},"r_at_voc":{"value":427.33359,"unit":""},"r_at_isc":{"value":1877.838,"unit":""},"power":{"value":0.00115517,"unit":"W"},"rshunt":{"value":"NaN","unit":"ohm"},"cell_temp_start":{"value":"NaN","unit":""},"cell_temp_end":{"value":"NaN","unit":""},"exposure":{"value":11.143,"unit":""},"time":{"value":"23:55:44","unit":""},"date":{"value":"05\/17\/2023","unit":""},"V":{"value":[-0.1,-0.08115,-0.0623,-0.0435,-0.02465,-0.0058,0.01305,0.0319,0.0507,0.06955,0.0884,0.10725,0.1261,0.14495,0.16375,0.1826,0.20145,0.2203,0.23915,0.25795,0.2768,0.29565,0.3145,0.33335,0.35215,0.371,0.38985,0.4087,0.42755,0.4464,0.4652,0.48405,0.5029,0.52175,0.5406,0.5594,0.57825,0.5971,0.61595,0.6348,0.6536,0.67245,0.6913,0.71015,0.729,0.74785,0.76665,0.7855,0.80435,0.8232,0.84205,0.86085,0.8797,0.89855,0.9174,0.93625,0.95505,0.9739,0.99275,1.0116,1.03045,1.0493,1.0681,1.08695,1.1058,1.12465,1.1435,1.1623,1.18115,1.2],"unit":"V"},"I":{"value":[0.00193109,0.00193331,0.00193007,0.00192473,0.00191819,0.00191098,0.00190196,0.0018912,0.00187779,0.00186374,0.00184813,0.00183133,0.00181303,0.00179354,0.00177311,0.00174973,0.00172739,0.00170341,0.00167841,0.00165221,0.00162445,0.00159652,0.00156604,0.00153522,0.00150284,0.00147146,0.00143863,0.00140455,0.00136918,0.00133171,0.00129421,0.00125577,0.00121547,0.00117488,0.00113193,0.00108825,0.00104428,0.00112228,0.00104436,0.00102689,0.0009548,0.00089347,0.00083625,0.00078081,0.00072686,0.00067366,0.00062213,0.0005713,0.00052143,0.00047281,0.00042558,0.00037974,0.00033604,0.00029207,0.00024964,0.00020866,0.00016893,0.00012981,0.00016059,0.00010468,7.56e-5,2.198e-5,-2.837e-5,-7.942e-5,-0.00010165,-0.00016479,-0.00022884,-0.000296,-0.00036744,-0.00044349],"unit":"A"},"J":{"unit":"A\/cm2","value":[0.0193109,0.0193331,0.0193007,0.0192473,0.019181899999999998,0.0191098,0.0190196,0.018911999999999998,0.0187779,0.0186374,0.0184813,0.018313299999999998,0.0181303,0.017935399999999997,0.0177311,0.017497299999999997,0.0172739,0.0170341,0.0167841,0.0165221,0.0162445,0.0159652,0.0156604,0.015352199999999998,0.0150284,0.0147146,0.0143863,0.0140455,0.013691799999999999,0.0133171,0.0129421,0.0125577,0.0121547,0.0117488,0.0113193,0.0108825,0.0104428,0.0112228,0.010443599999999999,0.0102689,0.009548,0.0089347,0.008362499999999998,0.007808099999999999,0.007268599999999999,0.0067366,0.0062213,0.005712999999999999,0.0052143,0.0047281,0.0042558,0.0037974,0.0033604,0.0029207,0.0024963999999999997,0.0020865999999999997,0.0016893,0.0012981,0.0016059,0.0010467999999999999,0.0007559999999999999,0.00021979999999999998,-0.0002837,-0.0007941999999999999,-0.0010165,-0.0016478999999999999,-0.0022884,-0.0029599999999999995,-0.0036744,-0.004434899999999999]},"cell_dimension":{"value":0.1,"unit":"cm2"},"sweep_direction":{"unit":"","value":"Forward"},"key":"Forward15.1F CFM EA 50ul 15s_230517"}]}}