{"_id":"65361f6569ca747fb611ae19","id":"KNU-SC-00113","author":79,"group":8,"input":[{"tco":{"unit":"","value":"FTO"}},[],{"etl":[{"material":{"unit":"","value":"TiO2"},"concentration":{"unit":"","value":"10"},"conc_unit":{"unit":"","value":"mg\/ml"},"quantity":{"unit":"ml","value":"1"}}],"solvent":[{"material":{"unit":"","value":"IPA"},"volume":{"unit":"ml","value":"1"}}],"spin_coating":[{"type":{"unit":"","value":"dynamic"},"rpm":{"unit":"","value":"3000"},"time":{"unit":"s","value":"30"}}],"vacuum_suction":[{"unit":"s","value":"0"}],"annealing":[{"temperature":{"unit":"oC","value":"100"},"time":{"unit":"m","value":"10"}}],"etl_doping":[{"material":{"unit":"","value":"KCl"},"volume":{"unit":"ul","value":"0"}}],"module":[{"type":{"unit":"","value":"Bar coating"},"gap":{"unit":"um","value":"0"},"coating_speed":{"unit":"mm\/s","value":"0"},"feeding_amount":{"unit":"ul","value":"0"}}],"thermal_evaporation":[{"evaporation_rate":{"unit":"A\/s","value":null},"vacuum_pressure":{"unit":"uTorr","value":null},"vacuum_evaporation_thickness":{"unit":"nm","value":"0"}}]},{"etl_treatment":[],"solvent":[{"material":{"unit":"","value":"IPA"},"volume":{"unit":"ml","value":"01"}},{"material":{"unit":"","value":"DMSO"},"volume":{"unit":"ml","value":"0"}}],"spin_coating":[{"type":{"unit":"","value":"dynamic"},"rpm":{"unit":"","value":"3000"},"time":{"unit":"s","value":"30"}}],"vacuum_suction":[{"unit":"s","value":"0"}],"annealing":[{"temperature":{"unit":"oC","value":"150"},"time":{"unit":"m","value":"30"}}],"module":[{"type":{"unit":"","value":"Bar coating"},"gap":{"unit":"um","value":"0"},"coating_speed":{"unit":"mm\/s","value":"0"},"feeding_amount":{"unit":"ul","value":"0"}}],"thermal_evaporation":[{"evaporation_rate":{"unit":"A\/s","value":null},"vacuum_pressure":{"unit":"uTorr","value":null},"vacuum_evaporation_thickness":{"unit":"nm","value":"0"}}]},[],{"perovskite":{"method":{"unit":"","value":"1step"},"molarity":{"unit":"M","value":"1.5"},"a_site":[{"material":{"unit":"","value":"FA"},"ratio":{"unit":"","value":"0.7553"}},{"material":{"unit":"","value":"Cs"},"ratio":{"unit":"","value":"0.1411"}},{"material":{"unit":"","value":"MA"},"ratio":{"unit":"","value":"0.074"}}],"b_site":[{"material":{"unit":"","value":"Pb"},"ratio":{"unit":"","value":"100"}},{"material":{"unit":"","value":"Sn"},"ratio":{"unit":"","value":"0"}}],"x_site":[{"material":{"unit":"","value":"I"},"ratio":{"unit":"","value":"70"}},{"material":{"unit":"","value":"Br"},"ratio":{"unit":"","value":"30"}}],"solvent":[{"material":{"unit":"","value":"DMF"},"volume":{"unit":"ml","value":"0.8"}},{"material":{"unit":"","value":"DMSO"},"volume":{"unit":"ml","value":"0.2"}}],"stirring_time":[{"unit":"m","value":"120"}],"antisolvent":[{"material":{"unit":"","value":"EA"},"quantity":{"unit":"ul","value":"500"},"dripping_time":{"unit":"s","value":"15"}}],"spin_coating":[{"type":{"unit":"","value":"dynamic"},"rpm":{"unit":"","value":"5000"},"time":{"unit":"s","value":"40"}}],"annealing":[{"temperature":{"unit":"oC","value":"100"},"time":{"unit":"m","value":"45"}}],"atmosphere":[{"type":{"unit":"","value":"N2"},"temperature":{"unit":"oC","value":"28"},"humidity":{"unit":"RH%","value":"0"}}],"assist":[{"type":{"unit":"","value":"DMSO vacuum assist"},"temperature":{"unit":"oC","value":"None"},"assist_start_time":{"value":null,"unit":"s"},"total_assist_time":{"value":"None","unit":"s"}}],"module":[{"type":{"unit":"","value":"Bar coating"},"gap":{"unit":"um","value":"0"},"coating_speed":{"unit":"mm\/s","value":"0"},"feeding_amount":{"unit":"ul","value":"0"}}],"thermal_evaporation":[{"evaporation_rate":{"unit":"A\/s","value":null},"vacuum_pressure":{"unit":"uTorr","value":null},"vacuum_evaporation_thickness":{"unit":"nm","value":"0"}}]}},{"perovskite_treatment":[{"material":{"unit":"","value":"OAI"},"concentration":{"unit":"","value":"0"},"conc_unit":{"unit":"","value":"mg\/ml"},"quantity":{"unit":"ml","value":null}}],"solvent":[{"material":{"unit":"","value":"IPA"},"volume":{"unit":"ml","value":"0"}}],"spin_coating":[{"type":{"unit":"","value":"dynamic"},"rpm":{"unit":"","value":"3000"},"time":{"unit":"s","value":"30"}}],"vacuum_suction":[{"unit":"s","value":"0"}],"annealing":[{"temperature":{"unit":"oC","value":"0"},"time":{"unit":"m","value":"0"}}],"module":[{"type":{"unit":"","value":"Bar coating"},"gap":{"unit":"um","value":"0"},"coating_speed":{"unit":"mm\/s","value":"0"},"feeding_amount":{"unit":"ul","value":"0"}}],"thermal_evaporation":[{"evaporation_rate":{"unit":"A\/s","value":null},"vacuum_pressure":{"unit":"uTorr","value":null},"vacuum_evaporation_thickness":{"unit":"nm","value":"0"}}]},{"htl":[{"material":{"unit":"","value":"Spiro-OMeTAD"},"concentration":{"unit":"","value":"90"},"conc_unit":{"unit":"","value":"mg\/ml"},"quantity":{"unit":"ml","value":null}}],"solvent":[{"material":{"unit":"","value":"CB"},"volume":{"unit":"ml","value":"0.3"}}],"spin_coating":[{"type":{"unit":"","value":"dynamic"},"rpm":{"unit":"","value":"3000"},"time":{"unit":"s","value":"30"}}],"vacuum_suction":[{"unit":"s","value":"0"}],"annealing":[{"temperature":{"unit":"oC","value":"0"},"time":{"unit":"m","value":"0"}}],"module":[{"type":{"unit":"","value":"Bar coating"},"gap":{"unit":"um","value":"0"},"coating_speed":{"unit":"mm\/s","value":"0"},"feeding_amount":{"unit":"ul","value":"0"}}],"thermal_evaporation":[{"evaporation_rate":{"unit":"A\/s","value":null},"vacuum_pressure":{"unit":"uTorr","value":null},"vacuum_evaporation_thickness":{"unit":"nm","value":"0"}}],"htl_doping":[{"material":{"unit":"","value":"Co-TFSI"},"volume":{"unit":"ul","value":"5"}},{"material":{"unit":"","value":"Li-TFSI"},"volume":{"unit":"ul","value":"23"}},{"material":{"unit":"","value":"tBP"},"volume":{"unit":"ul","value":"39"}}]},{"htl_treatment":[{"material":{"unit":"","value":"none"},"concentration":{"unit":"","value":"3"},"conc_unit":{"unit":"","value":"mg\/ml"},"quantity":{"unit":"ml","value":null}}],"solvent":[{"material":{"unit":"","value":"DMF"},"volume":{"unit":"ml","value":"0.8"}},{"material":{"unit":"","value":"DMSO"},"volume":{"unit":"ml","value":"0.2"}}],"spin_coating":[{"type":{"unit":"","value":"dynamic"},"rpm":{"unit":"","value":"5000"},"time":{"unit":"s","value":"0"}}],"vacuum_suction":[{"unit":"s","value":"0"}],"annealing":[{"temperature":{"unit":"oC","value":"0"},"time":{"unit":"m","value":"0"}}],"module":[{"type":{"unit":"","value":"Bar coating"},"gap":{"unit":"um","value":"0"},"coating_speed":{"unit":"mm\/s","value":"0"},"feeding_amount":{"unit":"ul","value":"0"}}],"thermal_evaporation":[{"evaporation_rate":{"unit":"A\/s","value":null},"vacuum_pressure":{"unit":"uTorr","value":null},"vacuum_evaporation_thickness":{"unit":"nm","value":"0"}}]},{"anode_metal":{"unit":"","value":"Au"}},{"note":{"unit":"","value":"EA 500ul 15s"},"ar":{"unit":"","value":""},"type":{"unit":"","value":"unit_cell"},"device_type":{"unit":"","value":"n-i-p"},"temperature":{"unit":"oC","value":"30"},"humidity":{"unit":"%","value":"0"},"cell_dimension":{"unit":"cm2","value":"0.1"}}],"fileinfo":[{"key":"Reverse12.4R CFM EA 500ul 15s_230517","uploadType":"JV","original_name":"Reverse12.4R CFM EA 500ul 15s_230517-1204.txt","save_name":"KNU-SC-00113\/Reverse12.4R CFM EA 500ul 15s_230517","uploader":79,"fileType":""},{"key":"Reverse12.5R CFM EA 500ul 15s_230517","uploadType":"JV","original_name":"Reverse12.5R CFM EA 500ul 15s_230517-1205.txt","save_name":"KNU-SC-00113\/Reverse12.5R CFM EA 500ul 15s_230517","uploader":79,"fileType":""},{"key":"Reverse12.6R CFM EA 500ul 15s_230517","uploadType":"JV","original_name":"Reverse12.6R CFM EA 500ul 15s_230517-1206.txt","save_name":"KNU-SC-00113\/Reverse12.6R CFM EA 500ul 15s_230517","uploader":79,"fileType":""},{"key":"Reverse12.7R CFM EA 500ul 15s_230517","uploadType":"JV","original_name":"Reverse12.7R CFM EA 500ul 15s_230517-1207.txt","save_name":"KNU-SC-00113\/Reverse12.7R CFM EA 500ul 15s_230517","uploader":79,"fileType":""},{"key":"Reverse12.8R CFM EA 500ul 15s_230517","uploadType":"JV","original_name":"Reverse12.8R CFM EA 500ul 15s_230517-1208.txt","save_name":"KNU-SC-00113\/Reverse12.8R CFM EA 500ul 15s_230517","uploader":79,"fileType":""},{"key":"Reverse12.9R CFM EA 500ul 15s_230517","uploadType":"JV","original_name":"Reverse12.9R CFM EA 500ul 15s_230517-1209.txt","save_name":"KNU-SC-00113\/Reverse12.9R CFM EA 500ul 15s_230517","uploader":79,"fileType":""},{"key":"Forward12.1F CFM EA 500ul 15s_230517","uploadType":"JV","original_name":"Forward12.1F CFM EA 500ul 15s_230517-1501.txt","save_name":"KNU-SC-00113\/Forward12.1F CFM EA 500ul 15s_230517","uploader":79,"fileType":""},{"key":"Forward12.2F CFM EA 500ul 15s_230517","uploadType":"JV","original_name":"Forward12.2F CFM EA 500ul 15s_230517-1502.txt","save_name":"KNU-SC-00113\/Forward12.2F CFM EA 500ul 15s_230517","uploader":79,"fileType":""},{"key":"Forward12.3F CFM EA 500ul 15s_230517","uploadType":"JV","original_name":"Forward12.3F CFM EA 500ul 15s_230517-1503.txt","save_name":"KNU-SC-00113\/Forward12.3F CFM EA 500ul 15s_230517","uploader":79,"fileType":""},{"key":"Forward12.4F CFM EA 500ul 15s_230517","uploadType":"JV","original_name":"Forward12.4F CFM EA 500ul 15s_230517-1504.txt","save_name":"KNU-SC-00113\/Forward12.4F CFM EA 500ul 15s_230517","uploader":79,"fileType":""},{"key":"Forward12.5F CFM EA 500ul 15s_230517","uploadType":"JV","original_name":"Forward12.5F CFM EA 500ul 15s_230517-1505.txt","save_name":"KNU-SC-00113\/Forward12.5F CFM EA 500ul 15s_230517","uploader":79,"fileType":""},{"key":"Reverse12.1R CFM EA 500ul 15s_230517","uploadType":"JV","original_name":"Reverse12.1R CFM EA 500ul 15s_230517-1201.txt","save_name":"KNU-SC-00113\/Reverse12.1R CFM EA 500ul 15s_230517","uploader":79,"fileType":""},{"key":"Reverse12.2R CFM EA 500ul 15s_230517","uploadType":"JV","original_name":"Reverse12.2R CFM EA 500ul 15s_230517-1202.txt","save_name":"KNU-SC-00113\/Reverse12.2R CFM EA 500ul 15s_230517","uploader":79,"fileType":""},{"key":"Reverse12.3R CFM EA 500ul 15s_230517","uploadType":"JV","original_name":"Reverse12.3R CFM EA 500ul 15s_230517-1203.txt","save_name":"KNU-SC-00113\/Reverse12.3R CFM EA 500ul 15s_230517","uploader":79,"fileType":""}],"jvcnt":14,"updated_at":"2024-06-03 08:38:36","created_at":"2023-10-23 07:23:17","analysisInfo":{"JV":[{"efficiency":12.136,"fill_factor":58.845,"jsc":19.86897425,"voc":1.03798224,"key":"Reverse12.9R CFM EA 500ul 15s_230517","cell_dimension":0.1},{"efficiency":13.485,"fill_factor":62.9549,"jsc":20.0628959,"voc":1.06765074,"key":"Reverse12.8R CFM EA 500ul 15s_230517","cell_dimension":0.1},{"efficiency":11.2526,"fill_factor":54.7764,"jsc":20.03757204,"voc":1.0252106,"key":"Reverse12.7R CFM EA 500ul 15s_230517","cell_dimension":0.1},{"efficiency":12.5683,"fill_factor":58.9161,"jsc":20.33954686,"voc":1.04882291,"key":"Reverse12.6R CFM EA 500ul 15s_230517","cell_dimension":0.1},{"efficiency":12.6085,"fill_factor":59.0869,"jsc":20.2437247,"voc":1.05410288,"key":"Reverse12.5R CFM EA 500ul 15s_230517","cell_dimension":0.1},{"efficiency":13.9153,"fill_factor":63.4311,"jsc":20.41009362,"voc":1.07484189,"key":"Reverse12.4R CFM EA 500ul 15s_230517","cell_dimension":0.1},{"efficiency":13.9074,"fill_factor":64.0597,"jsc":19.97054869,"voc":1.08710606,"key":"Reverse12.3R CFM EA 500ul 15s_230517","cell_dimension":0.1},{"efficiency":14.3598,"fill_factor":65.5417,"jsc":19.9746963,"voc":1.096855,"key":"Reverse12.2R CFM EA 500ul 15s_230517","cell_dimension":0.1},{"efficiency":14.4086,"fill_factor":65.4288,"jsc":19.98785062,"voc":1.10176109,"key":"Reverse12.1R CFM EA 500ul 15s_230517","cell_dimension":0.1},{"efficiency":6.7305,"fill_factor":33.3625,"jsc":19.92132035,"voc":1.01267021,"key":"Forward12.5F CFM EA 500ul 15s_230517","cell_dimension":0.1},{"efficiency":5.8281,"fill_factor":28.5998,"jsc":20.08923585,"voc":1.01437592,"key":"Forward12.4F CFM EA 500ul 15s_230517","cell_dimension":0.1},{"efficiency":6.3913,"fill_factor":30.7469,"jsc":19.82099429,"voc":1.0487271,"key":"Forward12.3F CFM EA 500ul 15s_230517","cell_dimension":0.1},{"efficiency":5.6226,"fill_factor":27.7528,"jsc":19.42664315,"voc":1.04287515,"key":"Forward12.2F CFM EA 500ul 15s_230517","cell_dimension":0.1},{"efficiency":4.7044,"fill_factor":23.5043,"jsc":19.1802602,"voc":1.04352812,"key":"Forward12.1F CFM EA 500ul 15s_230517","cell_dimension":0.1}]},"public":2,"analysis":{"JV":[{"sample_area":{"value":0.1,"unit":"cm2"},"irradiance":{"value":1,"unit":""},"pre_sweep_delay":{"value":5,"unit":""},"bias_direction":{"value":0,"unit":""},"max_reverse_bias":{"value":-0.2,"unit":""},"max_forward_bias":{"value":3,"unit":""},"num_sweep_points":{"value":70,"unit":""},"dwell_time":{"value":10,"unit":""},"current_limit":{"value":-30,"unit":""},"pviv_10a_i_amp":{"value":0,"unit":""},"average":{"value":1,"unit":""},"dark_current":{"value":0,"unit":""},"rshunt_v_lo":{"value":-0.6,"unit":""},"rshunt_v_hi":{"value":-0.1,"unit":""},"voc":{"value":1.03798224,"unit":"V"},"isc":{"value":0.0019869,"unit":"A"},"jsc":{"value":19.86897425,"unit":"mA\/cm2"},"imax":{"value":0.00160401,"unit":"A"},"vmax":{"value":0.756603,"unit":"V"},"pmax":{"value":1.21359901,"unit":"mW"},"fill_factor":{"value":58.845,"unit":"%"},"efficiency":{"value":12.136,"unit":"%"},"r_at_voc":{"value":83.703387,"unit":""},"r_at_isc":{"value":6905.364,"unit":""},"power":{"value":0.00171609,"unit":"W"},"rshunt":{"value":"NaN","unit":"ohm"},"cell_temp_start":{"value":"NaN","unit":""},"cell_temp_end":{"value":"NaN","unit":""},"exposure":{"value":10.875,"unit":""},"time":{"value":"17:47:13","unit":""},"date":{"value":"05\/17\/2023","unit":""},"V":{"value":[3,2.9535,2.907,2.861,2.8145,2.768,2.7215,2.6755,2.629,2.5825,2.536,2.49,2.4435,2.397,2.3505,2.3045,2.258,2.2115,2.165,2.119,2.0725,2.026,1.9795,1.9335,1.887,1.8405,1.794,1.748,1.7015,1.655,1.6085,1.5625,1.516,1.4695,1.423,1.377,1.3305,1.284,1.2375,1.1915,1.145,1.0985,1.052,1.006,0.9595,0.913,0.8665,0.8205,0.774,0.7275,0.681,0.635,0.5885,0.542,0.4955,0.4495,0.403,0.3565,0.31,0.264,0.2175,0.171,0.1245,0.0785,0.032,-0.0145,-0.061,-0.107,-0.1535,-0.2],"unit":"V"},"I":{"value":[-0.01678689,-0.02289664,-0.02671641,-0.02981178,-0.03000384,-0.03000376,-0.03000368,-0.03000366,-0.03000363,-0.03000362,-0.03000358,-0.03000358,-0.0300036,-0.03000358,-0.03000355,-0.03000362,-0.02961405,-0.02884193,-0.02782166,-0.02669273,-0.02550435,-0.02425557,-0.02297825,-0.02168473,-0.02038536,-0.01910691,-0.01783281,-0.01658065,-0.01532978,-0.01408959,-0.01286922,-0.01166055,-0.01045812,-0.00896537,-0.00789913,-0.00678988,-0.00567576,-0.00457833,-0.00350553,-0.00248361,-0.00152472,-0.00074975,-0.00016747,0.00038209,0.00078093,0.00102587,0.00126836,0.00143706,0.00156506,0.00166063,0.00173367,0.00178703,0.00182744,0.00185747,0.00188188,0.00189997,0.00191446,0.00192752,0.00193873,0.00194687,0.00195552,0.00196331,0.00197043,0.00197775,0.00198384,0.00199075,0.00199772,0.00200242,0.00200746,0.00201218],"unit":"A"},"J":{"unit":"A\/cm2","value":[-0.1678689,-0.2289664,-0.26716409999999996,-0.2981178,-0.3000384,-0.3000376,-0.3000368,-0.3000366,-0.3000363,-0.3000362,-0.30003579999999996,-0.30003579999999996,-0.30003599999999997,-0.30003579999999996,-0.3000355,-0.3000362,-0.2961405,-0.2884193,-0.2782166,-0.2669273,-0.2550435,-0.24255569999999999,-0.22978249999999997,-0.2168473,-0.2038536,-0.1910691,-0.1783281,-0.16580649999999997,-0.15329779999999998,-0.1408959,-0.1286922,-0.1166055,-0.10458119999999999,-0.0896537,-0.0789913,-0.0678988,-0.0567576,-0.0457833,-0.0350553,-0.024836099999999996,-0.015247199999999999,-0.0074975,-0.0016746999999999999,0.0038209,0.0078093,0.010258699999999999,0.0126836,0.014370599999999999,0.0156506,0.016606299999999997,0.0173367,0.0178703,0.0182744,0.0185747,0.0188188,0.018999699999999998,0.019144599999999998,0.0192752,0.0193873,0.0194687,0.0195552,0.019633099999999997,0.019704299999999998,0.019777499999999996,0.0198384,0.019907499999999998,0.0199772,0.0200242,0.020074599999999998,0.0201218]},"cell_dimension":{"value":0.1,"unit":"cm2"},"sweep_direction":{"unit":"","value":"Reverse"},"key":"Reverse12.9R CFM EA 500ul 15s_230517"},{"sample_area":{"value":0.1,"unit":"cm2"},"irradiance":{"value":1,"unit":""},"pre_sweep_delay":{"value":5,"unit":""},"bias_direction":{"value":0,"unit":""},"max_reverse_bias":{"value":-0.2,"unit":""},"max_forward_bias":{"value":3,"unit":""},"num_sweep_points":{"value":70,"unit":""},"dwell_time":{"value":10,"unit":""},"current_limit":{"value":-30,"unit":""},"pviv_10a_i_amp":{"value":0,"unit":""},"average":{"value":1,"unit":""},"dark_current":{"value":0,"unit":""},"rshunt_v_lo":{"value":-0.6,"unit":""},"rshunt_v_hi":{"value":-0.1,"unit":""},"voc":{"value":1.06765074,"unit":"V"},"isc":{"value":0.00200629,"unit":"A"},"jsc":{"value":20.0628959,"unit":"mA\/cm2"},"imax":{"value":0.00166932,"unit":"A"},"vmax":{"value":0.80781549,"unit":"V"},"pmax":{"value":1.34850468,"unit":"mW"},"fill_factor":{"value":62.9549,"unit":"%"},"efficiency":{"value":13.485,"unit":"%"},"r_at_voc":{"value":63.504194,"unit":""},"r_at_isc":{"value":10163.308,"unit":""},"power":{"value":0.00183847,"unit":"W"},"rshunt":{"value":"NaN","unit":"ohm"},"cell_temp_start":{"value":"NaN","unit":""},"cell_temp_end":{"value":"NaN","unit":""},"exposure":{"value":10.668,"unit":""},"time":{"value":"17:46:59","unit":""},"date":{"value":"05\/17\/2023","unit":""},"V":{"value":[3,2.9535,2.907,2.861,2.8145,2.768,2.7215,2.6755,2.629,2.5825,2.536,2.49,2.4435,2.397,2.3505,2.3045,2.258,2.2115,2.165,2.119,2.0725,2.026,1.9795,1.9335,1.887,1.8405,1.794,1.748,1.7015,1.655,1.6085,1.5625,1.516,1.4695,1.423,1.377,1.3305,1.284,1.2375,1.1915,1.145,1.0985,1.052,1.006,0.9595,0.913,0.8665,0.8205,0.774,0.7275,0.681,0.635,0.5885,0.542,0.4955,0.4495,0.403,0.3565,0.31,0.264,0.2175,0.171,0.1245,0.0785,0.032,-0.0145,-0.061,-0.107,-0.1535,-0.2],"unit":"V"},"I":{"value":[-0.01318373,-0.02097752,-0.02550006,-0.02915291,-0.03000392,-0.03000375,-0.03000369,-0.03000364,-0.03000367,-0.0300036,-0.03000363,-0.0300036,-0.03000362,-0.03000362,-0.0300036,-0.03000361,-0.03000277,-0.02945748,-0.02862595,-0.02757527,-0.0263869,-0.02513826,-0.02384083,-0.02254937,-0.02123495,-0.0199151,-0.01860415,-0.0173149,-0.01604304,-0.01477308,-0.01349842,-0.01223877,-0.01097177,-0.00937805,-0.0082223,-0.00701539,-0.00580145,-0.00461845,-0.00346722,-0.00236549,-0.00132291,-0.00048578,0.00024645,0.00076362,0.00105207,0.00133392,0.00151614,0.00164181,0.00173106,0.00179468,0.00184128,0.00187437,0.001899,0.00191909,0.00193482,0.00194713,0.00195792,0.00196676,0.00197425,0.0019804,0.00198463,0.00199025,0.00199439,0.00199906,0.00200355,0.00200843,0.00201306,0.0020167,0.00202113,0.00202455],"unit":"A"},"J":{"unit":"A\/cm2","value":[-0.1318373,-0.2097752,-0.2550006,-0.2915291,-0.3000392,-0.30003749999999996,-0.3000369,-0.3000364,-0.3000367,-0.30003599999999997,-0.3000363,-0.30003599999999997,-0.3000362,-0.3000362,-0.30003599999999997,-0.3000361,-0.3000277,-0.29457479999999997,-0.2862595,-0.27575269999999996,-0.263869,-0.25138259999999996,-0.2384083,-0.2254937,-0.21234949999999997,-0.199151,-0.1860415,-0.173149,-0.1604304,-0.1477308,-0.1349842,-0.12238769999999999,-0.1097177,-0.0937805,-0.08222299999999999,-0.07015389999999999,-0.0580145,-0.046184499999999996,-0.0346722,-0.0236549,-0.0132291,-0.0048578,0.0024644999999999997,0.0076362,0.0105207,0.013339199999999999,0.0151614,0.016418099999999998,0.0173106,0.0179468,0.0184128,0.0187437,0.01899,0.0191909,0.0193482,0.0194713,0.0195792,0.0196676,0.019742499999999996,0.019804000000000002,0.019846299999999997,0.019902499999999997,0.019943899999999997,0.019990599999999997,0.0200355,0.020084299999999996,0.0201306,0.020167,0.020211299999999998,0.0202455]},"cell_dimension":{"value":0.1,"unit":"cm2"},"sweep_direction":{"unit":"","value":"Reverse"},"key":"Reverse12.8R CFM EA 500ul 15s_230517"},{"sample_area":{"value":0.1,"unit":"cm2"},"irradiance":{"value":1,"unit":""},"pre_sweep_delay":{"value":5,"unit":""},"bias_direction":{"value":0,"unit":""},"max_reverse_bias":{"value":-0.2,"unit":""},"max_forward_bias":{"value":3,"unit":""},"num_sweep_points":{"value":70,"unit":""},"dwell_time":{"value":10,"unit":""},"current_limit":{"value":-30,"unit":""},"pviv_10a_i_amp":{"value":0,"unit":""},"average":{"value":1,"unit":""},"dark_current":{"value":0,"unit":""},"rshunt_v_lo":{"value":-0.6,"unit":""},"rshunt_v_hi":{"value":-0.1,"unit":""},"voc":{"value":1.0252106,"unit":"V"},"isc":{"value":0.00200376,"unit":"A"},"jsc":{"value":20.03757204,"unit":"mA\/cm2"},"imax":{"value":0.00156243,"unit":"A"},"vmax":{"value":0.72019755,"unit":"V"},"pmax":{"value":1.12525689,"unit":"mW"},"fill_factor":{"value":54.7764,"unit":"%"},"efficiency":{"value":11.2526,"unit":"%"},"r_at_voc":{"value":95.253754,"unit":""},"r_at_isc":{"value":5901.884,"unit":""},"power":{"value":0.0016525,"unit":"W"},"rshunt":{"value":"NaN","unit":"ohm"},"cell_temp_start":{"value":"NaN","unit":""},"cell_temp_end":{"value":"NaN","unit":""},"exposure":{"value":10.808,"unit":""},"time":{"value":"17:46:33","unit":""},"date":{"value":"05\/17\/2023","unit":""},"V":{"value":[3,2.9535,2.907,2.861,2.8145,2.768,2.7215,2.6755,2.629,2.5825,2.536,2.49,2.4435,2.397,2.3505,2.3045,2.258,2.2115,2.165,2.119,2.0725,2.026,1.9795,1.9335,1.887,1.8405,1.794,1.748,1.7015,1.655,1.6085,1.5625,1.516,1.4695,1.423,1.377,1.3305,1.284,1.2375,1.1915,1.145,1.0985,1.052,1.006,0.9595,0.913,0.8665,0.8205,0.774,0.7275,0.681,0.635,0.5885,0.542,0.4955,0.4495,0.403,0.3565,0.31,0.264,0.2175,0.171,0.1245,0.0785,0.032,-0.0145,-0.061,-0.107,-0.1535,-0.2],"unit":"V"},"I":{"value":[-0.01737269,-0.02192036,-0.02458906,-0.02633106,-0.02745967,-0.02821374,-0.02857343,-0.02869883,-0.02864019,-0.02861786,-0.02842408,-0.02805606,-0.02753393,-0.02690235,-0.02619522,-0.0254422,-0.02463134,-0.02377089,-0.02287376,-0.02196515,-0.02102868,-0.02009418,-0.0191383,-0.01817775,-0.01721089,-0.01623834,-0.01527685,-0.01431697,-0.01334037,-0.01235509,-0.01135774,-0.01036972,-0.00911174,-0.00821177,-0.00726328,-0.00630824,-0.00533837,-0.00435564,-0.0033773,-0.00245095,-0.00159671,-0.00090089,-0.00028124,0.00020168,0.00058282,0.00088009,0.00108438,0.00127896,0.00142872,0.00154629,0.00163926,0.00171022,0.00176794,0.00181469,0.00185235,0.00188087,0.00190455,0.00192407,0.00194055,0.0019526,0.00196452,0.0019759,0.00198578,0.00199412,0.00200074,0.00201087,0.0020161,0.00202146,0.00202691,0.00203277],"unit":"A"},"J":{"unit":"A\/cm2","value":[-0.1737269,-0.2192036,-0.2458906,-0.2633106,-0.27459669999999997,-0.2821374,-0.2857343,-0.2869883,-0.2864019,-0.28617859999999995,-0.2842408,-0.2805606,-0.2753393,-0.26902349999999997,-0.2619522,-0.254422,-0.24631340000000002,-0.23770889999999997,-0.22873759999999999,-0.21965149999999997,-0.2102868,-0.20094179999999998,-0.191383,-0.18177749999999998,-0.17210889999999998,-0.16238339999999998,-0.1527685,-0.14316969999999998,-0.1334037,-0.1235509,-0.1135774,-0.1036972,-0.0911174,-0.0821177,-0.0726328,-0.0630824,-0.0533837,-0.043556399999999995,-0.033773,-0.024509499999999997,-0.0159671,-0.0090089,-0.0028123999999999996,0.0020168,0.0058281999999999995,0.0088009,0.010843799999999999,0.0127896,0.0142872,0.0154629,0.0163926,0.017102199999999998,0.017679399999999998,0.0181469,0.0185235,0.018808699999999998,0.0190455,0.0192407,0.0194055,0.019525999999999998,0.019645199999999998,0.019759,0.0198578,0.019941199999999996,0.020007399999999998,0.0201087,0.020161,0.0202146,0.020269099999999998,0.0203277]},"cell_dimension":{"value":0.1,"unit":"cm2"},"sweep_direction":{"unit":"","value":"Reverse"},"key":"Reverse12.7R CFM EA 500ul 15s_230517"},{"sample_area":{"value":0.1,"unit":"cm2"},"irradiance":{"value":1,"unit":""},"pre_sweep_delay":{"value":5,"unit":""},"bias_direction":{"value":0,"unit":""},"max_reverse_bias":{"value":-0.2,"unit":""},"max_forward_bias":{"value":3,"unit":""},"num_sweep_points":{"value":70,"unit":""},"dwell_time":{"value":10,"unit":""},"current_limit":{"value":-30,"unit":""},"pviv_10a_i_amp":{"value":0,"unit":""},"average":{"value":1,"unit":""},"dark_current":{"value":0,"unit":""},"rshunt_v_lo":{"value":-0.6,"unit":""},"rshunt_v_hi":{"value":-0.1,"unit":""},"voc":{"value":1.04882291,"unit":"V"},"isc":{"value":0.00203395,"unit":"A"},"jsc":{"value":20.33954686,"unit":"mA\/cm2"},"imax":{"value":0.00165428,"unit":"A"},"vmax":{"value":0.75974811,"unit":"V"},"pmax":{"value":1.25683301,"unit":"mW"},"fill_factor":{"value":58.9161,"unit":"%"},"efficiency":{"value":12.5683,"unit":"%"},"r_at_voc":{"value":102.141873,"unit":""},"r_at_isc":{"value":8861.444,"unit":""},"power":{"value":0.00177199,"unit":"W"},"rshunt":{"value":"NaN","unit":"ohm"},"cell_temp_start":{"value":"NaN","unit":""},"cell_temp_end":{"value":"NaN","unit":""},"exposure":{"value":11.001,"unit":""},"time":{"value":"17:46:12","unit":""},"date":{"value":"05\/17\/2023","unit":""},"V":{"value":[3,2.9535,2.907,2.861,2.8145,2.768,2.7215,2.6755,2.629,2.5825,2.536,2.49,2.4435,2.397,2.3505,2.3045,2.258,2.2115,2.165,2.119,2.0725,2.026,1.9795,1.9335,1.887,1.8405,1.794,1.748,1.7015,1.655,1.6085,1.5625,1.516,1.4695,1.423,1.377,1.3305,1.284,1.2375,1.1915,1.145,1.0985,1.052,1.006,0.9595,0.913,0.8665,0.8205,0.774,0.7275,0.681,0.635,0.5885,0.542,0.4955,0.4495,0.403,0.3565,0.31,0.264,0.2175,0.171,0.1245,0.0785,0.032,-0.0145,-0.061,-0.107,-0.1535,-0.2],"unit":"V"},"I":{"value":[-0.01508309,-0.01899953,-0.02177777,-0.02395921,-0.02553544,-0.02684914,-0.02761721,-0.02800636,-0.0280821,-0.02805625,-0.02774527,-0.02728681,-0.02672262,-0.02605109,-0.02530179,-0.02452624,-0.02369216,-0.02283265,-0.02195353,-0.02107088,-0.02015513,-0.01923293,-0.01832233,-0.01740708,-0.01649261,-0.01558457,-0.01467986,-0.0137862,-0.01289444,-0.01199042,-0.01106642,-0.01013104,-0.00892873,-0.00803357,-0.00707862,-0.00612125,-0.00516091,-0.00419809,-0.00322546,-0.00227899,-0.00137929,-0.00064352,-3.11e-5,0.00041925,0.00083082,0.00107352,0.00131875,0.00149142,0.00162171,0.00171736,0.00178718,0.00183822,0.0018782,0.00191049,0.00193604,0.00195625,0.00197161,0.00198354,0.00199442,0.00200362,0.00200931,0.00201591,0.00202166,0.00202769,0.0020319,0.00203784,0.00204229,0.00204559,0.00204946,0.00205311],"unit":"A"},"J":{"unit":"A\/cm2","value":[-0.1508309,-0.1899953,-0.21777769999999996,-0.2395921,-0.2553544,-0.2684914,-0.2761721,-0.28006359999999997,-0.280821,-0.2805625,-0.2774527,-0.2728681,-0.26722619999999997,-0.2605109,-0.2530179,-0.2452624,-0.23692159999999998,-0.2283265,-0.2195353,-0.2107088,-0.2015513,-0.19232929999999998,-0.1832233,-0.17407079999999997,-0.1649261,-0.1558457,-0.14679859999999997,-0.13786199999999998,-0.1289444,-0.11990419999999999,-0.1106642,-0.10131039999999998,-0.08928729999999999,-0.0803357,-0.0707862,-0.061212499999999996,-0.0516091,-0.041980899999999995,-0.032254599999999994,-0.0227899,-0.0137929,-0.006435199999999999,-0.00031099999999999997,0.0041925,0.0083082,0.010735199999999999,0.0131875,0.014914199999999999,0.016217099999999998,0.0171736,0.0178718,0.018382199999999998,0.018782,0.019104899999999998,0.0193604,0.0195625,0.019716099999999997,0.0198354,0.019944199999999995,0.020036199999999997,0.020093099999999996,0.0201591,0.0202166,0.020276899999999997,0.020319,0.020378399999999998,0.020422899999999997,0.0204559,0.020494599999999998,0.020531099999999997]},"cell_dimension":{"value":0.1,"unit":"cm2"},"sweep_direction":{"unit":"","value":"Reverse"},"key":"Reverse12.6R CFM EA 500ul 15s_230517"},{"sample_area":{"value":0.1,"unit":"cm2"},"irradiance":{"value":1,"unit":""},"pre_sweep_delay":{"value":5,"unit":""},"bias_direction":{"value":0,"unit":""},"max_reverse_bias":{"value":-0.2,"unit":""},"max_forward_bias":{"value":3,"unit":""},"num_sweep_points":{"value":70,"unit":""},"dwell_time":{"value":10,"unit":""},"current_limit":{"value":-30,"unit":""},"pviv_10a_i_amp":{"value":0,"unit":""},"average":{"value":1,"unit":""},"dark_current":{"value":0,"unit":""},"rshunt_v_lo":{"value":-0.6,"unit":""},"rshunt_v_hi":{"value":-0.1,"unit":""},"voc":{"value":1.05410288,"unit":"V"},"isc":{"value":0.00202437,"unit":"A"},"jsc":{"value":20.2437247,"unit":"mA\/cm2"},"imax":{"value":0.00163153,"unit":"A"},"vmax":{"value":0.77280422,"unit":"V"},"pmax":{"value":1.26085292,"unit":"mW"},"fill_factor":{"value":59.0869,"unit":"%"},"efficiency":{"value":12.6085,"unit":"%"},"r_at_voc":{"value":68.611386,"unit":""},"r_at_isc":{"value":7663.111,"unit":""},"power":{"value":0.00177723,"unit":"W"},"rshunt":{"value":"NaN","unit":"ohm"},"cell_temp_start":{"value":"NaN","unit":""},"cell_temp_end":{"value":"NaN","unit":""},"exposure":{"value":10.868,"unit":""},"time":{"value":"17:45:29","unit":""},"date":{"value":"05\/17\/2023","unit":""},"V":{"value":[3,2.9535,2.907,2.861,2.8145,2.768,2.7215,2.6755,2.629,2.5825,2.536,2.49,2.4435,2.397,2.3505,2.3045,2.258,2.2115,2.165,2.119,2.0725,2.026,1.9795,1.9335,1.887,1.8405,1.794,1.748,1.7015,1.655,1.6085,1.5625,1.516,1.4695,1.423,1.377,1.3305,1.284,1.2375,1.1915,1.145,1.0985,1.052,1.006,0.9595,0.913,0.8665,0.8205,0.774,0.7275,0.681,0.635,0.5885,0.542,0.4955,0.4495,0.403,0.3565,0.31,0.264,0.2175,0.171,0.1245,0.0785,0.032,-0.0145,-0.061,-0.107,-0.1535,-0.2],"unit":"V"},"I":{"value":[-0.01187913,-0.01834848,-0.02297987,-0.02696125,-0.02998868,-0.03000386,-0.03000375,-0.03000374,-0.03000367,-0.03000372,-0.03000365,-0.03000364,-0.03000364,-0.03000359,-0.03000357,-0.03000359,-0.03000359,-0.03000359,-0.0300036,-0.03000243,-0.02939024,-0.02848276,-0.02733739,-0.02607764,-0.02472064,-0.02331663,-0.02186031,-0.02039053,-0.01887891,-0.01734034,-0.01579764,-0.01426212,-0.01271112,-0.01116846,-0.00936184,-0.00801667,-0.00663675,-0.00527816,-0.00394142,-0.00267686,-0.00152742,-0.00064708,3.065e-5,0.00049703,0.00090029,0.00113052,0.00135659,0.00151257,0.001629,0.00171483,0.00178126,0.0018292,0.0018687,0.00189914,0.00192133,0.00194057,0.00195702,0.0019689,0.00197999,0.00198834,0.001997,0.0020026,0.00200959,0.00201683,0.00202227,0.00202815,0.00203316,0.00203834,0.00204321,0.00204668],"unit":"A"},"J":{"unit":"A\/cm2","value":[-0.11879129999999999,-0.1834848,-0.2297987,-0.2696125,-0.2998868,-0.3000386,-0.30003749999999996,-0.3000374,-0.3000367,-0.3000372,-0.3000365,-0.3000364,-0.3000364,-0.30003589999999997,-0.30003569999999996,-0.30003589999999997,-0.30003589999999997,-0.30003589999999997,-0.30003599999999997,-0.30002429999999997,-0.2939024,-0.28482759999999996,-0.2733739,-0.26077639999999996,-0.24720639999999997,-0.2331663,-0.2186031,-0.20390529999999998,-0.1887891,-0.17340339999999999,-0.15797640000000002,-0.14262119999999998,-0.12711119999999998,-0.1116846,-0.09361839999999999,-0.0801667,-0.0663675,-0.05278159999999999,-0.039414199999999996,-0.0267686,-0.0152742,-0.0064708,0.00030649999999999997,0.0049702999999999995,0.0090029,0.0113052,0.013565899999999999,0.015125699999999999,0.01629,0.0171483,0.017812599999999998,0.018292,0.018687,0.0189914,0.0192133,0.019405699999999998,0.019570199999999996,0.019688999999999998,0.0197999,0.0198834,0.019969999999999998,0.020026000000000002,0.020095899999999996,0.020168299999999997,0.0202227,0.020281499999999997,0.0203316,0.0203834,0.0204321,0.020466799999999997]},"cell_dimension":{"value":0.1,"unit":"cm2"},"sweep_direction":{"unit":"","value":"Reverse"},"key":"Reverse12.5R CFM EA 500ul 15s_230517"},{"sample_area":{"value":0.1,"unit":"cm2"},"irradiance":{"value":1,"unit":""},"pre_sweep_delay":{"value":5,"unit":""},"bias_direction":{"value":0,"unit":""},"max_reverse_bias":{"value":-0.2,"unit":""},"max_forward_bias":{"value":3,"unit":""},"num_sweep_points":{"value":70,"unit":""},"dwell_time":{"value":10,"unit":""},"current_limit":{"value":-30,"unit":""},"pviv_10a_i_amp":{"value":0,"unit":""},"average":{"value":1,"unit":""},"dark_current":{"value":0,"unit":""},"rshunt_v_lo":{"value":-0.6,"unit":""},"rshunt_v_hi":{"value":-0.1,"unit":""},"voc":{"value":1.07484189,"unit":"V"},"isc":{"value":0.00204101,"unit":"A"},"jsc":{"value":20.41009362,"unit":"mA\/cm2"},"imax":{"value":0.00169681,"unit":"A"},"vmax":{"value":0.82008496,"unit":"V"},"pmax":{"value":1.39152681,"unit":"mW"},"fill_factor":{"value":63.4311,"unit":"%"},"efficiency":{"value":13.9153,"unit":"%"},"r_at_voc":{"value":61.14979,"unit":""},"r_at_isc":{"value":10447.87,"unit":""},"power":{"value":0.00189132,"unit":"W"},"rshunt":{"value":"NaN","unit":"ohm"},"cell_temp_start":{"value":"NaN","unit":""},"cell_temp_end":{"value":"NaN","unit":""},"exposure":{"value":10.8,"unit":""},"time":{"value":"17:45:15","unit":""},"date":{"value":"05\/17\/2023","unit":""},"V":{"value":[3,2.9535,2.907,2.861,2.8145,2.768,2.7215,2.6755,2.629,2.5825,2.536,2.49,2.4435,2.397,2.3505,2.3045,2.258,2.2115,2.165,2.119,2.0725,2.026,1.9795,1.9335,1.887,1.8405,1.794,1.748,1.7015,1.655,1.6085,1.5625,1.516,1.4695,1.423,1.377,1.3305,1.284,1.2375,1.1915,1.145,1.0985,1.052,1.006,0.9595,0.913,0.8665,0.8205,0.774,0.7275,0.681,0.635,0.5885,0.542,0.4955,0.4495,0.403,0.3565,0.31,0.264,0.2175,0.171,0.1245,0.0785,0.032,-0.0145,-0.061,-0.107,-0.1535,-0.2],"unit":"V"},"I":{"value":[-0.01829716,-0.02433187,-0.02877047,-0.03000394,-0.03000377,-0.03000374,-0.03000371,-0.03000366,-0.03000363,-0.03000365,-0.03000362,-0.03000361,-0.03000359,-0.03000362,-0.03000358,-0.03000359,-0.03000355,-0.03000359,-0.03000357,-0.03000198,-0.02942335,-0.02852814,-0.02740346,-0.02617046,-0.02485429,-0.02346632,-0.02202098,-0.02057049,-0.01907304,-0.01754508,-0.01598092,-0.01442059,-0.0128327,-0.01124436,-0.00939398,-0.00798974,-0.00657012,-0.00518884,-0.00382957,-0.00252256,-0.00131171,-0.00038689,0.00037354,0.00087579,0.00114637,0.00141101,0.00158094,0.00169595,0.00177737,0.00183567,0.00187986,0.00191007,0.00193389,0.00195412,0.00196911,0.00198185,0.00199191,0.00200083,0.002009,0.0020143,0.00201966,0.00202654,0.00203095,0.00203562,0.00203917,0.00204274,0.00204641,0.00205035,0.00205538,0.00205869],"unit":"A"},"J":{"unit":"A\/cm2","value":[-0.18297159999999998,-0.24331869999999997,-0.2877047,-0.30003939999999996,-0.30003769999999996,-0.3000374,-0.3000371,-0.3000366,-0.3000363,-0.3000365,-0.3000362,-0.3000361,-0.30003589999999997,-0.3000362,-0.30003579999999996,-0.30003589999999997,-0.3000355,-0.30003589999999997,-0.30003569999999996,-0.3000198,-0.2942335,-0.28528139999999996,-0.2740346,-0.26170459999999995,-0.2485429,-0.2346632,-0.22020979999999998,-0.2057049,-0.1907304,-0.1754508,-0.15980919999999998,-0.1442059,-0.128327,-0.11244359999999999,-0.09393979999999999,-0.0798974,-0.06570119999999999,-0.0518884,-0.038295699999999995,-0.0252256,-0.0131171,-0.0038688999999999998,0.0037354,0.008757899999999999,0.0114637,0.0141101,0.0158094,0.0169595,0.017773699999999996,0.0183567,0.0187986,0.019100699999999998,0.0193389,0.0195412,0.0196911,0.019818499999999996,0.0199191,0.020008299999999996,0.020089999999999997,0.020143,0.0201966,0.020265399999999996,0.0203095,0.0203562,0.0203917,0.0204274,0.020464099999999995,0.020503499999999997,0.020553799999999997,0.0205869]},"cell_dimension":{"value":0.1,"unit":"cm2"},"sweep_direction":{"unit":"","value":"Reverse"},"key":"Reverse12.4R CFM EA 500ul 15s_230517"},{"sample_area":{"value":0.1,"unit":"cm2"},"irradiance":{"value":1,"unit":""},"pre_sweep_delay":{"value":5,"unit":""},"bias_direction":{"value":0,"unit":""},"max_reverse_bias":{"value":-0.2,"unit":""},"max_forward_bias":{"value":3,"unit":""},"num_sweep_points":{"value":70,"unit":""},"dwell_time":{"value":10,"unit":""},"current_limit":{"value":-30,"unit":""},"pviv_10a_i_amp":{"value":0,"unit":""},"average":{"value":1,"unit":""},"dark_current":{"value":0,"unit":""},"rshunt_v_lo":{"value":-0.6,"unit":""},"rshunt_v_hi":{"value":-0.1,"unit":""},"voc":{"value":1.08710606,"unit":"V"},"isc":{"value":0.00199705,"unit":"A"},"jsc":{"value":19.97054869,"unit":"mA\/cm2"},"imax":{"value":0.00169003,"unit":"A"},"vmax":{"value":0.82290877,"unit":"V"},"pmax":{"value":1.39074236,"unit":"mW"},"fill_factor":{"value":64.0597,"unit":"%"},"efficiency":{"value":13.9074,"unit":"%"},"r_at_voc":{"value":87.103592,"unit":""},"r_at_isc":{"value":12527.121,"unit":""},"power":{"value":0.00186914,"unit":"W"},"rshunt":{"value":"NaN","unit":"ohm"},"cell_temp_start":{"value":"NaN","unit":""},"cell_temp_end":{"value":"NaN","unit":""},"exposure":{"value":10.873,"unit":""},"time":{"value":"17:44:45","unit":""},"date":{"value":"05\/17\/2023","unit":""},"V":{"value":[3,2.9535,2.907,2.861,2.8145,2.768,2.7215,2.6755,2.629,2.5825,2.536,2.49,2.4435,2.397,2.3505,2.3045,2.258,2.2115,2.165,2.119,2.0725,2.026,1.9795,1.9335,1.887,1.8405,1.794,1.748,1.7015,1.655,1.6085,1.5625,1.516,1.4695,1.423,1.377,1.3305,1.284,1.2375,1.1915,1.145,1.0985,1.052,1.006,0.9595,0.913,0.8665,0.8205,0.774,0.7275,0.681,0.635,0.5885,0.542,0.4955,0.4495,0.403,0.3565,0.31,0.264,0.2175,0.171,0.1245,0.0785,0.032,-0.0145,-0.061,-0.107,-0.1535,-0.2],"unit":"V"},"I":{"value":[-0.01053695,-0.01478653,-0.01677049,-0.0180453,-0.01892306,-0.01947846,-0.01986145,-0.02001847,-0.02007312,-0.02004731,-0.01991843,-0.0196923,-0.01940483,-0.01904819,-0.01865381,-0.0182034,-0.01770522,-0.01718168,-0.01662908,-0.01606371,-0.01547124,-0.01485101,-0.01421782,-0.01356231,-0.01287453,-0.0121569,-0.01140966,-0.01065467,-0.00979903,-0.00902152,-0.00820157,-0.00738738,-0.00651712,-0.00563177,-0.0047804,-0.00397692,-0.00323443,-0.00252894,-0.00185553,-0.00122034,-0.00063711,-0.00013081,0.00040304,0.00084501,0.00112932,0.0014052,0.00158205,0.00169493,0.00177331,0.00182691,0.0018664,0.00189459,0.00191559,0.00193206,0.00194439,0.00195334,0.00196075,0.00196644,0.00197035,0.0019762,0.00197981,0.00198403,0.00198747,0.00199089,0.00199531,0.00199997,0.00200203,0.00200558,0.00200813,0.00201208],"unit":"A"},"J":{"unit":"A\/cm2","value":[-0.10536949999999999,-0.1478653,-0.1677049,-0.180453,-0.18923059999999997,-0.19478459999999997,-0.19861449999999997,-0.2001847,-0.2007312,-0.2004731,-0.1991843,-0.196923,-0.1940483,-0.19048189999999998,-0.18653809999999998,-0.182034,-0.1770522,-0.1718168,-0.1662908,-0.16063709999999998,-0.1547124,-0.14851009999999998,-0.1421782,-0.1356231,-0.1287453,-0.121569,-0.11409659999999999,-0.1065467,-0.0979903,-0.0902152,-0.0820157,-0.07387379999999999,-0.0651712,-0.0563177,-0.04780399999999999,-0.0397692,-0.0323443,-0.025289399999999997,-0.0185553,-0.0122034,-0.006371099999999999,-0.0013081,0.0040304,0.008450099999999999,0.0112932,0.014051999999999999,0.015820499999999998,0.0169493,0.017733099999999998,0.0182691,0.018664,0.018945899999999998,0.0191559,0.0193206,0.0194439,0.0195334,0.019607499999999996,0.0196644,0.0197035,0.019762,0.019798099999999996,0.019840299999999998,0.0198747,0.019908899999999997,0.0199531,0.019999699999999995,0.0200203,0.0200558,0.020081299999999996,0.020120799999999998]},"cell_dimension":{"value":0.1,"unit":"cm2"},"sweep_direction":{"unit":"","value":"Reverse"},"key":"Reverse12.3R CFM EA 500ul 15s_230517"},{"sample_area":{"value":0.1,"unit":"cm2"},"irradiance":{"value":1,"unit":""},"pre_sweep_delay":{"value":5,"unit":""},"bias_direction":{"value":0,"unit":""},"max_reverse_bias":{"value":-0.2,"unit":""},"max_forward_bias":{"value":3,"unit":""},"num_sweep_points":{"value":70,"unit":""},"dwell_time":{"value":10,"unit":""},"current_limit":{"value":-30,"unit":""},"pviv_10a_i_amp":{"value":0,"unit":""},"average":{"value":1,"unit":""},"dark_current":{"value":0,"unit":""},"rshunt_v_lo":{"value":-0.6,"unit":""},"rshunt_v_hi":{"value":-0.1,"unit":""},"voc":{"value":1.096855,"unit":"V"},"isc":{"value":0.00199747,"unit":"A"},"jsc":{"value":19.9746963,"unit":"mA\/cm2"},"imax":{"value":0.00171228,"unit":"A"},"vmax":{"value":0.83863295,"unit":"V"},"pmax":{"value":1.43597643,"unit":"mW"},"fill_factor":{"value":65.5417,"unit":"%"},"efficiency":{"value":14.3598,"unit":"%"},"r_at_voc":{"value":94.554024,"unit":""},"r_at_isc":{"value":14645.791,"unit":""},"power":{"value":0.0019002,"unit":"W"},"rshunt":{"value":"NaN","unit":"ohm"},"cell_temp_start":{"value":"NaN","unit":""},"cell_temp_end":{"value":"NaN","unit":""},"exposure":{"value":11.006,"unit":""},"time":{"value":"17:44:29","unit":""},"date":{"value":"05\/17\/2023","unit":""},"V":{"value":[3,2.9535,2.907,2.861,2.8145,2.768,2.7215,2.6755,2.629,2.5825,2.536,2.49,2.4435,2.397,2.3505,2.3045,2.258,2.2115,2.165,2.119,2.0725,2.026,1.9795,1.9335,1.887,1.8405,1.794,1.748,1.7015,1.655,1.6085,1.5625,1.516,1.4695,1.423,1.377,1.3305,1.284,1.2375,1.1915,1.145,1.0985,1.052,1.006,0.9595,0.913,0.8665,0.8205,0.774,0.7275,0.681,0.635,0.5885,0.542,0.4955,0.4495,0.403,0.3565,0.31,0.264,0.2175,0.171,0.1245,0.0785,0.032,-0.0145,-0.061,-0.107,-0.1535,-0.2],"unit":"V"},"I":{"value":[-0.01467988,-0.01677449,-0.01807367,-0.01899086,-0.01963836,-0.02009153,-0.0203424,-0.02035638,-0.02021858,-0.0200404,-0.01981597,-0.01953586,-0.01919051,-0.01880081,-0.01838368,-0.01792906,-0.01744336,-0.01692856,-0.01639075,-0.01583832,-0.01525781,-0.01465474,-0.01404014,-0.01339855,-0.01272438,-0.01202937,-0.01130512,-0.01056846,-0.00972764,-0.00895757,-0.00814784,-0.00734093,-0.00651628,-0.00568725,-0.0048676,-0.00408052,-0.00331894,-0.00259355,-0.00189795,-0.0012295,-0.00060302,-1.74e-5,0.00047438,0.00094333,0.0012224,0.00148841,0.00164693,0.00174629,0.00181171,0.00185664,0.0018901,0.0019114,0.00192857,0.00194115,0.00195039,0.00195793,0.00196424,0.00196927,0.00197304,0.00197908,0.00198307,0.0019869,0.00199013,0.00199412,0.0019972,0.00199904,0.0020003,0.00200395,0.00200804,0.00200959],"unit":"A"},"J":{"unit":"A\/cm2","value":[-0.14679879999999998,-0.16774489999999997,-0.1807367,-0.18990859999999998,-0.1963836,-0.2009153,-0.203424,-0.2035638,-0.2021858,-0.200404,-0.19815969999999997,-0.19535859999999997,-0.1919051,-0.1880081,-0.1838368,-0.1792906,-0.1744336,-0.16928559999999998,-0.16390749999999998,-0.15838319999999997,-0.1525781,-0.1465474,-0.14040139999999998,-0.1339855,-0.1272438,-0.12029369999999999,-0.11305119999999999,-0.10568459999999999,-0.09727639999999999,-0.0895757,-0.08147839999999999,-0.0734093,-0.06516279999999999,-0.05687249999999999,-0.048676,-0.04080519999999999,-0.033189399999999994,-0.0259355,-0.0189795,-0.012294999999999999,-0.0060301999999999994,-0.00017399999999999997,0.004743799999999999,0.0094333,0.012223999999999999,0.014884099999999999,0.0164693,0.0174629,0.0181171,0.018566399999999997,0.018900999999999998,0.019114,0.0192857,0.019411499999999998,0.019503899999999998,0.0195793,0.019642399999999997,0.019692699999999997,0.0197304,0.019790799999999997,0.0198307,0.019869,0.0199013,0.019941199999999996,0.019972,0.0199904,0.020003,0.0200395,0.020080399999999998,0.020095899999999996]},"cell_dimension":{"value":0.1,"unit":"cm2"},"sweep_direction":{"unit":"","value":"Reverse"},"key":"Reverse12.2R CFM EA 500ul 15s_230517"},{"sample_area":{"value":0.1,"unit":"cm2"},"irradiance":{"value":1,"unit":""},"pre_sweep_delay":{"value":5,"unit":""},"bias_direction":{"value":0,"unit":""},"max_reverse_bias":{"value":-0.2,"unit":""},"max_forward_bias":{"value":3,"unit":""},"num_sweep_points":{"value":70,"unit":""},"dwell_time":{"value":10,"unit":""},"current_limit":{"value":-30,"unit":""},"pviv_10a_i_amp":{"value":0,"unit":""},"average":{"value":1,"unit":""},"dark_current":{"value":0,"unit":""},"rshunt_v_lo":{"value":-0.6,"unit":""},"rshunt_v_hi":{"value":-0.1,"unit":""},"voc":{"value":1.10176109,"unit":"V"},"isc":{"value":0.00199879,"unit":"A"},"jsc":{"value":19.98785062,"unit":"mA\/cm2"},"imax":{"value":0.00172635,"unit":"A"},"vmax":{"value":0.83462943,"unit":"V"},"pmax":{"value":1.44086259,"unit":"mW"},"fill_factor":{"value":65.4288,"unit":"%"},"efficiency":{"value":14.4086,"unit":"%"},"r_at_voc":{"value":100.901565,"unit":""},"r_at_isc":{"value":14600.154,"unit":""},"power":{"value":0.0018966,"unit":"W"},"rshunt":{"value":"NaN","unit":"ohm"},"cell_temp_start":{"value":"NaN","unit":""},"cell_temp_end":{"value":"NaN","unit":""},"exposure":{"value":11.006,"unit":""},"time":{"value":"17:44:12","unit":""},"date":{"value":"05\/17\/2023","unit":""},"V":{"value":[3,2.9535,2.907,2.861,2.8145,2.768,2.7215,2.6755,2.629,2.5825,2.536,2.49,2.4435,2.397,2.3505,2.3045,2.258,2.2115,2.165,2.119,2.0725,2.026,1.9795,1.9335,1.887,1.8405,1.794,1.748,1.7015,1.655,1.6085,1.5625,1.516,1.4695,1.423,1.377,1.3305,1.284,1.2375,1.1915,1.145,1.0985,1.052,1.006,0.9595,0.913,0.8665,0.8205,0.774,0.7275,0.681,0.635,0.5885,0.542,0.4955,0.4495,0.403,0.3565,0.31,0.264,0.2175,0.171,0.1245,0.0785,0.032,-0.0145,-0.061,-0.107,-0.1535,-0.2],"unit":"V"},"I":{"value":[-0.0124497,-0.01350796,-0.01412576,-0.01450675,-0.0147538,-0.01489672,-0.0149848,-0.01501102,-0.01501207,-0.01506081,-0.01495831,-0.0148175,-0.01463428,-0.01439652,-0.01412603,-0.01383082,-0.01351266,-0.01316001,-0.01278274,-0.01238794,-0.01196222,-0.0115357,-0.01110479,-0.0106379,-0.01016847,-0.00961507,-0.00913836,-0.00863082,-0.00807632,-0.00748331,-0.00684255,-0.00619074,-0.00549443,-0.00478286,-0.00406662,-0.00336136,-0.00267341,-0.00203129,-0.00144691,-0.00093158,-0.00042853,3.232e-5,0.00045775,0.00089349,0.0011824,0.00146936,0.00164705,0.00175338,0.00181857,0.00186227,0.00189153,0.00191138,0.00192644,0.00194005,0.00194885,0.0019563,0.00196418,0.00196991,0.00197529,0.00198129,0.00198361,0.00198855,0.00199141,0.00199303,0.00199657,0.00200105,0.00200255,0.00200647,0.00200884,0.00201146],"unit":"A"},"J":{"unit":"A\/cm2","value":[-0.12449699999999998,-0.1350796,-0.14125759999999998,-0.1450675,-0.14753799999999997,-0.1489672,-0.14984799999999998,-0.1501102,-0.1501207,-0.1506081,-0.1495831,-0.148175,-0.1463428,-0.1439652,-0.14126029999999998,-0.1383082,-0.13512659999999999,-0.1316001,-0.1278274,-0.1238794,-0.1196222,-0.11535699999999999,-0.11104789999999999,-0.106379,-0.1016847,-0.09615069999999999,-0.0913836,-0.0863082,-0.0807632,-0.0748331,-0.0684255,-0.0619074,-0.054944299999999995,-0.0478286,-0.0406662,-0.033613599999999993,-0.0267341,-0.0203129,-0.0144691,-0.009315799999999999,-0.0042853,0.0003232,0.0045775,0.008934899999999999,0.011823999999999998,0.0146936,0.0164705,0.0175338,0.0181857,0.0186227,0.0189153,0.0191138,0.019264399999999997,0.019400499999999998,0.0194885,0.019562999999999997,0.019641799999999997,0.0196991,0.0197529,0.0198129,0.019836099999999995,0.019885499999999997,0.019914099999999997,0.019930299999999998,0.0199657,0.020010499999999997,0.020025499999999998,0.0200647,0.0200884,0.0201146]},"cell_dimension":{"value":0.1,"unit":"cm2"},"sweep_direction":{"unit":"","value":"Reverse"},"key":"Reverse12.1R CFM EA 500ul 15s_230517"},{"sample_area":{"value":0.1,"unit":"cm2"},"irradiance":{"value":1,"unit":""},"pre_sweep_delay":{"value":5,"unit":""},"bias_direction":{"value":1,"unit":""},"max_reverse_bias":{"value":-0.1,"unit":""},"max_forward_bias":{"value":1.2,"unit":""},"num_sweep_points":{"value":70,"unit":""},"dwell_time":{"value":10,"unit":""},"current_limit":{"value":-30,"unit":""},"pviv_10a_i_amp":{"value":0,"unit":""},"average":{"value":1,"unit":""},"dark_current":{"value":0,"unit":""},"rshunt_v_lo":{"value":-0.6,"unit":""},"rshunt_v_hi":{"value":-0.1,"unit":""},"voc":{"value":1.01267021,"unit":"V"},"isc":{"value":0.00199213,"unit":"A"},"jsc":{"value":19.92132035,"unit":"mA\/cm2"},"imax":{"value":0.00139332,"unit":"A"},"vmax":{"value":0.4830522,"unit":"V"},"pmax":{"value":0.67304629,"unit":"mW"},"fill_factor":{"value":33.3625,"unit":"%"},"efficiency":{"value":6.7305,"unit":"%"},"r_at_voc":{"value":410.329336,"unit":""},"r_at_isc":{"value":2743.398,"unit":""},"power":{"value":0.0012161,"unit":"W"},"rshunt":{"value":"NaN","unit":"ohm"},"cell_temp_start":{"value":"NaN","unit":""},"cell_temp_end":{"value":"NaN","unit":""},"exposure":{"value":11.139,"unit":""},"time":{"value":"23:50:34","unit":""},"date":{"value":"05\/17\/2023","unit":""},"V":{"value":[-0.1,-0.08115,-0.0623,-0.0435,-0.02465,-0.0058,0.01305,0.0319,0.0507,0.06955,0.0884,0.10725,0.1261,0.14495,0.16375,0.1826,0.20145,0.2203,0.23915,0.25795,0.2768,0.29565,0.3145,0.33335,0.35215,0.371,0.38985,0.4087,0.42755,0.4464,0.4652,0.48405,0.5029,0.52175,0.5406,0.5594,0.57825,0.5971,0.61595,0.6348,0.6536,0.67245,0.6913,0.71015,0.729,0.74785,0.76665,0.7855,0.80435,0.8232,0.84205,0.86085,0.8797,0.89855,0.9174,0.93625,0.95505,0.9739,0.99275,1.0116,1.03045,1.0493,1.0681,1.08695,1.1058,1.12465,1.1435,1.1623,1.18115,1.2],"unit":"V"},"I":{"value":[0.00200537,0.00200831,0.00200809,0.002006,0.00200351,0.00200044,0.00199762,0.00199192,0.00198649,0.00197987,0.00197471,0.0019663,0.00195734,0.00194465,0.00193163,0.00191758,0.00190296,0.00188496,0.00186226,0.00183855,0.00181559,0.0017871,0.00176003,0.00172591,0.00168745,0.00164967,0.00161222,0.00157127,0.00152749,0.00148511,0.00143252,0.00138448,0.00133885,0.00127292,0.0011986,0.00113941,0.00109174,0.00103727,0.00102956,0.0009646,0.00090503,0.00084747,0.00078903,0.00073356,0.00067448,0.00062061,0.00057483,0.00052793,0.00047676,0.00042569,0.00037719,0.00032764,0.00028238,0.00023654,0.00019155,0.00014815,0.00015938,0.00013091,7.635e-5,1.317e-5,-4.383e-5,-9.781e-5,-0.00012489,-0.00018297,-0.0002412,-0.00030099,-0.00036105,-0.0004233,-0.00049192,-0.00056421],"unit":"A"},"J":{"unit":"A\/cm2","value":[0.020053699999999997,0.0200831,0.0200809,0.020059999999999998,0.0200351,0.0200044,0.019976199999999996,0.019919199999999998,0.019864899999999998,0.0197987,0.0197471,0.019662999999999996,0.0195734,0.0194465,0.019316299999999998,0.019175799999999996,0.019029599999999997,0.018849599999999998,0.0186226,0.0183855,0.0181559,0.017870999999999998,0.0176003,0.0172591,0.0168745,0.0164967,0.0161222,0.0157127,0.0152749,0.014851099999999999,0.0143252,0.013844799999999999,0.0133885,0.0127292,0.011985999999999998,0.011394099999999999,0.010917399999999999,0.0103727,0.010295599999999999,0.009646,0.009050299999999999,0.0084747,0.0078903,0.007335599999999999,0.0067448,0.006206099999999999,0.0057483,0.0052793,0.0047675999999999994,0.0042569,0.0037719,0.0032763999999999996,0.0028237999999999996,0.0023654,0.0019154999999999999,0.0014815,0.0015938,0.0013090999999999999,0.0007635,0.00013169999999999998,-0.0004383,-0.0009781,-0.0012489,-0.0018296999999999999,-0.002412,-0.0030099,-0.0036105,-0.004233,-0.0049191999999999994,-0.0056421]},"cell_dimension":{"value":0.1,"unit":"cm2"},"sweep_direction":{"unit":"","value":"Forward"},"key":"Forward12.5F CFM EA 500ul 15s_230517"},{"sample_area":{"value":0.1,"unit":"cm2"},"irradiance":{"value":1,"unit":""},"pre_sweep_delay":{"value":5,"unit":""},"bias_direction":{"value":1,"unit":""},"max_reverse_bias":{"value":-0.1,"unit":""},"max_forward_bias":{"value":1.2,"unit":""},"num_sweep_points":{"value":70,"unit":""},"dwell_time":{"value":10,"unit":""},"current_limit":{"value":-30,"unit":""},"pviv_10a_i_amp":{"value":0,"unit":""},"average":{"value":1,"unit":""},"dark_current":{"value":0,"unit":""},"rshunt_v_lo":{"value":-0.6,"unit":""},"rshunt_v_hi":{"value":-0.1,"unit":""},"voc":{"value":1.01437592,"unit":"V"},"isc":{"value":0.00200892,"unit":"A"},"jsc":{"value":20.08923585,"unit":"mA\/cm2"},"imax":{"value":0.00125225,"unit":"A"},"vmax":{"value":0.46540711,"unit":"V"},"pmax":{"value":0.58280679,"unit":"mW"},"fill_factor":{"value":28.5998,"unit":"%"},"efficiency":{"value":5.8281,"unit":"%"},"r_at_voc":{"value":529.957522,"unit":""},"r_at_isc":{"value":2794.39,"unit":""},"power":{"value":0.00112867,"unit":"W"},"rshunt":{"value":"NaN","unit":"ohm"},"cell_temp_start":{"value":"NaN","unit":""},"cell_temp_end":{"value":"NaN","unit":""},"exposure":{"value":11.001,"unit":""},"time":{"value":"23:50:13","unit":""},"date":{"value":"05\/17\/2023","unit":""},"V":{"value":[-0.1,-0.08115,-0.0623,-0.0435,-0.02465,-0.0058,0.01305,0.0319,0.0507,0.06955,0.0884,0.10725,0.1261,0.14495,0.16375,0.1826,0.20145,0.2203,0.23915,0.25795,0.2768,0.29565,0.3145,0.33335,0.35215,0.371,0.38985,0.4087,0.42755,0.4464,0.4652,0.48405,0.5029,0.52175,0.5406,0.5594,0.57825,0.5971,0.61595,0.6348,0.6536,0.67245,0.6913,0.71015,0.729,0.74785,0.76665,0.7855,0.80435,0.8232,0.84205,0.86085,0.8797,0.89855,0.9174,0.93625,0.95505,0.9739,0.99275,1.0116,1.03045,1.0493,1.0681,1.08695,1.1058,1.12465,1.1435,1.1623,1.18115,1.2],"unit":"V"},"I":{"value":[0.00202608,0.0020273,0.00202773,0.00202565,0.00202258,0.00202063,0.00201813,0.00201185,0.00200404,0.00199577,0.00198391,0.00196943,0.00195355,0.00193228,0.00190732,0.00188186,0.00185258,0.001821,0.00178612,0.00174785,0.00170604,0.00166693,0.00162455,0.00158062,0.00153771,0.00149271,0.00145005,0.00140204,0.00135149,0.00130414,0.00125515,0.00120534,0.00115524,0.00110687,0.00105566,0.0010061,0.00099362,0.00093431,0.00087985,0.00082568,0.00077348,0.00072181,0.00067112,0.0006212,0.00057293,0.00052587,0.0004805,0.00043608,0.00039275,0.0003501,0.00030927,0.00026975,0.0002312,0.00019394,0.00015778,0.00012249,0.00013025,9.743e-5,5.281e-5,1.091e-5,-3.028e-5,-7.152e-5,-8.821e-5,-0.00013777,-0.0001862,-0.00023579,-0.0002872,-0.00033954,-0.00039487,-0.0004514],"unit":"A"},"J":{"unit":"A\/cm2","value":[0.0202608,0.020273,0.0202773,0.020256499999999997,0.0202258,0.020206299999999996,0.0201813,0.020118499999999997,0.020040399999999996,0.0199577,0.019839100000000002,0.019694299999999998,0.0195355,0.019322799999999998,0.0190732,0.018818599999999998,0.0185258,0.018209999999999997,0.017861199999999997,0.017478499999999998,0.0170604,0.016669299999999998,0.0162455,0.0158062,0.0153771,0.014927099999999999,0.0145005,0.014020399999999999,0.013514899999999998,0.0130414,0.0125515,0.0120534,0.0115524,0.011068699999999999,0.0105566,0.010060999999999999,0.0099362,0.0093431,0.008798499999999999,0.0082568,0.0077348,0.0072181,0.0067112,0.006212,0.0057293,0.0052587,0.004805,0.0043608,0.0039275,0.0035009999999999998,0.0030927,0.0026975000000000002,0.002312,0.0019394,0.0015777999999999999,0.0012249,0.0013024999999999998,0.0009742999999999999,0.0005281,0.0001091,-0.0003028,-0.0007152,-0.0008820999999999999,-0.0013777,-0.001862,-0.0023578999999999996,-0.0028719999999999996,-0.0033954,-0.0039487,-0.004514]},"cell_dimension":{"value":0.1,"unit":"cm2"},"sweep_direction":{"unit":"","value":"Forward"},"key":"Forward12.4F CFM EA 500ul 15s_230517"},{"sample_area":{"value":0.1,"unit":"cm2"},"irradiance":{"value":1,"unit":""},"pre_sweep_delay":{"value":5,"unit":""},"bias_direction":{"value":1,"unit":""},"max_reverse_bias":{"value":-0.1,"unit":""},"max_forward_bias":{"value":1.2,"unit":""},"num_sweep_points":{"value":70,"unit":""},"dwell_time":{"value":10,"unit":""},"current_limit":{"value":-30,"unit":""},"pviv_10a_i_amp":{"value":0,"unit":""},"average":{"value":1,"unit":""},"dark_current":{"value":0,"unit":""},"rshunt_v_lo":{"value":-0.6,"unit":""},"rshunt_v_hi":{"value":-0.1,"unit":""},"voc":{"value":1.0487271,"unit":"V"},"isc":{"value":0.0019821,"unit":"A"},"jsc":{"value":19.82099429,"unit":"mA\/cm2"},"imax":{"value":0.00136811,"unit":"A"},"vmax":{"value":0.46716417,"unit":"V"},"pmax":{"value":0.63913066,"unit":"mW"},"fill_factor":{"value":30.7469,"unit":"%"},"efficiency":{"value":6.3913,"unit":"%"},"r_at_voc":{"value":569.771023,"unit":""},"r_at_isc":{"value":2566.87,"unit":""},"power":{"value":0.0011683,"unit":"W"},"rshunt":{"value":"NaN","unit":"ohm"},"cell_temp_start":{"value":"NaN","unit":""},"cell_temp_end":{"value":"NaN","unit":""},"exposure":{"value":11.551,"unit":""},"time":{"value":"23:49:41","unit":""},"date":{"value":"05\/17\/2023","unit":""},"V":{"value":[-0.1,-0.08115,-0.0623,-0.0435,-0.02465,-0.0058,0.01305,0.0319,0.0507,0.06955,0.0884,0.10725,0.1261,0.14495,0.16375,0.1826,0.20145,0.2203,0.23915,0.25795,0.2768,0.29565,0.3145,0.33335,0.35215,0.371,0.38985,0.4087,0.42755,0.4464,0.4652,0.48405,0.5029,0.52175,0.5406,0.5594,0.57825,0.5971,0.61595,0.6348,0.6536,0.67245,0.6913,0.71015,0.729,0.74785,0.76665,0.7855,0.80435,0.8232,0.84205,0.86085,0.8797,0.89855,0.9174,0.93625,0.95505,0.9739,0.99275,1.0116,1.03045,1.0493,1.0681,1.08695,1.1058,1.12465,1.1435,1.1623,1.18115,1.2],"unit":"V"},"I":{"value":[0.00199894,0.00200153,0.00200211,0.00200097,0.00199733,0.00199308,0.00198962,0.00198411,0.00197671,0.00196892,0.00195923,0.00194574,0.00192952,0.00191131,0.00189162,0.00186927,0.00184455,0.00181784,0.00179004,0.00176103,0.00173432,0.00170376,0.00167331,0.00164731,0.0016125,0.00157672,0.00154326,0.00151687,0.00147513,0.00142695,0.00137378,0.001318,0.00126104,0.00120881,0.00116501,0.00111971,0.00107009,0.00101221,0.00099703,0.00091726,0.00084481,0.00078274,0.00072284,0.00065906,0.00059808,0.00053847,0.00048619,0.00043822,0.00039443,0.00035572,0.00031933,0.00028541,0.0002528,0.00021951,0.00018447,0.00015185,0.00011836,0.00012033,8.302e-5,4.713e-5,1.709e-5,1.589e-5,-5.72e-6,-4.279e-5,-8.331e-5,-0.0001283,-0.00017585,-0.00022184,-0.0002722,-0.00032056],"unit":"A"},"J":{"unit":"A\/cm2","value":[0.019989399999999997,0.0200153,0.0200211,0.0200097,0.019973299999999996,0.0199308,0.0198962,0.019841099999999997,0.0197671,0.019689199999999997,0.0195923,0.0194574,0.0192952,0.0191131,0.0189162,0.0186927,0.018445499999999997,0.0181784,0.017900399999999997,0.0176103,0.0173432,0.017037599999999996,0.016733099999999997,0.016473099999999997,0.016125,0.0157672,0.0154326,0.0151687,0.0147513,0.0142695,0.0137378,0.013179999999999999,0.012610399999999999,0.0120881,0.011650099999999998,0.0111971,0.010700900000000001,0.010122099999999998,0.0099703,0.0091726,0.0084481,0.0078274,0.007228399999999999,0.0065906,0.0059808,0.005384699999999999,0.0048619,0.0043822,0.0039442999999999995,0.0035572,0.0031932999999999996,0.0028540999999999996,0.002528,0.0021950999999999997,0.0018447,0.0015184999999999999,0.0011836,0.0012032999999999998,0.0008302,0.00047129999999999996,0.0001709,0.00015889999999999999,-5.72e-5,-0.0004279,-0.0008330999999999999,-0.0012829999999999999,-0.0017584999999999999,-0.0022183999999999997,-0.002722,-0.0032056]},"cell_dimension":{"value":0.1,"unit":"cm2"},"sweep_direction":{"unit":"","value":"Forward"},"key":"Forward12.3F CFM EA 500ul 15s_230517"},{"sample_area":{"value":0.1,"unit":"cm2"},"irradiance":{"value":1,"unit":""},"pre_sweep_delay":{"value":5,"unit":""},"bias_direction":{"value":1,"unit":""},"max_reverse_bias":{"value":-0.1,"unit":""},"max_forward_bias":{"value":1.2,"unit":""},"num_sweep_points":{"value":70,"unit":""},"dwell_time":{"value":10,"unit":""},"current_limit":{"value":-30,"unit":""},"pviv_10a_i_amp":{"value":0,"unit":""},"average":{"value":1,"unit":""},"dark_current":{"value":0,"unit":""},"rshunt_v_lo":{"value":-0.6,"unit":""},"rshunt_v_hi":{"value":-0.1,"unit":""},"voc":{"value":1.04287515,"unit":"V"},"isc":{"value":0.00194266,"unit":"A"},"jsc":{"value":19.42664315,"unit":"mA\/cm2"},"imax":{"value":0.0010568,"unit":"A"},"vmax":{"value":0.53204017,"unit":"V"},"pmax":{"value":0.56226016,"unit":"mW"},"fill_factor":{"value":27.7528,"unit":"%"},"efficiency":{"value":5.6226,"unit":"%"},"r_at_voc":{"value":384.163461,"unit":""},"r_at_isc":{"value":1688.605,"unit":""},"power":{"value":0.00107492,"unit":"W"},"rshunt":{"value":"NaN","unit":"ohm"},"cell_temp_start":{"value":"NaN","unit":""},"cell_temp_end":{"value":"NaN","unit":""},"exposure":{"value":11.342,"unit":""},"time":{"value":"23:49:24","unit":""},"date":{"value":"05\/17\/2023","unit":""},"V":{"value":[-0.1,-0.08115,-0.0623,-0.0435,-0.02465,-0.0058,0.01305,0.0319,0.0507,0.06955,0.0884,0.10725,0.1261,0.14495,0.16375,0.1826,0.20145,0.2203,0.23915,0.25795,0.2768,0.29565,0.3145,0.33335,0.35215,0.371,0.38985,0.4087,0.42755,0.4464,0.4652,0.48405,0.5029,0.52175,0.5406,0.5594,0.57825,0.5971,0.61595,0.6348,0.6536,0.67245,0.6913,0.71015,0.729,0.74785,0.76665,0.7855,0.80435,0.8232,0.84205,0.86085,0.8797,0.89855,0.9174,0.93625,0.95505,0.9739,0.99275,1.0116,1.03045,1.0493,1.0681,1.08695,1.1058,1.12465,1.1435,1.1623,1.18115,1.2],"unit":"V"},"I":{"value":[0.00198109,0.00198575,0.00198339,0.00197796,0.00197017,0.00196048,0.00195162,0.00193153,0.00190375,0.00187993,0.00184906,0.00181569,0.0017858,0.00175288,0.00171758,0.00169493,0.0016692,0.00164251,0.00161123,0.00158116,0.0015492,0.00152029,0.00148716,0.00145433,0.00141672,0.00138059,0.00134531,0.00130935,0.0012785,0.00123865,0.00119692,0.00116059,0.00111813,0.00107638,0.00102612,0.00101809,0.00096482,0.00091312,0.00086499,0.00081683,0.00076747,0.00072076,0.00067326,0.0006285,0.00058275,0.00053904,0.00049756,0.00045573,0.000414,0.00037529,0.00033517,0.00029913,0.00026299,0.00022881,0.00019476,0.00016199,0.00012994,0.00013549,0.00012901,0.00012983,7.982e-5,1.799e-5,-3.995e-5,-9.905e-5,-0.00014403,-0.0002208,-0.00030158,-0.00039061,-0.00048834,-0.00059375],"unit":"A"},"J":{"unit":"A\/cm2","value":[0.0198109,0.0198575,0.019833899999999998,0.019779599999999998,0.019701699999999996,0.0196048,0.0195162,0.0193153,0.0190375,0.018799299999999998,0.0184906,0.0181569,0.017858,0.0175288,0.017175799999999998,0.0169493,0.016692,0.016425099999999998,0.0161123,0.0158116,0.015491999999999999,0.0152029,0.014871599999999999,0.014543299999999999,0.0141672,0.013805899999999998,0.013453099999999999,0.0130935,0.012784999999999998,0.0123865,0.0119692,0.011605899999999999,0.011181299999999998,0.0107638,0.010261199999999998,0.010180899999999998,0.0096482,0.009131199999999999,0.0086499,0.0081683,0.0076747,0.0072076,0.006732599999999999,0.006285,0.0058275,0.005390399999999999,0.004975599999999999,0.004557299999999999,0.00414,0.0037529,0.0033516999999999996,0.0029912999999999997,0.0026298999999999997,0.0022881,0.0019476,0.0016199,0.0012993999999999998,0.0013548999999999998,0.0012901,0.0012982999999999998,0.0007982,0.00017989999999999998,-0.0003995,-0.0009904999999999998,-0.0014402999999999998,-0.002208,-0.0030158,-0.0039061,-0.0048833999999999995,-0.005937499999999999]},"cell_dimension":{"value":0.1,"unit":"cm2"},"sweep_direction":{"unit":"","value":"Forward"},"key":"Forward12.2F CFM EA 500ul 15s_230517"},{"sample_area":{"value":0.1,"unit":"cm2"},"irradiance":{"value":1,"unit":""},"pre_sweep_delay":{"value":5,"unit":""},"bias_direction":{"value":1,"unit":""},"max_reverse_bias":{"value":-0.1,"unit":""},"max_forward_bias":{"value":1.2,"unit":""},"num_sweep_points":{"value":70,"unit":""},"dwell_time":{"value":10,"unit":""},"current_limit":{"value":-30,"unit":""},"pviv_10a_i_amp":{"value":0,"unit":""},"average":{"value":1,"unit":""},"dark_current":{"value":0,"unit":""},"rshunt_v_lo":{"value":-0.6,"unit":""},"rshunt_v_hi":{"value":-0.1,"unit":""},"voc":{"value":1.04352812,"unit":"V"},"isc":{"value":0.00191803,"unit":"A"},"jsc":{"value":19.1802602,"unit":"mA\/cm2"},"imax":{"value":0.00098244,"unit":"A"},"vmax":{"value":0.4788507,"unit":"V"},"pmax":{"value":0.47044153,"unit":"mW"},"fill_factor":{"value":23.5043,"unit":"%"},"efficiency":{"value":4.7044,"unit":"%"},"r_at_voc":{"value":654.501825,"unit":""},"r_at_isc":{"value":1380.977,"unit":""},"power":{"value":0.00095936,"unit":"W"},"rshunt":{"value":"NaN","unit":"ohm"},"cell_temp_start":{"value":"NaN","unit":""},"cell_temp_end":{"value":"NaN","unit":""},"exposure":{"value":11.541,"unit":""},"time":{"value":"23:49:05","unit":""},"date":{"value":"05\/17\/2023","unit":""},"V":{"value":[-0.1,-0.08115,-0.0623,-0.0435,-0.02465,-0.0058,0.01305,0.0319,0.0507,0.06955,0.0884,0.10725,0.1261,0.14495,0.16375,0.1826,0.20145,0.2203,0.23915,0.25795,0.2768,0.29565,0.3145,0.33335,0.35215,0.371,0.38985,0.4087,0.42755,0.4464,0.4652,0.48405,0.5029,0.52175,0.5406,0.5594,0.57825,0.5971,0.61595,0.6348,0.6536,0.67245,0.6913,0.71015,0.729,0.74785,0.76665,0.7855,0.80435,0.8232,0.84205,0.86085,0.8797,0.89855,0.9174,0.93625,0.95505,0.9739,0.99275,1.0116,1.03045,1.0493,1.0681,1.08695,1.1058,1.12465,1.1435,1.1623,1.18115,1.2],"unit":"V"},"I":{"value":[0.00197195,0.00197138,0.0019671,0.00195819,0.00194934,0.00193602,0.00191957,0.00189955,0.00187607,0.00184884,0.00181814,0.00178552,0.00175042,0.00171337,0.00167347,0.00163401,0.00159351,0.00155322,0.00151384,0.00147115,0.00142855,0.00138515,0.00134374,0.00130111,0.00126053,0.00121667,0.00117364,0.00113057,0.00108793,0.00104478,0.00100178,0.00098182,0.00093333,0.00088906,0.00084532,0.0008046,0.00076233,0.00071978,0.0006793,0.00064011,0.0006008,0.00056276,0.00052574,0.00048889,0.00045311,0.00041779,0.00038385,0.00035046,0.00031817,0.00028672,0.0002565,0.00022715,0.00019883,0.00017113,0.00014431,0.00011803,0.00012086,9.758e-5,6.608e-5,3.64e-5,2.713e-5,1.83e-5,-1.867e-5,-5.468e-5,-9.072e-5,-0.00011974,-0.00016006,-0.00020058,-0.00024224,-0.00028558],"unit":"A"},"J":{"unit":"A\/cm2","value":[0.0197195,0.0197138,0.019670999999999998,0.019581899999999996,0.019493399999999998,0.0193602,0.0191957,0.0189955,0.018760699999999998,0.0184884,0.0181814,0.017855199999999998,0.017504199999999998,0.017133699999999998,0.016734699999999998,0.0163401,0.0159351,0.015532199999999998,0.0151384,0.0147115,0.0142855,0.0138515,0.013437399999999999,0.0130111,0.012605299999999998,0.012166699999999999,0.011736400000000001,0.0113057,0.0108793,0.010447799999999998,0.0100178,0.0098182,0.0093333,0.0088906,0.0084532,0.008046,0.0076232999999999995,0.0071978,0.0067929999999999996,0.0064011,0.0060079999999999995,0.0056276,0.0052574,0.004888899999999999,0.0045311,0.0041779,0.0038384999999999995,0.0035045999999999996,0.0031817,0.0028672,0.002565,0.0022714999999999996,0.0019882999999999997,0.0017112999999999998,0.0014431,0.0011803,0.0012086,0.0009758,0.0006608,0.00036399999999999996,0.0002713,0.000183,-0.00018669999999999998,-0.0005468,-0.0009071999999999999,-0.0011974,-0.0016006,-0.0020058,-0.0024224,-0.0028558]},"cell_dimension":{"value":0.1,"unit":"cm2"},"sweep_direction":{"unit":"","value":"Forward"},"key":"Forward12.1F CFM EA 500ul 15s_230517"}]}}