{"_id":"653c82e326db9e48202e7406","id":"KNU-SC-00128","author":79,"group":8,"input":[{"tco":{"unit":"","value":"ITO"}},[],{"etl":[{"material":{"unit":"","value":"TiO2"},"concentration":{"unit":"","value":"10"},"conc_unit":{"unit":"","value":"mg\/ml"},"quantity":{"unit":"ml","value":"1"}}],"solvent":[{"material":{"unit":"","value":"IPA"},"volume":{"unit":"ml","value":"1"}}],"spin_coating":[{"type":{"unit":"","value":"dynamic"},"rpm":{"unit":"","value":"3000"},"time":{"unit":"s","value":"30"}}],"vacuum_suction":[{"unit":"s","value":"0"}],"annealing":[{"temperature":{"unit":"oC","value":"100"},"time":{"unit":"m","value":"10"}}],"etl_doping":[{"material":{"unit":"","value":"KCl"},"volume":{"unit":"ul","value":"0"}}],"module":[{"type":{"unit":"","value":"Bar coating"},"gap":{"unit":"um","value":"0"},"coating_speed":{"unit":"mm\/s","value":"0"},"feeding_amount":{"unit":"ul","value":"0"}}],"thermal_evaporation":[{"evaporation_rate":{"unit":"A\/s","value":null},"vacuum_pressure":{"unit":"uTorr","value":null},"vacuum_evaporation_thickness":{"unit":"nm","value":"0"}}]},{"etl_treatment":[],"solvent":[{"material":{"unit":"","value":"IPA"},"volume":{"unit":"ml","value":"01"}},{"material":{"unit":"","value":"DMSO"},"volume":{"unit":"ml","value":"0"}}],"spin_coating":[{"type":{"unit":"","value":"dynamic"},"rpm":{"unit":"","value":"3000"},"time":{"unit":"s","value":"30"}}],"vacuum_suction":[{"unit":"s","value":"0"}],"annealing":[{"temperature":{"unit":"oC","value":"100"},"time":{"unit":"m","value":"30"}}],"module":[{"type":{"unit":"","value":"Bar coating"},"gap":{"unit":"um","value":"0"},"coating_speed":{"unit":"mm\/s","value":"0"},"feeding_amount":{"unit":"ul","value":"0"}}],"thermal_evaporation":[{"evaporation_rate":{"unit":"A\/s","value":null},"vacuum_pressure":{"unit":"uTorr","value":null},"vacuum_evaporation_thickness":{"unit":"nm","value":"0"}}]},[],{"perovskite":{"method":{"unit":"","value":"1step"},"molarity":{"unit":"M","value":"1.5"},"a_site":[{"material":{"unit":"","value":"FA"},"ratio":{"unit":"","value":"0.7553"}},{"material":{"unit":"","value":"Cs"},"ratio":{"unit":"","value":"0.1411"}},{"material":{"unit":"","value":"MA"},"ratio":{"unit":"","value":"0.074"}}],"b_site":[{"material":{"unit":"","value":"Pb"},"ratio":{"unit":"","value":"100"}},{"material":{"unit":"","value":"Sn"},"ratio":{"unit":"","value":"0"}}],"x_site":[{"material":{"unit":"","value":"I"},"ratio":{"unit":"","value":"70"}},{"material":{"unit":"","value":"Br"},"ratio":{"unit":"","value":"30"}}],"solvent":[{"material":{"unit":"","value":"DMF"},"volume":{"unit":"ml","value":"0.8"}},{"material":{"unit":"","value":"DMSO"},"volume":{"unit":"ml","value":"0.2"}}],"stirring_time":[{"unit":"m","value":"120"}],"antisolvent":[{"material":{"unit":"","value":"CB"},"quantity":{"unit":"ul","value":"300"},"dripping_time":{"unit":"s","value":"19"}}],"spin_coating":[{"type":{"unit":"","value":"dynamic"},"rpm":{"unit":"","value":"5000"},"time":{"unit":"s","value":"40"}}],"annealing":[{"temperature":{"unit":"oC","value":"100"},"time":{"unit":"m","value":"45"}}],"atmosphere":[{"type":{"unit":"","value":"N2"},"temperature":{"unit":"oC","value":"28"},"humidity":{"unit":"RH%","value":"0"}}],"assist":[{"type":{"unit":"","value":"DMSO vacuum assist"},"temperature":{"unit":"oC","value":"None"},"assist_start_time":{"value":null,"unit":"s"},"total_assist_time":{"value":"None","unit":"s"}}],"module":[{"type":{"unit":"","value":"Bar coating"},"gap":{"unit":"um","value":"0"},"coating_speed":{"unit":"mm\/s","value":"0"},"feeding_amount":{"unit":"ul","value":"0"}}],"thermal_evaporation":[{"evaporation_rate":{"unit":"A\/s","value":null},"vacuum_pressure":{"unit":"uTorr","value":null},"vacuum_evaporation_thickness":{"unit":"nm","value":"0"}}],"additive":[{"material":{"unit":"","value":"MACl"},"solvent":{"unit":"","value":null},"concentration":{"unit":"","value":"0.15"},"conc_unit":{"unit":"","value":"g"},"quantity":{"unit":"mol%","value":null}}]}},{"perovskite_treatment":[{"material":{"unit":"","value":"OAI"},"concentration":{"unit":"","value":"0"},"conc_unit":{"unit":"","value":"mg\/ml"},"quantity":{"unit":"ml","value":"1"}}],"solvent":[{"material":{"unit":"","value":"IPA"},"volume":{"unit":"ml","value":"0"}}],"spin_coating":[{"type":{"unit":"","value":"dynamic"},"rpm":{"unit":"","value":"3000"},"time":{"unit":"s","value":"30"}}],"vacuum_suction":[{"unit":"s","value":"0"}],"annealing":[{"temperature":{"unit":"oC","value":"0"},"time":{"unit":"m","value":"0"}}],"module":[{"type":{"unit":"","value":"Bar coating"},"gap":{"unit":"um","value":"0"},"coating_speed":{"unit":"mm\/s","value":"0"},"feeding_amount":{"unit":"ul","value":"0"}}],"thermal_evaporation":[{"evaporation_rate":{"unit":"A\/s","value":null},"vacuum_pressure":{"unit":"uTorr","value":null},"vacuum_evaporation_thickness":{"unit":"nm","value":"0"}}]},{"htl":[{"material":{"unit":"","value":"Spiro-OMeTAD"},"concentration":{"unit":"","value":"90"},"conc_unit":{"unit":"","value":"mg\/ml"},"quantity":{"unit":"ml","value":null}}],"solvent":[{"material":{"unit":"","value":"CB"},"volume":{"unit":"ml","value":"0.3"}}],"spin_coating":[{"type":{"unit":"","value":"dynamic"},"rpm":{"unit":"","value":"3000"},"time":{"unit":"s","value":"30"}}],"vacuum_suction":[{"unit":"s","value":"0"}],"annealing":[{"temperature":{"unit":"oC","value":"0"},"time":{"unit":"m","value":"0"}}],"module":[{"type":{"unit":"","value":"Bar coating"},"gap":{"unit":"um","value":"0"},"coating_speed":{"unit":"mm\/s","value":"0"},"feeding_amount":{"unit":"ul","value":"0"}}],"thermal_evaporation":[{"evaporation_rate":{"unit":"A\/s","value":null},"vacuum_pressure":{"unit":"uTorr","value":null},"vacuum_evaporation_thickness":{"unit":"nm","value":"0"}}],"htl_doping":[{"material":{"unit":"","value":"Co-TFSI"},"volume":{"unit":"ul","value":"0"}},{"material":{"unit":"","value":"Li-TFSI"},"volume":{"unit":"ul","value":"23"}},{"material":{"unit":"","value":"tBP"},"volume":{"unit":"ul","value":"39"}}]},{"htl_treatment":[{"material":{"unit":"","value":"none"},"concentration":{"unit":"","value":"3"},"conc_unit":{"unit":"","value":"mg\/ml"},"quantity":{"unit":"ml","value":null}}],"solvent":[{"material":{"unit":"","value":"DMF"},"volume":{"unit":"ml","value":"0.8"}},{"material":{"unit":"","value":"DMSO"},"volume":{"unit":"ml","value":"0.2"}}],"spin_coating":[{"type":{"unit":"","value":"dynamic"},"rpm":{"unit":"","value":"5000"},"time":{"unit":"s","value":"0"}}],"vacuum_suction":[{"unit":"s","value":"0"}],"annealing":[{"temperature":{"unit":"oC","value":"0"},"time":{"unit":"m","value":"0"}}],"module":[{"type":{"unit":"","value":"Bar coating"},"gap":{"unit":"um","value":"0"},"coating_speed":{"unit":"mm\/s","value":"0"},"feeding_amount":{"unit":"ul","value":"0"}}],"thermal_evaporation":[{"evaporation_rate":{"unit":"A\/s","value":null},"vacuum_pressure":{"unit":"uTorr","value":null},"vacuum_evaporation_thickness":{"unit":"nm","value":"0"}}]},{"anode_metal":{"unit":"","value":"Au"}},{"note":{"unit":"","value":"CFM MACl15mg 19s"},"ar":{"unit":"","value":""},"type":{"unit":"","value":"unit_cell"},"device_type":{"unit":"","value":"n-i-p"},"temperature":{"unit":"oC","value":"30"},"humidity":{"unit":"%","value":"0"},"cell_dimension":{"unit":"cm2","value":"0.1"}}],"fileinfo":[{"key":"Reverse3.8R CFM+MACl 15mg anti 19s_210606","uploadType":"JV","original_name":"Reverse3.8R CFM+MACl 15mg anti 19s_210606-2008.txt","save_name":"KNU-SC-00128\/Reverse3.8R CFM+MACl 15mg anti 19s_210606","uploader":79,"fileType":""},{"key":"Reverse3.9R CFM+MACl 15mg anti 19s_210606","uploadType":"JV","original_name":"Reverse3.9R CFM+MACl 15mg anti 19s_210606-2009.txt","save_name":"KNU-SC-00128\/Reverse3.9R CFM+MACl 15mg anti 19s_210606","uploader":79,"fileType":""},{"key":"Reverse3.10R CFM+MACl 15mg anti 19s_210606","uploadType":"JV","original_name":"Reverse3.10R CFM+MACl 15mg anti 19s_210606-2010.txt","save_name":"KNU-SC-00128\/Reverse3.10R CFM+MACl 15mg anti 19s_210606","uploader":79,"fileType":""},{"key":"Reverse3.11R CFM+MACl 15mg anti 19s_210606","uploadType":"JV","original_name":"Reverse3.11R CFM+MACl 15mg anti 19s_210606-2011.txt","save_name":"KNU-SC-00128\/Reverse3.11R CFM+MACl 15mg anti 19s_210606","uploader":79,"fileType":""},{"key":"Reverse3.12R CFM+MACl 15mg anti 19s_210606","uploadType":"JV","original_name":"Reverse3.12R CFM+MACl 15mg anti 19s_210606-2012.txt","save_name":"KNU-SC-00128\/Reverse3.12R CFM+MACl 15mg anti 19s_210606","uploader":79,"fileType":""},{"key":"Reverse3.13R CFM+MACl 15mg anti 19s_210606","uploadType":"JV","original_name":"Reverse3.13R CFM+MACl 15mg anti 19s_210606-2013.txt","save_name":"KNU-SC-00128\/Reverse3.13R CFM+MACl 15mg anti 19s_210606","uploader":79,"fileType":""},{"key":"Reverse3.14R CFM+MACl 15mg anti 19s_210606","uploadType":"JV","original_name":"Reverse3.14R CFM+MACl 15mg anti 19s_210606-2014.txt","save_name":"KNU-SC-00128\/Reverse3.14R CFM+MACl 15mg anti 19s_210606","uploader":79,"fileType":""},{"key":"Reverse3.1R CFM+MACl 15mg anti 19s_210606","uploadType":"JV","original_name":"Reverse3.1R CFM+MACl 15mg anti 19s_210606-2001.txt","save_name":"KNU-SC-00128\/Reverse3.1R CFM+MACl 15mg anti 19s_210606","uploader":79,"fileType":""},{"key":"Reverse3.2R CFM+MACl 15mg anti 19s_210606","uploadType":"JV","original_name":"Reverse3.2R CFM+MACl 15mg anti 19s_210606-2002.txt","save_name":"KNU-SC-00128\/Reverse3.2R CFM+MACl 15mg anti 19s_210606","uploader":79,"fileType":""},{"key":"Reverse3.3R CFM+MACl 15mg anti 19s_210606","uploadType":"JV","original_name":"Reverse3.3R CFM+MACl 15mg anti 19s_210606-2003.txt","save_name":"KNU-SC-00128\/Reverse3.3R CFM+MACl 15mg anti 19s_210606","uploader":79,"fileType":""},{"key":"Reverse3.4R CFM+MACl 15mg anti 19s_210606","uploadType":"JV","original_name":"Reverse3.4R CFM+MACl 15mg anti 19s_210606-2004.txt","save_name":"KNU-SC-00128\/Reverse3.4R CFM+MACl 15mg anti 19s_210606","uploader":79,"fileType":""},{"key":"Reverse3.5R CFM+MACl 15mg anti 19s_210606","uploadType":"JV","original_name":"Reverse3.5R CFM+MACl 15mg anti 19s_210606-2005.txt","save_name":"KNU-SC-00128\/Reverse3.5R CFM+MACl 15mg anti 19s_210606","uploader":79,"fileType":""},{"key":"Reverse3.6R CFM+MACl 15mg anti 19s_210606","uploadType":"JV","original_name":"Reverse3.6R CFM+MACl 15mg anti 19s_210606-2006.txt","save_name":"KNU-SC-00128\/Reverse3.6R CFM+MACl 15mg anti 19s_210606","uploader":79,"fileType":""},{"key":"Reverse3.7R CFM+MACl 15mg anti 19s_210606","uploadType":"JV","original_name":"Reverse3.7R CFM+MACl 15mg anti 19s_210606-2007.txt","save_name":"KNU-SC-00128\/Reverse3.7R CFM+MACl 15mg anti 19s_210606","uploader":79,"fileType":""}],"jvcnt":14,"updated_at":"2024-06-03 08:38:37","created_at":"2023-10-28 03:41:23","analysisInfo":{"JV":[{"efficiency":15.3605,"fill_factor":72.7145,"jsc":21.81148564,"voc":0.96850087,"key":"Reverse3.9R CFM+MACl 15mg anti 19s_210606","cell_dimension":0.1},{"efficiency":9.7053,"fill_factor":49.0635,"jsc":21.73841122,"voc":0.90995799,"key":"Reverse3.8R CFM+MACl 15mg anti 19s_210606","cell_dimension":0.1},{"efficiency":11.556,"fill_factor":58.3794,"jsc":21.81916215,"voc":0.90721586,"key":"Reverse3.7R CFM+MACl 15mg anti 19s_210606","cell_dimension":0.1},{"efficiency":12.2211,"fill_factor":61.1534,"jsc":21.77535222,"voc":0.91775336,"key":"Reverse3.6R CFM+MACl 15mg anti 19s_210606","cell_dimension":0.1},{"efficiency":13.8164,"fill_factor":67.4298,"jsc":21.21815912,"voc":0.96568291,"key":"Reverse3.5R CFM+MACl 15mg anti 19s_210606","cell_dimension":0.1},{"efficiency":13.992,"fill_factor":68.1098,"jsc":21.23376667,"voc":0.96748443,"key":"Reverse3.4R CFM+MACl 15mg anti 19s_210606","cell_dimension":0.1},{"efficiency":14.2475,"fill_factor":69.178,"jsc":21.24676237,"voc":0.96934145,"key":"Reverse3.3R CFM+MACl 15mg anti 19s_210606","cell_dimension":0.1},{"efficiency":14.5529,"fill_factor":70.4854,"jsc":21.2674727,"voc":0.9708105,"key":"Reverse3.2R CFM+MACl 15mg anti 19s_210606","cell_dimension":0.1},{"efficiency":14.3404,"fill_factor":70.0707,"jsc":21.30606714,"voc":0.96055532,"key":"Reverse3.1R CFM+MACl 15mg anti 19s_210606","cell_dimension":0.1},{"efficiency":1.788,"fill_factor":28.9023,"jsc":20.51093667,"voc":0.3016072,"key":"Reverse3.14R CFM+MACl 15mg anti 19s_210606","cell_dimension":0.1},{"efficiency":1.8999,"fill_factor":29.0733,"jsc":20.58178556,"voc":0.31751014,"key":"Reverse3.13R CFM+MACl 15mg anti 19s_210606","cell_dimension":0.1},{"efficiency":2.1684,"fill_factor":29.9436,"jsc":20.80730889,"voc":0.34802741,"key":"Reverse3.12R CFM+MACl 15mg anti 19s_210606","cell_dimension":0.1},{"efficiency":14.3906,"fill_factor":68.5415,"jsc":21.75627499,"voc":0.96503133,"key":"Reverse3.11R CFM+MACl 15mg anti 19s_210606","cell_dimension":0.1},{"efficiency":14.6865,"fill_factor":69.6632,"jsc":21.76941317,"voc":0.96842875,"key":"Reverse3.10R CFM+MACl 15mg anti 19s_210606","cell_dimension":0.1}]},"public":2,"analysis":{"JV":[{"sample_area":{"value":0.1,"unit":"cm2"},"irradiance":{"value":1,"unit":""},"pre_sweep_delay":{"value":5,"unit":""},"bias_direction":{"value":0,"unit":""},"max_reverse_bias":{"value":-0.2,"unit":""},"max_forward_bias":{"value":3,"unit":""},"num_sweep_points":{"value":90,"unit":""},"dwell_time":{"value":10,"unit":""},"current_limit":{"value":-10,"unit":""},"pviv_10a_i_amp":{"value":0,"unit":""},"average":{"value":1,"unit":""},"dark_current":{"value":0,"unit":""},"rshunt_v_lo":{"value":-0.6,"unit":""},"rshunt_v_hi":{"value":-0.1,"unit":""},"voc":{"value":0.96850087,"unit":"V"},"isc":{"value":0.00218115,"unit":"A"},"jsc":{"value":21.81148564,"unit":"mA\/cm2"},"imax":{"value":0.00192893,"unit":"A"},"vmax":{"value":0.79632208,"unit":"V"},"pmax":{"value":1.53605321,"unit":"mW"},"fill_factor":{"value":72.7145,"unit":"%"},"efficiency":{"value":15.3605,"unit":"%"},"r_at_voc":{"value":43.332824,"unit":""},"r_at_isc":{"value":18475.1,"unit":""},"power":{"value":0.00191502,"unit":"W"},"rshunt":{"value":"NaN","unit":"ohm"},"cell_temp_start":{"value":"NaN","unit":""},"cell_temp_end":{"value":"NaN","unit":""},"exposure":{"value":11.826,"unit":""},"time":{"value":"19:30:04","unit":""},"date":{"value":"06\/06\/2021","unit":""},"V":{"value":[3,2.964,2.928,2.892,2.856,2.82,2.7845,2.7485,2.7125,2.6765,2.6405,2.6045,2.5685,2.5325,2.4965,2.4605,2.4245,2.389,2.353,2.317,2.281,2.245,2.209,2.173,2.137,2.101,2.065,2.029,1.9935,1.9575,1.9215,1.8855,1.8495,1.8135,1.7775,1.7415,1.7055,1.6695,1.6335,1.598,1.562,1.526,1.49,1.454,1.418,1.382,1.346,1.31,1.274,1.238,1.202,1.1665,1.1305,1.0945,1.0585,1.0225,0.9865,0.9505,0.9145,0.8785,0.8425,0.8065,0.771,0.735,0.699,0.663,0.627,0.591,0.555,0.519,0.483,0.447,0.411,0.3755,0.3395,0.3035,0.2675,0.2315,0.1955,0.1595,0.1235,0.0875,0.0515,0.0155,-0.02,-0.056,-0.092,-0.128,-0.164,-0.2],"unit":"V"},"I":{"value":[-0.00280975,-0.00464636,-0.00764784,-0.01000011,-0.01000009,-0.01000006,-0.01000006,-0.01000005,-0.01000005,-0.01000006,-0.01000005,-0.01000004,-0.01000004,-0.01000004,-0.01000005,-0.01000004,-0.01000005,-0.01000004,-0.01000004,-0.01000004,-0.01000005,-0.01000004,-0.01000004,-0.01000005,-0.01000005,-0.01000003,-0.01000005,-0.01000004,-0.01000004,-0.01000004,-0.01000004,-0.01000004,-0.01000004,-0.01000004,-0.01000004,-0.01000004,-0.01000004,-0.01000004,-0.01000004,-0.01000005,-0.01000005,-0.01000004,-0.00983474,-0.0095342,-0.00916392,-0.00874057,-0.00825909,-0.00772971,-0.00714996,-0.00653146,-0.0057953,-0.00503023,-0.00414352,-0.00321378,-0.00226201,-0.0012918,-0.00041537,0.00041541,0.00103921,0.00149629,0.00175913,0.00190225,0.00197922,0.0020266,0.0020582,0.00208045,0.00209798,0.00211056,0.00212183,0.00212977,0.00213629,0.00214372,0.00214901,0.00215263,0.00215718,0.00216149,0.0021643,0.00216682,0.00217106,0.00217419,0.00217559,0.0021777,0.0021789,0.00218108,0.00218314,0.00218346,0.00218594,0.00218867,0.0021892,0.00219049],"unit":"A"},"J":{"unit":"A\/cm2","value":[-0.0280975,-0.0464636,-0.0764784,-0.1000011,-0.10000089999999999,-0.1000006,-0.1000006,-0.10000049999999999,-0.10000049999999999,-0.1000006,-0.10000049999999999,-0.10000039999999999,-0.10000039999999999,-0.10000039999999999,-0.10000049999999999,-0.10000039999999999,-0.10000049999999999,-0.10000039999999999,-0.10000039999999999,-0.10000039999999999,-0.10000049999999999,-0.10000039999999999,-0.10000039999999999,-0.10000049999999999,-0.10000049999999999,-0.1000003,-0.10000049999999999,-0.10000039999999999,-0.10000039999999999,-0.10000039999999999,-0.10000039999999999,-0.10000039999999999,-0.10000039999999999,-0.10000039999999999,-0.10000039999999999,-0.10000039999999999,-0.10000039999999999,-0.10000039999999999,-0.10000039999999999,-0.10000049999999999,-0.10000049999999999,-0.10000039999999999,-0.09834739999999999,-0.095342,-0.0916392,-0.08740569999999999,-0.0825909,-0.0772971,-0.0714996,-0.0653146,-0.057953,-0.0503023,-0.0414352,-0.032137799999999994,-0.0226201,-0.012918,-0.0041537,0.0041541,0.0103921,0.0149629,0.0175913,0.0190225,0.019792199999999996,0.020266,0.020582,0.0208045,0.0209798,0.0211056,0.0212183,0.0212977,0.021362899999999997,0.0214372,0.021490099999999998,0.021526299999999998,0.0215718,0.021614899999999996,0.021643,0.0216682,0.021710599999999997,0.021741899999999998,0.021755899999999998,0.021776999999999998,0.021789,0.0218108,0.0218314,0.0218346,0.021859399999999998,0.021886700000000002,0.021892,0.021904899999999998]},"cell_dimension":{"value":0.1,"unit":"cm2"},"sweep_direction":{"unit":"","value":"Reverse"},"key":"Reverse3.9R CFM+MACl 15mg anti 19s_210606"},{"sample_area":{"value":0.1,"unit":"cm2"},"irradiance":{"value":1,"unit":""},"pre_sweep_delay":{"value":5,"unit":""},"bias_direction":{"value":0,"unit":""},"max_reverse_bias":{"value":-0.2,"unit":""},"max_forward_bias":{"value":3,"unit":""},"num_sweep_points":{"value":90,"unit":""},"dwell_time":{"value":10,"unit":""},"current_limit":{"value":-10,"unit":""},"pviv_10a_i_amp":{"value":0,"unit":""},"average":{"value":1,"unit":""},"dark_current":{"value":0,"unit":""},"rshunt_v_lo":{"value":-0.6,"unit":""},"rshunt_v_hi":{"value":-0.1,"unit":""},"voc":{"value":0.90995799,"unit":"V"},"isc":{"value":0.00217384,"unit":"A"},"jsc":{"value":21.73841122,"unit":"mA\/cm2"},"imax":{"value":0.00143271,"unit":"A"},"vmax":{"value":0.67740427,"unit":"V"},"pmax":{"value":0.9705266,"unit":"mW"},"fill_factor":{"value":49.0635,"unit":"%"},"efficiency":{"value":9.7053,"unit":"%"},"r_at_voc":{"value":70.228969,"unit":""},"r_at_isc":{"value":1472.938,"unit":""},"power":{"value":0.00149437,"unit":"W"},"rshunt":{"value":"NaN","unit":"ohm"},"cell_temp_start":{"value":"NaN","unit":""},"cell_temp_end":{"value":"NaN","unit":""},"exposure":{"value":12.237,"unit":""},"time":{"value":"19:29:06","unit":""},"date":{"value":"06\/06\/2021","unit":""},"V":{"value":[3,2.964,2.928,2.892,2.856,2.82,2.7845,2.7485,2.7125,2.6765,2.6405,2.6045,2.5685,2.5325,2.4965,2.4605,2.4245,2.389,2.353,2.317,2.281,2.245,2.209,2.173,2.137,2.101,2.065,2.029,1.9935,1.9575,1.9215,1.8855,1.8495,1.8135,1.7775,1.7415,1.7055,1.6695,1.6335,1.598,1.562,1.526,1.49,1.454,1.418,1.382,1.346,1.31,1.274,1.238,1.202,1.1665,1.1305,1.0945,1.0585,1.0225,0.9865,0.9505,0.9145,0.8785,0.8425,0.8065,0.771,0.735,0.699,0.663,0.627,0.591,0.555,0.519,0.483,0.447,0.411,0.3755,0.3395,0.3035,0.2675,0.2315,0.1955,0.1595,0.1235,0.0875,0.0515,0.0155,-0.02,-0.056,-0.092,-0.128,-0.164,-0.2],"unit":"V"},"I":{"value":[-0.01000046,-0.00999995,-0.01000003,-0.00999978,-0.01000004,-0.01000005,-0.01000005,-0.01000002,-0.01000005,-0.01000004,-0.01000003,-0.01000002,-0.01000003,-0.01000005,-0.01000005,-0.01000004,-0.01000001,-0.01000007,-0.01000005,-0.01000003,-0.00999997,-0.01000004,-0.01000003,-0.01000003,-0.01000024,-0.01000007,-0.01000002,-0.01000004,-0.01000005,-0.01000004,-0.01000003,-0.01000005,-0.01000003,-0.01000003,-0.01000005,-0.01000005,-0.01000002,-0.01000004,-0.01000003,-0.01000003,-0.01000005,-0.01000004,-0.01000005,-0.01000004,-0.01000005,-0.0099988,-0.00970893,-0.00931318,-0.00887679,-0.00831213,-0.00763444,-0.00688174,-0.00596422,-0.00487011,-0.00376315,-0.00267649,-0.00157917,-0.00071309,-6.467e-5,0.00044793,0.00080902,0.00102991,0.00117885,0.0012943,0.00138448,0.00146254,0.00153118,0.0015921,0.00164468,0.00169535,0.001743,0.00178847,0.00183018,0.00186776,0.00190346,0.00193953,0.00197427,0.00200422,0.00203332,0.00206327,0.00208905,0.00211423,0.00214071,0.00216599,0.00218882,0.00221154,0.00223636,0.00226032,0.00228434,0.00230869],"unit":"A"},"J":{"unit":"A\/cm2","value":[-0.10000459999999999,-0.0999995,-0.1000003,-0.0999978,-0.10000039999999999,-0.10000049999999999,-0.10000049999999999,-0.1000002,-0.10000049999999999,-0.10000039999999999,-0.1000003,-0.1000002,-0.1000003,-0.10000049999999999,-0.10000049999999999,-0.10000039999999999,-0.1000001,-0.1000007,-0.10000049999999999,-0.1000003,-0.0999997,-0.10000039999999999,-0.1000003,-0.1000003,-0.1000024,-0.1000007,-0.1000002,-0.10000039999999999,-0.10000049999999999,-0.10000039999999999,-0.1000003,-0.10000049999999999,-0.1000003,-0.1000003,-0.10000049999999999,-0.10000049999999999,-0.1000002,-0.10000039999999999,-0.1000003,-0.1000003,-0.10000049999999999,-0.10000039999999999,-0.10000049999999999,-0.10000039999999999,-0.10000049999999999,-0.099988,-0.09708929999999999,-0.0931318,-0.0887679,-0.08312129999999998,-0.07634439999999999,-0.0688174,-0.0596422,-0.048701100000000004,-0.0376315,-0.0267649,-0.0157917,-0.0071309,-0.0006466999999999999,0.004479299999999999,0.0080902,0.010299099999999999,0.011788499999999999,0.012943,0.013844799999999999,0.0146254,0.0153118,0.015920999999999998,0.016446799999999998,0.0169535,0.017429999999999998,0.017884699999999996,0.0183018,0.0186776,0.0190346,0.0193953,0.019742700000000002,0.0200422,0.0203332,0.020632699999999997,0.020890499999999996,0.0211423,0.0214071,0.0216599,0.0218882,0.0221154,0.0223636,0.0226032,0.0228434,0.023086899999999997]},"cell_dimension":{"value":0.1,"unit":"cm2"},"sweep_direction":{"unit":"","value":"Reverse"},"key":"Reverse3.8R CFM+MACl 15mg anti 19s_210606"},{"sample_area":{"value":0.1,"unit":"cm2"},"irradiance":{"value":1,"unit":""},"pre_sweep_delay":{"value":5,"unit":""},"bias_direction":{"value":0,"unit":""},"max_reverse_bias":{"value":-0.2,"unit":""},"max_forward_bias":{"value":3,"unit":""},"num_sweep_points":{"value":90,"unit":""},"dwell_time":{"value":10,"unit":""},"current_limit":{"value":-10,"unit":""},"pviv_10a_i_amp":{"value":0,"unit":""},"average":{"value":1,"unit":""},"dark_current":{"value":0,"unit":""},"rshunt_v_lo":{"value":-0.6,"unit":""},"rshunt_v_hi":{"value":-0.1,"unit":""},"voc":{"value":0.90721586,"unit":"V"},"isc":{"value":0.00218192,"unit":"A"},"jsc":{"value":21.81916215,"unit":"mA\/cm2"},"imax":{"value":0.00157451,"unit":"A"},"vmax":{"value":0.73394453,"unit":"V"},"pmax":{"value":1.15560278,"unit":"mW"},"fill_factor":{"value":58.3794,"unit":"%"},"efficiency":{"value":11.556,"unit":"%"},"r_at_voc":{"value":51.444284,"unit":""},"r_at_isc":{"value":2501.26,"unit":""},"power":{"value":0.0016209,"unit":"W"},"rshunt":{"value":"NaN","unit":"ohm"},"cell_temp_start":{"value":"NaN","unit":""},"cell_temp_end":{"value":"NaN","unit":""},"exposure":{"value":12.027,"unit":""},"time":{"value":"19:28:53","unit":""},"date":{"value":"06\/06\/2021","unit":""},"V":{"value":[3,2.964,2.928,2.892,2.856,2.82,2.7845,2.7485,2.7125,2.6765,2.6405,2.6045,2.5685,2.5325,2.4965,2.4605,2.4245,2.389,2.353,2.317,2.281,2.245,2.209,2.173,2.137,2.101,2.065,2.029,1.9935,1.9575,1.9215,1.8855,1.8495,1.8135,1.7775,1.7415,1.7055,1.6695,1.6335,1.598,1.562,1.526,1.49,1.454,1.418,1.382,1.346,1.31,1.274,1.238,1.202,1.1665,1.1305,1.0945,1.0585,1.0225,0.9865,0.9505,0.9145,0.8785,0.8425,0.8065,0.771,0.735,0.699,0.663,0.627,0.591,0.555,0.519,0.483,0.447,0.411,0.3755,0.3395,0.3035,0.2675,0.2315,0.1955,0.1595,0.1235,0.0875,0.0515,0.0155,-0.02,-0.056,-0.092,-0.128,-0.164,-0.2],"unit":"V"},"I":{"value":[-0.00999985,-0.01000004,-0.01,-0.01000009,-0.01000003,-0.01000006,-0.01000004,-0.01000002,-0.01000005,-0.01000004,-0.01000004,-0.01000006,-0.01000004,-0.01000003,-0.01000003,-0.01000004,-0.01000003,-0.01000002,-0.01000004,-0.01000003,-0.01000003,-0.01000002,-0.01000003,-0.01000003,-0.01000003,-0.01000002,-0.01000002,-0.01000006,-0.00999958,-0.00999968,-0.01000003,-0.01000004,-0.01000004,-0.01000103,-0.01000002,-0.01000003,-0.01000002,-0.01000005,-0.00725706,-0.00605924,-0.00572807,-0.00560775,-0.00557823,-0.00556627,-0.00550717,-0.0054922,-0.0054443,-0.00532022,-0.00522467,-0.0051196,-0.00494588,-0.00471879,-0.0042927,-0.00380127,-0.00317557,-0.00243341,-0.00166164,-0.00085991,-0.00014159,0.00055819,0.00102707,0.00128122,0.00146703,0.00157313,0.00163619,0.00169501,0.00175069,0.00178565,0.00183039,0.00186208,0.00189845,0.00192899,0.00196174,0.00198524,0.00201273,0.00203359,0.00205649,0.00207962,0.00209878,0.00211811,0.00213571,0.00215144,0.00216832,0.00218244,0.00219392,0.00220625,0.00221811,0.00223142,0.0022431,0.00225594],"unit":"A"},"J":{"unit":"A\/cm2","value":[-0.09999849999999999,-0.10000039999999999,-0.09999999999999999,-0.10000089999999999,-0.1000003,-0.1000006,-0.10000039999999999,-0.1000002,-0.10000049999999999,-0.10000039999999999,-0.10000039999999999,-0.1000006,-0.10000039999999999,-0.1000003,-0.1000003,-0.10000039999999999,-0.1000003,-0.1000002,-0.10000039999999999,-0.1000003,-0.1000003,-0.1000002,-0.1000003,-0.1000003,-0.1000003,-0.1000002,-0.1000002,-0.1000006,-0.09999579999999998,-0.0999968,-0.1000003,-0.10000039999999999,-0.10000039999999999,-0.10001029999999998,-0.1000002,-0.1000003,-0.1000002,-0.10000049999999999,-0.0725706,-0.06059239999999999,-0.0572807,-0.056077499999999995,-0.0557823,-0.055662699999999996,-0.055071699999999994,-0.054922,-0.054443,-0.05320219999999999,-0.05224669999999999,-0.051196,-0.0494588,-0.04718789999999999,-0.042927,-0.038012699999999996,-0.0317557,-0.024334099999999997,-0.0166164,-0.008599099999999998,-0.0014158999999999999,0.005581899999999999,0.010270699999999999,0.0128122,0.014670299999999999,0.0157313,0.0163619,0.0169501,0.0175069,0.017856499999999997,0.0183039,0.018620799999999996,0.0189845,0.0192899,0.0196174,0.0198524,0.020127299999999997,0.0203359,0.020564899999999997,0.020796199999999997,0.0209878,0.021181099999999998,0.021357099999999997,0.0215144,0.0216832,0.021824399999999997,0.021939199999999996,0.0220625,0.0221811,0.0223142,0.022431,0.0225594]},"cell_dimension":{"value":0.1,"unit":"cm2"},"sweep_direction":{"unit":"","value":"Reverse"},"key":"Reverse3.7R CFM+MACl 15mg anti 19s_210606"},{"sample_area":{"value":0.1,"unit":"cm2"},"irradiance":{"value":1,"unit":""},"pre_sweep_delay":{"value":5,"unit":""},"bias_direction":{"value":0,"unit":""},"max_reverse_bias":{"value":-0.2,"unit":""},"max_forward_bias":{"value":3,"unit":""},"num_sweep_points":{"value":90,"unit":""},"dwell_time":{"value":10,"unit":""},"current_limit":{"value":-10,"unit":""},"pviv_10a_i_amp":{"value":0,"unit":""},"average":{"value":1,"unit":""},"dark_current":{"value":0,"unit":""},"rshunt_v_lo":{"value":-0.6,"unit":""},"rshunt_v_hi":{"value":-0.1,"unit":""},"voc":{"value":0.91775336,"unit":"V"},"isc":{"value":0.00217754,"unit":"A"},"jsc":{"value":21.77535222,"unit":"mA\/cm2"},"imax":{"value":0.00166065,"unit":"A"},"vmax":{"value":0.73592462,"unit":"V"},"pmax":{"value":1.22211343,"unit":"mW"},"fill_factor":{"value":61.1534,"unit":"%"},"efficiency":{"value":12.2211,"unit":"%"},"r_at_voc":{"value":31.186917,"unit":""},"r_at_isc":{"value":2606.137,"unit":""},"power":{"value":0.00167922,"unit":"W"},"rshunt":{"value":"NaN","unit":"ohm"},"cell_temp_start":{"value":"NaN","unit":""},"cell_temp_end":{"value":"NaN","unit":""},"exposure":{"value":12.225,"unit":""},"time":{"value":"19:28:40","unit":""},"date":{"value":"06\/06\/2021","unit":""},"V":{"value":[3,2.964,2.928,2.892,2.856,2.82,2.7845,2.7485,2.7125,2.6765,2.6405,2.6045,2.5685,2.5325,2.4965,2.4605,2.4245,2.389,2.353,2.317,2.281,2.245,2.209,2.173,2.137,2.101,2.065,2.029,1.9935,1.9575,1.9215,1.8855,1.8495,1.8135,1.7775,1.7415,1.7055,1.6695,1.6335,1.598,1.562,1.526,1.49,1.454,1.418,1.382,1.346,1.31,1.274,1.238,1.202,1.1665,1.1305,1.0945,1.0585,1.0225,0.9865,0.9505,0.9145,0.8785,0.8425,0.8065,0.771,0.735,0.699,0.663,0.627,0.591,0.555,0.519,0.483,0.447,0.411,0.3755,0.3395,0.3035,0.2675,0.2315,0.1955,0.1595,0.1235,0.0875,0.0515,0.0155,-0.02,-0.056,-0.092,-0.128,-0.164,-0.2],"unit":"V"},"I":{"value":[-0.00885546,-0.01000022,-0.01000008,-0.01000003,-0.01000004,-0.01000003,-0.01000004,-0.01000003,-0.01000004,-0.01000004,-0.01000004,-0.01000001,-0.01000005,-0.01000005,-0.00808404,-0.01000137,-0.01000055,-0.01000019,-0.01000059,-0.00833995,-0.00999993,-0.0100007,-0.00999995,-0.01000002,-0.01000008,-0.01000005,-0.01000005,-0.01000005,-0.01000004,-0.01000005,-0.01000003,-0.01000003,-0.01000004,-0.01000004,-0.01000004,-0.01000005,-0.01000009,-0.01000004,-0.01000005,-0.01000004,-0.01000003,-0.01000004,-0.01000003,-0.01000004,-0.01000004,-0.01000004,-0.0098433,-0.00942235,-0.00887142,-0.00832693,-0.00748049,-0.00648183,-0.00542202,-0.0043279,-0.00310287,-0.00191036,-0.0012228,-0.00105001,0.00010432,0.00093544,0.00122521,0.00144208,0.00155391,0.00167157,0.00170976,0.00177468,0.0018202,0.00184946,0.00188804,0.00191001,0.00194277,0.00196702,0.00199233,0.00201798,0.00203433,0.00205803,0.00207296,0.00208725,0.00210157,0.00211683,0.0021332,0.00214723,0.00216095,0.00217412,0.00218364,0.00219486,0.00220987,0.00221677,0.00225086,0.00287291],"unit":"A"},"J":{"unit":"A\/cm2","value":[-0.0885546,-0.1000022,-0.10000079999999999,-0.1000003,-0.10000039999999999,-0.1000003,-0.10000039999999999,-0.1000003,-0.10000039999999999,-0.10000039999999999,-0.10000039999999999,-0.1000001,-0.10000049999999999,-0.10000049999999999,-0.0808404,-0.1000137,-0.1000055,-0.1000019,-0.1000059,-0.0833995,-0.0999993,-0.10000699999999998,-0.0999995,-0.1000002,-0.10000079999999999,-0.10000049999999999,-0.10000049999999999,-0.10000049999999999,-0.10000039999999999,-0.10000049999999999,-0.1000003,-0.1000003,-0.10000039999999999,-0.10000039999999999,-0.10000039999999999,-0.10000049999999999,-0.10000089999999999,-0.10000039999999999,-0.10000049999999999,-0.10000039999999999,-0.1000003,-0.10000039999999999,-0.1000003,-0.10000039999999999,-0.10000039999999999,-0.10000039999999999,-0.09843299999999999,-0.09422349999999999,-0.0887142,-0.08326929999999999,-0.0748049,-0.0648183,-0.054220199999999996,-0.043279,-0.0310287,-0.0191036,-0.012228,-0.0105001,0.0010432,0.009354399999999999,0.0122521,0.014420800000000001,0.015539099999999998,0.0167157,0.0170976,0.0177468,0.018202,0.0184946,0.0188804,0.0191001,0.0194277,0.0196702,0.019923299999999998,0.020179799999999998,0.020343299999999998,0.0205803,0.020729599999999997,0.0208725,0.0210157,0.0211683,0.021332,0.0214723,0.0216095,0.0217412,0.0218364,0.0219486,0.0220987,0.0221677,0.022508599999999997,0.028729099999999997]},"cell_dimension":{"value":0.1,"unit":"cm2"},"sweep_direction":{"unit":"","value":"Reverse"},"key":"Reverse3.6R CFM+MACl 15mg anti 19s_210606"},{"sample_area":{"value":0.1,"unit":"cm2"},"irradiance":{"value":1,"unit":""},"pre_sweep_delay":{"value":5,"unit":""},"bias_direction":{"value":0,"unit":""},"max_reverse_bias":{"value":-0.2,"unit":""},"max_forward_bias":{"value":3,"unit":""},"num_sweep_points":{"value":90,"unit":""},"dwell_time":{"value":10,"unit":""},"current_limit":{"value":-10,"unit":""},"pviv_10a_i_amp":{"value":0,"unit":""},"average":{"value":1,"unit":""},"dark_current":{"value":0,"unit":""},"rshunt_v_lo":{"value":-0.6,"unit":""},"rshunt_v_hi":{"value":-0.1,"unit":""},"voc":{"value":0.96568291,"unit":"V"},"isc":{"value":0.00212182,"unit":"A"},"jsc":{"value":21.21815912,"unit":"mA\/cm2"},"imax":{"value":0.001832,"unit":"A"},"vmax":{"value":0.75416885,"unit":"V"},"pmax":{"value":1.38163756,"unit":"mW"},"fill_factor":{"value":67.4298,"unit":"%"},"efficiency":{"value":13.8164,"unit":"%"},"r_at_voc":{"value":61.720214,"unit":""},"r_at_isc":{"value":15092.038,"unit":""},"power":{"value":0.0018029,"unit":"W"},"rshunt":{"value":"NaN","unit":"ohm"},"cell_temp_start":{"value":"NaN","unit":""},"cell_temp_end":{"value":"NaN","unit":""},"exposure":{"value":11.826,"unit":""},"time":{"value":"19:28:20","unit":""},"date":{"value":"06\/06\/2021","unit":""},"V":{"value":[3,2.964,2.928,2.892,2.856,2.82,2.7845,2.7485,2.7125,2.6765,2.6405,2.6045,2.5685,2.5325,2.4965,2.4605,2.4245,2.389,2.353,2.317,2.281,2.245,2.209,2.173,2.137,2.101,2.065,2.029,1.9935,1.9575,1.9215,1.8855,1.8495,1.8135,1.7775,1.7415,1.7055,1.6695,1.6335,1.598,1.562,1.526,1.49,1.454,1.418,1.382,1.346,1.31,1.274,1.238,1.202,1.1665,1.1305,1.0945,1.0585,1.0225,0.9865,0.9505,0.9145,0.8785,0.8425,0.8065,0.771,0.735,0.699,0.663,0.627,0.591,0.555,0.519,0.483,0.447,0.411,0.3755,0.3395,0.3035,0.2675,0.2315,0.1955,0.1595,0.1235,0.0875,0.0515,0.0155,-0.02,-0.056,-0.092,-0.128,-0.164,-0.2],"unit":"V"},"I":{"value":[-0.01000028,-0.01000005,-0.01000004,-0.01000004,-0.01000004,-0.01000004,-0.01000004,-0.01000004,-0.01000003,-0.01000003,-0.01000004,-0.01000003,-0.01000003,-0.01000003,-0.01000003,-0.01000003,-0.01000003,-0.01000003,-0.01000002,-0.01000003,-0.01000003,-0.01000003,-0.01000003,-0.01000002,-0.01000003,-0.01000003,-0.01000003,-0.01000004,-0.01000003,-0.01000002,-0.01000003,-0.01000004,-0.01000004,-0.01000002,-0.01000004,-0.01000004,-0.01000003,-0.01000004,-0.01000004,-0.01000003,-0.01000003,-0.01000003,-0.00996667,-0.00941466,-0.00878712,-0.00812467,-0.00743801,-0.00672311,-0.00599922,-0.00526759,-0.00452501,-0.00380261,-0.00306543,-0.00234401,-0.00164133,-0.00097893,-0.00033728,0.000246,0.00075536,0.00114131,0.00144777,0.00165607,0.00178662,0.00187434,0.001933,0.00197518,0.00200473,0.00202639,0.0020436,0.0020557,0.00206675,0.00207521,0.00208233,0.0020888,0.00209339,0.00209696,0.00210058,0.00210518,0.00210841,0.00211133,0.00211532,0.00211876,0.00212113,0.0021214,0.00212355,0.00212711,0.00212827,0.00212901,0.00213121,0.00213288],"unit":"A"},"J":{"unit":"A\/cm2","value":[-0.1000028,-0.10000049999999999,-0.10000039999999999,-0.10000039999999999,-0.10000039999999999,-0.10000039999999999,-0.10000039999999999,-0.10000039999999999,-0.1000003,-0.1000003,-0.10000039999999999,-0.1000003,-0.1000003,-0.1000003,-0.1000003,-0.1000003,-0.1000003,-0.1000003,-0.1000002,-0.1000003,-0.1000003,-0.1000003,-0.1000003,-0.1000002,-0.1000003,-0.1000003,-0.1000003,-0.10000039999999999,-0.1000003,-0.1000002,-0.1000003,-0.10000039999999999,-0.10000039999999999,-0.1000002,-0.10000039999999999,-0.10000039999999999,-0.1000003,-0.10000039999999999,-0.10000039999999999,-0.1000003,-0.1000003,-0.1000003,-0.0996667,-0.0941466,-0.0878712,-0.0812467,-0.07438009999999999,-0.0672311,-0.0599922,-0.0526759,-0.0452501,-0.0380261,-0.0306543,-0.0234401,-0.0164133,-0.009789299999999999,-0.0033728,0.00246,0.007553599999999999,0.011413099999999999,0.014477699999999998,0.016560699999999998,0.0178662,0.018743399999999997,0.01933,0.0197518,0.0200473,0.020263899999999998,0.020436,0.020557,0.0206675,0.0207521,0.020823299999999996,0.020888,0.0209339,0.0209696,0.021005799999999998,0.0210518,0.021084099999999998,0.021113299999999998,0.021153199999999997,0.021187599999999997,0.0212113,0.021213999999999997,0.0212355,0.0212711,0.021282699999999998,0.0212901,0.0213121,0.021328800000000002]},"cell_dimension":{"value":0.1,"unit":"cm2"},"sweep_direction":{"unit":"","value":"Reverse"},"key":"Reverse3.5R CFM+MACl 15mg anti 19s_210606"},{"sample_area":{"value":0.1,"unit":"cm2"},"irradiance":{"value":1,"unit":""},"pre_sweep_delay":{"value":5,"unit":""},"bias_direction":{"value":0,"unit":""},"max_reverse_bias":{"value":-0.2,"unit":""},"max_forward_bias":{"value":3,"unit":""},"num_sweep_points":{"value":90,"unit":""},"dwell_time":{"value":10,"unit":""},"current_limit":{"value":-10,"unit":""},"pviv_10a_i_amp":{"value":0,"unit":""},"average":{"value":1,"unit":""},"dark_current":{"value":0,"unit":""},"rshunt_v_lo":{"value":-0.6,"unit":""},"rshunt_v_hi":{"value":-0.1,"unit":""},"voc":{"value":0.96748443,"unit":"V"},"isc":{"value":0.00212338,"unit":"A"},"jsc":{"value":21.23376667,"unit":"mA\/cm2"},"imax":{"value":0.00183747,"unit":"A"},"vmax":{"value":0.76148316,"unit":"V"},"pmax":{"value":1.39920215,"unit":"mW"},"fill_factor":{"value":68.1098,"unit":"%"},"efficiency":{"value":13.992,"unit":"%"},"r_at_voc":{"value":61.908761,"unit":""},"r_at_isc":{"value":15745.224,"unit":""},"power":{"value":0.00181245,"unit":"W"},"rshunt":{"value":"NaN","unit":"ohm"},"cell_temp_start":{"value":"NaN","unit":""},"cell_temp_end":{"value":"NaN","unit":""},"exposure":{"value":11.831,"unit":""},"time":{"value":"19:28:07","unit":""},"date":{"value":"06\/06\/2021","unit":""},"V":{"value":[3,2.964,2.928,2.892,2.856,2.82,2.7845,2.7485,2.7125,2.6765,2.6405,2.6045,2.5685,2.5325,2.4965,2.4605,2.4245,2.389,2.353,2.317,2.281,2.245,2.209,2.173,2.137,2.101,2.065,2.029,1.9935,1.9575,1.9215,1.8855,1.8495,1.8135,1.7775,1.7415,1.7055,1.6695,1.6335,1.598,1.562,1.526,1.49,1.454,1.418,1.382,1.346,1.31,1.274,1.238,1.202,1.1665,1.1305,1.0945,1.0585,1.0225,0.9865,0.9505,0.9145,0.8785,0.8425,0.8065,0.771,0.735,0.699,0.663,0.627,0.591,0.555,0.519,0.483,0.447,0.411,0.3755,0.3395,0.3035,0.2675,0.2315,0.1955,0.1595,0.1235,0.0875,0.0515,0.0155,-0.02,-0.056,-0.092,-0.128,-0.164,-0.2],"unit":"V"},"I":{"value":[-0.01000034,-0.01000007,-0.01000005,-0.01000005,-0.01000004,-0.01000004,-0.01000003,-0.01000004,-0.01000004,-0.01000004,-0.01000004,-0.01000003,-0.01000004,-0.01000003,-0.01000004,-0.01000004,-0.01000004,-0.01000003,-0.01000003,-0.01000004,-0.01000004,-0.01000004,-0.01000004,-0.01000004,-0.01000004,-0.01000004,-0.01000004,-0.01000003,-0.01000004,-0.01000004,-0.01000004,-0.01000003,-0.01000003,-0.01000004,-0.01000004,-0.01000003,-0.01000004,-0.01000004,-0.01000004,-0.01000004,-0.01000004,-0.01000004,-0.00970434,-0.00915717,-0.00854535,-0.00790388,-0.00723469,-0.00654479,-0.00584278,-0.00513779,-0.00441758,-0.00371398,-0.00299216,-0.00228456,-0.00159551,-0.00094272,-0.00030715,0.00027435,0.00078633,0.00117708,0.001485,0.00168951,0.00181261,0.00189271,0.00194459,0.00198285,0.00200837,0.00202928,0.0020454,0.00205967,0.00206852,0.00207755,0.00208282,0.00208999,0.0020955,0.0021011,0.00210502,0.00210899,0.00211116,0.00211188,0.00211682,0.00211931,0.00212043,0.00212169,0.00212528,0.00212708,0.00212967,0.00213115,0.00213319,0.00213561],"unit":"A"},"J":{"unit":"A\/cm2","value":[-0.10000339999999999,-0.1000007,-0.10000049999999999,-0.10000049999999999,-0.10000039999999999,-0.10000039999999999,-0.1000003,-0.10000039999999999,-0.10000039999999999,-0.10000039999999999,-0.10000039999999999,-0.1000003,-0.10000039999999999,-0.1000003,-0.10000039999999999,-0.10000039999999999,-0.10000039999999999,-0.1000003,-0.1000003,-0.10000039999999999,-0.10000039999999999,-0.10000039999999999,-0.10000039999999999,-0.10000039999999999,-0.10000039999999999,-0.10000039999999999,-0.10000039999999999,-0.1000003,-0.10000039999999999,-0.10000039999999999,-0.10000039999999999,-0.1000003,-0.1000003,-0.10000039999999999,-0.10000039999999999,-0.1000003,-0.10000039999999999,-0.10000039999999999,-0.10000039999999999,-0.10000039999999999,-0.10000039999999999,-0.10000039999999999,-0.0970434,-0.09157169999999999,-0.0854535,-0.07903879999999999,-0.07234689999999999,-0.06544789999999999,-0.058427799999999995,-0.0513779,-0.044175799999999994,-0.0371398,-0.029921599999999996,-0.0228456,-0.0159551,-0.009427199999999998,-0.0030715,0.0027434999999999994,0.0078633,0.0117708,0.014849999999999999,0.0168951,0.0181261,0.0189271,0.0194459,0.0198285,0.0200837,0.0202928,0.020454,0.0205967,0.020685199999999997,0.0207755,0.020828199999999998,0.0208999,0.020955,0.021011,0.021050199999999998,0.021089899999999998,0.021111599999999998,0.0211188,0.0211682,0.0211931,0.0212043,0.021216899999999997,0.021252799999999995,0.0212708,0.021296700000000002,0.0213115,0.0213319,0.0213561]},"cell_dimension":{"value":0.1,"unit":"cm2"},"sweep_direction":{"unit":"","value":"Reverse"},"key":"Reverse3.4R CFM+MACl 15mg anti 19s_210606"},{"sample_area":{"value":0.1,"unit":"cm2"},"irradiance":{"value":1,"unit":""},"pre_sweep_delay":{"value":5,"unit":""},"bias_direction":{"value":0,"unit":""},"max_reverse_bias":{"value":-0.2,"unit":""},"max_forward_bias":{"value":3,"unit":""},"num_sweep_points":{"value":90,"unit":""},"dwell_time":{"value":10,"unit":""},"current_limit":{"value":-10,"unit":""},"pviv_10a_i_amp":{"value":0,"unit":""},"average":{"value":1,"unit":""},"dark_current":{"value":0,"unit":""},"rshunt_v_lo":{"value":-0.6,"unit":""},"rshunt_v_hi":{"value":-0.1,"unit":""},"voc":{"value":0.96934145,"unit":"V"},"isc":{"value":0.00212468,"unit":"A"},"jsc":{"value":21.24676237,"unit":"mA\/cm2"},"imax":{"value":0.00185406,"unit":"A"},"vmax":{"value":0.76844709,"unit":"V"},"pmax":{"value":1.42474598,"unit":"mW"},"fill_factor":{"value":69.178,"unit":"%"},"efficiency":{"value":14.2475,"unit":"%"},"r_at_voc":{"value":61.740273,"unit":""},"r_at_isc":{"value":15017.347,"unit":""},"power":{"value":0.00182511,"unit":"W"},"rshunt":{"value":"NaN","unit":"ohm"},"cell_temp_start":{"value":"NaN","unit":""},"cell_temp_end":{"value":"NaN","unit":""},"exposure":{"value":11.822,"unit":""},"time":{"value":"19:27:54","unit":""},"date":{"value":"06\/06\/2021","unit":""},"V":{"value":[3,2.964,2.928,2.892,2.856,2.82,2.7845,2.7485,2.7125,2.6765,2.6405,2.6045,2.5685,2.5325,2.4965,2.4605,2.4245,2.389,2.353,2.317,2.281,2.245,2.209,2.173,2.137,2.101,2.065,2.029,1.9935,1.9575,1.9215,1.8855,1.8495,1.8135,1.7775,1.7415,1.7055,1.6695,1.6335,1.598,1.562,1.526,1.49,1.454,1.418,1.382,1.346,1.31,1.274,1.238,1.202,1.1665,1.1305,1.0945,1.0585,1.0225,0.9865,0.9505,0.9145,0.8785,0.8425,0.8065,0.771,0.735,0.699,0.663,0.627,0.591,0.555,0.519,0.483,0.447,0.411,0.3755,0.3395,0.3035,0.2675,0.2315,0.1955,0.1595,0.1235,0.0875,0.0515,0.0155,-0.02,-0.056,-0.092,-0.128,-0.164,-0.2],"unit":"V"},"I":{"value":[-0.00977521,-0.01000008,-0.01000006,-0.01000004,-0.01000005,-0.01000004,-0.01000004,-0.01000003,-0.01000004,-0.01000005,-0.01000004,-0.01000004,-0.01000004,-0.01000003,-0.01000004,-0.01000003,-0.01000003,-0.01000004,-0.01000004,-0.01000004,-0.01000005,-0.01000003,-0.01000004,-0.01000003,-0.01000004,-0.01000005,-0.01000004,-0.01000004,-0.01000004,-0.01000004,-0.01000003,-0.01000003,-0.01000004,-0.01000003,-0.01000003,-0.01000004,-0.01000004,-0.01000004,-0.01000004,-0.01000004,-0.01000003,-0.00979697,-0.00937205,-0.00886838,-0.00830898,-0.00771129,-0.00708226,-0.00642034,-0.00574016,-0.00505018,-0.00434428,-0.00365391,-0.0029436,-0.00224626,-0.00156253,-0.00091176,-0.00027791,0.00030517,0.00082224,0.00121943,0.00152998,0.00173168,0.00184783,0.0019192,0.00196582,0.00199811,0.0020213,0.00203859,0.00205359,0.00206525,0.00207459,0.00208072,0.00208744,0.00209151,0.00209626,0.00209919,0.00210507,0.00210866,0.002111,0.0021141,0.00211792,0.00212013,0.00212248,0.00212417,0.00212726,0.00212865,0.00213002,0.00213212,0.00213506,0.0021374],"unit":"A"},"J":{"unit":"A\/cm2","value":[-0.0977521,-0.10000079999999999,-0.1000006,-0.10000039999999999,-0.10000049999999999,-0.10000039999999999,-0.10000039999999999,-0.1000003,-0.10000039999999999,-0.10000049999999999,-0.10000039999999999,-0.10000039999999999,-0.10000039999999999,-0.1000003,-0.10000039999999999,-0.1000003,-0.1000003,-0.10000039999999999,-0.10000039999999999,-0.10000039999999999,-0.10000049999999999,-0.1000003,-0.10000039999999999,-0.1000003,-0.10000039999999999,-0.10000049999999999,-0.10000039999999999,-0.10000039999999999,-0.10000039999999999,-0.10000039999999999,-0.1000003,-0.1000003,-0.10000039999999999,-0.1000003,-0.1000003,-0.10000039999999999,-0.10000039999999999,-0.10000039999999999,-0.10000039999999999,-0.10000039999999999,-0.1000003,-0.09796969999999999,-0.0937205,-0.0886838,-0.0830898,-0.0771129,-0.0708226,-0.0642034,-0.0574016,-0.05050179999999999,-0.0434428,-0.0365391,-0.029436,-0.0224626,-0.015625299999999998,-0.009117599999999998,-0.0027790999999999996,0.0030517,0.0082224,0.0121943,0.015299799999999999,0.0173168,0.0184783,0.019192,0.0196582,0.019981099999999998,0.020213000000000002,0.0203859,0.0205359,0.020652499999999997,0.020745899999999998,0.020807199999999998,0.020874399999999998,0.0209151,0.020962599999999998,0.020991899999999997,0.0210507,0.0210866,0.02111,0.021140999999999997,0.0211792,0.0212013,0.0212248,0.0212417,0.0212726,0.0212865,0.0213002,0.0213212,0.021350599999999997,0.021373999999999997]},"cell_dimension":{"value":0.1,"unit":"cm2"},"sweep_direction":{"unit":"","value":"Reverse"},"key":"Reverse3.3R CFM+MACl 15mg anti 19s_210606"},{"sample_area":{"value":0.1,"unit":"cm2"},"irradiance":{"value":1,"unit":""},"pre_sweep_delay":{"value":5,"unit":""},"bias_direction":{"value":0,"unit":""},"max_reverse_bias":{"value":-0.2,"unit":""},"max_forward_bias":{"value":3,"unit":""},"num_sweep_points":{"value":90,"unit":""},"dwell_time":{"value":10,"unit":""},"current_limit":{"value":-10,"unit":""},"pviv_10a_i_amp":{"value":0,"unit":""},"average":{"value":1,"unit":""},"dark_current":{"value":0,"unit":""},"rshunt_v_lo":{"value":-0.6,"unit":""},"rshunt_v_hi":{"value":-0.1,"unit":""},"voc":{"value":0.9708105,"unit":"V"},"isc":{"value":0.00212675,"unit":"A"},"jsc":{"value":21.2674727,"unit":"mA\/cm2"},"imax":{"value":0.00188214,"unit":"A"},"vmax":{"value":0.77321171,"unit":"V"},"pmax":{"value":1.45528934,"unit":"mW"},"fill_factor":{"value":70.4854,"unit":"%"},"efficiency":{"value":14.5529,"unit":"%"},"r_at_voc":{"value":62.221774,"unit":""},"r_at_isc":{"value":17676.06,"unit":""},"power":{"value":0.00183859,"unit":"W"},"rshunt":{"value":"NaN","unit":"ohm"},"cell_temp_start":{"value":"NaN","unit":""},"cell_temp_end":{"value":"NaN","unit":""},"exposure":{"value":11.824,"unit":""},"time":{"value":"19:27:41","unit":""},"date":{"value":"06\/06\/2021","unit":""},"V":{"value":[3,2.964,2.928,2.892,2.856,2.82,2.7845,2.7485,2.7125,2.6765,2.6405,2.6045,2.5685,2.5325,2.4965,2.4605,2.4245,2.389,2.353,2.317,2.281,2.245,2.209,2.173,2.137,2.101,2.065,2.029,1.9935,1.9575,1.9215,1.8855,1.8495,1.8135,1.7775,1.7415,1.7055,1.6695,1.6335,1.598,1.562,1.526,1.49,1.454,1.418,1.382,1.346,1.31,1.274,1.238,1.202,1.1665,1.1305,1.0945,1.0585,1.0225,0.9865,0.9505,0.9145,0.8785,0.8425,0.8065,0.771,0.735,0.699,0.663,0.627,0.591,0.555,0.519,0.483,0.447,0.411,0.3755,0.3395,0.3035,0.2675,0.2315,0.1955,0.1595,0.1235,0.0875,0.0515,0.0155,-0.02,-0.056,-0.092,-0.128,-0.164,-0.2],"unit":"V"},"I":{"value":[-0.00618246,-0.01000013,-0.01000007,-0.01000004,-0.01000006,-0.01000004,-0.01000004,-0.01000004,-0.01000004,-0.01000004,-0.01000004,-0.01000003,-0.01000004,-0.01000003,-0.01000004,-0.01000004,-0.01000004,-0.01000003,-0.01000003,-0.01000004,-0.01000005,-0.01000003,-0.01000003,-0.01000004,-0.01000004,-0.01000004,-0.01000004,-0.01000004,-0.01000004,-0.01000003,-0.01000003,-0.01000004,-0.01000005,-0.01000004,-0.01000004,-0.01000004,-0.01000004,-0.01000004,-0.0099705,-0.0097425,-0.00942088,-0.00904493,-0.0086323,-0.00818098,-0.00768857,-0.00717347,-0.00662172,-0.00603204,-0.00542284,-0.00479093,-0.00413878,-0.00349412,-0.0028248,-0.00216112,-0.00150433,-0.00087299,-0.00025215,0.00032642,0.00084577,0.00125287,0.00157079,0.0017742,0.00188693,0.00195203,0.0019892,0.00201698,0.00203598,0.00205072,0.00206224,0.00207224,0.00207881,0.00208588,0.0020921,0.00209638,0.00210034,0.00210397,0.00210841,0.00211213,0.00211752,0.00211901,0.00212027,0.00212312,0.0021242,0.00212673,0.00212853,0.00213056,0.00213222,0.00213294,0.00213546,0.00213665],"unit":"A"},"J":{"unit":"A\/cm2","value":[-0.06182459999999999,-0.10000129999999999,-0.1000007,-0.10000039999999999,-0.1000006,-0.10000039999999999,-0.10000039999999999,-0.10000039999999999,-0.10000039999999999,-0.10000039999999999,-0.10000039999999999,-0.1000003,-0.10000039999999999,-0.1000003,-0.10000039999999999,-0.10000039999999999,-0.10000039999999999,-0.1000003,-0.1000003,-0.10000039999999999,-0.10000049999999999,-0.1000003,-0.1000003,-0.10000039999999999,-0.10000039999999999,-0.10000039999999999,-0.10000039999999999,-0.10000039999999999,-0.10000039999999999,-0.1000003,-0.1000003,-0.10000039999999999,-0.10000049999999999,-0.10000039999999999,-0.10000039999999999,-0.10000039999999999,-0.10000039999999999,-0.10000039999999999,-0.099705,-0.09742499999999998,-0.0942088,-0.0904493,-0.086323,-0.08180979999999999,-0.07688569999999999,-0.0717347,-0.0662172,-0.060320399999999996,-0.054228399999999996,-0.047909299999999995,-0.041387799999999995,-0.0349412,-0.028248,-0.021611199999999997,-0.015043299999999999,-0.0087299,-0.0025214999999999994,0.0032642,0.0084577,0.012528699999999999,0.0157079,0.017742,0.0188693,0.019520299999999997,0.019892,0.020169799999999998,0.0203598,0.020507199999999996,0.0206224,0.0207224,0.020788099999999997,0.0208588,0.020921,0.0209638,0.0210034,0.0210397,0.021084099999999998,0.021121299999999996,0.021175199999999998,0.0211901,0.021202699999999998,0.0212312,0.021242,0.021267299999999996,0.0212853,0.0213056,0.0213222,0.0213294,0.021354599999999998,0.021366499999999997]},"cell_dimension":{"value":0.1,"unit":"cm2"},"sweep_direction":{"unit":"","value":"Reverse"},"key":"Reverse3.2R CFM+MACl 15mg anti 19s_210606"},{"sample_area":{"value":0.1,"unit":"cm2"},"irradiance":{"value":1,"unit":""},"pre_sweep_delay":{"value":5,"unit":""},"bias_direction":{"value":0,"unit":""},"max_reverse_bias":{"value":-0.2,"unit":""},"max_forward_bias":{"value":3,"unit":""},"num_sweep_points":{"value":90,"unit":""},"dwell_time":{"value":10,"unit":""},"current_limit":{"value":-10,"unit":""},"pviv_10a_i_amp":{"value":0,"unit":""},"average":{"value":1,"unit":""},"dark_current":{"value":0,"unit":""},"rshunt_v_lo":{"value":-0.6,"unit":""},"rshunt_v_hi":{"value":-0.1,"unit":""},"voc":{"value":0.96055532,"unit":"V"},"isc":{"value":0.00213061,"unit":"A"},"jsc":{"value":21.30606714,"unit":"mA\/cm2"},"imax":{"value":0.0019256,"unit":"A"},"vmax":{"value":0.74472432,"unit":"V"},"pmax":{"value":1.43404238,"unit":"mW"},"fill_factor":{"value":70.0707,"unit":"%"},"efficiency":{"value":14.3404,"unit":"%"},"r_at_voc":{"value":74.469698,"unit":""},"r_at_isc":{"value":17523.672,"unit":""},"power":{"value":0.0018075,"unit":"W"},"rshunt":{"value":"NaN","unit":"ohm"},"cell_temp_start":{"value":"NaN","unit":""},"cell_temp_end":{"value":"NaN","unit":""},"exposure":{"value":11.827,"unit":""},"time":{"value":"19:27:28","unit":""},"date":{"value":"06\/06\/2021","unit":""},"V":{"value":[3,2.964,2.928,2.892,2.856,2.82,2.7845,2.7485,2.7125,2.6765,2.6405,2.6045,2.5685,2.5325,2.4965,2.4605,2.4245,2.389,2.353,2.317,2.281,2.245,2.209,2.173,2.137,2.101,2.065,2.029,1.9935,1.9575,1.9215,1.8855,1.8495,1.8135,1.7775,1.7415,1.7055,1.6695,1.6335,1.598,1.562,1.526,1.49,1.454,1.418,1.382,1.346,1.31,1.274,1.238,1.202,1.1665,1.1305,1.0945,1.0585,1.0225,0.9865,0.9505,0.9145,0.8785,0.8425,0.8065,0.771,0.735,0.699,0.663,0.627,0.591,0.555,0.519,0.483,0.447,0.411,0.3755,0.3395,0.3035,0.2675,0.2315,0.1955,0.1595,0.1235,0.0875,0.0515,0.0155,-0.02,-0.056,-0.092,-0.128,-0.164,-0.2],"unit":"V"},"I":{"value":[-0.00233836,-0.00286845,-0.00384161,-0.00503968,-0.00642384,-0.00795308,-0.00911847,-0.01000009,-0.01000004,-0.01000004,-0.01000005,-0.01000004,-0.01000004,-0.01000004,-0.01000004,-0.01000004,-0.01000004,-0.01000003,-0.01000004,-0.01000004,-0.01000004,-0.01000004,-0.01000004,-0.01000004,-0.01000004,-0.01000003,-0.01000003,-0.009894,-0.00972377,-0.00949822,-0.00924058,-0.00896214,-0.00868915,-0.00840703,-0.00812074,-0.00783379,-0.00754859,-0.00727108,-0.00699518,-0.00672068,-0.00644806,-0.00617194,-0.00589471,-0.00561775,-0.00533315,-0.00503784,-0.00472666,-0.00439373,-0.00403883,-0.00365291,-0.00322557,-0.00278284,-0.00231124,-0.00182399,-0.00132919,-0.00084419,-0.00034839,0.00013503,0.00059976,0.00102096,0.0013696,0.00165286,0.00183953,0.00194909,0.00200421,0.00203428,0.00205278,0.00206545,0.00207368,0.00208252,0.0020882,0.00209366,0.0020978,0.00210231,0.00210581,0.00210983,0.00211395,0.00211679,0.00211978,0.00212125,0.00212509,0.00212616,0.00212766,0.00213019,0.00213264,0.00213379,0.0021351,0.00213845,0.00214009,0.00214061],"unit":"A"},"J":{"unit":"A\/cm2","value":[-0.023383599999999997,-0.028684499999999998,-0.0384161,-0.0503968,-0.0642384,-0.07953079999999998,-0.0911847,-0.10000089999999999,-0.10000039999999999,-0.10000039999999999,-0.10000049999999999,-0.10000039999999999,-0.10000039999999999,-0.10000039999999999,-0.10000039999999999,-0.10000039999999999,-0.10000039999999999,-0.1000003,-0.10000039999999999,-0.10000039999999999,-0.10000039999999999,-0.10000039999999999,-0.10000039999999999,-0.10000039999999999,-0.10000039999999999,-0.1000003,-0.1000003,-0.09894,-0.0972377,-0.09498219999999999,-0.0924058,-0.0896214,-0.0868915,-0.08407029999999999,-0.08120739999999999,-0.0783379,-0.0754859,-0.07271079999999999,-0.0699518,-0.0672068,-0.0644806,-0.061719399999999994,-0.058947099999999995,-0.0561775,-0.0533315,-0.0503784,-0.04726659999999999,-0.0439373,-0.0403883,-0.0365291,-0.0322557,-0.0278284,-0.023112399999999998,-0.0182399,-0.0132919,-0.008441899999999999,-0.0034839,0.0013503,0.0059976,0.0102096,0.013695999999999998,0.016528599999999997,0.0183953,0.0194909,0.0200421,0.020342799999999998,0.0205278,0.0206545,0.0207368,0.0208252,0.020882,0.020936599999999996,0.020977999999999997,0.0210231,0.0210581,0.0210983,0.0211395,0.021167899999999996,0.0211978,0.0212125,0.0212509,0.021261600000000002,0.0212766,0.0213019,0.0213264,0.0213379,0.021351,0.0213845,0.021400899999999997,0.021406099999999997]},"cell_dimension":{"value":0.1,"unit":"cm2"},"sweep_direction":{"unit":"","value":"Reverse"},"key":"Reverse3.1R CFM+MACl 15mg anti 19s_210606"},{"sample_area":{"value":0.1,"unit":"cm2"},"irradiance":{"value":1,"unit":""},"pre_sweep_delay":{"value":5,"unit":""},"bias_direction":{"value":0,"unit":""},"max_reverse_bias":{"value":-0.2,"unit":""},"max_forward_bias":{"value":3,"unit":""},"num_sweep_points":{"value":90,"unit":""},"dwell_time":{"value":10,"unit":""},"current_limit":{"value":-10,"unit":""},"pviv_10a_i_amp":{"value":0,"unit":""},"average":{"value":1,"unit":""},"dark_current":{"value":0,"unit":""},"rshunt_v_lo":{"value":-0.6,"unit":""},"rshunt_v_hi":{"value":-0.1,"unit":""},"voc":{"value":0.3016072,"unit":"V"},"isc":{"value":0.00205109,"unit":"A"},"jsc":{"value":20.51093667,"unit":"mA\/cm2"},"imax":{"value":0.00112387,"unit":"A"},"vmax":{"value":0.15908998,"unit":"V"},"pmax":{"value":0.17879686,"unit":"mW"},"fill_factor":{"value":28.9023,"unit":"%"},"efficiency":{"value":1.788,"unit":"%"},"r_at_voc":{"value":108.889651,"unit":""},"r_at_isc":{"value":210.198,"unit":""},"power":{"value":0.00034014,"unit":"W"},"rshunt":{"value":"NaN","unit":"ohm"},"cell_temp_start":{"value":"NaN","unit":""},"cell_temp_end":{"value":"NaN","unit":""},"exposure":{"value":12.022,"unit":""},"time":{"value":"19:31:44","unit":""},"date":{"value":"06\/06\/2021","unit":""},"V":{"value":[3,2.964,2.928,2.892,2.856,2.82,2.7845,2.7485,2.7125,2.6765,2.6405,2.6045,2.5685,2.5325,2.4965,2.4605,2.4245,2.389,2.353,2.317,2.281,2.245,2.209,2.173,2.137,2.101,2.065,2.029,1.9935,1.9575,1.9215,1.8855,1.8495,1.8135,1.7775,1.7415,1.7055,1.6695,1.6335,1.598,1.562,1.526,1.49,1.454,1.418,1.382,1.346,1.31,1.274,1.238,1.202,1.1665,1.1305,1.0945,1.0585,1.0225,0.9865,0.9505,0.9145,0.8785,0.8425,0.8065,0.771,0.735,0.699,0.663,0.627,0.591,0.555,0.519,0.483,0.447,0.411,0.3755,0.3395,0.3035,0.2675,0.2315,0.1955,0.1595,0.1235,0.0875,0.0515,0.0155,-0.02,-0.056,-0.092,-0.128,-0.164,-0.2],"unit":"V"},"I":{"value":[-0.01000004,-0.01000003,-0.01000004,-0.01000004,-0.01000003,-0.01000003,-0.00999998,-0.01000003,-0.01000003,-0.01000004,-0.01000003,-0.01000002,-0.01000004,-0.01000002,-0.01000003,-0.01000003,-0.01000004,-0.01000003,-0.01000003,-0.01000003,-0.01000003,-0.01000004,-0.01000004,-0.01000003,-0.01000004,-0.01000004,-0.01000002,-0.01000005,-0.01000004,-0.01000004,-0.01000004,-0.01000004,-0.01000003,-0.01000002,-0.01000003,-0.01000004,-0.01000003,-0.01000003,-0.01000003,-0.01000003,-0.01000004,-0.01000003,-0.01000003,-0.01000004,-0.01000003,-0.01000004,-0.01000004,-0.01000004,-0.01000004,-0.01000005,-0.01000004,-0.01000004,-0.01000003,-0.01000003,-0.01000003,-0.01000004,-0.01000004,-0.01000004,-0.01000005,-0.01000004,-0.01000003,-0.00904727,-0.00781218,-0.00660387,-0.00575511,-0.0049925,-0.00418212,-0.00359126,-0.00303523,-0.0025224,-0.00204649,-0.00161303,-0.00115801,-0.00072597,-0.00036917,-1.738e-5,0.00031323,0.00060006,0.00086666,0.00112098,0.00135503,0.00157426,0.00177691,0.00196972,0.00214624,0.00231751,0.00248382,0.00264018,0.00279155,0.00293545],"unit":"A"},"J":{"unit":"A\/cm2","value":[-0.10000039999999999,-0.1000003,-0.10000039999999999,-0.10000039999999999,-0.1000003,-0.1000003,-0.0999998,-0.1000003,-0.1000003,-0.10000039999999999,-0.1000003,-0.1000002,-0.10000039999999999,-0.1000002,-0.1000003,-0.1000003,-0.10000039999999999,-0.1000003,-0.1000003,-0.1000003,-0.1000003,-0.10000039999999999,-0.10000039999999999,-0.1000003,-0.10000039999999999,-0.10000039999999999,-0.1000002,-0.10000049999999999,-0.10000039999999999,-0.10000039999999999,-0.10000039999999999,-0.10000039999999999,-0.1000003,-0.1000002,-0.1000003,-0.10000039999999999,-0.1000003,-0.1000003,-0.1000003,-0.1000003,-0.10000039999999999,-0.1000003,-0.1000003,-0.10000039999999999,-0.1000003,-0.10000039999999999,-0.10000039999999999,-0.10000039999999999,-0.10000039999999999,-0.10000049999999999,-0.10000039999999999,-0.10000039999999999,-0.1000003,-0.1000003,-0.1000003,-0.10000039999999999,-0.10000039999999999,-0.10000039999999999,-0.10000049999999999,-0.10000039999999999,-0.1000003,-0.09047269999999999,-0.07812179999999999,-0.0660387,-0.057551099999999994,-0.049925000000000004,-0.041821199999999996,-0.0359126,-0.0303523,-0.025224,-0.0204649,-0.0161303,-0.011580099999999998,-0.0072597,-0.0036916999999999996,-0.0001738,0.0031322999999999998,0.0060006,0.0086666,0.011209799999999999,0.013550299999999998,0.0157426,0.0177691,0.019697199999999998,0.0214624,0.0231751,0.024838199999999998,0.026401799999999996,0.027915499999999996,0.0293545]},"cell_dimension":{"value":0.1,"unit":"cm2"},"sweep_direction":{"unit":"","value":"Reverse"},"key":"Reverse3.14R CFM+MACl 15mg anti 19s_210606"},{"sample_area":{"value":0.1,"unit":"cm2"},"irradiance":{"value":1,"unit":""},"pre_sweep_delay":{"value":5,"unit":""},"bias_direction":{"value":0,"unit":""},"max_reverse_bias":{"value":-0.2,"unit":""},"max_forward_bias":{"value":3,"unit":""},"num_sweep_points":{"value":90,"unit":""},"dwell_time":{"value":10,"unit":""},"current_limit":{"value":-10,"unit":""},"pviv_10a_i_amp":{"value":0,"unit":""},"average":{"value":1,"unit":""},"dark_current":{"value":0,"unit":""},"rshunt_v_lo":{"value":-0.6,"unit":""},"rshunt_v_hi":{"value":-0.1,"unit":""},"voc":{"value":0.31751014,"unit":"V"},"isc":{"value":0.00205818,"unit":"A"},"jsc":{"value":20.58178556,"unit":"mA\/cm2"},"imax":{"value":0.00112691,"unit":"A"},"vmax":{"value":0.16859508,"unit":"V"},"pmax":{"value":0.18999199,"unit":"mW"},"fill_factor":{"value":29.0733,"unit":"%"},"efficiency":{"value":1.8999,"unit":"%"},"r_at_voc":{"value":92.829585,"unit":""},"r_at_isc":{"value":223.528,"unit":""},"power":{"value":0.00036195,"unit":"W"},"rshunt":{"value":"NaN","unit":"ohm"},"cell_temp_start":{"value":"NaN","unit":""},"cell_temp_end":{"value":"NaN","unit":""},"exposure":{"value":12.024,"unit":""},"time":{"value":"19:31:31","unit":""},"date":{"value":"06\/06\/2021","unit":""},"V":{"value":[3,2.964,2.928,2.892,2.856,2.82,2.7845,2.7485,2.7125,2.6765,2.6405,2.6045,2.5685,2.5325,2.4965,2.4605,2.4245,2.389,2.353,2.317,2.281,2.245,2.209,2.173,2.137,2.101,2.065,2.029,1.9935,1.9575,1.9215,1.8855,1.8495,1.8135,1.7775,1.7415,1.7055,1.6695,1.6335,1.598,1.562,1.526,1.49,1.454,1.418,1.382,1.346,1.31,1.274,1.238,1.202,1.1665,1.1305,1.0945,1.0585,1.0225,0.9865,0.9505,0.9145,0.8785,0.8425,0.8065,0.771,0.735,0.699,0.663,0.627,0.591,0.555,0.519,0.483,0.447,0.411,0.3755,0.3395,0.3035,0.2675,0.2315,0.1955,0.1595,0.1235,0.0875,0.0515,0.0155,-0.02,-0.056,-0.092,-0.128,-0.164,-0.2],"unit":"V"},"I":{"value":[-0.01000005,-0.01000003,-0.01000004,-0.01000003,-0.01000004,-0.01000004,-0.01000004,-0.01000005,-0.01000005,-0.01000004,-0.01000002,-0.01000003,-0.01000004,-0.01000004,-0.01000004,-0.01000003,-0.01000004,-0.01000005,-0.01000001,-0.01000004,-0.01000004,-0.01000004,-0.01000004,-0.01000003,-0.01000004,-0.01000004,-0.01000004,-0.01000004,-0.01000003,-0.01000004,-0.01000003,-0.01000004,-0.01000004,-0.01000005,-0.01000004,-0.01000004,-0.01000005,-0.01000004,-0.01000005,-0.01000004,-0.01000005,-0.01000003,-0.01000003,-0.01000003,-0.01000005,-0.01000004,-0.01000004,-0.01000003,-0.01000004,-0.01000004,-0.01000004,-0.01000004,-0.01000005,-0.01000004,-0.01000005,-0.01000004,-0.01000004,-0.01000004,-0.01000004,-0.01000004,-0.00932194,-0.00802201,-0.00693371,-0.00601748,-0.0052515,-0.00454902,-0.0038914,-0.00330495,-0.00276048,-0.00226666,-0.00181523,-0.00137119,-0.0009232,-0.00057955,-0.00023688,0.00015092,0.00042958,0.00070081,0.00094605,0.00118759,0.00140744,0.00161372,0.00180417,0.00198207,0.00214765,0.00230871,0.00246718,0.00261756,0.00276237,0.0029026],"unit":"A"},"J":{"unit":"A\/cm2","value":[-0.10000049999999999,-0.1000003,-0.10000039999999999,-0.1000003,-0.10000039999999999,-0.10000039999999999,-0.10000039999999999,-0.10000049999999999,-0.10000049999999999,-0.10000039999999999,-0.1000002,-0.1000003,-0.10000039999999999,-0.10000039999999999,-0.10000039999999999,-0.1000003,-0.10000039999999999,-0.10000049999999999,-0.1000001,-0.10000039999999999,-0.10000039999999999,-0.10000039999999999,-0.10000039999999999,-0.1000003,-0.10000039999999999,-0.10000039999999999,-0.10000039999999999,-0.10000039999999999,-0.1000003,-0.10000039999999999,-0.1000003,-0.10000039999999999,-0.10000039999999999,-0.10000049999999999,-0.10000039999999999,-0.10000039999999999,-0.10000049999999999,-0.10000039999999999,-0.10000049999999999,-0.10000039999999999,-0.10000049999999999,-0.1000003,-0.1000003,-0.1000003,-0.10000049999999999,-0.10000039999999999,-0.10000039999999999,-0.1000003,-0.10000039999999999,-0.10000039999999999,-0.10000039999999999,-0.10000039999999999,-0.10000049999999999,-0.10000039999999999,-0.10000049999999999,-0.10000039999999999,-0.10000039999999999,-0.10000039999999999,-0.10000039999999999,-0.10000039999999999,-0.09321940000000001,-0.08022009999999999,-0.0693371,-0.0601748,-0.052515,-0.045490199999999995,-0.038914,-0.033049499999999996,-0.0276048,-0.022666600000000002,-0.0181523,-0.013711899999999999,-0.009231999999999999,-0.0057954999999999994,-0.0023688,0.0015091999999999998,0.0042958,0.007008099999999999,0.0094605,0.0118759,0.014074399999999999,0.016137199999999997,0.018041699999999997,0.019820699999999997,0.0214765,0.023087099999999996,0.024671799999999997,0.0261756,0.0276237,0.029026]},"cell_dimension":{"value":0.1,"unit":"cm2"},"sweep_direction":{"unit":"","value":"Reverse"},"key":"Reverse3.13R CFM+MACl 15mg anti 19s_210606"},{"sample_area":{"value":0.1,"unit":"cm2"},"irradiance":{"value":1,"unit":""},"pre_sweep_delay":{"value":5,"unit":""},"bias_direction":{"value":0,"unit":""},"max_reverse_bias":{"value":-0.2,"unit":""},"max_forward_bias":{"value":3,"unit":""},"num_sweep_points":{"value":90,"unit":""},"dwell_time":{"value":10,"unit":""},"current_limit":{"value":-10,"unit":""},"pviv_10a_i_amp":{"value":0,"unit":""},"average":{"value":1,"unit":""},"dark_current":{"value":0,"unit":""},"rshunt_v_lo":{"value":-0.6,"unit":""},"rshunt_v_hi":{"value":-0.1,"unit":""},"voc":{"value":0.34802741,"unit":"V"},"isc":{"value":0.00208073,"unit":"A"},"jsc":{"value":20.80730889,"unit":"mA\/cm2"},"imax":{"value":0.00113896,"unit":"A"},"vmax":{"value":0.19038161,"unit":"V"},"pmax":{"value":0.21683724,"unit":"mW"},"fill_factor":{"value":29.9436,"unit":"%"},"efficiency":{"value":2.1684,"unit":"%"},"r_at_voc":{"value":87.423373,"unit":""},"r_at_isc":{"value":260.294,"unit":""},"power":{"value":0.00040801,"unit":"W"},"rshunt":{"value":"NaN","unit":"ohm"},"cell_temp_start":{"value":"NaN","unit":""},"cell_temp_end":{"value":"NaN","unit":""},"exposure":{"value":12.158,"unit":""},"time":{"value":"19:31:18","unit":""},"date":{"value":"06\/06\/2021","unit":""},"V":{"value":[3,2.964,2.928,2.892,2.856,2.82,2.7845,2.7485,2.7125,2.6765,2.6405,2.6045,2.5685,2.5325,2.4965,2.4605,2.4245,2.389,2.353,2.317,2.281,2.245,2.209,2.173,2.137,2.101,2.065,2.029,1.9935,1.9575,1.9215,1.8855,1.8495,1.8135,1.7775,1.7415,1.7055,1.6695,1.6335,1.598,1.562,1.526,1.49,1.454,1.418,1.382,1.346,1.31,1.274,1.238,1.202,1.1665,1.1305,1.0945,1.0585,1.0225,0.9865,0.9505,0.9145,0.8785,0.8425,0.8065,0.771,0.735,0.699,0.663,0.627,0.591,0.555,0.519,0.483,0.447,0.411,0.3755,0.3395,0.3035,0.2675,0.2315,0.1955,0.1595,0.1235,0.0875,0.0515,0.0155,-0.02,-0.056,-0.092,-0.128,-0.164,-0.2],"unit":"V"},"I":{"value":[-0.01000002,-0.01000016,-0.01000002,-0.01000003,-0.01000011,-0.01000009,-0.01000003,-0.01000024,-0.01000001,-0.00999986,-0.01000004,-0.01000005,-0.01000003,-0.01000001,-0.01000004,-0.01000003,-0.01000002,-0.01000005,-0.01000001,-0.01000004,-0.01000002,-0.01000003,-0.01000002,-0.01000003,-0.01000003,-0.01000004,-0.01000003,-0.01000005,-0.01000005,-0.01000005,-0.01000004,-0.01000004,-0.01000003,-0.01000004,-0.00999997,-0.01000005,-0.01000003,-0.01000004,-0.01000004,-0.01000004,-0.01000004,-0.01000002,-0.01000003,-0.01000003,-0.01000004,-0.01000003,-0.01000003,-0.01000003,-0.01000004,-0.01000004,-0.01000005,-0.01000004,-0.01000003,-0.01000003,-0.01000004,-0.01000005,-0.01000004,-0.01000008,-0.01000003,-0.00975798,-0.00847937,-0.00715532,-0.00623268,-0.00544601,-0.00469138,-0.00397968,-0.0033825,-0.00283163,-0.00233883,-0.00187039,-0.00145269,-0.00105226,-0.00064046,-0.00031425,9.754e-5,0.00038749,0.00064187,0.00087779,0.00110811,0.00131515,0.00150846,0.00168989,0.00185648,0.00201444,0.00215757,0.00229587,0.00243336,0.00256456,0.00268485,0.00281153],"unit":"A"},"J":{"unit":"A\/cm2","value":[-0.1000002,-0.10000159999999998,-0.1000002,-0.1000003,-0.1000011,-0.10000089999999999,-0.1000003,-0.1000024,-0.1000001,-0.09999859999999999,-0.10000039999999999,-0.10000049999999999,-0.1000003,-0.1000001,-0.10000039999999999,-0.1000003,-0.1000002,-0.10000049999999999,-0.1000001,-0.10000039999999999,-0.1000002,-0.1000003,-0.1000002,-0.1000003,-0.1000003,-0.10000039999999999,-0.1000003,-0.10000049999999999,-0.10000049999999999,-0.10000049999999999,-0.10000039999999999,-0.10000039999999999,-0.1000003,-0.10000039999999999,-0.0999997,-0.10000049999999999,-0.1000003,-0.10000039999999999,-0.10000039999999999,-0.10000039999999999,-0.10000039999999999,-0.1000002,-0.1000003,-0.1000003,-0.10000039999999999,-0.1000003,-0.1000003,-0.1000003,-0.10000039999999999,-0.10000039999999999,-0.10000049999999999,-0.10000039999999999,-0.1000003,-0.1000003,-0.10000039999999999,-0.10000049999999999,-0.10000039999999999,-0.10000079999999999,-0.1000003,-0.0975798,-0.0847937,-0.0715532,-0.062326799999999995,-0.0544601,-0.0469138,-0.0397968,-0.033825,-0.0283163,-0.0233883,-0.0187039,-0.014526899999999999,-0.010522599999999998,-0.0064046,-0.0031425,0.0009754,0.0038748999999999997,0.006418699999999999,0.0087779,0.0110811,0.013151499999999998,0.0150846,0.0168989,0.0185648,0.0201444,0.0215757,0.022958700000000002,0.024333599999999997,0.025645599999999998,0.026848499999999997,0.0281153]},"cell_dimension":{"value":0.1,"unit":"cm2"},"sweep_direction":{"unit":"","value":"Reverse"},"key":"Reverse3.12R CFM+MACl 15mg anti 19s_210606"},{"sample_area":{"value":0.1,"unit":"cm2"},"irradiance":{"value":1,"unit":""},"pre_sweep_delay":{"value":5,"unit":""},"bias_direction":{"value":0,"unit":""},"max_reverse_bias":{"value":-0.2,"unit":""},"max_forward_bias":{"value":3,"unit":""},"num_sweep_points":{"value":90,"unit":""},"dwell_time":{"value":10,"unit":""},"current_limit":{"value":-10,"unit":""},"pviv_10a_i_amp":{"value":0,"unit":""},"average":{"value":1,"unit":""},"dark_current":{"value":0,"unit":""},"rshunt_v_lo":{"value":-0.6,"unit":""},"rshunt_v_hi":{"value":-0.1,"unit":""},"voc":{"value":0.96503133,"unit":"V"},"isc":{"value":0.00217563,"unit":"A"},"jsc":{"value":21.75627499,"unit":"mA\/cm2"},"imax":{"value":0.00185949,"unit":"A"},"vmax":{"value":0.77390177,"unit":"V"},"pmax":{"value":1.43906283,"unit":"mW"},"fill_factor":{"value":68.5415,"unit":"%"},"efficiency":{"value":14.3906,"unit":"%"},"r_at_voc":{"value":43.203019,"unit":""},"r_at_isc":{"value":13857.901,"unit":""},"power":{"value":0.0018732,"unit":"W"},"rshunt":{"value":"NaN","unit":"ohm"},"cell_temp_start":{"value":"NaN","unit":""},"cell_temp_end":{"value":"NaN","unit":""},"exposure":{"value":11.824,"unit":""},"time":{"value":"19:30:30","unit":""},"date":{"value":"06\/06\/2021","unit":""},"V":{"value":[3,2.964,2.928,2.892,2.856,2.82,2.7845,2.7485,2.7125,2.6765,2.6405,2.6045,2.5685,2.5325,2.4965,2.4605,2.4245,2.389,2.353,2.317,2.281,2.245,2.209,2.173,2.137,2.101,2.065,2.029,1.9935,1.9575,1.9215,1.8855,1.8495,1.8135,1.7775,1.7415,1.7055,1.6695,1.6335,1.598,1.562,1.526,1.49,1.454,1.418,1.382,1.346,1.31,1.274,1.238,1.202,1.1665,1.1305,1.0945,1.0585,1.0225,0.9865,0.9505,0.9145,0.8785,0.8425,0.8065,0.771,0.735,0.699,0.663,0.627,0.591,0.555,0.519,0.483,0.447,0.411,0.3755,0.3395,0.3035,0.2675,0.2315,0.1955,0.1595,0.1235,0.0875,0.0515,0.0155,-0.02,-0.056,-0.092,-0.128,-0.164,-0.2],"unit":"V"},"I":{"value":[-0.0100003,-0.01000006,-0.01000004,-0.01000003,-0.01000004,-0.01000003,-0.01000002,-0.01000003,-0.01000003,-0.01000003,-0.01000003,-0.01000003,-0.01000003,-0.01000003,-0.01000004,-0.01000004,-0.01000002,-0.01000003,-0.01000003,-0.01000003,-0.01000003,-0.01000002,-0.01000004,-0.01000004,-0.01000004,-0.01000004,-0.01000004,-0.01000003,-0.01000004,-0.01000003,-0.01000003,-0.01000003,-0.01000003,-0.01000002,-0.01000004,-0.01000003,-0.01000003,-0.01000003,-0.01000004,-0.01000004,-0.01000003,-0.01000003,-0.01000003,-0.01000005,-0.01000004,-0.01000004,-0.01000004,-0.01000004,-0.00948456,-0.00848812,-0.0073789,-0.00621313,-0.00497289,-0.00375016,-0.0025623,-0.00143242,-0.00049693,0.00033635,0.00095492,0.00134077,0.00160476,0.00176594,0.00186606,0.00193905,0.00199235,0.00203197,0.00206137,0.00208359,0.00209953,0.00211185,0.00212143,0.00213068,0.00213494,0.00214125,0.00214624,0.00215118,0.0021543,0.00215712,0.00216225,0.00216529,0.00216728,0.00217042,0.00217299,0.0021755,0.00217709,0.00217953,0.00218282,0.00218553,0.00218572,0.00218888],"unit":"A"},"J":{"unit":"A\/cm2","value":[-0.100003,-0.1000006,-0.10000039999999999,-0.1000003,-0.10000039999999999,-0.1000003,-0.1000002,-0.1000003,-0.1000003,-0.1000003,-0.1000003,-0.1000003,-0.1000003,-0.1000003,-0.10000039999999999,-0.10000039999999999,-0.1000002,-0.1000003,-0.1000003,-0.1000003,-0.1000003,-0.1000002,-0.10000039999999999,-0.10000039999999999,-0.10000039999999999,-0.10000039999999999,-0.10000039999999999,-0.1000003,-0.10000039999999999,-0.1000003,-0.1000003,-0.1000003,-0.1000003,-0.1000002,-0.10000039999999999,-0.1000003,-0.1000003,-0.1000003,-0.10000039999999999,-0.10000039999999999,-0.1000003,-0.1000003,-0.1000003,-0.10000049999999999,-0.10000039999999999,-0.10000039999999999,-0.10000039999999999,-0.10000039999999999,-0.09484559999999999,-0.08488119999999999,-0.073789,-0.062131299999999993,-0.04972889999999999,-0.0375016,-0.025623,-0.014324199999999999,-0.0049693,0.0033635,0.0095492,0.0134077,0.0160476,0.0176594,0.0186606,0.0193905,0.019923499999999997,0.0203197,0.0206137,0.0208359,0.020995299999999998,0.021118500000000002,0.0212143,0.021306799999999997,0.0213494,0.021412499999999998,0.0214624,0.021511799999999998,0.021543,0.021571199999999995,0.0216225,0.021652899999999996,0.0216728,0.0217042,0.0217299,0.021754999999999997,0.0217709,0.021795299999999997,0.021828199999999996,0.0218553,0.021857199999999997,0.021888799999999996]},"cell_dimension":{"value":0.1,"unit":"cm2"},"sweep_direction":{"unit":"","value":"Reverse"},"key":"Reverse3.11R CFM+MACl 15mg anti 19s_210606"},{"sample_area":{"value":0.1,"unit":"cm2"},"irradiance":{"value":1,"unit":""},"pre_sweep_delay":{"value":5,"unit":""},"bias_direction":{"value":0,"unit":""},"max_reverse_bias":{"value":-0.2,"unit":""},"max_forward_bias":{"value":3,"unit":""},"num_sweep_points":{"value":90,"unit":""},"dwell_time":{"value":10,"unit":""},"current_limit":{"value":-10,"unit":""},"pviv_10a_i_amp":{"value":0,"unit":""},"average":{"value":1,"unit":""},"dark_current":{"value":0,"unit":""},"rshunt_v_lo":{"value":-0.6,"unit":""},"rshunt_v_hi":{"value":-0.1,"unit":""},"voc":{"value":0.96842875,"unit":"V"},"isc":{"value":0.00217694,"unit":"A"},"jsc":{"value":21.76941317,"unit":"mA\/cm2"},"imax":{"value":0.00187347,"unit":"A"},"vmax":{"value":0.78391753,"unit":"V"},"pmax":{"value":1.46864858,"unit":"mW"},"fill_factor":{"value":69.6632,"unit":"%"},"efficiency":{"value":14.6865,"unit":"%"},"r_at_voc":{"value":43.948515,"unit":""},"r_at_isc":{"value":16178.55,"unit":""},"power":{"value":0.00188973,"unit":"W"},"rshunt":{"value":"NaN","unit":"ohm"},"cell_temp_start":{"value":"NaN","unit":""},"cell_temp_end":{"value":"NaN","unit":""},"exposure":{"value":11.825,"unit":""},"time":{"value":"19:30:16","unit":""},"date":{"value":"06\/06\/2021","unit":""},"V":{"value":[3,2.964,2.928,2.892,2.856,2.82,2.7845,2.7485,2.7125,2.6765,2.6405,2.6045,2.5685,2.5325,2.4965,2.4605,2.4245,2.389,2.353,2.317,2.281,2.245,2.209,2.173,2.137,2.101,2.065,2.029,1.9935,1.9575,1.9215,1.8855,1.8495,1.8135,1.7775,1.7415,1.7055,1.6695,1.6335,1.598,1.562,1.526,1.49,1.454,1.418,1.382,1.346,1.31,1.274,1.238,1.202,1.1665,1.1305,1.0945,1.0585,1.0225,0.9865,0.9505,0.9145,0.8785,0.8425,0.8065,0.771,0.735,0.699,0.663,0.627,0.591,0.555,0.519,0.483,0.447,0.411,0.3755,0.3395,0.3035,0.2675,0.2315,0.1955,0.1595,0.1235,0.0875,0.0515,0.0155,-0.02,-0.056,-0.092,-0.128,-0.164,-0.2],"unit":"V"},"I":{"value":[-0.0097708,-0.01000009,-0.01000006,-0.01000005,-0.01000005,-0.01000005,-0.01000004,-0.01000004,-0.01000003,-0.01000004,-0.01000003,-0.01000004,-0.01000004,-0.01000004,-0.01000004,-0.01000004,-0.01000003,-0.01000003,-0.01000003,-0.01000004,-0.01000003,-0.01000004,-0.01000003,-0.01000004,-0.01000003,-0.01000003,-0.01000003,-0.01000003,-0.01000003,-0.01000003,-0.01000004,-0.01000003,-0.01000002,-0.01000003,-0.01000004,-0.01000003,-0.01000003,-0.01000004,-0.01000002,-0.01000003,-0.01000003,-0.01000003,-0.01000004,-0.01000003,-0.01000002,-0.01000003,-0.01000002,-0.00953706,-0.00876364,-0.00784584,-0.00684998,-0.00579192,-0.00465206,-0.00351383,-0.00239893,-0.00132865,-0.00041119,0.00040795,0.00102604,0.00141137,0.00166185,0.00181131,0.00190196,0.00196502,0.00200977,0.00204318,0.00206919,0.00208671,0.00210289,0.00211514,0.00212429,0.00213145,0.00213835,0.00214444,0.00214982,0.00215307,0.00215744,0.00216264,0.00216612,0.00216686,0.00217061,0.00217322,0.00217469,0.00217594,0.00217755,0.00218035,0.00218334,0.00218362,0.00218622,0.00218942],"unit":"A"},"J":{"unit":"A\/cm2","value":[-0.09770799999999999,-0.10000089999999999,-0.1000006,-0.10000049999999999,-0.10000049999999999,-0.10000049999999999,-0.10000039999999999,-0.10000039999999999,-0.1000003,-0.10000039999999999,-0.1000003,-0.10000039999999999,-0.10000039999999999,-0.10000039999999999,-0.10000039999999999,-0.10000039999999999,-0.1000003,-0.1000003,-0.1000003,-0.10000039999999999,-0.1000003,-0.10000039999999999,-0.1000003,-0.10000039999999999,-0.1000003,-0.1000003,-0.1000003,-0.1000003,-0.1000003,-0.1000003,-0.10000039999999999,-0.1000003,-0.1000002,-0.1000003,-0.10000039999999999,-0.1000003,-0.1000003,-0.10000039999999999,-0.1000002,-0.1000003,-0.1000003,-0.1000003,-0.10000039999999999,-0.1000003,-0.1000002,-0.1000003,-0.1000002,-0.0953706,-0.08763639999999999,-0.0784584,-0.0684998,-0.0579192,-0.0465206,-0.0351383,-0.023989299999999998,-0.0132865,-0.0041119,0.0040795,0.0102604,0.014113699999999998,0.0166185,0.0181131,0.0190196,0.0196502,0.0200977,0.020431799999999996,0.020691899999999996,0.020867099999999996,0.0210289,0.0211514,0.0212429,0.0213145,0.021383499999999996,0.0214444,0.021498200000000002,0.0215307,0.0215744,0.021626399999999997,0.0216612,0.0216686,0.0217061,0.0217322,0.0217469,0.021759399999999998,0.021775499999999996,0.0218035,0.0218334,0.021836199999999997,0.0218622,0.0218942]},"cell_dimension":{"value":0.1,"unit":"cm2"},"sweep_direction":{"unit":"","value":"Reverse"},"key":"Reverse3.10R CFM+MACl 15mg anti 19s_210606"}]}}