{"_id":"653c94597f354217dd3f8197","id":"KNU-SC-00138","author":79,"group":8,"input":[{"tco":{"unit":"","value":"ITO"}},[],{"etl":[{"material":{"unit":"","value":"C60"},"concentration":{"unit":"","value":"0.001"},"conc_unit":{"unit":"","value":"g"},"quantity":{"unit":"ml","value":"1"}}],"solvent":[{"material":{"unit":"","value":"IPA"},"volume":{"unit":"ml","value":"1"}}],"spin_coating":[{"type":{"unit":"","value":"dynamic"},"rpm":{"unit":"","value":"3000"},"time":{"unit":"s","value":"30"}}],"vacuum_suction":[{"unit":"s","value":"0"}],"annealing":[{"temperature":{"unit":"oC","value":"100"},"time":{"unit":"m","value":"10"}}],"etl_doping":[{"material":{"unit":"","value":"KCl"},"volume":{"unit":"ul","value":"0"}}],"module":[{"type":{"unit":"","value":"Bar coating"},"gap":{"unit":"um","value":"0"},"coating_speed":{"unit":"mm\/s","value":"0"},"feeding_amount":{"unit":"ul","value":"0"}}],"thermal_evaporation":[{"evaporation_rate":{"unit":"A\/s","value":"1"},"vacuum_pressure":{"unit":"uTorr","value":"9e-7"},"vacuum_evaporation_thickness":{"unit":"nm","value":"015"}}]},{"etl_treatment":[{"material":{"unit":"","value":"BCP"},"concentration":{"unit":"","value":"0.15"},"conc_unit":{"unit":"","value":"mg\/ml"},"quantity":{"unit":"ml","value":"1"}}],"solvent":[{"material":{"unit":"","value":"IPA"},"volume":{"unit":"ml","value":"01"}},{"material":{"unit":"","value":"DMSO"},"volume":{"unit":"ml","value":"0"}}],"spin_coating":[{"type":{"unit":"","value":"dynamic"},"rpm":{"unit":"","value":"4000"},"time":{"unit":"s","value":"30"}}],"vacuum_suction":[{"unit":"s","value":"0"}],"annealing":[{"temperature":{"unit":"oC","value":"0"},"time":{"unit":"m","value":"0"}}],"module":[{"type":{"unit":"","value":"Bar coating"},"gap":{"unit":"um","value":"0"},"coating_speed":{"unit":"mm\/s","value":"0"},"feeding_amount":{"unit":"ul","value":"0"}}],"thermal_evaporation":[{"evaporation_rate":{"unit":"A\/s","value":null},"vacuum_pressure":{"unit":"uTorr","value":null},"vacuum_evaporation_thickness":{"unit":"nm","value":"0"}}]},[],{"perovskite":{"method":{"unit":"","value":"1step"},"molarity":{"unit":"M","value":"1.5"},"a_site":[{"material":{"unit":"","value":"FA"},"ratio":{"unit":"","value":"0.7553"}},{"material":{"unit":"","value":"Cs"},"ratio":{"unit":"","value":"0.1411"}},{"material":{"unit":"","value":"MA"},"ratio":{"unit":"","value":"0.074"}}],"b_site":[{"material":{"unit":"","value":"Pb"},"ratio":{"unit":"","value":"100"}},{"material":{"unit":"","value":"Sn"},"ratio":{"unit":"","value":"0"}}],"x_site":[{"material":{"unit":"","value":"I"},"ratio":{"unit":"","value":"70"}},{"material":{"unit":"","value":"Br"},"ratio":{"unit":"","value":"30"}}],"solvent":[{"material":{"unit":"","value":"DMF"},"volume":{"unit":"ml","value":"0.8"}},{"material":{"unit":"","value":"DMSO"},"volume":{"unit":"ml","value":"0.2"}}],"stirring_time":[{"unit":"m","value":"120"}],"antisolvent":[{"material":{"unit":"","value":"CB"},"quantity":{"unit":"ul","value":"300"},"dripping_time":{"unit":"s","value":"21"}}],"spin_coating":[{"type":{"unit":"","value":"dynamic"},"rpm":{"unit":"","value":"5000"},"time":{"unit":"s","value":"40"}}],"annealing":[{"temperature":{"unit":"oC","value":"100"},"time":{"unit":"m","value":"45"}}],"atmosphere":[{"type":{"unit":"","value":"N2"},"temperature":{"unit":"oC","value":"28"},"humidity":{"unit":"RH%","value":"0"}}],"assist":[{"type":{"unit":"","value":"DMSO vacuum assist"},"temperature":{"unit":"oC","value":"None"},"assist_start_time":{"value":null,"unit":"s"},"total_assist_time":{"value":"None","unit":"s"}}],"module":[{"type":{"unit":"","value":"Bar coating"},"gap":{"unit":"um","value":"0"},"coating_speed":{"unit":"mm\/s","value":"0"},"feeding_amount":{"unit":"ul","value":"0"}}],"thermal_evaporation":[{"evaporation_rate":{"unit":"A\/s","value":null},"vacuum_pressure":{"unit":"uTorr","value":null},"vacuum_evaporation_thickness":{"unit":"nm","value":"0"}}],"additive":[{"material":{"unit":"","value":"MACl"},"solvent":{"unit":"","value":null},"concentration":{"unit":"","value":"0"},"conc_unit":{"unit":"","value":"g"},"quantity":{"unit":"mol%","value":null}}]}},{"perovskite_treatment":[{"material":{"unit":"","value":"OAI"},"concentration":{"unit":"","value":"0"},"conc_unit":{"unit":"","value":"mg\/ml"},"quantity":{"unit":"ml","value":"0"}}],"solvent":[{"material":{"unit":"","value":"IPA"},"volume":{"unit":"ml","value":"0"}}],"spin_coating":[{"type":{"unit":"","value":"dynamic"},"rpm":{"unit":"","value":"3000"},"time":{"unit":"s","value":"30"}}],"vacuum_suction":[{"unit":"s","value":"0"}],"annealing":[{"temperature":{"unit":"oC","value":"0"},"time":{"unit":"m","value":"0"}}],"module":[{"type":{"unit":"","value":"Bar coating"},"gap":{"unit":"um","value":"0"},"coating_speed":{"unit":"mm\/s","value":"0"},"feeding_amount":{"unit":"ul","value":"0"}}],"thermal_evaporation":[{"evaporation_rate":{"unit":"A\/s","value":null},"vacuum_pressure":{"unit":"uTorr","value":null},"vacuum_evaporation_thickness":{"unit":"nm","value":"0"}}]},{"htl":[{"material":{"unit":"","value":"NiOx_NP"},"concentration":{"unit":"","value":"90"},"conc_unit":{"unit":"","value":"mg\/ml"},"quantity":{"unit":"ml","value":null}}],"solvent":[{"material":{"unit":"","value":"CB"},"volume":{"unit":"ml","value":"0.3"}}],"spin_coating":[{"type":{"unit":"","value":"dynamic"},"rpm":{"unit":"","value":"3000"},"time":{"unit":"s","value":"30"}}],"vacuum_suction":[{"unit":"s","value":"0"}],"annealing":[{"temperature":{"unit":"oC","value":"0"},"time":{"unit":"m","value":"0"}}],"module":[{"type":{"unit":"","value":"Bar coating"},"gap":{"unit":"um","value":"0"},"coating_speed":{"unit":"mm\/s","value":"0"},"feeding_amount":{"unit":"ul","value":"0"}}],"thermal_evaporation":[{"evaporation_rate":{"unit":"A\/s","value":null},"vacuum_pressure":{"unit":"uTorr","value":null},"vacuum_evaporation_thickness":{"unit":"nm","value":"0"}}],"htl_doping":[{"material":{"unit":"","value":"Co-TFSI"},"volume":{"unit":"ul","value":"0"}},{"material":{"unit":"","value":"Li-TFSI"},"volume":{"unit":"ul","value":"23"}},{"material":{"unit":"","value":"tBP"},"volume":{"unit":"ul","value":"39"}}]},{"htl_treatment":[{"material":{"unit":"","value":"HC-A4"},"concentration":{"unit":"","value":"0.1"},"conc_unit":{"unit":"","value":"mg\/ml"},"quantity":{"unit":"ml","value":"1"}}],"solvent":[{"material":{"unit":"","value":"IPA"},"volume":{"unit":"ml","value":"1"}}],"spin_coating":[{"type":{"unit":"","value":"dynamic"},"rpm":{"unit":"","value":"5000"},"time":{"unit":"s","value":"0"}}],"vacuum_suction":[{"unit":"s","value":"0"}],"annealing":[{"temperature":{"unit":"oC","value":"100"},"time":{"unit":"m","value":"10"}}],"module":[{"type":{"unit":"","value":"Bar coating"},"gap":{"unit":"um","value":"0"},"coating_speed":{"unit":"mm\/s","value":"0"},"feeding_amount":{"unit":"ul","value":"0"}}],"thermal_evaporation":[{"evaporation_rate":{"unit":"A\/s","value":null},"vacuum_pressure":{"unit":"uTorr","value":null},"vacuum_evaporation_thickness":{"unit":"nm","value":"0"}}]},{"anode_metal":{"unit":"","value":"Ag"}},{"note":{"unit":"","value":"SAM ITO_1"},"ar":{"unit":"","value":""},"type":{"unit":"","value":"unit_cell"},"device_type":{"unit":"","value":"p-i-n"},"temperature":{"unit":"oC","value":"30"},"humidity":{"unit":"%","value":"0"},"cell_dimension":{"unit":"cm2","value":"0.1"}}],"fileinfo":[{"key":"Reverse2.2R ITO+SAMo_211031","uploadType":"JV","original_name":"Reverse2.2R ITO+SAMo_211031-0202.txt","save_name":"KNU-SC-00138\/Reverse2.2R ITO+SAMo_211031","uploader":79,"fileType":""},{"key":"Reverse2.3R ITO+SAMo_211031","uploadType":"JV","original_name":"Reverse2.3R ITO+SAMo_211031-0203.txt","save_name":"KNU-SC-00138\/Reverse2.3R ITO+SAMo_211031","uploader":79,"fileType":""},{"key":"Reverse2.4R ITO+SAMo_211031","uploadType":"JV","original_name":"Reverse2.4R ITO+SAMo_211031-0204.txt","save_name":"KNU-SC-00138\/Reverse2.4R ITO+SAMo_211031","uploader":79,"fileType":""},{"key":"Reverse2.5R ITO+SAMo_211031","uploadType":"JV","original_name":"Reverse2.5R ITO+SAMo_211031-0205.txt","save_name":"KNU-SC-00138\/Reverse2.5R ITO+SAMo_211031","uploader":79,"fileType":""},{"key":"Reverse2.6R ITO+SAMo_211031","uploadType":"JV","original_name":"Reverse2.6R ITO+SAMo_211031-0206.txt","save_name":"KNU-SC-00138\/Reverse2.6R ITO+SAMo_211031","uploader":79,"fileType":""},{"key":"Reverse2.7R ITO+SAMo_211031","uploadType":"JV","original_name":"Reverse2.7R ITO+SAMo_211031-0207.txt","save_name":"KNU-SC-00138\/Reverse2.7R ITO+SAMo_211031","uploader":79,"fileType":""},{"key":"Reverse2.8R ITO+SAMo_211031","uploadType":"JV","original_name":"Reverse2.8R ITO+SAMo_211031-0208.txt","save_name":"KNU-SC-00138\/Reverse2.8R ITO+SAMo_211031","uploader":79,"fileType":""},{"key":"Reverse2.9R ITO+SAMo_211031","uploadType":"JV","original_name":"Reverse2.9R ITO+SAMo_211031-0209.txt","save_name":"KNU-SC-00138\/Reverse2.9R ITO+SAMo_211031","uploader":79,"fileType":""},{"key":"Reverse2.10R ITO+SAMo_211031","uploadType":"JV","original_name":"Reverse2.10R ITO+SAMo_211031-0210.txt","save_name":"KNU-SC-00138\/Reverse2.10R ITO+SAMo_211031","uploader":79,"fileType":""},{"key":"Reverse2.11R ITO+SAMo_211031","uploadType":"JV","original_name":"Reverse2.11R ITO+SAMo_211031-0211.txt","save_name":"KNU-SC-00138\/Reverse2.11R ITO+SAMo_211031","uploader":79,"fileType":""},{"key":"Reverse2.12R ITO+SAMo_211031","uploadType":"JV","original_name":"Reverse2.12R ITO+SAMo_211031-0212.txt","save_name":"KNU-SC-00138\/Reverse2.12R ITO+SAMo_211031","uploader":79,"fileType":""},{"key":"Reverse2.13R ITO+SAMo_211031","uploadType":"JV","original_name":"Reverse2.13R ITO+SAMo_211031-0213.txt","save_name":"KNU-SC-00138\/Reverse2.13R ITO+SAMo_211031","uploader":79,"fileType":""},{"key":"Reverse2.14R ITO+SAMo_211031","uploadType":"JV","original_name":"Reverse2.14R ITO+SAMo_211031-0214.txt","save_name":"KNU-SC-00138\/Reverse2.14R ITO+SAMo_211031","uploader":79,"fileType":""},{"key":"Reverse2.15R ITO+SAMo_211031","uploadType":"JV","original_name":"Reverse2.15R ITO+SAMo_211031-0215.txt","save_name":"KNU-SC-00138\/Reverse2.15R ITO+SAMo_211031","uploader":79,"fileType":""},{"key":"Reverse2.1R ITO+SAMo_211031","uploadType":"JV","original_name":"Reverse2.1R ITO+SAMo_211031-0201.txt","save_name":"KNU-SC-00138\/Reverse2.1R ITO+SAMo_211031","uploader":79,"fileType":""}],"jvcnt":15,"updated_at":"2024-06-03 08:38:37","created_at":"2023-10-28 04:55:53","analysisInfo":{"JV":[{"efficiency":17.1791,"fill_factor":79.9215,"jsc":20.17201213,"voc":1.06558531,"key":"Reverse2.9R ITO+SAMo_211031","cell_dimension":0.1},{"efficiency":17.1881,"fill_factor":79.8662,"jsc":20.19171505,"voc":1.06583778,"key":"Reverse2.8R ITO+SAMo_211031","cell_dimension":0.1},{"efficiency":17.3104,"fill_factor":80.1999,"jsc":20.22589004,"voc":1.06714844,"key":"Reverse2.7R ITO+SAMo_211031","cell_dimension":0.1},{"efficiency":16.1713,"fill_factor":76.3584,"jsc":20.10513423,"voc":1.05336777,"key":"Reverse2.6R ITO+SAMo_211031","cell_dimension":0.1},{"efficiency":16.148,"fill_factor":76.1789,"jsc":20.13654559,"voc":1.05268501,"key":"Reverse2.5R ITO+SAMo_211031","cell_dimension":0.1},{"efficiency":16.1045,"fill_factor":76.1373,"jsc":20.10558551,"voc":1.05204439,"key":"Reverse2.4R ITO+SAMo_211031","cell_dimension":0.1},{"efficiency":16.3562,"fill_factor":77.204,"jsc":20.15713023,"voc":1.05102902,"key":"Reverse2.3R ITO+SAMo_211031","cell_dimension":0.1},{"efficiency":16.3145,"fill_factor":77.2584,"jsc":20.10267309,"voc":1.05044528,"key":"Reverse2.2R ITO+SAMo_211031","cell_dimension":0.1},{"efficiency":16.2711,"fill_factor":76.9032,"jsc":20.14714046,"voc":1.05016766,"key":"Reverse2.1R ITO+SAMo_211031","cell_dimension":0.1},{"efficiency":15.5787,"fill_factor":73.7859,"jsc":20.3049106,"voc":1.0398186,"key":"Reverse2.15R ITO+SAMo_211031","cell_dimension":0.1},{"efficiency":15.5978,"fill_factor":73.775,"jsc":20.3256792,"voc":1.04018165,"key":"Reverse2.14R ITO+SAMo_211031","cell_dimension":0.1},{"efficiency":15.6366,"fill_factor":73.7197,"jsc":20.37653927,"voc":1.04094452,"key":"Reverse2.13R ITO+SAMo_211031","cell_dimension":0.1},{"efficiency":17.1887,"fill_factor":79.9238,"jsc":20.2073515,"voc":1.06428116,"key":"Reverse2.12R ITO+SAMo_211031","cell_dimension":0.1},{"efficiency":17.1041,"fill_factor":79.398,"jsc":20.24143329,"voc":1.06426594,"key":"Reverse2.11R ITO+SAMo_211031","cell_dimension":0.1},{"efficiency":17.2066,"fill_factor":79.7458,"jsc":20.25409419,"voc":1.0653055,"key":"Reverse2.10R ITO+SAMo_211031","cell_dimension":0.1}]},"public":2,"analysis":{"JV":[{"sample_area":{"value":0.1,"unit":"cm2"},"irradiance":{"value":1,"unit":""},"pre_sweep_delay":{"value":10,"unit":""},"bias_direction":{"value":0,"unit":""},"max_reverse_bias":{"value":-0.2,"unit":""},"max_forward_bias":{"value":1.2,"unit":""},"num_sweep_points":{"value":70,"unit":""},"dwell_time":{"value":0,"unit":""},"current_limit":{"value":-10,"unit":""},"pviv_10a_i_amp":{"value":0,"unit":""},"average":{"value":1,"unit":""},"dark_current":{"value":0,"unit":""},"rshunt_v_lo":{"value":-0.6,"unit":""},"rshunt_v_hi":{"value":-0.1,"unit":""},"voc":{"value":1.06558531,"unit":"V"},"isc":{"value":0.0020172,"unit":"A"},"jsc":{"value":20.17201213,"unit":"mA\/cm2"},"imax":{"value":0.00189598,"unit":"A"},"vmax":{"value":0.90608364,"unit":"V"},"pmax":{"value":1.71791327,"unit":"mW"},"fill_factor":{"value":79.9215,"unit":"%"},"efficiency":{"value":17.1791,"unit":"%"},"r_at_voc":{"value":36.988195,"unit":""},"r_at_isc":{"value":45876.267,"unit":""},"power":{"value":0.00202125,"unit":"W"},"rshunt":{"value":"NaN","unit":"ohm"},"cell_temp_start":{"value":"NaN","unit":""},"cell_temp_end":{"value":"NaN","unit":""},"exposure":{"value":14.913,"unit":""},"time":{"value":"02:17:00","unit":""},"date":{"value":"10\/31\/2021","unit":""},"V":{"value":[1.2,1.1797,1.1594,1.13915,1.11885,1.09855,1.07825,1.05795,1.0377,1.0174,0.9971,0.9768,0.9565,0.93625,0.91595,0.89565,0.87535,0.85505,0.8348,0.8145,0.7942,0.7739,0.7536,0.73335,0.71305,0.69275,0.67245,0.65215,0.6319,0.6116,0.5913,0.571,0.5507,0.53045,0.51015,0.48985,0.46955,0.4493,0.429,0.4087,0.3884,0.3681,0.34785,0.32755,0.30725,0.28695,0.26665,0.2464,0.2261,0.2058,0.1855,0.1652,0.14495,0.12465,0.10435,0.08405,0.06375,0.0435,0.0232,0.0029,-0.0174,-0.0377,-0.05795,-0.07825,-0.09855,-0.11885,-0.13915,-0.1594,-0.1797,-0.2],"unit":"V"},"I":{"value":[-0.00453206,-0.00394245,-0.00316928,-0.00239579,-0.00166171,-0.00093813,-0.00032958,0.00022769,0.0006999,0.00107389,0.00136313,0.0015747,0.00171847,0.00181303,0.00187533,0.0019153,0.00194164,0.00195877,0.00197069,0.00198018,0.00198526,0.00198958,0.00199319,0.0019955,0.00199802,0.00199954,0.00200061,0.00200182,0.0020033,0.00200371,0.00200502,0.00200494,0.00200605,0.00200584,0.00200557,0.00200623,0.00200724,0.00200825,0.00200782,0.00200816,0.00200893,0.00200904,0.00201047,0.00200994,0.00201027,0.00201024,0.0020125,0.00201261,0.00201293,0.00201214,0.00201304,0.00201319,0.00201411,0.00201361,0.00201507,0.00201503,0.0020148,0.00201557,0.00201737,0.0020173,0.00201863,0.00201769,0.00201875,0.00201906,0.00201992,0.00202111,0.00202014,0.00201959,0.00202128,0.00202091],"unit":"A"},"J":{"unit":"A\/cm2","value":[-0.045320599999999996,-0.0394245,-0.0316928,-0.0239579,-0.0166171,-0.0093813,-0.0032957999999999998,0.0022769,0.006999,0.010738900000000001,0.013631299999999999,0.015747,0.017184699999999997,0.0181303,0.018753299999999997,0.019153,0.019416399999999997,0.019587699999999996,0.0197069,0.019801799999999998,0.019852599999999998,0.019895799999999998,0.0199319,0.019954999999999997,0.0199802,0.0199954,0.0200061,0.0200182,0.020033,0.0200371,0.0200502,0.020049400000000002,0.0200605,0.0200584,0.0200557,0.020062299999999998,0.020072399999999997,0.0200825,0.020078199999999997,0.0200816,0.020089299999999997,0.0200904,0.020104699999999996,0.0200994,0.0201027,0.0201024,0.020124999999999997,0.0201261,0.0201293,0.020121399999999998,0.020130399999999996,0.0201319,0.0201411,0.020136099999999997,0.020150699999999997,0.0201503,0.020148,0.0201557,0.0201737,0.020173,0.020186299999999997,0.020176899999999998,0.0201875,0.0201906,0.0201992,0.0202111,0.0202014,0.0201959,0.020212799999999996,0.020209099999999997]},"cell_dimension":{"value":0.1,"unit":"cm2"},"sweep_direction":{"unit":"","value":"Reverse"},"key":"Reverse2.9R ITO+SAMo_211031"},{"sample_area":{"value":0.1,"unit":"cm2"},"irradiance":{"value":1,"unit":""},"pre_sweep_delay":{"value":10,"unit":""},"bias_direction":{"value":0,"unit":""},"max_reverse_bias":{"value":-0.2,"unit":""},"max_forward_bias":{"value":1.2,"unit":""},"num_sweep_points":{"value":70,"unit":""},"dwell_time":{"value":0,"unit":""},"current_limit":{"value":-10,"unit":""},"pviv_10a_i_amp":{"value":0,"unit":""},"average":{"value":1,"unit":""},"dark_current":{"value":0,"unit":""},"rshunt_v_lo":{"value":-0.6,"unit":""},"rshunt_v_hi":{"value":-0.1,"unit":""},"voc":{"value":1.06583778,"unit":"V"},"isc":{"value":0.00201917,"unit":"A"},"jsc":{"value":20.19171505,"unit":"mA\/cm2"},"imax":{"value":0.00189691,"unit":"A"},"vmax":{"value":0.9061096,"unit":"V"},"pmax":{"value":1.71880864,"unit":"mW"},"fill_factor":{"value":79.8662,"unit":"%"},"efficiency":{"value":17.1881,"unit":"%"},"r_at_voc":{"value":36.539801,"unit":""},"r_at_isc":{"value":52980.82,"unit":""},"power":{"value":0.00202353,"unit":"W"},"rshunt":{"value":"NaN","unit":"ohm"},"cell_temp_start":{"value":"NaN","unit":""},"cell_temp_end":{"value":"NaN","unit":""},"exposure":{"value":14.934,"unit":""},"time":{"value":"02:16:44","unit":""},"date":{"value":"10\/31\/2021","unit":""},"V":{"value":[1.2,1.1797,1.1594,1.13915,1.11885,1.09855,1.07825,1.05795,1.0377,1.0174,0.9971,0.9768,0.9565,0.93625,0.91595,0.89565,0.87535,0.85505,0.8348,0.8145,0.7942,0.7739,0.7536,0.73335,0.71305,0.69275,0.67245,0.65215,0.6319,0.6116,0.5913,0.571,0.5507,0.53045,0.51015,0.48985,0.46955,0.4493,0.429,0.4087,0.3884,0.3681,0.34785,0.32755,0.30725,0.28695,0.26665,0.2464,0.2261,0.2058,0.1855,0.1652,0.14495,0.12465,0.10435,0.08405,0.06375,0.0435,0.0232,0.0029,-0.0174,-0.0377,-0.05795,-0.07825,-0.09855,-0.11885,-0.13915,-0.1594,-0.1797,-0.2],"unit":"V"},"I":{"value":[-0.00469995,-0.00408728,-0.00327471,-0.00246416,-0.00169875,-0.00094558,-0.00032563,0.00023808,0.00071295,0.001085,0.00137202,0.00157882,0.00172062,0.00181393,0.00187633,0.0019161,0.00194225,0.00196005,0.00197187,0.00197974,0.00198558,0.00199139,0.00199395,0.00199655,0.00199794,0.00199859,0.00200038,0.00200325,0.00200434,0.00200369,0.00200522,0.00200639,0.00200565,0.0020055,0.00200621,0.00200721,0.00200659,0.00200855,0.00200974,0.00200965,0.00201168,0.00201062,0.0020126,0.0020126,0.00201283,0.00201335,0.00201361,0.00201496,0.00201464,0.0020149,0.00201632,0.00201557,0.00201709,0.00201673,0.00201865,0.00201756,0.00201724,0.00201835,0.0020184,0.00201964,0.00201995,0.00202015,0.00202121,0.00202102,0.00202104,0.00202152,0.00202135,0.00202158,0.00202177,0.00202272],"unit":"A"},"J":{"unit":"A\/cm2","value":[-0.04699949999999999,-0.0408728,-0.0327471,-0.0246416,-0.0169875,-0.0094558,-0.0032562999999999997,0.0023807999999999998,0.0071294999999999996,0.01085,0.0137202,0.0157882,0.017206199999999998,0.0181393,0.0187633,0.019160999999999997,0.0194225,0.0196005,0.0197187,0.019797399999999996,0.019855799999999996,0.0199139,0.0199395,0.0199655,0.0199794,0.0199859,0.0200038,0.020032499999999998,0.020043399999999996,0.020036899999999996,0.020052199999999996,0.020063899999999996,0.020056499999999998,0.020054999999999996,0.0200621,0.0200721,0.020065899999999998,0.0200855,0.020097399999999998,0.0200965,0.0201168,0.020106199999999998,0.020125999999999998,0.020125999999999998,0.020128300000000002,0.0201335,0.020136099999999997,0.0201496,0.0201464,0.020149,0.020163199999999996,0.0201557,0.0201709,0.0201673,0.020186499999999996,0.0201756,0.0201724,0.020183499999999997,0.020184,0.0201964,0.0201995,0.0202015,0.020212099999999997,0.0202102,0.0202104,0.0202152,0.0202135,0.020215799999999996,0.020217699999999998,0.020227199999999997]},"cell_dimension":{"value":0.1,"unit":"cm2"},"sweep_direction":{"unit":"","value":"Reverse"},"key":"Reverse2.8R ITO+SAMo_211031"},{"sample_area":{"value":0.1,"unit":"cm2"},"irradiance":{"value":1,"unit":""},"pre_sweep_delay":{"value":10,"unit":""},"bias_direction":{"value":0,"unit":""},"max_reverse_bias":{"value":-0.2,"unit":""},"max_forward_bias":{"value":1.2,"unit":""},"num_sweep_points":{"value":70,"unit":""},"dwell_time":{"value":0,"unit":""},"current_limit":{"value":-10,"unit":""},"pviv_10a_i_amp":{"value":0,"unit":""},"average":{"value":1,"unit":""},"dark_current":{"value":0,"unit":""},"rshunt_v_lo":{"value":-0.6,"unit":""},"rshunt_v_hi":{"value":-0.1,"unit":""},"voc":{"value":1.06714844,"unit":"V"},"isc":{"value":0.00202259,"unit":"A"},"jsc":{"value":20.22589004,"unit":"mA\/cm2"},"imax":{"value":0.0019023,"unit":"A"},"vmax":{"value":0.90997225,"unit":"V"},"pmax":{"value":1.73103613,"unit":"mW"},"fill_factor":{"value":80.1999,"unit":"%"},"efficiency":{"value":17.3104,"unit":"%"},"r_at_voc":{"value":36.568606,"unit":""},"r_at_isc":{"value":37785.463,"unit":""},"power":{"value":0.00203018,"unit":"W"},"rshunt":{"value":"NaN","unit":"ohm"},"cell_temp_start":{"value":"NaN","unit":""},"cell_temp_end":{"value":"NaN","unit":""},"exposure":{"value":14.904,"unit":""},"time":{"value":"02:16:28","unit":""},"date":{"value":"10\/31\/2021","unit":""},"V":{"value":[1.2,1.1797,1.1594,1.13915,1.11885,1.09855,1.07825,1.05795,1.0377,1.0174,0.9971,0.9768,0.9565,0.93625,0.91595,0.89565,0.87535,0.85505,0.8348,0.8145,0.7942,0.7739,0.7536,0.73335,0.71305,0.69275,0.67245,0.65215,0.6319,0.6116,0.5913,0.571,0.5507,0.53045,0.51015,0.48985,0.46955,0.4493,0.429,0.4087,0.3884,0.3681,0.34785,0.32755,0.30725,0.28695,0.26665,0.2464,0.2261,0.2058,0.1855,0.1652,0.14495,0.12465,0.10435,0.08405,0.06375,0.0435,0.0232,0.0029,-0.0174,-0.0377,-0.05795,-0.07825,-0.09855,-0.11885,-0.13915,-0.1594,-0.1797,-0.2],"unit":"V"},"I":{"value":[-0.00450447,-0.00394274,-0.00316587,-0.00238763,-0.00164316,-0.00090612,-0.00029083,0.00027345,0.00075008,0.00112391,0.00140719,0.00160966,0.00174579,0.00183372,0.00189093,0.00192736,0.00195114,0.00196726,0.0019779,0.00198513,0.00199015,0.00199483,0.00199738,0.00199933,0.00200017,0.00200279,0.00200235,0.00200365,0.00200424,0.00200519,0.00200553,0.00200561,0.0020067,0.00200635,0.00200624,0.00200715,0.00200833,0.00200782,0.00200833,0.00200786,0.00200967,0.00200967,0.00201066,0.00201221,0.00201233,0.00201412,0.00201337,0.00201555,0.00201767,0.00201785,0.00201878,0.00201826,0.00202013,0.00201982,0.00202117,0.0020222,0.00202129,0.00202114,0.00202073,0.00202097,0.00202479,0.00202418,0.00202452,0.0020252,0.00202598,0.00202642,0.00202541,0.00202541,0.00202652,0.0020266],"unit":"A"},"J":{"unit":"A\/cm2","value":[-0.0450447,-0.0394274,-0.0316587,-0.0238763,-0.0164316,-0.009061199999999998,-0.0029083,0.0027345,0.007500799999999999,0.0112391,0.0140719,0.0160966,0.0174579,0.018337199999999998,0.0189093,0.0192736,0.019511399999999998,0.019672600000000002,0.019778999999999998,0.0198513,0.0199015,0.0199483,0.0199738,0.0199933,0.020001699999999997,0.020027899999999998,0.0200235,0.0200365,0.0200424,0.020051899999999998,0.0200553,0.0200561,0.020067,0.020063499999999998,0.020062399999999998,0.0200715,0.0200833,0.020078199999999997,0.0200833,0.020078600000000002,0.0200967,0.0200967,0.0201066,0.020122099999999997,0.0201233,0.020141199999999998,0.020133699999999997,0.0201555,0.0201767,0.0201785,0.0201878,0.0201826,0.020201300000000002,0.020198199999999996,0.0202117,0.020222,0.020212899999999995,0.020211399999999997,0.0202073,0.020209699999999997,0.020247899999999996,0.020241799999999997,0.0202452,0.020252,0.0202598,0.0202642,0.0202541,0.0202541,0.020265199999999997,0.020266]},"cell_dimension":{"value":0.1,"unit":"cm2"},"sweep_direction":{"unit":"","value":"Reverse"},"key":"Reverse2.7R ITO+SAMo_211031"},{"sample_area":{"value":0.1,"unit":"cm2"},"irradiance":{"value":1,"unit":""},"pre_sweep_delay":{"value":10,"unit":""},"bias_direction":{"value":0,"unit":""},"max_reverse_bias":{"value":-0.2,"unit":""},"max_forward_bias":{"value":1.2,"unit":""},"num_sweep_points":{"value":70,"unit":""},"dwell_time":{"value":0,"unit":""},"current_limit":{"value":-10,"unit":""},"pviv_10a_i_amp":{"value":0,"unit":""},"average":{"value":1,"unit":""},"dark_current":{"value":0,"unit":""},"rshunt_v_lo":{"value":-0.6,"unit":""},"rshunt_v_hi":{"value":-0.1,"unit":""},"voc":{"value":1.05336777,"unit":"V"},"isc":{"value":0.00201051,"unit":"A"},"jsc":{"value":20.10513423,"unit":"mA\/cm2"},"imax":{"value":0.00188039,"unit":"A"},"vmax":{"value":0.85999712,"unit":"V"},"pmax":{"value":1.61712585,"unit":"mW"},"fill_factor":{"value":76.3584,"unit":"%"},"efficiency":{"value":16.1713,"unit":"%"},"r_at_voc":{"value":57.166942,"unit":""},"r_at_isc":{"value":48376.197,"unit":""},"power":{"value":0.00194942,"unit":"W"},"rshunt":{"value":"NaN","unit":"ohm"},"cell_temp_start":{"value":"NaN","unit":""},"cell_temp_end":{"value":"NaN","unit":""},"exposure":{"value":15.102,"unit":""},"time":{"value":"02:15:50","unit":""},"date":{"value":"10\/31\/2021","unit":""},"V":{"value":[1.2,1.1797,1.1594,1.13915,1.11885,1.09855,1.07825,1.05795,1.0377,1.0174,0.9971,0.9768,0.9565,0.93625,0.91595,0.89565,0.87535,0.85505,0.8348,0.8145,0.7942,0.7739,0.7536,0.73335,0.71305,0.69275,0.67245,0.65215,0.6319,0.6116,0.5913,0.571,0.5507,0.53045,0.51015,0.48985,0.46955,0.4493,0.429,0.4087,0.3884,0.3681,0.34785,0.32755,0.30725,0.28695,0.26665,0.2464,0.2261,0.2058,0.1855,0.1652,0.14495,0.12465,0.10435,0.08405,0.06375,0.0435,0.0232,0.0029,-0.0174,-0.0377,-0.05795,-0.07825,-0.09855,-0.11885,-0.13915,-0.1594,-0.1797,-0.2],"unit":"V"},"I":{"value":[-0.00303957,-0.00264022,-0.00218373,-0.00173444,-0.00129373,-0.00085965,-0.00045934,-7.08e-5,0.00028031,0.00060646,0.00090096,0.00114656,0.00136236,0.00153411,0.00166902,0.00177032,0.00184073,0.00189045,0.00192435,0.0019481,0.00196157,0.00197214,0.00197811,0.00198306,0.00198579,0.00198738,0.00198989,0.00199128,0.0019941,0.00199469,0.00199554,0.00199658,0.00199626,0.00199803,0.00199872,0.00200031,0.00199947,0.00200053,0.0020012,0.00200125,0.00200044,0.00200135,0.00200217,0.00200487,0.00200367,0.00200531,0.0020051,0.00200441,0.00200713,0.00200489,0.00200707,0.00200612,0.00200859,0.00200775,0.00200882,0.0020089,0.00200861,0.00200918,0.00201083,0.00200993,0.00201371,0.00201095,0.00201186,0.00201179,0.00201169,0.00201178,0.00201264,0.00201344,0.00201515,0.00201521],"unit":"A"},"J":{"unit":"A\/cm2","value":[-0.0303957,-0.026402199999999997,-0.0218373,-0.0173444,-0.0129373,-0.0085965,-0.004593399999999999,-0.000708,0.0028030999999999998,0.006064599999999999,0.0090096,0.0114656,0.0136236,0.0153411,0.0166902,0.0177032,0.018407299999999998,0.018904499999999998,0.0192435,0.019481,0.0196157,0.019721399999999997,0.0197811,0.0198306,0.019857899999999998,0.019873799999999997,0.019898899999999997,0.019912799999999998,0.019940999999999997,0.019946899999999997,0.019955399999999998,0.0199658,0.0199626,0.0199803,0.019987199999999997,0.0200031,0.0199947,0.020005299999999997,0.020012,0.0200125,0.0200044,0.020013499999999997,0.0200217,0.0200487,0.020036699999999998,0.0200531,0.020051,0.0200441,0.0200713,0.020048899999999998,0.0200707,0.0200612,0.0200859,0.020077499999999998,0.0200882,0.020089,0.0200861,0.0200918,0.0201083,0.0200993,0.0201371,0.0201095,0.020118599999999997,0.020117899999999998,0.0201169,0.020117799999999998,0.0201264,0.0201344,0.020151499999999996,0.0201521]},"cell_dimension":{"value":0.1,"unit":"cm2"},"sweep_direction":{"unit":"","value":"Reverse"},"key":"Reverse2.6R ITO+SAMo_211031"},{"sample_area":{"value":0.1,"unit":"cm2"},"irradiance":{"value":1,"unit":""},"pre_sweep_delay":{"value":10,"unit":""},"bias_direction":{"value":0,"unit":""},"max_reverse_bias":{"value":-0.2,"unit":""},"max_forward_bias":{"value":1.2,"unit":""},"num_sweep_points":{"value":70,"unit":""},"dwell_time":{"value":0,"unit":""},"current_limit":{"value":-10,"unit":""},"pviv_10a_i_amp":{"value":0,"unit":""},"average":{"value":1,"unit":""},"dark_current":{"value":0,"unit":""},"rshunt_v_lo":{"value":-0.6,"unit":""},"rshunt_v_hi":{"value":-0.1,"unit":""},"voc":{"value":1.05268501,"unit":"V"},"isc":{"value":0.00201365,"unit":"A"},"jsc":{"value":20.13654559,"unit":"mA\/cm2"},"imax":{"value":0.00188186,"unit":"A"},"vmax":{"value":0.85808456,"unit":"V"},"pmax":{"value":1.61479784,"unit":"mW"},"fill_factor":{"value":76.1789,"unit":"%"},"efficiency":{"value":16.148,"unit":"%"},"r_at_voc":{"value":57.433313,"unit":""},"r_at_isc":{"value":59886.495,"unit":""},"power":{"value":0.00194947,"unit":"W"},"rshunt":{"value":"NaN","unit":"ohm"},"cell_temp_start":{"value":"NaN","unit":""},"cell_temp_end":{"value":"NaN","unit":""},"exposure":{"value":15.103,"unit":""},"time":{"value":"02:15:34","unit":""},"date":{"value":"10\/31\/2021","unit":""},"V":{"value":[1.2,1.1797,1.1594,1.13915,1.11885,1.09855,1.07825,1.05795,1.0377,1.0174,0.9971,0.9768,0.9565,0.93625,0.91595,0.89565,0.87535,0.85505,0.8348,0.8145,0.7942,0.7739,0.7536,0.73335,0.71305,0.69275,0.67245,0.65215,0.6319,0.6116,0.5913,0.571,0.5507,0.53045,0.51015,0.48985,0.46955,0.4493,0.429,0.4087,0.3884,0.3681,0.34785,0.32755,0.30725,0.28695,0.26665,0.2464,0.2261,0.2058,0.1855,0.1652,0.14495,0.12465,0.10435,0.08405,0.06375,0.0435,0.0232,0.0029,-0.0174,-0.0377,-0.05795,-0.07825,-0.09855,-0.11885,-0.13915,-0.1594,-0.1797,-0.2],"unit":"V"},"I":{"value":[-0.00303617,-0.00263725,-0.00218289,-0.00173562,-0.00129779,-0.00086655,-0.00046975,-8.201e-5,0.00026709,0.00059148,0.00088606,0.00113102,0.00134811,0.00152317,0.00165976,0.00176317,0.00183611,0.00188812,0.00192434,0.00194595,0.00196249,0.00197219,0.00197957,0.00198529,0.00198947,0.00199127,0.00199326,0.00199394,0.0019948,0.00199684,0.00199819,0.00199863,0.00200045,0.00200011,0.00200037,0.00200128,0.00200148,0.00200236,0.00200157,0.00200321,0.00200475,0.00200504,0.00200577,0.00200789,0.00200759,0.00200776,0.00200895,0.00201042,0.00201132,0.00201028,0.00201044,0.00201214,0.00201234,0.0020108,0.00201314,0.00201047,0.00201289,0.00201196,0.00201315,0.00201301,0.00201566,0.00201379,0.00201385,0.00201419,0.00201463,0.00201488,0.00201768,0.00201591,0.0020172,0.0020173],"unit":"A"},"J":{"unit":"A\/cm2","value":[-0.0303617,-0.026372499999999997,-0.0218289,-0.0173562,-0.0129779,-0.0086655,-0.004697499999999999,-0.0008200999999999999,0.0026709,0.0059148,0.0088606,0.0113102,0.0134811,0.015231699999999999,0.016597599999999997,0.0176317,0.018361099999999998,0.0188812,0.0192434,0.019459499999999998,0.019624899999999997,0.019721899999999997,0.0197957,0.019852899999999996,0.0198947,0.0199127,0.0199326,0.0199394,0.019948,0.0199684,0.019981899999999997,0.0199863,0.020004499999999998,0.020001099999999997,0.0200037,0.020012799999999997,0.0200148,0.0200236,0.020015699999999997,0.0200321,0.0200475,0.0200504,0.020057699999999998,0.0200789,0.0200759,0.020077599999999998,0.020089499999999996,0.0201042,0.020113199999999998,0.0201028,0.020104399999999998,0.020121399999999998,0.0201234,0.020108,0.0201314,0.020104699999999996,0.020128899999999998,0.0201196,0.0201315,0.020130099999999998,0.020156599999999997,0.0201379,0.0201385,0.020141899999999997,0.0201463,0.0201488,0.020176799999999998,0.0201591,0.020171999999999995,0.020173]},"cell_dimension":{"value":0.1,"unit":"cm2"},"sweep_direction":{"unit":"","value":"Reverse"},"key":"Reverse2.5R ITO+SAMo_211031"},{"sample_area":{"value":0.1,"unit":"cm2"},"irradiance":{"value":1,"unit":""},"pre_sweep_delay":{"value":10,"unit":""},"bias_direction":{"value":0,"unit":""},"max_reverse_bias":{"value":-0.2,"unit":""},"max_forward_bias":{"value":1.2,"unit":""},"num_sweep_points":{"value":70,"unit":""},"dwell_time":{"value":0,"unit":""},"current_limit":{"value":-10,"unit":""},"pviv_10a_i_amp":{"value":0,"unit":""},"average":{"value":1,"unit":""},"dark_current":{"value":0,"unit":""},"rshunt_v_lo":{"value":-0.6,"unit":""},"rshunt_v_hi":{"value":-0.1,"unit":""},"voc":{"value":1.05204439,"unit":"V"},"isc":{"value":0.00201056,"unit":"A"},"jsc":{"value":20.10558551,"unit":"mA\/cm2"},"imax":{"value":0.00187953,"unit":"A"},"vmax":{"value":0.85683651,"unit":"V"},"pmax":{"value":1.61045303,"unit":"mW"},"fill_factor":{"value":76.1373,"unit":"%"},"efficiency":{"value":16.1045,"unit":"%"},"r_at_voc":{"value":57.881221,"unit":""},"r_at_isc":{"value":43713.317,"unit":""},"power":{"value":0.00194463,"unit":"W"},"rshunt":{"value":"NaN","unit":"ohm"},"cell_temp_start":{"value":"NaN","unit":""},"cell_temp_end":{"value":"NaN","unit":""},"exposure":{"value":15.099,"unit":""},"time":{"value":"02:15:18","unit":""},"date":{"value":"10\/31\/2021","unit":""},"V":{"value":[1.2,1.1797,1.1594,1.13915,1.11885,1.09855,1.07825,1.05795,1.0377,1.0174,0.9971,0.9768,0.9565,0.93625,0.91595,0.89565,0.87535,0.85505,0.8348,0.8145,0.7942,0.7739,0.7536,0.73335,0.71305,0.69275,0.67245,0.65215,0.6319,0.6116,0.5913,0.571,0.5507,0.53045,0.51015,0.48985,0.46955,0.4493,0.429,0.4087,0.3884,0.3681,0.34785,0.32755,0.30725,0.28695,0.26665,0.2464,0.2261,0.2058,0.1855,0.1652,0.14495,0.12465,0.10435,0.08405,0.06375,0.0435,0.0232,0.0029,-0.0174,-0.0377,-0.05795,-0.07825,-0.09855,-0.11885,-0.13915,-0.1594,-0.1797,-0.2],"unit":"V"},"I":{"value":[-0.00301726,-0.00262256,-0.00217222,-0.00172923,-0.001296,-0.00086962,-0.00047678,-9.243e-5,0.00025353,0.00057668,0.00086915,0.00111554,0.00133334,0.00151039,0.00164875,0.00175517,0.00183139,0.00188333,0.00191889,0.00194274,0.0019593,0.00196964,0.00197676,0.00198305,0.0019851,0.00198754,0.00198987,0.0019917,0.00199387,0.00199467,0.00199495,0.00199783,0.00199851,0.00199872,0.0019994,0.00200139,0.00200104,0.00200281,0.00200262,0.00200297,0.00200342,0.00200225,0.00200365,0.00200405,0.00200555,0.00200543,0.00200515,0.00200495,0.00200484,0.00200512,0.00200552,0.00200575,0.00200704,0.00200743,0.00200795,0.00200879,0.00200768,0.00200951,0.00200958,0.00200995,0.00201155,0.00201113,0.00201201,0.00201175,0.00201196,0.00201219,0.00201457,0.00201502,0.00201564,0.00201656],"unit":"A"},"J":{"unit":"A\/cm2","value":[-0.030172599999999997,-0.026225599999999998,-0.021722199999999997,-0.0172923,-0.01296,-0.0086962,-0.0047678,-0.0009242999999999999,0.0025353,0.0057668,0.0086915,0.0111554,0.013333399999999999,0.015103899999999998,0.0164875,0.017551699999999996,0.018313899999999998,0.018833299999999997,0.0191889,0.0194274,0.019593,0.0196964,0.0197676,0.0198305,0.019851,0.019875399999999998,0.0198987,0.019916999999999997,0.0199387,0.019946699999999998,0.0199495,0.019978299999999997,0.019985100000000002,0.019987199999999997,0.019994,0.020013899999999998,0.020010399999999998,0.020028099999999997,0.0200262,0.0200297,0.0200342,0.0200225,0.0200365,0.020040499999999996,0.0200555,0.020054299999999997,0.020051499999999996,0.0200495,0.020048399999999997,0.020051199999999998,0.020055199999999995,0.0200575,0.0200704,0.0200743,0.0200795,0.0200879,0.0200768,0.020095099999999998,0.020095799999999997,0.0200995,0.020115499999999998,0.0201113,0.0201201,0.0201175,0.0201196,0.020121899999999998,0.020145699999999996,0.0201502,0.020156399999999998,0.0201656]},"cell_dimension":{"value":0.1,"unit":"cm2"},"sweep_direction":{"unit":"","value":"Reverse"},"key":"Reverse2.4R ITO+SAMo_211031"},{"sample_area":{"value":0.1,"unit":"cm2"},"irradiance":{"value":1,"unit":""},"pre_sweep_delay":{"value":10,"unit":""},"bias_direction":{"value":0,"unit":""},"max_reverse_bias":{"value":-0.2,"unit":""},"max_forward_bias":{"value":1.2,"unit":""},"num_sweep_points":{"value":70,"unit":""},"dwell_time":{"value":0,"unit":""},"current_limit":{"value":-10,"unit":""},"pviv_10a_i_amp":{"value":0,"unit":""},"average":{"value":1,"unit":""},"dark_current":{"value":0,"unit":""},"rshunt_v_lo":{"value":-0.6,"unit":""},"rshunt_v_hi":{"value":-0.1,"unit":""},"voc":{"value":1.05102902,"unit":"V"},"isc":{"value":0.00201571,"unit":"A"},"jsc":{"value":20.15713023,"unit":"mA\/cm2"},"imax":{"value":0.00188247,"unit":"A"},"vmax":{"value":0.86887177,"unit":"V"},"pmax":{"value":1.63562391,"unit":"mW"},"fill_factor":{"value":77.204,"unit":"%"},"efficiency":{"value":16.3562,"unit":"%"},"r_at_voc":{"value":49.841035,"unit":""},"r_at_isc":{"value":69815.159,"unit":""},"power":{"value":0.00196242,"unit":"W"},"rshunt":{"value":"NaN","unit":"ohm"},"cell_temp_start":{"value":"NaN","unit":""},"cell_temp_end":{"value":"NaN","unit":""},"exposure":{"value":14.917,"unit":""},"time":{"value":"02:14:59","unit":""},"date":{"value":"10\/31\/2021","unit":""},"V":{"value":[1.2,1.1797,1.1594,1.13915,1.11885,1.09855,1.07825,1.05795,1.0377,1.0174,0.9971,0.9768,0.9565,0.93625,0.91595,0.89565,0.87535,0.85505,0.8348,0.8145,0.7942,0.7739,0.7536,0.73335,0.71305,0.69275,0.67245,0.65215,0.6319,0.6116,0.5913,0.571,0.5507,0.53045,0.51015,0.48985,0.46955,0.4493,0.429,0.4087,0.3884,0.3681,0.34785,0.32755,0.30725,0.28695,0.26665,0.2464,0.2261,0.2058,0.1855,0.1652,0.14495,0.12465,0.10435,0.08405,0.06375,0.0435,0.0232,0.0029,-0.0174,-0.0377,-0.05795,-0.07825,-0.09855,-0.11885,-0.13915,-0.1594,-0.1797,-0.2],"unit":"V"},"I":{"value":[-0.00368189,-0.00320647,-0.00265015,-0.00210207,-0.00157202,-0.00106306,-0.00057043,-0.00013208,0.00027914,0.00064351,0.00096115,0.00121204,0.00142802,0.00159353,0.00171737,0.00180561,0.00186775,0.0019081,0.0019381,0.00195659,0.00196993,0.00197855,0.00198342,0.00198782,0.00198981,0.00199208,0.00199398,0.00199546,0.0019959,0.00199626,0.00199868,0.00199865,0.00200061,0.00200299,0.00200462,0.00200502,0.00200582,0.00200647,0.00200674,0.00200737,0.00200804,0.00200872,0.00200979,0.00200885,0.00201055,0.00200945,0.00201113,0.00201107,0.00201329,0.00201251,0.00201491,0.0020134,0.00201538,0.00201337,0.00201412,0.00201424,0.00201452,0.00201622,0.00201698,0.0020163,0.00201907,0.00201532,0.00201677,0.00201571,0.00201777,0.00201804,0.00201669,0.00201666,0.00201789,0.00201719],"unit":"A"},"J":{"unit":"A\/cm2","value":[-0.0368189,-0.032064699999999995,-0.026501499999999997,-0.0210207,-0.015720199999999997,-0.010630599999999999,-0.0057043,-0.0013207999999999998,0.0027914,0.0064351,0.0096115,0.012120399999999998,0.014280199999999998,0.0159353,0.0171737,0.0180561,0.0186775,0.019081,0.019381,0.019565899999999997,0.0196993,0.019785499999999998,0.0198342,0.0198782,0.0198981,0.019920799999999995,0.019939799999999997,0.0199546,0.019959,0.0199626,0.0199868,0.019986499999999997,0.0200061,0.0200299,0.020046199999999997,0.0200502,0.0200582,0.0200647,0.0200674,0.0200737,0.020080399999999998,0.020087199999999996,0.0200979,0.0200885,0.0201055,0.020094499999999998,0.0201113,0.020110699999999995,0.0201329,0.020125099999999996,0.0201491,0.020133999999999996,0.0201538,0.020133699999999997,0.020141199999999998,0.020142399999999998,0.0201452,0.020162199999999998,0.020169799999999998,0.020162999999999997,0.0201907,0.0201532,0.0201677,0.020157099999999997,0.020177699999999996,0.020180399999999998,0.020166899999999998,0.0201666,0.0201789,0.020171899999999996]},"cell_dimension":{"value":0.1,"unit":"cm2"},"sweep_direction":{"unit":"","value":"Reverse"},"key":"Reverse2.3R ITO+SAMo_211031"},{"sample_area":{"value":0.1,"unit":"cm2"},"irradiance":{"value":1,"unit":""},"pre_sweep_delay":{"value":10,"unit":""},"bias_direction":{"value":0,"unit":""},"max_reverse_bias":{"value":-0.2,"unit":""},"max_forward_bias":{"value":1.2,"unit":""},"num_sweep_points":{"value":70,"unit":""},"dwell_time":{"value":0,"unit":""},"current_limit":{"value":-10,"unit":""},"pviv_10a_i_amp":{"value":0,"unit":""},"average":{"value":1,"unit":""},"dark_current":{"value":0,"unit":""},"rshunt_v_lo":{"value":-0.6,"unit":""},"rshunt_v_hi":{"value":-0.1,"unit":""},"voc":{"value":1.05044528,"unit":"V"},"isc":{"value":0.00201027,"unit":"A"},"jsc":{"value":20.10267309,"unit":"mA\/cm2"},"imax":{"value":0.00188018,"unit":"A"},"vmax":{"value":0.8677082,"unit":"V"},"pmax":{"value":1.63144607,"unit":"mW"},"fill_factor":{"value":77.2584,"unit":"%"},"efficiency":{"value":16.3145,"unit":"%"},"r_at_voc":{"value":50.260177,"unit":""},"r_at_isc":{"value":41666.63,"unit":""},"power":{"value":0.00195561,"unit":"W"},"rshunt":{"value":"NaN","unit":"ohm"},"cell_temp_start":{"value":"NaN","unit":""},"cell_temp_end":{"value":"NaN","unit":""},"exposure":{"value":14.917,"unit":""},"time":{"value":"02:14:43","unit":""},"date":{"value":"10\/31\/2021","unit":""},"V":{"value":[1.2,1.1797,1.1594,1.13915,1.11885,1.09855,1.07825,1.05795,1.0377,1.0174,0.9971,0.9768,0.9565,0.93625,0.91595,0.89565,0.87535,0.85505,0.8348,0.8145,0.7942,0.7739,0.7536,0.73335,0.71305,0.69275,0.67245,0.65215,0.6319,0.6116,0.5913,0.571,0.5507,0.53045,0.51015,0.48985,0.46955,0.4493,0.429,0.4087,0.3884,0.3681,0.34785,0.32755,0.30725,0.28695,0.26665,0.2464,0.2261,0.2058,0.1855,0.1652,0.14495,0.12465,0.10435,0.08405,0.06375,0.0435,0.0232,0.0029,-0.0174,-0.0377,-0.05795,-0.07825,-0.09855,-0.11885,-0.13915,-0.1594,-0.1797,-0.2],"unit":"V"},"I":{"value":[-0.00366368,-0.00319645,-0.00264431,-0.00210189,-0.00157222,-0.00106606,-0.00057836,-0.00014167,0.00026444,0.00062713,0.00094405,0.00119513,0.00141168,0.00157982,0.00170735,0.00179889,0.0018624,0.00190419,0.00193324,0.00195281,0.00196596,0.00197385,0.00198036,0.00198476,0.00198783,0.00198991,0.00199154,0.00199298,0.00199412,0.00199553,0.00199696,0.00199712,0.00199754,0.00199789,0.00199956,0.00200062,0.00200091,0.00200096,0.00200218,0.00200192,0.00200277,0.0020019,0.00200232,0.00200236,0.00200286,0.00200304,0.00200321,0.0020045,0.00200522,0.00200578,0.00200734,0.00200656,0.00200663,0.00200626,0.00200815,0.00200797,0.00200752,0.00200934,0.0020103,0.00200979,0.00201101,0.00200991,0.00201163,0.00201249,0.00201257,0.00201407,0.00201406,0.00201415,0.00201415,0.00201498],"unit":"A"},"J":{"unit":"A\/cm2","value":[-0.0366368,-0.0319645,-0.026443099999999997,-0.021018899999999997,-0.0157222,-0.0106606,-0.0057836,-0.0014167,0.0026444,0.0062713000000000005,0.0094405,0.0119513,0.014116799999999999,0.0157982,0.0170735,0.0179889,0.018623999999999998,0.0190419,0.0193324,0.0195281,0.0196596,0.0197385,0.019803599999999998,0.019847599999999996,0.019878299999999998,0.0198991,0.0199154,0.0199298,0.019941199999999996,0.0199553,0.019969599999999997,0.019971199999999998,0.019975399999999997,0.019978899999999997,0.0199956,0.0200062,0.0200091,0.0200096,0.0200218,0.020019199999999997,0.0200277,0.020019,0.0200232,0.0200236,0.020028599999999997,0.0200304,0.0200321,0.020045,0.020052199999999996,0.020057799999999997,0.020073399999999998,0.0200656,0.0200663,0.0200626,0.020081500000000002,0.0200797,0.020075199999999998,0.0200934,0.020103,0.0200979,0.0201101,0.0200991,0.020116299999999997,0.020124899999999998,0.0201257,0.0201407,0.020140599999999998,0.0201415,0.0201415,0.0201498]},"cell_dimension":{"value":0.1,"unit":"cm2"},"sweep_direction":{"unit":"","value":"Reverse"},"key":"Reverse2.2R ITO+SAMo_211031"},{"sample_area":{"value":0.1,"unit":"cm2"},"irradiance":{"value":1,"unit":""},"pre_sweep_delay":{"value":10,"unit":""},"bias_direction":{"value":0,"unit":""},"max_reverse_bias":{"value":-0.2,"unit":""},"max_forward_bias":{"value":1.2,"unit":""},"num_sweep_points":{"value":70,"unit":""},"dwell_time":{"value":0,"unit":""},"current_limit":{"value":-10,"unit":""},"pviv_10a_i_amp":{"value":0,"unit":""},"average":{"value":1,"unit":""},"dark_current":{"value":0,"unit":""},"rshunt_v_lo":{"value":-0.6,"unit":""},"rshunt_v_hi":{"value":-0.1,"unit":""},"voc":{"value":1.05016766,"unit":"V"},"isc":{"value":0.00201471,"unit":"A"},"jsc":{"value":20.14714046,"unit":"mA\/cm2"},"imax":{"value":0.00188443,"unit":"A"},"vmax":{"value":0.86344908,"unit":"V"},"pmax":{"value":1.62710808,"unit":"mW"},"fill_factor":{"value":76.9032,"unit":"%"},"efficiency":{"value":16.2711,"unit":"%"},"r_at_voc":{"value":52.40075,"unit":""},"r_at_isc":{"value":51797.761,"unit":""},"power":{"value":0.00195529,"unit":"W"},"rshunt":{"value":"NaN","unit":"ohm"},"cell_temp_start":{"value":"NaN","unit":""},"cell_temp_end":{"value":"NaN","unit":""},"exposure":{"value":14.921,"unit":""},"time":{"value":"02:14:27","unit":""},"date":{"value":"10\/31\/2021","unit":""},"V":{"value":[1.2,1.1797,1.1594,1.13915,1.11885,1.09855,1.07825,1.05795,1.0377,1.0174,0.9971,0.9768,0.9565,0.93625,0.91595,0.89565,0.87535,0.85505,0.8348,0.8145,0.7942,0.7739,0.7536,0.73335,0.71305,0.69275,0.67245,0.65215,0.6319,0.6116,0.5913,0.571,0.5507,0.53045,0.51015,0.48985,0.46955,0.4493,0.429,0.4087,0.3884,0.3681,0.34785,0.32755,0.30725,0.28695,0.26665,0.2464,0.2261,0.2058,0.1855,0.1652,0.14495,0.12465,0.10435,0.08405,0.06375,0.0435,0.0232,0.0029,-0.0174,-0.0377,-0.05795,-0.07825,-0.09855,-0.11885,-0.13915,-0.1594,-0.1797,-0.2],"unit":"V"},"I":{"value":[-0.00345339,-0.0030284,-0.00250915,-0.00199676,-0.00149819,-0.00101982,-0.00055541,-0.00014324,0.00024783,0.0005993,0.00090624,0.00115805,0.00137929,0.00155467,0.00168906,0.00178683,0.00185436,0.00190209,0.00193306,0.00195384,0.00196894,0.00197822,0.00198544,0.00198954,0.00199176,0.00199499,0.00199656,0.00199784,0.00199892,0.00200013,0.00200119,0.00200144,0.00200422,0.00200439,0.0020046,0.00200564,0.00200455,0.00200674,0.00200657,0.00200752,0.00200702,0.00200807,0.00200877,0.00200671,0.00200744,0.00200932,0.00200861,0.0020097,0.00200998,0.00201141,0.00201199,0.00201111,0.00201189,0.00201295,0.00201314,0.00201321,0.00201371,0.00201513,0.002014,0.00201492,0.00201483,0.00201591,0.00201694,0.0020162,0.00201732,0.00201714,0.00201613,0.00201705,0.00201774,0.00201789],"unit":"A"},"J":{"unit":"A\/cm2","value":[-0.0345339,-0.030284,-0.0250915,-0.019967600000000002,-0.0149819,-0.0101982,-0.005554099999999999,-0.0014324,0.0024782999999999997,0.005992999999999999,0.0090624,0.0115805,0.0137929,0.015546699999999998,0.0168906,0.0178683,0.0185436,0.019020899999999997,0.019330599999999996,0.0195384,0.0196894,0.0197822,0.0198544,0.0198954,0.019917599999999997,0.019949899999999996,0.0199656,0.019978399999999997,0.0199892,0.0200013,0.0200119,0.0200144,0.0200422,0.0200439,0.020045999999999998,0.0200564,0.020045499999999997,0.0200674,0.0200657,0.020075199999999998,0.0200702,0.020080699999999996,0.0200877,0.0200671,0.0200744,0.020093200000000002,0.0200861,0.020097,0.0200998,0.0201141,0.0201199,0.0201111,0.0201189,0.020129499999999998,0.0201314,0.0201321,0.0201371,0.020151299999999997,0.02014,0.0201492,0.020148299999999997,0.0201591,0.0201694,0.020162,0.0201732,0.0201714,0.0201613,0.020170499999999997,0.020177399999999998,0.0201789]},"cell_dimension":{"value":0.1,"unit":"cm2"},"sweep_direction":{"unit":"","value":"Reverse"},"key":"Reverse2.1R ITO+SAMo_211031"},{"sample_area":{"value":0.1,"unit":"cm2"},"irradiance":{"value":1,"unit":""},"pre_sweep_delay":{"value":10,"unit":""},"bias_direction":{"value":0,"unit":""},"max_reverse_bias":{"value":-0.2,"unit":""},"max_forward_bias":{"value":1.2,"unit":""},"num_sweep_points":{"value":70,"unit":""},"dwell_time":{"value":0,"unit":""},"current_limit":{"value":-10,"unit":""},"pviv_10a_i_amp":{"value":0,"unit":""},"average":{"value":1,"unit":""},"dark_current":{"value":0,"unit":""},"rshunt_v_lo":{"value":-0.6,"unit":""},"rshunt_v_hi":{"value":-0.1,"unit":""},"voc":{"value":1.0398186,"unit":"V"},"isc":{"value":0.00203049,"unit":"A"},"jsc":{"value":20.3049106,"unit":"mA\/cm2"},"imax":{"value":0.0018431,"unit":"A"},"vmax":{"value":0.84524612,"unit":"V"},"pmax":{"value":1.55787297,"unit":"mW"},"fill_factor":{"value":73.7859,"unit":"%"},"efficiency":{"value":15.5787,"unit":"%"},"r_at_voc":{"value":45.735868,"unit":""},"r_at_isc":{"value":24724.011,"unit":""},"power":{"value":0.00193106,"unit":"W"},"rshunt":{"value":"NaN","unit":"ohm"},"cell_temp_start":{"value":"NaN","unit":""},"cell_temp_end":{"value":"NaN","unit":""},"exposure":{"value":15.078,"unit":""},"time":{"value":"02:18:59","unit":""},"date":{"value":"10\/31\/2021","unit":""},"V":{"value":[1.2,1.1797,1.1594,1.13915,1.11885,1.09855,1.07825,1.05795,1.0377,1.0174,0.9971,0.9768,0.9565,0.93625,0.91595,0.89565,0.87535,0.85505,0.8348,0.8145,0.7942,0.7739,0.7536,0.73335,0.71305,0.69275,0.67245,0.65215,0.6319,0.6116,0.5913,0.571,0.5507,0.53045,0.51015,0.48985,0.46955,0.4493,0.429,0.4087,0.3884,0.3681,0.34785,0.32755,0.30725,0.28695,0.26665,0.2464,0.2261,0.2058,0.1855,0.1652,0.14495,0.12465,0.10435,0.08405,0.06375,0.0435,0.0232,0.0029,-0.0174,-0.0377,-0.05795,-0.07825,-0.09855,-0.11885,-0.13915,-0.1594,-0.1797,-0.2],"unit":"V"},"I":{"value":[-0.00412024,-0.00372699,-0.00317412,-0.00258582,-0.00200125,-0.0014353,-0.00086322,-0.0003929,6.328e-5,0.00045163,0.00077043,0.00104178,0.00126216,0.00143643,0.00157493,0.00168039,0.00176262,0.00181768,0.00186468,0.00189884,0.00192425,0.00194217,0.00195758,0.00196772,0.00197657,0.00198411,0.00198955,0.00199554,0.00199777,0.00200013,0.00200388,0.002005,0.00200796,0.00200914,0.00201137,0.00201114,0.00201334,0.00201356,0.00201549,0.00201808,0.0020192,0.0020186,0.00201905,0.00201887,0.0020199,0.00202045,0.00202043,0.00202053,0.00202124,0.00202147,0.00202149,0.00202383,0.00202342,0.00202502,0.00202586,0.00202719,0.00202734,0.00202718,0.00202692,0.0020277,0.00203543,0.00203343,0.00203259,0.00203376,0.00203507,0.0020366,0.00203575,0.00203783,0.00203856,0.00203739],"unit":"A"},"J":{"unit":"A\/cm2","value":[-0.04120239999999999,-0.037269899999999995,-0.0317412,-0.025858199999999998,-0.0200125,-0.014353,-0.0086322,-0.003929,0.0006328,0.0045163,0.0077043,0.0104178,0.0126216,0.0143643,0.015749299999999997,0.016803899999999997,0.017626199999999998,0.018176799999999996,0.018646799999999998,0.0189884,0.0192425,0.0194217,0.019575799999999997,0.0196772,0.019765699999999997,0.019841099999999997,0.0198955,0.019955399999999998,0.019977699999999998,0.0200013,0.0200388,0.02005,0.0200796,0.0200914,0.0201137,0.020111399999999998,0.0201334,0.0201356,0.0201549,0.020180799999999995,0.020191999999999998,0.020186,0.0201905,0.020188699999999997,0.020198999999999998,0.0202045,0.0202043,0.0202053,0.0202124,0.0202147,0.020214899999999997,0.020238299999999997,0.0202342,0.0202502,0.020258599999999998,0.0202719,0.020273399999999997,0.0202718,0.0202692,0.020276999999999996,0.0203543,0.0203343,0.020325899999999997,0.020337599999999997,0.0203507,0.020366,0.020357499999999997,0.0203783,0.0203856,0.0203739]},"cell_dimension":{"value":0.1,"unit":"cm2"},"sweep_direction":{"unit":"","value":"Reverse"},"key":"Reverse2.15R ITO+SAMo_211031"},{"sample_area":{"value":0.1,"unit":"cm2"},"irradiance":{"value":1,"unit":""},"pre_sweep_delay":{"value":10,"unit":""},"bias_direction":{"value":0,"unit":""},"max_reverse_bias":{"value":-0.2,"unit":""},"max_forward_bias":{"value":1.2,"unit":""},"num_sweep_points":{"value":70,"unit":""},"dwell_time":{"value":0,"unit":""},"current_limit":{"value":-10,"unit":""},"pviv_10a_i_amp":{"value":0,"unit":""},"average":{"value":1,"unit":""},"dark_current":{"value":0,"unit":""},"rshunt_v_lo":{"value":-0.6,"unit":""},"rshunt_v_hi":{"value":-0.1,"unit":""},"voc":{"value":1.04018165,"unit":"V"},"isc":{"value":0.00203257,"unit":"A"},"jsc":{"value":20.3256792,"unit":"mA\/cm2"},"imax":{"value":0.00184494,"unit":"A"},"vmax":{"value":0.84543545,"unit":"V"},"pmax":{"value":1.55978101,"unit":"mW"},"fill_factor":{"value":73.775,"unit":"%"},"efficiency":{"value":15.5978,"unit":"%"},"r_at_voc":{"value":46.13216,"unit":""},"r_at_isc":{"value":24739.206,"unit":""},"power":{"value":0.00193263,"unit":"W"},"rshunt":{"value":"NaN","unit":"ohm"},"cell_temp_start":{"value":"NaN","unit":""},"cell_temp_end":{"value":"NaN","unit":""},"exposure":{"value":15.074,"unit":""},"time":{"value":"02:18:43","unit":""},"date":{"value":"10\/31\/2021","unit":""},"V":{"value":[1.2,1.1797,1.1594,1.13915,1.11885,1.09855,1.07825,1.05795,1.0377,1.0174,0.9971,0.9768,0.9565,0.93625,0.91595,0.89565,0.87535,0.85505,0.8348,0.8145,0.7942,0.7739,0.7536,0.73335,0.71305,0.69275,0.67245,0.65215,0.6319,0.6116,0.5913,0.571,0.5507,0.53045,0.51015,0.48985,0.46955,0.4493,0.429,0.4087,0.3884,0.3681,0.34785,0.32755,0.30725,0.28695,0.26665,0.2464,0.2261,0.2058,0.1855,0.1652,0.14495,0.12465,0.10435,0.08405,0.06375,0.0435,0.0232,0.0029,-0.0174,-0.0377,-0.05795,-0.07825,-0.09855,-0.11885,-0.13915,-0.1594,-0.1797,-0.2],"unit":"V"},"I":{"value":[-0.00407316,-0.00367398,-0.00312977,-0.00254912,-0.0019722,-0.001411,-0.00084725,-0.00038179,7.019e-5,0.0004566,0.00077406,0.00104423,0.00126313,0.00143989,0.0015787,0.00168291,0.0017639,0.00182157,0.00186785,0.00189941,0.00192744,0.00194404,0.00196056,0.00197045,0.00198011,0.00198524,0.00199272,0.00199519,0.00199716,0.00200023,0.00200359,0.00200493,0.00200705,0.00200803,0.00200992,0.00201117,0.0020117,0.00201213,0.00201463,0.00201615,0.00201648,0.00201737,0.00201991,0.002021,0.00202131,0.00202065,0.00202074,0.00202194,0.00202341,0.00202371,0.0020251,0.00202587,0.0020275,0.00202597,0.00202639,0.00202985,0.00203057,0.00203006,0.00203139,0.00203224,0.00203901,0.00203504,0.00203516,0.00203551,0.00203756,0.00203861,0.00203825,0.00203808,0.00203755,0.00203892],"unit":"A"},"J":{"unit":"A\/cm2","value":[-0.0407316,-0.036739799999999996,-0.0312977,-0.025491200000000002,-0.019721999999999996,-0.01411,-0.008472499999999999,-0.0038179,0.0007019,0.004566,0.0077406,0.010442299999999998,0.012631299999999998,0.014398900000000001,0.015787,0.0168291,0.017639,0.018215699999999998,0.018678499999999997,0.0189941,0.0192744,0.0194404,0.0196056,0.019704499999999996,0.019801100000000002,0.0198524,0.0199272,0.019951899999999998,0.0199716,0.020002299999999997,0.0200359,0.020049299999999996,0.020070499999999998,0.0200803,0.0200992,0.0201117,0.020117,0.020121299999999998,0.0201463,0.0201615,0.0201648,0.0201737,0.0201991,0.020209999999999995,0.0202131,0.0202065,0.0202074,0.0202194,0.020234099999999998,0.0202371,0.020251,0.020258699999999998,0.020274999999999998,0.020259700000000002,0.020263899999999998,0.0202985,0.0203057,0.020300600000000002,0.0203139,0.020322399999999997,0.020390099999999998,0.0203504,0.020351599999999997,0.020355099999999998,0.020375599999999997,0.0203861,0.0203825,0.020380799999999998,0.020375499999999998,0.0203892]},"cell_dimension":{"value":0.1,"unit":"cm2"},"sweep_direction":{"unit":"","value":"Reverse"},"key":"Reverse2.14R ITO+SAMo_211031"},{"sample_area":{"value":0.1,"unit":"cm2"},"irradiance":{"value":1,"unit":""},"pre_sweep_delay":{"value":10,"unit":""},"bias_direction":{"value":0,"unit":""},"max_reverse_bias":{"value":-0.2,"unit":""},"max_forward_bias":{"value":1.2,"unit":""},"num_sweep_points":{"value":70,"unit":""},"dwell_time":{"value":0,"unit":""},"current_limit":{"value":-10,"unit":""},"pviv_10a_i_amp":{"value":0,"unit":""},"average":{"value":1,"unit":""},"dark_current":{"value":0,"unit":""},"rshunt_v_lo":{"value":-0.6,"unit":""},"rshunt_v_hi":{"value":-0.1,"unit":""},"voc":{"value":1.04094452,"unit":"V"},"isc":{"value":0.00203765,"unit":"A"},"jsc":{"value":20.37653927,"unit":"mA\/cm2"},"imax":{"value":0.00184802,"unit":"A"},"vmax":{"value":0.84612763,"unit":"V"},"pmax":{"value":1.56365814,"unit":"mW"},"fill_factor":{"value":73.7197,"unit":"%"},"efficiency":{"value":15.6366,"unit":"%"},"r_at_voc":{"value":46.64521,"unit":""},"r_at_isc":{"value":27190.497,"unit":""},"power":{"value":0.00193897,"unit":"W"},"rshunt":{"value":"NaN","unit":"ohm"},"cell_temp_start":{"value":"NaN","unit":""},"cell_temp_end":{"value":"NaN","unit":""},"exposure":{"value":15.094,"unit":""},"time":{"value":"02:18:27","unit":""},"date":{"value":"10\/31\/2021","unit":""},"V":{"value":[1.2,1.1797,1.1594,1.13915,1.11885,1.09855,1.07825,1.05795,1.0377,1.0174,0.9971,0.9768,0.9565,0.93625,0.91595,0.89565,0.87535,0.85505,0.8348,0.8145,0.7942,0.7739,0.7536,0.73335,0.71305,0.69275,0.67245,0.65215,0.6319,0.6116,0.5913,0.571,0.5507,0.53045,0.51015,0.48985,0.46955,0.4493,0.429,0.4087,0.3884,0.3681,0.34785,0.32755,0.30725,0.28695,0.26665,0.2464,0.2261,0.2058,0.1855,0.1652,0.14495,0.12465,0.10435,0.08405,0.06375,0.0435,0.0232,0.0029,-0.0174,-0.0377,-0.05795,-0.07825,-0.09855,-0.11885,-0.13915,-0.1594,-0.1797,-0.2],"unit":"V"},"I":{"value":[-0.00400456,-0.00360557,-0.00306477,-0.00249605,-0.001926,-0.00137491,-0.00082075,-0.00036178,8.602e-5,0.00046796,0.0007825,0.00104976,0.00127019,0.00144596,0.00158317,0.00168756,0.00176637,0.00182877,0.00187045,0.00190501,0.00192884,0.00194798,0.00196377,0.00197767,0.00198611,0.00199167,0.00199893,0.0020025,0.0020046,0.00200766,0.00201038,0.00201202,0.00201362,0.00201453,0.00201615,0.00201795,0.00201934,0.00202193,0.00202126,0.00202247,0.00202274,0.00202319,0.002024,0.00202327,0.00202618,0.00202557,0.00202789,0.00202833,0.00202749,0.00202815,0.00203168,0.0020311,0.002034,0.00203386,0.00203404,0.00203552,0.0020348,0.00203584,0.00203744,0.00203738,0.0020437,0.00204092,0.00204097,0.00204123,0.00204081,0.00204036,0.00204283,0.00204191,0.00204223,0.0020435],"unit":"A"},"J":{"unit":"A\/cm2","value":[-0.040045599999999994,-0.0360557,-0.0306477,-0.0249605,-0.01926,-0.0137491,-0.0082075,-0.0036178,0.0008602,0.0046796,0.007824999999999999,0.0104976,0.0127019,0.0144596,0.0158317,0.0168756,0.017663699999999997,0.018287699999999997,0.0187045,0.019050099999999997,0.0192884,0.0194798,0.0196377,0.019776699999999998,0.0198611,0.0199167,0.019989299999999998,0.020024999999999998,0.020045999999999998,0.0200766,0.020103799999999998,0.0201202,0.020136199999999996,0.020145299999999998,0.0201615,0.0201795,0.0201934,0.0202193,0.020212599999999997,0.0202247,0.020227399999999996,0.020231899999999997,0.02024,0.0202327,0.020261799999999996,0.020255699999999998,0.0202789,0.0202833,0.0202749,0.020281499999999997,0.0203168,0.020311,0.020339999999999997,0.020338600000000002,0.020340399999999998,0.020355199999999997,0.020347999999999998,0.0203584,0.0203744,0.0203738,0.020436999999999997,0.0204092,0.0204097,0.0204123,0.0204081,0.0204036,0.020428299999999996,0.0204191,0.020422299999999997,0.020435000000000002]},"cell_dimension":{"value":0.1,"unit":"cm2"},"sweep_direction":{"unit":"","value":"Reverse"},"key":"Reverse2.13R ITO+SAMo_211031"},{"sample_area":{"value":0.1,"unit":"cm2"},"irradiance":{"value":1,"unit":""},"pre_sweep_delay":{"value":10,"unit":""},"bias_direction":{"value":0,"unit":""},"max_reverse_bias":{"value":-0.2,"unit":""},"max_forward_bias":{"value":1.2,"unit":""},"num_sweep_points":{"value":70,"unit":""},"dwell_time":{"value":0,"unit":""},"current_limit":{"value":-10,"unit":""},"pviv_10a_i_amp":{"value":0,"unit":""},"average":{"value":1,"unit":""},"dark_current":{"value":0,"unit":""},"rshunt_v_lo":{"value":-0.6,"unit":""},"rshunt_v_hi":{"value":-0.1,"unit":""},"voc":{"value":1.06428116,"unit":"V"},"isc":{"value":0.00202074,"unit":"A"},"jsc":{"value":20.2073515,"unit":"mA\/cm2"},"imax":{"value":0.00189963,"unit":"A"},"vmax":{"value":0.90484235,"unit":"V"},"pmax":{"value":1.71886509,"unit":"mW"},"fill_factor":{"value":79.9238,"unit":"%"},"efficiency":{"value":17.1887,"unit":"%"},"r_at_voc":{"value":36.641723,"unit":""},"r_at_isc":{"value":50326.866,"unit":""},"power":{"value":0.00202294,"unit":"W"},"rshunt":{"value":"NaN","unit":"ohm"},"cell_temp_start":{"value":"NaN","unit":""},"cell_temp_end":{"value":"NaN","unit":""},"exposure":{"value":14.904,"unit":""},"time":{"value":"02:17:58","unit":""},"date":{"value":"10\/31\/2021","unit":""},"V":{"value":[1.2,1.1797,1.1594,1.13915,1.11885,1.09855,1.07825,1.05795,1.0377,1.0174,0.9971,0.9768,0.9565,0.93625,0.91595,0.89565,0.87535,0.85505,0.8348,0.8145,0.7942,0.7739,0.7536,0.73335,0.71305,0.69275,0.67245,0.65215,0.6319,0.6116,0.5913,0.571,0.5507,0.53045,0.51015,0.48985,0.46955,0.4493,0.429,0.4087,0.3884,0.3681,0.34785,0.32755,0.30725,0.28695,0.26665,0.2464,0.2261,0.2058,0.1855,0.1652,0.14495,0.12465,0.10435,0.08405,0.06375,0.0435,0.0232,0.0029,-0.0174,-0.0377,-0.05795,-0.07825,-0.09855,-0.11885,-0.13915,-0.1594,-0.1797,-0.2],"unit":"V"},"I":{"value":[-0.0044621,-0.00395003,-0.00320054,-0.00244858,-0.00172008,-0.00102033,-0.00034664,0.00018869,0.0006604,0.00105535,0.00134873,0.00156374,0.00171293,0.00181194,0.00187615,0.00191752,0.00194262,0.0019628,0.00197461,0.00198444,0.00199036,0.00199508,0.00199857,0.00200228,0.00200365,0.00200623,0.00200668,0.00200834,0.00200862,0.00200919,0.00201093,0.00201073,0.00201102,0.00201142,0.00201166,0.00201218,0.00201234,0.00201191,0.00201381,0.00201265,0.00201386,0.00201338,0.00201418,0.00201346,0.00201362,0.00201339,0.0020158,0.00201622,0.00201647,0.00201665,0.00201849,0.00201814,0.00201763,0.00201869,0.00201836,0.00202,0.00201877,0.00201899,0.00202113,0.00201991,0.00202345,0.00202158,0.00202193,0.00202251,0.00202093,0.00202219,0.00202264,0.00202411,0.002025,0.00202483],"unit":"A"},"J":{"unit":"A\/cm2","value":[-0.044621,-0.0395003,-0.032005399999999996,-0.0244858,-0.0172008,-0.0102033,-0.0034663999999999997,0.0018869,0.006604,0.0105535,0.013487299999999999,0.0156374,0.0171293,0.018119399999999997,0.0187615,0.0191752,0.019426199999999998,0.019627999999999996,0.0197461,0.019844399999999998,0.0199036,0.0199508,0.0199857,0.020022799999999997,0.0200365,0.020062299999999998,0.020066799999999996,0.020083399999999998,0.0200862,0.0200919,0.0201093,0.020107299999999998,0.020110199999999998,0.0201142,0.020116600000000002,0.0201218,0.0201234,0.020119099999999997,0.0201381,0.0201265,0.0201386,0.020133799999999997,0.020141799999999998,0.0201346,0.020136199999999996,0.020133899999999996,0.020158,0.020162199999999998,0.020164699999999997,0.0201665,0.0201849,0.0201814,0.020176299999999998,0.0201869,0.020183599999999996,0.0202,0.0201877,0.0201899,0.020211299999999998,0.0201991,0.0202345,0.020215799999999996,0.0202193,0.0202251,0.0202093,0.0202219,0.0202264,0.020241099999999998,0.020249999999999997,0.0202483]},"cell_dimension":{"value":0.1,"unit":"cm2"},"sweep_direction":{"unit":"","value":"Reverse"},"key":"Reverse2.12R ITO+SAMo_211031"},{"sample_area":{"value":0.1,"unit":"cm2"},"irradiance":{"value":1,"unit":""},"pre_sweep_delay":{"value":10,"unit":""},"bias_direction":{"value":0,"unit":""},"max_reverse_bias":{"value":-0.2,"unit":""},"max_forward_bias":{"value":1.2,"unit":""},"num_sweep_points":{"value":70,"unit":""},"dwell_time":{"value":0,"unit":""},"current_limit":{"value":-10,"unit":""},"pviv_10a_i_amp":{"value":0,"unit":""},"average":{"value":1,"unit":""},"dark_current":{"value":0,"unit":""},"rshunt_v_lo":{"value":-0.6,"unit":""},"rshunt_v_hi":{"value":-0.1,"unit":""},"voc":{"value":1.06426594,"unit":"V"},"isc":{"value":0.00202414,"unit":"A"},"jsc":{"value":20.24143329,"unit":"mA\/cm2"},"imax":{"value":0.00190037,"unit":"A"},"vmax":{"value":0.9000433,"unit":"V"},"pmax":{"value":1.7104134,"unit":"mW"},"fill_factor":{"value":79.398,"unit":"%"},"efficiency":{"value":17.1041,"unit":"%"},"r_at_voc":{"value":39.521875,"unit":""},"r_at_isc":{"value":53012.172,"unit":""},"power":{"value":0.0020199,"unit":"W"},"rshunt":{"value":"NaN","unit":"ohm"},"cell_temp_start":{"value":"NaN","unit":""},"cell_temp_end":{"value":"NaN","unit":""},"exposure":{"value":14.916,"unit":""},"time":{"value":"02:17:42","unit":""},"date":{"value":"10\/31\/2021","unit":""},"V":{"value":[1.2,1.1797,1.1594,1.13915,1.11885,1.09855,1.07825,1.05795,1.0377,1.0174,0.9971,0.9768,0.9565,0.93625,0.91595,0.89565,0.87535,0.85505,0.8348,0.8145,0.7942,0.7739,0.7536,0.73335,0.71305,0.69275,0.67245,0.65215,0.6319,0.6116,0.5913,0.571,0.5507,0.53045,0.51015,0.48985,0.46955,0.4493,0.429,0.4087,0.3884,0.3681,0.34785,0.32755,0.30725,0.28695,0.26665,0.2464,0.2261,0.2058,0.1855,0.1652,0.14495,0.12465,0.10435,0.08405,0.06375,0.0435,0.0232,0.0029,-0.0174,-0.0377,-0.05795,-0.07825,-0.09855,-0.11885,-0.13915,-0.1594,-0.1797,-0.2],"unit":"V"},"I":{"value":[-0.00409841,-0.00361061,-0.00293643,-0.00224908,-0.00157775,-0.00090329,-0.00034486,0.00017769,0.00062872,0.00100768,0.00130201,0.00152388,0.00168276,0.00179405,0.00186279,0.00190869,0.00193939,0.00195936,0.00197292,0.00198161,0.00199108,0.0019941,0.0019996,0.00200188,0.00200498,0.00200667,0.00200816,0.00201061,0.00201148,0.00201178,0.00201221,0.00201197,0.00201318,0.00201431,0.00201416,0.00201523,0.00201543,0.00201558,0.00201598,0.0020168,0.00201737,0.00201627,0.00201875,0.00201688,0.00201836,0.00201898,0.00201928,0.00201962,0.00201912,0.00201979,0.00202076,0.00201967,0.00202175,0.00202189,0.0020228,0.00202383,0.00202261,0.00202238,0.00202389,0.00202278,0.00202724,0.00202441,0.00202559,0.00202645,0.00202635,0.00202596,0.00202635,0.00202734,0.00202652,0.00202772],"unit":"A"},"J":{"unit":"A\/cm2","value":[-0.0409841,-0.0361061,-0.029364299999999996,-0.0224908,-0.0157775,-0.009032899999999998,-0.0034486,0.0017768999999999999,0.0062872,0.010076799999999999,0.013020099999999998,0.0152388,0.016827599999999998,0.017940499999999998,0.0186279,0.0190869,0.0193939,0.019593599999999996,0.0197292,0.0198161,0.0199108,0.019940999999999997,0.019995999999999996,0.0200188,0.0200498,0.020066699999999996,0.0200816,0.0201061,0.0201148,0.020117799999999998,0.020122099999999997,0.0201197,0.0201318,0.0201431,0.0201416,0.020152299999999998,0.020154299999999997,0.020155799999999998,0.0201598,0.020168,0.0201737,0.0201627,0.0201875,0.020168799999999997,0.020183599999999996,0.0201898,0.0201928,0.0201962,0.0201912,0.020197899999999998,0.0202076,0.020196699999999998,0.0202175,0.0202189,0.020228,0.020238299999999997,0.0202261,0.020223799999999997,0.020238899999999997,0.0202278,0.0202724,0.020244099999999998,0.020255899999999997,0.020264499999999998,0.0202635,0.020259599999999996,0.0202635,0.020273399999999997,0.020265199999999997,0.020277200000000002]},"cell_dimension":{"value":0.1,"unit":"cm2"},"sweep_direction":{"unit":"","value":"Reverse"},"key":"Reverse2.11R ITO+SAMo_211031"},{"sample_area":{"value":0.1,"unit":"cm2"},"irradiance":{"value":1,"unit":""},"pre_sweep_delay":{"value":10,"unit":""},"bias_direction":{"value":0,"unit":""},"max_reverse_bias":{"value":-0.2,"unit":""},"max_forward_bias":{"value":1.2,"unit":""},"num_sweep_points":{"value":70,"unit":""},"dwell_time":{"value":0,"unit":""},"current_limit":{"value":-10,"unit":""},"pviv_10a_i_amp":{"value":0,"unit":""},"average":{"value":1,"unit":""},"dark_current":{"value":0,"unit":""},"rshunt_v_lo":{"value":-0.6,"unit":""},"rshunt_v_hi":{"value":-0.1,"unit":""},"voc":{"value":1.0653055,"unit":"V"},"isc":{"value":0.00202541,"unit":"A"},"jsc":{"value":20.25409419,"unit":"mA\/cm2"},"imax":{"value":0.0019047,"unit":"A"},"vmax":{"value":0.90337454,"unit":"V"},"pmax":{"value":1.72065921,"unit":"mW"},"fill_factor":{"value":79.7458,"unit":"%"},"efficiency":{"value":17.2066,"unit":"%"},"r_at_voc":{"value":38.09462,"unit":""},"r_at_isc":{"value":57497.439,"unit":""},"power":{"value":0.00202587,"unit":"W"},"rshunt":{"value":"NaN","unit":"ohm"},"cell_temp_start":{"value":"NaN","unit":""},"cell_temp_end":{"value":"NaN","unit":""},"exposure":{"value":14.928,"unit":""},"time":{"value":"02:17:26","unit":""},"date":{"value":"10\/31\/2021","unit":""},"V":{"value":[1.2,1.1797,1.1594,1.13915,1.11885,1.09855,1.07825,1.05795,1.0377,1.0174,0.9971,0.9768,0.9565,0.93625,0.91595,0.89565,0.87535,0.85505,0.8348,0.8145,0.7942,0.7739,0.7536,0.73335,0.71305,0.69275,0.67245,0.65215,0.6319,0.6116,0.5913,0.571,0.5507,0.53045,0.51015,0.48985,0.46955,0.4493,0.429,0.4087,0.3884,0.3681,0.34785,0.32755,0.30725,0.28695,0.26665,0.2464,0.2261,0.2058,0.1855,0.1652,0.14495,0.12465,0.10435,0.08405,0.06375,0.0435,0.0232,0.0029,-0.0174,-0.0377,-0.05795,-0.07825,-0.09855,-0.11885,-0.13915,-0.1594,-0.1797,-0.2],"unit":"V"},"I":{"value":[-0.00439907,-0.00387055,-0.00313094,-0.00233577,-0.00161858,-0.000914,-0.00032943,0.00021367,0.00067443,0.00105493,0.00134396,0.00155771,0.00170783,0.00181247,0.00187681,0.0019198,0.00194704,0.00196607,0.00197821,0.00198728,0.00199389,0.00199769,0.00200089,0.00200496,0.00200636,0.00200803,0.00200811,0.00200929,0.00200896,0.00200998,0.00201045,0.00201089,0.00201096,0.00201102,0.00201137,0.00201097,0.00201226,0.00201183,0.00201242,0.0020137,0.00201549,0.00201543,0.00201797,0.00201842,0.00201927,0.00201969,0.00202055,0.00202114,0.00202113,0.00202221,0.00202248,0.0020229,0.00202263,0.00202321,0.00202318,0.00202326,0.00202479,0.00202552,0.00202524,0.00202609,0.00202859,0.00202743,0.00202643,0.00202619,0.00202642,0.00202701,0.00202698,0.00202723,0.00202865,0.00202818],"unit":"A"},"J":{"unit":"A\/cm2","value":[-0.043990699999999994,-0.0387055,-0.0313094,-0.0233577,-0.0161858,-0.009139999999999999,-0.0032943,0.0021367,0.006744299999999999,0.0105493,0.0134396,0.015577099999999998,0.017078299999999998,0.0181247,0.0187681,0.019198,0.0194704,0.019660699999999996,0.0197821,0.0198728,0.0199389,0.0199769,0.0200089,0.0200496,0.020063599999999997,0.0200803,0.020081099999999998,0.020092899999999997,0.0200896,0.0200998,0.020104499999999997,0.0201089,0.0201096,0.020110199999999998,0.0201137,0.020109699999999998,0.0201226,0.0201183,0.0201242,0.020137000000000002,0.0201549,0.020154299999999997,0.0201797,0.0201842,0.0201927,0.0201969,0.020205499999999998,0.020211399999999997,0.020211299999999998,0.0202221,0.0202248,0.020228999999999997,0.0202263,0.0202321,0.020231799999999998,0.020232599999999996,0.020247899999999996,0.020255199999999998,0.0202524,0.0202609,0.020285899999999996,0.020274300000000002,0.0202643,0.0202619,0.0202642,0.0202701,0.020269799999999998,0.0202723,0.0202865,0.0202818]},"cell_dimension":{"value":0.1,"unit":"cm2"},"sweep_direction":{"unit":"","value":"Reverse"},"key":"Reverse2.10R ITO+SAMo_211031"}]}}