{"_id":"653c851669ca747fb611ae5c","id":"KNU-SC-00131","author":79,"group":8,"input":[{"tco":{"unit":"","value":"ITO"}},[],{"etl":[{"material":{"unit":"","value":"TiO2"},"concentration":{"unit":"","value":"10"},"conc_unit":{"unit":"","value":"mg\/ml"},"quantity":{"unit":"ml","value":"1"}}],"solvent":[{"material":{"unit":"","value":"IPA"},"volume":{"unit":"ml","value":"1"}}],"spin_coating":[{"type":{"unit":"","value":"dynamic"},"rpm":{"unit":"","value":"3000"},"time":{"unit":"s","value":"30"}}],"vacuum_suction":[{"unit":"s","value":"0"}],"annealing":[{"temperature":{"unit":"oC","value":"100"},"time":{"unit":"m","value":"10"}}],"etl_doping":[{"material":{"unit":"","value":"KCl"},"volume":{"unit":"ul","value":"0"}}],"module":[{"type":{"unit":"","value":"Bar coating"},"gap":{"unit":"um","value":"0"},"coating_speed":{"unit":"mm\/s","value":"0"},"feeding_amount":{"unit":"ul","value":"0"}}],"thermal_evaporation":[{"evaporation_rate":{"unit":"A\/s","value":null},"vacuum_pressure":{"unit":"uTorr","value":null},"vacuum_evaporation_thickness":{"unit":"nm","value":"0"}}]},{"etl_treatment":[],"solvent":[{"material":{"unit":"","value":"IPA"},"volume":{"unit":"ml","value":"01"}},{"material":{"unit":"","value":"DMSO"},"volume":{"unit":"ml","value":"0"}}],"spin_coating":[{"type":{"unit":"","value":"dynamic"},"rpm":{"unit":"","value":"3000"},"time":{"unit":"s","value":"30"}}],"vacuum_suction":[{"unit":"s","value":"0"}],"annealing":[{"temperature":{"unit":"oC","value":"100"},"time":{"unit":"m","value":"30"}}],"module":[{"type":{"unit":"","value":"Bar coating"},"gap":{"unit":"um","value":"0"},"coating_speed":{"unit":"mm\/s","value":"0"},"feeding_amount":{"unit":"ul","value":"0"}}],"thermal_evaporation":[{"evaporation_rate":{"unit":"A\/s","value":null},"vacuum_pressure":{"unit":"uTorr","value":null},"vacuum_evaporation_thickness":{"unit":"nm","value":"0"}}]},[],{"perovskite":{"method":{"unit":"","value":"1step"},"molarity":{"unit":"M","value":"1.5"},"a_site":[{"material":{"unit":"","value":"FA"},"ratio":{"unit":"","value":"0.7553"}},{"material":{"unit":"","value":"Cs"},"ratio":{"unit":"","value":"0.1411"}},{"material":{"unit":"","value":"MA"},"ratio":{"unit":"","value":"0.074"}}],"b_site":[{"material":{"unit":"","value":"Pb"},"ratio":{"unit":"","value":"100"}},{"material":{"unit":"","value":"Sn"},"ratio":{"unit":"","value":"0"}}],"x_site":[{"material":{"unit":"","value":"I"},"ratio":{"unit":"","value":"70"}},{"material":{"unit":"","value":"Br"},"ratio":{"unit":"","value":"30"}}],"solvent":[{"material":{"unit":"","value":"DMF"},"volume":{"unit":"ml","value":"0.8"}},{"material":{"unit":"","value":"DMSO"},"volume":{"unit":"ml","value":"0.2"}}],"stirring_time":[{"unit":"m","value":"120"}],"antisolvent":[{"material":{"unit":"","value":"CB"},"quantity":{"unit":"ul","value":"300"},"dripping_time":{"unit":"s","value":"19"}}],"spin_coating":[{"type":{"unit":"","value":"dynamic"},"rpm":{"unit":"","value":"5000"},"time":{"unit":"s","value":"40"}}],"annealing":[{"temperature":{"unit":"oC","value":"100"},"time":{"unit":"m","value":"45"}}],"atmosphere":[{"type":{"unit":"","value":"N2"},"temperature":{"unit":"oC","value":"28"},"humidity":{"unit":"RH%","value":"0"}}],"assist":[{"type":{"unit":"","value":"DMSO vacuum assist"},"temperature":{"unit":"oC","value":"None"},"assist_start_time":{"value":null,"unit":"s"},"total_assist_time":{"value":"None","unit":"s"}}],"module":[{"type":{"unit":"","value":"Bar coating"},"gap":{"unit":"um","value":"0"},"coating_speed":{"unit":"mm\/s","value":"0"},"feeding_amount":{"unit":"ul","value":"0"}}],"thermal_evaporation":[{"evaporation_rate":{"unit":"A\/s","value":null},"vacuum_pressure":{"unit":"uTorr","value":null},"vacuum_evaporation_thickness":{"unit":"nm","value":"0"}}],"additive":[{"material":{"unit":"","value":"MACl"},"solvent":{"unit":"","value":null},"concentration":{"unit":"","value":"0.024"},"conc_unit":{"unit":"","value":"g"},"quantity":{"unit":"mol%","value":null}}]}},{"perovskite_treatment":[{"material":{"unit":"","value":"OAI"},"concentration":{"unit":"","value":"0"},"conc_unit":{"unit":"","value":"mg\/ml"},"quantity":{"unit":"ml","value":"1"}}],"solvent":[{"material":{"unit":"","value":"IPA"},"volume":{"unit":"ml","value":"0"}}],"spin_coating":[{"type":{"unit":"","value":"dynamic"},"rpm":{"unit":"","value":"3000"},"time":{"unit":"s","value":"30"}}],"vacuum_suction":[{"unit":"s","value":"0"}],"annealing":[{"temperature":{"unit":"oC","value":"0"},"time":{"unit":"m","value":"0"}}],"module":[{"type":{"unit":"","value":"Bar coating"},"gap":{"unit":"um","value":"0"},"coating_speed":{"unit":"mm\/s","value":"0"},"feeding_amount":{"unit":"ul","value":"0"}}],"thermal_evaporation":[{"evaporation_rate":{"unit":"A\/s","value":null},"vacuum_pressure":{"unit":"uTorr","value":null},"vacuum_evaporation_thickness":{"unit":"nm","value":"0"}}]},{"htl":[{"material":{"unit":"","value":"Spiro-OMeTAD"},"concentration":{"unit":"","value":"90"},"conc_unit":{"unit":"","value":"mg\/ml"},"quantity":{"unit":"ml","value":null}}],"solvent":[{"material":{"unit":"","value":"CB"},"volume":{"unit":"ml","value":"0.3"}}],"spin_coating":[{"type":{"unit":"","value":"dynamic"},"rpm":{"unit":"","value":"3000"},"time":{"unit":"s","value":"30"}}],"vacuum_suction":[{"unit":"s","value":"0"}],"annealing":[{"temperature":{"unit":"oC","value":"0"},"time":{"unit":"m","value":"0"}}],"module":[{"type":{"unit":"","value":"Bar coating"},"gap":{"unit":"um","value":"0"},"coating_speed":{"unit":"mm\/s","value":"0"},"feeding_amount":{"unit":"ul","value":"0"}}],"thermal_evaporation":[{"evaporation_rate":{"unit":"A\/s","value":null},"vacuum_pressure":{"unit":"uTorr","value":null},"vacuum_evaporation_thickness":{"unit":"nm","value":"0"}}],"htl_doping":[{"material":{"unit":"","value":"Co-TFSI"},"volume":{"unit":"ul","value":"0"}},{"material":{"unit":"","value":"Li-TFSI"},"volume":{"unit":"ul","value":"23"}},{"material":{"unit":"","value":"tBP"},"volume":{"unit":"ul","value":"39"}}]},{"htl_treatment":[{"material":{"unit":"","value":"none"},"concentration":{"unit":"","value":"3"},"conc_unit":{"unit":"","value":"mg\/ml"},"quantity":{"unit":"ml","value":null}}],"solvent":[{"material":{"unit":"","value":"DMF"},"volume":{"unit":"ml","value":"0.8"}},{"material":{"unit":"","value":"DMSO"},"volume":{"unit":"ml","value":"0.2"}}],"spin_coating":[{"type":{"unit":"","value":"dynamic"},"rpm":{"unit":"","value":"5000"},"time":{"unit":"s","value":"0"}}],"vacuum_suction":[{"unit":"s","value":"0"}],"annealing":[{"temperature":{"unit":"oC","value":"0"},"time":{"unit":"m","value":"0"}}],"module":[{"type":{"unit":"","value":"Bar coating"},"gap":{"unit":"um","value":"0"},"coating_speed":{"unit":"mm\/s","value":"0"},"feeding_amount":{"unit":"ul","value":"0"}}],"thermal_evaporation":[{"evaporation_rate":{"unit":"A\/s","value":null},"vacuum_pressure":{"unit":"uTorr","value":null},"vacuum_evaporation_thickness":{"unit":"nm","value":"0"}}]},{"anode_metal":{"unit":"","value":"Au"}},{"note":{"unit":"","value":"CFM MACl24mg 17s"},"ar":{"unit":"","value":""},"type":{"unit":"","value":"unit_cell"},"device_type":{"unit":"","value":"n-i-p"},"temperature":{"unit":"oC","value":"30"},"humidity":{"unit":"%","value":"0"},"cell_dimension":{"unit":"cm2","value":"0.1"}}],"fileinfo":[{"key":"Reverse6.6R CFM+MACl 24mg anti 17s_210606","uploadType":"JV","original_name":"Reverse6.6R CFM+MACl 24mg anti 17s_210606-2306.txt","save_name":"KNU-SC-00131\/Reverse6.6R CFM+MACl 24mg anti 17s_210606","uploader":79,"fileType":""},{"key":"Reverse6.7R CFM+MACl 24mg anti 17s_210606","uploadType":"JV","original_name":"Reverse6.7R CFM+MACl 24mg anti 17s_210606-2307.txt","save_name":"KNU-SC-00131\/Reverse6.7R CFM+MACl 24mg anti 17s_210606","uploader":79,"fileType":""},{"key":"Reverse6.8R CFM+MACl 24mg anti 17s_210606","uploadType":"JV","original_name":"Reverse6.8R CFM+MACl 24mg anti 17s_210606-2308.txt","save_name":"KNU-SC-00131\/Reverse6.8R CFM+MACl 24mg anti 17s_210606","uploader":79,"fileType":""},{"key":"Reverse6.9R CFM+MACl 24mg anti 17s_210606","uploadType":"JV","original_name":"Reverse6.9R CFM+MACl 24mg anti 17s_210606-2309.txt","save_name":"KNU-SC-00131\/Reverse6.9R CFM+MACl 24mg anti 17s_210606","uploader":79,"fileType":""},{"key":"Reverse6.10R CFM+MACl 24mg anti 17s_210606","uploadType":"JV","original_name":"Reverse6.10R CFM+MACl 24mg anti 17s_210606-2310.txt","save_name":"KNU-SC-00131\/Reverse6.10R CFM+MACl 24mg anti 17s_210606","uploader":79,"fileType":""},{"key":"Reverse6.11R CFM+MACl 24mg anti 17s_210606","uploadType":"JV","original_name":"Reverse6.11R CFM+MACl 24mg anti 17s_210606-2311.txt","save_name":"KNU-SC-00131\/Reverse6.11R CFM+MACl 24mg anti 17s_210606","uploader":79,"fileType":""},{"key":"Reverse6.12R CFM+MACl 24mg anti 17s_210606","uploadType":"JV","original_name":"Reverse6.12R CFM+MACl 24mg anti 17s_210606-2312.txt","save_name":"KNU-SC-00131\/Reverse6.12R CFM+MACl 24mg anti 17s_210606","uploader":79,"fileType":""},{"key":"Reverse6.1R CFM+MACl 24mg anti 17s_210606","uploadType":"JV","original_name":"Reverse6.1R CFM+MACl 24mg anti 17s_210606-2301.txt","save_name":"KNU-SC-00131\/Reverse6.1R CFM+MACl 24mg anti 17s_210606","uploader":79,"fileType":""},{"key":"Reverse6.2R CFM+MACl 24mg anti 17s_210606","uploadType":"JV","original_name":"Reverse6.2R CFM+MACl 24mg anti 17s_210606-2302.txt","save_name":"KNU-SC-00131\/Reverse6.2R CFM+MACl 24mg anti 17s_210606","uploader":79,"fileType":""},{"key":"Reverse6.3R CFM+MACl 24mg anti 17s_210606","uploadType":"JV","original_name":"Reverse6.3R CFM+MACl 24mg anti 17s_210606-2303.txt","save_name":"KNU-SC-00131\/Reverse6.3R CFM+MACl 24mg anti 17s_210606","uploader":79,"fileType":""},{"key":"Reverse6.4R CFM+MACl 24mg anti 17s_210606","uploadType":"JV","original_name":"Reverse6.4R CFM+MACl 24mg anti 17s_210606-2304.txt","save_name":"KNU-SC-00131\/Reverse6.4R CFM+MACl 24mg anti 17s_210606","uploader":79,"fileType":""},{"key":"Reverse6.5R CFM+MACl 24mg anti 17s_210606","uploadType":"JV","original_name":"Reverse6.5R CFM+MACl 24mg anti 17s_210606-2305.txt","save_name":"KNU-SC-00131\/Reverse6.5R CFM+MACl 24mg anti 17s_210606","uploader":79,"fileType":""}],"jvcnt":12,"updated_at":"2024-06-03 08:38:37","created_at":"2023-10-28 03:50:46","analysisInfo":{"JV":[{"efficiency":14.9622,"fill_factor":70.5569,"jsc":21.89673869,"voc":0.96844741,"key":"Reverse6.9R CFM+MACl 24mg anti 17s_210606","cell_dimension":0.1},{"efficiency":14.9743,"fill_factor":70.094,"jsc":21.93943505,"voc":0.97373714,"key":"Reverse6.8R CFM+MACl 24mg anti 17s_210606","cell_dimension":0.1},{"efficiency":15.0988,"fill_factor":70.1986,"jsc":22.01995264,"voc":0.97678363,"key":"Reverse6.7R CFM+MACl 24mg anti 17s_210606","cell_dimension":0.1},{"efficiency":14.9847,"fill_factor":70.4729,"jsc":21.74515797,"voc":0.97783105,"key":"Reverse6.6R CFM+MACl 24mg anti 17s_210606","cell_dimension":0.1},{"efficiency":14.9165,"fill_factor":69.7522,"jsc":21.82350646,"voc":0.97990609,"key":"Reverse6.5R CFM+MACl 24mg anti 17s_210606","cell_dimension":0.1},{"efficiency":15.1121,"fill_factor":69.35,"jsc":21.92366759,"voc":0.99395407,"key":"Reverse6.4R CFM+MACl 24mg anti 17s_210606","cell_dimension":0.1},{"efficiency":7.3829,"fill_factor":39.2261,"jsc":20.58067021,"voc":0.91452126,"key":"Reverse6.3R CFM+MACl 24mg anti 17s_210606","cell_dimension":0.1},{"efficiency":6.7481,"fill_factor":36.0576,"jsc":20.41242049,"voc":0.91683645,"key":"Reverse6.2R CFM+MACl 24mg anti 17s_210606","cell_dimension":0.1},{"efficiency":9.9537,"fill_factor":50.3337,"jsc":20.92914728,"voc":0.94487062,"key":"Reverse6.1R CFM+MACl 24mg anti 17s_210606","cell_dimension":0.1},{"efficiency":14.6677,"fill_factor":68.1723,"jsc":22.00174938,"voc":0.97790842,"key":"Reverse6.12R CFM+MACl 24mg anti 17s_210606","cell_dimension":0.1},{"efficiency":14.7242,"fill_factor":67.8769,"jsc":22.03586787,"voc":0.98441931,"key":"Reverse6.11R CFM+MACl 24mg anti 17s_210606","cell_dimension":0.1},{"efficiency":14.96,"fill_factor":68.4314,"jsc":22.06184865,"voc":0.99091058,"key":"Reverse6.10R CFM+MACl 24mg anti 17s_210606","cell_dimension":0.1}]},"public":2,"analysis":{"JV":[{"sample_area":{"value":0.1,"unit":"cm2"},"irradiance":{"value":1,"unit":""},"pre_sweep_delay":{"value":5,"unit":""},"bias_direction":{"value":0,"unit":""},"max_reverse_bias":{"value":-0.2,"unit":""},"max_forward_bias":{"value":3,"unit":""},"num_sweep_points":{"value":90,"unit":""},"dwell_time":{"value":10,"unit":""},"current_limit":{"value":-10,"unit":""},"pviv_10a_i_amp":{"value":0,"unit":""},"average":{"value":1,"unit":""},"dark_current":{"value":0,"unit":""},"rshunt_v_lo":{"value":-0.6,"unit":""},"rshunt_v_hi":{"value":-0.1,"unit":""},"voc":{"value":0.96844741,"unit":"V"},"isc":{"value":0.00218967,"unit":"A"},"jsc":{"value":21.89673869,"unit":"mA\/cm2"},"imax":{"value":0.00190649,"unit":"A"},"vmax":{"value":0.78480404,"unit":"V"},"pmax":{"value":1.49621865,"unit":"mW"},"fill_factor":{"value":70.5569,"unit":"%"},"efficiency":{"value":14.9622,"unit":"%"},"r_at_voc":{"value":39.583546,"unit":""},"r_at_isc":{"value":18838.432,"unit":""},"power":{"value":0.0019125,"unit":"W"},"rshunt":{"value":"NaN","unit":"ohm"},"cell_temp_start":{"value":"NaN","unit":""},"cell_temp_end":{"value":"NaN","unit":""},"exposure":{"value":11.825,"unit":""},"time":{"value":"19:53:57","unit":""},"date":{"value":"06\/06\/2021","unit":""},"V":{"value":[3,2.964,2.928,2.892,2.856,2.82,2.7845,2.7485,2.7125,2.6765,2.6405,2.6045,2.5685,2.5325,2.4965,2.4605,2.4245,2.389,2.353,2.317,2.281,2.245,2.209,2.173,2.137,2.101,2.065,2.029,1.9935,1.9575,1.9215,1.8855,1.8495,1.8135,1.7775,1.7415,1.7055,1.6695,1.6335,1.598,1.562,1.526,1.49,1.454,1.418,1.382,1.346,1.31,1.274,1.238,1.202,1.1665,1.1305,1.0945,1.0585,1.0225,0.9865,0.9505,0.9145,0.8785,0.8425,0.8065,0.771,0.735,0.699,0.663,0.627,0.591,0.555,0.519,0.483,0.447,0.411,0.3755,0.3395,0.3035,0.2675,0.2315,0.1955,0.1595,0.1235,0.0875,0.0515,0.0155,-0.02,-0.056,-0.092,-0.128,-0.164,-0.2],"unit":"V"},"I":{"value":[-0.01000003,-0.01000003,-0.01000003,-0.01000004,-0.01000003,-0.01000004,-0.01000003,-0.01000004,-0.01000003,-0.01000004,-0.01000004,-0.01000003,-0.01000002,-0.01000003,-0.01000002,-0.01000003,-0.01000003,-0.01000003,-0.01000003,-0.01000003,-0.01000003,-0.01000004,-0.01000003,-0.01000003,-0.01000003,-0.01000003,-0.01000003,-0.01000004,-0.01000002,-0.01000003,-0.01000004,-0.01000004,-0.01000002,-0.01000004,-0.01000002,-0.01000004,-0.01000003,-0.01000004,-0.01000003,-0.01000004,-0.01000004,-0.01000003,-0.01000003,-0.01000004,-0.01000004,-0.01000003,-0.01000003,-0.01000004,-0.01000004,-0.01000003,-0.0094845,-0.00775367,-0.00601126,-0.00436324,-0.00284946,-0.00149502,-0.00045606,0.00045341,0.00104977,0.00144927,0.0016986,0.00184698,0.00193673,0.00200088,0.00204442,0.00207456,0.00209675,0.00211341,0.00212767,0.00213719,0.0021441,0.00215333,0.00215874,0.0021636,0.00216742,0.00217222,0.00217401,0.0021762,0.00217875,0.0021814,0.0021852,0.0021845,0.00218738,0.00219016,0.00219425,0.00219246,0.00219385,0.00219554,0.00219753,0.00219917],"unit":"A"},"J":{"unit":"A\/cm2","value":[-0.1000003,-0.1000003,-0.1000003,-0.10000039999999999,-0.1000003,-0.10000039999999999,-0.1000003,-0.10000039999999999,-0.1000003,-0.10000039999999999,-0.10000039999999999,-0.1000003,-0.1000002,-0.1000003,-0.1000002,-0.1000003,-0.1000003,-0.1000003,-0.1000003,-0.1000003,-0.1000003,-0.10000039999999999,-0.1000003,-0.1000003,-0.1000003,-0.1000003,-0.1000003,-0.10000039999999999,-0.1000002,-0.1000003,-0.10000039999999999,-0.10000039999999999,-0.1000002,-0.10000039999999999,-0.1000002,-0.10000039999999999,-0.1000003,-0.10000039999999999,-0.1000003,-0.10000039999999999,-0.10000039999999999,-0.1000003,-0.1000003,-0.10000039999999999,-0.10000039999999999,-0.1000003,-0.1000003,-0.10000039999999999,-0.10000039999999999,-0.1000003,-0.094845,-0.0775367,-0.060112599999999995,-0.043632399999999995,-0.0284946,-0.014950199999999999,-0.0045606,0.0045341,0.010497699999999999,0.014492699999999999,0.016985999999999998,0.018469799999999998,0.0193673,0.0200088,0.0204442,0.0207456,0.0209675,0.0211341,0.0212767,0.0213719,0.021440999999999998,0.021533300000000002,0.0215874,0.021636,0.0216742,0.021722199999999997,0.0217401,0.021762,0.0217875,0.021814,0.021852,0.021844999999999996,0.0218738,0.0219016,0.0219425,0.021924599999999995,0.021938499999999996,0.0219554,0.0219753,0.021991699999999996]},"cell_dimension":{"value":0.1,"unit":"cm2"},"sweep_direction":{"unit":"","value":"Reverse"},"key":"Reverse6.9R CFM+MACl 24mg anti 17s_210606"},{"sample_area":{"value":0.1,"unit":"cm2"},"irradiance":{"value":1,"unit":""},"pre_sweep_delay":{"value":5,"unit":""},"bias_direction":{"value":0,"unit":""},"max_reverse_bias":{"value":-0.2,"unit":""},"max_forward_bias":{"value":3,"unit":""},"num_sweep_points":{"value":90,"unit":""},"dwell_time":{"value":10,"unit":""},"current_limit":{"value":-10,"unit":""},"pviv_10a_i_amp":{"value":0,"unit":""},"average":{"value":1,"unit":""},"dark_current":{"value":0,"unit":""},"rshunt_v_lo":{"value":-0.6,"unit":""},"rshunt_v_hi":{"value":-0.1,"unit":""},"voc":{"value":0.97373714,"unit":"V"},"isc":{"value":0.00219394,"unit":"A"},"jsc":{"value":21.93943505,"unit":"mA\/cm2"},"imax":{"value":0.00189929,"unit":"A"},"vmax":{"value":0.78841902,"unit":"V"},"pmax":{"value":1.49743461,"unit":"mW"},"fill_factor":{"value":70.094,"unit":"%"},"efficiency":{"value":14.9743,"unit":"%"},"r_at_voc":{"value":41.8634,"unit":""},"r_at_isc":{"value":21636.423,"unit":""},"power":{"value":0.00192221,"unit":"W"},"rshunt":{"value":"NaN","unit":"ohm"},"cell_temp_start":{"value":"NaN","unit":""},"cell_temp_end":{"value":"NaN","unit":""},"exposure":{"value":11.828,"unit":""},"time":{"value":"19:53:44","unit":""},"date":{"value":"06\/06\/2021","unit":""},"V":{"value":[3,2.964,2.928,2.892,2.856,2.82,2.7845,2.7485,2.7125,2.6765,2.6405,2.6045,2.5685,2.5325,2.4965,2.4605,2.4245,2.389,2.353,2.317,2.281,2.245,2.209,2.173,2.137,2.101,2.065,2.029,1.9935,1.9575,1.9215,1.8855,1.8495,1.8135,1.7775,1.7415,1.7055,1.6695,1.6335,1.598,1.562,1.526,1.49,1.454,1.418,1.382,1.346,1.31,1.274,1.238,1.202,1.1665,1.1305,1.0945,1.0585,1.0225,0.9865,0.9505,0.9145,0.8785,0.8425,0.8065,0.771,0.735,0.699,0.663,0.627,0.591,0.555,0.519,0.483,0.447,0.411,0.3755,0.3395,0.3035,0.2675,0.2315,0.1955,0.1595,0.1235,0.0875,0.0515,0.0155,-0.02,-0.056,-0.092,-0.128,-0.164,-0.2],"unit":"V"},"I":{"value":[-0.01000006,-0.01000004,-0.01000004,-0.01000004,-0.01000003,-0.01000004,-0.01000005,-0.01000004,-0.01000003,-0.01000004,-0.01000003,-0.01000002,-0.01000004,-0.01000004,-0.01000004,-0.01000003,-0.01000004,-0.01000004,-0.01000003,-0.01000003,-0.01000004,-0.01000004,-0.01000003,-0.01000003,-0.01000004,-0.01000003,-0.01000002,-0.01000004,-0.01000003,-0.01000004,-0.01000004,-0.01000003,-0.01000003,-0.01000004,-0.01000004,-0.01000004,-0.01000004,-0.01000004,-0.01000003,-0.01000004,-0.01000005,-0.01000004,-0.01000004,-0.01000004,-0.01000004,-0.01000004,-0.01000004,-0.01000004,-0.01000005,-0.01000005,-0.00889162,-0.00725634,-0.00559742,-0.00402797,-0.0025804,-0.00128973,-0.00030487,0.00055507,0.00108033,0.00148214,0.00171238,0.00185084,0.0019371,0.00199844,0.00204151,0.00207429,0.00210004,0.00211619,0.002129,0.00214038,0.00214909,0.00215602,0.00216143,0.00216739,0.00217298,0.00217762,0.00218087,0.00218337,0.00218575,0.00218554,0.00218885,0.00219101,0.00219143,0.00219254,0.00219453,0.00219698,0.00219826,0.00219934,0.00220182,0.00220312],"unit":"A"},"J":{"unit":"A\/cm2","value":[-0.1000006,-0.10000039999999999,-0.10000039999999999,-0.10000039999999999,-0.1000003,-0.10000039999999999,-0.10000049999999999,-0.10000039999999999,-0.1000003,-0.10000039999999999,-0.1000003,-0.1000002,-0.10000039999999999,-0.10000039999999999,-0.10000039999999999,-0.1000003,-0.10000039999999999,-0.10000039999999999,-0.1000003,-0.1000003,-0.10000039999999999,-0.10000039999999999,-0.1000003,-0.1000003,-0.10000039999999999,-0.1000003,-0.1000002,-0.10000039999999999,-0.1000003,-0.10000039999999999,-0.10000039999999999,-0.1000003,-0.1000003,-0.10000039999999999,-0.10000039999999999,-0.10000039999999999,-0.10000039999999999,-0.10000039999999999,-0.1000003,-0.10000039999999999,-0.10000049999999999,-0.10000039999999999,-0.10000039999999999,-0.10000039999999999,-0.10000039999999999,-0.10000039999999999,-0.10000039999999999,-0.10000039999999999,-0.10000049999999999,-0.10000049999999999,-0.08891619999999999,-0.0725634,-0.055974199999999995,-0.040279699999999995,-0.025804,-0.012897299999999999,-0.0030486999999999997,0.0055506999999999996,0.0108033,0.0148214,0.017123799999999998,0.0185084,0.019371,0.0199844,0.0204151,0.020742899999999998,0.0210004,0.021161899999999997,0.021289999999999996,0.021403799999999997,0.0214909,0.021560199999999998,0.0216143,0.0216739,0.0217298,0.0217762,0.0218087,0.021833699999999998,0.021857500000000002,0.0218554,0.021888499999999998,0.021910100000000002,0.021914299999999998,0.0219254,0.0219453,0.021969799999999998,0.021982599999999998,0.0219934,0.0220182,0.022031199999999997]},"cell_dimension":{"value":0.1,"unit":"cm2"},"sweep_direction":{"unit":"","value":"Reverse"},"key":"Reverse6.8R CFM+MACl 24mg anti 17s_210606"},{"sample_area":{"value":0.1,"unit":"cm2"},"irradiance":{"value":1,"unit":""},"pre_sweep_delay":{"value":5,"unit":""},"bias_direction":{"value":0,"unit":""},"max_reverse_bias":{"value":-0.2,"unit":""},"max_forward_bias":{"value":3,"unit":""},"num_sweep_points":{"value":90,"unit":""},"dwell_time":{"value":10,"unit":""},"current_limit":{"value":-10,"unit":""},"pviv_10a_i_amp":{"value":0,"unit":""},"average":{"value":1,"unit":""},"dark_current":{"value":0,"unit":""},"rshunt_v_lo":{"value":-0.6,"unit":""},"rshunt_v_hi":{"value":-0.1,"unit":""},"voc":{"value":0.97678363,"unit":"V"},"isc":{"value":0.002202,"unit":"A"},"jsc":{"value":22.01995264,"unit":"mA\/cm2"},"imax":{"value":0.0019015,"unit":"A"},"vmax":{"value":0.79404848,"unit":"V"},"pmax":{"value":1.50988344,"unit":"mW"},"fill_factor":{"value":70.1986,"unit":"%"},"efficiency":{"value":15.0988,"unit":"%"},"r_at_voc":{"value":43.146595,"unit":""},"r_at_isc":{"value":18778.823,"unit":""},"power":{"value":0.0019356,"unit":"W"},"rshunt":{"value":"NaN","unit":"ohm"},"cell_temp_start":{"value":"NaN","unit":""},"cell_temp_end":{"value":"NaN","unit":""},"exposure":{"value":12.089,"unit":""},"time":{"value":"19:53:31","unit":""},"date":{"value":"06\/06\/2021","unit":""},"V":{"value":[3,2.964,2.928,2.892,2.856,2.82,2.7845,2.7485,2.7125,2.6765,2.6405,2.6045,2.5685,2.5325,2.4965,2.4605,2.4245,2.389,2.353,2.317,2.281,2.245,2.209,2.173,2.137,2.101,2.065,2.029,1.9935,1.9575,1.9215,1.8855,1.8495,1.8135,1.7775,1.7415,1.7055,1.6695,1.6335,1.598,1.562,1.526,1.49,1.454,1.418,1.382,1.346,1.31,1.274,1.238,1.202,1.1665,1.1305,1.0945,1.0585,1.0225,0.9865,0.9505,0.9145,0.8785,0.8425,0.8065,0.771,0.735,0.699,0.663,0.627,0.591,0.555,0.519,0.483,0.447,0.411,0.3755,0.3395,0.3035,0.2675,0.2315,0.1955,0.1595,0.1235,0.0875,0.0515,0.0155,-0.02,-0.056,-0.092,-0.128,-0.164,-0.2],"unit":"V"},"I":{"value":[-0.01000017,-0.01000005,-0.01000004,-0.01000004,-0.01000004,-0.01000002,-0.01000003,-0.01000004,-0.01000003,-0.01000003,-0.01000003,-0.01000004,-0.01000003,-0.01000003,-0.01000004,-0.01000003,-0.01000003,-0.01000004,-0.01000004,-0.01000004,-0.01000003,-0.01000003,-0.01000003,-0.01000003,-0.01000003,-0.01000003,-0.01000002,-0.01000003,-0.01000004,-0.01000004,-0.01000003,-0.01000004,-0.01000004,-0.01000004,-0.01000004,-0.01000004,-0.01000004,-0.01000003,-0.01000004,-0.01000003,-0.01000004,-0.01000005,-0.01000004,-0.01000004,-0.01000004,-0.01000004,-0.01000004,-0.01000005,-0.01000004,-0.00923528,-0.00777361,-0.00631697,-0.0048372,-0.00343962,-0.00215071,-0.00109954,-0.00022519,0.00060917,0.00113347,0.00151988,0.00173883,0.0018694,0.00194976,0.00200672,0.00204902,0.00208113,0.00210528,0.00212303,0.0021369,0.00214803,0.00215679,0.00216478,0.00217023,0.00217599,0.00218092,0.00218252,0.00218517,0.00218854,0.00219168,0.00219275,0.00219573,0.00219942,0.00220068,0.00220222,0.00220652,0.00220549,0.00220725,0.00220825,0.00220922,0.00220988],"unit":"A"},"J":{"unit":"A\/cm2","value":[-0.10000169999999999,-0.10000049999999999,-0.10000039999999999,-0.10000039999999999,-0.10000039999999999,-0.1000002,-0.1000003,-0.10000039999999999,-0.1000003,-0.1000003,-0.1000003,-0.10000039999999999,-0.1000003,-0.1000003,-0.10000039999999999,-0.1000003,-0.1000003,-0.10000039999999999,-0.10000039999999999,-0.10000039999999999,-0.1000003,-0.1000003,-0.1000003,-0.1000003,-0.1000003,-0.1000003,-0.1000002,-0.1000003,-0.10000039999999999,-0.10000039999999999,-0.1000003,-0.10000039999999999,-0.10000039999999999,-0.10000039999999999,-0.10000039999999999,-0.10000039999999999,-0.10000039999999999,-0.1000003,-0.10000039999999999,-0.1000003,-0.10000039999999999,-0.10000049999999999,-0.10000039999999999,-0.10000039999999999,-0.10000039999999999,-0.10000039999999999,-0.10000039999999999,-0.10000049999999999,-0.10000039999999999,-0.0923528,-0.0777361,-0.0631697,-0.048372,-0.034396199999999995,-0.0215071,-0.010995399999999999,-0.0022519,0.0060917,0.011334699999999998,0.015198799999999998,0.0173883,0.018694,0.0194976,0.0200672,0.020490199999999997,0.020811299999999998,0.0210528,0.0212303,0.021369,0.021480299999999997,0.021567899999999997,0.0216478,0.021702299999999997,0.0217599,0.021809199999999997,0.021825199999999996,0.0218517,0.0218854,0.0219168,0.021927499999999996,0.0219573,0.0219942,0.0220068,0.0220222,0.0220652,0.0220549,0.0220725,0.0220825,0.0220922,0.0220988]},"cell_dimension":{"value":0.1,"unit":"cm2"},"sweep_direction":{"unit":"","value":"Reverse"},"key":"Reverse6.7R CFM+MACl 24mg anti 17s_210606"},{"sample_area":{"value":0.1,"unit":"cm2"},"irradiance":{"value":1,"unit":""},"pre_sweep_delay":{"value":5,"unit":""},"bias_direction":{"value":0,"unit":""},"max_reverse_bias":{"value":-0.2,"unit":""},"max_forward_bias":{"value":3,"unit":""},"num_sweep_points":{"value":90,"unit":""},"dwell_time":{"value":10,"unit":""},"current_limit":{"value":-10,"unit":""},"pviv_10a_i_amp":{"value":0,"unit":""},"average":{"value":1,"unit":""},"dark_current":{"value":0,"unit":""},"rshunt_v_lo":{"value":-0.6,"unit":""},"rshunt_v_hi":{"value":-0.1,"unit":""},"voc":{"value":0.97783105,"unit":"V"},"isc":{"value":0.00217452,"unit":"A"},"jsc":{"value":21.74515797,"unit":"mA\/cm2"},"imax":{"value":0.00189168,"unit":"A"},"vmax":{"value":0.79213807,"unit":"V"},"pmax":{"value":1.49847241,"unit":"mW"},"fill_factor":{"value":70.4729,"unit":"%"},"efficiency":{"value":14.9847,"unit":"%"},"r_at_voc":{"value":43.472501,"unit":""},"r_at_isc":{"value":17582.97,"unit":""},"power":{"value":0.00191468,"unit":"W"},"rshunt":{"value":"NaN","unit":"ohm"},"cell_temp_start":{"value":"NaN","unit":""},"cell_temp_end":{"value":"NaN","unit":""},"exposure":{"value":11.824,"unit":""},"time":{"value":"19:53:00","unit":""},"date":{"value":"06\/06\/2021","unit":""},"V":{"value":[3,2.964,2.928,2.892,2.856,2.82,2.7845,2.7485,2.7125,2.6765,2.6405,2.6045,2.5685,2.5325,2.4965,2.4605,2.4245,2.389,2.353,2.317,2.281,2.245,2.209,2.173,2.137,2.101,2.065,2.029,1.9935,1.9575,1.9215,1.8855,1.8495,1.8135,1.7775,1.7415,1.7055,1.6695,1.6335,1.598,1.562,1.526,1.49,1.454,1.418,1.382,1.346,1.31,1.274,1.238,1.202,1.1665,1.1305,1.0945,1.0585,1.0225,0.9865,0.9505,0.9145,0.8785,0.8425,0.8065,0.771,0.735,0.699,0.663,0.627,0.591,0.555,0.519,0.483,0.447,0.411,0.3755,0.3395,0.3035,0.2675,0.2315,0.1955,0.1595,0.1235,0.0875,0.0515,0.0155,-0.02,-0.056,-0.092,-0.128,-0.164,-0.2],"unit":"V"},"I":{"value":[-0.01000003,-0.01000002,-0.01000003,-0.01000003,-0.01000004,-0.01000003,-0.01000003,-0.01000003,-0.01000003,-0.01000004,-0.01000003,-0.01000003,-0.01000003,-0.01000003,-0.01000003,-0.01000003,-0.01000003,-0.01000004,-0.01000004,-0.01000003,-0.01000004,-0.01000003,-0.01000003,-0.01000003,-0.01000003,-0.01000004,-0.01000003,-0.01000003,-0.01000004,-0.01000004,-0.01000003,-0.01000003,-0.01000003,-0.01000003,-0.01000004,-0.01000003,-0.01000004,-0.01000004,-0.01000004,-0.01000004,-0.01000003,-0.01000004,-0.01000004,-0.01000004,-0.01000003,-0.01000003,-0.01000005,-0.01000004,-0.01000004,-0.01000004,-0.00912323,-0.00736011,-0.00559291,-0.00394563,-0.00245791,-0.00116094,-0.00019941,0.0006287,0.00112731,0.00150567,0.00172321,0.00185468,0.00193601,0.00199374,0.00203277,0.00206129,0.00208342,0.00209864,0.0021102,0.00211981,0.00212704,0.00213622,0.00214282,0.00214747,0.00215237,0.00215494,0.00215671,0.00216021,0.00216411,0.00216756,0.00216793,0.00216949,0.00217175,0.00217374,0.00218002,0.00217669,0.00217922,0.00218087,0.0021825,0.00218557],"unit":"A"},"J":{"unit":"A\/cm2","value":[-0.1000003,-0.1000002,-0.1000003,-0.1000003,-0.10000039999999999,-0.1000003,-0.1000003,-0.1000003,-0.1000003,-0.10000039999999999,-0.1000003,-0.1000003,-0.1000003,-0.1000003,-0.1000003,-0.1000003,-0.1000003,-0.10000039999999999,-0.10000039999999999,-0.1000003,-0.10000039999999999,-0.1000003,-0.1000003,-0.1000003,-0.1000003,-0.10000039999999999,-0.1000003,-0.1000003,-0.10000039999999999,-0.10000039999999999,-0.1000003,-0.1000003,-0.1000003,-0.1000003,-0.10000039999999999,-0.1000003,-0.10000039999999999,-0.10000039999999999,-0.10000039999999999,-0.10000039999999999,-0.1000003,-0.10000039999999999,-0.10000039999999999,-0.10000039999999999,-0.1000003,-0.1000003,-0.10000049999999999,-0.10000039999999999,-0.10000039999999999,-0.10000039999999999,-0.09123229999999999,-0.07360109999999999,-0.0559291,-0.0394563,-0.0245791,-0.0116094,-0.0019941,0.006287,0.0112731,0.0150567,0.0172321,0.0185468,0.019360099999999998,0.019937399999999997,0.0203277,0.020612899999999997,0.020834199999999997,0.0209864,0.021102,0.0211981,0.021270400000000002,0.021362199999999998,0.0214282,0.021474699999999996,0.021523699999999996,0.0215494,0.0215671,0.0216021,0.021641099999999996,0.021675599999999996,0.021679300000000002,0.0216949,0.0217175,0.021737399999999997,0.0218002,0.021766899999999995,0.021792199999999998,0.0218087,0.021824999999999997,0.0218557]},"cell_dimension":{"value":0.1,"unit":"cm2"},"sweep_direction":{"unit":"","value":"Reverse"},"key":"Reverse6.6R CFM+MACl 24mg anti 17s_210606"},{"sample_area":{"value":0.1,"unit":"cm2"},"irradiance":{"value":1,"unit":""},"pre_sweep_delay":{"value":5,"unit":""},"bias_direction":{"value":0,"unit":""},"max_reverse_bias":{"value":-0.2,"unit":""},"max_forward_bias":{"value":3,"unit":""},"num_sweep_points":{"value":90,"unit":""},"dwell_time":{"value":10,"unit":""},"current_limit":{"value":-10,"unit":""},"pviv_10a_i_amp":{"value":0,"unit":""},"average":{"value":1,"unit":""},"dark_current":{"value":0,"unit":""},"rshunt_v_lo":{"value":-0.6,"unit":""},"rshunt_v_hi":{"value":-0.1,"unit":""},"voc":{"value":0.97990609,"unit":"V"},"isc":{"value":0.00218235,"unit":"A"},"jsc":{"value":21.82350646,"unit":"mA\/cm2"},"imax":{"value":0.00187819,"unit":"A"},"vmax":{"value":0.79419682,"unit":"V"},"pmax":{"value":1.4916506,"unit":"mW"},"fill_factor":{"value":69.7522,"unit":"%"},"efficiency":{"value":14.9165,"unit":"%"},"r_at_voc":{"value":45.046646,"unit":""},"r_at_isc":{"value":17600.746,"unit":""},"power":{"value":0.00191995,"unit":"W"},"rshunt":{"value":"NaN","unit":"ohm"},"cell_temp_start":{"value":"NaN","unit":""},"cell_temp_end":{"value":"NaN","unit":""},"exposure":{"value":12.03,"unit":""},"time":{"value":"19:52:47","unit":""},"date":{"value":"06\/06\/2021","unit":""},"V":{"value":[3,2.964,2.928,2.892,2.856,2.82,2.7845,2.7485,2.7125,2.6765,2.6405,2.6045,2.5685,2.5325,2.4965,2.4605,2.4245,2.389,2.353,2.317,2.281,2.245,2.209,2.173,2.137,2.101,2.065,2.029,1.9935,1.9575,1.9215,1.8855,1.8495,1.8135,1.7775,1.7415,1.7055,1.6695,1.6335,1.598,1.562,1.526,1.49,1.454,1.418,1.382,1.346,1.31,1.274,1.238,1.202,1.1665,1.1305,1.0945,1.0585,1.0225,0.9865,0.9505,0.9145,0.8785,0.8425,0.8065,0.771,0.735,0.699,0.663,0.627,0.591,0.555,0.519,0.483,0.447,0.411,0.3755,0.3395,0.3035,0.2675,0.2315,0.1955,0.1595,0.1235,0.0875,0.0515,0.0155,-0.02,-0.056,-0.092,-0.128,-0.164,-0.2],"unit":"V"},"I":{"value":[-0.01000008,-0.01000004,-0.01000004,-0.01000004,-0.01000003,-0.01000004,-0.01000004,-0.01000004,-0.01000003,-0.01000003,-0.01000003,-0.01000004,-0.01000004,-0.01000004,-0.01000004,-0.01000004,-0.01000004,-0.01000003,-0.01000004,-0.01000004,-0.01000005,-0.01000004,-0.01000004,-0.01000004,-0.01000004,-0.01000004,-0.01000003,-0.01000003,-0.01000003,-0.01000004,-0.01000004,-0.01000004,-0.01000004,-0.01000004,-0.01000004,-0.01000004,-0.01000004,-0.01000005,-0.01000004,-0.01000004,-0.01000005,-0.01000003,-0.01000004,-0.01000005,-0.01000003,-0.01000004,-0.01000004,-0.01000005,-0.01000004,-0.00972327,-0.00810579,-0.00651563,-0.0049204,-0.00342907,-0.00208422,-0.00098428,-0.00014638,0.00065279,0.00114493,0.0015108,0.00172025,0.00184733,0.00192605,0.00198462,0.00202824,0.00206165,0.00208483,0.00210309,0.00211707,0.00212688,0.00213446,0.00214058,0.00214814,0.0021523,0.002157,0.00216222,0.00216522,0.0021676,0.0021702,0.00217326,0.00217588,0.00217934,0.00218176,0.00218241,0.00218631,0.00218694,0.0021863,0.00218869,0.00219112,0.00219107],"unit":"A"},"J":{"unit":"A\/cm2","value":[-0.10000079999999999,-0.10000039999999999,-0.10000039999999999,-0.10000039999999999,-0.1000003,-0.10000039999999999,-0.10000039999999999,-0.10000039999999999,-0.1000003,-0.1000003,-0.1000003,-0.10000039999999999,-0.10000039999999999,-0.10000039999999999,-0.10000039999999999,-0.10000039999999999,-0.10000039999999999,-0.1000003,-0.10000039999999999,-0.10000039999999999,-0.10000049999999999,-0.10000039999999999,-0.10000039999999999,-0.10000039999999999,-0.10000039999999999,-0.10000039999999999,-0.1000003,-0.1000003,-0.1000003,-0.10000039999999999,-0.10000039999999999,-0.10000039999999999,-0.10000039999999999,-0.10000039999999999,-0.10000039999999999,-0.10000039999999999,-0.10000039999999999,-0.10000049999999999,-0.10000039999999999,-0.10000039999999999,-0.10000049999999999,-0.1000003,-0.10000039999999999,-0.10000049999999999,-0.1000003,-0.10000039999999999,-0.10000039999999999,-0.10000049999999999,-0.10000039999999999,-0.09723269999999999,-0.08105789999999999,-0.06515629999999999,-0.049204,-0.0342907,-0.020842199999999998,-0.009842799999999999,-0.0014638,0.0065279,0.011449299999999999,0.015108,0.0172025,0.018473299999999998,0.019260499999999996,0.019846199999999998,0.0202824,0.0206165,0.0208483,0.0210309,0.021170699999999997,0.021268799999999997,0.0213446,0.0214058,0.0214814,0.021522999999999997,0.02157,0.021622199999999998,0.021652199999999996,0.021675999999999997,0.021702,0.0217326,0.0217588,0.0217934,0.0218176,0.0218241,0.021863099999999996,0.0218694,0.021862999999999997,0.0218869,0.0219112,0.021910699999999998]},"cell_dimension":{"value":0.1,"unit":"cm2"},"sweep_direction":{"unit":"","value":"Reverse"},"key":"Reverse6.5R CFM+MACl 24mg anti 17s_210606"},{"sample_area":{"value":0.1,"unit":"cm2"},"irradiance":{"value":1,"unit":""},"pre_sweep_delay":{"value":5,"unit":""},"bias_direction":{"value":0,"unit":""},"max_reverse_bias":{"value":-0.2,"unit":""},"max_forward_bias":{"value":3,"unit":""},"num_sweep_points":{"value":90,"unit":""},"dwell_time":{"value":10,"unit":""},"current_limit":{"value":-10,"unit":""},"pviv_10a_i_amp":{"value":0,"unit":""},"average":{"value":1,"unit":""},"dark_current":{"value":0,"unit":""},"rshunt_v_lo":{"value":-0.6,"unit":""},"rshunt_v_hi":{"value":-0.1,"unit":""},"voc":{"value":0.99395407,"unit":"V"},"isc":{"value":0.00219237,"unit":"A"},"jsc":{"value":21.92366759,"unit":"mA\/cm2"},"imax":{"value":0.00188002,"unit":"A"},"vmax":{"value":0.80382804,"unit":"V"},"pmax":{"value":1.51121347,"unit":"mW"},"fill_factor":{"value":69.35,"unit":"%"},"efficiency":{"value":15.1121,"unit":"%"},"r_at_voc":{"value":41.698756,"unit":""},"r_at_isc":{"value":18868.963,"unit":""},"power":{"value":0.00195232,"unit":"W"},"rshunt":{"value":"NaN","unit":"ohm"},"cell_temp_start":{"value":"NaN","unit":""},"cell_temp_end":{"value":"NaN","unit":""},"exposure":{"value":11.827,"unit":""},"time":{"value":"19:52:34","unit":""},"date":{"value":"06\/06\/2021","unit":""},"V":{"value":[3,2.964,2.928,2.892,2.856,2.82,2.7845,2.7485,2.7125,2.6765,2.6405,2.6045,2.5685,2.5325,2.4965,2.4605,2.4245,2.389,2.353,2.317,2.281,2.245,2.209,2.173,2.137,2.101,2.065,2.029,1.9935,1.9575,1.9215,1.8855,1.8495,1.8135,1.7775,1.7415,1.7055,1.6695,1.6335,1.598,1.562,1.526,1.49,1.454,1.418,1.382,1.346,1.31,1.274,1.238,1.202,1.1665,1.1305,1.0945,1.0585,1.0225,0.9865,0.9505,0.9145,0.8785,0.8425,0.8065,0.771,0.735,0.699,0.663,0.627,0.591,0.555,0.519,0.483,0.447,0.411,0.3755,0.3395,0.3035,0.2675,0.2315,0.1955,0.1595,0.1235,0.0875,0.0515,0.0155,-0.02,-0.056,-0.092,-0.128,-0.164,-0.2],"unit":"V"},"I":{"value":[-0.01000026,-0.01000006,-0.01000004,-0.01000004,-0.01000004,-0.01000004,-0.01000003,-0.01000003,-0.01000005,-0.01000005,-0.01000004,-0.01000003,-0.01000004,-0.01000004,-0.01000004,-0.01000005,-0.01000003,-0.01000003,-0.01000004,-0.01000003,-0.01000004,-0.01000004,-0.01000004,-0.01000004,-0.01000003,-0.01000004,-0.01000004,-0.01000004,-0.01000004,-0.01000004,-0.01000004,-0.01000004,-0.01000004,-0.01000004,-0.01000004,-0.01000004,-0.01000004,-0.01000004,-0.01000003,-0.01000004,-0.01000004,-0.01000004,-0.01000005,-0.01000004,-0.01000004,-0.01000004,-0.01000004,-0.01000004,-0.00960178,-0.0082495,-0.00682094,-0.00541813,-0.004045,-0.00277044,-0.00162873,-0.00068457,0.00017876,0.00084579,0.00126746,0.00158128,0.00176382,0.00187337,0.00194545,0.00199801,0.0020404,0.00207368,0.00209847,0.00211586,0.00212995,0.00214028,0.00214972,0.00215514,0.00216135,0.00216658,0.00217187,0.00217415,0.00217634,0.00217937,0.00218187,0.00218343,0.00218606,0.00218876,0.00219055,0.00219264,0.00219635,0.00219563,0.00219789,0.00219857,0.00220019,0.00220046],"unit":"A"},"J":{"unit":"A\/cm2","value":[-0.1000026,-0.1000006,-0.10000039999999999,-0.10000039999999999,-0.10000039999999999,-0.10000039999999999,-0.1000003,-0.1000003,-0.10000049999999999,-0.10000049999999999,-0.10000039999999999,-0.1000003,-0.10000039999999999,-0.10000039999999999,-0.10000039999999999,-0.10000049999999999,-0.1000003,-0.1000003,-0.10000039999999999,-0.1000003,-0.10000039999999999,-0.10000039999999999,-0.10000039999999999,-0.10000039999999999,-0.1000003,-0.10000039999999999,-0.10000039999999999,-0.10000039999999999,-0.10000039999999999,-0.10000039999999999,-0.10000039999999999,-0.10000039999999999,-0.10000039999999999,-0.10000039999999999,-0.10000039999999999,-0.10000039999999999,-0.10000039999999999,-0.10000039999999999,-0.1000003,-0.10000039999999999,-0.10000039999999999,-0.10000039999999999,-0.10000049999999999,-0.10000039999999999,-0.10000039999999999,-0.10000039999999999,-0.10000039999999999,-0.10000039999999999,-0.0960178,-0.082495,-0.0682094,-0.0541813,-0.04045,-0.027704399999999997,-0.0162873,-0.0068457,0.0017875999999999999,0.008457899999999999,0.0126746,0.0158128,0.0176382,0.0187337,0.0194545,0.0199801,0.020404,0.0207368,0.0209847,0.021158599999999996,0.021299499999999996,0.0214028,0.021497199999999998,0.0215514,0.021613499999999997,0.0216658,0.021718699999999997,0.0217415,0.0217634,0.0217937,0.021818699999999996,0.0218343,0.0218606,0.0218876,0.021905499999999998,0.0219264,0.0219635,0.021956299999999998,0.0219789,0.021985699999999997,0.022001899999999998,0.0220046]},"cell_dimension":{"value":0.1,"unit":"cm2"},"sweep_direction":{"unit":"","value":"Reverse"},"key":"Reverse6.4R CFM+MACl 24mg anti 17s_210606"},{"sample_area":{"value":0.1,"unit":"cm2"},"irradiance":{"value":1,"unit":""},"pre_sweep_delay":{"value":5,"unit":""},"bias_direction":{"value":0,"unit":""},"max_reverse_bias":{"value":-0.2,"unit":""},"max_forward_bias":{"value":3,"unit":""},"num_sweep_points":{"value":90,"unit":""},"dwell_time":{"value":10,"unit":""},"current_limit":{"value":-10,"unit":""},"pviv_10a_i_amp":{"value":0,"unit":""},"average":{"value":1,"unit":""},"dark_current":{"value":0,"unit":""},"rshunt_v_lo":{"value":-0.6,"unit":""},"rshunt_v_hi":{"value":-0.1,"unit":""},"voc":{"value":0.91452126,"unit":"V"},"isc":{"value":0.00205807,"unit":"A"},"jsc":{"value":20.58067021,"unit":"mA\/cm2"},"imax":{"value":0.00121916,"unit":"A"},"vmax":{"value":0.60557576,"unit":"V"},"pmax":{"value":0.73829315,"unit":"mW"},"fill_factor":{"value":39.2261,"unit":"%"},"efficiency":{"value":7.3829,"unit":"%"},"r_at_voc":{"value":167.11413,"unit":""},"r_at_isc":{"value":1179.894,"unit":""},"power":{"value":0.00121165,"unit":"W"},"rshunt":{"value":"NaN","unit":"ohm"},"cell_temp_start":{"value":"NaN","unit":""},"cell_temp_end":{"value":"NaN","unit":""},"exposure":{"value":12.026,"unit":""},"time":{"value":"19:52:02","unit":""},"date":{"value":"06\/06\/2021","unit":""},"V":{"value":[3,2.964,2.928,2.892,2.856,2.82,2.7845,2.7485,2.7125,2.6765,2.6405,2.6045,2.5685,2.5325,2.4965,2.4605,2.4245,2.389,2.353,2.317,2.281,2.245,2.209,2.173,2.137,2.101,2.065,2.029,1.9935,1.9575,1.9215,1.8855,1.8495,1.8135,1.7775,1.7415,1.7055,1.6695,1.6335,1.598,1.562,1.526,1.49,1.454,1.418,1.382,1.346,1.31,1.274,1.238,1.202,1.1665,1.1305,1.0945,1.0585,1.0225,0.9865,0.9505,0.9145,0.8785,0.8425,0.8065,0.771,0.735,0.699,0.663,0.627,0.591,0.555,0.519,0.483,0.447,0.411,0.3755,0.3395,0.3035,0.2675,0.2315,0.1955,0.1595,0.1235,0.0875,0.0515,0.0155,-0.02,-0.056,-0.092,-0.128,-0.164,-0.2],"unit":"V"},"I":{"value":[-0.01000016,-0.01000006,-0.01000006,-0.01000004,-0.01000004,-0.01000004,-0.01000003,-0.01000004,-0.01000004,-0.01000005,-0.01000004,-0.01000004,-0.01000006,-0.01000004,-0.01000005,-0.01000004,-0.01000004,-0.01000005,-0.01000003,-0.01000004,-0.01000003,-0.01000004,-0.01000006,-0.01000005,-0.01000003,-0.01000004,-0.01000003,-0.01000004,-0.01000002,-0.01000004,-0.01000006,-0.01000004,-0.01000004,-0.01000004,-0.01000004,-0.01000005,-0.01000005,-0.01000004,-0.01000003,-0.01000004,-0.00966554,-0.00922402,-0.00872463,-0.00818515,-0.00759555,-0.00699625,-0.00639257,-0.00582056,-0.00520543,-0.00453838,-0.0039235,-0.00334824,-0.00274892,-0.00218088,-0.00163648,-0.00109582,-0.00066242,-0.00024058,4.064e-5,0.00022385,0.00040744,0.00053721,0.00077093,0.0008191,0.0009815,0.00104149,0.00116095,0.00124767,0.0012625,0.00128409,0.00136115,0.00139905,0.00140568,0.00141609,0.00165508,0.00169313,0.00174115,0.00179626,0.00182731,0.00188001,0.0019103,0.00192049,0.00201028,0.00204982,0.00207302,0.00210685,0.00213801,0.00216703,0.00219454,0.00222274],"unit":"A"},"J":{"unit":"A\/cm2","value":[-0.10000159999999998,-0.1000006,-0.1000006,-0.10000039999999999,-0.10000039999999999,-0.10000039999999999,-0.1000003,-0.10000039999999999,-0.10000039999999999,-0.10000049999999999,-0.10000039999999999,-0.10000039999999999,-0.1000006,-0.10000039999999999,-0.10000049999999999,-0.10000039999999999,-0.10000039999999999,-0.10000049999999999,-0.1000003,-0.10000039999999999,-0.1000003,-0.10000039999999999,-0.1000006,-0.10000049999999999,-0.1000003,-0.10000039999999999,-0.1000003,-0.10000039999999999,-0.1000002,-0.10000039999999999,-0.1000006,-0.10000039999999999,-0.10000039999999999,-0.10000039999999999,-0.10000039999999999,-0.10000049999999999,-0.10000049999999999,-0.10000039999999999,-0.1000003,-0.10000039999999999,-0.0966554,-0.0922402,-0.0872463,-0.0818515,-0.0759555,-0.0699625,-0.0639257,-0.058205599999999996,-0.05205429999999999,-0.045383799999999995,-0.039235,-0.0334824,-0.027489200000000002,-0.0218088,-0.0163648,-0.0109582,-0.0066242,-0.0024058,0.00040639999999999996,0.0022384999999999996,0.0040744,0.0053720999999999994,0.0077093,0.008191,0.009814999999999999,0.0104149,0.0116095,0.012476699999999999,0.012624999999999999,0.0128409,0.013611499999999999,0.0139905,0.0140568,0.0141609,0.016550799999999997,0.0169313,0.017411499999999996,0.0179626,0.018273099999999997,0.0188001,0.019103,0.019204899999999997,0.0201028,0.020498199999999998,0.0207302,0.021068499999999997,0.0213801,0.021670299999999997,0.0219454,0.022227399999999998]},"cell_dimension":{"value":0.1,"unit":"cm2"},"sweep_direction":{"unit":"","value":"Reverse"},"key":"Reverse6.3R CFM+MACl 24mg anti 17s_210606"},{"sample_area":{"value":0.1,"unit":"cm2"},"irradiance":{"value":1,"unit":""},"pre_sweep_delay":{"value":5,"unit":""},"bias_direction":{"value":0,"unit":""},"max_reverse_bias":{"value":-0.2,"unit":""},"max_forward_bias":{"value":3,"unit":""},"num_sweep_points":{"value":90,"unit":""},"dwell_time":{"value":10,"unit":""},"current_limit":{"value":-10,"unit":""},"pviv_10a_i_amp":{"value":0,"unit":""},"average":{"value":1,"unit":""},"dark_current":{"value":0,"unit":""},"rshunt_v_lo":{"value":-0.6,"unit":""},"rshunt_v_hi":{"value":-0.1,"unit":""},"voc":{"value":0.91683645,"unit":"V"},"isc":{"value":0.00204124,"unit":"A"},"jsc":{"value":20.41242049,"unit":"mA\/cm2"},"imax":{"value":0.00112746,"unit":"A"},"vmax":{"value":0.59852569,"unit":"V"},"pmax":{"value":0.67481338,"unit":"mW"},"fill_factor":{"value":36.0576,"unit":"%"},"efficiency":{"value":6.7481,"unit":"%"},"r_at_voc":{"value":129.145284,"unit":""},"r_at_isc":{"value":898.64,"unit":""},"power":{"value":0.0011645,"unit":"W"},"rshunt":{"value":"NaN","unit":"ohm"},"cell_temp_start":{"value":"NaN","unit":""},"cell_temp_end":{"value":"NaN","unit":""},"exposure":{"value":12.085,"unit":""},"time":{"value":"19:51:48","unit":""},"date":{"value":"06\/06\/2021","unit":""},"V":{"value":[3,2.964,2.928,2.892,2.856,2.82,2.7845,2.7485,2.7125,2.6765,2.6405,2.6045,2.5685,2.5325,2.4965,2.4605,2.4245,2.389,2.353,2.317,2.281,2.245,2.209,2.173,2.137,2.101,2.065,2.029,1.9935,1.9575,1.9215,1.8855,1.8495,1.8135,1.7775,1.7415,1.7055,1.6695,1.6335,1.598,1.562,1.526,1.49,1.454,1.418,1.382,1.346,1.31,1.274,1.238,1.202,1.1665,1.1305,1.0945,1.0585,1.0225,0.9865,0.9505,0.9145,0.8785,0.8425,0.8065,0.771,0.735,0.699,0.663,0.627,0.591,0.555,0.519,0.483,0.447,0.411,0.3755,0.3395,0.3035,0.2675,0.2315,0.1955,0.1595,0.1235,0.0875,0.0515,0.0155,-0.02,-0.056,-0.092,-0.128,-0.164,-0.2],"unit":"V"},"I":{"value":[-0.01000008,-0.01000009,-0.01000005,-0.01000005,-0.01000006,-0.01000005,-0.01000005,-0.01000005,-0.01000004,-0.01000004,-0.01000005,-0.01000004,-0.01000003,-0.01000004,-0.01000003,-0.01000002,-0.01000003,-0.01000003,-0.01000004,-0.01000004,-0.01000005,-0.01000004,-0.01000004,-0.01000005,-0.01000005,-0.01000004,-0.01000004,-0.01000005,-0.01000004,-0.01000005,-0.01000004,-0.01000004,-0.01000004,-0.01000004,-0.01000004,-0.01000004,-0.01000004,-0.01000006,-0.00991536,-0.00967101,-0.00943192,-0.00891791,-0.00844737,-0.00797257,-0.00747971,-0.00681393,-0.00624221,-0.00562624,-0.00497902,-0.00436304,-0.0037453,-0.00315441,-0.00262367,-0.00204836,-0.00155358,-0.00101982,-0.00067148,-0.0002777,6.349e-5,0.00026849,0.00054801,0.00058659,0.0007474,0.00079905,0.000755,0.00086347,0.00107213,0.00110937,0.00115381,0.00123819,0.00125504,0.00137224,0.00147859,0.00137811,0.00155932,0.00164012,0.00160676,0.00165239,0.00178967,0.00179462,0.00184999,0.00193177,0.00199261,0.00203457,0.00206136,0.00210198,0.00214017,0.00217347,0.00220532,0.00222692],"unit":"A"},"J":{"unit":"A\/cm2","value":[-0.10000079999999999,-0.10000089999999999,-0.10000049999999999,-0.10000049999999999,-0.1000006,-0.10000049999999999,-0.10000049999999999,-0.10000049999999999,-0.10000039999999999,-0.10000039999999999,-0.10000049999999999,-0.10000039999999999,-0.1000003,-0.10000039999999999,-0.1000003,-0.1000002,-0.1000003,-0.1000003,-0.10000039999999999,-0.10000039999999999,-0.10000049999999999,-0.10000039999999999,-0.10000039999999999,-0.10000049999999999,-0.10000049999999999,-0.10000039999999999,-0.10000039999999999,-0.10000049999999999,-0.10000039999999999,-0.10000049999999999,-0.10000039999999999,-0.10000039999999999,-0.10000039999999999,-0.10000039999999999,-0.10000039999999999,-0.10000039999999999,-0.10000039999999999,-0.1000006,-0.0991536,-0.09671010000000001,-0.09431919999999999,-0.08917909999999998,-0.08447369999999998,-0.0797257,-0.07479709999999999,-0.0681393,-0.062422099999999994,-0.0562624,-0.04979019999999999,-0.0436304,-0.037453,-0.0315441,-0.026236699999999998,-0.020483599999999998,-0.015535799999999999,-0.0101982,-0.0067148,-0.0027769999999999995,0.0006349,0.0026849,0.0054801,0.005865899999999999,0.007473999999999999,0.0079905,0.00755,0.008634699999999999,0.010721299999999998,0.011093699999999998,0.011538099999999999,0.012381899999999998,0.0125504,0.0137224,0.014785899999999998,0.013781100000000001,0.0155932,0.016401199999999998,0.016067599999999998,0.016523899999999998,0.017896699999999998,0.0179462,0.0184999,0.0193177,0.0199261,0.020345699999999998,0.0206136,0.021019799999999998,0.021401699999999996,0.021734699999999996,0.022053200000000002,0.022269199999999996]},"cell_dimension":{"value":0.1,"unit":"cm2"},"sweep_direction":{"unit":"","value":"Reverse"},"key":"Reverse6.2R CFM+MACl 24mg anti 17s_210606"},{"sample_area":{"value":0.1,"unit":"cm2"},"irradiance":{"value":1,"unit":""},"pre_sweep_delay":{"value":5,"unit":""},"bias_direction":{"value":0,"unit":""},"max_reverse_bias":{"value":-0.2,"unit":""},"max_forward_bias":{"value":3,"unit":""},"num_sweep_points":{"value":90,"unit":""},"dwell_time":{"value":10,"unit":""},"current_limit":{"value":-10,"unit":""},"pviv_10a_i_amp":{"value":0,"unit":""},"average":{"value":1,"unit":""},"dark_current":{"value":0,"unit":""},"rshunt_v_lo":{"value":-0.6,"unit":""},"rshunt_v_hi":{"value":-0.1,"unit":""},"voc":{"value":0.94487062,"unit":"V"},"isc":{"value":0.00209291,"unit":"A"},"jsc":{"value":20.92914728,"unit":"mA\/cm2"},"imax":{"value":0.00163385,"unit":"A"},"vmax":{"value":0.6092152,"unit":"V"},"pmax":{"value":0.99536678,"unit":"mW"},"fill_factor":{"value":50.3337,"unit":"%"},"efficiency":{"value":9.9537,"unit":"%"},"r_at_voc":{"value":110.76031,"unit":""},"r_at_isc":{"value":2250.138,"unit":""},"power":{"value":0.00147788,"unit":"W"},"rshunt":{"value":"NaN","unit":"ohm"},"cell_temp_start":{"value":"NaN","unit":""},"cell_temp_end":{"value":"NaN","unit":""},"exposure":{"value":12.226,"unit":""},"time":{"value":"19:51:35","unit":""},"date":{"value":"06\/06\/2021","unit":""},"V":{"value":[3,2.964,2.928,2.892,2.856,2.82,2.7845,2.7485,2.7125,2.6765,2.6405,2.6045,2.5685,2.5325,2.4965,2.4605,2.4245,2.389,2.353,2.317,2.281,2.245,2.209,2.173,2.137,2.101,2.065,2.029,1.9935,1.9575,1.9215,1.8855,1.8495,1.8135,1.7775,1.7415,1.7055,1.6695,1.6335,1.598,1.562,1.526,1.49,1.454,1.418,1.382,1.346,1.31,1.274,1.238,1.202,1.1665,1.1305,1.0945,1.0585,1.0225,0.9865,0.9505,0.9145,0.8785,0.8425,0.8065,0.771,0.735,0.699,0.663,0.627,0.591,0.555,0.519,0.483,0.447,0.411,0.3755,0.3395,0.3035,0.2675,0.2315,0.1955,0.1595,0.1235,0.0875,0.0515,0.0155,-0.02,-0.056,-0.092,-0.128,-0.164,-0.2],"unit":"V"},"I":{"value":[-0.0100002,-0.01,-0.01000001,-0.00999998,-0.01000007,-0.01000001,-0.00999998,-0.01000006,-0.01000015,-0.01000012,-0.00999996,-0.01000008,-0.01000006,-0.01000005,-0.01000005,-0.01000004,-0.01000004,-0.01000004,-0.01000005,-0.01000004,-0.01000003,-0.01000003,-0.01000004,-0.01000003,-0.01000003,-0.01000005,-0.01000004,-0.01000004,-0.01000005,-0.01000003,-0.01000003,-0.01000004,-0.01000005,-0.01000004,-0.00991559,-0.00972208,-0.00955348,-0.00923575,-0.00894814,-0.00862841,-0.00828313,-0.00797117,-0.00756454,-0.00715668,-0.00667047,-0.00617811,-0.00563579,-0.00507926,-0.00450085,-0.00392568,-0.00336052,-0.00282582,-0.00228519,-0.00176977,-0.0012694,-0.00081338,-0.00035643,-8.442e-5,0.00028837,0.0005858,0.00081841,0.00101039,0.00114819,0.00128854,0.00125866,0.00144936,0.00156984,0.00165037,0.00166668,0.00170646,0.00171356,0.00174523,0.00175343,0.00180454,0.00180064,0.00187764,0.00191415,0.00195896,0.00200436,0.00202306,0.00204611,0.00204667,0.0020595,0.0020762,0.00211506,0.00212786,0.00214028,0.00215169,0.00216273,0.00217346],"unit":"A"},"J":{"unit":"A\/cm2","value":[-0.10000200000000001,-0.09999999999999999,-0.1000001,-0.0999998,-0.1000007,-0.1000001,-0.0999998,-0.1000006,-0.1000015,-0.10000119999999998,-0.0999996,-0.10000079999999999,-0.1000006,-0.10000049999999999,-0.10000049999999999,-0.10000039999999999,-0.10000039999999999,-0.10000039999999999,-0.10000049999999999,-0.10000039999999999,-0.1000003,-0.1000003,-0.10000039999999999,-0.1000003,-0.1000003,-0.10000049999999999,-0.10000039999999999,-0.10000039999999999,-0.10000049999999999,-0.1000003,-0.1000003,-0.10000039999999999,-0.10000049999999999,-0.10000039999999999,-0.09915589999999999,-0.09722079999999998,-0.09553479999999999,-0.09235749999999998,-0.0894814,-0.08628409999999999,-0.0828313,-0.0797117,-0.07564539999999999,-0.0715668,-0.0667047,-0.06178109999999999,-0.056357899999999995,-0.0507926,-0.04500849999999999,-0.039256799999999994,-0.0336052,-0.0282582,-0.022851899999999998,-0.017697699999999997,-0.012693999999999999,-0.0081338,-0.0035642999999999994,-0.0008441999999999999,0.0028836999999999995,0.005858,0.0081841,0.010103899999999999,0.0114819,0.012885399999999998,0.0125866,0.014493599999999999,0.0156984,0.0165037,0.0166668,0.0170646,0.0171356,0.017452299999999997,0.0175343,0.0180454,0.0180064,0.0187764,0.0191415,0.0195896,0.0200436,0.0202306,0.020461099999999996,0.020466699999999997,0.020595,0.020761999999999996,0.021150600000000002,0.021278599999999998,0.0214028,0.0215169,0.0216273,0.021734599999999996]},"cell_dimension":{"value":0.1,"unit":"cm2"},"sweep_direction":{"unit":"","value":"Reverse"},"key":"Reverse6.1R CFM+MACl 24mg anti 17s_210606"},{"sample_area":{"value":0.1,"unit":"cm2"},"irradiance":{"value":1,"unit":""},"pre_sweep_delay":{"value":5,"unit":""},"bias_direction":{"value":0,"unit":""},"max_reverse_bias":{"value":-0.2,"unit":""},"max_forward_bias":{"value":3,"unit":""},"num_sweep_points":{"value":90,"unit":""},"dwell_time":{"value":10,"unit":""},"current_limit":{"value":-10,"unit":""},"pviv_10a_i_amp":{"value":0,"unit":""},"average":{"value":1,"unit":""},"dark_current":{"value":0,"unit":""},"rshunt_v_lo":{"value":-0.6,"unit":""},"rshunt_v_hi":{"value":-0.1,"unit":""},"voc":{"value":0.97790842,"unit":"V"},"isc":{"value":0.00220017,"unit":"A"},"jsc":{"value":22.00174938,"unit":"mA\/cm2"},"imax":{"value":0.00185786,"unit":"A"},"vmax":{"value":0.78949601,"unit":"V"},"pmax":{"value":1.46677394,"unit":"mW"},"fill_factor":{"value":68.1723,"unit":"%"},"efficiency":{"value":14.6677,"unit":"%"},"r_at_voc":{"value":43.552653,"unit":""},"r_at_isc":{"value":16717.354,"unit":""},"power":{"value":0.00191839,"unit":"W"},"rshunt":{"value":"NaN","unit":"ohm"},"cell_temp_start":{"value":"NaN","unit":""},"cell_temp_end":{"value":"NaN","unit":""},"exposure":{"value":11.821,"unit":""},"time":{"value":"19:54:52","unit":""},"date":{"value":"06\/06\/2021","unit":""},"V":{"value":[3,2.964,2.928,2.892,2.856,2.82,2.7845,2.7485,2.7125,2.6765,2.6405,2.6045,2.5685,2.5325,2.4965,2.4605,2.4245,2.389,2.353,2.317,2.281,2.245,2.209,2.173,2.137,2.101,2.065,2.029,1.9935,1.9575,1.9215,1.8855,1.8495,1.8135,1.7775,1.7415,1.7055,1.6695,1.6335,1.598,1.562,1.526,1.49,1.454,1.418,1.382,1.346,1.31,1.274,1.238,1.202,1.1665,1.1305,1.0945,1.0585,1.0225,0.9865,0.9505,0.9145,0.8785,0.8425,0.8065,0.771,0.735,0.699,0.663,0.627,0.591,0.555,0.519,0.483,0.447,0.411,0.3755,0.3395,0.3035,0.2675,0.2315,0.1955,0.1595,0.1235,0.0875,0.0515,0.0155,-0.02,-0.056,-0.092,-0.128,-0.164,-0.2],"unit":"V"},"I":{"value":[-0.01000006,-0.01000003,-0.01000003,-0.01000003,-0.01000004,-0.01000003,-0.01000003,-0.01000004,-0.01000003,-0.01000002,-0.01000003,-0.01000004,-0.01000004,-0.01000003,-0.01000002,-0.01000003,-0.01000003,-0.01000003,-0.01000003,-0.01000003,-0.01000003,-0.01000004,-0.01000004,-0.01000004,-0.01000003,-0.01000004,-0.01000003,-0.01000002,-0.01000004,-0.01000004,-0.01000003,-0.01000003,-0.01000003,-0.01000003,-0.01000004,-0.01000003,-0.01000004,-0.01000003,-0.01000003,-0.01000003,-0.01000004,-0.01000002,-0.01000003,-0.01000003,-0.01000003,-0.01000003,-0.01000003,-0.01000003,-0.01000003,-0.01,-0.00857546,-0.00706298,-0.00546297,-0.00391711,-0.00249061,-0.00118646,-0.00019727,0.00062932,0.00112455,0.00147943,0.00168563,0.00181482,0.00189675,0.00196159,0.00201103,0.00204917,0.00207712,0.00209815,0.00211553,0.00213065,0.00214104,0.00215068,0.00215917,0.00216514,0.00217108,0.00217585,0.0021813,0.00218513,0.00218908,0.00219227,0.00219441,0.00219689,0.00219776,0.00219835,0.00220169,0.00220379,0.00220519,0.00220715,0.00220957,0.00221164],"unit":"A"},"J":{"unit":"A\/cm2","value":[-0.1000006,-0.1000003,-0.1000003,-0.1000003,-0.10000039999999999,-0.1000003,-0.1000003,-0.10000039999999999,-0.1000003,-0.1000002,-0.1000003,-0.10000039999999999,-0.10000039999999999,-0.1000003,-0.1000002,-0.1000003,-0.1000003,-0.1000003,-0.1000003,-0.1000003,-0.1000003,-0.10000039999999999,-0.10000039999999999,-0.10000039999999999,-0.1000003,-0.10000039999999999,-0.1000003,-0.1000002,-0.10000039999999999,-0.10000039999999999,-0.1000003,-0.1000003,-0.1000003,-0.1000003,-0.10000039999999999,-0.1000003,-0.10000039999999999,-0.1000003,-0.1000003,-0.1000003,-0.10000039999999999,-0.1000002,-0.1000003,-0.1000003,-0.1000003,-0.1000003,-0.1000003,-0.1000003,-0.1000003,-0.09999999999999999,-0.0857546,-0.07062979999999999,-0.054629699999999996,-0.03917109999999999,-0.024906099999999997,-0.0118646,-0.0019726999999999995,0.0062932000000000005,0.011245499999999999,0.014794299999999998,0.016856299999999998,0.0181482,0.018967499999999998,0.0196159,0.020110299999999998,0.020491699999999998,0.0207712,0.0209815,0.0211553,0.0213065,0.021410399999999996,0.021506799999999996,0.021591700000000002,0.021651399999999998,0.0217108,0.0217585,0.021813,0.021851299999999997,0.0218908,0.0219227,0.021944099999999998,0.0219689,0.0219776,0.0219835,0.0220169,0.0220379,0.0220519,0.0220715,0.0220957,0.022116399999999998]},"cell_dimension":{"value":0.1,"unit":"cm2"},"sweep_direction":{"unit":"","value":"Reverse"},"key":"Reverse6.12R CFM+MACl 24mg anti 17s_210606"},{"sample_area":{"value":0.1,"unit":"cm2"},"irradiance":{"value":1,"unit":""},"pre_sweep_delay":{"value":5,"unit":""},"bias_direction":{"value":0,"unit":""},"max_reverse_bias":{"value":-0.2,"unit":""},"max_forward_bias":{"value":3,"unit":""},"num_sweep_points":{"value":90,"unit":""},"dwell_time":{"value":10,"unit":""},"current_limit":{"value":-10,"unit":""},"pviv_10a_i_amp":{"value":0,"unit":""},"average":{"value":1,"unit":""},"dark_current":{"value":0,"unit":""},"rshunt_v_lo":{"value":-0.6,"unit":""},"rshunt_v_hi":{"value":-0.1,"unit":""},"voc":{"value":0.98441931,"unit":"V"},"isc":{"value":0.00220359,"unit":"A"},"jsc":{"value":22.03586787,"unit":"mA\/cm2"},"imax":{"value":0.00185387,"unit":"A"},"vmax":{"value":0.79424162,"unit":"V"},"pmax":{"value":1.47242241,"unit":"mW"},"fill_factor":{"value":67.8769,"unit":"%"},"efficiency":{"value":14.7242,"unit":"%"},"r_at_voc":{"value":51.63949,"unit":""},"r_at_isc":{"value":15597.625,"unit":""},"power":{"value":0.00192758,"unit":"W"},"rshunt":{"value":"NaN","unit":"ohm"},"cell_temp_start":{"value":"NaN","unit":""},"cell_temp_end":{"value":"NaN","unit":""},"exposure":{"value":11.956,"unit":""},"time":{"value":"19:54:39","unit":""},"date":{"value":"06\/06\/2021","unit":""},"V":{"value":[3,2.964,2.928,2.892,2.856,2.82,2.7845,2.7485,2.7125,2.6765,2.6405,2.6045,2.5685,2.5325,2.4965,2.4605,2.4245,2.389,2.353,2.317,2.281,2.245,2.209,2.173,2.137,2.101,2.065,2.029,1.9935,1.9575,1.9215,1.8855,1.8495,1.8135,1.7775,1.7415,1.7055,1.6695,1.6335,1.598,1.562,1.526,1.49,1.454,1.418,1.382,1.346,1.31,1.274,1.238,1.202,1.1665,1.1305,1.0945,1.0585,1.0225,0.9865,0.9505,0.9145,0.8785,0.8425,0.8065,0.771,0.735,0.699,0.663,0.627,0.591,0.555,0.519,0.483,0.447,0.411,0.3755,0.3395,0.3035,0.2675,0.2315,0.1955,0.1595,0.1235,0.0875,0.0515,0.0155,-0.02,-0.056,-0.092,-0.128,-0.164,-0.2],"unit":"V"},"I":{"value":[-0.01000012,-0.01000006,-0.01000003,-0.01000004,-0.01000004,-0.01000005,-0.01000004,-0.01000004,-0.01000005,-0.01000003,-0.01000003,-0.01000003,-0.01000004,-0.01000005,-0.01000003,-0.01000004,-0.01000003,-0.01000004,-0.01000004,-0.01000004,-0.01000004,-0.01000003,-0.01000003,-0.01000003,-0.01000003,-0.01000004,-0.01000004,-0.01000004,-0.01000003,-0.01000003,-0.01000003,-0.01000004,-0.01000005,-0.01000004,-0.01000004,-0.01000004,-0.01000004,-0.01000003,-0.01000004,-0.01000003,-0.01000004,-0.01000004,-0.01000005,-0.01000003,-0.01000004,-0.01000004,-0.01000004,-0.01000004,-0.01000003,-0.00971285,-0.00832461,-0.00683542,-0.00525748,-0.00372825,-0.00229131,-0.00101054,-4.029e-5,0.00065685,0.00117186,0.0015109,0.0017041,0.00182402,0.001902,0.00196411,0.00201155,0.00204916,0.00207811,0.00210137,0.0021203,0.00213424,0.00214539,0.00215483,0.00216332,0.00217043,0.00217326,0.00217915,0.00218495,0.00218851,0.00219064,0.00219338,0.00219595,0.00219918,0.00220078,0.0022032,0.00220648,0.00220749,0.00220936,0.00221135,0.00221325,0.00221543],"unit":"A"},"J":{"unit":"A\/cm2","value":[-0.10000119999999998,-0.1000006,-0.1000003,-0.10000039999999999,-0.10000039999999999,-0.10000049999999999,-0.10000039999999999,-0.10000039999999999,-0.10000049999999999,-0.1000003,-0.1000003,-0.1000003,-0.10000039999999999,-0.10000049999999999,-0.1000003,-0.10000039999999999,-0.1000003,-0.10000039999999999,-0.10000039999999999,-0.10000039999999999,-0.10000039999999999,-0.1000003,-0.1000003,-0.1000003,-0.1000003,-0.10000039999999999,-0.10000039999999999,-0.10000039999999999,-0.1000003,-0.1000003,-0.1000003,-0.10000039999999999,-0.10000049999999999,-0.10000039999999999,-0.10000039999999999,-0.10000039999999999,-0.10000039999999999,-0.1000003,-0.10000039999999999,-0.1000003,-0.10000039999999999,-0.10000039999999999,-0.10000049999999999,-0.1000003,-0.10000039999999999,-0.10000039999999999,-0.10000039999999999,-0.10000039999999999,-0.1000003,-0.09712849999999999,-0.08324609999999999,-0.06835419999999999,-0.0525748,-0.037282499999999996,-0.0229131,-0.0101054,-0.0004029,0.006568499999999999,0.0117186,0.015109,0.017041,0.018240199999999998,0.01902,0.019641099999999998,0.020115499999999998,0.0204916,0.0207811,0.0210137,0.021202999999999996,0.021342399999999997,0.021453899999999998,0.0215483,0.021633199999999998,0.0217043,0.0217326,0.0217915,0.0218495,0.021885099999999998,0.0219064,0.0219338,0.021959499999999996,0.021991799999999995,0.022007799999999998,0.022032,0.022064799999999996,0.022074899999999998,0.022093599999999998,0.022113499999999998,0.0221325,0.0221543]},"cell_dimension":{"value":0.1,"unit":"cm2"},"sweep_direction":{"unit":"","value":"Reverse"},"key":"Reverse6.11R CFM+MACl 24mg anti 17s_210606"},{"sample_area":{"value":0.1,"unit":"cm2"},"irradiance":{"value":1,"unit":""},"pre_sweep_delay":{"value":5,"unit":""},"bias_direction":{"value":0,"unit":""},"max_reverse_bias":{"value":-0.2,"unit":""},"max_forward_bias":{"value":3,"unit":""},"num_sweep_points":{"value":90,"unit":""},"dwell_time":{"value":10,"unit":""},"current_limit":{"value":-10,"unit":""},"pviv_10a_i_amp":{"value":0,"unit":""},"average":{"value":1,"unit":""},"dark_current":{"value":0,"unit":""},"rshunt_v_lo":{"value":-0.6,"unit":""},"rshunt_v_hi":{"value":-0.1,"unit":""},"voc":{"value":0.99091058,"unit":"V"},"isc":{"value":0.00220618,"unit":"A"},"jsc":{"value":22.06184865,"unit":"mA\/cm2"},"imax":{"value":0.00185927,"unit":"A"},"vmax":{"value":0.80461828,"unit":"V"},"pmax":{"value":1.49600071,"unit":"mW"},"fill_factor":{"value":68.4314,"unit":"%"},"efficiency":{"value":14.96,"unit":"%"},"r_at_voc":{"value":35.778293,"unit":""},"r_at_isc":{"value":17630.285,"unit":""},"power":{"value":0.00195289,"unit":"W"},"rshunt":{"value":"NaN","unit":"ohm"},"cell_temp_start":{"value":"NaN","unit":""},"cell_temp_end":{"value":"NaN","unit":""},"exposure":{"value":11.817,"unit":""},"time":{"value":"19:54:26","unit":""},"date":{"value":"06\/06\/2021","unit":""},"V":{"value":[3,2.964,2.928,2.892,2.856,2.82,2.7845,2.7485,2.7125,2.6765,2.6405,2.6045,2.5685,2.5325,2.4965,2.4605,2.4245,2.389,2.353,2.317,2.281,2.245,2.209,2.173,2.137,2.101,2.065,2.029,1.9935,1.9575,1.9215,1.8855,1.8495,1.8135,1.7775,1.7415,1.7055,1.6695,1.6335,1.598,1.562,1.526,1.49,1.454,1.418,1.382,1.346,1.31,1.274,1.238,1.202,1.1665,1.1305,1.0945,1.0585,1.0225,0.9865,0.9505,0.9145,0.8785,0.8425,0.8065,0.771,0.735,0.699,0.663,0.627,0.591,0.555,0.519,0.483,0.447,0.411,0.3755,0.3395,0.3035,0.2675,0.2315,0.1955,0.1595,0.1235,0.0875,0.0515,0.0155,-0.02,-0.056,-0.092,-0.128,-0.164,-0.2],"unit":"V"},"I":{"value":[-0.01000035,-0.01000006,-0.01000005,-0.01000005,-0.01000005,-0.01000004,-0.01000004,-0.01000004,-0.01000004,-0.01000004,-0.01000004,-0.01000004,-0.01000004,-0.01000005,-0.01000004,-0.01000004,-0.01000004,-0.01000004,-0.01000004,-0.01000003,-0.01000004,-0.01000004,-0.01000004,-0.01000004,-0.01000003,-0.01000003,-0.01000004,-0.01000004,-0.01000004,-0.01000005,-0.01000004,-0.01000005,-0.01000004,-0.01000005,-0.01000004,-0.01000005,-0.01000004,-0.01000004,-0.01000004,-0.01000004,-0.01000005,-0.01000004,-0.01000005,-0.01000005,-0.01000004,-0.01000005,-0.01000004,-0.01000004,-0.00978384,-0.00874796,-0.00749251,-0.00615461,-0.00472976,-0.00333175,-0.00201086,-0.00088292,0.00012328,0.00085592,0.00129068,0.00158274,0.00174953,0.0018549,0.0019256,0.00198009,0.0020244,0.00205921,0.00208702,0.00210923,0.00212739,0.00214106,0.00215106,0.00216044,0.0021673,0.0021725,0.00217819,0.00218383,0.00218877,0.0021927,0.00219577,0.00219618,0.00220001,0.00220184,0.00220375,0.00220726,0.00220895,0.00221016,0.00221046,0.00221349,0.00221498,0.00221549],"unit":"A"},"J":{"unit":"A\/cm2","value":[-0.1000035,-0.1000006,-0.10000049999999999,-0.10000049999999999,-0.10000049999999999,-0.10000039999999999,-0.10000039999999999,-0.10000039999999999,-0.10000039999999999,-0.10000039999999999,-0.10000039999999999,-0.10000039999999999,-0.10000039999999999,-0.10000049999999999,-0.10000039999999999,-0.10000039999999999,-0.10000039999999999,-0.10000039999999999,-0.10000039999999999,-0.1000003,-0.10000039999999999,-0.10000039999999999,-0.10000039999999999,-0.10000039999999999,-0.1000003,-0.1000003,-0.10000039999999999,-0.10000039999999999,-0.10000039999999999,-0.10000049999999999,-0.10000039999999999,-0.10000049999999999,-0.10000039999999999,-0.10000049999999999,-0.10000039999999999,-0.10000049999999999,-0.10000039999999999,-0.10000039999999999,-0.10000039999999999,-0.10000039999999999,-0.10000049999999999,-0.10000039999999999,-0.10000049999999999,-0.10000049999999999,-0.10000039999999999,-0.10000049999999999,-0.10000039999999999,-0.10000039999999999,-0.09783839999999999,-0.0874796,-0.0749251,-0.06154609999999999,-0.0472976,-0.0333175,-0.0201086,-0.0088292,0.0012327999999999998,0.0085592,0.0129068,0.0158274,0.0174953,0.018549,0.019256,0.019800899999999996,0.020243999999999998,0.0205921,0.020870200000000002,0.0210923,0.0212739,0.021410600000000002,0.0215106,0.0216044,0.021672999999999998,0.021724999999999998,0.0217819,0.021838299999999998,0.0218877,0.021927,0.0219577,0.021961799999999997,0.022000099999999998,0.0220184,0.022037499999999998,0.022072599999999998,0.022089499999999998,0.0221016,0.0221046,0.022134899999999996,0.0221498,0.022154899999999998]},"cell_dimension":{"value":0.1,"unit":"cm2"},"sweep_direction":{"unit":"","value":"Reverse"},"key":"Reverse6.10R CFM+MACl 24mg anti 17s_210606"}]}}