{"_id":"653616fa6499622b4e49ca44","id":"KNU-SC-00106","author":79,"group":8,"input":[{"tco":{"unit":"","value":"FTO"}},[],{"etl":[{"material":{"unit":"","value":"TiO2"},"concentration":{"unit":"","value":"10"},"conc_unit":{"unit":"","value":"mg\/ml"},"quantity":{"unit":"ml","value":"1"}}],"solvent":[{"material":{"unit":"","value":"IPA"},"volume":{"unit":"ml","value":"1"}}],"spin_coating":[{"type":{"unit":"","value":"dynamic"},"rpm":{"unit":"","value":"3000"},"time":{"unit":"s","value":"30"}}],"vacuum_suction":[{"unit":"s","value":"0"}],"annealing":[{"temperature":{"unit":"oC","value":"100"},"time":{"unit":"m","value":"10"}}],"etl_doping":[{"material":{"unit":"","value":"KCl"},"volume":{"unit":"ul","value":"0"}}],"module":[{"type":{"unit":"","value":"Bar coating"},"gap":{"unit":"um","value":"0"},"coating_speed":{"unit":"mm\/s","value":"0"},"feeding_amount":{"unit":"ul","value":"0"}}],"thermal_evaporation":[{"evaporation_rate":{"unit":"A\/s","value":null},"vacuum_pressure":{"unit":"uTorr","value":null},"vacuum_evaporation_thickness":{"unit":"nm","value":"0"}}]},{"etl_treatment":[],"solvent":[{"material":{"unit":"","value":"IPA"},"volume":{"unit":"ml","value":"01"}},{"material":{"unit":"","value":"DMSO"},"volume":{"unit":"ml","value":"0"}}],"spin_coating":[{"type":{"unit":"","value":"dynamic"},"rpm":{"unit":"","value":"3000"},"time":{"unit":"s","value":"30"}}],"vacuum_suction":[{"unit":"s","value":"0"}],"annealing":[{"temperature":{"unit":"oC","value":"150"},"time":{"unit":"m","value":"30"}}],"module":[{"type":{"unit":"","value":"Bar coating"},"gap":{"unit":"um","value":"0"},"coating_speed":{"unit":"mm\/s","value":"0"},"feeding_amount":{"unit":"ul","value":"0"}}],"thermal_evaporation":[{"evaporation_rate":{"unit":"A\/s","value":null},"vacuum_pressure":{"unit":"uTorr","value":null},"vacuum_evaporation_thickness":{"unit":"nm","value":"0"}}]},[],{"perovskite":{"method":{"unit":"","value":"1step"},"molarity":{"unit":"M","value":"1.5"},"a_site":[{"material":{"unit":"","value":"FA"},"ratio":{"unit":"","value":"0.7553"}},{"material":{"unit":"","value":"Cs"},"ratio":{"unit":"","value":"0.1411"}},{"material":{"unit":"","value":"MA"},"ratio":{"unit":"","value":"0.074"}}],"b_site":[{"material":{"unit":"","value":"Pb"},"ratio":{"unit":"","value":"100"}},{"material":{"unit":"","value":"Sn"},"ratio":{"unit":"","value":"0"}}],"x_site":[{"material":{"unit":"","value":"I"},"ratio":{"unit":"","value":"70"}},{"material":{"unit":"","value":"Br"},"ratio":{"unit":"","value":"30"}}],"solvent":[{"material":{"unit":"","value":"DMF"},"volume":{"unit":"ml","value":"0.8"}},{"material":{"unit":"","value":"DMSO"},"volume":{"unit":"ml","value":"0.2"}}],"stirring_time":[{"unit":"m","value":"120"}],"antisolvent":[{"material":{"unit":"","value":"EA"},"quantity":{"unit":"ul","value":"300"},"dripping_time":{"unit":"s","value":"23"}}],"spin_coating":[{"type":{"unit":"","value":"dynamic"},"rpm":{"unit":"","value":"5000"},"time":{"unit":"s","value":"40"}}],"annealing":[{"temperature":{"unit":"oC","value":"100"},"time":{"unit":"m","value":"45"}}],"atmosphere":[{"type":{"unit":"","value":"N2"},"temperature":{"unit":"oC","value":"28"},"humidity":{"unit":"RH%","value":"0"}}],"assist":[{"type":{"unit":"","value":"DMSO vacuum assist"},"temperature":{"unit":"oC","value":"None"},"assist_start_time":{"value":null,"unit":"s"},"total_assist_time":{"value":"None","unit":"s"}}],"module":[{"type":{"unit":"","value":"Bar coating"},"gap":{"unit":"um","value":"0"},"coating_speed":{"unit":"mm\/s","value":"0"},"feeding_amount":{"unit":"ul","value":"0"}}],"thermal_evaporation":[{"evaporation_rate":{"unit":"A\/s","value":null},"vacuum_pressure":{"unit":"uTorr","value":null},"vacuum_evaporation_thickness":{"unit":"nm","value":"0"}}]}},{"perovskite_treatment":[{"material":{"unit":"","value":"OAI"},"concentration":{"unit":"","value":"0"},"conc_unit":{"unit":"","value":"mg\/ml"},"quantity":{"unit":"ml","value":null}}],"solvent":[{"material":{"unit":"","value":"IPA"},"volume":{"unit":"ml","value":"0"}}],"spin_coating":[{"type":{"unit":"","value":"dynamic"},"rpm":{"unit":"","value":"3000"},"time":{"unit":"s","value":"30"}}],"vacuum_suction":[{"unit":"s","value":"0"}],"annealing":[{"temperature":{"unit":"oC","value":"0"},"time":{"unit":"m","value":"0"}}],"module":[{"type":{"unit":"","value":"Bar coating"},"gap":{"unit":"um","value":"0"},"coating_speed":{"unit":"mm\/s","value":"0"},"feeding_amount":{"unit":"ul","value":"0"}}],"thermal_evaporation":[{"evaporation_rate":{"unit":"A\/s","value":null},"vacuum_pressure":{"unit":"uTorr","value":null},"vacuum_evaporation_thickness":{"unit":"nm","value":"0"}}]},{"htl":[{"material":{"unit":"","value":"Spiro-OMeTAD"},"concentration":{"unit":"","value":"90"},"conc_unit":{"unit":"","value":"mg\/ml"},"quantity":{"unit":"ml","value":null}}],"solvent":[{"material":{"unit":"","value":"CB"},"volume":{"unit":"ml","value":"0.3"}}],"spin_coating":[{"type":{"unit":"","value":"dynamic"},"rpm":{"unit":"","value":"3000"},"time":{"unit":"s","value":"30"}}],"vacuum_suction":[{"unit":"s","value":"0"}],"annealing":[{"temperature":{"unit":"oC","value":"0"},"time":{"unit":"m","value":"0"}}],"module":[{"type":{"unit":"","value":"Bar coating"},"gap":{"unit":"um","value":"0"},"coating_speed":{"unit":"mm\/s","value":"0"},"feeding_amount":{"unit":"ul","value":"0"}}],"thermal_evaporation":[{"evaporation_rate":{"unit":"A\/s","value":null},"vacuum_pressure":{"unit":"uTorr","value":null},"vacuum_evaporation_thickness":{"unit":"nm","value":"0"}}],"htl_doping":[{"material":{"unit":"","value":"Co-TFSI"},"volume":{"unit":"ul","value":"5"}},{"material":{"unit":"","value":"Li-TFSI"},"volume":{"unit":"ul","value":"23"}},{"material":{"unit":"","value":"tBP"},"volume":{"unit":"ul","value":"39"}}]},{"htl_treatment":[{"material":{"unit":"","value":"none"},"concentration":{"unit":"","value":"3"},"conc_unit":{"unit":"","value":"mg\/ml"},"quantity":{"unit":"ml","value":null}}],"solvent":[{"material":{"unit":"","value":"DMF"},"volume":{"unit":"ml","value":"0.8"}},{"material":{"unit":"","value":"DMSO"},"volume":{"unit":"ml","value":"0.2"}}],"spin_coating":[{"type":{"unit":"","value":"dynamic"},"rpm":{"unit":"","value":"5000"},"time":{"unit":"s","value":"0"}}],"vacuum_suction":[{"unit":"s","value":"0"}],"annealing":[{"temperature":{"unit":"oC","value":"0"},"time":{"unit":"m","value":"0"}}],"module":[{"type":{"unit":"","value":"Bar coating"},"gap":{"unit":"um","value":"0"},"coating_speed":{"unit":"mm\/s","value":"0"},"feeding_amount":{"unit":"ul","value":"0"}}],"thermal_evaporation":[{"evaporation_rate":{"unit":"A\/s","value":null},"vacuum_pressure":{"unit":"uTorr","value":null},"vacuum_evaporation_thickness":{"unit":"nm","value":"0"}}]},{"anode_metal":{"unit":"","value":"Au"}},{"note":{"unit":"","value":"EA 300ul 23s"},"ar":{"unit":"","value":""},"type":{"unit":"","value":"unit_cell"},"device_type":{"unit":"","value":"n-i-p"},"temperature":{"unit":"oC","value":"30"},"humidity":{"unit":"%","value":"0"},"cell_dimension":{"unit":"cm2","value":"0.1"}}],"fileinfo":[{"key":"Reverse5.3R CFM EA 300ul 23s_230517","uploadType":"JV","original_name":"Reverse5.3R CFM EA 300ul 23s_230517-1503.txt","save_name":"KNU-SC-00106\/Reverse5.3R CFM EA 300ul 23s_230517","uploader":79,"fileType":""},{"key":"Reverse5.4R CFM EA 300ul 23s_230517","uploadType":"JV","original_name":"Reverse5.4R CFM EA 300ul 23s_230517-1504.txt","save_name":"KNU-SC-00106\/Reverse5.4R CFM EA 300ul 23s_230517","uploader":79,"fileType":""},{"key":"Reverse5.5R CFM EA 300ul 23s_230517","uploadType":"JV","original_name":"Reverse5.5R CFM EA 300ul 23s_230517-1505.txt","save_name":"KNU-SC-00106\/Reverse5.5R CFM EA 300ul 23s_230517","uploader":79,"fileType":""},{"key":"Reverse5.6R CFM EA 300ul 23s_230517","uploadType":"JV","original_name":"Reverse5.6R CFM EA 300ul 23s_230517-1506.txt","save_name":"KNU-SC-00106\/Reverse5.6R CFM EA 300ul 23s_230517","uploader":79,"fileType":""},{"key":"Reverse5.7R CFM EA 300ul 23s_230517","uploadType":"JV","original_name":"Reverse5.7R CFM EA 300ul 23s_230517-1507.txt","save_name":"KNU-SC-00106\/Reverse5.7R CFM EA 300ul 23s_230517","uploader":79,"fileType":""},{"key":"Reverse5.8R CFM EA 300ul 23s_230517","uploadType":"JV","original_name":"Reverse5.8R CFM EA 300ul 23s_230517-1508.txt","save_name":"KNU-SC-00106\/Reverse5.8R CFM EA 300ul 23s_230517","uploader":79,"fileType":""},{"key":"Forward5.1F CFM EA 300ul 23s_230517","uploadType":"JV","original_name":"Forward5.1F CFM EA 300ul 23s_230517-1501.txt","save_name":"KNU-SC-00106\/Forward5.1F CFM EA 300ul 23s_230517","uploader":79,"fileType":""},{"key":"Forward5.2F CFM EA 300ul 23s_230517","uploadType":"JV","original_name":"Forward5.2F CFM EA 300ul 23s_230517-1502.txt","save_name":"KNU-SC-00106\/Forward5.2F CFM EA 300ul 23s_230517","uploader":79,"fileType":""},{"key":"Forward5.3F CFM EA 300ul 23s_230517","uploadType":"JV","original_name":"Forward5.3F CFM EA 300ul 23s_230517-1503.txt","save_name":"KNU-SC-00106\/Forward5.3F CFM EA 300ul 23s_230517","uploader":79,"fileType":""},{"key":"Forward5.4F CFM EA 300ul 23s_230517","uploadType":"JV","original_name":"Forward5.4F CFM EA 300ul 23s_230517-1504.txt","save_name":"KNU-SC-00106\/Forward5.4F CFM EA 300ul 23s_230517","uploader":79,"fileType":""},{"key":"Forward5.5F CFM EA 300ul 23s_230517","uploadType":"JV","original_name":"Forward5.5F CFM EA 300ul 23s_230517-1505.txt","save_name":"KNU-SC-00106\/Forward5.5F CFM EA 300ul 23s_230517","uploader":79,"fileType":""},{"key":"Reverse5.1R CFM EA 300ul 23s_230517","uploadType":"JV","original_name":"Reverse5.1R CFM EA 300ul 23s_230517-1501.txt","save_name":"KNU-SC-00106\/Reverse5.1R CFM EA 300ul 23s_230517","uploader":79,"fileType":""},{"key":"Reverse5.2R CFM EA 300ul 23s_230517","uploadType":"JV","original_name":"Reverse5.2R CFM EA 300ul 23s_230517-1502.txt","save_name":"KNU-SC-00106\/Reverse5.2R CFM EA 300ul 23s_230517","uploader":79,"fileType":""}],"jvcnt":13,"updated_at":"2024-06-03 08:38:36","created_at":"2023-10-23 06:47:22","analysisInfo":{"JV":[{"efficiency":14.7849,"fill_factor":67.5903,"jsc":20.12784003,"voc":1.08677088,"key":"Reverse5.8R CFM EA 300ul 23s_230517","cell_dimension":0.1},{"efficiency":15.1825,"fill_factor":69.1954,"jsc":20.12778691,"voc":1.090106,"key":"Reverse5.7R CFM EA 300ul 23s_230517","cell_dimension":0.1},{"efficiency":15.1212,"fill_factor":67.8074,"jsc":20.34194389,"voc":1.09626433,"key":"Reverse5.6R CFM EA 300ul 23s_230517","cell_dimension":0.1},{"efficiency":15.4896,"fill_factor":69.2748,"jsc":20.33350356,"voc":1.09964592,"key":"Reverse5.5R CFM EA 300ul 23s_230517","cell_dimension":0.1},{"efficiency":14.8123,"fill_factor":67.0227,"jsc":20.23218912,"voc":1.09234289,"key":"Reverse5.4R CFM EA 300ul 23s_230517","cell_dimension":0.1},{"efficiency":15.2134,"fill_factor":68.3629,"jsc":20.2313748,"voc":1.0999726,"key":"Reverse5.3R CFM EA 300ul 23s_230517","cell_dimension":0.1},{"efficiency":14.8592,"fill_factor":66.7204,"jsc":20.22065393,"voc":1.101393,"key":"Reverse5.2R CFM EA 300ul 23s_230517","cell_dimension":0.1},{"efficiency":"NaN","fill_factor":"NaN","jsc":11.35658413,"voc":0.06817941,"key":"Reverse5.1R CFM EA 300ul 23s_230517","cell_dimension":0.1},{"efficiency":7.7639,"fill_factor":35.9639,"jsc":20.04979711,"voc":1.07672628,"key":"Forward5.5F CFM EA 300ul 23s_230517","cell_dimension":0.1},{"efficiency":7.7944,"fill_factor":35.6463,"jsc":20.30865489,"voc":1.07667707,"key":"Forward5.4F CFM EA 300ul 23s_230517","cell_dimension":0.1},{"efficiency":7.9483,"fill_factor":36.9268,"jsc":20.26113158,"voc":1.06235677,"key":"Forward5.3F CFM EA 300ul 23s_230517","cell_dimension":0.1},{"efficiency":6.7503,"fill_factor":31.5558,"jsc":20.28902307,"voc":1.05434545,"key":"Forward5.2F CFM EA 300ul 23s_230517","cell_dimension":0.1},{"efficiency":0.1052,"fill_factor":23.3457,"jsc":5.43490287,"voc":0.08288414,"key":"Forward5.1F CFM EA 300ul 23s_230517","cell_dimension":0.1}]},"public":2,"analysis":{"JV":[{"sample_area":{"value":0.1,"unit":"cm2"},"irradiance":{"value":1,"unit":""},"pre_sweep_delay":{"value":5,"unit":""},"bias_direction":{"value":0,"unit":""},"max_reverse_bias":{"value":-0.2,"unit":""},"max_forward_bias":{"value":3,"unit":""},"num_sweep_points":{"value":70,"unit":""},"dwell_time":{"value":10,"unit":""},"current_limit":{"value":-30,"unit":""},"pviv_10a_i_amp":{"value":0,"unit":""},"average":{"value":1,"unit":""},"dark_current":{"value":0,"unit":""},"rshunt_v_lo":{"value":-0.6,"unit":""},"rshunt_v_hi":{"value":-0.1,"unit":""},"voc":{"value":1.08677088,"unit":"V"},"isc":{"value":0.00201278,"unit":"A"},"jsc":{"value":20.12784003,"unit":"mA\/cm2"},"imax":{"value":0.00172605,"unit":"A"},"vmax":{"value":0.85657925,"unit":"V"},"pmax":{"value":1.47849463,"unit":"mW"},"fill_factor":{"value":67.5903,"unit":"%"},"efficiency":{"value":14.7849,"unit":"%"},"r_at_voc":{"value":59.547256,"unit":""},"r_at_isc":{"value":11344.725,"unit":""},"power":{"value":0.00193075,"unit":"W"},"rshunt":{"value":"NaN","unit":"ohm"},"cell_temp_start":{"value":"NaN","unit":""},"cell_temp_end":{"value":"NaN","unit":""},"exposure":{"value":10.738,"unit":""},"time":{"value":"16:39:53","unit":""},"date":{"value":"05\/17\/2023","unit":""},"V":{"value":[3,2.9535,2.907,2.861,2.8145,2.768,2.7215,2.6755,2.629,2.5825,2.536,2.49,2.4435,2.397,2.3505,2.3045,2.258,2.2115,2.165,2.119,2.0725,2.026,1.9795,1.9335,1.887,1.8405,1.794,1.748,1.7015,1.655,1.6085,1.5625,1.516,1.4695,1.423,1.377,1.3305,1.284,1.2375,1.1915,1.145,1.0985,1.052,1.006,0.9595,0.913,0.8665,0.8205,0.774,0.7275,0.681,0.635,0.5885,0.542,0.4955,0.4495,0.403,0.3565,0.31,0.264,0.2175,0.171,0.1245,0.0785,0.032,-0.0145,-0.061,-0.107,-0.1535,-0.2],"unit":"V"},"I":{"value":[-0.02688234,-0.03000401,-0.03000385,-0.03000374,-0.0300037,-0.03000369,-0.03000368,-0.03000363,-0.03000363,-0.03000361,-0.03000362,-0.03000358,-0.03000358,-0.03000359,-0.0300036,-0.03000357,-0.03000356,-0.03000359,-0.03000357,-0.03000354,-0.03000355,-0.03000356,-0.03000355,-0.03000354,-0.02894084,-0.02740934,-0.02568889,-0.02389525,-0.02198509,-0.02000021,-0.01796606,-0.01594411,-0.01391487,-0.01191072,-0.00980851,-0.00805509,-0.00638922,-0.00487486,-0.00350327,-0.0022576,-0.00111086,-0.00019697,0.00058392,0.00096149,0.00135544,0.00157396,0.00170511,0.00178849,0.00184655,0.00188591,0.00191406,0.00193312,0.00194746,0.00195739,0.00196457,0.00196957,0.00197613,0.00198029,0.00198511,0.00198963,0.00199378,0.00199741,0.00200147,0.00200729,0.00200948,0.00201469,0.00201727,0.00202211,0.00202655,0.00203032],"unit":"A"},"J":{"unit":"A\/cm2","value":[-0.2688234,-0.3000401,-0.3000385,-0.3000374,-0.300037,-0.3000369,-0.3000368,-0.3000363,-0.3000363,-0.3000361,-0.3000362,-0.30003579999999996,-0.30003579999999996,-0.30003589999999997,-0.30003599999999997,-0.30003569999999996,-0.30003559999999996,-0.30003589999999997,-0.30003569999999996,-0.30003539999999995,-0.3000355,-0.30003559999999996,-0.3000355,-0.30003539999999995,-0.28940839999999995,-0.2740934,-0.2568889,-0.23895249999999998,-0.2198509,-0.2000021,-0.17966059999999998,-0.1594411,-0.1391487,-0.1191072,-0.0980851,-0.08055090000000001,-0.0638922,-0.048748599999999996,-0.0350327,-0.022575999999999995,-0.0111086,-0.0019697,0.0058392,0.0096149,0.0135544,0.0157396,0.0170511,0.0178849,0.0184655,0.0188591,0.019140599999999997,0.0193312,0.019474599999999998,0.019573899999999998,0.0196457,0.019695699999999997,0.0197613,0.0198029,0.0198511,0.0198963,0.0199378,0.019974099999999998,0.0200147,0.0200729,0.0200948,0.0201469,0.0201727,0.0202211,0.020265499999999995,0.020303199999999997]},"cell_dimension":{"value":0.1,"unit":"cm2"},"sweep_direction":{"unit":"","value":"Reverse"},"key":"Reverse5.8R CFM EA 300ul 23s_230517"},{"sample_area":{"value":0.1,"unit":"cm2"},"irradiance":{"value":1,"unit":""},"pre_sweep_delay":{"value":5,"unit":""},"bias_direction":{"value":0,"unit":""},"max_reverse_bias":{"value":-0.2,"unit":""},"max_forward_bias":{"value":3,"unit":""},"num_sweep_points":{"value":70,"unit":""},"dwell_time":{"value":10,"unit":""},"current_limit":{"value":-30,"unit":""},"pviv_10a_i_amp":{"value":0,"unit":""},"average":{"value":1,"unit":""},"dark_current":{"value":0,"unit":""},"rshunt_v_lo":{"value":-0.6,"unit":""},"rshunt_v_hi":{"value":-0.1,"unit":""},"voc":{"value":1.090106,"unit":"V"},"isc":{"value":0.00201278,"unit":"A"},"jsc":{"value":20.12778691,"unit":"mA\/cm2"},"imax":{"value":0.00174015,"unit":"A"},"vmax":{"value":0.87248199,"unit":"V"},"pmax":{"value":1.51824586,"unit":"mW"},"fill_factor":{"value":69.1954,"unit":"%"},"efficiency":{"value":15.1825,"unit":"%"},"r_at_voc":{"value":59.927577,"unit":""},"r_at_isc":{"value":11961.963,"unit":""},"power":{"value":0.00195159,"unit":"W"},"rshunt":{"value":"NaN","unit":"ohm"},"cell_temp_start":{"value":"NaN","unit":""},"cell_temp_end":{"value":"NaN","unit":""},"exposure":{"value":10.872,"unit":""},"time":{"value":"16:39:38","unit":""},"date":{"value":"05\/17\/2023","unit":""},"V":{"value":[3,2.9535,2.907,2.861,2.8145,2.768,2.7215,2.6755,2.629,2.5825,2.536,2.49,2.4435,2.397,2.3505,2.3045,2.258,2.2115,2.165,2.119,2.0725,2.026,1.9795,1.9335,1.887,1.8405,1.794,1.748,1.7015,1.655,1.6085,1.5625,1.516,1.4695,1.423,1.377,1.3305,1.284,1.2375,1.1915,1.145,1.0985,1.052,1.006,0.9595,0.913,0.8665,0.8205,0.774,0.7275,0.681,0.635,0.5885,0.542,0.4955,0.4495,0.403,0.3565,0.31,0.264,0.2175,0.171,0.1245,0.0785,0.032,-0.0145,-0.061,-0.107,-0.1535,-0.2],"unit":"V"},"I":{"value":[-0.02186891,-0.03000427,-0.03000383,-0.03000374,-0.03000368,-0.03000364,-0.03000364,-0.03000357,-0.03000356,-0.03000357,-0.03000355,-0.03000353,-0.03000353,-0.03000352,-0.03000352,-0.03000351,-0.03000352,-0.03000351,-0.03000351,-0.03000347,-0.03000349,-0.0300035,-0.0300034,-0.02902097,-0.02766986,-0.02614704,-0.02447919,-0.02278345,-0.02093365,-0.01903757,-0.01710312,-0.01519667,-0.01324035,-0.01129425,-0.00928068,-0.00754382,-0.00590945,-0.00445765,-0.00317893,-0.00202885,-0.00098302,-0.00014007,0.00063587,0.00105192,0.00143518,0.00163752,0.0017517,0.00182089,0.00186689,0.00189791,0.0019232,0.00193906,0.00194897,0.00195998,0.00196665,0.00197385,0.00197881,0.00198293,0.00198659,0.00199073,0.00199407,0.00199849,0.00200271,0.00200614,0.00201105,0.0020138,0.00201885,0.00202137,0.00202506,0.00202919],"unit":"A"},"J":{"unit":"A\/cm2","value":[-0.21868909999999997,-0.3000427,-0.3000383,-0.3000374,-0.3000368,-0.3000364,-0.3000364,-0.30003569999999996,-0.30003559999999996,-0.30003569999999996,-0.3000355,-0.3000353,-0.3000353,-0.30003519999999995,-0.30003519999999995,-0.3000351,-0.30003519999999995,-0.3000351,-0.3000351,-0.3000347,-0.3000349,-0.300035,-0.30003399999999997,-0.29020969999999996,-0.2766986,-0.2614704,-0.2447919,-0.2278345,-0.2093365,-0.19037569999999998,-0.1710312,-0.1519667,-0.13240349999999998,-0.1129425,-0.0928068,-0.0754382,-0.0590945,-0.04457649999999999,-0.0317893,-0.020288499999999998,-0.009830199999999999,-0.0014007,0.006358699999999999,0.0105192,0.0143518,0.0163752,0.017516999999999998,0.018208899999999997,0.0186689,0.0189791,0.019232,0.0193906,0.0194897,0.0195998,0.019666499999999996,0.0197385,0.0197881,0.019829299999999998,0.0198659,0.0199073,0.0199407,0.019984899999999996,0.0200271,0.0200614,0.020110499999999996,0.020138,0.020188499999999998,0.0202137,0.020250599999999997,0.0202919]},"cell_dimension":{"value":0.1,"unit":"cm2"},"sweep_direction":{"unit":"","value":"Reverse"},"key":"Reverse5.7R CFM EA 300ul 23s_230517"},{"sample_area":{"value":0.1,"unit":"cm2"},"irradiance":{"value":1,"unit":""},"pre_sweep_delay":{"value":5,"unit":""},"bias_direction":{"value":0,"unit":""},"max_reverse_bias":{"value":-0.2,"unit":""},"max_forward_bias":{"value":3,"unit":""},"num_sweep_points":{"value":70,"unit":""},"dwell_time":{"value":10,"unit":""},"current_limit":{"value":-30,"unit":""},"pviv_10a_i_amp":{"value":0,"unit":""},"average":{"value":1,"unit":""},"dark_current":{"value":0,"unit":""},"rshunt_v_lo":{"value":-0.6,"unit":""},"rshunt_v_hi":{"value":-0.1,"unit":""},"voc":{"value":1.09626433,"unit":"V"},"isc":{"value":0.00203419,"unit":"A"},"jsc":{"value":20.34194389,"unit":"mA\/cm2"},"imax":{"value":0.00174828,"unit":"A"},"vmax":{"value":0.86491482,"unit":"V"},"pmax":{"value":1.51211518,"unit":"mW"},"fill_factor":{"value":67.8074,"unit":"%"},"efficiency":{"value":15.1212,"unit":"%"},"r_at_voc":{"value":72.950306,"unit":""},"r_at_isc":{"value":14236.012,"unit":""},"power":{"value":0.00196763,"unit":"W"},"rshunt":{"value":"NaN","unit":"ohm"},"cell_temp_start":{"value":"NaN","unit":""},"cell_temp_end":{"value":"NaN","unit":""},"exposure":{"value":10.871,"unit":""},"time":{"value":"16:39:04","unit":""},"date":{"value":"05\/17\/2023","unit":""},"V":{"value":[3,2.9535,2.907,2.861,2.8145,2.768,2.7215,2.6755,2.629,2.5825,2.536,2.49,2.4435,2.397,2.3505,2.3045,2.258,2.2115,2.165,2.119,2.0725,2.026,1.9795,1.9335,1.887,1.8405,1.794,1.748,1.7015,1.655,1.6085,1.5625,1.516,1.4695,1.423,1.377,1.3305,1.284,1.2375,1.1915,1.145,1.0985,1.052,1.006,0.9595,0.913,0.8665,0.8205,0.774,0.7275,0.681,0.635,0.5885,0.542,0.4955,0.4495,0.403,0.3565,0.31,0.264,0.2175,0.171,0.1245,0.0785,0.032,-0.0145,-0.061,-0.107,-0.1535,-0.2],"unit":"V"},"I":{"value":[-0.01661468,-0.02591914,-0.03000427,-0.03000385,-0.03000372,-0.03000365,-0.03000363,-0.03000364,-0.03000361,-0.03000359,-0.03000356,-0.03000352,-0.03000356,-0.03000353,-0.03000354,-0.03000354,-0.03000352,-0.03000352,-0.03000354,-0.03000353,-0.03000352,-0.02985951,-0.02867873,-0.0273161,-0.02583798,-0.02426019,-0.02260636,-0.02094066,-0.01919929,-0.01742381,-0.01561891,-0.01385023,-0.0120678,-0.01030484,-0.0084782,-0.00691719,-0.00544694,-0.00413045,-0.00294975,-0.00186769,-0.00088276,-3.065e-5,0.00060677,0.00104981,0.00142041,0.0016243,0.00174505,0.00182294,0.0018766,0.00191347,0.00193901,0.00195647,0.00197184,0.00198218,0.00199155,0.0019964,0.00200083,0.00200531,0.00201049,0.00201496,0.00201886,0.00202347,0.00202644,0.00202953,0.00203321,0.00203565,0.00203897,0.00204078,0.00204372,0.00204781],"unit":"A"},"J":{"unit":"A\/cm2","value":[-0.16614679999999998,-0.25919139999999996,-0.3000427,-0.3000385,-0.3000372,-0.3000365,-0.3000363,-0.3000364,-0.3000361,-0.30003589999999997,-0.30003559999999996,-0.30003519999999995,-0.30003559999999996,-0.3000353,-0.30003539999999995,-0.30003539999999995,-0.30003519999999995,-0.30003519999999995,-0.30003539999999995,-0.3000353,-0.30003519999999995,-0.29859509999999995,-0.28678729999999997,-0.273161,-0.2583798,-0.2426019,-0.22606359999999998,-0.2094066,-0.1919929,-0.1742381,-0.1561891,-0.1385023,-0.120678,-0.10304839999999998,-0.084782,-0.0691719,-0.054469399999999994,-0.041304499999999994,-0.0294975,-0.0186769,-0.0088276,-0.00030649999999999997,0.0060677,0.0104981,0.014204099999999999,0.016242999999999997,0.017450499999999997,0.0182294,0.018765999999999998,0.019134699999999998,0.019390099999999997,0.0195647,0.019718399999999997,0.0198218,0.0199155,0.019964,0.020008299999999996,0.0200531,0.020104900000000002,0.0201496,0.020188599999999998,0.020234699999999998,0.0202644,0.0202953,0.0203321,0.0203565,0.0203897,0.020407799999999997,0.0204372,0.0204781]},"cell_dimension":{"value":0.1,"unit":"cm2"},"sweep_direction":{"unit":"","value":"Reverse"},"key":"Reverse5.6R CFM EA 300ul 23s_230517"},{"sample_area":{"value":0.1,"unit":"cm2"},"irradiance":{"value":1,"unit":""},"pre_sweep_delay":{"value":5,"unit":""},"bias_direction":{"value":0,"unit":""},"max_reverse_bias":{"value":-0.2,"unit":""},"max_forward_bias":{"value":3,"unit":""},"num_sweep_points":{"value":70,"unit":""},"dwell_time":{"value":10,"unit":""},"current_limit":{"value":-30,"unit":""},"pviv_10a_i_amp":{"value":0,"unit":""},"average":{"value":1,"unit":""},"dark_current":{"value":0,"unit":""},"rshunt_v_lo":{"value":-0.6,"unit":""},"rshunt_v_hi":{"value":-0.1,"unit":""},"voc":{"value":1.09964592,"unit":"V"},"isc":{"value":0.00203335,"unit":"A"},"jsc":{"value":20.33350356,"unit":"mA\/cm2"},"imax":{"value":0.00176485,"unit":"A"},"vmax":{"value":0.87767013,"unit":"V"},"pmax":{"value":1.54895966,"unit":"mW"},"fill_factor":{"value":69.2748,"unit":"%"},"efficiency":{"value":15.4896,"unit":"%"},"r_at_voc":{"value":55.202653,"unit":""},"r_at_isc":{"value":13874.245,"unit":""},"power":{"value":0.00198516,"unit":"W"},"rshunt":{"value":"NaN","unit":"ohm"},"cell_temp_start":{"value":"NaN","unit":""},"cell_temp_end":{"value":"NaN","unit":""},"exposure":{"value":10.867,"unit":""},"time":{"value":"16:38:31","unit":""},"date":{"value":"05\/17\/2023","unit":""},"V":{"value":[3,2.9535,2.907,2.861,2.8145,2.768,2.7215,2.6755,2.629,2.5825,2.536,2.49,2.4435,2.397,2.3505,2.3045,2.258,2.2115,2.165,2.119,2.0725,2.026,1.9795,1.9335,1.887,1.8405,1.794,1.748,1.7015,1.655,1.6085,1.5625,1.516,1.4695,1.423,1.377,1.3305,1.284,1.2375,1.1915,1.145,1.0985,1.052,1.006,0.9595,0.913,0.8665,0.8205,0.774,0.7275,0.681,0.635,0.5885,0.542,0.4955,0.4495,0.403,0.3565,0.31,0.264,0.2175,0.171,0.1245,0.0785,0.032,-0.0145,-0.061,-0.107,-0.1535,-0.2],"unit":"V"},"I":{"value":[-0.02044874,-0.03000474,-0.03000397,-0.03000376,-0.03000365,-0.03000365,-0.0300036,-0.03000362,-0.0300036,-0.03000357,-0.03000359,-0.03000359,-0.03000355,-0.03000354,-0.03000353,-0.0300035,-0.03000353,-0.0300035,-0.03000348,-0.03000351,-0.03000348,-0.02971322,-0.02847358,-0.02705569,-0.02551902,-0.02390876,-0.022264,-0.02059995,-0.01886481,-0.01709751,-0.01528628,-0.01353244,-0.01177424,-0.01004726,-0.00827027,-0.00674391,-0.00530777,-0.00401893,-0.00285814,-0.00179265,-0.00082159,2.076e-5,0.00066187,0.00110695,0.00147915,0.00167708,0.00178604,0.0018529,0.00189831,0.00192889,0.00195206,0.00196617,0.00197656,0.00198438,0.0019919,0.00199633,0.00200051,0.00200603,0.00200965,0.00201348,0.00201775,0.00202152,0.00202525,0.00202808,0.0020317,0.00203676,0.00203774,0.00204014,0.00204377,0.00204669],"unit":"A"},"J":{"unit":"A\/cm2","value":[-0.20448739999999999,-0.30004739999999996,-0.3000397,-0.3000376,-0.3000365,-0.3000365,-0.30003599999999997,-0.3000362,-0.30003599999999997,-0.30003569999999996,-0.30003589999999997,-0.30003589999999997,-0.3000355,-0.30003539999999995,-0.3000353,-0.300035,-0.3000353,-0.300035,-0.3000348,-0.3000351,-0.3000348,-0.29713219999999996,-0.2847358,-0.2705569,-0.2551902,-0.2390876,-0.22263999999999998,-0.20599949999999997,-0.18864809999999999,-0.1709751,-0.1528628,-0.13532439999999998,-0.1177424,-0.1004726,-0.08270269999999999,-0.06743909999999999,-0.0530777,-0.040189300000000004,-0.028581399999999996,-0.017926499999999998,-0.0082159,0.0002076,0.006618699999999999,0.0110695,0.014791499999999999,0.0167708,0.0178604,0.018529,0.0189831,0.019288899999999998,0.0195206,0.0196617,0.019765599999999998,0.019843799999999998,0.019919,0.0199633,0.020005099999999998,0.020060299999999996,0.0200965,0.020134799999999998,0.020177499999999998,0.0202152,0.0202525,0.020280799999999998,0.020316999999999998,0.020367599999999996,0.0203774,0.0204014,0.020437699999999996,0.020466899999999996]},"cell_dimension":{"value":0.1,"unit":"cm2"},"sweep_direction":{"unit":"","value":"Reverse"},"key":"Reverse5.5R CFM EA 300ul 23s_230517"},{"sample_area":{"value":0.1,"unit":"cm2"},"irradiance":{"value":1,"unit":""},"pre_sweep_delay":{"value":5,"unit":""},"bias_direction":{"value":0,"unit":""},"max_reverse_bias":{"value":-0.2,"unit":""},"max_forward_bias":{"value":3,"unit":""},"num_sweep_points":{"value":70,"unit":""},"dwell_time":{"value":10,"unit":""},"current_limit":{"value":-30,"unit":""},"pviv_10a_i_amp":{"value":0,"unit":""},"average":{"value":1,"unit":""},"dark_current":{"value":0,"unit":""},"rshunt_v_lo":{"value":-0.6,"unit":""},"rshunt_v_hi":{"value":-0.1,"unit":""},"voc":{"value":1.09234289,"unit":"V"},"isc":{"value":0.00202322,"unit":"A"},"jsc":{"value":20.23218912,"unit":"mA\/cm2"},"imax":{"value":0.00172745,"unit":"A"},"vmax":{"value":0.85747053,"unit":"V"},"pmax":{"value":1.48123381,"unit":"mW"},"fill_factor":{"value":67.0227,"unit":"%"},"efficiency":{"value":14.8123,"unit":"%"},"r_at_voc":{"value":73.111482,"unit":""},"r_at_isc":{"value":12783.116,"unit":""},"power":{"value":0.00194327,"unit":"W"},"rshunt":{"value":"NaN","unit":"ohm"},"cell_temp_start":{"value":"NaN","unit":""},"cell_temp_end":{"value":"NaN","unit":""},"exposure":{"value":11.072,"unit":""},"time":{"value":"16:38:12","unit":""},"date":{"value":"05\/17\/2023","unit":""},"V":{"value":[3,2.9535,2.907,2.861,2.8145,2.768,2.7215,2.6755,2.629,2.5825,2.536,2.49,2.4435,2.397,2.3505,2.3045,2.258,2.2115,2.165,2.119,2.0725,2.026,1.9795,1.9335,1.887,1.8405,1.794,1.748,1.7015,1.655,1.6085,1.5625,1.516,1.4695,1.423,1.377,1.3305,1.284,1.2375,1.1915,1.145,1.0985,1.052,1.006,0.9595,0.913,0.8665,0.8205,0.774,0.7275,0.681,0.635,0.5885,0.542,0.4955,0.4495,0.403,0.3565,0.31,0.264,0.2175,0.171,0.1245,0.0785,0.032,-0.0145,-0.061,-0.107,-0.1535,-0.2],"unit":"V"},"I":{"value":[-0.01801564,-0.02705587,-0.03000415,-0.03000386,-0.03000372,-0.0300037,-0.03000364,-0.03000364,-0.03000358,-0.03000359,-0.03000351,-0.0300035,-0.03000353,-0.03000351,-0.03000353,-0.03000352,-0.03000351,-0.03000351,-0.03000348,-0.03000351,-0.0300035,-0.02968186,-0.02847762,-0.02706075,-0.02557404,-0.02399668,-0.02234165,-0.02065218,-0.01890673,-0.0171309,-0.01533415,-0.01358782,-0.01182328,-0.01009853,-0.00829495,-0.00677116,-0.00533041,-0.00403326,-0.00286661,-0.00180283,-0.00084071,-8.422e-5,0.0005518,0.00105015,0.00134344,0.00157655,0.00170847,0.00179134,0.00184987,0.0018921,0.00192107,0.00194064,0.00195639,0.00196687,0.00197657,0.00198247,0.00198807,0.00199256,0.00199637,0.00200285,0.00200754,0.00201125,0.00201412,0.00201718,0.00202122,0.00202417,0.00202738,0.00203038,0.00203499,0.00203942],"unit":"A"},"J":{"unit":"A\/cm2","value":[-0.1801564,-0.2705587,-0.30004149999999996,-0.3000386,-0.3000372,-0.300037,-0.3000364,-0.3000364,-0.30003579999999996,-0.30003589999999997,-0.3000351,-0.300035,-0.3000353,-0.3000351,-0.3000353,-0.30003519999999995,-0.3000351,-0.3000351,-0.3000348,-0.3000351,-0.300035,-0.2968186,-0.2847762,-0.2706075,-0.2557404,-0.23996679999999998,-0.2234165,-0.20652179999999998,-0.1890673,-0.171309,-0.1533415,-0.1358782,-0.1182328,-0.10098529999999999,-0.0829495,-0.0677116,-0.05330409999999999,-0.0403326,-0.028666099999999996,-0.0180283,-0.0084071,-0.0008422,0.0055179999999999995,0.010501499999999999,0.013434399999999999,0.015765499999999998,0.017084699999999998,0.0179134,0.0184987,0.018921,0.019210699999999997,0.019406399999999997,0.0195639,0.019668699999999997,0.019765699999999997,0.0198247,0.0198807,0.019925599999999998,0.019963699999999997,0.020028499999999998,0.020075399999999997,0.0201125,0.020141199999999998,0.020171799999999997,0.020212199999999996,0.020241699999999998,0.020273799999999998,0.0203038,0.020349899999999997,0.0203942]},"cell_dimension":{"value":0.1,"unit":"cm2"},"sweep_direction":{"unit":"","value":"Reverse"},"key":"Reverse5.4R CFM EA 300ul 23s_230517"},{"sample_area":{"value":0.1,"unit":"cm2"},"irradiance":{"value":1,"unit":""},"pre_sweep_delay":{"value":5,"unit":""},"bias_direction":{"value":0,"unit":""},"max_reverse_bias":{"value":-0.2,"unit":""},"max_forward_bias":{"value":3,"unit":""},"num_sweep_points":{"value":70,"unit":""},"dwell_time":{"value":10,"unit":""},"current_limit":{"value":-30,"unit":""},"pviv_10a_i_amp":{"value":0,"unit":""},"average":{"value":1,"unit":""},"dark_current":{"value":0,"unit":""},"rshunt_v_lo":{"value":-0.6,"unit":""},"rshunt_v_hi":{"value":-0.1,"unit":""},"voc":{"value":1.0999726,"unit":"V"},"isc":{"value":0.00202314,"unit":"A"},"jsc":{"value":20.2313748,"unit":"mA\/cm2"},"imax":{"value":0.00174405,"unit":"A"},"vmax":{"value":0.87230779,"unit":"V"},"pmax":{"value":1.52134404,"unit":"mW"},"fill_factor":{"value":68.3629,"unit":"%"},"efficiency":{"value":15.2134,"unit":"%"},"r_at_voc":{"value":56.603158,"unit":""},"r_at_isc":{"value":13995.331,"unit":""},"power":{"value":0.00196753,"unit":"W"},"rshunt":{"value":"NaN","unit":"ohm"},"cell_temp_start":{"value":"NaN","unit":""},"cell_temp_end":{"value":"NaN","unit":""},"exposure":{"value":10.871,"unit":""},"time":{"value":"16:37:54","unit":""},"date":{"value":"05\/17\/2023","unit":""},"V":{"value":[3,2.9535,2.907,2.861,2.8145,2.768,2.7215,2.6755,2.629,2.5825,2.536,2.49,2.4435,2.397,2.3505,2.3045,2.258,2.2115,2.165,2.119,2.0725,2.026,1.9795,1.9335,1.887,1.8405,1.794,1.748,1.7015,1.655,1.6085,1.5625,1.516,1.4695,1.423,1.377,1.3305,1.284,1.2375,1.1915,1.145,1.0985,1.052,1.006,0.9595,0.913,0.8665,0.8205,0.774,0.7275,0.681,0.635,0.5885,0.542,0.4955,0.4495,0.403,0.3565,0.31,0.264,0.2175,0.171,0.1245,0.0785,0.032,-0.0145,-0.061,-0.107,-0.1535,-0.2],"unit":"V"},"I":{"value":[-0.01173324,-0.01677823,-0.01985265,-0.0224186,-0.02352324,-0.02782489,-0.03000391,-0.03000372,-0.03000356,-0.03000365,-0.03000339,-0.03000347,-0.03000369,-0.03000357,-0.02999536,-0.02939399,-0.02993398,-0.03000356,-0.0297924,-0.02871015,-0.02801782,-0.02711241,-0.02620513,-0.02520923,-0.02404817,-0.02270881,-0.02129233,-0.01984259,-0.01829893,-0.01664399,-0.01494989,-0.01326039,-0.01156322,-0.00977815,-0.00819959,-0.00666638,-0.00521514,-0.00392057,-0.00277295,-0.00173911,-0.00079549,2.602e-5,0.0006479,0.00107796,0.00144421,0.00164072,0.0017553,0.00182488,0.00187357,0.00190765,0.00193336,0.00195088,0.00196469,0.00197505,0.00198213,0.00198752,0.00199251,0.0019967,0.0020009,0.00200464,0.00200688,0.00201054,0.00201456,0.00201709,0.00202215,0.00202476,0.00202727,0.00203049,0.00203362,0.00203748],"unit":"A"},"J":{"unit":"A\/cm2","value":[-0.1173324,-0.1677823,-0.1985265,-0.224186,-0.2352324,-0.2782489,-0.3000391,-0.3000372,-0.30003559999999996,-0.3000365,-0.3000339,-0.3000347,-0.3000369,-0.30003569999999996,-0.2999536,-0.2939399,-0.2993398,-0.30003559999999996,-0.29792399999999997,-0.2871015,-0.2801782,-0.2711241,-0.2620513,-0.2520923,-0.2404817,-0.2270881,-0.2129233,-0.1984259,-0.1829893,-0.1664399,-0.1494989,-0.1326039,-0.1156322,-0.0977815,-0.0819959,-0.0666638,-0.0521514,-0.039205699999999996,-0.0277295,-0.0173911,-0.007954899999999999,0.0002602,0.0064789999999999995,0.010779599999999999,0.0144421,0.0164072,0.017553,0.0182488,0.018735699999999997,0.0190765,0.0193336,0.0195088,0.0196469,0.019750499999999997,0.019821299999999997,0.0198752,0.019925099999999998,0.019967,0.020009,0.020046399999999995,0.020068799999999998,0.0201054,0.020145599999999996,0.0201709,0.020221499999999996,0.020247599999999998,0.020272699999999998,0.020304899999999997,0.0203362,0.0203748]},"cell_dimension":{"value":0.1,"unit":"cm2"},"sweep_direction":{"unit":"","value":"Reverse"},"key":"Reverse5.3R CFM EA 300ul 23s_230517"},{"sample_area":{"value":0.1,"unit":"cm2"},"irradiance":{"value":1,"unit":""},"pre_sweep_delay":{"value":5,"unit":""},"bias_direction":{"value":0,"unit":""},"max_reverse_bias":{"value":-0.2,"unit":""},"max_forward_bias":{"value":3,"unit":""},"num_sweep_points":{"value":70,"unit":""},"dwell_time":{"value":10,"unit":""},"current_limit":{"value":-30,"unit":""},"pviv_10a_i_amp":{"value":0,"unit":""},"average":{"value":1,"unit":""},"dark_current":{"value":0,"unit":""},"rshunt_v_lo":{"value":-0.6,"unit":""},"rshunt_v_hi":{"value":-0.1,"unit":""},"voc":{"value":1.101393,"unit":"V"},"isc":{"value":0.00202207,"unit":"A"},"jsc":{"value":20.22065393,"unit":"mA\/cm2"},"imax":{"value":0.00174254,"unit":"A"},"vmax":{"value":0.85273204,"unit":"V"},"pmax":{"value":1.48592175,"unit":"mW"},"fill_factor":{"value":66.7204,"unit":"%"},"efficiency":{"value":14.8592,"unit":"%"},"r_at_voc":{"value":73.514853,"unit":""},"r_at_isc":{"value":14312.695,"unit":""},"power":{"value":0.00194275,"unit":"W"},"rshunt":{"value":"NaN","unit":"ohm"},"cell_temp_start":{"value":"NaN","unit":""},"cell_temp_end":{"value":"NaN","unit":""},"exposure":{"value":10.872,"unit":""},"time":{"value":"16:37:37","unit":""},"date":{"value":"05\/17\/2023","unit":""},"V":{"value":[3,2.9535,2.907,2.861,2.8145,2.768,2.7215,2.6755,2.629,2.5825,2.536,2.49,2.4435,2.397,2.3505,2.3045,2.258,2.2115,2.165,2.119,2.0725,2.026,1.9795,1.9335,1.887,1.8405,1.794,1.748,1.7015,1.655,1.6085,1.5625,1.516,1.4695,1.423,1.377,1.3305,1.284,1.2375,1.1915,1.145,1.0985,1.052,1.006,0.9595,0.913,0.8665,0.8205,0.774,0.7275,0.681,0.635,0.5885,0.542,0.4955,0.4495,0.403,0.3565,0.31,0.264,0.2175,0.171,0.1245,0.0785,0.032,-0.0145,-0.061,-0.107,-0.1535,-0.2],"unit":"V"},"I":{"value":[-0.01573225,-0.02313817,-0.02714388,-0.02994723,-0.03000385,-0.03000375,-0.03000367,-0.03000364,-0.03000362,-0.03000362,-0.03000358,-0.03000369,-0.03000359,-0.03000364,-0.03000355,-0.03000367,-0.02965991,-0.02894432,-0.02806268,-0.02709077,-0.02613884,-0.02504931,-0.02385477,-0.02258373,-0.02115122,-0.01956417,-0.01799931,-0.01637621,-0.01479896,-0.01327527,-0.01178225,-0.01036081,-0.00872011,-0.00741537,-0.0061381,-0.00495998,-0.00388134,-0.00292121,-0.00206513,-0.00130405,-0.00059317,3.935e-5,0.00054991,0.00103359,0.00129835,0.00156131,0.00171205,0.00179824,0.00185442,0.00189092,0.00191956,0.00194017,0.00195544,0.00196638,0.00197407,0.00198172,0.00198863,0.0019936,0.00199956,0.00200311,0.00200681,0.0020098,0.00201352,0.00201878,0.00202067,0.00202231,0.00202638,0.00203006,0.00203364,0.00203394],"unit":"A"},"J":{"unit":"A\/cm2","value":[-0.15732249999999998,-0.2313817,-0.2714388,-0.29947229999999997,-0.3000385,-0.30003749999999996,-0.3000367,-0.3000364,-0.3000362,-0.3000362,-0.30003579999999996,-0.3000369,-0.30003589999999997,-0.3000364,-0.3000355,-0.3000367,-0.2965991,-0.28944319999999996,-0.28062679999999995,-0.2709077,-0.26138839999999997,-0.2504931,-0.2385477,-0.2258373,-0.21151219999999998,-0.19564169999999997,-0.1799931,-0.16376209999999997,-0.1479896,-0.1327527,-0.11782249999999998,-0.1036081,-0.08720109999999999,-0.0741537,-0.06138099999999999,-0.0495998,-0.0388134,-0.029212099999999998,-0.0206513,-0.013040499999999998,-0.005931699999999999,0.00039349999999999997,0.0054991,0.0103359,0.012983499999999999,0.0156131,0.017120499999999997,0.0179824,0.0185442,0.018909199999999998,0.0191956,0.019401699999999997,0.0195544,0.019663800000000002,0.0197407,0.0198172,0.0198863,0.019936,0.0199956,0.020031099999999996,0.0200681,0.020097999999999998,0.0201352,0.0201878,0.020206699999999998,0.020223099999999997,0.0202638,0.020300600000000002,0.0203364,0.0203394]},"cell_dimension":{"value":0.1,"unit":"cm2"},"sweep_direction":{"unit":"","value":"Reverse"},"key":"Reverse5.2R CFM EA 300ul 23s_230517"},{"sample_area":{"value":0.1,"unit":"cm2"},"irradiance":{"value":1,"unit":""},"pre_sweep_delay":{"value":5,"unit":""},"bias_direction":{"value":0,"unit":""},"max_reverse_bias":{"value":-0.2,"unit":""},"max_forward_bias":{"value":3,"unit":""},"num_sweep_points":{"value":70,"unit":""},"dwell_time":{"value":10,"unit":""},"current_limit":{"value":-30,"unit":""},"pviv_10a_i_amp":{"value":0,"unit":""},"average":{"value":1,"unit":""},"dark_current":{"value":0,"unit":""},"rshunt_v_lo":{"value":-0.6,"unit":""},"rshunt_v_hi":{"value":-0.1,"unit":""},"voc":{"value":0.06817941,"unit":"V"},"isc":{"value":0.00113566,"unit":"A"},"jsc":{"value":11.35658413,"unit":"mA\/cm2"},"imax":{"value":0,"unit":"A"},"vmax":{"value":"NaN","unit":"V"},"pmax":{"value":"NaN","unit":"mW"},"fill_factor":{"value":"NaN","unit":"%"},"efficiency":{"value":"NaN","unit":"%"},"r_at_voc":{"value":56.911309,"unit":""},"r_at_isc":{"value":64.007,"unit":""},"power":{"value":3.984e-5,"unit":"W"},"rshunt":{"value":"NaN","unit":"ohm"},"cell_temp_start":{"value":"NaN","unit":""},"cell_temp_end":{"value":"NaN","unit":""},"exposure":{"value":10.678,"unit":""},"time":{"value":"16:37:04","unit":""},"date":{"value":"05\/17\/2023","unit":""},"V":{"value":[3,2.9535,2.907,2.861,2.8145,2.768,2.7215,2.6755,2.629,2.5825,2.536,2.49,2.4435,2.397,2.3505,2.3045,2.258,2.2115,2.165,2.119,2.0725,2.026,1.9795,1.9335,1.887,1.8405,1.794,1.748,1.7015,1.655,1.6085,1.5625,1.516,1.4695,1.423,1.377,1.3305,1.284,1.2375,1.1915,1.145,1.0985,1.052,1.006,0.9595,0.913,0.8665,0.8205,0.774,0.7275,0.681,0.635,0.5885,0.542,0.4955,0.4495,0.403,0.3565,0.31,0.264,0.2175,0.171,0.1245,0.0785,0.032,-0.0145,-0.061,-0.107,-0.1535,-0.2],"unit":"V"},"I":{"value":[-0.03000335,-0.0300031,-0.0300034,-0.03000343,-0.03000372,-0.03000341,-0.03000374,-0.03000379,-0.03000365,-0.03000356,-0.03000343,-0.03000294,-0.0300035,-0.03000384,-0.03000358,-0.03000352,-0.03000318,-0.03000157,-0.03000376,-0.03000343,-0.03000366,-0.03000353,-0.03000374,-0.03000345,-0.03000358,-0.03000362,-0.03000353,-0.03000352,-0.03000362,-0.03000366,-0.03000357,-0.03000362,-0.03000365,-0.03000371,-0.03000363,-0.03000341,-0.02933737,-0.02791347,-0.02692493,-0.02530076,-0.0235542,-0.02193994,-0.02052292,-0.01964081,-0.01830909,-0.01765474,-0.01631599,-0.01508152,-0.01390855,-0.01282446,-0.01173888,-0.01073809,-0.00984146,-0.0088561,-0.0079017,-0.00699435,-0.00610328,-0.00521878,-0.00434552,-0.00349962,-0.00265135,-0.0018129,-0.00101251,-0.00018135,0.00063572,0.0013622,0.00223183,0.0030767,0.00392351,0.00476517],"unit":"A"},"J":{"unit":"A\/cm2","value":[-0.3000335,-0.300031,-0.30003399999999997,-0.3000343,-0.3000372,-0.30003409999999997,-0.3000374,-0.30003789999999997,-0.3000365,-0.30003559999999996,-0.3000343,-0.30002939999999995,-0.300035,-0.3000384,-0.30003579999999996,-0.30003519999999995,-0.3000318,-0.3000157,-0.3000376,-0.3000343,-0.3000366,-0.3000353,-0.3000374,-0.3000345,-0.30003579999999996,-0.3000362,-0.3000353,-0.30003519999999995,-0.3000362,-0.3000366,-0.30003569999999996,-0.3000362,-0.3000365,-0.3000371,-0.3000363,-0.30003409999999997,-0.2933737,-0.27913469999999996,-0.26924929999999997,-0.25300759999999994,-0.235542,-0.2193994,-0.2052292,-0.1964081,-0.1830909,-0.17654739999999997,-0.16315989999999997,-0.15081519999999998,-0.1390855,-0.1282446,-0.1173888,-0.1073809,-0.09841459999999999,-0.088561,-0.07901699999999999,-0.06994349999999999,-0.0610328,-0.0521878,-0.0434552,-0.0349962,-0.026513499999999995,-0.018129,-0.0101251,-0.0018134999999999998,0.0063571999999999995,0.013622,0.0223183,0.030767,0.039235099999999995,0.0476517]},"cell_dimension":{"value":0.1,"unit":"cm2"},"sweep_direction":{"unit":"","value":"Reverse"},"key":"Reverse5.1R CFM EA 300ul 23s_230517"},{"sample_area":{"value":0.1,"unit":"cm2"},"irradiance":{"value":1,"unit":""},"pre_sweep_delay":{"value":5,"unit":""},"bias_direction":{"value":1,"unit":""},"max_reverse_bias":{"value":-0.1,"unit":""},"max_forward_bias":{"value":1.2,"unit":""},"num_sweep_points":{"value":70,"unit":""},"dwell_time":{"value":10,"unit":""},"current_limit":{"value":-30,"unit":""},"pviv_10a_i_amp":{"value":0,"unit":""},"average":{"value":1,"unit":""},"dark_current":{"value":0,"unit":""},"rshunt_v_lo":{"value":-0.6,"unit":""},"rshunt_v_hi":{"value":-0.1,"unit":""},"voc":{"value":1.07672628,"unit":"V"},"isc":{"value":0.00200498,"unit":"A"},"jsc":{"value":20.04979711,"unit":"mA\/cm2"},"imax":{"value":0.00111555,"unit":"A"},"vmax":{"value":0.69597369,"unit":"V"},"pmax":{"value":0.77639467,"unit":"mW"},"fill_factor":{"value":35.9639,"unit":"%"},"efficiency":{"value":7.7639,"unit":"%"},"r_at_voc":{"value":461.660616,"unit":""},"r_at_isc":{"value":2689.56,"unit":""},"power":{"value":0.00132009,"unit":"W"},"rshunt":{"value":"NaN","unit":"ohm"},"cell_temp_start":{"value":"NaN","unit":""},"cell_temp_end":{"value":"NaN","unit":""},"exposure":{"value":11.338,"unit":""},"time":{"value":"22:29:19","unit":""},"date":{"value":"05\/17\/2023","unit":""},"V":{"value":[-0.1,-0.08115,-0.0623,-0.0435,-0.02465,-0.0058,0.01305,0.0319,0.0507,0.06955,0.0884,0.10725,0.1261,0.14495,0.16375,0.1826,0.20145,0.2203,0.23915,0.25795,0.2768,0.29565,0.3145,0.33335,0.35215,0.371,0.38985,0.4087,0.42755,0.4464,0.4652,0.48405,0.5029,0.52175,0.5406,0.5594,0.57825,0.5971,0.61595,0.6348,0.6536,0.67245,0.6913,0.71015,0.729,0.74785,0.76665,0.7855,0.80435,0.8232,0.84205,0.86085,0.8797,0.89855,0.9174,0.93625,0.95505,0.9739,0.99275,1.0116,1.03045,1.0493,1.0681,1.08695,1.1058,1.12465,1.1435,1.1623,1.18115,1.2],"unit":"V"},"I":{"value":[0.00202116,0.00202462,0.00202393,0.00202381,0.00201987,0.00201492,0.00201019,0.00200393,0.00199814,0.00199039,0.00198175,0.00197111,0.00195876,0.00194679,0.00193277,0.0019162,0.0018969,0.00187886,0.00185826,0.00183728,0.00181383,0.00178954,0.00176252,0.00173376,0.001704,0.00167122,0.00163298,0.00159386,0.00155145,0.00151673,0.00148186,0.00144556,0.001408,0.00136785,0.00132227,0.00127626,0.00122775,0.00117542,0.00112464,0.00107388,0.00102172,0.00116728,0.00106307,0.00111441,0.00100314,0.00096837,0.00086424,0.00077927,0.00070248,0.00063141,0.00056497,0.00050396,0.00044583,0.00039201,0.00034,0.0002918,0.00024597,0.00020244,0.00016189,0.00012078,0.00012791,8.43e-5,3.188e-5,-1.629e-5,-6.103e-5,-0.0001031,-0.00013584,-0.00019019,-0.00024384,-0.00030026],"unit":"A"},"J":{"unit":"A\/cm2","value":[0.0202116,0.0202462,0.0202393,0.0202381,0.0201987,0.0201492,0.020101899999999995,0.0200393,0.019981399999999996,0.0199039,0.0198175,0.0197111,0.019587599999999997,0.019467899999999996,0.0193277,0.019162,0.018969,0.0187886,0.018582599999999998,0.018372799999999998,0.0181383,0.0178954,0.0176252,0.017337599999999998,0.01704,0.0167122,0.0163298,0.015938599999999997,0.015514499999999999,0.0151673,0.0148186,0.014455599999999999,0.014079999999999999,0.0136785,0.013222699999999999,0.012762599999999999,0.012277499999999998,0.0117542,0.0112464,0.010738799999999998,0.0102172,0.011672799999999999,0.010630699999999998,0.011144099999999999,0.0100314,0.0096837,0.0086424,0.0077927,0.0070247999999999994,0.0063141,0.0056497,0.0050396,0.004458299999999999,0.003920099999999999,0.0034000000000000002,0.0029179999999999996,0.0024596999999999996,0.0020244,0.0016189,0.0012078,0.0012790999999999998,0.000843,0.0003188,-0.0001629,-0.0006102999999999999,-0.001031,-0.0013583999999999998,-0.0019018999999999998,-0.0024384,-0.0030026]},"cell_dimension":{"value":0.1,"unit":"cm2"},"sweep_direction":{"unit":"","value":"Forward"},"key":"Forward5.5F CFM EA 300ul 23s_230517"},{"sample_area":{"value":0.1,"unit":"cm2"},"irradiance":{"value":1,"unit":""},"pre_sweep_delay":{"value":5,"unit":""},"bias_direction":{"value":1,"unit":""},"max_reverse_bias":{"value":-0.1,"unit":""},"max_forward_bias":{"value":1.2,"unit":""},"num_sweep_points":{"value":70,"unit":""},"dwell_time":{"value":10,"unit":""},"current_limit":{"value":-30,"unit":""},"pviv_10a_i_amp":{"value":0,"unit":""},"average":{"value":1,"unit":""},"dark_current":{"value":0,"unit":""},"rshunt_v_lo":{"value":-0.6,"unit":""},"rshunt_v_hi":{"value":-0.1,"unit":""},"voc":{"value":1.07667707,"unit":"V"},"isc":{"value":0.00203087,"unit":"A"},"jsc":{"value":20.30865489,"unit":"mA\/cm2"},"imax":{"value":0.00112749,"unit":"A"},"vmax":{"value":0.6913,"unit":"V"},"pmax":{"value":0.7794366,"unit":"mW"},"fill_factor":{"value":35.6463,"unit":"%"},"efficiency":{"value":7.7944,"unit":"%"},"r_at_voc":{"value":495.618004,"unit":""},"r_at_isc":{"value":2995.74,"unit":""},"power":{"value":0.00134704,"unit":"W"},"rshunt":{"value":"NaN","unit":"ohm"},"cell_temp_start":{"value":"NaN","unit":""},"cell_temp_end":{"value":"NaN","unit":""},"exposure":{"value":11.412,"unit":""},"time":{"value":"22:29:01","unit":""},"date":{"value":"05\/17\/2023","unit":""},"V":{"value":[-0.1,-0.08115,-0.0623,-0.0435,-0.02465,-0.0058,0.01305,0.0319,0.0507,0.06955,0.0884,0.10725,0.1261,0.14495,0.16375,0.1826,0.20145,0.2203,0.23915,0.25795,0.2768,0.29565,0.3145,0.33335,0.35215,0.371,0.38985,0.4087,0.42755,0.4464,0.4652,0.48405,0.5029,0.52175,0.5406,0.5594,0.57825,0.5971,0.61595,0.6348,0.6536,0.67245,0.6913,0.71015,0.729,0.74785,0.76665,0.7855,0.80435,0.8232,0.84205,0.86085,0.8797,0.89855,0.9174,0.93625,0.95505,0.9739,0.99275,1.0116,1.03045,1.0493,1.0681,1.08695,1.1058,1.12465,1.1435,1.1623,1.18115,1.2],"unit":"V"},"I":{"value":[0.00203943,0.00204211,0.0020439,0.0020424,0.00204086,0.00203979,0.00203635,0.00203295,0.0020277,0.00202121,0.00201463,0.00200753,0.00199959,0.00199167,0.0019813,0.00196955,0.00195481,0.00193992,0.0019228,0.00190458,0.00188498,0.00186445,0.0018403,0.00181404,0.00178682,0.00175713,0.0017204,0.00168307,0.00164555,0.00160426,0.00156379,0.00151874,0.00147393,0.00142885,0.00137918,0.00132773,0.0012754,0.00122547,0.00117209,0.00111866,0.00106712,0.00100686,0.00112749,0.00102607,0.00100084,0.00090465,0.00082232,0.00074819,0.00067822,0.00060568,0.00054025,0.00047942,0.00042155,0.00036779,0.00031881,0.00026927,0.00022486,0.00018252,0.00014151,0.00010396,8.548e-5,4.606e-5,3.742e-5,1.343e-5,-3.365e-5,-7.915e-5,-0.0001191,-0.00017126,-0.00022337,-0.00027835],"unit":"A"},"J":{"unit":"A\/cm2","value":[0.0203943,0.0204211,0.020439,0.020424,0.020408599999999995,0.0203979,0.0203635,0.020329499999999997,0.020276999999999996,0.020212099999999997,0.0201463,0.020075299999999997,0.019995899999999997,0.0199167,0.019813,0.019695499999999998,0.0195481,0.0193992,0.019228,0.019045799999999998,0.0188498,0.018644499999999998,0.018403,0.0181404,0.017868199999999997,0.017571299999999998,0.017203999999999997,0.0168307,0.016455499999999998,0.016042599999999997,0.0156379,0.015187399999999998,0.0147393,0.014288499999999999,0.0137918,0.0132773,0.012754,0.012254699999999999,0.0117209,0.0111866,0.010671199999999999,0.0100686,0.011274900000000001,0.0102607,0.010008399999999999,0.009046499999999999,0.0082232,0.0074819,0.0067821999999999995,0.0060568,0.0054025,0.004794199999999999,0.0042155,0.0036779,0.0031880999999999997,0.0026926999999999997,0.0022486,0.0018252,0.0014150999999999999,0.0010396,0.0008548,0.00046060000000000003,0.00037419999999999993,0.00013429999999999998,-0.00033649999999999994,-0.0007915,-0.0011909999999999998,-0.0017126,-0.0022337,-0.0027835]},"cell_dimension":{"value":0.1,"unit":"cm2"},"sweep_direction":{"unit":"","value":"Forward"},"key":"Forward5.4F CFM EA 300ul 23s_230517"},{"sample_area":{"value":0.1,"unit":"cm2"},"irradiance":{"value":1,"unit":""},"pre_sweep_delay":{"value":5,"unit":""},"bias_direction":{"value":1,"unit":""},"max_reverse_bias":{"value":-0.1,"unit":""},"max_forward_bias":{"value":1.2,"unit":""},"num_sweep_points":{"value":70,"unit":""},"dwell_time":{"value":10,"unit":""},"current_limit":{"value":-30,"unit":""},"pviv_10a_i_amp":{"value":0,"unit":""},"average":{"value":1,"unit":""},"dark_current":{"value":0,"unit":""},"rshunt_v_lo":{"value":-0.6,"unit":""},"rshunt_v_hi":{"value":-0.1,"unit":""},"voc":{"value":1.06235677,"unit":"V"},"isc":{"value":0.00202611,"unit":"A"},"jsc":{"value":20.26113158,"unit":"mA\/cm2"},"imax":{"value":0.00114976,"unit":"A"},"vmax":{"value":0.6913,"unit":"V"},"pmax":{"value":0.79483185,"unit":"mW"},"fill_factor":{"value":36.9268,"unit":"%"},"efficiency":{"value":7.9483,"unit":"%"},"r_at_voc":{"value":324.696063,"unit":""},"r_at_isc":{"value":2845.708,"unit":""},"power":{"value":0.00129764,"unit":"W"},"rshunt":{"value":"NaN","unit":"ohm"},"cell_temp_start":{"value":"NaN","unit":""},"cell_temp_end":{"value":"NaN","unit":""},"exposure":{"value":11.535,"unit":""},"time":{"value":"22:28:42","unit":""},"date":{"value":"05\/17\/2023","unit":""},"V":{"value":[-0.1,-0.08115,-0.0623,-0.0435,-0.02465,-0.0058,0.01305,0.0319,0.0507,0.06955,0.0884,0.10725,0.1261,0.14495,0.16375,0.1826,0.20145,0.2203,0.23915,0.25795,0.2768,0.29565,0.3145,0.33335,0.35215,0.371,0.38985,0.4087,0.42755,0.4464,0.4652,0.48405,0.5029,0.52175,0.5406,0.5594,0.57825,0.5971,0.61595,0.6348,0.6536,0.67245,0.6913,0.71015,0.729,0.74785,0.76665,0.7855,0.80435,0.8232,0.84205,0.86085,0.8797,0.89855,0.9174,0.93625,0.95505,0.9739,0.99275,1.0116,1.03045,1.0493,1.0681,1.08695,1.1058,1.12465,1.1435,1.1623,1.18115,1.2],"unit":"V"},"I":{"value":[0.00203846,0.00204053,0.00204163,0.00204204,0.00204219,0.00203982,0.00203745,0.00203121,0.00202302,0.00201593,0.00200407,0.00199171,0.00197742,0.0019608,0.00194245,0.00192237,0.00190066,0.00187509,0.00184933,0.00182363,0.00179884,0.0017673,0.00173416,0.0016995,0.00166418,0.0016302,0.00159163,0.001555,0.0015206,0.00148238,0.00144358,0.00140474,0.00136463,0.00132209,0.00127482,0.00122669,0.00117899,0.00113415,0.00108096,0.00102836,0.00118731,0.00107263,0.00114976,0.0010215,0.00099467,0.00088353,0.00079535,0.00071831,0.00064592,0.00057913,0.0005146,0.00045401,0.00039768,0.00034432,0.00029468,0.00024786,0.00020464,0.00016395,0.00012435,0.00016394,0.0001511,9.607e-5,2.697e-5,-3.717e-5,-0.00010448,-0.00015718,-0.00025636,-0.00036639,-0.00049315,-0.00063755],"unit":"A"},"J":{"unit":"A\/cm2","value":[0.0203846,0.020405299999999998,0.0204163,0.020420400000000002,0.0204219,0.0203982,0.0203745,0.020312099999999996,0.020230199999999997,0.020159299999999998,0.0200407,0.019917099999999997,0.0197742,0.019607999999999997,0.0194245,0.0192237,0.0190066,0.0187509,0.018493299999999997,0.018236299999999997,0.017988399999999998,0.017673,0.0173416,0.016995,0.016641799999999998,0.016302,0.015916299999999998,0.01555,0.015205999999999999,0.014823799999999998,0.0144358,0.0140474,0.013646299999999998,0.013220899999999999,0.0127482,0.012266899999999999,0.011789899999999999,0.0113415,0.010809599999999999,0.0102836,0.0118731,0.0107263,0.0114976,0.010215,0.0099467,0.008835299999999999,0.007953499999999999,0.0071830999999999996,0.0064592,0.005791299999999999,0.005146,0.0045401,0.003976799999999999,0.0034432,0.0029468,0.0024785999999999996,0.0020464,0.0016395,0.0012434999999999998,0.0016394,0.0015109999999999998,0.0009606999999999999,0.0002697,-0.0003717,-0.0010448,-0.0015718,-0.0025636,-0.0036639,-0.0049315,-0.006375499999999999]},"cell_dimension":{"value":0.1,"unit":"cm2"},"sweep_direction":{"unit":"","value":"Forward"},"key":"Forward5.3F CFM EA 300ul 23s_230517"},{"sample_area":{"value":0.1,"unit":"cm2"},"irradiance":{"value":1,"unit":""},"pre_sweep_delay":{"value":5,"unit":""},"bias_direction":{"value":1,"unit":""},"max_reverse_bias":{"value":-0.1,"unit":""},"max_forward_bias":{"value":1.2,"unit":""},"num_sweep_points":{"value":70,"unit":""},"dwell_time":{"value":10,"unit":""},"current_limit":{"value":-30,"unit":""},"pviv_10a_i_amp":{"value":0,"unit":""},"average":{"value":1,"unit":""},"dark_current":{"value":0,"unit":""},"rshunt_v_lo":{"value":-0.6,"unit":""},"rshunt_v_hi":{"value":-0.1,"unit":""},"voc":{"value":1.05434545,"unit":"V"},"isc":{"value":0.0020289,"unit":"A"},"jsc":{"value":20.28902307,"unit":"mA\/cm2"},"imax":{"value":0.00138574,"unit":"A"},"vmax":{"value":0.48712414,"unit":"V"},"pmax":{"value":0.67502953,"unit":"mW"},"fill_factor":{"value":31.5558,"unit":"%"},"efficiency":{"value":6.7503,"unit":"%"},"r_at_voc":{"value":542.250306,"unit":""},"r_at_isc":{"value":2685.422,"unit":""},"power":{"value":0.00122758,"unit":"W"},"rshunt":{"value":"NaN","unit":"ohm"},"cell_temp_start":{"value":"NaN","unit":""},"cell_temp_end":{"value":"NaN","unit":""},"exposure":{"value":10.74,"unit":""},"time":{"value":"22:28:08","unit":""},"date":{"value":"05\/17\/2023","unit":""},"V":{"value":[-0.1,-0.08115,-0.0623,-0.0435,-0.02465,-0.0058,0.01305,0.0319,0.0507,0.06955,0.0884,0.10725,0.1261,0.14495,0.16375,0.1826,0.20145,0.2203,0.23915,0.25795,0.2768,0.29565,0.3145,0.33335,0.35215,0.371,0.38985,0.4087,0.42755,0.4464,0.4652,0.48405,0.5029,0.52175,0.5406,0.5594,0.57825,0.5971,0.61595,0.6348,0.6536,0.67245,0.6913,0.71015,0.729,0.74785,0.76665,0.7855,0.80435,0.8232,0.84205,0.86085,0.8797,0.89855,0.9174,0.93625,0.95505,0.9739,0.99275,1.0116,1.03045,1.0493,1.0681,1.08695,1.1058,1.12465,1.1435,1.1623,1.18115,1.2],"unit":"V"},"I":{"value":[0.00203817,0.00204219,0.00204384,0.00204534,0.00204393,0.00204245,0.00203987,0.0020351,0.00202839,0.00202128,0.00201182,0.00200032,0.00198522,0.0019673,0.0019487,0.00192811,0.0019057,0.00187893,0.0018534,0.00182457,0.00179387,0.00176355,0.00173097,0.00169689,0.00166084,0.00162345,0.00158811,0.00155069,0.0015192,0.00148629,0.00143917,0.00139123,0.00133487,0.00128617,0.00123002,0.00116435,0.0011069,0.00104538,0.00103579,0.0009393,0.00085697,0.00077483,0.00074895,0.00071218,0.00067355,0.00063059,0.00059154,0.00054584,0.00050317,0.00046137,0.00042021,0.00037723,0.00033377,0.00029145,0.00025039,0.0002095,0.0001721,0.00013657,0.00010268,9.113e-5,5.134e-5,1.611e-5,-1.754e-5,-5.314e-5,-9.122e-5,-0.00011515,-0.00016735,-0.00022182,-0.00028164,-0.00034884],"unit":"A"},"J":{"unit":"A\/cm2","value":[0.0203817,0.0204219,0.0204384,0.0204534,0.020439299999999997,0.020424499999999998,0.0203987,0.020351,0.0202839,0.020212799999999996,0.0201182,0.0200032,0.0198522,0.019673,0.019487,0.0192811,0.019056999999999998,0.0187893,0.018534,0.0182457,0.0179387,0.0176355,0.0173097,0.0169689,0.0166084,0.0162345,0.0158811,0.015506899999999999,0.015192,0.014862899999999998,0.0143917,0.013912299999999999,0.013348699999999998,0.0128617,0.0123002,0.0116435,0.011069,0.0104538,0.0103579,0.009393,0.0085697,0.0077483,0.0074895,0.007121799999999999,0.006735499999999999,0.0063059,0.0059153999999999995,0.0054583999999999995,0.0050317,0.0046137,0.0042021,0.0037722999999999997,0.0033377,0.0029145,0.0025039,0.0020949999999999996,0.001721,0.0013656999999999999,0.0010268,0.0009113,0.0005134,0.00016109999999999999,-0.0001754,-0.0005314,-0.0009122,-0.0011515,-0.0016734999999999999,-0.0022181999999999996,-0.0028163999999999997,-0.0034884]},"cell_dimension":{"value":0.1,"unit":"cm2"},"sweep_direction":{"unit":"","value":"Forward"},"key":"Forward5.2F CFM EA 300ul 23s_230517"},{"sample_area":{"value":0.1,"unit":"cm2"},"irradiance":{"value":1,"unit":""},"pre_sweep_delay":{"value":5,"unit":""},"bias_direction":{"value":1,"unit":""},"max_reverse_bias":{"value":-0.1,"unit":""},"max_forward_bias":{"value":1.2,"unit":""},"num_sweep_points":{"value":70,"unit":""},"dwell_time":{"value":10,"unit":""},"current_limit":{"value":-30,"unit":""},"pviv_10a_i_amp":{"value":0,"unit":""},"average":{"value":1,"unit":""},"dark_current":{"value":0,"unit":""},"rshunt_v_lo":{"value":-0.6,"unit":""},"rshunt_v_hi":{"value":-0.1,"unit":""},"voc":{"value":0.08288414,"unit":"V"},"isc":{"value":0.00054349,"unit":"A"},"jsc":{"value":5.43490287,"unit":"mA\/cm2"},"imax":{"value":0.00032967,"unit":"A"},"vmax":{"value":0.0319,"unit":"V"},"pmax":{"value":0.01051647,"unit":"mW"},"fill_factor":{"value":23.3457,"unit":"%"},"efficiency":{"value":0.1052,"unit":"%"},"r_at_voc":{"value":155.16505,"unit":""},"r_at_isc":{"value":149.132,"unit":""},"power":{"value":2.23e-5,"unit":"W"},"rshunt":{"value":"NaN","unit":"ohm"},"cell_temp_start":{"value":"NaN","unit":""},"cell_temp_end":{"value":"NaN","unit":""},"exposure":{"value":10.872,"unit":""},"time":{"value":"22:27:49","unit":""},"date":{"value":"05\/17\/2023","unit":""},"V":{"value":[-0.1,-0.08115,-0.0623,-0.0435,-0.02465,-0.0058,0.01305,0.0319,0.0507,0.06955,0.0884,0.10725,0.1261,0.14495,0.16375,0.1826,0.20145,0.2203,0.23915,0.25795,0.2768,0.29565,0.3145,0.33335,0.35215,0.371,0.38985,0.4087,0.42755,0.4464,0.4652,0.48405,0.5029,0.52175,0.5406,0.5594,0.57825,0.5971,0.61595,0.6348,0.6536,0.67245,0.6913,0.71015,0.729,0.74785,0.76665,0.7855,0.80435,0.8232,0.84205,0.86085,0.8797,0.89855,0.9174,0.93625,0.95505,0.9739,0.99275,1.0116,1.03045,1.0493,1.0681,1.08695,1.1058,1.12465,1.1435,1.1623,1.18115,1.2],"unit":"V"},"I":{"value":[0.00127181,0.00111763,0.00097591,0.00084016,0.00070971,0.00058146,0.00045691,0.00032866,0.00020445,8.971e-5,-4.013e-5,-0.00015165,-0.00028298,-0.00040926,-0.00053288,-0.00065628,-0.00077734,-0.00089694,-0.00101551,-0.00110505,-0.00123245,-0.00134719,-0.00146476,-0.00158066,-0.00169337,-0.00180572,-0.00191692,-0.00202832,-0.00213918,-0.00225301,-0.0023643,-0.00247657,-0.0025816,-0.0026836,-0.00277825,-0.00285396,-0.00309561,-0.00321934,-0.00339717,-0.00355255,-0.00368483,-0.00381507,-0.00394876,-0.00405459,-0.00419311,-0.00434048,-0.00447254,-0.00465002,-0.00480841,-0.00494761,-0.00508268,-0.00522454,-0.00536573,-0.00553934,-0.00568248,-0.00583642,-0.00598873,-0.00610926,-0.0061581,-0.00629637,-0.00643349,-0.00659161,-0.00662899,-0.00621503,-0.00635423,-0.00648977,-0.00664076,-0.00677794,-0.00692788,-0.00705782],"unit":"A"},"J":{"unit":"A\/cm2","value":[0.0127181,0.0111763,0.0097591,0.008401599999999999,0.007097099999999999,0.0058146,0.0045690999999999996,0.0032865999999999998,0.0020445,0.0008971000000000001,-0.00040129999999999994,-0.0015164999999999998,-0.0028298,-0.0040926,-0.0053288,-0.0065628,-0.007773399999999999,-0.0089694,-0.0101551,-0.0110505,-0.012324499999999999,-0.0134719,-0.0146476,-0.0158066,-0.0169337,-0.0180572,-0.019169199999999997,-0.0202832,-0.0213918,-0.0225301,-0.023643,-0.024765699999999998,-0.025816,-0.026836,-0.027782499999999998,-0.0285396,-0.030956099999999997,-0.0321934,-0.0339717,-0.035525499999999995,-0.0368483,-0.038150699999999996,-0.0394876,-0.0405459,-0.0419311,-0.04340479999999999,-0.04472539999999999,-0.0465002,-0.0480841,-0.049476099999999995,-0.0508268,-0.0522454,-0.0536573,-0.0553934,-0.0568248,-0.0583642,-0.0598873,-0.0610926,-0.061581,-0.0629637,-0.0643349,-0.0659161,-0.0662899,-0.0621503,-0.0635423,-0.06489769999999999,-0.0664076,-0.06777939999999999,-0.0692788,-0.0705782]},"cell_dimension":{"value":0.1,"unit":"cm2"},"sweep_direction":{"unit":"","value":"Forward"},"key":"Forward5.1F CFM EA 300ul 23s_230517"}]}}