{"_id":"6530d43526db9e48202e735c","id":"SKKU-SC-00137","author":96,"group":11,"input":[{"tco":{"unit":"","value":"FTO"}},{"surface_treatment":{"unit":"","value":"UVO"}},{"etl":[{"material":{"unit":"","value":"SnO2"},"concentration":{"unit":"","value":"0.049"},"conc_unit":{"unit":"","value":"mg\/ml"},"quantity":{"unit":"ml","value":"1"}}],"annealing":[{"temperature":{"unit":"oC","value":"185"},"time":{"unit":"m","value":"30"}}],"spin_coating":[{"type":{"unit":"","value":"Static (only spreading)"},"rpm":{"unit":"","value":"4000"},"time":{"unit":"s","value":"20"}}]},{"surface_treatment":{"unit":"","value":"UVO"}},{"perovskite":{"method":{"unit":"","value":"1step"},"molarity":{"unit":"M","value":"2M"},"a_site":[{"material":{"unit":"","value":"FA"},"ratio":{"unit":"","value":"100"}}],"b_site":[{"material":{"unit":"","value":"Pb"},"ratio":{"unit":"","value":"100"}}],"x_site":[{"material":{"unit":"","value":"I"},"ratio":{"unit":"","value":"100"}}],"solvent":[{"material":{"unit":"","value":"DMF"},"volume":{"unit":"ml","value":"1"}},{"material":{"unit":"","value":"NMP"},"volume":{"unit":"ml","value":"0.1929"}}],"antisolvent":[{"material":{"unit":"","value":"DEE"},"quantity":{"unit":"ul","value":"150"},"dripping_time":{"unit":"s","value":"13"}}],"annealing":[{"temperature":{"unit":"oC","value":"100"},"time":{"unit":"m","value":"5"}},{"temperature":{"unit":"oC","value":"150"},"time":{"unit":"m","value":"30"}}],"spin_coating":[{"type":{"unit":"","value":"Static (only spreading)"},"rpm":{"unit":"","value":"4000"},"time":{"unit":"s","value":"20"}}],"additive":[{"material":{"unit":"","value":"MACl"},"solvent":{"unit":"","value":"DMF"},"concentration":{"unit":"","value":"800"},"conc_unit":{"unit":"","value":"mM"},"quantity":{"unit":"mol%","value":"40"}}]}},{"htl":[{"material":{"unit":"","value":"Spiro-OMeTAD"},"concentration":{"unit":"","value":"86.8"},"conc_unit":{"unit":"","value":"mg\/ml"},"quantity":{"unit":"ml","value":"0.03"}}],"htl_doping":[{"material":{"unit":"","value":"Li-TFSI"},"volume":{"unit":"ul","value":"20"}},{"material":{"unit":"","value":"tBP"},"volume":{"unit":"ul","value":"34"}}],"spin_coating":[{"type":{"unit":"","value":"Dynamic"},"rpm":{"unit":"","value":"3000"},"time":{"unit":"s","value":"30"}}],"condition":{"unit":"","value":"glove-box(N2)"},"solvent":[{"material":{"unit":"","value":"CB"},"volume":{"unit":"ml","value":"1"}}]},{"anode_metal":{"unit":"","value":"Ag"}},{"note":{"unit":"","value":"MgF2 AR thickness investigation"},"ar":{"unit":"","value":"MgF2 300 nm"},"type":{"unit":"","value":"unit_cell"},"device_type":{"unit":"","value":"n-i-p"},"temperature":{"unit":"\u2103","value":"16.3"},"humidity":{"unit":"%","value":"35.9"},"cell_dimension":{"unit":"cm2","value":"0.125"}}],"fileinfo":[{"key":"Reverse_IV 300-3-1","uploadType":"JV","original_name":"IV 300-3-1-R.txt","save_name":"SKKU-SC-00137\/Reverse_IV 300-3-1","uploader":96,"fileType":""},{"key":"Forward_IV 300-3-2","uploadType":"JV","original_name":"IV 300-3-2-F.txt","save_name":"SKKU-SC-00137\/Forward_IV 300-3-2","uploader":96,"fileType":""},{"key":"Reverse_IV 300-3-2","uploadType":"JV","original_name":"IV 300-3-2-R.txt","save_name":"SKKU-SC-00137\/Reverse_IV 300-3-2","uploader":96,"fileType":""},{"key":"Forward_IV 300-1-2","uploadType":"JV","original_name":"IV 300-1-2-F.txt","save_name":"SKKU-SC-00137\/Forward_IV 300-1-2","uploader":96,"fileType":""},{"key":"Reverse_IV 300-1-2","uploadType":"JV","original_name":"IV 300-1-2-R.txt","save_name":"SKKU-SC-00137\/Reverse_IV 300-1-2","uploader":96,"fileType":""},{"key":"Forward_IV 300-3-1","uploadType":"JV","original_name":"IV 300-3-1-F.txt","save_name":"SKKU-SC-00137\/Forward_IV 300-3-1","uploader":96,"fileType":""}],"jvcnt":6,"updated_at":"2024-06-03 08:38:35","created_at":"2023-10-19 07:01:09","analysisInfo":{"JV":[{"efficiency":19.18,"fill_factor":76.99,"jsc":23.867,"voc":1.0439,"key":"Reverse_IV 300-3-2","cell_dimension":0.125},{"efficiency":19.09,"fill_factor":75.48,"jsc":23.891,"voc":1.0584,"key":"Reverse_IV 300-3-1","cell_dimension":0.125},{"efficiency":19.22,"fill_factor":78.99,"jsc":23.84,"voc":1.0206,"key":"Reverse_IV 300-1-2","cell_dimension":0.125},{"efficiency":18.86,"fill_factor":75.72,"jsc":23.877,"voc":1.043,"key":"Forward_IV 300-3-2","cell_dimension":0.125},{"efficiency":18.93,"fill_factor":75.3,"jsc":23.856,"voc":1.0539,"key":"Forward_IV 300-3-1","cell_dimension":0.125},{"efficiency":18.9,"fill_factor":77.88,"jsc":23.835,"voc":1.0182,"key":"Forward_IV 300-1-2","cell_dimension":0.125}]},"public":2,"analysis":{"JV":[{"V":{"value":[1.2,1.173,1.147,1.12,1.094,1.067,1.041,1.014,0.988,0.961,0.935,0.908,0.882,0.855,0.829,0.802,0.776,0.749,0.722,0.696,0.669,0.643,0.616,0.59,0.563,0.537,0.51,0.484,0.457,0.431,0.404,0.378,0.351,0.324,0.298,0.271,0.245,0.218,0.192,0.165,0.139,0.112,0.086,0.059,0.033,0.006,-0.02,-0.047,-0.073,-0.1],"unit":"V"},"I":{"value":[-0.0035856,-0.0035856,-0.0035856,-0.0029952,-0.0018743,-0.00080076,0.00010134,0.00090283,0.0015301,0.0020254,0.0023627,0.002588,0.0027064,0.0028046,0.002852,0.0028852,0.0029048,0.0029206,0.0029321,0.0029411,0.0029495,0.0029538,0.0029587,0.0029636,0.0029651,0.0029669,0.0029684,0.0029711,0.0029727,0.0029775,0.0029802,0.0029781,0.0029811,0.002981,0.0029811,0.0029811,0.0029816,0.0029821,0.0029806,0.0029833,0.002982,0.0029822,0.0029837,0.0029841,0.0029842,0.0029832,0.002984,0.0029837,0.0029838,0.0029856],"unit":"A"},"J":{"value":[-0.0004482,-0.0004482,-0.0004482,-0.0003744,-0.0002342875,-0.000100095,1.26675e-5,0.00011285375,0.0001912625,0.000253175,0.0002953375,0.0003235,0.0003383,0.000350575,0.0003565,0.00036065,0.0003631,0.000365075,0.0003665125,0.0003676375,0.0003686875,0.000369225,0.0003698375,0.00037045,0.0003706375,0.0003708625,0.00037105,0.0003713875,0.0003715875,0.0003721875,0.000372525,0.0003722625,0.0003726375,0.000372625,0.0003726375,0.0003726375,0.0003727,0.0003727625,0.000372575,0.0003729125,0.00037275,0.000372775,0.0003729625,0.0003730125,0.000373025,0.0003729,0.000373,0.0003729625,0.000372975,0.0003732],"unit":"A\/cm2"},"voc":{"unit":"V","value":1.0439},"isc":{"unit":"A","value":0.0029834},"jsc":{"unit":"mA\/cm2","value":23.867},"fill_factor":{"unit":"%","value":76.99},"pmax":{"unit":"mW","value":2.398},"vmax":{"unit":"V","value":0.855},"imax":{"unit":"mA","value":2.805},"rshunt":{"unit":"ohms","value":59700},"voc_slope":{"unit":"ohms","value":33.4},"efficiency":{"unit":"%","value":19.18},"monitor_cell_reading":{"unit":"mV","value":0},"monitor_cell_calibration_value":{"unit":"mV","value":0},"test_device_area":{"unit":"cm2","value":0.125},"num_of_series_connected_stacks":{"unit":"","value":1},"meter_integration":{"unit":"NPLC","value":1},"source_irradiance":{"unit":"mW\/cm2","value":100},"voltage_settling_time":{"unit":"ms","value":10},"sweep_direction":{"unit":"","value":"Reverse"},"irradiance_variation_correction":{"unit":"","value":"None"},"device_id":{"unit":"","value":"300-3-2-R"},"cell_dimension":{"unit":"cm2","value":0.125},"key":"Reverse_IV 300-3-2"},{"V":{"value":[1.2,1.173,1.147,1.12,1.094,1.067,1.041,1.014,0.988,0.961,0.935,0.908,0.882,0.855,0.829,0.802,0.776,0.749,0.722,0.696,0.669,0.643,0.616,0.59,0.563,0.537,0.51,0.484,0.457,0.431,0.404,0.378,0.351,0.324,0.298,0.271,0.245,0.218,0.192,0.165,0.139,0.112,0.086,0.059,0.033,0.006,-0.02,-0.047,-0.073,-0.1],"unit":"V"},"I":{"value":[-0.0035895,-0.0034898,-0.0026317,-0.0017749,-0.00098313,-0.00022129,0.00045015,0.0010729,0.0015853,0.0020158,0.00233,0.0025575,0.0026994,0.0027905,0.0028433,0.0028772,0.0028978,0.002914,0.0029272,0.0029343,0.0029406,0.0029485,0.0029537,0.0029576,0.0029606,0.0029622,0.0029668,0.0029692,0.0029702,0.002972,0.0029747,0.002973,0.0029742,0.0029775,0.0029779,0.0029789,0.0029809,0.0029823,0.0029823,0.0029839,0.002984,0.0029833,0.0029831,0.0029839,0.002985,0.002987,0.0029842,0.0029839,0.0029839,0.0029829],"unit":"A"},"J":{"value":[-0.0004486875,-0.000436225,-0.0003289625,-0.0002218625,-0.00012289125,-2.766125e-5,5.626875e-5,0.0001341125,0.0001981625,0.000251975,0.00029125,0.0003196875,0.000337425,0.0003488125,0.0003554125,0.00035965,0.000362225,0.00036425,0.0003659,0.0003667875,0.000367575,0.0003685625,0.0003692125,0.0003697,0.000370075,0.000370275,0.00037085,0.00037115,0.000371275,0.0003715,0.0003718375,0.000371625,0.000371775,0.0003721875,0.0003722375,0.0003723625,0.0003726125,0.0003727875,0.0003727875,0.0003729875,0.000373,0.0003729125,0.0003728875,0.0003729875,0.000373125,0.000373375,0.000373025,0.0003729875,0.0003729875,0.0003728625],"unit":"A\/cm2"},"voc":{"unit":"V","value":1.0584},"isc":{"unit":"A","value":0.0029863},"jsc":{"unit":"mA\/cm2","value":23.891},"fill_factor":{"unit":"%","value":75.48},"pmax":{"unit":"mW","value":2.386},"vmax":{"unit":"V","value":0.855},"imax":{"unit":"mA","value":2.79},"rshunt":{"unit":"ohms","value":821},"voc_slope":{"unit":"ohms","value":38.9},"efficiency":{"unit":"%","value":19.09},"monitor_cell_reading":{"unit":"mV","value":0},"monitor_cell_calibration_value":{"unit":"mV","value":0},"test_device_area":{"unit":"cm2","value":0.125},"num_of_series_connected_stacks":{"unit":"","value":1},"meter_integration":{"unit":"NPLC","value":1},"source_irradiance":{"unit":"mW\/cm2","value":100},"voltage_settling_time":{"unit":"ms","value":10},"sweep_direction":{"unit":"","value":"Reverse"},"irradiance_variation_correction":{"unit":"","value":"None"},"device_id":{"unit":"","value":"300-3-1-R"},"cell_dimension":{"unit":"cm2","value":0.125},"key":"Reverse_IV 300-3-1"},{"V":{"value":[1.2,1.173,1.147,1.12,1.094,1.067,1.041,1.014,0.988,0.961,0.935,0.908,0.882,0.855,0.829,0.802,0.776,0.749,0.722,0.696,0.669,0.643,0.616,0.59,0.563,0.537,0.51,0.484,0.457,0.431,0.404,0.378,0.351,0.324,0.298,0.271,0.245,0.218,0.192,0.165,0.139,0.112,0.086,0.059,0.033,0.006,-0.02,-0.047,-0.073,-0.1],"unit":"V"},"I":{"value":[-0.0035805,-0.0035805,-0.0035805,-0.0035805,-0.0035805,-0.0021466,-0.00085783,0.00027914,0.0011646,0.0018542,0.0022957,0.0025711,0.0027238,0.0028099,0.002859,0.0028885,0.0029078,0.0029204,0.0029322,0.0029391,0.0029453,0.0029512,0.0029568,0.0029605,0.0029636,0.0029665,0.0029676,0.0029698,0.0029714,0.002973,0.002975,0.0029767,0.0029777,0.0029801,0.0029777,0.0029794,0.0029799,0.0029785,0.0029792,0.0029792,0.0029795,0.0029801,0.00298,0.0029805,0.0029804,0.00298,0.00298,0.0029814,0.00298,0.0029821],"unit":"A"},"J":{"value":[-0.0004475625,-0.0004475625,-0.0004475625,-0.0004475625,-0.0004475625,-0.000268325,-0.00010722875,3.48925e-5,0.000145575,0.000231775,0.0002869625,0.0003213875,0.000340475,0.0003512375,0.000357375,0.0003610625,0.000363475,0.00036505,0.000366525,0.0003673875,0.0003681625,0.0003689,0.0003696,0.0003700625,0.00037045,0.0003708125,0.00037095,0.000371225,0.000371425,0.000371625,0.000371875,0.0003720875,0.0003722125,0.0003725125,0.0003722125,0.000372425,0.0003724875,0.0003723125,0.0003724,0.0003724,0.0003724375,0.0003725125,0.0003725,0.0003725625,0.00037255,0.0003725,0.0003725,0.000372675,0.0003725,0.0003727625],"unit":"A\/cm2"},"voc":{"unit":"V","value":1.0206},"isc":{"unit":"A","value":0.00298},"jsc":{"unit":"mA\/cm2","value":23.84},"fill_factor":{"unit":"%","value":78.99},"pmax":{"unit":"mW","value":2.402},"vmax":{"unit":"V","value":0.855},"imax":{"unit":"mA","value":2.81},"rshunt":{"unit":"ohms","value":69500},"voc_slope":{"unit":"ohms","value":28.8},"efficiency":{"unit":"%","value":19.22},"monitor_cell_reading":{"unit":"mV","value":0},"monitor_cell_calibration_value":{"unit":"mV","value":0},"test_device_area":{"unit":"cm2","value":0.125},"num_of_series_connected_stacks":{"unit":"","value":1},"meter_integration":{"unit":"NPLC","value":1},"source_irradiance":{"unit":"mW\/cm2","value":100},"voltage_settling_time":{"unit":"ms","value":10},"sweep_direction":{"unit":"","value":"Reverse"},"irradiance_variation_correction":{"unit":"","value":"None"},"device_id":{"unit":"","value":"300-1-2-R"},"cell_dimension":{"unit":"cm2","value":0.125},"key":"Reverse_IV 300-1-2"},{"V":{"value":[-0.1,-0.073,-0.047,-0.02,0.006,0.033,0.059,0.086,0.112,0.139,0.165,0.192,0.218,0.245,0.271,0.298,0.324,0.351,0.378,0.404,0.431,0.457,0.484,0.51,0.537,0.563,0.59,0.616,0.643,0.669,0.696,0.722,0.749,0.776,0.802,0.829,0.855,0.882,0.908,0.935,0.961,0.988,1.014,1.041,1.067,1.094,1.12,1.147,1.173,1.2],"unit":"V"},"I":{"value":[0.0029886,0.0029883,0.002988,0.0029858,0.0029843,0.0029833,0.002982,0.0029814,0.0029821,0.0029816,0.0029801,0.0029781,0.0029789,0.0029766,0.0029768,0.0029738,0.0029744,0.0029761,0.0029755,0.0029739,0.0029709,0.0029687,0.0029667,0.0029655,0.0029635,0.0029606,0.0029584,0.0029553,0.0029512,0.0029461,0.0029384,0.0029307,0.0029176,0.0028963,0.00287,0.0028254,0.002757,0.0026478,0.0024817,0.0022232,0.0018572,0.001347,0.00077734,6.2775e-5,-0.00076471,-0.0017551,-0.0028032,-0.0035866,-0.0035866,-0.0035866],"unit":"A"},"J":{"value":[0.000373575,0.0003735375,0.0003735,0.000373225,0.0003730375,0.0003729125,0.00037275,0.000372675,0.0003727625,0.0003727,0.0003725125,0.0003722625,0.0003723625,0.000372075,0.0003721,0.000371725,0.0003718,0.0003720125,0.0003719375,0.0003717375,0.0003713625,0.0003710875,0.0003708375,0.0003706875,0.0003704375,0.000370075,0.0003698,0.0003694125,0.0003689,0.0003682625,0.0003673,0.0003663375,0.0003647,0.0003620375,0.00035875,0.000353175,0.000344625,0.000330975,0.0003102125,0.0002779,0.00023215,0.000168375,9.71675e-5,7.846875e-6,-9.558875e-5,-0.0002193875,-0.0003504,-0.000448325,-0.000448325,-0.000448325],"unit":"A\/cm2"},"voc":{"unit":"V","value":1.043},"isc":{"unit":"A","value":0.0029847},"jsc":{"unit":"mA\/cm2","value":23.877},"fill_factor":{"unit":"%","value":75.72},"pmax":{"unit":"mW","value":2.357},"vmax":{"unit":"V","value":0.855},"imax":{"unit":"mA","value":2.757},"rshunt":{"unit":"ohms","value":26200},"voc_slope":{"unit":"ohms","value":36.4},"efficiency":{"unit":"%","value":18.86},"monitor_cell_reading":{"unit":"mV","value":0},"monitor_cell_calibration_value":{"unit":"mV","value":0},"test_device_area":{"unit":"cm2","value":0.125},"num_of_series_connected_stacks":{"unit":"","value":1},"meter_integration":{"unit":"NPLC","value":1},"source_irradiance":{"unit":"mW\/cm2","value":100},"voltage_settling_time":{"unit":"ms","value":10},"sweep_direction":{"unit":"","value":"Forward"},"irradiance_variation_correction":{"unit":"","value":"None"},"device_id":{"unit":"","value":"300-3-2-F"},"cell_dimension":{"unit":"cm2","value":0.125},"key":"Forward_IV 300-3-2"},{"V":{"value":[-0.1,-0.073,-0.047,-0.02,0.006,0.033,0.059,0.086,0.112,0.139,0.165,0.192,0.218,0.245,0.271,0.298,0.324,0.351,0.378,0.404,0.431,0.457,0.484,0.51,0.537,0.563,0.59,0.616,0.643,0.669,0.696,0.722,0.749,0.776,0.802,0.829,0.855,0.882,0.908,0.935,0.961,0.988,1.014,1.041,1.067,1.094,1.12,1.147,1.173,1.2],"unit":"V"},"I":{"value":[0.0029834,0.0029824,0.0029837,0.0029814,0.0029822,0.0029823,0.002981,0.002981,0.0029797,0.00298,0.0029804,0.0029792,0.002977,0.0029771,0.002976,0.0029759,0.0029757,0.0029749,0.0029772,0.0029732,0.0029715,0.0029695,0.0029664,0.0029659,0.0029612,0.0029585,0.0029541,0.0029495,0.0029464,0.0029416,0.0029329,0.0029247,0.002915,0.0028947,0.0028694,0.0028294,0.0027678,0.0026614,0.0025047,0.0022585,0.0019413,0.0014876,0.00098124,0.00034375,-0.00034964,-0.00113,-0.0019461,-0.0028415,-0.0035815,-0.0035815],"unit":"A"},"J":{"value":[0.000372925,0.0003728,0.0003729625,0.000372675,0.000372775,0.0003727875,0.000372625,0.000372625,0.0003724625,0.0003725,0.00037255,0.0003724,0.000372125,0.0003721375,0.000372,0.0003719875,0.0003719625,0.0003718625,0.00037215,0.00037165,0.0003714375,0.0003711875,0.0003708,0.0003707375,0.00037015,0.0003698125,0.0003692625,0.0003686875,0.0003683,0.0003677,0.0003666125,0.0003655875,0.000364375,0.0003618375,0.000358675,0.000353675,0.000345975,0.000332675,0.0003130875,0.0002823125,0.0002426625,0.00018595,0.000122655,4.296875e-5,-4.3705e-5,-0.00014125,-0.0002432625,-0.0003551875,-0.0004476875,-0.0004476875],"unit":"A\/cm2"},"voc":{"unit":"V","value":1.0539},"isc":{"unit":"A","value":0.002982},"jsc":{"unit":"mA\/cm2","value":23.856},"fill_factor":{"unit":"%","value":75.3},"pmax":{"unit":"mW","value":2.366},"vmax":{"unit":"V","value":0.855},"imax":{"unit":"mA","value":2.768},"rshunt":{"unit":"ohms","value":53200},"voc_slope":{"unit":"ohms","value":42.8},"efficiency":{"unit":"%","value":18.93},"monitor_cell_reading":{"unit":"mV","value":0},"monitor_cell_calibration_value":{"unit":"mV","value":0},"test_device_area":{"unit":"cm2","value":0.125},"num_of_series_connected_stacks":{"unit":"","value":1},"meter_integration":{"unit":"NPLC","value":1},"source_irradiance":{"unit":"mW\/cm2","value":100},"voltage_settling_time":{"unit":"ms","value":10},"sweep_direction":{"unit":"","value":"Forward"},"irradiance_variation_correction":{"unit":"","value":"None"},"device_id":{"unit":"","value":"300-3-1-F"},"cell_dimension":{"unit":"cm2","value":0.125},"key":"Forward_IV 300-3-1"},{"V":{"value":[-0.1,-0.073,-0.047,-0.02,0.006,0.033,0.059,0.086,0.112,0.139,0.165,0.192,0.218,0.245,0.271,0.298,0.324,0.351,0.378,0.404,0.431,0.457,0.484,0.51,0.537,0.563,0.59,0.616,0.643,0.669,0.696,0.722,0.749,0.776,0.802,0.829,0.855,0.882,0.908,0.935,0.961,0.988,1.014,1.041,1.067,1.094,1.12,1.147,1.173,1.2],"unit":"V"},"I":{"value":[0.0029843,0.0029842,0.0029828,0.0029803,0.0029791,0.002979,0.0029766,0.0029779,0.0029793,0.0029779,0.0029769,0.0029755,0.0029747,0.0029743,0.002974,0.0029734,0.0029733,0.002972,0.00297,0.0029691,0.0029683,0.0029669,0.0029648,0.0029632,0.0029616,0.0029592,0.0029564,0.0029532,0.0029488,0.0029441,0.0029366,0.0029279,0.0029145,0.0028955,0.0028679,0.0028277,0.0027631,0.0026478,0.0024585,0.0021342,0.0016529,0.00097081,0.00017346,-0.0009428,-0.0021279,-0.0035075,-0.0035805,-0.0035805,-0.0035805,-0.0035805],"unit":"A"},"J":{"value":[0.0003730375,0.000373025,0.00037285,0.0003725375,0.0003723875,0.000372375,0.000372075,0.0003722375,0.0003724125,0.0003722375,0.0003721125,0.0003719375,0.0003718375,0.0003717875,0.00037175,0.000371675,0.0003716625,0.0003715,0.00037125,0.0003711375,0.0003710375,0.0003708625,0.0003706,0.0003704,0.0003702,0.0003699,0.00036955,0.00036915,0.0003686,0.0003680125,0.000367075,0.0003659875,0.0003643125,0.0003619375,0.0003584875,0.0003534625,0.0003453875,0.000330975,0.0003073125,0.000266775,0.0002066125,0.00012135125,2.16825e-5,-0.00011785,-0.0002659875,-0.0004384375,-0.0004475625,-0.0004475625,-0.0004475625,-0.0004475625],"unit":"A\/cm2"},"voc":{"unit":"V","value":1.0182},"isc":{"unit":"A","value":0.0029794},"jsc":{"unit":"mA\/cm2","value":23.835},"fill_factor":{"unit":"%","value":77.88},"pmax":{"unit":"mW","value":2.362},"vmax":{"unit":"V","value":0.855},"imax":{"unit":"mA","value":2.763},"rshunt":{"unit":"ohms","value":25500},"voc_slope":{"unit":"ohms","value":30.2},"efficiency":{"unit":"%","value":18.9},"monitor_cell_reading":{"unit":"mV","value":0},"monitor_cell_calibration_value":{"unit":"mV","value":0},"test_device_area":{"unit":"cm2","value":0.125},"num_of_series_connected_stacks":{"unit":"","value":1},"meter_integration":{"unit":"NPLC","value":1},"source_irradiance":{"unit":"mW\/cm2","value":100},"voltage_settling_time":{"unit":"ms","value":10},"sweep_direction":{"unit":"","value":"Forward"},"irradiance_variation_correction":{"unit":"","value":"None"},"device_id":{"unit":"","value":"300-1-2-F"},"cell_dimension":{"unit":"cm2","value":0.125},"key":"Forward_IV 300-1-2"}]}}