{"_id":"6530e48e851eea3e48563ee9","id":"SKKU-SC-00199","author":96,"group":11,"input":[{"tco":{"unit":"","value":"FTO"}},{"surface_treatment":{"unit":"","value":"UVO"}},{"etl":[{"material":{"unit":"","value":"SnO2"},"concentration":{"unit":"","value":"0.049"},"conc_unit":{"unit":"","value":"mg\/ml"},"quantity":{"unit":"ml","value":"1"}}],"annealing":[{"temperature":{"unit":"oC","value":"150"},"time":{"unit":"m","value":"30"}}],"spin_coating":[{"type":{"unit":"","value":"Static (loading)"},"rpm":{"unit":"","value":"3000"},"time":{"unit":"s","value":"20"}}]},{"surface_treatment":{"unit":"","value":"UVO"}},{"perovskite":{"method":{"unit":"","value":"1step"},"molarity":{"unit":"M","value":"2M"},"a_site":[{"material":{"unit":"","value":"FA"},"ratio":{"unit":"","value":"100"}}],"b_site":[{"material":{"unit":"","value":"Pb"},"ratio":{"unit":"","value":"100"}}],"x_site":[{"material":{"unit":"","value":"I"},"ratio":{"unit":"","value":"100"}}],"solvent":[{"material":{"unit":"","value":"DMF"},"volume":{"unit":"ml","value":"1"}},{"material":{"unit":"","value":"DMSO"},"volume":{"unit":"ml","value":"0.144"}}],"antisolvent":[{"material":{"unit":"","value":"DEE"},"quantity":{"unit":"ul","value":"1000"},"dripping_time":{"unit":"s","value":"3"}}],"annealing":[{"temperature":{"unit":"oC","value":"100"},"time":{"unit":"m","value":"5"}},{"temperature":{"unit":"oC","value":"150"},"time":{"unit":"m","value":"30"}}],"spin_coating":[{"type":{"unit":"","value":"Dynamic"},"rpm":{"unit":"","value":"4000"},"time":{"unit":"s","value":"20"}}],"additive":[{"material":{"unit":"","value":"MACl"},"solvent":{"unit":"","value":"DMF"},"concentration":{"unit":"","value":"450"},"conc_unit":{"unit":"","value":"mM"},"quantity":{"unit":"mol%","value":"22.5"}}]}},{"htl":[{"material":{"unit":"","value":"Spiro-OMeTAD"},"concentration":{"unit":"","value":"86.8"},"conc_unit":{"unit":"","value":"mg\/ml"},"quantity":{"unit":"ml","value":"0.03"}}],"htl_doping":[{"material":{"unit":"","value":"Li-TFSI"},"volume":{"unit":"ul","value":"20"}},{"material":{"unit":"","value":"tBP"},"volume":{"unit":"ul","value":"34"}}],"spin_coating":[{"type":{"unit":"","value":"Dynamic"},"rpm":{"unit":"","value":"3000"},"time":{"unit":"s","value":"25"}}],"condition":{"unit":"","value":"glove-box(N2)"},"solvent":[{"material":{"unit":"","value":"CB"},"volume":{"unit":"ml","value":"1"}}]},{"anode_metal":{"unit":"","value":"Ag"}},{"note":{"unit":"","value":"Ambient atmosphere device fabrication"},"type":{"unit":"","value":"unit_cell"},"device_type":{"unit":"","value":"n-i-p"},"temperature":{"unit":"\u2103","value":"25"},"humidity":{"unit":"%","value":"30"},"cell_dimension":{"unit":"cm2","value":"0.125"}}],"fileinfo":[{"key":"Forward_FWD_DMSO20-1-5 2023-09-12 23-15","uploadType":"JV","original_name":"FWD_DMSO20-1-5 2023-09-12 23-15-25.txt","save_name":"SKKU-SC-00199\/Forward_FWD_DMSO20-1-5 2023-09-12 23-15","uploader":96,"fileType":""},{"key":"Reverse_REV_DMSO20-1-1 2023-09-12 23-14","uploadType":"JV","original_name":"REV_DMSO20-1-1 2023-09-12 23-14-53.txt","save_name":"SKKU-SC-00199\/Reverse_REV_DMSO20-1-1 2023-09-12 23-14","uploader":96,"fileType":""},{"key":"Forward_FWD_DMSO20-1-1 2023-09-12 23-14","uploadType":"JV","original_name":"FWD_DMSO20-1-1 2023-09-12 23-14-38.txt","save_name":"SKKU-SC-00199\/Forward_FWD_DMSO20-1-1 2023-09-12 23-14","uploader":96,"fileType":""},{"key":"Reverse_REV_DMSO20-2-5 2023-09-12 23-18","uploadType":"JV","original_name":"REV_DMSO20-2-5 2023-09-12 23-18-40.txt","save_name":"SKKU-SC-00199\/Reverse_REV_DMSO20-2-5 2023-09-12 23-18","uploader":96,"fileType":""},{"key":"Forward_FWD_DMSO20-2-5 2023-09-12 23-18","uploadType":"JV","original_name":"FWD_DMSO20-2-5 2023-09-12 23-18-25.txt","save_name":"SKKU-SC-00199\/Forward_FWD_DMSO20-2-5 2023-09-12 23-18","uploader":96,"fileType":""},{"key":"Forward_FWD_DMSO20-2-2 2023-09-12 23-17","uploadType":"JV","original_name":"FWD_DMSO20-2-2 2023-09-12 23-17-37.txt","save_name":"SKKU-SC-00199\/Forward_FWD_DMSO20-2-2 2023-09-12 23-17","uploader":96,"fileType":""},{"key":"Reverse_REV_DMSO20-2-1 2023-09-12 23-17","uploadType":"JV","original_name":"REV_DMSO20-2-1 2023-09-12 23-17-11.txt","save_name":"SKKU-SC-00199\/Reverse_REV_DMSO20-2-1 2023-09-12 23-17","uploader":96,"fileType":""},{"key":"Forward_FWD_DMSO20-2-1 2023-09-12 23-16","uploadType":"JV","original_name":"FWD_DMSO20-2-1 2023-09-12 23-16-57.txt","save_name":"SKKU-SC-00199\/Forward_FWD_DMSO20-2-1 2023-09-12 23-16","uploader":96,"fileType":""}],"jvcnt":8,"updated_at":"2024-06-03 08:38:35","created_at":"2023-10-19 08:10:54","analysisInfo":{"JV":[{"efficiency":18.8858,"fill_factor":76.388,"jsc":23.06964312,"voc":1.07168798,"key":"Reverse_REV_DMSO20-2-5 2023-09-12 23-18","cell_dimension":0.125},{"efficiency":17.6597,"fill_factor":72.6278,"jsc":22.93761605,"voc":1.06006328,"key":"Reverse_REV_DMSO20-2-1 2023-09-12 23-17","cell_dimension":0.125},{"efficiency":18.1947,"fill_factor":74.5221,"jsc":22.87636592,"voc":1.06726475,"key":"Reverse_REV_DMSO20-1-1 2023-09-12 23-14","cell_dimension":0.125},{"efficiency":19.3936,"fill_factor":77.661,"jsc":23.09359888,"voc":1.08134591,"key":"Forward_FWD_DMSO20-2-5 2023-09-12 23-18","cell_dimension":0.125},{"efficiency":18.0498,"fill_factor":74.7577,"jsc":22.62302218,"voc":1.06724894,"key":"Forward_FWD_DMSO20-2-2 2023-09-12 23-17","cell_dimension":0.125},{"efficiency":18.1376,"fill_factor":74.104,"jsc":22.87840481,"voc":1.06982586,"key":"Forward_FWD_DMSO20-2-1 2023-09-12 23-16","cell_dimension":0.125},{"efficiency":18.9718,"fill_factor":76.4521,"jsc":22.99791061,"voc":1.07902611,"key":"Forward_FWD_DMSO20-1-5 2023-09-12 23-15","cell_dimension":0.125},{"efficiency":18.2093,"fill_factor":74.4477,"jsc":22.92343806,"voc":1.0669933,"key":"Forward_FWD_DMSO20-1-1 2023-09-12 23-14","cell_dimension":0.125}]},"public":2,"analysis":{"JV":[{"sample_area":{"value":0.125,"unit":"cm2"},"irradiance":{"value":1,"unit":""},"pre_sweep_delay":{"value":0.5,"unit":""},"bias_direction":{"value":0,"unit":""},"max_reverse_bias":{"value":-0.1,"unit":""},"max_forward_bias":{"value":1.2,"unit":""},"num_sweep_points":{"value":100,"unit":""},"dwell_time":{"value":10,"unit":""},"current_limit":{"value":250,"unit":""},"pviv_10a_i_amp":{"value":0,"unit":""},"average":{"value":0,"unit":""},"dark_current":{"value":0,"unit":""},"rshunt_v_lo":{"value":-0.6,"unit":""},"rshunt_v_hi":{"value":-0.1,"unit":""},"voc":{"value":1.07168798,"unit":"V"},"isc":{"value":0.00288371,"unit":"A"},"jsc":{"value":23.06964312,"unit":"mA\/cm2"},"imax":{"value":0.00261908,"unit":"A"},"vmax":{"value":0.90135447,"unit":"V"},"pmax":{"value":2.3607205,"unit":"mW"},"fill_factor":{"value":76.388,"unit":"%"},"efficiency":{"value":18.8858,"unit":"%"},"r_at_voc":{"value":27.999637,"unit":""},"r_at_isc":{"value":32830.084,"unit":""},"power":{"value":0.00287087,"unit":"W"},"rshunt":{"value":"NaN","unit":"ohm"},"cell_temp_start":{"value":"NaN","unit":""},"cell_temp_end":{"value":"NaN","unit":""},"exposure":{"value":8.078,"unit":""},"time":{"value":"23:18:40","unit":""},"date":{"value":"09\/12\/2023","unit":""},"V":{"value":[1.2,1.18685,1.17375,1.1606,1.1475,1.13435,1.1212,1.1081,1.09495,1.0818,1.0687,1.05555,1.0424,1.0293,1.01615,1.00305,0.9899,0.97675,0.96365,0.9505,0.93735,0.92425,0.9111,0.898,0.88485,0.8717,0.8586,0.84545,0.8323,0.8192,0.80605,0.79295,0.7798,0.76665,0.75355,0.7404,0.72725,0.71415,0.701,0.6879,0.67475,0.6616,0.6485,0.63535,0.6222,0.6091,0.59595,0.58285,0.5697,0.55655,0.54345,0.5303,0.51715,0.50405,0.4909,0.4778,0.46465,0.4515,0.4384,0.42525,0.4121,0.399,0.38585,0.37275,0.3596,0.34645,0.33335,0.3202,0.30705,0.29395,0.2808,0.2677,0.25455,0.2414,0.2283,0.21515,0.202,0.1889,0.17575,0.16265,0.1495,0.13635,0.12325,0.1101,0.09695,0.08385,0.0707,0.0576,0.04445,0.0313,0.0182,0.00505,-0.0081,-0.0212,-0.03435,-0.04745,-0.0606,-0.07375,-0.08685,-0.1],"unit":"V"},"I":{"value":[-0.00629896,-0.00558576,-0.0048655,-0.00414847,-0.00344848,-0.00276694,-0.0021131,-0.00149428,-0.00091058,-0.00036929,0.00012391,0.00056731,0.00095645,0.00127735,0.00156891,0.0018139,0.00201001,0.00216192,0.00229046,0.00239461,0.00247682,0.00253752,0.00258786,0.00262791,0.0026592,0.00268971,0.00270925,0.00273163,0.00274818,0.00276107,0.00277318,0.00278371,0.00278694,0.00279461,0.00281474,0.00281972,0.0028283,0.00283032,0.00283344,0.00283461,0.00283615,0.00284245,0.00284484,0.00284842,0.00285009,0.00285164,0.00285297,0.00285653,0.00285663,0.0028594,0.00286127,0.00286249,0.00286293,0.0028639,0.00286564,0.00286738,0.00286823,0.00286669,0.00286466,0.00286611,0.00287131,0.00287333,0.00287004,0.00286855,0.00286965,0.00287002,0.00287552,0.00287649,0.00287574,0.00287556,0.00287456,0.00287528,0.00287653,0.00287686,0.00287566,0.00287437,0.00287527,0.00287806,0.00287936,0.0028774,0.00287753,0.0028775,0.00288255,0.00288074,0.00288083,0.00288022,0.00287732,0.00288032,0.00288095,0.00288383,0.00288785,0.00288641,0.00288754,0.00288614,0.00288342,0.00288627,0.00288903,0.00288575,0.00288386,0.00288243],"unit":"A"},"J":{"unit":"A\/cm2","value":[-0.05039168,-0.04468608,-0.038924,-0.03318776,-0.02758784,-0.02213552,-0.0169048,-0.01195424,-0.00728464,-0.00295432,0.00099128,0.00453848,0.0076516,0.0102188,0.01255128,0.0145112,0.01608008,0.01729536,0.01832368,0.01915688,0.01981456,0.02030016,0.02070288,0.02102328,0.0212736,0.02151768,0.021674,0.02185304,0.02198544,0.02208856,0.02218544,0.02226968,0.02229552,0.02235688,0.02251792,0.02255776,0.0226264,0.02264256,0.02266752,0.02267688,0.0226892,0.0227396,0.02275872,0.02278736,0.02280072,0.02281312,0.02282376,0.02285224,0.02285304,0.0228752,0.02289016,0.02289992,0.02290344,0.0229112,0.02292512,0.02293904,0.02294584,0.02293352,0.02291728,0.02292888,0.02297048,0.02298664,0.02296032,0.0229484,0.0229572,0.02296016,0.02300416,0.02301192,0.02300592,0.02300448,0.02299648,0.02300224,0.02301224,0.02301488,0.02300528,0.02299496,0.02300216,0.02302448,0.02303488,0.0230192,0.02302024,0.02302,0.0230604,0.02304592,0.02304664,0.02304176,0.02301856,0.02304256,0.0230476,0.02307064,0.0231028,0.02309128,0.02310032,0.02308912,0.02306736,0.02309016,0.02311224,0.023086,0.02307088,0.02305944]},"cell_dimension":{"value":0.125,"unit":"cm2"},"sweep_direction":{"unit":"","value":"Reverse"},"key":"Reverse_REV_DMSO20-2-5 2023-09-12 23-18"},{"sample_area":{"value":0.125,"unit":"cm2"},"irradiance":{"value":1,"unit":""},"pre_sweep_delay":{"value":0.5,"unit":""},"bias_direction":{"value":0,"unit":""},"max_reverse_bias":{"value":-0.1,"unit":""},"max_forward_bias":{"value":1.2,"unit":""},"num_sweep_points":{"value":100,"unit":""},"dwell_time":{"value":10,"unit":""},"current_limit":{"value":250,"unit":""},"pviv_10a_i_amp":{"value":0,"unit":""},"average":{"value":0,"unit":""},"dark_current":{"value":0,"unit":""},"rshunt_v_lo":{"value":-0.6,"unit":""},"rshunt_v_hi":{"value":-0.1,"unit":""},"voc":{"value":1.06006328,"unit":"V"},"isc":{"value":0.0028672,"unit":"A"},"jsc":{"value":22.93761605,"unit":"mA\/cm2"},"imax":{"value":0.00256344,"unit":"A"},"vmax":{"value":0.86113107,"unit":"V"},"pmax":{"value":2.20745927,"unit":"mW"},"fill_factor":{"value":72.6278,"unit":"%"},"efficiency":{"value":17.6597,"unit":"%"},"r_at_voc":{"value":36.12559,"unit":""},"r_at_isc":{"value":16219.058,"unit":""},"power":{"value":0.00276733,"unit":"W"},"rshunt":{"value":"NaN","unit":"ohm"},"cell_temp_start":{"value":"NaN","unit":""},"cell_temp_end":{"value":"NaN","unit":""},"exposure":{"value":8.09,"unit":""},"time":{"value":"23:17:11","unit":""},"date":{"value":"09\/12\/2023","unit":""},"V":{"value":[1.2,1.18685,1.17375,1.1606,1.1475,1.13435,1.1212,1.1081,1.09495,1.0818,1.0687,1.05555,1.0424,1.0293,1.01615,1.00305,0.9899,0.97675,0.96365,0.9505,0.93735,0.92425,0.9111,0.898,0.88485,0.8717,0.8586,0.84545,0.8323,0.8192,0.80605,0.79295,0.7798,0.76665,0.75355,0.7404,0.72725,0.71415,0.701,0.6879,0.67475,0.6616,0.6485,0.63535,0.6222,0.6091,0.59595,0.58285,0.5697,0.55655,0.54345,0.5303,0.51715,0.50405,0.4909,0.4778,0.46465,0.4515,0.4384,0.42525,0.4121,0.399,0.38585,0.37275,0.3596,0.34645,0.33335,0.3202,0.30705,0.29395,0.2808,0.2677,0.25455,0.2414,0.2283,0.21515,0.202,0.1889,0.17575,0.16265,0.1495,0.13635,0.12325,0.1101,0.09695,0.08385,0.0707,0.0576,0.04445,0.0313,0.0182,0.00505,-0.0081,-0.0212,-0.03435,-0.04745,-0.0606,-0.07375,-0.08685,-0.1],"unit":"V"},"I":{"value":[-0.00482782,-0.00435644,-0.00387321,-0.00338447,-0.00290155,-0.00242088,-0.0019513,-0.00149594,-0.0010525,-0.00063806,-0.00024766,0.00014354,0.00047892,0.00079823,0.00107182,0.00131331,0.00153974,0.00174477,0.00190802,0.00205529,0.00217509,0.0022673,0.00237879,0.00244843,0.00247909,0.00251432,0.00254105,0.00262197,0.00264998,0.00267516,0.00269715,0.00271412,0.00272356,0.00273756,0.00274882,0.00276065,0.00276778,0.00277093,0.00277895,0.00278477,0.00279488,0.0028042,0.00280439,0.00280906,0.0028134,0.00281459,0.00281801,0.0028216,0.00282416,0.00282483,0.00282061,0.00282135,0.0028307,0.00282945,0.00283698,0.00283849,0.00283857,0.00283792,0.00283743,0.00284352,0.00284547,0.00284405,0.00284381,0.00284441,0.00284854,0.0028511,0.00284976,0.00284923,0.00284783,0.00285087,0.00285222,0.00285355,0.00285106,0.00285033,0.00285122,0.00285556,0.00285575,0.00285268,0.00285317,0.00284938,0.00285468,0.00285585,0.00285534,0.00286194,0.00286563,0.00286486,0.00286916,0.00286834,0.00286868,0.00286787,0.00286674,0.00286767,0.00286842,0.00286928,0.00286819,0.00286517,0.00287047,0.00287169,0.00287281,0.00286976],"unit":"A"},"J":{"unit":"A\/cm2","value":[-0.03862256,-0.03485152,-0.03098568,-0.02707576,-0.0232124,-0.01936704,-0.0156104,-0.01196752,-0.00842,-0.00510448,-0.00198128,0.00114832,0.00383136,0.00638584,0.00857456,0.01050648,0.01231792,0.01395816,0.01526416,0.01644232,0.01740072,0.0181384,0.01903032,0.01958744,0.01983272,0.02011456,0.0203284,0.02097576,0.02119984,0.02140128,0.0215772,0.02171296,0.02178848,0.02190048,0.02199056,0.0220852,0.02214224,0.02216744,0.0222316,0.02227816,0.02235904,0.0224336,0.02243512,0.02247248,0.0225072,0.02251672,0.02254408,0.0225728,0.02259328,0.02259864,0.02256488,0.0225708,0.0226456,0.0226356,0.02269584,0.02270792,0.02270856,0.02270336,0.02269944,0.02274816,0.02276376,0.0227524,0.02275048,0.02275528,0.02278832,0.0228088,0.02279808,0.02279384,0.02278264,0.02280696,0.02281776,0.0228284,0.02280848,0.02280264,0.02280976,0.02284448,0.022846,0.02282144,0.02282536,0.02279504,0.02283744,0.0228468,0.02284272,0.02289552,0.02292504,0.02291888,0.02295328,0.02294672,0.02294944,0.02294296,0.02293392,0.02294136,0.02294736,0.02295424,0.02294552,0.02292136,0.02296376,0.02297352,0.02298248,0.02295808]},"cell_dimension":{"value":0.125,"unit":"cm2"},"sweep_direction":{"unit":"","value":"Reverse"},"key":"Reverse_REV_DMSO20-2-1 2023-09-12 23-17"},{"sample_area":{"value":0.125,"unit":"cm2"},"irradiance":{"value":1,"unit":""},"pre_sweep_delay":{"value":0.5,"unit":""},"bias_direction":{"value":0,"unit":""},"max_reverse_bias":{"value":-0.1,"unit":""},"max_forward_bias":{"value":1.2,"unit":""},"num_sweep_points":{"value":100,"unit":""},"dwell_time":{"value":10,"unit":""},"current_limit":{"value":250,"unit":""},"pviv_10a_i_amp":{"value":0,"unit":""},"average":{"value":0,"unit":""},"dark_current":{"value":0,"unit":""},"rshunt_v_lo":{"value":-0.6,"unit":""},"rshunt_v_hi":{"value":-0.1,"unit":""},"voc":{"value":1.06726475,"unit":"V"},"isc":{"value":0.00285955,"unit":"A"},"jsc":{"value":22.87636592,"unit":"mA\/cm2"},"imax":{"value":0.00260719,"unit":"A"},"vmax":{"value":0.87233,"unit":"V"},"pmax":{"value":2.27433323,"unit":"mW"},"fill_factor":{"value":74.5221,"unit":"%"},"efficiency":{"value":18.1947,"unit":"%"},"r_at_voc":{"value":32.327057,"unit":""},"r_at_isc":{"value":25026.308,"unit":""},"power":{"value":0.00280201,"unit":"W"},"rshunt":{"value":"NaN","unit":"ohm"},"cell_temp_start":{"value":"NaN","unit":""},"cell_temp_end":{"value":"NaN","unit":""},"exposure":{"value":8.283,"unit":""},"time":{"value":"23:14:53","unit":""},"date":{"value":"09\/12\/2023","unit":""},"V":{"value":[1.2,1.18685,1.17375,1.1606,1.1475,1.13435,1.1212,1.1081,1.09495,1.0818,1.0687,1.05555,1.0424,1.0293,1.01615,1.00305,0.9899,0.97675,0.96365,0.9505,0.93735,0.92425,0.9111,0.898,0.88485,0.8717,0.8586,0.84545,0.8323,0.8192,0.80605,0.79295,0.7798,0.76665,0.75355,0.7404,0.72725,0.71415,0.701,0.6879,0.67475,0.6616,0.6485,0.63535,0.6222,0.6091,0.59595,0.58285,0.5697,0.55655,0.54345,0.5303,0.51715,0.50405,0.4909,0.4778,0.46465,0.4515,0.4384,0.42525,0.4121,0.399,0.38585,0.37275,0.3596,0.34645,0.33335,0.3202,0.30705,0.29395,0.2808,0.2677,0.25455,0.2414,0.2283,0.21515,0.202,0.1889,0.17575,0.16265,0.1495,0.13635,0.12325,0.1101,0.09695,0.08385,0.0707,0.0576,0.04445,0.0313,0.0182,0.00505,-0.0081,-0.0212,-0.03435,-0.04745,-0.0606,-0.07375,-0.08685,-0.1],"unit":"V"},"I":{"value":[-0.00497112,-0.00446219,-0.00394075,-0.00341131,-0.00288647,-0.00236839,-0.00185867,-0.00136712,-0.0009921,-0.0004472,-4.917e-5,0.00036472,0.00064779,0.0009649,0.00125583,0.001515,0.00173837,0.00192345,0.00208002,0.00220812,0.00231236,0.00233837,0.00246346,0.00252173,0.00257047,0.00260927,0.00264266,0.00266935,0.0026931,0.00271618,0.00273163,0.00274223,0.00275234,0.00275983,0.00277245,0.00277919,0.00278716,0.00279292,0.00279755,0.00280032,0.00280419,0.00280824,0.00281146,0.00280781,0.00281625,0.00282539,0.00282332,0.00281817,0.00282529,0.0028244,0.00282596,0.00283287,0.00283549,0.00283909,0.00283379,0.00283746,0.00284062,0.00284449,0.00284549,0.00284432,0.00284312,0.00284285,0.0028479,0.00284794,0.0028469,0.00284576,0.00284485,0.00284841,0.00284891,0.00285064,0.00285067,0.0028487,0.00284874,0.00285121,0.00284941,0.00285214,0.00285052,0.00284879,0.00285292,0.00285295,0.00285308,0.00285233,0.00285021,0.00285642,0.00285393,0.00285673,0.00285597,0.00285414,0.00285551,0.00285732,0.0028602,0.00286211,0.00286257,0.00285854,0.00286075,0.00286469,0.00286443,0.00286288,0.0028623,0.00286336],"unit":"A"},"J":{"unit":"A\/cm2","value":[-0.03976896,-0.03569752,-0.031526,-0.02729048,-0.02309176,-0.01894712,-0.01486936,-0.01093696,-0.0079368,-0.0035776,-0.00039336,0.00291776,0.00518232,0.0077192,0.01004664,0.01212,0.01390696,0.0153876,0.01664016,0.01766496,0.01849888,0.01870696,0.01970768,0.02017384,0.02056376,0.02087416,0.02114128,0.0213548,0.0215448,0.02172944,0.02185304,0.02193784,0.02201872,0.02207864,0.0221796,0.02223352,0.02229728,0.02234336,0.0223804,0.02240256,0.02243352,0.02246592,0.02249168,0.02246248,0.02253,0.02260312,0.02258656,0.02254536,0.02260232,0.0225952,0.02260768,0.02266296,0.02268392,0.02271272,0.02267032,0.02269968,0.02272496,0.02275592,0.02276392,0.02275456,0.02274496,0.0227428,0.0227832,0.02278352,0.0227752,0.02276608,0.0227588,0.02278728,0.02279128,0.02280512,0.02280536,0.0227896,0.02278992,0.02280968,0.02279528,0.02281712,0.02280416,0.02279032,0.02282336,0.0228236,0.02282464,0.02281864,0.02280168,0.02285136,0.02283144,0.02285384,0.02284776,0.02283312,0.02284408,0.02285856,0.0228816,0.02289688,0.02290056,0.02286832,0.022886,0.02291752,0.02291544,0.02290304,0.0228984,0.02290688]},"cell_dimension":{"value":0.125,"unit":"cm2"},"sweep_direction":{"unit":"","value":"Reverse"},"key":"Reverse_REV_DMSO20-1-1 2023-09-12 23-14"},{"sample_area":{"value":0.125,"unit":"cm2"},"irradiance":{"value":1,"unit":""},"pre_sweep_delay":{"value":0.5,"unit":""},"bias_direction":{"value":1,"unit":""},"max_reverse_bias":{"value":-0.1,"unit":""},"max_forward_bias":{"value":1.2,"unit":""},"num_sweep_points":{"value":100,"unit":""},"dwell_time":{"value":10,"unit":""},"current_limit":{"value":250,"unit":""},"pviv_10a_i_amp":{"value":0,"unit":""},"average":{"value":0,"unit":""},"dark_current":{"value":0,"unit":""},"rshunt_v_lo":{"value":-0.6,"unit":""},"rshunt_v_hi":{"value":-0.1,"unit":""},"voc":{"value":1.08134591,"unit":"V"},"isc":{"value":0.0028867,"unit":"A"},"jsc":{"value":23.09359888,"unit":"mA\/cm2"},"imax":{"value":0.00265709,"unit":"A"},"vmax":{"value":0.9123515,"unit":"V"},"pmax":{"value":2.42420358,"unit":"mW"},"fill_factor":{"value":77.661,"unit":"%"},"efficiency":{"value":19.3936,"unit":"%"},"r_at_voc":{"value":26.918625,"unit":""},"r_at_isc":{"value":29107.632,"unit":""},"power":{"value":0.00291343,"unit":"W"},"rshunt":{"value":"NaN","unit":"ohm"},"cell_temp_start":{"value":"NaN","unit":""},"cell_temp_end":{"value":"NaN","unit":""},"exposure":{"value":8.292,"unit":""},"time":{"value":"23:18:25","unit":""},"date":{"value":"09\/12\/2023","unit":""},"V":{"value":[-0.1,-0.08685,-0.07375,-0.0606,-0.04745,-0.03435,-0.0212,-0.0081,0.00505,0.0182,0.0313,0.04445,0.0576,0.0707,0.08385,0.09695,0.1101,0.12325,0.13635,0.1495,0.16265,0.17575,0.1889,0.202,0.21515,0.2283,0.2414,0.25455,0.2677,0.2808,0.29395,0.30705,0.3202,0.33335,0.34645,0.3596,0.37275,0.38585,0.399,0.4121,0.42525,0.4384,0.4515,0.46465,0.4778,0.4909,0.50405,0.51715,0.5303,0.54345,0.55655,0.5697,0.58285,0.59595,0.6091,0.6222,0.63535,0.6485,0.6616,0.67475,0.6879,0.701,0.71415,0.72725,0.7404,0.75355,0.76665,0.7798,0.79295,0.80605,0.8192,0.8323,0.84545,0.8586,0.8717,0.88485,0.898,0.9111,0.92425,0.93735,0.9505,0.96365,0.97675,0.9899,1.00305,1.01615,1.0293,1.0424,1.05555,1.0687,1.0818,1.09495,1.1081,1.1212,1.13435,1.14745,1.1606,1.17375,1.18685,1.2],"unit":"V"},"I":{"value":[0.00289298,0.00289023,0.00288894,0.0028891,0.00288593,0.00288567,0.00288716,0.00288693,0.00288631,0.00288588,0.00288338,0.00288455,0.00288302,0.00288708,0.00288654,0.0028846,0.00288421,0.00288356,0.00288362,0.00288185,0.00288088,0.00287774,0.00287841,0.00288081,0.00288122,0.00287822,0.00287623,0.00287505,0.00287689,0.00287958,0.00287783,0.00287451,0.00287734,0.00287788,0.00287852,0.00287826,0.00287784,0.00287643,0.00287709,0.00287973,0.00287761,0.00287564,0.00287232,0.0028739,0.0028762,0.00287062,0.00287263,0.00287166,0.00286604,0.00286561,0.00286524,0.00286417,0.0028656,0.00286309,0.00286021,0.00285893,0.00285405,0.00285641,0.00285608,0.00285407,0.00285252,0.00284654,0.00284405,0.00284362,0.0028393,0.00283579,0.00283026,0.00282093,0.00281788,0.00280989,0.00280064,0.0027891,0.00277541,0.00276206,0.0027451,0.00272306,0.00269447,0.00265773,0.00261659,0.00256558,0.0025004,0.00241151,0.00230116,0.00216424,0.00199268,0.00178331,0.00152695,0.00122233,0.00087334,0.00045938,2.73e-6,-0.00051457,-0.00108242,-0.0016819,-0.00231724,-0.00298337,-0.00367979,-0.00440205,-0.00514647,-0.00591452],"unit":"A"},"J":{"unit":"A\/cm2","value":[0.02314384,0.02312184,0.02311152,0.0231128,0.02308744,0.02308536,0.02309728,0.02309544,0.02309048,0.02308704,0.02306704,0.0230764,0.02306416,0.02309664,0.02309232,0.0230768,0.02307368,0.02306848,0.02306896,0.0230548,0.02304704,0.02302192,0.02302728,0.02304648,0.02304976,0.02302576,0.02300984,0.0230004,0.02301512,0.02303664,0.02302264,0.02299608,0.02301872,0.02302304,0.02302816,0.02302608,0.02302272,0.02301144,0.02301672,0.02303784,0.02302088,0.02300512,0.02297856,0.0229912,0.0230096,0.02296496,0.02298104,0.02297328,0.02292832,0.02292488,0.02292192,0.02291336,0.0229248,0.02290472,0.02288168,0.02287144,0.0228324,0.02285128,0.02284864,0.02283256,0.02282016,0.02277232,0.0227524,0.02274896,0.0227144,0.02268632,0.02264208,0.02256744,0.02254304,0.02247912,0.02240512,0.0223128,0.02220328,0.02209648,0.0219608,0.02178448,0.02155576,0.02126184,0.02093272,0.02052464,0.0200032,0.01929208,0.01840928,0.01731392,0.01594144,0.01426648,0.0122156,0.00977864,0.00698672,0.00367504,2.184e-5,-0.00411656,-0.00865936,-0.0134552,-0.01853792,-0.02386696,-0.02943832,-0.0352164,-0.04117176,-0.04731616]},"cell_dimension":{"value":0.125,"unit":"cm2"},"sweep_direction":{"unit":"","value":"Forward"},"key":"Forward_FWD_DMSO20-2-5 2023-09-12 23-18"},{"sample_area":{"value":0.125,"unit":"cm2"},"irradiance":{"value":1,"unit":""},"pre_sweep_delay":{"value":0.5,"unit":""},"bias_direction":{"value":1,"unit":""},"max_reverse_bias":{"value":-0.1,"unit":""},"max_forward_bias":{"value":1.2,"unit":""},"num_sweep_points":{"value":100,"unit":""},"dwell_time":{"value":10,"unit":""},"current_limit":{"value":250,"unit":""},"pviv_10a_i_amp":{"value":0,"unit":""},"average":{"value":0,"unit":""},"dark_current":{"value":0,"unit":""},"rshunt_v_lo":{"value":-0.6,"unit":""},"rshunt_v_hi":{"value":-0.1,"unit":""},"voc":{"value":1.06724894,"unit":"V"},"isc":{"value":0.00282788,"unit":"A"},"jsc":{"value":22.62302218,"unit":"mA\/cm2"},"imax":{"value":0.00255699,"unit":"A"},"vmax":{"value":0.88237641,"unit":"V"},"pmax":{"value":2.25622432,"unit":"mW"},"fill_factor":{"value":74.7577,"unit":"%"},"efficiency":{"value":18.0498,"unit":"%"},"r_at_voc":{"value":31.31817,"unit":""},"r_at_isc":{"value":33691.102,"unit":""},"power":{"value":0.00277875,"unit":"W"},"rshunt":{"value":"NaN","unit":"ohm"},"cell_temp_start":{"value":"NaN","unit":""},"cell_temp_end":{"value":"NaN","unit":""},"exposure":{"value":8.292,"unit":""},"time":{"value":"23:17:37","unit":""},"date":{"value":"09\/12\/2023","unit":""},"V":{"value":[-0.1,-0.08685,-0.07375,-0.0606,-0.04745,-0.03435,-0.0212,-0.0081,0.00505,0.0182,0.0313,0.04445,0.0576,0.0707,0.08385,0.09695,0.1101,0.12325,0.13635,0.1495,0.16265,0.17575,0.1889,0.202,0.21515,0.2283,0.2414,0.25455,0.2677,0.2808,0.29395,0.30705,0.3202,0.33335,0.34645,0.3596,0.37275,0.38585,0.399,0.4121,0.42525,0.4384,0.4515,0.46465,0.4778,0.4909,0.50405,0.51715,0.5303,0.54345,0.55655,0.5697,0.58285,0.59595,0.6091,0.6222,0.63535,0.6485,0.6616,0.67475,0.6879,0.701,0.71415,0.72725,0.7404,0.75355,0.76665,0.7798,0.79295,0.80605,0.8192,0.8323,0.84545,0.8586,0.8717,0.88485,0.898,0.9111,0.92425,0.93735,0.9505,0.96365,0.97675,0.9899,1.00305,1.01615,1.0293,1.0424,1.05555,1.0687,1.0818,1.09495,1.1081,1.1212,1.13435,1.14745,1.1606,1.17375,1.18685,1.2],"unit":"V"},"I":{"value":[0.00283222,0.00283103,0.00282861,0.00282594,0.00282458,0.00282864,0.00283112,0.0028323,0.00282994,0.00282689,0.00282826,0.00282583,0.00282722,0.00282592,0.00282432,0.00282467,0.00282331,0.00282556,0.00282497,0.00282368,0.00282118,0.00282257,0.00282372,0.00282224,0.0028197,0.00281938,0.00282009,0.00282159,0.00282333,0.00282116,0.00281643,0.00281819,0.00281752,0.00281987,0.00281871,0.00281472,0.00281537,0.00281413,0.00281493,0.00281431,0.00281227,0.00281085,0.00280898,0.00280944,0.00280666,0.00280306,0.00280427,0.0028002,0.00279747,0.00279411,0.00279507,0.00279209,0.00279087,0.0027915,0.00278638,0.00278491,0.00278021,0.00277936,0.00277702,0.00276984,0.00276929,0.00276161,0.00275703,0.00275238,0.0027451,0.00273552,0.00272794,0.00271947,0.00270854,0.00269555,0.00267565,0.0026585,0.00263926,0.00261448,0.0025872,0.00255011,0.00250482,0.00245553,0.00238481,0.00230492,0.00220805,0.00208793,0.00194361,0.001768,0.00156087,0.00132261,0.00104348,0.00072191,0.00036346,-2.739e-5,-0.00047347,-0.00093951,-0.00144127,-0.00195512,-0.00248882,-0.00300848,-0.00358301,-0.00421252,-0.00481837,-0.0054414],"unit":"A"},"J":{"unit":"A\/cm2","value":[0.02265776,0.02264824,0.02262888,0.02260752,0.02259664,0.02262912,0.02264896,0.0226584,0.02263952,0.02261512,0.02262608,0.02260664,0.02261776,0.02260736,0.02259456,0.02259736,0.02258648,0.02260448,0.02259976,0.02258944,0.02256944,0.02258056,0.02258976,0.02257792,0.0225576,0.02255504,0.02256072,0.02257272,0.02258664,0.02256928,0.02253144,0.02254552,0.02254016,0.02255896,0.02254968,0.02251776,0.02252296,0.02251304,0.02251944,0.02251448,0.02249816,0.0224868,0.02247184,0.02247552,0.02245328,0.02242448,0.02243416,0.0224016,0.02237976,0.02235288,0.02236056,0.02233672,0.02232696,0.022332,0.02229104,0.02227928,0.02224168,0.02223488,0.02221616,0.02215872,0.02215432,0.02209288,0.02205624,0.02201904,0.0219608,0.02188416,0.02182352,0.02175576,0.02166832,0.0215644,0.0214052,0.021268,0.02111408,0.02091584,0.0206976,0.02040088,0.02003856,0.01964424,0.01907848,0.01843936,0.0176644,0.01670344,0.01554888,0.014144,0.01248696,0.01058088,0.00834784,0.00577528,0.00290768,-0.00021912,-0.00378776,-0.00751608,-0.01153016,-0.01564096,-0.01991056,-0.02406784,-0.02866408,-0.03370016,-0.03854696,-0.0435312]},"cell_dimension":{"value":0.125,"unit":"cm2"},"sweep_direction":{"unit":"","value":"Forward"},"key":"Forward_FWD_DMSO20-2-2 2023-09-12 23-17"},{"sample_area":{"value":0.125,"unit":"cm2"},"irradiance":{"value":1,"unit":""},"pre_sweep_delay":{"value":0.5,"unit":""},"bias_direction":{"value":1,"unit":""},"max_reverse_bias":{"value":-0.1,"unit":""},"max_forward_bias":{"value":1.2,"unit":""},"num_sweep_points":{"value":100,"unit":""},"dwell_time":{"value":10,"unit":""},"current_limit":{"value":250,"unit":""},"pviv_10a_i_amp":{"value":0,"unit":""},"average":{"value":0,"unit":""},"dark_current":{"value":0,"unit":""},"rshunt_v_lo":{"value":-0.6,"unit":""},"rshunt_v_hi":{"value":-0.1,"unit":""},"voc":{"value":1.06982586,"unit":"V"},"isc":{"value":0.0028598,"unit":"A"},"jsc":{"value":22.87840481,"unit":"mA\/cm2"},"imax":{"value":0.00258967,"unit":"A"},"vmax":{"value":0.8754793,"unit":"V"},"pmax":{"value":2.26720342,"unit":"mW"},"fill_factor":{"value":74.104,"unit":"%"},"efficiency":{"value":18.1376,"unit":"%"},"r_at_voc":{"value":35.156503,"unit":""},"r_at_isc":{"value":59662.865,"unit":""},"power":{"value":0.002806,"unit":"W"},"rshunt":{"value":"NaN","unit":"ohm"},"cell_temp_start":{"value":"NaN","unit":""},"cell_temp_end":{"value":"NaN","unit":""},"exposure":{"value":8.288,"unit":""},"time":{"value":"23:16:57","unit":""},"date":{"value":"09\/12\/2023","unit":""},"V":{"value":[-0.1,-0.08685,-0.07375,-0.0606,-0.04745,-0.03435,-0.0212,-0.0081,0.00505,0.0182,0.0313,0.04445,0.0576,0.0707,0.08385,0.09695,0.1101,0.12325,0.13635,0.1495,0.16265,0.17575,0.1889,0.202,0.21515,0.2283,0.2414,0.25455,0.2677,0.2808,0.29395,0.30705,0.3202,0.33335,0.34645,0.3596,0.37275,0.38585,0.399,0.4121,0.42525,0.4384,0.4515,0.46465,0.4778,0.4909,0.50405,0.51715,0.5303,0.54345,0.55655,0.5697,0.58285,0.59595,0.6091,0.6222,0.63535,0.6485,0.6616,0.67475,0.6879,0.701,0.71415,0.72725,0.7404,0.75355,0.76665,0.7798,0.79295,0.80605,0.8192,0.8323,0.84545,0.8586,0.8717,0.88485,0.898,0.9111,0.92425,0.93735,0.9505,0.96365,0.97675,0.9899,1.00305,1.01615,1.0293,1.0424,1.05555,1.0687,1.0818,1.09495,1.1081,1.1212,1.13435,1.14745,1.1606,1.17375,1.18685,1.2],"unit":"V"},"I":{"value":[0.00286637,0.00286214,0.00285709,0.00285682,0.00285643,0.00285809,0.00286131,0.00285979,0.00285703,0.00285727,0.00285535,0.00285797,0.00286018,0.00286374,0.00286214,0.00286192,0.0028584,0.00286257,0.00286214,0.00285775,0.0028588,0.00285954,0.00286048,0.00285543,0.00285286,0.00285476,0.00285499,0.00285546,0.0028556,0.0028515,0.00285069,0.00285376,0.00285411,0.00285426,0.00285234,0.00285234,0.00285055,0.00284997,0.00284897,0.00284811,0.00284778,0.00284812,0.00284582,0.00284428,0.0028471,0.00284294,0.00283828,0.00283486,0.00283593,0.00283515,0.0028348,0.00282882,0.00282612,0.00282205,0.00281984,0.00281856,0.00281607,0.00281384,0.00280938,0.00280436,0.00280232,0.00279842,0.00278961,0.00278259,0.00277572,0.00277253,0.00276183,0.00274798,0.00273538,0.00271931,0.00270774,0.00268797,0.00266418,0.0026343,0.00259909,0.00255906,0.00250916,0.00245257,0.00238199,0.00229051,0.00218275,0.00205456,0.00190338,0.00172615,0.00151858,0.00128336,0.00101933,0.000728,0.00039976,4.408e-5,-0.00034634,-0.00074698,-0.00118212,-0.00162271,-0.00207998,-0.0025505,-0.00303711,-0.00353577,-0.00405455,-0.00456531],"unit":"A"},"J":{"unit":"A\/cm2","value":[0.02293096,0.02289712,0.02285672,0.02285456,0.02285144,0.02286472,0.02289048,0.02287832,0.02285624,0.02285816,0.0228428,0.02286376,0.02288144,0.02290992,0.02289712,0.02289536,0.0228672,0.02290056,0.02289712,0.022862,0.0228704,0.02287632,0.02288384,0.02284344,0.02282288,0.02283808,0.02283992,0.02284368,0.0228448,0.022812,0.02280552,0.02283008,0.02283288,0.02283408,0.02281872,0.02281872,0.0228044,0.02279976,0.02279176,0.02278488,0.02278224,0.02278496,0.02276656,0.02275424,0.0227768,0.02274352,0.02270624,0.02267888,0.02268744,0.0226812,0.0226784,0.02263056,0.02260896,0.0225764,0.02255872,0.02254848,0.02252856,0.02251072,0.02247504,0.02243488,0.02241856,0.02238736,0.02231688,0.02226072,0.02220576,0.02218024,0.02209464,0.02198384,0.02188304,0.02175448,0.02166192,0.02150376,0.02131344,0.0210744,0.02079272,0.02047248,0.02007328,0.01962056,0.01905592,0.01832408,0.017462,0.01643648,0.01522704,0.0138092,0.01214864,0.01026688,0.00815464,0.005824,0.00319808,0.00035264,-0.00277072,-0.00597584,-0.00945696,-0.01298168,-0.01663984,-0.020404,-0.02429688,-0.02828616,-0.0324364,-0.03652248]},"cell_dimension":{"value":0.125,"unit":"cm2"},"sweep_direction":{"unit":"","value":"Forward"},"key":"Forward_FWD_DMSO20-2-1 2023-09-12 23-16"},{"sample_area":{"value":0.125,"unit":"cm2"},"irradiance":{"value":1,"unit":""},"pre_sweep_delay":{"value":0.5,"unit":""},"bias_direction":{"value":1,"unit":""},"max_reverse_bias":{"value":-0.1,"unit":""},"max_forward_bias":{"value":1.2,"unit":""},"num_sweep_points":{"value":100,"unit":""},"dwell_time":{"value":10,"unit":""},"current_limit":{"value":250,"unit":""},"pviv_10a_i_amp":{"value":0,"unit":""},"average":{"value":0,"unit":""},"dark_current":{"value":0,"unit":""},"rshunt_v_lo":{"value":-0.6,"unit":""},"rshunt_v_hi":{"value":-0.1,"unit":""},"voc":{"value":1.07902611,"unit":"V"},"isc":{"value":0.00287474,"unit":"A"},"jsc":{"value":22.99791061,"unit":"mA\/cm2"},"imax":{"value":0.00263084,"unit":"A"},"vmax":{"value":0.90141662,"unit":"V"},"pmax":{"value":2.37148119,"unit":"mW"},"fill_factor":{"value":76.4521,"unit":"%"},"efficiency":{"value":18.9718,"unit":"%"},"r_at_voc":{"value":29.668746,"unit":""},"r_at_isc":{"value":31809.071,"unit":""},"power":{"value":0.00287587,"unit":"W"},"rshunt":{"value":"NaN","unit":"ohm"},"cell_temp_start":{"value":"NaN","unit":""},"cell_temp_end":{"value":"NaN","unit":""},"exposure":{"value":8.284,"unit":""},"time":{"value":"23:15:25","unit":""},"date":{"value":"09\/12\/2023","unit":""},"V":{"value":[-0.1,-0.08685,-0.07375,-0.0606,-0.04745,-0.03435,-0.0212,-0.0081,0.00505,0.0182,0.0313,0.04445,0.0576,0.0707,0.08385,0.09695,0.1101,0.12325,0.13635,0.1495,0.16265,0.17575,0.1889,0.202,0.21515,0.2283,0.2414,0.25455,0.2677,0.2808,0.29395,0.30705,0.3202,0.33335,0.34645,0.3596,0.37275,0.38585,0.399,0.4121,0.42525,0.4384,0.4515,0.46465,0.4778,0.4909,0.50405,0.51715,0.5303,0.54345,0.55655,0.5697,0.58285,0.59595,0.6091,0.6222,0.63535,0.6485,0.6616,0.67475,0.6879,0.701,0.71415,0.72725,0.7404,0.75355,0.76665,0.7798,0.79295,0.80605,0.8192,0.8323,0.84545,0.8586,0.8717,0.88485,0.898,0.9111,0.92425,0.93735,0.9505,0.96365,0.97675,0.9899,1.00305,1.01615,1.0293,1.0424,1.05555,1.0687,1.0818,1.09495,1.1081,1.1212,1.13435,1.14745,1.1606,1.17375,1.18685,1.2],"unit":"V"},"I":{"value":[0.00287898,0.00287382,0.00287317,0.00287768,0.00287856,0.00287496,0.00287614,0.00287379,0.00287356,0.00287662,0.00287248,0.00286909,0.00287065,0.00287248,0.0028737,0.00287373,0.00287508,0.00287312,0.00287232,0.0028745,0.00287089,0.00286965,0.00286989,0.00286731,0.00286935,0.00286673,0.0028655,0.00286871,0.00286786,0.00286569,0.00286292,0.00286118,0.00286205,0.00286519,0.00286572,0.00286356,0.00286128,0.00285891,0.00285826,0.00286113,0.00285833,0.00285729,0.00285671,0.00285607,0.00285759,0.00285628,0.00285349,0.00285267,0.00284975,0.0028513,0.00284893,0.00284648,0.00284461,0.00284076,0.00284261,0.00284126,0.00283497,0.00283239,0.00282924,0.00282907,0.00283014,0.00282527,0.00281987,0.00281442,0.00280982,0.00280759,0.00280299,0.00279426,0.00278676,0.00277576,0.00276856,0.00275683,0.0027417,0.00272216,0.00269626,0.00267258,0.0026414,0.00259966,0.00255032,0.00248545,0.0024094,0.00230433,0.00218414,0.00203661,0.00185716,0.00161596,0.00138124,0.00107826,0.00074502,0.00033942,-7.718e-5,-0.00054441,-0.00105748,-0.00160457,-0.00217751,-0.0027746,-0.00339616,-0.00403928,-0.00470002,-0.00538122],"unit":"A"},"J":{"unit":"A\/cm2","value":[0.02303184,0.02299056,0.02298536,0.02302144,0.02302848,0.02299968,0.02300912,0.02299032,0.02298848,0.02301296,0.02297984,0.02295272,0.0229652,0.02297984,0.0229896,0.02298984,0.02300064,0.02298496,0.02297856,0.022996,0.02296712,0.0229572,0.02295912,0.02293848,0.0229548,0.02293384,0.022924,0.02294968,0.02294288,0.02292552,0.02290336,0.02288944,0.0228964,0.02292152,0.02292576,0.02290848,0.02289024,0.02287128,0.02286608,0.02288904,0.02286664,0.02285832,0.02285368,0.02284856,0.02286072,0.02285024,0.02282792,0.02282136,0.022798,0.0228104,0.02279144,0.02277184,0.02275688,0.02272608,0.02274088,0.02273008,0.02267976,0.02265912,0.02263392,0.02263256,0.02264112,0.02260216,0.02255896,0.02251536,0.02247856,0.02246072,0.02242392,0.02235408,0.02229408,0.02220608,0.02214848,0.02205464,0.0219336,0.02177728,0.02157008,0.02138064,0.0211312,0.02079728,0.02040256,0.0198836,0.0192752,0.01843464,0.01747312,0.01629288,0.01485728,0.01292768,0.01104992,0.00862608,0.00596016,0.00271536,-0.00061744,-0.00435528,-0.00845984,-0.01283656,-0.01742008,-0.0221968,-0.02716928,-0.03231424,-0.03760016,-0.04304976]},"cell_dimension":{"value":0.125,"unit":"cm2"},"sweep_direction":{"unit":"","value":"Forward"},"key":"Forward_FWD_DMSO20-1-5 2023-09-12 23-15"},{"sample_area":{"value":0.125,"unit":"cm2"},"irradiance":{"value":1,"unit":""},"pre_sweep_delay":{"value":0.5,"unit":""},"bias_direction":{"value":1,"unit":""},"max_reverse_bias":{"value":-0.1,"unit":""},"max_forward_bias":{"value":1.2,"unit":""},"num_sweep_points":{"value":100,"unit":""},"dwell_time":{"value":10,"unit":""},"current_limit":{"value":250,"unit":""},"pviv_10a_i_amp":{"value":0,"unit":""},"average":{"value":0,"unit":""},"dark_current":{"value":0,"unit":""},"rshunt_v_lo":{"value":-0.6,"unit":""},"rshunt_v_hi":{"value":-0.1,"unit":""},"voc":{"value":1.0669933,"unit":"V"},"isc":{"value":0.00286543,"unit":"A"},"jsc":{"value":22.92343806,"unit":"mA\/cm2"},"imax":{"value":0.0025943,"unit":"A"},"vmax":{"value":0.87736854,"unit":"V"},"pmax":{"value":2.27615846,"unit":"mW"},"fill_factor":{"value":74.4477,"unit":"%"},"efficiency":{"value":18.2093,"unit":"%"},"r_at_voc":{"value":34.317282,"unit":""},"r_at_isc":{"value":19891.544,"unit":""},"power":{"value":0.00280211,"unit":"W"},"rshunt":{"value":"NaN","unit":"ohm"},"cell_temp_start":{"value":"NaN","unit":""},"cell_temp_end":{"value":"NaN","unit":""},"exposure":{"value":8.283,"unit":""},"time":{"value":"23:14:38","unit":""},"date":{"value":"09\/12\/2023","unit":""},"V":{"value":[-0.1,-0.08685,-0.07375,-0.0606,-0.04745,-0.03435,-0.0212,-0.0081,0.00505,0.0182,0.0313,0.04445,0.0576,0.0707,0.08385,0.09695,0.1101,0.12325,0.13635,0.1495,0.16265,0.17575,0.1889,0.202,0.21515,0.2283,0.2414,0.25455,0.2677,0.2808,0.29395,0.30705,0.3202,0.33335,0.34645,0.3596,0.37275,0.38585,0.399,0.4121,0.42525,0.4384,0.4515,0.46465,0.4778,0.4909,0.50405,0.51715,0.5303,0.54345,0.55655,0.5697,0.58285,0.59595,0.6091,0.6222,0.63535,0.6485,0.6616,0.67475,0.6879,0.701,0.71415,0.72725,0.7404,0.75355,0.76665,0.7798,0.79295,0.80605,0.8192,0.8323,0.84545,0.8586,0.8717,0.88485,0.898,0.9111,0.92425,0.93735,0.9505,0.96365,0.97675,0.9899,1.00305,1.01615,1.0293,1.0424,1.05555,1.0687,1.0818,1.09495,1.1081,1.1212,1.13435,1.14745,1.1606,1.17375,1.18685,1.2],"unit":"V"},"I":{"value":[0.00287296,0.00287142,0.00286908,0.0028672,0.0028673,0.00286804,0.00286343,0.00286407,0.00286303,0.00286336,0.00286278,0.00286445,0.00286265,0.00286405,0.00286306,0.00286257,0.00286183,0.00285912,0.00285731,0.00285803,0.00285716,0.00285755,0.00285473,0.00285445,0.00285067,0.00285236,0.00285629,0.00285454,0.00285295,0.0028499,0.00284993,0.00285092,0.00285038,0.00284946,0.00284604,0.00284403,0.00284454,0.00284355,0.00284167,0.00284152,0.00284113,0.00284018,0.00283825,0.00283738,0.00283117,0.00283424,0.00283418,0.00283224,0.00282982,0.00282928,0.00282724,0.00282322,0.00282037,0.00281789,0.00281645,0.00281749,0.00281235,0.00280843,0.00280684,0.00280158,0.00280245,0.00279754,0.00278848,0.00277956,0.0027738,0.00276928,0.00276291,0.00275216,0.00273981,0.0027255,0.00271002,0.00269196,0.0026723,0.00264032,0.00260937,0.00257353,0.00252018,0.00246764,0.00239089,0.00230147,0.00219385,0.00206213,0.00190634,0.00171868,0.00150064,0.00125509,0.0009892,0.00067208,0.00032844,-4.005e-5,-0.00043613,-0.0008651,-0.00131624,-0.00178622,-0.00227546,-0.00277882,-0.00329816,-0.00383164,-0.00437496,-0.0049337],"unit":"A"},"J":{"unit":"A\/cm2","value":[0.02298368,0.02297136,0.02295264,0.0229376,0.0229384,0.02294432,0.02290744,0.02291256,0.02290424,0.02290688,0.02290224,0.0229156,0.0229012,0.0229124,0.02290448,0.02290056,0.02289464,0.02287296,0.02285848,0.02286424,0.02285728,0.0228604,0.02283784,0.0228356,0.02280536,0.02281888,0.02285032,0.02283632,0.0228236,0.0227992,0.02279944,0.02280736,0.02280304,0.02279568,0.02276832,0.02275224,0.02275632,0.0227484,0.02273336,0.02273216,0.02272904,0.02272144,0.022706,0.02269904,0.02264936,0.02267392,0.02267344,0.02265792,0.02263856,0.02263424,0.02261792,0.02258576,0.02256296,0.02254312,0.0225316,0.02253992,0.0224988,0.02246744,0.02245472,0.02241264,0.0224196,0.02238032,0.02230784,0.02223648,0.0221904,0.02215424,0.02210328,0.02201728,0.02191848,0.021804,0.02168016,0.02153568,0.0213784,0.02112256,0.02087496,0.02058824,0.02016144,0.01974112,0.01912712,0.01841176,0.0175508,0.01649704,0.01525072,0.01374944,0.01200512,0.01004072,0.0079136,0.00537664,0.00262752,-0.0003204,-0.00348904,-0.0069208,-0.01052992,-0.01428976,-0.01820368,-0.02223056,-0.02638528,-0.03065312,-0.03499968,-0.0394696]},"cell_dimension":{"value":0.125,"unit":"cm2"},"sweep_direction":{"unit":"","value":"Forward"},"key":"Forward_FWD_DMSO20-1-1 2023-09-12 23-14"}]}}