{"_id":"652952d015804d488a7f1aad","id":"SKKU-SC-00060","author":96,"group":11,"input":[{"tco":{"unit":"","value":"FTO_Asahi"}},{"surface_treatment":{"unit":"","value":"UVO"}},{"etl":[{"material":{"unit":"","value":"SnO2"},"concentration":{"unit":"","value":"0.049"},"conc_unit":{"unit":"","value":"mg\/ml"},"quantity":{"unit":"ml","value":"1"}}],"annealing":[{"temperature":{"unit":"oC","value":"150"},"time":{"unit":"m","value":"30"}}],"spin_coating":[{"type":{"unit":"","value":"Static (loading)"},"rpm":{"unit":"","value":"3000"},"time":{"unit":"s","value":"20"}}]},{"etl_treatment":[{"material":{"unit":"","value":"KCl"},"concentration":{"unit":"","value":"8"},"conc_unit":{"unit":"","value":"mg\/ml"},"quantity":{"unit":"ml","value":"1"}}]},{"surface_treatment":{"unit":"","value":"UVO"}},{"perovskite":{"method":{"unit":"","value":"1step"},"molarity":{"unit":"M","value":"1.82M"},"a_site":[{"material":{"unit":"","value":"FA"},"ratio":{"unit":"","value":"41"}},{"material":{"unit":"","value":"MA"},"ratio":{"unit":"","value":"56"}},{"material":{"unit":"","value":"Cs"},"ratio":{"unit":"","value":"3"}}],"b_site":[{"material":{"unit":"","value":"Pb"},"ratio":{"unit":"","value":"100"}}],"x_site":[{"material":{"unit":"","value":"I"},"ratio":{"unit":"","value":"100"}}],"solvent":[{"material":{"unit":"","value":"DMF"},"volume":{"unit":"ml","value":"1.1"}},{"material":{"unit":"","value":"NMP"},"volume":{"unit":"ml","value":"0.1929"}}],"antisolvent":[{"material":{"unit":"","value":"DEE"},"quantity":{"unit":"ul","value":"800"},"dripping_time":{"unit":"s","value":"13"}}],"annealing":[{"temperature":{"unit":"oC","value":"100"},"time":{"unit":"m","value":"5"}},{"temperature":{"unit":"oC","value":"150"},"time":{"unit":"m","value":"10"}}],"spin_coating":[{"type":{"unit":"","value":"Static (only spreading)"},"rpm":{"unit":"","value":"4000"},"time":{"unit":"s","value":"20"}}],"atmosphere":[{"type":{"unit":"","value":"glove-box(N2)"},"temperature":{"unit":"oC","value":"20.9"},"humidity":{"unit":"RH%","value":"0"}}]}},{"perovskite_treatment":[{"material":{"unit":"","value":"PEAI"},"concentration":{"unit":"","value":"4"},"conc_unit":{"unit":"","value":"mg\/ml"},"quantity":{"unit":"ml","value":"0.03"}}],"spin_coating":[{"type":{"unit":"","value":"Dynamic"},"rpm":{"unit":"","value":"5000"},"time":{"unit":"s","value":"30"}}],"condition":{"unit":"","value":"glove-box(N2)"},"solvent":[{"material":{"unit":"","value":"IPA"},"volume":{"unit":"ml","value":"1"}}]},{"htl":[{"material":{"unit":"","value":"Spiro-OMeTAD"},"concentration":{"unit":"","value":"86.8"},"conc_unit":{"unit":"","value":"mg\/ml"},"quantity":{"unit":"ml","value":"0.03"}}],"htl_doping":[{"material":{"unit":"","value":"Li-TFSI"},"volume":{"unit":"ul","value":"20"}},{"material":{"unit":"","value":"tBP"},"volume":{"unit":"ul","value":"34"}}],"spin_coating":[{"type":{"unit":"","value":"Dynamic"},"rpm":{"unit":"","value":"3000"},"time":{"unit":"s","value":"25"}}],"condition":{"unit":"","value":"glove-box(N2)"},"solvent":[{"material":{"unit":"","value":"CB"},"volume":{"unit":"ml","value":"1"}}]},{"anode_metal":{"unit":"","value":"Ag"}},{"note":{"unit":"","value":"A cation investigation"},"ar":{"unit":"","value":"AR film"},"type":{"unit":"","value":"unit_cell"},"device_type":{"unit":"","value":"n-i-p"},"temperature":{"unit":"\u2103","value":"21.6"},"humidity":{"unit":"%","value":"32.8"},"cell_dimension":{"unit":"cm2","value":"0.125"}}],"fileinfo":[{"key":"Reverse_IV PEAI4-1-3","uploadType":"JV","original_name":"IV PEAI4-1-3-R.txt","save_name":"SKKU-SC-00060\/Reverse_IV PEAI4-1-3","uploader":96,"fileType":""},{"key":"Forward_IV PEAI4-1-4","uploadType":"JV","original_name":"IV PEAI4-1-4-F.txt","save_name":"SKKU-SC-00060\/Forward_IV PEAI4-1-4","uploader":96,"fileType":""},{"key":"Reverse_IV PEAI4-1-4","uploadType":"JV","original_name":"IV PEAI4-1-4-R.txt","save_name":"SKKU-SC-00060\/Reverse_IV PEAI4-1-4","uploader":96,"fileType":""},{"key":"Reverse_IV PEAI4-1-5","uploadType":"JV","original_name":"IV PEAI4-1-5-R.txt","save_name":"SKKU-SC-00060\/Reverse_IV PEAI4-1-5","uploader":96,"fileType":""},{"key":"Forward_IV PEAI4-2-5","uploadType":"JV","original_name":"IV PEAI4-2-5-F.txt","save_name":"SKKU-SC-00060\/Forward_IV PEAI4-2-5","uploader":96,"fileType":""},{"key":"Reverse_IV PEAI4-2-5","uploadType":"JV","original_name":"IV PEAI4-2-5-R.txt","save_name":"SKKU-SC-00060\/Reverse_IV PEAI4-2-5","uploader":96,"fileType":""},{"key":"Reverse_IV PEAI4-1-1","uploadType":"JV","original_name":"IV PEAI4-1-1-R.txt","save_name":"SKKU-SC-00060\/Reverse_IV PEAI4-1-1","uploader":96,"fileType":""},{"key":"Forward_IV PEAI4-1-2","uploadType":"JV","original_name":"IV PEAI4-1-2-F.txt","save_name":"SKKU-SC-00060\/Forward_IV PEAI4-1-2","uploader":96,"fileType":""},{"key":"Reverse_IV PEAI4-1-2","uploadType":"JV","original_name":"IV PEAI4-1-2-R.txt","save_name":"SKKU-SC-00060\/Reverse_IV PEAI4-1-2","uploader":96,"fileType":""},{"key":"Forward_IV PEAI4-1-3","uploadType":"JV","original_name":"IV PEAI4-1-3-F.txt","save_name":"SKKU-SC-00060\/Forward_IV PEAI4-1-3","uploader":96,"fileType":""}],"updated_at":"2024-06-03 08:38:34","created_at":"2023-10-13 14:23:12","jvcnt":10,"analysisInfo":{"JV":[{"efficiency":22.69,"fill_factor":76.27,"jsc":25.631,"voc":1.1604,"key":"Reverse_IV PEAI4-2-5","cell_dimension":0.125},{"efficiency":22.51,"fill_factor":78.85,"jsc":24.509,"voc":1.1649,"key":"Reverse_IV PEAI4-1-5","cell_dimension":0.125},{"efficiency":23.11,"fill_factor":78.62,"jsc":25.199,"voc":1.1664,"key":"Reverse_IV PEAI4-1-4","cell_dimension":0.125},{"efficiency":22.81,"fill_factor":78.69,"jsc":25.152,"voc":1.1525,"key":"Reverse_IV PEAI4-1-3","cell_dimension":0.125},{"efficiency":22.88,"fill_factor":77.87,"jsc":25.352,"voc":1.1592,"key":"Reverse_IV PEAI4-1-2","cell_dimension":0.125},{"efficiency":22.6,"fill_factor":77.55,"jsc":25.264,"voc":1.1536,"key":"Reverse_IV PEAI4-1-1","cell_dimension":0.125},{"efficiency":22.26,"fill_factor":75.58,"jsc":25.607,"voc":1.1503,"key":"Forward_IV PEAI4-2-5","cell_dimension":0.125},{"efficiency":22.56,"fill_factor":77.81,"jsc":25.109,"voc":1.1547,"key":"Forward_IV PEAI4-1-4","cell_dimension":0.125},{"efficiency":22.54,"fill_factor":78.19,"jsc":25.132,"voc":1.147,"key":"Forward_IV PEAI4-1-3","cell_dimension":0.125},{"efficiency":22.59,"fill_factor":77.05,"jsc":25.394,"voc":1.1544,"key":"Forward_IV PEAI4-1-2","cell_dimension":0.125}]},"public":2,"analysis":{"JV":[{"V":{"value":[1.2,1.187,1.174,1.161,1.147,1.134,1.121,1.108,1.095,1.082,1.069,1.056,1.042,1.029,1.016,1.003,0.99,0.977,0.964,0.951,0.937,0.924,0.911,0.898,0.885,0.872,0.859,0.845,0.832,0.819,0.806,0.793,0.78,0.767,0.754,0.74,0.727,0.714,0.701,0.688,0.675,0.662,0.648,0.635,0.622,0.609,0.596,0.583,0.57,0.557,0.543,0.53,0.517,0.504,0.491,0.478,0.465,0.452,0.438,0.425,0.412,0.399,0.386,0.373,0.36,0.346,0.333,0.32,0.307,0.294,0.281,0.268,0.255,0.241,0.228,0.215,0.202,0.189,0.176,0.163,0.149,0.136,0.123,0.11,0.097,0.084,0.071,0.058,0.044,0.031,0.018,0.005,-0.008,-0.021,-0.034,-0.047,-0.061,-0.074,-0.087,-0.1],"unit":"V"},"I":{"value":[-0.0013945,-0.00090005,-0.000446,-1.8986e-5,0.00041099,0.00077728,0.0011036,0.0014051,0.0016755,0.001912,0.0021182,0.0022942,0.0024592,0.0025843,0.0026864,0.0027702,0.0028418,0.0028895,0.0029415,0.0029761,0.0030117,0.0030314,0.0030452,0.0030597,0.0030732,0.0030829,0.0030857,0.0031002,0.0031031,0.0031079,0.0031077,0.0031162,0.0031191,0.0031199,0.0031208,0.0031243,0.0031317,0.0031311,0.003131,0.0031387,0.0031379,0.0031388,0.0031398,0.003145,0.0031495,0.0031444,0.0031448,0.003155,0.0031544,0.003156,0.0031552,0.0031573,0.0031595,0.0031604,0.0031578,0.0031601,0.003167,0.0031634,0.0031645,0.0031648,0.0031673,0.0031698,0.0031731,0.0031759,0.0031759,0.0031753,0.0031758,0.0031786,0.0031834,0.0031875,0.0031866,0.0031882,0.003188,0.0031913,0.003194,0.0031921,0.0031908,0.0031921,0.0031954,0.0031937,0.0031979,0.0031983,0.0031976,0.0031951,0.0031941,0.0031959,0.0032026,0.0032024,0.0032001,0.0032013,0.0032049,0.0032056,0.0032011,0.0032015,0.0032037,0.0032031,0.0031996,0.0032009,0.0032047,0.0032037],"unit":"A"},"J":{"value":[-0.0001743125,-0.00011250625,-5.575e-5,-2.37325e-6,5.137375e-5,9.716e-5,0.00013795,0.0001756375,0.0002094375,0.000239,0.000264775,0.000286775,0.0003074,0.0003230375,0.0003358,0.000346275,0.000355225,0.0003611875,0.0003676875,0.0003720125,0.0003764625,0.000378925,0.00038065,0.0003824625,0.00038415,0.0003853625,0.0003857125,0.000387525,0.0003878875,0.0003884875,0.0003884625,0.000389525,0.0003898875,0.0003899875,0.0003901,0.0003905375,0.0003914625,0.0003913875,0.000391375,0.0003923375,0.0003922375,0.00039235,0.000392475,0.000393125,0.0003936875,0.00039305,0.0003931,0.000394375,0.0003943,0.0003945,0.0003944,0.0003946625,0.0003949375,0.00039505,0.000394725,0.0003950125,0.000395875,0.000395425,0.0003955625,0.0003956,0.0003959125,0.000396225,0.0003966375,0.0003969875,0.0003969875,0.0003969125,0.000396975,0.000397325,0.000397925,0.0003984375,0.000398325,0.000398525,0.0003985,0.0003989125,0.00039925,0.0003990125,0.00039885,0.0003990125,0.000399425,0.0003992125,0.0003997375,0.0003997875,0.0003997,0.0003993875,0.0003992625,0.0003994875,0.000400325,0.0004003,0.0004000125,0.0004001625,0.0004006125,0.0004007,0.0004001375,0.0004001875,0.0004004625,0.0004003875,0.00039995,0.0004001125,0.0004005875,0.0004004625],"unit":"A\/cm2"},"voc":{"unit":"V","value":1.1604},"isc":{"unit":"A","value":0.0032039},"jsc":{"unit":"mA\/cm2","value":25.631},"fill_factor":{"unit":"%","value":76.27},"pmax":{"unit":"mW","value":2.836},"vmax":{"unit":"V","value":0.964},"imax":{"unit":"mA","value":2.942},"rshunt":{"unit":"ohms","value":-1530},"voc_slope":{"unit":"ohms","value":32.8},"efficiency":{"unit":"%","value":22.69},"monitor_cell_reading":{"unit":"mV","value":0},"monitor_cell_calibration_value":{"unit":"mV","value":0},"test_device_area":{"unit":"cm2","value":0.125},"num_of_series_connected_stacks":{"unit":"","value":1},"meter_integration":{"unit":"NPLC","value":0.1},"source_irradiance":{"unit":"mW\/cm2","value":100},"voltage_settling_time":{"unit":"ms","value":10},"sweep_direction":{"unit":"","value":"Reverse"},"irradiance_variation_correction":{"unit":"","value":"None"},"device_id":{"unit":"","value":"PEAI4-2-5-R"},"cell_dimension":{"unit":"cm2","value":0.125},"key":"Reverse_IV PEAI4-2-5"},{"V":{"value":[1.2,1.187,1.174,1.161,1.147,1.134,1.121,1.108,1.095,1.082,1.069,1.056,1.042,1.029,1.016,1.003,0.99,0.977,0.964,0.951,0.937,0.924,0.911,0.898,0.885,0.872,0.859,0.845,0.832,0.819,0.806,0.793,0.78,0.767,0.754,0.74,0.727,0.714,0.701,0.688,0.675,0.662,0.648,0.635,0.622,0.609,0.596,0.583,0.57,0.557,0.543,0.53,0.517,0.504,0.491,0.478,0.465,0.452,0.438,0.425,0.412,0.399,0.386,0.373,0.36,0.346,0.333,0.32,0.307,0.294,0.281,0.268,0.255,0.241,0.228,0.215,0.202,0.189,0.176,0.163,0.149,0.136,0.123,0.11,0.097,0.084,0.071,0.058,0.044,0.031,0.018,0.005,-0.008,-0.021,-0.034,-0.047,-0.061,-0.074,-0.087,-0.1],"unit":"V"},"I":{"value":[-0.0015634,-0.00092746,-0.00036669,0.00015842,0.00066235,0.0010497,0.0014308,0.0017062,0.0020001,0.0022073,0.0023662,0.0025084,0.0026206,0.0026983,0.0027581,0.0028058,0.0028385,0.0028616,0.0028846,0.0029038,0.0029186,0.0029286,0.0029337,0.0029432,0.0029515,0.0029534,0.0029583,0.0029648,0.0029721,0.0029728,0.0019383,0.0029509,0.0029821,0.0029837,0.0029838,0.0029895,0.0029912,0.0029983,0.0029958,0.0029963,0.0029988,0.0028997,0.0030038,0.0030018,0.0029915,0.0030045,0.0030105,0.0030129,0.0030142,0.0030149,0.0025525,0.0030218,0.0030208,0.003021,0.00302,0.0021604,0.0030269,0.0030282,0.0030289,0.003035,0.0030374,0.003037,0.0030351,0.001924,0.0030428,0.0030395,0.0030385,0.0030415,0.0030432,0.0030467,0.0030503,0.0030477,0.003052,0.0030499,0.0030538,0.0030527,0.0030522,0.0030556,0.0030572,0.0030571,0.0030567,0.003055,0.0030611,0.0030605,0.003063,0.0030619,0.0030634,0.0030652,0.0030673,0.0030652,0.0030629,0.0030612,0.0030675,0.0030676,0.0030639,0.0030636,0.0030627,0.0030632,0.0032904,0.0033477],"unit":"A"},"J":{"value":[-0.000195425,-0.0001159325,-4.583625e-5,1.98025e-5,8.279375e-5,0.0001312125,0.00017885,0.000213275,0.0002500125,0.0002759125,0.000295775,0.00031355,0.000327575,0.0003372875,0.0003447625,0.000350725,0.0003548125,0.0003577,0.000360575,0.000362975,0.000364825,0.000366075,0.0003667125,0.0003679,0.0003689375,0.000369175,0.0003697875,0.0003706,0.0003715125,0.0003716,0.0002422875,0.0003688625,0.0003727625,0.0003729625,0.000372975,0.0003736875,0.0003739,0.0003747875,0.000374475,0.0003745375,0.00037485,0.0003624625,0.000375475,0.000375225,0.0003739375,0.0003755625,0.0003763125,0.0003766125,0.000376775,0.0003768625,0.0003190625,0.000377725,0.0003776,0.000377625,0.0003775,0.00027005,0.0003783625,0.000378525,0.0003786125,0.000379375,0.000379675,0.000379625,0.0003793875,0.0002405,0.00038035,0.0003799375,0.0003798125,0.0003801875,0.0003804,0.0003808375,0.0003812875,0.0003809625,0.0003815,0.0003812375,0.000381725,0.0003815875,0.000381525,0.00038195,0.00038215,0.0003821375,0.0003820875,0.000381875,0.0003826375,0.0003825625,0.000382875,0.0003827375,0.000382925,0.00038315,0.0003834125,0.00038315,0.0003828625,0.00038265,0.0003834375,0.00038345,0.0003829875,0.00038295,0.0003828375,0.0003829,0.0004113,0.0004184625],"unit":"A\/cm2"},"voc":{"unit":"V","value":1.1649},"isc":{"unit":"A","value":0.0030636},"jsc":{"unit":"mA\/cm2","value":24.509},"fill_factor":{"unit":"%","value":78.85},"pmax":{"unit":"mW","value":2.814},"vmax":{"unit":"V","value":1.003},"imax":{"unit":"mA","value":2.806},"rshunt":{"unit":"ohms","value":-5000},"voc_slope":{"unit":"ohms","value":27.9},"efficiency":{"unit":"%","value":22.51},"monitor_cell_reading":{"unit":"mV","value":0},"monitor_cell_calibration_value":{"unit":"mV","value":0},"test_device_area":{"unit":"cm2","value":0.125},"num_of_series_connected_stacks":{"unit":"","value":1},"meter_integration":{"unit":"NPLC","value":0.1},"source_irradiance":{"unit":"mW\/cm2","value":100},"voltage_settling_time":{"unit":"ms","value":10},"sweep_direction":{"unit":"","value":"Reverse"},"irradiance_variation_correction":{"unit":"","value":"None"},"device_id":{"unit":"","value":"PEAI4-1-5-R"},"cell_dimension":{"unit":"cm2","value":0.125},"key":"Reverse_IV PEAI4-1-5"},{"V":{"value":[1.2,1.187,1.174,1.161,1.147,1.134,1.121,1.108,1.095,1.082,1.069,1.056,1.042,1.029,1.016,1.003,0.99,0.977,0.964,0.951,0.937,0.924,0.911,0.898,0.885,0.872,0.859,0.845,0.832,0.819,0.806,0.793,0.78,0.767,0.754,0.74,0.727,0.714,0.701,0.688,0.675,0.662,0.648,0.635,0.622,0.609,0.596,0.583,0.57,0.557,0.543,0.53,0.517,0.504,0.491,0.478,0.465,0.452,0.438,0.425,0.412,0.399,0.386,0.373,0.36,0.346,0.333,0.32,0.307,0.294,0.281,0.268,0.255,0.241,0.228,0.215,0.202,0.189,0.176,0.163,0.149,0.136,0.123,0.11,0.097,0.084,0.071,0.058,0.044,0.031,0.018,0.005,-0.008,-0.021,-0.034,-0.047,-0.061,-0.074,-0.087,-0.1],"unit":"V"},"I":{"value":[-0.0014092,-0.00083949,-0.00029482,0.00021239,0.00069727,0.0010967,0.0014414,0.0017514,0.0020133,0.0022296,0.002409,0.0025506,0.0026692,0.0027562,0.0028284,0.0028763,0.0029176,0.0029495,0.0029714,0.0029933,0.0030068,0.0030122,0.003023,0.0030343,0.0030428,0.0030512,0.0030546,0.0030523,0.0030624,0.0030642,0.0030676,0.0030732,0.003072,0.003072,0.0030761,0.0030809,0.0030791,0.0030826,0.0030816,0.0030871,0.0030919,0.0030849,0.0030867,0.0030959,0.0030977,0.0031017,0.0030996,0.003099,0.0031018,0.0031029,0.003107,0.0031068,0.0031052,0.0031078,0.0031066,0.0031099,0.0031109,0.0031125,0.003118,0.003119,0.0031194,0.0031198,0.0031229,0.0031274,0.0031289,0.0031276,0.0031294,0.0031319,0.0031321,0.0031288,0.003127,0.0031305,0.0031378,0.0031338,0.0031302,0.0031337,0.0031365,0.0031401,0.0031357,0.003137,0.0031407,0.0031416,0.0031379,0.0031408,0.0031434,0.0031475,0.003144,0.0031485,0.0031499,0.0031484,0.0031485,0.0031483,0.0031523,0.0031523,0.0031501,0.0031497,0.0031533,0.0031454,0.0031498,0.0031476],"unit":"A"},"J":{"value":[-0.00017615,-0.00010493625,-3.68525e-5,2.654875e-5,8.715875e-5,0.0001370875,0.000180175,0.000218925,0.0002516625,0.0002787,0.000301125,0.000318825,0.00033365,0.000344525,0.00035355,0.0003595375,0.0003647,0.0003686875,0.000371425,0.0003741625,0.00037585,0.000376525,0.000377875,0.0003792875,0.00038035,0.0003814,0.000381825,0.0003815375,0.0003828,0.000383025,0.00038345,0.00038415,0.000384,0.000384,0.0003845125,0.0003851125,0.0003848875,0.000385325,0.0003852,0.0003858875,0.0003864875,0.0003856125,0.0003858375,0.0003869875,0.0003872125,0.0003877125,0.00038745,0.000387375,0.000387725,0.0003878625,0.000388375,0.00038835,0.00038815,0.000388475,0.000388325,0.0003887375,0.0003888625,0.0003890625,0.00038975,0.000389875,0.000389925,0.000389975,0.0003903625,0.000390925,0.0003911125,0.00039095,0.000391175,0.0003914875,0.0003915125,0.0003911,0.000390875,0.0003913125,0.000392225,0.000391725,0.000391275,0.0003917125,0.0003920625,0.0003925125,0.0003919625,0.000392125,0.0003925875,0.0003927,0.0003922375,0.0003926,0.000392925,0.0003934375,0.000393,0.0003935625,0.0003937375,0.00039355,0.0003935625,0.0003935375,0.0003940375,0.0003940375,0.0003937625,0.0003937125,0.0003941625,0.000393175,0.000393725,0.00039345],"unit":"A\/cm2"},"voc":{"unit":"V","value":1.1664},"isc":{"unit":"A","value":0.0031498},"jsc":{"unit":"mA\/cm2","value":25.199},"fill_factor":{"unit":"%","value":78.62},"pmax":{"unit":"mW","value":2.888},"vmax":{"unit":"V","value":0.99},"imax":{"unit":"mA","value":2.918},"rshunt":{"unit":"ohms","value":13700},"voc_slope":{"unit":"ohms","value":28.7},"efficiency":{"unit":"%","value":23.11},"monitor_cell_reading":{"unit":"mV","value":0},"monitor_cell_calibration_value":{"unit":"mV","value":0},"test_device_area":{"unit":"cm2","value":0.125},"num_of_series_connected_stacks":{"unit":"","value":1},"meter_integration":{"unit":"NPLC","value":0.1},"source_irradiance":{"unit":"mW\/cm2","value":100},"voltage_settling_time":{"unit":"ms","value":10},"sweep_direction":{"unit":"","value":"Reverse"},"irradiance_variation_correction":{"unit":"","value":"None"},"device_id":{"unit":"","value":"PEAI4-1-4-R"},"cell_dimension":{"unit":"cm2","value":0.125},"key":"Reverse_IV PEAI4-1-4"},{"V":{"value":[1.2,1.187,1.174,1.161,1.147,1.134,1.121,1.108,1.095,1.082,1.069,1.056,1.042,1.029,1.016,1.003,0.99,0.977,0.964,0.951,0.937,0.924,0.911,0.898,0.885,0.872,0.859,0.845,0.832,0.819,0.806,0.793,0.78,0.767,0.754,0.74,0.727,0.714,0.701,0.688,0.675,0.662,0.648,0.635,0.622,0.609,0.596,0.583,0.57,0.557,0.543,0.53,0.517,0.504,0.491,0.478,0.465,0.452,0.438,0.425,0.412,0.399,0.386,0.373,0.36,0.346,0.333,0.32,0.307,0.294,0.281,0.268,0.255,0.241,0.228,0.215,0.202,0.189,0.176,0.163,0.149,0.136,0.123,0.11,0.097,0.084,0.071,0.058,0.044,0.031,0.018,0.005,-0.008,-0.021,-0.034,-0.047,-0.061,-0.074,-0.087,-0.1],"unit":"V"},"I":{"value":[-0.0021521,-0.0015922,-0.00095488,-0.00038482,0.00024995,0.00071279,0.0011092,0.0014707,0.0017412,0.0020012,0.0022463,0.0024142,0.002565,0.0026704,0.0027547,0.0028178,0.0028732,0.0029182,0.0029509,0.0029702,0.0029905,0.0030078,0.0030219,0.0030315,0.0030447,0.0030452,0.0030556,0.0030612,0.0030674,0.003072,0.0030731,0.0030752,0.0030796,0.0030828,0.0030811,0.003083,0.003081,0.0030891,0.0030943,0.0030907,0.0030933,0.0030924,0.0031018,0.0030981,0.0030984,0.0031022,0.003106,0.0031066,0.003108,0.0031073,0.0031112,0.0031168,0.0031149,0.0031131,0.0031134,0.0031184,0.0031184,0.0031171,0.0031188,0.0031202,0.0031212,0.0031269,0.0031274,0.0031253,0.0031247,0.0031225,0.003125,0.0031279,0.0031304,0.0031258,0.0031236,0.0031283,0.0031304,0.0031316,0.0031292,0.0031327,0.0031328,0.0031334,0.003136,0.0031393,0.0031412,0.0031349,0.0031358,0.0031396,0.0031439,0.0031399,0.0031393,0.0031359,0.0031378,0.0031442,0.003142,0.003144,0.0031439,0.0031439,0.0031425,0.0031376,0.0031441,0.0031435,0.0031458,0.0031357],"unit":"A"},"J":{"value":[-0.0002690125,-0.000199025,-0.00011936,-4.81025e-5,3.124375e-5,8.909875e-5,0.00013865,0.0001838375,0.00021765,0.00025015,0.0002807875,0.000301775,0.000320625,0.0003338,0.0003443375,0.000352225,0.00035915,0.000364775,0.0003688625,0.000371275,0.0003738125,0.000375975,0.0003777375,0.0003789375,0.0003805875,0.00038065,0.00038195,0.00038265,0.000383425,0.000384,0.0003841375,0.0003844,0.00038495,0.00038535,0.0003851375,0.000385375,0.000385125,0.0003861375,0.0003867875,0.0003863375,0.0003866625,0.00038655,0.000387725,0.0003872625,0.0003873,0.000387775,0.00038825,0.000388325,0.0003885,0.0003884125,0.0003889,0.0003896,0.0003893625,0.0003891375,0.000389175,0.0003898,0.0003898,0.0003896375,0.00038985,0.000390025,0.00039015,0.0003908625,0.000390925,0.0003906625,0.0003905875,0.0003903125,0.000390625,0.0003909875,0.0003913,0.000390725,0.00039045,0.0003910375,0.0003913,0.00039145,0.00039115,0.0003915875,0.0003916,0.000391675,0.000392,0.0003924125,0.00039265,0.0003918625,0.000391975,0.00039245,0.0003929875,0.0003924875,0.0003924125,0.0003919875,0.000392225,0.000393025,0.00039275,0.000393,0.0003929875,0.0003929875,0.0003928125,0.0003922,0.0003930125,0.0003929375,0.000393225,0.0003919625],"unit":"A\/cm2"},"voc":{"unit":"V","value":1.1525},"isc":{"unit":"A","value":0.003144},"jsc":{"unit":"mA\/cm2","value":25.152},"fill_factor":{"unit":"%","value":78.69},"pmax":{"unit":"mW","value":2.851},"vmax":{"unit":"V","value":0.977},"imax":{"unit":"mA","value":2.918},"rshunt":{"unit":"ohms","value":4970},"voc_slope":{"unit":"ohms","value":26.8},"efficiency":{"unit":"%","value":22.81},"monitor_cell_reading":{"unit":"mV","value":0},"monitor_cell_calibration_value":{"unit":"mV","value":0},"test_device_area":{"unit":"cm2","value":0.125},"num_of_series_connected_stacks":{"unit":"","value":1},"meter_integration":{"unit":"NPLC","value":0.1},"source_irradiance":{"unit":"mW\/cm2","value":100},"voltage_settling_time":{"unit":"ms","value":10},"sweep_direction":{"unit":"","value":"Reverse"},"irradiance_variation_correction":{"unit":"","value":"None"},"device_id":{"unit":"","value":"PEAI4-1-3-R"},"cell_dimension":{"unit":"cm2","value":0.125},"key":"Reverse_IV PEAI4-1-3"},{"V":{"value":[1.2,1.187,1.174,1.161,1.147,1.134,1.121,1.108,1.095,1.082,1.069,1.056,1.042,1.029,1.016,1.003,0.99,0.977,0.964,0.951,0.937,0.924,0.911,0.898,0.885,0.872,0.859,0.845,0.832,0.819,0.806,0.793,0.78,0.767,0.754,0.74,0.727,0.714,0.701,0.688,0.675,0.662,0.648,0.635,0.622,0.609,0.596,0.583,0.57,0.557,0.543,0.53,0.517,0.504,0.491,0.478,0.465,0.452,0.438,0.425,0.412,0.399,0.386,0.373,0.36,0.346,0.333,0.32,0.307,0.294,0.281,0.268,0.255,0.241,0.228,0.215,0.202,0.189,0.176,0.163,0.149,0.136,0.123,0.11,0.097,0.084,0.071,0.058,0.044,0.031,0.018,0.005,-0.008,-0.021,-0.034,-0.047,-0.061,-0.074,-0.087,-0.1],"unit":"V"},"I":{"value":[-0.0014897,-0.00097786,-0.0005096,-5.9227e-5,0.00039245,0.0007828,0.0011273,0.0014485,0.0017329,0.0019808,0.0021929,0.0023703,0.0025271,0.0026478,0.0027436,0.0028198,0.0028785,0.0029277,0.0029625,0.0029864,0.0030072,0.0030294,0.003042,0.0030491,0.0030567,0.0030658,0.0030752,0.0030785,0.0030804,0.0030871,0.0030927,0.0030905,0.0030942,0.0031011,0.003102,0.0031014,0.0031026,0.0031084,0.0031102,0.003107,0.0031108,0.0031166,0.0031153,0.0031146,0.0031164,0.0031191,0.0031215,0.0031197,0.0031236,0.0031251,0.0031331,0.0031322,0.0031332,0.0031346,0.0031352,0.0031361,0.0031399,0.0031421,0.0031412,0.0031407,0.0031482,0.0031484,0.0031472,0.0031447,0.0031507,0.0031485,0.0031522,0.003153,0.0031505,0.0031559,0.0031605,0.0031609,0.0031602,0.0031605,0.0031601,0.0031608,0.0031623,0.0031602,0.0031602,0.0031618,0.0031652,0.0031651,0.0031653,0.0031658,0.003163,0.0031654,0.0031666,0.0031689,0.0031656,0.0031622,0.0031659,0.003168,0.0031705,0.0031675,0.003165,0.0031658,0.0031682,0.0031647,0.0031654,0.0031693],"unit":"A"},"J":{"value":[-0.0001862125,-0.0001222325,-6.37e-5,-7.403375e-6,4.905625e-5,9.785e-5,0.0001409125,0.0001810625,0.0002166125,0.0002476,0.0002741125,0.0002962875,0.0003158875,0.000330975,0.00034295,0.000352475,0.0003598125,0.0003659625,0.0003703125,0.0003733,0.0003759,0.000378675,0.00038025,0.0003811375,0.0003820875,0.000383225,0.0003844,0.0003848125,0.00038505,0.0003858875,0.0003865875,0.0003863125,0.000386775,0.0003876375,0.00038775,0.000387675,0.000387825,0.00038855,0.000388775,0.000388375,0.00038885,0.000389575,0.0003894125,0.000389325,0.00038955,0.0003898875,0.0003901875,0.0003899625,0.00039045,0.0003906375,0.0003916375,0.000391525,0.00039165,0.000391825,0.0003919,0.0003920125,0.0003924875,0.0003927625,0.00039265,0.0003925875,0.000393525,0.00039355,0.0003934,0.0003930875,0.0003938375,0.0003935625,0.000394025,0.000394125,0.0003938125,0.0003944875,0.0003950625,0.0003951125,0.000395025,0.0003950625,0.0003950125,0.0003951,0.0003952875,0.000395025,0.000395025,0.000395225,0.00039565,0.0003956375,0.0003956625,0.000395725,0.000395375,0.000395675,0.000395825,0.0003961125,0.0003957,0.000395275,0.0003957375,0.000396,0.0003963125,0.0003959375,0.000395625,0.000395725,0.000396025,0.0003955875,0.000395675,0.0003961625],"unit":"A\/cm2"},"voc":{"unit":"V","value":1.1592},"isc":{"unit":"A","value":0.003169},"jsc":{"unit":"mA\/cm2","value":25.352},"fill_factor":{"unit":"%","value":77.87},"pmax":{"unit":"mW","value":2.86},"vmax":{"unit":"V","value":0.977},"imax":{"unit":"mA","value":2.928},"rshunt":{"unit":"ohms","value":2230},"voc_slope":{"unit":"ohms","value":31.1},"efficiency":{"unit":"%","value":22.88},"monitor_cell_reading":{"unit":"mV","value":0},"monitor_cell_calibration_value":{"unit":"mV","value":0},"test_device_area":{"unit":"cm2","value":0.125},"num_of_series_connected_stacks":{"unit":"","value":1},"meter_integration":{"unit":"NPLC","value":0.1},"source_irradiance":{"unit":"mW\/cm2","value":100},"voltage_settling_time":{"unit":"ms","value":10},"sweep_direction":{"unit":"","value":"Reverse"},"irradiance_variation_correction":{"unit":"","value":"None"},"device_id":{"unit":"","value":"PEAI4-1-2-R"},"cell_dimension":{"unit":"cm2","value":0.125},"key":"Reverse_IV PEAI4-1-2"},{"V":{"value":[1.2,1.187,1.174,1.161,1.147,1.134,1.121,1.108,1.095,1.082,1.069,1.056,1.042,1.029,1.016,1.003,0.99,0.977,0.964,0.951,0.937,0.924,0.911,0.898,0.885,0.872,0.859,0.845,0.832,0.819,0.806,0.793,0.78,0.767,0.754,0.74,0.727,0.714,0.701,0.688,0.675,0.662,0.648,0.635,0.622,0.609,0.596,0.583,0.57,0.557,0.543,0.53,0.517,0.504,0.491,0.478,0.465,0.452,0.438,0.425,0.412,0.399,0.386,0.373,0.36,0.346,0.333,0.32,0.307,0.294,0.281,0.268,0.255,0.241,0.228,0.215,0.202,0.189,0.176,0.163,0.149,0.136,0.123,0.11,0.097,0.084,0.071,0.058,0.044,0.031,0.018,0.005,-0.008,-0.021,-0.034,-0.047,-0.061,-0.074,-0.087,-0.1],"unit":"V"},"I":{"value":[-0.0020671,-0.0014424,-0.00083057,-0.00028471,0.00025554,0.00070681,0.0010977,0.0014507,0.0017543,0.002005,0.0022167,0.0023885,0.0025399,0.0026452,0.0027328,0.0027941,0.0028483,0.0028917,0.0029235,0.0029477,0.002969,0.0029799,0.0017,0.0030092,0.0030178,0.0030263,0.0030345,0.003041,0.0030463,0.0030508,0.0030578,0.0030627,0.0030646,0.0030698,0.0030751,0.0030787,0.0030783,0.0030819,0.0030843,0.0030877,0.0030888,0.0030916,0.0030955,0.0030957,0.0031014,0.0031011,0.0031,0.0031039,0.0031101,0.0031142,0.0031092,0.0031095,0.0028833,0.0031178,0.0031165,0.0031156,0.0031197,0.0031221,0.003123,0.0031183,0.0031202,0.003123,0.0031244,0.0031263,0.0031266,0.0031293,0.0031322,0.0031313,0.0031324,0.0031376,0.0031398,0.0031399,0.0031383,0.0031397,0.003142,0.0031418,0.0031447,0.0031447,0.0031469,0.0031456,0.0031491,0.0031474,0.0031503,0.0031544,0.0031553,0.0031514,0.0031515,0.0031568,0.0031613,0.0031551,0.0031583,0.0031562,0.0031608,0.0031613,0.0031644,0.0031625,0.0031631,0.0031618,0.0031639,0.0031654],"unit":"A"},"J":{"value":[-0.0002583875,-0.0001803,-0.00010382125,-3.558875e-5,3.19425e-5,8.835125e-5,0.0001372125,0.0001813375,0.0002192875,0.000250625,0.0002770875,0.0002985625,0.0003174875,0.00033065,0.0003416,0.0003492625,0.0003560375,0.0003614625,0.0003654375,0.0003684625,0.000371125,0.0003724875,0.0002125,0.00037615,0.000377225,0.0003782875,0.0003793125,0.000380125,0.0003807875,0.00038135,0.000382225,0.0003828375,0.000383075,0.000383725,0.0003843875,0.0003848375,0.0003847875,0.0003852375,0.0003855375,0.0003859625,0.0003861,0.00038645,0.0003869375,0.0003869625,0.000387675,0.0003876375,0.0003875,0.0003879875,0.0003887625,0.000389275,0.00038865,0.0003886875,0.0003604125,0.000389725,0.0003895625,0.00038945,0.0003899625,0.0003902625,0.000390375,0.0003897875,0.000390025,0.000390375,0.00039055,0.0003907875,0.000390825,0.0003911625,0.000391525,0.0003914125,0.00039155,0.0003922,0.000392475,0.0003924875,0.0003922875,0.0003924625,0.00039275,0.000392725,0.0003930875,0.0003930875,0.0003933625,0.0003932,0.0003936375,0.000393425,0.0003937875,0.0003943,0.0003944125,0.000393925,0.0003939375,0.0003946,0.0003951625,0.0003943875,0.0003947875,0.000394525,0.0003951,0.0003951625,0.00039555,0.0003953125,0.0003953875,0.000395225,0.0003954875,0.000395675],"unit":"A\/cm2"},"voc":{"unit":"V","value":1.1536},"isc":{"unit":"A","value":0.003158},"jsc":{"unit":"mA\/cm2","value":25.264},"fill_factor":{"unit":"%","value":77.55},"pmax":{"unit":"mW","value":2.825},"vmax":{"unit":"V","value":0.977},"imax":{"unit":"mA","value":2.892},"rshunt":{"unit":"ohms","value":9040},"voc_slope":{"unit":"ohms","value":28.7},"efficiency":{"unit":"%","value":22.6},"monitor_cell_reading":{"unit":"mV","value":0},"monitor_cell_calibration_value":{"unit":"mV","value":0},"test_device_area":{"unit":"cm2","value":0.125},"num_of_series_connected_stacks":{"unit":"","value":1},"meter_integration":{"unit":"NPLC","value":0.1},"source_irradiance":{"unit":"mW\/cm2","value":100},"voltage_settling_time":{"unit":"ms","value":10},"sweep_direction":{"unit":"","value":"Reverse"},"irradiance_variation_correction":{"unit":"","value":"None"},"device_id":{"unit":"","value":"PEAI4-1-1-R"},"cell_dimension":{"unit":"cm2","value":0.125},"key":"Reverse_IV PEAI4-1-1"},{"V":{"value":[-0.1,-0.087,-0.074,-0.061,-0.047,-0.034,-0.021,-0.008,0.005,0.018,0.031,0.044,0.058,0.071,0.084,0.097,0.11,0.123,0.136,0.149,0.163,0.176,0.189,0.202,0.215,0.228,0.241,0.255,0.268,0.281,0.294,0.307,0.32,0.333,0.346,0.36,0.373,0.386,0.399,0.412,0.425,0.438,0.452,0.465,0.478,0.491,0.504,0.517,0.53,0.543,0.557,0.57,0.583,0.596,0.609,0.622,0.635,0.648,0.662,0.675,0.688,0.701,0.714,0.727,0.74,0.754,0.767,0.78,0.793,0.806,0.819,0.832,0.845,0.859,0.872,0.885,0.898,0.911,0.924,0.937,0.951,0.964,0.977,0.99,1.003,1.016,1.029,1.042,1.056,1.069,1.082,1.095,1.108,1.121,1.134,1.147,1.161,1.174,1.187,1.2],"unit":"V"},"I":{"value":[0.003203,0.0032036,0.0032056,0.0032045,0.003205,0.0032041,0.0032053,0.0032016,0.0032004,0.003202,0.003202,0.0031977,0.003197,0.0032024,0.0032047,0.0032005,0.0031997,0.0031976,0.0031995,0.0031979,0.0031994,0.0031947,0.0031944,0.0031945,0.0031914,0.0031955,0.0031952,0.0031915,0.0031903,0.0031924,0.0031922,0.0031867,0.0031856,0.0031878,0.0031901,0.0031846,0.0031798,0.0031841,0.0031851,0.0031803,0.0031755,0.0031749,0.0031774,0.0031751,0.0031719,0.0031722,0.0031676,0.0031701,0.0031645,0.0031624,0.0031649,0.0031645,0.0031613,0.0031534,0.0031542,0.0031562,0.0031475,0.0031447,0.0031428,0.0031459,0.003145,0.0031392,0.0031365,0.003136,0.0031343,0.0031301,0.003129,0.0031269,0.0031202,0.0031099,0.0031045,0.003101,0.003094,0.0030789,0.0030689,0.0030585,0.0030429,0.0030243,0.0029999,0.002966,0.0029265,0.0028774,0.002818,0.0027438,0.0026564,0.0025459,0.0024207,0.0022667,0.0020793,0.0018793,0.0016491,0.0013915,0.0011098,0.00080028,0.00046267,0.00010183,-0.00032477,-0.00074231,-0.0011662,-0.0016348],"unit":"A"},"J":{"value":[0.000400375,0.00040045,0.0004007,0.0004005625,0.000400625,0.0004005125,0.0004006625,0.0004002,0.00040005,0.00040025,0.00040025,0.0003997125,0.000399625,0.0004003,0.0004005875,0.0004000625,0.0003999625,0.0003997,0.0003999375,0.0003997375,0.000399925,0.0003993375,0.0003993,0.0003993125,0.000398925,0.0003994375,0.0003994,0.0003989375,0.0003987875,0.00039905,0.000399025,0.0003983375,0.0003982,0.000398475,0.0003987625,0.000398075,0.000397475,0.0003980125,0.0003981375,0.0003975375,0.0003969375,0.0003968625,0.000397175,0.0003968875,0.0003964875,0.000396525,0.00039595,0.0003962625,0.0003955625,0.0003953,0.0003956125,0.0003955625,0.0003951625,0.000394175,0.000394275,0.000394525,0.0003934375,0.0003930875,0.00039285,0.0003932375,0.000393125,0.0003924,0.0003920625,0.000392,0.0003917875,0.0003912625,0.000391125,0.0003908625,0.000390025,0.0003887375,0.0003880625,0.000387625,0.00038675,0.0003848625,0.0003836125,0.0003823125,0.0003803625,0.0003780375,0.0003749875,0.00037075,0.0003658125,0.000359675,0.00035225,0.000342975,0.00033205,0.0003182375,0.0003025875,0.0002833375,0.0002599125,0.0002349125,0.0002061375,0.0001739375,0.000138725,0.000100035,5.783375e-5,1.272875e-5,-4.059625e-5,-9.278875e-5,-0.000145775,-0.00020435],"unit":"A\/cm2"},"voc":{"unit":"V","value":1.1503},"isc":{"unit":"A","value":0.0032009},"jsc":{"unit":"mA\/cm2","value":25.607},"fill_factor":{"unit":"%","value":75.58},"pmax":{"unit":"mW","value":2.783},"vmax":{"unit":"V","value":0.951},"imax":{"unit":"mA","value":2.926},"rshunt":{"unit":"ohms","value":12000},"voc_slope":{"unit":"ohms","value":35.5},"efficiency":{"unit":"%","value":22.26},"monitor_cell_reading":{"unit":"mV","value":0},"monitor_cell_calibration_value":{"unit":"mV","value":0},"test_device_area":{"unit":"cm2","value":0.125},"num_of_series_connected_stacks":{"unit":"","value":1},"meter_integration":{"unit":"NPLC","value":0.1},"source_irradiance":{"unit":"mW\/cm2","value":100},"voltage_settling_time":{"unit":"ms","value":10},"sweep_direction":{"unit":"","value":"Forward"},"irradiance_variation_correction":{"unit":"","value":"None"},"device_id":{"unit":"","value":"PEAI4-2-5-F"},"cell_dimension":{"unit":"cm2","value":0.125},"key":"Forward_IV PEAI4-2-5"},{"V":{"value":[-0.1,-0.087,-0.074,-0.061,-0.047,-0.034,-0.021,-0.008,0.005,0.018,0.031,0.044,0.058,0.071,0.084,0.097,0.11,0.123,0.136,0.149,0.163,0.176,0.189,0.202,0.215,0.228,0.241,0.255,0.268,0.281,0.294,0.307,0.32,0.333,0.346,0.36,0.373,0.386,0.399,0.412,0.425,0.438,0.452,0.465,0.478,0.491,0.504,0.517,0.53,0.543,0.557,0.57,0.583,0.596,0.609,0.622,0.635,0.648,0.662,0.675,0.688,0.701,0.714,0.727,0.74,0.754,0.767,0.78,0.793,0.806,0.819,0.832,0.845,0.859,0.872,0.885,0.898,0.911,0.924,0.937,0.951,0.964,0.977,0.99,1.003,1.016,1.029,1.042,1.056,1.069,1.082,1.095,1.108,1.121,1.134,1.147,1.161,1.174,1.187,1.2],"unit":"V"},"I":{"value":[0.0031477,0.0031462,0.003142,0.0031394,0.0031418,0.0031454,0.0031412,0.0031386,0.0031387,0.0031402,0.003141,0.0031335,0.0031354,0.0031399,0.0031425,0.0031386,0.0031349,0.0031346,0.0031358,0.0031362,0.0031346,0.0031324,0.0031335,0.0031333,0.0031349,0.0031349,0.003135,0.0031295,0.0031297,0.0031344,0.0031328,0.0031298,0.003124,0.0031286,0.0031285,0.0031245,0.0031229,0.0031233,0.0031217,0.0031192,0.0031179,0.0031133,0.0031096,0.0031077,0.0031086,0.0031073,0.0031032,0.0030985,0.0030975,0.0030956,0.0030991,0.0030971,0.0030933,0.0030931,0.0030953,0.0030947,0.0030884,0.0030893,0.0030895,0.003093,0.0030864,0.0030882,0.0030865,0.0030851,0.0030808,0.0030759,0.0030728,0.0030667,0.003068,0.003065,0.0030615,0.0030537,0.0030467,0.0030434,0.0030388,0.0030306,0.0030207,0.0030077,0.0029914,0.0029785,0.0029528,0.0029246,0.0028862,0.0028447,0.0027875,0.0027164,0.002618,0.0025177,0.0023602,0.0021892,0.0019894,0.0017347,0.0014448,0.0011064,0.00065278,0.00030659,-0.00025368,-0.00077481,-0.0012554,-0.0018727],"unit":"A"},"J":{"value":[0.0003934625,0.000393275,0.00039275,0.000392425,0.000392725,0.000393175,0.00039265,0.000392325,0.0003923375,0.000392525,0.000392625,0.0003916875,0.000391925,0.0003924875,0.0003928125,0.000392325,0.0003918625,0.000391825,0.000391975,0.000392025,0.000391825,0.00039155,0.0003916875,0.0003916625,0.0003918625,0.0003918625,0.000391875,0.0003911875,0.0003912125,0.0003918,0.0003916,0.000391225,0.0003905,0.000391075,0.0003910625,0.0003905625,0.0003903625,0.0003904125,0.0003902125,0.0003899,0.0003897375,0.0003891625,0.0003887,0.0003884625,0.000388575,0.0003884125,0.0003879,0.0003873125,0.0003871875,0.00038695,0.0003873875,0.0003871375,0.0003866625,0.0003866375,0.0003869125,0.0003868375,0.00038605,0.0003861625,0.0003861875,0.000386625,0.0003858,0.000386025,0.0003858125,0.0003856375,0.0003851,0.0003844875,0.0003841,0.0003833375,0.0003835,0.000383125,0.0003826875,0.0003817125,0.0003808375,0.000380425,0.00037985,0.000378825,0.0003775875,0.0003759625,0.000373925,0.0003723125,0.0003691,0.000365575,0.000360775,0.0003555875,0.0003484375,0.00033955,0.00032725,0.0003147125,0.000295025,0.00027365,0.000248675,0.0002168375,0.0001806,0.0001383,8.15975e-5,3.832375e-5,-3.171e-5,-9.685125e-5,-0.000156925,-0.0002340875],"unit":"A\/cm2"},"voc":{"unit":"V","value":1.1547},"isc":{"unit":"A","value":0.0031387},"jsc":{"unit":"mA\/cm2","value":25.109},"fill_factor":{"unit":"%","value":77.81},"pmax":{"unit":"mW","value":2.82},"vmax":{"unit":"V","value":0.977},"imax":{"unit":"mA","value":2.886},"rshunt":{"unit":"ohms","value":7750},"voc_slope":{"unit":"ohms","value":27.8},"efficiency":{"unit":"%","value":22.56},"monitor_cell_reading":{"unit":"mV","value":0},"monitor_cell_calibration_value":{"unit":"mV","value":0},"test_device_area":{"unit":"cm2","value":0.125},"num_of_series_connected_stacks":{"unit":"","value":1},"meter_integration":{"unit":"NPLC","value":0.1},"source_irradiance":{"unit":"mW\/cm2","value":100},"voltage_settling_time":{"unit":"ms","value":10},"sweep_direction":{"unit":"","value":"Forward"},"irradiance_variation_correction":{"unit":"","value":"None"},"device_id":{"unit":"","value":"PEAI4-1-4-F"},"cell_dimension":{"unit":"cm2","value":0.125},"key":"Forward_IV PEAI4-1-4"},{"V":{"value":[-0.1,-0.087,-0.074,-0.061,-0.047,-0.034,-0.021,-0.008,0.005,0.018,0.031,0.044,0.058,0.071,0.084,0.097,0.11,0.123,0.136,0.149,0.163,0.176,0.189,0.202,0.215,0.228,0.241,0.255,0.268,0.281,0.294,0.307,0.32,0.333,0.346,0.36,0.373,0.386,0.399,0.412,0.425,0.438,0.452,0.465,0.478,0.491,0.504,0.517,0.53,0.543,0.557,0.57,0.583,0.596,0.609,0.622,0.635,0.648,0.662,0.675,0.688,0.701,0.714,0.727,0.74,0.754,0.767,0.78,0.793,0.806,0.819,0.832,0.845,0.859,0.872,0.885,0.898,0.911,0.924,0.937,0.951,0.964,0.977,0.99,1.003,1.016,1.029,1.042,1.056,1.069,1.082,1.095,1.108,1.121,1.134,1.147,1.161,1.174,1.187,1.2],"unit":"V"},"I":{"value":[0.0031401,0.0031428,0.0031449,0.003144,0.0031465,0.0031436,0.0031433,0.0031406,0.0031421,0.0031458,0.0031435,0.0031398,0.0031394,0.0031381,0.0031403,0.0031399,0.0031393,0.0031372,0.0031396,0.0031389,0.0031363,0.0031381,0.0031361,0.0031371,0.0031374,0.0031414,0.0031362,0.0031366,0.0031353,0.0031352,0.0031354,0.0031336,0.0031335,0.0031274,0.0031313,0.0031315,0.0031325,0.0031272,0.0031252,0.0031252,0.0031258,0.003125,0.0031239,0.0031224,0.0031217,0.0031245,0.0031181,0.0031202,0.0031209,0.0031153,0.0031125,0.0031112,0.0031134,0.0031107,0.0031048,0.0031028,0.003104,0.0031061,0.0030999,0.003097,0.0030922,0.0030952,0.0030928,0.0030859,0.0030863,0.0030834,0.0030839,0.0030791,0.003074,0.0030677,0.0030658,0.0030629,0.0030584,0.0030565,0.0030452,0.0030331,0.0030255,0.0030183,0.0029984,0.0029744,0.0029492,0.0029227,0.002882,0.0028234,0.0027604,0.0026828,0.0025838,0.0024521,0.0022811,0.002086,0.0018895,0.0016165,0.0013033,0.00094159,0.0004655,1.5051e-6,-0.00053857,-0.0010977,-0.0017267,-0.0023794],"unit":"A"},"J":{"value":[0.0003925125,0.00039285,0.0003931125,0.000393,0.0003933125,0.00039295,0.0003929125,0.000392575,0.0003927625,0.000393225,0.0003929375,0.000392475,0.000392425,0.0003922625,0.0003925375,0.0003924875,0.0003924125,0.00039215,0.00039245,0.0003923625,0.0003920375,0.0003922625,0.0003920125,0.0003921375,0.000392175,0.000392675,0.000392025,0.000392075,0.0003919125,0.0003919,0.000391925,0.0003917,0.0003916875,0.000390925,0.0003914125,0.0003914375,0.0003915625,0.0003909,0.00039065,0.00039065,0.000390725,0.000390625,0.0003904875,0.0003903,0.0003902125,0.0003905625,0.0003897625,0.000390025,0.0003901125,0.0003894125,0.0003890625,0.0003889,0.000389175,0.0003888375,0.0003881,0.00038785,0.000388,0.0003882625,0.0003874875,0.000387125,0.000386525,0.0003869,0.0003866,0.0003857375,0.0003857875,0.000385425,0.0003854875,0.0003848875,0.00038425,0.0003834625,0.000383225,0.0003828625,0.0003823,0.0003820625,0.00038065,0.0003791375,0.0003781875,0.0003772875,0.0003748,0.0003718,0.00036865,0.0003653375,0.00036025,0.000352925,0.00034505,0.00033535,0.000322975,0.0003065125,0.0002851375,0.00026075,0.0002361875,0.0002020625,0.0001629125,0.00011769875,5.81875e-5,1.881375e-7,-6.732125e-5,-0.0001372125,-0.0002158375,-0.000297425],"unit":"A\/cm2"},"voc":{"unit":"V","value":1.147},"isc":{"unit":"A","value":0.0031415},"jsc":{"unit":"mA\/cm2","value":25.132},"fill_factor":{"unit":"%","value":78.19},"pmax":{"unit":"mW","value":2.817},"vmax":{"unit":"V","value":0.964},"imax":{"unit":"mA","value":2.923},"rshunt":{"unit":"ohms","value":10100},"voc_slope":{"unit":"ohms","value":27.3},"efficiency":{"unit":"%","value":22.54},"monitor_cell_reading":{"unit":"mV","value":0},"monitor_cell_calibration_value":{"unit":"mV","value":0},"test_device_area":{"unit":"cm2","value":0.125},"num_of_series_connected_stacks":{"unit":"","value":1},"meter_integration":{"unit":"NPLC","value":0.1},"source_irradiance":{"unit":"mW\/cm2","value":100},"voltage_settling_time":{"unit":"ms","value":10},"sweep_direction":{"unit":"","value":"Forward"},"irradiance_variation_correction":{"unit":"","value":"None"},"device_id":{"unit":"","value":"PEAI4-1-3-F"},"cell_dimension":{"unit":"cm2","value":0.125},"key":"Forward_IV PEAI4-1-3"},{"V":{"value":[-0.1,-0.087,-0.074,-0.061,-0.047,-0.034,-0.021,-0.008,0.005,0.018,0.031,0.044,0.058,0.071,0.084,0.097,0.11,0.123,0.136,0.149,0.163,0.176,0.189,0.202,0.215,0.228,0.241,0.255,0.268,0.281,0.294,0.307,0.32,0.333,0.346,0.36,0.373,0.386,0.399,0.412,0.425,0.438,0.452,0.465,0.478,0.491,0.504,0.517,0.53,0.543,0.557,0.57,0.583,0.596,0.609,0.622,0.635,0.648,0.662,0.675,0.688,0.701,0.714,0.727,0.74,0.754,0.767,0.78,0.793,0.806,0.819,0.832,0.845,0.859,0.872,0.885,0.898,0.911,0.924,0.937,0.951,0.964,0.977,0.99,1.003,1.016,1.029,1.042,1.056,1.069,1.082,1.095,1.108,1.121,1.134,1.147,1.161,1.174,1.187,1.2],"unit":"V"},"I":{"value":[0.0031799,0.003174,0.0031727,0.0031786,0.0031773,0.0031722,0.0031727,0.0031735,0.0031746,0.0031716,0.003171,0.003175,0.0031753,0.0031741,0.0031682,0.0031719,0.0031723,0.0031701,0.0031676,0.0031705,0.0031721,0.0031684,0.003165,0.0031657,0.0031664,0.0031683,0.003168,0.003164,0.002982,0.003166,0.0031645,0.0031639,0.0031635,0.0031598,0.0031637,0.0031633,0.0031614,0.0031596,0.0031596,0.0031606,0.003157,0.0031521,0.0031468,0.0031522,0.0031523,0.0031511,0.003146,0.0031416,0.0031452,0.003145,0.0031424,0.0031401,0.0031369,0.003137,0.003134,0.0031304,0.0031276,0.0031288,0.003125,0.003125,0.0031196,0.003118,0.0031183,0.0031144,0.0031119,0.0031072,0.0031042,0.0031054,0.0030972,0.0030936,0.0030913,0.0030881,0.0030834,0.0030747,0.0030646,0.003058,0.0030499,0.0030307,0.0030167,0.0029912,0.0029598,0.0029291,0.0028818,0.0028157,0.0027446,0.0026496,0.0025374,0.0023967,0.0022154,0.0020168,0.001795,0.0015353,0.0012479,0.0009241,0.00056913,0.00023487,-0.00020704,-0.00064249,-0.0010877,-0.0015811],"unit":"A"},"J":{"value":[0.0003974875,0.00039675,0.0003965875,0.000397325,0.0003971625,0.000396525,0.0003965875,0.0003966875,0.000396825,0.00039645,0.000396375,0.000396875,0.0003969125,0.0003967625,0.000396025,0.0003964875,0.0003965375,0.0003962625,0.00039595,0.0003963125,0.0003965125,0.00039605,0.000395625,0.0003957125,0.0003958,0.0003960375,0.000396,0.0003955,0.00037275,0.00039575,0.0003955625,0.0003954875,0.0003954375,0.000394975,0.0003954625,0.0003954125,0.000395175,0.00039495,0.00039495,0.000395075,0.000394625,0.0003940125,0.00039335,0.000394025,0.0003940375,0.0003938875,0.00039325,0.0003927,0.00039315,0.000393125,0.0003928,0.0003925125,0.0003921125,0.000392125,0.00039175,0.0003913,0.00039095,0.0003911,0.000390625,0.000390625,0.00038995,0.00038975,0.0003897875,0.0003893,0.0003889875,0.0003884,0.000388025,0.000388175,0.00038715,0.0003867,0.0003864125,0.0003860125,0.000385425,0.0003843375,0.000383075,0.00038225,0.0003812375,0.0003788375,0.0003770875,0.0003739,0.000369975,0.0003661375,0.000360225,0.0003519625,0.000343075,0.0003312,0.000317175,0.0002995875,0.000276925,0.0002521,0.000224375,0.0001919125,0.0001559875,0.0001155125,7.114125e-5,2.935875e-5,-2.588e-5,-8.031125e-5,-0.0001359625,-0.0001976375],"unit":"A\/cm2"},"voc":{"unit":"V","value":1.1544},"isc":{"unit":"A","value":0.0031742},"jsc":{"unit":"mA\/cm2","value":25.394},"fill_factor":{"unit":"%","value":77.05},"pmax":{"unit":"mW","value":2.824},"vmax":{"unit":"V","value":0.964},"imax":{"unit":"mA","value":2.929},"rshunt":{"unit":"ohms","value":6480},"voc_slope":{"unit":"ohms","value":32.7},"efficiency":{"unit":"%","value":22.59},"monitor_cell_reading":{"unit":"mV","value":0},"monitor_cell_calibration_value":{"unit":"mV","value":0},"test_device_area":{"unit":"cm2","value":0.125},"num_of_series_connected_stacks":{"unit":"","value":1},"meter_integration":{"unit":"NPLC","value":0.1},"source_irradiance":{"unit":"mW\/cm2","value":100},"voltage_settling_time":{"unit":"ms","value":10},"sweep_direction":{"unit":"","value":"Forward"},"irradiance_variation_correction":{"unit":"","value":"None"},"device_id":{"unit":"","value":"PEAI4-1-2-F"},"cell_dimension":{"unit":"cm2","value":0.125},"key":"Forward_IV PEAI4-1-2"}]}}