{"_id":"6531427b6499622b4e49c9fe","id":"SKKU-SC-00279","author":95,"group":11,"input":[{"tco":{"unit":"","value":"ITO"}},{"surface_treatment":{"unit":"","value":"UVO"}},{"htl":[{"material":{"unit":"","value":"2PACz"},"concentration":{"unit":"","value":"0.3"},"conc_unit":{"unit":"","value":"mg\/ml"},"quantity":{"unit":"ml","value":"0.2"}}],"condition":{"unit":"","value":"glove-box(N2)"},"solvent":[{"material":{"unit":"","value":"Ethanol"},"volume":{"unit":"ml","value":"5"}}],"spin_coating":[{"type":{"unit":"","value":"Static (loading)"},"rpm":{"unit":"","value":"3000"},"time":{"unit":"s","value":"30"}}],"annealing":[{"temperature":{"unit":"oC","value":"100"},"time":{"unit":"m","value":"10"}}]},{"perovskite":{"method":{"unit":"","value":"1step"},"molarity":{"unit":"M","value":"1.35M"},"a_site":[{"material":{"unit":"","value":"FA"},"ratio":{"unit":"","value":"90"}},{"material":{"unit":"","value":"Cs"},"ratio":{"unit":"","value":"5"}},{"material":{"unit":"","value":"MA"},"ratio":{"unit":"","value":"5"}}],"b_site":[{"material":{"unit":"","value":"Pb"},"ratio":{"unit":"","value":"104"}}],"x_site":[{"material":{"unit":"","value":"I"},"ratio":{"unit":"","value":"95"}},{"material":{"unit":"","value":"Br"},"ratio":{"unit":"","value":"5"}}],"solvent":[{"material":{"unit":"","value":"DMF"},"volume":{"unit":"ml","value":"0.7"}},{"material":{"unit":"","value":"DMSO"},"volume":{"unit":"ml","value":"0.3"}}],"spin_coating":[{"type":{"unit":"","value":"Static (only spreading)"},"rpm":{"unit":"","value":"1000"},"time":{"unit":"s","value":"10"}},{"type":{"unit":"","value":"Dynamic"},"rpm":{"unit":"","value":"5000"},"time":{"unit":"s","value":"30"}}],"antisolvent":[{"material":{"unit":"","value":"CB"},"quantity":{"unit":"ul","value":"300"},"dripping_time":{"unit":"s","value":"18"}}],"annealing":[{"temperature":{"unit":"oC","value":"100"},"time":{"unit":"m","value":"45"}}],"atmosphere":[{"type":{"unit":"","value":"glove-box(N2)"},"temperature":{"unit":"oC","value":"21.1"},"humidity":{"unit":"RH%","value":"0"}}]}},{"etl":[{"material":{"unit":"","value":"PC60BM"},"concentration":{"unit":"","value":"20"},"conc_unit":{"unit":"","value":"mg\/ml"},"quantity":{"unit":"ml","value":"0.07"}}],"solvent":[{"material":{"unit":"","value":"CB"},"volume":{"unit":"ml","value":"1"}}],"spin_coating":[{"type":{"unit":"","value":"Static (loading)"},"rpm":{"unit":"","value":"1000"},"time":{"unit":"s","value":"30"}}]},{"blocking_buffer_layer":[{"material":{"unit":"","value":"BCP"},"concentration":{"unit":"","value":"None"},"conc_unit":{"unit":"","value":"None"},"quantity":{"unit":"ml","value":"None"}}],"thermal_evaporation":[{"vacuum_evaporation_thickness":{"unit":"nm","value":"8"},"evaporation_rate":{"unit":"\u00c5\/s","value":"0.2"},"vacuum_pressure":{"unit":"uTorr","value":"1.2"}}]},{"anode_metal":{"unit":"","value":"Ag"}},{"note":{"unit":"","value":"PIN"},"type":{"unit":"","value":"unit_cell"},"device_type":{"unit":"","value":"p-i-n"},"temperature":{"unit":"\u2103","value":"20.2-21.2"},"humidity":{"unit":"%","value":"52"},"cell_dimension":{"unit":"cm2","value":"0.125"}}],"fileinfo":[{"key":"Forward_IV 11-4","uploadType":"JV","original_name":"IV 11-4-F.txt","save_name":"SKKU-SC-00279\/Forward_IV 11-4","uploader":95,"fileType":""},{"key":"Reverse_IV 11-4","uploadType":"JV","original_name":"IV 11-4-R.txt","save_name":"SKKU-SC-00279\/Reverse_IV 11-4","uploader":95,"fileType":""},{"key":"Forward_IV 10-4","uploadType":"JV","original_name":"IV 10-4-F.txt","save_name":"SKKU-SC-00279\/Forward_IV 10-4","uploader":95,"fileType":""},{"key":"Reverse_IV 10-4","uploadType":"JV","original_name":"IV 10-4-R.txt","save_name":"SKKU-SC-00279\/Reverse_IV 10-4","uploader":95,"fileType":""}],"jvcnt":4,"updated_at":"2024-10-24 09:04:26","created_at":"2023-10-19 14:51:39","analysisInfo":{"JV":[{"efficiency":13.2,"fill_factor":57.95,"jsc":22.198,"voc":1.026,"key":"Reverse_IV 11-4","cell_dimension":0.125},{"efficiency":12.62,"fill_factor":56.54,"jsc":21.734,"voc":1.027,"key":"Reverse_IV 10-4","cell_dimension":0.125},{"efficiency":12.65,"fill_factor":55.45,"jsc":22.164,"voc":1.0295,"key":"Forward_IV 11-4","cell_dimension":0.125},{"efficiency":12.14,"fill_factor":55.18,"jsc":21.649,"voc":1.0163,"key":"Forward_IV 10-4","cell_dimension":0.125}]},"public":2,"analysis":{"JV":[{"V":{"value":[1.2,1.187,1.174,1.161,1.147,1.134,1.121,1.108,1.095,1.082,1.069,1.056,1.042,1.029,1.016,1.003,0.99,0.977,0.964,0.951,0.937,0.924,0.911,0.898,0.885,0.872,0.859,0.845,0.832,0.819,0.806,0.793,0.78,0.767,0.754,0.74,0.727,0.714,0.701,0.688,0.675,0.662,0.648,0.635,0.622,0.609,0.596,0.583,0.57,0.557,0.543,0.53,0.517,0.504,0.491,0.478,0.465,0.452,0.438,0.425,0.412,0.399,0.386,0.373,0.36,0.346,0.333,0.32,0.307,0.294,0.281,0.268,0.255,0.241,0.228,0.215,0.202,0.189,0.176,0.163,0.149,0.136,0.123,0.11,0.097,0.084,0.071,0.058,0.044,0.031,0.018,0.005,-0.008,-0.021,-0.034,-0.047,-0.061,-0.074,-0.087,-0.1],"unit":"V"},"I":{"value":[-0.001467,-0.0013189,-0.0011832,-0.0010612,-0.00094935,-0.00082823,-0.00071698,-0.0006104,-0.00050789,-0.00040956,-0.00031242,-0.00021728,-0.00011613,-2.2078e-5,7.2282e-5,0.00016527,0.00026319,0.0003617,0.00046073,0.00056348,0.00067215,0.00078073,0.00088307,0.00099527,0.0010744,0.0011992,0.0013027,0.0014263,0.0015244,0.0016371,0.0017309,0.0018346,0.0019199,0.0020139,0.0020817,0.0021539,0.0022209,0.0022766,0.0023363,0.0023741,0.0024442,0.0024489,0.0025032,0.0025116,0.0025509,0.0025591,0.002572,0.0025829,0.0026057,0.0026194,0.0026508,0.0026516,0.0026533,0.0026747,0.0026664,0.0026891,0.0026885,0.0027018,0.0027018,0.0027112,0.0027266,0.0027358,0.0027203,0.0027354,0.0027273,0.0027359,0.0027352,0.0027416,0.0027367,0.0027466,0.0027466,0.0027475,0.0027516,0.002757,0.0027587,0.0027603,0.0027507,0.0027637,0.0027576,0.0027665,0.0027621,0.0027677,0.0027643,0.0027694,0.0027714,0.002762,0.0027777,0.002775,0.0027729,0.002772,0.0027765,0.0027722,0.0027787,0.0027751,0.0027784,0.0027787,0.0027756,0.0027852,0.0027873,0.0027847],"unit":"A"},"J":{"value":[-0.000183375,-0.0001648625,-0.0001479,-0.00013265,-0.00011866875,-0.00010352875,-8.96225e-5,-7.63e-5,-6.348625e-5,-5.1195e-5,-3.90525e-5,-2.716e-5,-1.451625e-5,-2.75975e-6,9.03525e-6,2.065875e-5,3.289875e-5,4.52125e-5,5.759125e-5,7.0435e-5,8.401875e-5,9.759125e-5,0.00011038375,0.00012440875,0.0001343,0.0001499,0.0001628375,0.0001782875,0.00019055,0.0002046375,0.0002163625,0.000229325,0.0002399875,0.0002517375,0.0002602125,0.0002692375,0.0002776125,0.000284575,0.0002920375,0.0002967625,0.000305525,0.0003061125,0.0003129,0.00031395,0.0003188625,0.0003198875,0.0003215,0.0003228625,0.0003257125,0.000327425,0.00033135,0.00033145,0.0003316625,0.0003343375,0.0003333,0.0003361375,0.0003360625,0.000337725,0.000337725,0.0003389,0.000340825,0.000341975,0.0003400375,0.000341925,0.0003409125,0.0003419875,0.0003419,0.0003427,0.0003420875,0.000343325,0.000343325,0.0003434375,0.00034395,0.000344625,0.0003448375,0.0003450375,0.0003438375,0.0003454625,0.0003447,0.0003458125,0.0003452625,0.0003459625,0.0003455375,0.000346175,0.000346425,0.00034525,0.0003472125,0.000346875,0.0003466125,0.0003465,0.0003470625,0.000346525,0.0003473375,0.0003468875,0.0003473,0.0003473375,0.00034695,0.00034815,0.0003484125,0.0003480875],"unit":"A\/cm2"},"voc":{"unit":"V","value":1.026},"isc":{"unit":"A","value":0.0027747},"jsc":{"unit":"mA\/cm2","value":22.198},"fill_factor":{"unit":"%","value":57.95},"pmax":{"unit":"mW","value":1.65},"vmax":{"unit":"V","value":0.675},"imax":{"unit":"mA","value":2.444},"rshunt":{"unit":"ohms","value":8620},"voc_slope":{"unit":"ohms","value":138},"efficiency":{"unit":"%","value":13.2},"monitor_cell_reading":{"unit":"mV","value":0},"monitor_cell_calibration_value":{"unit":"mV","value":0},"test_device_area":{"unit":"cm2","value":0.125},"num_of_series_connected_stacks":{"unit":"","value":1},"meter_integration":{"unit":"NPLC","value":0.01},"source_irradiance":{"unit":"mW\/cm2","value":100},"voltage_settling_time":{"unit":"ms","value":10},"sweep_direction":{"unit":"","value":"Reverse"},"irradiance_variation_correction":{"unit":"","value":"None"},"device_id":{"unit":"","value":"11-4-R"},"cell_dimension":{"unit":"cm2","value":0.125},"key":"Reverse_IV 11-4"},{"V":{"value":[1.2,1.187,1.174,1.161,1.147,1.134,1.121,1.108,1.095,1.082,1.069,1.056,1.042,1.029,1.016,1.003,0.99,0.977,0.964,0.951,0.937,0.924,0.911,0.898,0.885,0.872,0.859,0.845,0.832,0.819,0.806,0.793,0.78,0.767,0.754,0.74,0.727,0.714,0.701,0.688,0.675,0.662,0.648,0.635,0.622,0.609,0.596,0.583,0.57,0.557,0.543,0.53,0.517,0.504,0.491,0.478,0.465,0.452,0.438,0.425,0.412,0.399,0.386,0.373,0.36,0.346,0.333,0.32,0.307,0.294,0.281,0.268,0.255,0.241,0.228,0.215,0.202,0.189,0.176,0.163,0.149,0.136,0.123,0.11,0.097,0.084,0.071,0.058,0.044,0.031,0.018,0.005,-0.008,-0.021,-0.034,-0.047,-0.061,-0.074,-0.087,-0.1],"unit":"V"},"I":{"value":[-0.0033138,-0.0031754,-0.00285,-0.00253,-0.0021978,-0.0019034,-0.0016241,-0.0013577,-0.0011056,-0.00086585,-0.00064163,-0.00042936,-0.00021354,-2.7212e-5,0.00014699,0.0003153,0.00047547,0.00062593,0.00076656,0.0008986,0.0010337,0.0011378,0.0012515,0.0013567,0.0014539,0.0015458,0.0016303,0.0017106,0.0017805,0.0018469,0.001905,0.0019623,0.0020078,0.0020486,0.0020915,0.0021319,0.00217,0.002201,0.0022276,0.0022546,0.0022835,0.0023094,0.0023331,0.002356,0.0023728,0.0023942,0.0024135,0.0024345,0.0024505,0.0024637,0.0024744,0.002496,0.0025108,0.0025249,0.0025412,0.0025432,0.0025618,0.0025664,0.0025724,0.0025794,0.0025875,0.0026021,0.0026007,0.002609,0.0026145,0.0026235,0.0026296,0.002626,0.0026371,0.0026456,0.0026473,0.0026522,0.0026515,0.00266,0.0026681,0.0026642,0.0026707,0.0026707,0.002682,0.0026804,0.0026782,0.0026862,0.0026911,0.0026945,0.0026915,0.0026965,0.0027029,0.0027067,0.0027074,0.0027051,0.0027103,0.0027196,0.0027124,0.0027177,0.0027194,0.0027298,0.0027274,0.0027233,0.0027308,0.0027326],"unit":"A"},"J":{"value":[-0.000414225,-0.000396925,-0.00035625,-0.00031625,-0.000274725,-0.000237925,-0.0002030125,-0.0001697125,-0.0001382,-0.00010823125,-8.020375e-5,-5.367e-5,-2.66925e-5,-3.4015e-6,1.837375e-5,3.94125e-5,5.943375e-5,7.824125e-5,9.582e-5,0.000112325,0.0001292125,0.000142225,0.0001564375,0.0001695875,0.0001817375,0.000193225,0.0002037875,0.000213825,0.0002225625,0.0002308625,0.000238125,0.0002452875,0.000250975,0.000256075,0.0002614375,0.0002664875,0.00027125,0.000275125,0.00027845,0.000281825,0.0002854375,0.000288675,0.0002916375,0.0002945,0.0002966,0.000299275,0.0003016875,0.0003043125,0.0003063125,0.0003079625,0.0003093,0.000312,0.00031385,0.0003156125,0.00031765,0.0003179,0.000320225,0.0003208,0.00032155,0.000322425,0.0003234375,0.0003252625,0.0003250875,0.000326125,0.0003268125,0.0003279375,0.0003287,0.00032825,0.0003296375,0.0003307,0.0003309125,0.000331525,0.0003314375,0.0003325,0.0003335125,0.000333025,0.0003338375,0.0003338375,0.00033525,0.00033505,0.000334775,0.000335775,0.0003363875,0.0003368125,0.0003364375,0.0003370625,0.0003378625,0.0003383375,0.000338425,0.0003381375,0.0003387875,0.00033995,0.00033905,0.0003397125,0.000339925,0.000341225,0.000340925,0.0003404125,0.00034135,0.000341575],"unit":"A\/cm2"},"voc":{"unit":"V","value":1.027},"isc":{"unit":"A","value":0.0027168},"jsc":{"unit":"mA\/cm2","value":21.734},"fill_factor":{"unit":"%","value":56.54},"pmax":{"unit":"mW","value":1.578},"vmax":{"unit":"V","value":0.727},"imax":{"unit":"mA","value":2.17},"rshunt":{"unit":"ohms","value":4200},"voc_slope":{"unit":"ohms","value":73},"efficiency":{"unit":"%","value":12.62},"monitor_cell_reading":{"unit":"mV","value":0},"monitor_cell_calibration_value":{"unit":"mV","value":0},"test_device_area":{"unit":"cm2","value":0.125},"num_of_series_connected_stacks":{"unit":"","value":1},"meter_integration":{"unit":"NPLC","value":0.01},"source_irradiance":{"unit":"mW\/cm2","value":100},"voltage_settling_time":{"unit":"ms","value":50},"sweep_direction":{"unit":"","value":"Reverse"},"irradiance_variation_correction":{"unit":"","value":"None"},"device_id":{"unit":"","value":"10-4-R"},"cell_dimension":{"unit":"cm2","value":0.125},"key":"Reverse_IV 10-4"},{"V":{"value":[-0.1,-0.087,-0.074,-0.061,-0.047,-0.034,-0.021,-0.008,0.005,0.018,0.031,0.044,0.058,0.071,0.084,0.097,0.11,0.123,0.136,0.149,0.163,0.176,0.189,0.202,0.215,0.228,0.241,0.255,0.268,0.281,0.294,0.307,0.32,0.333,0.346,0.36,0.373,0.386,0.399,0.412,0.425,0.438,0.452,0.465,0.478,0.491,0.504,0.517,0.53,0.543,0.557,0.57,0.583,0.596,0.609,0.622,0.635,0.648,0.662,0.675,0.688,0.701,0.714,0.727,0.74,0.754,0.767,0.78,0.793,0.806,0.819,0.832,0.845,0.859,0.872,0.885,0.898,0.911,0.924,0.937,0.951,0.964,0.977,0.99,1.003,1.016,1.029,1.042,1.056,1.069,1.082,1.095,1.108,1.121,1.134,1.147,1.161,1.174,1.187,1.2],"unit":"V"},"I":{"value":[0.0027663,0.0027794,0.0027772,0.0027808,0.0027826,0.0027643,0.0027748,0.0027686,0.0027716,0.0027718,0.0027762,0.0027681,0.0027728,0.0027612,0.0027654,0.0027616,0.002758,0.0027673,0.0027618,0.0027612,0.0027533,0.0027615,0.002752,0.0027604,0.0027542,0.0027613,0.0027406,0.0027537,0.0027386,0.0027436,0.0027438,0.0027341,0.0027272,0.0027338,0.0027265,0.002724,0.0027232,0.0027198,0.0027171,0.0027027,0.0027094,0.0026839,0.0026865,0.0026693,0.0026597,0.0026588,0.0026418,0.0026485,0.0026232,0.0026329,0.0025929,0.0025962,0.0025459,0.0025485,0.0025023,0.0024999,0.0024549,0.0024407,0.0023802,0.0023269,0.0022831,0.0022307,0.0021984,0.0021151,0.002062,0.0019652,0.0019081,0.0018052,0.001732,0.0016288,0.0015398,0.0014306,0.0013308,0.0012179,0.0011186,0.0010206,0.00090684,0.00082352,0.00073121,0.00063656,0.00053419,0.00044542,0.0003531,0.0002651,0.00017658,8.9815e-5,3.4612e-6,-8.2692e-5,-0.00017659,-0.0002651,-0.0003551,-0.00044759,-0.00054357,-0.00064341,-0.00074892,-0.00085646,-0.00098605,-0.0011341,-0.001251,-0.0013866],"unit":"A"},"J":{"value":[0.0003457875,0.000347425,0.00034715,0.0003476,0.000347825,0.0003455375,0.00034685,0.000346075,0.00034645,0.000346475,0.000347025,0.0003460125,0.0003466,0.00034515,0.000345675,0.0003452,0.00034475,0.0003459125,0.000345225,0.00034515,0.0003441625,0.0003451875,0.000344,0.00034505,0.000344275,0.0003451625,0.000342575,0.0003442125,0.000342325,0.00034295,0.000342975,0.0003417625,0.0003409,0.000341725,0.0003408125,0.0003405,0.0003404,0.000339975,0.0003396375,0.0003378375,0.000338675,0.0003354875,0.0003358125,0.0003336625,0.0003324625,0.00033235,0.000330225,0.0003310625,0.0003279,0.0003291125,0.0003241125,0.000324525,0.0003182375,0.0003185625,0.0003127875,0.0003124875,0.0003068625,0.0003050875,0.000297525,0.0002908625,0.0002853875,0.0002788375,0.0002748,0.0002643875,0.00025775,0.00024565,0.0002385125,0.00022565,0.0002165,0.0002036,0.000192475,0.000178825,0.00016635,0.0001522375,0.000139825,0.000127575,0.000113355,0.00010294,9.140125e-5,7.957e-5,6.677375e-5,5.56775e-5,4.41375e-5,3.31375e-5,2.20725e-5,1.1226875e-5,4.3265e-7,-1.03365e-5,-2.207375e-5,-3.31375e-5,-4.43875e-5,-5.594875e-5,-6.794625e-5,-8.042625e-5,-9.3615e-5,-0.0001070575,-0.00012325625,-0.0001417625,-0.000156375,-0.000173325],"unit":"A\/cm2"},"voc":{"unit":"V","value":1.0295},"isc":{"unit":"A","value":0.0027705},"jsc":{"unit":"mA\/cm2","value":22.164},"fill_factor":{"unit":"%","value":55.45},"pmax":{"unit":"mW","value":1.582},"vmax":{"unit":"V","value":0.648},"imax":{"unit":"mA","value":2.441},"rshunt":{"unit":"ohms","value":2730},"voc_slope":{"unit":"ohms","value":150},"efficiency":{"unit":"%","value":12.65},"monitor_cell_reading":{"unit":"mV","value":0},"monitor_cell_calibration_value":{"unit":"mV","value":0},"test_device_area":{"unit":"cm2","value":0.125},"num_of_series_connected_stacks":{"unit":"","value":1},"meter_integration":{"unit":"NPLC","value":0.01},"source_irradiance":{"unit":"mW\/cm2","value":100},"voltage_settling_time":{"unit":"ms","value":10},"sweep_direction":{"unit":"","value":"Forward"},"irradiance_variation_correction":{"unit":"","value":"None"},"device_id":{"unit":"","value":"11-4-R"},"cell_dimension":{"unit":"cm2","value":0.125},"key":"Forward_IV 11-4"},{"V":{"value":[-0.1,-0.087,-0.074,-0.061,-0.047,-0.034,-0.021,-0.008,0.005,0.018,0.031,0.044,0.058,0.071,0.084,0.097,0.11,0.123,0.136,0.149,0.163,0.176,0.189,0.202,0.215,0.228,0.241,0.255,0.268,0.281,0.294,0.307,0.32,0.333,0.346,0.36,0.373,0.386,0.399,0.412,0.425,0.438,0.452,0.465,0.478,0.491,0.504,0.517,0.53,0.543,0.557,0.57,0.583,0.596,0.609,0.622,0.635,0.648,0.662,0.675,0.688,0.701,0.714,0.727,0.74,0.754,0.767,0.78,0.793,0.806,0.819,0.832,0.845,0.859,0.872,0.885,0.898,0.911,0.924,0.937,0.951,0.964,0.977,0.99,1.003,1.016,1.029,1.042,1.056,1.069,1.082,1.095,1.108,1.121,1.134,1.147,1.161,1.174,1.187,1.2],"unit":"V"},"I":{"value":[0.0027275,0.0027235,0.0027163,0.0027151,0.0027116,0.0027162,0.0027114,0.0027072,0.0027055,0.0027055,0.0027084,0.002707,0.002698,0.0026966,0.0026969,0.0026935,0.0026956,0.0026922,0.0026803,0.0026828,0.0026815,0.002682,0.0026754,0.0026672,0.0026627,0.0026678,0.0026633,0.0026598,0.0026544,0.002644,0.0026471,0.0026427,0.0026394,0.0026334,0.0026233,0.0026177,0.0026158,0.0026078,0.0026002,0.0025876,0.0025762,0.0025753,0.0025619,0.0025542,0.0025391,0.0025234,0.0025133,0.0025046,0.0024869,0.0024693,0.0024501,0.0024272,0.002415,0.0023943,0.0023723,0.0023454,0.0023188,0.0022925,0.0022647,0.0022359,0.0022003,0.002165,0.0021246,0.0020855,0.002044,0.0019907,0.00194,0.0018836,0.0018235,0.0017634,0.0016953,0.0016316,0.0015575,0.0014642,0.0013805,0.0012823,0.0011838,0.0010808,0.00096977,0.00086395,0.0007294,0.00060161,0.00046249,0.00031671,0.0001608,3.3517e-6,-0.0001593,-0.0003446,-0.00055658,-0.0007648,-0.00098469,-0.0012143,-0.0014596,-0.0017199,-0.0019942,-0.0022827,-0.0026129,-0.0029351,-0.0032733,-0.003314],"unit":"A"},"J":{"value":[0.0003409375,0.0003404375,0.0003395375,0.0003393875,0.00033895,0.000339525,0.000338925,0.0003384,0.0003381875,0.0003381875,0.00033855,0.000338375,0.00033725,0.000337075,0.0003371125,0.0003366875,0.00033695,0.000336525,0.0003350375,0.00033535,0.0003351875,0.00033525,0.000334425,0.0003334,0.0003328375,0.000333475,0.0003329125,0.000332475,0.0003318,0.0003305,0.0003308875,0.0003303375,0.000329925,0.000329175,0.0003279125,0.0003272125,0.000326975,0.000325975,0.000325025,0.00032345,0.000322025,0.0003219125,0.0003202375,0.000319275,0.0003173875,0.000315425,0.0003141625,0.000313075,0.0003108625,0.0003086625,0.0003062625,0.0003034,0.000301875,0.0002992875,0.0002965375,0.000293175,0.00028985,0.0002865625,0.0002830875,0.0002794875,0.0002750375,0.000270625,0.000265575,0.0002606875,0.0002555,0.0002488375,0.0002425,0.00023545,0.0002279375,0.000220425,0.0002119125,0.00020395,0.0001946875,0.000183025,0.0001725625,0.0001602875,0.000147975,0.0001351,0.00012122125,0.00010799375,9.1175e-5,7.520125e-5,5.781125e-5,3.958875e-5,2.01e-5,4.189625e-7,-1.99125e-5,-4.3075e-5,-6.95725e-5,-9.56e-5,-0.00012308625,-0.0001517875,-0.00018245,-0.0002149875,-0.000249275,-0.0002853375,-0.0003266125,-0.0003668875,-0.0004091625,-0.00041425],"unit":"A\/cm2"},"voc":{"unit":"V","value":1.0163},"isc":{"unit":"A","value":0.0027062},"jsc":{"unit":"mA\/cm2","value":21.649},"fill_factor":{"unit":"%","value":55.18},"pmax":{"unit":"mW","value":1.518},"vmax":{"unit":"V","value":0.701},"imax":{"unit":"mA","value":2.165},"rshunt":{"unit":"ohms","value":6370},"voc_slope":{"unit":"ohms","value":80.8},"efficiency":{"unit":"%","value":12.14},"monitor_cell_reading":{"unit":"mV","value":0},"monitor_cell_calibration_value":{"unit":"mV","value":0},"test_device_area":{"unit":"cm2","value":0.125},"num_of_series_connected_stacks":{"unit":"","value":1},"meter_integration":{"unit":"NPLC","value":0.01},"source_irradiance":{"unit":"mW\/cm2","value":100},"voltage_settling_time":{"unit":"ms","value":50},"sweep_direction":{"unit":"","value":"Forward"},"irradiance_variation_correction":{"unit":"","value":"None"},"device_id":{"unit":"","value":"10-4-R"},"cell_dimension":{"unit":"cm2","value":0.125},"key":"Forward_IV 10-4"}]}}