{"_id":"6530d4e66499622b4e49c9e4","id":"SKKU-SC-00141","author":82,"group":11,"input":[{"tco":{"unit":"","value":"FTO"}},{"surface_treatment":{"unit":"","value":"UVO"}},{"etl":[{"material":{"unit":"","value":"SnO2"},"concentration":{"unit":"","value":"50"},"conc_unit":{"unit":"","value":"mg\/ml"},"quantity":{"unit":"ml","value":"1"}}],"spin_coating":[{"type":{"unit":"","value":"Static (loading)"},"rpm":{"unit":"","value":"4000"},"time":{"unit":"s","value":"20"}}],"annealing":[{"temperature":{"unit":"oC","value":"185"},"time":{"unit":"m","value":"30"}}]},{"perovskite":{"method":{"unit":"","value":"1step"},"molarity":{"unit":"M","value":"2M"},"a_site":[{"material":{"unit":"","value":"FA"},"ratio":{"unit":"","value":"100"}}],"b_site":[{"material":{"unit":"","value":"Pb"},"ratio":{"unit":"","value":"100"}}],"x_site":[{"material":{"unit":"","value":"I"},"ratio":{"unit":"","value":"100"}}],"solvent":[{"material":{"unit":"","value":"DMF"},"volume":{"unit":"ml","value":"0.5"}},{"material":{"unit":"","value":"NMP"},"volume":{"unit":"ml","value":"0.0964"}}],"antisolvent":[{"material":{"unit":"","value":"DEE"},"quantity":{"unit":"ul","value":"150"},"dripping_time":{"unit":"s","value":"13"}}],"annealing":[{"temperature":{"unit":"oC","value":"100"},"time":{"unit":"m","value":"5"}},{"temperature":{"unit":"oC","value":"150"},"time":{"unit":"m","value":"30"}}],"spin_coating":[{"type":{"unit":"","value":"Static (loading)"},"rpm":{"unit":"","value":"4000"},"time":{"unit":"s","value":"20"}}],"additive":[{"material":{"unit":"","value":"MACl"},"solvent":{"unit":"","value":"DMF"},"concentration":{"unit":"","value":"225"},"conc_unit":{"unit":"","value":"mM"},"quantity":{"unit":"mol%","value":"22.5"}}]}},{"perovskite_treatment":[{"material":{"unit":"","value":"4-MeO-PEAI"},"concentration":{"unit":"","value":"4"},"conc_unit":{"unit":"","value":"mM"},"quantity":{"unit":"ml","value":"0.05"}}],"solvent":[{"material":{"unit":"","value":"IPA"},"volume":{"unit":"ml","value":"1"}}],"annealing":[{"temperature":{"unit":"oC","value":"100"},"time":{"unit":"m","value":"5"}}],"spin_coating":[{"type":{"unit":"","value":"Dynamic"},"rpm":{"unit":"","value":"5000"},"time":{"unit":"s","value":"30"}}]},{"htl":[{"material":{"unit":"","value":"Spiro-OMeTAD"},"concentration":{"unit":"","value":"0.0868"},"conc_unit":{"unit":"","value":"mg\/ml"},"quantity":{"unit":"ml","value":"0.03"}}],"spin_coating":[{"type":{"unit":"","value":"Dynamic"},"rpm":{"unit":"","value":"3000"},"time":{"unit":"s","value":"30"}}],"htl_doping":[{"material":{"unit":"","value":"Li-TFSI"},"volume":{"unit":"ul","value":"20"}},{"material":{"unit":"","value":"tBP"},"volume":{"unit":"ul","value":"34"}}],"solvent":[{"material":{"unit":"","value":"CB"},"volume":{"unit":"ml","value":"1"}}]},{"anode_metal":{"unit":"","value":"Ag"}},{"note":{"unit":"","value":"4MeO-PEAI ambient passivation"},"type":{"unit":"","value":"unit_cell"},"device_type":{"unit":"","value":"n-i-p"},"temperature":{"unit":"\u2103","value":"20.4"},"humidity":{"unit":"%","value":"50"},"cell_dimension":{"unit":"cm2","value":"0.125"}}],"fileinfo":[{"key":"Forward_IV 4-MEO-PEAI-4mM-1-1","uploadType":"JV","original_name":"IV 4-MEO-PEAI-4mM-1-1-F.txt","save_name":"SKKU-SC-00141\/Forward_IV 4-MEO-PEAI-4mM-1-1","uploader":82,"fileType":""},{"key":"Reverse_IV 4-MEO-PEAI-4mM-1-1","uploadType":"JV","original_name":"IV 4-MEO-PEAI-4mM-1-1-R.txt","save_name":"SKKU-SC-00141\/Reverse_IV 4-MEO-PEAI-4mM-1-1","uploader":82,"fileType":""},{"key":"Forward_IV 4-MEO-PEAI-4mM-1-2","uploadType":"JV","original_name":"IV 4-MEO-PEAI-4mM-1-2-F.txt","save_name":"SKKU-SC-00141\/Forward_IV 4-MEO-PEAI-4mM-1-2","uploader":82,"fileType":""},{"key":"Reverse_IV 4-MEO-PEAI-4mM-1-2","uploadType":"JV","original_name":"IV 4-MEO-PEAI-4mM-1-2-R.txt","save_name":"SKKU-SC-00141\/Reverse_IV 4-MEO-PEAI-4mM-1-2","uploader":82,"fileType":""},{"key":"Forward_IV 4-MEO-PEAI-4mM-1-4","uploadType":"JV","original_name":"IV 4-MEO-PEAI-4mM-1-4-F.txt","save_name":"SKKU-SC-00141\/Forward_IV 4-MEO-PEAI-4mM-1-4","uploader":82,"fileType":""},{"key":"Reverse_IV 4-MEO-PEAI-4mM-1-4","uploadType":"JV","original_name":"IV 4-MEO-PEAI-4mM-1-4-R.txt","save_name":"SKKU-SC-00141\/Reverse_IV 4-MEO-PEAI-4mM-1-4","uploader":82,"fileType":""},{"key":"Forward_IV 4-MEO-PEAI-4mM-2-1","uploadType":"JV","original_name":"IV 4-MEO-PEAI-4mM-2-1-F.txt","save_name":"SKKU-SC-00141\/Forward_IV 4-MEO-PEAI-4mM-2-1","uploader":82,"fileType":""},{"key":"Reverse_IV 4-MEO-PEAI-4mM-2-1","uploadType":"JV","original_name":"IV 4-MEO-PEAI-4mM-2-1-R.txt","save_name":"SKKU-SC-00141\/Reverse_IV 4-MEO-PEAI-4mM-2-1","uploader":82,"fileType":""},{"key":"Forward_IV 4-MEO-PEAI-4mM-2-2","uploadType":"JV","original_name":"IV 4-MEO-PEAI-4mM-2-2-F.txt","save_name":"SKKU-SC-00141\/Forward_IV 4-MEO-PEAI-4mM-2-2","uploader":82,"fileType":""},{"key":"Reverse_IV 4-MEO-PEAI-4mM-2-2","uploadType":"JV","original_name":"IV 4-MEO-PEAI-4mM-2-2-R.txt","save_name":"SKKU-SC-00141\/Reverse_IV 4-MEO-PEAI-4mM-2-2","uploader":82,"fileType":""},{"key":"Forward_IV 4-MEO-PEAI-4mM-2-3","uploadType":"JV","original_name":"IV 4-MEO-PEAI-4mM-2-3-F.txt","save_name":"SKKU-SC-00141\/Forward_IV 4-MEO-PEAI-4mM-2-3","uploader":82,"fileType":""},{"key":"Reverse_IV 4-MEO-PEAI-4mM-2-3","uploadType":"JV","original_name":"IV 4-MEO-PEAI-4mM-2-3-R.txt","save_name":"SKKU-SC-00141\/Reverse_IV 4-MEO-PEAI-4mM-2-3","uploader":82,"fileType":""},{"key":"Forward_IV 4-MEO-PEAI-4mM-3-1","uploadType":"JV","original_name":"IV 4-MEO-PEAI-4mM-3-1-F.txt","save_name":"SKKU-SC-00141\/Forward_IV 4-MEO-PEAI-4mM-3-1","uploader":82,"fileType":""},{"key":"Reverse_IV 4-MEO-PEAI-4mM-3-1","uploadType":"JV","original_name":"IV 4-MEO-PEAI-4mM-3-1-R.txt","save_name":"SKKU-SC-00141\/Reverse_IV 4-MEO-PEAI-4mM-3-1","uploader":82,"fileType":""},{"key":"Forward_IV 4-MEO-PEAI-4mM-3-2","uploadType":"JV","original_name":"IV 4-MEO-PEAI-4mM-3-2-F.txt","save_name":"SKKU-SC-00141\/Forward_IV 4-MEO-PEAI-4mM-3-2","uploader":82,"fileType":""},{"key":"Reverse_IV 4-MEO-PEAI-4mM-3-2","uploadType":"JV","original_name":"IV 4-MEO-PEAI-4mM-3-2-R.txt","save_name":"SKKU-SC-00141\/Reverse_IV 4-MEO-PEAI-4mM-3-2","uploader":82,"fileType":""},{"key":"Forward_IV 4-MEO-PEAI-4mM-3-5","uploadType":"JV","original_name":"IV 4-MEO-PEAI-4mM-3-5-F.txt","save_name":"SKKU-SC-00141\/Forward_IV 4-MEO-PEAI-4mM-3-5","uploader":82,"fileType":""},{"key":"Reverse_IV 4-MEO-PEAI-4mM-3-5","uploadType":"JV","original_name":"IV 4-MEO-PEAI-4mM-3-5-R.txt","save_name":"SKKU-SC-00141\/Reverse_IV 4-MEO-PEAI-4mM-3-5","uploader":82,"fileType":""}],"jvcnt":18,"updated_at":"2024-10-24 09:15:41","created_at":"2023-10-19 07:04:06","analysisInfo":{"JV":[{"efficiency":18.2,"fill_factor":69.2,"jsc":24.059,"voc":1.0933,"key":"Reverse_IV 4-MEO-PEAI-4mM-3-5","cell_dimension":0.125},{"efficiency":18.43,"fill_factor":69.01,"jsc":24.571,"voc":1.087,"key":"Reverse_IV 4-MEO-PEAI-4mM-3-2","cell_dimension":0.125},{"efficiency":17.85,"fill_factor":66.39,"jsc":24.555,"voc":1.0947,"key":"Reverse_IV 4-MEO-PEAI-4mM-3-1","cell_dimension":0.125},{"efficiency":18.42,"fill_factor":69.29,"jsc":24.386,"voc":1.0902,"key":"Reverse_IV 4-MEO-PEAI-4mM-2-3","cell_dimension":0.125},{"efficiency":16.56,"fill_factor":62.51,"jsc":24.162,"voc":1.0964,"key":"Reverse_IV 4-MEO-PEAI-4mM-2-2","cell_dimension":0.125},{"efficiency":17.75,"fill_factor":67.44,"jsc":24.045,"voc":1.0948,"key":"Reverse_IV 4-MEO-PEAI-4mM-2-1","cell_dimension":0.125},{"efficiency":16.01,"fill_factor":65.37,"jsc":22.121,"voc":1.1068,"key":"Reverse_IV 4-MEO-PEAI-4mM-1-4","cell_dimension":0.125},{"efficiency":16.59,"fill_factor":66.74,"jsc":22.482,"voc":1.106,"key":"Reverse_IV 4-MEO-PEAI-4mM-1-2","cell_dimension":0.125},{"efficiency":15.96,"fill_factor":65.01,"jsc":22.451,"voc":1.0935,"key":"Reverse_IV 4-MEO-PEAI-4mM-1-1","cell_dimension":0.125},{"efficiency":17.37,"fill_factor":66.65,"jsc":24.131,"voc":1.0798,"key":"Forward_IV 4-MEO-PEAI-4mM-3-5","cell_dimension":0.125},{"efficiency":17.78,"fill_factor":67.63,"jsc":24.539,"voc":1.0716,"key":"Forward_IV 4-MEO-PEAI-4mM-3-2","cell_dimension":0.125},{"efficiency":17.41,"fill_factor":64.68,"jsc":24.662,"voc":1.0914,"key":"Forward_IV 4-MEO-PEAI-4mM-3-1","cell_dimension":0.125},{"efficiency":17.77,"fill_factor":67.85,"jsc":24.35,"voc":1.0756,"key":"Forward_IV 4-MEO-PEAI-4mM-2-3","cell_dimension":0.125},{"efficiency":15.88,"fill_factor":60.11,"jsc":24.289,"voc":1.0876,"key":"Forward_IV 4-MEO-PEAI-4mM-2-2","cell_dimension":0.125},{"efficiency":17.21,"fill_factor":66.09,"jsc":23.995,"voc":1.0852,"key":"Forward_IV 4-MEO-PEAI-4mM-2-1","cell_dimension":0.125},{"efficiency":15.14,"fill_factor":62.58,"jsc":22.204,"voc":1.0899,"key":"Forward_IV 4-MEO-PEAI-4mM-1-4","cell_dimension":0.125},{"efficiency":15.74,"fill_factor":64.06,"jsc":22.482,"voc":1.0928,"key":"Forward_IV 4-MEO-PEAI-4mM-1-2","cell_dimension":0.125},{"efficiency":14.45,"fill_factor":60.82,"jsc":22.252,"voc":1.0676,"key":"Forward_IV 4-MEO-PEAI-4mM-1-1","cell_dimension":0.125}]},"public":2,"analysis":{"JV":[{"V":{"value":[1.2,1.187,1.174,1.161,1.147,1.134,1.121,1.108,1.095,1.082,1.069,1.056,1.042,1.029,1.016,1.003,0.99,0.977,0.964,0.951,0.937,0.924,0.911,0.898,0.885,0.872,0.859,0.845,0.832,0.819,0.806,0.793,0.78,0.767,0.754,0.74,0.727,0.714,0.701,0.688,0.675,0.662,0.648,0.635,0.622,0.609,0.596,0.583,0.57,0.557,0.543,0.53,0.517,0.504,0.491,0.478,0.465,0.452,0.438,0.425,0.412,0.399,0.386,0.373,0.36,0.346,0.333,0.32,0.307,0.294,0.281,0.268,0.255,0.241,0.228,0.215,0.202,0.189,0.176,0.163,0.149,0.136,0.123,0.11,0.097,0.084,0.071,0.058,0.044,0.031,0.018,0.005,-0.008,-0.021,-0.034,-0.047,-0.061,-0.074,-0.087,-0.1],"unit":"V"},"I":{"value":[-0.00068022,-0.00061568,-0.00055049,-0.00048109,-0.00040142,-0.00032021,-0.00022994,-0.00012918,-1.6439e-5,0.00011205,0.00024841,0.00039916,0.00057571,0.00074898,0.00093002,0.0011287,0.0013153,0.0014992,0.0016822,0.0018561,0.0020256,0.0021706,0.0023002,0.0024029,0.0024966,0.0025771,0.0026355,0.0026925,0.0027345,0.0027606,0.0027954,0.0028181,0.0028276,0.0028478,0.0028539,0.0028696,0.0028839,0.0028803,0.0028896,0.002901,0.0029005,0.0029083,0.0029151,0.0029091,0.0029203,0.0029271,0.0029252,0.0029308,0.002937,0.0029262,0.002934,0.0029415,0.002934,0.0029391,0.0029429,0.0029417,0.0029522,0.0029447,0.0029466,0.0029547,0.0029561,0.0029553,0.0029627,0.0029657,0.0029534,0.0029638,0.0029661,0.0029643,0.0029728,0.0029678,0.002967,0.0029772,0.0029707,0.002973,0.0029813,0.0029718,0.0029811,0.0029855,0.0029811,0.0029878,0.0029884,0.0029905,0.0029948,0.0029992,0.0029978,0.0029893,0.0030029,0.0030001,0.0030026,0.0030103,0.0030039,0.0030053,0.0030107,0.0030122,0.0030119,0.0030183,0.0030207,0.0030112,0.0030211,0.0030268],"unit":"A"},"J":{"value":[-8.50275e-5,-7.696e-5,-6.881125e-5,-6.013625e-5,-5.01775e-5,-4.002625e-5,-2.87425e-5,-1.61475e-5,-2.054875e-6,1.400625e-5,3.105125e-5,4.9895e-5,7.196375e-5,9.36225e-5,0.0001162525,0.0001410875,0.0001644125,0.0001874,0.000210275,0.0002320125,0.0002532,0.000271325,0.000287525,0.0003003625,0.000312075,0.0003221375,0.0003294375,0.0003365625,0.0003418125,0.000345075,0.000349425,0.0003522625,0.00035345,0.000355975,0.0003567375,0.0003587,0.0003604875,0.0003600375,0.0003612,0.000362625,0.0003625625,0.0003635375,0.0003643875,0.0003636375,0.0003650375,0.0003658875,0.00036565,0.00036635,0.000367125,0.000365775,0.00036675,0.0003676875,0.00036675,0.0003673875,0.0003678625,0.0003677125,0.000369025,0.0003680875,0.000368325,0.0003693375,0.0003695125,0.0003694125,0.0003703375,0.0003707125,0.000369175,0.000370475,0.0003707625,0.0003705375,0.0003716,0.000370975,0.000370875,0.00037215,0.0003713375,0.000371625,0.0003726625,0.000371475,0.0003726375,0.0003731875,0.0003726375,0.000373475,0.00037355,0.0003738125,0.00037435,0.0003749,0.000374725,0.0003736625,0.0003753625,0.0003750125,0.000375325,0.0003762875,0.0003754875,0.0003756625,0.0003763375,0.000376525,0.0003764875,0.0003772875,0.0003775875,0.0003764,0.0003776375,0.00037835],"unit":"A\/cm2"},"voc":{"unit":"V","value":1.0933},"isc":{"unit":"A","value":0.0030074},"jsc":{"unit":"mA\/cm2","value":24.059},"fill_factor":{"unit":"%","value":69.2},"pmax":{"unit":"mW","value":2.275},"vmax":{"unit":"V","value":0.845},"imax":{"unit":"mA","value":2.693},"rshunt":{"unit":"ohms","value":5430},"voc_slope":{"unit":"ohms","value":103},"efficiency":{"unit":"%","value":18.2},"monitor_cell_reading":{"unit":"mV","value":0},"monitor_cell_calibration_value":{"unit":"mV","value":0},"test_device_area":{"unit":"cm2","value":0.125},"num_of_series_connected_stacks":{"unit":"","value":1},"meter_integration":{"unit":"NPLC","value":0.1},"source_irradiance":{"unit":"mW\/cm2","value":100},"voltage_settling_time":{"unit":"ms","value":10},"sweep_direction":{"unit":"","value":"Reverse"},"irradiance_variation_correction":{"unit":"","value":"None"},"device_id":{"unit":"","value":"4-MEO-PEAI-4mM-3-5-R"},"cell_dimension":{"unit":"cm2","value":0.125},"key":"Reverse_IV 4-MEO-PEAI-4mM-3-5"},{"V":{"value":[1.2,1.187,1.174,1.161,1.147,1.134,1.121,1.108,1.095,1.082,1.069,1.056,1.042,1.029,1.016,1.003,0.99,0.977,0.964,0.951,0.937,0.924,0.911,0.898,0.885,0.872,0.859,0.845,0.832,0.819,0.806,0.793,0.78,0.767,0.754,0.74,0.727,0.714,0.701,0.688,0.675,0.662,0.648,0.635,0.622,0.609,0.596,0.583,0.57,0.557,0.543,0.53,0.517,0.504,0.491,0.478,0.465,0.452,0.438,0.425,0.412,0.399,0.386,0.373,0.36,0.346,0.333,0.32,0.307,0.294,0.281,0.268,0.255,0.241,0.228,0.215,0.202,0.189,0.176,0.163,0.149,0.136,0.123,0.11,0.097,0.084,0.071,0.058,0.044,0.031,0.018,0.005,-0.008,-0.021,-0.034,-0.047,-0.061,-0.074,-0.087,-0.1],"unit":"V"},"I":{"value":[-0.0011689,-0.0010482,-0.00092538,-0.00080329,-0.00066992,-0.00054105,-0.00038718,-0.00026665,-9.6605e-5,6.0171e-5,0.00022812,0.00039754,0.00058877,0.00076974,0.00092607,0.0011199,0.0013035,0.0014848,0.0016603,0.0018311,0.0020002,0.0021603,0.0022916,0.0023936,0.0024908,0.0025838,0.002659,0.0027234,0.0027669,0.0028132,0.0028459,0.0028713,0.0028956,0.0029178,0.0029287,0.0029368,0.0029583,0.0029567,0.0029643,0.0029806,0.0029857,0.0029805,0.0029933,0.0029982,0.003003,0.0030086,0.0030127,0.0030081,0.0030164,0.0030165,0.0030167,0.0030246,0.0030172,0.0030234,0.0030378,0.0030275,0.0030336,0.0030322,0.0030341,0.0030442,0.0030414,0.0030333,0.0030453,0.0030463,0.0030472,0.0030485,0.0030476,0.0030473,0.003052,0.0030534,0.0030524,0.0030564,0.0030587,0.0030483,0.0030629,0.0030635,0.0030603,0.0030588,0.0030626,0.0030601,0.0030609,0.0030687,0.0030641,0.0030658,0.0030665,0.0030636,0.0030707,0.0030686,0.0030643,0.0030701,0.0030688,0.0030712,0.0030716,0.0030631,0.0030651,0.0030762,0.0030774,0.0030708,0.0030714,0.0030756],"unit":"A"},"J":{"value":[-0.0001461125,-0.000131025,-0.0001156725,-0.00010041125,-8.374e-5,-6.763125e-5,-4.83975e-5,-3.333125e-5,-1.2075625e-5,7.521375e-6,2.8515e-5,4.96925e-5,7.359625e-5,9.62175e-5,0.00011575875,0.0001399875,0.0001629375,0.0001856,0.0002075375,0.0002288875,0.000250025,0.0002700375,0.00028645,0.0002992,0.00031135,0.000322975,0.000332375,0.000340425,0.0003458625,0.00035165,0.0003557375,0.0003589125,0.00036195,0.000364725,0.0003660875,0.0003671,0.0003697875,0.0003695875,0.0003705375,0.000372575,0.0003732125,0.0003725625,0.0003741625,0.000374775,0.000375375,0.000376075,0.0003765875,0.0003760125,0.00037705,0.0003770625,0.0003770875,0.000378075,0.00037715,0.000377925,0.000379725,0.0003784375,0.0003792,0.000379025,0.0003792625,0.000380525,0.000380175,0.0003791625,0.0003806625,0.0003807875,0.0003809,0.0003810625,0.00038095,0.0003809125,0.0003815,0.000381675,0.00038155,0.00038205,0.0003823375,0.0003810375,0.0003828625,0.0003829375,0.0003825375,0.00038235,0.000382825,0.0003825125,0.0003826125,0.0003835875,0.0003830125,0.000383225,0.0003833125,0.00038295,0.0003838375,0.000383575,0.0003830375,0.0003837625,0.0003836,0.0003839,0.00038395,0.0003828875,0.0003831375,0.000384525,0.000384675,0.00038385,0.000383925,0.00038445],"unit":"A\/cm2"},"voc":{"unit":"V","value":1.087},"isc":{"unit":"A","value":0.0030713},"jsc":{"unit":"mA\/cm2","value":24.571},"fill_factor":{"unit":"%","value":69.01},"pmax":{"unit":"mW","value":2.304},"vmax":{"unit":"V","value":0.819},"imax":{"unit":"mA","value":2.813},"rshunt":{"unit":"ohms","value":3910},"voc_slope":{"unit":"ohms","value":77.6},"efficiency":{"unit":"%","value":18.43},"monitor_cell_reading":{"unit":"mV","value":0},"monitor_cell_calibration_value":{"unit":"mV","value":0},"test_device_area":{"unit":"cm2","value":0.125},"num_of_series_connected_stacks":{"unit":"","value":1},"meter_integration":{"unit":"NPLC","value":0.1},"source_irradiance":{"unit":"mW\/cm2","value":100},"voltage_settling_time":{"unit":"ms","value":10},"sweep_direction":{"unit":"","value":"Reverse"},"irradiance_variation_correction":{"unit":"","value":"None"},"device_id":{"unit":"","value":"4-MEO-PEAI-4mM-3-2-R"},"cell_dimension":{"unit":"cm2","value":0.125},"key":"Reverse_IV 4-MEO-PEAI-4mM-3-2"},{"V":{"value":[1.2,1.187,1.174,1.161,1.147,1.134,1.121,1.108,1.095,1.082,1.069,1.056,1.042,1.029,1.016,1.003,0.99,0.977,0.964,0.951,0.937,0.924,0.911,0.898,0.885,0.872,0.859,0.845,0.832,0.819,0.806,0.793,0.78,0.767,0.754,0.74,0.727,0.714,0.701,0.688,0.675,0.662,0.648,0.635,0.622,0.609,0.596,0.583,0.57,0.557,0.543,0.53,0.517,0.504,0.491,0.478,0.465,0.452,0.438,0.425,0.412,0.399,0.386,0.373,0.36,0.346,0.333,0.32,0.307,0.294,0.281,0.268,0.255,0.241,0.228,0.215,0.202,0.189,0.176,0.163,0.149,0.136,0.123,0.11,0.097,0.084,0.071,0.058,0.044,0.031,0.018,0.005,-0.008,-0.021,-0.034,-0.047,-0.061,-0.074,-0.087,-0.1],"unit":"V"},"I":{"value":[-0.00039132,-0.00035532,-0.00031812,-0.00027836,-0.00023233,-0.00018502,-0.00013146,-7.1114e-5,-1.5726e-6,7.8002e-5,0.00015878,0.00025726,0.00037436,0.00049542,0.00064202,0.00078261,0.00093196,0.0010981,0.0012526,0.0014137,0.001586,0.0017481,0.0018995,0.0020443,0.0021831,0.0023136,0.0024265,0.0025372,0.0026226,0.0026917,0.0027586,0.0028131,0.0028482,0.0028787,0.0029066,0.0029242,0.0029417,0.0029622,0.002978,0.002976,0.0029879,0.0029979,0.0030091,0.0030058,0.0030141,0.0030204,0.0030168,0.003024,0.003032,0.0030257,0.0030255,0.0030345,0.0030363,0.003034,0.0030402,0.0030376,0.0030385,0.0030476,0.0030486,0.0030418,0.0030503,0.0030535,0.0030448,0.0030502,0.0030626,0.00305,0.0030478,0.0030552,0.0030498,0.0030558,0.0030637,0.0030561,0.0030606,0.0030601,0.0030609,0.0030603,0.0030642,0.0030674,0.0030534,0.0030593,0.0030639,0.0030635,0.0030669,0.003059,0.0030603,0.0030703,0.0030685,0.00306,0.0030667,0.0030622,0.0030588,0.0030695,0.0030692,0.003063,0.0030719,0.003062,0.0030676,0.0030756,0.0030717,0.0030629],"unit":"A"},"J":{"value":[-4.8915e-5,-4.4415e-5,-3.9765e-5,-3.4795e-5,-2.904125e-5,-2.31275e-5,-1.64325e-5,-8.88925e-6,-1.96575e-7,9.75025e-6,1.98475e-5,3.21575e-5,4.6795e-5,6.19275e-5,8.02525e-5,9.782625e-5,0.000116495,0.0001372625,0.000156575,0.0001767125,0.00019825,0.0002185125,0.0002374375,0.0002555375,0.0002728875,0.0002892,0.0003033125,0.00031715,0.000327825,0.0003364625,0.000344825,0.0003516375,0.000356025,0.0003598375,0.000363325,0.000365525,0.0003677125,0.000370275,0.00037225,0.000372,0.0003734875,0.0003747375,0.0003761375,0.000375725,0.0003767625,0.00037755,0.0003771,0.000378,0.000379,0.0003782125,0.0003781875,0.0003793125,0.0003795375,0.00037925,0.000380025,0.0003797,0.0003798125,0.00038095,0.000381075,0.000380225,0.0003812875,0.0003816875,0.0003806,0.000381275,0.000382825,0.00038125,0.000380975,0.0003819,0.000381225,0.000381975,0.0003829625,0.0003820125,0.000382575,0.0003825125,0.0003826125,0.0003825375,0.000383025,0.000383425,0.000381675,0.0003824125,0.0003829875,0.0003829375,0.0003833625,0.000382375,0.0003825375,0.0003837875,0.0003835625,0.0003825,0.0003833375,0.000382775,0.00038235,0.0003836875,0.00038365,0.000382875,0.0003839875,0.00038275,0.00038345,0.00038445,0.0003839625,0.0003828625],"unit":"A\/cm2"},"voc":{"unit":"V","value":1.0947},"isc":{"unit":"A","value":0.0030694},"jsc":{"unit":"mA\/cm2","value":24.555},"fill_factor":{"unit":"%","value":66.39},"pmax":{"unit":"mW","value":2.231},"vmax":{"unit":"V","value":0.793},"imax":{"unit":"mA","value":2.813},"rshunt":{"unit":"ohms","value":3540},"voc_slope":{"unit":"ohms","value":167},"efficiency":{"unit":"%","value":17.85},"monitor_cell_reading":{"unit":"mV","value":0},"monitor_cell_calibration_value":{"unit":"mV","value":0},"test_device_area":{"unit":"cm2","value":0.125},"num_of_series_connected_stacks":{"unit":"","value":1},"meter_integration":{"unit":"NPLC","value":0.1},"source_irradiance":{"unit":"mW\/cm2","value":100},"voltage_settling_time":{"unit":"ms","value":10},"sweep_direction":{"unit":"","value":"Reverse"},"irradiance_variation_correction":{"unit":"","value":"None"},"device_id":{"unit":"","value":"4-MEO-PEAI-4mM-3-1-R"},"cell_dimension":{"unit":"cm2","value":0.125},"key":"Reverse_IV 4-MEO-PEAI-4mM-3-1"},{"V":{"value":[1.2,1.187,1.174,1.161,1.147,1.134,1.121,1.108,1.095,1.082,1.069,1.056,1.042,1.029,1.016,1.003,0.99,0.977,0.964,0.951,0.937,0.924,0.911,0.898,0.885,0.872,0.859,0.845,0.832,0.819,0.806,0.793,0.78,0.767,0.754,0.74,0.727,0.714,0.701,0.688,0.675,0.662,0.648,0.635,0.622,0.609,0.596,0.583,0.57,0.557,0.543,0.53,0.517,0.504,0.491,0.478,0.465,0.452,0.438,0.425,0.412,0.399,0.386,0.373,0.36,0.346,0.333,0.32,0.307,0.294,0.281,0.268,0.255,0.241,0.228,0.215,0.202,0.189,0.176,0.163,0.149,0.136,0.123,0.11,0.097,0.084,0.071,0.058,0.044,0.031,0.018,0.005,-0.008,-0.021,-0.034,-0.047,-0.061,-0.074,-0.087,-0.1],"unit":"V"},"I":{"value":[-0.00092026,-0.00082869,-0.00073452,-0.00063778,-0.0005302,-0.00042428,-0.00031001,-0.00018805,-5.3421e-5,9.0507e-5,0.00025063,0.00041496,0.00060215,0.00078377,0.00097087,0.0011725,0.0013561,0.0015424,0.0016725,0.0018896,0.0020568,0.0022019,0.0023235,0.0024288,0.0025214,0.002601,0.0026608,0.002721,0.0027676,0.0027955,0.0028238,0.0028545,0.0028739,0.0028856,0.0029004,0.0029204,0.0029281,0.0029309,0.0029452,0.0029515,0.0029582,0.0029693,0.0029728,0.0029685,0.0029762,0.0029831,0.0029818,0.0029947,0.0029898,0.0029893,0.0030025,0.0029994,0.0030017,0.0030049,0.0030024,0.0030097,0.0030141,0.0030069,0.0030124,0.003016,0.0030126,0.003011,0.003015,0.0030221,0.0030175,0.0030203,0.0029446,0.0030224,0.0030256,0.0029686,0.0030305,0.003027,0.0030289,0.0030299,0.0030284,0.0030414,0.003042,0.0030273,0.0030333,0.0030387,0.0030364,0.0030428,0.0030431,0.0030358,0.00304,0.0030382,0.0030366,0.0030449,0.0030426,0.0030355,0.0030414,0.0030507,0.0030443,0.0030451,0.0030485,0.0030416,0.0030399,0.0030483,0.0030507,0.003042],"unit":"A"},"J":{"value":[-0.0001150325,-0.00010358625,-9.1815e-5,-7.97225e-5,-6.6275e-5,-5.3035e-5,-3.875125e-5,-2.350625e-5,-6.677625e-6,1.1313375e-5,3.132875e-5,5.187e-5,7.526875e-5,9.797125e-5,0.00012135875,0.0001465625,0.0001695125,0.0001928,0.0002090625,0.0002362,0.0002571,0.0002752375,0.0002904375,0.0003036,0.000315175,0.000325125,0.0003326,0.000340125,0.00034595,0.0003494375,0.000352975,0.0003568125,0.0003592375,0.0003607,0.00036255,0.00036505,0.0003660125,0.0003663625,0.00036815,0.0003689375,0.000369775,0.0003711625,0.0003716,0.0003710625,0.000372025,0.0003728875,0.000372725,0.0003743375,0.000373725,0.0003736625,0.0003753125,0.000374925,0.0003752125,0.0003756125,0.0003753,0.0003762125,0.0003767625,0.0003758625,0.00037655,0.000377,0.000376575,0.000376375,0.000376875,0.0003777625,0.0003771875,0.0003775375,0.000368075,0.0003778,0.0003782,0.000371075,0.0003788125,0.000378375,0.0003786125,0.0003787375,0.00037855,0.000380175,0.00038025,0.0003784125,0.0003791625,0.0003798375,0.00037955,0.00038035,0.0003803875,0.000379475,0.00038,0.000379775,0.000379575,0.0003806125,0.000380325,0.0003794375,0.000380175,0.0003813375,0.0003805375,0.0003806375,0.0003810625,0.0003802,0.0003799875,0.0003810375,0.0003813375,0.00038025],"unit":"A\/cm2"},"voc":{"unit":"V","value":1.0902},"isc":{"unit":"A","value":0.0030483},"jsc":{"unit":"mA\/cm2","value":24.386},"fill_factor":{"unit":"%","value":69.29},"pmax":{"unit":"mW","value":2.303},"vmax":{"unit":"V","value":0.832},"imax":{"unit":"mA","value":2.768},"rshunt":{"unit":"ohms","value":682},"voc_slope":{"unit":"ohms","value":89.2},"efficiency":{"unit":"%","value":18.42},"monitor_cell_reading":{"unit":"mV","value":0},"monitor_cell_calibration_value":{"unit":"mV","value":0},"test_device_area":{"unit":"cm2","value":0.125},"num_of_series_connected_stacks":{"unit":"","value":1},"meter_integration":{"unit":"NPLC","value":0.1},"source_irradiance":{"unit":"mW\/cm2","value":100},"voltage_settling_time":{"unit":"ms","value":10},"sweep_direction":{"unit":"","value":"Reverse"},"irradiance_variation_correction":{"unit":"","value":"None"},"device_id":{"unit":"","value":"4-MEO-PEAI-4mM-2-3-R"},"cell_dimension":{"unit":"cm2","value":0.125},"key":"Reverse_IV 4-MEO-PEAI-4mM-2-3"},{"V":{"value":[1.2,1.187,1.174,1.161,1.147,1.134,1.121,1.108,1.095,1.082,1.069,1.056,1.042,1.029,1.016,1.003,0.99,0.977,0.964,0.951,0.937,0.924,0.911,0.898,0.885,0.872,0.859,0.845,0.832,0.819,0.806,0.793,0.78,0.767,0.754,0.74,0.727,0.714,0.701,0.688,0.675,0.662,0.648,0.635,0.622,0.609,0.596,0.583,0.57,0.557,0.543,0.53,0.517,0.504,0.491,0.478,0.465,0.452,0.438,0.425,0.412,0.399,0.386,0.373,0.36,0.346,0.333,0.32,0.307,0.294,0.281,0.268,0.255,0.241,0.228,0.215,0.202,0.189,0.176,0.163,0.149,0.136,0.123,0.11,0.097,0.084,0.071,0.058,0.044,0.031,0.018,0.005,-0.008,-0.021,-0.034,-0.047,-0.061,-0.074,-0.087,-0.1],"unit":"V"},"I":{"value":[-0.00054343,-0.00048831,-0.00043207,-0.00037186,-0.00030327,-0.00023369,-0.00015858,-7.791e-5,9.4773e-6,0.0001044,0.0002023,0.0003065,0.00042321,0.00053639,0.00065463,0.00077485,0.00089651,0.0010225,0.0011555,0.001279,0.0014156,0.0015422,0.001662,0.0017839,0.0019053,0.0020213,0.0021262,0.0022403,0.0023365,0.0024225,0.0025078,0.0025763,0.0026435,0.0026987,0.0027375,0.0027842,0.0028213,0.0028456,0.0028623,0.002884,0.0029003,0.002908,0.0029296,0.0029399,0.0029396,0.0029517,0.0029584,0.0029546,0.0029609,0.0029719,0.0029739,0.0029781,0.0029733,0.0029774,0.0029834,0.002995,0.0029917,0.0029877,0.0029939,0.0029962,0.0030029,0.0029941,0.0029996,0.0030006,0.0029922,0.0029961,0.0029971,0.0030084,0.0030045,0.0030022,0.003009,0.0030119,0.0030007,0.0030047,0.0030063,0.0030021,0.0030072,0.0030096,0.0030027,0.0030142,0.0030134,0.003004,0.0030174,0.0030191,0.003014,0.0030162,0.0030175,0.0030127,0.003014,0.0030187,0.0030115,0.0030181,0.0030236,0.0030138,0.003015,0.0030266,0.0030211,0.0030202,0.0030268,0.0030193],"unit":"A"},"J":{"value":[-6.792875e-5,-6.103875e-5,-5.400875e-5,-4.64825e-5,-3.790875e-5,-2.921125e-5,-1.98225e-5,-9.73875e-6,1.1846625e-6,1.305e-5,2.52875e-5,3.83125e-5,5.290125e-5,6.704875e-5,8.182875e-5,9.685625e-5,0.00011206375,0.0001278125,0.0001444375,0.000159875,0.00017695,0.000192775,0.00020775,0.0002229875,0.0002381625,0.0002526625,0.000265775,0.0002800375,0.0002920625,0.0003028125,0.000313475,0.0003220375,0.0003304375,0.0003373375,0.0003421875,0.000348025,0.0003526625,0.0003557,0.0003577875,0.0003605,0.0003625375,0.0003635,0.0003662,0.0003674875,0.00036745,0.0003689625,0.0003698,0.000369325,0.0003701125,0.0003714875,0.0003717375,0.0003722625,0.0003716625,0.000372175,0.000372925,0.000374375,0.0003739625,0.0003734625,0.0003742375,0.000374525,0.0003753625,0.0003742625,0.00037495,0.000375075,0.000374025,0.0003745125,0.0003746375,0.00037605,0.0003755625,0.000375275,0.000376125,0.0003764875,0.0003750875,0.0003755875,0.0003757875,0.0003752625,0.0003759,0.0003762,0.0003753375,0.000376775,0.000376675,0.0003755,0.000377175,0.0003773875,0.00037675,0.000377025,0.0003771875,0.0003765875,0.00037675,0.0003773375,0.0003764375,0.0003772625,0.00037795,0.000376725,0.000376875,0.000378325,0.0003776375,0.000377525,0.00037835,0.0003774125],"unit":"A\/cm2"},"voc":{"unit":"V","value":1.0964},"isc":{"unit":"A","value":0.0030202},"jsc":{"unit":"mA\/cm2","value":24.162},"fill_factor":{"unit":"%","value":62.51},"pmax":{"unit":"mW","value":2.07},"vmax":{"unit":"V","value":0.767},"imax":{"unit":"mA","value":2.699},"rshunt":{"unit":"ohms","value":4570},"voc_slope":{"unit":"ohms","value":139},"efficiency":{"unit":"%","value":16.56},"monitor_cell_reading":{"unit":"mV","value":0},"monitor_cell_calibration_value":{"unit":"mV","value":0},"test_device_area":{"unit":"cm2","value":0.125},"num_of_series_connected_stacks":{"unit":"","value":1},"meter_integration":{"unit":"NPLC","value":0.1},"source_irradiance":{"unit":"mW\/cm2","value":100},"voltage_settling_time":{"unit":"ms","value":10},"sweep_direction":{"unit":"","value":"Reverse"},"irradiance_variation_correction":{"unit":"","value":"None"},"device_id":{"unit":"","value":"4-MEO-PEAI-4mM-2-2-R"},"cell_dimension":{"unit":"cm2","value":0.125},"key":"Reverse_IV 4-MEO-PEAI-4mM-2-2"},{"V":{"value":[1.2,1.187,1.174,1.161,1.147,1.134,1.121,1.108,1.095,1.082,1.069,1.056,1.042,1.029,1.016,1.003,0.99,0.977,0.964,0.951,0.937,0.924,0.911,0.898,0.885,0.872,0.859,0.845,0.832,0.819,0.806,0.793,0.78,0.767,0.754,0.74,0.727,0.714,0.701,0.688,0.675,0.662,0.648,0.635,0.622,0.609,0.596,0.583,0.57,0.557,0.543,0.53,0.517,0.504,0.491,0.478,0.465,0.452,0.438,0.425,0.412,0.399,0.386,0.373,0.36,0.346,0.333,0.32,0.307,0.294,0.281,0.268,0.255,0.241,0.228,0.215,0.202,0.189,0.176,0.163,0.149,0.136,0.123,0.11,0.097,0.084,0.071,0.058,0.044,0.031,0.018,0.005,-0.008,-0.021,-0.034,-0.047,-0.061,-0.074,-0.087,-0.1],"unit":"V"},"I":{"value":[-0.00054719,-0.00049487,-0.00044043,-0.00038352,-0.00031744,-0.00025076,-0.00017713,-9.4479e-5,-1.7749e-6,0.00010266,0.00021571,0.00034082,0.00048777,0.00063438,0.00072843,0.00095148,0.0011278,0.0012951,0.0014639,0.0016292,0.0018075,0.0019555,0.0020974,0.0022279,0.0023435,0.0024431,0.0025302,0.0026106,0.0026654,0.0027094,0.0027525,0.0027845,0.0028065,0.0028342,0.0028554,0.0028618,0.0028814,0.0028917,0.0028986,0.0029104,0.0029157,0.0029159,0.002925,0.0029374,0.0029378,0.0029379,0.0029445,0.002939,0.002947,0.0029535,0.0029483,0.0029547,0.0029602,0.0029491,0.0029567,0.0029658,0.0029568,0.0029651,0.0029696,0.0029633,0.0029706,0.0029773,0.0029721,0.0029723,0.0029776,0.0029733,0.0029811,0.0029738,0.0029758,0.0029832,0.0029797,0.0029808,0.0029859,0.0029811,0.0029812,0.0029861,0.0029931,0.0029871,0.0029882,0.0029931,0.0029888,0.0029882,0.0029984,0.0029915,0.0029939,0.0029988,0.0029976,0.0029922,0.0029988,0.0030062,0.0030059,0.0030034,0.0030093,0.0030046,0.0029995,0.0030135,0.0030157,0.00301,0.003019,0.0030149],"unit":"A"},"J":{"value":[-6.839875e-5,-6.185875e-5,-5.505375e-5,-4.794e-5,-3.968e-5,-3.1345e-5,-2.214125e-5,-1.1809875e-5,-2.218625e-7,1.28325e-5,2.696375e-5,4.26025e-5,6.097125e-5,7.92975e-5,9.105375e-5,0.000118935,0.000140975,0.0001618875,0.0001829875,0.00020365,0.0002259375,0.0002444375,0.000262175,0.0002784875,0.0002929375,0.0003053875,0.000316275,0.000326325,0.000333175,0.000338675,0.0003440625,0.0003480625,0.0003508125,0.000354275,0.000356925,0.000357725,0.000360175,0.0003614625,0.000362325,0.0003638,0.0003644625,0.0003644875,0.000365625,0.000367175,0.000367225,0.0003672375,0.0003680625,0.000367375,0.000368375,0.0003691875,0.0003685375,0.0003693375,0.000370025,0.0003686375,0.0003695875,0.000370725,0.0003696,0.0003706375,0.0003712,0.0003704125,0.000371325,0.0003721625,0.0003715125,0.0003715375,0.0003722,0.0003716625,0.0003726375,0.000371725,0.000371975,0.0003729,0.0003724625,0.0003726,0.0003732375,0.0003726375,0.00037265,0.0003732625,0.0003741375,0.0003733875,0.000373525,0.0003741375,0.0003736,0.000373525,0.0003748,0.0003739375,0.0003742375,0.00037485,0.0003747,0.000374025,0.00037485,0.000375775,0.0003757375,0.000375425,0.0003761625,0.000375575,0.0003749375,0.0003766875,0.0003769625,0.00037625,0.000377375,0.0003768625],"unit":"A\/cm2"},"voc":{"unit":"V","value":1.0948},"isc":{"unit":"A","value":0.0030057},"jsc":{"unit":"mA\/cm2","value":24.045},"fill_factor":{"unit":"%","value":67.44},"pmax":{"unit":"mW","value":2.219},"vmax":{"unit":"V","value":0.819},"imax":{"unit":"mA","value":2.709},"rshunt":{"unit":"ohms","value":4200},"voc_slope":{"unit":"ohms","value":125},"efficiency":{"unit":"%","value":17.75},"monitor_cell_reading":{"unit":"mV","value":0},"monitor_cell_calibration_value":{"unit":"mV","value":0},"test_device_area":{"unit":"cm2","value":0.125},"num_of_series_connected_stacks":{"unit":"","value":1},"meter_integration":{"unit":"NPLC","value":0.1},"source_irradiance":{"unit":"mW\/cm2","value":100},"voltage_settling_time":{"unit":"ms","value":10},"sweep_direction":{"unit":"","value":"Reverse"},"irradiance_variation_correction":{"unit":"","value":"None"},"device_id":{"unit":"","value":"4-MEO-PEAI-4mM-2-1-R"},"cell_dimension":{"unit":"cm2","value":0.125},"key":"Reverse_IV 4-MEO-PEAI-4mM-2-1"},{"V":{"value":[1.2,1.187,1.174,1.161,1.147,1.134,1.121,1.108,1.095,1.082,1.069,1.056,1.042,1.029,1.016,1.003,0.99,0.977,0.964,0.951,0.937,0.924,0.911,0.898,0.885,0.872,0.859,0.845,0.832,0.819,0.806,0.793,0.78,0.767,0.754,0.74,0.727,0.714,0.701,0.688,0.675,0.662,0.648,0.635,0.622,0.609,0.596,0.583,0.57,0.557,0.543,0.53,0.517,0.504,0.491,0.478,0.465,0.452,0.438,0.425,0.412,0.399,0.386,0.373,0.36,0.346,0.333,0.32,0.307,0.294,0.281,0.268,0.255,0.241,0.228,0.215,0.202,0.189,0.176,0.163,0.149,0.136,0.123,0.11,0.097,0.084,0.071,0.058,0.044,0.031,0.018,0.005,-0.008,-0.021,-0.034,-0.047,-0.061,-0.074,-0.087,-0.1],"unit":"V"},"I":{"value":[-0.00037376,-0.00033094,-0.0002866,-0.00024081,-0.00018862,-0.00013493,-7.4929e-5,-7.1131e-6,7.1983e-5,0.00016231,0.00026101,0.00037283,0.00050733,0.00064195,0.0007858,0.00093663,0.0011021,0.001255,0.0014081,0.0015605,0.0017126,0.0018419,0.0019608,0.0020672,0.0021562,0.0022341,0.0023049,0.0023581,0.002403,0.002443,0.0024715,0.002491,0.0025185,0.0025344,0.0025424,0.0025598,0.0025715,0.0025768,0.0025889,0.0025994,0.0025985,0.0026074,0.0026155,0.0026143,0.0026186,0.0026292,0.0026363,0.0026304,0.0026374,0.0026466,0.0026411,0.0026532,0.0026569,0.0026539,0.0026599,0.0026656,0.0026669,0.0026749,0.0026855,0.0026714,0.0026815,0.0026906,0.0026985,0.0026963,0.0027013,0.0027076,0.0027068,0.0027073,0.002719,0.0027167,0.0027232,0.0027264,0.0027226,0.002733,0.0027403,0.0027365,0.0027436,0.0027463,0.0027533,0.0027445,0.0027452,0.0027572,0.0027522,0.0027571,0.0027609,0.0027521,0.0027627,0.0027657,0.0027619,0.0027633,0.0027721,0.0027635,0.0027677,0.002774,0.0027698,0.0027748,0.0027771,0.002775,0.0027775,0.0027816],"unit":"A"},"J":{"value":[-4.672e-5,-4.13675e-5,-3.5825e-5,-3.010125e-5,-2.35775e-5,-1.686625e-5,-9.366125e-6,-8.891375e-7,8.997875e-6,2.028875e-5,3.262625e-5,4.660375e-5,6.341625e-5,8.024375e-5,9.8225e-5,0.00011707875,0.0001377625,0.000156875,0.0001760125,0.0001950625,0.000214075,0.0002302375,0.0002451,0.0002584,0.000269525,0.0002792625,0.0002881125,0.0002947625,0.000300375,0.000305375,0.0003089375,0.000311375,0.0003148125,0.0003168,0.0003178,0.000319975,0.0003214375,0.0003221,0.0003236125,0.000324925,0.0003248125,0.000325925,0.0003269375,0.0003267875,0.000327325,0.00032865,0.0003295375,0.0003288,0.000329675,0.000330825,0.0003301375,0.00033165,0.0003321125,0.0003317375,0.0003324875,0.0003332,0.0003333625,0.0003343625,0.0003356875,0.000333925,0.0003351875,0.000336325,0.0003373125,0.0003370375,0.0003376625,0.00033845,0.00033835,0.0003384125,0.000339875,0.0003395875,0.0003404,0.0003408,0.000340325,0.000341625,0.0003425375,0.0003420625,0.00034295,0.0003432875,0.0003441625,0.0003430625,0.00034315,0.00034465,0.000344025,0.0003446375,0.0003451125,0.0003440125,0.0003453375,0.0003457125,0.0003452375,0.0003454125,0.0003465125,0.0003454375,0.0003459625,0.00034675,0.000346225,0.00034685,0.0003471375,0.000346875,0.0003471875,0.0003477],"unit":"A\/cm2"},"voc":{"unit":"V","value":1.1068},"isc":{"unit":"A","value":0.0027651},"jsc":{"unit":"mA\/cm2","value":22.121},"fill_factor":{"unit":"%","value":65.37},"pmax":{"unit":"mW","value":2.001},"vmax":{"unit":"V","value":0.819},"imax":{"unit":"mA","value":2.443},"rshunt":{"unit":"ohms","value":5950},"voc_slope":{"unit":"ohms","value":163},"efficiency":{"unit":"%","value":16.01},"monitor_cell_reading":{"unit":"mV","value":0},"monitor_cell_calibration_value":{"unit":"mV","value":0},"test_device_area":{"unit":"cm2","value":0.125},"num_of_series_connected_stacks":{"unit":"","value":1},"meter_integration":{"unit":"NPLC","value":0.1},"source_irradiance":{"unit":"mW\/cm2","value":100},"voltage_settling_time":{"unit":"ms","value":10},"sweep_direction":{"unit":"","value":"Reverse"},"irradiance_variation_correction":{"unit":"","value":"None"},"device_id":{"unit":"","value":"4-MEO-PEAI-4mM-1-4-R"},"cell_dimension":{"unit":"cm2","value":0.125},"key":"Reverse_IV 4-MEO-PEAI-4mM-1-4"},{"V":{"value":[1.2,1.187,1.174,1.161,1.147,1.134,1.121,1.108,1.095,1.082,1.069,1.056,1.042,1.029,1.016,1.003,0.99,0.977,0.964,0.951,0.937,0.924,0.911,0.898,0.885,0.872,0.859,0.845,0.832,0.819,0.806,0.793,0.78,0.767,0.754,0.74,0.727,0.714,0.701,0.688,0.675,0.662,0.648,0.635,0.622,0.609,0.596,0.583,0.57,0.557,0.543,0.53,0.517,0.504,0.491,0.478,0.465,0.452,0.438,0.425,0.412,0.399,0.386,0.373,0.36,0.346,0.333,0.32,0.307,0.294,0.281,0.268,0.255,0.241,0.228,0.215,0.202,0.189,0.176,0.163,0.149,0.136,0.123,0.11,0.097,0.084,0.071,0.058,0.044,0.031,0.018,0.005,-0.008,-0.021,-0.034,-0.047,-0.061,-0.074,-0.087,-0.1],"unit":"V"},"I":{"value":[-0.00036367,-0.00032409,-0.00028312,-0.00023965,-0.00018928,-0.00013721,-7.8941e-5,-1.2061e-5,6.4625e-5,0.0001558,0.00025556,0.00036901,0.0005043,0.00064246,0.00079198,0.00094797,0.0011194,0.0012811,0.0014415,0.0015982,0.00176,0.0019021,0.0020252,0.0021376,0.0022357,0.0023149,0.0023848,0.0024526,0.0024932,0.0025318,0.0025654,0.0025885,0.002613,0.0026261,0.0026391,0.00265,0.002666,0.002668,0.0026785,0.0026886,0.0026827,0.0026987,0.0027058,0.0027016,0.0027098,0.0027103,0.0027124,0.002722,0.0027271,0.0027163,0.002724,0.0027331,0.0027322,0.0027336,0.0027411,0.0027401,0.0027352,0.0027446,0.0027471,0.0027431,0.0027442,0.0027529,0.0027579,0.0027508,0.0027589,0.0027638,0.0027623,0.0027678,0.0027749,0.002773,0.002773,0.0027773,0.0027821,0.0027788,0.0027794,0.0027892,0.0027922,0.0027822,0.0027897,0.0027915,0.0027852,0.0028011,0.0027957,0.0027963,0.002806,0.0028049,0.0028027,0.0028086,0.0028071,0.0028052,0.002815,0.0028113,0.0028085,0.002814,0.0028096,0.0028052,0.002818,0.0028185,0.0028144,0.0028192],"unit":"A"},"J":{"value":[-4.545875e-5,-4.051125e-5,-3.539e-5,-2.995625e-5,-2.366e-5,-1.715125e-5,-9.867625e-6,-1.507625e-6,8.078125e-6,1.9475e-5,3.1945e-5,4.612625e-5,6.30375e-5,8.03075e-5,9.89975e-5,0.00011849625,0.000139925,0.0001601375,0.0001801875,0.000199775,0.00022,0.0002377625,0.00025315,0.0002672,0.0002794625,0.0002893625,0.0002981,0.000306575,0.00031165,0.000316475,0.000320675,0.0003235625,0.000326625,0.0003282625,0.0003298875,0.00033125,0.00033325,0.0003335,0.0003348125,0.000336075,0.0003353375,0.0003373375,0.000338225,0.0003377,0.000338725,0.0003387875,0.00033905,0.00034025,0.0003408875,0.0003395375,0.0003405,0.0003416375,0.000341525,0.0003417,0.0003426375,0.0003425125,0.0003419,0.000343075,0.0003433875,0.0003428875,0.000343025,0.0003441125,0.0003447375,0.00034385,0.0003448625,0.000345475,0.0003452875,0.000345975,0.0003468625,0.000346625,0.000346625,0.0003471625,0.0003477625,0.00034735,0.000347425,0.00034865,0.000349025,0.000347775,0.0003487125,0.0003489375,0.00034815,0.0003501375,0.0003494625,0.0003495375,0.00035075,0.0003506125,0.0003503375,0.000351075,0.0003508875,0.00035065,0.000351875,0.0003514125,0.0003510625,0.00035175,0.0003512,0.00035065,0.00035225,0.0003523125,0.0003518,0.0003524],"unit":"A\/cm2"},"voc":{"unit":"V","value":1.106},"isc":{"unit":"A","value":0.0028102},"jsc":{"unit":"mA\/cm2","value":22.482},"fill_factor":{"unit":"%","value":66.74},"pmax":{"unit":"mW","value":2.074},"vmax":{"unit":"V","value":0.832},"imax":{"unit":"mA","value":2.493},"rshunt":{"unit":"ohms","value":3510},"voc_slope":{"unit":"ohms","value":164},"efficiency":{"unit":"%","value":16.59},"monitor_cell_reading":{"unit":"mV","value":0},"monitor_cell_calibration_value":{"unit":"mV","value":0},"test_device_area":{"unit":"cm2","value":0.125},"num_of_series_connected_stacks":{"unit":"","value":1},"meter_integration":{"unit":"NPLC","value":0.1},"source_irradiance":{"unit":"mW\/cm2","value":100},"voltage_settling_time":{"unit":"ms","value":10},"sweep_direction":{"unit":"","value":"Reverse"},"irradiance_variation_correction":{"unit":"","value":"None"},"device_id":{"unit":"","value":"4-MEO-PEAI-4mM-1-2-R"},"cell_dimension":{"unit":"cm2","value":0.125},"key":"Reverse_IV 4-MEO-PEAI-4mM-1-2"},{"V":{"value":[1.2,1.187,1.174,1.161,1.147,1.134,1.121,1.108,1.095,1.082,1.069,1.056,1.042,1.029,1.016,1.003,0.99,0.977,0.964,0.951,0.937,0.924,0.911,0.898,0.885,0.872,0.859,0.845,0.832,0.819,0.806,0.793,0.78,0.767,0.754,0.74,0.727,0.714,0.701,0.688,0.675,0.662,0.648,0.635,0.622,0.609,0.596,0.583,0.57,0.557,0.543,0.53,0.517,0.504,0.491,0.478,0.465,0.452,0.438,0.425,0.412,0.399,0.386,0.373,0.36,0.346,0.333,0.32,0.307,0.294,0.281,0.268,0.255,0.241,0.228,0.215,0.202,0.189,0.176,0.163,0.149,0.136,0.123,0.11,0.097,0.084,0.071,0.058,0.044,0.031,0.018,0.005,-0.008,-0.021,-0.034,-0.047,-0.061,-0.074,-0.087,-0.1],"unit":"V"},"I":{"value":[-0.00035286,-0.00032013,-0.00028678,-0.0002515,-0.0002108,-0.00016898,-0.00012246,-6.9822e-5,-7.9928e-6,6.3539e-5,0.00014619,0.00023536,0.00034611,0.00045963,0.00058256,0.00071581,0.00085549,0.00099856,0.0011566,0.0013049,0.001461,0.0016061,0.0017439,0.0018756,0.0019932,0.0021017,0.0022064,0.0022933,0.0023592,0.0024287,0.0024718,0.0025157,0.0025546,0.0025792,0.0026033,0.0026281,0.0026428,0.0026509,0.002665,0.0026776,0.0026868,0.0026904,0.0027031,0.0026993,0.0027054,0.0027151,0.0027207,0.0027197,0.0027294,0.0027265,0.0027274,0.002738,0.0027417,0.0027387,0.0027451,0.0027488,0.0027459,0.0027521,0.002759,0.0027573,0.0027613,0.0027687,0.002763,0.0027624,0.0027717,0.0027743,0.0027743,0.0027739,0.0027804,0.0027772,0.0027776,0.0027844,0.0027881,0.0027857,0.0027904,0.0027856,0.002787,0.0027992,0.0027963,0.0027908,0.002797,0.002795,0.0027989,0.0028057,0.0027969,0.0028028,0.0028026,0.0027977,0.002806,0.0028081,0.0027976,0.0028038,0.0028104,0.0028005,0.0028025,0.0028049,0.0028008,0.002814,0.0028127,0.002799],"unit":"A"},"J":{"value":[-4.41075e-5,-4.001625e-5,-3.58475e-5,-3.14375e-5,-2.635e-5,-2.11225e-5,-1.53075e-5,-8.72775e-6,-9.991e-7,7.942375e-6,1.827375e-5,2.942e-5,4.326375e-5,5.745375e-5,7.282e-5,8.947625e-5,0.00010693625,0.00012482,0.000144575,0.0001631125,0.000182625,0.0002007625,0.0002179875,0.00023445,0.00024915,0.0002627125,0.0002758,0.0002866625,0.0002949,0.0003035875,0.000308975,0.0003144625,0.000319325,0.0003224,0.0003254125,0.0003285125,0.00033035,0.0003313625,0.000333125,0.0003347,0.00033585,0.0003363,0.0003378875,0.0003374125,0.000338175,0.0003393875,0.0003400875,0.0003399625,0.000341175,0.0003408125,0.000340925,0.00034225,0.0003427125,0.0003423375,0.0003431375,0.0003436,0.0003432375,0.0003440125,0.000344875,0.0003446625,0.0003451625,0.0003460875,0.000345375,0.0003453,0.0003464625,0.0003467875,0.0003467875,0.0003467375,0.00034755,0.00034715,0.0003472,0.00034805,0.0003485125,0.0003482125,0.0003488,0.0003482,0.000348375,0.0003499,0.0003495375,0.00034885,0.000349625,0.000349375,0.0003498625,0.0003507125,0.0003496125,0.00035035,0.000350325,0.0003497125,0.00035075,0.0003510125,0.0003497,0.000350475,0.0003513,0.0003500625,0.0003503125,0.0003506125,0.0003501,0.00035175,0.0003515875,0.000349875],"unit":"A\/cm2"},"voc":{"unit":"V","value":1.0935},"isc":{"unit":"A","value":0.0028063},"jsc":{"unit":"mA\/cm2","value":22.451},"fill_factor":{"unit":"%","value":65.01},"pmax":{"unit":"mW","value":1.995},"vmax":{"unit":"V","value":0.793},"imax":{"unit":"mA","value":2.516},"rshunt":{"unit":"ohms","value":327},"voc_slope":{"unit":"ohms","value":180},"efficiency":{"unit":"%","value":15.96},"monitor_cell_reading":{"unit":"mV","value":0},"monitor_cell_calibration_value":{"unit":"mV","value":0},"test_device_area":{"unit":"cm2","value":0.125},"num_of_series_connected_stacks":{"unit":"","value":1},"meter_integration":{"unit":"NPLC","value":0.1},"source_irradiance":{"unit":"mW\/cm2","value":100},"voltage_settling_time":{"unit":"ms","value":10},"sweep_direction":{"unit":"","value":"Reverse"},"irradiance_variation_correction":{"unit":"","value":"None"},"device_id":{"unit":"","value":"4-MEO-PEAI-4mM-1-1-R"},"cell_dimension":{"unit":"cm2","value":0.125},"key":"Reverse_IV 4-MEO-PEAI-4mM-1-1"},{"V":{"value":[-0.1,-0.087,-0.074,-0.061,-0.047,-0.034,-0.021,-0.008,0.005,0.018,0.031,0.044,0.058,0.071,0.084,0.097,0.11,0.123,0.136,0.149,0.163,0.176,0.189,0.202,0.215,0.228,0.241,0.255,0.268,0.281,0.294,0.307,0.32,0.333,0.346,0.36,0.373,0.386,0.399,0.412,0.425,0.438,0.452,0.465,0.478,0.491,0.504,0.517,0.53,0.543,0.557,0.57,0.583,0.596,0.609,0.622,0.635,0.648,0.662,0.675,0.688,0.701,0.714,0.727,0.74,0.754,0.767,0.78,0.793,0.806,0.819,0.832,0.845,0.859,0.872,0.885,0.898,0.911,0.924,0.937,0.951,0.964,0.977,0.99,1.003,1.016,1.029,1.042,1.056,1.069,1.082,1.095,1.108,1.121,1.134,1.147,1.161,1.174,1.187,1.2],"unit":"V"},"I":{"value":[0.0030105,0.0030208,0.0030198,0.0030132,0.0030095,0.0030124,0.0030053,0.0030119,0.0030192,0.003009,0.0030079,0.0030121,0.0030082,0.0030159,0.0030081,0.0030049,0.0030146,0.0030134,0.0030085,0.0030115,0.0030149,0.0030055,0.0030122,0.0030133,0.0030057,0.0030126,0.0030056,0.003007,0.003011,0.0029992,0.0030003,0.0030065,0.0029986,0.0030012,0.0030012,0.0029923,0.0029987,0.0029986,0.0029918,0.0029923,0.0029929,0.0029951,0.0029801,0.0029778,0.0029802,0.0029748,0.0029779,0.0029686,0.0029648,0.0029711,0.0029606,0.0029549,0.0029558,0.0029495,0.0029428,0.0029417,0.0029375,0.0029255,0.0029207,0.0029074,0.0028962,0.0028918,0.0028819,0.0028566,0.0028444,0.0028244,0.0027947,0.0027663,0.0027376,0.002692,0.0026432,0.0025882,0.0025205,0.0024323,0.0023442,0.0022428,0.0021242,0.0019921,0.0018531,0.0016985,0.0015262,0.0013617,0.0011878,0.0010186,0.00085586,0.00068712,0.00052801,0.00037772,0.00022838,9.8487e-5,-2.0295e-5,-0.00012974,-0.00022704,-0.0003175,-0.0003996,-0.00047544,-0.00055265,-0.00062036,-0.00068564,-0.00074969],"unit":"A"},"J":{"value":[0.0003763125,0.0003776,0.000377475,0.00037665,0.0003761875,0.00037655,0.0003756625,0.0003764875,0.0003774,0.000376125,0.0003759875,0.0003765125,0.000376025,0.0003769875,0.0003760125,0.0003756125,0.000376825,0.000376675,0.0003760625,0.0003764375,0.0003768625,0.0003756875,0.000376525,0.0003766625,0.0003757125,0.000376575,0.0003757,0.000375875,0.000376375,0.0003749,0.0003750375,0.0003758125,0.000374825,0.00037515,0.00037515,0.0003740375,0.0003748375,0.000374825,0.000373975,0.0003740375,0.0003741125,0.0003743875,0.0003725125,0.000372225,0.000372525,0.00037185,0.0003722375,0.000371075,0.0003706,0.0003713875,0.000370075,0.0003693625,0.000369475,0.0003686875,0.00036785,0.0003677125,0.0003671875,0.0003656875,0.0003650875,0.000363425,0.000362025,0.000361475,0.0003602375,0.000357075,0.00035555,0.00035305,0.0003493375,0.0003457875,0.0003422,0.0003365,0.0003304,0.000323525,0.0003150625,0.0003040375,0.000293025,0.00028035,0.000265525,0.0002490125,0.0002316375,0.0002123125,0.000190775,0.0001702125,0.000148475,0.000127325,0.0001069825,8.589e-5,6.600125e-5,4.7215e-5,2.85475e-5,1.2310875e-5,-2.536875e-6,-1.62175e-5,-2.838e-5,-3.96875e-5,-4.995e-5,-5.943e-5,-6.908125e-5,-7.7545e-5,-8.5705e-5,-9.371125e-5],"unit":"A\/cm2"},"voc":{"unit":"V","value":1.0798},"isc":{"unit":"A","value":0.0030164},"jsc":{"unit":"mA\/cm2","value":24.131},"fill_factor":{"unit":"%","value":66.65},"pmax":{"unit":"mW","value":2.171},"vmax":{"unit":"V","value":0.793},"imax":{"unit":"mA","value":2.738},"rshunt":{"unit":"ohms","value":1560},"voc_slope":{"unit":"ohms","value":109},"efficiency":{"unit":"%","value":17.37},"monitor_cell_reading":{"unit":"mV","value":0},"monitor_cell_calibration_value":{"unit":"mV","value":0},"test_device_area":{"unit":"cm2","value":0.125},"num_of_series_connected_stacks":{"unit":"","value":1},"meter_integration":{"unit":"NPLC","value":0.1},"source_irradiance":{"unit":"mW\/cm2","value":100},"voltage_settling_time":{"unit":"ms","value":10},"sweep_direction":{"unit":"","value":"Forward"},"irradiance_variation_correction":{"unit":"","value":"None"},"device_id":{"unit":"","value":"4-MEO-PEAI-4mM-3-5-F"},"cell_dimension":{"unit":"cm2","value":0.125},"key":"Forward_IV 4-MEO-PEAI-4mM-3-5"},{"V":{"value":[-0.1,-0.087,-0.074,-0.061,-0.047,-0.034,-0.021,-0.008,0.005,0.018,0.031,0.044,0.058,0.071,0.084,0.097,0.11,0.123,0.136,0.149,0.163,0.176,0.189,0.202,0.215,0.228,0.241,0.255,0.268,0.281,0.294,0.307,0.32,0.333,0.346,0.36,0.373,0.386,0.399,0.412,0.425,0.438,0.452,0.465,0.478,0.491,0.504,0.517,0.53,0.543,0.557,0.57,0.583,0.596,0.609,0.622,0.635,0.648,0.662,0.675,0.688,0.701,0.714,0.727,0.74,0.754,0.767,0.78,0.793,0.806,0.819,0.832,0.845,0.859,0.872,0.885,0.898,0.911,0.924,0.937,0.951,0.964,0.977,0.99,1.003,1.016,1.029,1.042,1.056,1.069,1.082,1.095,1.108,1.121,1.134,1.147,1.161,1.174,1.187,1.2],"unit":"V"},"I":{"value":[0.0030771,0.0030725,0.0030703,0.0030806,0.0030726,0.0030647,0.0030729,0.0030669,0.0030676,0.0030665,0.003058,0.0030706,0.0030649,0.0030632,0.0030658,0.0030584,0.003067,0.0030643,0.0030591,0.0030711,0.003067,0.0030633,0.0030738,0.0030522,0.0030501,0.003078,0.0030686,0.0030768,0.0030632,0.0030628,0.0030629,0.0030581,0.0030575,0.0030712,0.0030559,0.0030581,0.0030515,0.0030555,0.0030565,0.0030487,0.0030491,0.0030533,0.0030449,0.0030554,0.003043,0.0030448,0.0030458,0.0030438,0.0030396,0.0030366,0.0030429,0.0030292,0.0030257,0.0030317,0.0030155,0.0030159,0.0030065,0.0029991,0.0030023,0.0029907,0.0029835,0.0029721,0.0029593,0.0029344,0.0029153,0.0029023,0.0028686,0.0028372,0.0028033,0.0027522,0.0027008,0.0026408,0.0025651,0.0024757,0.002379,0.00227,0.0021471,0.0020179,0.0018774,0.001721,0.0015504,0.0013858,0.0012119,0.0010453,0.00087807,0.00070124,0.00052963,0.00036403,0.00021373,3.0093e-5,-0.00011805,-0.00024218,-0.00040758,-0.0005449,-0.00067729,-0.00080704,-0.00094422,-0.0010494,-0.0011925,-0.0013188],"unit":"A"},"J":{"value":[0.0003846375,0.0003840625,0.0003837875,0.000385075,0.000384075,0.0003830875,0.0003841125,0.0003833625,0.00038345,0.0003833125,0.00038225,0.000383825,0.0003831125,0.0003829,0.000383225,0.0003823,0.000383375,0.0003830375,0.0003823875,0.0003838875,0.000383375,0.0003829125,0.000384225,0.000381525,0.0003812625,0.00038475,0.000383575,0.0003846,0.0003829,0.00038285,0.0003828625,0.0003822625,0.0003821875,0.0003839,0.0003819875,0.0003822625,0.0003814375,0.0003819375,0.0003820625,0.0003810875,0.0003811375,0.0003816625,0.0003806125,0.000381925,0.000380375,0.0003806,0.000380725,0.000380475,0.00037995,0.000379575,0.0003803625,0.00037865,0.0003782125,0.0003789625,0.0003769375,0.0003769875,0.0003758125,0.0003748875,0.0003752875,0.0003738375,0.0003729375,0.0003715125,0.0003699125,0.0003668,0.0003644125,0.0003627875,0.000358575,0.00035465,0.0003504125,0.000344025,0.0003376,0.0003301,0.0003206375,0.0003094625,0.000297375,0.00028375,0.0002683875,0.0002522375,0.000234675,0.000215125,0.0001938,0.000173225,0.0001514875,0.0001306625,0.00010975875,8.7655e-5,6.620375e-5,4.550375e-5,2.671625e-5,3.761625e-6,-1.475625e-5,-3.02725e-5,-5.09475e-5,-6.81125e-5,-8.466125e-5,-0.00010088,-0.0001180275,-0.000131175,-0.0001490625,-0.00016485],"unit":"A\/cm2"},"voc":{"unit":"V","value":1.0716},"isc":{"unit":"A","value":0.0030674},"jsc":{"unit":"mA\/cm2","value":24.539},"fill_factor":{"unit":"%","value":67.63},"pmax":{"unit":"mW","value":2.223},"vmax":{"unit":"V","value":0.793},"imax":{"unit":"mA","value":2.803},"rshunt":{"unit":"ohms","value":4120},"voc_slope":{"unit":"ohms","value":84.2},"efficiency":{"unit":"%","value":17.78},"monitor_cell_reading":{"unit":"mV","value":0},"monitor_cell_calibration_value":{"unit":"mV","value":0},"test_device_area":{"unit":"cm2","value":0.125},"num_of_series_connected_stacks":{"unit":"","value":1},"meter_integration":{"unit":"NPLC","value":0.1},"source_irradiance":{"unit":"mW\/cm2","value":100},"voltage_settling_time":{"unit":"ms","value":10},"sweep_direction":{"unit":"","value":"Forward"},"irradiance_variation_correction":{"unit":"","value":"None"},"device_id":{"unit":"","value":"4-MEO-PEAI-4mM-3-2-F"},"cell_dimension":{"unit":"cm2","value":0.125},"key":"Forward_IV 4-MEO-PEAI-4mM-3-2"},{"V":{"value":[-0.1,-0.087,-0.074,-0.061,-0.047,-0.034,-0.021,-0.008,0.005,0.018,0.031,0.044,0.058,0.071,0.084,0.097,0.11,0.123,0.136,0.149,0.163,0.176,0.189,0.202,0.215,0.228,0.241,0.255,0.268,0.281,0.294,0.307,0.32,0.333,0.346,0.36,0.373,0.386,0.399,0.412,0.425,0.438,0.452,0.465,0.478,0.491,0.504,0.517,0.53,0.543,0.557,0.57,0.583,0.596,0.609,0.622,0.635,0.648,0.662,0.675,0.688,0.701,0.714,0.727,0.74,0.754,0.767,0.78,0.793,0.806,0.819,0.832,0.845,0.859,0.872,0.885,0.898,0.911,0.924,0.937,0.951,0.964,0.977,0.99,1.003,1.016,1.029,1.042,1.056,1.069,1.082,1.095,1.108,1.121,1.134,1.147,1.161,1.174,1.187,1.2],"unit":"V"},"I":{"value":[0.0030808,0.0030827,0.0030864,0.0030824,0.0030782,0.0030825,0.0030744,0.0030829,0.0030826,0.0030727,0.003084,0.0030793,0.0030795,0.0030864,0.0030781,0.0030808,0.0030825,0.003075,0.0030806,0.0030738,0.0030732,0.0030816,0.0030818,0.003077,0.0030813,0.003078,0.0030792,0.0030833,0.0030725,0.0030791,0.0030776,0.0030756,0.0030803,0.0030698,0.0030764,0.0030799,0.0030708,0.003072,0.003074,0.0030675,0.0030791,0.0030687,0.003065,0.003073,0.0030657,0.0030681,0.0030646,0.0030579,0.0030578,0.0030585,0.0030456,0.0030494,0.0030466,0.003034,0.0030392,0.0030332,0.0030216,0.0030129,0.0030075,0.0029907,0.0029887,0.0029669,0.0029441,0.0029317,0.0029043,0.0028708,0.0028371,0.002788,0.0027353,0.002675,0.002606,0.0025213,0.002428,0.0023139,0.0021942,0.0020721,0.0019362,0.0017926,0.0016442,0.0014957,0.0013291,0.001178,0.0010283,0.00088775,0.00074192,0.00060455,0.00047767,0.00035879,0.00024276,0.00014456,5.7202e-5,-2.1824e-5,-9.1452e-5,-0.00015383,-0.00020843,-0.00025805,-0.00030682,-0.00034885,-0.00038824,-0.00042636],"unit":"A"},"J":{"value":[0.0003851,0.0003853375,0.0003858,0.0003853,0.000384775,0.0003853125,0.0003843,0.0003853625,0.000385325,0.0003840875,0.0003855,0.0003849125,0.0003849375,0.0003858,0.0003847625,0.0003851,0.0003853125,0.000384375,0.000385075,0.000384225,0.00038415,0.0003852,0.000385225,0.000384625,0.0003851625,0.00038475,0.0003849,0.0003854125,0.0003840625,0.0003848875,0.0003847,0.00038445,0.0003850375,0.000383725,0.00038455,0.0003849875,0.00038385,0.000384,0.00038425,0.0003834375,0.0003848875,0.0003835875,0.000383125,0.000384125,0.0003832125,0.0003835125,0.000383075,0.0003822375,0.000382225,0.0003823125,0.0003807,0.000381175,0.000380825,0.00037925,0.0003799,0.00037915,0.0003777,0.0003766125,0.0003759375,0.0003738375,0.0003735875,0.0003708625,0.0003680125,0.0003664625,0.0003630375,0.00035885,0.0003546375,0.0003485,0.0003419125,0.000334375,0.00032575,0.0003151625,0.0003035,0.0002892375,0.000274275,0.0002590125,0.000242025,0.000224075,0.000205525,0.0001869625,0.0001661375,0.00014725,0.0001285375,0.00011096875,9.274e-5,7.556875e-5,5.970875e-5,4.484875e-5,3.0345e-5,1.807e-5,7.15025e-6,-2.728e-6,-1.14315e-5,-1.922875e-5,-2.605375e-5,-3.225625e-5,-3.83525e-5,-4.360625e-5,-4.853e-5,-5.3295e-5],"unit":"A\/cm2"},"voc":{"unit":"V","value":1.0914},"isc":{"unit":"A","value":0.0030827},"jsc":{"unit":"mA\/cm2","value":24.662},"fill_factor":{"unit":"%","value":64.68},"pmax":{"unit":"mW","value":2.176},"vmax":{"unit":"V","value":0.767},"imax":{"unit":"mA","value":2.837},"rshunt":{"unit":"ohms","value":860},"voc_slope":{"unit":"ohms","value":163},"efficiency":{"unit":"%","value":17.41},"monitor_cell_reading":{"unit":"mV","value":0},"monitor_cell_calibration_value":{"unit":"mV","value":0},"test_device_area":{"unit":"cm2","value":0.125},"num_of_series_connected_stacks":{"unit":"","value":1},"meter_integration":{"unit":"NPLC","value":0.1},"source_irradiance":{"unit":"mW\/cm2","value":100},"voltage_settling_time":{"unit":"ms","value":10},"sweep_direction":{"unit":"","value":"Forward"},"irradiance_variation_correction":{"unit":"","value":"None"},"device_id":{"unit":"","value":"4-MEO-PEAI-4mM-3-1-F"},"cell_dimension":{"unit":"cm2","value":0.125},"key":"Forward_IV 4-MEO-PEAI-4mM-3-1"},{"V":{"value":[-0.1,-0.087,-0.074,-0.061,-0.047,-0.034,-0.021,-0.008,0.005,0.018,0.031,0.044,0.058,0.071,0.084,0.097,0.11,0.123,0.136,0.149,0.163,0.176,0.189,0.202,0.215,0.228,0.241,0.255,0.268,0.281,0.294,0.307,0.32,0.333,0.346,0.36,0.373,0.386,0.399,0.412,0.425,0.438,0.452,0.465,0.478,0.491,0.504,0.517,0.53,0.543,0.557,0.57,0.583,0.596,0.609,0.622,0.635,0.648,0.662,0.675,0.688,0.701,0.714,0.727,0.74,0.754,0.767,0.78,0.793,0.806,0.819,0.832,0.845,0.859,0.872,0.885,0.898,0.911,0.924,0.937,0.951,0.964,0.977,0.99,1.003,1.016,1.029,1.042,1.056,1.069,1.082,1.095,1.108,1.121,1.134,1.147,1.161,1.174,1.187,1.2],"unit":"V"},"I":{"value":[0.0030469,0.0030579,0.0030504,0.0030466,0.0030549,0.0030471,0.0030501,0.0030457,0.0030425,0.0030489,0.0030536,0.0030428,0.0030461,0.0030506,0.0030466,0.0030503,0.0030433,0.0030434,0.003048,0.0030476,0.0030403,0.0030458,0.0030487,0.0030381,0.0030415,0.0030482,0.0030458,0.0030454,0.0030489,0.0030397,0.0030409,0.003048,0.0030396,0.0030375,0.0030398,0.0030326,0.0030378,0.0030415,0.0030307,0.0030324,0.0030346,0.0030267,0.0030341,0.0030239,0.0030244,0.0030343,0.0030194,0.0030207,0.0030201,0.0030109,0.0030091,0.0030144,0.0030036,0.003001,0.0029952,0.0029905,0.0029884,0.0029868,0.0029703,0.0029636,0.0029614,0.0029432,0.0029353,0.0029173,0.0029017,0.0028805,0.0028638,0.0028248,0.0027886,0.0027561,0.002704,0.0026416,0.0025754,0.0024985,0.0024031,0.0022985,0.0021834,0.0020512,0.0019165,0.0017642,0.001589,0.0014242,0.0012549,0.0010794,0.00091386,0.00073627,0.00056532,0.00039787,0.0002249,7.3428e-5,-7.2196e-5,-0.00020962,-0.00034158,-0.00046695,-0.00058766,-0.00070362,-0.00082432,-0.00093573,-0.0010429,-0.0011451],"unit":"A"},"J":{"value":[0.0003808625,0.0003822375,0.0003813,0.000380825,0.0003818625,0.0003808875,0.0003812625,0.0003807125,0.0003803125,0.0003811125,0.0003817,0.00038035,0.0003807625,0.000381325,0.000380825,0.0003812875,0.0003804125,0.000380425,0.000381,0.00038095,0.0003800375,0.000380725,0.0003810875,0.0003797625,0.0003801875,0.000381025,0.000380725,0.000380675,0.0003811125,0.0003799625,0.0003801125,0.000381,0.00037995,0.0003796875,0.000379975,0.000379075,0.000379725,0.0003801875,0.0003788375,0.00037905,0.000379325,0.0003783375,0.0003792625,0.0003779875,0.00037805,0.0003792875,0.000377425,0.0003775875,0.0003775125,0.0003763625,0.0003761375,0.0003768,0.00037545,0.000375125,0.0003744,0.0003738125,0.00037355,0.00037335,0.0003712875,0.00037045,0.000370175,0.0003679,0.0003669125,0.0003646625,0.0003627125,0.0003600625,0.000357975,0.0003531,0.000348575,0.0003445125,0.000338,0.0003302,0.000321925,0.0003123125,0.0003003875,0.0002873125,0.000272925,0.0002564,0.0002395625,0.000220525,0.000198625,0.000178025,0.0001568625,0.000134925,0.0001142325,9.203375e-5,7.0665e-5,4.973375e-5,2.81125e-5,9.1785e-6,-9.0245e-6,-2.62025e-5,-4.26975e-5,-5.836875e-5,-7.34575e-5,-8.79525e-5,-0.00010304,-0.00011696625,-0.0001303625,-0.0001431375],"unit":"A\/cm2"},"voc":{"unit":"V","value":1.0756},"isc":{"unit":"A","value":0.0030438},"jsc":{"unit":"mA\/cm2","value":24.35},"fill_factor":{"unit":"%","value":67.85},"pmax":{"unit":"mW","value":2.221},"vmax":{"unit":"V","value":0.806},"imax":{"unit":"mA","value":2.756},"rshunt":{"unit":"ohms","value":2690},"voc_slope":{"unit":"ohms","value":89.2},"efficiency":{"unit":"%","value":17.77},"monitor_cell_reading":{"unit":"mV","value":0},"monitor_cell_calibration_value":{"unit":"mV","value":0},"test_device_area":{"unit":"cm2","value":0.125},"num_of_series_connected_stacks":{"unit":"","value":1},"meter_integration":{"unit":"NPLC","value":0.1},"source_irradiance":{"unit":"mW\/cm2","value":100},"voltage_settling_time":{"unit":"ms","value":10},"sweep_direction":{"unit":"","value":"Forward"},"irradiance_variation_correction":{"unit":"","value":"None"},"device_id":{"unit":"","value":"4-MEO-PEAI-4mM-2-3-F"},"cell_dimension":{"unit":"cm2","value":0.125},"key":"Forward_IV 4-MEO-PEAI-4mM-2-3"},{"V":{"value":[-0.1,-0.087,-0.074,-0.061,-0.047,-0.034,-0.021,-0.008,0.005,0.018,0.031,0.044,0.058,0.071,0.084,0.097,0.11,0.123,0.136,0.149,0.163,0.176,0.189,0.202,0.215,0.228,0.241,0.255,0.268,0.281,0.294,0.307,0.32,0.333,0.346,0.36,0.373,0.386,0.399,0.412,0.425,0.438,0.452,0.465,0.478,0.491,0.504,0.517,0.53,0.543,0.557,0.57,0.583,0.596,0.609,0.622,0.635,0.648,0.662,0.675,0.688,0.701,0.714,0.727,0.74,0.754,0.767,0.78,0.793,0.806,0.819,0.832,0.845,0.859,0.872,0.885,0.898,0.911,0.924,0.937,0.951,0.964,0.977,0.99,1.003,1.016,1.029,1.042,1.056,1.069,1.082,1.095,1.108,1.121,1.134,1.147,1.161,1.174,1.187,1.2],"unit":"V"},"I":{"value":[0.0030362,0.0030394,0.0030392,0.0030346,0.0030406,0.0030315,0.0030295,0.0030402,0.0030337,0.0030294,0.0030305,0.0030254,0.0030357,0.0030256,0.0030256,0.0030306,0.0030275,0.0030269,0.0030285,0.0030311,0.0030219,0.003025,0.0030275,0.0030258,0.0030317,0.0030235,0.0030185,0.0030269,0.0030256,0.003016,0.0030292,0.0030269,0.0030213,0.0030215,0.003025,0.0030202,0.0030161,0.0030158,0.0030084,0.0030068,0.0030129,0.0030086,0.0030064,0.0030065,0.0030099,0.0029957,0.0029914,0.002993,0.0029917,0.0029824,0.0029802,0.0029715,0.0029572,0.0029603,0.0029496,0.0029371,0.0029198,0.0029089,0.0028899,0.0028577,0.0028331,0.0028061,0.002771,0.0027239,0.0026823,0.002622,0.0025597,0.002489,0.002416,0.0023324,0.0022446,0.0021506,0.0020492,0.0019383,0.0018314,0.0017202,0.0016048,0.001491,0.0013737,0.0012542,0.0011256,0.0010089,0.00089625,0.00077541,0.00066033,0.00054814,0.00044001,0.00033425,0.00022532,0.00012916,3.7194e-5,-4.9238e-5,-0.00013039,-0.00020611,-0.0002776,-0.00034444,-0.00041217,-0.00047175,-0.00052782,-0.00058188],"unit":"A"},"J":{"value":[0.000379525,0.000379925,0.0003799,0.000379325,0.000380075,0.0003789375,0.0003786875,0.000380025,0.0003792125,0.000378675,0.0003788125,0.000378175,0.0003794625,0.0003782,0.0003782,0.000378825,0.0003784375,0.0003783625,0.0003785625,0.0003788875,0.0003777375,0.000378125,0.0003784375,0.000378225,0.0003789625,0.0003779375,0.0003773125,0.0003783625,0.0003782,0.000377,0.00037865,0.0003783625,0.0003776625,0.0003776875,0.000378125,0.000377525,0.0003770125,0.000376975,0.00037605,0.00037585,0.0003766125,0.000376075,0.0003758,0.0003758125,0.0003762375,0.0003744625,0.000373925,0.000374125,0.0003739625,0.0003728,0.000372525,0.0003714375,0.00036965,0.0003700375,0.0003687,0.0003671375,0.000364975,0.0003636125,0.0003612375,0.0003572125,0.0003541375,0.0003507625,0.000346375,0.0003404875,0.0003352875,0.00032775,0.0003199625,0.000311125,0.000302,0.00029155,0.000280575,0.000268825,0.00025615,0.0002422875,0.000228925,0.000215025,0.0002006,0.000186375,0.0001717125,0.000156775,0.0001407,0.0001261125,0.00011203125,9.692625e-5,8.254125e-5,6.85175e-5,5.500125e-5,4.178125e-5,2.8165e-5,1.6145e-5,4.64925e-6,-6.15475e-6,-1.629875e-5,-2.576375e-5,-3.47e-5,-4.3055e-5,-5.152125e-5,-5.896875e-5,-6.59775e-5,-7.2735e-5],"unit":"A\/cm2"},"voc":{"unit":"V","value":1.0876},"isc":{"unit":"A","value":0.0030362},"jsc":{"unit":"mA\/cm2","value":24.289},"fill_factor":{"unit":"%","value":60.11},"pmax":{"unit":"mW","value":1.985},"vmax":{"unit":"V","value":0.74},"imax":{"unit":"mA","value":2.682},"rshunt":{"unit":"ohms","value":3360},"voc_slope":{"unit":"ohms","value":142},"efficiency":{"unit":"%","value":15.88},"monitor_cell_reading":{"unit":"mV","value":0},"monitor_cell_calibration_value":{"unit":"mV","value":0},"test_device_area":{"unit":"cm2","value":0.125},"num_of_series_connected_stacks":{"unit":"","value":1},"meter_integration":{"unit":"NPLC","value":0.1},"source_irradiance":{"unit":"mW\/cm2","value":100},"voltage_settling_time":{"unit":"ms","value":10},"sweep_direction":{"unit":"","value":"Forward"},"irradiance_variation_correction":{"unit":"","value":"None"},"device_id":{"unit":"","value":"4-MEO-PEAI-4mM-2-2-F"},"cell_dimension":{"unit":"cm2","value":0.125},"key":"Forward_IV 4-MEO-PEAI-4mM-2-2"},{"V":{"value":[-0.1,-0.087,-0.074,-0.061,-0.047,-0.034,-0.021,-0.008,0.005,0.018,0.031,0.044,0.058,0.071,0.084,0.097,0.11,0.123,0.136,0.149,0.163,0.176,0.189,0.202,0.215,0.228,0.241,0.255,0.268,0.281,0.294,0.307,0.32,0.333,0.346,0.36,0.373,0.386,0.399,0.412,0.425,0.438,0.452,0.465,0.478,0.491,0.504,0.517,0.53,0.543,0.557,0.57,0.583,0.596,0.609,0.622,0.635,0.648,0.662,0.675,0.688,0.701,0.714,0.727,0.74,0.754,0.767,0.78,0.793,0.806,0.819,0.832,0.845,0.859,0.872,0.885,0.898,0.911,0.924,0.937,0.951,0.964,0.977,0.99,1.003,1.016,1.029,1.042,1.056,1.069,1.082,1.095,1.108,1.121,1.134,1.147,1.161,1.174,1.187,1.2],"unit":"V"},"I":{"value":[0.0030116,0.003007,0.0030059,0.0030031,0.0030081,0.0030021,0.003005,0.0029979,0.0030002,0.003005,0.0029996,0.003001,0.0030026,0.0029995,0.0030052,0.0030005,0.0029967,0.0030021,0.0030026,0.0030006,0.0030038,0.002994,0.0029985,0.0030043,0.0030017,0.002999,0.0030041,0.0029986,0.0029913,0.0030011,0.0029995,0.002995,0.0029971,0.0029937,0.0029994,0.0030046,0.0029929,0.0029957,0.0029972,0.0029905,0.002989,0.0029996,0.0029915,0.0029847,0.00299,0.0029884,0.0029819,0.0029901,0.0029882,0.0029773,0.0029752,0.0029741,0.0029668,0.0029659,0.0029663,0.0029498,0.0029498,0.0029482,0.0029349,0.0029279,0.0029177,0.0029015,0.0028934,0.0028739,0.0028496,0.0028244,0.0027978,0.0027554,0.0027104,0.002669,0.0026107,0.0025423,0.0024617,0.002368,0.0022607,0.0021479,0.0020225,0.0018849,0.0017428,0.0015901,0.0014211,0.0012636,0.0011067,0.00095471,0.00079933,0.00064919,0.00050688,0.00037379,0.00024219,0.00012771,2.3027e-5,-6.952e-5,-0.00015493,-0.00023244,-0.00030288,-0.00036809,-0.00043332,-0.00049122,-0.00054686,-0.00060146],"unit":"A"},"J":{"value":[0.00037645,0.000375875,0.0003757375,0.0003753875,0.0003760125,0.0003752625,0.000375625,0.0003747375,0.000375025,0.000375625,0.00037495,0.000375125,0.000375325,0.0003749375,0.00037565,0.0003750625,0.0003745875,0.0003752625,0.000375325,0.000375075,0.000375475,0.00037425,0.0003748125,0.0003755375,0.0003752125,0.000374875,0.0003755125,0.000374825,0.0003739125,0.0003751375,0.0003749375,0.000374375,0.0003746375,0.0003742125,0.000374925,0.000375575,0.0003741125,0.0003744625,0.00037465,0.0003738125,0.000373625,0.00037495,0.0003739375,0.0003730875,0.00037375,0.00037355,0.0003727375,0.0003737625,0.000373525,0.0003721625,0.0003719,0.0003717625,0.00037085,0.0003707375,0.0003707875,0.000368725,0.000368725,0.000368525,0.0003668625,0.0003659875,0.0003647125,0.0003626875,0.000361675,0.0003592375,0.0003562,0.00035305,0.000349725,0.000344425,0.0003388,0.000333625,0.0003263375,0.0003177875,0.0003077125,0.000296,0.0002825875,0.0002684875,0.0002528125,0.0002356125,0.00021785,0.0001987625,0.0001776375,0.00015795,0.0001383375,0.00011933875,9.991625e-5,8.114875e-5,6.336e-5,4.672375e-5,3.027375e-5,1.596375e-5,2.878375e-6,-8.69e-6,-1.936625e-5,-2.9055e-5,-3.786e-5,-4.601125e-5,-5.4165e-5,-6.14025e-5,-6.83575e-5,-7.51825e-5],"unit":"A\/cm2"},"voc":{"unit":"V","value":1.0852},"isc":{"unit":"A","value":0.0029993},"jsc":{"unit":"mA\/cm2","value":23.995},"fill_factor":{"unit":"%","value":66.09},"pmax":{"unit":"mW","value":2.151},"vmax":{"unit":"V","value":0.806},"imax":{"unit":"mA","value":2.669},"rshunt":{"unit":"ohms","value":5170},"voc_slope":{"unit":"ohms","value":124},"efficiency":{"unit":"%","value":17.21},"monitor_cell_reading":{"unit":"mV","value":0},"monitor_cell_calibration_value":{"unit":"mV","value":0},"test_device_area":{"unit":"cm2","value":0.125},"num_of_series_connected_stacks":{"unit":"","value":1},"meter_integration":{"unit":"NPLC","value":0.1},"source_irradiance":{"unit":"mW\/cm2","value":100},"voltage_settling_time":{"unit":"ms","value":10},"sweep_direction":{"unit":"","value":"Forward"},"irradiance_variation_correction":{"unit":"","value":"None"},"device_id":{"unit":"","value":"4-MEO-PEAI-4mM-2-1-F"},"cell_dimension":{"unit":"cm2","value":0.125},"key":"Forward_IV 4-MEO-PEAI-4mM-2-1"},{"V":{"value":[-0.1,-0.087,-0.074,-0.061,-0.047,-0.034,-0.021,-0.008,0.005,0.018,0.031,0.044,0.058,0.071,0.084,0.097,0.11,0.123,0.136,0.149,0.163,0.176,0.189,0.202,0.215,0.228,0.241,0.255,0.268,0.281,0.294,0.307,0.32,0.333,0.346,0.36,0.373,0.386,0.399,0.412,0.425,0.438,0.452,0.465,0.478,0.491,0.504,0.517,0.53,0.543,0.557,0.57,0.583,0.596,0.609,0.622,0.635,0.648,0.662,0.675,0.688,0.701,0.714,0.727,0.74,0.754,0.767,0.78,0.793,0.806,0.819,0.832,0.845,0.859,0.872,0.885,0.898,0.911,0.924,0.937,0.951,0.964,0.977,0.99,1.003,1.016,1.029,1.042,1.056,1.069,1.082,1.095,1.108,1.121,1.134,1.147,1.161,1.174,1.187,1.2],"unit":"V"},"I":{"value":[0.0027811,0.0027759,0.0027797,0.0027797,0.0027725,0.0027782,0.0027714,0.0027737,0.0027766,0.002768,0.0027656,0.0027732,0.0027659,0.0027678,0.0027736,0.0027622,0.0027646,0.0027664,0.0027678,0.0027613,0.0027593,0.0027657,0.0027629,0.0027584,0.0027588,0.0027584,0.0027517,0.0027609,0.0027606,0.0027492,0.0027496,0.0027532,0.0027453,0.0027485,0.0027457,0.0027376,0.0027453,0.0027433,0.0027337,0.0027345,0.0027338,0.0027242,0.0027253,0.0027198,0.0027113,0.0027124,0.0027084,0.0026987,0.0027009,0.0026966,0.0026939,0.0026788,0.0026737,0.0026696,0.0026564,0.0026578,0.0026454,0.0026291,0.0026235,0.0026098,0.0026025,0.0025771,0.0025686,0.0025478,0.0025146,0.0024928,0.0024623,0.0024244,0.0023871,0.0023337,0.0022776,0.0022223,0.0021473,0.0020589,0.0019707,0.0018655,0.0017589,0.0016412,0.0015119,0.0013807,0.0012343,0.0010941,0.00096122,0.00081907,0.00068364,0.00055528,0.00043621,0.0003248,0.0002165,0.00012577,4.3956e-5,-2.8175e-5,-9.2877e-5,-0.00015047,-0.00020308,-0.00025187,-0.00030175,-0.00034627,-0.00038976,-0.00043342],"unit":"A"},"J":{"value":[0.0003476375,0.0003469875,0.0003474625,0.0003474625,0.0003465625,0.000347275,0.000346425,0.0003467125,0.000347075,0.000346,0.0003457,0.00034665,0.0003457375,0.000345975,0.0003467,0.000345275,0.000345575,0.0003458,0.000345975,0.0003451625,0.0003449125,0.0003457125,0.0003453625,0.0003448,0.00034485,0.0003448,0.0003439625,0.0003451125,0.000345075,0.00034365,0.0003437,0.00034415,0.0003431625,0.0003435625,0.0003432125,0.0003422,0.0003431625,0.0003429125,0.0003417125,0.0003418125,0.000341725,0.000340525,0.0003406625,0.000339975,0.0003389125,0.00033905,0.00033855,0.0003373375,0.0003376125,0.000337075,0.0003367375,0.00033485,0.0003342125,0.0003337,0.00033205,0.000332225,0.000330675,0.0003286375,0.0003279375,0.000326225,0.0003253125,0.0003221375,0.000321075,0.000318475,0.000314325,0.0003116,0.0003077875,0.00030305,0.0002983875,0.0002917125,0.0002847,0.0002777875,0.0002684125,0.0002573625,0.0002463375,0.0002331875,0.0002198625,0.00020515,0.0001889875,0.0001725875,0.0001542875,0.0001367625,0.0001201525,0.00010238375,8.5455e-5,6.941e-5,5.452625e-5,4.06e-5,2.70625e-5,1.572125e-5,5.4945e-6,-3.521875e-6,-1.1609625e-5,-1.880875e-5,-2.5385e-5,-3.148375e-5,-3.771875e-5,-4.328375e-5,-4.872e-5,-5.41775e-5],"unit":"A\/cm2"},"voc":{"unit":"V","value":1.0899},"isc":{"unit":"A","value":0.0027755},"jsc":{"unit":"mA\/cm2","value":22.204},"fill_factor":{"unit":"%","value":62.58},"pmax":{"unit":"mW","value":1.893},"vmax":{"unit":"V","value":0.793},"imax":{"unit":"mA","value":2.387},"rshunt":{"unit":"ohms","value":5780},"voc_slope":{"unit":"ohms","value":176},"efficiency":{"unit":"%","value":15.14},"monitor_cell_reading":{"unit":"mV","value":0},"monitor_cell_calibration_value":{"unit":"mV","value":0},"test_device_area":{"unit":"cm2","value":0.125},"num_of_series_connected_stacks":{"unit":"","value":1},"meter_integration":{"unit":"NPLC","value":0.1},"source_irradiance":{"unit":"mW\/cm2","value":100},"voltage_settling_time":{"unit":"ms","value":10},"sweep_direction":{"unit":"","value":"Forward"},"irradiance_variation_correction":{"unit":"","value":"None"},"device_id":{"unit":"","value":"4-MEO-PEAI-4mM-1-4-F"},"cell_dimension":{"unit":"cm2","value":0.125},"key":"Forward_IV 4-MEO-PEAI-4mM-1-4"},{"V":{"value":[-0.1,-0.087,-0.074,-0.061,-0.047,-0.034,-0.021,-0.008,0.005,0.018,0.031,0.044,0.058,0.071,0.084,0.097,0.11,0.123,0.136,0.149,0.163,0.176,0.189,0.202,0.215,0.228,0.241,0.255,0.268,0.281,0.294,0.307,0.32,0.333,0.346,0.36,0.373,0.386,0.399,0.412,0.425,0.438,0.452,0.465,0.478,0.491,0.504,0.517,0.53,0.543,0.557,0.57,0.583,0.596,0.609,0.622,0.635,0.648,0.662,0.675,0.688,0.701,0.714,0.727,0.74,0.754,0.767,0.78,0.793,0.806,0.819,0.832,0.845,0.859,0.872,0.885,0.898,0.911,0.924,0.937,0.951,0.964,0.977,0.99,1.003,1.016,1.029,1.042,1.056,1.069,1.082,1.095,1.108,1.121,1.134,1.147,1.161,1.174,1.187,1.2],"unit":"V"},"I":{"value":[0.0028231,0.0028107,0.0028095,0.0028148,0.0028065,0.0028166,0.0028116,0.0028044,0.0028139,0.0028089,0.0028072,0.0028121,0.0028092,0.002802,0.002812,0.0028031,0.0028036,0.0028084,0.0028018,0.0028079,0.0028089,0.0027983,0.0028017,0.002807,0.0028009,0.0028016,0.002802,0.0027943,0.0028035,0.0028017,0.0027958,0.0027983,0.0027983,0.0027879,0.0027864,0.0027966,0.0027945,0.0027873,0.0027907,0.002785,0.0027812,0.0027872,0.0027836,0.002771,0.0027722,0.0027731,0.0027653,0.0027609,0.0027627,0.0027597,0.0027518,0.0027467,0.0027445,0.0027328,0.0027266,0.0027227,0.0027209,0.0027051,0.0027006,0.0026875,0.0026698,0.0026627,0.0026488,0.0026254,0.0026077,0.0025834,0.0025529,0.0025166,0.002481,0.0024364,0.0023811,0.0023191,0.0022492,0.0021641,0.0020682,0.001967,0.0018579,0.0017308,0.0016023,0.0014662,0.0013095,0.0011665,0.0010217,0.00088167,0.00073808,0.00060162,0.00047538,0.00035826,0.00024282,0.00014785,6.3163e-5,-1.258e-5,-7.9219e-5,-0.00013811,-0.00019132,-0.00023964,-0.00028864,-0.00033125,-0.00037249,-0.00041332],"unit":"A"},"J":{"value":[0.0003528875,0.0003513375,0.0003511875,0.00035185,0.0003508125,0.000352075,0.00035145,0.00035055,0.0003517375,0.0003511125,0.0003509,0.0003515125,0.00035115,0.00035025,0.0003515,0.0003503875,0.00035045,0.00035105,0.000350225,0.0003509875,0.0003511125,0.0003497875,0.0003502125,0.000350875,0.0003501125,0.0003502,0.00035025,0.0003492875,0.0003504375,0.0003502125,0.000349475,0.0003497875,0.0003497875,0.0003484875,0.0003483,0.000349575,0.0003493125,0.0003484125,0.0003488375,0.000348125,0.00034765,0.0003484,0.00034795,0.000346375,0.000346525,0.0003466375,0.0003456625,0.0003451125,0.0003453375,0.0003449625,0.000343975,0.0003433375,0.0003430625,0.0003416,0.000340825,0.0003403375,0.0003401125,0.0003381375,0.000337575,0.0003359375,0.000333725,0.0003328375,0.0003311,0.000328175,0.0003259625,0.000322925,0.0003191125,0.000314575,0.000310125,0.00030455,0.0002976375,0.0002898875,0.00028115,0.0002705125,0.000258525,0.000245875,0.0002322375,0.00021635,0.0002002875,0.000183275,0.0001636875,0.0001458125,0.0001277125,0.00011020875,9.226e-5,7.52025e-5,5.94225e-5,4.47825e-5,3.03525e-5,1.848125e-5,7.895375e-6,-1.5725e-6,-9.902375e-6,-1.726375e-5,-2.3915e-5,-2.9955e-5,-3.608e-5,-4.140625e-5,-4.656125e-5,-5.1665e-5],"unit":"A\/cm2"},"voc":{"unit":"V","value":1.0928},"isc":{"unit":"A","value":0.0028103},"jsc":{"unit":"mA\/cm2","value":22.482},"fill_factor":{"unit":"%","value":64.06},"pmax":{"unit":"mW","value":1.967},"vmax":{"unit":"V","value":0.793},"imax":{"unit":"mA","value":2.481},"rshunt":{"unit":"ohms","value":2660},"voc_slope":{"unit":"ohms","value":170},"efficiency":{"unit":"%","value":15.74},"monitor_cell_reading":{"unit":"mV","value":0},"monitor_cell_calibration_value":{"unit":"mV","value":0},"test_device_area":{"unit":"cm2","value":0.125},"num_of_series_connected_stacks":{"unit":"","value":1},"meter_integration":{"unit":"NPLC","value":0.1},"source_irradiance":{"unit":"mW\/cm2","value":100},"voltage_settling_time":{"unit":"ms","value":10},"sweep_direction":{"unit":"","value":"Forward"},"irradiance_variation_correction":{"unit":"","value":"None"},"device_id":{"unit":"","value":"4-MEO-PEAI-4mM-1-2-F"},"cell_dimension":{"unit":"cm2","value":0.125},"key":"Forward_IV 4-MEO-PEAI-4mM-1-2"},{"V":{"value":[-0.1,-0.087,-0.074,-0.061,-0.047,-0.034,-0.021,-0.008,0.005,0.018,0.031,0.044,0.058,0.071,0.084,0.097,0.11,0.123,0.136,0.149,0.163,0.176,0.189,0.202,0.215,0.228,0.241,0.255,0.268,0.281,0.294,0.307,0.32,0.333,0.346,0.36,0.373,0.386,0.399,0.412,0.425,0.438,0.452,0.465,0.478,0.491,0.504,0.517,0.53,0.543,0.557,0.57,0.583,0.596,0.609,0.622,0.635,0.648,0.662,0.675,0.688,0.701,0.714,0.727,0.74,0.754,0.767,0.78,0.793,0.806,0.819,0.832,0.845,0.859,0.872,0.885,0.898,0.911,0.924,0.937,0.951,0.964,0.977,0.99,1.003,1.016,1.029,1.042,1.056,1.069,1.082,1.095,1.108,1.121,1.134,1.147,1.161,1.174,1.187,1.2],"unit":"V"},"I":{"value":[0.0027903,0.0027963,0.00279,0.0027862,0.0027916,0.0027843,0.0027867,0.002788,0.0027774,0.0027783,0.0027854,0.0027767,0.00278,0.0027791,0.0027708,0.0027801,0.0027786,0.0027696,0.0027746,0.0027732,0.0027711,0.0027751,0.0027681,0.0027662,0.0027679,0.002771,0.0027636,0.0027659,0.0027603,0.002754,0.002767,0.0027584,0.0027566,0.0027606,0.0027507,0.0027593,0.0027544,0.0027441,0.0027504,0.0027462,0.0027378,0.0027422,0.0027307,0.002727,0.0027321,0.0027192,0.0027165,0.0027144,0.0027002,0.0027023,0.002698,0.0026786,0.0026747,0.0026687,0.0026544,0.0026499,0.0026321,0.0026122,0.0025992,0.0025803,0.0025568,0.0025322,0.0025071,0.0024687,0.0024321,0.0023953,0.0023452,0.002288,0.0022273,0.0021578,0.0020807,0.0020032,0.0019096,0.0018011,0.001696,0.0015797,0.0014589,0.0013387,0.001211,0.0010788,0.00094676,0.00081155,0.00068768,0.00056566,0.00044985,0.00034213,0.00024319,0.00015189,6.5215e-5,-7.6311e-6,-7.2253e-5,-0.00012976,-0.00018299,-0.00023161,-0.00027684,-0.00031983,-0.00036456,-0.00040529,-0.00044559,-0.00048606],"unit":"A"},"J":{"value":[0.0003487875,0.0003495375,0.00034875,0.000348275,0.00034895,0.0003480375,0.0003483375,0.0003485,0.000347175,0.0003472875,0.000348175,0.0003470875,0.0003475,0.0003473875,0.00034635,0.0003475125,0.000347325,0.0003462,0.000346825,0.00034665,0.0003463875,0.0003468875,0.0003460125,0.000345775,0.0003459875,0.000346375,0.00034545,0.0003457375,0.0003450375,0.00034425,0.000345875,0.0003448,0.000344575,0.000345075,0.0003438375,0.0003449125,0.0003443,0.0003430125,0.0003438,0.000343275,0.000342225,0.000342775,0.0003413375,0.000340875,0.0003415125,0.0003399,0.0003395625,0.0003393,0.000337525,0.0003377875,0.00033725,0.000334825,0.0003343375,0.0003335875,0.0003318,0.0003312375,0.0003290125,0.000326525,0.0003249,0.0003225375,0.0003196,0.000316525,0.0003133875,0.0003085875,0.0003040125,0.0002994125,0.00029315,0.000286,0.0002784125,0.000269725,0.0002600875,0.0002504,0.0002387,0.0002251375,0.000212,0.0001974625,0.0001823625,0.0001673375,0.000151375,0.00013485,0.000118345,0.00010144375,8.596e-5,7.07075e-5,5.623125e-5,4.276625e-5,3.039875e-5,1.898625e-5,8.151875e-6,-9.538875e-7,-9.031625e-6,-1.622e-5,-2.287375e-5,-2.895125e-5,-3.4605e-5,-3.997875e-5,-4.557e-5,-5.066125e-5,-5.569875e-5,-6.07575e-5],"unit":"A\/cm2"},"voc":{"unit":"V","value":1.0676},"isc":{"unit":"A","value":0.0027815},"jsc":{"unit":"mA\/cm2","value":22.252},"fill_factor":{"unit":"%","value":60.82},"pmax":{"unit":"mW","value":1.806},"vmax":{"unit":"V","value":0.754},"imax":{"unit":"mA","value":2.395},"rshunt":{"unit":"ohms","value":5390},"voc_slope":{"unit":"ohms","value":176},"efficiency":{"unit":"%","value":14.45},"monitor_cell_reading":{"unit":"mV","value":0},"monitor_cell_calibration_value":{"unit":"mV","value":0},"test_device_area":{"unit":"cm2","value":0.125},"num_of_series_connected_stacks":{"unit":"","value":1},"meter_integration":{"unit":"NPLC","value":0.1},"source_irradiance":{"unit":"mW\/cm2","value":100},"voltage_settling_time":{"unit":"ms","value":10},"sweep_direction":{"unit":"","value":"Forward"},"irradiance_variation_correction":{"unit":"","value":"None"},"device_id":{"unit":"","value":"4-MEO-PEAI-4mM-1-1-R"},"cell_dimension":{"unit":"cm2","value":0.125},"key":"Forward_IV 4-MEO-PEAI-4mM-1-1"}]}}