{"_id":"66ee8f1484c09b71442c66f2","id":"SKKU-SC-00551","author":82,"group":11,"input":[{"tco":{"unit":"","value":"ITO"}},{"surface_treatment":{"unit":"","value":"O-Plasma"}},{"htl":[{"material":{"unit":"","value":"2PACz"},"concentration":{"unit":"","value":"0.5"},"conc_unit":{"unit":"","value":"mg\/ml"},"quantity":{"unit":"ml","value":"0.2"}}],"spin_coating":[{"type":{"unit":"","value":"Static (loading)"},"rpm":{"unit":"","value":"3000"},"time":{"unit":"s","value":"30"}}],"annealing":[{"temperature":{"unit":"oC","value":"100"},"time":{"unit":"m","value":"10"}}],"solvent":[{"material":{"unit":"","value":"Ethanol"},"volume":{"unit":"ml","value":"5"}}],"condition":{"unit":"","value":"glove-box(N2)"}},{"condition":{"unit":"","value":"glove-box(N2)"},"perovskite":{"method":{"unit":"","value":"1step"},"molarity":{"unit":"M","value":"1.5M"},"a_site":[{"material":{"unit":"","value":"FA"},"ratio":{"unit":"%","value":"90"}},{"material":{"unit":"","value":"Cs"},"ratio":{"unit":"%","value":"10"}}],"b_site":[{"material":{"unit":"","value":"Pb"},"ratio":{"unit":"%","value":"100"}}],"x_site":[{"material":{"unit":"","value":"I"},"ratio":{"unit":"%","value":"95"}},{"material":{"unit":"","value":"Br"},"ratio":{"unit":"%","value":"5"}}],"solvent":[{"material":{"unit":"","value":"DMF"},"volume":{"unit":"ml","value":"0.8"}},{"material":{"unit":"","value":"DMSO"},"volume":{"unit":"ml","value":"0.2"}}],"antisolvent":[{"material":{"unit":"","value":"CB"},"quantity":{"unit":"ul","value":"200"},"dripping_time":{"unit":"s","value":"5"}}],"spin_coating":[{"type":{"unit":"","value":"Static (only spreading)"},"rpm":{"unit":"","value":"1000"},"time":{"unit":"s","value":"10"}},{"type":{"unit":"","value":"Static (loading)"},"rpm":{"unit":"","value":"5000"},"time":{"unit":"s","value":"40"}}],"annealing":[{"temperature":{"unit":"oC","value":"100"},"time":{"unit":"m","value":"30"}}]}},{"perovskite_treatment":[{"material":{"unit":"","value":"LiF"},"concentration":{"unit":"","value":"None"},"conc_unit":{"unit":"","value":"None"},"quantity":{"unit":"ml","value":"None"}}],"thermal_evaporation":[{"vacuum_evaporation_thickness":{"unit":"nm","value":"1"},"evaporation_rate":{"unit":"\u00c5\/s","value":"0.2"},"vacuum_pressure":{"unit":"uTorr","value":"0.9"}}]},{"etl":[{"material":{"unit":"","value":"C60"},"concentration":{"unit":"","value":"None"},"conc_unit":{"unit":"","value":"mg\/ml"},"quantity":{"unit":"ml","value":"None"}}],"thermal_evaporation":[{"vacuum_evaporation_thickness":{"unit":"nm","value":"30"},"evaporation_rate":{"unit":"\u00c5\/s","value":"0.2"},"vacuum_pressure":{"unit":"uTorr","value":"0.9"}}]},{"blocking_buffer_layer":[{"material":{"unit":"","value":"BCP"},"concentration":{"unit":"","value":"None"},"conc_unit":{"unit":"","value":"None"},"quantity":{"unit":"ml","value":"None"}}],"thermal_evaporation":[{"vacuum_evaporation_thickness":{"unit":"nm","value":"8"},"evaporation_rate":{"unit":"\u00c5\/s","value":"0.2"},"vacuum_pressure":{"unit":"uTorr","value":"0.9"}}]},{"anode_metal":{"unit":"","value":"Ag"}},{"note":{"unit":"","value":"Br anion substituion MACl concentration scan"},"type":{"unit":"","value":"unit_cell"},"device_type":{"unit":"","value":"p-i-n"},"temperature":{"unit":"\u2103","value":"22"},"humidity":{"unit":"%","value":"40"},"cell_dimension":{"unit":"cm2","value":"0.125"},"condition":{"unit":"","value":"glove-box(N2)"}}],"fileinfo":[{"key":"Forward_IV 1-1-1","uploadType":"JV","original_name":"IV 1-1-1-f.txt","save_name":"SKKU-SC-00551\/Forward_IV 1-1-1","uploader":82,"fileType":""},{"key":"Reverse_IV 1-1-1","uploadType":"JV","original_name":"IV 1-1-1-r.txt","save_name":"SKKU-SC-00551\/Reverse_IV 1-1-1","uploader":82,"fileType":""},{"key":"Forward_IV 1-1-2","uploadType":"JV","original_name":"IV 1-1-2-f.txt","save_name":"SKKU-SC-00551\/Forward_IV 1-1-2","uploader":82,"fileType":""},{"key":"Reverse_IV 1-1-2","uploadType":"JV","original_name":"IV 1-1-2-r.txt","save_name":"SKKU-SC-00551\/Reverse_IV 1-1-2","uploader":82,"fileType":""},{"key":"Forward_IV 1-1-4","uploadType":"JV","original_name":"IV 1-1-4-f.txt","save_name":"SKKU-SC-00551\/Forward_IV 1-1-4","uploader":82,"fileType":""},{"key":"Reverse_IV 1-1-4","uploadType":"JV","original_name":"IV 1-1-4-r.txt","save_name":"SKKU-SC-00551\/Reverse_IV 1-1-4","uploader":82,"fileType":""},{"key":"Forward_IV 6-1-1","uploadType":"JV","original_name":"IV 6-1-1-f.txt","save_name":"SKKU-SC-00551\/Forward_IV 6-1-1","uploader":82,"fileType":""},{"key":"Reverse_IV 6-1-1","uploadType":"JV","original_name":"IV 6-1-1-r.txt","save_name":"SKKU-SC-00551\/Reverse_IV 6-1-1","uploader":82,"fileType":""},{"key":"Forward_IV 6-1-2","uploadType":"JV","original_name":"IV 6-1-2-f.txt","save_name":"SKKU-SC-00551\/Forward_IV 6-1-2","uploader":82,"fileType":""},{"key":"Reverse_IV 6-1-2","uploadType":"JV","original_name":"IV 6-1-2-r.txt","save_name":"SKKU-SC-00551\/Reverse_IV 6-1-2","uploader":82,"fileType":""},{"key":"Forward_IV 6-1-3","uploadType":"JV","original_name":"IV 6-1-3-f.txt","save_name":"SKKU-SC-00551\/Forward_IV 6-1-3","uploader":82,"fileType":""},{"key":"Reverse_IV 6-1-3","uploadType":"JV","original_name":"IV 6-1-3-r.txt","save_name":"SKKU-SC-00551\/Reverse_IV 6-1-3","uploader":82,"fileType":""},{"key":"Forward_IV 6-1-4","uploadType":"JV","original_name":"IV 6-1-4-f.txt","save_name":"SKKU-SC-00551\/Forward_IV 6-1-4","uploader":82,"fileType":""},{"key":"Reverse_IV 6-1-4","uploadType":"JV","original_name":"IV 6-1-4-r.txt","save_name":"SKKU-SC-00551\/Reverse_IV 6-1-4","uploader":82,"fileType":""}],"jvcnt":14,"analysisInfo":{"JV":[{"efficiency":16.559587,"fill_factor":75.326767,"jsc":20.516478,"voc":1.071513,"key":"Reverse_IV 6-1-4","cell_dimension":0.1},{"efficiency":16.871206,"fill_factor":73.745109,"jsc":21.189509,"voc":1.079672,"key":"Reverse_IV 6-1-3","cell_dimension":0.1},{"efficiency":16.842389,"fill_factor":74.198073,"jsc":20.897002,"voc":1.086243,"key":"Reverse_IV 6-1-2","cell_dimension":0.1},{"efficiency":15.004925,"fill_factor":66.04763,"jsc":20.706644,"voc":1.097152,"key":"Reverse_IV 6-1-1","cell_dimension":0.1},{"efficiency":10.936908,"fill_factor":63.232119,"jsc":15.9905,"voc":1.08167,"key":"Reverse_IV 1-1-4","cell_dimension":0.1},{"efficiency":12.25106,"fill_factor":69.535814,"jsc":16.174859,"voc":1.089243,"key":"Reverse_IV 1-1-2","cell_dimension":0.1},{"efficiency":16.674049,"fill_factor":75.105513,"jsc":20.229544,"voc":1.097446,"key":"Reverse_IV 1-1-1","cell_dimension":0.1},{"efficiency":17.30004,"fill_factor":78.538097,"jsc":20.451227,"voc":1.077079,"key":"Forward_IV 6-1-4","cell_dimension":0.1},{"efficiency":16.484434,"fill_factor":71.700785,"jsc":21.199207,"voc":1.084502,"key":"Forward_IV 6-1-3","cell_dimension":0.1},{"efficiency":14.517843,"fill_factor":65.517382,"jsc":20.532301,"voc":1.079215,"key":"Forward_IV 6-1-2","cell_dimension":0.1},{"efficiency":15.227387,"fill_factor":67.241087,"jsc":20.717341,"voc":1.093092,"key":"Forward_IV 6-1-1","cell_dimension":0.1},{"efficiency":11.454821,"fill_factor":66.975716,"jsc":15.825274,"voc":1.080736,"key":"Forward_IV 1-1-4","cell_dimension":0.1},{"efficiency":12.433679,"fill_factor":70.476446,"jsc":16.198866,"voc":1.089108,"key":"Forward_IV 1-1-2","cell_dimension":0.1},{"efficiency":15.804444,"fill_factor":71.395654,"jsc":20.239458,"voc":1.093726,"key":"Forward_IV 1-1-1","cell_dimension":0.1}]},"tags":[],"updated_at":"2024-10-24 09:03:47","created_at":"2024-09-21 09:17:08","public":2,"analysis":{"JV":[{"V":{"value":[1.15,1.138,1.126,1.114,1.102,1.09,1.078,1.066,1.054,1.042,1.03,1.018,1.006,0.994,0.982,0.97,0.958,0.946,0.934,0.922,0.91,0.898,0.886,0.874,0.862,0.85,0.838,0.826,0.814,0.802,0.79,0.778,0.766,0.754,0.742,0.73,0.718,0.706,0.694,0.682,0.67,0.658,0.646,0.634,0.622,0.61,0.598,0.586,0.574,0.562,0.55,0.538,0.526,0.514,0.502,0.49,0.478,0.466,0.454,0.442,0.43,0.418,0.406,0.394,0.382,0.37,0.358,0.346,0.334,0.322,0.31,0.298,0.286,0.274,0.262,0.25,0.238,0.226,0.214,0.202,0.19,0.178,0.166,0.154,0.142,0.13,0.118,0.106,0.094,0.082,0.07,0.058,0.046,0.034,0.022,0.01,-0.002,-0.014,-0.026,-0.038],"unit":"V"},"I":{"value":[-0.004705,-0.003821,-0.003009,-0.002259,-0.001569,-0.000963,-0.000424,2.8e-5,0.000409,0.000729,0.00098,0.001173,0.001334,0.001459,0.001556,0.001629,0.001687,0.001734,0.001767,0.001793,0.00182,0.001835,0.001848,0.00186,0.001872,0.001885,0.001891,0.0019,0.001911,0.001916,0.001923,0.001924,0.00193,0.001932,0.001936,0.001941,0.001943,0.00195,0.001951,0.001956,0.001956,0.001956,0.001961,0.001963,0.001965,0.001969,0.001974,0.001976,0.001979,0.001977,0.001981,0.001984,0.001984,0.001989,0.001987,0.001987,0.00199,0.001995,0.001993,0.001995,0.002002,0.002005,0.002006,0.002007,0.002008,0.002009,0.002011,0.00201,0.002013,0.002009,0.002015,0.002016,0.002018,0.00202,0.002022,0.002022,0.002026,0.002025,0.002024,0.002026,0.002029,0.002029,0.002032,0.002034,0.002034,0.002038,0.002037,0.002038,0.002038,0.002045,0.00204,0.002037,0.002041,0.002046,0.002042,0.002048,0.002052,0.002053,0.002054,0.002057],"unit":"A"},"J":{"value":[-0.0004705,-0.0003821,-0.0003009,-0.00022590000000000002,-0.00015690000000000002,-9.630000000000001e-5,-4.24e-5,2.8000000000000003e-6,4.0900000000000005e-5,7.290000000000001e-5,9.8e-5,0.0001173,0.0001334,0.0001459,0.00015560000000000001,0.0001629,0.0001687,0.0001734,0.0001767,0.00017930000000000002,0.000182,0.00018350000000000002,0.00018480000000000002,0.00018600000000000002,0.0001872,0.0001885,0.00018910000000000002,0.00019,0.0001911,0.0001916,0.0001923,0.00019240000000000001,0.00019300000000000003,0.0001932,0.00019360000000000002,0.0001941,0.0001943,0.000195,0.00019510000000000003,0.00019559999999999998,0.00019559999999999998,0.00019559999999999998,0.00019610000000000002,0.0001963,0.00019650000000000003,0.0001969,0.00019740000000000003,0.0001976,0.00019789999999999999,0.0001977,0.00019810000000000002,0.00019840000000000002,0.00019840000000000002,0.0001989,0.0001987,0.0001987,0.000199,0.0001995,0.00019930000000000002,0.0001995,0.0002002,0.0002005,0.0002006,0.00020070000000000003,0.0002008,0.0002009,0.00020110000000000004,0.000201,0.00020130000000000001,0.0002009,0.0002015,0.00020160000000000002,0.0002018,0.00020200000000000003,0.0002022,0.0002022,0.00020260000000000002,0.0002025,0.00020240000000000004,0.00020260000000000002,0.0002029,0.0002029,0.0002032,0.00020339999999999998,0.00020339999999999998,0.0002038,0.00020370000000000002,0.0002038,0.0002038,0.0002045,0.00020400000000000003,0.00020370000000000002,0.0002041,0.0002046,0.0002042,0.0002048,0.0002052,0.00020530000000000003,0.0002054,0.00020569999999999999],"unit":"A\/cm2"},"voc":{"unit":"V","value":1.071513},"isc":{"unit":"A","value":2.051648},"jsc":{"unit":"mA\/cm2","value":20.516478},"fill_factor":{"unit":"%","value":75.326767},"vmax":{"unit":"V","value":0.91},"efficiency":{"unit":"%","value":16.559587},"monitor_cell_reading":{"unit":"mV","value":0},"monitor_cell_calibration_value":{"unit":"mV","value":0},"test_device_area":{"unit":"cm2","value":0.1},"num_of_series_connected_stacks":{"unit":"","value":1},"sweep_direction":{"unit":"","value":"Reverse"},"device_id":{"unit":"","value":"6-1-4-r"},"cell_dimension":{"unit":"cm2","value":0.1},"key":"Reverse_IV 6-1-4"},{"V":{"value":[1.15,1.138,1.126,1.114,1.102,1.09,1.078,1.066,1.054,1.042,1.03,1.018,1.006,0.994,0.982,0.97,0.958,0.946,0.934,0.922,0.91,0.898,0.886,0.874,0.862,0.85,0.838,0.826,0.814,0.802,0.79,0.778,0.766,0.754,0.742,0.73,0.718,0.706,0.694,0.682,0.67,0.658,0.646,0.634,0.622,0.61,0.598,0.586,0.574,0.562,0.55,0.538,0.526,0.514,0.502,0.49,0.478,0.466,0.454,0.442,0.43,0.418,0.406,0.394,0.382,0.37,0.358,0.346,0.334,0.322,0.31,0.298,0.286,0.274,0.262,0.25,0.238,0.226,0.214,0.202,0.19,0.178,0.166,0.154,0.142,0.13,0.118,0.106,0.094,0.082,0.07,0.058,0.046,0.034,0.022,0.01,-0.002,-0.014,-0.026,-0.038],"unit":"V"},"I":{"value":[-0.001327,-0.001096,-0.000865,-0.000638,-0.000413,-0.000197,1.2e-5,0.000212,0.000404,0.000588,0.000762,0.000927,0.001074,0.001214,0.001341,0.001455,0.001559,0.001648,0.001719,0.001781,0.001832,0.001871,0.001904,0.001928,0.001948,0.001968,0.001987,0.002,0.002008,0.002018,0.002028,0.002033,0.002034,0.00204,0.002045,0.002048,0.00205,0.002058,0.002057,0.002061,0.002063,0.002064,0.002066,0.002067,0.002068,0.002073,0.002075,0.002079,0.002076,0.002079,0.002078,0.002082,0.002082,0.002084,0.002082,0.00208,0.002083,0.002081,0.002085,0.002089,0.002091,0.002092,0.002093,0.002095,0.002093,0.002094,0.002098,0.002095,0.002095,0.002102,0.002104,0.002104,0.002105,0.002108,0.002109,0.002107,0.002106,0.002108,0.002106,0.002108,0.002112,0.002115,0.002111,0.002115,0.002115,0.00211,0.002113,0.002113,0.002114,0.002114,0.002113,0.00212,0.002122,0.002118,0.002121,0.002121,0.002119,0.002115,0.002119,0.00212],"unit":"A"},"J":{"value":[-0.0001327,-0.00010960000000000001,-8.65e-5,-6.38e-5,-4.13e-5,-1.97e-5,1.2000000000000002e-6,2.12e-5,4.0400000000000006e-5,5.88e-5,7.620000000000001e-5,9.27e-5,0.00010740000000000001,0.00012140000000000001,0.0001341,0.00014549999999999999,0.00015590000000000002,0.0001648,0.0001719,0.00017810000000000002,0.0001832,0.00018710000000000002,0.00019040000000000002,0.00019280000000000002,0.00019480000000000002,0.0001968,0.0001987,0.0002,0.0002008,0.0002018,0.0002028,0.0002033,0.00020339999999999998,0.00020400000000000003,0.0002045,0.0002048,0.00020500000000000002,0.00020580000000000002,0.00020569999999999999,0.0002061,0.00020630000000000003,0.0002064,0.00020660000000000003,0.00020669999999999998,0.0002068,0.00020730000000000002,0.0002075,0.0002079,0.00020760000000000003,0.0002079,0.0002078,0.00020820000000000002,0.00020820000000000002,0.0002084,0.00020820000000000002,0.000208,0.00020830000000000002,0.00020810000000000002,0.00020850000000000003,0.00020890000000000004,0.00020910000000000001,0.00020920000000000002,0.0002093,0.00020950000000000002,0.0002093,0.0002094,0.0002098,0.00020950000000000002,0.00020950000000000002,0.00021020000000000001,0.00021040000000000002,0.00021040000000000002,0.00021050000000000002,0.00021080000000000003,0.00021090000000000003,0.0002107,0.0002106,0.00021080000000000003,0.0002106,0.00021080000000000003,0.00021120000000000004,0.00021150000000000002,0.0002111,0.00021150000000000002,0.00021150000000000002,0.000211,0.00021129999999999999,0.00021129999999999999,0.00021140000000000002,0.00021140000000000002,0.00021129999999999999,0.000212,0.00021220000000000004,0.00021180000000000003,0.0002121,0.0002121,0.0002119,0.00021150000000000002,0.0002119,0.000212],"unit":"A\/cm2"},"voc":{"unit":"V","value":1.079672},"isc":{"unit":"A","value":2.118951},"jsc":{"unit":"mA\/cm2","value":21.189509},"fill_factor":{"unit":"%","value":73.745109},"vmax":{"unit":"V","value":0.886},"efficiency":{"unit":"%","value":16.871206},"monitor_cell_reading":{"unit":"mV","value":0},"monitor_cell_calibration_value":{"unit":"mV","value":0},"test_device_area":{"unit":"cm2","value":0.1},"num_of_series_connected_stacks":{"unit":"","value":1},"sweep_direction":{"unit":"","value":"Reverse"},"device_id":{"unit":"","value":"6-1-3-r"},"cell_dimension":{"unit":"cm2","value":0.1},"key":"Reverse_IV 6-1-3"},{"V":{"value":[1.15,1.138,1.126,1.114,1.102,1.09,1.078,1.066,1.054,1.042,1.03,1.018,1.006,0.994,0.982,0.97,0.958,0.946,0.934,0.922,0.91,0.898,0.886,0.874,0.862,0.85,0.838,0.826,0.814,0.802,0.79,0.778,0.766,0.754,0.742,0.73,0.718,0.706,0.694,0.682,0.67,0.658,0.646,0.634,0.622,0.61,0.598,0.586,0.574,0.562,0.55,0.538,0.526,0.514,0.502,0.49,0.478,0.466,0.454,0.442,0.43,0.418,0.406,0.394,0.382,0.37,0.358,0.346,0.334,0.322,0.31,0.298,0.286,0.274,0.262,0.25,0.238,0.226,0.214,0.202,0.19,0.178,0.166,0.154,0.142,0.13,0.118,0.106,0.094,0.082,0.07,0.058,0.046,0.034,0.022,0.01,-0.002,-0.014,-0.026,-0.038],"unit":"V"},"I":{"value":[-0.001554,-0.001253,-0.000956,-0.000672,-0.000395,-0.000132,0.000118,0.000354,0.000575,0.000776,0.000958,0.001119,0.001273,0.001398,0.001508,0.001597,0.001672,0.001729,0.001777,0.001819,0.001851,0.001875,0.001894,0.001914,0.001925,0.001937,0.001949,0.001956,0.001965,0.001972,0.001979,0.001982,0.001984,0.001988,0.001994,0.001998,0.001997,0.002004,0.002006,0.002014,0.002015,0.002017,0.002017,0.002017,0.002018,0.002021,0.002024,0.002023,0.002024,0.002029,0.002035,0.002034,0.002038,0.002039,0.002037,0.002039,0.002043,0.002043,0.002042,0.002045,0.002049,0.002045,0.002051,0.002055,0.002054,0.002057,0.00206,0.002059,0.002061,0.002059,0.002061,0.002062,0.002058,0.002061,0.002064,0.002063,0.002065,0.002067,0.002071,0.002072,0.002072,0.002074,0.002075,0.002077,0.002076,0.002079,0.002081,0.002078,0.002075,0.002081,0.002083,0.002084,0.002086,0.002085,0.002086,0.002086,0.00209,0.002091,0.002087,0.002091],"unit":"A"},"J":{"value":[-0.0001554,-0.0001253,-9.56e-5,-6.72e-5,-3.9500000000000005e-5,-1.3200000000000002e-5,1.18e-5,3.54e-5,5.75e-5,7.76e-5,9.58e-5,0.00011190000000000001,0.0001273,0.0001398,0.0001508,0.0001597,0.00016720000000000003,0.00017290000000000003,0.0001777,0.00018190000000000003,0.0001851,0.0001875,0.00018940000000000002,0.0001914,0.00019250000000000002,0.0001937,0.00019490000000000002,0.00019559999999999998,0.00019650000000000003,0.0001972,0.00019789999999999999,0.0001982,0.00019840000000000002,0.00019880000000000003,0.00019940000000000002,0.00019980000000000003,0.00019970000000000003,0.00020040000000000002,0.0002006,0.00020140000000000002,0.0002015,0.00020170000000000002,0.00020170000000000002,0.00020170000000000002,0.0002018,0.00020209999999999998,0.00020240000000000004,0.0002023,0.00020240000000000004,0.0002029,0.0002035,0.00020339999999999998,0.0002038,0.00020390000000000002,0.00020370000000000002,0.00020390000000000002,0.00020430000000000003,0.00020430000000000003,0.0002042,0.0002045,0.00020490000000000002,0.0002045,0.0002051,0.0002055,0.0002054,0.00020569999999999999,0.00020600000000000002,0.00020590000000000002,0.0002061,0.00020590000000000002,0.0002061,0.00020620000000000002,0.00020580000000000002,0.0002061,0.0002064,0.00020630000000000003,0.0002065,0.00020669999999999998,0.0002071,0.00020720000000000002,0.00020720000000000002,0.0002074,0.0002075,0.0002077,0.00020760000000000003,0.0002079,0.00020810000000000002,0.0002078,0.0002075,0.00020810000000000002,0.00020830000000000002,0.0002084,0.00020860000000000003,0.00020850000000000003,0.00020860000000000003,0.00020860000000000003,0.00020899999999999998,0.00020910000000000001,0.0002087,0.00020910000000000001],"unit":"A\/cm2"},"voc":{"unit":"V","value":1.086243},"isc":{"unit":"A","value":2.0897},"jsc":{"unit":"mA\/cm2","value":20.897002},"fill_factor":{"unit":"%","value":74.198073},"vmax":{"unit":"V","value":0.91},"efficiency":{"unit":"%","value":16.842389},"monitor_cell_reading":{"unit":"mV","value":0},"monitor_cell_calibration_value":{"unit":"mV","value":0},"test_device_area":{"unit":"cm2","value":0.1},"num_of_series_connected_stacks":{"unit":"","value":1},"sweep_direction":{"unit":"","value":"Reverse"},"device_id":{"unit":"","value":"6-1-2-r"},"cell_dimension":{"unit":"cm2","value":0.1},"key":"Reverse_IV 6-1-2"},{"V":{"value":[1.15,1.138,1.126,1.114,1.102,1.09,1.078,1.066,1.054,1.042,1.03,1.018,1.006,0.994,0.982,0.97,0.958,0.946,0.934,0.922,0.91,0.898,0.886,0.874,0.862,0.85,0.838,0.826,0.814,0.802,0.79,0.778,0.766,0.754,0.742,0.73,0.718,0.706,0.694,0.682,0.67,0.658,0.646,0.634,0.622,0.61,0.598,0.586,0.574,0.562,0.55,0.538,0.526,0.514,0.502,0.49,0.478,0.466,0.454,0.442,0.43,0.418,0.406,0.394,0.382,0.37,0.358,0.346,0.334,0.322,0.31,0.298,0.286,0.274,0.262,0.25,0.238,0.226,0.214,0.202,0.19,0.178,0.166,0.154,0.142,0.13,0.118,0.106,0.094,0.082,0.07,0.058,0.046,0.034,0.022,0.01,-0.002,-0.014,-0.026,-0.038],"unit":"V"},"I":{"value":[-0.000453,-0.000349,-0.000247,-0.000144,-4.2e-5,5.9e-5,0.000158,0.000256,0.000353,0.000448,0.000544,0.000639,0.00073,0.000821,0.000913,0.001001,0.001082,0.001162,0.001238,0.001315,0.001381,0.00145,0.001511,0.001568,0.001626,0.001681,0.001737,0.001787,0.001831,0.00187,0.001899,0.001923,0.001947,0.001967,0.001982,0.001996,0.002006,0.002014,0.002016,0.002023,0.002029,0.002027,0.002032,0.002033,0.002038,0.002038,0.002043,0.002046,0.002042,0.002044,0.00205,0.002053,0.002049,0.002047,0.002051,0.002052,0.00205,0.002055,0.002053,0.002051,0.002053,0.002055,0.002058,0.002054,0.002061,0.002059,0.002057,0.002056,0.002061,0.002056,0.002057,0.002061,0.002059,0.002057,0.002057,0.002064,0.002062,0.002065,0.002065,0.002065,0.002065,0.00207,0.002069,0.002064,0.002065,0.002068,0.002061,0.002065,0.002067,0.002067,0.002068,0.002074,0.002075,0.00207,0.002071,0.002073,0.002071,0.002071,0.002072,0.002071],"unit":"A"},"J":{"value":[-4.53e-5,-3.49e-5,-2.47e-5,-1.4400000000000001e-5,-4.2e-6,5.9e-6,1.58e-5,2.56e-5,3.5300000000000004e-5,4.4800000000000005e-5,5.44e-5,6.390000000000001e-5,7.3e-5,8.21e-5,9.13e-5,0.0001001,0.00010820000000000001,0.0001162,0.0001238,0.0001315,0.00013810000000000002,0.000145,0.00015110000000000001,0.00015680000000000002,0.00016260000000000002,0.00016810000000000002,0.00017370000000000002,0.0001787,0.0001831,0.000187,0.0001899,0.0001923,0.00019470000000000002,0.0001967,0.0001982,0.0001996,0.0002006,0.00020140000000000002,0.00020160000000000002,0.0002023,0.0002029,0.00020270000000000002,0.0002032,0.0002033,0.0002038,0.0002038,0.00020430000000000003,0.0002046,0.0002042,0.00020439999999999998,0.00020500000000000002,0.00020530000000000003,0.00020490000000000002,0.00020470000000000004,0.0002051,0.0002052,0.00020500000000000002,0.0002055,0.00020530000000000003,0.0002051,0.00020530000000000003,0.0002055,0.00020580000000000002,0.0002054,0.0002061,0.00020590000000000002,0.00020569999999999999,0.0002056,0.0002061,0.0002056,0.00020569999999999999,0.0002061,0.00020590000000000002,0.00020569999999999999,0.00020569999999999999,0.0002064,0.00020620000000000002,0.0002065,0.0002065,0.0002065,0.0002065,0.000207,0.00020690000000000001,0.0002064,0.0002065,0.0002068,0.0002061,0.0002065,0.00020669999999999998,0.00020669999999999998,0.0002068,0.0002074,0.0002075,0.000207,0.0002071,0.00020730000000000002,0.0002071,0.0002071,0.00020720000000000002,0.0002071],"unit":"A\/cm2"},"voc":{"unit":"V","value":1.097152},"isc":{"unit":"A","value":2.070664},"jsc":{"unit":"mA\/cm2","value":20.706644},"fill_factor":{"unit":"%","value":66.04763},"vmax":{"unit":"V","value":0.79},"efficiency":{"unit":"%","value":15.004925},"monitor_cell_reading":{"unit":"mV","value":0},"monitor_cell_calibration_value":{"unit":"mV","value":0},"test_device_area":{"unit":"cm2","value":0.1},"num_of_series_connected_stacks":{"unit":"","value":1},"sweep_direction":{"unit":"","value":"Reverse"},"device_id":{"unit":"","value":"6-1-1-r"},"cell_dimension":{"unit":"cm2","value":0.1},"key":"Reverse_IV 6-1-1"},{"V":{"value":[1.15,1.138,1.126,1.114,1.102,1.09,1.078,1.066,1.054,1.042,1.03,1.018,1.006,0.994,0.982,0.97,0.958,0.946,0.934,0.922,0.91,0.898,0.886,0.874,0.862,0.85,0.838,0.826,0.814,0.802,0.79,0.778,0.766,0.754,0.742,0.73,0.718,0.706,0.694,0.682,0.67,0.658,0.646,0.634,0.622,0.61,0.598,0.586,0.574,0.562,0.55,0.538,0.526,0.514,0.502,0.49,0.478,0.466,0.454,0.442,0.43,0.418,0.406,0.394,0.382,0.37,0.358,0.346,0.334,0.322,0.31,0.298,0.286,0.274,0.262,0.25,0.238,0.226,0.214,0.202,0.19,0.178,0.166,0.154,0.142,0.13,0.118,0.106,0.094,0.082,0.07,0.058,0.046,0.034,0.022,0.01,-0.002,-0.014,-0.026,-0.038],"unit":"V"},"I":{"value":[-0.002677,-0.002083,-0.001527,-0.001066,-0.000666,-0.000311,-1.5e-5,0.000239,0.000448,0.000613,0.000746,0.000851,0.000935,0.000997,0.001049,0.001087,0.001119,0.001148,0.001168,0.001185,0.001202,0.001217,0.001232,0.001242,0.001251,0.00126,0.001267,0.001274,0.001285,0.00129,0.001296,0.0013,0.001309,0.001314,0.001319,0.001324,0.001332,0.001337,0.00134,0.001344,0.001349,0.001355,0.001359,0.001365,0.00137,0.001374,0.00138,0.001385,0.001389,0.001392,0.001397,0.001401,0.001406,0.001409,0.001412,0.001417,0.001421,0.001425,0.00143,0.001435,0.001438,0.001442,0.001446,0.001449,0.001454,0.00146,0.001462,0.001468,0.001474,0.001477,0.00148,0.001483,0.001485,0.001491,0.001497,0.001501,0.001504,0.001509,0.001515,0.001517,0.001522,0.001525,0.001528,0.001535,0.001537,0.001545,0.001552,0.001557,0.001563,0.001568,0.001575,0.001578,0.001583,0.001588,0.001592,0.001593,0.001599,0.001603,0.001604,0.001609],"unit":"A"},"J":{"value":[-0.0002677,-0.00020830000000000002,-0.0001527,-0.00010660000000000002,-6.66e-5,-3.1100000000000004e-5,-1.5e-6,2.39e-5,4.4800000000000005e-5,6.130000000000001e-5,7.460000000000001e-5,8.510000000000001e-5,9.35e-5,9.970000000000001e-5,0.0001049,0.00010870000000000001,0.00011190000000000001,0.0001148,0.0001168,0.00011850000000000001,0.0001202,0.0001217,0.0001232,0.0001242,0.0001251,0.000126,0.0001267,0.0001274,0.0001285,0.000129,0.0001296,0.00013,0.0001309,0.00013140000000000002,0.0001319,0.00013240000000000002,0.0001332,0.00013370000000000002,0.000134,0.0001344,0.0001349,0.00013550000000000001,0.0001359,0.00013649999999999998,0.000137,0.0001374,0.000138,0.0001385,0.00013890000000000002,0.0001392,0.0001397,0.0001401,0.0001406,0.0001409,0.00014120000000000002,0.0001417,0.0001421,0.00014250000000000002,0.000143,0.00014350000000000002,0.0001438,0.0001442,0.00014460000000000002,0.0001449,0.0001454,0.000146,0.0001462,0.0001468,0.0001474,0.0001477,0.00014800000000000002,0.0001483,0.0001485,0.0001491,0.0001497,0.00015010000000000002,0.0001504,0.0001509,0.00015150000000000002,0.0001517,0.0001522,0.00015250000000000002,0.00015280000000000003,0.0001535,0.0001537,0.00015450000000000001,0.0001552,0.00015570000000000002,0.0001563,0.00015680000000000002,0.0001575,0.00015780000000000001,0.0001583,0.0001588,0.00015920000000000002,0.00015930000000000002,0.0001599,0.00016030000000000002,0.0001604,0.0001609],"unit":"A\/cm2"},"voc":{"unit":"V","value":1.08167},"isc":{"unit":"A","value":1.59905},"jsc":{"unit":"mA\/cm2","value":15.9905},"fill_factor":{"unit":"%","value":63.232119},"vmax":{"unit":"V","value":0.91},"efficiency":{"unit":"%","value":10.936908},"monitor_cell_reading":{"unit":"mV","value":0},"monitor_cell_calibration_value":{"unit":"mV","value":0},"test_device_area":{"unit":"cm2","value":0.1},"num_of_series_connected_stacks":{"unit":"","value":1},"sweep_direction":{"unit":"","value":"Reverse"},"device_id":{"unit":"","value":"1-1-4-r"},"cell_dimension":{"unit":"cm2","value":0.1},"key":"Reverse_IV 1-1-4"},{"V":{"value":[1.15,1.138,1.126,1.114,1.102,1.09,1.078,1.066,1.054,1.042,1.03,1.018,1.006,0.994,0.982,0.97,0.958,0.946,0.934,0.922,0.91,0.898,0.886,0.874,0.862,0.85,0.838,0.826,0.814,0.802,0.79,0.778,0.766,0.754,0.742,0.73,0.718,0.706,0.694,0.682,0.67,0.658,0.646,0.634,0.622,0.61,0.598,0.586,0.574,0.562,0.55,0.538,0.526,0.514,0.502,0.49,0.478,0.466,0.454,0.442,0.43,0.418,0.406,0.394,0.382,0.37,0.358,0.346,0.334,0.322,0.31,0.298,0.286,0.274,0.262,0.25,0.238,0.226,0.214,0.202,0.19,0.178,0.166,0.154,0.142,0.13,0.118,0.106,0.094,0.082,0.07,0.058,0.046,0.034,0.022,0.01,-0.002,-0.014,-0.026,-0.038],"unit":"V"},"I":{"value":[-0.000871,-0.000688,-0.000512,-0.000342,-0.000177,-1.9e-5,0.000133,0.000283,0.000422,0.000554,0.000677,0.000789,0.000891,0.000983,0.001059,0.001132,0.001193,0.001243,0.001285,0.001315,0.001342,0.001364,0.001383,0.001396,0.001407,0.001419,0.001428,0.001436,0.001443,0.00145,0.001456,0.001457,0.001461,0.001462,0.001466,0.001469,0.001471,0.001475,0.001475,0.001477,0.001483,0.001486,0.001488,0.001489,0.001492,0.001495,0.001493,0.001496,0.001497,0.001499,0.001502,0.001505,0.001508,0.001509,0.001514,0.001517,0.001519,0.001519,0.00152,0.001523,0.001524,0.001527,0.001529,0.001532,0.001531,0.001531,0.001537,0.001542,0.001543,0.001543,0.001547,0.001552,0.001552,0.001554,0.001557,0.001556,0.001561,0.001562,0.001566,0.001567,0.001569,0.001575,0.001578,0.001575,0.00158,0.001587,0.001587,0.001591,0.001594,0.001596,0.001599,0.001601,0.001607,0.001607,0.001611,0.001616,0.001617,0.001619,0.001623,0.001627],"unit":"A"},"J":{"value":[-8.71e-5,-6.88e-5,-5.12e-5,-3.4200000000000005e-5,-1.77e-5,-1.9000000000000002e-6,1.3300000000000001e-5,2.83e-5,4.22e-5,5.5400000000000005e-5,6.77e-5,7.890000000000001e-5,8.91e-5,9.83e-5,0.00010590000000000001,0.0001132,0.00011930000000000001,0.0001243,0.0001285,0.0001315,0.0001342,0.0001364,0.0001383,0.0001396,0.0001407,0.0001419,0.0001428,0.0001436,0.0001443,0.000145,0.00014560000000000002,0.0001457,0.0001461,0.0001462,0.0001466,0.00014690000000000002,0.00014710000000000002,0.0001475,0.0001475,0.0001477,0.0001483,0.0001486,0.0001488,0.00014890000000000001,0.00014920000000000002,0.0001495,0.0001493,0.0001496,0.0001497,0.0001499,0.00015020000000000002,0.00015050000000000003,0.0001508,0.0001509,0.0001514,0.0001517,0.0001519,0.0001519,0.000152,0.00015230000000000002,0.00015240000000000002,0.0001527,0.0001529,0.0001532,0.0001531,0.0001531,0.0001537,0.0001542,0.0001543,0.0001543,0.00015470000000000002,0.0001552,0.0001552,0.0001554,0.00015570000000000002,0.00015560000000000001,0.00015610000000000003,0.0001562,0.0001566,0.00015670000000000001,0.00015690000000000002,0.0001575,0.00015780000000000001,0.0001575,0.00015800000000000002,0.0001587,0.0001587,0.00015910000000000002,0.0001594,0.0001596,0.0001599,0.00016010000000000002,0.0001607,0.0001607,0.0001611,0.00016160000000000002,0.0001617,0.0001619,0.00016230000000000001,0.0001627],"unit":"A\/cm2"},"voc":{"unit":"V","value":1.089243},"isc":{"unit":"A","value":1.617486},"jsc":{"unit":"mA\/cm2","value":16.174859},"fill_factor":{"unit":"%","value":69.535814},"vmax":{"unit":"V","value":0.886},"efficiency":{"unit":"%","value":12.25106},"monitor_cell_reading":{"unit":"mV","value":0},"monitor_cell_calibration_value":{"unit":"mV","value":0},"test_device_area":{"unit":"cm2","value":0.1},"num_of_series_connected_stacks":{"unit":"","value":1},"sweep_direction":{"unit":"","value":"Reverse"},"device_id":{"unit":"","value":"1-1-2-r"},"cell_dimension":{"unit":"cm2","value":0.1},"key":"Reverse_IV 1-1-2"},{"V":{"value":[1.15,1.138,1.126,1.114,1.102,1.09,1.078,1.066,1.054,1.042,1.03,1.018,1.006,0.994,0.982,0.97,0.958,0.946,0.934,0.922,0.91,0.898,0.886,0.874,0.862,0.85,0.838,0.826,0.814,0.802,0.79,0.778,0.766,0.754,0.742,0.73,0.718,0.706,0.694,0.682,0.67,0.658,0.646,0.634,0.622,0.61,0.598,0.586,0.574,0.562,0.55,0.538,0.526,0.514,0.502,0.49,0.478,0.466,0.454,0.442,0.43,0.418,0.406,0.394,0.382,0.37,0.358,0.346,0.334,0.322,0.31,0.298,0.286,0.274,0.262,0.25,0.238,0.226,0.214,0.202,0.19,0.178,0.166,0.154,0.142,0.13,0.118,0.106,0.094,0.082,0.07,0.058,0.046,0.034,0.022,0.01,-0.002,-0.014,-0.026,-0.038],"unit":"V"},"I":{"value":[-0.000878,-0.000666,-0.000463,-0.000267,-7.5e-5,0.000108,0.000288,0.00046,0.000625,0.000784,0.000932,0.001061,0.001192,0.001314,0.001419,0.001516,0.0016,0.001667,0.001728,0.00178,0.00182,0.001852,0.001882,0.001905,0.001918,0.001934,0.001946,0.001959,0.001966,0.001973,0.001974,0.001972,0.00198,0.001984,0.001983,0.001989,0.001993,0.001994,0.001992,0.001996,0.001998,0.001995,0.001994,0.001996,0.001997,0.001995,0.002,0.002,0.002,0.002,0.002003,0.002004,0.002002,0.002003,0.002005,0.002003,0.002003,0.002006,0.002003,0.002006,0.002006,0.002007,0.002008,0.002005,0.002008,0.00201,0.002008,0.00201,0.002012,0.002014,0.002014,0.002014,0.002014,0.002017,0.002011,0.002014,0.002017,0.002017,0.002014,0.002015,0.002019,0.002018,0.002016,0.002017,0.002017,0.002017,0.002018,0.002021,0.002021,0.002025,0.002024,0.002026,0.002024,0.002026,0.002025,0.002026,0.002023,0.002024,0.002022,0.002022],"unit":"A"},"J":{"value":[-8.78e-5,-6.66e-5,-4.63e-5,-2.67e-5,-7.499999999999999e-6,1.08e-5,2.8800000000000002e-5,4.600000000000001e-5,6.25e-5,7.840000000000001e-5,9.32e-5,0.00010610000000000002,0.0001192,0.00013140000000000002,0.0001419,0.0001516,0.00016,0.0001667,0.0001728,0.000178,0.000182,0.0001852,0.00018820000000000002,0.00019050000000000002,0.0001918,0.0001934,0.00019460000000000001,0.0001959,0.0001966,0.0001973,0.00019740000000000003,0.0001972,0.00019800000000000002,0.00019840000000000002,0.0001983,0.0001989,0.00019930000000000002,0.00019940000000000002,0.0001992,0.0001996,0.00019980000000000003,0.0001995,0.00019940000000000002,0.0001996,0.00019970000000000003,0.0001995,0.0002,0.0002,0.0002,0.0002,0.00020030000000000002,0.00020040000000000002,0.0002002,0.00020030000000000002,0.0002005,0.00020030000000000002,0.00020030000000000002,0.0002006,0.00020030000000000002,0.0002006,0.0002006,0.00020070000000000003,0.0002008,0.0002005,0.0002008,0.000201,0.0002008,0.000201,0.0002012,0.00020140000000000002,0.00020140000000000002,0.00020140000000000002,0.00020140000000000002,0.00020170000000000002,0.00020110000000000004,0.00020140000000000002,0.00020170000000000002,0.00020170000000000002,0.00020140000000000002,0.0002015,0.0002019,0.0002018,0.00020160000000000002,0.00020170000000000002,0.00020170000000000002,0.00020170000000000002,0.0002018,0.00020209999999999998,0.00020209999999999998,0.0002025,0.00020240000000000004,0.00020260000000000002,0.00020240000000000004,0.00020260000000000002,0.0002025,0.00020260000000000002,0.0002023,0.00020240000000000004,0.0002022,0.0002022],"unit":"A\/cm2"},"voc":{"unit":"V","value":1.097446},"isc":{"unit":"A","value":2.022954},"jsc":{"unit":"mA\/cm2","value":20.229544},"fill_factor":{"unit":"%","value":75.105513},"vmax":{"unit":"V","value":0.886},"efficiency":{"unit":"%","value":16.674049},"monitor_cell_reading":{"unit":"mV","value":0},"monitor_cell_calibration_value":{"unit":"mV","value":0},"test_device_area":{"unit":"cm2","value":0.1},"num_of_series_connected_stacks":{"unit":"","value":1},"sweep_direction":{"unit":"","value":"Reverse"},"device_id":{"unit":"","value":"1-1-1-r"},"cell_dimension":{"unit":"cm2","value":0.1},"key":"Reverse_IV 1-1-1"},{"V":{"value":[-0.05,-0.038,-0.026,-0.014,-0.002,0.01,0.022,0.034,0.046,0.058,0.07,0.082,0.094,0.106,0.118,0.13,0.142,0.154,0.166,0.178,0.19,0.202,0.214,0.226,0.238,0.25,0.262,0.274,0.286,0.298,0.31,0.322,0.334,0.346,0.358,0.37,0.382,0.394,0.406,0.418,0.43,0.442,0.454,0.466,0.478,0.49,0.502,0.514,0.526,0.538,0.55,0.562,0.574,0.586,0.598,0.61,0.622,0.634,0.646,0.658,0.67,0.682,0.694,0.706,0.718,0.73,0.742,0.754,0.766,0.778,0.79,0.802,0.814,0.826,0.838,0.85,0.862,0.874,0.886,0.898,0.91,0.922,0.934,0.946,0.958,0.97,0.982,0.994,1.006,1.018,1.03,1.042,1.054,1.066,1.078,1.09,1.102,1.114,1.126,1.138],"unit":"V"},"I":{"value":[0.002044,0.002046,0.002044,0.002046,0.002045,0.002043,0.002041,0.002042,0.002038,0.00204,0.002039,0.002044,0.00204,0.002043,0.002043,0.002043,0.002042,0.00204,0.002041,0.002037,0.002037,0.002039,0.002038,0.002036,0.002036,0.002036,0.002031,0.002035,0.002031,0.002039,0.002037,0.002033,0.002031,0.002033,0.002031,0.002026,0.002029,0.002027,0.002024,0.002019,0.00202,0.002017,0.002016,0.002017,0.002015,0.002017,0.002015,0.002015,0.002015,0.002012,0.00201,0.002008,0.002004,0.002,0.002005,0.002002,0.002003,0.002003,0.002,0.001995,0.001997,0.001994,0.001989,0.001988,0.001984,0.001985,0.001976,0.001976,0.001978,0.001977,0.001973,0.001969,0.001963,0.001959,0.001952,0.001949,0.001943,0.001935,0.001921,0.001909,0.001892,0.001876,0.001852,0.001826,0.001786,0.001735,0.001673,0.001587,0.001473,0.001329,0.001142,0.00091,0.000613,0.000255,-0.000176,-0.000689,-0.001264,-0.001934,-0.00267,-0.003472],"unit":"A"},"J":{"value":[0.00020439999999999998,0.0002046,0.00020439999999999998,0.0002046,0.0002045,0.00020430000000000003,0.0002041,0.0002042,0.0002038,0.00020400000000000003,0.00020390000000000002,0.00020439999999999998,0.00020400000000000003,0.00020430000000000003,0.00020430000000000003,0.00020430000000000003,0.0002042,0.00020400000000000003,0.0002041,0.00020370000000000002,0.00020370000000000002,0.00020390000000000002,0.0002038,0.00020360000000000002,0.00020360000000000002,0.00020360000000000002,0.0002031,0.0002035,0.0002031,0.00020390000000000002,0.00020370000000000002,0.0002033,0.0002031,0.0002033,0.0002031,0.00020260000000000002,0.0002029,0.00020270000000000002,0.00020240000000000004,0.0002019,0.00020200000000000003,0.00020170000000000002,0.00020160000000000002,0.00020170000000000002,0.0002015,0.00020170000000000002,0.0002015,0.0002015,0.0002015,0.0002012,0.000201,0.0002008,0.00020040000000000002,0.0002,0.0002005,0.0002002,0.00020030000000000002,0.00020030000000000002,0.0002,0.0001995,0.00019970000000000003,0.00019940000000000002,0.0001989,0.00019880000000000003,0.00019840000000000002,0.0001985,0.0001976,0.0001976,0.00019780000000000004,0.0001977,0.0001973,0.0001969,0.0001963,0.0001959,0.0001952,0.00019490000000000002,0.0001943,0.00019350000000000001,0.0001921,0.00019090000000000003,0.00018920000000000002,0.0001876,0.0001852,0.0001826,0.0001786,0.00017350000000000002,0.0001673,0.0001587,0.0001473,0.0001329,0.00011420000000000001,9.1e-5,6.130000000000001e-5,2.5500000000000003e-5,-1.76e-5,-6.890000000000001e-5,-0.0001264,-0.0001934,-0.00026700000000000004,-0.0003472],"unit":"A\/cm2"},"voc":{"unit":"V","value":1.077079},"isc":{"unit":"A","value":2.045123},"jsc":{"unit":"mA\/cm2","value":20.451227},"fill_factor":{"unit":"%","value":78.538097},"vmax":{"unit":"V","value":0.922},"efficiency":{"unit":"%","value":17.30004},"monitor_cell_reading":{"unit":"mV","value":0},"monitor_cell_calibration_value":{"unit":"mV","value":0},"test_device_area":{"unit":"cm2","value":0.1},"num_of_series_connected_stacks":{"unit":"","value":1},"sweep_direction":{"unit":"","value":"Forward"},"device_id":{"unit":"","value":"6-1-4-f"},"cell_dimension":{"unit":"cm2","value":0.1},"key":"Forward_IV 6-1-4"},{"V":{"value":[-0.05,-0.038,-0.026,-0.014,-0.002,0.01,0.022,0.034,0.046,0.058,0.07,0.082,0.094,0.106,0.118,0.13,0.142,0.154,0.166,0.178,0.19,0.202,0.214,0.226,0.238,0.25,0.262,0.274,0.286,0.298,0.31,0.322,0.334,0.346,0.358,0.37,0.382,0.394,0.406,0.418,0.43,0.442,0.454,0.466,0.478,0.49,0.502,0.514,0.526,0.538,0.55,0.562,0.574,0.586,0.598,0.61,0.622,0.634,0.646,0.658,0.67,0.682,0.694,0.706,0.718,0.73,0.742,0.754,0.766,0.778,0.79,0.802,0.814,0.826,0.838,0.85,0.862,0.874,0.886,0.898,0.91,0.922,0.934,0.946,0.958,0.97,0.982,0.994,1.006,1.018,1.03,1.042,1.054,1.066,1.078,1.09,1.102,1.114,1.126,1.138],"unit":"V"},"I":{"value":[0.002122,0.002121,0.002117,0.002114,0.00212,0.002119,0.002111,0.002118,0.002121,0.002121,0.002118,0.002118,0.002118,0.002114,0.002115,0.002115,0.002113,0.002111,0.002113,0.002117,0.002113,0.002114,0.002116,0.002115,0.002111,0.002112,0.002117,0.002119,0.002118,0.002114,0.002116,0.002113,0.002113,0.002114,0.002115,0.002112,0.002113,0.002111,0.00211,0.002109,0.002109,0.002108,0.002104,0.002107,0.002108,0.002108,0.002107,0.002105,0.002101,0.002102,0.002104,0.002105,0.002103,0.002101,0.002099,0.0021,0.0021,0.0021,0.002096,0.002095,0.002098,0.002089,0.002085,0.002085,0.002079,0.002074,0.002067,0.002066,0.002058,0.002049,0.00204,0.002025,0.00201,0.001989,0.001967,0.001936,0.001897,0.001864,0.001818,0.00176,0.001694,0.001617,0.00153,0.001437,0.001332,0.001223,0.001106,0.000975,0.000848,0.000719,0.000592,0.000444,0.000317,0.000185,5.1e-5,-8.7e-5,-0.000292,-0.000479,-0.000667,-0.000857],"unit":"A"},"J":{"value":[0.00021220000000000004,0.0002121,0.0002117,0.00021140000000000002,0.000212,0.0002119,0.0002111,0.00021180000000000003,0.0002121,0.0002121,0.00021180000000000003,0.00021180000000000003,0.00021180000000000003,0.00021140000000000002,0.00021150000000000002,0.00021150000000000002,0.00021129999999999999,0.0002111,0.00021129999999999999,0.0002117,0.00021129999999999999,0.00021140000000000002,0.0002116,0.00021150000000000002,0.0002111,0.00021120000000000004,0.0002117,0.0002119,0.00021180000000000003,0.00021140000000000002,0.0002116,0.00021129999999999999,0.00021129999999999999,0.00021140000000000002,0.00021150000000000002,0.00021120000000000004,0.00021129999999999999,0.0002111,0.000211,0.00021090000000000003,0.00021090000000000003,0.00021080000000000003,0.00021040000000000002,0.0002107,0.00021080000000000003,0.00021080000000000003,0.0002107,0.00021050000000000002,0.0002101,0.00021020000000000001,0.00021040000000000002,0.00021050000000000002,0.0002103,0.0002101,0.00020990000000000003,0.00021,0.00021,0.00021,0.00020960000000000003,0.00020950000000000002,0.0002098,0.00020890000000000004,0.00020850000000000003,0.00020850000000000003,0.0002079,0.0002074,0.00020669999999999998,0.00020660000000000003,0.00020580000000000002,0.00020490000000000002,0.00020400000000000003,0.0002025,0.000201,0.0001989,0.0001967,0.00019360000000000002,0.0001897,0.0001864,0.0001818,0.00017600000000000002,0.0001694,0.0001617,0.000153,0.0001437,0.0001332,0.0001223,0.0001106,9.75e-5,8.48e-5,7.19e-5,5.92e-5,4.44e-5,3.1700000000000005e-5,1.8500000000000002e-5,5.1e-6,-8.7e-6,-2.92e-5,-4.79e-5,-6.67e-5,-8.570000000000001e-5],"unit":"A\/cm2"},"voc":{"unit":"V","value":1.084502},"isc":{"unit":"A","value":2.119921},"jsc":{"unit":"mA\/cm2","value":21.199207},"fill_factor":{"unit":"%","value":71.700785},"vmax":{"unit":"V","value":0.838},"efficiency":{"unit":"%","value":16.484434},"monitor_cell_reading":{"unit":"mV","value":0},"monitor_cell_calibration_value":{"unit":"mV","value":0},"test_device_area":{"unit":"cm2","value":0.1},"num_of_series_connected_stacks":{"unit":"","value":1},"sweep_direction":{"unit":"","value":"Forward"},"device_id":{"unit":"","value":"6-1-3-f"},"cell_dimension":{"unit":"cm2","value":0.1},"key":"Forward_IV 6-1-3"},{"V":{"value":[-0.05,-0.038,-0.026,-0.014,-0.002,0.01,0.022,0.034,0.046,0.058,0.07,0.082,0.094,0.106,0.118,0.13,0.142,0.154,0.166,0.178,0.19,0.202,0.214,0.226,0.238,0.25,0.262,0.274,0.286,0.298,0.31,0.322,0.334,0.346,0.358,0.37,0.382,0.394,0.406,0.418,0.43,0.442,0.454,0.466,0.478,0.49,0.502,0.514,0.526,0.538,0.55,0.562,0.574,0.586,0.598,0.61,0.622,0.634,0.646,0.658,0.67,0.682,0.694,0.706,0.718,0.73,0.742,0.754,0.766,0.778,0.79,0.802,0.814,0.826,0.838,0.85,0.862,0.874,0.886,0.898,0.91,0.922,0.934,0.946,0.958,0.97,0.982,0.994,1.006,1.018,1.03,1.042,1.054,1.066,1.078,1.09,1.102,1.114,1.126,1.138],"unit":"V"},"I":{"value":[0.001998,0.002069,0.002064,0.002056,0.002053,0.002045,0.002038,0.00204,0.002036,0.00203,0.002025,0.002025,0.002025,0.002017,0.002014,0.002007,0.002003,0.001995,0.001992,0.001986,0.001979,0.001976,0.001973,0.001966,0.001965,0.001964,0.001959,0.001949,0.001951,0.001945,0.001931,0.001935,0.001932,0.001928,0.001924,0.001916,0.001906,0.001905,0.001896,0.001893,0.001886,0.001885,0.001885,0.001875,0.001876,0.001872,0.001863,0.001861,0.00185,0.001845,0.001838,0.00183,0.001834,0.001825,0.001824,0.001819,0.001814,0.001808,0.001801,0.001796,0.001795,0.00179,0.001784,0.001784,0.001776,0.001766,0.001757,0.001747,0.001744,0.00173,0.001727,0.001719,0.001707,0.001706,0.001699,0.001677,0.00166,0.001644,0.001637,0.001617,0.001587,0.001557,0.001525,0.001477,0.001423,0.001354,0.001271,0.001168,0.001058,0.000927,0.000775,0.000607,0.000421,0.000217,4.0e-6,-0.000228,-0.000479,-0.000734,-0.001006,-0.001336],"unit":"A"},"J":{"value":[0.00019980000000000003,0.00020690000000000001,0.0002064,0.0002056,0.00020530000000000003,0.0002045,0.0002038,0.00020400000000000003,0.00020360000000000002,0.00020300000000000003,0.0002025,0.0002025,0.0002025,0.00020170000000000002,0.00020140000000000002,0.00020070000000000003,0.00020030000000000002,0.0001995,0.0001992,0.0001986,0.00019789999999999999,0.0001976,0.0001973,0.0001966,0.00019650000000000003,0.0001964,0.0001959,0.00019490000000000002,0.00019510000000000003,0.0001945,0.0001931,0.00019350000000000001,0.0001932,0.00019280000000000002,0.00019240000000000001,0.0001916,0.0001906,0.00019050000000000002,0.0001896,0.0001893,0.00018860000000000003,0.0001885,0.0001885,0.0001875,0.0001876,0.0001872,0.00018630000000000003,0.00018610000000000002,0.00018500000000000002,0.0001845,0.00018380000000000002,0.000183,0.0001834,0.00018250000000000002,0.00018240000000000002,0.00018190000000000003,0.00018140000000000002,0.0001808,0.00018010000000000001,0.00017960000000000003,0.0001795,0.00017900000000000001,0.0001784,0.0001784,0.0001776,0.0001766,0.00017570000000000002,0.00017470000000000002,0.0001744,0.000173,0.00017270000000000002,0.0001719,0.0001707,0.00017060000000000003,0.0001699,0.0001677,0.00016600000000000002,0.0001644,0.00016370000000000002,0.0001617,0.0001587,0.00015570000000000002,0.00015250000000000002,0.0001477,0.00014230000000000002,0.0001354,0.0001271,0.0001168,0.0001058,9.27e-5,7.75e-5,6.0700000000000005e-5,4.21e-5,2.17e-5,4.0e-7,-2.2800000000000002e-5,-4.79e-5,-7.34e-5,-0.0001006,-0.0001336],"unit":"A\/cm2"},"voc":{"unit":"V","value":1.079215},"isc":{"unit":"A","value":2.05323},"jsc":{"unit":"mA\/cm2","value":20.532301},"fill_factor":{"unit":"%","value":65.517382},"vmax":{"unit":"V","value":0.898},"efficiency":{"unit":"%","value":14.517843},"monitor_cell_reading":{"unit":"mV","value":0},"monitor_cell_calibration_value":{"unit":"mV","value":0},"test_device_area":{"unit":"cm2","value":0.1},"num_of_series_connected_stacks":{"unit":"","value":1},"sweep_direction":{"unit":"","value":"Forward"},"device_id":{"unit":"","value":"6-1-2-f"},"cell_dimension":{"unit":"cm2","value":0.1},"key":"Forward_IV 6-1-2"},{"V":{"value":[-0.05,-0.038,-0.026,-0.014,-0.002,0.01,0.022,0.034,0.046,0.058,0.07,0.082,0.094,0.106,0.118,0.13,0.142,0.154,0.166,0.178,0.19,0.202,0.214,0.226,0.238,0.25,0.262,0.274,0.286,0.298,0.31,0.322,0.334,0.346,0.358,0.37,0.382,0.394,0.406,0.418,0.43,0.442,0.454,0.466,0.478,0.49,0.502,0.514,0.526,0.538,0.55,0.562,0.574,0.586,0.598,0.61,0.622,0.634,0.646,0.658,0.67,0.682,0.694,0.706,0.718,0.73,0.742,0.754,0.766,0.778,0.79,0.802,0.814,0.826,0.838,0.85,0.862,0.874,0.886,0.898,0.91,0.922,0.934,0.946,0.958,0.97,0.982,0.994,1.006,1.018,1.03,1.042,1.054,1.066,1.078,1.09,1.102,1.114,1.126,1.138],"unit":"V"},"I":{"value":[0.002071,0.002066,0.002067,0.002069,0.002072,0.00207,0.002071,0.002072,0.00207,0.002071,0.00207,0.002073,0.002067,0.002064,0.002067,0.002061,0.002062,0.002065,0.002062,0.002061,0.002061,0.002062,0.002062,0.002059,0.002065,0.002063,0.002061,0.002064,0.002063,0.00206,0.00206,0.002061,0.002062,0.002058,0.002057,0.002056,0.002054,0.002055,0.002058,0.002054,0.002057,0.002059,0.002056,0.002055,0.002052,0.002053,0.00205,0.00205,0.00205,0.00205,0.002049,0.002051,0.002051,0.002049,0.002047,0.002047,0.002047,0.002041,0.002042,0.002039,0.002032,0.002035,0.002032,0.002026,0.002019,0.002013,0.002001,0.001986,0.001973,0.001955,0.001928,0.001896,0.001862,0.001821,0.001775,0.001726,0.001667,0.001607,0.001543,0.001473,0.001401,0.001326,0.001249,0.001166,0.001082,0.000997,0.000908,0.000815,0.000721,0.000627,0.000528,0.000428,0.000327,0.000224,0.00012,1.7e-5,-8.9e-5,-0.000213,-0.000331,-0.00045],"unit":"A"},"J":{"value":[0.0002071,0.00020660000000000003,0.00020669999999999998,0.00020690000000000001,0.00020720000000000002,0.000207,0.0002071,0.00020720000000000002,0.000207,0.0002071,0.000207,0.00020730000000000002,0.00020669999999999998,0.0002064,0.00020669999999999998,0.0002061,0.00020620000000000002,0.0002065,0.00020620000000000002,0.0002061,0.0002061,0.00020620000000000002,0.00020620000000000002,0.00020590000000000002,0.0002065,0.00020630000000000003,0.0002061,0.0002064,0.00020630000000000003,0.00020600000000000002,0.00020600000000000002,0.0002061,0.00020620000000000002,0.00020580000000000002,0.00020569999999999999,0.0002056,0.0002054,0.0002055,0.00020580000000000002,0.0002054,0.00020569999999999999,0.00020590000000000002,0.0002056,0.0002055,0.0002052,0.00020530000000000003,0.00020500000000000002,0.00020500000000000002,0.00020500000000000002,0.00020500000000000002,0.00020490000000000002,0.0002051,0.0002051,0.00020490000000000002,0.00020470000000000004,0.00020470000000000004,0.00020470000000000004,0.0002041,0.0002042,0.00020390000000000002,0.0002032,0.0002035,0.0002032,0.00020260000000000002,0.0002019,0.00020130000000000001,0.00020010000000000004,0.0001986,0.0001973,0.00019550000000000004,0.00019280000000000002,0.0001896,0.0001862,0.0001821,0.00017750000000000003,0.00017260000000000002,0.0001667,0.0001607,0.0001543,0.0001473,0.0001401,0.0001326,0.0001249,0.0001166,0.00010820000000000001,9.970000000000001e-5,9.08e-5,8.15e-5,7.21e-5,6.269999999999999e-5,5.280000000000001e-5,4.2800000000000004e-5,3.27e-5,2.2400000000000002e-5,1.2e-5,1.7e-6,-8.9e-6,-2.1300000000000003e-5,-3.3100000000000005e-5,-4.5e-5],"unit":"A\/cm2"},"voc":{"unit":"V","value":1.093092},"isc":{"unit":"A","value":2.071734},"jsc":{"unit":"mA\/cm2","value":20.717341},"fill_factor":{"unit":"%","value":67.241087},"vmax":{"unit":"V","value":0.79},"efficiency":{"unit":"%","value":15.227387},"monitor_cell_reading":{"unit":"mV","value":0},"monitor_cell_calibration_value":{"unit":"mV","value":0},"test_device_area":{"unit":"cm2","value":0.1},"num_of_series_connected_stacks":{"unit":"","value":1},"sweep_direction":{"unit":"","value":"Forward"},"device_id":{"unit":"","value":"6-1-1-f"},"cell_dimension":{"unit":"cm2","value":0.1},"key":"Forward_IV 6-1-1"},{"V":{"value":[-0.05,-0.038,-0.026,-0.014,-0.002,0.01,0.022,0.034,0.046,0.058,0.07,0.082,0.094,0.106,0.118,0.13,0.142,0.154,0.166,0.178,0.19,0.202,0.214,0.226,0.238,0.25,0.262,0.274,0.286,0.298,0.31,0.322,0.334,0.346,0.358,0.37,0.382,0.394,0.406,0.418,0.43,0.442,0.454,0.466,0.478,0.49,0.502,0.514,0.526,0.538,0.55,0.562,0.574,0.586,0.598,0.61,0.622,0.634,0.646,0.658,0.67,0.682,0.694,0.706,0.718,0.73,0.742,0.754,0.766,0.778,0.79,0.802,0.814,0.826,0.838,0.85,0.862,0.874,0.886,0.898,0.91,0.922,0.934,0.946,0.958,0.97,0.982,0.994,1.006,1.018,1.03,1.042,1.054,1.066,1.078,1.09,1.102,1.114,1.126,1.138],"unit":"V"},"I":{"value":[0.001584,0.001582,0.001583,0.001583,0.001583,0.001582,0.001585,0.001585,0.001581,0.001578,0.00158,0.001577,0.001577,0.001575,0.001571,0.001567,0.001566,0.001561,0.001559,0.001557,0.001553,0.00155,0.001546,0.001543,0.001541,0.001535,0.001535,0.001533,0.001531,0.001525,0.00152,0.001518,0.001515,0.001511,0.001506,0.001505,0.001502,0.001501,0.001496,0.001492,0.001491,0.001487,0.001483,0.001477,0.001475,0.001469,0.001467,0.001461,0.001455,0.001452,0.001449,0.001445,0.001443,0.001438,0.001432,0.001428,0.001421,0.001417,0.001413,0.001408,0.001403,0.001399,0.001398,0.001391,0.001388,0.001382,0.001376,0.001369,0.001364,0.001359,0.001353,0.001346,0.001337,0.001332,0.001325,0.001315,0.001307,0.001296,0.001287,0.001272,0.001258,0.001242,0.001224,0.001199,0.001171,0.001135,0.001093,0.001037,0.000968,0.000878,0.000766,0.000628,0.000458,0.000252,1.9e-5,-0.000267,-0.000583,-0.00094,-0.001314,-0.001757],"unit":"A"},"J":{"value":[0.0001584,0.00015820000000000002,0.0001583,0.0001583,0.0001583,0.00015820000000000002,0.0001585,0.0001585,0.0001581,0.00015780000000000001,0.00015800000000000002,0.0001577,0.0001577,0.0001575,0.0001571,0.00015670000000000001,0.0001566,0.00015610000000000003,0.00015590000000000002,0.00015570000000000002,0.0001553,0.000155,0.00015460000000000002,0.0001543,0.0001541,0.0001535,0.0001535,0.0001533,0.0001531,0.00015250000000000002,0.000152,0.0001518,0.00015150000000000002,0.00015110000000000001,0.0001506,0.00015050000000000003,0.00015020000000000002,0.00015010000000000002,0.0001496,0.00014920000000000002,0.0001491,0.0001487,0.0001483,0.0001477,0.0001475,0.00014690000000000002,0.00014670000000000002,0.0001461,0.00014549999999999999,0.0001452,0.0001449,0.00014450000000000002,0.0001443,0.0001438,0.00014319999999999998,0.0001428,0.0001421,0.0001417,0.0001413,0.0001408,0.0001403,0.0001399,0.0001398,0.00013910000000000002,0.00013879999999999999,0.0001382,0.0001376,0.0001369,0.0001364,0.0001359,0.0001353,0.0001346,0.00013370000000000002,0.0001332,0.0001325,0.0001315,0.0001307,0.0001296,0.0001287,0.0001272,0.0001258,0.0001242,0.00012240000000000002,0.0001199,0.0001171,0.0001135,0.0001093,0.0001037,9.680000000000001e-5,8.78e-5,7.66e-5,6.28e-5,4.58e-5,2.5200000000000003e-5,1.9000000000000002e-6,-2.67e-5,-5.83e-5,-9.400000000000001e-5,-0.00013140000000000002,-0.00017570000000000002],"unit":"A\/cm2"},"voc":{"unit":"V","value":1.080736},"isc":{"unit":"A","value":1.582527},"jsc":{"unit":"mA\/cm2","value":15.825274},"fill_factor":{"unit":"%","value":66.975716},"vmax":{"unit":"V","value":0.922},"efficiency":{"unit":"%","value":11.454821},"monitor_cell_reading":{"unit":"mV","value":0},"monitor_cell_calibration_value":{"unit":"mV","value":0},"test_device_area":{"unit":"cm2","value":0.1},"num_of_series_connected_stacks":{"unit":"","value":1},"sweep_direction":{"unit":"","value":"Forward"},"device_id":{"unit":"","value":"1-1-4-f"},"cell_dimension":{"unit":"cm2","value":0.1},"key":"Forward_IV 1-1-4"},{"V":{"value":[-0.05,-0.038,-0.026,-0.014,-0.002,0.01,0.022,0.034,0.046,0.058,0.07,0.082,0.094,0.106,0.118,0.13,0.142,0.154,0.166,0.178,0.19,0.202,0.214,0.226,0.238,0.25,0.262,0.274,0.286,0.298,0.31,0.322,0.334,0.346,0.358,0.37,0.382,0.394,0.406,0.418,0.43,0.442,0.454,0.466,0.478,0.49,0.502,0.514,0.526,0.538,0.55,0.562,0.574,0.586,0.598,0.61,0.622,0.634,0.646,0.658,0.67,0.682,0.694,0.706,0.718,0.73,0.742,0.754,0.766,0.778,0.79,0.802,0.814,0.826,0.838,0.85,0.862,0.874,0.886,0.898,0.91,0.922,0.934,0.946,0.958,0.97,0.982,0.994,1.006,1.018,1.03,1.042,1.054,1.066,1.078,1.09,1.102,1.114,1.126,1.138],"unit":"V"},"I":{"value":[0.001622,0.00162,0.001621,0.00162,0.00162,0.00162,0.001617,0.001616,0.001616,0.001614,0.001607,0.001606,0.001606,0.001605,0.001607,0.001602,0.0016,0.001598,0.001597,0.001593,0.00159,0.001589,0.00159,0.001591,0.001587,0.001584,0.00158,0.001579,0.001578,0.001576,0.001573,0.001571,0.001566,0.001565,0.001565,0.001563,0.001561,0.001561,0.001556,0.001553,0.001551,0.00155,0.001545,0.001545,0.001541,0.00154,0.001538,0.001537,0.001533,0.001531,0.001528,0.001527,0.001526,0.001519,0.001518,0.001519,0.001517,0.001514,0.00151,0.001509,0.001508,0.001503,0.001499,0.001501,0.001495,0.00149,0.001485,0.001484,0.001482,0.001475,0.001471,0.001467,0.001462,0.001453,0.001445,0.001439,0.001428,0.001418,0.001403,0.001384,0.001358,0.001328,0.001294,0.001252,0.001199,0.001138,0.001066,0.000985,0.000891,0.000786,0.000673,0.00055,0.000417,0.000276,0.000127,-2.6e-5,-0.000188,-0.000362,-0.000537,-0.000718],"unit":"A"},"J":{"value":[0.0001622,0.000162,0.0001621,0.000162,0.000162,0.000162,0.0001617,0.00016160000000000002,0.00016160000000000002,0.00016140000000000002,0.0001607,0.0001606,0.0001606,0.00016050000000000003,0.0001607,0.0001602,0.00016,0.0001598,0.0001597,0.00015930000000000002,0.00015900000000000002,0.0001589,0.00015900000000000002,0.00015910000000000002,0.0001587,0.0001584,0.00015800000000000002,0.00015790000000000002,0.00015780000000000001,0.0001576,0.0001573,0.0001571,0.0001566,0.0001565,0.0001565,0.0001563,0.00015610000000000003,0.00015610000000000003,0.00015560000000000001,0.0001553,0.00015510000000000003,0.000155,0.00015450000000000001,0.00015450000000000001,0.0001541,0.000154,0.00015380000000000003,0.0001537,0.0001533,0.0001531,0.00015280000000000003,0.0001527,0.00015260000000000002,0.0001519,0.0001518,0.0001519,0.0001517,0.0001514,0.000151,0.0001509,0.0001508,0.00015030000000000002,0.0001499,0.00015010000000000002,0.0001495,0.00014900000000000002,0.0001485,0.00014840000000000003,0.00014820000000000002,0.0001475,0.00014710000000000002,0.00014670000000000002,0.0001462,0.0001453,0.00014450000000000002,0.0001439,0.0001428,0.0001418,0.0001403,0.0001384,0.00013580000000000002,0.0001328,0.0001294,0.0001252,0.0001199,0.0001138,0.00010660000000000002,9.850000000000001e-5,8.91e-5,7.860000000000001e-5,6.73e-5,5.500000000000001e-5,4.1700000000000004e-5,2.76e-5,1.27e-5,-2.6e-6,-1.88e-5,-3.6200000000000006e-5,-5.3700000000000004e-5,-7.18e-5],"unit":"A\/cm2"},"voc":{"unit":"V","value":1.089108},"isc":{"unit":"A","value":1.619887},"jsc":{"unit":"mA\/cm2","value":16.198866},"fill_factor":{"unit":"%","value":70.476446},"vmax":{"unit":"V","value":0.886},"efficiency":{"unit":"%","value":12.433679},"monitor_cell_reading":{"unit":"mV","value":0},"monitor_cell_calibration_value":{"unit":"mV","value":0},"test_device_area":{"unit":"cm2","value":0.1},"num_of_series_connected_stacks":{"unit":"","value":1},"sweep_direction":{"unit":"","value":"Forward"},"device_id":{"unit":"","value":"1-1-2-f"},"cell_dimension":{"unit":"cm2","value":0.1},"key":"Forward_IV 1-1-2"},{"V":{"value":[-0.05,-0.038,-0.026,-0.014,-0.002,0.01,0.022,0.034,0.046,0.058,0.07,0.082,0.094,0.106,0.118,0.13,0.142,0.154,0.166,0.178,0.19,0.202,0.214,0.226,0.238,0.25,0.262,0.274,0.286,0.298,0.31,0.322,0.334,0.346,0.358,0.37,0.382,0.394,0.406,0.418,0.43,0.442,0.454,0.466,0.478,0.49,0.502,0.514,0.526,0.538,0.55,0.562,0.574,0.586,0.598,0.61,0.622,0.634,0.646,0.658,0.67,0.682,0.694,0.706,0.718,0.73,0.742,0.754,0.766,0.778,0.79,0.802,0.814,0.826,0.838,0.85,0.862,0.874,0.886,0.898,0.91,0.922,0.934,0.946,0.958,0.97,0.982,0.994,1.006,1.018,1.03,1.042,1.054,1.066,1.078,1.09,1.102,1.114,1.126,1.138],"unit":"V"},"I":{"value":[0.002032,0.002026,0.00202,0.002022,0.002024,0.002024,0.002023,0.002022,0.002024,0.002024,0.002024,0.002023,0.002021,0.002019,0.002017,0.002019,0.002018,0.002015,0.002018,0.002015,0.002017,0.002015,0.002016,0.002016,0.002012,0.002014,0.002015,0.002015,0.002013,0.002015,0.002016,0.002014,0.002015,0.002011,0.002013,0.00201,0.00201,0.002007,0.002005,0.002003,0.002005,0.002008,0.002008,0.002006,0.002009,0.002008,0.002007,0.002007,0.002008,0.002004,0.002003,0.002004,0.002001,0.002,0.001998,0.001997,0.001998,0.001994,0.001995,0.001992,0.001991,0.001992,0.001993,0.001989,0.001985,0.00198,0.001977,0.00197,0.001968,0.001959,0.001953,0.001942,0.001929,0.001911,0.001886,0.001856,0.001822,0.00178,0.001729,0.001675,0.001612,0.001542,0.001462,0.001379,0.00129,0.001196,0.001096,0.000994,0.000884,0.00077,0.000651,0.000532,0.000407,0.000282,0.000155,2.9e-5,-0.000102,-0.000251,-0.000398,-0.000545],"unit":"A"},"J":{"value":[0.0002032,0.00020260000000000002,0.00020200000000000003,0.0002022,0.00020240000000000004,0.00020240000000000004,0.0002023,0.0002022,0.00020240000000000004,0.00020240000000000004,0.00020240000000000004,0.0002023,0.00020209999999999998,0.0002019,0.00020170000000000002,0.0002019,0.0002018,0.0002015,0.0002018,0.0002015,0.00020170000000000002,0.0002015,0.00020160000000000002,0.00020160000000000002,0.0002012,0.00020140000000000002,0.0002015,0.0002015,0.00020130000000000001,0.0002015,0.00020160000000000002,0.00020140000000000002,0.0002015,0.00020110000000000004,0.00020130000000000001,0.000201,0.000201,0.00020070000000000003,0.0002005,0.00020030000000000002,0.0002005,0.0002008,0.0002008,0.0002006,0.0002009,0.0002008,0.00020070000000000003,0.00020070000000000003,0.0002008,0.00020040000000000002,0.00020030000000000002,0.00020040000000000002,0.00020010000000000004,0.0002,0.00019980000000000003,0.00019970000000000003,0.00019980000000000003,0.00019940000000000002,0.0001995,0.0001992,0.00019910000000000001,0.0001992,0.00019930000000000002,0.0001989,0.0001985,0.00019800000000000002,0.0001977,0.00019700000000000002,0.0001968,0.0001959,0.00019530000000000003,0.0001942,0.0001929,0.0001911,0.00018860000000000003,0.0001856,0.0001822,0.000178,0.00017290000000000003,0.0001675,0.00016120000000000002,0.0001542,0.0001462,0.00013790000000000002,0.000129,0.00011960000000000001,0.00010960000000000001,9.940000000000002e-5,8.840000000000001e-5,7.7e-5,6.51e-5,5.3200000000000006e-5,4.070000000000001e-5,2.8200000000000004e-5,1.55e-5,2.9e-6,-1.02e-5,-2.51e-5,-3.9800000000000005e-5,-5.45e-5],"unit":"A\/cm2"},"voc":{"unit":"V","value":1.093726},"isc":{"unit":"A","value":2.023946},"jsc":{"unit":"mA\/cm2","value":20.239458},"fill_factor":{"unit":"%","value":71.395654},"vmax":{"unit":"V","value":0.838},"efficiency":{"unit":"%","value":15.804444},"monitor_cell_reading":{"unit":"mV","value":0},"monitor_cell_calibration_value":{"unit":"mV","value":0},"test_device_area":{"unit":"cm2","value":0.1},"num_of_series_connected_stacks":{"unit":"","value":1},"sweep_direction":{"unit":"","value":"Forward"},"device_id":{"unit":"","value":"1-1-1-f"},"cell_dimension":{"unit":"cm2","value":0.1},"key":"Forward_IV 1-1-1"}]}}