{"_id":"6530d6b113121a382d688237","id":"SKKU-SC-00150","author":82,"group":11,"input":[{"tco":{"unit":"","value":"FTO"}},{"surface_treatment":{"unit":"","value":"UVO"}},{"etl":[{"material":{"unit":"","value":"SnO2"},"concentration":{"unit":"","value":"120"},"conc_unit":{"unit":"","value":"mg\/ml"},"quantity":{"unit":"ml","value":"1"}}],"spin_coating":[{"type":{"unit":"","value":"Static (loading)"},"rpm":{"unit":"","value":"4000"},"time":{"unit":"s","value":"20"}}],"annealing":[{"temperature":{"unit":"oC","value":"185"},"time":{"unit":"m","value":"30"}}]},{"perovskite":{"method":{"unit":"","value":"1step"},"molarity":{"unit":"M","value":"2M"},"a_site":[{"material":{"unit":"","value":"FA"},"ratio":{"unit":"","value":"100"}}],"b_site":[{"material":{"unit":"","value":"Pb"},"ratio":{"unit":"","value":"100"}}],"x_site":[{"material":{"unit":"","value":"I"},"ratio":{"unit":"","value":"100"}}],"solvent":[{"material":{"unit":"","value":"DMF"},"volume":{"unit":"ml","value":"0.5"}},{"material":{"unit":"","value":"NMP"},"volume":{"unit":"ml","value":"0.0964"}}],"antisolvent":[{"material":{"unit":"","value":"DEE"},"quantity":{"unit":"ul","value":"150"},"dripping_time":{"unit":"s","value":"13"}}],"annealing":[{"temperature":{"unit":"oC","value":"100"},"time":{"unit":"m","value":"5"}},{"temperature":{"unit":"oC","value":"150"},"time":{"unit":"m","value":"30"}}],"spin_coating":[{"type":{"unit":"","value":"Static (loading)"},"rpm":{"unit":"","value":"4000"},"time":{"unit":"s","value":"20"}}],"additive":[{"material":{"unit":"","value":"MACl"},"solvent":{"unit":"","value":"DMF"},"concentration":{"unit":"","value":"225"},"conc_unit":{"unit":"","value":"mM"},"quantity":{"unit":"mol%","value":"22.5"}}],"atmosphere":[{"type":{"unit":"","value":"glove-box(N2)"},"temperature":{"unit":"oC","value":"19.2"},"humidity":{"unit":"RH%","value":"0"}}]}},{"perovskite_treatment":[{"material":{"unit":"","value":"4AMPI"},"concentration":{"unit":"","value":"1"},"conc_unit":{"unit":"","value":"mM"},"quantity":{"unit":"ml","value":"0.05"}}],"solvent":[{"material":{"unit":"","value":"IPA"},"volume":{"unit":"ml","value":"1"}}],"annealing":[{"temperature":{"unit":"oC","value":"100"},"time":{"unit":"m","value":"5"}}],"spin_coating":[{"type":{"unit":"","value":"Dynamic"},"rpm":{"unit":"","value":"5000"},"time":{"unit":"s","value":"30"}}]},{"htl":[{"material":{"unit":"","value":"Spiro-OMeTAD"},"concentration":{"unit":"","value":"0.0868"},"conc_unit":{"unit":"","value":"mg\/ml"},"quantity":{"unit":"ml","value":"0.03"}}],"spin_coating":[{"type":{"unit":"","value":"Dynamic"},"rpm":{"unit":"","value":"3000"},"time":{"unit":"s","value":"30"}}],"htl_doping":[{"material":{"unit":"","value":"Li-TFSI"},"volume":{"unit":"ul","value":"20"}},{"material":{"unit":"","value":"tBP"},"volume":{"unit":"ul","value":"34"}}],"solvent":[{"material":{"unit":"","value":"CB"},"volume":{"unit":"ml","value":"1"}}]},{"anode_metal":{"unit":"","value":"Ag"}},{"note":{"unit":"","value":"4AMPI ambient passivation"},"type":{"unit":"","value":"unit_cell"},"device_type":{"unit":"","value":"n-i-p"},"temperature":{"unit":"\u2103","value":"20.4"},"humidity":{"unit":"%","value":"50"},"cell_dimension":{"unit":"cm2","value":"0.125"}}],"fileinfo":[{"key":"Reverse_IV 4AMP2-2","uploadType":"JV","original_name":"IV 4AMP2-2-R.txt","save_name":"SKKU-SC-00150\/Reverse_IV 4AMP2-2","uploader":82,"fileType":""},{"key":"Forward_IV 4AMP1-2","uploadType":"JV","original_name":"IV 4AMP1-2-F.txt","save_name":"SKKU-SC-00150\/Forward_IV 4AMP1-2","uploader":82,"fileType":""},{"key":"Reverse_IV 4AMP1-2","uploadType":"JV","original_name":"IV 4AMP1-2-R.txt","save_name":"SKKU-SC-00150\/Reverse_IV 4AMP1-2","uploader":82,"fileType":""},{"key":"Forward_IV 4AMP1-3","uploadType":"JV","original_name":"IV 4AMP1-3-F.txt","save_name":"SKKU-SC-00150\/Forward_IV 4AMP1-3","uploader":82,"fileType":""},{"key":"Reverse_IV 4AMP1-3","uploadType":"JV","original_name":"IV 4AMP1-3-R.txt","save_name":"SKKU-SC-00150\/Reverse_IV 4AMP1-3","uploader":82,"fileType":""},{"key":"Forward_IV 4AMP1-5","uploadType":"JV","original_name":"IV 4AMP1-5-F.txt","save_name":"SKKU-SC-00150\/Forward_IV 4AMP1-5","uploader":82,"fileType":""},{"key":"Reverse_IV 4AMP1-5","uploadType":"JV","original_name":"IV 4AMP1-5-R.txt","save_name":"SKKU-SC-00150\/Reverse_IV 4AMP1-5","uploader":82,"fileType":""},{"key":"Reverse_IV 4AMP2-1","uploadType":"JV","original_name":"IV 4AMP2-1-F.txt","save_name":"SKKU-SC-00150\/Reverse_IV 4AMP2-1","uploader":82,"fileType":""},{"key":"Forward_IV 4AMP2-2","uploadType":"JV","original_name":"IV 4AMP2-2-F.txt","save_name":"SKKU-SC-00150\/Forward_IV 4AMP2-2","uploader":82,"fileType":""}],"jvcnt":9,"updated_at":"2024-10-24 09:15:41","created_at":"2023-10-19 07:11:45","analysisInfo":{"JV":[{"efficiency":12.64,"fill_factor":55.04,"jsc":21.729,"voc":1.0568,"key":"Reverse_IV 4AMP2-2","cell_dimension":0.125},{"efficiency":12.69,"fill_factor":55.26,"jsc":21.719,"voc":1.0572,"key":"Reverse_IV 4AMP2-1","cell_dimension":0.125},{"efficiency":11.42,"fill_factor":48.81,"jsc":21.927,"voc":1.0672,"key":"Reverse_IV 4AMP1-5","cell_dimension":0.125},{"efficiency":12.65,"fill_factor":52.73,"jsc":22.444,"voc":1.0688,"key":"Reverse_IV 4AMP1-3","cell_dimension":0.125},{"efficiency":13.03,"fill_factor":53.43,"jsc":22.749,"voc":1.0719,"key":"Reverse_IV 4AMP1-2","cell_dimension":0.125},{"efficiency":13.06,"fill_factor":56.39,"jsc":21.696,"voc":1.0671,"key":"Forward_IV 4AMP2-2","cell_dimension":0.125},{"efficiency":11.76,"fill_factor":50.33,"jsc":21.853,"voc":1.0692,"key":"Forward_IV 4AMP1-5","cell_dimension":0.125},{"efficiency":12.97,"fill_factor":53.91,"jsc":22.425,"voc":1.0733,"key":"Forward_IV 4AMP1-3","cell_dimension":0.125},{"efficiency":13.33,"fill_factor":54.55,"jsc":22.682,"voc":1.0772,"key":"Forward_IV 4AMP1-2","cell_dimension":0.125}]},"public":2,"analysis":{"JV":[{"V":{"value":[1.2,1.187,1.174,1.161,1.147,1.134,1.121,1.108,1.095,1.082,1.069,1.056,1.042,1.029,1.016,1.003,0.99,0.977,0.964,0.951,0.937,0.924,0.911,0.898,0.885,0.872,0.859,0.845,0.832,0.819,0.806,0.793,0.78,0.767,0.754,0.74,0.727,0.714,0.701,0.688,0.675,0.662,0.648,0.635,0.622,0.609,0.596,0.583,0.57,0.557,0.543,0.53,0.517,0.504,0.491,0.478,0.465,0.452,0.438,0.425,0.412,0.399,0.386,0.373,0.36,0.346,0.333,0.32,0.307,0.294,0.281,0.268,0.255,0.241,0.228,0.215,0.202,0.189,0.176,0.163,0.149,0.136,0.123,0.11,0.097,0.084,0.071,0.058,0.044,0.031,0.018,0.005,-0.008,-0.021,-0.034,-0.047,-0.061,-0.074,-0.087,-0.1],"unit":"V"},"I":{"value":[-0.001524,-0.0013727,-0.0012211,-0.0010746,-0.00091814,-0.00078147,-0.00064263,-0.00050615,-0.00037626,-0.00024418,-0.00011782,7.9984e-6,0.00013713,0.00025812,0.00037367,0.00048826,0.00059868,0.00070427,0.00080701,0.00090824,0.0010122,0.0011062,0.0012015,0.0012851,0.0013689,0.0014491,0.001531,0.001614,0.0016837,0.0017559,0.0018204,0.0018855,0.0019467,0.0020126,0.0020672,0.0021184,0.0021726,0.0022119,0.0022538,0.0022918,0.0023258,0.0023484,0.0023905,0.0024111,0.0024347,0.0024487,0.0024712,0.0024806,0.0024938,0.0025144,0.0025234,0.0025329,0.0025458,0.002556,0.0025558,0.0025711,0.0025862,0.00258,0.0025908,0.002598,0.002612,0.0026125,0.0026069,0.002624,0.0026228,0.0026321,0.0026366,0.0026415,0.002655,0.002644,0.0026587,0.0026539,0.0026581,0.0026648,0.00267,0.0026757,0.0026643,0.0026736,0.0026757,0.0026793,0.0026856,0.0026861,0.002683,0.0026801,0.0026998,0.0026992,0.0026974,0.0027013,0.0027035,0.0027053,0.0027074,0.0027166,0.0027152,0.0027195,0.0027217,0.0027168,0.0027213,0.0027245,0.0027289,0.0027249],"unit":"A"},"J":{"value":[-0.0001905,-0.0001715875,-0.0001526375,-0.000134325,-0.0001147675,-9.768375e-5,-8.032875e-5,-6.326875e-5,-4.70325e-5,-3.05225e-5,-1.47275e-5,9.998e-7,1.714125e-5,3.2265e-5,4.670875e-5,6.10325e-5,7.4835e-5,8.803375e-5,0.00010087625,0.00011353,0.000126525,0.000138275,0.0001501875,0.0001606375,0.0001711125,0.0001811375,0.000191375,0.00020175,0.0002104625,0.0002194875,0.00022755,0.0002356875,0.0002433375,0.000251575,0.0002584,0.0002648,0.000271575,0.0002764875,0.000281725,0.000286475,0.000290725,0.00029355,0.0002988125,0.0003013875,0.0003043375,0.0003060875,0.0003089,0.000310075,0.000311725,0.0003143,0.000315425,0.0003166125,0.000318225,0.0003195,0.000319475,0.0003213875,0.000323275,0.0003225,0.00032385,0.00032475,0.0003265,0.0003265625,0.0003258625,0.000328,0.00032785,0.0003290125,0.000329575,0.0003301875,0.000331875,0.0003305,0.0003323375,0.0003317375,0.0003322625,0.0003331,0.00033375,0.0003344625,0.0003330375,0.0003342,0.0003344625,0.0003349125,0.0003357,0.0003357625,0.000335375,0.0003350125,0.000337475,0.0003374,0.000337175,0.0003376625,0.0003379375,0.0003381625,0.000338425,0.000339575,0.0003394,0.0003399375,0.0003402125,0.0003396,0.0003401625,0.0003405625,0.0003411125,0.0003406125],"unit":"A\/cm2"},"voc":{"unit":"V","value":1.0568},"isc":{"unit":"A","value":0.0027161},"jsc":{"unit":"mA\/cm2","value":21.729},"fill_factor":{"unit":"%","value":55.04},"pmax":{"unit":"mW","value":1.58},"vmax":{"unit":"V","value":0.701},"imax":{"unit":"mA","value":2.254},"rshunt":{"unit":"ohms","value":4750},"voc_slope":{"unit":"ohms","value":107},"efficiency":{"unit":"%","value":12.64},"monitor_cell_reading":{"unit":"mV","value":0},"monitor_cell_calibration_value":{"unit":"mV","value":0},"test_device_area":{"unit":"cm2","value":0.125},"num_of_series_connected_stacks":{"unit":"","value":1},"meter_integration":{"unit":"NPLC","value":0.1},"source_irradiance":{"unit":"mW\/cm2","value":100},"voltage_settling_time":{"unit":"ms","value":10},"sweep_direction":{"unit":"","value":"Reverse"},"irradiance_variation_correction":{"unit":"","value":"None"},"device_id":{"unit":"","value":"4AMP2-2-R"},"cell_dimension":{"unit":"cm2","value":0.125},"key":"Reverse_IV 4AMP2-2"},{"V":{"value":[1.2,1.187,1.174,1.161,1.147,1.134,1.121,1.108,1.095,1.082,1.069,1.056,1.042,1.029,1.016,1.003,0.99,0.977,0.964,0.951,0.937,0.924,0.911,0.898,0.885,0.872,0.859,0.845,0.832,0.819,0.806,0.793,0.78,0.767,0.754,0.74,0.727,0.714,0.701,0.688,0.675,0.662,0.648,0.635,0.622,0.609,0.596,0.583,0.57,0.557,0.543,0.53,0.517,0.504,0.491,0.478,0.465,0.452,0.438,0.425,0.412,0.399,0.386,0.373,0.36,0.346,0.333,0.32,0.307,0.294,0.281,0.268,0.255,0.241,0.228,0.215,0.202,0.189,0.176,0.163,0.149,0.136,0.123,0.11,0.097,0.084,0.071,0.058,0.044,0.031,0.018,0.005,-0.008,-0.021,-0.034,-0.047,-0.061,-0.074,-0.087,-0.1],"unit":"V"},"I":{"value":[-0.0014782,-0.0013331,-0.001188,-0.0010471,-0.00089296,-0.00075853,-0.00062612,-0.00049353,-0.00036313,-0.00023628,-0.00010917,1.1122e-5,0.00014045,0.00025773,0.00037294,0.00048405,0.00059372,0.00069648,0.00080088,0.00089893,0.0010036,0.0010932,0.0011868,0.0012737,0.0013576,0.0014403,0.0015184,0.001603,0.0016737,0.001747,0.0018197,0.0018808,0.0019461,0.0020007,0.0020676,0.002112,0.002163,0.0022138,0.0022628,0.0022931,0.0023321,0.0023719,0.0023997,0.0024192,0.0024416,0.0024674,0.0024877,0.0024913,0.0025168,0.0025293,0.0025451,0.0025525,0.0025645,0.0025621,0.0025772,0.0025861,0.0025874,0.0025951,0.0026097,0.0026099,0.0026195,0.0026243,0.0026327,0.0026405,0.0026399,0.0026376,0.0026473,0.0026588,0.0026509,0.0026565,0.0026634,0.0026752,0.002668,0.0026781,0.0026802,0.0026913,0.0026856,0.0026811,0.0026884,0.0026861,0.002703,0.0026964,0.002695,0.0026976,0.0027026,0.0026984,0.0027116,0.0027052,0.0027052,0.0027097,0.0027181,0.0027113,0.0027207,0.0027181,0.0027222,0.0027206,0.0027282,0.0027287,0.0027284,0.0027369],"unit":"A"},"J":{"value":[-0.000184775,-0.0001666375,-0.0001485,-0.0001308875,-0.00011162,-9.481625e-5,-7.8265e-5,-6.169125e-5,-4.539125e-5,-2.9535e-5,-1.364625e-5,1.39025e-6,1.755625e-5,3.221625e-5,4.66175e-5,6.050625e-5,7.4215e-5,8.706e-5,0.00010011,0.00011236625,0.00012545,0.00013665,0.00014835,0.0001592125,0.0001697,0.0001800375,0.0001898,0.000200375,0.0002092125,0.000218375,0.0002274625,0.0002351,0.0002432625,0.0002500875,0.00025845,0.000264,0.000270375,0.000276725,0.00028285,0.0002866375,0.0002915125,0.0002964875,0.0002999625,0.0003024,0.0003052,0.000308425,0.0003109625,0.0003114125,0.0003146,0.0003161625,0.0003181375,0.0003190625,0.0003205625,0.0003202625,0.00032215,0.0003232625,0.000323425,0.0003243875,0.0003262125,0.0003262375,0.0003274375,0.0003280375,0.0003290875,0.0003300625,0.0003299875,0.0003297,0.0003309125,0.00033235,0.0003313625,0.0003320625,0.000332925,0.0003344,0.0003335,0.0003347625,0.000335025,0.0003364125,0.0003357,0.0003351375,0.00033605,0.0003357625,0.000337875,0.00033705,0.000336875,0.0003372,0.000337825,0.0003373,0.00033895,0.00033815,0.00033815,0.0003387125,0.0003397625,0.0003389125,0.0003400875,0.0003397625,0.000340275,0.000340075,0.000341025,0.0003410875,0.00034105,0.0003421125],"unit":"A\/cm2"},"voc":{"unit":"V","value":1.0572},"isc":{"unit":"A","value":0.0027149},"jsc":{"unit":"mA\/cm2","value":21.719},"fill_factor":{"unit":"%","value":55.26},"pmax":{"unit":"mW","value":1.586},"vmax":{"unit":"V","value":0.701},"imax":{"unit":"mA","value":2.263},"rshunt":{"unit":"ohms","value":4750},"voc_slope":{"unit":"ohms","value":108},"efficiency":{"unit":"%","value":12.69},"monitor_cell_reading":{"unit":"mV","value":0},"monitor_cell_calibration_value":{"unit":"mV","value":0},"test_device_area":{"unit":"cm2","value":0.125},"num_of_series_connected_stacks":{"unit":"","value":1},"meter_integration":{"unit":"NPLC","value":0.1},"source_irradiance":{"unit":"mW\/cm2","value":100},"voltage_settling_time":{"unit":"ms","value":10},"sweep_direction":{"unit":"","value":"Reverse"},"irradiance_variation_correction":{"unit":"","value":"None"},"device_id":{"unit":"","value":"4AMP2-1-F"},"cell_dimension":{"unit":"cm2","value":0.125},"key":"Reverse_IV 4AMP2-1"},{"V":{"value":[1.2,1.187,1.174,1.161,1.147,1.134,1.121,1.108,1.095,1.082,1.069,1.056,1.042,1.029,1.016,1.003,0.99,0.977,0.964,0.951,0.937,0.924,0.911,0.898,0.885,0.872,0.859,0.845,0.832,0.819,0.806,0.793,0.78,0.767,0.754,0.74,0.727,0.714,0.701,0.688,0.675,0.662,0.648,0.635,0.622,0.609,0.596,0.583,0.57,0.557,0.543,0.53,0.517,0.504,0.491,0.478,0.465,0.452,0.438,0.425,0.412,0.399,0.386,0.373,0.36,0.346,0.333,0.32,0.307,0.294,0.281,0.268,0.255,0.241,0.228,0.215,0.202,0.189,0.176,0.163,0.149,0.136,0.123,0.11,0.097,0.084,0.071,0.058,0.044,0.031,0.018,0.005,-0.008,-0.021,-0.034,-0.047,-0.061,-0.074,-0.087,-0.1],"unit":"V"},"I":{"value":[-0.00063447,-0.00057643,-0.00051359,-0.00045344,-0.00038734,-0.00032673,-0.00026558,-0.00020395,-0.00014057,-7.5725e-5,-9.4823e-6,5.7959e-5,0.00013315,0.0002062,0.0002783,0.00034993,0.0004223,0.00049333,0.00056414,0.00063549,0.00070883,0.0007773,0.0008449,0.00091024,0.00097851,0.0010497,0.0011044,0.0011881,0.0012553,0.0013247,0.0013921,0.0014704,0.0015403,0.0016059,0.0016795,0.0017593,0.0018321,0.0018955,0.001964,0.002028,0.0020843,0.0021432,0.0022008,0.0022483,0.0022909,0.0023317,0.0023674,0.0024014,0.0024316,0.0024554,0.0024813,0.0024979,0.0025234,0.0025261,0.002543,0.0025623,0.0025705,0.0025754,0.0025822,0.0026032,0.0026175,0.0026211,0.0026305,0.0026379,0.0026372,0.0026367,0.0026491,0.0026524,0.0026594,0.0026729,0.0026641,0.0026753,0.002678,0.0026848,0.0026918,0.0026897,0.0026976,0.0026868,0.0027046,0.0027107,0.0027182,0.0027171,0.0027172,0.0027166,0.0027171,0.002722,0.0027362,0.002726,0.002732,0.0027374,0.0027409,0.0027397,0.0027427,0.0027482,0.0027457,0.0027506,0.0027662,0.0027654,0.0027619,0.0027651],"unit":"A"},"J":{"value":[-7.930875e-5,-7.205375e-5,-6.419875e-5,-5.668e-5,-4.84175e-5,-4.084125e-5,-3.31975e-5,-2.549375e-5,-1.757125e-5,-9.465625e-6,-1.1852875e-6,7.244875e-6,1.664375e-5,2.5775e-5,3.47875e-5,4.374125e-5,5.27875e-5,6.166625e-5,7.05175e-5,7.943625e-5,8.860375e-5,9.71625e-5,0.0001056125,0.00011378,0.00012231375,0.0001312125,0.00013805,0.0001485125,0.0001569125,0.0001655875,0.0001740125,0.0001838,0.0001925375,0.0002007375,0.0002099375,0.0002199125,0.0002290125,0.0002369375,0.0002455,0.0002535,0.0002605375,0.0002679,0.0002751,0.0002810375,0.0002863625,0.0002914625,0.000295925,0.000300175,0.00030395,0.000306925,0.0003101625,0.0003122375,0.000315425,0.0003157625,0.000317875,0.0003202875,0.0003213125,0.000321925,0.000322775,0.0003254,0.0003271875,0.0003276375,0.0003288125,0.0003297375,0.00032965,0.0003295875,0.0003311375,0.00033155,0.000332425,0.0003341125,0.0003330125,0.0003344125,0.00033475,0.0003356,0.000336475,0.0003362125,0.0003372,0.00033585,0.000338075,0.0003388375,0.000339775,0.0003396375,0.00033965,0.000339575,0.0003396375,0.00034025,0.000342025,0.00034075,0.0003415,0.000342175,0.0003426125,0.0003424625,0.0003428375,0.000343525,0.0003432125,0.000343825,0.000345775,0.000345675,0.0003452375,0.0003456375],"unit":"A\/cm2"},"voc":{"unit":"V","value":1.0672},"isc":{"unit":"A","value":0.0027409},"jsc":{"unit":"mA\/cm2","value":21.927},"fill_factor":{"unit":"%","value":48.81},"pmax":{"unit":"mW","value":1.428},"vmax":{"unit":"V","value":0.635},"imax":{"unit":"mA","value":2.248},"rshunt":{"unit":"ohms","value":3370},"voc_slope":{"unit":"ohms","value":191},"efficiency":{"unit":"%","value":11.42},"monitor_cell_reading":{"unit":"mV","value":0},"monitor_cell_calibration_value":{"unit":"mV","value":0},"test_device_area":{"unit":"cm2","value":0.125},"num_of_series_connected_stacks":{"unit":"","value":1},"meter_integration":{"unit":"NPLC","value":0.1},"source_irradiance":{"unit":"mW\/cm2","value":100},"voltage_settling_time":{"unit":"ms","value":10},"sweep_direction":{"unit":"","value":"Reverse"},"irradiance_variation_correction":{"unit":"","value":"None"},"device_id":{"unit":"","value":"4AMP1-5-R"},"cell_dimension":{"unit":"cm2","value":0.125},"key":"Reverse_IV 4AMP1-5"},{"V":{"value":[1.2,1.187,1.174,1.161,1.147,1.134,1.121,1.108,1.095,1.082,1.069,1.056,1.042,1.029,1.016,1.003,0.99,0.977,0.964,0.951,0.937,0.924,0.911,0.898,0.885,0.872,0.859,0.845,0.832,0.819,0.806,0.793,0.78,0.767,0.754,0.74,0.727,0.714,0.701,0.688,0.675,0.662,0.648,0.635,0.622,0.609,0.596,0.583,0.57,0.557,0.543,0.53,0.517,0.504,0.491,0.478,0.465,0.452,0.438,0.425,0.412,0.399,0.386,0.373,0.36,0.346,0.333,0.32,0.307,0.294,0.281,0.268,0.255,0.241,0.228,0.215,0.202,0.189,0.176,0.163,0.149,0.136,0.123,0.11,0.097,0.084,0.071,0.058,0.044,0.031,0.018,0.005,-0.008,-0.021,-0.034,-0.047,-0.061,-0.074,-0.087,-0.1],"unit":"V"},"I":{"value":[-0.00079193,-0.00071972,-0.00064198,-0.00056679,-0.00048477,-0.0004097,-0.00033227,-0.00025385,-0.00017292,-8.864e-5,-1.2608e-6,8.9256e-5,0.00018898,0.00028508,0.00038272,0.00048332,0.00058234,0.00067999,0.0007789,0.00087485,0.00097675,0.0010685,0.0011588,0.0012447,0.0013294,0.0014087,0.0014877,0.0015702,0.0016374,0.0017143,0.0017822,0.0018482,0.00191,0.0019719,0.0020366,0.0020897,0.0021511,0.0022001,0.0022527,0.0022965,0.0023422,0.0023805,0.0024137,0.0024535,0.0024748,0.0025032,0.0025217,0.0025432,0.0025726,0.0025756,0.0025942,0.0026094,0.0026187,0.0026286,0.002643,0.0026549,0.002654,0.0026669,0.0026737,0.0026868,0.0026827,0.0026971,0.0026928,0.0026995,0.0027107,0.0027222,0.0027219,0.00273,0.0027359,0.0027251,0.0027407,0.0027505,0.0027494,0.0027498,0.0027605,0.0027522,0.0027604,0.0027631,0.0027678,0.0027739,0.0027774,0.002785,0.0027781,0.0027906,0.0027852,0.0027921,0.002787,0.0028036,0.002798,0.0028023,0.0028019,0.0028058,0.0028049,0.0028136,0.002812,0.0028072,0.0028178,0.0028276,0.0028228,0.0028254],"unit":"A"},"J":{"value":[-9.899125e-5,-8.9965e-5,-8.02475e-5,-7.084875e-5,-6.059625e-5,-5.12125e-5,-4.153375e-5,-3.173125e-5,-2.1615e-5,-1.108e-5,-1.576e-7,1.1157e-5,2.36225e-5,3.5635e-5,4.784e-5,6.0415e-5,7.27925e-5,8.499875e-5,9.73625e-5,0.00010935625,0.00012209375,0.0001335625,0.00014485,0.0001555875,0.000166175,0.0001760875,0.0001859625,0.000196275,0.000204675,0.0002142875,0.000222775,0.000231025,0.00023875,0.0002464875,0.000254575,0.0002612125,0.0002688875,0.0002750125,0.0002815875,0.0002870625,0.000292775,0.0002975625,0.0003017125,0.0003066875,0.00030935,0.0003129,0.0003152125,0.0003179,0.000321575,0.00032195,0.000324275,0.000326175,0.0003273375,0.000328575,0.000330375,0.0003318625,0.00033175,0.0003333625,0.0003342125,0.00033585,0.0003353375,0.0003371375,0.0003366,0.0003374375,0.0003388375,0.000340275,0.0003402375,0.00034125,0.0003419875,0.0003406375,0.0003425875,0.0003438125,0.000343675,0.000343725,0.0003450625,0.000344025,0.00034505,0.0003453875,0.000345975,0.0003467375,0.000347175,0.000348125,0.0003472625,0.000348825,0.00034815,0.0003490125,0.000348375,0.00035045,0.00034975,0.0003502875,0.0003502375,0.000350725,0.0003506125,0.0003517,0.0003515,0.0003509,0.000352225,0.00035345,0.00035285,0.000353175],"unit":"A\/cm2"},"voc":{"unit":"V","value":1.0688},"isc":{"unit":"A","value":0.0028055},"jsc":{"unit":"mA\/cm2","value":22.444},"fill_factor":{"unit":"%","value":52.73},"pmax":{"unit":"mW","value":1.581},"vmax":{"unit":"V","value":0.675},"imax":{"unit":"mA","value":2.342},"rshunt":{"unit":"ohms","value":5440},"voc_slope":{"unit":"ohms","value":144},"efficiency":{"unit":"%","value":12.65},"monitor_cell_reading":{"unit":"mV","value":0},"monitor_cell_calibration_value":{"unit":"mV","value":0},"test_device_area":{"unit":"cm2","value":0.125},"num_of_series_connected_stacks":{"unit":"","value":1},"meter_integration":{"unit":"NPLC","value":0.1},"source_irradiance":{"unit":"mW\/cm2","value":100},"voltage_settling_time":{"unit":"ms","value":10},"sweep_direction":{"unit":"","value":"Reverse"},"irradiance_variation_correction":{"unit":"","value":"None"},"device_id":{"unit":"","value":"4AMP1-3-R"},"cell_dimension":{"unit":"cm2","value":0.125},"key":"Reverse_IV 4AMP1-3"},{"V":{"value":[1.2,1.187,1.174,1.161,1.147,1.134,1.121,1.108,1.095,1.082,1.069,1.056,1.042,1.029,1.016,1.003,0.99,0.977,0.964,0.951,0.937,0.924,0.911,0.898,0.885,0.872,0.859,0.845,0.832,0.819,0.806,0.793,0.78,0.767,0.754,0.74,0.727,0.714,0.701,0.688,0.675,0.662,0.648,0.635,0.622,0.609,0.596,0.583,0.57,0.557,0.543,0.53,0.517,0.504,0.491,0.478,0.465,0.452,0.438,0.425,0.412,0.399,0.386,0.373,0.36,0.346,0.333,0.32,0.307,0.294,0.281,0.268,0.255,0.241,0.228,0.215,0.202,0.189,0.176,0.163,0.149,0.136,0.123,0.11,0.097,0.084,0.071,0.058,0.044,0.031,0.018,0.005,-0.008,-0.021,-0.034,-0.047,-0.061,-0.074,-0.087,-0.1],"unit":"V"},"I":{"value":[-0.00074713,-0.00067918,-0.00060622,-0.00053511,-0.00045698,-0.00038437,-0.0003099,-0.00023258,-0.00015144,-6.842e-5,1.9576e-5,0.00011274,0.00021744,0.00031542,0.00041915,0.00052318,0.00062617,0.00072973,0.00083189,0.00093652,0.0010411,0.0011384,0.0012349,0.0013231,0.0014067,0.0014902,0.0015734,0.0016514,0.0017262,0.0017966,0.0018672,0.0019321,0.001993,0.0020565,0.0021076,0.0021703,0.0022237,0.0022745,0.002319,0.002367,0.0024031,0.0024392,0.0024772,0.0025096,0.002539,0.0025536,0.0025848,0.0025993,0.0026194,0.0026376,0.0026536,0.0026677,0.0026721,0.0026897,0.0027007,0.0027055,0.0027193,0.0027236,0.00273,0.0027322,0.002749,0.0027406,0.0027511,0.0027572,0.0027688,0.0027682,0.0027731,0.0027827,0.0027843,0.0027874,0.0027953,0.002795,0.0027982,0.0028032,0.0028019,0.0028035,0.0028152,0.0028075,0.0028122,0.00282,0.0028254,0.0028167,0.0028266,0.0028342,0.0028307,0.0028346,0.0028386,0.0028434,0.0028386,0.0028372,0.0028444,0.0028387,0.0028517,0.00285,0.0028491,0.0028493,0.0028634,0.0028527,0.0028555,0.0028571],"unit":"A"},"J":{"value":[-9.339125e-5,-8.48975e-5,-7.57775e-5,-6.688875e-5,-5.71225e-5,-4.804625e-5,-3.87375e-5,-2.90725e-5,-1.893e-5,-8.5525e-6,2.447e-6,1.40925e-5,2.718e-5,3.94275e-5,5.239375e-5,6.53975e-5,7.827125e-5,9.121625e-5,0.00010398625,0.000117065,0.0001301375,0.0001423,0.0001543625,0.0001653875,0.0001758375,0.000186275,0.000196675,0.000206425,0.000215775,0.000224575,0.0002334,0.0002415125,0.000249125,0.0002570625,0.00026345,0.0002712875,0.0002779625,0.0002843125,0.000289875,0.000295875,0.0003003875,0.0003049,0.00030965,0.0003137,0.000317375,0.0003192,0.0003231,0.0003249125,0.000327425,0.0003297,0.0003317,0.0003334625,0.0003340125,0.0003362125,0.0003375875,0.0003381875,0.0003399125,0.00034045,0.00034125,0.000341525,0.000343625,0.000342575,0.0003438875,0.00034465,0.0003461,0.000346025,0.0003466375,0.0003478375,0.0003480375,0.000348425,0.0003494125,0.000349375,0.000349775,0.0003504,0.0003502375,0.0003504375,0.0003519,0.0003509375,0.000351525,0.0003525,0.000353175,0.0003520875,0.000353325,0.000354275,0.0003538375,0.000354325,0.000354825,0.000355425,0.000354825,0.00035465,0.00035555,0.0003548375,0.0003564625,0.00035625,0.0003561375,0.0003561625,0.000357925,0.0003565875,0.0003569375,0.0003571375],"unit":"A\/cm2"},"voc":{"unit":"V","value":1.0719},"isc":{"unit":"A","value":0.0028437},"jsc":{"unit":"mA\/cm2","value":22.749},"fill_factor":{"unit":"%","value":53.43},"pmax":{"unit":"mW","value":1.628},"vmax":{"unit":"V","value":0.688},"imax":{"unit":"mA","value":2.367},"rshunt":{"unit":"ohms","value":4000},"voc_slope":{"unit":"ohms","value":141},"efficiency":{"unit":"%","value":13.03},"monitor_cell_reading":{"unit":"mV","value":0},"monitor_cell_calibration_value":{"unit":"mV","value":0},"test_device_area":{"unit":"cm2","value":0.125},"num_of_series_connected_stacks":{"unit":"","value":1},"meter_integration":{"unit":"NPLC","value":0.1},"source_irradiance":{"unit":"mW\/cm2","value":100},"voltage_settling_time":{"unit":"ms","value":10},"sweep_direction":{"unit":"","value":"Reverse"},"irradiance_variation_correction":{"unit":"","value":"None"},"device_id":{"unit":"","value":"4AMP1-2-R"},"cell_dimension":{"unit":"cm2","value":0.125},"key":"Reverse_IV 4AMP1-2"},{"V":{"value":[-0.1,-0.087,-0.074,-0.061,-0.047,-0.034,-0.021,-0.008,0.005,0.018,0.031,0.044,0.058,0.071,0.084,0.097,0.11,0.123,0.136,0.149,0.163,0.176,0.189,0.202,0.215,0.228,0.241,0.255,0.268,0.281,0.294,0.307,0.32,0.333,0.346,0.36,0.373,0.386,0.399,0.412,0.425,0.438,0.452,0.465,0.478,0.491,0.504,0.517,0.53,0.543,0.557,0.57,0.583,0.596,0.609,0.622,0.635,0.648,0.662,0.675,0.688,0.701,0.714,0.727,0.74,0.754,0.767,0.78,0.793,0.806,0.819,0.832,0.845,0.859,0.872,0.885,0.898,0.911,0.924,0.937,0.951,0.964,0.977,0.99,1.003,1.016,1.029,1.042,1.056,1.069,1.082,1.095,1.108,1.121,1.134,1.147,1.161,1.174,1.187,1.2],"unit":"V"},"I":{"value":[0.0027316,0.0027278,0.0027347,0.0027246,0.0027232,0.0027208,0.002719,0.0027093,0.0027137,0.0027056,0.0026993,0.0026986,0.0026977,0.0026927,0.0026891,0.0026908,0.0026774,0.0026862,0.0026813,0.0026765,0.0026734,0.0026733,0.0026704,0.0026593,0.0026668,0.0026608,0.0026545,0.0026568,0.0026534,0.0026409,0.0026493,0.0026416,0.0026369,0.0026297,0.0026325,0.0026311,0.0026178,0.0026131,0.0026056,0.0026035,0.002601,0.0026015,0.0025842,0.0025825,0.0025764,0.0025669,0.0025604,0.002558,0.002555,0.0025356,0.0025303,0.0025194,0.0025134,0.0024871,0.0024805,0.0024607,0.0024441,0.0024212,0.0023981,0.0023807,0.0023482,0.0023214,0.0022798,0.0022447,0.0022025,0.0021619,0.0021061,0.0020597,0.0020044,0.0019475,0.001885,0.0018247,0.0017528,0.0016814,0.0016075,0.0015313,0.0014475,0.0013633,0.0012703,0.0011809,0.0010763,0.00096696,0.00086306,0.0007528,0.0006335,0.00051311,0.00038855,0.00025951,0.00011903,-2.0897e-5,-0.00016294,-0.00030489,-0.000451,-0.00059823,-0.00074883,-0.00090253,-0.0010691,-0.0012296,-0.0013906,-0.0015544],"unit":"A"},"J":{"value":[0.00034145,0.000340975,0.0003418375,0.000340575,0.0003404,0.0003401,0.000339875,0.0003386625,0.0003392125,0.0003382,0.0003374125,0.000337325,0.0003372125,0.0003365875,0.0003361375,0.00033635,0.000334675,0.000335775,0.0003351625,0.0003345625,0.000334175,0.0003341625,0.0003338,0.0003324125,0.00033335,0.0003326,0.0003318125,0.0003321,0.000331675,0.0003301125,0.0003311625,0.0003302,0.0003296125,0.0003287125,0.0003290625,0.0003288875,0.000327225,0.0003266375,0.0003257,0.0003254375,0.000325125,0.0003251875,0.000323025,0.0003228125,0.00032205,0.0003208625,0.00032005,0.00031975,0.000319375,0.00031695,0.0003162875,0.000314925,0.000314175,0.0003108875,0.0003100625,0.0003075875,0.0003055125,0.00030265,0.0002997625,0.0002975875,0.000293525,0.000290175,0.000284975,0.0002805875,0.0002753125,0.0002702375,0.0002632625,0.0002574625,0.00025055,0.0002434375,0.000235625,0.0002280875,0.0002191,0.000210175,0.0002009375,0.0001914125,0.0001809375,0.0001704125,0.0001587875,0.0001476125,0.0001345375,0.00012087,0.0001078825,9.41e-5,7.91875e-5,6.413875e-5,4.856875e-5,3.243875e-5,1.487875e-5,-2.612125e-6,-2.03675e-5,-3.811125e-5,-5.6375e-5,-7.477875e-5,-9.360375e-5,-0.00011281625,-0.0001336375,-0.0001537,-0.000173825,-0.0001943],"unit":"A\/cm2"},"voc":{"unit":"V","value":1.0671},"isc":{"unit":"A","value":0.002712},"jsc":{"unit":"mA\/cm2","value":21.696},"fill_factor":{"unit":"%","value":56.39},"pmax":{"unit":"mW","value":1.632},"vmax":{"unit":"V","value":0.727},"imax":{"unit":"mA","value":2.245},"rshunt":{"unit":"ohms","value":3650},"voc_slope":{"unit":"ohms","value":95},"efficiency":{"unit":"%","value":13.06},"monitor_cell_reading":{"unit":"mV","value":0},"monitor_cell_calibration_value":{"unit":"mV","value":0},"test_device_area":{"unit":"cm2","value":0.125},"num_of_series_connected_stacks":{"unit":"","value":1},"meter_integration":{"unit":"NPLC","value":0.1},"source_irradiance":{"unit":"mW\/cm2","value":100},"voltage_settling_time":{"unit":"ms","value":10},"sweep_direction":{"unit":"","value":"Forward"},"irradiance_variation_correction":{"unit":"","value":"None"},"device_id":{"unit":"","value":"4AMP2-2-F"},"cell_dimension":{"unit":"cm2","value":0.125},"key":"Forward_IV 4AMP2-2"},{"V":{"value":[-0.1,-0.087,-0.074,-0.061,-0.047,-0.034,-0.021,-0.008,0.005,0.018,0.031,0.044,0.058,0.071,0.084,0.097,0.11,0.123,0.136,0.149,0.163,0.176,0.189,0.202,0.215,0.228,0.241,0.255,0.268,0.281,0.294,0.307,0.32,0.333,0.346,0.36,0.373,0.386,0.399,0.412,0.425,0.438,0.452,0.465,0.478,0.491,0.504,0.517,0.53,0.543,0.557,0.57,0.583,0.596,0.609,0.622,0.635,0.648,0.662,0.675,0.688,0.701,0.714,0.727,0.74,0.754,0.767,0.78,0.793,0.806,0.819,0.832,0.845,0.859,0.872,0.885,0.898,0.911,0.924,0.937,0.951,0.964,0.977,0.99,1.003,1.016,1.029,1.042,1.056,1.069,1.082,1.095,1.108,1.121,1.134,1.147,1.161,1.174,1.187,1.2],"unit":"V"},"I":{"value":[0.0027604,0.0027631,0.0027562,0.0027507,0.0027547,0.0027377,0.0027381,0.0027316,0.0027316,0.0027295,0.0027296,0.0027186,0.0027156,0.002717,0.0027077,0.0027037,0.002707,0.0026934,0.0026929,0.002694,0.0026912,0.0026851,0.0026856,0.0026764,0.0026822,0.0026747,0.0026712,0.002672,0.0026672,0.002658,0.0026638,0.0026615,0.0026465,0.0026421,0.0026422,0.0026298,0.0026239,0.0026224,0.002618,0.0026024,0.0025947,0.0025949,0.0025843,0.0025687,0.00257,0.0025457,0.0025432,0.0025248,0.0025156,0.002497,0.0024725,0.00246,0.0024356,0.0024029,0.0023722,0.0023428,0.0023078,0.0022644,0.0022206,0.0021631,0.0021114,0.0020532,0.0019882,0.0019274,0.0018625,0.0017924,0.0017258,0.0016582,0.0015743,0.0015078,0.0014382,0.0013678,0.0012995,0.0012247,0.0011542,0.0010863,0.0010143,0.00093437,0.00087065,0.00079401,0.00071486,0.00063846,0.00055976,0.00048437,0.00040508,0.00032504,0.00024513,0.000166,7.9614e-5,1.382e-6,-7.4405e-5,-0.00014726,-0.00021861,-0.00028821,-0.0003556,-0.00042204,-0.00049134,-0.00055498,-0.00061853,-0.00068297],"unit":"A"},"J":{"value":[0.00034505,0.0003453875,0.000344525,0.0003438375,0.0003443375,0.0003422125,0.0003422625,0.00034145,0.00034145,0.0003411875,0.0003412,0.000339825,0.00033945,0.000339625,0.0003384625,0.0003379625,0.000338375,0.000336675,0.0003366125,0.00033675,0.0003364,0.0003356375,0.0003357,0.00033455,0.000335275,0.0003343375,0.0003339,0.000334,0.0003334,0.00033225,0.000332975,0.0003326875,0.0003308125,0.0003302625,0.000330275,0.000328725,0.0003279875,0.0003278,0.00032725,0.0003253,0.0003243375,0.0003243625,0.0003230375,0.0003210875,0.00032125,0.0003182125,0.0003179,0.0003156,0.00031445,0.000312125,0.0003090625,0.0003075,0.00030445,0.0003003625,0.000296525,0.00029285,0.000288475,0.00028305,0.000277575,0.0002703875,0.000263925,0.00025665,0.000248525,0.000240925,0.0002328125,0.00022405,0.000215725,0.000207275,0.0001967875,0.000188475,0.000179775,0.000170975,0.0001624375,0.0001530875,0.000144275,0.0001357875,0.0001267875,0.00011679625,0.00010883125,9.925125e-5,8.93575e-5,7.98075e-5,6.997e-5,6.054625e-5,5.0635e-5,4.063e-5,3.064125e-5,2.075e-5,9.95175e-6,1.7275e-7,-9.300625e-6,-1.84075e-5,-2.732625e-5,-3.602625e-5,-4.445e-5,-5.2755e-5,-6.14175e-5,-6.93725e-5,-7.731625e-5,-8.537125e-5],"unit":"A\/cm2"},"voc":{"unit":"V","value":1.0692},"isc":{"unit":"A","value":0.0027316},"jsc":{"unit":"mA\/cm2","value":21.853},"fill_factor":{"unit":"%","value":50.33},"pmax":{"unit":"mW","value":1.47},"vmax":{"unit":"V","value":0.662},"imax":{"unit":"mA","value":2.221},"rshunt":{"unit":"ohms","value":3050},"voc_slope":{"unit":"ohms","value":168},"efficiency":{"unit":"%","value":11.76},"monitor_cell_reading":{"unit":"mV","value":0},"monitor_cell_calibration_value":{"unit":"mV","value":0},"test_device_area":{"unit":"cm2","value":0.125},"num_of_series_connected_stacks":{"unit":"","value":1},"meter_integration":{"unit":"NPLC","value":0.1},"source_irradiance":{"unit":"mW\/cm2","value":100},"voltage_settling_time":{"unit":"ms","value":10},"sweep_direction":{"unit":"","value":"Forward"},"irradiance_variation_correction":{"unit":"","value":"None"},"device_id":{"unit":"","value":"4AMP1-5-F"},"cell_dimension":{"unit":"cm2","value":0.125},"key":"Forward_IV 4AMP1-5"},{"V":{"value":[-0.1,-0.087,-0.074,-0.061,-0.047,-0.034,-0.021,-0.008,0.005,0.018,0.031,0.044,0.058,0.071,0.084,0.097,0.11,0.123,0.136,0.149,0.163,0.176,0.189,0.202,0.215,0.228,0.241,0.255,0.268,0.281,0.294,0.307,0.32,0.333,0.346,0.36,0.373,0.386,0.399,0.412,0.425,0.438,0.452,0.465,0.478,0.491,0.504,0.517,0.53,0.543,0.557,0.57,0.583,0.596,0.609,0.622,0.635,0.648,0.662,0.675,0.688,0.701,0.714,0.727,0.74,0.754,0.767,0.78,0.793,0.806,0.819,0.832,0.845,0.859,0.872,0.885,0.898,0.911,0.924,0.937,0.951,0.964,0.977,0.99,1.003,1.016,1.029,1.042,1.056,1.069,1.082,1.095,1.108,1.121,1.134,1.147,1.161,1.174,1.187,1.2],"unit":"V"},"I":{"value":[0.0028198,0.002828,0.002833,0.0028235,0.0028211,0.0028097,0.0028138,0.002805,0.002802,0.0027967,0.0027975,0.0027917,0.00279,0.0027924,0.0027794,0.0027827,0.0027786,0.0027765,0.0027694,0.0027735,0.0027741,0.0027613,0.0027619,0.0027612,0.0027672,0.0027455,0.0027483,0.002751,0.0027478,0.0027378,0.0027344,0.002737,0.0027318,0.0027187,0.0027223,0.0027191,0.002705,0.0027078,0.0027107,0.002694,0.0026893,0.0026823,0.0026847,0.0026662,0.0026625,0.0026546,0.0026469,0.0026363,0.0026313,0.0026139,0.0025945,0.0025889,0.0025738,0.0025554,0.00253,0.0025139,0.0024827,0.0024553,0.002424,0.0023889,0.0023486,0.0023136,0.0022675,0.0022133,0.0021663,0.0021096,0.0020521,0.0019895,0.0019319,0.0018671,0.0018002,0.0017358,0.0016618,0.0015841,0.0015071,0.0014336,0.0013468,0.0012623,0.0011724,0.0010783,0.00097513,0.00087596,0.00077161,0.00066675,0.00056235,0.00045602,0.00034991,0.00024574,0.00013545,3.2505e-5,-6.5305e-5,-0.00016149,-0.00025371,-0.00034217,-0.00042729,-0.00051058,-0.00059914,-0.00067997,-0.00076005,-0.00084026],"unit":"A"},"J":{"value":[0.000352475,0.0003535,0.000354125,0.0003529375,0.0003526375,0.0003512125,0.000351725,0.000350625,0.00035025,0.0003495875,0.0003496875,0.0003489625,0.00034875,0.00034905,0.000347425,0.0003478375,0.000347325,0.0003470625,0.000346175,0.0003466875,0.0003467625,0.0003451625,0.0003452375,0.00034515,0.0003459,0.0003431875,0.0003435375,0.000343875,0.000343475,0.000342225,0.0003418,0.000342125,0.000341475,0.0003398375,0.0003402875,0.0003398875,0.000338125,0.000338475,0.0003388375,0.00033675,0.0003361625,0.0003352875,0.0003355875,0.000333275,0.0003328125,0.000331825,0.0003308625,0.0003295375,0.0003289125,0.0003267375,0.0003243125,0.0003236125,0.000321725,0.000319425,0.00031625,0.0003142375,0.0003103375,0.0003069125,0.000303,0.0002986125,0.000293575,0.0002892,0.0002834375,0.0002766625,0.0002707875,0.0002637,0.0002565125,0.0002486875,0.0002414875,0.0002333875,0.000225025,0.000216975,0.000207725,0.0001980125,0.0001883875,0.0001792,0.00016835,0.0001577875,0.00014655,0.0001347875,0.00012189125,0.000109495,9.645125e-5,8.334375e-5,7.029375e-5,5.70025e-5,4.373875e-5,3.07175e-5,1.693125e-5,4.063125e-6,-8.163125e-6,-2.018625e-5,-3.171375e-5,-4.277125e-5,-5.341125e-5,-6.38225e-5,-7.48925e-5,-8.499625e-5,-9.500625e-5,-0.0001050325],"unit":"A\/cm2"},"voc":{"unit":"V","value":1.0733},"isc":{"unit":"A","value":0.0028031},"jsc":{"unit":"mA\/cm2","value":22.425},"fill_factor":{"unit":"%","value":53.91},"pmax":{"unit":"mW","value":1.622},"vmax":{"unit":"V","value":0.701},"imax":{"unit":"mA","value":2.314},"rshunt":{"unit":"ohms","value":3300},"voc_slope":{"unit":"ohms","value":129},"efficiency":{"unit":"%","value":12.97},"monitor_cell_reading":{"unit":"mV","value":0},"monitor_cell_calibration_value":{"unit":"mV","value":0},"test_device_area":{"unit":"cm2","value":0.125},"num_of_series_connected_stacks":{"unit":"","value":1},"meter_integration":{"unit":"NPLC","value":0.1},"source_irradiance":{"unit":"mW\/cm2","value":100},"voltage_settling_time":{"unit":"ms","value":10},"sweep_direction":{"unit":"","value":"Forward"},"irradiance_variation_correction":{"unit":"","value":"None"},"device_id":{"unit":"","value":"4AMP1-3-F"},"cell_dimension":{"unit":"cm2","value":0.125},"key":"Forward_IV 4AMP1-3"},{"V":{"value":[-0.1,-0.087,-0.074,-0.061,-0.047,-0.034,-0.021,-0.008,0.005,0.018,0.031,0.044,0.058,0.071,0.084,0.097,0.11,0.123,0.136,0.149,0.163,0.176,0.189,0.202,0.215,0.228,0.241,0.255,0.268,0.281,0.294,0.307,0.32,0.333,0.346,0.36,0.373,0.386,0.399,0.412,0.425,0.438,0.452,0.465,0.478,0.491,0.504,0.517,0.53,0.543,0.557,0.57,0.583,0.596,0.609,0.622,0.635,0.648,0.662,0.675,0.688,0.701,0.714,0.727,0.74,0.754,0.767,0.78,0.793,0.806,0.819,0.832,0.845,0.859,0.872,0.885,0.898,0.911,0.924,0.937,0.951,0.964,0.977,0.99,1.003,1.016,1.029,1.042,1.056,1.069,1.082,1.095,1.108,1.121,1.134,1.147,1.161,1.174,1.187,1.2],"unit":"V"},"I":{"value":[0.0028358,0.0028617,0.0028537,0.0028525,0.0028411,0.0028454,0.0028355,0.0028382,0.0028334,0.0028251,0.0028315,0.0028303,0.0028226,0.0028233,0.0028194,0.0028096,0.002818,0.0028173,0.0028169,0.0028069,0.0028103,0.0027975,0.002807,0.0027985,0.0027954,0.0027941,0.0027907,0.0027799,0.0027872,0.0027782,0.002774,0.0027728,0.0027683,0.0027606,0.0027652,0.0027518,0.0027501,0.0027506,0.002741,0.0027377,0.0027335,0.0027277,0.0027161,0.0027181,0.0027019,0.0027011,0.0026936,0.0026843,0.0026755,0.0026684,0.0026463,0.0026325,0.0026226,0.002608,0.0025887,0.0025631,0.0025407,0.0025083,0.0024838,0.0024495,0.002414,0.0023759,0.0023332,0.0022856,0.0022307,0.002184,0.0021288,0.0020689,0.0020109,0.0019495,0.0018878,0.0018174,0.0017474,0.0016731,0.0015926,0.0015094,0.0014263,0.0013425,0.0012506,0.0011512,0.001047,0.00094051,0.00083527,0.00072365,0.00061257,0.00050312,0.00039161,0.00028343,0.00016966,6.3346e-5,-3.6996e-5,-0.0001356,-0.00022708,-0.00031589,-0.0004002,-0.00048323,-0.0005695,-0.00064803,-0.00072523,-0.00080276],"unit":"A"},"J":{"value":[0.000354475,0.0003577125,0.0003567125,0.0003565625,0.0003551375,0.000355675,0.0003544375,0.000354775,0.000354175,0.0003531375,0.0003539375,0.0003537875,0.000352825,0.0003529125,0.000352425,0.0003512,0.00035225,0.0003521625,0.0003521125,0.0003508625,0.0003512875,0.0003496875,0.000350875,0.0003498125,0.000349425,0.0003492625,0.0003488375,0.0003474875,0.0003484,0.000347275,0.00034675,0.0003466,0.0003460375,0.000345075,0.00034565,0.000343975,0.0003437625,0.000343825,0.000342625,0.0003422125,0.0003416875,0.0003409625,0.0003395125,0.0003397625,0.0003377375,0.0003376375,0.0003367,0.0003355375,0.0003344375,0.00033355,0.0003307875,0.0003290625,0.000327825,0.000326,0.0003235875,0.0003203875,0.0003175875,0.0003135375,0.000310475,0.0003061875,0.00030175,0.0002969875,0.00029165,0.0002857,0.0002788375,0.000273,0.0002661,0.0002586125,0.0002513625,0.0002436875,0.000235975,0.000227175,0.000218425,0.0002091375,0.000199075,0.000188675,0.0001782875,0.0001678125,0.000156325,0.0001439,0.000130875,0.00011756375,0.00010440875,9.045625e-5,7.657125e-5,6.289e-5,4.895125e-5,3.542875e-5,2.12075e-5,7.91825e-6,-4.6245e-6,-1.695e-5,-2.8385e-5,-3.948625e-5,-5.0025e-5,-6.040375e-5,-7.11875e-5,-8.100375e-5,-9.065375e-5,-0.000100345],"unit":"A\/cm2"},"voc":{"unit":"V","value":1.0772},"isc":{"unit":"A","value":0.0028352},"jsc":{"unit":"mA\/cm2","value":22.682},"fill_factor":{"unit":"%","value":54.55},"pmax":{"unit":"mW","value":1.666},"vmax":{"unit":"V","value":0.714},"imax":{"unit":"mA","value":2.333},"rshunt":{"unit":"ohms","value":3950},"voc_slope":{"unit":"ohms","value":129},"efficiency":{"unit":"%","value":13.33},"monitor_cell_reading":{"unit":"mV","value":0},"monitor_cell_calibration_value":{"unit":"mV","value":0},"test_device_area":{"unit":"cm2","value":0.125},"num_of_series_connected_stacks":{"unit":"","value":1},"meter_integration":{"unit":"NPLC","value":0.1},"source_irradiance":{"unit":"mW\/cm2","value":100},"voltage_settling_time":{"unit":"ms","value":10},"sweep_direction":{"unit":"","value":"Forward"},"irradiance_variation_correction":{"unit":"","value":"None"},"device_id":{"unit":"","value":"4AMP1-2-F"},"cell_dimension":{"unit":"cm2","value":0.125},"key":"Forward_IV 4AMP1-2"}]}}