{"_id":"66f0e49cd5d7cf1ecd33a9c2","id":"SKKU-SC-00608","author":82,"group":11,"input":[{"tco":{"unit":"","value":"ITO"}},{"surface_treatment":{"unit":"","value":"O-Plasma"}},{"spin_coating":[{"type":{"unit":"","value":"Static (only spreading)"},"rpm":{"unit":"","value":"3000"},"time":{"unit":"s","value":"30"}}],"annealing":[{"temperature":{"unit":"oC","value":"150"},"time":{"unit":"m","value":"10"}}],"solvent":[{"material":{"unit":"","value":"Ethanol"},"volume":{"unit":"ml","value":"5"}}],"condition":{"unit":"","value":"Ambient (10RH%)"},"htl":[{"material":{"unit":"","value":"NiOx"},"concentration":{"unit":"","value":"20"},"conc_unit":{"unit":"","value":"mg\/ml"},"quantity":{"unit":"ml","value":"0.2"}}]},{"htl":[{"material":{"unit":"","value":"Me-4PACz"},"concentration":{"unit":"","value":"0.3"},"conc_unit":{"unit":"","value":"mg\/ml"},"quantity":{"unit":"ml","value":"0.2"}}],"spin_coating":[{"type":{"unit":"","value":"Static (only spreading)"},"rpm":{"unit":"","value":"3000"},"time":{"unit":"s","value":"30"}}],"annealing":[{"temperature":{"unit":"oC","value":"100"},"time":{"unit":"m","value":"10"}}],"solvent":[{"material":{"unit":"","value":"Ethanol"},"volume":{"unit":"ml","value":"5"}}],"condition":{"unit":"","value":"glove-box(N2)"}},{"spin_coating":[{"type":{"unit":"","value":"Dynamic"},"rpm":{"unit":"","value":"5000"},"time":{"unit":"s","value":"30"}}],"annealing":[{"temperature":{"unit":"oC","value":"100"},"time":{"unit":"m","value":"10"}}],"solvent":[{"material":{"unit":"","value":"IPA"},"volume":{"unit":"ml","value":"2"}}],"condition":{"unit":"","value":"glove-box(N2)"},"htl_treatment":[{"material":{"unit":"","value":"Al2O3"},"concentration":{"unit":"","value":"0.9"},"conc_unit":{"unit":"","value":"mg\/ml"},"quantity":{"unit":"ml","value":"2"}}]},{"condition":{"unit":"","value":"glove-box(N2)"},"perovskite":{"method":{"unit":"","value":"1step"},"molarity":{"unit":"M","value":"1.5M"},"a_site":[{"material":{"unit":"","value":"FA"},"ratio":{"unit":"%","value":"90"}},{"material":{"unit":"","value":"Cs"},"ratio":{"unit":"%","value":"10"}}],"b_site":[{"material":{"unit":"","value":"Pb"},"ratio":{"unit":"%","value":"100"}}],"x_site":[{"material":{"unit":"","value":"I"},"ratio":{"unit":"%","value":"100"}}],"solvent":[{"material":{"unit":"","value":"DMF"},"volume":{"unit":"ml","value":"0.8"}},{"material":{"unit":"","value":"DMSO"},"volume":{"unit":"ml","value":"0.2"}}],"antisolvent":[{"material":{"unit":"","value":"CB"},"quantity":{"unit":"ul","value":"200"},"dripping_time":{"unit":"s","value":"13"}}],"annealing":[{"temperature":{"unit":"oC","value":"60"},"time":{"unit":"m","value":"3"}}],"spin_coating":[{"type":{"unit":"","value":"Static (only spreading)"},"rpm":{"unit":"","value":"1000"},"time":{"unit":"s","value":"10"}},{"type":{"unit":"","value":"Static (only spreading)"},"rpm":{"unit":"","value":"5000"},"time":{"unit":"s","value":"40"}}],"additive":[{"material":{"unit":"","value":"MACl"},"solvent":{"unit":"","value":"DMF"},"concentration":{"unit":"","value":"30.4"},"conc_unit":{"unit":"","value":"mg\/ml"},"quantity":{"unit":"mol%","value":"30"}}]}},{"perovskite":{"annealing":[{"temperature":{"unit":"oC","value":"150"},"time":{"unit":"m","value":"1"}},{"temperature":{"unit":"oC","value":"120"},"time":{"unit":"m","value":"50"}}],"atmosphere":[{"type":{"unit":"","value":"Ambient (30RH%)"},"temperature":{"unit":"oC","value":"20"},"humidity":{"unit":"RH%","value":"30"}}]}},{"perovskite_treatment":[{"material":{"unit":"","value":"OABr"},"concentration":{"unit":"","value":"2"},"conc_unit":{"unit":"","value":"mg\/ml"},"quantity":{"unit":"ml","value":"0.065"}}],"annealing":[{"temperature":{"unit":"oC","value":"100"},"time":{"unit":"m","value":"5"}}],"spin_coating":[{"type":{"unit":"","value":"Dynamic"},"rpm":{"unit":"","value":"5000"},"time":{"unit":"s","value":"30"}}],"condition":{"unit":"","value":"glove-box(N2)"},"solvent":[{"material":{"unit":"","value":"IPA"},"volume":{"unit":"ml","value":"1"}}]},{"etl":[{"material":{"unit":"","value":"C60"},"concentration":{"unit":"","value":""},"conc_unit":{"unit":"","value":"mg\/ml"},"quantity":{"unit":"ml","value":"None"}}],"thermal_evaporation":[{"vacuum_evaporation_thickness":{"unit":"nm","value":"30"},"evaporation_rate":{"unit":"\u00c5\/s","value":"0.2"},"vacuum_pressure":{"unit":"uTorr","value":"0.97"}}]},{"blocking_buffer_layer":[{"material":{"unit":"","value":"BCP"},"concentration":{"unit":"","value":"None"},"conc_unit":{"unit":"","value":"None"},"quantity":{"unit":"ml","value":"None"}}],"thermal_evaporation":[{"vacuum_evaporation_thickness":{"unit":"nm","value":"8"},"evaporation_rate":{"unit":"\u00c5\/s","value":"0.2"},"vacuum_pressure":{"unit":"uTorr","value":"0.97"}}]},{"anode_metal":{"unit":"","value":"Ag"}},{"note":{"unit":"","value":"NiOx Bi HTL"},"type":{"unit":"","value":"unit_cell"},"device_type":{"unit":"","value":"p-i-n"},"temperature":{"unit":"\u2103","value":"25"},"humidity":{"unit":"%","value":"25"},"cell_dimension":{"unit":"cm2","value":"0.09"},"condition":{"unit":"","value":"glove-box(N2)"}}],"fileinfo":[{"key":"Forward_IV 13-1","uploadType":"JV","original_name":"IV 13-1-f.txt","save_name":"SKKU-SC-00608\/Forward_IV 13-1","uploader":82,"fileType":""},{"key":"Reverse_IV 13-1","uploadType":"JV","original_name":"IV 13-1-r.txt","save_name":"SKKU-SC-00608\/Reverse_IV 13-1","uploader":82,"fileType":""},{"key":"Forward_IV 13-2","uploadType":"JV","original_name":"IV 13-2-f.txt","save_name":"SKKU-SC-00608\/Forward_IV 13-2","uploader":82,"fileType":""},{"key":"Reverse_IV 13-2","uploadType":"JV","original_name":"IV 13-2-r.txt","save_name":"SKKU-SC-00608\/Reverse_IV 13-2","uploader":82,"fileType":""},{"key":"Forward_IV 13-3","uploadType":"JV","original_name":"IV 13-3-f.txt","save_name":"SKKU-SC-00608\/Forward_IV 13-3","uploader":82,"fileType":""},{"key":"Reverse_IV 13-3","uploadType":"JV","original_name":"IV 13-3-r.txt","save_name":"SKKU-SC-00608\/Reverse_IV 13-3","uploader":82,"fileType":""},{"key":"Forward_IV 13-4","uploadType":"JV","original_name":"IV 13-4-f.txt","save_name":"SKKU-SC-00608\/Forward_IV 13-4","uploader":82,"fileType":""},{"key":"Reverse_IV 13-4","uploadType":"JV","original_name":"IV 13-4-r.txt","save_name":"SKKU-SC-00608\/Reverse_IV 13-4","uploader":82,"fileType":""},{"key":"Reverse_IV 13-5","uploadType":"JV","original_name":"IV 13-5-r.txt","save_name":"SKKU-SC-00608\/Reverse_IV 13-5","uploader":82,"fileType":""},{"key":"Forward_IV 14-1","uploadType":"JV","original_name":"IV 14-1-f.txt","save_name":"SKKU-SC-00608\/Forward_IV 14-1","uploader":82,"fileType":""},{"key":"Reverse_IV 14-1","uploadType":"JV","original_name":"IV 14-1-r.txt","save_name":"SKKU-SC-00608\/Reverse_IV 14-1","uploader":82,"fileType":""},{"key":"Forward_IV 14-2","uploadType":"JV","original_name":"IV 14-2-f.txt","save_name":"SKKU-SC-00608\/Forward_IV 14-2","uploader":82,"fileType":""},{"key":"Reverse_IV 14-2","uploadType":"JV","original_name":"IV 14-2-r.txt","save_name":"SKKU-SC-00608\/Reverse_IV 14-2","uploader":82,"fileType":""},{"key":"Forward_IV 14-3","uploadType":"JV","original_name":"IV 14-3-f.txt","save_name":"SKKU-SC-00608\/Forward_IV 14-3","uploader":82,"fileType":""},{"key":"Reverse_IV 14-3","uploadType":"JV","original_name":"IV 14-3-r.txt","save_name":"SKKU-SC-00608\/Reverse_IV 14-3","uploader":82,"fileType":""},{"key":"Forward_IV 14-4","uploadType":"JV","original_name":"IV 14-4-f.txt","save_name":"SKKU-SC-00608\/Forward_IV 14-4","uploader":82,"fileType":""},{"key":"Reverse_IV 14-4","uploadType":"JV","original_name":"IV 14-4-r.txt","save_name":"SKKU-SC-00608\/Reverse_IV 14-4","uploader":82,"fileType":""},{"key":"Forward_IV 14-5","uploadType":"JV","original_name":"IV 14-5-f.txt","save_name":"SKKU-SC-00608\/Forward_IV 14-5","uploader":82,"fileType":""},{"key":"Reverse_IV 14-5","uploadType":"JV","original_name":"IV 14-5-r.txt","save_name":"SKKU-SC-00608\/Reverse_IV 14-5","uploader":82,"fileType":""}],"jvcnt":19,"analysisInfo":{"JV":[{"efficiency":11.99029,"fill_factor":63.1504,"jsc":17.337691,"voc":1.095122,"key":"Reverse_IV 14-5","cell_dimension":0.09},{"efficiency":12.052508,"fill_factor":65.64158,"jsc":16.815879,"voc":1.09189,"key":"Reverse_IV 14-4","cell_dimension":0.09},{"efficiency":12.057691,"fill_factor":66.036497,"jsc":16.658335,"voc":1.096096,"key":"Reverse_IV 14-3","cell_dimension":0.09},{"efficiency":12.216661,"fill_factor":66.060301,"jsc":16.836381,"voc":1.098407,"key":"Reverse_IV 14-2","cell_dimension":0.09},{"efficiency":12.817832,"fill_factor":63.055183,"jsc":18.490429,"voc":1.099377,"key":"Reverse_IV 14-1","cell_dimension":0.09},{"efficiency":10.671509,"fill_factor":66.5363,"jsc":14.732853,"voc":1.08863,"key":"Reverse_IV 13-5","cell_dimension":0.09},{"efficiency":9.726439,"fill_factor":63.505739,"jsc":14.079763,"voc":1.087791,"key":"Reverse_IV 13-4","cell_dimension":0.09},{"efficiency":9.879683,"fill_factor":63.226272,"jsc":14.324614,"voc":1.090844,"key":"Reverse_IV 13-3","cell_dimension":0.09},{"efficiency":10.999206,"fill_factor":65.778304,"jsc":15.373177,"voc":1.087715,"key":"Reverse_IV 13-2","cell_dimension":0.09},{"efficiency":12.769379,"fill_factor":63.82455,"jsc":18.439882,"voc":1.084985,"key":"Reverse_IV 13-1","cell_dimension":0.09},{"efficiency":12.107738,"fill_factor":63.012143,"jsc":17.677153,"voc":1.086992,"key":"Forward_IV 14-5","cell_dimension":0.09},{"efficiency":11.615548,"fill_factor":62.101801,"jsc":17.181902,"voc":1.08859,"key":"Forward_IV 14-4","cell_dimension":0.09},{"efficiency":11.282493,"fill_factor":60.215155,"jsc":17.17992,"voc":1.090632,"key":"Forward_IV 14-3","cell_dimension":0.09},{"efficiency":11.421902,"fill_factor":59.555217,"jsc":17.492018,"voc":1.096424,"key":"Forward_IV 14-2","cell_dimension":0.09},{"efficiency":12.603086,"fill_factor":60.506132,"jsc":19.004782,"voc":1.09601,"key":"Forward_IV 14-1","cell_dimension":0.09},{"efficiency":8.288383,"fill_factor":50.795259,"jsc":15.02447,"voc":1.086044,"key":"Forward_IV 13-4","cell_dimension":0.09},{"efficiency":8.209735,"fill_factor":49.706756,"jsc":15.189098,"voc":1.087381,"key":"Forward_IV 13-3","cell_dimension":0.09},{"efficiency":9.474021,"fill_factor":53.275568,"jsc":16.379876,"voc":1.085665,"key":"Forward_IV 13-2","cell_dimension":0.09},{"efficiency":10.706636,"fill_factor":53.065161,"jsc":18.879491,"voc":1.068694,"key":"Forward_IV 13-1","cell_dimension":0.09}]},"tags":[],"updated_at":"2024-10-24 09:03:16","created_at":"2024-09-23 03:46:36","public":2,"analysis":{"JV":[{"V":{"value":[1.2,1.187,1.174,1.161,1.148,1.135,1.122,1.109,1.096,1.083,1.07,1.057,1.044,1.031,1.018,1.005,0.992,0.979,0.966,0.953,0.94,0.927,0.914,0.901,0.888,0.875,0.862,0.849,0.836,0.823,0.81,0.797,0.784,0.771,0.758,0.745,0.732,0.719,0.706,0.693,0.68,0.667,0.654,0.641,0.628,0.615,0.602,0.589,0.576,0.563,0.55,0.537,0.524,0.511,0.498,0.485,0.472,0.459,0.446,0.433,0.42,0.407,0.394,0.381,0.368,0.355,0.342,0.329,0.316,0.303,0.29,0.277,0.264,0.251,0.238,0.225,0.212,0.199,0.186,0.173,0.16,0.147,0.134,0.121,0.108,0.095,0.082,0.069,0.056,0.043,0.03,0.017,0.004,-0.009,-0.022,-0.035,-0.048,-0.061,-0.074,-0.087],"unit":"V"},"I":{"value":[-0.004074,-0.003315,-0.002777,-0.002275,-0.001766,-0.001317,-0.000929,-0.000551,-0.0002,0.000109,0.000372,0.000588,0.000761,0.000898,0.001002,0.001074,0.001016,0.001027,0.001036,0.001075,0.001078,0.001127,0.001149,0.001155,0.001166,0.001189,0.001181,0.001218,0.00122,0.001213,0.001249,0.001237,0.001246,0.001252,0.001277,0.001296,0.00129,0.001315,0.001316,0.001335,0.001324,0.00133,0.001346,0.001344,0.001358,0.001363,0.001363,0.001378,0.001384,0.00139,0.001386,0.00139,0.001407,0.001409,0.001418,0.001408,0.001419,0.001423,0.00142,0.001423,0.001436,0.001443,0.00144,0.001448,0.001449,0.001452,0.001452,0.001455,0.001457,0.001467,0.001478,0.001479,0.001481,0.001489,0.001486,0.001497,0.001499,0.001498,0.001505,0.001506,0.001514,0.001517,0.001522,0.001525,0.001531,0.001535,0.00154,0.001542,0.001544,0.001547,0.00155,0.001555,0.00156,0.001564,0.001568,0.001571,0.001575,0.001577,0.001581,0.001585],"unit":"A"},"J":{"value":[-0.00036666000000000004,-0.00029834999999999996,-0.00024993,-0.00020475,-0.00015894,-0.00011852999999999999,-8.361e-5,-4.958999999999999e-5,-1.8e-5,9.810000000000001e-6,3.348e-5,5.2919999999999995e-5,6.848999999999999e-5,8.082e-5,9.018000000000001e-5,9.666e-5,9.143999999999999e-5,9.243e-5,9.324e-5,9.675e-5,9.701999999999999e-5,0.00010143,0.00010341,0.00010394999999999999,0.00010494,0.00010701,0.00010629,0.00010961999999999998,0.00010979999999999999,0.00010917,0.00011240999999999999,0.00011132999999999999,0.00011214,0.00011268,0.00011492999999999999,0.00011664,0.00011609999999999999,0.00011834999999999999,0.00011843999999999998,0.00012014999999999999,0.00011916,0.0001197,0.00012114,0.00012096,0.00012222,0.00012267,0.00012267,0.00012402,0.00012456,0.0001251,0.00012474,0.0001251,0.00012663,0.00012681000000000001,0.00012762,0.00012671999999999998,0.00012770999999999998,0.00012806999999999999,0.0001278,0.00012806999999999999,0.00012924,0.00012987,0.0001296,0.00013032,0.00013041,0.00013068,0.00013068,0.00013094999999999998,0.00013113,0.00013203,0.00013302,0.00013311,0.00013329,0.00013401,0.00013373999999999998,0.00013473,0.00013491,0.00013482,0.00013544999999999999,0.00013554,0.00013626,0.00013653,0.00013697999999999998,0.00013725,0.00013779,0.00013815,0.00013859999999999998,0.00013878,0.00013895999999999998,0.00013922999999999998,0.0001395,0.00013995,0.0001404,0.00014076,0.00014111999999999998,0.00014139,0.00014175,0.00014193,0.00014229,0.00014265],"unit":"A\/cm2"},"voc":{"unit":"V","value":1.095122},"isc":{"unit":"A","value":1.560392},"jsc":{"unit":"mA\/cm2","value":17.337691},"fill_factor":{"unit":"%","value":63.1504},"vmax":{"unit":"V","value":1.005},"efficiency":{"unit":"%","value":11.99029},"monitor_cell_reading":{"unit":"mV","value":0},"monitor_cell_calibration_value":{"unit":"mV","value":0},"test_device_area":{"unit":"cm2","value":0.09},"num_of_series_connected_stacks":{"unit":"","value":1},"sweep_direction":{"unit":"","value":"Reverse"},"device_id":{"unit":"","value":"14-5-r"},"cell_dimension":{"unit":"cm2","value":0.09},"key":"Reverse_IV 14-5"},{"V":{"value":[1.2,1.187,1.174,1.161,1.148,1.135,1.122,1.109,1.096,1.083,1.07,1.057,1.044,1.031,1.018,1.005,0.992,0.979,0.966,0.953,0.94,0.927,0.914,0.901,0.888,0.875,0.862,0.849,0.836,0.823,0.81,0.797,0.784,0.771,0.758,0.745,0.732,0.719,0.706,0.693,0.68,0.667,0.654,0.641,0.628,0.615,0.602,0.589,0.576,0.563,0.55,0.537,0.524,0.511,0.498,0.485,0.472,0.459,0.446,0.433,0.42,0.407,0.394,0.381,0.368,0.355,0.342,0.329,0.316,0.303,0.29,0.277,0.264,0.251,0.238,0.225,0.212,0.199,0.186,0.173,0.16,0.147,0.134,0.121,0.108,0.095,0.082,0.069,0.056,0.043,0.03,0.017,0.004,-0.009,-0.022,-0.035,-0.048,-0.061,-0.074,-0.087],"unit":"V"},"I":{"value":[-0.003488,-0.002715,-0.002228,-0.001743,-0.001377,-0.001053,-0.000756,-0.000433,-0.000132,0.000144,0.000371,0.000576,0.00073,0.000848,0.000951,0.001033,0.001082,0.001095,0.001123,0.001001,0.001017,0.001009,0.001027,0.001045,0.001035,0.001081,0.001083,0.001086,0.001087,0.001122,0.001114,0.00115,0.001166,0.001164,0.001176,0.001187,0.001197,0.001205,0.00122,0.001222,0.001232,0.001232,0.001251,0.00125,0.00125,0.001266,0.001275,0.001285,0.001303,0.001301,0.001305,0.001308,0.001321,0.001316,0.001331,0.001326,0.001343,0.00135,0.001344,0.001345,0.001343,0.001363,0.00135,0.001373,0.001374,0.001375,0.00138,0.001375,0.001387,0.001392,0.001399,0.001397,0.001404,0.001416,0.00142,0.001427,0.001428,0.001428,0.001442,0.001444,0.001453,0.001456,0.001462,0.001465,0.001474,0.001479,0.001481,0.001485,0.001493,0.001497,0.001503,0.00151,0.001513,0.001518,0.001523,0.001527,0.001532,0.001535,0.001541,0.001547],"unit":"A"},"J":{"value":[-0.00031392000000000003,-0.00024435,-0.00020051999999999998,-0.00015686999999999998,-0.00012393,-9.476999999999999e-5,-6.804e-5,-3.897e-5,-1.188e-5,1.296e-5,3.339e-5,5.184e-5,6.57e-5,7.632e-5,8.559e-5,9.297e-5,9.738e-5,9.855e-5,0.00010107,9.008999999999999e-5,9.152999999999999e-5,9.080999999999999e-5,9.243e-5,9.405e-5,9.314999999999999e-5,9.728999999999998e-5,9.747e-5,9.774e-5,9.783e-5,0.00010097999999999999,0.00010025999999999999,0.0001035,0.00010494,0.00010476,0.00010583999999999999,0.00010682999999999999,0.00010772999999999999,0.00010845,0.00010979999999999999,0.00010998,0.00011088,0.00011088,0.00011258999999999999,0.0001125,0.0001125,0.00011394,0.00011475,0.00011564999999999999,0.00011727,0.00011709,0.00011745,0.00011771999999999999,0.00011888999999999998,0.00011843999999999998,0.00011978999999999999,0.00011933999999999999,0.00012087,0.0001215,0.00012096,0.00012105,0.00012087,0.00012267,0.0001215,0.00012357,0.00012366,0.00012375,0.00012419999999999998,0.00012375,0.00012482999999999998,0.00012528,0.00012591,0.00012573,0.00012636,0.00012743999999999999,0.0001278,0.00012843000000000002,0.00012852,0.00012852,0.00012978,0.00012995999999999998,0.00013077,0.00013104,0.00013157999999999998,0.00013184999999999998,0.00013266,0.00013311,0.00013329,0.00013365,0.00013437,0.00013473,0.00013527,0.0001359,0.00013617,0.00013662,0.00013707,0.00013743,0.00013788,0.00013815,0.00013869,0.00013922999999999998],"unit":"A\/cm2"},"voc":{"unit":"V","value":1.09189},"isc":{"unit":"A","value":1.513429},"jsc":{"unit":"mA\/cm2","value":16.815879},"fill_factor":{"unit":"%","value":65.64158},"vmax":{"unit":"V","value":0.966},"efficiency":{"unit":"%","value":12.052508},"monitor_cell_reading":{"unit":"mV","value":0},"monitor_cell_calibration_value":{"unit":"mV","value":0},"test_device_area":{"unit":"cm2","value":0.09},"num_of_series_connected_stacks":{"unit":"","value":1},"sweep_direction":{"unit":"","value":"Reverse"},"device_id":{"unit":"","value":"14-4-r"},"cell_dimension":{"unit":"cm2","value":0.09},"key":"Reverse_IV 14-4"},{"V":{"value":[1.2,1.187,1.174,1.161,1.148,1.135,1.122,1.109,1.096,1.083,1.07,1.057,1.044,1.031,1.018,1.005,0.992,0.979,0.966,0.953,0.94,0.927,0.914,0.901,0.888,0.875,0.862,0.849,0.836,0.823,0.81,0.797,0.784,0.771,0.758,0.745,0.732,0.719,0.706,0.693,0.68,0.667,0.654,0.641,0.628,0.615,0.602,0.589,0.576,0.563,0.55,0.537,0.524,0.511,0.498,0.485,0.472,0.459,0.446,0.433,0.42,0.407,0.394,0.381,0.368,0.355,0.342,0.329,0.316,0.303,0.29,0.277,0.264,0.251,0.238,0.225,0.212,0.199,0.186,0.173,0.16,0.147,0.134,0.121,0.108,0.095,0.082,0.069,0.056,0.043,0.03,0.017,0.004,-0.009,-0.022,-0.035,-0.048,-0.061,-0.074,-0.087],"unit":"V"},"I":{"value":[-0.004867,-0.003797,-0.003011,-0.002333,-0.00174,-0.001228,-0.000836,-0.000448,-9.0e-5,0.000215,0.000463,0.000655,0.000801,0.000912,0.000992,0.00105,0.001079,0.001028,0.001123,0.001124,0.001133,0.001141,0.001159,0.001168,0.001027,0.001009,0.001021,0.001047,0.001042,0.001039,0.001071,0.001084,0.001094,0.0011,0.001131,0.001115,0.001142,0.00114,0.001164,0.001177,0.001173,0.001177,0.0012,0.001192,0.001215,0.001207,0.001213,0.001235,0.001237,0.001232,0.001253,0.001272,0.001265,0.001276,0.001278,0.001282,0.001291,0.001296,0.001311,0.001309,0.001311,0.001326,0.00133,0.001337,0.00134,0.001346,0.001336,0.001354,0.001346,0.001349,0.001354,0.001369,0.001378,0.001384,0.001383,0.001399,0.001404,0.001406,0.001416,0.001421,0.001421,0.001431,0.001434,0.001448,0.001451,0.001457,0.001466,0.00147,0.001476,0.001481,0.001486,0.001493,0.001499,0.001504,0.00151,0.001516,0.001521,0.001527,0.001533,0.001539],"unit":"A"},"J":{"value":[-0.00043802999999999995,-0.00034173,-0.00027099,-0.00020997,-0.00015659999999999998,-0.00011051999999999999,-7.524e-5,-4.032e-5,-8.1e-6,1.935e-5,4.167e-5,5.8949999999999996e-5,7.209e-5,8.208e-5,8.928e-5,9.449999999999999e-5,9.711000000000001e-5,9.252e-5,0.00010107,0.00010116,0.00010196999999999999,0.00010269000000000001,0.00010431000000000001,0.00010512,9.243e-5,9.080999999999999e-5,9.188999999999999e-5,9.423e-5,9.377999999999999e-5,9.350999999999999e-5,9.638999999999999e-5,9.755999999999998e-5,9.845999999999999e-5,9.900000000000001e-5,0.00010179,0.00010035,0.00010278,0.00010259999999999999,0.00010476,0.00010593000000000001,0.00010557,0.00010593000000000001,0.00010799999999999998,0.00010727999999999999,0.00010934999999999999,0.00010863,0.00010917,0.00011114999999999999,0.00011132999999999999,0.00011088,0.00011276999999999999,0.00011447999999999999,0.00011385,0.00011483999999999999,0.00011502,0.00011538,0.00011619,0.00011664,0.00011799,0.00011781,0.00011799,0.00011933999999999999,0.0001197,0.00012033000000000001,0.0001206,0.00012114,0.00012023999999999999,0.00012185999999999999,0.00012114,0.00012140999999999999,0.00012185999999999999,0.00012321,0.00012402,0.00012456,0.00012446999999999998,0.00012591,0.00012636,0.00012654,0.00012743999999999999,0.00012789,0.00012789,0.00012879,0.00012906,0.00013032,0.00013059,0.00013113,0.00013194000000000001,0.0001323,0.00013284,0.00013329,0.00013373999999999998,0.00013437,0.00013491,0.00013535999999999998,0.0001359,0.00013644,0.00013689,0.00013743,0.00013797,0.00013851],"unit":"A\/cm2"},"voc":{"unit":"V","value":1.096096},"isc":{"unit":"A","value":1.49925},"jsc":{"unit":"mA\/cm2","value":16.658335},"fill_factor":{"unit":"%","value":66.036497},"vmax":{"unit":"V","value":0.966},"efficiency":{"unit":"%","value":12.057691},"monitor_cell_reading":{"unit":"mV","value":0},"monitor_cell_calibration_value":{"unit":"mV","value":0},"test_device_area":{"unit":"cm2","value":0.09},"num_of_series_connected_stacks":{"unit":"","value":1},"sweep_direction":{"unit":"","value":"Reverse"},"device_id":{"unit":"","value":"14-3-r"},"cell_dimension":{"unit":"cm2","value":0.09},"key":"Reverse_IV 14-3"},{"V":{"value":[1.2,1.187,1.174,1.161,1.148,1.135,1.122,1.109,1.096,1.083,1.07,1.057,1.044,1.031,1.018,1.005,0.992,0.979,0.966,0.953,0.94,0.927,0.914,0.901,0.888,0.875,0.862,0.849,0.836,0.823,0.81,0.797,0.784,0.771,0.758,0.745,0.732,0.719,0.706,0.693,0.68,0.667,0.654,0.641,0.628,0.615,0.602,0.589,0.576,0.563,0.55,0.537,0.524,0.511,0.498,0.485,0.472,0.459,0.446,0.433,0.42,0.407,0.394,0.381,0.368,0.355,0.342,0.329,0.316,0.303,0.29,0.277,0.264,0.251,0.238,0.225,0.212,0.199,0.186,0.173,0.16,0.147,0.134,0.121,0.108,0.095,0.082,0.069,0.056,0.043,0.03,0.017,0.004,-0.009,-0.022,-0.035,-0.048,-0.061,-0.074,-0.087],"unit":"V"},"I":{"value":[-0.004869,-0.003859,-0.003041,-0.002336,-0.001732,-0.001199,-0.000807,-0.000412,-5.4e-5,0.00025,0.000494,0.000684,0.000826,0.000933,0.001011,0.001057,0.001036,0.001123,0.001028,0.001012,0.001021,0.001037,0.001051,0.001046,0.001069,0.001089,0.001084,0.001124,0.001136,0.001126,0.001151,0.001161,0.001175,0.0012,0.001204,0.001201,0.001226,0.001243,0.001253,0.001253,0.001261,0.001266,0.001273,0.001282,0.001297,0.001292,0.001307,0.001294,0.001307,0.001316,0.00132,0.001333,0.001331,0.001343,0.001348,0.001346,0.00134,0.001359,0.00136,0.001362,0.001367,0.00137,0.001378,0.001374,0.001382,0.001386,0.00139,0.001394,0.001402,0.001404,0.001409,0.001414,0.001422,0.001427,0.001429,0.001433,0.001434,0.00144,0.001444,0.001448,0.001456,0.001463,0.001468,0.001474,0.001478,0.001483,0.001486,0.001492,0.001496,0.001502,0.001507,0.001511,0.001515,0.001521,0.001524,0.00153,0.001535,0.00154,0.001543,0.001549],"unit":"A"},"J":{"value":[-0.00043820999999999997,-0.00034731,-0.00027369,-0.00021024,-0.00015588,-0.00010790999999999999,-7.263e-5,-3.708e-5,-4.86e-6,2.2499999999999998e-5,4.446e-5,6.156e-5,7.434e-5,8.397e-5,9.099e-5,9.512999999999999e-5,9.324e-5,0.00010107,9.252e-5,9.108e-5,9.188999999999999e-5,9.332999999999999e-5,9.459e-5,9.414e-5,9.621e-5,9.800999999999999e-5,9.755999999999998e-5,0.00010116,0.00010224,0.00010134,0.00010358999999999999,0.00010448999999999998,0.00010575,0.00010799999999999998,0.00010836,0.00010809,0.00011034,0.00011187,0.00011276999999999999,0.00011276999999999999,0.00011349,0.00011394,0.00011457,0.00011538,0.00011672999999999999,0.00011627999999999999,0.00011763,0.00011645999999999999,0.00011763,0.00011843999999999998,0.0001188,0.00011996999999999999,0.00011978999999999999,0.00012087,0.00012132,0.00012114,0.0001206,0.00012230999999999999,0.0001224,0.00012257999999999998,0.00012303,0.0001233,0.00012402,0.00012366,0.00012438,0.00012474,0.0001251,0.00012546,0.00012618,0.00012636,0.00012681000000000001,0.00012726,0.00012798,0.00012843000000000002,0.00012860999999999998,0.00012897,0.00012906,0.0001296,0.00012995999999999998,0.00013032,0.00013104,0.00013167000000000002,0.00013211999999999998,0.00013266,0.00013302,0.00013346999999999998,0.00013373999999999998,0.00013428,0.00013464,0.00013518,0.00013563,0.00013599,0.00013635,0.00013689,0.00013716,0.00013769999999999999,0.00013815,0.00013859999999999998,0.00013887,0.00013941],"unit":"A\/cm2"},"voc":{"unit":"V","value":1.098407},"isc":{"unit":"A","value":1.515274},"jsc":{"unit":"mA\/cm2","value":16.836381},"fill_factor":{"unit":"%","value":66.060301},"vmax":{"unit":"V","value":0.979},"efficiency":{"unit":"%","value":12.216661},"monitor_cell_reading":{"unit":"mV","value":0},"monitor_cell_calibration_value":{"unit":"mV","value":0},"test_device_area":{"unit":"cm2","value":0.09},"num_of_series_connected_stacks":{"unit":"","value":1},"sweep_direction":{"unit":"","value":"Reverse"},"device_id":{"unit":"","value":"14-2-r"},"cell_dimension":{"unit":"cm2","value":0.09},"key":"Reverse_IV 14-2"},{"V":{"value":[1.2,1.187,1.174,1.161,1.148,1.135,1.122,1.109,1.096,1.083,1.07,1.057,1.044,1.031,1.018,1.005,0.992,0.979,0.966,0.953,0.94,0.927,0.914,0.901,0.888,0.875,0.862,0.849,0.836,0.823,0.81,0.797,0.784,0.771,0.758,0.745,0.732,0.719,0.706,0.693,0.68,0.667,0.654,0.641,0.628,0.615,0.602,0.589,0.576,0.563,0.55,0.537,0.524,0.511,0.498,0.485,0.472,0.459,0.446,0.433,0.42,0.407,0.394,0.381,0.368,0.355,0.342,0.329,0.316,0.303,0.29,0.277,0.264,0.251,0.238,0.225,0.212,0.199,0.186,0.173,0.16,0.147,0.134,0.121,0.108,0.095,0.082,0.069,0.056,0.043,0.03,0.017,0.004,-0.009,-0.022,-0.035,-0.048,-0.061,-0.074,-0.087],"unit":"V"},"I":{"value":[-0.004598,-0.003679,-0.002976,-0.00234,-0.001756,-0.00123,-0.000811,-0.000401,-2.7e-5,0.000291,0.000555,0.000765,0.000926,0.00105,0.001133,0.001047,0.001062,0.001092,0.001129,0.001131,0.001179,0.0012,0.001189,0.001221,0.001234,0.001261,0.001284,0.001297,0.001313,0.001301,0.001322,0.001323,0.001333,0.001354,0.001383,0.001386,0.001408,0.001418,0.001415,0.001424,0.001416,0.001436,0.001442,0.001451,0.001467,0.001465,0.001467,0.001481,0.001469,0.001491,0.001489,0.001494,0.001485,0.001488,0.001504,0.001509,0.001515,0.001518,0.001519,0.001523,0.001529,0.001538,0.001542,0.001542,0.001536,0.001541,0.001549,0.001554,0.001559,0.001555,0.001569,0.001577,0.001573,0.001579,0.001585,0.001585,0.001592,0.001595,0.0016,0.001606,0.00161,0.001618,0.001624,0.001628,0.001629,0.001634,0.001639,0.001643,0.001646,0.001653,0.001656,0.001659,0.001664,0.001668,0.001672,0.001678,0.001681,0.001685,0.001689,0.001694],"unit":"A"},"J":{"value":[-0.00041381999999999996,-0.00033110999999999997,-0.00026784,-0.0002106,-0.00015804,-0.0001107,-7.298999999999999e-5,-3.6089999999999995e-5,-2.43e-6,2.619e-5,4.995e-5,6.884999999999999e-5,8.334e-5,9.449999999999999e-5,0.00010196999999999999,9.423e-5,9.558e-5,9.828e-5,0.00010161,0.00010179,0.00010610999999999999,0.00010799999999999998,0.00010701,0.00010989,0.00011106,0.00011349,0.00011556,0.00011672999999999999,0.00011816999999999999,0.00011709,0.00011898,0.00011907,0.00011996999999999999,0.00012185999999999999,0.00012446999999999998,0.00012474,0.00012671999999999998,0.00012762,0.00012735,0.00012816,0.00012743999999999999,0.00012924,0.00012978,0.00013059,0.00013203,0.00013184999999999998,0.00013203,0.00013329,0.00013221,0.00013419,0.00013401,0.00013446,0.00013365,0.00013392,0.00013535999999999998,0.00013581,0.00013635,0.00013662,0.00013670999999999998,0.00013707,0.00013761,0.00013842,0.00013878,0.00013878,0.00013824,0.00013869,0.00013941,0.00013986,0.00014031,0.00013995,0.00014121,0.00014193,0.00014157,0.00014211,0.00014265,0.00014265,0.00014328,0.00014355,0.000144,0.00014454,0.0001449,0.00014562,0.00014616,0.00014652,0.00014661,0.00014706,0.00014751,0.00014786999999999998,0.00014813999999999997,0.00014877,0.00014904,0.00014931,0.00014975999999999998,0.00015012,0.00015048,0.00015102,0.00015129,0.00015165,0.00015201,0.00015246],"unit":"A\/cm2"},"voc":{"unit":"V","value":1.099377},"isc":{"unit":"A","value":1.664139},"jsc":{"unit":"mA\/cm2","value":18.490429},"fill_factor":{"unit":"%","value":63.055183},"vmax":{"unit":"V","value":1.018},"efficiency":{"unit":"%","value":12.817832},"monitor_cell_reading":{"unit":"mV","value":0},"monitor_cell_calibration_value":{"unit":"mV","value":0},"test_device_area":{"unit":"cm2","value":0.09},"num_of_series_connected_stacks":{"unit":"","value":1},"sweep_direction":{"unit":"","value":"Reverse"},"device_id":{"unit":"","value":"14-1-r"},"cell_dimension":{"unit":"cm2","value":0.09},"key":"Reverse_IV 14-1"},{"V":{"value":[1.2,1.187,1.174,1.161,1.148,1.135,1.122,1.109,1.096,1.083,1.07,1.057,1.044,1.031,1.018,1.005,0.992,0.979,0.966,0.953,0.94,0.927,0.914,0.901,0.888,0.875,0.862,0.849,0.836,0.823,0.81,0.797,0.784,0.771,0.758,0.745,0.732,0.719,0.706,0.693,0.68,0.667,0.654,0.641,0.628,0.615,0.602,0.589,0.576,0.563,0.55,0.537,0.524,0.511,0.498,0.485,0.472,0.459,0.446,0.433,0.42,0.407,0.394,0.381,0.368,0.355,0.342,0.329,0.316,0.303,0.29,0.277,0.264,0.251,0.238,0.225,0.212,0.199,0.186,0.173,0.16,0.147,0.134,0.121,0.108,0.095,0.082,0.069,0.056,0.043,0.03,0.017,0.004,-0.009,-0.022,-0.035,-0.048,-0.061,-0.074,-0.087],"unit":"V"},"I":{"value":[-0.004275,-0.003465,-0.002805,-0.002286,-0.001785,-0.001298,-0.000967,-0.000615,-0.000281,6.0e-6,0.000247,0.000442,0.000597,0.000715,0.000802,0.00087,0.000918,0.000955,0.000981,0.001003,0.001022,0.001035,0.00105,0.001052,0.001028,0.001066,0.001041,0.001082,0.001082,0.001088,0.001092,0.001007,0.001018,0.001028,0.001037,0.001041,0.001046,0.001064,0.001079,0.001081,0.001086,0.001086,0.001091,0.001111,0.001114,0.001117,0.001123,0.001134,0.001123,0.001135,0.001141,0.001145,0.001148,0.001153,0.001156,0.001164,0.001161,0.001167,0.001171,0.001181,0.001183,0.001181,0.001188,0.001187,0.001198,0.001201,0.001208,0.001214,0.001209,0.001211,0.001222,0.001228,0.001231,0.001238,0.00124,0.001245,0.001253,0.001253,0.001257,0.001266,0.001269,0.001273,0.001278,0.001281,0.001288,0.001293,0.001297,0.001302,0.001307,0.001313,0.001317,0.00132,0.001326,0.001332,0.001337,0.001343,0.001348,0.001353,0.001358,0.001364],"unit":"A"},"J":{"value":[-0.00038475,-0.00031185,-0.00025245,-0.00020573999999999996,-0.00016064999999999997,-0.00011681999999999998,-8.703e-5,-5.535e-5,-2.529e-5,5.4e-7,2.223e-5,3.978e-5,5.3729999999999995e-5,6.435e-5,7.217999999999999e-5,7.829999999999999e-5,8.261999999999999e-5,8.595e-5,8.829000000000001e-5,9.027e-5,9.197999999999998e-5,9.314999999999999e-5,9.449999999999999e-5,9.468e-5,9.252e-5,9.594e-5,9.369e-5,9.738e-5,9.738e-5,9.792e-5,9.828e-5,9.063e-5,9.162e-5,9.252e-5,9.332999999999999e-5,9.369e-5,9.414e-5,9.576e-5,9.711000000000001e-5,9.728999999999998e-5,9.774e-5,9.774e-5,9.819e-5,9.999e-5,0.00010025999999999999,0.00010052999999999999,0.00010107,0.00010206,0.00010107,0.00010214999999999999,0.00010269000000000001,0.00010305,0.00010332,0.00010376999999999999,0.00010403999999999999,0.00010476,0.00010448999999999998,0.00010503,0.00010538999999999999,0.00010629,0.00010647,0.00010629,0.00010692,0.00010682999999999999,0.00010782000000000001,0.00010809,0.00010872,0.00010926,0.00010881,0.00010899,0.00010998,0.00011051999999999999,0.00011079,0.00011141999999999999,0.0001116,0.00011205,0.00011276999999999999,0.00011276999999999999,0.00011313000000000001,0.00011394,0.00011420999999999999,0.00011457,0.00011502,0.00011529,0.00011592,0.00011637,0.00011672999999999999,0.00011718,0.00011763,0.00011816999999999999,0.00011852999999999999,0.0001188,0.00011933999999999999,0.00011988,0.00012033000000000001,0.00012087,0.00012132,0.00012177,0.00012222,0.00012276],"unit":"A\/cm2"},"voc":{"unit":"V","value":1.08863},"isc":{"unit":"A","value":1.325957},"jsc":{"unit":"mA\/cm2","value":14.732853},"fill_factor":{"unit":"%","value":66.5363},"vmax":{"unit":"V","value":0.94},"efficiency":{"unit":"%","value":10.671509},"monitor_cell_reading":{"unit":"mV","value":0},"monitor_cell_calibration_value":{"unit":"mV","value":0},"test_device_area":{"unit":"cm2","value":0.09},"num_of_series_connected_stacks":{"unit":"","value":1},"sweep_direction":{"unit":"","value":"Reverse"},"device_id":{"unit":"","value":"13-5-r"},"cell_dimension":{"unit":"cm2","value":0.09},"key":"Reverse_IV 13-5"},{"V":{"value":[1.2,1.187,1.174,1.161,1.148,1.135,1.122,1.109,1.096,1.083,1.07,1.057,1.044,1.031,1.018,1.005,0.992,0.979,0.966,0.953,0.94,0.927,0.914,0.901,0.888,0.875,0.862,0.849,0.836,0.823,0.81,0.797,0.784,0.771,0.758,0.745,0.732,0.719,0.706,0.693,0.68,0.667,0.654,0.641,0.628,0.615,0.602,0.589,0.576,0.563,0.55,0.537,0.524,0.511,0.498,0.485,0.472,0.459,0.446,0.433,0.42,0.407,0.394,0.381,0.368,0.355,0.342,0.329,0.316,0.303,0.29,0.277,0.264,0.251,0.238,0.225,0.212,0.199,0.186,0.173,0.16,0.147,0.134,0.121,0.108,0.095,0.082,0.069,0.056,0.043,0.03,0.017,0.004,-0.009,-0.022,-0.035,-0.048,-0.061,-0.074,-0.087],"unit":"V"},"I":{"value":[-0.004506,-0.003491,-0.002922,-0.002329,-0.001774,-0.001329,-0.000965,-0.000616,-0.000287,-1.2e-5,0.000219,0.000404,0.000547,0.000654,0.000734,0.000793,0.000837,0.00087,0.000896,0.000915,0.00093,0.000944,0.000957,0.000968,0.000976,0.000986,0.000994,0.001005,0.001014,0.001023,0.001032,0.001041,0.00105,0.001051,0.001031,0.00106,0.001001,0.001006,0.00101,0.001021,0.001025,0.001034,0.001026,0.001045,0.001051,0.001059,0.001057,0.001053,0.001064,0.001072,0.001079,0.001085,0.00108,0.001086,0.00109,0.001094,0.001096,0.001099,0.001103,0.001108,0.001106,0.001111,0.001119,0.001121,0.001129,0.001133,0.001136,0.001145,0.001141,0.001149,0.001154,0.001155,0.001163,0.001172,0.001174,0.001179,0.001183,0.001187,0.001193,0.001199,0.0012,0.001209,0.001213,0.001219,0.001222,0.001228,0.001233,0.00124,0.001245,0.001249,0.001254,0.001261,0.001267,0.001273,0.00128,0.001283,0.00129,0.001295,0.001302,0.001308],"unit":"A"},"J":{"value":[-0.00040553999999999997,-0.00031419,-0.00026298,-0.00020961,-0.00015966,-0.00011961,-8.685e-5,-5.544e-5,-2.583e-5,-1.08e-6,1.971e-5,3.636e-5,4.9229999999999995e-5,5.8859999999999995e-5,6.605999999999999e-5,7.136999999999999e-5,7.533e-5,7.829999999999999e-5,8.064e-5,8.235e-5,8.37e-5,8.496e-5,8.612999999999999e-5,8.711999999999999e-5,8.784e-5,8.874e-5,8.946e-5,9.045e-5,9.125999999999999e-5,9.207e-5,9.287999999999999e-5,9.369e-5,9.449999999999999e-5,9.459e-5,9.279e-5,9.539999999999999e-5,9.008999999999999e-5,9.054e-5,9.09e-5,9.188999999999999e-5,9.225e-5,9.306e-5,9.234e-5,9.405e-5,9.459e-5,9.531e-5,9.512999999999999e-5,9.476999999999999e-5,9.576e-5,9.648e-5,9.711000000000001e-5,9.765e-5,9.719999999999999e-5,9.774e-5,9.81e-5,9.845999999999999e-5,9.863999999999999e-5,9.890999999999999e-5,9.927e-5,9.972e-5,9.954e-5,9.999e-5,0.00010070999999999999,0.00010089,0.00010161,0.00010196999999999999,0.00010224,0.00010305,0.00010269000000000001,0.00010341,0.00010386,0.00010394999999999999,0.00010467,0.00010548,0.00010565999999999999,0.00010610999999999999,0.00010647,0.00010682999999999999,0.00010737,0.00010790999999999999,0.00010799999999999998,0.00010881,0.00010917,0.00010971,0.00010998,0.00011051999999999999,0.00011096999999999999,0.0001116,0.00011205,0.00011240999999999999,0.00011285999999999999,0.00011349,0.00011402999999999999,0.00011457,0.00011520000000000001,0.00011547,0.00011609999999999999,0.00011654999999999999,0.00011718,0.00011771999999999999],"unit":"A\/cm2"},"voc":{"unit":"V","value":1.087791},"isc":{"unit":"A","value":1.267179},"jsc":{"unit":"mA\/cm2","value":14.079763},"fill_factor":{"unit":"%","value":63.505739},"vmax":{"unit":"V","value":0.927},"efficiency":{"unit":"%","value":9.726439},"monitor_cell_reading":{"unit":"mV","value":0},"monitor_cell_calibration_value":{"unit":"mV","value":0},"test_device_area":{"unit":"cm2","value":0.09},"num_of_series_connected_stacks":{"unit":"","value":1},"sweep_direction":{"unit":"","value":"Reverse"},"device_id":{"unit":"","value":"13-4-r"},"cell_dimension":{"unit":"cm2","value":0.09},"key":"Reverse_IV 13-4"},{"V":{"value":[1.2,1.187,1.174,1.161,1.148,1.135,1.122,1.109,1.096,1.083,1.07,1.057,1.044,1.031,1.018,1.005,0.992,0.979,0.966,0.953,0.94,0.927,0.914,0.901,0.888,0.875,0.862,0.849,0.836,0.823,0.81,0.797,0.784,0.771,0.758,0.745,0.732,0.719,0.706,0.693,0.68,0.667,0.654,0.641,0.628,0.615,0.602,0.589,0.576,0.563,0.55,0.537,0.524,0.511,0.498,0.485,0.472,0.459,0.446,0.433,0.42,0.407,0.394,0.381,0.368,0.355,0.342,0.329,0.316,0.303,0.29,0.277,0.264,0.251,0.238,0.225,0.212,0.199,0.186,0.173,0.16,0.147,0.134,0.121,0.108,0.095,0.082,0.069,0.056,0.043,0.03,0.017,0.004,-0.009,-0.022,-0.035,-0.048,-0.061,-0.074,-0.087],"unit":"V"},"I":{"value":[-0.00516,-0.004087,-0.003217,-0.002476,-0.001863,-0.001323,-0.000996,-0.000626,-0.000277,1.9e-5,0.000258,0.000446,0.000586,0.00069,0.000766,0.000821,0.00086,0.000891,0.000915,0.000933,0.000946,0.000958,0.000969,0.000977,0.000988,0.000998,0.001006,0.001016,0.001024,0.001033,0.001044,0.001047,0.001018,0.001056,0.001029,0.00107,0.001067,0.00107,0.001072,0.001077,0.001009,0.001083,0.00102,0.001094,0.00102,0.001005,0.001018,0.001026,0.001034,0.001039,0.001043,0.001048,0.001061,0.001058,0.001055,0.001068,0.001068,0.001078,0.001075,0.001088,0.001089,0.001098,0.001104,0.001099,0.001117,0.001124,0.001126,0.001129,0.001133,0.001146,0.001141,0.001156,0.001159,0.001161,0.001171,0.001179,0.001179,0.001188,0.001199,0.001205,0.001211,0.001217,0.001225,0.001226,0.001235,0.001241,0.00125,0.001258,0.001264,0.001269,0.001277,0.001282,0.001289,0.001295,0.001303,0.001308,0.001316,0.001323,0.001332,0.001336],"unit":"A"},"J":{"value":[-0.00046439999999999996,-0.00036783000000000003,-0.00028953,-0.00022283999999999997,-0.00016767,-0.00011907,-8.963999999999999e-5,-5.634e-5,-2.493e-5,1.71e-6,2.3219999999999998e-5,4.014e-5,5.274e-5,6.209999999999999e-5,6.894e-5,7.389e-5,7.74e-5,8.018999999999999e-5,8.235e-5,8.397e-5,8.514e-5,8.622e-5,8.721e-5,8.793e-5,8.892e-5,8.981999999999999e-5,9.054e-5,9.143999999999999e-5,9.216e-5,9.297e-5,9.396e-5,9.423e-5,9.162e-5,9.504e-5,9.261e-5,9.63e-5,9.603e-5,9.63e-5,9.648e-5,9.693e-5,9.080999999999999e-5,9.747e-5,9.180000000000001e-5,9.845999999999999e-5,9.180000000000001e-5,9.045e-5,9.162e-5,9.234e-5,9.306e-5,9.350999999999999e-5,9.387000000000001e-5,9.432e-5,9.549000000000001e-5,9.521999999999999e-5,9.494999999999999e-5,9.612e-5,9.612e-5,9.701999999999999e-5,9.675e-5,9.792e-5,9.800999999999999e-5,9.881999999999999e-5,9.936e-5,9.890999999999999e-5,0.00010052999999999999,0.00010116,0.00010134,0.00010161,0.00010196999999999999,0.00010314,0.00010269000000000001,0.00010403999999999999,0.00010431000000000001,0.00010448999999999998,0.00010538999999999999,0.00010610999999999999,0.00010610999999999999,0.00010692,0.00010790999999999999,0.00010845,0.00010899,0.00010952999999999999,0.00011025,0.00011034,0.00011114999999999999,0.00011168999999999998,0.0001125,0.00011321999999999999,0.00011376,0.00011420999999999999,0.00011492999999999999,0.00011538,0.00011601,0.00011654999999999999,0.00011727,0.00011771999999999999,0.00011843999999999998,0.00011907,0.00011988,0.00012023999999999999],"unit":"A\/cm2"},"voc":{"unit":"V","value":1.090844},"isc":{"unit":"A","value":1.289215},"jsc":{"unit":"mA\/cm2","value":14.324614},"fill_factor":{"unit":"%","value":63.226272},"vmax":{"unit":"V","value":0.953},"efficiency":{"unit":"%","value":9.879683},"monitor_cell_reading":{"unit":"mV","value":0},"monitor_cell_calibration_value":{"unit":"mV","value":0},"test_device_area":{"unit":"cm2","value":0.09},"num_of_series_connected_stacks":{"unit":"","value":1},"sweep_direction":{"unit":"","value":"Reverse"},"device_id":{"unit":"","value":"13-3-r"},"cell_dimension":{"unit":"cm2","value":0.09},"key":"Reverse_IV 13-3"},{"V":{"value":[1.2,1.187,1.174,1.161,1.148,1.135,1.122,1.109,1.096,1.083,1.07,1.057,1.044,1.031,1.018,1.005,0.992,0.979,0.966,0.953,0.94,0.927,0.914,0.901,0.888,0.875,0.862,0.849,0.836,0.823,0.81,0.797,0.784,0.771,0.758,0.745,0.732,0.719,0.706,0.693,0.68,0.667,0.654,0.641,0.628,0.615,0.602,0.589,0.576,0.563,0.55,0.537,0.524,0.511,0.498,0.485,0.472,0.459,0.446,0.433,0.42,0.407,0.394,0.381,0.368,0.355,0.342,0.329,0.316,0.303,0.29,0.277,0.264,0.251,0.238,0.225,0.212,0.199,0.186,0.173,0.16,0.147,0.134,0.121,0.108,0.095,0.082,0.069,0.056,0.043,0.03,0.017,0.004,-0.009,-0.022,-0.035,-0.048,-0.061,-0.074,-0.087],"unit":"V"},"I":{"value":[-0.005595,-0.004268,-0.003548,-0.002814,-0.002185,-0.001551,-0.001048,-0.000694,-0.000342,-1.8e-5,0.000253,0.000467,0.000632,0.000754,0.000845,0.000909,0.000957,0.000991,0.001017,0.001039,0.001045,0.000999,0.001063,0.00102,0.001082,0.001078,0.001084,0.001094,0.001097,0.001109,0.001009,0.001018,0.001023,0.001036,0.001025,0.001055,0.001047,0.001064,0.001086,0.001079,0.0011,0.001103,0.001096,0.001107,0.00113,0.001129,0.001131,0.001147,0.001132,0.001149,0.001152,0.001169,0.001164,0.001167,0.001174,0.001186,0.001174,0.001185,0.00119,0.001197,0.001201,0.001207,0.001204,0.001217,0.001221,0.001225,0.001232,0.001228,0.001245,0.001248,0.001253,0.001259,0.001268,0.001264,0.001276,0.00128,0.001288,0.001293,0.001303,0.001305,0.001311,0.001316,0.001322,0.00133,0.001334,0.001342,0.001346,0.001353,0.001358,0.001364,0.001371,0.001377,0.001384,0.001389,0.001395,0.001401,0.001407,0.001411,0.001418,0.001424],"unit":"A"},"J":{"value":[-0.00050355,-0.00038412,-0.00031932,-0.00025326,-0.00019664999999999998,-0.00013959,-9.432e-5,-6.246e-5,-3.078e-5,-1.62e-6,2.277e-5,4.203e-5,5.688e-5,6.786e-5,7.605e-5,8.180999999999999e-5,8.612999999999999e-5,8.918999999999999e-5,9.152999999999999e-5,9.350999999999999e-5,9.405e-5,8.991000000000001e-5,9.566999999999998e-5,9.180000000000001e-5,9.738e-5,9.701999999999999e-5,9.755999999999998e-5,9.845999999999999e-5,9.873000000000001e-5,9.981e-5,9.080999999999999e-5,9.162e-5,9.207e-5,9.324e-5,9.225e-5,9.494999999999999e-5,9.423e-5,9.576e-5,9.774e-5,9.711000000000001e-5,9.900000000000001e-5,9.927e-5,9.863999999999999e-5,9.962999999999999e-5,0.00010169999999999999,0.00010161,0.00010179,0.00010323,0.00010188,0.00010341,0.00010368,0.00010520999999999999,0.00010476,0.00010503,0.00010565999999999999,0.00010674,0.00010565999999999999,0.00010665,0.0001071,0.00010772999999999999,0.00010809,0.00010863,0.00010836,0.00010952999999999999,0.00010989,0.00011025,0.00011088,0.00011051999999999999,0.00011205,0.00011232,0.00011276999999999999,0.00011330999999999998,0.00011412,0.00011376,0.00011483999999999999,0.00011520000000000001,0.00011592,0.00011637,0.00011727,0.00011745,0.00011799,0.00011843999999999998,0.00011898,0.0001197,0.00012005999999999999,0.00012078,0.00012114,0.00012177,0.00012222,0.00012276,0.00012339,0.00012393,0.00012456,0.00012501,0.00012555,0.00012608999999999998,0.00012663,0.00012699,0.00012762,0.00012816],"unit":"A\/cm2"},"voc":{"unit":"V","value":1.087715},"isc":{"unit":"A","value":1.383586},"jsc":{"unit":"mA\/cm2","value":15.373177},"fill_factor":{"unit":"%","value":65.778304},"vmax":{"unit":"V","value":0.953},"efficiency":{"unit":"%","value":10.999206},"monitor_cell_reading":{"unit":"mV","value":0},"monitor_cell_calibration_value":{"unit":"mV","value":0},"test_device_area":{"unit":"cm2","value":0.09},"num_of_series_connected_stacks":{"unit":"","value":1},"sweep_direction":{"unit":"","value":"Reverse"},"device_id":{"unit":"","value":"13-2-r"},"cell_dimension":{"unit":"cm2","value":0.09},"key":"Reverse_IV 13-2"},{"V":{"value":[1.2,1.187,1.174,1.161,1.148,1.135,1.122,1.109,1.096,1.083,1.07,1.057,1.044,1.031,1.018,1.005,0.992,0.979,0.966,0.953,0.94,0.927,0.914,0.901,0.888,0.875,0.862,0.849,0.836,0.823,0.81,0.797,0.784,0.771,0.758,0.745,0.732,0.719,0.706,0.693,0.68,0.667,0.654,0.641,0.628,0.615,0.602,0.589,0.576,0.563,0.55,0.537,0.524,0.511,0.498,0.485,0.472,0.459,0.446,0.433,0.42,0.407,0.394,0.381,0.368,0.355,0.342,0.329,0.316,0.303,0.29,0.277,0.264,0.251,0.238,0.225,0.212,0.199,0.186,0.173,0.16,0.147,0.134,0.121,0.108,0.095,0.082,0.069,0.056,0.043,0.03,0.017,0.004,-0.009,-0.022,-0.035,-0.048,-0.061,-0.074,-0.087],"unit":"V"},"I":{"value":[-0.005031,-0.004198,-0.003491,-0.002905,-0.002283,-0.001735,-0.001257,-0.00082,-0.000408,-4.3e-5,0.000268,0.00053,0.000744,0.000913,0.001046,0.001142,0.001079,0.001089,0.001137,0.001176,0.001193,0.001218,0.001245,0.001276,0.001293,0.001313,0.001315,0.001312,0.001346,0.00136,0.001365,0.001376,0.001387,0.001384,0.001404,0.001425,0.001426,0.001434,0.001443,0.001445,0.001456,0.001462,0.00147,0.001464,0.001478,0.001485,0.00149,0.001493,0.001499,0.001495,0.001506,0.00151,0.001521,0.001517,0.001526,0.001532,0.001529,0.001533,0.001539,0.001542,0.001552,0.001545,0.001554,0.001558,0.001558,0.001558,0.001569,0.00157,0.001574,0.001571,0.001578,0.001587,0.001587,0.001594,0.001595,0.001596,0.001604,0.001604,0.001611,0.001612,0.001615,0.001621,0.001622,0.001629,0.001632,0.001634,0.001638,0.001642,0.001646,0.001648,0.001653,0.001656,0.00166,0.001663,0.001667,0.001669,0.001674,0.001676,0.001681,0.001683],"unit":"A"},"J":{"value":[-0.00045278999999999995,-0.00037782,-0.00031419,-0.00026145,-0.00020546999999999997,-0.00015615,-0.00011313000000000001,-7.379999999999999e-5,-3.672e-5,-3.87e-6,2.412e-5,4.7699999999999994e-5,6.696e-5,8.217e-5,9.414e-5,0.00010278,9.711000000000001e-5,9.800999999999999e-5,0.00010232999999999999,0.00010583999999999999,0.00010737,0.00010961999999999998,0.00011205,0.00011483999999999999,0.00011637,0.00011816999999999999,0.00011834999999999999,0.00011808,0.00012114,0.0001224,0.00012284999999999998,0.00012384,0.00012482999999999998,0.00012456,0.00012636,0.00012825,0.00012833999999999998,0.00012906,0.00012987,0.00013005000000000002,0.00013104,0.00013157999999999998,0.0001323,0.00013176,0.00013302,0.00013365,0.0001341,0.00013437,0.00013491,0.00013455,0.00013554,0.0001359,0.00013689,0.00013653,0.00013733999999999998,0.00013788,0.00013761,0.00013797,0.00013851,0.00013878,0.00013968,0.00013905,0.00013986,0.00014021999999999998,0.00014021999999999998,0.00014021999999999998,0.00014121,0.0001413,0.00014166,0.00014139,0.00014202,0.00014283,0.00014283,0.00014345999999999999,0.00014355,0.00014364,0.00014435999999999998,0.00014435999999999998,0.00014499,0.00014508,0.00014534999999999998,0.00014589,0.00014597999999999998,0.00014661,0.00014688,0.00014706,0.00014742,0.00014778,0.00014813999999999997,0.00014832,0.00014877,0.00014904,0.0001494,0.00014967,0.00015003,0.00015021,0.00015066,0.00015083999999999999,0.00015129,0.00015146999999999998],"unit":"A\/cm2"},"voc":{"unit":"V","value":1.084985},"isc":{"unit":"A","value":1.659589},"jsc":{"unit":"mA\/cm2","value":18.439882},"fill_factor":{"unit":"%","value":63.82455},"vmax":{"unit":"V","value":0.901},"efficiency":{"unit":"%","value":12.769379},"monitor_cell_reading":{"unit":"mV","value":0},"monitor_cell_calibration_value":{"unit":"mV","value":0},"test_device_area":{"unit":"cm2","value":0.09},"num_of_series_connected_stacks":{"unit":"","value":1},"sweep_direction":{"unit":"","value":"Reverse"},"device_id":{"unit":"","value":"13-1-r"},"cell_dimension":{"unit":"cm2","value":0.09},"key":"Reverse_IV 13-1"},{"V":{"value":[-0.1,-0.087,-0.074,-0.061,-0.048,-0.035,-0.022,-0.009,0.004,0.017,0.03,0.043,0.056,0.069,0.082,0.095,0.108,0.121,0.134,0.147,0.16,0.173,0.186,0.199,0.212,0.225,0.238,0.251,0.264,0.277,0.29,0.303,0.316,0.329,0.342,0.355,0.368,0.381,0.394,0.407,0.42,0.433,0.446,0.459,0.472,0.485,0.498,0.511,0.524,0.537,0.55,0.563,0.576,0.589,0.602,0.615,0.628,0.641,0.654,0.667,0.68,0.693,0.706,0.719,0.732,0.745,0.758,0.771,0.784,0.797,0.81,0.823,0.836,0.849,0.862,0.875,0.888,0.901,0.914,0.927,0.94,0.953,0.966,0.979,0.992,1.005,1.018,1.031,1.044,1.057,1.07,1.083,1.096,1.109,1.122,1.135,1.148,1.161,1.174,1.187],"unit":"V"},"I":{"value":[0.002044,0.001881,0.001788,0.00173,0.001689,0.001657,0.001631,0.00161,0.001591,0.001575,0.001562,0.00155,0.00154,0.001531,0.001519,0.001513,0.001504,0.001496,0.001488,0.001483,0.001475,0.001468,0.001463,0.001453,0.00145,0.001446,0.001441,0.001437,0.001434,0.001422,0.001417,0.001412,0.001416,0.001407,0.0014,0.001399,0.001391,0.001386,0.001383,0.001371,0.00136,0.001362,0.001361,0.001361,0.001351,0.001344,0.00134,0.001335,0.001323,0.001322,0.001325,0.001305,0.001303,0.0013,0.001286,0.001285,0.001272,0.001272,0.001266,0.001245,0.001248,0.001227,0.001225,0.001225,0.001215,0.001204,0.00119,0.001167,0.001163,0.001159,0.001143,0.001117,0.001115,0.001113,0.001101,0.001093,0.001071,0.001037,0.001046,0.001021,0.001007,0.001134,0.001128,0.001102,0.001016,0.000983,0.000907,0.000804,0.00067,0.000499,0.000286,3.3e-5,-0.000272,-0.000631,-0.001034,-0.001487,-0.001901,-0.002366,-0.002902,-0.003493],"unit":"A"},"J":{"value":[0.00018395999999999997,0.00016929,0.00016092,0.0001557,0.00015201,0.00014913,0.00014679,0.0001449,0.00014319,0.00014175,0.00014057999999999999,0.0001395,0.00013859999999999998,0.00013779,0.00013670999999999998,0.00013617,0.00013535999999999998,0.00013464,0.00013392,0.00013346999999999998,0.00013275,0.00013211999999999998,0.00013167000000000002,0.00013077,0.00013049999999999997,0.00013014,0.00012969,0.00012932999999999998,0.00012906,0.00012798,0.00012753,0.00012708,0.00012743999999999999,0.00012663,0.000126,0.00012591,0.00012519,0.00012474,0.00012446999999999998,0.00012339,0.0001224,0.00012257999999999998,0.00012249,0.00012249,0.00012158999999999999,0.00012096,0.0001206,0.00012014999999999999,0.00011907,0.00011898,0.00011925,0.00011745,0.00011727,0.00011699999999999998,0.00011574,0.00011564999999999999,0.00011447999999999999,0.00011447999999999999,0.00011394,0.00011205,0.00011232,0.00011043,0.00011025,0.00011025,0.00010934999999999999,0.00010836,0.0001071,0.00010503,0.00010467,0.00010431000000000001,0.00010286999999999998,0.00010052999999999999,0.00010035,0.00010017,9.908999999999999e-5,9.837e-5,9.638999999999999e-5,9.332999999999999e-5,9.414e-5,9.188999999999999e-5,9.063e-5,0.00010206,0.00010152,9.917999999999998e-5,9.143999999999999e-5,8.846999999999998e-5,8.163e-5,7.236e-5,6.03e-5,4.4909999999999995e-5,2.574e-5,2.97e-6,-2.448e-5,-5.6790000000000003e-5,-9.306e-5,-0.00013383,-0.00017109,-0.00021294,-0.00026118,-0.00031437],"unit":"A\/cm2"},"voc":{"unit":"V","value":1.086992},"isc":{"unit":"A","value":1.590944},"jsc":{"unit":"mA\/cm2","value":17.677153},"fill_factor":{"unit":"%","value":63.012143},"vmax":{"unit":"V","value":0.966},"efficiency":{"unit":"%","value":12.107738},"monitor_cell_reading":{"unit":"mV","value":0},"monitor_cell_calibration_value":{"unit":"mV","value":0},"test_device_area":{"unit":"cm2","value":0.09},"num_of_series_connected_stacks":{"unit":"","value":1},"sweep_direction":{"unit":"","value":"Forward"},"device_id":{"unit":"","value":"14-5-f"},"cell_dimension":{"unit":"cm2","value":0.09},"key":"Forward_IV 14-5"},{"V":{"value":[-0.1,-0.087,-0.074,-0.061,-0.048,-0.035,-0.022,-0.009,0.004,0.017,0.03,0.043,0.056,0.069,0.082,0.095,0.108,0.121,0.134,0.147,0.16,0.173,0.186,0.199,0.212,0.225,0.238,0.251,0.264,0.277,0.29,0.303,0.316,0.329,0.342,0.355,0.368,0.381,0.394,0.407,0.42,0.433,0.446,0.459,0.472,0.485,0.498,0.511,0.524,0.537,0.55,0.563,0.576,0.589,0.602,0.615,0.628,0.641,0.654,0.667,0.68,0.693,0.706,0.719,0.732,0.745,0.758,0.771,0.784,0.797,0.81,0.823,0.836,0.849,0.862,0.875,0.888,0.901,0.914,0.927,0.94,0.953,0.966,0.979,0.992,1.005,1.018,1.031,1.044,1.057,1.07,1.083,1.096,1.109,1.122,1.135,1.148,1.161,1.174,1.187],"unit":"V"},"I":{"value":[0.002083,0.001916,0.001806,0.001729,0.001677,0.001637,0.001602,0.001571,0.001546,0.001526,0.001508,0.001492,0.001477,0.001465,0.001455,0.001443,0.001434,0.001422,0.001416,0.001406,0.001397,0.001384,0.001376,0.001367,0.001359,0.001356,0.001353,0.00134,0.00133,0.001326,0.001327,0.00131,0.001307,0.001302,0.001295,0.001295,0.001285,0.001284,0.001275,0.001269,0.001262,0.001248,0.001249,0.001249,0.001239,0.001235,0.001229,0.001212,0.001216,0.001217,0.0012,0.001203,0.001191,0.001188,0.001181,0.001178,0.001169,0.00117,0.001144,0.001131,0.001135,0.001124,0.00111,0.001089,0.001097,0.001078,0.001051,0.001057,0.001037,0.001037,0.00103,0.001018,0.001147,0.001009,0.001146,0.00115,0.001145,0.001141,0.001132,0.001123,0.001112,0.001091,0.00101,0.00101,0.000976,0.000924,0.000854,0.00076,0.00064,0.000485,0.000295,6.8e-5,-0.000208,-0.000534,-0.000906,-0.001341,-0.001652,-0.002129,-0.002634,-0.003164],"unit":"A"},"J":{"value":[0.00018747000000000002,0.00017244,0.00016254,0.00015561,0.00015093,0.00014733,0.00014418,0.00014139,0.00013914,0.00013733999999999998,0.00013572,0.00013428,0.00013293,0.00013184999999999998,0.00013094999999999998,0.00012987,0.00012906,0.00012798,0.00012743999999999999,0.00012654,0.00012573,0.00012456,0.00012384,0.00012303,0.00012230999999999999,0.00012203999999999999,0.00012177,0.0001206,0.0001197,0.00011933999999999999,0.00011943,0.00011789999999999999,0.00011763,0.00011718,0.00011654999999999999,0.00011654999999999999,0.00011564999999999999,0.00011556,0.00011475,0.00011420999999999999,0.00011358000000000001,0.00011232,0.00011240999999999999,0.00011240999999999999,0.00011151000000000001,0.00011114999999999999,0.00011061,0.00010907999999999999,0.00010944,0.00010952999999999999,0.00010799999999999998,0.00010827,0.00010719,0.00010692,0.00010629,0.00010601999999999999,0.00010520999999999999,0.0001053,0.00010296,0.00010179,0.00010214999999999999,0.00010116,9.99e-5,9.800999999999999e-5,9.873000000000001e-5,9.701999999999999e-5,9.459e-5,9.512999999999999e-5,9.332999999999999e-5,9.332999999999999e-5,9.27e-5,9.162e-5,0.00010323,9.080999999999999e-5,0.00010314,0.0001035,0.00010305,0.00010269000000000001,0.00010188,0.00010107,0.00010007999999999999,9.819e-5,9.09e-5,9.09e-5,8.784e-5,8.316e-5,7.686e-5,6.84e-5,5.7600000000000004e-5,4.3650000000000004e-5,2.655e-5,6.12e-6,-1.8719999999999997e-5,-4.806e-5,-8.154e-5,-0.00012069,-0.00014868,-0.00019160999999999996,-0.00023705999999999998,-0.00028476],"unit":"A\/cm2"},"voc":{"unit":"V","value":1.08859},"isc":{"unit":"A","value":1.546371},"jsc":{"unit":"mA\/cm2","value":17.181902},"fill_factor":{"unit":"%","value":62.101801},"vmax":{"unit":"V","value":0.94},"efficiency":{"unit":"%","value":11.615548},"monitor_cell_reading":{"unit":"mV","value":0},"monitor_cell_calibration_value":{"unit":"mV","value":0},"test_device_area":{"unit":"cm2","value":0.09},"num_of_series_connected_stacks":{"unit":"","value":1},"sweep_direction":{"unit":"","value":"Forward"},"device_id":{"unit":"","value":"14-4-f"},"cell_dimension":{"unit":"cm2","value":0.09},"key":"Forward_IV 14-4"},{"V":{"value":[-0.1,-0.087,-0.074,-0.061,-0.048,-0.035,-0.022,-0.009,0.004,0.017,0.03,0.043,0.056,0.069,0.082,0.095,0.108,0.121,0.134,0.147,0.16,0.173,0.186,0.199,0.212,0.225,0.238,0.251,0.264,0.277,0.29,0.303,0.316,0.329,0.342,0.355,0.368,0.381,0.394,0.407,0.42,0.433,0.446,0.459,0.472,0.485,0.498,0.511,0.524,0.537,0.55,0.563,0.576,0.589,0.602,0.615,0.628,0.641,0.654,0.667,0.68,0.693,0.706,0.719,0.732,0.745,0.758,0.771,0.784,0.797,0.81,0.823,0.836,0.849,0.862,0.875,0.888,0.901,0.914,0.927,0.94,0.953,0.966,0.979,0.992,1.005,1.018,1.031,1.044,1.057,1.07,1.083,1.096,1.109,1.122,1.135,1.148,1.161,1.174,1.187],"unit":"V"},"I":{"value":[0.002114,0.001964,0.001835,0.001755,0.001695,0.001647,0.001605,0.001573,0.001546,0.00152,0.0015,0.001481,0.001464,0.001446,0.001434,0.001422,0.001407,0.001396,0.001388,0.001372,0.001367,0.001352,0.00135,0.001339,0.001324,0.001319,0.001311,0.001302,0.001295,0.001286,0.001279,0.001266,0.001265,0.001261,0.001251,0.001249,0.001242,0.001227,0.001224,0.001224,0.001201,0.001197,0.001187,0.001188,0.001174,0.001173,0.001179,0.001156,0.001145,0.00115,0.001145,0.001142,0.001143,0.001128,0.001111,0.001098,0.001102,0.001097,0.00108,0.001089,0.001074,0.001058,0.001063,0.001045,0.001032,0.001025,0.001017,0.001143,0.001028,0.001143,0.001021,0.001136,0.00114,0.001133,0.001133,0.001124,0.001119,0.001111,0.001101,0.001028,0.00108,0.000982,0.001001,0.000986,0.000953,0.000909,0.000851,0.000772,0.000668,0.000531,0.00035,0.000116,-0.000178,-0.00054,-0.000975,-0.001505,-0.001899,-0.002459,-0.003109,-0.00386],"unit":"A"},"J":{"value":[0.00019025999999999998,0.00017676,0.00016515,0.00015795,0.00015255,0.00014823,0.00014445000000000001,0.00014157,0.00013914,0.0001368,0.000135,0.00013329,0.00013176,0.00013014,0.00012906,0.00012798,0.00012663,0.00012564,0.00012492,0.00012348,0.00012303,0.00012167999999999999,0.0001215,0.00012050999999999998,0.00011916,0.00011871000000000001,0.00011799,0.00011718,0.00011654999999999999,0.00011574,0.00011510999999999999,0.00011394,0.00011385,0.00011349,0.00011258999999999999,0.00011240999999999999,0.00011178,0.00011043,0.00011016,0.00011016,0.00010809,0.00010772999999999999,0.00010682999999999999,0.00010692,0.00010565999999999999,0.00010557,0.00010610999999999999,0.00010403999999999999,0.00010305,0.0001035,0.00010305,0.00010278,0.00010286999999999998,0.00010152,9.999e-5,9.881999999999999e-5,9.917999999999998e-5,9.873000000000001e-5,9.719999999999999e-5,9.800999999999999e-5,9.666e-5,9.521999999999999e-5,9.566999999999998e-5,9.405e-5,9.287999999999999e-5,9.225e-5,9.152999999999999e-5,0.00010286999999999998,9.252e-5,0.00010286999999999998,9.188999999999999e-5,0.00010224,0.00010259999999999999,0.00010196999999999999,0.00010196999999999999,0.00010116,0.00010070999999999999,9.999e-5,9.908999999999999e-5,9.252e-5,9.719999999999999e-5,8.838e-5,9.008999999999999e-5,8.874e-5,8.576999999999999e-5,8.180999999999999e-5,7.659e-5,6.947999999999999e-5,6.0119999999999994e-5,4.779e-5,3.15e-5,1.044e-5,-1.602e-5,-4.8599999999999995e-5,-8.774999999999999e-5,-0.00013544999999999999,-0.00017091,-0.00022130999999999998,-0.00027980999999999997,-0.0003474],"unit":"A\/cm2"},"voc":{"unit":"V","value":1.090632},"isc":{"unit":"A","value":1.546193},"jsc":{"unit":"mA\/cm2","value":17.17992},"fill_factor":{"unit":"%","value":60.215155},"vmax":{"unit":"V","value":0.94},"efficiency":{"unit":"%","value":11.282493},"monitor_cell_reading":{"unit":"mV","value":0},"monitor_cell_calibration_value":{"unit":"mV","value":0},"test_device_area":{"unit":"cm2","value":0.09},"num_of_series_connected_stacks":{"unit":"","value":1},"sweep_direction":{"unit":"","value":"Forward"},"device_id":{"unit":"","value":"14-3-f"},"cell_dimension":{"unit":"cm2","value":0.09},"key":"Forward_IV 14-3"},{"V":{"value":[-0.1,-0.087,-0.074,-0.061,-0.048,-0.035,-0.022,-0.009,0.004,0.017,0.03,0.043,0.056,0.069,0.082,0.095,0.108,0.121,0.134,0.147,0.16,0.173,0.186,0.199,0.212,0.225,0.238,0.251,0.264,0.277,0.29,0.303,0.316,0.329,0.342,0.355,0.368,0.381,0.394,0.407,0.42,0.433,0.446,0.459,0.472,0.485,0.498,0.511,0.524,0.537,0.55,0.563,0.576,0.589,0.602,0.615,0.628,0.641,0.654,0.667,0.68,0.693,0.706,0.719,0.732,0.745,0.758,0.771,0.784,0.797,0.81,0.823,0.836,0.849,0.862,0.875,0.888,0.901,0.914,0.927,0.94,0.953,0.966,0.979,0.992,1.005,1.018,1.031,1.044,1.057,1.07,1.083,1.096,1.109,1.122,1.135,1.148,1.161,1.174,1.187],"unit":"V"},"I":{"value":[0.00208,0.001944,0.001842,0.00177,0.001715,0.001672,0.001634,0.001603,0.001574,0.001552,0.001533,0.001515,0.0015,0.001485,0.001469,0.001458,0.001445,0.001436,0.001427,0.001414,0.001405,0.001394,0.001386,0.001376,0.001371,0.001367,0.00136,0.001347,0.00134,0.00133,0.001327,0.001322,0.001316,0.00131,0.001301,0.001298,0.001293,0.001281,0.00128,0.001269,0.001263,0.001254,0.001257,0.001251,0.001251,0.001235,0.001228,0.001226,0.001227,0.001226,0.001217,0.001201,0.001206,0.001207,0.001203,0.001191,0.001181,0.001183,0.001168,0.00115,0.001138,0.001135,0.001127,0.001108,0.001094,0.001098,0.001082,0.001077,0.001044,0.001028,0.001027,0.001016,0.001009,0.001124,0.001015,0.001122,0.001002,0.001111,0.001113,0.001103,0.001033,0.001079,0.001014,0.001009,0.000981,0.000939,0.000883,0.000806,0.000706,0.000573,0.000396,0.000166,-0.000123,-0.000481,-0.000913,-0.001438,-0.001867,-0.0024,-0.003118,-0.003827],"unit":"A"},"J":{"value":[0.00018719999999999997,0.00017496,0.00016578,0.0001593,0.00015434999999999998,0.00015048,0.00014706,0.00014427,0.00014166,0.00013968,0.00013797,0.00013635,0.000135,0.00013365,0.00013221,0.00013122,0.00013005000000000002,0.00012924,0.00012843000000000002,0.00012726,0.00012644999999999998,0.00012546,0.00012474,0.00012384,0.00012339,0.00012303,0.0001224,0.00012123,0.0001206,0.0001197,0.00011943,0.00011898,0.00011843999999999998,0.00011789999999999999,0.00011709,0.00011681999999999998,0.00011637,0.00011529,0.00011520000000000001,0.00011420999999999999,0.00011367,0.00011285999999999999,0.00011313000000000001,0.00011258999999999999,0.00011258999999999999,0.00011114999999999999,0.00011051999999999999,0.00011034,0.00011043,0.00011034,0.00010952999999999999,0.00010809,0.00010854,0.00010863,0.00010827,0.00010719,0.00010629,0.00010647,0.00010512,0.0001035,0.00010241999999999999,0.00010214999999999999,0.00010143,9.972e-5,9.845999999999999e-5,9.881999999999999e-5,9.738e-5,9.693e-5,9.396e-5,9.252e-5,9.243e-5,9.143999999999999e-5,9.080999999999999e-5,0.00010116,9.135e-5,0.00010097999999999999,9.018000000000001e-5,9.999e-5,0.00010017,9.927e-5,9.297e-5,9.711000000000001e-5,9.125999999999999e-5,9.080999999999999e-5,8.829000000000001e-5,8.450999999999999e-5,7.947e-5,7.254e-5,6.354e-5,5.157e-5,3.564e-5,1.494e-5,-1.107e-5,-4.3289999999999994e-5,-8.217e-5,-0.00012942,-0.00016803,-0.00021599999999999996,-0.00028062,-0.00034443],"unit":"A\/cm2"},"voc":{"unit":"V","value":1.096424},"isc":{"unit":"A","value":1.574282},"jsc":{"unit":"mA\/cm2","value":17.492018},"fill_factor":{"unit":"%","value":59.555217},"vmax":{"unit":"V","value":0.953},"efficiency":{"unit":"%","value":11.421902},"monitor_cell_reading":{"unit":"mV","value":0},"monitor_cell_calibration_value":{"unit":"mV","value":0},"test_device_area":{"unit":"cm2","value":0.09},"num_of_series_connected_stacks":{"unit":"","value":1},"sweep_direction":{"unit":"","value":"Forward"},"device_id":{"unit":"","value":"14-2-f"},"cell_dimension":{"unit":"cm2","value":0.09},"key":"Forward_IV 14-2"},{"V":{"value":[-0.1,-0.087,-0.074,-0.061,-0.048,-0.035,-0.022,-0.009,0.004,0.017,0.03,0.043,0.056,0.069,0.082,0.095,0.108,0.121,0.134,0.147,0.16,0.173,0.186,0.199,0.212,0.225,0.238,0.251,0.264,0.277,0.29,0.303,0.316,0.329,0.342,0.355,0.368,0.381,0.394,0.407,0.42,0.433,0.446,0.459,0.472,0.485,0.498,0.511,0.524,0.537,0.55,0.563,0.576,0.589,0.602,0.615,0.628,0.641,0.654,0.667,0.68,0.693,0.706,0.719,0.732,0.745,0.758,0.771,0.784,0.797,0.81,0.823,0.836,0.849,0.862,0.875,0.888,0.901,0.914,0.927,0.94,0.953,0.966,0.979,0.992,1.005,1.018,1.031,1.044,1.057,1.07,1.083,1.096,1.109,1.122,1.135,1.148,1.161,1.174,1.187],"unit":"V"},"I":{"value":[0.002148,0.002025,0.001931,0.00187,0.001823,0.001788,0.001758,0.001733,0.00171,0.001689,0.001673,0.001658,0.001643,0.001632,0.00162,0.001609,0.001598,0.001594,0.001583,0.001574,0.001567,0.00156,0.00155,0.00154,0.001537,0.001526,0.001523,0.001515,0.001507,0.001501,0.001499,0.001491,0.001488,0.001479,0.001477,0.001475,0.001466,0.001459,0.001458,0.001445,0.001444,0.001444,0.001436,0.001421,0.001422,0.00141,0.001417,0.001409,0.001403,0.001394,0.001393,0.001394,0.001388,0.001383,0.001362,0.001365,0.001363,0.00136,0.001352,0.001337,0.001316,0.001322,0.001307,0.001292,0.001278,0.001262,0.001248,0.00124,0.001214,0.001206,0.001194,0.00119,0.001167,0.001145,0.001137,0.001116,0.001085,0.001076,0.00108,0.001053,0.001042,0.001003,0.001174,0.001003,0.001123,0.001093,0.000978,0.000925,0.000813,0.000659,0.000458,0.000203,-0.000112,-0.000489,-0.000928,-0.001439,-0.001873,-0.002439,-0.003076,-0.003752],"unit":"A"},"J":{"value":[0.00019332,0.00018224999999999998,0.00017379,0.0001683,0.00016407,0.00016092,0.00015821999999999999,0.00015596999999999999,0.0001539,0.00015201,0.00015057,0.00014921999999999998,0.00014786999999999998,0.00014688,0.0001458,0.00014481,0.00014382,0.00014345999999999999,0.00014246999999999998,0.00014166,0.00014103,0.0001404,0.0001395,0.00013859999999999998,0.00013832999999999999,0.00013733999999999998,0.00013707,0.00013635,0.00013563,0.00013508999999999998,0.00013491,0.00013419,0.00013392,0.00013311,0.00013293,0.00013275,0.00013194000000000001,0.00013131,0.00013122,0.00013005000000000002,0.00012995999999999998,0.00012995999999999998,0.00012924,0.00012789,0.00012798,0.0001269,0.00012753,0.00012681000000000001,0.00012627,0.00012546,0.00012537,0.00012546,0.00012492,0.00012446999999999998,0.00012257999999999998,0.00012284999999999998,0.00012267,0.0001224,0.00012167999999999999,0.00012033000000000001,0.00011843999999999998,0.00011898,0.00011763,0.00011627999999999999,0.00011502,0.00011358000000000001,0.00011232,0.0001116,0.00010926,0.00010854,0.00010745999999999999,0.0001071,0.00010503,0.00010305,0.00010232999999999999,0.00010044,9.765e-5,9.683999999999999e-5,9.719999999999999e-5,9.476999999999999e-5,9.377999999999999e-5,9.027e-5,0.00010565999999999999,9.027e-5,0.00010107,9.837e-5,8.801999999999999e-5,8.325e-5,7.317e-5,5.930999999999999e-5,4.122e-5,1.827e-5,-1.008e-5,-4.4009999999999994e-5,-8.352e-5,-0.00012951,-0.00016857,-0.00021951000000000002,-0.00027684,-0.00033768],"unit":"A\/cm2"},"voc":{"unit":"V","value":1.09601},"isc":{"unit":"A","value":1.71043},"jsc":{"unit":"mA\/cm2","value":19.004782},"fill_factor":{"unit":"%","value":60.506132},"vmax":{"unit":"V","value":0.966},"efficiency":{"unit":"%","value":12.603086},"monitor_cell_reading":{"unit":"mV","value":0},"monitor_cell_calibration_value":{"unit":"mV","value":0},"test_device_area":{"unit":"cm2","value":0.09},"num_of_series_connected_stacks":{"unit":"","value":1},"sweep_direction":{"unit":"","value":"Forward"},"device_id":{"unit":"","value":"14-1-f"},"cell_dimension":{"unit":"cm2","value":0.09},"key":"Forward_IV 14-1"},{"V":{"value":[-0.1,-0.087,-0.074,-0.061,-0.048,-0.035,-0.022,-0.009,0.004,0.017,0.03,0.043,0.056,0.069,0.082,0.095,0.108,0.121,0.134,0.147,0.16,0.173,0.186,0.199,0.212,0.225,0.238,0.251,0.264,0.277,0.29,0.303,0.316,0.329,0.342,0.355,0.368,0.381,0.394,0.407,0.42,0.433,0.446,0.459,0.472,0.485,0.498,0.511,0.524,0.537,0.55,0.563,0.576,0.589,0.602,0.615,0.628,0.641,0.654,0.667,0.68,0.693,0.706,0.719,0.732,0.745,0.758,0.771,0.784,0.797,0.81,0.823,0.836,0.849,0.862,0.875,0.888,0.901,0.914,0.927,0.94,0.953,0.966,0.979,0.992,1.005,1.018,1.031,1.044,1.057,1.07,1.083,1.096,1.109,1.122,1.135,1.148,1.161,1.174,1.187],"unit":"V"},"I":{"value":[0.001978,0.00178,0.001657,0.001571,0.001506,0.001456,0.001416,0.001381,0.001352,0.001327,0.001305,0.001287,0.001269,0.001253,0.001237,0.001224,0.001212,0.001205,0.001193,0.001185,0.001171,0.001163,0.001153,0.001147,0.001137,0.001131,0.001124,0.001116,0.001112,0.001103,0.001093,0.001089,0.001082,0.001074,0.001067,0.001067,0.001056,0.001049,0.001044,0.001035,0.001034,0.001029,0.001018,0.001019,0.001013,0.001008,0.001024,0.001036,0.001036,0.001036,0.001032,0.001029,0.001025,0.001021,0.001017,0.001012,0.001007,0.001002,0.000997,0.00099,0.000984,0.000977,0.00097,0.000963,0.000955,0.000946,0.000938,0.000928,0.000919,0.000909,0.000899,0.000889,0.00088,0.00087,0.000861,0.000848,0.000834,0.000826,0.000816,0.000801,0.000788,0.00077,0.000751,0.000729,0.0007,0.000662,0.000613,0.000549,0.000461,0.000344,0.000189,-1.3e-5,-0.000277,-0.000592,-0.000968,-0.001437,-0.001765,-0.002269,-0.002844,-0.003486],"unit":"A"},"J":{"value":[0.00017802,0.0001602,0.00014913,0.00014139,0.00013554,0.00013104,0.00012743999999999999,0.00012429,0.00012167999999999999,0.00011943,0.00011745,0.00011583,0.00011420999999999999,0.00011276999999999999,0.00011132999999999999,0.00011016,0.00010907999999999999,0.00010845,0.00010737,0.00010665,0.00010538999999999999,0.00010467,0.00010376999999999999,0.00010323,0.00010232999999999999,0.00010179,0.00010116,0.00010044,0.00010007999999999999,9.927e-5,9.837e-5,9.800999999999999e-5,9.738e-5,9.666e-5,9.603e-5,9.603e-5,9.504e-5,9.441e-5,9.396e-5,9.314999999999999e-5,9.306e-5,9.261e-5,9.162e-5,9.170999999999999e-5,9.117e-5,9.072e-5,9.216e-5,9.324e-5,9.324e-5,9.324e-5,9.287999999999999e-5,9.261e-5,9.225e-5,9.188999999999999e-5,9.152999999999999e-5,9.108e-5,9.063e-5,9.018000000000001e-5,8.973e-5,8.91e-5,8.856e-5,8.793e-5,8.730000000000001e-5,8.667e-5,8.595e-5,8.514e-5,8.442e-5,8.352e-5,8.271e-5,8.180999999999999e-5,8.091e-5,8.001e-5,7.92e-5,7.829999999999999e-5,7.748999999999999e-5,7.632e-5,7.506e-5,7.434e-5,7.344e-5,7.209e-5,7.091999999999999e-5,6.929999999999999e-5,6.759e-5,6.561e-5,6.3e-5,5.958e-5,5.517e-5,4.9409999999999996e-5,4.149e-5,3.096e-5,1.701e-5,-1.1699999999999998e-6,-2.493e-5,-5.328e-5,-8.711999999999999e-5,-0.00012932999999999998,-0.00015885,-0.00020421,-0.00025596,-0.00031373999999999996],"unit":"A\/cm2"},"voc":{"unit":"V","value":1.086044},"isc":{"unit":"A","value":1.352202},"jsc":{"unit":"mA\/cm2","value":15.02447},"fill_factor":{"unit":"%","value":50.795259},"vmax":{"unit":"V","value":0.914},"efficiency":{"unit":"%","value":8.288383},"monitor_cell_reading":{"unit":"mV","value":0},"monitor_cell_calibration_value":{"unit":"mV","value":0},"test_device_area":{"unit":"cm2","value":0.09},"num_of_series_connected_stacks":{"unit":"","value":1},"sweep_direction":{"unit":"","value":"Forward"},"device_id":{"unit":"","value":"13-4-f"},"cell_dimension":{"unit":"cm2","value":0.09},"key":"Forward_IV 13-4"},{"V":{"value":[-0.1,-0.087,-0.074,-0.061,-0.048,-0.035,-0.022,-0.009,0.004,0.017,0.03,0.043,0.056,0.069,0.082,0.095,0.108,0.121,0.134,0.147,0.16,0.173,0.186,0.199,0.212,0.225,0.238,0.251,0.264,0.277,0.29,0.303,0.316,0.329,0.342,0.355,0.368,0.381,0.394,0.407,0.42,0.433,0.446,0.459,0.472,0.485,0.498,0.511,0.524,0.537,0.55,0.563,0.576,0.589,0.602,0.615,0.628,0.641,0.654,0.667,0.68,0.693,0.706,0.719,0.732,0.745,0.758,0.771,0.784,0.797,0.81,0.823,0.836,0.849,0.862,0.875,0.888,0.901,0.914,0.927,0.94,0.953,0.966,0.979,0.992,1.005,1.018,1.031,1.044,1.057,1.07,1.083,1.096,1.109,1.122,1.135,1.148,1.161,1.174,1.187],"unit":"V"},"I":{"value":[0.002053,0.001834,0.001694,0.001604,0.001535,0.001481,0.001437,0.0014,0.001367,0.00134,0.001315,0.001292,0.001274,0.001256,0.001239,0.001227,0.001213,0.001203,0.001187,0.001177,0.001165,0.001156,0.001149,0.001139,0.001131,0.001119,0.001112,0.001099,0.001093,0.001085,0.001082,0.001074,0.00106,0.001056,0.001051,0.00104,0.001031,0.001027,0.001022,0.001016,0.001009,0.001076,0.001013,0.00108,0.001004,0.001075,0.001079,0.001075,0.001073,0.001072,0.001069,0.001046,0.001037,0.001034,0.001029,0.001022,0.001016,0.001009,0.001003,0.000995,0.000988,0.000981,0.000972,0.000963,0.000954,0.000944,0.000934,0.000925,0.000915,0.000905,0.000894,0.000884,0.000874,0.000864,0.000853,0.000841,0.00083,0.00082,0.000808,0.000795,0.000781,0.000766,0.000749,0.000726,0.000699,0.000663,0.000618,0.000559,0.000477,0.000365,0.000215,1.3e-5,-0.00026,-0.000588,-0.000997,-0.001529,-0.001802,-0.002401,-0.00303,-0.003758],"unit":"A"},"J":{"value":[0.00018477,0.00016506,0.00015246,0.00014435999999999998,0.00013815,0.00013329,0.00012932999999999998,0.000126,0.00012303,0.0001206,0.00011834999999999999,0.00011627999999999999,0.00011465999999999999,0.00011303999999999999,0.00011151000000000001,0.00011043,0.00010917,0.00010827,0.00010682999999999999,0.00010593000000000001,0.00010485,0.00010403999999999999,0.00010341,0.00010251,0.00010179,0.00010070999999999999,0.00010007999999999999,9.890999999999999e-5,9.837e-5,9.765e-5,9.738e-5,9.666e-5,9.539999999999999e-5,9.504e-5,9.459e-5,9.359999999999998e-5,9.279e-5,9.243e-5,9.197999999999998e-5,9.143999999999999e-5,9.080999999999999e-5,9.683999999999999e-5,9.117e-5,9.719999999999999e-5,9.035999999999998e-5,9.675e-5,9.711000000000001e-5,9.675e-5,9.656999999999999e-5,9.648e-5,9.621e-5,9.414e-5,9.332999999999999e-5,9.306e-5,9.261e-5,9.197999999999998e-5,9.143999999999999e-5,9.080999999999999e-5,9.027e-5,8.955e-5,8.892e-5,8.829000000000001e-5,8.748e-5,8.667e-5,8.586e-5,8.496e-5,8.406e-5,8.325e-5,8.235e-5,8.145e-5,8.046e-5,7.956e-5,7.866e-5,7.776e-5,7.677e-5,7.568999999999999e-5,7.47e-5,7.379999999999999e-5,7.272e-5,7.155e-5,7.028999999999999e-5,6.894e-5,6.741e-5,6.534e-5,6.290999999999999e-5,5.9669999999999996e-5,5.561999999999999e-5,5.0310000000000005e-5,4.293e-5,3.285e-5,1.935e-5,1.1699999999999998e-6,-2.3399999999999996e-5,-5.2919999999999995e-5,-8.973e-5,-0.00013761,-0.00016218,-0.00021608999999999997,-0.0002727,-0.00033821999999999997],"unit":"A\/cm2"},"voc":{"unit":"V","value":1.087381},"isc":{"unit":"A","value":1.367019},"jsc":{"unit":"mA\/cm2","value":15.189098},"fill_factor":{"unit":"%","value":49.706756},"vmax":{"unit":"V","value":0.914},"efficiency":{"unit":"%","value":8.209735},"monitor_cell_reading":{"unit":"mV","value":0},"monitor_cell_calibration_value":{"unit":"mV","value":0},"test_device_area":{"unit":"cm2","value":0.09},"num_of_series_connected_stacks":{"unit":"","value":1},"sweep_direction":{"unit":"","value":"Forward"},"device_id":{"unit":"","value":"13-3-f"},"cell_dimension":{"unit":"cm2","value":0.09},"key":"Forward_IV 13-3"},{"V":{"value":[-0.1,-0.087,-0.074,-0.061,-0.048,-0.035,-0.022,-0.009,0.004,0.017,0.03,0.043,0.056,0.069,0.082,0.095,0.108,0.121,0.134,0.147,0.16,0.173,0.186,0.199,0.212,0.225,0.238,0.251,0.264,0.277,0.29,0.303,0.316,0.329,0.342,0.355,0.368,0.381,0.394,0.407,0.42,0.433,0.446,0.459,0.472,0.485,0.498,0.511,0.524,0.537,0.55,0.563,0.576,0.589,0.602,0.615,0.628,0.641,0.654,0.667,0.68,0.693,0.706,0.719,0.732,0.745,0.758,0.771,0.784,0.797,0.81,0.823,0.836,0.849,0.862,0.875,0.888,0.901,0.914,0.927,0.94,0.953,0.966,0.979,0.992,1.005,1.018,1.031,1.044,1.057,1.07,1.083,1.096,1.109,1.122,1.135,1.148,1.161,1.174,1.187],"unit":"V"},"I":{"value":[0.002082,0.001903,0.001781,0.001698,0.001633,0.001583,0.001542,0.001506,0.001474,0.001448,0.001424,0.001401,0.001383,0.001366,0.001351,0.001339,0.001323,0.00131,0.001296,0.001286,0.001278,0.00127,0.001254,0.001247,0.001238,0.001226,0.001221,0.001209,0.001203,0.001202,0.00119,0.001177,0.00117,0.001165,0.001155,0.001153,0.001148,0.001141,0.001126,0.001119,0.001119,0.001117,0.001105,0.001101,0.001094,0.001088,0.001083,0.001077,0.001077,0.001068,0.001061,0.001053,0.001056,0.001041,0.001035,0.001035,0.001025,0.001005,0.001005,0.001086,0.00101,0.001088,0.001001,0.001081,0.001085,0.001082,0.001079,0.00103,0.001043,0.001036,0.001025,0.001016,0.001004,0.000994,0.000982,0.000969,0.000957,0.000945,0.000933,0.000919,0.000903,0.000885,0.000863,0.000837,0.000803,0.000761,0.000702,0.000627,0.000523,0.000382,0.000196,-5.0e-5,-0.000372,-0.000756,-0.00125,-0.001553,-0.002123,-0.002712,-0.003473,-0.004249],"unit":"A"},"J":{"value":[0.00018738,0.00017126999999999998,0.00016029,0.00015282,0.00014696999999999998,0.00014246999999999998,0.00013878,0.00013554,0.00013266,0.00013032,0.00012816,0.00012608999999999998,0.00012446999999999998,0.00012293999999999999,0.00012158999999999999,0.00012050999999999998,0.00011907,0.00011789999999999999,0.00011664,0.00011574,0.00011502,0.0001143,0.00011285999999999999,0.00011223,0.00011141999999999999,0.00011034,0.00010989,0.00010881,0.00010827,0.00010818,0.0001071,0.00010593000000000001,0.0001053,0.00010485,0.00010394999999999999,0.00010376999999999999,0.00010332,0.00010269000000000001,0.00010134,0.00010070999999999999,0.00010070999999999999,0.00010052999999999999,9.945e-5,9.908999999999999e-5,9.845999999999999e-5,9.792e-5,9.747e-5,9.693e-5,9.693e-5,9.612e-5,9.549000000000001e-5,9.476999999999999e-5,9.504e-5,9.369e-5,9.314999999999999e-5,9.314999999999999e-5,9.225e-5,9.045e-5,9.045e-5,9.774e-5,9.09e-5,9.792e-5,9.008999999999999e-5,9.728999999999998e-5,9.765e-5,9.738e-5,9.711000000000001e-5,9.27e-5,9.387000000000001e-5,9.324e-5,9.225e-5,9.143999999999999e-5,9.035999999999998e-5,8.946e-5,8.838e-5,8.721e-5,8.612999999999999e-5,8.505e-5,8.397e-5,8.271e-5,8.127e-5,7.965e-5,7.767000000000001e-5,7.533e-5,7.227e-5,6.848999999999999e-5,6.318e-5,5.642999999999999e-5,4.707e-5,3.438e-5,1.7639999999999997e-5,-4.5e-6,-3.348e-5,-6.804e-5,-0.0001125,-0.00013977,-0.00019106999999999997,-0.00024407999999999998,-0.00031256999999999997,-0.00038241],"unit":"A\/cm2"},"voc":{"unit":"V","value":1.085665},"isc":{"unit":"A","value":1.474189},"jsc":{"unit":"mA\/cm2","value":16.379876},"fill_factor":{"unit":"%","value":53.275568},"vmax":{"unit":"V","value":0.914},"efficiency":{"unit":"%","value":9.474021},"monitor_cell_reading":{"unit":"mV","value":0},"monitor_cell_calibration_value":{"unit":"mV","value":0},"test_device_area":{"unit":"cm2","value":0.09},"num_of_series_connected_stacks":{"unit":"","value":1},"sweep_direction":{"unit":"","value":"Forward"},"device_id":{"unit":"","value":"13-2-f"},"cell_dimension":{"unit":"cm2","value":0.09},"key":"Forward_IV 13-2"},{"V":{"value":[-0.1,-0.087,-0.074,-0.061,-0.048,-0.035,-0.022,-0.009,0.004,0.017,0.03,0.043,0.056,0.069,0.082,0.095,0.108,0.121,0.134,0.147,0.16,0.173,0.186,0.199,0.212,0.225,0.238,0.251,0.264,0.277,0.29,0.303,0.316,0.329,0.342,0.355,0.368,0.381,0.394,0.407,0.42,0.433,0.446,0.459,0.472,0.485,0.498,0.511,0.524,0.537,0.55,0.563,0.576,0.589,0.602,0.615,0.628,0.641,0.654,0.667,0.68,0.693,0.706,0.719,0.732,0.745,0.758,0.771,0.784,0.797,0.81,0.823,0.836,0.849,0.862,0.875,0.888,0.901,0.914,0.927,0.94,0.953,0.966,0.979,0.992,1.005,1.018,1.031,1.044,1.057,1.07,1.083,1.096,1.109,1.122,1.135,1.148,1.161,1.174,1.187],"unit":"V"},"I":{"value":[0.002128,0.00199,0.0019,0.001843,0.0018,0.001767,0.00174,0.001716,0.001699,0.001681,0.001666,0.00165,0.001637,0.001624,0.001508,0.001436,0.001412,0.001395,0.001392,0.001388,0.001396,0.00138,0.00138,0.001382,0.001629,0.001498,0.001457,0.001437,0.001415,0.001404,0.001393,0.001384,0.001373,0.001356,0.001342,0.001334,0.001328,0.001315,0.0013,0.001292,0.001284,0.001276,0.001258,0.001252,0.001252,0.001233,0.001232,0.001222,0.001195,0.001184,0.001191,0.001175,0.001161,0.001165,0.001142,0.001153,0.001125,0.001119,0.001108,0.00112,0.001104,0.001099,0.001075,0.001071,0.001062,0.001049,0.001012,0.001011,0.001,0.001103,0.001128,0.001011,0.00112,0.001004,0.001118,0.001094,0.00102,0.001018,0.001004,0.000981,0.000958,0.000943,0.000905,0.000858,0.000806,0.000713,0.000644,0.00051,0.000335,0.000137,-0.000125,-0.000436,-0.000801,-0.001213,-0.001668,-0.002158,-0.00272,-0.003311,-0.003956,-0.004638],"unit":"A"},"J":{"value":[0.00019152,0.0001791,0.00017099999999999998,0.00016586999999999998,0.00016199999999999998,0.00015902999999999997,0.00015659999999999998,0.00015444,0.00015291,0.00015129,0.00014994,0.0001485,0.00014733,0.00014616,0.00013572,0.00012924,0.00012708,0.00012555,0.00012528,0.00012492,0.00012564,0.00012419999999999998,0.00012419999999999998,0.00012438,0.00014661,0.00013482,0.00013113,0.00012932999999999998,0.00012735,0.00012636,0.00012537,0.00012456,0.00012357,0.00012203999999999999,0.00012078,0.00012005999999999999,0.00011952,0.00011834999999999999,0.00011699999999999998,0.00011627999999999999,0.00011556,0.00011483999999999999,0.00011321999999999999,0.00011268,0.00011268,0.00011096999999999999,0.00011088,0.00010998,0.00010755,0.00010656,0.00010719,0.00010575,0.00010448999999999998,0.00010485,0.00010278,0.00010376999999999999,0.00010125,0.00010070999999999999,9.972e-5,0.00010079999999999998,9.936e-5,9.890999999999999e-5,9.675e-5,9.638999999999999e-5,9.558e-5,9.441e-5,9.108e-5,9.099e-5,8.999999999999999e-5,9.927e-5,0.00010152,9.099e-5,0.00010079999999999998,9.035999999999998e-5,0.00010062000000000001,9.845999999999999e-5,9.180000000000001e-5,9.162e-5,9.035999999999998e-5,8.829000000000001e-5,8.622e-5,8.487e-5,8.145e-5,7.722e-5,7.254e-5,6.416999999999999e-5,5.796e-5,4.5900000000000004e-5,3.015e-5,1.2329999999999999e-5,-1.1249999999999999e-5,-3.9240000000000004e-5,-7.209e-5,-0.00010917,-0.00015012,-0.00019422000000000002,-0.0002448,-0.00029799,-0.00035604,-0.00041741999999999994],"unit":"A\/cm2"},"voc":{"unit":"V","value":1.068694},"isc":{"unit":"A","value":1.699154},"jsc":{"unit":"mA\/cm2","value":18.879491},"fill_factor":{"unit":"%","value":53.065161},"vmax":{"unit":"V","value":0.862},"efficiency":{"unit":"%","value":10.706636},"monitor_cell_reading":{"unit":"mV","value":0},"monitor_cell_calibration_value":{"unit":"mV","value":0},"test_device_area":{"unit":"cm2","value":0.09},"num_of_series_connected_stacks":{"unit":"","value":1},"sweep_direction":{"unit":"","value":"Forward"},"device_id":{"unit":"","value":"13-1-f"},"cell_dimension":{"unit":"cm2","value":0.09},"key":"Forward_IV 13-1"}]}}