{"_id":"66e5015ce593f600e15b2dd2","id":"SKKU-SC-00501","author":94,"group":11,"input":[{"tco":{"unit":"","value":"ITO"}},{"surface_treatment":{"unit":"","value":"O-Plasma"}},{"htl":[{"material":{"unit":"","value":"2PACz"},"concentration":{"unit":"","value":"0.3"},"conc_unit":{"unit":"","value":"mg\/ml"},"quantity":{"unit":"ml","value":"0.2"}}],"spin_coating":[{"type":{"unit":"","value":"Static (loading)"},"rpm":{"unit":"","value":"3000"},"time":{"unit":"s","value":"30"}}],"annealing":[{"temperature":{"unit":"oC","value":"100"},"time":{"unit":"m","value":"10"}}],"condition":{"unit":"","value":"glove-box(N2)"}},{"condition":{"unit":"","value":"glove-box(N2)"},"perovskite":{"method":{"unit":"","value":"1step"},"molarity":{"unit":"M","value":"1.3M"},"a_site":[{"material":{"unit":"","value":"FA"},"ratio":{"unit":"%","value":"91"}},{"material":{"unit":"","value":"Cs"},"ratio":{"unit":"%","value":"9"}}],"b_site":[{"material":{"unit":"","value":"Pb"},"ratio":{"unit":"%","value":"100"}}],"x_site":[{"material":{"unit":"","value":"I"},"ratio":{"unit":"%","value":"76.666666666666666666666666666667"}},{"material":{"unit":"","value":"Br"},"ratio":{"unit":"%","value":"23.333333333333333333333333333333"}}],"solvent":[{"material":{"unit":"","value":"DMF"},"volume":{"unit":"ml","value":"4"}},{"material":{"unit":"","value":"DMSO"},"volume":{"unit":"ml","value":"1"}}],"antisolvent":[{"material":{"unit":"","value":"CB"},"quantity":{"unit":"ul","value":"300"},"dripping_time":{"unit":"s","value":"5"}}],"annealing":[{"temperature":{"unit":"oC","value":"100"},"time":{"unit":"m","value":"10"}}],"spin_coating":[{"type":{"unit":"","value":"Static (loading)"},"rpm":{"unit":"","value":"1000"},"time":{"unit":"s","value":"10"}},{"type":{"unit":"","value":"Static (loading)"},"rpm":{"unit":"","value":"5000"},"time":{"unit":"s","value":"30"}}],"atmosphere":[{"type":{"unit":"","value":"glove-box(N2)"},"temperature":{"unit":"oC","value":"23"},"humidity":{"unit":"RH%","value":"0"}}]}},{"perovskite_treatment":[{"material":{"unit":"","value":"DABr"},"concentration":{"unit":"","value":"1"},"conc_unit":{"unit":"","value":"mg\/ml"},"quantity":{"unit":"ml","value":"65"}},{"material":{"unit":"","value":"MAI"},"concentration":{"unit":"","value":"0.1"},"conc_unit":{"unit":"","value":"mg\/ml"},"quantity":{"unit":"ml","value":"65"}}],"spin_coating":[{"type":{"unit":"","value":"Dynamic"},"rpm":{"unit":"","value":"5000"},"time":{"unit":"s","value":"34"}}],"solvent":[{"material":{"unit":"","value":"DMF"},"volume":{"unit":"ml","value":"0.005"}},{"material":{"unit":"","value":"IPA"},"volume":{"unit":"ml","value":"1"}}],"annealing":[{"temperature":{"unit":"oC","value":"100"},"time":{"unit":"m","value":"5"}}]},{"etl":[{"material":{"unit":"","value":"C60"},"concentration":{"unit":"","value":"None"},"conc_unit":{"unit":"","value":"None"},"quantity":{"unit":"ml","value":"None"}}],"thermal_evaporation":[{"vacuum_evaporation_thickness":{"unit":"nm","value":"25"},"evaporation_rate":{"unit":"\u00c5\/s","value":"0.2"},"vacuum_pressure":{"unit":"uTorr","value":"2"}}]},{"blocking_buffer_layer":[{"material":{"unit":"","value":"BCP"},"concentration":{"unit":"","value":"None"},"conc_unit":{"unit":"","value":"mg\/ml"},"quantity":{"unit":"ml","value":"None"}}],"thermal_evaporation":[{"vacuum_evaporation_thickness":{"unit":"nm","value":"8"},"evaporation_rate":{"unit":"\u00c5\/s","value":"0.2"},"vacuum_pressure":{"unit":"uTorr","value":"2"}}]},{"anode_metal":{"unit":"","value":"Ag"}},{"type":{"unit":"","value":"unit_cell"},"temperature":{"unit":"\u2103","value":"20"},"device_type":{"unit":"","value":"p-i-n"},"humidity":{"unit":"%","value":"20"},"cell_dimension":{"unit":"cm2","value":"0.09"}},{"note":{"unit":"","value":"quasi-2d passivation material test"}}],"fileinfo":[{"key":"Reverse_IV DA-2-3","uploadType":"JV","original_name":"IV DA-2-3-R.txt","save_name":"SKKU-SC-00501\/Reverse_IV DA-2-3","uploader":94,"fileType":""},{"key":"Forward_IV DA-2-4","uploadType":"JV","original_name":"IV DA-2-4-F.txt","save_name":"SKKU-SC-00501\/Forward_IV DA-2-4","uploader":94,"fileType":""},{"key":"Reverse_IV DA-2-4","uploadType":"JV","original_name":"IV DA-2-4-R.txt","save_name":"SKKU-SC-00501\/Reverse_IV DA-2-4","uploader":94,"fileType":""},{"key":"Forward_IV DA-2-5","uploadType":"JV","original_name":"IV DA-2-5-F.txt","save_name":"SKKU-SC-00501\/Forward_IV DA-2-5","uploader":94,"fileType":""},{"key":"Reverse_IV DA-2-5","uploadType":"JV","original_name":"IV DA-2-5-R.txt","save_name":"SKKU-SC-00501\/Reverse_IV DA-2-5","uploader":94,"fileType":""},{"key":"Forward_IV DA-1-4","uploadType":"JV","original_name":"IV DA-1-4-F.txt","save_name":"SKKU-SC-00501\/Forward_IV DA-1-4","uploader":94,"fileType":""},{"key":"Reverse_IV DA-1-4","uploadType":"JV","original_name":"IV DA-1-4-R.txt","save_name":"SKKU-SC-00501\/Reverse_IV DA-1-4","uploader":94,"fileType":""},{"key":"Forward_IV DA-2-2","uploadType":"JV","original_name":"IV DA-2-2-F.txt","save_name":"SKKU-SC-00501\/Forward_IV DA-2-2","uploader":94,"fileType":""},{"key":"Reverse_IV DA-2-2","uploadType":"JV","original_name":"IV DA-2-2-R.txt","save_name":"SKKU-SC-00501\/Reverse_IV DA-2-2","uploader":94,"fileType":""},{"key":"Forward_IV DA-2-3","uploadType":"JV","original_name":"IV DA-2-3-F.txt","save_name":"SKKU-SC-00501\/Forward_IV DA-2-3","uploader":94,"fileType":""},{"key":"Vo8Ft","uploadType":"XRD","original_name":"DA.txt","save_name":"SKKU-SC-00501\/Vo8Ft","uploader":94,"fileType":""},{"key":"u60eZ","uploadType":"PL","original_name":"DA1.3.csv","save_name":"SKKU-SC-00501\/u60eZ","uploader":94,"fileType":""}],"jvcnt":10,"analysisInfo":{"JV":[{"efficiency":18.97084,"fill_factor":80.970763,"jsc":19.437335,"voc":1.205373,"key":"Reverse_IV DA-2-5","cell_dimension":0.09},{"efficiency":19.573502,"fill_factor":82.745139,"jsc":19.627221,"voc":1.205223,"key":"Reverse_IV DA-2-4","cell_dimension":0.09},{"efficiency":19.496152,"fill_factor":82.991552,"jsc":19.561044,"voc":1.200945,"key":"Reverse_IV DA-2-3","cell_dimension":0.09},{"efficiency":19.107869,"fill_factor":81.8231,"jsc":19.534604,"voc":1.195451,"key":"Reverse_IV DA-2-2","cell_dimension":0.09},{"efficiency":18.640793,"fill_factor":81.990187,"jsc":19.05259,"voc":1.193297,"key":"Reverse_IV DA-1-4","cell_dimension":0.09},{"efficiency":18.486681,"fill_factor":79.12835,"jsc":19.530705,"voc":1.196214,"key":"Forward_IV DA-2-5","cell_dimension":0.09},{"efficiency":18.930849,"fill_factor":80.492329,"jsc":19.729334,"voc":1.192074,"key":"Forward_IV DA-2-4","cell_dimension":0.09},{"efficiency":19.109431,"fill_factor":81.492274,"jsc":19.661071,"voc":1.192681,"key":"Forward_IV DA-2-3","cell_dimension":0.09},{"efficiency":18.087112,"fill_factor":79.069389,"jsc":19.643282,"voc":1.16452,"key":"Forward_IV DA-2-2","cell_dimension":0.09},{"efficiency":17.819626,"fill_factor":79.655056,"jsc":19.172606,"voc":1.166821,"key":"Forward_IV DA-1-4","cell_dimension":0.09}],"PL":[{"key":"u60eZ"}],"XRD":[{"key":"Vo8Ft"}]},"tags":[],"updated_at":"2024-10-24 09:04:04","created_at":"2024-09-14 03:22:04","public":2,"analysis":{"JV":[{"V":{"value":[1.25,1.2374,1.2248,1.2122,1.1996,1.187,1.1744,1.1618,1.1492,1.1366,1.124,1.1114,1.0988,1.0862,1.0736,1.061,1.0484,1.0358,1.0232,1.0106,0.998,0.9854,0.9728,0.9602,0.9476,0.935,0.9224,0.9098,0.8972,0.8846,0.872,0.8594,0.8468,0.8342,0.8216,0.809,0.7964,0.7838,0.7712,0.7586,0.746,0.7334,0.7208,0.7082,0.6956,0.683,0.6704,0.6578,0.6452,0.6326,0.62,0.6074,0.5948,0.5822,0.5696,0.557,0.5444,0.5318,0.5192,0.5066,0.494,0.4814,0.4688,0.4562,0.4436,0.431,0.4184,0.4058,0.3932,0.3806,0.368,0.3554,0.3428,0.3302,0.3176,0.305,0.2924,0.2798,0.2672,0.2546,0.242,0.2294,0.2168,0.2042,0.1916,0.179,0.1664,0.1538,0.1412,0.1286,0.116,0.1034,0.0908,0.0782,0.0656,0.053,0.0404,0.0278,0.0152,0.0026],"unit":"V"},"I":{"value":[-0.001931,-0.00135,-0.000827,-0.000381,2.5e-5,0.000369,0.00065,0.000883,0.00107,0.001223,0.00134,0.00143,0.001499,0.001547,0.001582,0.001609,0.001627,0.001642,0.001652,0.001661,0.001667,0.001673,0.001677,0.001681,0.001684,0.001689,0.001691,0.001694,0.001696,0.001699,0.001699,0.001702,0.001705,0.001705,0.001708,0.001709,0.00171,0.001711,0.001712,0.001714,0.001713,0.001716,0.001717,0.00172,0.001718,0.00172,0.001721,0.001722,0.001724,0.001722,0.001724,0.001725,0.001727,0.001726,0.001727,0.001728,0.001729,0.00173,0.001731,0.001731,0.001733,0.001734,0.001733,0.001733,0.001734,0.001734,0.001735,0.001733,0.001734,0.001735,0.001734,0.001738,0.00174,0.00174,0.001737,0.001737,0.001737,0.00174,0.001739,0.00174,0.001742,0.001741,0.001743,0.001744,0.001744,0.001742,0.001744,0.001744,0.001746,0.001743,0.001745,0.001746,0.001747,0.001747,0.001747,0.001746,0.001748,0.001747,0.001748,0.001749],"unit":"A"},"J":{"value":[-0.00017379,-0.0001215,-7.443e-5,-3.429e-5,2.25e-6,3.321e-5,5.849999999999999e-5,7.947e-5,9.63e-5,0.00011006999999999998,0.0001206,0.0001287,0.00013491,0.00013922999999999998,0.00014238,0.00014481,0.00014643,0.00014778,0.00014868,0.00014948999999999998,0.00015003,0.00015057,0.00015093,0.00015129,0.00015156,0.00015201,0.00015219,0.00015246,0.00015264,0.00015291,0.00015291,0.00015318,0.00015345,0.00015345,0.00015372,0.00015381,0.0001539,0.00015399,0.00015408,0.00015426,0.00015417,0.00015444,0.00015453,0.0001548,0.00015461999999999998,0.0001548,0.00015489,0.00015497999999999998,0.00015516,0.00015497999999999998,0.00015516,0.00015524999999999998,0.00015543,0.00015534000000000001,0.00015543,0.00015552,0.00015561,0.0001557,0.00015579,0.00015579,0.00015596999999999999,0.00015606,0.00015596999999999999,0.00015596999999999999,0.00015606,0.00015606,0.00015615,0.00015596999999999999,0.00015606,0.00015615,0.00015606,0.00015642,0.00015659999999999998,0.00015659999999999998,0.00015633,0.00015633,0.00015633,0.00015659999999999998,0.00015651,0.00015659999999999998,0.00015678,0.00015669,0.00015686999999999998,0.00015696000000000002,0.00015696000000000002,0.00015678,0.00015696000000000002,0.00015696000000000002,0.00015713999999999998,0.00015686999999999998,0.00015705,0.00015713999999999998,0.00015723,0.00015723,0.00015723,0.00015713999999999998,0.00015732,0.00015723,0.00015732,0.00015741],"unit":"A\/cm2"},"voc":{"unit":"V","value":1.205373},"isc":{"unit":"A","value":1.74936},"jsc":{"unit":"mA\/cm2","value":19.437335},"fill_factor":{"unit":"%","value":80.970763},"vmax":{"unit":"V","value":1.061},"efficiency":{"unit":"%","value":18.97084},"monitor_cell_reading":{"unit":"mV","value":0},"monitor_cell_calibration_value":{"unit":"mV","value":0},"test_device_area":{"unit":"cm2","value":0.09},"num_of_series_connected_stacks":{"unit":"","value":1},"sweep_direction":{"unit":"","value":"Reverse"},"device_id":{"unit":"","value":"DA-2-5-R"},"cell_dimension":{"unit":"cm2","value":0.09},"key":"Reverse_IV DA-2-5"},{"V":{"value":[1.25,1.2374,1.2248,1.2122,1.1996,1.187,1.1744,1.1618,1.1492,1.1366,1.124,1.1114,1.0988,1.0862,1.0736,1.061,1.0484,1.0358,1.0232,1.0106,0.998,0.9854,0.9728,0.9602,0.9476,0.935,0.9224,0.9098,0.8972,0.8846,0.872,0.8594,0.8468,0.8342,0.8216,0.809,0.7964,0.7838,0.7712,0.7586,0.746,0.7334,0.7208,0.7082,0.6956,0.683,0.6704,0.6578,0.6452,0.6326,0.62,0.6074,0.5948,0.5822,0.5696,0.557,0.5444,0.5318,0.5192,0.5066,0.494,0.4814,0.4688,0.4562,0.4436,0.431,0.4184,0.4058,0.3932,0.3806,0.368,0.3554,0.3428,0.3302,0.3176,0.305,0.2924,0.2798,0.2672,0.2546,0.242,0.2294,0.2168,0.2042,0.1916,0.179,0.1664,0.1538,0.1412,0.1286,0.116,0.1034,0.0908,0.0782,0.0656,0.053,0.0404,0.0278,0.0152,0.0026],"unit":"V"},"I":{"value":[-0.00226,-0.001574,-0.000961,-0.000436,1.5e-5,0.000399,0.000713,0.000962,0.001155,0.001309,0.00142,0.001503,0.001563,0.001607,0.001634,0.00166,0.001676,0.001685,0.001694,0.001701,0.001706,0.001709,0.001714,0.001716,0.001716,0.001722,0.001723,0.001724,0.001726,0.001727,0.001728,0.00173,0.001733,0.001734,0.001735,0.001736,0.001736,0.001736,0.001738,0.001738,0.001737,0.00174,0.00174,0.001743,0.001743,0.001744,0.001744,0.001745,0.001745,0.001746,0.001747,0.001746,0.001749,0.001747,0.00175,0.00175,0.001749,0.00175,0.001752,0.00175,0.001752,0.001753,0.001753,0.001753,0.001754,0.001755,0.001754,0.001751,0.001753,0.001756,0.001758,0.001758,0.001757,0.001759,0.001757,0.001758,0.001758,0.001759,0.001759,0.00176,0.001758,0.001761,0.00176,0.001758,0.001759,0.00176,0.001761,0.001761,0.001761,0.001763,0.001763,0.001763,0.001762,0.001764,0.001764,0.001764,0.001764,0.001764,0.001765,0.001766],"unit":"A"},"J":{"value":[-0.00020339999999999998,-0.00014166,-8.649000000000001e-5,-3.9240000000000004e-5,1.35e-6,3.591e-5,6.416999999999999e-5,8.657999999999999e-5,0.00010394999999999999,0.00011781,0.0001278,0.00013527,0.00014067,0.00014462999999999998,0.00014706,0.0001494,0.00015083999999999999,0.00015165,0.00015246,0.00015308999999999999,0.00015354,0.00015381,0.00015426,0.00015444,0.00015444,0.00015497999999999998,0.00015507,0.00015516,0.00015534000000000001,0.00015543,0.00015552,0.0001557,0.00015596999999999999,0.00015606,0.00015615,0.00015623999999999998,0.00015623999999999998,0.00015623999999999998,0.00015642,0.00015642,0.00015633,0.00015659999999999998,0.00015659999999999998,0.00015686999999999998,0.00015686999999999998,0.00015696000000000002,0.00015696000000000002,0.00015705,0.00015705,0.00015713999999999998,0.00015723,0.00015713999999999998,0.00015741,0.00015723,0.0001575,0.0001575,0.00015741,0.0001575,0.00015768,0.0001575,0.00015768,0.00015777,0.00015777,0.00015777,0.00015785999999999998,0.00015795,0.00015785999999999998,0.00015759,0.00015777,0.00015804,0.00015821999999999999,0.00015821999999999999,0.00015813,0.00015831,0.00015813,0.00015821999999999999,0.00015821999999999999,0.00015831,0.00015831,0.0001584,0.00015821999999999999,0.00015848999999999998,0.0001584,0.00015821999999999999,0.00015831,0.0001584,0.00015848999999999998,0.00015848999999999998,0.00015848999999999998,0.00015867,0.00015867,0.00015867,0.00015858,0.00015875999999999998,0.00015875999999999998,0.00015875999999999998,0.00015875999999999998,0.00015875999999999998,0.00015885,0.00015894],"unit":"A\/cm2"},"voc":{"unit":"V","value":1.205223},"isc":{"unit":"A","value":1.76645},"jsc":{"unit":"mA\/cm2","value":19.627221},"fill_factor":{"unit":"%","value":82.745139},"vmax":{"unit":"V","value":1.061},"efficiency":{"unit":"%","value":19.573502},"monitor_cell_reading":{"unit":"mV","value":0},"monitor_cell_calibration_value":{"unit":"mV","value":0},"test_device_area":{"unit":"cm2","value":0.09},"num_of_series_connected_stacks":{"unit":"","value":1},"sweep_direction":{"unit":"","value":"Reverse"},"device_id":{"unit":"","value":"DA-2-4-R"},"cell_dimension":{"unit":"cm2","value":0.09},"key":"Reverse_IV DA-2-4"},{"V":{"value":[1.25,1.2374,1.2248,1.2122,1.1996,1.187,1.1744,1.1618,1.1492,1.1366,1.124,1.1114,1.0988,1.0862,1.0736,1.061,1.0484,1.0358,1.0232,1.0106,0.998,0.9854,0.9728,0.9602,0.9476,0.935,0.9224,0.9098,0.8972,0.8846,0.872,0.8594,0.8468,0.8342,0.8216,0.809,0.7964,0.7838,0.7712,0.7586,0.746,0.7334,0.7208,0.7082,0.6956,0.683,0.6704,0.6578,0.6452,0.6326,0.62,0.6074,0.5948,0.5822,0.5696,0.557,0.5444,0.5318,0.5192,0.5066,0.494,0.4814,0.4688,0.4562,0.4436,0.431,0.4184,0.4058,0.3932,0.3806,0.368,0.3554,0.3428,0.3302,0.3176,0.305,0.2924,0.2798,0.2672,0.2546,0.242,0.2294,0.2168,0.2042,0.1916,0.179,0.1664,0.1538,0.1412,0.1286,0.116,0.1034,0.0908,0.0782,0.0656,0.053,0.0404,0.0278,0.0152,0.0026],"unit":"V"},"I":{"value":[-0.002509,-0.001778,-0.001133,-0.00057,-8.6e-5,0.000325,0.000661,0.000928,0.001132,0.001292,0.001411,0.001498,0.001559,0.001603,0.001634,0.001654,0.00167,0.00168,0.001688,0.001698,0.001701,0.001705,0.001709,0.00171,0.001713,0.001716,0.001719,0.001723,0.001723,0.001724,0.001725,0.001726,0.001727,0.001731,0.001729,0.001733,0.001733,0.001731,0.001733,0.001734,0.001736,0.001736,0.001739,0.001738,0.001738,0.00174,0.001741,0.001743,0.001742,0.001744,0.001743,0.001743,0.001746,0.001745,0.001743,0.001745,0.001748,0.001747,0.001749,0.001751,0.001749,0.001749,0.00175,0.001749,0.001748,0.00175,0.00175,0.001751,0.001753,0.001753,0.001753,0.001753,0.001753,0.001753,0.001753,0.001753,0.001754,0.001757,0.001756,0.001756,0.001755,0.001758,0.001759,0.001758,0.001758,0.001758,0.001759,0.001758,0.001757,0.001758,0.001761,0.001759,0.001759,0.001759,0.001759,0.001758,0.001758,0.00176,0.001761,0.00176],"unit":"A"},"J":{"value":[-0.00022580999999999998,-0.00016002,-0.00010196999999999999,-5.129999999999999e-5,-7.74e-6,2.9249999999999996e-5,5.949e-5,8.352e-5,0.00010188,0.00011627999999999999,0.00012699,0.00013482,0.00014031,0.00014427,0.00014706,0.00014886,0.0001503,0.0001512,0.00015192,0.00015282,0.00015308999999999999,0.00015345,0.00015381,0.0001539,0.00015417,0.00015444,0.00015471,0.00015507,0.00015507,0.00015516,0.00015524999999999998,0.00015534000000000001,0.00015543,0.00015579,0.00015561,0.00015596999999999999,0.00015596999999999999,0.00015579,0.00015596999999999999,0.00015606,0.00015623999999999998,0.00015623999999999998,0.00015651,0.00015642,0.00015642,0.00015659999999999998,0.00015669,0.00015686999999999998,0.00015678,0.00015696000000000002,0.00015686999999999998,0.00015686999999999998,0.00015713999999999998,0.00015705,0.00015686999999999998,0.00015705,0.00015732,0.00015723,0.00015741,0.00015759,0.00015741,0.00015741,0.0001575,0.00015741,0.00015732,0.0001575,0.0001575,0.00015759,0.00015777,0.00015777,0.00015777,0.00015777,0.00015777,0.00015777,0.00015777,0.00015777,0.00015785999999999998,0.00015813,0.00015804,0.00015804,0.00015795,0.00015821999999999999,0.00015831,0.00015821999999999999,0.00015821999999999999,0.00015821999999999999,0.00015831,0.00015821999999999999,0.00015813,0.00015821999999999999,0.00015848999999999998,0.00015831,0.00015831,0.00015831,0.00015831,0.00015821999999999999,0.00015821999999999999,0.0001584,0.00015848999999999998,0.0001584],"unit":"A\/cm2"},"voc":{"unit":"V","value":1.200945},"isc":{"unit":"A","value":1.760494},"jsc":{"unit":"mA\/cm2","value":19.561044},"fill_factor":{"unit":"%","value":82.991552},"vmax":{"unit":"V","value":1.0736},"efficiency":{"unit":"%","value":19.496152},"monitor_cell_reading":{"unit":"mV","value":0},"monitor_cell_calibration_value":{"unit":"mV","value":0},"test_device_area":{"unit":"cm2","value":0.09},"num_of_series_connected_stacks":{"unit":"","value":1},"sweep_direction":{"unit":"","value":"Reverse"},"device_id":{"unit":"","value":"DA-2-3-R"},"cell_dimension":{"unit":"cm2","value":0.09},"key":"Reverse_IV DA-2-3"},{"V":{"value":[1.22,1.2077,1.1954,1.1831,1.1708,1.1585,1.1462,1.1339,1.1216,1.1093,1.097,1.0847,1.0724,1.0601,1.0478,1.0355,1.0232,1.0109,0.9986,0.9863,0.974,0.9617,0.9494,0.9371,0.9248,0.9125,0.9002,0.8879,0.8756,0.8633,0.851,0.8387,0.8264,0.8141,0.8018,0.7895,0.7772,0.7649,0.7526,0.7403,0.728,0.7157,0.7034,0.6911,0.6788,0.6665,0.6542,0.6419,0.6296,0.6173,0.605,0.5927,0.5804,0.5681,0.5558,0.5435,0.5312,0.5189,0.5066,0.4943,0.482,0.4697,0.4574,0.4451,0.4328,0.4205,0.4082,0.3959,0.3836,0.3713,0.359,0.3467,0.3344,0.3221,0.3098,0.2975,0.2852,0.2729,0.2606,0.2483,0.236,0.2237,0.2114,0.1991,0.1868,0.1745,0.1622,0.1499,0.1376,0.1253,0.113,0.1007,0.0884,0.0761,0.0638,0.0515,0.0392,0.0269,0.0146,0.0023],"unit":"V"},"I":{"value":[-0.001334,-0.000763,-0.000266,0.000156,0.000513,0.0008,0.001031,0.001207,0.001341,0.00144,0.001509,0.001561,0.001596,0.001622,0.001638,0.001654,0.001664,0.001673,0.001676,0.001681,0.001686,0.001688,0.001691,0.001694,0.001696,0.001697,0.0017,0.001702,0.001702,0.001705,0.001706,0.00171,0.001713,0.001714,0.001714,0.001715,0.001715,0.001717,0.001721,0.001721,0.001721,0.001721,0.001724,0.001725,0.001727,0.001728,0.001729,0.001729,0.00173,0.00173,0.001731,0.001732,0.001735,0.001733,0.001736,0.001734,0.001733,0.001736,0.001735,0.001735,0.001736,0.001736,0.00174,0.001742,0.001741,0.00174,0.001742,0.001742,0.001743,0.001743,0.001743,0.001745,0.001745,0.001746,0.001745,0.001746,0.001748,0.001748,0.001748,0.001747,0.001749,0.001752,0.00175,0.001751,0.001752,0.00175,0.001753,0.001753,0.001753,0.001753,0.001753,0.001751,0.001755,0.001754,0.001754,0.001754,0.001755,0.001757,0.001756,0.001758],"unit":"A"},"J":{"value":[-0.00012005999999999999,-6.866999999999999e-5,-2.394e-5,1.404e-5,4.617e-5,7.2e-5,9.279e-5,0.00010863,0.00012069,0.0001296,0.00013581,0.00014049,0.00014364,0.00014597999999999998,0.00014742,0.00014886,0.00014975999999999998,0.00015057,0.00015083999999999999,0.00015129,0.00015174,0.00015192,0.00015219,0.00015246,0.00015264,0.00015272999999999998,0.00015299999999999998,0.00015318,0.00015318,0.00015345,0.00015354,0.0001539,0.00015417,0.00015426,0.00015426,0.00015434999999999998,0.00015434999999999998,0.00015453,0.00015489,0.00015489,0.00015489,0.00015489,0.00015516,0.00015524999999999998,0.00015543,0.00015552,0.00015561,0.00015561,0.0001557,0.0001557,0.00015579,0.00015588,0.00015615,0.00015596999999999999,0.00015623999999999998,0.00015606,0.00015596999999999999,0.00015623999999999998,0.00015615,0.00015615,0.00015623999999999998,0.00015623999999999998,0.00015659999999999998,0.00015678,0.00015669,0.00015659999999999998,0.00015678,0.00015678,0.00015686999999999998,0.00015686999999999998,0.00015686999999999998,0.00015705,0.00015705,0.00015713999999999998,0.00015705,0.00015713999999999998,0.00015732,0.00015732,0.00015732,0.00015723,0.00015741,0.00015768,0.0001575,0.00015759,0.00015768,0.0001575,0.00015777,0.00015777,0.00015777,0.00015777,0.00015777,0.00015759,0.00015795,0.00015785999999999998,0.00015785999999999998,0.00015785999999999998,0.00015795,0.00015813,0.00015804,0.00015821999999999999],"unit":"A\/cm2"},"voc":{"unit":"V","value":1.195451},"isc":{"unit":"A","value":1.758114},"jsc":{"unit":"mA\/cm2","value":19.534604},"fill_factor":{"unit":"%","value":81.8231},"vmax":{"unit":"V","value":1.0601},"efficiency":{"unit":"%","value":19.107869},"monitor_cell_reading":{"unit":"mV","value":0},"monitor_cell_calibration_value":{"unit":"mV","value":0},"test_device_area":{"unit":"cm2","value":0.09},"num_of_series_connected_stacks":{"unit":"","value":1},"sweep_direction":{"unit":"","value":"Reverse"},"device_id":{"unit":"","value":"DA-2-2-R"},"cell_dimension":{"unit":"cm2","value":0.09},"key":"Reverse_IV DA-2-2"},{"V":{"value":[1.22,1.2077,1.1954,1.1831,1.1708,1.1585,1.1462,1.1339,1.1216,1.1093,1.097,1.0847,1.0724,1.0601,1.0478,1.0355,1.0232,1.0109,0.9986,0.9863,0.974,0.9617,0.9494,0.9371,0.9248,0.9125,0.9002,0.8879,0.8756,0.8633,0.851,0.8387,0.8264,0.8141,0.8018,0.7895,0.7772,0.7649,0.7526,0.7403,0.728,0.7157,0.7034,0.6911,0.6788,0.6665,0.6542,0.6419,0.6296,0.6173,0.605,0.5927,0.5804,0.5681,0.5558,0.5435,0.5312,0.5189,0.5066,0.4943,0.482,0.4697,0.4574,0.4451,0.4328,0.4205,0.4082,0.3959,0.3836,0.3713,0.359,0.3467,0.3344,0.3221,0.3098,0.2975,0.2852,0.2729,0.2606,0.2483,0.236,0.2237,0.2114,0.1991,0.1868,0.1745,0.1622,0.1499,0.1376,0.1253,0.113,0.1007,0.0884,0.0761,0.0638,0.0515,0.0392,0.0269,0.0146,0.0023],"unit":"V"},"I":{"value":[-0.001423,-0.00081,-0.000312,0.000109,0.000461,0.000744,0.000971,0.001147,0.001285,0.001386,0.001461,0.001515,0.001555,0.001583,0.001599,0.001616,0.001627,0.001634,0.001639,0.001645,0.00165,0.001653,0.001655,0.001659,0.001661,0.001664,0.001666,0.001667,0.00167,0.00167,0.001671,0.001673,0.001675,0.001677,0.001678,0.001678,0.001682,0.001683,0.001683,0.001684,0.001686,0.001688,0.001687,0.001688,0.001687,0.001688,0.00169,0.001691,0.001692,0.001693,0.001693,0.001694,0.001694,0.001695,0.001696,0.001696,0.0017,0.001699,0.001697,0.001697,0.001698,0.001697,0.001699,0.0017,0.0017,0.001701,0.001702,0.001701,0.001702,0.001704,0.001702,0.001702,0.001702,0.001703,0.001707,0.001708,0.001707,0.001709,0.001707,0.001708,0.001708,0.001709,0.00171,0.001709,0.00171,0.00171,0.00171,0.00171,0.001711,0.00171,0.001711,0.001712,0.001713,0.001715,0.001714,0.001714,0.001712,0.001712,0.001715,0.001715],"unit":"A"},"J":{"value":[-0.00012806999999999999,-7.29e-5,-2.808e-5,9.810000000000001e-6,4.149e-5,6.696e-5,8.738999999999999e-5,0.00010323,0.00011564999999999999,0.00012474,0.00013149,0.00013635,0.00013995,0.00014246999999999998,0.00014391,0.00014544,0.00014643,0.00014706,0.00014751,0.00014805,0.0001485,0.00014877,0.00014895,0.00014931,0.00014948999999999998,0.00014975999999999998,0.00014994,0.00015003,0.0001503,0.0001503,0.00015039,0.00015057,0.00015075,0.00015093,0.00015102,0.00015102,0.00015137999999999998,0.00015146999999999998,0.00015146999999999998,0.00015156,0.00015174,0.00015192,0.00015183,0.00015192,0.00015183,0.00015192,0.0001521,0.00015219,0.00015228,0.00015237,0.00015237,0.00015246,0.00015246,0.00015255,0.00015264,0.00015264,0.00015299999999999998,0.00015291,0.00015272999999999998,0.00015272999999999998,0.00015282,0.00015272999999999998,0.00015291,0.00015299999999999998,0.00015299999999999998,0.00015308999999999999,0.00015318,0.00015308999999999999,0.00015318,0.00015335999999999998,0.00015318,0.00015318,0.00015318,0.00015327,0.00015363,0.00015372,0.00015363,0.00015381,0.00015363,0.00015372,0.00015372,0.00015381,0.0001539,0.00015381,0.0001539,0.0001539,0.0001539,0.0001539,0.00015399,0.0001539,0.00015399,0.00015408,0.00015417,0.00015434999999999998,0.00015426,0.00015426,0.00015408,0.00015408,0.00015434999999999998,0.00015434999999999998],"unit":"A\/cm2"},"voc":{"unit":"V","value":1.193297},"isc":{"unit":"A","value":1.714733},"jsc":{"unit":"mA\/cm2","value":19.05259},"fill_factor":{"unit":"%","value":81.990187},"vmax":{"unit":"V","value":1.0601},"efficiency":{"unit":"%","value":18.640793},"monitor_cell_reading":{"unit":"mV","value":0},"monitor_cell_calibration_value":{"unit":"mV","value":0},"test_device_area":{"unit":"cm2","value":0.09},"num_of_series_connected_stacks":{"unit":"","value":1},"sweep_direction":{"unit":"","value":"Reverse"},"device_id":{"unit":"","value":"DA-1-4-R"},"cell_dimension":{"unit":"cm2","value":0.09},"key":"Reverse_IV DA-1-4"},{"V":{"value":[-0.01,0.0026,0.0152,0.0278,0.0404,0.053,0.0656,0.0782,0.0908,0.1034,0.116,0.1286,0.1412,0.1538,0.1664,0.179,0.1916,0.2042,0.2168,0.2294,0.242,0.2546,0.2672,0.2798,0.2924,0.305,0.3176,0.3302,0.3428,0.3554,0.368,0.3806,0.3932,0.4058,0.4184,0.431,0.4436,0.4562,0.4688,0.4814,0.494,0.5066,0.5192,0.5318,0.5444,0.557,0.5696,0.5822,0.5948,0.6074,0.62,0.6326,0.6452,0.6578,0.6704,0.683,0.6956,0.7082,0.7208,0.7334,0.746,0.7586,0.7712,0.7838,0.7964,0.809,0.8216,0.8342,0.8468,0.8594,0.872,0.8846,0.8972,0.9098,0.9224,0.935,0.9476,0.9602,0.9728,0.9854,0.998,1.0106,1.0232,1.0358,1.0484,1.061,1.0736,1.0862,1.0988,1.1114,1.124,1.1366,1.1492,1.1618,1.1744,1.187,1.1996,1.2122,1.2248,1.2374],"unit":"V"},"I":{"value":[0.00176,0.001758,0.001751,0.001753,0.001748,0.001741,0.001749,0.001746,0.001745,0.001746,0.00174,0.001745,0.001736,0.001735,0.001734,0.001735,0.001736,0.001733,0.001736,0.001732,0.001733,0.001735,0.001737,0.001735,0.001738,0.001737,0.001736,0.001734,0.001734,0.001736,0.001737,0.001734,0.001734,0.001733,0.001732,0.001734,0.001732,0.001731,0.001733,0.001731,0.00173,0.001726,0.001729,0.001728,0.001728,0.001727,0.001729,0.001727,0.001726,0.001724,0.001724,0.001722,0.001721,0.001719,0.001718,0.00172,0.00172,0.001718,0.001717,0.001714,0.001715,0.001715,0.001713,0.001711,0.00171,0.001708,0.001708,0.001706,0.001705,0.001703,0.001698,0.001698,0.001694,0.001691,0.001689,0.001685,0.001682,0.001678,0.001672,0.001667,0.001655,0.001642,0.001626,0.001606,0.001577,0.001541,0.001492,0.001432,0.001355,0.001259,0.001143,0.001006,0.000856,0.000651,0.000419,0.000151,-0.000147,-0.000512,-0.000913,-0.001318],"unit":"A"},"J":{"value":[0.0001584,0.00015821999999999999,0.00015759,0.00015777,0.00015732,0.00015669,0.00015741,0.00015713999999999998,0.00015705,0.00015713999999999998,0.00015659999999999998,0.00015705,0.00015623999999999998,0.00015615,0.00015606,0.00015615,0.00015623999999999998,0.00015596999999999999,0.00015623999999999998,0.00015588,0.00015596999999999999,0.00015615,0.00015633,0.00015615,0.00015642,0.00015633,0.00015623999999999998,0.00015606,0.00015606,0.00015623999999999998,0.00015633,0.00015606,0.00015606,0.00015596999999999999,0.00015588,0.00015606,0.00015588,0.00015579,0.00015596999999999999,0.00015579,0.0001557,0.00015534000000000001,0.00015561,0.00015552,0.00015552,0.00015543,0.00015561,0.00015543,0.00015534000000000001,0.00015516,0.00015516,0.00015497999999999998,0.00015489,0.00015471,0.00015461999999999998,0.0001548,0.0001548,0.00015461999999999998,0.00015453,0.00015426,0.00015434999999999998,0.00015434999999999998,0.00015417,0.00015399,0.0001539,0.00015372,0.00015372,0.00015354,0.00015345,0.00015327,0.00015282,0.00015282,0.00015246,0.00015219,0.00015201,0.00015165,0.00015137999999999998,0.00015102,0.00015048,0.00015003,0.00014895,0.00014778,0.00014634,0.00014454,0.00014193,0.00013869,0.00013428,0.00012888,0.00012195000000000001,0.00011330999999999998,0.00010286999999999998,9.054e-5,7.704e-5,5.859e-5,3.7709999999999996e-5,1.359e-5,-1.3229999999999999e-5,-4.608e-5,-8.217e-5,-0.00011861999999999999],"unit":"A\/cm2"},"voc":{"unit":"V","value":1.196214},"isc":{"unit":"A","value":1.757763},"jsc":{"unit":"mA\/cm2","value":19.530705},"fill_factor":{"unit":"%","value":79.12835},"vmax":{"unit":"V","value":1.0232},"efficiency":{"unit":"%","value":18.486681},"monitor_cell_reading":{"unit":"mV","value":0},"monitor_cell_calibration_value":{"unit":"mV","value":0},"test_device_area":{"unit":"cm2","value":0.09},"num_of_series_connected_stacks":{"unit":"","value":1},"sweep_direction":{"unit":"","value":"Forward"},"device_id":{"unit":"","value":"DA-2-5-F"},"cell_dimension":{"unit":"cm2","value":0.09},"key":"Forward_IV DA-2-5"},{"V":{"value":[-0.01,0.0026,0.0152,0.0278,0.0404,0.053,0.0656,0.0782,0.0908,0.1034,0.116,0.1286,0.1412,0.1538,0.1664,0.179,0.1916,0.2042,0.2168,0.2294,0.242,0.2546,0.2672,0.2798,0.2924,0.305,0.3176,0.3302,0.3428,0.3554,0.368,0.3806,0.3932,0.4058,0.4184,0.431,0.4436,0.4562,0.4688,0.4814,0.494,0.5066,0.5192,0.5318,0.5444,0.557,0.5696,0.5822,0.5948,0.6074,0.62,0.6326,0.6452,0.6578,0.6704,0.683,0.6956,0.7082,0.7208,0.7334,0.746,0.7586,0.7712,0.7838,0.7964,0.809,0.8216,0.8342,0.8468,0.8594,0.872,0.8846,0.8972,0.9098,0.9224,0.935,0.9476,0.9602,0.9728,0.9854,0.998,1.0106,1.0232,1.0358,1.0484,1.061,1.0736,1.0862,1.0988,1.1114,1.124,1.1366,1.1492,1.1618,1.1744,1.187,1.1996,1.2122,1.2248,1.2374],"unit":"V"},"I":{"value":[0.001777,0.001776,0.001772,0.001771,0.001769,0.001769,0.001768,0.001768,0.001766,0.001766,0.001765,0.001764,0.001766,0.001763,0.001765,0.001761,0.001762,0.001759,0.001761,0.001761,0.001761,0.00176,0.00176,0.00176,0.00176,0.001755,0.001759,0.00176,0.001758,0.001757,0.001758,0.001756,0.001754,0.001753,0.001755,0.001755,0.001754,0.001753,0.001752,0.001753,0.001751,0.00175,0.00175,0.001751,0.00175,0.001747,0.001749,0.001749,0.001748,0.001749,0.001748,0.001747,0.001745,0.001745,0.001745,0.001745,0.001742,0.001741,0.001743,0.001742,0.001742,0.001741,0.001738,0.001736,0.001736,0.001733,0.001732,0.001732,0.001729,0.001728,0.001727,0.001726,0.001723,0.001723,0.001721,0.001717,0.001714,0.00171,0.001705,0.001699,0.00169,0.001679,0.001665,0.001645,0.001616,0.001581,0.001531,0.001467,0.001385,0.001284,0.001159,0.001004,0.000832,0.000611,0.00035,6.7e-5,-0.000253,-0.000676,-0.001101,-0.001659],"unit":"A"},"J":{"value":[0.00015993,0.00015984,0.00015947999999999998,0.00015939,0.00015921,0.00015921,0.00015912,0.00015912,0.00015894,0.00015894,0.00015885,0.00015875999999999998,0.00015894,0.00015867,0.00015885,0.00015848999999999998,0.00015858,0.00015831,0.00015848999999999998,0.00015848999999999998,0.00015848999999999998,0.0001584,0.0001584,0.0001584,0.0001584,0.00015795,0.00015831,0.0001584,0.00015821999999999999,0.00015813,0.00015821999999999999,0.00015804,0.00015785999999999998,0.00015777,0.00015795,0.00015795,0.00015785999999999998,0.00015777,0.00015768,0.00015777,0.00015759,0.0001575,0.0001575,0.00015759,0.0001575,0.00015723,0.00015741,0.00015741,0.00015732,0.00015741,0.00015732,0.00015723,0.00015705,0.00015705,0.00015705,0.00015705,0.00015678,0.00015669,0.00015686999999999998,0.00015678,0.00015678,0.00015669,0.00015642,0.00015623999999999998,0.00015623999999999998,0.00015596999999999999,0.00015588,0.00015588,0.00015561,0.00015552,0.00015543,0.00015534000000000001,0.00015507,0.00015507,0.00015489,0.00015453,0.00015426,0.0001539,0.00015345,0.00015291,0.0001521,0.00015110999999999998,0.00014985,0.00014805,0.00014544,0.00014229,0.00013779,0.00013203,0.00012465,0.00011556,0.00010431000000000001,9.035999999999998e-5,7.487999999999999e-5,5.499e-5,3.15e-5,6.03e-6,-2.277e-5,-6.0839999999999993e-5,-9.908999999999999e-5,-0.00014931],"unit":"A\/cm2"},"voc":{"unit":"V","value":1.192074},"isc":{"unit":"A","value":1.77564},"jsc":{"unit":"mA\/cm2","value":19.729334},"fill_factor":{"unit":"%","value":80.492329},"vmax":{"unit":"V","value":1.0232},"efficiency":{"unit":"%","value":18.930849},"monitor_cell_reading":{"unit":"mV","value":0},"monitor_cell_calibration_value":{"unit":"mV","value":0},"test_device_area":{"unit":"cm2","value":0.09},"num_of_series_connected_stacks":{"unit":"","value":1},"sweep_direction":{"unit":"","value":"Forward"},"device_id":{"unit":"","value":"DA-2-4-F"},"cell_dimension":{"unit":"cm2","value":0.09},"key":"Forward_IV DA-2-4"},{"V":{"value":[-0.01,0.0026,0.0152,0.0278,0.0404,0.053,0.0656,0.0782,0.0908,0.1034,0.116,0.1286,0.1412,0.1538,0.1664,0.179,0.1916,0.2042,0.2168,0.2294,0.242,0.2546,0.2672,0.2798,0.2924,0.305,0.3176,0.3302,0.3428,0.3554,0.368,0.3806,0.3932,0.4058,0.4184,0.431,0.4436,0.4562,0.4688,0.4814,0.494,0.5066,0.5192,0.5318,0.5444,0.557,0.5696,0.5822,0.5948,0.6074,0.62,0.6326,0.6452,0.6578,0.6704,0.683,0.6956,0.7082,0.7208,0.7334,0.746,0.7586,0.7712,0.7838,0.7964,0.809,0.8216,0.8342,0.8468,0.8594,0.872,0.8846,0.8972,0.9098,0.9224,0.935,0.9476,0.9602,0.9728,0.9854,0.998,1.0106,1.0232,1.0358,1.0484,1.061,1.0736,1.0862,1.0988,1.1114,1.124,1.1366,1.1492,1.1618,1.1744,1.187,1.1996,1.2122,1.2248,1.2374],"unit":"V"},"I":{"value":[0.001771,0.001769,0.001768,0.001768,0.001767,0.001765,0.001765,0.001765,0.001766,0.001764,0.001763,0.001762,0.001761,0.00176,0.00176,0.00176,0.001759,0.001757,0.001759,0.001758,0.001756,0.001754,0.001754,0.001754,0.001755,0.001755,0.001755,0.001754,0.001754,0.001754,0.001752,0.001754,0.001752,0.001752,0.001752,0.00175,0.001748,0.001748,0.001749,0.001749,0.001749,0.001746,0.001745,0.001747,0.001745,0.001747,0.001747,0.001746,0.001747,0.001746,0.001745,0.001741,0.001743,0.001743,0.00174,0.00174,0.001739,0.001742,0.00174,0.001738,0.001738,0.001737,0.001735,0.001734,0.001734,0.001733,0.001731,0.001729,0.00173,0.001727,0.001727,0.001724,0.001723,0.00172,0.001719,0.001715,0.001714,0.001711,0.001705,0.001701,0.001694,0.001686,0.001676,0.00166,0.001639,0.001611,0.001569,0.001517,0.001445,0.001354,0.001236,0.001088,0.000913,0.000685,0.000408,9.5e-5,-0.000273,-0.000738,-0.001242,-0.001862],"unit":"A"},"J":{"value":[0.00015939,0.00015921,0.00015912,0.00015912,0.00015902999999999997,0.00015885,0.00015885,0.00015885,0.00015894,0.00015875999999999998,0.00015867,0.00015858,0.00015848999999999998,0.0001584,0.0001584,0.0001584,0.00015831,0.00015813,0.00015831,0.00015821999999999999,0.00015804,0.00015785999999999998,0.00015785999999999998,0.00015785999999999998,0.00015795,0.00015795,0.00015795,0.00015785999999999998,0.00015785999999999998,0.00015785999999999998,0.00015768,0.00015785999999999998,0.00015768,0.00015768,0.00015768,0.0001575,0.00015732,0.00015732,0.00015741,0.00015741,0.00015741,0.00015713999999999998,0.00015705,0.00015723,0.00015705,0.00015723,0.00015723,0.00015713999999999998,0.00015723,0.00015713999999999998,0.00015705,0.00015669,0.00015686999999999998,0.00015686999999999998,0.00015659999999999998,0.00015659999999999998,0.00015651,0.00015678,0.00015659999999999998,0.00015642,0.00015642,0.00015633,0.00015615,0.00015606,0.00015606,0.00015596999999999999,0.00015579,0.00015561,0.0001557,0.00015543,0.00015543,0.00015516,0.00015507,0.0001548,0.00015471,0.00015434999999999998,0.00015426,0.00015399,0.00015345,0.00015308999999999999,0.00015246,0.00015174,0.00015083999999999999,0.0001494,0.00014751,0.00014499,0.00014121,0.00013653,0.00013005000000000002,0.00012185999999999999,0.00011123999999999999,9.792e-5,8.217e-5,6.165e-5,3.672e-5,8.55e-6,-2.457e-5,-6.642e-5,-0.00011178,-0.00016758],"unit":"A\/cm2"},"voc":{"unit":"V","value":1.192681},"isc":{"unit":"A","value":1.769496},"jsc":{"unit":"mA\/cm2","value":19.661071},"fill_factor":{"unit":"%","value":81.492274},"vmax":{"unit":"V","value":1.0358},"efficiency":{"unit":"%","value":19.109431},"monitor_cell_reading":{"unit":"mV","value":0},"monitor_cell_calibration_value":{"unit":"mV","value":0},"test_device_area":{"unit":"cm2","value":0.09},"num_of_series_connected_stacks":{"unit":"","value":1},"sweep_direction":{"unit":"","value":"Forward"},"device_id":{"unit":"","value":"DA-2-3-F"},"cell_dimension":{"unit":"cm2","value":0.09},"key":"Forward_IV DA-2-3"},{"V":{"value":[-0.01,0.0023,0.0146,0.0269,0.0392,0.0515,0.0638,0.0761,0.0884,0.1007,0.113,0.1253,0.1376,0.1499,0.1622,0.1745,0.1868,0.1991,0.2114,0.2237,0.236,0.2483,0.2606,0.2729,0.2852,0.2975,0.3098,0.3221,0.3344,0.3467,0.359,0.3713,0.3836,0.3959,0.4082,0.4205,0.4328,0.4451,0.4574,0.4697,0.482,0.4943,0.5066,0.5189,0.5312,0.5435,0.5558,0.5681,0.5804,0.5927,0.605,0.6173,0.6296,0.6419,0.6542,0.6665,0.6788,0.6911,0.7034,0.7157,0.728,0.7403,0.7526,0.7649,0.7772,0.7895,0.8018,0.8141,0.8264,0.8387,0.851,0.8633,0.8756,0.8879,0.9002,0.9125,0.9248,0.9371,0.9494,0.9617,0.974,0.9863,0.9986,1.0109,1.0232,1.0355,1.0478,1.0601,1.0724,1.0847,1.097,1.1093,1.1216,1.1339,1.1462,1.1585,1.1708,1.1831,1.1954,1.2077],"unit":"V"},"I":{"value":[0.001771,0.001768,0.001765,0.001765,0.00176,0.00176,0.001757,0.001758,0.001758,0.001756,0.001758,0.001755,0.001755,0.001755,0.001752,0.001755,0.001751,0.001751,0.001753,0.001751,0.001752,0.001746,0.001748,0.001747,0.001749,0.001748,0.001747,0.001746,0.001747,0.001746,0.001745,0.001743,0.001745,0.001745,0.001744,0.001745,0.001744,0.001745,0.001742,0.001743,0.00174,0.001742,0.001742,0.00174,0.001739,0.00174,0.00174,0.001738,0.001738,0.001738,0.001737,0.001737,0.001736,0.001736,0.001735,0.001733,0.001735,0.001732,0.001733,0.001731,0.001731,0.001729,0.001728,0.001727,0.001725,0.001725,0.001722,0.001721,0.001719,0.001718,0.001716,0.001715,0.001713,0.00171,0.001706,0.001703,0.001699,0.001691,0.001686,0.001679,0.001667,0.00165,0.001628,0.001599,0.001564,0.001512,0.001451,0.001374,0.001277,0.001166,0.001032,0.000889,0.000704,0.000492,0.000245,6.6e-5,-0.000211,-0.000577,-0.000997,-0.001351],"unit":"A"},"J":{"value":[0.00015939,0.00015912,0.00015885,0.00015885,0.0001584,0.0001584,0.00015813,0.00015821999999999999,0.00015821999999999999,0.00015804,0.00015821999999999999,0.00015795,0.00015795,0.00015795,0.00015768,0.00015795,0.00015759,0.00015759,0.00015777,0.00015759,0.00015768,0.00015713999999999998,0.00015732,0.00015723,0.00015741,0.00015732,0.00015723,0.00015713999999999998,0.00015723,0.00015713999999999998,0.00015705,0.00015686999999999998,0.00015705,0.00015705,0.00015696000000000002,0.00015705,0.00015696000000000002,0.00015705,0.00015678,0.00015686999999999998,0.00015659999999999998,0.00015678,0.00015678,0.00015659999999999998,0.00015651,0.00015659999999999998,0.00015659999999999998,0.00015642,0.00015642,0.00015642,0.00015633,0.00015633,0.00015623999999999998,0.00015623999999999998,0.00015615,0.00015596999999999999,0.00015615,0.00015588,0.00015596999999999999,0.00015579,0.00015579,0.00015561,0.00015552,0.00015543,0.00015524999999999998,0.00015524999999999998,0.00015497999999999998,0.00015489,0.00015471,0.00015461999999999998,0.00015444,0.00015434999999999998,0.00015417,0.0001539,0.00015354,0.00015327,0.00015291,0.00015219,0.00015174,0.00015110999999999998,0.00015003,0.0001485,0.00014652,0.00014391,0.00014076,0.00013608,0.00013059,0.00012366,0.00011492999999999999,0.00010494,9.287999999999999e-5,8.001e-5,6.335999999999999e-5,4.428e-5,2.2049999999999997e-5,5.94e-6,-1.899e-5,-5.193e-5,-8.973e-5,-0.00012158999999999999],"unit":"A\/cm2"},"voc":{"unit":"V","value":1.16452},"isc":{"unit":"A","value":1.767895},"jsc":{"unit":"mA\/cm2","value":19.643282},"fill_factor":{"unit":"%","value":79.069389},"vmax":{"unit":"V","value":0.9863},"efficiency":{"unit":"%","value":18.087112},"monitor_cell_reading":{"unit":"mV","value":0},"monitor_cell_calibration_value":{"unit":"mV","value":0},"test_device_area":{"unit":"cm2","value":0.09},"num_of_series_connected_stacks":{"unit":"","value":1},"sweep_direction":{"unit":"","value":"Forward"},"device_id":{"unit":"","value":"DA-2-2-F"},"cell_dimension":{"unit":"cm2","value":0.09},"key":"Forward_IV DA-2-2"},{"V":{"value":[-0.01,0.0023,0.0146,0.0269,0.0392,0.0515,0.0638,0.0761,0.0884,0.1007,0.113,0.1253,0.1376,0.1499,0.1622,0.1745,0.1868,0.1991,0.2114,0.2237,0.236,0.2483,0.2606,0.2729,0.2852,0.2975,0.3098,0.3221,0.3344,0.3467,0.359,0.3713,0.3836,0.3959,0.4082,0.4205,0.4328,0.4451,0.4574,0.4697,0.482,0.4943,0.5066,0.5189,0.5312,0.5435,0.5558,0.5681,0.5804,0.5927,0.605,0.6173,0.6296,0.6419,0.6542,0.6665,0.6788,0.6911,0.7034,0.7157,0.728,0.7403,0.7526,0.7649,0.7772,0.7895,0.8018,0.8141,0.8264,0.8387,0.851,0.8633,0.8756,0.8879,0.9002,0.9125,0.9248,0.9371,0.9494,0.9617,0.974,0.9863,0.9986,1.0109,1.0232,1.0355,1.0478,1.0601,1.0724,1.0847,1.097,1.1093,1.1216,1.1339,1.1462,1.1585,1.1708,1.1831,1.1954,1.2077],"unit":"V"},"I":{"value":[0.001726,0.001726,0.001722,0.00172,0.001718,0.001717,0.001715,0.001716,0.001714,0.001713,0.001714,0.00171,0.00171,0.001709,0.001712,0.001711,0.001709,0.001708,0.001707,0.001708,0.001707,0.001707,0.001707,0.001706,0.001707,0.001707,0.001707,0.001705,0.001705,0.001704,0.001703,0.001705,0.001703,0.001703,0.001704,0.001703,0.0017,0.0017,0.001698,0.001697,0.001697,0.001698,0.001699,0.001698,0.001697,0.001697,0.001697,0.001695,0.001696,0.001694,0.001692,0.001694,0.001692,0.001691,0.001692,0.001691,0.001689,0.001687,0.001688,0.001688,0.001687,0.001686,0.001684,0.001682,0.001682,0.001681,0.001679,0.001679,0.001676,0.001674,0.00167,0.001671,0.001669,0.001667,0.001661,0.001658,0.001657,0.00165,0.001647,0.001641,0.001631,0.001619,0.001606,0.001585,0.001557,0.001521,0.001476,0.001415,0.001338,0.001245,0.001132,0.001006,0.000841,0.000649,0.000425,0.000164,-0.000135,-0.000476,-0.000863,-0.001206],"unit":"A"},"J":{"value":[0.00015534000000000001,0.00015534000000000001,0.00015497999999999998,0.0001548,0.00015461999999999998,0.00015453,0.00015434999999999998,0.00015444,0.00015426,0.00015417,0.00015426,0.0001539,0.0001539,0.00015381,0.00015408,0.00015399,0.00015381,0.00015372,0.00015363,0.00015372,0.00015363,0.00015363,0.00015363,0.00015354,0.00015363,0.00015363,0.00015363,0.00015345,0.00015345,0.00015335999999999998,0.00015327,0.00015345,0.00015327,0.00015327,0.00015335999999999998,0.00015327,0.00015299999999999998,0.00015299999999999998,0.00015282,0.00015272999999999998,0.00015272999999999998,0.00015282,0.00015291,0.00015282,0.00015272999999999998,0.00015272999999999998,0.00015272999999999998,0.00015255,0.00015264,0.00015246,0.00015228,0.00015246,0.00015228,0.00015219,0.00015228,0.00015219,0.00015201,0.00015183,0.00015192,0.00015192,0.00015183,0.00015174,0.00015156,0.00015137999999999998,0.00015137999999999998,0.00015129,0.00015110999999999998,0.00015110999999999998,0.00015083999999999999,0.00015066,0.0001503,0.00015039,0.00015021,0.00015003,0.00014948999999999998,0.00014921999999999998,0.00014913,0.0001485,0.00014823,0.00014769,0.00014679,0.00014570999999999999,0.00014454,0.00014265,0.00014013,0.00013689,0.00013284,0.00012735,0.00012041999999999999,0.00011205,0.00010188,9.054e-5,7.568999999999999e-5,5.840999999999999e-5,3.8249999999999995e-5,1.476e-5,-1.2149999999999999e-5,-4.284e-5,-7.767000000000001e-5,-0.00010854],"unit":"A\/cm2"},"voc":{"unit":"V","value":1.166821},"isc":{"unit":"A","value":1.725535},"jsc":{"unit":"mA\/cm2","value":19.172606},"fill_factor":{"unit":"%","value":79.655056},"vmax":{"unit":"V","value":0.9986},"efficiency":{"unit":"%","value":17.819626},"monitor_cell_reading":{"unit":"mV","value":0},"monitor_cell_calibration_value":{"unit":"mV","value":0},"test_device_area":{"unit":"cm2","value":0.09},"num_of_series_connected_stacks":{"unit":"","value":1},"sweep_direction":{"unit":"","value":"Forward"},"device_id":{"unit":"","value":"DA-1-4-F"},"cell_dimension":{"unit":"cm2","value":0.09},"key":"Forward_IV DA-1-4"}],"XRD":[{"degree":{"unit":"2theta","datatype":"array","value":[5,5.019999981,5.039999962,5.059999943,5.079999924,5.099999905,5.119999886,5.139999866,5.159999847,5.179999828,5.199999809,5.21999979,5.239999771,5.260000229,5.28000021,5.300000191,5.320000172,5.340000153,5.360000134,5.380000114,5.400000095,5.420000076,5.440000057,5.460000038,5.480000019,5.5,5.519999981,5.539999962,5.559999943,5.579999924,5.599999905,5.619999886,5.639999866,5.659999847,5.679999828,5.699999809,5.71999979,5.739999771,5.760000229,5.78000021,5.800000191,5.820000172,5.840000153,5.860000134,5.880000114,5.900000095,5.920000076,5.940000057,5.960000038,5.980000019,6,6.019999981,6.039999962,6.059999943,6.079999924,6.099999905,6.119999886,6.139999866,6.159999847,6.179999828,6.199999809,6.21999979,6.239999771,6.260000229,6.28000021,6.300000191,6.320000172,6.340000153,6.360000134,6.380000114,6.400000095,6.420000076,6.440000057,6.460000038,6.480000019,6.5,6.519999981,6.539999962,6.559999943,6.579999924,6.599999905,6.619999886,6.639999866,6.659999847,6.679999828,6.699999809,6.71999979,6.739999771,6.760000229,6.78000021,6.800000191,6.820000172,6.840000153,6.860000134,6.880000114,6.900000095,6.920000076,6.940000057,6.960000038,6.980000019,7,7.019999981,7.039999962,7.059999943,7.079999924,7.099999905,7.119999886,7.139999866,7.159999847,7.179999828,7.199999809,7.21999979,7.239999771,7.260000229,7.28000021,7.300000191,7.320000172,7.340000153,7.360000134,7.380000114,7.400000095,7.420000076,7.440000057,7.460000038,7.480000019,7.5,7.519999981,7.539999962,7.559999943,7.579999924,7.599999905,7.619999886,7.639999866,7.659999847,7.679999828,7.699999809,7.71999979,7.739999771,7.760000229,7.78000021,7.800000191,7.820000172,7.840000153,7.860000134,7.880000114,7.900000095,7.920000076,7.940000057,7.960000038,7.980000019,8,8.020000458,8.039999962,8.06000042,8.079999924,8.100000381,8.119999886,8.140000343,8.159999847,8.180000305,8.199999809,8.220000267,8.239999771,8.260000229,8.279999733,8.300000191,8.319999695,8.340000153,8.359999657,8.380000114,8.399999619,8.420000076,8.43999958,8.460000038,8.479999542,8.5,8.520000458,8.539999962,8.56000042,8.579999924,8.600000381,8.619999886,8.640000343,8.659999847,8.680000305,8.699999809,8.720000267,8.739999771,8.760000229,8.779999733,8.800000191,8.819999695,8.840000153,8.859999657,8.880000114,8.899999619,8.920000076,8.93999958,8.960000038,8.979999542,9,9.020000458,9.039999962,9.06000042,9.079999924,9.100000381,9.119999886,9.140000343,9.159999847,9.180000305,9.199999809,9.220000267,9.239999771,9.260000229,9.279999733,9.300000191,9.319999695,9.340000153,9.359999657,9.380000114,9.399999619,9.420000076,9.43999958,9.460000038,9.479999542,9.5,9.520000458,9.539999962,9.56000042,9.579999924,9.600000381,9.619999886,9.640000343,9.659999847,9.680000305,9.699999809,9.720000267,9.739999771,9.760000229,9.779999733,9.800000191,9.819999695,9.840000153,9.859999657,9.880000114,9.899999619,9.920000076,9.93999958,9.960000038,9.979999542,10,10.02000046,10.03999996,10.06000042,10.07999992,10.10000038,10.11999989,10.14000034,10.15999985,10.18000031,10.19999981,10.22000027,10.23999977,10.26000023,10.27999973,10.30000019,10.31999969,10.34000015,10.35999966,10.38000011,10.39999962,10.42000008,10.43999958,10.46000004,10.47999954,10.5,10.52000046,10.53999996,10.56000042,10.57999992,10.60000038,10.61999989,10.64000034,10.65999985,10.68000031,10.69999981,10.72000027,10.73999977,10.76000023,10.77999973,10.80000019,10.81999969,10.84000015,10.85999966,10.88000011,10.89999962,10.92000008,10.93999958,10.96000004,10.97999954,11,11.02000046,11.03999996,11.06000042,11.07999992,11.10000038,11.11999989,11.14000034,11.15999985,11.18000031,11.19999981,11.22000027,11.23999977,11.26000023,11.27999973,11.30000019,11.31999969,11.34000015,11.35999966,11.38000011,11.39999962,11.42000008,11.43999958,11.46000004,11.47999954,11.5,11.52000046,11.53999996,11.56000042,11.57999992,11.60000038,11.61999989,11.64000034,11.65999985,11.68000031,11.69999981,11.72000027,11.73999977,11.76000023,11.77999973,11.80000019,11.81999969,11.84000015,11.85999966,11.88000011,11.89999962,11.92000008,11.93999958,11.96000004,11.97999954,12,12.02000046,12.03999996,12.06000042,12.07999992,12.10000038,12.11999989,12.14000034,12.15999985,12.18000031,12.19999981,12.22000027,12.23999977,12.26000023,12.27999973,12.30000019,12.31999969,12.34000015,12.35999966,12.38000011,12.39999962,12.42000008,12.43999958,12.46000004,12.47999954,12.5,12.52000046,12.53999996,12.56000042,12.57999992,12.60000038,12.61999989,12.64000034,12.65999985,12.68000031,12.69999981,12.72000027,12.73999977,12.76000023,12.77999973,12.80000019,12.81999969,12.84000015,12.85999966,12.88000011,12.89999962,12.92000008,12.93999958,12.96000004,12.97999954,13,13.02000046,13.03999996,13.06000042,13.07999992,13.10000038,13.11999989,13.14000034,13.15999985,13.18000031,13.19999981,13.22000027,13.23999977,13.26000023,13.27999973,13.30000019,13.31999969,13.34000015,13.35999966,13.38000011,13.39999962,13.42000008,13.43999958,13.46000004,13.47999954,13.5,13.52000046,13.53999996,13.56000042,13.57999992,13.60000038,13.61999989,13.64000034,13.65999985,13.68000031,13.69999981,13.72000027,13.73999977,13.76000023,13.77999973,13.80000019,13.81999969,13.84000015,13.85999966,13.88000011,13.89999962,13.92000008,13.93999958,13.96000004,13.97999954,14,14.02000046,14.03999996,14.06000042,14.07999992,14.10000038,14.11999989,14.14000034,14.15999985,14.18000031,14.19999981,14.22000027,14.23999977,14.26000023,14.27999973,14.30000019,14.31999969,14.34000015,14.35999966,14.38000011,14.39999962,14.42000008,14.43999958,14.46000004,14.47999954,14.5,14.52000046,14.53999996,14.56000042,14.57999992,14.60000038,14.61999989,14.64000034,14.65999985,14.68000031,14.69999981,14.72000027,14.73999977,14.76000023,14.77999973,14.80000019,14.81999969,14.84000015,14.85999966,14.88000011,14.89999962,14.92000008,14.93999958,14.96000004,14.97999954,15,15.02000046,15.03999996,15.06000042,15.07999992,15.10000038,15.11999989,15.14000034,15.15999985,15.18000031,15.19999981,15.22000027,15.23999977,15.26000023,15.27999973,15.30000019,15.31999969,15.34000015,15.35999966,15.38000011,15.39999962,15.42000008,15.43999958,15.46000004,15.47999954,15.5,15.52000046,15.53999996,15.56000042,15.57999992,15.60000038,15.61999989,15.64000034,15.65999985,15.68000031,15.69999981,15.72000027,15.73999977,15.76000023,15.77999973,15.80000019,15.81999969,15.84000015,15.85999966,15.88000011,15.89999962,15.92000008,15.93999958,15.96000004,15.97999954,16,16.02000046,16.04000092,16.05999947,16.07999992,16.10000038,16.12000084,16.13999939,16.15999985,16.18000031,16.20000076,16.21999931,16.23999977,16.26000023,16.28000069,16.29999924,16.31999969,16.34000015,16.36000061,16.37999916,16.39999962,16.42000008,16.44000053,16.45999908,16.47999954,16.5,16.52000046,16.54000092,16.55999947,16.57999992,16.60000038,16.62000084,16.63999939,16.65999985,16.68000031,16.70000076,16.71999931,16.73999977,16.76000023,16.78000069,16.79999924,16.81999969,16.84000015,16.86000061,16.87999916,16.89999962,16.92000008,16.94000053,16.95999908,16.97999954,17,17.02000046,17.04000092,17.05999947,17.07999992,17.10000038,17.12000084,17.13999939,17.15999985,17.18000031,17.20000076,17.21999931,17.23999977,17.26000023,17.28000069,17.29999924,17.31999969,17.34000015,17.36000061,17.37999916,17.39999962,17.42000008,17.44000053,17.45999908,17.47999954,17.5,17.52000046,17.54000092,17.55999947,17.57999992,17.60000038,17.62000084,17.63999939,17.65999985,17.68000031,17.70000076,17.71999931,17.73999977,17.76000023,17.78000069,17.79999924,17.81999969,17.84000015,17.86000061,17.87999916,17.89999962,17.92000008,17.94000053,17.95999908,17.97999954,18,18.02000046,18.04000092,18.05999947,18.07999992,18.10000038,18.12000084,18.13999939,18.15999985,18.18000031,18.20000076,18.21999931,18.23999977,18.26000023,18.28000069,18.29999924,18.31999969,18.34000015,18.36000061,18.37999916,18.39999962,18.42000008,18.44000053,18.45999908,18.47999954,18.5,18.52000046,18.54000092,18.55999947,18.57999992,18.60000038,18.62000084,18.63999939,18.65999985,18.68000031,18.70000076,18.71999931,18.73999977,18.76000023,18.78000069,18.79999924,18.81999969,18.84000015,18.86000061,18.87999916,18.89999962,18.92000008,18.94000053,18.95999908,18.97999954,19,19.02000046,19.04000092,19.05999947,19.07999992,19.10000038,19.12000084,19.13999939,19.15999985,19.18000031,19.20000076,19.21999931,19.23999977,19.26000023,19.28000069,19.29999924,19.31999969,19.34000015,19.36000061,19.37999916,19.39999962,19.42000008,19.44000053,19.45999908,19.47999954,19.5,19.52000046,19.54000092,19.55999947,19.57999992,19.60000038,19.62000084,19.63999939,19.65999985,19.68000031,19.70000076,19.71999931,19.73999977,19.76000023,19.78000069,19.79999924,19.81999969,19.84000015,19.86000061,19.87999916,19.89999962,19.92000008,19.94000053,19.95999908,19.97999954,20,20.02000046,20.04000092,20.05999947,20.07999992,20.10000038,20.12000084,20.13999939,20.15999985,20.18000031,20.20000076,20.21999931,20.23999977,20.26000023,20.28000069,20.29999924,20.31999969,20.34000015,20.36000061,20.37999916,20.39999962,20.42000008,20.44000053,20.45999908,20.47999954,20.5,20.52000046,20.54000092,20.55999947,20.57999992,20.60000038,20.62000084,20.63999939,20.65999985,20.68000031,20.70000076,20.71999931,20.73999977,20.76000023,20.78000069,20.79999924,20.81999969,20.84000015,20.86000061,20.87999916,20.89999962,20.92000008,20.94000053,20.95999908,20.97999954,21,21.02000046,21.04000092,21.05999947,21.07999992,21.10000038,21.12000084,21.13999939,21.15999985,21.18000031,21.20000076,21.21999931,21.23999977,21.26000023,21.28000069,21.29999924,21.31999969,21.34000015,21.36000061,21.37999916,21.39999962,21.42000008,21.44000053,21.45999908,21.47999954,21.5,21.52000046,21.54000092,21.55999947,21.57999992,21.60000038,21.62000084,21.63999939,21.65999985,21.68000031,21.70000076,21.71999931,21.73999977,21.76000023,21.78000069,21.79999924,21.81999969,21.84000015,21.86000061,21.87999916,21.89999962,21.92000008,21.94000053,21.95999908,21.97999954,22,22.02000046,22.04000092,22.05999947,22.07999992,22.10000038,22.12000084,22.13999939,22.15999985,22.18000031,22.20000076,22.21999931,22.23999977,22.26000023,22.28000069,22.29999924,22.31999969,22.34000015,22.36000061,22.37999916,22.39999962,22.42000008,22.44000053,22.45999908,22.47999954,22.5,22.52000046,22.54000092,22.55999947,22.57999992,22.60000038,22.62000084,22.63999939,22.65999985,22.68000031,22.70000076,22.71999931,22.73999977,22.76000023,22.78000069,22.79999924,22.81999969,22.84000015,22.86000061,22.87999916,22.89999962,22.92000008,22.94000053,22.95999908,22.97999954,23,23.02000046,23.04000092,23.05999947,23.07999992,23.10000038,23.12000084,23.13999939,23.15999985,23.18000031,23.20000076,23.21999931,23.23999977,23.26000023,23.28000069,23.29999924,23.31999969,23.34000015,23.36000061,23.37999916,23.39999962,23.42000008,23.44000053,23.45999908,23.47999954,23.5,23.52000046,23.54000092,23.55999947,23.57999992,23.60000038,23.62000084,23.63999939,23.65999985,23.68000031,23.70000076,23.71999931,23.73999977,23.76000023,23.78000069,23.79999924,23.81999969,23.84000015,23.86000061,23.87999916,23.89999962,23.92000008,23.94000053,23.95999908,23.97999954,24,24.02000046,24.04000092,24.05999947,24.07999992,24.10000038,24.12000084,24.13999939,24.15999985,24.18000031,24.20000076,24.21999931,24.23999977,24.26000023,24.28000069,24.29999924,24.31999969,24.34000015,24.36000061,24.37999916,24.39999962,24.42000008,24.44000053,24.45999908,24.47999954,24.5,24.52000046,24.54000092,24.55999947,24.57999992,24.60000038,24.62000084,24.63999939,24.65999985,24.68000031,24.70000076,24.71999931,24.73999977,24.76000023,24.78000069,24.79999924,24.81999969,24.84000015,24.86000061,24.87999916,24.89999962,24.92000008,24.94000053,24.95999908,24.97999954,25,25.02000046,25.04000092,25.05999947,25.07999992,25.10000038,25.12000084,25.13999939,25.15999985,25.18000031,25.20000076,25.21999931,25.23999977,25.26000023,25.28000069,25.29999924,25.31999969,25.34000015,25.36000061,25.37999916,25.39999962,25.42000008,25.44000053,25.45999908,25.47999954,25.5,25.52000046,25.54000092,25.55999947,25.57999992,25.60000038,25.62000084,25.63999939,25.65999985,25.68000031,25.70000076,25.71999931,25.73999977,25.76000023,25.78000069,25.79999924,25.81999969,25.84000015,25.86000061,25.87999916,25.89999962,25.92000008,25.94000053,25.95999908,25.97999954,26,26.02000046,26.04000092,26.05999947,26.07999992,26.10000038,26.12000084,26.13999939,26.15999985,26.18000031,26.20000076,26.21999931,26.23999977,26.26000023,26.28000069,26.29999924,26.31999969,26.34000015,26.36000061,26.37999916,26.39999962,26.42000008,26.44000053,26.45999908,26.47999954,26.5,26.52000046,26.54000092,26.55999947,26.57999992,26.60000038,26.62000084,26.63999939,26.65999985,26.68000031,26.70000076,26.71999931,26.73999977,26.76000023,26.78000069,26.79999924,26.81999969,26.84000015,26.86000061,26.87999916,26.89999962,26.92000008,26.94000053,26.95999908,26.97999954,27,27.02000046,27.04000092,27.05999947,27.07999992,27.10000038,27.12000084,27.13999939,27.15999985,27.18000031,27.20000076,27.21999931,27.23999977,27.26000023,27.28000069,27.29999924,27.31999969,27.34000015,27.36000061,27.37999916,27.39999962,27.42000008,27.44000053,27.45999908,27.47999954,27.5,27.52000046,27.54000092,27.55999947,27.57999992,27.60000038,27.62000084,27.63999939,27.65999985,27.68000031,27.70000076,27.71999931,27.73999977,27.76000023,27.78000069,27.79999924,27.81999969,27.84000015,27.86000061,27.87999916,27.89999962,27.92000008,27.94000053,27.95999908,27.97999954,28,28.02000046,28.04000092,28.05999947,28.07999992,28.10000038,28.12000084,28.13999939,28.15999985,28.18000031,28.20000076,28.21999931,28.23999977,28.26000023,28.28000069,28.29999924,28.31999969,28.34000015,28.36000061,28.37999916,28.39999962,28.42000008,28.44000053,28.45999908,28.47999954,28.5,28.52000046,28.54000092,28.55999947,28.57999992,28.60000038,28.62000084,28.63999939,28.65999985,28.68000031,28.70000076,28.71999931,28.73999977,28.76000023,28.78000069,28.79999924,28.81999969,28.84000015,28.86000061,28.87999916,28.89999962,28.92000008,28.94000053,28.95999908,28.97999954,29,29.02000046,29.04000092,29.05999947,29.07999992,29.10000038,29.12000084,29.13999939,29.15999985,29.18000031,29.20000076,29.21999931,29.23999977,29.26000023,29.28000069,29.29999924,29.31999969,29.34000015,29.36000061,29.37999916,29.39999962,29.42000008,29.44000053,29.45999908,29.47999954,29.5,29.52000046,29.54000092,29.55999947,29.57999992,29.60000038,29.62000084,29.63999939,29.65999985,29.68000031,29.70000076,29.71999931,29.73999977,29.76000023,29.78000069,29.79999924,29.81999969,29.84000015,29.86000061,29.87999916,29.89999962,29.92000008,29.94000053,29.95999908,29.97999954,30,30.02000046,30.04000092,30.05999947,30.07999992,30.10000038,30.12000084,30.13999939,30.15999985,30.18000031,30.20000076,30.21999931,30.23999977,30.26000023,30.28000069,30.29999924,30.31999969,30.34000015,30.36000061,30.37999916,30.39999962,30.42000008,30.44000053,30.45999908,30.47999954,30.5,30.52000046,30.54000092,30.55999947,30.57999992,30.60000038,30.62000084,30.63999939,30.65999985,30.68000031,30.70000076,30.71999931,30.73999977,30.76000023,30.78000069,30.79999924,30.81999969,30.84000015,30.86000061,30.87999916,30.89999962,30.92000008,30.94000053,30.95999908,30.97999954,31,31.02000046,31.04000092,31.05999947,31.07999992,31.10000038,31.12000084,31.13999939,31.15999985,31.18000031,31.20000076,31.21999931,31.23999977,31.26000023,31.28000069,31.29999924,31.31999969,31.34000015,31.36000061,31.37999916,31.39999962,31.42000008,31.44000053,31.45999908,31.47999954,31.5,31.52000046,31.54000092,31.55999947,31.57999992,31.60000038,31.62000084,31.63999939,31.65999985,31.68000031,31.70000076,31.71999931,31.73999977,31.76000023,31.78000069,31.79999924,31.81999969,31.84000015,31.86000061,31.87999916,31.89999962,31.92000008,31.94000053,31.95999908,31.97999954,32,32.02000046,32.04000092,32.06000137,32.08000183,32.09999847,32.11999893,32.13999939,32.15999985,32.18000031,32.20000076,32.22000122,32.24000168,32.25999832,32.27999878,32.29999924,32.31999969,32.34000015,32.36000061,32.38000107,32.40000153,32.41999817,32.43999863,32.45999908,32.47999954,32.5,32.52000046,32.54000092,32.56000137,32.58000183,32.59999847,32.61999893,32.63999939,32.65999985,32.68000031,32.70000076,32.72000122,32.74000168,32.75999832,32.77999878,32.79999924,32.81999969,32.84000015,32.86000061,32.88000107,32.90000153,32.91999817,32.93999863,32.95999908,32.97999954,33,33.02000046,33.04000092,33.06000137,33.08000183,33.09999847,33.11999893,33.13999939,33.15999985,33.18000031,33.20000076,33.22000122,33.24000168,33.25999832,33.27999878,33.29999924,33.31999969,33.34000015,33.36000061,33.38000107,33.40000153,33.41999817,33.43999863,33.45999908,33.47999954,33.5,33.52000046,33.54000092,33.56000137,33.58000183,33.59999847,33.61999893,33.63999939,33.65999985,33.68000031,33.70000076,33.72000122,33.74000168,33.75999832,33.77999878,33.79999924,33.81999969,33.84000015,33.86000061,33.88000107,33.90000153,33.91999817,33.93999863,33.95999908,33.97999954,34,34.02000046,34.04000092,34.06000137,34.08000183,34.09999847,34.11999893,34.13999939,34.15999985,34.18000031,34.20000076,34.22000122,34.24000168,34.25999832,34.27999878,34.29999924,34.31999969,34.34000015,34.36000061,34.38000107,34.40000153,34.41999817,34.43999863,34.45999908,34.47999954,34.5,34.52000046,34.54000092,34.56000137,34.58000183,34.59999847,34.61999893,34.63999939,34.65999985,34.68000031,34.70000076,34.72000122,34.74000168,34.75999832,34.77999878,34.79999924,34.81999969,34.84000015,34.86000061,34.88000107,34.90000153,34.91999817,34.93999863,34.95999908,34.97999954,35,35.02000046,35.04000092,35.06000137,35.08000183,35.09999847,35.11999893,35.13999939,35.15999985,35.18000031,35.20000076,35.22000122,35.24000168,35.25999832,35.27999878,35.29999924,35.31999969,35.34000015,35.36000061,35.38000107,35.40000153,35.41999817,35.43999863,35.45999908,35.47999954,35.5,35.52000046,35.54000092,35.56000137,35.58000183,35.59999847,35.61999893,35.63999939,35.65999985,35.68000031,35.70000076,35.72000122,35.74000168,35.75999832,35.77999878,35.79999924,35.81999969,35.84000015,35.86000061,35.88000107,35.90000153,35.91999817,35.93999863,35.95999908,35.97999954,36,36.02000046,36.04000092,36.06000137,36.08000183,36.09999847,36.11999893,36.13999939,36.15999985,36.18000031,36.20000076,36.22000122,36.24000168,36.25999832,36.27999878,36.29999924,36.31999969,36.34000015,36.36000061,36.38000107,36.40000153,36.41999817,36.43999863,36.45999908,36.47999954,36.5,36.52000046,36.54000092,36.56000137,36.58000183,36.59999847,36.61999893,36.63999939,36.65999985,36.68000031,36.70000076,36.72000122,36.74000168,36.75999832,36.77999878,36.79999924,36.81999969,36.84000015,36.86000061,36.88000107,36.90000153,36.91999817,36.93999863,36.95999908,36.97999954,37,37.02000046,37.04000092,37.06000137,37.08000183,37.09999847,37.11999893,37.13999939,37.15999985,37.18000031,37.20000076,37.22000122,37.24000168,37.25999832,37.27999878,37.29999924,37.31999969,37.34000015,37.36000061,37.38000107,37.40000153,37.41999817,37.43999863,37.45999908,37.47999954,37.5,37.52000046,37.54000092,37.56000137,37.58000183,37.59999847,37.61999893,37.63999939,37.65999985,37.68000031,37.70000076,37.72000122,37.74000168,37.75999832,37.77999878,37.79999924,37.81999969,37.84000015,37.86000061,37.88000107,37.90000153,37.91999817,37.93999863,37.95999908,37.97999954,38,38.02000046,38.04000092,38.06000137,38.08000183,38.09999847,38.11999893,38.13999939,38.15999985,38.18000031,38.20000076,38.22000122,38.24000168,38.25999832,38.27999878,38.29999924,38.31999969,38.34000015,38.36000061,38.38000107,38.40000153,38.41999817,38.43999863,38.45999908,38.47999954,38.5,38.52000046,38.54000092,38.56000137,38.58000183,38.59999847,38.61999893,38.63999939,38.65999985,38.68000031,38.70000076,38.72000122,38.74000168,38.75999832,38.77999878,38.79999924,38.81999969,38.84000015,38.86000061,38.88000107,38.90000153,38.91999817,38.93999863,38.95999908,38.97999954,39,39.02000046,39.04000092,39.06000137,39.08000183,39.09999847,39.11999893,39.13999939,39.15999985,39.18000031,39.20000076,39.22000122,39.24000168,39.25999832,39.27999878,39.29999924,39.31999969,39.34000015,39.36000061,39.38000107,39.40000153,39.41999817,39.43999863,39.45999908,39.47999954,39.5,39.52000046,39.54000092,39.56000137,39.58000183,39.59999847,39.61999893,39.63999939,39.65999985,39.68000031,39.70000076,39.72000122,39.74000168,39.75999832,39.77999878,39.79999924,39.81999969,39.84000015,39.86000061,39.88000107,39.90000153,39.91999817,39.93999863,39.95999908,39.97999954,40]},"intensity":{"unit":"cps","datatype":"array","value":[520,486.6666565,510,456.6666565,413.3333435,406.6666565,423.3333435,396.6666565,426.6666565,486.6666565,380,386.6666565,416.6666565,393.3333435,476.6666565,390,366.6666565,446.6666565,446.6666565,396.6666565,340,350,340,410,360,393.3333435,330,410,323.3333435,383.3333435,363.3333435,406.6666565,333.3333435,373.3333435,336.6666565,293.3333435,333.3333435,373.3333435,373.3333435,260,396.6666565,333.3333435,310,276.6666565,320,286.6666565,320,250,276.6666565,330,316.6666565,290,350,300,266.6666565,326.6666565,260,266.6666565,296.6666565,313.3333435,253.3333282,290,306.6666565,283.3333435,270,266.6666565,240,280,273.3333435,293.3333435,266.6666565,236.6666718,273.3333435,270,250,280,266.6666565,256.6666565,250,260,223.3333282,216.6666718,273.3333435,230,243.3333282,206.6666718,226.6666718,283.3333435,210,216.6666718,200,236.6666718,233.3333282,200,226.6666718,150,223.3333282,196.6666718,203.3333282,203.3333282,206.6666718,230,176.6666718,183.3333282,220,206.6666718,220,166.6666718,220,176.6666718,180,180,183.3333282,196.6666718,176.6666718,176.6666718,200,226.6666718,226.6666718,196.6666718,146.6666718,223.3333282,190,150,163.3333282,216.6666718,203.3333282,163.3333282,136.6666718,143.3333282,173.3333282,243.3333282,196.6666718,176.6666718,130,196.6666718,203.3333282,200,183.3333282,150,206.6666718,196.6666718,183.3333282,143.3333282,140,183.3333282,176.6666718,163.3333282,153.3333282,160,173.3333282,170,150,166.6666718,156.6666718,173.3333282,166.6666718,183.3333282,130,166.6666718,176.6666718,170,146.6666718,163.3333282,200,170,170,200,156.6666718,223.3333282,180,173.3333282,143.3333282,150,116.6666641,160,150,143.3333282,133.3333282,153.3333282,170,220,163.3333282,206.6666718,150,186.6666718,143.3333282,163.3333282,180,146.6666718,193.3333282,160,143.3333282,180,196.6666718,193.3333282,196.6666718,180,180,160,170,163.3333282,160,160,173.3333282,170,200,126.6666641,170,166.6666718,163.3333282,140,156.6666718,203.3333282,150,183.3333282,173.3333282,143.3333282,190,176.6666718,123.3333359,163.3333282,130,153.3333282,186.6666718,153.3333282,193.3333282,173.3333282,166.6666718,113.3333359,173.3333282,173.3333282,146.6666718,123.3333359,143.3333282,150,123.3333359,113.3333359,150,143.3333282,123.3333359,166.6666718,143.3333282,143.3333282,136.6666718,116.6666641,150,160,93.33333588,136.6666718,143.3333282,153.3333282,100,153.3333282,146.6666718,116.6666641,110,156.6666718,96.66666412,123.3333359,120,146.6666718,170,100,143.3333282,100,113.3333359,116.6666641,106.6666641,166.6666718,140,116.6666641,123.3333359,133.3333282,166.6666718,113.3333359,140,143.3333282,110,150,136.6666718,110,103.3333359,140,123.3333359,106.6666641,110,163.3333282,116.6666641,123.3333359,100,156.6666718,123.3333359,126.6666641,133.3333282,150,120,103.3333359,133.3333282,86.66666412,83.33333588,100,123.3333359,106.6666641,93.33333588,120,130,90,103.3333359,153.3333282,156.6666718,156.6666718,116.6666641,83.33333588,150,93.33333588,123.3333359,156.6666718,153.3333282,133.3333282,76.66666412,150,150,126.6666641,136.6666718,136.6666718,116.6666641,193.3333282,240,216.6666718,240,246.6666718,233.3333282,196.6666718,206.6666718,210,236.6666718,166.6666718,186.6666718,183.3333282,173.3333282,163.3333282,153.3333282,203.3333282,196.6666718,143.3333282,150,216.6666718,166.6666718,193.3333282,183.3333282,173.3333282,176.6666718,200,173.3333282,130,170,160,156.6666718,156.6666718,143.3333282,176.6666718,173.3333282,173.3333282,186.6666718,163.3333282,156.6666718,176.6666718,140,166.6666718,200,176.6666718,156.6666718,173.3333282,150,186.6666718,153.3333282,170,153.3333282,190,180,170,196.6666718,183.3333282,163.3333282,160,203.3333282,223.3333282,180,193.3333282,153.3333282,156.6666718,160,146.6666718,173.3333282,160,200,143.3333282,146.6666718,146.6666718,180,110,156.6666718,190,173.3333282,136.6666718,180,183.3333282,120,183.3333282,180,153.3333282,186.6666718,130,170,163.3333282,223.3333282,156.6666718,170,163.3333282,170,136.6666718,176.6666718,160,226.6666718,200,196.6666718,183.3333282,183.3333282,176.6666718,166.6666718,200,160,206.6666718,193.3333282,280,233.3333282,223.3333282,233.3333282,203.3333282,203.3333282,236.6666718,260,293.3333435,283.3333435,326.6666565,300,350,390,460,473.3333435,613.333313,810,830,1053.333374,1236.666626,1390,1463.333374,1306.666626,1216.666626,970,796.666687,576.666687,500,466.6666565,403.3333435,410,290,256.6666565,243.3333282,226.6666718,220,266.6666565,260,186.6666718,200,173.3333282,223.3333282,216.6666718,226.6666718,176.6666718,186.6666718,176.6666718,180,193.3333282,136.6666718,156.6666718,130,150,150,163.3333282,136.6666718,146.6666718,160,203.3333282,120,146.6666718,123.3333359,176.6666718,153.3333282,150,123.3333359,146.6666718,143.3333282,150,146.6666718,150,156.6666718,156.6666718,163.3333282,133.3333282,140,106.6666641,96.66666412,126.6666641,126.6666641,166.6666718,100,96.66666412,156.6666718,120,106.6666641,143.3333282,123.3333359,156.6666718,103.3333359,180,166.6666718,120,126.6666641,116.6666641,123.3333359,170,133.3333282,120,183.3333282,110,120,133.3333282,123.3333359,106.6666641,126.6666641,126.6666641,120,96.66666412,133.3333282,136.6666718,116.6666641,116.6666641,123.3333359,133.3333282,120,146.6666718,83.33333588,123.3333359,126.6666641,130,126.6666641,120,143.3333282,120,143.3333282,133.3333282,130,153.3333282,160,103.3333359,130,146.6666718,156.6666718,123.3333359,136.6666718,140,120,103.3333359,133.3333282,93.33333588,96.66666412,150,173.3333282,163.3333282,136.6666718,133.3333282,110,100,136.6666718,150,133.3333282,120,163.3333282,153.3333282,146.6666718,150,173.3333282,136.6666718,173.3333282,123.3333359,176.6666718,113.3333359,160,150,150,126.6666641,100,133.3333282,160,200,166.6666718,146.6666718,133.3333282,140,180,140,136.6666718,153.3333282,150,163.3333282,170,160,150,143.3333282,180,186.6666718,176.6666718,170,193.3333282,223.3333282,170,143.3333282,183.3333282,210,153.3333282,143.3333282,133.3333282,160,193.3333282,180,166.6666718,186.6666718,183.3333282,170,126.6666641,160,170,190,216.6666718,230,140,160,176.6666718,163.3333282,180,180,150,176.6666718,116.6666641,163.3333282,140,180,193.3333282,190,180,193.3333282,193.3333282,183.3333282,166.6666718,156.6666718,173.3333282,196.6666718,166.6666718,196.6666718,170,223.3333282,176.6666718,166.6666718,156.6666718,173.3333282,196.6666718,183.3333282,170,223.3333282,206.6666718,173.3333282,180,186.6666718,220,166.6666718,180,226.6666718,176.6666718,150,170,193.3333282,223.3333282,153.3333282,223.3333282,196.6666718,203.3333282,233.3333282,183.3333282,186.6666718,223.3333282,180,203.3333282,183.3333282,180,220,216.6666718,220,190,200,216.6666718,226.6666718,206.6666718,190,180,196.6666718,216.6666718,163.3333282,180,196.6666718,193.3333282,223.3333282,270,176.6666718,196.6666718,176.6666718,190,220,220,230,190,230,223.3333282,226.6666718,240,280,233.3333282,233.3333282,236.6666718,166.6666718,200,226.6666718,246.6666718,353.3333435,223.3333282,276.6666565,353.3333435,423.3333435,606.666687,743.333313,996.666687,1396.666626,1356.666626,1300,1140,796.666687,600,496.6666565,443.3333435,356.6666565,336.6666565,323.3333435,273.3333435,256.6666565,313.3333435,270,270,260,223.3333282,230,236.6666718,260,283.3333435,246.6666718,246.6666718,226.6666718,230,253.3333282,276.6666565,296.6666565,226.6666718,246.6666718,206.6666718,240,250,250,266.6666565,243.3333282,240,273.3333435,176.6666718,206.6666718,253.3333282,233.3333282,220,273.3333435,250,260,223.3333282,270,286.6666565,240,250,330,273.3333435,223.3333282,300,266.6666565,320,283.3333435,280,340,336.6666565,283.3333435,350,343.3333435,350,356.6666565,246.6666718,310,280,303.3333435,256.6666565,286.6666565,270,290,280,230,256.6666565,270,313.3333435,236.6666718,246.6666718,296.6666565,210,230,266.6666565,253.3333282,260,266.6666565,236.6666718,273.3333435,196.6666718,290,276.6666565,223.3333282,283.3333435,270,296.6666565,280,303.3333435,286.6666565,310,286.6666565,263.3333435,290,250,280,256.6666565,326.6666565,290,283.3333435,260,273.3333435,243.3333282,286.6666565,246.6666718,273.3333435,260,246.6666718,270,270,250,270,233.3333282,263.3333435,256.6666565,210,273.3333435,313.3333435,236.6666718,240,306.6666565,306.6666565,280,233.3333282,326.6666565,250,273.3333435,293.3333435,253.3333282,266.6666565,253.3333282,250,230,243.3333282,293.3333435,283.3333435,303.3333435,310,263.3333435,250,246.6666718,283.3333435,296.6666565,296.6666565,200,296.6666565,253.3333282,296.6666565,330,256.6666565,306.6666565,283.3333435,313.3333435,320,310,273.3333435,256.6666565,243.3333282,283.3333435,253.3333282,290,260,310,316.6666565,303.3333435,283.3333435,326.6666565,306.6666565,260,326.6666565,296.6666565,313.3333435,273.3333435,260,290,310,350,313.3333435,290,383.3333435,293.3333435,270,373.3333435,320,313.3333435,286.6666565,350,333.3333435,330,313.3333435,270,346.6666565,303.3333435,270,276.6666565,236.6666718,296.6666565,326.6666565,243.3333282,283.3333435,320,336.6666565,316.6666565,253.3333282,300,333.3333435,346.6666565,353.3333435,393.3333435,356.6666565,343.3333435,413.3333435,400,443.3333435,503.3333435,660,730,986.666687,870,1036.666626,866.666687,820,743.333313,653.333313,473.3333435,426.6666565,490,406.6666565,443.3333435,423.3333435,366.6666565,396.6666565,380,360,370,326.6666565,363.3333435,323.3333435,286.6666565,313.3333435,340,326.6666565,313.3333435,320,313.3333435,306.6666565,333.3333435,296.6666565,313.3333435,293.3333435,393.3333435,296.6666565,313.3333435,343.3333435,336.6666565,326.6666565,293.3333435,343.3333435,270,350,300,370,323.3333435,270,333.3333435,276.6666565,336.6666565,340,336.6666565,356.6666565,326.6666565,343.3333435,323.3333435,373.3333435,363.3333435,313.3333435,350,326.6666565,343.3333435,356.6666565,313.3333435,253.3333282,300,303.3333435,310,293.3333435,310,290,296.6666565,280,263.3333435,290,300,320,310,276.6666565,356.6666565,283.3333435,283.3333435,226.6666718,370,320,253.3333282,330,293.3333435,326.6666565,366.6666565,266.6666565,246.6666718,333.3333435,290,276.6666565,316.6666565,366.6666565,283.3333435,290,356.6666565,293.3333435,326.6666565,313.3333435,253.3333282,283.3333435,310,260,363.3333435,273.3333435,296.6666565,353.3333435,366.6666565,290,333.3333435,340,296.6666565,306.6666565,303.3333435,336.6666565,263.3333435,320,283.3333435,263.3333435,310,346.6666565,283.3333435,266.6666565,306.6666565,350,283.3333435,260,300,336.6666565,286.6666565,400,340,246.6666718,353.3333435,256.6666565,323.3333435,250,293.3333435,333.3333435,283.3333435,290,283.3333435,283.3333435,263.3333435,336.6666565,303.3333435,330,340,356.6666565,276.6666565,330,256.6666565,296.6666565,363.3333435,323.3333435,323.3333435,296.6666565,326.6666565,316.6666565,283.3333435,280,270,326.6666565,326.6666565,303.3333435,283.3333435,353.3333435,313.3333435,280,320,290,260,306.6666565,373.3333435,323.3333435,356.6666565,366.6666565,386.6666565,366.6666565,350,446.6666565,460,473.3333435,403.3333435,540,490,633.333313,640,743.333313,836.666687,986.666687,1010,910,903.333313,856.666687,726.666687,586.666687,606.666687,546.666687,466.6666565,466.6666565,426.6666565,390,396.6666565,316.6666565,346.6666565,306.6666565,323.3333435,330,333.3333435,393.3333435,310,253.3333282,320,320,280,283.3333435,276.6666565,253.3333282,290,316.6666565,270,293.3333435,323.3333435,306.6666565,293.3333435,290,303.3333435,316.6666565,353.3333435,306.6666565,260,326.6666565,306.6666565,296.6666565,303.3333435,313.3333435,266.6666565,306.6666565,286.6666565,296.6666565,276.6666565,276.6666565,343.3333435,293.3333435,303.3333435,306.6666565,326.6666565,290,320,310,316.6666565,320,320,280,293.3333435,280,270,373.3333435,346.6666565,340,270,290,390,323.3333435,336.6666565,413.3333435,410,376.6666565,393.3333435,450,433.3333435,450,493.3333435,463.3333435,543.333313,536.666687,516.666687,533.333313,563.333313,506.6666565,513.333313,490,500,476.6666565,400,513.333313,440,410,363.3333435,366.6666565,443.3333435,343.3333435,420,330,330,293.3333435,350,306.6666565,383.3333435,293.3333435,326.6666565,306.6666565,270,320,300,266.6666565,283.3333435,253.3333282,270,296.6666565,316.6666565,276.6666565,340,326.6666565,280,253.3333282,316.6666565,340,290,263.3333435,296.6666565,340,246.6666718,333.3333435,306.6666565,313.3333435,276.6666565,286.6666565,330,280,320,313.3333435,306.6666565,336.6666565,280,333.3333435,263.3333435,303.3333435,270,346.6666565,303.3333435,280,350,320,300,300,326.6666565,326.6666565,356.6666565,303.3333435,356.6666565,356.6666565,453.3333435,473.3333435,530,480,543.333313,586.666687,760,1026.666626,1276.666626,1456.666626,1713.333374,1583.333374,1550,1473.333374,1266.666626,1273.333374,923.333313,713.333313,633.333313,503.3333435,406.6666565,496.6666565,396.6666565,350,363.3333435,296.6666565,330,333.3333435,246.6666718,233.3333282,353.3333435,270,310,340,260,313.3333435,283.3333435,260,256.6666565,240,306.6666565,283.3333435,316.6666565,216.6666718,210,286.6666565,303.3333435,290,263.3333435,240,293.3333435,283.3333435,220,230,263.3333435,280,260,313.3333435,300,276.6666565,266.6666565,193.3333282,256.6666565,253.3333282,236.6666718,250,206.6666718,226.6666718,280,256.6666565,293.3333435,240,253.3333282,206.6666718,256.6666565,306.6666565,270,240,270,233.3333282,266.6666565,263.3333435,233.3333282,273.3333435,260,220,263.3333435,230,256.6666565,240,253.3333282,260,270,236.6666718,236.6666718,283.3333435,236.6666718,253.3333282,246.6666718,233.3333282,240,203.3333282,256.6666565,233.3333282,250,233.3333282,220,236.6666718,250,226.6666718,260,246.6666718,186.6666718,260,266.6666565,236.6666718,196.6666718,250,256.6666565,223.3333282,156.6666718,200,253.3333282,230,220,270,153.3333282,183.3333282,223.3333282,256.6666565,223.3333282,223.3333282,220,216.6666718,183.3333282,223.3333282,136.6666718,253.3333282,180,203.3333282,236.6666718,253.3333282,200,176.6666718,243.3333282,220,233.3333282,233.3333282,240,256.6666565,240,273.3333435,293.3333435,283.3333435,270,250,300,303.3333435,323.3333435,296.6666565,293.3333435,380,413.3333435,393.3333435,420,576.666687,630,700,816.666687,836.666687,923.333313,980,996.666687,950,920,933.333313,973.333313,893.333313,730,756.666687,670,593.333313,563.333313,480,386.6666565,423.3333435,363.3333435,350,333.3333435,310,273.3333435,266.6666565,260,276.6666565,226.6666718,246.6666718,253.3333282,253.3333282,186.6666718,243.3333282,220,243.3333282,220,216.6666718,180,226.6666718,196.6666718,196.6666718,223.3333282,206.6666718,183.3333282,190,233.3333282,216.6666718,166.6666718,126.6666641,190,186.6666718,176.6666718,223.3333282,150,180,160,193.3333282,140,236.6666718,216.6666718,196.6666718,193.3333282,196.6666718,183.3333282,153.3333282,210,170,180,170,153.3333282,150,176.6666718,220,196.6666718,163.3333282,190,186.6666718,186.6666718,153.3333282,166.6666718,146.6666718,186.6666718,186.6666718,216.6666718,196.6666718,160,170,160,156.6666718,190,186.6666718,166.6666718,200,176.6666718,193.3333282,160,196.6666718,196.6666718,176.6666718,186.6666718,190,170,166.6666718,210,223.3333282,223.3333282,190,216.6666718,183.3333282,233.3333282,253.3333282,243.3333282,230,190,270,210,253.3333282,250,256.6666565,193.3333282,226.6666718,236.6666718,226.6666718,236.6666718,153.3333282,206.6666718,166.6666718,206.6666718,140,196.6666718,206.6666718,180,173.3333282,190,163.3333282,180,123.3333359,206.6666718,143.3333282,180,140,186.6666718,186.6666718,136.6666718,143.3333282,173.3333282,140,130,163.3333282,136.6666718,173.3333282,206.6666718,180,186.6666718,180,156.6666718,146.6666718,153.3333282,190,180,176.6666718,206.6666718,190,176.6666718,193.3333282,160,156.6666718,183.3333282,223.3333282,156.6666718,163.3333282,203.3333282,143.3333282,143.3333282,170,166.6666718,170,156.6666718,160,146.6666718,150,173.3333282,150,136.6666718,170,190,206.6666718,170,236.6666718,193.3333282,173.3333282,173.3333282,220,180,180,170,186.6666718,190,186.6666718,150,223.3333282,193.3333282,183.3333282,150,146.6666718,133.3333282,173.3333282,166.6666718,143.3333282,186.6666718,203.3333282,146.6666718,160,136.6666718,150,200,130,133.3333282,160,166.6666718,200,160,180,140,150,150,183.3333282,136.6666718,156.6666718,176.6666718,186.6666718,166.6666718,200,166.6666718,150,160,180,166.6666718,193.3333282,203.3333282,193.3333282,140,180,136.6666718,170,176.6666718,143.3333282]},"key":"Vo8Ft","layer":null,"filename":"DA.txt"}],"PL":[{"wavelength":{"unit":"nm","value":[500,501,502,503,504,505,506,507,508,509,510,511,512,513,514,515,516,517,518,519,520,521,522,523,524,525,526,527,528,529,530,531,532,533,534,535,536,537,538,539,540,541,542,543,544,545,546,547,548,549,550,551,552,553,554,555,556,557,558,559,560,561,562,563,564,565,566,567,568,569,570,571,572,573,574,575,576,577,578,579,580,581,582,583,584,585,586,587,588,589,590,591,592,593,594,595,596,597,598,599,600,601,602,603,604,605,606,607,608,609,610,611,612,613,614,615,616,617,618,619,620,621,622,623,624,625,626,627,628,629,630,631,632,633,634,635,636,637,638,639,640,641,642,643,644,645,646,647,648,649,650,651,652,653,654,655,656,657,658,659,660,661,662,663,664,665,666,667,668,669,670,671,672,673,674,675,676,677,678,679,680,681,682,683,684,685,686,687,688,689,690,691,692,693,694,695,696,697,698,699,700,701,702,703,704,705,706,707,708,709,710,711,712,713,714,715,716,717,718,719,720,721,722,723,724,725,726,727,728,729,730,731,732,733,734,735,736,737,738,739,740,741,742,743,744,745,746,747,748,749,750,751,752,753,754,755,756,757,758,759,760,761,762,763,764,765,766,767,768,769,770,771,772,773,774,775,776,777,778,779,780,781,782,783,784,785,786,787,788,789,790,791,792,793,794,795,796,797,798,799,800,801,802,803,804,805,806,807,808,809,810,811,812,813,814,815,816,817,818,819,820,821,822,823,824,825,826,827,828,829,830,831,832,833,834,835,836,837,838,839,840,841,842,843,844,845,846,847,848,849,850]},"intensity":{"unit":"","value":[3002.08789,2903.92139,2804.87915,2749.44482,2773.97778,2731.06177,2712.86157,2605.40234,2646.40845,2513.63403,2517.19409,2550.58228,2542.5293,2555.7771,2581.27979,2588.3606,2593.48975,2646.54932,2649.90454,2685.81348,2727.40723,2681.45166,2749.56787,2772.03052,2861.21802,2864.21436,2892.68652,2962.06494,2961.67236,3026.84766,3100.88306,3163.15527,3191.62598,3293.00781,3319.74536,3426.70239,3492.1377,3598.88232,3667.78564,3708.83765,3854.0835,3988.82617,4105.49414,4209.68604,4351.16357,4435.82422,4591.94824,4817.48096,4939.2876,5163.3418,5336.6001,5586.6958,5804.1333,6105.24951,6401.37061,6697.021,7140.91162,7433.92676,7876.31396,8368.38281,8811.38184,9536.40137,9951.50781,10544.8203,11124.0537,11695.2783,12201.1182,12536.9277,12904.7119,13051.9688,13104.2354,13014.5449,12853.5234,12455.2373,11892.3301,11347.4131,10763.7393,10160.0684,9517.82617,8870.84375,8277.03418,7741.34082,7204.1084,6839.91553,6346.25391,5887.08105,5628.80566,5317.23584,5029.49707,4735.22363,4543.95703,4321.64063,4136.36377,3907.99536,3741.88062,3644.71997,3482.94189,3362.09155,3282.51611,3193.91113,3037.00049,2995.17944,2904.93018,2915.62305,2858.49072,2793.89185,2741.89429,2719.72314,2662.30786,2675.80566,2614.38379,2564.37817,2614.3186,2533.01904,2514.35889,2520.43945,2486.89502,2504.29858,2476.00952,2487.28418,2439.82568,2487.21973,2427.37671,2452.04028,2466.83936,2439.00195,2383.96436,2332.31592,2331.02466,2313.38989,2331.58838,2337.26221,2383.74585,2373.30103,2322.4646,2352.68774,2339.42871,2365.41602,2448.42188,2468.83276,2455.33862,2524.12183,2543.03052,2668.18677,2731.61499,2876.10596,2989.79321,3072.27026,3197.10938,3312.89136,3531.76831,3738.71582,3927.67627,4157.72705,4333.65869,4637.86768,4974.47314,5327.07471,5708.77051,6020.70361,6497.31982,7060.6582,7599.23779,8228.04688,8997.34863,9692.52051,10577.3574,11439.2451,12627.1338,13816.249,15008.8535,16272.6689,17814.9043,19497.123,21279.9688,23283.1016,25416.209,27548.8848,30591.6582,33202.5469,36622.7188,40052.1797,44063.3086,48263.6328,53016.3008,57723.3086,63626.3594,70107.2734,76338.5469,83140.3281,91154.1328,100352.969,109600.211,119954.984,130831.055,143408.656,157927.797,171973.656,188544.422,206956.688,226953.766,247936.563,270578.125,296493.406,324407.219,356012.781,388170.25,425165.5,463930.906,507214.656,554862.875,602808.75,657499.438,718406.625,785026.188,854108.25,930090.375,1009242.63,1096066.25,1189713.13,1288291.88,1394552.38,1512967.13,1628567.63,1756018.88,1896363,2039802.25,2185681.75,2342136,2503835.5,2665154.75,2836771.75,3001375.25,3178651.75,3356526.25,3542841.75,3723589.5,3895466.75,4079166,4247167.5,4412998.5,4565750,4719936,4870540.5,5000868,5134655,5258884.5,5381821.5,5497245.5,5590417,5681988.5,5766094,5830828.5,5880319,5924220.5,5955037.5,5978695.5,5987302,5958893.5,5941935,5910404.5,5862076.5,5809337,5733692.5,5668021.5,5582066,5477551.5,5370844,5238949,5105422,4982641.5,4844219.5,4687306,4537413,4355946.5,4188449.75,4035892.25,3853792,3684571.75,3509763,3342248,3168549.75,3005892.25,2849681,2673278,2513548.5,2367717.5,2223824.75,2079639,1943717.5,1807555.88,1689312.5,1566513.63,1465442.63,1360854.88,1264414.75,1174229.5,1090222.75,1016880.38,943088.875,874959.875,810699.375,748659.688,693714.125,642722,593384.75,550705.375,507669.656,467664.906,435277.281,402203.375,371199.281,342915.313,317450.5,293472.938,268387.406,249311.641,231340.375,214676.594,200153.297,186039.625,173703.906,162154.297,151732.953,143093.094,132238.109,123369.492,113247.133,107147.984,98710.0781,90176.4375,85471.2578,79001.5625,72913.7422,70100.8047,66936.7578,62384.5898,57155.4453,53362.7539,51154.7305,48147.2109,45386.5898,42663.8945,40692.0547,37609.9688,35265.5547,34574.4453,32712.7832,30452.7969,29222.4141,27250.0137]},"key":"u60eZ","layer":null,"filename":"DA1.3.csv"}]}}