{"_id":"6672c70f7751914d6258e973","id":"SKKU-SC-00367","author":94,"group":11,"input":[{"tco":{"unit":"","value":"ITO"}},{"surface_treatment":{"unit":"","value":"O-Plasma"}},{"htl":[{"material":{"unit":"","value":"2PACz"},"concentration":{"unit":"","value":"0.3"},"conc_unit":{"unit":"","value":"mg\/ml"},"quantity":{"unit":"ml","value":"0.2"}}],"spin_coating":[{"type":{"unit":"","value":"Static (loading)"},"rpm":{"unit":"","value":"3000"},"time":{"unit":"s","value":"30"}}],"annealing":[{"temperature":{"unit":"oC","value":"100"},"time":{"unit":"m","value":"10"}}],"condition":{"unit":"","value":"glove-box(N2)"}},{"condition":{"unit":"","value":"glove-box(N2)"},"perovskite":{"method":{"unit":"","value":"1step"},"molarity":{"unit":"M","value":"1.3M"},"a_site":[{"material":{"unit":"","value":"FA"},"ratio":{"unit":"%","value":"91"}},{"material":{"unit":"","value":"Cs"},"ratio":{"unit":"%","value":"9"}}],"b_site":[{"material":{"unit":"","value":"Pb"},"ratio":{"unit":"%","value":"100"}}],"x_site":[{"material":{"unit":"","value":"I"},"ratio":{"unit":"%","value":"76.666666666666666666666666666667"}},{"material":{"unit":"","value":"Br"},"ratio":{"unit":"%","value":"23.333333333333333333333333333333"}}],"solvent":[{"material":{"unit":"","value":"DMF"},"volume":{"unit":"ml","value":"4"}},{"material":{"unit":"","value":"DMSO"},"volume":{"unit":"ml","value":"1"}}],"antisolvent":[{"material":{"unit":"","value":"CB"},"quantity":{"unit":"ul","value":"300"},"dripping_time":{"unit":"s","value":"5"}}],"annealing":[{"temperature":{"unit":"oC","value":"100"},"time":{"unit":"m","value":"10"}}],"spin_coating":[{"type":{"unit":"","value":"Static (loading)"},"rpm":{"unit":"","value":"1000"},"time":{"unit":"s","value":"10"}},{"type":{"unit":"","value":"Static (loading)"},"rpm":{"unit":"","value":"5000"},"time":{"unit":"s","value":"30"}}],"atmosphere":[{"type":{"unit":"","value":"glove-box(N2)"},"temperature":{"unit":"oC","value":"23"},"humidity":{"unit":"RH%","value":"0"}}]}},{"perovskite_treatment":[{"material":{"unit":"","value":"OABr"},"concentration":{"unit":"","value":"2"},"conc_unit":{"unit":"","value":"mg\/ml"},"quantity":{"unit":"ml","value":"65"}}],"spin_coating":[{"type":{"unit":"","value":"Dynamic"},"rpm":{"unit":"","value":"5000"},"time":{"unit":"s","value":"34"}}],"annealing":[{"temperature":{"unit":"oC","value":"100"},"time":{"unit":"m","value":"5"}}]},{"etl":[{"material":{"unit":"","value":"C60"},"concentration":{"unit":"","value":"None"},"conc_unit":{"unit":"","value":"None"},"quantity":{"unit":"ml","value":"None"}}],"thermal_evaporation":[{"vacuum_evaporation_thickness":{"unit":"nm","value":"25"},"evaporation_rate":{"unit":"\u00c5\/s","value":"0.2"},"vacuum_pressure":{"unit":"uTorr","value":"2"}}]},{"blocking_buffer_layer":[{"material":{"unit":"","value":"BCP"},"concentration":{"unit":"","value":""},"conc_unit":{"unit":"","value":"mg\/ml"},"quantity":{"unit":"ml","value":"None"}}],"thermal_evaporation":[{"vacuum_evaporation_thickness":{"unit":"nm","value":"8"},"evaporation_rate":{"unit":"\u00c5\/s","value":"0.2"},"vacuum_pressure":{"unit":"uTorr","value":"2"}}]},{"anode_metal":{"unit":"","value":"Ag"}},{"type":{"unit":"","value":"unit_cell"},"temperature":{"unit":"\u2103","value":"20"},"device_type":{"unit":"","value":"p-i-n"},"humidity":{"unit":"%","value":"20"},"cell_dimension":{"unit":"cm2","value":"0.09"}},{"note":{"unit":"","value":"OABr passivation solution concentration optimizing"}}],"fileinfo":[{"key":"Reverse_IV OABr2-2-5","uploadType":"JV","original_name":"IV OABr2-2-5-R.txt","save_name":"SKKU-SC-00367\/Reverse_IV OABr2-2-5","uploader":94,"fileType":""},{"key":"Forward_IV OABr2-1-1","uploadType":"JV","original_name":"IV OABr2-1-1-F.txt","save_name":"SKKU-SC-00367\/Forward_IV OABr2-1-1","uploader":94,"fileType":""},{"key":"Reverse_IV OABr2-1-1","uploadType":"JV","original_name":"IV OABr2-1-1-R.txt","save_name":"SKKU-SC-00367\/Reverse_IV OABr2-1-1","uploader":94,"fileType":""},{"key":"Forward_IV OABr2-1-2","uploadType":"JV","original_name":"IV OABr2-1-2-F.txt","save_name":"SKKU-SC-00367\/Forward_IV OABr2-1-2","uploader":94,"fileType":""},{"key":"Reverse_IV OABr2-1-2","uploadType":"JV","original_name":"IV OABr2-1-2-R.txt","save_name":"SKKU-SC-00367\/Reverse_IV OABr2-1-2","uploader":94,"fileType":""},{"key":"Forward_IV OABr2-1-3","uploadType":"JV","original_name":"IV OABr2-1-3-F.txt","save_name":"SKKU-SC-00367\/Forward_IV OABr2-1-3","uploader":94,"fileType":""},{"key":"Reverse_IV OABr2-1-3","uploadType":"JV","original_name":"IV OABr2-1-3-R.txt","save_name":"SKKU-SC-00367\/Reverse_IV OABr2-1-3","uploader":94,"fileType":""},{"key":"Forward_IV OABr2-1-4","uploadType":"JV","original_name":"IV OABr2-1-4-F.txt","save_name":"SKKU-SC-00367\/Forward_IV OABr2-1-4","uploader":94,"fileType":""},{"key":"Reverse_IV OABr2-1-4","uploadType":"JV","original_name":"IV OABr2-1-4-R.txt","save_name":"SKKU-SC-00367\/Reverse_IV OABr2-1-4","uploader":94,"fileType":""},{"key":"Forward_IV OABr2-1-5","uploadType":"JV","original_name":"IV OABr2-1-5-F.txt","save_name":"SKKU-SC-00367\/Forward_IV OABr2-1-5","uploader":94,"fileType":""},{"key":"Reverse_IV OABr2-1-5","uploadType":"JV","original_name":"IV OABr2-1-5-R.txt","save_name":"SKKU-SC-00367\/Reverse_IV OABr2-1-5","uploader":94,"fileType":""},{"key":"Forward_IV OABr2-2-1","uploadType":"JV","original_name":"IV OABr2-2-1-F.txt","save_name":"SKKU-SC-00367\/Forward_IV OABr2-2-1","uploader":94,"fileType":""},{"key":"Reverse_IV OABr2-2-1","uploadType":"JV","original_name":"IV OABr2-2-1-R.txt","save_name":"SKKU-SC-00367\/Reverse_IV OABr2-2-1","uploader":94,"fileType":""},{"key":"Forward_IV OABr2-2-3","uploadType":"JV","original_name":"IV OABr2-2-3-F.txt","save_name":"SKKU-SC-00367\/Forward_IV OABr2-2-3","uploader":94,"fileType":""},{"key":"Forward_IV OABr2-2-4","uploadType":"JV","original_name":"IV OABr2-2-4-F.txt","save_name":"SKKU-SC-00367\/Forward_IV OABr2-2-4","uploader":94,"fileType":""},{"key":"Forward_IV OABr2-2-5","uploadType":"JV","original_name":"IV OABr2-2-5-F.txt","save_name":"SKKU-SC-00367\/Forward_IV OABr2-2-5","uploader":94,"fileType":""}],"jvcnt":16,"analysisInfo":{"JV":[{"efficiency":3.554682,"fill_factor":47.051757,"jsc":7.157486,"voc":1.055515,"key":"Reverse_IV OABr2-2-5","cell_dimension":0.09},{"efficiency":12.000112,"fill_factor":64.071168,"jsc":16.674092,"voc":1.12326,"key":"Reverse_IV OABr2-2-1","cell_dimension":0.09},{"efficiency":11.92356,"fill_factor":59.666335,"jsc":17.25003,"voc":1.158475,"key":"Reverse_IV OABr2-1-5","cell_dimension":0.09},{"efficiency":6.956452,"fill_factor":44.098182,"jsc":14.32509,"voc":1.101209,"key":"Reverse_IV OABr2-1-4","cell_dimension":0.09},{"efficiency":5.638809,"fill_factor":40.448251,"jsc":12.935181,"voc":1.077743,"key":"Reverse_IV OABr2-1-3","cell_dimension":0.09},{"efficiency":8.449207,"fill_factor":56.451145,"jsc":13.43196,"voc":1.114304,"key":"Reverse_IV OABr2-1-2","cell_dimension":0.09},{"efficiency":10.170525,"fill_factor":61.149734,"jsc":14.608763,"voc":1.138506,"key":"Reverse_IV OABr2-1-1","cell_dimension":0.09},{"efficiency":3.984984,"fill_factor":61.901379,"jsc":6.012101,"voc":1.070779,"key":"Forward_IV OABr2-2-5","cell_dimension":0.09},{"efficiency":7.878322,"fill_factor":55.553618,"jsc":12.861776,"voc":1.102606,"key":"Forward_IV OABr2-2-4","cell_dimension":0.09},{"efficiency":9.877851,"fill_factor":68.944514,"jsc":12.864038,"voc":1.113744,"key":"Forward_IV OABr2-2-3","cell_dimension":0.09},{"efficiency":12.792275,"fill_factor":67.520409,"jsc":16.704882,"voc":1.134147,"key":"Forward_IV OABr2-2-1","cell_dimension":0.09},{"efficiency":13.457778,"fill_factor":"NaN","jsc":16.978986,"voc":"NaN","key":"Forward_IV OABr2-1-5","cell_dimension":0.09},{"efficiency":8.778103,"fill_factor":78.144778,"jsc":10.035642,"voc":1.119323,"key":"Forward_IV OABr2-1-4","cell_dimension":0.09},{"efficiency":6.647506,"fill_factor":44.572295,"jsc":13.699392,"voc":1.088661,"key":"Forward_IV OABr2-1-3","cell_dimension":0.09},{"efficiency":9.426088,"fill_factor":68.861751,"jsc":12.151906,"voc":1.126442,"key":"Forward_IV OABr2-1-2","cell_dimension":0.09},{"efficiency":11.026001,"fill_factor":66.832189,"jsc":14.363143,"voc":1.148637,"key":"Forward_IV OABr2-1-1","cell_dimension":0.09}]},"tags":[],"updated_at":"2024-10-24 09:04:04","created_at":"2024-06-19 11:54:55","public":2,"analysis":{"JV":[{"V":{"value":[1.2,1.187,1.174,1.161,1.148,1.135,1.122,1.109,1.096,1.083,1.07,1.057,1.044,1.031,1.018,1.005,0.992,0.979,0.966,0.953,0.94,0.927,0.914,0.901,0.888,0.875,0.862,0.849,0.836,0.823,0.81,0.797,0.784,0.771,0.758,0.745,0.732,0.719,0.706,0.693,0.68,0.667,0.654,0.641,0.628,0.615,0.602,0.589,0.576,0.563,0.55,0.537,0.524,0.511,0.498,0.485,0.472,0.459,0.446,0.433,0.42,0.407,0.394,0.381,0.368,0.355,0.342,0.329,0.316,0.303,0.29,0.277,0.264,0.251,0.238,0.225,0.212,0.199,0.186,0.173,0.16,0.147,0.134,0.121,0.108,0.095,0.082,0.069,0.056,0.043,0.03,0.017,0.004,-0.009,-0.022,-0.035,-0.048,-0.061,-0.074,-0.087],"unit":"V"},"I":{"value":[-0.001402,-0.001217,-0.001039,-0.000875,-0.000721,-0.000582,-0.000457,-0.000346,-0.000249,-0.000165,-9.2e-5,-2.9e-5,2.6e-5,7.3e-5,0.000115,0.000151,0.000181,0.000209,0.000234,0.000256,0.000275,0.000292,0.000308,0.000322,0.000336,0.000348,0.000359,0.000368,0.000378,0.000386,0.000394,0.000401,0.000408,0.000414,0.00042,0.000425,0.00043,0.000435,0.00044,0.000444,0.000448,0.000452,0.000456,0.00046,0.000463,0.000468,0.000471,0.000474,0.000478,0.00048,0.000484,0.000488,0.000491,0.000495,0.000498,0.000502,0.000506,0.00051,0.000514,0.000518,0.000522,0.000526,0.000528,0.000533,0.000537,0.000541,0.000545,0.000549,0.000553,0.000557,0.000561,0.000564,0.000569,0.000572,0.000577,0.000581,0.000585,0.000588,0.000592,0.000596,0.0006,0.000604,0.000606,0.00061,0.000613,0.000617,0.000621,0.000625,0.000629,0.000633,0.000637,0.00064,0.000644,0.000647,0.000651,0.000654,0.000658,0.000662,0.000666,0.00067],"unit":"A"},"J":{"value":[-0.00012618,-0.00010952999999999999,-9.350999999999999e-5,-7.875e-5,-6.489e-5,-5.238e-5,-4.113e-5,-3.114e-5,-2.2409999999999997e-5,-1.485e-5,-8.28e-6,-2.61e-6,2.3399999999999996e-6,6.57e-6,1.035e-5,1.359e-5,1.629e-5,1.881e-5,2.1059999999999998e-5,2.304e-5,2.4750000000000002e-5,2.628e-5,2.772e-5,2.898e-5,3.024e-5,3.132e-5,3.231e-5,3.312e-5,3.402e-5,3.4739999999999996e-5,3.5459999999999996e-5,3.6089999999999995e-5,3.672e-5,3.726e-5,3.78e-5,3.8249999999999995e-5,3.87e-5,3.9149999999999996e-5,3.96e-5,3.996e-5,4.032e-5,4.068e-5,4.104e-5,4.14e-5,4.167e-5,4.2119999999999997e-5,4.239e-5,4.2659999999999995e-5,4.302e-5,4.32e-5,4.3559999999999996e-5,4.392e-5,4.419e-5,4.455e-5,4.4819999999999994e-5,4.517999999999999e-5,4.554e-5,4.5900000000000004e-5,4.626e-5,4.662e-5,4.698e-5,4.734e-5,4.752e-5,4.797e-5,4.833e-5,4.869e-5,4.905e-5,4.9409999999999996e-5,4.977e-5,5.0129999999999996e-5,5.048999999999999e-5,5.076e-5,5.120999999999999e-5,5.148e-5,5.193e-5,5.229e-5,5.265e-5,5.2919999999999995e-5,5.328e-5,5.3639999999999995e-5,5.399999999999999e-5,5.436e-5,5.4539999999999996e-5,5.489999999999999e-5,5.517e-5,5.553e-5,5.589e-5,5.625e-5,5.6609999999999995e-5,5.697e-5,5.7329999999999995e-5,5.7600000000000004e-5,5.796e-5,5.8229999999999996e-5,5.859e-5,5.8859999999999995e-5,5.921999999999999e-5,5.958e-5,5.994e-5,6.03e-5],"unit":"A\/cm2"},"voc":{"unit":"V","value":1.055515},"isc":{"unit":"A","value":0.644174},"jsc":{"unit":"mA\/cm2","value":7.157486},"fill_factor":{"unit":"%","value":47.051757},"vmax":{"unit":"V","value":0.784},"efficiency":{"unit":"%","value":3.554682},"monitor_cell_reading":{"unit":"mV","value":0},"monitor_cell_calibration_value":{"unit":"mV","value":0},"test_device_area":{"unit":"cm2","value":0.09},"num_of_series_connected_stacks":{"unit":"","value":1},"sweep_direction":{"unit":"","value":"Reverse"},"device_id":{"unit":"","value":"OABr2-2-5-R"},"cell_dimension":{"unit":"cm2","value":0.09},"key":"Reverse_IV OABr2-2-5"},{"V":{"value":[1.2,1.187,1.174,1.161,1.148,1.135,1.122,1.109,1.096,1.083,1.07,1.057,1.044,1.031,1.018,1.005,0.992,0.979,0.966,0.953,0.94,0.927,0.914,0.901,0.888,0.875,0.862,0.849,0.836,0.823,0.81,0.797,0.784,0.771,0.758,0.745,0.732,0.719,0.706,0.693,0.68,0.667,0.654,0.641,0.628,0.615,0.602,0.589,0.576,0.563,0.55,0.537,0.524,0.511,0.498,0.485,0.472,0.459,0.446,0.433,0.42,0.407,0.394,0.381,0.368,0.355,0.342,0.329,0.316,0.303,0.29,0.277,0.264,0.251,0.238,0.225,0.212,0.199,0.186,0.173,0.16,0.147,0.134,0.121,0.108,0.095,0.082,0.069,0.056,0.043,0.03,0.017,0.004,-0.009,-0.022,-0.035,-0.048,-0.061,-0.074,-0.087],"unit":"V"},"I":{"value":[-0.001744,-0.001482,-0.001142,-0.000788,-0.000515,-0.000268,-2.5e-5,0.000174,0.00033,0.000489,0.000608,0.000706,0.000795,0.000856,0.000921,0.00096,0.001007,0.001049,0.001091,0.001116,0.00114,0.001152,0.001169,0.001193,0.001216,0.001224,0.001237,0.001249,0.001262,0.001275,0.00128,0.001298,0.001308,0.00131,0.001321,0.001322,0.001333,0.001332,0.001335,0.001335,0.001338,0.001338,0.001353,0.001356,0.001367,0.001366,0.001372,0.001381,0.001384,0.001387,0.001395,0.001398,0.001404,0.001405,0.001406,0.001404,0.001402,0.001409,0.00141,0.001415,0.00142,0.001421,0.00142,0.001425,0.001428,0.001432,0.001437,0.001442,0.001443,0.001441,0.001444,0.001451,0.00145,0.001447,0.001452,0.00146,0.001461,0.001464,0.001467,0.001471,0.001472,0.001474,0.001477,0.00148,0.001482,0.001486,0.001489,0.001492,0.001493,0.001496,0.001497,0.0015,0.001501,0.001503,0.001506,0.001507,0.00151,0.001514,0.001516,0.001517],"unit":"A"},"J":{"value":[-0.00015696000000000002,-0.00013338,-0.00010278,-7.091999999999999e-5,-4.635e-5,-2.412e-5,-2.25e-6,1.566e-5,2.97e-5,4.4009999999999994e-5,5.472e-5,6.354e-5,7.155e-5,7.704e-5,8.289e-5,8.64e-5,9.063e-5,9.441e-5,9.819e-5,0.00010044,0.00010259999999999999,0.00010368,0.00010520999999999999,0.00010737,0.00010944,0.00011016,0.00011132999999999999,0.00011240999999999999,0.00011358000000000001,0.00011475,0.00011520000000000001,0.00011681999999999998,0.00011771999999999999,0.00011789999999999999,0.00011888999999999998,0.00011898,0.00011996999999999999,0.00011988,0.00012014999999999999,0.00012014999999999999,0.00012041999999999999,0.00012041999999999999,0.00012177,0.00012203999999999999,0.00012303,0.00012293999999999999,0.00012348,0.00012429,0.00012456,0.00012482999999999998,0.00012555,0.00012581999999999998,0.00012636,0.00012644999999999998,0.00012654,0.00012636,0.00012618,0.00012681000000000001,0.0001269,0.00012735,0.0001278,0.00012789,0.0001278,0.00012825,0.00012852,0.00012888,0.00012932999999999998,0.00012978,0.00012987,0.00012969,0.00012995999999999998,0.00013059,0.00013049999999999997,0.00013022999999999998,0.00013068,0.0001314,0.00013149,0.00013176,0.00013203,0.00013239,0.00013248,0.00013266,0.00013293,0.00013319999999999999,0.00013338,0.00013373999999999998,0.00013401,0.00013428,0.00013437,0.00013464,0.00013473,0.000135,0.00013508999999999998,0.00013527,0.00013554,0.00013563,0.0001359,0.00013626,0.00013644,0.00013653],"unit":"A\/cm2"},"voc":{"unit":"V","value":1.12326},"isc":{"unit":"A","value":1.500668},"jsc":{"unit":"mA\/cm2","value":16.674092},"fill_factor":{"unit":"%","value":64.071168},"vmax":{"unit":"V","value":0.888},"efficiency":{"unit":"%","value":12.000112},"monitor_cell_reading":{"unit":"mV","value":0},"monitor_cell_calibration_value":{"unit":"mV","value":0},"test_device_area":{"unit":"cm2","value":0.09},"num_of_series_connected_stacks":{"unit":"","value":1},"sweep_direction":{"unit":"","value":"Reverse"},"device_id":{"unit":"","value":"OABr2-2-1-R"},"cell_dimension":{"unit":"cm2","value":0.09},"key":"Reverse_IV OABr2-2-1"},{"V":{"value":[1.2,1.187,1.174,1.161,1.148,1.135,1.122,1.109,1.096,1.083,1.07,1.057,1.044,1.031,1.018,1.005,0.992,0.979,0.966,0.953,0.94,0.927,0.914,0.901,0.888,0.875,0.862,0.849,0.836,0.823,0.81,0.797,0.784,0.771,0.758,0.745,0.732,0.719,0.706,0.693,0.68,0.667,0.654,0.641,0.628,0.615,0.602,0.589,0.576,0.563,0.55,0.537,0.524,0.511,0.498,0.485,0.472,0.459,0.446,0.433,0.42,0.407,0.394,0.381,0.368,0.355,0.342,0.329,0.316,0.303,0.29,0.277,0.264,0.251,0.238,0.225,0.212,0.199,0.186,0.173,0.16,0.147,0.134,0.121,0.108,0.095,0.082,0.069,0.056,0.043,0.03,0.017,0.004,-0.009,-0.022,-0.035,-0.048,-0.061,-0.074,-0.087],"unit":"V"},"I":{"value":[-0.000838,-0.00058,-0.000337,-0.000121,6.8e-5,0.000232,0.000375,0.000493,0.00059,0.000671,0.000739,0.000796,0.000842,0.000884,0.000921,0.000956,0.000987,0.001017,0.001045,0.001079,0.001105,0.00113,0.001155,0.001179,0.001202,0.001224,0.001245,0.001264,0.001283,0.001299,0.001313,0.00133,0.001343,0.001356,0.001366,0.001375,0.001384,0.001393,0.001401,0.001408,0.001417,0.001422,0.001428,0.001432,0.001435,0.00144,0.001445,0.001448,0.001451,0.001455,0.001459,0.001463,0.001465,0.001467,0.001471,0.001474,0.001477,0.001478,0.001482,0.001484,0.001486,0.00149,0.001491,0.001491,0.001497,0.001498,0.001499,0.001503,0.001504,0.001506,0.001508,0.001512,0.001516,0.001515,0.001518,0.001518,0.00152,0.001523,0.001524,0.001528,0.001529,0.00153,0.001532,0.001534,0.001534,0.001539,0.001543,0.001544,0.001544,0.001546,0.001548,0.00155,0.001553,0.001554,0.001555,0.001557,0.00156,0.001561,0.001564,0.001566],"unit":"A"},"J":{"value":[-7.541999999999999e-5,-5.22e-5,-3.033e-5,-1.0889999999999999e-5,6.12e-6,2.088e-5,3.375e-5,4.437e-5,5.31e-5,6.039e-5,6.651e-5,7.164e-5,7.578e-5,7.956e-5,8.289e-5,8.604e-5,8.883e-5,9.152999999999999e-5,9.405e-5,9.711000000000001e-5,9.945e-5,0.00010169999999999999,0.00010394999999999999,0.00010610999999999999,0.00010818,0.00011016,0.00011205,0.00011376,0.00011547,0.00011691,0.00011816999999999999,0.0001197,0.00012087,0.00012203999999999999,0.00012293999999999999,0.00012375,0.00012456,0.00012537,0.00012608999999999998,0.00012671999999999998,0.00012753,0.00012798,0.00012852,0.00012888,0.00012915,0.0001296,0.00013005000000000002,0.00013032,0.00013059,0.00013094999999999998,0.00013131,0.00013167000000000002,0.00013184999999999998,0.00013203,0.00013239,0.00013266,0.00013293,0.00013302,0.00013338,0.00013356,0.00013373999999999998,0.0001341,0.00013419,0.00013419,0.00013473,0.00013482,0.00013491,0.00013527,0.00013535999999999998,0.00013554,0.00013572,0.00013608,0.00013644,0.00013635,0.00013662,0.00013662,0.0001368,0.00013707,0.00013716,0.00013752,0.00013761,0.00013769999999999999,0.00013788,0.00013806,0.00013806,0.00013851,0.00013887,0.00013895999999999998,0.00013895999999999998,0.00013914,0.00013932,0.0001395,0.00013977,0.00013986,0.00013995,0.00014013,0.0001404,0.00014049,0.00014076,0.00014094],"unit":"A\/cm2"},"voc":{"unit":"V","value":1.158475},"isc":{"unit":"A","value":1.552503},"jsc":{"unit":"mA\/cm2","value":17.25003},"fill_factor":{"unit":"%","value":59.666335},"vmax":{"unit":"V","value":0.862},"efficiency":{"unit":"%","value":11.92356},"monitor_cell_reading":{"unit":"mV","value":0},"monitor_cell_calibration_value":{"unit":"mV","value":0},"test_device_area":{"unit":"cm2","value":0.09},"num_of_series_connected_stacks":{"unit":"","value":1},"sweep_direction":{"unit":"","value":"Reverse"},"device_id":{"unit":"","value":"OABr2-1-5-R"},"cell_dimension":{"unit":"cm2","value":0.09},"key":"Reverse_IV OABr2-1-5"},{"V":{"value":[1.2,1.187,1.174,1.161,1.148,1.135,1.122,1.109,1.096,1.083,1.07,1.057,1.044,1.031,1.018,1.005,0.992,0.979,0.966,0.953,0.94,0.927,0.914,0.901,0.888,0.875,0.862,0.849,0.836,0.823,0.81,0.797,0.784,0.771,0.758,0.745,0.732,0.719,0.706,0.693,0.68,0.667,0.654,0.641,0.628,0.615,0.602,0.589,0.576,0.563,0.55,0.537,0.524,0.511,0.498,0.485,0.472,0.459,0.446,0.433,0.42,0.407,0.394,0.381,0.368,0.355,0.342,0.329,0.316,0.303,0.29,0.277,0.264,0.251,0.238,0.225,0.212,0.199,0.186,0.173,0.16,0.147,0.134,0.121,0.108,0.095,0.082,0.069,0.056,0.043,0.03,0.017,0.004,-0.009,-0.022,-0.035,-0.048,-0.061,-0.074,-0.087],"unit":"V"},"I":{"value":[-0.001375,-0.00113,-0.000907,-0.000702,-0.000519,-0.000358,-0.000217,-9.5e-5,1.1e-5,0.000101,0.000179,0.000248,0.000306,0.000357,0.000403,0.000442,0.000479,0.000512,0.000541,0.00057,0.000595,0.000619,0.000641,0.000662,0.000682,0.000699,0.000717,0.000732,0.000747,0.00076,0.000773,0.000786,0.000796,0.000808,0.000816,0.000825,0.000834,0.000842,0.000851,0.000858,0.000865,0.000875,0.00088,0.000887,0.000893,0.000899,0.000907,0.000913,0.000921,0.000928,0.000934,0.000941,0.000948,0.000955,0.000963,0.000972,0.000979,0.000987,0.000996,0.001004,0.001015,0.001022,0.00103,0.001039,0.001072,0.001073,0.001081,0.00109,0.0011,0.001106,0.001115,0.001124,0.001132,0.001141,0.001151,0.00116,0.001168,0.001176,0.001184,0.001193,0.001203,0.001209,0.001217,0.001223,0.00123,0.001238,0.001246,0.001253,0.00126,0.001267,0.001275,0.001281,0.001289,0.001294,0.001299,0.001306,0.001314,0.001318,0.001321,0.001327],"unit":"A"},"J":{"value":[-0.00012375,-0.00010169999999999999,-8.163e-5,-6.318e-5,-4.6710000000000005e-5,-3.222e-5,-1.9529999999999998e-5,-8.55e-6,9.899999999999998e-7,9.09e-6,1.611e-5,2.232e-5,2.754e-5,3.213e-5,3.627e-5,3.978e-5,4.311e-5,4.608e-5,4.869e-5,5.129999999999999e-5,5.355e-5,5.5709999999999993e-5,5.769e-5,5.958e-5,6.138e-5,6.290999999999999e-5,6.453e-5,6.588e-5,6.723e-5,6.84e-5,6.957e-5,7.074e-5,7.164e-5,7.272e-5,7.344e-5,7.425e-5,7.506e-5,7.578e-5,7.659e-5,7.722e-5,7.785e-5,7.875e-5,7.92e-5,7.983e-5,8.037e-5,8.091e-5,8.163e-5,8.217e-5,8.289e-5,8.352e-5,8.406e-5,8.468999999999999e-5,8.531999999999999e-5,8.595e-5,8.667e-5,8.748e-5,8.811e-5,8.883e-5,8.963999999999999e-5,9.035999999999998e-5,9.135e-5,9.197999999999998e-5,9.27e-5,9.350999999999999e-5,9.648e-5,9.656999999999999e-5,9.728999999999998e-5,9.81e-5,9.900000000000001e-5,9.954e-5,0.00010035,0.00010116,0.00010188,0.00010269000000000001,0.00010358999999999999,0.0001044,0.00010512,0.00010583999999999999,0.00010656,0.00010737,0.00010827,0.00010881,0.00010952999999999999,0.00011006999999999998,0.0001107,0.00011141999999999999,0.00011214,0.00011276999999999999,0.0001134,0.00011402999999999999,0.00011475,0.00011529,0.00011601,0.00011645999999999999,0.00011691,0.00011754,0.00011826,0.00011861999999999999,0.00011888999999999998,0.00011943],"unit":"A\/cm2"},"voc":{"unit":"V","value":1.101209},"isc":{"unit":"A","value":1.289258},"jsc":{"unit":"mA\/cm2","value":14.32509},"fill_factor":{"unit":"%","value":44.098182},"vmax":{"unit":"V","value":0.797},"efficiency":{"unit":"%","value":6.956452},"monitor_cell_reading":{"unit":"mV","value":0},"monitor_cell_calibration_value":{"unit":"mV","value":0},"test_device_area":{"unit":"cm2","value":0.09},"num_of_series_connected_stacks":{"unit":"","value":1},"sweep_direction":{"unit":"","value":"Reverse"},"device_id":{"unit":"","value":"OABr2-1-4-R"},"cell_dimension":{"unit":"cm2","value":0.09},"key":"Reverse_IV OABr2-1-4"},{"V":{"value":[1.2,1.187,1.174,1.161,1.148,1.135,1.122,1.109,1.096,1.083,1.07,1.057,1.044,1.031,1.018,1.005,0.992,0.979,0.966,0.953,0.94,0.927,0.914,0.901,0.888,0.875,0.862,0.849,0.836,0.823,0.81,0.797,0.784,0.771,0.758,0.745,0.732,0.719,0.706,0.693,0.68,0.667,0.654,0.641,0.628,0.615,0.602,0.589,0.576,0.563,0.55,0.537,0.524,0.511,0.498,0.485,0.472,0.459,0.446,0.433,0.42,0.407,0.394,0.381,0.368,0.355,0.342,0.329,0.316,0.303,0.29,0.277,0.264,0.251,0.238,0.225,0.212,0.199,0.186,0.173,0.16,0.147,0.134,0.121,0.108,0.095,0.082,0.069,0.056,0.043,0.03,0.017,0.004,-0.009,-0.022,-0.035,-0.048,-0.061,-0.074,-0.087],"unit":"V"},"I":{"value":[-0.0019,-0.001598,-0.001317,-0.001059,-0.000832,-0.00063,-0.000456,-0.000306,-0.000179,-7.0e-5,2.1e-5,9.8e-5,0.000166,0.000222,0.00027,0.000313,0.00035,0.000384,0.000413,0.000441,0.000465,0.000488,0.000509,0.000529,0.000546,0.000562,0.000578,0.000592,0.000605,0.000616,0.000627,0.000636,0.000645,0.000654,0.000661,0.000668,0.000674,0.000681,0.000686,0.00069,0.000696,0.000701,0.000705,0.000709,0.000715,0.000719,0.000722,0.000726,0.000733,0.000737,0.00074,0.000745,0.000749,0.000755,0.00076,0.000766,0.000773,0.000779,0.000786,0.000795,0.000802,0.000811,0.00082,0.00083,0.00084,0.000847,0.000858,0.000869,0.00088,0.000892,0.000903,0.000915,0.000928,0.00094,0.000946,0.000962,0.000975,0.000987,0.000999,0.001012,0.001024,0.001075,0.001074,0.001083,0.001091,0.001099,0.00111,0.001124,0.001131,0.00114,0.001149,0.001153,0.001164,0.00117,0.001178,0.001182,0.001188,0.001197,0.001203,0.001207],"unit":"A"},"J":{"value":[-0.00017099999999999998,-0.00014382,-0.00011852999999999999,-9.531e-5,-7.487999999999999e-5,-5.67e-5,-4.104e-5,-2.754e-5,-1.611e-5,-6.299999999999999e-6,1.89e-6,8.819999999999999e-6,1.494e-5,1.998e-5,2.4299999999999998e-5,2.817e-5,3.15e-5,3.456e-5,3.717e-5,3.9689999999999994e-5,4.185e-5,4.392e-5,4.581e-5,4.760999999999999e-5,4.914e-5,5.058e-5,5.201999999999999e-5,5.328e-5,5.4449999999999995e-5,5.544e-5,5.642999999999999e-5,5.7239999999999994e-5,5.8049999999999995e-5,5.8859999999999995e-5,5.949e-5,6.0119999999999994e-5,6.066e-5,6.128999999999999e-5,6.174e-5,6.209999999999999e-5,6.264e-5,6.309e-5,6.345e-5,6.381e-5,6.435e-5,6.471e-5,6.497999999999999e-5,6.534e-5,6.597000000000001e-5,6.633e-5,6.659999999999999e-5,6.705e-5,6.741e-5,6.795e-5,6.84e-5,6.894e-5,6.957e-5,7.010999999999999e-5,7.074e-5,7.155e-5,7.217999999999999e-5,7.298999999999999e-5,7.379999999999999e-5,7.47e-5,7.56e-5,7.623e-5,7.722e-5,7.821e-5,7.92e-5,8.028e-5,8.127e-5,8.235e-5,8.352e-5,8.46e-5,8.514e-5,8.657999999999999e-5,8.774999999999999e-5,8.883e-5,8.991000000000001e-5,9.108e-5,9.216e-5,9.675e-5,9.666e-5,9.747e-5,9.819e-5,9.890999999999999e-5,9.99e-5,0.00010116,0.00010179,0.00010259999999999999,0.00010341,0.00010376999999999999,0.00010476,0.0001053,0.00010601999999999999,0.00010638000000000001,0.00010692,0.00010772999999999999,0.00010827,0.00010863],"unit":"A\/cm2"},"voc":{"unit":"V","value":1.077743},"isc":{"unit":"A","value":1.164166},"jsc":{"unit":"mA\/cm2","value":12.935181},"fill_factor":{"unit":"%","value":40.448251},"vmax":{"unit":"V","value":0.81},"efficiency":{"unit":"%","value":5.638809},"monitor_cell_reading":{"unit":"mV","value":0},"monitor_cell_calibration_value":{"unit":"mV","value":0},"test_device_area":{"unit":"cm2","value":0.09},"num_of_series_connected_stacks":{"unit":"","value":1},"sweep_direction":{"unit":"","value":"Reverse"},"device_id":{"unit":"","value":"OABr2-1-3-R"},"cell_dimension":{"unit":"cm2","value":0.09},"key":"Reverse_IV OABr2-1-3"},{"V":{"value":[1.2,1.187,1.174,1.161,1.148,1.135,1.122,1.109,1.096,1.083,1.07,1.057,1.044,1.031,1.018,1.005,0.992,0.979,0.966,0.953,0.94,0.927,0.914,0.901,0.888,0.875,0.862,0.849,0.836,0.823,0.81,0.797,0.784,0.771,0.758,0.745,0.732,0.719,0.706,0.693,0.68,0.667,0.654,0.641,0.628,0.615,0.602,0.589,0.576,0.563,0.55,0.537,0.524,0.511,0.498,0.485,0.472,0.459,0.446,0.433,0.42,0.407,0.394,0.381,0.368,0.355,0.342,0.329,0.316,0.303,0.29,0.277,0.264,0.251,0.238,0.225,0.212,0.199,0.186,0.173,0.16,0.147,0.134,0.121,0.108,0.095,0.082,0.069,0.056,0.043,0.03,0.017,0.004,-0.009,-0.022,-0.035,-0.048,-0.061,-0.074,-0.087],"unit":"V"},"I":{"value":[-0.001859,-0.001482,-0.001141,-0.00084,-0.000574,-0.000346,-0.000154,7.0e-6,0.000139,0.000248,0.000339,0.000415,0.000478,0.000532,0.000578,0.000619,0.000655,0.000687,0.000716,0.000743,0.000768,0.00079,0.000812,0.000831,0.000848,0.000865,0.000881,0.000896,0.000909,0.000922,0.000933,0.000944,0.000954,0.000963,0.00097,0.000978,0.000985,0.000991,0.000998,0.001004,0.00101,0.001013,0.001019,0.001023,0.001027,0.001029,0.001034,0.001038,0.001058,0.001053,0.001057,0.00106,0.001062,0.001064,0.001068,0.001072,0.001075,0.001078,0.001082,0.001086,0.001089,0.001091,0.001095,0.001099,0.001102,0.001106,0.001109,0.001115,0.001117,0.00112,0.001124,0.001128,0.001131,0.001134,0.001139,0.001142,0.00115,0.001149,0.001153,0.001156,0.001161,0.001169,0.00117,0.001175,0.001178,0.001182,0.00119,0.001191,0.001194,0.001198,0.001199,0.001204,0.001209,0.001211,0.001211,0.001216,0.001219,0.001224,0.001227,0.001231],"unit":"A"},"J":{"value":[-0.00016731,-0.00013338,-0.00010269000000000001,-7.56e-5,-5.166e-5,-3.114e-5,-1.386e-5,6.3e-7,1.2509999999999999e-5,2.232e-5,3.0509999999999998e-5,3.735e-5,4.302e-5,4.788e-5,5.201999999999999e-5,5.5709999999999993e-5,5.8949999999999996e-5,6.183e-5,6.444e-5,6.686999999999999e-5,6.912e-5,7.11e-5,7.308e-5,7.479e-5,7.632e-5,7.785e-5,7.929e-5,8.064e-5,8.180999999999999e-5,8.298e-5,8.397e-5,8.496e-5,8.586e-5,8.667e-5,8.730000000000001e-5,8.801999999999999e-5,8.865e-5,8.918999999999999e-5,8.981999999999999e-5,9.035999999999998e-5,9.09e-5,9.117e-5,9.170999999999999e-5,9.207e-5,9.243e-5,9.261e-5,9.306e-5,9.342000000000001e-5,9.521999999999999e-5,9.476999999999999e-5,9.512999999999999e-5,9.539999999999999e-5,9.558e-5,9.576e-5,9.612e-5,9.648e-5,9.675e-5,9.701999999999999e-5,9.738e-5,9.774e-5,9.800999999999999e-5,9.819e-5,9.855e-5,9.890999999999999e-5,9.917999999999998e-5,9.954e-5,9.981e-5,0.00010035,0.00010052999999999999,0.00010079999999999998,0.00010116,0.00010152,0.00010179,0.00010206,0.00010251,0.00010278,0.0001035,0.00010341,0.00010376999999999999,0.00010403999999999999,0.00010448999999999998,0.00010520999999999999,0.0001053,0.00010575,0.00010601999999999999,0.00010638000000000001,0.0001071,0.00010719,0.00010745999999999999,0.00010782000000000001,0.00010790999999999999,0.00010836,0.00010881,0.00010899,0.00010899,0.00010944,0.00010971,0.00011016,0.00011043,0.00011079],"unit":"A\/cm2"},"voc":{"unit":"V","value":1.114304},"isc":{"unit":"A","value":1.208876},"jsc":{"unit":"mA\/cm2","value":13.43196},"fill_factor":{"unit":"%","value":56.451145},"vmax":{"unit":"V","value":0.849},"efficiency":{"unit":"%","value":8.449207},"monitor_cell_reading":{"unit":"mV","value":0},"monitor_cell_calibration_value":{"unit":"mV","value":0},"test_device_area":{"unit":"cm2","value":0.09},"num_of_series_connected_stacks":{"unit":"","value":1},"sweep_direction":{"unit":"","value":"Reverse"},"device_id":{"unit":"","value":"OABr2-1-2-R"},"cell_dimension":{"unit":"cm2","value":0.09},"key":"Reverse_IV OABr2-1-2"},{"V":{"value":[1.2,1.187,1.174,1.161,1.148,1.135,1.122,1.109,1.096,1.083,1.07,1.057,1.044,1.031,1.018,1.005,0.992,0.979,0.966,0.953,0.94,0.927,0.914,0.901,0.888,0.875,0.862,0.849,0.836,0.823,0.81,0.797,0.784,0.771,0.758,0.745,0.732,0.719,0.706,0.693,0.68,0.667,0.654,0.641,0.628,0.615,0.602,0.589,0.576,0.563,0.55,0.537,0.524,0.511,0.498,0.485,0.472,0.459,0.446,0.433,0.42,0.407,0.394,0.381,0.368,0.355,0.342,0.329,0.316,0.303,0.29,0.277,0.264,0.251,0.238,0.225,0.212,0.199,0.186,0.173,0.16,0.147,0.134,0.121,0.108,0.095,0.082,0.069,0.056,0.043,0.03,0.017,0.004,-0.009,-0.022,-0.035,-0.048,-0.061,-0.074,-0.087],"unit":"V"},"I":{"value":[-0.001318,-0.001009,-0.000713,-0.000445,-0.000208,-4.0e-6,0.000168,0.000315,0.000438,0.000536,0.000618,0.000685,0.00074,0.000787,0.000826,0.000859,0.000887,0.000912,0.000933,0.000952,0.000971,0.000987,0.001001,0.001016,0.001027,0.00104,0.001056,0.001065,0.001075,0.001082,0.00109,0.001097,0.001105,0.001111,0.001118,0.001124,0.001129,0.001135,0.001139,0.001146,0.001149,0.001153,0.001157,0.001163,0.001165,0.001168,0.001171,0.001172,0.001176,0.001179,0.001183,0.001187,0.001189,0.001192,0.001196,0.001198,0.001201,0.001203,0.001209,0.001211,0.001212,0.001215,0.001218,0.001222,0.001225,0.001229,0.001231,0.001235,0.001236,0.001239,0.001242,0.001245,0.001248,0.001251,0.001255,0.001259,0.001262,0.001264,0.001267,0.001272,0.001276,0.001278,0.001282,0.001286,0.00129,0.001291,0.001294,0.001298,0.001301,0.001305,0.001308,0.001311,0.001315,0.001318,0.001322,0.001324,0.001328,0.001331,0.001336,0.001341],"unit":"A"},"J":{"value":[-0.00011861999999999999,-9.080999999999999e-5,-6.416999999999999e-5,-4.005e-5,-1.8719999999999997e-5,-3.6e-7,1.512e-5,2.835e-5,3.942e-5,4.824e-5,5.561999999999999e-5,6.165e-5,6.659999999999999e-5,7.083e-5,7.434e-5,7.730999999999999e-5,7.983e-5,8.208e-5,8.397e-5,8.568e-5,8.738999999999999e-5,8.883e-5,9.008999999999999e-5,9.143999999999999e-5,9.243e-5,9.359999999999998e-5,9.504e-5,9.585e-5,9.675e-5,9.738e-5,9.81e-5,9.873000000000001e-5,9.945e-5,9.999e-5,0.00010062000000000001,0.00010116,0.00010161,0.00010214999999999999,0.00010251,0.00010314,0.00010341,0.00010376999999999999,0.00010413,0.00010467,0.00010485,0.00010512,0.00010538999999999999,0.00010548,0.00010583999999999999,0.00010610999999999999,0.00010647,0.00010682999999999999,0.00010701,0.00010727999999999999,0.00010763999999999999,0.00010782000000000001,0.00010809,0.00010827,0.00010881,0.00010899,0.00010907999999999999,0.00010934999999999999,0.00010961999999999998,0.00010998,0.00011025,0.00011061,0.00011079,0.00011114999999999999,0.00011123999999999999,0.00011151000000000001,0.00011178,0.00011205,0.00011232,0.00011258999999999999,0.00011295,0.00011330999999999998,0.00011358000000000001,0.00011376,0.00011402999999999999,0.00011447999999999999,0.00011483999999999999,0.00011502,0.00011538,0.00011574,0.00011609999999999999,0.00011619,0.00011645999999999999,0.00011681999999999998,0.00011709,0.00011745,0.00011771999999999999,0.00011799,0.00011834999999999999,0.00011861999999999999,0.00011898,0.00011916,0.00011952,0.00011978999999999999,0.00012023999999999999,0.00012069],"unit":"A\/cm2"},"voc":{"unit":"V","value":1.138506},"isc":{"unit":"A","value":1.314789},"jsc":{"unit":"mA\/cm2","value":14.608763},"fill_factor":{"unit":"%","value":61.149734},"vmax":{"unit":"V","value":0.914},"efficiency":{"unit":"%","value":10.170525},"monitor_cell_reading":{"unit":"mV","value":0},"monitor_cell_calibration_value":{"unit":"mV","value":0},"test_device_area":{"unit":"cm2","value":0.09},"num_of_series_connected_stacks":{"unit":"","value":1},"sweep_direction":{"unit":"","value":"Reverse"},"device_id":{"unit":"","value":"OABr2-1-1-R"},"cell_dimension":{"unit":"cm2","value":0.09},"key":"Reverse_IV OABr2-1-1"},{"V":{"value":[-0.1,-0.087,-0.074,-0.061,-0.048,-0.035,-0.022,-0.009,0.004,0.017,0.03,0.043,0.056,0.069,0.082,0.095,0.108,0.121,0.134,0.147,0.16,0.173,0.186,0.199,0.212,0.225,0.238,0.251,0.264,0.277,0.29,0.303,0.316,0.329,0.342,0.355,0.368,0.381,0.394,0.407,0.42,0.433,0.446,0.459,0.472,0.485,0.498,0.511,0.524,0.537,0.55,0.563,0.576,0.589,0.602,0.615,0.628,0.641,0.654,0.667,0.68,0.693,0.706,0.719,0.732,0.745,0.758,0.771,0.784,0.797,0.81,0.823,0.836,0.849,0.862,0.875,0.888,0.901,0.914,0.927,0.94,0.953,0.966,0.979,0.992,1.005,1.018,1.031,1.044,1.057,1.07,1.083,1.096,1.109,1.122,1.135,1.148,1.161,1.174,1.187],"unit":"V"},"I":{"value":[0.00049,0.000497,0.000506,0.000513,0.00052,0.000527,0.000532,0.000538,0.000541,0.000547,0.000551,0.000555,0.000558,0.000563,0.000564,0.000566,0.000566,0.000569,0.00057,0.000571,0.000572,0.000573,0.000573,0.000572,0.000571,0.000571,0.000571,0.00057,0.000569,0.000568,0.000566,0.000565,0.000564,0.000563,0.000561,0.000559,0.000558,0.000556,0.000554,0.000552,0.00055,0.000547,0.000546,0.000545,0.000542,0.00054,0.000539,0.000536,0.000533,0.000531,0.000529,0.000526,0.000523,0.000519,0.000516,0.000513,0.00051,0.000507,0.000504,0.0005,0.000497,0.000492,0.000488,0.000483,0.000479,0.000474,0.000469,0.000462,0.000456,0.00045,0.000442,0.000435,0.000427,0.000417,0.000407,0.000396,0.000384,0.000371,0.000357,0.000341,0.000324,0.000306,0.000285,0.000262,0.000236,0.000207,0.000174,0.000136,9.1e-5,4.1e-5,-1.8e-5,-8.7e-5,-0.000174,-0.000268,-0.000378,-0.000505,-0.00065,-0.000813,-0.000996,-0.001218],"unit":"A"},"J":{"value":[4.4099999999999995e-5,4.473e-5,4.554e-5,4.617e-5,4.679999999999999e-5,4.743e-5,4.788e-5,4.8419999999999994e-5,4.869e-5,4.9229999999999995e-5,4.958999999999999e-5,4.995e-5,5.022e-5,5.067e-5,5.076e-5,5.094e-5,5.094e-5,5.120999999999999e-5,5.129999999999999e-5,5.139e-5,5.148e-5,5.157e-5,5.157e-5,5.148e-5,5.139e-5,5.139e-5,5.139e-5,5.129999999999999e-5,5.120999999999999e-5,5.112e-5,5.094e-5,5.0849999999999996e-5,5.076e-5,5.067e-5,5.048999999999999e-5,5.0310000000000005e-5,5.022e-5,5.0039999999999995e-5,4.986e-5,4.968e-5,4.9500000000000004e-5,4.9229999999999995e-5,4.914e-5,4.905e-5,4.877999999999999e-5,4.8599999999999995e-5,4.8509999999999995e-5,4.824e-5,4.797e-5,4.779e-5,4.760999999999999e-5,4.734e-5,4.707e-5,4.6710000000000005e-5,4.6439999999999996e-5,4.617e-5,4.5900000000000004e-5,4.5629999999999995e-5,4.536e-5,4.4999999999999996e-5,4.473e-5,4.428e-5,4.392e-5,4.3469999999999995e-5,4.311e-5,4.2659999999999995e-5,4.221e-5,4.158e-5,4.104e-5,4.0499999999999995e-5,3.978e-5,3.9149999999999996e-5,3.843e-5,3.753e-5,3.663e-5,3.564e-5,3.456e-5,3.339e-5,3.213e-5,3.069e-5,2.916e-5,2.754e-5,2.5649999999999997e-5,2.358e-5,2.124e-5,1.863e-5,1.566e-5,1.224e-5,8.19e-6,3.69e-6,-1.62e-6,-7.83e-6,-1.566e-5,-2.412e-5,-3.402e-5,-4.545e-5,-5.849999999999999e-5,-7.317e-5,-8.963999999999999e-5,-0.00010961999999999998],"unit":"A\/cm2"},"voc":{"unit":"V","value":1.070779},"isc":{"unit":"A","value":0.541089},"jsc":{"unit":"mA\/cm2","value":6.012101},"fill_factor":{"unit":"%","value":61.901379},"vmax":{"unit":"V","value":0.797},"efficiency":{"unit":"%","value":3.984984},"monitor_cell_reading":{"unit":"mV","value":0},"monitor_cell_calibration_value":{"unit":"mV","value":0},"test_device_area":{"unit":"cm2","value":0.09},"num_of_series_connected_stacks":{"unit":"","value":1},"sweep_direction":{"unit":"","value":"Forward"},"device_id":{"unit":"","value":"OABr2-2-5-F"},"cell_dimension":{"unit":"cm2","value":0.09},"key":"Forward_IV OABr2-2-5"},{"V":{"value":[-0.1,-0.087,-0.074,-0.061,-0.048,-0.035,-0.022,-0.009,0.004,0.017,0.03,0.043,0.056,0.069,0.082,0.095,0.108,0.121,0.134,0.147,0.16,0.173,0.186,0.199,0.212,0.225,0.238,0.251,0.264,0.277,0.29,0.303,0.316,0.329,0.342,0.355,0.368,0.381,0.394,0.407,0.42,0.433,0.446,0.459,0.472,0.485,0.498,0.511,0.524,0.537,0.55,0.563,0.576,0.589,0.602,0.615,0.628,0.641,0.654,0.667,0.68,0.693,0.706,0.719,0.732,0.745,0.758,0.771,0.784,0.797,0.81,0.823,0.836,0.849,0.862,0.875,0.888,0.901,0.914,0.927,0.94,0.953,0.966,0.979,0.992,1.005,1.018,1.031,1.044,1.057,1.07,1.083,1.096,1.109,1.122,1.135,1.148,1.161,1.174,1.187],"unit":"V"},"I":{"value":[0.001118,0.001132,0.00114,0.001149,0.00115,0.001152,0.001154,0.001154,0.001158,0.001161,0.001162,0.001163,0.001164,0.001163,0.001163,0.001161,0.001161,0.00116,0.001159,0.001141,0.001146,0.001144,0.001144,0.001142,0.001144,0.00114,0.001133,0.001131,0.00113,0.001125,0.001122,0.00112,0.001117,0.001115,0.001113,0.001048,0.00107,0.001065,0.001061,0.001064,0.001061,0.001061,0.001057,0.001053,0.001046,0.001043,0.001041,0.001041,0.001035,0.001026,0.001021,0.001015,0.001012,0.001008,0.001001,0.001005,0.000987,0.000969,0.000929,0.000928,0.000923,0.000917,0.000913,0.00091,0.000911,0.000907,0.000897,0.000896,0.000886,0.000875,0.000869,0.000862,0.000844,0.000834,0.000813,0.000798,0.000783,0.000765,0.000744,0.000728,0.0007,0.000673,0.000545,0.000559,0.000581,0.000545,0.000443,0.000448,0.000347,0.000298,0.000221,0.000142,3.3e-5,-8.3e-5,-0.000255,-0.000423,-0.000609,-0.00082,-0.001067,-0.001309],"unit":"A"},"J":{"value":[0.00010062000000000001,0.00010188,0.00010259999999999999,0.00010341,0.0001035,0.00010368,0.00010386,0.00010386,0.00010421999999999999,0.00010448999999999998,0.00010458,0.00010467,0.00010476,0.00010467,0.00010467,0.00010448999999999998,0.00010448999999999998,0.0001044,0.00010431000000000001,0.00010269000000000001,0.00010314,0.00010296,0.00010296,0.00010278,0.00010296,0.00010259999999999999,0.00010196999999999999,0.00010179,0.00010169999999999999,0.00010125,0.00010097999999999999,0.00010079999999999998,0.00010052999999999999,0.00010035,0.00010017,9.432e-5,9.63e-5,9.585e-5,9.549000000000001e-5,9.576e-5,9.549000000000001e-5,9.549000000000001e-5,9.512999999999999e-5,9.476999999999999e-5,9.414e-5,9.387000000000001e-5,9.369e-5,9.369e-5,9.314999999999999e-5,9.234e-5,9.188999999999999e-5,9.135e-5,9.108e-5,9.072e-5,9.008999999999999e-5,9.045e-5,8.883e-5,8.721e-5,8.361e-5,8.352e-5,8.307e-5,8.253e-5,8.217e-5,8.19e-5,8.198999999999999e-5,8.163e-5,8.073e-5,8.064e-5,7.973999999999999e-5,7.875e-5,7.821e-5,7.758e-5,7.596e-5,7.506e-5,7.317e-5,7.182e-5,7.047e-5,6.884999999999999e-5,6.696e-5,6.552e-5,6.3e-5,6.057e-5,4.905e-5,5.0310000000000005e-5,5.229e-5,4.905e-5,3.9869999999999996e-5,4.032e-5,3.123e-5,2.6819999999999997e-5,1.989e-5,1.278e-5,2.97e-6,-7.47e-6,-2.2950000000000002e-5,-3.807e-5,-5.480999999999999e-5,-7.379999999999999e-5,-9.603e-5,-0.00011781],"unit":"A\/cm2"},"voc":{"unit":"V","value":1.102606},"isc":{"unit":"A","value":1.15756},"jsc":{"unit":"mA\/cm2","value":12.861776},"fill_factor":{"unit":"%","value":55.553618},"vmax":{"unit":"V","value":0.823},"efficiency":{"unit":"%","value":7.878322},"monitor_cell_reading":{"unit":"mV","value":0},"monitor_cell_calibration_value":{"unit":"mV","value":0},"test_device_area":{"unit":"cm2","value":0.09},"num_of_series_connected_stacks":{"unit":"","value":1},"sweep_direction":{"unit":"","value":"Forward"},"device_id":{"unit":"","value":"OABr2-2-4-F"},"cell_dimension":{"unit":"cm2","value":0.09},"key":"Forward_IV OABr2-2-4"},{"V":{"value":[-0.1,-0.087,-0.074,-0.061,-0.048,-0.035,-0.022,-0.009,0.004,0.017,0.03,0.043,0.056,0.069,0.082,0.095,0.108,0.121,0.134,0.147,0.16,0.173,0.186,0.199,0.212,0.225,0.238,0.251,0.264,0.277,0.29,0.303,0.316,0.329,0.342,0.355,0.368,0.381,0.394,0.407,0.42,0.433,0.446,0.459,0.472,0.485,0.498,0.511,0.524,0.537,0.55,0.563,0.576,0.589,0.602,0.615,0.628,0.641,0.654,0.667,0.68,0.693,0.706,0.719,0.732,0.745,0.758,0.771,0.784,0.797,0.81,0.823,0.836,0.849,0.862,0.875,0.888,0.901,0.914,0.927,0.94,0.953,0.966,0.979,0.992,1.005,1.018,1.031,1.044,1.057,1.07,1.083,1.096,1.109,1.122,1.135,1.148,1.161,1.174,1.187],"unit":"V"},"I":{"value":[0.001095,0.001111,0.001122,0.00113,0.001136,0.001143,0.001147,0.001153,0.001158,0.001164,0.00117,0.001168,0.001171,0.001172,0.001176,0.001176,0.001179,0.00118,0.001178,0.001179,0.001178,0.001178,0.001179,0.001178,0.001177,0.001178,0.001177,0.001176,0.00118,0.001177,0.001177,0.001176,0.001176,0.001174,0.001172,0.001172,0.001171,0.00117,0.001169,0.001168,0.001167,0.001166,0.001164,0.001162,0.001161,0.00116,0.001158,0.001156,0.001156,0.001152,0.001151,0.001148,0.001146,0.001145,0.001142,0.001137,0.001137,0.001135,0.001132,0.001131,0.00113,0.001124,0.001118,0.001115,0.00111,0.001106,0.001099,0.001092,0.001089,0.001079,0.001071,0.001062,0.00105,0.001039,0.001027,0.001013,0.001001,0.000979,0.000959,0.000937,0.000915,0.000889,0.00086,0.000828,0.000791,0.00075,0.000703,0.00065,0.000587,0.000513,0.000426,0.000321,0.000197,4.0e-5,-0.000152,-0.000364,-0.000611,-0.000897,-0.001251,-0.001617],"unit":"A"},"J":{"value":[9.855e-5,9.999e-5,0.00010097999999999999,0.00010169999999999999,0.00010224,0.00010286999999999998,0.00010323,0.00010376999999999999,0.00010421999999999999,0.00010476,0.0001053,0.00010512,0.00010538999999999999,0.00010548,0.00010583999999999999,0.00010583999999999999,0.00010610999999999999,0.0001062,0.00010601999999999999,0.00010610999999999999,0.00010601999999999999,0.00010601999999999999,0.00010610999999999999,0.00010601999999999999,0.00010593000000000001,0.00010601999999999999,0.00010593000000000001,0.00010583999999999999,0.0001062,0.00010593000000000001,0.00010593000000000001,0.00010583999999999999,0.00010583999999999999,0.00010565999999999999,0.00010548,0.00010548,0.00010538999999999999,0.0001053,0.00010520999999999999,0.00010512,0.00010503,0.00010494,0.00010476,0.00010458,0.00010448999999999998,0.0001044,0.00010421999999999999,0.00010403999999999999,0.00010403999999999999,0.00010368,0.00010358999999999999,0.00010332,0.00010314,0.00010305,0.00010278,0.00010232999999999999,0.00010232999999999999,0.00010214999999999999,0.00010188,0.00010179,0.00010169999999999999,0.00010116,0.00010062000000000001,0.00010035,9.99e-5,9.954e-5,9.890999999999999e-5,9.828e-5,9.800999999999999e-5,9.711000000000001e-5,9.638999999999999e-5,9.558e-5,9.449999999999999e-5,9.350999999999999e-5,9.243e-5,9.117e-5,9.008999999999999e-5,8.811e-5,8.630999999999999e-5,8.433e-5,8.235e-5,8.001e-5,7.74e-5,7.452e-5,7.119e-5,6.75e-5,6.327e-5,5.849999999999999e-5,5.2829999999999994e-5,4.617e-5,3.8339999999999995e-5,2.889e-5,1.7729999999999998e-5,3.6000000000000003e-6,-1.368e-5,-3.276e-5,-5.499e-5,-8.073e-5,-0.00011258999999999999,-0.00014553],"unit":"A\/cm2"},"voc":{"unit":"V","value":1.113744},"isc":{"unit":"A","value":1.157763},"jsc":{"unit":"mA\/cm2","value":12.864038},"fill_factor":{"unit":"%","value":68.944514},"vmax":{"unit":"V","value":0.888},"efficiency":{"unit":"%","value":9.877851},"monitor_cell_reading":{"unit":"mV","value":0},"monitor_cell_calibration_value":{"unit":"mV","value":0},"test_device_area":{"unit":"cm2","value":0.09},"num_of_series_connected_stacks":{"unit":"","value":1},"sweep_direction":{"unit":"","value":"Forward"},"device_id":{"unit":"","value":"OABr2-2-3-F"},"cell_dimension":{"unit":"cm2","value":0.09},"key":"Forward_IV OABr2-2-3"},{"V":{"value":[-0.1,-0.087,-0.074,-0.061,-0.048,-0.035,-0.022,-0.009,0.004,0.017,0.03,0.043,0.056,0.069,0.082,0.095,0.108,0.121,0.134,0.147,0.16,0.173,0.186,0.199,0.212,0.225,0.238,0.251,0.264,0.277,0.29,0.303,0.316,0.329,0.342,0.355,0.368,0.381,0.394,0.407,0.42,0.433,0.446,0.459,0.472,0.485,0.498,0.511,0.524,0.537,0.55,0.563,0.576,0.589,0.602,0.615,0.628,0.641,0.654,0.667,0.68,0.693,0.706,0.719,0.732,0.745,0.758,0.771,0.784,0.797,0.81,0.823,0.836,0.849,0.862,0.875,0.888,0.901,0.914,0.927,0.94,0.953,0.966,0.979,0.992,1.005,1.018,1.031,1.044,1.057,1.07,1.083,1.096,1.109,1.122,1.135,1.148,1.161,1.174,1.187],"unit":"V"},"I":{"value":[0.001491,0.001495,0.001496,0.001501,0.001502,0.001511,0.001509,0.001506,0.001503,0.001499,0.001498,0.001493,0.001493,0.001487,0.001487,0.001483,0.001483,0.001478,0.001473,0.001469,0.001466,0.00146,0.001457,0.001451,0.001447,0.001444,0.00144,0.001438,0.001432,0.001428,0.00143,0.001426,0.001428,0.001421,0.001411,0.001415,0.001412,0.001408,0.001399,0.001395,0.001391,0.001394,0.001385,0.001391,0.00139,0.001382,0.001381,0.001368,0.001369,0.001363,0.001366,0.001354,0.001353,0.001354,0.001336,0.00135,0.001342,0.001333,0.001348,0.001335,0.001332,0.00134,0.00132,0.001313,0.001306,0.001311,0.001303,0.001314,0.001303,0.00131,0.001296,0.00128,0.001281,0.001281,0.00127,0.001263,0.001281,0.001263,0.001244,0.001236,0.001216,0.001208,0.001185,0.001172,0.001119,0.001102,0.001067,0.001034,0.000967,0.00091,0.000823,0.000704,0.000569,0.000324,0.000125,-0.000102,-0.000376,-0.000701,-0.001068,-0.001462],"unit":"A"},"J":{"value":[0.00013419,0.00013455,0.00013464,0.00013508999999999998,0.00013518,0.00013599,0.00013581,0.00013554,0.00013527,0.00013491,0.00013482,0.00013437,0.00013437,0.00013383,0.00013383,0.00013346999999999998,0.00013346999999999998,0.00013302,0.00013256999999999999,0.00013221,0.00013194000000000001,0.0001314,0.00013113,0.00013059,0.00013022999999999998,0.00012995999999999998,0.0001296,0.00012942,0.00012888,0.00012852,0.0001287,0.00012833999999999998,0.00012852,0.00012789,0.00012699,0.00012735,0.00012708,0.00012671999999999998,0.00012591,0.00012555,0.00012519,0.00012546,0.00012465,0.00012519,0.0001251,0.00012438,0.00012429,0.00012312,0.00012321,0.00012267,0.00012293999999999999,0.00012185999999999999,0.00012177,0.00012185999999999999,0.00012023999999999999,0.0001215,0.00012078,0.00011996999999999999,0.00012132,0.00012014999999999999,0.00011988,0.0001206,0.0001188,0.00011816999999999999,0.00011754,0.00011799,0.00011727,0.00011826,0.00011727,0.00011789999999999999,0.00011664,0.00011520000000000001,0.00011529,0.00011529,0.0001143,0.00011367,0.00011529,0.00011367,0.00011196,0.00011123999999999999,0.00010944,0.00010872,0.00010665,0.00010548,0.00010070999999999999,9.917999999999998e-5,9.603e-5,9.306e-5,8.703e-5,8.19e-5,7.406999999999999e-5,6.335999999999999e-5,5.120999999999999e-5,2.916e-5,1.1249999999999999e-5,-9.18e-6,-3.3839999999999994e-5,-6.309e-5,-9.612e-5,-0.00013157999999999998],"unit":"A\/cm2"},"voc":{"unit":"V","value":1.134147},"isc":{"unit":"A","value":1.503439},"jsc":{"unit":"mA\/cm2","value":16.704882},"fill_factor":{"unit":"%","value":67.520409},"vmax":{"unit":"V","value":0.953},"efficiency":{"unit":"%","value":12.792275},"monitor_cell_reading":{"unit":"mV","value":0},"monitor_cell_calibration_value":{"unit":"mV","value":0},"test_device_area":{"unit":"cm2","value":0.09},"num_of_series_connected_stacks":{"unit":"","value":1},"sweep_direction":{"unit":"","value":"Forward"},"device_id":{"unit":"","value":"OABr2-2-1-F"},"cell_dimension":{"unit":"cm2","value":0.09},"key":"Forward_IV OABr2-2-1"},{"V":{"value":[-0.1,-0.087,-0.074,-0.061,-0.048,-0.035,-0.022,-0.009,0.004,0.017,0.03,0.043,0.056,0.069,0.082,0.095,0.108,0.121,0.134,0.147,0.16,0.173,0.186,0.199,0.212,0.225,0.238,0.251,0.264,0.277,0.29,0.303,0.316,0.329,0.342,0.355,0.368,0.381,0.394,0.407,0.42,0.433,0.446,0.459,0.472,0.485,0.498,0.511,0.524,0.537,0.55,0.563,0.576,0.589,0.602,0.615,0.628,0.641,0.654,0.667,0.68,0.693,0.706,0.719,0.732,0.745,0.758,0.771,0.784,0.797,0.81,0.823,0.836,0.849,0.862,0.875,0.888,0.901,0.914,0.927,0.94,0.953,0.966,0.979,0.992,1.005,1.018,1.031,1.044,1.057,1.07,1.083,1.096,1.109,1.122,1.135,1.148,1.161,1.174,1.187],"unit":"V"},"I":{"value":[0.001526,0.001526,0.001528,0.001528,0.001528,0.001529,0.001529,0.001528,0.001528,0.001527,0.001527,0.001526,0.001528,0.001527,0.001524,0.001526,0.001524,0.001524,0.001522,0.00152,0.001517,0.001517,0.001515,0.001516,0.001513,0.001512,0.00151,0.001507,0.001506,0.001506,0.001506,0.001505,0.001504,0.001503,0.001501,0.001499,0.001498,0.001496,0.001497,0.001494,0.001493,0.001489,0.001487,0.001486,0.001484,0.001484,0.001482,0.00148,0.001481,0.001478,0.001478,0.001474,0.001472,0.001472,0.001471,0.00147,0.001466,0.001466,0.001466,0.001464,0.001463,0.001459,0.001463,0.00145,0.001443,0.001438,0.001435,0.001429,0.001421,0.001414,0.001405,0.001398,0.001389,0.00138,0.001367,0.001357,0.001345,0.001331,0.001317,0.001303,0.001287,0.001271,0.001253,0.001235,0.001216,0.001193,0.001168,0.001142,0.001109,0.001072,0.001027,0.000969,0.0009,0.000813,0.000706,0.000575,0.000411,0.000216,-1.5e-5,-0.000291],"unit":"A"},"J":{"value":[0.00013733999999999998,0.00013733999999999998,0.00013752,0.00013752,0.00013752,0.00013761,0.00013761,0.00013752,0.00013752,0.00013743,0.00013743,0.00013733999999999998,0.00013752,0.00013743,0.00013716,0.00013733999999999998,0.00013716,0.00013716,0.00013697999999999998,0.0001368,0.00013653,0.00013653,0.00013635,0.00013644,0.00013617,0.00013608,0.0001359,0.00013563,0.00013554,0.00013554,0.00013554,0.00013544999999999999,0.00013535999999999998,0.00013527,0.00013508999999999998,0.00013491,0.00013482,0.00013464,0.00013473,0.00013446,0.00013437,0.00013401,0.00013383,0.00013373999999999998,0.00013356,0.00013356,0.00013338,0.00013319999999999999,0.00013329,0.00013302,0.00013302,0.00013266,0.00013248,0.00013248,0.00013239,0.0001323,0.00013194000000000001,0.00013194000000000001,0.00013194000000000001,0.00013176,0.00013167000000000002,0.00013131,0.00013167000000000002,0.00013049999999999997,0.00012987,0.00012942,0.00012915,0.00012860999999999998,0.00012789,0.00012726,0.00012644999999999998,0.00012581999999999998,0.00012501,0.00012419999999999998,0.00012303,0.00012213,0.00012105,0.00011978999999999999,0.00011852999999999999,0.00011727,0.00011583,0.00011439,0.00011276999999999999,0.00011114999999999999,0.00010944,0.00010737,0.00010512,0.00010278,9.981e-5,9.648e-5,9.243e-5,8.721e-5,8.099999999999999e-5,7.317e-5,6.354e-5,5.175e-5,3.699e-5,1.944e-5,-1.35e-6,-2.619e-5],"unit":"A\/cm2"},"voc":{"unit":"V","value":"NaN"},"isc":{"unit":"A","value":1.528109},"jsc":{"unit":"mA\/cm2","value":16.978986},"fill_factor":{"unit":"%","value":"NaN"},"vmax":{"unit":"V","value":0.953},"efficiency":{"unit":"%","value":13.457778},"monitor_cell_reading":{"unit":"mV","value":0},"monitor_cell_calibration_value":{"unit":"mV","value":0},"test_device_area":{"unit":"cm2","value":0.09},"num_of_series_connected_stacks":{"unit":"","value":1},"sweep_direction":{"unit":"","value":"Forward"},"device_id":{"unit":"","value":"OABr2-1-5-F"},"cell_dimension":{"unit":"cm2","value":0.09},"key":"Forward_IV OABr2-1-5"},{"V":{"value":[-0.1,-0.087,-0.074,-0.061,-0.048,-0.035,-0.022,-0.009,0.004,0.017,0.03,0.043,0.056,0.069,0.082,0.095,0.108,0.121,0.134,0.147,0.16,0.173,0.186,0.199,0.212,0.225,0.238,0.251,0.264,0.277,0.29,0.303,0.316,0.329,0.342,0.355,0.368,0.381,0.394,0.407,0.42,0.433,0.446,0.459,0.472,0.485,0.498,0.511,0.524,0.537,0.55,0.563,0.576,0.589,0.602,0.615,0.628,0.641,0.654,0.667,0.68,0.693,0.706,0.719,0.732,0.745,0.758,0.771,0.784,0.797,0.81,0.823,0.836,0.849,0.862,0.875,0.888,0.901,0.914,0.927,0.94,0.953,0.966,0.979,0.992,1.005,1.018,1.031,1.044,1.057,1.07,1.083,1.096,1.109,1.122,1.135,1.148,1.161,1.174,1.187],"unit":"V"},"I":{"value":[0.000794,0.000807,0.000822,0.000836,0.000849,0.000863,0.000876,0.00089,0.000903,0.00092,0.000932,0.000946,0.000959,0.000969,0.00098,0.00099,0.001001,0.00101,0.00102,0.00103,0.001038,0.001073,0.001071,0.001077,0.001082,0.001088,0.001093,0.001099,0.001102,0.001106,0.001107,0.00111,0.001114,0.001116,0.001117,0.001119,0.00112,0.001122,0.001123,0.001121,0.001122,0.00112,0.001119,0.001119,0.001118,0.001116,0.001115,0.001113,0.00111,0.001108,0.001106,0.001103,0.001099,0.001096,0.001093,0.001087,0.001082,0.001078,0.001073,0.001067,0.001062,0.001056,0.001049,0.001041,0.001033,0.001025,0.001016,0.001007,0.000999,0.000984,0.000971,0.000958,0.000944,0.000931,0.000913,0.000895,0.000876,0.000856,0.000834,0.00081,0.000784,0.000757,0.000728,0.000695,0.00066,0.000623,0.00058,0.000533,0.000479,0.000419,0.00035,0.00027,0.000177,6.4e-5,-6.0e-5,-0.000215,-0.000379,-0.000565,-0.000774,-0.001005],"unit":"A"},"J":{"value":[7.146e-5,7.263e-5,7.398e-5,7.524e-5,7.641e-5,7.767000000000001e-5,7.884e-5,8.01e-5,8.127e-5,8.28e-5,8.387999999999999e-5,8.514e-5,8.630999999999999e-5,8.721e-5,8.819999999999999e-5,8.91e-5,9.008999999999999e-5,9.09e-5,9.180000000000001e-5,9.27e-5,9.342000000000001e-5,9.656999999999999e-5,9.638999999999999e-5,9.693e-5,9.738e-5,9.792e-5,9.837e-5,9.890999999999999e-5,9.917999999999998e-5,9.954e-5,9.962999999999999e-5,9.99e-5,0.00010025999999999999,0.00010044,0.00010052999999999999,0.00010070999999999999,0.00010079999999999998,0.00010097999999999999,0.00010107,0.00010089,0.00010097999999999999,0.00010079999999999998,0.00010070999999999999,0.00010070999999999999,0.00010062000000000001,0.00010044,0.00010035,0.00010017,9.99e-5,9.972e-5,9.954e-5,9.927e-5,9.890999999999999e-5,9.863999999999999e-5,9.837e-5,9.783e-5,9.738e-5,9.701999999999999e-5,9.656999999999999e-5,9.603e-5,9.558e-5,9.504e-5,9.441e-5,9.369e-5,9.297e-5,9.225e-5,9.143999999999999e-5,9.063e-5,8.991000000000001e-5,8.856e-5,8.738999999999999e-5,8.622e-5,8.496e-5,8.379e-5,8.217e-5,8.054999999999999e-5,7.884e-5,7.704e-5,7.506e-5,7.29e-5,7.055999999999999e-5,6.813e-5,6.552e-5,6.255e-5,5.94e-5,5.607e-5,5.22e-5,4.797e-5,4.311e-5,3.7709999999999996e-5,3.15e-5,2.4299999999999998e-5,1.5929999999999998e-5,5.76e-6,-5.4e-6,-1.935e-5,-3.411e-5,-5.0849999999999996e-5,-6.966e-5,-9.045e-5],"unit":"A\/cm2"},"voc":{"unit":"V","value":1.119323},"isc":{"unit":"A","value":0.903208},"jsc":{"unit":"mA\/cm2","value":10.035642},"fill_factor":{"unit":"%","value":78.144778},"vmax":{"unit":"V","value":0.849},"efficiency":{"unit":"%","value":8.778103},"monitor_cell_reading":{"unit":"mV","value":0},"monitor_cell_calibration_value":{"unit":"mV","value":0},"test_device_area":{"unit":"cm2","value":0.09},"num_of_series_connected_stacks":{"unit":"","value":1},"sweep_direction":{"unit":"","value":"Forward"},"device_id":{"unit":"","value":"OABr2-1-4-F"},"cell_dimension":{"unit":"cm2","value":0.09},"key":"Forward_IV OABr2-1-4"},{"V":{"value":[-0.1,-0.087,-0.074,-0.061,-0.048,-0.035,-0.022,-0.009,0.004,0.017,0.03,0.043,0.056,0.069,0.082,0.095,0.108,0.121,0.134,0.147,0.16,0.173,0.186,0.199,0.212,0.225,0.238,0.251,0.264,0.277,0.29,0.303,0.316,0.329,0.342,0.355,0.368,0.381,0.394,0.407,0.42,0.433,0.446,0.459,0.472,0.485,0.498,0.511,0.524,0.537,0.55,0.563,0.576,0.589,0.602,0.615,0.628,0.641,0.654,0.667,0.68,0.693,0.706,0.719,0.732,0.745,0.758,0.771,0.784,0.797,0.81,0.823,0.836,0.849,0.862,0.875,0.888,0.901,0.914,0.927,0.94,0.953,0.966,0.979,0.992,1.005,1.018,1.031,1.044,1.057,1.07,1.083,1.096,1.109,1.122,1.135,1.148,1.161,1.174,1.187],"unit":"V"},"I":{"value":[0.001338,0.001348,0.001418,0.001428,0.001374,0.001317,0.001253,0.001239,0.001233,0.001227,0.001221,0.001216,0.001213,0.001202,0.001199,0.001195,0.001189,0.001187,0.001181,0.001173,0.001167,0.001148,0.001145,0.001143,0.001135,0.001133,0.00112,0.001111,0.001104,0.001091,0.001063,0.001072,0.001054,0.001071,0.001059,0.001058,0.00105,0.001048,0.00104,0.001042,0.001014,0.001025,0.00102,0.000986,0.000988,0.000979,0.000981,0.000911,0.000904,0.000887,0.000902,0.000913,0.000898,0.000899,0.000883,0.000857,0.000869,0.000855,0.000848,0.000848,0.000838,0.000816,0.000836,0.000826,0.000814,0.000792,0.000782,0.000772,0.000755,0.000747,0.000739,0.000721,0.000701,0.000697,0.000669,0.00065,0.000625,0.000584,0.000565,0.000578,0.00055,0.000512,0.00044,0.000383,0.000341,0.00028,0.000262,0.000211,0.000158,0.000103,9.7e-5,1.6e-5,-7.0e-5,-0.000194,-0.000317,-0.000474,-0.000673,-0.000883,-0.001159,-0.001451],"unit":"A"},"J":{"value":[0.00012041999999999999,0.00012132,0.00012762,0.00012852,0.00012366,0.00011852999999999999,0.00011276999999999999,0.00011151000000000001,0.00011096999999999999,0.00011043,0.00010989,0.00010944,0.00010917,0.00010818,0.00010790999999999999,0.00010755,0.00010701,0.00010682999999999999,0.00010629,0.00010557,0.00010503,0.00010332,0.00010305,0.00010286999999999998,0.00010214999999999999,0.00010196999999999999,0.00010079999999999998,9.999e-5,9.936e-5,9.819e-5,9.566999999999998e-5,9.648e-5,9.486e-5,9.638999999999999e-5,9.531e-5,9.521999999999999e-5,9.449999999999999e-5,9.432e-5,9.359999999999998e-5,9.377999999999999e-5,9.125999999999999e-5,9.225e-5,9.180000000000001e-5,8.874e-5,8.892e-5,8.811e-5,8.829000000000001e-5,8.198999999999999e-5,8.136e-5,7.983e-5,8.118e-5,8.217e-5,8.082e-5,8.091e-5,7.947e-5,7.713e-5,7.821e-5,7.695e-5,7.632e-5,7.632e-5,7.541999999999999e-5,7.344e-5,7.524e-5,7.434e-5,7.326e-5,7.128e-5,7.038e-5,6.947999999999999e-5,6.795e-5,6.723e-5,6.651e-5,6.489e-5,6.309e-5,6.273e-5,6.0209999999999994e-5,5.849999999999999e-5,5.625e-5,5.256e-5,5.0849999999999996e-5,5.201999999999999e-5,4.9500000000000004e-5,4.608e-5,3.96e-5,3.447e-5,3.069e-5,2.5199999999999996e-5,2.358e-5,1.899e-5,1.422e-5,9.27e-6,8.73e-6,1.44e-6,-6.299999999999999e-6,-1.746e-5,-2.853e-5,-4.2659999999999995e-5,-6.057e-5,-7.947e-5,-0.00010431000000000001,-0.00013059],"unit":"A\/cm2"},"voc":{"unit":"V","value":1.088661},"isc":{"unit":"A","value":1.232945},"jsc":{"unit":"mA\/cm2","value":13.699392},"fill_factor":{"unit":"%","value":44.572295},"vmax":{"unit":"V","value":0.81},"efficiency":{"unit":"%","value":6.647506},"monitor_cell_reading":{"unit":"mV","value":0},"monitor_cell_calibration_value":{"unit":"mV","value":0},"test_device_area":{"unit":"cm2","value":0.09},"num_of_series_connected_stacks":{"unit":"","value":1},"sweep_direction":{"unit":"","value":"Forward"},"device_id":{"unit":"","value":"OABr2-1-3-F"},"cell_dimension":{"unit":"cm2","value":0.09},"key":"Forward_IV OABr2-1-3"},{"V":{"value":[-0.1,-0.087,-0.074,-0.061,-0.048,-0.035,-0.022,-0.009,0.004,0.017,0.03,0.043,0.056,0.069,0.082,0.095,0.108,0.121,0.134,0.147,0.16,0.173,0.186,0.199,0.212,0.225,0.238,0.251,0.264,0.277,0.29,0.303,0.316,0.329,0.342,0.355,0.368,0.381,0.394,0.407,0.42,0.433,0.446,0.459,0.472,0.485,0.498,0.511,0.524,0.537,0.55,0.563,0.576,0.589,0.602,0.615,0.628,0.641,0.654,0.667,0.68,0.693,0.706,0.719,0.732,0.745,0.758,0.771,0.784,0.797,0.81,0.823,0.836,0.849,0.862,0.875,0.888,0.901,0.914,0.927,0.94,0.953,0.966,0.979,0.992,1.005,1.018,1.031,1.044,1.057,1.07,1.083,1.096,1.109,1.122,1.135,1.148,1.161,1.174,1.187],"unit":"V"},"I":{"value":[0.001012,0.001018,0.001035,0.001093,0.001077,0.001077,0.001083,0.001088,0.001094,0.001101,0.001106,0.001111,0.001114,0.001119,0.001124,0.001125,0.001128,0.001131,0.001133,0.001137,0.001138,0.001139,0.001141,0.00114,0.00114,0.001141,0.001142,0.001143,0.001142,0.001144,0.001143,0.001142,0.001142,0.001142,0.001139,0.001138,0.001137,0.001135,0.001135,0.001133,0.001132,0.001133,0.001131,0.001128,0.001127,0.001126,0.001123,0.00112,0.001119,0.001116,0.001114,0.001112,0.00111,0.001107,0.001103,0.001101,0.001098,0.001096,0.001091,0.001089,0.001086,0.001082,0.001077,0.001075,0.001068,0.001062,0.001056,0.001051,0.001043,0.001034,0.001025,0.001016,0.001006,0.000998,0.000984,0.00097,0.000955,0.000939,0.000924,0.000906,0.000887,0.000866,0.000843,0.000818,0.000791,0.00076,0.000724,0.000683,0.000636,0.000579,0.00051,0.000426,0.000323,0.000195,3.1e-5,-0.000176,-0.000408,-0.000684,-0.001006,-0.001403],"unit":"A"},"J":{"value":[9.108e-5,9.162e-5,9.314999999999999e-5,9.837e-5,9.693e-5,9.693e-5,9.747e-5,9.792e-5,9.845999999999999e-5,9.908999999999999e-5,9.954e-5,9.999e-5,0.00010025999999999999,0.00010070999999999999,0.00010116,0.00010125,0.00010152,0.00010179,0.00010196999999999999,0.00010232999999999999,0.00010241999999999999,0.00010251,0.00010269000000000001,0.00010259999999999999,0.00010259999999999999,0.00010269000000000001,0.00010278,0.00010286999999999998,0.00010278,0.00010296,0.00010286999999999998,0.00010278,0.00010278,0.00010278,0.00010251,0.00010241999999999999,0.00010232999999999999,0.00010214999999999999,0.00010214999999999999,0.00010196999999999999,0.00010188,0.00010196999999999999,0.00010179,0.00010152,0.00010143,0.00010134,0.00010107,0.00010079999999999998,0.00010070999999999999,0.00010044,0.00010025999999999999,0.00010007999999999999,9.99e-5,9.962999999999999e-5,9.927e-5,9.908999999999999e-5,9.881999999999999e-5,9.863999999999999e-5,9.819e-5,9.800999999999999e-5,9.774e-5,9.738e-5,9.693e-5,9.675e-5,9.612e-5,9.558e-5,9.504e-5,9.459e-5,9.387000000000001e-5,9.306e-5,9.225e-5,9.143999999999999e-5,9.054e-5,8.981999999999999e-5,8.856e-5,8.730000000000001e-5,8.595e-5,8.450999999999999e-5,8.316e-5,8.154e-5,7.983e-5,7.794e-5,7.587e-5,7.362e-5,7.119e-5,6.84e-5,6.516e-5,6.146999999999999e-5,5.7239999999999994e-5,5.2109999999999994e-5,4.5900000000000004e-5,3.8339999999999995e-5,2.9069999999999998e-5,1.755e-5,2.79e-6,-1.5839999999999997e-5,-3.672e-5,-6.156e-5,-9.054e-5,-0.00012627],"unit":"A\/cm2"},"voc":{"unit":"V","value":1.126442},"isc":{"unit":"A","value":1.093672},"jsc":{"unit":"mA\/cm2","value":12.151906},"fill_factor":{"unit":"%","value":68.861751},"vmax":{"unit":"V","value":0.875},"efficiency":{"unit":"%","value":9.426088},"monitor_cell_reading":{"unit":"mV","value":0},"monitor_cell_calibration_value":{"unit":"mV","value":0},"test_device_area":{"unit":"cm2","value":0.09},"num_of_series_connected_stacks":{"unit":"","value":1},"sweep_direction":{"unit":"","value":"Forward"},"device_id":{"unit":"","value":"OABr2-1-2-F"},"cell_dimension":{"unit":"cm2","value":0.09},"key":"Forward_IV OABr2-1-2"},{"V":{"value":[-0.1,-0.087,-0.074,-0.061,-0.048,-0.035,-0.022,-0.009,0.004,0.017,0.03,0.043,0.056,0.069,0.082,0.095,0.108,0.121,0.134,0.147,0.16,0.173,0.186,0.199,0.212,0.225,0.238,0.251,0.264,0.277,0.29,0.303,0.316,0.329,0.342,0.355,0.368,0.381,0.394,0.407,0.42,0.433,0.446,0.459,0.472,0.485,0.498,0.511,0.524,0.537,0.55,0.563,0.576,0.589,0.602,0.615,0.628,0.641,0.654,0.667,0.68,0.693,0.706,0.719,0.732,0.745,0.758,0.771,0.784,0.797,0.81,0.823,0.836,0.849,0.862,0.875,0.888,0.901,0.914,0.927,0.94,0.953,0.966,0.979,0.992,1.005,1.018,1.031,1.044,1.057,1.07,1.083,1.096,1.109,1.122,1.135,1.148,1.161,1.174,1.187],"unit":"V"},"I":{"value":[0.001254,0.001262,0.00127,0.001275,0.001281,0.001283,0.001287,0.001289,0.001293,0.001295,0.001297,0.001299,0.001298,0.001303,0.001304,0.001305,0.001306,0.001305,0.001305,0.001304,0.001304,0.001303,0.001302,0.001301,0.001299,0.0013,0.001298,0.001296,0.001296,0.001293,0.001291,0.001291,0.001288,0.001287,0.001284,0.001282,0.001282,0.00128,0.001277,0.001276,0.001273,0.001272,0.001271,0.001269,0.001265,0.001263,0.00126,0.001257,0.001254,0.001253,0.001249,0.001247,0.001243,0.001237,0.001235,0.001232,0.001229,0.001227,0.001223,0.001219,0.001217,0.001212,0.001208,0.001204,0.001198,0.001194,0.001187,0.00118,0.001174,0.001166,0.001159,0.001152,0.001142,0.001134,0.001124,0.001115,0.001106,0.001094,0.001082,0.001069,0.001055,0.001041,0.001025,0.001008,0.000985,0.000962,0.000936,0.000904,0.000866,0.000818,0.000761,0.000688,0.000598,0.000485,0.000348,0.000179,-3.1e-5,-0.000283,-0.000557,-0.000866],"unit":"A"},"J":{"value":[0.00011285999999999999,0.00011358000000000001,0.0001143,0.00011475,0.00011529,0.00011547,0.00011583,0.00011601,0.00011637,0.00011654999999999999,0.00011672999999999999,0.00011691,0.00011681999999999998,0.00011727,0.00011736,0.00011745,0.00011754,0.00011745,0.00011745,0.00011736,0.00011736,0.00011727,0.00011718,0.00011709,0.00011691,0.00011699999999999998,0.00011681999999999998,0.00011664,0.00011664,0.00011637,0.00011619,0.00011619,0.00011592,0.00011583,0.00011556,0.00011538,0.00011538,0.00011520000000000001,0.00011492999999999999,0.00011483999999999999,0.00011457,0.00011447999999999999,0.00011439,0.00011420999999999999,0.00011385,0.00011367,0.0001134,0.00011313000000000001,0.00011285999999999999,0.00011276999999999999,0.00011240999999999999,0.00011223,0.00011187,0.00011132999999999999,0.00011114999999999999,0.00011088,0.00011061,0.00011043,0.00011006999999999998,0.00010971,0.00010952999999999999,0.00010907999999999999,0.00010872,0.00010836,0.00010782000000000001,0.00010745999999999999,0.00010682999999999999,0.0001062,0.00010565999999999999,0.00010494,0.00010431000000000001,0.00010368,0.00010278,0.00010206,0.00010116,0.00010035,9.954e-5,9.845999999999999e-5,9.738e-5,9.621e-5,9.494999999999999e-5,9.369e-5,9.225e-5,9.072e-5,8.865e-5,8.657999999999999e-5,8.423999999999999e-5,8.136e-5,7.794e-5,7.362e-5,6.848999999999999e-5,6.192e-5,5.3819999999999996e-5,4.3650000000000004e-5,3.132e-5,1.611e-5,-2.79e-6,-2.547e-5,-5.0129999999999996e-5,-7.794e-5],"unit":"A\/cm2"},"voc":{"unit":"V","value":1.148637},"isc":{"unit":"A","value":1.292683},"jsc":{"unit":"mA\/cm2","value":14.363143},"fill_factor":{"unit":"%","value":66.832189},"vmax":{"unit":"V","value":0.953},"efficiency":{"unit":"%","value":11.026001},"monitor_cell_reading":{"unit":"mV","value":0},"monitor_cell_calibration_value":{"unit":"mV","value":0},"test_device_area":{"unit":"cm2","value":0.09},"num_of_series_connected_stacks":{"unit":"","value":1},"sweep_direction":{"unit":"","value":"Forward"},"device_id":{"unit":"","value":"OABr2-1-1-F"},"cell_dimension":{"unit":"cm2","value":0.09},"key":"Forward_IV OABr2-1-1"}]}}