{"_id":"66e40a050d035d7d802be312","id":"SKKU-SC-00428","author":82,"group":11,"input":[{"tco":{"unit":"","value":"ITO"}},{"surface_treatment":{"unit":"","value":"O-Plasma"}},{"htl":[{"material":{"unit":"","value":"Me-2PACz"},"concentration":{"unit":"","value":"0.5"},"conc_unit":{"unit":"","value":"mg\/ml"},"quantity":{"unit":"ml","value":"0.2"}}],"spin_coating":[{"type":{"unit":"","value":"Static (loading)"},"rpm":{"unit":"","value":"3000"},"time":{"unit":"s","value":"30"}}],"annealing":[{"temperature":{"unit":"oC","value":"100"},"time":{"unit":"m","value":"10"}}],"solvent":[{"material":{"unit":"","value":"Ethanol"},"volume":{"unit":"ml","value":"5"}}],"condition":{"unit":"","value":"glove-box(N2)"}},{"htl_treatment":[{"material":{"unit":"","value":"SiO2"},"concentration":{"unit":"","value":"2"},"conc_unit":{"unit":"","value":"wt%"},"quantity":{"unit":"ml","value":"0.4"}}]},{"condition":{"unit":"","value":"glove-box(N2)"},"perovskite":{"method":{"unit":"","value":"1step"},"molarity":{"unit":"M","value":"1.6M"},"a_site":[{"material":{"unit":"","value":"FA"},"ratio":{"unit":"%","value":"90"}},{"material":{"unit":"","value":"Cs"},"ratio":{"unit":"%","value":"10"}}],"b_site":[{"material":{"unit":"","value":"Pb"},"ratio":{"unit":"%","value":"110"}}],"x_site":[{"material":{"unit":"","value":"I"},"ratio":{"unit":"%","value":"120"}}],"solvent":[{"material":{"unit":"","value":"DMF"},"volume":{"unit":"ml","value":"0.8"}},{"material":{"unit":"","value":"DMSO"},"volume":{"unit":"ml","value":"0.2"}}],"antisolvent":[{"material":{"unit":"","value":"CB"},"quantity":{"unit":"ul","value":"200"},"dripping_time":{"unit":"s","value":"5"}}],"annealing":[{"temperature":{"unit":"oC","value":"100"},"time":{"unit":"m","value":"60"}}],"spin_coating":[{"type":{"unit":"","value":"Static (only spreading)"},"rpm":{"unit":"","value":"1000"},"time":{"unit":"s","value":"10"}},{"type":{"unit":"","value":"Static (loading)"},"rpm":{"unit":"","value":"5000"},"time":{"unit":"s","value":"20"}}],"additive":[{"material":{"unit":"","value":"MACl"},"solvent":{"unit":"","value":"DMF"},"concentration":{"unit":"","value":"10"},"conc_unit":{"unit":"","value":"mol%"},"quantity":{"unit":"mol%","value":"10"}}]}},{"etl":[{"material":{"unit":"","value":"C60"},"concentration":{"unit":"","value":""},"conc_unit":{"unit":"","value":"mg\/ml"},"quantity":{"unit":"ml","value":""}}],"thermal_evaporation":[{"vacuum_evaporation_thickness":{"unit":"nm","value":"30"},"evaporation_rate":{"unit":"\u00c5\/s","value":"0.2"},"vacuum_pressure":{"unit":"uTorr","value":"0.9"}}]},{"blocking_buffer_layer":[{"material":{"unit":"","value":"BCP"},"concentration":{"unit":"","value":""},"conc_unit":{"unit":"","value":"None"},"quantity":{"unit":"ml","value":""}}],"thermal_evaporation":[{"vacuum_evaporation_thickness":{"unit":"nm","value":"8"},"evaporation_rate":{"unit":"\u00c5\/s","value":"0.2"},"vacuum_pressure":{"unit":"uTorr","value":"0.9"}}]},{"anode_metal":{"unit":"","value":"Ag"}},{"note":{"unit":"","value":"Metal oxide Wetting agent"},"type":{"unit":"","value":"unit_cell"},"device_type":{"unit":"","value":"p-i-n"},"temperature":{"unit":"\u2103","value":"25"},"humidity":{"unit":"%","value":"25"},"cell_dimension":{"unit":"cm2","value":"0.125"},"condition":{"unit":"","value":"glove-box(N2)"}}],"fileinfo":[{"key":"Forward_IV 0.4-1-1","uploadType":"JV","original_name":"IV 0.4-1-1-F.txt","save_name":"SKKU-SC-00428\/Forward_IV 0.4-1-1","uploader":82,"fileType":""},{"key":"Reverse_IV 0.4-1-1","uploadType":"JV","original_name":"IV 0.4-1-1-R.txt","save_name":"SKKU-SC-00428\/Reverse_IV 0.4-1-1","uploader":82,"fileType":""},{"key":"Forward_IV 0.4-1-2","uploadType":"JV","original_name":"IV 0.4-1-2-F.txt","save_name":"SKKU-SC-00428\/Forward_IV 0.4-1-2","uploader":82,"fileType":""},{"key":"Reverse_IV 0.4-1-2","uploadType":"JV","original_name":"IV 0.4-1-2-R.txt","save_name":"SKKU-SC-00428\/Reverse_IV 0.4-1-2","uploader":82,"fileType":""},{"key":"Forward_IV 0.4-1-3","uploadType":"JV","original_name":"IV 0.4-1-3-F.txt","save_name":"SKKU-SC-00428\/Forward_IV 0.4-1-3","uploader":82,"fileType":""},{"key":"Reverse_IV 0.4-1-3","uploadType":"JV","original_name":"IV 0.4-1-3-R.txt","save_name":"SKKU-SC-00428\/Reverse_IV 0.4-1-3","uploader":82,"fileType":""},{"key":"Forward_IV 0.4-1-4","uploadType":"JV","original_name":"IV 0.4-1-4-F.txt","save_name":"SKKU-SC-00428\/Forward_IV 0.4-1-4","uploader":82,"fileType":""},{"key":"Reverse_IV 0.4-1-4","uploadType":"JV","original_name":"IV 0.4-1-4-R.txt","save_name":"SKKU-SC-00428\/Reverse_IV 0.4-1-4","uploader":82,"fileType":""},{"key":"Forward_IV 0.4-2-1","uploadType":"JV","original_name":"IV 0.4-2-1-F.txt","save_name":"SKKU-SC-00428\/Forward_IV 0.4-2-1","uploader":82,"fileType":""},{"key":"Reverse_IV 0.4-2-1","uploadType":"JV","original_name":"IV 0.4-2-1-R.txt","save_name":"SKKU-SC-00428\/Reverse_IV 0.4-2-1","uploader":82,"fileType":""},{"key":"Forward_IV 0.4-2-2","uploadType":"JV","original_name":"IV 0.4-2-2-F.txt","save_name":"SKKU-SC-00428\/Forward_IV 0.4-2-2","uploader":82,"fileType":""},{"key":"Reverse_IV 0.4-2-2","uploadType":"JV","original_name":"IV 0.4-2-2-R.txt","save_name":"SKKU-SC-00428\/Reverse_IV 0.4-2-2","uploader":82,"fileType":""},{"key":"Forward_IV 0.4-2-4","uploadType":"JV","original_name":"IV 0.4-2-4-F.txt","save_name":"SKKU-SC-00428\/Forward_IV 0.4-2-4","uploader":82,"fileType":""},{"key":"Reverse_IV 0.4-2-4","uploadType":"JV","original_name":"IV 0.4-2-4-R.txt","save_name":"SKKU-SC-00428\/Reverse_IV 0.4-2-4","uploader":82,"fileType":""},{"key":"Forward_IV 0.4-2-5","uploadType":"JV","original_name":"IV 0.4-2-5-F.txt","save_name":"SKKU-SC-00428\/Forward_IV 0.4-2-5","uploader":82,"fileType":""},{"key":"Reverse_IV 0.4-2-5","uploadType":"JV","original_name":"IV 0.4-2-5-R.txt","save_name":"SKKU-SC-00428\/Reverse_IV 0.4-2-5","uploader":82,"fileType":""}],"jvcnt":16,"analysisInfo":{"JV":[{"efficiency":20.657471,"fill_factor":82.922284,"jsc":22.444543,"voc":1.109929,"key":"Reverse_IV 0.4-2-5","cell_dimension":0.09},{"efficiency":20.903966,"fill_factor":83.241184,"jsc":22.632567,"voc":1.109575,"key":"Reverse_IV 0.4-2-4","cell_dimension":0.09},{"efficiency":20.772324,"fill_factor":83.586142,"jsc":22.596103,"voc":1.099809,"key":"Reverse_IV 0.4-2-2","cell_dimension":0.09},{"efficiency":20.651739,"fill_factor":83.012347,"jsc":22.596786,"voc":1.100949,"key":"Reverse_IV 0.4-2-1","cell_dimension":0.09},{"efficiency":20.719886,"fill_factor":82.93651,"jsc":22.483987,"voc":1.111139,"key":"Reverse_IV 0.4-1-4","cell_dimension":0.09},{"efficiency":20.626393,"fill_factor":82.654855,"jsc":22.542702,"voc":1.107003,"key":"Reverse_IV 0.4-1-3","cell_dimension":0.09},{"efficiency":20.850407,"fill_factor":83.004892,"jsc":22.611221,"voc":1.11093,"key":"Reverse_IV 0.4-1-2","cell_dimension":0.09},{"efficiency":20.646666,"fill_factor":82.870092,"jsc":22.57678,"voc":1.103545,"key":"Reverse_IV 0.4-1-1","cell_dimension":0.09},{"efficiency":20.668859,"fill_factor":83.155786,"jsc":22.466398,"voc":1.106345,"key":"Forward_IV 0.4-2-5","cell_dimension":0.09},{"efficiency":20.959034,"fill_factor":83.786519,"jsc":22.60107,"voc":1.106797,"key":"Forward_IV 0.4-2-4","cell_dimension":0.09},{"efficiency":20.876174,"fill_factor":83.645729,"jsc":22.642105,"voc":1.102276,"key":"Forward_IV 0.4-2-2","cell_dimension":0.09},{"efficiency":20.718209,"fill_factor":83.279968,"jsc":22.614934,"voc":1.10006,"key":"Forward_IV 0.4-2-1","cell_dimension":0.09},{"efficiency":20.661534,"fill_factor":83.044255,"jsc":22.517134,"voc":1.104943,"key":"Forward_IV 0.4-1-4","cell_dimension":0.09},{"efficiency":20.789988,"fill_factor":83.427373,"jsc":22.564634,"voc":1.104377,"key":"Forward_IV 0.4-1-3","cell_dimension":0.09},{"efficiency":20.857504,"fill_factor":83.521629,"jsc":22.613524,"voc":1.10432,"key":"Forward_IV 0.4-1-2","cell_dimension":0.09},{"efficiency":20.702056,"fill_factor":83.06057,"jsc":22.597277,"voc":1.102967,"key":"Forward_IV 0.4-1-1","cell_dimension":0.09}]},"tags":[],"updated_at":"2024-10-24 09:10:22","created_at":"2024-09-13 09:46:45","public":2,"analysis":{"JV":[{"V":{"value":[1.2,1.1875,1.175,1.1625,1.15,1.1375,1.125,1.1125,1.1,1.0875,1.075,1.0625,1.05,1.0375,1.025,1.0125,1,0.9875,0.975,0.9625,0.95,0.9375,0.925,0.9125,0.9,0.8875,0.875,0.8625,0.85,0.8375,0.825,0.8125,0.8,0.7875,0.775,0.7625,0.75,0.7375,0.725,0.7125,0.7,0.6875,0.675,0.6625,0.65,0.6375,0.625,0.6125,0.6,0.5875,0.575,0.5625,0.55,0.5375,0.525,0.5125,0.5,0.4875,0.475,0.4625,0.45,0.4375,0.425,0.4125,0.4,0.3875,0.375,0.3625,0.35,0.3375,0.325,0.3125,0.3,0.2875,0.275,0.2625,0.25,0.2375,0.225,0.2125,0.2,0.1875,0.175,0.1625,0.15,0.1375,0.125,0.1125,0.1,0.0875,0.075,0.0625,0.05,0.0375,0.025,0.0125,0,-0.0125,-0.025,-0.0375],"unit":"V"},"I":{"value":[-0.00468,-0.003911,-0.003199,-0.002532,-0.001909,-0.001328,-0.000799,-0.000306,0.000132,0.000513,0.000842,0.001095,0.001326,0.001503,0.001637,0.001738,0.001813,0.001866,0.001907,0.001931,0.001954,0.001968,0.00198,0.001987,0.001992,0.001997,0.001998,0.002003,0.002005,0.002007,0.002008,0.002012,0.002009,0.002012,0.00201,0.00201,0.00201,0.002012,0.002012,0.002012,0.002013,0.002014,0.002015,0.002016,0.002016,0.002016,0.002016,0.002017,0.002015,0.002014,0.002016,0.002017,0.002015,0.002019,0.002017,0.002017,0.002018,0.002015,0.002017,0.002018,0.002018,0.002017,0.002019,0.002018,0.002019,0.002013,0.002015,0.002017,0.002018,0.002018,0.00202,0.002017,0.002018,0.002018,0.002019,0.002019,0.002018,0.002018,0.002018,0.002019,0.002017,0.002017,0.002019,0.00202,0.002018,0.002017,0.002018,0.002019,0.002016,0.002019,0.00202,0.00202,0.002018,0.002018,0.002019,0.002021,0.00202,0.00202,0.00202,0.00202],"unit":"A"},"J":{"value":[-0.0004212,-0.00035199000000000005,-0.00028791,-0.00022788,-0.00017181,-0.00011952,-7.191e-5,-2.754e-5,1.188e-5,4.617e-5,7.578e-5,9.855e-5,0.00011933999999999999,0.00013527,0.00014733,0.00015642,0.00016317,0.00016794,0.00017163,0.00017379,0.00017586,0.00017712,0.0001782,0.00017883,0.00017927999999999998,0.00017973,0.00017982000000000002,0.00018027,0.00018044999999999997,0.00018063,0.00018071999999999996,0.00018108,0.00018081,0.00018108,0.0001809,0.0001809,0.0001809,0.00018108,0.00018108,0.00018108,0.00018117,0.00018126,0.00018135,0.00018144,0.00018144,0.00018144,0.00018144,0.00018153,0.00018135,0.00018126,0.00018144,0.00018153,0.00018135,0.00018171,0.00018153,0.00018153,0.00018161999999999999,0.00018135,0.00018153,0.00018161999999999999,0.00018161999999999999,0.00018153,0.00018171,0.00018161999999999999,0.00018171,0.00018117,0.00018135,0.00018153,0.00018161999999999999,0.00018161999999999999,0.0001818,0.00018153,0.00018161999999999999,0.00018161999999999999,0.00018171,0.00018171,0.00018161999999999999,0.00018161999999999999,0.00018161999999999999,0.00018171,0.00018153,0.00018153,0.00018171,0.0001818,0.00018161999999999999,0.00018153,0.00018161999999999999,0.00018171,0.00018144,0.00018171,0.0001818,0.0001818,0.00018161999999999999,0.00018161999999999999,0.00018171,0.00018188999999999998,0.0001818,0.0001818,0.0001818,0.0001818],"unit":"A\/cm2"},"voc":{"unit":"V","value":1.109929},"isc":{"unit":"A","value":2.020009},"jsc":{"unit":"mA\/cm2","value":22.444543},"fill_factor":{"unit":"%","value":82.922284},"vmax":{"unit":"V","value":0.975},"efficiency":{"unit":"%","value":20.657471},"monitor_cell_reading":{"unit":"mV","value":0},"monitor_cell_calibration_value":{"unit":"mV","value":0},"test_device_area":{"unit":"cm2","value":0.09},"num_of_series_connected_stacks":{"unit":"","value":1},"sweep_direction":{"unit":"","value":"Reverse"},"device_id":{"unit":"","value":"0.4-2-5-R"},"cell_dimension":{"unit":"cm2","value":0.09},"key":"Reverse_IV 0.4-2-5"},{"V":{"value":[1.2,1.1875,1.175,1.1625,1.15,1.1375,1.125,1.1125,1.1,1.0875,1.075,1.0625,1.05,1.0375,1.025,1.0125,1,0.9875,0.975,0.9625,0.95,0.9375,0.925,0.9125,0.9,0.8875,0.875,0.8625,0.85,0.8375,0.825,0.8125,0.8,0.7875,0.775,0.7625,0.75,0.7375,0.725,0.7125,0.7,0.6875,0.675,0.6625,0.65,0.6375,0.625,0.6125,0.6,0.5875,0.575,0.5625,0.55,0.5375,0.525,0.5125,0.5,0.4875,0.475,0.4625,0.45,0.4375,0.425,0.4125,0.4,0.3875,0.375,0.3625,0.35,0.3375,0.325,0.3125,0.3,0.2875,0.275,0.2625,0.25,0.2375,0.225,0.2125,0.2,0.1875,0.175,0.1625,0.15,0.1375,0.125,0.1125,0.1,0.0875,0.075,0.0625,0.05,0.0375,0.025,0.0125,0,-0.0125,-0.025,-0.0375],"unit":"V"},"I":{"value":[-0.00533,-0.004442,-0.003622,-0.002857,-0.002147,-0.00149,-0.000899,-0.000355,0.00012,0.000528,0.000871,0.001135,0.001367,0.001542,0.001671,0.00177,0.001841,0.001892,0.001929,0.001955,0.001973,0.001989,0.002,0.002005,0.00201,0.002016,0.002019,0.002022,0.002024,0.002023,0.002026,0.002027,0.002026,0.002029,0.002031,0.00203,0.002031,0.002029,0.00203,0.002029,0.00203,0.002032,0.002032,0.002033,0.002032,0.002032,0.00203,0.002032,0.002033,0.002031,0.002032,0.002035,0.002032,0.002034,0.002032,0.002034,0.002034,0.002034,0.002033,0.002032,0.002033,0.002036,0.002036,0.002034,0.002033,0.002034,0.002033,0.002033,0.002036,0.002033,0.002036,0.002034,0.002033,0.002032,0.002035,0.002035,0.002033,0.002031,0.002034,0.002033,0.002033,0.002033,0.002034,0.002034,0.002037,0.002036,0.002036,0.002033,0.002036,0.002036,0.002035,0.002035,0.002035,0.002036,0.002036,0.002036,0.002037,0.002037,0.002037,0.002037],"unit":"A"},"J":{"value":[-0.00047969999999999995,-0.00039977999999999997,-0.00032597999999999997,-0.00025713,-0.00019323,-0.0001341,-8.091e-5,-3.195e-5,1.08e-5,4.752e-5,7.839e-5,0.00010214999999999999,0.00012303,0.00013878,0.00015039,0.0001593,0.00016569,0.00017028,0.00017360999999999999,0.00017595,0.00017757,0.00017900999999999998,0.00017999999999999998,0.00018044999999999997,0.0001809,0.00018144,0.00018171,0.00018198,0.00018216,0.00018207,0.00018234,0.00018243,0.00018234,0.00018261,0.00018278999999999998,0.0001827,0.00018278999999999998,0.00018261,0.0001827,0.00018261,0.0001827,0.00018287999999999998,0.00018287999999999998,0.00018297,0.00018287999999999998,0.00018287999999999998,0.0001827,0.00018287999999999998,0.00018297,0.00018278999999999998,0.00018287999999999998,0.00018314999999999998,0.00018287999999999998,0.00018305999999999997,0.00018287999999999998,0.00018305999999999997,0.00018305999999999997,0.00018305999999999997,0.00018297,0.00018287999999999998,0.00018297,0.00018324,0.00018324,0.00018305999999999997,0.00018297,0.00018305999999999997,0.00018297,0.00018297,0.00018324,0.00018297,0.00018324,0.00018305999999999997,0.00018297,0.00018287999999999998,0.00018314999999999998,0.00018314999999999998,0.00018297,0.00018278999999999998,0.00018305999999999997,0.00018297,0.00018297,0.00018297,0.00018305999999999997,0.00018305999999999997,0.00018333000000000002,0.00018324,0.00018324,0.00018297,0.00018324,0.00018324,0.00018314999999999998,0.00018314999999999998,0.00018314999999999998,0.00018324,0.00018324,0.00018324,0.00018333000000000002,0.00018333000000000002,0.00018333000000000002,0.00018333000000000002],"unit":"A\/cm2"},"voc":{"unit":"V","value":1.109575},"isc":{"unit":"A","value":2.036931},"jsc":{"unit":"mA\/cm2","value":22.632567},"fill_factor":{"unit":"%","value":83.241184},"vmax":{"unit":"V","value":0.9625},"efficiency":{"unit":"%","value":20.903966},"monitor_cell_reading":{"unit":"mV","value":0},"monitor_cell_calibration_value":{"unit":"mV","value":0},"test_device_area":{"unit":"cm2","value":0.09},"num_of_series_connected_stacks":{"unit":"","value":1},"sweep_direction":{"unit":"","value":"Reverse"},"device_id":{"unit":"","value":"0.4-2-4-R"},"cell_dimension":{"unit":"cm2","value":0.09},"key":"Reverse_IV 0.4-2-4"},{"V":{"value":[1.2,1.1875,1.175,1.1625,1.15,1.1375,1.125,1.1125,1.1,1.0875,1.075,1.0625,1.05,1.0375,1.025,1.0125,1,0.9875,0.975,0.9625,0.95,0.9375,0.925,0.9125,0.9,0.8875,0.875,0.8625,0.85,0.8375,0.825,0.8125,0.8,0.7875,0.775,0.7625,0.75,0.7375,0.725,0.7125,0.7,0.6875,0.675,0.6625,0.65,0.6375,0.625,0.6125,0.6,0.5875,0.575,0.5625,0.55,0.5375,0.525,0.5125,0.5,0.4875,0.475,0.4625,0.45,0.4375,0.425,0.4125,0.4,0.3875,0.375,0.3625,0.35,0.3375,0.325,0.3125,0.3,0.2875,0.275,0.2625,0.25,0.2375,0.225,0.2125,0.2,0.1875,0.175,0.1625,0.15,0.1375,0.125,0.1125,0.1,0.0875,0.075,0.0625,0.05,0.0375,0.025,0.0125,0,-0.0125,-0.025,-0.0375],"unit":"V"},"I":{"value":[-0.005874,-0.004943,-0.004083,-0.003281,-0.002532,-0.001839,-0.001199,-0.000634,-0.000115,0.000331,0.000709,0.001022,0.001255,0.00146,0.001611,0.001721,0.001806,0.001865,0.001911,0.001942,0.001967,0.001982,0.001993,0.002001,0.002006,0.00201,0.002017,0.00202,0.002019,0.002019,0.002022,0.002023,0.002025,0.002027,0.002026,0.002027,0.002025,0.002028,0.002028,0.002029,0.002027,0.00203,0.002029,0.00203,0.00203,0.002029,0.002029,0.00203,0.00203,0.002029,0.00203,0.002031,0.00203,0.002032,0.00203,0.002031,0.00203,0.002032,0.002033,0.002033,0.002034,0.00203,0.002032,0.002032,0.002032,0.002032,0.002032,0.002031,0.002032,0.002031,0.002032,0.002032,0.002032,0.002032,0.002031,0.002032,0.002031,0.002032,0.002035,0.002035,0.002034,0.002034,0.002033,0.002031,0.002034,0.002034,0.002034,0.002033,0.002033,0.002035,0.002033,0.002032,0.002034,0.002032,0.002035,0.002034,0.002034,0.002034,0.002034,0.00203],"unit":"A"},"J":{"value":[-0.0005286599999999999,-0.00044487,-0.00036746999999999995,-0.00029529,-0.00022788,-0.00016550999999999998,-0.00010790999999999999,-5.706e-5,-1.035e-5,2.979e-5,6.381e-5,9.197999999999998e-5,0.00011295,0.0001314,0.00014499,0.00015489,0.00016254,0.00016785,0.00017198999999999998,0.00017477999999999998,0.00017703,0.00017837999999999998,0.00017936999999999999,0.00018009000000000002,0.00018054,0.0001809,0.00018153,0.0001818,0.00018171,0.00018171,0.00018198,0.00018207,0.00018224999999999998,0.00018243,0.00018234,0.00018243,0.00018224999999999998,0.00018251999999999998,0.00018251999999999998,0.00018261,0.00018243,0.0001827,0.00018261,0.0001827,0.0001827,0.00018261,0.00018261,0.0001827,0.0001827,0.00018261,0.0001827,0.00018278999999999998,0.0001827,0.00018287999999999998,0.0001827,0.00018278999999999998,0.0001827,0.00018287999999999998,0.00018297,0.00018297,0.00018305999999999997,0.0001827,0.00018287999999999998,0.00018287999999999998,0.00018287999999999998,0.00018287999999999998,0.00018287999999999998,0.00018278999999999998,0.00018287999999999998,0.00018278999999999998,0.00018287999999999998,0.00018287999999999998,0.00018287999999999998,0.00018287999999999998,0.00018278999999999998,0.00018287999999999998,0.00018278999999999998,0.00018287999999999998,0.00018314999999999998,0.00018314999999999998,0.00018305999999999997,0.00018305999999999997,0.00018297,0.00018278999999999998,0.00018305999999999997,0.00018305999999999997,0.00018305999999999997,0.00018297,0.00018297,0.00018314999999999998,0.00018297,0.00018287999999999998,0.00018305999999999997,0.00018287999999999998,0.00018314999999999998,0.00018305999999999997,0.00018305999999999997,0.00018305999999999997,0.00018305999999999997,0.0001827],"unit":"A\/cm2"},"voc":{"unit":"V","value":1.099809},"isc":{"unit":"A","value":2.033649},"jsc":{"unit":"mA\/cm2","value":22.596103},"fill_factor":{"unit":"%","value":83.586142},"vmax":{"unit":"V","value":0.9625},"efficiency":{"unit":"%","value":20.772324},"monitor_cell_reading":{"unit":"mV","value":0},"monitor_cell_calibration_value":{"unit":"mV","value":0},"test_device_area":{"unit":"cm2","value":0.09},"num_of_series_connected_stacks":{"unit":"","value":1},"sweep_direction":{"unit":"","value":"Reverse"},"device_id":{"unit":"","value":"0.4-2-2-R"},"cell_dimension":{"unit":"cm2","value":0.09},"key":"Reverse_IV 0.4-2-2"},{"V":{"value":[1.2,1.1875,1.175,1.1625,1.15,1.1375,1.125,1.1125,1.1,1.0875,1.075,1.0625,1.05,1.0375,1.025,1.0125,1,0.9875,0.975,0.9625,0.95,0.9375,0.925,0.9125,0.9,0.8875,0.875,0.8625,0.85,0.8375,0.825,0.8125,0.8,0.7875,0.775,0.7625,0.75,0.7375,0.725,0.7125,0.7,0.6875,0.675,0.6625,0.65,0.6375,0.625,0.6125,0.6,0.5875,0.575,0.5625,0.55,0.5375,0.525,0.5125,0.5,0.4875,0.475,0.4625,0.45,0.4375,0.425,0.4125,0.4,0.3875,0.375,0.3625,0.35,0.3375,0.325,0.3125,0.3,0.2875,0.275,0.2625,0.25,0.2375,0.225,0.2125,0.2,0.1875,0.175,0.1625,0.15,0.1375,0.125,0.1125,0.1,0.0875,0.075,0.0625,0.05,0.0375,0.025,0.0125,0,-0.0125,-0.025,-0.0375],"unit":"V"},"I":{"value":[-0.005314,-0.004525,-0.003785,-0.003086,-0.002427,-0.001807,-0.001229,-0.000705,-0.000217,0.000213,0.000586,0.000907,0.001158,0.001376,0.001544,0.001675,0.001768,0.00184,0.001892,0.00193,0.001956,0.001975,0.001987,0.001997,0.002001,0.00201,0.002013,0.002017,0.002017,0.00202,0.00202,0.002022,0.002023,0.002023,0.002024,0.002028,0.002025,0.002025,0.002026,0.002027,0.00203,0.002028,0.00203,0.002027,0.002028,0.002029,0.002029,0.002029,0.00203,0.00203,0.002029,0.002031,0.002031,0.002029,0.002032,0.002031,0.002032,0.002029,0.002029,0.002031,0.002031,0.002031,0.002033,0.002035,0.002033,0.002033,0.00203,0.002031,0.002031,0.002029,0.002032,0.002031,0.002031,0.002033,0.002032,0.002033,0.002033,0.002033,0.002031,0.002033,0.002034,0.002033,0.002033,0.002033,0.002029,0.002031,0.002033,0.002034,0.002032,0.002032,0.002032,0.002033,0.002032,0.002032,0.002031,0.002031,0.002034,0.002033,0.002031,0.002033],"unit":"A"},"J":{"value":[-0.00047826,-0.00040725,-0.00034065,-0.00027774,-0.00021842999999999998,-0.00016263,-0.00011061,-6.345e-5,-1.9529999999999998e-5,1.9169999999999998e-5,5.274e-5,8.163e-5,0.00010421999999999999,0.00012384,0.00013895999999999998,0.00015075,0.00015912,0.0001656,0.00017028,0.0001737,0.00017603999999999997,0.00017775,0.00017883,0.00017973,0.00018009000000000002,0.0001809,0.00018117,0.00018153,0.00018153,0.0001818,0.0001818,0.00018198,0.00018207,0.00018207,0.00018216,0.00018251999999999998,0.00018224999999999998,0.00018224999999999998,0.00018234,0.00018243,0.0001827,0.00018251999999999998,0.0001827,0.00018243,0.00018251999999999998,0.00018261,0.00018261,0.00018261,0.0001827,0.0001827,0.00018261,0.00018278999999999998,0.00018278999999999998,0.00018261,0.00018287999999999998,0.00018278999999999998,0.00018287999999999998,0.00018261,0.00018261,0.00018278999999999998,0.00018278999999999998,0.00018278999999999998,0.00018297,0.00018314999999999998,0.00018297,0.00018297,0.0001827,0.00018278999999999998,0.00018278999999999998,0.00018261,0.00018287999999999998,0.00018278999999999998,0.00018278999999999998,0.00018297,0.00018287999999999998,0.00018297,0.00018297,0.00018297,0.00018278999999999998,0.00018297,0.00018305999999999997,0.00018297,0.00018297,0.00018297,0.00018261,0.00018278999999999998,0.00018297,0.00018305999999999997,0.00018287999999999998,0.00018287999999999998,0.00018287999999999998,0.00018297,0.00018287999999999998,0.00018287999999999998,0.00018278999999999998,0.00018278999999999998,0.00018305999999999997,0.00018297,0.00018278999999999998,0.00018297],"unit":"A\/cm2"},"voc":{"unit":"V","value":1.100949},"isc":{"unit":"A","value":2.033711},"jsc":{"unit":"mA\/cm2","value":22.596786},"fill_factor":{"unit":"%","value":83.012347},"vmax":{"unit":"V","value":0.95},"efficiency":{"unit":"%","value":20.651739},"monitor_cell_reading":{"unit":"mV","value":0},"monitor_cell_calibration_value":{"unit":"mV","value":0},"test_device_area":{"unit":"cm2","value":0.09},"num_of_series_connected_stacks":{"unit":"","value":1},"sweep_direction":{"unit":"","value":"Reverse"},"device_id":{"unit":"","value":"0.4-2-1-R"},"cell_dimension":{"unit":"cm2","value":0.09},"key":"Reverse_IV 0.4-2-1"},{"V":{"value":[1.2,1.1875,1.175,1.1625,1.15,1.1375,1.125,1.1125,1.1,1.0875,1.075,1.0625,1.05,1.0375,1.025,1.0125,1,0.9875,0.975,0.9625,0.95,0.9375,0.925,0.9125,0.9,0.8875,0.875,0.8625,0.85,0.8375,0.825,0.8125,0.8,0.7875,0.775,0.7625,0.75,0.7375,0.725,0.7125,0.7,0.6875,0.675,0.6625,0.65,0.6375,0.625,0.6125,0.6,0.5875,0.575,0.5625,0.55,0.5375,0.525,0.5125,0.5,0.4875,0.475,0.4625,0.45,0.4375,0.425,0.4125,0.4,0.3875,0.375,0.3625,0.35,0.3375,0.325,0.3125,0.3,0.2875,0.275,0.2625,0.25,0.2375,0.225,0.2125,0.2,0.1875,0.175,0.1625,0.15,0.1375,0.125,0.1125,0.1,0.0875,0.075,0.0625,0.05,0.0375,0.025,0.0125,0,-0.0125,-0.025,-0.0375],"unit":"V"},"I":{"value":[-0.005089,-0.004248,-0.003462,-0.002725,-0.002038,-0.001405,-0.000831,-0.000305,0.000154,0.000549,0.00088,0.001139,0.001362,0.001532,0.001659,0.001751,0.001823,0.001873,0.001912,0.001937,0.001957,0.001969,0.001979,0.001988,0.001994,0.001995,0.002,0.002001,0.002004,0.002005,0.002005,0.002007,0.00201,0.002008,0.002009,0.00201,0.002012,0.002011,0.002011,0.002012,0.002014,0.002014,0.002013,0.002015,0.002014,0.002015,0.002015,0.002015,0.002015,0.002014,0.002016,0.002016,0.002018,0.002016,0.002016,0.002017,0.002021,0.002018,0.002017,0.002019,0.002017,0.002019,0.002018,0.002021,0.00202,0.002021,0.002018,0.002019,0.002023,0.002022,0.002021,0.00202,0.00202,0.002021,0.002022,0.002021,0.00202,0.002021,0.002022,0.002022,0.002021,0.00202,0.002021,0.00202,0.002021,0.002019,0.002021,0.002023,0.002023,0.002021,0.002023,0.002022,0.002024,0.002024,0.002025,0.002025,0.002024,0.002023,0.002024,0.002025],"unit":"A"},"J":{"value":[-0.00045800999999999996,-0.00038232,-0.00031158,-0.00024524999999999997,-0.00018341999999999998,-0.00012644999999999998,-7.479e-5,-2.7449999999999996e-5,1.386e-5,4.9409999999999996e-5,7.92e-5,0.00010251,0.00012257999999999998,0.00013788,0.00014931,0.00015759,0.00016407,0.00016857,0.00017208,0.00017433,0.00017612999999999998,0.00017720999999999997,0.00017811,0.00017892,0.00017946,0.00017954999999999997,0.00017999999999999998,0.00018009000000000002,0.00018036000000000001,0.00018044999999999997,0.00018044999999999997,0.00018063,0.0001809,0.00018071999999999996,0.00018081,0.0001809,0.00018108,0.00018099000000000001,0.00018099000000000001,0.00018108,0.00018126,0.00018126,0.00018117,0.00018135,0.00018126,0.00018135,0.00018135,0.00018135,0.00018135,0.00018126,0.00018144,0.00018144,0.00018161999999999999,0.00018144,0.00018144,0.00018153,0.00018188999999999998,0.00018161999999999999,0.00018153,0.00018171,0.00018153,0.00018171,0.00018161999999999999,0.00018188999999999998,0.0001818,0.00018188999999999998,0.00018161999999999999,0.00018171,0.00018207,0.00018198,0.00018188999999999998,0.0001818,0.0001818,0.00018188999999999998,0.00018198,0.00018188999999999998,0.0001818,0.00018188999999999998,0.00018198,0.00018198,0.00018188999999999998,0.0001818,0.00018188999999999998,0.0001818,0.00018188999999999998,0.00018171,0.00018188999999999998,0.00018207,0.00018207,0.00018188999999999998,0.00018207,0.00018198,0.00018216,0.00018216,0.00018224999999999998,0.00018224999999999998,0.00018216,0.00018207,0.00018216,0.00018224999999999998],"unit":"A\/cm2"},"voc":{"unit":"V","value":1.111139},"isc":{"unit":"A","value":2.023559},"jsc":{"unit":"mA\/cm2","value":22.483987},"fill_factor":{"unit":"%","value":82.93651},"vmax":{"unit":"V","value":0.9625},"efficiency":{"unit":"%","value":20.719886},"monitor_cell_reading":{"unit":"mV","value":0},"monitor_cell_calibration_value":{"unit":"mV","value":0},"test_device_area":{"unit":"cm2","value":0.09},"num_of_series_connected_stacks":{"unit":"","value":1},"sweep_direction":{"unit":"","value":"Reverse"},"device_id":{"unit":"","value":"0.4-1-4-R"},"cell_dimension":{"unit":"cm2","value":0.09},"key":"Reverse_IV 0.4-1-4"},{"V":{"value":[1.2,1.1875,1.175,1.1625,1.15,1.1375,1.125,1.1125,1.1,1.0875,1.075,1.0625,1.05,1.0375,1.025,1.0125,1,0.9875,0.975,0.9625,0.95,0.9375,0.925,0.9125,0.9,0.8875,0.875,0.8625,0.85,0.8375,0.825,0.8125,0.8,0.7875,0.775,0.7625,0.75,0.7375,0.725,0.7125,0.7,0.6875,0.675,0.6625,0.65,0.6375,0.625,0.6125,0.6,0.5875,0.575,0.5625,0.55,0.5375,0.525,0.5125,0.5,0.4875,0.475,0.4625,0.45,0.4375,0.425,0.4125,0.4,0.3875,0.375,0.3625,0.35,0.3375,0.325,0.3125,0.3,0.2875,0.275,0.2625,0.25,0.2375,0.225,0.2125,0.2,0.1875,0.175,0.1625,0.15,0.1375,0.125,0.1125,0.1,0.0875,0.075,0.0625,0.05,0.0375,0.025,0.0125,0,-0.0125,-0.025,-0.0375],"unit":"V"},"I":{"value":[-0.005434,-0.004522,-0.003681,-0.002899,-0.00218,-0.00152,-0.000931,-0.000388,6.9e-5,0.000465,0.000814,0.001074,0.001309,0.001482,0.001619,0.001721,0.001798,0.001856,0.001897,0.001929,0.00195,0.00197,0.001984,0.001993,0.002,0.002007,0.002009,0.002014,0.002015,0.002019,0.002019,0.002021,0.002019,0.002019,0.00202,0.00202,0.002022,0.002024,0.002023,0.002022,0.002025,0.002024,0.002025,0.002022,0.002024,0.002022,0.002022,0.002024,0.002027,0.002024,0.002026,0.002025,0.002025,0.002027,0.002027,0.002028,0.002026,0.002027,0.002025,0.002027,0.002026,0.002026,0.002028,0.002028,0.002027,0.002026,0.002028,0.002028,0.002028,0.002027,0.002028,0.002025,0.002028,0.002025,0.002029,0.002027,0.002027,0.002027,0.002026,0.002027,0.00203,0.002028,0.002028,0.002027,0.002027,0.002028,0.002028,0.002027,0.002027,0.002027,0.002027,0.002028,0.002026,0.002029,0.002029,0.002029,0.002029,0.002029,0.002028,0.002028],"unit":"A"},"J":{"value":[-0.0004890599999999999,-0.00040698,-0.00033129,-0.00026091,-0.0001962,-0.0001368,-8.379e-5,-3.492e-5,6.21e-6,4.185e-5,7.326e-5,9.666e-5,0.00011781,0.00013338,0.00014570999999999999,0.00015489,0.00016182,0.00016704,0.00017073,0.00017360999999999999,0.00017549999999999998,0.0001773,0.00017856,0.00017936999999999999,0.00017999999999999998,0.00018063,0.00018081,0.00018126,0.00018135,0.00018171,0.00018171,0.00018188999999999998,0.00018171,0.00018171,0.0001818,0.0001818,0.00018198,0.00018216,0.00018207,0.00018198,0.00018224999999999998,0.00018216,0.00018224999999999998,0.00018198,0.00018216,0.00018198,0.00018198,0.00018216,0.00018243,0.00018216,0.00018234,0.00018224999999999998,0.00018224999999999998,0.00018243,0.00018243,0.00018251999999999998,0.00018234,0.00018243,0.00018224999999999998,0.00018243,0.00018234,0.00018234,0.00018251999999999998,0.00018251999999999998,0.00018243,0.00018234,0.00018251999999999998,0.00018251999999999998,0.00018251999999999998,0.00018243,0.00018251999999999998,0.00018224999999999998,0.00018251999999999998,0.00018224999999999998,0.00018261,0.00018243,0.00018243,0.00018243,0.00018234,0.00018243,0.0001827,0.00018251999999999998,0.00018251999999999998,0.00018243,0.00018243,0.00018251999999999998,0.00018251999999999998,0.00018243,0.00018243,0.00018243,0.00018243,0.00018251999999999998,0.00018234,0.00018261,0.00018261,0.00018261,0.00018261,0.00018261,0.00018251999999999998,0.00018251999999999998],"unit":"A\/cm2"},"voc":{"unit":"V","value":1.107003},"isc":{"unit":"A","value":2.028843},"jsc":{"unit":"mA\/cm2","value":22.542702},"fill_factor":{"unit":"%","value":82.654855},"vmax":{"unit":"V","value":0.9625},"efficiency":{"unit":"%","value":20.626393},"monitor_cell_reading":{"unit":"mV","value":0},"monitor_cell_calibration_value":{"unit":"mV","value":0},"test_device_area":{"unit":"cm2","value":0.09},"num_of_series_connected_stacks":{"unit":"","value":1},"sweep_direction":{"unit":"","value":"Reverse"},"device_id":{"unit":"","value":"0.4-1-3-R"},"cell_dimension":{"unit":"cm2","value":0.09},"key":"Reverse_IV 0.4-1-3"},{"V":{"value":[1.2,1.1875,1.175,1.1625,1.15,1.1375,1.125,1.1125,1.1,1.0875,1.075,1.0625,1.05,1.0375,1.025,1.0125,1,0.9875,0.975,0.9625,0.95,0.9375,0.925,0.9125,0.9,0.8875,0.875,0.8625,0.85,0.8375,0.825,0.8125,0.8,0.7875,0.775,0.7625,0.75,0.7375,0.725,0.7125,0.7,0.6875,0.675,0.6625,0.65,0.6375,0.625,0.6125,0.6,0.5875,0.575,0.5625,0.55,0.5375,0.525,0.5125,0.5,0.4875,0.475,0.4625,0.45,0.4375,0.425,0.4125,0.4,0.3875,0.375,0.3625,0.35,0.3375,0.325,0.3125,0.3,0.2875,0.275,0.2625,0.25,0.2375,0.225,0.2125,0.2,0.1875,0.175,0.1625,0.15,0.1375,0.125,0.1125,0.1,0.0875,0.075,0.0625,0.05,0.0375,0.025,0.0125,0,-0.0125,-0.025,-0.0375],"unit":"V"},"I":{"value":[-0.005254,-0.004372,-0.003558,-0.002799,-0.002095,-0.001446,-0.000863,-0.000328,0.00014,0.000544,0.000881,0.001133,0.001364,0.001536,0.001667,0.001764,0.001834,0.001885,0.001924,0.00195,0.001969,0.001984,0.001995,0.002004,0.002009,0.002014,0.002018,0.002017,0.002022,0.002023,0.002024,0.002026,0.002025,0.002026,0.002028,0.002028,0.00203,0.002028,0.00203,0.00203,0.002031,0.002028,0.002028,0.002029,0.002029,0.002031,0.002031,0.002033,0.002033,0.002031,0.00203,0.002028,0.00203,0.002032,0.002031,0.002033,0.002032,0.00203,0.002033,0.002032,0.002032,0.002031,0.002033,0.002032,0.002032,0.002033,0.002034,0.002032,0.002032,0.002033,0.002034,0.002034,0.002034,0.002034,0.002034,0.002034,0.002035,0.002032,0.002034,0.002034,0.002034,0.002036,0.002034,0.002032,0.002035,0.002035,0.002035,0.002033,0.002034,0.002035,0.002034,0.002034,0.002032,0.002036,0.002033,0.002032,0.002035,0.002034,0.002034,0.002034],"unit":"A"},"J":{"value":[-0.00047285999999999997,-0.00039348,-0.00032021999999999997,-0.00025191,-0.00018855,-0.00013014,-7.767000000000001e-5,-2.952e-5,1.2599999999999998e-5,4.896e-5,7.929e-5,0.00010196999999999999,0.00012276,0.00013824,0.00015003,0.00015875999999999998,0.00016506,0.00016964999999999998,0.00017315999999999998,0.00017549999999999998,0.00017720999999999997,0.00017856,0.00017954999999999997,0.00018036000000000001,0.00018081,0.00018126,0.00018161999999999999,0.00018153,0.00018198,0.00018207,0.00018216,0.00018234,0.00018224999999999998,0.00018234,0.00018251999999999998,0.00018251999999999998,0.0001827,0.00018251999999999998,0.0001827,0.0001827,0.00018278999999999998,0.00018251999999999998,0.00018251999999999998,0.00018261,0.00018261,0.00018278999999999998,0.00018278999999999998,0.00018297,0.00018297,0.00018278999999999998,0.0001827,0.00018251999999999998,0.0001827,0.00018287999999999998,0.00018278999999999998,0.00018297,0.00018287999999999998,0.0001827,0.00018297,0.00018287999999999998,0.00018287999999999998,0.00018278999999999998,0.00018297,0.00018287999999999998,0.00018287999999999998,0.00018297,0.00018305999999999997,0.00018287999999999998,0.00018287999999999998,0.00018297,0.00018305999999999997,0.00018305999999999997,0.00018305999999999997,0.00018305999999999997,0.00018305999999999997,0.00018305999999999997,0.00018314999999999998,0.00018287999999999998,0.00018305999999999997,0.00018305999999999997,0.00018305999999999997,0.00018324,0.00018305999999999997,0.00018287999999999998,0.00018314999999999998,0.00018314999999999998,0.00018314999999999998,0.00018297,0.00018305999999999997,0.00018314999999999998,0.00018305999999999997,0.00018305999999999997,0.00018287999999999998,0.00018324,0.00018297,0.00018287999999999998,0.00018314999999999998,0.00018305999999999997,0.00018305999999999997,0.00018305999999999997],"unit":"A\/cm2"},"voc":{"unit":"V","value":1.11093},"isc":{"unit":"A","value":2.03501},"jsc":{"unit":"mA\/cm2","value":22.611221},"fill_factor":{"unit":"%","value":83.004892},"vmax":{"unit":"V","value":0.9625},"efficiency":{"unit":"%","value":20.850407},"monitor_cell_reading":{"unit":"mV","value":0},"monitor_cell_calibration_value":{"unit":"mV","value":0},"test_device_area":{"unit":"cm2","value":0.09},"num_of_series_connected_stacks":{"unit":"","value":1},"sweep_direction":{"unit":"","value":"Reverse"},"device_id":{"unit":"","value":"0.4-1-2-R"},"cell_dimension":{"unit":"cm2","value":0.09},"key":"Reverse_IV 0.4-1-2"},{"V":{"value":[1.2,1.1875,1.175,1.1625,1.15,1.1375,1.125,1.1125,1.1,1.0875,1.075,1.0625,1.05,1.0375,1.025,1.0125,1,0.9875,0.975,0.9625,0.95,0.9375,0.925,0.9125,0.9,0.8875,0.875,0.8625,0.85,0.8375,0.825,0.8125,0.8,0.7875,0.775,0.7625,0.75,0.7375,0.725,0.7125,0.7,0.6875,0.675,0.6625,0.65,0.6375,0.625,0.6125,0.6,0.5875,0.575,0.5625,0.55,0.5375,0.525,0.5125,0.5,0.4875,0.475,0.4625,0.45,0.4375,0.425,0.4125,0.4,0.3875,0.375,0.3625,0.35,0.3375,0.325,0.3125,0.3,0.2875,0.275,0.2625,0.25,0.2375,0.225,0.2125,0.2,0.1875,0.175,0.1625,0.15,0.1375,0.125,0.1125,0.1,0.0875,0.075,0.0625,0.05,0.0375,0.025,0.0125,0,-0.0125,-0.025,-0.0375],"unit":"V"},"I":{"value":[-0.004734,-0.003987,-0.003286,-0.002629,-0.002012,-0.001435,-0.000906,-0.000415,1.6e-5,0.000397,0.000742,0.001028,0.001249,0.001443,0.001592,0.001705,0.001789,0.001851,0.001899,0.001931,0.001955,0.001974,0.001985,0.001995,0.002004,0.002008,0.002011,0.002014,0.002015,0.002017,0.002019,0.002022,0.002023,0.002023,0.002023,0.002023,0.002024,0.002024,0.002023,0.002025,0.002026,0.002025,0.002027,0.002027,0.002026,0.002026,0.002027,0.002025,0.002028,0.002027,0.002026,0.002028,0.002026,0.002026,0.002026,0.002026,0.002025,0.002028,0.002029,0.002029,0.002025,0.002027,0.002028,0.002028,0.002031,0.002027,0.00203,0.002029,0.00203,0.00203,0.002028,0.002031,0.002031,0.00203,0.002031,0.002031,0.002031,0.002031,0.002029,0.00203,0.002031,0.00203,0.002031,0.002032,0.002031,0.002032,0.002032,0.002033,0.002033,0.002033,0.002033,0.002034,0.002033,0.002034,0.002031,0.002034,0.002032,0.002032,0.002033,0.002031],"unit":"A"},"J":{"value":[-0.00042606,-0.00035883,-0.00029573999999999996,-0.00023660999999999997,-0.00018108,-0.00012915,-8.154e-5,-3.735e-5,1.44e-6,3.573e-5,6.678e-5,9.252e-5,0.00011240999999999999,0.00012987,0.00014328,0.00015345,0.00016101,0.00016659,0.00017091,0.00017379,0.00017595,0.00017766,0.00017864999999999998,0.00017954999999999997,0.00018036000000000001,0.00018071999999999996,0.00018099000000000001,0.00018126,0.00018135,0.00018153,0.00018171,0.00018198,0.00018207,0.00018207,0.00018207,0.00018207,0.00018216,0.00018216,0.00018207,0.00018224999999999998,0.00018234,0.00018224999999999998,0.00018243,0.00018243,0.00018234,0.00018234,0.00018243,0.00018224999999999998,0.00018251999999999998,0.00018243,0.00018234,0.00018251999999999998,0.00018234,0.00018234,0.00018234,0.00018234,0.00018224999999999998,0.00018251999999999998,0.00018261,0.00018261,0.00018224999999999998,0.00018243,0.00018251999999999998,0.00018251999999999998,0.00018278999999999998,0.00018243,0.0001827,0.00018261,0.0001827,0.0001827,0.00018251999999999998,0.00018278999999999998,0.00018278999999999998,0.0001827,0.00018278999999999998,0.00018278999999999998,0.00018278999999999998,0.00018278999999999998,0.00018261,0.0001827,0.00018278999999999998,0.0001827,0.00018278999999999998,0.00018287999999999998,0.00018278999999999998,0.00018287999999999998,0.00018287999999999998,0.00018297,0.00018297,0.00018297,0.00018297,0.00018305999999999997,0.00018297,0.00018305999999999997,0.00018278999999999998,0.00018305999999999997,0.00018287999999999998,0.00018287999999999998,0.00018297,0.00018278999999999998],"unit":"A\/cm2"},"voc":{"unit":"V","value":1.103545},"isc":{"unit":"A","value":2.03191},"jsc":{"unit":"mA\/cm2","value":22.57678},"fill_factor":{"unit":"%","value":82.870092},"vmax":{"unit":"V","value":0.9625},"efficiency":{"unit":"%","value":20.646666},"monitor_cell_reading":{"unit":"mV","value":0},"monitor_cell_calibration_value":{"unit":"mV","value":0},"test_device_area":{"unit":"cm2","value":0.09},"num_of_series_connected_stacks":{"unit":"","value":1},"sweep_direction":{"unit":"","value":"Reverse"},"device_id":{"unit":"","value":"0.4-1-1-R"},"cell_dimension":{"unit":"cm2","value":0.09},"key":"Reverse_IV 0.4-1-1"},{"V":{"value":[-0.05,-0.0375,-0.025,-0.0125,0,0.0125,0.025,0.0375,0.05,0.0625,0.075,0.0875,0.1,0.1125,0.125,0.1375,0.15,0.1625,0.175,0.1875,0.2,0.2125,0.225,0.2375,0.25,0.2625,0.275,0.2875,0.3,0.3125,0.325,0.3375,0.35,0.3625,0.375,0.3875,0.4,0.4125,0.425,0.4375,0.45,0.4625,0.475,0.4875,0.5,0.5125,0.525,0.5375,0.55,0.5625,0.575,0.5875,0.6,0.6125,0.625,0.6375,0.65,0.6625,0.675,0.6875,0.7,0.7125,0.725,0.7375,0.75,0.7625,0.775,0.7875,0.8,0.8125,0.825,0.8375,0.85,0.8625,0.875,0.8875,0.9,0.9125,0.925,0.9375,0.95,0.9625,0.975,0.9875,1,1.0125,1.025,1.0375,1.05,1.0625,1.075,1.0875,1.1,1.1125,1.125,1.1375,1.15,1.1625,1.175,1.1875],"unit":"V"},"I":{"value":[0.002029,0.002028,0.002026,0.002025,0.002022,0.002023,0.002019,0.00202,0.002019,0.002018,0.002019,0.002021,0.002019,0.002022,0.00202,0.002019,0.002019,0.002018,0.002016,0.002017,0.002015,0.002017,0.002018,0.002016,0.002018,0.002016,0.002017,0.002018,0.002017,0.002017,0.002017,0.002014,0.002013,0.002016,0.002013,0.002014,0.002015,0.002013,0.002014,0.002012,0.002013,0.002014,0.002013,0.002014,0.002012,0.002013,0.002013,0.002011,0.002012,0.002011,0.002011,0.002011,0.00201,0.002009,0.002011,0.00201,0.002009,0.002009,0.00201,0.00201,0.002008,0.002008,0.002009,0.002008,0.002006,0.002007,0.002006,0.002006,0.002005,0.002001,0.002003,0.002003,0.002001,0.002002,0.001996,0.001991,0.001988,0.001983,0.001974,0.001967,0.001953,0.001933,0.001908,0.001874,0.001825,0.001759,0.001665,0.001538,0.001369,0.001154,0.000891,0.000566,0.000185,-0.000249,-0.000734,-0.001244,-0.001828,-0.002444,-0.003094,-0.003774],"unit":"A"},"J":{"value":[0.00018261,0.00018251999999999998,0.00018234,0.00018224999999999998,0.00018198,0.00018207,0.00018171,0.0001818,0.00018171,0.00018161999999999999,0.00018171,0.00018188999999999998,0.00018171,0.00018198,0.0001818,0.00018171,0.00018171,0.00018161999999999999,0.00018144,0.00018153,0.00018135,0.00018153,0.00018161999999999999,0.00018144,0.00018161999999999999,0.00018144,0.00018153,0.00018161999999999999,0.00018153,0.00018153,0.00018153,0.00018126,0.00018117,0.00018144,0.00018117,0.00018126,0.00018135,0.00018117,0.00018126,0.00018108,0.00018117,0.00018126,0.00018117,0.00018126,0.00018108,0.00018117,0.00018117,0.00018099000000000001,0.00018108,0.00018099000000000001,0.00018099000000000001,0.00018099000000000001,0.0001809,0.00018081,0.00018099000000000001,0.0001809,0.00018081,0.00018081,0.0001809,0.0001809,0.00018071999999999996,0.00018071999999999996,0.00018081,0.00018071999999999996,0.00018054,0.00018063,0.00018054,0.00018054,0.00018044999999999997,0.00018009000000000002,0.00018027,0.00018027,0.00018009000000000002,0.00018017999999999997,0.00017963999999999998,0.00017919,0.00017892,0.00017847,0.00017766,0.00017703,0.00017577,0.00017397,0.00017172,0.00016866,0.00016425,0.00015831,0.00014985,0.00013842,0.00012321,0.00010386,8.018999999999999e-5,5.094e-5,1.6649999999999998e-5,-2.2409999999999997e-5,-6.605999999999999e-5,-0.00011196,-0.00016452,-0.00021996,-0.00027845999999999996,-0.00033966],"unit":"A\/cm2"},"voc":{"unit":"V","value":1.106345},"isc":{"unit":"A","value":2.021976},"jsc":{"unit":"mA\/cm2","value":22.466398},"fill_factor":{"unit":"%","value":83.155786},"vmax":{"unit":"V","value":0.9625},"efficiency":{"unit":"%","value":20.668859},"monitor_cell_reading":{"unit":"mV","value":0},"monitor_cell_calibration_value":{"unit":"mV","value":0},"test_device_area":{"unit":"cm2","value":0.09},"num_of_series_connected_stacks":{"unit":"","value":1},"sweep_direction":{"unit":"","value":"Forward"},"device_id":{"unit":"","value":"0.4-2-5-F"},"cell_dimension":{"unit":"cm2","value":0.09},"key":"Forward_IV 0.4-2-5"},{"V":{"value":[-0.05,-0.0375,-0.025,-0.0125,0,0.0125,0.025,0.0375,0.05,0.0625,0.075,0.0875,0.1,0.1125,0.125,0.1375,0.15,0.1625,0.175,0.1875,0.2,0.2125,0.225,0.2375,0.25,0.2625,0.275,0.2875,0.3,0.3125,0.325,0.3375,0.35,0.3625,0.375,0.3875,0.4,0.4125,0.425,0.4375,0.45,0.4625,0.475,0.4875,0.5,0.5125,0.525,0.5375,0.55,0.5625,0.575,0.5875,0.6,0.6125,0.625,0.6375,0.65,0.6625,0.675,0.6875,0.7,0.7125,0.725,0.7375,0.75,0.7625,0.775,0.7875,0.8,0.8125,0.825,0.8375,0.85,0.8625,0.875,0.8875,0.9,0.9125,0.925,0.9375,0.95,0.9625,0.975,0.9875,1,1.0125,1.025,1.0375,1.05,1.0625,1.075,1.0875,1.1,1.1125,1.125,1.1375,1.15,1.1625,1.175,1.1875],"unit":"V"},"I":{"value":[0.002038,0.002034,0.002034,0.002034,0.002034,0.002032,0.002032,0.002034,0.002036,0.002035,0.002033,0.00203,0.002032,0.002031,0.002032,0.002032,0.002031,0.002029,0.002028,0.002029,0.002031,0.002029,0.002029,0.002028,0.002031,0.00203,0.002031,0.002029,0.002029,0.002028,0.002029,0.002028,0.002028,0.002028,0.002028,0.002029,0.002028,0.002025,0.002027,0.002026,0.002025,0.002027,0.002025,0.002027,0.002026,0.002026,0.002024,0.002026,0.002026,0.002027,0.002027,0.002026,0.002027,0.002024,0.002026,0.002023,0.002022,0.002024,0.002025,0.002024,0.002024,0.002024,0.002022,0.002021,0.002023,0.002019,0.002021,0.00202,0.00202,0.002018,0.002018,0.002016,0.002017,0.002014,0.002012,0.002008,0.002004,0.002,0.001993,0.001986,0.001972,0.001958,0.001935,0.001904,0.001862,0.0018,0.001713,0.001596,0.001434,0.001223,0.000955,0.000616,0.000211,-0.00026,-0.000799,-0.001374,-0.002038,-0.002745,-0.003498,-0.004292],"unit":"A"},"J":{"value":[0.00018341999999999998,0.00018305999999999997,0.00018305999999999997,0.00018305999999999997,0.00018305999999999997,0.00018287999999999998,0.00018287999999999998,0.00018305999999999997,0.00018324,0.00018314999999999998,0.00018297,0.0001827,0.00018287999999999998,0.00018278999999999998,0.00018287999999999998,0.00018287999999999998,0.00018278999999999998,0.00018261,0.00018251999999999998,0.00018261,0.00018278999999999998,0.00018261,0.00018261,0.00018251999999999998,0.00018278999999999998,0.0001827,0.00018278999999999998,0.00018261,0.00018261,0.00018251999999999998,0.00018261,0.00018251999999999998,0.00018251999999999998,0.00018251999999999998,0.00018251999999999998,0.00018261,0.00018251999999999998,0.00018224999999999998,0.00018243,0.00018234,0.00018224999999999998,0.00018243,0.00018224999999999998,0.00018243,0.00018234,0.00018234,0.00018216,0.00018234,0.00018234,0.00018243,0.00018243,0.00018234,0.00018243,0.00018216,0.00018234,0.00018207,0.00018198,0.00018216,0.00018224999999999998,0.00018216,0.00018216,0.00018216,0.00018198,0.00018188999999999998,0.00018207,0.00018171,0.00018188999999999998,0.0001818,0.0001818,0.00018161999999999999,0.00018161999999999999,0.00018144,0.00018153,0.00018126,0.00018108,0.00018071999999999996,0.00018036000000000001,0.00017999999999999998,0.00017936999999999999,0.00017873999999999999,0.00017748,0.00017622,0.00017415,0.00017136,0.00016758,0.00016199999999999998,0.00015417,0.00014364,0.00012906,0.00011006999999999998,8.595e-5,5.544e-5,1.899e-5,-2.3399999999999996e-5,-7.191e-5,-0.00012366,-0.00018341999999999998,-0.00024705,-0.00031482,-0.00038627999999999997],"unit":"A\/cm2"},"voc":{"unit":"V","value":1.106797},"isc":{"unit":"A","value":2.034096},"jsc":{"unit":"mA\/cm2","value":22.60107},"fill_factor":{"unit":"%","value":83.786519},"vmax":{"unit":"V","value":0.975},"efficiency":{"unit":"%","value":20.959034},"monitor_cell_reading":{"unit":"mV","value":0},"monitor_cell_calibration_value":{"unit":"mV","value":0},"test_device_area":{"unit":"cm2","value":0.09},"num_of_series_connected_stacks":{"unit":"","value":1},"sweep_direction":{"unit":"","value":"Forward"},"device_id":{"unit":"","value":"0.4-2-4-F"},"cell_dimension":{"unit":"cm2","value":0.09},"key":"Forward_IV 0.4-2-4"},{"V":{"value":[-0.05,-0.0375,-0.025,-0.0125,0,0.0125,0.025,0.0375,0.05,0.0625,0.075,0.0875,0.1,0.1125,0.125,0.1375,0.15,0.1625,0.175,0.1875,0.2,0.2125,0.225,0.2375,0.25,0.2625,0.275,0.2875,0.3,0.3125,0.325,0.3375,0.35,0.3625,0.375,0.3875,0.4,0.4125,0.425,0.4375,0.45,0.4625,0.475,0.4875,0.5,0.5125,0.525,0.5375,0.55,0.5625,0.575,0.5875,0.6,0.6125,0.625,0.6375,0.65,0.6625,0.675,0.6875,0.7,0.7125,0.725,0.7375,0.75,0.7625,0.775,0.7875,0.8,0.8125,0.825,0.8375,0.85,0.8625,0.875,0.8875,0.9,0.9125,0.925,0.9375,0.95,0.9625,0.975,0.9875,1,1.0125,1.025,1.0375,1.05,1.0625,1.075,1.0875,1.1,1.1125,1.125,1.1375,1.15,1.1625,1.175,1.1875],"unit":"V"},"I":{"value":[0.002042,0.002037,0.00204,0.002038,0.002038,0.002035,0.002035,0.002037,0.002037,0.002033,0.002034,0.002033,0.002034,0.002035,0.002033,0.002034,0.002032,0.002031,0.002033,0.002033,0.002032,0.002031,0.002032,0.002033,0.002032,0.002033,0.002034,0.002031,0.002033,0.002028,0.002028,0.002029,0.002028,0.002027,0.00203,0.002028,0.002032,0.002029,0.002029,0.002031,0.00203,0.002028,0.002028,0.002026,0.002028,0.002029,0.002029,0.002028,0.002028,0.002025,0.002027,0.002027,0.002029,0.002028,0.002027,0.002026,0.002023,0.002024,0.002025,0.002028,0.002026,0.002025,0.002025,0.002025,0.002023,0.002024,0.002023,0.002022,0.002022,0.002019,0.002019,0.002016,0.002015,0.002015,0.002011,0.00201,0.002007,0.002,0.001993,0.001983,0.001971,0.001952,0.001925,0.001889,0.001839,0.001768,0.001664,0.001524,0.001337,0.001095,0.000798,0.000424,-2.0e-6,-0.0005,-0.001051,-0.001685,-0.002361,-0.003083,-0.003846,-0.004649],"unit":"A"},"J":{"value":[0.00018377999999999998,0.00018333000000000002,0.00018360000000000002,0.00018341999999999998,0.00018341999999999998,0.00018314999999999998,0.00018314999999999998,0.00018333000000000002,0.00018333000000000002,0.00018297,0.00018305999999999997,0.00018297,0.00018305999999999997,0.00018314999999999998,0.00018297,0.00018305999999999997,0.00018287999999999998,0.00018278999999999998,0.00018297,0.00018297,0.00018287999999999998,0.00018278999999999998,0.00018287999999999998,0.00018297,0.00018287999999999998,0.00018297,0.00018305999999999997,0.00018278999999999998,0.00018297,0.00018251999999999998,0.00018251999999999998,0.00018261,0.00018251999999999998,0.00018243,0.0001827,0.00018251999999999998,0.00018287999999999998,0.00018261,0.00018261,0.00018278999999999998,0.0001827,0.00018251999999999998,0.00018251999999999998,0.00018234,0.00018251999999999998,0.00018261,0.00018261,0.00018251999999999998,0.00018251999999999998,0.00018224999999999998,0.00018243,0.00018243,0.00018261,0.00018251999999999998,0.00018243,0.00018234,0.00018207,0.00018216,0.00018224999999999998,0.00018251999999999998,0.00018234,0.00018224999999999998,0.00018224999999999998,0.00018224999999999998,0.00018207,0.00018216,0.00018207,0.00018198,0.00018198,0.00018171,0.00018171,0.00018144,0.00018135,0.00018135,0.00018099000000000001,0.0001809,0.00018063,0.00017999999999999998,0.00017936999999999999,0.00017847,0.00017739,0.00017568,0.00017325,0.00017001,0.00016550999999999998,0.00015912,0.00014975999999999998,0.00013716,0.00012033000000000001,9.855e-5,7.182e-5,3.816e-5,-1.8e-7,-4.4999999999999996e-5,-9.459e-5,-0.00015165,-0.00021248999999999997,-0.00027747,-0.00034614,-0.00041841000000000003],"unit":"A\/cm2"},"voc":{"unit":"V","value":1.102276},"isc":{"unit":"A","value":2.037789},"jsc":{"unit":"mA\/cm2","value":22.642105},"fill_factor":{"unit":"%","value":83.645729},"vmax":{"unit":"V","value":0.9625},"efficiency":{"unit":"%","value":20.876174},"monitor_cell_reading":{"unit":"mV","value":0},"monitor_cell_calibration_value":{"unit":"mV","value":0},"test_device_area":{"unit":"cm2","value":0.09},"num_of_series_connected_stacks":{"unit":"","value":1},"sweep_direction":{"unit":"","value":"Forward"},"device_id":{"unit":"","value":"0.4-2-2-F"},"cell_dimension":{"unit":"cm2","value":0.09},"key":"Forward_IV 0.4-2-2"},{"V":{"value":[-0.05,-0.0375,-0.025,-0.0125,0,0.0125,0.025,0.0375,0.05,0.0625,0.075,0.0875,0.1,0.1125,0.125,0.1375,0.15,0.1625,0.175,0.1875,0.2,0.2125,0.225,0.2375,0.25,0.2625,0.275,0.2875,0.3,0.3125,0.325,0.3375,0.35,0.3625,0.375,0.3875,0.4,0.4125,0.425,0.4375,0.45,0.4625,0.475,0.4875,0.5,0.5125,0.525,0.5375,0.55,0.5625,0.575,0.5875,0.6,0.6125,0.625,0.6375,0.65,0.6625,0.675,0.6875,0.7,0.7125,0.725,0.7375,0.75,0.7625,0.775,0.7875,0.8,0.8125,0.825,0.8375,0.85,0.8625,0.875,0.8875,0.9,0.9125,0.925,0.9375,0.95,0.9625,0.975,0.9875,1,1.0125,1.025,1.0375,1.05,1.0625,1.075,1.0875,1.1,1.1125,1.125,1.1375,1.15,1.1625,1.175,1.1875],"unit":"V"},"I":{"value":[0.002038,0.002039,0.002037,0.002033,0.002035,0.002036,0.002035,0.002035,0.002033,0.002033,0.002032,0.002031,0.002031,0.002031,0.00203,0.002032,0.00203,0.002029,0.002031,0.002032,0.00203,0.002033,0.002029,0.00203,0.002032,0.00203,0.002031,0.002028,0.00203,0.002027,0.002028,0.002028,0.002029,0.002028,0.002029,0.002027,0.002028,0.002027,0.002029,0.002028,0.002029,0.002028,0.002028,0.002027,0.002026,0.002027,0.002025,0.002025,0.002026,0.002027,0.002026,0.002027,0.002026,0.002025,0.002024,0.002026,0.002025,0.002025,0.002023,0.002022,0.002022,0.002024,0.002022,0.002023,0.00202,0.002019,0.002018,0.002017,0.002016,0.002017,0.002015,0.002016,0.002013,0.002009,0.002009,0.002003,0.001999,0.001991,0.001982,0.001972,0.001958,0.001937,0.001907,0.001866,0.001806,0.00172,0.001606,0.001452,0.001252,0.001002,0.000694,0.000331,-8.4e-5,-0.000549,-0.001058,-0.001629,-0.002233,-0.002871,-0.003541,-0.00424],"unit":"A"},"J":{"value":[0.00018341999999999998,0.00018350999999999998,0.00018333000000000002,0.00018297,0.00018314999999999998,0.00018324,0.00018314999999999998,0.00018314999999999998,0.00018297,0.00018297,0.00018287999999999998,0.00018278999999999998,0.00018278999999999998,0.00018278999999999998,0.0001827,0.00018287999999999998,0.0001827,0.00018261,0.00018278999999999998,0.00018287999999999998,0.0001827,0.00018297,0.00018261,0.0001827,0.00018287999999999998,0.0001827,0.00018278999999999998,0.00018251999999999998,0.0001827,0.00018243,0.00018251999999999998,0.00018251999999999998,0.00018261,0.00018251999999999998,0.00018261,0.00018243,0.00018251999999999998,0.00018243,0.00018261,0.00018251999999999998,0.00018261,0.00018251999999999998,0.00018251999999999998,0.00018243,0.00018234,0.00018243,0.00018224999999999998,0.00018224999999999998,0.00018234,0.00018243,0.00018234,0.00018243,0.00018234,0.00018224999999999998,0.00018216,0.00018234,0.00018224999999999998,0.00018224999999999998,0.00018207,0.00018198,0.00018198,0.00018216,0.00018198,0.00018207,0.0001818,0.00018171,0.00018161999999999999,0.00018153,0.00018144,0.00018153,0.00018135,0.00018144,0.00018117,0.00018081,0.00018081,0.00018027,0.00017990999999999998,0.00017919,0.00017837999999999998,0.00017748,0.00017622,0.00017433,0.00017163,0.00016794,0.00016254,0.0001548,0.00014454,0.00013068,0.00011268,9.018000000000001e-5,6.246e-5,2.979e-5,-7.56e-6,-4.9409999999999996e-5,-9.521999999999999e-5,-0.00014661,-0.00020097,-0.00025839,-0.00031869,-0.00038159999999999995],"unit":"A\/cm2"},"voc":{"unit":"V","value":1.10006},"isc":{"unit":"A","value":2.035344},"jsc":{"unit":"mA\/cm2","value":22.614934},"fill_factor":{"unit":"%","value":83.279968},"vmax":{"unit":"V","value":0.9625},"efficiency":{"unit":"%","value":20.718209},"monitor_cell_reading":{"unit":"mV","value":0},"monitor_cell_calibration_value":{"unit":"mV","value":0},"test_device_area":{"unit":"cm2","value":0.09},"num_of_series_connected_stacks":{"unit":"","value":1},"sweep_direction":{"unit":"","value":"Forward"},"device_id":{"unit":"","value":"0.4-2-1-F"},"cell_dimension":{"unit":"cm2","value":0.09},"key":"Forward_IV 0.4-2-1"},{"V":{"value":[-0.05,-0.0375,-0.025,-0.0125,0,0.0125,0.025,0.0375,0.05,0.0625,0.075,0.0875,0.1,0.1125,0.125,0.1375,0.15,0.1625,0.175,0.1875,0.2,0.2125,0.225,0.2375,0.25,0.2625,0.275,0.2875,0.3,0.3125,0.325,0.3375,0.35,0.3625,0.375,0.3875,0.4,0.4125,0.425,0.4375,0.45,0.4625,0.475,0.4875,0.5,0.5125,0.525,0.5375,0.55,0.5625,0.575,0.5875,0.6,0.6125,0.625,0.6375,0.65,0.6625,0.675,0.6875,0.7,0.7125,0.725,0.7375,0.75,0.7625,0.775,0.7875,0.8,0.8125,0.825,0.8375,0.85,0.8625,0.875,0.8875,0.9,0.9125,0.925,0.9375,0.95,0.9625,0.975,0.9875,1,1.0125,1.025,1.0375,1.05,1.0625,1.075,1.0875,1.1,1.1125,1.125,1.1375,1.15,1.1625,1.175,1.1875],"unit":"V"},"I":{"value":[0.002032,0.00203,0.002027,0.002026,0.002027,0.002027,0.002024,0.002026,0.002022,0.002024,0.002026,0.002024,0.002025,0.002023,0.002022,0.002021,0.002022,0.002023,0.002021,0.00202,0.002022,0.002021,0.002023,0.002024,0.002022,0.002021,0.002022,0.002021,0.002021,0.002021,0.002021,0.00202,0.002022,0.002019,0.00202,0.002018,0.002017,0.002017,0.00202,0.002019,0.002019,0.002019,0.002018,0.002017,0.002017,0.002016,0.002017,0.002016,0.002016,0.002014,0.002014,0.002013,0.002013,0.002013,0.002013,0.002014,0.002015,0.002013,0.002013,0.002013,0.00201,0.002009,0.00201,0.002007,0.002007,0.002009,0.002007,0.002005,0.002008,0.002007,0.002004,0.002003,0.002002,0.002001,0.001997,0.001994,0.001988,0.001981,0.001975,0.001964,0.001951,0.001932,0.001904,0.001869,0.00182,0.001752,0.001658,0.001531,0.001362,0.001142,0.00087,0.000532,0.00013,-0.000333,-0.000857,-0.001415,-0.002055,-0.002737,-0.00346,-0.004222],"unit":"A"},"J":{"value":[0.00018287999999999998,0.0001827,0.00018243,0.00018234,0.00018243,0.00018243,0.00018216,0.00018234,0.00018198,0.00018216,0.00018234,0.00018216,0.00018224999999999998,0.00018207,0.00018198,0.00018188999999999998,0.00018198,0.00018207,0.00018188999999999998,0.0001818,0.00018198,0.00018188999999999998,0.00018207,0.00018216,0.00018198,0.00018188999999999998,0.00018198,0.00018188999999999998,0.00018188999999999998,0.00018188999999999998,0.00018188999999999998,0.0001818,0.00018198,0.00018171,0.0001818,0.00018161999999999999,0.00018153,0.00018153,0.0001818,0.00018171,0.00018171,0.00018171,0.00018161999999999999,0.00018153,0.00018153,0.00018144,0.00018153,0.00018144,0.00018144,0.00018126,0.00018126,0.00018117,0.00018117,0.00018117,0.00018117,0.00018126,0.00018135,0.00018117,0.00018117,0.00018117,0.0001809,0.00018081,0.0001809,0.00018063,0.00018063,0.00018081,0.00018063,0.00018044999999999997,0.00018071999999999996,0.00018063,0.00018036000000000001,0.00018027,0.00018017999999999997,0.00018009000000000002,0.00017973,0.00017946,0.00017892,0.00017829,0.00017775,0.00017676,0.00017559,0.00017387999999999998,0.00017136,0.00016821,0.0001638,0.00015768,0.00014921999999999998,0.00013779,0.00012257999999999998,0.00010278,7.829999999999999e-5,4.788e-5,1.1699999999999998e-5,-2.997e-5,-7.713e-5,-0.00012735,-0.00018495,-0.00024632999999999995,-0.0003114,-0.00037998],"unit":"A\/cm2"},"voc":{"unit":"V","value":1.104943},"isc":{"unit":"A","value":2.026542},"jsc":{"unit":"mA\/cm2","value":22.517134},"fill_factor":{"unit":"%","value":83.044255},"vmax":{"unit":"V","value":0.9625},"efficiency":{"unit":"%","value":20.661534},"monitor_cell_reading":{"unit":"mV","value":0},"monitor_cell_calibration_value":{"unit":"mV","value":0},"test_device_area":{"unit":"cm2","value":0.09},"num_of_series_connected_stacks":{"unit":"","value":1},"sweep_direction":{"unit":"","value":"Forward"},"device_id":{"unit":"","value":"0.4-1-4-F"},"cell_dimension":{"unit":"cm2","value":0.09},"key":"Forward_IV 0.4-1-4"},{"V":{"value":[-0.05,-0.0375,-0.025,-0.0125,0,0.0125,0.025,0.0375,0.05,0.0625,0.075,0.0875,0.1,0.1125,0.125,0.1375,0.15,0.1625,0.175,0.1875,0.2,0.2125,0.225,0.2375,0.25,0.2625,0.275,0.2875,0.3,0.3125,0.325,0.3375,0.35,0.3625,0.375,0.3875,0.4,0.4125,0.425,0.4375,0.45,0.4625,0.475,0.4875,0.5,0.5125,0.525,0.5375,0.55,0.5625,0.575,0.5875,0.6,0.6125,0.625,0.6375,0.65,0.6625,0.675,0.6875,0.7,0.7125,0.725,0.7375,0.75,0.7625,0.775,0.7875,0.8,0.8125,0.825,0.8375,0.85,0.8625,0.875,0.8875,0.9,0.9125,0.925,0.9375,0.95,0.9625,0.975,0.9875,1,1.0125,1.025,1.0375,1.05,1.0625,1.075,1.0875,1.1,1.1125,1.125,1.1375,1.15,1.1625,1.175,1.1875],"unit":"V"},"I":{"value":[0.00204,0.002037,0.002036,0.002032,0.002031,0.002029,0.002031,0.00203,0.002027,0.00203,0.00203,0.00203,0.002029,0.00203,0.002032,0.002031,0.002031,0.002029,0.00203,0.002032,0.002032,0.00203,0.00203,0.002029,0.002029,0.002032,0.002029,0.002029,0.002029,0.002028,0.002029,0.002029,0.002029,0.002027,0.002029,0.002027,0.002027,0.002027,0.002028,0.002027,0.002027,0.002027,0.002026,0.002027,0.002025,0.002025,0.002027,0.002027,0.002025,0.002025,0.002024,0.002025,0.002024,0.002023,0.002026,0.002024,0.002024,0.002024,0.002022,0.002021,0.002022,0.002022,0.002021,0.00202,0.00202,0.002019,0.002019,0.00202,0.002019,0.002015,0.002017,0.002013,0.002012,0.00201,0.002008,0.002004,0.002002,0.001995,0.001988,0.001975,0.001965,0.001944,0.001916,0.00188,0.001829,0.001759,0.001663,0.00153,0.001354,0.001129,0.000852,0.000502,9.5e-5,-0.000374,-0.000924,-0.001507,-0.002177,-0.002889,-0.003646,-0.004446],"unit":"A"},"J":{"value":[0.00018360000000000002,0.00018333000000000002,0.00018324,0.00018287999999999998,0.00018278999999999998,0.00018261,0.00018278999999999998,0.0001827,0.00018243,0.0001827,0.0001827,0.0001827,0.00018261,0.0001827,0.00018287999999999998,0.00018278999999999998,0.00018278999999999998,0.00018261,0.0001827,0.00018287999999999998,0.00018287999999999998,0.0001827,0.0001827,0.00018261,0.00018261,0.00018287999999999998,0.00018261,0.00018261,0.00018261,0.00018251999999999998,0.00018261,0.00018261,0.00018261,0.00018243,0.00018261,0.00018243,0.00018243,0.00018243,0.00018251999999999998,0.00018243,0.00018243,0.00018243,0.00018234,0.00018243,0.00018224999999999998,0.00018224999999999998,0.00018243,0.00018243,0.00018224999999999998,0.00018224999999999998,0.00018216,0.00018224999999999998,0.00018216,0.00018207,0.00018234,0.00018216,0.00018216,0.00018216,0.00018198,0.00018188999999999998,0.00018198,0.00018198,0.00018188999999999998,0.0001818,0.0001818,0.00018171,0.00018171,0.0001818,0.00018171,0.00018135,0.00018153,0.00018117,0.00018108,0.0001809,0.00018071999999999996,0.00018036000000000001,0.00018017999999999997,0.00017954999999999997,0.00017892,0.00017775,0.00017685000000000002,0.00017496,0.00017244,0.0001692,0.00016460999999999998,0.00015831,0.00014967,0.00013769999999999999,0.00012185999999999999,0.00010161,7.667999999999999e-5,4.517999999999999e-5,8.55e-6,-3.366e-5,-8.316e-5,-0.00013563,-0.00019593,-0.00026000999999999997,-0.00032814,-0.00040014],"unit":"A\/cm2"},"voc":{"unit":"V","value":1.104377},"isc":{"unit":"A","value":2.030817},"jsc":{"unit":"mA\/cm2","value":22.564634},"fill_factor":{"unit":"%","value":83.427373},"vmax":{"unit":"V","value":0.9625},"efficiency":{"unit":"%","value":20.789988},"monitor_cell_reading":{"unit":"mV","value":0},"monitor_cell_calibration_value":{"unit":"mV","value":0},"test_device_area":{"unit":"cm2","value":0.09},"num_of_series_connected_stacks":{"unit":"","value":1},"sweep_direction":{"unit":"","value":"Forward"},"device_id":{"unit":"","value":"0.4-1-3-F"},"cell_dimension":{"unit":"cm2","value":0.09},"key":"Forward_IV 0.4-1-3"},{"V":{"value":[-0.05,-0.0375,-0.025,-0.0125,0,0.0125,0.025,0.0375,0.05,0.0625,0.075,0.0875,0.1,0.1125,0.125,0.1375,0.15,0.1625,0.175,0.1875,0.2,0.2125,0.225,0.2375,0.25,0.2625,0.275,0.2875,0.3,0.3125,0.325,0.3375,0.35,0.3625,0.375,0.3875,0.4,0.4125,0.425,0.4375,0.45,0.4625,0.475,0.4875,0.5,0.5125,0.525,0.5375,0.55,0.5625,0.575,0.5875,0.6,0.6125,0.625,0.6375,0.65,0.6625,0.675,0.6875,0.7,0.7125,0.725,0.7375,0.75,0.7625,0.775,0.7875,0.8,0.8125,0.825,0.8375,0.85,0.8625,0.875,0.8875,0.9,0.9125,0.925,0.9375,0.95,0.9625,0.975,0.9875,1,1.0125,1.025,1.0375,1.05,1.0625,1.075,1.0875,1.1,1.1125,1.125,1.1375,1.15,1.1625,1.175,1.1875],"unit":"V"},"I":{"value":[0.002042,0.002039,0.002038,0.002033,0.002035,0.002035,0.002035,0.002035,0.002034,0.002033,0.002032,0.002032,0.002032,0.002032,0.002032,0.002031,0.00203,0.002029,0.00203,0.002033,0.00203,0.002033,0.002032,0.00203,0.002031,0.00203,0.002029,0.002029,0.00203,0.00203,0.002031,0.002031,0.002029,0.00203,0.002031,0.002028,0.002029,0.002028,0.002029,0.00203,0.002031,0.002028,0.002029,0.002025,0.002029,0.002028,0.002027,0.002029,0.002028,0.002027,0.002024,0.002025,0.002023,0.002026,0.002026,0.002026,0.002025,0.002024,0.002023,0.002024,0.002024,0.002026,0.002025,0.002023,0.002023,0.002021,0.00202,0.002022,0.002022,0.002021,0.002019,0.002019,0.002014,0.002013,0.002013,0.002006,0.002003,0.001998,0.001989,0.001983,0.001968,0.001949,0.001925,0.001888,0.001836,0.001766,0.001673,0.00154,0.001366,0.001142,0.000865,0.000517,0.000109,-0.000362,-0.00089,-0.001451,-0.002097,-0.002783,-0.003509,-0.004275],"unit":"A"},"J":{"value":[0.00018377999999999998,0.00018350999999999998,0.00018341999999999998,0.00018297,0.00018314999999999998,0.00018314999999999998,0.00018314999999999998,0.00018314999999999998,0.00018305999999999997,0.00018297,0.00018287999999999998,0.00018287999999999998,0.00018287999999999998,0.00018287999999999998,0.00018287999999999998,0.00018278999999999998,0.0001827,0.00018261,0.0001827,0.00018297,0.0001827,0.00018297,0.00018287999999999998,0.0001827,0.00018278999999999998,0.0001827,0.00018261,0.00018261,0.0001827,0.0001827,0.00018278999999999998,0.00018278999999999998,0.00018261,0.0001827,0.00018278999999999998,0.00018251999999999998,0.00018261,0.00018251999999999998,0.00018261,0.0001827,0.00018278999999999998,0.00018251999999999998,0.00018261,0.00018224999999999998,0.00018261,0.00018251999999999998,0.00018243,0.00018261,0.00018251999999999998,0.00018243,0.00018216,0.00018224999999999998,0.00018207,0.00018234,0.00018234,0.00018234,0.00018224999999999998,0.00018216,0.00018207,0.00018216,0.00018216,0.00018234,0.00018224999999999998,0.00018207,0.00018207,0.00018188999999999998,0.0001818,0.00018198,0.00018198,0.00018188999999999998,0.00018171,0.00018171,0.00018126,0.00018117,0.00018117,0.00018054,0.00018027,0.00017982000000000002,0.00017900999999999998,0.00017847,0.00017712,0.00017541,0.00017325,0.00016992,0.00016523999999999998,0.00015894,0.00015057,0.00013859999999999998,0.00012293999999999999,0.00010278,7.785e-5,4.653e-5,9.810000000000001e-6,-3.258e-5,-8.01e-5,-0.00013059,-0.00018873,-0.00025047,-0.00031581,-0.00038475],"unit":"A\/cm2"},"voc":{"unit":"V","value":1.10432},"isc":{"unit":"A","value":2.035217},"jsc":{"unit":"mA\/cm2","value":22.613524},"fill_factor":{"unit":"%","value":83.521629},"vmax":{"unit":"V","value":0.975},"efficiency":{"unit":"%","value":20.857504},"monitor_cell_reading":{"unit":"mV","value":0},"monitor_cell_calibration_value":{"unit":"mV","value":0},"test_device_area":{"unit":"cm2","value":0.09},"num_of_series_connected_stacks":{"unit":"","value":1},"sweep_direction":{"unit":"","value":"Forward"},"device_id":{"unit":"","value":"0.4-1-2-F"},"cell_dimension":{"unit":"cm2","value":0.09},"key":"Forward_IV 0.4-1-2"},{"V":{"value":[-0.05,-0.0375,-0.025,-0.0125,0,0.0125,0.025,0.0375,0.05,0.0625,0.075,0.0875,0.1,0.1125,0.125,0.1375,0.15,0.1625,0.175,0.1875,0.2,0.2125,0.225,0.2375,0.25,0.2625,0.275,0.2875,0.3,0.3125,0.325,0.3375,0.35,0.3625,0.375,0.3875,0.4,0.4125,0.425,0.4375,0.45,0.4625,0.475,0.4875,0.5,0.5125,0.525,0.5375,0.55,0.5625,0.575,0.5875,0.6,0.6125,0.625,0.6375,0.65,0.6625,0.675,0.6875,0.7,0.7125,0.725,0.7375,0.75,0.7625,0.775,0.7875,0.8,0.8125,0.825,0.8375,0.85,0.8625,0.875,0.8875,0.9,0.9125,0.925,0.9375,0.95,0.9625,0.975,0.9875,1,1.0125,1.025,1.0375,1.05,1.0625,1.075,1.0875,1.1,1.1125,1.125,1.1375,1.15,1.1625,1.175,1.1875],"unit":"V"},"I":{"value":[0.00204,0.002037,0.002036,0.002035,0.002034,0.002035,0.002033,0.002034,0.002033,0.002032,0.002032,0.002028,0.002032,0.002031,0.002031,0.002033,0.002031,0.002031,0.002031,0.002028,0.00203,0.002027,0.002028,0.002027,0.00203,0.002028,0.002028,0.002029,0.002031,0.002029,0.00203,0.00203,0.002031,0.002031,0.00203,0.002029,0.002028,0.002027,0.002025,0.002025,0.002028,0.002025,0.002027,0.002026,0.002027,0.002026,0.002027,0.002027,0.002024,0.002026,0.002025,0.002024,0.002024,0.002025,0.002025,0.002022,0.002023,0.002022,0.002023,0.002023,0.002022,0.002022,0.002022,0.002023,0.002022,0.002019,0.002019,0.002018,0.002018,0.002018,0.002017,0.002014,0.002012,0.002011,0.002006,0.002005,0.002001,0.001994,0.001985,0.001974,0.00196,0.001936,0.001909,0.001866,0.001806,0.001725,0.001616,0.001473,0.001284,0.001049,0.000768,0.000428,4.5e-5,-0.000387,-0.000878,-0.00139,-0.001964,-0.002566,-0.003199,-0.003861],"unit":"A"},"J":{"value":[0.00018360000000000002,0.00018333000000000002,0.00018324,0.00018314999999999998,0.00018305999999999997,0.00018314999999999998,0.00018297,0.00018305999999999997,0.00018297,0.00018287999999999998,0.00018287999999999998,0.00018251999999999998,0.00018287999999999998,0.00018278999999999998,0.00018278999999999998,0.00018297,0.00018278999999999998,0.00018278999999999998,0.00018278999999999998,0.00018251999999999998,0.0001827,0.00018243,0.00018251999999999998,0.00018243,0.0001827,0.00018251999999999998,0.00018251999999999998,0.00018261,0.00018278999999999998,0.00018261,0.0001827,0.0001827,0.00018278999999999998,0.00018278999999999998,0.0001827,0.00018261,0.00018251999999999998,0.00018243,0.00018224999999999998,0.00018224999999999998,0.00018251999999999998,0.00018224999999999998,0.00018243,0.00018234,0.00018243,0.00018234,0.00018243,0.00018243,0.00018216,0.00018234,0.00018224999999999998,0.00018216,0.00018216,0.00018224999999999998,0.00018224999999999998,0.00018198,0.00018207,0.00018198,0.00018207,0.00018207,0.00018198,0.00018198,0.00018198,0.00018207,0.00018198,0.00018171,0.00018171,0.00018161999999999999,0.00018161999999999999,0.00018161999999999999,0.00018153,0.00018126,0.00018108,0.00018099000000000001,0.00018054,0.00018044999999999997,0.00018009000000000002,0.00017946,0.00017864999999999998,0.00017766,0.00017639999999999998,0.00017423999999999999,0.00017181,0.00016794,0.00016254,0.00015524999999999998,0.00014544,0.00013256999999999999,0.00011556,9.441e-5,6.912e-5,3.852e-5,4.05e-6,-3.483e-5,-7.902e-5,-0.0001251,-0.00017676,-0.00023094,-0.00028791,-0.00034749],"unit":"A\/cm2"},"voc":{"unit":"V","value":1.102967},"isc":{"unit":"A","value":2.033755},"jsc":{"unit":"mA\/cm2","value":22.597277},"fill_factor":{"unit":"%","value":83.06057},"vmax":{"unit":"V","value":0.9625},"efficiency":{"unit":"%","value":20.702056},"monitor_cell_reading":{"unit":"mV","value":0},"monitor_cell_calibration_value":{"unit":"mV","value":0},"test_device_area":{"unit":"cm2","value":0.09},"num_of_series_connected_stacks":{"unit":"","value":1},"sweep_direction":{"unit":"","value":"Forward"},"device_id":{"unit":"","value":"0.4-1-1-F"},"cell_dimension":{"unit":"cm2","value":0.09},"key":"Forward_IV 0.4-1-1"}]}}