{"_id":"6530d28a956f56119d546374","id":"SKKU-SC-00113","author":96,"group":11,"input":[{"tco":{"unit":"","value":"FTO"}},{"surface_treatment":{"unit":"","value":"UVO"}},{"etl":[{"material":{"unit":"","value":"SnO2"},"concentration":{"unit":"","value":"0.049"},"conc_unit":{"unit":"","value":"mg\/ml"},"quantity":{"unit":"ml","value":"1"}}],"annealing":[{"temperature":{"unit":"oC","value":"185"},"time":{"unit":"m","value":"30"}}],"spin_coating":[{"type":{"unit":"","value":"Static (only spreading)"},"rpm":{"unit":"","value":"4000"},"time":{"unit":"s","value":"20"}}]},{"surface_treatment":{"unit":"","value":"UVO"}},{"perovskite":{"method":{"unit":"","value":"1step"},"molarity":{"unit":"M","value":"2M"},"a_site":[{"material":{"unit":"","value":"FA"},"ratio":{"unit":"","value":"100"}}],"b_site":[{"material":{"unit":"","value":"Pb"},"ratio":{"unit":"","value":"100"}}],"x_site":[{"material":{"unit":"","value":"I"},"ratio":{"unit":"","value":"100"}}],"solvent":[{"material":{"unit":"","value":"DMF"},"volume":{"unit":"ml","value":"1"}},{"material":{"unit":"","value":"NMP"},"volume":{"unit":"ml","value":"0.1929"}}],"antisolvent":[{"material":{"unit":"","value":"DEE"},"quantity":{"unit":"ul","value":"150"},"dripping_time":{"unit":"s","value":"13"}}],"annealing":[{"temperature":{"unit":"oC","value":"100"},"time":{"unit":"m","value":"5"}},{"temperature":{"unit":"oC","value":"150"},"time":{"unit":"m","value":"30"}}],"spin_coating":[{"type":{"unit":"","value":"Static (only spreading)"},"rpm":{"unit":"","value":"4000"},"time":{"unit":"s","value":"20"}}],"additive":[{"material":{"unit":"","value":"MACl"},"solvent":{"unit":"","value":"DMF"},"concentration":{"unit":"","value":"800"},"conc_unit":{"unit":"","value":"mM"},"quantity":{"unit":"mol%","value":"40"}}]}},{"htl":[{"material":{"unit":"","value":"Spiro-OMeTAD"},"concentration":{"unit":"","value":"86.8"},"conc_unit":{"unit":"","value":"mg\/ml"},"quantity":{"unit":"ml","value":"0.03"}}],"htl_doping":[{"material":{"unit":"","value":"Li-TFSI"},"volume":{"unit":"ul","value":"20"}},{"material":{"unit":"","value":"tBP"},"volume":{"unit":"ul","value":"34"}}],"spin_coating":[{"type":{"unit":"","value":"Dynamic"},"rpm":{"unit":"","value":"3000"},"time":{"unit":"s","value":"30"}}],"condition":{"unit":"","value":"glove-box(N2)"},"solvent":[{"material":{"unit":"","value":"CB"},"volume":{"unit":"ml","value":"1"}}]},{"anode_metal":{"unit":"","value":"Ag"}},{"note":{"unit":"","value":"MgF2 AR thickness investigation"},"ar":{"unit":"","value":"MgF2 50 nm"},"type":{"unit":"","value":"unit_cell"},"device_type":{"unit":"","value":"n-i-p"},"temperature":{"unit":"\u2103","value":"15.7"},"humidity":{"unit":"%","value":"14.2"},"cell_dimension":{"unit":"cm2","value":"0.125"}}],"fileinfo":[{"key":"Reverse_IV 50-3-3","uploadType":"JV","original_name":"IV 50-3-3-R.txt","save_name":"SKKU-SC-00113\/Reverse_IV 50-3-3","uploader":96,"fileType":""},{"key":"Forward_IV 50-4-2","uploadType":"JV","original_name":"IV 50-4-2-F.txt","save_name":"SKKU-SC-00113\/Forward_IV 50-4-2","uploader":96,"fileType":""},{"key":"Reverse_IV 50-4-2","uploadType":"JV","original_name":"IV 50-4-2-R.txt","save_name":"SKKU-SC-00113\/Reverse_IV 50-4-2","uploader":96,"fileType":""},{"key":"Forward_IV 50-1-2","uploadType":"JV","original_name":"IV 50-1-2-F.txt","save_name":"SKKU-SC-00113\/Forward_IV 50-1-2","uploader":96,"fileType":""},{"key":"Reverse_IV 50-1-2","uploadType":"JV","original_name":"IV 50-1-2-R.txt","save_name":"SKKU-SC-00113\/Reverse_IV 50-1-2","uploader":96,"fileType":""},{"key":"Forward_IV 50-1-5","uploadType":"JV","original_name":"IV 50-1-5-F.txt","save_name":"SKKU-SC-00113\/Forward_IV 50-1-5","uploader":96,"fileType":""},{"key":"Reverse_IV 50-1-5","uploadType":"JV","original_name":"IV 50-1-5-R.txt","save_name":"SKKU-SC-00113\/Reverse_IV 50-1-5","uploader":96,"fileType":""},{"key":"Forward_IV 50-3-3","uploadType":"JV","original_name":"IV 50-3-3-F.txt","save_name":"SKKU-SC-00113\/Forward_IV 50-3-3","uploader":96,"fileType":""}],"jvcnt":8,"updated_at":"2024-06-03 08:38:34","created_at":"2023-10-19 06:54:02","analysisInfo":{"JV":[{"efficiency":20.66,"fill_factor":77.9,"jsc":24.065,"voc":1.1018,"key":"Reverse_IV 50-4-2","cell_dimension":0.125},{"efficiency":20.65,"fill_factor":77.66,"jsc":24.198,"voc":1.0988,"key":"Reverse_IV 50-3-3","cell_dimension":0.125},{"efficiency":19.87,"fill_factor":75.48,"jsc":23.939,"voc":1.0994,"key":"Reverse_IV 50-1-5","cell_dimension":0.125},{"efficiency":19.82,"fill_factor":75.51,"jsc":24.02,"voc":1.0929,"key":"Reverse_IV 50-1-2","cell_dimension":0.125},{"efficiency":20.56,"fill_factor":78.13,"jsc":24.028,"voc":1.0951,"key":"Forward_IV 50-4-2","cell_dimension":0.125},{"efficiency":20.61,"fill_factor":77.9,"jsc":24.181,"voc":1.0938,"key":"Forward_IV 50-3-3","cell_dimension":0.125},{"efficiency":19.64,"fill_factor":74.86,"jsc":23.973,"voc":1.0945,"key":"Forward_IV 50-1-5","cell_dimension":0.125},{"efficiency":19.76,"fill_factor":75.66,"jsc":24.028,"voc":1.0869,"key":"Forward_IV 50-1-2","cell_dimension":0.125}]},"public":2,"analysis":{"JV":[{"V":{"value":[1.2,1.173,1.147,1.12,1.094,1.067,1.041,1.014,0.988,0.961,0.935,0.908,0.882,0.855,0.829,0.802,0.776,0.749,0.722,0.696,0.669,0.643,0.616,0.59,0.563,0.537,0.51,0.484,0.457,0.431,0.404,0.378,0.351,0.324,0.298,0.271,0.245,0.218,0.192,0.165,0.139,0.112,0.086,0.059,0.033,0.006,-0.02,-0.047,-0.073,-0.1],"unit":"V"},"I":{"value":[-0.0036135,-0.0029514,-0.001777,-0.00066894,0.00028718,0.0010957,0.0016984,0.0021498,0.0024448,0.0026428,0.0027615,0.0028366,0.0028832,0.0029144,0.0029345,0.002948,0.002958,0.002965,0.0029714,0.0029769,0.0029812,0.0029845,0.0029861,0.0029912,0.0029912,0.0029917,0.0029934,0.0029937,0.0029938,0.0029958,0.0029965,0.0029985,0.002998,0.0029987,0.0030001,0.0030004,0.0030017,0.0030028,0.0030032,0.0030027,0.0030066,0.0030053,0.0030063,0.0030091,0.0030086,0.0030079,0.0030089,0.0030085,0.0030076,0.0030094],"unit":"A"},"J":{"value":[-0.0004516875,-0.000368925,-0.000222125,-8.36175e-5,3.58975e-5,0.0001369625,0.0002123,0.000268725,0.0003056,0.00033035,0.0003451875,0.000354575,0.0003604,0.0003643,0.0003668125,0.0003685,0.00036975,0.000370625,0.000371425,0.0003721125,0.00037265,0.0003730625,0.0003732625,0.0003739,0.0003739,0.0003739625,0.000374175,0.0003742125,0.000374225,0.000374475,0.0003745625,0.0003748125,0.00037475,0.0003748375,0.0003750125,0.00037505,0.0003752125,0.00037535,0.0003754,0.0003753375,0.000375825,0.0003756625,0.0003757875,0.0003761375,0.000376075,0.0003759875,0.0003761125,0.0003760625,0.00037595,0.000376175],"unit":"A\/cm2"},"voc":{"unit":"V","value":1.1018},"isc":{"unit":"A","value":0.0030081},"jsc":{"unit":"mA\/cm2","value":24.065},"fill_factor":{"unit":"%","value":77.9},"pmax":{"unit":"mW","value":2.582},"vmax":{"unit":"V","value":0.935},"imax":{"unit":"mA","value":2.762},"rshunt":{"unit":"ohms","value":41000},"voc_slope":{"unit":"ohms","value":32.9},"efficiency":{"unit":"%","value":20.66},"monitor_cell_reading":{"unit":"mV","value":0},"monitor_cell_calibration_value":{"unit":"mV","value":0},"test_device_area":{"unit":"cm2","value":0.125},"num_of_series_connected_stacks":{"unit":"","value":1},"meter_integration":{"unit":"NPLC","value":1},"source_irradiance":{"unit":"mW\/cm2","value":100},"voltage_settling_time":{"unit":"ms","value":10},"sweep_direction":{"unit":"","value":"Reverse"},"irradiance_variation_correction":{"unit":"","value":"None"},"device_id":{"unit":"","value":"50-4-2-R"},"cell_dimension":{"unit":"cm2","value":0.125},"key":"Reverse_IV 50-4-2"},{"V":{"value":[1.2,1.173,1.147,1.12,1.094,1.067,1.041,1.014,0.988,0.961,0.935,0.908,0.882,0.855,0.829,0.802,0.776,0.749,0.722,0.696,0.669,0.643,0.616,0.59,0.563,0.537,0.51,0.484,0.457,0.431,0.404,0.378,0.351,0.324,0.298,0.271,0.245,0.218,0.192,0.165,0.139,0.112,0.086,0.059,0.033,0.006,-0.02,-0.047,-0.073,-0.1],"unit":"V"},"I":{"value":[-0.0036364,-0.0032792,-0.0020079,-0.00082208,0.00018531,0.0010413,0.0016605,0.0021275,0.0024219,0.002632,0.0027587,0.0028426,0.0028912,0.0029246,0.0029463,0.0029634,0.0029742,0.002983,0.0029898,0.002994,0.0029968,0.0030017,0.0030054,0.0030073,0.003009,0.0030114,0.0030112,0.0030105,0.0030132,0.0030121,0.0030136,0.0030169,0.0030161,0.0030184,0.0030192,0.003021,0.0030225,0.0030216,0.0030209,0.0030219,0.0030222,0.0030234,0.0030234,0.0030239,0.0030249,0.0030248,0.0030249,0.0030247,0.0030246,0.0030249],"unit":"A"},"J":{"value":[-0.00045455,-0.0004099,-0.0002509875,-0.00010276,2.316375e-5,0.0001301625,0.0002075625,0.0002659375,0.0003027375,0.000329,0.0003448375,0.000355325,0.0003614,0.000365575,0.0003682875,0.000370425,0.000371775,0.000372875,0.000373725,0.00037425,0.0003746,0.0003752125,0.000375675,0.0003759125,0.000376125,0.000376425,0.0003764,0.0003763125,0.00037665,0.0003765125,0.0003767,0.0003771125,0.0003770125,0.0003773,0.0003774,0.000377625,0.0003778125,0.0003777,0.0003776125,0.0003777375,0.000377775,0.000377925,0.000377925,0.0003779875,0.0003781125,0.0003781,0.0003781125,0.0003780875,0.000378075,0.0003781125],"unit":"A\/cm2"},"voc":{"unit":"V","value":1.0988},"isc":{"unit":"A","value":0.0030248},"jsc":{"unit":"mA\/cm2","value":24.198},"fill_factor":{"unit":"%","value":77.66},"pmax":{"unit":"mW","value":2.581},"vmax":{"unit":"V","value":0.908},"imax":{"unit":"mA","value":2.843},"rshunt":{"unit":"ohms","value":74000},"voc_slope":{"unit":"ohms","value":31.2},"efficiency":{"unit":"%","value":20.65},"monitor_cell_reading":{"unit":"mV","value":0},"monitor_cell_calibration_value":{"unit":"mV","value":0},"test_device_area":{"unit":"cm2","value":0.125},"num_of_series_connected_stacks":{"unit":"","value":1},"meter_integration":{"unit":"NPLC","value":1},"source_irradiance":{"unit":"mW\/cm2","value":100},"voltage_settling_time":{"unit":"ms","value":10},"sweep_direction":{"unit":"","value":"Reverse"},"irradiance_variation_correction":{"unit":"","value":"None"},"device_id":{"unit":"","value":"50-3-3-R"},"cell_dimension":{"unit":"cm2","value":0.125},"key":"Reverse_IV 50-3-3"},{"V":{"value":[1.2,1.173,1.147,1.12,1.094,1.067,1.041,1.014,0.988,0.961,0.935,0.908,0.882,0.855,0.829,0.802,0.776,0.749,0.722,0.696,0.669,0.643,0.616,0.59,0.563,0.537,0.51,0.484,0.457,0.431,0.404,0.378,0.351,0.324,0.298,0.271,0.245,0.218,0.192,0.165,0.139,0.112,0.086,0.059,0.033,0.006,-0.02,-0.047,-0.073,-0.1],"unit":"V"},"I":{"value":[-0.0035885,-0.0028335,-0.0017285,-0.00069275,0.00018241,0.00094212,0.0015159,0.0019684,0.002277,0.0024987,0.0026392,0.0027349,0.0027958,0.0028391,0.0028651,0.0028865,0.002903,0.0029148,0.0029242,0.0029288,0.0029377,0.0029427,0.0029496,0.0029514,0.0029566,0.0029597,0.0029608,0.0029662,0.0029677,0.0029685,0.0029731,0.0029735,0.0029743,0.0029773,0.0029813,0.0029834,0.0029841,0.0029868,0.0029866,0.0029875,0.0029884,0.0029889,0.0029907,0.0029905,0.0029925,0.0029926,0.0029918,0.0029919,0.0029918,0.0029929],"unit":"A"},"J":{"value":[-0.0004485625,-0.0003541875,-0.0002160625,-8.659375e-5,2.280125e-5,0.000117765,0.0001894875,0.00024605,0.000284625,0.0003123375,0.0003299,0.0003418625,0.000349475,0.0003548875,0.0003581375,0.0003608125,0.000362875,0.00036435,0.000365525,0.0003661,0.0003672125,0.0003678375,0.0003687,0.000368925,0.000369575,0.0003699625,0.0003701,0.000370775,0.0003709625,0.0003710625,0.0003716375,0.0003716875,0.0003717875,0.0003721625,0.0003726625,0.000372925,0.0003730125,0.00037335,0.000373325,0.0003734375,0.00037355,0.0003736125,0.0003738375,0.0003738125,0.0003740625,0.000374075,0.000373975,0.0003739875,0.000373975,0.0003741125],"unit":"A\/cm2"},"voc":{"unit":"V","value":1.0994},"isc":{"unit":"A","value":0.0029924},"jsc":{"unit":"mA\/cm2","value":23.939},"fill_factor":{"unit":"%","value":75.48},"pmax":{"unit":"mW","value":2.483},"vmax":{"unit":"V","value":0.908},"imax":{"unit":"mA","value":2.735},"rshunt":{"unit":"ohms","value":43200},"voc_slope":{"unit":"ohms","value":35.2},"efficiency":{"unit":"%","value":19.87},"monitor_cell_reading":{"unit":"mV","value":0},"monitor_cell_calibration_value":{"unit":"mV","value":0},"test_device_area":{"unit":"cm2","value":0.125},"num_of_series_connected_stacks":{"unit":"","value":1},"meter_integration":{"unit":"NPLC","value":1},"source_irradiance":{"unit":"mW\/cm2","value":100},"voltage_settling_time":{"unit":"ms","value":10},"sweep_direction":{"unit":"","value":"Reverse"},"irradiance_variation_correction":{"unit":"","value":"None"},"device_id":{"unit":"","value":"50-1-5-R"},"cell_dimension":{"unit":"cm2","value":0.125},"key":"Reverse_IV 50-1-5"},{"V":{"value":[1.2,1.173,1.147,1.12,1.094,1.067,1.041,1.014,0.988,0.961,0.935,0.908,0.882,0.855,0.829,0.802,0.776,0.749,0.722,0.696,0.669,0.643,0.616,0.59,0.563,0.537,0.51,0.484,0.457,0.431,0.404,0.378,0.351,0.324,0.298,0.271,0.245,0.218,0.192,0.165,0.139,0.112,0.086,0.059,0.033,0.006,-0.02,-0.047,-0.073,-0.1],"unit":"V"},"I":{"value":[-0.0036055,-0.0031038,-0.002007,-0.00094042,-3.2742e-5,0.00076485,0.0013785,0.0018672,0.0022108,0.0024579,0.0026188,0.0027291,0.0027996,0.002847,0.0028789,0.0029038,0.0029198,0.0029333,0.0029413,0.0029498,0.0029553,0.0029599,0.0029654,0.0029689,0.0029733,0.0029804,0.002982,0.0029838,0.0029857,0.0029878,0.002989,0.0029917,0.0029931,0.0029933,0.002994,0.0029942,0.0029974,0.0029979,0.0030006,0.0030018,0.0029997,0.0029999,0.0030011,0.003002,0.0030018,0.0030021,0.0030041,0.0030039,0.0030043,0.0030035],"unit":"A"},"J":{"value":[-0.0004506875,-0.000387975,-0.000250875,-0.0001175525,-4.09275e-6,9.560625e-5,0.0001723125,0.0002334,0.00027635,0.0003072375,0.00032735,0.0003411375,0.00034995,0.000355875,0.0003598625,0.000362975,0.000364975,0.0003666625,0.0003676625,0.000368725,0.0003694125,0.0003699875,0.000370675,0.0003711125,0.0003716625,0.00037255,0.00037275,0.000372975,0.0003732125,0.000373475,0.000373625,0.0003739625,0.0003741375,0.0003741625,0.00037425,0.000374275,0.000374675,0.0003747375,0.000375075,0.000375225,0.0003749625,0.0003749875,0.0003751375,0.00037525,0.000375225,0.0003752625,0.0003755125,0.0003754875,0.0003755375,0.0003754375],"unit":"A\/cm2"},"voc":{"unit":"V","value":1.0929},"isc":{"unit":"A","value":0.0030025},"jsc":{"unit":"mA\/cm2","value":24.02},"fill_factor":{"unit":"%","value":75.51},"pmax":{"unit":"mW","value":2.478},"vmax":{"unit":"V","value":0.908},"imax":{"unit":"mA","value":2.729},"rshunt":{"unit":"ohms","value":44500},"voc_slope":{"unit":"ohms","value":33.6},"efficiency":{"unit":"%","value":19.82},"monitor_cell_reading":{"unit":"mV","value":0},"monitor_cell_calibration_value":{"unit":"mV","value":0},"test_device_area":{"unit":"cm2","value":0.125},"num_of_series_connected_stacks":{"unit":"","value":1},"meter_integration":{"unit":"NPLC","value":1},"source_irradiance":{"unit":"mW\/cm2","value":100},"voltage_settling_time":{"unit":"ms","value":10},"sweep_direction":{"unit":"","value":"Reverse"},"irradiance_variation_correction":{"unit":"","value":"None"},"device_id":{"unit":"","value":"50-1-2-R"},"cell_dimension":{"unit":"cm2","value":0.125},"key":"Reverse_IV 50-1-2"},{"V":{"value":[-0.1,-0.073,-0.047,-0.02,0.006,0.033,0.059,0.086,0.112,0.139,0.165,0.192,0.218,0.245,0.271,0.298,0.324,0.351,0.378,0.404,0.431,0.457,0.484,0.51,0.537,0.563,0.59,0.616,0.643,0.669,0.696,0.722,0.749,0.776,0.802,0.829,0.855,0.882,0.908,0.935,0.961,0.988,1.014,1.041,1.067,1.094,1.12,1.147,1.173,1.2],"unit":"V"},"I":{"value":[0.0030058,0.0030042,0.0030055,0.0030039,0.0030034,0.0030024,0.0030014,0.0030026,0.0030018,0.0030043,0.0030011,0.0030015,0.0030009,0.0030011,0.0030009,0.0030014,0.0030006,0.0029971,0.0029943,0.0029933,0.002993,0.0029917,0.0029898,0.0029875,0.0029869,0.0029854,0.0029821,0.0029814,0.0029807,0.002976,0.0029744,0.002969,0.0029643,0.0029548,0.0029474,0.0029322,0.0029113,0.0028799,0.00283,0.0027476,0.0026186,0.0024055,0.0020863,0.001589,0.00092764,4.192e-5,-0.00097424,-0.0021942,-0.0035032,-0.0036065],"unit":"A"},"J":{"value":[0.000375725,0.000375525,0.0003756875,0.0003754875,0.000375425,0.0003753,0.000375175,0.000375325,0.000375225,0.0003755375,0.0003751375,0.0003751875,0.0003751125,0.0003751375,0.0003751125,0.000375175,0.000375075,0.0003746375,0.0003742875,0.0003741625,0.000374125,0.0003739625,0.000373725,0.0003734375,0.0003733625,0.000373175,0.0003727625,0.000372675,0.0003725875,0.000372,0.0003718,0.000371125,0.0003705375,0.00036935,0.000368425,0.000366525,0.0003639125,0.0003599875,0.00035375,0.00034345,0.000327325,0.0003006875,0.0002607875,0.000198625,0.000115955,5.24e-6,-0.00012178,-0.000274275,-0.0004379,-0.0004508125],"unit":"A\/cm2"},"voc":{"unit":"V","value":1.0951},"isc":{"unit":"A","value":0.0030035},"jsc":{"unit":"mA\/cm2","value":24.028},"fill_factor":{"unit":"%","value":78.13},"pmax":{"unit":"mW","value":2.57},"vmax":{"unit":"V","value":0.908},"imax":{"unit":"mA","value":2.83},"rshunt":{"unit":"ohms","value":35100},"voc_slope":{"unit":"ohms","value":30.3},"efficiency":{"unit":"%","value":20.56},"monitor_cell_reading":{"unit":"mV","value":0},"monitor_cell_calibration_value":{"unit":"mV","value":0},"test_device_area":{"unit":"cm2","value":0.125},"num_of_series_connected_stacks":{"unit":"","value":1},"meter_integration":{"unit":"NPLC","value":1},"source_irradiance":{"unit":"mW\/cm2","value":100},"voltage_settling_time":{"unit":"ms","value":10},"sweep_direction":{"unit":"","value":"Forward"},"irradiance_variation_correction":{"unit":"","value":"None"},"device_id":{"unit":"","value":"50-4-2-F"},"cell_dimension":{"unit":"cm2","value":0.125},"key":"Forward_IV 50-4-2"},{"V":{"value":[-0.1,-0.073,-0.047,-0.02,0.006,0.033,0.059,0.086,0.112,0.139,0.165,0.192,0.218,0.245,0.271,0.298,0.324,0.351,0.378,0.404,0.431,0.457,0.484,0.51,0.537,0.563,0.59,0.616,0.643,0.669,0.696,0.722,0.749,0.776,0.802,0.829,0.855,0.882,0.908,0.935,0.961,0.988,1.014,1.041,1.067,1.094,1.12,1.147,1.173,1.2],"unit":"V"},"I":{"value":[0.0030263,0.0030257,0.0030248,0.0030231,0.0030225,0.0030267,0.0030255,0.0030259,0.0030242,0.0030252,0.0030239,0.003021,0.0030241,0.003022,0.0030211,0.0030177,0.0030172,0.0030186,0.0030192,0.0030182,0.0030182,0.0030163,0.0030159,0.003015,0.0030136,0.00301,0.0030088,0.0030045,0.0030033,0.0029997,0.0029968,0.0029939,0.0029855,0.0029765,0.0029658,0.0029493,0.0029249,0.0028891,0.0028366,0.0027496,0.0026139,0.0023996,0.0020738,0.0015813,0.00090794,-5.6908e-6,-0.0010806,-0.0023847,-0.0036286,-0.0036286],"unit":"A"},"J":{"value":[0.0003782875,0.0003782125,0.0003781,0.0003778875,0.0003778125,0.0003783375,0.0003781875,0.0003782375,0.000378025,0.00037815,0.0003779875,0.000377625,0.0003780125,0.00037775,0.0003776375,0.0003772125,0.00037715,0.000377325,0.0003774,0.000377275,0.000377275,0.0003770375,0.0003769875,0.000376875,0.0003767,0.00037625,0.0003761,0.0003755625,0.0003754125,0.0003749625,0.0003746,0.0003742375,0.0003731875,0.0003720625,0.000370725,0.0003686625,0.0003656125,0.0003611375,0.000354575,0.0003437,0.0003267375,0.00029995,0.000259225,0.0001976625,0.0001134925,-7.1135e-7,-0.000135075,-0.0002980875,-0.000453575,-0.000453575],"unit":"A\/cm2"},"voc":{"unit":"V","value":1.0938},"isc":{"unit":"A","value":0.0030227},"jsc":{"unit":"mA\/cm2","value":24.181},"fill_factor":{"unit":"%","value":77.9},"pmax":{"unit":"mW","value":2.576},"vmax":{"unit":"V","value":0.908},"imax":{"unit":"mA","value":2.837},"rshunt":{"unit":"ohms","value":2440},"voc_slope":{"unit":"ohms","value":29},"efficiency":{"unit":"%","value":20.61},"monitor_cell_reading":{"unit":"mV","value":0},"monitor_cell_calibration_value":{"unit":"mV","value":0},"test_device_area":{"unit":"cm2","value":0.125},"num_of_series_connected_stacks":{"unit":"","value":1},"meter_integration":{"unit":"NPLC","value":1},"source_irradiance":{"unit":"mW\/cm2","value":100},"voltage_settling_time":{"unit":"ms","value":10},"sweep_direction":{"unit":"","value":"Forward"},"irradiance_variation_correction":{"unit":"","value":"None"},"device_id":{"unit":"","value":"50-3-3-F"},"cell_dimension":{"unit":"cm2","value":0.125},"key":"Forward_IV 50-3-3"},{"V":{"value":[-0.1,-0.073,-0.047,-0.02,0.006,0.033,0.059,0.086,0.112,0.139,0.165,0.192,0.218,0.245,0.271,0.298,0.324,0.351,0.378,0.404,0.431,0.457,0.484,0.51,0.537,0.563,0.59,0.616,0.643,0.669,0.696,0.722,0.749,0.776,0.802,0.829,0.855,0.882,0.908,0.935,0.961,0.988,1.014,1.041,1.067,1.094,1.12,1.147,1.173,1.2],"unit":"V"},"I":{"value":[0.0030018,0.0029985,0.0030004,0.0029969,0.0029966,0.0029963,0.0029961,0.002994,0.002996,0.0029922,0.0029911,0.0029907,0.002988,0.0029882,0.0029881,0.0029845,0.0029875,0.0029847,0.0029845,0.0029833,0.002982,0.0029797,0.0029762,0.0029736,0.0029708,0.0029702,0.0029643,0.00296,0.0029548,0.0029478,0.0029413,0.002934,0.002924,0.0029093,0.0028902,0.0028653,0.0028312,0.0027797,0.002704,0.0025977,0.0024364,0.0021944,0.0018594,0.0013845,0.00078762,1.7818e-5,-0.00085122,-0.0018781,-0.0029708,-0.0035975],"unit":"A"},"J":{"value":[0.000375225,0.0003748125,0.00037505,0.0003746125,0.000374575,0.0003745375,0.0003745125,0.00037425,0.0003745,0.000374025,0.0003738875,0.0003738375,0.0003735,0.000373525,0.0003735125,0.0003730625,0.0003734375,0.0003730875,0.0003730625,0.0003729125,0.00037275,0.0003724625,0.000372025,0.0003717,0.00037135,0.000371275,0.0003705375,0.00037,0.00036935,0.000368475,0.0003676625,0.00036675,0.0003655,0.0003636625,0.000361275,0.0003581625,0.0003539,0.0003474625,0.000338,0.0003247125,0.00030455,0.0002743,0.000232425,0.0001730625,9.84525e-5,2.22725e-6,-0.0001064025,-0.0002347625,-0.00037135,-0.0004496875],"unit":"A\/cm2"},"voc":{"unit":"V","value":1.0945},"isc":{"unit":"A","value":0.0029966},"jsc":{"unit":"mA\/cm2","value":23.973},"fill_factor":{"unit":"%","value":74.86},"pmax":{"unit":"mW","value":2.455},"vmax":{"unit":"V","value":0.908},"imax":{"unit":"mA","value":2.704},"rshunt":{"unit":"ohms","value":25700},"voc_slope":{"unit":"ohms","value":34.9},"efficiency":{"unit":"%","value":19.64},"monitor_cell_reading":{"unit":"mV","value":0},"monitor_cell_calibration_value":{"unit":"mV","value":0},"test_device_area":{"unit":"cm2","value":0.125},"num_of_series_connected_stacks":{"unit":"","value":1},"meter_integration":{"unit":"NPLC","value":1},"source_irradiance":{"unit":"mW\/cm2","value":100},"voltage_settling_time":{"unit":"ms","value":10},"sweep_direction":{"unit":"","value":"Forward"},"irradiance_variation_correction":{"unit":"","value":"None"},"device_id":{"unit":"","value":"50-1-5-F"},"cell_dimension":{"unit":"cm2","value":0.125},"key":"Forward_IV 50-1-5"},{"V":{"value":[-0.1,-0.073,-0.047,-0.02,0.006,0.033,0.059,0.086,0.112,0.139,0.165,0.192,0.218,0.245,0.271,0.298,0.324,0.351,0.378,0.404,0.431,0.457,0.484,0.51,0.537,0.563,0.59,0.616,0.643,0.669,0.696,0.722,0.749,0.776,0.802,0.829,0.855,0.882,0.908,0.935,0.961,0.988,1.014,1.041,1.067,1.094,1.12,1.147,1.173,1.2],"unit":"V"},"I":{"value":[0.0030079,0.0030078,0.0030065,0.0030061,0.0030027,0.0030005,0.0029995,0.0030001,0.002999,0.0030023,0.0030017,0.0030006,0.0029996,0.0030011,0.0029987,0.0029981,0.0029996,0.0029957,0.0029942,0.002994,0.0029936,0.0029905,0.0029894,0.0029869,0.0029811,0.0029783,0.0029751,0.0029716,0.0029649,0.0029591,0.0029507,0.0029447,0.0029335,0.0029209,0.0029035,0.0028808,0.0028435,0.0027966,0.00272,0.002593,0.0024178,0.0021665,0.0018013,0.0012785,0.00062494,-0.00022252,-0.0011799,-0.002311,-0.0035101,-0.0036065],"unit":"A"},"J":{"value":[0.0003759875,0.000375975,0.0003758125,0.0003757625,0.0003753375,0.0003750625,0.0003749375,0.0003750125,0.000374875,0.0003752875,0.0003752125,0.000375075,0.00037495,0.0003751375,0.0003748375,0.0003747625,0.00037495,0.0003744625,0.000374275,0.00037425,0.0003742,0.0003738125,0.000373675,0.0003733625,0.0003726375,0.0003722875,0.0003718875,0.00037145,0.0003706125,0.0003698875,0.0003688375,0.0003680875,0.0003666875,0.0003651125,0.0003629375,0.0003601,0.0003554375,0.000349575,0.00034,0.000324125,0.000302225,0.0002708125,0.0002251625,0.0001598125,7.81175e-5,-2.7815e-5,-0.0001474875,-0.000288875,-0.0004387625,-0.0004508125],"unit":"A\/cm2"},"voc":{"unit":"V","value":1.0869},"isc":{"unit":"A","value":0.0030035},"jsc":{"unit":"mA\/cm2","value":24.028},"fill_factor":{"unit":"%","value":75.66},"pmax":{"unit":"mW","value":2.47},"vmax":{"unit":"V","value":0.908},"imax":{"unit":"mA","value":2.72},"rshunt":{"unit":"ohms","value":19700},"voc_slope":{"unit":"ohms","value":31.7},"efficiency":{"unit":"%","value":19.76},"monitor_cell_reading":{"unit":"mV","value":0},"monitor_cell_calibration_value":{"unit":"mV","value":0},"test_device_area":{"unit":"cm2","value":0.125},"num_of_series_connected_stacks":{"unit":"","value":1},"meter_integration":{"unit":"NPLC","value":1},"source_irradiance":{"unit":"mW\/cm2","value":100},"voltage_settling_time":{"unit":"ms","value":10},"sweep_direction":{"unit":"","value":"Forward"},"irradiance_variation_correction":{"unit":"","value":"None"},"device_id":{"unit":"","value":"50-1-2-F"},"cell_dimension":{"unit":"cm2","value":0.125},"key":"Forward_IV 50-1-2"}]}}