{"_id":"6530d1e25d0e997149349c9f","id":"SKKU-SC-00107","author":94,"group":11,"input":[{"tco":{"unit":"","value":"ITO"}},{"surface_treatment":{"unit":"","value":"O-Plasma"}},{"htl":[{"material":{"unit":"","value":"2PACz"},"concentration":{"unit":"","value":"0.3"},"conc_unit":{"unit":"","value":"mg\/ml"},"quantity":{"unit":"ml","value":"0.2"}}],"spin_coating":[{"type":{"unit":"","value":"Static (loading)"},"rpm":{"unit":"","value":"3000"},"time":{"unit":"s","value":"30"}}],"annealing":[{"temperature":{"unit":"oC","value":"100"},"time":{"unit":"m","value":"10"}}],"condition":{"unit":"","value":"glove-box(N2)"}},{"perovskite":{"method":{"unit":"","value":"1step"},"molarity":{"unit":"M","value":"1.35M"},"a_site":[{"material":{"unit":"","value":"FA"},"ratio":{"unit":"","value":"90"}},{"material":{"unit":"","value":"Cs"},"ratio":{"unit":"","value":"5"}},{"material":{"unit":"","value":"MA"},"ratio":{"unit":"","value":"5"}}],"b_site":[{"material":{"unit":"","value":"Pb"},"ratio":{"unit":"","value":"100"}}],"x_site":[{"material":{"unit":"","value":"I"},"ratio":{"unit":"","value":"95"}},{"material":{"unit":"","value":"Br"},"ratio":{"unit":"","value":"5"}}],"solvent":[{"material":{"unit":"","value":"DMF"},"volume":{"unit":"ml","value":"4"}},{"material":{"unit":"","value":"DMSO"},"volume":{"unit":"ml","value":"1"}}],"antisolvent":[{"material":{"unit":"","value":"CB"},"quantity":{"unit":"ul","value":"300"},"dripping_time":{"unit":"s","value":"18"}}],"annealing":[{"temperature":{"unit":"oC","value":"100"},"time":{"unit":"m","value":"45"}}],"spin_coating":[{"type":{"unit":"","value":"Static (loading)"},"rpm":{"unit":"","value":"1000"},"time":{"unit":"s","value":"10"}},{"type":{"unit":"","value":"Static (loading)"},"rpm":{"unit":"","value":"5000"},"time":{"unit":"s","value":"30"}}],"atmosphere":[{"type":{"unit":"","value":"glove-box(N2)"},"temperature":{"unit":"oC","value":"21"},"humidity":{"unit":"RH%","value":"0"}}]}},{"perovskite_treatment":[{"material":{"unit":"","value":"LiF"},"concentration":{"unit":"","value":"None"},"conc_unit":{"unit":"","value":"None"},"quantity":{"unit":"ml","value":"None"}}],"thermal_evaporation":[{"vacuum_evaporation_thickness":{"unit":"nm","value":"1"},"evaporation_rate":{"unit":"\u00c5\/s","value":"0.1"},"vacuum_pressure":{"unit":"uTorr","value":"2"}}]},{"etl":[{"material":{"unit":"","value":"PC60BM"},"concentration":{"unit":"","value":"20"},"conc_unit":{"unit":"","value":"mg\/ml"},"quantity":{"unit":"ml","value":"0.05"}}],"spin_coating":[{"type":{"unit":"","value":"Dynamic"},"rpm":{"unit":"","value":"1000"},"time":{"unit":"s","value":"35"}}]},{"etl":[{"material":{"unit":"","value":"C60"},"concentration":{"unit":"","value":"None"},"conc_unit":{"unit":"","value":"None"},"quantity":{"unit":"ml","value":"None"}}]},{"blocking_buffer_layer":[{"material":{"unit":"","value":"BCP"},"concentration":{"unit":"","value":""},"conc_unit":{"unit":"","value":"mg\/ml"},"quantity":{"unit":"ml","value":"None"}}],"thermal_evaporation":[{"vacuum_evaporation_thickness":{"unit":"nm","value":"8"},"evaporation_rate":{"unit":"\u00c5\/s","value":"0.2"},"vacuum_pressure":{"unit":"uTorr","value":"2"}}]},{"anode_metal":{"unit":"","value":"Ag"}},{"device_type":{"unit":"","value":"p-i-n"},"temperature":{"unit":"\u2103","value":"20"},"type":{"unit":"","value":"unit_cell"},"cell_dimension":{"unit":"cm2","value":"None"},"humidity":{"unit":"%","value":"20"}}],"fileinfo":[{"key":"Reverse_IV LIF-15-2-3","uploadType":"JV","original_name":"IV LIF-15-2-3-R.txt","save_name":"SKKU-SC-00107\/Reverse_IV LIF-15-2-3","uploader":94,"fileType":""},{"key":"Forward_IV LIF-15-1-3","uploadType":"JV","original_name":"IV LIF-15-1-3-F.txt","save_name":"SKKU-SC-00107\/Forward_IV LIF-15-1-3","uploader":94,"fileType":""},{"key":"Reverse_IV LIF-15-1-3","uploadType":"JV","original_name":"IV LIF-15-1-3-R.txt","save_name":"SKKU-SC-00107\/Reverse_IV LIF-15-1-3","uploader":94,"fileType":""},{"key":"Forward_IV LIF-15-2-3","uploadType":"JV","original_name":"IV LIF-15-2-3-F.txt","save_name":"SKKU-SC-00107\/Forward_IV LIF-15-2-3","uploader":94,"fileType":""}],"jvcnt":4,"updated_at":"2024-10-24 09:04:04","created_at":"2023-10-19 06:51:14","analysisInfo":{"JV":[{"efficiency":12.32,"fill_factor":60.55,"jsc":20.441,"voc":0.9956,"key":"Reverse_IV LIF-15-2-3","cell_dimension":0.125},{"efficiency":13.88,"fill_factor":62.85,"jsc":21.255,"voc":1.0387,"key":"Reverse_IV LIF-15-1-3","cell_dimension":0.125},{"efficiency":13.9,"fill_factor":67.93,"jsc":20.456,"voc":1,"key":"Forward_IV LIF-15-2-3","cell_dimension":0.125},{"efficiency":14.37,"fill_factor":63.94,"jsc":21.402,"voc":1.0503,"key":"Forward_IV LIF-15-1-3","cell_dimension":0.125}]},"public":2,"analysis":{"JV":[{"V":{"value":[1.2,1.187,1.174,1.161,1.147,1.134,1.121,1.108,1.095,1.082,1.069,1.056,1.042,1.029,1.016,1.003,0.99,0.977,0.964,0.951,0.937,0.924,0.911,0.898,0.885,0.872,0.859,0.845,0.832,0.819,0.806,0.793,0.78,0.767,0.754,0.74,0.727,0.714,0.701,0.688,0.675,0.662,0.648,0.635,0.622,0.609,0.596,0.583,0.57,0.557,0.543,0.53,0.517,0.504,0.491,0.478,0.465,0.452,0.438,0.425,0.412,0.399,0.386,0.373,0.36,0.346,0.333,0.32,0.307,0.294,0.281,0.268,0.255,0.241,0.228,0.215,0.202,0.189,0.176,0.163,0.149,0.136,0.123,0.11,0.097,0.084,0.071,0.058,0.044,0.031,0.018,0.005,-0.008,-0.021,-0.034,-0.047,-0.061,-0.074,-0.087,-0.1],"unit":"V"},"I":{"value":[-0.0029859,-0.0029863,-0.0029866,-0.0029863,-0.0029866,-0.0029864,-0.0029862,-0.0029862,-0.0028698,-0.002418,-0.0019833,-0.0015734,-0.0011618,-0.0008039,-0.0004671,-0.00016081,0.00012337,0.00038178,0.00061203,0.00082105,0.0010159,0.0011673,0.0013048,0.0014219,0.0015252,0.001608,0.0016879,0.0017556,0.0018097,0.0018638,0.001899,0.0019426,0.0019713,0.0020039,0.0020292,0.0020611,0.0020786,0.0020962,0.0021204,0.0021322,0.0021506,0.0021628,0.0021759,0.0021895,0.0022048,0.0022121,0.0022282,0.0022337,0.0022384,0.0022531,0.0022568,0.0022711,0.0022785,0.0022866,0.0022966,0.0023011,0.0023007,0.0023129,0.0023215,0.0023261,0.0023424,0.0023439,0.0023504,0.0023557,0.0023662,0.0023706,0.0023717,0.0023785,0.0023857,0.0023931,0.0024044,0.0024105,0.0024209,0.0024195,0.0024322,0.0024375,0.0024466,0.0024597,0.0024598,0.0024722,0.0024751,0.0024807,0.0024892,0.0025016,0.0025032,0.0025082,0.0025169,0.0025241,0.0025291,0.0025354,0.002541,0.0025523,0.0025596,0.0025683,0.0025819,0.0025791,0.0025962,0.0025997,0.0026036,0.0026168],"unit":"A"},"J":{"value":[-0.0003732375,-0.0003732875,-0.000373325,-0.0003732875,-0.000373325,-0.0003733,-0.000373275,-0.000373275,-0.000358725,-0.00030225,-0.0002479125,-0.000196675,-0.000145225,-0.0001004875,-5.83875e-5,-2.010125e-5,1.542125e-5,4.77225e-5,7.650375e-5,0.00010263125,0.0001269875,0.0001459125,0.0001631,0.0001777375,0.00019065,0.000201,0.0002109875,0.00021945,0.0002262125,0.000232975,0.000237375,0.000242825,0.0002464125,0.0002504875,0.00025365,0.0002576375,0.000259825,0.000262025,0.00026505,0.000266525,0.000268825,0.00027035,0.0002719875,0.0002736875,0.0002756,0.0002765125,0.000278525,0.0002792125,0.0002798,0.0002816375,0.0002821,0.0002838875,0.0002848125,0.000285825,0.000287075,0.0002876375,0.0002875875,0.0002891125,0.0002901875,0.0002907625,0.0002928,0.0002929875,0.0002938,0.0002944625,0.000295775,0.000296325,0.0002964625,0.0002973125,0.0002982125,0.0002991375,0.00030055,0.0003013125,0.0003026125,0.0003024375,0.000304025,0.0003046875,0.000305825,0.0003074625,0.000307475,0.000309025,0.0003093875,0.0003100875,0.00031115,0.0003127,0.0003129,0.000313525,0.0003146125,0.0003155125,0.0003161375,0.000316925,0.000317625,0.0003190375,0.00031995,0.0003210375,0.0003227375,0.0003223875,0.000324525,0.0003249625,0.00032545,0.0003271],"unit":"A\/cm2"},"voc":{"unit":"V","value":0.9956},"isc":{"unit":"A","value":0.0025551},"jsc":{"unit":"mA\/cm2","value":20.441},"fill_factor":{"unit":"%","value":60.55},"pmax":{"unit":"mW","value":1.54},"vmax":{"unit":"V","value":0.793},"imax":{"unit":"mA","value":1.943},"rshunt":{"unit":"ohms","value":1610},"voc_slope":{"unit":"ohms","value":50.2},"efficiency":{"unit":"%","value":12.32},"monitor_cell_reading":{"unit":"mV","value":0},"monitor_cell_calibration_value":{"unit":"mV","value":0},"test_device_area":{"unit":"cm2","value":0.125},"num_of_series_connected_stacks":{"unit":"","value":1},"meter_integration":{"unit":"NPLC","value":0.01},"source_irradiance":{"unit":"mW\/cm2","value":100},"voltage_settling_time":{"unit":"ms","value":100},"sweep_direction":{"unit":"","value":"Reverse"},"irradiance_variation_correction":{"unit":"","value":"None"},"device_id":{"unit":"","value":"LIF-15-2-3-R"},"cell_dimension":{"unit":"cm2","value":0.125},"key":"Reverse_IV LIF-15-2-3"},{"V":{"value":[1.2,1.187,1.174,1.161,1.147,1.134,1.121,1.108,1.095,1.082,1.069,1.056,1.042,1.029,1.016,1.003,0.99,0.977,0.964,0.951,0.937,0.924,0.911,0.898,0.885,0.872,0.859,0.845,0.832,0.819,0.806,0.793,0.78,0.767,0.754,0.74,0.727,0.714,0.701,0.688,0.675,0.662,0.648,0.635,0.622,0.609,0.596,0.583,0.57,0.557,0.543,0.53,0.517,0.504,0.491,0.478,0.465,0.452,0.438,0.425,0.412,0.399,0.386,0.373,0.36,0.346,0.333,0.32,0.307,0.294,0.281,0.268,0.255,0.241,0.228,0.215,0.202,0.189,0.176,0.163,0.149,0.136,0.123,0.11,0.097,0.084,0.071,0.058,0.044,0.031,0.018,0.005,-0.008,-0.021,-0.034,-0.047,-0.061,-0.074,-0.087,-0.1],"unit":"V"},"I":{"value":[-0.0025713,-0.0023258,-0.0021034,-0.0018905,-0.0016606,-0.0014487,-0.0012411,-0.0010337,-0.00083194,-0.00063365,-0.00043506,-0.00024418,-4.5225e-5,0.0001347,0.00031343,0.00048641,0.0006524,0.00081338,0.00096263,0.0011045,0.0012534,0.0013829,0.0015016,0.0016152,0.001711,0.0018069,0.001891,0.0019657,0.0020319,0.002087,0.00214,0.002184,0.0022236,0.002258,0.0022848,0.0023088,0.002331,0.0023568,0.0023711,0.0023938,0.0024068,0.0024193,0.0024299,0.0024506,0.0024585,0.0024616,0.0024761,0.0024824,0.0024915,0.0024903,0.0025091,0.0025108,0.0025252,0.0025263,0.002533,0.0025376,0.0025401,0.0025476,0.0025489,0.0025498,0.002558,0.002558,0.0025667,0.0025712,0.0025689,0.0025737,0.0025797,0.0025804,0.0025873,0.0025908,0.0025966,0.0025933,0.0025973,0.0026064,0.0025999,0.0026056,0.0026093,0.0026154,0.0026166,0.0026223,0.0026188,0.0026258,0.0026262,0.0026289,0.0026355,0.0026338,0.0026412,0.002642,0.0026439,0.0026455,0.0026458,0.0026569,0.0026568,0.0026658,0.0026613,0.0026705,0.0026696,0.0026796,0.0026776,0.0026828],"unit":"A"},"J":{"value":[-0.0003214125,-0.000290725,-0.000262925,-0.0002363125,-0.000207575,-0.0001810875,-0.0001551375,-0.0001292125,-0.0001039925,-7.920625e-5,-5.43825e-5,-3.05225e-5,-5.653125e-6,1.68375e-5,3.917875e-5,6.080125e-5,8.155e-5,0.0001016725,0.00012032875,0.0001380625,0.000156675,0.0001728625,0.0001877,0.0002019,0.000213875,0.0002258625,0.000236375,0.0002457125,0.0002539875,0.000260875,0.0002675,0.000273,0.00027795,0.00028225,0.0002856,0.0002886,0.000291375,0.0002946,0.0002963875,0.000299225,0.00030085,0.0003024125,0.0003037375,0.000306325,0.0003073125,0.0003077,0.0003095125,0.0003103,0.0003114375,0.0003112875,0.0003136375,0.00031385,0.00031565,0.0003157875,0.000316625,0.0003172,0.0003175125,0.00031845,0.0003186125,0.000318725,0.00031975,0.00031975,0.0003208375,0.0003214,0.0003211125,0.0003217125,0.0003224625,0.00032255,0.0003234125,0.00032385,0.000324575,0.0003241625,0.0003246625,0.0003258,0.0003249875,0.0003257,0.0003261625,0.000326925,0.000327075,0.0003277875,0.00032735,0.000328225,0.000328275,0.0003286125,0.0003294375,0.000329225,0.00033015,0.00033025,0.0003304875,0.0003306875,0.000330725,0.0003321125,0.0003321,0.000333225,0.0003326625,0.0003338125,0.0003337,0.00033495,0.0003347,0.00033535],"unit":"A\/cm2"},"voc":{"unit":"V","value":1.0387},"isc":{"unit":"A","value":0.0026568},"jsc":{"unit":"mA\/cm2","value":21.255},"fill_factor":{"unit":"%","value":62.85},"pmax":{"unit":"mW","value":1.734},"vmax":{"unit":"V","value":0.78},"imax":{"unit":"mA","value":2.224},"rshunt":{"unit":"ohms","value":3490},"voc_slope":{"unit":"ohms","value":71.6},"efficiency":{"unit":"%","value":13.88},"monitor_cell_reading":{"unit":"mV","value":0},"monitor_cell_calibration_value":{"unit":"mV","value":0},"test_device_area":{"unit":"cm2","value":0.125},"num_of_series_connected_stacks":{"unit":"","value":1},"meter_integration":{"unit":"NPLC","value":0.01},"source_irradiance":{"unit":"mW\/cm2","value":100},"voltage_settling_time":{"unit":"ms","value":100},"sweep_direction":{"unit":"","value":"Reverse"},"irradiance_variation_correction":{"unit":"","value":"None"},"device_id":{"unit":"","value":"LIF-15-1-3-R"},"cell_dimension":{"unit":"cm2","value":0.125},"key":"Reverse_IV LIF-15-1-3"},{"V":{"value":[-0.1,-0.087,-0.074,-0.061,-0.047,-0.034,-0.021,-0.008,0.005,0.018,0.031,0.044,0.058,0.071,0.084,0.097,0.11,0.123,0.136,0.149,0.163,0.176,0.189,0.202,0.215,0.228,0.241,0.255,0.268,0.281,0.294,0.307,0.32,0.333,0.346,0.36,0.373,0.386,0.399,0.412,0.425,0.438,0.452,0.465,0.478,0.491,0.504,0.517,0.53,0.543,0.557,0.57,0.583,0.596,0.609,0.622,0.635,0.648,0.662,0.675,0.688,0.701,0.714,0.727,0.74,0.754,0.767,0.78,0.793,0.806,0.819,0.832,0.845,0.859,0.872,0.885,0.898,0.911,0.924,0.937,0.951,0.964,0.977,0.99,1.003,1.016,1.029,1.042,1.056,1.069,1.082,1.095,1.108,1.121,1.134,1.147,1.161,1.174,1.187,1.2],"unit":"V"},"I":{"value":[0.002465,0.0024925,0.0025108,0.0025177,0.0025369,0.0025355,0.0025471,0.0025545,0.0025586,0.0025624,0.0025634,0.002571,0.0025773,0.0025728,0.0025737,0.0025722,0.0025773,0.0025718,0.0025768,0.0025775,0.0025738,0.0025727,0.0025692,0.0025718,0.0025696,0.0025661,0.0025607,0.0025634,0.0025663,0.0025639,0.00256,0.0025579,0.0025513,0.0025552,0.0025432,0.0025476,0.0025445,0.0025458,0.0025311,0.002531,0.0025256,0.00252,0.0025187,0.0025118,0.0025118,0.0024982,0.0025008,0.0024924,0.0024834,0.0024844,0.0024693,0.002465,0.0024575,0.0024527,0.0024451,0.0024287,0.0024295,0.0024116,0.002406,0.0023899,0.0023759,0.0023644,0.0023402,0.0023251,0.0023082,0.0022719,0.0022528,0.0022194,0.0021906,0.0021548,0.0021087,0.0020568,0.0019947,0.0019207,0.0018381,0.0017493,0.0016372,0.0015158,0.0013653,0.0011948,0.00097986,0.00075813,0.00051108,0.00024128,-7.1099e-5,-0.00041763,-0.0007611,-0.0011333,-0.0015475,-0.0019493,-0.0023703,-0.0028085,-0.0028702,-0.0028702,-0.0028704,-0.0028701,-0.0028702,-0.0028703,-0.0028704,-0.0028702],"unit":"A"},"J":{"value":[0.000308125,0.0003115625,0.00031385,0.0003147125,0.0003171125,0.0003169375,0.0003183875,0.0003193125,0.000319825,0.0003203,0.000320425,0.000321375,0.0003221625,0.0003216,0.0003217125,0.000321525,0.0003221625,0.000321475,0.0003221,0.0003221875,0.000321725,0.0003215875,0.00032115,0.000321475,0.0003212,0.0003207625,0.0003200875,0.000320425,0.0003207875,0.0003204875,0.00032,0.0003197375,0.0003189125,0.0003194,0.0003179,0.00031845,0.0003180625,0.000318225,0.0003163875,0.000316375,0.0003157,0.000315,0.0003148375,0.000313975,0.000313975,0.000312275,0.0003126,0.00031155,0.000310425,0.00031055,0.0003086625,0.000308125,0.0003071875,0.0003065875,0.0003056375,0.0003035875,0.0003036875,0.00030145,0.00030075,0.0002987375,0.0002969875,0.00029555,0.000292525,0.0002906375,0.000288525,0.0002839875,0.0002816,0.000277425,0.000273825,0.00026935,0.0002635875,0.0002571,0.0002493375,0.0002400875,0.0002297625,0.0002186625,0.00020465,0.000189475,0.0001706625,0.00014935,0.0001224825,9.476625e-5,6.3885e-5,3.016e-5,-8.887375e-6,-5.220375e-5,-9.51375e-5,-0.0001416625,-0.0001934375,-0.0002436625,-0.0002962875,-0.0003510625,-0.000358775,-0.000358775,-0.0003588,-0.0003587625,-0.000358775,-0.0003587875,-0.0003588,-0.000358775],"unit":"A\/cm2"},"voc":{"unit":"V","value":1},"isc":{"unit":"A","value":0.002557},"jsc":{"unit":"mA\/cm2","value":20.456},"fill_factor":{"unit":"%","value":67.93},"pmax":{"unit":"mW","value":1.737},"vmax":{"unit":"V","value":0.793},"imax":{"unit":"mA","value":2.191},"rshunt":{"unit":"ohms","value":-2120},"voc_slope":{"unit":"ohms","value":42.3},"efficiency":{"unit":"%","value":13.9},"monitor_cell_reading":{"unit":"mV","value":0},"monitor_cell_calibration_value":{"unit":"mV","value":0},"test_device_area":{"unit":"cm2","value":0.125},"num_of_series_connected_stacks":{"unit":"","value":1},"meter_integration":{"unit":"NPLC","value":0.01},"source_irradiance":{"unit":"mW\/cm2","value":100},"voltage_settling_time":{"unit":"ms","value":100},"sweep_direction":{"unit":"","value":"Forward"},"irradiance_variation_correction":{"unit":"","value":"None"},"device_id":{"unit":"","value":"LIF-15-2-3-F"},"cell_dimension":{"unit":"cm2","value":0.125},"key":"Forward_IV LIF-15-2-3"},{"V":{"value":[-0.1,-0.087,-0.074,-0.061,-0.047,-0.034,-0.021,-0.008,0.005,0.018,0.031,0.044,0.058,0.071,0.084,0.097,0.11,0.123,0.136,0.149,0.163,0.176,0.189,0.202,0.215,0.228,0.241,0.255,0.268,0.281,0.294,0.307,0.32,0.333,0.346,0.36,0.373,0.386,0.399,0.412,0.425,0.438,0.452,0.465,0.478,0.491,0.504,0.517,0.53,0.543,0.557,0.57,0.583,0.596,0.609,0.622,0.635,0.648,0.662,0.675,0.688,0.701,0.714,0.727,0.74,0.754,0.767,0.78,0.793,0.806,0.819,0.832,0.845,0.859,0.872,0.885,0.898,0.911,0.924,0.937,0.951,0.964,0.977,0.99,1.003,1.016,1.029,1.042,1.056,1.069,1.082,1.095,1.108,1.121,1.134,1.147,1.161,1.174,1.187,1.2],"unit":"V"},"I":{"value":[0.0027271,0.0027143,0.0027085,0.0026991,0.002693,0.0026804,0.0026828,0.0026774,0.0026739,0.0026762,0.0026745,0.0026717,0.002666,0.0026661,0.0026686,0.002663,0.0026693,0.0026678,0.0026648,0.0026698,0.0026638,0.0026615,0.0026638,0.0026591,0.0026621,0.0026604,0.002658,0.0026583,0.0026604,0.002652,0.0026597,0.002648,0.0026573,0.0026531,0.0026523,0.0026547,0.0026522,0.0026461,0.0026483,0.0026417,0.002639,0.0026389,0.0026385,0.0026383,0.0026317,0.0026322,0.0026243,0.0026253,0.0026234,0.0026227,0.002617,0.0026107,0.0026036,0.0025984,0.0025927,0.0025809,0.0025783,0.0025659,0.0025478,0.0025361,0.0025244,0.0024936,0.0024789,0.0024561,0.0024202,0.0023829,0.0023402,0.0022984,0.0022514,0.0021927,0.0021383,0.0020688,0.001992,0.0019062,0.0018167,0.0017212,0.0016195,0.0015153,0.0013983,0.0012765,0.0011369,0.0010072,0.00086954,0.00072305,0.0005733,0.00042069,0.00026435,0.00010235,-7.0404e-5,-0.00027671,-0.00048219,-0.00068927,-0.00090018,-0.0011148,-0.001334,-0.001558,-0.0017975,-0.0020195,-0.0022557,-0.0024818],"unit":"A"},"J":{"value":[0.0003408875,0.0003392875,0.0003385625,0.0003373875,0.000336625,0.00033505,0.00033535,0.000334675,0.0003342375,0.000334525,0.0003343125,0.0003339625,0.00033325,0.0003332625,0.000333575,0.000332875,0.0003336625,0.000333475,0.0003331,0.000333725,0.000332975,0.0003326875,0.000332975,0.0003323875,0.0003327625,0.00033255,0.00033225,0.0003322875,0.00033255,0.0003315,0.0003324625,0.000331,0.0003321625,0.0003316375,0.0003315375,0.0003318375,0.000331525,0.0003307625,0.0003310375,0.0003302125,0.000329875,0.0003298625,0.0003298125,0.0003297875,0.0003289625,0.000329025,0.0003280375,0.0003281625,0.000327925,0.0003278375,0.000327125,0.0003263375,0.00032545,0.0003248,0.0003240875,0.0003226125,0.0003222875,0.0003207375,0.000318475,0.0003170125,0.00031555,0.0003117,0.0003098625,0.0003070125,0.000302525,0.0002978625,0.000292525,0.0002873,0.000281425,0.0002740875,0.0002672875,0.0002586,0.000249,0.000238275,0.0002270875,0.00021515,0.0002024375,0.0001894125,0.0001747875,0.0001595625,0.0001421125,0.0001259,0.0001086925,9.038125e-5,7.16625e-5,5.258625e-5,3.304375e-5,1.279375e-5,-8.8005e-6,-3.458875e-5,-6.027375e-5,-8.615875e-5,-0.0001125225,-0.00013935,-0.00016675,-0.00019475,-0.0002246875,-0.0002524375,-0.0002819625,-0.000310225],"unit":"A\/cm2"},"voc":{"unit":"V","value":1.0503},"isc":{"unit":"A","value":0.0026753},"jsc":{"unit":"mA\/cm2","value":21.402},"fill_factor":{"unit":"%","value":63.94},"pmax":{"unit":"mW","value":1.797},"vmax":{"unit":"V","value":0.754},"imax":{"unit":"mA","value":2.383},"rshunt":{"unit":"ohms","value":3680},"voc_slope":{"unit":"ohms","value":73.2},"efficiency":{"unit":"%","value":14.37},"monitor_cell_reading":{"unit":"mV","value":0},"monitor_cell_calibration_value":{"unit":"mV","value":0},"test_device_area":{"unit":"cm2","value":0.125},"num_of_series_connected_stacks":{"unit":"","value":1},"meter_integration":{"unit":"NPLC","value":0.01},"source_irradiance":{"unit":"mW\/cm2","value":100},"voltage_settling_time":{"unit":"ms","value":100},"sweep_direction":{"unit":"","value":"Forward"},"irradiance_variation_correction":{"unit":"","value":"None"},"device_id":{"unit":"","value":"LIF-15-1-3-F"},"cell_dimension":{"unit":"cm2","value":0.125},"key":"Forward_IV LIF-15-1-3"}]}}