{"_id":"66e4fe783da0986e6a18f593","id":"SKKU-SC-00487","author":94,"group":11,"input":[{"tco":{"unit":"","value":"ITO"}},{"surface_treatment":{"unit":"","value":"O-Plasma"}},{"htl":[{"material":{"unit":"","value":"2PACz"},"concentration":{"unit":"","value":"0.3"},"conc_unit":{"unit":"","value":"mg\/ml"},"quantity":{"unit":"ml","value":"0.2"}}],"spin_coating":[{"type":{"unit":"","value":"Static (loading)"},"rpm":{"unit":"","value":"3000"},"time":{"unit":"s","value":"30"}}],"annealing":[{"temperature":{"unit":"oC","value":"100"},"time":{"unit":"m","value":"10"}}],"condition":{"unit":"","value":"glove-box(N2)"}},{"condition":{"unit":"","value":"glove-box(N2)"},"perovskite":{"method":{"unit":"","value":"1step"},"molarity":{"unit":"M","value":"1.3M"},"a_site":[{"material":{"unit":"","value":"FA"},"ratio":{"unit":"%","value":"91"}},{"material":{"unit":"","value":"Cs"},"ratio":{"unit":"%","value":"9"}}],"b_site":[{"material":{"unit":"","value":"Pb"},"ratio":{"unit":"%","value":"100"}}],"x_site":[{"material":{"unit":"","value":"I"},"ratio":{"unit":"%","value":"76.666666666666666666666666666667"}},{"material":{"unit":"","value":"Br"},"ratio":{"unit":"%","value":"23.333333333333333333333333333333"}}],"solvent":[{"material":{"unit":"","value":"DMF"},"volume":{"unit":"ml","value":"4"}},{"material":{"unit":"","value":"DMSO"},"volume":{"unit":"ml","value":"1"}}],"antisolvent":[{"material":{"unit":"","value":"CB"},"quantity":{"unit":"ul","value":"300"},"dripping_time":{"unit":"s","value":"5"}}],"annealing":[{"temperature":{"unit":"oC","value":"100"},"time":{"unit":"m","value":"10"}}],"spin_coating":[{"type":{"unit":"","value":"Static (loading)"},"rpm":{"unit":"","value":"1000"},"time":{"unit":"s","value":"10"}},{"type":{"unit":"","value":"Static (loading)"},"rpm":{"unit":"","value":"5000"},"time":{"unit":"s","value":"30"}}],"atmosphere":[{"type":{"unit":"","value":"glove-box(N2)"},"temperature":{"unit":"oC","value":"23"},"humidity":{"unit":"RH%","value":"0"}}]}},{"perovskite_treatment":[{"material":{"unit":"","value":"DAI"},"concentration":{"unit":"","value":"1"},"conc_unit":{"unit":"","value":"mg\/ml"},"quantity":{"unit":"ml","value":"65"}},{"material":{"unit":"","value":"MAI"},"concentration":{"unit":"","value":"0.1"},"conc_unit":{"unit":"","value":"mg\/ml"},"quantity":{"unit":"ml","value":"65"}}],"spin_coating":[{"type":{"unit":"","value":"Dynamic"},"rpm":{"unit":"","value":"5000"},"time":{"unit":"s","value":"34"}}],"solvent":[{"material":{"unit":"","value":"DMF"},"volume":{"unit":"ml","value":"0.005"}},{"material":{"unit":"","value":"IPA"},"volume":{"unit":"ml","value":"1"}}],"annealing":[{"temperature":{"unit":"oC","value":"100"},"time":{"unit":"m","value":"5"}}]},{"etl":[{"material":{"unit":"","value":"C60"},"concentration":{"unit":"","value":"None"},"conc_unit":{"unit":"","value":"None"},"quantity":{"unit":"ml","value":"None"}}],"thermal_evaporation":[{"vacuum_evaporation_thickness":{"unit":"nm","value":"25"},"evaporation_rate":{"unit":"\u00c5\/s","value":"0.2"},"vacuum_pressure":{"unit":"uTorr","value":"2"}}]},{"blocking_buffer_layer":[{"material":{"unit":"","value":"BCP"},"concentration":{"unit":"","value":"None"},"conc_unit":{"unit":"","value":"mg\/ml"},"quantity":{"unit":"ml","value":"None"}}],"thermal_evaporation":[{"vacuum_evaporation_thickness":{"unit":"nm","value":"8"},"evaporation_rate":{"unit":"\u00c5\/s","value":"0.2"},"vacuum_pressure":{"unit":"uTorr","value":"2"}}]},{"anode_metal":{"unit":"","value":"Ag"}},{"type":{"unit":"","value":"unit_cell"},"temperature":{"unit":"\u2103","value":"20"},"device_type":{"unit":"","value":"p-i-n"},"humidity":{"unit":"%","value":"20"},"cell_dimension":{"unit":"cm2","value":"0.09"}},{"note":{"unit":"","value":"quasi-2d passivation material test"}}],"fileinfo":[{"key":"Reverse_IV DAI-2-4","uploadType":"JV","original_name":"IV DAI-2-4-R.txt","save_name":"SKKU-SC-00487\/Reverse_IV DAI-2-4","uploader":94,"fileType":""},{"key":"Forward_IV DAI-1-1","uploadType":"JV","original_name":"IV DAI-1-1-F.txt","save_name":"SKKU-SC-00487\/Forward_IV DAI-1-1","uploader":94,"fileType":""},{"key":"Reverse_IV DAi-1-1","uploadType":"JV","original_name":"IV DAi-1-1-R.txt","save_name":"SKKU-SC-00487\/Reverse_IV DAi-1-1","uploader":94,"fileType":""},{"key":"Forward_IV DAI-1-2","uploadType":"JV","original_name":"IV DAI-1-2-F.txt","save_name":"SKKU-SC-00487\/Forward_IV DAI-1-2","uploader":94,"fileType":""},{"key":"Reverse_IV DAI-1-2","uploadType":"JV","original_name":"IV DAI-1-2-R.txt","save_name":"SKKU-SC-00487\/Reverse_IV DAI-1-2","uploader":94,"fileType":""},{"key":"Forward_IV DAI-1-3","uploadType":"JV","original_name":"IV DAI-1-3-F.txt","save_name":"SKKU-SC-00487\/Forward_IV DAI-1-3","uploader":94,"fileType":""},{"key":"Reverse_IV DAI-1-3","uploadType":"JV","original_name":"IV DAI-1-3-R.txt","save_name":"SKKU-SC-00487\/Reverse_IV DAI-1-3","uploader":94,"fileType":""},{"key":"Forward_IV DAI-2-3","uploadType":"JV","original_name":"IV DAI-2-3-F.txt","save_name":"SKKU-SC-00487\/Forward_IV DAI-2-3","uploader":94,"fileType":""},{"key":"Reverse_IV DAI-2-3","uploadType":"JV","original_name":"IV DAI-2-3-R.txt","save_name":"SKKU-SC-00487\/Reverse_IV DAI-2-3","uploader":94,"fileType":""},{"key":"Forward_IV DAI-2-4","uploadType":"JV","original_name":"IV DAI-2-4-F.txt","save_name":"SKKU-SC-00487\/Forward_IV DAI-2-4","uploader":94,"fileType":""},{"key":"WHJM3","uploadType":"UVVIS","original_name":"DA.txt","save_name":"SKKU-SC-00487\/WHJM3","uploader":94,"fileType":""}],"jvcnt":10,"analysisInfo":{"JV":[{"efficiency":19.478411,"fill_factor":82.218821,"jsc":20.03605,"voc":1.182416,"key":"Reverse_IV DAi-1-1","cell_dimension":0.09},{"efficiency":19.389334,"fill_factor":80.97103,"jsc":20.213836,"voc":1.184635,"key":"Reverse_IV DAI-2-4","cell_dimension":0.09},{"efficiency":19.336876,"fill_factor":80.57381,"jsc":20.407473,"voc":1.175989,"key":"Reverse_IV DAI-2-3","cell_dimension":0.09},{"efficiency":19.267957,"fill_factor":80.536465,"jsc":20.269135,"voc":1.180342,"key":"Reverse_IV DAI-1-3","cell_dimension":0.09},{"efficiency":19.7618,"fill_factor":82.946643,"jsc":20.076312,"voc":1.186708,"key":"Reverse_IV DAI-1-2","cell_dimension":0.09},{"efficiency":19.318758,"fill_factor":81.602164,"jsc":20.196298,"voc":1.172211,"key":"Forward_IV DAI-2-4","cell_dimension":0.09},{"efficiency":18.697646,"fill_factor":79.58602,"jsc":20.432807,"voc":1.1498,"key":"Forward_IV DAI-2-3","cell_dimension":0.09},{"efficiency":18.708927,"fill_factor":79.753103,"jsc":20.265517,"voc":1.15756,"key":"Forward_IV DAI-1-3","cell_dimension":0.09},{"efficiency":19.501433,"fill_factor":82.609239,"jsc":20.058016,"voc":1.176928,"key":"Forward_IV DAI-1-2","cell_dimension":0.09},{"efficiency":17.659396,"fill_factor":79.027258,"jsc":19.969697,"voc":1.118993,"key":"Forward_IV DAI-1-1","cell_dimension":0.09}],"UVVIS":[{"key":"WHJM3"}]},"tags":[],"updated_at":"2024-10-24 09:04:04","created_at":"2024-09-14 03:09:44","public":2,"analysis":{"JV":[{"V":{"value":[1.22,1.2068,1.1936,1.1804,1.1672,1.154,1.1408,1.1276,1.1144,1.1012,1.088,1.0748,1.0616,1.0484,1.0352,1.022,1.0088,0.9956,0.9824,0.9692,0.956,0.9428,0.9296,0.9164,0.9032,0.89,0.8768,0.8636,0.8504,0.8372,0.824,0.8108,0.7976,0.7844,0.7712,0.758,0.7448,0.7316,0.7184,0.7052,0.692,0.6788,0.6656,0.6524,0.6392,0.626,0.6128,0.5996,0.5864,0.5732,0.56,0.5468,0.5336,0.5204,0.5072,0.494,0.4808,0.4676,0.4544,0.4412,0.428,0.4148,0.4016,0.3884,0.3752,0.362,0.3488,0.3356,0.3224,0.3092,0.296,0.2828,0.2696,0.2564,0.2432,0.23,0.2168,0.2036,0.1904,0.1772,0.164,0.1508,0.1376,0.1244,0.1112,0.098,0.0848,0.0716,0.0584,0.0452,0.032,0.0188,0.0056,-0.0076,-0.0208,-0.034,-0.0472,-0.0604,-0.0736,-0.0868],"unit":"V"},"I":{"value":[-0.00196,-0.001296,-0.000727,-0.000229,0.000191,0.00054,0.000828,0.001049,0.001237,0.001378,0.001486,0.001565,0.001621,0.001664,0.001693,0.001715,0.001731,0.001741,0.001749,0.001753,0.001759,0.001765,0.001766,0.001769,0.001773,0.001775,0.001778,0.001777,0.00178,0.00178,0.001781,0.00178,0.001783,0.001784,0.001785,0.001786,0.001787,0.001787,0.001788,0.001789,0.001788,0.001791,0.001791,0.001792,0.001791,0.001794,0.001793,0.001794,0.001794,0.001793,0.001794,0.001795,0.001794,0.001796,0.001795,0.001796,0.001794,0.001796,0.001796,0.001798,0.001796,0.001798,0.001797,0.001797,0.001797,0.001798,0.001798,0.001798,0.001798,0.001798,0.001797,0.001798,0.001797,0.001797,0.001797,0.001798,0.001798,0.001802,0.0018,0.0018,0.0018,0.001801,0.001806,0.001806,0.001805,0.001807,0.001806,0.001804,0.001803,0.001803,0.001804,0.001803,0.001803,0.001803,0.001802,0.001802,0.001803,0.001803,0.001803,0.001805],"unit":"A"},"J":{"value":[-0.00017639999999999998,-0.00011664,-6.543e-5,-2.061e-5,1.719e-5,4.8599999999999995e-5,7.452e-5,9.441e-5,0.00011132999999999999,0.00012402,0.00013373999999999998,0.00014084999999999998,0.00014589,0.00014975999999999998,0.00015237,0.00015434999999999998,0.00015579,0.00015669,0.00015741,0.00015777,0.00015831,0.00015885,0.00015894,0.00015921,0.00015957,0.00015975,0.00016002,0.00015993,0.0001602,0.0001602,0.00016029,0.0001602,0.00016047000000000001,0.00016056,0.00016064999999999997,0.00016074,0.00016083,0.00016083,0.00016092,0.00016101,0.00016092,0.00016119,0.00016119,0.00016128,0.00016119,0.00016146,0.00016137,0.00016146,0.00016146,0.00016137,0.00016146,0.00016155,0.00016146,0.00016164,0.00016155,0.00016164,0.00016146,0.00016164,0.00016164,0.00016182,0.00016164,0.00016182,0.00016172999999999998,0.00016172999999999998,0.00016172999999999998,0.00016182,0.00016182,0.00016182,0.00016182,0.00016182,0.00016172999999999998,0.00016182,0.00016172999999999998,0.00016172999999999998,0.00016172999999999998,0.00016182,0.00016182,0.00016218,0.00016199999999999998,0.00016199999999999998,0.00016199999999999998,0.00016209,0.00016254,0.00016254,0.00016245,0.00016263,0.00016254,0.00016236,0.00016226999999999998,0.00016226999999999998,0.00016236,0.00016226999999999998,0.00016226999999999998,0.00016226999999999998,0.00016218,0.00016218,0.00016226999999999998,0.00016226999999999998,0.00016226999999999998,0.00016245],"unit":"A\/cm2"},"voc":{"unit":"V","value":1.182416},"isc":{"unit":"A","value":1.803244},"jsc":{"unit":"mA\/cm2","value":20.03605},"fill_factor":{"unit":"%","value":82.218821},"vmax":{"unit":"V","value":1.022},"efficiency":{"unit":"%","value":19.478411},"monitor_cell_reading":{"unit":"mV","value":0},"monitor_cell_calibration_value":{"unit":"mV","value":0},"test_device_area":{"unit":"cm2","value":0.09},"num_of_series_connected_stacks":{"unit":"","value":1},"sweep_direction":{"unit":"","value":"Reverse"},"device_id":{"unit":"","value":"DAi-1-1-R"},"cell_dimension":{"unit":"cm2","value":0.09},"key":"Reverse_IV DAi-1-1"},{"V":{"value":[1.22,1.2068,1.1936,1.1804,1.1672,1.154,1.1408,1.1276,1.1144,1.1012,1.088,1.0748,1.0616,1.0484,1.0352,1.022,1.0088,0.9956,0.9824,0.9692,0.956,0.9428,0.9296,0.9164,0.9032,0.89,0.8768,0.8636,0.8504,0.8372,0.824,0.8108,0.7976,0.7844,0.7712,0.758,0.7448,0.7316,0.7184,0.7052,0.692,0.6788,0.6656,0.6524,0.6392,0.626,0.6128,0.5996,0.5864,0.5732,0.56,0.5468,0.5336,0.5204,0.5072,0.494,0.4808,0.4676,0.4544,0.4412,0.428,0.4148,0.4016,0.3884,0.3752,0.362,0.3488,0.3356,0.3224,0.3092,0.296,0.2828,0.2696,0.2564,0.2432,0.23,0.2168,0.2036,0.1904,0.1772,0.164,0.1508,0.1376,0.1244,0.1112,0.098,0.0848,0.0716,0.0584,0.0452,0.032,0.0188,0.0056,-0.0076,-0.0208,-0.034,-0.0472,-0.0604,-0.0736,-0.0868],"unit":"V"},"I":{"value":[-0.002186,-0.001437,-0.000789,-0.000234,0.000223,0.000594,0.000888,0.001111,0.001284,0.001411,0.001505,0.001577,0.001624,0.001662,0.001686,0.001705,0.001721,0.001732,0.001741,0.00175,0.001755,0.00176,0.001764,0.001765,0.00177,0.001773,0.001775,0.001778,0.001779,0.00178,0.001781,0.001784,0.001785,0.001788,0.001792,0.001791,0.001793,0.001794,0.001795,0.001794,0.001797,0.001798,0.0018,0.001801,0.001801,0.0018,0.001802,0.001803,0.001801,0.001805,0.001805,0.001806,0.001807,0.001807,0.001808,0.001807,0.001805,0.001807,0.001807,0.001809,0.00181,0.001811,0.001812,0.001811,0.001813,0.001811,0.001811,0.001812,0.001813,0.001813,0.001814,0.001813,0.001814,0.001813,0.001813,0.001814,0.001815,0.001815,0.001817,0.001814,0.001814,0.001816,0.001817,0.001817,0.001817,0.001819,0.001818,0.001818,0.001818,0.001817,0.001819,0.001818,0.001819,0.001817,0.001819,0.00182,0.001819,0.001819,0.001818,0.00182],"unit":"A"},"J":{"value":[-0.00019674,-0.00012932999999999998,-7.101e-5,-2.1059999999999998e-5,2.007e-5,5.346e-5,7.992e-5,9.999e-5,0.00011556,0.00012699,0.00013544999999999999,0.00014193,0.00014616,0.00014958,0.00015174,0.00015345,0.00015489,0.00015588,0.00015669,0.0001575,0.00015795,0.0001584,0.00015875999999999998,0.00015885,0.0001593,0.00015957,0.00015975,0.00016002,0.00016010999999999998,0.0001602,0.00016029,0.00016056,0.00016064999999999997,0.00016092,0.00016128,0.00016119,0.00016137,0.00016146,0.00016155,0.00016146,0.00016172999999999998,0.00016182,0.00016199999999999998,0.00016209,0.00016209,0.00016199999999999998,0.00016218,0.00016226999999999998,0.00016209,0.00016245,0.00016245,0.00016254,0.00016263,0.00016263,0.00016272,0.00016263,0.00016245,0.00016263,0.00016263,0.00016281,0.0001629,0.00016298999999999998,0.00016308,0.00016298999999999998,0.00016317,0.00016298999999999998,0.00016298999999999998,0.00016308,0.00016317,0.00016317,0.00016326,0.00016317,0.00016326,0.00016317,0.00016317,0.00016326,0.00016334999999999999,0.00016334999999999999,0.00016353,0.00016326,0.00016326,0.00016344,0.00016353,0.00016353,0.00016353,0.00016371,0.00016361999999999998,0.00016361999999999998,0.00016361999999999998,0.00016353,0.00016371,0.00016361999999999998,0.00016371,0.00016353,0.00016371,0.0001638,0.00016371,0.00016371,0.00016361999999999998,0.0001638],"unit":"A\/cm2"},"voc":{"unit":"V","value":1.184635},"isc":{"unit":"A","value":1.819245},"jsc":{"unit":"mA\/cm2","value":20.213836},"fill_factor":{"unit":"%","value":80.97103},"vmax":{"unit":"V","value":1.0352},"efficiency":{"unit":"%","value":19.389334},"monitor_cell_reading":{"unit":"mV","value":0},"monitor_cell_calibration_value":{"unit":"mV","value":0},"test_device_area":{"unit":"cm2","value":0.09},"num_of_series_connected_stacks":{"unit":"","value":1},"sweep_direction":{"unit":"","value":"Reverse"},"device_id":{"unit":"","value":"DAI-2-4-R"},"cell_dimension":{"unit":"cm2","value":0.09},"key":"Reverse_IV DAI-2-4"},{"V":{"value":[1.22,1.2068,1.1936,1.1804,1.1672,1.154,1.1408,1.1276,1.1144,1.1012,1.088,1.0748,1.0616,1.0484,1.0352,1.022,1.0088,0.9956,0.9824,0.9692,0.956,0.9428,0.9296,0.9164,0.9032,0.89,0.8768,0.8636,0.8504,0.8372,0.824,0.8108,0.7976,0.7844,0.7712,0.758,0.7448,0.7316,0.7184,0.7052,0.692,0.6788,0.6656,0.6524,0.6392,0.626,0.6128,0.5996,0.5864,0.5732,0.56,0.5468,0.5336,0.5204,0.5072,0.494,0.4808,0.4676,0.4544,0.4412,0.428,0.4148,0.4016,0.3884,0.3752,0.362,0.3488,0.3356,0.3224,0.3092,0.296,0.2828,0.2696,0.2564,0.2432,0.23,0.2168,0.2036,0.1904,0.1772,0.164,0.1508,0.1376,0.1244,0.1112,0.098,0.0848,0.0716,0.0584,0.0452,0.032,0.0188,0.0056,-0.0076,-0.0208,-0.034,-0.0472,-0.0604,-0.0736,-0.0868],"unit":"V"},"I":{"value":[-0.002342,-0.001582,-0.00093,-0.000388,7.2e-5,0.000453,0.000762,0.001006,0.001186,0.001338,0.001451,0.001536,0.001596,0.001643,0.001678,0.001703,0.00172,0.001734,0.001743,0.001751,0.001757,0.001762,0.001766,0.001771,0.001774,0.001777,0.001781,0.001785,0.001785,0.001789,0.001791,0.001795,0.001795,0.001796,0.001799,0.0018,0.0018,0.001803,0.001803,0.001806,0.001805,0.001806,0.001807,0.00181,0.001811,0.00181,0.001811,0.001813,0.001813,0.001818,0.001817,0.001817,0.001819,0.001819,0.001821,0.00182,0.001819,0.00182,0.001823,0.001823,0.001824,0.001826,0.001826,0.001826,0.001827,0.001827,0.001827,0.001827,0.001828,0.001826,0.00183,0.001829,0.001831,0.001831,0.001831,0.001832,0.001834,0.001835,0.001834,0.001834,0.001832,0.001833,0.001833,0.001835,0.001834,0.001834,0.001833,0.001836,0.001836,0.001837,0.001838,0.001838,0.001837,0.001836,0.001836,0.001837,0.001836,0.001839,0.001839,0.001839],"unit":"A"},"J":{"value":[-0.00021077999999999998,-0.00014238,-8.37e-5,-3.492e-5,6.48e-6,4.077e-5,6.858e-5,9.054e-5,0.00010674,0.00012041999999999999,0.00013059,0.00013824,0.00014364,0.00014786999999999998,0.00015102,0.00015327,0.0001548,0.00015606,0.00015686999999999998,0.00015759,0.00015813,0.00015858,0.00015894,0.00015939,0.00015966,0.00015993,0.00016029,0.00016064999999999997,0.00016064999999999997,0.00016101,0.00016119,0.00016155,0.00016155,0.00016164,0.00016191,0.00016199999999999998,0.00016199999999999998,0.00016226999999999998,0.00016226999999999998,0.00016254,0.00016245,0.00016254,0.00016263,0.0001629,0.00016298999999999998,0.0001629,0.00016298999999999998,0.00016317,0.00016317,0.00016361999999999998,0.00016353,0.00016353,0.00016371,0.00016371,0.00016388999999999998,0.0001638,0.00016371,0.0001638,0.00016407,0.00016407,0.00016416,0.00016434,0.00016434,0.00016434,0.00016443,0.00016443,0.00016443,0.00016443,0.00016452,0.00016434,0.0001647,0.00016460999999999998,0.00016479,0.00016479,0.00016479,0.00016488,0.00016506,0.00016515,0.00016506,0.00016506,0.00016488,0.00016497,0.00016497,0.00016515,0.00016506,0.00016506,0.00016497,0.00016523999999999998,0.00016523999999999998,0.00016533,0.00016542,0.00016542,0.00016533,0.00016523999999999998,0.00016523999999999998,0.00016533,0.00016523999999999998,0.00016550999999999998,0.00016550999999999998,0.00016550999999999998],"unit":"A\/cm2"},"voc":{"unit":"V","value":1.175989},"isc":{"unit":"A","value":1.836673},"jsc":{"unit":"mA\/cm2","value":20.407473},"fill_factor":{"unit":"%","value":80.57381},"vmax":{"unit":"V","value":1.022},"efficiency":{"unit":"%","value":19.336876},"monitor_cell_reading":{"unit":"mV","value":0},"monitor_cell_calibration_value":{"unit":"mV","value":0},"test_device_area":{"unit":"cm2","value":0.09},"num_of_series_connected_stacks":{"unit":"","value":1},"sweep_direction":{"unit":"","value":"Reverse"},"device_id":{"unit":"","value":"DAI-2-3-R"},"cell_dimension":{"unit":"cm2","value":0.09},"key":"Reverse_IV DAI-2-3"},{"V":{"value":[1.22,1.2068,1.1936,1.1804,1.1672,1.154,1.1408,1.1276,1.1144,1.1012,1.088,1.0748,1.0616,1.0484,1.0352,1.022,1.0088,0.9956,0.9824,0.9692,0.956,0.9428,0.9296,0.9164,0.9032,0.89,0.8768,0.8636,0.8504,0.8372,0.824,0.8108,0.7976,0.7844,0.7712,0.758,0.7448,0.7316,0.7184,0.7052,0.692,0.6788,0.6656,0.6524,0.6392,0.626,0.6128,0.5996,0.5864,0.5732,0.56,0.5468,0.5336,0.5204,0.5072,0.494,0.4808,0.4676,0.4544,0.4412,0.428,0.4148,0.4016,0.3884,0.3752,0.362,0.3488,0.3356,0.3224,0.3092,0.296,0.2828,0.2696,0.2564,0.2432,0.23,0.2168,0.2036,0.1904,0.1772,0.164,0.1508,0.1376,0.1244,0.1112,0.098,0.0848,0.0716,0.0584,0.0452,0.032,0.0188,0.0056,-0.0076,-0.0208,-0.034,-0.0472,-0.0604,-0.0736,-0.0868],"unit":"V"},"I":{"value":[-0.0023,-0.001536,-0.000879,-0.000316,0.000148,0.000524,0.000826,0.001057,0.001237,0.001373,0.001473,0.001548,0.001604,0.001641,0.001673,0.001697,0.001712,0.001724,0.001734,0.001742,0.001747,0.001751,0.001756,0.001761,0.001765,0.001766,0.00177,0.001774,0.001775,0.001778,0.001779,0.001781,0.001783,0.001784,0.001787,0.001788,0.001787,0.00179,0.001791,0.001792,0.001793,0.001797,0.001797,0.001799,0.001799,0.001799,0.001801,0.0018,0.001802,0.001803,0.001802,0.001804,0.001805,0.001806,0.001808,0.001807,0.001808,0.00181,0.00181,0.001808,0.001809,0.001812,0.001811,0.001813,0.001812,0.001813,0.001815,0.001814,0.001813,0.001814,0.001813,0.001815,0.001815,0.001816,0.001816,0.001817,0.001818,0.001818,0.001816,0.00182,0.001819,0.00182,0.00182,0.001821,0.001822,0.001822,0.001823,0.001823,0.001823,0.001823,0.001825,0.001826,0.001824,0.001824,0.001824,0.001825,0.001825,0.001826,0.001826,0.001824],"unit":"A"},"J":{"value":[-0.000207,-0.00013824,-7.910999999999999e-5,-2.844e-5,1.332e-5,4.716e-5,7.434e-5,9.512999999999999e-5,0.00011132999999999999,0.00012357,0.00013256999999999999,0.00013932,0.00014435999999999998,0.00014769,0.00015057,0.00015272999999999998,0.00015408,0.00015516,0.00015606,0.00015678,0.00015723,0.00015759,0.00015804,0.00015848999999999998,0.00015885,0.00015894,0.0001593,0.00015966,0.00015975,0.00016002,0.00016010999999999998,0.00016029,0.00016047000000000001,0.00016056,0.00016083,0.00016092,0.00016083,0.00016109999999999999,0.00016119,0.00016128,0.00016137,0.00016172999999999998,0.00016172999999999998,0.00016191,0.00016191,0.00016191,0.00016209,0.00016199999999999998,0.00016218,0.00016226999999999998,0.00016218,0.00016236,0.00016245,0.00016254,0.00016272,0.00016263,0.00016272,0.0001629,0.0001629,0.00016272,0.00016281,0.00016308,0.00016298999999999998,0.00016317,0.00016308,0.00016317,0.00016334999999999999,0.00016326,0.00016317,0.00016326,0.00016317,0.00016334999999999999,0.00016334999999999999,0.00016344,0.00016344,0.00016353,0.00016361999999999998,0.00016361999999999998,0.00016344,0.0001638,0.00016371,0.0001638,0.0001638,0.00016388999999999998,0.00016397999999999999,0.00016397999999999999,0.00016407,0.00016407,0.00016407,0.00016407,0.00016425,0.00016434,0.00016416,0.00016416,0.00016416,0.00016425,0.00016425,0.00016434,0.00016434,0.00016416],"unit":"A\/cm2"},"voc":{"unit":"V","value":1.180342},"isc":{"unit":"A","value":1.824222},"jsc":{"unit":"mA\/cm2","value":20.269135},"fill_factor":{"unit":"%","value":80.536465},"vmax":{"unit":"V","value":1.022},"efficiency":{"unit":"%","value":19.267957},"monitor_cell_reading":{"unit":"mV","value":0},"monitor_cell_calibration_value":{"unit":"mV","value":0},"test_device_area":{"unit":"cm2","value":0.09},"num_of_series_connected_stacks":{"unit":"","value":1},"sweep_direction":{"unit":"","value":"Reverse"},"device_id":{"unit":"","value":"DAI-1-3-R"},"cell_dimension":{"unit":"cm2","value":0.09},"key":"Reverse_IV DAI-1-3"},{"V":{"value":[1.22,1.2068,1.1936,1.1804,1.1672,1.154,1.1408,1.1276,1.1144,1.1012,1.088,1.0748,1.0616,1.0484,1.0352,1.022,1.0088,0.9956,0.9824,0.9692,0.956,0.9428,0.9296,0.9164,0.9032,0.89,0.8768,0.8636,0.8504,0.8372,0.824,0.8108,0.7976,0.7844,0.7712,0.758,0.7448,0.7316,0.7184,0.7052,0.692,0.6788,0.6656,0.6524,0.6392,0.626,0.6128,0.5996,0.5864,0.5732,0.56,0.5468,0.5336,0.5204,0.5072,0.494,0.4808,0.4676,0.4544,0.4412,0.428,0.4148,0.4016,0.3884,0.3752,0.362,0.3488,0.3356,0.3224,0.3092,0.296,0.2828,0.2696,0.2564,0.2432,0.23,0.2168,0.2036,0.1904,0.1772,0.164,0.1508,0.1376,0.1244,0.1112,0.098,0.0848,0.0716,0.0584,0.0452,0.032,0.0188,0.0056,-0.0076,-0.0208,-0.034,-0.0472,-0.0604,-0.0736,-0.0868],"unit":"V"},"I":{"value":[-0.001734,-0.001051,-0.000471,2.1e-5,0.000428,0.000758,0.001017,0.001213,0.001366,0.001477,0.00156,0.001621,0.001664,0.001695,0.001718,0.001734,0.001745,0.001755,0.001761,0.001767,0.00177,0.001775,0.001777,0.001779,0.001782,0.001783,0.001783,0.001788,0.001787,0.001788,0.001788,0.001788,0.00179,0.00179,0.00179,0.001791,0.001794,0.001795,0.001793,0.001794,0.001794,0.001796,0.001795,0.001797,0.001797,0.001798,0.001798,0.001797,0.001798,0.001799,0.001801,0.0018,0.0018,0.001801,0.001801,0.0018,0.001801,0.001802,0.001799,0.001802,0.001801,0.001802,0.001803,0.001804,0.001803,0.001803,0.001804,0.001802,0.001804,0.001806,0.001805,0.001804,0.001803,0.001804,0.001805,0.001805,0.001805,0.001806,0.001806,0.001806,0.001806,0.001807,0.001804,0.001803,0.001806,0.001806,0.001805,0.001805,0.001808,0.001807,0.001807,0.001807,0.001807,0.001807,0.001808,0.001809,0.001809,0.00181,0.001811,0.001809],"unit":"A"},"J":{"value":[-0.00015606,-9.459e-5,-4.239e-5,1.89e-6,3.852e-5,6.822e-5,9.152999999999999e-5,0.00010917,0.00012293999999999999,0.00013293,0.0001404,0.00014589,0.00014975999999999998,0.00015255,0.00015461999999999998,0.00015606,0.00015705,0.00015795,0.00015848999999999998,0.00015902999999999997,0.0001593,0.00015975,0.00015993,0.00016010999999999998,0.00016037999999999998,0.00016047000000000001,0.00016047000000000001,0.00016092,0.00016083,0.00016092,0.00016092,0.00016092,0.00016109999999999999,0.00016109999999999999,0.00016109999999999999,0.00016119,0.00016146,0.00016155,0.00016137,0.00016146,0.00016146,0.00016164,0.00016155,0.00016172999999999998,0.00016172999999999998,0.00016182,0.00016182,0.00016172999999999998,0.00016182,0.00016191,0.00016209,0.00016199999999999998,0.00016199999999999998,0.00016209,0.00016209,0.00016199999999999998,0.00016209,0.00016218,0.00016191,0.00016218,0.00016209,0.00016218,0.00016226999999999998,0.00016236,0.00016226999999999998,0.00016226999999999998,0.00016236,0.00016218,0.00016236,0.00016254,0.00016245,0.00016236,0.00016226999999999998,0.00016236,0.00016245,0.00016245,0.00016245,0.00016254,0.00016254,0.00016254,0.00016254,0.00016263,0.00016236,0.00016226999999999998,0.00016254,0.00016254,0.00016245,0.00016245,0.00016272,0.00016263,0.00016263,0.00016263,0.00016263,0.00016263,0.00016272,0.00016281,0.00016281,0.0001629,0.00016298999999999998,0.00016281],"unit":"A\/cm2"},"voc":{"unit":"V","value":1.186708},"isc":{"unit":"A","value":1.806868},"jsc":{"unit":"mA\/cm2","value":20.076312},"fill_factor":{"unit":"%","value":82.946643},"vmax":{"unit":"V","value":1.0352},"efficiency":{"unit":"%","value":19.7618},"monitor_cell_reading":{"unit":"mV","value":0},"monitor_cell_calibration_value":{"unit":"mV","value":0},"test_device_area":{"unit":"cm2","value":0.09},"num_of_series_connected_stacks":{"unit":"","value":1},"sweep_direction":{"unit":"","value":"Reverse"},"device_id":{"unit":"","value":"DAI-1-2-R"},"cell_dimension":{"unit":"cm2","value":0.09},"key":"Reverse_IV DAI-1-2"},{"V":{"value":[-0.1,-0.0868,-0.0736,-0.0604,-0.0472,-0.034,-0.0208,-0.0076,0.0056,0.0188,0.032,0.0452,0.0584,0.0716,0.0848,0.098,0.1112,0.1244,0.1376,0.1508,0.164,0.1772,0.1904,0.2036,0.2168,0.23,0.2432,0.2564,0.2696,0.2828,0.296,0.3092,0.3224,0.3356,0.3488,0.362,0.3752,0.3884,0.4016,0.4148,0.428,0.4412,0.4544,0.4676,0.4808,0.494,0.5072,0.5204,0.5336,0.5468,0.56,0.5732,0.5864,0.5996,0.6128,0.626,0.6392,0.6524,0.6656,0.6788,0.692,0.7052,0.7184,0.7316,0.7448,0.758,0.7712,0.7844,0.7976,0.8108,0.824,0.8372,0.8504,0.8636,0.8768,0.89,0.9032,0.9164,0.9296,0.9428,0.956,0.9692,0.9824,0.9956,1.0088,1.022,1.0352,1.0484,1.0616,1.0748,1.088,1.1012,1.1144,1.1276,1.1408,1.154,1.1672,1.1804,1.1936,1.2068],"unit":"V"},"I":{"value":[0.001823,0.001822,0.001822,0.001827,0.001823,0.001821,0.00182,0.00182,0.001818,0.001818,0.001816,0.001817,0.001819,0.001817,0.001817,0.001816,0.001815,0.001814,0.001814,0.001812,0.001814,0.001813,0.001813,0.001814,0.001813,0.001811,0.001811,0.001811,0.001812,0.001813,0.001813,0.001813,0.001813,0.001812,0.001812,0.001813,0.001812,0.001814,0.001813,0.001813,0.001811,0.001809,0.001809,0.001811,0.001809,0.001809,0.001807,0.00181,0.001808,0.001807,0.001807,0.001806,0.001805,0.001804,0.001806,0.001804,0.001805,0.001804,0.001803,0.001804,0.001801,0.001799,0.001799,0.001799,0.001798,0.001799,0.001797,0.001796,0.001795,0.001793,0.001794,0.001792,0.001792,0.00179,0.001788,0.001787,0.001782,0.001781,0.001777,0.001771,0.001767,0.00176,0.001752,0.001739,0.001724,0.001701,0.001672,0.001632,0.001582,0.001512,0.001379,0.001281,0.001139,0.000965,0.000734,0.000443,0.000103,-0.000303,-0.00078,-0.001273],"unit":"A"},"J":{"value":[0.00016407,0.00016397999999999999,0.00016397999999999999,0.00016443,0.00016407,0.00016388999999999998,0.0001638,0.0001638,0.00016361999999999998,0.00016361999999999998,0.00016344,0.00016353,0.00016371,0.00016353,0.00016353,0.00016344,0.00016334999999999999,0.00016326,0.00016326,0.00016308,0.00016326,0.00016317,0.00016317,0.00016326,0.00016317,0.00016298999999999998,0.00016298999999999998,0.00016298999999999998,0.00016308,0.00016317,0.00016317,0.00016317,0.00016317,0.00016308,0.00016308,0.00016317,0.00016308,0.00016326,0.00016317,0.00016317,0.00016298999999999998,0.00016281,0.00016281,0.00016298999999999998,0.00016281,0.00016281,0.00016263,0.0001629,0.00016272,0.00016263,0.00016263,0.00016254,0.00016245,0.00016236,0.00016254,0.00016236,0.00016245,0.00016236,0.00016226999999999998,0.00016236,0.00016209,0.00016191,0.00016191,0.00016191,0.00016182,0.00016191,0.00016172999999999998,0.00016164,0.00016155,0.00016137,0.00016146,0.00016128,0.00016128,0.00016109999999999999,0.00016092,0.00016083,0.00016037999999999998,0.00016029,0.00015993,0.00015939,0.00015902999999999997,0.0001584,0.00015768,0.00015651,0.00015516,0.00015308999999999999,0.00015048,0.00014688,0.00014238,0.00013608,0.00012411,0.00011529,0.00010251,8.685e-5,6.605999999999999e-5,3.9869999999999996e-5,9.27e-6,-2.7269999999999998e-5,-7.02e-5,-0.00011457],"unit":"A\/cm2"},"voc":{"unit":"V","value":1.172211},"isc":{"unit":"A","value":1.817667},"jsc":{"unit":"mA\/cm2","value":20.196298},"fill_factor":{"unit":"%","value":81.602164},"vmax":{"unit":"V","value":1.0088},"efficiency":{"unit":"%","value":19.318758},"monitor_cell_reading":{"unit":"mV","value":0},"monitor_cell_calibration_value":{"unit":"mV","value":0},"test_device_area":{"unit":"cm2","value":0.09},"num_of_series_connected_stacks":{"unit":"","value":1},"sweep_direction":{"unit":"","value":"Forward"},"device_id":{"unit":"","value":"DAI-2-4-F"},"cell_dimension":{"unit":"cm2","value":0.09},"key":"Forward_IV DAI-2-4"},{"V":{"value":[-0.1,-0.0868,-0.0736,-0.0604,-0.0472,-0.034,-0.0208,-0.0076,0.0056,0.0188,0.032,0.0452,0.0584,0.0716,0.0848,0.098,0.1112,0.1244,0.1376,0.1508,0.164,0.1772,0.1904,0.2036,0.2168,0.23,0.2432,0.2564,0.2696,0.2828,0.296,0.3092,0.3224,0.3356,0.3488,0.362,0.3752,0.3884,0.4016,0.4148,0.428,0.4412,0.4544,0.4676,0.4808,0.494,0.5072,0.5204,0.5336,0.5468,0.56,0.5732,0.5864,0.5996,0.6128,0.626,0.6392,0.6524,0.6656,0.6788,0.692,0.7052,0.7184,0.7316,0.7448,0.758,0.7712,0.7844,0.7976,0.8108,0.824,0.8372,0.8504,0.8636,0.8768,0.89,0.9032,0.9164,0.9296,0.9428,0.956,0.9692,0.9824,0.9956,1.0088,1.022,1.0352,1.0484,1.0616,1.0748,1.088,1.1012,1.1144,1.1276,1.1408,1.154,1.1672,1.1804,1.1936,1.2068],"unit":"V"},"I":{"value":[0.001849,0.001847,0.001842,0.001841,0.001842,0.00184,0.001842,0.00184,0.001839,0.001839,0.001837,0.001838,0.001837,0.001836,0.001838,0.001836,0.001837,0.001836,0.001836,0.001835,0.001835,0.001835,0.001834,0.001835,0.001832,0.001834,0.001832,0.001833,0.001833,0.001833,0.001835,0.001834,0.001833,0.001834,0.001831,0.001833,0.001833,0.00183,0.001831,0.001831,0.001829,0.00183,0.001829,0.001831,0.001831,0.001829,0.001829,0.001828,0.001827,0.001829,0.001824,0.001825,0.001809,0.001816,0.001818,0.00182,0.00182,0.001819,0.001819,0.001818,0.001817,0.001816,0.001816,0.001814,0.001814,0.001813,0.001813,0.001811,0.001811,0.00181,0.001806,0.001807,0.001802,0.0018,0.001799,0.001793,0.001787,0.001781,0.001772,0.001765,0.001752,0.001736,0.001712,0.001685,0.001643,0.001595,0.001534,0.001454,0.001354,0.001231,0.001085,0.00093,0.000717,0.000469,0.000179,-0.000157,-0.000548,-0.000996,-0.001391,-0.001985],"unit":"A"},"J":{"value":[0.00016641,0.00016622999999999999,0.00016578,0.00016569,0.00016578,0.0001656,0.00016578,0.0001656,0.00016550999999999998,0.00016550999999999998,0.00016533,0.00016542,0.00016533,0.00016523999999999998,0.00016542,0.00016523999999999998,0.00016533,0.00016523999999999998,0.00016523999999999998,0.00016515,0.00016515,0.00016515,0.00016506,0.00016515,0.00016488,0.00016506,0.00016488,0.00016497,0.00016497,0.00016497,0.00016515,0.00016506,0.00016497,0.00016506,0.00016479,0.00016497,0.00016497,0.0001647,0.00016479,0.00016479,0.00016460999999999998,0.0001647,0.00016460999999999998,0.00016479,0.00016479,0.00016460999999999998,0.00016460999999999998,0.00016452,0.00016443,0.00016460999999999998,0.00016416,0.00016425,0.00016281,0.00016344,0.00016361999999999998,0.0001638,0.0001638,0.00016371,0.00016371,0.00016361999999999998,0.00016353,0.00016344,0.00016344,0.00016326,0.00016326,0.00016317,0.00016317,0.00016298999999999998,0.00016298999999999998,0.0001629,0.00016254,0.00016263,0.00016218,0.00016199999999999998,0.00016191,0.00016137,0.00016083,0.00016029,0.00015947999999999998,0.00015885,0.00015768,0.00015623999999999998,0.00015408,0.00015165,0.00014786999999999998,0.00014355,0.00013806,0.00013086,0.00012185999999999999,0.00011079,9.765e-5,8.37e-5,6.453e-5,4.221e-5,1.611e-5,-1.4129999999999999e-5,-4.9319999999999995e-5,-8.963999999999999e-5,-0.00012519,-0.00017864999999999998],"unit":"A\/cm2"},"voc":{"unit":"V","value":1.1498},"isc":{"unit":"A","value":1.838953},"jsc":{"unit":"mA\/cm2","value":20.432807},"fill_factor":{"unit":"%","value":79.58602},"vmax":{"unit":"V","value":0.9692},"efficiency":{"unit":"%","value":18.697646},"monitor_cell_reading":{"unit":"mV","value":0},"monitor_cell_calibration_value":{"unit":"mV","value":0},"test_device_area":{"unit":"cm2","value":0.09},"num_of_series_connected_stacks":{"unit":"","value":1},"sweep_direction":{"unit":"","value":"Forward"},"device_id":{"unit":"","value":"DAI-2-3-F"},"cell_dimension":{"unit":"cm2","value":0.09},"key":"Forward_IV DAI-2-3"},{"V":{"value":[-0.1,-0.0868,-0.0736,-0.0604,-0.0472,-0.034,-0.0208,-0.0076,0.0056,0.0188,0.032,0.0452,0.0584,0.0716,0.0848,0.098,0.1112,0.1244,0.1376,0.1508,0.164,0.1772,0.1904,0.2036,0.2168,0.23,0.2432,0.2564,0.2696,0.2828,0.296,0.3092,0.3224,0.3356,0.3488,0.362,0.3752,0.3884,0.4016,0.4148,0.428,0.4412,0.4544,0.4676,0.4808,0.494,0.5072,0.5204,0.5336,0.5468,0.56,0.5732,0.5864,0.5996,0.6128,0.626,0.6392,0.6524,0.6656,0.6788,0.692,0.7052,0.7184,0.7316,0.7448,0.758,0.7712,0.7844,0.7976,0.8108,0.824,0.8372,0.8504,0.8636,0.8768,0.89,0.9032,0.9164,0.9296,0.9428,0.956,0.9692,0.9824,0.9956,1.0088,1.022,1.0352,1.0484,1.0616,1.0748,1.088,1.1012,1.1144,1.1276,1.1408,1.154,1.1672,1.1804,1.1936,1.2068],"unit":"V"},"I":{"value":[0.001835,0.001845,0.001842,0.001839,0.001833,0.001832,0.00183,0.001824,0.001824,0.001821,0.001817,0.001817,0.001812,0.001808,0.001816,0.001812,0.001811,0.001802,0.001803,0.001807,0.001813,0.001811,0.001808,0.001806,0.0018,0.001801,0.001801,0.00181,0.001809,0.001806,0.001801,0.0018,0.001806,0.001803,0.001801,0.001792,0.001778,0.001796,0.001789,0.001803,0.001791,0.001794,0.001781,0.001779,0.00179,0.001791,0.001799,0.001796,0.0018,0.001791,0.001788,0.001791,0.001786,0.001788,0.001788,0.001781,0.001784,0.001777,0.001782,0.00178,0.001786,0.00178,0.001774,0.001779,0.001778,0.001775,0.001766,0.001769,0.001774,0.00177,0.001764,0.001771,0.001764,0.001757,0.001749,0.001741,0.001747,0.001741,0.001727,0.001728,0.001719,0.001709,0.001707,0.001691,0.001662,0.00164,0.001613,0.001555,0.001491,0.001389,0.00128,0.001133,0.000973,0.000722,0.00047,0.000185,-0.000178,-0.000869,-0.001341,-0.001862],"unit":"A"},"J":{"value":[0.00016515,0.00016605,0.00016578,0.00016550999999999998,0.00016497,0.00016488,0.0001647,0.00016416,0.00016416,0.00016388999999999998,0.00016353,0.00016353,0.00016308,0.00016272,0.00016344,0.00016308,0.00016298999999999998,0.00016218,0.00016226999999999998,0.00016263,0.00016317,0.00016298999999999998,0.00016272,0.00016254,0.00016199999999999998,0.00016209,0.00016209,0.0001629,0.00016281,0.00016254,0.00016209,0.00016199999999999998,0.00016254,0.00016226999999999998,0.00016209,0.00016128,0.00016002,0.00016164,0.00016101,0.00016226999999999998,0.00016119,0.00016146,0.00016029,0.00016010999999999998,0.00016109999999999999,0.00016119,0.00016191,0.00016164,0.00016199999999999998,0.00016119,0.00016092,0.00016119,0.00016074,0.00016092,0.00016092,0.00016029,0.00016056,0.00015993,0.00016037999999999998,0.0001602,0.00016074,0.0001602,0.00015966,0.00016010999999999998,0.00016002,0.00015975,0.00015894,0.00015921,0.00015966,0.0001593,0.00015875999999999998,0.00015939,0.00015875999999999998,0.00015813,0.00015741,0.00015669,0.00015723,0.00015669,0.00015543,0.00015552,0.00015471,0.00015381,0.00015363,0.00015219,0.00014958,0.00014759999999999998,0.00014517,0.00013995,0.00013419,0.00012501,0.00011520000000000001,0.00010196999999999999,8.757e-5,6.497999999999999e-5,4.23e-5,1.6649999999999998e-5,-1.602e-5,-7.821e-5,-0.00012069,-0.00016758],"unit":"A\/cm2"},"voc":{"unit":"V","value":1.15756},"isc":{"unit":"A","value":1.823897},"jsc":{"unit":"mA\/cm2","value":20.265517},"fill_factor":{"unit":"%","value":79.753103},"vmax":{"unit":"V","value":0.9956},"efficiency":{"unit":"%","value":18.708927},"monitor_cell_reading":{"unit":"mV","value":0},"monitor_cell_calibration_value":{"unit":"mV","value":0},"test_device_area":{"unit":"cm2","value":0.09},"num_of_series_connected_stacks":{"unit":"","value":1},"sweep_direction":{"unit":"","value":"Forward"},"device_id":{"unit":"","value":"DAI-1-3-F"},"cell_dimension":{"unit":"cm2","value":0.09},"key":"Forward_IV DAI-1-3"},{"V":{"value":[-0.1,-0.0868,-0.0736,-0.0604,-0.0472,-0.034,-0.0208,-0.0076,0.0056,0.0188,0.032,0.0452,0.0584,0.0716,0.0848,0.098,0.1112,0.1244,0.1376,0.1508,0.164,0.1772,0.1904,0.2036,0.2168,0.23,0.2432,0.2564,0.2696,0.2828,0.296,0.3092,0.3224,0.3356,0.3488,0.362,0.3752,0.3884,0.4016,0.4148,0.428,0.4412,0.4544,0.4676,0.4808,0.494,0.5072,0.5204,0.5336,0.5468,0.56,0.5732,0.5864,0.5996,0.6128,0.626,0.6392,0.6524,0.6656,0.6788,0.692,0.7052,0.7184,0.7316,0.7448,0.758,0.7712,0.7844,0.7976,0.8108,0.824,0.8372,0.8504,0.8636,0.8768,0.89,0.9032,0.9164,0.9296,0.9428,0.956,0.9692,0.9824,0.9956,1.0088,1.022,1.0352,1.0484,1.0616,1.0748,1.088,1.1012,1.1144,1.1276,1.1408,1.154,1.1672,1.1804,1.1936,1.2068],"unit":"V"},"I":{"value":[0.001809,0.00181,0.00181,0.001809,0.001809,0.00181,0.001807,0.001809,0.001805,0.001806,0.001804,0.001803,0.001804,0.001802,0.001803,0.001804,0.001801,0.001805,0.001804,0.001803,0.001803,0.001803,0.001802,0.001802,0.001802,0.001802,0.001801,0.001799,0.0018,0.001799,0.001799,0.0018,0.001799,0.001799,0.0018,0.001799,0.001798,0.0018,0.001798,0.001797,0.001797,0.001798,0.001796,0.0018,0.001798,0.001796,0.001799,0.001798,0.001797,0.001796,0.001796,0.001796,0.001793,0.001796,0.001795,0.001795,0.001793,0.001794,0.001792,0.001794,0.001795,0.001793,0.001793,0.001792,0.00179,0.001791,0.00179,0.001789,0.001787,0.001786,0.001787,0.001783,0.001782,0.001781,0.00178,0.001778,0.001778,0.001775,0.001772,0.001769,0.001765,0.001758,0.001754,0.001746,0.001732,0.001717,0.001695,0.001665,0.001623,0.001564,0.001486,0.001383,0.001251,0.001074,0.000865,0.000586,0.000245,-0.000163,-0.000644,-0.001154],"unit":"A"},"J":{"value":[0.00016281,0.0001629,0.0001629,0.00016281,0.00016281,0.0001629,0.00016263,0.00016281,0.00016245,0.00016254,0.00016236,0.00016226999999999998,0.00016236,0.00016218,0.00016226999999999998,0.00016236,0.00016209,0.00016245,0.00016236,0.00016226999999999998,0.00016226999999999998,0.00016226999999999998,0.00016218,0.00016218,0.00016218,0.00016218,0.00016209,0.00016191,0.00016199999999999998,0.00016191,0.00016191,0.00016199999999999998,0.00016191,0.00016191,0.00016199999999999998,0.00016191,0.00016182,0.00016199999999999998,0.00016182,0.00016172999999999998,0.00016172999999999998,0.00016182,0.00016164,0.00016199999999999998,0.00016182,0.00016164,0.00016191,0.00016182,0.00016172999999999998,0.00016164,0.00016164,0.00016164,0.00016137,0.00016164,0.00016155,0.00016155,0.00016137,0.00016146,0.00016128,0.00016146,0.00016155,0.00016137,0.00016137,0.00016128,0.00016109999999999999,0.00016119,0.00016109999999999999,0.00016101,0.00016083,0.00016074,0.00016083,0.00016047000000000001,0.00016037999999999998,0.00016029,0.0001602,0.00016002,0.00016002,0.00015975,0.00015947999999999998,0.00015921,0.00015885,0.00015821999999999999,0.00015785999999999998,0.00015713999999999998,0.00015588,0.00015453,0.00015255,0.00014985,0.00014607000000000002,0.00014076,0.00013373999999999998,0.00012446999999999998,0.00011258999999999999,9.666e-5,7.785e-5,5.274e-5,2.2049999999999997e-5,-1.467e-5,-5.796e-5,-0.00010386],"unit":"A\/cm2"},"voc":{"unit":"V","value":1.176928},"isc":{"unit":"A","value":1.805221},"jsc":{"unit":"mA\/cm2","value":20.058016},"fill_factor":{"unit":"%","value":82.609239},"vmax":{"unit":"V","value":1.022},"efficiency":{"unit":"%","value":19.501433},"monitor_cell_reading":{"unit":"mV","value":0},"monitor_cell_calibration_value":{"unit":"mV","value":0},"test_device_area":{"unit":"cm2","value":0.09},"num_of_series_connected_stacks":{"unit":"","value":1},"sweep_direction":{"unit":"","value":"Forward"},"device_id":{"unit":"","value":"DAI-1-2-F"},"cell_dimension":{"unit":"cm2","value":0.09},"key":"Forward_IV DAI-1-2"},{"V":{"value":[-0.1,-0.0868,-0.0736,-0.0604,-0.0472,-0.034,-0.0208,-0.0076,0.0056,0.0188,0.032,0.0452,0.0584,0.0716,0.0848,0.098,0.1112,0.1244,0.1376,0.1508,0.164,0.1772,0.1904,0.2036,0.2168,0.23,0.2432,0.2564,0.2696,0.2828,0.296,0.3092,0.3224,0.3356,0.3488,0.362,0.3752,0.3884,0.4016,0.4148,0.428,0.4412,0.4544,0.4676,0.4808,0.494,0.5072,0.5204,0.5336,0.5468,0.56,0.5732,0.5864,0.5996,0.6128,0.626,0.6392,0.6524,0.6656,0.6788,0.692,0.7052,0.7184,0.7316,0.7448,0.758,0.7712,0.7844,0.7976,0.8108,0.824,0.8372,0.8504,0.8636,0.8768,0.89,0.9032,0.9164,0.9296,0.9428,0.956,0.9692,0.9824,0.9956,1.0088,1.022,1.0352,1.0484,1.0616,1.0748,1.088,1.1012,1.1144,1.1276,1.1408,1.154,1.1672,1.1804,1.1936,1.2068],"unit":"V"},"I":{"value":[0.001816,0.001807,0.001806,0.001805,0.001803,0.001802,0.001802,0.001802,0.001797,0.001795,0.001791,0.001793,0.001792,0.001792,0.00179,0.001789,0.001787,0.001784,0.001785,0.001784,0.001782,0.001784,0.001786,0.001785,0.001785,0.001781,0.001783,0.00178,0.00178,0.001779,0.001777,0.001781,0.001779,0.001781,0.001779,0.001776,0.001777,0.001776,0.001777,0.001776,0.001772,0.001772,0.001766,0.001772,0.001769,0.001771,0.001771,0.00177,0.001769,0.001767,0.001766,0.001767,0.001766,0.001764,0.001767,0.001764,0.001761,0.001761,0.001761,0.00175,0.001752,0.001753,0.001752,0.001757,0.001758,0.001753,0.00175,0.001752,0.00175,0.001742,0.001744,0.001745,0.001735,0.001738,0.001732,0.001731,0.001725,0.001713,0.001704,0.001684,0.001662,0.001628,0.001584,0.001529,0.001454,0.001357,0.001238,0.001084,0.000936,0.000735,0.000503,0.000235,-2.0e-5,-0.000262,-0.000639,-0.001048,-0.001344,-0.001845,-0.002372,-0.002917],"unit":"A"},"J":{"value":[0.00016344,0.00016263,0.00016254,0.00016245,0.00016226999999999998,0.00016218,0.00016218,0.00016218,0.00016172999999999998,0.00016155,0.00016119,0.00016137,0.00016128,0.00016128,0.00016109999999999999,0.00016101,0.00016083,0.00016056,0.00016064999999999997,0.00016056,0.00016037999999999998,0.00016056,0.00016074,0.00016064999999999997,0.00016064999999999997,0.00016029,0.00016047000000000001,0.0001602,0.0001602,0.00016010999999999998,0.00015993,0.00016029,0.00016010999999999998,0.00016029,0.00016010999999999998,0.00015984,0.00015993,0.00015984,0.00015993,0.00015984,0.00015947999999999998,0.00015947999999999998,0.00015894,0.00015947999999999998,0.00015921,0.00015939,0.00015939,0.0001593,0.00015921,0.00015902999999999997,0.00015894,0.00015902999999999997,0.00015894,0.00015875999999999998,0.00015902999999999997,0.00015875999999999998,0.00015848999999999998,0.00015848999999999998,0.00015848999999999998,0.0001575,0.00015768,0.00015777,0.00015768,0.00015813,0.00015821999999999999,0.00015777,0.0001575,0.00015768,0.0001575,0.00015678,0.00015696000000000002,0.00015705,0.00015615,0.00015642,0.00015588,0.00015579,0.00015524999999999998,0.00015417,0.00015335999999999998,0.00015156,0.00014958,0.00014652,0.00014256,0.00013761,0.00013086,0.00012213,0.00011141999999999999,9.755999999999998e-5,8.423999999999999e-5,6.615e-5,4.527e-5,2.115e-5,-1.8000000000000001e-6,-2.358e-5,-5.751e-5,-9.432e-5,-0.00012096,-0.00016605,-0.00021348,-0.00026252999999999997],"unit":"A\/cm2"},"voc":{"unit":"V","value":1.118993},"isc":{"unit":"A","value":1.797273},"jsc":{"unit":"mA\/cm2","value":19.969697},"fill_factor":{"unit":"%","value":79.027258},"vmax":{"unit":"V","value":0.956},"efficiency":{"unit":"%","value":17.659396},"monitor_cell_reading":{"unit":"mV","value":0},"monitor_cell_calibration_value":{"unit":"mV","value":0},"test_device_area":{"unit":"cm2","value":0.09},"num_of_series_connected_stacks":{"unit":"","value":1},"sweep_direction":{"unit":"","value":"Forward"},"device_id":{"unit":"","value":"DAI-1-1-F"},"cell_dimension":{"unit":"cm2","value":0.09},"key":"Forward_IV DAI-1-1"}],"UVVIS":[{"wavelength":{"value":[190,191,192,193,194,195,196,197,198,199,200,201,202,203,204,205,206,207,208,209,210,211,212,213,214,215,216,217,218,219,220,221,222,223,224,225,226,227,228,229,230,231,232,233,234,235,236,237,238,239,240,241,242,243,244,245,246,247,248,249,250,251,252,253,254,255,256,257,258,259,260,261,262,263,264,265,266,267,268,269,270,271,272,273,274,275,276,277,278,279,280,281,282,283,284,285,286,287,288,289,290,291,292,293,294,295,296,297,298,299,300,301,302,303,304,305,306,307,308,309,310,311,312,313,314,315,316,317,318,319,320,321,322,323,324,325,326,327,328,329,330,331,332,333,334,335,336,337,338,339,340,341,342,343,344,345,346,347,348,349,350,351,352,353,354,355,356,357,358,359,360,361,362,363,364,365,366,367,368,369,370,371,372,373,374,375,376,377,378,379,380,381,382,383,384,385,386,387,388,389,390,391,392,393,394,395,396,397,398,399,400,401,402,403,404,405,406,407,408,409,410,411,412,413,414,415,416,417,418,419,420,421,422,423,424,425,426,427,428,429,430,431,432,433,434,435,436,437,438,439,440,441,442,443,444,445,446,447,448,449,450,451,452,453,454,455,456,457,458,459,460,461,462,463,464,465,466,467,468,469,470,471,472,473,474,475,476,477,478,479,480,481,482,483,484,485,486,487,488,489,490,491,492,493,494,495,496,497,498,499,500,501,502,503,504,505,506,507,508,509,510,511,512,513,514,515,516,517,518,519,520,521,522,523,524,525,526,527,528,529,530,531,532,533,534,535,536,537,538,539,540,541,542,543,544,545,546,547,548,549,550,551,552,553,554,555,556,557,558,559,560,561,562,563,564,565,566,567,568,569,570,571,572,573,574,575,576,577,578,579,580,581,582,583,584,585,586,587,588,589,590,591,592,593,594,595,596,597,598,599,600,601,602,603,604,605,606,607,608,609,610,611,612,613,614,615,616,617,618,619,620,621,622,623,624,625,626,627,628,629,630,631,632,633,634,635,636,637,638,639,640,641,642,643,644,645,646,647,648,649,650,651,652,653,654,655,656,657,658,659,660,661,662,663,664,665,666,667,668,669,670,671,672,673,674,675,676,677,678,679,680,681,682,683,684,685,686,687,688,689,690,691,692,693,694,695,696,697,698,699,700,701,702,703,704,705,706,707,708,709,710,711,712,713,714,715,716,717,718,719,720,721,722,723,724,725,726,727,728,729,730,731,732,733,734,735,736,737,738,739,740,741,742,743,744,745,746,747,748,749,750,751,752,753,754,755,756,757,758,759,760,761,762,763,764,765,766,767,768,769,770,771,772,773,774,775,776,777,778,779,780,781,782,783,784,785,786,787,788,789,790,791,792,793,794,795,796,797,798,799,800,801,802,803,804,805,806,807,808,809,810,811,812,813,814,815,816,817,818,819,820,821,822,823,824,825,826,827,828,829,830,831,832,833,834,835,836,837,838,839,840,841,842,843,844,845,846,847,848,849,850,851,852,853,854,855,856,857,858,859,860,861,862,863,864,865,866,867,868,869,870,871,872,873,874,875,876,877,878,879,880,881,882,883,884,885,886,887,888,889,890,891,892,893,894,895,896,897,898,899,900,901,902,903,904,905,906,907,908,909,910,911,912,913,914,915,916,917,918,919,920,921,922,923,924,925,926,927,928,929,930,931,932,933,934,935,936,937,938,939,940,941,942,943,944,945,946,947,948,949,950,951,952,953,954,955,956,957,958,959,960,961,962,963,964,965,966,967,968,969,970,971,972,973,974,975,976,977,978,979,980,981,982,983,984,985,986,987,988,989,990,991,992,993,994,995,996,997,998,999,1000,1001,1002,1003,1004,1005,1006,1007,1008,1009,1010,1011,1012,1013,1014,1015,1016,1017,1018,1019,1020,1021,1022,1023,1024,1025,1026,1027,1028,1029,1030,1031,1032,1033,1034,1035,1036,1037,1038,1039,1040,1041,1042,1043,1044,1045,1046,1047,1048,1049,1050,1051,1052,1053,1054,1055,1056,1057,1058,1059,1060,1061,1062,1063,1064,1065,1066,1067,1068,1069,1070,1071,1072,1073,1074,1075,1076,1077,1078,1079,1080,1081,1082,1083,1084,1085,1086,1087,1088,1089,1090,1091,1092,1093,1094,1095,1096,1097,1098,1099,1100],"unit":"nm","datatype":"array"},"absorbance":{"value":[3.997148,4,3.999999,3.999999,3.999999,3.999999,3.999999,3.999999,3.999999,3.999999,3.999999,3.999999,3.999999,3.999999,3.999999,3.999999,3.999999,3.999999,3.999999,3.999999,3.999999,3.999999,3.999999,3.999999,3.999999,3.999999,3.999999,3.999999,3.999999,3.999999,3.999999,3.999999,3.999999,3.999999,3.999999,3.999999,3.999999,3.999999,3.999999,3.999999,3.999999,3.999999,3.999999,3.999999,3.999999,3.999999,3.999999,3.999999,3.999999,3.999999,3.999999,3.999999,4,3.999611,4,3.958506,4,3.999496,4,3.999999,3.999999,3.999999,3.999999,3.999999,3.999999,3.999999,3.999999,3.999999,3.999999,3.999999,4,3.997196,4,3.946785,3.953802,4,3.997504,4,3.999999,3.999999,3.999999,3.999999,3.999999,3.999999,3.999999,3.999999,4,3.999466,4,3.943021,4,3.99916,4,3.999999,3.999999,3.999999,3.999999,3.999999,3.999999,3.999999,3.999999,3.999999,3.999999,3.999999,3.999999,3.999999,3.999999,3.999999,3.999999,3.999999,3.999999,3.999999,3.999999,3.999999,3.999999,3.999999,3.999999,3.999999,3.999999,3.999999,3.999999,3.999999,4,3.999172,4,3.983507,3.897975,3.959596,3.93132,3.860852,4,3.993724,3.999629,4,3.963707,3.977455,4,3.998831,4,4,3.996235,4,3.871481,3.992699,4,4,4,3.990449,3.923211,3.961091,3.743649,3.944074,3.856502,4,3.992815,4,3.968129,3.993486,3.890611,3.791716,3.893445,3.761372,3.635377,3.939044,4,4,3.751782,4,3.535139,3.893059,3.995004,3.999769,4,3.994243,3.990701,3.917081,3.655099,3.821348,3.928449,3.559474,3.816116,4,3.92451,3.97849,4,3.987094,4,3.517837,3.699959,3.818026,3.837166,3.926722,3.039251,3.155524,3.112053,3.120171,3.071643,3.067084,3.147911,3.192944,3.103146,3.172654,3.176655,3.252671,3.282145,3.231072,3.140495,3.163677,3.268025,3.179015,3.268386,3.337431,3.091498,3.185584,3.301167,3.296137,3.33602,3.218116,3.281642,3.262266,3.238892,3.263533,3.282325,3.341086,3.270924,3.439765,3.35719,3.293459,3.316932,3.312398,3.517951,3.435832,3.372441,3.555261,3.517808,3.367138,3.371369,3.53756,3.408584,3.516587,3.573969,3.441986,3.329906,3.351766,3.55467,3.532402,3.494703,3.525307,3.420897,3.325864,3.282296,3.386323,3.322145,3.581948,3.613,3.343344,3.524715,3.630344,3.530898,3.882125,3.731514,3.402111,3.43316,3.421605,3.675771,3.463202,3.466172,3.52066,3.424264,3.507621,3.595856,3.803857,3.573209,3.757731,3.847316,3.857609,3.674728,3.52053,3.565269,3.42906,3.455524,3.436601,3.717011,3.818009,3.360822,3.82635,4,3.703241,3.604888,3.831559,3.525544,3.999999,3.737509,4,3.992227,4,4,3.999322,4,3.987087,3.983106,4,3.80209,3.755497,3.752902,3.997279,3.993682,3.859376,3.714917,3.446951,3.421845,3.461056,3.498014,3.381026,3.39324,3.298407,3.244041,3.263669,3.275558,3.225431,3.144076,3.095144,2.974379,3.045453,2.992393,2.925457,2.936413,2.89596,2.884447,2.825972,2.766361,2.762224,2.730806,2.665293,2.685313,2.616151,2.603648,2.560935,2.535454,2.513582,2.48779,2.462938,2.452978,2.44023,2.423604,2.396165,2.371727,2.341497,2.329282,2.317534,2.296383,2.283401,2.264949,2.246417,2.223446,2.211243,2.183514,2.167206,2.147241,2.125436,2.103063,2.083013,2.060182,2.036482,2.013204,1.991509,1.970865,1.942968,1.920094,1.891291,1.866644,1.844909,1.82407,1.800612,1.779719,1.755978,1.737582,1.718163,1.69889,1.683502,1.667262,1.651416,1.638764,1.624002,1.610028,1.598384,1.584906,1.570841,1.560414,1.548045,1.536451,1.522974,1.514452,1.503216,1.489157,1.477174,1.465861,1.454367,1.442755,1.431037,1.418867,1.40764,1.394971,1.383767,1.373848,1.361215,1.351275,1.340504,1.330184,1.320224,1.311583,1.302554,1.293542,1.28421,1.276351,1.268076,1.26023,1.252813,1.245324,1.237786,1.229592,1.222397,1.214217,1.206046,1.198425,1.19063,1.183258,1.175818,1.16815,1.160871,1.152948,1.146186,1.138968,1.132108,1.126136,1.119279,1.112784,1.106665,1.100463,1.09415,1.088431,1.082602,1.076549,1.071105,1.065672,1.059928,1.054183,1.048394,1.042778,1.037256,1.031267,1.027239,1.021641,1.01595,1.01027,1.006591,1.001666,0.9970608,0.9920325,0.9877062,0.9833417,0.9783058,0.9738469,0.9693193,0.9656434,0.9597015,0.9556603,0.9548588,0.9488273,0.9442148,0.9403806,0.9365268,0.932806,0.9296246,0.9254041,0.9217319,0.9179482,0.9142318,0.9106646,0.9081149,0.903316,0.9009547,0.8973393,0.8942571,0.8910322,0.8877215,0.8848267,0.881671,0.8788085,0.8757553,0.8729768,0.8701367,0.8673282,0.8645778,0.8616519,0.8589921,0.8569798,0.8541994,0.8517694,0.848927,0.8467579,0.8443327,0.8420887,0.8397007,0.8376594,0.8351192,0.833024,0.8307743,0.8288026,0.8265443,0.8245411,0.8223386,0.8199549,0.8179231,0.8157592,0.8138275,0.8114953,0.8088546,0.8065543,0.8043242,0.8016381,0.7985864,0.7956014,0.7922225,0.7887626,0.7847247,0.7805085,0.7755065,0.7702794,0.7642832,0.7579365,0.7505851,0.7423468,0.7331772,0.7232509,0.7121463,0.6998725,0.6865263,0.6719503,0.6563778,0.6396775,0.6220956,0.6038456,0.5845633,0.5649481,0.5453782,0.5249772,0.5052066,0.4855776,0.4664726,0.4482055,0.4307818,0.4138694,0.3984189,0.3838425,0.3703313,0.3576794,0.3461022,0.335804,0.326086,0.317131,0.3094392,0.3019662,0.2953725,0.2892885,0.2838759,0.2786922,0.2740741,0.2699103,0.2660513,0.2623706,0.2591243,0.2560391,0.2531328,0.2503958,0.2478328,0.2455311,0.2433386,0.2410469,0.2390103,0.2370992,0.2351422,0.2335396,0.2317648,0.2301121,0.2285819,0.2270098,0.2255268,0.2240729,0.2226229,0.2213149,0.2199721,0.2186427,0.2173991,0.2162161,0.2149062,0.2137856,0.2126813,0.2114277,0.2104793,0.2094011,0.2083182,0.2072635,0.2063441,0.2053189,0.204371,0.2034593,0.2025619,0.2017708,0.2008457,0.2000651,0.1990795,0.1984267,0.1975961,0.1968527,0.1961679,0.1954269,0.1948762,0.1941714,0.1935625,0.1929359,0.1923928,0.1919141,0.1913271,0.1908388,0.1903524,0.1899023,0.1894755,0.189147,0.1887593,0.1885114,0.1881051,0.1879172,0.1875758,0.187398,0.1872125,0.1870208,0.1868639,0.1868019,0.1867027,0.1867046,0.1867189,0.1867414,0.1867781,0.1868939,0.1869483,0.1870608,0.1873875,0.1874475,0.1877303,0.1879358,0.1882911,0.1886492,0.1890383,0.1893878,0.1897836,0.1902905,0.1907063,0.191278,0.1918397,0.1924186,0.1929803,0.1936364,0.1942883,0.1950054,0.1957197,0.1964874,0.1972823,0.1980867,0.1989875,0.1997619,0.2006731,0.2016573,0.2025347,0.2035861,0.2045317,0.2056456,0.2066526,0.207787,0.20892,0.2100916,0.2112393,0.2123895,0.2135143,0.2148566,0.2160802,0.2173405,0.2186904,0.2199812,0.221293,0.2225761,0.2240133,0.2254114,0.2268248,0.2281775,0.2296219,0.2311883,0.2326298,0.2340035,0.2355566,0.2369418,0.2385297,0.2399988,0.2414408,0.243104,0.244596,0.2461205,0.2475681,0.2492461,0.2507634,0.2523375,0.2538838,0.2554955,0.2570343,0.258625,0.2601786,0.2616534,0.2633743,0.2648673,0.266387,0.2679062,0.269557,0.2710838,0.2724805,0.2741618,0.2758179,0.2771769,0.2787533,0.2802391,0.2817192,0.2832546,0.2845926,0.2860284,0.2876778,0.2890615,0.2903967,0.2917604,0.2932234,0.2946372,0.2959676,0.2973351,0.2985201,0.2999163,0.3012776,0.3026175,0.3036427,0.3049378,0.3060808,0.3073597,0.3084822,0.309669,0.3108373,0.3118339,0.3127851,0.3141499,0.3151622,0.3161831,0.3170767,0.3182197,0.3191366,0.3199835,0.3208299,0.321888,0.322691,0.3236246,0.3242903,0.3251095,0.3256807,0.3263874,0.3270659,0.3276329,0.3283892,0.3289738,0.3295417,0.3301396,0.3306408,0.3311152,0.3313408,0.3322563,0.3327389,0.3328681,0.3332381,0.3336172,0.3338857,0.3341451,0.3344398,0.3345861,0.3350139,0.3349962,0.3351912,0.3351789,0.335659,0.3355474,0.3355451,0.3353529,0.3357453,0.3354802,0.3356028,0.3353515,0.3351498,0.3353076,0.3349738,0.334621,0.3345404,0.3342462,0.3339729,0.33392,0.3336172,0.3333964,0.3328481,0.3327737,0.3319335,0.3318286,0.3316655,0.3312407,0.3303967,0.3302078,0.3300014,0.329567,0.3285179,0.3277507,0.3276291,0.3271694,0.3265839,0.325954,0.3251848,0.3243208,0.3242612,0.3226395,0.3219547,0.3214946,0.3210073,0.3203592,0.3194184,0.3194404,0.317802,0.3175168,0.316761,0.3156018,0.3147993,0.314189,0.3128695,0.3120079,0.3115978,0.3107491,0.3102798,0.3100162,0.3086452,0.3075185,0.3056083,0.3045726,0.3042283,0.3031154,0.3031511,0.301939,0.3004951,0.2982149,0.298543,0.297267,0.296576,0.2959204,0.2950335,0.2929831,0.2928991,0.2913423,0.2914281,0.2901454,0.2880611,0.2871008,0.2867031,0.2853308,0.2859712,0.2844739,0.2842064,0.2816944,0.281177,0.2789135,0.2787218,0.2780628,0.2780762,0.277092,0.276917,0.2752457,0.2746692,0.2712731,0.2714443,0.2712145,0.2722564,0.2692451,0.2691627,0.2685571,0.2682843,0.2680821,0.2667828,0.2642698,0.2637515,0.2646456,0.26371,0.2668033,0.2645383,0.2634058,0.2592373,0.2618713,0.2606363,0.2592082,0.2579765,0.2602673,0.2602634,0.2601004,0.2580023,0.2600379],"unit":"AU","datatype":"array"},"key":"WHJM3","layer":null,"filename":"DA.txt"}]}}