{"_id":"6530d16515804d488a7f1ade","id":"SKKU-SC-00106","author":94,"group":11,"input":[{"tco":{"unit":"","value":"ITO"}},{"surface_treatment":{"unit":"","value":"O-Plasma"}},{"htl":[{"material":{"unit":"","value":"2PACz"},"concentration":{"unit":"","value":"0.3"},"conc_unit":{"unit":"","value":"mg\/ml"},"quantity":{"unit":"ml","value":"0.2"}}],"spin_coating":[{"type":{"unit":"","value":"Static (loading)"},"rpm":{"unit":"","value":"3000"},"time":{"unit":"s","value":"30"}}],"annealing":[{"temperature":{"unit":"oC","value":"100"},"time":{"unit":"m","value":"10"}}],"condition":{"unit":"","value":"glove-box(N2)"}},{"perovskite":{"method":{"unit":"","value":"1step"},"molarity":{"unit":"M","value":"1.35M"},"a_site":[{"material":{"unit":"","value":"FA"},"ratio":{"unit":"","value":"90"}},{"material":{"unit":"","value":"Cs"},"ratio":{"unit":"","value":"5"}},{"material":{"unit":"","value":"MA"},"ratio":{"unit":"","value":"5"}}],"b_site":[{"material":{"unit":"","value":"Pb"},"ratio":{"unit":"","value":"100"}}],"x_site":[{"material":{"unit":"","value":"I"},"ratio":{"unit":"","value":"95"}},{"material":{"unit":"","value":"Br"},"ratio":{"unit":"","value":"5"}}],"solvent":[{"material":{"unit":"","value":"DMF"},"volume":{"unit":"ml","value":"4"}},{"material":{"unit":"","value":"DMSO"},"volume":{"unit":"ml","value":"1"}}],"antisolvent":[{"material":{"unit":"","value":"CB"},"quantity":{"unit":"ul","value":"300"},"dripping_time":{"unit":"s","value":"18"}}],"annealing":[{"temperature":{"unit":"oC","value":"100"},"time":{"unit":"m","value":"45"}}],"spin_coating":[{"type":{"unit":"","value":"Static (loading)"},"rpm":{"unit":"","value":"1000"},"time":{"unit":"s","value":"10"}},{"type":{"unit":"","value":"Static (loading)"},"rpm":{"unit":"","value":"5000"},"time":{"unit":"s","value":"30"}}],"atmosphere":[{"type":{"unit":"","value":"glove-box(N2)"},"temperature":{"unit":"oC","value":"21"},"humidity":{"unit":"RH%","value":"0"}}]}},{"etl":[{"material":{"unit":"","value":"PC60BM"},"concentration":{"unit":"","value":"20"},"conc_unit":{"unit":"","value":"mg\/ml"},"quantity":{"unit":"ml","value":"0.05"}}],"spin_coating":[{"type":{"unit":"","value":"Dynamic"},"rpm":{"unit":"","value":"1000"},"time":{"unit":"s","value":"35"}}]},{"etl":[{"material":{"unit":"","value":"C60"},"concentration":{"unit":"","value":"None"},"conc_unit":{"unit":"","value":"None"},"quantity":{"unit":"ml","value":"None"}}]},{"blocking_buffer_layer":[{"material":{"unit":"","value":"BCP"},"concentration":{"unit":"","value":""},"conc_unit":{"unit":"","value":"mg\/ml"},"quantity":{"unit":"ml","value":"None"}}],"thermal_evaporation":[{"vacuum_evaporation_thickness":{"unit":"nm","value":"8"},"evaporation_rate":{"unit":"\u00c5\/s","value":"0.2"},"vacuum_pressure":{"unit":"uTorr","value":"2"}}]},{"anode_metal":{"unit":"","value":"Ag"}},{"device_type":{"unit":"","value":"p-i-n"},"temperature":{"unit":"\u2103","value":"20"},"type":{"unit":"","value":"unit_cell"},"humidity":{"unit":"%","value":"20"},"cell_dimension":{"unit":"cm2","value":"0.125"}}],"fileinfo":[{"key":"Reverse_IV 45-2-3","uploadType":"JV","original_name":"IV 45-2-3-R.txt","save_name":"SKKU-SC-00106\/Reverse_IV 45-2-3","uploader":94,"fileType":""},{"key":"Forward_IV 45-1-3","uploadType":"JV","original_name":"IV 45-1-3-F.txt","save_name":"SKKU-SC-00106\/Forward_IV 45-1-3","uploader":94,"fileType":""},{"key":"Reverse_IV 45-1-3","uploadType":"JV","original_name":"IV 45-1-3-R.txt","save_name":"SKKU-SC-00106\/Reverse_IV 45-1-3","uploader":94,"fileType":""},{"key":"Forward_IV 45-2-3","uploadType":"JV","original_name":"IV 45-2-3-F.txt","save_name":"SKKU-SC-00106\/Forward_IV 45-2-3","uploader":94,"fileType":""}],"jvcnt":4,"updated_at":"2024-10-24 09:04:04","created_at":"2023-10-19 06:49:09","analysisInfo":{"JV":[{"efficiency":0.71,"fill_factor":25.19,"jsc":3.095,"voc":0.9124,"key":"Reverse_IV 45-2-3","cell_dimension":0.125},{"efficiency":0.59,"fill_factor":24.22,"jsc":2.482,"voc":0.9887,"key":"Reverse_IV 45-1-3","cell_dimension":0.125},{"efficiency":2.56,"fill_factor":22.94,"jsc":11.855,"voc":0.9417,"key":"Forward_IV 45-2-3","cell_dimension":0.125},{"efficiency":0.38,"fill_factor":18.5,"jsc":2.106,"voc":0.9631,"key":"Forward_IV 45-1-3","cell_dimension":0.125}]},"public":2,"analysis":{"JV":[{"V":{"value":[1.2,1.187,1.174,1.161,1.147,1.134,1.121,1.108,1.095,1.082,1.069,1.056,1.042,1.029,1.016,1.003,0.99,0.977,0.964,0.951,0.937,0.924,0.911,0.898,0.885,0.872,0.859,0.845,0.832,0.819,0.806,0.793,0.78,0.767,0.754,0.74,0.727,0.714,0.701,0.688,0.675,0.662,0.648,0.635,0.622,0.609,0.596,0.583,0.57,0.557,0.543,0.53,0.517,0.504,0.491,0.478,0.465,0.452,0.438,0.425,0.412,0.399,0.386,0.373,0.36,0.346,0.333,0.32,0.307,0.294,0.281,0.268,0.255,0.241,0.228,0.215,0.202,0.189,0.176,0.163,0.149,0.136,0.123,0.11,0.097,0.084,0.071,0.058,0.044,0.031,0.018,0.005,-0.008,-0.021,-0.034,-0.047,-0.061,-0.074,-0.087,-0.1],"unit":"V"},"I":{"value":[-0.00093499,-0.00093503,-0.00093493,-0.00093497,-0.00093495,-0.00093496,-0.00093496,-0.00093497,-0.00082551,-0.00068177,-0.00055944,-0.00045532,-0.00036143,-0.00028917,-0.00022887,-0.00017862,-0.00013713,-0.00010267,-7.384e-5,-4.9957e-5,-2.8674e-5,-1.2693e-5,1.5104e-6,1.2926e-5,2.3296e-5,3.2212e-5,3.896e-5,4.7461e-5,5.4154e-5,5.9788e-5,6.5348e-5,7.1164e-5,7.6737e-5,8.1301e-5,8.6228e-5,9.1541e-5,9.581e-5,0.00010052,0.00010392,0.00010871,0.00011376,0.0001184,0.00012364,0.00012818,0.00013307,0.00013798,0.00014273,0.00014754,0.00015184,0.0001571,0.00016166,0.00016675,0.00017177,0.00017614,0.0001811,0.00018576,0.00019071,0.00019563,0.00020168,0.00020576,0.00021121,0.00021595,0.00022136,0.00022583,0.00023085,0.0002365,0.00024204,0.00024699,0.00025153,0.00025704,0.00026228,0.00026755,0.00027263,0.00027963,0.00028499,0.00028926,0.00029527,0.00030071,0.00030662,0.00031151,0.00031807,0.00032288,0.00032871,0.00033471,0.00034187,0.00034707,0.00035247,0.00035828,0.00036467,0.00037113,0.00037739,0.00038468,0.0003905,0.00039831,0.00040449,0.00041265,0.00041893,0.00042745,0.00043297,0.00044294],"unit":"A"},"J":{"value":[-0.00011687375,-0.00011687875,-0.00011686625,-0.00011687125,-0.00011686875,-0.00011687,-0.00011687,-0.00011687125,-0.00010318875,-8.522125e-5,-6.993e-5,-5.6915e-5,-4.517875e-5,-3.614625e-5,-2.860875e-5,-2.23275e-5,-1.714125e-5,-1.283375e-5,-9.23e-6,-6.244625e-6,-3.58425e-6,-1.586625e-6,1.888e-7,1.61575e-6,2.912e-6,4.0265e-6,4.87e-6,5.932625e-6,6.76925e-6,7.4735e-6,8.1685e-6,8.8955e-6,9.592125e-6,1.0162625e-5,1.07785e-5,1.1442625e-5,1.197625e-5,1.2565e-5,1.299e-5,1.358875e-5,1.422e-5,1.48e-5,1.5455e-5,1.60225e-5,1.663375e-5,1.72475e-5,1.784125e-5,1.84425e-5,1.898e-5,1.96375e-5,2.02075e-5,2.084375e-5,2.147125e-5,2.20175e-5,2.26375e-5,2.322e-5,2.383875e-5,2.445375e-5,2.521e-5,2.572e-5,2.640125e-5,2.699375e-5,2.767e-5,2.822875e-5,2.885625e-5,2.95625e-5,3.0255e-5,3.087375e-5,3.144125e-5,3.213e-5,3.2785e-5,3.344375e-5,3.407875e-5,3.495375e-5,3.562375e-5,3.61575e-5,3.690875e-5,3.758875e-5,3.83275e-5,3.893875e-5,3.975875e-5,4.036e-5,4.108875e-5,4.183875e-5,4.273375e-5,4.338375e-5,4.405875e-5,4.4785e-5,4.558375e-5,4.639125e-5,4.717375e-5,4.8085e-5,4.88125e-5,4.978875e-5,5.056125e-5,5.158125e-5,5.236625e-5,5.343125e-5,5.412125e-5,5.53675e-5],"unit":"A\/cm2"},"voc":{"unit":"V","value":0.9124},"isc":{"unit":"A","value":0.00038692},"jsc":{"unit":"mA\/cm2","value":3.095},"fill_factor":{"unit":"%","value":25.19},"pmax":{"unit":"mW","value":0.08892},"vmax":{"unit":"V","value":0.491},"imax":{"unit":"mA","value":0.1811},"rshunt":{"unit":"ohms","value":1930},"voc_slope":{"unit":"ohms","value":1060},"efficiency":{"unit":"%","value":0.71},"monitor_cell_reading":{"unit":"mV","value":0},"monitor_cell_calibration_value":{"unit":"mV","value":0},"test_device_area":{"unit":"cm2","value":0.125},"num_of_series_connected_stacks":{"unit":"","value":1},"meter_integration":{"unit":"NPLC","value":0.01},"source_irradiance":{"unit":"mW\/cm2","value":100},"voltage_settling_time":{"unit":"ms","value":100},"sweep_direction":{"unit":"","value":"Reverse"},"irradiance_variation_correction":{"unit":"","value":"None"},"device_id":{"unit":"","value":"45-2-3-R"},"cell_dimension":{"unit":"cm2","value":0.125},"key":"Reverse_IV 45-2-3"},{"V":{"value":[1.2,1.187,1.174,1.161,1.147,1.134,1.121,1.108,1.095,1.082,1.069,1.056,1.042,1.029,1.016,1.003,0.99,0.977,0.964,0.951,0.937,0.924,0.911,0.898,0.885,0.872,0.859,0.845,0.832,0.819,0.806,0.793,0.78,0.767,0.754,0.74,0.727,0.714,0.701,0.688,0.675,0.662,0.648,0.635,0.622,0.609,0.596,0.583,0.57,0.557,0.543,0.53,0.517,0.504,0.491,0.478,0.465,0.452,0.438,0.425,0.412,0.399,0.386,0.373,0.36,0.346,0.333,0.32,0.307,0.294,0.281,0.268,0.255,0.241,0.228,0.215,0.202,0.189,0.176,0.163,0.149,0.136,0.123,0.11,0.097,0.084,0.071,0.058,0.044,0.031,0.018,0.005,-0.008,-0.021,-0.034,-0.047,-0.061,-0.074,-0.087,-0.1],"unit":"V"},"I":{"value":[-0.00088278,-0.00073151,-0.0005958,-0.00048116,-0.00038009,-0.0003033,-0.00024095,-0.00019005,-0.00014884,-0.00011508,-8.729e-5,-6.5221e-5,-4.5975e-5,-3.1342e-5,-1.9082e-5,-9.073e-6,-7.1425e-7,6.2389e-6,1.2161e-5,1.7585e-5,2.2813e-5,2.7303e-5,3.1413e-5,3.5281e-5,3.9023e-5,4.2583e-5,4.6187e-5,5.0025e-5,5.3462e-5,5.7e-5,6.0628e-5,6.4122e-5,6.7543e-5,7.0968e-5,7.462e-5,7.8428e-5,8.2401e-5,8.5893e-5,8.9571e-5,9.32e-5,9.7019e-5,0.00010061,0.00010348,0.00010771,0.00011147,0.00011541,0.00011925,0.00012327,0.00012693,0.00013098,0.00013516,0.00013928,0.00014314,0.00014745,0.00015125,0.00015522,0.00015932,0.00016359,0.00016805,0.00017189,0.00017634,0.00018123,0.00018462,0.00018895,0.00019213,0.00019726,0.00020098,0.00020601,0.00020902,0.00021403,0.00021705,0.00022236,0.00022569,0.0002312,0.00023436,0.00023951,0.0002429,0.00024794,0.00025117,0.00025587,0.00026028,0.00026478,0.00026882,0.00027393,0.0002774,0.00028251,0.00028696,0.00029044,0.00029513,0.00030004,0.00030399,0.00030807,0.00031386,0.00031895,0.00032267,0.00032912,0.00033399,0.00033749,0.0003426,0.0003464],"unit":"A"},"J":{"value":[-0.0001103475,-9.143875e-5,-7.4475e-5,-6.0145e-5,-4.751125e-5,-3.79125e-5,-3.011875e-5,-2.375625e-5,-1.8605e-5,-1.4385e-5,-1.091125e-5,-8.152625e-6,-5.746875e-6,-3.91775e-6,-2.38525e-6,-1.134125e-6,-8.928125e-8,7.798625e-7,1.520125e-6,2.198125e-6,2.851625e-6,3.412875e-6,3.926625e-6,4.410125e-6,4.877875e-6,5.322875e-6,5.773375e-6,6.253125e-6,6.68275e-6,7.125e-6,7.5785e-6,8.01525e-6,8.442875e-6,8.871e-6,9.3275e-6,9.8035e-6,1.0300125e-5,1.0736625e-5,1.1196375e-5,1.165e-5,1.2127375e-5,1.257625e-5,1.2935e-5,1.346375e-5,1.393375e-5,1.442625e-5,1.490625e-5,1.540875e-5,1.586625e-5,1.63725e-5,1.6895e-5,1.741e-5,1.78925e-5,1.843125e-5,1.890625e-5,1.94025e-5,1.9915e-5,2.044875e-5,2.100625e-5,2.148625e-5,2.20425e-5,2.265375e-5,2.30775e-5,2.361875e-5,2.401625e-5,2.46575e-5,2.51225e-5,2.575125e-5,2.61275e-5,2.675375e-5,2.713125e-5,2.7795e-5,2.821125e-5,2.89e-5,2.9295e-5,2.993875e-5,3.03625e-5,3.09925e-5,3.139625e-5,3.198375e-5,3.2535e-5,3.30975e-5,3.36025e-5,3.424125e-5,3.4675e-5,3.531375e-5,3.587e-5,3.6305e-5,3.689125e-5,3.7505e-5,3.799875e-5,3.850875e-5,3.92325e-5,3.986875e-5,4.033375e-5,4.114e-5,4.174875e-5,4.218625e-5,4.2825e-5,4.33e-5],"unit":"A\/cm2"},"voc":{"unit":"V","value":0.9887},"isc":{"unit":"A","value":0.00031029},"jsc":{"unit":"mA\/cm2","value":2.482},"fill_factor":{"unit":"%","value":24.22},"pmax":{"unit":"mW","value":0.07431},"vmax":{"unit":"V","value":0.504},"imax":{"unit":"mA","value":0.1474},"rshunt":{"unit":"ohms","value":2720},"voc_slope":{"unit":"ohms","value":1770},"efficiency":{"unit":"%","value":0.59},"monitor_cell_reading":{"unit":"mV","value":0},"monitor_cell_calibration_value":{"unit":"mV","value":0},"test_device_area":{"unit":"cm2","value":0.125},"num_of_series_connected_stacks":{"unit":"","value":1},"meter_integration":{"unit":"NPLC","value":0.01},"source_irradiance":{"unit":"mW\/cm2","value":100},"voltage_settling_time":{"unit":"ms","value":100},"sweep_direction":{"unit":"","value":"Reverse"},"irradiance_variation_correction":{"unit":"","value":"None"},"device_id":{"unit":"","value":"45-1-3-R"},"cell_dimension":{"unit":"cm2","value":0.125},"key":"Reverse_IV 45-1-3"},{"V":{"value":[-0.1,-0.087,-0.074,-0.061,-0.047,-0.034,-0.021,-0.008,0.005,0.018,0.031,0.044,0.058,0.071,0.084,0.097,0.11,0.123,0.136,0.149,0.163,0.176,0.189,0.202,0.215,0.228,0.241,0.255,0.268,0.281,0.294,0.307,0.32,0.333,0.346,0.36,0.373,0.386,0.399,0.412,0.425,0.438,0.452,0.465,0.478,0.491,0.504,0.517,0.53,0.543,0.557,0.57,0.583,0.596,0.609,0.622,0.635,0.648,0.662,0.675,0.688,0.701,0.714,0.727,0.74,0.754,0.767,0.78,0.793,0.806,0.819,0.832,0.845,0.859,0.872,0.885,0.898,0.911,0.924,0.937,0.951,0.964,0.977,0.99,1.003,1.016,1.029,1.042,1.056,1.069,1.082,1.095,1.108,1.121,1.134,1.147,1.161,1.174,1.187,1.2],"unit":"V"},"I":{"value":[0.0016438,0.0016148,0.0015898,0.0015706,0.0015464,0.0015303,0.0015082,0.0014945,0.001474,0.0014479,0.0014297,0.0014066,0.0013886,0.0013649,0.0013445,0.0013228,0.0013019,0.0012811,0.0012606,0.0012381,0.0012142,0.0011902,0.0011666,0.0011467,0.0011247,0.0011026,0.0010768,0.001054,0.0010317,0.0010069,0.00096935,0.00095626,0.00093438,0.00091028,0.00088697,0.00086484,0.00083877,0.00081963,0.00079373,0.00077346,0.00075315,0.00072734,0.00070652,0.00068234,0.00066135,0.00063834,0.00061957,0.00059483,0.00057518,0.00055316,0.0005338,0.00051374,0.00049491,0.00047585,0.00045439,0.0004365,0.00041559,0.00039834,0.00037876,0.0003618,0.00034501,0.00032628,0.00031018,0.0002944,0.00027694,0.00026079,0.00024558,0.00022945,0.00021451,0.00019934,0.00018301,0.00016736,0.00015104,0.00013409,0.00011785,9.899e-5,7.9688e-5,5.884e-5,3.6326e-5,1.0288e-5,-2.0673e-5,-5.409e-5,-9.3139e-5,-0.00014178,-0.00019645,-0.00025952,-0.00033822,-0.00043132,-0.00055171,-0.00068536,-0.00084332,-0.0010266,-0.0012406,-0.0014735,-0.0017342,-0.0020241,-0.0021194,-0.0021196,-0.0021195,-0.0021195],"unit":"A"},"J":{"value":[0.000205475,0.00020185,0.000198725,0.000196325,0.0001933,0.0001912875,0.000188525,0.0001868125,0.00018425,0.0001809875,0.0001787125,0.000175825,0.000173575,0.0001706125,0.0001680625,0.00016535,0.0001627375,0.0001601375,0.000157575,0.0001547625,0.000151775,0.000148775,0.000145825,0.0001433375,0.0001405875,0.000137825,0.0001346,0.00013175,0.0001289625,0.0001258625,0.00012116875,0.0001195325,0.0001167975,0.000113785,0.00011087125,0.000108105,0.00010484625,0.00010245375,9.921625e-5,9.66825e-5,9.414375e-5,9.09175e-5,8.8315e-5,8.52925e-5,8.266875e-5,7.97925e-5,7.744625e-5,7.435375e-5,7.18975e-5,6.9145e-5,6.6725e-5,6.42175e-5,6.186375e-5,5.948125e-5,5.679875e-5,5.45625e-5,5.194875e-5,4.97925e-5,4.7345e-5,4.5225e-5,4.312625e-5,4.0785e-5,3.87725e-5,3.68e-5,3.46175e-5,3.259875e-5,3.06975e-5,2.868125e-5,2.681375e-5,2.49175e-5,2.287625e-5,2.092e-5,1.888e-5,1.676125e-5,1.473125e-5,1.237375e-5,9.961e-6,7.355e-6,4.54075e-6,1.286e-6,-2.584125e-6,-6.76125e-6,-1.1642375e-5,-1.77225e-5,-2.455625e-5,-3.244e-5,-4.22775e-5,-5.3915e-5,-6.896375e-5,-8.567e-5,-0.000105415,-0.000128325,-0.000155075,-0.0001841875,-0.000216775,-0.0002530125,-0.000264925,-0.00026495,-0.0002649375,-0.0002649375],"unit":"A\/cm2"},"voc":{"unit":"V","value":0.9417},"isc":{"unit":"A","value":0.0014819},"jsc":{"unit":"mA\/cm2","value":11.855},"fill_factor":{"unit":"%","value":22.94},"pmax":{"unit":"mW","value":0.3201},"vmax":{"unit":"V","value":0.425},"imax":{"unit":"mA","value":0.7532},"rshunt":{"unit":"ohms","value":650},"voc_slope":{"unit":"ohms","value":492},"efficiency":{"unit":"%","value":2.56},"monitor_cell_reading":{"unit":"mV","value":0},"monitor_cell_calibration_value":{"unit":"mV","value":0},"test_device_area":{"unit":"cm2","value":0.125},"num_of_series_connected_stacks":{"unit":"","value":1},"meter_integration":{"unit":"NPLC","value":0.01},"source_irradiance":{"unit":"mW\/cm2","value":100},"voltage_settling_time":{"unit":"ms","value":100},"sweep_direction":{"unit":"","value":"Forward"},"irradiance_variation_correction":{"unit":"","value":"None"},"device_id":{"unit":"","value":"45-2-3-F"},"cell_dimension":{"unit":"cm2","value":0.125},"key":"Forward_IV 45-2-3"},{"V":{"value":[-0.1,-0.087,-0.074,-0.061,-0.047,-0.034,-0.021,-0.008,0.005,0.018,0.031,0.044,0.058,0.071,0.084,0.097,0.11,0.123,0.136,0.149,0.163,0.176,0.189,0.202,0.215,0.228,0.241,0.255,0.268,0.281,0.294,0.307,0.32,0.333,0.346,0.36,0.373,0.386,0.399,0.412,0.425,0.438,0.452,0.465,0.478,0.491,0.504,0.517,0.53,0.543,0.557,0.57,0.583,0.596,0.609,0.622,0.635,0.648,0.662,0.675,0.688,0.701,0.714,0.727,0.74,0.754,0.767,0.78,0.793,0.806,0.819,0.832,0.845,0.859,0.872,0.885,0.898,0.911,0.924,0.937,0.951,0.964,0.977,0.99,1.003,1.016,1.029,1.042,1.056,1.069,1.082,1.095,1.108,1.121,1.134,1.147,1.161,1.174,1.187,1.2],"unit":"V"},"I":{"value":[0.00033518,0.00031806,0.00030525,0.0002966,0.00028673,0.00027907,0.00027323,0.00026807,0.00026017,0.00025344,0.00024664,0.00024088,0.0002345,0.000229,0.00022386,0.00021735,0.00021404,0.00020903,0.00020328,0.00019858,0.00019307,0.0001887,0.00018353,0.00017939,0.0001744,0.0001707,0.00016536,0.00016138,0.00015639,0.00015236,0.00014836,0.00014537,0.00014085,0.00013689,0.00013257,0.00012895,0.00012463,0.00012107,0.00011708,0.00011384,0.0001099,0.0001064,0.000103,9.8232e-5,9.6628e-5,9.3699e-5,9.0004e-5,8.6706e-5,8.3922e-5,8.104e-5,7.7362e-5,7.4721e-5,7.1417e-5,6.8866e-5,6.6203e-5,6.3345e-5,6.0579e-5,5.7934e-5,5.5032e-5,5.2609e-5,5.0047e-5,4.7758e-5,4.5215e-5,4.3034e-5,4.0674e-5,3.8395e-5,3.6134e-5,3.4055e-5,3.1958e-5,2.9964e-5,2.7906e-5,2.5884e-5,2.3833e-5,2.1628e-5,1.9526e-5,1.7424e-5,1.5111e-5,1.2721e-5,1.005e-5,7.1564e-6,3.5207e-6,-2.7635e-7,-4.8257e-6,-1.0092e-5,-1.6612e-5,-2.4252e-5,-3.3522e-5,-4.4831e-5,-5.9689e-5,-7.693e-5,-9.7839e-5,-0.00012413,-0.00015527,-0.00019331,-0.00023964,-0.00029569,-0.00036897,-0.00045144,-0.00050203,-0.00050206],"unit":"A"},"J":{"value":[4.18975e-5,3.97575e-5,3.815625e-5,3.7075e-5,3.584125e-5,3.488375e-5,3.415375e-5,3.350875e-5,3.252125e-5,3.168e-5,3.083e-5,3.011e-5,2.93125e-5,2.8625e-5,2.79825e-5,2.716875e-5,2.6755e-5,2.612875e-5,2.541e-5,2.48225e-5,2.413375e-5,2.35875e-5,2.294125e-5,2.242375e-5,2.18e-5,2.13375e-5,2.067e-5,2.01725e-5,1.954875e-5,1.9045e-5,1.8545e-5,1.817125e-5,1.760625e-5,1.711125e-5,1.657125e-5,1.611875e-5,1.557875e-5,1.513375e-5,1.4635e-5,1.423e-5,1.37375e-5,1.33e-5,1.2875e-5,1.2279e-5,1.20785e-5,1.1712375e-5,1.12505e-5,1.083825e-5,1.049025e-5,1.013e-5,9.67025e-6,9.340125e-6,8.927125e-6,8.60825e-6,8.275375e-6,7.918125e-6,7.572375e-6,7.24175e-6,6.879e-6,6.576125e-6,6.255875e-6,5.96975e-6,5.651875e-6,5.37925e-6,5.08425e-6,4.799375e-6,4.51675e-6,4.256875e-6,3.99475e-6,3.7455e-6,3.48825e-6,3.2355e-6,2.979125e-6,2.7035e-6,2.44075e-6,2.178e-6,1.888875e-6,1.590125e-6,1.25625e-6,8.9455e-7,4.400875e-7,-3.454375e-8,-6.032125e-7,-1.2615e-6,-2.0765e-6,-3.0315e-6,-4.19025e-6,-5.603875e-6,-7.461125e-6,-9.61625e-6,-1.2229875e-5,-1.551625e-5,-1.940875e-5,-2.416375e-5,-2.9955e-5,-3.696125e-5,-4.612125e-5,-5.643e-5,-6.275375e-5,-6.27575e-5],"unit":"A\/cm2"},"voc":{"unit":"V","value":0.9631},"isc":{"unit":"A","value":0.00026321},"jsc":{"unit":"mA\/cm2","value":2.106},"fill_factor":{"unit":"%","value":18.5},"pmax":{"unit":"mW","value":0.0469},"vmax":{"unit":"V","value":0.412},"imax":{"unit":"mA","value":0.1138},"rshunt":{"unit":"ohms","value":1940},"voc_slope":{"unit":"ohms","value":3260},"efficiency":{"unit":"%","value":0.38},"monitor_cell_reading":{"unit":"mV","value":0},"monitor_cell_calibration_value":{"unit":"mV","value":0},"test_device_area":{"unit":"cm2","value":0.125},"num_of_series_connected_stacks":{"unit":"","value":1},"meter_integration":{"unit":"NPLC","value":0.01},"source_irradiance":{"unit":"mW\/cm2","value":100},"voltage_settling_time":{"unit":"ms","value":100},"sweep_direction":{"unit":"","value":"Forward"},"irradiance_variation_correction":{"unit":"","value":"None"},"device_id":{"unit":"","value":"45-1-3-F"},"cell_dimension":{"unit":"cm2","value":0.125},"key":"Forward_IV 45-1-3"}]}}