{"_id":"6530d3f069ca747fb611ad99","id":"SKKU-SC-00134","author":94,"group":11,"input":[{"tco":{"unit":"","value":"ITO"}},{"surface_treatment":{"unit":"","value":"O-Plasma"}},{"htl":[{"material":{"unit":"","value":"2PACz"},"concentration":{"unit":"","value":"0.3"},"conc_unit":{"unit":"","value":"mg\/ml"},"quantity":{"unit":"ml","value":"0.2"}}],"spin_coating":[{"type":{"unit":"","value":"Static (loading)"},"rpm":{"unit":"","value":"3000"},"time":{"unit":"s","value":"30"}}],"annealing":[{"temperature":{"unit":"oC","value":"100"},"time":{"unit":"m","value":"10"}}],"condition":{"unit":"","value":"glove-box(N2)"}},{"perovskite":{"method":{"unit":"","value":"1step"},"molarity":{"unit":"M","value":"1.3M"},"a_site":[{"material":{"unit":"","value":"FA"},"ratio":{"unit":"","value":"93"}},{"material":{"unit":"","value":"Cs"},"ratio":{"unit":"","value":"7"}}],"b_site":[{"material":{"unit":"","value":"Pb"},"ratio":{"unit":"","value":"100"}}],"x_site":[{"material":{"unit":"","value":"I"},"ratio":{"unit":"","value":"76.666666666666666666666666666667"}},{"material":{"unit":"","value":"Br"},"ratio":{"unit":"","value":"23.333333333333333333333333333333"}}],"solvent":[{"material":{"unit":"","value":"DMF"},"volume":{"unit":"ml","value":"4"}},{"material":{"unit":"","value":"DMSO"},"volume":{"unit":"ml","value":"1"}}],"antisolvent":[{"material":{"unit":"","value":"CB"},"quantity":{"unit":"ul","value":"300"},"dripping_time":{"unit":"s","value":"5"}}],"annealing":[{"temperature":{"unit":"oC","value":"100"},"time":{"unit":"m","value":"10"}}],"spin_coating":[{"type":{"unit":"","value":"Static (loading)"},"rpm":{"unit":"","value":"1000"},"time":{"unit":"s","value":"10"}},{"type":{"unit":"","value":"Static (loading)"},"rpm":{"unit":"","value":"5000"},"time":{"unit":"s","value":"30"}}],"atmosphere":[{"type":{"unit":"","value":"glove-box(N2)"},"temperature":{"unit":"oC","value":"23"},"humidity":{"unit":"RH%","value":"0"}}]}},{"perovskite_treatment":[{"material":{"unit":"","value":"LiF"},"concentration":{"unit":"","value":"None"},"conc_unit":{"unit":"","value":"None"},"quantity":{"unit":"ml","value":"None"}}],"thermal_evaporation":[{"vacuum_evaporation_thickness":{"unit":"nm","value":"1"},"evaporation_rate":{"unit":"\u00c5\/s","value":"0.1"},"vacuum_pressure":{"unit":"uTorr","value":"2"}}]},{"etl":[{"material":{"unit":"","value":"C60"},"concentration":{"unit":"","value":"None"},"conc_unit":{"unit":"","value":"None"},"quantity":{"unit":"ml","value":"None"}}]},{"blocking_buffer_layer":[{"material":{"unit":"","value":"BCP"},"concentration":{"unit":"","value":""},"conc_unit":{"unit":"","value":"mg\/ml"},"quantity":{"unit":"ml","value":"None"}}],"thermal_evaporation":[{"vacuum_evaporation_thickness":{"unit":"nm","value":"8"},"evaporation_rate":{"unit":"\u00c5\/s","value":"0.2"},"vacuum_pressure":{"unit":"uTorr","value":"2"}}]},{"anode_metal":{"unit":"","value":"Ag"}},{"type":{"unit":"","value":"unit_cell"},"temperature":{"unit":"\u2103","value":"20"},"device_type":{"unit":"","value":"p-i-n"},"humidity":{"unit":"%","value":"20"},"cell_dimension":{"unit":"cm2","value":"0.125"}}],"fileinfo":[{"key":"Forward_IV 1-2","uploadType":"JV","original_name":"IV 1-2-F.txt","save_name":"SKKU-SC-00134\/Forward_IV 1-2","uploader":94,"fileType":""},{"key":"Reverse_IV 1-2","uploadType":"JV","original_name":"IV 1-2-R.txt","save_name":"SKKU-SC-00134\/Reverse_IV 1-2","uploader":94,"fileType":""},{"key":"Forward_IV 1-3","uploadType":"JV","original_name":"IV 1-3-F.txt","save_name":"SKKU-SC-00134\/Forward_IV 1-3","uploader":94,"fileType":""},{"key":"Reverse_IV 1-3","uploadType":"JV","original_name":"IV 1-3-R.txt","save_name":"SKKU-SC-00134\/Reverse_IV 1-3","uploader":94,"fileType":""},{"key":"Forward_IV 2-2","uploadType":"JV","original_name":"IV 2-2-F.txt","save_name":"SKKU-SC-00134\/Forward_IV 2-2","uploader":94,"fileType":""},{"key":"Reverse_IV 2-2","uploadType":"JV","original_name":"IV 2-2-R.txt","save_name":"SKKU-SC-00134\/Reverse_IV 2-2","uploader":94,"fileType":""},{"key":"Forward_IV 4-1","uploadType":"JV","original_name":"IV 4-1-F.txt","save_name":"SKKU-SC-00134\/Forward_IV 4-1","uploader":94,"fileType":""},{"key":"Reverse_IV 4-1","uploadType":"JV","original_name":"IV 4-1-R.txt","save_name":"SKKU-SC-00134\/Reverse_IV 4-1","uploader":94,"fileType":""},{"key":"Forward_IV 4-4","uploadType":"JV","original_name":"IV 4-4-F.txt","save_name":"SKKU-SC-00134\/Forward_IV 4-4","uploader":94,"fileType":""},{"key":"Reverse_IV 4-4","uploadType":"JV","original_name":"IV 4-4-R.txt","save_name":"SKKU-SC-00134\/Reverse_IV 4-4","uploader":94,"fileType":""},{"key":"Forward_IV 7-1","uploadType":"JV","original_name":"IV 7-1-F.txt","save_name":"SKKU-SC-00134\/Forward_IV 7-1","uploader":94,"fileType":""},{"key":"Reverse_IV 7-1","uploadType":"JV","original_name":"IV 7-1-R.txt","save_name":"SKKU-SC-00134\/Reverse_IV 7-1","uploader":94,"fileType":""},{"key":"Forward_IV 8-2","uploadType":"JV","original_name":"IV 8-2-F.txt","save_name":"SKKU-SC-00134\/Forward_IV 8-2","uploader":94,"fileType":""},{"key":"Reverse_IV 8-2","uploadType":"JV","original_name":"IV 8-2-R.txt","save_name":"SKKU-SC-00134\/Reverse_IV 8-2","uploader":94,"fileType":""},{"key":"Forward_IV 8-3","uploadType":"JV","original_name":"IV 8-3-F.txt","save_name":"SKKU-SC-00134\/Forward_IV 8-3","uploader":94,"fileType":""},{"key":"Reverse_IV 8-3","uploadType":"JV","original_name":"IV 8-3-R.txt","save_name":"SKKU-SC-00134\/Reverse_IV 8-3","uploader":94,"fileType":""}],"jvcnt":16,"updated_at":"2024-10-24 09:04:04","created_at":"2023-10-19 07:00:00","analysisInfo":{"JV":[{"efficiency":15.35,"fill_factor":73.68,"jsc":18.039,"voc":1.1553,"key":"Reverse_IV 8-3","cell_dimension":0.125},{"efficiency":19.3,"fill_factor":81.57,"jsc":20.209,"voc":1.1711,"key":"Reverse_IV 8-2","cell_dimension":0.125},{"efficiency":17.81,"fill_factor":77.28,"jsc":19.896,"voc":1.1584,"key":"Reverse_IV 7-1","cell_dimension":0.125},{"efficiency":17.83,"fill_factor":80,"jsc":19.469,"voc":1.1449,"key":"Reverse_IV 4-4","cell_dimension":0.125},{"efficiency":18.11,"fill_factor":80.54,"jsc":19.361,"voc":1.1612,"key":"Reverse_IV 4-1","cell_dimension":0.125},{"efficiency":18.77,"fill_factor":80.6,"jsc":20.015,"voc":1.1633,"key":"Reverse_IV 2-2","cell_dimension":0.125},{"efficiency":16.22,"fill_factor":78.11,"jsc":18.498,"voc":1.1228,"key":"Reverse_IV 1-3","cell_dimension":0.125},{"efficiency":16.48,"fill_factor":78.48,"jsc":18.685,"voc":1.1237,"key":"Reverse_IV 1-2","cell_dimension":0.125},{"efficiency":15.08,"fill_factor":73.15,"jsc":17.838,"voc":1.1557,"key":"Forward_IV 8-3","cell_dimension":0.125},{"efficiency":18.86,"fill_factor":80.46,"jsc":20.253,"voc":1.1577,"key":"Forward_IV 8-2","cell_dimension":0.125},{"efficiency":16.74,"fill_factor":74.14,"jsc":19.994,"voc":1.1296,"key":"Forward_IV 7-1","cell_dimension":0.125},{"efficiency":17.68,"fill_factor":79.62,"jsc":19.479,"voc":1.1398,"key":"Forward_IV 4-4","cell_dimension":0.125},{"efficiency":17.53,"fill_factor":78.5,"jsc":19.378,"voc":1.1526,"key":"Forward_IV 4-1","cell_dimension":0.125},{"efficiency":18.45,"fill_factor":79.99,"jsc":19.977,"voc":1.1547,"key":"Forward_IV 2-2","cell_dimension":0.125},{"efficiency":15.7,"fill_factor":75.52,"jsc":18.502,"voc":1.1233,"key":"Forward_IV 1-3","cell_dimension":0.125},{"efficiency":15.96,"fill_factor":75.94,"jsc":18.675,"voc":1.1252,"key":"Forward_IV 1-2","cell_dimension":0.125}]},"public":2,"analysis":{"JV":[{"V":{"value":[1.2,1.187,1.174,1.161,1.147,1.134,1.121,1.108,1.095,1.082,1.069,1.056,1.042,1.029,1.016,1.003,0.99,0.977,0.964,0.951,0.937,0.924,0.911,0.898,0.885,0.872,0.859,0.845,0.832,0.819,0.806,0.793,0.78,0.767,0.754,0.74,0.727,0.714,0.701,0.688,0.675,0.662,0.648,0.635,0.622,0.609,0.596,0.583,0.57,0.557,0.543,0.53,0.517,0.504,0.491,0.478,0.465,0.452,0.438,0.425,0.412,0.399,0.386,0.373,0.36,0.346,0.333,0.32,0.307,0.294,0.281,0.268,0.255,0.241,0.228,0.215,0.202,0.189,0.176,0.163,0.149,0.136,0.123,0.11,0.097,0.084,0.071,0.058,0.044,0.031,0.018,0.005,-0.008,-0.021,-0.034,-0.047,-0.061,-0.074,-0.087,-0.1],"unit":"V"},"I":{"value":[-0.0020571,-0.0013229,-0.00070666,-0.00019092,0.00027671,0.00063443,0.00092813,0.0011602,0.0013513,0.0015036,0.0016192,0.0017109,0.0017836,0.0018401,0.0018803,0.0019134,0.0019387,0.0019597,0.0019827,0.001996,0.002008,0.0020193,0.0020319,0.0020393,0.0020491,0.0020527,0.0020582,0.0020688,0.0020755,0.0020825,0.0020857,0.0020887,0.0020945,0.0021012,0.0021085,0.0021111,0.0021136,0.0021191,0.0021221,0.0021305,0.0021306,0.002134,0.0021368,0.0021412,0.0021463,0.0021475,0.0021495,0.0021571,0.0021569,0.0021565,0.0021599,0.0021632,0.0021687,0.0021694,0.0021748,0.002174,0.0021805,0.0021832,0.002184,0.002188,0.0021874,0.0021927,0.0021934,0.0021954,0.0021942,0.002202,0.0022023,0.002204,0.002203,0.0022067,0.0022096,0.0022129,0.0022186,0.0022204,0.0022191,0.002219,0.0022215,0.0022284,0.0022272,0.0022267,0.002229,0.0022256,0.0022342,0.0022376,0.0022369,0.0022399,0.0022437,0.0022437,0.0022502,0.0022512,0.0022489,0.0022535,0.002257,0.0022553,0.0022561,0.002259,0.002261,0.0022639,0.0022638,0.0022642],"unit":"A"},"J":{"value":[-0.0002571375,-0.0001653625,-8.83325e-5,-2.3865e-5,3.458875e-5,7.930375e-5,0.00011601625,0.000145025,0.0001689125,0.00018795,0.0002024,0.0002138625,0.00022295,0.0002300125,0.0002350375,0.000239175,0.0002423375,0.0002449625,0.0002478375,0.0002495,0.000251,0.0002524125,0.0002539875,0.0002549125,0.0002561375,0.0002565875,0.000257275,0.0002586,0.0002594375,0.0002603125,0.0002607125,0.0002610875,0.0002618125,0.00026265,0.0002635625,0.0002638875,0.0002642,0.0002648875,0.0002652625,0.0002663125,0.000266325,0.00026675,0.0002671,0.00026765,0.0002682875,0.0002684375,0.0002686875,0.0002696375,0.0002696125,0.0002695625,0.0002699875,0.0002704,0.0002710875,0.000271175,0.00027185,0.00027175,0.0002725625,0.0002729,0.000273,0.0002735,0.000273425,0.0002740875,0.000274175,0.000274425,0.000274275,0.00027525,0.0002752875,0.0002755,0.000275375,0.0002758375,0.0002762,0.0002766125,0.000277325,0.00027755,0.0002773875,0.000277375,0.0002776875,0.00027855,0.0002784,0.0002783375,0.000278625,0.0002782,0.000279275,0.0002797,0.0002796125,0.0002799875,0.0002804625,0.0002804625,0.000281275,0.0002814,0.0002811125,0.0002816875,0.000282125,0.0002819125,0.0002820125,0.000282375,0.000282625,0.0002829875,0.000282975,0.000283025],"unit":"A\/cm2"},"voc":{"unit":"V","value":1.1553},"isc":{"unit":"A","value":0.0022548},"jsc":{"unit":"mA\/cm2","value":18.039},"fill_factor":{"unit":"%","value":73.68},"pmax":{"unit":"mW","value":1.919},"vmax":{"unit":"V","value":0.99},"imax":{"unit":"mA","value":1.939},"rshunt":{"unit":"ohms","value":7170},"voc_slope":{"unit":"ohms","value":29},"efficiency":{"unit":"%","value":15.35},"monitor_cell_reading":{"unit":"mV","value":0},"monitor_cell_calibration_value":{"unit":"mV","value":0},"test_device_area":{"unit":"cm2","value":0.125},"num_of_series_connected_stacks":{"unit":"","value":1},"meter_integration":{"unit":"NPLC","value":0.1},"source_irradiance":{"unit":"mW\/cm2","value":100},"voltage_settling_time":{"unit":"ms","value":100},"sweep_direction":{"unit":"","value":"Reverse"},"irradiance_variation_correction":{"unit":"","value":"None"},"device_id":{"unit":"","value":"8-3-R"},"cell_dimension":{"unit":"cm2","value":0.125},"key":"Reverse_IV 8-3"},{"V":{"value":[1.2,1.187,1.174,1.161,1.147,1.134,1.121,1.108,1.095,1.082,1.069,1.056,1.042,1.029,1.016,1.003,0.99,0.977,0.964,0.951,0.937,0.924,0.911,0.898,0.885,0.872,0.859,0.845,0.832,0.819,0.806,0.793,0.78,0.767,0.754,0.74,0.727,0.714,0.701,0.688,0.675,0.662,0.648,0.635,0.622,0.609,0.596,0.583,0.57,0.557,0.543,0.53,0.517,0.504,0.491,0.478,0.465,0.452,0.438,0.425,0.412,0.399,0.386,0.373,0.36,0.346,0.333,0.32,0.307,0.294,0.281,0.268,0.255,0.241,0.228,0.215,0.202,0.189,0.176,0.163,0.149,0.136,0.123,0.11,0.097,0.084,0.071,0.058,0.044,0.031,0.018,0.005,-0.008,-0.021,-0.034,-0.047,-0.061,-0.074,-0.087,-0.1],"unit":"V"},"I":{"value":[-0.0017059,-0.00077085,-0.00012202,0.00041703,0.00088797,0.0012284,0.0015167,0.0017446,0.0019234,0.0020549,0.0021591,0.0022314,0.0022951,0.0023431,0.0023741,0.0024057,0.0024228,0.002437,0.0024472,0.0024548,0.0024652,0.0024714,0.0024745,0.0024767,0.0024798,0.0024858,0.0024866,0.0024862,0.0024935,0.0024906,0.0024908,0.0024917,0.0024953,0.0024993,0.0025004,0.0024969,0.002496,0.0025004,0.0025039,0.0025022,0.0025027,0.0025053,0.0025073,0.0025094,0.0025071,0.0025072,0.0025031,0.0025094,0.0025125,0.0025087,0.0025072,0.0025065,0.0025118,0.0025122,0.0025134,0.0025142,0.0025114,0.0025105,0.0025116,0.0025138,0.0025162,0.0025152,0.0025154,0.0025166,0.0025187,0.0025192,0.0025163,0.0025189,0.0025207,0.0025225,0.0025194,0.0025206,0.0025185,0.0025214,0.0025236,0.0025246,0.0025219,0.0025215,0.0025206,0.0025289,0.0025286,0.002523,0.0025246,0.002527,0.0025256,0.0025225,0.002525,0.0025253,0.0025307,0.0025232,0.0025234,0.0025259,0.0025265,0.0025271,0.0025281,0.0025281,0.002528,0.0025292,0.0025281,0.0025298],"unit":"A"},"J":{"value":[-0.0002132375,-9.635625e-5,-1.52525e-5,5.212875e-5,0.00011099625,0.00015355,0.0001895875,0.000218075,0.000240425,0.0002568625,0.0002698875,0.000278925,0.0002868875,0.0002928875,0.0002967625,0.0003007125,0.00030285,0.000304625,0.0003059,0.00030685,0.00030815,0.000308925,0.0003093125,0.0003095875,0.000309975,0.000310725,0.000310825,0.000310775,0.0003116875,0.000311325,0.00031135,0.0003114625,0.0003119125,0.0003124125,0.00031255,0.0003121125,0.000312,0.00031255,0.0003129875,0.000312775,0.0003128375,0.0003131625,0.0003134125,0.000313675,0.0003133875,0.0003134,0.0003128875,0.000313675,0.0003140625,0.0003135875,0.0003134,0.0003133125,0.000313975,0.000314025,0.000314175,0.000314275,0.000313925,0.0003138125,0.00031395,0.000314225,0.000314525,0.0003144,0.000314425,0.000314575,0.0003148375,0.0003149,0.0003145375,0.0003148625,0.0003150875,0.0003153125,0.000314925,0.000315075,0.0003148125,0.000315175,0.00031545,0.000315575,0.0003152375,0.0003151875,0.000315075,0.0003161125,0.000316075,0.000315375,0.000315575,0.000315875,0.0003157,0.0003153125,0.000315625,0.0003156625,0.0003163375,0.0003154,0.000315425,0.0003157375,0.0003158125,0.0003158875,0.0003160125,0.0003160125,0.000316,0.00031615,0.0003160125,0.000316225],"unit":"A\/cm2"},"voc":{"unit":"V","value":1.1711},"isc":{"unit":"A","value":0.0025261},"jsc":{"unit":"mA\/cm2","value":20.209},"fill_factor":{"unit":"%","value":81.57},"pmax":{"unit":"mW","value":2.413},"vmax":{"unit":"V","value":1.003},"imax":{"unit":"mA","value":2.406},"rshunt":{"unit":"ohms","value":5770},"voc_slope":{"unit":"ohms","value":22.3},"efficiency":{"unit":"%","value":19.3},"monitor_cell_reading":{"unit":"mV","value":0},"monitor_cell_calibration_value":{"unit":"mV","value":0},"test_device_area":{"unit":"cm2","value":0.125},"num_of_series_connected_stacks":{"unit":"","value":1},"meter_integration":{"unit":"NPLC","value":0.1},"source_irradiance":{"unit":"mW\/cm2","value":100},"voltage_settling_time":{"unit":"ms","value":100},"sweep_direction":{"unit":"","value":"Reverse"},"irradiance_variation_correction":{"unit":"","value":"None"},"device_id":{"unit":"","value":"8-2-R"},"cell_dimension":{"unit":"cm2","value":0.125},"key":"Reverse_IV 8-2"},{"V":{"value":[1.2,1.187,1.174,1.161,1.147,1.134,1.121,1.108,1.095,1.082,1.069,1.056,1.042,1.029,1.016,1.003,0.99,0.977,0.964,0.951,0.937,0.924,0.911,0.898,0.885,0.872,0.859,0.845,0.832,0.819,0.806,0.793,0.78,0.767,0.754,0.74,0.727,0.714,0.701,0.688,0.675,0.662,0.648,0.635,0.622,0.609,0.596,0.583,0.57,0.557,0.543,0.53,0.517,0.504,0.491,0.478,0.465,0.452,0.438,0.425,0.412,0.399,0.386,0.373,0.36,0.346,0.333,0.32,0.307,0.294,0.281,0.268,0.255,0.241,0.228,0.215,0.202,0.189,0.176,0.163,0.149,0.136,0.123,0.11,0.097,0.084,0.071,0.058,0.044,0.031,0.018,0.005,-0.008,-0.021,-0.034,-0.047,-0.061,-0.074,-0.087,-0.1],"unit":"V"},"I":{"value":[-0.0022477,-0.0013487,-0.00062153,-8.6549e-5,0.00037255,0.00074634,0.0010242,0.0012906,0.0015039,0.0016796,0.0018158,0.0019277,0.0020234,0.002092,0.0021554,0.0022072,0.0022466,0.0022752,0.0023096,0.0023349,0.0023604,0.0023748,0.0023864,0.0024003,0.0024126,0.0024215,0.0024231,0.00243,0.0024385,0.0024418,0.002444,0.0024431,0.0024453,0.0024512,0.0024524,0.0024537,0.0024542,0.0024588,0.0024621,0.0024574,0.0024637,0.0024636,0.0024646,0.0024654,0.0024637,0.0024639,0.0024687,0.0024673,0.0024696,0.0024655,0.0024709,0.0024669,0.0024723,0.0024726,0.0024703,0.0024708,0.002471,0.0024756,0.0024785,0.0024748,0.0024762,0.0024768,0.0024777,0.0024819,0.0024772,0.0024785,0.0024778,0.0024825,0.0024793,0.0024813,0.002477,0.0024777,0.0024794,0.0024815,0.0024811,0.0024813,0.0024803,0.0024841,0.0024849,0.0024869,0.0024836,0.0024823,0.0024849,0.0024857,0.0024857,0.0024826,0.0024864,0.0024841,0.0024852,0.0024831,0.0024836,0.0024871,0.0024869,0.0024849,0.0024866,0.0024848,0.0024858,0.0024861,0.0024863,0.0024837],"unit":"A"},"J":{"value":[-0.0002809625,-0.0001685875,-7.769125e-5,-1.0818625e-5,4.656875e-5,9.32925e-5,0.000128025,0.000161325,0.0001879875,0.00020995,0.000226975,0.0002409625,0.000252925,0.0002615,0.000269425,0.0002759,0.000280825,0.0002844,0.0002887,0.0002918625,0.00029505,0.00029685,0.0002983,0.0003000375,0.000301575,0.0003026875,0.0003028875,0.00030375,0.0003048125,0.000305225,0.0003055,0.0003053875,0.0003056625,0.0003064,0.00030655,0.0003067125,0.000306775,0.00030735,0.0003077625,0.000307175,0.0003079625,0.00030795,0.000308075,0.000308175,0.0003079625,0.0003079875,0.0003085875,0.0003084125,0.0003087,0.0003081875,0.0003088625,0.0003083625,0.0003090375,0.000309075,0.0003087875,0.00030885,0.000308875,0.00030945,0.0003098125,0.00030935,0.000309525,0.0003096,0.0003097125,0.0003102375,0.00030965,0.0003098125,0.000309725,0.0003103125,0.0003099125,0.0003101625,0.000309625,0.0003097125,0.000309925,0.0003101875,0.0003101375,0.0003101625,0.0003100375,0.0003105125,0.0003106125,0.0003108625,0.00031045,0.0003102875,0.0003106125,0.0003107125,0.0003107125,0.000310325,0.0003108,0.0003105125,0.00031065,0.0003103875,0.00031045,0.0003108875,0.0003108625,0.0003106125,0.000310825,0.0003106,0.000310725,0.0003107625,0.0003107875,0.0003104625],"unit":"A\/cm2"},"voc":{"unit":"V","value":1.1584},"isc":{"unit":"A","value":0.002487},"jsc":{"unit":"mA\/cm2","value":19.896},"fill_factor":{"unit":"%","value":77.28},"pmax":{"unit":"mW","value":2.226},"vmax":{"unit":"V","value":0.964},"imax":{"unit":"mA","value":2.31},"rshunt":{"unit":"ohms","value":12800},"voc_slope":{"unit":"ohms","value":27.5},"efficiency":{"unit":"%","value":17.81},"monitor_cell_reading":{"unit":"mV","value":0},"monitor_cell_calibration_value":{"unit":"mV","value":0},"test_device_area":{"unit":"cm2","value":0.125},"num_of_series_connected_stacks":{"unit":"","value":1},"meter_integration":{"unit":"NPLC","value":0.1},"source_irradiance":{"unit":"mW\/cm2","value":100},"voltage_settling_time":{"unit":"ms","value":100},"sweep_direction":{"unit":"","value":"Reverse"},"irradiance_variation_correction":{"unit":"","value":"None"},"device_id":{"unit":"","value":"7-1-R"},"cell_dimension":{"unit":"cm2","value":0.125},"key":"Reverse_IV 7-1"},{"V":{"value":[1.2,1.187,1.174,1.161,1.147,1.134,1.121,1.108,1.095,1.082,1.069,1.056,1.042,1.029,1.016,1.003,0.99,0.977,0.964,0.951,0.937,0.924,0.911,0.898,0.885,0.872,0.859,0.845,0.832,0.819,0.806,0.793,0.78,0.767,0.754,0.74,0.727,0.714,0.701,0.688,0.675,0.662,0.648,0.635,0.622,0.609,0.596,0.583,0.57,0.557,0.543,0.53,0.517,0.504,0.491,0.478,0.465,0.452,0.438,0.425,0.412,0.399,0.386,0.373,0.36,0.346,0.333,0.32,0.307,0.294,0.281,0.268,0.255,0.241,0.228,0.215,0.202,0.189,0.176,0.163,0.149,0.136,0.123,0.11,0.097,0.084,0.071,0.058,0.044,0.031,0.018,0.005,-0.008,-0.021,-0.034,-0.047,-0.061,-0.074,-0.087,-0.1],"unit":"V"},"I":{"value":[-0.0029655,-0.0021004,-0.0013221,-0.000652,-7.2065e-5,0.0003691,0.00076534,0.0010669,0.0013388,0.0015552,0.0017253,0.0018683,0.0019807,0.0020667,0.0021382,0.0021986,0.0022429,0.0022799,0.0023123,0.0023325,0.0023552,0.002368,0.002377,0.0023848,0.0023923,0.0023938,0.0024012,0.0023983,0.002398,0.0024053,0.0024089,0.0024096,0.0024121,0.0024109,0.0024106,0.0024137,0.0024165,0.0024171,0.0024151,0.0024204,0.0024201,0.0024218,0.0024217,0.0024181,0.0024209,0.002425,0.0024227,0.0024279,0.0024239,0.0024252,0.0024251,0.0024282,0.0024299,0.0024272,0.0024256,0.002427,0.0024252,0.002428,0.0024272,0.0024262,0.002426,0.0024262,0.0024298,0.0024293,0.0024264,0.0024273,0.0024312,0.0024327,0.0024326,0.0024284,0.0024276,0.0024329,0.0024329,0.0024327,0.0024312,0.0024275,0.0024315,0.002433,0.0024334,0.0024341,0.0024307,0.0024328,0.0024316,0.0024332,0.0024323,0.0024303,0.0024332,0.0024362,0.0024316,0.0024323,0.0024301,0.0024317,0.0024368,0.0024352,0.0024366,0.0024349,0.0024377,0.0024366,0.0024373,0.0024337],"unit":"A"},"J":{"value":[-0.0003706875,-0.00026255,-0.0001652625,-8.15e-5,-9.008125e-6,4.61375e-5,9.56675e-5,0.0001333625,0.00016735,0.0001944,0.0002156625,0.0002335375,0.0002475875,0.0002583375,0.000267275,0.000274825,0.0002803625,0.0002849875,0.0002890375,0.0002915625,0.0002944,0.000296,0.000297125,0.0002981,0.0002990375,0.000299225,0.00030015,0.0002997875,0.00029975,0.0003006625,0.0003011125,0.0003012,0.0003015125,0.0003013625,0.000301325,0.0003017125,0.0003020625,0.0003021375,0.0003018875,0.00030255,0.0003025125,0.000302725,0.0003027125,0.0003022625,0.0003026125,0.000303125,0.0003028375,0.0003034875,0.0003029875,0.00030315,0.0003031375,0.000303525,0.0003037375,0.0003034,0.0003032,0.000303375,0.00030315,0.0003035,0.0003034,0.000303275,0.00030325,0.000303275,0.000303725,0.0003036625,0.0003033,0.0003034125,0.0003039,0.0003040875,0.000304075,0.00030355,0.00030345,0.0003041125,0.0003041125,0.0003040875,0.0003039,0.0003034375,0.0003039375,0.000304125,0.000304175,0.0003042625,0.0003038375,0.0003041,0.00030395,0.00030415,0.0003040375,0.0003037875,0.00030415,0.000304525,0.00030395,0.0003040375,0.0003037625,0.0003039625,0.0003046,0.0003044,0.000304575,0.0003043625,0.0003047125,0.000304575,0.0003046625,0.0003042125],"unit":"A\/cm2"},"voc":{"unit":"V","value":1.1449},"isc":{"unit":"A","value":0.0024337},"jsc":{"unit":"mA\/cm2","value":19.469},"fill_factor":{"unit":"%","value":80},"pmax":{"unit":"mW","value":2.229},"vmax":{"unit":"V","value":0.964},"imax":{"unit":"mA","value":2.312},"rshunt":{"unit":"ohms","value":8050},"voc_slope":{"unit":"ohms","value":27.3},"efficiency":{"unit":"%","value":17.83},"monitor_cell_reading":{"unit":"mV","value":0},"monitor_cell_calibration_value":{"unit":"mV","value":0},"test_device_area":{"unit":"cm2","value":0.125},"num_of_series_connected_stacks":{"unit":"","value":1},"meter_integration":{"unit":"NPLC","value":0.1},"source_irradiance":{"unit":"mW\/cm2","value":100},"voltage_settling_time":{"unit":"ms","value":100},"sweep_direction":{"unit":"","value":"Reverse"},"irradiance_variation_correction":{"unit":"","value":"None"},"device_id":{"unit":"","value":"4-4-R"},"cell_dimension":{"unit":"cm2","value":0.125},"key":"Reverse_IV 4-4"},{"V":{"value":[1.2,1.187,1.174,1.161,1.147,1.134,1.121,1.108,1.095,1.082,1.069,1.056,1.042,1.029,1.016,1.003,0.99,0.977,0.964,0.951,0.937,0.924,0.911,0.898,0.885,0.872,0.859,0.845,0.832,0.819,0.806,0.793,0.78,0.767,0.754,0.74,0.727,0.714,0.701,0.688,0.675,0.662,0.648,0.635,0.622,0.609,0.596,0.583,0.57,0.557,0.543,0.53,0.517,0.504,0.491,0.478,0.465,0.452,0.438,0.425,0.412,0.399,0.386,0.373,0.36,0.346,0.333,0.32,0.307,0.294,0.281,0.268,0.255,0.241,0.228,0.215,0.202,0.189,0.176,0.163,0.149,0.136,0.123,0.11,0.097,0.084,0.071,0.058,0.044,0.031,0.018,0.005,-0.008,-0.021,-0.034,-0.047,-0.061,-0.074,-0.087,-0.1],"unit":"V"},"I":{"value":[-0.0021578,-0.0012772,-0.00054806,8.3159e-6,0.00049568,0.0008841,0.0011807,0.0014417,0.0016534,0.0018143,0.0019387,0.0020377,0.0021152,0.0021738,0.0022242,0.0022566,0.0022819,0.0023044,0.0023217,0.0023356,0.0023445,0.0023514,0.0023578,0.0023672,0.0023695,0.0023728,0.0023727,0.002373,0.002379,0.0023817,0.002383,0.0023811,0.0023847,0.0023864,0.0023879,0.0023925,0.002392,0.0023917,0.0023924,0.0023928,0.0023965,0.0023971,0.0023978,0.0023976,0.0023997,0.0024016,0.0024015,0.0024006,0.0024009,0.0024011,0.0024026,0.0024052,0.0024032,0.0024035,0.0024023,0.0024071,0.0024046,0.0024064,0.0024046,0.0024111,0.0024119,0.002409,0.0024102,0.0024072,0.0024137,0.0024121,0.0024089,0.0024115,0.0024123,0.0024114,0.0024135,0.0024121,0.0024126,0.0024118,0.0024164,0.0024167,0.0024152,0.0024113,0.00241,0.0024149,0.0024161,0.0024157,0.0024178,0.002414,0.0024147,0.0024166,0.0024175,0.0024167,0.0024165,0.0024181,0.002417,0.0024212,0.0024183,0.0024182,0.0024177,0.0024236,0.0024212,0.0024183,0.0024174,0.0024195],"unit":"A"},"J":{"value":[-0.000269725,-0.00015965,-6.85075e-5,1.0394875e-6,6.196e-5,0.0001105125,0.0001475875,0.0001802125,0.000206675,0.0002267875,0.0002423375,0.0002547125,0.0002644,0.000271725,0.000278025,0.000282075,0.0002852375,0.00028805,0.0002902125,0.00029195,0.0002930625,0.000293925,0.000294725,0.0002959,0.0002961875,0.0002966,0.0002965875,0.000296625,0.000297375,0.0002977125,0.000297875,0.0002976375,0.0002980875,0.0002983,0.0002984875,0.0002990625,0.000299,0.0002989625,0.00029905,0.0002991,0.0002995625,0.0002996375,0.000299725,0.0002997,0.0002999625,0.0003002,0.0003001875,0.000300075,0.0003001125,0.0003001375,0.000300325,0.00030065,0.0003004,0.0003004375,0.0003002875,0.0003008875,0.000300575,0.0003008,0.000300575,0.0003013875,0.0003014875,0.000301125,0.000301275,0.0003009,0.0003017125,0.0003015125,0.0003011125,0.0003014375,0.0003015375,0.000301425,0.0003016875,0.0003015125,0.000301575,0.000301475,0.00030205,0.0003020875,0.0003019,0.0003014125,0.00030125,0.0003018625,0.0003020125,0.0003019625,0.000302225,0.00030175,0.0003018375,0.000302075,0.0003021875,0.0003020875,0.0003020625,0.0003022625,0.000302125,0.00030265,0.0003022875,0.000302275,0.0003022125,0.00030295,0.00030265,0.0003022875,0.000302175,0.0003024375],"unit":"A\/cm2"},"voc":{"unit":"V","value":1.1612},"isc":{"unit":"A","value":0.0024201},"jsc":{"unit":"mA\/cm2","value":19.361},"fill_factor":{"unit":"%","value":80.54},"pmax":{"unit":"mW","value":2.263},"vmax":{"unit":"V","value":1.003},"imax":{"unit":"mA","value":2.257},"rshunt":{"unit":"ohms","value":11600},"voc_slope":{"unit":"ohms","value":26.6},"efficiency":{"unit":"%","value":18.11},"monitor_cell_reading":{"unit":"mV","value":0},"monitor_cell_calibration_value":{"unit":"mV","value":0},"test_device_area":{"unit":"cm2","value":0.125},"num_of_series_connected_stacks":{"unit":"","value":1},"meter_integration":{"unit":"NPLC","value":0.1},"source_irradiance":{"unit":"mW\/cm2","value":100},"voltage_settling_time":{"unit":"ms","value":100},"sweep_direction":{"unit":"","value":"Reverse"},"irradiance_variation_correction":{"unit":"","value":"None"},"device_id":{"unit":"","value":"4-1-R"},"cell_dimension":{"unit":"cm2","value":0.125},"key":"Reverse_IV 4-1"},{"V":{"value":[1.2,1.187,1.174,1.161,1.147,1.134,1.121,1.108,1.095,1.082,1.069,1.056,1.042,1.029,1.016,1.003,0.99,0.977,0.964,0.951,0.937,0.924,0.911,0.898,0.885,0.872,0.859,0.845,0.832,0.819,0.806,0.793,0.78,0.767,0.754,0.74,0.727,0.714,0.701,0.688,0.675,0.662,0.648,0.635,0.622,0.609,0.596,0.583,0.57,0.557,0.543,0.53,0.517,0.504,0.491,0.478,0.465,0.452,0.438,0.425,0.412,0.399,0.386,0.373,0.36,0.346,0.333,0.32,0.307,0.294,0.281,0.268,0.255,0.241,0.228,0.215,0.202,0.189,0.176,0.163,0.149,0.136,0.123,0.11,0.097,0.084,0.071,0.058,0.044,0.031,0.018,0.005,-0.008,-0.021,-0.034,-0.047,-0.061,-0.074,-0.087,-0.1],"unit":"V"},"I":{"value":[-0.0022334,-0.0012611,-0.00047971,0.00010339,0.00061785,0.001002,0.0013021,0.0015581,0.0017608,0.0019127,0.0020338,0.0021301,0.0022079,0.0022617,0.0023031,0.0023388,0.0023622,0.0023786,0.0023956,0.0024038,0.002401,0.002404,0.002433,0.0024394,0.0024402,0.002444,0.0024493,0.0024564,0.0024532,0.0024565,0.0024562,0.0024622,0.0024661,0.0024647,0.0024671,0.0024664,0.0024678,0.0024244,0.0024701,0.0024705,0.0024701,0.0024718,0.0024695,0.002475,0.002477,0.0024775,0.0024779,0.0024771,0.0024816,0.0024814,0.0024827,0.0024848,0.0024822,0.0024811,0.0024842,0.0024855,0.0024837,0.0024853,0.0024831,0.0024866,0.0024883,0.0024866,0.0024855,0.0024878,0.0024896,0.0024907,0.0024913,0.0024921,0.0024904,0.0024883,0.0024928,0.0024918,0.0024907,0.002491,0.0024966,0.0024952,0.0024897,0.0024936,0.0024961,0.0024971,0.0024937,0.002494,0.0024952,0.002499,0.0024961,0.002495,0.0024935,0.0024942,0.0024991,0.0024963,0.0024978,0.0025015,0.0025026,0.0025,0.0024973,0.0025028,0.0025025,0.0025003,0.0024984,0.002498],"unit":"A"},"J":{"value":[-0.000279175,-0.0001576375,-5.996375e-5,1.292375e-5,7.723125e-5,0.00012525,0.0001627625,0.0001947625,0.0002201,0.0002390875,0.000254225,0.0002662625,0.0002759875,0.0002827125,0.0002878875,0.00029235,0.000295275,0.000297325,0.00029945,0.000300475,0.000300125,0.0003005,0.000304125,0.000304925,0.000305025,0.0003055,0.0003061625,0.00030705,0.00030665,0.0003070625,0.000307025,0.000307775,0.0003082625,0.0003080875,0.0003083875,0.0003083,0.000308475,0.00030305,0.0003087625,0.0003088125,0.0003087625,0.000308975,0.0003086875,0.000309375,0.000309625,0.0003096875,0.0003097375,0.0003096375,0.0003102,0.000310175,0.0003103375,0.0003106,0.000310275,0.0003101375,0.000310525,0.0003106875,0.0003104625,0.0003106625,0.0003103875,0.000310825,0.0003110375,0.000310825,0.0003106875,0.000310975,0.0003112,0.0003113375,0.0003114125,0.0003115125,0.0003113,0.0003110375,0.0003116,0.000311475,0.0003113375,0.000311375,0.000312075,0.0003119,0.0003112125,0.0003117,0.0003120125,0.0003121375,0.0003117125,0.00031175,0.0003119,0.000312375,0.0003120125,0.000311875,0.0003116875,0.000311775,0.0003123875,0.0003120375,0.000312225,0.0003126875,0.000312825,0.0003125,0.0003121625,0.00031285,0.0003128125,0.0003125375,0.0003123,0.00031225],"unit":"A\/cm2"},"voc":{"unit":"V","value":1.1633},"isc":{"unit":"A","value":0.0025019},"jsc":{"unit":"mA\/cm2","value":20.015},"fill_factor":{"unit":"%","value":80.6},"pmax":{"unit":"mW","value":2.346},"vmax":{"unit":"V","value":1.003},"imax":{"unit":"mA","value":2.339},"rshunt":{"unit":"ohms","value":9390},"voc_slope":{"unit":"ohms","value":25.4},"efficiency":{"unit":"%","value":18.77},"monitor_cell_reading":{"unit":"mV","value":0},"monitor_cell_calibration_value":{"unit":"mV","value":0},"test_device_area":{"unit":"cm2","value":0.125},"num_of_series_connected_stacks":{"unit":"","value":1},"meter_integration":{"unit":"NPLC","value":0.1},"source_irradiance":{"unit":"mW\/cm2","value":100},"voltage_settling_time":{"unit":"ms","value":100},"sweep_direction":{"unit":"","value":"Reverse"},"irradiance_variation_correction":{"unit":"","value":"None"},"device_id":{"unit":"","value":"2-2-R"},"cell_dimension":{"unit":"cm2","value":0.125},"key":"Reverse_IV 2-2"},{"V":{"value":[1.2,1.187,1.174,1.161,1.147,1.134,1.121,1.108,1.095,1.082,1.069,1.056,1.042,1.029,1.016,1.003,0.99,0.977,0.964,0.951,0.937,0.924,0.911,0.898,0.885,0.872,0.859,0.845,0.832,0.819,0.806,0.793,0.78,0.767,0.754,0.74,0.727,0.714,0.701,0.688,0.675,0.662,0.648,0.635,0.622,0.609,0.596,0.583,0.57,0.557,0.543,0.53,0.517,0.504,0.491,0.478,0.465,0.452,0.438,0.425,0.412,0.399,0.386,0.373,0.36,0.346,0.333,0.32,0.307,0.294,0.281,0.268,0.255,0.241,0.228,0.215,0.202,0.189,0.176,0.163,0.149,0.136,0.123,0.11,0.097,0.084,0.071,0.058,0.044,0.031,0.018,0.005,-0.008,-0.021,-0.034,-0.047,-0.061,-0.074,-0.087,-0.1],"unit":"V"},"I":{"value":[-0.0028143,-0.0028144,-0.0023436,-0.0016288,-0.0009445,-0.00039456,6.3776e-5,0.00045574,0.00080863,0.0010792,0.0013201,0.0015131,0.0016745,0.0017982,0.0018913,0.0019623,0.0020199,0.0020649,0.0021035,0.0021321,0.0021557,0.0021717,0.0021888,0.0022001,0.0022094,0.0022161,0.0022215,0.0022302,0.0022395,0.0022419,0.0022428,0.0022478,0.00225,0.0022545,0.0022607,0.0022628,0.0022636,0.0022652,0.0022697,0.0022725,0.0022729,0.0022757,0.0022782,0.0022758,0.0022775,0.0022809,0.0022859,0.0022867,0.0022839,0.0022837,0.0022856,0.0022901,0.0022918,0.0022904,0.0022879,0.0022914,0.0022905,0.0022951,0.0022941,0.002292,0.0022941,0.0022969,0.0023002,0.0022981,0.0022998,0.0022959,0.0023004,0.002302,0.0023018,0.0023031,0.0023003,0.0023037,0.0023025,0.0023057,0.0023089,0.0023054,0.0023043,0.0023054,0.0023095,0.0023082,0.0023085,0.0023069,0.0023066,0.0023076,0.0023119,0.0023125,0.0023111,0.0023106,0.0023132,0.0023138,0.0023158,0.0023116,0.0023132,0.0023138,0.0023157,0.0023158,0.0023136,0.0023155,0.0023155,0.0023196],"unit":"A"},"J":{"value":[-0.0003517875,-0.0003518,-0.00029295,-0.0002036,-0.0001180625,-4.932e-5,7.972e-6,5.69675e-5,0.00010107875,0.0001349,0.0001650125,0.0001891375,0.0002093125,0.000224775,0.0002364125,0.0002452875,0.0002524875,0.0002581125,0.0002629375,0.0002665125,0.0002694625,0.0002714625,0.0002736,0.0002750125,0.000276175,0.0002770125,0.0002776875,0.000278775,0.0002799375,0.0002802375,0.00028035,0.000280975,0.00028125,0.0002818125,0.0002825875,0.00028285,0.00028295,0.00028315,0.0002837125,0.0002840625,0.0002841125,0.0002844625,0.000284775,0.000284475,0.0002846875,0.0002851125,0.0002857375,0.0002858375,0.0002854875,0.0002854625,0.0002857,0.0002862625,0.000286475,0.0002863,0.0002859875,0.000286425,0.0002863125,0.0002868875,0.0002867625,0.0002865,0.0002867625,0.0002871125,0.000287525,0.0002872625,0.000287475,0.0002869875,0.00028755,0.00028775,0.000287725,0.0002878875,0.0002875375,0.0002879625,0.0002878125,0.0002882125,0.0002886125,0.000288175,0.0002880375,0.000288175,0.0002886875,0.000288525,0.0002885625,0.0002883625,0.000288325,0.00028845,0.0002889875,0.0002890625,0.0002888875,0.000288825,0.00028915,0.000289225,0.000289475,0.00028895,0.00028915,0.000289225,0.0002894625,0.000289475,0.0002892,0.0002894375,0.0002894375,0.00028995],"unit":"A\/cm2"},"voc":{"unit":"V","value":1.1228},"isc":{"unit":"A","value":0.0023122},"jsc":{"unit":"mA\/cm2","value":18.498},"fill_factor":{"unit":"%","value":78.11},"pmax":{"unit":"mW","value":2.028},"vmax":{"unit":"V","value":0.964},"imax":{"unit":"mA","value":2.104},"rshunt":{"unit":"ohms","value":12100},"voc_slope":{"unit":"ohms","value":31.8},"efficiency":{"unit":"%","value":16.22},"monitor_cell_reading":{"unit":"mV","value":0},"monitor_cell_calibration_value":{"unit":"mV","value":0},"test_device_area":{"unit":"cm2","value":0.125},"num_of_series_connected_stacks":{"unit":"","value":1},"meter_integration":{"unit":"NPLC","value":0.1},"source_irradiance":{"unit":"mW\/cm2","value":100},"voltage_settling_time":{"unit":"ms","value":100},"sweep_direction":{"unit":"","value":"Reverse"},"irradiance_variation_correction":{"unit":"","value":"None"},"device_id":{"unit":"","value":"1-3-R"},"cell_dimension":{"unit":"cm2","value":0.125},"key":"Reverse_IV 1-3"},{"V":{"value":[1.2,1.187,1.174,1.161,1.147,1.134,1.121,1.108,1.095,1.082,1.069,1.056,1.042,1.029,1.016,1.003,0.99,0.977,0.964,0.951,0.937,0.924,0.911,0.898,0.885,0.872,0.859,0.845,0.832,0.819,0.806,0.793,0.78,0.767,0.754,0.74,0.727,0.714,0.701,0.688,0.675,0.662,0.648,0.635,0.622,0.609,0.596,0.583,0.57,0.557,0.543,0.53,0.517,0.504,0.491,0.478,0.465,0.452,0.438,0.425,0.412,0.399,0.386,0.373,0.36,0.346,0.333,0.32,0.307,0.294,0.281,0.268,0.255,0.241,0.228,0.215,0.202,0.189,0.176,0.163,0.149,0.136,0.123,0.11,0.097,0.084,0.071,0.058,0.044,0.031,0.018,0.005,-0.008,-0.021,-0.034,-0.047,-0.061,-0.074,-0.087,-0.1],"unit":"V"},"I":{"value":[-0.0028365,-0.0028365,-0.0024389,-0.0016833,-0.000963,-0.00038909,0.00010204,0.00051954,0.00086715,0.0011303,0.0013751,0.0015667,0.001729,0.0018394,0.0019321,0.0020018,0.0020545,0.0021011,0.0021367,0.0021611,0.002182,0.0022,0.0022135,0.0022277,0.0022344,0.0022417,0.0022458,0.0022565,0.0022588,0.002262,0.0022647,0.0022681,0.0022762,0.0022802,0.002278,0.0022822,0.0022877,0.0022876,0.0022925,0.0022909,0.0022953,0.002296,0.0023018,0.0023015,0.0023026,0.0023014,0.0023017,0.0023061,0.0023096,0.0023094,0.0023098,0.0023098,0.0023134,0.0023139,0.0023112,0.0023121,0.0023114,0.0023188,0.0023179,0.0023172,0.0023169,0.0023164,0.0023216,0.0023208,0.0023205,0.0023211,0.0023247,0.0023226,0.0023245,0.0023244,0.0023254,0.0023269,0.0023286,0.0023282,0.0023301,0.0023274,0.0023281,0.0023273,0.0023336,0.0023308,0.0023299,0.0023302,0.0023332,0.0023311,0.0023354,0.0023323,0.0023371,0.0023354,0.0023355,0.0023336,0.0023374,0.002335,0.0023365,0.0023365,0.002334,0.0023338,0.0023368,0.002342,0.0023383,0.002337],"unit":"A"},"J":{"value":[-0.0003545625,-0.0003545625,-0.0003048625,-0.0002104125,-0.000120375,-4.863625e-5,1.2755e-5,6.49425e-5,0.00010839375,0.0001412875,0.0001718875,0.0001958375,0.000216125,0.000229925,0.0002415125,0.000250225,0.0002568125,0.0002626375,0.0002670875,0.0002701375,0.00027275,0.000275,0.0002766875,0.0002784625,0.0002793,0.0002802125,0.000280725,0.0002820625,0.00028235,0.00028275,0.0002830875,0.0002835125,0.000284525,0.000285025,0.00028475,0.000285275,0.0002859625,0.00028595,0.0002865625,0.0002863625,0.0002869125,0.000287,0.000287725,0.0002876875,0.000287825,0.000287675,0.0002877125,0.0002882625,0.0002887,0.000288675,0.000288725,0.000288725,0.000289175,0.0002892375,0.0002889,0.0002890125,0.000288925,0.00028985,0.0002897375,0.00028965,0.0002896125,0.00028955,0.0002902,0.0002901,0.0002900625,0.0002901375,0.0002905875,0.000290325,0.0002905625,0.00029055,0.000290675,0.0002908625,0.000291075,0.000291025,0.0002912625,0.000290925,0.0002910125,0.0002909125,0.0002917,0.00029135,0.0002912375,0.000291275,0.00029165,0.0002913875,0.000291925,0.0002915375,0.0002921375,0.000291925,0.0002919375,0.0002917,0.000292175,0.000291875,0.0002920625,0.0002920625,0.00029175,0.000291725,0.0002921,0.00029275,0.0002922875,0.000292125],"unit":"A\/cm2"},"voc":{"unit":"V","value":1.1237},"isc":{"unit":"A","value":0.0023356},"jsc":{"unit":"mA\/cm2","value":18.685},"fill_factor":{"unit":"%","value":78.48},"pmax":{"unit":"mW","value":2.06},"vmax":{"unit":"V","value":0.964},"imax":{"unit":"mA","value":2.137},"rshunt":{"unit":"ohms","value":1030},"voc_slope":{"unit":"ohms","value":30.5},"efficiency":{"unit":"%","value":16.48},"monitor_cell_reading":{"unit":"mV","value":0},"monitor_cell_calibration_value":{"unit":"mV","value":0},"test_device_area":{"unit":"cm2","value":0.125},"num_of_series_connected_stacks":{"unit":"","value":1},"meter_integration":{"unit":"NPLC","value":0.1},"source_irradiance":{"unit":"mW\/cm2","value":100},"voltage_settling_time":{"unit":"ms","value":100},"sweep_direction":{"unit":"","value":"Reverse"},"irradiance_variation_correction":{"unit":"","value":"None"},"device_id":{"unit":"","value":"1-2-R"},"cell_dimension":{"unit":"cm2","value":0.125},"key":"Reverse_IV 1-2"},{"V":{"value":[-0.1,-0.087,-0.074,-0.061,-0.047,-0.034,-0.021,-0.008,0.005,0.018,0.031,0.044,0.058,0.071,0.084,0.097,0.11,0.123,0.136,0.149,0.163,0.176,0.189,0.202,0.215,0.228,0.241,0.255,0.268,0.281,0.294,0.307,0.32,0.333,0.346,0.36,0.373,0.386,0.399,0.412,0.425,0.438,0.452,0.465,0.478,0.491,0.504,0.517,0.53,0.543,0.557,0.57,0.583,0.596,0.609,0.622,0.635,0.648,0.662,0.675,0.688,0.701,0.714,0.727,0.74,0.754,0.767,0.78,0.793,0.806,0.819,0.832,0.845,0.859,0.872,0.885,0.898,0.911,0.924,0.937,0.951,0.964,0.977,0.99,1.003,1.016,1.029,1.042,1.056,1.069,1.082,1.095,1.108,1.121,1.134,1.147,1.161,1.174,1.187,1.2],"unit":"V"},"I":{"value":[0.0022472,0.0022392,0.002236,0.002233,0.0022339,0.0022351,0.0022339,0.0022264,0.0022318,0.0022267,0.002226,0.0022228,0.0022206,0.0022184,0.002223,0.0022195,0.0022151,0.002216,0.0022147,0.0022131,0.0022069,0.0022051,0.0022027,0.002206,0.0022018,0.0021998,0.0021961,0.0021954,0.0021948,0.0021897,0.0021887,0.0021854,0.0021869,0.0021844,0.0021815,0.0021774,0.0021785,0.0021765,0.0021731,0.0021709,0.0021674,0.0021647,0.0021633,0.0021635,0.0021574,0.0021581,0.0021537,0.0021493,0.002145,0.0021428,0.0021391,0.0021384,0.0021337,0.0021308,0.0021287,0.0021279,0.0021212,0.00212,0.0021126,0.0021087,0.0021076,0.0021028,0.0020988,0.0020943,0.0020866,0.0020882,0.0020796,0.0020784,0.0020695,0.0020622,0.0020575,0.0020565,0.0020468,0.002039,0.0020307,0.0020189,0.0020126,0.0020061,0.0019936,0.0019789,0.0019644,0.0019467,0.0019294,0.0019041,0.0018777,0.0018415,0.0018018,0.0017463,0.0016678,0.001577,0.0014609,0.0013154,0.0011325,0.00090467,0.00061927,0.00027744,-0.00017013,-0.00065729,-0.0012073,-0.0018498],"unit":"A"},"J":{"value":[0.0002809,0.0002799,0.0002795,0.000279125,0.0002792375,0.0002793875,0.0002792375,0.0002783,0.000278975,0.0002783375,0.00027825,0.00027785,0.000277575,0.0002773,0.000277875,0.0002774375,0.0002768875,0.000277,0.0002768375,0.0002766375,0.0002758625,0.0002756375,0.0002753375,0.00027575,0.000275225,0.000274975,0.0002745125,0.000274425,0.00027435,0.0002737125,0.0002735875,0.000273175,0.0002733625,0.00027305,0.0002726875,0.000272175,0.0002723125,0.0002720625,0.0002716375,0.0002713625,0.000270925,0.0002705875,0.0002704125,0.0002704375,0.000269675,0.0002697625,0.0002692125,0.0002686625,0.000268125,0.00026785,0.0002673875,0.0002673,0.0002667125,0.00026635,0.0002660875,0.0002659875,0.00026515,0.000265,0.000264075,0.0002635875,0.00026345,0.00026285,0.00026235,0.0002617875,0.000260825,0.000261025,0.00025995,0.0002598,0.0002586875,0.000257775,0.0002571875,0.0002570625,0.00025585,0.000254875,0.0002538375,0.0002523625,0.000251575,0.0002507625,0.0002492,0.0002473625,0.00024555,0.0002433375,0.000241175,0.0002380125,0.0002347125,0.0002301875,0.000225225,0.0002182875,0.000208475,0.000197125,0.0001826125,0.000164425,0.0001415625,0.00011308375,7.740875e-5,3.468e-5,-2.126625e-5,-8.216125e-5,-0.0001509125,-0.000231225],"unit":"A\/cm2"},"voc":{"unit":"V","value":1.1557},"isc":{"unit":"A","value":0.0022297},"jsc":{"unit":"mA\/cm2","value":17.838},"fill_factor":{"unit":"%","value":73.15},"pmax":{"unit":"mW","value":1.885},"vmax":{"unit":"V","value":0.99},"imax":{"unit":"mA","value":1.904},"rshunt":{"unit":"ohms","value":6860},"voc_slope":{"unit":"ohms","value":30.8},"efficiency":{"unit":"%","value":15.08},"monitor_cell_reading":{"unit":"mV","value":0},"monitor_cell_calibration_value":{"unit":"mV","value":0},"test_device_area":{"unit":"cm2","value":0.125},"num_of_series_connected_stacks":{"unit":"","value":1},"meter_integration":{"unit":"NPLC","value":0.1},"source_irradiance":{"unit":"mW\/cm2","value":100},"voltage_settling_time":{"unit":"ms","value":100},"sweep_direction":{"unit":"","value":"Forward"},"irradiance_variation_correction":{"unit":"","value":"None"},"device_id":{"unit":"","value":"8-3-F"},"cell_dimension":{"unit":"cm2","value":0.125},"key":"Forward_IV 8-3"},{"V":{"value":[-0.1,-0.087,-0.074,-0.061,-0.047,-0.034,-0.021,-0.008,0.005,0.018,0.031,0.044,0.058,0.071,0.084,0.097,0.11,0.123,0.136,0.149,0.163,0.176,0.189,0.202,0.215,0.228,0.241,0.255,0.268,0.281,0.294,0.307,0.32,0.333,0.346,0.36,0.373,0.386,0.399,0.412,0.425,0.438,0.452,0.465,0.478,0.491,0.504,0.517,0.53,0.543,0.557,0.57,0.583,0.596,0.609,0.622,0.635,0.648,0.662,0.675,0.688,0.701,0.714,0.727,0.74,0.754,0.767,0.78,0.793,0.806,0.819,0.832,0.845,0.859,0.872,0.885,0.898,0.911,0.924,0.937,0.951,0.964,0.977,0.99,1.003,1.016,1.029,1.042,1.056,1.069,1.082,1.095,1.108,1.121,1.134,1.147,1.161,1.174,1.187,1.2],"unit":"V"},"I":{"value":[0.0025435,0.002538,0.0025326,0.002533,0.0025305,0.002528,0.0025243,0.0025306,0.0025323,0.0025292,0.0025255,0.0025254,0.0025239,0.002526,0.0025285,0.0025274,0.0025244,0.0025216,0.0025248,0.0025201,0.002525,0.0025236,0.002524,0.00252,0.0025207,0.0025266,0.0025234,0.0025237,0.0025212,0.0025224,0.0025211,0.0025234,0.0025165,0.0025172,0.0025183,0.0025165,0.0025163,0.0025145,0.0025174,0.0025144,0.0025126,0.0025133,0.0025196,0.0025142,0.0025142,0.0025115,0.0025156,0.002512,0.0025123,0.0025089,0.0025064,0.0025102,0.0025113,0.0025133,0.002508,0.0025088,0.0025084,0.002505,0.0025115,0.0025053,0.0025048,0.0025013,0.0025085,0.0025036,0.0025006,0.0024951,0.0024978,0.002501,0.0024939,0.0024927,0.0024878,0.0024909,0.0024859,0.0024826,0.0024772,0.002474,0.0024683,0.0024652,0.0024584,0.0024473,0.0024333,0.0024212,0.0024051,0.0023818,0.0023447,0.0023082,0.0022589,0.0021883,0.0020846,0.0019709,0.001827,0.0016364,0.0014081,0.0011228,0.00080258,0.00039606,-0.00012427,-0.00067494,-0.0012609,-0.0019712],"unit":"A"},"J":{"value":[0.0003179375,0.00031725,0.000316575,0.000316625,0.0003163125,0.000316,0.0003155375,0.000316325,0.0003165375,0.00031615,0.0003156875,0.000315675,0.0003154875,0.00031575,0.0003160625,0.000315925,0.00031555,0.0003152,0.0003156,0.0003150125,0.000315625,0.00031545,0.0003155,0.000315,0.0003150875,0.000315825,0.000315425,0.0003154625,0.00031515,0.0003153,0.0003151375,0.000315425,0.0003145625,0.00031465,0.0003147875,0.0003145625,0.0003145375,0.0003143125,0.000314675,0.0003143,0.000314075,0.0003141625,0.00031495,0.000314275,0.000314275,0.0003139375,0.00031445,0.000314,0.0003140375,0.0003136125,0.0003133,0.000313775,0.0003139125,0.0003141625,0.0003135,0.0003136,0.00031355,0.000313125,0.0003139375,0.0003131625,0.0003131,0.0003126625,0.0003135625,0.00031295,0.000312575,0.0003118875,0.000312225,0.000312625,0.0003117375,0.0003115875,0.000310975,0.0003113625,0.0003107375,0.000310325,0.00030965,0.00030925,0.0003085375,0.00030815,0.0003073,0.0003059125,0.0003041625,0.00030265,0.0003006375,0.000297725,0.0002930875,0.000288525,0.0002823625,0.0002735375,0.000260575,0.0002463625,0.000228375,0.00020455,0.0001760125,0.00014035,0.0001003225,4.95075e-5,-1.553375e-5,-8.43675e-5,-0.0001576125,-0.0002464],"unit":"A\/cm2"},"voc":{"unit":"V","value":1.1577},"isc":{"unit":"A","value":0.0025316},"jsc":{"unit":"mA\/cm2","value":20.253},"fill_factor":{"unit":"%","value":80.46},"pmax":{"unit":"mW","value":2.358},"vmax":{"unit":"V","value":0.99},"imax":{"unit":"mA","value":2.382},"rshunt":{"unit":"ohms","value":7430},"voc_slope":{"unit":"ohms","value":27.2},"efficiency":{"unit":"%","value":18.86},"monitor_cell_reading":{"unit":"mV","value":0},"monitor_cell_calibration_value":{"unit":"mV","value":0},"test_device_area":{"unit":"cm2","value":0.125},"num_of_series_connected_stacks":{"unit":"","value":1},"meter_integration":{"unit":"NPLC","value":0.1},"source_irradiance":{"unit":"mW\/cm2","value":100},"voltage_settling_time":{"unit":"ms","value":100},"sweep_direction":{"unit":"","value":"Forward"},"irradiance_variation_correction":{"unit":"","value":"None"},"device_id":{"unit":"","value":"8-2-F"},"cell_dimension":{"unit":"cm2","value":0.125},"key":"Forward_IV 8-2"},{"V":{"value":[-0.1,-0.087,-0.074,-0.061,-0.047,-0.034,-0.021,-0.008,0.005,0.018,0.031,0.044,0.058,0.071,0.084,0.097,0.11,0.123,0.136,0.149,0.163,0.176,0.189,0.202,0.215,0.228,0.241,0.255,0.268,0.281,0.294,0.307,0.32,0.333,0.346,0.36,0.373,0.386,0.399,0.412,0.425,0.438,0.452,0.465,0.478,0.491,0.504,0.517,0.53,0.543,0.557,0.57,0.583,0.596,0.609,0.622,0.635,0.648,0.662,0.675,0.688,0.701,0.714,0.727,0.74,0.754,0.767,0.78,0.793,0.806,0.819,0.832,0.845,0.859,0.872,0.885,0.898,0.911,0.924,0.937,0.951,0.964,0.977,0.99,1.003,1.016,1.029,1.042,1.056,1.069,1.082,1.095,1.108,1.121,1.134,1.147,1.161,1.174,1.187,1.2],"unit":"V"},"I":{"value":[0.002526,0.0025174,0.0025117,0.0025066,0.0025043,0.0025023,0.0025001,0.0024975,0.0025004,0.0024953,0.0024926,0.0024935,0.0024899,0.0024902,0.0024929,0.0024896,0.0024906,0.0024912,0.0024941,0.0024927,0.0024898,0.0024891,0.0024881,0.0024918,0.0024866,0.0024873,0.0024845,0.0024859,0.0024863,0.0024865,0.0024852,0.0024834,0.0024823,0.0024839,0.002481,0.0024804,0.0024779,0.0024774,0.0024793,0.0024815,0.0024796,0.0024778,0.002476,0.0024751,0.0024776,0.0024776,0.0024759,0.0024753,0.0024721,0.0024764,0.0024729,0.0024688,0.0024644,0.0024689,0.0024669,0.0024666,0.0024622,0.0024586,0.0024574,0.0024569,0.0024572,0.0024564,0.0024513,0.0024519,0.0024498,0.0024506,0.0024416,0.0024378,0.0024322,0.0024295,0.0024257,0.0024128,0.0024014,0.0023929,0.0023745,0.0023534,0.0023267,0.0022951,0.0022653,0.0022179,0.0021657,0.0021065,0.0020397,0.0019506,0.0018595,0.0017569,0.0016359,0.0014883,0.0013153,0.0011394,0.0010034,0.00076399,0.00050392,0.00021015,-0.00010841,-0.00045938,-0.00088988,-0.0011992,-0.0016931,-0.0022193],"unit":"A"},"J":{"value":[0.00031575,0.000314675,0.0003139625,0.000313325,0.0003130375,0.0003127875,0.0003125125,0.0003121875,0.00031255,0.0003119125,0.000311575,0.0003116875,0.0003112375,0.000311275,0.0003116125,0.0003112,0.000311325,0.0003114,0.0003117625,0.0003115875,0.000311225,0.0003111375,0.0003110125,0.000311475,0.000310825,0.0003109125,0.0003105625,0.0003107375,0.0003107875,0.0003108125,0.00031065,0.000310425,0.0003102875,0.0003104875,0.000310125,0.00031005,0.0003097375,0.000309675,0.0003099125,0.0003101875,0.00030995,0.000309725,0.0003095,0.0003093875,0.0003097,0.0003097,0.0003094875,0.0003094125,0.0003090125,0.00030955,0.0003091125,0.0003086,0.00030805,0.0003086125,0.0003083625,0.000308325,0.000307775,0.000307325,0.000307175,0.0003071125,0.00030715,0.00030705,0.0003064125,0.0003064875,0.000306225,0.000306325,0.0003052,0.000304725,0.000304025,0.0003036875,0.0003032125,0.0003016,0.000300175,0.0002991125,0.0002968125,0.000294175,0.0002908375,0.0002868875,0.0002831625,0.0002772375,0.0002707125,0.0002633125,0.0002549625,0.000243825,0.0002324375,0.0002196125,0.0002044875,0.0001860375,0.0001644125,0.000142425,0.000125425,9.549875e-5,6.299e-5,2.626875e-5,-1.355125e-5,-5.74225e-5,-0.000111235,-0.0001499,-0.0002116375,-0.0002774125],"unit":"A\/cm2"},"voc":{"unit":"V","value":1.1296},"isc":{"unit":"A","value":0.0024993},"jsc":{"unit":"mA\/cm2","value":19.994},"fill_factor":{"unit":"%","value":74.14},"pmax":{"unit":"mW","value":2.093},"vmax":{"unit":"V","value":0.924},"imax":{"unit":"mA","value":2.265},"rshunt":{"unit":"ohms","value":7100},"voc_slope":{"unit":"ohms","value":39.8},"efficiency":{"unit":"%","value":16.74},"monitor_cell_reading":{"unit":"mV","value":0},"monitor_cell_calibration_value":{"unit":"mV","value":0},"test_device_area":{"unit":"cm2","value":0.125},"num_of_series_connected_stacks":{"unit":"","value":1},"meter_integration":{"unit":"NPLC","value":0.1},"source_irradiance":{"unit":"mW\/cm2","value":100},"voltage_settling_time":{"unit":"ms","value":100},"sweep_direction":{"unit":"","value":"Forward"},"irradiance_variation_correction":{"unit":"","value":"None"},"device_id":{"unit":"","value":"7-1-F"},"cell_dimension":{"unit":"cm2","value":0.125},"key":"Forward_IV 7-1"},{"V":{"value":[-0.1,-0.087,-0.074,-0.061,-0.047,-0.034,-0.021,-0.008,0.005,0.018,0.031,0.044,0.058,0.071,0.084,0.097,0.11,0.123,0.136,0.149,0.163,0.176,0.189,0.202,0.215,0.228,0.241,0.255,0.268,0.281,0.294,0.307,0.32,0.333,0.346,0.36,0.373,0.386,0.399,0.412,0.425,0.438,0.452,0.465,0.478,0.491,0.504,0.517,0.53,0.543,0.557,0.57,0.583,0.596,0.609,0.622,0.635,0.648,0.662,0.675,0.688,0.701,0.714,0.727,0.74,0.754,0.767,0.78,0.793,0.806,0.819,0.832,0.845,0.859,0.872,0.885,0.898,0.911,0.924,0.937,0.951,0.964,0.977,0.99,1.003,1.016,1.029,1.042,1.056,1.069,1.082,1.095,1.108,1.121,1.134,1.147,1.161,1.174,1.187,1.2],"unit":"V"},"I":{"value":[0.0024438,0.0024419,0.0024393,0.0024378,0.0024319,0.0024359,0.0024369,0.0024326,0.0024362,0.0024365,0.0024354,0.0024308,0.0024327,0.0024301,0.002432,0.0024279,0.002429,0.0024314,0.0024287,0.0024298,0.0024263,0.0024295,0.0024309,0.0024281,0.0024286,0.0024277,0.0024276,0.0024301,0.002428,0.0024315,0.0024287,0.0024271,0.0024245,0.0024298,0.0024289,0.0024252,0.0024232,0.0024244,0.0024276,0.0024277,0.0024282,0.0024261,0.002424,0.0024266,0.0024282,0.0024244,0.002424,0.0024225,0.0024257,0.0024233,0.0024198,0.0024202,0.0024212,0.0024237,0.0024192,0.0024202,0.0024176,0.0024192,0.0024219,0.0024171,0.0024164,0.0024116,0.0024192,0.0024146,0.0024111,0.0024115,0.0024104,0.0024094,0.0024081,0.0024013,0.0023997,0.0023991,0.0023978,0.0023938,0.002387,0.0023868,0.0023766,0.0023647,0.0023533,0.0023432,0.0023209,0.0022923,0.0022617,0.0022162,0.0021663,0.0021046,0.0020167,0.0019166,0.0017778,0.0016149,0.0014235,0.0011882,0.00093198,0.00059439,0.0002026,-0.00024955,-0.00081091,-0.0013467,-0.0020127,-0.0027344],"unit":"A"},"J":{"value":[0.000305475,0.0003052375,0.0003049125,0.000304725,0.0003039875,0.0003044875,0.0003046125,0.000304075,0.000304525,0.0003045625,0.000304425,0.00030385,0.0003040875,0.0003037625,0.000304,0.0003034875,0.000303625,0.000303925,0.0003035875,0.000303725,0.0003032875,0.0003036875,0.0003038625,0.0003035125,0.000303575,0.0003034625,0.00030345,0.0003037625,0.0003035,0.0003039375,0.0003035875,0.0003033875,0.0003030625,0.000303725,0.0003036125,0.00030315,0.0003029,0.00030305,0.00030345,0.0003034625,0.000303525,0.0003032625,0.000303,0.000303325,0.000303525,0.00030305,0.000303,0.0003028125,0.0003032125,0.0003029125,0.000302475,0.000302525,0.00030265,0.0003029625,0.0003024,0.000302525,0.0003022,0.0003024,0.0003027375,0.0003021375,0.00030205,0.00030145,0.0003024,0.000301825,0.0003013875,0.0003014375,0.0003013,0.000301175,0.0003010125,0.0003001625,0.0002999625,0.0002998875,0.000299725,0.000299225,0.000298375,0.00029835,0.000297075,0.0002955875,0.0002941625,0.0002929,0.0002901125,0.0002865375,0.0002827125,0.000277025,0.0002707875,0.000263075,0.0002520875,0.000239575,0.000222225,0.0002018625,0.0001779375,0.000148525,0.0001164975,7.429875e-5,2.5325e-5,-3.119375e-5,-0.00010136375,-0.0001683375,-0.0002515875,-0.0003418],"unit":"A\/cm2"},"voc":{"unit":"V","value":1.1398},"isc":{"unit":"A","value":0.0024348},"jsc":{"unit":"mA\/cm2","value":19.479},"fill_factor":{"unit":"%","value":79.62},"pmax":{"unit":"mW","value":2.21},"vmax":{"unit":"V","value":0.964},"imax":{"unit":"mA","value":2.292},"rshunt":{"unit":"ohms","value":6610},"voc_slope":{"unit":"ohms","value":32.5},"efficiency":{"unit":"%","value":17.68},"monitor_cell_reading":{"unit":"mV","value":0},"monitor_cell_calibration_value":{"unit":"mV","value":0},"test_device_area":{"unit":"cm2","value":0.125},"num_of_series_connected_stacks":{"unit":"","value":1},"meter_integration":{"unit":"NPLC","value":0.1},"source_irradiance":{"unit":"mW\/cm2","value":100},"voltage_settling_time":{"unit":"ms","value":100},"sweep_direction":{"unit":"","value":"Forward"},"irradiance_variation_correction":{"unit":"","value":"None"},"device_id":{"unit":"","value":"4-4-F"},"cell_dimension":{"unit":"cm2","value":0.125},"key":"Forward_IV 4-4"},{"V":{"value":[-0.1,-0.087,-0.074,-0.061,-0.047,-0.034,-0.021,-0.008,0.005,0.018,0.031,0.044,0.058,0.071,0.084,0.097,0.11,0.123,0.136,0.149,0.163,0.176,0.189,0.202,0.215,0.228,0.241,0.255,0.268,0.281,0.294,0.307,0.32,0.333,0.346,0.36,0.373,0.386,0.399,0.412,0.425,0.438,0.452,0.465,0.478,0.491,0.504,0.517,0.53,0.543,0.557,0.57,0.583,0.596,0.609,0.622,0.635,0.648,0.662,0.675,0.688,0.701,0.714,0.727,0.74,0.754,0.767,0.78,0.793,0.806,0.819,0.832,0.845,0.859,0.872,0.885,0.898,0.911,0.924,0.937,0.951,0.964,0.977,0.99,1.003,1.016,1.029,1.042,1.056,1.069,1.082,1.095,1.108,1.121,1.134,1.147,1.161,1.174,1.187,1.2],"unit":"V"},"I":{"value":[0.0024449,0.0024357,0.0024299,0.0024241,0.0024232,0.0024231,0.0024226,0.0024232,0.0024217,0.0024198,0.0024207,0.0024202,0.0024245,0.0024182,0.0024185,0.0024177,0.00242,0.002418,0.0024145,0.0024155,0.0024126,0.0024165,0.0024143,0.0024168,0.0024119,0.0024131,0.0024164,0.0024168,0.0024102,0.0024114,0.0024123,0.002415,0.0024144,0.0024097,0.0024103,0.002406,0.0024084,0.002409,0.0024081,0.0024054,0.0024088,0.0024093,0.0024097,0.0024055,0.0024077,0.0024046,0.0024095,0.0024062,0.002404,0.0024034,0.0023999,0.0024052,0.0024026,0.0024015,0.0023997,0.0024001,0.0024024,0.0023999,0.0023981,0.002394,0.0023897,0.0023935,0.0023912,0.0023867,0.0023845,0.0023878,0.0023863,0.0023847,0.002383,0.0023766,0.002378,0.0023726,0.0023699,0.0023641,0.0023583,0.002354,0.0023496,0.00234,0.0023274,0.0023123,0.0022903,0.0022705,0.0022432,0.0022018,0.0021572,0.0021011,0.0020271,0.0019436,0.0018255,0.0016871,0.0015224,0.0013343,0.0011054,0.00087766,0.00055548,0.00018672,-0.0002775,-0.00075378,-0.0012184,-0.0018321],"unit":"A"},"J":{"value":[0.0003056125,0.0003044625,0.0003037375,0.0003030125,0.0003029,0.0003028875,0.000302825,0.0003029,0.0003027125,0.000302475,0.0003025875,0.000302525,0.0003030625,0.000302275,0.0003023125,0.0003022125,0.0003025,0.00030225,0.0003018125,0.0003019375,0.000301575,0.0003020625,0.0003017875,0.0003021,0.0003014875,0.0003016375,0.00030205,0.0003021,0.000301275,0.000301425,0.0003015375,0.000301875,0.0003018,0.0003012125,0.0003012875,0.00030075,0.00030105,0.000301125,0.0003010125,0.000300675,0.0003011,0.0003011625,0.0003012125,0.0003006875,0.0003009625,0.000300575,0.0003011875,0.000300775,0.0003005,0.000300425,0.0002999875,0.00030065,0.000300325,0.0003001875,0.0002999625,0.0003000125,0.0003003,0.0002999875,0.0002997625,0.00029925,0.0002987125,0.0002991875,0.0002989,0.0002983375,0.0002980625,0.000298475,0.0002982875,0.0002980875,0.000297875,0.000297075,0.00029725,0.000296575,0.0002962375,0.0002955125,0.0002947875,0.00029425,0.0002937,0.0002925,0.000290925,0.0002890375,0.0002862875,0.0002838125,0.0002804,0.000275225,0.00026965,0.0002626375,0.0002533875,0.00024295,0.0002281875,0.0002108875,0.0001903,0.0001667875,0.000138175,0.0001097075,6.9435e-5,2.334e-5,-3.46875e-5,-9.42225e-5,-0.0001523,-0.0002290125],"unit":"A\/cm2"},"voc":{"unit":"V","value":1.1526},"isc":{"unit":"A","value":0.0024223},"jsc":{"unit":"mA\/cm2","value":19.378},"fill_factor":{"unit":"%","value":78.5},"pmax":{"unit":"mW","value":2.192},"vmax":{"unit":"V","value":0.977},"imax":{"unit":"mA","value":2.243},"rshunt":{"unit":"ohms","value":10800},"voc_slope":{"unit":"ohms","value":34.7},"efficiency":{"unit":"%","value":17.53},"monitor_cell_reading":{"unit":"mV","value":0},"monitor_cell_calibration_value":{"unit":"mV","value":0},"test_device_area":{"unit":"cm2","value":0.125},"num_of_series_connected_stacks":{"unit":"","value":1},"meter_integration":{"unit":"NPLC","value":0.1},"source_irradiance":{"unit":"mW\/cm2","value":100},"voltage_settling_time":{"unit":"ms","value":100},"sweep_direction":{"unit":"","value":"Forward"},"irradiance_variation_correction":{"unit":"","value":"None"},"device_id":{"unit":"","value":"4-1-F"},"cell_dimension":{"unit":"cm2","value":0.125},"key":"Forward_IV 4-1"},{"V":{"value":[-0.1,-0.087,-0.074,-0.061,-0.047,-0.034,-0.021,-0.008,0.005,0.018,0.031,0.044,0.058,0.071,0.084,0.097,0.11,0.123,0.136,0.149,0.163,0.176,0.189,0.202,0.215,0.228,0.241,0.255,0.268,0.281,0.294,0.307,0.32,0.333,0.346,0.36,0.373,0.386,0.399,0.412,0.425,0.438,0.452,0.465,0.478,0.491,0.504,0.517,0.53,0.543,0.557,0.57,0.583,0.596,0.609,0.622,0.635,0.648,0.662,0.675,0.688,0.701,0.714,0.727,0.74,0.754,0.767,0.78,0.793,0.806,0.819,0.832,0.845,0.859,0.872,0.885,0.898,0.911,0.924,0.937,0.951,0.964,0.977,0.99,1.003,1.016,1.029,1.042,1.056,1.069,1.082,1.095,1.108,1.121,1.134,1.147,1.161,1.174,1.187,1.2],"unit":"V"},"I":{"value":[0.0025062,0.0025012,0.0024965,0.0025005,0.0024966,0.0025012,0.0024976,0.0024965,0.0024976,0.0024979,0.0024959,0.0024912,0.0024937,0.0024925,0.0024928,0.0024878,0.0024905,0.0024895,0.0024903,0.0024878,0.0024867,0.0024889,0.0024925,0.0024904,0.0024888,0.0024859,0.0024843,0.0024872,0.0024894,0.0024881,0.0024878,0.0024878,0.0024883,0.0024881,0.0024867,0.0024842,0.0024839,0.0024876,0.0024893,0.0024885,0.0024852,0.0024845,0.0024808,0.002482,0.0024825,0.0024813,0.0024797,0.0024821,0.0024798,0.0024825,0.0024767,0.0024781,0.0024753,0.0024796,0.0024792,0.0024775,0.0024709,0.0024698,0.0024724,0.0024721,0.0024711,0.002466,0.0024656,0.0024653,0.0024685,0.002465,0.0024657,0.0024646,0.0024598,0.0024562,0.0024519,0.0024511,0.0024501,0.0024467,0.0024431,0.0024382,0.0024342,0.0024244,0.0024187,0.0024143,0.0023961,0.002378,0.0023572,0.0023283,0.0022996,0.0022514,0.0021941,0.002117,0.0020158,0.0018936,0.0017352,0.0015478,0.0013143,0.0010236,0.00070585,0.00028931,-0.00023437,-0.00079081,-0.0013876,-0.0021103],"unit":"A"},"J":{"value":[0.000313275,0.00031265,0.0003120625,0.0003125625,0.000312075,0.00031265,0.0003122,0.0003120625,0.0003122,0.0003122375,0.0003119875,0.0003114,0.0003117125,0.0003115625,0.0003116,0.000310975,0.0003113125,0.0003111875,0.0003112875,0.000310975,0.0003108375,0.0003111125,0.0003115625,0.0003113,0.0003111,0.0003107375,0.0003105375,0.0003109,0.000311175,0.0003110125,0.000310975,0.000310975,0.0003110375,0.0003110125,0.0003108375,0.000310525,0.0003104875,0.00031095,0.0003111625,0.0003110625,0.00031065,0.0003105625,0.0003101,0.00031025,0.0003103125,0.0003101625,0.0003099625,0.0003102625,0.000309975,0.0003103125,0.0003095875,0.0003097625,0.0003094125,0.00030995,0.0003099,0.0003096875,0.0003088625,0.000308725,0.00030905,0.0003090125,0.0003088875,0.00030825,0.0003082,0.0003081625,0.0003085625,0.000308125,0.0003082125,0.000308075,0.000307475,0.000307025,0.0003064875,0.0003063875,0.0003062625,0.0003058375,0.0003053875,0.000304775,0.000304275,0.00030305,0.0003023375,0.0003017875,0.0002995125,0.00029725,0.00029465,0.0002910375,0.00028745,0.000281425,0.0002742625,0.000264625,0.000251975,0.0002367,0.0002169,0.000193475,0.0001642875,0.00012795,8.823125e-5,3.616375e-5,-2.929625e-5,-9.885125e-5,-0.00017345,-0.0002637875],"unit":"A\/cm2"},"voc":{"unit":"V","value":1.1547},"isc":{"unit":"A","value":0.0024972},"jsc":{"unit":"mA\/cm2","value":19.977},"fill_factor":{"unit":"%","value":79.99},"pmax":{"unit":"mW","value":2.306},"vmax":{"unit":"V","value":1.003},"imax":{"unit":"mA","value":2.3},"rshunt":{"unit":"ohms","value":10400},"voc_slope":{"unit":"ohms","value":26.9},"efficiency":{"unit":"%","value":18.45},"monitor_cell_reading":{"unit":"mV","value":0},"monitor_cell_calibration_value":{"unit":"mV","value":0},"test_device_area":{"unit":"cm2","value":0.125},"num_of_series_connected_stacks":{"unit":"","value":1},"meter_integration":{"unit":"NPLC","value":0.1},"source_irradiance":{"unit":"mW\/cm2","value":100},"voltage_settling_time":{"unit":"ms","value":100},"sweep_direction":{"unit":"","value":"Forward"},"irradiance_variation_correction":{"unit":"","value":"None"},"device_id":{"unit":"","value":"2-2-F"},"cell_dimension":{"unit":"cm2","value":0.125},"key":"Forward_IV 2-2"},{"V":{"value":[-0.1,-0.087,-0.074,-0.061,-0.047,-0.034,-0.021,-0.008,0.005,0.018,0.031,0.044,0.058,0.071,0.084,0.097,0.11,0.123,0.136,0.149,0.163,0.176,0.189,0.202,0.215,0.228,0.241,0.255,0.268,0.281,0.294,0.307,0.32,0.333,0.346,0.36,0.373,0.386,0.399,0.412,0.425,0.438,0.452,0.465,0.478,0.491,0.504,0.517,0.53,0.543,0.557,0.57,0.583,0.596,0.609,0.622,0.635,0.648,0.662,0.675,0.688,0.701,0.714,0.727,0.74,0.754,0.767,0.78,0.793,0.806,0.819,0.832,0.845,0.859,0.872,0.885,0.898,0.911,0.924,0.937,0.951,0.964,0.977,0.99,1.003,1.016,1.029,1.042,1.056,1.069,1.082,1.095,1.108,1.121,1.134,1.147,1.161,1.174,1.187,1.2],"unit":"V"},"I":{"value":[0.0023218,0.0023152,0.0023166,0.0023172,0.0023147,0.0023151,0.00231,0.0023127,0.0023128,0.0023077,0.0023133,0.0023136,0.0023078,0.0023067,0.0023056,0.0023088,0.0023057,0.0023056,0.0023019,0.0023083,0.0023058,0.0023015,0.002302,0.0023005,0.0023013,0.0023021,0.0023022,0.0023009,0.0022975,0.0023016,0.0023017,0.0022996,0.0022972,0.0022985,0.002299,0.0022972,0.0022974,0.0022931,0.0022945,0.0022921,0.0022957,0.0022938,0.0022918,0.002288,0.0022874,0.0022915,0.0022895,0.0022872,0.0022836,0.0022879,0.0022843,0.0022846,0.0022821,0.0022766,0.0022816,0.0022782,0.0022766,0.002273,0.0022711,0.0022714,0.0022696,0.0022663,0.002262,0.0022586,0.0022575,0.0022596,0.0022539,0.002247,0.0022432,0.0022361,0.0022351,0.002224,0.0022157,0.0022045,0.0021983,0.002183,0.002169,0.0021477,0.0021207,0.002094,0.0020583,0.0020122,0.0019588,0.0018959,0.0018181,0.0017281,0.0016253,0.0014905,0.0013206,0.0011417,0.00094914,0.00069287,0.00039334,6.908e-5,-0.00032066,-0.00081041,-0.0013911,-0.0020223,-0.0027151,-0.0028014],"unit":"A"},"J":{"value":[0.000290225,0.0002894,0.000289575,0.00028965,0.0002893375,0.0002893875,0.00028875,0.0002890875,0.0002891,0.0002884625,0.0002891625,0.0002892,0.000288475,0.0002883375,0.0002882,0.0002886,0.0002882125,0.0002882,0.0002877375,0.0002885375,0.000288225,0.0002876875,0.00028775,0.0002875625,0.0002876625,0.0002877625,0.000287775,0.0002876125,0.0002871875,0.0002877,0.0002877125,0.00028745,0.00028715,0.0002873125,0.000287375,0.00028715,0.000287175,0.0002866375,0.0002868125,0.0002865125,0.0002869625,0.000286725,0.000286475,0.000286,0.000285925,0.0002864375,0.0002861875,0.0002859,0.00028545,0.0002859875,0.0002855375,0.000285575,0.0002852625,0.000284575,0.0002852,0.000284775,0.000284575,0.000284125,0.0002838875,0.000283925,0.0002837,0.0002832875,0.00028275,0.000282325,0.0002821875,0.00028245,0.0002817375,0.000280875,0.0002804,0.0002795125,0.0002793875,0.000278,0.0002769625,0.0002755625,0.0002747875,0.000272875,0.000271125,0.0002684625,0.0002650875,0.00026175,0.0002572875,0.000251525,0.00024485,0.0002369875,0.0002272625,0.0002160125,0.0002031625,0.0001863125,0.000165075,0.0001427125,0.0001186425,8.660875e-5,4.91675e-5,8.635e-6,-4.00825e-5,-0.00010130125,-0.0001738875,-0.0002527875,-0.0003393875,-0.000350175],"unit":"A\/cm2"},"voc":{"unit":"V","value":1.1233},"isc":{"unit":"A","value":0.0023128},"jsc":{"unit":"mA\/cm2","value":18.502},"fill_factor":{"unit":"%","value":75.52},"pmax":{"unit":"mW","value":1.962},"vmax":{"unit":"V","value":0.937},"imax":{"unit":"mA","value":2.094},"rshunt":{"unit":"ohms","value":8210},"voc_slope":{"unit":"ohms","value":36.9},"efficiency":{"unit":"%","value":15.7},"monitor_cell_reading":{"unit":"mV","value":0},"monitor_cell_calibration_value":{"unit":"mV","value":0},"test_device_area":{"unit":"cm2","value":0.125},"num_of_series_connected_stacks":{"unit":"","value":1},"meter_integration":{"unit":"NPLC","value":0.1},"source_irradiance":{"unit":"mW\/cm2","value":100},"voltage_settling_time":{"unit":"ms","value":100},"sweep_direction":{"unit":"","value":"Forward"},"irradiance_variation_correction":{"unit":"","value":"None"},"device_id":{"unit":"","value":"1-3-F"},"cell_dimension":{"unit":"cm2","value":0.125},"key":"Forward_IV 1-3"},{"V":{"value":[-0.1,-0.087,-0.074,-0.061,-0.047,-0.034,-0.021,-0.008,0.005,0.018,0.031,0.044,0.058,0.071,0.084,0.097,0.11,0.123,0.136,0.149,0.163,0.176,0.189,0.202,0.215,0.228,0.241,0.255,0.268,0.281,0.294,0.307,0.32,0.333,0.346,0.36,0.373,0.386,0.399,0.412,0.425,0.438,0.452,0.465,0.478,0.491,0.504,0.517,0.53,0.543,0.557,0.57,0.583,0.596,0.609,0.622,0.635,0.648,0.662,0.675,0.688,0.701,0.714,0.727,0.74,0.754,0.767,0.78,0.793,0.806,0.819,0.832,0.845,0.859,0.872,0.885,0.898,0.911,0.924,0.937,0.951,0.964,0.977,0.99,1.003,1.016,1.029,1.042,1.056,1.069,1.082,1.095,1.108,1.121,1.134,1.147,1.161,1.174,1.187,1.2],"unit":"V"},"I":{"value":[0.0023487,0.0023446,0.0023385,0.0023405,0.0023371,0.0023413,0.0023394,0.0023367,0.0023328,0.0023312,0.0023365,0.0023371,0.0023383,0.0023362,0.0023365,0.0023336,0.0023359,0.0023297,0.0023329,0.0023322,0.0023305,0.0023269,0.0023264,0.0023259,0.0023278,0.0023266,0.0023249,0.0023204,0.0023255,0.0023247,0.0023266,0.0023251,0.0023226,0.002324,0.0023242,0.002323,0.0023238,0.0023219,0.0023192,0.0023165,0.0023221,0.002321,0.0023194,0.0023155,0.0023133,0.0023155,0.0023136,0.0023158,0.0023089,0.0023125,0.0023083,0.0023086,0.002308,0.0023051,0.0023022,0.0023049,0.0023053,0.0023017,0.0022984,0.0022949,0.0022913,0.0022938,0.0022902,0.002287,0.0022847,0.0022845,0.0022798,0.0022735,0.00227,0.0022689,0.0022601,0.0022508,0.0022502,0.0022365,0.002226,0.0022123,0.0021961,0.0021734,0.0021583,0.0021286,0.0020838,0.002046,0.0019983,0.0019307,0.0018576,0.0017692,0.0016615,0.0015414,0.001378,0.0011975,0.0010172,0.00076583,0.00047157,0.00012715,-0.00026656,-0.00072042,-0.001267,-0.0018792,-0.0025543,-0.0028475],"unit":"A"},"J":{"value":[0.0002935875,0.000293075,0.0002923125,0.0002925625,0.0002921375,0.0002926625,0.000292425,0.0002920875,0.0002916,0.0002914,0.0002920625,0.0002921375,0.0002922875,0.000292025,0.0002920625,0.0002917,0.0002919875,0.0002912125,0.0002916125,0.000291525,0.0002913125,0.0002908625,0.0002908,0.0002907375,0.000290975,0.000290825,0.0002906125,0.00029005,0.0002906875,0.0002905875,0.000290825,0.0002906375,0.000290325,0.0002905,0.000290525,0.000290375,0.000290475,0.0002902375,0.0002899,0.0002895625,0.0002902625,0.000290125,0.000289925,0.0002894375,0.0002891625,0.0002894375,0.0002892,0.000289475,0.0002886125,0.0002890625,0.0002885375,0.000288575,0.0002885,0.0002881375,0.000287775,0.0002881125,0.0002881625,0.0002877125,0.0002873,0.0002868625,0.0002864125,0.000286725,0.000286275,0.000285875,0.0002855875,0.0002855625,0.000284975,0.0002841875,0.00028375,0.0002836125,0.0002825125,0.00028135,0.000281275,0.0002795625,0.00027825,0.0002765375,0.0002745125,0.000271675,0.0002697875,0.000266075,0.000260475,0.00025575,0.0002497875,0.0002413375,0.0002322,0.00022115,0.0002076875,0.000192675,0.00017225,0.0001496875,0.00012715,9.572875e-5,5.894625e-5,1.589375e-5,-3.332e-5,-9.00525e-5,-0.000158375,-0.0002349,-0.0003192875,-0.0003559375],"unit":"A\/cm2"},"voc":{"unit":"V","value":1.1252},"isc":{"unit":"A","value":0.0023343},"jsc":{"unit":"mA\/cm2","value":18.675},"fill_factor":{"unit":"%","value":75.94},"pmax":{"unit":"mW","value":1.995},"vmax":{"unit":"V","value":0.937},"imax":{"unit":"mA","value":2.129},"rshunt":{"unit":"ohms","value":5290},"voc_slope":{"unit":"ohms","value":37.1},"efficiency":{"unit":"%","value":15.96},"monitor_cell_reading":{"unit":"mV","value":0},"monitor_cell_calibration_value":{"unit":"mV","value":0},"test_device_area":{"unit":"cm2","value":0.125},"num_of_series_connected_stacks":{"unit":"","value":1},"meter_integration":{"unit":"NPLC","value":0.1},"source_irradiance":{"unit":"mW\/cm2","value":100},"voltage_settling_time":{"unit":"ms","value":100},"sweep_direction":{"unit":"","value":"Forward"},"irradiance_variation_correction":{"unit":"","value":"None"},"device_id":{"unit":"","value":"1-2-F"},"cell_dimension":{"unit":"cm2","value":0.125},"key":"Forward_IV 1-2"}]}}