{"_id":"6694d9f859cf0c559d2550a2","id":"SKKU-SC-00389","author":94,"group":11,"input":[{"tco":{"unit":"","value":"ITO"}},{"surface_treatment":{"unit":"","value":"O-Plasma"}},{"htl":[{"material":{"unit":"","value":"2PACz"},"concentration":{"unit":"","value":"0.3"},"conc_unit":{"unit":"","value":"mg\/ml"},"quantity":{"unit":"ml","value":"0.2"}}],"spin_coating":[{"type":{"unit":"","value":"Static (loading)"},"rpm":{"unit":"","value":"3000"},"time":{"unit":"s","value":"30"}}],"annealing":[{"temperature":{"unit":"oC","value":"100"},"time":{"unit":"m","value":"10"}}],"condition":{"unit":"","value":"glove-box(N2)"}},{"condition":{"unit":"","value":"glove-box(N2)"},"perovskite":{"method":{"unit":"","value":"1step"},"molarity":{"unit":"M","value":"1.3M"},"a_site":[{"material":{"unit":"","value":"FA"},"ratio":{"unit":"%","value":"91"}},{"material":{"unit":"","value":"Cs"},"ratio":{"unit":"%","value":"9"}}],"b_site":[{"material":{"unit":"","value":"Pb"},"ratio":{"unit":"%","value":"100"}}],"x_site":[{"material":{"unit":"","value":"I"},"ratio":{"unit":"%","value":"76.666666666666666666666666666667"}},{"material":{"unit":"","value":"Br"},"ratio":{"unit":"%","value":"23.333333333333333333333333333333"}}],"solvent":[{"material":{"unit":"","value":"DMF"},"volume":{"unit":"ml","value":"4"}},{"material":{"unit":"","value":"DMSO"},"volume":{"unit":"ml","value":"1"}}],"antisolvent":[{"material":{"unit":"","value":"CB"},"quantity":{"unit":"ul","value":"300"},"dripping_time":{"unit":"s","value":"5"}}],"annealing":[{"temperature":{"unit":"oC","value":"100"},"time":{"unit":"m","value":"10"}}],"spin_coating":[{"type":{"unit":"","value":"Static (loading)"},"rpm":{"unit":"","value":"1000"},"time":{"unit":"s","value":"10"}},{"type":{"unit":"","value":"Static (loading)"},"rpm":{"unit":"","value":"5000"},"time":{"unit":"s","value":"30"}}],"atmosphere":[{"type":{"unit":"","value":"glove-box(N2)"},"temperature":{"unit":"oC","value":"23"},"humidity":{"unit":"RH%","value":"0"}}]}},{"perovskite_treatment":[{"material":{"unit":"","value":"OABr"},"concentration":{"unit":"","value":"2"},"conc_unit":{"unit":"","value":"mg\/ml"},"quantity":{"unit":"ml","value":"65"}},{"material":{"unit":"","value":"MAI"},"concentration":{"unit":"","value":"0.2"},"conc_unit":{"unit":"","value":"mg\/ml"},"quantity":{"unit":"ml","value":"65"}}],"spin_coating":[{"type":{"unit":"","value":"Dynamic"},"rpm":{"unit":"","value":"5000"},"time":{"unit":"s","value":"34"}}],"solvent":[{"material":{"unit":"","value":"DMF"},"volume":{"unit":"ml","value":"0.010"}}],"annealing":[{"temperature":{"unit":"oC","value":"100"},"time":{"unit":"m","value":"5"}}]},{"etl":[{"material":{"unit":"","value":"C60"},"concentration":{"unit":"","value":"None"},"conc_unit":{"unit":"","value":"None"},"quantity":{"unit":"ml","value":"None"}}],"thermal_evaporation":[{"vacuum_evaporation_thickness":{"unit":"nm","value":"25"},"evaporation_rate":{"unit":"\u00c5\/s","value":"0.2"},"vacuum_pressure":{"unit":"uTorr","value":"2"}}]},{"blocking_buffer_layer":[{"material":{"unit":"","value":"BCP"},"concentration":{"unit":"","value":""},"conc_unit":{"unit":"","value":"mg\/ml"},"quantity":{"unit":"ml","value":"None"}}],"thermal_evaporation":[{"vacuum_evaporation_thickness":{"unit":"nm","value":"8"},"evaporation_rate":{"unit":"\u00c5\/s","value":"0.2"},"vacuum_pressure":{"unit":"uTorr","value":"2"}}]},{"anode_metal":{"unit":"","value":"Ag"}},{"type":{"unit":"","value":"unit_cell"},"temperature":{"unit":"\u2103","value":"20"},"device_type":{"unit":"","value":"p-i-n"},"humidity":{"unit":"%","value":"20"},"cell_dimension":{"unit":"cm2","value":"0.09"}},{"note":{"unit":"","value":"quasi-2d passivation solution concentration optimizing "}}],"fileinfo":[{"key":"Reverse_IV IPA0.5ml-1-3","uploadType":"JV","original_name":"IV IPA0.5ml-1-3-R.txt","save_name":"SKKU-SC-00389\/Reverse_IV IPA0.5ml-1-3","uploader":94,"fileType":""},{"key":"Forward_IV IPA0.5ml-1-1","uploadType":"JV","original_name":"IV IPA0.5ml-1-1-F.txt","save_name":"SKKU-SC-00389\/Forward_IV IPA0.5ml-1-1","uploader":94,"fileType":""},{"key":"Reverse_IV IPA0.5ml-1-1","uploadType":"JV","original_name":"IV IPA0.5ml-1-1-R.txt","save_name":"SKKU-SC-00389\/Reverse_IV IPA0.5ml-1-1","uploader":94,"fileType":""},{"key":"Forward_IV IPA0.5ml-1-3","uploadType":"JV","original_name":"IV IPA0.5ml-1-3-F.txt","save_name":"SKKU-SC-00389\/Forward_IV IPA0.5ml-1-3","uploader":94,"fileType":""}],"jvcnt":4,"analysisInfo":{"JV":[{"efficiency":15.626919,"fill_factor":71.532029,"jsc":18.880005,"voc":1.1571,"key":"Reverse_IV IPA0.5ml-1-3","cell_dimension":0.09},{"efficiency":8.853239,"fill_factor":47.242393,"jsc":17.634474,"voc":1.062693,"key":"Reverse_IV IPA0.5ml-1-1","cell_dimension":0.09},{"efficiency":17.298962,"fill_factor":78.72478,"jsc":18.698046,"voc":1.175202,"key":"Forward_IV IPA0.5ml-1-3","cell_dimension":0.09},{"efficiency":13.835616,"fill_factor":69.02636,"jsc":17.914869,"voc":1.118845,"key":"Forward_IV IPA0.5ml-1-1","cell_dimension":0.09}]},"tags":[],"updated_at":"2024-10-24 09:04:04","created_at":"2024-07-15 08:12:40","public":2,"analysis":{"JV":[{"V":{"value":[1.2,1.1879,1.1758,1.1637,1.1516,1.1395,1.1274,1.1153,1.1032,1.0911,1.079,1.0669,1.0548,1.0427,1.0306,1.0185,1.0064,0.9943,0.9822,0.9701,0.958,0.9459,0.9338,0.9217,0.9096,0.8975,0.8854,0.8733,0.8612,0.8491,0.837,0.8249,0.8128,0.8007,0.7886,0.7765,0.7644,0.7523,0.7402,0.7281,0.716,0.7039,0.6918,0.6797,0.6676,0.6555,0.6434,0.6313,0.6192,0.6071,0.595,0.5829,0.5708,0.5587,0.5466,0.5345,0.5224,0.5103,0.4982,0.4861,0.474,0.4619,0.4498,0.4377,0.4256,0.4135,0.4014,0.3893,0.3772,0.3651,0.353,0.3409,0.3288,0.3167,0.3046,0.2925,0.2804,0.2683,0.2562,0.2441,0.232,0.2199,0.2078,0.1957,0.1836,0.1715,0.1594,0.1473,0.1352,0.1231,0.111,0.0989,0.0868,0.0747,0.0626,0.0505,0.0384,0.0263,0.0142,0.0021],"unit":"V"},"I":{"value":[-0.00123,-0.000869,-0.000535,-0.000232,4.3e-5,0.00028,0.000489,0.000671,0.000819,0.000947,0.001047,0.00113,0.001198,0.001254,0.0013,0.00134,0.001374,0.001401,0.001428,0.001449,0.001468,0.001486,0.001503,0.001515,0.001531,0.001541,0.001552,0.001563,0.001573,0.001581,0.001589,0.001597,0.001602,0.001609,0.001616,0.00162,0.001623,0.001628,0.001631,0.001635,0.001639,0.001642,0.001646,0.001647,0.001649,0.001653,0.001652,0.001657,0.001659,0.001658,0.00166,0.001659,0.001663,0.001666,0.001667,0.001667,0.001668,0.001667,0.00167,0.001671,0.001671,0.001673,0.001673,0.001673,0.001674,0.001675,0.001678,0.001678,0.00168,0.001679,0.001681,0.001681,0.001683,0.001681,0.001681,0.001684,0.001685,0.001685,0.001685,0.001685,0.001686,0.001687,0.001687,0.001688,0.001685,0.001686,0.00169,0.001691,0.001691,0.001693,0.00169,0.001692,0.001694,0.001694,0.001694,0.001696,0.001696,0.001697,0.001697,0.001699],"unit":"A"},"J":{"value":[-0.0001107,-7.821e-5,-4.815e-5,-2.088e-5,3.87e-6,2.5199999999999996e-5,4.4009999999999994e-5,6.039e-5,7.371e-5,8.523e-5,9.423e-5,0.00010169999999999999,0.00010782000000000001,0.00011285999999999999,0.00011699999999999998,0.0001206,0.00012366,0.00012608999999999998,0.00012852,0.00013041,0.00013211999999999998,0.00013373999999999998,0.00013527,0.00013635,0.00013779,0.00013869,0.00013968,0.00014067,0.00014157,0.00014229,0.00014300999999999997,0.00014372999999999998,0.00014418,0.00014481,0.00014544,0.0001458,0.00014607000000000002,0.00014652,0.00014679,0.00014715,0.00014751,0.00014778,0.00014813999999999997,0.00014823,0.00014841,0.00014877,0.00014868,0.00014913,0.00014931,0.00014921999999999998,0.0001494,0.00014931,0.00014967,0.00014994,0.00015003,0.00015003,0.00015012,0.00015003,0.0001503,0.00015039,0.00015039,0.00015057,0.00015057,0.00015057,0.00015066,0.00015075,0.00015102,0.00015102,0.0001512,0.00015110999999999998,0.00015129,0.00015129,0.00015146999999999998,0.00015129,0.00015129,0.00015156,0.00015165,0.00015165,0.00015165,0.00015165,0.00015174,0.00015183,0.00015183,0.00015192,0.00015165,0.00015174,0.0001521,0.00015219,0.00015219,0.00015237,0.0001521,0.00015228,0.00015246,0.00015246,0.00015246,0.00015264,0.00015264,0.00015272999999999998,0.00015272999999999998,0.00015291],"unit":"A\/cm2"},"voc":{"unit":"V","value":1.1571},"isc":{"unit":"A","value":1.6992},"jsc":{"unit":"mA\/cm2","value":18.880005},"fill_factor":{"unit":"%","value":71.532029},"vmax":{"unit":"V","value":0.958},"efficiency":{"unit":"%","value":15.626919},"monitor_cell_reading":{"unit":"mV","value":0},"monitor_cell_calibration_value":{"unit":"mV","value":0},"test_device_area":{"unit":"cm2","value":0.09},"num_of_series_connected_stacks":{"unit":"","value":1},"sweep_direction":{"unit":"","value":"Reverse"},"device_id":{"unit":"","value":"IPA0.5ml-1-3-R"},"cell_dimension":{"unit":"cm2","value":0.09},"key":"Reverse_IV IPA0.5ml-1-3"},{"V":{"value":[1.2,1.1879,1.1758,1.1637,1.1516,1.1395,1.1274,1.1153,1.1032,1.0911,1.079,1.0669,1.0548,1.0427,1.0306,1.0185,1.0064,0.9943,0.9822,0.9701,0.958,0.9459,0.9338,0.9217,0.9096,0.8975,0.8854,0.8733,0.8612,0.8491,0.837,0.8249,0.8128,0.8007,0.7886,0.7765,0.7644,0.7523,0.7402,0.7281,0.716,0.7039,0.6918,0.6797,0.6676,0.6555,0.6434,0.6313,0.6192,0.6071,0.595,0.5829,0.5708,0.5587,0.5466,0.5345,0.5224,0.5103,0.4982,0.4861,0.474,0.4619,0.4498,0.4377,0.4256,0.4135,0.4014,0.3893,0.3772,0.3651,0.353,0.3409,0.3288,0.3167,0.3046,0.2925,0.2804,0.2683,0.2562,0.2441,0.232,0.2199,0.2078,0.1957,0.1836,0.1715,0.1594,0.1473,0.1352,0.1231,0.111,0.0989,0.0868,0.0747,0.0626,0.0505,0.0384,0.0263,0.0142,0.0021],"unit":"V"},"I":{"value":[-0.001504,-0.00134,-0.001182,-0.001032,-0.000886,-0.000745,-0.000601,-0.000478,-0.000355,-0.000242,-0.000139,-4.5e-5,4.2e-5,0.000122,0.000198,0.00027,0.000337,0.000398,0.000458,0.000511,0.00056,0.000604,0.000645,0.000684,0.000721,0.000758,0.00079,0.000821,0.00085,0.000878,0.000904,0.00093,0.000954,0.000976,0.000997,0.001017,0.001037,0.001059,0.001075,0.001091,0.001107,0.001122,0.001135,0.001148,0.00116,0.001171,0.001181,0.00119,0.001199,0.001204,0.001213,0.00122,0.001227,0.001233,0.00124,0.001247,0.001252,0.001258,0.001264,0.001269,0.001277,0.001283,0.001288,0.001296,0.0013,0.001308,0.001312,0.00132,0.001326,0.001331,0.001338,0.001347,0.001352,0.001359,0.001368,0.001376,0.001383,0.001393,0.001398,0.001409,0.001417,0.001426,0.001433,0.001442,0.001451,0.00146,0.001468,0.001476,0.001485,0.001496,0.001504,0.001513,0.001523,0.001531,0.001542,0.00155,0.001559,0.001568,0.001577,0.001587],"unit":"A"},"J":{"value":[-0.00013535999999999998,-0.0001206,-0.00010638000000000001,-9.287999999999999e-5,-7.973999999999999e-5,-6.705e-5,-5.409e-5,-4.302e-5,-3.195e-5,-2.1779999999999998e-5,-1.2509999999999999e-5,-4.05e-6,3.78e-6,1.098e-5,1.782e-5,2.4299999999999998e-5,3.033e-5,3.582e-5,4.122e-5,4.598999999999999e-5,5.039999999999999e-5,5.436e-5,5.8049999999999995e-5,6.156e-5,6.489e-5,6.822e-5,7.11e-5,7.389e-5,7.649999999999999e-5,7.902e-5,8.136e-5,8.37e-5,8.586e-5,8.784e-5,8.973e-5,9.152999999999999e-5,9.332999999999999e-5,9.531e-5,9.675e-5,9.819e-5,9.962999999999999e-5,0.00010097999999999999,0.00010214999999999999,0.00010332,0.0001044,0.00010538999999999999,0.00010629,0.0001071,0.00010790999999999999,0.00010836,0.00010917,0.00010979999999999999,0.00011043,0.00011096999999999999,0.0001116,0.00011223,0.00011268,0.00011321999999999999,0.00011376,0.00011420999999999999,0.00011492999999999999,0.00011547,0.00011592,0.00011664,0.00011699999999999998,0.00011771999999999999,0.00011808,0.0001188,0.00011933999999999999,0.00011978999999999999,0.00012041999999999999,0.00012123,0.00012167999999999999,0.00012230999999999999,0.00012312,0.00012384,0.00012446999999999998,0.00012537,0.00012581999999999998,0.00012681000000000001,0.00012753,0.00012833999999999998,0.00012897,0.00012978,0.00013059,0.0001314,0.00013211999999999998,0.00013284,0.00013365,0.00013464,0.00013535999999999998,0.00013617,0.00013707,0.00013779,0.00013878,0.0001395,0.00014031,0.00014111999999999998,0.00014193,0.00014283],"unit":"A\/cm2"},"voc":{"unit":"V","value":1.062693},"isc":{"unit":"A","value":1.587103},"jsc":{"unit":"mA\/cm2","value":17.634474},"fill_factor":{"unit":"%","value":47.242393},"vmax":{"unit":"V","value":0.7523},"efficiency":{"unit":"%","value":8.853239},"monitor_cell_reading":{"unit":"mV","value":0},"monitor_cell_calibration_value":{"unit":"mV","value":0},"test_device_area":{"unit":"cm2","value":0.09},"num_of_series_connected_stacks":{"unit":"","value":1},"sweep_direction":{"unit":"","value":"Reverse"},"device_id":{"unit":"","value":"IPA0.5ml-1-1-R"},"cell_dimension":{"unit":"cm2","value":0.09},"key":"Reverse_IV IPA0.5ml-1-1"},{"V":{"value":[-0.01,0.0024,0.0148,0.0272,0.0396,0.052,0.0644,0.0768,0.0892,0.1016,0.114,0.1264,0.1388,0.1512,0.1636,0.176,0.1884,0.2008,0.2132,0.2256,0.238,0.2504,0.2628,0.2752,0.2876,0.3,0.3124,0.3248,0.3372,0.3496,0.362,0.3744,0.3868,0.3992,0.4116,0.424,0.4364,0.4488,0.4612,0.4736,0.486,0.4984,0.5108,0.5232,0.5356,0.548,0.5604,0.5728,0.5852,0.5976,0.61,0.6224,0.6348,0.6472,0.6596,0.672,0.6844,0.6968,0.7092,0.7216,0.734,0.7464,0.7588,0.7712,0.7836,0.796,0.8084,0.8208,0.8332,0.8456,0.858,0.8704,0.8828,0.8952,0.9076,0.92,0.9324,0.9448,0.9572,0.9696,0.982,0.9944,1.0068,1.0192,1.0316,1.044,1.0564,1.0688,1.0812,1.0936,1.106,1.1184,1.1308,1.1432,1.1556,1.168,1.1804,1.1928,1.2052,1.2176],"unit":"V"},"I":{"value":[0.001689,0.001683,0.001683,0.001681,0.001683,0.001682,0.001679,0.001682,0.00168,0.001681,0.001683,0.001675,0.001676,0.001677,0.001678,0.001678,0.001679,0.001681,0.001678,0.00168,0.00168,0.001679,0.001678,0.001677,0.00168,0.001679,0.001681,0.001681,0.00168,0.00168,0.001678,0.001679,0.001679,0.001677,0.00168,0.001679,0.001678,0.00168,0.001679,0.001678,0.001678,0.001678,0.001675,0.001676,0.001673,0.001676,0.001676,0.001676,0.001675,0.001675,0.001674,0.001672,0.001673,0.001672,0.001672,0.00167,0.001672,0.001671,0.001668,0.001667,0.001664,0.001663,0.00166,0.00166,0.001657,0.001657,0.001653,0.001649,0.001645,0.001643,0.001641,0.001637,0.001634,0.001627,0.001621,0.001616,0.00161,0.001603,0.001596,0.001586,0.001575,0.001561,0.001545,0.001528,0.001504,0.001476,0.001436,0.001387,0.001322,0.001238,0.001133,0.000999,0.000836,0.00064,0.000412,0.000148,-0.000148,-0.000475,-0.00083,-0.001219],"unit":"A"},"J":{"value":[0.00015201,0.00015146999999999998,0.00015146999999999998,0.00015129,0.00015146999999999998,0.00015137999999999998,0.00015110999999999998,0.00015137999999999998,0.0001512,0.00015129,0.00015146999999999998,0.00015075,0.00015083999999999999,0.00015093,0.00015102,0.00015102,0.00015110999999999998,0.00015129,0.00015102,0.0001512,0.0001512,0.00015110999999999998,0.00015102,0.00015093,0.0001512,0.00015110999999999998,0.00015129,0.00015129,0.0001512,0.0001512,0.00015102,0.00015110999999999998,0.00015110999999999998,0.00015093,0.0001512,0.00015110999999999998,0.00015102,0.0001512,0.00015110999999999998,0.00015102,0.00015102,0.00015102,0.00015075,0.00015083999999999999,0.00015057,0.00015083999999999999,0.00015083999999999999,0.00015083999999999999,0.00015075,0.00015075,0.00015066,0.00015048,0.00015057,0.00015048,0.00015048,0.0001503,0.00015048,0.00015039,0.00015012,0.00015003,0.00014975999999999998,0.00014967,0.0001494,0.0001494,0.00014913,0.00014913,0.00014877,0.00014841,0.00014805,0.00014786999999999998,0.00014769,0.00014733,0.00014706,0.00014643,0.00014589,0.00014544,0.0001449,0.00014427,0.00014364,0.00014273999999999998,0.00014175,0.00014049,0.00013905,0.00013752,0.00013535999999999998,0.00013284,0.00012924,0.00012482999999999998,0.00011898,0.00011141999999999999,0.00010196999999999999,8.991000000000001e-5,7.524e-5,5.7600000000000004e-5,3.708e-5,1.332e-5,-1.332e-5,-4.2749999999999996e-5,-7.47e-5,-0.00010971],"unit":"A\/cm2"},"voc":{"unit":"V","value":1.175202},"isc":{"unit":"A","value":1.682824},"jsc":{"unit":"mA\/cm2","value":18.698046},"fill_factor":{"unit":"%","value":78.72478},"vmax":{"unit":"V","value":1.0192},"efficiency":{"unit":"%","value":17.298962},"monitor_cell_reading":{"unit":"mV","value":0},"monitor_cell_calibration_value":{"unit":"mV","value":0},"test_device_area":{"unit":"cm2","value":0.09},"num_of_series_connected_stacks":{"unit":"","value":1},"sweep_direction":{"unit":"","value":"Forward"},"device_id":{"unit":"","value":"IPA0.5ml-1-3-F"},"cell_dimension":{"unit":"cm2","value":0.09},"key":"Forward_IV IPA0.5ml-1-3"},{"V":{"value":[-0.01,0.0021,0.0142,0.0263,0.0384,0.0505,0.0626,0.0747,0.0868,0.0989,0.111,0.1231,0.1352,0.1473,0.1594,0.1715,0.1836,0.1957,0.2078,0.2199,0.232,0.2441,0.2562,0.2683,0.2804,0.2925,0.3046,0.3167,0.3288,0.3409,0.353,0.3651,0.3772,0.3893,0.4014,0.4135,0.4256,0.4377,0.4498,0.4619,0.474,0.4861,0.4982,0.5103,0.5224,0.5345,0.5466,0.5587,0.5708,0.5829,0.595,0.6071,0.6192,0.6313,0.6434,0.6555,0.6676,0.6797,0.6918,0.7039,0.716,0.7281,0.7402,0.7523,0.7644,0.7765,0.7886,0.8007,0.8128,0.8249,0.837,0.8491,0.8612,0.8733,0.8854,0.8975,0.9096,0.9217,0.9338,0.9459,0.958,0.9701,0.9822,0.9943,1.0064,1.0185,1.0306,1.0427,1.0548,1.0669,1.079,1.0911,1.1032,1.1153,1.1274,1.1395,1.1516,1.1637,1.1758,1.1879],"unit":"V"},"I":{"value":[0.001608,0.001612,0.001615,0.001617,0.001622,0.001627,0.001632,0.001635,0.001639,0.001643,0.001646,0.001648,0.001652,0.001653,0.001655,0.001657,0.001657,0.001658,0.001662,0.001661,0.001663,0.001663,0.001663,0.001662,0.001664,0.001661,0.001664,0.001661,0.001661,0.00165,0.001661,0.001658,0.001657,0.001655,0.001654,0.00165,0.001649,0.001648,0.001646,0.001644,0.001643,0.001639,0.001639,0.001636,0.001632,0.00163,0.001627,0.001624,0.001621,0.001617,0.001613,0.00161,0.001605,0.001602,0.001598,0.001592,0.001585,0.001584,0.001576,0.001573,0.001569,0.001561,0.001554,0.001547,0.001536,0.00153,0.001518,0.00151,0.001499,0.001486,0.001474,0.00146,0.001446,0.001413,0.001406,0.001387,0.001367,0.001346,0.001319,0.001291,0.001257,0.001221,0.001178,0.001133,0.001078,0.001015,0.000936,0.000853,0.000756,0.000646,0.000521,0.000382,0.000229,5.3e-5,-0.000145,-0.000339,-0.000547,-0.000767,-0.000998,-0.001252],"unit":"A"},"J":{"value":[0.00014472,0.00014508,0.00014534999999999998,0.00014553,0.00014597999999999998,0.00014643,0.00014688,0.00014715,0.00014751,0.00014786999999999998,0.00014813999999999997,0.00014832,0.00014868,0.00014877,0.00014895,0.00014913,0.00014913,0.00014921999999999998,0.00014958,0.00014948999999999998,0.00014967,0.00014967,0.00014967,0.00014958,0.00014975999999999998,0.00014948999999999998,0.00014975999999999998,0.00014948999999999998,0.00014948999999999998,0.0001485,0.00014948999999999998,0.00014921999999999998,0.00014913,0.00014895,0.00014886,0.0001485,0.00014841,0.00014832,0.00014813999999999997,0.00014796,0.00014786999999999998,0.00014751,0.00014751,0.00014724,0.00014688,0.0001467,0.00014643,0.00014616,0.00014589,0.00014553,0.00014517,0.0001449,0.00014445000000000001,0.00014418,0.00014382,0.00014328,0.00014265,0.00014256,0.00014183999999999998,0.00014157,0.00014121,0.00014049,0.00013986,0.00013922999999999998,0.00013824,0.00013769999999999999,0.00013662,0.0001359,0.00013491,0.00013373999999999998,0.00013266,0.0001314,0.00013014,0.00012717,0.00012654,0.00012482999999999998,0.00012303,0.00012114,0.00011871000000000001,0.00011619,0.00011313000000000001,0.00010989,0.00010601999999999999,0.00010196999999999999,9.701999999999999e-5,9.135e-5,8.423999999999999e-5,7.677e-5,6.804e-5,5.8139999999999996e-5,4.688999999999999e-5,3.438e-5,2.061e-5,4.77e-6,-1.305e-5,-3.0509999999999998e-5,-4.9229999999999995e-5,-6.903e-5,-8.981999999999999e-5,-0.00011268],"unit":"A\/cm2"},"voc":{"unit":"V","value":1.118845},"isc":{"unit":"A","value":1.612338},"jsc":{"unit":"mA\/cm2","value":17.914869},"fill_factor":{"unit":"%","value":69.02636},"vmax":{"unit":"V","value":0.8975},"efficiency":{"unit":"%","value":13.835616},"monitor_cell_reading":{"unit":"mV","value":0},"monitor_cell_calibration_value":{"unit":"mV","value":0},"test_device_area":{"unit":"cm2","value":0.09},"num_of_series_connected_stacks":{"unit":"","value":1},"sweep_direction":{"unit":"","value":"Forward"},"device_id":{"unit":"","value":"IPA0.5ml-1-1-F"},"cell_dimension":{"unit":"cm2","value":0.09},"key":"Forward_IV IPA0.5ml-1-1"}]}}