{"_id":"6530d65115804d488a7f1ae4","id":"SKKU-SC-00147","author":82,"group":11,"input":[{"tco":{"unit":"","value":"FTO"}},{"surface_treatment":{"unit":"","value":"UVO"}},{"etl":[{"material":{"unit":"","value":"SnO2"},"concentration":{"unit":"","value":"120"},"conc_unit":{"unit":"","value":"mg\/ml"},"quantity":{"unit":"ml","value":"1"}}],"spin_coating":[{"type":{"unit":"","value":"Static (loading)"},"rpm":{"unit":"","value":"4000"},"time":{"unit":"s","value":"20"}}],"annealing":[{"temperature":{"unit":"oC","value":"185"},"time":{"unit":"m","value":"30"}}]},{"perovskite":{"method":{"unit":"","value":"1step"},"molarity":{"unit":"M","value":"2M"},"a_site":[{"material":{"unit":"","value":"FA"},"ratio":{"unit":"","value":"100"}}],"b_site":[{"material":{"unit":"","value":"Pb"},"ratio":{"unit":"","value":"100"}}],"x_site":[{"material":{"unit":"","value":"I"},"ratio":{"unit":"","value":"100"}}],"solvent":[{"material":{"unit":"","value":"DMF"},"volume":{"unit":"ml","value":"0.5"}},{"material":{"unit":"","value":"NMP"},"volume":{"unit":"ml","value":"0.0964"}}],"antisolvent":[{"material":{"unit":"","value":"DEE"},"quantity":{"unit":"ul","value":"150"},"dripping_time":{"unit":"s","value":"13"}}],"annealing":[{"temperature":{"unit":"oC","value":"100"},"time":{"unit":"m","value":"5"}},{"temperature":{"unit":"oC","value":"150"},"time":{"unit":"m","value":"30"}}],"spin_coating":[{"type":{"unit":"","value":"Static (loading)"},"rpm":{"unit":"","value":"4000"},"time":{"unit":"s","value":"20"}}],"additive":[{"material":{"unit":"","value":"MACl"},"solvent":{"unit":"","value":"DMF"},"concentration":{"unit":"","value":"225"},"conc_unit":{"unit":"","value":"mM"},"quantity":{"unit":"mol%","value":"22.5"}}],"atmosphere":[{"type":{"unit":"","value":"glove-box(N2)"},"temperature":{"unit":"oC","value":"21.1"},"humidity":{"unit":"RH%","value":"0"}}]}},{"perovskite_treatment":[{"material":{"unit":"","value":"3AMPI"},"concentration":{"unit":"","value":"1"},"conc_unit":{"unit":"","value":"mM"},"quantity":{"unit":"ml","value":"0.05"}}],"solvent":[{"material":{"unit":"","value":"IPA"},"volume":{"unit":"ml","value":"1"}}],"annealing":[{"temperature":{"unit":"oC","value":"100"},"time":{"unit":"m","value":"5"}}],"spin_coating":[{"type":{"unit":"","value":"Dynamic"},"rpm":{"unit":"","value":"5000"},"time":{"unit":"s","value":"30"}}]},{"htl":[{"material":{"unit":"","value":"Spiro-OMeTAD"},"concentration":{"unit":"","value":"0.0868"},"conc_unit":{"unit":"","value":"mg\/ml"},"quantity":{"unit":"ml","value":"0.03"}}],"spin_coating":[{"type":{"unit":"","value":"Dynamic"},"rpm":{"unit":"","value":"3000"},"time":{"unit":"s","value":"30"}}],"htl_doping":[{"material":{"unit":"","value":"Li-TFSI"},"volume":{"unit":"ul","value":"20"}},{"material":{"unit":"","value":"tBP"},"volume":{"unit":"ul","value":"34"}}],"solvent":[{"material":{"unit":"","value":"CB"},"volume":{"unit":"ml","value":"1"}}]},{"anode_metal":{"unit":"","value":"Ag"}},{"note":{"unit":"","value":"3AMPI ambient passivation"},"type":{"unit":"","value":"unit_cell"},"device_type":{"unit":"","value":"n-i-p"},"temperature":{"unit":"\u2103","value":"20.4"},"humidity":{"unit":"%","value":"50"},"cell_dimension":{"unit":"cm2","value":"0.125"}}],"fileinfo":[{"key":"Reverse_IV 3AMP-1mM-2-3","uploadType":"JV","original_name":"IV 3AMP-1mM-2-3-R.txt","save_name":"SKKU-SC-00147\/Reverse_IV 3AMP-1mM-2-3","uploader":82,"fileType":""},{"key":"Forward_IV 3AMP-1mM-1-2","uploadType":"JV","original_name":"IV 3AMP-1mM-1-2-F.txt","save_name":"SKKU-SC-00147\/Forward_IV 3AMP-1mM-1-2","uploader":82,"fileType":""},{"key":"Reverse_IV 3AMP-1mM-1-2","uploadType":"JV","original_name":"IV 3AMP-1mM-1-2-R.txt","save_name":"SKKU-SC-00147\/Reverse_IV 3AMP-1mM-1-2","uploader":82,"fileType":""},{"key":"Forward_IV 3AMP-1mM-1-3","uploadType":"JV","original_name":"IV 3AMP-1mM-1-3-F.txt","save_name":"SKKU-SC-00147\/Forward_IV 3AMP-1mM-1-3","uploader":82,"fileType":""},{"key":"Reverse_IV 3AMP-1mM-1-3","uploadType":"JV","original_name":"IV 3AMP-1mM-1-3-R.txt","save_name":"SKKU-SC-00147\/Reverse_IV 3AMP-1mM-1-3","uploader":82,"fileType":""},{"key":"Forward_IV 3AMP-1mM-2-1","uploadType":"JV","original_name":"IV 3AMP-1mM-2-1-F.txt","save_name":"SKKU-SC-00147\/Forward_IV 3AMP-1mM-2-1","uploader":82,"fileType":""},{"key":"Reverse_IV 3AMP-1mM-2-1","uploadType":"JV","original_name":"IV 3AMP-1mM-2-1-R.txt","save_name":"SKKU-SC-00147\/Reverse_IV 3AMP-1mM-2-1","uploader":82,"fileType":""},{"key":"Forward_IV 3AMP-1mM-2-2","uploadType":"JV","original_name":"IV 3AMP-1mM-2-2-F.txt","save_name":"SKKU-SC-00147\/Forward_IV 3AMP-1mM-2-2","uploader":82,"fileType":""},{"key":"Reverse_IV 3AMP-1mM-2-2","uploadType":"JV","original_name":"IV 3AMP-1mM-2-2-R.txt","save_name":"SKKU-SC-00147\/Reverse_IV 3AMP-1mM-2-2","uploader":82,"fileType":""},{"key":"Forward_IV 3AMP-1mM-2-3","uploadType":"JV","original_name":"IV 3AMP-1mM-2-3-F.txt","save_name":"SKKU-SC-00147\/Forward_IV 3AMP-1mM-2-3","uploader":82,"fileType":""}],"jvcnt":10,"updated_at":"2024-10-24 09:15:41","created_at":"2023-10-19 07:10:09","analysisInfo":{"JV":[{"efficiency":14.05,"fill_factor":59.42,"jsc":22.109,"voc":1.0694,"key":"Reverse_IV 3AMP-1mM-2-3","cell_dimension":0.125},{"efficiency":14.19,"fill_factor":59.37,"jsc":22.384,"voc":1.0676,"key":"Reverse_IV 3AMP-1mM-2-2","cell_dimension":0.125},{"efficiency":14.01,"fill_factor":58.1,"jsc":22.489,"voc":1.0721,"key":"Reverse_IV 3AMP-1mM-2-1","cell_dimension":0.125},{"efficiency":14.63,"fill_factor":57.37,"jsc":23.362,"voc":1.0918,"key":"Reverse_IV 3AMP-1mM-1-3","cell_dimension":0.125},{"efficiency":14.48,"fill_factor":57.93,"jsc":23.129,"voc":1.0807,"key":"Reverse_IV 3AMP-1mM-1-2","cell_dimension":0.125},{"efficiency":14.42,"fill_factor":60.53,"jsc":22.13,"voc":1.0767,"key":"Forward_IV 3AMP-1mM-2-3","cell_dimension":0.125},{"efficiency":14.81,"fill_factor":61.36,"jsc":22.348,"voc":1.0797,"key":"Forward_IV 3AMP-1mM-2-2","cell_dimension":0.125},{"efficiency":14.34,"fill_factor":58.96,"jsc":22.533,"voc":1.0796,"key":"Forward_IV 3AMP-1mM-2-1","cell_dimension":0.125},{"efficiency":15.09,"fill_factor":58.91,"jsc":23.371,"voc":1.0963,"key":"Forward_IV 3AMP-1mM-1-3","cell_dimension":0.125},{"efficiency":14.96,"fill_factor":59.55,"jsc":23.095,"voc":1.0879,"key":"Forward_IV 3AMP-1mM-1-2","cell_dimension":0.125}]},"public":2,"analysis":{"JV":[{"V":{"value":[1.2,1.187,1.174,1.161,1.147,1.134,1.121,1.108,1.095,1.082,1.069,1.056,1.042,1.029,1.016,1.003,0.99,0.977,0.964,0.951,0.937,0.924,0.911,0.898,0.885,0.872,0.859,0.845,0.832,0.819,0.806,0.793,0.78,0.767,0.754,0.74,0.727,0.714,0.701,0.688,0.675,0.662,0.648,0.635,0.622,0.609,0.596,0.583,0.57,0.557,0.543,0.53,0.517,0.504,0.491,0.478,0.465,0.452,0.438,0.425,0.412,0.399,0.386,0.373,0.36,0.346,0.333,0.32,0.307,0.294,0.281,0.268,0.255,0.241,0.228,0.215,0.202,0.189,0.176,0.163,0.149,0.136,0.123,0.11,0.097,0.084,0.071,0.058,0.044,0.031,0.018,0.005,-0.008,-0.021,-0.034,-0.047,-0.061,-0.074,-0.087,-0.1],"unit":"V"},"I":{"value":[-0.0016478,-0.0014729,-0.0012981,-0.0011293,-0.00094866,-0.00078825,-0.00062549,-0.00046499,-0.00030719,-0.0001506,4.6183e-6,0.00015895,0.00032032,0.00046988,0.00061161,0.00075718,0.00089317,0.0010253,0.0011565,0.001274,0.0013921,0.0015018,0.0016016,0.0016912,0.0017783,0.0018512,0.001926,0.0019922,0.0020494,0.0021103,0.0021563,0.0022058,0.0022457,0.0022896,0.002322,0.0023528,0.0023858,0.0024138,0.0024406,0.0024582,0.0024821,0.0025003,0.0025155,0.0025358,0.0025516,0.0025618,0.0025768,0.0025816,0.0025977,0.0026004,0.0026144,0.0026258,0.00263,0.0026326,0.0026456,0.0026473,0.0026579,0.002662,0.0026662,0.0026692,0.0026805,0.0026734,0.0026836,0.0026905,0.0026922,0.0026925,0.0027026,0.0026991,0.0027065,0.0027054,0.0027102,0.0027197,0.0027274,0.0027164,0.0027199,0.0027265,0.0027278,0.0027261,0.0027356,0.0027407,0.0027344,0.0027398,0.0027402,0.0027454,0.0027483,0.0027517,0.0027531,0.0027584,0.0027579,0.0027571,0.0027554,0.0027661,0.0027598,0.0027631,0.0027754,0.0027782,0.002775,0.0027756,0.0027836,0.0027759],"unit":"A"},"J":{"value":[-0.000205975,-0.0001841125,-0.0001622625,-0.0001411625,-0.0001185825,-9.853125e-5,-7.818625e-5,-5.812375e-5,-3.839875e-5,-1.8825e-5,5.772875e-7,1.986875e-5,4.004e-5,5.8735e-5,7.645125e-5,9.46475e-5,0.00011164625,0.0001281625,0.0001445625,0.00015925,0.0001740125,0.000187725,0.0002002,0.0002114,0.0002222875,0.0002314,0.00024075,0.000249025,0.000256175,0.0002637875,0.0002695375,0.000275725,0.0002807125,0.0002862,0.00029025,0.0002941,0.000298225,0.000301725,0.000305075,0.000307275,0.0003102625,0.0003125375,0.0003144375,0.000316975,0.00031895,0.000320225,0.0003221,0.0003227,0.0003247125,0.00032505,0.0003268,0.000328225,0.00032875,0.000329075,0.0003307,0.0003309125,0.0003322375,0.00033275,0.000333275,0.00033365,0.0003350625,0.000334175,0.00033545,0.0003363125,0.000336525,0.0003365625,0.000337825,0.0003373875,0.0003383125,0.000338175,0.000338775,0.0003399625,0.000340925,0.00033955,0.0003399875,0.0003408125,0.000340975,0.0003407625,0.00034195,0.0003425875,0.0003418,0.000342475,0.000342525,0.000343175,0.0003435375,0.0003439625,0.0003441375,0.0003448,0.0003447375,0.0003446375,0.000344425,0.0003457625,0.000344975,0.0003453875,0.000346925,0.000347275,0.000346875,0.00034695,0.00034795,0.0003469875],"unit":"A\/cm2"},"voc":{"unit":"V","value":1.0694},"isc":{"unit":"A","value":0.0027637},"jsc":{"unit":"mA\/cm2","value":22.109},"fill_factor":{"unit":"%","value":59.42},"pmax":{"unit":"mW","value":1.756},"vmax":{"unit":"V","value":0.767},"imax":{"unit":"mA","value":2.29},"rshunt":{"unit":"ohms","value":3950},"voc_slope":{"unit":"ohms","value":84.9},"efficiency":{"unit":"%","value":14.05},"monitor_cell_reading":{"unit":"mV","value":0},"monitor_cell_calibration_value":{"unit":"mV","value":0},"test_device_area":{"unit":"cm2","value":0.125},"num_of_series_connected_stacks":{"unit":"","value":1},"meter_integration":{"unit":"NPLC","value":0.1},"source_irradiance":{"unit":"mW\/cm2","value":100},"voltage_settling_time":{"unit":"ms","value":10},"sweep_direction":{"unit":"","value":"Reverse"},"irradiance_variation_correction":{"unit":"","value":"None"},"device_id":{"unit":"","value":"3AMP-1mM-2-3-R"},"cell_dimension":{"unit":"cm2","value":0.125},"key":"Reverse_IV 3AMP-1mM-2-3"},{"V":{"value":[1.2,1.187,1.174,1.161,1.147,1.134,1.121,1.108,1.095,1.082,1.069,1.056,1.042,1.029,1.016,1.003,0.99,0.977,0.964,0.951,0.937,0.924,0.911,0.898,0.885,0.872,0.859,0.845,0.832,0.819,0.806,0.793,0.78,0.767,0.754,0.74,0.727,0.714,0.701,0.688,0.675,0.662,0.648,0.635,0.622,0.609,0.596,0.583,0.57,0.557,0.543,0.53,0.517,0.504,0.491,0.478,0.465,0.452,0.438,0.425,0.412,0.399,0.386,0.373,0.36,0.346,0.333,0.32,0.307,0.294,0.281,0.268,0.255,0.241,0.228,0.215,0.202,0.189,0.176,0.163,0.149,0.136,0.123,0.11,0.097,0.084,0.071,0.058,0.044,0.031,0.018,0.005,-0.008,-0.021,-0.034,-0.047,-0.061,-0.074,-0.087,-0.1],"unit":"V"},"I":{"value":[-0.0016532,-0.0014804,-0.0013097,-0.0011405,-0.00096313,-0.00080339,-0.00064282,-0.00048337,-0.00032786,-0.00017205,-1.6682e-5,0.0001367,0.00029722,0.00044463,0.00059003,0.00073061,0.00086561,0.0009969,0.0011306,0.0012476,0.0013686,0.0014827,0.0015807,0.001673,0.0017612,0.0018422,0.001919,0.0019884,0.0020574,0.0021224,0.0021747,0.002221,0.0022695,0.0023098,0.002352,0.0023945,0.0024206,0.0024543,0.0024804,0.0025039,0.0025253,0.002547,0.0025609,0.002583,0.0026011,0.0026097,0.0026207,0.0026335,0.0026368,0.0026454,0.0026656,0.0026726,0.00268,0.0026788,0.0026919,0.0026933,0.0026903,0.0027017,0.0027085,0.0027145,0.0027215,0.0027159,0.0027259,0.0027298,0.0027284,0.0027353,0.0027391,0.0027425,0.0027425,0.0027587,0.0027543,0.0027519,0.002753,0.0027596,0.0027556,0.0027645,0.0027669,0.0027619,0.0027707,0.0027695,0.0027781,0.0027722,0.0027865,0.0027727,0.002779,0.0027877,0.0027899,0.0027886,0.0027917,0.0027935,0.0027857,0.0027972,0.0027993,0.0028,0.0027982,0.0028054,0.0027944,0.0027991,0.0028143,0.0028095],"unit":"A"},"J":{"value":[-0.00020665,-0.00018505,-0.0001637125,-0.0001425625,-0.00012039125,-0.00010042375,-8.03525e-5,-6.042125e-5,-4.09825e-5,-2.150625e-5,-2.08525e-6,1.70875e-5,3.71525e-5,5.557875e-5,7.375375e-5,9.132625e-5,0.00010820125,0.0001246125,0.000141325,0.00015595,0.000171075,0.0001853375,0.0001975875,0.000209125,0.00022015,0.000230275,0.000239875,0.00024855,0.000257175,0.0002653,0.0002718375,0.000277625,0.0002836875,0.000288725,0.000294,0.0002993125,0.000302575,0.0003067875,0.00031005,0.0003129875,0.0003156625,0.000318375,0.0003201125,0.000322875,0.0003251375,0.0003262125,0.0003275875,0.0003291875,0.0003296,0.000330675,0.0003332,0.000334075,0.000335,0.00033485,0.0003364875,0.0003366625,0.0003362875,0.0003377125,0.0003385625,0.0003393125,0.0003401875,0.0003394875,0.0003407375,0.000341225,0.00034105,0.0003419125,0.0003423875,0.0003428125,0.0003428125,0.0003448375,0.0003442875,0.0003439875,0.000344125,0.00034495,0.00034445,0.0003455625,0.0003458625,0.0003452375,0.0003463375,0.0003461875,0.0003472625,0.000346525,0.0003483125,0.0003465875,0.000347375,0.0003484625,0.0003487375,0.000348575,0.0003489625,0.0003491875,0.0003482125,0.00034965,0.0003499125,0.00035,0.000349775,0.000350675,0.0003493,0.0003498875,0.0003517875,0.0003511875],"unit":"A\/cm2"},"voc":{"unit":"V","value":1.0676},"isc":{"unit":"A","value":0.002798},"jsc":{"unit":"mA\/cm2","value":22.384},"fill_factor":{"unit":"%","value":59.37},"pmax":{"unit":"mW","value":1.773},"vmax":{"unit":"V","value":0.754},"imax":{"unit":"mA","value":2.352},"rshunt":{"unit":"ohms","value":4620},"voc_slope":{"unit":"ohms","value":85.4},"efficiency":{"unit":"%","value":14.19},"monitor_cell_reading":{"unit":"mV","value":0},"monitor_cell_calibration_value":{"unit":"mV","value":0},"test_device_area":{"unit":"cm2","value":0.125},"num_of_series_connected_stacks":{"unit":"","value":1},"meter_integration":{"unit":"NPLC","value":0.1},"source_irradiance":{"unit":"mW\/cm2","value":100},"voltage_settling_time":{"unit":"ms","value":10},"sweep_direction":{"unit":"","value":"Reverse"},"irradiance_variation_correction":{"unit":"","value":"None"},"device_id":{"unit":"","value":"3AMP-1mM-2-2-R"},"cell_dimension":{"unit":"cm2","value":0.125},"key":"Reverse_IV 3AMP-1mM-2-2"},{"V":{"value":[1.2,1.187,1.174,1.161,1.147,1.134,1.121,1.108,1.095,1.082,1.069,1.056,1.042,1.029,1.016,1.003,0.99,0.977,0.964,0.951,0.937,0.924,0.911,0.898,0.885,0.872,0.859,0.845,0.832,0.819,0.806,0.793,0.78,0.767,0.754,0.74,0.727,0.714,0.701,0.688,0.675,0.662,0.648,0.635,0.622,0.609,0.596,0.583,0.57,0.557,0.543,0.53,0.517,0.504,0.491,0.478,0.465,0.452,0.438,0.425,0.412,0.399,0.386,0.373,0.36,0.346,0.333,0.32,0.307,0.294,0.281,0.268,0.255,0.241,0.228,0.215,0.202,0.189,0.176,0.163,0.149,0.136,0.123,0.11,0.097,0.084,0.071,0.058,0.044,0.031,0.018,0.005,-0.008,-0.021,-0.034,-0.047,-0.061,-0.074,-0.087,-0.1],"unit":"V"},"I":{"value":[-0.001162,-0.0010526,-0.00094047,-0.00083113,-0.00070963,-0.00059395,-0.00047553,-0.00035383,-0.0002296,-0.00010023,3.1478e-5,0.0001694,0.00031564,0.00045149,0.00058935,0.00072594,0.00085592,0.00098883,0.0011227,0.0012407,0.0013602,0.0014738,0.0015743,0.0016673,0.0017535,0.0018326,0.0019118,0.0019781,0.0020387,0.0020981,0.0021476,0.0021965,0.0022447,0.0022785,0.0023116,0.0023546,0.002381,0.0024125,0.0024416,0.0024701,0.0024842,0.0025065,0.0025368,0.0025501,0.0025651,0.0025857,0.002597,0.0026035,0.0026258,0.0026299,0.0026492,0.00265,0.0026668,0.0026699,0.0026768,0.0026925,0.0026927,0.0026992,0.0027088,0.0027193,0.0027094,0.002723,0.0027266,0.0027321,0.0027379,0.0027451,0.00274,0.0027504,0.0027567,0.0027552,0.0027639,0.0027627,0.0027688,0.0027633,0.002773,0.0027775,0.0027719,0.0027816,0.002787,0.0027947,0.0027922,0.0027918,0.0028004,0.0027961,0.0028083,0.0028024,0.0028023,0.0028072,0.0028023,0.002811,0.0028114,0.002811,0.0028111,0.0028178,0.0028097,0.0028219,0.0028231,0.0028268,0.0028255,0.0028314],"unit":"A"},"J":{"value":[-0.00014525,-0.000131575,-0.00011755875,-0.00010389125,-8.870375e-5,-7.424375e-5,-5.944125e-5,-4.422875e-5,-2.87e-5,-1.252875e-5,3.93475e-6,2.1175e-5,3.9455e-5,5.643625e-5,7.366875e-5,9.07425e-5,0.00010699,0.00012360375,0.0001403375,0.0001550875,0.000170025,0.000184225,0.0001967875,0.0002084125,0.0002191875,0.000229075,0.000238975,0.0002472625,0.0002548375,0.0002622625,0.00026845,0.0002745625,0.0002805875,0.0002848125,0.00028895,0.000294325,0.000297625,0.0003015625,0.0003052,0.0003087625,0.000310525,0.0003133125,0.0003171,0.0003187625,0.0003206375,0.0003232125,0.000324625,0.0003254375,0.000328225,0.0003287375,0.00033115,0.00033125,0.00033335,0.0003337375,0.0003346,0.0003365625,0.0003365875,0.0003374,0.0003386,0.0003399125,0.000338675,0.000340375,0.000340825,0.0003415125,0.0003422375,0.0003431375,0.0003425,0.0003438,0.0003445875,0.0003444,0.0003454875,0.0003453375,0.0003461,0.0003454125,0.000346625,0.0003471875,0.0003464875,0.0003477,0.000348375,0.0003493375,0.000349025,0.000348975,0.00035005,0.0003495125,0.0003510375,0.0003503,0.0003502875,0.0003509,0.0003502875,0.000351375,0.000351425,0.000351375,0.0003513875,0.000352225,0.0003512125,0.0003527375,0.0003528875,0.00035335,0.0003531875,0.000353925],"unit":"A\/cm2"},"voc":{"unit":"V","value":1.0721},"isc":{"unit":"A","value":0.0028111},"jsc":{"unit":"mA\/cm2","value":22.489},"fill_factor":{"unit":"%","value":58.1},"pmax":{"unit":"mW","value":1.751},"vmax":{"unit":"V","value":0.78},"imax":{"unit":"mA","value":2.245},"rshunt":{"unit":"ohms","value":5100},"voc_slope":{"unit":"ohms","value":96.6},"efficiency":{"unit":"%","value":14.01},"monitor_cell_reading":{"unit":"mV","value":0},"monitor_cell_calibration_value":{"unit":"mV","value":0},"test_device_area":{"unit":"cm2","value":0.125},"num_of_series_connected_stacks":{"unit":"","value":1},"meter_integration":{"unit":"NPLC","value":0.1},"source_irradiance":{"unit":"mW\/cm2","value":100},"voltage_settling_time":{"unit":"ms","value":10},"sweep_direction":{"unit":"","value":"Reverse"},"irradiance_variation_correction":{"unit":"","value":"None"},"device_id":{"unit":"","value":"3AMP-1mM-2-1-R"},"cell_dimension":{"unit":"cm2","value":0.125},"key":"Reverse_IV 3AMP-1mM-2-1"},{"V":{"value":[1.2,1.187,1.174,1.161,1.147,1.134,1.121,1.108,1.095,1.082,1.069,1.056,1.042,1.029,1.016,1.003,0.99,0.977,0.964,0.951,0.937,0.924,0.911,0.898,0.885,0.872,0.859,0.845,0.832,0.819,0.806,0.793,0.78,0.767,0.754,0.74,0.727,0.714,0.701,0.688,0.675,0.662,0.648,0.635,0.622,0.609,0.596,0.583,0.57,0.557,0.543,0.53,0.517,0.504,0.491,0.478,0.465,0.452,0.438,0.425,0.412,0.399,0.386,0.373,0.36,0.346,0.333,0.32,0.307,0.294,0.281,0.268,0.255,0.241,0.228,0.215,0.202,0.189,0.176,0.163,0.149,0.136,0.123,0.11,0.097,0.084,0.071,0.058,0.044,0.031,0.018,0.005,-0.008,-0.021,-0.034,-0.047,-0.061,-0.074,-0.087,-0.1],"unit":"V"},"I":{"value":[-0.00085704,-0.00076357,-0.00066537,-0.00056725,-0.000459,-0.00035776,-0.00025063,-0.00014177,-2.8702e-5,8.9157e-5,0.00021185,0.00033671,0.00047327,0.00060369,0.00073336,0.00086337,0.0009886,0.0011132,0.001237,0.0013527,0.001471,0.0015702,0.0016678,0.0017597,0.0018417,0.0019253,0.0020001,0.0020692,0.0021328,0.0021916,0.0022517,0.0022958,0.0023452,0.0023834,0.0024231,0.0024648,0.0024997,0.0025389,0.0025674,0.0025907,0.002624,0.0026348,0.0026596,0.00268,0.0027048,0.0027118,0.0027199,0.002744,0.0027531,0.0027645,0.0027704,0.002781,0.0027863,0.0027994,0.0028039,0.0028072,0.0028256,0.0028222,0.0028287,0.0028332,0.0028396,0.0028448,0.0028422,0.0028622,0.0028562,0.0028599,0.0028642,0.0028667,0.0028718,0.0028722,0.0028817,0.0028765,0.0028905,0.0028844,0.0028836,0.0028894,0.0028922,0.0028942,0.0028943,0.0029091,0.0029094,0.0028988,0.0029086,0.0029068,0.0029097,0.0029037,0.0029054,0.0029164,0.0029171,0.0029097,0.0029182,0.0029173,0.0029251,0.0029194,0.0029251,0.0029323,0.0029204,0.0029248,0.002924,0.0029295],"unit":"A"},"J":{"value":[-0.00010713,-9.544625e-5,-8.317125e-5,-7.090625e-5,-5.7375e-5,-4.472e-5,-3.132875e-5,-1.772125e-5,-3.58775e-6,1.1144625e-5,2.648125e-5,4.208875e-5,5.915875e-5,7.546125e-5,9.167e-5,0.00010792125,0.000123575,0.00013915,0.000154625,0.0001690875,0.000183875,0.000196275,0.000208475,0.0002199625,0.0002302125,0.0002406625,0.0002500125,0.00025865,0.0002666,0.00027395,0.0002814625,0.000286975,0.00029315,0.000297925,0.0003028875,0.0003081,0.0003124625,0.0003173625,0.000320925,0.0003238375,0.000328,0.00032935,0.00033245,0.000335,0.0003381,0.000338975,0.0003399875,0.000343,0.0003441375,0.0003455625,0.0003463,0.000347625,0.0003482875,0.000349925,0.0003504875,0.0003509,0.0003532,0.000352775,0.0003535875,0.00035415,0.00035495,0.0003556,0.000355275,0.000357775,0.000357025,0.0003574875,0.000358025,0.0003583375,0.000358975,0.000359025,0.0003602125,0.0003595625,0.0003613125,0.00036055,0.00036045,0.000361175,0.000361525,0.000361775,0.0003617875,0.0003636375,0.000363675,0.00036235,0.000363575,0.00036335,0.0003637125,0.0003629625,0.000363175,0.00036455,0.0003646375,0.0003637125,0.000364775,0.0003646625,0.0003656375,0.000364925,0.0003656375,0.0003665375,0.00036505,0.0003656,0.0003655,0.0003661875],"unit":"A\/cm2"},"voc":{"unit":"V","value":1.0918},"isc":{"unit":"A","value":0.0029203},"jsc":{"unit":"mA\/cm2","value":23.362},"fill_factor":{"unit":"%","value":57.37},"pmax":{"unit":"mW","value":1.829},"vmax":{"unit":"V","value":0.78},"imax":{"unit":"mA","value":2.345},"rshunt":{"unit":"ohms","value":4410},"voc_slope":{"unit":"ohms","value":110},"efficiency":{"unit":"%","value":14.63},"monitor_cell_reading":{"unit":"mV","value":0},"monitor_cell_calibration_value":{"unit":"mV","value":0},"test_device_area":{"unit":"cm2","value":0.125},"num_of_series_connected_stacks":{"unit":"","value":1},"meter_integration":{"unit":"NPLC","value":0.1},"source_irradiance":{"unit":"mW\/cm2","value":100},"voltage_settling_time":{"unit":"ms","value":10},"sweep_direction":{"unit":"","value":"Reverse"},"irradiance_variation_correction":{"unit":"","value":"None"},"device_id":{"unit":"","value":"3AMP-1mM-1-3-R"},"cell_dimension":{"unit":"cm2","value":0.125},"key":"Reverse_IV 3AMP-1mM-1-3"},{"V":{"value":[1.2,1.187,1.174,1.161,1.147,1.134,1.121,1.108,1.095,1.082,1.069,1.056,1.042,1.029,1.016,1.003,0.99,0.977,0.964,0.951,0.937,0.924,0.911,0.898,0.885,0.872,0.859,0.845,0.832,0.819,0.806,0.793,0.78,0.767,0.754,0.74,0.727,0.714,0.701,0.688,0.675,0.662,0.648,0.635,0.622,0.609,0.596,0.583,0.57,0.557,0.543,0.53,0.517,0.504,0.491,0.478,0.465,0.452,0.438,0.425,0.412,0.399,0.386,0.373,0.36,0.346,0.333,0.32,0.307,0.294,0.281,0.268,0.255,0.241,0.228,0.215,0.202,0.189,0.176,0.163,0.149,0.136,0.123,0.11,0.097,0.084,0.071,0.058,0.044,0.031,0.018,0.005,-0.008,-0.021,-0.034,-0.047,-0.061,-0.074,-0.087,-0.1],"unit":"V"},"I":{"value":[-0.0011744,-0.0010481,-0.00091648,-0.00079585,-0.00066192,-0.00053621,-0.00040757,-0.000278,-0.00014727,-1.3248e-5,0.00012102,0.00025714,0.000405,0.00054049,0.00067545,0.00080346,0.000934,0.001053,0.0011744,0.0012875,0.0014022,0.0015054,0.0015964,0.0016905,0.0017779,0.0018533,0.0019298,0.0020095,0.0020789,0.0021327,0.0021951,0.0022553,0.0023077,0.0023535,0.0023993,0.0024461,0.0024774,0.002521,0.0025472,0.0025822,0.0026074,0.0026316,0.0026444,0.0026665,0.0026886,0.0026967,0.0027166,0.0027196,0.0027333,0.0027331,0.0027554,0.0027606,0.0027705,0.002784,0.0027854,0.0027853,0.0027906,0.002797,0.002809,0.0028015,0.002807,0.0028232,0.0028221,0.0028234,0.0028284,0.0028395,0.0028317,0.0028419,0.0028418,0.0028459,0.0028502,0.0028582,0.0028562,0.002858,0.0028635,0.0028595,0.0028704,0.0028695,0.0028732,0.0028679,0.0028798,0.0028724,0.002874,0.0028813,0.0028821,0.0028831,0.0028869,0.0028843,0.002881,0.0028868,0.0028909,0.0028879,0.0028962,0.0028943,0.0029034,0.0029017,0.0029028,0.0029031,0.002907,0.0029088],"unit":"A"},"J":{"value":[-0.0001468,-0.0001310125,-0.00011456,-9.948125e-5,-8.274e-5,-6.702625e-5,-5.094625e-5,-3.475e-5,-1.840875e-5,-1.656e-6,1.51275e-5,3.21425e-5,5.0625e-5,6.756125e-5,8.443125e-5,0.0001004325,0.00011675,0.000131625,0.0001468,0.0001609375,0.000175275,0.000188175,0.00019955,0.0002113125,0.0002222375,0.0002316625,0.000241225,0.0002511875,0.0002598625,0.0002665875,0.0002743875,0.0002819125,0.0002884625,0.0002941875,0.0002999125,0.0003057625,0.000309675,0.000315125,0.0003184,0.000322775,0.000325925,0.00032895,0.00033055,0.0003333125,0.000336075,0.0003370875,0.000339575,0.00033995,0.0003416625,0.0003416375,0.000344425,0.000345075,0.0003463125,0.000348,0.000348175,0.0003481625,0.000348825,0.000349625,0.000351125,0.0003501875,0.000350875,0.0003529,0.0003527625,0.000352925,0.00035355,0.0003549375,0.0003539625,0.0003552375,0.000355225,0.0003557375,0.000356275,0.000357275,0.000357025,0.00035725,0.0003579375,0.0003574375,0.0003588,0.0003586875,0.00035915,0.0003584875,0.000359975,0.00035905,0.00035925,0.0003601625,0.0003602625,0.0003603875,0.0003608625,0.0003605375,0.000360125,0.00036085,0.0003613625,0.0003609875,0.000362025,0.0003617875,0.000362925,0.0003627125,0.00036285,0.0003628875,0.000363375,0.0003636],"unit":"A\/cm2"},"voc":{"unit":"V","value":1.0807},"isc":{"unit":"A","value":0.0028911},"jsc":{"unit":"mA\/cm2","value":23.129},"fill_factor":{"unit":"%","value":57.93},"pmax":{"unit":"mW","value":1.81},"vmax":{"unit":"V","value":0.74},"imax":{"unit":"mA","value":2.446},"rshunt":{"unit":"ohms","value":4660},"voc_slope":{"unit":"ohms","value":96.6},"efficiency":{"unit":"%","value":14.48},"monitor_cell_reading":{"unit":"mV","value":0},"monitor_cell_calibration_value":{"unit":"mV","value":0},"test_device_area":{"unit":"cm2","value":0.125},"num_of_series_connected_stacks":{"unit":"","value":1},"meter_integration":{"unit":"NPLC","value":0.1},"source_irradiance":{"unit":"mW\/cm2","value":100},"voltage_settling_time":{"unit":"ms","value":10},"sweep_direction":{"unit":"","value":"Reverse"},"irradiance_variation_correction":{"unit":"","value":"None"},"device_id":{"unit":"","value":"3AMP-1mM-1-2-R"},"cell_dimension":{"unit":"cm2","value":0.125},"key":"Reverse_IV 3AMP-1mM-1-2"},{"V":{"value":[-0.1,-0.087,-0.074,-0.061,-0.047,-0.034,-0.021,-0.008,0.005,0.018,0.031,0.044,0.058,0.071,0.084,0.097,0.11,0.123,0.136,0.149,0.163,0.176,0.189,0.202,0.215,0.228,0.241,0.255,0.268,0.281,0.294,0.307,0.32,0.333,0.346,0.36,0.373,0.386,0.399,0.412,0.425,0.438,0.452,0.465,0.478,0.491,0.504,0.517,0.53,0.543,0.557,0.57,0.583,0.596,0.609,0.622,0.635,0.648,0.662,0.675,0.688,0.701,0.714,0.727,0.74,0.754,0.767,0.78,0.793,0.806,0.819,0.832,0.845,0.859,0.872,0.885,0.898,0.911,0.924,0.937,0.951,0.964,0.977,0.99,1.003,1.016,1.029,1.042,1.056,1.069,1.082,1.095,1.108,1.121,1.134,1.147,1.161,1.174,1.187,1.2],"unit":"V"},"I":{"value":[0.0027664,0.0027782,0.0027788,0.0027696,0.0027694,0.0027748,0.0027617,0.0027717,0.0027629,0.0027564,0.0027501,0.0027543,0.0027513,0.0027403,0.0027476,0.0027447,0.0027442,0.0027398,0.0027477,0.002731,0.0027313,0.0027373,0.0027256,0.0027322,0.0027325,0.0027219,0.0027152,0.0027197,0.0027214,0.0027069,0.0027142,0.0027091,0.0027087,0.0026994,0.0027027,0.0026937,0.0026861,0.002694,0.0026835,0.0026814,0.002679,0.0026784,0.0026624,0.0026606,0.0026617,0.0026533,0.0026525,0.0026392,0.0026343,0.0026203,0.0026268,0.0026081,0.0026061,0.0025962,0.0025871,0.0025721,0.002562,0.0025527,0.0025277,0.0025239,0.0025003,0.0024751,0.0024545,0.0024383,0.0024078,0.0023732,0.0023508,0.0023107,0.0022699,0.0022297,0.0021894,0.0021374,0.0020906,0.0020211,0.0019543,0.0018848,0.0018067,0.0017205,0.0016256,0.0015306,0.0014073,0.0012949,0.0011698,0.0010369,0.00089691,0.00074751,0.00059741,0.00043853,0.00026718,0.0001023,-6.9618e-5,-0.00024254,-0.00041671,-0.00059271,-0.00077091,-0.00094917,-0.0011414,-0.0013258,-0.0015088,-0.0016929],"unit":"A"},"J":{"value":[0.0003458,0.000347275,0.00034735,0.0003462,0.000346175,0.00034685,0.0003452125,0.0003464625,0.0003453625,0.00034455,0.0003437625,0.0003442875,0.0003439125,0.0003425375,0.00034345,0.0003430875,0.000343025,0.000342475,0.0003434625,0.000341375,0.0003414125,0.0003421625,0.0003407,0.000341525,0.0003415625,0.0003402375,0.0003394,0.0003399625,0.000340175,0.0003383625,0.000339275,0.0003386375,0.0003385875,0.000337425,0.0003378375,0.0003367125,0.0003357625,0.00033675,0.0003354375,0.000335175,0.000334875,0.0003348,0.0003328,0.000332575,0.0003327125,0.0003316625,0.0003315625,0.0003299,0.0003292875,0.0003275375,0.00032835,0.0003260125,0.0003257625,0.000324525,0.0003233875,0.0003215125,0.00032025,0.0003190875,0.0003159625,0.0003154875,0.0003125375,0.0003093875,0.0003068125,0.0003047875,0.000300975,0.00029665,0.00029385,0.0002888375,0.0002837375,0.0002787125,0.000273675,0.000267175,0.000261325,0.0002526375,0.0002442875,0.0002356,0.0002258375,0.0002150625,0.0002032,0.000191325,0.0001759125,0.0001618625,0.000146225,0.0001296125,0.00011211375,9.343875e-5,7.467625e-5,5.481625e-5,3.33975e-5,1.27875e-5,-8.70225e-6,-3.03175e-5,-5.208875e-5,-7.408875e-5,-9.636375e-5,-0.00011864625,-0.000142675,-0.000165725,-0.0001886,-0.0002116125],"unit":"A\/cm2"},"voc":{"unit":"V","value":1.0767},"isc":{"unit":"A","value":0.0027663},"jsc":{"unit":"mA\/cm2","value":22.13},"fill_factor":{"unit":"%","value":60.53},"pmax":{"unit":"mW","value":1.803},"vmax":{"unit":"V","value":0.767},"imax":{"unit":"mA","value":2.351},"rshunt":{"unit":"ohms","value":3810},"voc_slope":{"unit":"ohms","value":76.9},"efficiency":{"unit":"%","value":14.42},"monitor_cell_reading":{"unit":"mV","value":0},"monitor_cell_calibration_value":{"unit":"mV","value":0},"test_device_area":{"unit":"cm2","value":0.125},"num_of_series_connected_stacks":{"unit":"","value":1},"meter_integration":{"unit":"NPLC","value":0.1},"source_irradiance":{"unit":"mW\/cm2","value":100},"voltage_settling_time":{"unit":"ms","value":10},"sweep_direction":{"unit":"","value":"Forward"},"irradiance_variation_correction":{"unit":"","value":"None"},"device_id":{"unit":"","value":"3AMP-1mM-2-3-F"},"cell_dimension":{"unit":"cm2","value":0.125},"key":"Forward_IV 3AMP-1mM-2-3"},{"V":{"value":[-0.1,-0.087,-0.074,-0.061,-0.047,-0.034,-0.021,-0.008,0.005,0.018,0.031,0.044,0.058,0.071,0.084,0.097,0.11,0.123,0.136,0.149,0.163,0.176,0.189,0.202,0.215,0.228,0.241,0.255,0.268,0.281,0.294,0.307,0.32,0.333,0.346,0.36,0.373,0.386,0.399,0.412,0.425,0.438,0.452,0.465,0.478,0.491,0.504,0.517,0.53,0.543,0.557,0.57,0.583,0.596,0.609,0.622,0.635,0.648,0.662,0.675,0.688,0.701,0.714,0.727,0.74,0.754,0.767,0.78,0.793,0.806,0.819,0.832,0.845,0.859,0.872,0.885,0.898,0.911,0.924,0.937,0.951,0.964,0.977,0.99,1.003,1.016,1.029,1.042,1.056,1.069,1.082,1.095,1.108,1.121,1.134,1.147,1.161,1.174,1.187,1.2],"unit":"V"},"I":{"value":[0.0027845,0.0028069,0.0028044,0.0027978,0.0028027,0.0027883,0.0027959,0.0027942,0.0027931,0.0027825,0.0027849,0.0027818,0.0027763,0.0027842,0.0027796,0.0027733,0.002772,0.0027741,0.0027745,0.0027573,0.0027706,0.0027663,0.0027644,0.0027584,0.0027651,0.0027536,0.0027558,0.0027571,0.0027476,0.0027471,0.0027485,0.0027502,0.0027443,0.0027397,0.002735,0.0027259,0.0027322,0.0027234,0.0027271,0.0027159,0.0027152,0.0027029,0.0027057,0.0027065,0.0026984,0.002695,0.0026945,0.00268,0.0026712,0.0026748,0.0026628,0.0026548,0.0026488,0.0026423,0.0026335,0.0026193,0.0026129,0.0025884,0.0025779,0.0025663,0.0025503,0.0025248,0.0025094,0.0024793,0.0024546,0.0024294,0.0023998,0.002363,0.0023339,0.002292,0.0022494,0.0021996,0.002147,0.0020831,0.002023,0.0019479,0.0018747,0.0017848,0.0016917,0.0015961,0.0014797,0.0013606,0.0012317,0.0010997,0.00095528,0.00080717,0.00064873,0.00049002,0.00031293,0.0001436,-3.0875e-5,-0.00021065,-0.00038666,-0.00056532,-0.00074442,-0.00092751,-0.0011203,-0.0013058,-0.0014893,-0.0016735],"unit":"A"},"J":{"value":[0.0003480625,0.0003508625,0.00035055,0.000349725,0.0003503375,0.0003485375,0.0003494875,0.000349275,0.0003491375,0.0003478125,0.0003481125,0.000347725,0.0003470375,0.000348025,0.00034745,0.0003466625,0.0003465,0.0003467625,0.0003468125,0.0003446625,0.000346325,0.0003457875,0.00034555,0.0003448,0.0003456375,0.0003442,0.000344475,0.0003446375,0.00034345,0.0003433875,0.0003435625,0.000343775,0.0003430375,0.0003424625,0.000341875,0.0003407375,0.000341525,0.000340425,0.0003408875,0.0003394875,0.0003394,0.0003378625,0.0003382125,0.0003383125,0.0003373,0.000336875,0.0003368125,0.000335,0.0003339,0.00033435,0.00033285,0.00033185,0.0003311,0.0003302875,0.0003291875,0.0003274125,0.0003266125,0.00032355,0.0003222375,0.0003207875,0.0003187875,0.0003156,0.000313675,0.0003099125,0.000306825,0.000303675,0.000299975,0.000295375,0.0002917375,0.0002865,0.000281175,0.00027495,0.000268375,0.0002603875,0.000252875,0.0002434875,0.0002343375,0.0002231,0.0002114625,0.0001995125,0.0001849625,0.000170075,0.0001539625,0.0001374625,0.00011941,0.00010089625,8.109125e-5,6.12525e-5,3.911625e-5,1.795e-5,-3.859375e-6,-2.633125e-5,-4.83325e-5,-7.0665e-5,-9.30525e-5,-0.00011593875,-0.0001400375,-0.000163225,-0.0001861625,-0.0002091875],"unit":"A\/cm2"},"voc":{"unit":"V","value":1.0797},"isc":{"unit":"A","value":0.0027935},"jsc":{"unit":"mA\/cm2","value":22.348},"fill_factor":{"unit":"%","value":61.36},"pmax":{"unit":"mW","value":1.851},"vmax":{"unit":"V","value":0.793},"imax":{"unit":"mA","value":2.334},"rshunt":{"unit":"ohms","value":4190},"voc_slope":{"unit":"ohms","value":75.1},"efficiency":{"unit":"%","value":14.81},"monitor_cell_reading":{"unit":"mV","value":0},"monitor_cell_calibration_value":{"unit":"mV","value":0},"test_device_area":{"unit":"cm2","value":0.125},"num_of_series_connected_stacks":{"unit":"","value":1},"meter_integration":{"unit":"NPLC","value":0.1},"source_irradiance":{"unit":"mW\/cm2","value":100},"voltage_settling_time":{"unit":"ms","value":10},"sweep_direction":{"unit":"","value":"Forward"},"irradiance_variation_correction":{"unit":"","value":"None"},"device_id":{"unit":"","value":"3AMP-1mM-2-2-F"},"cell_dimension":{"unit":"cm2","value":0.125},"key":"Forward_IV 3AMP-1mM-2-2"},{"V":{"value":[-0.1,-0.087,-0.074,-0.061,-0.047,-0.034,-0.021,-0.008,0.005,0.018,0.031,0.044,0.058,0.071,0.084,0.097,0.11,0.123,0.136,0.149,0.163,0.176,0.189,0.202,0.215,0.228,0.241,0.255,0.268,0.281,0.294,0.307,0.32,0.333,0.346,0.36,0.373,0.386,0.399,0.412,0.425,0.438,0.452,0.465,0.478,0.491,0.504,0.517,0.53,0.543,0.557,0.57,0.583,0.596,0.609,0.622,0.635,0.648,0.662,0.675,0.688,0.701,0.714,0.727,0.74,0.754,0.767,0.78,0.793,0.806,0.819,0.832,0.845,0.859,0.872,0.885,0.898,0.911,0.924,0.937,0.951,0.964,0.977,0.99,1.003,1.016,1.029,1.042,1.056,1.069,1.082,1.095,1.108,1.121,1.134,1.147,1.161,1.174,1.187,1.2],"unit":"V"},"I":{"value":[0.0028228,0.0028335,0.0028278,0.002826,0.0028259,0.0028137,0.0028196,0.0028198,0.0028147,0.0028123,0.002808,0.0028007,0.0028082,0.0028064,0.0027968,0.0027958,0.0027985,0.0027927,0.0027918,0.0027966,0.0027927,0.0027913,0.0027862,0.0027859,0.0027787,0.0027829,0.0027648,0.0027722,0.0027772,0.0027719,0.0027658,0.0027697,0.0027534,0.0027635,0.0027591,0.0027495,0.0027439,0.0027443,0.0027343,0.0027362,0.0027239,0.0027241,0.0027182,0.0027189,0.0027036,0.0027071,0.002694,0.0026877,0.0026813,0.0026764,0.0026724,0.002647,0.0026429,0.0026314,0.0026255,0.0026106,0.0025953,0.0025817,0.0025573,0.0025353,0.0025159,0.0024891,0.0024611,0.0024376,0.0024055,0.0023717,0.002334,0.0022987,0.002261,0.0022193,0.0021618,0.0021164,0.002057,0.0019885,0.0019208,0.0018479,0.001761,0.0016772,0.0015793,0.0014783,0.0013599,0.0012394,0.0011176,0.00098752,0.00084753,0.00070893,0.00056615,0.0004218,0.00026326,0.0001195,-2.6803e-5,-0.00017301,-0.00030928,-0.00044146,-0.00057151,-0.00069752,-0.00082928,-0.00094791,-0.0010612,-0.0011768],"unit":"A"},"J":{"value":[0.00035285,0.0003541875,0.000353475,0.00035325,0.0003532375,0.0003517125,0.00035245,0.000352475,0.0003518375,0.0003515375,0.000351,0.0003500875,0.000351025,0.0003508,0.0003496,0.000349475,0.0003498125,0.0003490875,0.000348975,0.000349575,0.0003490875,0.0003489125,0.000348275,0.0003482375,0.0003473375,0.0003478625,0.0003456,0.000346525,0.00034715,0.0003464875,0.000345725,0.0003462125,0.000344175,0.0003454375,0.0003448875,0.0003436875,0.0003429875,0.0003430375,0.0003417875,0.000342025,0.0003404875,0.0003405125,0.000339775,0.0003398625,0.00033795,0.0003383875,0.00033675,0.0003359625,0.0003351625,0.00033455,0.00033405,0.000330875,0.0003303625,0.000328925,0.0003281875,0.000326325,0.0003244125,0.0003227125,0.0003196625,0.0003169125,0.0003144875,0.0003111375,0.0003076375,0.0003047,0.0003006875,0.0002964625,0.00029175,0.0002873375,0.000282625,0.0002774125,0.000270225,0.00026455,0.000257125,0.0002485625,0.0002401,0.0002309875,0.000220125,0.00020965,0.0001974125,0.0001847875,0.0001699875,0.000154925,0.0001397,0.00012344,0.00010594125,8.861625e-5,7.076875e-5,5.2725e-5,3.29075e-5,1.49375e-5,-3.350375e-6,-2.162625e-5,-3.866e-5,-5.51825e-5,-7.143875e-5,-8.719e-5,-0.00010366,-0.00011848875,-0.00013265,-0.0001471],"unit":"A\/cm2"},"voc":{"unit":"V","value":1.0796},"isc":{"unit":"A","value":0.0028166},"jsc":{"unit":"mA\/cm2","value":22.533},"fill_factor":{"unit":"%","value":58.96},"pmax":{"unit":"mW","value":1.793},"vmax":{"unit":"V","value":0.78},"imax":{"unit":"mA","value":2.299},"rshunt":{"unit":"ohms","value":4340},"voc_slope":{"unit":"ohms","value":90},"efficiency":{"unit":"%","value":14.34},"monitor_cell_reading":{"unit":"mV","value":0},"monitor_cell_calibration_value":{"unit":"mV","value":0},"test_device_area":{"unit":"cm2","value":0.125},"num_of_series_connected_stacks":{"unit":"","value":1},"meter_integration":{"unit":"NPLC","value":0.1},"source_irradiance":{"unit":"mW\/cm2","value":100},"voltage_settling_time":{"unit":"ms","value":10},"sweep_direction":{"unit":"","value":"Forward"},"irradiance_variation_correction":{"unit":"","value":"None"},"device_id":{"unit":"","value":"3AMP-1mM-2-1-F"},"cell_dimension":{"unit":"cm2","value":0.125},"key":"Forward_IV 3AMP-1mM-2-1"},{"V":{"value":[-0.1,-0.087,-0.074,-0.061,-0.047,-0.034,-0.021,-0.008,0.005,0.018,0.031,0.044,0.058,0.071,0.084,0.097,0.11,0.123,0.136,0.149,0.163,0.176,0.189,0.202,0.215,0.228,0.241,0.255,0.268,0.281,0.294,0.307,0.32,0.333,0.346,0.36,0.373,0.386,0.399,0.412,0.425,0.438,0.452,0.465,0.478,0.491,0.504,0.517,0.53,0.543,0.557,0.57,0.583,0.596,0.609,0.622,0.635,0.648,0.662,0.675,0.688,0.701,0.714,0.727,0.74,0.754,0.767,0.78,0.793,0.806,0.819,0.832,0.845,0.859,0.872,0.885,0.898,0.911,0.924,0.937,0.951,0.964,0.977,0.99,1.003,1.016,1.029,1.042,1.056,1.069,1.082,1.095,1.108,1.121,1.134,1.147,1.161,1.174,1.187,1.2],"unit":"V"},"I":{"value":[0.0029247,0.0029325,0.0029362,0.0029276,0.002926,0.0029202,0.0029303,0.0029226,0.0029207,0.0029252,0.0029219,0.0029148,0.0029103,0.00291,0.0029147,0.0029093,0.0029021,0.0029108,0.0029012,0.002901,0.0029027,0.0029021,0.0028926,0.002891,0.0028999,0.0028842,0.0028949,0.0028902,0.0028903,0.0028786,0.0028766,0.0028816,0.0028668,0.0028772,0.0028778,0.0028668,0.0028595,0.0028562,0.00285,0.0028422,0.0028512,0.0028352,0.0028389,0.0028379,0.0028311,0.0028262,0.0028167,0.0028162,0.002798,0.0027929,0.0027915,0.0027828,0.0027703,0.0027581,0.0027471,0.0027295,0.0027255,0.0027081,0.0026803,0.0026662,0.0026446,0.0026193,0.0025896,0.0025636,0.0025244,0.0024999,0.0024556,0.0024189,0.0023743,0.0023254,0.0022717,0.0022252,0.0021617,0.0020904,0.0020264,0.0019475,0.0018672,0.0017772,0.001686,0.0015851,0.0014677,0.0013618,0.0012395,0.001114,0.00098187,0.00084497,0.0007111,0.00056953,0.00042009,0.00028103,0.00014579,1.2925e-5,-0.00011723,-0.00023864,-0.00035551,-0.00046994,-0.00058887,-0.00069539,-0.00080027,-0.00090277],"unit":"A"},"J":{"value":[0.0003655875,0.0003665625,0.000367025,0.00036595,0.00036575,0.000365025,0.0003662875,0.000365325,0.0003650875,0.00036565,0.0003652375,0.00036435,0.0003637875,0.00036375,0.0003643375,0.0003636625,0.0003627625,0.00036385,0.00036265,0.000362625,0.0003628375,0.0003627625,0.000361575,0.000361375,0.0003624875,0.000360525,0.0003618625,0.000361275,0.0003612875,0.000359825,0.000359575,0.0003602,0.00035835,0.00035965,0.000359725,0.00035835,0.0003574375,0.000357025,0.00035625,0.000355275,0.0003564,0.0003544,0.0003548625,0.0003547375,0.0003538875,0.000353275,0.0003520875,0.000352025,0.00034975,0.0003491125,0.0003489375,0.00034785,0.0003462875,0.0003447625,0.0003433875,0.0003411875,0.0003406875,0.0003385125,0.0003350375,0.000333275,0.000330575,0.0003274125,0.0003237,0.00032045,0.00031555,0.0003124875,0.00030695,0.0003023625,0.0002967875,0.000290675,0.0002839625,0.00027815,0.0002702125,0.0002613,0.0002533,0.0002434375,0.0002334,0.00022215,0.00021075,0.0001981375,0.0001834625,0.000170225,0.0001549375,0.00013925,0.00012273375,0.00010562125,8.88875e-5,7.119125e-5,5.251125e-5,3.512875e-5,1.822375e-5,1.615625e-6,-1.465375e-5,-2.983e-5,-4.443875e-5,-5.87425e-5,-7.360875e-5,-8.692375e-5,-0.00010003375,-0.00011284625],"unit":"A\/cm2"},"voc":{"unit":"V","value":1.0963},"isc":{"unit":"A","value":0.0029214},"jsc":{"unit":"mA\/cm2","value":23.371},"fill_factor":{"unit":"%","value":58.91},"pmax":{"unit":"mW","value":1.887},"vmax":{"unit":"V","value":0.78},"imax":{"unit":"mA","value":2.419},"rshunt":{"unit":"ohms","value":4990},"voc_slope":{"unit":"ohms","value":98.4},"efficiency":{"unit":"%","value":15.09},"monitor_cell_reading":{"unit":"mV","value":0},"monitor_cell_calibration_value":{"unit":"mV","value":0},"test_device_area":{"unit":"cm2","value":0.125},"num_of_series_connected_stacks":{"unit":"","value":1},"meter_integration":{"unit":"NPLC","value":0.1},"source_irradiance":{"unit":"mW\/cm2","value":100},"voltage_settling_time":{"unit":"ms","value":10},"sweep_direction":{"unit":"","value":"Forward"},"irradiance_variation_correction":{"unit":"","value":"None"},"device_id":{"unit":"","value":"3AMP-1mM-1-3-F"},"cell_dimension":{"unit":"cm2","value":0.125},"key":"Forward_IV 3AMP-1mM-1-3"},{"V":{"value":[-0.1,-0.087,-0.074,-0.061,-0.047,-0.034,-0.021,-0.008,0.005,0.018,0.031,0.044,0.058,0.071,0.084,0.097,0.11,0.123,0.136,0.149,0.163,0.176,0.189,0.202,0.215,0.228,0.241,0.255,0.268,0.281,0.294,0.307,0.32,0.333,0.346,0.36,0.373,0.386,0.399,0.412,0.425,0.438,0.452,0.465,0.478,0.491,0.504,0.517,0.53,0.543,0.557,0.57,0.583,0.596,0.609,0.622,0.635,0.648,0.662,0.675,0.688,0.701,0.714,0.727,0.74,0.754,0.767,0.78,0.793,0.806,0.819,0.832,0.845,0.859,0.872,0.885,0.898,0.911,0.924,0.937,0.951,0.964,0.977,0.99,1.003,1.016,1.029,1.042,1.056,1.069,1.082,1.095,1.108,1.121,1.134,1.147,1.161,1.174,1.187,1.2],"unit":"V"},"I":{"value":[0.0028994,0.0029074,0.0029051,0.0028939,0.0029024,0.0028939,0.0028892,0.0028934,0.0028828,0.00289,0.0028816,0.0028859,0.0028783,0.0028803,0.0028686,0.0028833,0.0028773,0.0028718,0.002871,0.0028692,0.0028689,0.0028656,0.0028677,0.002851,0.0028618,0.0028621,0.0028603,0.0028559,0.0028568,0.0028455,0.002837,0.0028501,0.0028378,0.0028435,0.0028393,0.0028325,0.002822,0.002831,0.0028255,0.0028141,0.0028194,0.0028106,0.0028082,0.0028009,0.0028007,0.0027854,0.002778,0.0027878,0.0027712,0.0027712,0.0027639,0.0027528,0.002751,0.0027299,0.0027238,0.0027147,0.0026916,0.0026855,0.0026605,0.0026475,0.0026236,0.0026068,0.0025761,0.0025417,0.0025183,0.0024759,0.00243,0.0023978,0.0023529,0.0023022,0.0022445,0.0021943,0.0021348,0.0020647,0.0020058,0.0019265,0.0018458,0.0017596,0.0016725,0.0015718,0.0014628,0.0013451,0.0012272,0.0011045,0.00096642,0.00082769,0.0006821,0.00053242,0.0003733,0.00022103,6.7767e-5,-8.2518e-5,-0.00023293,-0.00037669,-0.00051923,-0.00065747,-0.00080411,-0.00093798,-0.0010651,-0.001202],"unit":"A"},"J":{"value":[0.000362425,0.000363425,0.0003631375,0.0003617375,0.0003628,0.0003617375,0.00036115,0.000361675,0.00036035,0.00036125,0.0003602,0.0003607375,0.0003597875,0.0003600375,0.000358575,0.0003604125,0.0003596625,0.000358975,0.000358875,0.00035865,0.0003586125,0.0003582,0.0003584625,0.000356375,0.000357725,0.0003577625,0.0003575375,0.0003569875,0.0003571,0.0003556875,0.000354625,0.0003562625,0.000354725,0.0003554375,0.0003549125,0.0003540625,0.00035275,0.000353875,0.0003531875,0.0003517625,0.000352425,0.000351325,0.000351025,0.0003501125,0.0003500875,0.000348175,0.00034725,0.000348475,0.0003464,0.0003464,0.0003454875,0.0003441,0.000343875,0.0003412375,0.000340475,0.0003393375,0.00033645,0.0003356875,0.0003325625,0.0003309375,0.00032795,0.00032585,0.0003220125,0.0003177125,0.0003147875,0.0003094875,0.00030375,0.000299725,0.0002941125,0.000287775,0.0002805625,0.0002742875,0.00026685,0.0002580875,0.000250725,0.0002408125,0.000230725,0.00021995,0.0002090625,0.000196475,0.00018285,0.0001681375,0.0001534,0.0001380625,0.0001208025,0.00010346125,8.52625e-5,6.65525e-5,4.66625e-5,2.762875e-5,8.470875e-6,-1.031475e-5,-2.911625e-5,-4.708625e-5,-6.490375e-5,-8.218375e-5,-0.00010051375,-0.0001172475,-0.0001331375,-0.00015025],"unit":"A\/cm2"},"voc":{"unit":"V","value":1.0879},"isc":{"unit":"A","value":0.0028869},"jsc":{"unit":"mA\/cm2","value":23.095},"fill_factor":{"unit":"%","value":59.55},"pmax":{"unit":"mW","value":1.87},"vmax":{"unit":"V","value":0.78},"imax":{"unit":"mA","value":2.398},"rshunt":{"unit":"ohms","value":4580},"voc_slope":{"unit":"ohms","value":86},"efficiency":{"unit":"%","value":14.96},"monitor_cell_reading":{"unit":"mV","value":0},"monitor_cell_calibration_value":{"unit":"mV","value":0},"test_device_area":{"unit":"cm2","value":0.125},"num_of_series_connected_stacks":{"unit":"","value":1},"meter_integration":{"unit":"NPLC","value":0.1},"source_irradiance":{"unit":"mW\/cm2","value":100},"voltage_settling_time":{"unit":"ms","value":10},"sweep_direction":{"unit":"","value":"Forward"},"irradiance_variation_correction":{"unit":"","value":"None"},"device_id":{"unit":"","value":"3AMP-1mM-1-2-F"},"cell_dimension":{"unit":"cm2","value":0.125},"key":"Forward_IV 3AMP-1mM-1-2"}]}}