{"_id":"66e40f2b9f4c9669f81a51c2","id":"SKKU-SC-00443","author":82,"group":11,"input":[{"tco":{"unit":"","value":"ITO"}},{"surface_treatment":{"unit":"","value":"O-Plasma"}},{"htl":[{"material":{"unit":"","value":"Me-4PACz"},"concentration":{"unit":"","value":"0.5"},"conc_unit":{"unit":"","value":"mg\/ml"},"quantity":{"unit":"ml","value":"0.2"}}],"spin_coating":[{"type":{"unit":"","value":"Static (loading)"},"rpm":{"unit":"","value":"3000"},"time":{"unit":"s","value":"30"}}],"annealing":[{"temperature":{"unit":"oC","value":"100"},"time":{"unit":"m","value":"10"}}],"solvent":[{"material":{"unit":"","value":"Ethanol"},"volume":{"unit":"ml","value":"5"}}],"condition":{"unit":"","value":"glove-box(N2)"}},{"htl_treatment":[{"material":{"unit":"","value":"Al2O3"},"concentration":{"unit":"","value":"2"},"conc_unit":{"unit":"","value":"wt%"},"quantity":{"unit":"ml","value":"0.2"}}]},{"condition":{"unit":"","value":"glove-box(N2)"},"perovskite":{"method":{"unit":"","value":"1step"},"molarity":{"unit":"M","value":"1.6M"},"a_site":[{"material":{"unit":"","value":"FA"},"ratio":{"unit":"%","value":"90"}},{"material":{"unit":"","value":"Cs"},"ratio":{"unit":"%","value":"10"}}],"b_site":[{"material":{"unit":"","value":"Pb"},"ratio":{"unit":"%","value":"102"}}],"x_site":[{"material":{"unit":"","value":"I"},"ratio":{"unit":"%","value":"102"}},{"material":{"unit":"","value":"Br"},"ratio":{"unit":"%","value":"0"}}],"solvent":[{"material":{"unit":"","value":"DMF"},"volume":{"unit":"ml","value":"0.8"}},{"material":{"unit":"","value":"DMSO"},"volume":{"unit":"ml","value":"0.2"}}],"antisolvent":[{"material":{"unit":"","value":"CB"},"quantity":{"unit":"ul","value":"200"},"dripping_time":{"unit":"s","value":"5"}}],"spin_coating":[{"type":{"unit":"","value":"Static (only spreading)"},"rpm":{"unit":"","value":"1000"},"time":{"unit":"s","value":"10"}},{"type":{"unit":"","value":"Static (loading)"},"rpm":{"unit":"","value":"5000"},"time":{"unit":"s","value":"40"}}],"additive":[{"material":{"unit":"","value":"MACl"},"solvent":{"unit":"","value":"DMF"},"concentration":{"unit":"","value":"25"},"conc_unit":{"unit":"","value":"mol%"},"quantity":{"unit":"mol%","value":"25"}}],"annealing":[{"temperature":{"unit":"oC","value":"60"},"time":{"unit":"m","value":"3"}}]}},{"condition":{"unit":"","value":"Ambient (30RH%)"},"perovskite":{"annealing":[{"temperature":{"unit":"oC","value":"150"},"time":{"unit":"m","value":"1"}},{"temperature":{"unit":"oC","value":"120"},"time":{"unit":"m","value":"50"}}]}},{"etl":[{"material":{"unit":"","value":"C60"},"concentration":{"unit":"","value":""},"conc_unit":{"unit":"","value":"mg\/ml"},"quantity":{"unit":"ml","value":""}}],"thermal_evaporation":[{"vacuum_evaporation_thickness":{"unit":"nm","value":"30"},"evaporation_rate":{"unit":"\u00c5\/s","value":"0.2"},"vacuum_pressure":{"unit":"uTorr","value":"0.9"}}]},{"blocking_buffer_layer":[{"material":{"unit":"","value":"BCP"},"concentration":{"unit":"","value":""},"conc_unit":{"unit":"","value":"None"},"quantity":{"unit":"ml","value":""}}],"thermal_evaporation":[{"vacuum_evaporation_thickness":{"unit":"nm","value":"8"},"evaporation_rate":{"unit":"\u00c5\/s","value":"0.2"},"vacuum_pressure":{"unit":"uTorr","value":"0.9"}}]},{"anode_metal":{"unit":"","value":"Ag"}},{"note":{"unit":"","value":"A-X site substitution"},"type":{"unit":"","value":"unit_cell"},"device_type":{"unit":"","value":"p-i-n"},"temperature":{"unit":"\u2103","value":"22"},"humidity":{"unit":"%","value":"40"},"cell_dimension":{"unit":"cm2","value":"0.125"},"condition":{"unit":"","value":"glove-box(N2)"}}],"fileinfo":[{"key":"Forward_IV 0-1-2","uploadType":"JV","original_name":"IV 0-1-2-F.txt","save_name":"SKKU-SC-00443\/Forward_IV 0-1-2","uploader":82,"fileType":""},{"key":"Reverse_IV 0-1-2","uploadType":"JV","original_name":"IV 0-1-2-R.txt","save_name":"SKKU-SC-00443\/Reverse_IV 0-1-2","uploader":82,"fileType":""},{"key":"Forward_IV 0-1-3","uploadType":"JV","original_name":"IV 0-1-3-F.txt","save_name":"SKKU-SC-00443\/Forward_IV 0-1-3","uploader":82,"fileType":""},{"key":"Reverse_IV 0-1-3","uploadType":"JV","original_name":"IV 0-1-3-R.txt","save_name":"SKKU-SC-00443\/Reverse_IV 0-1-3","uploader":82,"fileType":""},{"key":"Forward_IV 0-1-4","uploadType":"JV","original_name":"IV 0-1-4-F.txt","save_name":"SKKU-SC-00443\/Forward_IV 0-1-4","uploader":82,"fileType":""},{"key":"Reverse_IV 0-1-4","uploadType":"JV","original_name":"IV 0-1-4-R.txt","save_name":"SKKU-SC-00443\/Reverse_IV 0-1-4","uploader":82,"fileType":""},{"key":"Forward_IV 0-1-5","uploadType":"JV","original_name":"IV 0-1-5-F.txt","save_name":"SKKU-SC-00443\/Forward_IV 0-1-5","uploader":82,"fileType":""},{"key":"Reverse_IV 0-1-5","uploadType":"JV","original_name":"IV 0-1-5-R.txt","save_name":"SKKU-SC-00443\/Reverse_IV 0-1-5","uploader":82,"fileType":""},{"key":"Forward_IV 0-2-1","uploadType":"JV","original_name":"IV 0-2-1-F.txt","save_name":"SKKU-SC-00443\/Forward_IV 0-2-1","uploader":82,"fileType":""},{"key":"Reverse_IV 0-2-1","uploadType":"JV","original_name":"IV 0-2-1-R.txt","save_name":"SKKU-SC-00443\/Reverse_IV 0-2-1","uploader":82,"fileType":""},{"key":"Forward_IV 0-2-2","uploadType":"JV","original_name":"IV 0-2-2-F.txt","save_name":"SKKU-SC-00443\/Forward_IV 0-2-2","uploader":82,"fileType":""},{"key":"Reverse_IV 0-2-2","uploadType":"JV","original_name":"IV 0-2-2-R.txt","save_name":"SKKU-SC-00443\/Reverse_IV 0-2-2","uploader":82,"fileType":""},{"key":"Forward_IV 0-2-3","uploadType":"JV","original_name":"IV 0-2-3-F.txt","save_name":"SKKU-SC-00443\/Forward_IV 0-2-3","uploader":82,"fileType":""},{"key":"Reverse_IV 0-2-3","uploadType":"JV","original_name":"IV 0-2-3-R.txt","save_name":"SKKU-SC-00443\/Reverse_IV 0-2-3","uploader":82,"fileType":""},{"key":"Forward_IV 0-2-4","uploadType":"JV","original_name":"IV 0-2-4-F.txt","save_name":"SKKU-SC-00443\/Forward_IV 0-2-4","uploader":82,"fileType":""},{"key":"Reverse_IV 0-2-4","uploadType":"JV","original_name":"IV 0-2-4-R.txt","save_name":"SKKU-SC-00443\/Reverse_IV 0-2-4","uploader":82,"fileType":""},{"key":"Forward_IV 0-2-5","uploadType":"JV","original_name":"IV 0-2-5-F.txt","save_name":"SKKU-SC-00443\/Forward_IV 0-2-5","uploader":82,"fileType":""},{"key":"Reverse_IV 0-2-5","uploadType":"JV","original_name":"IV 0-2-5-R.txt","save_name":"SKKU-SC-00443\/Reverse_IV 0-2-5","uploader":82,"fileType":""}],"jvcnt":18,"analysisInfo":{"JV":[{"efficiency":18.549717,"fill_factor":80.989643,"jsc":22.888874,"voc":1.000653,"key":"Reverse_IV 0-2-5","cell_dimension":0.09},{"efficiency":18.587739,"fill_factor":81.730634,"jsc":22.645408,"voc":1.004296,"key":"Reverse_IV 0-2-4","cell_dimension":0.09},{"efficiency":18.523813,"fill_factor":80.886672,"jsc":22.923041,"voc":0.999036,"key":"Reverse_IV 0-2-3","cell_dimension":0.09},{"efficiency":18.673014,"fill_factor":81.908345,"jsc":22.641776,"voc":1.006875,"key":"Reverse_IV 0-2-2","cell_dimension":0.09},{"efficiency":18.193577,"fill_factor":80.307551,"jsc":22.498335,"voc":1.006958,"key":"Reverse_IV 0-2-1","cell_dimension":0.09},{"efficiency":17.428891,"fill_factor":78.183688,"jsc":22.933671,"voc":0.972031,"key":"Reverse_IV 0-1-5","cell_dimension":0.09},{"efficiency":18.043381,"fill_factor":80.824906,"jsc":22.752645,"voc":0.981162,"key":"Reverse_IV 0-1-4","cell_dimension":0.09},{"efficiency":18.043381,"fill_factor":80.824906,"jsc":22.752645,"voc":0.981162,"key":"Reverse_IV 0-1-3","cell_dimension":0.09},{"efficiency":17.991189,"fill_factor":80.705812,"jsc":22.795786,"voc":0.977914,"key":"Reverse_IV 0-1-2","cell_dimension":0.09},{"efficiency":18.089469,"fill_factor":80.806748,"jsc":22.967687,"voc":0.974677,"key":"Forward_IV 0-2-5","cell_dimension":0.09},{"efficiency":18.123187,"fill_factor":81.60111,"jsc":22.71777,"voc":0.977626,"key":"Forward_IV 0-2-4","cell_dimension":0.09},{"efficiency":17.848343,"fill_factor":80.408627,"jsc":23.018965,"voc":0.964294,"key":"Forward_IV 0-2-3","cell_dimension":0.09},{"efficiency":18.169472,"fill_factor":81.744573,"jsc":22.738657,"voc":0.977504,"key":"Forward_IV 0-2-2","cell_dimension":0.09},{"efficiency":17.681773,"fill_factor":80.408988,"jsc":22.534597,"voc":0.975824,"key":"Forward_IV 0-2-1","cell_dimension":0.09},{"efficiency":16.931626,"fill_factor":78.527498,"jsc":22.884864,"voc":0.942168,"key":"Forward_IV 0-1-5","cell_dimension":0.09},{"efficiency":17.485676,"fill_factor":80.766991,"jsc":22.717982,"voc":0.952969,"key":"Forward_IV 0-1-4","cell_dimension":0.09},{"efficiency":17.57545,"fill_factor":80.916547,"jsc":23.038396,"voc":0.942794,"key":"Forward_IV 0-1-3","cell_dimension":0.09},{"efficiency":17.497278,"fill_factor":80.913236,"jsc":22.831758,"voc":0.947134,"key":"Forward_IV 0-1-2","cell_dimension":0.09}]},"tags":[],"updated_at":"2024-10-24 09:10:01","created_at":"2024-09-13 10:08:43","public":2,"analysis":{"JV":[{"V":{"value":[1.1,1.0885,1.077,1.0655,1.054,1.0425,1.031,1.0195,1.008,0.9965,0.985,0.9735,0.962,0.9505,0.939,0.9275,0.916,0.9045,0.893,0.8815,0.87,0.8585,0.847,0.8355,0.824,0.8125,0.801,0.7895,0.778,0.7665,0.755,0.7435,0.732,0.7205,0.709,0.6975,0.686,0.6745,0.663,0.6515,0.64,0.6285,0.617,0.6055,0.594,0.5825,0.571,0.5595,0.548,0.5365,0.525,0.5135,0.502,0.4905,0.479,0.4675,0.456,0.4445,0.433,0.4215,0.41,0.3985,0.387,0.3755,0.364,0.3525,0.341,0.3295,0.318,0.3065,0.295,0.2835,0.272,0.2605,0.249,0.2375,0.226,0.2145,0.203,0.1915,0.18,0.1685,0.157,0.1455,0.134,0.1225,0.111,0.0995,0.088,0.0765,0.065,0.0535,0.042,0.0305,0.019,0.0075,-0.004,-0.0155,-0.027,-0.0385],"unit":"V"},"I":{"value":[-0.00567,-0.004688,-0.003844,-0.003091,-0.002414,-0.001801,-0.001248,-0.000768,-0.000313,5.8e-5,0.000386,0.000701,0.000963,0.001148,0.001346,0.001499,0.001622,0.00172,0.001798,0.001859,0.001905,0.001943,0.001971,0.001993,0.002006,0.00202,0.002029,0.002034,0.002039,0.002042,0.002046,0.002047,0.002047,0.002048,0.00205,0.002051,0.002051,0.002051,0.002052,0.002052,0.002054,0.002054,0.002055,0.002054,0.002054,0.002054,0.002055,0.002054,0.002055,0.002054,0.002055,0.002054,0.002055,0.002055,0.002056,0.002057,0.002057,0.002058,0.002057,0.002057,0.002057,0.002054,0.002055,0.002055,0.002058,0.002061,0.002059,0.00206,0.002058,0.002058,0.002057,0.002058,0.002057,0.002057,0.002059,0.002059,0.00206,0.002058,0.002059,0.002059,0.002059,0.00206,0.002059,0.002059,0.002056,0.002057,0.002059,0.002058,0.002059,0.002058,0.002059,0.00206,0.002058,0.002059,0.002059,0.002059,0.00206,0.002059,0.00206,0.002061],"unit":"A"},"J":{"value":[-0.0005103,-0.00042192,-0.00034596000000000003,-0.00027819,-0.00021726,-0.00016209,-0.00011232,-6.912e-5,-2.817e-5,5.22e-6,3.4739999999999996e-5,6.309e-5,8.667e-5,0.00010332,0.00012114,0.00013491,0.00014597999999999998,0.0001548,0.00016182,0.00016731,0.00017145,0.00017487,0.00017739,0.00017936999999999999,0.00018054,0.0001818,0.00018261,0.00018305999999999997,0.00018350999999999998,0.00018377999999999998,0.00018414,0.00018423000000000002,0.00018423000000000002,0.00018432,0.0001845,0.00018459,0.00018459,0.00018459,0.00018468,0.00018468,0.00018486,0.00018486,0.00018495,0.00018486,0.00018486,0.00018486,0.00018495,0.00018486,0.00018495,0.00018486,0.00018495,0.00018486,0.00018495,0.00018495,0.00018504,0.00018512999999999998,0.00018512999999999998,0.00018522,0.00018512999999999998,0.00018512999999999998,0.00018512999999999998,0.00018486,0.00018495,0.00018495,0.00018522,0.00018549,0.00018531,0.0001854,0.00018522,0.00018522,0.00018512999999999998,0.00018522,0.00018512999999999998,0.00018512999999999998,0.00018531,0.00018531,0.0001854,0.00018522,0.00018531,0.00018531,0.00018531,0.0001854,0.00018531,0.00018531,0.00018504,0.00018512999999999998,0.00018531,0.00018522,0.00018531,0.00018522,0.00018531,0.0001854,0.00018522,0.00018531,0.00018531,0.00018531,0.0001854,0.00018531,0.0001854,0.00018549],"unit":"A\/cm2"},"voc":{"unit":"V","value":1.000653},"isc":{"unit":"A","value":2.059999},"jsc":{"unit":"mA\/cm2","value":22.888874},"fill_factor":{"unit":"%","value":80.989643},"vmax":{"unit":"V","value":0.847},"efficiency":{"unit":"%","value":18.549717},"monitor_cell_reading":{"unit":"mV","value":0},"monitor_cell_calibration_value":{"unit":"mV","value":0},"test_device_area":{"unit":"cm2","value":0.09},"num_of_series_connected_stacks":{"unit":"","value":1},"sweep_direction":{"unit":"","value":"Reverse"},"device_id":{"unit":"","value":"0-2-5-R"},"cell_dimension":{"unit":"cm2","value":0.09},"key":"Reverse_IV 0-2-5"},{"V":{"value":[1.1,1.0885,1.077,1.0655,1.054,1.0425,1.031,1.0195,1.008,0.9965,0.985,0.9735,0.962,0.9505,0.939,0.9275,0.916,0.9045,0.893,0.8815,0.87,0.8585,0.847,0.8355,0.824,0.8125,0.801,0.7895,0.778,0.7665,0.755,0.7435,0.732,0.7205,0.709,0.6975,0.686,0.6745,0.663,0.6515,0.64,0.6285,0.617,0.6055,0.594,0.5825,0.571,0.5595,0.548,0.5365,0.525,0.5135,0.502,0.4905,0.479,0.4675,0.456,0.4445,0.433,0.4215,0.41,0.3985,0.387,0.3755,0.364,0.3525,0.341,0.3295,0.318,0.3065,0.295,0.2835,0.272,0.2605,0.249,0.2375,0.226,0.2145,0.203,0.1915,0.18,0.1685,0.157,0.1455,0.134,0.1225,0.111,0.0995,0.088,0.0765,0.065,0.0535,0.042,0.0305,0.019,0.0075,-0.004,-0.0155,-0.027,-0.0385],"unit":"V"},"I":{"value":[-0.006397,-0.005253,-0.004279,-0.003418,-0.002649,-0.001959,-0.00134,-0.000811,-0.000319,0.000106,0.000468,0.000774,0.001033,0.001216,0.001404,0.00155,0.001664,0.001753,0.001821,0.001876,0.001918,0.001949,0.001969,0.001987,0.001999,0.002011,0.002017,0.00202,0.002025,0.002026,0.002029,0.00203,0.002029,0.002032,0.002031,0.002031,0.002032,0.002032,0.002032,0.002032,0.002034,0.002033,0.002033,0.002034,0.002035,0.002033,0.002034,0.002034,0.002034,0.002035,0.002034,0.002036,0.002037,0.002036,0.002039,0.002038,0.002036,0.002037,0.002036,0.002033,0.002034,0.002035,0.002036,0.002036,0.002038,0.002038,0.002038,0.002038,0.002039,0.002038,0.002038,0.002038,0.002037,0.002037,0.002038,0.002039,0.002039,0.002038,0.002038,0.002037,0.002037,0.002039,0.002037,0.002039,0.002037,0.002038,0.002035,0.002036,0.002037,0.002036,0.002037,0.002035,0.002036,0.002035,0.002035,0.002038,0.002038,0.002038,0.00204,0.00204],"unit":"A"},"J":{"value":[-0.00057573,-0.00047276999999999996,-0.00038511,-0.00030762,-0.00023841,-0.00017630999999999997,-0.0001206,-7.298999999999999e-5,-2.8709999999999998e-5,9.54e-6,4.2119999999999997e-5,6.966e-5,9.297e-5,0.00010944,0.00012636,0.0001395,0.00014975999999999998,0.00015777,0.00016388999999999998,0.00016884,0.00017261999999999998,0.00017541,0.00017720999999999997,0.00017883,0.00017990999999999998,0.00018099000000000001,0.00018153,0.0001818,0.00018224999999999998,0.00018234,0.00018261,0.0001827,0.00018261,0.00018287999999999998,0.00018278999999999998,0.00018278999999999998,0.00018287999999999998,0.00018287999999999998,0.00018287999999999998,0.00018287999999999998,0.00018305999999999997,0.00018297,0.00018297,0.00018305999999999997,0.00018314999999999998,0.00018297,0.00018305999999999997,0.00018305999999999997,0.00018305999999999997,0.00018314999999999998,0.00018305999999999997,0.00018324,0.00018333000000000002,0.00018324,0.00018350999999999998,0.00018341999999999998,0.00018324,0.00018333000000000002,0.00018324,0.00018297,0.00018305999999999997,0.00018314999999999998,0.00018324,0.00018324,0.00018341999999999998,0.00018341999999999998,0.00018341999999999998,0.00018341999999999998,0.00018350999999999998,0.00018341999999999998,0.00018341999999999998,0.00018341999999999998,0.00018333000000000002,0.00018333000000000002,0.00018341999999999998,0.00018350999999999998,0.00018350999999999998,0.00018341999999999998,0.00018341999999999998,0.00018333000000000002,0.00018333000000000002,0.00018350999999999998,0.00018333000000000002,0.00018350999999999998,0.00018333000000000002,0.00018341999999999998,0.00018314999999999998,0.00018324,0.00018333000000000002,0.00018324,0.00018333000000000002,0.00018314999999999998,0.00018324,0.00018314999999999998,0.00018314999999999998,0.00018341999999999998,0.00018341999999999998,0.00018341999999999998,0.00018360000000000002,0.00018360000000000002],"unit":"A\/cm2"},"voc":{"unit":"V","value":1.004296},"isc":{"unit":"A","value":2.038087},"jsc":{"unit":"mA\/cm2","value":22.645408},"fill_factor":{"unit":"%","value":81.730634},"vmax":{"unit":"V","value":0.8585},"efficiency":{"unit":"%","value":18.587739},"monitor_cell_reading":{"unit":"mV","value":0},"monitor_cell_calibration_value":{"unit":"mV","value":0},"test_device_area":{"unit":"cm2","value":0.09},"num_of_series_connected_stacks":{"unit":"","value":1},"sweep_direction":{"unit":"","value":"Reverse"},"device_id":{"unit":"","value":"0-2-4-R"},"cell_dimension":{"unit":"cm2","value":0.09},"key":"Reverse_IV 0-2-4"},{"V":{"value":[1.1,1.0885,1.077,1.0655,1.054,1.0425,1.031,1.0195,1.008,0.9965,0.985,0.9735,0.962,0.9505,0.939,0.9275,0.916,0.9045,0.893,0.8815,0.87,0.8585,0.847,0.8355,0.824,0.8125,0.801,0.7895,0.778,0.7665,0.755,0.7435,0.732,0.7205,0.709,0.6975,0.686,0.6745,0.663,0.6515,0.64,0.6285,0.617,0.6055,0.594,0.5825,0.571,0.5595,0.548,0.5365,0.525,0.5135,0.502,0.4905,0.479,0.4675,0.456,0.4445,0.433,0.4215,0.41,0.3985,0.387,0.3755,0.364,0.3525,0.341,0.3295,0.318,0.3065,0.295,0.2835,0.272,0.2605,0.249,0.2375,0.226,0.2145,0.203,0.1915,0.18,0.1685,0.157,0.1455,0.134,0.1225,0.111,0.0995,0.088,0.0765,0.065,0.0535,0.042,0.0305,0.019,0.0075,-0.004,-0.0155,-0.027,-0.0385],"unit":"V"},"I":{"value":[-0.00751,-0.006186,-0.005087,-0.004122,-0.003264,-0.0025,-0.001814,-0.001209,-0.000701,-0.000219,0.000193,0.000542,0.000835,0.001035,0.001259,0.001435,0.001574,0.001686,0.001772,0.001841,0.001896,0.001936,0.001968,0.001992,0.002008,0.002022,0.002031,0.002039,0.002043,0.002048,0.002049,0.002052,0.00205,0.002053,0.002052,0.002054,0.002056,0.002055,0.002055,0.002056,0.002056,0.002056,0.002056,0.002057,0.002058,0.002059,0.00206,0.002058,0.002058,0.002059,0.002062,0.002062,0.002059,0.002061,0.002062,0.002061,0.002062,0.002062,0.00206,0.002062,0.00206,0.00206,0.002061,0.002062,0.002061,0.002062,0.00206,0.002061,0.00206,0.002061,0.002062,0.00206,0.002062,0.002061,0.002062,0.002062,0.002062,0.002061,0.002061,0.002061,0.00206,0.002063,0.002064,0.002063,0.002062,0.002062,0.002063,0.002064,0.002064,0.002063,0.002062,0.002062,0.002063,0.002063,0.002064,0.002065,0.002063,0.002063,0.002064,0.002064],"unit":"A"},"J":{"value":[-0.0006759,-0.0005567399999999999,-0.00045783,-0.00037098,-0.00029376,-0.000225,-0.00016326,-0.00010881,-6.309e-5,-1.971e-5,1.7369999999999998e-5,4.877999999999999e-5,7.515e-5,9.314999999999999e-5,0.00011330999999999998,0.00012915,0.00014166,0.00015174,0.00015947999999999998,0.00016569,0.00017063999999999998,0.00017423999999999999,0.00017712,0.00017927999999999998,0.00018071999999999996,0.00018198,0.00018278999999999998,0.00018350999999999998,0.00018387,0.00018432,0.00018441,0.00018468,0.0001845,0.00018477,0.00018468,0.00018486,0.00018504,0.00018495,0.00018495,0.00018504,0.00018504,0.00018504,0.00018504,0.00018512999999999998,0.00018522,0.00018531,0.0001854,0.00018522,0.00018522,0.00018531,0.00018558,0.00018558,0.00018531,0.00018549,0.00018558,0.00018549,0.00018558,0.00018558,0.0001854,0.00018558,0.0001854,0.0001854,0.00018549,0.00018558,0.00018549,0.00018558,0.0001854,0.00018549,0.0001854,0.00018549,0.00018558,0.0001854,0.00018558,0.00018549,0.00018558,0.00018558,0.00018558,0.00018549,0.00018549,0.00018549,0.0001854,0.00018567,0.00018575999999999998,0.00018567,0.00018558,0.00018558,0.00018567,0.00018575999999999998,0.00018575999999999998,0.00018567,0.00018558,0.00018558,0.00018567,0.00018567,0.00018575999999999998,0.00018585,0.00018567,0.00018567,0.00018575999999999998,0.00018575999999999998],"unit":"A\/cm2"},"voc":{"unit":"V","value":0.999036},"isc":{"unit":"A","value":2.063074},"jsc":{"unit":"mA\/cm2","value":22.923041},"fill_factor":{"unit":"%","value":80.886672},"vmax":{"unit":"V","value":0.847},"efficiency":{"unit":"%","value":18.523813},"monitor_cell_reading":{"unit":"mV","value":0},"monitor_cell_calibration_value":{"unit":"mV","value":0},"test_device_area":{"unit":"cm2","value":0.09},"num_of_series_connected_stacks":{"unit":"","value":1},"sweep_direction":{"unit":"","value":"Reverse"},"device_id":{"unit":"","value":"0-2-3-R"},"cell_dimension":{"unit":"cm2","value":0.09},"key":"Reverse_IV 0-2-3"},{"V":{"value":[1.1,1.0885,1.077,1.0655,1.054,1.0425,1.031,1.0195,1.008,0.9965,0.985,0.9735,0.962,0.9505,0.939,0.9275,0.916,0.9045,0.893,0.8815,0.87,0.8585,0.847,0.8355,0.824,0.8125,0.801,0.7895,0.778,0.7665,0.755,0.7435,0.732,0.7205,0.709,0.6975,0.686,0.6745,0.663,0.6515,0.64,0.6285,0.617,0.6055,0.594,0.5825,0.571,0.5595,0.548,0.5365,0.525,0.5135,0.502,0.4905,0.479,0.4675,0.456,0.4445,0.433,0.4215,0.41,0.3985,0.387,0.3755,0.364,0.3525,0.341,0.3295,0.318,0.3065,0.295,0.2835,0.272,0.2605,0.249,0.2375,0.226,0.2145,0.203,0.1915,0.18,0.1685,0.157,0.1455,0.134,0.1225,0.111,0.0995,0.088,0.0765,0.065,0.0535,0.042,0.0305,0.019,0.0075,-0.004,-0.0155,-0.027,-0.0385],"unit":"V"},"I":{"value":[-0.00603,-0.004924,-0.003958,-0.003115,-0.002363,-0.001695,-0.001099,-0.000596,-0.000125,0.000274,0.000614,0.000899,0.001099,0.00131,0.001476,0.001603,0.001708,0.001787,0.001847,0.001893,0.00193,0.001958,0.001978,0.001993,0.002004,0.00201,0.002016,0.002021,0.002021,0.002024,0.002027,0.002028,0.002028,0.002027,0.002028,0.002032,0.002029,0.002031,0.00203,0.002032,0.002034,0.002032,0.002032,0.002033,0.002033,0.002033,0.002033,0.002032,0.002032,0.002031,0.002032,0.002034,0.002034,0.002035,0.002037,0.002035,0.002035,0.002036,0.002034,0.002035,0.002034,0.002035,0.002036,0.002035,0.002036,0.002034,0.002036,0.002035,0.002036,0.002037,0.002037,0.002038,0.002037,0.002037,0.002035,0.002035,0.002037,0.002037,0.002039,0.002039,0.002038,0.002038,0.002038,0.002037,0.002037,0.002037,0.002036,0.002037,0.002037,0.002037,0.002036,0.002038,0.002038,0.002039,0.002039,0.002039,0.002038,0.002037,0.002036,0.002037],"unit":"A"},"J":{"value":[-0.0005426999999999999,-0.00044316,-0.00035622,-0.00028035,-0.00021267,-0.00015255,-9.890999999999999e-5,-5.3639999999999995e-5,-1.1249999999999999e-5,2.4659999999999998e-5,5.5259999999999996e-5,8.091e-5,9.890999999999999e-5,0.00011789999999999999,0.00013284,0.00014427,0.00015372,0.00016083,0.00016622999999999999,0.00017036999999999998,0.0001737,0.00017622,0.00017802,0.00017936999999999999,0.00018036000000000001,0.0001809,0.00018144,0.00018188999999999998,0.00018188999999999998,0.00018216,0.00018243,0.00018251999999999998,0.00018251999999999998,0.00018243,0.00018251999999999998,0.00018287999999999998,0.00018261,0.00018278999999999998,0.0001827,0.00018287999999999998,0.00018305999999999997,0.00018287999999999998,0.00018287999999999998,0.00018297,0.00018297,0.00018297,0.00018297,0.00018287999999999998,0.00018287999999999998,0.00018278999999999998,0.00018287999999999998,0.00018305999999999997,0.00018305999999999997,0.00018314999999999998,0.00018333000000000002,0.00018314999999999998,0.00018314999999999998,0.00018324,0.00018305999999999997,0.00018314999999999998,0.00018305999999999997,0.00018314999999999998,0.00018324,0.00018314999999999998,0.00018324,0.00018305999999999997,0.00018324,0.00018314999999999998,0.00018324,0.00018333000000000002,0.00018333000000000002,0.00018341999999999998,0.00018333000000000002,0.00018333000000000002,0.00018314999999999998,0.00018314999999999998,0.00018333000000000002,0.00018333000000000002,0.00018350999999999998,0.00018350999999999998,0.00018341999999999998,0.00018341999999999998,0.00018341999999999998,0.00018333000000000002,0.00018333000000000002,0.00018333000000000002,0.00018324,0.00018333000000000002,0.00018333000000000002,0.00018333000000000002,0.00018324,0.00018341999999999998,0.00018341999999999998,0.00018350999999999998,0.00018350999999999998,0.00018350999999999998,0.00018341999999999998,0.00018333000000000002,0.00018324,0.00018333000000000002],"unit":"A\/cm2"},"voc":{"unit":"V","value":1.006875},"isc":{"unit":"A","value":2.03776},"jsc":{"unit":"mA\/cm2","value":22.641776},"fill_factor":{"unit":"%","value":81.908345},"vmax":{"unit":"V","value":0.8585},"efficiency":{"unit":"%","value":18.673014},"monitor_cell_reading":{"unit":"mV","value":0},"monitor_cell_calibration_value":{"unit":"mV","value":0},"test_device_area":{"unit":"cm2","value":0.09},"num_of_series_connected_stacks":{"unit":"","value":1},"sweep_direction":{"unit":"","value":"Reverse"},"device_id":{"unit":"","value":"0-2-2-R"},"cell_dimension":{"unit":"cm2","value":0.09},"key":"Reverse_IV 0-2-2"},{"V":{"value":[1.1,1.0885,1.077,1.0655,1.054,1.0425,1.031,1.0195,1.008,0.9965,0.985,0.9735,0.962,0.9505,0.939,0.9275,0.916,0.9045,0.893,0.8815,0.87,0.8585,0.847,0.8355,0.824,0.8125,0.801,0.7895,0.778,0.7665,0.755,0.7435,0.732,0.7205,0.709,0.6975,0.686,0.6745,0.663,0.6515,0.64,0.6285,0.617,0.6055,0.594,0.5825,0.571,0.5595,0.548,0.5365,0.525,0.5135,0.502,0.4905,0.479,0.4675,0.456,0.4445,0.433,0.4215,0.41,0.3985,0.387,0.3755,0.364,0.3525,0.341,0.3295,0.318,0.3065,0.295,0.2835,0.272,0.2605,0.249,0.2375,0.226,0.2145,0.203,0.1915,0.18,0.1685,0.157,0.1455,0.134,0.1225,0.111,0.0995,0.088,0.0765,0.065,0.0535,0.042,0.0305,0.019,0.0075,-0.004,-0.0155,-0.027,-0.0385],"unit":"V"},"I":{"value":[-0.005346,-0.004385,-0.003577,-0.002857,-0.002209,-0.001625,-0.001098,-0.000642,-0.000212,0.000163,0.000488,0.000766,0.001004,0.001174,0.001355,0.001498,0.00161,0.001702,0.001773,0.001829,0.001873,0.001907,0.001933,0.001952,0.001969,0.001978,0.001987,0.001991,0.001996,0.001999,0.002002,0.002003,0.002005,0.002006,0.002008,0.002008,0.002011,0.002012,0.002012,0.002014,0.002013,0.002013,0.002015,0.002013,0.002014,0.002016,0.002016,0.002017,0.002018,0.002018,0.002018,0.002016,0.002019,0.00202,0.002019,0.002019,0.002021,0.00202,0.002021,0.002021,0.00202,0.00202,0.00202,0.00202,0.002021,0.002022,0.002022,0.002023,0.002022,0.002024,0.002023,0.002023,0.002023,0.002022,0.002025,0.002024,0.002025,0.002024,0.002024,0.002024,0.002023,0.002024,0.002024,0.002022,0.002023,0.002023,0.002025,0.002021,0.002024,0.002025,0.002023,0.002025,0.002024,0.002025,0.002026,0.002025,0.002025,0.002025,0.002026,0.002026],"unit":"A"},"J":{"value":[-0.00048113999999999996,-0.00039464999999999997,-0.00032193,-0.00025713,-0.00019881,-0.00014624999999999998,-9.881999999999999e-5,-5.778e-5,-1.908e-5,1.467e-5,4.392e-5,6.894e-5,9.035999999999998e-5,0.00010565999999999999,0.00012195000000000001,0.00013482,0.0001449,0.00015318,0.00015957,0.00016460999999999998,0.00016857,0.00017163,0.00017397,0.00017568,0.00017720999999999997,0.00017802,0.00017883,0.00017919,0.00017963999999999998,0.00017990999999999998,0.00018017999999999997,0.00018027,0.00018044999999999997,0.00018054,0.00018071999999999996,0.00018071999999999996,0.00018099000000000001,0.00018108,0.00018108,0.00018126,0.00018117,0.00018117,0.00018135,0.00018117,0.00018126,0.00018144,0.00018144,0.00018153,0.00018161999999999999,0.00018161999999999999,0.00018161999999999999,0.00018144,0.00018171,0.0001818,0.00018171,0.00018171,0.00018188999999999998,0.0001818,0.00018188999999999998,0.00018188999999999998,0.0001818,0.0001818,0.0001818,0.0001818,0.00018188999999999998,0.00018198,0.00018198,0.00018207,0.00018198,0.00018216,0.00018207,0.00018207,0.00018207,0.00018198,0.00018224999999999998,0.00018216,0.00018224999999999998,0.00018216,0.00018216,0.00018216,0.00018207,0.00018216,0.00018216,0.00018198,0.00018207,0.00018207,0.00018224999999999998,0.00018188999999999998,0.00018216,0.00018224999999999998,0.00018207,0.00018224999999999998,0.00018216,0.00018224999999999998,0.00018234,0.00018224999999999998,0.00018224999999999998,0.00018224999999999998,0.00018234,0.00018234],"unit":"A\/cm2"},"voc":{"unit":"V","value":1.006958},"isc":{"unit":"A","value":2.02485},"jsc":{"unit":"mA\/cm2","value":22.498335},"fill_factor":{"unit":"%","value":80.307551},"vmax":{"unit":"V","value":0.847},"efficiency":{"unit":"%","value":18.193577},"monitor_cell_reading":{"unit":"mV","value":0},"monitor_cell_calibration_value":{"unit":"mV","value":0},"test_device_area":{"unit":"cm2","value":0.09},"num_of_series_connected_stacks":{"unit":"","value":1},"sweep_direction":{"unit":"","value":"Reverse"},"device_id":{"unit":"","value":"0-2-1-R"},"cell_dimension":{"unit":"cm2","value":0.09},"key":"Reverse_IV 0-2-1"},{"V":{"value":[1.1,1.0885,1.077,1.0655,1.054,1.0425,1.031,1.0195,1.008,0.9965,0.985,0.9735,0.962,0.9505,0.939,0.9275,0.916,0.9045,0.893,0.8815,0.87,0.8585,0.847,0.8355,0.824,0.8125,0.801,0.7895,0.778,0.7665,0.755,0.7435,0.732,0.7205,0.709,0.6975,0.686,0.6745,0.663,0.6515,0.64,0.6285,0.617,0.6055,0.594,0.5825,0.571,0.5595,0.548,0.5365,0.525,0.5135,0.502,0.4905,0.479,0.4675,0.456,0.4445,0.433,0.4215,0.41,0.3985,0.387,0.3755,0.364,0.3525,0.341,0.3295,0.318,0.3065,0.295,0.2835,0.272,0.2605,0.249,0.2375,0.226,0.2145,0.203,0.1915,0.18,0.1685,0.157,0.1455,0.134,0.1225,0.111,0.0995,0.088,0.0765,0.065,0.0535,0.042,0.0305,0.019,0.0075,-0.004,-0.0155,-0.027,-0.0385],"unit":"V"},"I":{"value":[-0.007454,-0.006393,-0.005488,-0.004671,-0.003926,-0.003242,-0.00261,-0.002027,-0.0015,-0.001019,-0.0006,-0.000199,0.000153,0.000461,0.00073,0.000959,0.001132,0.00131,0.001451,0.001569,0.001666,0.001742,0.001807,0.001858,0.001898,0.001931,0.001956,0.001975,0.001993,0.002002,0.002013,0.002021,0.002025,0.00203,0.002034,0.002039,0.002042,0.002045,0.002044,0.002048,0.00205,0.002052,0.002054,0.002051,0.002055,0.002053,0.002054,0.002057,0.002056,0.002056,0.002057,0.002056,0.002058,0.002058,0.002059,0.002059,0.002059,0.002059,0.002059,0.002059,0.00206,0.002061,0.002061,0.002062,0.002062,0.002061,0.002061,0.002061,0.00206,0.00206,0.00206,0.002062,0.002063,0.002064,0.002062,0.002063,0.002064,0.002063,0.002064,0.002065,0.002065,0.002065,0.002066,0.002065,0.002065,0.002064,0.002066,0.002066,0.002065,0.002064,0.002062,0.002062,0.002064,0.002065,0.002064,0.002067,0.002064,0.002065,0.002064,0.002063],"unit":"A"},"J":{"value":[-0.0006708599999999999,-0.00057537,-0.00049392,-0.00042039,-0.00035333999999999995,-0.00029178,-0.0002349,-0.00018243,-0.000135,-9.170999999999999e-5,-5.399999999999999e-5,-1.791e-5,1.377e-5,4.149e-5,6.57e-5,8.630999999999999e-5,0.00010188,0.00011789999999999999,0.00013059,0.00014121,0.00014994,0.00015678,0.00016263,0.00016722,0.00017082,0.00017379,0.00017603999999999997,0.00017775,0.00017936999999999999,0.00018017999999999997,0.00018117,0.00018188999999999998,0.00018224999999999998,0.0001827,0.00018305999999999997,0.00018350999999999998,0.00018377999999999998,0.00018405,0.00018395999999999997,0.00018432,0.0001845,0.00018468,0.00018486,0.00018459,0.00018495,0.00018477,0.00018486,0.00018512999999999998,0.00018504,0.00018504,0.00018512999999999998,0.00018504,0.00018522,0.00018522,0.00018531,0.00018531,0.00018531,0.00018531,0.00018531,0.00018531,0.0001854,0.00018549,0.00018549,0.00018558,0.00018558,0.00018549,0.00018549,0.00018549,0.0001854,0.0001854,0.0001854,0.00018558,0.00018567,0.00018575999999999998,0.00018558,0.00018567,0.00018575999999999998,0.00018567,0.00018575999999999998,0.00018585,0.00018585,0.00018585,0.00018594,0.00018585,0.00018585,0.00018575999999999998,0.00018594,0.00018594,0.00018585,0.00018575999999999998,0.00018558,0.00018558,0.00018575999999999998,0.00018585,0.00018575999999999998,0.00018602999999999998,0.00018575999999999998,0.00018585,0.00018575999999999998,0.00018567],"unit":"A\/cm2"},"voc":{"unit":"V","value":0.972031},"isc":{"unit":"A","value":2.06403},"jsc":{"unit":"mA\/cm2","value":22.933671},"fill_factor":{"unit":"%","value":78.183688},"vmax":{"unit":"V","value":0.8125},"efficiency":{"unit":"%","value":17.428891},"monitor_cell_reading":{"unit":"mV","value":0},"monitor_cell_calibration_value":{"unit":"mV","value":0},"test_device_area":{"unit":"cm2","value":0.09},"num_of_series_connected_stacks":{"unit":"","value":1},"sweep_direction":{"unit":"","value":"Reverse"},"device_id":{"unit":"","value":"0-1-5-R"},"cell_dimension":{"unit":"cm2","value":0.09},"key":"Reverse_IV 0-1-5"},{"V":{"value":[1.1,1.0885,1.077,1.0655,1.054,1.0425,1.031,1.0195,1.008,0.9965,0.985,0.9735,0.962,0.9505,0.939,0.9275,0.916,0.9045,0.893,0.8815,0.87,0.8585,0.847,0.8355,0.824,0.8125,0.801,0.7895,0.778,0.7665,0.755,0.7435,0.732,0.7205,0.709,0.6975,0.686,0.6745,0.663,0.6515,0.64,0.6285,0.617,0.6055,0.594,0.5825,0.571,0.5595,0.548,0.5365,0.525,0.5135,0.502,0.4905,0.479,0.4675,0.456,0.4445,0.433,0.4215,0.41,0.3985,0.387,0.3755,0.364,0.3525,0.341,0.3295,0.318,0.3065,0.295,0.2835,0.272,0.2605,0.249,0.2375,0.226,0.2145,0.203,0.1915,0.18,0.1685,0.157,0.1455,0.134,0.1225,0.111,0.0995,0.088,0.0765,0.065,0.0535,0.042,0.0305,0.019,0.0075,-0.004,-0.0155,-0.027,-0.0385],"unit":"V"},"I":{"value":[-0.007976,-0.006704,-0.005624,-0.00467,-0.003811,-0.003034,-0.002329,-0.001697,-0.001131,-0.000652,-0.000192,0.0002,0.000535,0.000822,0.001014,0.001236,0.001409,0.001547,0.001657,0.001745,0.001814,0.00187,0.001911,0.001944,0.00197,0.001988,0.002002,0.002012,0.002019,0.002026,0.002028,0.002035,0.002037,0.002038,0.002037,0.002039,0.002042,0.002041,0.002041,0.002041,0.002042,0.002044,0.002045,0.002045,0.002043,0.002043,0.002044,0.002043,0.002044,0.002048,0.002046,0.002045,0.002045,0.002045,0.002047,0.002048,0.002047,0.002047,0.002047,0.002049,0.002047,0.002047,0.002047,0.002047,0.002047,0.002046,0.002047,0.002047,0.002048,0.002049,0.002049,0.002049,0.002048,0.002046,0.002047,0.002047,0.002048,0.002048,0.002048,0.002048,0.002048,0.002048,0.002049,0.002049,0.00205,0.002049,0.002048,0.002049,0.00205,0.002049,0.00205,0.00205,0.002049,0.002049,0.002048,0.002049,0.002048,0.002047,0.002047,0.002047],"unit":"A"},"J":{"value":[-0.00071784,-0.0006033599999999999,-0.00050616,-0.00042029999999999997,-0.00034299,-0.00027306,-0.00020961,-0.00015272999999999998,-0.00010179,-5.868e-5,-1.728e-5,1.8e-5,4.815e-5,7.398e-5,9.125999999999999e-5,0.00011123999999999999,0.00012681000000000001,0.00013922999999999998,0.00014913,0.00015705,0.00016326,0.0001683,0.00017198999999999998,0.00017496,0.0001773,0.00017892,0.00018017999999999997,0.00018108,0.00018171,0.00018234,0.00018251999999999998,0.00018314999999999998,0.00018333000000000002,0.00018341999999999998,0.00018333000000000002,0.00018350999999999998,0.00018377999999999998,0.00018368999999999997,0.00018368999999999997,0.00018368999999999997,0.00018377999999999998,0.00018395999999999997,0.00018405,0.00018405,0.00018387,0.00018387,0.00018395999999999997,0.00018387,0.00018395999999999997,0.00018432,0.00018414,0.00018405,0.00018405,0.00018405,0.00018423000000000002,0.00018432,0.00018423000000000002,0.00018423000000000002,0.00018423000000000002,0.00018441,0.00018423000000000002,0.00018423000000000002,0.00018423000000000002,0.00018423000000000002,0.00018423000000000002,0.00018414,0.00018423000000000002,0.00018423000000000002,0.00018432,0.00018441,0.00018441,0.00018441,0.00018432,0.00018414,0.00018423000000000002,0.00018423000000000002,0.00018432,0.00018432,0.00018432,0.00018432,0.00018432,0.00018432,0.00018441,0.00018441,0.0001845,0.00018441,0.00018432,0.00018441,0.0001845,0.00018441,0.0001845,0.0001845,0.00018441,0.00018441,0.00018432,0.00018441,0.00018432,0.00018423000000000002,0.00018423000000000002,0.00018423000000000002],"unit":"A\/cm2"},"voc":{"unit":"V","value":0.981162},"isc":{"unit":"A","value":2.047738},"jsc":{"unit":"mA\/cm2","value":22.752645},"fill_factor":{"unit":"%","value":80.824906},"vmax":{"unit":"V","value":0.8355},"efficiency":{"unit":"%","value":18.043381},"monitor_cell_reading":{"unit":"mV","value":0},"monitor_cell_calibration_value":{"unit":"mV","value":0},"test_device_area":{"unit":"cm2","value":0.09},"num_of_series_connected_stacks":{"unit":"","value":1},"sweep_direction":{"unit":"","value":"Reverse"},"device_id":{"unit":"","value":"0-1-4-R"},"cell_dimension":{"unit":"cm2","value":0.09},"key":"Reverse_IV 0-1-4"},{"V":{"value":[1.1,1.0885,1.077,1.0655,1.054,1.0425,1.031,1.0195,1.008,0.9965,0.985,0.9735,0.962,0.9505,0.939,0.9275,0.916,0.9045,0.893,0.8815,0.87,0.8585,0.847,0.8355,0.824,0.8125,0.801,0.7895,0.778,0.7665,0.755,0.7435,0.732,0.7205,0.709,0.6975,0.686,0.6745,0.663,0.6515,0.64,0.6285,0.617,0.6055,0.594,0.5825,0.571,0.5595,0.548,0.5365,0.525,0.5135,0.502,0.4905,0.479,0.4675,0.456,0.4445,0.433,0.4215,0.41,0.3985,0.387,0.3755,0.364,0.3525,0.341,0.3295,0.318,0.3065,0.295,0.2835,0.272,0.2605,0.249,0.2375,0.226,0.2145,0.203,0.1915,0.18,0.1685,0.157,0.1455,0.134,0.1225,0.111,0.0995,0.088,0.0765,0.065,0.0535,0.042,0.0305,0.019,0.0075,-0.004,-0.0155,-0.027,-0.0385],"unit":"V"},"I":{"value":[-0.007976,-0.006704,-0.005624,-0.00467,-0.003811,-0.003034,-0.002329,-0.001697,-0.001131,-0.000652,-0.000192,0.0002,0.000535,0.000822,0.001014,0.001236,0.001409,0.001547,0.001657,0.001745,0.001814,0.00187,0.001911,0.001944,0.00197,0.001988,0.002002,0.002012,0.002019,0.002026,0.002028,0.002035,0.002037,0.002038,0.002037,0.002039,0.002042,0.002041,0.002041,0.002041,0.002042,0.002044,0.002045,0.002045,0.002043,0.002043,0.002044,0.002043,0.002044,0.002048,0.002046,0.002045,0.002045,0.002045,0.002047,0.002048,0.002047,0.002047,0.002047,0.002049,0.002047,0.002047,0.002047,0.002047,0.002047,0.002046,0.002047,0.002047,0.002048,0.002049,0.002049,0.002049,0.002048,0.002046,0.002047,0.002047,0.002048,0.002048,0.002048,0.002048,0.002048,0.002048,0.002049,0.002049,0.00205,0.002049,0.002048,0.002049,0.00205,0.002049,0.00205,0.00205,0.002049,0.002049,0.002048,0.002049,0.002048,0.002047,0.002047,0.002047],"unit":"A"},"J":{"value":[-0.00071784,-0.0006033599999999999,-0.00050616,-0.00042029999999999997,-0.00034299,-0.00027306,-0.00020961,-0.00015272999999999998,-0.00010179,-5.868e-5,-1.728e-5,1.8e-5,4.815e-5,7.398e-5,9.125999999999999e-5,0.00011123999999999999,0.00012681000000000001,0.00013922999999999998,0.00014913,0.00015705,0.00016326,0.0001683,0.00017198999999999998,0.00017496,0.0001773,0.00017892,0.00018017999999999997,0.00018108,0.00018171,0.00018234,0.00018251999999999998,0.00018314999999999998,0.00018333000000000002,0.00018341999999999998,0.00018333000000000002,0.00018350999999999998,0.00018377999999999998,0.00018368999999999997,0.00018368999999999997,0.00018368999999999997,0.00018377999999999998,0.00018395999999999997,0.00018405,0.00018405,0.00018387,0.00018387,0.00018395999999999997,0.00018387,0.00018395999999999997,0.00018432,0.00018414,0.00018405,0.00018405,0.00018405,0.00018423000000000002,0.00018432,0.00018423000000000002,0.00018423000000000002,0.00018423000000000002,0.00018441,0.00018423000000000002,0.00018423000000000002,0.00018423000000000002,0.00018423000000000002,0.00018423000000000002,0.00018414,0.00018423000000000002,0.00018423000000000002,0.00018432,0.00018441,0.00018441,0.00018441,0.00018432,0.00018414,0.00018423000000000002,0.00018423000000000002,0.00018432,0.00018432,0.00018432,0.00018432,0.00018432,0.00018432,0.00018441,0.00018441,0.0001845,0.00018441,0.00018432,0.00018441,0.0001845,0.00018441,0.0001845,0.0001845,0.00018441,0.00018441,0.00018432,0.00018441,0.00018432,0.00018423000000000002,0.00018423000000000002,0.00018423000000000002],"unit":"A\/cm2"},"voc":{"unit":"V","value":0.981162},"isc":{"unit":"A","value":2.047738},"jsc":{"unit":"mA\/cm2","value":22.752645},"fill_factor":{"unit":"%","value":80.824906},"vmax":{"unit":"V","value":0.8355},"efficiency":{"unit":"%","value":18.043381},"monitor_cell_reading":{"unit":"mV","value":0},"monitor_cell_calibration_value":{"unit":"mV","value":0},"test_device_area":{"unit":"cm2","value":0.09},"num_of_series_connected_stacks":{"unit":"","value":1},"sweep_direction":{"unit":"","value":"Reverse"},"device_id":{"unit":"","value":"0-1-3-R"},"cell_dimension":{"unit":"cm2","value":0.09},"key":"Reverse_IV 0-1-3"},{"V":{"value":[1.1,1.0885,1.077,1.0655,1.054,1.0425,1.031,1.0195,1.008,0.9965,0.985,0.9735,0.962,0.9505,0.939,0.9275,0.916,0.9045,0.893,0.8815,0.87,0.8585,0.847,0.8355,0.824,0.8125,0.801,0.7895,0.778,0.7665,0.755,0.7435,0.732,0.7205,0.709,0.6975,0.686,0.6745,0.663,0.6515,0.64,0.6285,0.617,0.6055,0.594,0.5825,0.571,0.5595,0.548,0.5365,0.525,0.5135,0.502,0.4905,0.479,0.4675,0.456,0.4445,0.433,0.4215,0.41,0.3985,0.387,0.3755,0.364,0.3525,0.341,0.3295,0.318,0.3065,0.295,0.2835,0.272,0.2605,0.249,0.2375,0.226,0.2145,0.203,0.1915,0.18,0.1685,0.157,0.1455,0.134,0.1225,0.111,0.0995,0.088,0.0765,0.065,0.0535,0.042,0.0305,0.019,0.0075,-0.004,-0.0155,-0.027,-0.0385],"unit":"V"},"I":{"value":[-0.008253,-0.006994,-0.005886,-0.004911,-0.004034,-0.003241,-0.00252,-0.00187,-0.001286,-0.00079,-0.000313,6.6e-5,0.000398,0.00072,0.000983,0.001166,0.001359,0.001509,0.001629,0.001725,0.001799,0.001857,0.001902,0.001937,0.001965,0.001986,0.002,0.002014,0.002021,0.002026,0.002032,0.002034,0.002035,0.002038,0.002038,0.00204,0.002041,0.002042,0.002042,0.002042,0.002043,0.002044,0.002045,0.002044,0.002044,0.002046,0.002046,0.002046,0.002047,0.002046,0.002047,0.002046,0.002047,0.002045,0.002048,0.002046,0.002047,0.002047,0.002049,0.00205,0.002047,0.002049,0.002047,0.002047,0.002047,0.002047,0.002046,0.002048,0.002047,0.002046,0.002049,0.002049,0.002049,0.002051,0.002049,0.002048,0.00205,0.002048,0.002047,0.002049,0.00205,0.002052,0.002052,0.002051,0.002049,0.002052,0.002053,0.002052,0.002052,0.002053,0.002047,0.00205,0.002051,0.002051,0.002051,0.00205,0.002052,0.002052,0.002051,0.002051],"unit":"A"},"J":{"value":[-0.00074277,-0.00062946,-0.00052974,-0.00044198999999999996,-0.00036306,-0.00029169,-0.0002268,-0.0001683,-0.00011574,-7.11e-5,-2.817e-5,5.94e-6,3.582e-5,6.48e-5,8.846999999999998e-5,0.00010494,0.00012230999999999999,0.00013581,0.00014661,0.00015524999999999998,0.00016191,0.00016712999999999998,0.00017118,0.00017433,0.00017685000000000002,0.00017873999999999999,0.00017999999999999998,0.00018126,0.00018188999999999998,0.00018234,0.00018287999999999998,0.00018305999999999997,0.00018314999999999998,0.00018341999999999998,0.00018341999999999998,0.00018360000000000002,0.00018368999999999997,0.00018377999999999998,0.00018377999999999998,0.00018377999999999998,0.00018387,0.00018395999999999997,0.00018405,0.00018395999999999997,0.00018395999999999997,0.00018414,0.00018414,0.00018414,0.00018423000000000002,0.00018414,0.00018423000000000002,0.00018414,0.00018423000000000002,0.00018405,0.00018432,0.00018414,0.00018423000000000002,0.00018423000000000002,0.00018441,0.0001845,0.00018423000000000002,0.00018441,0.00018423000000000002,0.00018423000000000002,0.00018423000000000002,0.00018423000000000002,0.00018414,0.00018432,0.00018423000000000002,0.00018414,0.00018441,0.00018441,0.00018441,0.00018459,0.00018441,0.00018432,0.0001845,0.00018432,0.00018423000000000002,0.00018441,0.0001845,0.00018468,0.00018468,0.00018459,0.00018441,0.00018468,0.00018477,0.00018468,0.00018468,0.00018477,0.00018423000000000002,0.0001845,0.00018459,0.00018459,0.00018459,0.0001845,0.00018468,0.00018468,0.00018459,0.00018459],"unit":"A\/cm2"},"voc":{"unit":"V","value":0.977914},"isc":{"unit":"A","value":2.051621},"jsc":{"unit":"mA\/cm2","value":22.795786},"fill_factor":{"unit":"%","value":80.705812},"vmax":{"unit":"V","value":0.824},"efficiency":{"unit":"%","value":17.991189},"monitor_cell_reading":{"unit":"mV","value":0},"monitor_cell_calibration_value":{"unit":"mV","value":0},"test_device_area":{"unit":"cm2","value":0.09},"num_of_series_connected_stacks":{"unit":"","value":1},"sweep_direction":{"unit":"","value":"Reverse"},"device_id":{"unit":"","value":"0-1-2-R"},"cell_dimension":{"unit":"cm2","value":0.09},"key":"Reverse_IV 0-1-2"},{"V":{"value":[-0.05,-0.0385,-0.027,-0.0155,-0.004,0.0075,0.019,0.0305,0.042,0.0535,0.065,0.0765,0.088,0.0995,0.111,0.1225,0.134,0.1455,0.157,0.1685,0.18,0.1915,0.203,0.2145,0.226,0.2375,0.249,0.2605,0.272,0.2835,0.295,0.3065,0.318,0.3295,0.341,0.3525,0.364,0.3755,0.387,0.3985,0.41,0.4215,0.433,0.4445,0.456,0.4675,0.479,0.4905,0.502,0.5135,0.525,0.5365,0.548,0.5595,0.571,0.5825,0.594,0.6055,0.617,0.6285,0.64,0.6515,0.663,0.6745,0.686,0.6975,0.709,0.7205,0.732,0.7435,0.755,0.7665,0.778,0.7895,0.801,0.8125,0.824,0.8355,0.847,0.8585,0.87,0.8815,0.893,0.9045,0.916,0.9275,0.939,0.9505,0.962,0.9735,0.985,0.9965,1.008,1.0195,1.031,1.0425,1.054,1.0655,1.077,1.0885],"unit":"V"},"I":{"value":[0.002071,0.002072,0.002069,0.00207,0.002067,0.002068,0.002068,0.002068,0.002069,0.002068,0.002066,0.002067,0.002065,0.002063,0.002064,0.002065,0.002065,0.002064,0.002064,0.002063,0.002065,0.002065,0.002066,0.002063,0.002063,0.002061,0.002062,0.002064,0.002064,0.002063,0.002063,0.002063,0.002061,0.002062,0.002061,0.002064,0.002062,0.002064,0.002063,0.002061,0.002061,0.002062,0.002061,0.002061,0.002064,0.002062,0.002062,0.002062,0.002062,0.002058,0.002059,0.002061,0.002059,0.002061,0.00206,0.002059,0.002058,0.002059,0.002057,0.002056,0.002058,0.002054,0.002056,0.002055,0.002055,0.002054,0.002055,0.002052,0.002051,0.002049,0.002044,0.002039,0.002033,0.002025,0.002014,0.001998,0.001976,0.001947,0.001905,0.001851,0.001784,0.001693,0.001581,0.001443,0.001275,0.001077,0.000866,0.000592,0.000284,-2.4e-5,-0.000361,-0.000796,-0.001181,-0.001702,-0.002243,-0.002815,-0.003413,-0.00404,-0.004697,-0.005377],"unit":"A"},"J":{"value":[0.00018638999999999998,0.00018648,0.00018621,0.00018629999999999997,0.00018602999999999998,0.00018612,0.00018612,0.00018612,0.00018621,0.00018612,0.00018594,0.00018602999999999998,0.00018585,0.00018567,0.00018575999999999998,0.00018585,0.00018585,0.00018575999999999998,0.00018575999999999998,0.00018567,0.00018585,0.00018585,0.00018594,0.00018567,0.00018567,0.00018549,0.00018558,0.00018575999999999998,0.00018575999999999998,0.00018567,0.00018567,0.00018567,0.00018549,0.00018558,0.00018549,0.00018575999999999998,0.00018558,0.00018575999999999998,0.00018567,0.00018549,0.00018549,0.00018558,0.00018549,0.00018549,0.00018575999999999998,0.00018558,0.00018558,0.00018558,0.00018558,0.00018522,0.00018531,0.00018549,0.00018531,0.00018549,0.0001854,0.00018531,0.00018522,0.00018531,0.00018512999999999998,0.00018504,0.00018522,0.00018486,0.00018504,0.00018495,0.00018495,0.00018486,0.00018495,0.00018468,0.00018459,0.00018441,0.00018395999999999997,0.00018350999999999998,0.00018297,0.00018224999999999998,0.00018126,0.00017982000000000002,0.00017784,0.00017523,0.00017145,0.00016659,0.00016056,0.00015237,0.00014229,0.00012987,0.00011475,9.693e-5,7.794e-5,5.328e-5,2.556e-5,-2.16e-6,-3.2489999999999996e-5,-7.164e-5,-0.00010629,-0.00015318,-0.00020187000000000002,-0.00025334999999999995,-0.00030716999999999995,-0.0003636,-0.00042272999999999996,-0.00048393],"unit":"A\/cm2"},"voc":{"unit":"V","value":0.974677},"isc":{"unit":"A","value":2.067092},"jsc":{"unit":"mA\/cm2","value":22.967687},"fill_factor":{"unit":"%","value":80.806748},"vmax":{"unit":"V","value":0.824},"efficiency":{"unit":"%","value":18.089469},"monitor_cell_reading":{"unit":"mV","value":0},"monitor_cell_calibration_value":{"unit":"mV","value":0},"test_device_area":{"unit":"cm2","value":0.09},"num_of_series_connected_stacks":{"unit":"","value":1},"sweep_direction":{"unit":"","value":"Forward"},"device_id":{"unit":"","value":"0-2-5-F"},"cell_dimension":{"unit":"cm2","value":0.09},"key":"Forward_IV 0-2-5"},{"V":{"value":[-0.05,-0.0385,-0.027,-0.0155,-0.004,0.0075,0.019,0.0305,0.042,0.0535,0.065,0.0765,0.088,0.0995,0.111,0.1225,0.134,0.1455,0.157,0.1685,0.18,0.1915,0.203,0.2145,0.226,0.2375,0.249,0.2605,0.272,0.2835,0.295,0.3065,0.318,0.3295,0.341,0.3525,0.364,0.3755,0.387,0.3985,0.41,0.4215,0.433,0.4445,0.456,0.4675,0.479,0.4905,0.502,0.5135,0.525,0.5365,0.548,0.5595,0.571,0.5825,0.594,0.6055,0.617,0.6285,0.64,0.6515,0.663,0.6745,0.686,0.6975,0.709,0.7205,0.732,0.7435,0.755,0.7665,0.778,0.7895,0.801,0.8125,0.824,0.8355,0.847,0.8585,0.87,0.8815,0.893,0.9045,0.916,0.9275,0.939,0.9505,0.962,0.9735,0.985,0.9965,1.008,1.0195,1.031,1.0425,1.054,1.0655,1.077,1.0885],"unit":"V"},"I":{"value":[0.002047,0.002046,0.002045,0.002046,0.002045,0.002044,0.002045,0.002045,0.002044,0.002044,0.002044,0.002043,0.002044,0.002044,0.002042,0.002043,0.002041,0.002042,0.002041,0.00204,0.002041,0.002041,0.00204,0.002041,0.00204,0.002041,0.00204,0.002039,0.002042,0.002042,0.002043,0.002044,0.002041,0.002041,0.002041,0.002041,0.00204,0.00204,0.002041,0.00204,0.00204,0.002039,0.002038,0.002038,0.002038,0.002038,0.002037,0.002038,0.002039,0.002038,0.002039,0.002039,0.002037,0.002036,0.002036,0.002036,0.002035,0.002036,0.002034,0.002034,0.002035,0.002034,0.002034,0.002034,0.002034,0.002031,0.002032,0.00203,0.002028,0.002027,0.002025,0.002021,0.002016,0.002009,0.002001,0.001989,0.001972,0.001952,0.00192,0.00188,0.001824,0.001748,0.001653,0.00153,0.001379,0.001192,0.000984,0.000713,0.000399,7.6e-5,-0.000282,-0.000753,-0.001182,-0.001761,-0.002372,-0.003024,-0.003712,-0.004441,-0.005208,-0.006009],"unit":"A"},"J":{"value":[0.00018423000000000002,0.00018414,0.00018405,0.00018414,0.00018405,0.00018395999999999997,0.00018405,0.00018405,0.00018395999999999997,0.00018395999999999997,0.00018395999999999997,0.00018387,0.00018395999999999997,0.00018395999999999997,0.00018377999999999998,0.00018387,0.00018368999999999997,0.00018377999999999998,0.00018368999999999997,0.00018360000000000002,0.00018368999999999997,0.00018368999999999997,0.00018360000000000002,0.00018368999999999997,0.00018360000000000002,0.00018368999999999997,0.00018360000000000002,0.00018350999999999998,0.00018377999999999998,0.00018377999999999998,0.00018387,0.00018395999999999997,0.00018368999999999997,0.00018368999999999997,0.00018368999999999997,0.00018368999999999997,0.00018360000000000002,0.00018360000000000002,0.00018368999999999997,0.00018360000000000002,0.00018360000000000002,0.00018350999999999998,0.00018341999999999998,0.00018341999999999998,0.00018341999999999998,0.00018341999999999998,0.00018333000000000002,0.00018341999999999998,0.00018350999999999998,0.00018341999999999998,0.00018350999999999998,0.00018350999999999998,0.00018333000000000002,0.00018324,0.00018324,0.00018324,0.00018314999999999998,0.00018324,0.00018305999999999997,0.00018305999999999997,0.00018314999999999998,0.00018305999999999997,0.00018305999999999997,0.00018305999999999997,0.00018305999999999997,0.00018278999999999998,0.00018287999999999998,0.0001827,0.00018251999999999998,0.00018243,0.00018224999999999998,0.00018188999999999998,0.00018144,0.00018081,0.00018009000000000002,0.00017900999999999998,0.00017748,0.00017568,0.0001728,0.0001692,0.00016416,0.00015732,0.00014877,0.00013769999999999999,0.00012411,0.00010727999999999999,8.856e-5,6.416999999999999e-5,3.591e-5,6.84e-6,-2.538e-5,-6.777e-5,-0.00010638000000000001,-0.00015848999999999998,-0.00021348,-0.00027216,-0.00033408,-0.00039968999999999996,-0.00046872,-0.00054081],"unit":"A\/cm2"},"voc":{"unit":"V","value":0.977626},"isc":{"unit":"A","value":2.044599},"jsc":{"unit":"mA\/cm2","value":22.71777},"fill_factor":{"unit":"%","value":81.60111},"vmax":{"unit":"V","value":0.8355},"efficiency":{"unit":"%","value":18.123187},"monitor_cell_reading":{"unit":"mV","value":0},"monitor_cell_calibration_value":{"unit":"mV","value":0},"test_device_area":{"unit":"cm2","value":0.09},"num_of_series_connected_stacks":{"unit":"","value":1},"sweep_direction":{"unit":"","value":"Forward"},"device_id":{"unit":"","value":"0-2-4-F"},"cell_dimension":{"unit":"cm2","value":0.09},"key":"Forward_IV 0-2-4"},{"V":{"value":[-0.05,-0.0385,-0.027,-0.0155,-0.004,0.0075,0.019,0.0305,0.042,0.0535,0.065,0.0765,0.088,0.0995,0.111,0.1225,0.134,0.1455,0.157,0.1685,0.18,0.1915,0.203,0.2145,0.226,0.2375,0.249,0.2605,0.272,0.2835,0.295,0.3065,0.318,0.3295,0.341,0.3525,0.364,0.3755,0.387,0.3985,0.41,0.4215,0.433,0.4445,0.456,0.4675,0.479,0.4905,0.502,0.5135,0.525,0.5365,0.548,0.5595,0.571,0.5825,0.594,0.6055,0.617,0.6285,0.64,0.6515,0.663,0.6745,0.686,0.6975,0.709,0.7205,0.732,0.7435,0.755,0.7665,0.778,0.7895,0.801,0.8125,0.824,0.8355,0.847,0.8585,0.87,0.8815,0.893,0.9045,0.916,0.9275,0.939,0.9505,0.962,0.9735,0.985,0.9965,1.008,1.0195,1.031,1.0425,1.054,1.0655,1.077,1.0885],"unit":"V"},"I":{"value":[0.00207,0.00207,0.002069,0.002071,0.002072,0.002071,0.002067,0.002068,0.002069,0.002068,0.00207,0.002068,0.002069,0.002068,0.002068,0.002068,0.002067,0.002066,0.002068,0.002067,0.002067,0.002068,0.002066,0.002067,0.002068,0.002068,0.002065,0.002066,0.002064,0.002064,0.002065,0.002063,0.002064,0.002066,0.002065,0.002062,0.002061,0.002057,0.002057,0.002058,0.002056,0.002056,0.002056,0.002058,0.002059,0.002059,0.002058,0.002056,0.002057,0.002058,0.002057,0.002055,0.002055,0.002055,0.002054,0.002053,0.002053,0.002054,0.00205,0.002051,0.002048,0.002048,0.002048,0.002049,0.002046,0.002045,0.002043,0.00204,0.002039,0.002035,0.002033,0.002025,0.002018,0.002008,0.001994,0.001975,0.001949,0.001913,0.001868,0.001807,0.001726,0.00162,0.001493,0.001335,0.001141,0.000934,0.000656,0.000334,1.1e-5,-0.000353,-0.000834,-0.001256,-0.001852,-0.002477,-0.003144,-0.003857,-0.004608,-0.0054,-0.006231,-0.007098],"unit":"A"},"J":{"value":[0.00018629999999999997,0.00018629999999999997,0.00018621,0.00018638999999999998,0.00018648,0.00018638999999999998,0.00018602999999999998,0.00018612,0.00018621,0.00018612,0.00018629999999999997,0.00018612,0.00018621,0.00018612,0.00018612,0.00018612,0.00018602999999999998,0.00018594,0.00018612,0.00018602999999999998,0.00018602999999999998,0.00018612,0.00018594,0.00018602999999999998,0.00018612,0.00018612,0.00018585,0.00018594,0.00018575999999999998,0.00018575999999999998,0.00018585,0.00018567,0.00018575999999999998,0.00018594,0.00018585,0.00018558,0.00018549,0.00018512999999999998,0.00018512999999999998,0.00018522,0.00018504,0.00018504,0.00018504,0.00018522,0.00018531,0.00018531,0.00018522,0.00018504,0.00018512999999999998,0.00018522,0.00018512999999999998,0.00018495,0.00018495,0.00018495,0.00018486,0.00018477,0.00018477,0.00018486,0.0001845,0.00018459,0.00018432,0.00018432,0.00018432,0.00018441,0.00018414,0.00018405,0.00018387,0.00018360000000000002,0.00018350999999999998,0.00018314999999999998,0.00018297,0.00018224999999999998,0.00018161999999999999,0.00018071999999999996,0.00017946,0.00017775,0.00017541,0.00017217,0.00016812,0.00016263,0.00015534000000000001,0.0001458,0.00013437,0.00012014999999999999,0.00010269000000000001,8.406e-5,5.904e-5,3.0059999999999997e-5,9.899999999999998e-7,-3.177e-5,-7.506e-5,-0.00011303999999999999,-0.00016668,-0.00022292999999999998,-0.00028296,-0.00034713,-0.00041472,-0.000486,-0.00056079,-0.00063882],"unit":"A\/cm2"},"voc":{"unit":"V","value":0.964294},"isc":{"unit":"A","value":2.071707},"jsc":{"unit":"mA\/cm2","value":23.018965},"fill_factor":{"unit":"%","value":80.408627},"vmax":{"unit":"V","value":0.824},"efficiency":{"unit":"%","value":17.848343},"monitor_cell_reading":{"unit":"mV","value":0},"monitor_cell_calibration_value":{"unit":"mV","value":0},"test_device_area":{"unit":"cm2","value":0.09},"num_of_series_connected_stacks":{"unit":"","value":1},"sweep_direction":{"unit":"","value":"Forward"},"device_id":{"unit":"","value":"0-2-3-F"},"cell_dimension":{"unit":"cm2","value":0.09},"key":"Forward_IV 0-2-3"},{"V":{"value":[-0.05,-0.0385,-0.027,-0.0155,-0.004,0.0075,0.019,0.0305,0.042,0.0535,0.065,0.0765,0.088,0.0995,0.111,0.1225,0.134,0.1455,0.157,0.1685,0.18,0.1915,0.203,0.2145,0.226,0.2375,0.249,0.2605,0.272,0.2835,0.295,0.3065,0.318,0.3295,0.341,0.3525,0.364,0.3755,0.387,0.3985,0.41,0.4215,0.433,0.4445,0.456,0.4675,0.479,0.4905,0.502,0.5135,0.525,0.5365,0.548,0.5595,0.571,0.5825,0.594,0.6055,0.617,0.6285,0.64,0.6515,0.663,0.6745,0.686,0.6975,0.709,0.7205,0.732,0.7435,0.755,0.7665,0.778,0.7895,0.801,0.8125,0.824,0.8355,0.847,0.8585,0.87,0.8815,0.893,0.9045,0.916,0.9275,0.939,0.9505,0.962,0.9735,0.985,0.9965,1.008,1.0195,1.031,1.0425,1.054,1.0655,1.077,1.0885],"unit":"V"},"I":{"value":[0.00205,0.00205,0.002049,0.002049,0.002046,0.002047,0.002046,0.002047,0.002044,0.002044,0.002046,0.002044,0.002045,0.002046,0.002046,0.002045,0.002046,0.002044,0.002044,0.002046,0.002044,0.002045,0.002043,0.002044,0.002044,0.002044,0.002043,0.002044,0.002043,0.002042,0.002045,0.002045,0.002046,0.002044,0.002044,0.002042,0.002042,0.002042,0.002042,0.002044,0.002042,0.002042,0.002041,0.002041,0.002041,0.002042,0.002042,0.00204,0.002042,0.00204,0.002042,0.002042,0.002038,0.00204,0.00204,0.002038,0.002038,0.002035,0.002036,0.002038,0.002037,0.002036,0.002036,0.002034,0.002034,0.002034,0.002033,0.002031,0.002033,0.00203,0.002027,0.002024,0.002017,0.002013,0.002004,0.001992,0.001977,0.001957,0.001926,0.001884,0.001828,0.001755,0.001661,0.001541,0.00139,0.001206,0.000999,0.000729,0.000417,0.000145,-0.000278,-0.000739,-0.001154,-0.00173,-0.002338,-0.002986,-0.00367,-0.004394,-0.005155,-0.005952],"unit":"A"},"J":{"value":[0.0001845,0.0001845,0.00018441,0.00018441,0.00018414,0.00018423000000000002,0.00018414,0.00018423000000000002,0.00018395999999999997,0.00018395999999999997,0.00018414,0.00018395999999999997,0.00018405,0.00018414,0.00018414,0.00018405,0.00018414,0.00018395999999999997,0.00018395999999999997,0.00018414,0.00018395999999999997,0.00018405,0.00018387,0.00018395999999999997,0.00018395999999999997,0.00018395999999999997,0.00018387,0.00018395999999999997,0.00018387,0.00018377999999999998,0.00018405,0.00018405,0.00018414,0.00018395999999999997,0.00018395999999999997,0.00018377999999999998,0.00018377999999999998,0.00018377999999999998,0.00018377999999999998,0.00018395999999999997,0.00018377999999999998,0.00018377999999999998,0.00018368999999999997,0.00018368999999999997,0.00018368999999999997,0.00018377999999999998,0.00018377999999999998,0.00018360000000000002,0.00018377999999999998,0.00018360000000000002,0.00018377999999999998,0.00018377999999999998,0.00018341999999999998,0.00018360000000000002,0.00018360000000000002,0.00018341999999999998,0.00018341999999999998,0.00018314999999999998,0.00018324,0.00018341999999999998,0.00018333000000000002,0.00018324,0.00018324,0.00018305999999999997,0.00018305999999999997,0.00018305999999999997,0.00018297,0.00018278999999999998,0.00018297,0.0001827,0.00018243,0.00018216,0.00018153,0.00018117,0.00018036000000000001,0.00017927999999999998,0.00017793,0.00017612999999999998,0.00017334,0.00016956,0.00016452,0.00015795,0.00014948999999999998,0.00013869,0.0001251,0.00010854,8.991000000000001e-5,6.561e-5,3.753e-5,1.305e-5,-2.5019999999999998e-5,-6.651e-5,-0.00010386,-0.0001557,-0.00021041999999999998,-0.00026874,-0.0003303,-0.00039546000000000004,-0.00046395,-0.00053568],"unit":"A\/cm2"},"voc":{"unit":"V","value":0.977504},"isc":{"unit":"A","value":2.046479},"jsc":{"unit":"mA\/cm2","value":22.738657},"fill_factor":{"unit":"%","value":81.744573},"vmax":{"unit":"V","value":0.8355},"efficiency":{"unit":"%","value":18.169472},"monitor_cell_reading":{"unit":"mV","value":0},"monitor_cell_calibration_value":{"unit":"mV","value":0},"test_device_area":{"unit":"cm2","value":0.09},"num_of_series_connected_stacks":{"unit":"","value":1},"sweep_direction":{"unit":"","value":"Forward"},"device_id":{"unit":"","value":"0-2-2-F"},"cell_dimension":{"unit":"cm2","value":0.09},"key":"Forward_IV 0-2-2"},{"V":{"value":[-0.05,-0.0385,-0.027,-0.0155,-0.004,0.0075,0.019,0.0305,0.042,0.0535,0.065,0.0765,0.088,0.0995,0.111,0.1225,0.134,0.1455,0.157,0.1685,0.18,0.1915,0.203,0.2145,0.226,0.2375,0.249,0.2605,0.272,0.2835,0.295,0.3065,0.318,0.3295,0.341,0.3525,0.364,0.3755,0.387,0.3985,0.41,0.4215,0.433,0.4445,0.456,0.4675,0.479,0.4905,0.502,0.5135,0.525,0.5365,0.548,0.5595,0.571,0.5825,0.594,0.6055,0.617,0.6285,0.64,0.6515,0.663,0.6745,0.686,0.6975,0.709,0.7205,0.732,0.7435,0.755,0.7665,0.778,0.7895,0.801,0.8125,0.824,0.8355,0.847,0.8585,0.87,0.8815,0.893,0.9045,0.916,0.9275,0.939,0.9505,0.962,0.9735,0.985,0.9965,1.008,1.0195,1.031,1.0425,1.054,1.0655,1.077,1.0885],"unit":"V"},"I":{"value":[0.002033,0.002032,0.00203,0.00203,0.002028,0.002029,0.00203,0.002029,0.002027,0.002029,0.002029,0.002026,0.002028,0.002025,0.002025,0.002026,0.002025,0.002026,0.002026,0.002024,0.002027,0.002028,0.002025,0.002024,0.002022,0.002023,0.002023,0.002024,0.002024,0.00202,0.002023,0.002021,0.002021,0.002023,0.002022,0.002023,0.002022,0.00202,0.002021,0.002022,0.00202,0.002022,0.00202,0.002022,0.00202,0.002019,0.002021,0.00202,0.00202,0.002019,0.002016,0.002018,0.002018,0.002017,0.002017,0.002018,0.002016,0.002016,0.002015,0.002014,0.00201,0.002012,0.00201,0.002012,0.002011,0.002009,0.002009,0.002006,0.002004,0.002002,0.001997,0.001992,0.001988,0.00198,0.001969,0.001954,0.001931,0.001904,0.001864,0.001814,0.001748,0.001662,0.001558,0.001426,0.001266,0.001075,0.000871,0.000609,0.000313,1.3e-5,-0.000311,-0.000735,-0.001108,-0.001619,-0.00215,-0.002712,-0.003301,-0.003921,-0.004569,-0.005245],"unit":"A"},"J":{"value":[0.00018297,0.00018287999999999998,0.0001827,0.0001827,0.00018251999999999998,0.00018261,0.0001827,0.00018261,0.00018243,0.00018261,0.00018261,0.00018234,0.00018251999999999998,0.00018224999999999998,0.00018224999999999998,0.00018234,0.00018224999999999998,0.00018234,0.00018234,0.00018216,0.00018243,0.00018251999999999998,0.00018224999999999998,0.00018216,0.00018198,0.00018207,0.00018207,0.00018216,0.00018216,0.0001818,0.00018207,0.00018188999999999998,0.00018188999999999998,0.00018207,0.00018198,0.00018207,0.00018198,0.0001818,0.00018188999999999998,0.00018198,0.0001818,0.00018198,0.0001818,0.00018198,0.0001818,0.00018171,0.00018188999999999998,0.0001818,0.0001818,0.00018171,0.00018144,0.00018161999999999999,0.00018161999999999999,0.00018153,0.00018153,0.00018161999999999999,0.00018144,0.00018144,0.00018135,0.00018126,0.0001809,0.00018108,0.0001809,0.00018108,0.00018099000000000001,0.00018081,0.00018081,0.00018054,0.00018036000000000001,0.00018017999999999997,0.00017973,0.00017927999999999998,0.00017892,0.0001782,0.00017720999999999997,0.00017586,0.00017379,0.00017136,0.00016775999999999998,0.00016326,0.00015732,0.00014958,0.00014021999999999998,0.00012833999999999998,0.00011394,9.675e-5,7.839e-5,5.480999999999999e-5,2.817e-5,1.1699999999999998e-6,-2.799e-5,-6.615e-5,-9.972e-5,-0.00014570999999999999,-0.0001935,-0.00024407999999999998,-0.00029709,-0.00035288999999999996,-0.00041121,-0.00047204999999999995],"unit":"A\/cm2"},"voc":{"unit":"V","value":0.975824},"isc":{"unit":"A","value":2.028114},"jsc":{"unit":"mA\/cm2","value":22.534597},"fill_factor":{"unit":"%","value":80.408988},"vmax":{"unit":"V","value":0.824},"efficiency":{"unit":"%","value":17.681773},"monitor_cell_reading":{"unit":"mV","value":0},"monitor_cell_calibration_value":{"unit":"mV","value":0},"test_device_area":{"unit":"cm2","value":0.09},"num_of_series_connected_stacks":{"unit":"","value":1},"sweep_direction":{"unit":"","value":"Forward"},"device_id":{"unit":"","value":"0-2-1-F"},"cell_dimension":{"unit":"cm2","value":0.09},"key":"Forward_IV 0-2-1"},{"V":{"value":[-0.05,-0.0385,-0.027,-0.0155,-0.004,0.0075,0.019,0.0305,0.042,0.0535,0.065,0.0765,0.088,0.0995,0.111,0.1225,0.134,0.1455,0.157,0.1685,0.18,0.1915,0.203,0.2145,0.226,0.2375,0.249,0.2605,0.272,0.2835,0.295,0.3065,0.318,0.3295,0.341,0.3525,0.364,0.3755,0.387,0.3985,0.41,0.4215,0.433,0.4445,0.456,0.4675,0.479,0.4905,0.502,0.5135,0.525,0.5365,0.548,0.5595,0.571,0.5825,0.594,0.6055,0.617,0.6285,0.64,0.6515,0.663,0.6745,0.686,0.6975,0.709,0.7205,0.732,0.7435,0.755,0.7665,0.778,0.7895,0.801,0.8125,0.824,0.8355,0.847,0.8585,0.87,0.8815,0.893,0.9045,0.916,0.9275,0.939,0.9505,0.962,0.9735,0.985,0.9965,1.008,1.0195,1.031,1.0425,1.054,1.0655,1.077,1.0885],"unit":"V"},"I":{"value":[0.00206,0.00206,0.00206,0.002059,0.00206,0.002056,0.002059,0.002057,0.002059,0.002059,0.002057,0.002058,0.002055,0.002056,0.002055,0.002055,0.002057,0.002055,0.002054,0.002056,0.002058,0.002057,0.002058,0.002057,0.00206,0.002058,0.002056,0.002056,0.002058,0.002054,0.002056,0.002055,0.002055,0.002054,0.002053,0.002053,0.002053,0.002052,0.002052,0.002052,0.002052,0.002054,0.002054,0.002053,0.002052,0.002052,0.002048,0.002048,0.00205,0.002048,0.002048,0.002048,0.002047,0.00205,0.002048,0.002046,0.002045,0.002044,0.002043,0.002041,0.002043,0.00204,0.002038,0.002034,0.002032,0.00203,0.002022,0.002016,0.002009,0.002001,0.001989,0.001974,0.001956,0.00193,0.001899,0.001855,0.001802,0.001734,0.001645,0.001539,0.001408,0.001252,0.001068,0.000869,0.000617,0.000333,4.4e-5,-0.000269,-0.000669,-0.001028,-0.001509,-0.00201,-0.002539,-0.003098,-0.003683,-0.004299,-0.004939,-0.005607,-0.006298,-0.007011],"unit":"A"},"J":{"value":[0.0001854,0.0001854,0.0001854,0.00018531,0.0001854,0.00018504,0.00018531,0.00018512999999999998,0.00018531,0.00018531,0.00018512999999999998,0.00018522,0.00018495,0.00018504,0.00018495,0.00018495,0.00018512999999999998,0.00018495,0.00018486,0.00018504,0.00018522,0.00018512999999999998,0.00018522,0.00018512999999999998,0.0001854,0.00018522,0.00018504,0.00018504,0.00018522,0.00018486,0.00018504,0.00018495,0.00018495,0.00018486,0.00018477,0.00018477,0.00018477,0.00018468,0.00018468,0.00018468,0.00018468,0.00018486,0.00018486,0.00018477,0.00018468,0.00018468,0.00018432,0.00018432,0.0001845,0.00018432,0.00018432,0.00018432,0.00018423000000000002,0.0001845,0.00018432,0.00018414,0.00018405,0.00018395999999999997,0.00018387,0.00018368999999999997,0.00018387,0.00018360000000000002,0.00018341999999999998,0.00018305999999999997,0.00018287999999999998,0.0001827,0.00018198,0.00018144,0.00018081,0.00018009000000000002,0.00017900999999999998,0.00017766,0.00017603999999999997,0.0001737,0.00017091,0.00016695,0.00016218,0.00015606,0.00014805,0.00013851,0.00012671999999999998,0.00011268,9.612e-5,7.821e-5,5.553e-5,2.997e-5,3.959999999999999e-6,-2.4209999999999997e-5,-6.0209999999999994e-5,-9.252e-5,-0.00013581,-0.0001809,-0.00022851,-0.00027882,-0.00033147,-0.00038690999999999997,-0.00044450999999999996,-0.0005046299999999999,-0.00056682,-0.00063099],"unit":"A\/cm2"},"voc":{"unit":"V","value":0.942168},"isc":{"unit":"A","value":2.059638},"jsc":{"unit":"mA\/cm2","value":22.884864},"fill_factor":{"unit":"%","value":78.527498},"vmax":{"unit":"V","value":0.7895},"efficiency":{"unit":"%","value":16.931626},"monitor_cell_reading":{"unit":"mV","value":0},"monitor_cell_calibration_value":{"unit":"mV","value":0},"test_device_area":{"unit":"cm2","value":0.09},"num_of_series_connected_stacks":{"unit":"","value":1},"sweep_direction":{"unit":"","value":"Forward"},"device_id":{"unit":"","value":"0-1-5-F"},"cell_dimension":{"unit":"cm2","value":0.09},"key":"Forward_IV 0-1-5"},{"V":{"value":[-0.05,-0.0385,-0.027,-0.0155,-0.004,0.0075,0.019,0.0305,0.042,0.0535,0.065,0.0765,0.088,0.0995,0.111,0.1225,0.134,0.1455,0.157,0.1685,0.18,0.1915,0.203,0.2145,0.226,0.2375,0.249,0.2605,0.272,0.2835,0.295,0.3065,0.318,0.3295,0.341,0.3525,0.364,0.3755,0.387,0.3985,0.41,0.4215,0.433,0.4445,0.456,0.4675,0.479,0.4905,0.502,0.5135,0.525,0.5365,0.548,0.5595,0.571,0.5825,0.594,0.6055,0.617,0.6285,0.64,0.6515,0.663,0.6745,0.686,0.6975,0.709,0.7205,0.732,0.7435,0.755,0.7665,0.778,0.7895,0.801,0.8125,0.824,0.8355,0.847,0.8585,0.87,0.8815,0.893,0.9045,0.916,0.9275,0.939,0.9505,0.962,0.9735,0.985,0.9965,1.008,1.0195,1.031,1.0425,1.054,1.0655,1.077,1.0885],"unit":"V"},"I":{"value":[0.002049,0.002047,0.002047,0.002045,0.002045,0.002045,0.002042,0.002043,0.002043,0.002044,0.002047,0.002044,0.002044,0.002045,0.002045,0.002043,0.002044,0.002042,0.002043,0.002043,0.002042,0.002042,0.002041,0.00204,0.002041,0.002041,0.00204,0.002041,0.002041,0.002041,0.002042,0.002042,0.002042,0.00204,0.002042,0.002041,0.002038,0.00204,0.002041,0.00204,0.00204,0.002039,0.002039,0.002038,0.002038,0.002039,0.002039,0.002039,0.00204,0.002039,0.002037,0.002037,0.002037,0.002038,0.002037,0.002036,0.002035,0.002034,0.002035,0.002034,0.002034,0.002034,0.002031,0.00203,0.002029,0.002027,0.002026,0.002025,0.002023,0.002018,0.002013,0.002006,0.001997,0.001983,0.001965,0.001936,0.001901,0.001855,0.00179,0.001709,0.001603,0.001473,0.001312,0.00112,0.000915,0.000642,0.000329,1.3e-5,-0.000331,-0.000792,-0.001197,-0.001759,-0.002348,-0.002972,-0.003635,-0.004336,-0.005071,-0.00584,-0.006645,-0.007477],"unit":"A"},"J":{"value":[0.00018441,0.00018423000000000002,0.00018423000000000002,0.00018405,0.00018405,0.00018405,0.00018377999999999998,0.00018387,0.00018387,0.00018395999999999997,0.00018423000000000002,0.00018395999999999997,0.00018395999999999997,0.00018405,0.00018405,0.00018387,0.00018395999999999997,0.00018377999999999998,0.00018387,0.00018387,0.00018377999999999998,0.00018377999999999998,0.00018368999999999997,0.00018360000000000002,0.00018368999999999997,0.00018368999999999997,0.00018360000000000002,0.00018368999999999997,0.00018368999999999997,0.00018368999999999997,0.00018377999999999998,0.00018377999999999998,0.00018377999999999998,0.00018360000000000002,0.00018377999999999998,0.00018368999999999997,0.00018341999999999998,0.00018360000000000002,0.00018368999999999997,0.00018360000000000002,0.00018360000000000002,0.00018350999999999998,0.00018350999999999998,0.00018341999999999998,0.00018341999999999998,0.00018350999999999998,0.00018350999999999998,0.00018350999999999998,0.00018360000000000002,0.00018350999999999998,0.00018333000000000002,0.00018333000000000002,0.00018333000000000002,0.00018341999999999998,0.00018333000000000002,0.00018324,0.00018314999999999998,0.00018305999999999997,0.00018314999999999998,0.00018305999999999997,0.00018305999999999997,0.00018305999999999997,0.00018278999999999998,0.0001827,0.00018261,0.00018243,0.00018234,0.00018224999999999998,0.00018207,0.00018161999999999999,0.00018117,0.00018054,0.00017973,0.00017847,0.00017685000000000002,0.00017423999999999999,0.00017109,0.00016695,0.00016109999999999999,0.00015381,0.00014427,0.00013256999999999999,0.00011808,0.00010079999999999998,8.235e-5,5.778e-5,2.9609999999999996e-5,1.1699999999999998e-6,-2.979e-5,-7.128e-5,-0.00010772999999999999,-0.00015831,-0.00021131999999999998,-0.00026747999999999995,-0.00032715,-0.0003902399999999999,-0.00045639,-0.0005256,-0.0005980499999999999,-0.00067293],"unit":"A\/cm2"},"voc":{"unit":"V","value":0.952969},"isc":{"unit":"A","value":2.044618},"jsc":{"unit":"mA\/cm2","value":22.717982},"fill_factor":{"unit":"%","value":80.766991},"vmax":{"unit":"V","value":0.801},"efficiency":{"unit":"%","value":17.485676},"monitor_cell_reading":{"unit":"mV","value":0},"monitor_cell_calibration_value":{"unit":"mV","value":0},"test_device_area":{"unit":"cm2","value":0.09},"num_of_series_connected_stacks":{"unit":"","value":1},"sweep_direction":{"unit":"","value":"Forward"},"device_id":{"unit":"","value":"0-1-4-F"},"cell_dimension":{"unit":"cm2","value":0.09},"key":"Forward_IV 0-1-4"},{"V":{"value":[-0.05,-0.0385,-0.027,-0.0155,-0.004,0.0075,0.019,0.0305,0.042,0.0535,0.065,0.0765,0.088,0.0995,0.111,0.1225,0.134,0.1455,0.157,0.1685,0.18,0.1915,0.203,0.2145,0.226,0.2375,0.249,0.2605,0.272,0.2835,0.295,0.3065,0.318,0.3295,0.341,0.3525,0.364,0.3755,0.387,0.3985,0.41,0.4215,0.433,0.4445,0.456,0.4675,0.479,0.4905,0.502,0.5135,0.525,0.5365,0.548,0.5595,0.571,0.5825,0.594,0.6055,0.617,0.6285,0.64,0.6515,0.663,0.6745,0.686,0.6975,0.709,0.7205,0.732,0.7435,0.755,0.7665,0.778,0.7895,0.801,0.8125,0.824,0.8355,0.847,0.8585,0.87,0.8815,0.893,0.9045,0.916,0.9275,0.939,0.9505,0.962,0.9735,0.985,0.9965,1.008,1.0195,1.031,1.0425,1.054,1.0655,1.077,1.0885],"unit":"V"},"I":{"value":[0.002078,0.002075,0.002074,0.002074,0.002073,0.002075,0.002073,0.002072,0.002072,0.002069,0.002069,0.00207,0.002068,0.002071,0.00207,0.002071,0.00207,0.002071,0.002069,0.002069,0.002071,0.002069,0.002071,0.002069,0.00207,0.002069,0.00207,0.00207,0.00207,0.00207,0.00207,0.00207,0.00207,0.002068,0.002068,0.002069,0.002068,0.002069,0.002068,0.002068,0.002069,0.002065,0.002067,0.002063,0.002065,0.002066,0.002063,0.002065,0.002064,0.002065,0.002066,0.002066,0.002064,0.002064,0.002063,0.002063,0.002063,0.002061,0.002062,0.002062,0.00206,0.00206,0.002056,0.002056,0.002056,0.002054,0.002052,0.00205,0.002046,0.002042,0.002036,0.002028,0.002017,0.001999,0.001975,0.001944,0.001903,0.001846,0.001774,0.00168,0.001559,0.001412,0.00123,0.001011,0.000778,0.000472,0.000126,-0.000268,-0.000708,-0.001093,-0.001655,-0.002249,-0.002882,-0.003548,-0.004265,-0.005022,-0.005812,-0.00664,-0.007501,-0.008393],"unit":"A"},"J":{"value":[0.00018701999999999998,0.00018674999999999999,0.00018665999999999998,0.00018665999999999998,0.00018657,0.00018674999999999999,0.00018657,0.00018648,0.00018648,0.00018621,0.00018621,0.00018629999999999997,0.00018612,0.00018638999999999998,0.00018629999999999997,0.00018638999999999998,0.00018629999999999997,0.00018638999999999998,0.00018621,0.00018621,0.00018638999999999998,0.00018621,0.00018638999999999998,0.00018621,0.00018629999999999997,0.00018621,0.00018629999999999997,0.00018629999999999997,0.00018629999999999997,0.00018629999999999997,0.00018629999999999997,0.00018629999999999997,0.00018629999999999997,0.00018612,0.00018612,0.00018621,0.00018612,0.00018621,0.00018612,0.00018612,0.00018621,0.00018585,0.00018602999999999998,0.00018567,0.00018585,0.00018594,0.00018567,0.00018585,0.00018575999999999998,0.00018585,0.00018594,0.00018594,0.00018575999999999998,0.00018575999999999998,0.00018567,0.00018567,0.00018567,0.00018549,0.00018558,0.00018558,0.0001854,0.0001854,0.00018504,0.00018504,0.00018504,0.00018486,0.00018468,0.0001845,0.00018414,0.00018377999999999998,0.00018324,0.00018251999999999998,0.00018153,0.00017990999999999998,0.00017775,0.00017496,0.00017126999999999998,0.00016614,0.00015966,0.0001512,0.00014031,0.00012708,0.0001107,9.099e-5,7.002e-5,4.248e-5,1.134e-5,-2.412e-5,-6.371999999999999e-5,-9.837e-5,-0.00014895,-0.00020241,-0.00025938,-0.00031932,-0.00038385,-0.00045198000000000005,-0.00052308,-0.0005976,-0.0006750899999999999,-0.0007553699999999999],"unit":"A\/cm2"},"voc":{"unit":"V","value":0.942794},"isc":{"unit":"A","value":2.073456},"jsc":{"unit":"mA\/cm2","value":23.038396},"fill_factor":{"unit":"%","value":80.916547},"vmax":{"unit":"V","value":0.801},"efficiency":{"unit":"%","value":17.57545},"monitor_cell_reading":{"unit":"mV","value":0},"monitor_cell_calibration_value":{"unit":"mV","value":0},"test_device_area":{"unit":"cm2","value":0.09},"num_of_series_connected_stacks":{"unit":"","value":1},"sweep_direction":{"unit":"","value":"Forward"},"device_id":{"unit":"","value":"0-1-3-F"},"cell_dimension":{"unit":"cm2","value":0.09},"key":"Forward_IV 0-1-3"},{"V":{"value":[-0.05,-0.0385,-0.027,-0.0155,-0.004,0.0075,0.019,0.0305,0.042,0.0535,0.065,0.0765,0.088,0.0995,0.111,0.1225,0.134,0.1455,0.157,0.1685,0.18,0.1915,0.203,0.2145,0.226,0.2375,0.249,0.2605,0.272,0.2835,0.295,0.3065,0.318,0.3295,0.341,0.3525,0.364,0.3755,0.387,0.3985,0.41,0.4215,0.433,0.4445,0.456,0.4675,0.479,0.4905,0.502,0.5135,0.525,0.5365,0.548,0.5595,0.571,0.5825,0.594,0.6055,0.617,0.6285,0.64,0.6515,0.663,0.6745,0.686,0.6975,0.709,0.7205,0.732,0.7435,0.755,0.7665,0.778,0.7895,0.801,0.8125,0.824,0.8355,0.847,0.8585,0.87,0.8815,0.893,0.9045,0.916,0.9275,0.939,0.9505,0.962,0.9735,0.985,0.9965,1.008,1.0195,1.031,1.0425,1.054,1.0655,1.077,1.0885],"unit":"V"},"I":{"value":[0.002058,0.002059,0.002058,0.002057,0.002055,0.002054,0.002054,0.002053,0.002053,0.002053,0.002052,0.002052,0.002052,0.002053,0.002052,0.002053,0.002052,0.002053,0.002052,0.002052,0.002052,0.00205,0.002049,0.00205,0.002051,0.00205,0.002051,0.00205,0.002051,0.002051,0.00205,0.002052,0.002051,0.00205,0.002052,0.002052,0.00205,0.00205,0.002051,0.00205,0.002049,0.002051,0.002048,0.002049,0.002051,0.002049,0.002048,0.002047,0.002047,0.002047,0.002046,0.002047,0.002047,0.002048,0.002046,0.002046,0.002045,0.002043,0.002047,0.002045,0.002044,0.002042,0.002042,0.00204,0.002041,0.00204,0.002037,0.002036,0.002032,0.00203,0.002023,0.002015,0.002004,0.001989,0.001966,0.001937,0.001898,0.001846,0.001777,0.001689,0.001578,0.00144,0.00127,0.001066,0.000848,0.000562,0.000238,-0.000132,-0.000544,-0.001001,-0.0014,-0.001972,-0.002571,-0.003205,-0.003878,-0.004587,-0.00533,-0.006104,-0.006912,-0.00775],"unit":"A"},"J":{"value":[0.00018522,0.00018531,0.00018522,0.00018512999999999998,0.00018495,0.00018486,0.00018486,0.00018477,0.00018477,0.00018477,0.00018468,0.00018468,0.00018468,0.00018477,0.00018468,0.00018477,0.00018468,0.00018477,0.00018468,0.00018468,0.00018468,0.0001845,0.00018441,0.0001845,0.00018459,0.0001845,0.00018459,0.0001845,0.00018459,0.00018459,0.0001845,0.00018468,0.00018459,0.0001845,0.00018468,0.00018468,0.0001845,0.0001845,0.00018459,0.0001845,0.00018441,0.00018459,0.00018432,0.00018441,0.00018459,0.00018441,0.00018432,0.00018423000000000002,0.00018423000000000002,0.00018423000000000002,0.00018414,0.00018423000000000002,0.00018423000000000002,0.00018432,0.00018414,0.00018414,0.00018405,0.00018387,0.00018423000000000002,0.00018405,0.00018395999999999997,0.00018377999999999998,0.00018377999999999998,0.00018360000000000002,0.00018368999999999997,0.00018360000000000002,0.00018333000000000002,0.00018324,0.00018287999999999998,0.0001827,0.00018207,0.00018135,0.00018036000000000001,0.00017900999999999998,0.00017693999999999997,0.00017433,0.00017082,0.00016614,0.00015993,0.00015201,0.00014202,0.0001296,0.0001143,9.594e-5,7.632e-5,5.058e-5,2.142e-5,-1.188e-5,-4.896e-5,-9.008999999999999e-5,-0.000126,-0.00017748,-0.00023139,-0.00028845,-0.00034901999999999996,-0.00041283,-0.00047969999999999995,-0.0005493599999999999,-0.00062208,-0.0006975],"unit":"A\/cm2"},"voc":{"unit":"V","value":0.947134},"isc":{"unit":"A","value":2.054858},"jsc":{"unit":"mA\/cm2","value":22.831758},"fill_factor":{"unit":"%","value":80.913236},"vmax":{"unit":"V","value":0.801},"efficiency":{"unit":"%","value":17.497278},"monitor_cell_reading":{"unit":"mV","value":0},"monitor_cell_calibration_value":{"unit":"mV","value":0},"test_device_area":{"unit":"cm2","value":0.09},"num_of_series_connected_stacks":{"unit":"","value":1},"sweep_direction":{"unit":"","value":"Forward"},"device_id":{"unit":"","value":"0-1-2-F"},"cell_dimension":{"unit":"cm2","value":0.09},"key":"Forward_IV 0-1-2"}]}}