{"_id":"66e501dd41d8151bf67b6852","id":"SKKU-SC-00505","author":94,"group":11,"input":[{"tco":{"unit":"","value":"ITO"}},{"surface_treatment":{"unit":"","value":"O-Plasma"}},{"htl":[{"material":{"unit":"","value":"2PACz"},"concentration":{"unit":"","value":"0.3"},"conc_unit":{"unit":"","value":"mg\/ml"},"quantity":{"unit":"ml","value":"0.2"}}],"spin_coating":[{"type":{"unit":"","value":"Static (loading)"},"rpm":{"unit":"","value":"3000"},"time":{"unit":"s","value":"30"}}],"annealing":[{"temperature":{"unit":"oC","value":"100"},"time":{"unit":"m","value":"10"}}],"condition":{"unit":"","value":"glove-box(N2)"}},{"condition":{"unit":"","value":"glove-box(N2)"},"perovskite":{"method":{"unit":"","value":"1step"},"molarity":{"unit":"M","value":"1.3M"},"a_site":[{"material":{"unit":"","value":"FA"},"ratio":{"unit":"%","value":"91"}},{"material":{"unit":"","value":"Cs"},"ratio":{"unit":"%","value":"9"}}],"b_site":[{"material":{"unit":"","value":"Pb"},"ratio":{"unit":"%","value":"100"}}],"x_site":[{"material":{"unit":"","value":"I"},"ratio":{"unit":"%","value":"76.666666666666666666666666666667"}},{"material":{"unit":"","value":"Br"},"ratio":{"unit":"%","value":"23.333333333333333333333333333333"}}],"solvent":[{"material":{"unit":"","value":"DMF"},"volume":{"unit":"ml","value":"4"}},{"material":{"unit":"","value":"DMSO"},"volume":{"unit":"ml","value":"1"}}],"antisolvent":[{"material":{"unit":"","value":"CB"},"quantity":{"unit":"ul","value":"300"},"dripping_time":{"unit":"s","value":"5"}}],"annealing":[{"temperature":{"unit":"oC","value":"100"},"time":{"unit":"m","value":"10"}}],"spin_coating":[{"type":{"unit":"","value":"Static (loading)"},"rpm":{"unit":"","value":"1000"},"time":{"unit":"s","value":"10"}},{"type":{"unit":"","value":"Static (loading)"},"rpm":{"unit":"","value":"5000"},"time":{"unit":"s","value":"30"}}],"atmosphere":[{"type":{"unit":"","value":"glove-box(N2)"},"temperature":{"unit":"oC","value":"23"},"humidity":{"unit":"RH%","value":"0"}}]}},{"perovskite_treatment":[{"material":{"unit":"","value":"DABr"},"concentration":{"unit":"","value":"1"},"conc_unit":{"unit":"","value":"mg\/ml"},"quantity":{"unit":"ml","value":"65"}},{"material":{"unit":"","value":"MABr"},"concentration":{"unit":"","value":"0.1"},"conc_unit":{"unit":"","value":"mg\/ml"},"quantity":{"unit":"ml","value":"65"}}],"spin_coating":[{"type":{"unit":"","value":"Dynamic"},"rpm":{"unit":"","value":"5000"},"time":{"unit":"s","value":"34"}}],"solvent":[{"material":{"unit":"","value":"DMF"},"volume":{"unit":"ml","value":"0.005"}},{"material":{"unit":"","value":"IPA"},"volume":{"unit":"ml","value":"1"}}],"annealing":[{"temperature":{"unit":"oC","value":"100"},"time":{"unit":"m","value":"5"}}]},{"etl":[{"material":{"unit":"","value":"C60"},"concentration":{"unit":"","value":"None"},"conc_unit":{"unit":"","value":"None"},"quantity":{"unit":"ml","value":"None"}}],"thermal_evaporation":[{"vacuum_evaporation_thickness":{"unit":"nm","value":"25"},"evaporation_rate":{"unit":"\u00c5\/s","value":"0.2"},"vacuum_pressure":{"unit":"uTorr","value":"2"}}]},{"blocking_buffer_layer":[{"material":{"unit":"","value":"BCP"},"concentration":{"unit":"","value":"None"},"conc_unit":{"unit":"","value":"mg\/ml"},"quantity":{"unit":"ml","value":"None"}}],"thermal_evaporation":[{"vacuum_evaporation_thickness":{"unit":"nm","value":"8"},"evaporation_rate":{"unit":"\u00c5\/s","value":"0.2"},"vacuum_pressure":{"unit":"uTorr","value":"2"}}]},{"anode_metal":{"unit":"","value":"Ag"}},{"type":{"unit":"","value":"unit_cell"},"temperature":{"unit":"\u2103","value":"20"},"device_type":{"unit":"","value":"p-i-n"},"humidity":{"unit":"%","value":"20"},"cell_dimension":{"unit":"cm2","value":"0.09"}},{"note":{"unit":"","value":"quasi-2d passivation material test"}}],"fileinfo":[{"key":"Forward_IV DA-MABr-1-2","uploadType":"JV","original_name":"IV DA-MABr-1-2-F.txt","save_name":"SKKU-SC-00505\/Forward_IV DA-MABr-1-2","uploader":94,"fileType":""},{"key":"Reverse_IV DA-2-5","uploadType":"JV","original_name":"IV DA-2-5-R.txt","save_name":"SKKU-SC-00505\/Reverse_IV DA-2-5","uploader":94,"fileType":""},{"key":"Forward_IV DA-1-2","uploadType":"JV","original_name":"IV DA-1-2-F.txt","save_name":"SKKU-SC-00505\/Forward_IV DA-1-2","uploader":94,"fileType":""},{"key":"Reverse_IV DA-1-2","uploadType":"JV","original_name":"IV DA-1-2-R.txt","save_name":"SKKU-SC-00505\/Reverse_IV DA-1-2","uploader":94,"fileType":""},{"key":"Forward_IV DA-1-3","uploadType":"JV","original_name":"IV DA-1-3-F.txt","save_name":"SKKU-SC-00505\/Forward_IV DA-1-3","uploader":94,"fileType":""},{"key":"Reverse_IV DA-1-3","uploadType":"JV","original_name":"IV DA-1-3-R.txt","save_name":"SKKU-SC-00505\/Reverse_IV DA-1-3","uploader":94,"fileType":""},{"key":"Reverse_IV DA-1-4","uploadType":"JV","original_name":"IV DA-1-4-R.txt","save_name":"SKKU-SC-00505\/Reverse_IV DA-1-4","uploader":94,"fileType":""},{"key":"Forward_IV DA-1-5","uploadType":"JV","original_name":"IV DA-1-5-F.txt","save_name":"SKKU-SC-00505\/Forward_IV DA-1-5","uploader":94,"fileType":""},{"key":"Reverse_IV DA-1-5","uploadType":"JV","original_name":"IV DA-1-5-R.txt","save_name":"SKKU-SC-00505\/Reverse_IV DA-1-5","uploader":94,"fileType":""},{"key":"Forward_IV DA-2-2","uploadType":"JV","original_name":"IV DA-2-2-F.txt","save_name":"SKKU-SC-00505\/Forward_IV DA-2-2","uploader":94,"fileType":""},{"key":"cwHo4","uploadType":"UVVIS","original_name":"1.3MDA.txt","save_name":"SKKU-SC-00505\/cwHo4","uploader":94,"fileType":""}],"jvcnt":10,"analysisInfo":{"JV":[{"efficiency":15.132334,"fill_factor":70.343562,"jsc":19.164129,"voc":1.122516,"key":"Reverse_IV DA-2-5","cell_dimension":0.09},{"efficiency":17.766046,"fill_factor":76.793283,"jsc":19.681014,"voc":1.175493,"key":"Reverse_IV DA-1-5","cell_dimension":0.09},{"efficiency":17.171708,"fill_factor":74.575913,"jsc":19.462871,"voc":1.183063,"key":"Reverse_IV DA-1-4","cell_dimension":0.09},{"efficiency":17.687265,"fill_factor":75.904606,"jsc":19.612234,"voc":1.188134,"key":"Reverse_IV DA-1-3","cell_dimension":0.09},{"efficiency":16.436515,"fill_factor":72.849109,"jsc":18.969892,"voc":1.18938,"key":"Reverse_IV DA-1-2","cell_dimension":0.09},{"efficiency":9.216388,"fill_factor":68.635473,"jsc":11.753213,"voc":1.142498,"key":"Forward_IV DA-MABr-1-2","cell_dimension":0.09},{"efficiency":11.327696,"fill_factor":52.005777,"jsc":19.480231,"voc":1.118139,"key":"Forward_IV DA-2-2","cell_dimension":0.09},{"efficiency":17.262426,"fill_factor":74.595874,"jsc":19.808527,"voc":1.168247,"key":"Forward_IV DA-1-5","cell_dimension":0.09},{"efficiency":17.337452,"fill_factor":74.175958,"jsc":19.675667,"voc":1.187935,"key":"Forward_IV DA-1-3","cell_dimension":0.09},{"efficiency":16.118595,"fill_factor":71.346043,"jsc":19.009691,"voc":1.188454,"key":"Forward_IV DA-1-2","cell_dimension":0.09}],"UVVIS":[{"key":"cwHo4"}]},"tags":[],"updated_at":"2024-10-24 09:04:04","created_at":"2024-09-14 03:24:13","public":2,"analysis":{"JV":[{"V":{"value":[1.25,1.2374,1.2248,1.2122,1.1996,1.187,1.1744,1.1618,1.1492,1.1366,1.124,1.1114,1.0988,1.0862,1.0736,1.061,1.0484,1.0358,1.0232,1.0106,0.998,0.9854,0.9728,0.9602,0.9476,0.935,0.9224,0.9098,0.8972,0.8846,0.872,0.8594,0.8468,0.8342,0.8216,0.809,0.7964,0.7838,0.7712,0.7586,0.746,0.7334,0.7208,0.7082,0.6956,0.683,0.6704,0.6578,0.6452,0.6326,0.62,0.6074,0.5948,0.5822,0.5696,0.557,0.5444,0.5318,0.5192,0.5066,0.494,0.4814,0.4688,0.4562,0.4436,0.431,0.4184,0.4058,0.3932,0.3806,0.368,0.3554,0.3428,0.3302,0.3176,0.305,0.2924,0.2798,0.2672,0.2546,0.242,0.2294,0.2168,0.2042,0.1916,0.179,0.1664,0.1538,0.1412,0.1286,0.116,0.1034,0.0908,0.0782,0.0656,0.053,0.0404,0.0278,0.0152,0.0026],"unit":"V"},"I":{"value":[-0.006176,-0.004921,-0.003979,-0.003199,-0.002538,-0.001968,-0.001485,-0.001056,-0.000681,-0.000348,-7.4e-5,0.000181,0.000415,0.000606,0.000766,0.000901,0.001023,0.001102,0.001192,0.001263,0.001315,0.001357,0.001391,0.001418,0.001435,0.00145,0.001466,0.001479,0.001483,0.001495,0.001498,0.001511,0.001514,0.001519,0.001526,0.001531,0.001537,0.001542,0.001552,0.001555,0.00156,0.001567,0.001571,0.001574,0.001577,0.001581,0.001583,0.001586,0.001593,0.001597,0.001602,0.001605,0.001611,0.001612,0.001617,0.001621,0.001624,0.001628,0.001629,0.001632,0.001635,0.001643,0.00164,0.001646,0.001648,0.001649,0.001651,0.001654,0.001656,0.001657,0.00166,0.001664,0.001667,0.00167,0.00167,0.001674,0.001677,0.001681,0.001682,0.001685,0.001689,0.001685,0.00169,0.001693,0.001695,0.001696,0.001699,0.001699,0.0017,0.001704,0.001706,0.001707,0.001712,0.00171,0.001713,0.001718,0.001721,0.001721,0.001725,0.001725],"unit":"A"},"J":{"value":[-0.0005558399999999999,-0.00044289,-0.00035810999999999997,-0.00028791,-0.00022841999999999998,-0.00017712,-0.00013365,-9.504e-5,-6.128999999999999e-5,-3.132e-5,-6.66e-6,1.629e-5,3.735e-5,5.4539999999999996e-5,6.894e-5,8.109e-5,9.207e-5,9.917999999999998e-5,0.00010727999999999999,0.00011367,0.00011834999999999999,0.00012213,0.00012519,0.00012762,0.00012915,0.00013049999999999997,0.00013194000000000001,0.00013311,0.00013346999999999998,0.00013455,0.00013482,0.00013599,0.00013626,0.00013670999999999998,0.00013733999999999998,0.00013779,0.00013832999999999999,0.00013878,0.00013968,0.00013995,0.0001404,0.00014103,0.00014139,0.00014166,0.00014193,0.00014229,0.00014246999999999998,0.00014273999999999998,0.00014337,0.00014372999999999998,0.00014418,0.00014445000000000001,0.00014499,0.00014508,0.00014553,0.00014589,0.00014616,0.00014652,0.00014661,0.00014688,0.00014715,0.00014786999999999998,0.00014759999999999998,0.00014813999999999997,0.00014832,0.00014841,0.00014858999999999999,0.00014886,0.00014904,0.00014913,0.0001494,0.00014975999999999998,0.00015003,0.0001503,0.0001503,0.00015066,0.00015093,0.00015129,0.00015137999999999998,0.00015165,0.00015201,0.00015165,0.0001521,0.00015237,0.00015255,0.00015264,0.00015291,0.00015291,0.00015299999999999998,0.00015335999999999998,0.00015354,0.00015363,0.00015408,0.0001539,0.00015417,0.00015461999999999998,0.00015489,0.00015489,0.00015524999999999998,0.00015524999999999998],"unit":"A\/cm2"},"voc":{"unit":"V","value":1.122516},"isc":{"unit":"A","value":1.724772},"jsc":{"unit":"mA\/cm2","value":19.164129},"fill_factor":{"unit":"%","value":70.343562},"vmax":{"unit":"V","value":0.9602},"efficiency":{"unit":"%","value":15.132334},"monitor_cell_reading":{"unit":"mV","value":0},"monitor_cell_calibration_value":{"unit":"mV","value":0},"test_device_area":{"unit":"cm2","value":0.09},"num_of_series_connected_stacks":{"unit":"","value":1},"sweep_direction":{"unit":"","value":"Reverse"},"device_id":{"unit":"","value":"DA-2-5-R"},"cell_dimension":{"unit":"cm2","value":0.09},"key":"Reverse_IV DA-2-5"},{"V":{"value":[1.25,1.2374,1.2248,1.2122,1.1996,1.187,1.1744,1.1618,1.1492,1.1366,1.124,1.1114,1.0988,1.0862,1.0736,1.061,1.0484,1.0358,1.0232,1.0106,0.998,0.9854,0.9728,0.9602,0.9476,0.935,0.9224,0.9098,0.8972,0.8846,0.872,0.8594,0.8468,0.8342,0.8216,0.809,0.7964,0.7838,0.7712,0.7586,0.746,0.7334,0.7208,0.7082,0.6956,0.683,0.6704,0.6578,0.6452,0.6326,0.62,0.6074,0.5948,0.5822,0.5696,0.557,0.5444,0.5318,0.5192,0.5066,0.494,0.4814,0.4688,0.4562,0.4436,0.431,0.4184,0.4058,0.3932,0.3806,0.368,0.3554,0.3428,0.3302,0.3176,0.305,0.2924,0.2798,0.2672,0.2546,0.242,0.2294,0.2168,0.2042,0.1916,0.179,0.1664,0.1538,0.1412,0.1286,0.116,0.1034,0.0908,0.0782,0.0656,0.053,0.0404,0.0278,0.0152,0.0026],"unit":"V"},"I":{"value":[-0.003038,-0.002346,-0.001756,-0.001239,-0.000779,-0.000387,-4.9e-5,0.000246,0.000498,0.000709,0.000884,0.001034,0.001155,0.001261,0.001347,0.001416,0.001471,0.001516,0.001553,0.001582,0.001602,0.001619,0.001631,0.001643,0.001655,0.001661,0.00167,0.001673,0.001678,0.001684,0.001687,0.001689,0.001693,0.001698,0.001699,0.001702,0.001704,0.001707,0.001709,0.001714,0.001715,0.001718,0.001721,0.001722,0.001723,0.001724,0.001727,0.001726,0.001729,0.00173,0.001733,0.001734,0.001735,0.001735,0.001736,0.001738,0.001739,0.00174,0.001741,0.001744,0.001744,0.001742,0.001744,0.001745,0.001747,0.001746,0.001748,0.001751,0.001749,0.001751,0.001752,0.001755,0.001754,0.001755,0.001756,0.001755,0.001751,0.001755,0.001756,0.001756,0.001757,0.001759,0.001759,0.00176,0.001761,0.001763,0.001764,0.001764,0.001765,0.001766,0.001766,0.001767,0.001768,0.001768,0.001769,0.001768,0.001771,0.001771,0.001772,0.001771],"unit":"A"},"J":{"value":[-0.00027341999999999997,-0.00021114,-0.00015804,-0.00011151000000000001,-7.010999999999999e-5,-3.483e-5,-4.409999999999999e-6,2.214e-5,4.4819999999999994e-5,6.381e-5,7.956e-5,9.306e-5,0.00010394999999999999,0.00011349,0.00012123,0.00012743999999999999,0.00013239,0.00013644,0.00013977,0.00014238,0.00014418,0.00014570999999999999,0.00014679,0.00014786999999999998,0.00014895,0.00014948999999999998,0.0001503,0.00015057,0.00015102,0.00015156,0.00015183,0.00015201,0.00015237,0.00015282,0.00015291,0.00015318,0.00015335999999999998,0.00015363,0.00015381,0.00015426,0.00015434999999999998,0.00015461999999999998,0.00015489,0.00015497999999999998,0.00015507,0.00015516,0.00015543,0.00015534000000000001,0.00015561,0.0001557,0.00015596999999999999,0.00015606,0.00015615,0.00015615,0.00015623999999999998,0.00015642,0.00015651,0.00015659999999999998,0.00015669,0.00015696000000000002,0.00015696000000000002,0.00015678,0.00015696000000000002,0.00015705,0.00015723,0.00015713999999999998,0.00015732,0.00015759,0.00015741,0.00015759,0.00015768,0.00015795,0.00015785999999999998,0.00015795,0.00015804,0.00015795,0.00015759,0.00015795,0.00015804,0.00015804,0.00015813,0.00015831,0.00015831,0.0001584,0.00015848999999999998,0.00015867,0.00015875999999999998,0.00015875999999999998,0.00015885,0.00015894,0.00015894,0.00015902999999999997,0.00015912,0.00015912,0.00015921,0.00015912,0.00015939,0.00015939,0.00015947999999999998,0.00015939],"unit":"A\/cm2"},"voc":{"unit":"V","value":1.175493},"isc":{"unit":"A","value":1.771291},"jsc":{"unit":"mA\/cm2","value":19.681014},"fill_factor":{"unit":"%","value":76.793283},"vmax":{"unit":"V","value":0.998},"efficiency":{"unit":"%","value":17.766046},"monitor_cell_reading":{"unit":"mV","value":0},"monitor_cell_calibration_value":{"unit":"mV","value":0},"test_device_area":{"unit":"cm2","value":0.09},"num_of_series_connected_stacks":{"unit":"","value":1},"sweep_direction":{"unit":"","value":"Reverse"},"device_id":{"unit":"","value":"DA-1-5-R"},"cell_dimension":{"unit":"cm2","value":0.09},"key":"Reverse_IV DA-1-5"},{"V":{"value":[1.25,1.2374,1.2248,1.2122,1.1996,1.187,1.1744,1.1618,1.1492,1.1366,1.124,1.1114,1.0988,1.0862,1.0736,1.061,1.0484,1.0358,1.0232,1.0106,0.998,0.9854,0.9728,0.9602,0.9476,0.935,0.9224,0.9098,0.8972,0.8846,0.872,0.8594,0.8468,0.8342,0.8216,0.809,0.7964,0.7838,0.7712,0.7586,0.746,0.7334,0.7208,0.7082,0.6956,0.683,0.6704,0.6578,0.6452,0.6326,0.62,0.6074,0.5948,0.5822,0.5696,0.557,0.5444,0.5318,0.5192,0.5066,0.494,0.4814,0.4688,0.4562,0.4436,0.431,0.4184,0.4058,0.3932,0.3806,0.368,0.3554,0.3428,0.3302,0.3176,0.305,0.2924,0.2798,0.2672,0.2546,0.242,0.2294,0.2168,0.2042,0.1916,0.179,0.1664,0.1538,0.1412,0.1286,0.116,0.1034,0.0908,0.0782,0.0656,0.053,0.0404,0.0278,0.0152,0.0026],"unit":"V"},"I":{"value":[-0.002079,-0.001585,-0.00115,-0.000765,-0.000423,-0.000122,0.000145,0.000377,0.00058,0.000755,0.000907,0.001037,0.001147,0.00124,0.001315,0.001378,0.001429,0.00147,0.001502,0.001528,0.001549,0.001565,0.001577,0.001589,0.001597,0.001608,0.001614,0.001619,0.001625,0.001631,0.001637,0.001639,0.001646,0.001648,0.001652,0.001657,0.001661,0.001665,0.00167,0.001671,0.001674,0.001674,0.001676,0.001681,0.001683,0.001686,0.001689,0.001689,0.001692,0.001694,0.001695,0.001698,0.001698,0.001699,0.001702,0.001703,0.001707,0.001707,0.001708,0.001708,0.00171,0.001711,0.001711,0.001711,0.001713,0.001714,0.001716,0.001718,0.001718,0.001719,0.001719,0.001721,0.001721,0.00172,0.001723,0.001723,0.001726,0.001728,0.001728,0.001728,0.001729,0.001731,0.001732,0.001734,0.001734,0.001733,0.001735,0.001735,0.001738,0.00174,0.001739,0.001741,0.001741,0.001743,0.001744,0.001744,0.001748,0.001749,0.001749,0.001752],"unit":"A"},"J":{"value":[-0.00018711000000000002,-0.00014265,-0.0001035,-6.884999999999999e-5,-3.807e-5,-1.098e-5,1.305e-5,3.393e-5,5.22e-5,6.795e-5,8.163e-5,9.332999999999999e-5,0.00010323,0.0001116,0.00011834999999999999,0.00012402,0.00012860999999999998,0.0001323,0.00013518,0.00013752,0.00013941,0.00014084999999999998,0.00014193,0.00014300999999999997,0.00014372999999999998,0.00014472,0.00014526,0.00014570999999999999,0.00014624999999999998,0.00014679,0.00014733,0.00014751,0.00014813999999999997,0.00014832,0.00014868,0.00014913,0.00014948999999999998,0.00014985,0.0001503,0.00015039,0.00015066,0.00015066,0.00015083999999999999,0.00015129,0.00015146999999999998,0.00015174,0.00015201,0.00015201,0.00015228,0.00015246,0.00015255,0.00015282,0.00015282,0.00015291,0.00015318,0.00015327,0.00015363,0.00015363,0.00015372,0.00015372,0.0001539,0.00015399,0.00015399,0.00015399,0.00015417,0.00015426,0.00015444,0.00015461999999999998,0.00015461999999999998,0.00015471,0.00015471,0.00015489,0.00015489,0.0001548,0.00015507,0.00015507,0.00015534000000000001,0.00015552,0.00015552,0.00015552,0.00015561,0.00015579,0.00015588,0.00015606,0.00015606,0.00015596999999999999,0.00015615,0.00015615,0.00015642,0.00015659999999999998,0.00015651,0.00015669,0.00015669,0.00015686999999999998,0.00015696000000000002,0.00015696000000000002,0.00015732,0.00015741,0.00015741,0.00015768],"unit":"A\/cm2"},"voc":{"unit":"V","value":1.183063},"isc":{"unit":"A","value":1.751658},"jsc":{"unit":"mA\/cm2","value":19.462871},"fill_factor":{"unit":"%","value":74.575913},"vmax":{"unit":"V","value":0.998},"efficiency":{"unit":"%","value":17.171708},"monitor_cell_reading":{"unit":"mV","value":0},"monitor_cell_calibration_value":{"unit":"mV","value":0},"test_device_area":{"unit":"cm2","value":0.09},"num_of_series_connected_stacks":{"unit":"","value":1},"sweep_direction":{"unit":"","value":"Reverse"},"device_id":{"unit":"","value":"DA-1-4-R"},"cell_dimension":{"unit":"cm2","value":0.09},"key":"Reverse_IV DA-1-4"},{"V":{"value":[1.25,1.2374,1.2248,1.2122,1.1996,1.187,1.1744,1.1618,1.1492,1.1366,1.124,1.1114,1.0988,1.0862,1.0736,1.061,1.0484,1.0358,1.0232,1.0106,0.998,0.9854,0.9728,0.9602,0.9476,0.935,0.9224,0.9098,0.8972,0.8846,0.872,0.8594,0.8468,0.8342,0.8216,0.809,0.7964,0.7838,0.7712,0.7586,0.746,0.7334,0.7208,0.7082,0.6956,0.683,0.6704,0.6578,0.6452,0.6326,0.62,0.6074,0.5948,0.5822,0.5696,0.557,0.5444,0.5318,0.5192,0.5066,0.494,0.4814,0.4688,0.4562,0.4436,0.431,0.4184,0.4058,0.3932,0.3806,0.368,0.3554,0.3428,0.3302,0.3176,0.305,0.2924,0.2798,0.2672,0.2546,0.242,0.2294,0.2168,0.2042,0.1916,0.179,0.1664,0.1538,0.1412,0.1286,0.116,0.1034,0.0908,0.0782,0.0656,0.053,0.0404,0.0278,0.0152,0.0026],"unit":"V"},"I":{"value":[-0.002261,-0.001691,-0.001196,-0.000762,-0.000381,-4.6e-5,0.000246,0.000494,0.000707,0.000886,0.001035,0.001161,0.001261,0.001342,0.001407,0.001458,0.001499,0.001532,0.001554,0.001575,0.001591,0.001604,0.001614,0.00162,0.001631,0.001635,0.00164,0.001649,0.001652,0.001656,0.001661,0.001664,0.001669,0.001673,0.001674,0.001679,0.00168,0.001684,0.001686,0.001688,0.001692,0.001693,0.001695,0.001697,0.0017,0.001701,0.001702,0.001705,0.001705,0.001708,0.001708,0.001707,0.001712,0.001713,0.001714,0.001718,0.001715,0.001716,0.001718,0.001719,0.001721,0.001722,0.001724,0.001724,0.001725,0.001726,0.001727,0.001728,0.001729,0.00173,0.001733,0.001733,0.001734,0.001735,0.001736,0.001737,0.001738,0.001737,0.001741,0.001743,0.001741,0.001745,0.001744,0.001746,0.001749,0.001751,0.001748,0.00175,0.001753,0.001752,0.001753,0.001757,0.001757,0.001759,0.001757,0.001761,0.001763,0.001762,0.001766,0.001765],"unit":"A"},"J":{"value":[-0.00020349,-0.00015219,-0.00010763999999999999,-6.858e-5,-3.429e-5,-4.14e-6,2.214e-5,4.446e-5,6.363e-5,7.973999999999999e-5,9.314999999999999e-5,0.00010448999999999998,0.00011349,0.00012078,0.00012663,0.00013122,0.00013491,0.00013788,0.00013986,0.00014175,0.00014319,0.00014435999999999998,0.00014526,0.0001458,0.00014679,0.00014715,0.00014759999999999998,0.00014841,0.00014868,0.00014904,0.00014948999999999998,0.00014975999999999998,0.00015021,0.00015057,0.00015066,0.00015110999999999998,0.0001512,0.00015156,0.00015174,0.00015192,0.00015228,0.00015237,0.00015255,0.00015272999999999998,0.00015299999999999998,0.00015308999999999999,0.00015318,0.00015345,0.00015345,0.00015372,0.00015372,0.00015363,0.00015408,0.00015417,0.00015426,0.00015461999999999998,0.00015434999999999998,0.00015444,0.00015461999999999998,0.00015471,0.00015489,0.00015497999999999998,0.00015516,0.00015516,0.00015524999999999998,0.00015534000000000001,0.00015543,0.00015552,0.00015561,0.0001557,0.00015596999999999999,0.00015596999999999999,0.00015606,0.00015615,0.00015623999999999998,0.00015633,0.00015642,0.00015633,0.00015669,0.00015686999999999998,0.00015669,0.00015705,0.00015696000000000002,0.00015713999999999998,0.00015741,0.00015759,0.00015732,0.0001575,0.00015777,0.00015768,0.00015777,0.00015813,0.00015813,0.00015831,0.00015813,0.00015848999999999998,0.00015867,0.00015858,0.00015894,0.00015885],"unit":"A\/cm2"},"voc":{"unit":"V","value":1.188134},"isc":{"unit":"A","value":1.765101},"jsc":{"unit":"mA\/cm2","value":19.612234},"fill_factor":{"unit":"%","value":75.904606},"vmax":{"unit":"V","value":1.0106},"efficiency":{"unit":"%","value":17.687265},"monitor_cell_reading":{"unit":"mV","value":0},"monitor_cell_calibration_value":{"unit":"mV","value":0},"test_device_area":{"unit":"cm2","value":0.09},"num_of_series_connected_stacks":{"unit":"","value":1},"sweep_direction":{"unit":"","value":"Reverse"},"device_id":{"unit":"","value":"DA-1-3-R"},"cell_dimension":{"unit":"cm2","value":0.09},"key":"Reverse_IV DA-1-3"},{"V":{"value":[1.25,1.2374,1.2248,1.2122,1.1996,1.187,1.1744,1.1618,1.1492,1.1366,1.124,1.1114,1.0988,1.0862,1.0736,1.061,1.0484,1.0358,1.0232,1.0106,0.998,0.9854,0.9728,0.9602,0.9476,0.935,0.9224,0.9098,0.8972,0.8846,0.872,0.8594,0.8468,0.8342,0.8216,0.809,0.7964,0.7838,0.7712,0.7586,0.746,0.7334,0.7208,0.7082,0.6956,0.683,0.6704,0.6578,0.6452,0.6326,0.62,0.6074,0.5948,0.5822,0.5696,0.557,0.5444,0.5318,0.5192,0.5066,0.494,0.4814,0.4688,0.4562,0.4436,0.431,0.4184,0.4058,0.3932,0.3806,0.368,0.3554,0.3428,0.3302,0.3176,0.305,0.2924,0.2798,0.2672,0.2546,0.242,0.2294,0.2168,0.2042,0.1916,0.179,0.1664,0.1538,0.1412,0.1286,0.116,0.1034,0.0908,0.0782,0.0656,0.053,0.0404,0.0278,0.0152,0.0026],"unit":"V"},"I":{"value":[-0.002045,-0.001521,-0.001066,-0.000667,-0.000321,-1.9e-5,0.000243,0.000468,0.000659,0.000819,0.000954,0.001064,0.001158,0.001235,0.001297,0.001347,0.001386,0.001419,0.001444,0.001464,0.00148,0.001495,0.001508,0.001516,0.001525,0.001532,0.001537,0.001546,0.001551,0.001557,0.001563,0.001569,0.001575,0.001579,0.001583,0.001586,0.00159,0.001594,0.001596,0.001599,0.001604,0.001605,0.001607,0.001611,0.001613,0.001616,0.001617,0.001617,0.001621,0.001622,0.001625,0.001627,0.00163,0.001632,0.001633,0.001633,0.001634,0.001637,0.00164,0.00164,0.001642,0.001645,0.001645,0.001648,0.001647,0.00165,0.001651,0.001654,0.001653,0.001655,0.001657,0.001659,0.001659,0.001661,0.001661,0.001664,0.001666,0.001668,0.001671,0.001672,0.001672,0.001672,0.001675,0.001678,0.001681,0.001681,0.001683,0.001686,0.001689,0.001689,0.001691,0.001692,0.001695,0.001697,0.001699,0.001702,0.001703,0.001704,0.001705,0.001707],"unit":"A"},"J":{"value":[-0.00018405,-0.00013689,-9.594e-5,-6.002999999999999e-5,-2.889e-5,-1.71e-6,2.187e-5,4.2119999999999997e-5,5.930999999999999e-5,7.371e-5,8.586e-5,9.576e-5,0.00010421999999999999,0.00011114999999999999,0.00011672999999999999,0.00012123,0.00012474,0.00012770999999999998,0.00012995999999999998,0.00013176,0.00013319999999999999,0.00013455,0.00013572,0.00013644,0.00013725,0.00013788,0.00013832999999999999,0.00013914,0.00013959,0.00014013,0.00014067,0.00014121,0.00014175,0.00014211,0.00014246999999999998,0.00014273999999999998,0.0001431,0.00014345999999999999,0.00014364,0.00014391,0.00014435999999999998,0.00014445000000000001,0.00014462999999999998,0.00014499,0.00014517,0.00014544,0.00014553,0.00014553,0.00014589,0.00014597999999999998,0.00014624999999999998,0.00014643,0.0001467,0.00014688,0.00014696999999999998,0.00014696999999999998,0.00014706,0.00014733,0.00014759999999999998,0.00014759999999999998,0.00014778,0.00014805,0.00014805,0.00014832,0.00014823,0.0001485,0.00014858999999999999,0.00014886,0.00014877,0.00014895,0.00014913,0.00014931,0.00014931,0.00014948999999999998,0.00014948999999999998,0.00014975999999999998,0.00014994,0.00015012,0.00015039,0.00015048,0.00015048,0.00015048,0.00015075,0.00015102,0.00015129,0.00015129,0.00015146999999999998,0.00015174,0.00015201,0.00015201,0.00015219,0.00015228,0.00015255,0.00015272999999999998,0.00015291,0.00015318,0.00015327,0.00015335999999999998,0.00015345,0.00015363],"unit":"A\/cm2"},"voc":{"unit":"V","value":1.18938},"isc":{"unit":"A","value":1.70729},"jsc":{"unit":"mA\/cm2","value":18.969892},"fill_factor":{"unit":"%","value":72.849109},"vmax":{"unit":"V","value":1.0106},"efficiency":{"unit":"%","value":16.436515},"monitor_cell_reading":{"unit":"mV","value":0},"monitor_cell_calibration_value":{"unit":"mV","value":0},"test_device_area":{"unit":"cm2","value":0.09},"num_of_series_connected_stacks":{"unit":"","value":1},"sweep_direction":{"unit":"","value":"Reverse"},"device_id":{"unit":"","value":"DA-1-2-R"},"cell_dimension":{"unit":"cm2","value":0.09},"key":"Reverse_IV DA-1-2"},{"V":{"value":[-0.01,0.0026,0.0152,0.0278,0.0404,0.053,0.0656,0.0782,0.0908,0.1034,0.116,0.1286,0.1412,0.1538,0.1664,0.179,0.1916,0.2042,0.2168,0.2294,0.242,0.2546,0.2672,0.2798,0.2924,0.305,0.3176,0.3302,0.3428,0.3554,0.368,0.3806,0.3932,0.4058,0.4184,0.431,0.4436,0.4562,0.4688,0.4814,0.494,0.5066,0.5192,0.5318,0.5444,0.557,0.5696,0.5822,0.5948,0.6074,0.62,0.6326,0.6452,0.6578,0.6704,0.683,0.6956,0.7082,0.7208,0.7334,0.746,0.7586,0.7712,0.7838,0.7964,0.809,0.8216,0.8342,0.8468,0.8594,0.872,0.8846,0.8972,0.9098,0.9224,0.935,0.9476,0.9602,0.9728,0.9854,0.998,1.0106,1.0232,1.0358,1.0484,1.061,1.0736,1.0862,1.0988,1.1114,1.124,1.1366,1.1492,1.1618,1.1744,1.187,1.1996,1.2122,1.2248,1.2374],"unit":"V"},"I":{"value":[0.001062,0.001058,0.001063,0.001065,0.001069,0.001069,0.001071,0.001072,0.001074,0.001075,0.001074,0.001077,0.001077,0.001076,0.001077,0.001078,0.001078,0.001077,0.001076,0.001079,0.001076,0.001075,0.001075,0.001073,0.001072,0.001072,0.001071,0.00107,0.001069,0.001069,0.001067,0.001067,0.001065,0.001062,0.00106,0.001059,0.00106,0.001058,0.001055,0.001054,0.00105,0.001051,0.00105,0.001046,0.001044,0.001043,0.001041,0.001039,0.001034,0.001032,0.001031,0.001027,0.001025,0.00102,0.001018,0.001016,0.001012,0.001008,0.001004,0.001002,0.000997,0.000991,0.000987,0.000982,0.000977,0.000972,0.000964,0.000957,0.000952,0.000944,0.000936,0.000929,0.000918,0.00091,0.000899,0.000887,0.000874,0.00086,0.000842,0.000825,0.000804,0.000779,0.000751,0.000716,0.000674,0.000625,0.000564,0.000489,0.000399,0.000293,0.000163,3.5e-5,-0.000132,-0.00035,-0.000604,-0.000899,-0.001201,-0.001604,-0.002052,-0.002548],"unit":"A"},"J":{"value":[9.558e-5,9.521999999999999e-5,9.566999999999998e-5,9.585e-5,9.621e-5,9.621e-5,9.638999999999999e-5,9.648e-5,9.666e-5,9.675e-5,9.666e-5,9.693e-5,9.693e-5,9.683999999999999e-5,9.693e-5,9.701999999999999e-5,9.701999999999999e-5,9.693e-5,9.683999999999999e-5,9.711000000000001e-5,9.683999999999999e-5,9.675e-5,9.675e-5,9.656999999999999e-5,9.648e-5,9.648e-5,9.638999999999999e-5,9.63e-5,9.621e-5,9.621e-5,9.603e-5,9.603e-5,9.585e-5,9.558e-5,9.539999999999999e-5,9.531e-5,9.539999999999999e-5,9.521999999999999e-5,9.494999999999999e-5,9.486e-5,9.449999999999999e-5,9.459e-5,9.449999999999999e-5,9.414e-5,9.396e-5,9.387000000000001e-5,9.369e-5,9.350999999999999e-5,9.306e-5,9.287999999999999e-5,9.279e-5,9.243e-5,9.225e-5,9.180000000000001e-5,9.162e-5,9.143999999999999e-5,9.108e-5,9.072e-5,9.035999999999998e-5,9.018000000000001e-5,8.973e-5,8.918999999999999e-5,8.883e-5,8.838e-5,8.793e-5,8.748e-5,8.676e-5,8.612999999999999e-5,8.568e-5,8.496e-5,8.423999999999999e-5,8.361e-5,8.261999999999999e-5,8.19e-5,8.091e-5,7.983e-5,7.866e-5,7.74e-5,7.578e-5,7.425e-5,7.236e-5,7.010999999999999e-5,6.759e-5,6.444e-5,6.066e-5,5.625e-5,5.076e-5,4.4009999999999994e-5,3.591e-5,2.637e-5,1.467e-5,3.1499999999999995e-6,-1.188e-5,-3.15e-5,-5.436e-5,-8.091e-5,-0.00010809,-0.00014435999999999998,-0.00018468,-0.00022931999999999998],"unit":"A\/cm2"},"voc":{"unit":"V","value":1.142498},"isc":{"unit":"A","value":1.057789},"jsc":{"unit":"mA\/cm2","value":11.753213},"fill_factor":{"unit":"%","value":68.635473},"vmax":{"unit":"V","value":0.9224},"efficiency":{"unit":"%","value":9.216388},"monitor_cell_reading":{"unit":"mV","value":0},"monitor_cell_calibration_value":{"unit":"mV","value":0},"test_device_area":{"unit":"cm2","value":0.09},"num_of_series_connected_stacks":{"unit":"","value":1},"sweep_direction":{"unit":"","value":"Forward"},"device_id":{"unit":"","value":"DA-MABr-1-2-F"},"cell_dimension":{"unit":"cm2","value":0.09},"key":"Forward_IV DA-MABr-1-2"},{"V":{"value":[-0.01,0.0026,0.0152,0.0278,0.0404,0.053,0.0656,0.0782,0.0908,0.1034,0.116,0.1286,0.1412,0.1538,0.1664,0.179,0.1916,0.2042,0.2168,0.2294,0.242,0.2546,0.2672,0.2798,0.2924,0.305,0.3176,0.3302,0.3428,0.3554,0.368,0.3806,0.3932,0.4058,0.4184,0.431,0.4436,0.4562,0.4688,0.4814,0.494,0.5066,0.5192,0.5318,0.5444,0.557,0.5696,0.5822,0.5948,0.6074,0.62,0.6326,0.6452,0.6578,0.6704,0.683,0.6956,0.7082,0.7208,0.7334,0.746,0.7586,0.7712,0.7838,0.7964,0.809,0.8216,0.8342,0.8468,0.8594,0.872,0.8846,0.8972,0.9098,0.9224,0.935,0.9476,0.9602,0.9728,0.9854,0.998,1.0106,1.0232,1.0358,1.0484,1.061,1.0736,1.0862,1.0988,1.1114,1.124,1.1366,1.1492,1.1618,1.1744,1.187,1.1996,1.2122,1.2248,1.2374],"unit":"V"},"I":{"value":[0.001849,0.001753,0.001737,0.001722,0.001712,0.001702,0.001694,0.001683,0.001677,0.001666,0.00166,0.001649,0.001637,0.001633,0.001624,0.001621,0.001612,0.001603,0.001592,0.001584,0.001575,0.001576,0.001566,0.001558,0.00155,0.001541,0.001535,0.001524,0.001525,0.001515,0.001504,0.0015,0.00149,0.001483,0.001475,0.001469,0.001464,0.001454,0.001449,0.00144,0.001428,0.001422,0.001416,0.001408,0.001398,0.001384,0.001382,0.001369,0.001367,0.001359,0.001353,0.001345,0.001338,0.00133,0.001322,0.001314,0.001303,0.001302,0.00129,0.001279,0.001271,0.001264,0.001255,0.001239,0.001224,0.001218,0.001207,0.001198,0.001185,0.001174,0.001158,0.00115,0.001136,0.001121,0.001101,0.001084,0.001062,0.001034,0.001001,0.000961,0.000911,0.000851,0.000786,0.000714,0.000623,0.00052,0.000405,0.000283,0.000134,1.5e-5,-0.000107,-0.000326,-0.000556,-0.000816,-0.000948,-0.001307,-0.001663,-0.00207,-0.002489,-0.002962],"unit":"A"},"J":{"value":[0.00016641,0.00015777,0.00015633,0.00015497999999999998,0.00015408,0.00015318,0.00015246,0.00015146999999999998,0.00015093,0.00014994,0.0001494,0.00014841,0.00014733,0.00014696999999999998,0.00014616,0.00014589,0.00014508,0.00014427,0.00014328,0.00014256,0.00014175,0.00014183999999999998,0.00014094,0.00014021999999999998,0.0001395,0.00013869,0.00013815,0.00013716,0.00013725,0.00013635,0.00013535999999999998,0.000135,0.0001341,0.00013346999999999998,0.00013275,0.00013221,0.00013176,0.00013086,0.00013041,0.0001296,0.00012852,0.00012798,0.00012743999999999999,0.00012671999999999998,0.00012581999999999998,0.00012456,0.00012438,0.00012321,0.00012303,0.00012230999999999999,0.00012177,0.00012105,0.00012041999999999999,0.0001197,0.00011898,0.00011826,0.00011727,0.00011718,0.00011609999999999999,0.00011510999999999999,0.00011439,0.00011376,0.00011295,0.00011151000000000001,0.00011016,0.00010961999999999998,0.00010863,0.00010782000000000001,0.00010665,0.00010565999999999999,0.00010421999999999999,0.0001035,0.00010224,0.00010089,9.908999999999999e-5,9.755999999999998e-5,9.558e-5,9.306e-5,9.008999999999999e-5,8.649000000000001e-5,8.198999999999999e-5,7.659e-5,7.074e-5,6.426e-5,5.607e-5,4.679999999999999e-5,3.645e-5,2.547e-5,1.206e-5,1.35e-6,-9.63e-6,-2.934e-5,-5.0039999999999995e-5,-7.344e-5,-8.531999999999999e-5,-0.00011763,-0.00014967,-0.00018629999999999997,-0.00022401,-0.00026658],"unit":"A\/cm2"},"voc":{"unit":"V","value":1.118139},"isc":{"unit":"A","value":1.753221},"jsc":{"unit":"mA\/cm2","value":19.480231},"fill_factor":{"unit":"%","value":52.005777},"vmax":{"unit":"V","value":0.9098},"efficiency":{"unit":"%","value":11.327696},"monitor_cell_reading":{"unit":"mV","value":0},"monitor_cell_calibration_value":{"unit":"mV","value":0},"test_device_area":{"unit":"cm2","value":0.09},"num_of_series_connected_stacks":{"unit":"","value":1},"sweep_direction":{"unit":"","value":"Forward"},"device_id":{"unit":"","value":"DA-2-2-F"},"cell_dimension":{"unit":"cm2","value":0.09},"key":"Forward_IV DA-2-2"},{"V":{"value":[-0.01,0.0026,0.0152,0.0278,0.0404,0.053,0.0656,0.0782,0.0908,0.1034,0.116,0.1286,0.1412,0.1538,0.1664,0.179,0.1916,0.2042,0.2168,0.2294,0.242,0.2546,0.2672,0.2798,0.2924,0.305,0.3176,0.3302,0.3428,0.3554,0.368,0.3806,0.3932,0.4058,0.4184,0.431,0.4436,0.4562,0.4688,0.4814,0.494,0.5066,0.5192,0.5318,0.5444,0.557,0.5696,0.5822,0.5948,0.6074,0.62,0.6326,0.6452,0.6578,0.6704,0.683,0.6956,0.7082,0.7208,0.7334,0.746,0.7586,0.7712,0.7838,0.7964,0.809,0.8216,0.8342,0.8468,0.8594,0.872,0.8846,0.8972,0.9098,0.9224,0.935,0.9476,0.9602,0.9728,0.9854,0.998,1.0106,1.0232,1.0358,1.0484,1.061,1.0736,1.0862,1.0988,1.1114,1.124,1.1366,1.1492,1.1618,1.1744,1.187,1.1996,1.2122,1.2248,1.2374],"unit":"V"},"I":{"value":[0.00179,0.001783,0.001777,0.001773,0.001771,0.00177,0.001769,0.001768,0.001767,0.001765,0.001764,0.001763,0.001761,0.001761,0.001758,0.001758,0.001757,0.001756,0.001757,0.001755,0.001756,0.001755,0.001754,0.001753,0.001752,0.001751,0.001753,0.00175,0.001751,0.00175,0.00175,0.00175,0.001749,0.001748,0.001748,0.001746,0.001745,0.001746,0.001746,0.001744,0.001742,0.001738,0.00174,0.001738,0.001739,0.001738,0.001736,0.001734,0.001734,0.001734,0.001731,0.001731,0.001727,0.001728,0.001725,0.001723,0.001721,0.00172,0.001718,0.001715,0.001712,0.00171,0.001708,0.001705,0.001702,0.001698,0.001696,0.001691,0.001686,0.001682,0.001679,0.001672,0.001666,0.00166,0.001654,0.001643,0.00163,0.001614,0.001596,0.001577,0.001545,0.001517,0.001476,0.001428,0.001368,0.001297,0.001214,0.001116,0.001012,0.000878,0.000723,0.000541,0.000339,0.000104,-0.000163,-0.000462,-0.0008,-0.001117,-0.001557,-0.002031],"unit":"A"},"J":{"value":[0.00016109999999999999,0.00016047000000000001,0.00015993,0.00015957,0.00015939,0.0001593,0.00015921,0.00015912,0.00015902999999999997,0.00015885,0.00015875999999999998,0.00015867,0.00015848999999999998,0.00015848999999999998,0.00015821999999999999,0.00015821999999999999,0.00015813,0.00015804,0.00015813,0.00015795,0.00015804,0.00015795,0.00015785999999999998,0.00015777,0.00015768,0.00015759,0.00015777,0.0001575,0.00015759,0.0001575,0.0001575,0.0001575,0.00015741,0.00015732,0.00015732,0.00015713999999999998,0.00015705,0.00015713999999999998,0.00015713999999999998,0.00015696000000000002,0.00015678,0.00015642,0.00015659999999999998,0.00015642,0.00015651,0.00015642,0.00015623999999999998,0.00015606,0.00015606,0.00015606,0.00015579,0.00015579,0.00015543,0.00015552,0.00015524999999999998,0.00015507,0.00015489,0.0001548,0.00015461999999999998,0.00015434999999999998,0.00015408,0.0001539,0.00015372,0.00015345,0.00015318,0.00015282,0.00015264,0.00015219,0.00015174,0.00015137999999999998,0.00015110999999999998,0.00015048,0.00014994,0.0001494,0.00014886,0.00014786999999999998,0.0001467,0.00014526,0.00014364,0.00014193,0.00013905,0.00013653,0.00013284,0.00012852,0.00012312,0.00011672999999999999,0.00010926,0.00010044,9.108e-5,7.902e-5,6.507e-5,4.869e-5,3.0509999999999998e-5,9.359999999999998e-6,-1.467e-5,-4.158e-5,-7.2e-5,-0.00010052999999999999,-0.00014013,-0.00018278999999999998],"unit":"A\/cm2"},"voc":{"unit":"V","value":1.168247},"isc":{"unit":"A","value":1.782767},"jsc":{"unit":"mA\/cm2","value":19.808527},"fill_factor":{"unit":"%","value":74.595874},"vmax":{"unit":"V","value":0.9854},"efficiency":{"unit":"%","value":17.262426},"monitor_cell_reading":{"unit":"mV","value":0},"monitor_cell_calibration_value":{"unit":"mV","value":0},"test_device_area":{"unit":"cm2","value":0.09},"num_of_series_connected_stacks":{"unit":"","value":1},"sweep_direction":{"unit":"","value":"Forward"},"device_id":{"unit":"","value":"DA-1-5-F"},"cell_dimension":{"unit":"cm2","value":0.09},"key":"Forward_IV DA-1-5"},{"V":{"value":[-0.01,0.0026,0.0152,0.0278,0.0404,0.053,0.0656,0.0782,0.0908,0.1034,0.116,0.1286,0.1412,0.1538,0.1664,0.179,0.1916,0.2042,0.2168,0.2294,0.242,0.2546,0.2672,0.2798,0.2924,0.305,0.3176,0.3302,0.3428,0.3554,0.368,0.3806,0.3932,0.4058,0.4184,0.431,0.4436,0.4562,0.4688,0.4814,0.494,0.5066,0.5192,0.5318,0.5444,0.557,0.5696,0.5822,0.5948,0.6074,0.62,0.6326,0.6452,0.6578,0.6704,0.683,0.6956,0.7082,0.7208,0.7334,0.746,0.7586,0.7712,0.7838,0.7964,0.809,0.8216,0.8342,0.8468,0.8594,0.872,0.8846,0.8972,0.9098,0.9224,0.935,0.9476,0.9602,0.9728,0.9854,0.998,1.0106,1.0232,1.0358,1.0484,1.061,1.0736,1.0862,1.0988,1.1114,1.124,1.1366,1.1492,1.1618,1.1744,1.187,1.1996,1.2122,1.2248,1.2374],"unit":"V"},"I":{"value":[0.001778,0.001771,0.001763,0.001762,0.001758,0.001754,0.001756,0.001755,0.001754,0.001756,0.001754,0.001753,0.001751,0.001752,0.001752,0.001752,0.001751,0.001751,0.001751,0.001748,0.001747,0.001739,0.00174,0.001741,0.00174,0.001741,0.001742,0.001739,0.001737,0.001736,0.001736,0.001736,0.001732,0.001735,0.001734,0.001735,0.001734,0.00173,0.001731,0.001727,0.001726,0.001725,0.001704,0.001709,0.001709,0.001712,0.00171,0.001708,0.001709,0.001708,0.001706,0.001702,0.001701,0.0017,0.001699,0.001692,0.001691,0.00169,0.001686,0.001685,0.001685,0.001684,0.001673,0.001678,0.001672,0.001673,0.001671,0.001664,0.001656,0.001657,0.00165,0.001646,0.00164,0.001635,0.001634,0.001625,0.001617,0.001607,0.001594,0.00158,0.001563,0.001543,0.001519,0.001485,0.001447,0.001403,0.001346,0.001279,0.001191,0.001092,0.000978,0.000833,0.000661,0.000454,0.000211,-7.2e-5,-0.000402,-0.000788,-0.001242,-0.001755],"unit":"A"},"J":{"value":[0.00016002,0.00015939,0.00015867,0.00015858,0.00015821999999999999,0.00015785999999999998,0.00015804,0.00015795,0.00015785999999999998,0.00015804,0.00015785999999999998,0.00015777,0.00015759,0.00015768,0.00015768,0.00015768,0.00015759,0.00015759,0.00015759,0.00015732,0.00015723,0.00015651,0.00015659999999999998,0.00015669,0.00015659999999999998,0.00015669,0.00015678,0.00015651,0.00015633,0.00015623999999999998,0.00015623999999999998,0.00015623999999999998,0.00015588,0.00015615,0.00015606,0.00015615,0.00015606,0.0001557,0.00015579,0.00015543,0.00015534000000000001,0.00015524999999999998,0.00015335999999999998,0.00015381,0.00015381,0.00015408,0.0001539,0.00015372,0.00015381,0.00015372,0.00015354,0.00015318,0.00015308999999999999,0.00015299999999999998,0.00015291,0.00015228,0.00015219,0.0001521,0.00015174,0.00015165,0.00015165,0.00015156,0.00015057,0.00015102,0.00015048,0.00015057,0.00015039,0.00014975999999999998,0.00014904,0.00014913,0.0001485,0.00014813999999999997,0.00014759999999999998,0.00014715,0.00014706,0.00014624999999999998,0.00014553,0.00014462999999999998,0.00014345999999999999,0.0001422,0.00014067,0.00013887,0.00013670999999999998,0.00013365,0.00013022999999999998,0.00012627,0.00012114,0.00011510999999999999,0.00010719,9.828e-5,8.801999999999999e-5,7.497e-5,5.949e-5,4.086e-5,1.899e-5,-6.48e-6,-3.618e-5,-7.091999999999999e-5,-0.00011178,-0.00015795],"unit":"A\/cm2"},"voc":{"unit":"V","value":1.187935},"isc":{"unit":"A","value":1.77081},"jsc":{"unit":"mA\/cm2","value":19.675667},"fill_factor":{"unit":"%","value":74.175958},"vmax":{"unit":"V","value":0.998},"efficiency":{"unit":"%","value":17.337452},"monitor_cell_reading":{"unit":"mV","value":0},"monitor_cell_calibration_value":{"unit":"mV","value":0},"test_device_area":{"unit":"cm2","value":0.09},"num_of_series_connected_stacks":{"unit":"","value":1},"sweep_direction":{"unit":"","value":"Forward"},"device_id":{"unit":"","value":"DA-1-3-F"},"cell_dimension":{"unit":"cm2","value":0.09},"key":"Forward_IV DA-1-3"},{"V":{"value":[-0.01,0.0026,0.0152,0.0278,0.0404,0.053,0.0656,0.0782,0.0908,0.1034,0.116,0.1286,0.1412,0.1538,0.1664,0.179,0.1916,0.2042,0.2168,0.2294,0.242,0.2546,0.2672,0.2798,0.2924,0.305,0.3176,0.3302,0.3428,0.3554,0.368,0.3806,0.3932,0.4058,0.4184,0.431,0.4436,0.4562,0.4688,0.4814,0.494,0.5066,0.5192,0.5318,0.5444,0.557,0.5696,0.5822,0.5948,0.6074,0.62,0.6326,0.6452,0.6578,0.6704,0.683,0.6956,0.7082,0.7208,0.7334,0.746,0.7586,0.7712,0.7838,0.7964,0.809,0.8216,0.8342,0.8468,0.8594,0.872,0.8846,0.8972,0.9098,0.9224,0.935,0.9476,0.9602,0.9728,0.9854,0.998,1.0106,1.0232,1.0358,1.0484,1.061,1.0736,1.0862,1.0988,1.1114,1.124,1.1366,1.1492,1.1618,1.1744,1.187,1.1996,1.2122,1.2248,1.2374],"unit":"V"},"I":{"value":[0.001717,0.001711,0.001704,0.001701,0.001699,0.001696,0.001695,0.001695,0.001693,0.001691,0.001689,0.001689,0.001687,0.001687,0.001687,0.001684,0.001686,0.001684,0.001684,0.001683,0.001681,0.001681,0.001681,0.001683,0.001681,0.00168,0.001676,0.001676,0.001677,0.001675,0.001673,0.001672,0.001673,0.001672,0.001658,0.001655,0.001651,0.00165,0.00165,0.001647,0.001649,0.001645,0.00164,0.00164,0.001638,0.001636,0.001636,0.001635,0.00163,0.001629,0.001627,0.001631,0.001627,0.001625,0.001627,0.001624,0.001621,0.001618,0.001578,0.001589,0.001584,0.001583,0.001581,0.00159,0.001585,0.001584,0.001582,0.001573,0.001571,0.001566,0.001562,0.001555,0.001547,0.001542,0.001533,0.001523,0.001513,0.001502,0.001488,0.001472,0.001451,0.00143,0.001401,0.001366,0.001323,0.001276,0.001215,0.001147,0.001062,0.000973,0.000858,0.000724,0.000569,0.000386,0.000174,-5.5e-5,-0.000318,-0.000646,-0.001019,-0.001429],"unit":"A"},"J":{"value":[0.00015453,0.00015399,0.00015335999999999998,0.00015308999999999999,0.00015291,0.00015264,0.00015255,0.00015255,0.00015237,0.00015219,0.00015201,0.00015201,0.00015183,0.00015183,0.00015183,0.00015156,0.00015174,0.00015156,0.00015156,0.00015146999999999998,0.00015129,0.00015129,0.00015129,0.00015146999999999998,0.00015129,0.0001512,0.00015083999999999999,0.00015083999999999999,0.00015093,0.00015075,0.00015057,0.00015048,0.00015057,0.00015048,0.00014921999999999998,0.00014895,0.00014858999999999999,0.0001485,0.0001485,0.00014823,0.00014841,0.00014805,0.00014759999999999998,0.00014759999999999998,0.00014742,0.00014724,0.00014724,0.00014715,0.0001467,0.00014661,0.00014643,0.00014679,0.00014643,0.00014624999999999998,0.00014643,0.00014616,0.00014589,0.00014562,0.00014202,0.00014300999999999997,0.00014256,0.00014246999999999998,0.00014229,0.0001431,0.00014265,0.00014256,0.00014238,0.00014157,0.00014139,0.00014094,0.00014057999999999999,0.00013995,0.00013922999999999998,0.00013878,0.00013797,0.00013707,0.00013617,0.00013518,0.00013392,0.00013248,0.00013059,0.0001287,0.00012608999999999998,0.00012293999999999999,0.00011907,0.00011483999999999999,0.00010934999999999999,0.00010323,9.558e-5,8.757e-5,7.722e-5,6.516e-5,5.120999999999999e-5,3.4739999999999996e-5,1.566e-5,-4.95e-6,-2.8619999999999997e-5,-5.8139999999999996e-5,-9.170999999999999e-5,-0.00012860999999999998],"unit":"A\/cm2"},"voc":{"unit":"V","value":1.188454},"isc":{"unit":"A","value":1.710872},"jsc":{"unit":"mA\/cm2","value":19.009691},"fill_factor":{"unit":"%","value":71.346043},"vmax":{"unit":"V","value":0.9854},"efficiency":{"unit":"%","value":16.118595},"monitor_cell_reading":{"unit":"mV","value":0},"monitor_cell_calibration_value":{"unit":"mV","value":0},"test_device_area":{"unit":"cm2","value":0.09},"num_of_series_connected_stacks":{"unit":"","value":1},"sweep_direction":{"unit":"","value":"Forward"},"device_id":{"unit":"","value":"DA-1-2-F"},"cell_dimension":{"unit":"cm2","value":0.09},"key":"Forward_IV DA-1-2"}],"UVVIS":[{"wavelength":{"value":[190,191,192,193,194,195,196,197,198,199,200,201,202,203,204,205,206,207,208,209,210,211,212,213,214,215,216,217,218,219,220,221,222,223,224,225,226,227,228,229,230,231,232,233,234,235,236,237,238,239,240,241,242,243,244,245,246,247,248,249,250,251,252,253,254,255,256,257,258,259,260,261,262,263,264,265,266,267,268,269,270,271,272,273,274,275,276,277,278,279,280,281,282,283,284,285,286,287,288,289,290,291,292,293,294,295,296,297,298,299,300,301,302,303,304,305,306,307,308,309,310,311,312,313,314,315,316,317,318,319,320,321,322,323,324,325,326,327,328,329,330,331,332,333,334,335,336,337,338,339,340,341,342,343,344,345,346,347,348,349,350,351,352,353,354,355,356,357,358,359,360,361,362,363,364,365,366,367,368,369,370,371,372,373,374,375,376,377,378,379,380,381,382,383,384,385,386,387,388,389,390,391,392,393,394,395,396,397,398,399,400,401,402,403,404,405,406,407,408,409,410,411,412,413,414,415,416,417,418,419,420,421,422,423,424,425,426,427,428,429,430,431,432,433,434,435,436,437,438,439,440,441,442,443,444,445,446,447,448,449,450,451,452,453,454,455,456,457,458,459,460,461,462,463,464,465,466,467,468,469,470,471,472,473,474,475,476,477,478,479,480,481,482,483,484,485,486,487,488,489,490,491,492,493,494,495,496,497,498,499,500,501,502,503,504,505,506,507,508,509,510,511,512,513,514,515,516,517,518,519,520,521,522,523,524,525,526,527,528,529,530,531,532,533,534,535,536,537,538,539,540,541,542,543,544,545,546,547,548,549,550,551,552,553,554,555,556,557,558,559,560,561,562,563,564,565,566,567,568,569,570,571,572,573,574,575,576,577,578,579,580,581,582,583,584,585,586,587,588,589,590,591,592,593,594,595,596,597,598,599,600,601,602,603,604,605,606,607,608,609,610,611,612,613,614,615,616,617,618,619,620,621,622,623,624,625,626,627,628,629,630,631,632,633,634,635,636,637,638,639,640,641,642,643,644,645,646,647,648,649,650,651,652,653,654,655,656,657,658,659,660,661,662,663,664,665,666,667,668,669,670,671,672,673,674,675,676,677,678,679,680,681,682,683,684,685,686,687,688,689,690,691,692,693,694,695,696,697,698,699,700,701,702,703,704,705,706,707,708,709,710,711,712,713,714,715,716,717,718,719,720,721,722,723,724,725,726,727,728,729,730,731,732,733,734,735,736,737,738,739,740,741,742,743,744,745,746,747,748,749,750,751,752,753,754,755,756,757,758,759,760,761,762,763,764,765,766,767,768,769,770,771,772,773,774,775,776,777,778,779,780,781,782,783,784,785,786,787,788,789,790,791,792,793,794,795,796,797,798,799,800,801,802,803,804,805,806,807,808,809,810,811,812,813,814,815,816,817,818,819,820,821,822,823,824,825,826,827,828,829,830,831,832,833,834,835,836,837,838,839,840,841,842,843,844,845,846,847,848,849,850,851,852,853,854,855,856,857,858,859,860,861,862,863,864,865,866,867,868,869,870,871,872,873,874,875,876,877,878,879,880,881,882,883,884,885,886,887,888,889,890,891,892,893,894,895,896,897,898,899,900,901,902,903,904,905,906,907,908,909,910,911,912,913,914,915,916,917,918,919,920,921,922,923,924,925,926,927,928,929,930,931,932,933,934,935,936,937,938,939,940,941,942,943,944,945,946,947,948,949,950,951,952,953,954,955,956,957,958,959,960,961,962,963,964,965,966,967,968,969,970,971,972,973,974,975,976,977,978,979,980,981,982,983,984,985,986,987,988,989,990,991,992,993,994,995,996,997,998,999,1000,1001,1002,1003,1004,1005,1006,1007,1008,1009,1010,1011,1012,1013,1014,1015,1016,1017,1018,1019,1020,1021,1022,1023,1024,1025,1026,1027,1028,1029,1030,1031,1032,1033,1034,1035,1036,1037,1038,1039,1040,1041,1042,1043,1044,1045,1046,1047,1048,1049,1050,1051,1052,1053,1054,1055,1056,1057,1058,1059,1060,1061,1062,1063,1064,1065,1066,1067,1068,1069,1070,1071,1072,1073,1074,1075,1076,1077,1078,1079,1080,1081,1082,1083,1084,1085,1086,1087,1088,1089,1090,1091,1092,1093,1094,1095,1096,1097,1098,1099,1100],"unit":"nm","datatype":"array"},"absorbance":{"value":[3.999999,3.999999,4,3.99987,4,3.9965,3.999259,4,3.99996,4,3.999999,3.999999,3.999999,3.999999,3.999999,3.999999,3.999999,3.999999,3.999999,3.999999,3.999999,3.999999,3.999999,3.999999,3.999999,3.999999,3.999999,3.999999,3.999999,3.999999,3.999999,3.999999,3.999999,3.999999,3.999999,3.999999,3.999999,3.999999,3.999999,3.999999,3.999999,3.999999,3.999999,3.999999,3.999999,3.999999,3.999999,3.999999,3.999999,3.999999,3.999999,3.999999,3.999999,3.999999,3.999999,3.999999,3.999999,3.999999,3.999999,3.999999,3.999999,3.999999,3.999999,3.999999,3.999999,3.999999,3.999999,3.999999,3.999999,3.999999,3.999999,3.999999,3.999999,3.999999,3.999999,3.999999,3.999999,3.999999,3.999999,3.999999,3.999999,3.999999,3.999999,3.999999,3.999999,3.999999,3.999999,3.999999,4,4,3.999789,3.994906,4,3.999877,4,3.999999,3.999999,3.999999,3.999999,3.999999,3.999999,3.999999,3.999999,3.999999,3.999999,3.999999,3.999999,4,3.998839,4,3.97378,3.991874,3.997939,4,3.880803,3.985978,3.990232,3.999696,3.999117,3.992303,3.712737,4,3.973135,4,3.999373,4,3.999999,3.999999,3.999999,3.999999,3.999999,3.999999,3.999999,3.999999,3.999999,3.999999,4,3.995003,4,3.872678,3.973085,4,3.998922,4,3.999999,3.999999,3.999999,3.999999,3.999999,3.999999,3.999999,3.999999,3.999999,3.999999,4,3.987692,4,3.753559,3.794317,4,3.986677,4,3.94041,3.982566,4,3.999874,3.999261,4,3.885672,3.706257,3.996419,3.777703,3.999701,3.870119,4,4,3.882019,3.822111,4,3.992888,3.994187,4,3.831537,3.933202,4,3.807845,3.971965,4,3.80599,4,3.949698,3.923275,3.025416,3.089715,3.116361,3.055267,3.142073,3.108799,3.058624,3.108603,3.091479,2.999439,3.037247,3.077301,3.148917,3.099299,3.145319,3.171621,3.162225,3.141563,3.144891,3.141606,3.160246,3.175454,3.165452,3.193346,3.156165,3.12886,3.100345,3.179161,3.221116,3.210593,3.168225,3.254035,3.162761,3.235091,3.298949,3.179827,3.224261,3.224247,3.210833,3.272263,3.332572,3.223586,3.283417,3.237357,3.275297,3.310642,3.315755,3.330688,3.282152,3.355765,3.291933,3.453302,3.347829,3.223704,3.52702,3.200257,3.248844,3.291084,3.393577,3.476221,3.561817,3.455587,3.432344,3.360469,3.348584,3.370567,3.334669,3.348568,3.454842,3.40503,3.533719,3.558931,3.469418,3.382759,3.589125,3.586896,3.274821,3.430405,3.390489,3.50945,3.515254,3.42366,3.501944,3.847188,3.670598,3.830569,3.790013,3.615978,3.556214,3.620601,4,3.766462,3.58208,3.495399,3.510094,3.684926,3.719949,3.790096,3.967659,3.657135,4,3.831622,4,3.994245,4,4,3.989937,3.986103,4,3.900015,3.774676,3.728456,3.998099,3.553391,4,3.588951,3.547237,3.512903,3.4726,3.294325,3.339739,3.2144,3.201593,3.157876,3.109859,3.118007,3.045776,3.011706,2.949157,2.952507,2.909032,2.896461,2.858747,2.783916,2.779194,2.786133,2.712442,2.66617,2.647312,2.617916,2.614713,2.58427,2.539664,2.524489,2.491786,2.474055,2.444812,2.415772,2.395367,2.368776,2.350277,2.307277,2.300176,2.26821,2.246899,2.225468,2.205873,2.188569,2.167786,2.146745,2.125893,2.109061,2.086603,2.071556,2.043533,2.029249,2.007664,1.989613,1.96842,1.947999,1.931337,1.909273,1.895276,1.87802,1.858808,1.839455,1.824253,1.806899,1.789477,1.776905,1.760151,1.743315,1.728444,1.711705,1.698191,1.683753,1.6709,1.656175,1.642011,1.629149,1.616107,1.603885,1.590593,1.58064,1.569019,1.556251,1.544385,1.532422,1.521653,1.508667,1.496712,1.488784,1.474211,1.461666,1.45266,1.441139,1.430611,1.420187,1.408617,1.398143,1.387444,1.376579,1.367377,1.355801,1.346462,1.337032,1.326627,1.318055,1.308761,1.299958,1.29111,1.282218,1.27493,1.266963,1.258839,1.250787,1.243952,1.236808,1.228363,1.221347,1.212712,1.205116,1.196795,1.189233,1.182034,1.174282,1.167344,1.159543,1.152323,1.145405,1.138733,1.131753,1.124861,1.119092,1.112643,1.106411,1.100459,1.09442,1.088073,1.082663,1.077092,1.071162,1.065509,1.06047,1.054909,1.049586,1.044139,1.038769,1.033354,1.028966,1.023517,1.017661,1.013115,1.008584,1.00439,0.9997354,0.99506,0.9907818,0.9859438,0.981142,0.9774475,0.9728456,0.9686093,0.9666352,0.9648418,0.9599895,0.9533501,0.9490943,0.9446855,0.9406614,0.937079,0.9334431,0.9298191,0.9262767,0.9227843,0.9194736,0.9157434,0.9130335,0.9081349,0.9051661,0.9018135,0.898912,0.8958011,0.8924422,0.8893838,0.8860865,0.8833857,0.8798523,0.8770337,0.8742309,0.8709874,0.8683906,0.8654523,0.8627491,0.8599405,0.8569593,0.8543329,0.8517046,0.8487978,0.8461685,0.8435669,0.8409095,0.8381763,0.8356757,0.8331709,0.8301182,0.8275957,0.8250747,0.8221993,0.8195171,0.8163395,0.8137097,0.810884,0.8076591,0.8045883,0.8014221,0.7978749,0.7943764,0.7906775,0.7865815,0.7822967,0.7776346,0.7724757,0.7671556,0.7612739,0.7549343,0.7476239,0.7398424,0.7313805,0.7220445,0.7119751,0.7007537,0.6885519,0.6751952,0.6608644,0.6455116,0.6289344,0.6115961,0.5931807,0.5741935,0.5547705,0.5344539,0.5141234,0.4939957,0.4735179,0.4537997,0.434236,0.4155073,0.3975153,0.3804159,0.3639431,0.3489156,0.3345509,0.3214893,0.3091226,0.2975798,0.2871594,0.2774954,0.2685061,0.2603798,0.2528887,0.2457757,0.2394147,0.2336431,0.2281609,0.2230024,0.2185464,0.2143331,0.2103496,0.2067089,0.2033758,0.2003064,0.19734,0.1945953,0.192081,0.189568,0.1873388,0.1852093,0.1833878,0.1813407,0.1796646,0.1780453,0.1764569,0.1750479,0.1737061,0.1723909,0.1712027,0.1700349,0.1689081,0.167913,0.1669765,0.1661286,0.1652069,0.1645484,0.1638002,0.1631298,0.1626406,0.1620069,0.1614828,0.1610694,0.1606927,0.1603341,0.1599784,0.159698,0.1594553,0.1593766,0.1592221,0.1591206,0.1590829,0.1590881,0.1590724,0.1591878,0.1593366,0.1594987,0.1596737,0.1598816,0.1603103,0.1605434,0.160881,0.1613226,0.1617379,0.1622276,0.1627493,0.1632924,0.1639318,0.1646061,0.165184,0.1658835,0.1666541,0.1674414,0.1681881,0.1690154,0.1698308,0.1708255,0.1717973,0.1727672,0.173811,0.1748128,0.1758137,0.176888,0.1779637,0.1792016,0.1803823,0.1816154,0.1827483,0.184114,0.1853762,0.1866469,0.1880097,0.1893878,0.190702,0.1921382,0.1935716,0.1950846,0.1965427,0.1980042,0.1995358,0.2011786,0.2025981,0.2041345,0.2056198,0.2072196,0.208715,0.2102709,0.2120323,0.2136459,0.2151599,0.216866,0.2185798,0.2202621,0.2219849,0.2235045,0.2252283,0.2268143,0.2284422,0.2300987,0.2318029,0.2335181,0.2351589,0.2366872,0.2384105,0.2401505,0.241827,0.2434568,0.2450285,0.2468061,0.2484665,0.2499804,0.251668,0.253108,0.2547412,0.2562551,0.2578449,0.2592545,0.2609615,0.2624116,0.2638197,0.2651296,0.2667289,0.268302,0.2696581,0.270956,0.2724609,0.2738519,0.2751431,0.276382,0.2776923,0.279017,0.2803445,0.2813826,0.2827401,0.2838817,0.2849922,0.2861242,0.2873592,0.2883377,0.2894526,0.2904243,0.2914858,0.2922878,0.2934971,0.2944045,0.2953172,0.2962241,0.2971406,0.2978768,0.2986507,0.2994871,0.300293,0.3008966,0.301475,0.3023539,0.3029232,0.3034353,0.3039994,0.304678,0.3051453,0.3057079,0.3061686,0.30652,0.3069553,0.3072987,0.3076563,0.3079085,0.3081403,0.3086529,0.3087306,0.3087711,0.3091931,0.3092804,0.3093753,0.3092475,0.3095593,0.3094707,0.3095703,0.3095613,0.3095117,0.309401,0.3093238,0.309154,0.3088307,0.3088408,0.3085585,0.3083572,0.3078737,0.3078423,0.3073673,0.3068128,0.3066177,0.3062768,0.3057303,0.3052773,0.3048873,0.3043103,0.3038054,0.3031774,0.3028526,0.3019915,0.3015089,0.3008003,0.3002343,0.2992425,0.2987871,0.2978468,0.2972651,0.2965865,0.2956934,0.294723,0.2942815,0.2932158,0.2924104,0.2914562,0.2906499,0.2897601,0.2887902,0.2875986,0.2867889,0.2856498,0.2845473,0.2838845,0.2829156,0.2817917,0.2806616,0.2797012,0.2784204,0.277739,0.2765961,0.2755575,0.2741723,0.2732997,0.2718363,0.2709055,0.269609,0.268888,0.2677383,0.2665539,0.2653098,0.2637415,0.2628837,0.2619915,0.2606297,0.2594695,0.2582741,0.2574062,0.2560019,0.2551289,0.25386,0.2526798,0.2514033,0.2505465,0.2488308,0.247982,0.2465506,0.2455401,0.2442627,0.2438159,0.2417402,0.2404289,0.2392178,0.2382674,0.2377019,0.2367806,0.2353544,0.2333531,0.2323732,0.2315483,0.2307048,0.2295551,0.2288041,0.2281318,0.2270279,0.2256193,0.2252097,0.2239237,0.2223921,0.2217293,0.2209496,0.2201843,0.2192626,0.2179322,0.2178197,0.2160759,0.2152376,0.2150488,0.2134123,0.2138667,0.2119594,0.2119226,0.2109437,0.2120347,0.21099,0.2088346,0.2109613,0.2108364,0.2097921,0.2093482,0.2064848,0.2068987,0.2068796,0.2071548,0.2079778,0.2067637,0.2056465,0.2056308,0.2075543,0.2060056,0.2065158,0.2063866,0.2070403,0.2069521,0.2061987,0.2063975,0.2079182,0.2095208,0.2063141,0.2081308,0.2095857,0.2067642,0.2092938,0.2090578,0.2088099,0.2100039,0.2119145,0.2091908,0.2115984,0.2131114,0.2178478,0.2176113,0.2209539],"unit":"AU","datatype":"array"},"key":"cwHo4","layer":null,"filename":"1.3MDA.txt"}]}}