{"_id":"6530d421956f56119d546377","id":"SKKU-SC-00136","author":96,"group":11,"input":[{"tco":{"unit":"","value":"FTO"}},{"surface_treatment":{"unit":"","value":"UVO"}},{"etl":[{"material":{"unit":"","value":"SnO2"},"concentration":{"unit":"","value":"0.049"},"conc_unit":{"unit":"","value":"mg\/ml"},"quantity":{"unit":"ml","value":"1"}}],"annealing":[{"temperature":{"unit":"oC","value":"185"},"time":{"unit":"m","value":"30"}}],"spin_coating":[{"type":{"unit":"","value":"Static (only spreading)"},"rpm":{"unit":"","value":"4000"},"time":{"unit":"s","value":"20"}}]},{"surface_treatment":{"unit":"","value":"UVO"}},{"perovskite":{"method":{"unit":"","value":"1step"},"molarity":{"unit":"M","value":"2M"},"a_site":[{"material":{"unit":"","value":"FA"},"ratio":{"unit":"","value":"100"}}],"b_site":[{"material":{"unit":"","value":"Pb"},"ratio":{"unit":"","value":"100"}}],"x_site":[{"material":{"unit":"","value":"I"},"ratio":{"unit":"","value":"100"}}],"solvent":[{"material":{"unit":"","value":"DMF"},"volume":{"unit":"ml","value":"1"}},{"material":{"unit":"","value":"NMP"},"volume":{"unit":"ml","value":"0.1929"}}],"antisolvent":[{"material":{"unit":"","value":"DEE"},"quantity":{"unit":"ul","value":"150"},"dripping_time":{"unit":"s","value":"13"}}],"annealing":[{"temperature":{"unit":"oC","value":"100"},"time":{"unit":"m","value":"5"}},{"temperature":{"unit":"oC","value":"150"},"time":{"unit":"m","value":"30"}}],"spin_coating":[{"type":{"unit":"","value":"Static (only spreading)"},"rpm":{"unit":"","value":"4000"},"time":{"unit":"s","value":"20"}}],"additive":[{"material":{"unit":"","value":"MACl"},"solvent":{"unit":"","value":"DMF"},"concentration":{"unit":"","value":"800"},"conc_unit":{"unit":"","value":"mM"},"quantity":{"unit":"mol%","value":"40"}}]}},{"htl":[{"material":{"unit":"","value":"Spiro-OMeTAD"},"concentration":{"unit":"","value":"86.8"},"conc_unit":{"unit":"","value":"mg\/ml"},"quantity":{"unit":"ml","value":"0.03"}}],"htl_doping":[{"material":{"unit":"","value":"Li-TFSI"},"volume":{"unit":"ul","value":"20"}},{"material":{"unit":"","value":"tBP"},"volume":{"unit":"ul","value":"34"}}],"spin_coating":[{"type":{"unit":"","value":"Dynamic"},"rpm":{"unit":"","value":"3000"},"time":{"unit":"s","value":"30"}}],"condition":{"unit":"","value":"glove-box(N2)"},"solvent":[{"material":{"unit":"","value":"CB"},"volume":{"unit":"ml","value":"1"}}]},{"anode_metal":{"unit":"","value":"Ag"}},{"note":{"unit":"","value":"MgF2 AR thickness investigation"},"ar":{"unit":"","value":"MgF2 250 nm"},"type":{"unit":"","value":"unit_cell"},"device_type":{"unit":"","value":"n-i-p"},"temperature":{"unit":"\u2103","value":"16.3"},"humidity":{"unit":"%","value":"35.9"},"cell_dimension":{"unit":"cm2","value":"0.125"}}],"fileinfo":[{"key":"Forward_IV 250-3-5","uploadType":"JV","original_name":"IV 250-3-5-F.txt","save_name":"SKKU-SC-00136\/Forward_IV 250-3-5","uploader":96,"fileType":""},{"key":"Reverse_IV 250-3-5","uploadType":"JV","original_name":"IV 250-3-5-R.txt","save_name":"SKKU-SC-00136\/Reverse_IV 250-3-5","uploader":96,"fileType":""},{"key":"Forward_IV 250-4-2","uploadType":"JV","original_name":"IV 250-4-2-F.txt","save_name":"SKKU-SC-00136\/Forward_IV 250-4-2","uploader":96,"fileType":""},{"key":"Reverse_IV 250-4-2","uploadType":"JV","original_name":"IV 250-4-2-R.txt","save_name":"SKKU-SC-00136\/Reverse_IV 250-4-2","uploader":96,"fileType":""},{"key":"Forward_IV 250-1-2","uploadType":"JV","original_name":"IV 250-1-2-F.txt","save_name":"SKKU-SC-00136\/Forward_IV 250-1-2","uploader":96,"fileType":""},{"key":"Reverse_IV 250-1-2","uploadType":"JV","original_name":"IV 250-1-2-R.txt","save_name":"SKKU-SC-00136\/Reverse_IV 250-1-2","uploader":96,"fileType":""}],"jvcnt":6,"updated_at":"2024-06-03 08:38:35","created_at":"2023-10-19 07:00:49","analysisInfo":{"JV":[{"efficiency":18.88,"fill_factor":78.2,"jsc":23.541,"voc":1.0258,"key":"Reverse_IV 250-4-2","cell_dimension":0.125},{"efficiency":19.62,"fill_factor":78.49,"jsc":23.67,"voc":1.0562,"key":"Reverse_IV 250-3-5","cell_dimension":0.125},{"efficiency":20.24,"fill_factor":78.67,"jsc":23.838,"voc":1.0792,"key":"Reverse_IV 250-1-2","cell_dimension":0.125},{"efficiency":18.47,"fill_factor":77.08,"jsc":23.532,"voc":1.0186,"key":"Forward_IV 250-4-2","cell_dimension":0.125},{"efficiency":19.47,"fill_factor":78.29,"jsc":23.657,"voc":1.0512,"key":"Forward_IV 250-3-5","cell_dimension":0.125},{"efficiency":20.27,"fill_factor":78.74,"jsc":23.816,"voc":1.0809,"key":"Forward_IV 250-1-2","cell_dimension":0.125}]},"public":2,"analysis":{"JV":[{"V":{"value":[1.2,1.173,1.147,1.12,1.094,1.067,1.041,1.014,0.988,0.961,0.935,0.908,0.882,0.855,0.829,0.802,0.776,0.749,0.722,0.696,0.669,0.643,0.616,0.59,0.563,0.537,0.51,0.484,0.457,0.431,0.404,0.378,0.351,0.324,0.298,0.271,0.245,0.218,0.192,0.165,0.139,0.112,0.086,0.059,0.033,0.006,-0.02,-0.047,-0.073,-0.1],"unit":"V"},"I":{"value":[-0.0035356,-0.0035356,-0.0035356,-0.0035356,-0.0028316,-0.0016231,-0.00054664,0.00042448,0.0011883,0.0018422,0.002249,0.0025222,0.0026722,0.0027607,0.002809,0.0028418,0.0028592,0.0028237,0.002885,0.0028924,0.0028978,0.0029024,0.0029094,0.0029122,0.0029175,0.0029224,0.0029263,0.0029271,0.0029315,0.0029316,0.0029332,0.0029328,0.0029342,0.0029358,0.0029368,0.0029369,0.0029386,0.0029386,0.0029386,0.0029371,0.0029364,0.0029375,0.0029388,0.0029412,0.0029411,0.0029425,0.0029427,0.0029427,0.0029433,0.0029427],"unit":"A"},"J":{"value":[-0.00044195,-0.00044195,-0.00044195,-0.00044195,-0.00035395,-0.0002028875,-6.833e-5,5.306e-5,0.0001485375,0.000230275,0.000281125,0.000315275,0.000334025,0.0003450875,0.000351125,0.000355225,0.0003574,0.0003529625,0.000360625,0.00036155,0.000362225,0.0003628,0.000363675,0.000364025,0.0003646875,0.0003653,0.0003657875,0.0003658875,0.0003664375,0.00036645,0.00036665,0.0003666,0.000366775,0.000366975,0.0003671,0.0003671125,0.000367325,0.000367325,0.000367325,0.0003671375,0.00036705,0.0003671875,0.00036735,0.00036765,0.0003676375,0.0003678125,0.0003678375,0.0003678375,0.0003679125,0.0003678375],"unit":"A\/cm2"},"voc":{"unit":"V","value":1.0258},"isc":{"unit":"A","value":0.0029426},"jsc":{"unit":"mA\/cm2","value":23.541},"fill_factor":{"unit":"%","value":78.2},"pmax":{"unit":"mW","value":2.36},"vmax":{"unit":"V","value":0.855},"imax":{"unit":"mA","value":2.761},"rshunt":{"unit":"ohms","value":29900},"voc_slope":{"unit":"ohms","value":33.1},"efficiency":{"unit":"%","value":18.88},"monitor_cell_reading":{"unit":"mV","value":0},"monitor_cell_calibration_value":{"unit":"mV","value":0},"test_device_area":{"unit":"cm2","value":0.125},"num_of_series_connected_stacks":{"unit":"","value":1},"meter_integration":{"unit":"NPLC","value":1},"source_irradiance":{"unit":"mW\/cm2","value":100},"voltage_settling_time":{"unit":"ms","value":10},"sweep_direction":{"unit":"","value":"Reverse"},"irradiance_variation_correction":{"unit":"","value":"None"},"device_id":{"unit":"","value":"250-4-2-R"},"cell_dimension":{"unit":"cm2","value":0.125},"key":"Reverse_IV 250-4-2"},{"V":{"value":[1.2,1.173,1.147,1.12,1.094,1.067,1.041,1.014,0.988,0.961,0.935,0.908,0.882,0.855,0.829,0.802,0.776,0.749,0.722,0.696,0.669,0.643,0.616,0.59,0.563,0.537,0.51,0.484,0.457,0.431,0.404,0.378,0.351,0.324,0.298,0.271,0.245,0.218,0.192,0.165,0.139,0.112,0.086,0.059,0.033,0.006,-0.02,-0.047,-0.073,-0.1],"unit":"V"},"I":{"value":[-0.0035486,-0.0035486,-0.0035486,-0.0025155,-0.0014438,-0.00034549,0.00048469,0.0011986,0.0017884,0.0022339,0.0025151,0.0026846,0.0027809,0.002838,0.0028685,0.0028902,0.0029031,0.0029135,0.0029216,0.0029275,0.0029345,0.0029393,0.0029415,0.0029447,0.0029464,0.0029477,0.00295,0.0029498,0.0029521,0.0029529,0.0029548,0.002955,0.0029545,0.002954,0.0029543,0.002954,0.0029545,0.0029535,0.0029556,0.0029587,0.0029571,0.0029574,0.0029587,0.0029587,0.0029591,0.0029585,0.0029595,0.0029594,0.0029585,0.0029597],"unit":"A"},"J":{"value":[-0.000443575,-0.000443575,-0.000443575,-0.0003144375,-0.000180475,-4.318625e-5,6.058625e-5,0.000149825,0.00022355,0.0002792375,0.0003143875,0.000335575,0.0003476125,0.00035475,0.0003585625,0.000361275,0.0003628875,0.0003641875,0.0003652,0.0003659375,0.0003668125,0.0003674125,0.0003676875,0.0003680875,0.0003683,0.0003684625,0.00036875,0.000368725,0.0003690125,0.0003691125,0.00036935,0.000369375,0.0003693125,0.00036925,0.0003692875,0.00036925,0.0003693125,0.0003691875,0.00036945,0.0003698375,0.0003696375,0.000369675,0.0003698375,0.0003698375,0.0003698875,0.0003698125,0.0003699375,0.000369925,0.0003698125,0.0003699625],"unit":"A\/cm2"},"voc":{"unit":"V","value":1.0562},"isc":{"unit":"A","value":0.0029588},"jsc":{"unit":"mA\/cm2","value":23.67},"fill_factor":{"unit":"%","value":78.49},"pmax":{"unit":"mW","value":2.453},"vmax":{"unit":"V","value":0.882},"imax":{"unit":"mA","value":2.781},"rshunt":{"unit":"ohms","value":72700},"voc_slope":{"unit":"ohms","value":30.1},"efficiency":{"unit":"%","value":19.62},"monitor_cell_reading":{"unit":"mV","value":0},"monitor_cell_calibration_value":{"unit":"mV","value":0},"test_device_area":{"unit":"cm2","value":0.125},"num_of_series_connected_stacks":{"unit":"","value":1},"meter_integration":{"unit":"NPLC","value":1},"source_irradiance":{"unit":"mW\/cm2","value":100},"voltage_settling_time":{"unit":"ms","value":10},"sweep_direction":{"unit":"","value":"Reverse"},"irradiance_variation_correction":{"unit":"","value":"None"},"device_id":{"unit":"","value":"250-3-5-R"},"cell_dimension":{"unit":"cm2","value":0.125},"key":"Reverse_IV 250-3-5"},{"V":{"value":[1.2,1.173,1.147,1.12,1.094,1.067,1.041,1.014,0.988,0.961,0.935,0.908,0.882,0.855,0.829,0.802,0.776,0.749,0.722,0.696,0.669,0.643,0.616,0.59,0.563,0.537,0.51,0.484,0.457,0.431,0.404,0.378,0.351,0.324,0.298,0.271,0.245,0.218,0.192,0.165,0.139,0.112,0.086,0.059,0.033,0.006,-0.02,-0.047,-0.073,-0.1],"unit":"V"},"I":{"value":[-0.0035805,-0.0035805,-0.0028422,-0.0016162,-0.0005404,0.00044218,0.0012076,0.0018311,0.0022463,0.0025242,0.0026876,0.0027859,0.0028427,0.0028786,0.0029029,0.0029194,0.0029317,0.0029393,0.0029466,0.0029506,0.0029565,0.0029596,0.0029644,0.0029679,0.0029691,0.0029686,0.0029717,0.0029744,0.0029771,0.0029794,0.0029781,0.0029762,0.0029765,0.0029777,0.0029784,0.0029805,0.002979,0.0029775,0.0029775,0.002978,0.0029797,0.0029775,0.0029818,0.0029799,0.0029794,0.0029797,0.0029798,0.0029838,0.0029857,0.0029872],"unit":"A"},"J":{"value":[-0.0004475625,-0.0004475625,-0.000355275,-0.000202025,-6.755e-5,5.52725e-5,0.00015095,0.0002288875,0.0002807875,0.000315525,0.00033595,0.0003482375,0.0003553375,0.000359825,0.0003628625,0.000364925,0.0003664625,0.0003674125,0.000368325,0.000368825,0.0003695625,0.00036995,0.00037055,0.0003709875,0.0003711375,0.000371075,0.0003714625,0.0003718,0.0003721375,0.000372425,0.0003722625,0.000372025,0.0003720625,0.0003722125,0.0003723,0.0003725625,0.000372375,0.0003721875,0.0003721875,0.00037225,0.0003724625,0.0003721875,0.000372725,0.0003724875,0.000372425,0.0003724625,0.000372475,0.000372975,0.0003732125,0.0003734],"unit":"A\/cm2"},"voc":{"unit":"V","value":1.0792},"isc":{"unit":"A","value":0.0029797},"jsc":{"unit":"mA\/cm2","value":23.838},"fill_factor":{"unit":"%","value":78.67},"pmax":{"unit":"mW","value":2.53},"vmax":{"unit":"V","value":0.908},"imax":{"unit":"mA","value":2.786},"rshunt":{"unit":"ohms","value":20300},"voc_slope":{"unit":"ohms","value":33.2},"efficiency":{"unit":"%","value":20.24},"monitor_cell_reading":{"unit":"mV","value":0},"monitor_cell_calibration_value":{"unit":"mV","value":0},"test_device_area":{"unit":"cm2","value":0.125},"num_of_series_connected_stacks":{"unit":"","value":1},"meter_integration":{"unit":"NPLC","value":1},"source_irradiance":{"unit":"mW\/cm2","value":100},"voltage_settling_time":{"unit":"ms","value":10},"sweep_direction":{"unit":"","value":"Reverse"},"irradiance_variation_correction":{"unit":"","value":"None"},"device_id":{"unit":"","value":"250-1-2-R"},"cell_dimension":{"unit":"cm2","value":0.125},"key":"Reverse_IV 250-1-2"},{"V":{"value":[-0.1,-0.073,-0.047,-0.02,0.006,0.033,0.059,0.086,0.112,0.139,0.165,0.192,0.218,0.245,0.271,0.298,0.324,0.351,0.378,0.404,0.431,0.457,0.484,0.51,0.537,0.563,0.59,0.616,0.643,0.669,0.696,0.722,0.749,0.776,0.802,0.829,0.855,0.882,0.908,0.935,0.961,0.988,1.014,1.041,1.067,1.094,1.12,1.147,1.173,1.2],"unit":"V"},"I":{"value":[0.0029434,0.0029406,0.0029402,0.0029408,0.0029417,0.0029402,0.0029389,0.0029385,0.0029388,0.002941,0.0029393,0.0029367,0.0029376,0.0029365,0.0029349,0.0029347,0.0029347,0.0029328,0.0029316,0.0029302,0.0029281,0.0029258,0.0029239,0.0029209,0.0029224,0.0029202,0.0029148,0.0029115,0.0029058,0.0029017,0.0028931,0.0028826,0.0028676,0.0028463,0.0028211,0.0027746,0.002701,0.0025725,0.0023692,0.0020337,0.0015674,0.00093737,0.00016304,-0.00079743,-0.0017604,-0.0028708,-0.0035326,-0.0035326,-0.0035326,-0.0035326],"unit":"A"},"J":{"value":[0.000367925,0.000367575,0.000367525,0.0003676,0.0003677125,0.000367525,0.0003673625,0.0003673125,0.00036735,0.000367625,0.0003674125,0.0003670875,0.0003672,0.0003670625,0.0003668625,0.0003668375,0.0003668375,0.0003666,0.00036645,0.000366275,0.0003660125,0.000365725,0.0003654875,0.0003651125,0.0003653,0.000365025,0.00036435,0.0003639375,0.000363225,0.0003627125,0.0003616375,0.000360325,0.00035845,0.0003557875,0.0003526375,0.000346825,0.000337625,0.0003215625,0.00029615,0.0002542125,0.000195925,0.00011717125,2.038e-5,-9.967875e-5,-0.00022005,-0.00035885,-0.000441575,-0.000441575,-0.000441575,-0.000441575],"unit":"A\/cm2"},"voc":{"unit":"V","value":1.0186},"isc":{"unit":"A","value":0.0029415},"jsc":{"unit":"mA\/cm2","value":23.532},"fill_factor":{"unit":"%","value":77.08},"pmax":{"unit":"mW","value":2.309},"vmax":{"unit":"V","value":0.855},"imax":{"unit":"mA","value":2.701},"rshunt":{"unit":"ohms","value":34400},"voc_slope":{"unit":"ohms","value":33.9},"efficiency":{"unit":"%","value":18.47},"monitor_cell_reading":{"unit":"mV","value":0},"monitor_cell_calibration_value":{"unit":"mV","value":0},"test_device_area":{"unit":"cm2","value":0.125},"num_of_series_connected_stacks":{"unit":"","value":1},"meter_integration":{"unit":"NPLC","value":1},"source_irradiance":{"unit":"mW\/cm2","value":100},"voltage_settling_time":{"unit":"ms","value":10},"sweep_direction":{"unit":"","value":"Forward"},"irradiance_variation_correction":{"unit":"","value":"None"},"device_id":{"unit":"","value":"250-4-2-F"},"cell_dimension":{"unit":"cm2","value":0.125},"key":"Forward_IV 250-4-2"},{"V":{"value":[-0.1,-0.073,-0.047,-0.02,0.006,0.033,0.059,0.086,0.112,0.139,0.165,0.192,0.218,0.245,0.271,0.298,0.324,0.351,0.378,0.404,0.431,0.457,0.484,0.51,0.537,0.563,0.59,0.616,0.643,0.669,0.696,0.722,0.749,0.776,0.802,0.829,0.855,0.882,0.908,0.935,0.961,0.988,1.014,1.041,1.067,1.094,1.12,1.147,1.173,1.2],"unit":"V"},"I":{"value":[0.0029568,0.0029541,0.0029557,0.0029557,0.0029575,0.0029576,0.0029548,0.0029554,0.0029544,0.0029549,0.0029548,0.0029518,0.0029514,0.0029506,0.0029511,0.0029496,0.0029474,0.0029465,0.0029465,0.0029462,0.0029461,0.0029445,0.0029416,0.0029419,0.0029426,0.00294,0.0029369,0.0029349,0.00293,0.0029256,0.0029226,0.002915,0.0029066,0.002896,0.0028803,0.0028553,0.002822,0.0027592,0.0026585,0.0024731,0.0021837,0.0017271,0.0011238,0.00035078,-0.00054526,-0.0016678,-0.0027554,-0.0035506,-0.0035506,-0.0035506],"unit":"A"},"J":{"value":[0.0003696,0.0003692625,0.0003694625,0.0003694625,0.0003696875,0.0003697,0.00036935,0.000369425,0.0003693,0.0003693625,0.00036935,0.000368975,0.000368925,0.000368825,0.0003688875,0.0003687,0.000368425,0.0003683125,0.0003683125,0.000368275,0.0003682625,0.0003680625,0.0003677,0.0003677375,0.000367825,0.0003675,0.0003671125,0.0003668625,0.00036625,0.0003657,0.000365325,0.000364375,0.000363325,0.000362,0.0003600375,0.0003569125,0.00035275,0.0003449,0.0003323125,0.0003091375,0.0002729625,0.0002158875,0.000140475,4.38475e-5,-6.81575e-5,-0.000208475,-0.000344425,-0.000443825,-0.000443825,-0.000443825],"unit":"A\/cm2"},"voc":{"unit":"V","value":1.0512},"isc":{"unit":"A","value":0.0029571},"jsc":{"unit":"mA\/cm2","value":23.657},"fill_factor":{"unit":"%","value":78.29},"pmax":{"unit":"mW","value":2.434},"vmax":{"unit":"V","value":0.882},"imax":{"unit":"mA","value":2.759},"rshunt":{"unit":"ohms","value":18000},"voc_slope":{"unit":"ohms","value":33.8},"efficiency":{"unit":"%","value":19.47},"monitor_cell_reading":{"unit":"mV","value":0},"monitor_cell_calibration_value":{"unit":"mV","value":0},"test_device_area":{"unit":"cm2","value":0.125},"num_of_series_connected_stacks":{"unit":"","value":1},"meter_integration":{"unit":"NPLC","value":1},"source_irradiance":{"unit":"mW\/cm2","value":100},"voltage_settling_time":{"unit":"ms","value":10},"sweep_direction":{"unit":"","value":"Forward"},"irradiance_variation_correction":{"unit":"","value":"None"},"device_id":{"unit":"","value":"250-3-5-F"},"cell_dimension":{"unit":"cm2","value":0.125},"key":"Forward_IV 250-3-5"},{"V":{"value":[-0.1,-0.073,-0.047,-0.02,0.006,0.033,0.059,0.086,0.112,0.139,0.165,0.192,0.218,0.245,0.271,0.298,0.324,0.351,0.378,0.404,0.431,0.457,0.484,0.51,0.537,0.563,0.59,0.616,0.643,0.669,0.696,0.722,0.749,0.776,0.802,0.829,0.855,0.882,0.908,0.935,0.961,0.988,1.014,1.041,1.067,1.094,1.12,1.147,1.173,1.2],"unit":"V"},"I":{"value":[0.002979,0.0029781,0.002979,0.0029786,0.0029766,0.0029772,0.0029761,0.0029767,0.0029759,0.0029754,0.002975,0.0029739,0.0029739,0.0029726,0.0029725,0.0029738,0.0029728,0.002971,0.0029698,0.0029675,0.0029686,0.0029691,0.0029679,0.0029682,0.0029673,0.0029661,0.0029641,0.0029647,0.0029588,0.0029563,0.0029515,0.0029452,0.0029375,0.0029304,0.0029178,0.0029003,0.0028789,0.0028438,0.0027905,0.0027012,0.0025564,0.0023046,0.00192,0.001321,0.0005281,-0.00049675,-0.0016407,-0.0029807,-0.0035756,-0.0035756],"unit":"A"},"J":{"value":[0.000372375,0.0003722625,0.000372375,0.000372325,0.000372075,0.00037215,0.0003720125,0.0003720875,0.0003719875,0.000371925,0.000371875,0.0003717375,0.0003717375,0.000371575,0.0003715625,0.000371725,0.0003716,0.000371375,0.000371225,0.0003709375,0.000371075,0.0003711375,0.0003709875,0.000371025,0.0003709125,0.0003707625,0.0003705125,0.0003705875,0.00036985,0.0003695375,0.0003689375,0.00036815,0.0003671875,0.0003663,0.000364725,0.0003625375,0.0003598625,0.000355475,0.0003488125,0.00033765,0.00031955,0.000288075,0.00024,0.000165125,6.60125e-5,-6.209375e-5,-0.0002050875,-0.0003725875,-0.00044695,-0.00044695],"unit":"A\/cm2"},"voc":{"unit":"V","value":1.0809},"isc":{"unit":"A","value":0.002977},"jsc":{"unit":"mA\/cm2","value":23.816},"fill_factor":{"unit":"%","value":78.74},"pmax":{"unit":"mW","value":2.534},"vmax":{"unit":"V","value":0.908},"imax":{"unit":"mA","value":2.791},"rshunt":{"unit":"ohms","value":54700},"voc_slope":{"unit":"ohms","value":26.5},"efficiency":{"unit":"%","value":20.27},"monitor_cell_reading":{"unit":"mV","value":0},"monitor_cell_calibration_value":{"unit":"mV","value":0},"test_device_area":{"unit":"cm2","value":0.125},"num_of_series_connected_stacks":{"unit":"","value":1},"meter_integration":{"unit":"NPLC","value":1},"source_irradiance":{"unit":"mW\/cm2","value":100},"voltage_settling_time":{"unit":"ms","value":10},"sweep_direction":{"unit":"","value":"Forward"},"irradiance_variation_correction":{"unit":"","value":"None"},"device_id":{"unit":"","value":"250-1-2-F"},"cell_dimension":{"unit":"cm2","value":0.125},"key":"Forward_IV 250-1-2"}]}}