{"_id":"6530d8637f354217dd3f80f7","id":"SKKU-SC-00162","author":82,"group":11,"input":[{"tco":{"unit":"","value":"FTO"}},{"surface_treatment":{"unit":"","value":"UVO"}},{"etl":[{"material":{"unit":"","value":"SnO2"},"concentration":{"unit":"","value":"50"},"conc_unit":{"unit":"","value":"mg\/ml"},"quantity":{"unit":"ml","value":"1"}}],"spin_coating":[{"type":{"unit":"","value":"Static (loading)"},"rpm":{"unit":"","value":"4000"},"time":{"unit":"s","value":"20"}}],"annealing":[{"temperature":{"unit":"oC","value":"185"},"time":{"unit":"m","value":"30"}}]},{"perovskite":{"method":{"unit":"","value":"1step"},"molarity":{"unit":"M","value":"2M"},"a_site":[{"material":{"unit":"","value":"FA"},"ratio":{"unit":"","value":"100"}}],"b_site":[{"material":{"unit":"","value":"Pb"},"ratio":{"unit":"","value":"100"}}],"x_site":[{"material":{"unit":"","value":"I"},"ratio":{"unit":"","value":"100"}}],"solvent":[{"material":{"unit":"","value":"DMF"},"volume":{"unit":"ml","value":"0.5"}},{"material":{"unit":"","value":"NMP"},"volume":{"unit":"ml","value":"0.0964"}}],"antisolvent":[{"material":{"unit":"","value":"DEE"},"quantity":{"unit":"ul","value":"150"},"dripping_time":{"unit":"s","value":"13"}}],"annealing":[{"temperature":{"unit":"oC","value":"100"},"time":{"unit":"m","value":"5"}},{"temperature":{"unit":"oC","value":"150"},"time":{"unit":"m","value":"30"}}],"spin_coating":[{"type":{"unit":"","value":"Static (loading)"},"rpm":{"unit":"","value":"4000"},"time":{"unit":"s","value":"20"}}],"additive":[{"material":{"unit":"","value":"MACl"},"solvent":{"unit":"","value":"DMF"},"concentration":{"unit":"","value":"225"},"conc_unit":{"unit":"","value":"mM"},"quantity":{"unit":"mol%","value":"22.5"}}],"atmosphere":[{"type":{"unit":"","value":"glove-box(N2)"},"temperature":{"unit":"oC","value":"21.2"},"humidity":{"unit":"RH%","value":"0"}}]}},{"perovskite_treatment":[{"material":{"unit":"","value":"F-PEAI"},"concentration":{"unit":"","value":"10"},"conc_unit":{"unit":"","value":"mM"},"quantity":{"unit":"ml","value":"0.05"}}],"solvent":[{"material":{"unit":"","value":"IPA"},"volume":{"unit":"ml","value":"1"}}],"annealing":[{"temperature":{"unit":"oC","value":"100"},"time":{"unit":"m","value":"5"}}]},{"htl":[{"material":{"unit":"","value":"Spiro-OMeTAD"},"concentration":{"unit":"","value":"0.0868"},"conc_unit":{"unit":"","value":"mg\/ml"},"quantity":{"unit":"ml","value":"0.03"}}],"spin_coating":[{"type":{"unit":"","value":"Dynamic"},"rpm":{"unit":"","value":"3000"},"time":{"unit":"s","value":"30"}}],"htl_doping":[{"material":{"unit":"","value":"Li-TFSI"},"volume":{"unit":"ul","value":"20"}},{"material":{"unit":"","value":"tBP"},"volume":{"unit":"ul","value":"34"}}],"solvent":[{"material":{"unit":"","value":"CB"},"volume":{"unit":"ml","value":"1"}}]},{"anode_metal":{"unit":"","value":"Ag"}},{"note":{"unit":"","value":"F-PEA passivation"},"type":{"unit":"","value":"unit_cell"},"device_type":{"unit":"","value":"n-i-p"},"temperature":{"unit":"\u2103","value":"20.4"},"humidity":{"unit":"%","value":"50"},"cell_dimension":{"unit":"cm2","value":"0.125"}}],"fileinfo":[{"key":"unknown_IV-4FPEABR-2-1","uploadType":"JV","original_name":"IV-4FPEABR-2-1-R.txt","save_name":"SKKU-SC-00162\/unknown_IV-4FPEABR-2-1","uploader":82,"fileType":""},{"key":"unknown_IV-4FPEABR-2-4","uploadType":"JV","original_name":"IV-4FPEABR-2-4-R.txt","save_name":"SKKU-SC-00162\/unknown_IV-4FPEABR-2-4","uploader":82,"fileType":""},{"key":"unknown_IV-4FPEABR-2-5","uploadType":"JV","original_name":"IV-4FPEABR-2-5-R.txt","save_name":"SKKU-SC-00162\/unknown_IV-4FPEABR-2-5","uploader":82,"fileType":""},{"key":"unknown_IV-4PEABR-1-1","uploadType":"JV","original_name":"IV-4PEABR-1-1-R.txt","save_name":"SKKU-SC-00162\/unknown_IV-4PEABR-1-1","uploader":82,"fileType":""},{"key":"unknown_IV-4PEABR-1-2","uploadType":"JV","original_name":"IV-4PEABR-1-2-R.txt","save_name":"SKKU-SC-00162\/unknown_IV-4PEABR-1-2","uploader":82,"fileType":""},{"key":"unknown_IV-4PEABR-1-3","uploadType":"JV","original_name":"IV-4PEABR-1-3-R.txt","save_name":"SKKU-SC-00162\/unknown_IV-4PEABR-1-3","uploader":82,"fileType":""},{"key":"unknown_IV-4PEABR-1-5","uploadType":"JV","original_name":"IV-4PEABR-1-5-R.txt","save_name":"SKKU-SC-00162\/unknown_IV-4PEABR-1-5","uploader":82,"fileType":""}],"jvcnt":7,"updated_at":"2024-10-24 09:15:35","created_at":"2023-10-19 07:18:59","analysisInfo":{"JV":[{"efficiency":18.3782,"fill_factor":74.8492,"jsc":21.73350855,"voc":1.12976292,"key":"unknown_IV-4PEABR-1-5","cell_dimension":0.115},{"efficiency":18.3453,"fill_factor":74.2181,"jsc":22.01487907,"voc":1.12279261,"key":"unknown_IV-4PEABR-1-3","cell_dimension":0.115},{"efficiency":18.338,"fill_factor":74.3033,"jsc":22.10146249,"voc":1.11666181,"key":"unknown_IV-4PEABR-1-2","cell_dimension":0.115},{"efficiency":18.9703,"fill_factor":74.7349,"jsc":22.56428182,"voc":1.12494221,"key":"unknown_IV-4PEABR-1-1","cell_dimension":0.115},{"efficiency":19.5981,"fill_factor":75.3126,"jsc":22.98918756,"voc":1.13193719,"key":"unknown_IV-4FPEABR-2-5","cell_dimension":0.115},{"efficiency":20,"fill_factor":76.1997,"jsc":23.2463152,"voc":1.12907514,"key":"unknown_IV-4FPEABR-2-4","cell_dimension":0.115},{"efficiency":20.1087,"fill_factor":76.5786,"jsc":23.42472021,"voc":1.12098916,"key":"unknown_IV-4FPEABR-2-1","cell_dimension":0.115}]},"public":2,"analysis":{"JV":[{"sample_area":{"value":0.115,"unit":"cm2"},"irradiance":{"value":1,"unit":""},"pre_sweep_delay":{"value":0.5,"unit":""},"bias_direction":{"value":0,"unit":""},"max_reverse_bias":{"value":-0.1,"unit":""},"max_forward_bias":{"value":1.2,"unit":""},"num_sweep_points":{"value":100,"unit":""},"dwell_time":{"value":10,"unit":""},"current_limit":{"value":250,"unit":""},"pviv_10a_i_amp":{"value":0,"unit":""},"average":{"value":1,"unit":""},"dark_current":{"value":0,"unit":""},"rshunt_v_lo":{"value":-0.6,"unit":""},"rshunt_v_hi":{"value":-0.1,"unit":""},"voc":{"value":1.12976292,"unit":"V"},"isc":{"value":0.00249935,"unit":"A"},"jsc":{"value":21.73350855,"unit":"mA\/cm2"},"imax":{"value":0.00226277,"unit":"A"},"vmax":{"value":0.93403181,"unit":"V"},"pmax":{"value":2.11349839,"unit":"mW"},"fill_factor":{"value":74.8492,"unit":"%"},"efficiency":{"value":18.3782,"unit":"%"},"r_at_voc":{"value":39.673203,"unit":""},"r_at_isc":{"value":37490.635,"unit":""},"power":{"value":0.00259889,"unit":"W"},"rshunt":{"value":"NaN","unit":"ohm"},"cell_temp_start":{"value":"NaN","unit":""},"cell_temp_end":{"value":"NaN","unit":""},"exposure":{"value":8.311,"unit":""},"time":{"value":"19:27:48","unit":""},"date":{"value":"04\/09\/2022","unit":""},"V":{"value":[1.2,1.18685,1.17375,1.1606,1.1475,1.13435,1.1212,1.1081,1.09495,1.0818,1.0687,1.05555,1.0424,1.0293,1.01615,1.00305,0.9899,0.97675,0.96365,0.9505,0.93735,0.92425,0.9111,0.898,0.88485,0.8717,0.8586,0.84545,0.8323,0.8192,0.80605,0.79295,0.7798,0.76665,0.75355,0.7404,0.72725,0.71415,0.701,0.6879,0.67475,0.6616,0.6485,0.63535,0.6222,0.6091,0.59595,0.58285,0.5697,0.55655,0.54345,0.5303,0.51715,0.50405,0.4909,0.4778,0.46465,0.4515,0.4384,0.42525,0.4121,0.399,0.38585,0.37275,0.3596,0.34645,0.33335,0.3202,0.30705,0.29395,0.2808,0.2677,0.25455,0.2414,0.2283,0.21515,0.202,0.1889,0.17575,0.16265,0.1495,0.13635,0.12325,0.1101,0.09695,0.08385,0.0707,0.0576,0.04445,0.0313,0.0182,0.00505,-0.0081,-0.0212,-0.03435,-0.04745,-0.0606,-0.07375,-0.08685,-0.1],"unit":"V"},"I":{"value":[-0.00198792,-0.00157921,-0.00118406,-0.00079958,-0.00043794,-9.274e-5,0.00022685,0.00052547,0.0008003,0.00104999,0.00125814,0.00145474,0.00161741,0.00176253,0.00188959,0.0019793,0.00205337,0.00212464,0.00217772,0.00221344,0.00225894,0.00229059,0.00230522,0.00232522,0.00234422,0.00235791,0.00237011,0.00238549,0.00239308,0.00239595,0.00240223,0.00241411,0.00242713,0.00243157,0.00243408,0.00243833,0.0024426,0.0024424,0.00245068,0.00246217,0.00245662,0.00244306,0.00245466,0.00246858,0.00246984,0.00247322,0.00247957,0.00247373,0.00246803,0.00248232,0.00248895,0.00248037,0.00247897,0.00248511,0.00248323,0.0024776,0.00248467,0.00249396,0.00248904,0.0024904,0.00249354,0.00248206,0.00248918,0.00250068,0.00249469,0.00248743,0.00248976,0.00249639,0.00249249,0.00248633,0.00249689,0.00249675,0.00248641,0.00248812,0.00249997,0.00249975,0.00248702,0.00248381,0.00249224,0.00249512,0.0025002,0.00250682,0.00249474,0.00248233,0.0024946,0.00250651,0.00249968,0.00249679,0.00249798,0.00249566,0.00249225,0.00250302,0.00251067,0.00249749,0.0024923,0.00249802,0.00249855,0.00249664,0.00250832,0.00250861],"unit":"A"},"J":{"unit":"A\/cm2","value":[-0.017286260869565216,-0.013732260869565216,-0.010296173913043478,-0.0069528695652173915,-0.0038081739130434783,-0.0008064347826086956,0.0019726086956521737,0.004569304347826087,0.006959130434782608,0.009130347826086956,0.010940347826086957,0.01264991304347826,0.014064434782608694,0.015326347826086956,0.016431217391304348,0.017211304347826084,0.017855391304347826,0.01847513043478261,0.018936695652173915,0.019247304347826087,0.01964295652173913,0.019918173913043475,0.020045391304347827,0.020219304347826084,0.020384521739130437,0.020503565217391304,0.020609652173913043,0.020743391304347825,0.020809391304347825,0.020834347826086955,0.020888956521739128,0.020992260869565217,0.021105478260869566,0.02114408695652174,0.02116591304347826,0.02120286956521739,0.02124,0.021238260869565217,0.021310260869565216,0.02141017391304348,0.02136191304347826,0.021244,0.02134486956521739,0.021465913043478262,0.02147686956521739,0.021506260869565214,0.021561478260869564,0.021510695652173912,0.021461130434782608,0.021585391304347827,0.02164304347826087,0.021568434782608694,0.021556260869565216,0.021609652173913044,0.021593304347826085,0.021544347826086954,0.02160582608695652,0.02168660869565217,0.021643826086956523,0.02165565217391304,0.021682956521739127,0.021583130434782608,0.02164504347826087,0.021745043478260867,0.02169295652173913,0.021629826086956523,0.02165008695652174,0.02170773913043478,0.021673826086956522,0.021620260869565217,0.02171208695652174,0.021710869565217387,0.02162095652173913,0.02163582608695652,0.021738869565217388,0.02173695652173913,0.021626260869565216,0.021598347826086956,0.021671652173913043,0.02169669565217391,0.021740869565217393,0.021798434782608695,0.021693391304347824,0.021585478260869564,0.021692173913043476,0.021795739130434783,0.021736347826086955,0.021711217391304348,0.0217215652173913,0.021701391304347825,0.021671739130434783,0.021765391304347823,0.02183191304347826,0.021717304347826087,0.021672173913043477,0.02172191304347826,0.021726521739130433,0.02170991304347826,0.021811478260869564,0.021814]},"cell_dimension":{"value":0.115,"unit":"cm2"},"sweep_direction":{"unit":"","value":"unknown"},"key":"unknown_IV-4PEABR-1-5"},{"sample_area":{"value":0.115,"unit":"cm2"},"irradiance":{"value":1,"unit":""},"pre_sweep_delay":{"value":0.5,"unit":""},"bias_direction":{"value":0,"unit":""},"max_reverse_bias":{"value":-0.1,"unit":""},"max_forward_bias":{"value":1.2,"unit":""},"num_sweep_points":{"value":100,"unit":""},"dwell_time":{"value":10,"unit":""},"current_limit":{"value":250,"unit":""},"pviv_10a_i_amp":{"value":0,"unit":""},"average":{"value":1,"unit":""},"dark_current":{"value":0,"unit":""},"rshunt_v_lo":{"value":-0.6,"unit":""},"rshunt_v_hi":{"value":-0.1,"unit":""},"voc":{"value":1.12279261,"unit":"V"},"isc":{"value":0.00253171,"unit":"A"},"jsc":{"value":22.01487907,"unit":"mA\/cm2"},"imax":{"value":0.00226423,"unit":"A"},"vmax":{"value":0.93175724,"unit":"V"},"pmax":{"value":2.10971314,"unit":"mW"},"fill_factor":{"value":74.2181,"unit":"%"},"efficiency":{"value":18.3453,"unit":"%"},"r_at_voc":{"value":37.127511,"unit":""},"r_at_isc":{"value":33734.266,"unit":""},"power":{"value":0.00261504,"unit":"W"},"rshunt":{"value":"NaN","unit":"ohm"},"cell_temp_start":{"value":"NaN","unit":""},"cell_temp_end":{"value":"NaN","unit":""},"exposure":{"value":8.311,"unit":""},"time":{"value":"19:27:02","unit":""},"date":{"value":"04\/09\/2022","unit":""},"V":{"value":[1.2,1.18685,1.17375,1.1606,1.1475,1.13435,1.1212,1.1081,1.09495,1.0818,1.0687,1.05555,1.0424,1.0293,1.01615,1.00305,0.9899,0.97675,0.96365,0.9505,0.93735,0.92425,0.9111,0.898,0.88485,0.8717,0.8586,0.84545,0.8323,0.8192,0.80605,0.79295,0.7798,0.76665,0.75355,0.7404,0.72725,0.71415,0.701,0.6879,0.67475,0.6616,0.6485,0.63535,0.6222,0.6091,0.59595,0.58285,0.5697,0.55655,0.54345,0.5303,0.51715,0.50405,0.4909,0.4778,0.46465,0.4515,0.4384,0.42525,0.4121,0.399,0.38585,0.37275,0.3596,0.34645,0.33335,0.3202,0.30705,0.29395,0.2808,0.2677,0.25455,0.2414,0.2283,0.21515,0.202,0.1889,0.17575,0.16265,0.1495,0.13635,0.12325,0.1101,0.09695,0.08385,0.0707,0.0576,0.04445,0.0313,0.0182,0.00505,-0.0081,-0.0212,-0.03435,-0.04745,-0.0606,-0.07375,-0.08685,-0.1],"unit":"V"},"I":{"value":[-0.00255347,-0.00205955,-0.00158365,-0.00112685,-0.0006985,-0.00029273,7.521e-5,0.00040687,0.00072095,0.00099424,0.00121387,0.00142763,0.00160618,0.00175513,0.00186727,0.00196448,0.00205316,0.00212134,0.00217484,0.00221799,0.00225218,0.00227734,0.00230224,0.00233151,0.00235492,0.00236991,0.002384,0.00239608,0.0023988,0.00240294,0.00242694,0.00243823,0.00243602,0.00243616,0.002448,0.00245119,0.00244836,0.00246629,0.00247859,0.00247073,0.00247459,0.00248694,0.00248801,0.00248413,0.00249959,0.00250861,0.00249978,0.00249489,0.00249947,0.00249817,0.00249695,0.0025121,0.00252016,0.00251001,0.00251593,0.00251943,0.00251321,0.00250678,0.00252189,0.00252758,0.00251659,0.00251727,0.00251492,0.00251697,0.0025205,0.0025272,0.00252562,0.00251288,0.00251358,0.00252326,0.00252528,0.00252832,0.00252847,0.00252391,0.00251356,0.00252522,0.00253172,0.00252358,0.00252646,0.00253376,0.00253283,0.00252844,0.00253195,0.00253086,0.00253086,0.0025318,0.00253057,0.00252589,0.00252815,0.00253249,0.00253249,0.00253462,0.00253662,0.00252575,0.00252095,0.0025322,0.00253864,0.0025363,0.00253364,0.0025299],"unit":"A"},"J":{"unit":"A\/cm2","value":[-0.022204086956521738,-0.017909130434782608,-0.013770869565217392,-0.009798695652173912,-0.00607391304347826,-0.002545478260869565,0.0006540000000000001,0.003538,0.006269130434782609,0.008645565217391304,0.010555391304347825,0.012414173913043478,0.013966782608695652,0.015262,0.016237130434782608,0.017082434782608694,0.017853565217391305,0.018446434782608698,0.01891165217391304,0.019286869565217392,0.019584173913043477,0.01980295652173913,0.020019478260869566,0.020274,0.020477565217391303,0.020607913043478258,0.020730434782608692,0.020835478260869567,0.02085913043478261,0.020895130434782607,0.02110382608695652,0.021202,0.021182782608695654,0.021184,0.02128695652173913,0.02131469565217391,0.02129008695652174,0.021446,0.02155295652173913,0.021484608695652174,0.02151817391304348,0.021625565217391302,0.02163486956521739,0.02160113043478261,0.0217355652173913,0.021814,0.021737217391304346,0.021694695652173912,0.021734521739130434,0.021723217391304346,0.021712608695652173,0.021844347826086956,0.021914434782608697,0.02182617391304348,0.02187765217391304,0.021908086956521737,0.021854,0.021798086956521738,0.021929478260869564,0.021978956521739132,0.021883391304347823,0.021889304347826086,0.02186886956521739,0.02188669565217391,0.021917391304347826,0.021975652173913042,0.021961913043478262,0.021851130434782606,0.021857217391304348,0.021941391304347822,0.02195895652173913,0.021985391304347825,0.021986695652173913,0.021947043478260868,0.02185704347826087,0.021958434782608695,0.02201495652173913,0.02194417391304348,0.021969217391304346,0.02203269565217391,0.022024608695652172,0.021986434782608692,0.02201695652173913,0.022007478260869563,0.022007478260869563,0.02201565217391304,0.02200495652173913,0.021964260869565214,0.02198391304347826,0.022021652173913043,0.022021652173913043,0.022040173913043477,0.0220575652173913,0.021963043478260866,0.021921304347826086,0.022019130434782607,0.022075130434782608,0.02205478260869565,0.022031652173913046,0.021999130434782608]},"cell_dimension":{"value":0.115,"unit":"cm2"},"sweep_direction":{"unit":"","value":"unknown"},"key":"unknown_IV-4PEABR-1-3"},{"sample_area":{"value":0.115,"unit":"cm2"},"irradiance":{"value":1,"unit":""},"pre_sweep_delay":{"value":0.5,"unit":""},"bias_direction":{"value":0,"unit":""},"max_reverse_bias":{"value":-0.1,"unit":""},"max_forward_bias":{"value":1.2,"unit":""},"num_sweep_points":{"value":100,"unit":""},"dwell_time":{"value":10,"unit":""},"current_limit":{"value":250,"unit":""},"pviv_10a_i_amp":{"value":0,"unit":""},"average":{"value":1,"unit":""},"dark_current":{"value":0,"unit":""},"rshunt_v_lo":{"value":-0.6,"unit":""},"rshunt_v_hi":{"value":-0.1,"unit":""},"voc":{"value":1.11666181,"unit":"V"},"isc":{"value":0.00254167,"unit":"A"},"jsc":{"value":22.10146249,"unit":"mA\/cm2"},"imax":{"value":0.0022765,"unit":"A"},"vmax":{"value":0.92636312,"unit":"V"},"pmax":{"value":2.10886532,"unit":"mW"},"fill_factor":{"value":74.3033,"unit":"%"},"efficiency":{"value":18.338,"unit":"%"},"r_at_voc":{"value":36.479175,"unit":""},"r_at_isc":{"value":65906.728,"unit":""},"power":{"value":0.00260727,"unit":"W"},"rshunt":{"value":"NaN","unit":"ohm"},"cell_temp_start":{"value":"NaN","unit":""},"cell_temp_end":{"value":"NaN","unit":""},"exposure":{"value":8.311,"unit":""},"time":{"value":"19:26:32","unit":""},"date":{"value":"04\/09\/2022","unit":""},"V":{"value":[1.2,1.18685,1.17375,1.1606,1.1475,1.13435,1.1212,1.1081,1.09495,1.0818,1.0687,1.05555,1.0424,1.0293,1.01615,1.00305,0.9899,0.97675,0.96365,0.9505,0.93735,0.92425,0.9111,0.898,0.88485,0.8717,0.8586,0.84545,0.8323,0.8192,0.80605,0.79295,0.7798,0.76665,0.75355,0.7404,0.72725,0.71415,0.701,0.6879,0.67475,0.6616,0.6485,0.63535,0.6222,0.6091,0.59595,0.58285,0.5697,0.55655,0.54345,0.5303,0.51715,0.50405,0.4909,0.4778,0.46465,0.4515,0.4384,0.42525,0.4121,0.399,0.38585,0.37275,0.3596,0.34645,0.33335,0.3202,0.30705,0.29395,0.2808,0.2677,0.25455,0.2414,0.2283,0.21515,0.202,0.1889,0.17575,0.16265,0.1495,0.13635,0.12325,0.1101,0.09695,0.08385,0.0707,0.0576,0.04445,0.0313,0.0182,0.00505,-0.0081,-0.0212,-0.03435,-0.04745,-0.0606,-0.07375,-0.08685,-0.1],"unit":"V"},"I":{"value":[-0.00269729,-0.00221812,-0.00175234,-0.001302,-0.00087447,-0.0004684,-9.534e-5,0.00024419,0.0005697,0.00085764,0.00109838,0.00132236,0.00151305,0.00167761,0.00181551,0.00193085,0.00202932,0.00209947,0.00215343,0.00220502,0.00225255,0.00228566,0.00231073,0.00233511,0.00235235,0.00236348,0.00238132,0.00240514,0.00241169,0.00241158,0.00243261,0.00244585,0.00243869,0.0024447,0.00246204,0.00246805,0.00246505,0.00247555,0.00248496,0.00248326,0.00248486,0.00249778,0.00249301,0.00248221,0.00249185,0.0025048,0.00250406,0.00250202,0.00251174,0.00251739,0.00250809,0.00250246,0.00251236,0.00251373,0.002513,0.00251869,0.00252134,0.00251636,0.00250956,0.00251202,0.00251873,0.00251062,0.00251758,0.00252481,0.00251923,0.00252594,0.00253799,0.00253846,0.00252816,0.00253157,0.00253637,0.00253205,0.00254073,0.002549,0.00253848,0.00252836,0.00254169,0.00255145,0.00254116,0.00253502,0.00254059,0.0025394,0.00253419,0.00254252,0.00254986,0.00254175,0.00253669,0.00254297,0.00254108,0.00253642,0.00254113,0.00254316,0.00254299,0.00254302,0.00254891,0.00254536,0.0025341,0.00253666,0.00254331,0.00254195],"unit":"A"},"J":{"unit":"A\/cm2","value":[-0.023454695652173913,-0.019288,-0.015237739130434783,-0.011321739130434782,-0.007604086956521739,-0.004073043478260869,-0.0008290434782608696,0.0021233913043478257,0.004953913043478261,0.0074577391304347825,0.009551130434782607,0.011498782608695652,0.013156956521739128,0.01458791304347826,0.01578704347826087,0.01679,0.017646260869565215,0.018256260869565215,0.018725478260869566,0.019174086956521737,0.019587391304347824,0.019875304347826087,0.020093304347826087,0.020305304347826087,0.020455217391304348,0.020551999999999997,0.02070713043478261,0.020914260869565215,0.020971217391304347,0.020970260869565216,0.02115313043478261,0.021268260869565216,0.021206,0.02125826086956522,0.021409043478260868,0.021461304347826084,0.021435217391304346,0.021526521739130434,0.021608347826086956,0.021593565217391305,0.021607478260869565,0.02171982608695652,0.021678347826086956,0.021584434782608693,0.021668260869565217,0.02178086956521739,0.021774434782608692,0.021756695652173915,0.02184121739130435,0.021890347826086957,0.021809478260869566,0.021760521739130435,0.02184660869565217,0.021858521739130433,0.021852173913043477,0.021901652173913044,0.021924695652173913,0.021881391304347825,0.021822260869565218,0.021843652173913042,0.021901999999999998,0.021831478260869563,0.021892000000000002,0.021954869565217392,0.021906347826086955,0.02196469565217391,0.022069478260869566,0.022073565217391306,0.021984,0.022013652173913042,0.022055391304347825,0.022017826086956523,0.02209330434782609,0.022165217391304348,0.022073739130434783,0.02198573913043478,0.022101652173913043,0.02218652173913043,0.022097043478260872,0.02204365217391304,0.02209208695652174,0.02208173913043478,0.022036434782608694,0.02210886956521739,0.022172695652173915,0.02210217391304348,0.022058173913043475,0.02211278260869565,0.022096347826086955,0.022055826086956522,0.022096782608695652,0.022114434782608695,0.02211295652173913,0.022113217391304348,0.022164434782608697,0.022133565217391304,0.022035652173913043,0.02205791304347826,0.022115739130434783,0.02210391304347826]},"cell_dimension":{"value":0.115,"unit":"cm2"},"sweep_direction":{"unit":"","value":"unknown"},"key":"unknown_IV-4PEABR-1-2"},{"sample_area":{"value":0.115,"unit":"cm2"},"irradiance":{"value":1,"unit":""},"pre_sweep_delay":{"value":0.5,"unit":""},"bias_direction":{"value":0,"unit":""},"max_reverse_bias":{"value":-0.1,"unit":""},"max_forward_bias":{"value":1.2,"unit":""},"num_sweep_points":{"value":100,"unit":""},"dwell_time":{"value":10,"unit":""},"current_limit":{"value":250,"unit":""},"pviv_10a_i_amp":{"value":0,"unit":""},"average":{"value":1,"unit":""},"dark_current":{"value":0,"unit":""},"rshunt_v_lo":{"value":-0.6,"unit":""},"rshunt_v_hi":{"value":-0.1,"unit":""},"voc":{"value":1.12494221,"unit":"V"},"isc":{"value":0.00259489,"unit":"A"},"jsc":{"value":22.56428182,"unit":"mA\/cm2"},"imax":{"value":0.0023522,"unit":"A"},"vmax":{"value":0.92746563,"unit":"V"},"pmax":{"value":2.18158816,"unit":"mW"},"fill_factor":{"value":74.7349,"unit":"%"},"efficiency":{"value":18.9703,"unit":"%"},"r_at_voc":{"value":39.385075,"unit":""},"r_at_isc":{"value":42289.941,"unit":""},"power":{"value":0.00268622,"unit":"W"},"rshunt":{"value":"NaN","unit":"ohm"},"cell_temp_start":{"value":"NaN","unit":""},"cell_temp_end":{"value":"NaN","unit":""},"exposure":{"value":8.108,"unit":""},"time":{"value":"19:25:45","unit":""},"date":{"value":"04\/09\/2022","unit":""},"V":{"value":[1.2,1.18685,1.17375,1.1606,1.1475,1.13435,1.1212,1.1081,1.09495,1.0818,1.0687,1.05555,1.0424,1.0293,1.01615,1.00305,0.9899,0.97675,0.96365,0.9505,0.93735,0.92425,0.9111,0.898,0.88485,0.8717,0.8586,0.84545,0.8323,0.8192,0.80605,0.79295,0.7798,0.76665,0.75355,0.7404,0.72725,0.71415,0.701,0.6879,0.67475,0.6616,0.6485,0.63535,0.6222,0.6091,0.59595,0.58285,0.5697,0.55655,0.54345,0.5303,0.51715,0.50405,0.4909,0.4778,0.46465,0.4515,0.4384,0.42525,0.4121,0.399,0.38585,0.37275,0.3596,0.34645,0.33335,0.3202,0.30705,0.29395,0.2808,0.2677,0.25455,0.2414,0.2283,0.21515,0.202,0.1889,0.17575,0.16265,0.1495,0.13635,0.12325,0.1101,0.09695,0.08385,0.0707,0.0576,0.04445,0.0313,0.0182,0.00505,-0.0081,-0.0212,-0.03435,-0.04745,-0.0606,-0.07375,-0.08685,-0.1],"unit":"V"},"I":{"value":[-0.00227681,-0.0018341,-0.00140544,-0.00099267,-0.00059787,-0.00022595,0.0001202,0.00044068,0.00073656,0.00100083,0.00122015,0.00143294,0.00161731,0.00177321,0.00190034,0.00200695,0.00210282,0.00218006,0.00223646,0.00228319,0.00232905,0.00235898,0.00238399,0.00241077,0.00243609,0.00245115,0.00246516,0.00247463,0.00248012,0.00248495,0.00250091,0.00251422,0.00251726,0.00252015,0.00252977,0.00253216,0.00252507,0.00253845,0.00254971,0.00254294,0.00254659,0.0025572,0.00255705,0.00254936,0.00255551,0.00256749,0.00256931,0.00257683,0.00257451,0.00256465,0.00256696,0.00258414,0.00258514,0.00257595,0.00257011,0.00257676,0.00258755,0.00258622,0.00258401,0.00258276,0.00258112,0.00258927,0.00259248,0.00258966,0.00258391,0.00258319,0.00258731,0.0025899,0.00258688,0.00258367,0.00258061,0.00258219,0.00258487,0.00259404,0.00259592,0.00258867,0.00258743,0.00258969,0.00259179,0.00259563,0.00259948,0.00259639,0.00259436,0.00259684,0.0025994,0.00259172,0.00258777,0.00259278,0.00259582,0.00259057,0.00259086,0.00259624,0.0025901,0.00258605,0.00259944,0.00260304,0.00259441,0.00259545,0.00259737,0.00259585],"unit":"A"},"J":{"unit":"A\/cm2","value":[-0.019798347826086957,-0.01594869565217391,-0.012221217391304348,-0.00863191304347826,-0.005198869565217391,-0.001964782608695652,0.0010452173913043476,0.003832,0.006404869565217392,0.008702869565217392,0.01061,0.012460347826086956,0.014063565217391305,0.015419217391304347,0.01652469565217391,0.017451739130434782,0.018285391304347826,0.01895704347826087,0.019447478260869563,0.01985382608695652,0.020252608695652173,0.02051286956521739,0.020730347826086955,0.020963217391304346,0.021183391304347828,0.021314347826086957,0.021436173913043477,0.021518521739130433,0.02156626086956522,0.021608260869565216,0.02174704347826087,0.021862782608695654,0.021889217391304346,0.021914347826086956,0.021998,0.02201878260869565,0.021957130434782608,0.022073478260869563,0.022171391304347827,0.022112521739130434,0.022144260869565217,0.022236521739130433,0.022235217391304348,0.022168347826086957,0.022221826086956522,0.022326,0.02234182608695652,0.022407217391304347,0.022387043478260867,0.022301304347826085,0.022321391304347824,0.02247078260869565,0.022479478260869566,0.022399565217391303,0.02234878260869565,0.022406608695652173,0.022500434782608696,0.022488869565217392,0.02246965217391304,0.02245878260869565,0.022444521739130436,0.022515391304347824,0.022543304347826084,0.022518782608695654,0.022468782608695653,0.022462521739130433,0.022498347826086954,0.02252086956521739,0.022494608695652174,0.022466695652173914,0.022440086956521738,0.022453826086956518,0.022477130434782607,0.02255686956521739,0.022573217391304346,0.022510173913043476,0.022499391304347825,0.022519043478260867,0.022537304347826085,0.02257069565217391,0.022604173913043476,0.022577304347826087,0.022559652173913043,0.022581217391304347,0.022603478260869565,0.02253669565217391,0.022502347826086955,0.02254591304347826,0.022572347826086955,0.02252669565217391,0.022529217391304347,0.022576,0.022522608695652174,0.022487391304347824,0.022603826086956522,0.02263513043478261,0.02256008695652174,0.02256913043478261,0.022585826086956518,0.022572608695652172]},"cell_dimension":{"value":0.115,"unit":"cm2"},"sweep_direction":{"unit":"","value":"unknown"},"key":"unknown_IV-4PEABR-1-1"},{"sample_area":{"value":0.115,"unit":"cm2"},"irradiance":{"value":1,"unit":""},"pre_sweep_delay":{"value":0.5,"unit":""},"bias_direction":{"value":0,"unit":""},"max_reverse_bias":{"value":-0.1,"unit":""},"max_forward_bias":{"value":1.2,"unit":""},"num_sweep_points":{"value":100,"unit":""},"dwell_time":{"value":10,"unit":""},"current_limit":{"value":250,"unit":""},"pviv_10a_i_amp":{"value":0,"unit":""},"average":{"value":1,"unit":""},"dark_current":{"value":0,"unit":""},"rshunt_v_lo":{"value":-0.6,"unit":""},"rshunt_v_hi":{"value":-0.1,"unit":""},"voc":{"value":1.13193719,"unit":"V"},"isc":{"value":0.00264376,"unit":"A"},"jsc":{"value":22.98918756,"unit":"mA\/cm2"},"imax":{"value":0.00240438,"unit":"A"},"vmax":{"value":0.93736379,"unit":"V"},"pmax":{"value":2.25377938,"unit":"mW"},"fill_factor":{"value":75.3126,"unit":"%"},"efficiency":{"value":19.5981,"unit":"%"},"r_at_voc":{"value":36.193732,"unit":""},"r_at_isc":{"value":62222.199,"unit":""},"power":{"value":0.00276415,"unit":"W"},"rshunt":{"value":"NaN","unit":"ohm"},"cell_temp_start":{"value":"NaN","unit":""},"cell_temp_end":{"value":"NaN","unit":""},"exposure":{"value":8.316,"unit":""},"time":{"value":"20:53:08","unit":""},"date":{"value":"04\/09\/2022","unit":""},"V":{"value":[1.2,1.18685,1.17375,1.1606,1.1475,1.13435,1.1212,1.1081,1.09495,1.0818,1.0687,1.05555,1.0424,1.0293,1.01615,1.00305,0.9899,0.97675,0.96365,0.9505,0.93735,0.92425,0.9111,0.898,0.88485,0.8717,0.8586,0.84545,0.8323,0.8192,0.80605,0.79295,0.7798,0.76665,0.75355,0.7404,0.72725,0.71415,0.701,0.6879,0.67475,0.6616,0.6485,0.63535,0.6222,0.6091,0.59595,0.58285,0.5697,0.55655,0.54345,0.5303,0.51715,0.50405,0.4909,0.4778,0.46465,0.4515,0.4384,0.42525,0.4121,0.399,0.38585,0.37275,0.3596,0.34645,0.33335,0.3202,0.30705,0.29395,0.2808,0.2677,0.25455,0.2414,0.2283,0.21515,0.202,0.1889,0.17575,0.16265,0.1495,0.13635,0.12325,0.1101,0.09695,0.08385,0.0707,0.0576,0.04445,0.0313,0.0182,0.00505,-0.0081,-0.0212,-0.03435,-0.04745,-0.0606,-0.07375,-0.08685,-0.1],"unit":"V"},"I":{"value":[-0.00215799,-0.00168812,-0.00124483,-0.00082026,-0.00041722,-3.593e-5,0.00030082,0.00064011,0.00093527,0.00116746,0.00139931,0.00160323,0.00177443,0.00191689,0.00203582,0.00213352,0.00221021,0.00227311,0.00233032,0.00237767,0.00240568,0.00242901,0.0024584,0.00248533,0.00250409,0.00251974,0.00252991,0.00253826,0.00255063,0.00255863,0.00256042,0.00257163,0.00258044,0.00257922,0.00258108,0.00259535,0.00260061,0.0025961,0.00259427,0.00260076,0.0025997,0.0025967,0.00260807,0.00262513,0.00261885,0.00260742,0.00261867,0.00262208,0.00261313,0.0026206,0.00263346,0.00262639,0.00261465,0.00262289,0.00262655,0.00262304,0.00263222,0.00264117,0.0026318,0.00262379,0.00262891,0.00263757,0.00264241,0.00264137,0.00263439,0.0026305,0.00263364,0.00264662,0.00264722,0.0026398,0.00263963,0.00263812,0.00262719,0.00263083,0.00264785,0.00265047,0.00263878,0.00263435,0.00263588,0.00263932,0.00264469,0.00264591,0.00264301,0.00263771,0.00263904,0.0026464,0.00264653,0.00264082,0.00264171,0.00264655,0.00264496,0.00263422,0.00264146,0.0026497,0.00263983,0.00264295,0.00265207,0.00264875,0.00264189,0.00264608],"unit":"A"},"J":{"unit":"A\/cm2","value":[-0.018765130434782607,-0.014679304347826086,-0.010824608695652172,-0.007132695652173913,-0.0036279999999999997,-0.0003124347826086957,0.0026158260869565213,0.005566173913043478,0.008132782608695651,0.010151826086956521,0.01216791304347826,0.013941130434782609,0.01542982608695652,0.016668608695652173,0.01770278260869565,0.018552347826086956,0.01921921739130435,0.01976617391304348,0.02026365217391304,0.020675391304347826,0.02091895652173913,0.02112182608695652,0.021377391304347824,0.021611565217391302,0.021774695652173912,0.02191078260869565,0.021999217391304345,0.02207182608695652,0.022179391304347824,0.02224895652173913,0.022264521739130433,0.022362,0.02243860869565217,0.022428,0.022444173913043475,0.022568260869565218,0.022614,0.02257478260869565,0.022558869565217392,0.022615304347826087,0.022606086956521738,0.02258,0.02267886956521739,0.022827217391304347,0.02277260869565217,0.022673217391304346,0.02277104347826087,0.022800695652173915,0.02272286956521739,0.02278782608695652,0.02289965217391304,0.022838173913043477,0.02273608695652174,0.02280773913043478,0.022839565217391306,0.02280904347826087,0.02288886956521739,0.02296669565217391,0.02288521739130435,0.022815565217391302,0.02286008695652174,0.022935391304347828,0.022977478260869565,0.022968434782608696,0.02290773913043478,0.02287391304347826,0.022901217391304348,0.02301408695652174,0.023019304347826085,0.02295478260869565,0.022953304347826085,0.022940173913043475,0.022845130434782607,0.022876782608695648,0.023024782608695653,0.023047565217391302,0.022945913043478258,0.022907391304347827,0.022920695652173913,0.022950608695652176,0.022997304347826084,0.02300791304347826,0.02298269565217391,0.022936608695652175,0.022948173913043476,0.023012173913043478,0.023013304347826086,0.02296365217391304,0.022971391304347822,0.023013478260869566,0.022999652173913043,0.022906260869565216,0.022969217391304347,0.023040869565217392,0.02295504347826087,0.022982173913043476,0.023061478260869562,0.023032608695652174,0.02297295652173913,0.023009391304347825]},"cell_dimension":{"value":0.115,"unit":"cm2"},"sweep_direction":{"unit":"","value":"unknown"},"key":"unknown_IV-4FPEABR-2-5"},{"sample_area":{"value":0.115,"unit":"cm2"},"irradiance":{"value":1,"unit":""},"pre_sweep_delay":{"value":0.5,"unit":""},"bias_direction":{"value":0,"unit":""},"max_reverse_bias":{"value":-0.1,"unit":""},"max_forward_bias":{"value":1.2,"unit":""},"num_sweep_points":{"value":100,"unit":""},"dwell_time":{"value":10,"unit":""},"current_limit":{"value":250,"unit":""},"pviv_10a_i_amp":{"value":0,"unit":""},"average":{"value":1,"unit":""},"dark_current":{"value":0,"unit":""},"rshunt_v_lo":{"value":-0.6,"unit":""},"rshunt_v_hi":{"value":-0.1,"unit":""},"voc":{"value":1.12907514,"unit":"V"},"isc":{"value":0.00267333,"unit":"A"},"jsc":{"value":23.2463152,"unit":"mA\/cm2"},"imax":{"value":0.00242455,"unit":"A"},"vmax":{"value":0.94863057,"unit":"V"},"pmax":{"value":2.3000015,"unit":"mW"},"fill_factor":{"value":76.1997,"unit":"%"},"efficiency":{"value":20,"unit":"%"},"r_at_voc":{"value":30.616625,"unit":""},"r_at_isc":{"value":51769.401,"unit":""},"power":{"value":0.00280372,"unit":"W"},"rshunt":{"value":"NaN","unit":"ohm"},"cell_temp_start":{"value":"NaN","unit":""},"cell_temp_end":{"value":"NaN","unit":""},"exposure":{"value":8.112,"unit":""},"time":{"value":"20:52:30","unit":""},"date":{"value":"04\/09\/2022","unit":""},"V":{"value":[1.2,1.18685,1.17375,1.1606,1.1475,1.13435,1.1212,1.1081,1.09495,1.0818,1.0687,1.05555,1.0424,1.0293,1.01615,1.00305,0.9899,0.97675,0.96365,0.9505,0.93735,0.92425,0.9111,0.898,0.88485,0.8717,0.8586,0.84545,0.8323,0.8192,0.80605,0.79295,0.7798,0.76665,0.75355,0.7404,0.72725,0.71415,0.701,0.6879,0.67475,0.6616,0.6485,0.63535,0.6222,0.6091,0.59595,0.58285,0.5697,0.55655,0.54345,0.5303,0.51715,0.50405,0.4909,0.4778,0.46465,0.4515,0.4384,0.42525,0.4121,0.399,0.38585,0.37275,0.3596,0.34645,0.33335,0.3202,0.30705,0.29395,0.2808,0.2677,0.25455,0.2414,0.2283,0.21515,0.202,0.1889,0.17575,0.16265,0.1495,0.13635,0.12325,0.1101,0.09695,0.08385,0.0707,0.0576,0.04445,0.0313,0.0182,0.00505,-0.0081,-0.0212,-0.03435,-0.04745,-0.0606,-0.07375,-0.08685,-0.1],"unit":"V"},"I":{"value":[-0.00289162,-0.00228711,-0.00169102,-0.0011347,-0.0006114,-0.00014563,0.00028667,0.00067045,0.0010167,0.00127477,0.00148522,0.00172762,0.001896,0.0020286,0.00213096,0.00221691,0.00228522,0.00234061,0.00238338,0.00242146,0.00245405,0.00247878,0.00249673,0.00251438,0.00252903,0.00254133,0.00256274,0.00257136,0.00256947,0.00257949,0.00259262,0.00259379,0.00259695,0.00260912,0.00259696,0.00251185,0.00261097,0.00262596,0.00262844,0.00263699,0.00263794,0.0026307,0.00263544,0.00264516,0.00264632,0.00263996,0.00264494,0.00265187,0.00264781,0.00264672,0.00264928,0.00264754,0.00264832,0.00265394,0.00265789,0.00265665,0.0026549,0.00266108,0.00266693,0.00266427,0.00266117,0.00266946,0.00266851,0.00266006,0.00266623,0.00267317,0.00266517,0.00265864,0.00267323,0.0026753,0.00266801,0.00267473,0.00267033,0.00266518,0.00266796,0.00267097,0.00266631,0.00266296,0.00266745,0.00266817,0.00266632,0.00266824,0.00267434,0.00267128,0.00267193,0.00267771,0.00267923,0.00267518,0.00266835,0.00266937,0.00267117,0.00267142,0.00267557,0.00267994,0.0026727,0.0026706,0.00267238,0.00266986,0.00267413,0.00268234],"unit":"A"},"J":{"unit":"A\/cm2","value":[-0.025144521739130433,-0.019887913043478263,-0.014704521739130434,-0.00986695652173913,-0.005316521739130434,-0.0012663478260869566,0.002492782608695652,0.005829999999999999,0.00884086956521739,0.01108495652173913,0.01291495652173913,0.015022782608695651,0.016486956521739128,0.01764,0.018530086956521738,0.019277478260869563,0.019871478260869567,0.020353130434782606,0.02072504347826087,0.021056173913043475,0.021339565217391304,0.02155460869565217,0.02171069565217391,0.021864173913043478,0.0219915652173913,0.022098521739130433,0.022284695652173912,0.02235965217391304,0.022343217391304345,0.022430347826086956,0.022544521739130432,0.02255469565217391,0.022582173913043478,0.022688,0.02258226086956522,0.021842173913043477,0.022704086956521735,0.022834434782608694,0.022856,0.022930347826086956,0.022938608695652174,0.022875652173913043,0.022916869565217393,0.023001391304347828,0.023011478260869567,0.022956173913043474,0.022999478260869566,0.023059739130434784,0.023024434782608693,0.02301495652173913,0.023037217391304345,0.023022086956521737,0.02302886956521739,0.02307773913043478,0.023112086956521737,0.023101304347826087,0.02308608695652174,0.02313982608695652,0.023190695652173913,0.0231675652173913,0.023140608695652175,0.02321269565217391,0.023204434782608693,0.02313095652173913,0.023184608695652174,0.023244956521739128,0.023175391304347825,0.02311860869565217,0.023245478260869566,0.023263478260869563,0.02320008695652174,0.023258521739130435,0.023220260869565214,0.023175478260869565,0.02319965217391304,0.02322582608695652,0.023185304347826084,0.023156173913043476,0.023195217391304347,0.023201478260869567,0.023185391304347824,0.02320208695652174,0.023255130434782608,0.023228521739130432,0.023234173913043474,0.023284434782608693,0.023297652173913042,0.023262434782608695,0.023203043478260868,0.02321191304347826,0.023227565217391305,0.02322973913043478,0.02326582608695652,0.02330382608695652,0.02324086956521739,0.023222608695652174,0.023238086956521735,0.023216173913043477,0.023253304347826083,0.02332469565217391]},"cell_dimension":{"value":0.115,"unit":"cm2"},"sweep_direction":{"unit":"","value":"unknown"},"key":"unknown_IV-4FPEABR-2-4"},{"sample_area":{"value":0.115,"unit":"cm2"},"irradiance":{"value":1,"unit":""},"pre_sweep_delay":{"value":0.5,"unit":""},"bias_direction":{"value":0,"unit":""},"max_reverse_bias":{"value":-0.1,"unit":""},"max_forward_bias":{"value":1.2,"unit":""},"num_sweep_points":{"value":100,"unit":""},"dwell_time":{"value":10,"unit":""},"current_limit":{"value":250,"unit":""},"pviv_10a_i_amp":{"value":0,"unit":""},"average":{"value":1,"unit":""},"dark_current":{"value":0,"unit":""},"rshunt_v_lo":{"value":-0.6,"unit":""},"rshunt_v_hi":{"value":-0.1,"unit":""},"voc":{"value":1.12098916,"unit":"V"},"isc":{"value":0.00269384,"unit":"A"},"jsc":{"value":23.42472021,"unit":"mA\/cm2"},"imax":{"value":0.0024657,"unit":"A"},"vmax":{"value":0.93786635,"unit":"V"},"pmax":{"value":2.31249648,"unit":"mW"},"fill_factor":{"value":76.5786,"unit":"%"},"efficiency":{"value":20.1087,"unit":"%"},"r_at_voc":{"value":33.133844,"unit":""},"r_at_isc":{"value":177142.373,"unit":""},"power":{"value":0.00280586,"unit":"W"},"rshunt":{"value":"NaN","unit":"ohm"},"cell_temp_start":{"value":"NaN","unit":""},"cell_temp_end":{"value":"NaN","unit":""},"exposure":{"value":8.305,"unit":""},"time":{"value":"20:51:50","unit":""},"date":{"value":"04\/09\/2022","unit":""},"V":{"value":[1.2,1.18685,1.17375,1.1606,1.1475,1.13435,1.1212,1.1081,1.09495,1.0818,1.0687,1.05555,1.0424,1.0293,1.01615,1.00305,0.9899,0.97675,0.96365,0.9505,0.93735,0.92425,0.9111,0.898,0.88485,0.8717,0.8586,0.84545,0.8323,0.8192,0.80605,0.79295,0.7798,0.76665,0.75355,0.7404,0.72725,0.71415,0.701,0.6879,0.67475,0.6616,0.6485,0.63535,0.6222,0.6091,0.59595,0.58285,0.5697,0.55655,0.54345,0.5303,0.51715,0.50405,0.4909,0.4778,0.46465,0.4515,0.4384,0.42525,0.4121,0.399,0.38585,0.37275,0.3596,0.34645,0.33335,0.3202,0.30705,0.29395,0.2808,0.2677,0.25455,0.2414,0.2283,0.21515,0.202,0.1889,0.17575,0.16265,0.1495,0.13635,0.12325,0.1101,0.09695,0.08385,0.0707,0.0576,0.04445,0.0313,0.0182,0.00505,-0.0081,-0.0212,-0.03435,-0.04745,-0.0606,-0.07375,-0.08685,-0.1],"unit":"V"},"I":{"value":[-0.00289242,-0.00234632,-0.00182021,-0.00131379,-0.00083838,-0.00038465,3.247e-5,0.00040038,0.0007572,0.00105033,0.00132996,0.00156624,0.00176648,0.00193294,0.00206702,0.00217632,0.00226293,0.00233397,0.00239354,0.00243283,0.00246708,0.00249659,0.00252632,0.00254628,0.0025605,0.00257834,0.00259577,0.00259926,0.00260908,0.00262063,0.00262493,0.00262472,0.00263122,0.0026337,0.00263718,0.00265406,0.00265732,0.00264951,0.00264899,0.00265859,0.00266178,0.00265316,0.00266595,0.0026725,0.00266486,0.0026641,0.0026698,0.0026687,0.00266341,0.00266473,0.00267209,0.00267307,0.00267045,0.00267666,0.0026806,0.002667,0.00266504,0.00268073,0.0026813,0.00267727,0.00268366,0.00268582,0.00267376,0.00266962,0.00267907,0.00268938,0.00268581,0.00268995,0.00269556,0.00269234,0.00268992,0.00269897,0.00269711,0.00268746,0.00268796,0.00269414,0.00269597,0.00269823,0.00269908,0.00269463,0.00268939,0.00268895,0.00269553,0.00269507,0.0026893,0.00269078,0.00269398,0.00268659,0.00268507,0.00269639,0.00269604,0.0026901,0.00270147,0.00270543,0.00269423,0.00268758,0.0026925,0.00269122,0.0026908,0.00270069],"unit":"A"},"J":{"unit":"A\/cm2","value":[-0.025151478260869567,-0.02040278260869565,-0.01582791304347826,-0.011424260869565217,-0.007290260869565217,-0.003344782608695652,0.0002823478260869565,0.003481565217391304,0.006584347826086956,0.009133304347826086,0.01156486956521739,0.013619478260869565,0.015360695652173913,0.016808173913043477,0.01797408695652174,0.018924521739130434,0.01967765217391304,0.020295391304347824,0.020813391304347825,0.021155043478260867,0.02145286956521739,0.021709478260869563,0.021967999999999998,0.022141565217391305,0.022265217391304347,0.022420347826086956,0.022571913043478258,0.022602260869565217,0.022687652173913043,0.02278808695652174,0.022825478260869565,0.022823652173913044,0.022880173913043478,0.022901739130434782,0.022931999999999998,0.023078782608695652,0.023107130434782606,0.023039217391304347,0.023034695652173913,0.02311817391304348,0.02314591304347826,0.023070956521739128,0.023182173913043475,0.023239130434782606,0.02317269565217391,0.02316608695652174,0.023215652173913044,0.023206086956521738,0.02316008695652174,0.023171565217391304,0.023235565217391303,0.023244086956521737,0.023221304347826086,0.023275304347826084,0.023309565217391304,0.023191304347826087,0.023174260869565217,0.02331069565217391,0.023315652173913043,0.023280608695652173,0.023336173913043476,0.023354956521739127,0.023250086956521736,0.02321408695652174,0.023296260869565218,0.02338591304347826,0.02335486956521739,0.02339086956521739,0.023439652173913042,0.023411652173913042,0.023390608695652175,0.023469304347826087,0.02345313043478261,0.023369217391304348,0.023373565217391305,0.023427304347826083,0.023443217391304345,0.023462869565217388,0.023470260869565215,0.023431565217391304,0.023385999999999997,0.023382173913043477,0.02343939130434782,0.023435391304347825,0.023385217391304346,0.023398086956521735,0.02342591304347826,0.023361652173913044,0.023348434782608694,0.02344686956521739,0.02344382608695652,0.023392173913043476,0.023491043478260868,0.023525478260869565,0.02342808695652174,0.02337026086956522,0.02341304347826087,0.02340191304347826,0.02339826086956522,0.023484260869565215]},"cell_dimension":{"value":0.115,"unit":"cm2"},"sweep_direction":{"unit":"","value":"unknown"},"key":"unknown_IV-4FPEABR-2-1"}]}}