{"_id":"652906f99d8aa506476d2047","id":"SKKU-SC-00016","author":94,"group":11,"input":[{"tco":{"unit":"","value":"ITO"}},{"surface_treatment":{"unit":"","value":"O-Plasma"}},{"htl":[{"material":{"unit":"","value":"2PACz"},"concentration":{"unit":"","value":"0.3"},"conc_unit":{"unit":"","value":"mg\/ml"},"quantity":{"unit":"ml","value":"0.2"}}],"spin_coating":[{"type":{"unit":"","value":"Static (loading)"},"rpm":{"unit":"","value":"3000"},"time":{"unit":"s","value":"30"}}],"annealing":[{"temperature":{"unit":"oC","value":"100"},"time":{"unit":"m","value":"10"}}],"condition":{"unit":"","value":"glove-box(N2)"}},{"perovskite":{"method":{"unit":"","value":"1step"},"molarity":{"unit":"M","value":"1.3M"},"a_site":[{"material":{"unit":"","value":"FA"},"ratio":{"unit":"","value":"82"}},{"material":{"unit":"","value":"Cs"},"ratio":{"unit":"","value":"3"}},{"material":{"unit":"","value":"MA"},"ratio":{"unit":"","value":"15"}}],"b_site":[{"material":{"unit":"","value":"Pb"},"ratio":{"unit":"","value":"100"}}],"x_site":[{"material":{"unit":"","value":"I"},"ratio":{"unit":"","value":"76.66666666666667"}},{"material":{"unit":"","value":"Br"},"ratio":{"unit":"","value":"23.333333333333332"}}],"solvent":[{"material":{"unit":"","value":"DMF"},"volume":{"unit":"ml","value":"4"}},{"material":{"unit":"","value":"DMSO"},"volume":{"unit":"ml","value":"1"}}],"antisolvent":[{"material":{"unit":"","value":"CB"},"quantity":{"unit":"ul","value":"300"},"dripping_time":{"unit":"s","value":"5"}}],"annealing":[{"temperature":{"unit":"oC","value":"100"},"time":{"unit":"m","value":"10"}}],"spin_coating":[{"type":{"unit":"","value":"Static (loading)"},"rpm":{"unit":"","value":"1000"},"time":{"unit":"s","value":"10"}},{"type":{"unit":"","value":"Static (loading)"},"rpm":{"unit":"","value":"5000"},"time":{"unit":"s","value":"40"}}],"atmosphere":[{"type":{"unit":"","value":"glove-box(N2)"},"temperature":{"unit":"oC","value":"23"},"humidity":{"unit":"RH%","value":"0"}}]}},{"perovskite_treatment":[{"material":{"unit":"","value":"LiF"},"concentration":{"unit":"","value":"None"},"conc_unit":{"unit":"","value":"None"},"quantity":{"unit":"ml","value":"None"}}],"thermal_evaporation":[{"vacuum_evaporation_thickness":{"unit":"nm","value":"1"},"evaporation_rate":{"unit":"\u00c5\/s","value":"0.1"},"vacuum_pressure":{"unit":"uTorr","value":"2"}}]},{"etl":[{"material":{"unit":"","value":"C60"},"concentration":{"unit":"","value":"None"},"conc_unit":{"unit":"","value":"None"},"quantity":{"unit":"ml","value":"None"}}],"thermal_evaporation":[{"vacuum_evaporation_thickness":{"unit":"nm","value":"25"},"evaporation_rate":{"unit":"\u00c5\/s","value":"0.2"},"vacuum_pressure":{"unit":"uTorr","value":"2"}}]},{"blocking_buffer_layer":[{"material":{"unit":"","value":"BCP"},"concentration":{"unit":"","value":""},"conc_unit":{"unit":"","value":"mg\/ml"},"quantity":{"unit":"ml","value":"None"}}],"thermal_evaporation":[{"vacuum_evaporation_thickness":{"unit":"nm","value":"8"},"evaporation_rate":{"unit":"\u00c5\/s","value":"0.2"},"vacuum_pressure":{"unit":"uTorr","value":"2"}}]},{"anode_metal":{"unit":"","value":"Ag"}},{"type":{"unit":"","value":"unit_cell"},"device_type":{"unit":"","value":"p-i-n"},"temperature":{"unit":"\u2103","value":"20"},"humidity":{"unit":"%","value":"20"},"cell_dimension":{"unit":"cm2","value":"0.125"}}],"fileinfo":[{"key":"Forward_IV 0.03-1-1","uploadType":"JV","original_name":"IV 0.03-1-1-F.txt","save_name":"SKKU-SC-00016\/Forward_IV 0.03-1-1","uploader":94,"fileType":""},{"key":"Reverse_IV 0.03-1-1","uploadType":"JV","original_name":"IV 0.03-1-1-R.txt","save_name":"SKKU-SC-00016\/Reverse_IV 0.03-1-1","uploader":94,"fileType":""},{"key":"Forward_IV 0.03-1-2","uploadType":"JV","original_name":"IV 0.03-1-2-F.txt","save_name":"SKKU-SC-00016\/Forward_IV 0.03-1-2","uploader":94,"fileType":""},{"key":"Reverse_IV 0.03-1-2","uploadType":"JV","original_name":"IV 0.03-1-2-R.txt","save_name":"SKKU-SC-00016\/Reverse_IV 0.03-1-2","uploader":94,"fileType":""},{"key":"Forward_IV 0.03-1-4","uploadType":"JV","original_name":"IV 0.03-1-4-F.txt","save_name":"SKKU-SC-00016\/Forward_IV 0.03-1-4","uploader":94,"fileType":""},{"key":"Reverse_IV 0.03-1-4","uploadType":"JV","original_name":"IV 0.03-1-4-R.txt","save_name":"SKKU-SC-00016\/Reverse_IV 0.03-1-4","uploader":94,"fileType":""},{"key":"Forward_IV 0.03-1-5","uploadType":"JV","original_name":"IV 0.03-1-5-F.txt","save_name":"SKKU-SC-00016\/Forward_IV 0.03-1-5","uploader":94,"fileType":""},{"key":"Reverse_IV 0.03-1-5","uploadType":"JV","original_name":"IV 0.03-1-5-R.txt","save_name":"SKKU-SC-00016\/Reverse_IV 0.03-1-5","uploader":94,"fileType":""},{"key":"Forward_IV 0.03-2-1","uploadType":"JV","original_name":"IV 0.03-2-1-F.txt","save_name":"SKKU-SC-00016\/Forward_IV 0.03-2-1","uploader":94,"fileType":""},{"key":"Reverse_IV 0.03-2-1","uploadType":"JV","original_name":"IV 0.03-2-1-R.txt","save_name":"SKKU-SC-00016\/Reverse_IV 0.03-2-1","uploader":94,"fileType":""},{"key":"Forward_IV 0.03-2-2","uploadType":"JV","original_name":"IV 0.03-2-2-F.txt","save_name":"SKKU-SC-00016\/Forward_IV 0.03-2-2","uploader":94,"fileType":""},{"key":"Reverse_IV 0.03-2-2","uploadType":"JV","original_name":"IV 0.03-2-2-R.txt","save_name":"SKKU-SC-00016\/Reverse_IV 0.03-2-2","uploader":94,"fileType":""},{"key":"Forward_IV 0.03-2-3","uploadType":"JV","original_name":"IV 0.03-2-3-F.txt","save_name":"SKKU-SC-00016\/Forward_IV 0.03-2-3","uploader":94,"fileType":""},{"key":"Reverse_IV 0.03-2-3","uploadType":"JV","original_name":"IV 0.03-2-3-R.txt","save_name":"SKKU-SC-00016\/Reverse_IV 0.03-2-3","uploader":94,"fileType":""},{"key":"Forward_IV 0.03-2-5","uploadType":"JV","original_name":"IV 0.03-2-5-F.txt","save_name":"SKKU-SC-00016\/Forward_IV 0.03-2-5","uploader":94,"fileType":""},{"key":"Reverse_IV 0.03-2-5","uploadType":"JV","original_name":"IV 0.03-2-5-R.txt","save_name":"SKKU-SC-00016\/Reverse_IV 0.03-2-5","uploader":94,"fileType":""}],"updated_at":"2024-10-24 08:59:37","created_at":"2023-10-13 08:59:37","jvcnt":16,"analysisInfo":{"JV":[{"efficiency":12.64,"fill_factor":61.21,"jsc":19.263,"voc":1.0723,"key":"Reverse_IV 0.03-2-5","cell_dimension":0.125},{"efficiency":17.42,"fill_factor":79.35,"jsc":20.108,"voc":1.092,"key":"Reverse_IV 0.03-2-3","cell_dimension":0.125},{"efficiency":17.81,"fill_factor":80.32,"jsc":20.18,"voc":1.0985,"key":"Reverse_IV 0.03-2-2","cell_dimension":0.125},{"efficiency":19.06,"fill_factor":81.66,"jsc":20.688,"voc":1.1284,"key":"Reverse_IV 0.03-2-1","cell_dimension":0.125},{"efficiency":16.57,"fill_factor":74.83,"jsc":20.355,"voc":1.0882,"key":"Reverse_IV 0.03-1-5","cell_dimension":0.125},{"efficiency":17.63,"fill_factor":79.9,"jsc":20.295,"voc":1.0873,"key":"Reverse_IV 0.03-1-4","cell_dimension":0.125},{"efficiency":15.58,"fill_factor":70.32,"jsc":20.338,"voc":1.0894,"key":"Reverse_IV 0.03-1-2","cell_dimension":0.125},{"efficiency":18.47,"fill_factor":80.72,"jsc":20.469,"voc":1.1179,"key":"Reverse_IV 0.03-1-1","cell_dimension":0.125},{"efficiency":14.58,"fill_factor":69.56,"jsc":19.292,"voc":1.0863,"key":"Forward_IV 0.03-2-5","cell_dimension":0.125},{"efficiency":17.68,"fill_factor":80.4,"jsc":20.084,"voc":1.0949,"key":"Forward_IV 0.03-2-3","cell_dimension":0.125},{"efficiency":18.02,"fill_factor":81.36,"jsc":20.142,"voc":1.0997,"key":"Forward_IV 0.03-2-2","cell_dimension":0.125},{"efficiency":18.57,"fill_factor":80.83,"jsc":20.634,"voc":1.1135,"key":"Forward_IV 0.03-2-1","cell_dimension":0.125},{"efficiency":16.84,"fill_factor":75.96,"jsc":20.304,"voc":1.0918,"key":"Forward_IV 0.03-1-5","cell_dimension":0.125},{"efficiency":17.97,"fill_factor":81.31,"jsc":20.259,"voc":1.0907,"key":"Forward_IV 0.03-1-4","cell_dimension":0.125},{"efficiency":15.69,"fill_factor":70.37,"jsc":20.362,"voc":1.0949,"key":"Forward_IV 0.03-1-2","cell_dimension":0.125},{"efficiency":18.17,"fill_factor":80.51,"jsc":20.458,"voc":1.1034,"key":"Forward_IV 0.03-1-1","cell_dimension":0.125}]},"public":2,"analysis":{"JV":[{"V":{"value":[1.2,1.187,1.174,1.161,1.147,1.134,1.121,1.108,1.095,1.082,1.069,1.056,1.042,1.029,1.016,1.003,0.99,0.977,0.964,0.951,0.937,0.924,0.911,0.898,0.885,0.872,0.859,0.845,0.832,0.819,0.806,0.793,0.78,0.767,0.754,0.74,0.727,0.714,0.701,0.688,0.675,0.662,0.648,0.635,0.622,0.609,0.596,0.583,0.57,0.557,0.543,0.53,0.517,0.504,0.491,0.478,0.465,0.452,0.438,0.425,0.412,0.399,0.386,0.373,0.36,0.346,0.333,0.32,0.307,0.294,0.281,0.268,0.255,0.241,0.228,0.215,0.202,0.189,0.176,0.163,0.149,0.136,0.123,0.11,0.097,0.084,0.071,0.058,0.044,0.031,0.018,0.005,-0.008,-0.021,-0.034,-0.047,-0.061,-0.074,-0.087,-0.1],"unit":"V"},"I":{"value":[-0.0027214,-0.0027213,-0.0027213,-0.0027214,-0.0023302,-0.00185,-0.0013992,-0.00097604,-0.00058836,-0.00023382,8.1121e-5,0.00036315,0.00063024,0.00084349,0.0010219,0.0011683,0.0012952,0.0014018,0.0014906,0.0015622,0.0016242,0.001674,0.001718,0.0017552,0.001786,0.0018114,0.0018363,0.0018574,0.0018746,0.0018944,0.0019089,0.0019219,0.0019339,0.0019461,0.0019561,0.0019682,0.001978,0.0019864,0.0019975,0.0020005,0.0020083,0.0020133,0.0020239,0.0020279,0.0020372,0.0020435,0.0020495,0.002055,0.0020599,0.0020675,0.0020743,0.0020789,0.0020813,0.002091,0.0020973,0.0021051,0.0021103,0.0021135,0.0021244,0.0021324,0.0021373,0.0021415,0.0021531,0.0021652,0.0021715,0.0021787,0.0021906,0.0022016,0.0022136,0.0022252,0.0022355,0.0022486,0.0022634,0.0022749,0.0022859,0.0022984,0.0023105,0.0023173,0.0023297,0.0023393,0.0023461,0.0023576,0.0023641,0.0023716,0.0023795,0.0023803,0.0023875,0.0023956,0.0023991,0.0024,0.0023986,0.0024075,0.0024086,0.0024087,0.0024117,0.0024102,0.0024153,0.0024125,0.0024132,0.002413],"unit":"A"},"J":{"value":[-0.000340175,-0.0003401625,-0.0003401625,-0.000340175,-0.000291275,-0.00023125,-0.0001749,-0.000122005,-7.3545e-5,-2.92275e-5,1.0140125e-5,4.539375e-5,7.878e-5,0.00010543625,0.0001277375,0.0001460375,0.0001619,0.000175225,0.000186325,0.000195275,0.000203025,0.00020925,0.00021475,0.0002194,0.00022325,0.000226425,0.0002295375,0.000232175,0.000234325,0.0002368,0.0002386125,0.0002402375,0.0002417375,0.0002432625,0.0002445125,0.000246025,0.00024725,0.0002483,0.0002496875,0.0002500625,0.0002510375,0.0002516625,0.0002529875,0.0002534875,0.00025465,0.0002554375,0.0002561875,0.000256875,0.0002574875,0.0002584375,0.0002592875,0.0002598625,0.0002601625,0.000261375,0.0002621625,0.0002631375,0.0002637875,0.0002641875,0.00026555,0.00026655,0.0002671625,0.0002676875,0.0002691375,0.00027065,0.0002714375,0.0002723375,0.000273825,0.0002752,0.0002767,0.00027815,0.0002794375,0.000281075,0.000282925,0.0002843625,0.0002857375,0.0002873,0.0002888125,0.0002896625,0.0002912125,0.0002924125,0.0002932625,0.0002947,0.0002955125,0.00029645,0.0002974375,0.0002975375,0.0002984375,0.00029945,0.0002998875,0.0003,0.000299825,0.0003009375,0.000301075,0.0003010875,0.0003014625,0.000301275,0.0003019125,0.0003015625,0.00030165,0.000301625],"unit":"A\/cm2"},"voc":{"unit":"V","value":1.0723},"isc":{"unit":"A","value":0.0024079},"jsc":{"unit":"mA\/cm2","value":19.263},"fill_factor":{"unit":"%","value":61.21},"pmax":{"unit":"mW","value":1.581},"vmax":{"unit":"V","value":0.885},"imax":{"unit":"mA","value":1.786},"rshunt":{"unit":"ohms","value":5700},"voc_slope":{"unit":"ohms","value":45.8},"efficiency":{"unit":"%","value":12.64},"monitor_cell_reading":{"unit":"mV","value":0},"monitor_cell_calibration_value":{"unit":"mV","value":0},"test_device_area":{"unit":"cm2","value":0.125},"num_of_series_connected_stacks":{"unit":"","value":1},"meter_integration":{"unit":"NPLC","value":0.1},"source_irradiance":{"unit":"mW\/cm2","value":100},"voltage_settling_time":{"unit":"ms","value":100},"sweep_direction":{"unit":"","value":"Reverse"},"irradiance_variation_correction":{"unit":"","value":"None"},"device_id":{"unit":"","value":"0.03-2-5-R"},"cell_dimension":{"unit":"cm2","value":0.125},"key":"Reverse_IV 0.03-2-5"},{"V":{"value":[1.2,1.187,1.174,1.161,1.147,1.134,1.121,1.108,1.095,1.082,1.069,1.056,1.042,1.029,1.016,1.003,0.99,0.977,0.964,0.951,0.937,0.924,0.911,0.898,0.885,0.872,0.859,0.845,0.832,0.819,0.806,0.793,0.78,0.767,0.754,0.74,0.727,0.714,0.701,0.688,0.675,0.662,0.648,0.635,0.622,0.609,0.596,0.583,0.57,0.557,0.543,0.53,0.517,0.504,0.491,0.478,0.465,0.452,0.438,0.425,0.412,0.399,0.386,0.373,0.36,0.346,0.333,0.32,0.307,0.294,0.281,0.268,0.255,0.241,0.228,0.215,0.202,0.189,0.176,0.163,0.149,0.136,0.123,0.11,0.097,0.084,0.071,0.058,0.044,0.031,0.018,0.005,-0.008,-0.021,-0.034,-0.047,-0.061,-0.074,-0.087,-0.1],"unit":"V"},"I":{"value":[-0.0030416,-0.0030416,-0.0030415,-0.0030416,-0.0030415,-0.002184,-0.0013998,-0.00072161,-0.00011817,0.00039559,0.00082251,0.00116,0.0014705,0.0016887,0.0018584,0.0019936,0.0020963,0.0021759,0.0022351,0.0022794,0.0023244,0.0023514,0.0023713,0.002392,0.0024051,0.0024203,0.0024304,0.0024378,0.0024488,0.0024508,0.0024548,0.0024615,0.0024656,0.0024686,0.0024751,0.0024803,0.0024823,0.002482,0.0024858,0.0024859,0.002485,0.0024915,0.002493,0.0024918,0.0024914,0.0024909,0.0024982,0.0024943,0.0024957,0.0024962,0.0025008,0.0024992,0.0024981,0.0025058,0.002504,0.0025014,0.0025037,0.0025068,0.0025033,0.0025043,0.0025021,0.0025053,0.0025062,0.0025088,0.0025075,0.0025035,0.0025049,0.0025062,0.0025062,0.0025071,0.002508,0.0025103,0.0025112,0.0025059,0.0025075,0.002511,0.0025112,0.0025115,0.0025107,0.0025136,0.0025101,0.0025164,0.0025107,0.0025115,0.0025127,0.0025109,0.0025125,0.0025091,0.0025073,0.0025127,0.0025129,0.0025123,0.0025155,0.002517,0.002516,0.0025113,0.0025151,0.0025173,0.0025155,0.0025141],"unit":"A"},"J":{"value":[-0.0003802,-0.0003802,-0.0003801875,-0.0003802,-0.0003801875,-0.000273,-0.000174975,-9.020125e-5,-1.477125e-5,4.944875e-5,0.00010281375,0.000145,0.0001838125,0.0002110875,0.0002323,0.0002492,0.0002620375,0.0002719875,0.0002793875,0.000284925,0.00029055,0.000293925,0.0002964125,0.000299,0.0003006375,0.0003025375,0.0003038,0.000304725,0.0003061,0.00030635,0.00030685,0.0003076875,0.0003082,0.000308575,0.0003093875,0.0003100375,0.0003102875,0.00031025,0.000310725,0.0003107375,0.000310625,0.0003114375,0.000311625,0.000311475,0.000311425,0.0003113625,0.000312275,0.0003117875,0.0003119625,0.000312025,0.0003126,0.0003124,0.0003122625,0.000313225,0.000313,0.000312675,0.0003129625,0.00031335,0.0003129125,0.0003130375,0.0003127625,0.0003131625,0.000313275,0.0003136,0.0003134375,0.0003129375,0.0003131125,0.000313275,0.000313275,0.0003133875,0.0003135,0.0003137875,0.0003139,0.0003132375,0.0003134375,0.000313875,0.0003139,0.0003139375,0.0003138375,0.0003142,0.0003137625,0.00031455,0.0003138375,0.0003139375,0.0003140875,0.0003138625,0.0003140625,0.0003136375,0.0003134125,0.0003140875,0.0003141125,0.0003140375,0.0003144375,0.000314625,0.0003145,0.0003139125,0.0003143875,0.0003146625,0.0003144375,0.0003142625],"unit":"A\/cm2"},"voc":{"unit":"V","value":1.092},"isc":{"unit":"A","value":0.0025135},"jsc":{"unit":"mA\/cm2","value":20.108},"fill_factor":{"unit":"%","value":79.35},"pmax":{"unit":"mW","value":2.178},"vmax":{"unit":"V","value":0.937},"imax":{"unit":"mA","value":2.324},"rshunt":{"unit":"ohms","value":8570},"voc_slope":{"unit":"ohms","value":25},"efficiency":{"unit":"%","value":17.42},"monitor_cell_reading":{"unit":"mV","value":0},"monitor_cell_calibration_value":{"unit":"mV","value":0},"test_device_area":{"unit":"cm2","value":0.125},"num_of_series_connected_stacks":{"unit":"","value":1},"meter_integration":{"unit":"NPLC","value":0.1},"source_irradiance":{"unit":"mW\/cm2","value":100},"voltage_settling_time":{"unit":"ms","value":100},"sweep_direction":{"unit":"","value":"Reverse"},"irradiance_variation_correction":{"unit":"","value":"None"},"device_id":{"unit":"","value":"0.03-2-3-R"},"cell_dimension":{"unit":"cm2","value":0.125},"key":"Reverse_IV 0.03-2-3"},{"V":{"value":[1.2,1.187,1.174,1.161,1.147,1.134,1.121,1.108,1.095,1.082,1.069,1.056,1.042,1.029,1.016,1.003,0.99,0.977,0.964,0.951,0.937,0.924,0.911,0.898,0.885,0.872,0.859,0.845,0.832,0.819,0.806,0.793,0.78,0.767,0.754,0.74,0.727,0.714,0.701,0.688,0.675,0.662,0.648,0.635,0.622,0.609,0.596,0.583,0.57,0.557,0.543,0.53,0.517,0.504,0.491,0.478,0.465,0.452,0.438,0.425,0.412,0.399,0.386,0.373,0.36,0.346,0.333,0.32,0.307,0.294,0.281,0.268,0.255,0.241,0.228,0.215,0.202,0.189,0.176,0.163,0.149,0.136,0.123,0.11,0.097,0.084,0.071,0.058,0.044,0.031,0.018,0.005,-0.008,-0.021,-0.034,-0.047,-0.061,-0.074,-0.087,-0.1],"unit":"V"},"I":{"value":[-0.0030455,-0.0030455,-0.0030455,-0.0030455,-0.0026971,-0.001835,-0.0010749,-0.00042542,0.00015869,0.00064244,0.0010414,0.001349,0.0016295,0.0018298,0.0019811,0.0020914,0.0021806,0.0022509,0.002302,0.0023405,0.0023697,0.002393,0.0024131,0.0024252,0.0024379,0.0024514,0.0024571,0.0024674,0.0024674,0.0024759,0.0024853,0.0024843,0.0024882,0.0024896,0.0024916,0.0024899,0.002497,0.0024988,0.002504,0.0024985,0.0025022,0.0025064,0.0025054,0.002502,0.0025037,0.0025071,0.0025058,0.0025076,0.0025114,0.0025088,0.0025074,0.0025097,0.0025151,0.0025111,0.0025118,0.0025137,0.0025132,0.0025149,0.0025116,0.002512,0.0025133,0.0025156,0.0025126,0.0025143,0.0025188,0.0025153,0.0025137,0.0025126,0.0025181,0.0025193,0.002518,0.0025167,0.0025187,0.0025172,0.002518,0.002517,0.002517,0.0025185,0.002517,0.0025213,0.0025171,0.0025199,0.0025217,0.0025197,0.0025185,0.0025186,0.0025232,0.0025221,0.0025182,0.0025174,0.0025191,0.0025238,0.0025206,0.002518,0.0025247,0.0025184,0.002523,0.002523,0.0025229,0.0025225],"unit":"A"},"J":{"value":[-0.0003806875,-0.0003806875,-0.0003806875,-0.0003806875,-0.0003371375,-0.000229375,-0.0001343625,-5.31775e-5,1.983625e-5,8.0305e-5,0.000130175,0.000168625,0.0002036875,0.000228725,0.0002476375,0.000261425,0.000272575,0.0002813625,0.00028775,0.0002925625,0.0002962125,0.000299125,0.0003016375,0.00030315,0.0003047375,0.000306425,0.0003071375,0.000308425,0.000308425,0.0003094875,0.0003106625,0.0003105375,0.000311025,0.0003112,0.00031145,0.0003112375,0.000312125,0.00031235,0.000313,0.0003123125,0.000312775,0.0003133,0.000313175,0.00031275,0.0003129625,0.0003133875,0.000313225,0.00031345,0.000313925,0.0003136,0.000313425,0.0003137125,0.0003143875,0.0003138875,0.000313975,0.0003142125,0.00031415,0.0003143625,0.00031395,0.000314,0.0003141625,0.00031445,0.000314075,0.0003142875,0.00031485,0.0003144125,0.0003142125,0.000314075,0.0003147625,0.0003149125,0.00031475,0.0003145875,0.0003148375,0.00031465,0.00031475,0.000314625,0.000314625,0.0003148125,0.000314625,0.0003151625,0.0003146375,0.0003149875,0.0003152125,0.0003149625,0.0003148125,0.000314825,0.0003154,0.0003152625,0.000314775,0.000314675,0.0003148875,0.000315475,0.000315075,0.00031475,0.0003155875,0.0003148,0.000315375,0.000315375,0.0003153625,0.0003153125],"unit":"A\/cm2"},"voc":{"unit":"V","value":1.0985},"isc":{"unit":"A","value":0.0025225},"jsc":{"unit":"mA\/cm2","value":20.18},"fill_factor":{"unit":"%","value":80.32},"pmax":{"unit":"mW","value":2.226},"vmax":{"unit":"V","value":0.951},"imax":{"unit":"mA","value":2.341},"rshunt":{"unit":"ohms","value":3990},"voc_slope":{"unit":"ohms","value":26.3},"efficiency":{"unit":"%","value":17.81},"monitor_cell_reading":{"unit":"mV","value":0},"monitor_cell_calibration_value":{"unit":"mV","value":0},"test_device_area":{"unit":"cm2","value":0.125},"num_of_series_connected_stacks":{"unit":"","value":1},"meter_integration":{"unit":"NPLC","value":0.1},"source_irradiance":{"unit":"mW\/cm2","value":100},"voltage_settling_time":{"unit":"ms","value":100},"sweep_direction":{"unit":"","value":"Reverse"},"irradiance_variation_correction":{"unit":"","value":"None"},"device_id":{"unit":"","value":"0.03-2-2-R"},"cell_dimension":{"unit":"cm2","value":0.125},"key":"Reverse_IV 0.03-2-2"},{"V":{"value":[1.2,1.187,1.174,1.161,1.147,1.134,1.121,1.108,1.095,1.082,1.069,1.056,1.042,1.029,1.016,1.003,0.99,0.977,0.964,0.951,0.937,0.924,0.911,0.898,0.885,0.872,0.859,0.845,0.832,0.819,0.806,0.793,0.78,0.767,0.754,0.74,0.727,0.714,0.701,0.688,0.675,0.662,0.648,0.635,0.622,0.609,0.596,0.583,0.57,0.557,0.543,0.53,0.517,0.504,0.491,0.478,0.465,0.452,0.438,0.425,0.412,0.399,0.386,0.373,0.36,0.346,0.333,0.32,0.307,0.294,0.281,0.268,0.255,0.241,0.228,0.215,0.202,0.189,0.176,0.163,0.149,0.136,0.123,0.11,0.097,0.084,0.071,0.058,0.044,0.031,0.018,0.005,-0.008,-0.021,-0.034,-0.047,-0.061,-0.074,-0.087,-0.1],"unit":"V"},"I":{"value":[-0.0031345,-0.0031345,-0.0023379,-0.0015667,-0.00083667,-0.00022972,0.00030248,0.00075631,0.0011067,0.0014354,0.00169,0.0018907,0.0020653,0.0021844,0.0022765,0.0023427,0.0023999,0.0024382,0.0024719,0.0024932,0.0025113,0.0025271,0.0025385,0.0025447,0.0025504,0.0025573,0.002559,0.0025618,0.002563,0.0025669,0.0025708,0.0025694,0.0025709,0.0025713,0.0025746,0.0025726,0.0025735,0.0025784,0.0025764,0.0025767,0.002579,0.0025809,0.0025765,0.002578,0.0025822,0.0025816,0.0025796,0.0025796,0.0025835,0.0025845,0.0025796,0.0025822,0.0025816,0.0025847,0.0025812,0.0025831,0.0025815,0.0025838,0.0025862,0.002583,0.0025833,0.0025842,0.0025849,0.0025783,0.002577,0.0025812,0.0025808,0.0025845,0.0025851,0.0025863,0.0025837,0.00258,0.0025859,0.002588,0.002582,0.0025845,0.0025837,0.0025866,0.0025854,0.0025839,0.0025853,0.0025868,0.0025851,0.0025867,0.0025841,0.0025877,0.0025871,0.0025846,0.0025856,0.002586,0.0025863,0.0025855,0.0025868,0.0025889,0.0025847,0.0025821,0.0025844,0.0025865,0.0025829,0.0025838],"unit":"A"},"J":{"value":[-0.0003918125,-0.0003918125,-0.0002922375,-0.0001958375,-0.00010458375,-2.8715e-5,3.781e-5,9.453875e-5,0.0001383375,0.000179425,0.00021125,0.0002363375,0.0002581625,0.00027305,0.0002845625,0.0002928375,0.0002999875,0.000304775,0.0003089875,0.00031165,0.0003139125,0.0003158875,0.0003173125,0.0003180875,0.0003188,0.0003196625,0.000319875,0.000320225,0.000320375,0.0003208625,0.00032135,0.000321175,0.0003213625,0.0003214125,0.000321825,0.000321575,0.0003216875,0.0003223,0.00032205,0.0003220875,0.000322375,0.0003226125,0.0003220625,0.00032225,0.000322775,0.0003227,0.00032245,0.00032245,0.0003229375,0.0003230625,0.00032245,0.000322775,0.0003227,0.0003230875,0.00032265,0.0003228875,0.0003226875,0.000322975,0.000323275,0.000322875,0.0003229125,0.000323025,0.0003231125,0.0003222875,0.000322125,0.00032265,0.0003226,0.0003230625,0.0003231375,0.0003232875,0.0003229625,0.0003225,0.0003232375,0.0003235,0.00032275,0.0003230625,0.0003229625,0.000323325,0.000323175,0.0003229875,0.0003231625,0.00032335,0.0003231375,0.0003233375,0.0003230125,0.0003234625,0.0003233875,0.000323075,0.0003232,0.00032325,0.0003232875,0.0003231875,0.00032335,0.0003236125,0.0003230875,0.0003227625,0.00032305,0.0003233125,0.0003228625,0.000322975],"unit":"A\/cm2"},"voc":{"unit":"V","value":1.1284},"isc":{"unit":"A","value":0.002586},"jsc":{"unit":"mA\/cm2","value":20.688},"fill_factor":{"unit":"%","value":81.66},"pmax":{"unit":"mW","value":2.383},"vmax":{"unit":"V","value":0.964},"imax":{"unit":"mA","value":2.472},"rshunt":{"unit":"ohms","value":-5360},"voc_slope":{"unit":"ohms","value":24.3},"efficiency":{"unit":"%","value":19.06},"monitor_cell_reading":{"unit":"mV","value":0},"monitor_cell_calibration_value":{"unit":"mV","value":0},"test_device_area":{"unit":"cm2","value":0.125},"num_of_series_connected_stacks":{"unit":"","value":1},"meter_integration":{"unit":"NPLC","value":0.1},"source_irradiance":{"unit":"mW\/cm2","value":100},"voltage_settling_time":{"unit":"ms","value":100},"sweep_direction":{"unit":"","value":"Reverse"},"irradiance_variation_correction":{"unit":"","value":"None"},"device_id":{"unit":"","value":"0.03-2-1-R"},"cell_dimension":{"unit":"cm2","value":0.125},"key":"Reverse_IV 0.03-2-1"},{"V":{"value":[1.2,1.187,1.174,1.161,1.147,1.134,1.121,1.108,1.095,1.082,1.069,1.056,1.042,1.029,1.016,1.003,0.99,0.977,0.964,0.951,0.937,0.924,0.911,0.898,0.885,0.872,0.859,0.845,0.832,0.819,0.806,0.793,0.78,0.767,0.754,0.74,0.727,0.714,0.701,0.688,0.675,0.662,0.648,0.635,0.622,0.609,0.596,0.583,0.57,0.557,0.543,0.53,0.517,0.504,0.491,0.478,0.465,0.452,0.438,0.425,0.412,0.399,0.386,0.373,0.36,0.346,0.333,0.32,0.307,0.294,0.281,0.268,0.255,0.241,0.228,0.215,0.202,0.189,0.176,0.163,0.149,0.136,0.123,0.11,0.097,0.084,0.071,0.058,0.044,0.031,0.018,0.005,-0.008,-0.021,-0.034,-0.047,-0.061,-0.074,-0.087,-0.1],"unit":"V"},"I":{"value":[-0.0028558,-0.0024697,-0.0021122,-0.001763,-0.0013996,-0.0010717,-0.00075344,-0.00044566,-0.00014809,0.0001364,0.00040974,0.00066511,0.00092241,0.0011411,0.0013457,0.0015282,0.0016878,0.0018319,0.0019519,0.0020504,0.0021391,0.0022103,0.002264,0.0023056,0.002341,0.0023757,0.0023959,0.0024168,0.002431,0.0024492,0.0024604,0.0024638,0.0024695,0.0024804,0.0024883,0.0024881,0.0024947,0.0024989,0.0025041,0.0025086,0.002507,0.0025111,0.0025108,0.0025159,0.0025146,0.0025145,0.0025176,0.0025206,0.0025188,0.0025231,0.0025263,0.0025262,0.0025264,0.0025231,0.00253,0.0025265,0.0025267,0.0025285,0.0025276,0.0025308,0.0025327,0.0025313,0.0025294,0.0025328,0.0025378,0.0025353,0.0025313,0.0025364,0.002537,0.0025341,0.0025348,0.002536,0.0025365,0.0025354,0.0025361,0.0025392,0.0025381,0.0025386,0.0025389,0.0025403,0.0025374,0.0025374,0.0025412,0.0025428,0.0025412,0.0025434,0.0025416,0.0025403,0.0025435,0.0025439,0.0025434,0.002544,0.002545,0.002545,0.0025442,0.0025459,0.0025467,0.0025443,0.0025433,0.002546],"unit":"A"},"J":{"value":[-0.000356975,-0.0003087125,-0.000264025,-0.000220375,-0.00017495,-0.0001339625,-9.418e-5,-5.57075e-5,-1.851125e-5,1.705e-5,5.12175e-5,8.313875e-5,0.00011530125,0.0001426375,0.0001682125,0.000191025,0.000210975,0.0002289875,0.0002439875,0.0002563,0.0002673875,0.0002762875,0.000283,0.0002882,0.000292625,0.0002969625,0.0002994875,0.0003021,0.000303875,0.00030615,0.00030755,0.000307975,0.0003086875,0.00031005,0.0003110375,0.0003110125,0.0003118375,0.0003123625,0.0003130125,0.000313575,0.000313375,0.0003138875,0.00031385,0.0003144875,0.000314325,0.0003143125,0.0003147,0.000315075,0.00031485,0.0003153875,0.0003157875,0.000315775,0.0003158,0.0003153875,0.00031625,0.0003158125,0.0003158375,0.0003160625,0.00031595,0.00031635,0.0003165875,0.0003164125,0.000316175,0.0003166,0.000317225,0.0003169125,0.0003164125,0.00031705,0.000317125,0.0003167625,0.00031685,0.000317,0.0003170625,0.000316925,0.0003170125,0.0003174,0.0003172625,0.000317325,0.0003173625,0.0003175375,0.000317175,0.000317175,0.00031765,0.00031785,0.00031765,0.000317925,0.0003177,0.0003175375,0.0003179375,0.0003179875,0.000317925,0.000318,0.000318125,0.000318125,0.000318025,0.0003182375,0.0003183375,0.0003180375,0.0003179125,0.00031825],"unit":"A\/cm2"},"voc":{"unit":"V","value":1.0882},"isc":{"unit":"A","value":0.0025444},"jsc":{"unit":"mA\/cm2","value":20.355},"fill_factor":{"unit":"%","value":74.83},"pmax":{"unit":"mW","value":2.072},"vmax":{"unit":"V","value":0.885},"imax":{"unit":"mA","value":2.341},"rshunt":{"unit":"ohms","value":19900},"voc_slope":{"unit":"ohms","value":48.1},"efficiency":{"unit":"%","value":16.57},"monitor_cell_reading":{"unit":"mV","value":0},"monitor_cell_calibration_value":{"unit":"mV","value":0},"test_device_area":{"unit":"cm2","value":0.125},"num_of_series_connected_stacks":{"unit":"","value":1},"meter_integration":{"unit":"NPLC","value":0.1},"source_irradiance":{"unit":"mW\/cm2","value":100},"voltage_settling_time":{"unit":"ms","value":100},"sweep_direction":{"unit":"","value":"Reverse"},"irradiance_variation_correction":{"unit":"","value":"None"},"device_id":{"unit":"","value":"0.03-1-5-R"},"cell_dimension":{"unit":"cm2","value":0.125},"key":"Reverse_IV 0.03-1-5"},{"V":{"value":[1.2,1.187,1.174,1.161,1.147,1.134,1.121,1.108,1.095,1.082,1.069,1.056,1.042,1.029,1.016,1.003,0.99,0.977,0.964,0.951,0.937,0.924,0.911,0.898,0.885,0.872,0.859,0.845,0.832,0.819,0.806,0.793,0.78,0.767,0.754,0.74,0.727,0.714,0.701,0.688,0.675,0.662,0.648,0.635,0.622,0.609,0.596,0.583,0.57,0.557,0.543,0.53,0.517,0.504,0.491,0.478,0.465,0.452,0.438,0.425,0.412,0.399,0.386,0.373,0.36,0.346,0.333,0.32,0.307,0.294,0.281,0.268,0.255,0.241,0.228,0.215,0.202,0.189,0.176,0.163,0.149,0.136,0.123,0.11,0.097,0.084,0.071,0.058,0.044,0.031,0.018,0.005,-0.008,-0.021,-0.034,-0.047,-0.061,-0.074,-0.087,-0.1],"unit":"V"},"I":{"value":[-0.0030695,-0.0030695,-0.0030695,-0.0030695,-0.0030695,-0.0024274,-0.0016418,-0.00094437,-0.00031925,0.00022169,0.00068261,0.001047,0.0013929,0.0016372,0.0018293,0.00198,0.0020965,0.0021853,0.0022512,0.0023055,0.0023521,0.0023799,0.0024059,0.002421,0.0024363,0.0024538,0.0024631,0.0024718,0.0024805,0.0024888,0.0024893,0.0024933,0.0024981,0.0025028,0.0025029,0.0025028,0.0025113,0.0025102,0.0025116,0.0025121,0.0025151,0.0025173,0.0025205,0.0025219,0.0025228,0.0025228,0.0025211,0.0025223,0.0025206,0.0025214,0.002524,0.0025218,0.0025216,0.0025269,0.0025247,0.002527,0.0025265,0.0025295,0.0025287,0.002526,0.0025288,0.0025322,0.0025308,0.0025308,0.0025298,0.002529,0.0025342,0.0025311,0.0025285,0.0025319,0.0025346,0.0025345,0.0025302,0.002535,0.0025339,0.0025328,0.0025312,0.0025338,0.0025355,0.0025316,0.0025308,0.0025327,0.002536,0.0025361,0.0025338,0.002534,0.0025375,0.0025367,0.0025335,0.0025333,0.0025358,0.0025384,0.0025345,0.0025329,0.002535,0.0025401,0.0025356,0.0025359,0.0025355,0.0025405],"unit":"A"},"J":{"value":[-0.0003836875,-0.0003836875,-0.0003836875,-0.0003836875,-0.0003836875,-0.000303425,-0.000205225,-0.00011804625,-3.990625e-5,2.771125e-5,8.532625e-5,0.000130875,0.0001741125,0.00020465,0.0002286625,0.0002475,0.0002620625,0.0002731625,0.0002814,0.0002881875,0.0002940125,0.0002974875,0.0003007375,0.000302625,0.0003045375,0.000306725,0.0003078875,0.000308975,0.0003100625,0.0003111,0.0003111625,0.0003116625,0.0003122625,0.00031285,0.0003128625,0.00031285,0.0003139125,0.000313775,0.00031395,0.0003140125,0.0003143875,0.0003146625,0.0003150625,0.0003152375,0.00031535,0.00031535,0.0003151375,0.0003152875,0.000315075,0.000315175,0.0003155,0.000315225,0.0003152,0.0003158625,0.0003155875,0.000315875,0.0003158125,0.0003161875,0.0003160875,0.00031575,0.0003161,0.000316525,0.00031635,0.00031635,0.000316225,0.000316125,0.000316775,0.0003163875,0.0003160625,0.0003164875,0.000316825,0.0003168125,0.000316275,0.000316875,0.0003167375,0.0003166,0.0003164,0.000316725,0.0003169375,0.00031645,0.00031635,0.0003165875,0.000317,0.0003170125,0.000316725,0.00031675,0.0003171875,0.0003170875,0.0003166875,0.0003166625,0.000316975,0.0003173,0.0003168125,0.0003166125,0.000316875,0.0003175125,0.00031695,0.0003169875,0.0003169375,0.0003175625],"unit":"A\/cm2"},"voc":{"unit":"V","value":1.0873},"isc":{"unit":"A","value":0.0025369},"jsc":{"unit":"mA\/cm2","value":20.295},"fill_factor":{"unit":"%","value":79.9},"pmax":{"unit":"mW","value":2.204},"vmax":{"unit":"V","value":0.937},"imax":{"unit":"mA","value":2.352},"rshunt":{"unit":"ohms","value":4400},"voc_slope":{"unit":"ohms","value":27.9},"efficiency":{"unit":"%","value":17.63},"monitor_cell_reading":{"unit":"mV","value":0},"monitor_cell_calibration_value":{"unit":"mV","value":0},"test_device_area":{"unit":"cm2","value":0.125},"num_of_series_connected_stacks":{"unit":"","value":1},"meter_integration":{"unit":"NPLC","value":0.1},"source_irradiance":{"unit":"mW\/cm2","value":100},"voltage_settling_time":{"unit":"ms","value":100},"sweep_direction":{"unit":"","value":"Reverse"},"irradiance_variation_correction":{"unit":"","value":"None"},"device_id":{"unit":"","value":"0.03-1-4-R"},"cell_dimension":{"unit":"cm2","value":0.125},"key":"Reverse_IV 0.03-1-4"},{"V":{"value":[1.2,1.187,1.174,1.161,1.147,1.134,1.121,1.108,1.095,1.082,1.069,1.056,1.042,1.029,1.016,1.003,0.99,0.977,0.964,0.951,0.937,0.924,0.911,0.898,0.885,0.872,0.859,0.845,0.832,0.819,0.806,0.793,0.78,0.767,0.754,0.74,0.727,0.714,0.701,0.688,0.675,0.662,0.648,0.635,0.622,0.609,0.596,0.583,0.57,0.557,0.543,0.53,0.517,0.504,0.491,0.478,0.465,0.452,0.438,0.425,0.412,0.399,0.386,0.373,0.36,0.346,0.333,0.32,0.307,0.294,0.281,0.268,0.255,0.241,0.228,0.215,0.202,0.189,0.176,0.163,0.149,0.136,0.123,0.11,0.097,0.084,0.071,0.058,0.044,0.031,0.018,0.005,-0.008,-0.021,-0.034,-0.047,-0.061,-0.074,-0.087,-0.1],"unit":"V"},"I":{"value":[-0.0030735,-0.0030735,-0.0030734,-0.0030734,-0.0030144,-0.0021724,-0.0014232,-0.00078032,-0.0002075,0.00027355,0.00067523,0.0010036,0.0012784,0.0014866,0.001646,0.0017704,0.0018692,0.0019377,0.0019926,0.0020391,0.0020786,0.002104,0.0021284,0.0021457,0.0021603,0.0021743,0.002183,0.0021959,0.0022053,0.0022158,0.002224,0.0022314,0.0022381,0.0022439,0.0022501,0.0022601,0.0022626,0.0022684,0.0022765,0.0022798,0.0022864,0.0022872,0.0022959,0.0023018,0.0023067,0.0023123,0.0023151,0.0023234,0.0023298,0.0023367,0.0023375,0.0023468,0.0023528,0.0023539,0.0023608,0.0023684,0.002369,0.0023748,0.0023821,0.0023851,0.0023913,0.0023905,0.0023991,0.0024065,0.002407,0.0024133,0.0024167,0.0024232,0.0024297,0.0024324,0.0024347,0.0024439,0.0024497,0.0024517,0.0024596,0.002461,0.0024689,0.0024718,0.0024758,0.0024828,0.002487,0.0024934,0.0024935,0.002502,0.0025078,0.0025093,0.0025131,0.0025175,0.0025273,0.0025318,0.0025328,0.0025394,0.0025468,0.0025513,0.0025546,0.0025589,0.0025701,0.0025775,0.0025785,0.002579],"unit":"A"},"J":{"value":[-0.0003841875,-0.0003841875,-0.000384175,-0.000384175,-0.0003768,-0.00027155,-0.0001779,-9.754e-5,-2.59375e-5,3.419375e-5,8.440375e-5,0.00012545,0.0001598,0.000185825,0.00020575,0.0002213,0.00023365,0.0002422125,0.000249075,0.0002548875,0.000259825,0.000263,0.00026605,0.0002682125,0.0002700375,0.0002717875,0.000272875,0.0002744875,0.0002756625,0.000276975,0.000278,0.000278925,0.0002797625,0.0002804875,0.0002812625,0.0002825125,0.000282825,0.00028355,0.0002845625,0.000284975,0.0002858,0.0002859,0.0002869875,0.000287725,0.0002883375,0.0002890375,0.0002893875,0.000290425,0.000291225,0.0002920875,0.0002921875,0.00029335,0.0002941,0.0002942375,0.0002951,0.00029605,0.000296125,0.00029685,0.0002977625,0.0002981375,0.0002989125,0.0002988125,0.0002998875,0.0003008125,0.000300875,0.0003016625,0.0003020875,0.0003029,0.0003037125,0.00030405,0.0003043375,0.0003054875,0.0003062125,0.0003064625,0.00030745,0.000307625,0.0003086125,0.000308975,0.000309475,0.00031035,0.000310875,0.000311675,0.0003116875,0.00031275,0.000313475,0.0003136625,0.0003141375,0.0003146875,0.0003159125,0.000316475,0.0003166,0.000317425,0.00031835,0.0003189125,0.000319325,0.0003198625,0.0003212625,0.0003221875,0.0003223125,0.000322375],"unit":"A\/cm2"},"voc":{"unit":"V","value":1.0894},"isc":{"unit":"A","value":0.0025423},"jsc":{"unit":"mA\/cm2","value":20.338},"fill_factor":{"unit":"%","value":70.32},"pmax":{"unit":"mW","value":1.948},"vmax":{"unit":"V","value":0.937},"imax":{"unit":"mA","value":2.079},"rshunt":{"unit":"ohms","value":2440},"voc_slope":{"unit":"ohms","value":26.4},"efficiency":{"unit":"%","value":15.58},"monitor_cell_reading":{"unit":"mV","value":0},"monitor_cell_calibration_value":{"unit":"mV","value":0},"test_device_area":{"unit":"cm2","value":0.125},"num_of_series_connected_stacks":{"unit":"","value":1},"meter_integration":{"unit":"NPLC","value":0.1},"source_irradiance":{"unit":"mW\/cm2","value":100},"voltage_settling_time":{"unit":"ms","value":100},"sweep_direction":{"unit":"","value":"Reverse"},"irradiance_variation_correction":{"unit":"","value":"None"},"device_id":{"unit":"","value":"0.03-1-2-R"},"cell_dimension":{"unit":"cm2","value":0.125},"key":"Reverse_IV 0.03-1-2"},{"V":{"value":[1.2,1.187,1.174,1.161,1.147,1.134,1.121,1.108,1.095,1.082,1.069,1.056,1.042,1.029,1.016,1.003,0.99,0.977,0.964,0.951,0.937,0.924,0.911,0.898,0.885,0.872,0.859,0.845,0.832,0.819,0.806,0.793,0.78,0.767,0.754,0.74,0.727,0.714,0.701,0.688,0.675,0.662,0.648,0.635,0.622,0.609,0.596,0.583,0.57,0.557,0.543,0.53,0.517,0.504,0.491,0.478,0.465,0.452,0.438,0.425,0.412,0.399,0.386,0.373,0.36,0.346,0.333,0.32,0.307,0.294,0.281,0.268,0.255,0.241,0.228,0.215,0.202,0.189,0.176,0.163,0.149,0.136,0.123,0.11,0.097,0.084,0.071,0.058,0.044,0.031,0.018,0.005,-0.008,-0.021,-0.034,-0.047,-0.061,-0.074,-0.087,-0.1],"unit":"V"},"I":{"value":[-0.0031086,-0.0031085,-0.0028705,-0.0020813,-0.0013123,-0.00068704,-0.00011855,0.00037982,0.00080735,0.0011407,0.0014486,0.0016907,0.0018946,0.0020382,0.0021531,0.0022428,0.0023074,0.0023561,0.002395,0.0024267,0.0024478,0.0024678,0.002478,0.0024849,0.0025018,0.0025037,0.0025091,0.0025146,0.0025174,0.002525,0.0025234,0.0025293,0.0025327,0.0025338,0.0025315,0.0025373,0.0025394,0.0025413,0.0025416,0.0025414,0.0025469,0.002548,0.0025459,0.0025471,0.0025453,0.0025494,0.0025464,0.0025468,0.0025485,0.0025495,0.0025496,0.0025502,0.0025508,0.0025502,0.002551,0.0025517,0.0025515,0.0025514,0.0025537,0.002554,0.0025518,0.0025512,0.0025553,0.002557,0.0025545,0.0025566,0.0025557,0.0025583,0.0025586,0.0025566,0.0025573,0.0025545,0.0025562,0.0025549,0.0025544,0.0025564,0.0025562,0.0025568,0.0025565,0.0025541,0.0025567,0.0025567,0.0025564,0.0025579,0.0025571,0.0025584,0.0025585,0.002561,0.0025563,0.002555,0.0025591,0.0025587,0.0025586,0.0025579,0.0025569,0.0025608,0.0025632,0.0025628,0.0025598,0.0025648],"unit":"A"},"J":{"value":[-0.000388575,-0.0003885625,-0.0003588125,-0.0002601625,-0.0001640375,-8.588e-5,-1.481875e-5,4.74775e-5,0.00010091875,0.0001425875,0.000181075,0.0002113375,0.000236825,0.000254775,0.0002691375,0.00028035,0.000288425,0.0002945125,0.000299375,0.0003033375,0.000305975,0.000308475,0.00030975,0.0003106125,0.000312725,0.0003129625,0.0003136375,0.000314325,0.000314675,0.000315625,0.000315425,0.0003161625,0.0003165875,0.000316725,0.0003164375,0.0003171625,0.000317425,0.0003176625,0.0003177,0.000317675,0.0003183625,0.0003185,0.0003182375,0.0003183875,0.0003181625,0.000318675,0.0003183,0.00031835,0.0003185625,0.0003186875,0.0003187,0.000318775,0.00031885,0.000318775,0.000318875,0.0003189625,0.0003189375,0.000318925,0.0003192125,0.00031925,0.000318975,0.0003189,0.0003194125,0.000319625,0.0003193125,0.000319575,0.0003194625,0.0003197875,0.000319825,0.000319575,0.0003196625,0.0003193125,0.000319525,0.0003193625,0.0003193,0.00031955,0.000319525,0.0003196,0.0003195625,0.0003192625,0.0003195875,0.0003195875,0.00031955,0.0003197375,0.0003196375,0.0003198,0.0003198125,0.000320125,0.0003195375,0.000319375,0.0003198875,0.0003198375,0.000319825,0.0003197375,0.0003196125,0.0003201,0.0003204,0.00032035,0.000319975,0.0003206],"unit":"A\/cm2"},"voc":{"unit":"V","value":1.1179},"isc":{"unit":"A","value":0.0025586},"jsc":{"unit":"mA\/cm2","value":20.469},"fill_factor":{"unit":"%","value":80.72},"pmax":{"unit":"mW","value":2.309},"vmax":{"unit":"V","value":0.964},"imax":{"unit":"mA","value":2.395},"rshunt":{"unit":"ohms","value":6970},"voc_slope":{"unit":"ohms","value":26.1},"efficiency":{"unit":"%","value":18.47},"monitor_cell_reading":{"unit":"mV","value":0},"monitor_cell_calibration_value":{"unit":"mV","value":0},"test_device_area":{"unit":"cm2","value":0.125},"num_of_series_connected_stacks":{"unit":"","value":1},"meter_integration":{"unit":"NPLC","value":0.1},"source_irradiance":{"unit":"mW\/cm2","value":100},"voltage_settling_time":{"unit":"ms","value":100},"sweep_direction":{"unit":"","value":"Reverse"},"irradiance_variation_correction":{"unit":"","value":"None"},"device_id":{"unit":"","value":"0.03-1-1-R"},"cell_dimension":{"unit":"cm2","value":0.125},"key":"Reverse_IV 0.03-1-1"},{"V":{"value":[-0.1,-0.087,-0.074,-0.061,-0.047,-0.034,-0.021,-0.008,0.005,0.018,0.031,0.044,0.058,0.071,0.084,0.097,0.11,0.123,0.136,0.149,0.163,0.176,0.189,0.202,0.215,0.228,0.241,0.255,0.268,0.281,0.294,0.307,0.32,0.333,0.346,0.36,0.373,0.386,0.399,0.412,0.425,0.438,0.452,0.465,0.478,0.491,0.504,0.517,0.53,0.543,0.557,0.57,0.583,0.596,0.609,0.622,0.635,0.648,0.662,0.675,0.688,0.701,0.714,0.727,0.74,0.754,0.767,0.78,0.793,0.806,0.819,0.832,0.845,0.859,0.872,0.885,0.898,0.911,0.924,0.937,0.951,0.964,0.977,0.99,1.003,1.016,1.029,1.042,1.056,1.069,1.082,1.095,1.108,1.121,1.134,1.147,1.161,1.174,1.187,1.2],"unit":"V"},"I":{"value":[0.0023826,0.0023995,0.0024057,0.0024107,0.0024165,0.0024147,0.0024158,0.0024105,0.0024121,0.0024108,0.002405,0.0024057,0.0023983,0.0023988,0.0023962,0.0023917,0.0023942,0.002391,0.0023855,0.002382,0.0023823,0.0023812,0.0023772,0.0023752,0.0023727,0.0023699,0.0023643,0.0023625,0.0023591,0.0023617,0.0023573,0.0023534,0.0023557,0.0023553,0.0023496,0.002348,0.0023436,0.0023396,0.0023357,0.002335,0.0023328,0.0023312,0.0023248,0.0023225,0.0023158,0.0023134,0.0023117,0.0023056,0.0023009,0.0022968,0.0022933,0.0022886,0.0022828,0.0022779,0.0022723,0.0022691,0.0022618,0.0022545,0.0022483,0.0022428,0.0022369,0.0022279,0.0022221,0.0022149,0.0022081,0.002194,0.0021852,0.0021804,0.0021708,0.002155,0.0021432,0.0021304,0.0021166,0.002095,0.0020745,0.0020538,0.0020293,0.0019975,0.0019614,0.0019208,0.0018643,0.001798,0.0017195,0.0016248,0.0015058,0.0013595,0.0011867,0.00097997,0.00071671,0.00043628,0.00011815,-0.00023887,-0.00063456,-0.0010654,-0.0015332,-0.0020317,-0.0026012,-0.0028243,-0.0028244,-0.0028243],"unit":"A"},"J":{"value":[0.000297825,0.0002999375,0.0003007125,0.0003013375,0.0003020625,0.0003018375,0.000301975,0.0003013125,0.0003015125,0.00030135,0.000300625,0.0003007125,0.0002997875,0.00029985,0.000299525,0.0002989625,0.000299275,0.000298875,0.0002981875,0.00029775,0.0002977875,0.00029765,0.00029715,0.0002969,0.0002965875,0.0002962375,0.0002955375,0.0002953125,0.0002948875,0.0002952125,0.0002946625,0.000294175,0.0002944625,0.0002944125,0.0002937,0.0002935,0.00029295,0.00029245,0.0002919625,0.000291875,0.0002916,0.0002914,0.0002906,0.0002903125,0.000289475,0.000289175,0.0002889625,0.0002882,0.0002876125,0.0002871,0.0002866625,0.000286075,0.00028535,0.0002847375,0.0002840375,0.0002836375,0.000282725,0.0002818125,0.0002810375,0.00028035,0.0002796125,0.0002784875,0.0002777625,0.0002768625,0.0002760125,0.00027425,0.00027315,0.00027255,0.00027135,0.000269375,0.0002679,0.0002663,0.000264575,0.000261875,0.0002593125,0.000256725,0.0002536625,0.0002496875,0.000245175,0.0002401,0.0002330375,0.00022475,0.0002149375,0.0002031,0.000188225,0.0001699375,0.0001483375,0.00012249625,8.958875e-5,5.4535e-5,1.476875e-5,-2.985875e-5,-7.932e-5,-0.000133175,-0.00019165,-0.0002539625,-0.00032515,-0.0003530375,-0.00035305,-0.0003530375],"unit":"A\/cm2"},"voc":{"unit":"V","value":1.0863},"isc":{"unit":"A","value":0.0024115},"jsc":{"unit":"mA\/cm2","value":19.292},"fill_factor":{"unit":"%","value":69.56},"pmax":{"unit":"mW","value":1.822},"vmax":{"unit":"V","value":0.898},"imax":{"unit":"mA","value":2.029},"rshunt":{"unit":"ohms","value":5750},"voc_slope":{"unit":"ohms","value":40.6},"efficiency":{"unit":"%","value":14.58},"monitor_cell_reading":{"unit":"mV","value":0},"monitor_cell_calibration_value":{"unit":"mV","value":0},"test_device_area":{"unit":"cm2","value":0.125},"num_of_series_connected_stacks":{"unit":"","value":1},"meter_integration":{"unit":"NPLC","value":0.1},"source_irradiance":{"unit":"mW\/cm2","value":100},"voltage_settling_time":{"unit":"ms","value":100},"sweep_direction":{"unit":"","value":"Forward"},"irradiance_variation_correction":{"unit":"","value":"None"},"device_id":{"unit":"","value":"0.03-2-5-F"},"cell_dimension":{"unit":"cm2","value":0.125},"key":"Forward_IV 0.03-2-5"},{"V":{"value":[-0.1,-0.087,-0.074,-0.061,-0.047,-0.034,-0.021,-0.008,0.005,0.018,0.031,0.044,0.058,0.071,0.084,0.097,0.11,0.123,0.136,0.149,0.163,0.176,0.189,0.202,0.215,0.228,0.241,0.255,0.268,0.281,0.294,0.307,0.32,0.333,0.346,0.36,0.373,0.386,0.399,0.412,0.425,0.438,0.452,0.465,0.478,0.491,0.504,0.517,0.53,0.543,0.557,0.57,0.583,0.596,0.609,0.622,0.635,0.648,0.662,0.675,0.688,0.701,0.714,0.727,0.74,0.754,0.767,0.78,0.793,0.806,0.819,0.832,0.845,0.859,0.872,0.885,0.898,0.911,0.924,0.937,0.951,0.964,0.977,0.99,1.003,1.016,1.029,1.042,1.056,1.069,1.082,1.095,1.108,1.121,1.134,1.147,1.161,1.174,1.187,1.2],"unit":"V"},"I":{"value":[0.002513,0.0025075,0.0025077,0.00251,0.0025113,0.0025091,0.0025066,0.002511,0.0025102,0.0025078,0.0025065,0.0025062,0.002509,0.0025066,0.0025065,0.0025055,0.0025086,0.0025103,0.0025094,0.0025099,0.0025078,0.0025109,0.0025058,0.0025059,0.0025101,0.0025042,0.0025063,0.0025114,0.0025104,0.0025061,0.0025051,0.0025105,0.0025065,0.0025019,0.0025084,0.0025067,0.0025055,0.0025064,0.0025047,0.002504,0.0025032,0.0025025,0.0025054,0.0025064,0.0025041,0.0025034,0.0024997,0.002502,0.0024963,0.0024997,0.0024992,0.0025002,0.0024956,0.0024963,0.0024957,0.0025007,0.0025001,0.0024995,0.0024951,0.0024957,0.0024987,0.0024941,0.0024899,0.0024896,0.0024891,0.0024849,0.0024825,0.0024814,0.0024757,0.0024765,0.0024706,0.0024652,0.0024565,0.0024477,0.0024454,0.0024353,0.002418,0.0024086,0.0023842,0.0023545,0.0023239,0.0022803,0.0022227,0.002146,0.0020518,0.0019221,0.0017567,0.0015407,0.0012473,0.00090876,0.00049135,-2.9861e-6,-0.00059171,-0.0012753,-0.0020639,-0.0029297,-0.0030384,-0.0030385,-0.0030384,-0.0030385],"unit":"A"},"J":{"value":[0.000314125,0.0003134375,0.0003134625,0.00031375,0.0003139125,0.0003136375,0.000313325,0.000313875,0.000313775,0.000313475,0.0003133125,0.000313275,0.000313625,0.000313325,0.0003133125,0.0003131875,0.000313575,0.0003137875,0.000313675,0.0003137375,0.000313475,0.0003138625,0.000313225,0.0003132375,0.0003137625,0.000313025,0.0003132875,0.000313925,0.0003138,0.0003132625,0.0003131375,0.0003138125,0.0003133125,0.0003127375,0.00031355,0.0003133375,0.0003131875,0.0003133,0.0003130875,0.000313,0.0003129,0.0003128125,0.000313175,0.0003133,0.0003130125,0.000312925,0.0003124625,0.00031275,0.0003120375,0.0003124625,0.0003124,0.000312525,0.00031195,0.0003120375,0.0003119625,0.0003125875,0.0003125125,0.0003124375,0.0003118875,0.0003119625,0.0003123375,0.0003117625,0.0003112375,0.0003112,0.0003111375,0.0003106125,0.0003103125,0.000310175,0.0003094625,0.0003095625,0.000308825,0.00030815,0.0003070625,0.0003059625,0.000305675,0.0003044125,0.00030225,0.000301075,0.000298025,0.0002943125,0.0002904875,0.0002850375,0.0002778375,0.00026825,0.000256475,0.0002402625,0.0002195875,0.0001925875,0.0001559125,0.000113595,6.141875e-5,-3.732625e-7,-7.396375e-5,-0.0001594125,-0.0002579875,-0.0003662125,-0.0003798,-0.0003798125,-0.0003798,-0.0003798125],"unit":"A\/cm2"},"voc":{"unit":"V","value":1.0949},"isc":{"unit":"A","value":0.0025105},"jsc":{"unit":"mA\/cm2","value":20.084},"fill_factor":{"unit":"%","value":80.4},"pmax":{"unit":"mW","value":2.21},"vmax":{"unit":"V","value":0.951},"imax":{"unit":"mA","value":2.324},"rshunt":{"unit":"ohms","value":11100},"voc_slope":{"unit":"ohms","value":25.4},"efficiency":{"unit":"%","value":17.68},"monitor_cell_reading":{"unit":"mV","value":0},"monitor_cell_calibration_value":{"unit":"mV","value":0},"test_device_area":{"unit":"cm2","value":0.125},"num_of_series_connected_stacks":{"unit":"","value":1},"meter_integration":{"unit":"NPLC","value":0.1},"source_irradiance":{"unit":"mW\/cm2","value":100},"voltage_settling_time":{"unit":"ms","value":100},"sweep_direction":{"unit":"","value":"Forward"},"irradiance_variation_correction":{"unit":"","value":"None"},"device_id":{"unit":"","value":"0.03-2-3-F"},"cell_dimension":{"unit":"cm2","value":0.125},"key":"Forward_IV 0.03-2-3"},{"V":{"value":[-0.1,-0.087,-0.074,-0.061,-0.047,-0.034,-0.021,-0.008,0.005,0.018,0.031,0.044,0.058,0.071,0.084,0.097,0.11,0.123,0.136,0.149,0.163,0.176,0.189,0.202,0.215,0.228,0.241,0.255,0.268,0.281,0.294,0.307,0.32,0.333,0.346,0.36,0.373,0.386,0.399,0.412,0.425,0.438,0.452,0.465,0.478,0.491,0.504,0.517,0.53,0.543,0.557,0.57,0.583,0.596,0.609,0.622,0.635,0.648,0.662,0.675,0.688,0.701,0.714,0.727,0.74,0.754,0.767,0.78,0.793,0.806,0.819,0.832,0.845,0.859,0.872,0.885,0.898,0.911,0.924,0.937,0.951,0.964,0.977,0.99,1.003,1.016,1.029,1.042,1.056,1.069,1.082,1.095,1.108,1.121,1.134,1.147,1.161,1.174,1.187,1.2],"unit":"V"},"I":{"value":[0.0025207,0.002519,0.0025202,0.0025226,0.0025202,0.0025179,0.0025167,0.0025204,0.0025161,0.0025186,0.0025199,0.0025181,0.0025203,0.0025205,0.0025189,0.0025162,0.0025167,0.00252,0.0025183,0.0025178,0.0025156,0.002517,0.0025195,0.0025168,0.0025194,0.0025167,0.0025178,0.0025178,0.0025171,0.0025151,0.0025203,0.0025161,0.0025149,0.0025152,0.0025162,0.0025126,0.0025155,0.0025163,0.0025172,0.0025129,0.0025152,0.0025148,0.0025138,0.0025137,0.0025124,0.0025159,0.0025155,0.0025142,0.0025093,0.0025122,0.0025139,0.0025111,0.002508,0.0025082,0.0025098,0.0025046,0.0025071,0.0025113,0.0025073,0.0025071,0.002505,0.0025045,0.0025029,0.0025006,0.0025002,0.002501,0.0024963,0.0024978,0.0024985,0.0024915,0.0024904,0.0024906,0.0024831,0.0024755,0.0024682,0.0024632,0.0024523,0.0024401,0.0024254,0.0024031,0.0023689,0.002332,0.0022841,0.0022141,0.0021226,0.0020051,0.0018561,0.001659,0.0013884,0.0010726,0.00068731,0.00020522,-0.00035713,-0.0010125,-0.0017593,-0.002609,-0.0030394,-0.0030394,-0.0030394,-0.0030394],"unit":"A"},"J":{"value":[0.0003150875,0.000314875,0.000315025,0.000315325,0.000315025,0.0003147375,0.0003145875,0.00031505,0.0003145125,0.000314825,0.0003149875,0.0003147625,0.0003150375,0.0003150625,0.0003148625,0.000314525,0.0003145875,0.000315,0.0003147875,0.000314725,0.00031445,0.000314625,0.0003149375,0.0003146,0.000314925,0.0003145875,0.000314725,0.000314725,0.0003146375,0.0003143875,0.0003150375,0.0003145125,0.0003143625,0.0003144,0.000314525,0.000314075,0.0003144375,0.0003145375,0.00031465,0.0003141125,0.0003144,0.00031435,0.000314225,0.0003142125,0.00031405,0.0003144875,0.0003144375,0.000314275,0.0003136625,0.000314025,0.0003142375,0.0003138875,0.0003135,0.000313525,0.000313725,0.000313075,0.0003133875,0.0003139125,0.0003134125,0.0003133875,0.000313125,0.0003130625,0.0003128625,0.000312575,0.000312525,0.000312625,0.0003120375,0.000312225,0.0003123125,0.0003114375,0.0003113,0.000311325,0.0003103875,0.0003094375,0.000308525,0.0003079,0.0003065375,0.0003050125,0.000303175,0.0003003875,0.0002961125,0.0002915,0.0002855125,0.0002767625,0.000265325,0.0002506375,0.0002320125,0.000207375,0.00017355,0.000134075,8.591375e-5,2.56525e-5,-4.464125e-5,-0.0001265625,-0.0002199125,-0.000326125,-0.000379925,-0.000379925,-0.000379925,-0.000379925],"unit":"A\/cm2"},"voc":{"unit":"V","value":1.0997},"isc":{"unit":"A","value":0.0025178},"jsc":{"unit":"mA\/cm2","value":20.142},"fill_factor":{"unit":"%","value":81.36},"pmax":{"unit":"mW","value":2.253},"vmax":{"unit":"V","value":0.951},"imax":{"unit":"mA","value":2.369},"rshunt":{"unit":"ohms","value":4340},"voc_slope":{"unit":"ohms","value":26.7},"efficiency":{"unit":"%","value":18.02},"monitor_cell_reading":{"unit":"mV","value":0},"monitor_cell_calibration_value":{"unit":"mV","value":0},"test_device_area":{"unit":"cm2","value":0.125},"num_of_series_connected_stacks":{"unit":"","value":1},"meter_integration":{"unit":"NPLC","value":0.1},"source_irradiance":{"unit":"mW\/cm2","value":100},"voltage_settling_time":{"unit":"ms","value":100},"sweep_direction":{"unit":"","value":"Forward"},"irradiance_variation_correction":{"unit":"","value":"None"},"device_id":{"unit":"","value":"0.03-2-2-F"},"cell_dimension":{"unit":"cm2","value":0.125},"key":"Forward_IV 0.03-2-2"},{"V":{"value":[-0.1,-0.087,-0.074,-0.061,-0.047,-0.034,-0.021,-0.008,0.005,0.018,0.031,0.044,0.058,0.071,0.084,0.097,0.11,0.123,0.136,0.149,0.163,0.176,0.189,0.202,0.215,0.228,0.241,0.255,0.268,0.281,0.294,0.307,0.32,0.333,0.346,0.36,0.373,0.386,0.399,0.412,0.425,0.438,0.452,0.465,0.478,0.491,0.504,0.517,0.53,0.543,0.557,0.57,0.583,0.596,0.609,0.622,0.635,0.648,0.662,0.675,0.688,0.701,0.714,0.727,0.74,0.754,0.767,0.78,0.793,0.806,0.819,0.832,0.845,0.859,0.872,0.885,0.898,0.911,0.924,0.937,0.951,0.964,0.977,0.99,1.003,1.016,1.029,1.042,1.056,1.069,1.082,1.095,1.108,1.121,1.134,1.147,1.161,1.174,1.187,1.2],"unit":"V"},"I":{"value":[0.002592,0.0025877,0.0025823,0.0025823,0.0025819,0.0025777,0.002577,0.0025802,0.0025786,0.0025797,0.0025778,0.0025842,0.0025808,0.0025798,0.0025804,0.0025811,0.0025836,0.0025789,0.0025781,0.002581,0.0025815,0.002576,0.002579,0.0025758,0.0025811,0.002577,0.0025744,0.0025707,0.0025762,0.0025774,0.002573,0.002574,0.0025798,0.0025832,0.0025784,0.0025747,0.0025762,0.0025749,0.0025752,0.0025717,0.0025746,0.0025793,0.0025764,0.0025711,0.0025744,0.0025741,0.0025765,0.0025735,0.0025675,0.0025687,0.0025723,0.0025702,0.0025694,0.0025719,0.0025694,0.0025705,0.0025758,0.0025722,0.002573,0.0025656,0.0025711,0.0025704,0.002567,0.0025639,0.0025691,0.0025636,0.0025619,0.0025611,0.0025573,0.0025601,0.0025558,0.0025476,0.0025441,0.0025453,0.0025384,0.0025268,0.0025186,0.002511,0.002492,0.0024704,0.0024399,0.0024081,0.0023569,0.0022911,0.0022134,0.0021182,0.0019927,0.0018267,0.0016041,0.0013533,0.0010391,0.00067599,0.00022282,-0.00030384,-0.0009054,-0.0015847,-0.0024179,-0.0031256,-0.0031255,-0.0031256],"unit":"A"},"J":{"value":[0.000324,0.0003234625,0.0003227875,0.0003227875,0.0003227375,0.0003222125,0.000322125,0.000322525,0.000322325,0.0003224625,0.000322225,0.000323025,0.0003226,0.000322475,0.00032255,0.0003226375,0.00032295,0.0003223625,0.0003222625,0.000322625,0.0003226875,0.000322,0.000322375,0.000321975,0.0003226375,0.000322125,0.0003218,0.0003213375,0.000322025,0.000322175,0.000321625,0.00032175,0.000322475,0.0003229,0.0003223,0.0003218375,0.000322025,0.0003218625,0.0003219,0.0003214625,0.000321825,0.0003224125,0.00032205,0.0003213875,0.0003218,0.0003217625,0.0003220625,0.0003216875,0.0003209375,0.0003210875,0.0003215375,0.000321275,0.000321175,0.0003214875,0.000321175,0.0003213125,0.000321975,0.000321525,0.000321625,0.0003207,0.0003213875,0.0003213,0.000320875,0.0003204875,0.0003211375,0.00032045,0.0003202375,0.0003201375,0.0003196625,0.0003200125,0.000319475,0.00031845,0.0003180125,0.0003181625,0.0003173,0.00031585,0.000314825,0.000313875,0.0003115,0.0003088,0.0003049875,0.0003010125,0.0002946125,0.0002863875,0.000276675,0.000264775,0.0002490875,0.0002283375,0.0002005125,0.0001691625,0.0001298875,8.449875e-5,2.78525e-5,-3.798e-5,-0.000113175,-0.0001980875,-0.0003022375,-0.0003907,-0.0003906875,-0.0003907],"unit":"A\/cm2"},"voc":{"unit":"V","value":1.1135},"isc":{"unit":"A","value":0.0025792},"jsc":{"unit":"mA\/cm2","value":20.634},"fill_factor":{"unit":"%","value":80.83},"pmax":{"unit":"mW","value":2.321},"vmax":{"unit":"V","value":0.964},"imax":{"unit":"mA","value":2.408},"rshunt":{"unit":"ohms","value":-1180},"voc_slope":{"unit":"ohms","value":28.4},"efficiency":{"unit":"%","value":18.57},"monitor_cell_reading":{"unit":"mV","value":0},"monitor_cell_calibration_value":{"unit":"mV","value":0},"test_device_area":{"unit":"cm2","value":0.125},"num_of_series_connected_stacks":{"unit":"","value":1},"meter_integration":{"unit":"NPLC","value":0.1},"source_irradiance":{"unit":"mW\/cm2","value":100},"voltage_settling_time":{"unit":"ms","value":100},"sweep_direction":{"unit":"","value":"Forward"},"irradiance_variation_correction":{"unit":"","value":"None"},"device_id":{"unit":"","value":"0.03-2-1-F"},"cell_dimension":{"unit":"cm2","value":0.125},"key":"Forward_IV 0.03-2-1"},{"V":{"value":[-0.1,-0.087,-0.074,-0.061,-0.047,-0.034,-0.021,-0.008,0.005,0.018,0.031,0.044,0.058,0.071,0.084,0.097,0.11,0.123,0.136,0.149,0.163,0.176,0.189,0.202,0.215,0.228,0.241,0.255,0.268,0.281,0.294,0.307,0.32,0.333,0.346,0.36,0.373,0.386,0.399,0.412,0.425,0.438,0.452,0.465,0.478,0.491,0.504,0.517,0.53,0.543,0.557,0.57,0.583,0.596,0.609,0.622,0.635,0.648,0.662,0.675,0.688,0.701,0.714,0.727,0.74,0.754,0.767,0.78,0.793,0.806,0.819,0.832,0.845,0.859,0.872,0.885,0.898,0.911,0.924,0.937,0.951,0.964,0.977,0.99,1.003,1.016,1.029,1.042,1.056,1.069,1.082,1.095,1.108,1.121,1.134,1.147,1.161,1.174,1.187,1.2],"unit":"V"},"I":{"value":[0.0025381,0.0025395,0.0025404,0.0025438,0.0025417,0.0025414,0.0025408,0.0025409,0.0025363,0.0025417,0.0025412,0.0025367,0.0025416,0.0025402,0.0025403,0.002539,0.0025383,0.0025411,0.0025425,0.0025397,0.002535,0.0025417,0.0025404,0.0025392,0.0025382,0.0025358,0.0025405,0.0025346,0.0025336,0.0025364,0.0025352,0.0025358,0.0025341,0.0025333,0.0025344,0.0025335,0.0025332,0.0025346,0.0025364,0.0025312,0.0025315,0.0025326,0.0025298,0.0025306,0.0025308,0.0025316,0.0025318,0.0025248,0.0025289,0.0025302,0.0025278,0.0025215,0.0025247,0.0025251,0.0025247,0.0025235,0.0025191,0.0025183,0.0025229,0.0025159,0.0025142,0.0025124,0.0025112,0.0025085,0.0025041,0.002497,0.0024924,0.0024899,0.0024835,0.002477,0.0024678,0.0024574,0.0024406,0.0024205,0.0024062,0.0023752,0.0023439,0.0023068,0.0022544,0.0021915,0.0020987,0.0020045,0.0018878,0.0017496,0.0015904,0.0014114,0.0012138,0.00099285,0.00073922,0.00048324,0.00021176,-7.0251e-5,-0.00037092,-0.00068203,-0.0010016,-0.0013288,-0.0016927,-0.0020405,-0.0023926,-0.0027501],"unit":"A"},"J":{"value":[0.0003172625,0.0003174375,0.00031755,0.000317975,0.0003177125,0.000317675,0.0003176,0.0003176125,0.0003170375,0.0003177125,0.00031765,0.0003170875,0.0003177,0.000317525,0.0003175375,0.000317375,0.0003172875,0.0003176375,0.0003178125,0.0003174625,0.000316875,0.0003177125,0.00031755,0.0003174,0.000317275,0.000316975,0.0003175625,0.000316825,0.0003167,0.00031705,0.0003169,0.000316975,0.0003167625,0.0003166625,0.0003168,0.0003166875,0.00031665,0.000316825,0.00031705,0.0003164,0.0003164375,0.000316575,0.000316225,0.000316325,0.00031635,0.00031645,0.000316475,0.0003156,0.0003161125,0.000316275,0.000315975,0.0003151875,0.0003155875,0.0003156375,0.0003155875,0.0003154375,0.0003148875,0.0003147875,0.0003153625,0.0003144875,0.000314275,0.00031405,0.0003139,0.0003135625,0.0003130125,0.000312125,0.00031155,0.0003112375,0.0003104375,0.000309625,0.000308475,0.000307175,0.000305075,0.0003025625,0.000300775,0.0002969,0.0002929875,0.00028835,0.0002818,0.0002739375,0.0002623375,0.0002505625,0.000235975,0.0002187,0.0001988,0.000176425,0.000151725,0.00012410625,9.24025e-5,6.0405e-5,2.647e-5,-8.781375e-6,-4.6365e-5,-8.525375e-5,-0.0001252,-0.0001661,-0.0002115875,-0.0002550625,-0.000299075,-0.0003437625],"unit":"A\/cm2"},"voc":{"unit":"V","value":1.0918},"isc":{"unit":"A","value":0.0025381},"jsc":{"unit":"mA\/cm2","value":20.304},"fill_factor":{"unit":"%","value":75.96},"pmax":{"unit":"mW","value":2.105},"vmax":{"unit":"V","value":0.898},"imax":{"unit":"mA","value":2.344},"rshunt":{"unit":"ohms","value":7610},"voc_slope":{"unit":"ohms","value":45.7},"efficiency":{"unit":"%","value":16.84},"monitor_cell_reading":{"unit":"mV","value":0},"monitor_cell_calibration_value":{"unit":"mV","value":0},"test_device_area":{"unit":"cm2","value":0.125},"num_of_series_connected_stacks":{"unit":"","value":1},"meter_integration":{"unit":"NPLC","value":0.1},"source_irradiance":{"unit":"mW\/cm2","value":100},"voltage_settling_time":{"unit":"ms","value":100},"sweep_direction":{"unit":"","value":"Forward"},"irradiance_variation_correction":{"unit":"","value":"None"},"device_id":{"unit":"","value":"0.03-1-5-F"},"cell_dimension":{"unit":"cm2","value":0.125},"key":"Forward_IV 0.03-1-5"},{"V":{"value":[-0.1,-0.087,-0.074,-0.061,-0.047,-0.034,-0.021,-0.008,0.005,0.018,0.031,0.044,0.058,0.071,0.084,0.097,0.11,0.123,0.136,0.149,0.163,0.176,0.189,0.202,0.215,0.228,0.241,0.255,0.268,0.281,0.294,0.307,0.32,0.333,0.346,0.36,0.373,0.386,0.399,0.412,0.425,0.438,0.452,0.465,0.478,0.491,0.504,0.517,0.53,0.543,0.557,0.57,0.583,0.596,0.609,0.622,0.635,0.648,0.662,0.675,0.688,0.701,0.714,0.727,0.74,0.754,0.767,0.78,0.793,0.806,0.819,0.832,0.845,0.859,0.872,0.885,0.898,0.911,0.924,0.937,0.951,0.964,0.977,0.99,1.003,1.016,1.029,1.042,1.056,1.069,1.082,1.095,1.108,1.121,1.134,1.147,1.161,1.174,1.187,1.2],"unit":"V"},"I":{"value":[0.0025377,0.0025363,0.0025346,0.0025356,0.0025351,0.0025349,0.0025347,0.0025329,0.0025321,0.0025372,0.0025326,0.0025344,0.0025334,0.002534,0.0025363,0.002534,0.0025334,0.002535,0.0025301,0.0025336,0.0025356,0.0025351,0.0025303,0.002529,0.0025293,0.0025347,0.0025313,0.002528,0.0025327,0.002532,0.002528,0.0025268,0.0025317,0.0025338,0.0025333,0.0025325,0.0025305,0.0025331,0.0025352,0.0025281,0.0025303,0.0025313,0.0025297,0.002531,0.0025256,0.0025298,0.0025268,0.0025258,0.0025254,0.0025273,0.0025268,0.0025284,0.0025242,0.0025234,0.002526,0.0025274,0.0025259,0.002524,0.0025234,0.0025218,0.0025206,0.0025164,0.0025183,0.0025181,0.0025165,0.0025155,0.002513,0.002516,0.0025142,0.0025091,0.0025039,0.0025019,0.0024981,0.0024867,0.002477,0.0024694,0.0024591,0.0024432,0.002419,0.0023968,0.0023586,0.0023115,0.0022489,0.0021599,0.0020531,0.0019108,0.0017197,0.001484,0.0011666,0.00079715,0.00035138,-0.00017234,-0.0007817,-0.0014654,-0.0022496,-0.0030664,-0.0030664,-0.0030664,-0.0030664,-0.0030664],"unit":"A"},"J":{"value":[0.0003172125,0.0003170375,0.000316825,0.00031695,0.0003168875,0.0003168625,0.0003168375,0.0003166125,0.0003165125,0.00031715,0.000316575,0.0003168,0.000316675,0.00031675,0.0003170375,0.00031675,0.000316675,0.000316875,0.0003162625,0.0003167,0.00031695,0.0003168875,0.0003162875,0.000316125,0.0003161625,0.0003168375,0.0003164125,0.000316,0.0003165875,0.0003165,0.000316,0.00031585,0.0003164625,0.000316725,0.0003166625,0.0003165625,0.0003163125,0.0003166375,0.0003169,0.0003160125,0.0003162875,0.0003164125,0.0003162125,0.000316375,0.0003157,0.000316225,0.00031585,0.000315725,0.000315675,0.0003159125,0.00031585,0.00031605,0.000315525,0.000315425,0.00031575,0.000315925,0.0003157375,0.0003155,0.000315425,0.000315225,0.000315075,0.00031455,0.0003147875,0.0003147625,0.0003145625,0.0003144375,0.000314125,0.0003145,0.000314275,0.0003136375,0.0003129875,0.0003127375,0.0003122625,0.0003108375,0.000309625,0.000308675,0.0003073875,0.0003054,0.000302375,0.0002996,0.000294825,0.0002889375,0.0002811125,0.0002699875,0.0002566375,0.00023885,0.0002149625,0.0001855,0.000145825,9.964375e-5,4.39225e-5,-2.15425e-5,-9.77125e-5,-0.000183175,-0.0002812,-0.0003833,-0.0003833,-0.0003833,-0.0003833,-0.0003833],"unit":"A\/cm2"},"voc":{"unit":"V","value":1.0907},"isc":{"unit":"A","value":0.0025324},"jsc":{"unit":"mA\/cm2","value":20.259},"fill_factor":{"unit":"%","value":81.31},"pmax":{"unit":"mW","value":2.246},"vmax":{"unit":"V","value":0.937},"imax":{"unit":"mA","value":2.397},"rshunt":{"unit":"ohms","value":8740},"voc_slope":{"unit":"ohms","value":24.4},"efficiency":{"unit":"%","value":17.97},"monitor_cell_reading":{"unit":"mV","value":0},"monitor_cell_calibration_value":{"unit":"mV","value":0},"test_device_area":{"unit":"cm2","value":0.125},"num_of_series_connected_stacks":{"unit":"","value":1},"meter_integration":{"unit":"NPLC","value":0.1},"source_irradiance":{"unit":"mW\/cm2","value":100},"voltage_settling_time":{"unit":"ms","value":100},"sweep_direction":{"unit":"","value":"Forward"},"irradiance_variation_correction":{"unit":"","value":"None"},"device_id":{"unit":"","value":"0.03-1-4-F"},"cell_dimension":{"unit":"cm2","value":0.125},"key":"Forward_IV 0.03-1-4"},{"V":{"value":[-0.1,-0.087,-0.074,-0.061,-0.047,-0.034,-0.021,-0.008,0.005,0.018,0.031,0.044,0.058,0.071,0.084,0.097,0.11,0.123,0.136,0.149,0.163,0.176,0.189,0.202,0.215,0.228,0.241,0.255,0.268,0.281,0.294,0.307,0.32,0.333,0.346,0.36,0.373,0.386,0.399,0.412,0.425,0.438,0.452,0.465,0.478,0.491,0.504,0.517,0.53,0.543,0.557,0.57,0.583,0.596,0.609,0.622,0.635,0.648,0.662,0.675,0.688,0.701,0.714,0.727,0.74,0.754,0.767,0.78,0.793,0.806,0.819,0.832,0.845,0.859,0.872,0.885,0.898,0.911,0.924,0.937,0.951,0.964,0.977,0.99,1.003,1.016,1.029,1.042,1.056,1.069,1.082,1.095,1.108,1.121,1.134,1.147,1.161,1.174,1.187,1.2],"unit":"V"},"I":{"value":[0.0025905,0.0025824,0.0025748,0.002569,0.0025647,0.0025571,0.0025523,0.0025467,0.0025444,0.0025383,0.0025351,0.0025272,0.0025263,0.0025212,0.0025125,0.0025098,0.0025054,0.0025014,0.0024945,0.0024905,0.0024869,0.0024829,0.0024765,0.0024681,0.0024665,0.002462,0.0024524,0.0024473,0.0024437,0.0024394,0.0024316,0.0024294,0.0024239,0.0024211,0.0024182,0.0024084,0.002408,0.0024021,0.0023942,0.0023902,0.0023845,0.0023803,0.002373,0.0023653,0.0023624,0.0023624,0.0023556,0.0023475,0.0023465,0.0023447,0.0023373,0.0023269,0.0023287,0.0023222,0.0023191,0.0023111,0.0023044,0.0023018,0.0022963,0.0022904,0.0022843,0.0022789,0.0022698,0.0022678,0.0022575,0.0022521,0.0022494,0.0022408,0.0022353,0.0022249,0.0022225,0.0022149,0.0022026,0.0021935,0.0021855,0.0021743,0.0021586,0.0021412,0.0021192,0.0020929,0.0020596,0.0020158,0.0019667,0.0018944,0.001804,0.001691,0.0015456,0.0013564,0.0010945,0.00080253,0.00042722,-3.5275e-6,-0.00053577,-0.0011566,-0.0018842,-0.002684,-0.0030815,-0.0030815,-0.0030815,-0.0030815],"unit":"A"},"J":{"value":[0.0003238125,0.0003228,0.00032185,0.000321125,0.0003205875,0.0003196375,0.0003190375,0.0003183375,0.00031805,0.0003172875,0.0003168875,0.0003159,0.0003157875,0.00031515,0.0003140625,0.000313725,0.000313175,0.000312675,0.0003118125,0.0003113125,0.0003108625,0.0003103625,0.0003095625,0.0003085125,0.0003083125,0.00030775,0.00030655,0.0003059125,0.0003054625,0.000304925,0.00030395,0.000303675,0.0003029875,0.0003026375,0.000302275,0.00030105,0.000301,0.0003002625,0.000299275,0.000298775,0.0002980625,0.0002975375,0.000296625,0.0002956625,0.0002953,0.0002953,0.00029445,0.0002934375,0.0002933125,0.0002930875,0.0002921625,0.0002908625,0.0002910875,0.000290275,0.0002898875,0.0002888875,0.00028805,0.000287725,0.0002870375,0.0002863,0.0002855375,0.0002848625,0.000283725,0.000283475,0.0002821875,0.0002815125,0.000281175,0.0002801,0.0002794125,0.0002781125,0.0002778125,0.0002768625,0.000275325,0.0002741875,0.0002731875,0.0002717875,0.000269825,0.00026765,0.0002649,0.0002616125,0.00025745,0.000251975,0.0002458375,0.0002368,0.0002255,0.000211375,0.0001932,0.00016955,0.0001368125,0.00010031625,5.34025e-5,-4.409375e-7,-6.697125e-5,-0.000144575,-0.000235525,-0.0003355,-0.0003851875,-0.0003851875,-0.0003851875,-0.0003851875],"unit":"A\/cm2"},"voc":{"unit":"V","value":1.0949},"isc":{"unit":"A","value":0.0025453},"jsc":{"unit":"mA\/cm2","value":20.362},"fill_factor":{"unit":"%","value":70.37},"pmax":{"unit":"mW","value":1.961},"vmax":{"unit":"V","value":0.937},"imax":{"unit":"mA","value":2.093},"rshunt":{"unit":"ohms","value":2670},"voc_slope":{"unit":"ohms","value":28.5},"efficiency":{"unit":"%","value":15.69},"monitor_cell_reading":{"unit":"mV","value":0},"monitor_cell_calibration_value":{"unit":"mV","value":0},"test_device_area":{"unit":"cm2","value":0.125},"num_of_series_connected_stacks":{"unit":"","value":1},"meter_integration":{"unit":"NPLC","value":0.1},"source_irradiance":{"unit":"mW\/cm2","value":100},"voltage_settling_time":{"unit":"ms","value":100},"sweep_direction":{"unit":"","value":"Forward"},"irradiance_variation_correction":{"unit":"","value":"None"},"device_id":{"unit":"","value":"0.03-1-2-F"},"cell_dimension":{"unit":"cm2","value":0.125},"key":"Forward_IV 0.03-1-2"},{"V":{"value":[-0.1,-0.087,-0.074,-0.061,-0.047,-0.034,-0.021,-0.008,0.005,0.018,0.031,0.044,0.058,0.071,0.084,0.097,0.11,0.123,0.136,0.149,0.163,0.176,0.189,0.202,0.215,0.228,0.241,0.255,0.268,0.281,0.294,0.307,0.32,0.333,0.346,0.36,0.373,0.386,0.399,0.412,0.425,0.438,0.452,0.465,0.478,0.491,0.504,0.517,0.53,0.543,0.557,0.57,0.583,0.596,0.609,0.622,0.635,0.648,0.662,0.675,0.688,0.701,0.714,0.727,0.74,0.754,0.767,0.78,0.793,0.806,0.819,0.832,0.845,0.859,0.872,0.885,0.898,0.911,0.924,0.937,0.951,0.964,0.977,0.99,1.003,1.016,1.029,1.042,1.056,1.069,1.082,1.095,1.108,1.121,1.134,1.147,1.161,1.174,1.187,1.2],"unit":"V"},"I":{"value":[0.0025649,0.0025609,0.0025578,0.0025563,0.0025587,0.0025575,0.0025553,0.0025586,0.0025564,0.0025539,0.0025481,0.0025537,0.0025556,0.0025521,0.0025508,0.0025553,0.0025556,0.0025543,0.0025523,0.0025552,0.0025499,0.0025519,0.0025506,0.0025502,0.0025519,0.0025493,0.0025491,0.0025457,0.0025508,0.0025501,0.0025476,0.0025479,0.0025502,0.0025511,0.0025466,0.0025491,0.0025504,0.0025464,0.0025454,0.0025439,0.0025437,0.0025446,0.002543,0.0025436,0.0025474,0.0025426,0.0025424,0.0025422,0.0025431,0.0025454,0.0025408,0.0025401,0.0025443,0.0025407,0.0025367,0.0025385,0.0025344,0.0025431,0.00254,0.0025377,0.0025356,0.0025357,0.0025364,0.0025313,0.0025283,0.0025277,0.0025282,0.0025253,0.0025235,0.002519,0.0025193,0.0025148,0.002508,0.0025055,0.0024944,0.002485,0.0024764,0.0024605,0.0024495,0.002424,0.0023889,0.0023512,0.0022992,0.002228,0.0021375,0.002021,0.001868,0.0016776,0.0014167,0.0011157,0.00076337,0.00032598,-0.00017678,-0.00075307,-0.0014018,-0.0021391,-0.0030048,-0.0031005,-0.0031004,-0.0031005],"unit":"A"},"J":{"value":[0.0003206125,0.0003201125,0.000319725,0.0003195375,0.0003198375,0.0003196875,0.0003194125,0.000319825,0.00031955,0.0003192375,0.0003185125,0.0003192125,0.00031945,0.0003190125,0.00031885,0.0003194125,0.00031945,0.0003192875,0.0003190375,0.0003194,0.0003187375,0.0003189875,0.000318825,0.000318775,0.0003189875,0.0003186625,0.0003186375,0.0003182125,0.00031885,0.0003187625,0.00031845,0.0003184875,0.000318775,0.0003188875,0.000318325,0.0003186375,0.0003188,0.0003183,0.000318175,0.0003179875,0.0003179625,0.000318075,0.000317875,0.00031795,0.000318425,0.000317825,0.0003178,0.000317775,0.0003178875,0.000318175,0.0003176,0.0003175125,0.0003180375,0.0003175875,0.0003170875,0.0003173125,0.0003168,0.0003178875,0.0003175,0.0003172125,0.00031695,0.0003169625,0.00031705,0.0003164125,0.0003160375,0.0003159625,0.000316025,0.0003156625,0.0003154375,0.000314875,0.0003149125,0.00031435,0.0003135,0.0003131875,0.0003118,0.000310625,0.00030955,0.0003075625,0.0003061875,0.000303,0.0002986125,0.0002939,0.0002874,0.0002785,0.0002671875,0.000252625,0.0002335,0.0002097,0.0001770875,0.0001394625,9.542125e-5,4.07475e-5,-2.20975e-5,-9.413375e-5,-0.000175225,-0.0002673875,-0.0003756,-0.0003875625,-0.00038755,-0.0003875625],"unit":"A\/cm2"},"voc":{"unit":"V","value":1.1034},"isc":{"unit":"A","value":0.0025573},"jsc":{"unit":"mA\/cm2","value":20.458},"fill_factor":{"unit":"%","value":80.51},"pmax":{"unit":"mW","value":2.272},"vmax":{"unit":"V","value":0.951},"imax":{"unit":"mA","value":2.389},"rshunt":{"unit":"ohms","value":7230},"voc_slope":{"unit":"ohms","value":25.5},"efficiency":{"unit":"%","value":18.17},"monitor_cell_reading":{"unit":"mV","value":0},"monitor_cell_calibration_value":{"unit":"mV","value":0},"test_device_area":{"unit":"cm2","value":0.125},"num_of_series_connected_stacks":{"unit":"","value":1},"meter_integration":{"unit":"NPLC","value":0.1},"source_irradiance":{"unit":"mW\/cm2","value":100},"voltage_settling_time":{"unit":"ms","value":100},"sweep_direction":{"unit":"","value":"Forward"},"irradiance_variation_correction":{"unit":"","value":"None"},"device_id":{"unit":"","value":"0.03-1-1-F"},"cell_dimension":{"unit":"cm2","value":0.125},"key":"Forward_IV 0.03-1-1"}]}}