{"_id":"66f0db64484f342d64359ae2","id":"SKKU-SC-00593","author":82,"group":11,"input":[{"tco":{"unit":"","value":"ITO"}},{"surface_treatment":{"unit":"","value":"O-Plasma"}},{"htl":[{"material":{"unit":"","value":"Me-4PACz"},"concentration":{"unit":"","value":"0.3"},"conc_unit":{"unit":"","value":"mg\/ml"},"quantity":{"unit":"ml","value":"0.2"}}],"spin_coating":[{"type":{"unit":"","value":"Static (only spreading)"},"rpm":{"unit":"","value":"3000"},"time":{"unit":"s","value":"30"}}],"annealing":[{"temperature":{"unit":"oC","value":"100"},"time":{"unit":"m","value":"10"}}],"solvent":[{"material":{"unit":"","value":"Ethanol"},"volume":{"unit":"ml","value":"5"}}],"condition":{"unit":"","value":"glove-box(N2)"}},{"spin_coating":[{"type":{"unit":"","value":"Static (loading)"},"rpm":{"unit":"","value":"5000"},"time":{"unit":"s","value":"35"}}],"annealing":[{"temperature":{"unit":"oC","value":"100"},"time":{"unit":"m","value":"10"}}],"solvent":[{"material":{"unit":"","value":"IPA"},"volume":{"unit":"ml","value":"2"}}],"condition":{"unit":"","value":"glove-box(N2)"},"htl_treatment":[{"material":{"unit":"","value":"Al2O3"},"concentration":{"unit":"","value":"1.1"},"conc_unit":{"unit":"","value":"mg\/ml"},"quantity":{"unit":"ml","value":"2"}}]},{"condition":{"unit":"","value":"glove-box(N2)"},"perovskite":{"method":{"unit":"","value":"1step"},"molarity":{"unit":"M","value":"1.5M"},"a_site":[{"material":{"unit":"","value":"FA"},"ratio":{"unit":"%","value":"90"}},{"material":{"unit":"","value":"Cs"},"ratio":{"unit":"%","value":"10"}}],"b_site":[{"material":{"unit":"","value":"Pb"},"ratio":{"unit":"%","value":"100"}}],"x_site":[{"material":{"unit":"","value":"I"},"ratio":{"unit":"%","value":"100"}}],"solvent":[{"material":{"unit":"","value":"DMF"},"volume":{"unit":"ml","value":"0.8"}},{"material":{"unit":"","value":"DMSO"},"volume":{"unit":"ml","value":"0.2"}}],"antisolvent":[{"material":{"unit":"","value":"DEE"},"quantity":{"unit":"ul","value":"800"},"dripping_time":{"unit":"s","value":"40"}}],"annealing":[{"temperature":{"unit":"oC","value":"60"},"time":{"unit":"m","value":"3"}}],"spin_coating":[{"type":{"unit":"","value":"Static (only spreading)"},"rpm":{"unit":"","value":"5000"},"time":{"unit":"s","value":"50"}}],"additive":[{"material":{"unit":"","value":"MACl"},"solvent":{"unit":"","value":"DMF"},"concentration":{"unit":"","value":"30.4"},"conc_unit":{"unit":"","value":"mg\/ml"},"quantity":{"unit":"mol%","value":"30"}}]}},{"perovskite":{"annealing":[{"temperature":{"unit":"oC","value":"150"},"time":{"unit":"m","value":"1"}},{"temperature":{"unit":"oC","value":"120"},"time":{"unit":"m","value":"50"}}],"atmosphere":[{"type":{"unit":"","value":"Ambient (30RH%)"},"temperature":{"unit":"oC","value":"20"},"humidity":{"unit":"RH%","value":"30"}}]}},{"perovskite_treatment":[{"material":{"unit":"","value":"OABr"},"concentration":{"unit":"","value":"2"},"conc_unit":{"unit":"","value":"mg\/ml"},"quantity":{"unit":"ml","value":"0.065"}}],"annealing":[{"temperature":{"unit":"oC","value":"100"},"time":{"unit":"m","value":"5"}}],"spin_coating":[{"type":{"unit":"","value":"Dynamic"},"rpm":{"unit":"","value":"5000"},"time":{"unit":"s","value":"30"}}],"condition":{"unit":"","value":"glove-box(N2)"},"solvent":[{"material":{"unit":"","value":"IPA"},"volume":{"unit":"ml","value":"1"}}]},{"etl":[{"material":{"unit":"","value":"C60"},"concentration":{"unit":"","value":""},"conc_unit":{"unit":"","value":"mg\/ml"},"quantity":{"unit":"ml","value":"None"}}],"thermal_evaporation":[{"vacuum_evaporation_thickness":{"unit":"nm","value":"30"},"evaporation_rate":{"unit":"\u00c5\/s","value":"0.2"},"vacuum_pressure":{"unit":"uTorr","value":"0.97"}}]},{"blocking_buffer_layer":[{"material":{"unit":"","value":"BCP"},"concentration":{"unit":"","value":"None"},"conc_unit":{"unit":"","value":"None"},"quantity":{"unit":"ml","value":"None"}}],"thermal_evaporation":[{"vacuum_evaporation_thickness":{"unit":"nm","value":"8"},"evaporation_rate":{"unit":"\u00c5\/s","value":"0.2"},"vacuum_pressure":{"unit":"uTorr","value":"0.97"}}]},{"anode_metal":{"unit":"","value":"Ag"}},{"note":{"unit":"","value":"Al2O3 optimization"},"type":{"unit":"","value":"unit_cell"},"device_type":{"unit":"","value":"p-i-n"},"temperature":{"unit":"\u2103","value":"25"},"humidity":{"unit":"%","value":"25"},"cell_dimension":{"unit":"cm2","value":"0.09"},"condition":{"unit":"","value":"glove-box(N2)"}}],"fileinfo":[{"key":"Forward_IV 10-1","uploadType":"JV","original_name":"IV 10-1-f.txt","save_name":"SKKU-SC-00593\/Forward_IV 10-1","uploader":82,"fileType":""},{"key":"Reverse_IV 10-1","uploadType":"JV","original_name":"IV 10-1-r.txt","save_name":"SKKU-SC-00593\/Reverse_IV 10-1","uploader":82,"fileType":""},{"key":"Forward_IV 10-2","uploadType":"JV","original_name":"IV 10-2-f.txt","save_name":"SKKU-SC-00593\/Forward_IV 10-2","uploader":82,"fileType":""},{"key":"Reverse_IV 10-2","uploadType":"JV","original_name":"IV 10-2-r.txt","save_name":"SKKU-SC-00593\/Reverse_IV 10-2","uploader":82,"fileType":""},{"key":"Forward_IV 10-3","uploadType":"JV","original_name":"IV 10-3-f.txt","save_name":"SKKU-SC-00593\/Forward_IV 10-3","uploader":82,"fileType":""},{"key":"Reverse_IV 10-3","uploadType":"JV","original_name":"IV 10-3-r.txt","save_name":"SKKU-SC-00593\/Reverse_IV 10-3","uploader":82,"fileType":""},{"key":"Forward_IV 10-5","uploadType":"JV","original_name":"IV 10-5-f.txt","save_name":"SKKU-SC-00593\/Forward_IV 10-5","uploader":82,"fileType":""},{"key":"Reverse_IV 10-5","uploadType":"JV","original_name":"IV 10-5-r.txt","save_name":"SKKU-SC-00593\/Reverse_IV 10-5","uploader":82,"fileType":""}],"jvcnt":8,"analysisInfo":{"JV":[{"efficiency":21.095626,"fill_factor":77.547698,"jsc":24.749132,"voc":1.099167,"key":"Reverse_IV 10-5","cell_dimension":0.09},{"efficiency":19.75363,"fill_factor":75.047562,"jsc":24.168191,"voc":1.089096,"key":"Reverse_IV 10-3","cell_dimension":0.09},{"efficiency":19.699583,"fill_factor":75.731603,"jsc":23.931537,"voc":1.086949,"key":"Reverse_IV 10-2","cell_dimension":0.09},{"efficiency":19.913814,"fill_factor":76.518452,"jsc":23.925113,"voc":1.087763,"key":"Reverse_IV 10-1","cell_dimension":0.09},{"efficiency":21.728751,"fill_factor":80.57715,"jsc":24.728565,"voc":1.090496,"key":"Forward_IV 10-5","cell_dimension":0.09},{"efficiency":21.324267,"fill_factor":81.167784,"jsc":23.98359,"voc":1.095409,"key":"Forward_IV 10-3","cell_dimension":0.09},{"efficiency":21.164922,"fill_factor":81.024606,"jsc":23.848628,"voc":1.095308,"key":"Forward_IV 10-2","cell_dimension":0.09},{"efficiency":21.132765,"fill_factor":80.853107,"jsc":23.875714,"voc":1.09472,"key":"Forward_IV 10-1","cell_dimension":0.09}]},"tags":[],"updated_at":"2024-10-24 09:06:18","created_at":"2024-09-23 03:07:16","public":2,"analysis":{"JV":[{"V":{"value":[1.2,1.187,1.174,1.161,1.148,1.135,1.122,1.109,1.096,1.083,1.07,1.057,1.044,1.031,1.018,1.005,0.992,0.979,0.966,0.953,0.94,0.927,0.914,0.901,0.888,0.875,0.862,0.849,0.836,0.823,0.81,0.797,0.784,0.771,0.758,0.745,0.732,0.719,0.706,0.693,0.68,0.667,0.654,0.641,0.628,0.615,0.602,0.589,0.576,0.563,0.55,0.537,0.524,0.511,0.498,0.485,0.472,0.459,0.446,0.433,0.42,0.407,0.394,0.381,0.368,0.355,0.342,0.329,0.316,0.303,0.29,0.277,0.264,0.251,0.238,0.225,0.212,0.199,0.186,0.173,0.16,0.147,0.134,0.121,0.108,0.095,0.082,0.069,0.056,0.043,0.03,0.017,0.004,-0.009,-0.022,-0.035,-0.048,-0.061,-0.074,-0.087],"unit":"V"},"I":{"value":[-0.00608,-0.00514,-0.004241,-0.003388,-0.002591,-0.00185,-0.001176,-0.000569,-3.8e-5,0.000417,0.000799,0.001103,0.001349,0.001536,0.001676,0.001783,0.001859,0.001916,0.001959,0.001992,0.002018,0.002036,0.00205,0.002063,0.002074,0.002085,0.002092,0.0021,0.002108,0.002113,0.002119,0.002123,0.002126,0.002129,0.002132,0.002136,0.002138,0.002144,0.002144,0.002148,0.002151,0.002154,0.002157,0.002157,0.002157,0.002159,0.002159,0.002162,0.002163,0.002167,0.00217,0.002172,0.002172,0.002175,0.002176,0.002177,0.002179,0.002181,0.002182,0.002184,0.002184,0.002186,0.002187,0.002189,0.002189,0.002192,0.002193,0.002196,0.002197,0.0022,0.002199,0.002201,0.002204,0.002204,0.002204,0.002207,0.002208,0.002211,0.002211,0.002212,0.002213,0.002215,0.002216,0.002217,0.002218,0.002218,0.002221,0.00222,0.002225,0.002227,0.002227,0.002228,0.002227,0.002229,0.002233,0.002232,0.002231,0.002232,0.002234,0.002236],"unit":"A"},"J":{"value":[-0.0005472,-0.00046259999999999997,-0.00038168999999999996,-0.00030492,-0.00023318999999999998,-0.0001665,-0.00010583999999999999,-5.120999999999999e-5,-3.42e-6,3.753e-5,7.191e-5,9.927e-5,0.00012140999999999999,0.00013824,0.00015083999999999999,0.00016047000000000001,0.00016731,0.00017244,0.00017630999999999997,0.00017927999999999998,0.00018161999999999999,0.00018324,0.0001845,0.00018567,0.00018665999999999998,0.00018765,0.00018828,0.00018899999999999999,0.00018972,0.00019016999999999998,0.00019070999999999997,0.00019106999999999997,0.00019133999999999997,0.00019160999999999996,0.00019188,0.00019224,0.00019242,0.00019296,0.00019296,0.00019332,0.00019359,0.00019386,0.00019412999999999999,0.00019412999999999999,0.00019412999999999999,0.00019430999999999997,0.00019430999999999997,0.00019457999999999997,0.00019467,0.00019503,0.0001953,0.00019548,0.00019548,0.00019575,0.00019584,0.00019593,0.00019611,0.00019629,0.00019638,0.00019656,0.00019656,0.00019674,0.00019683,0.00019700999999999999,0.00019700999999999999,0.00019727999999999998,0.00019737,0.00019763999999999998,0.00019773000000000002,0.00019800000000000002,0.00019790999999999998,0.00019808999999999997,0.00019835999999999996,0.00019835999999999996,0.00019835999999999996,0.00019863000000000001,0.00019872,0.00019899,0.00019899,0.00019908,0.00019917,0.00019935,0.00019944,0.00019952999999999998,0.00019962,0.00019962,0.00019988999999999999,0.0001998,0.00020025,0.00020042999999999998,0.00020042999999999998,0.00020051999999999998,0.00020042999999999998,0.00020061,0.00020097,0.00020088,0.00020078999999999998,0.00020088,0.00020105999999999998,0.00020124000000000002],"unit":"A\/cm2"},"voc":{"unit":"V","value":1.099167},"isc":{"unit":"A","value":2.227422},"jsc":{"unit":"mA\/cm2","value":24.749132},"fill_factor":{"unit":"%","value":77.547698},"vmax":{"unit":"V","value":0.953},"efficiency":{"unit":"%","value":21.095626},"monitor_cell_reading":{"unit":"mV","value":0},"monitor_cell_calibration_value":{"unit":"mV","value":0},"test_device_area":{"unit":"cm2","value":0.09},"num_of_series_connected_stacks":{"unit":"","value":1},"sweep_direction":{"unit":"","value":"Reverse"},"device_id":{"unit":"","value":"10-5-r"},"cell_dimension":{"unit":"cm2","value":0.09},"key":"Reverse_IV 10-5"},{"V":{"value":[1.2,1.187,1.174,1.161,1.148,1.135,1.122,1.109,1.096,1.083,1.07,1.057,1.044,1.031,1.018,1.005,0.992,0.979,0.966,0.953,0.94,0.927,0.914,0.901,0.888,0.875,0.862,0.849,0.836,0.823,0.81,0.797,0.784,0.771,0.758,0.745,0.732,0.719,0.706,0.693,0.68,0.667,0.654,0.641,0.628,0.615,0.602,0.589,0.576,0.563,0.55,0.537,0.524,0.511,0.498,0.485,0.472,0.459,0.446,0.433,0.42,0.407,0.394,0.381,0.368,0.355,0.342,0.329,0.316,0.303,0.29,0.277,0.264,0.251,0.238,0.225,0.212,0.199,0.186,0.173,0.16,0.147,0.134,0.121,0.108,0.095,0.082,0.069,0.056,0.043,0.03,0.017,0.004,-0.009,-0.022,-0.035,-0.048,-0.061,-0.074,-0.087],"unit":"V"},"I":{"value":[-0.007555,-0.006453,-0.005399,-0.0044,-0.003468,-0.002604,-0.001821,-0.00112,-0.000505,1.9e-5,0.000458,0.000813,0.001093,0.001311,0.001477,0.001599,0.001695,0.001765,0.001819,0.00186,0.001891,0.001915,0.001937,0.001954,0.001967,0.001979,0.001993,0.002003,0.002011,0.002019,0.002026,0.002034,0.002041,0.002045,0.002052,0.002054,0.002061,0.002065,0.002069,0.002074,0.002077,0.002081,0.002085,0.002087,0.00209,0.002093,0.002095,0.002098,0.002101,0.002103,0.002107,0.00211,0.002112,0.002114,0.002114,0.002115,0.00212,0.002119,0.002123,0.002127,0.002128,0.002131,0.002132,0.002131,0.002134,0.002136,0.002138,0.002139,0.002141,0.002143,0.002145,0.002146,0.002149,0.002149,0.002149,0.002153,0.002155,0.002156,0.002157,0.002158,0.002157,0.00216,0.002163,0.002164,0.002166,0.002167,0.002169,0.002172,0.002172,0.002173,0.002173,0.002173,0.002175,0.002178,0.002178,0.002178,0.002179,0.00218,0.002182,0.002185],"unit":"A"},"J":{"value":[-0.00067995,-0.00058077,-0.00048591,-0.00039600000000000003,-0.00031212,-0.00023436,-0.00016388999999999998,-0.00010079999999999998,-4.545e-5,1.71e-6,4.122e-5,7.317e-5,9.837e-5,0.00011799,0.00013293,0.00014391,0.00015255,0.00015885,0.00016371,0.0001674,0.00017019,0.00017235,0.00017433,0.00017586,0.00017703,0.00017811,0.00017936999999999999,0.00018027,0.00018099000000000001,0.00018171,0.00018234,0.00018305999999999997,0.00018368999999999997,0.00018405,0.00018468,0.00018486,0.00018549,0.00018585,0.00018621,0.00018665999999999998,0.00018692999999999997,0.00018728999999999998,0.00018765,0.00018783,0.0001881,0.00018837,0.00018855,0.00018882,0.00018909,0.00018926999999999998,0.00018962999999999999,0.00018989999999999998,0.00019008,0.00019025999999999998,0.00019025999999999998,0.00019035,0.00019079999999999998,0.00019070999999999997,0.00019106999999999997,0.00019143,0.00019152,0.00019179,0.00019188,0.00019179,0.00019206,0.00019224,0.00019242,0.00019250999999999998,0.00019269,0.00019287,0.00019305,0.00019313999999999998,0.00019340999999999998,0.00019340999999999998,0.00019340999999999998,0.00019376999999999998,0.00019394999999999997,0.00019403999999999998,0.00019412999999999999,0.00019422000000000002,0.00019412999999999999,0.00019439999999999998,0.00019467,0.00019476,0.00019494,0.00019503,0.00019521,0.00019548,0.00019548,0.00019557,0.00019557,0.00019557,0.00019575,0.00019601999999999998,0.00019601999999999998,0.00019601999999999998,0.00019611,0.0001962,0.00019638,0.00019664999999999998],"unit":"A\/cm2"},"voc":{"unit":"V","value":1.089096},"isc":{"unit":"A","value":2.175137},"jsc":{"unit":"mA\/cm2","value":24.168191},"fill_factor":{"unit":"%","value":75.047562},"vmax":{"unit":"V","value":0.94},"efficiency":{"unit":"%","value":19.75363},"monitor_cell_reading":{"unit":"mV","value":0},"monitor_cell_calibration_value":{"unit":"mV","value":0},"test_device_area":{"unit":"cm2","value":0.09},"num_of_series_connected_stacks":{"unit":"","value":1},"sweep_direction":{"unit":"","value":"Reverse"},"device_id":{"unit":"","value":"10-3-r"},"cell_dimension":{"unit":"cm2","value":0.09},"key":"Reverse_IV 10-3"},{"V":{"value":[1.2,1.187,1.174,1.161,1.148,1.135,1.122,1.109,1.096,1.083,1.07,1.057,1.044,1.031,1.018,1.005,0.992,0.979,0.966,0.953,0.94,0.927,0.914,0.901,0.888,0.875,0.862,0.849,0.836,0.823,0.81,0.797,0.784,0.771,0.758,0.745,0.732,0.719,0.706,0.693,0.68,0.667,0.654,0.641,0.628,0.615,0.602,0.589,0.576,0.563,0.55,0.537,0.524,0.511,0.498,0.485,0.472,0.459,0.446,0.433,0.42,0.407,0.394,0.381,0.368,0.355,0.342,0.329,0.316,0.303,0.29,0.277,0.264,0.251,0.238,0.225,0.212,0.199,0.186,0.173,0.16,0.147,0.134,0.121,0.108,0.095,0.082,0.069,0.056,0.043,0.03,0.017,0.004,-0.009,-0.022,-0.035,-0.048,-0.061,-0.074,-0.087],"unit":"V"},"I":{"value":[-0.007297,-0.006253,-0.005252,-0.0043,-0.003409,-0.00258,-0.001825,-0.001145,-0.000544,-2.6e-5,0.000411,0.000768,0.001054,0.001278,0.00145,0.00158,0.001679,0.001755,0.001811,0.001854,0.001886,0.001907,0.001933,0.001949,0.001966,0.00198,0.001987,0.001998,0.002007,0.002013,0.002021,0.002026,0.002033,0.002038,0.002043,0.00205,0.002054,0.002057,0.00206,0.002065,0.002068,0.002073,0.002075,0.002077,0.002082,0.002083,0.002084,0.002087,0.00209,0.002092,0.002093,0.002096,0.002096,0.002099,0.002101,0.002104,0.002106,0.002107,0.002107,0.002111,0.002111,0.002113,0.002114,0.002115,0.002118,0.00212,0.002124,0.002123,0.002123,0.002125,0.002126,0.002129,0.002128,0.002131,0.002131,0.002133,0.002136,0.002136,0.002137,0.002139,0.002139,0.00214,0.002141,0.002142,0.002145,0.002146,0.002147,0.002151,0.00215,0.002154,0.002154,0.002156,0.002154,0.002155,0.002156,0.002156,0.002157,0.002159,0.00216,0.002163],"unit":"A"},"J":{"value":[-0.0006567299999999999,-0.00056277,-0.00047267999999999995,-0.000387,-0.00030681,-0.00023219999999999998,-0.00016425,-0.00010305,-4.896e-5,-2.3399999999999996e-6,3.699e-5,6.912e-5,9.486e-5,0.00011502,0.00013049999999999997,0.0001422,0.00015110999999999998,0.00015795,0.00016298999999999998,0.00016685999999999998,0.00016974,0.00017163,0.00017397,0.00017541,0.00017693999999999997,0.0001782,0.00017883,0.00017982000000000002,0.00018063,0.00018117,0.00018188999999999998,0.00018234,0.00018297,0.00018341999999999998,0.00018387,0.0001845,0.00018486,0.00018512999999999998,0.0001854,0.00018585,0.00018612,0.00018657,0.00018674999999999999,0.00018692999999999997,0.00018738,0.00018747000000000002,0.00018755999999999997,0.00018783,0.0001881,0.00018828,0.00018837,0.00018864,0.00018864,0.00018891,0.00018909,0.00018936,0.00018953999999999998,0.00018962999999999999,0.00018962999999999999,0.00018999,0.00018999,0.00019016999999999998,0.00019025999999999998,0.00019035,0.00019062,0.00019079999999999998,0.00019116,0.00019106999999999997,0.00019106999999999997,0.00019125000000000001,0.00019133999999999997,0.00019160999999999996,0.00019152,0.00019179,0.00019179,0.00019197,0.00019224,0.00019224,0.00019233,0.00019250999999999998,0.00019250999999999998,0.0001926,0.00019269,0.00019277999999999998,0.00019305,0.00019313999999999998,0.00019323,0.00019359,0.0001935,0.00019386,0.00019386,0.00019403999999999998,0.00019386,0.00019394999999999997,0.00019403999999999998,0.00019403999999999998,0.00019412999999999999,0.00019430999999999997,0.00019439999999999998,0.00019467],"unit":"A\/cm2"},"voc":{"unit":"V","value":1.086949},"isc":{"unit":"A","value":2.153838},"jsc":{"unit":"mA\/cm2","value":23.931537},"fill_factor":{"unit":"%","value":75.731603},"vmax":{"unit":"V","value":0.94},"efficiency":{"unit":"%","value":19.699583},"monitor_cell_reading":{"unit":"mV","value":0},"monitor_cell_calibration_value":{"unit":"mV","value":0},"test_device_area":{"unit":"cm2","value":0.09},"num_of_series_connected_stacks":{"unit":"","value":1},"sweep_direction":{"unit":"","value":"Reverse"},"device_id":{"unit":"","value":"10-2-r"},"cell_dimension":{"unit":"cm2","value":0.09},"key":"Reverse_IV 10-2"},{"V":{"value":[1.2,1.187,1.174,1.161,1.148,1.135,1.122,1.109,1.096,1.083,1.07,1.057,1.044,1.031,1.018,1.005,0.992,0.979,0.966,0.953,0.94,0.927,0.914,0.901,0.888,0.875,0.862,0.849,0.836,0.823,0.81,0.797,0.784,0.771,0.758,0.745,0.732,0.719,0.706,0.693,0.68,0.667,0.654,0.641,0.628,0.615,0.602,0.589,0.576,0.563,0.55,0.537,0.524,0.511,0.498,0.485,0.472,0.459,0.446,0.433,0.42,0.407,0.394,0.381,0.368,0.355,0.342,0.329,0.316,0.303,0.29,0.277,0.264,0.251,0.238,0.225,0.212,0.199,0.186,0.173,0.16,0.147,0.134,0.121,0.108,0.095,0.082,0.069,0.056,0.043,0.03,0.017,0.004,-0.009,-0.022,-0.035,-0.048,-0.061,-0.074,-0.087],"unit":"V"},"I":{"value":[-0.006311,-0.00543,-0.004582,-0.003771,-0.003005,-0.002285,-0.001623,-0.001015,-0.000471,8.0e-6,0.000419,0.000764,0.001045,0.001273,0.001451,0.001585,0.001689,0.001767,0.001825,0.001873,0.001907,0.001931,0.001953,0.00197,0.001984,0.001995,0.002006,0.002013,0.002021,0.002026,0.002036,0.002043,0.002047,0.002052,0.002056,0.00206,0.002064,0.002068,0.002071,0.002074,0.002077,0.002079,0.002083,0.002084,0.002086,0.00209,0.002091,0.002094,0.002094,0.002097,0.0021,0.0021,0.002102,0.002105,0.002107,0.002109,0.002111,0.002112,0.002115,0.002113,0.002113,0.002114,0.002118,0.00212,0.002119,0.002121,0.002122,0.002123,0.002125,0.002126,0.002127,0.00213,0.00213,0.002131,0.002132,0.002132,0.002135,0.002136,0.002138,0.002139,0.002139,0.00214,0.002142,0.002143,0.002143,0.002146,0.002147,0.002146,0.00215,0.002149,0.002148,0.002151,0.002153,0.002153,0.002155,0.002157,0.002155,0.002155,0.002158,0.00216],"unit":"A"},"J":{"value":[-0.00056799,-0.0004887,-0.00041238,-0.00033939,-0.00027045,-0.00020565,-0.00014607000000000002,-9.135e-5,-4.239e-5,7.2e-7,3.7709999999999996e-5,6.876e-5,9.405e-5,0.00011457,0.00013059,0.00014265,0.00015201,0.00015902999999999997,0.00016425,0.00016857,0.00017163,0.00017379,0.00017577,0.0001773,0.00017856,0.00017954999999999997,0.00018054,0.00018117,0.00018188999999999998,0.00018234,0.00018324,0.00018387,0.00018423000000000002,0.00018468,0.00018504,0.0001854,0.00018575999999999998,0.00018612,0.00018638999999999998,0.00018665999999999998,0.00018692999999999997,0.00018711000000000002,0.00018747000000000002,0.00018755999999999997,0.00018774000000000002,0.0001881,0.00018819,0.00018846,0.00018846,0.00018873,0.00018899999999999999,0.00018899999999999999,0.00018918,0.00018945,0.00018962999999999999,0.00018981,0.00018999,0.00019008,0.00019035,0.00019016999999999998,0.00019016999999999998,0.00019025999999999998,0.00019062,0.00019079999999999998,0.00019070999999999997,0.00019089,0.00019098000000000002,0.00019106999999999997,0.00019125000000000001,0.00019133999999999997,0.00019143,0.0001917,0.0001917,0.00019179,0.00019188,0.00019188,0.00019215,0.00019224,0.00019242,0.00019250999999999998,0.00019250999999999998,0.0001926,0.00019277999999999998,0.00019287,0.00019287,0.00019313999999999998,0.00019323,0.00019313999999999998,0.0001935,0.00019340999999999998,0.00019332,0.00019359,0.00019376999999999998,0.00019376999999999998,0.00019394999999999997,0.00019412999999999999,0.00019394999999999997,0.00019394999999999997,0.00019422000000000002,0.00019439999999999998],"unit":"A\/cm2"},"voc":{"unit":"V","value":1.087763},"isc":{"unit":"A","value":2.15326},"jsc":{"unit":"mA\/cm2","value":23.925113},"fill_factor":{"unit":"%","value":76.518452},"vmax":{"unit":"V","value":0.94},"efficiency":{"unit":"%","value":19.913814},"monitor_cell_reading":{"unit":"mV","value":0},"monitor_cell_calibration_value":{"unit":"mV","value":0},"test_device_area":{"unit":"cm2","value":0.09},"num_of_series_connected_stacks":{"unit":"","value":1},"sweep_direction":{"unit":"","value":"Reverse"},"device_id":{"unit":"","value":"10-1-r"},"cell_dimension":{"unit":"cm2","value":0.09},"key":"Reverse_IV 10-1"},{"V":{"value":[-0.1,-0.087,-0.074,-0.061,-0.048,-0.035,-0.022,-0.009,0.004,0.017,0.03,0.043,0.056,0.069,0.082,0.095,0.108,0.121,0.134,0.147,0.16,0.173,0.186,0.199,0.212,0.225,0.238,0.251,0.264,0.277,0.29,0.303,0.316,0.329,0.342,0.355,0.368,0.381,0.394,0.407,0.42,0.433,0.446,0.459,0.472,0.485,0.498,0.511,0.524,0.537,0.55,0.563,0.576,0.589,0.602,0.615,0.628,0.641,0.654,0.667,0.68,0.693,0.706,0.719,0.732,0.745,0.758,0.771,0.784,0.797,0.81,0.823,0.836,0.849,0.862,0.875,0.888,0.901,0.914,0.927,0.94,0.953,0.966,0.979,0.992,1.005,1.018,1.031,1.044,1.057,1.07,1.083,1.096,1.109,1.122,1.135,1.148,1.161,1.174,1.187],"unit":"V"},"I":{"value":[0.002242,0.002236,0.002232,0.002232,0.002231,0.002229,0.002227,0.002227,0.002226,0.002226,0.002226,0.002225,0.002225,0.002224,0.002224,0.002224,0.00222,0.002222,0.00222,0.00222,0.00222,0.002218,0.00222,0.002219,0.002217,0.002219,0.002215,0.002217,0.002215,0.002214,0.002214,0.002213,0.002213,0.002212,0.002211,0.002209,0.002208,0.002207,0.002205,0.002205,0.002205,0.002205,0.002204,0.002201,0.002202,0.002201,0.0022,0.0022,0.002198,0.002198,0.002196,0.002195,0.002193,0.002192,0.002188,0.002189,0.002188,0.002187,0.002185,0.002182,0.002183,0.00218,0.002177,0.002178,0.002176,0.002175,0.002173,0.002172,0.00217,0.002165,0.002161,0.002158,0.002156,0.002151,0.002147,0.002141,0.002135,0.002125,0.002116,0.0021,0.00208,0.002051,0.002013,0.00196,0.001885,0.001784,0.00165,0.001474,0.001249,0.000976,0.000636,0.00023,-0.000243,-0.000781,-0.001359,-0.002027,-0.002751,-0.003526,-0.004357,-0.005233],"unit":"A"},"J":{"value":[0.00020178,0.00020124000000000002,0.00020088,0.00020088,0.00020078999999999998,0.00020061,0.00020042999999999998,0.00020042999999999998,0.00020034,0.00020034,0.00020034,0.00020025,0.00020025,0.00020015999999999998,0.00020015999999999998,0.00020015999999999998,0.0001998,0.00019998,0.0001998,0.0001998,0.0001998,0.00019962,0.0001998,0.00019971,0.00019952999999999998,0.00019971,0.00019935,0.00019952999999999998,0.00019935,0.00019925999999999999,0.00019925999999999999,0.00019917,0.00019917,0.00019908,0.00019899,0.00019881,0.00019872,0.00019863000000000001,0.00019845,0.00019845,0.00019845,0.00019845,0.00019835999999999996,0.00019808999999999997,0.00019817999999999998,0.00019808999999999997,0.00019800000000000002,0.00019800000000000002,0.00019781999999999997,0.00019781999999999997,0.00019763999999999998,0.00019754999999999998,0.00019737,0.00019727999999999998,0.00019691999999999998,0.00019700999999999999,0.00019691999999999998,0.00019683,0.00019664999999999998,0.00019638,0.00019647,0.0001962,0.00019593,0.00019601999999999998,0.00019584,0.00019575,0.00019557,0.00019548,0.0001953,0.00019484999999999997,0.00019449000000000002,0.00019422000000000002,0.00019403999999999998,0.00019359,0.00019323,0.00019269,0.00019215,0.00019125000000000001,0.00019043999999999997,0.00018899999999999999,0.00018719999999999997,0.00018459,0.00018117,0.00017639999999999998,0.00016964999999999998,0.00016056,0.0001485,0.00013266,0.00011240999999999999,8.784e-5,5.7239999999999994e-5,2.07e-5,-2.187e-5,-7.028999999999999e-5,-0.00012230999999999999,-0.00018243,-0.00024759,-0.00031734,-0.00039213,-0.00047096999999999997],"unit":"A\/cm2"},"voc":{"unit":"V","value":1.090496},"isc":{"unit":"A","value":2.225571},"jsc":{"unit":"mA\/cm2","value":24.728565},"fill_factor":{"unit":"%","value":80.57715},"vmax":{"unit":"V","value":0.94},"efficiency":{"unit":"%","value":21.728751},"monitor_cell_reading":{"unit":"mV","value":0},"monitor_cell_calibration_value":{"unit":"mV","value":0},"test_device_area":{"unit":"cm2","value":0.09},"num_of_series_connected_stacks":{"unit":"","value":1},"sweep_direction":{"unit":"","value":"Forward"},"device_id":{"unit":"","value":"10-5-f"},"cell_dimension":{"unit":"cm2","value":0.09},"key":"Forward_IV 10-5"},{"V":{"value":[-0.1,-0.087,-0.074,-0.061,-0.048,-0.035,-0.022,-0.009,0.004,0.017,0.03,0.043,0.056,0.069,0.082,0.095,0.108,0.121,0.134,0.147,0.16,0.173,0.186,0.199,0.212,0.225,0.238,0.251,0.264,0.277,0.29,0.303,0.316,0.329,0.342,0.355,0.368,0.381,0.394,0.407,0.42,0.433,0.446,0.459,0.472,0.485,0.498,0.511,0.524,0.537,0.55,0.563,0.576,0.589,0.602,0.615,0.628,0.641,0.654,0.667,0.68,0.693,0.706,0.719,0.732,0.745,0.758,0.771,0.784,0.797,0.81,0.823,0.836,0.849,0.862,0.875,0.888,0.901,0.914,0.927,0.94,0.953,0.966,0.979,0.992,1.005,1.018,1.031,1.044,1.057,1.07,1.083,1.096,1.109,1.122,1.135,1.148,1.161,1.174,1.187],"unit":"V"},"I":{"value":[0.002227,0.002169,0.002167,0.002163,0.002163,0.002161,0.002161,0.00216,0.002159,0.002159,0.00216,0.00216,0.002162,0.002163,0.002161,0.002164,0.002164,0.002165,0.002163,0.002163,0.002162,0.002162,0.002162,0.00216,0.002161,0.00216,0.00216,0.00216,0.00216,0.002158,0.00216,0.002151,0.002152,0.002153,0.002151,0.002153,0.002152,0.002151,0.002154,0.002152,0.002153,0.002151,0.00215,0.00215,0.002149,0.002148,0.002149,0.002148,0.002147,0.002148,0.002147,0.002145,0.002143,0.002143,0.00214,0.002138,0.002138,0.002138,0.002136,0.002134,0.002133,0.002133,0.002132,0.00213,0.002129,0.002126,0.002125,0.002122,0.00212,0.002118,0.002114,0.002112,0.002108,0.002103,0.002098,0.002094,0.002086,0.002077,0.002068,0.002052,0.002037,0.002014,0.001981,0.001939,0.001877,0.001797,0.001685,0.001533,0.00133,0.001068,0.000734,0.000316,-0.000185,-0.000778,-0.001469,-0.002239,-0.003091,-0.004017,-0.005017,-0.006079],"unit":"A"},"J":{"value":[0.00020042999999999998,0.00019521,0.00019503,0.00019467,0.00019467,0.00019449000000000002,0.00019449000000000002,0.00019439999999999998,0.00019430999999999997,0.00019430999999999997,0.00019439999999999998,0.00019439999999999998,0.00019457999999999997,0.00019467,0.00019449000000000002,0.00019476,0.00019476,0.00019484999999999997,0.00019467,0.00019467,0.00019457999999999997,0.00019457999999999997,0.00019457999999999997,0.00019439999999999998,0.00019449000000000002,0.00019439999999999998,0.00019439999999999998,0.00019439999999999998,0.00019439999999999998,0.00019422000000000002,0.00019439999999999998,0.00019359,0.00019367999999999998,0.00019376999999999998,0.00019359,0.00019376999999999998,0.00019367999999999998,0.00019359,0.00019386,0.00019367999999999998,0.00019376999999999998,0.00019359,0.0001935,0.0001935,0.00019340999999999998,0.00019332,0.00019340999999999998,0.00019332,0.00019323,0.00019332,0.00019323,0.00019305,0.00019287,0.00019287,0.0001926,0.00019242,0.00019242,0.00019242,0.00019224,0.00019206,0.00019197,0.00019197,0.00019188,0.0001917,0.00019160999999999996,0.00019133999999999997,0.00019125000000000001,0.00019098000000000002,0.00019079999999999998,0.00019062,0.00019025999999999998,0.00019008,0.00018972,0.00018926999999999998,0.00018882,0.00018846,0.00018774000000000002,0.00018692999999999997,0.00018612,0.00018468,0.00018333000000000002,0.00018126,0.00017829,0.00017450999999999998,0.00016893,0.00016172999999999998,0.00015165,0.00013797,0.0001197,9.612e-5,6.605999999999999e-5,2.844e-5,-1.6649999999999998e-5,-7.002e-5,-0.00013221,-0.00020151000000000001,-0.00027819,-0.00036153,-0.00045152999999999995,-0.00054711],"unit":"A\/cm2"},"voc":{"unit":"V","value":1.095409},"isc":{"unit":"A","value":2.158523},"jsc":{"unit":"mA\/cm2","value":23.98359},"fill_factor":{"unit":"%","value":81.167784},"vmax":{"unit":"V","value":0.953},"efficiency":{"unit":"%","value":21.324267},"monitor_cell_reading":{"unit":"mV","value":0},"monitor_cell_calibration_value":{"unit":"mV","value":0},"test_device_area":{"unit":"cm2","value":0.09},"num_of_series_connected_stacks":{"unit":"","value":1},"sweep_direction":{"unit":"","value":"Forward"},"device_id":{"unit":"","value":"10-3-f"},"cell_dimension":{"unit":"cm2","value":0.09},"key":"Forward_IV 10-3"},{"V":{"value":[-0.1,-0.087,-0.074,-0.061,-0.048,-0.035,-0.022,-0.009,0.004,0.017,0.03,0.043,0.056,0.069,0.082,0.095,0.108,0.121,0.134,0.147,0.16,0.173,0.186,0.199,0.212,0.225,0.238,0.251,0.264,0.277,0.29,0.303,0.316,0.329,0.342,0.355,0.368,0.381,0.394,0.407,0.42,0.433,0.446,0.459,0.472,0.485,0.498,0.511,0.524,0.537,0.55,0.563,0.576,0.589,0.602,0.615,0.628,0.641,0.654,0.667,0.68,0.693,0.706,0.719,0.732,0.745,0.758,0.771,0.784,0.797,0.81,0.823,0.836,0.849,0.862,0.875,0.888,0.901,0.914,0.927,0.94,0.953,0.966,0.979,0.992,1.005,1.018,1.031,1.044,1.057,1.07,1.083,1.096,1.109,1.122,1.135,1.148,1.161,1.174,1.187],"unit":"V"},"I":{"value":[0.002154,0.002149,0.002147,0.002147,0.002144,0.002143,0.002144,0.002145,0.002146,0.002147,0.002146,0.002146,0.002147,0.002145,0.002146,0.002143,0.002143,0.002144,0.002142,0.002144,0.002144,0.002143,0.002144,0.002141,0.002142,0.002141,0.002141,0.002141,0.002141,0.002144,0.002143,0.002142,0.002142,0.002139,0.002139,0.00214,0.00214,0.002137,0.002138,0.002136,0.002135,0.002134,0.002135,0.002132,0.002133,0.002132,0.00213,0.002133,0.002132,0.002131,0.002131,0.00213,0.002129,0.002128,0.002127,0.002128,0.002125,0.002127,0.002125,0.002123,0.002121,0.00212,0.00212,0.002117,0.002115,0.002114,0.002112,0.002112,0.002108,0.002107,0.002105,0.0021,0.002096,0.002093,0.002087,0.002082,0.002076,0.002067,0.002055,0.002042,0.002024,0.001999,0.001967,0.001922,0.001859,0.001776,0.001662,0.00151,0.001308,0.001049,0.000719,0.000312,-0.000178,-0.000754,-0.001422,-0.002162,-0.00298,-0.003865,-0.004817,-0.005827],"unit":"A"},"J":{"value":[0.00019386,0.00019340999999999998,0.00019323,0.00019323,0.00019296,0.00019287,0.00019296,0.00019305,0.00019313999999999998,0.00019323,0.00019313999999999998,0.00019313999999999998,0.00019323,0.00019305,0.00019313999999999998,0.00019287,0.00019287,0.00019296,0.00019277999999999998,0.00019296,0.00019296,0.00019287,0.00019296,0.00019269,0.00019277999999999998,0.00019269,0.00019269,0.00019269,0.00019269,0.00019296,0.00019287,0.00019277999999999998,0.00019277999999999998,0.00019250999999999998,0.00019250999999999998,0.0001926,0.0001926,0.00019233,0.00019242,0.00019224,0.00019215,0.00019206,0.00019215,0.00019188,0.00019197,0.00019188,0.0001917,0.00019197,0.00019188,0.00019179,0.00019179,0.0001917,0.00019160999999999996,0.00019152,0.00019143,0.00019152,0.00019125000000000001,0.00019143,0.00019125000000000001,0.00019106999999999997,0.00019089,0.00019079999999999998,0.00019079999999999998,0.00019052999999999998,0.00019035,0.00019025999999999998,0.00019008,0.00019008,0.00018972,0.00018962999999999999,0.00018945,0.00018899999999999999,0.00018864,0.00018837,0.00018783,0.00018738,0.00018684000000000002,0.00018602999999999998,0.00018495,0.00018377999999999998,0.00018216,0.00017990999999999998,0.00017703,0.00017298000000000001,0.00016731,0.00015984,0.00014958,0.0001359,0.00011771999999999999,9.441e-5,6.471e-5,2.808e-5,-1.602e-5,-6.786e-5,-0.00012798,-0.00019457999999999997,-0.0002682,-0.00034784999999999997,-0.00043353,-0.00052443],"unit":"A\/cm2"},"voc":{"unit":"V","value":1.095308},"isc":{"unit":"A","value":2.146377},"jsc":{"unit":"mA\/cm2","value":23.848628},"fill_factor":{"unit":"%","value":81.024606},"vmax":{"unit":"V","value":0.953},"efficiency":{"unit":"%","value":21.164922},"monitor_cell_reading":{"unit":"mV","value":0},"monitor_cell_calibration_value":{"unit":"mV","value":0},"test_device_area":{"unit":"cm2","value":0.09},"num_of_series_connected_stacks":{"unit":"","value":1},"sweep_direction":{"unit":"","value":"Forward"},"device_id":{"unit":"","value":"10-2-f"},"cell_dimension":{"unit":"cm2","value":0.09},"key":"Forward_IV 10-2"},{"V":{"value":[-0.1,-0.087,-0.074,-0.061,-0.048,-0.035,-0.022,-0.009,0.004,0.017,0.03,0.043,0.056,0.069,0.082,0.095,0.108,0.121,0.134,0.147,0.16,0.173,0.186,0.199,0.212,0.225,0.238,0.251,0.264,0.277,0.29,0.303,0.316,0.329,0.342,0.355,0.368,0.381,0.394,0.407,0.42,0.433,0.446,0.459,0.472,0.485,0.498,0.511,0.524,0.537,0.55,0.563,0.576,0.589,0.602,0.615,0.628,0.641,0.654,0.667,0.68,0.693,0.706,0.719,0.732,0.745,0.758,0.771,0.784,0.797,0.81,0.823,0.836,0.849,0.862,0.875,0.888,0.901,0.914,0.927,0.94,0.953,0.966,0.979,0.992,1.005,1.018,1.031,1.044,1.057,1.07,1.083,1.096,1.109,1.122,1.135,1.148,1.161,1.174,1.187],"unit":"V"},"I":{"value":[0.00216,0.002154,0.002151,0.002149,0.002151,0.002148,0.002148,0.002149,0.002149,0.002148,0.002149,0.002147,0.002146,0.002147,0.002147,0.002147,0.002146,0.002146,0.002145,0.002145,0.002147,0.002145,0.002145,0.002145,0.002142,0.002143,0.002143,0.002143,0.002142,0.002143,0.002141,0.002143,0.002141,0.00214,0.002138,0.002139,0.00214,0.002139,0.002138,0.002138,0.002137,0.002135,0.002136,0.002135,0.002135,0.002132,0.002132,0.002132,0.002131,0.002131,0.002133,0.002129,0.002132,0.002129,0.00213,0.002128,0.002127,0.002127,0.002124,0.002123,0.002123,0.00212,0.00212,0.002118,0.002114,0.002113,0.002113,0.002112,0.00211,0.002105,0.002104,0.002101,0.002096,0.002092,0.002087,0.002083,0.002075,0.002067,0.002055,0.002039,0.002021,0.001996,0.001959,0.001911,0.001842,0.001752,0.001631,0.001472,0.001265,0.001002,0.000679,0.00029,-0.000169,-0.000697,-0.001294,-0.001947,-0.002656,-0.003417,-0.004227,-0.005079],"unit":"A"},"J":{"value":[0.00019439999999999998,0.00019386,0.00019359,0.00019340999999999998,0.00019359,0.00019332,0.00019332,0.00019340999999999998,0.00019340999999999998,0.00019332,0.00019340999999999998,0.00019323,0.00019313999999999998,0.00019323,0.00019323,0.00019323,0.00019313999999999998,0.00019313999999999998,0.00019305,0.00019305,0.00019323,0.00019305,0.00019305,0.00019305,0.00019277999999999998,0.00019287,0.00019287,0.00019287,0.00019277999999999998,0.00019287,0.00019269,0.00019287,0.00019269,0.0001926,0.00019242,0.00019250999999999998,0.0001926,0.00019250999999999998,0.00019242,0.00019242,0.00019233,0.00019215,0.00019224,0.00019215,0.00019215,0.00019188,0.00019188,0.00019188,0.00019179,0.00019179,0.00019197,0.00019160999999999996,0.00019188,0.00019160999999999996,0.0001917,0.00019152,0.00019143,0.00019143,0.00019116,0.00019106999999999997,0.00019106999999999997,0.00019079999999999998,0.00019079999999999998,0.00019062,0.00019025999999999998,0.00019016999999999998,0.00019016999999999998,0.00019008,0.00018989999999999998,0.00018945,0.00018936,0.00018909,0.00018864,0.00018828,0.00018783,0.00018747000000000002,0.00018674999999999999,0.00018602999999999998,0.00018495,0.00018350999999999998,0.00018188999999999998,0.00017963999999999998,0.00017630999999999997,0.00017198999999999998,0.00016578,0.00015768,0.00014679,0.00013248,0.00011385,9.018000000000001e-5,6.111e-5,2.61e-5,-1.5209999999999998e-5,-6.273e-5,-0.00011645999999999999,-0.00017523,-0.00023904,-0.00030753,-0.00038042999999999996,-0.00045711],"unit":"A\/cm2"},"voc":{"unit":"V","value":1.09472},"isc":{"unit":"A","value":2.148814},"jsc":{"unit":"mA\/cm2","value":23.875714},"fill_factor":{"unit":"%","value":80.853107},"vmax":{"unit":"V","value":0.953},"efficiency":{"unit":"%","value":21.132765},"monitor_cell_reading":{"unit":"mV","value":0},"monitor_cell_calibration_value":{"unit":"mV","value":0},"test_device_area":{"unit":"cm2","value":0.09},"num_of_series_connected_stacks":{"unit":"","value":1},"sweep_direction":{"unit":"","value":"Forward"},"device_id":{"unit":"","value":"10-1-f"},"cell_dimension":{"unit":"cm2","value":0.09},"key":"Forward_IV 10-1"}]}}