{"_id":"653129bb5d0e997149349cb7","id":"SKKU-SC-00263","author":95,"group":11,"input":[{"tco":{"unit":"","value":"ITO"}},{"surface_treatment":{"unit":"","value":"UVO"}},{"htl":[{"material":{"unit":"","value":"MeO-4PACz"},"concentration":{"unit":"","value":"0.3"},"conc_unit":{"unit":"","value":"mg\/ml"},"quantity":{"unit":"ml","value":"0.2"}}],"condition":{"unit":"","value":"glove-box(N2)"},"solvent":[{"material":{"unit":"","value":"Ethanol"},"volume":{"unit":"ml","value":"5"}}],"spin_coating":[{"type":{"unit":"","value":"Static (loading)"},"rpm":{"unit":"","value":"3000"},"time":{"unit":"s","value":"30"}}],"annealing":[{"temperature":{"unit":"oC","value":"100"},"time":{"unit":"m","value":"10"}}]},{"perovskite":{"method":{"unit":"","value":"1step"},"molarity":{"unit":"M","value":"1.35M"},"a_site":[{"material":{"unit":"","value":"FA"},"ratio":{"unit":"","value":"90"}},{"material":{"unit":"","value":"Cs"},"ratio":{"unit":"","value":"5"}},{"material":{"unit":"","value":"MA"},"ratio":{"unit":"","value":"5"}}],"b_site":[{"material":{"unit":"","value":"Pb"},"ratio":{"unit":"","value":"100"}}],"x_site":[{"material":{"unit":"","value":"I"},"ratio":{"unit":"","value":"95"}},{"material":{"unit":"","value":"Br"},"ratio":{"unit":"","value":"5"}}],"solvent":[{"material":{"unit":"","value":"DMF"},"volume":{"unit":"ml","value":"0.7"}},{"material":{"unit":"","value":"DMSO"},"volume":{"unit":"ml","value":"0.3"}}],"spin_coating":[{"type":{"unit":"","value":"Static (only spreading)"},"rpm":{"unit":"","value":"1000"},"time":{"unit":"s","value":"10"}},{"type":{"unit":"","value":"Dynamic"},"rpm":{"unit":"","value":"5000"},"time":{"unit":"s","value":"30"}}],"antisolvent":[{"material":{"unit":"","value":"CB"},"quantity":{"unit":"ul","value":"300"},"dripping_time":{"unit":"s","value":"18"}}],"annealing":[{"temperature":{"unit":"oC","value":"100"},"time":{"unit":"m","value":"45"}}],"additive":[{"material":{"unit":"","value":"MACl"},"solvent":{"unit":"","value":"None"},"concentration":{"unit":"","value":"None"},"conc_unit":{"unit":"","value":"None"},"quantity":{"unit":"mol%","value":"11"}}],"atmosphere":[{"type":{"unit":"","value":"glove-box(N2)"},"temperature":{"unit":"oC","value":"21.1"},"humidity":{"unit":"RH%","value":"0"}}]}},{"etl":[{"material":{"unit":"","value":"PC60BM"},"concentration":{"unit":"","value":"20"},"conc_unit":{"unit":"","value":"mg\/ml"},"quantity":{"unit":"ml","value":"0.07"}}],"spin_coating":[{"type":{"unit":"","value":"Static (loading)"},"rpm":{"unit":"","value":"1000"},"time":{"unit":"s","value":"30"}}],"solvent":[{"material":{"unit":"","value":"CB"},"volume":{"unit":"ml","value":"1"}}]},{"blocking_buffer_layer":[{"material":{"unit":"","value":"BCP"},"concentration":{"unit":"","value":"None"},"conc_unit":{"unit":"","value":"None"},"quantity":{"unit":"ml","value":"None"}}],"thermal_evaporation":[{"vacuum_evaporation_thickness":{"unit":"nm","value":"8"},"evaporation_rate":{"unit":"\u00c5\/s","value":"0.3"},"vacuum_pressure":{"unit":"uTorr","value":"1.1"}}]},{"anode_metal":{"unit":"","value":"Ag"}},{"note":{"unit":"","value":"PIN"},"type":{"unit":"","value":"unit_cell"},"device_type":{"unit":"","value":"p-i-n"},"temperature":{"unit":"\u2103","value":"20.9-21.7"},"humidity":{"unit":"%","value":"38"},"cell_dimension":{"unit":"cm2","value":"0.125"}}],"fileinfo":[{"key":"Forward_IV 2-3","uploadType":"JV","original_name":"IV 2-3-F.txt","save_name":"SKKU-SC-00263\/Forward_IV 2-3","uploader":95,"fileType":""},{"key":"Reverse_IV 2-3","uploadType":"JV","original_name":"IV 2-3-R.txt","save_name":"SKKU-SC-00263\/Reverse_IV 2-3","uploader":95,"fileType":""},{"key":"Forward_IV 2-4","uploadType":"JV","original_name":"IV 2-4-F.txt","save_name":"SKKU-SC-00263\/Forward_IV 2-4","uploader":95,"fileType":""},{"key":"Reverse_IV 2-4","uploadType":"JV","original_name":"IV 2-4-R.txt","save_name":"SKKU-SC-00263\/Reverse_IV 2-4","uploader":95,"fileType":""},{"key":"Forward_IV 2-5","uploadType":"JV","original_name":"IV 2-5-F.txt","save_name":"SKKU-SC-00263\/Forward_IV 2-5","uploader":95,"fileType":""},{"key":"Reverse_IV 2-5","uploadType":"JV","original_name":"IV 2-5-R.txt","save_name":"SKKU-SC-00263\/Reverse_IV 2-5","uploader":95,"fileType":""},{"key":"Forward_IV 2-1","uploadType":"JV","original_name":"IV 2-1-F.txt","save_name":"SKKU-SC-00263\/Forward_IV 2-1","uploader":95,"fileType":""},{"key":"Reverse_IV 2-1","uploadType":"JV","original_name":"IV 2-1-R.txt","save_name":"SKKU-SC-00263\/Reverse_IV 2-1","uploader":95,"fileType":""},{"key":"Forward_IV 2-2","uploadType":"JV","original_name":"IV 2-2-F.txt","save_name":"SKKU-SC-00263\/Forward_IV 2-2","uploader":95,"fileType":""},{"key":"Reverse_IV 2-2","uploadType":"JV","original_name":"IV 2-2-R.txt","save_name":"SKKU-SC-00263\/Reverse_IV 2-2","uploader":95,"fileType":""}],"jvcnt":10,"updated_at":"2024-10-24 09:04:26","created_at":"2023-10-19 13:06:03","analysisInfo":{"JV":[{"efficiency":17.59,"fill_factor":78.22,"jsc":22.835,"voc":0.9846,"key":"Reverse_IV 2-5","cell_dimension":0.12},{"efficiency":16.97,"fill_factor":76.76,"jsc":22.905,"voc":0.9649,"key":"Reverse_IV 2-4","cell_dimension":0.12},{"efficiency":17.46,"fill_factor":78.89,"jsc":22.785,"voc":0.9715,"key":"Reverse_IV 2-3","cell_dimension":0.12},{"efficiency":16.37,"fill_factor":73.73,"jsc":22.615,"voc":0.982,"key":"Reverse_IV 2-2","cell_dimension":0.12},{"efficiency":17.66,"fill_factor":78.33,"jsc":22.966,"voc":0.982,"key":"Reverse_IV 2-1","cell_dimension":0.12},{"efficiency":17.5,"fill_factor":78.18,"jsc":22.882,"voc":0.9785,"key":"Forward_IV 2-5","cell_dimension":0.12},{"efficiency":16.9,"fill_factor":76.03,"jsc":22.954,"voc":0.9684,"key":"Forward_IV 2-4","cell_dimension":0.12},{"efficiency":17.06,"fill_factor":77.37,"jsc":22.719,"voc":0.9706,"key":"Forward_IV 2-3","cell_dimension":0.12},{"efficiency":16.3,"fill_factor":73.43,"jsc":22.695,"voc":0.9779,"key":"Forward_IV 2-2","cell_dimension":0.12},{"efficiency":17.59,"fill_factor":78.23,"jsc":22.949,"voc":0.9796,"key":"Forward_IV 2-1","cell_dimension":0.12}]},"public":2,"analysis":{"JV":[{"V":{"value":[1.2,1.187,1.174,1.161,1.147,1.134,1.121,1.108,1.095,1.082,1.069,1.056,1.042,1.029,1.016,1.003,0.99,0.977,0.964,0.951,0.937,0.924,0.911,0.898,0.885,0.872,0.859,0.845,0.832,0.819,0.806,0.793,0.78,0.767,0.754,0.74,0.727,0.714,0.701,0.688,0.675,0.662,0.648,0.635,0.622,0.609,0.596,0.583,0.57,0.557,0.543,0.53,0.517,0.504,0.491,0.478,0.465,0.452,0.438,0.425,0.412,0.399,0.386,0.373,0.36,0.346,0.333,0.32,0.307,0.294,0.281,0.268,0.255,0.241,0.228,0.215,0.202,0.189,0.176,0.163,0.149,0.136,0.123,0.11,0.097,0.084,0.071,0.058,0.044,0.031,0.018,0.005,-0.008,-0.021,-0.034,-0.047,-0.061,-0.074,-0.087,-0.1],"unit":"V"},"I":{"value":[-0.0032931,-0.003292,-0.0032926,-0.0032927,-0.0032926,-0.0032926,-0.0032921,-0.0032927,-0.0032927,-0.0032926,-0.0032928,-0.0032923,-0.003239,-0.0023902,-0.0016009,-0.00087441,-0.00023524,0.00032761,0.00080759,0.0011976,0.0015568,0.0018065,0.0020152,0.0021601,0.002288,0.0023721,0.0024436,0.0024951,0.0025364,0.0025662,0.0025962,0.0026041,0.0026284,0.0026286,0.0026459,0.0026542,0.0026568,0.0026629,0.0026722,0.002683,0.002678,0.0026913,0.0026871,0.0026899,0.0026894,0.0026954,0.002698,0.002707,0.0027094,0.0027014,0.0027173,0.0027068,0.0027134,0.0027114,0.0027167,0.0027183,0.0027117,0.0027141,0.0027161,0.0027217,0.0027143,0.0027288,0.0027168,0.0027215,0.0027294,0.0027338,0.0027239,0.0027304,0.002724,0.00273,0.0027258,0.00273,0.0027297,0.0027318,0.0027359,0.0027348,0.0027378,0.0027273,0.0027349,0.0027356,0.002735,0.0027397,0.0027375,0.0027345,0.0027359,0.00274,0.0027314,0.0027386,0.0027324,0.0027439,0.0027343,0.0027426,0.0027363,0.0027383,0.0027378,0.0027415,0.0027402,0.0027444,0.0027406,0.0027468],"unit":"A"},"J":{"value":[-0.000395172,-0.00039504,-0.000395112,-0.000395124,-0.000395112,-0.000395112,-0.000395052,-0.000395124,-0.000395124,-0.000395112,-0.000395136,-0.000395076,-0.00038868,-0.000286824,-0.000192108,-0.0001049292,-2.82288e-5,3.9313199999999995e-5,9.69108e-5,0.000143712,0.00018681599999999997,0.00021678,0.000241824,0.000259212,0.00027456000000000003,0.000284652,0.000293232,0.000299412,0.00030436799999999996,0.000307944,0.00031154399999999997,0.000312492,0.000315408,0.000315432,0.000317508,0.00031850399999999994,0.000318816,0.000319548,0.00032066399999999996,0.00032196,0.00032135999999999997,0.000322956,0.000322452,0.00032278799999999996,0.000322728,0.000323448,0.00032376,0.00032484,0.00032512799999999994,0.000324168,0.000326076,0.000324816,0.00032560799999999996,0.000325368,0.00032600399999999996,0.00032619599999999995,0.000325404,0.000325692,0.00032593199999999997,0.000326604,0.000325716,0.000327456,0.000326016,0.00032658,0.000327528,0.000328056,0.000326868,0.000327648,0.00032688,0.00032759999999999994,0.000327096,0.00032759999999999994,0.00032756399999999997,0.000327816,0.000328308,0.00032817599999999996,0.000328536,0.000327276,0.000328188,0.000328272,0.0003282,0.00032876399999999994,0.00032849999999999996,0.00032814,0.000328308,0.00032879999999999997,0.000327768,0.000328632,0.000327888,0.000329268,0.000328116,0.000329112,0.000328356,0.00032859599999999996,0.000328536,0.00032898,0.00032882399999999997,0.000329328,0.000328872,0.000329616],"unit":"A\/cm2"},"voc":{"unit":"V","value":0.9846},"isc":{"unit":"A","value":0.0027402},"jsc":{"unit":"mA\/cm2","value":22.835},"fill_factor":{"unit":"%","value":78.22},"pmax":{"unit":"mW","value":2.11},"vmax":{"unit":"V","value":0.832},"imax":{"unit":"mA","value":2.536},"rshunt":{"unit":"ohms","value":2960},"voc_slope":{"unit":"ohms","value":22.9},"efficiency":{"unit":"%","value":17.59},"monitor_cell_reading":{"unit":"mV","value":0},"monitor_cell_calibration_value":{"unit":"mV","value":0},"test_device_area":{"unit":"cm2","value":0.12},"num_of_series_connected_stacks":{"unit":"","value":1},"meter_integration":{"unit":"NPLC","value":0.01},"source_irradiance":{"unit":"mW\/cm2","value":100},"voltage_settling_time":{"unit":"ms","value":10},"sweep_direction":{"unit":"","value":"Reverse"},"irradiance_variation_correction":{"unit":"","value":"None"},"device_id":{"unit":"","value":"2-5-R"},"cell_dimension":{"unit":"cm2","value":0.12},"key":"Reverse_IV 2-5"},{"V":{"value":[1.2,1.187,1.174,1.161,1.147,1.134,1.121,1.108,1.095,1.082,1.069,1.056,1.042,1.029,1.016,1.003,0.99,0.977,0.964,0.951,0.937,0.924,0.911,0.898,0.885,0.872,0.859,0.845,0.832,0.819,0.806,0.793,0.78,0.767,0.754,0.74,0.727,0.714,0.701,0.688,0.675,0.662,0.648,0.635,0.622,0.609,0.596,0.583,0.57,0.557,0.543,0.53,0.517,0.504,0.491,0.478,0.465,0.452,0.438,0.425,0.412,0.399,0.386,0.373,0.36,0.346,0.333,0.32,0.307,0.294,0.281,0.268,0.255,0.241,0.228,0.215,0.202,0.189,0.176,0.163,0.149,0.136,0.123,0.11,0.097,0.084,0.071,0.058,0.044,0.031,0.018,0.005,-0.008,-0.021,-0.034,-0.047,-0.061,-0.074,-0.087,-0.1],"unit":"V"},"I":{"value":[-0.0033132,-0.0033137,-0.0033137,-0.003314,-0.0033135,-0.0033136,-0.0033136,-0.0033135,-0.0033137,-0.0033135,-0.0033136,-0.0033138,-0.0033137,-0.0033136,-0.0028006,-0.0019717,-0.0012235,-0.00054641,4.0103e-5,0.00053946,0.0010013,0.0013348,0.0016208,0.0018412,0.0020182,0.0021588,0.0022675,0.0023698,0.0024273,0.0024833,0.0025258,0.0025553,0.0025819,0.0026157,0.0026157,0.0026391,0.0026494,0.0026648,0.0026663,0.002682,0.0026755,0.0026894,0.0026925,0.0026989,0.0027009,0.0027078,0.0027034,0.0027043,0.0027096,0.0027116,0.0027182,0.0027224,0.0027288,0.0027217,0.0027324,0.0027245,0.0027323,0.00273,0.0027342,0.0027327,0.0027415,0.0027287,0.0027388,0.0027313,0.0027342,0.0027417,0.0027357,0.0027386,0.0027379,0.0027421,0.0027393,0.002747,0.0027357,0.0027403,0.002746,0.0027426,0.0027454,0.0027529,0.0027408,0.0027473,0.0027469,0.0027484,0.0027451,0.0027499,0.0027502,0.0027515,0.0027543,0.0027493,0.002756,0.0027492,0.0027474,0.0027507,0.0027451,0.0027555,0.0027529,0.0027521,0.002752,0.0027523,0.0027487,0.0027565],"unit":"A"},"J":{"value":[-0.000397584,-0.000397644,-0.000397644,-0.00039768,-0.00039762,-0.000397632,-0.000397632,-0.00039762,-0.000397644,-0.00039762,-0.000397632,-0.000397656,-0.000397644,-0.000397632,-0.000336072,-0.00023660399999999996,-0.00014681999999999998,-6.55692e-5,4.81236e-6,6.47352e-5,0.000120156,0.000160176,0.00019449599999999998,0.000220944,0.000242184,0.000259056,0.0002721,0.000284376,0.000291276,0.00029799599999999997,0.000303096,0.000306636,0.00030982799999999995,0.00031388399999999995,0.00031388399999999995,0.000316692,0.000317928,0.000319776,0.000319956,0.00032184,0.00032105999999999997,0.000322728,0.0003231,0.000323868,0.000324108,0.00032493599999999995,0.000324408,0.000324516,0.000325152,0.00032539200000000003,0.000326184,0.00032668799999999995,0.000327456,0.000326604,0.000327888,0.00032693999999999996,0.000327876,0.00032759999999999994,0.00032810399999999996,0.00032792399999999995,0.00032898,0.000327444,0.000328656,0.00032775599999999996,0.00032810399999999996,0.000329004,0.00032828400000000003,0.000328632,0.000328548,0.000329052,0.000328716,0.00032963999999999997,0.00032828400000000003,0.000328836,0.00032952000000000003,0.000329112,0.000329448,0.000330348,0.00032889599999999996,0.000329676,0.000329628,0.00032980799999999996,0.00032941199999999996,0.00032998799999999997,0.000330024,0.00033018,0.000330516,0.000329916,0.00033072,0.00032990399999999995,0.000329688,0.00033008399999999997,0.00032941199999999996,0.00033066,0.000330348,0.00033025199999999995,0.00033024,0.000330276,0.00032984400000000004,0.00033078],"unit":"A\/cm2"},"voc":{"unit":"V","value":0.9649},"isc":{"unit":"A","value":0.0027486},"jsc":{"unit":"mA\/cm2","value":22.905},"fill_factor":{"unit":"%","value":76.76},"pmax":{"unit":"mW","value":2.036},"vmax":{"unit":"V","value":0.806},"imax":{"unit":"mA","value":2.526},"rshunt":{"unit":"ohms","value":2190},"voc_slope":{"unit":"ohms","value":25.5},"efficiency":{"unit":"%","value":16.97},"monitor_cell_reading":{"unit":"mV","value":0},"monitor_cell_calibration_value":{"unit":"mV","value":0},"test_device_area":{"unit":"cm2","value":0.12},"num_of_series_connected_stacks":{"unit":"","value":1},"meter_integration":{"unit":"NPLC","value":0.01},"source_irradiance":{"unit":"mW\/cm2","value":100},"voltage_settling_time":{"unit":"ms","value":10},"sweep_direction":{"unit":"","value":"Reverse"},"irradiance_variation_correction":{"unit":"","value":"None"},"device_id":{"unit":"","value":"2-4-R"},"cell_dimension":{"unit":"cm2","value":0.12},"key":"Reverse_IV 2-4"},{"V":{"value":[1.2,1.187,1.174,1.161,1.147,1.134,1.121,1.108,1.095,1.082,1.069,1.056,1.042,1.029,1.016,1.003,0.99,0.977,0.964,0.951,0.937,0.924,0.911,0.898,0.885,0.872,0.859,0.845,0.832,0.819,0.806,0.793,0.78,0.767,0.754,0.74,0.727,0.714,0.701,0.688,0.675,0.662,0.648,0.635,0.622,0.609,0.596,0.583,0.57,0.557,0.543,0.53,0.517,0.504,0.491,0.478,0.465,0.452,0.438,0.425,0.412,0.399,0.386,0.373,0.36,0.346,0.333,0.32,0.307,0.294,0.281,0.268,0.255,0.241,0.228,0.215,0.202,0.189,0.176,0.163,0.149,0.136,0.123,0.11,0.097,0.084,0.071,0.058,0.044,0.031,0.018,0.005,-0.008,-0.021,-0.034,-0.047,-0.061,-0.074,-0.087,-0.1],"unit":"V"},"I":{"value":[-0.0032956,-0.0032955,-0.0032955,-0.0032955,-0.0032957,-0.0032957,-0.0032954,-0.0032951,-0.0032954,-0.0032956,-0.0032956,-0.0032955,-0.0032955,-0.0032957,-0.0025061,-0.0016754,-0.00091224,-0.00024499,0.00033581,0.00082608,0.001253,0.001577,0.0018394,0.0020299,0.0021892,0.0022971,0.0023952,0.0024598,0.0025188,0.0025483,0.0025833,0.0026039,0.0026219,0.002638,0.002639,0.0026546,0.0026594,0.0026728,0.0026693,0.0026818,0.002687,0.0026889,0.0026931,0.0026943,0.0026944,0.0026924,0.002701,0.0026955,0.002706,0.0027017,0.0027083,0.0027095,0.0027155,0.0027051,0.0027147,0.0027094,0.0027137,0.002714,0.0027118,0.0027088,0.0027163,0.0027192,0.0027124,0.0027234,0.0027261,0.0027241,0.0027238,0.002726,0.0027228,0.002725,0.0027238,0.0027258,0.0027209,0.0027305,0.0027195,0.0027264,0.0027296,0.002733,0.0027222,0.0027257,0.0027307,0.0027275,0.0027265,0.0027325,0.0027275,0.0027309,0.0027268,0.0027298,0.0027334,0.0027368,0.002729,0.0027364,0.0027309,0.0027325,0.002728,0.0027344,0.0027314,0.0027339,0.0027362,0.0027285],"unit":"A"},"J":{"value":[-0.000395472,-0.00039546,-0.00039546,-0.00039546,-0.000395484,-0.000395484,-0.00039544799999999996,-0.000395412,-0.00039544799999999996,-0.000395472,-0.000395472,-0.00039546,-0.00039546,-0.000395484,-0.00030073199999999995,-0.000201048,-0.0001094688,-2.9398799999999997e-5,4.0297200000000004e-5,9.91296e-5,0.00015036,0.00018924,0.00022072799999999998,0.00024358799999999999,0.000262704,0.000275652,0.000287424,0.00029517599999999997,0.000302256,0.000305796,0.000309996,0.000312468,0.00031462799999999996,0.00031656,0.00031667999999999996,0.000318552,0.000319128,0.00032073599999999996,0.00032031599999999996,0.00032181599999999994,0.00032244,0.000322668,0.000323172,0.00032331600000000003,0.000323328,0.000323088,0.00032411999999999995,0.00032345999999999997,0.00032472,0.000324204,0.000324996,0.00032514,0.00032586,0.000324612,0.000325764,0.00032512799999999994,0.000325644,0.00032567999999999996,0.000325416,0.000325056,0.00032595599999999997,0.000326304,0.00032548799999999997,0.000326808,0.000327132,0.000326892,0.000326856,0.00032712,0.000326736,0.000327,0.000326856,0.000327096,0.000326508,0.00032765999999999996,0.00032634,0.00032716799999999997,0.000327552,0.00032796,0.000326664,0.000327084,0.00032768399999999996,0.0003273,0.00032718,0.0003279,0.0003273,0.000327708,0.000327216,0.000327576,0.00032800799999999997,0.000328416,0.00032748,0.000328368,0.000327708,0.0003279,0.00032735999999999996,0.000328128,0.000327768,0.000328068,0.00032834399999999994,0.00032742],"unit":"A\/cm2"},"voc":{"unit":"V","value":0.9715},"isc":{"unit":"A","value":0.0027343},"jsc":{"unit":"mA\/cm2","value":22.785},"fill_factor":{"unit":"%","value":78.89},"pmax":{"unit":"mW","value":2.096},"vmax":{"unit":"V","value":0.832},"imax":{"unit":"mA","value":2.519},"rshunt":{"unit":"ohms","value":-1370},"voc_slope":{"unit":"ohms","value":22.2},"efficiency":{"unit":"%","value":17.46},"monitor_cell_reading":{"unit":"mV","value":0},"monitor_cell_calibration_value":{"unit":"mV","value":0},"test_device_area":{"unit":"cm2","value":0.12},"num_of_series_connected_stacks":{"unit":"","value":1},"meter_integration":{"unit":"NPLC","value":0.01},"source_irradiance":{"unit":"mW\/cm2","value":100},"voltage_settling_time":{"unit":"ms","value":10},"sweep_direction":{"unit":"","value":"Reverse"},"irradiance_variation_correction":{"unit":"","value":"None"},"device_id":{"unit":"","value":"2-3-R"},"cell_dimension":{"unit":"cm2","value":0.12},"key":"Reverse_IV 2-3"},{"V":{"value":[1.2,1.187,1.174,1.161,1.147,1.134,1.121,1.108,1.095,1.082,1.069,1.056,1.042,1.029,1.016,1.003,0.99,0.977,0.964,0.951,0.937,0.924,0.911,0.898,0.885,0.872,0.859,0.845,0.832,0.819,0.806,0.793,0.78,0.767,0.754,0.74,0.727,0.714,0.701,0.688,0.675,0.662,0.648,0.635,0.622,0.609,0.596,0.583,0.57,0.557,0.543,0.53,0.517,0.504,0.491,0.478,0.465,0.452,0.438,0.425,0.412,0.399,0.386,0.373,0.36,0.346,0.333,0.32,0.307,0.294,0.281,0.268,0.255,0.241,0.228,0.215,0.202,0.189,0.176,0.163,0.149,0.136,0.123,0.11,0.097,0.084,0.071,0.058,0.044,0.031,0.018,0.005,-0.008,-0.021,-0.034,-0.047,-0.061,-0.074,-0.087,-0.1],"unit":"V"},"I":{"value":[-0.0032828,-0.0032825,-0.0032827,-0.0032826,-0.0032828,-0.0032825,-0.0032827,-0.0032827,-0.0032825,-0.0032825,-0.0032826,-0.0032827,-0.0026752,-0.002009,-0.0013834,-0.0008061,-0.00028431,0.00017512,0.00058263,0.00093324,0.0012388,0.0014862,0.0016921,0.0018559,0.0020024,0.0021128,0.0022095,0.0022898,0.0023562,0.0023986,0.0024375,0.0024727,0.0025004,0.0025333,0.0025495,0.0025765,0.002589,0.0026006,0.0026077,0.0026263,0.0026211,0.0026282,0.0026361,0.0026357,0.0026477,0.0026521,0.0026651,0.0026596,0.0026737,0.0026641,0.0026769,0.0026691,0.0026759,0.0026768,0.0026766,0.002677,0.002684,0.0026895,0.0026843,0.0026949,0.0026859,0.0026945,0.0026934,0.0026926,0.0026961,0.0026915,0.002697,0.0026928,0.0027051,0.0026941,0.0027064,0.0026999,0.0027079,0.0027064,0.0027085,0.0027095,0.0027128,0.0027103,0.0027059,0.002711,0.0027078,0.0027115,0.0027059,0.0027079,0.0027139,0.0027195,0.0027119,0.0027194,0.0027128,0.0027125,0.0027127,0.0027115,0.0027174,0.0027245,0.0027233,0.0027214,0.0027272,0.0027135,0.0027201,0.0027208],"unit":"A"},"J":{"value":[-0.000393936,-0.0003939,-0.000393924,-0.000393912,-0.000393936,-0.0003939,-0.000393924,-0.000393924,-0.0003939,-0.0003939,-0.000393912,-0.000393924,-0.000321024,-0.00024108,-0.000166008,-9.6732e-5,-3.41172e-5,2.1014399999999997e-5,6.99156e-5,0.0001119888,0.000148656,0.00017834399999999999,0.00020305199999999998,0.00022270799999999998,0.00024028800000000001,0.000253536,0.00026514,0.00027477599999999996,0.00028274400000000003,0.00028783199999999996,0.0002925,0.000296724,0.00030004799999999997,0.000303996,0.00030594,0.00030918,0.00031068000000000003,0.000312072,0.000312924,0.000315156,0.00031453199999999996,0.000315384,0.000316332,0.00031628399999999996,0.00031772399999999997,0.000318252,0.000319812,0.00031915199999999996,0.00032084400000000003,0.000319692,0.00032122799999999995,0.000320292,0.000321108,0.000321216,0.000321192,0.00032124,0.00032208000000000003,0.00032274,0.000322116,0.000323388,0.000322308,0.00032334,0.00032320799999999996,0.00032311199999999997,0.00032353199999999996,0.00032297999999999995,0.00032364,0.00032313599999999996,0.000324612,0.000323292,0.00032476799999999996,0.000323988,0.000324948,0.00032476799999999996,0.00032502,0.00032514,0.00032553599999999997,0.000325236,0.00032470799999999994,0.00032532,0.00032493599999999995,0.00032538,0.00032470799999999994,0.000324948,0.000325668,0.00032634,0.000325428,0.00032632799999999997,0.00032553599999999997,0.0003255,0.000325524,0.00032538,0.000326088,0.00032693999999999996,0.000326796,0.000326568,0.00032726399999999996,0.00032562,0.000326412,0.000326496],"unit":"A\/cm2"},"voc":{"unit":"V","value":0.982},"isc":{"unit":"A","value":0.0027138},"jsc":{"unit":"mA\/cm2","value":22.615},"fill_factor":{"unit":"%","value":73.73},"pmax":{"unit":"mW","value":1.965},"vmax":{"unit":"V","value":0.806},"imax":{"unit":"mA","value":2.438},"rshunt":{"unit":"ohms","value":5010},"voc_slope":{"unit":"ohms","value":31.9},"efficiency":{"unit":"%","value":16.37},"monitor_cell_reading":{"unit":"mV","value":0},"monitor_cell_calibration_value":{"unit":"mV","value":0},"test_device_area":{"unit":"cm2","value":0.12},"num_of_series_connected_stacks":{"unit":"","value":1},"meter_integration":{"unit":"NPLC","value":0.01},"source_irradiance":{"unit":"mW\/cm2","value":100},"voltage_settling_time":{"unit":"ms","value":10},"sweep_direction":{"unit":"","value":"Reverse"},"irradiance_variation_correction":{"unit":"","value":"None"},"device_id":{"unit":"","value":"2-2-R"},"cell_dimension":{"unit":"cm2","value":0.12},"key":"Reverse_IV 2-2"},{"V":{"value":[1.2,1.187,1.174,1.161,1.147,1.134,1.121,1.108,1.095,1.082,1.069,1.056,1.042,1.029,1.016,1.003,0.99,0.977,0.964,0.951,0.937,0.924,0.911,0.898,0.885,0.872,0.859,0.845,0.832,0.819,0.806,0.793,0.78,0.767,0.754,0.74,0.727,0.714,0.701,0.688,0.675,0.662,0.648,0.635,0.622,0.609,0.596,0.583,0.57,0.557,0.543,0.53,0.517,0.504,0.491,0.478,0.465,0.452,0.438,0.425,0.412,0.399,0.386,0.373,0.36,0.346,0.333,0.32,0.307,0.294,0.281,0.268,0.255,0.241,0.228,0.215,0.202,0.189,0.176,0.163,0.149,0.136,0.123,0.11,0.097,0.084,0.071,0.058,0.044,0.031,0.018,0.005,-0.008,-0.021,-0.034,-0.047,-0.061,-0.074,-0.087,-0.1],"unit":"V"},"I":{"value":[-0.0033138,-0.0033136,-0.0033135,-0.0033133,-0.0033135,-0.0033138,-0.0033139,-0.0033137,-0.0033134,-0.0033137,-0.0033135,-0.0033132,-0.0029574,-0.0022317,-0.0015469,-0.0009057,-0.00032483,0.00020001,0.00066849,0.0010566,0.0014282,0.0017042,0.0019309,0.0020994,0.0022434,0.0023435,0.0024316,0.0024956,0.0025476,0.0025729,0.0026071,0.0026343,0.0026509,0.0026576,0.0026764,0.0026818,0.0026909,0.0026988,0.0027065,0.0027096,0.0027171,0.0027103,0.002721,0.0027192,0.0027206,0.0027237,0.0027256,0.0027361,0.0027323,0.0027353,0.0027285,0.0027413,0.0027307,0.0027349,0.0027376,0.0027366,0.0027362,0.0027411,0.0027497,0.0027372,0.0027441,0.0027415,0.0027397,0.0027409,0.0027433,0.0027478,0.0027439,0.0027436,0.002744,0.0027458,0.0027453,0.0027479,0.0027473,0.0027486,0.0027516,0.0027525,0.0027506,0.0027548,0.0027467,0.0027541,0.0027488,0.0027539,0.0027472,0.0027567,0.0027579,0.0027463,0.0027545,0.0027504,0.0027543,0.0027568,0.0027584,0.0027515,0.0027628,0.0027535,0.0027574,0.0027564,0.0027544,0.0027604,0.0027552,0.0027599],"unit":"A"},"J":{"value":[-0.000397656,-0.000397632,-0.00039762,-0.00039759599999999995,-0.00039762,-0.000397656,-0.00039766799999999995,-0.000397644,-0.00039760800000000003,-0.000397644,-0.00039762,-0.000397584,-0.000354888,-0.000267804,-0.000185628,-0.00010868399999999999,-3.89796e-5,2.40012e-5,8.02188e-5,0.000126792,0.00017138399999999998,0.000204504,0.00023170799999999998,0.000251928,0.000269208,0.00028122,0.000291792,0.000299472,0.00030571200000000003,0.00030874799999999997,0.000312852,0.00031611599999999997,0.000318108,0.00031891199999999997,0.000321168,0.00032181599999999994,0.000322908,0.00032385599999999997,0.00032478,0.000325152,0.000326052,0.000325236,0.00032651999999999996,0.000326304,0.000326472,0.00032684399999999996,0.000327072,0.00032833199999999997,0.000327876,0.000328236,0.00032742,0.000328956,0.00032768399999999996,0.000328188,0.000328512,0.000328392,0.00032834399999999994,0.000328932,0.000329964,0.000328464,0.000329292,0.00032898,0.00032876399999999994,0.000328908,0.000329196,0.00032973599999999996,0.000329268,0.000329232,0.00032928,0.000329496,0.000329436,0.000329748,0.000329676,0.00032983199999999996,0.000330192,0.0003303,0.000330072,0.00033057599999999996,0.000329604,0.000330492,0.000329856,0.000330468,0.00032966399999999997,0.00033080399999999997,0.000330948,0.000329556,0.00033054,0.000330048,0.000330516,0.00033081599999999994,0.000331008,0.00033018,0.000331536,0.00033042,0.000330888,0.000330768,0.000330528,0.000331248,0.000330624,0.000331188],"unit":"A\/cm2"},"voc":{"unit":"V","value":0.982},"isc":{"unit":"A","value":0.0027559},"jsc":{"unit":"mA\/cm2","value":22.966},"fill_factor":{"unit":"%","value":78.33},"pmax":{"unit":"mW","value":2.12},"vmax":{"unit":"V","value":0.832},"imax":{"unit":"mA","value":2.548},"rshunt":{"unit":"ohms","value":2860},"voc_slope":{"unit":"ohms","value":28},"efficiency":{"unit":"%","value":17.66},"monitor_cell_reading":{"unit":"mV","value":0},"monitor_cell_calibration_value":{"unit":"mV","value":0},"test_device_area":{"unit":"cm2","value":0.12},"num_of_series_connected_stacks":{"unit":"","value":1},"meter_integration":{"unit":"NPLC","value":0.01},"source_irradiance":{"unit":"mW\/cm2","value":100},"voltage_settling_time":{"unit":"ms","value":10},"sweep_direction":{"unit":"","value":"Reverse"},"irradiance_variation_correction":{"unit":"","value":"None"},"device_id":{"unit":"","value":"2-1-R"},"cell_dimension":{"unit":"cm2","value":0.12},"key":"Reverse_IV 2-1"},{"V":{"value":[-0.1,-0.087,-0.074,-0.061,-0.047,-0.034,-0.021,-0.008,0.005,0.018,0.031,0.044,0.058,0.071,0.084,0.097,0.11,0.123,0.136,0.149,0.163,0.176,0.189,0.202,0.215,0.228,0.241,0.255,0.268,0.281,0.294,0.307,0.32,0.333,0.346,0.36,0.373,0.386,0.399,0.412,0.425,0.438,0.452,0.465,0.478,0.491,0.504,0.517,0.53,0.543,0.557,0.57,0.583,0.596,0.609,0.622,0.635,0.648,0.662,0.675,0.688,0.701,0.714,0.727,0.74,0.754,0.767,0.78,0.793,0.806,0.819,0.832,0.845,0.859,0.872,0.885,0.898,0.911,0.924,0.937,0.951,0.964,0.977,0.99,1.003,1.016,1.029,1.042,1.056,1.069,1.082,1.095,1.108,1.121,1.134,1.147,1.161,1.174,1.187,1.2],"unit":"V"},"I":{"value":[0.0027357,0.0027364,0.002746,0.0027409,0.0027432,0.0027443,0.0027454,0.002747,0.002745,0.0027389,0.0027408,0.0027386,0.0027413,0.0027414,0.0027414,0.0027381,0.0027384,0.0027425,0.0027351,0.0027406,0.0027364,0.0027365,0.002738,0.0027419,0.0027338,0.0027325,0.0027332,0.0027312,0.0027322,0.002735,0.002725,0.00273,0.0027274,0.0027283,0.0027321,0.0027185,0.0027225,0.0027159,0.0027249,0.0027205,0.0027186,0.0027183,0.0027198,0.0027204,0.0027196,0.0027123,0.0027214,0.0027054,0.0027108,0.0027077,0.0026995,0.0026972,0.0026996,0.0026981,0.0026945,0.0027017,0.0026892,0.0026953,0.0026838,0.0026839,0.0026737,0.0026697,0.0026655,0.0026498,0.002647,0.0026318,0.0026314,0.0026108,0.0026005,0.0025764,0.0025574,0.0025161,0.0024857,0.002401,0.0023332,0.0022197,0.0020895,0.001909,0.001682,0.0013876,0.00099435,0.00056746,6.5911e-5,-0.00050286,-0.0011539,-0.0018895,-0.0026829,-0.0032966,-0.0032963,-0.0032966,-0.0032966,-0.0032967,-0.0032967,-0.0032963,-0.0032964,-0.0032971,-0.0032969,-0.0032963,-0.0032965,-0.0032968],"unit":"A"},"J":{"value":[0.00032828400000000003,0.000328368,0.00032952000000000003,0.000328908,0.000329184,0.00032931599999999996,0.000329448,0.00032963999999999997,0.0003294,0.00032866799999999995,0.00032889599999999996,0.000328632,0.000328956,0.000328968,0.000328968,0.00032857199999999996,0.00032860800000000004,0.00032910000000000003,0.000328212,0.000328872,0.000328368,0.00032837999999999997,0.00032856,0.000329028,0.000328056,0.0003279,0.00032798399999999997,0.000327744,0.00032786400000000003,0.0003282,0.000327,0.00032759999999999994,0.000327288,0.000327396,0.00032785199999999995,0.00032622,0.00032669999999999997,0.00032590799999999997,0.000326988,0.00032646,0.000326232,0.00032619599999999995,0.000326376,0.00032644799999999996,0.00032635199999999997,0.000325476,0.000326568,0.000324648,0.000325296,0.000324924,0.00032394,0.000323664,0.00032395199999999996,0.000323772,0.00032334,0.000324204,0.000322704,0.00032343599999999997,0.000322056,0.00032206799999999995,0.00032084400000000003,0.000320364,0.00031986,0.000317976,0.00031764,0.000315816,0.00031576799999999996,0.00031329599999999996,0.00031205999999999996,0.00030916799999999996,0.000306888,0.000301932,0.000298284,0.00028812,0.000279984,0.00026636399999999995,0.00025074,0.00022908,0.00020183999999999998,0.00016651199999999998,0.000119322,6.809519999999999e-5,7.90932e-6,-6.03432e-5,-0.000138468,-0.00022674,-0.000321948,-0.00039559199999999995,-0.000395556,-0.00039559199999999995,-0.00039559199999999995,-0.000395604,-0.000395604,-0.000395556,-0.000395568,-0.00039565199999999997,-0.00039562800000000003,-0.000395556,-0.00039558,-0.00039561599999999995],"unit":"A\/cm2"},"voc":{"unit":"V","value":0.9785},"isc":{"unit":"A","value":0.0027458},"jsc":{"unit":"mA\/cm2","value":22.882},"fill_factor":{"unit":"%","value":78.18},"pmax":{"unit":"mW","value":2.1},"vmax":{"unit":"V","value":0.845},"imax":{"unit":"mA","value":2.486},"rshunt":{"unit":"ohms","value":5910},"voc_slope":{"unit":"ohms","value":25.7},"efficiency":{"unit":"%","value":17.5},"monitor_cell_reading":{"unit":"mV","value":0},"monitor_cell_calibration_value":{"unit":"mV","value":0},"test_device_area":{"unit":"cm2","value":0.12},"num_of_series_connected_stacks":{"unit":"","value":1},"meter_integration":{"unit":"NPLC","value":0.01},"source_irradiance":{"unit":"mW\/cm2","value":100},"voltage_settling_time":{"unit":"ms","value":10},"sweep_direction":{"unit":"","value":"Forward"},"irradiance_variation_correction":{"unit":"","value":"None"},"device_id":{"unit":"","value":"2-5-R"},"cell_dimension":{"unit":"cm2","value":0.12},"key":"Forward_IV 2-5"},{"V":{"value":[-0.1,-0.087,-0.074,-0.061,-0.047,-0.034,-0.021,-0.008,0.005,0.018,0.031,0.044,0.058,0.071,0.084,0.097,0.11,0.123,0.136,0.149,0.163,0.176,0.189,0.202,0.215,0.228,0.241,0.255,0.268,0.281,0.294,0.307,0.32,0.333,0.346,0.36,0.373,0.386,0.399,0.412,0.425,0.438,0.452,0.465,0.478,0.491,0.504,0.517,0.53,0.543,0.557,0.57,0.583,0.596,0.609,0.622,0.635,0.648,0.662,0.675,0.688,0.701,0.714,0.727,0.74,0.754,0.767,0.78,0.793,0.806,0.819,0.832,0.845,0.859,0.872,0.885,0.898,0.911,0.924,0.937,0.951,0.964,0.977,0.99,1.003,1.016,1.029,1.042,1.056,1.069,1.082,1.095,1.108,1.121,1.134,1.147,1.161,1.174,1.187,1.2],"unit":"V"},"I":{"value":[0.0027416,0.0027502,0.0027613,0.0027471,0.0027542,0.0027492,0.0027503,0.0027543,0.0027546,0.0027466,0.0027523,0.0027445,0.0027497,0.0027438,0.002745,0.0027393,0.0027436,0.0027425,0.002741,0.0027484,0.002735,0.0027416,0.0027419,0.0027421,0.0027418,0.0027441,0.0027373,0.0027343,0.0027377,0.0027266,0.0027378,0.0027284,0.0027308,0.0027326,0.0027316,0.0027284,0.0027334,0.002724,0.0027278,0.0027239,0.0027292,0.002728,0.0027299,0.0027188,0.0027281,0.0027172,0.0027188,0.0027039,0.0027097,0.0027085,0.0027032,0.0027116,0.0026943,0.002704,0.0026901,0.0026932,0.002679,0.0026739,0.0026689,0.002662,0.0026718,0.0026443,0.0026504,0.0026296,0.0026269,0.0026063,0.0025954,0.0025619,0.0025485,0.0024998,0.0024763,0.0024217,0.0023651,0.0022665,0.0021779,0.0020337,0.0018774,0.0016583,0.0013984,0.001072,0.00065026,0.0001845,-0.00036212,-0.00098202,-0.0016636,-0.0024354,-0.0032699,-0.0033138,-0.0033135,-0.0033134,-0.0033136,-0.0033134,-0.0033135,-0.0033136,-0.0033139,-0.0033134,-0.0033138,-0.0033131,-0.0033134,-0.0033134],"unit":"A"},"J":{"value":[0.00032899199999999996,0.000330024,0.000331356,0.000329652,0.000330504,0.00032990399999999995,0.00033003599999999997,0.000330516,0.00033055199999999996,0.00032959199999999997,0.000330276,0.00032933999999999996,0.000329964,0.00032925599999999994,0.0003294,0.000328716,0.000329232,0.00032910000000000003,0.00032891999999999996,0.00032980799999999996,0.0003282,0.00032899199999999996,0.000329028,0.000329052,0.000329016,0.000329292,0.00032847599999999996,0.000328116,0.000328524,0.00032719199999999997,0.000328536,0.000327408,0.000327696,0.000327912,0.000327792,0.000327408,0.00032800799999999997,0.00032688,0.00032733599999999996,0.000326868,0.000327504,0.00032735999999999996,0.00032758799999999997,0.000326256,0.000327372,0.000326064,0.000326256,0.00032446799999999996,0.000325164,0.00032502,0.00032438399999999994,0.00032539200000000003,0.00032331600000000003,0.00032448,0.00032281199999999996,0.000323184,0.00032147999999999996,0.000320868,0.000320268,0.00031944,0.000320616,0.000317316,0.000318048,0.00031555200000000003,0.000315228,0.000312756,0.000311448,0.000307428,0.00030582,0.000299976,0.00029715599999999997,0.000290604,0.000283812,0.00027197999999999995,0.000261348,0.00024404399999999998,0.000225288,0.00019899599999999998,0.00016780799999999998,0.00012864,7.80312e-5,2.214e-5,-4.34544e-5,-0.00011784239999999999,-0.00019963200000000002,-0.000292248,-0.00039238799999999997,-0.000397656,-0.00039762,-0.00039760800000000003,-0.000397632,-0.00039760800000000003,-0.00039762,-0.000397632,-0.00039766799999999995,-0.00039760800000000003,-0.000397656,-0.00039757199999999995,-0.00039760800000000003,-0.00039760800000000003],"unit":"A\/cm2"},"voc":{"unit":"V","value":0.9684},"isc":{"unit":"A","value":0.0027545},"jsc":{"unit":"mA\/cm2","value":22.954},"fill_factor":{"unit":"%","value":76.03},"pmax":{"unit":"mW","value":2.028},"vmax":{"unit":"V","value":0.819},"imax":{"unit":"mA","value":2.476},"rshunt":{"unit":"ohms","value":2200},"voc_slope":{"unit":"ohms","value":27.4},"efficiency":{"unit":"%","value":16.9},"monitor_cell_reading":{"unit":"mV","value":0},"monitor_cell_calibration_value":{"unit":"mV","value":0},"test_device_area":{"unit":"cm2","value":0.12},"num_of_series_connected_stacks":{"unit":"","value":1},"meter_integration":{"unit":"NPLC","value":0.01},"source_irradiance":{"unit":"mW\/cm2","value":100},"voltage_settling_time":{"unit":"ms","value":10},"sweep_direction":{"unit":"","value":"Forward"},"irradiance_variation_correction":{"unit":"","value":"None"},"device_id":{"unit":"","value":"2-4-R"},"cell_dimension":{"unit":"cm2","value":0.12},"key":"Forward_IV 2-4"},{"V":{"value":[-0.1,-0.087,-0.074,-0.061,-0.047,-0.034,-0.021,-0.008,0.005,0.018,0.031,0.044,0.058,0.071,0.084,0.097,0.11,0.123,0.136,0.149,0.163,0.176,0.189,0.202,0.215,0.228,0.241,0.255,0.268,0.281,0.294,0.307,0.32,0.333,0.346,0.36,0.373,0.386,0.399,0.412,0.425,0.438,0.452,0.465,0.478,0.491,0.504,0.517,0.53,0.543,0.557,0.57,0.583,0.596,0.609,0.622,0.635,0.648,0.662,0.675,0.688,0.701,0.714,0.727,0.74,0.754,0.767,0.78,0.793,0.806,0.819,0.832,0.845,0.859,0.872,0.885,0.898,0.911,0.924,0.937,0.951,0.964,0.977,0.99,1.003,1.016,1.029,1.042,1.056,1.069,1.082,1.095,1.108,1.121,1.134,1.147,1.161,1.174,1.187,1.2],"unit":"V"},"I":{"value":[0.0027112,0.0027287,0.0027305,0.002726,0.0027325,0.0027223,0.0027294,0.002719,0.0027309,0.0027193,0.0027281,0.0027257,0.002724,0.0027287,0.0027209,0.0027282,0.0027201,0.0027205,0.0027249,0.0027306,0.0027166,0.0027211,0.0027222,0.0027285,0.0027166,0.002716,0.0027134,0.0027219,0.0027195,0.0027198,0.0027113,0.0027152,0.0027184,0.0027132,0.0027143,0.0027178,0.0027053,0.0027111,0.0027149,0.0027155,0.0027052,0.0027063,0.0027004,0.0027012,0.0027005,0.0027036,0.0026924,0.0027023,0.0026874,0.0026907,0.002681,0.002684,0.0026836,0.0026809,0.0026815,0.0026757,0.0026764,0.0026626,0.0026693,0.0026518,0.0026522,0.0026341,0.0026334,0.002625,0.0026172,0.0026077,0.002587,0.0025828,0.0025484,0.0025272,0.0024848,0.0024609,0.0023812,0.0023069,0.0022049,0.0020967,0.0019239,0.0017276,0.0014628,0.0011556,0.00073643,0.00027381,-0.00026457,-0.00087655,-0.0015537,-0.0023115,-0.0031299,-0.0032884,-0.0032885,-0.0032884,-0.0032889,-0.0032887,-0.0032885,-0.003288,-0.0032886,-0.0032888,-0.0032884,-0.0032886,-0.0032885,-0.0032886],"unit":"A"},"J":{"value":[0.000325344,0.000327444,0.00032765999999999996,0.00032712,0.0003279,0.000326676,0.000327528,0.00032627999999999997,0.000327708,0.000326316,0.000327372,0.000327084,0.00032688,0.000327444,0.000326508,0.000327384,0.000326412,0.00032646,0.000326988,0.000327672,0.000325992,0.000326532,0.000326664,0.00032742,0.000325992,0.00032592,0.00032560799999999996,0.00032662800000000003,0.00032634,0.000326376,0.00032535599999999995,0.000325824,0.00032620800000000003,0.00032558399999999996,0.000325716,0.000326136,0.000324636,0.000325332,0.000325788,0.00032586,0.000324624,0.000324756,0.00032404799999999996,0.000324144,0.00032406000000000004,0.000324432,0.000323088,0.00032427599999999997,0.000322488,0.00032288399999999995,0.00032171999999999995,0.00032208000000000003,0.000322032,0.000321708,0.00032177999999999997,0.000321084,0.000321168,0.00031951200000000004,0.00032031599999999996,0.000318216,0.00031826399999999996,0.00031609199999999997,0.000316008,0.000315,0.000314064,0.000312924,0.00031044,0.000309936,0.000305808,0.000303264,0.000298176,0.000295308,0.000285744,0.000276828,0.000264588,0.000251604,0.000230868,0.000207312,0.00017553599999999998,0.00013867199999999998,8.83716e-5,3.2857199999999994e-5,-3.1748399999999996e-5,-0.000105186,-0.000186444,-0.00027738000000000003,-0.000375588,-0.00039460799999999996,-0.00039462,-0.00039460799999999996,-0.000394668,-0.000394644,-0.00039462,-0.00039456,-0.000394632,-0.000394656,-0.00039460799999999996,-0.000394632,-0.00039462,-0.000394632],"unit":"A\/cm2"},"voc":{"unit":"V","value":0.9706},"isc":{"unit":"A","value":0.0027263},"jsc":{"unit":"mA\/cm2","value":22.719},"fill_factor":{"unit":"%","value":77.37},"pmax":{"unit":"mW","value":2.047},"vmax":{"unit":"V","value":0.832},"imax":{"unit":"mA","value":2.461},"rshunt":{"unit":"ohms","value":1880},"voc_slope":{"unit":"ohms","value":24.1},"efficiency":{"unit":"%","value":17.06},"monitor_cell_reading":{"unit":"mV","value":0},"monitor_cell_calibration_value":{"unit":"mV","value":0},"test_device_area":{"unit":"cm2","value":0.12},"num_of_series_connected_stacks":{"unit":"","value":1},"meter_integration":{"unit":"NPLC","value":0.01},"source_irradiance":{"unit":"mW\/cm2","value":100},"voltage_settling_time":{"unit":"ms","value":10},"sweep_direction":{"unit":"","value":"Forward"},"irradiance_variation_correction":{"unit":"","value":"None"},"device_id":{"unit":"","value":"2-3-R"},"cell_dimension":{"unit":"cm2","value":0.12},"key":"Forward_IV 2-3"},{"V":{"value":[-0.1,-0.087,-0.074,-0.061,-0.047,-0.034,-0.021,-0.008,0.005,0.018,0.031,0.044,0.058,0.071,0.084,0.097,0.11,0.123,0.136,0.149,0.163,0.176,0.189,0.202,0.215,0.228,0.241,0.255,0.268,0.281,0.294,0.307,0.32,0.333,0.346,0.36,0.373,0.386,0.399,0.412,0.425,0.438,0.452,0.465,0.478,0.491,0.504,0.517,0.53,0.543,0.557,0.57,0.583,0.596,0.609,0.622,0.635,0.648,0.662,0.675,0.688,0.701,0.714,0.727,0.74,0.754,0.767,0.78,0.793,0.806,0.819,0.832,0.845,0.859,0.872,0.885,0.898,0.911,0.924,0.937,0.951,0.964,0.977,0.99,1.003,1.016,1.029,1.042,1.056,1.069,1.082,1.095,1.108,1.121,1.134,1.147,1.161,1.174,1.187,1.2],"unit":"V"},"I":{"value":[0.0027203,0.0027276,0.0027344,0.0027223,0.0027301,0.0027201,0.0027266,0.002725,0.0027223,0.0027231,0.002729,0.0027169,0.0027219,0.0027142,0.0027173,0.0027116,0.0027172,0.0027134,0.0027139,0.0027196,0.0027105,0.0027197,0.0027067,0.0027186,0.0027126,0.0027112,0.0027122,0.0027028,0.002707,0.0026997,0.0027057,0.0027007,0.0027053,0.0026982,0.0027053,0.0027035,0.0027034,0.0026964,0.0026989,0.0026849,0.0026936,0.0026861,0.0026838,0.0026782,0.0026775,0.0026784,0.002672,0.0026846,0.0026665,0.0026761,0.0026605,0.0026631,0.0026621,0.002666,0.0026509,0.0026584,0.0026408,0.0026443,0.0026293,0.002625,0.0026099,0.0026151,0.0025846,0.0025815,0.0025515,0.0025342,0.0025059,0.0024889,0.0024521,0.0024204,0.0023878,0.0023188,0.0022622,0.0021613,0.0020727,0.0019481,0.0017999,0.0016185,0.0013948,0.0011391,0.00080328,0.0004445,3.359e-5,-0.00043207,-0.00096369,-0.0015451,-0.0021774,-0.0028462,-0.0032774,-0.0032777,-0.0032776,-0.0032774,-0.0032779,-0.0032776,-0.0032775,-0.0032776,-0.0032778,-0.003277,-0.0032776,-0.003277],"unit":"A"},"J":{"value":[0.000326436,0.000327312,0.000328128,0.000326676,0.000327612,0.000326412,0.00032719199999999997,0.000327,0.000326676,0.00032677199999999997,0.00032748,0.00032602799999999996,0.00032662800000000003,0.00032570399999999996,0.000326076,0.00032539200000000003,0.000326064,0.00032560799999999996,0.000325668,0.00032635199999999997,0.00032525999999999996,0.00032636399999999994,0.000324804,0.000326232,0.00032551199999999997,0.000325344,0.000325464,0.000324336,0.00032484,0.000323964,0.000324684,0.000324084,0.000324636,0.000323784,0.000324636,0.00032442,0.000324408,0.000323568,0.000323868,0.000322188,0.000323232,0.000322332,0.000322056,0.00032138399999999997,0.0003213,0.00032140799999999997,0.00032063999999999997,0.000322152,0.00031998,0.00032113199999999996,0.00031926,0.00031957199999999996,0.000319452,0.00031991999999999996,0.000318108,0.00031900799999999997,0.000316896,0.000317316,0.000315516,0.000315,0.000313188,0.000313812,0.00031015199999999995,0.00030978,0.00030617999999999997,0.000304104,0.000300708,0.000298668,0.000294252,0.000290448,0.00028653599999999994,0.000278256,0.00027146399999999996,0.00025935600000000003,0.00024872399999999997,0.00023377199999999998,0.000215988,0.00019422,0.000167376,0.000136692,9.63936e-5,5.334e-5,4.0308000000000004e-6,-5.1848399999999996e-5,-0.0001156428,-0.00018541199999999998,-0.000261288,-0.000341544,-0.000393288,-0.000393324,-0.000393312,-0.000393288,-0.00039334799999999996,-0.000393312,-0.00039329999999999996,-0.000393312,-0.000393336,-0.00039324,-0.000393312,-0.00039324],"unit":"A\/cm2"},"voc":{"unit":"V","value":0.9779},"isc":{"unit":"A","value":0.0027234},"jsc":{"unit":"mA\/cm2","value":22.695},"fill_factor":{"unit":"%","value":73.43},"pmax":{"unit":"mW","value":1.956},"vmax":{"unit":"V","value":0.819},"imax":{"unit":"mA","value":2.388},"rshunt":{"unit":"ohms","value":2870},"voc_slope":{"unit":"ohms","value":31.2},"efficiency":{"unit":"%","value":16.3},"monitor_cell_reading":{"unit":"mV","value":0},"monitor_cell_calibration_value":{"unit":"mV","value":0},"test_device_area":{"unit":"cm2","value":0.12},"num_of_series_connected_stacks":{"unit":"","value":1},"meter_integration":{"unit":"NPLC","value":0.01},"source_irradiance":{"unit":"mW\/cm2","value":100},"voltage_settling_time":{"unit":"ms","value":10},"sweep_direction":{"unit":"","value":"Forward"},"irradiance_variation_correction":{"unit":"","value":"None"},"device_id":{"unit":"","value":"2-2-R"},"cell_dimension":{"unit":"cm2","value":0.12},"key":"Forward_IV 2-2"},{"V":{"value":[-0.1,-0.087,-0.074,-0.061,-0.047,-0.034,-0.021,-0.008,0.005,0.018,0.031,0.044,0.058,0.071,0.084,0.097,0.11,0.123,0.136,0.149,0.163,0.176,0.189,0.202,0.215,0.228,0.241,0.255,0.268,0.281,0.294,0.307,0.32,0.333,0.346,0.36,0.373,0.386,0.399,0.412,0.425,0.438,0.452,0.465,0.478,0.491,0.504,0.517,0.53,0.543,0.557,0.57,0.583,0.596,0.609,0.622,0.635,0.648,0.662,0.675,0.688,0.701,0.714,0.727,0.74,0.754,0.767,0.78,0.793,0.806,0.819,0.832,0.845,0.859,0.872,0.885,0.898,0.911,0.924,0.937,0.951,0.964,0.977,0.99,1.003,1.016,1.029,1.042,1.056,1.069,1.082,1.095,1.108,1.121,1.134,1.147,1.161,1.174,1.187,1.2],"unit":"V"},"I":{"value":[0.0027504,0.0027539,0.0027584,0.0027559,0.0027553,0.0027504,0.0027524,0.0027628,0.0027484,0.0027547,0.0027479,0.0027515,0.0027497,0.0027516,0.0027542,0.0027546,0.0027468,0.0027546,0.002753,0.0027523,0.0027548,0.002755,0.0027489,0.0027456,0.0027462,0.0027436,0.0027464,0.0027436,0.0027481,0.0027512,0.0027485,0.0027375,0.0027467,0.002736,0.0027409,0.0027405,0.0027347,0.0027385,0.0027371,0.0027417,0.0027327,0.0027387,0.0027297,0.0027328,0.002735,0.0027332,0.0027286,0.0027326,0.0027199,0.0027254,0.0027177,0.0027247,0.0027281,0.0027327,0.0027427,0.00274,0.0027358,0.0027318,0.0027293,0.002713,0.0027011,0.0026969,0.0026741,0.0026756,0.0026642,0.0026524,0.0026369,0.0026084,0.0026212,0.0025803,0.0025601,0.0024992,0.0024975,0.002401,0.0023027,0.0021969,0.0020351,0.0018399,0.0016371,0.0013404,0.00096536,0.00056201,0.00010403,-0.00041442,-0.00098399,-0.0016028,-0.0022763,-0.0029917,-0.0033167,-0.0033166,-0.0033169,-0.0033166,-0.0033164,-0.0033172,-0.0033168,-0.0033162,-0.0033167,-0.003317,-0.0033165,-0.0033169],"unit":"A"},"J":{"value":[0.000330048,0.000330468,0.000331008,0.000330708,0.000330636,0.000330048,0.000330288,0.000331536,0.00032980799999999996,0.000330564,0.000329748,0.00033018,0.000329964,0.000330192,0.000330504,0.00033055199999999996,0.000329616,0.00033055199999999996,0.00033036,0.000330276,0.00033057599999999996,0.0003306,0.000329868,0.000329472,0.000329544,0.000329232,0.00032956799999999997,0.000329232,0.000329772,0.000330144,0.00032982,0.00032849999999999996,0.000329604,0.00032832,0.000328908,0.00032886,0.000328164,0.00032862,0.000328452,0.000329004,0.00032792399999999995,0.000328644,0.00032756399999999997,0.00032793599999999997,0.0003282,0.00032798399999999997,0.00032743199999999995,0.000327912,0.000326388,0.000327048,0.000326124,0.000326964,0.000327372,0.00032792399999999995,0.000329124,0.00032879999999999997,0.000328296,0.000327816,0.00032751599999999997,0.00032556,0.000324132,0.00032362799999999996,0.000320892,0.000321072,0.000319704,0.000318288,0.000316428,0.000313008,0.000314544,0.000309636,0.000307212,0.000299904,0.0002997,0.00028812,0.000276324,0.00026362799999999996,0.000244212,0.000220788,0.000196452,0.000160848,0.0001158432,6.744120000000001e-5,1.24836e-5,-4.9730399999999994e-5,-0.00011807879999999998,-0.00019233599999999998,-0.00027315600000000004,-0.00035900399999999995,-0.000398004,-0.00039799199999999995,-0.000398028,-0.00039799199999999995,-0.000397968,-0.000398064,-0.000398016,-0.000397944,-0.000398004,-0.00039804,-0.00039798,-0.000398028],"unit":"A\/cm2"},"voc":{"unit":"V","value":0.9796},"isc":{"unit":"A","value":0.0027539},"jsc":{"unit":"mA\/cm2","value":22.949},"fill_factor":{"unit":"%","value":78.23},"pmax":{"unit":"mW","value":2.11},"vmax":{"unit":"V","value":0.845},"imax":{"unit":"mA","value":2.497},"rshunt":{"unit":"ohms","value":3740},"voc_slope":{"unit":"ohms","value":28.2},"efficiency":{"unit":"%","value":17.59},"monitor_cell_reading":{"unit":"mV","value":0},"monitor_cell_calibration_value":{"unit":"mV","value":0},"test_device_area":{"unit":"cm2","value":0.12},"num_of_series_connected_stacks":{"unit":"","value":1},"meter_integration":{"unit":"NPLC","value":0.01},"source_irradiance":{"unit":"mW\/cm2","value":100},"voltage_settling_time":{"unit":"ms","value":10},"sweep_direction":{"unit":"","value":"Forward"},"irradiance_variation_correction":{"unit":"","value":"None"},"device_id":{"unit":"","value":"2-1-R"},"cell_dimension":{"unit":"cm2","value":0.12},"key":"Forward_IV 2-1"}]}}