{"_id":"6530df3d15804d488a7f1ae8","id":"SKKU-SC-00186","author":96,"group":11,"input":[{"tco":{"unit":"","value":"FTO"}},{"surface_treatment":{"unit":"","value":"UVO"}},{"etl":[{"material":{"unit":"","value":"SnO2"},"concentration":{"unit":"","value":"0.049"},"conc_unit":{"unit":"","value":"mg\/ml"},"quantity":{"unit":"ml","value":"1"}}],"annealing":[{"temperature":{"unit":"oC","value":"185"},"time":{"unit":"m","value":"30"}}],"spin_coating":[{"type":{"unit":"","value":"Static (loading)"},"rpm":{"unit":"","value":"3000"},"time":{"unit":"s","value":"20"}}]},{"surface_treatment":{"unit":"","value":"UVO"}},{"perovskite":{"method":{"unit":"","value":"1step"},"molarity":{"unit":"M","value":"2M"},"a_site":[{"material":{"unit":"","value":"FA"},"ratio":{"unit":"","value":"100"}}],"b_site":[{"material":{"unit":"","value":"Pb"},"ratio":{"unit":"","value":"100"}}],"x_site":[{"material":{"unit":"","value":"I"},"ratio":{"unit":"","value":"100"}}],"solvent":[{"material":{"unit":"","value":"DMF"},"volume":{"unit":"ml","value":"1"}},{"material":{"unit":"","value":"NMP"},"volume":{"unit":"ml","value":"0.1929"}}],"antisolvent":[{"material":{"unit":"","value":"DEE"},"quantity":{"unit":"ul","value":"150"},"dripping_time":{"unit":"s","value":"13"}}],"annealing":[{"temperature":{"unit":"oC","value":"100"},"time":{"unit":"m","value":"5"}},{"temperature":{"unit":"oC","value":"150"},"time":{"unit":"m","value":"30"}}],"spin_coating":[{"type":{"unit":"","value":"Dynamic"},"rpm":{"unit":"","value":"4000"},"time":{"unit":"s","value":"20"}}],"additive":[{"material":{"unit":"","value":"MACl"},"solvent":{"unit":"","value":"DMF"},"concentration":{"unit":"","value":"800"},"conc_unit":{"unit":"","value":"mM"},"quantity":{"unit":"mol%","value":"40"}}]}},{"htl":[{"material":{"unit":"","value":"Spiro-OMeTAD"},"concentration":{"unit":"","value":"38.75"},"conc_unit":{"unit":"","value":"mg\/ml"},"quantity":{"unit":"ml","value":"0.03"}}],"htl_doping":[{"material":{"unit":"","value":"TMA-TFSI"},"volume":{"unit":"ul","value":"20"}},{"material":{"unit":"","value":"tBP"},"volume":{"unit":"ul","value":"34"}}],"spin_coating":[{"type":{"unit":"","value":"Dynamic"},"rpm":{"unit":"","value":"3000"},"time":{"unit":"s","value":"25"}}],"condition":{"unit":"","value":"glove-box(N2)"},"solvent":[{"material":{"unit":"","value":"CF"},"volume":{"unit":"ml","value":"2.24"}}]},{"anode_metal":{"unit":"","value":"Ag"}},{"note":{"unit":"","value":"Hole transporting layer dopant investigation"},"type":{"unit":"","value":"unit_cell"},"device_type":{"unit":"","value":"n-i-p"},"temperature":{"unit":"\u2103","value":"19.1"},"humidity":{"unit":"%","value":"46.8"},"cell_dimension":{"unit":"cm2","value":"0.125"}}],"fileinfo":[{"key":"Forward_IV R185-1-4","uploadType":"JV","original_name":"IV R185-1-4-F.txt","save_name":"SKKU-SC-00186\/Forward_IV R185-1-4","uploader":96,"fileType":""},{"key":"Reverse_IV R185-1-4","uploadType":"JV","original_name":"IV R185-1-4-R.txt","save_name":"SKKU-SC-00186\/Reverse_IV R185-1-4","uploader":96,"fileType":""},{"key":"Forward_IV R185-2-2","uploadType":"JV","original_name":"IV R185-2-2-F.txt","save_name":"SKKU-SC-00186\/Forward_IV R185-2-2","uploader":96,"fileType":""},{"key":"Reverse_IV R185-2-2","uploadType":"JV","original_name":"IV R185-2-2-R.txt","save_name":"SKKU-SC-00186\/Reverse_IV R185-2-2","uploader":96,"fileType":""},{"key":"Forward_IV R185-2-5","uploadType":"JV","original_name":"IV R185-2-5-F.txt","save_name":"SKKU-SC-00186\/Forward_IV R185-2-5","uploader":96,"fileType":""},{"key":"Reverse_IV R185-2-5","uploadType":"JV","original_name":"IV R185-2-5-R.txt","save_name":"SKKU-SC-00186\/Reverse_IV R185-2-5","uploader":96,"fileType":""},{"key":"Forward_IV R185-1-3","uploadType":"JV","original_name":"IV R185-1-3-F.txt","save_name":"SKKU-SC-00186\/Forward_IV R185-1-3","uploader":96,"fileType":""},{"key":"Reverse_IV R185-1-3","uploadType":"JV","original_name":"IV R185-1-3-R.txt","save_name":"SKKU-SC-00186\/Reverse_IV R185-1-3","uploader":96,"fileType":""}],"jvcnt":8,"updated_at":"2024-06-03 08:38:35","created_at":"2023-10-19 07:48:13","analysisInfo":{"JV":[{"efficiency":19.77,"fill_factor":73.51,"jsc":25.217,"voc":1.0668,"key":"Reverse_IV R185-2-5","cell_dimension":0.125},{"efficiency":19.25,"fill_factor":73.94,"jsc":24.723,"voc":1.0533,"key":"Reverse_IV R185-2-2","cell_dimension":0.125},{"efficiency":19.07,"fill_factor":73.16,"jsc":24.148,"voc":1.0792,"key":"Reverse_IV R185-1-4","cell_dimension":0.125},{"efficiency":19.98,"fill_factor":75.14,"jsc":24.696,"voc":1.077,"key":"Reverse_IV R185-1-3","cell_dimension":0.125},{"efficiency":19.97,"fill_factor":73.93,"jsc":25.268,"voc":1.0689,"key":"Forward_IV R185-2-5","cell_dimension":0.125},{"efficiency":19.38,"fill_factor":74.18,"jsc":24.72,"voc":1.0569,"key":"Forward_IV R185-2-2","cell_dimension":0.125},{"efficiency":19.05,"fill_factor":73.05,"jsc":24.185,"voc":1.0781,"key":"Forward_IV R185-1-4","cell_dimension":0.125},{"efficiency":19.86,"fill_factor":74.7,"jsc":24.745,"voc":1.0742,"key":"Forward_IV R185-1-3","cell_dimension":0.125}]},"public":2,"analysis":{"JV":[{"V":{"value":[1.2,1.187,1.174,1.161,1.147,1.134,1.121,1.108,1.095,1.082,1.069,1.056,1.042,1.029,1.016,1.003,0.99,0.977,0.964,0.951,0.937,0.924,0.911,0.898,0.885,0.872,0.859,0.845,0.832,0.819,0.806,0.793,0.78,0.767,0.754,0.74,0.727,0.714,0.701,0.688,0.675,0.662,0.648,0.635,0.622,0.609,0.596,0.583,0.57,0.557,0.543,0.53,0.517,0.504,0.491,0.478,0.465,0.452,0.438,0.425,0.412,0.399,0.386,0.373,0.36,0.346,0.333,0.32,0.307,0.294,0.281,0.268,0.255,0.241,0.228,0.215,0.202,0.189,0.176,0.163,0.149,0.136,0.123,0.11,0.097,0.084,0.071,0.058,0.044,0.031,0.018,0.005,-0.008,-0.021,-0.034,-0.047,-0.061,-0.074,-0.087,-0.1],"unit":"V"},"I":{"value":[-0.0038064,-0.0038064,-0.0037305,-0.0032689,-0.0027424,-0.0022587,-0.0017823,-0.0013198,-0.0008861,-0.00046362,-6.4351e-5,0.00030825,0.00067665,0.00099012,0.0012795,0.0015339,0.0017549,0.0019538,0.0021368,0.0022885,0.0024271,0.0025351,0.0026291,0.0027071,0.0027735,0.0028291,0.0028774,0.0029206,0.0029502,0.0029804,0.0030008,0.0030218,0.0030379,0.0030536,0.0030627,0.0030711,0.0030778,0.0030891,0.0030951,0.0031014,0.0031065,0.0029836,0.0031116,0.0030721,0.0031191,0.0031241,0.0031231,0.0031257,0.0031276,0.0030994,0.0031292,0.0031291,0.0031318,0.0031334,0.0031357,0.0031352,0.0031369,0.003137,0.0031422,0.0031409,0.0031398,0.0031451,0.0031433,0.0031447,0.0031426,0.0031446,0.0031423,0.003144,0.0031418,0.0031443,0.0031473,0.0031437,0.0031489,0.0031459,0.0031487,0.0031485,0.0031503,0.0031515,0.0031494,0.0031506,0.0031505,0.0031531,0.00315,0.0031546,0.0031502,0.0031526,0.0031526,0.0031522,0.0031554,0.0031518,0.0031523,0.0031516,0.0031529,0.0031563,0.0031523,0.0031564,0.003154,0.0031591,0.0031566,0.0031578],"unit":"A"},"J":{"value":[-0.0004758,-0.0004758,-0.0004663125,-0.0004086125,-0.0003428,-0.0002823375,-0.0002227875,-0.000164975,-0.0001107625,-5.79525e-5,-8.043875e-6,3.853125e-5,8.458125e-5,0.000123765,0.0001599375,0.0001917375,0.0002193625,0.000244225,0.0002671,0.0002860625,0.0003033875,0.0003168875,0.0003286375,0.0003383875,0.0003466875,0.0003536375,0.000359675,0.000365075,0.000368775,0.00037255,0.0003751,0.000377725,0.0003797375,0.0003817,0.0003828375,0.0003838875,0.000384725,0.0003861375,0.0003868875,0.000387675,0.0003883125,0.00037295,0.00038895,0.0003840125,0.0003898875,0.0003905125,0.0003903875,0.0003907125,0.00039095,0.000387425,0.00039115,0.0003911375,0.000391475,0.000391675,0.0003919625,0.0003919,0.0003921125,0.000392125,0.000392775,0.0003926125,0.000392475,0.0003931375,0.0003929125,0.0003930875,0.000392825,0.000393075,0.0003927875,0.000393,0.000392725,0.0003930375,0.0003934125,0.0003929625,0.0003936125,0.0003932375,0.0003935875,0.0003935625,0.0003937875,0.0003939375,0.000393675,0.000393825,0.0003938125,0.0003941375,0.00039375,0.000394325,0.000393775,0.000394075,0.000394075,0.000394025,0.000394425,0.000393975,0.0003940375,0.00039395,0.0003941125,0.0003945375,0.0003940375,0.00039455,0.00039425,0.0003948875,0.000394575,0.000394725],"unit":"A\/cm2"},"voc":{"unit":"V","value":1.0668},"isc":{"unit":"A","value":0.0031521},"jsc":{"unit":"mA\/cm2","value":25.217},"fill_factor":{"unit":"%","value":73.51},"pmax":{"unit":"mW","value":2.472},"vmax":{"unit":"V","value":0.859},"imax":{"unit":"mA","value":2.877},"rshunt":{"unit":"ohms","value":8110},"voc_slope":{"unit":"ohms","value":35.1},"efficiency":{"unit":"%","value":19.77},"monitor_cell_reading":{"unit":"mV","value":0},"monitor_cell_calibration_value":{"unit":"mV","value":0},"test_device_area":{"unit":"cm2","value":0.125},"num_of_series_connected_stacks":{"unit":"","value":1},"meter_integration":{"unit":"NPLC","value":1},"source_irradiance":{"unit":"mW\/cm2","value":100},"voltage_settling_time":{"unit":"ms","value":100},"sweep_direction":{"unit":"","value":"Reverse"},"irradiance_variation_correction":{"unit":"","value":"None"},"device_id":{"unit":"","value":"R185-2-5-R"},"cell_dimension":{"unit":"cm2","value":0.125},"key":"Reverse_IV R185-2-5"},{"V":{"value":[1.2,1.187,1.174,1.161,1.147,1.134,1.121,1.108,1.095,1.082,1.069,1.056,1.042,1.029,1.016,1.003,0.99,0.977,0.964,0.951,0.937,0.924,0.911,0.898,0.885,0.872,0.859,0.845,0.832,0.819,0.806,0.793,0.78,0.767,0.754,0.74,0.727,0.714,0.701,0.688,0.675,0.662,0.648,0.635,0.622,0.609,0.596,0.583,0.57,0.557,0.543,0.53,0.517,0.504,0.491,0.478,0.465,0.452,0.438,0.425,0.412,0.399,0.386,0.373,0.36,0.346,0.333,0.32,0.307,0.294,0.281,0.268,0.255,0.241,0.228,0.215,0.202,0.189,0.176,0.163,0.149,0.136,0.123,0.11,0.097,0.084,0.071,0.058,0.044,0.031,0.018,0.005,-0.008,-0.021,-0.034,-0.047,-0.061,-0.074,-0.087,-0.1],"unit":"V"},"I":{"value":[-0.0037294,-0.0037294,-0.0037294,-0.0037294,-0.0033461,-0.0028363,-0.0023318,-0.0018398,-0.0013547,-0.00091652,-0.00048622,-7.9144e-5,0.00032634,0.0006719,0.00098722,0.0012801,0.0015347,0.0017615,0.0019607,0.0021349,0.0022938,0.002418,0.002531,0.0026174,0.0026924,0.0027505,0.0028017,0.0028465,0.0028799,0.0029102,0.002931,0.0029527,0.0029728,0.0029825,0.0029997,0.0030095,0.0030187,0.003027,0.0030346,0.0030393,0.0030424,0.0030478,0.0030484,0.0030548,0.0030536,0.0030595,0.0030591,0.0030616,0.0030626,0.0030612,0.0030658,0.0030663,0.0030723,0.0030696,0.0030718,0.0030731,0.0030748,0.0030738,0.0030756,0.0030769,0.0030759,0.0030781,0.0030778,0.0030777,0.0030779,0.0030793,0.0030821,0.0030784,0.0030827,0.0030837,0.0030819,0.0030799,0.0030818,0.0030818,0.0030843,0.0030838,0.0030825,0.0030852,0.0030805,0.003085,0.0030832,0.0030849,0.0030838,0.0030849,0.0030871,0.0030856,0.0030857,0.0030844,0.0030888,0.0030855,0.003087,0.0030895,0.0030917,0.0030901,0.0030857,0.0030893,0.0030879,0.0030896,0.0030895,0.0030884],"unit":"A"},"J":{"value":[-0.000466175,-0.000466175,-0.000466175,-0.000466175,-0.0004182625,-0.0003545375,-0.000291475,-0.000229975,-0.0001693375,-0.000114565,-6.07775e-5,-9.893e-6,4.07925e-5,8.39875e-5,0.0001234025,0.0001600125,0.0001918375,0.0002201875,0.0002450875,0.0002668625,0.000286725,0.00030225,0.000316375,0.000327175,0.00033655,0.0003438125,0.0003502125,0.0003558125,0.0003599875,0.000363775,0.000366375,0.0003690875,0.0003716,0.0003728125,0.0003749625,0.0003761875,0.0003773375,0.000378375,0.000379325,0.0003799125,0.0003803,0.000380975,0.00038105,0.00038185,0.0003817,0.0003824375,0.0003823875,0.0003827,0.000382825,0.00038265,0.000383225,0.0003832875,0.0003840375,0.0003837,0.000383975,0.0003841375,0.00038435,0.000384225,0.00038445,0.0003846125,0.0003844875,0.0003847625,0.000384725,0.0003847125,0.0003847375,0.0003849125,0.0003852625,0.0003848,0.0003853375,0.0003854625,0.0003852375,0.0003849875,0.000385225,0.000385225,0.0003855375,0.000385475,0.0003853125,0.00038565,0.0003850625,0.000385625,0.0003854,0.0003856125,0.000385475,0.0003856125,0.0003858875,0.0003857,0.0003857125,0.00038555,0.0003861,0.0003856875,0.000385875,0.0003861875,0.0003864625,0.0003862625,0.0003857125,0.0003861625,0.0003859875,0.0003862,0.0003861875,0.00038605],"unit":"A\/cm2"},"voc":{"unit":"V","value":1.0533},"isc":{"unit":"A","value":0.0030904},"jsc":{"unit":"mA\/cm2","value":24.723},"fill_factor":{"unit":"%","value":73.94},"pmax":{"unit":"mW","value":2.407},"vmax":{"unit":"V","value":0.859},"imax":{"unit":"mA","value":2.802},"rshunt":{"unit":"ohms","value":6300},"voc_slope":{"unit":"ohms","value":34.5},"efficiency":{"unit":"%","value":19.25},"monitor_cell_reading":{"unit":"mV","value":0},"monitor_cell_calibration_value":{"unit":"mV","value":0},"test_device_area":{"unit":"cm2","value":0.125},"num_of_series_connected_stacks":{"unit":"","value":1},"meter_integration":{"unit":"NPLC","value":1},"source_irradiance":{"unit":"mW\/cm2","value":100},"voltage_settling_time":{"unit":"ms","value":100},"sweep_direction":{"unit":"","value":"Reverse"},"irradiance_variation_correction":{"unit":"","value":"None"},"device_id":{"unit":"","value":"R185-2-2-R"},"cell_dimension":{"unit":"cm2","value":0.125},"key":"Reverse_IV R185-2-2"},{"V":{"value":[1.2,1.187,1.174,1.161,1.147,1.134,1.121,1.108,1.095,1.082,1.069,1.056,1.042,1.029,1.016,1.003,0.99,0.977,0.964,0.951,0.937,0.924,0.911,0.898,0.885,0.872,0.859,0.845,0.832,0.819,0.806,0.793,0.78,0.767,0.754,0.74,0.727,0.714,0.701,0.688,0.675,0.662,0.648,0.635,0.622,0.609,0.596,0.583,0.57,0.557,0.543,0.53,0.517,0.504,0.491,0.478,0.465,0.452,0.438,0.425,0.412,0.399,0.386,0.373,0.36,0.346,0.333,0.32,0.307,0.294,0.281,0.268,0.255,0.241,0.228,0.215,0.202,0.189,0.176,0.163,0.149,0.136,0.123,0.11,0.097,0.084,0.071,0.058,0.044,0.031,0.018,0.005,-0.008,-0.021,-0.034,-0.047,-0.061,-0.074,-0.087,-0.1],"unit":"V"},"I":{"value":[-0.0033871,-0.0031312,-0.0027876,-0.0024037,-0.0019681,-0.0015661,-0.0011713,-0.00079549,-0.00042331,-7.0281e-5,0.00026181,0.00057682,0.0008902,0.0011577,0.0013986,0.0016193,0.001812,0.001984,0.0021342,0.0022653,0.0023829,0.0024778,0.0025602,0.0026265,0.0026842,0.0027334,0.0027746,0.0028146,0.0028436,0.0028677,0.0028871,0.0029039,0.0029163,0.0029282,0.0029389,0.0029505,0.0029559,0.0029647,0.0029699,0.0029758,0.0029807,0.0029844,0.0029892,0.0029911,0.0029929,0.0029928,0.0029943,0.0029959,0.0029988,0.0029984,0.0029973,0.0029996,0.0030023,0.003003,0.0030051,0.0030029,0.0030041,0.0030048,0.0030088,0.0030073,0.003011,0.0030067,0.0030109,0.0030099,0.0030085,0.0030117,0.003009,0.0030084,0.0030084,0.0030104,0.0030103,0.0030143,0.0030149,0.0030129,0.0030149,0.0030137,0.0030127,0.0030145,0.0030153,0.0030162,0.0030167,0.0030205,0.0030151,0.0030152,0.0030152,0.0030167,0.0030141,0.0030194,0.0030177,0.0030196,0.0030201,0.0030166,0.0030217,0.0030167,0.003019,0.0030173,0.0030166,0.0030179,0.0030169,0.0030193],"unit":"A"},"J":{"value":[-0.0004233875,-0.0003914,-0.00034845,-0.0003004625,-0.0002460125,-0.0001957625,-0.0001464125,-9.943625e-5,-5.291375e-5,-8.785125e-6,3.272625e-5,7.21025e-5,0.000111275,0.0001447125,0.000174825,0.0002024125,0.0002265,0.000248,0.000266775,0.0002831625,0.0002978625,0.000309725,0.000320025,0.0003283125,0.000335525,0.000341675,0.000346825,0.000351825,0.00035545,0.0003584625,0.0003608875,0.0003629875,0.0003645375,0.000366025,0.0003673625,0.0003688125,0.0003694875,0.0003705875,0.0003712375,0.000371975,0.0003725875,0.00037305,0.00037365,0.0003738875,0.0003741125,0.0003741,0.0003742875,0.0003744875,0.00037485,0.0003748,0.0003746625,0.00037495,0.0003752875,0.000375375,0.0003756375,0.0003753625,0.0003755125,0.0003756,0.0003761,0.0003759125,0.000376375,0.0003758375,0.0003763625,0.0003762375,0.0003760625,0.0003764625,0.000376125,0.00037605,0.00037605,0.0003763,0.0003762875,0.0003767875,0.0003768625,0.0003766125,0.0003768625,0.0003767125,0.0003765875,0.0003768125,0.0003769125,0.000377025,0.0003770875,0.0003775625,0.0003768875,0.0003769,0.0003769,0.0003770875,0.0003767625,0.000377425,0.0003772125,0.00037745,0.0003775125,0.000377075,0.0003777125,0.0003770875,0.000377375,0.0003771625,0.000377075,0.0003772375,0.0003771125,0.0003774125],"unit":"A\/cm2"},"voc":{"unit":"V","value":1.0792},"isc":{"unit":"A","value":0.0030185},"jsc":{"unit":"mA\/cm2","value":24.148},"fill_factor":{"unit":"%","value":73.16},"pmax":{"unit":"mW","value":2.384},"vmax":{"unit":"V","value":0.872},"imax":{"unit":"mA","value":2.733},"rshunt":{"unit":"ohms","value":-8540},"voc_slope":{"unit":"ohms","value":39.1},"efficiency":{"unit":"%","value":19.07},"monitor_cell_reading":{"unit":"mV","value":0},"monitor_cell_calibration_value":{"unit":"mV","value":0},"test_device_area":{"unit":"cm2","value":0.125},"num_of_series_connected_stacks":{"unit":"","value":1},"meter_integration":{"unit":"NPLC","value":1},"source_irradiance":{"unit":"mW\/cm2","value":100},"voltage_settling_time":{"unit":"ms","value":100},"sweep_direction":{"unit":"","value":"Reverse"},"irradiance_variation_correction":{"unit":"","value":"None"},"device_id":{"unit":"","value":"R185-1-4-R"},"cell_dimension":{"unit":"cm2","value":0.125},"key":"Reverse_IV R185-1-4"},{"V":{"value":[1.2,1.187,1.174,1.161,1.147,1.134,1.121,1.108,1.095,1.082,1.069,1.056,1.042,1.029,1.016,1.003,0.99,0.977,0.964,0.951,0.937,0.924,0.911,0.898,0.885,0.872,0.859,0.845,0.832,0.819,0.806,0.793,0.78,0.767,0.754,0.74,0.727,0.714,0.701,0.688,0.675,0.662,0.648,0.635,0.622,0.609,0.596,0.583,0.57,0.557,0.543,0.53,0.517,0.504,0.491,0.478,0.465,0.452,0.438,0.425,0.412,0.399,0.386,0.373,0.36,0.346,0.333,0.32,0.307,0.294,0.281,0.268,0.255,0.241,0.228,0.215,0.202,0.189,0.176,0.163,0.149,0.136,0.123,0.11,0.097,0.084,0.071,0.058,0.044,0.031,0.018,0.005,-0.008,-0.021,-0.034,-0.047,-0.061,-0.074,-0.087,-0.1],"unit":"V"},"I":{"value":[-0.0037354,-0.0037354,-0.0037354,-0.0032772,-0.0026821,-0.0021012,-0.001572,-0.0010648,-0.00062041,-0.00016894,0.00026859,0.0006506,0.0010178,0.001321,0.0015861,0.0018209,0.0020181,0.0021896,0.002334,0.0024545,0.0025648,0.0026475,0.0027158,0.0027744,0.0028226,0.002864,0.0028939,0.0029258,0.0029505,0.0029668,0.0029862,0.0030003,0.0030104,0.0030207,0.0030291,0.0030333,0.0030433,0.0030469,0.0030505,0.0030561,0.0030566,0.0030614,0.0030609,0.0030654,0.0030666,0.0030685,0.00307,0.0030715,0.003072,0.0030728,0.003073,0.0030713,0.0030775,0.0030753,0.0030762,0.0030776,0.0030788,0.0030824,0.0030805,0.0030796,0.0030808,0.003081,0.0030821,0.0030829,0.0030847,0.0030837,0.0030841,0.0030826,0.0030831,0.0030827,0.0030854,0.0030848,0.0030808,0.0030859,0.0030829,0.0030826,0.0030834,0.0030882,0.0030843,0.0030894,0.0030865,0.003088,0.0030879,0.0030903,0.0030897,0.0030875,0.0030886,0.0030866,0.0030893,0.003088,0.003089,0.0030866,0.0030877,0.003088,0.0030898,0.00309,0.0030869,0.0030901,0.0030892,0.0030886],"unit":"A"},"J":{"value":[-0.000466925,-0.000466925,-0.000466925,-0.00040965,-0.0003352625,-0.00026265,-0.0001965,-0.0001331,-7.755125e-5,-2.11175e-5,3.357375e-5,8.1325e-5,0.000127225,0.000165125,0.0001982625,0.0002276125,0.0002522625,0.0002737,0.00029175,0.0003068125,0.0003206,0.0003309375,0.000339475,0.0003468,0.000352825,0.000358,0.0003617375,0.000365725,0.0003688125,0.00037085,0.000373275,0.0003750375,0.0003763,0.0003775875,0.0003786375,0.0003791625,0.0003804125,0.0003808625,0.0003813125,0.0003820125,0.000382075,0.000382675,0.0003826125,0.000383175,0.000383325,0.0003835625,0.00038375,0.0003839375,0.000384,0.0003841,0.000384125,0.0003839125,0.0003846875,0.0003844125,0.000384525,0.0003847,0.00038485,0.0003853,0.0003850625,0.00038495,0.0003851,0.000385125,0.0003852625,0.0003853625,0.0003855875,0.0003854625,0.0003855125,0.000385325,0.0003853875,0.0003853375,0.000385675,0.0003856,0.0003851,0.0003857375,0.0003853625,0.000385325,0.000385425,0.000386025,0.0003855375,0.000386175,0.0003858125,0.000386,0.0003859875,0.0003862875,0.0003862125,0.0003859375,0.000386075,0.000385825,0.0003861625,0.000386,0.000386125,0.000385825,0.0003859625,0.000386,0.000386225,0.00038625,0.0003858625,0.0003862625,0.00038615,0.000386075],"unit":"A\/cm2"},"voc":{"unit":"V","value":1.077},"isc":{"unit":"A","value":0.003087},"jsc":{"unit":"mA\/cm2","value":24.696},"fill_factor":{"unit":"%","value":75.14},"pmax":{"unit":"mW","value":2.498},"vmax":{"unit":"V","value":0.885},"imax":{"unit":"mA","value":2.823},"rshunt":{"unit":"ohms","value":6410},"voc_slope":{"unit":"ohms","value":31.3},"efficiency":{"unit":"%","value":19.98},"monitor_cell_reading":{"unit":"mV","value":0},"monitor_cell_calibration_value":{"unit":"mV","value":0},"test_device_area":{"unit":"cm2","value":0.125},"num_of_series_connected_stacks":{"unit":"","value":1},"meter_integration":{"unit":"NPLC","value":1},"source_irradiance":{"unit":"mW\/cm2","value":100},"voltage_settling_time":{"unit":"ms","value":100},"sweep_direction":{"unit":"","value":"Reverse"},"irradiance_variation_correction":{"unit":"","value":"None"},"device_id":{"unit":"","value":"R185-1-3-R"},"cell_dimension":{"unit":"cm2","value":0.125},"key":"Reverse_IV R185-1-3"},{"V":{"value":[-0.1,-0.087,-0.074,-0.061,-0.047,-0.034,-0.021,-0.008,0.005,0.018,0.031,0.044,0.058,0.071,0.084,0.097,0.11,0.123,0.136,0.149,0.163,0.176,0.189,0.202,0.215,0.228,0.241,0.255,0.268,0.281,0.294,0.307,0.32,0.333,0.346,0.36,0.373,0.386,0.399,0.412,0.425,0.438,0.452,0.465,0.478,0.491,0.504,0.517,0.53,0.543,0.557,0.57,0.583,0.596,0.609,0.622,0.635,0.648,0.662,0.675,0.688,0.701,0.714,0.727,0.74,0.754,0.767,0.78,0.793,0.806,0.819,0.832,0.845,0.859,0.872,0.885,0.898,0.911,0.924,0.937,0.951,0.964,0.977,0.99,1.003,1.016,1.029,1.042,1.056,1.069,1.082,1.095,1.108,1.121,1.134,1.147,1.161,1.174,1.187,1.2],"unit":"V"},"I":{"value":[0.0031665,0.0031659,0.0031651,0.0031608,0.0031627,0.0031602,0.0031614,0.0031568,0.0031596,0.0031597,0.0031558,0.0031572,0.0031553,0.0031572,0.0031563,0.0031574,0.0031525,0.003154,0.0031529,0.0031535,0.0031552,0.0031495,0.0031522,0.0031499,0.0031518,0.0031512,0.0031473,0.0031483,0.0031485,0.0031475,0.0031484,0.0031482,0.0031437,0.0031472,0.0031411,0.0031439,0.0031442,0.0031433,0.0031459,0.0031413,0.0031425,0.003136,0.0031372,0.003135,0.0031323,0.0031341,0.0031312,0.0031327,0.0031269,0.0031303,0.0031254,0.003126,0.0031253,0.0031225,0.0031218,0.0031182,0.0031135,0.0031117,0.0031117,0.0031057,0.0031081,0.0030983,0.0030924,0.003086,0.0030754,0.0030695,0.0030561,0.0030412,0.0030305,0.0030136,0.002995,0.0029654,0.0029435,0.0029026,0.0028624,0.0028113,0.0027479,0.0026797,0.0025925,0.0024885,0.0023555,0.0022124,0.0020396,0.0018455,0.0016207,0.0013648,0.0010784,0.00075597,0.00038343,-3.0314e-6,-0.00040852,-0.00084651,-0.0013139,-0.0018047,-0.0023224,-0.0028622,-0.0034697,-0.0038084,-0.0038084,-0.0038084],"unit":"A"},"J":{"value":[0.0003958125,0.0003957375,0.0003956375,0.0003951,0.0003953375,0.000395025,0.000395175,0.0003946,0.00039495,0.0003949625,0.000394475,0.00039465,0.0003944125,0.00039465,0.0003945375,0.000394675,0.0003940625,0.00039425,0.0003941125,0.0003941875,0.0003944,0.0003936875,0.000394025,0.0003937375,0.000393975,0.0003939,0.0003934125,0.0003935375,0.0003935625,0.0003934375,0.00039355,0.000393525,0.0003929625,0.0003934,0.0003926375,0.0003929875,0.000393025,0.0003929125,0.0003932375,0.0003926625,0.0003928125,0.000392,0.00039215,0.000391875,0.0003915375,0.0003917625,0.0003914,0.0003915875,0.0003908625,0.0003912875,0.000390675,0.00039075,0.0003906625,0.0003903125,0.000390225,0.000389775,0.0003891875,0.0003889625,0.0003889625,0.0003882125,0.0003885125,0.0003872875,0.00038655,0.00038575,0.000384425,0.0003836875,0.0003820125,0.00038015,0.0003788125,0.0003767,0.000374375,0.000370675,0.0003679375,0.000362825,0.0003578,0.0003514125,0.0003434875,0.0003349625,0.0003240625,0.0003110625,0.0002944375,0.00027655,0.00025495,0.0002306875,0.0002025875,0.0001706,0.0001348,9.449625e-5,4.792875e-5,-3.78925e-7,-5.1065e-5,-0.00010581375,-0.0001642375,-0.0002255875,-0.0002903,-0.000357775,-0.0004337125,-0.00047605,-0.00047605,-0.00047605],"unit":"A\/cm2"},"voc":{"unit":"V","value":1.0689},"isc":{"unit":"A","value":0.0031585},"jsc":{"unit":"mA\/cm2","value":25.268},"fill_factor":{"unit":"%","value":73.93},"pmax":{"unit":"mW","value":2.496},"vmax":{"unit":"V","value":0.872},"imax":{"unit":"mA","value":2.862},"rshunt":{"unit":"ohms","value":12900},"voc_slope":{"unit":"ohms","value":34.2},"efficiency":{"unit":"%","value":19.97},"monitor_cell_reading":{"unit":"mV","value":0},"monitor_cell_calibration_value":{"unit":"mV","value":0},"test_device_area":{"unit":"cm2","value":0.125},"num_of_series_connected_stacks":{"unit":"","value":1},"meter_integration":{"unit":"NPLC","value":1},"source_irradiance":{"unit":"mW\/cm2","value":100},"voltage_settling_time":{"unit":"ms","value":100},"sweep_direction":{"unit":"","value":"Forward"},"irradiance_variation_correction":{"unit":"","value":"None"},"device_id":{"unit":"","value":"R185-2-5-F"},"cell_dimension":{"unit":"cm2","value":0.125},"key":"Forward_IV R185-2-5"},{"V":{"value":[-0.1,-0.087,-0.074,-0.061,-0.047,-0.034,-0.021,-0.008,0.005,0.018,0.031,0.044,0.058,0.071,0.084,0.097,0.11,0.123,0.136,0.149,0.163,0.176,0.189,0.202,0.215,0.228,0.241,0.255,0.268,0.281,0.294,0.307,0.32,0.333,0.346,0.36,0.373,0.386,0.399,0.412,0.425,0.438,0.452,0.465,0.478,0.491,0.504,0.517,0.53,0.543,0.557,0.57,0.583,0.596,0.609,0.622,0.635,0.648,0.662,0.675,0.688,0.701,0.714,0.727,0.74,0.754,0.767,0.78,0.793,0.806,0.819,0.832,0.845,0.859,0.872,0.885,0.898,0.911,0.924,0.937,0.951,0.964,0.977,0.99,1.003,1.016,1.029,1.042,1.056,1.069,1.082,1.095,1.108,1.121,1.134,1.147,1.161,1.174,1.187,1.2],"unit":"V"},"I":{"value":[0.0031025,0.003098,0.0030932,0.003095,0.0030906,0.0030906,0.0030911,0.0030899,0.0030901,0.0030866,0.0030881,0.003084,0.0030856,0.0030864,0.0030878,0.0030878,0.0030841,0.0030845,0.0030829,0.0030865,0.0030828,0.0030825,0.0030825,0.0030781,0.0030796,0.0030794,0.0030773,0.0030766,0.0030789,0.0030781,0.0030799,0.0030806,0.0030772,0.0030816,0.0030778,0.0030765,0.003075,0.0030748,0.0030745,0.0030704,0.0030746,0.0030707,0.0030713,0.0030693,0.0030723,0.0030675,0.0030694,0.0030664,0.0030648,0.0030651,0.0030618,0.0030637,0.0030593,0.0030601,0.0030521,0.0030505,0.0030481,0.0030464,0.0030468,0.00304,0.0030388,0.0030279,0.0030258,0.0030148,0.0030067,0.0029945,0.0029821,0.0029721,0.0029565,0.0029402,0.002914,0.0028908,0.0028586,0.0028204,0.002773,0.0027144,0.0026491,0.0025681,0.0024709,0.002353,0.0022054,0.0020383,0.0018462,0.0016273,0.0013755,0.0010924,0.00077673,0.00043486,2.8896e-5,-0.00037558,-0.00080434,-0.0012635,-0.0017453,-0.0022509,-0.0027781,-0.0033251,-0.0037313,-0.0037314,-0.0037314,-0.0037314],"unit":"A"},"J":{"value":[0.0003878125,0.00038725,0.00038665,0.000386875,0.000386325,0.000386325,0.0003863875,0.0003862375,0.0003862625,0.000385825,0.0003860125,0.0003855,0.0003857,0.0003858,0.000385975,0.000385975,0.0003855125,0.0003855625,0.0003853625,0.0003858125,0.00038535,0.0003853125,0.0003853125,0.0003847625,0.00038495,0.000384925,0.0003846625,0.000384575,0.0003848625,0.0003847625,0.0003849875,0.000385075,0.00038465,0.0003852,0.000384725,0.0003845625,0.000384375,0.00038435,0.0003843125,0.0003838,0.000384325,0.0003838375,0.0003839125,0.0003836625,0.0003840375,0.0003834375,0.000383675,0.0003833,0.0003831,0.0003831375,0.000382725,0.0003829625,0.0003824125,0.0003825125,0.0003815125,0.0003813125,0.0003810125,0.0003808,0.00038085,0.00038,0.00037985,0.0003784875,0.000378225,0.00037685,0.0003758375,0.0003743125,0.0003727625,0.0003715125,0.0003695625,0.000367525,0.00036425,0.00036135,0.000357325,0.00035255,0.000346625,0.0003393,0.0003311375,0.0003210125,0.0003088625,0.000294125,0.000275675,0.0002547875,0.000230775,0.0002034125,0.0001719375,0.00013655,9.709125e-5,5.43575e-5,3.612e-6,-4.69475e-5,-0.0001005425,-0.0001579375,-0.0002181625,-0.0002813625,-0.0003472625,-0.0004156375,-0.0004664125,-0.000466425,-0.000466425,-0.000466425],"unit":"A\/cm2"},"voc":{"unit":"V","value":1.0569},"isc":{"unit":"A","value":0.00309},"jsc":{"unit":"mA\/cm2","value":24.72},"fill_factor":{"unit":"%","value":74.18},"pmax":{"unit":"mW","value":2.423},"vmax":{"unit":"V","value":0.859},"imax":{"unit":"mA","value":2.82},"rshunt":{"unit":"ohms","value":11400},"voc_slope":{"unit":"ohms","value":34.7},"efficiency":{"unit":"%","value":19.38},"monitor_cell_reading":{"unit":"mV","value":0},"monitor_cell_calibration_value":{"unit":"mV","value":0},"test_device_area":{"unit":"cm2","value":0.125},"num_of_series_connected_stacks":{"unit":"","value":1},"meter_integration":{"unit":"NPLC","value":1},"source_irradiance":{"unit":"mW\/cm2","value":100},"voltage_settling_time":{"unit":"ms","value":100},"sweep_direction":{"unit":"","value":"Forward"},"irradiance_variation_correction":{"unit":"","value":"None"},"device_id":{"unit":"","value":"R185-2-2-F"},"cell_dimension":{"unit":"cm2","value":0.125},"key":"Forward_IV R185-2-2"},{"V":{"value":[-0.1,-0.087,-0.074,-0.061,-0.047,-0.034,-0.021,-0.008,0.005,0.018,0.031,0.044,0.058,0.071,0.084,0.097,0.11,0.123,0.136,0.149,0.163,0.176,0.189,0.202,0.215,0.228,0.241,0.255,0.268,0.281,0.294,0.307,0.32,0.333,0.346,0.36,0.373,0.386,0.399,0.412,0.425,0.438,0.452,0.465,0.478,0.491,0.504,0.517,0.53,0.543,0.557,0.57,0.583,0.596,0.609,0.622,0.635,0.648,0.662,0.675,0.688,0.701,0.714,0.727,0.74,0.754,0.767,0.78,0.793,0.806,0.819,0.832,0.845,0.859,0.872,0.885,0.898,0.911,0.924,0.937,0.951,0.964,0.977,0.99,1.003,1.016,1.029,1.042,1.056,1.069,1.082,1.095,1.108,1.121,1.134,1.147,1.161,1.174,1.187,1.2],"unit":"V"},"I":{"value":[0.0030326,0.0030319,0.0030265,0.0030269,0.0030282,0.0030246,0.0030268,0.003024,0.0030226,0.0030206,0.0030177,0.0030203,0.0030194,0.003021,0.0030191,0.0030194,0.0030168,0.0030176,0.0030174,0.0030176,0.0030177,0.0030155,0.0030171,0.003012,0.003014,0.0030126,0.0030132,0.0030117,0.0030101,0.0030133,0.00301,0.0030087,0.0030089,0.0030118,0.0030061,0.0030105,0.0030088,0.0030051,0.003006,0.0030037,0.0030014,0.003002,0.0030056,0.0030019,0.0030041,0.003001,0.0030024,0.0030003,0.0029977,0.0030014,0.0029951,0.0029959,0.0029898,0.0029907,0.0029885,0.0029875,0.0029869,0.0029801,0.0029759,0.0029725,0.0029686,0.0029629,0.0029584,0.0029508,0.0029459,0.0029362,0.0029232,0.0029118,0.0028963,0.0028791,0.0028592,0.0028336,0.0028069,0.0027684,0.0027305,0.002682,0.0026261,0.0025584,0.0024798,0.0023863,0.0022686,0.0021408,0.0019892,0.0018182,0.0016207,0.0014015,0.0011562,0.00088283,0.00056569,0.00024301,-0.00010324,-0.00048836,-0.00087856,-0.0012705,-0.0017103,-0.0021406,-0.0026377,-0.0031152,-0.0036062,-0.0036555],"unit":"A"},"J":{"value":[0.000379075,0.0003789875,0.0003783125,0.0003783625,0.000378525,0.000378075,0.00037835,0.000378,0.000377825,0.000377575,0.0003772125,0.0003775375,0.000377425,0.000377625,0.0003773875,0.000377425,0.0003771,0.0003772,0.000377175,0.0003772,0.0003772125,0.0003769375,0.0003771375,0.0003765,0.00037675,0.000376575,0.00037665,0.0003764625,0.0003762625,0.0003766625,0.00037625,0.0003760875,0.0003761125,0.000376475,0.0003757625,0.0003763125,0.0003761,0.0003756375,0.00037575,0.0003754625,0.000375175,0.00037525,0.0003757,0.0003752375,0.0003755125,0.000375125,0.0003753,0.0003750375,0.0003747125,0.000375175,0.0003743875,0.0003744875,0.000373725,0.0003738375,0.0003735625,0.0003734375,0.0003733625,0.0003725125,0.0003719875,0.0003715625,0.000371075,0.0003703625,0.0003698,0.00036885,0.0003682375,0.000367025,0.0003654,0.000363975,0.0003620375,0.0003598875,0.0003574,0.0003542,0.0003508625,0.00034605,0.0003413125,0.00033525,0.0003282625,0.0003198,0.000309975,0.0002982875,0.000283575,0.0002676,0.00024865,0.000227275,0.0002025875,0.0001751875,0.000144525,0.00011035375,7.071125e-5,3.037625e-5,-1.2905e-5,-6.1045e-5,-0.00010982,-0.0001588125,-0.0002137875,-0.000267575,-0.0003297125,-0.0003894,-0.000450775,-0.0004569375],"unit":"A\/cm2"},"voc":{"unit":"V","value":1.0781},"isc":{"unit":"A","value":0.0030231},"jsc":{"unit":"mA\/cm2","value":24.185},"fill_factor":{"unit":"%","value":73.05},"pmax":{"unit":"mW","value":2.381},"vmax":{"unit":"V","value":0.872},"imax":{"unit":"mA","value":2.73},"rshunt":{"unit":"ohms","value":10200},"voc_slope":{"unit":"ohms","value":37.3},"efficiency":{"unit":"%","value":19.05},"monitor_cell_reading":{"unit":"mV","value":0},"monitor_cell_calibration_value":{"unit":"mV","value":0},"test_device_area":{"unit":"cm2","value":0.125},"num_of_series_connected_stacks":{"unit":"","value":1},"meter_integration":{"unit":"NPLC","value":1},"source_irradiance":{"unit":"mW\/cm2","value":100},"voltage_settling_time":{"unit":"ms","value":100},"sweep_direction":{"unit":"","value":"Forward"},"irradiance_variation_correction":{"unit":"","value":"None"},"device_id":{"unit":"","value":"R185-1-4-F"},"cell_dimension":{"unit":"cm2","value":0.125},"key":"Forward_IV R185-1-4"},{"V":{"value":[-0.1,-0.087,-0.074,-0.061,-0.047,-0.034,-0.021,-0.008,0.005,0.018,0.031,0.044,0.058,0.071,0.084,0.097,0.11,0.123,0.136,0.149,0.163,0.176,0.189,0.202,0.215,0.228,0.241,0.255,0.268,0.281,0.294,0.307,0.32,0.333,0.346,0.36,0.373,0.386,0.399,0.412,0.425,0.438,0.452,0.465,0.478,0.491,0.504,0.517,0.53,0.543,0.557,0.57,0.583,0.596,0.609,0.622,0.635,0.648,0.662,0.675,0.688,0.701,0.714,0.727,0.74,0.754,0.767,0.78,0.793,0.806,0.819,0.832,0.845,0.859,0.872,0.885,0.898,0.911,0.924,0.937,0.951,0.964,0.977,0.99,1.003,1.016,1.029,1.042,1.056,1.069,1.082,1.095,1.108,1.121,1.134,1.147,1.161,1.174,1.187,1.2],"unit":"V"},"I":{"value":[0.0031026,0.0030982,0.0030966,0.0030939,0.0030932,0.0030923,0.0030909,0.0030927,0.0030933,0.0030923,0.0030957,0.0030926,0.003095,0.0030923,0.0030898,0.0030871,0.003088,0.003084,0.0030852,0.0030854,0.0030846,0.0030866,0.003086,0.0030845,0.0030807,0.0030823,0.0030827,0.0030819,0.0030827,0.0030818,0.0030814,0.0030829,0.0030815,0.0030818,0.0030797,0.0030773,0.0030787,0.0030775,0.0030759,0.0030807,0.0030753,0.0030735,0.003074,0.0030712,0.0030726,0.0030711,0.0030707,0.0030686,0.0030704,0.003067,0.003067,0.0030649,0.0030666,0.0030636,0.0030617,0.0030621,0.0030563,0.0030561,0.003052,0.0030478,0.0030437,0.0030394,0.0030372,0.0030315,0.0030252,0.0030151,0.0030079,0.0029955,0.0029855,0.0029709,0.0029585,0.0029354,0.002908,0.0028816,0.002844,0.0028046,0.0027544,0.0026929,0.0026218,0.002536,0.0024253,0.0022983,0.0021463,0.001972,0.0017481,0.0015233,0.0012472,0.00093693,0.00056286,0.00017125,-0.00025332,-0.00071787,-0.0012127,-0.0017399,-0.0023007,-0.002892,-0.003561,-0.0037374,-0.0037374,-0.0037374],"unit":"A"},"J":{"value":[0.000387825,0.000387275,0.000387075,0.0003867375,0.00038665,0.0003865375,0.0003863625,0.0003865875,0.0003866625,0.0003865375,0.0003869625,0.000386575,0.000386875,0.0003865375,0.000386225,0.0003858875,0.000386,0.0003855,0.00038565,0.000385675,0.000385575,0.000385825,0.00038575,0.0003855625,0.0003850875,0.0003852875,0.0003853375,0.0003852375,0.0003853375,0.000385225,0.000385175,0.0003853625,0.0003851875,0.000385225,0.0003849625,0.0003846625,0.0003848375,0.0003846875,0.0003844875,0.0003850875,0.0003844125,0.0003841875,0.00038425,0.0003839,0.000384075,0.0003838875,0.0003838375,0.000383575,0.0003838,0.000383375,0.000383375,0.0003831125,0.000383325,0.00038295,0.0003827125,0.0003827625,0.0003820375,0.0003820125,0.0003815,0.000380975,0.0003804625,0.000379925,0.00037965,0.0003789375,0.00037815,0.0003768875,0.0003759875,0.0003744375,0.0003731875,0.0003713625,0.0003698125,0.000366925,0.0003635,0.0003602,0.0003555,0.000350575,0.0003443,0.0003366125,0.000327725,0.000317,0.0003031625,0.0002872875,0.0002682875,0.0002465,0.0002185125,0.0001904125,0.0001559,0.00011711625,7.03575e-5,2.140625e-5,-3.1665e-5,-8.973375e-5,-0.0001515875,-0.0002174875,-0.0002875875,-0.0003615,-0.000445125,-0.000467175,-0.000467175,-0.000467175],"unit":"A\/cm2"},"voc":{"unit":"V","value":1.0742},"isc":{"unit":"A","value":0.0030931},"jsc":{"unit":"mA\/cm2","value":24.745},"fill_factor":{"unit":"%","value":74.7},"pmax":{"unit":"mW","value":2.482},"vmax":{"unit":"V","value":0.885},"imax":{"unit":"mA","value":2.805},"rshunt":{"unit":"ohms","value":-10200},"voc_slope":{"unit":"ohms","value":33.4},"efficiency":{"unit":"%","value":19.86},"monitor_cell_reading":{"unit":"mV","value":0},"monitor_cell_calibration_value":{"unit":"mV","value":0},"test_device_area":{"unit":"cm2","value":0.125},"num_of_series_connected_stacks":{"unit":"","value":1},"meter_integration":{"unit":"NPLC","value":1},"source_irradiance":{"unit":"mW\/cm2","value":100},"voltage_settling_time":{"unit":"ms","value":100},"sweep_direction":{"unit":"","value":"Forward"},"irradiance_variation_correction":{"unit":"","value":"None"},"device_id":{"unit":"","value":"R185-1-3-F"},"cell_dimension":{"unit":"cm2","value":0.125},"key":"Forward_IV R185-1-3"}]}}