{"_id":"66e502016fcabb088225ff22","id":"SKKU-SC-00506","author":94,"group":11,"input":[{"tco":{"unit":"","value":"ITO"}},{"surface_treatment":{"unit":"","value":"O-Plasma"}},{"htl":[{"material":{"unit":"","value":"2PACz"},"concentration":{"unit":"","value":"0.3"},"conc_unit":{"unit":"","value":"mg\/ml"},"quantity":{"unit":"ml","value":"0.2"}}],"spin_coating":[{"type":{"unit":"","value":"Static (loading)"},"rpm":{"unit":"","value":"3000"},"time":{"unit":"s","value":"30"}}],"annealing":[{"temperature":{"unit":"oC","value":"100"},"time":{"unit":"m","value":"10"}}],"condition":{"unit":"","value":"glove-box(N2)"}},{"condition":{"unit":"","value":"glove-box(N2)"},"perovskite":{"method":{"unit":"","value":"1step"},"molarity":{"unit":"M","value":"1.3M"},"a_site":[{"material":{"unit":"","value":"FA"},"ratio":{"unit":"%","value":"91"}},{"material":{"unit":"","value":"Cs"},"ratio":{"unit":"%","value":"9"}}],"b_site":[{"material":{"unit":"","value":"Pb"},"ratio":{"unit":"%","value":"100"}}],"x_site":[{"material":{"unit":"","value":"I"},"ratio":{"unit":"%","value":"76.666666666666666666666666666667"}},{"material":{"unit":"","value":"Br"},"ratio":{"unit":"%","value":"23.333333333333333333333333333333"}}],"solvent":[{"material":{"unit":"","value":"DMF"},"volume":{"unit":"ml","value":"4"}},{"material":{"unit":"","value":"DMSO"},"volume":{"unit":"ml","value":"1"}}],"antisolvent":[{"material":{"unit":"","value":"CB"},"quantity":{"unit":"ul","value":"300"},"dripping_time":{"unit":"s","value":"5"}}],"annealing":[{"temperature":{"unit":"oC","value":"100"},"time":{"unit":"m","value":"10"}}],"spin_coating":[{"type":{"unit":"","value":"Static (loading)"},"rpm":{"unit":"","value":"1000"},"time":{"unit":"s","value":"10"}},{"type":{"unit":"","value":"Static (loading)"},"rpm":{"unit":"","value":"5000"},"time":{"unit":"s","value":"30"}}],"atmosphere":[{"type":{"unit":"","value":"glove-box(N2)"},"temperature":{"unit":"oC","value":"23"},"humidity":{"unit":"RH%","value":"0"}}]}},{"perovskite_treatment":[{"material":{"unit":"","value":"HABr"},"concentration":{"unit":"","value":"1"},"conc_unit":{"unit":"","value":"mg\/ml"},"quantity":{"unit":"ml","value":"65"}},{"material":{"unit":"","value":"MABr"},"concentration":{"unit":"","value":"0.1"},"conc_unit":{"unit":"","value":"mg\/ml"},"quantity":{"unit":"ml","value":"65"}}],"spin_coating":[{"type":{"unit":"","value":"Dynamic"},"rpm":{"unit":"","value":"5000"},"time":{"unit":"s","value":"34"}}],"solvent":[{"material":{"unit":"","value":"DMF"},"volume":{"unit":"ml","value":"0.005"}},{"material":{"unit":"","value":"IPA"},"volume":{"unit":"ml","value":"1"}}],"annealing":[{"temperature":{"unit":"oC","value":"100"},"time":{"unit":"m","value":"5"}}]},{"etl":[{"material":{"unit":"","value":"C60"},"concentration":{"unit":"","value":"None"},"conc_unit":{"unit":"","value":"None"},"quantity":{"unit":"ml","value":"None"}}],"thermal_evaporation":[{"vacuum_evaporation_thickness":{"unit":"nm","value":"25"},"evaporation_rate":{"unit":"\u00c5\/s","value":"0.2"},"vacuum_pressure":{"unit":"uTorr","value":"2"}}]},{"blocking_buffer_layer":[{"material":{"unit":"","value":"BCP"},"concentration":{"unit":"","value":"None"},"conc_unit":{"unit":"","value":"mg\/ml"},"quantity":{"unit":"ml","value":"None"}}],"thermal_evaporation":[{"vacuum_evaporation_thickness":{"unit":"nm","value":"8"},"evaporation_rate":{"unit":"\u00c5\/s","value":"0.2"},"vacuum_pressure":{"unit":"uTorr","value":"2"}}]},{"anode_metal":{"unit":"","value":"Ag"}},{"type":{"unit":"","value":"unit_cell"},"temperature":{"unit":"\u2103","value":"20"},"device_type":{"unit":"","value":"p-i-n"},"humidity":{"unit":"%","value":"20"},"cell_dimension":{"unit":"cm2","value":"0.09"}},{"note":{"unit":"","value":"quasi-2d passivation material test"}}],"fileinfo":[{"key":"Reverse_IV HA-MABr-2-5","uploadType":"JV","original_name":"IV HA-MABr-2-5-R.txt","save_name":"SKKU-SC-00506\/Reverse_IV HA-MABr-2-5","uploader":94,"fileType":""},{"key":"Forward_IV HA-MABr-1-1","uploadType":"JV","original_name":"IV HA-MABr-1-1-F.txt","save_name":"SKKU-SC-00506\/Forward_IV HA-MABr-1-1","uploader":94,"fileType":""},{"key":"Reverse_IV HA-MABr-1-1","uploadType":"JV","original_name":"IV HA-MABr-1-1-R.txt","save_name":"SKKU-SC-00506\/Reverse_IV HA-MABr-1-1","uploader":94,"fileType":""},{"key":"Forward_IV HA-MABr-1-4","uploadType":"JV","original_name":"IV HA-MABr-1-4-F.txt","save_name":"SKKU-SC-00506\/Forward_IV HA-MABr-1-4","uploader":94,"fileType":""},{"key":"Reverse_IV HA-MABr-1-4","uploadType":"JV","original_name":"IV HA-MABr-1-4-R.txt","save_name":"SKKU-SC-00506\/Reverse_IV HA-MABr-1-4","uploader":94,"fileType":""},{"key":"Forward_IV HA-MABr-1-5","uploadType":"JV","original_name":"IV HA-MABr-1-5-F.txt","save_name":"SKKU-SC-00506\/Forward_IV HA-MABr-1-5","uploader":94,"fileType":""},{"key":"Reverse_IV HA-MABr-1-5","uploadType":"JV","original_name":"IV HA-MABr-1-5-R.txt","save_name":"SKKU-SC-00506\/Reverse_IV HA-MABr-1-5","uploader":94,"fileType":""},{"key":"Forward_IV HA-MABr-2-1","uploadType":"JV","original_name":"IV HA-MABr-2-1-F.txt","save_name":"SKKU-SC-00506\/Forward_IV HA-MABr-2-1","uploader":94,"fileType":""},{"key":"Reverse_IV HA-MABr-2-1","uploadType":"JV","original_name":"IV HA-MABr-2-1-R.txt","save_name":"SKKU-SC-00506\/Reverse_IV HA-MABr-2-1","uploader":94,"fileType":""},{"key":"Forward_IV HA-MABr-2-4","uploadType":"JV","original_name":"IV HA-MABr-2-4-F.txt","save_name":"SKKU-SC-00506\/Forward_IV HA-MABr-2-4","uploader":94,"fileType":""},{"key":"Reverse_IV HA-MABr-2-4","uploadType":"JV","original_name":"IV HA-MABr-2-4-R.txt","save_name":"SKKU-SC-00506\/Reverse_IV HA-MABr-2-4","uploader":94,"fileType":""},{"key":"Forward_IV HA-MABr-2-5","uploadType":"JV","original_name":"IV HA-MABr-2-5-F.txt","save_name":"SKKU-SC-00506\/Forward_IV HA-MABr-2-5","uploader":94,"fileType":""}],"jvcnt":12,"analysisInfo":{"JV":[{"efficiency":17.720528,"fill_factor":78.481538,"jsc":20.031895,"voc":1.127164,"key":"Reverse_IV HA-MABr-2-5","cell_dimension":0.09},{"efficiency":14.832378,"fill_factor":66.919621,"jsc":19.919359,"voc":1.11271,"key":"Reverse_IV HA-MABr-2-4","cell_dimension":0.09},{"efficiency":16.331721,"fill_factor":80.301372,"jsc":17.899094,"voc":1.136261,"key":"Reverse_IV HA-MABr-2-1","cell_dimension":0.09},{"efficiency":17.923123,"fill_factor":79.441696,"jsc":20.016523,"voc":1.127137,"key":"Reverse_IV HA-MABr-1-5","cell_dimension":0.09},{"efficiency":17.907845,"fill_factor":79.125741,"jsc":19.988557,"voc":1.132255,"key":"Reverse_IV HA-MABr-1-4","cell_dimension":0.09},{"efficiency":18.409496,"fill_factor":62.300687,"jsc":25.976695,"voc":1.137536,"key":"Reverse_IV HA-MABr-1-1","cell_dimension":0.09},{"efficiency":18.106763,"fill_factor":79.044997,"jsc":20.042482,"voc":1.142918,"key":"Forward_IV HA-MABr-2-5","cell_dimension":0.09},{"efficiency":16.806421,"fill_factor":74.731403,"jsc":19.861565,"voc":1.132293,"key":"Forward_IV HA-MABr-2-4","cell_dimension":0.09},{"efficiency":15.38281,"fill_factor":77.839183,"jsc":17.418859,"voc":1.134535,"key":"Forward_IV HA-MABr-2-1","cell_dimension":0.09},{"efficiency":18.041601,"fill_factor":78.769417,"jsc":20.062163,"voc":1.141668,"key":"Forward_IV HA-MABr-1-5","cell_dimension":0.09},{"efficiency":17.73491,"fill_factor":78.177821,"jsc":19.991663,"voc":1.13474,"key":"Forward_IV HA-MABr-1-4","cell_dimension":0.09},{"efficiency":17.952653,"fill_factor":60.703115,"jsc":25.884567,"voc":1.142554,"key":"Forward_IV HA-MABr-1-1","cell_dimension":0.09}]},"tags":[],"updated_at":"2024-10-24 09:04:04","created_at":"2024-09-14 03:24:49","public":2,"analysis":{"JV":[{"V":{"value":[1.2,1.1879,1.1758,1.1637,1.1516,1.1395,1.1274,1.1153,1.1032,1.0911,1.079,1.0669,1.0548,1.0427,1.0306,1.0185,1.0064,0.9943,0.9822,0.9701,0.958,0.9459,0.9338,0.9217,0.9096,0.8975,0.8854,0.8733,0.8612,0.8491,0.837,0.8249,0.8128,0.8007,0.7886,0.7765,0.7644,0.7523,0.7402,0.7281,0.716,0.7039,0.6918,0.6797,0.6676,0.6555,0.6434,0.6313,0.6192,0.6071,0.595,0.5829,0.5708,0.5587,0.5466,0.5345,0.5224,0.5103,0.4982,0.4861,0.474,0.4619,0.4498,0.4377,0.4256,0.4135,0.4014,0.3893,0.3772,0.3651,0.353,0.3409,0.3288,0.3167,0.3046,0.2925,0.2804,0.2683,0.2562,0.2441,0.232,0.2199,0.2078,0.1957,0.1836,0.1715,0.1594,0.1473,0.1352,0.1231,0.111,0.0989,0.0868,0.0747,0.0626,0.0505,0.0384,0.0263,0.0142,0.0021],"unit":"V"},"I":{"value":[-0.003168,-0.002545,-0.001959,-0.001417,-0.000923,-0.000477,-8.5e-5,0.000256,0.00055,0.000793,0.000992,0.001147,0.001274,0.001373,0.00145,0.001511,0.001555,0.001592,0.001623,0.001644,0.001662,0.001679,0.001692,0.001701,0.001712,0.001722,0.001726,0.001732,0.001737,0.001741,0.001746,0.001751,0.001751,0.001755,0.001757,0.001757,0.001763,0.001764,0.001765,0.001766,0.00177,0.001769,0.001771,0.001773,0.001775,0.001776,0.001777,0.001779,0.00178,0.00178,0.001782,0.001782,0.001782,0.001785,0.001785,0.001784,0.001785,0.001785,0.001787,0.001789,0.001789,0.001788,0.001789,0.001791,0.00179,0.001792,0.001794,0.001793,0.001792,0.001793,0.001793,0.001794,0.001794,0.001794,0.001795,0.001797,0.001797,0.001797,0.001797,0.001798,0.001799,0.001798,0.001797,0.001798,0.001799,0.001798,0.001799,0.001799,0.001799,0.001797,0.001798,0.001798,0.001801,0.001802,0.001801,0.001801,0.001801,0.001803,0.001802,0.001803],"unit":"A"},"J":{"value":[-0.00028512,-0.00022904999999999998,-0.00017630999999999997,-0.00012753,-8.307e-5,-4.293e-5,-7.65e-6,2.304e-5,4.9500000000000004e-5,7.136999999999999e-5,8.928e-5,0.00010323,0.00011465999999999999,0.00012357,0.00013049999999999997,0.00013599,0.00013995,0.00014328,0.00014607000000000002,0.00014796,0.00014958,0.00015110999999999998,0.00015228,0.00015308999999999999,0.00015408,0.00015497999999999998,0.00015534000000000001,0.00015588,0.00015633,0.00015669,0.00015713999999999998,0.00015759,0.00015759,0.00015795,0.00015813,0.00015813,0.00015867,0.00015875999999999998,0.00015885,0.00015894,0.0001593,0.00015921,0.00015939,0.00015957,0.00015975,0.00015984,0.00015993,0.00016010999999999998,0.0001602,0.0001602,0.00016037999999999998,0.00016037999999999998,0.00016037999999999998,0.00016064999999999997,0.00016064999999999997,0.00016056,0.00016064999999999997,0.00016064999999999997,0.00016083,0.00016101,0.00016101,0.00016092,0.00016101,0.00016119,0.00016109999999999999,0.00016128,0.00016146,0.00016137,0.00016128,0.00016137,0.00016137,0.00016146,0.00016146,0.00016146,0.00016155,0.00016172999999999998,0.00016172999999999998,0.00016172999999999998,0.00016172999999999998,0.00016182,0.00016191,0.00016182,0.00016172999999999998,0.00016182,0.00016191,0.00016182,0.00016191,0.00016191,0.00016191,0.00016172999999999998,0.00016182,0.00016182,0.00016209,0.00016218,0.00016209,0.00016209,0.00016209,0.00016226999999999998,0.00016218,0.00016226999999999998],"unit":"A\/cm2"},"voc":{"unit":"V","value":1.127164},"isc":{"unit":"A","value":1.802871},"jsc":{"unit":"mA\/cm2","value":20.031895},"fill_factor":{"unit":"%","value":78.481538},"vmax":{"unit":"V","value":0.9701},"efficiency":{"unit":"%","value":17.720528},"monitor_cell_reading":{"unit":"mV","value":0},"monitor_cell_calibration_value":{"unit":"mV","value":0},"test_device_area":{"unit":"cm2","value":0.09},"num_of_series_connected_stacks":{"unit":"","value":1},"sweep_direction":{"unit":"","value":"Reverse"},"device_id":{"unit":"","value":"HA-MABr-2-5-R"},"cell_dimension":{"unit":"cm2","value":0.09},"key":"Reverse_IV HA-MABr-2-5"},{"V":{"value":[1.2,1.1879,1.1758,1.1637,1.1516,1.1395,1.1274,1.1153,1.1032,1.0911,1.079,1.0669,1.0548,1.0427,1.0306,1.0185,1.0064,0.9943,0.9822,0.9701,0.958,0.9459,0.9338,0.9217,0.9096,0.8975,0.8854,0.8733,0.8612,0.8491,0.837,0.8249,0.8128,0.8007,0.7886,0.7765,0.7644,0.7523,0.7402,0.7281,0.716,0.7039,0.6918,0.6797,0.6676,0.6555,0.6434,0.6313,0.6192,0.6071,0.595,0.5829,0.5708,0.5587,0.5466,0.5345,0.5224,0.5103,0.4982,0.4861,0.474,0.4619,0.4498,0.4377,0.4256,0.4135,0.4014,0.3893,0.3772,0.3651,0.353,0.3409,0.3288,0.3167,0.3046,0.2925,0.2804,0.2683,0.2562,0.2441,0.232,0.2199,0.2078,0.1957,0.1836,0.1715,0.1594,0.1473,0.1352,0.1231,0.111,0.0989,0.0868,0.0747,0.0626,0.0505,0.0384,0.0263,0.0142,0.0021],"unit":"V"},"I":{"value":[-0.003754,-0.003114,-0.002504,-0.001943,-0.001431,-0.000973,-0.000567,-0.000214,8.6e-5,0.000339,0.00055,0.000724,0.000866,0.000981,0.001073,0.001152,0.001215,0.001268,0.001311,0.001346,0.001378,0.001405,0.00143,0.001448,0.001466,0.001482,0.001497,0.00151,0.001523,0.001532,0.001543,0.001552,0.001562,0.001572,0.00158,0.001588,0.001594,0.0016,0.001607,0.001612,0.001618,0.001625,0.001631,0.001634,0.00164,0.001646,0.001649,0.001653,0.001659,0.001664,0.001668,0.001674,0.001677,0.00168,0.001683,0.001686,0.001692,0.001695,0.001699,0.001705,0.001708,0.00171,0.001714,0.001716,0.001719,0.001722,0.001724,0.001728,0.001731,0.001733,0.001734,0.001741,0.001741,0.001746,0.001746,0.001749,0.001751,0.001753,0.001754,0.001757,0.001761,0.001763,0.001764,0.001767,0.001766,0.001769,0.001772,0.001774,0.001776,0.001776,0.00178,0.001779,0.001781,0.001785,0.001785,0.001787,0.001789,0.00179,0.001792,0.001793],"unit":"A"},"J":{"value":[-0.00033786,-0.00028026,-0.00022536,-0.00017487,-0.00012879,-8.757e-5,-5.103e-5,-1.926e-5,7.74e-6,3.0509999999999998e-5,4.9500000000000004e-5,6.516e-5,7.794e-5,8.829000000000001e-5,9.656999999999999e-5,0.00010368,0.00010934999999999999,0.00011412,0.00011799,0.00012114,0.00012402,0.00012644999999999998,0.0001287,0.00013032,0.00013194000000000001,0.00013338,0.00013473,0.0001359,0.00013707,0.00013788,0.00013887,0.00013968,0.00014057999999999999,0.00014148,0.0001422,0.00014292,0.00014345999999999999,0.000144,0.00014462999999999998,0.00014508,0.00014562,0.00014624999999999998,0.00014679,0.00014706,0.00014759999999999998,0.00014813999999999997,0.00014841,0.00014877,0.00014931,0.00014975999999999998,0.00015012,0.00015066,0.00015093,0.0001512,0.00015146999999999998,0.00015174,0.00015228,0.00015255,0.00015291,0.00015345,0.00015372,0.0001539,0.00015426,0.00015444,0.00015471,0.00015497999999999998,0.00015516,0.00015552,0.00015579,0.00015596999999999999,0.00015606,0.00015669,0.00015669,0.00015713999999999998,0.00015713999999999998,0.00015741,0.00015759,0.00015777,0.00015785999999999998,0.00015813,0.00015848999999999998,0.00015867,0.00015875999999999998,0.00015902999999999997,0.00015894,0.00015921,0.00015947999999999998,0.00015966,0.00015984,0.00015984,0.0001602,0.00016010999999999998,0.00016029,0.00016064999999999997,0.00016064999999999997,0.00016083,0.00016101,0.00016109999999999999,0.00016128,0.00016137],"unit":"A\/cm2"},"voc":{"unit":"V","value":1.11271},"isc":{"unit":"A","value":1.792742},"jsc":{"unit":"mA\/cm2","value":19.919359},"fill_factor":{"unit":"%","value":66.919621},"vmax":{"unit":"V","value":0.9338},"efficiency":{"unit":"%","value":14.832378},"monitor_cell_reading":{"unit":"mV","value":0},"monitor_cell_calibration_value":{"unit":"mV","value":0},"test_device_area":{"unit":"cm2","value":0.09},"num_of_series_connected_stacks":{"unit":"","value":1},"sweep_direction":{"unit":"","value":"Reverse"},"device_id":{"unit":"","value":"HA-MABr-2-4-R"},"cell_dimension":{"unit":"cm2","value":0.09},"key":"Reverse_IV HA-MABr-2-4"},{"V":{"value":[1.2,1.1879,1.1758,1.1637,1.1516,1.1395,1.1274,1.1153,1.1032,1.0911,1.079,1.0669,1.0548,1.0427,1.0306,1.0185,1.0064,0.9943,0.9822,0.9701,0.958,0.9459,0.9338,0.9217,0.9096,0.8975,0.8854,0.8733,0.8612,0.8491,0.837,0.8249,0.8128,0.8007,0.7886,0.7765,0.7644,0.7523,0.7402,0.7281,0.716,0.7039,0.6918,0.6797,0.6676,0.6555,0.6434,0.6313,0.6192,0.6071,0.595,0.5829,0.5708,0.5587,0.5466,0.5345,0.5224,0.5103,0.4982,0.4861,0.474,0.4619,0.4498,0.4377,0.4256,0.4135,0.4014,0.3893,0.3772,0.3651,0.353,0.3409,0.3288,0.3167,0.3046,0.2925,0.2804,0.2683,0.2562,0.2441,0.232,0.2199,0.2078,0.1957,0.1836,0.1715,0.1594,0.1473,0.1352,0.1231,0.111,0.0989,0.0868,0.0747,0.0626,0.0505,0.0384,0.0263,0.0142,0.0021],"unit":"V"},"I":{"value":[-0.002011,-0.001565,-0.001159,-0.000792,-0.000438,-0.000117,0.000172,0.00043,0.000654,0.000845,0.001003,0.001123,0.001229,0.001308,0.001369,0.001416,0.001451,0.001476,0.001496,0.001512,0.001525,0.00153,0.001539,0.001547,0.001552,0.001557,0.001562,0.001565,0.001568,0.001569,0.001573,0.001575,0.001578,0.00158,0.001581,0.001584,0.001586,0.001586,0.001586,0.001589,0.00159,0.00159,0.001591,0.00159,0.001593,0.001591,0.00159,0.001593,0.001594,0.001595,0.001594,0.001596,0.001596,0.001597,0.001599,0.001598,0.001598,0.001597,0.001601,0.0016,0.001601,0.001602,0.001601,0.001601,0.001603,0.001601,0.001602,0.001604,0.001603,0.001604,0.001604,0.001605,0.001605,0.001604,0.001605,0.001604,0.001605,0.001606,0.001606,0.001606,0.001606,0.001606,0.001608,0.001607,0.001608,0.00161,0.001608,0.001609,0.001609,0.00161,0.00161,0.001609,0.001609,0.001611,0.001609,0.00161,0.001609,0.00161,0.001611,0.001611],"unit":"A"},"J":{"value":[-0.00018099000000000001,-0.00014084999999999998,-0.00010431000000000001,-7.128e-5,-3.942e-5,-1.0529999999999999e-5,1.548e-5,3.87e-5,5.8859999999999995e-5,7.605e-5,9.027e-5,0.00010107,0.00011061,0.00011771999999999999,0.00012321,0.00012743999999999999,0.00013059,0.00013284,0.00013464,0.00013608,0.00013725,0.00013769999999999999,0.00013851,0.00013922999999999998,0.00013968,0.00014013,0.00014057999999999999,0.00014084999999999998,0.00014111999999999998,0.00014121,0.00014157,0.00014175,0.00014202,0.0001422,0.00014229,0.00014256,0.00014273999999999998,0.00014273999999999998,0.00014273999999999998,0.00014300999999999997,0.0001431,0.0001431,0.00014319,0.0001431,0.00014337,0.00014319,0.0001431,0.00014337,0.00014345999999999999,0.00014355,0.00014345999999999999,0.00014364,0.00014364,0.00014372999999999998,0.00014391,0.00014382,0.00014382,0.00014372999999999998,0.00014408999999999998,0.000144,0.00014408999999999998,0.00014418,0.00014408999999999998,0.00014408999999999998,0.00014427,0.00014408999999999998,0.00014418,0.00014435999999999998,0.00014427,0.00014435999999999998,0.00014435999999999998,0.00014445000000000001,0.00014445000000000001,0.00014435999999999998,0.00014445000000000001,0.00014435999999999998,0.00014445000000000001,0.00014454,0.00014454,0.00014454,0.00014454,0.00014454,0.00014472,0.00014462999999999998,0.00014472,0.0001449,0.00014472,0.00014481,0.00014481,0.0001449,0.0001449,0.00014481,0.00014481,0.00014499,0.00014481,0.0001449,0.00014481,0.0001449,0.00014499,0.00014499],"unit":"A\/cm2"},"voc":{"unit":"V","value":1.136261},"isc":{"unit":"A","value":1.610918},"jsc":{"unit":"mA\/cm2","value":17.899094},"fill_factor":{"unit":"%","value":80.301372},"vmax":{"unit":"V","value":0.9822},"efficiency":{"unit":"%","value":16.331721},"monitor_cell_reading":{"unit":"mV","value":0},"monitor_cell_calibration_value":{"unit":"mV","value":0},"test_device_area":{"unit":"cm2","value":0.09},"num_of_series_connected_stacks":{"unit":"","value":1},"sweep_direction":{"unit":"","value":"Reverse"},"device_id":{"unit":"","value":"HA-MABr-2-1-R"},"cell_dimension":{"unit":"cm2","value":0.09},"key":"Reverse_IV HA-MABr-2-1"},{"V":{"value":[1.2,1.1879,1.1758,1.1637,1.1516,1.1395,1.1274,1.1153,1.1032,1.0911,1.079,1.0669,1.0548,1.0427,1.0306,1.0185,1.0064,0.9943,0.9822,0.9701,0.958,0.9459,0.9338,0.9217,0.9096,0.8975,0.8854,0.8733,0.8612,0.8491,0.837,0.8249,0.8128,0.8007,0.7886,0.7765,0.7644,0.7523,0.7402,0.7281,0.716,0.7039,0.6918,0.6797,0.6676,0.6555,0.6434,0.6313,0.6192,0.6071,0.595,0.5829,0.5708,0.5587,0.5466,0.5345,0.5224,0.5103,0.4982,0.4861,0.474,0.4619,0.4498,0.4377,0.4256,0.4135,0.4014,0.3893,0.3772,0.3651,0.353,0.3409,0.3288,0.3167,0.3046,0.2925,0.2804,0.2683,0.2562,0.2441,0.232,0.2199,0.2078,0.1957,0.1836,0.1715,0.1594,0.1473,0.1352,0.1231,0.111,0.0989,0.0868,0.0747,0.0626,0.0505,0.0384,0.0263,0.0142,0.0021],"unit":"V"},"I":{"value":[-0.003218,-0.002586,-0.001988,-0.001438,-0.000936,-0.000483,-8.5e-5,0.000259,0.000557,0.000804,0.001006,0.001159,0.001288,0.001388,0.001468,0.001528,0.001576,0.001612,0.001642,0.001661,0.001683,0.0017,0.00171,0.001721,0.001731,0.001738,0.001744,0.001752,0.001754,0.001758,0.001761,0.001763,0.001767,0.00177,0.001771,0.001772,0.001776,0.001777,0.001778,0.001779,0.001782,0.001783,0.001783,0.001785,0.001783,0.001787,0.001789,0.001788,0.001788,0.001788,0.001789,0.001791,0.001789,0.001791,0.001792,0.001791,0.00179,0.001791,0.001789,0.001792,0.001793,0.001793,0.001795,0.001795,0.001795,0.001793,0.001796,0.001794,0.001794,0.001795,0.001795,0.001795,0.001796,0.001795,0.001796,0.001794,0.001796,0.001798,0.001797,0.001797,0.001797,0.001799,0.001798,0.001798,0.0018,0.001799,0.0018,0.001799,0.001801,0.001798,0.001799,0.001801,0.0018,0.001799,0.0018,0.001802,0.0018,0.001803,0.001801,0.001801],"unit":"A"},"J":{"value":[-0.00028962,-0.00023274,-0.00017892,-0.00012942,-8.423999999999999e-5,-4.3469999999999995e-5,-7.65e-6,2.331e-5,5.0129999999999996e-5,7.236e-5,9.054e-5,0.00010431000000000001,0.00011592,0.00012492,0.00013211999999999998,0.00013752,0.00014183999999999998,0.00014508,0.00014778,0.00014948999999999998,0.00015146999999999998,0.00015299999999999998,0.0001539,0.00015489,0.00015579,0.00015642,0.00015696000000000002,0.00015768,0.00015785999999999998,0.00015821999999999999,0.00015848999999999998,0.00015867,0.00015902999999999997,0.0001593,0.00015939,0.00015947999999999998,0.00015984,0.00015993,0.00016002,0.00016010999999999998,0.00016037999999999998,0.00016047000000000001,0.00016047000000000001,0.00016064999999999997,0.00016047000000000001,0.00016083,0.00016101,0.00016092,0.00016092,0.00016092,0.00016101,0.00016119,0.00016101,0.00016119,0.00016128,0.00016119,0.00016109999999999999,0.00016119,0.00016101,0.00016128,0.00016137,0.00016137,0.00016155,0.00016155,0.00016155,0.00016137,0.00016164,0.00016146,0.00016146,0.00016155,0.00016155,0.00016155,0.00016164,0.00016155,0.00016164,0.00016146,0.00016164,0.00016182,0.00016172999999999998,0.00016172999999999998,0.00016172999999999998,0.00016191,0.00016182,0.00016182,0.00016199999999999998,0.00016191,0.00016199999999999998,0.00016191,0.00016209,0.00016182,0.00016191,0.00016209,0.00016199999999999998,0.00016191,0.00016199999999999998,0.00016218,0.00016199999999999998,0.00016226999999999998,0.00016209,0.00016209],"unit":"A\/cm2"},"voc":{"unit":"V","value":1.127137},"isc":{"unit":"A","value":1.801487},"jsc":{"unit":"mA\/cm2","value":20.016523},"fill_factor":{"unit":"%","value":79.441696},"vmax":{"unit":"V","value":0.9822},"efficiency":{"unit":"%","value":17.923123},"monitor_cell_reading":{"unit":"mV","value":0},"monitor_cell_calibration_value":{"unit":"mV","value":0},"test_device_area":{"unit":"cm2","value":0.09},"num_of_series_connected_stacks":{"unit":"","value":1},"sweep_direction":{"unit":"","value":"Reverse"},"device_id":{"unit":"","value":"HA-MABr-1-5-R"},"cell_dimension":{"unit":"cm2","value":0.09},"key":"Reverse_IV HA-MABr-1-5"},{"V":{"value":[1.2,1.1879,1.1758,1.1637,1.1516,1.1395,1.1274,1.1153,1.1032,1.0911,1.079,1.0669,1.0548,1.0427,1.0306,1.0185,1.0064,0.9943,0.9822,0.9701,0.958,0.9459,0.9338,0.9217,0.9096,0.8975,0.8854,0.8733,0.8612,0.8491,0.837,0.8249,0.8128,0.8007,0.7886,0.7765,0.7644,0.7523,0.7402,0.7281,0.716,0.7039,0.6918,0.6797,0.6676,0.6555,0.6434,0.6313,0.6192,0.6071,0.595,0.5829,0.5708,0.5587,0.5466,0.5345,0.5224,0.5103,0.4982,0.4861,0.474,0.4619,0.4498,0.4377,0.4256,0.4135,0.4014,0.3893,0.3772,0.3651,0.353,0.3409,0.3288,0.3167,0.3046,0.2925,0.2804,0.2683,0.2562,0.2441,0.232,0.2199,0.2078,0.1957,0.1836,0.1715,0.1594,0.1473,0.1352,0.1231,0.111,0.0989,0.0868,0.0747,0.0626,0.0505,0.0384,0.0263,0.0142,0.0021],"unit":"V"},"I":{"value":[-0.003026,-0.002412,-0.00183,-0.00129,-0.000805,-0.000359,2.7e-5,0.000359,0.000646,0.00088,0.001062,0.001215,0.001331,0.001422,0.00149,0.001543,0.001583,0.001615,0.001641,0.001661,0.001677,0.001687,0.0017,0.001709,0.001716,0.001722,0.001728,0.001732,0.001735,0.001741,0.001743,0.001746,0.001749,0.001751,0.001752,0.001756,0.001757,0.001758,0.001761,0.001763,0.001765,0.001767,0.00177,0.00177,0.001769,0.001771,0.00177,0.001772,0.001773,0.001774,0.001777,0.001776,0.001777,0.001778,0.001777,0.001778,0.00178,0.001779,0.001779,0.00178,0.001781,0.001781,0.001781,0.001783,0.001783,0.001786,0.001785,0.001787,0.001785,0.001786,0.001788,0.001787,0.001785,0.001787,0.001787,0.001789,0.00179,0.001791,0.001791,0.00179,0.001792,0.001795,0.001792,0.001793,0.001792,0.001791,0.001796,0.001795,0.001793,0.001794,0.001793,0.001797,0.001794,0.001794,0.001798,0.001797,0.001798,0.001797,0.001797,0.001799],"unit":"A"},"J":{"value":[-0.00027234,-0.00021708,-0.0001647,-0.00011609999999999999,-7.245e-5,-3.231e-5,2.43e-6,3.231e-5,5.8139999999999996e-5,7.92e-5,9.558e-5,0.00010934999999999999,0.00011978999999999999,0.00012798,0.0001341,0.00013887,0.00014246999999999998,0.00014534999999999998,0.00014769,0.00014948999999999998,0.00015093,0.00015183,0.00015299999999999998,0.00015381,0.00015444,0.00015497999999999998,0.00015552,0.00015588,0.00015615,0.00015669,0.00015686999999999998,0.00015713999999999998,0.00015741,0.00015759,0.00015768,0.00015804,0.00015813,0.00015821999999999999,0.00015848999999999998,0.00015867,0.00015885,0.00015902999999999997,0.0001593,0.0001593,0.00015921,0.00015939,0.0001593,0.00015947999999999998,0.00015957,0.00015966,0.00015993,0.00015984,0.00015993,0.00016002,0.00015993,0.00016002,0.0001602,0.00016010999999999998,0.00016010999999999998,0.0001602,0.00016029,0.00016029,0.00016029,0.00016047000000000001,0.00016047000000000001,0.00016074,0.00016064999999999997,0.00016083,0.00016064999999999997,0.00016074,0.00016092,0.00016083,0.00016064999999999997,0.00016083,0.00016083,0.00016101,0.00016109999999999999,0.00016119,0.00016119,0.00016109999999999999,0.00016128,0.00016155,0.00016128,0.00016137,0.00016128,0.00016119,0.00016164,0.00016155,0.00016137,0.00016146,0.00016137,0.00016172999999999998,0.00016146,0.00016146,0.00016182,0.00016172999999999998,0.00016182,0.00016172999999999998,0.00016172999999999998,0.00016191],"unit":"A\/cm2"},"voc":{"unit":"V","value":1.132255},"isc":{"unit":"A","value":1.79897},"jsc":{"unit":"mA\/cm2","value":19.988557},"fill_factor":{"unit":"%","value":79.125741},"vmax":{"unit":"V","value":0.9822},"efficiency":{"unit":"%","value":17.907845},"monitor_cell_reading":{"unit":"mV","value":0},"monitor_cell_calibration_value":{"unit":"mV","value":0},"test_device_area":{"unit":"cm2","value":0.09},"num_of_series_connected_stacks":{"unit":"","value":1},"sweep_direction":{"unit":"","value":"Reverse"},"device_id":{"unit":"","value":"HA-MABr-1-4-R"},"cell_dimension":{"unit":"cm2","value":0.09},"key":"Reverse_IV HA-MABr-1-4"},{"V":{"value":[1.2,1.1879,1.1758,1.1637,1.1516,1.1395,1.1274,1.1153,1.1032,1.0911,1.079,1.0669,1.0548,1.0427,1.0306,1.0185,1.0064,0.9943,0.9822,0.9701,0.958,0.9459,0.9338,0.9217,0.9096,0.8975,0.8854,0.8733,0.8612,0.8491,0.837,0.8249,0.8128,0.8007,0.7886,0.7765,0.7644,0.7523,0.7402,0.7281,0.716,0.7039,0.6918,0.6797,0.6676,0.6555,0.6434,0.6313,0.6192,0.6071,0.595,0.5829,0.5708,0.5587,0.5466,0.5345,0.5224,0.5103,0.4982,0.4861,0.474,0.4619,0.4498,0.4377,0.4256,0.4135,0.4014,0.3893,0.3772,0.3651,0.353,0.3409,0.3288,0.3167,0.3046,0.2925,0.2804,0.2683,0.2562,0.2441,0.232,0.2199,0.2078,0.1957,0.1836,0.1715,0.1594,0.1473,0.1352,0.1231,0.111,0.0989,0.0868,0.0747,0.0626,0.0505,0.0384,0.0263,0.0142,0.0021],"unit":"V"},"I":{"value":[-0.002014,-0.001567,-0.001151,-0.000778,-0.000413,-8.7e-5,0.000214,0.000496,0.000738,0.000945,0.001108,0.001256,0.001366,0.001458,0.001527,0.001584,0.001624,0.001659,0.001685,0.001708,0.001727,0.001742,0.001758,0.001772,0.001785,0.001796,0.001808,0.001815,0.001827,0.001836,0.001844,0.001852,0.001863,0.001873,0.001881,0.001888,0.001896,0.001903,0.001912,0.001918,0.001928,0.001935,0.001943,0.00195,0.001956,0.001966,0.001973,0.001979,0.001987,0.001994,0.002002,0.00201,0.002018,0.002025,0.002031,0.002037,0.002046,0.002053,0.00206,0.002068,0.002072,0.002082,0.002088,0.002097,0.002101,0.002109,0.002118,0.002124,0.002131,0.002137,0.002145,0.002155,0.002158,0.002166,0.002174,0.002181,0.002188,0.002193,0.002201,0.002206,0.002214,0.002219,0.002227,0.002232,0.002239,0.002247,0.002256,0.00226,0.002268,0.002272,0.002276,0.002284,0.002295,0.002298,0.002309,0.002313,0.002318,0.002326,0.002335,0.002338],"unit":"A"},"J":{"value":[-0.00018126,-0.00014103,-0.00010358999999999999,-7.002e-5,-3.717e-5,-7.83e-6,1.926e-5,4.464e-5,6.642e-5,8.505e-5,9.972e-5,0.00011303999999999999,0.00012293999999999999,0.00013122,0.00013743,0.00014256,0.00014616,0.00014931,0.00015165,0.00015372,0.00015543,0.00015678,0.00015821999999999999,0.00015947999999999998,0.00016064999999999997,0.00016164,0.00016272,0.00016334999999999999,0.00016443,0.00016523999999999998,0.00016596,0.00016668,0.00016767,0.00016857,0.00016929,0.00016992,0.00017063999999999998,0.00017126999999999998,0.00017208,0.00017261999999999998,0.00017352,0.00017415,0.00017487,0.00017549999999999998,0.00017603999999999997,0.00017693999999999997,0.00017757,0.00017811,0.00017883,0.00017946,0.00018017999999999997,0.0001809,0.00018161999999999999,0.00018224999999999998,0.00018278999999999998,0.00018333000000000002,0.00018414,0.00018477,0.0001854,0.00018612,0.00018648,0.00018738,0.00018792,0.00018873,0.00018909,0.00018981,0.00019062,0.00019116,0.00019179,0.00019233,0.00019305,0.00019394999999999997,0.00019422000000000002,0.00019494,0.00019566,0.00019629,0.00019691999999999998,0.00019737,0.00019808999999999997,0.00019854,0.00019925999999999999,0.00019971,0.00020042999999999998,0.00020088,0.00020151000000000001,0.00020223,0.00020304,0.00020339999999999998,0.00020412,0.00020448,0.00020483999999999997,0.00020556,0.00020655,0.00020682,0.00020780999999999998,0.00020816999999999998,0.00020862000000000002,0.00020934,0.00021014999999999999,0.00021041999999999998],"unit":"A\/cm2"},"voc":{"unit":"V","value":1.137536},"isc":{"unit":"A","value":2.337903},"jsc":{"unit":"mA\/cm2","value":25.976695},"fill_factor":{"unit":"%","value":62.300687},"vmax":{"unit":"V","value":0.9701},"efficiency":{"unit":"%","value":18.409496},"monitor_cell_reading":{"unit":"mV","value":0},"monitor_cell_calibration_value":{"unit":"mV","value":0},"test_device_area":{"unit":"cm2","value":0.09},"num_of_series_connected_stacks":{"unit":"","value":1},"sweep_direction":{"unit":"","value":"Reverse"},"device_id":{"unit":"","value":"HA-MABr-1-1-R"},"cell_dimension":{"unit":"cm2","value":0.09},"key":"Reverse_IV HA-MABr-1-1"},{"V":{"value":[-0.01,0.0021,0.0142,0.0263,0.0384,0.0505,0.0626,0.0747,0.0868,0.0989,0.111,0.1231,0.1352,0.1473,0.1594,0.1715,0.1836,0.1957,0.2078,0.2199,0.232,0.2441,0.2562,0.2683,0.2804,0.2925,0.3046,0.3167,0.3288,0.3409,0.353,0.3651,0.3772,0.3893,0.4014,0.4135,0.4256,0.4377,0.4498,0.4619,0.474,0.4861,0.4982,0.5103,0.5224,0.5345,0.5466,0.5587,0.5708,0.5829,0.595,0.6071,0.6192,0.6313,0.6434,0.6555,0.6676,0.6797,0.6918,0.7039,0.716,0.7281,0.7402,0.7523,0.7644,0.7765,0.7886,0.8007,0.8128,0.8249,0.837,0.8491,0.8612,0.8733,0.8854,0.8975,0.9096,0.9217,0.9338,0.9459,0.958,0.9701,0.9822,0.9943,1.0064,1.0185,1.0306,1.0427,1.0548,1.0669,1.079,1.0911,1.1032,1.1153,1.1274,1.1395,1.1516,1.1637,1.1758,1.1879],"unit":"V"},"I":{"value":[0.001807,0.001804,0.001804,0.001803,0.001804,0.001803,0.001803,0.001803,0.001803,0.001801,0.001802,0.0018,0.001803,0.001804,0.001801,0.0018,0.001801,0.0018,0.001801,0.0018,0.0018,0.001799,0.001799,0.001801,0.001799,0.001798,0.001799,0.001797,0.001797,0.001801,0.001798,0.001799,0.001799,0.001796,0.001796,0.001796,0.001797,0.001795,0.001794,0.001794,0.001795,0.001795,0.001794,0.001793,0.001793,0.001793,0.001792,0.001792,0.001793,0.001792,0.001792,0.001792,0.00179,0.001789,0.001789,0.001787,0.001785,0.001784,0.001786,0.001785,0.001782,0.001783,0.001781,0.001777,0.001778,0.001774,0.001774,0.001771,0.001768,0.001765,0.001763,0.00176,0.001756,0.001753,0.001748,0.001743,0.001739,0.001729,0.00172,0.00171,0.001696,0.00168,0.001657,0.001631,0.001597,0.001555,0.001499,0.001431,0.001346,0.001242,0.001112,0.000965,0.000782,0.000568,0.000319,3.0e-5,-0.000314,-0.000698,-0.001151,-0.00164],"unit":"A"},"J":{"value":[0.00016263,0.00016236,0.00016236,0.00016226999999999998,0.00016236,0.00016226999999999998,0.00016226999999999998,0.00016226999999999998,0.00016226999999999998,0.00016209,0.00016218,0.00016199999999999998,0.00016226999999999998,0.00016236,0.00016209,0.00016199999999999998,0.00016209,0.00016199999999999998,0.00016209,0.00016199999999999998,0.00016199999999999998,0.00016191,0.00016191,0.00016209,0.00016191,0.00016182,0.00016191,0.00016172999999999998,0.00016172999999999998,0.00016209,0.00016182,0.00016191,0.00016191,0.00016164,0.00016164,0.00016164,0.00016172999999999998,0.00016155,0.00016146,0.00016146,0.00016155,0.00016155,0.00016146,0.00016137,0.00016137,0.00016137,0.00016128,0.00016128,0.00016137,0.00016128,0.00016128,0.00016128,0.00016109999999999999,0.00016101,0.00016101,0.00016083,0.00016064999999999997,0.00016056,0.00016074,0.00016064999999999997,0.00016037999999999998,0.00016047000000000001,0.00016029,0.00015993,0.00016002,0.00015966,0.00015966,0.00015939,0.00015912,0.00015885,0.00015867,0.0001584,0.00015804,0.00015777,0.00015732,0.00015686999999999998,0.00015651,0.00015561,0.0001548,0.0001539,0.00015264,0.0001512,0.00014913,0.00014679,0.00014372999999999998,0.00013995,0.00013491,0.00012879,0.00012114,0.00011178,0.00010007999999999999,8.685e-5,7.038e-5,5.112e-5,2.8709999999999998e-5,2.7e-6,-2.8259999999999997e-5,-6.282e-5,-0.00010358999999999999,-0.00014759999999999998],"unit":"A\/cm2"},"voc":{"unit":"V","value":1.142918},"isc":{"unit":"A","value":1.803823},"jsc":{"unit":"mA\/cm2","value":20.042482},"fill_factor":{"unit":"%","value":79.044997},"vmax":{"unit":"V","value":0.9701},"efficiency":{"unit":"%","value":18.106763},"monitor_cell_reading":{"unit":"mV","value":0},"monitor_cell_calibration_value":{"unit":"mV","value":0},"test_device_area":{"unit":"cm2","value":0.09},"num_of_series_connected_stacks":{"unit":"","value":1},"sweep_direction":{"unit":"","value":"Forward"},"device_id":{"unit":"","value":"HA-MABr-2-5-F"},"cell_dimension":{"unit":"cm2","value":0.09},"key":"Forward_IV HA-MABr-2-5"},{"V":{"value":[-0.01,0.0021,0.0142,0.0263,0.0384,0.0505,0.0626,0.0747,0.0868,0.0989,0.111,0.1231,0.1352,0.1473,0.1594,0.1715,0.1836,0.1957,0.2078,0.2199,0.232,0.2441,0.2562,0.2683,0.2804,0.2925,0.3046,0.3167,0.3288,0.3409,0.353,0.3651,0.3772,0.3893,0.4014,0.4135,0.4256,0.4377,0.4498,0.4619,0.474,0.4861,0.4982,0.5103,0.5224,0.5345,0.5466,0.5587,0.5708,0.5829,0.595,0.6071,0.6192,0.6313,0.6434,0.6555,0.6676,0.6797,0.6918,0.7039,0.716,0.7281,0.7402,0.7523,0.7644,0.7765,0.7886,0.8007,0.8128,0.8249,0.837,0.8491,0.8612,0.8733,0.8854,0.8975,0.9096,0.9217,0.9338,0.9459,0.958,0.9701,0.9822,0.9943,1.0064,1.0185,1.0306,1.0427,1.0548,1.0669,1.079,1.0911,1.1032,1.1153,1.1274,1.1395,1.1516,1.1637,1.1758,1.1879],"unit":"V"},"I":{"value":[0.001789,0.001788,0.001788,0.001787,0.001788,0.001788,0.001788,0.001789,0.00179,0.00179,0.00179,0.001789,0.001789,0.001791,0.00179,0.001789,0.001789,0.00179,0.001788,0.001791,0.001787,0.001788,0.001788,0.001785,0.001786,0.001784,0.001783,0.001784,0.001782,0.001782,0.001781,0.00178,0.001781,0.001781,0.001779,0.001778,0.001776,0.001774,0.001772,0.001773,0.001772,0.001771,0.00177,0.001767,0.001765,0.001764,0.001763,0.001761,0.001759,0.001758,0.001756,0.001752,0.001752,0.001751,0.001747,0.001746,0.001743,0.00174,0.001737,0.001735,0.001732,0.001728,0.001726,0.001722,0.001719,0.001714,0.001709,0.001704,0.001699,0.001695,0.001688,0.001682,0.001674,0.001666,0.001659,0.001651,0.00164,0.001629,0.001614,0.001598,0.001578,0.001559,0.001532,0.001502,0.001464,0.00142,0.001363,0.001292,0.001204,0.001096,0.000965,0.000802,0.000604,0.000366,7.7e-5,-0.000272,-0.000659,-0.001131,-0.001633,-0.002196],"unit":"A"},"J":{"value":[0.00016101,0.00016092,0.00016092,0.00016083,0.00016092,0.00016092,0.00016092,0.00016101,0.00016109999999999999,0.00016109999999999999,0.00016109999999999999,0.00016101,0.00016101,0.00016119,0.00016109999999999999,0.00016101,0.00016101,0.00016109999999999999,0.00016092,0.00016119,0.00016083,0.00016092,0.00016092,0.00016064999999999997,0.00016074,0.00016056,0.00016047000000000001,0.00016056,0.00016037999999999998,0.00016037999999999998,0.00016029,0.0001602,0.00016029,0.00016029,0.00016010999999999998,0.00016002,0.00015984,0.00015966,0.00015947999999999998,0.00015957,0.00015947999999999998,0.00015939,0.0001593,0.00015902999999999997,0.00015885,0.00015875999999999998,0.00015867,0.00015848999999999998,0.00015831,0.00015821999999999999,0.00015804,0.00015768,0.00015768,0.00015759,0.00015723,0.00015713999999999998,0.00015686999999999998,0.00015659999999999998,0.00015633,0.00015615,0.00015588,0.00015552,0.00015534000000000001,0.00015497999999999998,0.00015471,0.00015426,0.00015381,0.00015335999999999998,0.00015291,0.00015255,0.00015192,0.00015137999999999998,0.00015066,0.00014994,0.00014931,0.00014858999999999999,0.00014759999999999998,0.00014661,0.00014526,0.00014382,0.00014202,0.00014031,0.00013788,0.00013518,0.00013176,0.0001278,0.00012267,0.00011627999999999999,0.00010836,9.863999999999999e-5,8.685e-5,7.217999999999999e-5,5.436e-5,3.294e-5,6.93e-6,-2.448e-5,-5.930999999999999e-5,-0.00010179,-0.00014696999999999998,-0.00019763999999999998],"unit":"A\/cm2"},"voc":{"unit":"V","value":1.132293},"isc":{"unit":"A","value":1.787541},"jsc":{"unit":"mA\/cm2","value":19.861565},"fill_factor":{"unit":"%","value":74.731403},"vmax":{"unit":"V","value":0.9701},"efficiency":{"unit":"%","value":16.806421},"monitor_cell_reading":{"unit":"mV","value":0},"monitor_cell_calibration_value":{"unit":"mV","value":0},"test_device_area":{"unit":"cm2","value":0.09},"num_of_series_connected_stacks":{"unit":"","value":1},"sweep_direction":{"unit":"","value":"Forward"},"device_id":{"unit":"","value":"HA-MABr-2-4-F"},"cell_dimension":{"unit":"cm2","value":0.09},"key":"Forward_IV HA-MABr-2-4"},{"V":{"value":[-0.01,0.0021,0.0142,0.0263,0.0384,0.0505,0.0626,0.0747,0.0868,0.0989,0.111,0.1231,0.1352,0.1473,0.1594,0.1715,0.1836,0.1957,0.2078,0.2199,0.232,0.2441,0.2562,0.2683,0.2804,0.2925,0.3046,0.3167,0.3288,0.3409,0.353,0.3651,0.3772,0.3893,0.4014,0.4135,0.4256,0.4377,0.4498,0.4619,0.474,0.4861,0.4982,0.5103,0.5224,0.5345,0.5466,0.5587,0.5708,0.5829,0.595,0.6071,0.6192,0.6313,0.6434,0.6555,0.6676,0.6797,0.6918,0.7039,0.716,0.7281,0.7402,0.7523,0.7644,0.7765,0.7886,0.8007,0.8128,0.8249,0.837,0.8491,0.8612,0.8733,0.8854,0.8975,0.9096,0.9217,0.9338,0.9459,0.958,0.9701,0.9822,0.9943,1.0064,1.0185,1.0306,1.0427,1.0548,1.0669,1.079,1.0911,1.1032,1.1153,1.1274,1.1395,1.1516,1.1637,1.1758,1.1879],"unit":"V"},"I":{"value":[0.001571,0.001568,0.001568,0.001565,0.001565,0.001564,0.001563,0.001563,0.001565,0.001563,0.001564,0.001564,0.001565,0.001566,0.001565,0.001565,0.001565,0.001566,0.001565,0.001565,0.001566,0.001568,0.001568,0.001568,0.001567,0.001565,0.001567,0.001566,0.001568,0.001568,0.00157,0.001569,0.00157,0.001568,0.001569,0.001568,0.001568,0.001569,0.001568,0.001565,0.00157,0.001568,0.001569,0.001569,0.001568,0.001567,0.001566,0.001565,0.001566,0.001568,0.001567,0.001566,0.001567,0.001564,0.001562,0.001565,0.001564,0.001565,0.001562,0.001562,0.001559,0.001558,0.001557,0.001554,0.001551,0.001552,0.001551,0.001547,0.001546,0.001541,0.00154,0.001536,0.001532,0.001528,0.001523,0.001516,0.001505,0.001492,0.001478,0.001464,0.001437,0.001408,0.001374,0.001332,0.001278,0.001216,0.001144,0.001059,0.000969,0.000858,0.000729,0.000587,0.000428,0.000252,7.7e-5,-0.00012,-0.000388,-0.000682,-0.001008,-0.001355],"unit":"A"},"J":{"value":[0.00014139,0.00014111999999999998,0.00014111999999999998,0.00014084999999999998,0.00014084999999999998,0.00014076,0.00014067,0.00014067,0.00014084999999999998,0.00014067,0.00014076,0.00014076,0.00014084999999999998,0.00014094,0.00014084999999999998,0.00014084999999999998,0.00014084999999999998,0.00014094,0.00014084999999999998,0.00014084999999999998,0.00014094,0.00014111999999999998,0.00014111999999999998,0.00014111999999999998,0.00014103,0.00014084999999999998,0.00014103,0.00014094,0.00014111999999999998,0.00014111999999999998,0.0001413,0.00014121,0.0001413,0.00014111999999999998,0.00014121,0.00014111999999999998,0.00014111999999999998,0.00014121,0.00014111999999999998,0.00014084999999999998,0.0001413,0.00014111999999999998,0.00014121,0.00014121,0.00014111999999999998,0.00014103,0.00014094,0.00014084999999999998,0.00014094,0.00014111999999999998,0.00014103,0.00014094,0.00014103,0.00014076,0.00014057999999999999,0.00014084999999999998,0.00014076,0.00014084999999999998,0.00014057999999999999,0.00014057999999999999,0.00014031,0.00014021999999999998,0.00014013,0.00013986,0.00013959,0.00013968,0.00013959,0.00013922999999999998,0.00013914,0.00013869,0.00013859999999999998,0.00013824,0.00013788,0.00013752,0.00013707,0.00013644,0.00013544999999999999,0.00013428,0.00013302,0.00013176,0.00012932999999999998,0.00012671999999999998,0.00012366,0.00011988,0.00011502,0.00010944,0.00010296,9.531e-5,8.721e-5,7.722e-5,6.561e-5,5.2829999999999994e-5,3.852e-5,2.268e-5,6.93e-6,-1.08e-5,-3.492e-5,-6.138e-5,-9.072e-5,-0.00012195000000000001],"unit":"A\/cm2"},"voc":{"unit":"V","value":1.134535},"isc":{"unit":"A","value":1.567697},"jsc":{"unit":"mA\/cm2","value":17.418859},"fill_factor":{"unit":"%","value":77.839183},"vmax":{"unit":"V","value":0.9459},"efficiency":{"unit":"%","value":15.38281},"monitor_cell_reading":{"unit":"mV","value":0},"monitor_cell_calibration_value":{"unit":"mV","value":0},"test_device_area":{"unit":"cm2","value":0.09},"num_of_series_connected_stacks":{"unit":"","value":1},"sweep_direction":{"unit":"","value":"Forward"},"device_id":{"unit":"","value":"HA-MABr-2-1-F"},"cell_dimension":{"unit":"cm2","value":0.09},"key":"Forward_IV HA-MABr-2-1"},{"V":{"value":[-0.01,0.0021,0.0142,0.0263,0.0384,0.0505,0.0626,0.0747,0.0868,0.0989,0.111,0.1231,0.1352,0.1473,0.1594,0.1715,0.1836,0.1957,0.2078,0.2199,0.232,0.2441,0.2562,0.2683,0.2804,0.2925,0.3046,0.3167,0.3288,0.3409,0.353,0.3651,0.3772,0.3893,0.4014,0.4135,0.4256,0.4377,0.4498,0.4619,0.474,0.4861,0.4982,0.5103,0.5224,0.5345,0.5466,0.5587,0.5708,0.5829,0.595,0.6071,0.6192,0.6313,0.6434,0.6555,0.6676,0.6797,0.6918,0.7039,0.716,0.7281,0.7402,0.7523,0.7644,0.7765,0.7886,0.8007,0.8128,0.8249,0.837,0.8491,0.8612,0.8733,0.8854,0.8975,0.9096,0.9217,0.9338,0.9459,0.958,0.9701,0.9822,0.9943,1.0064,1.0185,1.0306,1.0427,1.0548,1.0669,1.079,1.0911,1.1032,1.1153,1.1274,1.1395,1.1516,1.1637,1.1758,1.1879],"unit":"V"},"I":{"value":[0.001813,0.001806,0.001806,0.001803,0.001804,0.001802,0.001802,0.001803,0.0018,0.0018,0.001801,0.0018,0.0018,0.001797,0.001799,0.001798,0.0018,0.001799,0.001797,0.001799,0.001798,0.001799,0.001798,0.001797,0.001798,0.001797,0.001796,0.001797,0.001797,0.001797,0.001796,0.001794,0.001794,0.001794,0.001794,0.001795,0.001795,0.001794,0.001793,0.001794,0.001795,0.001793,0.001794,0.001793,0.001793,0.001793,0.001793,0.001793,0.001791,0.00179,0.001792,0.001791,0.001791,0.001789,0.001787,0.001789,0.001787,0.001787,0.001785,0.001782,0.001784,0.001782,0.00178,0.001779,0.001775,0.001775,0.001773,0.001772,0.00177,0.001764,0.001764,0.001759,0.001756,0.00175,0.001746,0.001741,0.001734,0.001727,0.001719,0.001707,0.001692,0.001674,0.001652,0.001622,0.001586,0.00154,0.001485,0.001413,0.001323,0.001216,0.001084,0.000934,0.000746,0.00053,0.000278,-1.5e-5,-0.000364,-0.000753,-0.001217,-0.001709],"unit":"A"},"J":{"value":[0.00016317,0.00016254,0.00016254,0.00016226999999999998,0.00016236,0.00016218,0.00016218,0.00016226999999999998,0.00016199999999999998,0.00016199999999999998,0.00016209,0.00016199999999999998,0.00016199999999999998,0.00016172999999999998,0.00016191,0.00016182,0.00016199999999999998,0.00016191,0.00016172999999999998,0.00016191,0.00016182,0.00016191,0.00016182,0.00016172999999999998,0.00016182,0.00016172999999999998,0.00016164,0.00016172999999999998,0.00016172999999999998,0.00016172999999999998,0.00016164,0.00016146,0.00016146,0.00016146,0.00016146,0.00016155,0.00016155,0.00016146,0.00016137,0.00016146,0.00016155,0.00016137,0.00016146,0.00016137,0.00016137,0.00016137,0.00016137,0.00016137,0.00016119,0.00016109999999999999,0.00016128,0.00016119,0.00016119,0.00016101,0.00016083,0.00016101,0.00016083,0.00016083,0.00016064999999999997,0.00016037999999999998,0.00016056,0.00016037999999999998,0.0001602,0.00016010999999999998,0.00015975,0.00015975,0.00015957,0.00015947999999999998,0.0001593,0.00015875999999999998,0.00015875999999999998,0.00015831,0.00015804,0.0001575,0.00015713999999999998,0.00015669,0.00015606,0.00015543,0.00015471,0.00015363,0.00015228,0.00015066,0.00014868,0.00014597999999999998,0.00014273999999999998,0.00013859999999999998,0.00013365,0.00012717,0.00011907,0.00010944,9.755999999999998e-5,8.406e-5,6.714e-5,4.7699999999999994e-5,2.5019999999999998e-5,-1.35e-6,-3.276e-5,-6.777e-5,-0.00010952999999999999,-0.00015381],"unit":"A\/cm2"},"voc":{"unit":"V","value":1.141668},"isc":{"unit":"A","value":1.805595},"jsc":{"unit":"mA\/cm2","value":20.062163},"fill_factor":{"unit":"%","value":78.769417},"vmax":{"unit":"V","value":0.9701},"efficiency":{"unit":"%","value":18.041601},"monitor_cell_reading":{"unit":"mV","value":0},"monitor_cell_calibration_value":{"unit":"mV","value":0},"test_device_area":{"unit":"cm2","value":0.09},"num_of_series_connected_stacks":{"unit":"","value":1},"sweep_direction":{"unit":"","value":"Forward"},"device_id":{"unit":"","value":"HA-MABr-1-5-F"},"cell_dimension":{"unit":"cm2","value":0.09},"key":"Forward_IV HA-MABr-1-5"},{"V":{"value":[-0.01,0.0021,0.0142,0.0263,0.0384,0.0505,0.0626,0.0747,0.0868,0.0989,0.111,0.1231,0.1352,0.1473,0.1594,0.1715,0.1836,0.1957,0.2078,0.2199,0.232,0.2441,0.2562,0.2683,0.2804,0.2925,0.3046,0.3167,0.3288,0.3409,0.353,0.3651,0.3772,0.3893,0.4014,0.4135,0.4256,0.4377,0.4498,0.4619,0.474,0.4861,0.4982,0.5103,0.5224,0.5345,0.5466,0.5587,0.5708,0.5829,0.595,0.6071,0.6192,0.6313,0.6434,0.6555,0.6676,0.6797,0.6918,0.7039,0.716,0.7281,0.7402,0.7523,0.7644,0.7765,0.7886,0.8007,0.8128,0.8249,0.837,0.8491,0.8612,0.8733,0.8854,0.8975,0.9096,0.9217,0.9338,0.9459,0.958,0.9701,0.9822,0.9943,1.0064,1.0185,1.0306,1.0427,1.0548,1.0669,1.079,1.0911,1.1032,1.1153,1.1274,1.1395,1.1516,1.1637,1.1758,1.1879],"unit":"V"},"I":{"value":[0.001802,0.001799,0.001796,0.001796,0.001796,0.001794,0.001792,0.001793,0.001792,0.001793,0.001793,0.001792,0.001792,0.001791,0.00179,0.00179,0.00179,0.001788,0.001787,0.001786,0.001785,0.001786,0.001784,0.001784,0.001783,0.001782,0.001781,0.00178,0.001781,0.00178,0.00178,0.001777,0.001778,0.001776,0.001776,0.001775,0.001774,0.001775,0.001773,0.001776,0.001771,0.001773,0.001769,0.00177,0.001771,0.001768,0.00177,0.001771,0.001768,0.001767,0.001766,0.001766,0.001764,0.001764,0.001764,0.001761,0.001761,0.001758,0.001758,0.001754,0.001753,0.00175,0.001751,0.001748,0.001746,0.001744,0.001739,0.001741,0.001739,0.001733,0.00173,0.001727,0.001723,0.001719,0.001715,0.001708,0.0017,0.001694,0.001686,0.001673,0.00166,0.001644,0.001625,0.001597,0.001564,0.00152,0.001466,0.001395,0.001304,0.001194,0.001054,0.000891,0.000685,0.000444,0.000162,-0.00017,-0.000548,-0.000984,-0.001513,-0.002074],"unit":"A"},"J":{"value":[0.00016218,0.00016191,0.00016164,0.00016164,0.00016164,0.00016146,0.00016128,0.00016137,0.00016128,0.00016137,0.00016137,0.00016128,0.00016128,0.00016119,0.00016109999999999999,0.00016109999999999999,0.00016109999999999999,0.00016092,0.00016083,0.00016074,0.00016064999999999997,0.00016074,0.00016056,0.00016056,0.00016047000000000001,0.00016037999999999998,0.00016029,0.0001602,0.00016029,0.0001602,0.0001602,0.00015993,0.00016002,0.00015984,0.00015984,0.00015975,0.00015966,0.00015975,0.00015957,0.00015984,0.00015939,0.00015957,0.00015921,0.0001593,0.00015939,0.00015912,0.0001593,0.00015939,0.00015912,0.00015902999999999997,0.00015894,0.00015894,0.00015875999999999998,0.00015875999999999998,0.00015875999999999998,0.00015848999999999998,0.00015848999999999998,0.00015821999999999999,0.00015821999999999999,0.00015785999999999998,0.00015777,0.0001575,0.00015759,0.00015732,0.00015713999999999998,0.00015696000000000002,0.00015651,0.00015669,0.00015651,0.00015596999999999999,0.0001557,0.00015543,0.00015507,0.00015471,0.00015434999999999998,0.00015372,0.00015299999999999998,0.00015246,0.00015174,0.00015057,0.0001494,0.00014796,0.00014624999999999998,0.00014372999999999998,0.00014076,0.0001368,0.00013194000000000001,0.00012555,0.00011736,0.00010745999999999999,9.486e-5,8.018999999999999e-5,6.165e-5,3.996e-5,1.458e-5,-1.53e-5,-4.9319999999999995e-5,-8.856e-5,-0.00013617,-0.00018665999999999998],"unit":"A\/cm2"},"voc":{"unit":"V","value":1.13474},"isc":{"unit":"A","value":1.79925},"jsc":{"unit":"mA\/cm2","value":19.991663},"fill_factor":{"unit":"%","value":78.177821},"vmax":{"unit":"V","value":0.9822},"efficiency":{"unit":"%","value":17.73491},"monitor_cell_reading":{"unit":"mV","value":0},"monitor_cell_calibration_value":{"unit":"mV","value":0},"test_device_area":{"unit":"cm2","value":0.09},"num_of_series_connected_stacks":{"unit":"","value":1},"sweep_direction":{"unit":"","value":"Forward"},"device_id":{"unit":"","value":"HA-MABr-1-4-F"},"cell_dimension":{"unit":"cm2","value":0.09},"key":"Forward_IV HA-MABr-1-4"},{"V":{"value":[-0.01,0.0021,0.0142,0.0263,0.0384,0.0505,0.0626,0.0747,0.0868,0.0989,0.111,0.1231,0.1352,0.1473,0.1594,0.1715,0.1836,0.1957,0.2078,0.2199,0.232,0.2441,0.2562,0.2683,0.2804,0.2925,0.3046,0.3167,0.3288,0.3409,0.353,0.3651,0.3772,0.3893,0.4014,0.4135,0.4256,0.4377,0.4498,0.4619,0.474,0.4861,0.4982,0.5103,0.5224,0.5345,0.5466,0.5587,0.5708,0.5829,0.595,0.6071,0.6192,0.6313,0.6434,0.6555,0.6676,0.6797,0.6918,0.7039,0.716,0.7281,0.7402,0.7523,0.7644,0.7765,0.7886,0.8007,0.8128,0.8249,0.837,0.8491,0.8612,0.8733,0.8854,0.8975,0.9096,0.9217,0.9338,0.9459,0.958,0.9701,0.9822,0.9943,1.0064,1.0185,1.0306,1.0427,1.0548,1.0669,1.079,1.0911,1.1032,1.1153,1.1274,1.1395,1.1516,1.1637,1.1758,1.1879],"unit":"V"},"I":{"value":[0.002343,0.00233,0.002324,0.002315,0.002307,0.002301,0.002293,0.002286,0.002276,0.002271,0.002263,0.002257,0.002248,0.002242,0.002235,0.002233,0.002226,0.002216,0.002211,0.002204,0.002196,0.002189,0.002178,0.002175,0.002164,0.002159,0.002156,0.002146,0.00214,0.002132,0.002125,0.002118,0.002112,0.002104,0.002097,0.002091,0.002085,0.002077,0.00207,0.002064,0.002055,0.002049,0.002044,0.002036,0.00203,0.002021,0.002014,0.002009,0.002001,0.001994,0.001987,0.00198,0.001973,0.001967,0.001957,0.001951,0.001944,0.001936,0.00193,0.001922,0.001913,0.001906,0.0019,0.00189,0.001882,0.001874,0.001864,0.001855,0.001847,0.001839,0.001828,0.00182,0.001808,0.001797,0.001787,0.001776,0.001762,0.001745,0.001729,0.001708,0.001682,0.001655,0.001617,0.001574,0.001519,0.001452,0.001379,0.001289,0.001188,0.00107,0.000952,0.000801,0.000631,0.000442,0.000226,1.8e-5,-0.000273,-0.000612,-0.000986,-0.001431],"unit":"A"},"J":{"value":[0.00021087,0.0002097,0.00020916,0.00020834999999999997,0.00020763,0.00020709,0.00020637,0.00020573999999999996,0.00020483999999999997,0.00020438999999999999,0.00020366999999999998,0.00020313,0.00020232,0.00020178,0.00020114999999999998,0.00020097,0.00020034,0.00019944,0.00019899,0.00019835999999999996,0.00019763999999999998,0.00019700999999999999,0.00019601999999999998,0.00019575,0.00019476,0.00019430999999999997,0.00019403999999999998,0.00019313999999999998,0.0001926,0.00019188,0.00019125000000000001,0.00019062,0.00019008,0.00018936,0.00018873,0.00018819,0.00018765,0.00018692999999999997,0.00018629999999999997,0.00018575999999999998,0.00018495,0.00018441,0.00018395999999999997,0.00018324,0.0001827,0.00018188999999999998,0.00018126,0.00018081,0.00018009000000000002,0.00017946,0.00017883,0.0001782,0.00017757,0.00017703,0.00017612999999999998,0.00017559,0.00017496,0.00017423999999999999,0.0001737,0.00017298000000000001,0.00017217,0.00017153999999999997,0.00017099999999999998,0.0001701,0.00016937999999999998,0.00016866,0.00016775999999999998,0.00016695,0.00016622999999999999,0.00016550999999999998,0.00016452,0.0001638,0.00016272,0.00016172999999999998,0.00016083,0.00015984,0.00015858,0.00015705,0.00015561,0.00015372,0.00015137999999999998,0.00014895,0.00014553,0.00014166,0.00013670999999999998,0.00013068,0.00012411,0.00011601,0.00010692,9.63e-5,8.568e-5,7.209e-5,5.6790000000000003e-5,3.978e-5,2.034e-5,1.62e-6,-2.457e-5,-5.508e-5,-8.874e-5,-0.00012879],"unit":"A\/cm2"},"voc":{"unit":"V","value":1.142554},"isc":{"unit":"A","value":2.329611},"jsc":{"unit":"mA\/cm2","value":25.884567},"fill_factor":{"unit":"%","value":60.703115},"vmax":{"unit":"V","value":0.9459},"efficiency":{"unit":"%","value":17.952653},"monitor_cell_reading":{"unit":"mV","value":0},"monitor_cell_calibration_value":{"unit":"mV","value":0},"test_device_area":{"unit":"cm2","value":0.09},"num_of_series_connected_stacks":{"unit":"","value":1},"sweep_direction":{"unit":"","value":"Forward"},"device_id":{"unit":"","value":"HA-MABr-1-1-F"},"cell_dimension":{"unit":"cm2","value":0.09},"key":"Forward_IV HA-MABr-1-1"}]}}