{"_id":"66f0e09ccdd8bb7e10747162","id":"SKKU-SC-00601","author":82,"group":11,"input":[{"tco":{"unit":"","value":"ITO"}},{"surface_treatment":{"unit":"","value":"O-Plasma"}},{"htl":[{"material":{"unit":"","value":"Me-4PACz"},"concentration":{"unit":"","value":"0.3"},"conc_unit":{"unit":"","value":"mg\/ml"},"quantity":{"unit":"ml","value":"0.2"}}],"spin_coating":[{"type":{"unit":"","value":"Static (only spreading)"},"rpm":{"unit":"","value":"3000"},"time":{"unit":"s","value":"30"}}],"annealing":[{"temperature":{"unit":"oC","value":"100"},"time":{"unit":"m","value":"10"}}],"solvent":[{"material":{"unit":"","value":"Ethanol"},"volume":{"unit":"ml","value":"5"}}],"condition":{"unit":"","value":"glove-box(N2)"}},{"spin_coating":[{"type":{"unit":"","value":"Dynamic"},"rpm":{"unit":"","value":"5000"},"time":{"unit":"s","value":"30"}}],"annealing":[{"temperature":{"unit":"oC","value":"100"},"time":{"unit":"m","value":"10"}}],"solvent":[{"material":{"unit":"","value":"IPA"},"volume":{"unit":"ml","value":"2"}}],"condition":{"unit":"","value":"glove-box(N2)"},"htl_treatment":[{"material":{"unit":"","value":"Al2O3"},"concentration":{"unit":"","value":"0.9"},"conc_unit":{"unit":"","value":"mg\/ml"},"quantity":{"unit":"ml","value":"2"}}]},{"condition":{"unit":"","value":"glove-box(N2)"},"perovskite":{"method":{"unit":"","value":"1step"},"molarity":{"unit":"M","value":"1.5M"},"a_site":[{"material":{"unit":"","value":"FA"},"ratio":{"unit":"%","value":"90"}},{"material":{"unit":"","value":"Cs"},"ratio":{"unit":"%","value":"10"}}],"b_site":[{"material":{"unit":"","value":"Pb"},"ratio":{"unit":"%","value":"100"}}],"x_site":[{"material":{"unit":"","value":"I"},"ratio":{"unit":"%","value":"100"}}],"solvent":[{"material":{"unit":"","value":"DMF"},"volume":{"unit":"ml","value":"0.8"}},{"material":{"unit":"","value":"DMSO"},"volume":{"unit":"ml","value":"0.16"}},{"material":{"unit":"","value":"NMP"},"volume":{"unit":"ml","value":"0.04"}}],"antisolvent":[{"material":{"unit":"","value":"CB"},"quantity":{"unit":"ul","value":"200"},"dripping_time":{"unit":"s","value":"13"}}],"annealing":[{"temperature":{"unit":"oC","value":"60"},"time":{"unit":"m","value":"3"}}],"spin_coating":[{"type":{"unit":"","value":"Static (only spreading)"},"rpm":{"unit":"","value":"1000"},"time":{"unit":"s","value":"10"}},{"type":{"unit":"","value":"Static (only spreading)"},"rpm":{"unit":"","value":"5000"},"time":{"unit":"s","value":"40"}}],"additive":[{"material":{"unit":"","value":"MACl"},"solvent":{"unit":"","value":"DMF"},"concentration":{"unit":"","value":"30.4"},"conc_unit":{"unit":"","value":"mg\/ml"},"quantity":{"unit":"mol%","value":"30"}}]}},{"perovskite":{"annealing":[{"temperature":{"unit":"oC","value":"150"},"time":{"unit":"m","value":"1"}},{"temperature":{"unit":"oC","value":"120"},"time":{"unit":"m","value":"50"}}],"atmosphere":[{"type":{"unit":"","value":"Ambient (30RH%)"},"temperature":{"unit":"oC","value":"20"},"humidity":{"unit":"RH%","value":"30"}}]}},{"perovskite_treatment":[{"material":{"unit":"","value":"OABr"},"concentration":{"unit":"","value":"2"},"conc_unit":{"unit":"","value":"mg\/ml"},"quantity":{"unit":"ml","value":"0.065"}}],"annealing":[{"temperature":{"unit":"oC","value":"100"},"time":{"unit":"m","value":"5"}}],"spin_coating":[{"type":{"unit":"","value":"Dynamic"},"rpm":{"unit":"","value":"5000"},"time":{"unit":"s","value":"30"}}],"condition":{"unit":"","value":"glove-box(N2)"},"solvent":[{"material":{"unit":"","value":"IPA"},"volume":{"unit":"ml","value":"1"}}]},{"etl":[{"material":{"unit":"","value":"C60"},"concentration":{"unit":"","value":""},"conc_unit":{"unit":"","value":"mg\/ml"},"quantity":{"unit":"ml","value":"None"}}],"thermal_evaporation":[{"vacuum_evaporation_thickness":{"unit":"nm","value":"30"},"evaporation_rate":{"unit":"\u00c5\/s","value":"0.2"},"vacuum_pressure":{"unit":"uTorr","value":"0.97"}}]},{"blocking_buffer_layer":[{"material":{"unit":"","value":"BCP"},"concentration":{"unit":"","value":"None"},"conc_unit":{"unit":"","value":"None"},"quantity":{"unit":"ml","value":"None"}}],"thermal_evaporation":[{"vacuum_evaporation_thickness":{"unit":"nm","value":"8"},"evaporation_rate":{"unit":"\u00c5\/s","value":"0.2"},"vacuum_pressure":{"unit":"uTorr","value":"0.97"}}]},{"anode_metal":{"unit":"","value":"Ag"}},{"note":{"unit":"","value":"NMP solvent"},"type":{"unit":"","value":"unit_cell"},"device_type":{"unit":"","value":"p-i-n"},"temperature":{"unit":"\u2103","value":"25"},"humidity":{"unit":"%","value":"25"},"cell_dimension":{"unit":"cm2","value":"0.09"},"condition":{"unit":"","value":"glove-box(N2)"}}],"fileinfo":[{"key":"Forward_IV 7-1","uploadType":"JV","original_name":"IV 7-1-f.txt","save_name":"SKKU-SC-00601\/Forward_IV 7-1","uploader":82,"fileType":""},{"key":"Reverse_IV 7-1","uploadType":"JV","original_name":"IV 7-1-r.txt","save_name":"SKKU-SC-00601\/Reverse_IV 7-1","uploader":82,"fileType":""},{"key":"Forward_IV 7-2","uploadType":"JV","original_name":"IV 7-2-f.txt","save_name":"SKKU-SC-00601\/Forward_IV 7-2","uploader":82,"fileType":""},{"key":"Reverse_IV 7-2","uploadType":"JV","original_name":"IV 7-2-r.txt","save_name":"SKKU-SC-00601\/Reverse_IV 7-2","uploader":82,"fileType":""},{"key":"Forward_IV 7-3","uploadType":"JV","original_name":"IV 7-3-f.txt","save_name":"SKKU-SC-00601\/Forward_IV 7-3","uploader":82,"fileType":""},{"key":"Reverse_IV 7-3","uploadType":"JV","original_name":"IV 7-3-r.txt","save_name":"SKKU-SC-00601\/Reverse_IV 7-3","uploader":82,"fileType":""},{"key":"Forward_IV 7-4","uploadType":"JV","original_name":"IV 7-4-f.txt","save_name":"SKKU-SC-00601\/Forward_IV 7-4","uploader":82,"fileType":""},{"key":"Reverse_IV 7-4","uploadType":"JV","original_name":"IV 7-4-r.txt","save_name":"SKKU-SC-00601\/Reverse_IV 7-4","uploader":82,"fileType":""},{"key":"Forward_IV 7-5","uploadType":"JV","original_name":"IV 7-5-f.txt","save_name":"SKKU-SC-00601\/Forward_IV 7-5","uploader":82,"fileType":""},{"key":"Reverse_IV 7-5","uploadType":"JV","original_name":"IV 7-5-r.txt","save_name":"SKKU-SC-00601\/Reverse_IV 7-5","uploader":82,"fileType":""}],"jvcnt":10,"analysisInfo":{"JV":[{"efficiency":19.411102,"fill_factor":74.492842,"jsc":24.110454,"voc":1.080762,"key":"Reverse_IV 7-5","cell_dimension":0.09},{"efficiency":18.714307,"fill_factor":72.116791,"jsc":23.965398,"voc":1.082811,"key":"Reverse_IV 7-4","cell_dimension":0.09},{"efficiency":18.085454,"fill_factor":70.796842,"jsc":23.606143,"voc":1.082158,"key":"Reverse_IV 7-3","cell_dimension":0.09},{"efficiency":18.453031,"fill_factor":71.937425,"jsc":23.678576,"voc":1.083321,"key":"Reverse_IV 7-2","cell_dimension":0.09},{"efficiency":21.210308,"fill_factor":78.794167,"jsc":24.338589,"voc":1.106006,"key":"Reverse_IV 7-1","cell_dimension":0.09},{"efficiency":21.13579,"fill_factor":81.002145,"jsc":23.95921,"voc":1.089054,"key":"Forward_IV 7-5","cell_dimension":0.09},{"efficiency":20.826223,"fill_factor":80.948836,"jsc":23.67712,"voc":1.086603,"key":"Forward_IV 7-4","cell_dimension":0.09},{"efficiency":20.418779,"fill_factor":80.631234,"jsc":23.305196,"voc":1.08661,"key":"Forward_IV 7-3","cell_dimension":0.09},{"efficiency":20.260453,"fill_factor":79.986943,"jsc":23.296333,"voc":1.087283,"key":"Forward_IV 7-2","cell_dimension":0.09},{"efficiency":21.412827,"fill_factor":81.055762,"jsc":24.117299,"voc":1.095372,"key":"Forward_IV 7-1","cell_dimension":0.09}]},"tags":[],"updated_at":"2024-10-24 09:06:10","created_at":"2024-09-23 03:29:32","public":2,"analysis":{"JV":[{"V":{"value":[1.2,1.187,1.174,1.161,1.148,1.135,1.122,1.109,1.096,1.083,1.07,1.057,1.044,1.031,1.018,1.005,0.992,0.979,0.966,0.953,0.94,0.927,0.914,0.901,0.888,0.875,0.862,0.849,0.836,0.823,0.81,0.797,0.784,0.771,0.758,0.745,0.732,0.719,0.706,0.693,0.68,0.667,0.654,0.641,0.628,0.615,0.602,0.589,0.576,0.563,0.55,0.537,0.524,0.511,0.498,0.485,0.472,0.459,0.446,0.433,0.42,0.407,0.394,0.381,0.368,0.355,0.342,0.329,0.316,0.303,0.29,0.277,0.264,0.251,0.238,0.225,0.212,0.199,0.186,0.173,0.16,0.147,0.134,0.121,0.108,0.095,0.082,0.069,0.056,0.043,0.03,0.017,0.004,-0.009,-0.022,-0.035,-0.048,-0.061,-0.074,-0.087],"unit":"V"},"I":{"value":[-0.00766,-0.006599,-0.005581,-0.004607,-0.003693,-0.002839,-0.002058,-0.001352,-0.000726,-0.000187,0.000272,0.000645,0.00095,0.001193,0.001376,0.001516,0.001625,0.001705,0.001768,0.001817,0.001854,0.001885,0.001909,0.001926,0.001945,0.001959,0.00197,0.00198,0.001995,0.002,0.00201,0.002018,0.002025,0.00203,0.002038,0.002045,0.002049,0.002055,0.002059,0.002062,0.002068,0.002072,0.002076,0.00208,0.002082,0.002085,0.002089,0.002095,0.002095,0.002098,0.002102,0.002102,0.002103,0.002107,0.00211,0.002111,0.002114,0.002118,0.002118,0.002122,0.002121,0.002125,0.002124,0.002126,0.002128,0.002128,0.00213,0.002132,0.002132,0.002137,0.00214,0.002138,0.002144,0.002143,0.002144,0.002146,0.002146,0.002146,0.002149,0.002151,0.002152,0.002154,0.002154,0.002155,0.002155,0.002157,0.002159,0.002162,0.002163,0.002168,0.002169,0.002167,0.00217,0.002172,0.002173,0.002174,0.002176,0.002175,0.002176,0.002178],"unit":"A"},"J":{"value":[-0.0006894,-0.00059391,-0.00050229,-0.00041463,-0.00033237,-0.00025550999999999997,-0.00018522,-0.00012167999999999999,-6.534e-5,-1.683e-5,2.448e-5,5.8049999999999995e-5,8.549999999999999e-5,0.00010737,0.00012384,0.00013644,0.00014624999999999998,0.00015345,0.00015912,0.00016353,0.00016685999999999998,0.00016964999999999998,0.00017181,0.00017334,0.00017504999999999997,0.00017630999999999997,0.0001773,0.0001782,0.00017954999999999997,0.00017999999999999998,0.0001809,0.00018161999999999999,0.00018224999999999998,0.0001827,0.00018341999999999998,0.00018405,0.00018441,0.00018495,0.00018531,0.00018558,0.00018612,0.00018648,0.00018684000000000002,0.00018719999999999997,0.00018738,0.00018765,0.00018801,0.00018855,0.00018855,0.00018882,0.00018918,0.00018918,0.00018926999999999998,0.00018962999999999999,0.00018989999999999998,0.00018999,0.00019025999999999998,0.00019062,0.00019062,0.00019098000000000002,0.00019089,0.00019125000000000001,0.00019116,0.00019133999999999997,0.00019152,0.00019152,0.0001917,0.00019188,0.00019188,0.00019233,0.0001926,0.00019242,0.00019296,0.00019287,0.00019296,0.00019313999999999998,0.00019313999999999998,0.00019313999999999998,0.00019340999999999998,0.00019359,0.00019367999999999998,0.00019386,0.00019386,0.00019394999999999997,0.00019394999999999997,0.00019412999999999999,0.00019430999999999997,0.00019457999999999997,0.00019467,0.00019511999999999996,0.00019521,0.00019503,0.0001953,0.00019548,0.00019557,0.00019566,0.00019584,0.00019575,0.00019584,0.00019601999999999998],"unit":"A\/cm2"},"voc":{"unit":"V","value":1.080762},"isc":{"unit":"A","value":2.169941},"jsc":{"unit":"mA\/cm2","value":24.110454},"fill_factor":{"unit":"%","value":74.492842},"vmax":{"unit":"V","value":0.927},"efficiency":{"unit":"%","value":19.411102},"monitor_cell_reading":{"unit":"mV","value":0},"monitor_cell_calibration_value":{"unit":"mV","value":0},"test_device_area":{"unit":"cm2","value":0.09},"num_of_series_connected_stacks":{"unit":"","value":1},"sweep_direction":{"unit":"","value":"Reverse"},"device_id":{"unit":"","value":"7-5-r"},"cell_dimension":{"unit":"cm2","value":0.09},"key":"Reverse_IV 7-5"},{"V":{"value":[1.2,1.187,1.174,1.161,1.148,1.135,1.122,1.109,1.096,1.083,1.07,1.057,1.044,1.031,1.018,1.005,0.992,0.979,0.966,0.953,0.94,0.927,0.914,0.901,0.888,0.875,0.862,0.849,0.836,0.823,0.81,0.797,0.784,0.771,0.758,0.745,0.732,0.719,0.706,0.693,0.68,0.667,0.654,0.641,0.628,0.615,0.602,0.589,0.576,0.563,0.55,0.537,0.524,0.511,0.498,0.485,0.472,0.459,0.446,0.433,0.42,0.407,0.394,0.381,0.368,0.355,0.342,0.329,0.316,0.303,0.29,0.277,0.264,0.251,0.238,0.225,0.212,0.199,0.186,0.173,0.16,0.147,0.134,0.121,0.108,0.095,0.082,0.069,0.056,0.043,0.03,0.017,0.004,-0.009,-0.022,-0.035,-0.048,-0.061,-0.074,-0.087],"unit":"V"},"I":{"value":[-0.008794,-0.007572,-0.006398,-0.005282,-0.00424,-0.003274,-0.002397,-0.001611,-0.000924,-0.000335,0.000154,0.000553,0.000868,0.001118,0.001306,0.001449,0.001555,0.001637,0.0017,0.001746,0.001787,0.001815,0.001843,0.001862,0.001882,0.001896,0.001911,0.001923,0.001935,0.001947,0.001956,0.001964,0.001974,0.001981,0.00199,0.001995,0.002004,0.002013,0.002019,0.002023,0.002029,0.002034,0.002039,0.002044,0.002048,0.002053,0.002056,0.002059,0.002062,0.002066,0.002068,0.002071,0.002074,0.002077,0.002081,0.002084,0.002086,0.002089,0.002089,0.002094,0.002097,0.002098,0.002099,0.002101,0.002102,0.002104,0.002109,0.00211,0.002115,0.002117,0.002119,0.00212,0.002122,0.002123,0.002124,0.002126,0.00213,0.002131,0.002131,0.002135,0.002135,0.002139,0.002138,0.00214,0.00214,0.002142,0.002145,0.002148,0.002149,0.00215,0.002153,0.002154,0.002157,0.002155,0.00216,0.002161,0.002162,0.002163,0.002166,0.002165],"unit":"A"},"J":{"value":[-0.0007914599999999999,-0.0006814799999999999,-0.00057582,-0.00047538,-0.00038159999999999995,-0.00029466,-0.00021572999999999997,-0.00014499,-8.316e-5,-3.015e-5,1.386e-5,4.977e-5,7.811999999999999e-5,0.00010062000000000001,0.00011754,0.00013041,0.00013995,0.00014733,0.00015299999999999998,0.00015713999999999998,0.00016083,0.00016334999999999999,0.00016586999999999998,0.00016758,0.00016937999999999998,0.00017063999999999998,0.00017198999999999998,0.00017307,0.00017415,0.00017523,0.00017603999999999997,0.00017676,0.00017766,0.00017829,0.0001791,0.00017954999999999997,0.00018036000000000001,0.00018117,0.00018171,0.00018207,0.00018261,0.00018305999999999997,0.00018350999999999998,0.00018395999999999997,0.00018432,0.00018477,0.00018504,0.00018531,0.00018558,0.00018594,0.00018612,0.00018638999999999998,0.00018665999999999998,0.00018692999999999997,0.00018728999999999998,0.00018755999999999997,0.00018774000000000002,0.00018801,0.00018801,0.00018846,0.00018873,0.00018882,0.00018891,0.00018909,0.00018918,0.00018936,0.00018981,0.00018989999999999998,0.00019035,0.00019052999999999998,0.00019070999999999997,0.00019079999999999998,0.00019098000000000002,0.00019106999999999997,0.00019116,0.00019133999999999997,0.0001917,0.00019179,0.00019179,0.00019215,0.00019215,0.00019250999999999998,0.00019242,0.0001926,0.0001926,0.00019277999999999998,0.00019305,0.00019332,0.00019340999999999998,0.0001935,0.00019376999999999998,0.00019386,0.00019412999999999999,0.00019394999999999997,0.00019439999999999998,0.00019449000000000002,0.00019457999999999997,0.00019467,0.00019494,0.00019484999999999997],"unit":"A\/cm2"},"voc":{"unit":"V","value":1.082811},"isc":{"unit":"A","value":2.156886},"jsc":{"unit":"mA\/cm2","value":23.965398},"fill_factor":{"unit":"%","value":72.116791},"vmax":{"unit":"V","value":0.914},"efficiency":{"unit":"%","value":18.714307},"monitor_cell_reading":{"unit":"mV","value":0},"monitor_cell_calibration_value":{"unit":"mV","value":0},"test_device_area":{"unit":"cm2","value":0.09},"num_of_series_connected_stacks":{"unit":"","value":1},"sweep_direction":{"unit":"","value":"Reverse"},"device_id":{"unit":"","value":"7-4-r"},"cell_dimension":{"unit":"cm2","value":0.09},"key":"Reverse_IV 7-4"},{"V":{"value":[1.2,1.187,1.174,1.161,1.148,1.135,1.122,1.109,1.096,1.083,1.07,1.057,1.044,1.031,1.018,1.005,0.992,0.979,0.966,0.953,0.94,0.927,0.914,0.901,0.888,0.875,0.862,0.849,0.836,0.823,0.81,0.797,0.784,0.771,0.758,0.745,0.732,0.719,0.706,0.693,0.68,0.667,0.654,0.641,0.628,0.615,0.602,0.589,0.576,0.563,0.55,0.537,0.524,0.511,0.498,0.485,0.472,0.459,0.446,0.433,0.42,0.407,0.394,0.381,0.368,0.355,0.342,0.329,0.316,0.303,0.29,0.277,0.264,0.251,0.238,0.225,0.212,0.199,0.186,0.173,0.16,0.147,0.134,0.121,0.108,0.095,0.082,0.069,0.056,0.043,0.03,0.017,0.004,-0.009,-0.022,-0.035,-0.048,-0.061,-0.074,-0.087],"unit":"V"},"I":{"value":[-0.0089,-0.007645,-0.00645,-0.005313,-0.004256,-0.003278,-0.002396,-0.001609,-0.000925,-0.000346,0.000137,0.000524,0.000831,0.001072,0.001253,0.001393,0.001497,0.001575,0.001636,0.001683,0.001724,0.001755,0.001781,0.001801,0.001821,0.001836,0.00185,0.001863,0.001876,0.001888,0.0019,0.001909,0.00192,0.00193,0.001934,0.001943,0.001954,0.00196,0.001968,0.001976,0.00198,0.001985,0.001992,0.002,0.002004,0.002008,0.002012,0.002015,0.00202,0.002024,0.002029,0.002032,0.002032,0.002038,0.002039,0.002044,0.002048,0.00205,0.002053,0.002055,0.002058,0.002059,0.002063,0.002066,0.002068,0.00207,0.002071,0.002072,0.002076,0.002077,0.002081,0.002084,0.002085,0.00209,0.002088,0.002091,0.002093,0.002097,0.0021,0.002101,0.002103,0.002103,0.002104,0.002105,0.002109,0.002111,0.002113,0.002115,0.002117,0.00212,0.00212,0.002121,0.002125,0.002126,0.00213,0.002129,0.002129,0.002133,0.002133,0.002135],"unit":"A"},"J":{"value":[-0.000801,-0.00068805,-0.0005805,-0.00047817,-0.00038304,-0.00029502,-0.00021564000000000002,-0.00014481,-8.325e-5,-3.114e-5,1.2329999999999999e-5,4.716e-5,7.479e-5,9.648e-5,0.00011276999999999999,0.00012537,0.00013473,0.00014175,0.00014724,0.00015146999999999998,0.00015516,0.00015795,0.00016029,0.00016209,0.00016388999999999998,0.00016523999999999998,0.0001665,0.00016767,0.00016884,0.00016992,0.00017099999999999998,0.00017181,0.0001728,0.0001737,0.00017406,0.00017487,0.00017586,0.00017639999999999998,0.00017712,0.00017784,0.0001782,0.00017864999999999998,0.00017927999999999998,0.00017999999999999998,0.00018036000000000001,0.00018071999999999996,0.00018108,0.00018135,0.0001818,0.00018216,0.00018261,0.00018287999999999998,0.00018287999999999998,0.00018341999999999998,0.00018350999999999998,0.00018395999999999997,0.00018432,0.0001845,0.00018477,0.00018495,0.00018522,0.00018531,0.00018567,0.00018594,0.00018612,0.00018629999999999997,0.00018638999999999998,0.00018648,0.00018684000000000002,0.00018692999999999997,0.00018728999999999998,0.00018755999999999997,0.00018765,0.0001881,0.00018792,0.00018819,0.00018837,0.00018873,0.00018899999999999999,0.00018909,0.00018926999999999998,0.00018926999999999998,0.00018936,0.00018945,0.00018981,0.00018999,0.00019016999999999998,0.00019035,0.00019052999999999998,0.00019079999999999998,0.00019079999999999998,0.00019089,0.00019125000000000001,0.00019133999999999997,0.0001917,0.00019160999999999996,0.00019160999999999996,0.00019197,0.00019197,0.00019215],"unit":"A\/cm2"},"voc":{"unit":"V","value":1.082158},"isc":{"unit":"A","value":2.124553},"jsc":{"unit":"mA\/cm2","value":23.606143},"fill_factor":{"unit":"%","value":70.796842},"vmax":{"unit":"V","value":0.914},"efficiency":{"unit":"%","value":18.085454},"monitor_cell_reading":{"unit":"mV","value":0},"monitor_cell_calibration_value":{"unit":"mV","value":0},"test_device_area":{"unit":"cm2","value":0.09},"num_of_series_connected_stacks":{"unit":"","value":1},"sweep_direction":{"unit":"","value":"Reverse"},"device_id":{"unit":"","value":"7-3-r"},"cell_dimension":{"unit":"cm2","value":0.09},"key":"Reverse_IV 7-3"},{"V":{"value":[1.2,1.187,1.174,1.161,1.148,1.135,1.122,1.109,1.096,1.083,1.07,1.057,1.044,1.031,1.018,1.005,0.992,0.979,0.966,0.953,0.94,0.927,0.914,0.901,0.888,0.875,0.862,0.849,0.836,0.823,0.81,0.797,0.784,0.771,0.758,0.745,0.732,0.719,0.706,0.693,0.68,0.667,0.654,0.641,0.628,0.615,0.602,0.589,0.576,0.563,0.55,0.537,0.524,0.511,0.498,0.485,0.472,0.459,0.446,0.433,0.42,0.407,0.394,0.381,0.368,0.355,0.342,0.329,0.316,0.303,0.29,0.277,0.264,0.251,0.238,0.225,0.212,0.199,0.186,0.173,0.16,0.147,0.134,0.121,0.108,0.095,0.082,0.069,0.056,0.043,0.03,0.017,0.004,-0.009,-0.022,-0.035,-0.048,-0.061,-0.074,-0.087],"unit":"V"},"I":{"value":[-0.006677,-0.005735,-0.004855,-0.003964,-0.003179,-0.002444,-0.001764,-0.001144,-0.000589,-0.000105,0.000308,0.000649,0.000926,0.001145,0.001312,0.001443,0.001542,0.00162,0.001678,0.001725,0.001761,0.001792,0.001816,0.001835,0.001855,0.001871,0.001885,0.001897,0.001909,0.00192,0.001929,0.001942,0.001947,0.001956,0.001966,0.001972,0.001978,0.001984,0.001992,0.001996,0.002002,0.002006,0.002013,0.002015,0.002022,0.002024,0.002028,0.002031,0.002035,0.002039,0.002042,0.002047,0.002049,0.002051,0.002054,0.002056,0.002059,0.00206,0.002062,0.002066,0.002067,0.002069,0.002074,0.002076,0.002078,0.00208,0.002081,0.002084,0.002086,0.002087,0.002091,0.002095,0.002097,0.002097,0.002098,0.002101,0.002102,0.002105,0.002108,0.00211,0.002111,0.002111,0.002113,0.002117,0.002118,0.002121,0.002122,0.002125,0.002127,0.002125,0.002127,0.00213,0.002131,0.002134,0.002135,0.002134,0.002135,0.002139,0.002141,0.002143],"unit":"A"},"J":{"value":[-0.00060093,-0.0005161499999999999,-0.00043694999999999997,-0.00035675999999999997,-0.00028611,-0.00021996,-0.00015875999999999998,-0.00010296,-5.3009999999999996e-5,-9.45e-6,2.772e-5,5.840999999999999e-5,8.334e-5,0.00010305,0.00011808,0.00012987,0.00013878,0.0001458,0.00015102,0.00015524999999999998,0.00015848999999999998,0.00016128,0.00016344,0.00016515,0.00016695,0.00016839,0.00016964999999999998,0.00017073,0.00017181,0.0001728,0.00017360999999999999,0.00017477999999999998,0.00017523,0.00017603999999999997,0.00017693999999999997,0.00017748,0.00017802,0.00017856,0.00017927999999999998,0.00017963999999999998,0.00018017999999999997,0.00018054,0.00018117,0.00018135,0.00018198,0.00018216,0.00018251999999999998,0.00018278999999999998,0.00018314999999999998,0.00018350999999999998,0.00018377999999999998,0.00018423000000000002,0.00018441,0.00018459,0.00018486,0.00018504,0.00018531,0.0001854,0.00018558,0.00018594,0.00018602999999999998,0.00018621,0.00018665999999999998,0.00018684000000000002,0.00018701999999999998,0.00018719999999999997,0.00018728999999999998,0.00018755999999999997,0.00018774000000000002,0.00018783,0.00018819,0.00018855,0.00018873,0.00018873,0.00018882,0.00018909,0.00018918,0.00018945,0.00018972,0.00018989999999999998,0.00018999,0.00018999,0.00019016999999999998,0.00019052999999999998,0.00019062,0.00019089,0.00019098000000000002,0.00019125000000000001,0.00019143,0.00019125000000000001,0.00019143,0.0001917,0.00019179,0.00019206,0.00019215,0.00019206,0.00019215,0.00019250999999999998,0.00019269,0.00019287],"unit":"A\/cm2"},"voc":{"unit":"V","value":1.083321},"isc":{"unit":"A","value":2.131072},"jsc":{"unit":"mA\/cm2","value":23.678576},"fill_factor":{"unit":"%","value":71.937425},"vmax":{"unit":"V","value":0.927},"efficiency":{"unit":"%","value":18.453031},"monitor_cell_reading":{"unit":"mV","value":0},"monitor_cell_calibration_value":{"unit":"mV","value":0},"test_device_area":{"unit":"cm2","value":0.09},"num_of_series_connected_stacks":{"unit":"","value":1},"sweep_direction":{"unit":"","value":"Reverse"},"device_id":{"unit":"","value":"7-2-r"},"cell_dimension":{"unit":"cm2","value":0.09},"key":"Reverse_IV 7-2"},{"V":{"value":[1.2,1.187,1.174,1.161,1.148,1.135,1.122,1.109,1.096,1.083,1.07,1.057,1.044,1.031,1.018,1.005,0.992,0.979,0.966,0.953,0.94,0.927,0.914,0.901,0.888,0.875,0.862,0.849,0.836,0.823,0.81,0.797,0.784,0.771,0.758,0.745,0.732,0.719,0.706,0.693,0.68,0.667,0.654,0.641,0.628,0.615,0.602,0.589,0.576,0.563,0.55,0.537,0.524,0.511,0.498,0.485,0.472,0.459,0.446,0.433,0.42,0.407,0.394,0.381,0.368,0.355,0.342,0.329,0.316,0.303,0.29,0.277,0.264,0.251,0.238,0.225,0.212,0.199,0.186,0.173,0.16,0.147,0.134,0.121,0.108,0.095,0.082,0.069,0.056,0.043,0.03,0.017,0.004,-0.009,-0.022,-0.035,-0.048,-0.061,-0.074,-0.087],"unit":"V"},"I":{"value":[-0.005735,-0.004772,-0.003856,-0.002991,-0.002193,-0.001459,-0.000803,-0.000221,0.00028,0.000698,0.001037,0.001304,0.001505,0.001656,0.001767,0.001846,0.001903,0.001944,0.001976,0.002,0.00202,0.002036,0.002045,0.002057,0.002064,0.002072,0.002076,0.002084,0.002087,0.002094,0.002096,0.0021,0.002103,0.002108,0.00211,0.002111,0.002116,0.002116,0.002119,0.002124,0.002124,0.002128,0.002129,0.00213,0.00213,0.002132,0.002134,0.002137,0.00214,0.00214,0.002142,0.002143,0.002144,0.002145,0.002148,0.002149,0.00215,0.002149,0.002152,0.002155,0.002157,0.002159,0.00216,0.002161,0.002162,0.002163,0.002164,0.002164,0.002166,0.002168,0.002166,0.002167,0.002171,0.002169,0.002173,0.002174,0.002174,0.002176,0.002176,0.002179,0.002181,0.002182,0.002182,0.002183,0.002181,0.002183,0.002184,0.002185,0.002185,0.002186,0.002188,0.00219,0.00219,0.002192,0.002193,0.002193,0.002192,0.002193,0.002194,0.002197],"unit":"A"},"J":{"value":[-0.0005161499999999999,-0.00042948,-0.00034704,-0.00026919,-0.00019737,-0.00013131,-7.227e-5,-1.989e-5,2.5199999999999996e-5,6.282e-5,9.332999999999999e-5,0.00011736,0.00013544999999999999,0.00014904,0.00015902999999999997,0.00016614,0.00017126999999999998,0.00017496,0.00017784,0.00017999999999999998,0.0001818,0.00018324,0.00018405,0.00018512999999999998,0.00018575999999999998,0.00018648,0.00018684000000000002,0.00018755999999999997,0.00018783,0.00018846,0.00018864,0.00018899999999999999,0.00018926999999999998,0.00018972,0.00018989999999999998,0.00018999,0.00019043999999999997,0.00019043999999999997,0.00019070999999999997,0.00019116,0.00019116,0.00019152,0.00019160999999999996,0.0001917,0.0001917,0.00019188,0.00019206,0.00019233,0.0001926,0.0001926,0.00019277999999999998,0.00019287,0.00019296,0.00019305,0.00019332,0.00019340999999999998,0.0001935,0.00019340999999999998,0.00019367999999999998,0.00019394999999999997,0.00019412999999999999,0.00019430999999999997,0.00019439999999999998,0.00019449000000000002,0.00019457999999999997,0.00019467,0.00019476,0.00019476,0.00019494,0.00019511999999999996,0.00019494,0.00019503,0.00019539,0.00019521,0.00019557,0.00019566,0.00019566,0.00019584,0.00019584,0.00019611,0.00019629,0.00019638,0.00019638,0.00019647,0.00019629,0.00019647,0.00019656,0.00019664999999999998,0.00019664999999999998,0.00019674,0.00019691999999999998,0.0001971,0.0001971,0.00019727999999999998,0.00019737,0.00019737,0.00019727999999999998,0.00019737,0.00019746000000000002,0.00019773000000000002],"unit":"A\/cm2"},"voc":{"unit":"V","value":1.106006},"isc":{"unit":"A","value":2.190473},"jsc":{"unit":"mA\/cm2","value":24.338589},"fill_factor":{"unit":"%","value":78.794167},"vmax":{"unit":"V","value":0.966},"efficiency":{"unit":"%","value":21.210308},"monitor_cell_reading":{"unit":"mV","value":0},"monitor_cell_calibration_value":{"unit":"mV","value":0},"test_device_area":{"unit":"cm2","value":0.09},"num_of_series_connected_stacks":{"unit":"","value":1},"sweep_direction":{"unit":"","value":"Reverse"},"device_id":{"unit":"","value":"7-1-r"},"cell_dimension":{"unit":"cm2","value":0.09},"key":"Reverse_IV 7-1"},{"V":{"value":[-0.1,-0.087,-0.074,-0.061,-0.048,-0.035,-0.022,-0.009,0.004,0.017,0.03,0.043,0.056,0.069,0.082,0.095,0.108,0.121,0.134,0.147,0.16,0.173,0.186,0.199,0.212,0.225,0.238,0.251,0.264,0.277,0.29,0.303,0.316,0.329,0.342,0.355,0.368,0.381,0.394,0.407,0.42,0.433,0.446,0.459,0.472,0.485,0.498,0.511,0.524,0.537,0.55,0.563,0.576,0.589,0.602,0.615,0.628,0.641,0.654,0.667,0.68,0.693,0.706,0.719,0.732,0.745,0.758,0.771,0.784,0.797,0.81,0.823,0.836,0.849,0.862,0.875,0.888,0.901,0.914,0.927,0.94,0.953,0.966,0.979,0.992,1.005,1.018,1.031,1.044,1.057,1.07,1.083,1.096,1.109,1.122,1.135,1.148,1.161,1.174,1.187],"unit":"V"},"I":{"value":[0.002153,0.002152,0.002151,0.002152,0.002152,0.002153,0.002155,0.002155,0.002156,0.002156,0.002157,0.002157,0.002156,0.002157,0.002159,0.002159,0.002159,0.002158,0.002157,0.002157,0.002156,0.002158,0.002159,0.002159,0.002159,0.002159,0.002158,0.002158,0.002156,0.002157,0.002155,0.002155,0.002155,0.002154,0.002153,0.002151,0.002151,0.002149,0.002151,0.002147,0.002147,0.002146,0.002146,0.002147,0.002147,0.002145,0.002144,0.002145,0.002144,0.002144,0.002144,0.002142,0.002144,0.002142,0.002142,0.00214,0.002139,0.002138,0.002137,0.002136,0.002136,0.002133,0.002133,0.002129,0.002126,0.002126,0.002123,0.00212,0.002115,0.002112,0.002111,0.002108,0.002105,0.002098,0.002092,0.002086,0.002078,0.002066,0.002055,0.00204,0.00202,0.001996,0.001958,0.00191,0.001846,0.001755,0.001632,0.001467,0.001244,0.000954,0.000596,0.000154,-0.000372,-0.000986,-0.001698,-0.002473,-0.003323,-0.004242,-0.005228,-0.006265],"unit":"A"},"J":{"value":[0.00019376999999999998,0.00019367999999999998,0.00019359,0.00019367999999999998,0.00019367999999999998,0.00019376999999999998,0.00019394999999999997,0.00019394999999999997,0.00019403999999999998,0.00019403999999999998,0.00019412999999999999,0.00019412999999999999,0.00019403999999999998,0.00019412999999999999,0.00019430999999999997,0.00019430999999999997,0.00019430999999999997,0.00019422000000000002,0.00019412999999999999,0.00019412999999999999,0.00019403999999999998,0.00019422000000000002,0.00019430999999999997,0.00019430999999999997,0.00019430999999999997,0.00019430999999999997,0.00019422000000000002,0.00019422000000000002,0.00019403999999999998,0.00019412999999999999,0.00019394999999999997,0.00019394999999999997,0.00019394999999999997,0.00019386,0.00019376999999999998,0.00019359,0.00019359,0.00019340999999999998,0.00019359,0.00019323,0.00019323,0.00019313999999999998,0.00019313999999999998,0.00019323,0.00019323,0.00019305,0.00019296,0.00019305,0.00019296,0.00019296,0.00019296,0.00019277999999999998,0.00019296,0.00019277999999999998,0.00019277999999999998,0.0001926,0.00019250999999999998,0.00019242,0.00019233,0.00019224,0.00019224,0.00019197,0.00019197,0.00019160999999999996,0.00019133999999999997,0.00019133999999999997,0.00019106999999999997,0.00019079999999999998,0.00019035,0.00019008,0.00018999,0.00018972,0.00018945,0.00018882,0.00018828,0.00018774000000000002,0.00018701999999999998,0.00018594,0.00018495,0.00018360000000000002,0.0001818,0.00017963999999999998,0.00017622,0.0001719,0.00016614,0.00015795,0.00014688,0.00013203,0.00011196,8.586e-5,5.3639999999999995e-5,1.386e-5,-3.348e-5,-8.874e-5,-0.00015282,-0.00022256999999999998,-0.00029906999999999997,-0.00038178,-0.00047052,-0.00056385],"unit":"A\/cm2"},"voc":{"unit":"V","value":1.089054},"isc":{"unit":"A","value":2.156329},"jsc":{"unit":"mA\/cm2","value":23.95921},"fill_factor":{"unit":"%","value":81.002145},"vmax":{"unit":"V","value":0.953},"efficiency":{"unit":"%","value":21.13579},"monitor_cell_reading":{"unit":"mV","value":0},"monitor_cell_calibration_value":{"unit":"mV","value":0},"test_device_area":{"unit":"cm2","value":0.09},"num_of_series_connected_stacks":{"unit":"","value":1},"sweep_direction":{"unit":"","value":"Forward"},"device_id":{"unit":"","value":"7-5-f"},"cell_dimension":{"unit":"cm2","value":0.09},"key":"Forward_IV 7-5"},{"V":{"value":[-0.1,-0.087,-0.074,-0.061,-0.048,-0.035,-0.022,-0.009,0.004,0.017,0.03,0.043,0.056,0.069,0.082,0.095,0.108,0.121,0.134,0.147,0.16,0.173,0.186,0.199,0.212,0.225,0.238,0.251,0.264,0.277,0.29,0.303,0.316,0.329,0.342,0.355,0.368,0.381,0.394,0.407,0.42,0.433,0.446,0.459,0.472,0.485,0.498,0.511,0.524,0.537,0.55,0.563,0.576,0.589,0.602,0.615,0.628,0.641,0.654,0.667,0.68,0.693,0.706,0.719,0.732,0.745,0.758,0.771,0.784,0.797,0.81,0.823,0.836,0.849,0.862,0.875,0.888,0.901,0.914,0.927,0.94,0.953,0.966,0.979,0.992,1.005,1.018,1.031,1.044,1.057,1.07,1.083,1.096,1.109,1.122,1.135,1.148,1.161,1.174,1.187],"unit":"V"},"I":{"value":[0.002121,0.002118,0.00212,0.002121,0.002124,0.002128,0.002129,0.002131,0.002131,0.002133,0.002133,0.002134,0.002136,0.002135,0.002135,0.002135,0.002134,0.002136,0.002135,0.002137,0.002139,0.002138,0.002135,0.002136,0.002134,0.002135,0.002134,0.002135,0.002135,0.002135,0.002135,0.002132,0.002134,0.002132,0.002134,0.002134,0.002133,0.002134,0.002133,0.002133,0.002133,0.002129,0.002131,0.00213,0.002129,0.00213,0.002128,0.002127,0.002124,0.002122,0.002124,0.002124,0.002124,0.002126,0.002121,0.00212,0.00212,0.002118,0.002118,0.002115,0.002114,0.00211,0.00211,0.002108,0.002107,0.002104,0.0021,0.002096,0.002095,0.002091,0.00209,0.002086,0.002078,0.002075,0.002069,0.002061,0.002054,0.002043,0.00203,0.002013,0.001991,0.001967,0.001933,0.001884,0.001816,0.001725,0.001599,0.001429,0.001203,0.000902,0.00052,3.8e-5,-0.000546,-0.001236,-0.002013,-0.002889,-0.003858,-0.004909,-0.006039,-0.007239],"unit":"A"},"J":{"value":[0.00019089,0.00019062,0.00019079999999999998,0.00019089,0.00019116,0.00019152,0.00019160999999999996,0.00019179,0.00019179,0.00019197,0.00019197,0.00019206,0.00019224,0.00019215,0.00019215,0.00019215,0.00019206,0.00019224,0.00019215,0.00019233,0.00019250999999999998,0.00019242,0.00019215,0.00019224,0.00019206,0.00019215,0.00019206,0.00019215,0.00019215,0.00019215,0.00019215,0.00019188,0.00019206,0.00019188,0.00019206,0.00019206,0.00019197,0.00019206,0.00019197,0.00019197,0.00019197,0.00019160999999999996,0.00019179,0.0001917,0.00019160999999999996,0.0001917,0.00019152,0.00019143,0.00019116,0.00019098000000000002,0.00019116,0.00019116,0.00019116,0.00019133999999999997,0.00019089,0.00019079999999999998,0.00019079999999999998,0.00019062,0.00019062,0.00019035,0.00019025999999999998,0.00018989999999999998,0.00018989999999999998,0.00018972,0.00018962999999999999,0.00018936,0.00018899999999999999,0.00018864,0.00018855,0.00018819,0.0001881,0.00018774000000000002,0.00018701999999999998,0.00018674999999999999,0.00018621,0.00018549,0.00018486,0.00018387,0.0001827,0.00018117,0.00017919,0.00017703,0.00017397,0.00016956,0.00016344,0.00015524999999999998,0.00014391,0.00012860999999999998,0.00010827,8.118e-5,4.679999999999999e-5,3.42e-6,-4.914e-5,-0.00011123999999999999,-0.00018117,-0.00026000999999999997,-0.00034721999999999997,-0.00044181,-0.00054351,-0.00065151],"unit":"A\/cm2"},"voc":{"unit":"V","value":1.086603},"isc":{"unit":"A","value":2.130941},"jsc":{"unit":"mA\/cm2","value":23.67712},"fill_factor":{"unit":"%","value":80.948836},"vmax":{"unit":"V","value":0.953},"efficiency":{"unit":"%","value":20.826223},"monitor_cell_reading":{"unit":"mV","value":0},"monitor_cell_calibration_value":{"unit":"mV","value":0},"test_device_area":{"unit":"cm2","value":0.09},"num_of_series_connected_stacks":{"unit":"","value":1},"sweep_direction":{"unit":"","value":"Forward"},"device_id":{"unit":"","value":"7-4-f"},"cell_dimension":{"unit":"cm2","value":0.09},"key":"Forward_IV 7-4"},{"V":{"value":[-0.1,-0.087,-0.074,-0.061,-0.048,-0.035,-0.022,-0.009,0.004,0.017,0.03,0.043,0.056,0.069,0.082,0.095,0.108,0.121,0.134,0.147,0.16,0.173,0.186,0.199,0.212,0.225,0.238,0.251,0.264,0.277,0.29,0.303,0.316,0.329,0.342,0.355,0.368,0.381,0.394,0.407,0.42,0.433,0.446,0.459,0.472,0.485,0.498,0.511,0.524,0.537,0.55,0.563,0.576,0.589,0.602,0.615,0.628,0.641,0.654,0.667,0.68,0.693,0.706,0.719,0.732,0.745,0.758,0.771,0.784,0.797,0.81,0.823,0.836,0.849,0.862,0.875,0.888,0.901,0.914,0.927,0.94,0.953,0.966,0.979,0.992,1.005,1.018,1.031,1.044,1.057,1.07,1.083,1.096,1.109,1.122,1.135,1.148,1.161,1.174,1.187],"unit":"V"},"I":{"value":[0.00209,0.002088,0.002089,0.002092,0.002097,0.002096,0.002095,0.002096,0.002097,0.002101,0.0021,0.002102,0.002102,0.002103,0.002102,0.002103,0.002103,0.002106,0.002106,0.002104,0.002105,0.002105,0.002104,0.002105,0.002104,0.002104,0.002103,0.002104,0.002104,0.002103,0.002103,0.002104,0.002101,0.002102,0.002103,0.002101,0.0021,0.002101,0.002099,0.002098,0.002097,0.002095,0.002095,0.002096,0.002096,0.002097,0.002093,0.002092,0.002091,0.002091,0.002088,0.00209,0.002088,0.002087,0.002086,0.002084,0.002083,0.002081,0.002081,0.00208,0.00208,0.002076,0.002073,0.002071,0.002069,0.002066,0.002062,0.00206,0.002057,0.002055,0.002051,0.002044,0.00204,0.002035,0.002028,0.002019,0.002011,0.001999,0.001988,0.001974,0.001955,0.001928,0.001895,0.001846,0.001783,0.001694,0.001573,0.001408,0.001183,0.000886,0.00051,3.2e-5,-0.000552,-0.001247,-0.002033,-0.002921,-0.003908,-0.004984,-0.006144,-0.007378],"unit":"A"},"J":{"value":[0.0001881,0.00018792,0.00018801,0.00018828,0.00018873,0.00018864,0.00018855,0.00018864,0.00018873,0.00018909,0.00018899999999999999,0.00018918,0.00018918,0.00018926999999999998,0.00018918,0.00018926999999999998,0.00018926999999999998,0.00018953999999999998,0.00018953999999999998,0.00018936,0.00018945,0.00018945,0.00018936,0.00018945,0.00018936,0.00018936,0.00018926999999999998,0.00018936,0.00018936,0.00018926999999999998,0.00018926999999999998,0.00018936,0.00018909,0.00018918,0.00018926999999999998,0.00018909,0.00018899999999999999,0.00018909,0.00018891,0.00018882,0.00018873,0.00018855,0.00018855,0.00018864,0.00018864,0.00018873,0.00018837,0.00018828,0.00018819,0.00018819,0.00018792,0.0001881,0.00018792,0.00018783,0.00018774000000000002,0.00018755999999999997,0.00018747000000000002,0.00018728999999999998,0.00018728999999999998,0.00018719999999999997,0.00018719999999999997,0.00018684000000000002,0.00018657,0.00018638999999999998,0.00018621,0.00018594,0.00018558,0.0001854,0.00018512999999999998,0.00018495,0.00018459,0.00018395999999999997,0.00018360000000000002,0.00018314999999999998,0.00018251999999999998,0.00018171,0.00018099000000000001,0.00017990999999999998,0.00017892,0.00017766,0.00017595,0.00017352,0.00017055,0.00016614,0.00016047000000000001,0.00015246,0.00014157,0.00012671999999999998,0.00010647,7.973999999999999e-5,4.5900000000000004e-5,2.88e-6,-4.968e-5,-0.00011223,-0.00018297,-0.00026289,-0.00035172,-0.00044856,-0.00055296,-0.00066402],"unit":"A\/cm2"},"voc":{"unit":"V","value":1.08661},"isc":{"unit":"A","value":2.097468},"jsc":{"unit":"mA\/cm2","value":23.305196},"fill_factor":{"unit":"%","value":80.631234},"vmax":{"unit":"V","value":0.94},"efficiency":{"unit":"%","value":20.418779},"monitor_cell_reading":{"unit":"mV","value":0},"monitor_cell_calibration_value":{"unit":"mV","value":0},"test_device_area":{"unit":"cm2","value":0.09},"num_of_series_connected_stacks":{"unit":"","value":1},"sweep_direction":{"unit":"","value":"Forward"},"device_id":{"unit":"","value":"7-3-f"},"cell_dimension":{"unit":"cm2","value":0.09},"key":"Forward_IV 7-3"},{"V":{"value":[-0.1,-0.087,-0.074,-0.061,-0.048,-0.035,-0.022,-0.009,0.004,0.017,0.03,0.043,0.056,0.069,0.082,0.095,0.108,0.121,0.134,0.147,0.16,0.173,0.186,0.199,0.212,0.225,0.238,0.251,0.264,0.277,0.29,0.303,0.316,0.329,0.342,0.355,0.368,0.381,0.394,0.407,0.42,0.433,0.446,0.459,0.472,0.485,0.498,0.511,0.524,0.537,0.55,0.563,0.576,0.589,0.602,0.615,0.628,0.641,0.654,0.667,0.68,0.693,0.706,0.719,0.732,0.745,0.758,0.771,0.784,0.797,0.81,0.823,0.836,0.849,0.862,0.875,0.888,0.901,0.914,0.927,0.94,0.953,0.966,0.979,0.992,1.005,1.018,1.031,1.044,1.057,1.07,1.083,1.096,1.109,1.122,1.135,1.148,1.161,1.174,1.187],"unit":"V"},"I":{"value":[0.002083,0.002084,0.002085,0.002088,0.002089,0.002092,0.00209,0.002094,0.002097,0.002097,0.002098,0.002098,0.002099,0.002098,0.002099,0.002099,0.002097,0.0021,0.002101,0.002102,0.002102,0.002102,0.002105,0.002101,0.0021,0.0021,0.0021,0.002098,0.002099,0.002099,0.002099,0.002098,0.002099,0.002099,0.002096,0.002096,0.002095,0.002094,0.002094,0.002094,0.002092,0.002093,0.002094,0.002093,0.002091,0.00209,0.002089,0.002087,0.002089,0.002088,0.002087,0.002088,0.002085,0.002084,0.002082,0.002079,0.002077,0.002078,0.002076,0.002077,0.002074,0.002071,0.00207,0.002068,0.002066,0.002064,0.002064,0.002059,0.002053,0.002052,0.002048,0.002043,0.002037,0.002029,0.002024,0.002015,0.002008,0.001995,0.001982,0.001964,0.00194,0.001911,0.001872,0.00182,0.00175,0.001655,0.001526,0.001354,0.00113,0.000847,0.000501,8.5e-5,-0.000399,-0.000936,-0.001549,-0.002197,-0.002895,-0.003636,-0.004415,-0.00523],"unit":"A"},"J":{"value":[0.00018747000000000002,0.00018755999999999997,0.00018765,0.00018792,0.00018801,0.00018828,0.0001881,0.00018846,0.00018873,0.00018873,0.00018882,0.00018882,0.00018891,0.00018882,0.00018891,0.00018891,0.00018873,0.00018899999999999999,0.00018909,0.00018918,0.00018918,0.00018918,0.00018945,0.00018909,0.00018899999999999999,0.00018899999999999999,0.00018899999999999999,0.00018882,0.00018891,0.00018891,0.00018891,0.00018882,0.00018891,0.00018891,0.00018864,0.00018864,0.00018855,0.00018846,0.00018846,0.00018846,0.00018828,0.00018837,0.00018846,0.00018837,0.00018819,0.0001881,0.00018801,0.00018783,0.00018801,0.00018792,0.00018783,0.00018792,0.00018765,0.00018755999999999997,0.00018738,0.00018711000000000002,0.00018692999999999997,0.00018701999999999998,0.00018684000000000002,0.00018692999999999997,0.00018665999999999998,0.00018638999999999998,0.00018629999999999997,0.00018612,0.00018594,0.00018575999999999998,0.00018575999999999998,0.00018531,0.00018477,0.00018468,0.00018432,0.00018387,0.00018333000000000002,0.00018261,0.00018216,0.00018135,0.00018071999999999996,0.00017954999999999997,0.00017837999999999998,0.00017676,0.00017460000000000002,0.00017198999999999998,0.00016847999999999999,0.0001638,0.0001575,0.00014895,0.00013733999999999998,0.00012185999999999999,0.00010169999999999999,7.623e-5,4.5090000000000004e-5,7.65e-6,-3.591e-5,-8.423999999999999e-5,-0.00013941,-0.00019773000000000002,-0.00026055,-0.00032723999999999996,-0.00039734999999999993,-0.0004707],"unit":"A\/cm2"},"voc":{"unit":"V","value":1.087283},"isc":{"unit":"A","value":2.09667},"jsc":{"unit":"mA\/cm2","value":23.296333},"fill_factor":{"unit":"%","value":79.986943},"vmax":{"unit":"V","value":0.94},"efficiency":{"unit":"%","value":20.260453},"monitor_cell_reading":{"unit":"mV","value":0},"monitor_cell_calibration_value":{"unit":"mV","value":0},"test_device_area":{"unit":"cm2","value":0.09},"num_of_series_connected_stacks":{"unit":"","value":1},"sweep_direction":{"unit":"","value":"Forward"},"device_id":{"unit":"","value":"7-2-f"},"cell_dimension":{"unit":"cm2","value":0.09},"key":"Forward_IV 7-2"},{"V":{"value":[-0.1,-0.087,-0.074,-0.061,-0.048,-0.035,-0.022,-0.009,0.004,0.017,0.03,0.043,0.056,0.069,0.082,0.095,0.108,0.121,0.134,0.147,0.16,0.173,0.186,0.199,0.212,0.225,0.238,0.251,0.264,0.277,0.29,0.303,0.316,0.329,0.342,0.355,0.368,0.381,0.394,0.407,0.42,0.433,0.446,0.459,0.472,0.485,0.498,0.511,0.524,0.537,0.55,0.563,0.576,0.589,0.602,0.615,0.628,0.641,0.654,0.667,0.68,0.693,0.706,0.719,0.732,0.745,0.758,0.771,0.784,0.797,0.81,0.823,0.836,0.849,0.862,0.875,0.888,0.901,0.914,0.927,0.94,0.953,0.966,0.979,0.992,1.005,1.018,1.031,1.044,1.057,1.07,1.083,1.096,1.109,1.122,1.135,1.148,1.161,1.174,1.187],"unit":"V"},"I":{"value":[0.002171,0.002171,0.002169,0.002167,0.002169,0.002168,0.002168,0.00217,0.002171,0.002168,0.002171,0.002168,0.00217,0.002169,0.002169,0.002169,0.002168,0.00217,0.002169,0.002169,0.002169,0.002168,0.002168,0.002168,0.002167,0.002168,0.002167,0.002167,0.002166,0.002168,0.002164,0.002164,0.002165,0.002164,0.002163,0.002163,0.002161,0.002161,0.00216,0.002158,0.002156,0.002157,0.002157,0.002158,0.002157,0.002156,0.002155,0.002154,0.002151,0.002151,0.002151,0.002151,0.00215,0.00215,0.00215,0.002148,0.002147,0.002145,0.002145,0.002143,0.002143,0.002141,0.002136,0.002135,0.002136,0.002135,0.002132,0.002129,0.002126,0.002124,0.002122,0.002118,0.002115,0.002113,0.002107,0.002101,0.002094,0.002086,0.002075,0.002064,0.002043,0.002022,0.001991,0.001944,0.001881,0.001794,0.001675,0.001517,0.001309,0.001045,0.00072,0.000316,-0.000162,-0.00072,-0.001354,-0.002066,-0.00285,-0.003699,-0.004615,-0.005584],"unit":"A"},"J":{"value":[0.00019539,0.00019539,0.00019521,0.00019503,0.00019521,0.00019511999999999996,0.00019511999999999996,0.0001953,0.00019539,0.00019511999999999996,0.00019539,0.00019511999999999996,0.0001953,0.00019521,0.00019521,0.00019521,0.00019511999999999996,0.0001953,0.00019521,0.00019521,0.00019521,0.00019511999999999996,0.00019511999999999996,0.00019511999999999996,0.00019503,0.00019511999999999996,0.00019503,0.00019503,0.00019494,0.00019511999999999996,0.00019476,0.00019476,0.00019484999999999997,0.00019476,0.00019467,0.00019467,0.00019449000000000002,0.00019449000000000002,0.00019439999999999998,0.00019422000000000002,0.00019403999999999998,0.00019412999999999999,0.00019412999999999999,0.00019422000000000002,0.00019412999999999999,0.00019403999999999998,0.00019394999999999997,0.00019386,0.00019359,0.00019359,0.00019359,0.00019359,0.0001935,0.0001935,0.0001935,0.00019332,0.00019323,0.00019305,0.00019305,0.00019287,0.00019287,0.00019269,0.00019224,0.00019215,0.00019224,0.00019215,0.00019188,0.00019160999999999996,0.00019133999999999997,0.00019116,0.00019098000000000002,0.00019062,0.00019035,0.00019016999999999998,0.00018962999999999999,0.00018909,0.00018846,0.00018774000000000002,0.00018674999999999999,0.00018575999999999998,0.00018387,0.00018198,0.00017919,0.00017496,0.00016929,0.00016146,0.00015075,0.00013653,0.00011781,9.405e-5,6.48e-5,2.844e-5,-1.458e-5,-6.48e-5,-0.00012185999999999999,-0.00018594,-0.0002565,-0.00033291,-0.00041535,-0.00050256],"unit":"A\/cm2"},"voc":{"unit":"V","value":1.095372},"isc":{"unit":"A","value":2.170557},"jsc":{"unit":"mA\/cm2","value":24.117299},"fill_factor":{"unit":"%","value":81.055762},"vmax":{"unit":"V","value":0.953},"efficiency":{"unit":"%","value":21.412827},"monitor_cell_reading":{"unit":"mV","value":0},"monitor_cell_calibration_value":{"unit":"mV","value":0},"test_device_area":{"unit":"cm2","value":0.09},"num_of_series_connected_stacks":{"unit":"","value":1},"sweep_direction":{"unit":"","value":"Forward"},"device_id":{"unit":"","value":"7-1-f"},"cell_dimension":{"unit":"cm2","value":0.09},"key":"Forward_IV 7-1"}]}}