{"_id":"6530d68d851eea3e48563ee6","id":"SKKU-SC-00149","author":82,"group":11,"input":[{"tco":{"unit":"","value":"FTO"}},{"surface_treatment":{"unit":"","value":"UVO"}},{"etl":[{"material":{"unit":"","value":"SnO2"},"concentration":{"unit":"","value":"120"},"conc_unit":{"unit":"","value":"mg\/ml"},"quantity":{"unit":"ml","value":"1"}}],"spin_coating":[{"type":{"unit":"","value":"Static (loading)"},"rpm":{"unit":"","value":"4000"},"time":{"unit":"s","value":"20"}}],"annealing":[{"temperature":{"unit":"oC","value":"185"},"time":{"unit":"m","value":"30"}}]},{"perovskite":{"method":{"unit":"","value":"1step"},"molarity":{"unit":"M","value":"2M"},"a_site":[{"material":{"unit":"","value":"FA"},"ratio":{"unit":"","value":"100"}}],"b_site":[{"material":{"unit":"","value":"Pb"},"ratio":{"unit":"","value":"100"}}],"x_site":[{"material":{"unit":"","value":"I"},"ratio":{"unit":"","value":"100"}}],"solvent":[{"material":{"unit":"","value":"DMF"},"volume":{"unit":"ml","value":"0.5"}},{"material":{"unit":"","value":"NMP"},"volume":{"unit":"ml","value":"0.0964"}}],"antisolvent":[{"material":{"unit":"","value":"DEE"},"quantity":{"unit":"ul","value":"150"},"dripping_time":{"unit":"s","value":"13"}}],"annealing":[{"temperature":{"unit":"oC","value":"100"},"time":{"unit":"m","value":"5"}},{"temperature":{"unit":"oC","value":"150"},"time":{"unit":"m","value":"30"}}],"spin_coating":[{"type":{"unit":"","value":"Static (loading)"},"rpm":{"unit":"","value":"4000"},"time":{"unit":"s","value":"20"}}],"additive":[{"material":{"unit":"","value":"MACl"},"solvent":{"unit":"","value":"DMF"},"concentration":{"unit":"","value":"225"},"conc_unit":{"unit":"","value":"mM"},"quantity":{"unit":"mol%","value":"22.5"}}],"atmosphere":[{"type":{"unit":"","value":"glove-box(N2)"},"temperature":{"unit":"oC","value":"21.1"},"humidity":{"unit":"RH%","value":"0"}}]}},{"perovskite_treatment":[{"material":{"unit":"","value":"3AMPI"},"concentration":{"unit":"","value":"4"},"conc_unit":{"unit":"","value":"mM"},"quantity":{"unit":"ml","value":"0.05"}}],"solvent":[{"material":{"unit":"","value":"IPA"},"volume":{"unit":"ml","value":"1"}}],"annealing":[{"temperature":{"unit":"oC","value":"100"},"time":{"unit":"m","value":"5"}}],"spin_coating":[{"type":{"unit":"","value":"Dynamic"},"rpm":{"unit":"","value":"5000"},"time":{"unit":"s","value":"30"}}]},{"htl":[{"material":{"unit":"","value":"Spiro-OMeTAD"},"concentration":{"unit":"","value":"0.0868"},"conc_unit":{"unit":"","value":"mg\/ml"},"quantity":{"unit":"ml","value":"0.03"}}],"spin_coating":[{"type":{"unit":"","value":"Dynamic"},"rpm":{"unit":"","value":"3000"},"time":{"unit":"s","value":"30"}}],"htl_doping":[{"material":{"unit":"","value":"Li-TFSI"},"volume":{"unit":"ul","value":"20"}},{"material":{"unit":"","value":"tBP"},"volume":{"unit":"ul","value":"34"}}],"solvent":[{"material":{"unit":"","value":"CB"},"volume":{"unit":"ml","value":"1"}}]},{"anode_metal":{"unit":"","value":"Ag"}},{"note":{"unit":"","value":"3AMPI ambient passivation"},"type":{"unit":"","value":"unit_cell"},"device_type":{"unit":"","value":"n-i-p"},"temperature":{"unit":"\u2103","value":"20.4"},"humidity":{"unit":"%","value":"50"},"cell_dimension":{"unit":"cm2","value":"0.125"}}],"fileinfo":[{"key":"Forward_IV 3AMP-4mM-3-3","uploadType":"JV","original_name":"IV 3AMP-4mM-3-3-R.txt","save_name":"SKKU-SC-00149\/Forward_IV 3AMP-4mM-3-3","uploader":82,"fileType":""},{"key":"Forward_IV 3AMP-4mM-1-1","uploadType":"JV","original_name":"IV 3AMP-4mM-1-1-F.txt","save_name":"SKKU-SC-00149\/Forward_IV 3AMP-4mM-1-1","uploader":82,"fileType":""},{"key":"Reverse_IV 3AMP-4mM-1-1","uploadType":"JV","original_name":"IV 3AMP-4mM-1-1-R.txt","save_name":"SKKU-SC-00149\/Reverse_IV 3AMP-4mM-1-1","uploader":82,"fileType":""},{"key":"Forward_IV 3AMP-4mM-1-2","uploadType":"JV","original_name":"IV 3AMP-4mM-1-2-F.txt","save_name":"SKKU-SC-00149\/Forward_IV 3AMP-4mM-1-2","uploader":82,"fileType":""},{"key":"Reverse_IV 3AMP-4mM-1-2","uploadType":"JV","original_name":"IV 3AMP-4mM-1-2-R.txt","save_name":"SKKU-SC-00149\/Reverse_IV 3AMP-4mM-1-2","uploader":82,"fileType":""},{"key":"Forward_IV 3AMP-4mM-1-3","uploadType":"JV","original_name":"IV 3AMP-4mM-1-3-F.txt","save_name":"SKKU-SC-00149\/Forward_IV 3AMP-4mM-1-3","uploader":82,"fileType":""},{"key":"Reverse_IV 3AMP-4mM-1-3","uploadType":"JV","original_name":"IV 3AMP-4mM-1-3-R.txt","save_name":"SKKU-SC-00149\/Reverse_IV 3AMP-4mM-1-3","uploader":82,"fileType":""},{"key":"Forward_IV 3AMP-4mM-2-1","uploadType":"JV","original_name":"IV 3AMP-4mM-2-1-F.txt","save_name":"SKKU-SC-00149\/Forward_IV 3AMP-4mM-2-1","uploader":82,"fileType":""},{"key":"Reverse_IV 3AMP-4mM-2-1","uploadType":"JV","original_name":"IV 3AMP-4mM-2-1-R.txt","save_name":"SKKU-SC-00149\/Reverse_IV 3AMP-4mM-2-1","uploader":82,"fileType":""},{"key":"Forward_IV 3AMP-4mM-2-2","uploadType":"JV","original_name":"IV 3AMP-4mM-2-2-F.txt","save_name":"SKKU-SC-00149\/Forward_IV 3AMP-4mM-2-2","uploader":82,"fileType":""},{"key":"Reverse_IV 3AMP-4mM-2-2","uploadType":"JV","original_name":"IV 3AMP-4mM-2-2-R.txt","save_name":"SKKU-SC-00149\/Reverse_IV 3AMP-4mM-2-2","uploader":82,"fileType":""},{"key":"Forward_IV 3AMP-4mM-2-3","uploadType":"JV","original_name":"IV 3AMP-4mM-2-3-F.txt","save_name":"SKKU-SC-00149\/Forward_IV 3AMP-4mM-2-3","uploader":82,"fileType":""},{"key":"Reverse_IV 3AMP-4mM-2-3","uploadType":"JV","original_name":"IV 3AMP-4mM-2-3-R.txt","save_name":"SKKU-SC-00149\/Reverse_IV 3AMP-4mM-2-3","uploader":82,"fileType":""},{"key":"Forward_IV 3AMP-4mM-3-2","uploadType":"JV","original_name":"IV 3AMP-4mM-3-2-F.txt","save_name":"SKKU-SC-00149\/Forward_IV 3AMP-4mM-3-2","uploader":82,"fileType":""},{"key":"Reverse_IV 3AMP-4mM-3-2","uploadType":"JV","original_name":"IV 3AMP-4mM-3-2-R.txt","save_name":"SKKU-SC-00149\/Reverse_IV 3AMP-4mM-3-2","uploader":82,"fileType":""},{"key":"Reverse_IV 3AMP-4mM-3-3","uploadType":"JV","original_name":"IV 3AMP-4mM-3-3-F.txt","save_name":"SKKU-SC-00149\/Reverse_IV 3AMP-4mM-3-3","uploader":82,"fileType":""}],"jvcnt":16,"updated_at":"2024-10-24 09:15:41","created_at":"2023-10-19 07:11:09","analysisInfo":{"JV":[{"efficiency":13.14,"fill_factor":54.78,"jsc":22.282,"voc":1.0763,"key":"Reverse_IV 3AMP-4mM-3-3","cell_dimension":0.125},{"efficiency":13.7,"fill_factor":56.81,"jsc":22.316,"voc":1.0803,"key":"Reverse_IV 3AMP-4mM-3-2","cell_dimension":0.125},{"efficiency":13.92,"fill_factor":54.93,"jsc":23.476,"voc":1.0798,"key":"Reverse_IV 3AMP-4mM-2-3","cell_dimension":0.125},{"efficiency":14.13,"fill_factor":56.09,"jsc":23.559,"voc":1.0691,"key":"Reverse_IV 3AMP-4mM-2-2","cell_dimension":0.125},{"efficiency":12.79,"fill_factor":50.69,"jsc":23.617,"voc":1.0687,"key":"Reverse_IV 3AMP-4mM-2-1","cell_dimension":0.125},{"efficiency":14.17,"fill_factor":57.51,"jsc":23.001,"voc":1.0711,"key":"Reverse_IV 3AMP-4mM-1-3","cell_dimension":0.125},{"efficiency":12.21,"fill_factor":49.37,"jsc":22.945,"voc":1.0778,"key":"Reverse_IV 3AMP-4mM-1-2","cell_dimension":0.125},{"efficiency":12.31,"fill_factor":49.27,"jsc":22.959,"voc":1.0879,"key":"Reverse_IV 3AMP-4mM-1-1","cell_dimension":0.125},{"efficiency":13.24,"fill_factor":54.37,"jsc":22.465,"voc":1.0837,"key":"Forward_IV 3AMP-4mM-3-3","cell_dimension":0.125},{"efficiency":14.19,"fill_factor":58.4,"jsc":22.437,"voc":1.0827,"key":"Forward_IV 3AMP-4mM-3-2","cell_dimension":0.125},{"efficiency":14.17,"fill_factor":55.66,"jsc":23.527,"voc":1.0823,"key":"Forward_IV 3AMP-4mM-2-3","cell_dimension":0.125},{"efficiency":14.75,"fill_factor":58,"jsc":23.539,"voc":1.0808,"key":"Forward_IV 3AMP-4mM-2-2","cell_dimension":0.125},{"efficiency":13.48,"fill_factor":52.93,"jsc":23.656,"voc":1.0766,"key":"Forward_IV 3AMP-4mM-2-1","cell_dimension":0.125},{"efficiency":14.63,"fill_factor":58.76,"jsc":22.943,"voc":1.085,"key":"Forward_IV 3AMP-4mM-1-3","cell_dimension":0.125},{"efficiency":12.81,"fill_factor":51.36,"jsc":22.924,"voc":1.0879,"key":"Forward_IV 3AMP-4mM-1-2","cell_dimension":0.125},{"efficiency":13.01,"fill_factor":51.61,"jsc":23.034,"voc":1.0943,"key":"Forward_IV 3AMP-4mM-1-1","cell_dimension":0.125}]},"public":2,"analysis":{"JV":[{"V":{"value":[1.2,1.187,1.174,1.161,1.147,1.134,1.121,1.108,1.095,1.082,1.069,1.056,1.042,1.029,1.016,1.003,0.99,0.977,0.964,0.951,0.937,0.924,0.911,0.898,0.885,0.872,0.859,0.845,0.832,0.819,0.806,0.793,0.78,0.767,0.754,0.74,0.727,0.714,0.701,0.688,0.675,0.662,0.648,0.635,0.622,0.609,0.596,0.583,0.57,0.557,0.543,0.53,0.517,0.504,0.491,0.478,0.465,0.452,0.438,0.425,0.412,0.399,0.386,0.373,0.36,0.346,0.333,0.32,0.307,0.294,0.281,0.268,0.255,0.241,0.228,0.215,0.202,0.189,0.176,0.163,0.149,0.136,0.123,0.11,0.097,0.084,0.071,0.058,0.044,0.031,0.018,0.005,-0.008,-0.021,-0.034,-0.047,-0.061,-0.074,-0.087,-0.1],"unit":"V"},"I":{"value":[-0.0016539,-0.001463,-0.0012741,-0.00109,-0.00089449,-0.00072103,-0.0005493,-0.00038383,-0.00022177,-6.6008e-5,8.4808e-5,0.00022513,0.00037594,0.00050645,0.00063261,0.00075265,0.00086665,0.00096997,0.0010688,0.0011663,0.0012661,0.001351,0.001432,0.0015124,0.0015876,0.001652,0.0017188,0.0017871,0.0018495,0.0019077,0.0019688,0.0020199,0.0020726,0.0021249,0.0021704,0.0022178,0.0022587,0.0022995,0.0023293,0.002373,0.0023956,0.0024245,0.0024518,0.002475,0.0024928,0.0025122,0.0025364,0.0025416,0.0025616,0.0025775,0.0025807,0.0025992,0.0026084,0.0026091,0.0026272,0.0026295,0.0026358,0.0026476,0.0026508,0.0026597,0.0026673,0.0026845,0.0026807,0.0026922,0.0026972,0.0027038,0.0027021,0.0027091,0.0027058,0.0027148,0.0027358,0.0027188,0.0027346,0.0027263,0.0027321,0.0027359,0.0027333,0.002745,0.0027485,0.0027452,0.002747,0.0027532,0.002755,0.0027586,0.0027634,0.0027552,0.0027661,0.0027656,0.0027752,0.0027708,0.0027803,0.0027823,0.00279,0.0027858,0.0027883,0.0027927,0.0027899,0.0027933,0.0028034,0.0027968],"unit":"A"},"J":{"value":[-0.0002067375,-0.000182875,-0.0001592625,-0.00013625,-0.00011181125,-9.012875e-5,-6.86625e-5,-4.797875e-5,-2.772125e-5,-8.251e-6,1.0601e-5,2.814125e-5,4.69925e-5,6.330625e-5,7.907625e-5,9.408125e-5,0.00010833125,0.00012124625,0.0001336,0.0001457875,0.0001582625,0.000168875,0.000179,0.00018905,0.00019845,0.0002065,0.00021485,0.0002233875,0.0002311875,0.0002384625,0.0002461,0.0002524875,0.000259075,0.0002656125,0.0002713,0.000277225,0.0002823375,0.0002874375,0.0002911625,0.000296625,0.00029945,0.0003030625,0.000306475,0.000309375,0.0003116,0.000314025,0.00031705,0.0003177,0.0003202,0.0003221875,0.0003225875,0.0003249,0.00032605,0.0003261375,0.0003284,0.0003286875,0.000329475,0.00033095,0.00033135,0.0003324625,0.0003334125,0.0003355625,0.0003350875,0.000336525,0.00033715,0.000337975,0.0003377625,0.0003386375,0.000338225,0.00033935,0.000341975,0.00033985,0.000341825,0.0003407875,0.0003415125,0.0003419875,0.0003416625,0.000343125,0.0003435625,0.00034315,0.000343375,0.00034415,0.000344375,0.000344825,0.000345425,0.0003444,0.0003457625,0.0003457,0.0003469,0.00034635,0.0003475375,0.0003477875,0.00034875,0.000348225,0.0003485375,0.0003490875,0.0003487375,0.0003491625,0.000350425,0.0003496],"unit":"A\/cm2"},"voc":{"unit":"V","value":1.0763},"isc":{"unit":"A","value":0.0027853},"jsc":{"unit":"mA\/cm2","value":22.282},"fill_factor":{"unit":"%","value":54.78},"pmax":{"unit":"mW","value":1.642},"vmax":{"unit":"V","value":0.727},"imax":{"unit":"mA","value":2.259},"rshunt":{"unit":"ohms","value":4020},"voc_slope":{"unit":"ohms","value":86.9},"efficiency":{"unit":"%","value":13.14},"monitor_cell_reading":{"unit":"mV","value":0},"monitor_cell_calibration_value":{"unit":"mV","value":0},"test_device_area":{"unit":"cm2","value":0.125},"num_of_series_connected_stacks":{"unit":"","value":1},"meter_integration":{"unit":"NPLC","value":0.1},"source_irradiance":{"unit":"mW\/cm2","value":100},"voltage_settling_time":{"unit":"ms","value":10},"sweep_direction":{"unit":"","value":"Reverse"},"irradiance_variation_correction":{"unit":"","value":"None"},"device_id":{"unit":"","value":"3AMP-4mM-3-3-F"},"cell_dimension":{"unit":"cm2","value":0.125},"key":"Reverse_IV 3AMP-4mM-3-3"},{"V":{"value":[1.2,1.187,1.174,1.161,1.147,1.134,1.121,1.108,1.095,1.082,1.069,1.056,1.042,1.029,1.016,1.003,0.99,0.977,0.964,0.951,0.937,0.924,0.911,0.898,0.885,0.872,0.859,0.845,0.832,0.819,0.806,0.793,0.78,0.767,0.754,0.74,0.727,0.714,0.701,0.688,0.675,0.662,0.648,0.635,0.622,0.609,0.596,0.583,0.57,0.557,0.543,0.53,0.517,0.504,0.491,0.478,0.465,0.452,0.438,0.425,0.412,0.399,0.386,0.373,0.36,0.346,0.333,0.32,0.307,0.294,0.281,0.268,0.255,0.241,0.228,0.215,0.202,0.189,0.176,0.163,0.149,0.136,0.123,0.11,0.097,0.084,0.071,0.058,0.044,0.031,0.018,0.005,-0.008,-0.021,-0.034,-0.047,-0.061,-0.074,-0.087,-0.1],"unit":"V"},"I":{"value":[-0.0027712,-0.0023811,-0.0020143,-0.0016689,-0.0013205,-0.0010194,-0.00073869,-0.00048375,-0.00024321,-2.6564e-5,0.00017202,0.00035541,0.00053235,0.00068597,0.00082256,0.00094829,0.0010533,0.0011658,0.00127,0.0013609,0.0014582,0.0015329,0.0016116,0.0016792,0.001758,0.0018172,0.0018765,0.0019418,0.0020039,0.0020515,0.0021027,0.002149,0.0021912,0.0022289,0.0022706,0.0023072,0.0023465,0.0023636,0.0023973,0.0024097,0.0024433,0.0024646,0.0024897,0.002507,0.0025227,0.0025369,0.0025586,0.0025648,0.002582,0.0025898,0.0026043,0.0026125,0.0026349,0.0026341,0.0026438,0.0026595,0.0026722,0.002676,0.0026835,0.0026871,0.0027003,0.0026908,0.0027063,0.0027125,0.0027183,0.0027166,0.0027233,0.0027348,0.0027263,0.0027306,0.0027372,0.0027361,0.0027415,0.0027389,0.002753,0.0027481,0.0027555,0.0027487,0.0027578,0.0027606,0.002769,0.002758,0.0027725,0.0027739,0.0027715,0.0027735,0.0027803,0.0027768,0.0027811,0.0027892,0.0027886,0.0027873,0.0027932,0.0027982,0.002792,0.0027962,0.0028032,0.0027979,0.0028088,0.0028104],"unit":"A"},"J":{"value":[-0.0003464,-0.0002976375,-0.0002517875,-0.0002086125,-0.0001650625,-0.000127425,-9.233625e-5,-6.046875e-5,-3.040125e-5,-3.3205e-6,2.15025e-5,4.442625e-5,6.654375e-5,8.574625e-5,0.00010282,0.00011853625,0.0001316625,0.000145725,0.00015875,0.0001701125,0.000182275,0.0001916125,0.00020145,0.0002099,0.00021975,0.00022715,0.0002345625,0.000242725,0.0002504875,0.0002564375,0.0002628375,0.000268625,0.0002739,0.0002786125,0.000283825,0.0002884,0.0002933125,0.00029545,0.0002996625,0.0003012125,0.0003054125,0.000308075,0.0003112125,0.000313375,0.0003153375,0.0003171125,0.000319825,0.0003206,0.00032275,0.000323725,0.0003255375,0.0003265625,0.0003293625,0.0003292625,0.000330475,0.0003324375,0.000334025,0.0003345,0.0003354375,0.0003358875,0.0003375375,0.00033635,0.0003382875,0.0003390625,0.0003397875,0.000339575,0.0003404125,0.00034185,0.0003407875,0.000341325,0.00034215,0.0003420125,0.0003426875,0.0003423625,0.000344125,0.0003435125,0.0003444375,0.0003435875,0.000344725,0.000345075,0.000346125,0.00034475,0.0003465625,0.0003467375,0.0003464375,0.0003466875,0.0003475375,0.0003471,0.0003476375,0.00034865,0.000348575,0.0003484125,0.00034915,0.000349775,0.000349,0.000349525,0.0003504,0.0003497375,0.0003511,0.0003513],"unit":"A\/cm2"},"voc":{"unit":"V","value":1.0803},"isc":{"unit":"A","value":0.0027896},"jsc":{"unit":"mA\/cm2","value":22.316},"fill_factor":{"unit":"%","value":56.81},"pmax":{"unit":"mW","value":1.712},"vmax":{"unit":"V","value":0.754},"imax":{"unit":"mA","value":2.271},"rshunt":{"unit":"ohms","value":4630},"voc_slope":{"unit":"ohms","value":64.8},"efficiency":{"unit":"%","value":13.7},"monitor_cell_reading":{"unit":"mV","value":0},"monitor_cell_calibration_value":{"unit":"mV","value":0},"test_device_area":{"unit":"cm2","value":0.125},"num_of_series_connected_stacks":{"unit":"","value":1},"meter_integration":{"unit":"NPLC","value":0.1},"source_irradiance":{"unit":"mW\/cm2","value":100},"voltage_settling_time":{"unit":"ms","value":10},"sweep_direction":{"unit":"","value":"Reverse"},"irradiance_variation_correction":{"unit":"","value":"None"},"device_id":{"unit":"","value":"3AMP-4mM-3-2-R"},"cell_dimension":{"unit":"cm2","value":0.125},"key":"Reverse_IV 3AMP-4mM-3-2"},{"V":{"value":[1.2,1.187,1.174,1.161,1.147,1.134,1.121,1.108,1.095,1.082,1.069,1.056,1.042,1.029,1.016,1.003,0.99,0.977,0.964,0.951,0.937,0.924,0.911,0.898,0.885,0.872,0.859,0.845,0.832,0.819,0.806,0.793,0.78,0.767,0.754,0.74,0.727,0.714,0.701,0.688,0.675,0.662,0.648,0.635,0.622,0.609,0.596,0.583,0.57,0.557,0.543,0.53,0.517,0.504,0.491,0.478,0.465,0.452,0.438,0.425,0.412,0.399,0.386,0.373,0.36,0.346,0.333,0.32,0.307,0.294,0.281,0.268,0.255,0.241,0.228,0.215,0.202,0.189,0.176,0.163,0.149,0.136,0.123,0.11,0.097,0.084,0.071,0.058,0.044,0.031,0.018,0.005,-0.008,-0.021,-0.034,-0.047,-0.061,-0.074,-0.087,-0.1],"unit":"V"},"I":{"value":[-0.00086566,-0.00077723,-0.00068536,-0.00059569,-0.00049896,-0.00040832,-0.00031529,-0.00022002,-0.00012156,-1.831e-5,8.8338e-5,0.00020034,0.0003229,0.00043817,0.00055688,0.00067555,0.0007957,0.00090969,0.0010266,0.0011431,0.0012603,0.0013648,0.0014616,0.0015561,0.0016452,0.0017252,0.0018085,0.0018852,0.0019573,0.00202,0.0020871,0.0021437,0.0021927,0.0022484,0.0022974,0.0023449,0.0023903,0.0024376,0.0024724,0.0025048,0.0025432,0.0025671,0.0026007,0.0026254,0.0026516,0.0026761,0.0026809,0.0027107,0.0027226,0.0027397,0.0027534,0.0027609,0.0027697,0.0027861,0.0028041,0.0027967,0.0028125,0.0028184,0.0028247,0.0028275,0.0028436,0.0028418,0.0028491,0.0028575,0.0028678,0.0028668,0.0028701,0.0028656,0.0028836,0.0028826,0.0028811,0.0028954,0.0028933,0.0028923,0.0028955,0.0029052,0.0029045,0.002904,0.002917,0.0029092,0.0029104,0.0029123,0.0029186,0.0029176,0.0029273,0.002919,0.0029276,0.0029348,0.0029416,0.0029301,0.0029315,0.0029367,0.002931,0.0029384,0.0029364,0.002942,0.0029417,0.0029519,0.0029422,0.0029476],"unit":"A"},"J":{"value":[-0.0001082075,-9.715375e-5,-8.567e-5,-7.446125e-5,-6.237e-5,-5.104e-5,-3.941125e-5,-2.75025e-5,-1.5195e-5,-2.28875e-6,1.104225e-5,2.50425e-5,4.03625e-5,5.477125e-5,6.961e-5,8.444375e-5,9.94625e-5,0.00011371125,0.000128325,0.0001428875,0.0001575375,0.0001706,0.0001827,0.0001945125,0.00020565,0.00021565,0.0002260625,0.00023565,0.0002446625,0.0002525,0.0002608875,0.0002679625,0.0002740875,0.00028105,0.000287175,0.0002931125,0.0002987875,0.0003047,0.00030905,0.0003131,0.0003179,0.0003208875,0.0003250875,0.000328175,0.00033145,0.0003345125,0.0003351125,0.0003388375,0.000340325,0.0003424625,0.000344175,0.0003451125,0.0003462125,0.0003482625,0.0003505125,0.0003495875,0.0003515625,0.0003523,0.0003530875,0.0003534375,0.00035545,0.000355225,0.0003561375,0.0003571875,0.000358475,0.00035835,0.0003587625,0.0003582,0.00036045,0.000360325,0.0003601375,0.000361925,0.0003616625,0.0003615375,0.0003619375,0.00036315,0.0003630625,0.000363,0.000364625,0.00036365,0.0003638,0.0003640375,0.000364825,0.0003647,0.0003659125,0.000364875,0.00036595,0.00036685,0.0003677,0.0003662625,0.0003664375,0.0003670875,0.000366375,0.0003673,0.00036705,0.00036775,0.0003677125,0.0003689875,0.000367775,0.00036845],"unit":"A\/cm2"},"voc":{"unit":"V","value":1.0798},"isc":{"unit":"A","value":0.0029345},"jsc":{"unit":"mA\/cm2","value":23.476},"fill_factor":{"unit":"%","value":54.93},"pmax":{"unit":"mW","value":1.74},"vmax":{"unit":"V","value":0.714},"imax":{"unit":"mA","value":2.438},"rshunt":{"unit":"ohms","value":3920},"voc_slope":{"unit":"ohms","value":121},"efficiency":{"unit":"%","value":13.92},"monitor_cell_reading":{"unit":"mV","value":0},"monitor_cell_calibration_value":{"unit":"mV","value":0},"test_device_area":{"unit":"cm2","value":0.125},"num_of_series_connected_stacks":{"unit":"","value":1},"meter_integration":{"unit":"NPLC","value":0.1},"source_irradiance":{"unit":"mW\/cm2","value":100},"voltage_settling_time":{"unit":"ms","value":10},"sweep_direction":{"unit":"","value":"Reverse"},"irradiance_variation_correction":{"unit":"","value":"None"},"device_id":{"unit":"","value":"3AMP-4mM-2-3-R"},"cell_dimension":{"unit":"cm2","value":0.125},"key":"Reverse_IV 3AMP-4mM-2-3"},{"V":{"value":[1.2,1.187,1.174,1.161,1.147,1.134,1.121,1.108,1.095,1.082,1.069,1.056,1.042,1.029,1.016,1.003,0.99,0.977,0.964,0.951,0.937,0.924,0.911,0.898,0.885,0.872,0.859,0.845,0.832,0.819,0.806,0.793,0.78,0.767,0.754,0.74,0.727,0.714,0.701,0.688,0.675,0.662,0.648,0.635,0.622,0.609,0.596,0.583,0.57,0.557,0.543,0.53,0.517,0.504,0.491,0.478,0.465,0.452,0.438,0.425,0.412,0.399,0.386,0.373,0.36,0.346,0.333,0.32,0.307,0.294,0.281,0.268,0.255,0.241,0.228,0.215,0.202,0.189,0.176,0.163,0.149,0.136,0.123,0.11,0.097,0.084,0.071,0.058,0.044,0.031,0.018,0.005,-0.008,-0.021,-0.034,-0.047,-0.061,-0.074,-0.087,-0.1],"unit":"V"},"I":{"value":[-0.00095799,-0.00087553,-0.00078229,-0.00069288,-0.00059275,-0.00050077,-0.00040694,-0.00031109,-0.0002109,-0.00010763,1.2479e-6,0.00011571,0.00024025,0.00035948,0.00048256,0.000605,0.00072791,0.0008525,0.00097284,0.001099,0.0012194,0.0013254,0.0014323,0.0015333,0.0016287,0.0017171,0.0018036,0.001887,0.001957,0.002034,0.0021,0.0021625,0.0022217,0.0022824,0.0023336,0.0023786,0.0024293,0.0024716,0.0025098,0.0025446,0.0025845,0.0026111,0.0026414,0.0026688,0.0026896,0.0027109,0.0027259,0.0027525,0.0027588,0.002779,0.0027848,0.0027969,0.0028119,0.0028231,0.0028282,0.0028271,0.0028458,0.0028545,0.0028527,0.0028589,0.0028689,0.0028724,0.0028662,0.0028827,0.0028892,0.0028926,0.0028945,0.0029116,0.0029074,0.0029097,0.0029087,0.0029166,0.0029151,0.0029232,0.0029153,0.0029191,0.002926,0.00292,0.0029301,0.0029321,0.0029295,0.0029289,0.0029331,0.0029354,0.0029298,0.0029372,0.0029353,0.0029378,0.0029429,0.0029454,0.002936,0.002944,0.0029464,0.0029403,0.002942,0.0029516,0.0029493,0.0029471,0.0029568,0.0029581],"unit":"A"},"J":{"value":[-0.00011974875,-0.00010944125,-9.778625e-5,-8.661e-5,-7.409375e-5,-6.259625e-5,-5.08675e-5,-3.888625e-5,-2.63625e-5,-1.345375e-5,1.559875e-7,1.446375e-5,3.003125e-5,4.4935e-5,6.032e-5,7.5625e-5,9.098875e-5,0.0001065625,0.000121605,0.000137375,0.000152425,0.000165675,0.0001790375,0.0001916625,0.0002035875,0.0002146375,0.00022545,0.000235875,0.000244625,0.00025425,0.0002625,0.0002703125,0.0002777125,0.0002853,0.0002917,0.000297325,0.0003036625,0.00030895,0.000313725,0.000318075,0.0003230625,0.0003263875,0.000330175,0.0003336,0.0003362,0.0003388625,0.0003407375,0.0003440625,0.00034485,0.000347375,0.0003481,0.0003496125,0.0003514875,0.0003528875,0.000353525,0.0003533875,0.000355725,0.0003568125,0.0003565875,0.0003573625,0.0003586125,0.00035905,0.000358275,0.0003603375,0.00036115,0.000361575,0.0003618125,0.00036395,0.000363425,0.0003637125,0.0003635875,0.000364575,0.0003643875,0.0003654,0.0003644125,0.0003648875,0.00036575,0.000365,0.0003662625,0.0003665125,0.0003661875,0.0003661125,0.0003666375,0.000366925,0.000366225,0.00036715,0.0003669125,0.000367225,0.0003678625,0.000368175,0.000367,0.000368,0.0003683,0.0003675375,0.00036775,0.00036895,0.0003686625,0.0003683875,0.0003696,0.0003697625],"unit":"A\/cm2"},"voc":{"unit":"V","value":1.0691},"isc":{"unit":"A","value":0.0029449},"jsc":{"unit":"mA\/cm2","value":23.559},"fill_factor":{"unit":"%","value":56.09},"pmax":{"unit":"mW","value":1.766},"vmax":{"unit":"V","value":0.727},"imax":{"unit":"mA","value":2.429},"rshunt":{"unit":"ohms","value":5020},"voc_slope":{"unit":"ohms","value":115},"efficiency":{"unit":"%","value":14.13},"monitor_cell_reading":{"unit":"mV","value":0},"monitor_cell_calibration_value":{"unit":"mV","value":0},"test_device_area":{"unit":"cm2","value":0.125},"num_of_series_connected_stacks":{"unit":"","value":1},"meter_integration":{"unit":"NPLC","value":0.1},"source_irradiance":{"unit":"mW\/cm2","value":100},"voltage_settling_time":{"unit":"ms","value":10},"sweep_direction":{"unit":"","value":"Reverse"},"irradiance_variation_correction":{"unit":"","value":"None"},"device_id":{"unit":"","value":"3AMP-4mM-2-2-R"},"cell_dimension":{"unit":"cm2","value":0.125},"key":"Reverse_IV 3AMP-4mM-2-2"},{"V":{"value":[1.2,1.187,1.174,1.161,1.147,1.134,1.121,1.108,1.095,1.082,1.069,1.056,1.042,1.029,1.016,1.003,0.99,0.977,0.964,0.951,0.937,0.924,0.911,0.898,0.885,0.872,0.859,0.845,0.832,0.819,0.806,0.793,0.78,0.767,0.754,0.74,0.727,0.714,0.701,0.688,0.675,0.662,0.648,0.635,0.622,0.609,0.596,0.583,0.57,0.557,0.543,0.53,0.517,0.504,0.491,0.478,0.465,0.452,0.438,0.425,0.412,0.399,0.386,0.373,0.36,0.346,0.333,0.32,0.307,0.294,0.281,0.268,0.255,0.241,0.228,0.215,0.202,0.189,0.176,0.163,0.149,0.136,0.123,0.11,0.097,0.084,0.071,0.058,0.044,0.031,0.018,0.005,-0.008,-0.021,-0.034,-0.047,-0.061,-0.074,-0.087,-0.1],"unit":"V"},"I":{"value":[-0.00083365,-0.00075623,-0.00067422,-0.00059383,-0.0005062,-0.00042504,-0.00034252,-0.00025935,-0.00017524,-8.913e-5,-2.3695e-6,8.7712e-5,0.0001849,0.00027499,0.00036728,0.00046056,0.00055391,0.00064861,0.00074207,0.00083606,0.00093814,0.00103,0.0011294,0.0012198,0.0013073,0.001395,0.0014786,0.0015706,0.0016509,0.0017276,0.0018012,0.0018743,0.0019375,0.0020011,0.0020656,0.0021253,0.0021813,0.002231,0.0022812,0.0023196,0.0023685,0.0024009,0.0024479,0.0024818,0.0025123,0.0025396,0.0025722,0.0025962,0.0026167,0.0026495,0.0026739,0.0026886,0.0027066,0.00273,0.0027503,0.0027559,0.0027757,0.0027845,0.002797,0.0028062,0.0028209,0.0028237,0.0028362,0.0028425,0.0028497,0.0028606,0.0028676,0.0028767,0.0028719,0.0028893,0.002892,0.0028932,0.0028966,0.0029039,0.0029151,0.0029081,0.0029191,0.0029127,0.0029216,0.002926,0.002936,0.0029302,0.0029378,0.0029417,0.0029333,0.002941,0.0029467,0.0029478,0.0029472,0.002953,0.0029464,0.0029512,0.0029535,0.0029546,0.0029503,0.0029626,0.0029543,0.002953,0.0029574,0.0029611],"unit":"A"},"J":{"value":[-0.00010420625,-9.452875e-5,-8.42775e-5,-7.422875e-5,-6.3275e-5,-5.313e-5,-4.2815e-5,-3.241875e-5,-2.1905e-5,-1.114125e-5,-2.961875e-7,1.0964e-5,2.31125e-5,3.437375e-5,4.591e-5,5.757e-5,6.923875e-5,8.107625e-5,9.275875e-5,0.0001045075,0.0001172675,0.00012875,0.000141175,0.000152475,0.0001634125,0.000174375,0.000184825,0.000196325,0.0002063625,0.00021595,0.00022515,0.0002342875,0.0002421875,0.0002501375,0.0002582,0.0002656625,0.0002726625,0.000278875,0.00028515,0.00028995,0.0002960625,0.0003001125,0.0003059875,0.000310225,0.0003140375,0.00031745,0.000321525,0.000324525,0.0003270875,0.0003311875,0.0003342375,0.000336075,0.000338325,0.00034125,0.0003437875,0.0003444875,0.0003469625,0.0003480625,0.000349625,0.000350775,0.0003526125,0.0003529625,0.000354525,0.0003553125,0.0003562125,0.000357575,0.00035845,0.0003595875,0.0003589875,0.0003611625,0.0003615,0.00036165,0.000362075,0.0003629875,0.0003643875,0.0003635125,0.0003648875,0.0003640875,0.0003652,0.00036575,0.000367,0.000366275,0.000367225,0.0003677125,0.0003666625,0.000367625,0.0003683375,0.000368475,0.0003684,0.000369125,0.0003683,0.0003689,0.0003691875,0.000369325,0.0003687875,0.000370325,0.0003692875,0.000369125,0.000369675,0.0003701375],"unit":"A\/cm2"},"voc":{"unit":"V","value":1.0687},"isc":{"unit":"A","value":0.0029521},"jsc":{"unit":"mA\/cm2","value":23.617},"fill_factor":{"unit":"%","value":50.69},"pmax":{"unit":"mW","value":1.599},"vmax":{"unit":"V","value":0.701},"imax":{"unit":"mA","value":2.281},"rshunt":{"unit":"ohms","value":5800},"voc_slope":{"unit":"ohms","value":146},"efficiency":{"unit":"%","value":12.79},"monitor_cell_reading":{"unit":"mV","value":0},"monitor_cell_calibration_value":{"unit":"mV","value":0},"test_device_area":{"unit":"cm2","value":0.125},"num_of_series_connected_stacks":{"unit":"","value":1},"meter_integration":{"unit":"NPLC","value":0.1},"source_irradiance":{"unit":"mW\/cm2","value":100},"voltage_settling_time":{"unit":"ms","value":10},"sweep_direction":{"unit":"","value":"Reverse"},"irradiance_variation_correction":{"unit":"","value":"None"},"device_id":{"unit":"","value":"3AMP-4mM-2-1-R"},"cell_dimension":{"unit":"cm2","value":0.125},"key":"Reverse_IV 3AMP-4mM-2-1"},{"V":{"value":[1.2,1.187,1.174,1.161,1.147,1.134,1.121,1.108,1.095,1.082,1.069,1.056,1.042,1.029,1.016,1.003,0.99,0.977,0.964,0.951,0.937,0.924,0.911,0.898,0.885,0.872,0.859,0.845,0.832,0.819,0.806,0.793,0.78,0.767,0.754,0.74,0.727,0.714,0.701,0.688,0.675,0.662,0.648,0.635,0.622,0.609,0.596,0.583,0.57,0.557,0.543,0.53,0.517,0.504,0.491,0.478,0.465,0.452,0.438,0.425,0.412,0.399,0.386,0.373,0.36,0.346,0.333,0.32,0.307,0.294,0.281,0.268,0.255,0.241,0.228,0.215,0.202,0.189,0.176,0.163,0.149,0.136,0.123,0.11,0.097,0.084,0.071,0.058,0.044,0.031,0.018,0.005,-0.008,-0.021,-0.034,-0.047,-0.061,-0.074,-0.087,-0.1],"unit":"V"},"I":{"value":[-0.0012423,-0.0011148,-0.00097263,-0.00085684,-0.00072456,-0.00060336,-0.00048166,-0.00035819,-0.00023254,-0.00010711,2.0949e-5,0.00015065,0.00028847,0.00041834,0.00054658,0.00067191,0.00079448,0.00091529,0.0010329,0.0011444,0.0012613,0.0013637,0.0014589,0.001557,0.0016451,0.0017355,0.0018146,0.0018969,0.0019731,0.0020437,0.0021144,0.0021703,0.0022341,0.0022878,0.0023345,0.0023825,0.0024359,0.0024675,0.002507,0.0025366,0.0025621,0.0025905,0.0026182,0.0026318,0.0026546,0.0026767,0.0026826,0.0026948,0.0027108,0.0027216,0.0027281,0.0027446,0.0027456,0.0027553,0.0027664,0.0027726,0.002776,0.0027852,0.0027883,0.0027923,0.0027988,0.002808,0.0028095,0.0028118,0.0028186,0.0028182,0.0028207,0.0028199,0.002834,0.0028291,0.0028378,0.0028507,0.0028377,0.0028394,0.0028439,0.0028538,0.00285,0.0028522,0.0028506,0.002863,0.0028602,0.0028675,0.0028621,0.0028677,0.0028653,0.0028643,0.0028701,0.0028708,0.0028695,0.0028674,0.0028749,0.0028716,0.0028807,0.0028871,0.0028866,0.0028903,0.0028851,0.0028859,0.0028861,0.002888],"unit":"A"},"J":{"value":[-0.0001552875,-0.00013935,-0.00012157875,-0.000107105,-9.057e-5,-7.542e-5,-6.02075e-5,-4.477375e-5,-2.90675e-5,-1.338875e-5,2.618625e-6,1.883125e-5,3.605875e-5,5.22925e-5,6.83225e-5,8.398875e-5,9.931e-5,0.00011441125,0.0001291125,0.00014305,0.0001576625,0.0001704625,0.0001823625,0.000194625,0.0002056375,0.0002169375,0.000226825,0.0002371125,0.0002466375,0.0002554625,0.0002643,0.0002712875,0.0002792625,0.000285975,0.0002918125,0.0002978125,0.0003044875,0.0003084375,0.000313375,0.000317075,0.0003202625,0.0003238125,0.000327275,0.000328975,0.000331825,0.0003345875,0.000335325,0.00033685,0.00033885,0.0003402,0.0003410125,0.000343075,0.0003432,0.0003444125,0.0003458,0.000346575,0.000347,0.00034815,0.0003485375,0.0003490375,0.00034985,0.000351,0.0003511875,0.000351475,0.000352325,0.000352275,0.0003525875,0.0003524875,0.00035425,0.0003536375,0.000354725,0.0003563375,0.0003547125,0.000354925,0.0003554875,0.000356725,0.00035625,0.000356525,0.000356325,0.000357875,0.000357525,0.0003584375,0.0003577625,0.0003584625,0.0003581625,0.0003580375,0.0003587625,0.00035885,0.0003586875,0.000358425,0.0003593625,0.00035895,0.0003600875,0.0003608875,0.000360825,0.0003612875,0.0003606375,0.0003607375,0.0003607625,0.000361],"unit":"A\/cm2"},"voc":{"unit":"V","value":1.0711},"isc":{"unit":"A","value":0.0028751},"jsc":{"unit":"mA\/cm2","value":23.001},"fill_factor":{"unit":"%","value":57.51},"pmax":{"unit":"mW","value":1.771},"vmax":{"unit":"V","value":0.727},"imax":{"unit":"mA","value":2.436},"rshunt":{"unit":"ohms","value":4180},"voc_slope":{"unit":"ohms","value":101},"efficiency":{"unit":"%","value":14.17},"monitor_cell_reading":{"unit":"mV","value":0},"monitor_cell_calibration_value":{"unit":"mV","value":0},"test_device_area":{"unit":"cm2","value":0.125},"num_of_series_connected_stacks":{"unit":"","value":1},"meter_integration":{"unit":"NPLC","value":0.1},"source_irradiance":{"unit":"mW\/cm2","value":100},"voltage_settling_time":{"unit":"ms","value":10},"sweep_direction":{"unit":"","value":"Reverse"},"irradiance_variation_correction":{"unit":"","value":"None"},"device_id":{"unit":"","value":"3AMP-4mM-1-3-R"},"cell_dimension":{"unit":"cm2","value":0.125},"key":"Reverse_IV 3AMP-4mM-1-3"},{"V":{"value":[1.2,1.187,1.174,1.161,1.147,1.134,1.121,1.108,1.095,1.082,1.069,1.056,1.042,1.029,1.016,1.003,0.99,0.977,0.964,0.951,0.937,0.924,0.911,0.898,0.885,0.872,0.859,0.845,0.832,0.819,0.806,0.793,0.78,0.767,0.754,0.74,0.727,0.714,0.701,0.688,0.675,0.662,0.648,0.635,0.622,0.609,0.596,0.583,0.57,0.557,0.543,0.53,0.517,0.504,0.491,0.478,0.465,0.452,0.438,0.425,0.412,0.399,0.386,0.373,0.36,0.346,0.333,0.32,0.307,0.294,0.281,0.268,0.255,0.241,0.228,0.215,0.202,0.189,0.176,0.163,0.149,0.136,0.123,0.11,0.097,0.084,0.071,0.058,0.044,0.031,0.018,0.005,-0.008,-0.021,-0.034,-0.047,-0.061,-0.074,-0.087,-0.1],"unit":"V"},"I":{"value":[-0.00043978,-0.00040189,-0.00035741,-0.00031509,-0.00026777,-0.00022302,-0.00017705,-0.00012803,-7.5423e-5,-1.9418e-5,4.1199e-5,0.00010847,0.00018355,0.0002573,0.00033436,0.00041465,0.00049553,0.00058095,0.00066342,0.00074677,0.00083653,0.00091785,0.00099773,0.0010803,0.0011625,0.0012384,0.001314,0.001393,0.0014694,0.001539,0.0016118,0.0016849,0.0017575,0.0018214,0.0018908,0.0019604,0.0020205,0.0020836,0.0021429,0.0021989,0.0022474,0.0023056,0.002345,0.0023909,0.0024304,0.002465,0.0024956,0.0025307,0.0025523,0.0025832,0.0026011,0.0026176,0.0026372,0.0026613,0.0026649,0.0026824,0.0027007,0.0027078,0.0027182,0.0027289,0.0027413,0.002738,0.0027582,0.0027599,0.0027713,0.0027753,0.0027883,0.0027909,0.002794,0.0027986,0.0028033,0.0028126,0.0028224,0.0028302,0.0028312,0.0028199,0.0028351,0.0028412,0.0028418,0.0028376,0.0028503,0.002843,0.0028458,0.0028564,0.0028536,0.0028609,0.0028586,0.0028641,0.0028556,0.0028703,0.0028658,0.0028625,0.0028773,0.0028727,0.002882,0.0028699,0.0028768,0.0028835,0.0028785,0.0028829],"unit":"A"},"J":{"value":[-5.49725e-5,-5.023625e-5,-4.467625e-5,-3.938625e-5,-3.347125e-5,-2.78775e-5,-2.213125e-5,-1.600375e-5,-9.427875e-6,-2.42725e-6,5.149875e-6,1.355875e-5,2.294375e-5,3.21625e-5,4.1795e-5,5.183125e-5,6.194125e-5,7.261875e-5,8.29275e-5,9.334625e-5,0.00010456625,0.00011473125,0.00012471625,0.0001350375,0.0001453125,0.0001548,0.00016425,0.000174125,0.000183675,0.000192375,0.000201475,0.0002106125,0.0002196875,0.000227675,0.00023635,0.00024505,0.0002525625,0.00026045,0.0002678625,0.0002748625,0.000280925,0.0002882,0.000293125,0.0002988625,0.0003038,0.000308125,0.00031195,0.0003163375,0.0003190375,0.0003229,0.0003251375,0.0003272,0.00032965,0.0003326625,0.0003331125,0.0003353,0.0003375875,0.000338475,0.000339775,0.0003411125,0.0003426625,0.00034225,0.000344775,0.0003449875,0.0003464125,0.0003469125,0.0003485375,0.0003488625,0.00034925,0.000349825,0.0003504125,0.000351575,0.0003528,0.000353775,0.0003539,0.0003524875,0.0003543875,0.00035515,0.000355225,0.0003547,0.0003562875,0.000355375,0.000355725,0.00035705,0.0003567,0.0003576125,0.000357325,0.0003580125,0.00035695,0.0003587875,0.000358225,0.0003578125,0.0003596625,0.0003590875,0.00036025,0.0003587375,0.0003596,0.0003604375,0.0003598125,0.0003603625],"unit":"A\/cm2"},"voc":{"unit":"V","value":1.0778},"isc":{"unit":"A","value":0.0028682},"jsc":{"unit":"mA\/cm2","value":22.945},"fill_factor":{"unit":"%","value":49.37},"pmax":{"unit":"mW","value":1.526},"vmax":{"unit":"V","value":0.662},"imax":{"unit":"mA","value":2.306},"rshunt":{"unit":"ohms","value":3560},"voc_slope":{"unit":"ohms","value":211},"efficiency":{"unit":"%","value":12.21},"monitor_cell_reading":{"unit":"mV","value":0},"monitor_cell_calibration_value":{"unit":"mV","value":0},"test_device_area":{"unit":"cm2","value":0.125},"num_of_series_connected_stacks":{"unit":"","value":1},"meter_integration":{"unit":"NPLC","value":0.1},"source_irradiance":{"unit":"mW\/cm2","value":100},"voltage_settling_time":{"unit":"ms","value":10},"sweep_direction":{"unit":"","value":"Reverse"},"irradiance_variation_correction":{"unit":"","value":"None"},"device_id":{"unit":"","value":"3AMP-4mM-1-2-R"},"cell_dimension":{"unit":"cm2","value":0.125},"key":"Reverse_IV 3AMP-4mM-1-2"},{"V":{"value":[1.2,1.187,1.174,1.161,1.147,1.134,1.121,1.108,1.095,1.082,1.069,1.056,1.042,1.029,1.016,1.003,0.99,0.977,0.964,0.951,0.937,0.924,0.911,0.898,0.885,0.872,0.859,0.845,0.832,0.819,0.806,0.793,0.78,0.767,0.754,0.74,0.727,0.714,0.701,0.688,0.675,0.662,0.648,0.635,0.622,0.609,0.596,0.583,0.57,0.557,0.543,0.53,0.517,0.504,0.491,0.478,0.465,0.452,0.438,0.425,0.412,0.399,0.386,0.373,0.36,0.346,0.333,0.32,0.307,0.294,0.281,0.268,0.255,0.241,0.228,0.215,0.202,0.189,0.176,0.163,0.149,0.136,0.123,0.11,0.097,0.084,0.071,0.058,0.044,0.031,0.018,0.005,-0.008,-0.021,-0.034,-0.047,-0.061,-0.074,-0.087,-0.1],"unit":"V"},"I":{"value":[-0.00065509,-0.00058614,-0.00051004,-0.000436,-0.00035449,-0.00027976,-0.00020314,-0.00012518,-4.4138e-5,3.698e-5,0.00012278,0.00021014,0.00030643,0.00039627,0.00048763,0.00057842,0.00066909,0.00076012,0.00085033,0.00093865,0.0010319,0.0011119,0.0011996,0.001278,0.001354,0.001425,0.0014955,0.0015736,0.0016344,0.0016991,0.0017606,0.0018203,0.0018804,0.001927,0.0019888,0.0020418,0.0020932,0.0021412,0.0021932,0.002236,0.0022748,0.0023189,0.0023614,0.0023911,0.0024276,0.0024603,0.0024924,0.0025125,0.0025449,0.0025688,0.002592,0.002606,0.0026294,0.0026375,0.0026624,0.0026701,0.0026891,0.0026944,0.0027111,0.0027235,0.0027242,0.002735,0.0027478,0.0027587,0.0027614,0.0027779,0.0027832,0.0027813,0.0027915,0.0027908,0.002803,0.0028157,0.0028205,0.0028168,0.0028291,0.0028187,0.0028287,0.0028288,0.0028417,0.0028371,0.0028415,0.0028529,0.0028438,0.002845,0.0028487,0.002858,0.0028526,0.0028615,0.0028665,0.0028613,0.0028689,0.0028661,0.0028759,0.0028674,0.0028752,0.0028752,0.0028731,0.0028796,0.0028791,0.0028808],"unit":"A"},"J":{"value":[-8.188625e-5,-7.32675e-5,-6.3755e-5,-5.45e-5,-4.431125e-5,-3.497e-5,-2.53925e-5,-1.56475e-5,-5.51725e-6,4.6225e-6,1.53475e-5,2.62675e-5,3.830375e-5,4.953375e-5,6.095375e-5,7.23025e-5,8.363625e-5,9.5015e-5,0.00010629125,0.00011733125,0.0001289875,0.0001389875,0.00014995,0.00015975,0.00016925,0.000178125,0.0001869375,0.0001967,0.0002043,0.0002123875,0.000220075,0.0002275375,0.00023505,0.000240875,0.0002486,0.000255225,0.00026165,0.00026765,0.00027415,0.0002795,0.00028435,0.0002898625,0.000295175,0.0002988875,0.00030345,0.0003075375,0.00031155,0.0003140625,0.0003181125,0.0003211,0.000324,0.00032575,0.000328675,0.0003296875,0.0003328,0.0003337625,0.0003361375,0.0003368,0.0003388875,0.0003404375,0.000340525,0.000341875,0.000343475,0.0003448375,0.000345175,0.0003472375,0.0003479,0.0003476625,0.0003489375,0.00034885,0.000350375,0.0003519625,0.0003525625,0.0003521,0.0003536375,0.0003523375,0.0003535875,0.0003536,0.0003552125,0.0003546375,0.0003551875,0.0003566125,0.000355475,0.000355625,0.0003560875,0.00035725,0.000356575,0.0003576875,0.0003583125,0.0003576625,0.0003586125,0.0003582625,0.0003594875,0.000358425,0.0003594,0.0003594,0.0003591375,0.00035995,0.0003598875,0.0003601],"unit":"A\/cm2"},"voc":{"unit":"V","value":1.0879},"isc":{"unit":"A","value":0.0028699},"jsc":{"unit":"mA\/cm2","value":22.959},"fill_factor":{"unit":"%","value":49.27},"pmax":{"unit":"mW","value":1.538},"vmax":{"unit":"V","value":0.688},"imax":{"unit":"mA","value":2.236},"rshunt":{"unit":"ohms","value":5730},"voc_slope":{"unit":"ohms","value":153},"efficiency":{"unit":"%","value":12.31},"monitor_cell_reading":{"unit":"mV","value":0},"monitor_cell_calibration_value":{"unit":"mV","value":0},"test_device_area":{"unit":"cm2","value":0.125},"num_of_series_connected_stacks":{"unit":"","value":1},"meter_integration":{"unit":"NPLC","value":0.1},"source_irradiance":{"unit":"mW\/cm2","value":100},"voltage_settling_time":{"unit":"ms","value":10},"sweep_direction":{"unit":"","value":"Reverse"},"irradiance_variation_correction":{"unit":"","value":"None"},"device_id":{"unit":"","value":"3AMP-4mM-1-1-R"},"cell_dimension":{"unit":"cm2","value":0.125},"key":"Reverse_IV 3AMP-4mM-1-1"},{"V":{"value":[-0.1,-0.087,-0.074,-0.061,-0.047,-0.034,-0.021,-0.008,0.005,0.018,0.031,0.044,0.058,0.071,0.084,0.097,0.11,0.123,0.136,0.149,0.163,0.176,0.189,0.202,0.215,0.228,0.241,0.255,0.268,0.281,0.294,0.307,0.32,0.333,0.346,0.36,0.373,0.386,0.399,0.412,0.425,0.438,0.452,0.465,0.478,0.491,0.504,0.517,0.53,0.543,0.557,0.57,0.583,0.596,0.609,0.622,0.635,0.648,0.662,0.675,0.688,0.701,0.714,0.727,0.74,0.754,0.767,0.78,0.793,0.806,0.819,0.832,0.845,0.859,0.872,0.885,0.898,0.911,0.924,0.937,0.951,0.964,0.977,0.99,1.003,1.016,1.029,1.042,1.056,1.069,1.082,1.095,1.108,1.121,1.134,1.147,1.161,1.174,1.187,1.2],"unit":"V"},"I":{"value":[0.0028064,0.0028319,0.0028182,0.0028159,0.0028161,0.0028107,0.0028114,0.0028038,0.0028109,0.0028022,0.0027884,0.0027912,0.0027956,0.0027869,0.0027936,0.0027958,0.0027908,0.0027916,0.0027794,0.0027831,0.0027674,0.0027819,0.0027777,0.0027669,0.0027639,0.0027656,0.0027608,0.0027583,0.0027483,0.0027559,0.002744,0.002735,0.0027372,0.0027371,0.0027351,0.0027211,0.0027192,0.0027079,0.0027031,0.0027035,0.0026963,0.002688,0.0026797,0.0026792,0.0026625,0.00266,0.0026497,0.0026451,0.0026267,0.0026124,0.0026028,0.0025917,0.0025706,0.0025535,0.0025407,0.0025148,0.002489,0.0024691,0.0024372,0.0024173,0.002378,0.0023458,0.0023057,0.0022758,0.0022289,0.0021832,0.0021365,0.0020886,0.0020355,0.0019841,0.0019367,0.0018765,0.0018152,0.0017473,0.0016833,0.0016115,0.0015378,0.0014613,0.0013739,0.0012887,0.0011923,0.0010968,0.000989,0.00088868,0.00077928,0.00066346,0.00054465,0.00042202,0.00028508,0.0001514,1.8075e-5,-0.00012235,-0.00026381,-0.00040983,-0.0005577,-0.00070711,-0.0008722,-0.0010281,-0.0012098,-0.0013729],"unit":"A"},"J":{"value":[0.0003508,0.0003539875,0.000352275,0.0003519875,0.0003520125,0.0003513375,0.000351425,0.000350475,0.0003513625,0.000350275,0.00034855,0.0003489,0.00034945,0.0003483625,0.0003492,0.000349475,0.00034885,0.00034895,0.000347425,0.0003478875,0.000345925,0.0003477375,0.0003472125,0.0003458625,0.0003454875,0.0003457,0.0003451,0.0003447875,0.0003435375,0.0003444875,0.000343,0.000341875,0.00034215,0.0003421375,0.0003418875,0.0003401375,0.0003399,0.0003384875,0.0003378875,0.0003379375,0.0003370375,0.000336,0.0003349625,0.0003349,0.0003328125,0.0003325,0.0003312125,0.0003306375,0.0003283375,0.00032655,0.00032535,0.0003239625,0.000321325,0.0003191875,0.0003175875,0.00031435,0.000311125,0.0003086375,0.00030465,0.0003021625,0.00029725,0.000293225,0.0002882125,0.000284475,0.0002786125,0.0002729,0.0002670625,0.000261075,0.0002544375,0.0002480125,0.0002420875,0.0002345625,0.0002269,0.0002184125,0.0002104125,0.0002014375,0.000192225,0.0001826625,0.0001717375,0.0001610875,0.0001490375,0.0001371,0.000123625,0.000111085,9.741e-5,8.29325e-5,6.808125e-5,5.27525e-5,3.5635e-5,1.8925e-5,2.259375e-6,-1.529375e-5,-3.297625e-5,-5.122875e-5,-6.97125e-5,-8.838875e-5,-0.000109025,-0.0001285125,-0.000151225,-0.0001716125],"unit":"A\/cm2"},"voc":{"unit":"V","value":1.0837},"isc":{"unit":"A","value":0.0028082},"jsc":{"unit":"mA\/cm2","value":22.465},"fill_factor":{"unit":"%","value":54.37},"pmax":{"unit":"mW","value":1.654},"vmax":{"unit":"V","value":0.727},"imax":{"unit":"mA","value":2.276},"rshunt":{"unit":"ohms","value":3500},"voc_slope":{"unit":"ohms","value":96.1},"efficiency":{"unit":"%","value":13.24},"monitor_cell_reading":{"unit":"mV","value":0},"monitor_cell_calibration_value":{"unit":"mV","value":0},"test_device_area":{"unit":"cm2","value":0.125},"num_of_series_connected_stacks":{"unit":"","value":1},"meter_integration":{"unit":"NPLC","value":0.1},"source_irradiance":{"unit":"mW\/cm2","value":100},"voltage_settling_time":{"unit":"ms","value":10},"sweep_direction":{"unit":"","value":"Forward"},"irradiance_variation_correction":{"unit":"","value":"None"},"device_id":{"unit":"","value":"3AMP-4mM-3-3-R"},"cell_dimension":{"unit":"cm2","value":0.125},"key":"Forward_IV 3AMP-4mM-3-3"},{"V":{"value":[-0.1,-0.087,-0.074,-0.061,-0.047,-0.034,-0.021,-0.008,0.005,0.018,0.031,0.044,0.058,0.071,0.084,0.097,0.11,0.123,0.136,0.149,0.163,0.176,0.189,0.202,0.215,0.228,0.241,0.255,0.268,0.281,0.294,0.307,0.32,0.333,0.346,0.36,0.373,0.386,0.399,0.412,0.425,0.438,0.452,0.465,0.478,0.491,0.504,0.517,0.53,0.543,0.557,0.57,0.583,0.596,0.609,0.622,0.635,0.648,0.662,0.675,0.688,0.701,0.714,0.727,0.74,0.754,0.767,0.78,0.793,0.806,0.819,0.832,0.845,0.859,0.872,0.885,0.898,0.911,0.924,0.937,0.951,0.964,0.977,0.99,1.003,1.016,1.029,1.042,1.056,1.069,1.082,1.095,1.108,1.121,1.134,1.147,1.161,1.174,1.187,1.2],"unit":"V"},"I":{"value":[0.0028205,0.0028316,0.0028218,0.0028134,0.0028137,0.0028151,0.0028041,0.0028115,0.0028003,0.0027915,0.0027863,0.0027913,0.0027889,0.0027786,0.0027876,0.0027777,0.0027748,0.0027713,0.0027789,0.0027676,0.0027592,0.0027632,0.0027641,0.0027554,0.0027546,0.0027461,0.0027424,0.0027301,0.0027443,0.0027438,0.0027323,0.0027279,0.0027291,0.0027266,0.0027108,0.002718,0.0027078,0.0027047,0.0026997,0.0026982,0.0026875,0.0026858,0.002679,0.0026649,0.0026657,0.002658,0.0026508,0.0026408,0.0026399,0.0026152,0.0026129,0.0026027,0.0026004,0.0025802,0.0025693,0.0025641,0.0025493,0.0025367,0.0025074,0.002488,0.0024739,0.0024524,0.0024286,0.0023993,0.0023735,0.0023394,0.0023121,0.0022673,0.0022331,0.0021813,0.0021377,0.0020804,0.0020292,0.0019674,0.0019007,0.0018328,0.0017577,0.0016833,0.0016084,0.0015224,0.0014249,0.0013318,0.001228,0.0011176,0.0010005,0.00086563,0.00072989,0.00058053,0.00039966,0.00021591,1.2298e-5,-0.00020835,-0.0004499,-0.00070944,-0.00099125,-0.0012885,-0.0016378,-0.0019818,-0.0023456,-0.0027296],"unit":"A"},"J":{"value":[0.0003525625,0.00035395,0.000352725,0.000351675,0.0003517125,0.0003518875,0.0003505125,0.0003514375,0.0003500375,0.0003489375,0.0003482875,0.0003489125,0.0003486125,0.000347325,0.00034845,0.0003472125,0.00034685,0.0003464125,0.0003473625,0.00034595,0.0003449,0.0003454,0.0003455125,0.000344425,0.000344325,0.0003432625,0.0003428,0.0003412625,0.0003430375,0.000342975,0.0003415375,0.0003409875,0.0003411375,0.000340825,0.00033885,0.00033975,0.000338475,0.0003380875,0.0003374625,0.000337275,0.0003359375,0.000335725,0.000334875,0.0003331125,0.0003332125,0.00033225,0.00033135,0.0003301,0.0003299875,0.0003269,0.0003266125,0.0003253375,0.00032505,0.000322525,0.0003211625,0.0003205125,0.0003186625,0.0003170875,0.000313425,0.000311,0.0003092375,0.00030655,0.000303575,0.0002999125,0.0002966875,0.000292425,0.0002890125,0.0002834125,0.0002791375,0.0002726625,0.0002672125,0.00026005,0.00025365,0.000245925,0.0002375875,0.0002291,0.0002197125,0.0002104125,0.00020105,0.0001903,0.0001781125,0.000166475,0.0001535,0.0001397,0.0001250625,0.00010820375,9.123625e-5,7.256625e-5,4.99575e-5,2.698875e-5,1.53725e-6,-2.604375e-5,-5.62375e-5,-8.868e-5,-0.00012390625,-0.0001610625,-0.000204725,-0.000247725,-0.0002932,-0.0003412],"unit":"A\/cm2"},"voc":{"unit":"V","value":1.0827},"isc":{"unit":"A","value":0.0028046},"jsc":{"unit":"mA\/cm2","value":22.437},"fill_factor":{"unit":"%","value":58.4},"pmax":{"unit":"mW","value":1.773},"vmax":{"unit":"V","value":0.767},"imax":{"unit":"mA","value":2.312},"rshunt":{"unit":"ohms","value":3170},"voc_slope":{"unit":"ohms","value":63.8},"efficiency":{"unit":"%","value":14.19},"monitor_cell_reading":{"unit":"mV","value":0},"monitor_cell_calibration_value":{"unit":"mV","value":0},"test_device_area":{"unit":"cm2","value":0.125},"num_of_series_connected_stacks":{"unit":"","value":1},"meter_integration":{"unit":"NPLC","value":0.1},"source_irradiance":{"unit":"mW\/cm2","value":100},"voltage_settling_time":{"unit":"ms","value":10},"sweep_direction":{"unit":"","value":"Forward"},"irradiance_variation_correction":{"unit":"","value":"None"},"device_id":{"unit":"","value":"3AMP-4mM-3-2-F"},"cell_dimension":{"unit":"cm2","value":0.125},"key":"Forward_IV 3AMP-4mM-3-2"},{"V":{"value":[-0.1,-0.087,-0.074,-0.061,-0.047,-0.034,-0.021,-0.008,0.005,0.018,0.031,0.044,0.058,0.071,0.084,0.097,0.11,0.123,0.136,0.149,0.163,0.176,0.189,0.202,0.215,0.228,0.241,0.255,0.268,0.281,0.294,0.307,0.32,0.333,0.346,0.36,0.373,0.386,0.399,0.412,0.425,0.438,0.452,0.465,0.478,0.491,0.504,0.517,0.53,0.543,0.557,0.57,0.583,0.596,0.609,0.622,0.635,0.648,0.662,0.675,0.688,0.701,0.714,0.727,0.74,0.754,0.767,0.78,0.793,0.806,0.819,0.832,0.845,0.859,0.872,0.885,0.898,0.911,0.924,0.937,0.951,0.964,0.977,0.99,1.003,1.016,1.029,1.042,1.056,1.069,1.082,1.095,1.108,1.121,1.134,1.147,1.161,1.174,1.187,1.2],"unit":"V"},"I":{"value":[0.0029423,0.0029454,0.002948,0.0029454,0.0029499,0.0029424,0.0029319,0.002941,0.0029408,0.0029308,0.0029292,0.0029264,0.0029264,0.0029203,0.0029295,0.002924,0.00292,0.0029227,0.0029164,0.0029101,0.0029123,0.0029198,0.0029032,0.0029119,0.0029081,0.0029068,0.0029,0.0029057,0.0029017,0.002894,0.0029023,0.0028919,0.0028859,0.002883,0.0028809,0.0028732,0.0028743,0.0028778,0.0028644,0.0028579,0.0028587,0.0028489,0.0028436,0.0028338,0.0028361,0.002816,0.0028197,0.0028116,0.0027978,0.0027871,0.0027778,0.0027559,0.0027455,0.0027405,0.0027141,0.0026972,0.002674,0.002651,0.0026178,0.0025822,0.0025593,0.0025183,0.0024776,0.002437,0.0023936,0.0023389,0.00229,0.0022353,0.002177,0.0021248,0.0020569,0.0019915,0.0019219,0.0018483,0.0017677,0.0016849,0.0016041,0.0015102,0.0014185,0.0013188,0.001206,0.0010968,0.00097822,0.00085934,0.00074008,0.00061599,0.00049441,0.00037093,0.00024048,0.00012124,2.5225e-6,-0.0001114,-0.000219,-0.00032278,-0.00042329,-0.00051942,-0.00062064,-0.00071151,-0.00080099,-0.0008899],"unit":"A"},"J":{"value":[0.0003677875,0.000368175,0.0003685,0.000368175,0.0003687375,0.0003678,0.0003664875,0.000367625,0.0003676,0.00036635,0.00036615,0.0003658,0.0003658,0.0003650375,0.0003661875,0.0003655,0.000365,0.0003653375,0.00036455,0.0003637625,0.0003640375,0.000364975,0.0003629,0.0003639875,0.0003635125,0.00036335,0.0003625,0.0003632125,0.0003627125,0.00036175,0.0003627875,0.0003614875,0.0003607375,0.000360375,0.0003601125,0.00035915,0.0003592875,0.000359725,0.00035805,0.0003572375,0.0003573375,0.0003561125,0.00035545,0.000354225,0.0003545125,0.000352,0.0003524625,0.00035145,0.000349725,0.0003483875,0.000347225,0.0003444875,0.0003431875,0.0003425625,0.0003392625,0.00033715,0.00033425,0.000331375,0.000327225,0.000322775,0.0003199125,0.0003147875,0.0003097,0.000304625,0.0002992,0.0002923625,0.00028625,0.0002794125,0.000272125,0.0002656,0.0002571125,0.0002489375,0.0002402375,0.0002310375,0.0002209625,0.0002106125,0.0002005125,0.000188775,0.0001773125,0.00016485,0.00015075,0.0001371,0.0001222775,0.0001074175,9.251e-5,7.699875e-5,6.180125e-5,4.636625e-5,3.006e-5,1.5155e-5,3.153125e-7,-1.3925e-5,-2.7375e-5,-4.03475e-5,-5.291125e-5,-6.49275e-5,-7.758e-5,-8.893875e-5,-0.00010012375,-0.0001112375],"unit":"A\/cm2"},"voc":{"unit":"V","value":1.0823},"isc":{"unit":"A","value":0.0029409},"jsc":{"unit":"mA\/cm2","value":23.527},"fill_factor":{"unit":"%","value":55.66},"pmax":{"unit":"mW","value":1.772},"vmax":{"unit":"V","value":0.727},"imax":{"unit":"mA","value":2.437},"rshunt":{"unit":"ohms","value":4120},"voc_slope":{"unit":"ohms","value":111},"efficiency":{"unit":"%","value":14.17},"monitor_cell_reading":{"unit":"mV","value":0},"monitor_cell_calibration_value":{"unit":"mV","value":0},"test_device_area":{"unit":"cm2","value":0.125},"num_of_series_connected_stacks":{"unit":"","value":1},"meter_integration":{"unit":"NPLC","value":0.1},"source_irradiance":{"unit":"mW\/cm2","value":100},"voltage_settling_time":{"unit":"ms","value":10},"sweep_direction":{"unit":"","value":"Forward"},"irradiance_variation_correction":{"unit":"","value":"None"},"device_id":{"unit":"","value":"3AMP-4mM-2-3-F"},"cell_dimension":{"unit":"cm2","value":0.125},"key":"Forward_IV 3AMP-4mM-2-3"},{"V":{"value":[-0.1,-0.087,-0.074,-0.061,-0.047,-0.034,-0.021,-0.008,0.005,0.018,0.031,0.044,0.058,0.071,0.084,0.097,0.11,0.123,0.136,0.149,0.163,0.176,0.189,0.202,0.215,0.228,0.241,0.255,0.268,0.281,0.294,0.307,0.32,0.333,0.346,0.36,0.373,0.386,0.399,0.412,0.425,0.438,0.452,0.465,0.478,0.491,0.504,0.517,0.53,0.543,0.557,0.57,0.583,0.596,0.609,0.622,0.635,0.648,0.662,0.675,0.688,0.701,0.714,0.727,0.74,0.754,0.767,0.78,0.793,0.806,0.819,0.832,0.845,0.859,0.872,0.885,0.898,0.911,0.924,0.937,0.951,0.964,0.977,0.99,1.003,1.016,1.029,1.042,1.056,1.069,1.082,1.095,1.108,1.121,1.134,1.147,1.161,1.174,1.187,1.2],"unit":"V"},"I":{"value":[0.0029545,0.0029572,0.002958,0.002956,0.0029516,0.0029421,0.0029443,0.0029502,0.0029375,0.0029449,0.0029412,0.0029379,0.0029341,0.002943,0.0029456,0.0029284,0.0029321,0.0029309,0.0029329,0.0029194,0.0029285,0.0029127,0.0029156,0.0029208,0.0029173,0.002917,0.0029171,0.0029085,0.0029069,0.0028949,0.0029024,0.0028971,0.0029025,0.0028941,0.0028899,0.002894,0.0028821,0.002894,0.0028809,0.0028787,0.0028756,0.0028649,0.0028556,0.0028573,0.0028447,0.0028401,0.0028249,0.002823,0.0028234,0.0028049,0.0028023,0.0027912,0.0027784,0.0027626,0.0027614,0.0027433,0.0027138,0.0027004,0.0026707,0.0026481,0.0026143,0.0025955,0.0025576,0.0025254,0.0024884,0.0024461,0.0023989,0.0023516,0.0023043,0.002245,0.0021915,0.0021315,0.0020657,0.0019861,0.0019107,0.0018287,0.0017348,0.0016464,0.0015435,0.0014366,0.0013149,0.0011968,0.0010691,0.00094357,0.00080307,0.00066727,0.00052456,0.00038955,0.00024888,0.00011563,-1.2158e-5,-0.00013735,-0.00025396,-0.0003659,-0.00047276,-0.00057702,-0.00068538,-0.00078337,-0.00087923,-0.00097451],"unit":"A"},"J":{"value":[0.0003693125,0.00036965,0.00036975,0.0003695,0.00036895,0.0003677625,0.0003680375,0.000368775,0.0003671875,0.0003681125,0.00036765,0.0003672375,0.0003667625,0.000367875,0.0003682,0.00036605,0.0003665125,0.0003663625,0.0003666125,0.000364925,0.0003660625,0.0003640875,0.00036445,0.0003651,0.0003646625,0.000364625,0.0003646375,0.0003635625,0.0003633625,0.0003618625,0.0003628,0.0003621375,0.0003628125,0.0003617625,0.0003612375,0.00036175,0.0003602625,0.00036175,0.0003601125,0.0003598375,0.00035945,0.0003581125,0.00035695,0.0003571625,0.0003555875,0.0003550125,0.0003531125,0.000352875,0.000352925,0.0003506125,0.0003502875,0.0003489,0.0003473,0.000345325,0.000345175,0.0003429125,0.000339225,0.00033755,0.0003338375,0.0003310125,0.0003267875,0.0003244375,0.0003197,0.000315675,0.00031105,0.0003057625,0.0002998625,0.00029395,0.0002880375,0.000280625,0.0002739375,0.0002664375,0.0002582125,0.0002482625,0.0002388375,0.0002285875,0.00021685,0.0002058,0.0001929375,0.000179575,0.0001643625,0.0001496,0.0001336375,0.00011794625,0.00010038375,8.340875e-5,6.557e-5,4.869375e-5,3.111e-5,1.445375e-5,-1.51975e-6,-1.716875e-5,-3.1745e-5,-4.57375e-5,-5.9095e-5,-7.21275e-5,-8.56725e-5,-9.792125e-5,-0.00010990375,-0.00012181375],"unit":"A\/cm2"},"voc":{"unit":"V","value":1.0808},"isc":{"unit":"A","value":0.0029424},"jsc":{"unit":"mA\/cm2","value":23.539},"fill_factor":{"unit":"%","value":58},"pmax":{"unit":"mW","value":1.844},"vmax":{"unit":"V","value":0.754},"imax":{"unit":"mA","value":2.446},"rshunt":{"unit":"ohms","value":4710},"voc_slope":{"unit":"ohms","value":102},"efficiency":{"unit":"%","value":14.75},"monitor_cell_reading":{"unit":"mV","value":0},"monitor_cell_calibration_value":{"unit":"mV","value":0},"test_device_area":{"unit":"cm2","value":0.125},"num_of_series_connected_stacks":{"unit":"","value":1},"meter_integration":{"unit":"NPLC","value":0.1},"source_irradiance":{"unit":"mW\/cm2","value":100},"voltage_settling_time":{"unit":"ms","value":10},"sweep_direction":{"unit":"","value":"Forward"},"irradiance_variation_correction":{"unit":"","value":"None"},"device_id":{"unit":"","value":"3AMP-4mM-2-2-F"},"cell_dimension":{"unit":"cm2","value":0.125},"key":"Forward_IV 3AMP-4mM-2-2"},{"V":{"value":[-0.1,-0.087,-0.074,-0.061,-0.047,-0.034,-0.021,-0.008,0.005,0.018,0.031,0.044,0.058,0.071,0.084,0.097,0.11,0.123,0.136,0.149,0.163,0.176,0.189,0.202,0.215,0.228,0.241,0.255,0.268,0.281,0.294,0.307,0.32,0.333,0.346,0.36,0.373,0.386,0.399,0.412,0.425,0.438,0.452,0.465,0.478,0.491,0.504,0.517,0.53,0.543,0.557,0.57,0.583,0.596,0.609,0.622,0.635,0.648,0.662,0.675,0.688,0.701,0.714,0.727,0.74,0.754,0.767,0.78,0.793,0.806,0.819,0.832,0.845,0.859,0.872,0.885,0.898,0.911,0.924,0.937,0.951,0.964,0.977,0.99,1.003,1.016,1.029,1.042,1.056,1.069,1.082,1.095,1.108,1.121,1.134,1.147,1.161,1.174,1.187,1.2],"unit":"V"},"I":{"value":[0.002963,0.0029713,0.0029685,0.0029724,0.0029602,0.0029665,0.0029621,0.0029595,0.0029555,0.0029595,0.0029443,0.0029569,0.0029574,0.0029532,0.0029485,0.0029489,0.002954,0.0029442,0.0029378,0.0029402,0.0029355,0.0029285,0.0029273,0.002937,0.0029265,0.002924,0.0029246,0.002919,0.0029158,0.0029026,0.0029066,0.002904,0.0028941,0.0028902,0.0028915,0.0028827,0.0028763,0.0028686,0.0028607,0.0028533,0.0028507,0.0028425,0.0028375,0.002817,0.002814,0.0028053,0.0027932,0.0027741,0.0027595,0.0027457,0.0027156,0.0027018,0.0026872,0.0026609,0.0026318,0.0026095,0.0025799,0.0025462,0.0025186,0.0024785,0.0024392,0.0024011,0.0023602,0.0023083,0.0022656,0.0022079,0.0021525,0.0020919,0.0020267,0.0019639,0.0018913,0.00182,0.0017412,0.0016514,0.0015658,0.0014831,0.00139,0.0012981,0.0012009,0.0011028,0.00099608,0.00089085,0.00078899,0.00068457,0.00058132,0.00047642,0.00037442,0.00027157,0.00016151,5.8941e-5,-4.1511e-5,-0.00014159,-0.00023871,-0.00033415,-0.00042821,-0.00052197,-0.00062133,-0.0007125,-0.00080233,-0.00089147],"unit":"A"},"J":{"value":[0.000370375,0.0003714125,0.0003710625,0.00037155,0.000370025,0.0003708125,0.0003702625,0.0003699375,0.0003694375,0.0003699375,0.0003680375,0.0003696125,0.000369675,0.00036915,0.0003685625,0.0003686125,0.00036925,0.000368025,0.000367225,0.000367525,0.0003669375,0.0003660625,0.0003659125,0.000367125,0.0003658125,0.0003655,0.000365575,0.000364875,0.000364475,0.000362825,0.000363325,0.000363,0.0003617625,0.000361275,0.0003614375,0.0003603375,0.0003595375,0.000358575,0.0003575875,0.0003566625,0.0003563375,0.0003553125,0.0003546875,0.000352125,0.00035175,0.0003506625,0.00034915,0.0003467625,0.0003449375,0.0003432125,0.00033945,0.000337725,0.0003359,0.0003326125,0.000328975,0.0003261875,0.0003224875,0.000318275,0.000314825,0.0003098125,0.0003049,0.0003001375,0.000295025,0.0002885375,0.0002832,0.0002759875,0.0002690625,0.0002614875,0.0002533375,0.0002454875,0.0002364125,0.0002275,0.00021765,0.000206425,0.000195725,0.0001853875,0.00017375,0.0001622625,0.0001501125,0.00013785,0.00012451,0.00011135625,9.862375e-5,8.557125e-5,7.2665e-5,5.95525e-5,4.68025e-5,3.394625e-5,2.018875e-5,7.367625e-6,-5.188875e-6,-1.769875e-5,-2.983875e-5,-4.176875e-5,-5.352625e-5,-6.524625e-5,-7.766625e-5,-8.90625e-5,-0.00010029125,-0.00011143375],"unit":"A\/cm2"},"voc":{"unit":"V","value":1.0766},"isc":{"unit":"A","value":0.0029571},"jsc":{"unit":"mA\/cm2","value":23.656},"fill_factor":{"unit":"%","value":52.93},"pmax":{"unit":"mW","value":1.685},"vmax":{"unit":"V","value":0.714},"imax":{"unit":"mA","value":2.36},"rshunt":{"unit":"ohms","value":3820},"voc_slope":{"unit":"ohms","value":129},"efficiency":{"unit":"%","value":13.48},"monitor_cell_reading":{"unit":"mV","value":0},"monitor_cell_calibration_value":{"unit":"mV","value":0},"test_device_area":{"unit":"cm2","value":0.125},"num_of_series_connected_stacks":{"unit":"","value":1},"meter_integration":{"unit":"NPLC","value":0.1},"source_irradiance":{"unit":"mW\/cm2","value":100},"voltage_settling_time":{"unit":"ms","value":10},"sweep_direction":{"unit":"","value":"Forward"},"irradiance_variation_correction":{"unit":"","value":"None"},"device_id":{"unit":"","value":"3AMP-4mM-2-1-F"},"cell_dimension":{"unit":"cm2","value":0.125},"key":"Forward_IV 3AMP-4mM-2-1"},{"V":{"value":[-0.1,-0.087,-0.074,-0.061,-0.047,-0.034,-0.021,-0.008,0.005,0.018,0.031,0.044,0.058,0.071,0.084,0.097,0.11,0.123,0.136,0.149,0.163,0.176,0.189,0.202,0.215,0.228,0.241,0.255,0.268,0.281,0.294,0.307,0.32,0.333,0.346,0.36,0.373,0.386,0.399,0.412,0.425,0.438,0.452,0.465,0.478,0.491,0.504,0.517,0.53,0.543,0.557,0.57,0.583,0.596,0.609,0.622,0.635,0.648,0.662,0.675,0.688,0.701,0.714,0.727,0.74,0.754,0.767,0.78,0.793,0.806,0.819,0.832,0.845,0.859,0.872,0.885,0.898,0.911,0.924,0.937,0.951,0.964,0.977,0.99,1.003,1.016,1.029,1.042,1.056,1.069,1.082,1.095,1.108,1.121,1.134,1.147,1.161,1.174,1.187,1.2],"unit":"V"},"I":{"value":[0.0028714,0.0028889,0.0028824,0.0028754,0.0028777,0.0028746,0.0028659,0.0028725,0.0028651,0.002856,0.0028596,0.0028641,0.0028547,0.0028546,0.0028528,0.0028514,0.0028455,0.0028542,0.0028508,0.0028453,0.0028396,0.002837,0.0028355,0.002834,0.0028297,0.0028184,0.0028312,0.0028343,0.0028281,0.0028161,0.0028228,0.0028117,0.0028096,0.0028112,0.0028056,0.0028053,0.0028027,0.0027919,0.0027957,0.0027883,0.0027879,0.002779,0.0027765,0.002772,0.0027686,0.0027566,0.002752,0.0027458,0.0027438,0.0027414,0.0027255,0.0027211,0.0027043,0.002691,0.0026822,0.0026736,0.0026468,0.0026401,0.0026156,0.0025978,0.0025725,0.0025495,0.0025233,0.0025009,0.0024573,0.002421,0.0023832,0.0023442,0.0022916,0.0022501,0.0021948,0.0021356,0.0020805,0.0020157,0.0019441,0.0018741,0.0017922,0.0017061,0.0016216,0.0015247,0.0014144,0.0013047,0.0011875,0.0010591,0.00092964,0.00079194,0.00065164,0.0005042,0.0003423,0.00018883,3.594e-5,-0.00012044,-0.00027128,-0.00042001,-0.00056478,-0.00071028,-0.0008638,-0.0010032,-0.0011269,-0.0012708],"unit":"A"},"J":{"value":[0.000358925,0.0003611125,0.0003603,0.000359425,0.0003597125,0.000359325,0.0003582375,0.0003590625,0.0003581375,0.000357,0.00035745,0.0003580125,0.0003568375,0.000356825,0.0003566,0.000356425,0.0003556875,0.000356775,0.00035635,0.0003556625,0.00035495,0.000354625,0.0003544375,0.00035425,0.0003537125,0.0003523,0.0003539,0.0003542875,0.0003535125,0.0003520125,0.00035285,0.0003514625,0.0003512,0.0003514,0.0003507,0.0003506625,0.0003503375,0.0003489875,0.0003494625,0.0003485375,0.0003484875,0.000347375,0.0003470625,0.0003465,0.000346075,0.000344575,0.000344,0.000343225,0.000342975,0.000342675,0.0003406875,0.0003401375,0.0003380375,0.000336375,0.000335275,0.0003342,0.00033085,0.0003300125,0.00032695,0.000324725,0.0003215625,0.0003186875,0.0003154125,0.0003126125,0.0003071625,0.000302625,0.0002979,0.000293025,0.00028645,0.0002812625,0.00027435,0.00026695,0.0002600625,0.0002519625,0.0002430125,0.0002342625,0.000224025,0.0002132625,0.0002027,0.0001905875,0.0001768,0.0001630875,0.0001484375,0.0001323875,0.000116205,9.89925e-5,8.1455e-5,6.3025e-5,4.27875e-5,2.360375e-5,4.4925e-6,-1.5055e-5,-3.391e-5,-5.250125e-5,-7.05975e-5,-8.8785e-5,-0.000107975,-0.0001254,-0.0001408625,-0.00015885],"unit":"A\/cm2"},"voc":{"unit":"V","value":1.085},"isc":{"unit":"A","value":0.0028679},"jsc":{"unit":"mA\/cm2","value":22.943},"fill_factor":{"unit":"%","value":58.76},"pmax":{"unit":"mW","value":1.828},"vmax":{"unit":"V","value":0.78},"imax":{"unit":"mA","value":2.344},"rshunt":{"unit":"ohms","value":4220},"voc_slope":{"unit":"ohms","value":84.9},"efficiency":{"unit":"%","value":14.63},"monitor_cell_reading":{"unit":"mV","value":0},"monitor_cell_calibration_value":{"unit":"mV","value":0},"test_device_area":{"unit":"cm2","value":0.125},"num_of_series_connected_stacks":{"unit":"","value":1},"meter_integration":{"unit":"NPLC","value":0.1},"source_irradiance":{"unit":"mW\/cm2","value":100},"voltage_settling_time":{"unit":"ms","value":10},"sweep_direction":{"unit":"","value":"Forward"},"irradiance_variation_correction":{"unit":"","value":"None"},"device_id":{"unit":"","value":"3AMP-4mM-1-3-F"},"cell_dimension":{"unit":"cm2","value":0.125},"key":"Forward_IV 3AMP-4mM-1-3"},{"V":{"value":[-0.1,-0.087,-0.074,-0.061,-0.047,-0.034,-0.021,-0.008,0.005,0.018,0.031,0.044,0.058,0.071,0.084,0.097,0.11,0.123,0.136,0.149,0.163,0.176,0.189,0.202,0.215,0.228,0.241,0.255,0.268,0.281,0.294,0.307,0.32,0.333,0.346,0.36,0.373,0.386,0.399,0.412,0.425,0.438,0.452,0.465,0.478,0.491,0.504,0.517,0.53,0.543,0.557,0.57,0.583,0.596,0.609,0.622,0.635,0.648,0.662,0.675,0.688,0.701,0.714,0.727,0.74,0.754,0.767,0.78,0.793,0.806,0.819,0.832,0.845,0.859,0.872,0.885,0.898,0.911,0.924,0.937,0.951,0.964,0.977,0.99,1.003,1.016,1.029,1.042,1.056,1.069,1.082,1.095,1.108,1.121,1.134,1.147,1.161,1.174,1.187,1.2],"unit":"V"},"I":{"value":[0.0028707,0.0028862,0.002878,0.0028767,0.0028794,0.0028623,0.0028644,0.0028652,0.0028656,0.0028554,0.0028571,0.0028429,0.0028499,0.0028438,0.0028398,0.0028341,0.0028394,0.0028325,0.002834,0.0028268,0.0028215,0.0028224,0.0028293,0.0028172,0.0028143,0.0028101,0.0028064,0.0028064,0.0028077,0.0027901,0.0027887,0.0027906,0.002786,0.0027769,0.00277,0.0027697,0.002756,0.0027607,0.0027595,0.0027449,0.0027398,0.0027261,0.0027172,0.0027038,0.002706,0.0026973,0.0026793,0.0026689,0.0026577,0.0026472,0.0026314,0.002599,0.0025876,0.002565,0.0025433,0.0025143,0.0024774,0.0024539,0.0024134,0.0023653,0.0023263,0.002284,0.0022356,0.0021841,0.002124,0.0020586,0.0020044,0.0019402,0.0018763,0.001809,0.0017461,0.0016743,0.0016068,0.0015276,0.0014514,0.0013726,0.0012933,0.0012089,0.0011279,0.0010402,0.00094151,0.00085089,0.00075268,0.00065752,0.00056608,0.00047076,0.00037891,0.00028845,0.00019478,0.00011148,3.3149e-5,-3.9992e-5,-0.00010818,-0.00017058,-0.0002285,-0.0002832,-0.00033852,-0.00038705,-0.00043391,-0.0004795],"unit":"A"},"J":{"value":[0.0003588375,0.000360775,0.00035975,0.0003595875,0.000359925,0.0003577875,0.00035805,0.00035815,0.0003582,0.000356925,0.0003571375,0.0003553625,0.0003562375,0.000355475,0.000354975,0.0003542625,0.000354925,0.0003540625,0.00035425,0.00035335,0.0003526875,0.0003528,0.0003536625,0.00035215,0.0003517875,0.0003512625,0.0003508,0.0003508,0.0003509625,0.0003487625,0.0003485875,0.000348825,0.00034825,0.0003471125,0.00034625,0.0003462125,0.0003445,0.0003450875,0.0003449375,0.0003431125,0.000342475,0.0003407625,0.00033965,0.000337975,0.00033825,0.0003371625,0.0003349125,0.0003336125,0.0003322125,0.0003309,0.000328925,0.000324875,0.00032345,0.000320625,0.0003179125,0.0003142875,0.000309675,0.0003067375,0.000301675,0.0002956625,0.0002907875,0.0002855,0.00027945,0.0002730125,0.0002655,0.000257325,0.00025055,0.000242525,0.0002345375,0.000226125,0.0002182625,0.0002092875,0.00020085,0.00019095,0.000181425,0.000171575,0.0001616625,0.0001511125,0.0001409875,0.000130025,0.00011768875,0.00010636125,9.4085e-5,8.219e-5,7.076e-5,5.8845e-5,4.736375e-5,3.605625e-5,2.43475e-5,1.3935e-5,4.143625e-6,-4.999e-6,-1.35225e-5,-2.13225e-5,-2.85625e-5,-3.54e-5,-4.2315e-5,-4.838125e-5,-5.423875e-5,-5.99375e-5],"unit":"A\/cm2"},"voc":{"unit":"V","value":1.0879},"isc":{"unit":"A","value":0.0028655},"jsc":{"unit":"mA\/cm2","value":22.924},"fill_factor":{"unit":"%","value":51.36},"pmax":{"unit":"mW","value":1.601},"vmax":{"unit":"V","value":0.701},"imax":{"unit":"mA","value":2.284},"rshunt":{"unit":"ohms","value":3200},"voc_slope":{"unit":"ohms","value":166},"efficiency":{"unit":"%","value":12.81},"monitor_cell_reading":{"unit":"mV","value":0},"monitor_cell_calibration_value":{"unit":"mV","value":0},"test_device_area":{"unit":"cm2","value":0.125},"num_of_series_connected_stacks":{"unit":"","value":1},"meter_integration":{"unit":"NPLC","value":0.1},"source_irradiance":{"unit":"mW\/cm2","value":100},"voltage_settling_time":{"unit":"ms","value":10},"sweep_direction":{"unit":"","value":"Forward"},"irradiance_variation_correction":{"unit":"","value":"None"},"device_id":{"unit":"","value":"3AMP-4mM-1-2-F"},"cell_dimension":{"unit":"cm2","value":0.125},"key":"Forward_IV 3AMP-4mM-1-2"},{"V":{"value":[-0.1,-0.087,-0.074,-0.061,-0.047,-0.034,-0.021,-0.008,0.005,0.018,0.031,0.044,0.058,0.071,0.084,0.097,0.11,0.123,0.136,0.149,0.163,0.176,0.189,0.202,0.215,0.228,0.241,0.255,0.268,0.281,0.294,0.307,0.32,0.333,0.346,0.36,0.373,0.386,0.399,0.412,0.425,0.438,0.452,0.465,0.478,0.491,0.504,0.517,0.53,0.543,0.557,0.57,0.583,0.596,0.609,0.622,0.635,0.648,0.662,0.675,0.688,0.701,0.714,0.727,0.74,0.754,0.767,0.78,0.793,0.806,0.819,0.832,0.845,0.859,0.872,0.885,0.898,0.911,0.924,0.937,0.951,0.964,0.977,0.99,1.003,1.016,1.029,1.042,1.056,1.069,1.082,1.095,1.108,1.121,1.134,1.147,1.161,1.174,1.187,1.2],"unit":"V"},"I":{"value":[0.0028814,0.002897,0.0028959,0.0028957,0.0028885,0.0028928,0.0028835,0.0028806,0.0028784,0.0028689,0.0028777,0.0028677,0.0028684,0.0028683,0.0028694,0.0028619,0.0028579,0.002866,0.0028547,0.0028567,0.0028511,0.0028565,0.002847,0.0028439,0.0028452,0.0028345,0.0028317,0.0028364,0.0028327,0.0028194,0.0028241,0.002812,0.0028129,0.0028072,0.0028057,0.002794,0.0027889,0.0027919,0.0027793,0.0027788,0.0027586,0.0027563,0.0027447,0.002726,0.0027253,0.0027186,0.0027057,0.0026861,0.0026775,0.0026601,0.0026388,0.0026247,0.002604,0.0025814,0.0025544,0.0025368,0.0024955,0.0024671,0.0024318,0.0023936,0.0023557,0.0023195,0.0022737,0.002227,0.0021836,0.0021289,0.0020792,0.0020251,0.0019723,0.0019114,0.0018515,0.0017947,0.0017264,0.0016569,0.0015867,0.0015155,0.0014352,0.0013593,0.001276,0.0011892,0.0010929,0.0010009,0.00090161,0.0008029,0.00070186,0.00060158,0.00049855,0.00039687,0.00028855,0.00018963,8.9421e-5,-5.1759e-6,-9.6763e-5,-0.00018354,-0.00026913,-0.00035085,-0.00043561,-0.00051176,-0.00058516,-0.00065666],"unit":"A"},"J":{"value":[0.000360175,0.000362125,0.0003619875,0.0003619625,0.0003610625,0.0003616,0.0003604375,0.000360075,0.0003598,0.0003586125,0.0003597125,0.0003584625,0.00035855,0.0003585375,0.000358675,0.0003577375,0.0003572375,0.00035825,0.0003568375,0.0003570875,0.0003563875,0.0003570625,0.000355875,0.0003554875,0.00035565,0.0003543125,0.0003539625,0.00035455,0.0003540875,0.000352425,0.0003530125,0.0003515,0.0003516125,0.0003509,0.0003507125,0.00034925,0.0003486125,0.0003489875,0.0003474125,0.00034735,0.000344825,0.0003445375,0.0003430875,0.00034075,0.0003406625,0.000339825,0.0003382125,0.0003357625,0.0003346875,0.0003325125,0.00032985,0.0003280875,0.0003255,0.000322675,0.0003193,0.0003171,0.0003119375,0.0003083875,0.000303975,0.0002992,0.0002944625,0.0002899375,0.0002842125,0.000278375,0.00027295,0.0002661125,0.0002599,0.0002531375,0.0002465375,0.000238925,0.0002314375,0.0002243375,0.0002158,0.0002071125,0.0001983375,0.0001894375,0.0001794,0.0001699125,0.0001595,0.00014865,0.0001366125,0.0001251125,0.00011270125,0.0001003625,8.77325e-5,7.51975e-5,6.231875e-5,4.960875e-5,3.606875e-5,2.370375e-5,1.1177625e-5,-6.469875e-7,-1.2095375e-5,-2.29425e-5,-3.364125e-5,-4.385625e-5,-5.445125e-5,-6.397e-5,-7.3145e-5,-8.20825e-5],"unit":"A\/cm2"},"voc":{"unit":"V","value":1.0943},"isc":{"unit":"A","value":0.0028792},"jsc":{"unit":"mA\/cm2","value":23.034},"fill_factor":{"unit":"%","value":51.61},"pmax":{"unit":"mW","value":1.626},"vmax":{"unit":"V","value":0.701},"imax":{"unit":"mA","value":2.319},"rshunt":{"unit":"ohms","value":3680},"voc_slope":{"unit":"ohms","value":137},"efficiency":{"unit":"%","value":13.01},"monitor_cell_reading":{"unit":"mV","value":0},"monitor_cell_calibration_value":{"unit":"mV","value":0},"test_device_area":{"unit":"cm2","value":0.125},"num_of_series_connected_stacks":{"unit":"","value":1},"meter_integration":{"unit":"NPLC","value":0.1},"source_irradiance":{"unit":"mW\/cm2","value":100},"voltage_settling_time":{"unit":"ms","value":10},"sweep_direction":{"unit":"","value":"Forward"},"irradiance_variation_correction":{"unit":"","value":"None"},"device_id":{"unit":"","value":"3AMP-4mM-1-1-F"},"cell_dimension":{"unit":"cm2","value":0.125},"key":"Forward_IV 3AMP-4mM-1-1"}]}}