{"_id":"66f0d8a9e52d830979516143","id":"SKKU-SC-00582","author":82,"group":11,"input":[{"tco":{"unit":"","value":"ITO"}},{"surface_treatment":{"unit":"","value":"O-Plasma"}},{"htl":[{"material":{"unit":"","value":"Me-4PACz"},"concentration":{"unit":"","value":"0.3"},"conc_unit":{"unit":"","value":"mg\/ml"},"quantity":{"unit":"ml","value":"0.2"}}],"spin_coating":[{"type":{"unit":"","value":"Static (only spreading)"},"rpm":{"unit":"","value":"3000"},"time":{"unit":"s","value":"30"}}],"annealing":[{"temperature":{"unit":"oC","value":"100"},"time":{"unit":"m","value":"10"}}],"solvent":[{"material":{"unit":"","value":"Ethanol"},"volume":{"unit":"ml","value":"5"}}],"condition":{"unit":"","value":"glove-box(N2)"}},{"spin_coating":[{"type":{"unit":"","value":"Dynamic"},"rpm":{"unit":"","value":"5000"},"time":{"unit":"s","value":"35"}}],"annealing":[{"temperature":{"unit":"oC","value":"100"},"time":{"unit":"m","value":"10"}}],"solvent":[{"material":{"unit":"","value":"IPA"},"volume":{"unit":"ml","value":"2"}}],"condition":{"unit":"","value":"glove-box(N2)"},"htl_treatment":[{"material":{"unit":"","value":"Al2O3"},"concentration":{"unit":"","value":"0.9"},"conc_unit":{"unit":"","value":"mg\/ml"},"quantity":{"unit":"ml","value":"2"}}]},{"condition":{"unit":"","value":"glove-box(N2)"},"perovskite":{"method":{"unit":"","value":"1step"},"molarity":{"unit":"M","value":"1.5M"},"a_site":[{"material":{"unit":"","value":"FA"},"ratio":{"unit":"%","value":"90"}},{"material":{"unit":"","value":"Cs"},"ratio":{"unit":"%","value":"10"}}],"b_site":[{"material":{"unit":"","value":"Pb"},"ratio":{"unit":"%","value":"100"}}],"x_site":[{"material":{"unit":"","value":"I"},"ratio":{"unit":"%","value":"100"}}],"solvent":[{"material":{"unit":"","value":"DMF"},"volume":{"unit":"ml","value":"0.8"}},{"material":{"unit":"","value":"DMSO"},"volume":{"unit":"ml","value":"0.2"}}],"antisolvent":[{"material":{"unit":"","value":"DEE"},"quantity":{"unit":"ul","value":"800"},"dripping_time":{"unit":"s","value":"40"}}],"annealing":[{"temperature":{"unit":"oC","value":"60"},"time":{"unit":"m","value":"3"}}],"spin_coating":[{"type":{"unit":"","value":"Static (only spreading)"},"rpm":{"unit":"","value":"5000"},"time":{"unit":"s","value":"50"}}],"additive":[{"material":{"unit":"","value":"MACl"},"solvent":{"unit":"","value":"DMF"},"concentration":{"unit":"","value":"30.4"},"conc_unit":{"unit":"","value":"mg\/ml"},"quantity":{"unit":"mol%","value":"30"}}]}},{"perovskite":{"annealing":[{"temperature":{"unit":"oC","value":"150"},"time":{"unit":"m","value":"1"}},{"temperature":{"unit":"oC","value":"120"},"time":{"unit":"m","value":"50"}}],"atmosphere":[{"type":{"unit":"","value":"Ambient (30RH%)"},"temperature":{"unit":"oC","value":"20"},"humidity":{"unit":"RH%","value":"30"}}]}},{"perovskite_treatment":[{"material":{"unit":"","value":"OABr"},"concentration":{"unit":"","value":"2"},"conc_unit":{"unit":"","value":"mg\/ml"},"quantity":{"unit":"ml","value":"0.065"}}],"annealing":[{"temperature":{"unit":"oC","value":"100"},"time":{"unit":"m","value":"5"}}],"spin_coating":[{"type":{"unit":"","value":"Dynamic"},"rpm":{"unit":"","value":"5000"},"time":{"unit":"s","value":"30"}}],"condition":{"unit":"","value":"glove-box(N2)"},"solvent":[{"material":{"unit":"","value":"IPA"},"volume":{"unit":"ml","value":"2"}}]},{"etl":[{"material":{"unit":"","value":"C60"},"concentration":{"unit":"","value":""},"conc_unit":{"unit":"","value":"mg\/ml"},"quantity":{"unit":"ml","value":"None"}}],"thermal_evaporation":[{"vacuum_evaporation_thickness":{"unit":"nm","value":"30"},"evaporation_rate":{"unit":"\u00c5\/s","value":"0.2"},"vacuum_pressure":{"unit":"uTorr","value":"0.97"}}]},{"blocking_buffer_layer":[{"material":{"unit":"","value":"BCP"},"concentration":{"unit":"","value":"None"},"conc_unit":{"unit":"","value":"None"},"quantity":{"unit":"ml","value":"None"}}],"thermal_evaporation":[{"vacuum_evaporation_thickness":{"unit":"nm","value":"8"},"evaporation_rate":{"unit":"\u00c5\/s","value":"0.2"},"vacuum_pressure":{"unit":"uTorr","value":"0.97"}}]},{"anode_metal":{"unit":"","value":"Ag"}},{"note":{"unit":"","value":"Al2O3 optimization"},"type":{"unit":"","value":"unit_cell"},"device_type":{"unit":"","value":"p-i-n"},"temperature":{"unit":"\u2103","value":"25"},"humidity":{"unit":"%","value":"25"},"cell_dimension":{"unit":"cm2","value":"0.09"},"condition":{"unit":"","value":"glove-box(N2)"}}],"fileinfo":[{"key":"Reverse_IV 11-2-r","uploadType":"JV","original_name":"IV 11-2-r-2.txt","save_name":"SKKU-SC-00582\/Reverse_IV 11-2-r","uploader":82,"fileType":""},{"key":"Forward_IV 11-3","uploadType":"JV","original_name":"IV 11-3-f.txt","save_name":"SKKU-SC-00582\/Forward_IV 11-3","uploader":82,"fileType":""},{"key":"Reverse_IV 11-3","uploadType":"JV","original_name":"IV 11-3-r.txt","save_name":"SKKU-SC-00582\/Reverse_IV 11-3","uploader":82,"fileType":""},{"key":"Reverse_IV 11-4","uploadType":"JV","original_name":"IV 11-4-r.txt","save_name":"SKKU-SC-00582\/Reverse_IV 11-4","uploader":82,"fileType":""},{"key":"Forward_IV 11-5","uploadType":"JV","original_name":"IV 11-5-f.txt","save_name":"SKKU-SC-00582\/Forward_IV 11-5","uploader":82,"fileType":""},{"key":"Reverse_IV 11-5","uploadType":"JV","original_name":"IV 11-5-r.txt","save_name":"SKKU-SC-00582\/Reverse_IV 11-5","uploader":82,"fileType":""},{"key":"Reverse_IV 12-2","uploadType":"JV","original_name":"IV 12-2-r.txt","save_name":"SKKU-SC-00582\/Reverse_IV 12-2","uploader":82,"fileType":""},{"key":"Reverse_IV 12-3","uploadType":"JV","original_name":"IV 12-3-r.txt","save_name":"SKKU-SC-00582\/Reverse_IV 12-3","uploader":82,"fileType":""},{"key":"Reverse_IV 12-4","uploadType":"JV","original_name":"IV 12-4-r.txt","save_name":"SKKU-SC-00582\/Reverse_IV 12-4","uploader":82,"fileType":""}],"jvcnt":9,"analysisInfo":{"JV":[{"efficiency":21.363267,"fill_factor":81.436294,"jsc":23.383616,"voc":1.121858,"key":"Reverse_IV 12-4","cell_dimension":0.09},{"efficiency":20.487998,"fill_factor":77.346699,"jsc":23.624498,"voc":1.121231,"key":"Reverse_IV 12-3","cell_dimension":0.09},{"efficiency":20.561326,"fill_factor":77.921175,"jsc":23.51188,"voc":1.122298,"key":"Reverse_IV 12-2","cell_dimension":0.09},{"efficiency":20.595422,"fill_factor":80.614433,"jsc":22.811753,"voc":1.119952,"key":"Reverse_IV 11-5","cell_dimension":0.09},{"efficiency":20.950866,"fill_factor":79.938253,"jsc":23.278139,"voc":1.125898,"key":"Reverse_IV 11-4","cell_dimension":0.09},{"efficiency":20.381349,"fill_factor":76.963986,"jsc":23.634577,"voc":1.120463,"key":"Reverse_IV 11-3","cell_dimension":0.09},{"efficiency":20.421245,"fill_factor":77.252264,"jsc":23.591922,"voc":1.120489,"key":"Reverse_IV 11-2-r","cell_dimension":0.09},{"efficiency":19.91538,"fill_factor":80.094889,"jsc":22.774666,"voc":1.091772,"key":"Forward_IV 11-5","cell_dimension":0.09},{"efficiency":19.719378,"fill_factor":75.767769,"jsc":23.633469,"voc":1.101238,"key":"Forward_IV 11-3","cell_dimension":0.09}]},"tags":[],"updated_at":"2024-10-24 09:06:28","created_at":"2024-09-23 02:55:37","public":2,"analysis":{"JV":[{"V":{"value":[1.2,1.187,1.174,1.161,1.148,1.135,1.122,1.109,1.096,1.083,1.07,1.057,1.044,1.031,1.018,1.005,0.992,0.979,0.966,0.953,0.94,0.927,0.914,0.901,0.888,0.875,0.862,0.849,0.836,0.823,0.81,0.797,0.784,0.771,0.758,0.745,0.732,0.719,0.706,0.693,0.68,0.667,0.654,0.641,0.628,0.615,0.602,0.589,0.576,0.563,0.55,0.537,0.524,0.511,0.498,0.485,0.472,0.459,0.446,0.433,0.42,0.407,0.394,0.381,0.368,0.355,0.342,0.329,0.316,0.303,0.29,0.277,0.264,0.251,0.238,0.225,0.212,0.199,0.186,0.173,0.16,0.147,0.134,0.121,0.108,0.095,0.082,0.069,0.056,0.043,0.03,0.017,0.004,-0.009,-0.022,-0.035,-0.048,-0.061,-0.074,-0.087],"unit":"V"},"I":{"value":[-0.005398,-0.004395,-0.003374,-0.002454,-0.001621,-0.00082,-0.000168,0.000359,0.000782,0.001109,0.001328,0.001517,0.001657,0.001762,0.001839,0.001894,0.001938,0.00196,0.001988,0.001998,0.002016,0.002029,0.002038,0.002044,0.002046,0.002049,0.002052,0.002055,0.002061,0.002064,0.002064,0.002067,0.00207,0.002071,0.002074,0.002072,0.002073,0.002078,0.002079,0.002077,0.00208,0.002082,0.002084,0.002082,0.002081,0.002084,0.002086,0.002084,0.002086,0.002086,0.002084,0.002089,0.002087,0.002086,0.00209,0.00209,0.002092,0.002088,0.002088,0.002093,0.002096,0.002096,0.002094,0.002095,0.002097,0.002095,0.002095,0.002094,0.002098,0.002097,0.002096,0.002098,0.002099,0.002097,0.002098,0.002101,0.0021,0.0021,0.002101,0.0021,0.002105,0.002104,0.002103,0.002101,0.002104,0.002106,0.002103,0.002101,0.002104,0.002106,0.002102,0.002106,0.002105,0.002105,0.002104,0.002107,0.002108,0.002104,0.002106,0.002107],"unit":"A"},"J":{"value":[-0.00048582,-0.00039554999999999994,-0.00030366,-0.00022086,-0.00014589,-7.379999999999999e-5,-1.512e-5,3.231e-5,7.038e-5,9.981e-5,0.00011952,0.00013653,0.00014913,0.00015858,0.00016550999999999998,0.00017046,0.00017442,0.00017639999999999998,0.00017892,0.00017982000000000002,0.00018144,0.00018261,0.00018341999999999998,0.00018395999999999997,0.00018414,0.00018441,0.00018468,0.00018495,0.00018549,0.00018575999999999998,0.00018575999999999998,0.00018602999999999998,0.00018629999999999997,0.00018638999999999998,0.00018665999999999998,0.00018648,0.00018657,0.00018701999999999998,0.00018711000000000002,0.00018692999999999997,0.00018719999999999997,0.00018738,0.00018755999999999997,0.00018738,0.00018728999999999998,0.00018755999999999997,0.00018774000000000002,0.00018755999999999997,0.00018774000000000002,0.00018774000000000002,0.00018755999999999997,0.00018801,0.00018783,0.00018774000000000002,0.0001881,0.0001881,0.00018828,0.00018792,0.00018792,0.00018837,0.00018864,0.00018864,0.00018846,0.00018855,0.00018873,0.00018855,0.00018855,0.00018846,0.00018882,0.00018873,0.00018864,0.00018882,0.00018891,0.00018873,0.00018882,0.00018909,0.00018899999999999999,0.00018899999999999999,0.00018909,0.00018899999999999999,0.00018945,0.00018936,0.00018926999999999998,0.00018909,0.00018936,0.00018953999999999998,0.00018926999999999998,0.00018909,0.00018936,0.00018953999999999998,0.00018918,0.00018953999999999998,0.00018945,0.00018945,0.00018936,0.00018962999999999999,0.00018972,0.00018936,0.00018953999999999998,0.00018962999999999999],"unit":"A\/cm2"},"voc":{"unit":"V","value":1.121858},"isc":{"unit":"A","value":2.104525},"jsc":{"unit":"mA\/cm2","value":23.383616},"fill_factor":{"unit":"%","value":81.436294},"vmax":{"unit":"V","value":0.992},"efficiency":{"unit":"%","value":21.363267},"monitor_cell_reading":{"unit":"mV","value":0},"monitor_cell_calibration_value":{"unit":"mV","value":0},"test_device_area":{"unit":"cm2","value":0.09},"num_of_series_connected_stacks":{"unit":"","value":1},"sweep_direction":{"unit":"","value":"Reverse"},"device_id":{"unit":"","value":"12-4-r"},"cell_dimension":{"unit":"cm2","value":0.09},"key":"Reverse_IV 12-4"},{"V":{"value":[1.2,1.187,1.174,1.161,1.148,1.135,1.122,1.109,1.096,1.083,1.07,1.057,1.044,1.031,1.018,1.005,0.992,0.979,0.966,0.953,0.94,0.927,0.914,0.901,0.888,0.875,0.862,0.849,0.836,0.823,0.81,0.797,0.784,0.771,0.758,0.745,0.732,0.719,0.706,0.693,0.68,0.667,0.654,0.641,0.628,0.615,0.602,0.589,0.576,0.563,0.55,0.537,0.524,0.511,0.498,0.485,0.472,0.459,0.446,0.433,0.42,0.407,0.394,0.381,0.368,0.355,0.342,0.329,0.316,0.303,0.29,0.277,0.264,0.251,0.238,0.225,0.212,0.199,0.186,0.173,0.16,0.147,0.134,0.121,0.108,0.095,0.082,0.069,0.056,0.043,0.03,0.017,0.004,-0.009,-0.022,-0.035,-0.048,-0.061,-0.074,-0.087],"unit":"V"},"I":{"value":[-0.001732,-0.001459,-0.001176,-0.000858,-0.000568,-0.000295,-3.4e-5,0.000218,0.000457,0.000685,0.000901,0.001101,0.00125,0.001403,0.001542,0.00165,0.001748,0.001823,0.001881,0.001926,0.001962,0.001984,0.002001,0.002019,0.00203,0.002042,0.002046,0.002053,0.002061,0.002064,0.002069,0.002071,0.002071,0.002073,0.002076,0.00208,0.002082,0.002084,0.002088,0.002086,0.002088,0.002093,0.002092,0.002096,0.002095,0.002099,0.002096,0.002101,0.002103,0.002106,0.002103,0.002105,0.002104,0.002104,0.002105,0.002103,0.002106,0.002108,0.002108,0.002111,0.002109,0.002111,0.002113,0.002113,0.002113,0.002111,0.002114,0.002113,0.002112,0.002115,0.002113,0.002113,0.002114,0.002115,0.002113,0.002113,0.002117,0.002114,0.002118,0.002117,0.002118,0.002117,0.002121,0.002121,0.00212,0.002123,0.002122,0.00212,0.002119,0.002117,0.00212,0.00212,0.002126,0.002124,0.002123,0.002124,0.002126,0.002124,0.002128,0.002124],"unit":"A"},"J":{"value":[-0.00015588,-0.00013131,-0.00010583999999999999,-7.722e-5,-5.112e-5,-2.655e-5,-3.06e-6,1.9620000000000002e-5,4.113e-5,6.165e-5,8.109e-5,9.908999999999999e-5,0.0001125,0.00012627,0.00013878,0.0001485,0.00015732,0.00016407,0.00016929,0.00017334,0.00017658000000000002,0.00017856,0.00018009000000000002,0.00018171,0.0001827,0.00018377999999999998,0.00018414,0.00018477,0.00018549,0.00018575999999999998,0.00018621,0.00018638999999999998,0.00018638999999999998,0.00018657,0.00018684000000000002,0.00018719999999999997,0.00018738,0.00018755999999999997,0.00018792,0.00018774000000000002,0.00018792,0.00018837,0.00018828,0.00018864,0.00018855,0.00018891,0.00018864,0.00018909,0.00018926999999999998,0.00018953999999999998,0.00018926999999999998,0.00018945,0.00018936,0.00018936,0.00018945,0.00018926999999999998,0.00018953999999999998,0.00018972,0.00018972,0.00018999,0.00018981,0.00018999,0.00019016999999999998,0.00019016999999999998,0.00019016999999999998,0.00018999,0.00019025999999999998,0.00019016999999999998,0.00019008,0.00019035,0.00019016999999999998,0.00019016999999999998,0.00019025999999999998,0.00019035,0.00019016999999999998,0.00019016999999999998,0.00019052999999999998,0.00019025999999999998,0.00019062,0.00019052999999999998,0.00019062,0.00019052999999999998,0.00019089,0.00019089,0.00019079999999999998,0.00019106999999999997,0.00019098000000000002,0.00019079999999999998,0.00019070999999999997,0.00019052999999999998,0.00019079999999999998,0.00019079999999999998,0.00019133999999999997,0.00019116,0.00019106999999999997,0.00019116,0.00019133999999999997,0.00019116,0.00019152,0.00019116],"unit":"A\/cm2"},"voc":{"unit":"V","value":1.121231},"isc":{"unit":"A","value":2.126205},"jsc":{"unit":"mA\/cm2","value":23.624498},"fill_factor":{"unit":"%","value":77.346699},"vmax":{"unit":"V","value":0.94},"efficiency":{"unit":"%","value":20.487998},"monitor_cell_reading":{"unit":"mV","value":0},"monitor_cell_calibration_value":{"unit":"mV","value":0},"test_device_area":{"unit":"cm2","value":0.09},"num_of_series_connected_stacks":{"unit":"","value":1},"sweep_direction":{"unit":"","value":"Reverse"},"device_id":{"unit":"","value":"12-3-r"},"cell_dimension":{"unit":"cm2","value":0.09},"key":"Reverse_IV 12-3"},{"V":{"value":[1.2,1.187,1.174,1.161,1.148,1.135,1.122,1.109,1.096,1.083,1.07,1.057,1.044,1.031,1.018,1.005,0.992,0.979,0.966,0.953,0.94,0.927,0.914,0.901,0.888,0.875,0.862,0.849,0.836,0.823,0.81,0.797,0.784,0.771,0.758,0.745,0.732,0.719,0.706,0.693,0.68,0.667,0.654,0.641,0.628,0.615,0.602,0.589,0.576,0.563,0.55,0.537,0.524,0.511,0.498,0.485,0.472,0.459,0.446,0.433,0.42,0.407,0.394,0.381,0.368,0.355,0.342,0.329,0.316,0.303,0.29,0.277,0.264,0.251,0.238,0.225,0.212,0.199,0.186,0.173,0.16,0.147,0.134,0.121,0.108,0.095,0.082,0.069,0.056,0.043,0.03,0.017,0.004,-0.009,-0.022,-0.035,-0.048,-0.061,-0.074,-0.087],"unit":"V"},"I":{"value":[-0.001853,-0.001562,-0.001246,-0.000909,-0.000595,-0.000302,-2.0e-5,0.000248,0.000502,0.000739,0.000958,0.001154,0.001302,0.001455,0.001582,0.001689,0.001773,0.001843,0.001896,0.001939,0.001968,0.001996,0.002014,0.002021,0.002031,0.002042,0.002051,0.002053,0.002057,0.002059,0.002061,0.002065,0.002069,0.002068,0.002072,0.002079,0.002077,0.002079,0.002081,0.002083,0.002086,0.002086,0.002085,0.002086,0.002086,0.002089,0.00209,0.002088,0.002095,0.002096,0.0021,0.002097,0.002097,0.002098,0.002097,0.002098,0.0021,0.002097,0.002099,0.002098,0.002103,0.002101,0.002102,0.002103,0.002103,0.002103,0.002102,0.002104,0.002106,0.002109,0.002108,0.002107,0.002108,0.002109,0.002107,0.002108,0.002108,0.002108,0.00211,0.002108,0.002107,0.00211,0.002112,0.00211,0.00211,0.002113,0.002112,0.002112,0.002115,0.002116,0.002111,0.002113,0.002116,0.002117,0.002112,0.002112,0.002115,0.002114,0.002115,0.002117],"unit":"A"},"J":{"value":[-0.00016677,-0.00014057999999999999,-0.00011214,-8.180999999999999e-5,-5.355e-5,-2.718e-5,-1.8000000000000001e-6,2.232e-5,4.517999999999999e-5,6.651e-5,8.622e-5,0.00010386,0.00011718,0.00013094999999999998,0.00014238,0.00015201,0.00015957,0.00016586999999999998,0.00017063999999999998,0.00017450999999999998,0.00017712,0.00017963999999999998,0.00018126,0.00018188999999999998,0.00018278999999999998,0.00018377999999999998,0.00018459,0.00018477,0.00018512999999999998,0.00018531,0.00018549,0.00018585,0.00018621,0.00018612,0.00018648,0.00018711000000000002,0.00018692999999999997,0.00018711000000000002,0.00018728999999999998,0.00018747000000000002,0.00018774000000000002,0.00018774000000000002,0.00018765,0.00018774000000000002,0.00018774000000000002,0.00018801,0.0001881,0.00018792,0.00018855,0.00018864,0.00018899999999999999,0.00018873,0.00018873,0.00018882,0.00018873,0.00018882,0.00018899999999999999,0.00018873,0.00018891,0.00018882,0.00018926999999999998,0.00018909,0.00018918,0.00018926999999999998,0.00018926999999999998,0.00018926999999999998,0.00018918,0.00018936,0.00018953999999999998,0.00018981,0.00018972,0.00018962999999999999,0.00018972,0.00018981,0.00018962999999999999,0.00018972,0.00018972,0.00018972,0.00018989999999999998,0.00018972,0.00018962999999999999,0.00018989999999999998,0.00019008,0.00018989999999999998,0.00018989999999999998,0.00019016999999999998,0.00019008,0.00019008,0.00019035,0.00019043999999999997,0.00018999,0.00019016999999999998,0.00019043999999999997,0.00019052999999999998,0.00019008,0.00019008,0.00019035,0.00019025999999999998,0.00019035,0.00019052999999999998],"unit":"A\/cm2"},"voc":{"unit":"V","value":1.122298},"isc":{"unit":"A","value":2.116069},"jsc":{"unit":"mA\/cm2","value":23.51188},"fill_factor":{"unit":"%","value":77.921175},"vmax":{"unit":"V","value":0.927},"efficiency":{"unit":"%","value":20.561326},"monitor_cell_reading":{"unit":"mV","value":0},"monitor_cell_calibration_value":{"unit":"mV","value":0},"test_device_area":{"unit":"cm2","value":0.09},"num_of_series_connected_stacks":{"unit":"","value":1},"sweep_direction":{"unit":"","value":"Reverse"},"device_id":{"unit":"","value":"12-2-r"},"cell_dimension":{"unit":"cm2","value":0.09},"key":"Reverse_IV 12-2"},{"V":{"value":[1.2,1.187,1.174,1.161,1.148,1.135,1.122,1.109,1.096,1.083,1.07,1.057,1.044,1.031,1.018,1.005,0.992,0.979,0.966,0.953,0.94,0.927,0.914,0.901,0.888,0.875,0.862,0.849,0.836,0.823,0.81,0.797,0.784,0.771,0.758,0.745,0.732,0.719,0.706,0.693,0.68,0.667,0.654,0.641,0.628,0.615,0.602,0.589,0.576,0.563,0.55,0.537,0.524,0.511,0.498,0.485,0.472,0.459,0.446,0.433,0.42,0.407,0.394,0.381,0.368,0.355,0.342,0.329,0.316,0.303,0.29,0.277,0.264,0.251,0.238,0.225,0.212,0.199,0.186,0.173,0.16,0.147,0.134,0.121,0.108,0.095,0.082,0.069,0.056,0.043,0.03,0.017,0.004,-0.009,-0.022,-0.035,-0.048,-0.061,-0.074,-0.087],"unit":"V"},"I":{"value":[-0.003296,-0.002762,-0.002219,-0.001688,-0.00119,-0.000682,-0.000235,0.000163,0.000518,0.000829,0.001088,0.001276,0.001457,0.001592,0.001704,0.001784,0.001841,0.00189,0.001919,0.001941,0.001959,0.001973,0.001977,0.001988,0.001994,0.001997,0.002002,0.002006,0.002009,0.002008,0.002013,0.002018,0.00202,0.002021,0.002023,0.002021,0.002024,0.002022,0.002026,0.002027,0.002028,0.002032,0.002034,0.002031,0.002037,0.002034,0.002037,0.002037,0.002037,0.002039,0.002039,0.002041,0.00204,0.00204,0.002042,0.002042,0.002041,0.002044,0.002044,0.002044,0.002041,0.002042,0.002041,0.002042,0.002044,0.002045,0.002046,0.002045,0.002043,0.002047,0.002048,0.002049,0.00205,0.00205,0.002053,0.002051,0.00205,0.002052,0.002051,0.002046,0.002052,0.002052,0.002048,0.002053,0.002051,0.00205,0.002052,0.002049,0.00205,0.002052,0.00205,0.00205,0.002053,0.002053,0.00205,0.002053,0.002057,0.002056,0.002055,0.002057],"unit":"A"},"J":{"value":[-0.00029664,-0.00024858,-0.00019971,-0.00015192,-0.0001071,-6.138e-5,-2.115e-5,1.467e-5,4.662e-5,7.460999999999999e-5,9.792e-5,0.00011483999999999999,0.00013113,0.00014328,0.00015335999999999998,0.00016056,0.00016569,0.0001701,0.00017271,0.00017469,0.00017630999999999997,0.00017757,0.00017793,0.00017892,0.00017946,0.00017973,0.00018017999999999997,0.00018054,0.00018081,0.00018071999999999996,0.00018117,0.00018161999999999999,0.0001818,0.00018188999999999998,0.00018207,0.00018188999999999998,0.00018216,0.00018198,0.00018234,0.00018243,0.00018251999999999998,0.00018287999999999998,0.00018305999999999997,0.00018278999999999998,0.00018333000000000002,0.00018305999999999997,0.00018333000000000002,0.00018333000000000002,0.00018333000000000002,0.00018350999999999998,0.00018350999999999998,0.00018368999999999997,0.00018360000000000002,0.00018360000000000002,0.00018377999999999998,0.00018377999999999998,0.00018368999999999997,0.00018395999999999997,0.00018395999999999997,0.00018395999999999997,0.00018368999999999997,0.00018377999999999998,0.00018368999999999997,0.00018377999999999998,0.00018395999999999997,0.00018405,0.00018414,0.00018405,0.00018387,0.00018423000000000002,0.00018432,0.00018441,0.0001845,0.0001845,0.00018477,0.00018459,0.0001845,0.00018468,0.00018459,0.00018414,0.00018468,0.00018468,0.00018432,0.00018477,0.00018459,0.0001845,0.00018468,0.00018441,0.0001845,0.00018468,0.0001845,0.0001845,0.00018477,0.00018477,0.0001845,0.00018477,0.00018512999999999998,0.00018504,0.00018495,0.00018512999999999998],"unit":"A\/cm2"},"voc":{"unit":"V","value":1.119952},"isc":{"unit":"A","value":2.053058},"jsc":{"unit":"mA\/cm2","value":22.811753},"fill_factor":{"unit":"%","value":80.614433},"vmax":{"unit":"V","value":0.966},"efficiency":{"unit":"%","value":20.595422},"monitor_cell_reading":{"unit":"mV","value":0},"monitor_cell_calibration_value":{"unit":"mV","value":0},"test_device_area":{"unit":"cm2","value":0.09},"num_of_series_connected_stacks":{"unit":"","value":1},"sweep_direction":{"unit":"","value":"Reverse"},"device_id":{"unit":"","value":"11-5-r"},"cell_dimension":{"unit":"cm2","value":0.09},"key":"Reverse_IV 11-5"},{"V":{"value":[1.2,1.187,1.174,1.161,1.148,1.135,1.122,1.109,1.096,1.083,1.07,1.057,1.044,1.031,1.018,1.005,0.992,0.979,0.966,0.953,0.94,0.927,0.914,0.901,0.888,0.875,0.862,0.849,0.836,0.823,0.81,0.797,0.784,0.771,0.758,0.745,0.732,0.719,0.706,0.693,0.68,0.667,0.654,0.641,0.628,0.615,0.602,0.589,0.576,0.563,0.55,0.537,0.524,0.511,0.498,0.485,0.472,0.459,0.446,0.433,0.42,0.407,0.394,0.381,0.368,0.355,0.342,0.329,0.316,0.303,0.29,0.277,0.264,0.251,0.238,0.225,0.212,0.199,0.186,0.173,0.16,0.147,0.134,0.121,0.108,0.095,0.082,0.069,0.056,0.043,0.03,0.017,0.004,-0.009,-0.022,-0.035,-0.048,-0.061,-0.074,-0.087],"unit":"V"},"I":{"value":[-0.005053,-0.004157,-0.003243,-0.002405,-0.001641,-0.000884,-0.00026,0.000257,0.00068,0.001018,0.001278,0.001449,0.001596,0.001701,0.001788,0.001852,0.001893,0.001924,0.001952,0.001968,0.00199,0.001998,0.002007,0.002017,0.002025,0.002033,0.002038,0.002042,0.002043,0.00205,0.002053,0.002053,0.002053,0.00206,0.002062,0.002061,0.002061,0.002067,0.002068,0.002072,0.002071,0.00207,0.002072,0.002074,0.002079,0.002074,0.002073,0.002081,0.002079,0.002081,0.002083,0.00208,0.002079,0.002083,0.002085,0.002084,0.002078,0.002084,0.002085,0.002085,0.002082,0.002087,0.002084,0.002089,0.002089,0.002086,0.002084,0.002087,0.002085,0.002086,0.002087,0.002087,0.002088,0.002086,0.002089,0.002087,0.002091,0.002092,0.002091,0.002092,0.00209,0.002094,0.002092,0.002092,0.002091,0.002094,0.002093,0.002097,0.002096,0.002094,0.002089,0.002093,0.002095,0.002094,0.002095,0.002096,0.002097,0.002096,0.002096,0.002098],"unit":"A"},"J":{"value":[-0.00045477,-0.00037412999999999997,-0.00029186999999999995,-0.00021645,-0.00014769,-7.956e-5,-2.3399999999999996e-5,2.313e-5,6.12e-5,9.162e-5,0.00011502,0.00013041,0.00014364,0.00015308999999999999,0.00016092,0.00016668,0.00017036999999999998,0.00017315999999999998,0.00017568,0.00017712,0.0001791,0.00017982000000000002,0.00018063,0.00018153,0.00018224999999999998,0.00018297,0.00018341999999999998,0.00018377999999999998,0.00018387,0.0001845,0.00018477,0.00018477,0.00018477,0.0001854,0.00018558,0.00018549,0.00018549,0.00018602999999999998,0.00018612,0.00018648,0.00018638999999999998,0.00018629999999999997,0.00018648,0.00018665999999999998,0.00018711000000000002,0.00018665999999999998,0.00018657,0.00018728999999999998,0.00018711000000000002,0.00018728999999999998,0.00018747000000000002,0.00018719999999999997,0.00018711000000000002,0.00018747000000000002,0.00018765,0.00018755999999999997,0.00018701999999999998,0.00018755999999999997,0.00018765,0.00018765,0.00018738,0.00018783,0.00018755999999999997,0.00018801,0.00018801,0.00018774000000000002,0.00018755999999999997,0.00018783,0.00018765,0.00018774000000000002,0.00018783,0.00018783,0.00018792,0.00018774000000000002,0.00018801,0.00018783,0.00018819,0.00018828,0.00018819,0.00018828,0.0001881,0.00018846,0.00018828,0.00018828,0.00018819,0.00018846,0.00018837,0.00018873,0.00018864,0.00018846,0.00018801,0.00018837,0.00018855,0.00018846,0.00018855,0.00018864,0.00018873,0.00018864,0.00018864,0.00018882],"unit":"A\/cm2"},"voc":{"unit":"V","value":1.125898},"isc":{"unit":"A","value":2.095032},"jsc":{"unit":"mA\/cm2","value":23.278139},"fill_factor":{"unit":"%","value":79.938253},"vmax":{"unit":"V","value":0.966},"efficiency":{"unit":"%","value":20.950866},"monitor_cell_reading":{"unit":"mV","value":0},"monitor_cell_calibration_value":{"unit":"mV","value":0},"test_device_area":{"unit":"cm2","value":0.09},"num_of_series_connected_stacks":{"unit":"","value":1},"sweep_direction":{"unit":"","value":"Reverse"},"device_id":{"unit":"","value":"11-4-r"},"cell_dimension":{"unit":"cm2","value":0.09},"key":"Reverse_IV 11-4"},{"V":{"value":[1.2,1.187,1.174,1.161,1.148,1.135,1.122,1.109,1.096,1.083,1.07,1.057,1.044,1.031,1.018,1.005,0.992,0.979,0.966,0.953,0.94,0.927,0.914,0.901,0.888,0.875,0.862,0.849,0.836,0.823,0.81,0.797,0.784,0.771,0.758,0.745,0.732,0.719,0.706,0.693,0.68,0.667,0.654,0.641,0.628,0.615,0.602,0.589,0.576,0.563,0.55,0.537,0.524,0.511,0.498,0.485,0.472,0.459,0.446,0.433,0.42,0.407,0.394,0.381,0.368,0.355,0.342,0.329,0.316,0.303,0.29,0.277,0.264,0.251,0.238,0.225,0.212,0.199,0.186,0.173,0.16,0.147,0.134,0.121,0.108,0.095,0.082,0.069,0.056,0.043,0.03,0.017,0.004,-0.009,-0.022,-0.035,-0.048,-0.061,-0.074,-0.087],"unit":"V"},"I":{"value":[-0.001718,-0.00145,-0.001163,-0.000855,-0.000572,-0.000304,-4.8e-5,0.000199,0.000434,0.000655,0.000865,0.001053,0.001194,0.001355,0.001494,0.001612,0.001713,0.001791,0.001856,0.001904,0.001946,0.001979,0.001999,0.002011,0.00203,0.002044,0.00205,0.002057,0.002063,0.002065,0.002073,0.002073,0.002076,0.002084,0.002087,0.002087,0.002089,0.002093,0.002095,0.002094,0.002097,0.002099,0.002101,0.002102,0.002105,0.002102,0.002107,0.002105,0.002106,0.002111,0.002111,0.002112,0.00211,0.002114,0.002113,0.002114,0.002116,0.002113,0.002114,0.002114,0.002116,0.002114,0.002114,0.002116,0.002119,0.00212,0.002119,0.002116,0.002118,0.002119,0.002118,0.002121,0.002121,0.00212,0.002123,0.002121,0.002123,0.002121,0.00212,0.002123,0.002125,0.002121,0.002125,0.002126,0.002125,0.002127,0.002129,0.002128,0.002128,0.002127,0.00213,0.002127,0.002127,0.002129,0.002128,0.002128,0.002129,0.002129,0.002127,0.002127],"unit":"A"},"J":{"value":[-0.00015461999999999998,-0.00013049999999999997,-0.00010467,-7.695e-5,-5.148e-5,-2.736e-5,-4.32e-6,1.791e-5,3.9059999999999995e-5,5.8949999999999996e-5,7.785e-5,9.476999999999999e-5,0.00010745999999999999,0.00012195000000000001,0.00013446,0.00014508,0.00015417,0.00016119,0.00016704,0.00017136,0.00017514,0.00017811,0.00017990999999999998,0.00018099000000000001,0.0001827,0.00018395999999999997,0.0001845,0.00018512999999999998,0.00018567,0.00018585,0.00018657,0.00018657,0.00018684000000000002,0.00018755999999999997,0.00018783,0.00018783,0.00018801,0.00018837,0.00018855,0.00018846,0.00018873,0.00018891,0.00018909,0.00018918,0.00018945,0.00018918,0.00018962999999999999,0.00018945,0.00018953999999999998,0.00018999,0.00018999,0.00019008,0.00018989999999999998,0.00019025999999999998,0.00019016999999999998,0.00019025999999999998,0.00019043999999999997,0.00019016999999999998,0.00019025999999999998,0.00019025999999999998,0.00019043999999999997,0.00019025999999999998,0.00019025999999999998,0.00019043999999999997,0.00019070999999999997,0.00019079999999999998,0.00019070999999999997,0.00019043999999999997,0.00019062,0.00019070999999999997,0.00019062,0.00019089,0.00019089,0.00019079999999999998,0.00019106999999999997,0.00019089,0.00019106999999999997,0.00019089,0.00019079999999999998,0.00019106999999999997,0.00019125000000000001,0.00019089,0.00019125000000000001,0.00019133999999999997,0.00019125000000000001,0.00019143,0.00019160999999999996,0.00019152,0.00019152,0.00019143,0.0001917,0.00019143,0.00019143,0.00019160999999999996,0.00019152,0.00019152,0.00019160999999999996,0.00019160999999999996,0.00019143,0.00019143],"unit":"A\/cm2"},"voc":{"unit":"V","value":1.120463},"isc":{"unit":"A","value":2.127112},"jsc":{"unit":"mA\/cm2","value":23.634577},"fill_factor":{"unit":"%","value":76.963986},"vmax":{"unit":"V","value":0.927},"efficiency":{"unit":"%","value":20.381349},"monitor_cell_reading":{"unit":"mV","value":0},"monitor_cell_calibration_value":{"unit":"mV","value":0},"test_device_area":{"unit":"cm2","value":0.09},"num_of_series_connected_stacks":{"unit":"","value":1},"sweep_direction":{"unit":"","value":"Reverse"},"device_id":{"unit":"","value":"11-3-r"},"cell_dimension":{"unit":"cm2","value":0.09},"key":"Reverse_IV 11-3"},{"V":{"value":[1.2,1.187,1.174,1.161,1.148,1.135,1.122,1.109,1.096,1.083,1.07,1.057,1.044,1.031,1.018,1.005,0.992,0.979,0.966,0.953,0.94,0.927,0.914,0.901,0.888,0.875,0.862,0.849,0.836,0.823,0.81,0.797,0.784,0.771,0.758,0.745,0.732,0.719,0.706,0.693,0.68,0.667,0.654,0.641,0.628,0.615,0.602,0.589,0.576,0.563,0.55,0.537,0.524,0.511,0.498,0.485,0.472,0.459,0.446,0.433,0.42,0.407,0.394,0.381,0.368,0.355,0.342,0.329,0.316,0.303,0.29,0.277,0.264,0.251,0.238,0.225,0.212,0.199,0.186,0.173,0.16,0.147,0.134,0.121,0.108,0.095,0.082,0.069,0.056,0.043,0.03,0.017,0.004,-0.009,-0.022,-0.035,-0.048,-0.061,-0.074,-0.087],"unit":"V"},"I":{"value":[-0.001644,-0.001394,-0.00112,-0.000825,-0.000554,-0.000295,-4.5e-5,0.000197,0.000426,0.000645,0.000854,0.001046,0.001218,0.001348,0.001484,0.001602,0.001708,0.001792,0.001858,0.001911,0.001953,0.001983,0.002005,0.002021,0.002036,0.002044,0.002053,0.002059,0.002067,0.002074,0.002076,0.002078,0.002081,0.002088,0.002091,0.002088,0.002091,0.002094,0.002098,0.002096,0.002099,0.002101,0.002102,0.002099,0.002104,0.002103,0.002105,0.002106,0.002106,0.002107,0.002109,0.002112,0.00211,0.002108,0.002111,0.002113,0.002112,0.002111,0.002114,0.002114,0.002113,0.00211,0.002114,0.002114,0.002114,0.002115,0.002117,0.002119,0.002119,0.002116,0.002118,0.002118,0.002118,0.002119,0.002115,0.00212,0.00212,0.002118,0.002117,0.002122,0.002123,0.002122,0.002122,0.002124,0.002123,0.002125,0.002123,0.002121,0.002125,0.002125,0.002124,0.002126,0.002123,0.002124,0.002127,0.002127,0.002127,0.002124,0.002127,0.002127],"unit":"A"},"J":{"value":[-0.00014796,-0.00012546,-0.00010079999999999998,-7.425e-5,-4.986e-5,-2.655e-5,-4.05e-6,1.7729999999999998e-5,3.8339999999999995e-5,5.8049999999999995e-5,7.686e-5,9.414e-5,0.00010961999999999998,0.00012132,0.00013356,0.00014418,0.00015372,0.00016128,0.00016722,0.00017198999999999998,0.00017577,0.00017847,0.00018044999999999997,0.00018188999999999998,0.00018324,0.00018395999999999997,0.00018477,0.00018531,0.00018602999999999998,0.00018665999999999998,0.00018684000000000002,0.00018701999999999998,0.00018728999999999998,0.00018792,0.00018819,0.00018792,0.00018819,0.00018846,0.00018882,0.00018864,0.00018891,0.00018909,0.00018918,0.00018891,0.00018936,0.00018926999999999998,0.00018945,0.00018953999999999998,0.00018953999999999998,0.00018962999999999999,0.00018981,0.00019008,0.00018989999999999998,0.00018972,0.00018999,0.00019016999999999998,0.00019008,0.00018999,0.00019025999999999998,0.00019025999999999998,0.00019016999999999998,0.00018989999999999998,0.00019025999999999998,0.00019025999999999998,0.00019025999999999998,0.00019035,0.00019052999999999998,0.00019070999999999997,0.00019070999999999997,0.00019043999999999997,0.00019062,0.00019062,0.00019062,0.00019070999999999997,0.00019035,0.00019079999999999998,0.00019079999999999998,0.00019062,0.00019052999999999998,0.00019098000000000002,0.00019106999999999997,0.00019098000000000002,0.00019098000000000002,0.00019116,0.00019106999999999997,0.00019125000000000001,0.00019106999999999997,0.00019089,0.00019125000000000001,0.00019125000000000001,0.00019116,0.00019133999999999997,0.00019106999999999997,0.00019116,0.00019143,0.00019143,0.00019143,0.00019116,0.00019143,0.00019143],"unit":"A\/cm2"},"voc":{"unit":"V","value":1.120489},"isc":{"unit":"A","value":2.123273},"jsc":{"unit":"mA\/cm2","value":23.591922},"fill_factor":{"unit":"%","value":77.252264},"vmax":{"unit":"V","value":0.927},"efficiency":{"unit":"%","value":20.421245},"monitor_cell_reading":{"unit":"mV","value":0},"monitor_cell_calibration_value":{"unit":"mV","value":0},"test_device_area":{"unit":"cm2","value":0.09},"num_of_series_connected_stacks":{"unit":"","value":1},"sweep_direction":{"unit":"","value":"Reverse"},"device_id":{"unit":"","value":"11-2-r-2"},"cell_dimension":{"unit":"cm2","value":0.09},"key":"Reverse_IV 11-2-r"},{"V":{"value":[-0.1,-0.087,-0.074,-0.061,-0.048,-0.035,-0.022,-0.009,0.004,0.017,0.03,0.043,0.056,0.069,0.082,0.095,0.108,0.121,0.134,0.147,0.16,0.173,0.186,0.199,0.212,0.225,0.238,0.251,0.264,0.277,0.29,0.303,0.316,0.329,0.342,0.355,0.368,0.381,0.394,0.407,0.42,0.433,0.446,0.459,0.472,0.485,0.498,0.511,0.524,0.537,0.55,0.563,0.576,0.589,0.602,0.615,0.628,0.641,0.654,0.667,0.68,0.693,0.706,0.719,0.732,0.745,0.758,0.771,0.784,0.797,0.81,0.823,0.836,0.849,0.862,0.875,0.888,0.901,0.914,0.927,0.94,0.953,0.966,0.979,0.992,1.005,1.018,1.031,1.044,1.057,1.07,1.083,1.096,1.109,1.122,1.135,1.148,1.161,1.174,1.187],"unit":"V"},"I":{"value":[0.002065,0.002058,0.002055,0.002053,0.002055,0.002054,0.00205,0.002051,0.00205,0.002049,0.00205,0.002047,0.002045,0.002046,0.00205,0.002044,0.002044,0.002045,0.002045,0.002045,0.002045,0.002044,0.002043,0.002041,0.002045,0.002042,0.002043,0.002044,0.002043,0.002042,0.002042,0.002041,0.002041,0.002043,0.00204,0.002042,0.002038,0.002042,0.002003,0.002011,0.002012,0.002016,0.002018,0.002019,0.002019,0.002016,0.002018,0.002022,0.002022,0.00202,0.002021,0.002023,0.00202,0.002021,0.002022,0.00202,0.002018,0.002021,0.002019,0.00202,0.002019,0.002014,0.00201,0.002011,0.002008,0.002004,0.002002,0.002002,0.001999,0.001996,0.001992,0.001991,0.001989,0.001982,0.001978,0.001973,0.00197,0.00196,0.001949,0.001929,0.001907,0.00187,0.001824,0.001764,0.001646,0.001537,0.001412,0.001234,0.001019,0.000819,0.000553,0.000238,-0.000113,-0.000548,-0.00096,-0.001374,-0.001964,-0.002502,-0.003041,-0.003615],"unit":"A"},"J":{"value":[0.00018585,0.00018522,0.00018495,0.00018477,0.00018495,0.00018486,0.0001845,0.00018459,0.0001845,0.00018441,0.0001845,0.00018423000000000002,0.00018405,0.00018414,0.0001845,0.00018395999999999997,0.00018395999999999997,0.00018405,0.00018405,0.00018405,0.00018405,0.00018395999999999997,0.00018387,0.00018368999999999997,0.00018405,0.00018377999999999998,0.00018387,0.00018395999999999997,0.00018387,0.00018377999999999998,0.00018377999999999998,0.00018368999999999997,0.00018368999999999997,0.00018387,0.00018360000000000002,0.00018377999999999998,0.00018341999999999998,0.00018377999999999998,0.00018027,0.00018099000000000001,0.00018108,0.00018144,0.00018161999999999999,0.00018171,0.00018171,0.00018144,0.00018161999999999999,0.00018198,0.00018198,0.0001818,0.00018188999999999998,0.00018207,0.0001818,0.00018188999999999998,0.00018198,0.0001818,0.00018161999999999999,0.00018188999999999998,0.00018171,0.0001818,0.00018171,0.00018126,0.0001809,0.00018099000000000001,0.00018071999999999996,0.00018036000000000001,0.00018017999999999997,0.00018017999999999997,0.00017990999999999998,0.00017963999999999998,0.00017927999999999998,0.00017919,0.00017900999999999998,0.00017837999999999998,0.00017802,0.00017757,0.0001773,0.00017639999999999998,0.00017541,0.00017360999999999999,0.00017163,0.0001683,0.00016416,0.00015875999999999998,0.00014813999999999997,0.00013832999999999999,0.00012708,0.00011106,9.170999999999999e-5,7.371e-5,4.977e-5,2.142e-5,-1.017e-5,-4.9319999999999995e-5,-8.64e-5,-0.00012366,-0.00017676,-0.00022517999999999998,-0.00027369,-0.00032535],"unit":"A\/cm2"},"voc":{"unit":"V","value":1.091772},"isc":{"unit":"A","value":2.04972},"jsc":{"unit":"mA\/cm2","value":22.774666},"fill_factor":{"unit":"%","value":80.094889},"vmax":{"unit":"V","value":0.94},"efficiency":{"unit":"%","value":19.91538},"monitor_cell_reading":{"unit":"mV","value":0},"monitor_cell_calibration_value":{"unit":"mV","value":0},"test_device_area":{"unit":"cm2","value":0.09},"num_of_series_connected_stacks":{"unit":"","value":1},"sweep_direction":{"unit":"","value":"Forward"},"device_id":{"unit":"","value":"11-5-f"},"cell_dimension":{"unit":"cm2","value":0.09},"key":"Forward_IV 11-5"},{"V":{"value":[-0.1,-0.087,-0.074,-0.061,-0.048,-0.035,-0.022,-0.009,0.004,0.017,0.03,0.043,0.056,0.069,0.082,0.095,0.108,0.121,0.134,0.147,0.16,0.173,0.186,0.199,0.212,0.225,0.238,0.251,0.264,0.277,0.29,0.303,0.316,0.329,0.342,0.355,0.368,0.381,0.394,0.407,0.42,0.433,0.446,0.459,0.472,0.485,0.498,0.511,0.524,0.537,0.55,0.563,0.576,0.589,0.602,0.615,0.628,0.641,0.654,0.667,0.68,0.693,0.706,0.719,0.732,0.745,0.758,0.771,0.784,0.797,0.81,0.823,0.836,0.849,0.862,0.875,0.888,0.901,0.914,0.927,0.94,0.953,0.966,0.979,0.992,1.005,1.018,1.031,1.044,1.057,1.07,1.083,1.096,1.109,1.122,1.135,1.148,1.161,1.174,1.187],"unit":"V"},"I":{"value":[0.002147,0.002136,0.002136,0.002132,0.002133,0.002131,0.002125,0.002127,0.002127,0.002125,0.002124,0.002123,0.002124,0.002122,0.002122,0.001992,0.001923,0.001902,0.001883,0.001866,0.001853,0.001833,0.00184,0.001872,0.001884,0.001905,0.001925,0.001932,0.0021,0.0021,0.002104,0.002109,0.002105,0.002106,0.002106,0.002106,0.00211,0.002113,0.00211,0.00211,0.00211,0.00211,0.002111,0.002105,0.002111,0.002109,0.002107,0.002109,0.002108,0.002109,0.002105,0.002107,0.002104,0.002103,0.002104,0.002099,0.002097,0.002103,0.002098,0.002094,0.002093,0.002093,0.002091,0.002093,0.002083,0.002083,0.002084,0.002079,0.002077,0.002072,0.002067,0.002058,0.002054,0.002041,0.002035,0.00202,0.001999,0.001966,0.001929,0.001882,0.001825,0.001744,0.001656,0.001546,0.001424,0.001283,0.001128,0.001002,0.000838,0.000658,0.000467,0.000264,6.4e-5,-0.00014,-0.000372,-0.000607,-0.000849,-0.001075,-0.001394,-0.001648],"unit":"A"},"J":{"value":[0.00019323,0.00019224,0.00019224,0.00019188,0.00019197,0.00019179,0.00019125000000000001,0.00019143,0.00019143,0.00019125000000000001,0.00019116,0.00019106999999999997,0.00019116,0.00019098000000000002,0.00019098000000000002,0.00017927999999999998,0.00017307,0.00017118,0.00016947,0.00016794,0.00016677,0.00016497,0.0001656,0.00016847999999999999,0.00016956,0.00017145,0.00017325,0.00017387999999999998,0.00018899999999999999,0.00018899999999999999,0.00018936,0.00018981,0.00018945,0.00018953999999999998,0.00018953999999999998,0.00018953999999999998,0.00018989999999999998,0.00019016999999999998,0.00018989999999999998,0.00018989999999999998,0.00018989999999999998,0.00018989999999999998,0.00018999,0.00018945,0.00018999,0.00018981,0.00018962999999999999,0.00018981,0.00018972,0.00018981,0.00018945,0.00018962999999999999,0.00018936,0.00018926999999999998,0.00018936,0.00018891,0.00018873,0.00018926999999999998,0.00018882,0.00018846,0.00018837,0.00018837,0.00018819,0.00018837,0.00018747000000000002,0.00018747000000000002,0.00018755999999999997,0.00018711000000000002,0.00018692999999999997,0.00018648,0.00018602999999999998,0.00018522,0.00018486,0.00018368999999999997,0.00018314999999999998,0.0001818,0.00017990999999999998,0.00017693999999999997,0.00017360999999999999,0.00016937999999999998,0.00016425,0.00015696000000000002,0.00014904,0.00013914,0.00012816,0.00011547,0.00010152,9.018000000000001e-5,7.541999999999999e-5,5.921999999999999e-5,4.203e-5,2.376e-5,5.76e-6,-1.2599999999999998e-5,-3.348e-5,-5.463e-5,-7.641e-5,-9.675e-5,-0.00012546,-0.00014832],"unit":"A\/cm2"},"voc":{"unit":"V","value":1.101238},"isc":{"unit":"A","value":2.127012},"jsc":{"unit":"mA\/cm2","value":23.633469},"fill_factor":{"unit":"%","value":75.767769},"vmax":{"unit":"V","value":0.888},"efficiency":{"unit":"%","value":19.719378},"monitor_cell_reading":{"unit":"mV","value":0},"monitor_cell_calibration_value":{"unit":"mV","value":0},"test_device_area":{"unit":"cm2","value":0.09},"num_of_series_connected_stacks":{"unit":"","value":1},"sweep_direction":{"unit":"","value":"Forward"},"device_id":{"unit":"","value":"11-3-f"},"cell_dimension":{"unit":"cm2","value":0.09},"key":"Forward_IV 11-3"}]}}