{"_id":"66eea03996491c67640abb62","id":"SKKU-SC-00571","author":82,"group":11,"input":[{"tco":{"unit":"","value":"ITO"}},{"surface_treatment":{"unit":"","value":"O-Plasma"}},{"htl":[{"material":{"unit":"","value":"2PACz"},"concentration":{"unit":"","value":"0.5"},"conc_unit":{"unit":"","value":"mg\/ml"},"quantity":{"unit":"ml","value":"0.2"}}],"spin_coating":[{"type":{"unit":"","value":"Static (loading)"},"rpm":{"unit":"","value":"3000"},"time":{"unit":"s","value":"30"}}],"annealing":[{"temperature":{"unit":"oC","value":"100"},"time":{"unit":"m","value":"10"}}],"solvent":[{"material":{"unit":"","value":"Ethanol"},"volume":{"unit":"ml","value":"5"}}],"condition":{"unit":"","value":"glove-box(N2)"}},{"condition":{"unit":"","value":"glove-box(N2)"},"perovskite":{"method":{"unit":"","value":"1step"},"molarity":{"unit":"M","value":"1.5M"},"a_site":[{"material":{"unit":"","value":"FA"},"ratio":{"unit":"%","value":"90"}},{"material":{"unit":"","value":"Cs"},"ratio":{"unit":"%","value":"5"}},{"material":{"unit":"","value":"MA"},"ratio":{"unit":"%","value":"5"}}],"b_site":[{"material":{"unit":"","value":"Pb"},"ratio":{"unit":"%","value":"100"}}],"x_site":[{"material":{"unit":"","value":"I"},"ratio":{"unit":"%","value":"95"}},{"material":{"unit":"","value":"Br"},"ratio":{"unit":"%","value":"5"}}],"solvent":[{"material":{"unit":"","value":"DMF"},"volume":{"unit":"ml","value":"0.8"}},{"material":{"unit":"","value":"DMSO"},"volume":{"unit":"ml","value":"0.2"}}],"antisolvent":[{"material":{"unit":"","value":"CB"},"quantity":{"unit":"ul","value":"200"},"dripping_time":{"unit":"s","value":"5"}}],"spin_coating":[{"type":{"unit":"","value":"Static (only spreading)"},"rpm":{"unit":"","value":"1000"},"time":{"unit":"s","value":"10"}},{"type":{"unit":"","value":"Static (loading)"},"rpm":{"unit":"","value":"5000"},"time":{"unit":"s","value":"40"}}],"annealing":[{"temperature":{"unit":"oC","value":"100"},"time":{"unit":"m","value":"30"}}],"additive":[{"material":{"unit":"","value":"MACl"},"solvent":{"unit":"","value":"DMF"},"concentration":{"unit":"","value":"15"},"conc_unit":{"unit":"","value":"mol%"},"quantity":{"unit":"mol%","value":"15"}}]}},{"perovskite_treatment":[{"material":{"unit":"","value":"LiF"},"concentration":{"unit":"","value":"None"},"conc_unit":{"unit":"","value":"None"},"quantity":{"unit":"ml","value":"None"}}],"thermal_evaporation":[{"vacuum_evaporation_thickness":{"unit":"nm","value":"1"},"evaporation_rate":{"unit":"\u00c5\/s","value":"0.2"},"vacuum_pressure":{"unit":"uTorr","value":"0.9"}}]},{"etl":[{"material":{"unit":"","value":"C60"},"concentration":{"unit":"","value":"None"},"conc_unit":{"unit":"","value":"mg\/ml"},"quantity":{"unit":"ml","value":"None"}}],"thermal_evaporation":[{"vacuum_evaporation_thickness":{"unit":"nm","value":"30"},"evaporation_rate":{"unit":"\u00c5\/s","value":"0.2"},"vacuum_pressure":{"unit":"uTorr","value":"0.9"}}]},{"blocking_buffer_layer":[{"material":{"unit":"","value":"BCP"},"concentration":{"unit":"","value":"None"},"conc_unit":{"unit":"","value":"None"},"quantity":{"unit":"ml","value":"None"}}],"thermal_evaporation":[{"vacuum_evaporation_thickness":{"unit":"nm","value":"8"},"evaporation_rate":{"unit":"\u00c5\/s","value":"0.2"},"vacuum_pressure":{"unit":"uTorr","value":"0.9"}}]},{"anode_metal":{"unit":"","value":"Ag"}},{"note":{"unit":"","value":"A-X site substitution and MACl concentration scan"},"type":{"unit":"","value":"unit_cell"},"device_type":{"unit":"","value":"p-i-n"},"temperature":{"unit":"\u2103","value":"22"},"humidity":{"unit":"%","value":"40"},"cell_dimension":{"unit":"cm2","value":"0.125"},"condition":{"unit":"","value":"glove-box(N2)"}}],"fileinfo":[{"key":"Forward_IV 3(LiF)-1-1","uploadType":"JV","original_name":"IV 3(LiF)-1-1-F.txt","save_name":"SKKU-SC-00571\/Forward_IV 3(LiF)-1-1","uploader":82,"fileType":""},{"key":"Forward_IV 3(LiF)-1-2","uploadType":"JV","original_name":"IV 3(LiF)-1-2-F.txt","save_name":"SKKU-SC-00571\/Forward_IV 3(LiF)-1-2","uploader":82,"fileType":""},{"key":"Reverse_IV 3(LiF)-1-2","uploadType":"JV","original_name":"IV 3(LiF)-1-2-R.txt","save_name":"SKKU-SC-00571\/Reverse_IV 3(LiF)-1-2","uploader":82,"fileType":""},{"key":"Forward_IV 3(LiF)-1-3","uploadType":"JV","original_name":"IV 3(LiF)-1-3-F.txt","save_name":"SKKU-SC-00571\/Forward_IV 3(LiF)-1-3","uploader":82,"fileType":""},{"key":"Reverse_IV 3(LiF)-1-3","uploadType":"JV","original_name":"IV 3(LiF)-1-3-R.txt","save_name":"SKKU-SC-00571\/Reverse_IV 3(LiF)-1-3","uploader":82,"fileType":""},{"key":"Forward_IV 3(LiF)-1-4","uploadType":"JV","original_name":"IV 3(LiF)-1-4-F.txt","save_name":"SKKU-SC-00571\/Forward_IV 3(LiF)-1-4","uploader":82,"fileType":""},{"key":"Reverse_IV 3(LiF)-1-4","uploadType":"JV","original_name":"IV 3(LiF)-1-4-R.txt","save_name":"SKKU-SC-00571\/Reverse_IV 3(LiF)-1-4","uploader":82,"fileType":""},{"key":"Forward_IV 9(LiF)-1-1","uploadType":"JV","original_name":"IV 9(LiF)-1-1-F.txt","save_name":"SKKU-SC-00571\/Forward_IV 9(LiF)-1-1","uploader":82,"fileType":""},{"key":"Reverse_IV 9(LiF)-1-1","uploadType":"JV","original_name":"IV 9(LiF)-1-1-R.txt","save_name":"SKKU-SC-00571\/Reverse_IV 9(LiF)-1-1","uploader":82,"fileType":""},{"key":"Forward_IV 11(LiF)-1-2","uploadType":"JV","original_name":"IV 11(LiF)-1-2-F.txt","save_name":"SKKU-SC-00571\/Forward_IV 11(LiF)-1-2","uploader":82,"fileType":""},{"key":"Reverse_IV 11(LiF)-1-2","uploadType":"JV","original_name":"IV 11(LiF)-1-2-R.txt","save_name":"SKKU-SC-00571\/Reverse_IV 11(LiF)-1-2","uploader":82,"fileType":""},{"key":"Forward_IV 11(LiF)-1-3","uploadType":"JV","original_name":"IV 11(LiF)-1-3-F.txt","save_name":"SKKU-SC-00571\/Forward_IV 11(LiF)-1-3","uploader":82,"fileType":""},{"key":"Reverse_IV 11(LiF)-1-3","uploadType":"JV","original_name":"IV 11(LiF)-1-3-R.txt","save_name":"SKKU-SC-00571\/Reverse_IV 11(LiF)-1-3","uploader":82,"fileType":""},{"key":"Forward_IV 11(LiF)-1-4","uploadType":"JV","original_name":"IV 11(LiF)-1-4-F.txt","save_name":"SKKU-SC-00571\/Forward_IV 11(LiF)-1-4","uploader":82,"fileType":""},{"key":"Reverse_IV 11(LiF)-1-4","uploadType":"JV","original_name":"IV 11(LiF)-1-4-R.txt","save_name":"SKKU-SC-00571\/Reverse_IV 11(LiF)-1-4","uploader":82,"fileType":""}],"jvcnt":15,"analysisInfo":{"JV":[{"efficiency":18.232722,"fill_factor":81.438596,"jsc":20.469674,"voc":1.09373,"key":"Reverse_IV 9(LiF)-1-1","cell_dimension":0.1},{"efficiency":19.051088,"fill_factor":82.190634,"jsc":20.495248,"voc":1.130952,"key":"Reverse_IV 3(LiF)-1-4","cell_dimension":0.1},{"efficiency":17.568041,"fill_factor":77.457934,"jsc":20.189134,"voc":1.123414,"key":"Reverse_IV 3(LiF)-1-3","cell_dimension":0.1},{"efficiency":18.315705,"fill_factor":80.162411,"jsc":20.364528,"voc":1.121963,"key":"Reverse_IV 3(LiF)-1-2","cell_dimension":0.1},{"efficiency":19.00082,"fill_factor":82.408962,"jsc":20.593291,"voc":1.119624,"key":"Reverse_IV 11(LiF)-1-4","cell_dimension":0.1},{"efficiency":18.157212,"fill_factor":80.228577,"jsc":20.262925,"voc":1.116909,"key":"Reverse_IV 11(LiF)-1-3","cell_dimension":0.1},{"efficiency":17.85795,"fill_factor":80.149741,"jsc":20.229418,"voc":1.101403,"key":"Reverse_IV 11(LiF)-1-2","cell_dimension":0.1},{"efficiency":18.582021,"fill_factor":82.883864,"jsc":20.465679,"voc":1.095461,"key":"Forward_IV 9(LiF)-1-1","cell_dimension":0.1},{"efficiency":18.938557,"fill_factor":82.332723,"jsc":20.519523,"voc":1.121004,"key":"Forward_IV 3(LiF)-1-4","cell_dimension":0.1},{"efficiency":17.069716,"fill_factor":75.573577,"jsc":20.194063,"voc":1.118491,"key":"Forward_IV 3(LiF)-1-3","cell_dimension":0.1},{"efficiency":17.882249,"fill_factor":78.771082,"jsc":20.352772,"voc":1.115403,"key":"Forward_IV 3(LiF)-1-2","cell_dimension":0.1},{"efficiency":18.702145,"fill_factor":81.474639,"jsc":20.622748,"voc":1.11307,"key":"Forward_IV 3(LiF)-1-1","cell_dimension":0.1},{"efficiency":18.55595,"fill_factor":81.512728,"jsc":20.570813,"voc":1.10664,"key":"Forward_IV 11(LiF)-1-4","cell_dimension":0.1},{"efficiency":17.443114,"fill_factor":78.510171,"jsc":20.235486,"voc":1.097955,"key":"Forward_IV 11(LiF)-1-3","cell_dimension":0.1},{"efficiency":17.182865,"fill_factor":80.425109,"jsc":20.27177,"voc":1.053931,"key":"Forward_IV 11(LiF)-1-2","cell_dimension":0.1}]},"tags":[],"updated_at":"2024-10-24 09:03:34","created_at":"2024-09-21 10:30:17","public":2,"analysis":{"JV":[{"V":{"value":[1.2,1.187,1.174,1.161,1.148,1.135,1.122,1.109,1.096,1.083,1.07,1.057,1.044,1.031,1.018,1.005,0.992,0.979,0.966,0.953,0.94,0.927,0.914,0.901,0.888,0.875,0.862,0.849,0.836,0.823,0.81,0.797,0.784,0.771,0.758,0.745,0.732,0.719,0.706,0.693,0.68,0.667,0.654,0.641,0.628,0.615,0.602,0.589,0.576,0.563,0.55,0.537,0.524,0.511,0.498,0.485,0.472,0.459,0.446,0.433,0.42,0.407,0.394,0.381,0.368,0.355,0.342,0.329,0.316,0.303,0.29,0.277,0.264,0.251,0.238,0.225,0.212,0.199,0.186,0.173,0.16,0.147,0.134,0.121,0.108,0.095,0.082,0.069,0.056,0.043,0.03,0.017,0.004,-0.009,-0.022,-0.035,-0.048,-0.061,-0.074,-0.087],"unit":"V"},"I":{"value":[-0.008246,-0.007023,-0.005851,-0.004738,-0.003698,-0.002741,-0.001877,-0.001108,-0.000445,0.000116,0.000572,0.000937,0.001209,0.001425,0.001579,0.001695,0.001778,0.001838,0.00188,0.001913,0.001935,0.001951,0.001967,0.001975,0.001985,0.001992,0.001999,0.002005,0.00201,0.002016,0.002018,0.002017,0.00202,0.002024,0.002022,0.002025,0.002027,0.002029,0.00203,0.002031,0.002033,0.002034,0.002033,0.002034,0.002033,0.002033,0.002038,0.002037,0.00204,0.002043,0.002042,0.002042,0.002039,0.002038,0.002042,0.002042,0.002043,0.002043,0.002046,0.002045,0.002045,0.002045,0.002045,0.002046,0.002044,0.002043,0.002045,0.002045,0.002046,0.002045,0.002046,0.002045,0.002044,0.002047,0.002049,0.002048,0.002049,0.002051,0.002049,0.002049,0.002047,0.002048,0.002048,0.002049,0.002048,0.002049,0.002047,0.002049,0.002049,0.002049,0.002048,0.002047,0.002047,0.00205,0.002047,0.002052,0.002052,0.00205,0.002052,0.002051],"unit":"A"},"J":{"value":[-0.0008246,-0.0007023,-0.0005851000000000001,-0.0004738,-0.0003698,-0.0002741,-0.0001877,-0.00011080000000000001,-4.45e-5,1.16e-5,5.720000000000001e-5,9.37e-5,0.00012090000000000001,0.00014250000000000002,0.00015790000000000002,0.0001695,0.0001778,0.00018380000000000002,0.00018800000000000002,0.00019130000000000001,0.00019350000000000001,0.00019510000000000003,0.0001967,0.00019750000000000003,0.0001985,0.0001992,0.0001999,0.0002005,0.000201,0.00020160000000000002,0.0002018,0.00020170000000000002,0.00020200000000000003,0.00020240000000000004,0.0002022,0.0002025,0.00020270000000000002,0.0002029,0.00020300000000000003,0.0002031,0.0002033,0.00020339999999999998,0.0002033,0.00020339999999999998,0.0002033,0.0002033,0.0002038,0.00020370000000000002,0.00020400000000000003,0.00020430000000000003,0.0002042,0.0002042,0.00020390000000000002,0.0002038,0.0002042,0.0002042,0.00020430000000000003,0.00020430000000000003,0.0002046,0.0002045,0.0002045,0.0002045,0.0002045,0.0002046,0.00020439999999999998,0.00020430000000000003,0.0002045,0.0002045,0.0002046,0.0002045,0.0002046,0.0002045,0.00020439999999999998,0.00020470000000000004,0.00020490000000000002,0.0002048,0.00020490000000000002,0.0002051,0.00020490000000000002,0.00020490000000000002,0.00020470000000000004,0.0002048,0.0002048,0.00020490000000000002,0.0002048,0.00020490000000000002,0.00020470000000000004,0.00020490000000000002,0.00020490000000000002,0.00020490000000000002,0.0002048,0.00020470000000000004,0.00020470000000000004,0.00020500000000000002,0.00020470000000000004,0.0002052,0.0002052,0.00020500000000000002,0.0002052,0.0002051],"unit":"A\/cm2"},"voc":{"unit":"V","value":1.09373},"isc":{"unit":"A","value":2.046967},"jsc":{"unit":"mA\/cm2","value":20.469674},"fill_factor":{"unit":"%","value":81.438596},"vmax":{"unit":"V","value":0.953},"efficiency":{"unit":"%","value":18.232722},"monitor_cell_reading":{"unit":"mV","value":0},"monitor_cell_calibration_value":{"unit":"mV","value":0},"test_device_area":{"unit":"cm2","value":0.1},"num_of_series_connected_stacks":{"unit":"","value":1},"sweep_direction":{"unit":"","value":"Reverse"},"device_id":{"unit":"","value":"9(LiF)-1-1-R"},"cell_dimension":{"unit":"cm2","value":0.1},"key":"Reverse_IV 9(LiF)-1-1"},{"V":{"value":[1.2,1.187,1.174,1.161,1.148,1.135,1.122,1.109,1.096,1.083,1.07,1.057,1.044,1.031,1.018,1.005,0.992,0.979,0.966,0.953,0.94,0.927,0.914,0.901,0.888,0.875,0.862,0.849,0.836,0.823,0.81,0.797,0.784,0.771,0.758,0.745,0.732,0.719,0.706,0.693,0.68,0.667,0.654,0.641,0.628,0.615,0.602,0.589,0.576,0.563,0.55,0.537,0.524,0.511,0.498,0.485,0.472,0.459,0.446,0.433,0.42,0.407,0.394,0.381,0.368,0.355,0.342,0.329,0.316,0.303,0.29,0.277,0.264,0.251,0.238,0.225,0.212,0.199,0.186,0.173,0.16,0.147,0.134,0.121,0.108,0.095,0.082,0.069,0.056,0.043,0.03,0.017,0.004,-0.009,-0.022,-0.035,-0.048,-0.061,-0.074,-0.087],"unit":"V"},"I":{"value":[-0.004513,-0.003502,-0.002595,-0.001779,-0.001062,-0.000444,8.2e-5,0.000521,0.000879,0.001149,0.001375,0.001541,0.001667,0.001762,0.001831,0.001881,0.001918,0.001946,0.001967,0.001982,0.001994,0.002002,0.002012,0.002017,0.002017,0.002024,0.002023,0.002024,0.002026,0.002027,0.002027,0.00203,0.002032,0.00203,0.00203,0.002031,0.002031,0.002032,0.002033,0.002032,0.002032,0.002036,0.002035,0.002035,0.002037,0.002037,0.002036,0.002034,0.002038,0.002035,0.002036,0.002038,0.002038,0.002038,0.002036,0.00204,0.002038,0.002038,0.002036,0.002037,0.00204,0.002039,0.00204,0.002041,0.002039,0.002042,0.002039,0.002042,0.002041,0.002042,0.002041,0.00204,0.00204,0.002039,0.002042,0.002041,0.002041,0.002043,0.002044,0.002044,0.002041,0.002043,0.002046,0.002042,0.002046,0.002046,0.002044,0.002047,0.002045,0.002048,0.002046,0.002047,0.00205,0.002047,0.002048,0.002049,0.002046,0.002046,0.002047,0.002049],"unit":"A"},"J":{"value":[-0.00045129999999999997,-0.0003502,-0.0002595,-0.00017790000000000001,-0.0001062,-4.44e-5,8.200000000000001e-6,5.21e-5,8.790000000000001e-5,0.00011490000000000001,0.0001375,0.0001541,0.0001667,0.0001762,0.0001831,0.00018810000000000002,0.0001918,0.00019460000000000001,0.0001967,0.0001982,0.00019940000000000002,0.0002002,0.0002012,0.00020170000000000002,0.00020170000000000002,0.00020240000000000004,0.0002023,0.00020240000000000004,0.00020260000000000002,0.00020270000000000002,0.00020270000000000002,0.00020300000000000003,0.0002032,0.00020300000000000003,0.00020300000000000003,0.0002031,0.0002031,0.0002032,0.0002033,0.0002032,0.0002032,0.00020360000000000002,0.0002035,0.0002035,0.00020370000000000002,0.00020370000000000002,0.00020360000000000002,0.00020339999999999998,0.0002038,0.0002035,0.00020360000000000002,0.0002038,0.0002038,0.0002038,0.00020360000000000002,0.00020400000000000003,0.0002038,0.0002038,0.00020360000000000002,0.00020370000000000002,0.00020400000000000003,0.00020390000000000002,0.00020400000000000003,0.0002041,0.00020390000000000002,0.0002042,0.00020390000000000002,0.0002042,0.0002041,0.0002042,0.0002041,0.00020400000000000003,0.00020400000000000003,0.00020390000000000002,0.0002042,0.0002041,0.0002041,0.00020430000000000003,0.00020439999999999998,0.00020439999999999998,0.0002041,0.00020430000000000003,0.0002046,0.0002042,0.0002046,0.0002046,0.00020439999999999998,0.00020470000000000004,0.0002045,0.0002048,0.0002046,0.00020470000000000004,0.00020500000000000002,0.00020470000000000004,0.0002048,0.00020490000000000002,0.0002046,0.0002046,0.00020470000000000004,0.00020490000000000002],"unit":"A\/cm2"},"voc":{"unit":"V","value":1.130952},"isc":{"unit":"A","value":2.049525},"jsc":{"unit":"mA\/cm2","value":20.495248},"fill_factor":{"unit":"%","value":82.190634},"vmax":{"unit":"V","value":0.979},"efficiency":{"unit":"%","value":19.051088},"monitor_cell_reading":{"unit":"mV","value":0},"monitor_cell_calibration_value":{"unit":"mV","value":0},"test_device_area":{"unit":"cm2","value":0.1},"num_of_series_connected_stacks":{"unit":"","value":1},"sweep_direction":{"unit":"","value":"Reverse"},"device_id":{"unit":"","value":"3(LiF)-1-4-R"},"cell_dimension":{"unit":"cm2","value":0.1},"key":"Reverse_IV 3(LiF)-1-4"},{"V":{"value":[1.2,1.187,1.174,1.161,1.148,1.135,1.122,1.109,1.096,1.083,1.07,1.057,1.044,1.031,1.018,1.005,0.992,0.979,0.966,0.953,0.94,0.927,0.914,0.901,0.888,0.875,0.862,0.849,0.836,0.823,0.81,0.797,0.784,0.771,0.758,0.745,0.732,0.719,0.706,0.693,0.68,0.667,0.654,0.641,0.628,0.615,0.602,0.589,0.576,0.563,0.55,0.537,0.524,0.511,0.498,0.485,0.472,0.459,0.446,0.433,0.42,0.407,0.394,0.381,0.368,0.355,0.342,0.329,0.316,0.303,0.29,0.277,0.264,0.251,0.238,0.225,0.212,0.199,0.186,0.173,0.16,0.147,0.134,0.121,0.108,0.095,0.082,0.069,0.056,0.043,0.03,0.017,0.004,-0.009,-0.022,-0.035,-0.048,-0.061,-0.074,-0.087],"unit":"V"},"I":{"value":[-0.001349,-0.001106,-0.000867,-0.000639,-0.000418,-0.000202,7.0e-6,0.000211,0.000407,0.000595,0.000773,0.000941,0.001089,0.001234,0.001366,0.001483,0.001583,0.001672,0.001745,0.001804,0.001853,0.001889,0.001922,0.001942,0.001959,0.001971,0.001981,0.001989,0.001995,0.002002,0.002,0.002001,0.002005,0.002001,0.002007,0.00201,0.002008,0.002011,0.002009,0.00201,0.00201,0.002008,0.002011,0.002009,0.00201,0.002012,0.00201,0.002011,0.002011,0.002009,0.002009,0.002011,0.002011,0.002014,0.002015,0.002012,0.00201,0.002013,0.00201,0.002013,0.002013,0.002013,0.002015,0.002016,0.002016,0.002017,0.002017,0.002015,0.002016,0.002015,0.002013,0.002016,0.002017,0.002016,0.002017,0.002018,0.002018,0.002017,0.002018,0.002016,0.002019,0.002018,0.002017,0.002016,0.002015,0.002016,0.002019,0.002018,0.002018,0.002017,0.002016,0.00202,0.002019,0.002019,0.002016,0.002018,0.002017,0.002019,0.002015,0.002016],"unit":"A"},"J":{"value":[-0.0001349,-0.0001106,-8.67e-5,-6.390000000000001e-5,-4.1800000000000006e-5,-2.0200000000000003e-5,7.000000000000001e-7,2.11e-5,4.070000000000001e-5,5.950000000000001e-5,7.730000000000001e-5,9.410000000000001e-5,0.00010889999999999999,0.00012340000000000002,0.0001366,0.0001483,0.0001583,0.00016720000000000003,0.0001745,0.00018040000000000002,0.0001853,0.0001889,0.0001922,0.0001942,0.0001959,0.00019710000000000002,0.00019810000000000002,0.0001989,0.0001995,0.0002002,0.0002,0.00020010000000000004,0.0002005,0.00020010000000000004,0.00020070000000000003,0.000201,0.0002008,0.00020110000000000004,0.0002009,0.000201,0.000201,0.0002008,0.00020110000000000004,0.0002009,0.000201,0.0002012,0.000201,0.00020110000000000004,0.00020110000000000004,0.0002009,0.0002009,0.00020110000000000004,0.00020110000000000004,0.00020140000000000002,0.0002015,0.0002012,0.000201,0.00020130000000000001,0.000201,0.00020130000000000001,0.00020130000000000001,0.00020130000000000001,0.0002015,0.00020160000000000002,0.00020160000000000002,0.00020170000000000002,0.00020170000000000002,0.0002015,0.00020160000000000002,0.0002015,0.00020130000000000001,0.00020160000000000002,0.00020170000000000002,0.00020160000000000002,0.00020170000000000002,0.0002018,0.0002018,0.00020170000000000002,0.0002018,0.00020160000000000002,0.0002019,0.0002018,0.00020170000000000002,0.00020160000000000002,0.0002015,0.00020160000000000002,0.0002019,0.0002018,0.0002018,0.00020170000000000002,0.00020160000000000002,0.00020200000000000003,0.0002019,0.0002019,0.00020160000000000002,0.0002018,0.00020170000000000002,0.0002019,0.0002015,0.00020160000000000002],"unit":"A\/cm2"},"voc":{"unit":"V","value":1.123414},"isc":{"unit":"A","value":2.018913},"jsc":{"unit":"mA\/cm2","value":20.189134},"fill_factor":{"unit":"%","value":77.457934},"vmax":{"unit":"V","value":0.914},"efficiency":{"unit":"%","value":17.568041},"monitor_cell_reading":{"unit":"mV","value":0},"monitor_cell_calibration_value":{"unit":"mV","value":0},"test_device_area":{"unit":"cm2","value":0.1},"num_of_series_connected_stacks":{"unit":"","value":1},"sweep_direction":{"unit":"","value":"Reverse"},"device_id":{"unit":"","value":"3(LiF)-1-3-R"},"cell_dimension":{"unit":"cm2","value":0.1},"key":"Reverse_IV 3(LiF)-1-3"},{"V":{"value":[1.2,1.187,1.174,1.161,1.148,1.135,1.122,1.109,1.096,1.083,1.07,1.057,1.044,1.031,1.018,1.005,0.992,0.979,0.966,0.953,0.94,0.927,0.914,0.901,0.888,0.875,0.862,0.849,0.836,0.823,0.81,0.797,0.784,0.771,0.758,0.745,0.732,0.719,0.706,0.693,0.68,0.667,0.654,0.641,0.628,0.615,0.602,0.589,0.576,0.563,0.55,0.537,0.524,0.511,0.498,0.485,0.472,0.459,0.446,0.433,0.42,0.407,0.394,0.381,0.368,0.355,0.342,0.329,0.316,0.303,0.29,0.277,0.264,0.251,0.238,0.225,0.212,0.199,0.186,0.173,0.16,0.147,0.134,0.121,0.108,0.095,0.082,0.069,0.056,0.043,0.03,0.017,0.004,-0.009,-0.022,-0.035,-0.048,-0.061,-0.074,-0.087],"unit":"V"},"I":{"value":[-0.002005,-0.001637,-0.001289,-0.000946,-0.000627,-0.000321,-3.2e-5,0.000244,0.000502,0.000739,0.000955,0.001138,0.001312,0.001461,0.001585,0.001686,0.00177,0.001834,0.001879,0.00192,0.001948,0.001971,0.001985,0.001994,0.002001,0.002011,0.002017,0.002018,0.002021,0.002025,0.002025,0.002026,0.002028,0.002026,0.002027,0.002027,0.002027,0.002028,0.002028,0.00203,0.00203,0.002029,0.002027,0.002027,0.002028,0.002027,0.002033,0.00203,0.002032,0.002033,0.00203,0.002029,0.00203,0.002029,0.00203,0.002033,0.00203,0.002031,0.002031,0.002031,0.00203,0.002031,0.002031,0.002029,0.002032,0.002032,0.00203,0.002031,0.002032,0.002031,0.00203,0.002029,0.002031,0.002033,0.002029,0.00203,0.00203,0.002029,0.002031,0.002031,0.002029,0.002033,0.002032,0.002034,0.002034,0.002032,0.002033,0.002031,0.002034,0.002033,0.002034,0.002034,0.002036,0.002037,0.002035,0.002037,0.002033,0.002036,0.002035,0.002037],"unit":"A"},"J":{"value":[-0.0002005,-0.00016370000000000002,-0.00012890000000000002,-9.460000000000001e-5,-6.269999999999999e-5,-3.21e-5,-3.2e-6,2.44e-5,5.02e-5,7.390000000000001e-5,9.55e-5,0.0001138,0.00013120000000000002,0.0001461,0.0001585,0.0001686,0.00017700000000000002,0.0001834,0.00018790000000000001,0.000192,0.00019480000000000002,0.00019710000000000002,0.0001985,0.00019940000000000002,0.00020010000000000004,0.00020110000000000004,0.00020170000000000002,0.0002018,0.00020209999999999998,0.0002025,0.0002025,0.00020260000000000002,0.0002028,0.00020260000000000002,0.00020270000000000002,0.00020270000000000002,0.00020270000000000002,0.0002028,0.0002028,0.00020300000000000003,0.00020300000000000003,0.0002029,0.00020270000000000002,0.00020270000000000002,0.0002028,0.00020270000000000002,0.0002033,0.00020300000000000003,0.0002032,0.0002033,0.00020300000000000003,0.0002029,0.00020300000000000003,0.0002029,0.00020300000000000003,0.0002033,0.00020300000000000003,0.0002031,0.0002031,0.0002031,0.00020300000000000003,0.0002031,0.0002031,0.0002029,0.0002032,0.0002032,0.00020300000000000003,0.0002031,0.0002032,0.0002031,0.00020300000000000003,0.0002029,0.0002031,0.0002033,0.0002029,0.00020300000000000003,0.00020300000000000003,0.0002029,0.0002031,0.0002031,0.0002029,0.0002033,0.0002032,0.00020339999999999998,0.00020339999999999998,0.0002032,0.0002033,0.0002031,0.00020339999999999998,0.0002033,0.00020339999999999998,0.00020339999999999998,0.00020360000000000002,0.00020370000000000002,0.0002035,0.00020370000000000002,0.0002033,0.00020360000000000002,0.0002035,0.00020370000000000002],"unit":"A\/cm2"},"voc":{"unit":"V","value":1.121963},"isc":{"unit":"A","value":2.036453},"jsc":{"unit":"mA\/cm2","value":20.364528},"fill_factor":{"unit":"%","value":80.162411},"vmax":{"unit":"V","value":0.94},"efficiency":{"unit":"%","value":18.315705},"monitor_cell_reading":{"unit":"mV","value":0},"monitor_cell_calibration_value":{"unit":"mV","value":0},"test_device_area":{"unit":"cm2","value":0.1},"num_of_series_connected_stacks":{"unit":"","value":1},"sweep_direction":{"unit":"","value":"Reverse"},"device_id":{"unit":"","value":"3(LiF)-1-2-R"},"cell_dimension":{"unit":"cm2","value":0.1},"key":"Reverse_IV 3(LiF)-1-2"},{"V":{"value":[1.2,1.187,1.174,1.161,1.148,1.135,1.122,1.109,1.096,1.083,1.07,1.057,1.044,1.031,1.018,1.005,0.992,0.979,0.966,0.953,0.94,0.927,0.914,0.901,0.888,0.875,0.862,0.849,0.836,0.823,0.81,0.797,0.784,0.771,0.758,0.745,0.732,0.719,0.706,0.693,0.68,0.667,0.654,0.641,0.628,0.615,0.602,0.589,0.576,0.563,0.55,0.537,0.524,0.511,0.498,0.485,0.472,0.459,0.446,0.433,0.42,0.407,0.394,0.381,0.368,0.355,0.342,0.329,0.316,0.303,0.29,0.277,0.264,0.251,0.238,0.225,0.212,0.199,0.186,0.173,0.16,0.147,0.134,0.121,0.108,0.095,0.082,0.069,0.056,0.043,0.03,0.017,0.004,-0.009,-0.022,-0.035,-0.048,-0.061,-0.074,-0.087],"unit":"V"},"I":{"value":[-0.004171,-0.003337,-0.002581,-0.001885,-0.001254,-0.00068,-0.00017,0.000273,0.000649,0.000961,0.001201,0.001411,0.001566,0.001689,0.001782,0.001849,0.001897,0.001935,0.001967,0.001986,0.002001,0.00201,0.00202,0.002029,0.002032,0.002033,0.002037,0.002037,0.002038,0.002039,0.00204,0.002042,0.002039,0.002046,0.002041,0.002043,0.002044,0.002044,0.002043,0.002041,0.002041,0.002045,0.002044,0.002049,0.002047,0.002051,0.002046,0.002048,0.002048,0.002048,0.002048,0.002046,0.002047,0.002045,0.002048,0.002047,0.002048,0.002048,0.002051,0.00205,0.002048,0.002047,0.002052,0.002051,0.00205,0.002052,0.002052,0.00205,0.002048,0.002051,0.002056,0.002054,0.002051,0.002048,0.002051,0.00205,0.002052,0.002051,0.002048,0.002051,0.002052,0.002057,0.002053,0.002059,0.002054,0.002054,0.002055,0.002055,0.002057,0.002055,0.002058,0.002056,0.002059,0.002057,0.002058,0.002058,0.00206,0.002061,0.00206,0.002061],"unit":"A"},"J":{"value":[-0.00041710000000000006,-0.00033370000000000003,-0.0002581,-0.0001885,-0.00012539999999999999,-6.800000000000001e-5,-1.7000000000000003e-5,2.7300000000000003e-5,6.489999999999999e-5,9.61e-5,0.0001201,0.0001411,0.0001566,0.0001689,0.0001782,0.0001849,0.0001897,0.00019350000000000001,0.0001967,0.0001986,0.00020010000000000004,0.000201,0.00020200000000000003,0.0002029,0.0002032,0.0002033,0.00020370000000000002,0.00020370000000000002,0.0002038,0.00020390000000000002,0.00020400000000000003,0.0002042,0.00020390000000000002,0.0002046,0.0002041,0.00020430000000000003,0.00020439999999999998,0.00020439999999999998,0.00020430000000000003,0.0002041,0.0002041,0.0002045,0.00020439999999999998,0.00020490000000000002,0.00020470000000000004,0.0002051,0.0002046,0.0002048,0.0002048,0.0002048,0.0002048,0.0002046,0.00020470000000000004,0.0002045,0.0002048,0.00020470000000000004,0.0002048,0.0002048,0.0002051,0.00020500000000000002,0.0002048,0.00020470000000000004,0.0002052,0.0002051,0.00020500000000000002,0.0002052,0.0002052,0.00020500000000000002,0.0002048,0.0002051,0.0002056,0.0002054,0.0002051,0.0002048,0.0002051,0.00020500000000000002,0.0002052,0.0002051,0.0002048,0.0002051,0.0002052,0.00020569999999999999,0.00020530000000000003,0.00020590000000000002,0.0002054,0.0002054,0.0002055,0.0002055,0.00020569999999999999,0.0002055,0.00020580000000000002,0.0002056,0.00020590000000000002,0.00020569999999999999,0.00020580000000000002,0.00020580000000000002,0.00020600000000000002,0.0002061,0.00020600000000000002,0.0002061],"unit":"A\/cm2"},"voc":{"unit":"V","value":1.119624},"isc":{"unit":"A","value":2.059329},"jsc":{"unit":"mA\/cm2","value":20.593291},"fill_factor":{"unit":"%","value":82.408962},"vmax":{"unit":"V","value":0.966},"efficiency":{"unit":"%","value":19.00082},"monitor_cell_reading":{"unit":"mV","value":0},"monitor_cell_calibration_value":{"unit":"mV","value":0},"test_device_area":{"unit":"cm2","value":0.1},"num_of_series_connected_stacks":{"unit":"","value":1},"sweep_direction":{"unit":"","value":"Reverse"},"device_id":{"unit":"","value":"11(LiF)-1-4-R"},"cell_dimension":{"unit":"cm2","value":0.1},"key":"Reverse_IV 11(LiF)-1-4"},{"V":{"value":[1.2,1.187,1.174,1.161,1.148,1.135,1.122,1.109,1.096,1.083,1.07,1.057,1.044,1.031,1.018,1.005,0.992,0.979,0.966,0.953,0.94,0.927,0.914,0.901,0.888,0.875,0.862,0.849,0.836,0.823,0.81,0.797,0.784,0.771,0.758,0.745,0.732,0.719,0.706,0.693,0.68,0.667,0.654,0.641,0.628,0.615,0.602,0.589,0.576,0.563,0.55,0.537,0.524,0.511,0.498,0.485,0.472,0.459,0.446,0.433,0.42,0.407,0.394,0.381,0.368,0.355,0.342,0.329,0.316,0.303,0.29,0.277,0.264,0.251,0.238,0.225,0.212,0.199,0.186,0.173,0.16,0.147,0.134,0.121,0.108,0.095,0.082,0.069,0.056,0.043,0.03,0.017,0.004,-0.009,-0.022,-0.035,-0.048,-0.061,-0.074,-0.087],"unit":"V"},"I":{"value":[-0.002811,-0.002309,-0.001844,-0.001402,-0.000984,-0.000592,-0.00023,0.000105,0.000411,0.000684,0.000927,0.00112,0.001308,0.00146,0.001583,0.00168,0.001757,0.001822,0.001867,0.001905,0.001931,0.001952,0.001968,0.001979,0.001989,0.001993,0.001999,0.002002,0.002006,0.002005,0.002011,0.002009,0.002011,0.002014,0.00201,0.002012,0.002012,0.002013,0.002013,0.002008,0.002013,0.002012,0.002021,0.002017,0.002016,0.002017,0.002017,0.002019,0.002016,0.002015,0.002016,0.002017,0.002014,0.002016,0.002016,0.002018,0.002015,0.002016,0.002015,0.002018,0.002016,0.002013,0.002017,0.002017,0.002019,0.002018,0.002021,0.00202,0.002019,0.002016,0.002017,0.002019,0.002015,0.002019,0.002016,0.002019,0.00202,0.002018,0.00202,0.002018,0.002021,0.002022,0.002021,0.002023,0.002021,0.002022,0.002023,0.002022,0.002021,0.002019,0.002017,0.002022,0.002026,0.002026,0.002026,0.002026,0.002024,0.002026,0.002024,0.00203],"unit":"A"},"J":{"value":[-0.0002811,-0.0002309,-0.0001844,-0.00014020000000000002,-9.84e-5,-5.92e-5,-2.3000000000000003e-5,1.0500000000000001e-5,4.11e-5,6.840000000000001e-5,9.27e-5,0.000112,0.0001308,0.000146,0.0001583,0.00016800000000000002,0.00017570000000000002,0.0001822,0.0001867,0.00019050000000000002,0.0001931,0.0001952,0.0001968,0.00019789999999999999,0.0001989,0.00019930000000000002,0.0001999,0.0002002,0.0002006,0.0002005,0.00020110000000000004,0.0002009,0.00020110000000000004,0.00020140000000000002,0.000201,0.0002012,0.0002012,0.00020130000000000001,0.00020130000000000001,0.0002008,0.00020130000000000001,0.0002012,0.00020209999999999998,0.00020170000000000002,0.00020160000000000002,0.00020170000000000002,0.00020170000000000002,0.0002019,0.00020160000000000002,0.0002015,0.00020160000000000002,0.00020170000000000002,0.00020140000000000002,0.00020160000000000002,0.00020160000000000002,0.0002018,0.0002015,0.00020160000000000002,0.0002015,0.0002018,0.00020160000000000002,0.00020130000000000001,0.00020170000000000002,0.00020170000000000002,0.0002019,0.0002018,0.00020209999999999998,0.00020200000000000003,0.0002019,0.00020160000000000002,0.00020170000000000002,0.0002019,0.0002015,0.0002019,0.00020160000000000002,0.0002019,0.00020200000000000003,0.0002018,0.00020200000000000003,0.0002018,0.00020209999999999998,0.0002022,0.00020209999999999998,0.0002023,0.00020209999999999998,0.0002022,0.0002023,0.0002022,0.00020209999999999998,0.0002019,0.00020170000000000002,0.0002022,0.00020260000000000002,0.00020260000000000002,0.00020260000000000002,0.00020260000000000002,0.00020240000000000004,0.00020260000000000002,0.00020240000000000004,0.00020300000000000003],"unit":"A\/cm2"},"voc":{"unit":"V","value":1.116909},"isc":{"unit":"A","value":2.026292},"jsc":{"unit":"mA\/cm2","value":20.262925},"fill_factor":{"unit":"%","value":80.228577},"vmax":{"unit":"V","value":0.953},"efficiency":{"unit":"%","value":18.157212},"monitor_cell_reading":{"unit":"mV","value":0},"monitor_cell_calibration_value":{"unit":"mV","value":0},"test_device_area":{"unit":"cm2","value":0.1},"num_of_series_connected_stacks":{"unit":"","value":1},"sweep_direction":{"unit":"","value":"Reverse"},"device_id":{"unit":"","value":"11(LiF)-1-3-R"},"cell_dimension":{"unit":"cm2","value":0.1},"key":"Reverse_IV 11(LiF)-1-3"},{"V":{"value":[1.2,1.187,1.174,1.161,1.148,1.135,1.122,1.109,1.096,1.083,1.07,1.057,1.044,1.031,1.018,1.005,0.992,0.979,0.966,0.953,0.94,0.927,0.914,0.901,0.888,0.875,0.862,0.849,0.836,0.823,0.81,0.797,0.784,0.771,0.758,0.745,0.732,0.719,0.706,0.693,0.68,0.667,0.654,0.641,0.628,0.615,0.602,0.589,0.576,0.563,0.55,0.537,0.524,0.511,0.498,0.485,0.472,0.459,0.446,0.433,0.42,0.407,0.394,0.381,0.368,0.355,0.342,0.329,0.316,0.303,0.29,0.277,0.264,0.251,0.238,0.225,0.212,0.199,0.186,0.173,0.16,0.147,0.134,0.121,0.108,0.095,0.082,0.069,0.056,0.043,0.03,0.017,0.004,-0.009,-0.022,-0.035,-0.048,-0.061,-0.074,-0.087],"unit":"V"},"I":{"value":[-0.003893,-0.003241,-0.002655,-0.002112,-0.001609,-0.001141,-0.000704,-0.000305,5.2e-5,0.000375,0.000667,0.000913,0.00111,0.001296,0.001446,0.001569,0.001667,0.001749,0.001807,0.001856,0.001893,0.001926,0.001947,0.001962,0.001976,0.001989,0.001994,0.001999,0.002004,0.002004,0.002005,0.002009,0.002011,0.002012,0.002014,0.002013,0.002017,0.002014,0.002016,0.002016,0.002014,0.002014,0.002016,0.002018,0.002019,0.002017,0.002017,0.002018,0.002017,0.002018,0.002018,0.00202,0.002017,0.002016,0.002019,0.002019,0.00202,0.002014,0.002018,0.00202,0.00202,0.002019,0.002018,0.00202,0.002023,0.002023,0.002021,0.002024,0.002023,0.002024,0.002026,0.002025,0.002025,0.002023,0.002022,0.002025,0.002026,0.002026,0.002025,0.002023,0.002025,0.002025,0.002021,0.002024,0.002025,0.002027,0.002025,0.002026,0.002025,0.002026,0.002027,0.002027,0.002023,0.002028,0.002027,0.002027,0.002024,0.002025,0.002026,0.002027],"unit":"A"},"J":{"value":[-0.00038930000000000003,-0.0003241,-0.0002655,-0.00021120000000000004,-0.0001609,-0.00011410000000000001,-7.04e-5,-3.05e-5,5.2e-6,3.7500000000000003e-5,6.67e-5,9.13e-5,0.00011100000000000001,0.0001296,0.00014460000000000002,0.00015690000000000002,0.0001667,0.0001749,0.0001807,0.0001856,0.0001893,0.00019260000000000002,0.00019470000000000002,0.00019620000000000003,0.0001976,0.0001989,0.00019940000000000002,0.0001999,0.00020040000000000002,0.00020040000000000002,0.0002005,0.0002009,0.00020110000000000004,0.0002012,0.00020140000000000002,0.00020130000000000001,0.00020170000000000002,0.00020140000000000002,0.00020160000000000002,0.00020160000000000002,0.00020140000000000002,0.00020140000000000002,0.00020160000000000002,0.0002018,0.0002019,0.00020170000000000002,0.00020170000000000002,0.0002018,0.00020170000000000002,0.0002018,0.0002018,0.00020200000000000003,0.00020170000000000002,0.00020160000000000002,0.0002019,0.0002019,0.00020200000000000003,0.00020140000000000002,0.0002018,0.00020200000000000003,0.00020200000000000003,0.0002019,0.0002018,0.00020200000000000003,0.0002023,0.0002023,0.00020209999999999998,0.00020240000000000004,0.0002023,0.00020240000000000004,0.00020260000000000002,0.0002025,0.0002025,0.0002023,0.0002022,0.0002025,0.00020260000000000002,0.00020260000000000002,0.0002025,0.0002023,0.0002025,0.0002025,0.00020209999999999998,0.00020240000000000004,0.0002025,0.00020270000000000002,0.0002025,0.00020260000000000002,0.0002025,0.00020260000000000002,0.00020270000000000002,0.00020270000000000002,0.0002023,0.0002028,0.00020270000000000002,0.00020270000000000002,0.00020240000000000004,0.0002025,0.00020260000000000002,0.00020270000000000002],"unit":"A\/cm2"},"voc":{"unit":"V","value":1.101403},"isc":{"unit":"A","value":2.022942},"jsc":{"unit":"mA\/cm2","value":20.229418},"fill_factor":{"unit":"%","value":80.149741},"vmax":{"unit":"V","value":0.927},"efficiency":{"unit":"%","value":17.85795},"monitor_cell_reading":{"unit":"mV","value":0},"monitor_cell_calibration_value":{"unit":"mV","value":0},"test_device_area":{"unit":"cm2","value":0.1},"num_of_series_connected_stacks":{"unit":"","value":1},"sweep_direction":{"unit":"","value":"Reverse"},"device_id":{"unit":"","value":"11(LiF)-1-2-R"},"cell_dimension":{"unit":"cm2","value":0.1},"key":"Reverse_IV 11(LiF)-1-2"},{"V":{"value":[-0.1,-0.087,-0.074,-0.061,-0.048,-0.035,-0.022,-0.009,0.004,0.017,0.03,0.043,0.056,0.069,0.082,0.095,0.108,0.121,0.134,0.147,0.16,0.173,0.186,0.199,0.212,0.225,0.238,0.251,0.264,0.277,0.29,0.303,0.316,0.329,0.342,0.355,0.368,0.381,0.394,0.407,0.42,0.433,0.446,0.459,0.472,0.485,0.498,0.511,0.524,0.537,0.55,0.563,0.576,0.589,0.602,0.615,0.628,0.641,0.654,0.667,0.68,0.693,0.706,0.719,0.732,0.745,0.758,0.771,0.784,0.797,0.81,0.823,0.836,0.849,0.862,0.875,0.888,0.901,0.914,0.927,0.94,0.953,0.966,0.979,0.992,1.005,1.018,1.031,1.044,1.057,1.07,1.083,1.096,1.109,1.122,1.135,1.148,1.161,1.174,1.187],"unit":"V"},"I":{"value":[0.002058,0.002055,0.002054,0.002052,0.00205,0.002051,0.002049,0.002049,0.002047,0.002047,0.002048,0.002049,0.002049,0.002051,0.002047,0.002049,0.002046,0.002049,0.002046,0.00205,0.002051,0.00205,0.002048,0.002046,0.00205,0.002047,0.00205,0.002046,0.002048,0.00205,0.002049,0.002047,0.002047,0.002048,0.002045,0.002046,0.002048,0.002046,0.002049,0.00205,0.002047,0.002046,0.002047,0.002046,0.002046,0.002047,0.002044,0.002044,0.002042,0.00204,0.002044,0.002042,0.002042,0.002039,0.00204,0.002042,0.00204,0.002041,0.002043,0.00204,0.002043,0.002043,0.00204,0.002038,0.002038,0.002035,0.002035,0.002035,0.002037,0.002032,0.00203,0.002027,0.002025,0.002025,0.00202,0.002017,0.002008,0.002006,0.001994,0.001986,0.00197,0.00195,0.001923,0.001885,0.00183,0.001756,0.001652,0.001513,0.001321,0.001064,0.000733,0.00031,-0.000212,-0.000839,-0.001576,-0.002413,-0.003352,-0.00438,-0.005497,-0.006686],"unit":"A"},"J":{"value":[0.00020580000000000002,0.0002055,0.0002054,0.0002052,0.00020500000000000002,0.0002051,0.00020490000000000002,0.00020490000000000002,0.00020470000000000004,0.00020470000000000004,0.0002048,0.00020490000000000002,0.00020490000000000002,0.0002051,0.00020470000000000004,0.00020490000000000002,0.0002046,0.00020490000000000002,0.0002046,0.00020500000000000002,0.0002051,0.00020500000000000002,0.0002048,0.0002046,0.00020500000000000002,0.00020470000000000004,0.00020500000000000002,0.0002046,0.0002048,0.00020500000000000002,0.00020490000000000002,0.00020470000000000004,0.00020470000000000004,0.0002048,0.0002045,0.0002046,0.0002048,0.0002046,0.00020490000000000002,0.00020500000000000002,0.00020470000000000004,0.0002046,0.00020470000000000004,0.0002046,0.0002046,0.00020470000000000004,0.00020439999999999998,0.00020439999999999998,0.0002042,0.00020400000000000003,0.00020439999999999998,0.0002042,0.0002042,0.00020390000000000002,0.00020400000000000003,0.0002042,0.00020400000000000003,0.0002041,0.00020430000000000003,0.00020400000000000003,0.00020430000000000003,0.00020430000000000003,0.00020400000000000003,0.0002038,0.0002038,0.0002035,0.0002035,0.0002035,0.00020370000000000002,0.0002032,0.00020300000000000003,0.00020270000000000002,0.0002025,0.0002025,0.00020200000000000003,0.00020170000000000002,0.0002008,0.0002006,0.00019940000000000002,0.0001986,0.00019700000000000002,0.000195,0.0001923,0.0001885,0.000183,0.0001756,0.0001652,0.00015130000000000002,0.00013209999999999999,0.00010640000000000001,7.33e-5,3.1e-5,-2.12e-5,-8.39e-5,-0.0001576,-0.00024130000000000004,-0.0003352,-0.000438,-0.0005497000000000001,-0.0006686000000000001],"unit":"A\/cm2"},"voc":{"unit":"V","value":1.095461},"isc":{"unit":"A","value":2.046568},"jsc":{"unit":"mA\/cm2","value":20.465679},"fill_factor":{"unit":"%","value":82.883864},"vmax":{"unit":"V","value":0.953},"efficiency":{"unit":"%","value":18.582021},"monitor_cell_reading":{"unit":"mV","value":0},"monitor_cell_calibration_value":{"unit":"mV","value":0},"test_device_area":{"unit":"cm2","value":0.1},"num_of_series_connected_stacks":{"unit":"","value":1},"sweep_direction":{"unit":"","value":"Forward"},"device_id":{"unit":"","value":"9(LiF)-1-1-F"},"cell_dimension":{"unit":"cm2","value":0.1},"key":"Forward_IV 9(LiF)-1-1"},{"V":{"value":[-0.1,-0.087,-0.074,-0.061,-0.048,-0.035,-0.022,-0.009,0.004,0.017,0.03,0.043,0.056,0.069,0.082,0.095,0.108,0.121,0.134,0.147,0.16,0.173,0.186,0.199,0.212,0.225,0.238,0.251,0.264,0.277,0.29,0.303,0.316,0.329,0.342,0.355,0.368,0.381,0.394,0.407,0.42,0.433,0.446,0.459,0.472,0.485,0.498,0.511,0.524,0.537,0.55,0.563,0.576,0.589,0.602,0.615,0.628,0.641,0.654,0.667,0.68,0.693,0.706,0.719,0.732,0.745,0.758,0.771,0.784,0.797,0.81,0.823,0.836,0.849,0.862,0.875,0.888,0.901,0.914,0.927,0.94,0.953,0.966,0.979,0.992,1.005,1.018,1.031,1.044,1.057,1.07,1.083,1.096,1.109,1.122,1.135,1.148,1.161,1.174,1.187],"unit":"V"},"I":{"value":[0.002053,0.002051,0.002049,0.00205,0.002049,0.002053,0.002053,0.002053,0.002052,0.002049,0.00205,0.002048,0.00205,0.002046,0.002045,0.002047,0.002047,0.002047,0.002047,0.002044,0.002044,0.002046,0.002045,0.002044,0.002042,0.002044,0.002043,0.002045,0.002042,0.002041,0.002045,0.002043,0.002042,0.002043,0.002041,0.002043,0.002044,0.002038,0.002042,0.002041,0.002038,0.00204,0.002039,0.002037,0.002037,0.002036,0.002038,0.002039,0.002038,0.00204,0.002036,0.002037,0.002037,0.002037,0.002036,0.002035,0.002036,0.002035,0.002034,0.002033,0.002035,0.002031,0.002035,0.002034,0.002033,0.002032,0.002032,0.002034,0.00204,0.002041,0.002039,0.002036,0.002037,0.002034,0.002029,0.002029,0.002025,0.002021,0.002014,0.002005,0.001996,0.00198,0.001961,0.001934,0.001896,0.001847,0.001779,0.001686,0.001569,0.00141,0.001208,0.000968,0.000655,0.000274,-0.000179,-0.000706,-0.001265,-0.001965,-0.002739,-0.003581],"unit":"A"},"J":{"value":[0.00020530000000000003,0.0002051,0.00020490000000000002,0.00020500000000000002,0.00020490000000000002,0.00020530000000000003,0.00020530000000000003,0.00020530000000000003,0.0002052,0.00020490000000000002,0.00020500000000000002,0.0002048,0.00020500000000000002,0.0002046,0.0002045,0.00020470000000000004,0.00020470000000000004,0.00020470000000000004,0.00020470000000000004,0.00020439999999999998,0.00020439999999999998,0.0002046,0.0002045,0.00020439999999999998,0.0002042,0.00020439999999999998,0.00020430000000000003,0.0002045,0.0002042,0.0002041,0.0002045,0.00020430000000000003,0.0002042,0.00020430000000000003,0.0002041,0.00020430000000000003,0.00020439999999999998,0.0002038,0.0002042,0.0002041,0.0002038,0.00020400000000000003,0.00020390000000000002,0.00020370000000000002,0.00020370000000000002,0.00020360000000000002,0.0002038,0.00020390000000000002,0.0002038,0.00020400000000000003,0.00020360000000000002,0.00020370000000000002,0.00020370000000000002,0.00020370000000000002,0.00020360000000000002,0.0002035,0.00020360000000000002,0.0002035,0.00020339999999999998,0.0002033,0.0002035,0.0002031,0.0002035,0.00020339999999999998,0.0002033,0.0002032,0.0002032,0.00020339999999999998,0.00020400000000000003,0.0002041,0.00020390000000000002,0.00020360000000000002,0.00020370000000000002,0.00020339999999999998,0.0002029,0.0002029,0.0002025,0.00020209999999999998,0.00020140000000000002,0.0002005,0.0001996,0.00019800000000000002,0.00019610000000000002,0.0001934,0.0001896,0.0001847,0.00017790000000000001,0.0001686,0.00015690000000000002,0.000141,0.00012080000000000001,9.680000000000001e-5,6.55e-5,2.7400000000000002e-5,-1.7899999999999998e-5,-7.060000000000001e-5,-0.0001265,-0.00019650000000000003,-0.00027390000000000004,-0.00035810000000000003],"unit":"A\/cm2"},"voc":{"unit":"V","value":1.121004},"isc":{"unit":"A","value":2.051952},"jsc":{"unit":"mA\/cm2","value":20.519523},"fill_factor":{"unit":"%","value":82.332723},"vmax":{"unit":"V","value":0.966},"efficiency":{"unit":"%","value":18.938557},"monitor_cell_reading":{"unit":"mV","value":0},"monitor_cell_calibration_value":{"unit":"mV","value":0},"test_device_area":{"unit":"cm2","value":0.1},"num_of_series_connected_stacks":{"unit":"","value":1},"sweep_direction":{"unit":"","value":"Forward"},"device_id":{"unit":"","value":"3(LiF)-1-4-F"},"cell_dimension":{"unit":"cm2","value":0.1},"key":"Forward_IV 3(LiF)-1-4"},{"V":{"value":[-0.1,-0.087,-0.074,-0.061,-0.048,-0.035,-0.022,-0.009,0.004,0.017,0.03,0.043,0.056,0.069,0.082,0.095,0.108,0.121,0.134,0.147,0.16,0.173,0.186,0.199,0.212,0.225,0.238,0.251,0.264,0.277,0.29,0.303,0.316,0.329,0.342,0.355,0.368,0.381,0.394,0.407,0.42,0.433,0.446,0.459,0.472,0.485,0.498,0.511,0.524,0.537,0.55,0.563,0.576,0.589,0.602,0.615,0.628,0.641,0.654,0.667,0.68,0.693,0.706,0.719,0.732,0.745,0.758,0.771,0.784,0.797,0.81,0.823,0.836,0.849,0.862,0.875,0.888,0.901,0.914,0.927,0.94,0.953,0.966,0.979,0.992,1.005,1.018,1.031,1.044,1.057,1.07,1.083,1.096,1.109,1.122,1.135,1.148,1.161,1.174,1.187],"unit":"V"},"I":{"value":[0.002025,0.002023,0.002022,0.002023,0.002022,0.002022,0.00202,0.002017,0.002019,0.002019,0.002019,0.002017,0.002015,0.00202,0.002016,0.002016,0.002018,0.002016,0.002015,0.002014,0.002017,0.002015,0.002015,0.002013,0.002013,0.002012,0.00201,0.002011,0.002012,0.002014,0.002013,0.002014,0.002013,0.002015,0.002013,0.002013,0.00201,0.00201,0.00201,0.002011,0.00201,0.00201,0.002008,0.002009,0.002008,0.002012,0.00201,0.00201,0.002009,0.002008,0.002009,0.00201,0.00201,0.002009,0.002008,0.002008,0.002009,0.002008,0.002009,0.002005,0.00201,0.002006,0.002003,0.002006,0.002005,0.002006,0.002005,0.002003,0.002,0.001995,0.001993,0.001984,0.00198,0.001969,0.001958,0.001943,0.001921,0.001895,0.001858,0.001811,0.001754,0.001686,0.001605,0.001514,0.001409,0.001298,0.001173,0.00104,0.000905,0.000756,0.000601,0.000439,0.000274,0.000102,-6.8e-5,-0.000247,-0.00044,-0.000635,-0.000832,-0.001033],"unit":"A"},"J":{"value":[0.0002025,0.0002023,0.0002022,0.0002023,0.0002022,0.0002022,0.00020200000000000003,0.00020170000000000002,0.0002019,0.0002019,0.0002019,0.00020170000000000002,0.0002015,0.00020200000000000003,0.00020160000000000002,0.00020160000000000002,0.0002018,0.00020160000000000002,0.0002015,0.00020140000000000002,0.00020170000000000002,0.0002015,0.0002015,0.00020130000000000001,0.00020130000000000001,0.0002012,0.000201,0.00020110000000000004,0.0002012,0.00020140000000000002,0.00020130000000000001,0.00020140000000000002,0.00020130000000000001,0.0002015,0.00020130000000000001,0.00020130000000000001,0.000201,0.000201,0.000201,0.00020110000000000004,0.000201,0.000201,0.0002008,0.0002009,0.0002008,0.0002012,0.000201,0.000201,0.0002009,0.0002008,0.0002009,0.000201,0.000201,0.0002009,0.0002008,0.0002008,0.0002009,0.0002008,0.0002009,0.0002005,0.000201,0.0002006,0.00020030000000000002,0.0002006,0.0002005,0.0002006,0.0002005,0.00020030000000000002,0.0002,0.0001995,0.00019930000000000002,0.00019840000000000002,0.00019800000000000002,0.0001969,0.00019580000000000002,0.0001943,0.0001921,0.0001895,0.00018580000000000002,0.0001811,0.0001754,0.0001686,0.00016050000000000003,0.0001514,0.0001409,0.00012979999999999998,0.0001173,0.000104,9.05e-5,7.560000000000001e-5,6.01e-5,4.39e-5,2.7400000000000002e-5,1.02e-5,-6.8e-6,-2.47e-5,-4.4000000000000006e-5,-6.350000000000001e-5,-8.32e-5,-0.00010330000000000002],"unit":"A\/cm2"},"voc":{"unit":"V","value":1.118491},"isc":{"unit":"A","value":2.019406},"jsc":{"unit":"mA\/cm2","value":20.194063},"fill_factor":{"unit":"%","value":75.573577},"vmax":{"unit":"V","value":0.901},"efficiency":{"unit":"%","value":17.069716},"monitor_cell_reading":{"unit":"mV","value":0},"monitor_cell_calibration_value":{"unit":"mV","value":0},"test_device_area":{"unit":"cm2","value":0.1},"num_of_series_connected_stacks":{"unit":"","value":1},"sweep_direction":{"unit":"","value":"Forward"},"device_id":{"unit":"","value":"3(LiF)-1-3-F"},"cell_dimension":{"unit":"cm2","value":0.1},"key":"Forward_IV 3(LiF)-1-3"},{"V":{"value":[-0.1,-0.087,-0.074,-0.061,-0.048,-0.035,-0.022,-0.009,0.004,0.017,0.03,0.043,0.056,0.069,0.082,0.095,0.108,0.121,0.134,0.147,0.16,0.173,0.186,0.199,0.212,0.225,0.238,0.251,0.264,0.277,0.29,0.303,0.316,0.329,0.342,0.355,0.368,0.381,0.394,0.407,0.42,0.433,0.446,0.459,0.472,0.485,0.498,0.511,0.524,0.537,0.55,0.563,0.576,0.589,0.602,0.615,0.628,0.641,0.654,0.667,0.68,0.693,0.706,0.719,0.732,0.745,0.758,0.771,0.784,0.797,0.81,0.823,0.836,0.849,0.862,0.875,0.888,0.901,0.914,0.927,0.94,0.953,0.966,0.979,0.992,1.005,1.018,1.031,1.044,1.057,1.07,1.083,1.096,1.109,1.122,1.135,1.148,1.161,1.174,1.187],"unit":"V"},"I":{"value":[0.00204,0.002043,0.002039,0.002039,0.002039,0.002038,0.002036,0.002033,0.002035,0.002035,0.002036,0.002033,0.002035,0.002036,0.002035,0.002036,0.002034,0.002036,0.002035,0.002034,0.002035,0.002035,0.002035,0.00203,0.002032,0.002031,0.002031,0.002029,0.00203,0.002028,0.002029,0.002029,0.002029,0.002029,0.00203,0.00203,0.00203,0.002028,0.002029,0.002031,0.002028,0.002028,0.002029,0.002029,0.00203,0.00203,0.002031,0.002028,0.00203,0.002027,0.002029,0.002026,0.002027,0.00203,0.002026,0.002029,0.002028,0.002028,0.002025,0.002029,0.002028,0.00203,0.002027,0.002026,0.002026,0.002024,0.002024,0.002024,0.002024,0.002022,0.002021,0.002014,0.002014,0.002009,0.002002,0.001994,0.001985,0.001971,0.001956,0.001929,0.001893,0.001855,0.001796,0.001726,0.001639,0.001534,0.00141,0.001266,0.001109,0.000942,0.000748,0.000538,0.000314,9.0e-5,-0.000141,-0.000411,-0.00069,-0.000978,-0.001256,-0.00157],"unit":"A"},"J":{"value":[0.00020400000000000003,0.00020430000000000003,0.00020390000000000002,0.00020390000000000002,0.00020390000000000002,0.0002038,0.00020360000000000002,0.0002033,0.0002035,0.0002035,0.00020360000000000002,0.0002033,0.0002035,0.00020360000000000002,0.0002035,0.00020360000000000002,0.00020339999999999998,0.00020360000000000002,0.0002035,0.00020339999999999998,0.0002035,0.0002035,0.0002035,0.00020300000000000003,0.0002032,0.0002031,0.0002031,0.0002029,0.00020300000000000003,0.0002028,0.0002029,0.0002029,0.0002029,0.0002029,0.00020300000000000003,0.00020300000000000003,0.00020300000000000003,0.0002028,0.0002029,0.0002031,0.0002028,0.0002028,0.0002029,0.0002029,0.00020300000000000003,0.00020300000000000003,0.0002031,0.0002028,0.00020300000000000003,0.00020270000000000002,0.0002029,0.00020260000000000002,0.00020270000000000002,0.00020300000000000003,0.00020260000000000002,0.0002029,0.0002028,0.0002028,0.0002025,0.0002029,0.0002028,0.00020300000000000003,0.00020270000000000002,0.00020260000000000002,0.00020260000000000002,0.00020240000000000004,0.00020240000000000004,0.00020240000000000004,0.00020240000000000004,0.0002022,0.00020209999999999998,0.00020140000000000002,0.00020140000000000002,0.0002009,0.0002002,0.00019940000000000002,0.0001985,0.00019710000000000002,0.00019559999999999998,0.0001929,0.0001893,0.0001855,0.00017960000000000003,0.00017260000000000002,0.00016390000000000003,0.00015340000000000002,0.000141,0.00012660000000000001,0.0001109,9.420000000000001e-5,7.48e-5,5.38e-5,3.14e-5,9.0e-6,-1.4100000000000002e-5,-4.11e-5,-6.9e-5,-9.779999999999999e-5,-0.0001256,-0.00015700000000000002],"unit":"A\/cm2"},"voc":{"unit":"V","value":1.115403},"isc":{"unit":"A","value":2.035277},"jsc":{"unit":"mA\/cm2","value":20.352772},"fill_factor":{"unit":"%","value":78.771082},"vmax":{"unit":"V","value":0.914},"efficiency":{"unit":"%","value":17.882249},"monitor_cell_reading":{"unit":"mV","value":0},"monitor_cell_calibration_value":{"unit":"mV","value":0},"test_device_area":{"unit":"cm2","value":0.1},"num_of_series_connected_stacks":{"unit":"","value":1},"sweep_direction":{"unit":"","value":"Forward"},"device_id":{"unit":"","value":"3(LiF)-1-2-F"},"cell_dimension":{"unit":"cm2","value":0.1},"key":"Forward_IV 3(LiF)-1-2"},{"V":{"value":[-0.1,-0.087,-0.074,-0.061,-0.048,-0.035,-0.022,-0.009,0.004,0.017,0.03,0.043,0.056,0.069,0.082,0.095,0.108,0.121,0.134,0.147,0.16,0.173,0.186,0.199,0.212,0.225,0.238,0.251,0.264,0.277,0.29,0.303,0.316,0.329,0.342,0.355,0.368,0.381,0.394,0.407,0.42,0.433,0.446,0.459,0.472,0.485,0.498,0.511,0.524,0.537,0.55,0.563,0.576,0.589,0.602,0.615,0.628,0.641,0.654,0.667,0.68,0.693,0.706,0.719,0.732,0.745,0.758,0.771,0.784,0.797,0.81,0.823,0.836,0.849,0.862,0.875,0.888,0.901,0.914,0.927,0.94,0.953,0.966,0.979,0.992,1.005,1.018,1.031,1.044,1.057,1.07,1.083,1.096,1.109,1.122,1.135,1.148,1.161,1.174,1.187],"unit":"V"},"I":{"value":[0.002066,0.002068,0.002068,0.002065,0.002064,0.002063,0.002061,0.00206,0.002062,0.00206,0.002059,0.002059,0.002061,0.002055,0.00206,0.002056,0.002058,0.002057,0.002056,0.002057,0.00206,0.002056,0.002055,0.002057,0.002055,0.002056,0.002059,0.002056,0.002055,0.002056,0.002054,0.002058,0.002055,0.002051,0.002055,0.002056,0.002054,0.002054,0.002055,0.002051,0.002054,0.002053,0.002053,0.002053,0.002049,0.002053,0.002049,0.002051,0.002053,0.002053,0.002051,0.002051,0.002049,0.002047,0.002052,0.002047,0.002048,0.002049,0.002049,0.002051,0.002051,0.002047,0.002051,0.002052,0.002053,0.00205,0.00205,0.002047,0.002046,0.002049,0.002044,0.002042,0.002039,0.002036,0.002034,0.002033,0.002029,0.002024,0.002013,0.002002,0.001984,0.001962,0.001932,0.001891,0.001832,0.001761,0.001661,0.001538,0.001378,0.001182,0.000967,0.000686,0.000361,7.2e-5,-0.000314,-0.000788,-0.001239,-0.001804,-0.002397,-0.003019],"unit":"A"},"J":{"value":[0.00020660000000000003,0.0002068,0.0002068,0.0002065,0.0002064,0.00020630000000000003,0.0002061,0.00020600000000000002,0.00020620000000000002,0.00020600000000000002,0.00020590000000000002,0.00020590000000000002,0.0002061,0.0002055,0.00020600000000000002,0.0002056,0.00020580000000000002,0.00020569999999999999,0.0002056,0.00020569999999999999,0.00020600000000000002,0.0002056,0.0002055,0.00020569999999999999,0.0002055,0.0002056,0.00020590000000000002,0.0002056,0.0002055,0.0002056,0.0002054,0.00020580000000000002,0.0002055,0.0002051,0.0002055,0.0002056,0.0002054,0.0002054,0.0002055,0.0002051,0.0002054,0.00020530000000000003,0.00020530000000000003,0.00020530000000000003,0.00020490000000000002,0.00020530000000000003,0.00020490000000000002,0.0002051,0.00020530000000000003,0.00020530000000000003,0.0002051,0.0002051,0.00020490000000000002,0.00020470000000000004,0.0002052,0.00020470000000000004,0.0002048,0.00020490000000000002,0.00020490000000000002,0.0002051,0.0002051,0.00020470000000000004,0.0002051,0.0002052,0.00020530000000000003,0.00020500000000000002,0.00020500000000000002,0.00020470000000000004,0.0002046,0.00020490000000000002,0.00020439999999999998,0.0002042,0.00020390000000000002,0.00020360000000000002,0.00020339999999999998,0.0002033,0.0002029,0.00020240000000000004,0.00020130000000000001,0.0002002,0.00019840000000000002,0.00019620000000000003,0.0001932,0.00018910000000000002,0.0001832,0.0001761,0.0001661,0.00015380000000000003,0.00013780000000000002,0.00011820000000000001,9.67e-5,6.86e-5,3.61e-5,7.2000000000000005e-6,-3.14e-5,-7.88e-5,-0.0001239,-0.00018040000000000002,-0.0002397,-0.0003019],"unit":"A\/cm2"},"voc":{"unit":"V","value":1.11307},"isc":{"unit":"A","value":2.062275},"jsc":{"unit":"mA\/cm2","value":20.622748},"fill_factor":{"unit":"%","value":81.474639},"vmax":{"unit":"V","value":0.953},"efficiency":{"unit":"%","value":18.702145},"monitor_cell_reading":{"unit":"mV","value":0},"monitor_cell_calibration_value":{"unit":"mV","value":0},"test_device_area":{"unit":"cm2","value":0.1},"num_of_series_connected_stacks":{"unit":"","value":1},"sweep_direction":{"unit":"","value":"Forward"},"device_id":{"unit":"","value":"3(LiF)-1-1-F"},"cell_dimension":{"unit":"cm2","value":0.1},"key":"Forward_IV 3(LiF)-1-1"},{"V":{"value":[-0.1,-0.087,-0.074,-0.061,-0.048,-0.035,-0.022,-0.009,0.004,0.017,0.03,0.043,0.056,0.069,0.082,0.095,0.108,0.121,0.134,0.147,0.16,0.173,0.186,0.199,0.212,0.225,0.238,0.251,0.264,0.277,0.29,0.303,0.316,0.329,0.342,0.355,0.368,0.381,0.394,0.407,0.42,0.433,0.446,0.459,0.472,0.485,0.498,0.511,0.524,0.537,0.55,0.563,0.576,0.589,0.602,0.615,0.628,0.641,0.654,0.667,0.68,0.693,0.706,0.719,0.732,0.745,0.758,0.771,0.784,0.797,0.81,0.823,0.836,0.849,0.862,0.875,0.888,0.901,0.914,0.927,0.94,0.953,0.966,0.979,0.992,1.005,1.018,1.031,1.044,1.057,1.07,1.083,1.096,1.109,1.122,1.135,1.148,1.161,1.174,1.187],"unit":"V"},"I":{"value":[0.002066,0.002059,0.002062,0.002058,0.002061,0.002059,0.002054,0.002055,0.002057,0.002052,0.002057,0.002051,0.002055,0.002052,0.00205,0.002053,0.002052,0.00205,0.002053,0.00205,0.002051,0.002053,0.002051,0.002053,0.002051,0.002052,0.00205,0.002051,0.002053,0.002048,0.002051,0.002051,0.002051,0.002049,0.002049,0.002051,0.00205,0.00205,0.00205,0.002047,0.002049,0.002051,0.002053,0.002052,0.002053,0.002052,0.002052,0.002052,0.00205,0.002048,0.002046,0.002047,0.002045,0.002046,0.002044,0.002046,0.002043,0.002044,0.002044,0.002047,0.002044,0.002043,0.002043,0.002041,0.002042,0.002042,0.002044,0.00204,0.002042,0.002037,0.002037,0.002037,0.002039,0.002035,0.002035,0.00203,0.002021,0.002012,0.002003,0.001988,0.001969,0.001947,0.001913,0.001863,0.001798,0.00172,0.001618,0.001484,0.001316,0.001114,0.000893,0.000602,0.000262,-0.000126,-0.000568,-0.00105,-0.00153,-0.002137,-0.002784,-0.00347],"unit":"A"},"J":{"value":[0.00020660000000000003,0.00020590000000000002,0.00020620000000000002,0.00020580000000000002,0.0002061,0.00020590000000000002,0.0002054,0.0002055,0.00020569999999999999,0.0002052,0.00020569999999999999,0.0002051,0.0002055,0.0002052,0.00020500000000000002,0.00020530000000000003,0.0002052,0.00020500000000000002,0.00020530000000000003,0.00020500000000000002,0.0002051,0.00020530000000000003,0.0002051,0.00020530000000000003,0.0002051,0.0002052,0.00020500000000000002,0.0002051,0.00020530000000000003,0.0002048,0.0002051,0.0002051,0.0002051,0.00020490000000000002,0.00020490000000000002,0.0002051,0.00020500000000000002,0.00020500000000000002,0.00020500000000000002,0.00020470000000000004,0.00020490000000000002,0.0002051,0.00020530000000000003,0.0002052,0.00020530000000000003,0.0002052,0.0002052,0.0002052,0.00020500000000000002,0.0002048,0.0002046,0.00020470000000000004,0.0002045,0.0002046,0.00020439999999999998,0.0002046,0.00020430000000000003,0.00020439999999999998,0.00020439999999999998,0.00020470000000000004,0.00020439999999999998,0.00020430000000000003,0.00020430000000000003,0.0002041,0.0002042,0.0002042,0.00020439999999999998,0.00020400000000000003,0.0002042,0.00020370000000000002,0.00020370000000000002,0.00020370000000000002,0.00020390000000000002,0.0002035,0.0002035,0.00020300000000000003,0.00020209999999999998,0.0002012,0.00020030000000000002,0.00019880000000000003,0.0001969,0.00019470000000000002,0.00019130000000000001,0.00018630000000000003,0.0001798,0.000172,0.00016180000000000003,0.00014840000000000003,0.0001316,0.0001114,8.93e-5,6.02e-5,2.6200000000000003e-5,-1.2600000000000001e-5,-5.6800000000000005e-5,-0.000105,-0.000153,-0.00021370000000000002,-0.0002784,-0.00034700000000000003],"unit":"A\/cm2"},"voc":{"unit":"V","value":1.10664},"isc":{"unit":"A","value":2.057081},"jsc":{"unit":"mA\/cm2","value":20.570813},"fill_factor":{"unit":"%","value":81.512728},"vmax":{"unit":"V","value":0.953},"efficiency":{"unit":"%","value":18.55595},"monitor_cell_reading":{"unit":"mV","value":0},"monitor_cell_calibration_value":{"unit":"mV","value":0},"test_device_area":{"unit":"cm2","value":0.1},"num_of_series_connected_stacks":{"unit":"","value":1},"sweep_direction":{"unit":"","value":"Forward"},"device_id":{"unit":"","value":"11(LiF)-1-4-F"},"cell_dimension":{"unit":"cm2","value":0.1},"key":"Forward_IV 11(LiF)-1-4"},{"V":{"value":[-0.1,-0.087,-0.074,-0.061,-0.048,-0.035,-0.022,-0.009,0.004,0.017,0.03,0.043,0.056,0.069,0.082,0.095,0.108,0.121,0.134,0.147,0.16,0.173,0.186,0.199,0.212,0.225,0.238,0.251,0.264,0.277,0.29,0.303,0.316,0.329,0.342,0.355,0.368,0.381,0.394,0.407,0.42,0.433,0.446,0.459,0.472,0.485,0.498,0.511,0.524,0.537,0.55,0.563,0.576,0.589,0.602,0.615,0.628,0.641,0.654,0.667,0.68,0.693,0.706,0.719,0.732,0.745,0.758,0.771,0.784,0.797,0.81,0.823,0.836,0.849,0.862,0.875,0.888,0.901,0.914,0.927,0.94,0.953,0.966,0.979,0.992,1.005,1.018,1.031,1.044,1.057,1.07,1.083,1.096,1.109,1.122,1.135,1.148,1.161,1.174,1.187],"unit":"V"},"I":{"value":[0.002027,0.002027,0.002026,0.002025,0.002024,0.002028,0.002025,0.002024,0.002024,0.002023,0.002023,0.00202,0.002023,0.002021,0.002025,0.002022,0.002023,0.002022,0.00202,0.002023,0.002021,0.00202,0.002017,0.00202,0.002019,0.002018,0.002017,0.002017,0.00202,0.002019,0.00202,0.002018,0.002015,0.002018,0.002016,0.002019,0.002017,0.002013,0.002017,0.002017,0.002017,0.002016,0.002015,0.002018,0.00202,0.002017,0.002017,0.002013,0.002016,0.002015,0.002014,0.002012,0.002015,0.002013,0.002012,0.002011,0.002012,0.00201,0.002012,0.002014,0.002011,0.002011,0.00201,0.002014,0.002011,0.002011,0.002009,0.002008,0.002005,0.002004,0.002002,0.001999,0.001994,0.001983,0.001979,0.001966,0.001951,0.001934,0.001908,0.00187,0.001826,0.001766,0.001693,0.001603,0.001495,0.001368,0.001221,0.001058,0.000888,0.000682,0.000457,0.000217,-1.8e-5,-0.000269,-0.000578,-0.000899,-0.001188,-0.001545,-0.001904,-0.002273],"unit":"A"},"J":{"value":[0.00020270000000000002,0.00020270000000000002,0.00020260000000000002,0.0002025,0.00020240000000000004,0.0002028,0.0002025,0.00020240000000000004,0.00020240000000000004,0.0002023,0.0002023,0.00020200000000000003,0.0002023,0.00020209999999999998,0.0002025,0.0002022,0.0002023,0.0002022,0.00020200000000000003,0.0002023,0.00020209999999999998,0.00020200000000000003,0.00020170000000000002,0.00020200000000000003,0.0002019,0.0002018,0.00020170000000000002,0.00020170000000000002,0.00020200000000000003,0.0002019,0.00020200000000000003,0.0002018,0.0002015,0.0002018,0.00020160000000000002,0.0002019,0.00020170000000000002,0.00020130000000000001,0.00020170000000000002,0.00020170000000000002,0.00020170000000000002,0.00020160000000000002,0.0002015,0.0002018,0.00020200000000000003,0.00020170000000000002,0.00020170000000000002,0.00020130000000000001,0.00020160000000000002,0.0002015,0.00020140000000000002,0.0002012,0.0002015,0.00020130000000000001,0.0002012,0.00020110000000000004,0.0002012,0.000201,0.0002012,0.00020140000000000002,0.00020110000000000004,0.00020110000000000004,0.000201,0.00020140000000000002,0.00020110000000000004,0.00020110000000000004,0.0002009,0.0002008,0.0002005,0.00020040000000000002,0.0002002,0.0001999,0.00019940000000000002,0.0001983,0.00019789999999999999,0.0001966,0.00019510000000000003,0.0001934,0.0001908,0.000187,0.0001826,0.0001766,0.00016930000000000002,0.00016030000000000002,0.0001495,0.00013680000000000002,0.0001221,0.0001058,8.88e-5,6.82e-5,4.57e-5,2.17e-5,-1.8000000000000001e-6,-2.69e-5,-5.7799999999999995e-5,-8.99e-5,-0.00011880000000000001,-0.00015450000000000001,-0.00019040000000000002,-0.0002273],"unit":"A\/cm2"},"voc":{"unit":"V","value":1.097955},"isc":{"unit":"A","value":2.023549},"jsc":{"unit":"mA\/cm2","value":20.235486},"fill_factor":{"unit":"%","value":78.510171},"vmax":{"unit":"V","value":0.914},"efficiency":{"unit":"%","value":17.443114},"monitor_cell_reading":{"unit":"mV","value":0},"monitor_cell_calibration_value":{"unit":"mV","value":0},"test_device_area":{"unit":"cm2","value":0.1},"num_of_series_connected_stacks":{"unit":"","value":1},"sweep_direction":{"unit":"","value":"Forward"},"device_id":{"unit":"","value":"11(LiF)-1-3-F"},"cell_dimension":{"unit":"cm2","value":0.1},"key":"Forward_IV 11(LiF)-1-3"},{"V":{"value":[-0.1,-0.087,-0.074,-0.061,-0.048,-0.035,-0.022,-0.009,0.004,0.017,0.03,0.043,0.056,0.069,0.082,0.095,0.108,0.121,0.134,0.147,0.16,0.173,0.186,0.199,0.212,0.225,0.238,0.251,0.264,0.277,0.29,0.303,0.316,0.329,0.342,0.355,0.368,0.381,0.394,0.407,0.42,0.433,0.446,0.459,0.472,0.485,0.498,0.511,0.524,0.537,0.55,0.563,0.576,0.589,0.602,0.615,0.628,0.641,0.654,0.667,0.68,0.693,0.706,0.719,0.732,0.745,0.758,0.771,0.784,0.797,0.81,0.823,0.836,0.849,0.862,0.875,0.888,0.901,0.914,0.927,0.94,0.953,0.966,0.979,0.992,1.005,1.018,1.031,1.044,1.057,1.07,1.083,1.096,1.109,1.122,1.135,1.148,1.161,1.174,1.187],"unit":"V"},"I":{"value":[0.002032,0.00203,0.002028,0.002028,0.002027,0.002026,0.002027,0.002025,0.002027,0.002026,0.002024,0.002022,0.002025,0.002023,0.002021,0.002022,0.002024,0.002024,0.002026,0.002024,0.002026,0.002024,0.002024,0.002025,0.002023,0.002024,0.002022,0.002023,0.002026,0.002027,0.002023,0.002021,0.002024,0.002023,0.002019,0.00202,0.002021,0.002024,0.002021,0.002021,0.002021,0.002019,0.002018,0.002018,0.002017,0.002015,0.002017,0.002017,0.002018,0.002018,0.002017,0.002017,0.002015,0.002016,0.002014,0.002016,0.002016,0.002014,0.002014,0.002014,0.002013,0.00201,0.002009,0.002008,0.002011,0.002009,0.002006,0.002006,0.002003,0.002006,0.001998,0.001995,0.001987,0.001977,0.001966,0.001953,0.001931,0.001907,0.001876,0.001835,0.001779,0.001693,0.00161,0.001507,0.001381,0.001248,0.001079,0.000905,0.000687,0.000425,0.000163,-0.000133,-0.000439,-0.000778,-3.0e-6,-3.0e-6,-4.0e-6,-4.0e-6,-5.0e-6,-6.0e-6],"unit":"A"},"J":{"value":[0.0002032,0.00020300000000000003,0.0002028,0.0002028,0.00020270000000000002,0.00020260000000000002,0.00020270000000000002,0.0002025,0.00020270000000000002,0.00020260000000000002,0.00020240000000000004,0.0002022,0.0002025,0.0002023,0.00020209999999999998,0.0002022,0.00020240000000000004,0.00020240000000000004,0.00020260000000000002,0.00020240000000000004,0.00020260000000000002,0.00020240000000000004,0.00020240000000000004,0.0002025,0.0002023,0.00020240000000000004,0.0002022,0.0002023,0.00020260000000000002,0.00020270000000000002,0.0002023,0.00020209999999999998,0.00020240000000000004,0.0002023,0.0002019,0.00020200000000000003,0.00020209999999999998,0.00020240000000000004,0.00020209999999999998,0.00020209999999999998,0.00020209999999999998,0.0002019,0.0002018,0.0002018,0.00020170000000000002,0.0002015,0.00020170000000000002,0.00020170000000000002,0.0002018,0.0002018,0.00020170000000000002,0.00020170000000000002,0.0002015,0.00020160000000000002,0.00020140000000000002,0.00020160000000000002,0.00020160000000000002,0.00020140000000000002,0.00020140000000000002,0.00020140000000000002,0.00020130000000000001,0.000201,0.0002009,0.0002008,0.00020110000000000004,0.0002009,0.0002006,0.0002006,0.00020030000000000002,0.0002006,0.00019980000000000003,0.0001995,0.0001987,0.0001977,0.0001966,0.00019530000000000003,0.0001931,0.00019070000000000003,0.0001876,0.00018350000000000002,0.00017790000000000001,0.00016930000000000002,0.000161,0.00015070000000000003,0.00013810000000000002,0.0001248,0.00010790000000000002,9.05e-5,6.87e-5,4.25e-5,1.63e-5,-1.3300000000000001e-5,-4.39e-5,-7.780000000000001e-5,-3.0000000000000004e-7,-3.0000000000000004e-7,-4.0e-7,-4.0e-7,-5.000000000000001e-7,-6.000000000000001e-7],"unit":"A\/cm2"},"voc":{"unit":"V","value":1.053931},"isc":{"unit":"A","value":2.027177},"jsc":{"unit":"mA\/cm2","value":20.27177},"fill_factor":{"unit":"%","value":80.425109},"vmax":{"unit":"V","value":0.901},"efficiency":{"unit":"%","value":17.182865},"monitor_cell_reading":{"unit":"mV","value":0},"monitor_cell_calibration_value":{"unit":"mV","value":0},"test_device_area":{"unit":"cm2","value":0.1},"num_of_series_connected_stacks":{"unit":"","value":1},"sweep_direction":{"unit":"","value":"Forward"},"device_id":{"unit":"","value":"11(LiF)-1-2-F"},"cell_dimension":{"unit":"cm2","value":0.1},"key":"Forward_IV 11(LiF)-1-2"}]}}