{"_id":"669481e6ba9f21164b2dbf22","id":"SKKU-SC-00369","author":94,"group":11,"input":[{"tco":{"unit":"","value":"ITO"}},{"surface_treatment":{"unit":"","value":"O-Plasma"}},{"htl":[{"material":{"unit":"","value":"2PACz"},"concentration":{"unit":"","value":"0.3"},"conc_unit":{"unit":"","value":"mg\/ml"},"quantity":{"unit":"ml","value":"0.2"}}],"spin_coating":[{"type":{"unit":"","value":"Static (loading)"},"rpm":{"unit":"","value":"3000"},"time":{"unit":"s","value":"30"}}],"annealing":[{"temperature":{"unit":"oC","value":"100"},"time":{"unit":"m","value":"10"}}],"condition":{"unit":"","value":"glove-box(N2)"}},{"condition":{"unit":"","value":"glove-box(N2)"},"perovskite":{"method":{"unit":"","value":"1step"},"molarity":{"unit":"M","value":"1.3M"},"a_site":[{"material":{"unit":"","value":"FA"},"ratio":{"unit":"%","value":"91"}},{"material":{"unit":"","value":"Cs"},"ratio":{"unit":"%","value":"9"}}],"b_site":[{"material":{"unit":"","value":"Pb"},"ratio":{"unit":"%","value":"100"}}],"x_site":[{"material":{"unit":"","value":"I"},"ratio":{"unit":"%","value":"76.666666666666666666666666666667"}},{"material":{"unit":"","value":"Br"},"ratio":{"unit":"%","value":"23.333333333333333333333333333333"}}],"solvent":[{"material":{"unit":"","value":"DMF"},"volume":{"unit":"ml","value":"4"}},{"material":{"unit":"","value":"DMSO"},"volume":{"unit":"ml","value":"1"}}],"antisolvent":[{"material":{"unit":"","value":"CB"},"quantity":{"unit":"ul","value":"300"},"dripping_time":{"unit":"s","value":"5"}}],"annealing":[{"temperature":{"unit":"oC","value":"100"},"time":{"unit":"m","value":"10"}}],"spin_coating":[{"type":{"unit":"","value":"Static (loading)"},"rpm":{"unit":"","value":"1000"},"time":{"unit":"s","value":"10"}},{"type":{"unit":"","value":"Static (loading)"},"rpm":{"unit":"","value":"5000"},"time":{"unit":"s","value":"30"}}],"atmosphere":[{"type":{"unit":"","value":"glove-box(N2)"},"temperature":{"unit":"oC","value":"23"},"humidity":{"unit":"RH%","value":"0"}}]}},{"perovskite_treatment":[{"material":{"unit":"","value":"OABr"},"concentration":{"unit":"","value":"1"},"conc_unit":{"unit":"","value":"mg\/ml"},"quantity":{"unit":"ml","value":"35"}}],"spin_coating":[{"type":{"unit":"","value":"Dynamic"},"rpm":{"unit":"","value":"5000"},"time":{"unit":"s","value":"34"}}],"annealing":[{"temperature":{"unit":"oC","value":"100"},"time":{"unit":"m","value":"5"}}]},{"etl":[{"material":{"unit":"","value":"C60"},"concentration":{"unit":"","value":"None"},"conc_unit":{"unit":"","value":"None"},"quantity":{"unit":"ml","value":"None"}}],"thermal_evaporation":[{"vacuum_evaporation_thickness":{"unit":"nm","value":"25"},"evaporation_rate":{"unit":"\u00c5\/s","value":"0.2"},"vacuum_pressure":{"unit":"uTorr","value":"2"}}]},{"blocking_buffer_layer":[{"material":{"unit":"","value":"BCP"},"concentration":{"unit":"","value":""},"conc_unit":{"unit":"","value":"mg\/ml"},"quantity":{"unit":"ml","value":"None"}}],"thermal_evaporation":[{"vacuum_evaporation_thickness":{"unit":"nm","value":"8"},"evaporation_rate":{"unit":"\u00c5\/s","value":"0.2"},"vacuum_pressure":{"unit":"uTorr","value":"2"}}]},{"anode_metal":{"unit":"","value":"Ag"}},{"type":{"unit":"","value":"unit_cell"},"temperature":{"unit":"\u2103","value":"20"},"device_type":{"unit":"","value":"p-i-n"},"humidity":{"unit":"%","value":"20"},"cell_dimension":{"unit":"cm2","value":"0.09"}},{"note":{"unit":"","value":"OABr passivation solution dripping amount optimizing"}}],"fileinfo":[{"key":"Reverse_IV OABr35-3-4","uploadType":"JV","original_name":"IV OABr35-3-4-R.txt","save_name":"SKKU-SC-00369\/Reverse_IV OABr35-3-4","uploader":94,"fileType":""},{"key":"Forward_IV OABr35-1-4","uploadType":"JV","original_name":"IV OABr35-1-4-F.txt","save_name":"SKKU-SC-00369\/Forward_IV OABr35-1-4","uploader":94,"fileType":""},{"key":"Reverse_IV OABr35-1-4","uploadType":"JV","original_name":"IV OABr35-1-4-R.txt","save_name":"SKKU-SC-00369\/Reverse_IV OABr35-1-4","uploader":94,"fileType":""},{"key":"Forward_IV OABr35-2-2","uploadType":"JV","original_name":"IV OABr35-2-2-F.txt","save_name":"SKKU-SC-00369\/Forward_IV OABr35-2-2","uploader":94,"fileType":""},{"key":"Forward_IV OABr35-2-3","uploadType":"JV","original_name":"IV OABr35-2-3-F.txt","save_name":"SKKU-SC-00369\/Forward_IV OABr35-2-3","uploader":94,"fileType":""},{"key":"Forward_IV OABr35-2-4","uploadType":"JV","original_name":"IV OABr35-2-4-F.txt","save_name":"SKKU-SC-00369\/Forward_IV OABr35-2-4","uploader":94,"fileType":""},{"key":"Forward_IV OABr35-3-1","uploadType":"JV","original_name":"IV OABr35-3-1-F.txt","save_name":"SKKU-SC-00369\/Forward_IV OABr35-3-1","uploader":94,"fileType":""},{"key":"Reverse_IV OABr35-3-1","uploadType":"JV","original_name":"IV OABr35-3-1-R.txt","save_name":"SKKU-SC-00369\/Reverse_IV OABr35-3-1","uploader":94,"fileType":""},{"key":"Forward_IV OABr35-3-2","uploadType":"JV","original_name":"IV OABr35-3-2-F.txt","save_name":"SKKU-SC-00369\/Forward_IV OABr35-3-2","uploader":94,"fileType":""},{"key":"Reverse_IV OABr35-3-2","uploadType":"JV","original_name":"IV OABr35-3-2-R.txt","save_name":"SKKU-SC-00369\/Reverse_IV OABr35-3-2","uploader":94,"fileType":""},{"key":"Reverse_IV OABr35-3-3","uploadType":"JV","original_name":"IV OABr35-3-3-R.txt","save_name":"SKKU-SC-00369\/Reverse_IV OABr35-3-3","uploader":94,"fileType":""},{"key":"Forward_IV OABr35-3-4","uploadType":"JV","original_name":"IV OABr35-3-4-F.txt","save_name":"SKKU-SC-00369\/Forward_IV OABr35-3-4","uploader":94,"fileType":""}],"jvcnt":12,"analysisInfo":{"JV":[{"efficiency":16.395651,"fill_factor":75.940903,"jsc":18.838157,"voc":1.146079,"key":"Reverse_IV OABr35-3-4","cell_dimension":0.09},{"efficiency":17.271913,"fill_factor":78.719084,"jsc":19.057206,"voc":1.151334,"key":"Reverse_IV OABr35-3-3","cell_dimension":0.09},{"efficiency":16.580305,"fill_factor":76.295795,"jsc":18.956687,"voc":1.146382,"key":"Reverse_IV OABr35-3-2","cell_dimension":0.09},{"efficiency":18.154372,"fill_factor":80.811776,"jsc":19.425776,"voc":1.156454,"key":"Reverse_IV OABr35-3-1","cell_dimension":0.09},{"efficiency":17.390052,"fill_factor":79.445926,"jsc":19.097906,"voc":1.146155,"key":"Reverse_IV OABr35-1-4","cell_dimension":0.09},{"efficiency":17.351115,"fill_factor":79.41074,"jsc":18.822363,"voc":1.160844,"key":"Forward_IV OABr35-3-4","cell_dimension":0.09},{"efficiency":17.740843,"fill_factor":80.805175,"jsc":18.959389,"voc":1.158006,"key":"Forward_IV OABr35-3-2","cell_dimension":0.09},{"efficiency":17.670165,"fill_factor":77.995125,"jsc":19.472385,"voc":1.163467,"key":"Forward_IV OABr35-3-1","cell_dimension":0.09},{"efficiency":16.310828,"fill_factor":74.923924,"jsc":18.980094,"voc":1.146983,"key":"Forward_IV OABr35-2-4","cell_dimension":0.09},{"efficiency":14.859175,"fill_factor":72.09512,"jsc":18.051505,"voc":1.141762,"key":"Forward_IV OABr35-2-3","cell_dimension":0.09},{"efficiency":14.432636,"fill_factor":68.636097,"jsc":18.707346,"voc":1.124038,"key":"Forward_IV OABr35-2-2","cell_dimension":0.09},{"efficiency":17.706971,"fill_factor":80.590422,"jsc":19.094726,"voc":1.150661,"key":"Forward_IV OABr35-1-4","cell_dimension":0.09}]},"tags":[],"updated_at":"2024-10-24 09:04:04","created_at":"2024-07-15 01:56:54","public":2,"analysis":{"JV":[{"V":{"value":[1.2,1.187,1.174,1.161,1.148,1.135,1.122,1.109,1.096,1.083,1.07,1.057,1.044,1.031,1.018,1.005,0.992,0.979,0.966,0.953,0.94,0.927,0.914,0.901,0.888,0.875,0.862,0.849,0.836,0.823,0.81,0.797,0.784,0.771,0.758,0.745,0.732,0.719,0.706,0.693,0.68,0.667,0.654,0.641,0.628,0.615,0.602,0.589,0.576,0.563,0.55,0.537,0.524,0.511,0.498,0.485,0.472,0.459,0.446,0.433,0.42,0.407,0.394,0.381,0.368,0.355,0.342,0.329,0.316,0.303,0.29,0.277,0.264,0.251,0.238,0.225,0.212,0.199,0.186,0.173,0.16,0.147,0.134,0.121,0.108,0.095,0.082,0.069,0.056,0.043,0.03,0.017,0.004,-0.009,-0.022,-0.035,-0.048,-0.061,-0.074,-0.087],"unit":"V"},"I":{"value":[-0.001475,-0.001081,-0.000717,-0.000383,-7.9e-5,0.000185,0.000417,0.000627,0.000808,0.000968,0.001086,0.001191,0.001277,0.001344,0.001397,0.00144,0.001474,0.001502,0.001528,0.001548,0.001565,0.001577,0.001589,0.001602,0.001611,0.001619,0.001624,0.001629,0.001636,0.001639,0.001644,0.001647,0.001651,0.001653,0.001656,0.001658,0.001661,0.001662,0.001664,0.001664,0.001667,0.001669,0.001671,0.001671,0.001673,0.001675,0.001674,0.001675,0.001676,0.001675,0.001675,0.001678,0.001677,0.001679,0.001681,0.001679,0.00168,0.00168,0.001681,0.00168,0.001681,0.001682,0.00168,0.001682,0.001681,0.001683,0.001682,0.001683,0.001685,0.001685,0.001686,0.001687,0.001686,0.001688,0.001688,0.00169,0.001689,0.001689,0.00169,0.00169,0.001691,0.001692,0.001691,0.001692,0.001691,0.001693,0.001693,0.001693,0.001693,0.001694,0.001695,0.001695,0.001695,0.001695,0.001693,0.001694,0.001695,0.001694,0.001695,0.001697],"unit":"A"},"J":{"value":[-0.00013275,-9.728999999999998e-5,-6.453e-5,-3.447e-5,-7.11e-6,1.6649999999999998e-5,3.753e-5,5.642999999999999e-5,7.272e-5,8.711999999999999e-5,9.774e-5,0.00010719,0.00011492999999999999,0.00012096,0.00012573,0.0001296,0.00013266,0.00013518,0.00013752,0.00013932,0.00014084999999999998,0.00014193,0.00014300999999999997,0.00014418,0.00014499,0.00014570999999999999,0.00014616,0.00014661,0.00014724,0.00014751,0.00014796,0.00014823,0.00014858999999999999,0.00014877,0.00014904,0.00014921999999999998,0.00014948999999999998,0.00014958,0.00014975999999999998,0.00014975999999999998,0.00015003,0.00015021,0.00015039,0.00015039,0.00015057,0.00015075,0.00015066,0.00015075,0.00015083999999999999,0.00015075,0.00015075,0.00015102,0.00015093,0.00015110999999999998,0.00015129,0.00015110999999999998,0.0001512,0.0001512,0.00015129,0.0001512,0.00015129,0.00015137999999999998,0.0001512,0.00015137999999999998,0.00015129,0.00015146999999999998,0.00015137999999999998,0.00015146999999999998,0.00015165,0.00015165,0.00015174,0.00015183,0.00015174,0.00015192,0.00015192,0.0001521,0.00015201,0.00015201,0.0001521,0.0001521,0.00015219,0.00015228,0.00015219,0.00015228,0.00015219,0.00015237,0.00015237,0.00015237,0.00015237,0.00015246,0.00015255,0.00015255,0.00015255,0.00015255,0.00015237,0.00015246,0.00015255,0.00015246,0.00015255,0.00015272999999999998],"unit":"A\/cm2"},"voc":{"unit":"V","value":1.146079},"isc":{"unit":"A","value":1.695434},"jsc":{"unit":"mA\/cm2","value":18.838157},"fill_factor":{"unit":"%","value":75.940903},"vmax":{"unit":"V","value":0.966},"efficiency":{"unit":"%","value":16.395651},"monitor_cell_reading":{"unit":"mV","value":0},"monitor_cell_calibration_value":{"unit":"mV","value":0},"test_device_area":{"unit":"cm2","value":0.09},"num_of_series_connected_stacks":{"unit":"","value":1},"sweep_direction":{"unit":"","value":"Reverse"},"device_id":{"unit":"","value":"OABr35-3-4-R"},"cell_dimension":{"unit":"cm2","value":0.09},"key":"Reverse_IV OABr35-3-4"},{"V":{"value":[1.2,1.187,1.174,1.161,1.148,1.135,1.122,1.109,1.096,1.083,1.07,1.057,1.044,1.031,1.018,1.005,0.992,0.979,0.966,0.953,0.94,0.927,0.914,0.901,0.888,0.875,0.862,0.849,0.836,0.823,0.81,0.797,0.784,0.771,0.758,0.745,0.732,0.719,0.706,0.693,0.68,0.667,0.654,0.641,0.628,0.615,0.602,0.589,0.576,0.563,0.55,0.537,0.524,0.511,0.498,0.485,0.472,0.459,0.446,0.433,0.42,0.407,0.394,0.381,0.368,0.355,0.342,0.329,0.316,0.303,0.29,0.277,0.264,0.251,0.238,0.225,0.212,0.199,0.186,0.173,0.16,0.147,0.134,0.121,0.108,0.095,0.082,0.069,0.056,0.043,0.03,0.017,0.004,-0.009,-0.022,-0.035,-0.048,-0.061,-0.074,-0.087],"unit":"V"},"I":{"value":[-0.001686,-0.001209,-0.00077,-0.000365,-7.0e-6,0.000308,0.000582,0.000809,0.000996,0.001141,0.001257,0.001345,0.001415,0.001469,0.001511,0.001542,0.001567,0.001586,0.001605,0.001617,0.001627,0.001637,0.001644,0.001652,0.001658,0.001664,0.00167,0.001673,0.001675,0.001681,0.001682,0.001685,0.001686,0.001688,0.001691,0.001691,0.001694,0.001694,0.001695,0.001697,0.001698,0.001699,0.0017,0.001702,0.001702,0.001704,0.001703,0.001703,0.001704,0.001704,0.001703,0.001704,0.001703,0.001704,0.001705,0.001707,0.001706,0.001706,0.001706,0.001706,0.001707,0.001707,0.001711,0.001708,0.00171,0.001709,0.001709,0.001711,0.001711,0.00171,0.001709,0.00171,0.001709,0.00171,0.001711,0.001711,0.00171,0.001712,0.001709,0.001713,0.001713,0.001713,0.001713,0.001715,0.001715,0.001715,0.001715,0.001715,0.001714,0.001714,0.001714,0.001713,0.001715,0.001714,0.001716,0.001716,0.001717,0.001718,0.001717,0.001718],"unit":"A"},"J":{"value":[-0.00015174,-0.00010881,-6.929999999999999e-5,-3.285e-5,-6.3e-7,2.772e-5,5.238e-5,7.281e-5,8.963999999999999e-5,0.00010269000000000001,0.00011313000000000001,0.00012105,0.00012735,0.00013221,0.00013599,0.00013878,0.00014103,0.00014273999999999998,0.00014445000000000001,0.00014553,0.00014643,0.00014733,0.00014796,0.00014868,0.00014921999999999998,0.00014975999999999998,0.0001503,0.00015057,0.00015075,0.00015129,0.00015137999999999998,0.00015165,0.00015174,0.00015192,0.00015219,0.00015219,0.00015246,0.00015246,0.00015255,0.00015272999999999998,0.00015282,0.00015291,0.00015299999999999998,0.00015318,0.00015318,0.00015335999999999998,0.00015327,0.00015327,0.00015335999999999998,0.00015335999999999998,0.00015327,0.00015335999999999998,0.00015327,0.00015335999999999998,0.00015345,0.00015363,0.00015354,0.00015354,0.00015354,0.00015354,0.00015363,0.00015363,0.00015399,0.00015372,0.0001539,0.00015381,0.00015381,0.00015399,0.00015399,0.0001539,0.00015381,0.0001539,0.00015381,0.0001539,0.00015399,0.00015399,0.0001539,0.00015408,0.00015381,0.00015417,0.00015417,0.00015417,0.00015417,0.00015434999999999998,0.00015434999999999998,0.00015434999999999998,0.00015434999999999998,0.00015434999999999998,0.00015426,0.00015426,0.00015426,0.00015417,0.00015434999999999998,0.00015426,0.00015444,0.00015444,0.00015453,0.00015461999999999998,0.00015453,0.00015461999999999998],"unit":"A\/cm2"},"voc":{"unit":"V","value":1.151334},"isc":{"unit":"A","value":1.715149},"jsc":{"unit":"mA\/cm2","value":19.057206},"fill_factor":{"unit":"%","value":78.719084},"vmax":{"unit":"V","value":0.992},"efficiency":{"unit":"%","value":17.271913},"monitor_cell_reading":{"unit":"mV","value":0},"monitor_cell_calibration_value":{"unit":"mV","value":0},"test_device_area":{"unit":"cm2","value":0.09},"num_of_series_connected_stacks":{"unit":"","value":1},"sweep_direction":{"unit":"","value":"Reverse"},"device_id":{"unit":"","value":"OABr35-3-3-R"},"cell_dimension":{"unit":"cm2","value":0.09},"key":"Reverse_IV OABr35-3-3"},{"V":{"value":[1.2,1.187,1.174,1.161,1.148,1.135,1.122,1.109,1.096,1.083,1.07,1.057,1.044,1.031,1.018,1.005,0.992,0.979,0.966,0.953,0.94,0.927,0.914,0.901,0.888,0.875,0.862,0.849,0.836,0.823,0.81,0.797,0.784,0.771,0.758,0.745,0.732,0.719,0.706,0.693,0.68,0.667,0.654,0.641,0.628,0.615,0.602,0.589,0.576,0.563,0.55,0.537,0.524,0.511,0.498,0.485,0.472,0.459,0.446,0.433,0.42,0.407,0.394,0.381,0.368,0.355,0.342,0.329,0.316,0.303,0.29,0.277,0.264,0.251,0.238,0.225,0.212,0.199,0.186,0.173,0.16,0.147,0.134,0.121,0.108,0.095,0.082,0.069,0.056,0.043,0.03,0.017,0.004,-0.009,-0.022,-0.035,-0.048,-0.061,-0.074,-0.087],"unit":"V"},"I":{"value":[-0.001872,-0.001408,-0.000977,-0.000568,-0.000202,0.000114,0.000384,0.000613,0.000799,0.00096,0.001098,0.00121,0.001298,0.001364,0.001419,0.001461,0.001496,0.001524,0.001545,0.001564,0.001584,0.001598,0.00161,0.00162,0.00163,0.001634,0.001642,0.001648,0.001655,0.001661,0.001665,0.001669,0.001672,0.001675,0.001676,0.001679,0.001679,0.00168,0.001682,0.001684,0.001685,0.001686,0.001686,0.001688,0.001688,0.00169,0.00169,0.001691,0.001691,0.001692,0.00169,0.001692,0.001692,0.001693,0.001695,0.001696,0.001695,0.001696,0.001698,0.001698,0.001698,0.001699,0.001699,0.001699,0.001698,0.0017,0.001701,0.001701,0.001701,0.0017,0.001702,0.001702,0.0017,0.001702,0.001702,0.001703,0.001703,0.001703,0.001704,0.001703,0.001703,0.001704,0.001704,0.001704,0.001705,0.001705,0.001704,0.001705,0.001705,0.001706,0.001706,0.001704,0.001706,0.001706,0.001706,0.001706,0.001709,0.001707,0.001707,0.001707],"unit":"A"},"J":{"value":[-0.00016847999999999999,-0.00012671999999999998,-8.793e-5,-5.112e-5,-1.818e-5,1.026e-5,3.456e-5,5.517e-5,7.191e-5,8.64e-5,9.881999999999999e-5,0.00010889999999999999,0.00011681999999999998,0.00012276,0.00012770999999999998,0.00013149,0.00013464,0.00013716,0.00013905,0.00014076,0.00014256,0.00014382,0.0001449,0.0001458,0.0001467,0.00014706,0.00014778,0.00014832,0.00014895,0.00014948999999999998,0.00014985,0.00015021,0.00015048,0.00015075,0.00015083999999999999,0.00015110999999999998,0.00015110999999999998,0.0001512,0.00015137999999999998,0.00015156,0.00015165,0.00015174,0.00015174,0.00015192,0.00015192,0.0001521,0.0001521,0.00015219,0.00015219,0.00015228,0.0001521,0.00015228,0.00015228,0.00015237,0.00015255,0.00015264,0.00015255,0.00015264,0.00015282,0.00015282,0.00015282,0.00015291,0.00015291,0.00015291,0.00015282,0.00015299999999999998,0.00015308999999999999,0.00015308999999999999,0.00015308999999999999,0.00015299999999999998,0.00015318,0.00015318,0.00015299999999999998,0.00015318,0.00015318,0.00015327,0.00015327,0.00015327,0.00015335999999999998,0.00015327,0.00015327,0.00015335999999999998,0.00015335999999999998,0.00015335999999999998,0.00015345,0.00015345,0.00015335999999999998,0.00015345,0.00015345,0.00015354,0.00015354,0.00015335999999999998,0.00015354,0.00015354,0.00015354,0.00015354,0.00015381,0.00015363,0.00015363,0.00015363],"unit":"A\/cm2"},"voc":{"unit":"V","value":1.146382},"isc":{"unit":"A","value":1.706102},"jsc":{"unit":"mA\/cm2","value":18.956687},"fill_factor":{"unit":"%","value":76.295795},"vmax":{"unit":"V","value":0.979},"efficiency":{"unit":"%","value":16.580305},"monitor_cell_reading":{"unit":"mV","value":0},"monitor_cell_calibration_value":{"unit":"mV","value":0},"test_device_area":{"unit":"cm2","value":0.09},"num_of_series_connected_stacks":{"unit":"","value":1},"sweep_direction":{"unit":"","value":"Reverse"},"device_id":{"unit":"","value":"OABr35-3-2-R"},"cell_dimension":{"unit":"cm2","value":0.09},"key":"Reverse_IV OABr35-3-2"},{"V":{"value":[1.2,1.187,1.174,1.161,1.148,1.135,1.122,1.109,1.096,1.083,1.07,1.057,1.044,1.031,1.018,1.005,0.992,0.979,0.966,0.953,0.94,0.927,0.914,0.901,0.888,0.875,0.862,0.849,0.836,0.823,0.81,0.797,0.784,0.771,0.758,0.745,0.732,0.719,0.706,0.693,0.68,0.667,0.654,0.641,0.628,0.615,0.602,0.589,0.576,0.563,0.55,0.537,0.524,0.511,0.498,0.485,0.472,0.459,0.446,0.433,0.42,0.407,0.394,0.381,0.368,0.355,0.342,0.329,0.316,0.303,0.29,0.277,0.264,0.251,0.238,0.225,0.212,0.199,0.186,0.173,0.16,0.147,0.134,0.121,0.108,0.095,0.082,0.069,0.056,0.043,0.03,0.017,0.004,-0.009,-0.022,-0.035,-0.048,-0.061,-0.074,-0.087],"unit":"V"},"I":{"value":[-0.001248,-0.000864,-0.000495,-0.000148,0.000168,0.000453,0.000702,0.000918,0.00109,0.001239,0.001354,0.001443,0.00151,0.001562,0.001596,0.001626,0.001646,0.001662,0.001675,0.001685,0.001691,0.001698,0.001704,0.001706,0.001712,0.001714,0.001717,0.00172,0.001724,0.001725,0.001728,0.001729,0.00173,0.00173,0.001731,0.001733,0.001732,0.001735,0.001736,0.001737,0.001736,0.001737,0.001737,0.001739,0.001737,0.001738,0.001738,0.001738,0.00174,0.00174,0.001739,0.001741,0.001741,0.001741,0.001741,0.001743,0.001741,0.001743,0.001742,0.001742,0.001743,0.001742,0.001742,0.001741,0.001744,0.001744,0.001744,0.001745,0.001744,0.001745,0.001746,0.001747,0.001746,0.001746,0.001745,0.001744,0.001747,0.001746,0.001744,0.001747,0.001748,0.001747,0.001748,0.001746,0.001745,0.001744,0.001747,0.001748,0.001747,0.001745,0.001745,0.001746,0.001748,0.001748,0.001748,0.001749,0.00175,0.00175,0.001749,0.001749],"unit":"A"},"J":{"value":[-0.00011232,-7.776e-5,-4.455e-5,-1.332e-5,1.512e-5,4.077e-5,6.318e-5,8.261999999999999e-5,9.81e-5,0.00011151000000000001,0.00012185999999999999,0.00012987,0.0001359,0.00014057999999999999,0.00014364,0.00014634,0.00014813999999999997,0.00014958,0.00015075,0.00015165,0.00015219,0.00015282,0.00015335999999999998,0.00015354,0.00015408,0.00015426,0.00015453,0.0001548,0.00015516,0.00015524999999999998,0.00015552,0.00015561,0.0001557,0.0001557,0.00015579,0.00015596999999999999,0.00015588,0.00015615,0.00015623999999999998,0.00015633,0.00015623999999999998,0.00015633,0.00015633,0.00015651,0.00015633,0.00015642,0.00015642,0.00015642,0.00015659999999999998,0.00015659999999999998,0.00015651,0.00015669,0.00015669,0.00015669,0.00015669,0.00015686999999999998,0.00015669,0.00015686999999999998,0.00015678,0.00015678,0.00015686999999999998,0.00015678,0.00015678,0.00015669,0.00015696000000000002,0.00015696000000000002,0.00015696000000000002,0.00015705,0.00015696000000000002,0.00015705,0.00015713999999999998,0.00015723,0.00015713999999999998,0.00015713999999999998,0.00015705,0.00015696000000000002,0.00015723,0.00015713999999999998,0.00015696000000000002,0.00015723,0.00015732,0.00015723,0.00015732,0.00015713999999999998,0.00015705,0.00015696000000000002,0.00015723,0.00015732,0.00015723,0.00015705,0.00015705,0.00015713999999999998,0.00015732,0.00015732,0.00015732,0.00015741,0.0001575,0.0001575,0.00015741,0.00015741],"unit":"A\/cm2"},"voc":{"unit":"V","value":1.156454},"isc":{"unit":"A","value":1.74832},"jsc":{"unit":"mA\/cm2","value":19.425776},"fill_factor":{"unit":"%","value":80.811776},"vmax":{"unit":"V","value":1.005},"efficiency":{"unit":"%","value":18.154372},"monitor_cell_reading":{"unit":"mV","value":0},"monitor_cell_calibration_value":{"unit":"mV","value":0},"test_device_area":{"unit":"cm2","value":0.09},"num_of_series_connected_stacks":{"unit":"","value":1},"sweep_direction":{"unit":"","value":"Reverse"},"device_id":{"unit":"","value":"OABr35-3-1-R"},"cell_dimension":{"unit":"cm2","value":0.09},"key":"Reverse_IV OABr35-3-1"},{"V":{"value":[1.2,1.187,1.174,1.161,1.148,1.135,1.122,1.109,1.096,1.083,1.07,1.057,1.044,1.031,1.018,1.005,0.992,0.979,0.966,0.953,0.94,0.927,0.914,0.901,0.888,0.875,0.862,0.849,0.836,0.823,0.81,0.797,0.784,0.771,0.758,0.745,0.732,0.719,0.706,0.693,0.68,0.667,0.654,0.641,0.628,0.615,0.602,0.589,0.576,0.563,0.55,0.537,0.524,0.511,0.498,0.485,0.472,0.459,0.446,0.433,0.42,0.407,0.394,0.381,0.368,0.355,0.342,0.329,0.316,0.303,0.29,0.277,0.264,0.251,0.238,0.225,0.212,0.199,0.186,0.173,0.16,0.147,0.134,0.121,0.108,0.095,0.082,0.069,0.056,0.043,0.03,0.017,0.004,-0.009,-0.022,-0.035,-0.048,-0.061,-0.074,-0.087],"unit":"V"},"I":{"value":[-0.001422,-0.001047,-0.000701,-0.000371,-7.1e-5,0.0002,0.000451,0.000675,0.000868,0.001031,0.001158,0.001273,0.001364,0.00144,0.001498,0.001543,0.001575,0.001599,0.001618,0.001632,0.001644,0.001651,0.00166,0.001666,0.001672,0.001675,0.001679,0.001682,0.001684,0.001686,0.001687,0.001691,0.001693,0.001695,0.001696,0.001698,0.001699,0.001699,0.0017,0.001702,0.001703,0.001704,0.001702,0.001704,0.001705,0.001706,0.001707,0.001707,0.001707,0.00171,0.00171,0.001709,0.001708,0.00171,0.001707,0.001709,0.001711,0.00171,0.001711,0.001711,0.001711,0.001711,0.001711,0.001712,0.001712,0.001712,0.001712,0.001714,0.001712,0.001711,0.001712,0.001712,0.001712,0.001712,0.001713,0.001714,0.001714,0.001716,0.001716,0.001717,0.001715,0.001717,0.001717,0.001717,0.001716,0.001717,0.001717,0.001715,0.001717,0.001718,0.001719,0.001718,0.001719,0.001718,0.001718,0.00172,0.00172,0.001718,0.00172,0.00172],"unit":"A"},"J":{"value":[-0.00012798,-9.423e-5,-6.309e-5,-3.339e-5,-6.39e-6,1.8e-5,4.059e-5,6.075e-5,7.811999999999999e-5,9.279e-5,0.00010421999999999999,0.00011457,0.00012276,0.0001296,0.00013482,0.00013887,0.00014175,0.00014391,0.00014562,0.00014688,0.00014796,0.00014858999999999999,0.0001494,0.00014994,0.00015048,0.00015075,0.00015110999999999998,0.00015137999999999998,0.00015156,0.00015174,0.00015183,0.00015219,0.00015237,0.00015255,0.00015264,0.00015282,0.00015291,0.00015291,0.00015299999999999998,0.00015318,0.00015327,0.00015335999999999998,0.00015318,0.00015335999999999998,0.00015345,0.00015354,0.00015363,0.00015363,0.00015363,0.0001539,0.0001539,0.00015381,0.00015372,0.0001539,0.00015363,0.00015381,0.00015399,0.0001539,0.00015399,0.00015399,0.00015399,0.00015399,0.00015399,0.00015408,0.00015408,0.00015408,0.00015408,0.00015426,0.00015408,0.00015399,0.00015408,0.00015408,0.00015408,0.00015408,0.00015417,0.00015426,0.00015426,0.00015444,0.00015444,0.00015453,0.00015434999999999998,0.00015453,0.00015453,0.00015453,0.00015444,0.00015453,0.00015453,0.00015434999999999998,0.00015453,0.00015461999999999998,0.00015471,0.00015461999999999998,0.00015471,0.00015461999999999998,0.00015461999999999998,0.0001548,0.0001548,0.00015461999999999998,0.0001548,0.0001548],"unit":"A\/cm2"},"voc":{"unit":"V","value":1.146155},"isc":{"unit":"A","value":1.718812},"jsc":{"unit":"mA\/cm2","value":19.097906},"fill_factor":{"unit":"%","value":79.445926},"vmax":{"unit":"V","value":0.979},"efficiency":{"unit":"%","value":17.390052},"monitor_cell_reading":{"unit":"mV","value":0},"monitor_cell_calibration_value":{"unit":"mV","value":0},"test_device_area":{"unit":"cm2","value":0.09},"num_of_series_connected_stacks":{"unit":"","value":1},"sweep_direction":{"unit":"","value":"Reverse"},"device_id":{"unit":"","value":"OABr35-1-4-R"},"cell_dimension":{"unit":"cm2","value":0.09},"key":"Reverse_IV OABr35-1-4"},{"V":{"value":[-0.1,-0.087,-0.074,-0.061,-0.048,-0.035,-0.022,-0.009,0.004,0.017,0.03,0.043,0.056,0.069,0.082,0.095,0.108,0.121,0.134,0.147,0.16,0.173,0.186,0.199,0.212,0.225,0.238,0.251,0.264,0.277,0.29,0.303,0.316,0.329,0.342,0.355,0.368,0.381,0.394,0.407,0.42,0.433,0.446,0.459,0.472,0.485,0.498,0.511,0.524,0.537,0.55,0.563,0.576,0.589,0.602,0.615,0.628,0.641,0.654,0.667,0.68,0.693,0.706,0.719,0.732,0.745,0.758,0.771,0.784,0.797,0.81,0.823,0.836,0.849,0.862,0.875,0.888,0.901,0.914,0.927,0.94,0.953,0.966,0.979,0.992,1.005,1.018,1.031,1.044,1.057,1.07,1.083,1.096,1.109,1.122,1.135,1.148,1.161,1.174,1.187],"unit":"V"},"I":{"value":[0.00171,0.0017,0.001697,0.001697,0.001697,0.001695,0.001695,0.001694,0.001694,0.001693,0.001695,0.001696,0.001696,0.001695,0.001694,0.001691,0.001692,0.001693,0.001693,0.001693,0.001693,0.001693,0.001691,0.001691,0.00169,0.001692,0.001692,0.001691,0.00169,0.001691,0.00169,0.00169,0.001689,0.001691,0.001689,0.001688,0.00169,0.001688,0.001688,0.001689,0.001689,0.001689,0.001688,0.001689,0.001688,0.001687,0.001687,0.001686,0.001686,0.001686,0.001686,0.001686,0.001686,0.001685,0.001685,0.001685,0.001684,0.001683,0.001684,0.001682,0.00168,0.001681,0.001679,0.001678,0.001677,0.001676,0.001675,0.001674,0.001672,0.00167,0.001667,0.001665,0.001663,0.00166,0.001657,0.001656,0.001653,0.001649,0.001642,0.001635,0.001627,0.001619,0.001608,0.001592,0.001574,0.001551,0.001521,0.00148,0.001428,0.001359,0.001273,0.001164,0.001034,0.000878,0.000696,0.000487,0.000251,-1.8e-5,-0.000323,-0.000642],"unit":"A"},"J":{"value":[0.0001539,0.00015299999999999998,0.00015272999999999998,0.00015272999999999998,0.00015272999999999998,0.00015255,0.00015255,0.00015246,0.00015246,0.00015237,0.00015255,0.00015264,0.00015264,0.00015255,0.00015246,0.00015219,0.00015228,0.00015237,0.00015237,0.00015237,0.00015237,0.00015237,0.00015219,0.00015219,0.0001521,0.00015228,0.00015228,0.00015219,0.0001521,0.00015219,0.0001521,0.0001521,0.00015201,0.00015219,0.00015201,0.00015192,0.0001521,0.00015192,0.00015192,0.00015201,0.00015201,0.00015201,0.00015192,0.00015201,0.00015192,0.00015183,0.00015183,0.00015174,0.00015174,0.00015174,0.00015174,0.00015174,0.00015174,0.00015165,0.00015165,0.00015165,0.00015156,0.00015146999999999998,0.00015156,0.00015137999999999998,0.0001512,0.00015129,0.00015110999999999998,0.00015102,0.00015093,0.00015083999999999999,0.00015075,0.00015066,0.00015048,0.0001503,0.00015003,0.00014985,0.00014967,0.0001494,0.00014913,0.00014904,0.00014877,0.00014841,0.00014778,0.00014715,0.00014643,0.00014570999999999999,0.00014472,0.00014328,0.00014166,0.00013959,0.00013689,0.00013319999999999999,0.00012852,0.00012230999999999999,0.00011457,0.00010476,9.306e-5,7.902e-5,6.264e-5,4.383e-5,2.2589999999999995e-5,-1.62e-6,-2.9069999999999998e-5,-5.778e-5],"unit":"A\/cm2"},"voc":{"unit":"V","value":1.160844},"isc":{"unit":"A","value":1.694013},"jsc":{"unit":"mA\/cm2","value":18.822363},"fill_factor":{"unit":"%","value":79.41074},"vmax":{"unit":"V","value":0.992},"efficiency":{"unit":"%","value":17.351115},"monitor_cell_reading":{"unit":"mV","value":0},"monitor_cell_calibration_value":{"unit":"mV","value":0},"test_device_area":{"unit":"cm2","value":0.09},"num_of_series_connected_stacks":{"unit":"","value":1},"sweep_direction":{"unit":"","value":"Forward"},"device_id":{"unit":"","value":"OABr35-3-4-F"},"cell_dimension":{"unit":"cm2","value":0.09},"key":"Forward_IV OABr35-3-4"},{"V":{"value":[-0.1,-0.087,-0.074,-0.061,-0.048,-0.035,-0.022,-0.009,0.004,0.017,0.03,0.043,0.056,0.069,0.082,0.095,0.108,0.121,0.134,0.147,0.16,0.173,0.186,0.199,0.212,0.225,0.238,0.251,0.264,0.277,0.29,0.303,0.316,0.329,0.342,0.355,0.368,0.381,0.394,0.407,0.42,0.433,0.446,0.459,0.472,0.485,0.498,0.511,0.524,0.537,0.55,0.563,0.576,0.589,0.602,0.615,0.628,0.641,0.654,0.667,0.68,0.693,0.706,0.719,0.732,0.745,0.758,0.771,0.784,0.797,0.81,0.823,0.836,0.849,0.862,0.875,0.888,0.901,0.914,0.927,0.94,0.953,0.966,0.979,0.992,1.005,1.018,1.031,1.044,1.057,1.07,1.083,1.096,1.109,1.122,1.135,1.148,1.161,1.174,1.187],"unit":"V"},"I":{"value":[0.001715,0.001711,0.00171,0.001709,0.001707,0.001707,0.001707,0.001707,0.001706,0.001705,0.001704,0.001705,0.001705,0.001706,0.001706,0.001705,0.001703,0.001704,0.001704,0.001704,0.001704,0.001704,0.001702,0.001704,0.001703,0.001704,0.001704,0.001705,0.001705,0.001705,0.001706,0.001705,0.001706,0.001706,0.001704,0.001704,0.001702,0.001703,0.001702,0.001702,0.001702,0.001701,0.001702,0.001702,0.001702,0.001702,0.0017,0.0017,0.001699,0.0017,0.001699,0.001699,0.0017,0.001698,0.001697,0.001698,0.001699,0.001697,0.001696,0.001696,0.001696,0.001695,0.001695,0.001693,0.001693,0.001693,0.001691,0.001692,0.00169,0.001687,0.001686,0.001683,0.001681,0.00168,0.001677,0.001673,0.001671,0.001668,0.001664,0.001658,0.001653,0.001645,0.001636,0.001625,0.001609,0.001589,0.001563,0.001526,0.001476,0.001411,0.001327,0.001217,0.001079,0.00091,0.000704,0.000467,0.000192,-0.000118,-0.000462,-0.000838],"unit":"A"},"J":{"value":[0.00015434999999999998,0.00015399,0.0001539,0.00015381,0.00015363,0.00015363,0.00015363,0.00015363,0.00015354,0.00015345,0.00015335999999999998,0.00015345,0.00015345,0.00015354,0.00015354,0.00015345,0.00015327,0.00015335999999999998,0.00015335999999999998,0.00015335999999999998,0.00015335999999999998,0.00015335999999999998,0.00015318,0.00015335999999999998,0.00015327,0.00015335999999999998,0.00015335999999999998,0.00015345,0.00015345,0.00015345,0.00015354,0.00015345,0.00015354,0.00015354,0.00015335999999999998,0.00015335999999999998,0.00015318,0.00015327,0.00015318,0.00015318,0.00015318,0.00015308999999999999,0.00015318,0.00015318,0.00015318,0.00015318,0.00015299999999999998,0.00015299999999999998,0.00015291,0.00015299999999999998,0.00015291,0.00015291,0.00015299999999999998,0.00015282,0.00015272999999999998,0.00015282,0.00015291,0.00015272999999999998,0.00015264,0.00015264,0.00015264,0.00015255,0.00015255,0.00015237,0.00015237,0.00015237,0.00015219,0.00015228,0.0001521,0.00015183,0.00015174,0.00015146999999999998,0.00015129,0.0001512,0.00015093,0.00015057,0.00015039,0.00015012,0.00014975999999999998,0.00014921999999999998,0.00014877,0.00014805,0.00014724,0.00014624999999999998,0.00014481,0.00014300999999999997,0.00014067,0.00013733999999999998,0.00013284,0.00012699,0.00011943,0.00010952999999999999,9.711000000000001e-5,8.19e-5,6.335999999999999e-5,4.203e-5,1.728e-5,-1.062e-5,-4.158e-5,-7.541999999999999e-5],"unit":"A\/cm2"},"voc":{"unit":"V","value":1.158006},"isc":{"unit":"A","value":1.706345},"jsc":{"unit":"mA\/cm2","value":18.959389},"fill_factor":{"unit":"%","value":80.805175},"vmax":{"unit":"V","value":1.005},"efficiency":{"unit":"%","value":17.740843},"monitor_cell_reading":{"unit":"mV","value":0},"monitor_cell_calibration_value":{"unit":"mV","value":0},"test_device_area":{"unit":"cm2","value":0.09},"num_of_series_connected_stacks":{"unit":"","value":1},"sweep_direction":{"unit":"","value":"Forward"},"device_id":{"unit":"","value":"OABr35-3-2-F"},"cell_dimension":{"unit":"cm2","value":0.09},"key":"Forward_IV OABr35-3-2"},{"V":{"value":[-0.1,-0.087,-0.074,-0.061,-0.048,-0.035,-0.022,-0.009,0.004,0.017,0.03,0.043,0.056,0.069,0.082,0.095,0.108,0.121,0.134,0.147,0.16,0.173,0.186,0.199,0.212,0.225,0.238,0.251,0.264,0.277,0.29,0.303,0.316,0.329,0.342,0.355,0.368,0.381,0.394,0.407,0.42,0.433,0.446,0.459,0.472,0.485,0.498,0.511,0.524,0.537,0.55,0.563,0.576,0.589,0.602,0.615,0.628,0.641,0.654,0.667,0.68,0.693,0.706,0.719,0.732,0.745,0.758,0.771,0.784,0.797,0.81,0.823,0.836,0.849,0.862,0.875,0.888,0.901,0.914,0.927,0.94,0.953,0.966,0.979,0.992,1.005,1.018,1.031,1.044,1.057,1.07,1.083,1.096,1.109,1.122,1.135,1.148,1.161,1.174,1.187],"unit":"V"},"I":{"value":[0.001759,0.001761,0.001758,0.001754,0.001751,0.001754,0.001752,0.001751,0.001753,0.00175,0.001751,0.001749,0.001751,0.001751,0.00175,0.001744,0.001748,0.001748,0.001747,0.001748,0.001748,0.001748,0.001747,0.001745,0.001748,0.001748,0.00175,0.001749,0.001747,0.001747,0.001746,0.001748,0.001746,0.001745,0.001745,0.001744,0.001743,0.001744,0.001744,0.001744,0.001745,0.001745,0.001744,0.001744,0.001743,0.001743,0.001743,0.001745,0.001744,0.001743,0.001741,0.00174,0.001741,0.001742,0.001742,0.00174,0.001739,0.001739,0.001739,0.00174,0.00174,0.001738,0.001736,0.001735,0.001734,0.001735,0.001733,0.001732,0.00173,0.001726,0.001728,0.001723,0.001721,0.001721,0.001718,0.001715,0.001711,0.001705,0.001698,0.001689,0.001678,0.001666,0.001646,0.001624,0.001594,0.001558,0.001512,0.001457,0.00139,0.001311,0.001219,0.001113,0.001,0.000856,0.000688,0.000496,0.000273,2.3e-5,-0.000281,-0.000629],"unit":"A"},"J":{"value":[0.00015831,0.00015848999999999998,0.00015821999999999999,0.00015785999999999998,0.00015759,0.00015785999999999998,0.00015768,0.00015759,0.00015777,0.0001575,0.00015759,0.00015741,0.00015759,0.00015759,0.0001575,0.00015696000000000002,0.00015732,0.00015732,0.00015723,0.00015732,0.00015732,0.00015732,0.00015723,0.00015705,0.00015732,0.00015732,0.0001575,0.00015741,0.00015723,0.00015723,0.00015713999999999998,0.00015732,0.00015713999999999998,0.00015705,0.00015705,0.00015696000000000002,0.00015686999999999998,0.00015696000000000002,0.00015696000000000002,0.00015696000000000002,0.00015705,0.00015705,0.00015696000000000002,0.00015696000000000002,0.00015686999999999998,0.00015686999999999998,0.00015686999999999998,0.00015705,0.00015696000000000002,0.00015686999999999998,0.00015669,0.00015659999999999998,0.00015669,0.00015678,0.00015678,0.00015659999999999998,0.00015651,0.00015651,0.00015651,0.00015659999999999998,0.00015659999999999998,0.00015642,0.00015623999999999998,0.00015615,0.00015606,0.00015615,0.00015596999999999999,0.00015588,0.0001557,0.00015534000000000001,0.00015552,0.00015507,0.00015489,0.00015489,0.00015461999999999998,0.00015434999999999998,0.00015399,0.00015345,0.00015282,0.00015201,0.00015102,0.00014994,0.00014813999999999997,0.00014616,0.00014345999999999999,0.00014021999999999998,0.00013608,0.00013113,0.0001251,0.00011799,0.00010971,0.00010017,8.999999999999999e-5,7.704e-5,6.192e-5,4.464e-5,2.457e-5,2.07e-6,-2.529e-5,-5.6609999999999995e-5],"unit":"A\/cm2"},"voc":{"unit":"V","value":1.163467},"isc":{"unit":"A","value":1.752515},"jsc":{"unit":"mA\/cm2","value":19.472385},"fill_factor":{"unit":"%","value":77.995125},"vmax":{"unit":"V","value":0.979},"efficiency":{"unit":"%","value":17.670165},"monitor_cell_reading":{"unit":"mV","value":0},"monitor_cell_calibration_value":{"unit":"mV","value":0},"test_device_area":{"unit":"cm2","value":0.09},"num_of_series_connected_stacks":{"unit":"","value":1},"sweep_direction":{"unit":"","value":"Forward"},"device_id":{"unit":"","value":"OABr35-3-1-F"},"cell_dimension":{"unit":"cm2","value":0.09},"key":"Forward_IV OABr35-3-1"},{"V":{"value":[-0.1,-0.087,-0.074,-0.061,-0.048,-0.035,-0.022,-0.009,0.004,0.017,0.03,0.043,0.056,0.069,0.082,0.095,0.108,0.121,0.134,0.147,0.16,0.173,0.186,0.199,0.212,0.225,0.238,0.251,0.264,0.277,0.29,0.303,0.316,0.329,0.342,0.355,0.368,0.381,0.394,0.407,0.42,0.433,0.446,0.459,0.472,0.485,0.498,0.511,0.524,0.537,0.55,0.563,0.576,0.589,0.602,0.615,0.628,0.641,0.654,0.667,0.68,0.693,0.706,0.719,0.732,0.745,0.758,0.771,0.784,0.797,0.81,0.823,0.836,0.849,0.862,0.875,0.888,0.901,0.914,0.927,0.94,0.953,0.966,0.979,0.992,1.005,1.018,1.031,1.044,1.057,1.07,1.083,1.096,1.109,1.122,1.135,1.148,1.161,1.174,1.187],"unit":"V"},"I":{"value":[0.001715,0.001716,0.001721,0.001735,0.001727,0.00172,0.001714,0.001711,0.001708,0.001703,0.001702,0.001699,0.001695,0.001692,0.001688,0.001686,0.001681,0.001682,0.001683,0.001681,0.001681,0.001679,0.001679,0.001677,0.001669,0.001665,0.001661,0.001659,0.00166,0.001657,0.00166,0.001656,0.001659,0.001653,0.001652,0.001649,0.001651,0.001649,0.001647,0.001642,0.001645,0.001642,0.001641,0.001639,0.001637,0.001635,0.001634,0.001637,0.001633,0.001634,0.001632,0.001627,0.001619,0.001617,0.001619,0.001608,0.001602,0.001602,0.001604,0.0016,0.001602,0.001605,0.001599,0.001602,0.001602,0.001597,0.001594,0.001592,0.001591,0.001587,0.001584,0.001586,0.00158,0.00158,0.001572,0.001568,0.001563,0.001555,0.00155,0.001547,0.001535,0.001525,0.001514,0.001499,0.00148,0.001454,0.00143,0.001391,0.001334,0.001263,0.001161,0.001044,0.00089,0.000704,0.000478,0.000205,-0.000101,-0.000448,-0.00086,-0.001278],"unit":"A"},"J":{"value":[0.00015434999999999998,0.00015444,0.00015489,0.00015615,0.00015543,0.0001548,0.00015426,0.00015399,0.00015372,0.00015327,0.00015318,0.00015291,0.00015255,0.00015228,0.00015192,0.00015174,0.00015129,0.00015137999999999998,0.00015146999999999998,0.00015129,0.00015129,0.00015110999999999998,0.00015110999999999998,0.00015093,0.00015021,0.00014985,0.00014948999999999998,0.00014931,0.0001494,0.00014913,0.0001494,0.00014904,0.00014931,0.00014877,0.00014868,0.00014841,0.00014858999999999999,0.00014841,0.00014823,0.00014778,0.00014805,0.00014778,0.00014769,0.00014751,0.00014733,0.00014715,0.00014706,0.00014733,0.00014696999999999998,0.00014706,0.00014688,0.00014643,0.00014570999999999999,0.00014553,0.00014570999999999999,0.00014472,0.00014418,0.00014418,0.00014435999999999998,0.000144,0.00014418,0.00014445000000000001,0.00014391,0.00014418,0.00014418,0.00014372999999999998,0.00014345999999999999,0.00014328,0.00014319,0.00014283,0.00014256,0.00014273999999999998,0.0001422,0.0001422,0.00014148,0.00014111999999999998,0.00014067,0.00013995,0.0001395,0.00013922999999999998,0.00013815,0.00013725,0.00013626,0.00013491,0.00013319999999999999,0.00013086,0.0001287,0.00012519,0.00012005999999999999,0.00011367,0.00010448999999999998,9.396e-5,8.01e-5,6.335999999999999e-5,4.302e-5,1.8449999999999998e-5,-9.09e-6,-4.032e-5,-7.74e-5,-0.00011502],"unit":"A\/cm2"},"voc":{"unit":"V","value":1.146983},"isc":{"unit":"A","value":1.708208},"jsc":{"unit":"mA\/cm2","value":18.980094},"fill_factor":{"unit":"%","value":74.923924},"vmax":{"unit":"V","value":0.992},"efficiency":{"unit":"%","value":16.310828},"monitor_cell_reading":{"unit":"mV","value":0},"monitor_cell_calibration_value":{"unit":"mV","value":0},"test_device_area":{"unit":"cm2","value":0.09},"num_of_series_connected_stacks":{"unit":"","value":1},"sweep_direction":{"unit":"","value":"Forward"},"device_id":{"unit":"","value":"OABr35-2-4-F"},"cell_dimension":{"unit":"cm2","value":0.09},"key":"Forward_IV OABr35-2-4"},{"V":{"value":[-0.1,-0.087,-0.074,-0.061,-0.048,-0.035,-0.022,-0.009,0.004,0.017,0.03,0.043,0.056,0.069,0.082,0.095,0.108,0.121,0.134,0.147,0.16,0.173,0.186,0.199,0.212,0.225,0.238,0.251,0.264,0.277,0.29,0.303,0.316,0.329,0.342,0.355,0.368,0.381,0.394,0.407,0.42,0.433,0.446,0.459,0.472,0.485,0.498,0.511,0.524,0.537,0.55,0.563,0.576,0.589,0.602,0.615,0.628,0.641,0.654,0.667,0.68,0.693,0.706,0.719,0.732,0.745,0.758,0.771,0.784,0.797,0.81,0.823,0.836,0.849,0.862,0.875,0.888,0.901,0.914,0.927,0.94,0.953,0.966,0.979,0.992,1.005,1.018,1.031,1.044,1.057,1.07,1.083,1.096,1.109,1.122,1.135,1.148,1.161,1.174,1.187],"unit":"V"},"I":{"value":[0.001608,0.00161,0.001611,0.001613,0.001615,0.001618,0.00162,0.001622,0.001625,0.001627,0.001629,0.001631,0.001631,0.001632,0.001634,0.001636,0.001638,0.001637,0.001636,0.001638,0.001637,0.001638,0.001638,0.001639,0.001639,0.001638,0.001637,0.001636,0.001634,0.001633,0.001633,0.001631,0.001629,0.00163,0.001629,0.001627,0.001625,0.001622,0.00162,0.001618,0.001617,0.001616,0.001612,0.001609,0.001608,0.001605,0.001602,0.001599,0.001596,0.001594,0.001592,0.001587,0.001585,0.00158,0.001577,0.001575,0.00157,0.001565,0.001561,0.001558,0.001556,0.001551,0.001546,0.001542,0.001537,0.00153,0.001526,0.001521,0.001516,0.001509,0.001504,0.001498,0.001491,0.001485,0.001477,0.001455,0.001454,0.001445,0.001436,0.001424,0.001411,0.001397,0.001384,0.001365,0.001342,0.001313,0.001277,0.001237,0.001181,0.001109,0.001018,0.000902,0.000758,0.000581,0.000366,0.000113,-0.00018,-0.000517,-0.000899,-0.001352],"unit":"A"},"J":{"value":[0.00014472,0.0001449,0.00014499,0.00014517,0.00014534999999999998,0.00014562,0.0001458,0.00014597999999999998,0.00014624999999999998,0.00014643,0.00014661,0.00014679,0.00014679,0.00014688,0.00014706,0.00014724,0.00014742,0.00014733,0.00014724,0.00014742,0.00014733,0.00014742,0.00014742,0.00014751,0.00014751,0.00014742,0.00014733,0.00014724,0.00014706,0.00014696999999999998,0.00014696999999999998,0.00014679,0.00014661,0.0001467,0.00014661,0.00014643,0.00014624999999999998,0.00014597999999999998,0.0001458,0.00014562,0.00014553,0.00014544,0.00014508,0.00014481,0.00014472,0.00014445000000000001,0.00014418,0.00014391,0.00014364,0.00014345999999999999,0.00014328,0.00014283,0.00014265,0.0001422,0.00014193,0.00014175,0.0001413,0.00014084999999999998,0.00014049,0.00014021999999999998,0.00014004,0.00013959,0.00013914,0.00013878,0.00013832999999999999,0.00013769999999999999,0.00013733999999999998,0.00013689,0.00013644,0.00013581,0.00013535999999999998,0.00013482,0.00013419,0.00013365,0.00013293,0.00013094999999999998,0.00013086,0.00013005000000000002,0.00012924,0.00012816,0.00012699,0.00012573,0.00012456,0.00012284999999999998,0.00012078,0.00011816999999999999,0.00011492999999999999,0.00011132999999999999,0.00010629,9.981e-5,9.162e-5,8.118e-5,6.822e-5,5.229e-5,3.294e-5,1.017e-5,-1.62e-5,-4.653e-5,-8.091e-5,-0.00012167999999999999],"unit":"A\/cm2"},"voc":{"unit":"V","value":1.141762},"isc":{"unit":"A","value":1.624635},"jsc":{"unit":"mA\/cm2","value":18.051505},"fill_factor":{"unit":"%","value":72.09512},"vmax":{"unit":"V","value":0.966},"efficiency":{"unit":"%","value":14.859175},"monitor_cell_reading":{"unit":"mV","value":0},"monitor_cell_calibration_value":{"unit":"mV","value":0},"test_device_area":{"unit":"cm2","value":0.09},"num_of_series_connected_stacks":{"unit":"","value":1},"sweep_direction":{"unit":"","value":"Forward"},"device_id":{"unit":"","value":"OABr35-2-3-F"},"cell_dimension":{"unit":"cm2","value":0.09},"key":"Forward_IV OABr35-2-3"},{"V":{"value":[-0.1,-0.087,-0.074,-0.061,-0.048,-0.035,-0.022,-0.009,0.004,0.017,0.03,0.043,0.056,0.069,0.082,0.095,0.108,0.121,0.134,0.147,0.16,0.173,0.186,0.199,0.212,0.225,0.238,0.251,0.264,0.277,0.29,0.303,0.316,0.329,0.342,0.355,0.368,0.381,0.394,0.407,0.42,0.433,0.446,0.459,0.472,0.485,0.498,0.511,0.524,0.537,0.55,0.563,0.576,0.589,0.602,0.615,0.628,0.641,0.654,0.667,0.68,0.693,0.706,0.719,0.732,0.745,0.758,0.771,0.784,0.797,0.81,0.823,0.836,0.849,0.862,0.875,0.888,0.901,0.914,0.927,0.94,0.953,0.966,0.979,0.992,1.005,1.018,1.031,1.044,1.057,1.07,1.083,1.096,1.109,1.122,1.135,1.148,1.161,1.174,1.187],"unit":"V"},"I":{"value":[0.001676,0.001684,0.001683,0.001685,0.001683,0.001685,0.001684,0.001685,0.001684,0.001686,0.001685,0.001684,0.001685,0.001687,0.001685,0.001682,0.001684,0.001684,0.001682,0.001677,0.001679,0.001676,0.001675,0.001676,0.001676,0.001677,0.001678,0.001679,0.001676,0.001675,0.001675,0.001676,0.001678,0.001675,0.001674,0.001675,0.001675,0.001674,0.001674,0.001673,0.001671,0.001669,0.001668,0.001667,0.001664,0.001663,0.001661,0.00166,0.00166,0.001657,0.001656,0.001654,0.001652,0.001649,0.001648,0.001645,0.001641,0.001637,0.001634,0.00163,0.001625,0.001621,0.001614,0.00161,0.001602,0.001592,0.001586,0.001577,0.001569,0.001558,0.001546,0.001536,0.001523,0.001509,0.001495,0.00148,0.001462,0.001442,0.001421,0.001397,0.001372,0.001343,0.001309,0.001271,0.001228,0.001175,0.001112,0.00104,0.000957,0.000854,0.000734,0.000592,0.000423,0.000223,-1.3e-5,-0.000293,-0.000609,-0.000968,-0.0014,-0.001856],"unit":"A"},"J":{"value":[0.00015083999999999999,0.00015156,0.00015146999999999998,0.00015165,0.00015146999999999998,0.00015165,0.00015156,0.00015165,0.00015156,0.00015174,0.00015165,0.00015156,0.00015165,0.00015183,0.00015165,0.00015137999999999998,0.00015156,0.00015156,0.00015137999999999998,0.00015093,0.00015110999999999998,0.00015083999999999999,0.00015075,0.00015083999999999999,0.00015083999999999999,0.00015093,0.00015102,0.00015110999999999998,0.00015083999999999999,0.00015075,0.00015075,0.00015083999999999999,0.00015102,0.00015075,0.00015066,0.00015075,0.00015075,0.00015066,0.00015066,0.00015057,0.00015039,0.00015021,0.00015012,0.00015003,0.00014975999999999998,0.00014967,0.00014948999999999998,0.0001494,0.0001494,0.00014913,0.00014904,0.00014886,0.00014868,0.00014841,0.00014832,0.00014805,0.00014769,0.00014733,0.00014706,0.0001467,0.00014624999999999998,0.00014589,0.00014526,0.0001449,0.00014418,0.00014328,0.00014273999999999998,0.00014193,0.00014121,0.00014021999999999998,0.00013914,0.00013824,0.00013707,0.00013581,0.00013455,0.00013319999999999999,0.00013157999999999998,0.00012978,0.00012789,0.00012573,0.00012348,0.00012087,0.00011781,0.00011439,0.00011051999999999999,0.00010575,0.00010007999999999999,9.359999999999998e-5,8.612999999999999e-5,7.686e-5,6.605999999999999e-5,5.328e-5,3.807e-5,2.007e-5,-1.1699999999999998e-6,-2.637e-5,-5.480999999999999e-5,-8.711999999999999e-5,-0.000126,-0.00016704],"unit":"A\/cm2"},"voc":{"unit":"V","value":1.124038},"isc":{"unit":"A","value":1.683661},"jsc":{"unit":"mA\/cm2","value":18.707346},"fill_factor":{"unit":"%","value":68.636097},"vmax":{"unit":"V","value":0.901},"efficiency":{"unit":"%","value":14.432636},"monitor_cell_reading":{"unit":"mV","value":0},"monitor_cell_calibration_value":{"unit":"mV","value":0},"test_device_area":{"unit":"cm2","value":0.09},"num_of_series_connected_stacks":{"unit":"","value":1},"sweep_direction":{"unit":"","value":"Forward"},"device_id":{"unit":"","value":"OABr35-2-2-F"},"cell_dimension":{"unit":"cm2","value":0.09},"key":"Forward_IV OABr35-2-2"},{"V":{"value":[-0.1,-0.087,-0.074,-0.061,-0.048,-0.035,-0.022,-0.009,0.004,0.017,0.03,0.043,0.056,0.069,0.082,0.095,0.108,0.121,0.134,0.147,0.16,0.173,0.186,0.199,0.212,0.225,0.238,0.251,0.264,0.277,0.29,0.303,0.316,0.329,0.342,0.355,0.368,0.381,0.394,0.407,0.42,0.433,0.446,0.459,0.472,0.485,0.498,0.511,0.524,0.537,0.55,0.563,0.576,0.589,0.602,0.615,0.628,0.641,0.654,0.667,0.68,0.693,0.706,0.719,0.732,0.745,0.758,0.771,0.784,0.797,0.81,0.823,0.836,0.849,0.862,0.875,0.888,0.901,0.914,0.927,0.94,0.953,0.966,0.979,0.992,1.005,1.018,1.031,1.044,1.057,1.07,1.083,1.096,1.109,1.122,1.135,1.148,1.161,1.174,1.187],"unit":"V"},"I":{"value":[0.001722,0.001722,0.001722,0.00172,0.00172,0.001718,0.001719,0.001718,0.001719,0.001717,0.001717,0.001715,0.001717,0.001717,0.001718,0.001717,0.001718,0.001719,0.001717,0.001717,0.001717,0.001717,0.001716,0.001715,0.001715,0.001716,0.001716,0.001716,0.001716,0.001716,0.001715,0.001714,0.001714,0.001713,0.001714,0.001715,0.001714,0.001714,0.001715,0.001715,0.001716,0.001713,0.001715,0.001715,0.001716,0.001715,0.001715,0.001716,0.001714,0.001713,0.001713,0.001712,0.001713,0.001711,0.001713,0.001712,0.001712,0.00171,0.001709,0.001709,0.001709,0.001709,0.001708,0.001707,0.001707,0.001706,0.001704,0.001705,0.001702,0.001702,0.001699,0.001699,0.001695,0.001693,0.00169,0.001688,0.001686,0.001682,0.001676,0.001672,0.001663,0.001655,0.001644,0.001628,0.001605,0.001577,0.001538,0.001487,0.00142,0.001337,0.00123,0.001101,0.000948,0.000765,0.000551,0.00031,3.4e-5,-0.000298,-0.000653,-0.001035],"unit":"A"},"J":{"value":[0.00015497999999999998,0.00015497999999999998,0.00015497999999999998,0.0001548,0.0001548,0.00015461999999999998,0.00015471,0.00015461999999999998,0.00015471,0.00015453,0.00015453,0.00015434999999999998,0.00015453,0.00015453,0.00015461999999999998,0.00015453,0.00015461999999999998,0.00015471,0.00015453,0.00015453,0.00015453,0.00015453,0.00015444,0.00015434999999999998,0.00015434999999999998,0.00015444,0.00015444,0.00015444,0.00015444,0.00015444,0.00015434999999999998,0.00015426,0.00015426,0.00015417,0.00015426,0.00015434999999999998,0.00015426,0.00015426,0.00015434999999999998,0.00015434999999999998,0.00015444,0.00015417,0.00015434999999999998,0.00015434999999999998,0.00015444,0.00015434999999999998,0.00015434999999999998,0.00015444,0.00015426,0.00015417,0.00015417,0.00015408,0.00015417,0.00015399,0.00015417,0.00015408,0.00015408,0.0001539,0.00015381,0.00015381,0.00015381,0.00015381,0.00015372,0.00015363,0.00015363,0.00015354,0.00015335999999999998,0.00015345,0.00015318,0.00015318,0.00015291,0.00015291,0.00015255,0.00015237,0.0001521,0.00015192,0.00015174,0.00015137999999999998,0.00015083999999999999,0.00015048,0.00014967,0.00014895,0.00014796,0.00014652,0.00014445000000000001,0.00014193,0.00013842,0.00013383,0.0001278,0.00012033000000000001,0.0001107,9.908999999999999e-5,8.531999999999999e-5,6.884999999999999e-5,4.958999999999999e-5,2.79e-5,3.06e-6,-2.6819999999999997e-5,-5.877e-5,-9.314999999999999e-5],"unit":"A\/cm2"},"voc":{"unit":"V","value":1.150661},"isc":{"unit":"A","value":1.718525},"jsc":{"unit":"mA\/cm2","value":19.094726},"fill_factor":{"unit":"%","value":80.590422},"vmax":{"unit":"V","value":0.979},"efficiency":{"unit":"%","value":17.706971},"monitor_cell_reading":{"unit":"mV","value":0},"monitor_cell_calibration_value":{"unit":"mV","value":0},"test_device_area":{"unit":"cm2","value":0.09},"num_of_series_connected_stacks":{"unit":"","value":1},"sweep_direction":{"unit":"","value":"Forward"},"device_id":{"unit":"","value":"OABr35-1-4-F"},"cell_dimension":{"unit":"cm2","value":0.09},"key":"Forward_IV OABr35-1-4"}]}}