{"_id":"66f0db098b1f58456150d182","id":"SKKU-SC-00590","author":82,"group":11,"input":[{"tco":{"unit":"","value":"ITO"}},{"surface_treatment":{"unit":"","value":"O-Plasma"}},{"htl":[{"material":{"unit":"","value":"Me-4PACz"},"concentration":{"unit":"","value":"0.3"},"conc_unit":{"unit":"","value":"mg\/ml"},"quantity":{"unit":"ml","value":"0.2"}}],"spin_coating":[{"type":{"unit":"","value":"Static (only spreading)"},"rpm":{"unit":"","value":"3000"},"time":{"unit":"s","value":"30"}}],"annealing":[{"temperature":{"unit":"oC","value":"100"},"time":{"unit":"m","value":"10"}}],"solvent":[{"material":{"unit":"","value":"Ethanol"},"volume":{"unit":"ml","value":"5"}}],"condition":{"unit":"","value":"glove-box(N2)"}},{"spin_coating":[{"type":{"unit":"","value":"Static (loading)"},"rpm":{"unit":"","value":"5000"},"time":{"unit":"s","value":"35"}}],"annealing":[{"temperature":{"unit":"oC","value":"100"},"time":{"unit":"m","value":"10"}}],"solvent":[{"material":{"unit":"","value":"IPA"},"volume":{"unit":"ml","value":"2"}}],"condition":{"unit":"","value":"glove-box(N2)"},"htl_treatment":[{"material":{"unit":"","value":"Al2O3"},"concentration":{"unit":"","value":"0.5"},"conc_unit":{"unit":"","value":"mg\/ml"},"quantity":{"unit":"ml","value":"2"}}]},{"condition":{"unit":"","value":"glove-box(N2)"},"perovskite":{"method":{"unit":"","value":"1step"},"molarity":{"unit":"M","value":"1.5M"},"a_site":[{"material":{"unit":"","value":"FA"},"ratio":{"unit":"%","value":"90"}},{"material":{"unit":"","value":"Cs"},"ratio":{"unit":"%","value":"10"}}],"b_site":[{"material":{"unit":"","value":"Pb"},"ratio":{"unit":"%","value":"100"}}],"x_site":[{"material":{"unit":"","value":"I"},"ratio":{"unit":"%","value":"100"}}],"solvent":[{"material":{"unit":"","value":"DMF"},"volume":{"unit":"ml","value":"0.8"}},{"material":{"unit":"","value":"DMSO"},"volume":{"unit":"ml","value":"0.2"}}],"antisolvent":[{"material":{"unit":"","value":"DEE"},"quantity":{"unit":"ul","value":"800"},"dripping_time":{"unit":"s","value":"40"}}],"annealing":[{"temperature":{"unit":"oC","value":"60"},"time":{"unit":"m","value":"3"}}],"spin_coating":[{"type":{"unit":"","value":"Static (only spreading)"},"rpm":{"unit":"","value":"5000"},"time":{"unit":"s","value":"50"}}],"additive":[{"material":{"unit":"","value":"MACl"},"solvent":{"unit":"","value":"DMF"},"concentration":{"unit":"","value":"30.4"},"conc_unit":{"unit":"","value":"mg\/ml"},"quantity":{"unit":"mol%","value":"30"}}]}},{"perovskite":{"annealing":[{"temperature":{"unit":"oC","value":"150"},"time":{"unit":"m","value":"1"}},{"temperature":{"unit":"oC","value":"120"},"time":{"unit":"m","value":"50"}}],"atmosphere":[{"type":{"unit":"","value":"Ambient (30RH%)"},"temperature":{"unit":"oC","value":"20"},"humidity":{"unit":"RH%","value":"30"}}]}},{"perovskite_treatment":[{"material":{"unit":"","value":"OABr"},"concentration":{"unit":"","value":"2"},"conc_unit":{"unit":"","value":"mg\/ml"},"quantity":{"unit":"ml","value":"0.065"}}],"annealing":[{"temperature":{"unit":"oC","value":"100"},"time":{"unit":"m","value":"5"}}],"spin_coating":[{"type":{"unit":"","value":"Dynamic"},"rpm":{"unit":"","value":"5000"},"time":{"unit":"s","value":"30"}}],"condition":{"unit":"","value":"glove-box(N2)"},"solvent":[{"material":{"unit":"","value":"IPA"},"volume":{"unit":"ml","value":"1"}}]},{"etl":[{"material":{"unit":"","value":"C60"},"concentration":{"unit":"","value":""},"conc_unit":{"unit":"","value":"mg\/ml"},"quantity":{"unit":"ml","value":"None"}}],"thermal_evaporation":[{"vacuum_evaporation_thickness":{"unit":"nm","value":"30"},"evaporation_rate":{"unit":"\u00c5\/s","value":"0.2"},"vacuum_pressure":{"unit":"uTorr","value":"0.97"}}]},{"blocking_buffer_layer":[{"material":{"unit":"","value":"BCP"},"concentration":{"unit":"","value":"None"},"conc_unit":{"unit":"","value":"None"},"quantity":{"unit":"ml","value":"None"}}],"thermal_evaporation":[{"vacuum_evaporation_thickness":{"unit":"nm","value":"8"},"evaporation_rate":{"unit":"\u00c5\/s","value":"0.2"},"vacuum_pressure":{"unit":"uTorr","value":"0.97"}}]},{"anode_metal":{"unit":"","value":"Ag"}},{"note":{"unit":"","value":"Al2O3 optimization"},"type":{"unit":"","value":"unit_cell"},"device_type":{"unit":"","value":"p-i-n"},"temperature":{"unit":"\u2103","value":"25"},"humidity":{"unit":"%","value":"25"},"cell_dimension":{"unit":"cm2","value":"0.09"},"condition":{"unit":"","value":"glove-box(N2)"}}],"fileinfo":[{"key":"Forward_IV 4-2","uploadType":"JV","original_name":"IV 4-2-f.txt","save_name":"SKKU-SC-00590\/Forward_IV 4-2","uploader":82,"fileType":""},{"key":"Reverse_IV 4-2","uploadType":"JV","original_name":"IV 4-2-r.txt","save_name":"SKKU-SC-00590\/Reverse_IV 4-2","uploader":82,"fileType":""},{"key":"Forward_IV 4-3","uploadType":"JV","original_name":"IV 4-3-f.txt","save_name":"SKKU-SC-00590\/Forward_IV 4-3","uploader":82,"fileType":""},{"key":"Reverse_IV 4-3","uploadType":"JV","original_name":"IV 4-3-r.txt","save_name":"SKKU-SC-00590\/Reverse_IV 4-3","uploader":82,"fileType":""},{"key":"Forward_IV 4-4","uploadType":"JV","original_name":"IV 4-4-f.txt","save_name":"SKKU-SC-00590\/Forward_IV 4-4","uploader":82,"fileType":""},{"key":"Reverse_IV 4-4","uploadType":"JV","original_name":"IV 4-4-r.txt","save_name":"SKKU-SC-00590\/Reverse_IV 4-4","uploader":82,"fileType":""},{"key":"Forward_IV 4-5","uploadType":"JV","original_name":"IV 4-5-f.txt","save_name":"SKKU-SC-00590\/Forward_IV 4-5","uploader":82,"fileType":""},{"key":"Reverse_IV 4-5","uploadType":"JV","original_name":"IV 4-5-r.txt","save_name":"SKKU-SC-00590\/Reverse_IV 4-5","uploader":82,"fileType":""},{"key":"Forward_IV 5-2","uploadType":"JV","original_name":"IV 5-2-f.txt","save_name":"SKKU-SC-00590\/Forward_IV 5-2","uploader":82,"fileType":""},{"key":"Reverse_IV 5-2","uploadType":"JV","original_name":"IV 5-2-r.txt","save_name":"SKKU-SC-00590\/Reverse_IV 5-2","uploader":82,"fileType":""},{"key":"Forward_IV 5-3","uploadType":"JV","original_name":"IV 5-3-f.txt","save_name":"SKKU-SC-00590\/Forward_IV 5-3","uploader":82,"fileType":""},{"key":"Reverse_IV 5-3","uploadType":"JV","original_name":"IV 5-3-r.txt","save_name":"SKKU-SC-00590\/Reverse_IV 5-3","uploader":82,"fileType":""},{"key":"Forward_IV 5-5","uploadType":"JV","original_name":"IV 5-5-f.txt","save_name":"SKKU-SC-00590\/Forward_IV 5-5","uploader":82,"fileType":""},{"key":"Reverse_IV 5-5","uploadType":"JV","original_name":"IV 5-5-r.txt","save_name":"SKKU-SC-00590\/Reverse_IV 5-5","uploader":82,"fileType":""}],"jvcnt":14,"analysisInfo":{"JV":[{"efficiency":21.379682,"fill_factor":78.798871,"jsc":24.668257,"voc":1.099874,"key":"Reverse_IV 5-5","cell_dimension":0.09},{"efficiency":20.320409,"fill_factor":76.827477,"jsc":24.167265,"voc":1.094431,"key":"Reverse_IV 5-3","cell_dimension":0.09},{"efficiency":20.154145,"fill_factor":77.131994,"jsc":23.908098,"voc":1.092911,"key":"Reverse_IV 5-2","cell_dimension":0.09},{"efficiency":21.552449,"fill_factor":78.756128,"jsc":24.988779,"voc":1.095134,"key":"Reverse_IV 4-5","cell_dimension":0.09},{"efficiency":20.945396,"fill_factor":78.461276,"jsc":24.399679,"voc":1.09408,"key":"Reverse_IV 4-4","cell_dimension":0.09},{"efficiency":20.647236,"fill_factor":77.563728,"jsc":24.329796,"voc":1.09412,"key":"Reverse_IV 4-3","cell_dimension":0.09},{"efficiency":20.236202,"fill_factor":77.292339,"jsc":23.980315,"voc":1.091786,"key":"Reverse_IV 4-2","cell_dimension":0.09},{"efficiency":22.240908,"fill_factor":82.375273,"jsc":24.563579,"voc":1.099168,"key":"Forward_IV 5-5","cell_dimension":0.09},{"efficiency":21.695955,"fill_factor":82.243406,"jsc":24.045799,"voc":1.09708,"key":"Forward_IV 5-3","cell_dimension":0.09},{"efficiency":21.507501,"fill_factor":82.252995,"jsc":23.848359,"voc":1.096427,"key":"Forward_IV 5-2","cell_dimension":0.09},{"efficiency":22.508007,"fill_factor":82.052301,"jsc":24.93037,"voc":1.100316,"key":"Forward_IV 4-5","cell_dimension":0.09},{"efficiency":21.995741,"fill_factor":82.515468,"jsc":24.280632,"voc":1.097851,"key":"Forward_IV 4-4","cell_dimension":0.09},{"efficiency":21.895045,"fill_factor":82.394961,"jsc":24.225232,"voc":1.096926,"key":"Forward_IV 4-3","cell_dimension":0.09},{"efficiency":21.54428,"fill_factor":82.270389,"jsc":23.885095,"voc":1.096381,"key":"Forward_IV 4-2","cell_dimension":0.09}]},"tags":[],"updated_at":"2024-10-24 09:06:18","created_at":"2024-09-23 03:05:45","public":2,"analysis":{"JV":[{"V":{"value":[1.2,1.187,1.174,1.161,1.148,1.135,1.122,1.109,1.096,1.083,1.07,1.057,1.044,1.031,1.018,1.005,0.992,0.979,0.966,0.953,0.94,0.927,0.914,0.901,0.888,0.875,0.862,0.849,0.836,0.823,0.81,0.797,0.784,0.771,0.758,0.745,0.732,0.719,0.706,0.693,0.68,0.667,0.654,0.641,0.628,0.615,0.602,0.589,0.576,0.563,0.55,0.537,0.524,0.511,0.498,0.485,0.472,0.459,0.446,0.433,0.42,0.407,0.394,0.381,0.368,0.355,0.342,0.329,0.316,0.303,0.29,0.277,0.264,0.251,0.238,0.225,0.212,0.199,0.186,0.173,0.16,0.147,0.134,0.121,0.108,0.095,0.082,0.069,0.056,0.043,0.03,0.017,0.004,-0.009,-0.022,-0.035,-0.048,-0.061,-0.074,-0.087],"unit":"V"},"I":{"value":[-0.006159,-0.005213,-0.004305,-0.003441,-0.002631,-0.001876,-0.001187,-0.000566,-2.2e-5,0.000445,0.000832,0.001144,0.00139,0.001577,0.001715,0.001816,0.00189,0.001947,0.00199,0.002019,0.002044,0.002061,0.002076,0.002091,0.0021,0.002109,0.002117,0.002122,0.002129,0.002134,0.002138,0.002141,0.002145,0.002148,0.00215,0.002155,0.002157,0.002159,0.002162,0.002164,0.002166,0.002167,0.00217,0.002171,0.002172,0.002176,0.002176,0.002175,0.002177,0.002178,0.00218,0.002181,0.002182,0.002184,0.002186,0.002184,0.002185,0.002187,0.002189,0.002192,0.002191,0.002191,0.002192,0.002193,0.002194,0.002198,0.0022,0.002199,0.0022,0.002198,0.002201,0.002203,0.002205,0.002206,0.002207,0.002208,0.002212,0.00221,0.00221,0.00221,0.002211,0.002213,0.002216,0.002215,0.002214,0.002215,0.002217,0.002215,0.002217,0.002218,0.00222,0.002219,0.00222,0.00222,0.00222,0.002222,0.002223,0.002225,0.002227,0.002228],"unit":"A"},"J":{"value":[-0.00055431,-0.00046917,-0.00038744999999999996,-0.00030969,-0.00023679,-0.00016884,-0.00010682999999999999,-5.094e-5,-1.9799999999999997e-6,4.005e-5,7.487999999999999e-5,0.00010296,0.0001251,0.00014193,0.00015434999999999998,0.00016344,0.0001701,0.00017523,0.0001791,0.00018171,0.00018395999999999997,0.00018549,0.00018684000000000002,0.00018819,0.00018899999999999999,0.00018981,0.00019052999999999998,0.00019098000000000002,0.00019160999999999996,0.00019206,0.00019242,0.00019269,0.00019305,0.00019332,0.0001935,0.00019394999999999997,0.00019412999999999999,0.00019430999999999997,0.00019457999999999997,0.00019476,0.00019494,0.00019503,0.0001953,0.00019539,0.00019548,0.00019584,0.00019584,0.00019575,0.00019593,0.00019601999999999998,0.0001962,0.00019629,0.00019638,0.00019656,0.00019674,0.00019656,0.00019664999999999998,0.00019683,0.00019700999999999999,0.00019727999999999998,0.00019718999999999997,0.00019718999999999997,0.00019727999999999998,0.00019737,0.00019746000000000002,0.00019781999999999997,0.00019800000000000002,0.00019790999999999998,0.00019800000000000002,0.00019781999999999997,0.00019808999999999997,0.00019827,0.00019845,0.00019854,0.00019863000000000001,0.00019872,0.00019908,0.0001989,0.0001989,0.0001989,0.00019899,0.00019917,0.00019944,0.00019935,0.00019925999999999999,0.00019935,0.00019952999999999998,0.00019935,0.00019952999999999998,0.00019962,0.0001998,0.00019971,0.0001998,0.0001998,0.0001998,0.00019998,0.00020007,0.00020025,0.00020042999999999998,0.00020051999999999998],"unit":"A\/cm2"},"voc":{"unit":"V","value":1.099874},"isc":{"unit":"A","value":2.220143},"jsc":{"unit":"mA\/cm2","value":24.668257},"fill_factor":{"unit":"%","value":78.798871},"vmax":{"unit":"V","value":0.953},"efficiency":{"unit":"%","value":21.379682},"monitor_cell_reading":{"unit":"mV","value":0},"monitor_cell_calibration_value":{"unit":"mV","value":0},"test_device_area":{"unit":"cm2","value":0.09},"num_of_series_connected_stacks":{"unit":"","value":1},"sweep_direction":{"unit":"","value":"Reverse"},"device_id":{"unit":"","value":"5-5-r"},"cell_dimension":{"unit":"cm2","value":0.09},"key":"Reverse_IV 5-5"},{"V":{"value":[1.2,1.187,1.174,1.161,1.148,1.135,1.122,1.109,1.096,1.083,1.07,1.057,1.044,1.031,1.018,1.005,0.992,0.979,0.966,0.953,0.94,0.927,0.914,0.901,0.888,0.875,0.862,0.849,0.836,0.823,0.81,0.797,0.784,0.771,0.758,0.745,0.732,0.719,0.706,0.693,0.68,0.667,0.654,0.641,0.628,0.615,0.602,0.589,0.576,0.563,0.55,0.537,0.524,0.511,0.498,0.485,0.472,0.459,0.446,0.433,0.42,0.407,0.394,0.381,0.368,0.355,0.342,0.329,0.316,0.303,0.29,0.277,0.264,0.251,0.238,0.225,0.212,0.199,0.186,0.173,0.16,0.147,0.134,0.121,0.108,0.095,0.082,0.069,0.056,0.043,0.03,0.017,0.004,-0.009,-0.022,-0.035,-0.048,-0.061,-0.074,-0.087],"unit":"V"},"I":{"value":[-0.007468,-0.006362,-0.005302,-0.004294,-0.003355,-0.002485,-0.001697,-0.000992,-0.000378,0.000142,0.000575,0.000921,0.001195,0.001404,0.001561,0.00168,0.001768,0.001832,0.001881,0.001919,0.001946,0.001971,0.001988,0.002003,0.002017,0.002027,0.002036,0.002045,0.002051,0.002058,0.002063,0.002071,0.002075,0.002079,0.002083,0.002087,0.002092,0.002096,0.002098,0.002101,0.002104,0.002108,0.00211,0.002112,0.002115,0.002116,0.002118,0.00212,0.002122,0.002124,0.002123,0.002126,0.002127,0.00213,0.002131,0.002131,0.002133,0.002133,0.002136,0.002137,0.002138,0.002139,0.002142,0.002144,0.002144,0.002146,0.002146,0.002145,0.002149,0.002149,0.002151,0.002151,0.002154,0.002154,0.002155,0.002158,0.002158,0.00216,0.002163,0.002161,0.002164,0.002165,0.002164,0.002166,0.002168,0.002167,0.00217,0.00217,0.00217,0.002173,0.002172,0.002174,0.002175,0.002175,0.002178,0.002178,0.002177,0.002178,0.00218,0.002179],"unit":"A"},"J":{"value":[-0.00067212,-0.0005725799999999999,-0.00047718,-0.00038646,-0.00030195,-0.00022364999999999996,-0.00015272999999999998,-8.928e-5,-3.402e-5,1.278e-5,5.175e-5,8.289e-5,0.00010755,0.00012636,0.00014049,0.0001512,0.00015912,0.00016488,0.00016929,0.00017271,0.00017514,0.00017739,0.00017892,0.00018027,0.00018153,0.00018243,0.00018324,0.00018405,0.00018459,0.00018522,0.00018567,0.00018638999999999998,0.00018674999999999999,0.00018711000000000002,0.00018747000000000002,0.00018783,0.00018828,0.00018864,0.00018882,0.00018909,0.00018936,0.00018972,0.00018989999999999998,0.00019008,0.00019035,0.00019043999999999997,0.00019062,0.00019079999999999998,0.00019098000000000002,0.00019116,0.00019106999999999997,0.00019133999999999997,0.00019143,0.0001917,0.00019179,0.00019179,0.00019197,0.00019197,0.00019224,0.00019233,0.00019242,0.00019250999999999998,0.00019277999999999998,0.00019296,0.00019296,0.00019313999999999998,0.00019313999999999998,0.00019305,0.00019340999999999998,0.00019340999999999998,0.00019359,0.00019359,0.00019386,0.00019386,0.00019394999999999997,0.00019422000000000002,0.00019422000000000002,0.00019439999999999998,0.00019467,0.00019449000000000002,0.00019476,0.00019484999999999997,0.00019476,0.00019494,0.00019511999999999996,0.00019503,0.0001953,0.0001953,0.0001953,0.00019557,0.00019548,0.00019566,0.00019575,0.00019575,0.00019601999999999998,0.00019601999999999998,0.00019593,0.00019601999999999998,0.0001962,0.00019611],"unit":"A\/cm2"},"voc":{"unit":"V","value":1.094431},"isc":{"unit":"A","value":2.175054},"jsc":{"unit":"mA\/cm2","value":24.167265},"fill_factor":{"unit":"%","value":76.827477},"vmax":{"unit":"V","value":0.94},"efficiency":{"unit":"%","value":20.320409},"monitor_cell_reading":{"unit":"mV","value":0},"monitor_cell_calibration_value":{"unit":"mV","value":0},"test_device_area":{"unit":"cm2","value":0.09},"num_of_series_connected_stacks":{"unit":"","value":1},"sweep_direction":{"unit":"","value":"Reverse"},"device_id":{"unit":"","value":"5-3-r"},"cell_dimension":{"unit":"cm2","value":0.09},"key":"Reverse_IV 5-3"},{"V":{"value":[1.2,1.187,1.174,1.161,1.148,1.135,1.122,1.109,1.096,1.083,1.07,1.057,1.044,1.031,1.018,1.005,0.992,0.979,0.966,0.953,0.94,0.927,0.914,0.901,0.888,0.875,0.862,0.849,0.836,0.823,0.81,0.797,0.784,0.771,0.758,0.745,0.732,0.719,0.706,0.693,0.68,0.667,0.654,0.641,0.628,0.615,0.602,0.589,0.576,0.563,0.55,0.537,0.524,0.511,0.498,0.485,0.472,0.459,0.446,0.433,0.42,0.407,0.394,0.381,0.368,0.355,0.342,0.329,0.316,0.303,0.29,0.277,0.264,0.251,0.238,0.225,0.212,0.199,0.186,0.173,0.16,0.147,0.134,0.121,0.108,0.095,0.082,0.069,0.056,0.043,0.03,0.017,0.004,-0.009,-0.022,-0.035,-0.048,-0.061,-0.074,-0.087],"unit":"V"},"I":{"value":[-0.007171,-0.006124,-0.00512,-0.004163,-0.003268,-0.002436,-0.001678,-0.000996,-0.000399,0.000113,0.00054,0.000887,0.001162,0.001374,0.001534,0.001655,0.001745,0.001814,0.001864,0.001903,0.00193,0.001954,0.001975,0.001988,0.002001,0.002011,0.002021,0.002028,0.002036,0.002042,0.002047,0.002052,0.002058,0.00206,0.002066,0.002069,0.002073,0.002077,0.002078,0.002083,0.002085,0.002089,0.002092,0.002095,0.002095,0.002099,0.0021,0.002103,0.002104,0.002105,0.002107,0.002109,0.00211,0.00211,0.002112,0.002115,0.002116,0.002117,0.002119,0.002117,0.002119,0.00212,0.002121,0.002123,0.002124,0.002124,0.002125,0.002128,0.002128,0.00213,0.002131,0.002133,0.002132,0.002133,0.002134,0.002136,0.002135,0.002135,0.002136,0.002138,0.002138,0.002141,0.002141,0.002143,0.002143,0.002145,0.002146,0.002145,0.002146,0.002148,0.002149,0.002149,0.002152,0.002152,0.002153,0.002153,0.002154,0.002153,0.002155,0.002155],"unit":"A"},"J":{"value":[-0.00064539,-0.00055116,-0.00046080000000000003,-0.00037467,-0.00029412,-0.00021923999999999997,-0.00015102,-8.963999999999999e-5,-3.591e-5,1.017e-5,4.8599999999999995e-5,7.983e-5,0.00010458,0.00012366,0.00013806,0.00014895,0.00015705,0.00016326,0.00016775999999999998,0.00017126999999999998,0.0001737,0.00017586,0.00017775,0.00017892,0.00018009000000000002,0.00018099000000000001,0.00018188999999999998,0.00018251999999999998,0.00018324,0.00018377999999999998,0.00018423000000000002,0.00018468,0.00018522,0.0001854,0.00018594,0.00018621,0.00018657,0.00018692999999999997,0.00018701999999999998,0.00018747000000000002,0.00018765,0.00018801,0.00018828,0.00018855,0.00018855,0.00018891,0.00018899999999999999,0.00018926999999999998,0.00018936,0.00018945,0.00018962999999999999,0.00018981,0.00018989999999999998,0.00018989999999999998,0.00019008,0.00019035,0.00019043999999999997,0.00019052999999999998,0.00019070999999999997,0.00019052999999999998,0.00019070999999999997,0.00019079999999999998,0.00019089,0.00019106999999999997,0.00019116,0.00019116,0.00019125000000000001,0.00019152,0.00019152,0.0001917,0.00019179,0.00019197,0.00019188,0.00019197,0.00019206,0.00019224,0.00019215,0.00019215,0.00019224,0.00019242,0.00019242,0.00019269,0.00019269,0.00019287,0.00019287,0.00019305,0.00019313999999999998,0.00019305,0.00019313999999999998,0.00019332,0.00019340999999999998,0.00019340999999999998,0.00019367999999999998,0.00019367999999999998,0.00019376999999999998,0.00019376999999999998,0.00019386,0.00019376999999999998,0.00019394999999999997,0.00019394999999999997],"unit":"A\/cm2"},"voc":{"unit":"V","value":1.092911},"isc":{"unit":"A","value":2.151729},"jsc":{"unit":"mA\/cm2","value":23.908098},"fill_factor":{"unit":"%","value":77.131994},"vmax":{"unit":"V","value":0.94},"efficiency":{"unit":"%","value":20.154145},"monitor_cell_reading":{"unit":"mV","value":0},"monitor_cell_calibration_value":{"unit":"mV","value":0},"test_device_area":{"unit":"cm2","value":0.09},"num_of_series_connected_stacks":{"unit":"","value":1},"sweep_direction":{"unit":"","value":"Reverse"},"device_id":{"unit":"","value":"5-2-r"},"cell_dimension":{"unit":"cm2","value":0.09},"key":"Reverse_IV 5-2"},{"V":{"value":[1.2,1.187,1.174,1.161,1.148,1.135,1.122,1.109,1.096,1.083,1.07,1.057,1.044,1.031,1.018,1.005,0.992,0.979,0.966,0.953,0.94,0.927,0.914,0.901,0.888,0.875,0.862,0.849,0.836,0.823,0.81,0.797,0.784,0.771,0.758,0.745,0.732,0.719,0.706,0.693,0.68,0.667,0.654,0.641,0.628,0.615,0.602,0.589,0.576,0.563,0.55,0.537,0.524,0.511,0.498,0.485,0.472,0.459,0.446,0.433,0.42,0.407,0.394,0.381,0.368,0.355,0.342,0.329,0.316,0.303,0.29,0.277,0.264,0.251,0.238,0.225,0.212,0.199,0.186,0.173,0.16,0.147,0.134,0.121,0.108,0.095,0.082,0.069,0.056,0.043,0.03,0.017,0.004,-0.009,-0.022,-0.035,-0.048,-0.061,-0.074,-0.087],"unit":"V"},"I":{"value":[-0.006152,-0.005234,-0.004352,-0.003509,-0.002718,-0.001977,-0.0013,-0.000686,-0.000142,0.000328,0.000727,0.001053,0.001317,0.001522,0.001678,0.001797,0.001884,0.001948,0.001999,0.002035,0.002064,0.002084,0.0021,0.002114,0.002125,0.002138,0.002146,0.002152,0.002157,0.002162,0.002166,0.00217,0.002172,0.002178,0.002178,0.002183,0.002188,0.00219,0.002191,0.002194,0.002196,0.002197,0.002197,0.002202,0.002203,0.002205,0.002208,0.002208,0.002208,0.00221,0.002211,0.002212,0.002213,0.002212,0.002215,0.002217,0.002216,0.002217,0.00222,0.00222,0.002221,0.002223,0.002224,0.002223,0.002224,0.002226,0.002227,0.002226,0.002231,0.002231,0.002233,0.002232,0.002234,0.002234,0.002236,0.002237,0.002239,0.00224,0.002239,0.00224,0.002242,0.002242,0.002243,0.002244,0.002245,0.002245,0.002247,0.002248,0.002249,0.00225,0.00225,0.00225,0.002249,0.00225,0.002252,0.002252,0.002254,0.002253,0.002255,0.002256],"unit":"A"},"J":{"value":[-0.00055368,-0.00047106,-0.00039168,-0.00031581,-0.00024461999999999997,-0.00017793,-0.00011699999999999998,-6.174e-5,-1.278e-5,2.952e-5,6.543e-5,9.476999999999999e-5,0.00011852999999999999,0.00013697999999999998,0.00015102,0.00016172999999999998,0.00016956,0.00017532,0.00017990999999999998,0.00018314999999999998,0.00018575999999999998,0.00018755999999999997,0.00018899999999999999,0.00019025999999999998,0.00019125000000000001,0.00019242,0.00019313999999999998,0.00019367999999999998,0.00019412999999999999,0.00019457999999999997,0.00019494,0.0001953,0.00019548,0.00019601999999999998,0.00019601999999999998,0.00019647,0.00019691999999999998,0.0001971,0.00019718999999999997,0.00019746000000000002,0.00019763999999999998,0.00019773000000000002,0.00019773000000000002,0.00019817999999999998,0.00019827,0.00019845,0.00019872,0.00019872,0.00019872,0.0001989,0.00019899,0.00019908,0.00019917,0.00019908,0.00019935,0.00019952999999999998,0.00019944,0.00019952999999999998,0.0001998,0.0001998,0.00019988999999999999,0.00020007,0.00020015999999999998,0.00020007,0.00020015999999999998,0.00020034,0.00020042999999999998,0.00020034,0.00020078999999999998,0.00020078999999999998,0.00020097,0.00020088,0.00020105999999999998,0.00020105999999999998,0.00020124000000000002,0.00020132999999999997,0.00020151000000000001,0.00020159999999999997,0.00020151000000000001,0.00020159999999999997,0.00020178,0.00020178,0.00020187000000000002,0.00020195999999999997,0.00020205,0.00020205,0.00020223,0.00020232,0.00020241,0.0002025,0.0002025,0.0002025,0.00020241,0.0002025,0.00020268,0.00020268,0.00020286,0.00020276999999999998,0.00020295,0.00020304],"unit":"A\/cm2"},"voc":{"unit":"V","value":1.095134},"isc":{"unit":"A","value":2.24899},"jsc":{"unit":"mA\/cm2","value":24.988779},"fill_factor":{"unit":"%","value":78.756128},"vmax":{"unit":"V","value":0.94},"efficiency":{"unit":"%","value":21.552449},"monitor_cell_reading":{"unit":"mV","value":0},"monitor_cell_calibration_value":{"unit":"mV","value":0},"test_device_area":{"unit":"cm2","value":0.09},"num_of_series_connected_stacks":{"unit":"","value":1},"sweep_direction":{"unit":"","value":"Reverse"},"device_id":{"unit":"","value":"4-5-r"},"cell_dimension":{"unit":"cm2","value":0.09},"key":"Reverse_IV 4-5"},{"V":{"value":[1.2,1.187,1.174,1.161,1.148,1.135,1.122,1.109,1.096,1.083,1.07,1.057,1.044,1.031,1.018,1.005,0.992,0.979,0.966,0.953,0.94,0.927,0.914,0.901,0.888,0.875,0.862,0.849,0.836,0.823,0.81,0.797,0.784,0.771,0.758,0.745,0.732,0.719,0.706,0.693,0.68,0.667,0.654,0.641,0.628,0.615,0.602,0.589,0.576,0.563,0.55,0.537,0.524,0.511,0.498,0.485,0.472,0.459,0.446,0.433,0.42,0.407,0.394,0.381,0.368,0.355,0.342,0.329,0.316,0.303,0.29,0.277,0.264,0.251,0.238,0.225,0.212,0.199,0.186,0.173,0.16,0.147,0.134,0.121,0.108,0.095,0.082,0.069,0.056,0.043,0.03,0.017,0.004,-0.009,-0.022,-0.035,-0.048,-0.061,-0.074,-0.087],"unit":"V"},"I":{"value":[-0.006968,-0.005915,-0.004906,-0.003946,-0.003048,-0.002216,-0.00146,-0.000782,-0.000192,0.000308,0.000724,0.001055,0.001314,0.001509,0.001656,0.001762,0.001842,0.001901,0.001944,0.001978,0.002003,0.002021,0.002039,0.002053,0.002063,0.002073,0.002082,0.002089,0.002097,0.0021,0.002105,0.002109,0.002113,0.002119,0.002122,0.002125,0.002127,0.00213,0.002132,0.002135,0.002137,0.00214,0.00214,0.002142,0.002145,0.002148,0.002148,0.002149,0.00215,0.002152,0.002155,0.002155,0.002157,0.002158,0.002158,0.002158,0.002159,0.002163,0.002166,0.002167,0.002167,0.00217,0.002172,0.002172,0.002172,0.002174,0.002175,0.002177,0.002176,0.002177,0.00218,0.002181,0.00218,0.002183,0.002183,0.002184,0.002186,0.002185,0.002185,0.002188,0.002189,0.002189,0.00219,0.002191,0.002192,0.002192,0.002192,0.002195,0.002195,0.002194,0.002196,0.002196,0.002196,0.0022,0.0022,0.002201,0.002202,0.002203,0.002205,0.002203],"unit":"A"},"J":{"value":[-0.00062712,-0.00053235,-0.00044154,-0.00035514,-0.00027432,-0.00019944,-0.0001314,-7.038e-5,-1.728e-5,2.772e-5,6.516e-5,9.494999999999999e-5,0.00011826,0.00013581,0.00014904,0.00015858,0.00016578,0.00017109,0.00017496,0.00017802,0.00018027,0.00018188999999999998,0.00018350999999999998,0.00018477,0.00018567,0.00018657,0.00018738,0.00018801,0.00018873,0.00018899999999999999,0.00018945,0.00018981,0.00019016999999999998,0.00019070999999999997,0.00019098000000000002,0.00019125000000000001,0.00019143,0.0001917,0.00019188,0.00019215,0.00019233,0.0001926,0.0001926,0.00019277999999999998,0.00019305,0.00019332,0.00019332,0.00019340999999999998,0.0001935,0.00019367999999999998,0.00019394999999999997,0.00019394999999999997,0.00019412999999999999,0.00019422000000000002,0.00019422000000000002,0.00019422000000000002,0.00019430999999999997,0.00019467,0.00019494,0.00019503,0.00019503,0.0001953,0.00019548,0.00019548,0.00019548,0.00019566,0.00019575,0.00019593,0.00019584,0.00019593,0.0001962,0.00019629,0.0001962,0.00019647,0.00019647,0.00019656,0.00019674,0.00019664999999999998,0.00019664999999999998,0.00019691999999999998,0.00019700999999999999,0.00019700999999999999,0.0001971,0.00019718999999999997,0.00019727999999999998,0.00019727999999999998,0.00019727999999999998,0.00019754999999999998,0.00019754999999999998,0.00019746000000000002,0.00019763999999999998,0.00019763999999999998,0.00019763999999999998,0.00019800000000000002,0.00019800000000000002,0.00019808999999999997,0.00019817999999999998,0.00019827,0.00019845,0.00019827],"unit":"A\/cm2"},"voc":{"unit":"V","value":1.09408},"isc":{"unit":"A","value":2.195971},"jsc":{"unit":"mA\/cm2","value":24.399679},"fill_factor":{"unit":"%","value":78.461276},"vmax":{"unit":"V","value":0.953},"efficiency":{"unit":"%","value":20.945396},"monitor_cell_reading":{"unit":"mV","value":0},"monitor_cell_calibration_value":{"unit":"mV","value":0},"test_device_area":{"unit":"cm2","value":0.09},"num_of_series_connected_stacks":{"unit":"","value":1},"sweep_direction":{"unit":"","value":"Reverse"},"device_id":{"unit":"","value":"4-4-r"},"cell_dimension":{"unit":"cm2","value":0.09},"key":"Reverse_IV 4-4"},{"V":{"value":[1.2,1.187,1.174,1.161,1.148,1.135,1.122,1.109,1.096,1.083,1.07,1.057,1.044,1.031,1.018,1.005,0.992,0.979,0.966,0.953,0.94,0.927,0.914,0.901,0.888,0.875,0.862,0.849,0.836,0.823,0.81,0.797,0.784,0.771,0.758,0.745,0.732,0.719,0.706,0.693,0.68,0.667,0.654,0.641,0.628,0.615,0.602,0.589,0.576,0.563,0.55,0.537,0.524,0.511,0.498,0.485,0.472,0.459,0.446,0.433,0.42,0.407,0.394,0.381,0.368,0.355,0.342,0.329,0.316,0.303,0.29,0.277,0.264,0.251,0.238,0.225,0.212,0.199,0.186,0.173,0.16,0.147,0.134,0.121,0.108,0.095,0.082,0.069,0.056,0.043,0.03,0.017,0.004,-0.009,-0.022,-0.035,-0.048,-0.061,-0.074,-0.087],"unit":"V"},"I":{"value":[-0.007472,-0.006373,-0.005319,-0.004316,-0.003377,-0.002506,-0.001716,-0.001006,-0.000386,0.000141,0.00058,0.000934,0.001215,0.001429,0.001589,0.001709,0.001794,0.001861,0.001911,0.001947,0.001977,0.002001,0.00202,0.002035,0.002044,0.002054,0.002062,0.002071,0.002077,0.002085,0.002091,0.002095,0.002098,0.0021,0.002107,0.002111,0.002114,0.002117,0.002118,0.00212,0.002124,0.002125,0.002126,0.002131,0.002133,0.002135,0.002137,0.002138,0.002142,0.002142,0.002142,0.002146,0.002146,0.002146,0.002147,0.002148,0.002148,0.002153,0.002155,0.002156,0.002155,0.002157,0.002157,0.002158,0.002159,0.002161,0.002162,0.002166,0.002164,0.002166,0.002168,0.002167,0.00217,0.002171,0.002171,0.002171,0.002175,0.002175,0.002177,0.002177,0.002179,0.00218,0.00218,0.002182,0.002182,0.002183,0.002184,0.002184,0.002185,0.002188,0.002189,0.002188,0.00219,0.00219,0.002191,0.002192,0.002193,0.002194,0.002195,0.002194],"unit":"A"},"J":{"value":[-0.00067248,-0.00057357,-0.00047871,-0.00038844000000000004,-0.00030392999999999994,-0.00022553999999999999,-0.00015444,-9.054e-5,-3.4739999999999996e-5,1.269e-5,5.22e-5,8.406e-5,0.00010934999999999999,0.00012860999999999998,0.00014300999999999997,0.00015381,0.00016146,0.00016748999999999998,0.00017198999999999998,0.00017523,0.00017793,0.00018009000000000002,0.0001818,0.00018314999999999998,0.00018395999999999997,0.00018486,0.00018558,0.00018638999999999998,0.00018692999999999997,0.00018765,0.00018819,0.00018855,0.00018882,0.00018899999999999999,0.00018962999999999999,0.00018999,0.00019025999999999998,0.00019052999999999998,0.00019062,0.00019079999999999998,0.00019116,0.00019125000000000001,0.00019133999999999997,0.00019179,0.00019197,0.00019215,0.00019233,0.00019242,0.00019277999999999998,0.00019277999999999998,0.00019277999999999998,0.00019313999999999998,0.00019313999999999998,0.00019313999999999998,0.00019323,0.00019332,0.00019332,0.00019376999999999998,0.00019394999999999997,0.00019403999999999998,0.00019394999999999997,0.00019412999999999999,0.00019412999999999999,0.00019422000000000002,0.00019430999999999997,0.00019449000000000002,0.00019457999999999997,0.00019494,0.00019476,0.00019494,0.00019511999999999996,0.00019503,0.0001953,0.00019539,0.00019539,0.00019539,0.00019575,0.00019575,0.00019593,0.00019593,0.00019611,0.0001962,0.0001962,0.00019638,0.00019638,0.00019647,0.00019656,0.00019656,0.00019664999999999998,0.00019691999999999998,0.00019700999999999999,0.00019691999999999998,0.0001971,0.0001971,0.00019718999999999997,0.00019727999999999998,0.00019737,0.00019746000000000002,0.00019754999999999998,0.00019746000000000002],"unit":"A\/cm2"},"voc":{"unit":"V","value":1.09412},"isc":{"unit":"A","value":2.189682},"jsc":{"unit":"mA\/cm2","value":24.329796},"fill_factor":{"unit":"%","value":77.563728},"vmax":{"unit":"V","value":0.94},"efficiency":{"unit":"%","value":20.647236},"monitor_cell_reading":{"unit":"mV","value":0},"monitor_cell_calibration_value":{"unit":"mV","value":0},"test_device_area":{"unit":"cm2","value":0.09},"num_of_series_connected_stacks":{"unit":"","value":1},"sweep_direction":{"unit":"","value":"Reverse"},"device_id":{"unit":"","value":"4-3-r"},"cell_dimension":{"unit":"cm2","value":0.09},"key":"Reverse_IV 4-3"},{"V":{"value":[1.2,1.187,1.174,1.161,1.148,1.135,1.122,1.109,1.096,1.083,1.07,1.057,1.044,1.031,1.018,1.005,0.992,0.979,0.966,0.953,0.94,0.927,0.914,0.901,0.888,0.875,0.862,0.849,0.836,0.823,0.81,0.797,0.784,0.771,0.758,0.745,0.732,0.719,0.706,0.693,0.68,0.667,0.654,0.641,0.628,0.615,0.602,0.589,0.576,0.563,0.55,0.537,0.524,0.511,0.498,0.485,0.472,0.459,0.446,0.433,0.42,0.407,0.394,0.381,0.368,0.355,0.342,0.329,0.316,0.303,0.29,0.277,0.264,0.251,0.238,0.225,0.212,0.199,0.186,0.173,0.16,0.147,0.134,0.121,0.108,0.095,0.082,0.069,0.056,0.043,0.03,0.017,0.004,-0.009,-0.022,-0.035,-0.048,-0.061,-0.074,-0.087],"unit":"V"},"I":{"value":[-0.007069,-0.006051,-0.005072,-0.004138,-0.003261,-0.002445,-0.001697,-0.001021,-0.000423,8.7e-5,0.000519,0.000869,0.001148,0.001365,0.001529,0.001653,0.001745,0.001814,0.001867,0.001907,0.001938,0.001962,0.001981,0.001997,0.002008,0.002021,0.00203,0.002039,0.002045,0.00205,0.002055,0.002061,0.002064,0.002071,0.002073,0.002081,0.002084,0.002086,0.002089,0.00209,0.002092,0.002096,0.002098,0.002102,0.002103,0.002105,0.002107,0.002108,0.002111,0.002112,0.002114,0.002114,0.002118,0.002117,0.002121,0.002123,0.002123,0.002126,0.002128,0.002127,0.002128,0.002129,0.002129,0.002131,0.002132,0.002134,0.002136,0.002138,0.002139,0.002138,0.002137,0.002138,0.00214,0.00214,0.002144,0.002145,0.002146,0.002147,0.002147,0.002149,0.002149,0.002149,0.002148,0.002151,0.002153,0.002153,0.002152,0.002155,0.002155,0.002157,0.002159,0.002157,0.002158,0.002162,0.002161,0.002162,0.002162,0.002163,0.002164,0.002165],"unit":"A"},"J":{"value":[-0.00063621,-0.00054459,-0.00045648,-0.00037242,-0.00029349,-0.00022005,-0.00015272999999999998,-9.188999999999999e-5,-3.807e-5,7.83e-6,4.6710000000000005e-5,7.821e-5,0.00010332,0.00012284999999999998,0.00013761,0.00014877,0.00015705,0.00016326,0.00016803,0.00017163,0.00017442,0.00017658000000000002,0.00017829,0.00017973,0.00018071999999999996,0.00018188999999999998,0.0001827,0.00018350999999999998,0.00018405,0.0001845,0.00018495,0.00018549,0.00018575999999999998,0.00018638999999999998,0.00018657,0.00018728999999999998,0.00018755999999999997,0.00018774000000000002,0.00018801,0.0001881,0.00018828,0.00018864,0.00018882,0.00018918,0.00018926999999999998,0.00018945,0.00018962999999999999,0.00018972,0.00018999,0.00019008,0.00019025999999999998,0.00019025999999999998,0.00019062,0.00019052999999999998,0.00019089,0.00019106999999999997,0.00019106999999999997,0.00019133999999999997,0.00019152,0.00019143,0.00019152,0.00019160999999999996,0.00019160999999999996,0.00019179,0.00019188,0.00019206,0.00019224,0.00019242,0.00019250999999999998,0.00019242,0.00019233,0.00019242,0.0001926,0.0001926,0.00019296,0.00019305,0.00019313999999999998,0.00019323,0.00019323,0.00019340999999999998,0.00019340999999999998,0.00019340999999999998,0.00019332,0.00019359,0.00019376999999999998,0.00019376999999999998,0.00019367999999999998,0.00019394999999999997,0.00019394999999999997,0.00019412999999999999,0.00019430999999999997,0.00019412999999999999,0.00019422000000000002,0.00019457999999999997,0.00019449000000000002,0.00019457999999999997,0.00019457999999999997,0.00019467,0.00019476,0.00019484999999999997],"unit":"A\/cm2"},"voc":{"unit":"V","value":1.091786},"isc":{"unit":"A","value":2.158228},"jsc":{"unit":"mA\/cm2","value":23.980315},"fill_factor":{"unit":"%","value":77.292339},"vmax":{"unit":"V","value":0.94},"efficiency":{"unit":"%","value":20.236202},"monitor_cell_reading":{"unit":"mV","value":0},"monitor_cell_calibration_value":{"unit":"mV","value":0},"test_device_area":{"unit":"cm2","value":0.09},"num_of_series_connected_stacks":{"unit":"","value":1},"sweep_direction":{"unit":"","value":"Reverse"},"device_id":{"unit":"","value":"4-2-r"},"cell_dimension":{"unit":"cm2","value":0.09},"key":"Reverse_IV 4-2"},{"V":{"value":[-0.1,-0.087,-0.074,-0.061,-0.048,-0.035,-0.022,-0.009,0.004,0.017,0.03,0.043,0.056,0.069,0.082,0.095,0.108,0.121,0.134,0.147,0.16,0.173,0.186,0.199,0.212,0.225,0.238,0.251,0.264,0.277,0.29,0.303,0.316,0.329,0.342,0.355,0.368,0.381,0.394,0.407,0.42,0.433,0.446,0.459,0.472,0.485,0.498,0.511,0.524,0.537,0.55,0.563,0.576,0.589,0.602,0.615,0.628,0.641,0.654,0.667,0.68,0.693,0.706,0.719,0.732,0.745,0.758,0.771,0.784,0.797,0.81,0.823,0.836,0.849,0.862,0.875,0.888,0.901,0.914,0.927,0.94,0.953,0.966,0.979,0.992,1.005,1.018,1.031,1.044,1.057,1.07,1.083,1.096,1.109,1.122,1.135,1.148,1.161,1.174,1.187],"unit":"V"},"I":{"value":[0.002216,0.002213,0.002211,0.002212,0.00221,0.002212,0.002213,0.002213,0.002211,0.002212,0.002211,0.00221,0.002211,0.00221,0.002211,0.002212,0.002211,0.00221,0.00221,0.002209,0.00221,0.002208,0.002211,0.00221,0.00221,0.002209,0.002208,0.002209,0.00221,0.002209,0.002209,0.002208,0.002208,0.002208,0.002206,0.002206,0.002204,0.002207,0.002207,0.002207,0.002206,0.002204,0.002205,0.002206,0.002203,0.002204,0.002204,0.002202,0.002202,0.002201,0.002199,0.002198,0.0022,0.002198,0.002198,0.002198,0.002196,0.002195,0.002193,0.002193,0.00219,0.002188,0.00219,0.002189,0.002189,0.002187,0.002185,0.002185,0.002184,0.002182,0.00218,0.002176,0.002173,0.00217,0.002166,0.002164,0.002158,0.002151,0.002144,0.002135,0.00212,0.0021,0.002072,0.002034,0.001982,0.001906,0.001802,0.001658,0.001464,0.001214,0.000898,0.000507,3.9e-5,-0.000509,-0.001133,-0.001823,-0.00258,-0.003396,-0.004267,-0.005187],"unit":"A"},"J":{"value":[0.00019944,0.00019917,0.00019899,0.00019908,0.0001989,0.00019908,0.00019917,0.00019917,0.00019899,0.00019908,0.00019899,0.0001989,0.00019899,0.0001989,0.00019899,0.00019908,0.00019899,0.0001989,0.0001989,0.00019881,0.0001989,0.00019872,0.00019899,0.0001989,0.0001989,0.00019881,0.00019872,0.00019881,0.0001989,0.00019881,0.00019881,0.00019872,0.00019872,0.00019872,0.00019854,0.00019854,0.00019835999999999996,0.00019863000000000001,0.00019863000000000001,0.00019863000000000001,0.00019854,0.00019835999999999996,0.00019845,0.00019854,0.00019827,0.00019835999999999996,0.00019835999999999996,0.00019817999999999998,0.00019817999999999998,0.00019808999999999997,0.00019790999999999998,0.00019781999999999997,0.00019800000000000002,0.00019781999999999997,0.00019781999999999997,0.00019781999999999997,0.00019763999999999998,0.00019754999999999998,0.00019737,0.00019737,0.0001971,0.00019691999999999998,0.0001971,0.00019700999999999999,0.00019700999999999999,0.00019683,0.00019664999999999998,0.00019664999999999998,0.00019656,0.00019638,0.0001962,0.00019584,0.00019557,0.0001953,0.00019494,0.00019476,0.00019422000000000002,0.00019359,0.00019296,0.00019215,0.00019079999999999998,0.00018899999999999999,0.00018648,0.00018305999999999997,0.00017837999999999998,0.00017153999999999997,0.00016218,0.00014921999999999998,0.00013176,0.00010926,8.082e-5,4.5629999999999995e-5,3.51e-6,-4.581e-5,-0.00010196999999999999,-0.00016407,-0.00023219999999999998,-0.00030564,-0.00038403,-0.00046682999999999995],"unit":"A\/cm2"},"voc":{"unit":"V","value":1.099168},"isc":{"unit":"A","value":2.210722},"jsc":{"unit":"mA\/cm2","value":24.563579},"fill_factor":{"unit":"%","value":82.375273},"vmax":{"unit":"V","value":0.966},"efficiency":{"unit":"%","value":22.240908},"monitor_cell_reading":{"unit":"mV","value":0},"monitor_cell_calibration_value":{"unit":"mV","value":0},"test_device_area":{"unit":"cm2","value":0.09},"num_of_series_connected_stacks":{"unit":"","value":1},"sweep_direction":{"unit":"","value":"Forward"},"device_id":{"unit":"","value":"5-5-f"},"cell_dimension":{"unit":"cm2","value":0.09},"key":"Forward_IV 5-5"},{"V":{"value":[-0.1,-0.087,-0.074,-0.061,-0.048,-0.035,-0.022,-0.009,0.004,0.017,0.03,0.043,0.056,0.069,0.082,0.095,0.108,0.121,0.134,0.147,0.16,0.173,0.186,0.199,0.212,0.225,0.238,0.251,0.264,0.277,0.29,0.303,0.316,0.329,0.342,0.355,0.368,0.381,0.394,0.407,0.42,0.433,0.446,0.459,0.472,0.485,0.498,0.511,0.524,0.537,0.55,0.563,0.576,0.589,0.602,0.615,0.628,0.641,0.654,0.667,0.68,0.693,0.706,0.719,0.732,0.745,0.758,0.771,0.784,0.797,0.81,0.823,0.836,0.849,0.862,0.875,0.888,0.901,0.914,0.927,0.94,0.953,0.966,0.979,0.992,1.005,1.018,1.031,1.044,1.057,1.07,1.083,1.096,1.109,1.122,1.135,1.148,1.161,1.174,1.187],"unit":"V"},"I":{"value":[0.002164,0.00216,0.002159,0.002158,0.002161,0.002162,0.002162,0.002164,0.002164,0.002162,0.002165,0.002163,0.002163,0.002165,0.002164,0.002164,0.002163,0.002163,0.002164,0.002165,0.002166,0.002164,0.002165,0.002165,0.002163,0.002164,0.002165,0.002163,0.002164,0.002162,0.002163,0.002165,0.002163,0.002166,0.002162,0.002162,0.002161,0.00216,0.00216,0.002159,0.002159,0.002158,0.002157,0.002156,0.002155,0.002154,0.002159,0.002156,0.002155,0.002155,0.002155,0.002157,0.002154,0.002157,0.002155,0.002155,0.002154,0.002151,0.002151,0.002151,0.002148,0.002148,0.002147,0.002147,0.002146,0.002143,0.00214,0.002139,0.002137,0.002137,0.002134,0.002131,0.002127,0.002124,0.00212,0.002118,0.00211,0.002105,0.002097,0.002085,0.00207,0.002048,0.002021,0.001985,0.001931,0.001855,0.001754,0.001609,0.001418,0.001162,0.000833,0.000418,-8.7e-5,-0.000693,-0.001394,-0.002173,-0.00304,-0.00398,-0.004994,-0.00607],"unit":"A"},"J":{"value":[0.00019476,0.00019439999999999998,0.00019430999999999997,0.00019422000000000002,0.00019449000000000002,0.00019457999999999997,0.00019457999999999997,0.00019476,0.00019476,0.00019457999999999997,0.00019484999999999997,0.00019467,0.00019467,0.00019484999999999997,0.00019476,0.00019476,0.00019467,0.00019467,0.00019476,0.00019484999999999997,0.00019494,0.00019476,0.00019484999999999997,0.00019484999999999997,0.00019467,0.00019476,0.00019484999999999997,0.00019467,0.00019476,0.00019457999999999997,0.00019467,0.00019484999999999997,0.00019467,0.00019494,0.00019457999999999997,0.00019457999999999997,0.00019449000000000002,0.00019439999999999998,0.00019439999999999998,0.00019430999999999997,0.00019430999999999997,0.00019422000000000002,0.00019412999999999999,0.00019403999999999998,0.00019394999999999997,0.00019386,0.00019430999999999997,0.00019403999999999998,0.00019394999999999997,0.00019394999999999997,0.00019394999999999997,0.00019412999999999999,0.00019386,0.00019412999999999999,0.00019394999999999997,0.00019394999999999997,0.00019386,0.00019359,0.00019359,0.00019359,0.00019332,0.00019332,0.00019323,0.00019323,0.00019313999999999998,0.00019287,0.0001926,0.00019250999999999998,0.00019233,0.00019233,0.00019206,0.00019179,0.00019143,0.00019116,0.00019079999999999998,0.00019062,0.00018989999999999998,0.00018945,0.00018873,0.00018765,0.00018629999999999997,0.00018432,0.00018188999999999998,0.00017864999999999998,0.00017379,0.00016695,0.00015785999999999998,0.00014481,0.00012762,0.00010458,7.497e-5,3.762e-5,-7.83e-6,-6.237e-5,-0.00012546,-0.00019557,-0.0002736,-0.0003582,-0.00044946,-0.0005463],"unit":"A\/cm2"},"voc":{"unit":"V","value":1.09708},"isc":{"unit":"A","value":2.164122},"jsc":{"unit":"mA\/cm2","value":24.045799},"fill_factor":{"unit":"%","value":82.243406},"vmax":{"unit":"V","value":0.966},"efficiency":{"unit":"%","value":21.695955},"monitor_cell_reading":{"unit":"mV","value":0},"monitor_cell_calibration_value":{"unit":"mV","value":0},"test_device_area":{"unit":"cm2","value":0.09},"num_of_series_connected_stacks":{"unit":"","value":1},"sweep_direction":{"unit":"","value":"Forward"},"device_id":{"unit":"","value":"5-3-f"},"cell_dimension":{"unit":"cm2","value":0.09},"key":"Forward_IV 5-3"},{"V":{"value":[-0.1,-0.087,-0.074,-0.061,-0.048,-0.035,-0.022,-0.009,0.004,0.017,0.03,0.043,0.056,0.069,0.082,0.095,0.108,0.121,0.134,0.147,0.16,0.173,0.186,0.199,0.212,0.225,0.238,0.251,0.264,0.277,0.29,0.303,0.316,0.329,0.342,0.355,0.368,0.381,0.394,0.407,0.42,0.433,0.446,0.459,0.472,0.485,0.498,0.511,0.524,0.537,0.55,0.563,0.576,0.589,0.602,0.615,0.628,0.641,0.654,0.667,0.68,0.693,0.706,0.719,0.732,0.745,0.758,0.771,0.784,0.797,0.81,0.823,0.836,0.849,0.862,0.875,0.888,0.901,0.914,0.927,0.94,0.953,0.966,0.979,0.992,1.005,1.018,1.031,1.044,1.057,1.07,1.083,1.096,1.109,1.122,1.135,1.148,1.161,1.174,1.187],"unit":"V"},"I":{"value":[0.002148,0.002144,0.002143,0.002143,0.002142,0.002143,0.002144,0.002144,0.002146,0.002143,0.002144,0.002143,0.002144,0.002147,0.002143,0.002143,0.002144,0.002141,0.002143,0.002144,0.002144,0.002144,0.002145,0.002142,0.002143,0.002142,0.002142,0.002143,0.002143,0.002144,0.002142,0.002141,0.002141,0.00214,0.00214,0.002141,0.002142,0.002139,0.002139,0.002139,0.00214,0.002142,0.00214,0.00214,0.002139,0.002138,0.002137,0.002138,0.002136,0.002134,0.002136,0.002136,0.002133,0.002133,0.002133,0.002133,0.002133,0.002134,0.002132,0.002132,0.00213,0.00213,0.00213,0.002127,0.002126,0.002127,0.002124,0.002124,0.002122,0.002119,0.002117,0.002113,0.00211,0.00211,0.002104,0.0021,0.002095,0.002085,0.002075,0.002065,0.00205,0.002031,0.002004,0.001962,0.001906,0.001829,0.001721,0.001576,0.001381,0.001123,0.000794,0.000367,-0.000124,-0.000704,-0.001382,-0.002132,-0.002962,-0.003855,-0.004819,-0.005838],"unit":"A"},"J":{"value":[0.00019332,0.00019296,0.00019287,0.00019287,0.00019277999999999998,0.00019287,0.00019296,0.00019296,0.00019313999999999998,0.00019287,0.00019296,0.00019287,0.00019296,0.00019323,0.00019287,0.00019287,0.00019296,0.00019269,0.00019287,0.00019296,0.00019296,0.00019296,0.00019305,0.00019277999999999998,0.00019287,0.00019277999999999998,0.00019277999999999998,0.00019287,0.00019287,0.00019296,0.00019277999999999998,0.00019269,0.00019269,0.0001926,0.0001926,0.00019269,0.00019277999999999998,0.00019250999999999998,0.00019250999999999998,0.00019250999999999998,0.0001926,0.00019277999999999998,0.0001926,0.0001926,0.00019250999999999998,0.00019242,0.00019233,0.00019242,0.00019224,0.00019206,0.00019224,0.00019224,0.00019197,0.00019197,0.00019197,0.00019197,0.00019197,0.00019206,0.00019188,0.00019188,0.0001917,0.0001917,0.0001917,0.00019143,0.00019133999999999997,0.00019143,0.00019116,0.00019116,0.00019098000000000002,0.00019070999999999997,0.00019052999999999998,0.00019016999999999998,0.00018989999999999998,0.00018989999999999998,0.00018936,0.00018899999999999999,0.00018855,0.00018765,0.00018674999999999999,0.00018585,0.0001845,0.00018278999999999998,0.00018036000000000001,0.00017658000000000002,0.00017153999999999997,0.00016460999999999998,0.00015489,0.00014183999999999998,0.00012429,0.00010107,7.146e-5,3.3029999999999994e-5,-1.116e-5,-6.335999999999999e-5,-0.00012438,-0.00019188,-0.00026658,-0.00034695,-0.00043371,-0.00052542],"unit":"A\/cm2"},"voc":{"unit":"V","value":1.096427},"isc":{"unit":"A","value":2.146352},"jsc":{"unit":"mA\/cm2","value":23.848359},"fill_factor":{"unit":"%","value":82.252995},"vmax":{"unit":"V","value":0.953},"efficiency":{"unit":"%","value":21.507501},"monitor_cell_reading":{"unit":"mV","value":0},"monitor_cell_calibration_value":{"unit":"mV","value":0},"test_device_area":{"unit":"cm2","value":0.09},"num_of_series_connected_stacks":{"unit":"","value":1},"sweep_direction":{"unit":"","value":"Forward"},"device_id":{"unit":"","value":"5-2-f"},"cell_dimension":{"unit":"cm2","value":0.09},"key":"Forward_IV 5-2"},{"V":{"value":[-0.1,-0.087,-0.074,-0.061,-0.048,-0.035,-0.022,-0.009,0.004,0.017,0.03,0.043,0.056,0.069,0.082,0.095,0.108,0.121,0.134,0.147,0.16,0.173,0.186,0.199,0.212,0.225,0.238,0.251,0.264,0.277,0.29,0.303,0.316,0.329,0.342,0.355,0.368,0.381,0.394,0.407,0.42,0.433,0.446,0.459,0.472,0.485,0.498,0.511,0.524,0.537,0.55,0.563,0.576,0.589,0.602,0.615,0.628,0.641,0.654,0.667,0.68,0.693,0.706,0.719,0.732,0.745,0.758,0.771,0.784,0.797,0.81,0.823,0.836,0.849,0.862,0.875,0.888,0.901,0.914,0.927,0.94,0.953,0.966,0.979,0.992,1.005,1.018,1.031,1.044,1.057,1.07,1.083,1.096,1.109,1.122,1.135,1.148,1.161,1.174,1.187],"unit":"V"},"I":{"value":[0.00225,0.002245,0.002243,0.002243,0.002241,0.002244,0.002242,0.002242,0.002244,0.002241,0.002241,0.00224,0.002239,0.002241,0.002241,0.002243,0.002242,0.002239,0.002241,0.002238,0.002239,0.002239,0.002238,0.00224,0.00224,0.002239,0.00224,0.002239,0.00224,0.002242,0.002242,0.002241,0.002241,0.002241,0.002238,0.002238,0.002236,0.002236,0.002236,0.002236,0.002236,0.002235,0.002234,0.002236,0.002234,0.002233,0.002233,0.002234,0.002232,0.00223,0.002232,0.00223,0.002228,0.002229,0.002228,0.002226,0.002227,0.002228,0.002225,0.002225,0.002223,0.002222,0.002222,0.002221,0.00222,0.002218,0.002218,0.002217,0.002218,0.002214,0.002214,0.002211,0.002207,0.002204,0.002198,0.002195,0.002191,0.002183,0.002175,0.002164,0.002147,0.002126,0.002096,0.002055,0.001999,0.001921,0.001816,0.001673,0.001482,0.001236,0.000928,0.000547,9.4e-5,-0.000435,-0.001034,-0.001701,-0.002431,-0.003219,-0.004059,-0.004945],"unit":"A"},"J":{"value":[0.0002025,0.00020205,0.00020187000000000002,0.00020187000000000002,0.00020168999999999997,0.00020195999999999997,0.00020178,0.00020178,0.00020195999999999997,0.00020168999999999997,0.00020168999999999997,0.00020159999999999997,0.00020151000000000001,0.00020168999999999997,0.00020168999999999997,0.00020187000000000002,0.00020178,0.00020151000000000001,0.00020168999999999997,0.00020141999999999998,0.00020151000000000001,0.00020151000000000001,0.00020141999999999998,0.00020159999999999997,0.00020159999999999997,0.00020151000000000001,0.00020159999999999997,0.00020151000000000001,0.00020159999999999997,0.00020178,0.00020178,0.00020168999999999997,0.00020168999999999997,0.00020168999999999997,0.00020141999999999998,0.00020141999999999998,0.00020124000000000002,0.00020124000000000002,0.00020124000000000002,0.00020124000000000002,0.00020124000000000002,0.00020114999999999998,0.00020105999999999998,0.00020124000000000002,0.00020105999999999998,0.00020097,0.00020097,0.00020105999999999998,0.00020088,0.0002007,0.00020088,0.0002007,0.00020051999999999998,0.00020061,0.00020051999999999998,0.00020034,0.00020042999999999998,0.00020051999999999998,0.00020025,0.00020025,0.00020007,0.00019998,0.00019998,0.00019988999999999999,0.0001998,0.00019962,0.00019962,0.00019952999999999998,0.00019962,0.00019925999999999999,0.00019925999999999999,0.00019899,0.00019863000000000001,0.00019835999999999996,0.00019781999999999997,0.00019754999999999998,0.00019718999999999997,0.00019647,0.00019575,0.00019476,0.00019323,0.00019133999999999997,0.00018864,0.00018495,0.00017990999999999998,0.00017288999999999998,0.00016344,0.00015057,0.00013338,0.00011123999999999999,8.352e-5,4.9229999999999995e-5,8.459999999999999e-6,-3.9149999999999996e-5,-9.306e-5,-0.00015308999999999999,-0.00021878999999999998,-0.00028971,-0.00036531,-0.00044504999999999995],"unit":"A\/cm2"},"voc":{"unit":"V","value":1.100316},"isc":{"unit":"A","value":2.243733},"jsc":{"unit":"mA\/cm2","value":24.93037},"fill_factor":{"unit":"%","value":82.052301},"vmax":{"unit":"V","value":0.953},"efficiency":{"unit":"%","value":22.508007},"monitor_cell_reading":{"unit":"mV","value":0},"monitor_cell_calibration_value":{"unit":"mV","value":0},"test_device_area":{"unit":"cm2","value":0.09},"num_of_series_connected_stacks":{"unit":"","value":1},"sweep_direction":{"unit":"","value":"Forward"},"device_id":{"unit":"","value":"4-5-f"},"cell_dimension":{"unit":"cm2","value":0.09},"key":"Forward_IV 4-5"},{"V":{"value":[-0.1,-0.087,-0.074,-0.061,-0.048,-0.035,-0.022,-0.009,0.004,0.017,0.03,0.043,0.056,0.069,0.082,0.095,0.108,0.121,0.134,0.147,0.16,0.173,0.186,0.199,0.212,0.225,0.238,0.251,0.264,0.277,0.29,0.303,0.316,0.329,0.342,0.355,0.368,0.381,0.394,0.407,0.42,0.433,0.446,0.459,0.472,0.485,0.498,0.511,0.524,0.537,0.55,0.563,0.576,0.589,0.602,0.615,0.628,0.641,0.654,0.667,0.68,0.693,0.706,0.719,0.732,0.745,0.758,0.771,0.784,0.797,0.81,0.823,0.836,0.849,0.862,0.875,0.888,0.901,0.914,0.927,0.94,0.953,0.966,0.979,0.992,1.005,1.018,1.031,1.044,1.057,1.07,1.083,1.096,1.109,1.122,1.135,1.148,1.161,1.174,1.187],"unit":"V"},"I":{"value":[0.00219,0.002185,0.002185,0.002183,0.002183,0.002182,0.002182,0.002183,0.002185,0.002187,0.002185,0.002187,0.002188,0.002189,0.002189,0.002189,0.00219,0.002188,0.002186,0.002187,0.002187,0.002185,0.002184,0.002186,0.002186,0.002186,0.002187,0.002186,0.002183,0.002183,0.002183,0.002184,0.002184,0.002183,0.002182,0.002181,0.002182,0.002181,0.002178,0.002179,0.00218,0.00218,0.002179,0.002178,0.002179,0.002176,0.002178,0.002178,0.002176,0.002175,0.002175,0.002175,0.002174,0.002174,0.002172,0.00217,0.00217,0.002168,0.002169,0.002168,0.00217,0.002168,0.002164,0.002164,0.002164,0.002162,0.002162,0.002157,0.002158,0.002155,0.002154,0.002151,0.002148,0.002145,0.002143,0.002137,0.002131,0.002123,0.002119,0.00211,0.002096,0.002076,0.002049,0.002012,0.00196,0.001887,0.001784,0.001641,0.001451,0.001197,0.000872,0.00046,-3.9e-5,-0.000631,-0.001315,-0.002071,-0.002908,-0.003814,-0.004787,-0.005815],"unit":"A"},"J":{"value":[0.0001971,0.00019664999999999998,0.00019664999999999998,0.00019647,0.00019647,0.00019638,0.00019638,0.00019647,0.00019664999999999998,0.00019683,0.00019664999999999998,0.00019683,0.00019691999999999998,0.00019700999999999999,0.00019700999999999999,0.00019700999999999999,0.0001971,0.00019691999999999998,0.00019674,0.00019683,0.00019683,0.00019664999999999998,0.00019656,0.00019674,0.00019674,0.00019674,0.00019683,0.00019674,0.00019647,0.00019647,0.00019647,0.00019656,0.00019656,0.00019647,0.00019638,0.00019629,0.00019638,0.00019629,0.00019601999999999998,0.00019611,0.0001962,0.0001962,0.00019611,0.00019601999999999998,0.00019611,0.00019584,0.00019601999999999998,0.00019601999999999998,0.00019584,0.00019575,0.00019575,0.00019575,0.00019566,0.00019566,0.00019548,0.0001953,0.0001953,0.00019511999999999996,0.00019521,0.00019511999999999996,0.0001953,0.00019511999999999996,0.00019476,0.00019476,0.00019476,0.00019457999999999997,0.00019457999999999997,0.00019412999999999999,0.00019422000000000002,0.00019394999999999997,0.00019386,0.00019359,0.00019332,0.00019305,0.00019287,0.00019233,0.00019179,0.00019106999999999997,0.00019070999999999997,0.00018989999999999998,0.00018864,0.00018684000000000002,0.00018441,0.00018108,0.00017639999999999998,0.00016983,0.00016056,0.00014769,0.00013059,0.00010772999999999999,7.848000000000001e-5,4.14e-5,-3.51e-6,-5.6790000000000003e-5,-0.00011834999999999999,-0.00018638999999999998,-0.00026172,-0.00034326,-0.00043082999999999994,-0.00052335],"unit":"A\/cm2"},"voc":{"unit":"V","value":1.097851},"isc":{"unit":"A","value":2.185257},"jsc":{"unit":"mA\/cm2","value":24.280632},"fill_factor":{"unit":"%","value":82.515468},"vmax":{"unit":"V","value":0.966},"efficiency":{"unit":"%","value":21.995741},"monitor_cell_reading":{"unit":"mV","value":0},"monitor_cell_calibration_value":{"unit":"mV","value":0},"test_device_area":{"unit":"cm2","value":0.09},"num_of_series_connected_stacks":{"unit":"","value":1},"sweep_direction":{"unit":"","value":"Forward"},"device_id":{"unit":"","value":"4-4-f"},"cell_dimension":{"unit":"cm2","value":0.09},"key":"Forward_IV 4-4"},{"V":{"value":[-0.1,-0.087,-0.074,-0.061,-0.048,-0.035,-0.022,-0.009,0.004,0.017,0.03,0.043,0.056,0.069,0.082,0.095,0.108,0.121,0.134,0.147,0.16,0.173,0.186,0.199,0.212,0.225,0.238,0.251,0.264,0.277,0.29,0.303,0.316,0.329,0.342,0.355,0.368,0.381,0.394,0.407,0.42,0.433,0.446,0.459,0.472,0.485,0.498,0.511,0.524,0.537,0.55,0.563,0.576,0.589,0.602,0.615,0.628,0.641,0.654,0.667,0.68,0.693,0.706,0.719,0.732,0.745,0.758,0.771,0.784,0.797,0.81,0.823,0.836,0.849,0.862,0.875,0.888,0.901,0.914,0.927,0.94,0.953,0.966,0.979,0.992,1.005,1.018,1.031,1.044,1.057,1.07,1.083,1.096,1.109,1.122,1.135,1.148,1.161,1.174,1.187],"unit":"V"},"I":{"value":[0.00218,0.002177,0.002176,0.002178,0.002177,0.002178,0.002179,0.002178,0.00218,0.002181,0.002181,0.002182,0.002181,0.002182,0.002182,0.002181,0.002183,0.002184,0.002182,0.00218,0.002179,0.00218,0.002181,0.00218,0.002179,0.002179,0.002181,0.002179,0.002181,0.002181,0.002179,0.002178,0.002175,0.002177,0.002176,0.002176,0.002177,0.002177,0.002175,0.002175,0.002176,0.002175,0.002177,0.002175,0.002174,0.002174,0.002171,0.002172,0.002171,0.002171,0.002171,0.002171,0.00217,0.002168,0.002167,0.002169,0.00217,0.002167,0.002164,0.002163,0.002161,0.002162,0.002161,0.00216,0.00216,0.002158,0.002157,0.002155,0.002154,0.002152,0.00215,0.002148,0.002145,0.002142,0.002136,0.002134,0.002128,0.00212,0.002112,0.002101,0.002087,0.002068,0.00204,0.002001,0.001949,0.001872,0.001765,0.001622,0.001425,0.001165,0.00083,0.000409,-0.0001,-0.000706,-0.001414,-0.002197,-0.003065,-0.004006,-0.005019,-0.006091],"unit":"A"},"J":{"value":[0.0001962,0.00019593,0.00019584,0.00019601999999999998,0.00019593,0.00019601999999999998,0.00019611,0.00019601999999999998,0.0001962,0.00019629,0.00019629,0.00019638,0.00019629,0.00019638,0.00019638,0.00019629,0.00019647,0.00019656,0.00019638,0.0001962,0.00019611,0.0001962,0.00019629,0.0001962,0.00019611,0.00019611,0.00019629,0.00019611,0.00019629,0.00019629,0.00019611,0.00019601999999999998,0.00019575,0.00019593,0.00019584,0.00019584,0.00019593,0.00019593,0.00019575,0.00019575,0.00019584,0.00019575,0.00019593,0.00019575,0.00019566,0.00019566,0.00019539,0.00019548,0.00019539,0.00019539,0.00019539,0.00019539,0.0001953,0.00019511999999999996,0.00019503,0.00019521,0.0001953,0.00019503,0.00019476,0.00019467,0.00019449000000000002,0.00019457999999999997,0.00019449000000000002,0.00019439999999999998,0.00019439999999999998,0.00019422000000000002,0.00019412999999999999,0.00019394999999999997,0.00019386,0.00019367999999999998,0.0001935,0.00019332,0.00019305,0.00019277999999999998,0.00019224,0.00019206,0.00019152,0.00019079999999999998,0.00019008,0.00018909,0.00018783,0.00018612,0.00018360000000000002,0.00018009000000000002,0.00017541,0.00016847999999999999,0.00015885,0.00014597999999999998,0.00012825,0.00010485,7.47e-5,3.681e-5,-9.0e-6,-6.354e-5,-0.00012726,-0.00019773000000000002,-0.00027585,-0.00036054,-0.00045170999999999997,-0.0005481899999999999],"unit":"A\/cm2"},"voc":{"unit":"V","value":1.096926},"isc":{"unit":"A","value":2.180271},"jsc":{"unit":"mA\/cm2","value":24.225232},"fill_factor":{"unit":"%","value":82.394961},"vmax":{"unit":"V","value":0.953},"efficiency":{"unit":"%","value":21.895045},"monitor_cell_reading":{"unit":"mV","value":0},"monitor_cell_calibration_value":{"unit":"mV","value":0},"test_device_area":{"unit":"cm2","value":0.09},"num_of_series_connected_stacks":{"unit":"","value":1},"sweep_direction":{"unit":"","value":"Forward"},"device_id":{"unit":"","value":"4-3-f"},"cell_dimension":{"unit":"cm2","value":0.09},"key":"Forward_IV 4-3"},{"V":{"value":[-0.1,-0.087,-0.074,-0.061,-0.048,-0.035,-0.022,-0.009,0.004,0.017,0.03,0.043,0.056,0.069,0.082,0.095,0.108,0.121,0.134,0.147,0.16,0.173,0.186,0.199,0.212,0.225,0.238,0.251,0.264,0.277,0.29,0.303,0.316,0.329,0.342,0.355,0.368,0.381,0.394,0.407,0.42,0.433,0.446,0.459,0.472,0.485,0.498,0.511,0.524,0.537,0.55,0.563,0.576,0.589,0.602,0.615,0.628,0.641,0.654,0.667,0.68,0.693,0.706,0.719,0.732,0.745,0.758,0.771,0.784,0.797,0.81,0.823,0.836,0.849,0.862,0.875,0.888,0.901,0.914,0.927,0.94,0.953,0.966,0.979,0.992,1.005,1.018,1.031,1.044,1.057,1.07,1.083,1.096,1.109,1.122,1.135,1.148,1.161,1.174,1.187],"unit":"V"},"I":{"value":[0.002152,0.002151,0.002147,0.002147,0.002147,0.002146,0.002146,0.002149,0.00215,0.002149,0.002148,0.002148,0.002148,0.002149,0.002149,0.002149,0.002148,0.002149,0.002149,0.002147,0.002149,0.00215,0.00215,0.002148,0.002149,0.002148,0.002148,0.002149,0.002149,0.00215,0.002151,0.002149,0.002149,0.002148,0.002148,0.002148,0.002146,0.002144,0.002145,0.002145,0.002145,0.002145,0.002142,0.002145,0.002145,0.002143,0.002143,0.002143,0.002141,0.002141,0.002142,0.002141,0.002142,0.00214,0.002141,0.00214,0.002138,0.002137,0.002135,0.002134,0.002134,0.002133,0.002131,0.002132,0.00213,0.002128,0.002128,0.002125,0.002125,0.002122,0.002121,0.002116,0.002114,0.002111,0.002107,0.002103,0.002097,0.00209,0.002084,0.002071,0.002056,0.002035,0.002005,0.001965,0.001909,0.001831,0.001723,0.001577,0.00138,0.001118,0.000789,0.000377,-0.000118,-0.000699,-0.001372,-0.002113,-0.002929,-0.00381,-0.004752,-0.005745],"unit":"A"},"J":{"value":[0.00019367999999999998,0.00019359,0.00019323,0.00019323,0.00019323,0.00019313999999999998,0.00019313999999999998,0.00019340999999999998,0.0001935,0.00019340999999999998,0.00019332,0.00019332,0.00019332,0.00019340999999999998,0.00019340999999999998,0.00019340999999999998,0.00019332,0.00019340999999999998,0.00019340999999999998,0.00019323,0.00019340999999999998,0.0001935,0.0001935,0.00019332,0.00019340999999999998,0.00019332,0.00019332,0.00019340999999999998,0.00019340999999999998,0.0001935,0.00019359,0.00019340999999999998,0.00019340999999999998,0.00019332,0.00019332,0.00019332,0.00019313999999999998,0.00019296,0.00019305,0.00019305,0.00019305,0.00019305,0.00019277999999999998,0.00019305,0.00019305,0.00019287,0.00019287,0.00019287,0.00019269,0.00019269,0.00019277999999999998,0.00019269,0.00019277999999999998,0.0001926,0.00019269,0.0001926,0.00019242,0.00019233,0.00019215,0.00019206,0.00019206,0.00019197,0.00019179,0.00019188,0.0001917,0.00019152,0.00019152,0.00019125000000000001,0.00019125000000000001,0.00019098000000000002,0.00019089,0.00019043999999999997,0.00019025999999999998,0.00018999,0.00018962999999999999,0.00018926999999999998,0.00018873,0.0001881,0.00018755999999999997,0.00018638999999999998,0.00018504,0.00018314999999999998,0.00018044999999999997,0.00017685000000000002,0.00017181,0.00016479,0.00015507,0.00014193,0.00012419999999999998,0.00010062000000000001,7.101e-5,3.393e-5,-1.062e-5,-6.290999999999999e-5,-0.00012348,-0.00019016999999999998,-0.00026361,-0.0003429,-0.00042768,-0.00051705],"unit":"A\/cm2"},"voc":{"unit":"V","value":1.096381},"isc":{"unit":"A","value":2.149659},"jsc":{"unit":"mA\/cm2","value":23.885095},"fill_factor":{"unit":"%","value":82.270389},"vmax":{"unit":"V","value":0.953},"efficiency":{"unit":"%","value":21.54428},"monitor_cell_reading":{"unit":"mV","value":0},"monitor_cell_calibration_value":{"unit":"mV","value":0},"test_device_area":{"unit":"cm2","value":0.09},"num_of_series_connected_stacks":{"unit":"","value":1},"sweep_direction":{"unit":"","value":"Forward"},"device_id":{"unit":"","value":"4-2-f"},"cell_dimension":{"unit":"cm2","value":0.09},"key":"Forward_IV 4-2"}]}}