{"_id":"66ded2373cc4f91d53745672","id":"SKKU-SC-00413","author":82,"group":11,"input":[{"tco":{"unit":"","value":"ITO"}},{"surface_treatment":{"unit":"","value":"O-Plasma"}},{"etl":[{"material":{"unit":"","value":"SnO2"},"concentration":{"unit":"","value":"50"},"conc_unit":{"unit":"","value":"mg\/ml"},"quantity":{"unit":"ml","value":"1"}}],"annealing":[{"temperature":{"unit":"oC","value":"185"},"time":{"unit":"m","value":"30"}}],"spin_coating":[{"type":{"unit":"","value":"Static (loading)"},"rpm":{"unit":"","value":"3000"},"time":{"unit":"s","value":"20"}}]},{"perovskite":{"method":{"unit":"","value":"1step"},"molarity":{"unit":"M","value":"2M"},"a_site":[{"material":{"unit":"","value":"FA"},"ratio":{"unit":"%","value":"98"}},{"material":{"unit":"","value":"Cs"},"ratio":{"unit":"%","value":"2"}}],"b_site":[{"material":{"unit":"","value":"Pb"},"ratio":{"unit":"%","value":"100"}}],"x_site":[{"material":{"unit":"","value":"I"},"ratio":{"unit":"%","value":"100"}}],"solvent":[{"material":{"unit":"","value":"DMF"},"volume":{"unit":"ml","value":"0.5"}},{"material":{"unit":"","value":"NMP"},"volume":{"unit":"ml","value":"0.0964"}}],"antisolvent":[{"material":{"unit":"","value":"DEE"},"quantity":{"unit":"ul","value":"150"},"dripping_time":{"unit":"s","value":"13"}}],"annealing":[{"temperature":{"unit":"oC","value":"100"},"time":{"unit":"m","value":"5"}},{"temperature":{"unit":"oC","value":"150"},"time":{"unit":"m","value":"30"}}],"spin_coating":[{"type":{"unit":"","value":"Static (loading)"},"rpm":{"unit":"","value":"4000"},"time":{"unit":"s","value":"20"}}],"atmosphere":[{"type":{"unit":"","value":"glove-box(N2)"},"temperature":{"unit":"oC","value":"21.2"},"humidity":{"unit":"RH%","value":"0"}}],"additive":[{"material":{"unit":"","value":"MACl"},"solvent":{"unit":"","value":"DMF"},"concentration":{"unit":"","value":"225"},"conc_unit":{"unit":"","value":"mM"},"quantity":{"unit":"mol%","value":"22.5"}}]}},{"htl":[{"material":{"unit":"","value":"Spiro-OMeTAD"},"concentration":{"unit":"","value":"0.0868"},"conc_unit":{"unit":"","value":"mg\/ml"},"quantity":{"unit":"ml","value":"0.03"}}],"spin_coating":[{"type":{"unit":"","value":"Dynamic"},"rpm":{"unit":"","value":"3000"},"time":{"unit":"s","value":"30"}}],"solvent":[{"material":{"unit":"","value":"CB"},"volume":{"unit":"ml","value":"1"}}],"htl_doping":[{"material":{"unit":"","value":"Li-TFSI"},"volume":{"unit":"ul","value":"20"}},{"material":{"unit":"","value":"tBP"},"volume":{"unit":"ul","value":"34"}}]},{"anode_metal":{"unit":"","value":"Ag"}},{"note":{"unit":"","value":"Cs additives"},"type":{"unit":"","value":"unit_cell"},"device_type":{"unit":"","value":"n-i-p"},"temperature":{"unit":"\u2103","value":"19.7"},"humidity":{"unit":"%","value":"40"},"cell_dimension":{"unit":"cm2","value":"0.125"}}],"fileinfo":[{"key":"Forward_IV CS2-1-2","uploadType":"JV","original_name":"IV CS2-1-2-F.txt","save_name":"SKKU-SC-00413\/Forward_IV CS2-1-2","uploader":82,"fileType":""},{"key":"Reverse_IV CS2-1-2","uploadType":"JV","original_name":"IV CS2-1-2-R.txt","save_name":"SKKU-SC-00413\/Reverse_IV CS2-1-2","uploader":82,"fileType":""},{"key":"Forward_IV CS2-1-4","uploadType":"JV","original_name":"IV CS2-1-4-F.txt","save_name":"SKKU-SC-00413\/Forward_IV CS2-1-4","uploader":82,"fileType":""},{"key":"Reverse_IV CS2-1-4","uploadType":"JV","original_name":"IV CS2-1-4-R.txt","save_name":"SKKU-SC-00413\/Reverse_IV CS2-1-4","uploader":82,"fileType":""},{"key":"Forward_IV CS2-1-5","uploadType":"JV","original_name":"IV CS2-1-5-F.txt","save_name":"SKKU-SC-00413\/Forward_IV CS2-1-5","uploader":82,"fileType":""},{"key":"Reverse_IV CS2-1-5","uploadType":"JV","original_name":"IV CS2-1-5-R.txt","save_name":"SKKU-SC-00413\/Reverse_IV CS2-1-5","uploader":82,"fileType":""},{"key":"Forward_IV CS2-2-1","uploadType":"JV","original_name":"IV CS2-2-1-F.txt","save_name":"SKKU-SC-00413\/Forward_IV CS2-2-1","uploader":82,"fileType":""},{"key":"Reverse_IV CS2-2-1","uploadType":"JV","original_name":"IV CS2-2-1-R.txt","save_name":"SKKU-SC-00413\/Reverse_IV CS2-2-1","uploader":82,"fileType":""},{"key":"Forward_IV CS2-2-2","uploadType":"JV","original_name":"IV CS2-2-2-F.txt","save_name":"SKKU-SC-00413\/Forward_IV CS2-2-2","uploader":82,"fileType":""},{"key":"Reverse_IV CS2-2-2","uploadType":"JV","original_name":"IV CS2-2-2-R.txt","save_name":"SKKU-SC-00413\/Reverse_IV CS2-2-2","uploader":82,"fileType":""},{"key":"Forward_IV CS2-2-3","uploadType":"JV","original_name":"IV CS2-2-3-F.txt","save_name":"SKKU-SC-00413\/Forward_IV CS2-2-3","uploader":82,"fileType":""},{"key":"Reverse_IV CS2-2-3","uploadType":"JV","original_name":"IV CS2-2-3-R.txt","save_name":"SKKU-SC-00413\/Reverse_IV CS2-2-3","uploader":82,"fileType":""},{"key":"Forward_IV CS2-2-4","uploadType":"JV","original_name":"IV CS2-2-4-F.txt","save_name":"SKKU-SC-00413\/Forward_IV CS2-2-4","uploader":82,"fileType":""},{"key":"Reverse_IV CS2-2-4","uploadType":"JV","original_name":"IV CS2-2-4-R.txt","save_name":"SKKU-SC-00413\/Reverse_IV CS2-2-4","uploader":82,"fileType":""},{"key":"Forward_IV CS2-3-3","uploadType":"JV","original_name":"IV CS2-3-3-F.txt","save_name":"SKKU-SC-00413\/Forward_IV CS2-3-3","uploader":82,"fileType":""},{"key":"Reverse_IV CS2-3-3","uploadType":"JV","original_name":"IV CS2-3-3-R.txt","save_name":"SKKU-SC-00413\/Reverse_IV CS2-3-3","uploader":82,"fileType":""},{"key":"Forward_IV CS2-3-4","uploadType":"JV","original_name":"IV CS2-3-4-F.txt","save_name":"SKKU-SC-00413\/Forward_IV CS2-3-4","uploader":82,"fileType":""},{"key":"Reverse_IV CS2-3-4","uploadType":"JV","original_name":"IV CS2-3-4-R.txt","save_name":"SKKU-SC-00413\/Reverse_IV CS2-3-4","uploader":82,"fileType":""},{"key":"Forward_IV CS2-3-5","uploadType":"JV","original_name":"IV CS2-3-5-F.txt","save_name":"SKKU-SC-00413\/Forward_IV CS2-3-5","uploader":82,"fileType":""},{"key":"Reverse_IV CS2-3-5","uploadType":"JV","original_name":"IV CS2-3-5-R.txt","save_name":"SKKU-SC-00413\/Reverse_IV CS2-3-5","uploader":82,"fileType":""}],"jvcnt":20,"analysisInfo":{"JV":[{"efficiency":21.6,"fill_factor":79.32,"jsc":24.772,"voc":1.0992,"key":"Reverse_IV CS2-3-5","cell_dimension":0.125},{"efficiency":20.59,"fill_factor":77.25,"jsc":24.545,"voc":1.0861,"key":"Reverse_IV CS2-3-4","cell_dimension":0.125},{"efficiency":20.63,"fill_factor":78.7,"jsc":24.478,"voc":1.0711,"key":"Reverse_IV CS2-3-3","cell_dimension":0.125},{"efficiency":21.32,"fill_factor":79.78,"jsc":24.49,"voc":1.0912,"key":"Reverse_IV CS2-2-4","cell_dimension":0.125},{"efficiency":21.38,"fill_factor":81.12,"jsc":24.248,"voc":1.0871,"key":"Reverse_IV CS2-2-3","cell_dimension":0.125},{"efficiency":21.06,"fill_factor":80.15,"jsc":24.467,"voc":1.0737,"key":"Reverse_IV CS2-2-2","cell_dimension":0.125},{"efficiency":21.41,"fill_factor":79.14,"jsc":24.841,"voc":1.0891,"key":"Reverse_IV CS2-2-1","cell_dimension":0.125},{"efficiency":20.96,"fill_factor":78.46,"jsc":24.739,"voc":1.0797,"key":"Reverse_IV CS2-1-5","cell_dimension":0.125},{"efficiency":20.62,"fill_factor":78.06,"jsc":24.574,"voc":1.0752,"key":"Reverse_IV CS2-1-4","cell_dimension":0.125},{"efficiency":21.04,"fill_factor":78.41,"jsc":24.731,"voc":1.085,"key":"Reverse_IV CS2-1-2","cell_dimension":0.125},{"efficiency":20.79,"fill_factor":78.76,"jsc":24.773,"voc":1.0655,"key":"Forward_IV CS2-3-5","cell_dimension":0.125},{"efficiency":19.62,"fill_factor":75.89,"jsc":24.548,"voc":1.0531,"key":"Forward_IV CS2-3-4","cell_dimension":0.125},{"efficiency":20,"fill_factor":77.99,"jsc":24.462,"voc":1.0484,"key":"Forward_IV CS2-3-3","cell_dimension":0.125},{"efficiency":20.57,"fill_factor":78.93,"jsc":24.539,"voc":1.062,"key":"Forward_IV CS2-2-4","cell_dimension":0.125},{"efficiency":20.56,"fill_factor":79.52,"jsc":24.552,"voc":1.0534,"key":"Forward_IV CS2-2-3","cell_dimension":0.125},{"efficiency":19.97,"fill_factor":78.33,"jsc":24.63,"voc":1.0348,"key":"Forward_IV CS2-2-2","cell_dimension":0.125},{"efficiency":20.64,"fill_factor":78.68,"jsc":24.866,"voc":1.0552,"key":"Forward_IV CS2-2-1","cell_dimension":0.125},{"efficiency":20.37,"fill_factor":78.23,"jsc":24.757,"voc":1.0518,"key":"Forward_IV CS2-1-5","cell_dimension":0.125},{"efficiency":19.84,"fill_factor":77.8,"jsc":24.559,"voc":1.0384,"key":"Forward_IV CS2-1-4","cell_dimension":0.125},{"efficiency":20.36,"fill_factor":78.34,"jsc":24.741,"voc":1.0506,"key":"Forward_IV CS2-1-2","cell_dimension":0.125}]},"tags":[],"updated_at":"2024-10-24 09:14:16","created_at":"2024-09-09 10:47:19","public":2,"analysis":{"JV":[{"V":{"value":[1.2,1.187,1.174,1.161,1.147,1.134,1.121,1.108,1.095,1.082,1.069,1.056,1.042,1.029,1.016,1.003,0.99,0.977,0.964,0.951,0.937,0.924,0.911,0.898,0.885,0.872,0.859,0.845,0.832,0.819,0.806,0.793,0.78,0.767,0.754,0.74,0.727,0.714,0.701,0.688,0.675,0.662,0.648,0.635,0.622,0.609,0.596,0.583,0.57,0.557,0.543,0.53,0.517,0.504,0.491,0.478,0.465,0.452,0.438,0.425,0.412,0.399,0.386,0.373,0.36,0.346,0.333,0.32,0.307,0.294,0.281,0.268,0.255,0.241,0.228,0.215,0.202,0.189,0.176,0.163,0.149,0.136,0.123,0.11,0.097,0.084,0.071,0.058,0.044,0.031,0.018,0.005,-0.008,-0.021,-0.034,-0.047,-0.061,-0.074,-0.087,-0.1],"unit":"V"},"I":{"value":[-0.0037163,-0.0037163,-0.0034123,-0.0027581,-0.0020713,-0.0014618,-0.00088862,-0.00034252,0.00016107,0.00061963,0.0010311,0.001387,0.0017261,0.001993,0.0022118,0.0023912,0.0025364,0.0026613,0.0027508,0.0028201,0.0028811,0.002916,0.0029473,0.0029751,0.0029877,0.0030046,0.0030181,0.0030289,0.0030376,0.0030454,0.0030514,0.003056,0.0030603,0.0030633,0.0030671,0.0030709,0.0030747,0.0030734,0.0030771,0.0030794,0.003079,0.0030809,0.003081,0.0030825,0.0030858,0.0030872,0.0030878,0.003089,0.003089,0.0030892,0.0030893,0.003089,0.00309,0.0030942,0.0030948,0.0030947,0.003095,0.0030939,0.003094,0.0030748,0.0030953,0.0030921,0.0030937,0.0030956,0.0030939,0.003093,0.0030957,0.0030943,0.0030951,0.0030956,0.0030943,0.0030897,0.0030897,0.0030916,0.0030933,0.0030941,0.0030926,0.003093,0.0030943,0.0030924,0.0030947,0.0030973,0.003097,0.0030969,0.0030964,0.0030963,0.003097,0.0030982,0.0030975,0.0030966,0.0030976,0.0030959,0.0030973,0.0030979,0.0030993,0.0030989,0.0030988,0.0030987,0.0030989,0.0030965],"unit":"A"},"J":{"value":[-0.0004645375,-0.0004645375,-0.0004265375,-0.0003447625,-0.0002589125,-0.000182725,-0.0001110775,-4.2815e-5,2.013375e-5,7.745375e-5,0.0001288875,0.000173375,0.0002157625,0.000249125,0.000276475,0.0002989,0.00031705,0.0003326625,0.00034385,0.0003525125,0.0003601375,0.0003645,0.0003684125,0.0003718875,0.0003734625,0.000375575,0.0003772625,0.0003786125,0.0003797,0.000380675,0.000381425,0.000382,0.0003825375,0.0003829125,0.0003833875,0.0003838625,0.0003843375,0.000384175,0.0003846375,0.000384925,0.000384875,0.0003851125,0.000385125,0.0003853125,0.000385725,0.0003859,0.000385975,0.000386125,0.000386125,0.00038615,0.0003861625,0.000386125,0.00038625,0.000386775,0.00038685,0.0003868375,0.000386875,0.0003867375,0.00038675,0.00038435,0.0003869125,0.0003865125,0.0003867125,0.00038695,0.0003867375,0.000386625,0.0003869625,0.0003867875,0.0003868875,0.00038695,0.0003867875,0.0003862125,0.0003862125,0.00038645,0.0003866625,0.0003867625,0.000386575,0.000386625,0.0003867875,0.00038655,0.0003868375,0.0003871625,0.000387125,0.0003871125,0.00038705,0.0003870375,0.000387125,0.000387275,0.0003871875,0.000387075,0.0003872,0.0003869875,0.0003871625,0.0003872375,0.0003874125,0.0003873625,0.00038735,0.0003873375,0.0003873625,0.0003870625],"unit":"A\/cm2"},"voc":{"unit":"V","value":1.0992},"isc":{"unit":"A","value":0.0030965},"jsc":{"unit":"mA\/cm2","value":24.772},"fill_factor":{"unit":"%","value":79.32},"pmax":{"unit":"mW","value":2.7},"vmax":{"unit":"V","value":0.937},"imax":{"unit":"mA","value":2.881},"rshunt":{"unit":"ohms","value":20000},"voc_slope":{"unit":"ohms","value":28.4},"efficiency":{"unit":"%","value":21.6},"monitor_cell_reading":{"unit":"mV","value":0},"monitor_cell_calibration_value":{"unit":"mV","value":0},"test_device_area":{"unit":"cm2","value":0.125},"num_of_series_connected_stacks":{"unit":"","value":1},"meter_integration":{"unit":"NPLC","value":1},"source_irradiance":{"unit":"mW\/cm2","value":100},"voltage_settling_time":{"unit":"ms","value":100},"sweep_direction":{"unit":"","value":"Reverse"},"irradiance_variation_correction":{"unit":"","value":"None"},"device_id":{"unit":"","value":"CS2-3-5-R"},"cell_dimension":{"unit":"cm2","value":0.125},"key":"Reverse_IV CS2-3-5"},{"V":{"value":[1.2,1.187,1.174,1.161,1.147,1.134,1.121,1.108,1.095,1.082,1.069,1.056,1.042,1.029,1.016,1.003,0.99,0.977,0.964,0.951,0.937,0.924,0.911,0.898,0.885,0.872,0.859,0.845,0.832,0.819,0.806,0.793,0.78,0.767,0.754,0.74,0.727,0.714,0.701,0.688,0.675,0.662,0.648,0.635,0.622,0.609,0.596,0.583,0.57,0.557,0.543,0.53,0.517,0.504,0.491,0.478,0.465,0.452,0.438,0.425,0.412,0.399,0.386,0.373,0.36,0.346,0.333,0.32,0.307,0.294,0.281,0.268,0.255,0.241,0.228,0.215,0.202,0.189,0.176,0.163,0.149,0.136,0.123,0.11,0.097,0.084,0.071,0.058,0.044,0.031,0.018,0.005,-0.008,-0.021,-0.034,-0.047,-0.061,-0.074,-0.087,-0.1],"unit":"V"},"I":{"value":[-0.0036893,-0.0035755,-0.0030832,-0.0025922,-0.0020726,-0.0015995,-0.0011416,-0.00069914,-0.000276,0.00012558,0.00050265,0.0008519,0.0011886,0.0014807,0.0017404,0.0019696,0.0021673,0.0023351,0.0024747,0.0025898,0.0026905,0.0027631,0.0028202,0.0028663,0.0029015,0.0029277,0.0029513,0.0029719,0.0029856,0.0029951,0.0030058,0.0030141,0.00302,0.003025,0.0030296,0.0030367,0.0030381,0.0030414,0.0030419,0.0030446,0.0030476,0.0030467,0.0030489,0.0030517,0.0030509,0.0030547,0.003054,0.0030551,0.0030551,0.0030564,0.0030577,0.0030625,0.0030598,0.0030583,0.0030585,0.0030587,0.0030608,0.0030604,0.0030645,0.0030618,0.0030629,0.0030618,0.0030626,0.0030633,0.0030619,0.0030618,0.0030626,0.0030626,0.002948,0.0030634,0.0030641,0.0030613,0.0030573,0.0030615,0.0030638,0.0030641,0.0030648,0.0030633,0.0030655,0.0030663,0.003066,0.0030692,0.0030659,0.003067,0.0030652,0.0030646,0.0030662,0.0030678,0.0030678,0.0030678,0.0030693,0.0030685,0.0030674,0.003067,0.0030668,0.0030685,0.0030697,0.0030704,0.0030712,0.0030687],"unit":"A"},"J":{"value":[-0.0004611625,-0.0004469375,-0.0003854,-0.000324025,-0.000259075,-0.0001999375,-0.0001427,-8.73925e-5,-3.45e-5,1.56975e-5,6.283125e-5,0.0001064875,0.000148575,0.0001850875,0.00021755,0.0002462,0.0002709125,0.0002918875,0.0003093375,0.000323725,0.0003363125,0.0003453875,0.000352525,0.0003582875,0.0003626875,0.0003659625,0.0003689125,0.0003714875,0.0003732,0.0003743875,0.000375725,0.0003767625,0.0003775,0.000378125,0.0003787,0.0003795875,0.0003797625,0.000380175,0.0003802375,0.000380575,0.00038095,0.0003808375,0.0003811125,0.0003814625,0.0003813625,0.0003818375,0.00038175,0.0003818875,0.0003818875,0.00038205,0.0003822125,0.0003828125,0.000382475,0.0003822875,0.0003823125,0.0003823375,0.0003826,0.00038255,0.0003830625,0.000382725,0.0003828625,0.000382725,0.000382825,0.0003829125,0.0003827375,0.000382725,0.000382825,0.000382825,0.0003685,0.000382925,0.0003830125,0.0003826625,0.0003821625,0.0003826875,0.000382975,0.0003830125,0.0003831,0.0003829125,0.0003831875,0.0003832875,0.00038325,0.00038365,0.0003832375,0.000383375,0.00038315,0.000383075,0.000383275,0.000383475,0.000383475,0.000383475,0.0003836625,0.0003835625,0.000383425,0.000383375,0.00038335,0.0003835625,0.0003837125,0.0003838,0.0003839,0.0003835875],"unit":"A\/cm2"},"voc":{"unit":"V","value":1.0861},"isc":{"unit":"A","value":0.0030681},"jsc":{"unit":"mA\/cm2","value":24.545},"fill_factor":{"unit":"%","value":77.25},"pmax":{"unit":"mW","value":2.574},"vmax":{"unit":"V","value":0.898},"imax":{"unit":"mA","value":2.866},"rshunt":{"unit":"ohms","value":7530},"voc_slope":{"unit":"ohms","value":34.8},"efficiency":{"unit":"%","value":20.59},"monitor_cell_reading":{"unit":"mV","value":0},"monitor_cell_calibration_value":{"unit":"mV","value":0},"test_device_area":{"unit":"cm2","value":0.125},"num_of_series_connected_stacks":{"unit":"","value":1},"meter_integration":{"unit":"NPLC","value":1},"source_irradiance":{"unit":"mW\/cm2","value":100},"voltage_settling_time":{"unit":"ms","value":100},"sweep_direction":{"unit":"","value":"Reverse"},"irradiance_variation_correction":{"unit":"","value":"None"},"device_id":{"unit":"","value":"CS2-3-4-R"},"cell_dimension":{"unit":"cm2","value":0.125},"key":"Reverse_IV CS2-3-4"},{"V":{"value":[1.2,1.187,1.174,1.161,1.147,1.134,1.121,1.108,1.095,1.082,1.069,1.056,1.042,1.029,1.016,1.003,0.99,0.977,0.964,0.951,0.937,0.924,0.911,0.898,0.885,0.872,0.859,0.845,0.832,0.819,0.806,0.793,0.78,0.767,0.754,0.74,0.727,0.714,0.701,0.688,0.675,0.662,0.648,0.635,0.622,0.609,0.596,0.583,0.57,0.557,0.543,0.53,0.517,0.504,0.491,0.478,0.465,0.452,0.438,0.425,0.412,0.399,0.386,0.373,0.36,0.346,0.333,0.32,0.307,0.294,0.281,0.268,0.255,0.241,0.228,0.215,0.202,0.189,0.176,0.163,0.149,0.136,0.123,0.11,0.097,0.084,0.071,0.058,0.044,0.031,0.018,0.005,-0.008,-0.021,-0.034,-0.047,-0.061,-0.074,-0.087,-0.1],"unit":"V"},"I":{"value":[-0.0036794,-0.0036794,-0.0036794,-0.0036794,-0.0033759,-0.0026279,-0.0020342,-0.0014597,-0.00091772,-0.0003954,7.4934e-5,0.00051551,0.00094156,0.0012219,0.0015546,0.001834,0.0021086,0.0023088,0.0024269,0.0025872,0.0026906,0.0027672,0.0028265,0.002872,0.0029087,0.0029343,0.0029567,0.0029732,0.002989,0.0029984,0.0030069,0.0030125,0.00302,0.0030266,0.0030283,0.0030337,0.0030331,0.0030334,0.0030375,0.0030449,0.0030467,0.0030488,0.0030455,0.0030492,0.0030486,0.0030509,0.0030526,0.0030503,0.0030484,0.0030521,0.0030523,0.0030545,0.0030546,0.0030542,0.0030536,0.0030547,0.0030538,0.0030544,0.0030566,0.0030562,0.0030554,0.0030535,0.0030548,0.0030534,0.0030513,0.0030543,0.0030574,0.0030558,0.0030574,0.0030584,0.0030588,0.00306,0.0030592,0.0030586,0.0030559,0.0030563,0.003058,0.0030567,0.003055,0.0030581,0.0030553,0.0030588,0.0030598,0.0030593,0.0030581,0.0030592,0.0030568,0.0030577,0.0030601,0.0030594,0.0030588,0.0030595,0.0030601,0.0030588,0.0030592,0.0030598,0.0030579,0.003058,0.0030624,0.0030632],"unit":"A"},"J":{"value":[-0.000459925,-0.000459925,-0.000459925,-0.000459925,-0.0004219875,-0.0003284875,-0.000254275,-0.0001824625,-0.000114715,-4.9425e-5,9.36675e-6,6.443875e-5,0.000117695,0.0001527375,0.000194325,0.00022925,0.000263575,0.0002886,0.0003033625,0.0003234,0.000336325,0.0003459,0.0003533125,0.000359,0.0003635875,0.0003667875,0.0003695875,0.00037165,0.000373625,0.0003748,0.0003758625,0.0003765625,0.0003775,0.000378325,0.0003785375,0.0003792125,0.0003791375,0.000379175,0.0003796875,0.0003806125,0.0003808375,0.0003811,0.0003806875,0.00038115,0.000381075,0.0003813625,0.000381575,0.0003812875,0.00038105,0.0003815125,0.0003815375,0.0003818125,0.000381825,0.000381775,0.0003817,0.0003818375,0.000381725,0.0003818,0.000382075,0.000382025,0.000381925,0.0003816875,0.00038185,0.000381675,0.0003814125,0.0003817875,0.000382175,0.000381975,0.000382175,0.0003823,0.00038235,0.0003825,0.0003824,0.000382325,0.0003819875,0.0003820375,0.00038225,0.0003820875,0.000381875,0.0003822625,0.0003819125,0.00038235,0.000382475,0.0003824125,0.0003822625,0.0003824,0.0003821,0.0003822125,0.0003825125,0.000382425,0.00038235,0.0003824375,0.0003825125,0.00038235,0.0003824,0.000382475,0.0003822375,0.00038225,0.0003828,0.0003829],"unit":"A\/cm2"},"voc":{"unit":"V","value":1.0711},"isc":{"unit":"A","value":0.0030597},"jsc":{"unit":"mA\/cm2","value":24.478},"fill_factor":{"unit":"%","value":78.7},"pmax":{"unit":"mW","value":2.579},"vmax":{"unit":"V","value":0.898},"imax":{"unit":"mA","value":2.872},"rshunt":{"unit":"ohms","value":-890},"voc_slope":{"unit":"ohms","value":30.3},"efficiency":{"unit":"%","value":20.63},"monitor_cell_reading":{"unit":"mV","value":0},"monitor_cell_calibration_value":{"unit":"mV","value":0},"test_device_area":{"unit":"cm2","value":0.125},"num_of_series_connected_stacks":{"unit":"","value":1},"meter_integration":{"unit":"NPLC","value":1},"source_irradiance":{"unit":"mW\/cm2","value":100},"voltage_settling_time":{"unit":"ms","value":100},"sweep_direction":{"unit":"","value":"Reverse"},"irradiance_variation_correction":{"unit":"","value":"None"},"device_id":{"unit":"","value":"CS2-3-3-R"},"cell_dimension":{"unit":"cm2","value":0.125},"key":"Reverse_IV CS2-3-3"},{"V":{"value":[1.2,1.187,1.174,1.161,1.147,1.134,1.121,1.108,1.095,1.082,1.069,1.056,1.042,1.029,1.016,1.003,0.99,0.977,0.964,0.951,0.937,0.924,0.911,0.898,0.885,0.872,0.859,0.845,0.832,0.819,0.806,0.793,0.78,0.767,0.754,0.74,0.727,0.714,0.701,0.688,0.675,0.662,0.648,0.635,0.622,0.609,0.596,0.583,0.57,0.557,0.543,0.53,0.517,0.504,0.491,0.478,0.465,0.452,0.438,0.425,0.412,0.399,0.386,0.373,0.36,0.346,0.333,0.32,0.307,0.294,0.281,0.268,0.255,0.241,0.228,0.215,0.202,0.189,0.176,0.163,0.149,0.136,0.123,0.11,0.097,0.084,0.071,0.058,0.044,0.031,0.018,0.005,-0.008,-0.021,-0.034,-0.047,-0.061,-0.074,-0.087,-0.1],"unit":"V"},"I":{"value":[-0.0036964,-0.0036964,-0.0036964,-0.003276,-0.002544,-0.0018913,-0.0012725,-0.00069094,-0.00014539,0.0003511,0.00080256,0.0011917,0.0015679,0.0018634,0.0021254,0.0023077,0.0024684,0.002597,0.0026966,0.0027738,0.0028374,0.0028844,0.0029196,0.0029469,0.0029665,0.0029852,0.0029983,0.0030128,0.0030189,0.0030263,0.0030277,0.0030309,0.0030357,0.0030416,0.0030448,0.0030488,0.0030496,0.0030517,0.0030532,0.0030532,0.0030547,0.0030547,0.0030562,0.0030522,0.0030574,0.0030582,0.0030615,0.0030625,0.0030602,0.0030624,0.0030613,0.0030601,0.0030622,0.0030612,0.0030622,0.0030602,0.0030608,0.003062,0.003062,0.0030627,0.0030622,0.0030609,0.0030609,0.0030627,0.0030614,0.0030625,0.0030641,0.0030659,0.0030658,0.0030625,0.003062,0.0030623,0.0030636,0.0030642,0.0030662,0.0030645,0.0030658,0.0030638,0.0030622,0.0030629,0.0030642,0.0030654,0.0030657,0.0030623,0.0030636,0.0030669,0.0030644,0.0030653,0.0030641,0.0030633,0.0030636,0.003061,0.0030618,0.0030651,0.003064,0.0030669,0.0030663,0.0030643,0.0030641,0.0030656],"unit":"A"},"J":{"value":[-0.00046205,-0.00046205,-0.00046205,-0.0004095,-0.000318,-0.0002364125,-0.0001590625,-8.63675e-5,-1.817375e-5,4.38875e-5,0.00010032,0.0001489625,0.0001959875,0.000232925,0.000265675,0.0002884625,0.00030855,0.000324625,0.000337075,0.000346725,0.000354675,0.00036055,0.00036495,0.0003683625,0.0003708125,0.00037315,0.0003747875,0.0003766,0.0003773625,0.0003782875,0.0003784625,0.0003788625,0.0003794625,0.0003802,0.0003806,0.0003811,0.0003812,0.0003814625,0.00038165,0.00038165,0.0003818375,0.0003818375,0.000382025,0.000381525,0.000382175,0.000382275,0.0003826875,0.0003828125,0.000382525,0.0003828,0.0003826625,0.0003825125,0.000382775,0.00038265,0.000382775,0.000382525,0.0003826,0.00038275,0.00038275,0.0003828375,0.000382775,0.0003826125,0.0003826125,0.0003828375,0.000382675,0.0003828125,0.0003830125,0.0003832375,0.000383225,0.0003828125,0.00038275,0.0003827875,0.00038295,0.000383025,0.000383275,0.0003830625,0.000383225,0.000382975,0.000382775,0.0003828625,0.000383025,0.000383175,0.0003832125,0.0003827875,0.00038295,0.0003833625,0.00038305,0.0003831625,0.0003830125,0.0003829125,0.00038295,0.000382625,0.000382725,0.0003831375,0.000383,0.0003833625,0.0003832875,0.0003830375,0.0003830125,0.0003832],"unit":"A\/cm2"},"voc":{"unit":"V","value":1.0912},"isc":{"unit":"A","value":0.0030613},"jsc":{"unit":"mA\/cm2","value":24.49},"fill_factor":{"unit":"%","value":79.78},"pmax":{"unit":"mW","value":2.665},"vmax":{"unit":"V","value":0.924},"imax":{"unit":"mA","value":2.884},"rshunt":{"unit":"ohms","value":7790},"voc_slope":{"unit":"ohms","value":26.2},"efficiency":{"unit":"%","value":21.32},"monitor_cell_reading":{"unit":"mV","value":0},"monitor_cell_calibration_value":{"unit":"mV","value":0},"test_device_area":{"unit":"cm2","value":0.125},"num_of_series_connected_stacks":{"unit":"","value":1},"meter_integration":{"unit":"NPLC","value":1},"source_irradiance":{"unit":"mW\/cm2","value":100},"voltage_settling_time":{"unit":"ms","value":100},"sweep_direction":{"unit":"","value":"Reverse"},"irradiance_variation_correction":{"unit":"","value":"None"},"device_id":{"unit":"","value":"CS2-2-4-R"},"cell_dimension":{"unit":"cm2","value":0.125},"key":"Reverse_IV CS2-2-4"},{"V":{"value":[1.2,1.187,1.174,1.161,1.147,1.134,1.121,1.108,1.095,1.082,1.069,1.056,1.042,1.029,1.016,1.003,0.99,0.977,0.964,0.951,0.937,0.924,0.911,0.898,0.885,0.872,0.859,0.845,0.832,0.819,0.806,0.793,0.78,0.767,0.754,0.74,0.727,0.714,0.701,0.688,0.675,0.662,0.648,0.635,0.622,0.609,0.596,0.583,0.57,0.557,0.543,0.53,0.517,0.504,0.491,0.478,0.465,0.452,0.438,0.425,0.412,0.399,0.386,0.373,0.36,0.346,0.333,0.32,0.307,0.294,0.281,0.268,0.255,0.241,0.228,0.215,0.202,0.189,0.176,0.163,0.149,0.136,0.123,0.11,0.097,0.084,0.071,0.058,0.044,0.031,0.018,0.005,-0.008,-0.021,-0.034,-0.047,-0.061,-0.074,-0.087,-0.1],"unit":"V"},"I":{"value":[-0.0036893,-0.0036893,-0.0036893,-0.0036893,-0.0030932,-0.0023362,-0.0016346,-0.00095511,-0.00034361,0.00022384,0.00072081,0.0011461,0.0015739,0.0018589,0.0021133,0.0023192,0.0024833,0.0026098,0.002708,0.0027824,0.0028488,0.0028928,0.0029257,0.0029504,0.0029672,0.0029868,0.003,0.0030114,0.0030178,0.0030233,0.003029,0.0030336,0.0030341,0.0030385,0.0030393,0.0030419,0.0030447,0.0030447,0.0030483,0.0030508,0.0030513,0.0030518,0.0030523,0.0030547,0.0030547,0.0030565,0.0030565,0.0030557,0.0030587,0.0030575,0.0030584,0.0030564,0.0030585,0.0030612,0.0030583,0.0030608,0.0030619,0.0030628,0.0030645,0.0030661,0.003066,0.0030651,0.0030656,0.0030678,0.0030701,0.003069,0.0030671,0.0030683,0.0030696,0.0030689,0.0030679,0.0030704,0.0030669,0.0030654,0.0030672,0.0030691,0.0030703,0.0030698,0.0030685,0.0030696,0.0030712,0.0030712,0.0030699,0.0030729,0.0030741,0.0030709,0.0030701,0.0030734,0.0030716,0.0030719,0.0030701,0.0030189,0.0030504,0.0030879,0.0031272,0.0031599,0.0030721,0.0030706,0.0030726,0.003072],"unit":"A"},"J":{"value":[-0.0004611625,-0.0004611625,-0.0004611625,-0.0004611625,-0.00038665,-0.000292025,-0.000204325,-0.00011938875,-4.295125e-5,2.798e-5,9.010125e-5,0.0001432625,0.0001967375,0.0002323625,0.0002641625,0.0002899,0.0003104125,0.000326225,0.0003385,0.0003478,0.0003561,0.0003616,0.0003657125,0.0003688,0.0003709,0.00037335,0.000375,0.000376425,0.000377225,0.0003779125,0.000378625,0.0003792,0.0003792625,0.0003798125,0.0003799125,0.0003802375,0.0003805875,0.0003805875,0.0003810375,0.00038135,0.0003814125,0.000381475,0.0003815375,0.0003818375,0.0003818375,0.0003820625,0.0003820625,0.0003819625,0.0003823375,0.0003821875,0.0003823,0.00038205,0.0003823125,0.00038265,0.0003822875,0.0003826,0.0003827375,0.00038285,0.0003830625,0.0003832625,0.00038325,0.0003831375,0.0003832,0.000383475,0.0003837625,0.000383625,0.0003833875,0.0003835375,0.0003837,0.0003836125,0.0003834875,0.0003838,0.0003833625,0.000383175,0.0003834,0.0003836375,0.0003837875,0.000383725,0.0003835625,0.0003837,0.0003839,0.0003839,0.0003837375,0.0003841125,0.0003842625,0.0003838625,0.0003837625,0.000384175,0.00038395,0.0003839875,0.0003837625,0.0003773625,0.0003813,0.0003859875,0.0003909,0.0003949875,0.0003840125,0.000383825,0.000384075,0.000384],"unit":"A\/cm2"},"voc":{"unit":"V","value":1.0871},"isc":{"unit":"A","value":0.003031},"jsc":{"unit":"mA\/cm2","value":24.248},"fill_factor":{"unit":"%","value":81.12},"pmax":{"unit":"mW","value":2.673},"vmax":{"unit":"V","value":0.924},"imax":{"unit":"mA","value":2.893},"rshunt":{"unit":"ohms","value":461},"voc_slope":{"unit":"ohms","value":25.9},"efficiency":{"unit":"%","value":21.38},"monitor_cell_reading":{"unit":"mV","value":0},"monitor_cell_calibration_value":{"unit":"mV","value":0},"test_device_area":{"unit":"cm2","value":0.125},"num_of_series_connected_stacks":{"unit":"","value":1},"meter_integration":{"unit":"NPLC","value":1},"source_irradiance":{"unit":"mW\/cm2","value":100},"voltage_settling_time":{"unit":"ms","value":100},"sweep_direction":{"unit":"","value":"Reverse"},"irradiance_variation_correction":{"unit":"","value":"None"},"device_id":{"unit":"","value":"CS2-2-2-R"},"cell_dimension":{"unit":"cm2","value":0.125},"key":"Reverse_IV CS2-2-3"},{"V":{"value":[1.2,1.187,1.174,1.161,1.147,1.134,1.121,1.108,1.095,1.082,1.069,1.056,1.042,1.029,1.016,1.003,0.99,0.977,0.964,0.951,0.937,0.924,0.911,0.898,0.885,0.872,0.859,0.845,0.832,0.819,0.806,0.793,0.78,0.767,0.754,0.74,0.727,0.714,0.701,0.688,0.675,0.662,0.648,0.635,0.622,0.609,0.596,0.583,0.57,0.557,0.543,0.53,0.517,0.504,0.491,0.478,0.465,0.452,0.438,0.425,0.412,0.399,0.386,0.373,0.36,0.346,0.333,0.32,0.307,0.294,0.281,0.268,0.255,0.241,0.228,0.215,0.202,0.189,0.176,0.163,0.149,0.136,0.123,0.11,0.097,0.084,0.071,0.058,0.044,0.031,0.018,0.005,-0.008,-0.021,-0.034,-0.047,-0.061,-0.074,-0.087,-0.1],"unit":"V"},"I":{"value":[-0.0037044,-0.0037044,-0.0037044,-0.0037044,-0.0034946,-0.0028019,-0.0021813,-0.0015415,-0.00080358,-0.00034505,0.00019655,0.00068165,0.0012115,0.0015691,0.0018712,0.0021221,0.0023256,0.0024577,0.0026147,0.0026966,0.0027818,0.0028425,0.0028892,0.0029267,0.0029544,0.0029746,0.0029966,0.0030123,0.0030224,0.0030311,0.0030352,0.0030402,0.0030436,0.0030481,0.0030534,0.0030565,0.0030598,0.0030617,0.0030639,0.0030666,0.0030683,0.0030701,0.0030688,0.0030715,0.0030731,0.0030743,0.0030733,0.003071,0.0030741,0.0030765,0.0030754,0.0030754,0.0030749,0.0030734,0.0030776,0.0030774,0.0030766,0.0030774,0.0030774,0.0030745,0.0030781,0.0030784,0.0030805,0.0030772,0.0030789,0.003077,0.0030769,0.0030789,0.0030757,0.0030755,0.0030781,0.0030754,0.0030806,0.0030792,0.0030777,0.0030795,0.0030791,0.0030794,0.0030775,0.0030784,0.0030795,0.0030802,0.0030788,0.0030803,0.003076,0.0030798,0.0030778,0.0030801,0.0030795,0.00308,0.0030786,0.0030805,0.0030229,0.0030798,0.0030799,0.0030783,0.0030783,0.0033417,0.0034211,0.003516],"unit":"A"},"J":{"value":[-0.00046305,-0.00046305,-0.00046305,-0.00046305,-0.000436825,-0.0003502375,-0.0002726625,-0.0001926875,-0.0001004475,-4.313125e-5,2.456875e-5,8.520625e-5,0.0001514375,0.0001961375,0.0002339,0.0002652625,0.0002907,0.0003072125,0.0003268375,0.000337075,0.000347725,0.0003553125,0.00036115,0.0003658375,0.0003693,0.000371825,0.000374575,0.0003765375,0.0003778,0.0003788875,0.0003794,0.000380025,0.00038045,0.0003810125,0.000381675,0.0003820625,0.000382475,0.0003827125,0.0003829875,0.000383325,0.0003835375,0.0003837625,0.0003836,0.0003839375,0.0003841375,0.0003842875,0.0003841625,0.000383875,0.0003842625,0.0003845625,0.000384425,0.000384425,0.0003843625,0.000384175,0.0003847,0.000384675,0.000384575,0.000384675,0.000384675,0.0003843125,0.0003847625,0.0003848,0.0003850625,0.00038465,0.0003848625,0.000384625,0.0003846125,0.0003848625,0.0003844625,0.0003844375,0.0003847625,0.000384425,0.000385075,0.0003849,0.0003847125,0.0003849375,0.0003848875,0.000384925,0.0003846875,0.0003848,0.0003849375,0.000385025,0.00038485,0.0003850375,0.0003845,0.000384975,0.000384725,0.0003850125,0.0003849375,0.000385,0.000384825,0.0003850625,0.0003778625,0.000384975,0.0003849875,0.0003847875,0.0003847875,0.0004177125,0.0004276375,0.0004395],"unit":"A\/cm2"},"voc":{"unit":"V","value":1.0737},"isc":{"unit":"A","value":0.0030583},"jsc":{"unit":"mA\/cm2","value":24.467},"fill_factor":{"unit":"%","value":80.15},"pmax":{"unit":"mW","value":2.632},"vmax":{"unit":"V","value":0.911},"imax":{"unit":"mA","value":2.889},"rshunt":{"unit":"ohms","value":-178},"voc_slope":{"unit":"ohms","value":27.1},"efficiency":{"unit":"%","value":21.06},"monitor_cell_reading":{"unit":"mV","value":0},"monitor_cell_calibration_value":{"unit":"mV","value":0},"test_device_area":{"unit":"cm2","value":0.125},"num_of_series_connected_stacks":{"unit":"","value":1},"meter_integration":{"unit":"NPLC","value":1},"source_irradiance":{"unit":"mW\/cm2","value":100},"voltage_settling_time":{"unit":"ms","value":100},"sweep_direction":{"unit":"","value":"Reverse"},"irradiance_variation_correction":{"unit":"","value":"None"},"device_id":{"unit":"","value":"CS2-2-2-R"},"cell_dimension":{"unit":"cm2","value":0.125},"key":"Reverse_IV CS2-2-2"},{"V":{"value":[1.2,1.187,1.174,1.161,1.147,1.134,1.121,1.108,1.095,1.082,1.069,1.056,1.042,1.029,1.016,1.003,0.99,0.977,0.964,0.951,0.937,0.924,0.911,0.898,0.885,0.872,0.859,0.845,0.832,0.819,0.806,0.793,0.78,0.767,0.754,0.74,0.727,0.714,0.701,0.688,0.675,0.662,0.648,0.635,0.622,0.609,0.596,0.583,0.57,0.557,0.543,0.53,0.517,0.504,0.491,0.478,0.465,0.452,0.438,0.425,0.412,0.399,0.386,0.373,0.36,0.346,0.333,0.32,0.307,0.294,0.281,0.268,0.255,0.241,0.228,0.215,0.202,0.189,0.176,0.163,0.149,0.136,0.123,0.11,0.097,0.084,0.071,0.058,0.044,0.031,0.018,0.005,-0.008,-0.021,-0.034,-0.047,-0.061,-0.074,-0.087,-0.1],"unit":"V"},"I":{"value":[-0.0037384,-0.0037384,-0.0037384,-0.0033937,-0.0026613,-0.0020086,-0.0013855,-0.00078951,-0.00021673,0.0002587,0.00071636,0.0011408,0.0014714,0.0017841,0.0020436,0.0022599,0.0024453,0.002588,0.0026951,0.0027775,0.0028487,0.0028966,0.0029329,0.0029627,0.0029855,0.0030051,0.0030194,0.0030336,0.0030419,0.0030511,0.0030591,0.0030615,0.0030658,0.0030695,0.0030748,0.0030789,0.0030789,0.0030824,0.003084,0.0030839,0.0030858,0.0030883,0.0030906,0.0030924,0.003092,0.0030945,0.0030954,0.0030935,0.0030957,0.0030926,0.0030941,0.0030958,0.0030959,0.0030969,0.0030995,0.0031008,0.0031008,0.0031003,0.0031013,0.0031022,0.0031049,0.0031035,0.0031023,0.003101,0.0031024,0.0031014,0.0031012,0.0031018,0.0031012,0.0031003,0.0031012,0.0031018,0.0031067,0.0031055,0.0031056,0.0031045,0.0031039,0.0031028,0.0031062,0.0031074,0.003106,0.0031063,0.0031058,0.0031059,0.0031091,0.0031064,0.0031071,0.0031066,0.0031069,0.0031064,0.0031049,0.0031038,0.0031074,0.0031082,0.0031088,0.0031081,0.0031045,0.0031041,0.0031069,0.0031079],"unit":"A"},"J":{"value":[-0.0004673,-0.0004673,-0.0004673,-0.0004242125,-0.0003326625,-0.000251075,-0.0001731875,-9.868875e-5,-2.709125e-5,3.23375e-5,8.9545e-5,0.0001426,0.000183925,0.0002230125,0.00025545,0.0002824875,0.0003056625,0.0003235,0.0003368875,0.0003471875,0.0003560875,0.000362075,0.0003666125,0.0003703375,0.0003731875,0.0003756375,0.000377425,0.0003792,0.0003802375,0.0003813875,0.0003823875,0.0003826875,0.000383225,0.0003836875,0.00038435,0.0003848625,0.0003848625,0.0003853,0.0003855,0.0003854875,0.000385725,0.0003860375,0.000386325,0.00038655,0.0003865,0.0003868125,0.000386925,0.0003866875,0.0003869625,0.000386575,0.0003867625,0.000386975,0.0003869875,0.0003871125,0.0003874375,0.0003876,0.0003876,0.0003875375,0.0003876625,0.000387775,0.0003881125,0.0003879375,0.0003877875,0.000387625,0.0003878,0.000387675,0.00038765,0.000387725,0.00038765,0.0003875375,0.00038765,0.000387725,0.0003883375,0.0003881875,0.0003882,0.0003880625,0.0003879875,0.00038785,0.000388275,0.000388425,0.00038825,0.0003882875,0.000388225,0.0003882375,0.0003886375,0.0003883,0.0003883875,0.000388325,0.0003883625,0.0003883,0.0003881125,0.000387975,0.000388425,0.000388525,0.0003886,0.0003885125,0.0003880625,0.0003880125,0.0003883625,0.0003884875],"unit":"A\/cm2"},"voc":{"unit":"V","value":1.0891},"isc":{"unit":"A","value":0.0031052},"jsc":{"unit":"mA\/cm2","value":24.841},"fill_factor":{"unit":"%","value":79.14},"pmax":{"unit":"mW","value":2.676},"vmax":{"unit":"V","value":0.924},"imax":{"unit":"mA","value":2.897},"rshunt":{"unit":"ohms","value":3760},"voc_slope":{"unit":"ohms","value":25.7},"efficiency":{"unit":"%","value":21.41},"monitor_cell_reading":{"unit":"mV","value":0},"monitor_cell_calibration_value":{"unit":"mV","value":0},"test_device_area":{"unit":"cm2","value":0.125},"num_of_series_connected_stacks":{"unit":"","value":1},"meter_integration":{"unit":"NPLC","value":1},"source_irradiance":{"unit":"mW\/cm2","value":100},"voltage_settling_time":{"unit":"ms","value":100},"sweep_direction":{"unit":"","value":"Reverse"},"irradiance_variation_correction":{"unit":"","value":"None"},"device_id":{"unit":"","value":"CS2-2-1-R"},"cell_dimension":{"unit":"cm2","value":0.125},"key":"Reverse_IV CS2-2-1"},{"V":{"value":[1.2,1.187,1.174,1.161,1.147,1.134,1.121,1.108,1.095,1.082,1.069,1.056,1.042,1.029,1.016,1.003,0.99,0.977,0.964,0.951,0.937,0.924,0.911,0.898,0.885,0.872,0.859,0.845,0.832,0.819,0.806,0.793,0.78,0.767,0.754,0.74,0.727,0.714,0.701,0.688,0.675,0.662,0.648,0.635,0.622,0.609,0.596,0.583,0.57,0.557,0.543,0.53,0.517,0.504,0.491,0.478,0.465,0.452,0.438,0.425,0.412,0.399,0.386,0.373,0.36,0.346,0.333,0.32,0.307,0.294,0.281,0.268,0.255,0.241,0.228,0.215,0.202,0.189,0.176,0.163,0.149,0.136,0.123,0.11,0.097,0.084,0.071,0.058,0.044,0.031,0.018,0.005,-0.008,-0.021,-0.034,-0.047,-0.061,-0.074,-0.087,-0.1],"unit":"V"},"I":{"value":[-0.0037214,-0.0037214,-0.0037214,-0.0035183,-0.0028465,-0.0022439,-0.0016691,-0.0011039,-0.00058166,-8.7226e-5,0.00041495,0.00081307,0.0012147,0.0015251,0.0018289,0.0020727,0.0022571,0.0024299,0.0025589,0.0026264,0.0027627,0.0028266,0.0028759,0.0029143,0.0029446,0.0029689,0.0029877,0.0030044,0.0030158,0.0030274,0.0030343,0.0030402,0.0030465,0.0030505,0.0030593,0.0030625,0.0030661,0.0030516,0.003071,0.0030726,0.0024189,0.0023148,0.0023678,0.0023883,0.0024774,0.0025417,0.0030796,0.0030812,0.0030835,0.0030846,0.0026328,0.0030874,0.0030836,0.0026578,0.0030865,0.0030857,0.0030857,0.0030875,0.0030877,0.0030858,0.0030836,0.0030856,0.0030925,0.0030913,0.0030905,0.0030931,0.0030935,0.0030916,0.0030912,0.0030912,0.0030913,0.0030915,0.0030918,0.0030948,0.0030941,0.0030936,0.0030949,0.0030914,0.0030928,0.003091,0.0030917,0.0030912,0.0030906,0.0030939,0.0030919,0.0030914,0.0030903,0.0030897,0.0030889,0.0030923,0.0030943,0.0030962,0.0030862,0.0030966,0.0030952,0.0030953,0.0030948,0.0030938,0.0030917,0.0030952],"unit":"A"},"J":{"value":[-0.000465175,-0.000465175,-0.000465175,-0.0004397875,-0.0003558125,-0.0002804875,-0.0002086375,-0.0001379875,-7.27075e-5,-1.090325e-5,5.186875e-5,0.00010163375,0.0001518375,0.0001906375,0.0002286125,0.0002590875,0.0002821375,0.0003037375,0.0003198625,0.0003283,0.0003453375,0.000353325,0.0003594875,0.0003642875,0.000368075,0.0003711125,0.0003734625,0.00037555,0.000376975,0.000378425,0.0003792875,0.000380025,0.0003808125,0.0003813125,0.0003824125,0.0003828125,0.0003832625,0.00038145,0.000383875,0.000384075,0.0003023625,0.00028935,0.000295975,0.0002985375,0.000309675,0.0003177125,0.00038495,0.00038515,0.0003854375,0.000385575,0.0003291,0.000385925,0.00038545,0.000332225,0.0003858125,0.0003857125,0.0003857125,0.0003859375,0.0003859625,0.000385725,0.00038545,0.0003857,0.0003865625,0.0003864125,0.0003863125,0.0003866375,0.0003866875,0.00038645,0.0003864,0.0003864,0.0003864125,0.0003864375,0.000386475,0.00038685,0.0003867625,0.0003867,0.0003868625,0.000386425,0.0003866,0.000386375,0.0003864625,0.0003864,0.000386325,0.0003867375,0.0003864875,0.000386425,0.0003862875,0.0003862125,0.0003861125,0.0003865375,0.0003867875,0.000387025,0.000385775,0.000387075,0.0003869,0.0003869125,0.00038685,0.000386725,0.0003864625,0.0003869],"unit":"A\/cm2"},"voc":{"unit":"V","value":1.0797},"isc":{"unit":"A","value":0.0030924},"jsc":{"unit":"mA\/cm2","value":24.739},"fill_factor":{"unit":"%","value":78.46},"pmax":{"unit":"mW","value":2.62},"vmax":{"unit":"V","value":0.911},"imax":{"unit":"mA","value":2.876},"rshunt":{"unit":"ohms","value":5960},"voc_slope":{"unit":"ohms","value":28.1},"efficiency":{"unit":"%","value":20.96},"monitor_cell_reading":{"unit":"mV","value":0},"monitor_cell_calibration_value":{"unit":"mV","value":0},"test_device_area":{"unit":"cm2","value":0.125},"num_of_series_connected_stacks":{"unit":"","value":1},"meter_integration":{"unit":"NPLC","value":1},"source_irradiance":{"unit":"mW\/cm2","value":100},"voltage_settling_time":{"unit":"ms","value":100},"sweep_direction":{"unit":"","value":"Reverse"},"irradiance_variation_correction":{"unit":"","value":"None"},"device_id":{"unit":"","value":"CS2-1-5-R"},"cell_dimension":{"unit":"cm2","value":0.125},"key":"Reverse_IV CS2-1-5"},{"V":{"value":[1.2,1.187,1.174,1.161,1.147,1.134,1.121,1.108,1.095,1.082,1.069,1.056,1.042,1.029,1.016,1.003,0.99,0.977,0.964,0.951,0.937,0.924,0.911,0.898,0.885,0.872,0.859,0.845,0.832,0.819,0.806,0.793,0.78,0.767,0.754,0.74,0.727,0.714,0.701,0.688,0.675,0.662,0.648,0.635,0.622,0.609,0.596,0.583,0.57,0.557,0.543,0.53,0.517,0.504,0.491,0.478,0.465,0.452,0.438,0.425,0.412,0.399,0.386,0.373,0.36,0.346,0.333,0.32,0.307,0.294,0.281,0.268,0.255,0.241,0.228,0.215,0.202,0.189,0.176,0.163,0.149,0.136,0.123,0.11,0.097,0.084,0.071,0.058,0.044,0.031,0.018,0.005,-0.008,-0.021,-0.034,-0.047,-0.061,-0.074,-0.087,-0.1],"unit":"V"},"I":{"value":[-0.0036954,-0.0036954,-0.0036954,-0.0036954,-0.0031555,-0.0024385,-0.0018819,-0.0013358,-0.00078808,-0.00027314,0.0002493,0.00063739,0.0010481,0.0013874,0.0016583,0.0019214,0.0021641,0.0023403,0.0024826,0.0025232,0.0025201,0.0027036,0.00283,0.002867,0.002891,0.0029281,0.0029567,0.0029721,0.0028933,0.0029931,0.0030039,0.002996,0.0030217,0.0029303,0.0029996,0.0030364,0.0030401,0.0029541,0.0030428,0.0030466,0.0030536,0.0030525,0.0030525,0.0030554,0.0030583,0.0030592,0.0030622,0.0030617,0.0030654,0.003067,0.0030692,0.0030655,0.003052,0.0030416,0.0030631,0.0030659,0.0030642,0.0030645,0.0030566,0.0030637,0.0030496,0.0030619,0.0030629,0.0030647,0.0030654,0.003067,0.003066,0.0030676,0.0030652,0.0030693,0.0030712,0.003068,0.0030698,0.0030668,0.002225,0.0022727,0.0030709,0.003069,0.0030702,0.0030679,0.0030681,0.003071,0.0030689,0.0030705,0.0030697,0.0030664,0.0030691,0.0030683,0.0030657,0.003067,0.0030649,0.0030723,0.0030708,0.0030722,0.0030672,0.003066,0.0030663,0.0030655,0.0030683,0.0030648],"unit":"A"},"J":{"value":[-0.000461925,-0.000461925,-0.000461925,-0.000461925,-0.0003944375,-0.0003048125,-0.0002352375,-0.000166975,-9.851e-5,-3.41425e-5,3.11625e-5,7.967375e-5,0.0001310125,0.000173425,0.0002072875,0.000240175,0.0002705125,0.0002925375,0.000310325,0.0003154,0.0003150125,0.00033795,0.00035375,0.000358375,0.000361375,0.0003660125,0.0003695875,0.0003715125,0.0003616625,0.0003741375,0.0003754875,0.0003745,0.0003777125,0.0003662875,0.00037495,0.00037955,0.0003800125,0.0003692625,0.00038035,0.000380825,0.0003817,0.0003815625,0.0003815625,0.000381925,0.0003822875,0.0003824,0.000382775,0.0003827125,0.000383175,0.000383375,0.00038365,0.0003831875,0.0003815,0.0003802,0.0003828875,0.0003832375,0.000383025,0.0003830625,0.000382075,0.0003829625,0.0003812,0.0003827375,0.0003828625,0.0003830875,0.000383175,0.000383375,0.00038325,0.00038345,0.00038315,0.0003836625,0.0003839,0.0003835,0.000383725,0.00038335,0.000278125,0.0002840875,0.0003838625,0.000383625,0.000383775,0.0003834875,0.0003835125,0.000383875,0.0003836125,0.0003838125,0.0003837125,0.0003833,0.0003836375,0.0003835375,0.0003832125,0.000383375,0.0003831125,0.0003840375,0.00038385,0.000384025,0.0003834,0.00038325,0.0003832875,0.0003831875,0.0003835375,0.0003831],"unit":"A\/cm2"},"voc":{"unit":"V","value":1.0752},"isc":{"unit":"A","value":0.0030717},"jsc":{"unit":"mA\/cm2","value":24.574},"fill_factor":{"unit":"%","value":78.06},"pmax":{"unit":"mW","value":2.578},"vmax":{"unit":"V","value":0.911},"imax":{"unit":"mA","value":2.83},"rshunt":{"unit":"ohms","value":558},"voc_slope":{"unit":"ohms","value":30.2},"efficiency":{"unit":"%","value":20.62},"monitor_cell_reading":{"unit":"mV","value":0},"monitor_cell_calibration_value":{"unit":"mV","value":0},"test_device_area":{"unit":"cm2","value":0.125},"num_of_series_connected_stacks":{"unit":"","value":1},"meter_integration":{"unit":"NPLC","value":1},"source_irradiance":{"unit":"mW\/cm2","value":100},"voltage_settling_time":{"unit":"ms","value":100},"sweep_direction":{"unit":"","value":"Reverse"},"irradiance_variation_correction":{"unit":"","value":"None"},"device_id":{"unit":"","value":"CS2-1-4-R"},"cell_dimension":{"unit":"cm2","value":0.125},"key":"Reverse_IV CS2-1-4"},{"V":{"value":[1.2,1.187,1.174,1.161,1.147,1.134,1.121,1.108,1.095,1.082,1.069,1.056,1.042,1.029,1.016,1.003,0.99,0.977,0.964,0.951,0.937,0.924,0.911,0.898,0.885,0.872,0.859,0.845,0.832,0.819,0.806,0.793,0.78,0.767,0.754,0.74,0.727,0.714,0.701,0.688,0.675,0.662,0.648,0.635,0.622,0.609,0.596,0.583,0.57,0.557,0.543,0.53,0.517,0.504,0.491,0.478,0.465,0.452,0.438,0.425,0.412,0.399,0.386,0.373,0.36,0.346,0.333,0.32,0.307,0.294,0.281,0.268,0.255,0.241,0.228,0.215,0.202,0.189,0.176,0.163,0.149,0.136,0.123,0.11,0.097,0.084,0.071,0.058,0.044,0.031,0.018,0.005,-0.008,-0.021,-0.034,-0.047,-0.061,-0.074,-0.087,-0.1],"unit":"V"},"I":{"value":[-0.0037153,-0.0037153,-0.0037153,-0.0032533,-0.0025857,-0.002,-0.0013988,-0.00087932,-0.00037075,0.00011086,0.00056549,0.00091662,0.0013241,0.0016462,0.0018974,0.0021388,0.002316,0.0024693,0.0026045,0.002661,0.0027738,0.0028401,0.0028867,0.0029232,0.0029509,0.0029773,0.0028711,0.0030097,0.0030212,0.0030296,0.0030371,0.0030412,0.0030467,0.0030491,0.0030559,0.0030614,0.0030627,0.0030642,0.003069,0.0030701,0.00305,0.0030724,0.0030733,0.0030785,0.0030787,0.0030759,0.0030771,0.003079,0.0030803,0.0030817,0.0030848,0.0030839,0.0030855,0.0030852,0.0030855,0.0030844,0.003087,0.0030847,0.0030831,0.0030857,0.003078,0.0030823,0.003083,0.0030872,0.0030875,0.0030888,0.0030933,0.0030893,0.0030897,0.0030888,0.0030898,0.00309,0.0030873,0.0030872,0.003087,0.0030858,0.0030831,0.0030842,0.0030872,0.0030859,0.0030867,0.0030865,0.0030881,0.0030874,0.0030868,0.0030873,0.0030895,0.0030888,0.0030898,0.0030878,0.0030919,0.0030919,0.0030905,0.0030891,0.0030909,0.0030924,0.0030911,0.0030905,0.0033139,0.0030944],"unit":"A"},"J":{"value":[-0.0004644125,-0.0004644125,-0.0004644125,-0.0004066625,-0.0003232125,-0.00025,-0.00017485,-0.000109915,-4.634375e-5,1.38575e-5,7.068625e-5,0.0001145775,0.0001655125,0.000205775,0.000237175,0.00026735,0.0002895,0.0003086625,0.0003255625,0.000332625,0.000346725,0.0003550125,0.0003608375,0.0003654,0.0003688625,0.0003721625,0.0003588875,0.0003762125,0.00037765,0.0003787,0.0003796375,0.00038015,0.0003808375,0.0003811375,0.0003819875,0.000382675,0.0003828375,0.000383025,0.000383625,0.0003837625,0.00038125,0.00038405,0.0003841625,0.0003848125,0.0003848375,0.0003844875,0.0003846375,0.000384875,0.0003850375,0.0003852125,0.0003856,0.0003854875,0.0003856875,0.00038565,0.0003856875,0.00038555,0.000385875,0.0003855875,0.0003853875,0.0003857125,0.00038475,0.0003852875,0.000385375,0.0003859,0.0003859375,0.0003861,0.0003866625,0.0003861625,0.0003862125,0.0003861,0.000386225,0.00038625,0.0003859125,0.0003859,0.000385875,0.000385725,0.0003853875,0.000385525,0.0003859,0.0003857375,0.0003858375,0.0003858125,0.0003860125,0.000385925,0.00038585,0.0003859125,0.0003861875,0.0003861,0.000386225,0.000385975,0.0003864875,0.0003864875,0.0003863125,0.0003861375,0.0003863625,0.00038655,0.0003863875,0.0003863125,0.0004142375,0.0003868],"unit":"A\/cm2"},"voc":{"unit":"V","value":1.085},"isc":{"unit":"A","value":0.0030914},"jsc":{"unit":"mA\/cm2","value":24.731},"fill_factor":{"unit":"%","value":78.41},"pmax":{"unit":"mW","value":2.63},"vmax":{"unit":"V","value":0.911},"imax":{"unit":"mA","value":2.887},"rshunt":{"unit":"ohms","value":13900},"voc_slope":{"unit":"ohms","value":29.9},"efficiency":{"unit":"%","value":21.04},"monitor_cell_reading":{"unit":"mV","value":0},"monitor_cell_calibration_value":{"unit":"mV","value":0},"test_device_area":{"unit":"cm2","value":0.125},"num_of_series_connected_stacks":{"unit":"","value":1},"meter_integration":{"unit":"NPLC","value":1},"source_irradiance":{"unit":"mW\/cm2","value":100},"voltage_settling_time":{"unit":"ms","value":100},"sweep_direction":{"unit":"","value":"Reverse"},"irradiance_variation_correction":{"unit":"","value":"None"},"device_id":{"unit":"","value":"CS2-1-2-R"},"cell_dimension":{"unit":"cm2","value":0.125},"key":"Reverse_IV CS2-1-2"},{"V":{"value":[-0.1,-0.087,-0.074,-0.061,-0.047,-0.034,-0.021,-0.008,0.005,0.018,0.031,0.044,0.058,0.071,0.084,0.097,0.11,0.123,0.136,0.149,0.163,0.176,0.189,0.202,0.215,0.228,0.241,0.255,0.268,0.281,0.294,0.307,0.32,0.333,0.346,0.36,0.373,0.386,0.399,0.412,0.425,0.438,0.452,0.465,0.478,0.491,0.504,0.517,0.53,0.543,0.557,0.57,0.583,0.596,0.609,0.622,0.635,0.648,0.662,0.675,0.688,0.701,0.714,0.727,0.74,0.754,0.767,0.78,0.793,0.806,0.819,0.832,0.845,0.859,0.872,0.885,0.898,0.911,0.924,0.937,0.951,0.964,0.977,0.99,1.003,1.016,1.029,1.042,1.056,1.069,1.082,1.095,1.108,1.121,1.134,1.147,1.161,1.174,1.187,1.2],"unit":"V"},"I":{"value":[0.0031007,0.0030987,0.0030995,0.0030978,0.0030978,0.0030973,0.0030986,0.0030976,0.003096,0.0030973,0.0030968,0.0031004,0.0031006,0.0030972,0.0030965,0.0030963,0.0030968,0.0030991,0.0030972,0.0030979,0.003095,0.0030959,0.0030988,0.0030973,0.0030968,0.0030962,0.0030965,0.0030952,0.003095,0.0030938,0.0030954,0.0030951,0.0030934,0.0030961,0.0030953,0.0030936,0.0030956,0.0030937,0.0030919,0.003093,0.0030941,0.0030917,0.0030944,0.0030925,0.0030952,0.003093,0.0030904,0.0030914,0.0030909,0.0030905,0.0030878,0.0030881,0.0030883,0.0030857,0.0030871,0.0030838,0.0030855,0.0030836,0.0030814,0.0030843,0.0030378,0.0030804,0.0030773,0.003077,0.0030743,0.0030707,0.003068,0.0030638,0.0030588,0.0030498,0.0030416,0.0030305,0.0030133,0.0029909,0.0029643,0.0029365,0.0028934,0.0028409,0.0027758,0.0026815,0.0025553,0.0024116,0.0022375,0.0020249,0.0017881,0.0015128,0.0011234,0.00077994,0.00032907,-0.00012043,-0.00059423,-0.001018,-0.001525,-0.0020781,-0.0026872,-0.003342,-0.0037323,-0.0037323,-0.0037323,-0.0037323],"unit":"A"},"J":{"value":[0.0003875875,0.0003873375,0.0003874375,0.000387225,0.000387225,0.0003871625,0.000387325,0.0003872,0.000387,0.0003871625,0.0003871,0.00038755,0.000387575,0.00038715,0.0003870625,0.0003870375,0.0003871,0.0003873875,0.00038715,0.0003872375,0.000386875,0.0003869875,0.00038735,0.0003871625,0.0003871,0.000387025,0.0003870625,0.0003869,0.000386875,0.000386725,0.000386925,0.0003868875,0.000386675,0.0003870125,0.0003869125,0.0003867,0.00038695,0.0003867125,0.0003864875,0.000386625,0.0003867625,0.0003864625,0.0003868,0.0003865625,0.0003869,0.000386625,0.0003863,0.000386425,0.0003863625,0.0003863125,0.000385975,0.0003860125,0.0003860375,0.0003857125,0.0003858875,0.000385475,0.0003856875,0.00038545,0.000385175,0.0003855375,0.000379725,0.00038505,0.0003846625,0.000384625,0.0003842875,0.0003838375,0.0003835,0.000382975,0.00038235,0.000381225,0.0003802,0.0003788125,0.0003766625,0.0003738625,0.0003705375,0.0003670625,0.000361675,0.0003551125,0.000346975,0.0003351875,0.0003194125,0.00030145,0.0002796875,0.0002531125,0.0002235125,0.0001891,0.000140425,9.74925e-5,4.113375e-5,-1.505375e-5,-7.427875e-5,-0.00012725,-0.000190625,-0.0002597625,-0.0003359,-0.00041775,-0.0004665375,-0.0004665375,-0.0004665375,-0.0004665375],"unit":"A\/cm2"},"voc":{"unit":"V","value":1.0655},"isc":{"unit":"A","value":0.0030966},"jsc":{"unit":"mA\/cm2","value":24.773},"fill_factor":{"unit":"%","value":78.76},"pmax":{"unit":"mW","value":2.599},"vmax":{"unit":"V","value":0.885},"imax":{"unit":"mA","value":2.936},"rshunt":{"unit":"ohms","value":-11800},"voc_slope":{"unit":"ohms","value":30.2},"efficiency":{"unit":"%","value":20.79},"monitor_cell_reading":{"unit":"mV","value":0},"monitor_cell_calibration_value":{"unit":"mV","value":0},"test_device_area":{"unit":"cm2","value":0.125},"num_of_series_connected_stacks":{"unit":"","value":1},"meter_integration":{"unit":"NPLC","value":1},"source_irradiance":{"unit":"mW\/cm2","value":100},"voltage_settling_time":{"unit":"ms","value":100},"sweep_direction":{"unit":"","value":"Forward"},"irradiance_variation_correction":{"unit":"","value":"None"},"device_id":{"unit":"","value":"CS2-3-5-F"},"cell_dimension":{"unit":"cm2","value":0.125},"key":"Forward_IV CS2-3-5"},{"V":{"value":[-0.1,-0.087,-0.074,-0.061,-0.047,-0.034,-0.021,-0.008,0.005,0.018,0.031,0.044,0.058,0.071,0.084,0.097,0.11,0.123,0.136,0.149,0.163,0.176,0.189,0.202,0.215,0.228,0.241,0.255,0.268,0.281,0.294,0.307,0.32,0.333,0.346,0.36,0.373,0.386,0.399,0.412,0.425,0.438,0.452,0.465,0.478,0.491,0.504,0.517,0.53,0.543,0.557,0.57,0.583,0.596,0.609,0.622,0.635,0.648,0.662,0.675,0.688,0.701,0.714,0.727,0.74,0.754,0.767,0.78,0.793,0.806,0.819,0.832,0.845,0.859,0.872,0.885,0.898,0.911,0.924,0.937,0.951,0.964,0.977,0.99,1.003,1.016,1.029,1.042,1.056,1.069,1.082,1.095,1.108,1.121,1.134,1.147,1.161,1.174,1.187,1.2],"unit":"V"},"I":{"value":[0.0030654,0.0030675,0.0030682,0.0030692,0.0030672,0.0030663,0.003066,0.003068,0.0030689,0.0030681,0.0030673,0.0030686,0.0030688,0.0030679,0.0030666,0.0030676,0.0023597,0.0023677,0.0030652,0.0030653,0.0030614,0.0030596,0.003059,0.0030595,0.0030591,0.0030649,0.0030634,0.0030642,0.0030626,0.0030645,0.0030645,0.0030629,0.0030625,0.0030594,0.003059,0.0030585,0.0030587,0.0030584,0.0030584,0.0030602,0.0030584,0.003061,0.0030594,0.0030576,0.0030575,0.0030568,0.0030562,0.0030546,0.0030546,0.0030555,0.0030548,0.0030536,0.0030415,0.0030285,0.0030516,0.0030497,0.0030489,0.0030464,0.003047,0.0030448,0.0030432,0.0030404,0.0030366,0.0030328,0.0030247,0.0030177,0.0030102,0.0030019,0.0029948,0.0029807,0.0029625,0.0029363,0.0029021,0.0023875,0.0028015,0.0027338,0.002633,0.0025452,0.0020251,0.0022479,0.0020852,0.001888,0.0016891,0.0014243,0.0011588,0.00088716,0.00058006,0.00030123,-7.7641e-5,-0.00040203,-0.00078809,-0.0011466,-0.0015143,-0.0019238,-0.002342,-0.0027676,-0.0032596,-0.0036771,-0.0036844,-0.0036845],"unit":"A"},"J":{"value":[0.000383175,0.0003834375,0.000383525,0.00038365,0.0003834,0.0003832875,0.00038325,0.0003835,0.0003836125,0.0003835125,0.0003834125,0.000383575,0.0003836,0.0003834875,0.000383325,0.00038345,0.0002949625,0.0002959625,0.00038315,0.0003831625,0.000382675,0.00038245,0.000382375,0.0003824375,0.0003823875,0.0003831125,0.000382925,0.000383025,0.000382825,0.0003830625,0.0003830625,0.0003828625,0.0003828125,0.000382425,0.000382375,0.0003823125,0.0003823375,0.0003823,0.0003823,0.000382525,0.0003823,0.000382625,0.000382425,0.0003822,0.0003821875,0.0003821,0.000382025,0.000381825,0.000381825,0.0003819375,0.00038185,0.0003817,0.0003801875,0.0003785625,0.00038145,0.0003812125,0.0003811125,0.0003808,0.000380875,0.0003806,0.0003804,0.00038005,0.000379575,0.0003791,0.0003780875,0.0003772125,0.000376275,0.0003752375,0.00037435,0.0003725875,0.0003703125,0.0003670375,0.0003627625,0.0002984375,0.0003501875,0.000341725,0.000329125,0.00031815,0.0002531375,0.0002809875,0.00026065,0.000236,0.0002111375,0.0001780375,0.00014485,0.000110895,7.25075e-5,3.765375e-5,-9.705125e-6,-5.025375e-5,-9.851125e-5,-0.000143325,-0.0001892875,-0.000240475,-0.00029275,-0.00034595,-0.00040745,-0.0004596375,-0.00046055,-0.0004605625],"unit":"A\/cm2"},"voc":{"unit":"V","value":1.0531},"isc":{"unit":"A","value":0.0030685},"jsc":{"unit":"mA\/cm2","value":24.548},"fill_factor":{"unit":"%","value":75.89},"pmax":{"unit":"mW","value":2.452},"vmax":{"unit":"V","value":0.845},"imax":{"unit":"mA","value":2.902},"rshunt":{"unit":"ohms","value":-10900},"voc_slope":{"unit":"ohms","value":39.6},"efficiency":{"unit":"%","value":19.62},"monitor_cell_reading":{"unit":"mV","value":0},"monitor_cell_calibration_value":{"unit":"mV","value":0},"test_device_area":{"unit":"cm2","value":0.125},"num_of_series_connected_stacks":{"unit":"","value":1},"meter_integration":{"unit":"NPLC","value":1},"source_irradiance":{"unit":"mW\/cm2","value":100},"voltage_settling_time":{"unit":"ms","value":100},"sweep_direction":{"unit":"","value":"Forward"},"irradiance_variation_correction":{"unit":"","value":"None"},"device_id":{"unit":"","value":"CS2-3-4-F"},"cell_dimension":{"unit":"cm2","value":0.125},"key":"Forward_IV CS2-3-4"},{"V":{"value":[-0.1,-0.087,-0.074,-0.061,-0.047,-0.034,-0.021,-0.008,0.005,0.018,0.031,0.044,0.058,0.071,0.084,0.097,0.11,0.123,0.136,0.149,0.163,0.176,0.189,0.202,0.215,0.228,0.241,0.255,0.268,0.281,0.294,0.307,0.32,0.333,0.346,0.36,0.373,0.386,0.399,0.412,0.425,0.438,0.452,0.465,0.478,0.491,0.504,0.517,0.53,0.543,0.557,0.57,0.583,0.596,0.609,0.622,0.635,0.648,0.662,0.675,0.688,0.701,0.714,0.727,0.74,0.754,0.767,0.78,0.793,0.806,0.819,0.832,0.845,0.859,0.872,0.885,0.898,0.911,0.924,0.937,0.951,0.964,0.977,0.99,1.003,1.016,1.029,1.042,1.056,1.069,1.082,1.095,1.108,1.121,1.134,1.147,1.161,1.174,1.187,1.2],"unit":"V"},"I":{"value":[0.0030646,0.0030613,0.00306,0.0030598,0.0030603,0.0030612,0.0030601,0.0030588,0.003057,0.0030574,0.003059,0.0030579,0.0030578,0.0030596,0.0030582,0.0030586,0.0030583,0.0030568,0.0030564,0.0030571,0.0030523,0.0030533,0.0030523,0.0030534,0.0030555,0.0030571,0.0030543,0.0030557,0.0030587,0.0030577,0.0030586,0.0030581,0.0030574,0.0030565,0.0030535,0.0030571,0.0030553,0.0030544,0.0030533,0.0030507,0.0030562,0.0030546,0.0030562,0.0030555,0.0030537,0.0030519,0.0030505,0.0030516,0.0030525,0.003046,0.0030482,0.0030454,0.003047,0.0030457,0.0030438,0.0030466,0.0030442,0.0030453,0.0030433,0.0030398,0.003038,0.0030376,0.0030369,0.0030322,0.0030271,0.0030222,0.00302,0.0030159,0.0030043,0.0029947,0.0029818,0.0029641,0.002939,0.002906,0.0028671,0.0028131,0.0027452,0.0026618,0.0025559,0.0024277,0.0022542,0.0020654,0.0018426,0.0015864,0.0012947,0.00098155,0.00061018,0.00021229,-0.00025369,-0.00070631,-0.0011216,-0.0016329,-0.0021633,-0.0027139,-0.0032823,-0.0036825,-0.0036825,-0.0036825,-0.0036825,-0.0036825],"unit":"A"},"J":{"value":[0.000383075,0.0003826625,0.0003825,0.000382475,0.0003825375,0.00038265,0.0003825125,0.00038235,0.000382125,0.000382175,0.000382375,0.0003822375,0.000382225,0.00038245,0.000382275,0.000382325,0.0003822875,0.0003821,0.00038205,0.0003821375,0.0003815375,0.0003816625,0.0003815375,0.000381675,0.0003819375,0.0003821375,0.0003817875,0.0003819625,0.0003823375,0.0003822125,0.000382325,0.0003822625,0.000382175,0.0003820625,0.0003816875,0.0003821375,0.0003819125,0.0003818,0.0003816625,0.0003813375,0.000382025,0.000381825,0.000382025,0.0003819375,0.0003817125,0.0003814875,0.0003813125,0.00038145,0.0003815625,0.00038075,0.000381025,0.000380675,0.000380875,0.0003807125,0.000380475,0.000380825,0.000380525,0.0003806625,0.0003804125,0.000379975,0.00037975,0.0003797,0.0003796125,0.000379025,0.0003783875,0.000377775,0.0003775,0.0003769875,0.0003755375,0.0003743375,0.000372725,0.0003705125,0.000367375,0.00036325,0.0003583875,0.0003516375,0.00034315,0.000332725,0.0003194875,0.0003034625,0.000281775,0.000258175,0.000230325,0.0001983,0.0001618375,0.00012269375,7.62725e-5,2.653625e-5,-3.171125e-5,-8.828875e-5,-0.0001402,-0.0002041125,-0.0002704125,-0.0003392375,-0.0004102875,-0.0004603125,-0.0004603125,-0.0004603125,-0.0004603125,-0.0004603125],"unit":"A\/cm2"},"voc":{"unit":"V","value":1.0484},"isc":{"unit":"A","value":0.0030577},"jsc":{"unit":"mA\/cm2","value":24.462},"fill_factor":{"unit":"%","value":77.99},"pmax":{"unit":"mW","value":2.5},"vmax":{"unit":"V","value":0.872},"imax":{"unit":"mA","value":2.867},"rshunt":{"unit":"ohms","value":20800},"voc_slope":{"unit":"ohms","value":32.7},"efficiency":{"unit":"%","value":20},"monitor_cell_reading":{"unit":"mV","value":0},"monitor_cell_calibration_value":{"unit":"mV","value":0},"test_device_area":{"unit":"cm2","value":0.125},"num_of_series_connected_stacks":{"unit":"","value":1},"meter_integration":{"unit":"NPLC","value":1},"source_irradiance":{"unit":"mW\/cm2","value":100},"voltage_settling_time":{"unit":"ms","value":100},"sweep_direction":{"unit":"","value":"Forward"},"irradiance_variation_correction":{"unit":"","value":"None"},"device_id":{"unit":"","value":"CS2-3-3-F"},"cell_dimension":{"unit":"cm2","value":0.125},"key":"Forward_IV CS2-3-3"},{"V":{"value":[-0.1,-0.087,-0.074,-0.061,-0.047,-0.034,-0.021,-0.008,0.005,0.018,0.031,0.044,0.058,0.071,0.084,0.097,0.11,0.123,0.136,0.149,0.163,0.176,0.189,0.202,0.215,0.228,0.241,0.255,0.268,0.281,0.294,0.307,0.32,0.333,0.346,0.36,0.373,0.386,0.399,0.412,0.425,0.438,0.452,0.465,0.478,0.491,0.504,0.517,0.53,0.543,0.557,0.57,0.583,0.596,0.609,0.622,0.635,0.648,0.662,0.675,0.688,0.701,0.714,0.727,0.74,0.754,0.767,0.78,0.793,0.806,0.819,0.832,0.845,0.859,0.872,0.885,0.898,0.911,0.924,0.937,0.951,0.964,0.977,0.99,1.003,1.016,1.029,1.042,1.056,1.069,1.082,1.095,1.108,1.121,1.134,1.147,1.161,1.174,1.187,1.2],"unit":"V"},"I":{"value":[0.0030706,0.0030704,0.0030704,0.0030671,0.0030674,0.0030696,0.0030685,0.0030687,0.0030666,0.0030658,0.003067,0.0030659,0.003068,0.0030673,0.0030667,0.0030684,0.0030699,0.0030707,0.0030688,0.003064,0.0030638,0.0030668,0.0030652,0.0030634,0.0030655,0.0030629,0.0030617,0.0029937,0.0030609,0.0030624,0.0030671,0.003064,0.0030623,0.0030652,0.0030662,0.0030648,0.0030634,0.0030625,0.0030639,0.0030682,0.0030658,0.0030675,0.0030654,0.0030674,0.0030697,0.0030707,0.0030678,0.0030687,0.0030658,0.0030668,0.0030641,0.0030641,0.0030627,0.0030639,0.0030654,0.0030617,0.0030665,0.0030636,0.0030596,0.0030573,0.0030539,0.0030546,0.0030527,0.0030493,0.0030494,0.0030457,0.003042,0.0030382,0.0030317,0.0030231,0.0030113,0.0030006,0.0029839,0.0029636,0.002938,0.0029053,0.0028625,0.0028071,0.0027357,0.0026401,0.0025132,0.002364,0.00218,0.0019579,0.001724,0.0014335,0.0010952,0.0007056,0.00023993,-0.00027991,-0.00073826,-0.0012718,-0.00184,-0.0023697,-0.0030499,-0.0036466,-0.0036944,-0.0036944,-0.0036944,-0.0036944],"unit":"A"},"J":{"value":[0.000383825,0.0003838,0.0003838,0.0003833875,0.000383425,0.0003837,0.0003835625,0.0003835875,0.000383325,0.000383225,0.000383375,0.0003832375,0.0003835,0.0003834125,0.0003833375,0.00038355,0.0003837375,0.0003838375,0.0003836,0.000383,0.000382975,0.00038335,0.00038315,0.000382925,0.0003831875,0.0003828625,0.0003827125,0.0003742125,0.0003826125,0.0003828,0.0003833875,0.000383,0.0003827875,0.00038315,0.000383275,0.0003831,0.000382925,0.0003828125,0.0003829875,0.000383525,0.000383225,0.0003834375,0.000383175,0.000383425,0.0003837125,0.0003838375,0.000383475,0.0003835875,0.000383225,0.00038335,0.0003830125,0.0003830125,0.0003828375,0.0003829875,0.000383175,0.0003827125,0.0003833125,0.00038295,0.00038245,0.0003821625,0.0003817375,0.000381825,0.0003815875,0.0003811625,0.000381175,0.0003807125,0.00038025,0.000379775,0.0003789625,0.0003778875,0.0003764125,0.000375075,0.0003729875,0.00037045,0.00036725,0.0003631625,0.0003578125,0.0003508875,0.0003419625,0.0003300125,0.00031415,0.0002955,0.0002725,0.0002447375,0.0002155,0.0001791875,0.0001369,8.82e-5,2.999125e-5,-3.498875e-5,-9.22825e-5,-0.000158975,-0.00023,-0.0002962125,-0.0003812375,-0.000455825,-0.0004618,-0.0004618,-0.0004618,-0.0004618],"unit":"A\/cm2"},"voc":{"unit":"V","value":1.062},"isc":{"unit":"A","value":0.0030674},"jsc":{"unit":"mA\/cm2","value":24.539},"fill_factor":{"unit":"%","value":78.93},"pmax":{"unit":"mW","value":2.571},"vmax":{"unit":"V","value":0.885},"imax":{"unit":"mA","value":2.905},"rshunt":{"unit":"ohms","value":12300},"voc_slope":{"unit":"ohms","value":29.9},"efficiency":{"unit":"%","value":20.57},"monitor_cell_reading":{"unit":"mV","value":0},"monitor_cell_calibration_value":{"unit":"mV","value":0},"test_device_area":{"unit":"cm2","value":0.125},"num_of_series_connected_stacks":{"unit":"","value":1},"meter_integration":{"unit":"NPLC","value":1},"source_irradiance":{"unit":"mW\/cm2","value":100},"voltage_settling_time":{"unit":"ms","value":100},"sweep_direction":{"unit":"","value":"Forward"},"irradiance_variation_correction":{"unit":"","value":"None"},"device_id":{"unit":"","value":"CS2-2-4-F"},"cell_dimension":{"unit":"cm2","value":0.125},"key":"Forward_IV CS2-2-4"},{"V":{"value":[-0.1,-0.087,-0.074,-0.061,-0.047,-0.034,-0.021,-0.008,0.005,0.018,0.031,0.044,0.058,0.071,0.084,0.097,0.11,0.123,0.136,0.149,0.163,0.176,0.189,0.202,0.215,0.228,0.241,0.255,0.268,0.281,0.294,0.307,0.32,0.333,0.346,0.36,0.373,0.386,0.399,0.412,0.425,0.438,0.452,0.465,0.478,0.491,0.504,0.517,0.53,0.543,0.557,0.57,0.583,0.596,0.609,0.622,0.635,0.648,0.662,0.675,0.688,0.701,0.714,0.727,0.74,0.754,0.767,0.78,0.793,0.806,0.819,0.832,0.845,0.859,0.872,0.885,0.898,0.911,0.924,0.937,0.951,0.964,0.977,0.99,1.003,1.016,1.029,1.042,1.056,1.069,1.082,1.095,1.108,1.121,1.134,1.147,1.161,1.174,1.187,1.2],"unit":"V"},"I":{"value":[0.0030706,0.0030677,0.0030696,0.0030719,0.0030711,0.0030699,0.0030706,0.0030694,0.0030687,0.0030694,0.0030711,0.0030703,0.00307,0.0030693,0.0030682,0.0030662,0.0030704,0.0030689,0.0030692,0.0030702,0.0030701,0.0030672,0.0030656,0.0030649,0.0030648,0.0030629,0.0030653,0.0030666,0.0030647,0.0030652,0.0030633,0.0030624,0.0030627,0.0030626,0.003063,0.0030611,0.0030635,0.0030599,0.0027984,0.0030663,0.0030654,0.0030663,0.0030619,0.0030608,0.0030621,0.0030614,0.0030602,0.0030585,0.0030594,0.0017656,0.00095053,0.0010497,0.0030547,0.0030557,0.0030553,0.0030542,0.0030549,0.0030565,0.0030535,0.0030542,0.0030505,0.0030537,0.0030496,0.0030461,0.0030429,0.0030395,0.0030373,0.0030318,0.0030282,0.0030222,0.0030132,0.0030005,0.0029816,0.0029611,0.0029363,0.0029046,0.0028588,0.002799,0.0027245,0.0026302,0.0024899,0.0023302,0.0018163,0.0018648,0.0015995,0.0012609,0.00091658,0.00043465,-0.00010045,-0.00064612,-0.0011888,-0.001831,-0.0025053,-0.0032152,-0.0036905,-0.0036905,-0.0036905,-0.0036905,-0.0036905,-0.0036905],"unit":"A"},"J":{"value":[0.000383825,0.0003834625,0.0003837,0.0003839875,0.0003838875,0.0003837375,0.000383825,0.000383675,0.0003835875,0.000383675,0.0003838875,0.0003837875,0.00038375,0.0003836625,0.000383525,0.000383275,0.0003838,0.0003836125,0.00038365,0.000383775,0.0003837625,0.0003834,0.0003832,0.0003831125,0.0003831,0.0003828625,0.0003831625,0.000383325,0.0003830875,0.00038315,0.0003829125,0.0003828,0.0003828375,0.000382825,0.000382875,0.0003826375,0.0003829375,0.0003824875,0.0003498,0.0003832875,0.000383175,0.0003832875,0.0003827375,0.0003826,0.0003827625,0.000382675,0.000382525,0.0003823125,0.000382425,0.0002207,0.00011881625,0.0001312125,0.0003818375,0.0003819625,0.0003819125,0.000381775,0.0003818625,0.0003820625,0.0003816875,0.000381775,0.0003813125,0.0003817125,0.0003812,0.0003807625,0.0003803625,0.0003799375,0.0003796625,0.000378975,0.000378525,0.000377775,0.00037665,0.0003750625,0.0003727,0.0003701375,0.0003670375,0.000363075,0.00035735,0.000349875,0.0003405625,0.000328775,0.0003112375,0.000291275,0.0002270375,0.0002331,0.0001999375,0.0001576125,0.0001145725,5.433125e-5,-1.255625e-5,-8.0765e-5,-0.0001486,-0.000228875,-0.0003131625,-0.0004019,-0.0004613125,-0.0004613125,-0.0004613125,-0.0004613125,-0.0004613125,-0.0004613125],"unit":"A\/cm2"},"voc":{"unit":"V","value":1.0534},"isc":{"unit":"A","value":0.003069},"jsc":{"unit":"mA\/cm2","value":24.552},"fill_factor":{"unit":"%","value":79.52},"pmax":{"unit":"mW","value":2.571},"vmax":{"unit":"V","value":0.885},"imax":{"unit":"mA","value":2.905},"rshunt":{"unit":"ohms","value":16300},"voc_slope":{"unit":"ohms","value":26.4},"efficiency":{"unit":"%","value":20.56},"monitor_cell_reading":{"unit":"mV","value":0},"monitor_cell_calibration_value":{"unit":"mV","value":0},"test_device_area":{"unit":"cm2","value":0.125},"num_of_series_connected_stacks":{"unit":"","value":1},"meter_integration":{"unit":"NPLC","value":1},"source_irradiance":{"unit":"mW\/cm2","value":100},"voltage_settling_time":{"unit":"ms","value":100},"sweep_direction":{"unit":"","value":"Forward"},"irradiance_variation_correction":{"unit":"","value":"None"},"device_id":{"unit":"","value":"CS2-2-3-F"},"cell_dimension":{"unit":"cm2","value":0.125},"key":"Forward_IV CS2-2-3"},{"V":{"value":[-0.1,-0.087,-0.074,-0.061,-0.047,-0.034,-0.021,-0.008,0.005,0.018,0.031,0.044,0.058,0.071,0.084,0.097,0.11,0.123,0.136,0.149,0.163,0.176,0.189,0.202,0.215,0.228,0.241,0.255,0.268,0.281,0.294,0.307,0.32,0.333,0.346,0.36,0.373,0.386,0.399,0.412,0.425,0.438,0.452,0.465,0.478,0.491,0.504,0.517,0.53,0.543,0.557,0.57,0.583,0.596,0.609,0.622,0.635,0.648,0.662,0.675,0.688,0.701,0.714,0.727,0.74,0.754,0.767,0.78,0.793,0.806,0.819,0.832,0.845,0.859,0.872,0.885,0.898,0.911,0.924,0.937,0.951,0.964,0.977,0.99,1.003,1.016,1.029,1.042,1.056,1.069,1.082,1.095,1.108,1.121,1.134,1.147,1.161,1.174,1.187,1.2],"unit":"V"},"I":{"value":[0.0030857,0.003086,0.0030856,0.0030831,0.0030813,0.0030818,0.0030809,0.0030803,0.0030779,0.0030792,0.0030784,0.0027787,0.002608,0.0026291,0.0025395,0.0024891,0.0024202,0.0023622,0.0025255,0.0022378,0.0021266,0.002073,0.001435,0.0013853,0.0013576,0.0012762,0.001154,0.0018954,0.0016979,0.0010303,0.0012183,0.0015089,0.0012064,0.0017763,0.0019783,0.0014006,0.0017926,0.0014937,0.0030754,0.0014573,0.0030776,0.0028693,0.003075,0.0030745,0.0030738,0.0030751,0.0030742,0.0030753,0.0030741,0.0030721,0.0030701,0.0030699,0.0030704,0.00307,0.003071,0.0030714,0.0030694,0.0030681,0.0030701,0.0030694,0.0030627,0.0030622,0.0030522,0.0030528,0.0030502,0.0030468,0.0030404,0.0030313,0.0030217,0.0030024,0.0029881,0.0029687,0.0029421,0.0029053,0.0028603,0.0028016,0.0027247,0.0026273,0.002507,0.0023781,0.00219,0.0019584,0.0016932,0.0013857,0.0010318,0.00066466,0.00021817,-0.00026995,-0.00085013,-0.0013717,-0.0019809,-0.0025904,-0.0032753,-0.0037024,-0.0037024,-0.0037024,-0.0037024,-0.0037024,-0.0037024,-0.0037024],"unit":"A"},"J":{"value":[0.0003857125,0.00038575,0.0003857,0.0003853875,0.0003851625,0.000385225,0.0003851125,0.0003850375,0.0003847375,0.0003849,0.0003848,0.0003473375,0.000326,0.0003286375,0.0003174375,0.0003111375,0.000302525,0.000295275,0.0003156875,0.000279725,0.000265825,0.000259125,0.000179375,0.0001731625,0.0001697,0.000159525,0.00014425,0.000236925,0.0002122375,0.0001287875,0.0001522875,0.0001886125,0.0001508,0.0002220375,0.0002472875,0.000175075,0.000224075,0.0001867125,0.000384425,0.0001821625,0.0003847,0.0003586625,0.000384375,0.0003843125,0.000384225,0.0003843875,0.000384275,0.0003844125,0.0003842625,0.0003840125,0.0003837625,0.0003837375,0.0003838,0.00038375,0.000383875,0.000383925,0.000383675,0.0003835125,0.0003837625,0.000383675,0.0003828375,0.000382775,0.000381525,0.0003816,0.000381275,0.00038085,0.00038005,0.0003789125,0.0003777125,0.0003753,0.0003735125,0.0003710875,0.0003677625,0.0003631625,0.0003575375,0.0003502,0.0003405875,0.0003284125,0.000313375,0.0002972625,0.00027375,0.0002448,0.00021165,0.0001732125,0.000128975,8.30825e-5,2.727125e-5,-3.374375e-5,-0.00010626625,-0.0001714625,-0.0002476125,-0.0003238,-0.0004094125,-0.0004628,-0.0004628,-0.0004628,-0.0004628,-0.0004628,-0.0004628,-0.0004628],"unit":"A\/cm2"},"voc":{"unit":"V","value":1.0348},"isc":{"unit":"A","value":0.0030788},"jsc":{"unit":"mA\/cm2","value":24.63},"fill_factor":{"unit":"%","value":78.33},"pmax":{"unit":"mW","value":2.496},"vmax":{"unit":"V","value":0.859},"imax":{"unit":"mA","value":2.905},"rshunt":{"unit":"ohms","value":166},"voc_slope":{"unit":"ohms","value":29.4},"efficiency":{"unit":"%","value":19.97},"monitor_cell_reading":{"unit":"mV","value":0},"monitor_cell_calibration_value":{"unit":"mV","value":0},"test_device_area":{"unit":"cm2","value":0.125},"num_of_series_connected_stacks":{"unit":"","value":1},"meter_integration":{"unit":"NPLC","value":1},"source_irradiance":{"unit":"mW\/cm2","value":100},"voltage_settling_time":{"unit":"ms","value":100},"sweep_direction":{"unit":"","value":"Forward"},"irradiance_variation_correction":{"unit":"","value":"None"},"device_id":{"unit":"","value":"CS2-2-2-F"},"cell_dimension":{"unit":"cm2","value":0.125},"key":"Forward_IV CS2-2-2"},{"V":{"value":[-0.1,-0.087,-0.074,-0.061,-0.047,-0.034,-0.021,-0.008,0.005,0.018,0.031,0.044,0.058,0.071,0.084,0.097,0.11,0.123,0.136,0.149,0.163,0.176,0.189,0.202,0.215,0.228,0.241,0.255,0.268,0.281,0.294,0.307,0.32,0.333,0.346,0.36,0.373,0.386,0.399,0.412,0.425,0.438,0.452,0.465,0.478,0.491,0.504,0.517,0.53,0.543,0.557,0.57,0.583,0.596,0.609,0.622,0.635,0.648,0.662,0.675,0.688,0.701,0.714,0.727,0.74,0.754,0.767,0.78,0.793,0.806,0.819,0.832,0.845,0.859,0.872,0.885,0.898,0.911,0.924,0.937,0.951,0.964,0.977,0.99,1.003,1.016,1.029,1.042,1.056,1.069,1.082,1.095,1.108,1.121,1.134,1.147,1.161,1.174,1.187,1.2],"unit":"V"},"I":{"value":[0.0031083,0.0031075,0.0031043,0.0031064,0.0031033,0.0031057,0.0031078,0.0031102,0.003107,0.0031073,0.003106,0.0031065,0.0031079,0.0031088,0.0031062,0.0031052,0.0031068,0.0031048,0.0031091,0.0031075,0.0031065,0.0031076,0.003108,0.0031049,0.0031046,0.0031037,0.0031031,0.0031074,0.0031051,0.0031044,0.0031054,0.0031059,0.0031044,0.003103,0.0031033,0.0031036,0.0031049,0.0031003,0.0031015,0.0031006,0.0031007,0.0031011,0.0031023,0.003099,0.0030985,0.0030995,0.0027888,0.0030989,0.0030994,0.0030987,0.0030962,0.0030957,0.0030956,0.0030991,0.0030966,0.0030946,0.0030939,0.0030926,0.0030917,0.0030911,0.0030874,0.0030836,0.0030847,0.0030826,0.0030778,0.0030749,0.0030694,0.0030668,0.0030606,0.0030494,0.0030417,0.003028,0.0030126,0.0029879,0.0029564,0.0029159,0.0028673,0.0027974,0.0027303,0.0026232,0.0024786,0.0023086,0.0021,0.0018524,0.0015623,0.0012252,0.00086908,0.00044861,-2.6044e-5,-0.00047744,-0.00096161,-0.0015978,-0.0022507,-0.0029044,-0.0035749,-0.0037413,-0.0037413,-0.0037413,-0.0037413,-0.0037413],"unit":"A"},"J":{"value":[0.0003885375,0.0003884375,0.0003880375,0.0003883,0.0003879125,0.0003882125,0.000388475,0.000388775,0.000388375,0.0003884125,0.00038825,0.0003883125,0.0003884875,0.0003886,0.000388275,0.00038815,0.00038835,0.0003881,0.0003886375,0.0003884375,0.0003883125,0.00038845,0.0003885,0.0003881125,0.000388075,0.0003879625,0.0003878875,0.000388425,0.0003881375,0.00038805,0.000388175,0.0003882375,0.00038805,0.000387875,0.0003879125,0.00038795,0.0003881125,0.0003875375,0.0003876875,0.000387575,0.0003875875,0.0003876375,0.0003877875,0.000387375,0.0003873125,0.0003874375,0.0003486,0.0003873625,0.000387425,0.0003873375,0.000387025,0.0003869625,0.00038695,0.0003873875,0.000387075,0.000386825,0.0003867375,0.000386575,0.0003864625,0.0003863875,0.000385925,0.00038545,0.0003855875,0.000385325,0.000384725,0.0003843625,0.000383675,0.00038335,0.000382575,0.000381175,0.0003802125,0.0003785,0.000376575,0.0003734875,0.00036955,0.0003644875,0.0003584125,0.000349675,0.0003412875,0.0003279,0.000309825,0.000288575,0.0002625,0.00023155,0.0001952875,0.00015315,0.000108635,5.607625e-5,-3.2555e-6,-5.968e-5,-0.00012020125,-0.000199725,-0.0002813375,-0.00036305,-0.0004468625,-0.0004676625,-0.0004676625,-0.0004676625,-0.0004676625,-0.0004676625],"unit":"A\/cm2"},"voc":{"unit":"V","value":1.0552},"isc":{"unit":"A","value":0.0031082},"jsc":{"unit":"mA\/cm2","value":24.866},"fill_factor":{"unit":"%","value":78.68},"pmax":{"unit":"mW","value":2.581},"vmax":{"unit":"V","value":0.885},"imax":{"unit":"mA","value":2.916},"rshunt":{"unit":"ohms","value":-7440},"voc_slope":{"unit":"ohms","value":30},"efficiency":{"unit":"%","value":20.64},"monitor_cell_reading":{"unit":"mV","value":0},"monitor_cell_calibration_value":{"unit":"mV","value":0},"test_device_area":{"unit":"cm2","value":0.125},"num_of_series_connected_stacks":{"unit":"","value":1},"meter_integration":{"unit":"NPLC","value":1},"source_irradiance":{"unit":"mW\/cm2","value":100},"voltage_settling_time":{"unit":"ms","value":100},"sweep_direction":{"unit":"","value":"Forward"},"irradiance_variation_correction":{"unit":"","value":"None"},"device_id":{"unit":"","value":"CS2-2-1-F"},"cell_dimension":{"unit":"cm2","value":0.125},"key":"Forward_IV CS2-2-1"},{"V":{"value":[-0.1,-0.087,-0.074,-0.061,-0.047,-0.034,-0.021,-0.008,0.005,0.018,0.031,0.044,0.058,0.071,0.084,0.097,0.11,0.123,0.136,0.149,0.163,0.176,0.189,0.202,0.215,0.228,0.241,0.255,0.268,0.281,0.294,0.307,0.32,0.333,0.346,0.36,0.373,0.386,0.399,0.412,0.425,0.438,0.452,0.465,0.478,0.491,0.504,0.517,0.53,0.543,0.557,0.57,0.583,0.596,0.609,0.622,0.635,0.648,0.662,0.675,0.688,0.701,0.714,0.727,0.74,0.754,0.767,0.78,0.793,0.806,0.819,0.832,0.845,0.859,0.872,0.885,0.898,0.911,0.924,0.937,0.951,0.964,0.977,0.99,1.003,1.016,1.029,1.042,1.056,1.069,1.082,1.095,1.108,1.121,1.134,1.147,1.161,1.174,1.187,1.2],"unit":"V"},"I":{"value":[0.0030985,0.003095,0.003096,0.0030957,0.0030962,0.0030964,0.0030945,0.0030942,0.003095,0.0030939,0.0030943,0.0030927,0.0030917,0.0030932,0.0030957,0.0025628,0.0024188,0.0022091,0.0020534,0.0019558,0.001929,0.0017677,0.0016946,0.0016503,0.0016427,0.0014888,0.0014857,0.0013394,0.001261,0.0013636,0.0011132,0.0010951,0.0030909,0.0030925,0.0011754,0.0011621,0.0030911,0.0030904,0.003092,0.0030916,0.0030916,0.0030894,0.0030865,0.0030925,0.0030889,0.0030885,0.0030895,0.0030897,0.0030877,0.0030877,0.0030882,0.0030879,0.003086,0.003084,0.003083,0.0030823,0.0030302,0.0030807,0.0030802,0.003084,0.0030819,0.0030784,0.0030729,0.0030713,0.0030651,0.0030606,0.0030581,0.0030517,0.0030414,0.0030317,0.0030173,0.0029822,0.002918,0.0029286,0.0029202,0.0028742,0.0028121,0.002737,0.0026393,0.0025164,0.0023522,0.0021641,0.0019437,0.0016876,0.0013961,0.0010659,0.00072302,0.00032503,-0.0001395,-0.00059987,-0.0010581,-0.0015409,-0.0021046,-0.0026626,-0.0032368,-0.0037243,-0.0037243,-0.0037243,-0.0037243,-0.0037243],"unit":"A"},"J":{"value":[0.0003873125,0.000386875,0.000387,0.0003869625,0.000387025,0.00038705,0.0003868125,0.000386775,0.000386875,0.0003867375,0.0003867875,0.0003865875,0.0003864625,0.00038665,0.0003869625,0.00032035,0.00030235,0.0002761375,0.000256675,0.000244475,0.000241125,0.0002209625,0.000211825,0.0002062875,0.0002053375,0.0001861,0.0001857125,0.000167425,0.000157625,0.00017045,0.00013915,0.0001368875,0.0003863625,0.0003865625,0.000146925,0.0001452625,0.0003863875,0.0003863,0.0003865,0.00038645,0.00038645,0.000386175,0.0003858125,0.0003865625,0.0003861125,0.0003860625,0.0003861875,0.0003862125,0.0003859625,0.0003859625,0.000386025,0.0003859875,0.00038575,0.0003855,0.000385375,0.0003852875,0.000378775,0.0003850875,0.000385025,0.0003855,0.0003852375,0.0003848,0.0003841125,0.0003839125,0.0003831375,0.000382575,0.0003822625,0.0003814625,0.000380175,0.0003789625,0.0003771625,0.000372775,0.00036475,0.000366075,0.000365025,0.000359275,0.0003515125,0.000342125,0.0003299125,0.00031455,0.000294025,0.0002705125,0.0002429625,0.00021095,0.0001745125,0.0001332375,9.03775e-5,4.062875e-5,-1.74375e-5,-7.498375e-5,-0.0001322625,-0.0001926125,-0.000263075,-0.000332825,-0.0004046,-0.0004655375,-0.0004655375,-0.0004655375,-0.0004655375,-0.0004655375],"unit":"A\/cm2"},"voc":{"unit":"V","value":1.0518},"isc":{"unit":"A","value":0.0030947},"jsc":{"unit":"mA\/cm2","value":24.757},"fill_factor":{"unit":"%","value":78.23},"pmax":{"unit":"mW","value":2.546},"vmax":{"unit":"V","value":0.872},"imax":{"unit":"mA","value":2.92},"rshunt":{"unit":"ohms","value":23800},"voc_slope":{"unit":"ohms","value":30.7},"efficiency":{"unit":"%","value":20.37},"monitor_cell_reading":{"unit":"mV","value":0},"monitor_cell_calibration_value":{"unit":"mV","value":0},"test_device_area":{"unit":"cm2","value":0.125},"num_of_series_connected_stacks":{"unit":"","value":1},"meter_integration":{"unit":"NPLC","value":1},"source_irradiance":{"unit":"mW\/cm2","value":100},"voltage_settling_time":{"unit":"ms","value":100},"sweep_direction":{"unit":"","value":"Forward"},"irradiance_variation_correction":{"unit":"","value":"None"},"device_id":{"unit":"","value":"CS2-1-5-F"},"cell_dimension":{"unit":"cm2","value":0.125},"key":"Forward_IV CS2-1-5"},{"V":{"value":[-0.1,-0.087,-0.074,-0.061,-0.047,-0.034,-0.021,-0.008,0.005,0.018,0.031,0.044,0.058,0.071,0.084,0.097,0.11,0.123,0.136,0.149,0.163,0.176,0.189,0.202,0.215,0.228,0.241,0.255,0.268,0.281,0.294,0.307,0.32,0.333,0.346,0.36,0.373,0.386,0.399,0.412,0.425,0.438,0.452,0.465,0.478,0.491,0.504,0.517,0.53,0.543,0.557,0.57,0.583,0.596,0.609,0.622,0.635,0.648,0.662,0.675,0.688,0.701,0.714,0.727,0.74,0.754,0.767,0.78,0.793,0.806,0.819,0.832,0.845,0.859,0.872,0.885,0.898,0.911,0.924,0.937,0.951,0.964,0.977,0.99,1.003,1.016,1.029,1.042,1.056,1.069,1.082,1.095,1.108,1.121,1.134,1.147,1.161,1.174,1.187,1.2],"unit":"V"},"I":{"value":[0.0030717,0.0030681,0.0030743,0.0030704,0.0030718,0.0030701,0.0030712,0.0030699,0.0030698,0.0030716,0.0030716,0.0030696,0.0030689,0.0030674,0.0030686,0.0030676,0.0030682,0.0030689,0.0030667,0.0030667,0.0030652,0.0030658,0.0030687,0.0030688,0.0030664,0.0030667,0.0030661,0.0030652,0.0030653,0.0030658,0.0030719,0.0030688,0.0030664,0.0011168,0.0030665,0.0030659,0.0030644,0.0030623,0.0030612,0.0030589,0.0030625,0.0030648,0.0030649,0.0030617,0.0030622,0.0030605,0.0030606,0.0030601,0.0030608,0.0030582,0.003057,0.0030588,0.0030597,0.0030592,0.0030574,0.0030577,0.0030562,0.0030539,0.0030517,0.0030491,0.0030433,0.0030413,0.0030436,0.0030405,0.0030351,0.0030295,0.0030248,0.0030142,0.0030044,0.0029898,0.0029719,0.0029505,0.0029229,0.0028867,0.0028441,0.0027865,0.0027104,0.0026097,0.0024741,0.0023344,0.0021196,0.0019197,0.0016426,0.0013774,0.0010492,0.00070864,0.00031073,-0.00011835,-0.00061604,-0.0010752,-0.0015936,-0.0021348,-0.0026979,-0.0032766,-0.0036893,-0.0036893,-0.0036894,-0.0036894,-0.0036893,-0.0036893],"unit":"A"},"J":{"value":[0.0003839625,0.0003835125,0.0003842875,0.0003838,0.000383975,0.0003837625,0.0003839,0.0003837375,0.000383725,0.00038395,0.00038395,0.0003837,0.0003836125,0.000383425,0.000383575,0.00038345,0.000383525,0.0003836125,0.0003833375,0.0003833375,0.00038315,0.000383225,0.0003835875,0.0003836,0.0003833,0.0003833375,0.0003832625,0.00038315,0.0003831625,0.000383225,0.0003839875,0.0003836,0.0003833,0.0001396,0.0003833125,0.0003832375,0.00038305,0.0003827875,0.00038265,0.0003823625,0.0003828125,0.0003831,0.0003831125,0.0003827125,0.000382775,0.0003825625,0.000382575,0.0003825125,0.0003826,0.000382275,0.000382125,0.00038235,0.0003824625,0.0003824,0.000382175,0.0003822125,0.000382025,0.0003817375,0.0003814625,0.0003811375,0.0003804125,0.0003801625,0.00038045,0.0003800625,0.0003793875,0.0003786875,0.0003781,0.000376775,0.00037555,0.000373725,0.0003714875,0.0003688125,0.0003653625,0.0003608375,0.0003555125,0.0003483125,0.0003388,0.0003262125,0.0003092625,0.0002918,0.00026495,0.0002399625,0.000205325,0.000172175,0.00013115,8.858e-5,3.884125e-5,-1.479375e-5,-7.7005e-5,-0.0001344,-0.0001992,-0.00026685,-0.0003372375,-0.000409575,-0.0004611625,-0.0004611625,-0.000461175,-0.000461175,-0.0004611625,-0.0004611625],"unit":"A\/cm2"},"voc":{"unit":"V","value":1.0384},"isc":{"unit":"A","value":0.0030698},"jsc":{"unit":"mA\/cm2","value":24.559},"fill_factor":{"unit":"%","value":77.8},"pmax":{"unit":"mW","value":2.48},"vmax":{"unit":"V","value":0.872},"imax":{"unit":"mA","value":2.844},"rshunt":{"unit":"ohms","value":14500},"voc_slope":{"unit":"ohms","value":30.7},"efficiency":{"unit":"%","value":19.84},"monitor_cell_reading":{"unit":"mV","value":0},"monitor_cell_calibration_value":{"unit":"mV","value":0},"test_device_area":{"unit":"cm2","value":0.125},"num_of_series_connected_stacks":{"unit":"","value":1},"meter_integration":{"unit":"NPLC","value":1},"source_irradiance":{"unit":"mW\/cm2","value":100},"voltage_settling_time":{"unit":"ms","value":100},"sweep_direction":{"unit":"","value":"Forward"},"irradiance_variation_correction":{"unit":"","value":"None"},"device_id":{"unit":"","value":"CS2-1-4-F"},"cell_dimension":{"unit":"cm2","value":0.125},"key":"Forward_IV CS2-1-4"},{"V":{"value":[-0.1,-0.087,-0.074,-0.061,-0.047,-0.034,-0.021,-0.008,0.005,0.018,0.031,0.044,0.058,0.071,0.084,0.097,0.11,0.123,0.136,0.149,0.163,0.176,0.189,0.202,0.215,0.228,0.241,0.255,0.268,0.281,0.294,0.307,0.32,0.333,0.346,0.36,0.373,0.386,0.399,0.412,0.425,0.438,0.452,0.465,0.478,0.491,0.504,0.517,0.53,0.543,0.557,0.57,0.583,0.596,0.609,0.622,0.635,0.648,0.662,0.675,0.688,0.701,0.714,0.727,0.74,0.754,0.767,0.78,0.793,0.806,0.819,0.832,0.845,0.859,0.872,0.885,0.898,0.911,0.924,0.937,0.951,0.964,0.977,0.99,1.003,1.016,1.029,1.042,1.056,1.069,1.082,1.095,1.108,1.121,1.134,1.147,1.161,1.174,1.187,1.2],"unit":"V"},"I":{"value":[0.0030944,0.0030944,0.0030923,0.003093,0.0030921,0.003095,0.0030933,0.0030932,0.0030922,0.0030919,0.0030919,0.0030958,0.0027712,0.0027169,0.0030977,0.0030936,0.0030895,0.00309,0.0030901,0.0030887,0.0030893,0.0030902,0.0030901,0.0030934,0.0030913,0.0030919,0.0030893,0.0030899,0.0030904,0.0030906,0.0030913,0.0030908,0.0030906,0.0030899,0.003092,0.003092,0.0030917,0.0030906,0.0030876,0.0030896,0.0030881,0.0030854,0.0030842,0.0030856,0.003084,0.0022831,0.0030835,0.0030833,0.0030823,0.0030793,0.0030795,0.0030796,0.0030796,0.0030784,0.0030773,0.0030785,0.0030754,0.0030746,0.0030714,0.0030727,0.0030681,0.0030731,0.0030703,0.0030672,0.0030629,0.0030601,0.0030527,0.0030464,0.0030408,0.00303,0.0030063,0.003005,0.0029825,0.0029546,0.0029189,0.002874,0.0028155,0.002742,0.0026368,0.0025133,0.0023483,0.0021956,0.0019398,0.0016799,0.0014382,0.0010561,0.0007002,0.00027805,-0.0001751,-0.00066192,-0.0011228,-0.0016303,-0.0021643,-0.0027651,-0.0033513,-0.0037194,-0.0037194,-0.0037194,-0.0037194,-0.0037194],"unit":"A"},"J":{"value":[0.0003868,0.0003868,0.0003865375,0.000386625,0.0003865125,0.000386875,0.0003866625,0.00038665,0.000386525,0.0003864875,0.0003864875,0.000386975,0.0003464,0.0003396125,0.0003872125,0.0003867,0.0003861875,0.00038625,0.0003862625,0.0003860875,0.0003861625,0.000386275,0.0003862625,0.000386675,0.0003864125,0.0003864875,0.0003861625,0.0003862375,0.0003863,0.000386325,0.0003864125,0.00038635,0.000386325,0.0003862375,0.0003865,0.0003865,0.0003864625,0.000386325,0.00038595,0.0003862,0.0003860125,0.000385675,0.000385525,0.0003857,0.0003855,0.0002853875,0.0003854375,0.0003854125,0.0003852875,0.0003849125,0.0003849375,0.00038495,0.00038495,0.0003848,0.0003846625,0.0003848125,0.000384425,0.000384325,0.000383925,0.0003840875,0.0003835125,0.0003841375,0.0003837875,0.0003834,0.0003828625,0.0003825125,0.0003815875,0.0003808,0.0003801,0.00037875,0.0003757875,0.000375625,0.0003728125,0.000369325,0.0003648625,0.00035925,0.0003519375,0.00034275,0.0003296,0.0003141625,0.0002935375,0.00027445,0.000242475,0.0002099875,0.000179775,0.0001320125,8.7525e-5,3.475625e-5,-2.18875e-5,-8.274e-5,-0.00014035,-0.0002037875,-0.0002705375,-0.0003456375,-0.0004189125,-0.000464925,-0.000464925,-0.000464925,-0.000464925,-0.000464925],"unit":"A\/cm2"},"voc":{"unit":"V","value":1.0506},"isc":{"unit":"A","value":0.0030926},"jsc":{"unit":"mA\/cm2","value":24.741},"fill_factor":{"unit":"%","value":78.34},"pmax":{"unit":"mW","value":2.545},"vmax":{"unit":"V","value":0.872},"imax":{"unit":"mA","value":2.919},"rshunt":{"unit":"ohms","value":205},"voc_slope":{"unit":"ohms","value":30},"efficiency":{"unit":"%","value":20.36},"monitor_cell_reading":{"unit":"mV","value":0},"monitor_cell_calibration_value":{"unit":"mV","value":0},"test_device_area":{"unit":"cm2","value":0.125},"num_of_series_connected_stacks":{"unit":"","value":1},"meter_integration":{"unit":"NPLC","value":1},"source_irradiance":{"unit":"mW\/cm2","value":100},"voltage_settling_time":{"unit":"ms","value":100},"sweep_direction":{"unit":"","value":"Forward"},"irradiance_variation_correction":{"unit":"","value":"None"},"device_id":{"unit":"","value":"CS2-1-2-F"},"cell_dimension":{"unit":"cm2","value":0.125},"key":"Forward_IV CS2-1-2"}]}}