{"_id":"6672c72265cf2d302d2c3202","id":"SKKU-SC-00368","author":94,"group":11,"input":[{"tco":{"unit":"","value":"ITO"}},{"surface_treatment":{"unit":"","value":"O-Plasma"}},{"htl":[{"material":{"unit":"","value":"2PACz"},"concentration":{"unit":"","value":"0.3"},"conc_unit":{"unit":"","value":"mg\/ml"},"quantity":{"unit":"ml","value":"0.2"}}],"spin_coating":[{"type":{"unit":"","value":"Static (loading)"},"rpm":{"unit":"","value":"3000"},"time":{"unit":"s","value":"30"}}],"annealing":[{"temperature":{"unit":"oC","value":"100"},"time":{"unit":"m","value":"10"}}],"condition":{"unit":"","value":"glove-box(N2)"}},{"condition":{"unit":"","value":"glove-box(N2)"},"perovskite":{"method":{"unit":"","value":"1step"},"molarity":{"unit":"M","value":"1.3M"},"a_site":[{"material":{"unit":"","value":"FA"},"ratio":{"unit":"%","value":"91"}},{"material":{"unit":"","value":"Cs"},"ratio":{"unit":"%","value":"9"}}],"b_site":[{"material":{"unit":"","value":"Pb"},"ratio":{"unit":"%","value":"100"}}],"x_site":[{"material":{"unit":"","value":"I"},"ratio":{"unit":"%","value":"76.666666666666666666666666666667"}},{"material":{"unit":"","value":"Br"},"ratio":{"unit":"%","value":"23.333333333333333333333333333333"}}],"solvent":[{"material":{"unit":"","value":"DMF"},"volume":{"unit":"ml","value":"4"}},{"material":{"unit":"","value":"DMSO"},"volume":{"unit":"ml","value":"1"}}],"antisolvent":[{"material":{"unit":"","value":"CB"},"quantity":{"unit":"ul","value":"300"},"dripping_time":{"unit":"s","value":"5"}}],"annealing":[{"temperature":{"unit":"oC","value":"100"},"time":{"unit":"m","value":"10"}}],"spin_coating":[{"type":{"unit":"","value":"Static (loading)"},"rpm":{"unit":"","value":"1000"},"time":{"unit":"s","value":"10"}},{"type":{"unit":"","value":"Static (loading)"},"rpm":{"unit":"","value":"5000"},"time":{"unit":"s","value":"30"}}],"atmosphere":[{"type":{"unit":"","value":"glove-box(N2)"},"temperature":{"unit":"oC","value":"23"},"humidity":{"unit":"RH%","value":"0"}}]}},{"perovskite_treatment":[{"material":{"unit":"","value":"OABr"},"concentration":{"unit":"","value":"3"},"conc_unit":{"unit":"","value":"mg\/ml"},"quantity":{"unit":"ml","value":"65"}}],"spin_coating":[{"type":{"unit":"","value":"Dynamic"},"rpm":{"unit":"","value":"5000"},"time":{"unit":"s","value":"34"}}],"annealing":[{"temperature":{"unit":"oC","value":"100"},"time":{"unit":"m","value":"5"}}]},{"etl":[{"material":{"unit":"","value":"C60"},"concentration":{"unit":"","value":"None"},"conc_unit":{"unit":"","value":"None"},"quantity":{"unit":"ml","value":"None"}}],"thermal_evaporation":[{"vacuum_evaporation_thickness":{"unit":"nm","value":"25"},"evaporation_rate":{"unit":"\u00c5\/s","value":"0.2"},"vacuum_pressure":{"unit":"uTorr","value":"2"}}]},{"blocking_buffer_layer":[{"material":{"unit":"","value":"BCP"},"concentration":{"unit":"","value":""},"conc_unit":{"unit":"","value":"mg\/ml"},"quantity":{"unit":"ml","value":"None"}}],"thermal_evaporation":[{"vacuum_evaporation_thickness":{"unit":"nm","value":"8"},"evaporation_rate":{"unit":"\u00c5\/s","value":"0.2"},"vacuum_pressure":{"unit":"uTorr","value":"2"}}]},{"anode_metal":{"unit":"","value":"Ag"}},{"type":{"unit":"","value":"unit_cell"},"temperature":{"unit":"\u2103","value":"20"},"device_type":{"unit":"","value":"p-i-n"},"humidity":{"unit":"%","value":"20"},"cell_dimension":{"unit":"cm2","value":"0.09"}},{"note":{"unit":"","value":"OABr passivation solution concentration optimizing"}}],"fileinfo":[{"key":"Reverse_IV OABr3-1-4","uploadType":"JV","original_name":"IV OABr3-1-4-R.txt","save_name":"SKKU-SC-00368\/Reverse_IV OABr3-1-4","uploader":94,"fileType":""},{"key":"Forward_IV OABr3-1-1","uploadType":"JV","original_name":"IV OABr3-1-1-F.txt","save_name":"SKKU-SC-00368\/Forward_IV OABr3-1-1","uploader":94,"fileType":""},{"key":"Reverse_IV OABr3-1-1","uploadType":"JV","original_name":"IV OABr3-1-1-R.txt","save_name":"SKKU-SC-00368\/Reverse_IV OABr3-1-1","uploader":94,"fileType":""},{"key":"Reverse_IV OABr3-1-2","uploadType":"JV","original_name":"IV OABr3-1-2-R.txt","save_name":"SKKU-SC-00368\/Reverse_IV OABr3-1-2","uploader":94,"fileType":""},{"key":"Forward_IV OABr3-1-3","uploadType":"JV","original_name":"IV OABr3-1-3-F.txt","save_name":"SKKU-SC-00368\/Forward_IV OABr3-1-3","uploader":94,"fileType":""},{"key":"Reverse_IV OABr3-1-3","uploadType":"JV","original_name":"IV OABr3-1-3-R.txt","save_name":"SKKU-SC-00368\/Reverse_IV OABr3-1-3","uploader":94,"fileType":""},{"key":"Forward_IV OABr3-1-4","uploadType":"JV","original_name":"IV OABr3-1-4-F.txt","save_name":"SKKU-SC-00368\/Forward_IV OABr3-1-4","uploader":94,"fileType":""}],"jvcnt":7,"analysisInfo":{"JV":[{"efficiency":6.233127,"fill_factor":49.527557,"jsc":10.725167,"voc":1.173424,"key":"Reverse_IV OABr3-1-4","cell_dimension":0.09},{"efficiency":5.954748,"fill_factor":48.991473,"jsc":10.44741,"voc":1.163414,"key":"Reverse_IV OABr3-1-3","cell_dimension":0.09},{"efficiency":5.281878,"fill_factor":47.712625,"jsc":9.480135,"voc":1.167725,"key":"Reverse_IV OABr3-1-2","cell_dimension":0.09},{"efficiency":4.418568,"fill_factor":43.045208,"jsc":8.709538,"voc":1.178587,"key":"Reverse_IV OABr3-1-1","cell_dimension":0.09},{"efficiency":5.669182,"fill_factor":51.176358,"jsc":9.44866,"voc":1.172413,"key":"Forward_IV OABr3-1-4","cell_dimension":0.09},{"efficiency":6.289506,"fill_factor":53.500605,"jsc":10.026901,"voc":1.172441,"key":"Forward_IV OABr3-1-3","cell_dimension":0.09},{"efficiency":4.585921,"fill_factor":45.643019,"jsc":8.498729,"voc":1.18222,"key":"Forward_IV OABr3-1-1","cell_dimension":0.09}]},"tags":[],"updated_at":"2024-10-24 09:04:04","created_at":"2024-06-19 11:55:14","public":2,"analysis":{"JV":[{"V":{"value":[1.23,1.2167,1.2034,1.1901,1.1768,1.1635,1.1502,1.1369,1.1236,1.1103,1.097,1.0837,1.0704,1.0571,1.0438,1.0305,1.0172,1.0039,0.9906,0.9773,0.964,0.9507,0.9374,0.9241,0.9108,0.8975,0.8842,0.8709,0.8576,0.8443,0.831,0.8177,0.8044,0.7911,0.7778,0.7645,0.7512,0.7379,0.7246,0.7113,0.698,0.6847,0.6714,0.6581,0.6448,0.6315,0.6182,0.6049,0.5916,0.5783,0.565,0.5517,0.5384,0.5251,0.5118,0.4985,0.4852,0.4719,0.4586,0.4453,0.432,0.4187,0.4054,0.3921,0.3788,0.3655,0.3522,0.3389,0.3256,0.3123,0.299,0.2857,0.2724,0.2591,0.2458,0.2325,0.2192,0.2059,0.1926,0.1793,0.166,0.1527,0.1394,0.1261,0.1128,0.0995,0.0862,0.0729,0.0596,0.0463,0.033,0.0197,0.0064,-0.0069,-0.0202,-0.0335,-0.0468,-0.0601,-0.0734,-0.0867],"unit":"V"},"I":{"value":[-0.000824,-0.000597,-0.000393,-0.000213,-6.1e-5,6.6e-5,0.000168,0.000249,0.000312,0.000361,0.000399,0.000428,0.000452,0.000471,0.000488,0.000502,0.000516,0.000528,0.00054,0.000551,0.000562,0.000574,0.000586,0.000597,0.000609,0.000621,0.000632,0.000643,0.000654,0.000664,0.000674,0.000684,0.000693,0.000702,0.000711,0.000719,0.000727,0.000734,0.000741,0.000748,0.000755,0.00076,0.000765,0.000771,0.000775,0.000781,0.000786,0.000791,0.000796,0.0008,0.000804,0.000808,0.000812,0.000816,0.000821,0.000824,0.000828,0.00083,0.000833,0.000839,0.000842,0.000847,0.00085,0.000853,0.000857,0.00086,0.000864,0.000867,0.000871,0.000874,0.000878,0.000881,0.000884,0.000889,0.000893,0.000897,0.000899,0.000904,0.000908,0.000912,0.000915,0.000919,0.000922,0.000927,0.000932,0.000936,0.000939,0.000944,0.000949,0.000953,0.000958,0.000962,0.000965,0.00097,0.000975,0.000978,0.000983,0.000987,0.000991,0.000996],"unit":"A"},"J":{"value":[-7.416e-5,-5.3729999999999995e-5,-3.537e-5,-1.9169999999999998e-5,-5.49e-6,5.94e-6,1.512e-5,2.2409999999999997e-5,2.808e-5,3.2489999999999996e-5,3.591e-5,3.852e-5,4.068e-5,4.239e-5,4.392e-5,4.517999999999999e-5,4.6439999999999996e-5,4.752e-5,4.8599999999999995e-5,4.958999999999999e-5,5.058e-5,5.166e-5,5.274e-5,5.3729999999999995e-5,5.480999999999999e-5,5.589e-5,5.688e-5,5.787e-5,5.8859999999999995e-5,5.976e-5,6.066e-5,6.156e-5,6.237e-5,6.318e-5,6.399e-5,6.471e-5,6.543e-5,6.605999999999999e-5,6.669e-5,6.732e-5,6.795e-5,6.84e-5,6.884999999999999e-5,6.939e-5,6.975e-5,7.028999999999999e-5,7.074e-5,7.119e-5,7.164e-5,7.2e-5,7.236e-5,7.272e-5,7.308e-5,7.344e-5,7.389e-5,7.416e-5,7.452e-5,7.47e-5,7.497e-5,7.551e-5,7.578e-5,7.623e-5,7.649999999999999e-5,7.677e-5,7.713e-5,7.74e-5,7.776e-5,7.803e-5,7.839e-5,7.866e-5,7.902e-5,7.929e-5,7.956e-5,8.001e-5,8.037e-5,8.073e-5,8.091e-5,8.136e-5,8.172e-5,8.208e-5,8.235e-5,8.271e-5,8.298e-5,8.342999999999999e-5,8.387999999999999e-5,8.423999999999999e-5,8.450999999999999e-5,8.496e-5,8.541e-5,8.576999999999999e-5,8.622e-5,8.657999999999999e-5,8.685e-5,8.730000000000001e-5,8.774999999999999e-5,8.801999999999999e-5,8.846999999999998e-5,8.883e-5,8.918999999999999e-5,8.963999999999999e-5],"unit":"A\/cm2"},"voc":{"unit":"V","value":1.173424},"isc":{"unit":"A","value":0.965265},"jsc":{"unit":"mA\/cm2","value":10.725167},"fill_factor":{"unit":"%","value":49.527557},"vmax":{"unit":"V","value":0.8443},"efficiency":{"unit":"%","value":6.233127},"monitor_cell_reading":{"unit":"mV","value":0},"monitor_cell_calibration_value":{"unit":"mV","value":0},"test_device_area":{"unit":"cm2","value":0.09},"num_of_series_connected_stacks":{"unit":"","value":1},"sweep_direction":{"unit":"","value":"Reverse"},"device_id":{"unit":"","value":"OABr3-1-4-R"},"cell_dimension":{"unit":"cm2","value":0.09},"key":"Reverse_IV OABr3-1-4"},{"V":{"value":[1.23,1.2167,1.2034,1.1901,1.1768,1.1635,1.1502,1.1369,1.1236,1.1103,1.097,1.0837,1.0704,1.0571,1.0438,1.0305,1.0172,1.0039,0.9906,0.9773,0.964,0.9507,0.9374,0.9241,0.9108,0.8975,0.8842,0.8709,0.8576,0.8443,0.831,0.8177,0.8044,0.7911,0.7778,0.7645,0.7512,0.7379,0.7246,0.7113,0.698,0.6847,0.6714,0.6581,0.6448,0.6315,0.6182,0.6049,0.5916,0.5783,0.565,0.5517,0.5384,0.5251,0.5118,0.4985,0.4852,0.4719,0.4586,0.4453,0.432,0.4187,0.4054,0.3921,0.3788,0.3655,0.3522,0.3389,0.3256,0.3123,0.299,0.2857,0.2724,0.2591,0.2458,0.2325,0.2192,0.2059,0.1926,0.1793,0.166,0.1527,0.1394,0.1261,0.1128,0.0995,0.0862,0.0729,0.0596,0.0463,0.033,0.0197,0.0064,-0.0069,-0.0202,-0.0335,-0.0468,-0.0601,-0.0734,-0.0867],"unit":"V"},"I":{"value":[-0.00113,-0.000837,-0.000578,-0.000359,-0.000181,-3.9e-5,7.3e-5,0.000158,0.000224,0.000275,0.000314,0.000345,0.000371,0.000393,0.000412,0.000429,0.000445,0.00046,0.000475,0.00049,0.000506,0.000521,0.000535,0.000549,0.000564,0.000577,0.000592,0.000606,0.000618,0.000632,0.000644,0.000655,0.000666,0.000677,0.000687,0.000697,0.000707,0.000715,0.000724,0.000731,0.000738,0.000745,0.000751,0.000758,0.000763,0.000768,0.000771,0.000777,0.000781,0.000787,0.00079,0.000795,0.000798,0.000802,0.000806,0.000809,0.000813,0.000816,0.00082,0.000822,0.000826,0.000829,0.000832,0.000835,0.000838,0.000841,0.000844,0.000848,0.000852,0.000855,0.000859,0.000861,0.000865,0.000869,0.000873,0.000876,0.000879,0.000881,0.000885,0.000889,0.000893,0.000897,0.000899,0.000905,0.000907,0.000911,0.000915,0.000919,0.000923,0.000927,0.000931,0.000938,0.00094,0.000943,0.000948,0.000952,0.000956,0.00096,0.000965,0.000969],"unit":"A"},"J":{"value":[-0.00010169999999999999,-7.533e-5,-5.201999999999999e-5,-3.231e-5,-1.629e-5,-3.51e-6,6.57e-6,1.422e-5,2.016e-5,2.4750000000000002e-5,2.8259999999999997e-5,3.1049999999999996e-5,3.339e-5,3.537e-5,3.708e-5,3.861e-5,4.005e-5,4.14e-5,4.2749999999999996e-5,4.4099999999999995e-5,4.554e-5,4.688999999999999e-5,4.815e-5,4.9409999999999996e-5,5.076e-5,5.193e-5,5.328e-5,5.4539999999999996e-5,5.561999999999999e-5,5.688e-5,5.796e-5,5.8949999999999996e-5,5.994e-5,6.0929999999999994e-5,6.183e-5,6.273e-5,6.363e-5,6.435e-5,6.516e-5,6.578999999999999e-5,6.642e-5,6.705e-5,6.759e-5,6.822e-5,6.866999999999999e-5,6.912e-5,6.939e-5,6.993e-5,7.028999999999999e-5,7.083e-5,7.11e-5,7.155e-5,7.182e-5,7.217999999999999e-5,7.254e-5,7.281e-5,7.317e-5,7.344e-5,7.379999999999999e-5,7.398e-5,7.434e-5,7.460999999999999e-5,7.487999999999999e-5,7.515e-5,7.541999999999999e-5,7.568999999999999e-5,7.596e-5,7.632e-5,7.667999999999999e-5,7.695e-5,7.730999999999999e-5,7.748999999999999e-5,7.785e-5,7.821e-5,7.856999999999999e-5,7.884e-5,7.910999999999999e-5,7.929e-5,7.965e-5,8.001e-5,8.037e-5,8.073e-5,8.091e-5,8.145e-5,8.163e-5,8.198999999999999e-5,8.235e-5,8.271e-5,8.307e-5,8.342999999999999e-5,8.379e-5,8.442e-5,8.46e-5,8.487e-5,8.531999999999999e-5,8.568e-5,8.604e-5,8.64e-5,8.685e-5,8.721e-5],"unit":"A\/cm2"},"voc":{"unit":"V","value":1.163414},"isc":{"unit":"A","value":0.940267},"jsc":{"unit":"mA\/cm2","value":10.44741},"fill_factor":{"unit":"%","value":48.991473},"vmax":{"unit":"V","value":0.8044},"efficiency":{"unit":"%","value":5.954748},"monitor_cell_reading":{"unit":"mV","value":0},"monitor_cell_calibration_value":{"unit":"mV","value":0},"test_device_area":{"unit":"cm2","value":0.09},"num_of_series_connected_stacks":{"unit":"","value":1},"sweep_direction":{"unit":"","value":"Reverse"},"device_id":{"unit":"","value":"OABr3-1-3-R"},"cell_dimension":{"unit":"cm2","value":0.09},"key":"Reverse_IV OABr3-1-3"},{"V":{"value":[1.23,1.2167,1.2034,1.1901,1.1768,1.1635,1.1502,1.1369,1.1236,1.1103,1.097,1.0837,1.0704,1.0571,1.0438,1.0305,1.0172,1.0039,0.9906,0.9773,0.964,0.9507,0.9374,0.9241,0.9108,0.8975,0.8842,0.8709,0.8576,0.8443,0.831,0.8177,0.8044,0.7911,0.7778,0.7645,0.7512,0.7379,0.7246,0.7113,0.698,0.6847,0.6714,0.6581,0.6448,0.6315,0.6182,0.6049,0.5916,0.5783,0.565,0.5517,0.5384,0.5251,0.5118,0.4985,0.4852,0.4719,0.4586,0.4453,0.432,0.4187,0.4054,0.3921,0.3788,0.3655,0.3522,0.3389,0.3256,0.3123,0.299,0.2857,0.2724,0.2591,0.2458,0.2325,0.2192,0.2059,0.1926,0.1793,0.166,0.1527,0.1394,0.1261,0.1128,0.0995,0.0862,0.0729,0.0596,0.0463,0.033,0.0197,0.0064,-0.0069,-0.0202,-0.0335,-0.0468,-0.0601,-0.0734,-0.0867],"unit":"V"},"I":{"value":[-0.000925,-0.000668,-0.000449,-0.000269,-0.000125,-1.1e-5,7.7e-5,0.000144,0.000196,0.000236,0.000269,0.000295,0.000318,0.000337,0.000355,0.00037,0.000385,0.000399,0.000414,0.000427,0.000441,0.000455,0.000469,0.000483,0.000496,0.000509,0.000522,0.000535,0.000547,0.000559,0.00057,0.00058,0.000591,0.000601,0.00061,0.000618,0.000628,0.000635,0.000644,0.00065,0.000657,0.000663,0.000669,0.000674,0.000679,0.000684,0.000689,0.000693,0.000697,0.000701,0.000705,0.000709,0.000713,0.000717,0.000721,0.000724,0.000728,0.000731,0.000735,0.000737,0.00074,0.000743,0.000746,0.000749,0.000752,0.000755,0.000759,0.000762,0.000765,0.000768,0.000771,0.000775,0.000777,0.000781,0.000785,0.000788,0.000791,0.000794,0.000798,0.000802,0.000806,0.000809,0.000813,0.000817,0.000821,0.000824,0.000829,0.000831,0.000835,0.000839,0.000844,0.000848,0.000853,0.000856,0.00086,0.000865,0.000869,0.000873,0.000877,0.000882],"unit":"A"},"J":{"value":[-8.325e-5,-6.0119999999999994e-5,-4.041e-5,-2.4209999999999997e-5,-1.1249999999999999e-5,-9.899999999999998e-7,6.93e-6,1.296e-5,1.7639999999999997e-5,2.124e-5,2.4209999999999997e-5,2.655e-5,2.8619999999999997e-5,3.033e-5,3.195e-5,3.3299999999999996e-5,3.4649999999999995e-5,3.591e-5,3.726e-5,3.843e-5,3.9689999999999994e-5,4.095e-5,4.221e-5,4.3469999999999995e-5,4.464e-5,4.581e-5,4.698e-5,4.815e-5,4.9229999999999995e-5,5.0310000000000005e-5,5.129999999999999e-5,5.22e-5,5.3190000000000004e-5,5.409e-5,5.489999999999999e-5,5.561999999999999e-5,5.6519999999999994e-5,5.715e-5,5.796e-5,5.849999999999999e-5,5.913e-5,5.9669999999999996e-5,6.0209999999999994e-5,6.066e-5,6.111e-5,6.156e-5,6.201e-5,6.237e-5,6.273e-5,6.309e-5,6.345e-5,6.381e-5,6.416999999999999e-5,6.453e-5,6.489e-5,6.516e-5,6.552e-5,6.578999999999999e-5,6.615e-5,6.633e-5,6.659999999999999e-5,6.686999999999999e-5,6.714e-5,6.741e-5,6.767999999999999e-5,6.795e-5,6.831e-5,6.858e-5,6.884999999999999e-5,6.912e-5,6.939e-5,6.975e-5,6.993e-5,7.028999999999999e-5,7.065e-5,7.091999999999999e-5,7.119e-5,7.146e-5,7.182e-5,7.217999999999999e-5,7.254e-5,7.281e-5,7.317e-5,7.353e-5,7.389e-5,7.416e-5,7.460999999999999e-5,7.479e-5,7.515e-5,7.551e-5,7.596e-5,7.632e-5,7.677e-5,7.704e-5,7.74e-5,7.785e-5,7.821e-5,7.856999999999999e-5,7.892999999999999e-5,7.937999999999999e-5],"unit":"A\/cm2"},"voc":{"unit":"V","value":1.167725},"isc":{"unit":"A","value":0.853212},"jsc":{"unit":"mA\/cm2","value":9.480135},"fill_factor":{"unit":"%","value":47.712625},"vmax":{"unit":"V","value":0.7911},"efficiency":{"unit":"%","value":5.281878},"monitor_cell_reading":{"unit":"mV","value":0},"monitor_cell_calibration_value":{"unit":"mV","value":0},"test_device_area":{"unit":"cm2","value":0.09},"num_of_series_connected_stacks":{"unit":"","value":1},"sweep_direction":{"unit":"","value":"Reverse"},"device_id":{"unit":"","value":"OABr3-1-2-R"},"cell_dimension":{"unit":"cm2","value":0.09},"key":"Reverse_IV OABr3-1-2"},{"V":{"value":[1.23,1.2167,1.2034,1.1901,1.1768,1.1635,1.1502,1.1369,1.1236,1.1103,1.097,1.0837,1.0704,1.0571,1.0438,1.0305,1.0172,1.0039,0.9906,0.9773,0.964,0.9507,0.9374,0.9241,0.9108,0.8975,0.8842,0.8709,0.8576,0.8443,0.831,0.8177,0.8044,0.7911,0.7778,0.7645,0.7512,0.7379,0.7246,0.7113,0.698,0.6847,0.6714,0.6581,0.6448,0.6315,0.6182,0.6049,0.5916,0.5783,0.565,0.5517,0.5384,0.5251,0.5118,0.4985,0.4852,0.4719,0.4586,0.4453,0.432,0.4187,0.4054,0.3921,0.3788,0.3655,0.3522,0.3389,0.3256,0.3123,0.299,0.2857,0.2724,0.2591,0.2458,0.2325,0.2192,0.2059,0.1926,0.1793,0.166,0.1527,0.1394,0.1261,0.1128,0.0995,0.0862,0.0729,0.0596,0.0463,0.033,0.0197,0.0064,-0.0069,-0.0202,-0.0335,-0.0468,-0.0601,-0.0734,-0.0867],"unit":"V"},"I":{"value":[-0.00049,-0.000351,-0.000229,-0.000126,-4.1e-5,2.9e-5,8.5e-5,0.00013,0.000166,0.000196,0.00022,0.000241,0.000258,0.000275,0.00029,0.000303,0.000316,0.000328,0.00034,0.000352,0.000364,0.000376,0.000388,0.000399,0.000411,0.000422,0.000434,0.000444,0.000455,0.000465,0.000475,0.000485,0.000494,0.000503,0.000511,0.000519,0.000527,0.000534,0.000542,0.000549,0.000556,0.000561,0.000568,0.000574,0.000581,0.000585,0.00059,0.000596,0.0006,0.000604,0.000609,0.000614,0.000618,0.000623,0.000627,0.000631,0.000635,0.000639,0.000643,0.000647,0.00065,0.000654,0.000658,0.000661,0.000665,0.000668,0.000673,0.000677,0.000681,0.000685,0.000688,0.000691,0.000696,0.0007,0.000704,0.000707,0.000711,0.000717,0.000721,0.000727,0.00073,0.000734,0.000739,0.000744,0.000748,0.000752,0.000757,0.000761,0.000766,0.00077,0.000775,0.000779,0.000784,0.000788,0.000795,0.0008,0.000802,0.000807,0.000813,0.000818],"unit":"A"},"J":{"value":[-4.4099999999999995e-5,-3.159e-5,-2.061e-5,-1.134e-5,-3.69e-6,2.61e-6,7.65e-6,1.1699999999999998e-5,1.494e-5,1.7639999999999997e-5,1.98e-5,2.169e-5,2.3219999999999998e-5,2.4750000000000002e-5,2.61e-5,2.7269999999999998e-5,2.844e-5,2.952e-5,3.06e-5,3.1679999999999995e-5,3.276e-5,3.3839999999999994e-5,3.492e-5,3.591e-5,3.699e-5,3.798e-5,3.9059999999999995e-5,3.996e-5,4.095e-5,4.185e-5,4.2749999999999996e-5,4.3650000000000004e-5,4.446e-5,4.527e-5,4.598999999999999e-5,4.6710000000000005e-5,4.743e-5,4.806e-5,4.877999999999999e-5,4.9409999999999996e-5,5.0039999999999995e-5,5.048999999999999e-5,5.112e-5,5.166e-5,5.229e-5,5.265e-5,5.31e-5,5.3639999999999995e-5,5.399999999999999e-5,5.436e-5,5.480999999999999e-5,5.5259999999999996e-5,5.561999999999999e-5,5.607e-5,5.642999999999999e-5,5.6790000000000003e-5,5.715e-5,5.751e-5,5.787e-5,5.8229999999999996e-5,5.849999999999999e-5,5.8859999999999995e-5,5.921999999999999e-5,5.949e-5,5.985e-5,6.0119999999999994e-5,6.057e-5,6.0929999999999994e-5,6.128999999999999e-5,6.165e-5,6.192e-5,6.219e-5,6.264e-5,6.3e-5,6.335999999999999e-5,6.363e-5,6.399e-5,6.453e-5,6.489e-5,6.543e-5,6.57e-5,6.605999999999999e-5,6.651e-5,6.696e-5,6.732e-5,6.767999999999999e-5,6.813e-5,6.848999999999999e-5,6.894e-5,6.929999999999999e-5,6.975e-5,7.010999999999999e-5,7.055999999999999e-5,7.091999999999999e-5,7.155e-5,7.2e-5,7.217999999999999e-5,7.263e-5,7.317e-5,7.362e-5],"unit":"A\/cm2"},"voc":{"unit":"V","value":1.178587},"isc":{"unit":"A","value":0.783858},"jsc":{"unit":"mA\/cm2","value":8.709538},"fill_factor":{"unit":"%","value":43.045208},"vmax":{"unit":"V","value":0.7911},"efficiency":{"unit":"%","value":4.418568},"monitor_cell_reading":{"unit":"mV","value":0},"monitor_cell_calibration_value":{"unit":"mV","value":0},"test_device_area":{"unit":"cm2","value":0.09},"num_of_series_connected_stacks":{"unit":"","value":1},"sweep_direction":{"unit":"","value":"Reverse"},"device_id":{"unit":"","value":"OABr3-1-1-R"},"cell_dimension":{"unit":"cm2","value":0.09},"key":"Reverse_IV OABr3-1-1"},{"V":{"value":[-0.1,-0.0867,-0.0734,-0.0601,-0.0468,-0.0335,-0.0202,-0.0069,0.0064,0.0197,0.033,0.0463,0.0596,0.0729,0.0862,0.0995,0.1128,0.1261,0.1394,0.1527,0.166,0.1793,0.1926,0.2059,0.2192,0.2325,0.2458,0.2591,0.2724,0.2857,0.299,0.3123,0.3256,0.3389,0.3522,0.3655,0.3788,0.3921,0.4054,0.4187,0.432,0.4453,0.4586,0.4719,0.4852,0.4985,0.5118,0.5251,0.5384,0.5517,0.565,0.5783,0.5916,0.6049,0.6182,0.6315,0.6448,0.6581,0.6714,0.6847,0.698,0.7113,0.7246,0.7379,0.7512,0.7645,0.7778,0.7911,0.8044,0.8177,0.831,0.8443,0.8576,0.8709,0.8842,0.8975,0.9108,0.9241,0.9374,0.9507,0.964,0.9773,0.9906,1.0039,1.0172,1.0305,1.0438,1.0571,1.0704,1.0837,1.097,1.1103,1.1236,1.1369,1.1502,1.1635,1.1768,1.1901,1.2034,1.2167],"unit":"V"},"I":{"value":[0.000833,0.000837,0.000843,0.000847,0.000848,0.00085,0.00085,0.000849,0.00085,0.000847,0.000845,0.000842,0.00084,0.000838,0.000835,0.000831,0.000827,0.000825,0.000821,0.000819,0.000813,0.000811,0.000807,0.000804,0.000799,0.000796,0.000792,0.000788,0.000785,0.000782,0.000778,0.000774,0.000772,0.000768,0.000765,0.000761,0.000757,0.000754,0.00075,0.000746,0.000745,0.000741,0.000737,0.000735,0.000732,0.000728,0.000724,0.000722,0.000718,0.000716,0.000712,0.00071,0.000706,0.000704,0.000699,0.000697,0.000692,0.000689,0.000684,0.000679,0.000675,0.00067,0.000665,0.00066,0.000654,0.000648,0.000642,0.000635,0.000628,0.000621,0.000612,0.000603,0.000595,0.000585,0.000575,0.000564,0.000553,0.000542,0.00053,0.000517,0.000505,0.000491,0.000478,0.000464,0.00045,0.000435,0.000419,0.000402,0.000382,0.00036,0.000333,0.000301,0.000261,0.000209,0.000142,5.3e-5,-6.1e-5,-0.000212,-0.000393,-0.000616],"unit":"A"},"J":{"value":[7.497e-5,7.533e-5,7.587e-5,7.623e-5,7.632e-5,7.649999999999999e-5,7.649999999999999e-5,7.641e-5,7.649999999999999e-5,7.623e-5,7.605e-5,7.578e-5,7.56e-5,7.541999999999999e-5,7.515e-5,7.479e-5,7.443e-5,7.425e-5,7.389e-5,7.371e-5,7.317e-5,7.298999999999999e-5,7.263e-5,7.236e-5,7.191e-5,7.164e-5,7.128e-5,7.091999999999999e-5,7.065e-5,7.038e-5,7.002e-5,6.966e-5,6.947999999999999e-5,6.912e-5,6.884999999999999e-5,6.848999999999999e-5,6.813e-5,6.786e-5,6.75e-5,6.714e-5,6.705e-5,6.669e-5,6.633e-5,6.615e-5,6.588e-5,6.552e-5,6.516e-5,6.497999999999999e-5,6.462e-5,6.444e-5,6.408e-5,6.39e-5,6.354e-5,6.335999999999999e-5,6.290999999999999e-5,6.273e-5,6.228e-5,6.201e-5,6.156e-5,6.111e-5,6.075e-5,6.03e-5,5.985e-5,5.94e-5,5.8859999999999995e-5,5.832e-5,5.778e-5,5.715e-5,5.6519999999999994e-5,5.589e-5,5.508e-5,5.427e-5,5.355e-5,5.265e-5,5.175e-5,5.076e-5,4.977e-5,4.877999999999999e-5,4.7699999999999994e-5,4.653e-5,4.545e-5,4.419e-5,4.302e-5,4.176e-5,4.0499999999999995e-5,3.9149999999999996e-5,3.7709999999999996e-5,3.618e-5,3.438e-5,3.24e-5,2.997e-5,2.709e-5,2.349e-5,1.881e-5,1.278e-5,4.77e-6,-5.49e-6,-1.908e-5,-3.537e-5,-5.544e-5],"unit":"A\/cm2"},"voc":{"unit":"V","value":1.172413},"isc":{"unit":"A","value":0.850379},"jsc":{"unit":"mA\/cm2","value":9.44866},"fill_factor":{"unit":"%","value":51.176358},"vmax":{"unit":"V","value":0.8576},"efficiency":{"unit":"%","value":5.669182},"monitor_cell_reading":{"unit":"mV","value":0},"monitor_cell_calibration_value":{"unit":"mV","value":0},"test_device_area":{"unit":"cm2","value":0.09},"num_of_series_connected_stacks":{"unit":"","value":1},"sweep_direction":{"unit":"","value":"Forward"},"device_id":{"unit":"","value":"OABr3-1-4-F"},"cell_dimension":{"unit":"cm2","value":0.09},"key":"Forward_IV OABr3-1-4"},{"V":{"value":[-0.1,-0.0867,-0.0734,-0.0601,-0.0468,-0.0335,-0.0202,-0.0069,0.0064,0.0197,0.033,0.0463,0.0596,0.0729,0.0862,0.0995,0.1128,0.1261,0.1394,0.1527,0.166,0.1793,0.1926,0.2059,0.2192,0.2325,0.2458,0.2591,0.2724,0.2857,0.299,0.3123,0.3256,0.3389,0.3522,0.3655,0.3788,0.3921,0.4054,0.4187,0.432,0.4453,0.4586,0.4719,0.4852,0.4985,0.5118,0.5251,0.5384,0.5517,0.565,0.5783,0.5916,0.6049,0.6182,0.6315,0.6448,0.6581,0.6714,0.6847,0.698,0.7113,0.7246,0.7379,0.7512,0.7645,0.7778,0.7911,0.8044,0.8177,0.831,0.8443,0.8576,0.8709,0.8842,0.8975,0.9108,0.9241,0.9374,0.9507,0.964,0.9773,0.9906,1.0039,1.0172,1.0305,1.0438,1.0571,1.0704,1.0837,1.097,1.1103,1.1236,1.1369,1.1502,1.1635,1.1768,1.1901,1.2034,1.2167],"unit":"V"},"I":{"value":[0.00089,0.000894,0.0009,0.000904,0.000906,0.000906,0.000903,0.000903,0.000902,0.000904,0.000901,0.000902,0.000898,0.000894,0.000891,0.000888,0.000884,0.00088,0.000877,0.000877,0.000873,0.00087,0.000867,0.000862,0.000859,0.000855,0.000852,0.000848,0.000843,0.00084,0.000836,0.000833,0.000829,0.000826,0.000822,0.000818,0.000816,0.000812,0.000809,0.000805,0.000802,0.000798,0.000796,0.000792,0.000789,0.000786,0.000783,0.00078,0.000777,0.000775,0.000772,0.000769,0.000766,0.000762,0.000759,0.000755,0.000752,0.000749,0.000746,0.000741,0.000738,0.000733,0.000729,0.000724,0.000719,0.000713,0.000707,0.000701,0.000694,0.000686,0.000678,0.000669,0.00066,0.00065,0.000639,0.000629,0.000617,0.000606,0.000592,0.00058,0.000567,0.000553,0.000539,0.000525,0.000509,0.000494,0.000477,0.000458,0.000437,0.000413,0.000383,0.000347,0.000301,0.000243,0.000166,6.2e-5,-6.7e-5,-0.000237,-0.00044,-0.000684],"unit":"A"},"J":{"value":[8.01e-5,8.046e-5,8.099999999999999e-5,8.136e-5,8.154e-5,8.154e-5,8.127e-5,8.127e-5,8.118e-5,8.136e-5,8.109e-5,8.118e-5,8.082e-5,8.046e-5,8.018999999999999e-5,7.992e-5,7.956e-5,7.92e-5,7.892999999999999e-5,7.892999999999999e-5,7.856999999999999e-5,7.829999999999999e-5,7.803e-5,7.758e-5,7.730999999999999e-5,7.695e-5,7.667999999999999e-5,7.632e-5,7.587e-5,7.56e-5,7.524e-5,7.497e-5,7.460999999999999e-5,7.434e-5,7.398e-5,7.362e-5,7.344e-5,7.308e-5,7.281e-5,7.245e-5,7.217999999999999e-5,7.182e-5,7.164e-5,7.128e-5,7.101e-5,7.074e-5,7.047e-5,7.02e-5,6.993e-5,6.975e-5,6.947999999999999e-5,6.921e-5,6.894e-5,6.858e-5,6.831e-5,6.795e-5,6.767999999999999e-5,6.741e-5,6.714e-5,6.669e-5,6.642e-5,6.597000000000001e-5,6.561e-5,6.516e-5,6.471e-5,6.416999999999999e-5,6.363e-5,6.309e-5,6.246e-5,6.174e-5,6.1019999999999995e-5,6.0209999999999994e-5,5.94e-5,5.849999999999999e-5,5.751e-5,5.6609999999999995e-5,5.553e-5,5.4539999999999996e-5,5.328e-5,5.22e-5,5.103e-5,4.977e-5,4.8509999999999995e-5,4.7249999999999997e-5,4.581e-5,4.446e-5,4.293e-5,4.122e-5,3.933e-5,3.717e-5,3.447e-5,3.123e-5,2.709e-5,2.187e-5,1.494e-5,5.58e-6,-6.03e-6,-2.1329999999999997e-5,-3.96e-5,-6.156e-5],"unit":"A\/cm2"},"voc":{"unit":"V","value":1.172441},"isc":{"unit":"A","value":0.902421},"jsc":{"unit":"mA\/cm2","value":10.026901},"fill_factor":{"unit":"%","value":53.500605},"vmax":{"unit":"V","value":0.8709},"efficiency":{"unit":"%","value":6.289506},"monitor_cell_reading":{"unit":"mV","value":0},"monitor_cell_calibration_value":{"unit":"mV","value":0},"test_device_area":{"unit":"cm2","value":0.09},"num_of_series_connected_stacks":{"unit":"","value":1},"sweep_direction":{"unit":"","value":"Forward"},"device_id":{"unit":"","value":"OABr3-1-3-F"},"cell_dimension":{"unit":"cm2","value":0.09},"key":"Forward_IV OABr3-1-3"},{"V":{"value":[-0.1,-0.0867,-0.0734,-0.0601,-0.0468,-0.0335,-0.0202,-0.0069,0.0064,0.0197,0.033,0.0463,0.0596,0.0729,0.0862,0.0995,0.1128,0.1261,0.1394,0.1527,0.166,0.1793,0.1926,0.2059,0.2192,0.2325,0.2458,0.2591,0.2724,0.2857,0.299,0.3123,0.3256,0.3389,0.3522,0.3655,0.3788,0.3921,0.4054,0.4187,0.432,0.4453,0.4586,0.4719,0.4852,0.4985,0.5118,0.5251,0.5384,0.5517,0.565,0.5783,0.5916,0.6049,0.6182,0.6315,0.6448,0.6581,0.6714,0.6847,0.698,0.7113,0.7246,0.7379,0.7512,0.7645,0.7778,0.7911,0.8044,0.8177,0.831,0.8443,0.8576,0.8709,0.8842,0.8975,0.9108,0.9241,0.9374,0.9507,0.964,0.9773,0.9906,1.0039,1.0172,1.0305,1.0438,1.0571,1.0704,1.0837,1.097,1.1103,1.1236,1.1369,1.1502,1.1635,1.1768,1.1901,1.2034,1.2167],"unit":"V"},"I":{"value":[0.000779,0.000775,0.000778,0.000776,0.000775,0.000774,0.000771,0.000768,0.000765,0.000762,0.000759,0.000756,0.000752,0.000748,0.000744,0.00074,0.000735,0.000731,0.000725,0.000721,0.000718,0.000714,0.000709,0.000704,0.000699,0.000695,0.000692,0.000688,0.000683,0.000679,0.000675,0.000671,0.000667,0.000662,0.000658,0.000655,0.000651,0.000648,0.000644,0.00064,0.000635,0.000632,0.000629,0.000625,0.000621,0.000618,0.000614,0.00061,0.000607,0.000603,0.0006,0.000596,0.000592,0.000588,0.000585,0.000581,0.000576,0.000572,0.000568,0.000564,0.000559,0.000553,0.000549,0.000544,0.000538,0.000532,0.000526,0.000519,0.000512,0.000504,0.000497,0.000489,0.00048,0.000472,0.000462,0.000452,0.000442,0.000432,0.000422,0.000411,0.0004,0.000388,0.000376,0.000364,0.000352,0.000339,0.000326,0.000311,0.000295,0.000278,0.000258,0.000235,0.000207,0.000173,0.000131,7.7e-5,1.3e-5,-6.7e-5,-0.00017,-0.000287],"unit":"A"},"J":{"value":[7.010999999999999e-5,6.975e-5,7.002e-5,6.984e-5,6.975e-5,6.966e-5,6.939e-5,6.912e-5,6.884999999999999e-5,6.858e-5,6.831e-5,6.804e-5,6.767999999999999e-5,6.732e-5,6.696e-5,6.659999999999999e-5,6.615e-5,6.578999999999999e-5,6.524999999999999e-5,6.489e-5,6.462e-5,6.426e-5,6.381e-5,6.335999999999999e-5,6.290999999999999e-5,6.255e-5,6.228e-5,6.192e-5,6.146999999999999e-5,6.111e-5,6.075e-5,6.039e-5,6.002999999999999e-5,5.958e-5,5.921999999999999e-5,5.8949999999999996e-5,5.859e-5,5.832e-5,5.796e-5,5.7600000000000004e-5,5.715e-5,5.688e-5,5.6609999999999995e-5,5.625e-5,5.589e-5,5.561999999999999e-5,5.5259999999999996e-5,5.489999999999999e-5,5.463e-5,5.427e-5,5.399999999999999e-5,5.3639999999999995e-5,5.328e-5,5.2919999999999995e-5,5.265e-5,5.229e-5,5.184e-5,5.148e-5,5.112e-5,5.076e-5,5.0310000000000005e-5,4.977e-5,4.9409999999999996e-5,4.896e-5,4.8419999999999994e-5,4.788e-5,4.734e-5,4.6710000000000005e-5,4.608e-5,4.536e-5,4.473e-5,4.4009999999999994e-5,4.32e-5,4.248e-5,4.158e-5,4.068e-5,3.978e-5,3.888e-5,3.798e-5,3.699e-5,3.6e-5,3.492e-5,3.3839999999999994e-5,3.276e-5,3.1679999999999995e-5,3.0509999999999998e-5,2.934e-5,2.799e-5,2.655e-5,2.5019999999999998e-5,2.3219999999999998e-5,2.115e-5,1.863e-5,1.557e-5,1.179e-5,6.93e-6,1.1699999999999998e-6,-6.03e-6,-1.53e-5,-2.583e-5],"unit":"A\/cm2"},"voc":{"unit":"V","value":1.18222},"isc":{"unit":"A","value":0.764886},"jsc":{"unit":"mA\/cm2","value":8.498729},"fill_factor":{"unit":"%","value":45.643019},"vmax":{"unit":"V","value":0.831},"efficiency":{"unit":"%","value":4.585921},"monitor_cell_reading":{"unit":"mV","value":0},"monitor_cell_calibration_value":{"unit":"mV","value":0},"test_device_area":{"unit":"cm2","value":0.09},"num_of_series_connected_stacks":{"unit":"","value":1},"sweep_direction":{"unit":"","value":"Forward"},"device_id":{"unit":"","value":"OABr3-1-1-F"},"cell_dimension":{"unit":"cm2","value":0.09},"key":"Forward_IV OABr3-1-1"}]}}