{"_id":"66e6c1422c13d836903a5172","id":"SKKU-SC-00520","author":95,"group":11,"input":[{"tco":{"unit":"","value":"ITO"}},{"surface_treatment":{"unit":"","value":"O-Plasma"}},{"htl":[{"material":{"unit":"","value":"2PACz"},"concentration":{"unit":"","value":"0.3"},"conc_unit":{"unit":"","value":"mg\/ml"},"quantity":{"unit":"ml","value":"0.2"}}],"condition":{"unit":"","value":"glove-box(N2)"},"solvent":[{"material":{"unit":"","value":"Ethanol"},"volume":{"unit":"ml","value":"5"}}],"spin_coating":[{"type":{"unit":"","value":"Static (loading)"},"rpm":{"unit":"","value":"3000"},"time":{"unit":"s","value":"30"}}],"annealing":[{"temperature":{"unit":"oC","value":"100"},"time":{"unit":"m","value":"10"}}]},{"perovskite":{"method":{"unit":"","value":"1step"},"molarity":{"unit":"M","value":"1.3M"},"a_site":[{"material":{"unit":"","value":"FA"},"ratio":{"unit":"%","value":"91"}},{"material":{"unit":"","value":"Cs"},"ratio":{"unit":"%","value":"9"}}],"b_site":[{"material":{"unit":"","value":"Pb"},"ratio":{"unit":"%","value":"100"}}],"x_site":[{"material":{"unit":"","value":"I"},"ratio":{"unit":"%","value":"76.7"}},{"material":{"unit":"","value":"Br"},"ratio":{"unit":"%","value":"23.3"}}],"solvent":[{"material":{"unit":"","value":"DMF"},"volume":{"unit":"ml","value":"0.8"}},{"material":{"unit":"","value":"DMSO"},"volume":{"unit":"ml","value":"0.2"}}],"spin_coating":[{"type":{"unit":"","value":"Static (only spreading)"},"rpm":{"unit":"","value":"1000"},"time":{"unit":"s","value":"10"}},{"type":{"unit":"","value":"Dynamic"},"rpm":{"unit":"","value":"5000"},"time":{"unit":"s","value":"40"}}],"antisolvent":[{"material":{"unit":"","value":"CB"},"quantity":{"unit":"ul","value":"300"},"dripping_time":{"unit":"s","value":"5"}}],"annealing":[{"temperature":{"unit":"oC","value":"100"},"time":{"unit":"m","value":"10"}}],"atmosphere":[{"type":{"unit":"","value":"glove-box(N2)"},"temperature":{"unit":"oC","value":"20.8"},"humidity":{"unit":"RH%","value":"0"}}]}},{"perovskite_treatment":[{"material":{"unit":"","value":"PDABr2"},"concentration":{"unit":"","value":"0.2"},"conc_unit":{"unit":"","value":"mg\/ml"},"quantity":{"unit":"ml","value":"0.06"}}],"solvent":[{"material":{"unit":"","value":"IPA"},"volume":{"unit":"ml","value":"1"}}],"spin_coating":[{"type":{"unit":"","value":"Dynamic"},"rpm":{"unit":"","value":"6000"},"time":{"unit":"s","value":"45"}}],"annealing":[{"temperature":{"unit":"oC","value":"100"},"time":{"unit":"m","value":"5"}}]},[],{"etl":[{"material":{"unit":"","value":"C60"},"concentration":{"unit":"","value":"None"},"conc_unit":{"unit":"","value":"None"},"quantity":{"unit":"ml","value":"None"}}],"thermal_evaporation":[{"vacuum_evaporation_thickness":{"unit":"nm","value":"25"},"evaporation_rate":{"unit":"\u00c5\/s","value":"0.2"},"vacuum_pressure":{"unit":"uTorr","value":"1.1"}}]},{"blocking_buffer_layer":[{"material":{"unit":"","value":"BCP"},"concentration":{"unit":"","value":"None"},"conc_unit":{"unit":"","value":"None"},"quantity":{"unit":"ml","value":"None"}}],"thermal_evaporation":[{"vacuum_evaporation_thickness":{"unit":"nm","value":"8"},"evaporation_rate":{"unit":"\u00c5\/s","value":"0.2"},"vacuum_pressure":{"unit":"uTorr","value":"1.1"}}]},{"anode_metal":{"unit":"","value":"Ag"}},{"note":{"unit":"","value":"PDABr surface passivation"},"type":{"unit":"","value":"unit_cell"},"device_type":{"unit":"","value":"p-i-n"},"temperature":{"unit":"\u2103","value":"19.6-21.4"},"humidity":{"unit":"%","value":"35"},"cell_dimension":{"unit":"cm2","value":"0.125"}}],"fileinfo":[{"key":"Reverse_IV 5-3","uploadType":"JV","original_name":"IV 5-3-R.txt","save_name":"SKKU-SC-00520\/Reverse_IV 5-3","uploader":95,"fileType":""},{"key":"Forward_IV 14-2","uploadType":"JV","original_name":"IV 14-2-F.txt","save_name":"SKKU-SC-00520\/Forward_IV 14-2","uploader":95,"fileType":""},{"key":"Reverse_IV 14-2","uploadType":"JV","original_name":"IV 14-2-R.txt","save_name":"SKKU-SC-00520\/Reverse_IV 14-2","uploader":95,"fileType":""},{"key":"Forward_IV 14-3","uploadType":"JV","original_name":"IV 14-3-F.txt","save_name":"SKKU-SC-00520\/Forward_IV 14-3","uploader":95,"fileType":""},{"key":"Reverse_IV 14-3","uploadType":"JV","original_name":"IV 14-3-R.txt","save_name":"SKKU-SC-00520\/Reverse_IV 14-3","uploader":95,"fileType":""},{"key":"Forward_IV 5-2","uploadType":"JV","original_name":"IV 5-2-F.txt","save_name":"SKKU-SC-00520\/Forward_IV 5-2","uploader":95,"fileType":""},{"key":"Reverse_IV 5-2","uploadType":"JV","original_name":"IV 5-2-R.txt","save_name":"SKKU-SC-00520\/Reverse_IV 5-2","uploader":95,"fileType":""},{"key":"Forward_IV 5-3","uploadType":"JV","original_name":"IV 5-3-F.txt","save_name":"SKKU-SC-00520\/Forward_IV 5-3","uploader":95,"fileType":""}],"jvcnt":8,"analysisInfo":{"JV":[{"efficiency":17.338889,"fill_factor":79.171146,"jsc":18.600855,"voc":1.177393,"key":"Reverse_IV 5-3","cell_dimension":0.125},{"efficiency":17.560991,"fill_factor":79.418095,"jsc":18.744474,"voc":1.179658,"key":"Reverse_IV 5-2","cell_dimension":0.125},{"efficiency":16.791024,"fill_factor":75.870567,"jsc":18.756635,"voc":1.17991,"key":"Reverse_IV 14-3","cell_dimension":0.125},{"efficiency":16.710663,"fill_factor":76.262979,"jsc":18.550444,"voc":1.181206,"key":"Reverse_IV 14-2","cell_dimension":0.125},{"efficiency":17.293701,"fill_factor":79.061954,"jsc":18.565146,"voc":1.178208,"key":"Forward_IV 5-3","cell_dimension":0.125},{"efficiency":17.62865,"fill_factor":79.810723,"jsc":18.716305,"voc":1.180151,"key":"Forward_IV 5-2","cell_dimension":0.125},{"efficiency":16.056956,"fill_factor":72.53744,"jsc":18.750038,"voc":1.180589,"key":"Forward_IV 14-3","cell_dimension":0.125},{"efficiency":16.926208,"fill_factor":77.195699,"jsc":18.56561,"voc":1.18102,"key":"Forward_IV 14-2","cell_dimension":0.125}]},"tags":[],"updated_at":"2024-10-24 09:04:26","created_at":"2024-09-15 11:13:06","public":2,"analysis":{"JV":[{"V":{"value":[1.25,1.2365,1.223,1.2095,1.196,1.1825,1.169,1.1555,1.142,1.1285,1.115,1.1015,1.088,1.0745,1.061,1.0475,1.034,1.0205,1.007,0.9935,0.98,0.9665,0.953,0.9395,0.926,0.9125,0.899,0.8855,0.872,0.8585,0.845,0.8315,0.818,0.8045,0.791,0.7775,0.764,0.7505,0.737,0.7235,0.71,0.6965,0.683,0.6695,0.656,0.6425,0.629,0.6155,0.602,0.5885,0.575,0.5615,0.548,0.5345,0.521,0.5075,0.494,0.4805,0.467,0.4535,0.44,0.4265,0.413,0.3995,0.386,0.3725,0.359,0.3455,0.332,0.3185,0.305,0.2915,0.278,0.2645,0.251,0.2375,0.224,0.2105,0.197,0.1835,0.17,0.1565,0.143,0.1295,0.116,0.1025,0.089,0.0755,0.062,0.0485,0.035,0.0215,0.008,-0.0055,-0.019,-0.0325,-0.046,-0.0595,-0.073,-0.0865],"unit":"V"},"I":{"value":[-0.002132,-0.001701,-0.001289,-0.000895,-0.000515,-0.000155,0.000184,0.0005,0.00079,0.00105,0.001277,0.001482,0.001655,0.001794,0.001908,0.001995,0.002063,0.002115,0.002152,0.002181,0.002202,0.002217,0.00223,0.00224,0.002249,0.002256,0.002261,0.002267,0.00227,0.002272,0.002274,0.002276,0.002278,0.002281,0.002281,0.002283,0.002283,0.002284,0.002287,0.002287,0.002289,0.002289,0.002292,0.002291,0.002294,0.002295,0.002296,0.002295,0.002296,0.002299,0.002299,0.002299,0.0023,0.002303,0.002303,0.002303,0.002302,0.002304,0.002306,0.002304,0.002307,0.002307,0.002308,0.002308,0.002308,0.00231,0.00231,0.002308,0.002312,0.002312,0.002314,0.002314,0.002315,0.002313,0.002316,0.002316,0.002316,0.002317,0.00232,0.002318,0.002319,0.002319,0.002316,0.002319,0.00232,0.002322,0.002323,0.002324,0.002322,0.002325,0.002325,0.002325,0.002324,0.002325,0.002327,0.002328,0.002327,0.002326,0.002327,0.002327],"unit":"A"},"J":{"value":[-0.0002665,-0.000212625,-0.000161125,-0.000111875,-6.4375e-5,-1.9375e-5,2.3e-5,6.25e-5,9.875e-5,0.00013125,0.000159625,0.00018525,0.000206875,0.00022425,0.0002385,0.000249375,0.000257875,0.000264375,0.000269,0.000272625,0.00027525,0.000277125,0.00027875,0.00028,0.000281125,0.000282,0.000282625,0.000283375,0.00028375,0.000284,0.00028425,0.0002845,0.00028475,0.000285125,0.000285125,0.000285375,0.000285375,0.0002855,0.000285875,0.000285875,0.000286125,0.000286125,0.0002865,0.000286375,0.00028675,0.000286875,0.000287,0.000286875,0.000287,0.000287375,0.000287375,0.000287375,0.0002875,0.000287875,0.000287875,0.000287875,0.00028775,0.000288,0.00028825,0.000288,0.000288375,0.000288375,0.0002885,0.0002885,0.0002885,0.00028875,0.00028875,0.0002885,0.000289,0.000289,0.00028925,0.00028925,0.000289375,0.000289125,0.0002895,0.0002895,0.0002895,0.000289625,0.00029,0.00028975,0.000289875,0.000289875,0.0002895,0.000289875,0.00029,0.00029025,0.000290375,0.0002905,0.00029025,0.000290625,0.000290625,0.000290625,0.0002905,0.000290625,0.000290875,0.000291,0.000290875,0.00029075,0.000290875,0.000290875],"unit":"A\/cm2"},"voc":{"unit":"V","value":1.177393},"isc":{"unit":"A","value":2.325107},"jsc":{"unit":"mA\/cm2","value":18.600855},"fill_factor":{"unit":"%","value":79.171146},"vmax":{"unit":"V","value":1.007},"efficiency":{"unit":"%","value":17.338889},"monitor_cell_reading":{"unit":"mV","value":0},"monitor_cell_calibration_value":{"unit":"mV","value":0},"test_device_area":{"unit":"cm2","value":0.125},"num_of_series_connected_stacks":{"unit":"","value":1},"sweep_direction":{"unit":"","value":"Reverse"},"device_id":{"unit":"","value":"5-3-R"},"cell_dimension":{"unit":"cm2","value":0.125},"key":"Reverse_IV 5-3"},{"V":{"value":[1.25,1.2365,1.223,1.2095,1.196,1.1825,1.169,1.1555,1.142,1.1285,1.115,1.1015,1.088,1.0745,1.061,1.0475,1.034,1.0205,1.007,0.9935,0.98,0.9665,0.953,0.9395,0.926,0.9125,0.899,0.8855,0.872,0.8585,0.845,0.8315,0.818,0.8045,0.791,0.7775,0.764,0.7505,0.737,0.7235,0.71,0.6965,0.683,0.6695,0.656,0.6425,0.629,0.6155,0.602,0.5885,0.575,0.5615,0.548,0.5345,0.521,0.5075,0.494,0.4805,0.467,0.4535,0.44,0.4265,0.413,0.3995,0.386,0.3725,0.359,0.3455,0.332,0.3185,0.305,0.2915,0.278,0.2645,0.251,0.2375,0.224,0.2105,0.197,0.1835,0.17,0.1565,0.143,0.1295,0.116,0.1025,0.089,0.0755,0.062,0.0485,0.035,0.0215,0.008,-0.0055,-0.019,-0.0325,-0.046,-0.0595,-0.073,-0.0865],"unit":"V"},"I":{"value":[-0.001998,-0.001585,-0.001187,-0.000807,-0.00044,-9.6e-5,0.000231,0.000542,0.000827,0.001075,0.001309,0.00151,0.001679,0.001821,0.001932,0.002023,0.002091,0.002142,0.00218,0.002208,0.002227,0.002242,0.002252,0.002264,0.002271,0.002275,0.002281,0.002282,0.002288,0.002292,0.002295,0.002297,0.002298,0.002299,0.002304,0.002304,0.002307,0.002308,0.00231,0.00231,0.002314,0.002312,0.002312,0.002313,0.002313,0.002317,0.002315,0.002319,0.002317,0.002319,0.002319,0.00232,0.00232,0.002321,0.002321,0.002322,0.002321,0.002324,0.002324,0.002325,0.002325,0.002326,0.002326,0.002328,0.002326,0.002329,0.002327,0.002329,0.002328,0.002329,0.002331,0.002332,0.002335,0.002334,0.002335,0.002334,0.002336,0.002334,0.002335,0.002334,0.002335,0.002334,0.002336,0.002336,0.002336,0.002339,0.002338,0.002339,0.00234,0.002339,0.002341,0.002341,0.002342,0.002343,0.002342,0.002343,0.002344,0.002344,0.002344,0.002345],"unit":"A"},"J":{"value":[-0.00024975,-0.000198125,-0.000148375,-0.000100875,-5.5e-5,-1.2e-5,2.8875e-5,6.775e-5,0.000103375,0.000134375,0.000163625,0.00018875,0.000209875,0.000227625,0.0002415,0.000252875,0.000261375,0.00026775,0.0002725,0.000276,0.000278375,0.00028025,0.0002815,0.000283,0.000283875,0.000284375,0.000285125,0.00028525,0.000286,0.0002865,0.000286875,0.000287125,0.00028725,0.000287375,0.000288,0.000288,0.000288375,0.0002885,0.00028875,0.00028875,0.00028925,0.000289,0.000289,0.000289125,0.000289125,0.000289625,0.000289375,0.000289875,0.000289625,0.000289875,0.000289875,0.00029,0.00029,0.000290125,0.000290125,0.00029025,0.000290125,0.0002905,0.0002905,0.000290625,0.000290625,0.00029075,0.00029075,0.000291,0.00029075,0.000291125,0.000290875,0.000291125,0.000291,0.000291125,0.000291375,0.0002915,0.000291875,0.00029175,0.000291875,0.00029175,0.000292,0.00029175,0.000291875,0.00029175,0.000291875,0.00029175,0.000292,0.000292,0.000292,0.000292375,0.00029225,0.000292375,0.0002925,0.000292375,0.000292625,0.000292625,0.00029275,0.000292875,0.00029275,0.000292875,0.000293,0.000293,0.000293,0.000293125],"unit":"A\/cm2"},"voc":{"unit":"V","value":1.179658},"isc":{"unit":"A","value":2.343059},"jsc":{"unit":"mA\/cm2","value":18.744474},"fill_factor":{"unit":"%","value":79.418095},"vmax":{"unit":"V","value":1.007},"efficiency":{"unit":"%","value":17.560991},"monitor_cell_reading":{"unit":"mV","value":0},"monitor_cell_calibration_value":{"unit":"mV","value":0},"test_device_area":{"unit":"cm2","value":0.125},"num_of_series_connected_stacks":{"unit":"","value":1},"sweep_direction":{"unit":"","value":"Reverse"},"device_id":{"unit":"","value":"5-2-R"},"cell_dimension":{"unit":"cm2","value":0.125},"key":"Reverse_IV 5-2"},{"V":{"value":[1.25,1.2365,1.223,1.2095,1.196,1.1825,1.169,1.1555,1.142,1.1285,1.115,1.1015,1.088,1.0745,1.061,1.0475,1.034,1.0205,1.007,0.9935,0.98,0.9665,0.953,0.9395,0.926,0.9125,0.899,0.8855,0.872,0.8585,0.845,0.8315,0.818,0.8045,0.791,0.7775,0.764,0.7505,0.737,0.7235,0.71,0.6965,0.683,0.6695,0.656,0.6425,0.629,0.6155,0.602,0.5885,0.575,0.5615,0.548,0.5345,0.521,0.5075,0.494,0.4805,0.467,0.4535,0.44,0.4265,0.413,0.3995,0.386,0.3725,0.359,0.3455,0.332,0.3185,0.305,0.2915,0.278,0.2645,0.251,0.2375,0.224,0.2105,0.197,0.1835,0.17,0.1565,0.143,0.1295,0.116,0.1025,0.089,0.0755,0.062,0.0485,0.035,0.0215,0.008,-0.0055,-0.019,-0.0325,-0.046,-0.0595,-0.073,-0.0865],"unit":"V"},"I":{"value":[-0.001415,-0.001128,-0.00085,-0.000578,-0.000314,-6.0e-5,0.000187,0.000426,0.000654,0.000868,0.001062,0.00125,0.00142,0.001571,0.001702,0.001815,0.001911,0.001988,0.002055,0.002104,0.002142,0.002172,0.002193,0.002212,0.002225,0.002236,0.002246,0.002254,0.00226,0.002267,0.002272,0.002277,0.00228,0.002282,0.002286,0.002288,0.002291,0.002291,0.002296,0.002295,0.002298,0.002299,0.0023,0.002303,0.002305,0.002307,0.002308,0.002308,0.002312,0.002311,0.002312,0.002312,0.002314,0.002314,0.002318,0.002317,0.002319,0.002322,0.002323,0.002324,0.002323,0.002325,0.002324,0.002327,0.002326,0.002329,0.002329,0.002329,0.002329,0.002328,0.002332,0.002333,0.002332,0.002334,0.002333,0.002333,0.002334,0.002336,0.002337,0.002335,0.002337,0.002338,0.002337,0.002338,0.002338,0.00234,0.002338,0.00234,0.00234,0.002342,0.00234,0.002344,0.002342,0.002345,0.002343,0.002341,0.002345,0.002345,0.002346,0.002345],"unit":"A"},"J":{"value":[-0.000176875,-0.000141,-0.00010625,-7.225e-5,-3.925e-5,-7.5e-6,2.3375e-5,5.325e-5,8.175e-5,0.0001085,0.00013275,0.00015625,0.0001775,0.000196375,0.00021275,0.000226875,0.000238875,0.0002485,0.000256875,0.000263,0.00026775,0.0002715,0.000274125,0.0002765,0.000278125,0.0002795,0.00028075,0.00028175,0.0002825,0.000283375,0.000284,0.000284625,0.000285,0.00028525,0.00028575,0.000286,0.000286375,0.000286375,0.000287,0.000286875,0.00028725,0.000287375,0.0002875,0.000287875,0.000288125,0.000288375,0.0002885,0.0002885,0.000289,0.000288875,0.000289,0.000289,0.00028925,0.00028925,0.00028975,0.000289625,0.000289875,0.00029025,0.000290375,0.0002905,0.000290375,0.000290625,0.0002905,0.000290875,0.00029075,0.000291125,0.000291125,0.000291125,0.000291125,0.000291,0.0002915,0.000291625,0.0002915,0.00029175,0.000291625,0.000291625,0.00029175,0.000292,0.000292125,0.000291875,0.000292125,0.00029225,0.000292125,0.00029225,0.00029225,0.0002925,0.00029225,0.0002925,0.0002925,0.00029275,0.0002925,0.000293,0.00029275,0.000293125,0.000292875,0.000292625,0.000293125,0.000293125,0.00029325,0.000293125],"unit":"A\/cm2"},"voc":{"unit":"V","value":1.17991},"isc":{"unit":"A","value":2.344579},"jsc":{"unit":"mA\/cm2","value":18.756635},"fill_factor":{"unit":"%","value":75.870567},"vmax":{"unit":"V","value":0.98},"efficiency":{"unit":"%","value":16.791024},"monitor_cell_reading":{"unit":"mV","value":0},"monitor_cell_calibration_value":{"unit":"mV","value":0},"test_device_area":{"unit":"cm2","value":0.125},"num_of_series_connected_stacks":{"unit":"","value":1},"sweep_direction":{"unit":"","value":"Reverse"},"device_id":{"unit":"","value":"14-3-R"},"cell_dimension":{"unit":"cm2","value":0.125},"key":"Reverse_IV 14-3"},{"V":{"value":[1.25,1.2365,1.223,1.2095,1.196,1.1825,1.169,1.1555,1.142,1.1285,1.115,1.1015,1.088,1.0745,1.061,1.0475,1.034,1.0205,1.007,0.9935,0.98,0.9665,0.953,0.9395,0.926,0.9125,0.899,0.8855,0.872,0.8585,0.845,0.8315,0.818,0.8045,0.791,0.7775,0.764,0.7505,0.737,0.7235,0.71,0.6965,0.683,0.6695,0.656,0.6425,0.629,0.6155,0.602,0.5885,0.575,0.5615,0.548,0.5345,0.521,0.5075,0.494,0.4805,0.467,0.4535,0.44,0.4265,0.413,0.3995,0.386,0.3725,0.359,0.3455,0.332,0.3185,0.305,0.2915,0.278,0.2645,0.251,0.2375,0.224,0.2105,0.197,0.1835,0.17,0.1565,0.143,0.1295,0.116,0.1025,0.089,0.0755,0.062,0.0485,0.035,0.0215,0.008,-0.0055,-0.019,-0.0325,-0.046,-0.0595,-0.073,-0.0865],"unit":"V"},"I":{"value":[-0.00174,-0.001376,-0.001029,-0.000692,-0.000365,-5.5e-5,0.000238,0.000517,0.000773,0.001007,0.00121,0.0014,0.001561,0.001696,0.00181,0.0019,0.00197,0.002025,0.00207,0.002102,0.002131,0.002151,0.002169,0.002183,0.002197,0.002206,0.002215,0.002219,0.002225,0.002229,0.002235,0.002241,0.002242,0.002246,0.00225,0.002252,0.002256,0.00226,0.002263,0.002264,0.002265,0.002267,0.00227,0.00227,0.002274,0.002273,0.002277,0.002276,0.00228,0.002281,0.002282,0.002283,0.002284,0.002287,0.002286,0.002289,0.00229,0.002291,0.002288,0.002292,0.002292,0.002296,0.002297,0.0023,0.002299,0.002297,0.002299,0.002296,0.002299,0.0023,0.002302,0.002304,0.002305,0.002306,0.002306,0.002306,0.002307,0.002309,0.002307,0.002308,0.002309,0.002309,0.002312,0.002312,0.002315,0.002314,0.002315,0.002315,0.002315,0.002316,0.002318,0.002319,0.002319,0.002319,0.002317,0.00232,0.002321,0.002323,0.002323,0.002325],"unit":"A"},"J":{"value":[-0.0002175,-0.000172,-0.000128625,-8.65e-5,-4.5625e-5,-6.875e-6,2.975e-5,6.4625e-5,9.6625e-5,0.000125875,0.00015125,0.000175,0.000195125,0.000212,0.00022625,0.0002375,0.00024625,0.000253125,0.00025875,0.00026275,0.000266375,0.000268875,0.000271125,0.000272875,0.000274625,0.00027575,0.000276875,0.000277375,0.000278125,0.000278625,0.000279375,0.000280125,0.00028025,0.00028075,0.00028125,0.0002815,0.000282,0.0002825,0.000282875,0.000283,0.000283125,0.000283375,0.00028375,0.00028375,0.00028425,0.000284125,0.000284625,0.0002845,0.000285,0.000285125,0.00028525,0.000285375,0.0002855,0.000285875,0.00028575,0.000286125,0.00028625,0.000286375,0.000286,0.0002865,0.0002865,0.000287,0.000287125,0.0002875,0.000287375,0.000287125,0.000287375,0.000287,0.000287375,0.0002875,0.00028775,0.000288,0.000288125,0.00028825,0.00028825,0.00028825,0.000288375,0.000288625,0.000288375,0.0002885,0.000288625,0.000288625,0.000289,0.000289,0.000289375,0.00028925,0.000289375,0.000289375,0.000289375,0.0002895,0.00028975,0.000289875,0.000289875,0.000289875,0.000289625,0.00029,0.000290125,0.000290375,0.000290375,0.000290625],"unit":"A\/cm2"},"voc":{"unit":"V","value":1.181206},"isc":{"unit":"A","value":2.318806},"jsc":{"unit":"mA\/cm2","value":18.550444},"fill_factor":{"unit":"%","value":76.262979},"vmax":{"unit":"V","value":0.98},"efficiency":{"unit":"%","value":16.710663},"monitor_cell_reading":{"unit":"mV","value":0},"monitor_cell_calibration_value":{"unit":"mV","value":0},"test_device_area":{"unit":"cm2","value":0.125},"num_of_series_connected_stacks":{"unit":"","value":1},"sweep_direction":{"unit":"","value":"Reverse"},"device_id":{"unit":"","value":"14-2-R"},"cell_dimension":{"unit":"cm2","value":0.125},"key":"Reverse_IV 14-2"},{"V":{"value":[-0.1,-0.0865,-0.073,-0.0595,-0.046,-0.0325,-0.019,-0.0055,0.008,0.0215,0.035,0.0485,0.062,0.0755,0.089,0.1025,0.116,0.1295,0.143,0.1565,0.17,0.1835,0.197,0.2105,0.224,0.2375,0.251,0.2645,0.278,0.2915,0.305,0.3185,0.332,0.3455,0.359,0.3725,0.386,0.3995,0.413,0.4265,0.44,0.4535,0.467,0.4805,0.494,0.5075,0.521,0.5345,0.548,0.5615,0.575,0.5885,0.602,0.6155,0.629,0.6425,0.656,0.6695,0.683,0.6965,0.71,0.7235,0.737,0.7505,0.764,0.7775,0.791,0.8045,0.818,0.8315,0.845,0.8585,0.872,0.8855,0.899,0.9125,0.926,0.9395,0.953,0.9665,0.98,0.9935,1.007,1.0205,1.034,1.0475,1.061,1.0745,1.088,1.1015,1.115,1.1285,1.142,1.1555,1.169,1.1825,1.196,1.2095,1.223,1.2365],"unit":"V"},"I":{"value":[0.002342,0.002332,0.002327,0.002325,0.002325,0.002323,0.002321,0.002321,0.002318,0.002318,0.002315,0.002317,0.002317,0.002318,0.002316,0.002317,0.002315,0.002317,0.002319,0.002317,0.002318,0.002316,0.002316,0.002315,0.002319,0.002315,0.002318,0.002316,0.002316,0.002315,0.002316,0.002313,0.002314,0.002313,0.002311,0.002312,0.002312,0.002311,0.002311,0.002311,0.002312,0.002308,0.002307,0.002305,0.002305,0.002307,0.002306,0.002305,0.002306,0.002306,0.002302,0.002304,0.002301,0.0023,0.002303,0.002302,0.002301,0.002301,0.0023,0.002298,0.002299,0.002297,0.002295,0.002293,0.002291,0.002288,0.002288,0.002286,0.002283,0.002283,0.002279,0.002276,0.002275,0.002269,0.002266,0.002259,0.002252,0.002244,0.002234,0.00222,0.002199,0.002176,0.002141,0.002101,0.002043,0.001966,0.00187,0.00175,0.001606,0.001432,0.00123,0.001002,0.000753,0.000473,0.000173,-0.000148,-0.000486,-0.000842,-0.001218,-0.00161],"unit":"A"},"J":{"value":[0.00029275,0.0002915,0.000290875,0.000290625,0.000290625,0.000290375,0.000290125,0.000290125,0.00028975,0.00028975,0.000289375,0.000289625,0.000289625,0.00028975,0.0002895,0.000289625,0.000289375,0.000289625,0.000289875,0.000289625,0.00028975,0.0002895,0.0002895,0.000289375,0.000289875,0.000289375,0.00028975,0.0002895,0.0002895,0.000289375,0.0002895,0.000289125,0.00028925,0.000289125,0.000288875,0.000289,0.000289,0.000288875,0.000288875,0.000288875,0.000289,0.0002885,0.000288375,0.000288125,0.000288125,0.000288375,0.00028825,0.000288125,0.00028825,0.00028825,0.00028775,0.000288,0.000287625,0.0002875,0.000287875,0.00028775,0.000287625,0.000287625,0.0002875,0.00028725,0.000287375,0.000287125,0.000286875,0.000286625,0.000286375,0.000286,0.000286,0.00028575,0.000285375,0.000285375,0.000284875,0.0002845,0.000284375,0.000283625,0.00028325,0.000282375,0.0002815,0.0002805,0.00027925,0.0002775,0.000274875,0.000272,0.000267625,0.000262625,0.000255375,0.00024575,0.00023375,0.00021875,0.00020075,0.000179,0.00015375,0.00012525,9.4125e-5,5.9125e-5,2.1625e-5,-1.85e-5,-6.075e-5,-0.00010525,-0.00015225,-0.00020125],"unit":"A\/cm2"},"voc":{"unit":"V","value":1.178208},"isc":{"unit":"A","value":2.320643},"jsc":{"unit":"mA\/cm2","value":18.565146},"fill_factor":{"unit":"%","value":79.061954},"vmax":{"unit":"V","value":0.9935},"efficiency":{"unit":"%","value":17.293701},"monitor_cell_reading":{"unit":"mV","value":0},"monitor_cell_calibration_value":{"unit":"mV","value":0},"test_device_area":{"unit":"cm2","value":0.125},"num_of_series_connected_stacks":{"unit":"","value":1},"sweep_direction":{"unit":"","value":"Forward"},"device_id":{"unit":"","value":"5-3-F"},"cell_dimension":{"unit":"cm2","value":0.125},"key":"Forward_IV 5-3"},{"V":{"value":[-0.1,-0.0865,-0.073,-0.0595,-0.046,-0.0325,-0.019,-0.0055,0.008,0.0215,0.035,0.0485,0.062,0.0755,0.089,0.1025,0.116,0.1295,0.143,0.1565,0.17,0.1835,0.197,0.2105,0.224,0.2375,0.251,0.2645,0.278,0.2915,0.305,0.3185,0.332,0.3455,0.359,0.3725,0.386,0.3995,0.413,0.4265,0.44,0.4535,0.467,0.4805,0.494,0.5075,0.521,0.5345,0.548,0.5615,0.575,0.5885,0.602,0.6155,0.629,0.6425,0.656,0.6695,0.683,0.6965,0.71,0.7235,0.737,0.7505,0.764,0.7775,0.791,0.8045,0.818,0.8315,0.845,0.8585,0.872,0.8855,0.899,0.9125,0.926,0.9395,0.953,0.9665,0.98,0.9935,1.007,1.0205,1.034,1.0475,1.061,1.0745,1.088,1.1015,1.115,1.1285,1.142,1.1555,1.169,1.1825,1.196,1.2095,1.223,1.2365],"unit":"V"},"I":{"value":[0.002359,0.002349,0.002345,0.002343,0.002343,0.00234,0.002341,0.00234,0.00234,0.002338,0.002338,0.002337,0.002338,0.002339,0.002339,0.002337,0.002335,0.002336,0.002338,0.002339,0.002338,0.002338,0.002339,0.002338,0.002337,0.002338,0.002335,0.002334,0.002336,0.002335,0.002335,0.002335,0.002335,0.002335,0.002334,0.002333,0.002334,0.002334,0.002333,0.002333,0.002332,0.002333,0.002332,0.002332,0.002332,0.002332,0.002332,0.002333,0.002332,0.002332,0.002331,0.002331,0.002331,0.002329,0.002328,0.002326,0.002325,0.002325,0.002324,0.002325,0.002323,0.002325,0.002323,0.002323,0.002321,0.00232,0.00232,0.00232,0.002316,0.002315,0.002311,0.002309,0.002306,0.002303,0.0023,0.002295,0.002289,0.002283,0.002271,0.00226,0.002241,0.002218,0.002185,0.002141,0.002082,0.002005,0.001907,0.001785,0.00164,0.001466,0.001265,0.001038,0.000794,0.000518,0.000223,-8.6e-5,-0.000416,-0.000769,-0.001124,-0.001507],"unit":"A"},"J":{"value":[0.000294875,0.000293625,0.000293125,0.000292875,0.000292875,0.0002925,0.000292625,0.0002925,0.0002925,0.00029225,0.00029225,0.000292125,0.00029225,0.000292375,0.000292375,0.000292125,0.000291875,0.000292,0.00029225,0.000292375,0.00029225,0.00029225,0.000292375,0.00029225,0.000292125,0.00029225,0.000291875,0.00029175,0.000292,0.000291875,0.000291875,0.000291875,0.000291875,0.000291875,0.00029175,0.000291625,0.00029175,0.00029175,0.000291625,0.000291625,0.0002915,0.000291625,0.0002915,0.0002915,0.0002915,0.0002915,0.0002915,0.000291625,0.0002915,0.0002915,0.000291375,0.000291375,0.000291375,0.000291125,0.000291,0.00029075,0.000290625,0.000290625,0.0002905,0.000290625,0.000290375,0.000290625,0.000290375,0.000290375,0.000290125,0.00029,0.00029,0.00029,0.0002895,0.000289375,0.000288875,0.000288625,0.00028825,0.000287875,0.0002875,0.000286875,0.000286125,0.000285375,0.000283875,0.0002825,0.000280125,0.00027725,0.000273125,0.000267625,0.00026025,0.000250625,0.000238375,0.000223125,0.000205,0.00018325,0.000158125,0.00012975,9.925e-5,6.475e-5,2.7875e-5,-1.075e-5,-5.2e-5,-9.6125e-5,-0.0001405,-0.000188375],"unit":"A\/cm2"},"voc":{"unit":"V","value":1.180151},"isc":{"unit":"A","value":2.339538},"jsc":{"unit":"mA\/cm2","value":18.716305},"fill_factor":{"unit":"%","value":79.810723},"vmax":{"unit":"V","value":0.9935},"efficiency":{"unit":"%","value":17.62865},"monitor_cell_reading":{"unit":"mV","value":0},"monitor_cell_calibration_value":{"unit":"mV","value":0},"test_device_area":{"unit":"cm2","value":0.125},"num_of_series_connected_stacks":{"unit":"","value":1},"sweep_direction":{"unit":"","value":"Forward"},"device_id":{"unit":"","value":"5-2-F"},"cell_dimension":{"unit":"cm2","value":0.125},"key":"Forward_IV 5-2"},{"V":{"value":[-0.1,-0.0865,-0.073,-0.0595,-0.046,-0.0325,-0.019,-0.0055,0.008,0.0215,0.035,0.0485,0.062,0.0755,0.089,0.1025,0.116,0.1295,0.143,0.1565,0.17,0.1835,0.197,0.2105,0.224,0.2375,0.251,0.2645,0.278,0.2915,0.305,0.3185,0.332,0.3455,0.359,0.3725,0.386,0.3995,0.413,0.4265,0.44,0.4535,0.467,0.4805,0.494,0.5075,0.521,0.5345,0.548,0.5615,0.575,0.5885,0.602,0.6155,0.629,0.6425,0.656,0.6695,0.683,0.6965,0.71,0.7235,0.737,0.7505,0.764,0.7775,0.791,0.8045,0.818,0.8315,0.845,0.8585,0.872,0.8855,0.899,0.9125,0.926,0.9395,0.953,0.9665,0.98,0.9935,1.007,1.0205,1.034,1.0475,1.061,1.0745,1.088,1.1015,1.115,1.1285,1.142,1.1555,1.169,1.1825,1.196,1.2095,1.223,1.2365],"unit":"V"},"I":{"value":[0.002357,0.00235,0.002348,0.002346,0.002344,0.002342,0.002343,0.002344,0.002343,0.002344,0.002346,0.002346,0.002348,0.002348,0.002344,0.002344,0.002344,0.002345,0.002345,0.002345,0.002347,0.002345,0.002347,0.002345,0.002345,0.002342,0.002343,0.002342,0.002341,0.002342,0.002342,0.002342,0.00234,0.002341,0.002343,0.002343,0.002341,0.00234,0.00234,0.002339,0.002338,0.002337,0.002336,0.002334,0.002335,0.002336,0.002333,0.002334,0.002332,0.002333,0.002329,0.002332,0.00233,0.00233,0.002327,0.002327,0.002323,0.002324,0.002322,0.002318,0.002318,0.002315,0.002314,0.002311,0.002309,0.002303,0.0023,0.002296,0.002291,0.002284,0.002279,0.002269,0.002258,0.002243,0.002222,0.002198,0.002168,0.002126,0.002077,0.002017,0.001948,0.001869,0.001779,0.00168,0.001572,0.001455,0.001331,0.0012,0.001063,0.000923,0.000774,0.000619,0.00046,0.000297,0.000129,-3.9e-5,-0.000284,-0.000529,-0.000779,-0.001035],"unit":"A"},"J":{"value":[0.000294625,0.00029375,0.0002935,0.00029325,0.000293,0.00029275,0.000292875,0.000293,0.000292875,0.000293,0.00029325,0.00029325,0.0002935,0.0002935,0.000293,0.000293,0.000293,0.000293125,0.000293125,0.000293125,0.000293375,0.000293125,0.000293375,0.000293125,0.000293125,0.00029275,0.000292875,0.00029275,0.000292625,0.00029275,0.00029275,0.00029275,0.0002925,0.000292625,0.000292875,0.000292875,0.000292625,0.0002925,0.0002925,0.000292375,0.00029225,0.000292125,0.000292,0.00029175,0.000291875,0.000292,0.000291625,0.00029175,0.0002915,0.000291625,0.000291125,0.0002915,0.00029125,0.00029125,0.000290875,0.000290875,0.000290375,0.0002905,0.00029025,0.00028975,0.00028975,0.000289375,0.00028925,0.000288875,0.000288625,0.000287875,0.0002875,0.000287,0.000286375,0.0002855,0.000284875,0.000283625,0.00028225,0.000280375,0.00027775,0.00027475,0.000271,0.00026575,0.000259625,0.000252125,0.0002435,0.000233625,0.000222375,0.00021,0.0001965,0.000181875,0.000166375,0.00015,0.000132875,0.000115375,9.675e-5,7.7375e-5,5.75e-5,3.7125e-5,1.6125e-5,-4.875e-6,-3.55e-5,-6.6125e-5,-9.7375e-5,-0.000129375],"unit":"A\/cm2"},"voc":{"unit":"V","value":1.180589},"isc":{"unit":"A","value":2.343755},"jsc":{"unit":"mA\/cm2","value":18.750038},"fill_factor":{"unit":"%","value":72.53744},"vmax":{"unit":"V","value":0.926},"efficiency":{"unit":"%","value":16.056956},"monitor_cell_reading":{"unit":"mV","value":0},"monitor_cell_calibration_value":{"unit":"mV","value":0},"test_device_area":{"unit":"cm2","value":0.125},"num_of_series_connected_stacks":{"unit":"","value":1},"sweep_direction":{"unit":"","value":"Forward"},"device_id":{"unit":"","value":"14-3-F"},"cell_dimension":{"unit":"cm2","value":0.125},"key":"Forward_IV 14-3"},{"V":{"value":[-0.1,-0.0865,-0.073,-0.0595,-0.046,-0.0325,-0.019,-0.0055,0.008,0.0215,0.035,0.0485,0.062,0.0755,0.089,0.1025,0.116,0.1295,0.143,0.1565,0.17,0.1835,0.197,0.2105,0.224,0.2375,0.251,0.2645,0.278,0.2915,0.305,0.3185,0.332,0.3455,0.359,0.3725,0.386,0.3995,0.413,0.4265,0.44,0.4535,0.467,0.4805,0.494,0.5075,0.521,0.5345,0.548,0.5615,0.575,0.5885,0.602,0.6155,0.629,0.6425,0.656,0.6695,0.683,0.6965,0.71,0.7235,0.737,0.7505,0.764,0.7775,0.791,0.8045,0.818,0.8315,0.845,0.8585,0.872,0.8855,0.899,0.9125,0.926,0.9395,0.953,0.9665,0.98,0.9935,1.007,1.0205,1.034,1.0475,1.061,1.0745,1.088,1.1015,1.115,1.1285,1.142,1.1555,1.169,1.1825,1.196,1.2095,1.223,1.2365],"unit":"V"},"I":{"value":[0.002337,0.002328,0.002325,0.002324,0.002322,0.002322,0.00232,0.002321,0.002317,0.002318,0.002317,0.002318,0.002316,0.002316,0.002315,0.002315,0.002314,0.002314,0.002312,0.002313,0.002313,0.002312,0.002312,0.002312,0.002312,0.002313,0.002313,0.002312,0.00231,0.002311,0.002309,0.00231,0.002311,0.00231,0.002309,0.002306,0.002306,0.002306,0.002306,0.002306,0.002304,0.002304,0.002303,0.002302,0.002301,0.002299,0.0023,0.002299,0.002297,0.002295,0.002294,0.002292,0.002291,0.002292,0.002291,0.00229,0.002288,0.002286,0.002285,0.002284,0.002283,0.002281,0.002278,0.002276,0.002275,0.002273,0.002271,0.002268,0.002264,0.002259,0.002255,0.002251,0.002247,0.002242,0.002235,0.002226,0.002218,0.002207,0.002192,0.002175,0.002154,0.00213,0.002097,0.002053,0.002001,0.001933,0.001848,0.001648,0.001518,0.001374,0.001206,0.001004,0.00078,0.000533,0.000249,-6.9e-5,-0.000373,-0.000708,-0.001045,-0.001423],"unit":"A"},"J":{"value":[0.000292125,0.000291,0.000290625,0.0002905,0.00029025,0.00029025,0.00029,0.000290125,0.000289625,0.00028975,0.000289625,0.00028975,0.0002895,0.0002895,0.000289375,0.000289375,0.00028925,0.00028925,0.000289,0.000289125,0.000289125,0.000289,0.000289,0.000289,0.000289,0.000289125,0.000289125,0.000289,0.00028875,0.000288875,0.000288625,0.00028875,0.000288875,0.00028875,0.000288625,0.00028825,0.00028825,0.00028825,0.00028825,0.00028825,0.000288,0.000288,0.000287875,0.00028775,0.000287625,0.000287375,0.0002875,0.000287375,0.000287125,0.000286875,0.00028675,0.0002865,0.000286375,0.0002865,0.000286375,0.00028625,0.000286,0.00028575,0.000285625,0.0002855,0.000285375,0.000285125,0.00028475,0.0002845,0.000284375,0.000284125,0.000283875,0.0002835,0.000283,0.000282375,0.000281875,0.000281375,0.000280875,0.00028025,0.000279375,0.00027825,0.00027725,0.000275875,0.000274,0.000271875,0.00026925,0.00026625,0.000262125,0.000256625,0.000250125,0.000241625,0.000231,0.000206,0.00018975,0.00017175,0.00015075,0.0001255,9.75e-5,6.6625e-5,3.1125e-5,-8.625e-6,-4.6625e-5,-8.85e-5,-0.000130625,-0.000177875],"unit":"A\/cm2"},"voc":{"unit":"V","value":1.18102},"isc":{"unit":"A","value":2.320701},"jsc":{"unit":"mA\/cm2","value":18.56561},"fill_factor":{"unit":"%","value":77.195699},"vmax":{"unit":"V","value":0.9935},"efficiency":{"unit":"%","value":16.926208},"monitor_cell_reading":{"unit":"mV","value":0},"monitor_cell_calibration_value":{"unit":"mV","value":0},"test_device_area":{"unit":"cm2","value":0.125},"num_of_series_connected_stacks":{"unit":"","value":1},"sweep_direction":{"unit":"","value":"Forward"},"device_id":{"unit":"","value":"14-2-F"},"cell_dimension":{"unit":"cm2","value":0.125},"key":"Forward_IV 14-2"}]}}