{"_id":"6530d1fa13121a382d68822d","id":"SKKU-SC-00109","author":94,"group":11,"input":[{"tco":{"unit":"","value":"ITO"}},{"surface_treatment":{"unit":"","value":"O-Plasma"}},{"htl":[{"material":{"unit":"","value":"2PACz"},"concentration":{"unit":"","value":"0.3"},"conc_unit":{"unit":"","value":"mg\/ml"},"quantity":{"unit":"ml","value":"0.2"}}],"spin_coating":[{"type":{"unit":"","value":"Static (loading)"},"rpm":{"unit":"","value":"3000"},"time":{"unit":"s","value":"30"}}],"annealing":[{"temperature":{"unit":"oC","value":"100"},"time":{"unit":"m","value":"10"}}],"condition":{"unit":"","value":"glove-box(N2)"}},{"perovskite":{"method":{"unit":"","value":"1step"},"molarity":{"unit":"M","value":"1.35M"},"a_site":[{"material":{"unit":"","value":"FA"},"ratio":{"unit":"","value":"90"}},{"material":{"unit":"","value":"Cs"},"ratio":{"unit":"","value":"5"}},{"material":{"unit":"","value":"MA"},"ratio":{"unit":"","value":"5"}}],"b_site":[{"material":{"unit":"","value":"Pb"},"ratio":{"unit":"","value":"100"}}],"x_site":[{"material":{"unit":"","value":"I"},"ratio":{"unit":"","value":"95"}},{"material":{"unit":"","value":"Br"},"ratio":{"unit":"","value":"5"}}],"solvent":[{"material":{"unit":"","value":"DMF"},"volume":{"unit":"ml","value":"4"}},{"material":{"unit":"","value":"DMSO"},"volume":{"unit":"ml","value":"1"}}],"antisolvent":[{"material":{"unit":"","value":"CB"},"quantity":{"unit":"ul","value":"300"},"dripping_time":{"unit":"s","value":"18"}}],"annealing":[{"temperature":{"unit":"oC","value":"100"},"time":{"unit":"m","value":"45"}}],"spin_coating":[{"type":{"unit":"","value":"Static (loading)"},"rpm":{"unit":"","value":"1000"},"time":{"unit":"s","value":"10"}},{"type":{"unit":"","value":"Static (loading)"},"rpm":{"unit":"","value":"5000"},"time":{"unit":"s","value":"30"}}],"atmosphere":[{"type":{"unit":"","value":"glove-box(N2)"},"temperature":{"unit":"oC","value":"21"},"humidity":{"unit":"RH%","value":"0"}}]}},{"perovskite_treatment":[{"material":{"unit":"","value":"LiF"},"concentration":{"unit":"","value":"None"},"conc_unit":{"unit":"","value":"None"},"quantity":{"unit":"ml","value":"None"}}],"thermal_evaporation":[{"vacuum_evaporation_thickness":{"unit":"nm","value":"1"},"evaporation_rate":{"unit":"\u00c5\/s","value":"0.1"},"vacuum_pressure":{"unit":"uTorr","value":"2"}}]},{"etl":[{"material":{"unit":"","value":"PC60BM"},"concentration":{"unit":"","value":"20"},"conc_unit":{"unit":"","value":"mg\/ml"},"quantity":{"unit":"ml","value":"0.05"}}],"spin_coating":[{"type":{"unit":"","value":"Dynamic"},"rpm":{"unit":"","value":"1000"},"time":{"unit":"s","value":"35"}}]},{"etl":[{"material":{"unit":"","value":"C60"},"concentration":{"unit":"","value":"None"},"conc_unit":{"unit":"","value":"None"},"quantity":{"unit":"ml","value":"None"}}]},{"blocking_buffer_layer":[{"material":{"unit":"","value":"BCP"},"concentration":{"unit":"","value":""},"conc_unit":{"unit":"","value":"mg\/ml"},"quantity":{"unit":"ml","value":"None"}}],"thermal_evaporation":[{"vacuum_evaporation_thickness":{"unit":"nm","value":"8"},"evaporation_rate":{"unit":"\u00c5\/s","value":"0.2"},"vacuum_pressure":{"unit":"uTorr","value":"2"}}]},{"anode_metal":{"unit":"","value":"Ag"}},{"temperature":{"unit":"\u2103","value":"20"},"humidity":{"unit":"%","value":"20"},"cell_dimension":{"unit":"cm2","value":"0.125"},"device_type":{"unit":"","value":"p-i-n"},"type":{"unit":"","value":"unit_cell"}}],"fileinfo":[{"key":"Reverse_IV LIF-35-3-3","uploadType":"JV","original_name":"IV LIF-35-3-3-R.txt","save_name":"SKKU-SC-00109\/Reverse_IV LIF-35-3-3","uploader":94,"fileType":""},{"key":"Forward_IV LIF-35-2-3","uploadType":"JV","original_name":"IV LIF-35-2-3-F.txt","save_name":"SKKU-SC-00109\/Forward_IV LIF-35-2-3","uploader":94,"fileType":""},{"key":"Reverse_IV LIF-35-2-3","uploadType":"JV","original_name":"IV LIF-35-2-3-R.txt","save_name":"SKKU-SC-00109\/Reverse_IV LIF-35-2-3","uploader":94,"fileType":""},{"key":"Forward_IV LIF-35-3-3","uploadType":"JV","original_name":"IV LIF-35-3-3-F.txt","save_name":"SKKU-SC-00109\/Forward_IV LIF-35-3-3","uploader":94,"fileType":""}],"jvcnt":4,"updated_at":"2024-10-24 09:04:04","created_at":"2023-10-19 06:51:38","analysisInfo":{"JV":[{"efficiency":6.17,"fill_factor":49.52,"jsc":12.231,"voc":1.018,"key":"Reverse_IV LIF-35-3-3","cell_dimension":0.125},{"efficiency":1.36,"fill_factor":30.23,"jsc":4.884,"voc":0.9245,"key":"Reverse_IV LIF-35-2-3","cell_dimension":0.125},{"efficiency":6.74,"fill_factor":52.74,"jsc":12.45,"voc":1.0271,"key":"Forward_IV LIF-35-3-3","cell_dimension":0.125},{"efficiency":0.87,"fill_factor":25.15,"jsc":4.109,"voc":0.8424,"key":"Forward_IV LIF-35-2-3","cell_dimension":0.125}]},"public":2,"analysis":{"JV":[{"V":{"value":[1.2,1.187,1.174,1.161,1.147,1.134,1.121,1.108,1.095,1.082,1.069,1.056,1.042,1.029,1.016,1.003,0.99,0.977,0.964,0.951,0.937,0.924,0.911,0.898,0.885,0.872,0.859,0.845,0.832,0.819,0.806,0.793,0.78,0.767,0.754,0.74,0.727,0.714,0.701,0.688,0.675,0.662,0.648,0.635,0.622,0.609,0.596,0.583,0.57,0.557,0.543,0.53,0.517,0.504,0.491,0.478,0.465,0.452,0.438,0.425,0.412,0.399,0.386,0.373,0.36,0.346,0.333,0.32,0.307,0.294,0.281,0.268,0.255,0.241,0.228,0.215,0.202,0.189,0.176,0.163,0.149,0.136,0.123,0.11,0.097,0.084,0.071,0.058,0.044,0.031,0.018,0.005,-0.008,-0.021,-0.034,-0.047,-0.061,-0.074,-0.087,-0.1],"unit":"V"},"I":{"value":[-0.0017064,-0.0017065,-0.0017065,-0.0017066,-0.0017063,-0.0017064,-0.0017065,-0.0017066,-0.001668,-0.001285,-0.00094712,-0.00064678,-0.00037148,-0.00015318,2.7693e-5,0.00017987,0.00031059,0.00041706,0.00050721,0.00057908,0.0006473,0.00069866,0.00074554,0.00078093,0.00081626,0.00084327,0.00086959,0.0008954,0.00091728,0.00093729,0.0009539,0.00097193,0.00098586,0.00099902,0.0010169,0.001029,0.0010451,0.0010657,0.0010724,0.001083,0.001095,0.0011056,0.0011167,0.0011276,0.0011382,0.0011479,0.0011601,0.0011704,0.0011796,0.0011902,0.0011974,0.0012091,0.0012177,0.0012295,0.0012347,0.0012477,0.0012518,0.0012607,0.0012739,0.001281,0.0012884,0.0012958,0.0013073,0.0013112,0.0013197,0.0013313,0.0013372,0.0013488,0.0013555,0.0013648,0.0013711,0.0013805,0.0013869,0.0013974,0.001405,0.0014114,0.0014167,0.0014243,0.0014349,0.0014415,0.0014479,0.0014571,0.0014621,0.0014722,0.0014773,0.0014874,0.001494,0.0015032,0.0015092,0.0015133,0.001525,0.001527,0.0015317,0.0015461,0.0015499,0.001562,0.0015684,0.0015737,0.0015767,0.0015908],"unit":"A"},"J":{"value":[-0.0002133,-0.0002133125,-0.0002133125,-0.000213325,-0.0002132875,-0.0002133,-0.0002133125,-0.000213325,-0.0002085,-0.000160625,-0.00011839,-8.08475e-5,-4.6435e-5,-1.91475e-5,3.461625e-6,2.248375e-5,3.882375e-5,5.21325e-5,6.340125e-5,7.2385e-5,8.09125e-5,8.73325e-5,9.31925e-5,9.761625e-5,0.0001020325,0.00010540875,0.00010869875,0.000111925,0.00011466,0.00011716125,0.0001192375,0.00012149125,0.0001232325,0.0001248775,0.0001271125,0.000128625,0.0001306375,0.0001332125,0.00013405,0.000135375,0.000136875,0.0001382,0.0001395875,0.00014095,0.000142275,0.0001434875,0.0001450125,0.0001463,0.00014745,0.000148775,0.000149675,0.0001511375,0.0001522125,0.0001536875,0.0001543375,0.0001559625,0.000156475,0.0001575875,0.0001592375,0.000160125,0.00016105,0.000161975,0.0001634125,0.0001639,0.0001649625,0.0001664125,0.00016715,0.0001686,0.0001694375,0.0001706,0.0001713875,0.0001725625,0.0001733625,0.000174675,0.000175625,0.000176425,0.0001770875,0.0001780375,0.0001793625,0.0001801875,0.0001809875,0.0001821375,0.0001827625,0.000184025,0.0001846625,0.000185925,0.00018675,0.0001879,0.00018865,0.0001891625,0.000190625,0.000190875,0.0001914625,0.0001932625,0.0001937375,0.00019525,0.00019605,0.0001967125,0.0001970875,0.00019885],"unit":"A\/cm2"},"voc":{"unit":"V","value":1.018},"isc":{"unit":"A","value":0.0015288},"jsc":{"unit":"mA\/cm2","value":12.231},"fill_factor":{"unit":"%","value":49.52},"pmax":{"unit":"mW","value":0.7707},"vmax":{"unit":"V","value":0.793},"imax":{"unit":"mA","value":0.9719},"rshunt":{"unit":"ohms","value":1760},"voc_slope":{"unit":"ohms","value":81.6},"efficiency":{"unit":"%","value":6.17},"monitor_cell_reading":{"unit":"mV","value":0},"monitor_cell_calibration_value":{"unit":"mV","value":0},"test_device_area":{"unit":"cm2","value":0.125},"num_of_series_connected_stacks":{"unit":"","value":1},"meter_integration":{"unit":"NPLC","value":0.01},"source_irradiance":{"unit":"mW\/cm2","value":100},"voltage_settling_time":{"unit":"ms","value":100},"sweep_direction":{"unit":"","value":"Reverse"},"irradiance_variation_correction":{"unit":"","value":"None"},"device_id":{"unit":"","value":"LIF-35-3-3-R"},"cell_dimension":{"unit":"cm2","value":0.125},"key":"Reverse_IV LIF-35-3-3"},{"V":{"value":[1.2,1.187,1.174,1.161,1.147,1.134,1.121,1.108,1.095,1.082,1.069,1.056,1.042,1.029,1.016,1.003,0.99,0.977,0.964,0.951,0.937,0.924,0.911,0.898,0.885,0.872,0.859,0.845,0.832,0.819,0.806,0.793,0.78,0.767,0.754,0.74,0.727,0.714,0.701,0.688,0.675,0.662,0.648,0.635,0.622,0.609,0.596,0.583,0.57,0.557,0.543,0.53,0.517,0.504,0.491,0.478,0.465,0.452,0.438,0.425,0.412,0.399,0.386,0.373,0.36,0.346,0.333,0.32,0.307,0.294,0.281,0.268,0.255,0.241,0.228,0.215,0.202,0.189,0.176,0.163,0.149,0.136,0.123,0.11,0.097,0.084,0.071,0.058,0.044,0.031,0.018,0.005,-0.008,-0.021,-0.034,-0.047,-0.061,-0.074,-0.087,-0.1],"unit":"V"},"I":{"value":[-0.00099605,-0.000996,-0.00099602,-0.00099596,-0.00099592,-0.00099594,-0.000996,-0.00098408,-0.0008608,-0.00074978,-0.00064513,-0.00054984,-0.00045554,-0.00037674,-0.00030734,-0.00024478,-0.00018917,-0.00013983,-9.7237e-5,-6.2249e-5,-2.7357e-5,1.0364e-6,2.3215e-5,4.2947e-5,6.0421e-5,7.6313e-5,9.0408e-5,0.00010707,0.00011904,0.00013072,0.00014062,0.00015108,0.00016208,0.00017016,0.00017954,0.00018866,0.00019655,0.00020727,0.00021549,0.00022591,0.0002344,0.00024213,0.00025197,0.00025867,0.00026694,0.00027519,0.00028185,0.00029048,0.00029809,0.00030473,0.00031419,0.00032019,0.00032795,0.00033504,0.00034184,0.00035069,0.00035801,0.00036548,0.00037303,0.00038083,0.00038847,0.00039521,0.000402,0.00040833,0.00041443,0.00042292,0.00042767,0.00043623,0.00044308,0.00045434,0.00045885,0.00046527,0.00047147,0.000481,0.00048632,0.00049406,0.00050116,0.00050795,0.00051375,0.00052325,0.00053069,0.00053873,0.0005437,0.00055211,0.00055729,0.0005651,0.00057173,0.00057806,0.00058747,0.00059256,0.00060112,0.00060906,0.00061288,0.00062243,0.00062621,0.00063586,0.00064127,0.00065026,0.00065399,0.00066292],"unit":"A"},"J":{"value":[-0.00012450625,-0.0001245,-0.0001245025,-0.000124495,-0.00012449,-0.0001244925,-0.0001245,-0.00012301,-0.0001076,-9.37225e-5,-8.064125e-5,-6.873e-5,-5.69425e-5,-4.70925e-5,-3.84175e-5,-3.05975e-5,-2.364625e-5,-1.747875e-5,-1.2154625e-5,-7.781125e-6,-3.419625e-6,1.2955e-7,2.901875e-6,5.368375e-6,7.552625e-6,9.539125e-6,1.1301e-5,1.338375e-5,1.488e-5,1.634e-5,1.75775e-5,1.8885e-5,2.026e-5,2.127e-5,2.24425e-5,2.35825e-5,2.456875e-5,2.590875e-5,2.693625e-5,2.823875e-5,2.93e-5,3.026625e-5,3.149625e-5,3.233375e-5,3.33675e-5,3.439875e-5,3.523125e-5,3.631e-5,3.726125e-5,3.809125e-5,3.927375e-5,4.002375e-5,4.099375e-5,4.188e-5,4.273e-5,4.383625e-5,4.475125e-5,4.5685e-5,4.662875e-5,4.760375e-5,4.855875e-5,4.940125e-5,5.025e-5,5.104125e-5,5.180375e-5,5.2865e-5,5.345875e-5,5.452875e-5,5.5385e-5,5.67925e-5,5.735625e-5,5.815875e-5,5.893375e-5,6.0125e-5,6.079e-5,6.17575e-5,6.2645e-5,6.349375e-5,6.421875e-5,6.540625e-5,6.633625e-5,6.734125e-5,6.79625e-5,6.901375e-5,6.966125e-5,7.06375e-5,7.146625e-5,7.22575e-5,7.343375e-5,7.407e-5,7.514e-5,7.61325e-5,7.661e-5,7.780375e-5,7.827625e-5,7.94825e-5,8.015875e-5,8.12825e-5,8.174875e-5,8.2865e-5],"unit":"A\/cm2"},"voc":{"unit":"V","value":0.9245},"isc":{"unit":"A","value":0.00061053},"jsc":{"unit":"mA\/cm2","value":4.884},"fill_factor":{"unit":"%","value":30.23},"pmax":{"unit":"mW","value":0.1706},"vmax":{"unit":"V","value":0.543},"imax":{"unit":"mA","value":0.3142},"rshunt":{"unit":"ohms","value":1880},"voc_slope":{"unit":"ohms","value":535},"efficiency":{"unit":"%","value":1.36},"monitor_cell_reading":{"unit":"mV","value":0},"monitor_cell_calibration_value":{"unit":"mV","value":0},"test_device_area":{"unit":"cm2","value":0.125},"num_of_series_connected_stacks":{"unit":"","value":1},"meter_integration":{"unit":"NPLC","value":0.01},"source_irradiance":{"unit":"mW\/cm2","value":100},"voltage_settling_time":{"unit":"ms","value":100},"sweep_direction":{"unit":"","value":"Reverse"},"irradiance_variation_correction":{"unit":"","value":"None"},"device_id":{"unit":"","value":"LIF-35-2-3-R"},"cell_dimension":{"unit":"cm2","value":0.125},"key":"Reverse_IV LIF-35-2-3"},{"V":{"value":[-0.1,-0.087,-0.074,-0.061,-0.047,-0.034,-0.021,-0.008,0.005,0.018,0.031,0.044,0.058,0.071,0.084,0.097,0.11,0.123,0.136,0.149,0.163,0.176,0.189,0.202,0.215,0.228,0.241,0.255,0.268,0.281,0.294,0.307,0.32,0.333,0.346,0.36,0.373,0.386,0.399,0.412,0.425,0.438,0.452,0.465,0.478,0.491,0.504,0.517,0.53,0.543,0.557,0.57,0.583,0.596,0.609,0.622,0.635,0.648,0.662,0.675,0.688,0.701,0.714,0.727,0.74,0.754,0.767,0.78,0.793,0.806,0.819,0.832,0.845,0.859,0.872,0.885,0.898,0.911,0.924,0.937,0.951,0.964,0.977,0.99,1.003,1.016,1.029,1.042,1.056,1.069,1.082,1.095,1.108,1.121,1.134,1.147,1.161,1.174,1.187,1.2],"unit":"V"},"I":{"value":[0.0015316,0.0015428,0.0015514,0.0015547,0.0015565,0.0015592,0.0015591,0.0015581,0.0015552,0.0015552,0.0015527,0.0015509,0.0015447,0.0015429,0.0015372,0.0015347,0.00153,0.001524,0.0015223,0.0015181,0.0015114,0.0015004,0.0015021,0.0014929,0.0014848,0.0014863,0.0014741,0.0014704,0.0014617,0.0014561,0.0014502,0.0014435,0.0014385,0.0014283,0.0014241,0.0014116,0.00141,0.001398,0.0013933,0.0013811,0.0013729,0.0013691,0.0013566,0.0013526,0.0013423,0.001335,0.0013248,0.0013151,0.0013041,0.0012921,0.0012881,0.0012758,0.0012677,0.0012543,0.0012463,0.001237,0.0012265,0.0012122,0.0011982,0.0011891,0.0011749,0.0011671,0.0011519,0.0011414,0.0011223,0.0011117,0.0010913,0.0010805,0.001063,0.0010459,0.0010257,0.0010063,0.00098641,0.00095799,0.00092837,0.00089924,0.0008643,0.0008269,0.00078413,0.00072999,0.00066896,0.00059492,0.00051191,0.00040978,0.0002916,0.00014657,-2.4559e-5,-0.00022876,-0.00048805,-0.00076617,-0.0010903,-0.0014571,-0.0017975,-0.0017977,-0.0017973,-0.0017976,-0.0017975,-0.0017976,-0.0017974,-0.0017975],"unit":"A"},"J":{"value":[0.00019145,0.00019285,0.000193925,0.0001943375,0.0001945625,0.0001949,0.0001948875,0.0001947625,0.0001944,0.0001944,0.0001940875,0.0001938625,0.0001930875,0.0001928625,0.00019215,0.0001918375,0.00019125,0.0001905,0.0001902875,0.0001897625,0.000188925,0.00018755,0.0001877625,0.0001866125,0.0001856,0.0001857875,0.0001842625,0.0001838,0.0001827125,0.0001820125,0.000181275,0.0001804375,0.0001798125,0.0001785375,0.0001780125,0.00017645,0.00017625,0.00017475,0.0001741625,0.0001726375,0.0001716125,0.0001711375,0.000169575,0.000169075,0.0001677875,0.000166875,0.0001656,0.0001643875,0.0001630125,0.0001615125,0.0001610125,0.000159475,0.0001584625,0.0001567875,0.0001557875,0.000154625,0.0001533125,0.000151525,0.000149775,0.0001486375,0.0001468625,0.0001458875,0.0001439875,0.000142675,0.0001402875,0.0001389625,0.0001364125,0.0001350625,0.000132875,0.0001307375,0.0001282125,0.0001257875,0.00012330125,0.00011974875,0.00011604625,0.000112405,0.0001080375,0.0001033625,9.801625e-5,9.124875e-5,8.362e-5,7.4365e-5,6.398875e-5,5.12225e-5,3.645e-5,1.832125e-5,-3.069875e-6,-2.8595e-5,-6.100625e-5,-9.577125e-5,-0.0001362875,-0.0001821375,-0.0002246875,-0.0002247125,-0.0002246625,-0.0002247,-0.0002246875,-0.0002247,-0.000224675,-0.0002246875],"unit":"A\/cm2"},"voc":{"unit":"V","value":1.0271},"isc":{"unit":"A","value":0.0015563},"jsc":{"unit":"mA\/cm2","value":12.45},"fill_factor":{"unit":"%","value":52.74},"pmax":{"unit":"mW","value":0.843},"vmax":{"unit":"V","value":0.806},"imax":{"unit":"mA","value":1.046},"rshunt":{"unit":"ohms","value":6660},"voc_slope":{"unit":"ohms","value":72.6},"efficiency":{"unit":"%","value":6.74},"monitor_cell_reading":{"unit":"mV","value":0},"monitor_cell_calibration_value":{"unit":"mV","value":0},"test_device_area":{"unit":"cm2","value":0.125},"num_of_series_connected_stacks":{"unit":"","value":1},"meter_integration":{"unit":"NPLC","value":0.01},"source_irradiance":{"unit":"mW\/cm2","value":100},"voltage_settling_time":{"unit":"ms","value":100},"sweep_direction":{"unit":"","value":"Forward"},"irradiance_variation_correction":{"unit":"","value":"None"},"device_id":{"unit":"","value":"LIF-35-3-3-F"},"cell_dimension":{"unit":"cm2","value":0.125},"key":"Forward_IV LIF-35-3-3"},{"V":{"value":[-0.1,-0.087,-0.074,-0.061,-0.047,-0.034,-0.021,-0.008,0.005,0.018,0.031,0.044,0.058,0.071,0.084,0.097,0.11,0.123,0.136,0.149,0.163,0.176,0.189,0.202,0.215,0.228,0.241,0.255,0.268,0.281,0.294,0.307,0.32,0.333,0.346,0.36,0.373,0.386,0.399,0.412,0.425,0.438,0.452,0.465,0.478,0.491,0.504,0.517,0.53,0.543,0.557,0.57,0.583,0.596,0.609,0.622,0.635,0.648,0.662,0.675,0.688,0.701,0.714,0.727,0.74,0.754,0.767,0.78,0.793,0.806,0.819,0.832,0.845,0.859,0.872,0.885,0.898,0.911,0.924,0.937,0.951,0.964,0.977,0.99,1.003,1.016,1.029,1.042,1.056,1.069,1.082,1.095,1.108,1.121,1.134,1.147,1.161,1.174,1.187,1.2],"unit":"V"},"I":{"value":[0.00057982,0.000568,0.00055945,0.0005517,0.0005429,0.00053453,0.0005262,0.00051934,0.00051012,0.00050424,0.00049668,0.00048718,0.00048011,0.00047225,0.00046139,0.00045691,0.00044847,0.00044012,0.00043327,0.00042452,0.00041595,0.00040845,0.00040089,0.00039245,0.00038412,0.00037722,0.00036817,0.00036043,0.00036443,0.00034459,0.00033364,0.0003241,0.00031609,0.0003084,0.00029936,0.00028961,0.00028423,0.00027668,0.00027092,0.00026271,0.00025449,0.00024848,0.00023591,0.00022902,0.00022402,0.00021372,0.00020522,0.00020595,0.00018849,0.00018221,0.00017291,0.00016602,0.0001575,0.00015015,0.00014173,0.00013553,0.00012756,0.00012148,0.00011659,0.00010792,0.00010127,9.3146e-5,8.9176e-5,8.2154e-5,7.4573e-5,6.6783e-5,5.4734e-5,4.5963e-5,3.9671e-5,3.4702e-5,1.9715e-5,1.1275e-5,-2.7715e-6,-1.3506e-5,-2.4171e-5,-3.5246e-5,-4.8277e-5,-7.3544e-5,-8.9353e-5,-0.00011473,-0.00014787,-0.00018113,-0.00021229,-0.00024292,-0.00029081,-0.00035392,-0.00041104,-0.00048552,-0.00056283,-0.00065023,-0.00070004,-0.00070004,-0.00070014,-0.00069998,-0.00070005,-0.00070004,-0.00070003,-0.00070008,-0.00070001,-0.00069998],"unit":"A"},"J":{"value":[7.24775e-5,7.1e-5,6.993125e-5,6.89625e-5,6.78625e-5,6.681625e-5,6.5775e-5,6.49175e-5,6.3765e-5,6.303e-5,6.2085e-5,6.08975e-5,6.001375e-5,5.903125e-5,5.767375e-5,5.711375e-5,5.605875e-5,5.5015e-5,5.415875e-5,5.3065e-5,5.199375e-5,5.105625e-5,5.011125e-5,4.905625e-5,4.8015e-5,4.71525e-5,4.602125e-5,4.505375e-5,4.555375e-5,4.307375e-5,4.1705e-5,4.05125e-5,3.951125e-5,3.855e-5,3.742e-5,3.620125e-5,3.552875e-5,3.4585e-5,3.3865e-5,3.283875e-5,3.181125e-5,3.106e-5,2.948875e-5,2.86275e-5,2.80025e-5,2.6715e-5,2.56525e-5,2.574375e-5,2.356125e-5,2.277625e-5,2.161375e-5,2.07525e-5,1.96875e-5,1.876875e-5,1.771625e-5,1.694125e-5,1.5945e-5,1.5185e-5,1.457375e-5,1.349e-5,1.265875e-5,1.164325e-5,1.1147e-5,1.026925e-5,9.321625e-6,8.347875e-6,6.84175e-6,5.745375e-6,4.958875e-6,4.33775e-6,2.464375e-6,1.409375e-6,-3.464375e-7,-1.68825e-6,-3.021375e-6,-4.40575e-6,-6.034625e-6,-9.193e-6,-1.1169125e-5,-1.434125e-5,-1.848375e-5,-2.264125e-5,-2.653625e-5,-3.0365e-5,-3.635125e-5,-4.424e-5,-5.138e-5,-6.069e-5,-7.035375e-5,-8.127875e-5,-8.7505e-5,-8.7505e-5,-8.75175e-5,-8.74975e-5,-8.750625e-5,-8.7505e-5,-8.750375e-5,-8.751e-5,-8.750125e-5,-8.74975e-5],"unit":"A\/cm2"},"voc":{"unit":"V","value":0.8424},"isc":{"unit":"A","value":0.00051367},"jsc":{"unit":"mA\/cm2","value":4.109},"fill_factor":{"unit":"%","value":25.15},"pmax":{"unit":"mW","value":0.1088},"vmax":{"unit":"V","value":0.438},"imax":{"unit":"mA","value":0.2485},"rshunt":{"unit":"ohms","value":1660},"voc_slope":{"unit":"ohms","value":1130},"efficiency":{"unit":"%","value":0.87},"monitor_cell_reading":{"unit":"mV","value":0},"monitor_cell_calibration_value":{"unit":"mV","value":0},"test_device_area":{"unit":"cm2","value":0.125},"num_of_series_connected_stacks":{"unit":"","value":1},"meter_integration":{"unit":"NPLC","value":0.01},"source_irradiance":{"unit":"mW\/cm2","value":100},"voltage_settling_time":{"unit":"ms","value":100},"sweep_direction":{"unit":"","value":"Forward"},"irradiance_variation_correction":{"unit":"","value":"None"},"device_id":{"unit":"","value":"LIF-35-2-3-F"},"cell_dimension":{"unit":"cm2","value":0.125},"key":"Forward_IV LIF-35-2-3"}]}}