{"_id":"65294b897f354217dd3f80bd","id":"SKKU-SC-00040","author":96,"group":11,"input":[{"tco":{"unit":"","value":"FTO"}},{"surface_treatment":{"unit":"","value":"UVO"}},{"etl":[{"material":{"unit":"","value":"SnO2"},"concentration":{"unit":"","value":"0.049"},"conc_unit":{"unit":"","value":"mg\/ml"},"quantity":{"unit":"ml","value":"1"}}],"annealing":[{"temperature":{"unit":"oC","value":"150"},"time":{"unit":"m","value":"30"}}],"spin_coating":[{"type":{"unit":"","value":"Static (loading)"},"rpm":{"unit":"","value":"3000"},"time":{"unit":"s","value":"20"}}]},{"surface_treatment":{"unit":"","value":"UVO"}},{"perovskite":{"method":{"unit":"","value":"1step"},"molarity":{"unit":"M","value":"1.82M"},"a_site":[{"material":{"unit":"","value":"FA"},"ratio":{"unit":"","value":"20"}},{"material":{"unit":"","value":"MA"},"ratio":{"unit":"","value":"70"}},{"material":{"unit":"","value":"Cs"},"ratio":{"unit":"","value":"10"}}],"b_site":[{"material":{"unit":"","value":"Pb"},"ratio":{"unit":"","value":"100"}}],"x_site":[{"material":{"unit":"","value":"I"},"ratio":{"unit":"","value":"100"}}],"solvent":[{"material":{"unit":"","value":"DMF"},"volume":{"unit":"ml","value":"1.1"}},{"material":{"unit":"","value":"NMP"},"volume":{"unit":"ml","value":"0.1929"}}],"antisolvent":[{"material":{"unit":"","value":"DEE"},"quantity":{"unit":"ul","value":"800"},"dripping_time":{"unit":"s","value":"13"}}],"annealing":[{"temperature":{"unit":"oC","value":"100"},"time":{"unit":"m","value":"5"}},{"temperature":{"unit":"oC","value":"150"},"time":{"unit":"m","value":"10"}}],"spin_coating":[{"type":{"unit":"","value":"Static (only spreading)"},"rpm":{"unit":"","value":"4000"},"time":{"unit":"s","value":"20"}}],"atmosphere":[{"type":{"unit":"","value":"glove-box(N2)"},"temperature":{"unit":"oC","value":"19.8"},"humidity":{"unit":"RH%","value":"0"}}]}},{"htl":[{"material":{"unit":"","value":"Spiro-OMeTAD"},"concentration":{"unit":"","value":"86.8"},"conc_unit":{"unit":"","value":"mg\/ml"},"quantity":{"unit":"ml","value":"0.03"}}],"htl_doping":[{"material":{"unit":"","value":"Li-TFSI"},"volume":{"unit":"ul","value":"20"}},{"material":{"unit":"","value":"tBP"},"volume":{"unit":"ul","value":"34"}}],"spin_coating":[{"type":{"unit":"","value":"Dynamic"},"rpm":{"unit":"","value":"3000"},"time":{"unit":"s","value":"25"}}],"condition":{"unit":"","value":"glove-box(N2)"},"solvent":[{"material":{"unit":"","value":"CB"},"volume":{"unit":"ml","value":"1"}}]},{"anode_metal":{"unit":"","value":"Ag"}},{"note":{"unit":"","value":"A cation investigation"},"type":{"unit":"","value":"unit_cell"},"device_type":{"unit":"","value":"n-i-p"},"temperature":{"unit":"\u2103","value":"19.4"},"humidity":{"unit":"%","value":"34.7"},"cell_dimension":{"unit":"cm2","value":"0.125"}}],"fileinfo":[{"key":"Reverse_IV 4-3-2","uploadType":"JV","original_name":"IV 4-3-2-R.txt","save_name":"SKKU-SC-00040\/Reverse_IV 4-3-2","uploader":96,"fileType":""},{"key":"Forward_IV 4-3-3","uploadType":"JV","original_name":"IV 4-3-3-F.txt","save_name":"SKKU-SC-00040\/Forward_IV 4-3-3","uploader":96,"fileType":""},{"key":"Reverse_IV 4-3-3","uploadType":"JV","original_name":"IV 4-3-3-R.txt","save_name":"SKKU-SC-00040\/Reverse_IV 4-3-3","uploader":96,"fileType":""},{"key":"Forward_IV 4-3-2","uploadType":"JV","original_name":"IV 4-3-2-F.txt","save_name":"SKKU-SC-00040\/Forward_IV 4-3-2","uploader":96,"fileType":""}],"updated_at":"2024-06-03 08:38:34","created_at":"2023-10-13 13:52:09","jvcnt":4,"analysisInfo":{"JV":[{"efficiency":15.72,"fill_factor":70.94,"jsc":20.75,"voc":1.0679,"key":"Reverse_IV 4-3-3","cell_dimension":0.125},{"efficiency":19.04,"fill_factor":80.56,"jsc":21.606,"voc":1.0941,"key":"Reverse_IV 4-3-2","cell_dimension":0.125},{"efficiency":13.46,"fill_factor":64.2,"jsc":20.741,"voc":1.0109,"key":"Forward_IV 4-3-3","cell_dimension":0.125},{"efficiency":16.76,"fill_factor":75.02,"jsc":21.605,"voc":1.0339,"key":"Forward_IV 4-3-2","cell_dimension":0.125}]},"public":2,"analysis":{"JV":[{"V":{"value":[1.2,1.187,1.174,1.161,1.147,1.134,1.121,1.108,1.095,1.082,1.069,1.056,1.042,1.029,1.016,1.003,0.99,0.977,0.964,0.951,0.937,0.924,0.911,0.898,0.885,0.872,0.859,0.845,0.832,0.819,0.806,0.793,0.78,0.767,0.754,0.74,0.727,0.714,0.701,0.688,0.675,0.662,0.648,0.635,0.622,0.609,0.596,0.583,0.57,0.557,0.543,0.53,0.517,0.504,0.491,0.478,0.465,0.452,0.438,0.425,0.412,0.399,0.386,0.373,0.36,0.346,0.333,0.32,0.307,0.294,0.281,0.268,0.255,0.241,0.228,0.215,0.202,0.189,0.176,0.163,0.149,0.136,0.123,0.11,0.097,0.084,0.071,0.058,0.044,0.031,0.018,0.005,-0.008,-0.021,-0.034,-0.047,-0.061,-0.074,-0.087,-0.1],"unit":"V"},"I":{"value":[-0.0024973,-0.0022254,-0.0019569,-0.0017021,-0.0014306,-0.001181,-0.00093394,-0.00069374,-0.00046326,-0.00023794,-1.8122e-5,0.00019275,0.00041546,0.00061259,0.00080182,0.00098439,0.0011434,0.0013079,0.0014623,0.0016013,0.001738,0.0018556,0.0019592,0.0020492,0.0021342,0.0021988,0.0022579,0.0023208,0.0023617,0.0023935,0.0024259,0.0024514,0.0024772,0.0024886,0.0025033,0.0025149,0.0025302,0.0025377,0.0025416,0.0025475,0.0025554,0.0025551,0.002556,0.0025609,0.0025664,0.0025604,0.0025652,0.0025707,0.0025739,0.0025702,0.0025746,0.0025791,0.0025778,0.0025776,0.0025823,0.0025826,0.0025828,0.002581,0.0025797,0.0025845,0.0025856,0.0025823,0.0025862,0.0025884,0.0025872,0.0025859,0.002591,0.0025874,0.0025881,0.002589,0.0025925,0.0025896,0.0025892,0.0025914,0.0025928,0.0025892,0.0025919,0.0025936,0.0025904,0.0025891,0.0025932,0.0025917,0.0025868,0.0025931,0.0025937,0.0025965,0.0025908,0.0025925,0.002595,0.0025962,0.0025905,0.002593,0.002595,0.0025947,0.00259,0.0025955,0.0025978,0.0025916,0.0025925,0.0025996],"unit":"A"},"J":{"value":[-0.0003121625,-0.000278175,-0.0002446125,-0.0002127625,-0.000178825,-0.000147625,-0.0001167425,-8.67175e-5,-5.79075e-5,-2.97425e-5,-2.26525e-6,2.409375e-5,5.19325e-5,7.657375e-5,0.0001002275,0.00012304875,0.000142925,0.0001634875,0.0001827875,0.0002001625,0.00021725,0.00023195,0.0002449,0.00025615,0.000266775,0.00027485,0.0002822375,0.0002901,0.0002952125,0.0002991875,0.0003032375,0.000306425,0.00030965,0.000311075,0.0003129125,0.0003143625,0.000316275,0.0003172125,0.0003177,0.0003184375,0.000319425,0.0003193875,0.0003195,0.0003201125,0.0003208,0.00032005,0.00032065,0.0003213375,0.0003217375,0.000321275,0.000321825,0.0003223875,0.000322225,0.0003222,0.0003227875,0.000322825,0.00032285,0.000322625,0.0003224625,0.0003230625,0.0003232,0.0003227875,0.000323275,0.00032355,0.0003234,0.0003232375,0.000323875,0.000323425,0.0003235125,0.000323625,0.0003240625,0.0003237,0.00032365,0.000323925,0.0003241,0.00032365,0.0003239875,0.0003242,0.0003238,0.0003236375,0.00032415,0.0003239625,0.00032335,0.0003241375,0.0003242125,0.0003245625,0.00032385,0.0003240625,0.000324375,0.000324525,0.0003238125,0.000324125,0.000324375,0.0003243375,0.00032375,0.0003244375,0.000324725,0.00032395,0.0003240625,0.00032495],"unit":"A\/cm2"},"voc":{"unit":"V","value":1.0679},"isc":{"unit":"A","value":0.0025938},"jsc":{"unit":"mA\/cm2","value":20.75},"fill_factor":{"unit":"%","value":70.94},"pmax":{"unit":"mW","value":1.965},"vmax":{"unit":"V","value":0.832},"imax":{"unit":"mA","value":2.362},"rshunt":{"unit":"ohms","value":4150},"voc_slope":{"unit":"ohms","value":61.3},"efficiency":{"unit":"%","value":15.72},"monitor_cell_reading":{"unit":"mV","value":0},"monitor_cell_calibration_value":{"unit":"mV","value":0},"test_device_area":{"unit":"cm2","value":0.125},"num_of_series_connected_stacks":{"unit":"","value":1},"meter_integration":{"unit":"NPLC","value":1},"source_irradiance":{"unit":"mW\/cm2","value":100},"voltage_settling_time":{"unit":"ms","value":100},"sweep_direction":{"unit":"","value":"Reverse"},"irradiance_variation_correction":{"unit":"","value":"None"},"device_id":{"unit":"","value":"4-3-3-R"},"cell_dimension":{"unit":"cm2","value":0.125},"key":"Reverse_IV 4-3-3"},{"V":{"value":[1.2,1.187,1.174,1.161,1.147,1.134,1.121,1.108,1.095,1.082,1.069,1.056,1.042,1.029,1.016,1.003,0.99,0.977,0.964,0.951,0.937,0.924,0.911,0.898,0.885,0.872,0.859,0.845,0.832,0.819,0.806,0.793,0.78,0.767,0.754,0.74,0.727,0.714,0.701,0.688,0.675,0.662,0.648,0.635,0.622,0.609,0.596,0.583,0.57,0.557,0.543,0.53,0.517,0.504,0.491,0.478,0.465,0.452,0.438,0.425,0.412,0.399,0.386,0.373,0.36,0.346,0.333,0.32,0.307,0.294,0.281,0.268,0.255,0.241,0.228,0.215,0.202,0.189,0.176,0.163,0.149,0.136,0.123,0.11,0.097,0.084,0.071,0.058,0.044,0.031,0.018,0.005,-0.008,-0.021,-0.034,-0.047,-0.061,-0.074,-0.087,-0.1],"unit":"V"},"I":{"value":[-0.0032396,-0.0032396,-0.0032396,-0.0031746,-0.0024108,-0.0017448,-0.0011301,-0.00054499,-3.2658e-5,0.00043188,0.00084826,0.0011998,0.0015314,0.0017765,0.0019756,0.0021381,0.0022631,0.0023577,0.0024366,0.0024956,0.0025404,0.0025727,0.0026001,0.0026205,0.0026319,0.0026416,0.0026543,0.0026583,0.002666,0.0026706,0.0026693,0.0026745,0.0026778,0.0026786,0.0026791,0.0026813,0.002687,0.0026863,0.0026833,0.0026876,0.0026874,0.0026877,0.0026841,0.0026894,0.0026886,0.0026894,0.002685,0.0026894,0.0026912,0.0026865,0.0026879,0.0026888,0.0026917,0.0026867,0.0026893,0.0026909,0.0026959,0.0026901,0.0026913,0.0026956,0.0026916,0.0026907,0.0026962,0.002695,0.0026936,0.0026911,0.0026972,0.0026959,0.0026959,0.0026951,0.0026987,0.0026976,0.0026943,0.0026917,0.0026965,0.0026983,0.002696,0.0026949,0.0026997,0.0026996,0.0026944,0.0026961,0.0026989,0.0027005,0.0026967,0.0026973,0.0026947,0.0027006,0.0026942,0.0026963,0.002696,0.0027003,0.0027016,0.002697,0.0026963,0.0027014,0.0027032,0.0026996,0.0026982,0.0027025],"unit":"A"},"J":{"value":[-0.00040495,-0.00040495,-0.00040495,-0.000396825,-0.00030135,-0.0002181,-0.0001412625,-6.812375e-5,-4.08225e-6,5.3985e-5,0.0001060325,0.000149975,0.000191425,0.0002220625,0.00024695,0.0002672625,0.0002828875,0.0002947125,0.000304575,0.00031195,0.00031755,0.0003215875,0.0003250125,0.0003275625,0.0003289875,0.0003302,0.0003317875,0.0003322875,0.00033325,0.000333825,0.0003336625,0.0003343125,0.000334725,0.000334825,0.0003348875,0.0003351625,0.000335875,0.0003357875,0.0003354125,0.00033595,0.000335925,0.0003359625,0.0003355125,0.000336175,0.000336075,0.000336175,0.000335625,0.000336175,0.0003364,0.0003358125,0.0003359875,0.0003361,0.0003364625,0.0003358375,0.0003361625,0.0003363625,0.0003369875,0.0003362625,0.0003364125,0.00033695,0.00033645,0.0003363375,0.000337025,0.000336875,0.0003367,0.0003363875,0.00033715,0.0003369875,0.0003369875,0.0003368875,0.0003373375,0.0003372,0.0003367875,0.0003364625,0.0003370625,0.0003372875,0.000337,0.0003368625,0.0003374625,0.00033745,0.0003368,0.0003370125,0.0003373625,0.0003375625,0.0003370875,0.0003371625,0.0003368375,0.000337575,0.000336775,0.0003370375,0.000337,0.0003375375,0.0003377,0.000337125,0.0003370375,0.000337675,0.0003379,0.00033745,0.000337275,0.0003378125],"unit":"A\/cm2"},"voc":{"unit":"V","value":1.0941},"isc":{"unit":"A","value":0.0027008},"jsc":{"unit":"mA\/cm2","value":21.606},"fill_factor":{"unit":"%","value":80.56},"pmax":{"unit":"mW","value":2.38},"vmax":{"unit":"V","value":0.937},"imax":{"unit":"mA","value":2.54},"rshunt":{"unit":"ohms","value":6120},"voc_slope":{"unit":"ohms","value":27.7},"efficiency":{"unit":"%","value":19.04},"monitor_cell_reading":{"unit":"mV","value":0},"monitor_cell_calibration_value":{"unit":"mV","value":0},"test_device_area":{"unit":"cm2","value":0.125},"num_of_series_connected_stacks":{"unit":"","value":1},"meter_integration":{"unit":"NPLC","value":1},"source_irradiance":{"unit":"mW\/cm2","value":100},"voltage_settling_time":{"unit":"ms","value":100},"sweep_direction":{"unit":"","value":"Reverse"},"irradiance_variation_correction":{"unit":"","value":"None"},"device_id":{"unit":"","value":"4-3-2-R"},"cell_dimension":{"unit":"cm2","value":0.125},"key":"Reverse_IV 4-3-2"},{"V":{"value":[-0.1,-0.087,-0.074,-0.061,-0.047,-0.034,-0.021,-0.008,0.005,0.018,0.031,0.044,0.058,0.071,0.084,0.097,0.11,0.123,0.136,0.149,0.163,0.176,0.189,0.202,0.215,0.228,0.241,0.255,0.268,0.281,0.294,0.307,0.32,0.333,0.346,0.36,0.373,0.386,0.399,0.412,0.425,0.438,0.452,0.465,0.478,0.491,0.504,0.517,0.53,0.543,0.557,0.57,0.583,0.596,0.609,0.622,0.635,0.648,0.662,0.675,0.688,0.701,0.714,0.727,0.74,0.754,0.767,0.78,0.793,0.806,0.819,0.832,0.845,0.859,0.872,0.885,0.898,0.911,0.924,0.937,0.951,0.964,0.977,0.99,1.003,1.016,1.029,1.042,1.056,1.069,1.082,1.095,1.108,1.121,1.134,1.147,1.161,1.174,1.187,1.2],"unit":"V"},"I":{"value":[0.0025928,0.0025949,0.0025976,0.0025956,0.0025923,0.0025937,0.002595,0.0025954,0.0025909,0.0025937,0.0025939,0.0025905,0.0025904,0.0025937,0.0025918,0.0025904,0.00259,0.0025917,0.0025892,0.0025891,0.0025881,0.0025908,0.0025859,0.0025871,0.0025917,0.0025874,0.0025843,0.0025855,0.0025862,0.0025848,0.0025846,0.002586,0.0025845,0.0025802,0.0025803,0.0025854,0.0025792,0.002579,0.0025776,0.0025792,0.0025741,0.0025758,0.0025708,0.0025743,0.0025661,0.0025608,0.0025623,0.0025575,0.0025493,0.0025469,0.0025382,0.0025341,0.0025216,0.002511,0.0025033,0.0024904,0.0024701,0.0024576,0.0024392,0.0024198,0.0023926,0.0023663,0.0023506,0.0023093,0.0022737,0.0022238,0.002173,0.0021194,0.0020594,0.0019923,0.0019178,0.001836,0.0017779,0.0016811,0.0015669,0.0014625,0.0013331,0.0012085,0.0010673,0.00092804,0.00077607,0.00061808,0.00045645,0.00028215,0.00010295,-6.6894e-5,-0.00022554,-0.00042769,-0.0006492,-0.00085879,-0.0010408,-0.0012695,-0.0014942,-0.0017181,-0.0019474,-0.0021788,-0.0024318,-0.0026677,-0.0029131,-0.0031135],"unit":"A"},"J":{"value":[0.0003241,0.0003243625,0.0003247,0.00032445,0.0003240375,0.0003242125,0.000324375,0.000324425,0.0003238625,0.0003242125,0.0003242375,0.0003238125,0.0003238,0.0003242125,0.000323975,0.0003238,0.00032375,0.0003239625,0.00032365,0.0003236375,0.0003235125,0.00032385,0.0003232375,0.0003233875,0.0003239625,0.000323425,0.0003230375,0.0003231875,0.000323275,0.0003231,0.000323075,0.00032325,0.0003230625,0.000322525,0.0003225375,0.000323175,0.0003224,0.000322375,0.0003222,0.0003224,0.0003217625,0.000321975,0.00032135,0.0003217875,0.0003207625,0.0003201,0.0003202875,0.0003196875,0.0003186625,0.0003183625,0.000317275,0.0003167625,0.0003152,0.000313875,0.0003129125,0.0003113,0.0003087625,0.0003072,0.0003049,0.000302475,0.000299075,0.0002957875,0.000293825,0.0002886625,0.0002842125,0.000277975,0.000271625,0.000264925,0.000257425,0.0002490375,0.000239725,0.0002295,0.0002222375,0.0002101375,0.0001958625,0.0001828125,0.0001666375,0.0001510625,0.0001334125,0.000116005,9.700875e-5,7.726e-5,5.705625e-5,3.526875e-5,1.286875e-5,-8.36175e-6,-2.81925e-5,-5.346125e-5,-8.115e-5,-0.00010734875,-0.0001301,-0.0001586875,-0.000186775,-0.0002147625,-0.000243425,-0.00027235,-0.000303975,-0.0003334625,-0.0003641375,-0.0003891875],"unit":"A\/cm2"},"voc":{"unit":"V","value":1.0109},"isc":{"unit":"A","value":0.0025926},"jsc":{"unit":"mA\/cm2","value":20.741},"fill_factor":{"unit":"%","value":64.2},"pmax":{"unit":"mW","value":1.683},"vmax":{"unit":"V","value":0.74},"imax":{"unit":"mA","value":2.274},"rshunt":{"unit":"ohms","value":12100},"voc_slope":{"unit":"ohms","value":74.4},"efficiency":{"unit":"%","value":13.46},"monitor_cell_reading":{"unit":"mV","value":0},"monitor_cell_calibration_value":{"unit":"mV","value":0},"test_device_area":{"unit":"cm2","value":0.125},"num_of_series_connected_stacks":{"unit":"","value":1},"meter_integration":{"unit":"NPLC","value":1},"source_irradiance":{"unit":"mW\/cm2","value":100},"voltage_settling_time":{"unit":"ms","value":100},"sweep_direction":{"unit":"","value":"Forward"},"irradiance_variation_correction":{"unit":"","value":"None"},"device_id":{"unit":"","value":"4-3-3-F"},"cell_dimension":{"unit":"cm2","value":0.125},"key":"Forward_IV 4-3-3"},{"V":{"value":[-0.1,-0.087,-0.074,-0.061,-0.047,-0.034,-0.021,-0.008,0.005,0.018,0.031,0.044,0.058,0.071,0.084,0.097,0.11,0.123,0.136,0.149,0.163,0.176,0.189,0.202,0.215,0.228,0.241,0.255,0.268,0.281,0.294,0.307,0.32,0.333,0.346,0.36,0.373,0.386,0.399,0.412,0.425,0.438,0.452,0.465,0.478,0.491,0.504,0.517,0.53,0.543,0.557,0.57,0.583,0.596,0.609,0.622,0.635,0.648,0.662,0.675,0.688,0.701,0.714,0.727,0.74,0.754,0.767,0.78,0.793,0.806,0.819,0.832,0.845,0.859,0.872,0.885,0.898,0.911,0.924,0.937,0.951,0.964,0.977,0.99,1.003,1.016,1.029,1.042,1.056,1.069,1.082,1.095,1.108,1.121,1.134,1.147,1.161,1.174,1.187,1.2],"unit":"V"},"I":{"value":[0.0026993,0.0026985,0.002698,0.0026974,0.0027013,0.0027032,0.0027011,0.0026989,0.0027016,0.0027042,0.0027025,0.0027025,0.0027033,0.0027084,0.0027066,0.0027046,0.0027027,0.0027062,0.0027046,0.0027006,0.0027023,0.0027046,0.0027028,0.0026999,0.0027019,0.0027042,0.0027006,0.0027024,0.0027039,0.0027037,0.0026985,0.0027038,0.0027028,0.0027006,0.0027026,0.002696,0.0027011,0.002699,0.0027016,0.0026951,0.0026977,0.0027002,0.002698,0.0026953,0.0026967,0.0026965,0.0026958,0.0026999,0.0026962,0.0026939,0.0026928,0.0026962,0.0026918,0.0026894,0.0026901,0.0026875,0.0026894,0.0026851,0.0026795,0.0026787,0.0026706,0.002664,0.0026598,0.0026561,0.0026458,0.0026353,0.0026212,0.002611,0.0025937,0.002569,0.0025446,0.0025149,0.0024782,0.0024386,0.0023769,0.0023092,0.002228,0.0021301,0.0019911,0.001853,0.0016846,0.0014915,0.0012563,0.0010176,0.0007495,0.00042209,0.0001049,-0.00017445,-0.00065967,-0.0010547,-0.0015655,-0.0020764,-0.0026301,-0.0031978,-0.0032345,-0.0032345,-0.0032345,-0.0032345,-0.0032346,-0.0032345],"unit":"A"},"J":{"value":[0.0003374125,0.0003373125,0.00033725,0.000337175,0.0003376625,0.0003379,0.0003376375,0.0003373625,0.0003377,0.000338025,0.0003378125,0.0003378125,0.0003379125,0.00033855,0.000338325,0.000338075,0.0003378375,0.000338275,0.000338075,0.000337575,0.0003377875,0.000338075,0.00033785,0.0003374875,0.0003377375,0.000338025,0.000337575,0.0003378,0.0003379875,0.0003379625,0.0003373125,0.000337975,0.00033785,0.000337575,0.000337825,0.000337,0.0003376375,0.000337375,0.0003377,0.0003368875,0.0003372125,0.000337525,0.00033725,0.0003369125,0.0003370875,0.0003370625,0.000336975,0.0003374875,0.000337025,0.0003367375,0.0003366,0.000337025,0.000336475,0.000336175,0.0003362625,0.0003359375,0.000336175,0.0003356375,0.0003349375,0.0003348375,0.000333825,0.000333,0.000332475,0.0003320125,0.000330725,0.0003294125,0.00032765,0.000326375,0.0003242125,0.000321125,0.000318075,0.0003143625,0.000309775,0.000304825,0.0002971125,0.00028865,0.0002785,0.0002662625,0.0002488875,0.000231625,0.000210575,0.0001864375,0.0001570375,0.0001272,9.36875e-5,5.276125e-5,1.31125e-5,-2.180625e-5,-8.245875e-5,-0.0001318375,-0.0001956875,-0.00025955,-0.0003287625,-0.000399725,-0.0004043125,-0.0004043125,-0.0004043125,-0.0004043125,-0.000404325,-0.0004043125],"unit":"A\/cm2"},"voc":{"unit":"V","value":1.0339},"isc":{"unit":"A","value":0.0027006},"jsc":{"unit":"mA\/cm2","value":21.605},"fill_factor":{"unit":"%","value":75.02},"pmax":{"unit":"mW","value":2.095},"vmax":{"unit":"V","value":0.859},"imax":{"unit":"mA","value":2.439},"rshunt":{"unit":"ohms","value":-11800},"voc_slope":{"unit":"ohms","value":39.8},"efficiency":{"unit":"%","value":16.76},"monitor_cell_reading":{"unit":"mV","value":0},"monitor_cell_calibration_value":{"unit":"mV","value":0},"test_device_area":{"unit":"cm2","value":0.125},"num_of_series_connected_stacks":{"unit":"","value":1},"meter_integration":{"unit":"NPLC","value":1},"source_irradiance":{"unit":"mW\/cm2","value":100},"voltage_settling_time":{"unit":"ms","value":100},"sweep_direction":{"unit":"","value":"Forward"},"irradiance_variation_correction":{"unit":"","value":"None"},"device_id":{"unit":"","value":"4-3-2-F"},"cell_dimension":{"unit":"cm2","value":0.125},"key":"Forward_IV 4-3-2"}]}}