{"_id":"66f0dea9d9046a0e2d013d62","id":"SKKU-SC-00599","author":82,"group":11,"input":[{"tco":{"unit":"","value":"ITO"}},{"surface_treatment":{"unit":"","value":"O-Plasma"}},{"htl":[{"material":{"unit":"","value":"Me-4PACz"},"concentration":{"unit":"","value":"0.3"},"conc_unit":{"unit":"","value":"mg\/ml"},"quantity":{"unit":"ml","value":"0.2"}}],"spin_coating":[{"type":{"unit":"","value":"Static (only spreading)"},"rpm":{"unit":"","value":"3000"},"time":{"unit":"s","value":"30"}}],"annealing":[{"temperature":{"unit":"oC","value":"100"},"time":{"unit":"m","value":"10"}}],"solvent":[{"material":{"unit":"","value":"Ethanol"},"volume":{"unit":"ml","value":"5"}}],"condition":{"unit":"","value":"glove-box(N2)"}},{"spin_coating":[{"type":{"unit":"","value":"Static (loading)"},"rpm":{"unit":"","value":"5000"},"time":{"unit":"s","value":"35"}}],"annealing":[{"temperature":{"unit":"oC","value":"100"},"time":{"unit":"m","value":"10"}}],"solvent":[{"material":{"unit":"","value":"IPA"},"volume":{"unit":"ml","value":"2"}}],"condition":{"unit":"","value":"glove-box(N2)"},"htl_treatment":[{"material":{"unit":"","value":"Al2O3"},"concentration":{"unit":"","value":"0.9"},"conc_unit":{"unit":"","value":"mg\/ml"},"quantity":{"unit":"ml","value":"2"}}]},{"condition":{"unit":"","value":"glove-box(N2)"},"perovskite":{"method":{"unit":"","value":"1step"},"molarity":{"unit":"M","value":"1.5M"},"a_site":[{"material":{"unit":"","value":"FA"},"ratio":{"unit":"%","value":"90"}},{"material":{"unit":"","value":"Cs"},"ratio":{"unit":"%","value":"10"}}],"b_site":[{"material":{"unit":"","value":"Pb"},"ratio":{"unit":"%","value":"100"}}],"x_site":[{"material":{"unit":"","value":"I"},"ratio":{"unit":"%","value":"100"}}],"solvent":[{"material":{"unit":"","value":"DMF"},"volume":{"unit":"ml","value":"0.8"}},{"material":{"unit":"","value":"DMSO"},"volume":{"unit":"ml","value":"0.2"}}],"antisolvent":[{"material":{"unit":"","value":"DEE"},"quantity":{"unit":"ul","value":"800"},"dripping_time":{"unit":"s","value":"40"}}],"annealing":[{"temperature":{"unit":"oC","value":"60"},"time":{"unit":"m","value":"3"}}],"spin_coating":[{"type":{"unit":"","value":"Static (only spreading)"},"rpm":{"unit":"","value":"5000"},"time":{"unit":"s","value":"50"}}],"additive":[{"material":{"unit":"","value":"MACl"},"solvent":{"unit":"","value":"DMF"},"concentration":{"unit":"","value":"30.4"},"conc_unit":{"unit":"","value":"mg\/ml"},"quantity":{"unit":"mol%","value":"30"}}]}},{"perovskite":{"annealing":[{"temperature":{"unit":"oC","value":"150"},"time":{"unit":"m","value":"1"}},{"temperature":{"unit":"oC","value":"120"},"time":{"unit":"m","value":"50"}}],"atmosphere":[{"type":{"unit":"","value":"Ambient (30RH%)"},"temperature":{"unit":"oC","value":"20"},"humidity":{"unit":"RH%","value":"30"}}]}},{"perovskite_treatment":[{"material":{"unit":"","value":"DAI"},"concentration":{"unit":"","value":"1"},"conc_unit":{"unit":"","value":"mg\/ml"},"quantity":{"unit":"ml","value":"0.065"}},{"material":{"unit":"","value":"MAI"},"concentration":{"unit":"","value":"0.25"},"conc_unit":{"unit":"","value":"mg\/ml"},"quantity":{"unit":"ml","value":"0.065"}}],"annealing":[{"temperature":{"unit":"oC","value":"100"},"time":{"unit":"m","value":"5"}}],"spin_coating":[{"type":{"unit":"","value":"Dynamic"},"rpm":{"unit":"","value":"5000"},"time":{"unit":"s","value":"30"}}],"condition":{"unit":"","value":"glove-box(N2)"},"solvent":[{"material":{"unit":"","value":"IPA"},"volume":{"unit":"ml","value":"1"}}]},{"etl":[{"material":{"unit":"","value":"C60"},"concentration":{"unit":"","value":""},"conc_unit":{"unit":"","value":"mg\/ml"},"quantity":{"unit":"ml","value":"None"}}],"thermal_evaporation":[{"vacuum_evaporation_thickness":{"unit":"nm","value":"30"},"evaporation_rate":{"unit":"\u00c5\/s","value":"0.2"},"vacuum_pressure":{"unit":"uTorr","value":"0.97"}}]},{"blocking_buffer_layer":[{"material":{"unit":"","value":"BCP"},"concentration":{"unit":"","value":"None"},"conc_unit":{"unit":"","value":"None"},"quantity":{"unit":"ml","value":"None"}}],"thermal_evaporation":[{"vacuum_evaporation_thickness":{"unit":"nm","value":"8"},"evaporation_rate":{"unit":"\u00c5\/s","value":"0.2"},"vacuum_pressure":{"unit":"uTorr","value":"0.97"}}]},{"anode_metal":{"unit":"","value":"Ag"}},{"note":{"unit":"","value":"DAI passivation"},"type":{"unit":"","value":"unit_cell"},"device_type":{"unit":"","value":"p-i-n"},"temperature":{"unit":"\u2103","value":"25"},"humidity":{"unit":"%","value":"25"},"cell_dimension":{"unit":"cm2","value":"0.09"},"condition":{"unit":"","value":"glove-box(N2)"}}],"fileinfo":[{"key":"Forward_IV 9-4","uploadType":"JV","original_name":"IV 9-4-f.txt","save_name":"SKKU-SC-00599\/Forward_IV 9-4","uploader":82,"fileType":""},{"key":"Reverse_IV 9-4","uploadType":"JV","original_name":"IV 9-4-r.txt","save_name":"SKKU-SC-00599\/Reverse_IV 9-4","uploader":82,"fileType":""},{"key":"Forward_IV 10-1","uploadType":"JV","original_name":"IV 10-1-f.txt","save_name":"SKKU-SC-00599\/Forward_IV 10-1","uploader":82,"fileType":""},{"key":"Reverse_IV 10-1","uploadType":"JV","original_name":"IV 10-1-r.txt","save_name":"SKKU-SC-00599\/Reverse_IV 10-1","uploader":82,"fileType":""},{"key":"Forward_IV 10-2","uploadType":"JV","original_name":"IV 10-2-f.txt","save_name":"SKKU-SC-00599\/Forward_IV 10-2","uploader":82,"fileType":""},{"key":"Reverse_IV 10-2","uploadType":"JV","original_name":"IV 10-2-r.txt","save_name":"SKKU-SC-00599\/Reverse_IV 10-2","uploader":82,"fileType":""},{"key":"Forward_IV 10-3","uploadType":"JV","original_name":"IV 10-3-f.txt","save_name":"SKKU-SC-00599\/Forward_IV 10-3","uploader":82,"fileType":""},{"key":"Reverse_IV 10-3","uploadType":"JV","original_name":"IV 10-3-r.txt","save_name":"SKKU-SC-00599\/Reverse_IV 10-3","uploader":82,"fileType":""},{"key":"Reverse_IV 10-4","uploadType":"JV","original_name":"IV 10-4-r.txt","save_name":"SKKU-SC-00599\/Reverse_IV 10-4","uploader":82,"fileType":""},{"key":"Reverse_IV 10-5","uploadType":"JV","original_name":"IV 10-5-r.txt","save_name":"SKKU-SC-00599\/Reverse_IV 10-5","uploader":82,"fileType":""},{"key":"Forward_IV 11-3","uploadType":"JV","original_name":"IV 11-3-f.txt","save_name":"SKKU-SC-00599\/Forward_IV 11-3","uploader":82,"fileType":""},{"key":"Reverse_IV 11-3","uploadType":"JV","original_name":"IV 11-3-r.txt","save_name":"SKKU-SC-00599\/Reverse_IV 11-3","uploader":82,"fileType":""},{"key":"Forward_IV 11-4","uploadType":"JV","original_name":"IV 11-4-f.txt","save_name":"SKKU-SC-00599\/Forward_IV 11-4","uploader":82,"fileType":""},{"key":"Reverse_IV 11-4","uploadType":"JV","original_name":"IV 11-4-r.txt","save_name":"SKKU-SC-00599\/Reverse_IV 11-4","uploader":82,"fileType":""},{"key":"Reverse_IV 12-2","uploadType":"JV","original_name":"IV 12-2-r.txt","save_name":"SKKU-SC-00599\/Reverse_IV 12-2","uploader":82,"fileType":""},{"key":"Forward_IV 12-3","uploadType":"JV","original_name":"IV 12-3-f.txt","save_name":"SKKU-SC-00599\/Forward_IV 12-3","uploader":82,"fileType":""},{"key":"Reverse_IV 12-3","uploadType":"JV","original_name":"IV 12-3-r.txt","save_name":"SKKU-SC-00599\/Reverse_IV 12-3","uploader":82,"fileType":""},{"key":"Reverse_IV 12-5","uploadType":"JV","original_name":"IV 12-5-r.txt","save_name":"SKKU-SC-00599\/Reverse_IV 12-5","uploader":82,"fileType":""}],"jvcnt":18,"analysisInfo":{"JV":[{"efficiency":22.443295,"fill_factor":81.867876,"jsc":25.120848,"voc":1.091287,"key":"Reverse_IV 9-4","cell_dimension":0.09},{"efficiency":22.47754,"fill_factor":81.823598,"jsc":25.140085,"voc":1.092706,"key":"Reverse_IV 12-5","cell_dimension":0.09},{"efficiency":22.291943,"fill_factor":82.087016,"jsc":24.893161,"voc":1.090921,"key":"Reverse_IV 12-3","cell_dimension":0.09},{"efficiency":22.428143,"fill_factor":82.480206,"jsc":25.047124,"voc":1.08564,"key":"Reverse_IV 12-2","cell_dimension":0.09},{"efficiency":22.417674,"fill_factor":81.792002,"jsc":25.173665,"voc":1.088763,"key":"Reverse_IV 11-4","cell_dimension":0.09},{"efficiency":21.9934,"fill_factor":81.639231,"jsc":24.878893,"voc":1.082835,"key":"Reverse_IV 11-3","cell_dimension":0.09},{"efficiency":22.140904,"fill_factor":81.83404,"jsc":24.873132,"voc":1.087754,"key":"Reverse_IV 10-5","cell_dimension":0.09},{"efficiency":21.850046,"fill_factor":80.530172,"jsc":24.957613,"voc":1.087153,"key":"Reverse_IV 10-4","cell_dimension":0.09},{"efficiency":22.26024,"fill_factor":82.181921,"jsc":24.739286,"voc":1.09488,"key":"Reverse_IV 10-3","cell_dimension":0.09},{"efficiency":22.29446,"fill_factor":82.1226,"jsc":24.915815,"voc":1.08958,"key":"Reverse_IV 10-2","cell_dimension":0.09},{"efficiency":21.792887,"fill_factor":81.912537,"jsc":24.521899,"voc":1.084951,"key":"Reverse_IV 10-1","cell_dimension":0.09},{"efficiency":21.549276,"fill_factor":82.051611,"jsc":25.008896,"voc":1.050149,"key":"Forward_IV 9-4","cell_dimension":0.09},{"efficiency":21.913248,"fill_factor":82.844312,"jsc":24.90942,"voc":1.061892,"key":"Forward_IV 12-3","cell_dimension":0.09},{"efficiency":21.9968,"fill_factor":82.381439,"jsc":25.162955,"voc":1.06113,"key":"Forward_IV 11-4","cell_dimension":0.09},{"efficiency":21.650906,"fill_factor":82.280441,"jsc":24.901853,"voc":1.056691,"key":"Forward_IV 11-3","cell_dimension":0.09},{"efficiency":21.623145,"fill_factor":82.224271,"jsc":24.787047,"voc":1.060948,"key":"Forward_IV 10-3","cell_dimension":0.09},{"efficiency":21.743422,"fill_factor":82.328054,"jsc":24.941364,"voc":1.058912,"key":"Forward_IV 10-2","cell_dimension":0.09},{"efficiency":20.983533,"fill_factor":81.920427,"jsc":24.5005,"voc":1.04547,"key":"Forward_IV 10-1","cell_dimension":0.09}]},"tags":[],"updated_at":"2024-10-24 09:06:10","created_at":"2024-09-23 03:21:13","public":2,"analysis":{"JV":[{"V":{"value":[1.2,1.187,1.174,1.161,1.148,1.135,1.122,1.109,1.096,1.083,1.07,1.057,1.044,1.031,1.018,1.005,0.992,0.979,0.966,0.953,0.94,0.927,0.914,0.901,0.888,0.875,0.862,0.849,0.836,0.823,0.81,0.797,0.784,0.771,0.758,0.745,0.732,0.719,0.706,0.693,0.68,0.667,0.654,0.641,0.628,0.615,0.602,0.589,0.576,0.563,0.55,0.537,0.524,0.511,0.498,0.485,0.472,0.459,0.446,0.433,0.42,0.407,0.394,0.381,0.368,0.355,0.342,0.329,0.316,0.303,0.29,0.277,0.264,0.251,0.238,0.225,0.212,0.199,0.186,0.173,0.16,0.147,0.134,0.121,0.108,0.095,0.082,0.069,0.056,0.043,0.03,0.017,0.004,-0.009,-0.022,-0.035,-0.048,-0.061,-0.074,-0.087],"unit":"V"},"I":{"value":[-0.008687,-0.007411,-0.006189,-0.005038,-0.003968,-0.002972,-0.002065,-0.00125,-0.000534,7.8e-5,0.000587,0.001001,0.001318,0.001564,0.001747,0.001876,0.001972,0.002038,0.002084,0.00212,0.002142,0.002162,0.002174,0.002183,0.002188,0.002194,0.002199,0.002202,0.002207,0.002208,0.002211,0.002214,0.002216,0.002219,0.002222,0.002222,0.002224,0.002223,0.002225,0.002227,0.002228,0.002228,0.00223,0.002233,0.002233,0.002234,0.002233,0.002236,0.002237,0.002238,0.002241,0.002238,0.002239,0.002237,0.002236,0.002241,0.002241,0.002245,0.002245,0.002243,0.002245,0.002243,0.002244,0.002244,0.002245,0.002248,0.002246,0.002247,0.002252,0.002249,0.002251,0.002251,0.00225,0.002252,0.002247,0.002251,0.002251,0.002253,0.002254,0.002256,0.002253,0.002254,0.002254,0.002256,0.002256,0.002258,0.002256,0.002257,0.002256,0.002256,0.002259,0.002257,0.002261,0.002257,0.002258,0.002262,0.002261,0.00226,0.00226,0.002259],"unit":"A"},"J":{"value":[-0.00078183,-0.00066699,-0.00055701,-0.00045341999999999995,-0.00035712,-0.00026747999999999995,-0.00018585,-0.0001125,-4.806e-5,7.02e-6,5.2829999999999994e-5,9.008999999999999e-5,0.00011861999999999999,0.00014076,0.00015723,0.00016884,0.00017748,0.00018341999999999998,0.00018755999999999997,0.00019079999999999998,0.00019277999999999998,0.00019457999999999997,0.00019566,0.00019647,0.00019691999999999998,0.00019746000000000002,0.00019790999999999998,0.00019817999999999998,0.00019863000000000001,0.00019872,0.00019899,0.00019925999999999999,0.00019944,0.00019971,0.00019998,0.00019998,0.00020015999999999998,0.00020007,0.00020025,0.00020042999999999998,0.00020051999999999998,0.00020051999999999998,0.0002007,0.00020097,0.00020097,0.00020105999999999998,0.00020097,0.00020124000000000002,0.00020132999999999997,0.00020141999999999998,0.00020168999999999997,0.00020141999999999998,0.00020151000000000001,0.00020132999999999997,0.00020124000000000002,0.00020168999999999997,0.00020168999999999997,0.00020205,0.00020205,0.00020187000000000002,0.00020205,0.00020187000000000002,0.00020195999999999997,0.00020195999999999997,0.00020205,0.00020232,0.00020214,0.00020223,0.00020268,0.00020241,0.00020259,0.00020259,0.0002025,0.00020268,0.00020223,0.00020259,0.00020259,0.00020276999999999998,0.00020286,0.00020304,0.00020276999999999998,0.00020286,0.00020286,0.00020304,0.00020304,0.00020322,0.00020304,0.00020313,0.00020304,0.00020304,0.00020331,0.00020313,0.00020349,0.00020313,0.00020322,0.00020358,0.00020349,0.00020339999999999998,0.00020339999999999998,0.00020331],"unit":"A\/cm2"},"voc":{"unit":"V","value":1.091287},"isc":{"unit":"A","value":2.260876},"jsc":{"unit":"mA\/cm2","value":25.120848},"fill_factor":{"unit":"%","value":81.867876},"vmax":{"unit":"V","value":0.953},"efficiency":{"unit":"%","value":22.443295},"monitor_cell_reading":{"unit":"mV","value":0},"monitor_cell_calibration_value":{"unit":"mV","value":0},"test_device_area":{"unit":"cm2","value":0.09},"num_of_series_connected_stacks":{"unit":"","value":1},"sweep_direction":{"unit":"","value":"Reverse"},"device_id":{"unit":"","value":"9-4-r"},"cell_dimension":{"unit":"cm2","value":0.09},"key":"Reverse_IV 9-4"},{"V":{"value":[1.2,1.187,1.174,1.161,1.148,1.135,1.122,1.109,1.096,1.083,1.07,1.057,1.044,1.031,1.018,1.005,0.992,0.979,0.966,0.953,0.94,0.927,0.914,0.901,0.888,0.875,0.862,0.849,0.836,0.823,0.81,0.797,0.784,0.771,0.758,0.745,0.732,0.719,0.706,0.693,0.68,0.667,0.654,0.641,0.628,0.615,0.602,0.589,0.576,0.563,0.55,0.537,0.524,0.511,0.498,0.485,0.472,0.459,0.446,0.433,0.42,0.407,0.394,0.381,0.368,0.355,0.342,0.329,0.316,0.303,0.29,0.277,0.264,0.251,0.238,0.225,0.212,0.199,0.186,0.173,0.16,0.147,0.134,0.121,0.108,0.095,0.082,0.069,0.056,0.043,0.03,0.017,0.004,-0.009,-0.022,-0.035,-0.048,-0.061,-0.074,-0.087],"unit":"V"},"I":{"value":[-0.007621,-0.006517,-0.005467,-0.004469,-0.003527,-0.002645,-0.001836,-0.001099,-0.000445,0.000124,0.000606,0.000999,0.001311,0.001555,0.001739,0.001873,0.001969,0.002038,0.00209,0.002123,0.002147,0.002167,0.002178,0.002188,0.002195,0.0022,0.002205,0.002209,0.00221,0.002215,0.002217,0.002219,0.002221,0.002224,0.002225,0.002231,0.002229,0.00223,0.002231,0.00223,0.002231,0.002232,0.002235,0.002239,0.002238,0.002237,0.002236,0.002239,0.00224,0.002239,0.00224,0.002243,0.002241,0.002245,0.002243,0.002246,0.002245,0.002246,0.002248,0.002248,0.002248,0.002248,0.002248,0.002249,0.002251,0.002253,0.002252,0.002252,0.002252,0.002253,0.002253,0.002255,0.002257,0.002254,0.002257,0.002256,0.002258,0.002257,0.002258,0.002258,0.002261,0.002258,0.002259,0.002263,0.002258,0.00226,0.002261,0.002264,0.002262,0.002266,0.002262,0.002261,0.002263,0.002262,0.002265,0.002265,0.002266,0.002267,0.002266,0.002267],"unit":"A"},"J":{"value":[-0.00068589,-0.00058653,-0.00049203,-0.00040220999999999996,-0.00031743,-0.00023805,-0.00016523999999999998,-9.890999999999999e-5,-4.005e-5,1.116e-5,5.4539999999999996e-5,8.991000000000001e-5,0.00011799,0.00013995,0.00015651,0.00016857,0.00017720999999999997,0.00018341999999999998,0.0001881,0.00019106999999999997,0.00019323,0.00019503,0.00019601999999999998,0.00019691999999999998,0.00019754999999999998,0.00019800000000000002,0.00019845,0.00019881,0.0001989,0.00019935,0.00019952999999999998,0.00019971,0.00019988999999999999,0.00020015999999999998,0.00020025,0.00020078999999999998,0.00020061,0.0002007,0.00020078999999999998,0.0002007,0.00020078999999999998,0.00020088,0.00020114999999999998,0.00020151000000000001,0.00020141999999999998,0.00020132999999999997,0.00020124000000000002,0.00020151000000000001,0.00020159999999999997,0.00020151000000000001,0.00020159999999999997,0.00020187000000000002,0.00020168999999999997,0.00020205,0.00020187000000000002,0.00020214,0.00020205,0.00020214,0.00020232,0.00020232,0.00020232,0.00020232,0.00020232,0.00020241,0.00020259,0.00020276999999999998,0.00020268,0.00020268,0.00020268,0.00020276999999999998,0.00020276999999999998,0.00020295,0.00020313,0.00020286,0.00020313,0.00020304,0.00020322,0.00020313,0.00020322,0.00020322,0.00020349,0.00020322,0.00020331,0.00020366999999999998,0.00020322,0.00020339999999999998,0.00020349,0.00020376,0.00020358,0.00020393999999999998,0.00020358,0.00020349,0.00020366999999999998,0.00020358,0.00020385,0.00020385,0.00020393999999999998,0.00020402999999999998,0.00020393999999999998,0.00020402999999999998],"unit":"A\/cm2"},"voc":{"unit":"V","value":1.092706},"isc":{"unit":"A","value":2.262608},"jsc":{"unit":"mA\/cm2","value":25.140085},"fill_factor":{"unit":"%","value":81.823598},"vmax":{"unit":"V","value":0.953},"efficiency":{"unit":"%","value":22.47754},"monitor_cell_reading":{"unit":"mV","value":0},"monitor_cell_calibration_value":{"unit":"mV","value":0},"test_device_area":{"unit":"cm2","value":0.09},"num_of_series_connected_stacks":{"unit":"","value":1},"sweep_direction":{"unit":"","value":"Reverse"},"device_id":{"unit":"","value":"12-5-r"},"cell_dimension":{"unit":"cm2","value":0.09},"key":"Reverse_IV 12-5"},{"V":{"value":[1.2,1.187,1.174,1.161,1.148,1.135,1.122,1.109,1.096,1.083,1.07,1.057,1.044,1.031,1.018,1.005,0.992,0.979,0.966,0.953,0.94,0.927,0.914,0.901,0.888,0.875,0.862,0.849,0.836,0.823,0.81,0.797,0.784,0.771,0.758,0.745,0.732,0.719,0.706,0.693,0.68,0.667,0.654,0.641,0.628,0.615,0.602,0.589,0.576,0.563,0.55,0.537,0.524,0.511,0.498,0.485,0.472,0.459,0.446,0.433,0.42,0.407,0.394,0.381,0.368,0.355,0.342,0.329,0.316,0.303,0.29,0.277,0.264,0.251,0.238,0.225,0.212,0.199,0.186,0.173,0.16,0.147,0.134,0.121,0.108,0.095,0.082,0.069,0.056,0.043,0.03,0.017,0.004,-0.009,-0.022,-0.035,-0.048,-0.061,-0.074,-0.087],"unit":"V"},"I":{"value":[-0.009042,-0.007704,-0.006445,-0.005243,-0.004123,-0.003084,-0.002143,-0.0013,-0.000564,6.3e-5,0.00058,0.000995,0.001314,0.001559,0.001738,0.001867,0.00196,0.002025,0.002072,0.002105,0.002131,0.002149,0.002162,0.002172,0.002178,0.002183,0.00219,0.002193,0.002196,0.002194,0.002198,0.002201,0.0022,0.002204,0.002205,0.002208,0.002209,0.00221,0.002211,0.002212,0.002211,0.002211,0.002215,0.002215,0.002216,0.002214,0.002217,0.002218,0.002217,0.00222,0.002221,0.002221,0.002223,0.002222,0.002224,0.002223,0.002222,0.002223,0.002225,0.002224,0.002228,0.002228,0.002225,0.002231,0.002229,0.002231,0.002232,0.002233,0.00223,0.002229,0.002232,0.002232,0.002231,0.002235,0.002234,0.002232,0.002237,0.002235,0.002234,0.002236,0.002236,0.002236,0.002241,0.002238,0.002238,0.002241,0.00224,0.00224,0.002242,0.002241,0.00224,0.002241,0.00224,0.002239,0.002241,0.00224,0.002241,0.002242,0.002244,0.002241],"unit":"A"},"J":{"value":[-0.00081378,-0.00069336,-0.00058005,-0.00047187,-0.00037107,-0.00027756,-0.00019287,-0.00011699999999999998,-5.076e-5,5.67e-6,5.22e-5,8.955e-5,0.00011826,0.00014031,0.00015642,0.00016803,0.00017639999999999998,0.00018224999999999998,0.00018648,0.00018945,0.00019179,0.00019340999999999998,0.00019457999999999997,0.00019548,0.00019601999999999998,0.00019647,0.0001971,0.00019737,0.00019763999999999998,0.00019746000000000002,0.00019781999999999997,0.00019808999999999997,0.00019800000000000002,0.00019835999999999996,0.00019845,0.00019872,0.00019881,0.0001989,0.00019899,0.00019908,0.00019899,0.00019899,0.00019935,0.00019935,0.00019944,0.00019925999999999999,0.00019952999999999998,0.00019962,0.00019952999999999998,0.0001998,0.00019988999999999999,0.00019988999999999999,0.00020007,0.00019998,0.00020015999999999998,0.00020007,0.00019998,0.00020007,0.00020025,0.00020015999999999998,0.00020051999999999998,0.00020051999999999998,0.00020025,0.00020078999999999998,0.00020061,0.00020078999999999998,0.00020088,0.00020097,0.0002007,0.00020061,0.00020088,0.00020088,0.00020078999999999998,0.00020114999999999998,0.00020105999999999998,0.00020088,0.00020132999999999997,0.00020114999999999998,0.00020105999999999998,0.00020124000000000002,0.00020124000000000002,0.00020124000000000002,0.00020168999999999997,0.00020141999999999998,0.00020141999999999998,0.00020168999999999997,0.00020159999999999997,0.00020159999999999997,0.00020178,0.00020168999999999997,0.00020159999999999997,0.00020168999999999997,0.00020159999999999997,0.00020151000000000001,0.00020168999999999997,0.00020159999999999997,0.00020168999999999997,0.00020178,0.00020195999999999997,0.00020168999999999997],"unit":"A\/cm2"},"voc":{"unit":"V","value":1.090921},"isc":{"unit":"A","value":2.240384},"jsc":{"unit":"mA\/cm2","value":24.893161},"fill_factor":{"unit":"%","value":82.087016},"vmax":{"unit":"V","value":0.953},"efficiency":{"unit":"%","value":22.291943},"monitor_cell_reading":{"unit":"mV","value":0},"monitor_cell_calibration_value":{"unit":"mV","value":0},"test_device_area":{"unit":"cm2","value":0.09},"num_of_series_connected_stacks":{"unit":"","value":1},"sweep_direction":{"unit":"","value":"Reverse"},"device_id":{"unit":"","value":"12-3-r"},"cell_dimension":{"unit":"cm2","value":0.09},"key":"Reverse_IV 12-3"},{"V":{"value":[1.2,1.187,1.174,1.161,1.148,1.135,1.122,1.109,1.096,1.083,1.07,1.057,1.044,1.031,1.018,1.005,0.992,0.979,0.966,0.953,0.94,0.927,0.914,0.901,0.888,0.875,0.862,0.849,0.836,0.823,0.81,0.797,0.784,0.771,0.758,0.745,0.732,0.719,0.706,0.693,0.68,0.667,0.654,0.641,0.628,0.615,0.602,0.589,0.576,0.563,0.55,0.537,0.524,0.511,0.498,0.485,0.472,0.459,0.446,0.433,0.42,0.407,0.394,0.381,0.368,0.355,0.342,0.329,0.316,0.303,0.29,0.277,0.264,0.251,0.238,0.225,0.212,0.199,0.186,0.173,0.16,0.147,0.134,0.121,0.108,0.095,0.082,0.069,0.056,0.043,0.03,0.017,0.004,-0.009,-0.022,-0.035,-0.048,-0.061,-0.074,-0.087],"unit":"V"},"I":{"value":[-0.008809,-0.007562,-0.006374,-0.005238,-0.004176,-0.003183,-0.002273,-0.001446,-0.000713,-7.9e-5,0.000458,0.000898,0.00124,0.001509,0.001707,0.001847,0.001957,0.002028,0.002079,0.002118,0.002144,0.002164,0.002176,0.002182,0.002192,0.002195,0.002199,0.002204,0.00221,0.002213,0.002216,0.002216,0.002215,0.002217,0.002219,0.00222,0.002221,0.002221,0.002223,0.002225,0.002226,0.002227,0.002228,0.002225,0.002226,0.002226,0.002226,0.002229,0.002231,0.00223,0.002232,0.002231,0.002233,0.002231,0.002235,0.002234,0.002232,0.002234,0.002237,0.002237,0.002236,0.002238,0.002239,0.002238,0.002239,0.00224,0.00224,0.002238,0.002242,0.002242,0.002245,0.002243,0.002246,0.002246,0.002247,0.002246,0.002247,0.002246,0.002246,0.002245,0.002246,0.002249,0.002248,0.002247,0.002249,0.002244,0.002248,0.002249,0.00225,0.00225,0.00225,0.002252,0.002254,0.002252,0.002252,0.002252,0.002253,0.002251,0.002255,0.002255],"unit":"A"},"J":{"value":[-0.00079281,-0.00068058,-0.00057366,-0.00047141999999999996,-0.00037584,-0.00028647,-0.00020456999999999997,-0.00013014,-6.416999999999999e-5,-7.11e-6,4.122e-5,8.082e-5,0.0001116,0.00013581,0.00015363,0.00016622999999999999,0.00017612999999999998,0.00018251999999999998,0.00018711000000000002,0.00019062,0.00019296,0.00019476,0.00019584,0.00019638,0.00019727999999999998,0.00019754999999999998,0.00019790999999999998,0.00019835999999999996,0.0001989,0.00019917,0.00019944,0.00019944,0.00019935,0.00019952999999999998,0.00019971,0.0001998,0.00019988999999999999,0.00019988999999999999,0.00020007,0.00020025,0.00020034,0.00020042999999999998,0.00020051999999999998,0.00020025,0.00020034,0.00020034,0.00020034,0.00020061,0.00020078999999999998,0.0002007,0.00020088,0.00020078999999999998,0.00020097,0.00020078999999999998,0.00020114999999999998,0.00020105999999999998,0.00020088,0.00020105999999999998,0.00020132999999999997,0.00020132999999999997,0.00020124000000000002,0.00020141999999999998,0.00020151000000000001,0.00020141999999999998,0.00020151000000000001,0.00020159999999999997,0.00020159999999999997,0.00020141999999999998,0.00020178,0.00020178,0.00020205,0.00020187000000000002,0.00020214,0.00020214,0.00020223,0.00020214,0.00020223,0.00020214,0.00020214,0.00020205,0.00020214,0.00020241,0.00020232,0.00020223,0.00020241,0.00020195999999999997,0.00020232,0.00020241,0.0002025,0.0002025,0.0002025,0.00020268,0.00020286,0.00020268,0.00020268,0.00020268,0.00020276999999999998,0.00020259,0.00020295,0.00020295],"unit":"A\/cm2"},"voc":{"unit":"V","value":1.08564},"isc":{"unit":"A","value":2.254241},"jsc":{"unit":"mA\/cm2","value":25.047124},"fill_factor":{"unit":"%","value":82.480206},"vmax":{"unit":"V","value":0.953},"efficiency":{"unit":"%","value":22.428143},"monitor_cell_reading":{"unit":"mV","value":0},"monitor_cell_calibration_value":{"unit":"mV","value":0},"test_device_area":{"unit":"cm2","value":0.09},"num_of_series_connected_stacks":{"unit":"","value":1},"sweep_direction":{"unit":"","value":"Reverse"},"device_id":{"unit":"","value":"12-2-r"},"cell_dimension":{"unit":"cm2","value":0.09},"key":"Reverse_IV 12-2"},{"V":{"value":[1.2,1.187,1.174,1.161,1.148,1.135,1.122,1.109,1.096,1.083,1.07,1.057,1.044,1.031,1.018,1.005,0.992,0.979,0.966,0.953,0.94,0.927,0.914,0.901,0.888,0.875,0.862,0.849,0.836,0.823,0.81,0.797,0.784,0.771,0.758,0.745,0.732,0.719,0.706,0.693,0.68,0.667,0.654,0.641,0.628,0.615,0.602,0.589,0.576,0.563,0.55,0.537,0.524,0.511,0.498,0.485,0.472,0.459,0.446,0.433,0.42,0.407,0.394,0.381,0.368,0.355,0.342,0.329,0.316,0.303,0.29,0.277,0.264,0.251,0.238,0.225,0.212,0.199,0.186,0.173,0.16,0.147,0.134,0.121,0.108,0.095,0.082,0.069,0.056,0.043,0.03,0.017,0.004,-0.009,-0.022,-0.035,-0.048,-0.061,-0.074,-0.087],"unit":"V"},"I":{"value":[-0.008588,-0.00734,-0.006162,-0.00504,-0.003989,-0.00301,-0.002116,-0.001309,-0.000599,1.0e-5,0.000523,0.000941,0.001263,0.001517,0.001708,0.001849,0.001951,0.002024,0.002076,0.002117,0.002144,0.002163,0.002177,0.00219,0.002197,0.002206,0.002209,0.002217,0.00222,0.00222,0.002224,0.002225,0.002229,0.002231,0.002233,0.002233,0.002235,0.002237,0.00224,0.00224,0.002244,0.00224,0.002243,0.002246,0.002246,0.002248,0.002249,0.002249,0.002247,0.002247,0.00225,0.00225,0.00225,0.002249,0.002251,0.002251,0.002251,0.002254,0.002256,0.002259,0.002256,0.002258,0.002256,0.002257,0.002256,0.002257,0.002257,0.002258,0.002257,0.002258,0.002256,0.002255,0.002262,0.002262,0.002264,0.002263,0.002264,0.002264,0.002263,0.002262,0.002263,0.002263,0.002265,0.002264,0.002263,0.002261,0.002264,0.002266,0.002268,0.002264,0.002267,0.002264,0.002266,0.002267,0.002268,0.002267,0.002271,0.002268,0.002271,0.002272],"unit":"A"},"J":{"value":[-0.00077292,-0.0006606,-0.0005545799999999999,-0.0004536,-0.00035901,-0.00027089999999999997,-0.00019043999999999997,-0.00011781,-5.3910000000000004e-5,9.000000000000001e-7,4.707e-5,8.468999999999999e-5,0.00011367,0.00013653,0.00015372,0.00016641,0.00017559,0.00018216,0.00018684000000000002,0.00019052999999999998,0.00019296,0.00019467,0.00019593,0.0001971,0.00019773000000000002,0.00019854,0.00019881,0.00019952999999999998,0.0001998,0.0001998,0.00020015999999999998,0.00020025,0.00020061,0.00020078999999999998,0.00020097,0.00020097,0.00020114999999999998,0.00020132999999999997,0.00020159999999999997,0.00020159999999999997,0.00020195999999999997,0.00020159999999999997,0.00020187000000000002,0.00020214,0.00020214,0.00020232,0.00020241,0.00020241,0.00020223,0.00020223,0.0002025,0.0002025,0.0002025,0.00020241,0.00020259,0.00020259,0.00020259,0.00020286,0.00020304,0.00020331,0.00020304,0.00020322,0.00020304,0.00020313,0.00020304,0.00020313,0.00020313,0.00020322,0.00020313,0.00020322,0.00020304,0.00020295,0.00020358,0.00020358,0.00020376,0.00020366999999999998,0.00020376,0.00020376,0.00020366999999999998,0.00020358,0.00020366999999999998,0.00020366999999999998,0.00020385,0.00020376,0.00020366999999999998,0.00020349,0.00020376,0.00020393999999999998,0.00020412,0.00020376,0.00020402999999999998,0.00020376,0.00020393999999999998,0.00020402999999999998,0.00020412,0.00020402999999999998,0.00020438999999999999,0.00020412,0.00020438999999999999,0.00020448],"unit":"A\/cm2"},"voc":{"unit":"V","value":1.088763},"isc":{"unit":"A","value":2.26563},"jsc":{"unit":"mA\/cm2","value":25.173665},"fill_factor":{"unit":"%","value":81.792002},"vmax":{"unit":"V","value":0.953},"efficiency":{"unit":"%","value":22.417674},"monitor_cell_reading":{"unit":"mV","value":0},"monitor_cell_calibration_value":{"unit":"mV","value":0},"test_device_area":{"unit":"cm2","value":0.09},"num_of_series_connected_stacks":{"unit":"","value":1},"sweep_direction":{"unit":"","value":"Reverse"},"device_id":{"unit":"","value":"11-4-r"},"cell_dimension":{"unit":"cm2","value":0.09},"key":"Reverse_IV 11-4"},{"V":{"value":[1.2,1.187,1.174,1.161,1.148,1.135,1.122,1.109,1.096,1.083,1.07,1.057,1.044,1.031,1.018,1.005,0.992,0.979,0.966,0.953,0.94,0.927,0.914,0.901,0.888,0.875,0.862,0.849,0.836,0.823,0.81,0.797,0.784,0.771,0.758,0.745,0.732,0.719,0.706,0.693,0.68,0.667,0.654,0.641,0.628,0.615,0.602,0.589,0.576,0.563,0.55,0.537,0.524,0.511,0.498,0.485,0.472,0.459,0.446,0.433,0.42,0.407,0.394,0.381,0.368,0.355,0.342,0.329,0.316,0.303,0.29,0.277,0.264,0.251,0.238,0.225,0.212,0.199,0.186,0.173,0.16,0.147,0.134,0.121,0.108,0.095,0.082,0.069,0.056,0.043,0.03,0.017,0.004,-0.009,-0.022,-0.035,-0.048,-0.061,-0.074,-0.087],"unit":"V"},"I":{"value":[-0.009297,-0.00798,-0.006724,-0.005536,-0.00442,-0.003383,-0.002434,-0.001576,-0.00082,-0.000171,0.000376,0.000817,0.001162,0.001435,0.001634,0.001787,0.001896,0.001974,0.002032,0.002076,0.002106,0.002129,0.002144,0.002159,0.002168,0.002175,0.002179,0.002182,0.002189,0.002191,0.002193,0.0022,0.002199,0.002201,0.002198,0.002204,0.002205,0.002208,0.002209,0.002208,0.002207,0.002212,0.002211,0.002212,0.002214,0.002214,0.002216,0.002216,0.002218,0.002218,0.002217,0.002219,0.002219,0.002218,0.002222,0.002223,0.002223,0.002223,0.002225,0.002226,0.002225,0.002226,0.002227,0.002225,0.002227,0.002227,0.002223,0.002226,0.002226,0.00223,0.002232,0.002231,0.002231,0.002234,0.002232,0.002234,0.002235,0.002235,0.002234,0.002236,0.002236,0.002238,0.002238,0.002238,0.002238,0.002234,0.002236,0.002239,0.00224,0.00224,0.002242,0.002239,0.002239,0.002236,0.00224,0.00224,0.002241,0.002241,0.002242,0.002243],"unit":"A"},"J":{"value":[-0.0008367299999999999,-0.0007181999999999999,-0.00060516,-0.00049824,-0.0003978,-0.00030447,-0.00021905999999999998,-0.00014183999999999998,-7.379999999999999e-5,-1.539e-5,3.3839999999999994e-5,7.353e-5,0.00010458,0.00012915,0.00014706,0.00016083,0.00017063999999999998,0.00017766,0.00018287999999999998,0.00018684000000000002,0.00018953999999999998,0.00019160999999999996,0.00019296,0.00019430999999999997,0.00019511999999999996,0.00019575,0.00019611,0.00019638,0.00019700999999999999,0.00019718999999999997,0.00019737,0.00019800000000000002,0.00019790999999999998,0.00019808999999999997,0.00019781999999999997,0.00019835999999999996,0.00019845,0.00019872,0.00019881,0.00019872,0.00019863000000000001,0.00019908,0.00019899,0.00019908,0.00019925999999999999,0.00019925999999999999,0.00019944,0.00019944,0.00019962,0.00019962,0.00019952999999999998,0.00019971,0.00019971,0.00019962,0.00019998,0.00020007,0.00020007,0.00020007,0.00020025,0.00020034,0.00020025,0.00020034,0.00020042999999999998,0.00020025,0.00020042999999999998,0.00020042999999999998,0.00020007,0.00020034,0.00020034,0.0002007,0.00020088,0.00020078999999999998,0.00020078999999999998,0.00020105999999999998,0.00020088,0.00020105999999999998,0.00020114999999999998,0.00020114999999999998,0.00020105999999999998,0.00020124000000000002,0.00020124000000000002,0.00020141999999999998,0.00020141999999999998,0.00020141999999999998,0.00020141999999999998,0.00020105999999999998,0.00020124000000000002,0.00020151000000000001,0.00020159999999999997,0.00020159999999999997,0.00020178,0.00020151000000000001,0.00020151000000000001,0.00020124000000000002,0.00020159999999999997,0.00020159999999999997,0.00020168999999999997,0.00020168999999999997,0.00020178,0.00020187000000000002],"unit":"A\/cm2"},"voc":{"unit":"V","value":1.082835},"isc":{"unit":"A","value":2.2391},"jsc":{"unit":"mA\/cm2","value":24.878893},"fill_factor":{"unit":"%","value":81.639231},"vmax":{"unit":"V","value":0.94},"efficiency":{"unit":"%","value":21.9934},"monitor_cell_reading":{"unit":"mV","value":0},"monitor_cell_calibration_value":{"unit":"mV","value":0},"test_device_area":{"unit":"cm2","value":0.09},"num_of_series_connected_stacks":{"unit":"","value":1},"sweep_direction":{"unit":"","value":"Reverse"},"device_id":{"unit":"","value":"11-3-r"},"cell_dimension":{"unit":"cm2","value":0.09},"key":"Reverse_IV 11-3"},{"V":{"value":[1.2,1.187,1.174,1.161,1.148,1.135,1.122,1.109,1.096,1.083,1.07,1.057,1.044,1.031,1.018,1.005,0.992,0.979,0.966,0.953,0.94,0.927,0.914,0.901,0.888,0.875,0.862,0.849,0.836,0.823,0.81,0.797,0.784,0.771,0.758,0.745,0.732,0.719,0.706,0.693,0.68,0.667,0.654,0.641,0.628,0.615,0.602,0.589,0.576,0.563,0.55,0.537,0.524,0.511,0.498,0.485,0.472,0.459,0.446,0.433,0.42,0.407,0.394,0.381,0.368,0.355,0.342,0.329,0.316,0.303,0.29,0.277,0.264,0.251,0.238,0.225,0.212,0.199,0.186,0.173,0.16,0.147,0.134,0.121,0.108,0.095,0.082,0.069,0.056,0.043,0.03,0.017,0.004,-0.009,-0.022,-0.035,-0.048,-0.061,-0.074,-0.087],"unit":"V"},"I":{"value":[-0.007766,-0.006675,-0.005631,-0.004631,-0.003692,-0.002811,-0.001995,-0.00125,-0.000584,-4.0e-6,0.000493,0.000904,0.001229,0.001487,0.00168,0.001823,0.001924,0.001997,0.002052,0.002091,0.002118,0.002136,0.002149,0.00216,0.002171,0.002177,0.002181,0.002186,0.002187,0.002193,0.002193,0.002195,0.002197,0.002197,0.002199,0.002202,0.002204,0.002207,0.002207,0.002207,0.002205,0.002207,0.002212,0.002212,0.002211,0.002214,0.002214,0.002215,0.002218,0.002217,0.002217,0.002218,0.002218,0.00222,0.002222,0.002222,0.002223,0.002222,0.002224,0.002224,0.002221,0.002222,0.002222,0.002225,0.002225,0.002225,0.002227,0.002225,0.002227,0.002228,0.002227,0.002231,0.002231,0.002229,0.002232,0.002231,0.002232,0.002232,0.002234,0.002234,0.002235,0.002233,0.002236,0.002237,0.002237,0.002238,0.00224,0.002238,0.002237,0.002236,0.002237,0.002239,0.002239,0.002242,0.002239,0.002241,0.002241,0.002241,0.002242,0.002241],"unit":"A"},"J":{"value":[-0.00069894,-0.00060075,-0.0005067899999999999,-0.00041678999999999994,-0.00033228,-0.00025299000000000003,-0.00017954999999999997,-0.0001125,-5.256e-5,-3.6e-7,4.437e-5,8.136e-5,0.00011061,0.00013383,0.0001512,0.00016407,0.00017315999999999998,0.00017973,0.00018468,0.00018819,0.00019062,0.00019224,0.00019340999999999998,0.00019439999999999998,0.00019539,0.00019593,0.00019629,0.00019674,0.00019683,0.00019737,0.00019737,0.00019754999999999998,0.00019773000000000002,0.00019773000000000002,0.00019790999999999998,0.00019817999999999998,0.00019835999999999996,0.00019863000000000001,0.00019863000000000001,0.00019863000000000001,0.00019845,0.00019863000000000001,0.00019908,0.00019908,0.00019899,0.00019925999999999999,0.00019925999999999999,0.00019935,0.00019962,0.00019952999999999998,0.00019952999999999998,0.00019962,0.00019962,0.0001998,0.00019998,0.00019998,0.00020007,0.00019998,0.00020015999999999998,0.00020015999999999998,0.00019988999999999999,0.00019998,0.00019998,0.00020025,0.00020025,0.00020025,0.00020042999999999998,0.00020025,0.00020042999999999998,0.00020051999999999998,0.00020042999999999998,0.00020078999999999998,0.00020078999999999998,0.00020061,0.00020088,0.00020078999999999998,0.00020088,0.00020088,0.00020105999999999998,0.00020105999999999998,0.00020114999999999998,0.00020097,0.00020124000000000002,0.00020132999999999997,0.00020132999999999997,0.00020141999999999998,0.00020159999999999997,0.00020141999999999998,0.00020132999999999997,0.00020124000000000002,0.00020132999999999997,0.00020151000000000001,0.00020151000000000001,0.00020178,0.00020151000000000001,0.00020168999999999997,0.00020168999999999997,0.00020168999999999997,0.00020178,0.00020168999999999997],"unit":"A\/cm2"},"voc":{"unit":"V","value":1.087754},"isc":{"unit":"A","value":2.238582},"jsc":{"unit":"mA\/cm2","value":24.873132},"fill_factor":{"unit":"%","value":81.83404},"vmax":{"unit":"V","value":0.953},"efficiency":{"unit":"%","value":22.140904},"monitor_cell_reading":{"unit":"mV","value":0},"monitor_cell_calibration_value":{"unit":"mV","value":0},"test_device_area":{"unit":"cm2","value":0.09},"num_of_series_connected_stacks":{"unit":"","value":1},"sweep_direction":{"unit":"","value":"Reverse"},"device_id":{"unit":"","value":"10-5-r"},"cell_dimension":{"unit":"cm2","value":0.09},"key":"Reverse_IV 10-5"},{"V":{"value":[1.2,1.187,1.174,1.161,1.148,1.135,1.122,1.109,1.096,1.083,1.07,1.057,1.044,1.031,1.018,1.005,0.992,0.979,0.966,0.953,0.94,0.927,0.914,0.901,0.888,0.875,0.862,0.849,0.836,0.823,0.81,0.797,0.784,0.771,0.758,0.745,0.732,0.719,0.706,0.693,0.68,0.667,0.654,0.641,0.628,0.615,0.602,0.589,0.576,0.563,0.55,0.537,0.524,0.511,0.498,0.485,0.472,0.459,0.446,0.433,0.42,0.407,0.394,0.381,0.368,0.355,0.342,0.329,0.316,0.303,0.29,0.277,0.264,0.251,0.238,0.225,0.212,0.199,0.186,0.173,0.16,0.147,0.134,0.121,0.108,0.095,0.082,0.069,0.056,0.043,0.03,0.017,0.004,-0.009,-0.022,-0.035,-0.048,-0.061,-0.074,-0.087],"unit":"V"},"I":{"value":[-0.008893,-0.007602,-0.006381,-0.005223,-0.004137,-0.003131,-0.002211,-0.001384,-0.00066,-3.8e-5,0.000481,0.000905,0.001228,0.001481,0.001669,0.001806,0.001904,0.001977,0.002028,0.002061,0.002092,0.002112,0.002129,0.00214,0.00215,0.002158,0.002166,0.002168,0.002175,0.002177,0.00218,0.002183,0.002188,0.002191,0.002193,0.002196,0.002196,0.002197,0.0022,0.0022,0.002201,0.002206,0.002207,0.002208,0.002211,0.002213,0.002214,0.002215,0.002216,0.002215,0.002216,0.002218,0.002219,0.00222,0.002221,0.002221,0.002224,0.002224,0.002223,0.002224,0.002225,0.002225,0.002226,0.002229,0.002228,0.002229,0.002231,0.00223,0.002231,0.002231,0.002231,0.002234,0.002236,0.002236,0.002236,0.002236,0.002237,0.002236,0.00224,0.002239,0.00224,0.002242,0.002239,0.002241,0.002241,0.002243,0.002244,0.002244,0.002244,0.002245,0.002242,0.002245,0.002246,0.002247,0.002247,0.002248,0.002249,0.002251,0.002251,0.002251],"unit":"A"},"J":{"value":[-0.00080037,-0.0006841799999999999,-0.00057429,-0.00047007,-0.00037233,-0.00028179,-0.00019899,-0.00012456,-5.94e-5,-3.42e-6,4.3289999999999994e-5,8.145e-5,0.00011051999999999999,0.00013329,0.00015021,0.00016254,0.00017136,0.00017793,0.00018251999999999998,0.00018549,0.00018828,0.00019008,0.00019160999999999996,0.0001926,0.0001935,0.00019422000000000002,0.00019494,0.00019511999999999996,0.00019575,0.00019593,0.0001962,0.00019647,0.00019691999999999998,0.00019718999999999997,0.00019737,0.00019763999999999998,0.00019763999999999998,0.00019773000000000002,0.00019800000000000002,0.00019800000000000002,0.00019808999999999997,0.00019854,0.00019863000000000001,0.00019872,0.00019899,0.00019917,0.00019925999999999999,0.00019935,0.00019944,0.00019935,0.00019944,0.00019962,0.00019971,0.0001998,0.00019988999999999999,0.00019988999999999999,0.00020015999999999998,0.00020015999999999998,0.00020007,0.00020015999999999998,0.00020025,0.00020025,0.00020034,0.00020061,0.00020051999999999998,0.00020061,0.00020078999999999998,0.0002007,0.00020078999999999998,0.00020078999999999998,0.00020078999999999998,0.00020105999999999998,0.00020124000000000002,0.00020124000000000002,0.00020124000000000002,0.00020124000000000002,0.00020132999999999997,0.00020124000000000002,0.00020159999999999997,0.00020151000000000001,0.00020159999999999997,0.00020178,0.00020151000000000001,0.00020168999999999997,0.00020168999999999997,0.00020187000000000002,0.00020195999999999997,0.00020195999999999997,0.00020195999999999997,0.00020205,0.00020178,0.00020205,0.00020214,0.00020223,0.00020223,0.00020232,0.00020241,0.00020259,0.00020259,0.00020259],"unit":"A\/cm2"},"voc":{"unit":"V","value":1.087153},"isc":{"unit":"A","value":2.246185},"jsc":{"unit":"mA\/cm2","value":24.957613},"fill_factor":{"unit":"%","value":80.530172},"vmax":{"unit":"V","value":0.94},"efficiency":{"unit":"%","value":21.850046},"monitor_cell_reading":{"unit":"mV","value":0},"monitor_cell_calibration_value":{"unit":"mV","value":0},"test_device_area":{"unit":"cm2","value":0.09},"num_of_series_connected_stacks":{"unit":"","value":1},"sweep_direction":{"unit":"","value":"Reverse"},"device_id":{"unit":"","value":"10-4-r"},"cell_dimension":{"unit":"cm2","value":0.09},"key":"Reverse_IV 10-4"},{"V":{"value":[1.2,1.187,1.174,1.161,1.148,1.135,1.122,1.109,1.096,1.083,1.07,1.057,1.044,1.031,1.018,1.005,0.992,0.979,0.966,0.953,0.94,0.927,0.914,0.901,0.888,0.875,0.862,0.849,0.836,0.823,0.81,0.797,0.784,0.771,0.758,0.745,0.732,0.719,0.706,0.693,0.68,0.667,0.654,0.641,0.628,0.615,0.602,0.589,0.576,0.563,0.55,0.537,0.524,0.511,0.498,0.485,0.472,0.459,0.446,0.433,0.42,0.407,0.394,0.381,0.368,0.355,0.342,0.329,0.316,0.303,0.29,0.277,0.264,0.251,0.238,0.225,0.212,0.199,0.186,0.173,0.16,0.147,0.134,0.121,0.108,0.095,0.082,0.069,0.056,0.043,0.03,0.017,0.004,-0.009,-0.022,-0.035,-0.048,-0.061,-0.074,-0.087],"unit":"V"},"I":{"value":[-0.00898,-0.007616,-0.006338,-0.005128,-0.004,-0.002963,-0.002021,-0.001184,-0.00046,0.000157,0.00066,0.001046,0.001358,0.00159,0.001757,0.001879,0.001966,0.002027,0.002072,0.002102,0.002126,0.00214,0.002154,0.002166,0.002171,0.002178,0.002182,0.002187,0.00219,0.002188,0.002193,0.002194,0.002196,0.002198,0.002197,0.002198,0.0022,0.002201,0.002204,0.002203,0.002205,0.002209,0.002206,0.002209,0.002209,0.00221,0.002212,0.002211,0.00221,0.00221,0.00221,0.002212,0.002212,0.002216,0.002214,0.002215,0.002216,0.002215,0.002217,0.002216,0.002216,0.002218,0.002217,0.002218,0.00222,0.002221,0.002222,0.002223,0.00222,0.002222,0.002222,0.002224,0.002224,0.002225,0.002226,0.002224,0.002221,0.002225,0.002225,0.002225,0.002224,0.002226,0.00223,0.002229,0.002227,0.002225,0.002228,0.002229,0.002228,0.002229,0.002232,0.002229,0.002227,0.002229,0.002228,0.002229,0.00223,0.002227,0.00223,0.002232],"unit":"A"},"J":{"value":[-0.0008082,-0.00068544,-0.00057042,-0.00046152,-0.00035999999999999997,-0.00026667,-0.00018188999999999998,-0.00010656,-4.14e-5,1.4129999999999999e-5,5.94e-5,9.414e-5,0.00012222,0.0001431,0.00015813,0.00016910999999999999,0.00017693999999999997,0.00018243,0.00018648,0.00018918,0.00019133999999999997,0.0001926,0.00019386,0.00019494,0.00019539,0.00019601999999999998,0.00019638,0.00019683,0.0001971,0.00019691999999999998,0.00019737,0.00019746000000000002,0.00019763999999999998,0.00019781999999999997,0.00019773000000000002,0.00019781999999999997,0.00019800000000000002,0.00019808999999999997,0.00019835999999999996,0.00019827,0.00019845,0.00019881,0.00019854,0.00019881,0.00019881,0.0001989,0.00019908,0.00019899,0.0001989,0.0001989,0.0001989,0.00019908,0.00019908,0.00019944,0.00019925999999999999,0.00019935,0.00019944,0.00019935,0.00019952999999999998,0.00019944,0.00019944,0.00019962,0.00019952999999999998,0.00019962,0.0001998,0.00019988999999999999,0.00019998,0.00020007,0.0001998,0.00019998,0.00019998,0.00020015999999999998,0.00020015999999999998,0.00020025,0.00020034,0.00020015999999999998,0.00019988999999999999,0.00020025,0.00020025,0.00020025,0.00020015999999999998,0.00020034,0.0002007,0.00020061,0.00020042999999999998,0.00020025,0.00020051999999999998,0.00020061,0.00020051999999999998,0.00020061,0.00020088,0.00020061,0.00020042999999999998,0.00020061,0.00020051999999999998,0.00020061,0.0002007,0.00020042999999999998,0.0002007,0.00020088],"unit":"A\/cm2"},"voc":{"unit":"V","value":1.09488},"isc":{"unit":"A","value":2.226536},"jsc":{"unit":"mA\/cm2","value":24.739286},"fill_factor":{"unit":"%","value":82.181921},"vmax":{"unit":"V","value":0.953},"efficiency":{"unit":"%","value":22.26024},"monitor_cell_reading":{"unit":"mV","value":0},"monitor_cell_calibration_value":{"unit":"mV","value":0},"test_device_area":{"unit":"cm2","value":0.09},"num_of_series_connected_stacks":{"unit":"","value":1},"sweep_direction":{"unit":"","value":"Reverse"},"device_id":{"unit":"","value":"10-3-r"},"cell_dimension":{"unit":"cm2","value":0.09},"key":"Reverse_IV 10-3"},{"V":{"value":[1.2,1.187,1.174,1.161,1.148,1.135,1.122,1.109,1.096,1.083,1.07,1.057,1.044,1.031,1.018,1.005,0.992,0.979,0.966,0.953,0.94,0.927,0.914,0.901,0.888,0.875,0.862,0.849,0.836,0.823,0.81,0.797,0.784,0.771,0.758,0.745,0.732,0.719,0.706,0.693,0.68,0.667,0.654,0.641,0.628,0.615,0.602,0.589,0.576,0.563,0.55,0.537,0.524,0.511,0.498,0.485,0.472,0.459,0.446,0.433,0.42,0.407,0.394,0.381,0.368,0.355,0.342,0.329,0.316,0.303,0.29,0.277,0.264,0.251,0.238,0.225,0.212,0.199,0.186,0.173,0.16,0.147,0.134,0.121,0.108,0.095,0.082,0.069,0.056,0.043,0.03,0.017,0.004,-0.009,-0.022,-0.035,-0.048,-0.061,-0.074,-0.087],"unit":"V"},"I":{"value":[-0.007924,-0.006788,-0.005708,-0.004681,-0.003715,-0.002807,-0.001973,-0.001214,-0.000543,4.3e-5,0.000538,0.000948,0.001265,0.001521,0.001708,0.001847,0.001945,0.002017,0.002067,0.002105,0.002134,0.002152,0.002168,0.002177,0.002184,0.00219,0.002196,0.002201,0.002202,0.002206,0.002208,0.002209,0.002213,0.002212,0.002214,0.002215,0.002217,0.002219,0.00222,0.00222,0.002223,0.002222,0.002221,0.002222,0.002225,0.002224,0.002227,0.002224,0.002226,0.002227,0.002228,0.002229,0.002229,0.002229,0.002228,0.002227,0.00223,0.002229,0.002231,0.002234,0.002233,0.002235,0.002234,0.002234,0.002234,0.002236,0.002236,0.002237,0.002237,0.002235,0.002238,0.002237,0.002236,0.002237,0.002236,0.002239,0.002239,0.002238,0.002239,0.002242,0.002239,0.002237,0.002241,0.002238,0.002239,0.00224,0.00224,0.002241,0.002241,0.002244,0.002242,0.002242,0.002242,0.002244,0.002242,0.002245,0.002244,0.002245,0.002245,0.002244],"unit":"A"},"J":{"value":[-0.00071316,-0.0006109199999999999,-0.0005137200000000001,-0.00042129,-0.00033434999999999997,-0.00025263,-0.00017757,-0.00010926,-4.887e-5,3.87e-6,4.8419999999999994e-5,8.531999999999999e-5,0.00011385,0.00013689,0.00015372,0.00016622999999999999,0.00017504999999999997,0.00018153,0.00018602999999999998,0.00018945,0.00019206,0.00019367999999999998,0.00019511999999999996,0.00019593,0.00019656,0.0001971,0.00019763999999999998,0.00019808999999999997,0.00019817999999999998,0.00019854,0.00019872,0.00019881,0.00019917,0.00019908,0.00019925999999999999,0.00019935,0.00019952999999999998,0.00019971,0.0001998,0.0001998,0.00020007,0.00019998,0.00019988999999999999,0.00019998,0.00020025,0.00020015999999999998,0.00020042999999999998,0.00020015999999999998,0.00020034,0.00020042999999999998,0.00020051999999999998,0.00020061,0.00020061,0.00020061,0.00020051999999999998,0.00020042999999999998,0.0002007,0.00020061,0.00020078999999999998,0.00020105999999999998,0.00020097,0.00020114999999999998,0.00020105999999999998,0.00020105999999999998,0.00020105999999999998,0.00020124000000000002,0.00020124000000000002,0.00020132999999999997,0.00020132999999999997,0.00020114999999999998,0.00020141999999999998,0.00020132999999999997,0.00020124000000000002,0.00020132999999999997,0.00020124000000000002,0.00020151000000000001,0.00020151000000000001,0.00020141999999999998,0.00020151000000000001,0.00020178,0.00020151000000000001,0.00020132999999999997,0.00020168999999999997,0.00020141999999999998,0.00020151000000000001,0.00020159999999999997,0.00020159999999999997,0.00020168999999999997,0.00020168999999999997,0.00020195999999999997,0.00020178,0.00020178,0.00020178,0.00020195999999999997,0.00020178,0.00020205,0.00020195999999999997,0.00020205,0.00020205,0.00020195999999999997],"unit":"A\/cm2"},"voc":{"unit":"V","value":1.08958},"isc":{"unit":"A","value":2.242423},"jsc":{"unit":"mA\/cm2","value":24.915815},"fill_factor":{"unit":"%","value":82.1226},"vmax":{"unit":"V","value":0.953},"efficiency":{"unit":"%","value":22.29446},"monitor_cell_reading":{"unit":"mV","value":0},"monitor_cell_calibration_value":{"unit":"mV","value":0},"test_device_area":{"unit":"cm2","value":0.09},"num_of_series_connected_stacks":{"unit":"","value":1},"sweep_direction":{"unit":"","value":"Reverse"},"device_id":{"unit":"","value":"10-2-r"},"cell_dimension":{"unit":"cm2","value":0.09},"key":"Reverse_IV 10-2"},{"V":{"value":[1.2,1.187,1.174,1.161,1.148,1.135,1.122,1.109,1.096,1.083,1.07,1.057,1.044,1.031,1.018,1.005,0.992,0.979,0.966,0.953,0.94,0.927,0.914,0.901,0.888,0.875,0.862,0.849,0.836,0.823,0.81,0.797,0.784,0.771,0.758,0.745,0.732,0.719,0.706,0.693,0.68,0.667,0.654,0.641,0.628,0.615,0.602,0.589,0.576,0.563,0.55,0.537,0.524,0.511,0.498,0.485,0.472,0.459,0.446,0.433,0.42,0.407,0.394,0.381,0.368,0.355,0.342,0.329,0.316,0.303,0.29,0.277,0.264,0.251,0.238,0.225,0.212,0.199,0.186,0.173,0.16,0.147,0.134,0.121,0.108,0.095,0.082,0.069,0.056,0.043,0.03,0.017,0.004,-0.009,-0.022,-0.035,-0.048,-0.061,-0.074,-0.087],"unit":"V"},"I":{"value":[-0.008357,-0.007237,-0.006165,-0.005145,-0.004176,-0.003262,-0.002411,-0.00163,-0.000923,-0.000296,0.000246,0.0007,0.001064,0.001357,0.00158,0.001746,0.001863,0.001952,0.002012,0.002055,0.002087,0.002107,0.002125,0.002135,0.002145,0.002151,0.002155,0.002161,0.002163,0.002167,0.002171,0.002173,0.002175,0.002176,0.00218,0.002181,0.00218,0.002183,0.002184,0.002184,0.002185,0.002186,0.002186,0.002188,0.002187,0.002187,0.00219,0.00219,0.002191,0.002191,0.00219,0.002189,0.00219,0.00219,0.002193,0.002194,0.002196,0.002197,0.002194,0.002198,0.002197,0.0022,0.002197,0.0022,0.002195,0.0022,0.002201,0.002197,0.002199,0.002202,0.0022,0.002201,0.002203,0.002202,0.002202,0.002203,0.002203,0.002202,0.002202,0.002205,0.002204,0.002205,0.002206,0.002204,0.002206,0.002207,0.002204,0.002206,0.002207,0.002208,0.002209,0.002208,0.002207,0.002206,0.002211,0.002211,0.002207,0.00221,0.002208,0.00221],"unit":"A"},"J":{"value":[-0.0007521299999999999,-0.00065133,-0.00055485,-0.00046305,-0.00037584,-0.00029358,-0.00021699,-0.0001467,-8.307e-5,-2.664e-5,2.214e-5,6.3e-5,9.576e-5,0.00012213,0.0001422,0.00015713999999999998,0.00016767,0.00017568,0.00018108,0.00018495,0.00018783,0.00018962999999999999,0.00019125000000000001,0.00019215,0.00019305,0.00019359,0.00019394999999999997,0.00019449000000000002,0.00019467,0.00019503,0.00019539,0.00019557,0.00019575,0.00019584,0.0001962,0.00019629,0.0001962,0.00019647,0.00019656,0.00019656,0.00019664999999999998,0.00019674,0.00019674,0.00019691999999999998,0.00019683,0.00019683,0.0001971,0.0001971,0.00019718999999999997,0.00019718999999999997,0.0001971,0.00019700999999999999,0.0001971,0.0001971,0.00019737,0.00019746000000000002,0.00019763999999999998,0.00019773000000000002,0.00019746000000000002,0.00019781999999999997,0.00019773000000000002,0.00019800000000000002,0.00019773000000000002,0.00019800000000000002,0.00019754999999999998,0.00019800000000000002,0.00019808999999999997,0.00019773000000000002,0.00019790999999999998,0.00019817999999999998,0.00019800000000000002,0.00019808999999999997,0.00019827,0.00019817999999999998,0.00019817999999999998,0.00019827,0.00019827,0.00019817999999999998,0.00019817999999999998,0.00019845,0.00019835999999999996,0.00019845,0.00019854,0.00019835999999999996,0.00019854,0.00019863000000000001,0.00019835999999999996,0.00019854,0.00019863000000000001,0.00019872,0.00019881,0.00019872,0.00019863000000000001,0.00019854,0.00019899,0.00019899,0.00019863000000000001,0.0001989,0.00019872,0.0001989],"unit":"A\/cm2"},"voc":{"unit":"V","value":1.084951},"isc":{"unit":"A","value":2.206971},"jsc":{"unit":"mA\/cm2","value":24.521899},"fill_factor":{"unit":"%","value":81.912537},"vmax":{"unit":"V","value":0.94},"efficiency":{"unit":"%","value":21.792887},"monitor_cell_reading":{"unit":"mV","value":0},"monitor_cell_calibration_value":{"unit":"mV","value":0},"test_device_area":{"unit":"cm2","value":0.09},"num_of_series_connected_stacks":{"unit":"","value":1},"sweep_direction":{"unit":"","value":"Reverse"},"device_id":{"unit":"","value":"10-1-r"},"cell_dimension":{"unit":"cm2","value":0.09},"key":"Reverse_IV 10-1"},{"V":{"value":[-0.1,-0.087,-0.074,-0.061,-0.048,-0.035,-0.022,-0.009,0.004,0.017,0.03,0.043,0.056,0.069,0.082,0.095,0.108,0.121,0.134,0.147,0.16,0.173,0.186,0.199,0.212,0.225,0.238,0.251,0.264,0.277,0.29,0.303,0.316,0.329,0.342,0.355,0.368,0.381,0.394,0.407,0.42,0.433,0.446,0.459,0.472,0.485,0.498,0.511,0.524,0.537,0.55,0.563,0.576,0.589,0.602,0.615,0.628,0.641,0.654,0.667,0.68,0.693,0.706,0.719,0.732,0.745,0.758,0.771,0.784,0.797,0.81,0.823,0.836,0.849,0.862,0.875,0.888,0.901,0.914,0.927,0.94,0.953,0.966,0.979,0.992,1.005,1.018,1.031,1.044,1.057,1.07,1.083,1.096,1.109,1.122,1.135,1.148,1.161,1.174,1.187],"unit":"V"},"I":{"value":[0.002287,0.002269,0.002261,0.00226,0.002261,0.002259,0.002257,0.002255,0.002251,0.002254,0.002252,0.002251,0.00225,0.002249,0.00225,0.002248,0.002249,0.00225,0.002249,0.002249,0.002248,0.002249,0.002247,0.002247,0.002245,0.002245,0.002246,0.002242,0.00224,0.002242,0.002242,0.002244,0.002244,0.002242,0.002241,0.002241,0.002239,0.00224,0.00224,0.002238,0.002237,0.002237,0.002236,0.002237,0.002236,0.00223,0.002226,0.002228,0.002226,0.002218,0.002217,0.00222,0.002219,0.00222,0.002222,0.002223,0.002224,0.002219,0.002219,0.002213,0.002215,0.002216,0.002196,0.00219,0.002193,0.002191,0.002181,0.002191,0.00219,0.002195,0.002194,0.002192,0.00219,0.002182,0.002182,0.002175,0.002161,0.002147,0.002122,0.002089,0.002043,0.001975,0.001882,0.001748,0.001572,0.001335,0.00103,0.000669,0.00021,-0.000333,-0.000954,-0.001588,-0.002372,-0.003221,-0.030004,-0.030004,-0.030005,-0.030004,-0.030004,-0.030004],"unit":"A"},"J":{"value":[0.00020583,0.00020421,0.00020349,0.00020339999999999998,0.00020349,0.00020331,0.00020313,0.00020295,0.00020259,0.00020286,0.00020268,0.00020259,0.0002025,0.00020241,0.0002025,0.00020232,0.00020241,0.0002025,0.00020241,0.00020241,0.00020232,0.00020241,0.00020223,0.00020223,0.00020205,0.00020205,0.00020214,0.00020178,0.00020159999999999997,0.00020178,0.00020178,0.00020195999999999997,0.00020195999999999997,0.00020178,0.00020168999999999997,0.00020168999999999997,0.00020151000000000001,0.00020159999999999997,0.00020159999999999997,0.00020141999999999998,0.00020132999999999997,0.00020132999999999997,0.00020124000000000002,0.00020132999999999997,0.00020124000000000002,0.0002007,0.00020034,0.00020051999999999998,0.00020034,0.00019962,0.00019952999999999998,0.0001998,0.00019971,0.0001998,0.00019998,0.00020007,0.00020015999999999998,0.00019971,0.00019971,0.00019917,0.00019935,0.00019944,0.00019763999999999998,0.0001971,0.00019737,0.00019718999999999997,0.00019629,0.00019718999999999997,0.0001971,0.00019754999999999998,0.00019746000000000002,0.00019727999999999998,0.0001971,0.00019638,0.00019638,0.00019575,0.00019449000000000002,0.00019323,0.00019098000000000002,0.00018801,0.00018387,0.00017775,0.00016937999999999998,0.00015732,0.00014148,0.00012014999999999999,9.27e-5,6.0209999999999994e-5,1.89e-5,-2.997e-5,-8.586e-5,-0.00014292,-0.00021348,-0.00028989,-0.0027003599999999997,-0.0027003599999999997,-0.00270045,-0.0027003599999999997,-0.0027003599999999997,-0.0027003599999999997],"unit":"A\/cm2"},"voc":{"unit":"V","value":1.050149},"isc":{"unit":"A","value":2.250801},"jsc":{"unit":"mA\/cm2","value":25.008896},"fill_factor":{"unit":"%","value":82.051611},"vmax":{"unit":"V","value":0.914},"efficiency":{"unit":"%","value":21.549276},"monitor_cell_reading":{"unit":"mV","value":0},"monitor_cell_calibration_value":{"unit":"mV","value":0},"test_device_area":{"unit":"cm2","value":0.09},"num_of_series_connected_stacks":{"unit":"","value":1},"sweep_direction":{"unit":"","value":"Forward"},"device_id":{"unit":"","value":"9-4-f"},"cell_dimension":{"unit":"cm2","value":0.09},"key":"Forward_IV 9-4"},{"V":{"value":[-0.1,-0.087,-0.074,-0.061,-0.048,-0.035,-0.022,-0.009,0.004,0.017,0.03,0.043,0.056,0.069,0.082,0.095,0.108,0.121,0.134,0.147,0.16,0.173,0.186,0.199,0.212,0.225,0.238,0.251,0.264,0.277,0.29,0.303,0.316,0.329,0.342,0.355,0.368,0.381,0.394,0.407,0.42,0.433,0.446,0.459,0.472,0.485,0.498,0.511,0.524,0.537,0.55,0.563,0.576,0.589,0.602,0.615,0.628,0.641,0.654,0.667,0.68,0.693,0.706,0.719,0.732,0.745,0.758,0.771,0.784,0.797,0.81,0.823,0.836,0.849,0.862,0.875,0.888,0.901,0.914,0.927,0.94,0.953,0.966,0.979,0.992,1.005,1.018,1.031,1.044,1.057,1.07,1.083,1.096,1.109,1.122,1.135,1.148,1.161,1.174,1.187],"unit":"V"},"I":{"value":[0.002246,0.002246,0.002243,0.00224,0.002243,0.002244,0.002242,0.002246,0.002242,0.002241,0.002238,0.002239,0.002238,0.002238,0.002239,0.002235,0.002238,0.002237,0.002233,0.002237,0.002235,0.002236,0.002233,0.002235,0.002235,0.002233,0.002234,0.002231,0.002232,0.002233,0.002232,0.002233,0.002231,0.002232,0.002229,0.00223,0.002228,0.00223,0.002228,0.002227,0.002226,0.002227,0.002227,0.002229,0.002226,0.002228,0.002229,0.002226,0.002225,0.002223,0.002223,0.002226,0.002228,0.002226,0.002227,0.002223,0.002223,0.002222,0.002223,0.002223,0.002219,0.002218,0.00222,0.002217,0.002216,0.002216,0.002212,0.002211,0.00221,0.002209,0.002207,0.002203,0.0022,0.002195,0.002191,0.002187,0.002179,0.002166,0.002151,0.002127,0.002096,0.002049,0.00198,0.001886,0.001751,0.001568,0.001322,0.001001,0.000615,0.00012,-0.000459,-0.001089,-0.001851,-0.002696,-0.00362,-0.004614,-0.005681,-0.006799,-0.007984,-0.009211],"unit":"A"},"J":{"value":[0.00020214,0.00020214,0.00020187000000000002,0.00020159999999999997,0.00020187000000000002,0.00020195999999999997,0.00020178,0.00020214,0.00020178,0.00020168999999999997,0.00020141999999999998,0.00020151000000000001,0.00020141999999999998,0.00020141999999999998,0.00020151000000000001,0.00020114999999999998,0.00020141999999999998,0.00020132999999999997,0.00020097,0.00020132999999999997,0.00020114999999999998,0.00020124000000000002,0.00020097,0.00020114999999999998,0.00020114999999999998,0.00020097,0.00020105999999999998,0.00020078999999999998,0.00020088,0.00020097,0.00020088,0.00020097,0.00020078999999999998,0.00020088,0.00020061,0.0002007,0.00020051999999999998,0.0002007,0.00020051999999999998,0.00020042999999999998,0.00020034,0.00020042999999999998,0.00020042999999999998,0.00020061,0.00020034,0.00020051999999999998,0.00020061,0.00020034,0.00020025,0.00020007,0.00020007,0.00020034,0.00020051999999999998,0.00020034,0.00020042999999999998,0.00020007,0.00020007,0.00019998,0.00020007,0.00020007,0.00019971,0.00019962,0.0001998,0.00019952999999999998,0.00019944,0.00019944,0.00019908,0.00019899,0.0001989,0.00019881,0.00019863000000000001,0.00019827,0.00019800000000000002,0.00019754999999999998,0.00019718999999999997,0.00019683,0.00019611,0.00019494,0.00019359,0.00019143,0.00018864,0.00018441,0.0001782,0.00016974,0.00015759,0.00014111999999999998,0.00011898,9.008999999999999e-5,5.535e-5,1.08e-5,-4.1309999999999996e-5,-9.800999999999999e-5,-0.00016659,-0.00024264,-0.0003258,-0.00041526,-0.00051129,-0.00061191,-0.0007185599999999999,-0.00082899],"unit":"A\/cm2"},"voc":{"unit":"V","value":1.061892},"isc":{"unit":"A","value":2.241848},"jsc":{"unit":"mA\/cm2","value":24.90942},"fill_factor":{"unit":"%","value":82.844312},"vmax":{"unit":"V","value":0.927},"efficiency":{"unit":"%","value":21.913248},"monitor_cell_reading":{"unit":"mV","value":0},"monitor_cell_calibration_value":{"unit":"mV","value":0},"test_device_area":{"unit":"cm2","value":0.09},"num_of_series_connected_stacks":{"unit":"","value":1},"sweep_direction":{"unit":"","value":"Forward"},"device_id":{"unit":"","value":"12-3-f"},"cell_dimension":{"unit":"cm2","value":0.09},"key":"Forward_IV 12-3"},{"V":{"value":[-0.1,-0.087,-0.074,-0.061,-0.048,-0.035,-0.022,-0.009,0.004,0.017,0.03,0.043,0.056,0.069,0.082,0.095,0.108,0.121,0.134,0.147,0.16,0.173,0.186,0.199,0.212,0.225,0.238,0.251,0.264,0.277,0.29,0.303,0.316,0.329,0.342,0.355,0.368,0.381,0.394,0.407,0.42,0.433,0.446,0.459,0.472,0.485,0.498,0.511,0.524,0.537,0.55,0.563,0.576,0.589,0.602,0.615,0.628,0.641,0.654,0.667,0.68,0.693,0.706,0.719,0.732,0.745,0.758,0.771,0.784,0.797,0.81,0.823,0.836,0.849,0.862,0.875,0.888,0.901,0.914,0.927,0.94,0.953,0.966,0.979,0.992,1.005,1.018,1.031,1.044,1.057,1.07,1.083,1.096,1.109,1.122,1.135,1.148,1.161,1.174,1.187],"unit":"V"},"I":{"value":[0.002269,0.00227,0.002269,0.002269,0.00227,0.002268,0.002269,0.002266,0.002265,0.002267,0.002266,0.002264,0.002265,0.002263,0.00226,0.00226,0.00226,0.00226,0.00226,0.002257,0.002258,0.00226,0.002261,0.002258,0.00226,0.002258,0.00226,0.002257,0.002257,0.002257,0.002257,0.002254,0.002256,0.002255,0.002251,0.002254,0.00225,0.002252,0.002251,0.002252,0.002251,0.00225,0.002252,0.002253,0.002249,0.002248,0.002248,0.002246,0.002247,0.002246,0.002246,0.002246,0.002245,0.002244,0.002245,0.002246,0.002243,0.002244,0.002243,0.002241,0.002241,0.00224,0.002237,0.002235,0.002236,0.002232,0.002232,0.002231,0.002228,0.002227,0.002224,0.002224,0.002219,0.002214,0.002208,0.002206,0.002192,0.002181,0.002163,0.002136,0.002099,0.002044,0.001967,0.001858,0.001711,0.001511,0.001251,0.000934,0.000525,5.5e-5,-0.000481,-0.001088,-0.001819,-0.002623,-0.003493,-0.004426,-0.005421,-0.006465,-0.007559,-0.008694],"unit":"A"},"J":{"value":[0.00020421,0.00020429999999999998,0.00020421,0.00020421,0.00020429999999999998,0.00020412,0.00020421,0.00020393999999999998,0.00020385,0.00020402999999999998,0.00020393999999999998,0.00020376,0.00020385,0.00020366999999999998,0.00020339999999999998,0.00020339999999999998,0.00020339999999999998,0.00020339999999999998,0.00020339999999999998,0.00020313,0.00020322,0.00020339999999999998,0.00020349,0.00020322,0.00020339999999999998,0.00020322,0.00020339999999999998,0.00020313,0.00020313,0.00020313,0.00020313,0.00020286,0.00020304,0.00020295,0.00020259,0.00020286,0.0002025,0.00020268,0.00020259,0.00020268,0.00020259,0.0002025,0.00020268,0.00020276999999999998,0.00020241,0.00020232,0.00020232,0.00020214,0.00020223,0.00020214,0.00020214,0.00020214,0.00020205,0.00020195999999999997,0.00020205,0.00020214,0.00020187000000000002,0.00020195999999999997,0.00020187000000000002,0.00020168999999999997,0.00020168999999999997,0.00020159999999999997,0.00020132999999999997,0.00020114999999999998,0.00020124000000000002,0.00020088,0.00020088,0.00020078999999999998,0.00020051999999999998,0.00020042999999999998,0.00020015999999999998,0.00020015999999999998,0.00019971,0.00019925999999999999,0.00019872,0.00019854,0.00019727999999999998,0.00019629,0.00019467,0.00019224,0.00018891,0.00018395999999999997,0.00017703,0.00016722,0.00015399,0.00013599,0.00011258999999999999,8.406e-5,4.7249999999999997e-5,4.95e-6,-4.3289999999999994e-5,-9.792e-5,-0.00016371,-0.00023606999999999998,-0.00031437,-0.00039834,-0.00048788999999999994,-0.00058185,-0.0006803099999999999,-0.00078246],"unit":"A\/cm2"},"voc":{"unit":"V","value":1.06113},"isc":{"unit":"A","value":2.264666},"jsc":{"unit":"mA\/cm2","value":25.162955},"fill_factor":{"unit":"%","value":82.381439},"vmax":{"unit":"V","value":0.927},"efficiency":{"unit":"%","value":21.9968},"monitor_cell_reading":{"unit":"mV","value":0},"monitor_cell_calibration_value":{"unit":"mV","value":0},"test_device_area":{"unit":"cm2","value":0.09},"num_of_series_connected_stacks":{"unit":"","value":1},"sweep_direction":{"unit":"","value":"Forward"},"device_id":{"unit":"","value":"11-4-f"},"cell_dimension":{"unit":"cm2","value":0.09},"key":"Forward_IV 11-4"},{"V":{"value":[-0.1,-0.087,-0.074,-0.061,-0.048,-0.035,-0.022,-0.009,0.004,0.017,0.03,0.043,0.056,0.069,0.082,0.095,0.108,0.121,0.134,0.147,0.16,0.173,0.186,0.199,0.212,0.225,0.238,0.251,0.264,0.277,0.29,0.303,0.316,0.329,0.342,0.355,0.368,0.381,0.394,0.407,0.42,0.433,0.446,0.459,0.472,0.485,0.498,0.511,0.524,0.537,0.55,0.563,0.576,0.589,0.602,0.615,0.628,0.641,0.654,0.667,0.68,0.693,0.706,0.719,0.732,0.745,0.758,0.771,0.784,0.797,0.81,0.823,0.836,0.849,0.862,0.875,0.888,0.901,0.914,0.927,0.94,0.953,0.966,0.979,0.992,1.005,1.018,1.031,1.044,1.057,1.07,1.083,1.096,1.109,1.122,1.135,1.148,1.161,1.174,1.187],"unit":"V"},"I":{"value":[0.00225,0.002246,0.002245,0.002247,0.002245,0.002242,0.002241,0.002242,0.002241,0.00224,0.00224,0.002241,0.002238,0.002238,0.002239,0.002236,0.002239,0.002234,0.002236,0.002237,0.002232,0.002235,0.002234,0.002233,0.002232,0.002231,0.002229,0.00223,0.002232,0.00223,0.00223,0.00223,0.002229,0.00223,0.002229,0.002229,0.002228,0.002226,0.002225,0.002227,0.002227,0.002225,0.002226,0.002225,0.002225,0.002223,0.002223,0.002224,0.002222,0.002221,0.002219,0.002222,0.002216,0.002219,0.002217,0.002217,0.002218,0.002214,0.002214,0.002214,0.002213,0.002212,0.002212,0.00221,0.002211,0.002209,0.002207,0.002205,0.002202,0.002201,0.002198,0.002197,0.002192,0.002188,0.002181,0.002175,0.002166,0.00215,0.002129,0.002102,0.002057,0.001999,0.001916,0.001802,0.001641,0.001427,0.001148,0.00081,0.000375,-0.000145,-0.000749,-0.00138,-0.002156,-0.003003,-0.003921,-0.004903,-0.005943,-0.007044,-0.00819,-0.009381],"unit":"A"},"J":{"value":[0.0002025,0.00020214,0.00020205,0.00020223,0.00020205,0.00020178,0.00020168999999999997,0.00020178,0.00020168999999999997,0.00020159999999999997,0.00020159999999999997,0.00020168999999999997,0.00020141999999999998,0.00020141999999999998,0.00020151000000000001,0.00020124000000000002,0.00020151000000000001,0.00020105999999999998,0.00020124000000000002,0.00020132999999999997,0.00020088,0.00020114999999999998,0.00020105999999999998,0.00020097,0.00020088,0.00020078999999999998,0.00020061,0.0002007,0.00020088,0.0002007,0.0002007,0.0002007,0.00020061,0.0002007,0.00020061,0.00020061,0.00020051999999999998,0.00020034,0.00020025,0.00020042999999999998,0.00020042999999999998,0.00020025,0.00020034,0.00020025,0.00020025,0.00020007,0.00020007,0.00020015999999999998,0.00019998,0.00019988999999999999,0.00019971,0.00019998,0.00019944,0.00019971,0.00019952999999999998,0.00019952999999999998,0.00019962,0.00019925999999999999,0.00019925999999999999,0.00019925999999999999,0.00019917,0.00019908,0.00019908,0.0001989,0.00019899,0.00019881,0.00019863000000000001,0.00019845,0.00019817999999999998,0.00019808999999999997,0.00019781999999999997,0.00019773000000000002,0.00019727999999999998,0.00019691999999999998,0.00019629,0.00019575,0.00019494,0.0001935,0.00019160999999999996,0.00018918,0.00018512999999999998,0.00017990999999999998,0.00017244,0.00016218,0.00014769,0.00012843000000000002,0.00010332,7.29e-5,3.375e-5,-1.305e-5,-6.741e-5,-0.00012419999999999998,-0.00019403999999999998,-0.00027026999999999997,-0.00035288999999999996,-0.00044127,-0.00053487,-0.0006339599999999999,-0.0007370999999999999,-0.00084429],"unit":"A\/cm2"},"voc":{"unit":"V","value":1.056691},"isc":{"unit":"A","value":2.241167},"jsc":{"unit":"mA\/cm2","value":24.901853},"fill_factor":{"unit":"%","value":82.280441},"vmax":{"unit":"V","value":0.927},"efficiency":{"unit":"%","value":21.650906},"monitor_cell_reading":{"unit":"mV","value":0},"monitor_cell_calibration_value":{"unit":"mV","value":0},"test_device_area":{"unit":"cm2","value":0.09},"num_of_series_connected_stacks":{"unit":"","value":1},"sweep_direction":{"unit":"","value":"Forward"},"device_id":{"unit":"","value":"11-3-f"},"cell_dimension":{"unit":"cm2","value":0.09},"key":"Forward_IV 11-3"},{"V":{"value":[-0.1,-0.087,-0.074,-0.061,-0.048,-0.035,-0.022,-0.009,0.004,0.017,0.03,0.043,0.056,0.069,0.082,0.095,0.108,0.121,0.134,0.147,0.16,0.173,0.186,0.199,0.212,0.225,0.238,0.251,0.264,0.277,0.29,0.303,0.316,0.329,0.342,0.355,0.368,0.381,0.394,0.407,0.42,0.433,0.446,0.459,0.472,0.485,0.498,0.511,0.524,0.537,0.55,0.563,0.576,0.589,0.602,0.615,0.628,0.641,0.654,0.667,0.68,0.693,0.706,0.719,0.732,0.745,0.758,0.771,0.784,0.797,0.81,0.823,0.836,0.849,0.862,0.875,0.888,0.901,0.914,0.927,0.94,0.953,0.966,0.979,0.992,1.005,1.018,1.031,1.044,1.057,1.07,1.083,1.096,1.109,1.122,1.135,1.148,1.161,1.174,1.187],"unit":"V"},"I":{"value":[0.002241,0.002239,0.002236,0.002233,0.002233,0.002233,0.002231,0.002231,0.002231,0.002228,0.002227,0.002229,0.002228,0.002226,0.002224,0.002225,0.002223,0.002226,0.002223,0.002222,0.002223,0.002221,0.002219,0.002223,0.00222,0.00222,0.00222,0.002219,0.002221,0.00222,0.002217,0.002217,0.002217,0.002214,0.002216,0.002216,0.002214,0.002213,0.002214,0.002214,0.002212,0.002213,0.002212,0.002211,0.002196,0.002188,0.002191,0.002197,0.002197,0.0022,0.002195,0.002197,0.002198,0.002197,0.002199,0.002201,0.002196,0.002198,0.002193,0.002192,0.002196,0.002196,0.002196,0.002195,0.002192,0.002192,0.002191,0.002187,0.002188,0.002185,0.002183,0.00218,0.002176,0.002173,0.002169,0.002161,0.002149,0.00214,0.00212,0.002099,0.002066,0.002015,0.001943,0.001844,0.001701,0.001508,0.001251,0.000936,0.000519,3.3e-5,-0.000525,-0.00117,-0.001955,-0.002823,-0.003763,-0.004775,-0.005858,-0.006992,-0.00819,-0.009421],"unit":"A"},"J":{"value":[0.00020168999999999997,0.00020151000000000001,0.00020124000000000002,0.00020097,0.00020097,0.00020097,0.00020078999999999998,0.00020078999999999998,0.00020078999999999998,0.00020051999999999998,0.00020042999999999998,0.00020061,0.00020051999999999998,0.00020034,0.00020015999999999998,0.00020025,0.00020007,0.00020034,0.00020007,0.00019998,0.00020007,0.00019988999999999999,0.00019971,0.00020007,0.0001998,0.0001998,0.0001998,0.00019971,0.00019988999999999999,0.0001998,0.00019952999999999998,0.00019952999999999998,0.00019952999999999998,0.00019925999999999999,0.00019944,0.00019944,0.00019925999999999999,0.00019917,0.00019925999999999999,0.00019925999999999999,0.00019908,0.00019917,0.00019908,0.00019899,0.00019763999999999998,0.00019691999999999998,0.00019718999999999997,0.00019773000000000002,0.00019773000000000002,0.00019800000000000002,0.00019754999999999998,0.00019773000000000002,0.00019781999999999997,0.00019773000000000002,0.00019790999999999998,0.00019808999999999997,0.00019763999999999998,0.00019781999999999997,0.00019737,0.00019727999999999998,0.00019763999999999998,0.00019763999999999998,0.00019763999999999998,0.00019754999999999998,0.00019727999999999998,0.00019727999999999998,0.00019718999999999997,0.00019683,0.00019691999999999998,0.00019664999999999998,0.00019647,0.0001962,0.00019584,0.00019557,0.00019521,0.00019449000000000002,0.00019340999999999998,0.0001926,0.00019079999999999998,0.00018891,0.00018594,0.00018135,0.00017487,0.00016596,0.00015308999999999999,0.00013572,0.00011258999999999999,8.423999999999999e-5,4.6710000000000005e-5,2.97e-6,-4.7249999999999997e-5,-0.0001053,-0.00017595,-0.00025407,-0.00033866999999999995,-0.00042974999999999996,-0.00052722,-0.00062928,-0.0007370999999999999,-0.00084789],"unit":"A\/cm2"},"voc":{"unit":"V","value":1.060948},"isc":{"unit":"A","value":2.230834},"jsc":{"unit":"mA\/cm2","value":24.787047},"fill_factor":{"unit":"%","value":82.224271},"vmax":{"unit":"V","value":0.927},"efficiency":{"unit":"%","value":21.623145},"monitor_cell_reading":{"unit":"mV","value":0},"monitor_cell_calibration_value":{"unit":"mV","value":0},"test_device_area":{"unit":"cm2","value":0.09},"num_of_series_connected_stacks":{"unit":"","value":1},"sweep_direction":{"unit":"","value":"Forward"},"device_id":{"unit":"","value":"10-3-f"},"cell_dimension":{"unit":"cm2","value":0.09},"key":"Forward_IV 10-3"},{"V":{"value":[-0.1,-0.087,-0.074,-0.061,-0.048,-0.035,-0.022,-0.009,0.004,0.017,0.03,0.043,0.056,0.069,0.082,0.095,0.108,0.121,0.134,0.147,0.16,0.173,0.186,0.199,0.212,0.225,0.238,0.251,0.264,0.277,0.29,0.303,0.316,0.329,0.342,0.355,0.368,0.381,0.394,0.407,0.42,0.433,0.446,0.459,0.472,0.485,0.498,0.511,0.524,0.537,0.55,0.563,0.576,0.589,0.602,0.615,0.628,0.641,0.654,0.667,0.68,0.693,0.706,0.719,0.732,0.745,0.758,0.771,0.784,0.797,0.81,0.823,0.836,0.849,0.862,0.875,0.888,0.901,0.914,0.927,0.94,0.953,0.966,0.979,0.992,1.005,1.018,1.031,1.044,1.057,1.07,1.083,1.096,1.109,1.122,1.135,1.148,1.161,1.174,1.187],"unit":"V"},"I":{"value":[0.002258,0.002255,0.002253,0.002253,0.002252,0.002252,0.002249,0.002247,0.002245,0.002245,0.002242,0.002244,0.002242,0.002244,0.002241,0.002241,0.002242,0.002243,0.002243,0.002239,0.002241,0.002239,0.002239,0.002241,0.002239,0.00224,0.002239,0.002236,0.002237,0.002236,0.002236,0.002238,0.002235,0.002235,0.002237,0.002231,0.002234,0.002233,0.002234,0.002236,0.002234,0.002231,0.002233,0.002231,0.002232,0.002231,0.002228,0.002228,0.002228,0.002229,0.002228,0.002227,0.00223,0.002225,0.002226,0.002226,0.002222,0.002223,0.002223,0.002222,0.00222,0.00222,0.00222,0.002221,0.002219,0.002217,0.002216,0.002215,0.002214,0.002211,0.002212,0.002207,0.0022,0.002197,0.002192,0.002183,0.002174,0.002159,0.00214,0.002111,0.002069,0.00201,0.001928,0.001812,0.001656,0.001444,0.001174,0.000844,0.000424,-5.1e-5,-0.000589,-0.001195,-0.001917,-0.002696,-0.003539,-0.004424,-0.005364,-0.006349,-0.00737,-0.008425],"unit":"A"},"J":{"value":[0.00020322,0.00020295,0.00020276999999999998,0.00020276999999999998,0.00020268,0.00020268,0.00020241,0.00020223,0.00020205,0.00020205,0.00020178,0.00020195999999999997,0.00020178,0.00020195999999999997,0.00020168999999999997,0.00020168999999999997,0.00020178,0.00020187000000000002,0.00020187000000000002,0.00020151000000000001,0.00020168999999999997,0.00020151000000000001,0.00020151000000000001,0.00020168999999999997,0.00020151000000000001,0.00020159999999999997,0.00020151000000000001,0.00020124000000000002,0.00020132999999999997,0.00020124000000000002,0.00020124000000000002,0.00020141999999999998,0.00020114999999999998,0.00020114999999999998,0.00020132999999999997,0.00020078999999999998,0.00020105999999999998,0.00020097,0.00020105999999999998,0.00020124000000000002,0.00020105999999999998,0.00020078999999999998,0.00020097,0.00020078999999999998,0.00020088,0.00020078999999999998,0.00020051999999999998,0.00020051999999999998,0.00020051999999999998,0.00020061,0.00020051999999999998,0.00020042999999999998,0.0002007,0.00020025,0.00020034,0.00020034,0.00019998,0.00020007,0.00020007,0.00019998,0.0001998,0.0001998,0.0001998,0.00019988999999999999,0.00019971,0.00019952999999999998,0.00019944,0.00019935,0.00019925999999999999,0.00019899,0.00019908,0.00019863000000000001,0.00019800000000000002,0.00019773000000000002,0.00019727999999999998,0.00019647,0.00019566,0.00019430999999999997,0.0001926,0.00018999,0.00018621,0.0001809,0.00017352,0.00016308,0.00014904,0.00012995999999999998,0.00010565999999999999,7.596e-5,3.816e-5,-4.59e-6,-5.3009999999999996e-5,-0.00010755,-0.00017253,-0.00024264,-0.00031851,-0.00039816,-0.00048276,-0.00057141,-0.0006632999999999999,-0.00075825],"unit":"A\/cm2"},"voc":{"unit":"V","value":1.058912},"isc":{"unit":"A","value":2.244723},"jsc":{"unit":"mA\/cm2","value":24.941364},"fill_factor":{"unit":"%","value":82.328054},"vmax":{"unit":"V","value":0.927},"efficiency":{"unit":"%","value":21.743422},"monitor_cell_reading":{"unit":"mV","value":0},"monitor_cell_calibration_value":{"unit":"mV","value":0},"test_device_area":{"unit":"cm2","value":0.09},"num_of_series_connected_stacks":{"unit":"","value":1},"sweep_direction":{"unit":"","value":"Forward"},"device_id":{"unit":"","value":"10-2-f"},"cell_dimension":{"unit":"cm2","value":0.09},"key":"Forward_IV 10-2"},{"V":{"value":[-0.1,-0.087,-0.074,-0.061,-0.048,-0.035,-0.022,-0.009,0.004,0.017,0.03,0.043,0.056,0.069,0.082,0.095,0.108,0.121,0.134,0.147,0.16,0.173,0.186,0.199,0.212,0.225,0.238,0.251,0.264,0.277,0.29,0.303,0.316,0.329,0.342,0.355,0.368,0.381,0.394,0.407,0.42,0.433,0.446,0.459,0.472,0.485,0.498,0.511,0.524,0.537,0.55,0.563,0.576,0.589,0.602,0.615,0.628,0.641,0.654,0.667,0.68,0.693,0.706,0.719,0.732,0.745,0.758,0.771,0.784,0.797,0.81,0.823,0.836,0.849,0.862,0.875,0.888,0.901,0.914,0.927,0.94,0.953,0.966,0.979,0.992,1.005,1.018,1.031,1.044,1.057,1.07,1.083,1.096,1.109,1.122,1.135,1.148,1.161,1.174,1.187],"unit":"V"},"I":{"value":[0.002217,0.002215,0.002211,0.002211,0.00221,0.002206,0.002207,0.002208,0.002205,0.002205,0.002205,0.002205,0.002202,0.002202,0.002198,0.002198,0.002199,0.002199,0.002199,0.002198,0.002199,0.002199,0.002198,0.002201,0.002199,0.002198,0.002195,0.002198,0.002197,0.002195,0.002196,0.002197,0.002196,0.002196,0.002192,0.002193,0.002191,0.002193,0.002194,0.002192,0.002189,0.002191,0.002191,0.002189,0.002187,0.002191,0.002187,0.002188,0.002186,0.002185,0.002187,0.002186,0.002181,0.002185,0.002182,0.002181,0.002184,0.002183,0.002182,0.002179,0.002178,0.002176,0.002175,0.002174,0.002173,0.002173,0.00217,0.002168,0.002166,0.002164,0.002163,0.002158,0.002152,0.00215,0.002139,0.00213,0.002116,0.002095,0.002066,0.002024,0.001963,0.001881,0.001763,0.001601,0.00139,0.001118,0.000794,0.000389,-7.0e-5,-0.000577,-0.001142,-0.001826,-0.002557,-0.003341,-0.004176,-0.00505,-0.005968,-0.00692,-0.007914,-0.008925],"unit":"A"},"J":{"value":[0.00019952999999999998,0.00019935,0.00019899,0.00019899,0.0001989,0.00019854,0.00019863000000000001,0.00019872,0.00019845,0.00019845,0.00019845,0.00019845,0.00019817999999999998,0.00019817999999999998,0.00019781999999999997,0.00019781999999999997,0.00019790999999999998,0.00019790999999999998,0.00019790999999999998,0.00019781999999999997,0.00019790999999999998,0.00019790999999999998,0.00019781999999999997,0.00019808999999999997,0.00019790999999999998,0.00019781999999999997,0.00019754999999999998,0.00019781999999999997,0.00019773000000000002,0.00019754999999999998,0.00019763999999999998,0.00019773000000000002,0.00019763999999999998,0.00019763999999999998,0.00019727999999999998,0.00019737,0.00019718999999999997,0.00019737,0.00019746000000000002,0.00019727999999999998,0.00019700999999999999,0.00019718999999999997,0.00019718999999999997,0.00019700999999999999,0.00019683,0.00019718999999999997,0.00019683,0.00019691999999999998,0.00019674,0.00019664999999999998,0.00019683,0.00019674,0.00019629,0.00019664999999999998,0.00019638,0.00019629,0.00019656,0.00019647,0.00019638,0.00019611,0.00019601999999999998,0.00019584,0.00019575,0.00019566,0.00019557,0.00019557,0.0001953,0.00019511999999999996,0.00019494,0.00019476,0.00019467,0.00019422000000000002,0.00019367999999999998,0.0001935,0.00019250999999999998,0.0001917,0.00019043999999999997,0.00018855,0.00018594,0.00018216,0.00017666999999999997,0.00016929,0.00015867,0.00014408999999999998,0.0001251,0.00010062000000000001,7.146e-5,3.501e-5,-6.299999999999999e-6,-5.193e-5,-0.00010278,-0.00016434,-0.00023012999999999997,-0.00030069,-0.00037584,-0.0004545,-0.00053712,-0.0006228,-0.0007122599999999999,-0.00080325],"unit":"A\/cm2"},"voc":{"unit":"V","value":1.04547},"isc":{"unit":"A","value":2.205045},"jsc":{"unit":"mA\/cm2","value":24.5005},"fill_factor":{"unit":"%","value":81.920427},"vmax":{"unit":"V","value":0.914},"efficiency":{"unit":"%","value":20.983533},"monitor_cell_reading":{"unit":"mV","value":0},"monitor_cell_calibration_value":{"unit":"mV","value":0},"test_device_area":{"unit":"cm2","value":0.09},"num_of_series_connected_stacks":{"unit":"","value":1},"sweep_direction":{"unit":"","value":"Forward"},"device_id":{"unit":"","value":"10-1-f"},"cell_dimension":{"unit":"cm2","value":0.09},"key":"Forward_IV 10-1"}]}}