{"_id":"6694d8d9acbf3140c50d99d2","id":"SKKU-SC-00385","author":94,"group":11,"input":[{"tco":{"unit":"","value":"ITO"}},{"surface_treatment":{"unit":"","value":"O-Plasma"}},{"htl":[{"material":{"unit":"","value":"2PACz"},"concentration":{"unit":"","value":"0.3"},"conc_unit":{"unit":"","value":"mg\/ml"},"quantity":{"unit":"ml","value":"0.2"}}],"spin_coating":[{"type":{"unit":"","value":"Static (loading)"},"rpm":{"unit":"","value":"3000"},"time":{"unit":"s","value":"30"}}],"annealing":[{"temperature":{"unit":"oC","value":"100"},"time":{"unit":"m","value":"10"}}],"condition":{"unit":"","value":"glove-box(N2)"}},{"condition":{"unit":"","value":"glove-box(N2)"},"perovskite":{"method":{"unit":"","value":"1step"},"molarity":{"unit":"M","value":"1.3M"},"a_site":[{"material":{"unit":"","value":"FA"},"ratio":{"unit":"%","value":"91"}},{"material":{"unit":"","value":"Cs"},"ratio":{"unit":"%","value":"9"}}],"b_site":[{"material":{"unit":"","value":"Pb"},"ratio":{"unit":"%","value":"100"}}],"x_site":[{"material":{"unit":"","value":"I"},"ratio":{"unit":"%","value":"76.666666666666666666666666666667"}},{"material":{"unit":"","value":"Br"},"ratio":{"unit":"%","value":"23.333333333333333333333333333333"}}],"solvent":[{"material":{"unit":"","value":"DMF"},"volume":{"unit":"ml","value":"4"}},{"material":{"unit":"","value":"DMSO"},"volume":{"unit":"ml","value":"1"}}],"antisolvent":[{"material":{"unit":"","value":"CB"},"quantity":{"unit":"ul","value":"300"},"dripping_time":{"unit":"s","value":"5"}}],"annealing":[{"temperature":{"unit":"oC","value":"100"},"time":{"unit":"m","value":"10"}}],"spin_coating":[{"type":{"unit":"","value":"Static (loading)"},"rpm":{"unit":"","value":"1000"},"time":{"unit":"s","value":"10"}},{"type":{"unit":"","value":"Static (loading)"},"rpm":{"unit":"","value":"5000"},"time":{"unit":"s","value":"30"}}],"atmosphere":[{"type":{"unit":"","value":"glove-box(N2)"},"temperature":{"unit":"oC","value":"23"},"humidity":{"unit":"RH%","value":"0"}}]}},{"perovskite_treatment":[{"material":{"unit":"","value":"OABr"},"concentration":{"unit":"","value":"1"},"conc_unit":{"unit":"","value":"mg\/ml"},"quantity":{"unit":"ml","value":"65"}},{"material":{"unit":"","value":"MAI"},"concentration":{"unit":"","value":"0.1"},"conc_unit":{"unit":"","value":"mg\/ml"},"quantity":{"unit":"ml","value":"65"}}],"spin_coating":[{"type":{"unit":"","value":"Dynamic"},"rpm":{"unit":"","value":"5000"},"time":{"unit":"s","value":"34"}}],"annealing":[{"temperature":{"unit":"oC","value":"100"},"time":{"unit":"m","value":"5"}}],"solvent":[{"material":{"unit":"","value":"DMF"},"volume":{"unit":"ml","value":"0.005"}}]},{"solvent":[{"material":{"unit":"","value":"IPA"},"volume":{"unit":"ml","value":"65"}}],"spin_coating":[{"type":{"unit":"","value":"Dynamic"},"rpm":{"unit":"","value":"5000"},"time":{"unit":"s","value":"34"}}],"annealing":[{"temperature":{"unit":"oC","value":"100"},"time":{"unit":"m","value":"5"}}]},{"etl":[{"material":{"unit":"","value":"C60"},"concentration":{"unit":"","value":"None"},"conc_unit":{"unit":"","value":"None"},"quantity":{"unit":"ml","value":"None"}}],"thermal_evaporation":[{"vacuum_evaporation_thickness":{"unit":"nm","value":"25"},"evaporation_rate":{"unit":"\u00c5\/s","value":"0.2"},"vacuum_pressure":{"unit":"uTorr","value":"2"}}]},{"blocking_buffer_layer":[{"material":{"unit":"","value":"BCP"},"concentration":{"unit":"","value":""},"conc_unit":{"unit":"","value":"mg\/ml"},"quantity":{"unit":"ml","value":"None"}}],"thermal_evaporation":[{"vacuum_evaporation_thickness":{"unit":"nm","value":"8"},"evaporation_rate":{"unit":"\u00c5\/s","value":"0.2"},"vacuum_pressure":{"unit":"uTorr","value":"2"}}]},{"anode_metal":{"unit":"","value":"Ag"}},{"type":{"unit":"","value":"unit_cell"},"temperature":{"unit":"\u2103","value":"20"},"device_type":{"unit":"","value":"p-i-n"},"humidity":{"unit":"%","value":"20"},"cell_dimension":{"unit":"cm2","value":"0.09"}}],"fileinfo":[{"key":"Reverse_IV OABrMAI0.1-W-1-4","uploadType":"JV","original_name":"IV OABrMAI0.1-W-1-4-R.txt","save_name":"SKKU-SC-00385\/Reverse_IV OABrMAI0.1-W-1-4","uploader":94,"fileType":""},{"key":"Forward_IV OABrMAI0.1-W-2-2","uploadType":"JV","original_name":"IV OABrMAI0.1-W-2-2-F.txt","save_name":"SKKU-SC-00385\/Forward_IV OABrMAI0.1-W-2-2","uploader":94,"fileType":""},{"key":"Reverse_IV OABrMAI0.1-W-2-2","uploadType":"JV","original_name":"IV OABrMAI0.1-W-2-2-R.txt","save_name":"SKKU-SC-00385\/Reverse_IV OABrMAI0.1-W-2-2","uploader":94,"fileType":""},{"key":"Forward_IV OABrMAI0.1-W-2-4","uploadType":"JV","original_name":"IV OABrMAI0.1-W-2-4-F.txt","save_name":"SKKU-SC-00385\/Forward_IV OABrMAI0.1-W-2-4","uploader":94,"fileType":""},{"key":"Reverse_IV OABrMAI0.1-W-2-4","uploadType":"JV","original_name":"IV OABrMAI0.1-W-2-4-R.txt","save_name":"SKKU-SC-00385\/Reverse_IV OABrMAI0.1-W-2-4","uploader":94,"fileType":""},{"key":"Forward_IV OABrMAI0.1-W-1-1","uploadType":"JV","original_name":"IV OABrMAI0.1-W-1-1-F.txt","save_name":"SKKU-SC-00385\/Forward_IV OABrMAI0.1-W-1-1","uploader":94,"fileType":""},{"key":"Reverse_IV OABrMAI0.1-W-1-1","uploadType":"JV","original_name":"IV OABrMAI0.1-W-1-1-R.txt","save_name":"SKKU-SC-00385\/Reverse_IV OABrMAI0.1-W-1-1","uploader":94,"fileType":""},{"key":"Forward_IV OABrMAI0.1-W-1-2","uploadType":"JV","original_name":"IV OABrMAI0.1-W-1-2-F.txt","save_name":"SKKU-SC-00385\/Forward_IV OABrMAI0.1-W-1-2","uploader":94,"fileType":""},{"key":"Reverse_IV OABrMAI0.1-W-1-2","uploadType":"JV","original_name":"IV OABrMAI0.1-W-1-2-R.txt","save_name":"SKKU-SC-00385\/Reverse_IV OABrMAI0.1-W-1-2","uploader":94,"fileType":""},{"key":"Forward_IV OABrMAI0.1-W-1-3","uploadType":"JV","original_name":"IV OABrMAI0.1-W-1-3-F.txt","save_name":"SKKU-SC-00385\/Forward_IV OABrMAI0.1-W-1-3","uploader":94,"fileType":""},{"key":"Reverse_IV OABrMAI0.1-W-1-3","uploadType":"JV","original_name":"IV OABrMAI0.1-W-1-3-R.txt","save_name":"SKKU-SC-00385\/Reverse_IV OABrMAI0.1-W-1-3","uploader":94,"fileType":""},{"key":"Forward_IV OABrMAI0.1-W-1-4","uploadType":"JV","original_name":"IV OABrMAI0.1-W-1-4-F.txt","save_name":"SKKU-SC-00385\/Forward_IV OABrMAI0.1-W-1-4","uploader":94,"fileType":""}],"jvcnt":12,"analysisInfo":{"JV":[{"efficiency":18.321082,"fill_factor":80.712273,"jsc":19.550542,"voc":1.161055,"key":"Reverse_IV OABrMAI0.1-W-2-4","cell_dimension":0.09},{"efficiency":18.191996,"fill_factor":80.156478,"jsc":19.597602,"voc":1.158081,"key":"Reverse_IV OABrMAI0.1-W-2-2","cell_dimension":0.09},{"efficiency":17.869886,"fill_factor":78.124681,"jsc":19.504804,"voc":1.172714,"key":"Reverse_IV OABrMAI0.1-W-1-4","cell_dimension":0.09},{"efficiency":18.1954,"fill_factor":78.885181,"jsc":19.815026,"voc":1.16405,"key":"Reverse_IV OABrMAI0.1-W-1-3","cell_dimension":0.09},{"efficiency":18.411507,"fill_factor":80.111339,"jsc":19.714324,"voc":1.165772,"key":"Reverse_IV OABrMAI0.1-W-1-2","cell_dimension":0.09},{"efficiency":18.408504,"fill_factor":80.220976,"jsc":19.872573,"voc":1.154719,"key":"Reverse_IV OABrMAI0.1-W-1-1","cell_dimension":0.09},{"efficiency":17.603315,"fill_factor":77.610368,"jsc":19.547264,"voc":1.160349,"key":"Forward_IV OABrMAI0.1-W-2-4","cell_dimension":0.09},{"efficiency":17.25164,"fill_factor":76.044445,"jsc":19.632518,"voc":1.155545,"key":"Forward_IV OABrMAI0.1-W-2-2","cell_dimension":0.09},{"efficiency":17.517035,"fill_factor":76.587403,"jsc":19.495417,"voc":1.173196,"key":"Forward_IV OABrMAI0.1-W-1-4","cell_dimension":0.09},{"efficiency":18.285018,"fill_factor":79.005609,"jsc":19.811223,"voc":1.168224,"key":"Forward_IV OABrMAI0.1-W-1-3","cell_dimension":0.09},{"efficiency":18.033671,"fill_factor":78.858475,"jsc":19.632724,"voc":1.16481,"key":"Forward_IV OABrMAI0.1-W-1-2","cell_dimension":0.09},{"efficiency":17.921224,"fill_factor":77.831953,"jsc":19.88581,"voc":1.157888,"key":"Forward_IV OABrMAI0.1-W-1-1","cell_dimension":0.09}]},"tags":[],"updated_at":"2024-10-24 09:04:04","created_at":"2024-07-15 08:07:53","public":2,"analysis":{"JV":[{"V":{"value":[1.23,1.2167,1.2034,1.1901,1.1768,1.1635,1.1502,1.1369,1.1236,1.1103,1.097,1.0837,1.0704,1.0571,1.0438,1.0305,1.0172,1.0039,0.9906,0.9773,0.964,0.9507,0.9374,0.9241,0.9108,0.8975,0.8842,0.8709,0.8576,0.8443,0.831,0.8177,0.8044,0.7911,0.7778,0.7645,0.7512,0.7379,0.7246,0.7113,0.698,0.6847,0.6714,0.6581,0.6448,0.6315,0.6182,0.6049,0.5916,0.5783,0.565,0.5517,0.5384,0.5251,0.5118,0.4985,0.4852,0.4719,0.4586,0.4453,0.432,0.4187,0.4054,0.3921,0.3788,0.3655,0.3522,0.3389,0.3256,0.3123,0.299,0.2857,0.2724,0.2591,0.2458,0.2325,0.2192,0.2059,0.1926,0.1793,0.166,0.1527,0.1394,0.1261,0.1128,0.0995,0.0862,0.0729,0.0596,0.0463,0.033,0.0197,0.0064,-0.0069,-0.0202,-0.0335,-0.0468,-0.0601,-0.0734,-0.0867],"unit":"V"},"I":{"value":[-0.001849,-0.001445,-0.00107,-0.000718,-0.000386,-8.4e-5,0.000195,0.000455,0.000684,0.000884,0.001051,0.001201,0.001323,0.001422,0.001502,0.00156,0.001606,0.00164,0.001665,0.001684,0.001697,0.001707,0.001714,0.001722,0.001726,0.001731,0.001734,0.001736,0.001738,0.001742,0.001741,0.001744,0.001746,0.001747,0.001748,0.001751,0.00175,0.00175,0.001749,0.00175,0.001751,0.001752,0.001754,0.001752,0.001754,0.001753,0.001753,0.001752,0.001753,0.001753,0.001754,0.001756,0.001755,0.001755,0.001757,0.001758,0.001758,0.001757,0.001758,0.001757,0.001757,0.001758,0.001757,0.001755,0.001755,0.001756,0.001756,0.001756,0.001757,0.001758,0.001758,0.001759,0.001758,0.001758,0.001759,0.001758,0.001759,0.001759,0.00176,0.001758,0.001759,0.001759,0.001758,0.001759,0.001758,0.001759,0.00176,0.001759,0.001758,0.001759,0.001758,0.001759,0.00176,0.001761,0.001761,0.00176,0.001758,0.001759,0.001759,0.001761],"unit":"A"},"J":{"value":[-0.00016641,-0.00013005000000000002,-9.63e-5,-6.462e-5,-3.4739999999999996e-5,-7.56e-6,1.755e-5,4.095e-5,6.156e-5,7.956e-5,9.459e-5,0.00010809,0.00011907,0.00012798,0.00013518,0.0001404,0.00014454,0.00014759999999999998,0.00014985,0.00015156,0.00015272999999999998,0.00015363,0.00015426,0.00015497999999999998,0.00015534000000000001,0.00015579,0.00015606,0.00015623999999999998,0.00015642,0.00015678,0.00015669,0.00015696000000000002,0.00015713999999999998,0.00015723,0.00015732,0.00015759,0.0001575,0.0001575,0.00015741,0.0001575,0.00015759,0.00015768,0.00015785999999999998,0.00015768,0.00015785999999999998,0.00015777,0.00015777,0.00015768,0.00015777,0.00015777,0.00015785999999999998,0.00015804,0.00015795,0.00015795,0.00015813,0.00015821999999999999,0.00015821999999999999,0.00015813,0.00015821999999999999,0.00015813,0.00015813,0.00015821999999999999,0.00015813,0.00015795,0.00015795,0.00015804,0.00015804,0.00015804,0.00015813,0.00015821999999999999,0.00015821999999999999,0.00015831,0.00015821999999999999,0.00015821999999999999,0.00015831,0.00015821999999999999,0.00015831,0.00015831,0.0001584,0.00015821999999999999,0.00015831,0.00015831,0.00015821999999999999,0.00015831,0.00015821999999999999,0.00015831,0.0001584,0.00015831,0.00015821999999999999,0.00015831,0.00015821999999999999,0.00015831,0.0001584,0.00015848999999999998,0.00015848999999999998,0.0001584,0.00015821999999999999,0.00015831,0.00015831,0.00015848999999999998],"unit":"A\/cm2"},"voc":{"unit":"V","value":1.161055},"isc":{"unit":"A","value":1.759549},"jsc":{"unit":"mA\/cm2","value":19.550542},"fill_factor":{"unit":"%","value":80.712273},"vmax":{"unit":"V","value":0.9906},"efficiency":{"unit":"%","value":18.321082},"monitor_cell_reading":{"unit":"mV","value":0},"monitor_cell_calibration_value":{"unit":"mV","value":0},"test_device_area":{"unit":"cm2","value":0.09},"num_of_series_connected_stacks":{"unit":"","value":1},"sweep_direction":{"unit":"","value":"Reverse"},"device_id":{"unit":"","value":"OABrMAI0.1-W-2-4-R"},"cell_dimension":{"unit":"cm2","value":0.09},"key":"Reverse_IV OABrMAI0.1-W-2-4"},{"V":{"value":[1.23,1.2167,1.2034,1.1901,1.1768,1.1635,1.1502,1.1369,1.1236,1.1103,1.097,1.0837,1.0704,1.0571,1.0438,1.0305,1.0172,1.0039,0.9906,0.9773,0.964,0.9507,0.9374,0.9241,0.9108,0.8975,0.8842,0.8709,0.8576,0.8443,0.831,0.8177,0.8044,0.7911,0.7778,0.7645,0.7512,0.7379,0.7246,0.7113,0.698,0.6847,0.6714,0.6581,0.6448,0.6315,0.6182,0.6049,0.5916,0.5783,0.565,0.5517,0.5384,0.5251,0.5118,0.4985,0.4852,0.4719,0.4586,0.4453,0.432,0.4187,0.4054,0.3921,0.3788,0.3655,0.3522,0.3389,0.3256,0.3123,0.299,0.2857,0.2724,0.2591,0.2458,0.2325,0.2192,0.2059,0.1926,0.1793,0.166,0.1527,0.1394,0.1261,0.1128,0.0995,0.0862,0.0729,0.0596,0.0463,0.033,0.0197,0.0064,-0.0069,-0.0202,-0.0335,-0.0468,-0.0601,-0.0734,-0.0867],"unit":"V"},"I":{"value":[-0.00158,-0.001212,-0.000921,-0.000622,-0.000362,-0.000113,0.00013,0.000358,0.000574,0.000772,0.000946,0.001084,0.001224,0.001342,0.001439,0.001515,0.001573,0.001618,0.001652,0.001675,0.001692,0.001707,0.001714,0.001723,0.001728,0.001734,0.001738,0.001741,0.001742,0.001747,0.001747,0.001748,0.00175,0.001751,0.001751,0.001752,0.001753,0.001753,0.001754,0.001754,0.001755,0.001755,0.001755,0.001757,0.001757,0.001757,0.001758,0.001757,0.001755,0.001759,0.00176,0.001761,0.001761,0.001761,0.001761,0.001761,0.001761,0.001761,0.001764,0.001763,0.001761,0.001761,0.00176,0.00176,0.001762,0.001764,0.001765,0.001762,0.001762,0.001763,0.001761,0.001761,0.00176,0.001761,0.001762,0.001763,0.001764,0.001764,0.001764,0.001763,0.001765,0.001763,0.001765,0.001763,0.001764,0.001764,0.001764,0.001764,0.001764,0.001762,0.001764,0.001763,0.001764,0.001764,0.001764,0.001766,0.001763,0.001765,0.001765,0.001764],"unit":"A"},"J":{"value":[-0.0001422,-0.00010907999999999999,-8.289e-5,-5.598e-5,-3.258e-5,-1.017e-5,1.1699999999999998e-5,3.222e-5,5.166e-5,6.947999999999999e-5,8.514e-5,9.755999999999998e-5,0.00011016,0.00012078,0.00012951,0.00013635,0.00014157,0.00014562,0.00014868,0.00015075,0.00015228,0.00015363,0.00015426,0.00015507,0.00015552,0.00015606,0.00015642,0.00015669,0.00015678,0.00015723,0.00015723,0.00015732,0.0001575,0.00015759,0.00015759,0.00015768,0.00015777,0.00015777,0.00015785999999999998,0.00015785999999999998,0.00015795,0.00015795,0.00015795,0.00015813,0.00015813,0.00015813,0.00015821999999999999,0.00015813,0.00015795,0.00015831,0.0001584,0.00015848999999999998,0.00015848999999999998,0.00015848999999999998,0.00015848999999999998,0.00015848999999999998,0.00015848999999999998,0.00015848999999999998,0.00015875999999999998,0.00015867,0.00015848999999999998,0.00015848999999999998,0.0001584,0.0001584,0.00015858,0.00015875999999999998,0.00015885,0.00015858,0.00015858,0.00015867,0.00015848999999999998,0.00015848999999999998,0.0001584,0.00015848999999999998,0.00015858,0.00015867,0.00015875999999999998,0.00015875999999999998,0.00015875999999999998,0.00015867,0.00015885,0.00015867,0.00015885,0.00015867,0.00015875999999999998,0.00015875999999999998,0.00015875999999999998,0.00015875999999999998,0.00015875999999999998,0.00015858,0.00015875999999999998,0.00015867,0.00015875999999999998,0.00015875999999999998,0.00015875999999999998,0.00015894,0.00015867,0.00015885,0.00015885,0.00015875999999999998],"unit":"A\/cm2"},"voc":{"unit":"V","value":1.158081},"isc":{"unit":"A","value":1.763784},"jsc":{"unit":"mA\/cm2","value":19.597602},"fill_factor":{"unit":"%","value":80.156478},"vmax":{"unit":"V","value":0.9773},"efficiency":{"unit":"%","value":18.191996},"monitor_cell_reading":{"unit":"mV","value":0},"monitor_cell_calibration_value":{"unit":"mV","value":0},"test_device_area":{"unit":"cm2","value":0.09},"num_of_series_connected_stacks":{"unit":"","value":1},"sweep_direction":{"unit":"","value":"Reverse"},"device_id":{"unit":"","value":"OABrMAI0.1-W-2-2-R"},"cell_dimension":{"unit":"cm2","value":0.09},"key":"Reverse_IV OABrMAI0.1-W-2-2"},{"V":{"value":[1.23,1.2167,1.2034,1.1901,1.1768,1.1635,1.1502,1.1369,1.1236,1.1103,1.097,1.0837,1.0704,1.0571,1.0438,1.0305,1.0172,1.0039,0.9906,0.9773,0.964,0.9507,0.9374,0.9241,0.9108,0.8975,0.8842,0.8709,0.8576,0.8443,0.831,0.8177,0.8044,0.7911,0.7778,0.7645,0.7512,0.7379,0.7246,0.7113,0.698,0.6847,0.6714,0.6581,0.6448,0.6315,0.6182,0.6049,0.5916,0.5783,0.565,0.5517,0.5384,0.5251,0.5118,0.4985,0.4852,0.4719,0.4586,0.4453,0.432,0.4187,0.4054,0.3921,0.3788,0.3655,0.3522,0.3389,0.3256,0.3123,0.299,0.2857,0.2724,0.2591,0.2458,0.2325,0.2192,0.2059,0.1926,0.1793,0.166,0.1527,0.1394,0.1261,0.1128,0.0995,0.0862,0.0729,0.0596,0.0463,0.033,0.0197,0.0064,-0.0069,-0.0202,-0.0335,-0.0468,-0.0601,-0.0734,-0.0867],"unit":"V"},"I":{"value":[-0.001376,-0.001035,-0.00071,-0.000399,-0.000111,0.000159,0.000406,0.000628,0.000824,0.000994,0.001139,0.001261,0.001357,0.001434,0.001493,0.001539,0.001574,0.001602,0.001622,0.001637,0.001652,0.001661,0.001669,0.001675,0.001681,0.001688,0.001692,0.001695,0.001697,0.001702,0.001703,0.001706,0.001707,0.001711,0.00171,0.001712,0.001715,0.001714,0.001716,0.001717,0.001721,0.001721,0.001723,0.001722,0.001725,0.001725,0.001728,0.001728,0.001729,0.001729,0.00173,0.00173,0.001732,0.001732,0.001735,0.001734,0.001737,0.001737,0.001738,0.001738,0.00174,0.001739,0.001743,0.001741,0.001743,0.001741,0.001743,0.001743,0.001744,0.001744,0.001745,0.001746,0.001748,0.001747,0.001747,0.001747,0.001749,0.001749,0.001748,0.00175,0.001751,0.00175,0.00175,0.001752,0.001751,0.001752,0.001753,0.001755,0.001754,0.001754,0.001756,0.001757,0.001755,0.001757,0.001756,0.001758,0.001759,0.001758,0.001758,0.00176],"unit":"A"},"J":{"value":[-0.00012384,-9.314999999999999e-5,-6.39e-5,-3.591e-5,-9.99e-6,1.4309999999999999e-5,3.654e-5,5.6519999999999994e-5,7.416e-5,8.946e-5,0.00010251,0.00011349,0.00012213,0.00012906,0.00013437,0.00013851,0.00014166,0.00014418,0.00014597999999999998,0.00014733,0.00014868,0.00014948999999999998,0.00015021,0.00015075,0.00015129,0.00015192,0.00015228,0.00015255,0.00015272999999999998,0.00015318,0.00015327,0.00015354,0.00015363,0.00015399,0.0001539,0.00015408,0.00015434999999999998,0.00015426,0.00015444,0.00015453,0.00015489,0.00015489,0.00015507,0.00015497999999999998,0.00015524999999999998,0.00015524999999999998,0.00015552,0.00015552,0.00015561,0.00015561,0.0001557,0.0001557,0.00015588,0.00015588,0.00015615,0.00015606,0.00015633,0.00015633,0.00015642,0.00015642,0.00015659999999999998,0.00015651,0.00015686999999999998,0.00015669,0.00015686999999999998,0.00015669,0.00015686999999999998,0.00015686999999999998,0.00015696000000000002,0.00015696000000000002,0.00015705,0.00015713999999999998,0.00015732,0.00015723,0.00015723,0.00015723,0.00015741,0.00015741,0.00015732,0.0001575,0.00015759,0.0001575,0.0001575,0.00015768,0.00015759,0.00015768,0.00015777,0.00015795,0.00015785999999999998,0.00015785999999999998,0.00015804,0.00015813,0.00015795,0.00015813,0.00015804,0.00015821999999999999,0.00015831,0.00015821999999999999,0.00015821999999999999,0.0001584],"unit":"A\/cm2"},"voc":{"unit":"V","value":1.172714},"isc":{"unit":"A","value":1.755432},"jsc":{"unit":"mA\/cm2","value":19.504804},"fill_factor":{"unit":"%","value":78.124681},"vmax":{"unit":"V","value":1.0039},"efficiency":{"unit":"%","value":17.869886},"monitor_cell_reading":{"unit":"mV","value":0},"monitor_cell_calibration_value":{"unit":"mV","value":0},"test_device_area":{"unit":"cm2","value":0.09},"num_of_series_connected_stacks":{"unit":"","value":1},"sweep_direction":{"unit":"","value":"Reverse"},"device_id":{"unit":"","value":"OABrMAI0.1-W-1-4-R"},"cell_dimension":{"unit":"cm2","value":0.09},"key":"Reverse_IV OABrMAI0.1-W-1-4"},{"V":{"value":[1.23,1.2167,1.2034,1.1901,1.1768,1.1635,1.1502,1.1369,1.1236,1.1103,1.097,1.0837,1.0704,1.0571,1.0438,1.0305,1.0172,1.0039,0.9906,0.9773,0.964,0.9507,0.9374,0.9241,0.9108,0.8975,0.8842,0.8709,0.8576,0.8443,0.831,0.8177,0.8044,0.7911,0.7778,0.7645,0.7512,0.7379,0.7246,0.7113,0.698,0.6847,0.6714,0.6581,0.6448,0.6315,0.6182,0.6049,0.5916,0.5783,0.565,0.5517,0.5384,0.5251,0.5118,0.4985,0.4852,0.4719,0.4586,0.4453,0.432,0.4187,0.4054,0.3921,0.3788,0.3655,0.3522,0.3389,0.3256,0.3123,0.299,0.2857,0.2724,0.2591,0.2458,0.2325,0.2192,0.2059,0.1926,0.1793,0.166,0.1527,0.1394,0.1261,0.1128,0.0995,0.0862,0.0729,0.0596,0.0463,0.033,0.0197,0.0064,-0.0069,-0.0202,-0.0335,-0.0468,-0.0601,-0.0734,-0.0867],"unit":"V"},"I":{"value":[-0.001489,-0.001169,-0.00086,-0.000565,-0.000285,-2.1e-5,0.000229,0.000463,0.000676,0.000868,0.001037,0.001176,0.001301,0.001401,0.001481,0.001542,0.00159,0.001626,0.001653,0.001673,0.001691,0.001703,0.001713,0.001722,0.001728,0.001734,0.001738,0.001742,0.001746,0.001747,0.001751,0.001752,0.001756,0.001758,0.00176,0.001761,0.001762,0.001763,0.001766,0.001766,0.001769,0.001768,0.001769,0.001768,0.00177,0.001771,0.001772,0.001773,0.001773,0.001772,0.001772,0.001772,0.001774,0.001774,0.001773,0.001777,0.001777,0.001775,0.001777,0.001778,0.001776,0.001778,0.001776,0.001777,0.001778,0.001778,0.001777,0.001779,0.001778,0.001779,0.001779,0.001781,0.001779,0.001781,0.00178,0.001781,0.00178,0.001781,0.00178,0.001781,0.00178,0.001779,0.001781,0.001779,0.001779,0.001781,0.001781,0.001783,0.001783,0.001782,0.001782,0.001782,0.001783,0.001783,0.001783,0.001783,0.001785,0.001784,0.001782,0.001784],"unit":"A"},"J":{"value":[-0.00013401,-0.00010520999999999999,-7.74e-5,-5.0849999999999996e-5,-2.5649999999999997e-5,-1.89e-6,2.061e-5,4.167e-5,6.0839999999999993e-5,7.811999999999999e-5,9.332999999999999e-5,0.00010583999999999999,0.00011709,0.00012608999999999998,0.00013329,0.00013878,0.0001431,0.00014634,0.00014877,0.00015057,0.00015219,0.00015327,0.00015417,0.00015497999999999998,0.00015552,0.00015606,0.00015642,0.00015678,0.00015713999999999998,0.00015723,0.00015759,0.00015768,0.00015804,0.00015821999999999999,0.0001584,0.00015848999999999998,0.00015858,0.00015867,0.00015894,0.00015894,0.00015921,0.00015912,0.00015921,0.00015912,0.0001593,0.00015939,0.00015947999999999998,0.00015957,0.00015957,0.00015947999999999998,0.00015947999999999998,0.00015947999999999998,0.00015966,0.00015966,0.00015957,0.00015993,0.00015993,0.00015975,0.00015993,0.00016002,0.00015984,0.00016002,0.00015984,0.00015993,0.00016002,0.00016002,0.00015993,0.00016010999999999998,0.00016002,0.00016010999999999998,0.00016010999999999998,0.00016029,0.00016010999999999998,0.00016029,0.0001602,0.00016029,0.0001602,0.00016029,0.0001602,0.00016029,0.0001602,0.00016010999999999998,0.00016029,0.00016010999999999998,0.00016010999999999998,0.00016029,0.00016029,0.00016047000000000001,0.00016047000000000001,0.00016037999999999998,0.00016037999999999998,0.00016037999999999998,0.00016047000000000001,0.00016047000000000001,0.00016047000000000001,0.00016047000000000001,0.00016064999999999997,0.00016056,0.00016037999999999998,0.00016056],"unit":"A\/cm2"},"voc":{"unit":"V","value":1.16405},"isc":{"unit":"A","value":1.783352},"jsc":{"unit":"mA\/cm2","value":19.815026},"fill_factor":{"unit":"%","value":78.885181},"vmax":{"unit":"V","value":0.9906},"efficiency":{"unit":"%","value":18.1954},"monitor_cell_reading":{"unit":"mV","value":0},"monitor_cell_calibration_value":{"unit":"mV","value":0},"test_device_area":{"unit":"cm2","value":0.09},"num_of_series_connected_stacks":{"unit":"","value":1},"sweep_direction":{"unit":"","value":"Reverse"},"device_id":{"unit":"","value":"OABrMAI0.1-W-1-3-R"},"cell_dimension":{"unit":"cm2","value":0.09},"key":"Reverse_IV OABrMAI0.1-W-1-3"},{"V":{"value":[1.23,1.2167,1.2034,1.1901,1.1768,1.1635,1.1502,1.1369,1.1236,1.1103,1.097,1.0837,1.0704,1.0571,1.0438,1.0305,1.0172,1.0039,0.9906,0.9773,0.964,0.9507,0.9374,0.9241,0.9108,0.8975,0.8842,0.8709,0.8576,0.8443,0.831,0.8177,0.8044,0.7911,0.7778,0.7645,0.7512,0.7379,0.7246,0.7113,0.698,0.6847,0.6714,0.6581,0.6448,0.6315,0.6182,0.6049,0.5916,0.5783,0.565,0.5517,0.5384,0.5251,0.5118,0.4985,0.4852,0.4719,0.4586,0.4453,0.432,0.4187,0.4054,0.3921,0.3788,0.3655,0.3522,0.3389,0.3256,0.3123,0.299,0.2857,0.2724,0.2591,0.2458,0.2325,0.2192,0.2059,0.1926,0.1793,0.166,0.1527,0.1394,0.1261,0.1128,0.0995,0.0862,0.0729,0.0596,0.0463,0.033,0.0197,0.0064,-0.0069,-0.0202,-0.0335,-0.0468,-0.0601,-0.0734,-0.0867],"unit":"V"},"I":{"value":[-0.001464,-0.00114,-0.00083,-0.000533,-0.000253,8.0e-6,0.000258,0.000491,0.000703,0.000893,0.001055,0.001202,0.001325,0.001426,0.001504,0.001566,0.001611,0.001646,0.001673,0.001694,0.001709,0.001719,0.001728,0.001733,0.001738,0.001741,0.001745,0.001748,0.001751,0.001753,0.001756,0.001759,0.001759,0.00176,0.00176,0.001764,0.001765,0.001766,0.001763,0.001764,0.001765,0.001765,0.001765,0.001767,0.001767,0.001767,0.001767,0.001768,0.001767,0.001766,0.001767,0.001769,0.001769,0.001768,0.001769,0.001768,0.00177,0.001771,0.00177,0.00177,0.001771,0.001769,0.00177,0.001768,0.001769,0.001769,0.001771,0.001769,0.001771,0.00177,0.001772,0.001772,0.001772,0.001771,0.001771,0.00177,0.001773,0.001771,0.001771,0.001772,0.001771,0.001772,0.001772,0.001771,0.001773,0.001772,0.001772,0.001771,0.001772,0.001773,0.001773,0.001774,0.001774,0.001773,0.001774,0.001772,0.001773,0.001774,0.001775,0.001775],"unit":"A"},"J":{"value":[-0.00013176,-0.00010259999999999999,-7.47e-5,-4.797e-5,-2.277e-5,7.2e-7,2.3219999999999998e-5,4.419e-5,6.327e-5,8.037e-5,9.494999999999999e-5,0.00010818,0.00011925,0.00012833999999999998,0.00013535999999999998,0.00014094,0.00014499,0.00014813999999999997,0.00015057,0.00015246,0.00015381,0.00015471,0.00015552,0.00015596999999999999,0.00015642,0.00015669,0.00015705,0.00015732,0.00015759,0.00015777,0.00015804,0.00015831,0.00015831,0.0001584,0.0001584,0.00015875999999999998,0.00015885,0.00015894,0.00015867,0.00015875999999999998,0.00015885,0.00015885,0.00015885,0.00015902999999999997,0.00015902999999999997,0.00015902999999999997,0.00015902999999999997,0.00015912,0.00015902999999999997,0.00015894,0.00015902999999999997,0.00015921,0.00015921,0.00015912,0.00015921,0.00015912,0.0001593,0.00015939,0.0001593,0.0001593,0.00015939,0.00015921,0.0001593,0.00015912,0.00015921,0.00015921,0.00015939,0.00015921,0.00015939,0.0001593,0.00015947999999999998,0.00015947999999999998,0.00015947999999999998,0.00015939,0.00015939,0.0001593,0.00015957,0.00015939,0.00015939,0.00015947999999999998,0.00015939,0.00015947999999999998,0.00015947999999999998,0.00015939,0.00015957,0.00015947999999999998,0.00015947999999999998,0.00015939,0.00015947999999999998,0.00015957,0.00015957,0.00015966,0.00015966,0.00015957,0.00015966,0.00015947999999999998,0.00015957,0.00015966,0.00015975,0.00015975],"unit":"A\/cm2"},"voc":{"unit":"V","value":1.165772},"isc":{"unit":"A","value":1.774289},"jsc":{"unit":"mA\/cm2","value":19.714324},"fill_factor":{"unit":"%","value":80.111339},"vmax":{"unit":"V","value":0.9906},"efficiency":{"unit":"%","value":18.411507},"monitor_cell_reading":{"unit":"mV","value":0},"monitor_cell_calibration_value":{"unit":"mV","value":0},"test_device_area":{"unit":"cm2","value":0.09},"num_of_series_connected_stacks":{"unit":"","value":1},"sweep_direction":{"unit":"","value":"Reverse"},"device_id":{"unit":"","value":"OABrMAI0.1-W-1-2-R"},"cell_dimension":{"unit":"cm2","value":0.09},"key":"Reverse_IV OABrMAI0.1-W-1-2"},{"V":{"value":[1.23,1.2167,1.2034,1.1901,1.1768,1.1635,1.1502,1.1369,1.1236,1.1103,1.097,1.0837,1.0704,1.0571,1.0438,1.0305,1.0172,1.0039,0.9906,0.9773,0.964,0.9507,0.9374,0.9241,0.9108,0.8975,0.8842,0.8709,0.8576,0.8443,0.831,0.8177,0.8044,0.7911,0.7778,0.7645,0.7512,0.7379,0.7246,0.7113,0.698,0.6847,0.6714,0.6581,0.6448,0.6315,0.6182,0.6049,0.5916,0.5783,0.565,0.5517,0.5384,0.5251,0.5118,0.4985,0.4852,0.4719,0.4586,0.4453,0.432,0.4187,0.4054,0.3921,0.3788,0.3655,0.3522,0.3389,0.3256,0.3123,0.299,0.2857,0.2724,0.2591,0.2458,0.2325,0.2192,0.2059,0.1926,0.1793,0.166,0.1527,0.1394,0.1261,0.1128,0.0995,0.0862,0.0729,0.0596,0.0463,0.033,0.0197,0.0064,-0.0069,-0.0202,-0.0335,-0.0468,-0.0601,-0.0734,-0.0867],"unit":"V"},"I":{"value":[-0.001837,-0.001488,-0.001158,-0.00085,-0.000536,-0.000233,4.7e-5,0.000313,0.000564,0.000787,0.000983,0.001145,0.001286,0.001399,0.001488,0.001555,0.001605,0.001646,0.001672,0.001692,0.001706,0.00172,0.001728,0.001734,0.001737,0.001743,0.001743,0.001748,0.00175,0.001752,0.001756,0.001756,0.001759,0.001759,0.001759,0.001761,0.001761,0.001764,0.001765,0.001767,0.001764,0.001766,0.001767,0.001768,0.00177,0.00177,0.001768,0.001768,0.00177,0.00177,0.001773,0.001772,0.001772,0.001771,0.001773,0.001772,0.001774,0.001773,0.001774,0.001776,0.001775,0.001777,0.001776,0.001779,0.001779,0.001779,0.001779,0.001777,0.001778,0.001779,0.001779,0.001779,0.001781,0.00178,0.001781,0.001783,0.001783,0.001782,0.001781,0.001782,0.001783,0.001783,0.001783,0.001783,0.001785,0.001785,0.001784,0.001784,0.001783,0.001784,0.001785,0.001787,0.001789,0.001789,0.001789,0.001789,0.001789,0.001789,0.001788,0.00179],"unit":"A"},"J":{"value":[-0.00016533,-0.00013392,-0.00010421999999999999,-7.649999999999999e-5,-4.824e-5,-2.0969999999999997e-5,4.229999999999999e-6,2.817e-5,5.076e-5,7.083e-5,8.846999999999998e-5,0.00010305,0.00011574,0.00012591,0.00013392,0.00013995,0.00014445000000000001,0.00014813999999999997,0.00015048,0.00015228,0.00015354,0.0001548,0.00015552,0.00015606,0.00015633,0.00015686999999999998,0.00015686999999999998,0.00015732,0.0001575,0.00015768,0.00015804,0.00015804,0.00015831,0.00015831,0.00015831,0.00015848999999999998,0.00015848999999999998,0.00015875999999999998,0.00015885,0.00015902999999999997,0.00015875999999999998,0.00015894,0.00015902999999999997,0.00015912,0.0001593,0.0001593,0.00015912,0.00015912,0.0001593,0.0001593,0.00015957,0.00015947999999999998,0.00015947999999999998,0.00015939,0.00015957,0.00015947999999999998,0.00015966,0.00015957,0.00015966,0.00015984,0.00015975,0.00015993,0.00015984,0.00016010999999999998,0.00016010999999999998,0.00016010999999999998,0.00016010999999999998,0.00015993,0.00016002,0.00016010999999999998,0.00016010999999999998,0.00016010999999999998,0.00016029,0.0001602,0.00016029,0.00016047000000000001,0.00016047000000000001,0.00016037999999999998,0.00016029,0.00016037999999999998,0.00016047000000000001,0.00016047000000000001,0.00016047000000000001,0.00016047000000000001,0.00016064999999999997,0.00016064999999999997,0.00016056,0.00016056,0.00016047000000000001,0.00016056,0.00016064999999999997,0.00016083,0.00016101,0.00016101,0.00016101,0.00016101,0.00016101,0.00016101,0.00016092,0.00016109999999999999],"unit":"A\/cm2"},"voc":{"unit":"V","value":1.154719},"isc":{"unit":"A","value":1.788532},"jsc":{"unit":"mA\/cm2","value":19.872573},"fill_factor":{"unit":"%","value":80.220976},"vmax":{"unit":"V","value":0.9906},"efficiency":{"unit":"%","value":18.408504},"monitor_cell_reading":{"unit":"mV","value":0},"monitor_cell_calibration_value":{"unit":"mV","value":0},"test_device_area":{"unit":"cm2","value":0.09},"num_of_series_connected_stacks":{"unit":"","value":1},"sweep_direction":{"unit":"","value":"Reverse"},"device_id":{"unit":"","value":"OABrMAI0.1-W-1-1-R"},"cell_dimension":{"unit":"cm2","value":0.09},"key":"Reverse_IV OABrMAI0.1-W-1-1"},{"V":{"value":[-0.1,-0.0867,-0.0734,-0.0601,-0.0468,-0.0335,-0.0202,-0.0069,0.0064,0.0197,0.033,0.0463,0.0596,0.0729,0.0862,0.0995,0.1128,0.1261,0.1394,0.1527,0.166,0.1793,0.1926,0.2059,0.2192,0.2325,0.2458,0.2591,0.2724,0.2857,0.299,0.3123,0.3256,0.3389,0.3522,0.3655,0.3788,0.3921,0.4054,0.4187,0.432,0.4453,0.4586,0.4719,0.4852,0.4985,0.5118,0.5251,0.5384,0.5517,0.565,0.5783,0.5916,0.6049,0.6182,0.6315,0.6448,0.6581,0.6714,0.6847,0.698,0.7113,0.7246,0.7379,0.7512,0.7645,0.7778,0.7911,0.8044,0.8177,0.831,0.8443,0.8576,0.8709,0.8842,0.8975,0.9108,0.9241,0.9374,0.9507,0.964,0.9773,0.9906,1.0039,1.0172,1.0305,1.0438,1.0571,1.0704,1.0837,1.097,1.1103,1.1236,1.1369,1.1502,1.1635,1.1768,1.1901,1.2034,1.2167],"unit":"V"},"I":{"value":[0.001763,0.001762,0.00176,0.00176,0.001761,0.001759,0.001761,0.001759,0.001759,0.001759,0.001759,0.001757,0.001759,0.001758,0.00176,0.001758,0.001758,0.001758,0.001756,0.001757,0.001758,0.001758,0.001757,0.001756,0.001757,0.001756,0.001755,0.001757,0.001754,0.001756,0.001754,0.001755,0.001755,0.001756,0.001755,0.001756,0.001754,0.001756,0.001755,0.001756,0.001753,0.001755,0.001753,0.001754,0.001752,0.001755,0.001754,0.001755,0.001753,0.001755,0.001753,0.001753,0.001751,0.001752,0.001752,0.001752,0.001752,0.001752,0.00175,0.001748,0.001746,0.001745,0.001746,0.001745,0.001744,0.001742,0.001741,0.001739,0.001738,0.001736,0.001735,0.001732,0.001728,0.001726,0.001721,0.001715,0.001708,0.001698,0.001683,0.001666,0.001643,0.001618,0.001581,0.001537,0.001482,0.001416,0.001338,0.001244,0.001137,0.001015,0.000886,0.000729,0.000549,0.00035,0.000128,-0.000119,-0.000392,-0.000691,-0.001018,-0.001357],"unit":"A"},"J":{"value":[0.00015867,0.00015858,0.0001584,0.0001584,0.00015848999999999998,0.00015831,0.00015848999999999998,0.00015831,0.00015831,0.00015831,0.00015831,0.00015813,0.00015831,0.00015821999999999999,0.0001584,0.00015821999999999999,0.00015821999999999999,0.00015821999999999999,0.00015804,0.00015813,0.00015821999999999999,0.00015821999999999999,0.00015813,0.00015804,0.00015813,0.00015804,0.00015795,0.00015813,0.00015785999999999998,0.00015804,0.00015785999999999998,0.00015795,0.00015795,0.00015804,0.00015795,0.00015804,0.00015785999999999998,0.00015804,0.00015795,0.00015804,0.00015777,0.00015795,0.00015777,0.00015785999999999998,0.00015768,0.00015795,0.00015785999999999998,0.00015795,0.00015777,0.00015795,0.00015777,0.00015777,0.00015759,0.00015768,0.00015768,0.00015768,0.00015768,0.00015768,0.0001575,0.00015732,0.00015713999999999998,0.00015705,0.00015713999999999998,0.00015705,0.00015696000000000002,0.00015678,0.00015669,0.00015651,0.00015642,0.00015623999999999998,0.00015615,0.00015588,0.00015552,0.00015534000000000001,0.00015489,0.00015434999999999998,0.00015372,0.00015282,0.00015146999999999998,0.00014994,0.00014786999999999998,0.00014562,0.00014229,0.00013832999999999999,0.00013338,0.00012743999999999999,0.00012041999999999999,0.00011196,0.00010232999999999999,9.135e-5,7.973999999999999e-5,6.561e-5,4.9409999999999996e-5,3.15e-5,1.152e-5,-1.071e-5,-3.5279999999999994e-5,-6.219e-5,-9.162e-5,-0.00012213],"unit":"A\/cm2"},"voc":{"unit":"V","value":1.160349},"isc":{"unit":"A","value":1.759254},"jsc":{"unit":"mA\/cm2","value":19.547264},"fill_factor":{"unit":"%","value":77.610368},"vmax":{"unit":"V","value":0.964},"efficiency":{"unit":"%","value":17.603315},"monitor_cell_reading":{"unit":"mV","value":0},"monitor_cell_calibration_value":{"unit":"mV","value":0},"test_device_area":{"unit":"cm2","value":0.09},"num_of_series_connected_stacks":{"unit":"","value":1},"sweep_direction":{"unit":"","value":"Forward"},"device_id":{"unit":"","value":"OABrMAI0.1-W-2-4-F"},"cell_dimension":{"unit":"cm2","value":0.09},"key":"Forward_IV OABrMAI0.1-W-2-4"},{"V":{"value":[-0.1,-0.0867,-0.0734,-0.0601,-0.0468,-0.0335,-0.0202,-0.0069,0.0064,0.0197,0.033,0.0463,0.0596,0.0729,0.0862,0.0995,0.1128,0.1261,0.1394,0.1527,0.166,0.1793,0.1926,0.2059,0.2192,0.2325,0.2458,0.2591,0.2724,0.2857,0.299,0.3123,0.3256,0.3389,0.3522,0.3655,0.3788,0.3921,0.4054,0.4187,0.432,0.4453,0.4586,0.4719,0.4852,0.4985,0.5118,0.5251,0.5384,0.5517,0.565,0.5783,0.5916,0.6049,0.6182,0.6315,0.6448,0.6581,0.6714,0.6847,0.698,0.7113,0.7246,0.7379,0.7512,0.7645,0.7778,0.7911,0.8044,0.8177,0.831,0.8443,0.8576,0.8709,0.8842,0.8975,0.9108,0.9241,0.9374,0.9507,0.964,0.9773,0.9906,1.0039,1.0172,1.0305,1.0438,1.0571,1.0704,1.0837,1.097,1.1103,1.1236,1.1369,1.1502,1.1635,1.1768,1.1901,1.2034,1.2167],"unit":"V"},"I":{"value":[0.001767,0.001766,0.001766,0.001764,0.001762,0.001765,0.001764,0.001764,0.001767,0.001767,0.001767,0.001767,0.001763,0.001764,0.001763,0.001763,0.001763,0.001765,0.001763,0.001764,0.001763,0.001762,0.001763,0.001762,0.001761,0.001761,0.001762,0.001762,0.001763,0.001762,0.001761,0.001762,0.001762,0.001763,0.001763,0.001763,0.001762,0.001763,0.00176,0.00176,0.00176,0.001758,0.00176,0.001761,0.001762,0.001761,0.001759,0.001759,0.001759,0.001759,0.001757,0.001759,0.001758,0.001757,0.001755,0.001756,0.001756,0.001756,0.001755,0.001755,0.001755,0.001753,0.001751,0.00175,0.001751,0.001747,0.001747,0.001745,0.001743,0.00174,0.001737,0.001733,0.00173,0.001723,0.001715,0.001706,0.001694,0.001677,0.001656,0.001628,0.001596,0.001557,0.001504,0.001446,0.001376,0.001298,0.001204,0.001104,0.001001,0.000876,0.000739,0.000584,0.000415,0.000228,4.6e-5,-0.000163,-0.000423,-0.000698,-0.000996,-0.001328],"unit":"A"},"J":{"value":[0.00015902999999999997,0.00015894,0.00015894,0.00015875999999999998,0.00015858,0.00015885,0.00015875999999999998,0.00015875999999999998,0.00015902999999999997,0.00015902999999999997,0.00015902999999999997,0.00015902999999999997,0.00015867,0.00015875999999999998,0.00015867,0.00015867,0.00015867,0.00015885,0.00015867,0.00015875999999999998,0.00015867,0.00015858,0.00015867,0.00015858,0.00015848999999999998,0.00015848999999999998,0.00015858,0.00015858,0.00015867,0.00015858,0.00015848999999999998,0.00015858,0.00015858,0.00015867,0.00015867,0.00015867,0.00015858,0.00015867,0.0001584,0.0001584,0.0001584,0.00015821999999999999,0.0001584,0.00015848999999999998,0.00015858,0.00015848999999999998,0.00015831,0.00015831,0.00015831,0.00015831,0.00015813,0.00015831,0.00015821999999999999,0.00015813,0.00015795,0.00015804,0.00015804,0.00015804,0.00015795,0.00015795,0.00015795,0.00015777,0.00015759,0.0001575,0.00015759,0.00015723,0.00015723,0.00015705,0.00015686999999999998,0.00015659999999999998,0.00015633,0.00015596999999999999,0.0001557,0.00015507,0.00015434999999999998,0.00015354,0.00015246,0.00015093,0.00014904,0.00014652,0.00014364,0.00014013,0.00013535999999999998,0.00013014,0.00012384,0.00011681999999999998,0.00010836,9.936e-5,9.008999999999999e-5,7.884e-5,6.651e-5,5.256e-5,3.735e-5,2.052e-5,4.14e-6,-1.467e-5,-3.807e-5,-6.282e-5,-8.963999999999999e-5,-0.00011952],"unit":"A\/cm2"},"voc":{"unit":"V","value":1.155545},"isc":{"unit":"A","value":1.766927},"jsc":{"unit":"mA\/cm2","value":19.632518},"fill_factor":{"unit":"%","value":76.044445},"vmax":{"unit":"V","value":0.9374},"efficiency":{"unit":"%","value":17.25164},"monitor_cell_reading":{"unit":"mV","value":0},"monitor_cell_calibration_value":{"unit":"mV","value":0},"test_device_area":{"unit":"cm2","value":0.09},"num_of_series_connected_stacks":{"unit":"","value":1},"sweep_direction":{"unit":"","value":"Forward"},"device_id":{"unit":"","value":"OABrMAI0.1-W-2-2-F"},"cell_dimension":{"unit":"cm2","value":0.09},"key":"Forward_IV OABrMAI0.1-W-2-2"},{"V":{"value":[-0.1,-0.0867,-0.0734,-0.0601,-0.0468,-0.0335,-0.0202,-0.0069,0.0064,0.0197,0.033,0.0463,0.0596,0.0729,0.0862,0.0995,0.1128,0.1261,0.1394,0.1527,0.166,0.1793,0.1926,0.2059,0.2192,0.2325,0.2458,0.2591,0.2724,0.2857,0.299,0.3123,0.3256,0.3389,0.3522,0.3655,0.3788,0.3921,0.4054,0.4187,0.432,0.4453,0.4586,0.4719,0.4852,0.4985,0.5118,0.5251,0.5384,0.5517,0.565,0.5783,0.5916,0.6049,0.6182,0.6315,0.6448,0.6581,0.6714,0.6847,0.698,0.7113,0.7246,0.7379,0.7512,0.7645,0.7778,0.7911,0.8044,0.8177,0.831,0.8443,0.8576,0.8709,0.8842,0.8975,0.9108,0.9241,0.9374,0.9507,0.964,0.9773,0.9906,1.0039,1.0172,1.0305,1.0438,1.0571,1.0704,1.0837,1.097,1.1103,1.1236,1.1369,1.1502,1.1635,1.1768,1.1901,1.2034,1.2167],"unit":"V"},"I":{"value":[0.001764,0.001762,0.001761,0.001759,0.001759,0.001758,0.001755,0.001754,0.001755,0.001753,0.001753,0.001753,0.00175,0.001751,0.00175,0.001751,0.00175,0.001751,0.00175,0.001749,0.001747,0.001746,0.001745,0.001744,0.001744,0.001744,0.001742,0.001741,0.00174,0.001738,0.001737,0.001736,0.001736,0.001738,0.001737,0.001739,0.001735,0.001735,0.001733,0.001734,0.001732,0.001735,0.001731,0.00173,0.00173,0.001732,0.00173,0.001731,0.001729,0.001727,0.001727,0.001724,0.001723,0.001721,0.001721,0.00172,0.00172,0.001718,0.001716,0.001716,0.001713,0.00171,0.00171,0.001708,0.001707,0.001706,0.001703,0.001701,0.0017,0.001697,0.001694,0.001688,0.001685,0.001681,0.001676,0.001671,0.001667,0.001656,0.001651,0.001639,0.001626,0.001612,0.001591,0.001565,0.001537,0.001493,0.001442,0.001378,0.001297,0.001198,0.001081,0.000943,0.000778,0.000589,0.000378,0.000139,-0.00012,-0.000401,-0.000702,-0.001025],"unit":"A"},"J":{"value":[0.00015875999999999998,0.00015858,0.00015848999999999998,0.00015831,0.00015831,0.00015821999999999999,0.00015795,0.00015785999999999998,0.00015795,0.00015777,0.00015777,0.00015777,0.0001575,0.00015759,0.0001575,0.00015759,0.0001575,0.00015759,0.0001575,0.00015741,0.00015723,0.00015713999999999998,0.00015705,0.00015696000000000002,0.00015696000000000002,0.00015696000000000002,0.00015678,0.00015669,0.00015659999999999998,0.00015642,0.00015633,0.00015623999999999998,0.00015623999999999998,0.00015642,0.00015633,0.00015651,0.00015615,0.00015615,0.00015596999999999999,0.00015606,0.00015588,0.00015615,0.00015579,0.0001557,0.0001557,0.00015588,0.0001557,0.00015579,0.00015561,0.00015543,0.00015543,0.00015516,0.00015507,0.00015489,0.00015489,0.0001548,0.0001548,0.00015461999999999998,0.00015444,0.00015444,0.00015417,0.0001539,0.0001539,0.00015372,0.00015363,0.00015354,0.00015327,0.00015308999999999999,0.00015299999999999998,0.00015272999999999998,0.00015246,0.00015192,0.00015165,0.00015129,0.00015083999999999999,0.00015039,0.00015003,0.00014904,0.00014858999999999999,0.00014751,0.00014634,0.00014508,0.00014319,0.00014084999999999998,0.00013832999999999999,0.00013437,0.00012978,0.00012402,0.00011672999999999999,0.00010782000000000001,9.728999999999998e-5,8.487e-5,7.002e-5,5.3009999999999996e-5,3.402e-5,1.2509999999999999e-5,-1.08e-5,-3.6089999999999995e-5,-6.318e-5,-9.225e-5],"unit":"A\/cm2"},"voc":{"unit":"V","value":1.173196},"isc":{"unit":"A","value":1.754588},"jsc":{"unit":"mA\/cm2","value":19.495417},"fill_factor":{"unit":"%","value":76.587403},"vmax":{"unit":"V","value":0.9906},"efficiency":{"unit":"%","value":17.517035},"monitor_cell_reading":{"unit":"mV","value":0},"monitor_cell_calibration_value":{"unit":"mV","value":0},"test_device_area":{"unit":"cm2","value":0.09},"num_of_series_connected_stacks":{"unit":"","value":1},"sweep_direction":{"unit":"","value":"Forward"},"device_id":{"unit":"","value":"OABrMAI0.1-W-1-4-F"},"cell_dimension":{"unit":"cm2","value":0.09},"key":"Forward_IV OABrMAI0.1-W-1-4"},{"V":{"value":[-0.1,-0.0867,-0.0734,-0.0601,-0.0468,-0.0335,-0.0202,-0.0069,0.0064,0.0197,0.033,0.0463,0.0596,0.0729,0.0862,0.0995,0.1128,0.1261,0.1394,0.1527,0.166,0.1793,0.1926,0.2059,0.2192,0.2325,0.2458,0.2591,0.2724,0.2857,0.299,0.3123,0.3256,0.3389,0.3522,0.3655,0.3788,0.3921,0.4054,0.4187,0.432,0.4453,0.4586,0.4719,0.4852,0.4985,0.5118,0.5251,0.5384,0.5517,0.565,0.5783,0.5916,0.6049,0.6182,0.6315,0.6448,0.6581,0.6714,0.6847,0.698,0.7113,0.7246,0.7379,0.7512,0.7645,0.7778,0.7911,0.8044,0.8177,0.831,0.8443,0.8576,0.8709,0.8842,0.8975,0.9108,0.9241,0.9374,0.9507,0.964,0.9773,0.9906,1.0039,1.0172,1.0305,1.0438,1.0571,1.0704,1.0837,1.097,1.1103,1.1236,1.1369,1.1502,1.1635,1.1768,1.1901,1.2034,1.2167],"unit":"V"},"I":{"value":[0.001788,0.001787,0.001786,0.001786,0.001783,0.001785,0.001785,0.001784,0.001783,0.001783,0.001782,0.001783,0.001782,0.001781,0.001783,0.001784,0.001782,0.001784,0.001783,0.001783,0.001783,0.001782,0.00178,0.001782,0.001781,0.00178,0.00178,0.001778,0.001782,0.001782,0.00178,0.001781,0.00178,0.001777,0.001777,0.001779,0.001781,0.001781,0.001781,0.001779,0.001778,0.001778,0.001778,0.001777,0.001778,0.001777,0.001776,0.001775,0.001777,0.001776,0.001778,0.001777,0.001777,0.001776,0.001776,0.001775,0.001775,0.001773,0.001774,0.001772,0.001771,0.001772,0.001771,0.001772,0.00177,0.001767,0.001765,0.001765,0.001764,0.001764,0.001761,0.001761,0.001757,0.001754,0.001749,0.001745,0.001739,0.001732,0.001725,0.001715,0.001701,0.001684,0.001659,0.001626,0.001587,0.001536,0.001471,0.001391,0.001294,0.00118,0.001045,0.000896,0.000719,0.00052,0.0003,6.2e-5,-0.000203,-0.000502,-0.000822,-0.001157],"unit":"A"},"J":{"value":[0.00016092,0.00016083,0.00016074,0.00016074,0.00016047000000000001,0.00016064999999999997,0.00016064999999999997,0.00016056,0.00016047000000000001,0.00016047000000000001,0.00016037999999999998,0.00016047000000000001,0.00016037999999999998,0.00016029,0.00016047000000000001,0.00016056,0.00016037999999999998,0.00016056,0.00016047000000000001,0.00016047000000000001,0.00016047000000000001,0.00016037999999999998,0.0001602,0.00016037999999999998,0.00016029,0.0001602,0.0001602,0.00016002,0.00016037999999999998,0.00016037999999999998,0.0001602,0.00016029,0.0001602,0.00015993,0.00015993,0.00016010999999999998,0.00016029,0.00016029,0.00016029,0.00016010999999999998,0.00016002,0.00016002,0.00016002,0.00015993,0.00016002,0.00015993,0.00015984,0.00015975,0.00015993,0.00015984,0.00016002,0.00015993,0.00015993,0.00015984,0.00015984,0.00015975,0.00015975,0.00015957,0.00015966,0.00015947999999999998,0.00015939,0.00015947999999999998,0.00015939,0.00015947999999999998,0.0001593,0.00015902999999999997,0.00015885,0.00015885,0.00015875999999999998,0.00015875999999999998,0.00015848999999999998,0.00015848999999999998,0.00015813,0.00015785999999999998,0.00015741,0.00015705,0.00015651,0.00015588,0.00015524999999999998,0.00015434999999999998,0.00015308999999999999,0.00015156,0.00014931,0.00014634,0.00014283,0.00013824,0.00013239,0.00012519,0.00011645999999999999,0.0001062,9.405e-5,8.064e-5,6.471e-5,4.679999999999999e-5,2.6999999999999996e-5,5.58e-6,-1.827e-5,-4.517999999999999e-5,-7.398e-5,-0.00010413],"unit":"A\/cm2"},"voc":{"unit":"V","value":1.168224},"isc":{"unit":"A","value":1.78301},"jsc":{"unit":"mA\/cm2","value":19.811223},"fill_factor":{"unit":"%","value":79.005609},"vmax":{"unit":"V","value":0.9773},"efficiency":{"unit":"%","value":18.285018},"monitor_cell_reading":{"unit":"mV","value":0},"monitor_cell_calibration_value":{"unit":"mV","value":0},"test_device_area":{"unit":"cm2","value":0.09},"num_of_series_connected_stacks":{"unit":"","value":1},"sweep_direction":{"unit":"","value":"Forward"},"device_id":{"unit":"","value":"OABrMAI0.1-W-1-3-F"},"cell_dimension":{"unit":"cm2","value":0.09},"key":"Forward_IV OABrMAI0.1-W-1-3"},{"V":{"value":[-0.1,-0.0867,-0.0734,-0.0601,-0.0468,-0.0335,-0.0202,-0.0069,0.0064,0.0197,0.033,0.0463,0.0596,0.0729,0.0862,0.0995,0.1128,0.1261,0.1394,0.1527,0.166,0.1793,0.1926,0.2059,0.2192,0.2325,0.2458,0.2591,0.2724,0.2857,0.299,0.3123,0.3256,0.3389,0.3522,0.3655,0.3788,0.3921,0.4054,0.4187,0.432,0.4453,0.4586,0.4719,0.4852,0.4985,0.5118,0.5251,0.5384,0.5517,0.565,0.5783,0.5916,0.6049,0.6182,0.6315,0.6448,0.6581,0.6714,0.6847,0.698,0.7113,0.7246,0.7379,0.7512,0.7645,0.7778,0.7911,0.8044,0.8177,0.831,0.8443,0.8576,0.8709,0.8842,0.8975,0.9108,0.9241,0.9374,0.9507,0.964,0.9773,0.9906,1.0039,1.0172,1.0305,1.0438,1.0571,1.0704,1.0837,1.097,1.1103,1.1236,1.1369,1.1502,1.1635,1.1768,1.1901,1.2034,1.2167],"unit":"V"},"I":{"value":[0.001773,0.001775,0.001773,0.001773,0.00177,0.001771,0.001768,0.001769,0.001767,0.001768,0.001768,0.001769,0.001769,0.001769,0.001769,0.00177,0.001769,0.001769,0.001768,0.001769,0.001766,0.001769,0.001768,0.001769,0.001767,0.001769,0.001766,0.001767,0.001768,0.001768,0.001766,0.001768,0.001767,0.001765,0.001767,0.001768,0.001766,0.001766,0.001765,0.001765,0.001765,0.001763,0.001765,0.001767,0.001765,0.001766,0.001766,0.001766,0.001766,0.001765,0.001764,0.001764,0.001763,0.001765,0.001763,0.001763,0.001764,0.001764,0.001763,0.001762,0.00176,0.001759,0.00176,0.001757,0.001758,0.001756,0.001754,0.001753,0.001752,0.001751,0.001748,0.001744,0.001744,0.00174,0.001736,0.001731,0.001726,0.00172,0.00171,0.001699,0.001683,0.001661,0.001635,0.001598,0.001552,0.001495,0.001421,0.001332,0.001227,0.001105,0.000968,0.000809,0.000632,0.000437,0.000224,-2.0e-6,-0.000249,-0.000516,-0.000797,-0.001084],"unit":"A"},"J":{"value":[0.00015957,0.00015975,0.00015957,0.00015957,0.0001593,0.00015939,0.00015912,0.00015921,0.00015902999999999997,0.00015912,0.00015912,0.00015921,0.00015921,0.00015921,0.00015921,0.0001593,0.00015921,0.00015921,0.00015912,0.00015921,0.00015894,0.00015921,0.00015912,0.00015921,0.00015902999999999997,0.00015921,0.00015894,0.00015902999999999997,0.00015912,0.00015912,0.00015894,0.00015912,0.00015902999999999997,0.00015885,0.00015902999999999997,0.00015912,0.00015894,0.00015894,0.00015885,0.00015885,0.00015885,0.00015867,0.00015885,0.00015902999999999997,0.00015885,0.00015894,0.00015894,0.00015894,0.00015894,0.00015885,0.00015875999999999998,0.00015875999999999998,0.00015867,0.00015885,0.00015867,0.00015867,0.00015875999999999998,0.00015875999999999998,0.00015867,0.00015858,0.0001584,0.00015831,0.0001584,0.00015813,0.00015821999999999999,0.00015804,0.00015785999999999998,0.00015777,0.00015768,0.00015759,0.00015732,0.00015696000000000002,0.00015696000000000002,0.00015659999999999998,0.00015623999999999998,0.00015579,0.00015534000000000001,0.0001548,0.0001539,0.00015291,0.00015146999999999998,0.00014948999999999998,0.00014715,0.00014382,0.00013968,0.00013455,0.00012789,0.00011988,0.00011043,9.945e-5,8.711999999999999e-5,7.281e-5,5.688e-5,3.933e-5,2.016e-5,-1.8e-7,-2.2409999999999997e-5,-4.6439999999999996e-5,-7.172999999999999e-5,-9.755999999999998e-5],"unit":"A\/cm2"},"voc":{"unit":"V","value":1.16481},"isc":{"unit":"A","value":1.766945},"jsc":{"unit":"mA\/cm2","value":19.632724},"fill_factor":{"unit":"%","value":78.858475},"vmax":{"unit":"V","value":0.9773},"efficiency":{"unit":"%","value":18.033671},"monitor_cell_reading":{"unit":"mV","value":0},"monitor_cell_calibration_value":{"unit":"mV","value":0},"test_device_area":{"unit":"cm2","value":0.09},"num_of_series_connected_stacks":{"unit":"","value":1},"sweep_direction":{"unit":"","value":"Forward"},"device_id":{"unit":"","value":"OABrMAI0.1-W-1-2-F"},"cell_dimension":{"unit":"cm2","value":0.09},"key":"Forward_IV OABrMAI0.1-W-1-2"},{"V":{"value":[-0.1,-0.0867,-0.0734,-0.0601,-0.0468,-0.0335,-0.0202,-0.0069,0.0064,0.0197,0.033,0.0463,0.0596,0.0729,0.0862,0.0995,0.1128,0.1261,0.1394,0.1527,0.166,0.1793,0.1926,0.2059,0.2192,0.2325,0.2458,0.2591,0.2724,0.2857,0.299,0.3123,0.3256,0.3389,0.3522,0.3655,0.3788,0.3921,0.4054,0.4187,0.432,0.4453,0.4586,0.4719,0.4852,0.4985,0.5118,0.5251,0.5384,0.5517,0.565,0.5783,0.5916,0.6049,0.6182,0.6315,0.6448,0.6581,0.6714,0.6847,0.698,0.7113,0.7246,0.7379,0.7512,0.7645,0.7778,0.7911,0.8044,0.8177,0.831,0.8443,0.8576,0.8709,0.8842,0.8975,0.9108,0.9241,0.9374,0.9507,0.964,0.9773,0.9906,1.0039,1.0172,1.0305,1.0438,1.0571,1.0704,1.0837,1.097,1.1103,1.1236,1.1369,1.1502,1.1635,1.1768,1.1901,1.2034,1.2167],"unit":"V"},"I":{"value":[0.001791,0.001792,0.001792,0.001791,0.00179,0.001791,0.001789,0.001789,0.00179,0.001786,0.001787,0.001788,0.001788,0.001788,0.001788,0.001786,0.001788,0.001785,0.001787,0.001787,0.001788,0.001787,0.001786,0.001786,0.001786,0.001787,0.001788,0.001786,0.001787,0.001787,0.001786,0.001786,0.001786,0.001785,0.001785,0.001785,0.001785,0.001784,0.001784,0.001786,0.001786,0.001784,0.001786,0.001784,0.001783,0.001784,0.001783,0.001785,0.001785,0.001783,0.001783,0.001784,0.001784,0.001783,0.001783,0.00178,0.00178,0.00178,0.001779,0.00178,0.00178,0.001776,0.001777,0.001776,0.001776,0.001774,0.001773,0.001772,0.001771,0.001768,0.001764,0.001762,0.00176,0.001756,0.001752,0.001746,0.001737,0.001728,0.001715,0.001697,0.001673,0.001643,0.001607,0.001561,0.001506,0.001437,0.001355,0.00126,0.001152,0.001029,0.000898,0.000736,0.000556,0.000352,0.000124,-0.00013,-0.000411,-0.000721,-0.001073,-0.001458],"unit":"A"},"J":{"value":[0.00016119,0.00016128,0.00016128,0.00016119,0.00016109999999999999,0.00016119,0.00016101,0.00016101,0.00016109999999999999,0.00016074,0.00016083,0.00016092,0.00016092,0.00016092,0.00016092,0.00016074,0.00016092,0.00016064999999999997,0.00016083,0.00016083,0.00016092,0.00016083,0.00016074,0.00016074,0.00016074,0.00016083,0.00016092,0.00016074,0.00016083,0.00016083,0.00016074,0.00016074,0.00016074,0.00016064999999999997,0.00016064999999999997,0.00016064999999999997,0.00016064999999999997,0.00016056,0.00016056,0.00016074,0.00016074,0.00016056,0.00016074,0.00016056,0.00016047000000000001,0.00016056,0.00016047000000000001,0.00016064999999999997,0.00016064999999999997,0.00016047000000000001,0.00016047000000000001,0.00016056,0.00016056,0.00016047000000000001,0.00016047000000000001,0.0001602,0.0001602,0.0001602,0.00016010999999999998,0.0001602,0.0001602,0.00015984,0.00015993,0.00015984,0.00015984,0.00015966,0.00015957,0.00015947999999999998,0.00015939,0.00015912,0.00015875999999999998,0.00015858,0.0001584,0.00015804,0.00015768,0.00015713999999999998,0.00015633,0.00015552,0.00015434999999999998,0.00015272999999999998,0.00015057,0.00014786999999999998,0.00014462999999999998,0.00014049,0.00013554,0.00012932999999999998,0.00012195000000000001,0.0001134,0.00010368,9.261e-5,8.082e-5,6.624e-5,5.0039999999999995e-5,3.1679999999999995e-5,1.116e-5,-1.1699999999999998e-5,-3.699e-5,-6.489e-5,-9.656999999999999e-5,-0.00013122],"unit":"A\/cm2"},"voc":{"unit":"V","value":1.157888},"isc":{"unit":"A","value":1.789723},"jsc":{"unit":"mA\/cm2","value":19.88581},"fill_factor":{"unit":"%","value":77.831953},"vmax":{"unit":"V","value":0.9507},"efficiency":{"unit":"%","value":17.921224},"monitor_cell_reading":{"unit":"mV","value":0},"monitor_cell_calibration_value":{"unit":"mV","value":0},"test_device_area":{"unit":"cm2","value":0.09},"num_of_series_connected_stacks":{"unit":"","value":1},"sweep_direction":{"unit":"","value":"Forward"},"device_id":{"unit":"","value":"OABrMAI0.1-W-1-1-F"},"cell_dimension":{"unit":"cm2","value":0.09},"key":"Forward_IV OABrMAI0.1-W-1-1"}]}}