{"_id":"65315de115804d488a7f1afb","id":"CAU-SC-00587","author":67,"group":7,"input":[{"tco":{"unit":"","value":"ITO"}},[],{"htl":[{"material":{"unit":"","value":"PEDOT:PSS"},"concentration":{"unit":"","value":"None"},"conc_unit":{"unit":"","value":"mg\/ml"},"quantity":{"unit":"ml","value":"0.1"}}],"spin_coating":[{"type":{"unit":"","value":"drop&run"},"rpm":{"unit":"","value":"5000"},"time":{"unit":"s","value":"30"}}],"annealing":[{"temperature":{"unit":"oC","value":"150"},"time":{"unit":"m","value":"20"}}]},{"perovskite":{"method":{"unit":"","value":"1step"},"molarity":{"unit":"M","value":"0.9"},"a_site":[{"material":{"unit":"","value":"FA"},"ratio":{"unit":"","value":"55"}},{"material":{"unit":"","value":"DMA"},"ratio":{"unit":"","value":"35"}},{"material":{"unit":"","value":"PEA"},"ratio":{"unit":"","value":"10"}}],"b_site":[{"material":{"unit":"","value":"Sn"},"ratio":{"unit":"","value":"100"}}],"x_site":[{"material":{"unit":"","value":"I"},"ratio":{"unit":"","value":"60"}},{"material":{"unit":"","value":"Br"},"ratio":{"unit":"","value":"30"}},{"material":{"unit":"","value":"Cl"},"ratio":{"unit":"","value":"10"}}],"solvent":[{"material":{"unit":"","value":"DMF"},"volume":{"unit":"ml","value":"0.8"}},{"material":{"unit":"","value":"DMSO"},"volume":{"unit":"ml","value":"0.2"}}],"additive":[{"material":{"unit":"","value":"SnF2"},"solvent":{"unit":"","value":"none"},"concentration":{"unit":"","value":"14"},"conc_unit":{"unit":"","value":"mg\/ml"},"quantity":{"unit":"mol%","value":"10"}},{"material":{"unit":"","value":"Sn"},"solvent":{"unit":"","value":"none"},"concentration":{"unit":"","value":"9"},"conc_unit":{"unit":"","value":"mg\/ml"},"quantity":{"unit":"mol%","value":"7"}}],"stirring_time":[{"unit":"m","value":"120"}],"antisolvent":[{"material":{"unit":"","value":"CB"},"quantity":{"unit":"ul","value":"300"},"dripping_time":{"unit":"s","value":"15"}}],"spin_coating":[{"type":{"unit":"","value":"drop&run"},"rpm":{"unit":"","value":"6000"},"time":{"unit":"s","value":"30"}}],"annealing":[{"temperature":{"unit":"oC","value":"70"},"time":{"unit":"m","value":"10"}}],"atmosphere":[{"type":{"unit":"","value":"N2"},"temperature":{"unit":"oC","value":"25"},"humidity":{"unit":"RH%","value":"0"}}]}},{"perovskite_treatment":[{"material":{"unit":"","value":"EDABr2"},"concentration":{"unit":"","value":"0.5"},"conc_unit":{"unit":"","value":"mg\/ml"},"quantity":{"unit":"ml","value":"0.1"}}],"solvent":[{"material":{"unit":"","value":"IPA"},"volume":{"unit":"ml","value":"1"}}],"spin_coating":[{"type":{"unit":"","value":"dynamic"},"rpm":{"unit":"","value":"4000"},"time":{"unit":"s","value":"30"}}],"annealing":[{"temperature":{"unit":"oC","value":"70"},"time":{"unit":"m","value":"10"}}]},{"etl":[{"material":{"unit":"","value":"PC61BM"},"concentration":{"unit":"","value":"20"},"conc_unit":{"unit":"","value":"mg\/ml"},"quantity":{"unit":"ml","value":"0.05"}}],"solvent":[{"material":{"unit":"","value":"CB"},"volume":{"unit":"ml","value":"0.75"}},{"material":{"unit":"","value":"DCB"},"volume":{"unit":"ml","value":"0.25"}}],"spin_coating":[{"type":{"unit":"","value":"drop&run"},"rpm":{"unit":"","value":"1500"},"time":{"unit":"s","value":"30"}}],"annealing":[{"temperature":{"unit":"oC","value":"70"},"time":{"unit":"m","value":"5"}}]},{"anode_metal":{"unit":"","value":"Ag"}},{"note":{"unit":"","value":"PDF"},"ar":{"unit":"","value":"0"},"type":{"unit":"","value":"unit_cell"},"device_type":{"unit":"","value":"p-i-n"},"temperature":{"unit":"\u2103","value":"25"},"humidity":{"unit":"%","value":"39"},"cell_dimension":{"unit":"cm2","value":"0.04"}}],"fileinfo":[{"key":"22305145","uploadType":"JV","original_name":"22305145.xlsx","save_name":"CAU-SC-00587\/22305145","uploader":67,"fileType":"group"}],"jvcnt":2,"updated_at":"2024-06-03 08:38:35","created_at":"2023-10-19 16:48:33","analysisInfo":{"JV":[{"efficiency":1.9125000000000003,"fill_factor":55.16137405901187,"jsc":7.35,"voc":0.4717142857142857,"key":"reverse_1_22305145","cell_dimension":null},{"efficiency":2.16125,"fill_factor":64.0478316153992,"jsc":7.312499999999999,"voc":0.46146067415730335,"key":"forward_1_22305145","cell_dimension":null}]},"public":2,"analysis":{"JV":[{"V":{"unit":"V","value":[0.7,0.68,0.66,0.64,0.62,0.6,0.58,0.56,0.54,0.52,0.5,0.48,0.46,0.44,0.42,0.4,0.38,0.36,0.34,0.32,0.3,0.28,0.26,0.24,0.22,0.2,0.18,0.16,0.14,0.12,0.1,0.08,0.06,0.04,0.02,0,-0.02,-0.04]},"J":{"unit":"A\/cm2","value":[-0.09035,-0.07629999999999999,-0.06315,-0.0509,-0.03995,-0.030425,-0.022350000000000002,-0.01575,-0.010475,-0.0063,-0.0031,-0.000725,0.0010249999999999999,0.002375,0.003425,0.004175,0.004725,0.005199999999999999,0.005625,0.0059,0.006075,0.006225,0.00645,0.006600000000000001,0.0066500000000000005,0.006725000000000001,0.00685,0.0069500000000000004,0.0069500000000000004,0.006975,0.0070999999999999995,0.007174999999999999,0.007174999999999999,0.007174999999999999,0.0072499999999999995,0.00735,0.007324999999999999,0.007324999999999999]},"I":{"unit":"A","value":[-0.003614,-0.003052,-0.0025259999999999996,-0.002036,-0.001598,-0.001217,-0.000894,-0.00063,-0.000419,-0.000252,-0.000124,-2.9e-5,4.1e-5,9.5e-5,0.00013700000000000002,0.00016700000000000002,0.000189,0.000208,0.000225,0.000236,0.000243,0.000249,0.000258,0.000264,0.000266,0.00026900000000000003,0.00027400000000000005,0.00027800000000000004,0.00027800000000000004,0.000279,0.00028399999999999996,0.000287,0.000287,0.000287,0.00029,0.000294,0.00029299999999999997,0.00029299999999999997]},"efficiency":{"unit":"%","value":1.9125000000000003},"fill_factor":{"unit":"%","value":55.16137405901187},"jsc":{"unit":"mA\/cm2","value":7.35},"isc":{"unit":"mA","value":0.294},"voc":{"unit":"V","value":0.4717142857142857},"sweep_direction":{"unit":"","value":"Reverse"},"key":"reverse_1_22305145"},{"V":{"unit":"V","value":[-0.05,-0.03,-0.01,0.01,0.03,0.05,0.07,0.09,0.11,0.13,0.15,0.17,0.19,0.21,0.23,0.25,0.27,0.29,0.31,0.33,0.35,0.37,0.39,0.41,0.43,0.45,0.47,0.49,0.51,0.53,0.55,0.57,0.59,0.61,0.63,0.65,0.67,0.69]},"J":{"unit":"A\/cm2","value":[0.007174999999999999,0.007225,0.0073,0.007324999999999999,0.007274999999999999,0.007225,0.0072499999999999995,0.0072499999999999995,0.007199999999999999,0.007124999999999999,0.007124999999999999,0.007174999999999999,0.0070999999999999995,0.007000000000000001,0.007000000000000001,0.007000000000000001,0.006900000000000001,0.00675,0.006625,0.006475,0.006175,0.0056749999999999995,0.0050750000000000005,0.00425,0.003,0.0012749999999999999,-0.00095,-0.003825,-0.007525,-0.012125,-0.017575,-0.023925,-0.031225000000000003,-0.039575,-0.048925,-0.059325,-0.07085,-0.0835]},"I":{"unit":"A","value":[0.000287,0.000289,0.000292,0.00029299999999999997,0.00029099999999999997,0.000289,0.00029,0.00029,0.00028799999999999995,0.000285,0.000285,0.000287,0.00028399999999999996,0.00028000000000000003,0.00028000000000000003,0.00028000000000000003,0.00027600000000000004,0.00027,0.000265,0.000259,0.000247,0.00022700000000000002,0.000203,0.00017,0.00011999999999999999,5.1e-5,-3.8e-5,-0.000153,-0.000301,-0.00048499999999999997,-0.000703,-0.000957,-0.0012490000000000001,-0.001583,-0.001957,-0.002373,-0.002834,-0.0033399999999999997]},"efficiency":{"unit":"%","value":2.16125},"fill_factor":{"unit":"%","value":64.0478316153992},"jsc":{"unit":"mA\/cm2","value":7.312499999999999},"isc":{"unit":"mA","value":0.2925},"voc":{"unit":"V","value":0.46146067415730335},"sweep_direction":{"unit":"","value":"Forward"},"key":"forward_1_22305145"}]}}