{"_id":"65314ef0851eea3e48563f07","id":"CAU-SC-00556","author":71,"group":7,"input":[{"tco":{"unit":"","value":"ITO"}},{"htl":[{"material":{"unit":"","value":"NiOx_Solgel"},"concentration":{"unit":"","value":"0.8"},"conc_unit":{"unit":"","value":"M"},"quantity":{"unit":"ml","value":"None"}}],"solvent":[{"material":{"unit":"","value":"EG"},"volume":{"unit":"ml","value":"1"}},{"material":{"unit":"","value":"EDA"},"volume":{"unit":"ml","value":"0.0536"}}],"spin_coating":[{"type":{"unit":"","value":"drop&run"},"rpm":{"unit":"","value":"5000"},"time":{"unit":"s","value":"50"}}],"annealing":[{"temperature":{"unit":"oC","value":"150"},"time":{"unit":"m","value":"5"}},{"temperature":{"unit":"oC","value":"300"},"time":{"unit":"m","value":"60"}}]},{"htl_treatment":[{"material":{"unit":"","value":"MeO-2PACz"},"concentration":{"unit":"","value":"0.4"},"conc_unit":{"unit":"","value":"mg\/ml"},"quantity":{"unit":"ml","value":"None"}}],"solvent":[{"material":{"unit":"","value":"Ethanol"},"volume":{"unit":"ml","value":"1"}}],"spin_coating":[{"type":{"unit":"","value":"drop&run"},"rpm":{"unit":"","value":"5000"},"time":{"unit":"s","value":"20"}}],"annealing":[{"temperature":{"unit":"oC","value":"100"},"time":{"unit":"m","value":"10"}}]},{"perovskite":{"method":{"unit":"","value":"1step"},"molarity":{"unit":"M","value":"1.1"},"a_site":[{"material":{"unit":"","value":"FA"},"ratio":{"unit":"","value":"83.14"}},{"material":{"unit":"","value":"Cs"},"ratio":{"unit":"","value":"16.66"}},{"material":{"unit":"","value":"BA"},"ratio":{"unit":"","value":"2"}}],"b_site":[{"material":{"unit":"","value":"Pb"},"ratio":{"unit":"","value":"100"}}],"x_site":[{"material":{"unit":"","value":"I"},"ratio":{"unit":"","value":"83"}},{"material":{"unit":"","value":"Br"},"ratio":{"unit":"","value":"17"}}],"solvent":[{"material":{"unit":"","value":"DMF"},"volume":{"unit":"ml","value":"0.8"}},{"material":{"unit":"","value":"DMSO"},"volume":{"unit":"ml","value":"0.2"}}],"additive":[{"material":{"unit":"","value":"MACl"},"solvent":{"unit":"","value":"none"},"concentration":{"unit":"","value":"7.4"},"conc_unit":{"unit":"","value":"mg\/ml"},"quantity":{"unit":"mol%","value":"10"}}],"antisolvent":[{"material":{"unit":"","value":"Anisole"},"quantity":{"unit":"ul","value":"300"},"dripping_time":{"unit":"s","value":"25"}}],"spin_coating":[{"type":{"unit":"","value":"drop&run"},"rpm":{"unit":"","value":"4000"},"time":{"unit":"s","value":"30"}}],"annealing":[{"temperature":{"unit":"oC","value":"75"},"time":{"unit":"m","value":"1"}},{"temperature":{"unit":"oC","value":"120"},"time":{"unit":"m","value":"10"}}],"atmosphere":[{"type":{"unit":"","value":"N2"},"temperature":{"unit":"oC","value":"25"},"humidity":{"unit":"RH%","value":"0"}}]}},{"etl":[{"material":{"unit":"","value":"ZnO"},"concentration":{"unit":"","value":"1.25"},"conc_unit":{"unit":"","value":"wt%"},"quantity":{"unit":"ml","value":"None"}}],"solvent":[{"material":{"unit":"","value":"IPA"},"volume":{"unit":"ml","value":"1"}}],"spin_coating":[{"type":{"unit":"","value":"dynamic"},"rpm":{"unit":"","value":"3000"},"time":{"unit":"s","value":"30"}}],"annealing":[{"temperature":{"unit":"oC","value":"100"},"time":{"unit":"m","value":"5"}}]},{"etl":[{"material":{"unit":"","value":"SnO2"},"concentration":{"unit":"","value":"7.5"},"conc_unit":{"unit":"","value":"mg\/ml"},"quantity":{"unit":"ml","value":"None"}}],"solvent":[{"material":{"unit":"","value":"TFE"},"volume":{"unit":"ml","value":"1"}}],"spin_coating":[{"type":{"unit":"","value":"drop&run"},"rpm":{"unit":"","value":"3000"},"time":{"unit":"s","value":"30"}}],"annealing":[{"temperature":{"unit":"oC","value":"100"},"time":{"unit":"m","value":"5"}}]},{"anode_metal":{"unit":"","value":"Cu"}},{"note":{"unit":"","value":"230629 ZnO(Dyn) \/ SnO2 (1\/2) \/ Cu"},"ar":{"unit":"","value":"0"},"type":{"unit":"","value":"unit_cell"},"device_type":{"unit":"","value":"p-i-n"},"temperature":{"unit":"\u2103","value":"25"},"humidity":{"unit":"%","value":"30"},"cell_dimension":{"unit":"cm2","value":"0.04"}}],"fileinfo":[{"key":"423070606","uploadType":"JV","original_name":"423070606.xlsx","save_name":"CAU-SC-00556\/423070606","uploader":71,"fileType":"group"}],"jvcnt":4,"updated_at":"2024-06-03 08:38:35","created_at":"2023-10-19 15:44:48","analysisInfo":{"JV":[{"efficiency":6.2061,"fill_factor":38.71684972798929,"jsc":17.341874999999998,"voc":0.9243207547169812,"key":"reverse_2_423070606","cell_dimension":null},{"efficiency":7.9296250000000015,"fill_factor":47.715549908538705,"jsc":16.076874999999998,"voc":1.0336918238993709,"key":"reverse_1_423070606","cell_dimension":null},{"efficiency":2.2005000000000003,"fill_factor":15.849669957426936,"jsc":16.35625,"voc":0.8488235294117645,"key":"forward_2_423070606","cell_dimension":null},{"efficiency":2.6350000000000002,"fill_factor":20.06255612682266,"jsc":15.556249999999999,"voc":0.8442857142857143,"key":"forward_1_423070606","cell_dimension":null}]},"public":2,"analysis":{"JV":[{"V":{"unit":"V","value":[0.973,0.933,0.893,0.853,0.813,0.773,0.733,0.693,0.653,0.613,0.573,0.533,0.493,0.453,0.413,0.373,0.333,0.293,0.253,0.213,0.173,0.133,0.093,0.053,0.013,-0.027]},"J":{"unit":"A\/cm2","value":[-0.0046,-0.000575,0.002075,0.0037749999999999997,0.004825,0.0055,0.006024999999999999,0.006600000000000001,0.007274999999999999,0.008175,0.009349999999999999,0.01075,0.012299999999999998,0.0137,0.014874999999999998,0.0158,0.016425000000000002,0.016875,0.017075,0.0172,0.01725,0.017299999999999996,0.017375,0.017349999999999997,0.017349999999999997,0.017325]},"I":{"unit":"A","value":[-0.000184,-2.3e-5,8.3e-5,0.00015099999999999998,0.000193,0.00022,0.000241,0.000264,0.00029099999999999997,0.00032700000000000003,0.000374,0.00043,0.000492,0.0005480000000000001,0.0005949999999999999,0.000632,0.000657,0.000675,0.000683,0.0006879999999999999,0.00069,0.0006919999999999999,0.000695,0.000694,0.000694,0.0006929999999999999]},"efficiency":{"unit":"%","value":6.2061},"fill_factor":{"unit":"%","value":38.71684972798929},"jsc":{"unit":"mA\/cm2","value":17.341874999999998},"isc":{"unit":"mA","value":0.6936749999999999},"voc":{"unit":"V","value":0.9243207547169812},"sweep_direction":{"unit":"","value":"Reverse"},"key":"reverse_2_423070606"},{"V":{"unit":"V","value":[1.083,1.043,1.003,0.963,0.923,0.883,0.843,0.803,0.763,0.723,0.683,0.643,0.603,0.563,0.523,0.483,0.443,0.403,0.363,0.323,0.283,0.243,0.203,0.163,0.123,0.083,0.043,0.003,-0.037]},"J":{"unit":"A\/cm2","value":[-0.006725000000000001,-0.0009249999999999999,0.0030499999999999998,0.0057,0.0073999999999999995,0.0086,0.009349999999999999,0.009875,0.010299999999999998,0.0106,0.01095,0.0114,0.011875,0.0125,0.013075000000000002,0.013675000000000001,0.01415,0.014575,0.014924999999999999,0.0152,0.015425,0.015574999999999999,0.015725,0.015875,0.015925,0.016,0.016024999999999998,0.016075,0.0161]},"I":{"unit":"A","value":[-0.00026900000000000003,-3.7e-5,0.000122,0.000228,0.000296,0.00034399999999999996,0.000374,0.000395,0.000412,0.000424,0.000438,0.000456,0.000475,0.0005,0.000523,0.0005470000000000001,0.000566,0.000583,0.000597,0.000608,0.000617,0.000623,0.000629,0.000635,0.000637,0.00064,0.000641,0.000643,0.000644]},"efficiency":{"unit":"%","value":7.9296250000000015},"fill_factor":{"unit":"%","value":47.715549908538705},"jsc":{"unit":"mA\/cm2","value":16.076874999999998},"isc":{"unit":"mA","value":0.643075},"voc":{"unit":"V","value":1.0336918238993709},"sweep_direction":{"unit":"","value":"Reverse"},"key":"reverse_1_423070606"},{"V":{"unit":"V","value":[-0.05,-0.01,0.03,0.07,0.11,0.15,0.19,0.23,0.27,0.31,0.35,0.39,0.43,0.47,0.51,0.55,0.59,0.63,0.67,0.71,0.75,0.79,0.83,0.87,0.91,0.95]},"J":{"unit":"A\/cm2","value":[0.017549999999999996,0.016625,0.01555,0.01445,0.013325000000000002,0.012174999999999998,0.01085,0.009525,0.008150000000000001,0.006925000000000001,0.005874999999999999,0.004975,0.00425,0.0036249999999999998,0.003125,0.0026999999999999997,0.00235,0.002075,0.001825,0.001575,0.0012999999999999997,0.0009249999999999999,0.0004,-0.00044999999999999993,-0.0017000000000000001,-0.0034500000000000004]},"I":{"unit":"A","value":[0.0007019999999999999,0.000665,0.000622,0.000578,0.000533,0.00048699999999999997,0.000434,0.000381,0.000326,0.000277,0.000235,0.000199,0.00017,0.000145,0.000125,0.000108,9.4e-5,8.3e-5,7.3e-5,6.3e-5,5.2e-5,3.7e-5,1.6e-5,-1.7999999999999997e-5,-6.8e-5,-0.00013800000000000002]},"efficiency":{"unit":"%","value":2.2005000000000003},"fill_factor":{"unit":"%","value":15.849669957426936},"jsc":{"unit":"mA\/cm2","value":16.35625},"isc":{"unit":"mA","value":0.65425},"voc":{"unit":"V","value":0.8488235294117645},"sweep_direction":{"unit":"","value":"Forward"},"key":"forward_2_423070606"},{"V":{"unit":"V","value":[-0.05,-0.01,0.03,0.07,0.11,0.15,0.19,0.23,0.27,0.31,0.35,0.39,0.43,0.47,0.51,0.55,0.59,0.63,0.67,0.71,0.75,0.79,0.83,0.87,0.91,0.95]},"J":{"unit":"A\/cm2","value":[0.017474999999999997,0.015825,0.014749999999999997,0.014000000000000002,0.01325,0.0125,0.01165,0.010674999999999999,0.00965,0.0085,0.007324999999999999,0.0062,0.005149999999999999,0.00425,0.0034750000000000002,0.0028250000000000003,0.0023,0.0019,0.001575,0.0012749999999999999,0.0010249999999999999,0.0007,0.00025,-0.00044999999999999993,-0.001575,-0.0032749999999999997]},"I":{"unit":"A","value":[0.000699,0.000633,0.0005899999999999999,0.0005600000000000001,0.00053,0.0005,0.00046600000000000005,0.00042699999999999997,0.000386,0.00034,0.00029299999999999997,0.000248,0.000206,0.00017,0.00013900000000000002,0.00011300000000000001,9.2e-5,7.6e-5,6.3e-5,5.1e-5,4.1e-5,2.8e-5,1.0e-5,-1.7999999999999997e-5,-6.3e-5,-0.000131]},"efficiency":{"unit":"%","value":2.6350000000000002},"fill_factor":{"unit":"%","value":20.06255612682266},"jsc":{"unit":"mA\/cm2","value":15.556249999999999},"isc":{"unit":"mA","value":0.62225},"voc":{"unit":"V","value":0.8442857142857143},"sweep_direction":{"unit":"","value":"Forward"},"key":"forward_1_423070606"}]}}