{"_id":"65294d007f354217dd3f80bf","id":"CAU-SC-00103","author":63,"group":7,"input":[{"tco":{"unit":"","value":"ITO"}},{"htl":[{"material":{"unit":"","value":"PEDOT:PSS"},"concentration":{"unit":"","value":"None"},"conc_unit":{"unit":"","value":"mg\/ml"},"quantity":{"unit":"ml","value":"Material"}}],"spin_coating":[{"type":{"unit":"","value":"drop&run"},"rpm":{"unit":"","value":"5000"},"time":{"unit":"s","value":"30"}}],"annealing":[{"temperature":{"unit":"oC","value":"150"},"time":{"unit":"m","value":"20"}}]},{"perovskite":{"method":{"unit":"","value":"1step"},"molarity":{"unit":"M","value":"1"},"a_site":[{"material":{"unit":"","value":"FA"},"ratio":{"unit":"","value":"75"}},{"material":{"unit":"","value":"MA"},"ratio":{"unit":"","value":"25"}}],"b_site":[{"material":{"unit":"","value":"Sn"},"ratio":{"unit":"","value":"100"}}],"x_site":[{"material":{"unit":"","value":"I"},"ratio":{"unit":"","value":"91.67"}},{"material":{"unit":"","value":"Br"},"ratio":{"unit":"","value":"8.33"}}],"solvent":[{"material":{"unit":"","value":"DMF"},"volume":{"unit":"ml","value":"0.8"}},{"material":{"unit":"","value":"DMSO"},"volume":{"unit":"ml","value":"0.2"}}],"additive":[{"material":{"unit":"","value":"SnF2"},"solvent":{"unit":"","value":"none"},"concentration":{"unit":"","value":"15.6"},"conc_unit":{"unit":"","value":"mg\/ml"},"quantity":{"unit":"mol%","value":"10"}},{"material":{"unit":"","value":"PEAI"},"solvent":{"unit":"","value":"none"},"concentration":{"unit":"","value":"37.36"},"conc_unit":{"unit":"","value":"mg\/ml"},"quantity":{"unit":"mol%","value":"15"}},{"material":{"unit":"","value":"Sn"},"solvent":{"unit":"","value":null},"concentration":{"unit":"","value":"8.3"},"conc_unit":{"unit":"","value":"mg\/ml"},"quantity":{"unit":"mol%","value":"7"}}],"stirring_time":[{"unit":"m","value":"720"}],"antisolvent":[{"material":{"unit":"","value":"CB"},"quantity":{"unit":"ul","value":"300"},"dripping_time":{"unit":"s","value":"16"}}],"spin_coating":[{"type":{"unit":"","value":"drop&run"},"rpm":{"unit":"","value":"5000"},"time":{"unit":"s","value":"60"}}],"annealing":[{"temperature":{"unit":"oC","value":"80"},"time":{"unit":"m","value":"10"}}],"atmosphere":[{"type":{"unit":"","value":"N2"},"temperature":{"unit":"oC","value":"25"},"humidity":{"unit":"RH%","value":"0"}}]}},{"etl":[{"material":{"unit":"","value":"PC61BM"},"concentration":{"unit":"","value":"20"},"conc_unit":{"unit":"","value":"mg\/ml"},"quantity":{"unit":"ml","value":"0.05"}}],"solvent":[{"material":{"unit":"","value":"CB"},"volume":{"unit":"ml","value":"1"}}],"spin_coating":[{"type":{"unit":"","value":"drop&run"},"rpm":{"unit":"","value":"400"},"time":{"unit":"s","value":"2"}},{"type":{"unit":"","value":"drop&run"},"rpm":{"unit":"","value":"1500"},"time":{"unit":"s","value":"30"}}],"annealing":[{"temperature":{"unit":"oC","value":"80"},"time":{"unit":"m","value":"10"}}]},{"anode_metal":{"unit":"","value":"Ag"}},{"note":{"unit":"","value":"FAMAPEA CB 16s"},"ar":{"unit":"","value":"0"},"type":{"unit":"","value":"unit_cell"},"device_type":{"unit":"","value":"p-i-n"},"temperature":{"unit":"\u2103","value":"25"},"humidity":{"unit":"%","value":"25"},"cell_dimension":{"unit":"cm2","value":"0.04"}}],"fileinfo":[{"key":"323042203","uploadType":"JV","original_name":"323042203.xlsx","save_name":"CAU-SC-00103\/323042203","uploader":63,"fileType":"group"}],"updated_at":"2024-06-03 08:38:34","created_at":"2023-10-13 13:58:24","jvcnt":12,"analysisInfo":{"JV":[{"efficiency":7.728,"fill_factor":71.85757598902796,"jsc":18.8,"voc":0.5720535714285714,"key":"reverse_6_323042203","cell_dimension":null},{"efficiency":7.6245,"fill_factor":71.55496600360676,"jsc":18.675,"voc":0.5705726872246696,"key":"reverse_5_323042203","cell_dimension":null},{"efficiency":6.534,"fill_factor":64.5868014722727,"jsc":18.45,"voc":0.5483261802575108,"key":"reverse_4_323042203","cell_dimension":null},{"efficiency":6.654999999999999,"fill_factor":67.14429847157821,"jsc":18,"voc":0.5506382978723405,"key":"reverse_3_323042203","cell_dimension":null},{"efficiency":6.9,"fill_factor":70.07769918064736,"jsc":17.299999999999997,"voc":0.5691452991452991,"key":"reverse_2_323042203","cell_dimension":null},{"efficiency":7.425000000000001,"fill_factor":70.45336693764864,"jsc":18.65,"voc":0.5650877192982456,"key":"reverse_1_323042203","cell_dimension":null},{"efficiency":8.184000000000001,"fill_factor":73.3803328271364,"jsc":19.15,"voc":0.582394366197183,"key":"forward_6_323042203","cell_dimension":null},{"efficiency":8.142,"fill_factor":73.25962105660557,"jsc":19.125,"voc":0.581118881118881,"key":"forward_5_323042203","cell_dimension":null},{"efficiency":6.875,"fill_factor":66.71948402167658,"jsc":18.5,"voc":0.5569911504424779,"key":"forward_4_323042203","cell_dimension":null},{"efficiency":7.04,"fill_factor":69.2046151273619,"jsc":18.15,"voc":0.5604810996563575,"key":"forward_3_323042203","cell_dimension":null},{"efficiency":7.3025,"fill_factor":73.30447330447333,"jsc":17.25,"voc":0.5774999999999999,"key":"forward_2_323042203","cell_dimension":null},{"efficiency":7.831500000000001,"fill_factor":71.60597879919965,"jsc":19.025,"voc":0.5748717948717947,"key":"forward_1_323042203","cell_dimension":null}]},"public":2,"analysis":{"JV":[{"V":{"unit":"V","value":[0.6,0.58,0.56,0.54,0.52,0.5,0.48,0.46,0.44,0.42,0.4,0.38,0.36,0.34,0.32,0.3,0.28,0.26,0.24,0.22,0.2,0.18,0.16,0.14,0.12,0.1,0.08,0.06,0.04,0.02,0,-0.02,-0.04]},"J":{"unit":"A\/cm2","value":[-0.008025000000000001,-0.0022249999999999995,0.003375,0.00805,0.011474999999999999,0.01395,0.0157,0.016800000000000002,0.01745,0.017849999999999998,0.01815,0.01825,0.0184,0.018449999999999998,0.0185,0.0186,0.018574999999999998,0.018625,0.018699999999999998,0.018625,0.018675,0.018699999999999998,0.018699999999999998,0.018725,0.01875,0.018699999999999998,0.018775,0.018725,0.018775,0.01875,0.0188,0.01875,0.018824999999999998]},"I":{"unit":"A","value":[-0.000321,-8.9e-5,0.000135,0.000322,0.00045900000000000004,0.000558,0.000628,0.0006720000000000001,0.0006979999999999999,0.000714,0.000726,0.00073,0.000736,0.0007379999999999999,0.00074,0.000744,0.000743,0.000745,0.000748,0.000745,0.000747,0.000748,0.000748,0.000749,0.00075,0.000748,0.000751,0.000749,0.000751,0.00075,0.000752,0.00075,0.000753]},"efficiency":{"unit":"%","value":7.728},"fill_factor":{"unit":"%","value":71.85757598902796},"jsc":{"unit":"mA\/cm2","value":18.8},"isc":{"unit":"mA","value":0.752},"voc":{"unit":"V","value":0.5720535714285714},"sweep_direction":{"unit":"","value":"Reverse"},"key":"reverse_6_323042203"},{"V":{"unit":"V","value":[0.6,0.58,0.56,0.54,0.52,0.5,0.48,0.46,0.44,0.42,0.4,0.38,0.36,0.34,0.32,0.3,0.28,0.26,0.24,0.22,0.2,0.18,0.16,0.14,0.12,0.1,0.08,0.06,0.04,0.02,0,-0.02,-0.04]},"J":{"unit":"A\/cm2","value":[-0.0085,-0.002675,0.003,0.00775,0.011125,0.013775,0.015475,0.016575,0.017299999999999996,0.017724999999999998,0.01795,0.018175,0.01825,0.018349999999999998,0.018449999999999998,0.018425,0.01855,0.01855,0.01855,0.018574999999999998,0.0186,0.0186,0.018625,0.01865,0.01865,0.018699999999999998,0.01865,0.018675,0.018699999999999998,0.018675,0.018675,0.01875,0.018699999999999998]},"I":{"unit":"A","value":[-0.00034,-0.000107,0.00011999999999999999,0.00031,0.00044500000000000003,0.0005510000000000001,0.000619,0.0006630000000000001,0.0006919999999999999,0.000709,0.000718,0.000727,0.00073,0.000734,0.0007379999999999999,0.000737,0.000742,0.000742,0.000742,0.000743,0.000744,0.000744,0.000745,0.000746,0.000746,0.000748,0.000746,0.000747,0.000748,0.000747,0.000747,0.00075,0.000748]},"efficiency":{"unit":"%","value":7.6245},"fill_factor":{"unit":"%","value":71.55496600360676},"jsc":{"unit":"mA\/cm2","value":18.675},"isc":{"unit":"mA","value":0.747},"voc":{"unit":"V","value":0.5705726872246696},"sweep_direction":{"unit":"","value":"Reverse"},"key":"reverse_5_323042203"},{"V":{"unit":"V","value":[0.6,0.58,0.56,0.54,0.52,0.5,0.48,0.46,0.44,0.42,0.4,0.38,0.36,0.34,0.32,0.3,0.28,0.26,0.24,0.22,0.2,0.18,0.16,0.14,0.12,0.1,0.08,0.06,0.04,0.02,0,-0.02,-0.04]},"J":{"unit":"A\/cm2","value":[-0.017575,-0.010399999999999998,-0.0034000000000000002,0.0024249999999999996,0.007025,0.010174999999999998,0.012424999999999999,0.013875000000000002,0.01485,0.015425,0.0159,0.01625,0.016399999999999998,0.016675000000000002,0.016800000000000002,0.016975,0.017150000000000002,0.017299999999999996,0.017424999999999996,0.017625,0.017724999999999998,0.017849999999999998,0.018,0.018075,0.0182,0.01825,0.018275,0.018325,0.018425,0.018349999999999998,0.018449999999999998,0.018425,0.018449999999999998]},"I":{"unit":"A","value":[-0.000703,-0.000416,-0.000136,9.7e-5,0.00028100000000000005,0.00040699999999999997,0.000497,0.000555,0.000594,0.000617,0.0006360000000000001,0.00065,0.000656,0.0006670000000000001,0.0006720000000000001,0.000679,0.0006860000000000001,0.0006919999999999999,0.0006969999999999999,0.000705,0.000709,0.000714,0.0007199999999999999,0.000723,0.000728,0.00073,0.000731,0.000733,0.000737,0.000734,0.0007379999999999999,0.000737,0.0007379999999999999]},"efficiency":{"unit":"%","value":6.534},"fill_factor":{"unit":"%","value":64.5868014722727},"jsc":{"unit":"mA\/cm2","value":18.45},"isc":{"unit":"mA","value":0.738},"voc":{"unit":"V","value":0.5483261802575108},"sweep_direction":{"unit":"","value":"Reverse"},"key":"reverse_4_323042203"},{"V":{"unit":"V","value":[0.6,0.58,0.56,0.54,0.52,0.5,0.48,0.46,0.44,0.42,0.4,0.38,0.36,0.34,0.32,0.3,0.28,0.26,0.24,0.22,0.2,0.18,0.16,0.14,0.12,0.1,0.08,0.06,0.04,0.02,0,-0.02,-0.04]},"J":{"unit":"A\/cm2","value":[-0.017325,-0.00995,-0.00275,0.003125,0.0076749999999999995,0.01075,0.01285,0.014249999999999999,0.015125,0.01565,0.0161,0.01635,0.016550000000000002,0.016775,0.01685,0.017,0.0171,0.0172,0.017325,0.017474999999999997,0.017549999999999996,0.017625,0.017724999999999998,0.017724999999999998,0.017849999999999998,0.017875,0.017875,0.017924999999999996,0.01795,0.01795,0.018,0.01795,0.01795]},"I":{"unit":"A","value":[-0.0006929999999999999,-0.000398,-0.00011,0.000125,0.000307,0.00043,0.000514,0.00057,0.000605,0.000626,0.000644,0.0006540000000000001,0.000662,0.000671,0.000674,0.00068,0.000684,0.0006879999999999999,0.0006929999999999999,0.000699,0.0007019999999999999,0.000705,0.000709,0.000709,0.000714,0.0007149999999999999,0.0007149999999999999,0.000717,0.000718,0.000718,0.0007199999999999999,0.000718,0.000718]},"efficiency":{"unit":"%","value":6.654999999999999},"fill_factor":{"unit":"%","value":67.14429847157821},"jsc":{"unit":"mA\/cm2","value":18},"isc":{"unit":"mA","value":0.72},"voc":{"unit":"V","value":0.5506382978723405},"sweep_direction":{"unit":"","value":"Reverse"},"key":"reverse_3_323042203"},{"V":{"unit":"V","value":[0.6,0.58,0.56,0.54,0.52,0.5,0.48,0.46,0.44,0.42,0.4,0.38,0.36,0.34,0.32,0.3,0.28,0.26,0.24,0.22,0.2,0.18,0.16,0.14,0.12,0.1,0.08,0.06,0.04,0.02,0,-0.02,-0.04]},"J":{"unit":"A\/cm2","value":[-0.009550000000000001,-0.003175,0.002675,0.0073,0.010475,0.012675,0.014074999999999997,0.015,0.0155,0.015875,0.0161,0.016300000000000002,0.01645,0.016575,0.016625,0.016775,0.016800000000000002,0.016825,0.01695,0.01695,0.016975,0.017025000000000002,0.01705,0.017075,0.017150000000000002,0.017125,0.017175,0.017224999999999997,0.017224999999999997,0.017275,0.017299999999999996,0.017275,0.017325]},"I":{"unit":"A","value":[-0.000382,-0.000127,0.000107,0.000292,0.000419,0.000507,0.0005629999999999999,0.0006,0.00062,0.000635,0.000644,0.000652,0.0006580000000000001,0.0006630000000000001,0.000665,0.000671,0.0006720000000000001,0.0006730000000000001,0.000678,0.000678,0.000679,0.0006810000000000001,0.0006820000000000001,0.000683,0.0006860000000000001,0.0006850000000000001,0.000687,0.0006889999999999999,0.0006889999999999999,0.000691,0.0006919999999999999,0.000691,0.0006929999999999999]},"efficiency":{"unit":"%","value":6.9},"fill_factor":{"unit":"%","value":70.07769918064736},"jsc":{"unit":"mA\/cm2","value":17.299999999999997},"isc":{"unit":"mA","value":0.692},"voc":{"unit":"V","value":0.5691452991452991},"sweep_direction":{"unit":"","value":"Reverse"},"key":"reverse_2_323042203"},{"V":{"unit":"V","value":[0.6,0.58,0.56,0.54,0.52,0.5,0.48,0.46,0.44,0.42,0.4,0.38,0.36,0.34,0.32,0.3,0.28,0.26,0.24,0.22,0.2,0.18,0.16,0.14,0.12,0.1,0.08,0.06,0.04,0.02,0,-0.02,-0.04]},"J":{"unit":"A\/cm2","value":[-0.010025000000000001,-0.00425,0.00145,0.00625,0.009875,0.012775,0.0147,0.016050000000000002,0.016875,0.017325,0.017724999999999998,0.017924999999999996,0.01805,0.018224999999999998,0.018224999999999998,0.018325,0.0184,0.018425,0.018425,0.018525,0.0185,0.018475,0.018574999999999998,0.01855,0.01855,0.0186,0.0186,0.0186,0.01865,0.0186,0.01865,0.018675,0.01865]},"I":{"unit":"A","value":[-0.00040100000000000004,-0.00017,5.8e-5,0.00025,0.000395,0.0005110000000000001,0.000588,0.000642,0.000675,0.0006929999999999999,0.000709,0.000717,0.000722,0.0007289999999999999,0.0007289999999999999,0.000733,0.000736,0.000737,0.000737,0.000741,0.00074,0.000739,0.000743,0.000742,0.000742,0.000744,0.000744,0.000744,0.000746,0.000744,0.000746,0.000747,0.000746]},"efficiency":{"unit":"%","value":7.425000000000001},"fill_factor":{"unit":"%","value":70.45336693764864},"jsc":{"unit":"mA\/cm2","value":18.65},"isc":{"unit":"mA","value":0.746},"voc":{"unit":"V","value":0.5650877192982456},"sweep_direction":{"unit":"","value":"Reverse"},"key":"reverse_1_323042203"},{"V":{"unit":"V","value":[-0.04,-0.02,0,0.02,0.04,0.06,0.08,0.1,0.12,0.14,0.16,0.18,0.2,0.22,0.24,0.26,0.28,0.3,0.32,0.34,0.36,0.38,0.4,0.42,0.44,0.46,0.48,0.5,0.52,0.54,0.56,0.58,0.6]},"J":{"unit":"A\/cm2","value":[0.019350000000000003,0.019225000000000003,0.019149999999999997,0.0192,0.019149999999999997,0.019100000000000002,0.019175,0.019100000000000002,0.019100000000000002,0.019125,0.01905,0.019074999999999998,0.019100000000000002,0.019025,0.01905,0.019025,0.018975000000000002,0.019,0.018975000000000002,0.018875,0.0189,0.018775,0.018675,0.018525,0.01825,0.017775,0.01705,0.0158,0.013725000000000001,0.010799999999999999,0.0065,0.0008500000000000001,-0.00625]},"I":{"unit":"A","value":[0.0007740000000000001,0.000769,0.000766,0.000768,0.000766,0.000764,0.000767,0.000764,0.000764,0.0007650000000000001,0.000762,0.000763,0.000764,0.000761,0.000762,0.000761,0.000759,0.00076,0.000759,0.000755,0.000756,0.000751,0.000747,0.000741,0.00073,0.0007109999999999999,0.0006820000000000001,0.000632,0.000549,0.000432,0.00026000000000000003,3.4e-5,-0.00025]},"efficiency":{"unit":"%","value":8.184000000000001},"fill_factor":{"unit":"%","value":73.3803328271364},"jsc":{"unit":"mA\/cm2","value":19.15},"isc":{"unit":"mA","value":0.766},"voc":{"unit":"V","value":0.582394366197183},"sweep_direction":{"unit":"","value":"Forward"},"key":"forward_6_323042203"},{"V":{"unit":"V","value":[-0.04,-0.02,0,0.02,0.04,0.06,0.08,0.1,0.12,0.14,0.16,0.18,0.2,0.22,0.24,0.26,0.28,0.3,0.32,0.34,0.36,0.38,0.4,0.42,0.44,0.46,0.48,0.5,0.52,0.54,0.56,0.58,0.6]},"J":{"unit":"A\/cm2","value":[0.019325,0.019149999999999997,0.019125,0.019125,0.019100000000000002,0.01905,0.019100000000000002,0.019025,0.01905,0.019025,0.019025,0.019025,0.019,0.018925,0.018949999999999998,0.018975000000000002,0.0189,0.0189,0.018875,0.018824999999999998,0.0188,0.018725,0.018574999999999998,0.018475,0.018125,0.0177,0.016900000000000002,0.015574999999999999,0.013525,0.0105,0.0060999999999999995,0.0004,-0.00675]},"I":{"unit":"A","value":[0.000773,0.000766,0.0007650000000000001,0.0007650000000000001,0.000764,0.000762,0.000764,0.000761,0.000762,0.000761,0.000761,0.000761,0.00076,0.000757,0.000758,0.000759,0.000756,0.000756,0.000755,0.000753,0.000752,0.000749,0.000743,0.000739,0.000725,0.000708,0.0006760000000000001,0.000623,0.000541,0.00041999999999999996,0.000244,1.6e-5,-0.00027]},"efficiency":{"unit":"%","value":8.142},"fill_factor":{"unit":"%","value":73.25962105660557},"jsc":{"unit":"mA\/cm2","value":19.125},"isc":{"unit":"mA","value":0.765},"voc":{"unit":"V","value":0.581118881118881},"sweep_direction":{"unit":"","value":"Forward"},"key":"forward_5_323042203"},{"V":{"unit":"V","value":[-0.04,-0.02,0,0.02,0.04,0.06,0.08,0.1,0.12,0.14,0.16,0.18,0.2,0.22,0.24,0.26,0.28,0.3,0.32,0.34,0.36,0.38,0.4,0.42,0.44,0.46,0.48,0.5,0.52,0.54,0.56,0.58,0.6]},"J":{"unit":"A\/cm2","value":[0.01865,0.01855,0.0185,0.018525,0.018449999999999998,0.018449999999999998,0.018425,0.018325,0.0183,0.018275,0.01815,0.018099999999999998,0.018,0.0179,0.017825,0.0177,0.017549999999999996,0.0175,0.017349999999999997,0.017150000000000002,0.01705,0.016800000000000002,0.016525,0.016175000000000002,0.015625,0.01485,0.01365,0.011725,0.008875,0.0048,-0.0008500000000000001,-0.00795,-0.01665]},"I":{"unit":"A","value":[0.000746,0.000742,0.00074,0.000741,0.0007379999999999999,0.0007379999999999999,0.000737,0.000733,0.000732,0.000731,0.000726,0.0007239999999999999,0.0007199999999999999,0.000716,0.000713,0.000708,0.0007019999999999999,0.0007,0.000694,0.0006860000000000001,0.0006820000000000001,0.0006720000000000001,0.000661,0.000647,0.000625,0.000594,0.000546,0.00046899999999999996,0.00035499999999999996,0.000192,-3.4e-5,-0.00031800000000000003,-0.000666]},"efficiency":{"unit":"%","value":6.875},"fill_factor":{"unit":"%","value":66.71948402167658},"jsc":{"unit":"mA\/cm2","value":18.5},"isc":{"unit":"mA","value":0.74},"voc":{"unit":"V","value":0.5569911504424779},"sweep_direction":{"unit":"","value":"Forward"},"key":"forward_4_323042203"},{"V":{"unit":"V","value":[-0.04,-0.02,0,0.02,0.04,0.06,0.08,0.1,0.12,0.14,0.16,0.18,0.2,0.22,0.24,0.26,0.28,0.3,0.32,0.34,0.36,0.38,0.4,0.42,0.44,0.46,0.48,0.5,0.52,0.54,0.56,0.58,0.6]},"J":{"unit":"A\/cm2","value":[0.0183,0.018175,0.01815,0.018125,0.018125,0.018075,0.01805,0.01805,0.018,0.017974999999999998,0.01795,0.0179,0.017825,0.017799999999999996,0.01775,0.01765,0.017599999999999998,0.017474999999999997,0.01745,0.017325,0.017125,0.01705,0.01675,0.016425000000000002,0.016,0.0153,0.014174999999999998,0.012475,0.00975,0.0057,0.000175,-0.0070999999999999995,-0.0161]},"I":{"unit":"A","value":[0.000732,0.000727,0.000726,0.000725,0.000725,0.000723,0.000722,0.000722,0.0007199999999999999,0.000719,0.000718,0.000716,0.000713,0.000712,0.0007099999999999999,0.0007059999999999999,0.000704,0.000699,0.0006979999999999999,0.0006929999999999999,0.0006850000000000001,0.0006820000000000001,0.00067,0.000657,0.00064,0.000612,0.0005669999999999999,0.000499,0.00039,0.000228,7.0e-6,-0.00028399999999999996,-0.000644]},"efficiency":{"unit":"%","value":7.04},"fill_factor":{"unit":"%","value":69.2046151273619},"jsc":{"unit":"mA\/cm2","value":18.15},"isc":{"unit":"mA","value":0.726},"voc":{"unit":"V","value":0.5604810996563575},"sweep_direction":{"unit":"","value":"Forward"},"key":"forward_3_323042203"},{"V":{"unit":"V","value":[-0.04,-0.02,0,0.02,0.04,0.06,0.08,0.1,0.12,0.14,0.16,0.18,0.2,0.22,0.24,0.26,0.28,0.3,0.32,0.34,0.36,0.38,0.4,0.42,0.44,0.46,0.48,0.5,0.52,0.54,0.56,0.58,0.6]},"J":{"unit":"A\/cm2","value":[0.017349999999999997,0.01725,0.01725,0.01725,0.017224999999999997,0.01725,0.01725,0.017224999999999997,0.017299999999999996,0.01725,0.017275,0.017275,0.017275,0.01725,0.01725,0.0172,0.017224999999999997,0.017175,0.0171,0.01705,0.017,0.01685,0.016725,0.016575,0.01625,0.015875,0.015175,0.014000000000000002,0.012199999999999999,0.00925,0.0050750000000000005,-0.000725,-0.008199999999999999]},"I":{"unit":"A","value":[0.000694,0.00069,0.00069,0.00069,0.0006889999999999999,0.00069,0.00069,0.0006889999999999999,0.0006919999999999999,0.00069,0.000691,0.000691,0.000691,0.00069,0.00069,0.0006879999999999999,0.0006889999999999999,0.000687,0.000684,0.0006820000000000001,0.00068,0.000674,0.000669,0.0006630000000000001,0.00065,0.000635,0.000607,0.0005600000000000001,0.000488,0.00037,0.000203,-2.9e-5,-0.000328]},"efficiency":{"unit":"%","value":7.3025},"fill_factor":{"unit":"%","value":73.30447330447333},"jsc":{"unit":"mA\/cm2","value":17.25},"isc":{"unit":"mA","value":0.69},"voc":{"unit":"V","value":0.5774999999999999},"sweep_direction":{"unit":"","value":"Forward"},"key":"forward_2_323042203"},{"V":{"unit":"V","value":[-0.04,-0.02,0,0.02,0.04,0.06,0.08,0.1,0.12,0.14,0.16,0.18,0.2,0.22,0.24,0.26,0.28,0.3,0.32,0.34,0.36,0.38,0.4,0.42,0.44,0.46,0.48,0.5,0.52,0.54,0.56,0.58,0.6]},"J":{"unit":"A\/cm2","value":[0.0192,0.01905,0.019025,0.018975000000000002,0.019,0.018975000000000002,0.018925,0.018975000000000002,0.0189,0.0189,0.0189,0.0189,0.018824999999999998,0.018875,0.0188,0.018850000000000002,0.018775,0.018725,0.018675,0.01865,0.018525,0.018449999999999998,0.018325,0.017974999999999998,0.0177,0.017025000000000002,0.016050000000000002,0.014549999999999999,0.012199999999999999,0.008875,0.00435,-0.0015,-0.008525]},"I":{"unit":"A","value":[0.000768,0.000762,0.000761,0.000759,0.00076,0.000759,0.000757,0.000759,0.000756,0.000756,0.000756,0.000756,0.000753,0.000755,0.000752,0.000754,0.000751,0.000749,0.000747,0.000746,0.000741,0.0007379999999999999,0.000733,0.000719,0.000708,0.0006810000000000001,0.000642,0.0005819999999999999,0.000488,0.00035499999999999996,0.000174,-5.9999999999999995e-5,-0.00034100000000000005]},"efficiency":{"unit":"%","value":7.831500000000001},"fill_factor":{"unit":"%","value":71.60597879919965},"jsc":{"unit":"mA\/cm2","value":19.025},"isc":{"unit":"mA","value":0.761},"voc":{"unit":"V","value":0.5748717948717947},"sweep_direction":{"unit":"","value":"Forward"},"key":"forward_1_323042203"}]}}