{"_id":"65293c7015804d488a7f1aa7","id":"CAU-SC-00091","author":63,"group":7,"input":[{"tco":{"unit":"","value":"ITO"}},{"htl":[{"material":{"unit":"","value":"PEDOT:PSS"},"concentration":{"unit":"","value":"None"},"conc_unit":{"unit":"","value":"mg\/ml"},"quantity":{"unit":"ml","value":"Material"}}],"spin_coating":[{"type":{"unit":"","value":"drop&run"},"rpm":{"unit":"","value":"5000"},"time":{"unit":"s","value":"30"}}],"annealing":[{"temperature":{"unit":"oC","value":"150"},"time":{"unit":"m","value":"20"}}]},{"perovskite":{"method":{"unit":"","value":"1step"},"molarity":{"unit":"M","value":"1.2"},"a_site":[{"material":{"unit":"","value":"FA"},"ratio":{"unit":"","value":"98"}},{"material":{"unit":"","value":"EDAI2"},"ratio":{"unit":"","value":"1"}}],"b_site":[{"material":{"unit":"","value":"Sn"},"ratio":{"unit":"","value":"100"}}],"x_site":[{"material":{"unit":"","value":"I"},"ratio":{"unit":"","value":"100"}}],"solvent":[{"material":{"unit":"","value":"DMF"},"volume":{"unit":"ml","value":"0.8"}},{"material":{"unit":"","value":"DMSO"},"volume":{"unit":"ml","value":"0.2"}}],"additive":[{"material":{"unit":"","value":"SnF2"},"solvent":{"unit":"","value":"none"},"concentration":{"unit":"","value":"18.72"},"conc_unit":{"unit":"","value":"mg\/ml"},"quantity":{"unit":"mol%","value":"10"}},{"material":{"unit":"","value":"GeI2"},"solvent":{"unit":"","value":"none"},"concentration":{"unit":"","value":"19.6"},"conc_unit":{"unit":"","value":"mg\/ml"},"quantity":{"unit":"mol%","value":"5"}},{"material":{"unit":"","value":"Sn"},"solvent":{"unit":"","value":null},"concentration":{"unit":"","value":"10.0"},"conc_unit":{"unit":"","value":"mg\/ml"},"quantity":{"unit":"mol%","value":"7"}}],"stirring_time":[{"unit":"m","value":"180"}],"antisolvent":[{"material":{"unit":"","value":"CB"},"quantity":{"unit":"ul","value":"300"},"dripping_time":{"unit":"s","value":"22"}}],"spin_coating":[{"type":{"unit":"","value":"drop&run"},"rpm":{"unit":"","value":"3000"},"time":{"unit":"s","value":"30"}}],"annealing":[{"temperature":{"unit":"oC","value":"120"},"time":{"unit":"m","value":"10"}}],"atmosphere":[{"type":{"unit":"","value":"N2"},"temperature":{"unit":"oC","value":"25"},"humidity":{"unit":"RH%","value":"0"}}]}},{"perovskite_treatment":[{"material":{"unit":"","value":"EDAI2"},"concentration":{"unit":"","value":"0.5"},"conc_unit":{"unit":"","value":"mg\/ml"},"quantity":{"unit":"ml","value":"0.05"}}],"solvent":[{"material":{"unit":"","value":"IPA"},"volume":{"unit":"ml","value":"1"}}],"spin_coating":[{"type":{"unit":"","value":"dynamic"},"rpm":{"unit":"","value":"4000"},"time":{"unit":"s","value":"30"}}],"annealing":[{"temperature":{"unit":"oC","value":"120"},"time":{"unit":"m","value":"10"}}]},{"etl":[{"material":{"unit":"","value":"PC61BM"},"concentration":{"unit":"","value":"20"},"conc_unit":{"unit":"","value":"mg\/ml"},"quantity":{"unit":"ml","value":"0.05"}}],"solvent":[{"material":{"unit":"","value":"CB"},"volume":{"unit":"ml","value":"0.75"}},{"material":{"unit":"","value":"DCB"},"volume":{"unit":"ml","value":"0.25"}}],"spin_coating":[{"type":{"unit":"","value":"drop&run"},"rpm":{"unit":"","value":"1500"},"time":{"unit":"s","value":"30"}}],"annealing":[{"temperature":{"unit":"oC","value":"120"},"time":{"unit":"m","value":"10"}}]},{"blocking_buffer_layer":[{"material":{"unit":"","value":"BCP"},"concentration":{"unit":"","value":"0.5"},"conc_unit":{"unit":"","value":"mg\/ml"},"quantity":{"unit":"ml","value":"0.1"}}],"solvent":[{"material":{"unit":"","value":"IPA"},"volume":{"unit":"ml","value":"1"}}],"spin_coating":[{"type":{"unit":"","value":"dynamic"},"rpm":{"unit":"","value":"6000"},"time":{"unit":"s","value":"30"}}],"annealing":[{"temperature":{"unit":"oC","value":"120"},"time":{"unit":"m","value":"10"}}]},{"anode_metal":{"unit":"","value":"Ag"}},{"note":{"unit":"","value":"EDA0.01FA0.98SnI3 - 1.2M with EDAI2 CB 22s"},"ar":{"unit":"","value":"0"},"type":{"unit":"","value":"unit_cell"},"device_type":{"unit":"","value":"p-i-n"},"temperature":{"unit":"\u2103","value":"25"},"humidity":{"unit":"%","value":"15"},"cell_dimension":{"unit":"cm2","value":"0.04"}}],"fileinfo":[{"key":"323021204","uploadType":"JV","original_name":"323021204.xlsx","save_name":"CAU-SC-00091\/323021204","uploader":63,"fileType":"group"},{"key":"323021210","uploadType":"JV","original_name":"323021210.xlsx","save_name":"CAU-SC-00091\/323021210","uploader":63,"fileType":"group"}],"updated_at":"2024-06-03 08:38:34","created_at":"2023-10-13 12:47:44","jvcnt":14,"analysisInfo":{"JV":[{"efficiency":6.649999999999999,"fill_factor":59.96368287187225,"jsc":21.575,"voc":0.5140229885057471,"key":"reverse_4_323021210","cell_dimension":null},{"efficiency":6.569999999999999,"fill_factor":59.95491775838596,"jsc":21.625,"voc":0.5067391304347826,"key":"reverse_3_323021210","cell_dimension":null},{"efficiency":7.6545,"fill_factor":61.93834402620128,"jsc":21.7,"voc":0.5695049504950495,"key":"reverse_3_323021204","cell_dimension":null},{"efficiency":6.615,"fill_factor":59.80420706430504,"jsc":21.675,"voc":0.5103157894736843,"key":"reverse_2_323021210","cell_dimension":null},{"efficiency":8.5675,"fill_factor":65.23534747603159,"jsc":21.7,"voc":0.6052173913043477,"key":"reverse_2_323021204","cell_dimension":null},{"efficiency":6.201,"fill_factor":59.58259189178309,"jsc":21.049999999999997,"voc":0.49441340782122906,"key":"reverse_1_323021210","cell_dimension":null},{"efficiency":7.707,"fill_factor":64.0396390347537,"jsc":20.799999999999997,"voc":0.5785929648241205,"key":"reverse_1_323021204","cell_dimension":null},{"efficiency":9.475,"fill_factor":68.30585644355799,"jsc":22.025,"voc":0.6298039215686275,"key":"forward_4_323021210","cell_dimension":null},{"efficiency":9.475,"fill_factor":67.94810727847683,"jsc":22.125,"voc":0.6302583025830258,"key":"forward_3_323021210","cell_dimension":null},{"efficiency":9.125,"fill_factor":63.820850184329394,"jsc":22.175,"voc":0.6447727272727273,"key":"forward_3_323021204","cell_dimension":null},{"efficiency":10.114,"fill_factor":70.39947638634096,"jsc":22.175,"voc":0.6478730158730159,"key":"forward_2_323021210","cell_dimension":null},{"efficiency":10.64,"fill_factor":69.98535832635014,"jsc":22.175,"voc":0.6856,"key":"forward_2_323021204","cell_dimension":null},{"efficiency":9.828000000000001,"fill_factor":69.57276836331503,"jsc":21.425,"voc":0.6593333333333333,"key":"forward_1_323021210","cell_dimension":null},{"efficiency":9.464,"fill_factor":66.40002883163763,"jsc":21.675,"voc":0.657578125,"key":"forward_1_323021204","cell_dimension":null}]},"public":2,"analysis":{"JV":[{"V":{"unit":"V","value":[0.8,0.78,0.76,0.74,0.72,0.7,0.68,0.66,0.64,0.62,0.6,0.58,0.56,0.54,0.52,0.5,0.48,0.46,0.44,0.42,0.4,0.38,0.36,0.34,0.32,0.3,0.28,0.26,0.24,0.22,0.2,0.18,0.16,0.14,0.12,0.1,0.08,0.06,0.04,0.02,0,-0.02,-0.04]},"J":{"unit":"A\/cm2","value":[-0.12154999999999999,-0.107775,-0.09639999999999999,-0.08575,-0.07554999999999999,-0.06572499999999999,-0.05735,-0.0484,-0.039975000000000004,-0.032025,-0.024599999999999997,-0.0179,-0.0117,-0.006149999999999999,-0.0012999999999999997,0.0030499999999999998,0.006725000000000001,0.00965,0.01235,0.014374999999999999,0.0161,0.0175,0.018449999999999998,0.0193,0.0199,0.02025,0.020674999999999995,0.020849999999999997,0.021049999999999996,0.021224999999999997,0.02125,0.0214,0.0215,0.02145,0.021525,0.02155,0.0215,0.02155,0.02155,0.021525,0.021575,0.02155,0.02145]},"I":{"unit":"A","value":[-0.004862,-0.004311,-0.003856,-0.0034300000000000003,-0.003022,-0.002629,-0.002294,-0.001936,-0.001599,-0.001281,-0.000984,-0.000716,-0.00046800000000000005,-0.000246,-5.2e-5,0.000122,0.00026900000000000003,0.000386,0.000494,0.000575,0.000644,0.0007,0.0007379999999999999,0.000772,0.000796,0.0008100000000000001,0.0008269999999999999,0.000834,0.000842,0.0008489999999999999,0.00085,0.000856,0.00086,0.000858,0.000861,0.000862,0.00086,0.000862,0.000862,0.000861,0.0008629999999999999,0.000862,0.000858]},"efficiency":{"unit":"%","value":6.649999999999999},"fill_factor":{"unit":"%","value":59.96368287187225},"jsc":{"unit":"mA\/cm2","value":21.575},"isc":{"unit":"mA","value":0.863},"voc":{"unit":"V","value":0.5140229885057471},"sweep_direction":{"unit":"","value":"Reverse"},"key":"reverse_4_323021210"},{"V":{"unit":"V","value":[0.8,0.78,0.76,0.74,0.72,0.7,0.68,0.66,0.64,0.62,0.6,0.58,0.56,0.54,0.52,0.5,0.48,0.46,0.44,0.42,0.4,0.38,0.36,0.34,0.32,0.3,0.28,0.26,0.24,0.22,0.2,0.18,0.16,0.14,0.12,0.1,0.08,0.06,0.04,0.02,0,-0.02,-0.04]},"J":{"unit":"A\/cm2","value":[-0.140625,-0.12484999999999999,-0.11170000000000001,-0.099225,-0.08739999999999999,-0.076,-0.065125,-0.055925,-0.04625,-0.037225,-0.028975,-0.021349999999999997,-0.014524999999999998,-0.008475,-0.0030499999999999998,0.00155,0.005525,0.008799999999999999,0.011450000000000002,0.013850000000000001,0.0157,0.017075,0.01825,0.01905,0.0197,0.020300000000000002,0.020599999999999997,0.0209,0.02115,0.021224999999999997,0.021349999999999997,0.021525,0.021425,0.02165,0.021575,0.021599999999999998,0.021675,0.021599999999999998,0.0217,0.021675,0.021625,0.0217,0.0217]},"I":{"unit":"A","value":[-0.005625,-0.004994,-0.004468,-0.0039689999999999994,-0.003496,-0.00304,-0.002605,-0.0022370000000000003,-0.00185,-0.001489,-0.001159,-0.0008539999999999999,-0.0005809999999999999,-0.000339,-0.000122,6.2e-5,0.000221,0.000352,0.000458,0.000554,0.000628,0.000683,0.00073,0.000762,0.0007880000000000001,0.000812,0.000824,0.0008359999999999999,0.000846,0.0008489999999999999,0.0008539999999999999,0.000861,0.000857,0.000866,0.0008629999999999999,0.000864,0.000867,0.000864,0.000868,0.000867,0.000865,0.000868,0.000868]},"efficiency":{"unit":"%","value":6.569999999999999},"fill_factor":{"unit":"%","value":59.95491775838596},"jsc":{"unit":"mA\/cm2","value":21.625},"isc":{"unit":"mA","value":0.865},"voc":{"unit":"V","value":0.5067391304347826},"sweep_direction":{"unit":"","value":"Reverse"},"key":"reverse_3_323021210"},{"V":{"unit":"V","value":[0.8,0.78,0.76,0.74,0.72,0.7,0.68,0.66,0.64,0.62,0.6,0.58,0.56,0.54,0.52,0.5,0.48,0.46,0.44,0.42,0.4,0.38,0.36,0.34,0.32,0.3,0.28,0.26,0.24,0.22,0.2,0.18,0.16,0.14,0.12,0.1,0.08,0.06,0.04,0.02,0,-0.02,-0.04]},"J":{"unit":"A\/cm2","value":[-0.14135,-0.12322500000000002,-0.10565,-0.089075,-0.073575,-0.05909999999999999,-0.046075,-0.03555,-0.025324999999999997,-0.0165,-0.00895,-0.00265,0.0024,0.006575,0.009825,0.012299999999999998,0.014474999999999998,0.016075,0.01725,0.018224999999999998,0.01905,0.0195,0.020050000000000002,0.020375,0.020575,0.020849999999999997,0.020974999999999997,0.021075,0.02125,0.021275,0.021325,0.0215,0.021425,0.02155,0.021625,0.02155,0.02165,0.021625,0.021575,0.021625,0.0217,0.021599999999999998,0.021724999999999998]},"I":{"unit":"A","value":[-0.005654,-0.004929,-0.004226,-0.003563,-0.002943,-0.0023639999999999998,-0.001843,-0.0014219999999999999,-0.0010129999999999998,-0.00066,-0.000358,-0.000106,9.6e-5,0.000263,0.000393,0.000492,0.000579,0.000643,0.00069,0.0007289999999999999,0.000762,0.00078,0.0008020000000000001,0.000815,0.000823,0.000834,0.000839,0.000843,0.00085,0.000851,0.000853,0.00086,0.000857,0.000862,0.000865,0.000862,0.000866,0.000865,0.0008629999999999999,0.000865,0.000868,0.000864,0.000869]},"efficiency":{"unit":"%","value":7.6545},"fill_factor":{"unit":"%","value":61.93834402620128},"jsc":{"unit":"mA\/cm2","value":21.7},"isc":{"unit":"mA","value":0.868},"voc":{"unit":"V","value":0.5695049504950495},"sweep_direction":{"unit":"","value":"Reverse"},"key":"reverse_3_323021204"},{"V":{"unit":"V","value":[0.8,0.78,0.76,0.74,0.72,0.7,0.68,0.66,0.64,0.62,0.6,0.58,0.56,0.54,0.52,0.5,0.48,0.46,0.44,0.42,0.4,0.38,0.36,0.34,0.32,0.3,0.28,0.26,0.24,0.22,0.2,0.18,0.16,0.14,0.12,0.1,0.08,0.06,0.04,0.02,0,-0.02,-0.04]},"J":{"unit":"A\/cm2","value":[-0.154675,-0.13695,-0.12179999999999999,-0.10765000000000001,-0.094125,-0.08120000000000001,-0.06895,-0.057375,-0.047825,-0.037974999999999995,-0.029049999999999996,-0.021075,-0.013875000000000002,-0.00765,-0.0023,0.0024500000000000004,0.006225,0.0094,0.012125,0.014224999999999998,0.016024999999999998,0.017325,0.018375,0.01925,0.019825,0.02025,0.020674999999999995,0.0209,0.021049999999999996,0.021349999999999997,0.021325,0.0215,0.02155,0.0215,0.02165,0.0215,0.02155,0.021675,0.021599999999999998,0.021575,0.021675,0.021575,0.02165]},"I":{"unit":"A","value":[-0.006187000000000001,-0.005477999999999999,-0.004872,-0.004306,-0.003765,-0.003248,-0.002758,-0.0022949999999999997,-0.001913,-0.001519,-0.0011619999999999998,-0.000843,-0.000555,-0.000306,-9.2e-5,9.800000000000001e-5,0.000249,0.000376,0.00048499999999999997,0.000569,0.000641,0.0006929999999999999,0.000735,0.0007700000000000001,0.0007930000000000001,0.0008100000000000001,0.0008269999999999999,0.0008359999999999999,0.000842,0.0008539999999999999,0.000853,0.00086,0.000862,0.00086,0.000866,0.00086,0.000862,0.000867,0.000864,0.0008629999999999999,0.000867,0.0008629999999999999,0.000866]},"efficiency":{"unit":"%","value":6.615},"fill_factor":{"unit":"%","value":59.80420706430504},"jsc":{"unit":"mA\/cm2","value":21.675},"isc":{"unit":"mA","value":0.867},"voc":{"unit":"V","value":0.5103157894736843},"sweep_direction":{"unit":"","value":"Reverse"},"key":"reverse_2_323021210"},{"V":{"unit":"V","value":[0.8,0.78,0.76,0.74,0.72,0.7,0.68,0.66,0.64,0.62,0.6,0.58,0.56,0.54,0.52,0.5,0.48,0.46,0.44,0.42,0.4,0.38,0.36,0.34,0.32,0.3,0.28,0.26,0.24,0.22,0.2,0.18,0.16,0.14,0.12,0.1,0.08,0.06,0.04,0.02,0,-0.02,-0.04]},"J":{"unit":"A\/cm2","value":[-0.110625,-0.0949,-0.079325,-0.06475,-0.05124999999999999,-0.04007499999999999,-0.029025,-0.0195,-0.011224999999999999,-0.00425,0.0015,0.006024999999999999,0.00985,0.012424999999999999,0.0147,0.016425000000000002,0.017625,0.018625,0.019375,0.019850000000000003,0.020275,0.020649999999999998,0.0207,0.021049999999999996,0.021125,0.0212,0.021375,0.021375,0.021425,0.0215,0.021474999999999998,0.02145,0.021575,0.021525,0.0215,0.0217,0.0215,0.0217,0.02165,0.021625,0.0217,0.021675,0.021675]},"I":{"unit":"A","value":[-0.004425,-0.003796,-0.003173,-0.00259,-0.0020499999999999997,-0.001603,-0.0011610000000000001,-0.00078,-0.000449,-0.00017,5.9999999999999995e-5,0.000241,0.00039400000000000004,0.000497,0.000588,0.000657,0.000705,0.000745,0.000775,0.000794,0.0008110000000000001,0.0008259999999999999,0.000828,0.000842,0.0008449999999999999,0.000848,0.000855,0.000855,0.000857,0.00086,0.000859,0.000858,0.0008629999999999999,0.000861,0.00086,0.000868,0.00086,0.000868,0.000866,0.000865,0.000868,0.000867,0.000867]},"efficiency":{"unit":"%","value":8.5675},"fill_factor":{"unit":"%","value":65.23534747603159},"jsc":{"unit":"mA\/cm2","value":21.7},"isc":{"unit":"mA","value":0.868},"voc":{"unit":"V","value":0.6052173913043477},"sweep_direction":{"unit":"","value":"Reverse"},"key":"reverse_2_323021204"},{"V":{"unit":"V","value":[0.8,0.78,0.76,0.74,0.72,0.7,0.68,0.66,0.64,0.62,0.6,0.58,0.56,0.54,0.52,0.5,0.48,0.46,0.44,0.42,0.4,0.38,0.36,0.34,0.32,0.3,0.28,0.26,0.24,0.22,0.2,0.18,0.16,0.14,0.12,0.1,0.08,0.06,0.04,0.02,0,-0.02,-0.04]},"J":{"unit":"A\/cm2","value":[-0.17545,-0.157325,-0.141025,-0.1256,-0.1107,-0.09632500000000001,-0.08255,-0.069575,-0.05745,-0.047349999999999996,-0.03717500000000001,-0.028050000000000002,-0.01995,-0.0127,-0.006625,-0.00125,0.003225,0.006875,0.00995,0.01235,0.014399999999999998,0.016050000000000002,0.017224999999999997,0.018224999999999998,0.019025,0.0195,0.019975,0.020300000000000002,0.020425,0.020775,0.020849999999999997,0.020875,0.021099999999999997,0.02095,0.021099999999999997,0.021099999999999997,0.021075,0.02115,0.021049999999999996,0.021049999999999996,0.021049999999999996,0.021075,0.020974999999999997]},"I":{"unit":"A","value":[-0.007018,-0.006293,-0.005641,-0.005024,-0.004428,-0.003853,-0.0033020000000000002,-0.002783,-0.002298,-0.0018939999999999999,-0.001487,-0.0011220000000000002,-0.000798,-0.000508,-0.000265,-5.0e-5,0.000129,0.000275,0.000398,0.000494,0.0005759999999999999,0.000642,0.0006889999999999999,0.0007289999999999999,0.000761,0.00078,0.000799,0.000812,0.0008169999999999999,0.0008309999999999999,0.000834,0.0008349999999999999,0.000844,0.000838,0.000844,0.000844,0.000843,0.000846,0.000842,0.000842,0.000842,0.000843,0.000839]},"efficiency":{"unit":"%","value":6.201},"fill_factor":{"unit":"%","value":59.58259189178309},"jsc":{"unit":"mA\/cm2","value":21.049999999999997},"isc":{"unit":"mA","value":0.842},"voc":{"unit":"V","value":0.49441340782122906},"sweep_direction":{"unit":"","value":"Reverse"},"key":"reverse_1_323021210"},{"V":{"unit":"V","value":[0.8,0.78,0.76,0.74,0.72,0.7,0.68,0.66,0.64,0.62,0.6,0.58,0.56,0.54,0.52,0.5,0.48,0.46,0.44,0.42,0.4,0.38,0.36,0.34,0.32,0.3,0.28,0.26,0.24,0.22,0.2,0.18,0.16,0.14,0.12,0.1,0.08,0.06,0.04,0.02,0,-0.02,-0.04]},"J":{"unit":"A\/cm2","value":[-0.14859999999999998,-0.1316,-0.112825,-0.09469999999999999,-0.077475,-0.061475,-0.04695,-0.035199999999999995,-0.02395,-0.014524999999999998,-0.0067,-0.00035,0.004625,0.008525,0.0114,0.013600000000000001,0.015349999999999999,0.016675000000000002,0.017474999999999997,0.018349999999999998,0.018850000000000002,0.01925,0.019600000000000003,0.019875,0.019975,0.020225,0.020300000000000002,0.020300000000000002,0.020524999999999998,0.0205,0.02055,0.020649999999999998,0.020625,0.020575,0.02075,0.020599999999999997,0.02075,0.02075,0.0207,0.020724999999999997,0.020799999999999996,0.02075,0.020775]},"I":{"unit":"A","value":[-0.005944,-0.0052640000000000004,-0.004513,-0.0037879999999999997,-0.003099,-0.0024590000000000002,-0.001878,-0.001408,-0.000958,-0.0005809999999999999,-0.000268,-1.4e-5,0.000185,0.00034100000000000005,0.000456,0.000544,0.000614,0.0006670000000000001,0.000699,0.000734,0.000754,0.0007700000000000001,0.0007840000000000001,0.000795,0.000799,0.000809,0.000812,0.000812,0.0008209999999999999,0.00082,0.0008219999999999999,0.0008259999999999999,0.000825,0.000823,0.00083,0.000824,0.00083,0.00083,0.000828,0.000829,0.000832,0.00083,0.0008309999999999999]},"efficiency":{"unit":"%","value":7.707},"fill_factor":{"unit":"%","value":64.0396390347537},"jsc":{"unit":"mA\/cm2","value":20.799999999999997},"isc":{"unit":"mA","value":0.832},"voc":{"unit":"V","value":0.5785929648241205},"sweep_direction":{"unit":"","value":"Reverse"},"key":"reverse_1_323021204"},{"V":{"unit":"V","value":[-0.04,-0.02,0,0.02,0.04,0.06,0.08,0.1,0.12,0.14,0.16,0.18,0.2,0.22,0.24,0.26,0.28,0.3,0.32,0.34,0.36,0.38,0.4,0.42,0.44,0.46,0.48,0.5,0.52,0.54,0.56,0.58,0.6,0.62,0.64,0.66,0.68,0.7,0.72,0.74,0.76,0.78,0.8]},"J":{"unit":"A\/cm2","value":[0.022699999999999998,0.022,0.022025,0.021775,0.021825,0.021775,0.021625,0.0217,0.021599999999999998,0.02155,0.02155,0.021474999999999998,0.021474999999999998,0.021474999999999998,0.021325,0.021325,0.02125,0.0212,0.021224999999999997,0.021125,0.020924999999999996,0.02095,0.020674999999999995,0.020575,0.020375,0.02,0.019600000000000003,0.018949999999999998,0.017974999999999998,0.016675000000000002,0.014725,0.011924999999999998,0.00825,0.003125,-0.00325,-0.011175000000000001,-0.02075,-0.0317,-0.04425,-0.058074999999999995,-0.073125,-0.089225,-0.10625]},"I":{"unit":"A","value":[0.0009080000000000001,0.00088,0.0008810000000000001,0.000871,0.000873,0.000871,0.000865,0.000868,0.000864,0.000862,0.000862,0.000859,0.000859,0.000859,0.000853,0.000853,0.00085,0.000848,0.0008489999999999999,0.0008449999999999999,0.000837,0.000838,0.0008269999999999999,0.000823,0.000815,0.0008,0.0007840000000000001,0.000758,0.000719,0.0006670000000000001,0.000589,0.000477,0.00033,0.000125,-0.00013000000000000002,-0.000447,-0.00083,-0.001268,-0.00177,-0.002323,-0.0029249999999999996,-0.003569,-0.00425]},"efficiency":{"unit":"%","value":9.475},"fill_factor":{"unit":"%","value":68.30585644355799},"jsc":{"unit":"mA\/cm2","value":22.025},"isc":{"unit":"mA","value":0.881},"voc":{"unit":"V","value":0.6298039215686275},"sweep_direction":{"unit":"","value":"Forward"},"key":"forward_4_323021210"},{"V":{"unit":"V","value":[-0.04,-0.02,0,0.02,0.04,0.06,0.08,0.1,0.12,0.14,0.16,0.18,0.2,0.22,0.24,0.26,0.28,0.3,0.32,0.34,0.36,0.38,0.4,0.42,0.44,0.46,0.48,0.5,0.52,0.54,0.56,0.58,0.6,0.62,0.64,0.66,0.68,0.7,0.72,0.74,0.76,0.78,0.8]},"J":{"unit":"A\/cm2","value":[0.022949999999999998,0.0222,0.022125,0.021925,0.02195,0.021849999999999998,0.021724999999999998,0.021875,0.02175,0.021724999999999998,0.0218,0.021675,0.021675,0.0217,0.0215,0.021525,0.021474999999999998,0.021349999999999997,0.021275,0.02125,0.021025,0.02095,0.020825,0.020524999999999998,0.020425,0.020025,0.019475000000000003,0.018949999999999998,0.017924999999999996,0.016675000000000002,0.01485,0.012174999999999998,0.008400000000000001,0.0034750000000000002,-0.0033000000000000004,-0.0117,-0.022125,-0.034575,-0.048850000000000005,-0.064975,-0.082675,-0.10177499999999999,-0.12204999999999998]},"I":{"unit":"A","value":[0.0009180000000000001,0.000888,0.000885,0.000877,0.000878,0.000874,0.000869,0.000875,0.00087,0.000869,0.0008719999999999999,0.000867,0.000867,0.000868,0.00086,0.000861,0.000859,0.0008539999999999999,0.000851,0.00085,0.000841,0.000838,0.000833,0.0008209999999999999,0.0008169999999999999,0.0008010000000000001,0.0007790000000000001,0.000758,0.000717,0.0006670000000000001,0.000594,0.00048699999999999997,0.00033600000000000004,0.00013900000000000002,-0.000132,-0.00046800000000000005,-0.000885,-0.0013830000000000001,-0.001954,-0.002599,-0.003307,-0.004071,-0.004882]},"efficiency":{"unit":"%","value":9.475},"fill_factor":{"unit":"%","value":67.94810727847683},"jsc":{"unit":"mA\/cm2","value":22.125},"isc":{"unit":"mA","value":0.885},"voc":{"unit":"V","value":0.6302583025830258},"sweep_direction":{"unit":"","value":"Forward"},"key":"forward_3_323021210"},{"V":{"unit":"V","value":[-0.04,-0.02,0,0.02,0.04,0.06,0.08,0.1,0.12,0.14,0.16,0.18,0.2,0.22,0.24,0.26,0.28,0.3,0.32,0.34,0.36,0.38,0.4,0.42,0.44,0.46,0.48,0.5,0.52,0.54,0.56,0.58,0.6,0.62,0.64,0.66,0.68,0.7,0.72,0.74,0.76,0.78,0.8]},"J":{"unit":"A\/cm2","value":[0.022775,0.022375,0.022175,0.022125,0.022125,0.0219,0.021974999999999998,0.021875,0.021675,0.021724999999999998,0.02165,0.021525,0.021599999999999998,0.021474999999999998,0.021375,0.0213,0.021275,0.021075,0.02115,0.020875,0.020724999999999997,0.020649999999999998,0.02025,0.020125,0.019725000000000003,0.0193,0.018775,0.01825,0.017275,0.016274999999999998,0.01485,0.012825,0.010275,0.006575,0.001575,-0.005025,-0.014074999999999997,-0.0255,-0.03982499999999999,-0.057225,-0.07794999999999999,-0.1014,-0.12785]},"I":{"unit":"A","value":[0.000911,0.0008950000000000001,0.000887,0.000885,0.000885,0.000876,0.000879,0.000875,0.000867,0.000869,0.000866,0.000861,0.000864,0.000859,0.000855,0.000852,0.000851,0.000843,0.000846,0.0008349999999999999,0.000829,0.0008259999999999999,0.0008100000000000001,0.000805,0.000789,0.000772,0.000751,0.00073,0.000691,0.000651,0.000594,0.000513,0.00041099999999999996,0.000263,6.3e-5,-0.000201,-0.0005629999999999999,-0.00102,-0.001593,-0.0022890000000000002,-0.0031179999999999997,-0.004056,-0.005114]},"efficiency":{"unit":"%","value":9.125},"fill_factor":{"unit":"%","value":63.820850184329394},"jsc":{"unit":"mA\/cm2","value":22.175},"isc":{"unit":"mA","value":0.887},"voc":{"unit":"V","value":0.6447727272727273},"sweep_direction":{"unit":"","value":"Forward"},"key":"forward_3_323021204"},{"V":{"unit":"V","value":[-0.04,-0.02,0,0.02,0.04,0.06,0.08,0.1,0.12,0.14,0.16,0.18,0.2,0.22,0.24,0.26,0.28,0.3,0.32,0.34,0.36,0.38,0.4,0.42,0.44,0.46,0.48,0.5,0.52,0.54,0.56,0.58,0.6,0.62,0.64,0.66,0.68,0.7,0.72,0.74,0.76,0.78,0.8]},"J":{"unit":"A\/cm2","value":[0.023,0.02225,0.022175,0.022,0.0219,0.021974999999999998,0.02175,0.021825,0.02175,0.021675,0.02175,0.021599999999999998,0.02165,0.021599999999999998,0.02155,0.0215,0.021575,0.021349999999999997,0.0215,0.021325,0.02125,0.0213,0.021049999999999996,0.021049999999999996,0.020849999999999997,0.020649999999999998,0.020399999999999998,0.019975,0.01945,0.01865,0.017424999999999996,0.01555,0.0129,0.008825,0.0031,-0.004775000000000001,-0.01525,-0.028349999999999997,-0.044275,-0.06284999999999999,-0.08372500000000001,-0.106675,-0.13135]},"I":{"unit":"A","value":[0.00092,0.0008900000000000001,0.000887,0.00088,0.000876,0.000879,0.00087,0.000873,0.00087,0.000867,0.00087,0.000864,0.000866,0.000864,0.000862,0.00086,0.0008629999999999999,0.0008539999999999999,0.00086,0.000853,0.00085,0.000852,0.000842,0.000842,0.000834,0.0008259999999999999,0.000816,0.000799,0.000778,0.000746,0.0006969999999999999,0.000622,0.000516,0.00035299999999999996,0.000124,-0.000191,-0.00061,-0.0011339999999999998,-0.001771,-0.0025139999999999997,-0.0033490000000000004,-0.004267,-0.005254]},"efficiency":{"unit":"%","value":10.114},"fill_factor":{"unit":"%","value":70.39947638634096},"jsc":{"unit":"mA\/cm2","value":22.175},"isc":{"unit":"mA","value":0.887},"voc":{"unit":"V","value":0.6478730158730159},"sweep_direction":{"unit":"","value":"Forward"},"key":"forward_2_323021210"},{"V":{"unit":"V","value":[-0.04,-0.02,0,0.02,0.04,0.06,0.08,0.1,0.12,0.14,0.16,0.18,0.2,0.22,0.24,0.26,0.28,0.3,0.32,0.34,0.36,0.38,0.4,0.42,0.44,0.46,0.48,0.5,0.52,0.54,0.56,0.58,0.6,0.62,0.64,0.66,0.68,0.7,0.72,0.74,0.76,0.78,0.8]},"J":{"unit":"A\/cm2","value":[0.022775,0.022375,0.022175,0.022125,0.0221,0.021925,0.022,0.021925,0.0218,0.021849999999999998,0.021775,0.021675,0.02175,0.021625,0.021599999999999998,0.021575,0.0215,0.0214,0.021525,0.0213,0.0213,0.021275,0.021099999999999997,0.021075,0.020924999999999996,0.020724999999999997,0.020575,0.020375,0.019925000000000002,0.019675,0.019,0.01805,0.016875,0.014924999999999999,0.01215,0.008150000000000001,0.002275,-0.00585,-0.016725,-0.03095,-0.048475000000000004,-0.069525,-0.09395]},"I":{"unit":"A","value":[0.000911,0.0008950000000000001,0.000887,0.000885,0.000884,0.000877,0.00088,0.000877,0.0008719999999999999,0.000874,0.000871,0.000867,0.00087,0.000865,0.000864,0.0008629999999999999,0.00086,0.000856,0.000861,0.000852,0.000852,0.000851,0.000844,0.000843,0.000837,0.000829,0.000823,0.000815,0.0007970000000000001,0.000787,0.00076,0.000722,0.000675,0.000597,0.000486,0.000326,9.1e-5,-0.00023400000000000002,-0.000669,-0.001238,-0.001939,-0.002781,-0.003758]},"efficiency":{"unit":"%","value":10.64},"fill_factor":{"unit":"%","value":69.98535832635014},"jsc":{"unit":"mA\/cm2","value":22.175},"isc":{"unit":"mA","value":0.887},"voc":{"unit":"V","value":0.6856},"sweep_direction":{"unit":"","value":"Forward"},"key":"forward_2_323021204"},{"V":{"unit":"V","value":[-0.04,-0.02,0,0.02,0.04,0.06,0.08,0.1,0.12,0.14,0.16,0.18,0.2,0.22,0.24,0.26,0.28,0.3,0.32,0.34,0.36,0.38,0.4,0.42,0.44,0.46,0.48,0.5,0.52,0.54,0.56,0.58,0.6,0.62,0.64,0.66,0.68,0.7,0.72,0.74,0.76,0.78,0.8]},"J":{"unit":"A\/cm2","value":[0.022375,0.0217,0.021425,0.021474999999999998,0.021349999999999997,0.021224999999999997,0.0213,0.021125,0.0212,0.021175,0.021049999999999996,0.021099999999999997,0.021049999999999996,0.02095,0.020974999999999997,0.02095,0.020825,0.020875,0.02075,0.020674999999999995,0.020724999999999997,0.020474999999999997,0.02045,0.020375,0.02015,0.020025,0.019675,0.0193,0.0189,0.018125,0.01725,0.015975,0.013925,0.011,0.006525,-0.00022499999999999997,-0.009800000000000001,-0.023025000000000004,-0.040174999999999995,-0.061175,-0.08582499999999998,-0.11355,-0.143875]},"I":{"unit":"A","value":[0.0008950000000000001,0.000868,0.000857,0.000859,0.0008539999999999999,0.0008489999999999999,0.000852,0.0008449999999999999,0.000848,0.000847,0.000842,0.000844,0.000842,0.000838,0.000839,0.000838,0.000833,0.0008349999999999999,0.00083,0.0008269999999999999,0.000829,0.000819,0.0008179999999999999,0.000815,0.0008060000000000001,0.0008010000000000001,0.000787,0.000772,0.000756,0.000725,0.00069,0.000639,0.0005570000000000001,0.00044,0.000261,-8.999999999999999e-6,-0.00039200000000000004,-0.000921,-0.001607,-0.002447,-0.003433,-0.004542,-0.005755]},"efficiency":{"unit":"%","value":9.828000000000001},"fill_factor":{"unit":"%","value":69.57276836331503},"jsc":{"unit":"mA\/cm2","value":21.425},"isc":{"unit":"mA","value":0.857},"voc":{"unit":"V","value":0.6593333333333333},"sweep_direction":{"unit":"","value":"Forward"},"key":"forward_1_323021210"},{"V":{"unit":"V","value":[-0.04,-0.02,0,0.02,0.04,0.06,0.08,0.1,0.12,0.14,0.16,0.18,0.2,0.22,0.24,0.26,0.28,0.3,0.32,0.34,0.36,0.38,0.4,0.42,0.44,0.46,0.48,0.5,0.52,0.54,0.56,0.58,0.6,0.62,0.64,0.66,0.68,0.7,0.72,0.74,0.76,0.78,0.8]},"J":{"unit":"A\/cm2","value":[0.022525,0.0219,0.021675,0.021525,0.0215,0.021425,0.021224999999999997,0.021325,0.02115,0.021049999999999996,0.021099999999999997,0.020924999999999996,0.020875,0.020849999999999997,0.02075,0.020625,0.0207,0.020474999999999997,0.02045,0.020425,0.0202,0.0201,0.020025,0.019775,0.019675,0.01945,0.019025,0.018725,0.0182,0.017424999999999996,0.016525,0.015099999999999999,0.012975,0.0101,0.005625,-0.000775,-0.009574999999999998,-0.02175,-0.03717500000000001,-0.056350000000000004,-0.079425,-0.105675,-0.135125]},"I":{"unit":"A","value":[0.000901,0.000876,0.000867,0.000861,0.00086,0.000857,0.0008489999999999999,0.000853,0.000846,0.000842,0.000844,0.000837,0.0008349999999999999,0.000834,0.00083,0.000825,0.000828,0.000819,0.0008179999999999999,0.0008169999999999999,0.000808,0.000804,0.0008010000000000001,0.000791,0.000787,0.000778,0.000761,0.000749,0.000728,0.0006969999999999999,0.000661,0.0006039999999999999,0.000519,0.000404,0.000225,-3.1e-5,-0.000383,-0.00087,-0.001487,-0.002254,-0.003177,-0.004227000000000001,-0.005405]},"efficiency":{"unit":"%","value":9.464},"fill_factor":{"unit":"%","value":66.40002883163763},"jsc":{"unit":"mA\/cm2","value":21.675},"isc":{"unit":"mA","value":0.867},"voc":{"unit":"V","value":0.657578125},"sweep_direction":{"unit":"","value":"Forward"},"key":"forward_1_323021204"}]}}