{"_id":"65294a9768333e4c3d5bbff9","id":"CAU-SC-00099","author":63,"group":7,"input":[{"tco":{"unit":"","value":"ITO"}},{"htl":[{"material":{"unit":"","value":"PEDOT:PSS"},"concentration":{"unit":"","value":"None"},"conc_unit":{"unit":"","value":"mg\/ml"},"quantity":{"unit":"ml","value":"Material"}}],"spin_coating":[{"type":{"unit":"","value":"drop&run"},"rpm":{"unit":"","value":"5000"},"time":{"unit":"s","value":"30"}}],"annealing":[{"temperature":{"unit":"oC","value":"150"},"time":{"unit":"m","value":"20"}}]},{"perovskite":{"method":{"unit":"","value":"1step"},"molarity":{"unit":"M","value":"1"},"a_site":[{"material":{"unit":"","value":"FA"},"ratio":{"unit":"","value":"75"}},{"material":{"unit":"","value":"MA"},"ratio":{"unit":"","value":"25"}}],"b_site":[{"material":{"unit":"","value":"Sn"},"ratio":{"unit":"","value":"100"}}],"x_site":[{"material":{"unit":"","value":"I"},"ratio":{"unit":"","value":"100"}}],"solvent":[{"material":{"unit":"","value":"DMSO"},"volume":{"unit":"ml","value":"1"}}],"additive":[{"material":{"unit":"","value":"SnF2"},"solvent":{"unit":"","value":"none"},"concentration":{"unit":"","value":"15.6"},"conc_unit":{"unit":"","value":"mg\/ml"},"quantity":{"unit":"mol%","value":"10"}},{"material":{"unit":"","value":"Sn"},"solvent":{"unit":"","value":null},"concentration":{"unit":"","value":"8.3"},"conc_unit":{"unit":"","value":"mg\/ml"},"quantity":{"unit":"mol%","value":"7"}}],"stirring_time":[{"unit":"m","value":"180"}],"antisolvent":[{"material":{"unit":"","value":"CB"},"quantity":{"unit":"ul","value":"300"},"dripping_time":{"unit":"s","value":"70"}}],"spin_coating":[{"type":{"unit":"","value":"drop&run"},"rpm":{"unit":"","value":"1000"},"time":{"unit":"s","value":"10"}},{"type":{"unit":"","value":"drop&run"},"rpm":{"unit":"","value":"5000"},"time":{"unit":"s","value":"80"}}],"annealing":[{"temperature":{"unit":"oC","value":"100"},"time":{"unit":"m","value":"10"}}],"atmosphere":[{"type":{"unit":"","value":"N2"},"temperature":{"unit":"oC","value":"25"},"humidity":{"unit":"RH%","value":"0"}}]}},{"etl":[{"material":{"unit":"","value":"PC61BM"},"concentration":{"unit":"","value":"20"},"conc_unit":{"unit":"","value":"mg\/ml"},"quantity":{"unit":"ml","value":"0.05"}}],"solvent":[{"material":{"unit":"","value":"CB"},"volume":{"unit":"ml","value":"1"}}],"spin_coating":[{"type":{"unit":"","value":"drop&run"},"rpm":{"unit":"","value":"400"},"time":{"unit":"s","value":"2"}},{"type":{"unit":"","value":"drop&run"},"rpm":{"unit":"","value":"1500"},"time":{"unit":"s","value":"30"}}],"annealing":[{"temperature":{"unit":"oC","value":"80"},"time":{"unit":"m","value":"10"}}]},{"anode_metal":{"unit":"","value":"Ag"}},{"note":{"unit":"","value":"FAMASnI3-CB60 100oc 10min"},"ar":{"unit":"","value":"0"},"type":{"unit":"","value":"unit_cell"},"device_type":{"unit":"","value":"p-i-n"},"temperature":{"unit":"\u2103","value":"25"},"humidity":{"unit":"%","value":"25"},"cell_dimension":{"unit":"cm2","value":"0.04"}}],"fileinfo":[{"key":"323042210","uploadType":"JV","original_name":"323042210.xlsx","save_name":"CAU-SC-00099\/323042210","uploader":63,"fileType":"group"}],"updated_at":"2024-06-03 08:38:34","created_at":"2023-10-13 13:48:07","jvcnt":2,"analysisInfo":{"JV":[{"efficiency":1.22,"fill_factor":43.82143889928922,"jsc":18.15,"voc":0.1533898305084746,"key":"reverse_1_323042210","cell_dimension":null},{"efficiency":4.4174999999999995,"fill_factor":56.60649778613247,"jsc":18.95,"voc":0.41181395348837213,"key":"forward_1_323042210","cell_dimension":null}]},"public":2,"analysis":{"JV":[{"V":{"unit":"V","value":[0.6,0.58,0.56,0.54,0.52,0.5,0.48,0.46,0.44,0.42,0.4,0.38,0.36,0.34,0.32,0.3,0.28,0.26,0.24,0.22,0.2,0.18,0.16,0.14,0.12,0.1,0.08,0.06,0.04,0.02,0,-0.02,-0.04]},"J":{"unit":"A\/cm2","value":[-0.207625,-0.224125,-0.22067499999999998,-0.21252499999999996,-0.20135,-0.18835,-0.17425,-0.159725,-0.14532499999999998,-0.13147499999999998,-0.1185,-0.10657499999999999,-0.095525,-0.085,-0.07465000000000001,-0.0643,-0.055125,-0.044925,-0.03505,-0.025624999999999995,-0.016925,-0.008975,-0.00195,0.00395,0.00875,0.012199999999999999,0.014674999999999999,0.016300000000000002,0.017275,0.017775,0.01815,0.018375,0.01855]},"I":{"unit":"A","value":[-0.008305,-0.008964999999999999,-0.008827,-0.008501,-0.008054,-0.007534,-0.00697,-0.006389000000000001,-0.005813,-0.005259000000000001,-0.00474,-0.004263,-0.003821,-0.0034,-0.0029860000000000004,-0.002572,-0.002205,-0.001797,-0.0014019999999999998,-0.0010249999999999999,-0.0006770000000000001,-0.000359,-7.8e-5,0.000158,0.00035,0.000488,0.000587,0.000652,0.000691,0.0007109999999999999,0.000726,0.000735,0.000742]},"efficiency":{"unit":"%","value":1.22},"fill_factor":{"unit":"%","value":43.82143889928922},"jsc":{"unit":"mA\/cm2","value":18.15},"isc":{"unit":"mA","value":0.726},"voc":{"unit":"V","value":0.1533898305084746},"sweep_direction":{"unit":"","value":"Reverse"},"key":"reverse_1_323042210"},{"V":{"unit":"V","value":[-0.04,-0.02,0,0.02,0.04,0.06,0.08,0.1,0.12,0.14,0.16,0.18,0.2,0.22,0.24,0.26,0.28,0.3,0.32,0.34,0.36,0.38,0.4,0.42,0.44,0.46,0.48,0.5,0.52,0.54,0.56,0.58,0.6]},"J":{"unit":"A\/cm2","value":[0.0192,0.01905,0.018949999999999998,0.018875,0.018775,0.018675,0.01865,0.018449999999999998,0.018425,0.01825,0.01805,0.0179,0.017599999999999998,0.0172,0.016800000000000002,0.016225,0.01555,0.014725,0.013625,0.012125,0.01005,0.007124999999999999,0.003175,-0.0021999999999999997,-0.00965,-0.0193,-0.032100000000000004,-0.0486,-0.069175,-0.09452500000000001,-0.12397499999999999,-0.15775,-0.19544999999999998]},"I":{"unit":"A","value":[0.000768,0.000762,0.000758,0.000755,0.000751,0.000747,0.000746,0.0007379999999999999,0.000737,0.00073,0.000722,0.000716,0.000704,0.0006879999999999999,0.0006720000000000001,0.0006490000000000001,0.000622,0.000589,0.000545,0.00048499999999999997,0.000402,0.000285,0.000127,-8.8e-5,-0.000386,-0.000772,-0.001284,-0.001944,-0.002767,-0.003781,-0.004959,-0.00631,-0.007818]},"efficiency":{"unit":"%","value":4.4174999999999995},"fill_factor":{"unit":"%","value":56.60649778613247},"jsc":{"unit":"mA\/cm2","value":18.95},"isc":{"unit":"mA","value":0.758},"voc":{"unit":"V","value":0.41181395348837213},"sweep_direction":{"unit":"","value":"Forward"},"key":"forward_1_323042210"}]}}