{"_id":"65313b4c5d0e997149349cc1","id":"CAU-SC-00509","author":71,"group":7,"input":[{"tco":{"unit":"","value":"ITO"}},{"htl":[{"material":{"unit":"","value":"NiOx_Solgel"},"concentration":{"unit":"","value":"0.8"},"conc_unit":{"unit":"","value":"M"},"quantity":{"unit":"ml","value":"None"}}],"solvent":[{"material":{"unit":"","value":"EG"},"volume":{"unit":"ml","value":"1"}},{"material":{"unit":"","value":"EDA"},"volume":{"unit":"ml","value":"0.0536"}}],"spin_coating":[{"type":{"unit":"","value":"drop&run"},"rpm":{"unit":"","value":"5000"},"time":{"unit":"s","value":"50"}}],"annealing":[{"temperature":{"unit":"oC","value":"150"},"time":{"unit":"m","value":"5"}},{"temperature":{"unit":"oC","value":"300"},"time":{"unit":"m","value":"60"}}]},{"htl_treatment":[{"material":{"unit":"","value":"MeO-2PACz"},"concentration":{"unit":"","value":"0.4"},"conc_unit":{"unit":"","value":"mg\/ml"},"quantity":{"unit":"ml","value":"None"}}],"solvent":[{"material":{"unit":"","value":"Ethanol"},"volume":{"unit":"ml","value":"1"}}],"spin_coating":[{"type":{"unit":"","value":"drop&run"},"rpm":{"unit":"","value":"5000"},"time":{"unit":"s","value":"20"}}],"annealing":[{"temperature":{"unit":"oC","value":"100"},"time":{"unit":"m","value":"10"}}]},{"perovskite":{"method":{"unit":"","value":"1step"},"molarity":{"unit":"M","value":"1.1"},"a_site":[{"material":{"unit":"","value":"FA"},"ratio":{"unit":"","value":"83.14"}},{"material":{"unit":"","value":"Cs"},"ratio":{"unit":"","value":"16.66"}},{"material":{"unit":"","value":"BA"},"ratio":{"unit":"","value":"2"}}],"b_site":[{"material":{"unit":"","value":"Pb"},"ratio":{"unit":"","value":"100"}}],"x_site":[{"material":{"unit":"","value":"I"},"ratio":{"unit":"","value":"83"}},{"material":{"unit":"","value":"Br"},"ratio":{"unit":"","value":"17"}}],"solvent":[{"material":{"unit":"","value":"DMF"},"volume":{"unit":"ml","value":"0.8"}},{"material":{"unit":"","value":"DMSO"},"volume":{"unit":"ml","value":"0.2"}}],"additive":[{"material":{"unit":"","value":"MACl"},"solvent":{"unit":"","value":"none"},"concentration":{"unit":"","value":"7.4"},"conc_unit":{"unit":"","value":"mg\/ml"},"quantity":{"unit":"mol%","value":"10"}}],"antisolvent":[{"material":{"unit":"","value":"Anisole"},"quantity":{"unit":"ul","value":"300"},"dripping_time":{"unit":"s","value":"25"}}],"spin_coating":[{"type":{"unit":"","value":"drop&run"},"rpm":{"unit":"","value":"4000"},"time":{"unit":"s","value":"30"}}],"annealing":[{"temperature":{"unit":"oC","value":"75"},"time":{"unit":"m","value":"1"}},{"temperature":{"unit":"oC","value":"120"},"time":{"unit":"m","value":"10"}}],"atmosphere":[{"type":{"unit":"","value":"N2"},"temperature":{"unit":"oC","value":"25"},"humidity":{"unit":"RH%","value":"0"}}]}},{"etl":[{"material":{"unit":"","value":"C60"},"concentration":{"unit":"","value":"None"},"conc_unit":{"unit":"","value":"mg\/ml"},"quantity":{"unit":"ml","value":"None"}}],"thermal_evaporation":[{"vacuum_evaporation_thickness":{"unit":"nm","value":"23"},"evaporation_rate":{"unit":"\u00c5\/s","value":"0.1"},"vacuum_pressure":{"unit":"uTorr","value":"3"}}]},{"blocking_buffer_layer":[{"material":{"unit":"","value":"BCP"},"concentration":{"unit":"","value":"0.5"},"conc_unit":{"unit":"","value":"mg\/ml"},"quantity":{"unit":"ml","value":"None"}}],"solvent":[{"material":{"unit":"","value":"IPA"},"volume":{"unit":"ml","value":"1"}}],"spin_coating":[{"type":{"unit":"","value":"drop&run"},"rpm":{"unit":"","value":"4000"},"time":{"unit":"s","value":"20"}}]},{"anode_metal":{"unit":"","value":"Ag"}},{"note":{"unit":"","value":"221018 C60 \/ BCP \/ Ag"},"ar":{"unit":"","value":"0"},"type":{"unit":"","value":"unit_cell"},"device_type":{"unit":"","value":"p-i-n"},"temperature":{"unit":"\u2103","value":"25"},"humidity":{"unit":"%","value":"30"},"cell_dimension":{"unit":"cm2","value":"0.04"}},[],[],[],[]],"fileinfo":[{"key":"422101803","uploadType":"JV","original_name":"422101803.xlsx","save_name":"CAU-SC-00509\/422101803","uploader":71,"fileType":"group"}],"jvcnt":18,"updated_at":"2024-06-03 08:38:35","created_at":"2023-10-19 14:21:00","analysisInfo":{"JV":[{"efficiency":15.013625,"fill_factor":70.69042158796509,"jsc":19.565625,"voc":1.085503597122302,"key":"reverse_9_422101803","cell_dimension":null},{"efficiency":14.37725,"fill_factor":67.43345289605838,"jsc":19.95,"voc":1.0687042253521126,"key":"reverse_8_422101803","cell_dimension":null},{"efficiency":14.4759,"fill_factor":67.44116199100716,"jsc":20.122500000000002,"voc":1.0666909090909091,"key":"reverse_7_422101803","cell_dimension":null},{"efficiency":15.2835,"fill_factor":70.44148850463456,"jsc":20.15375,"voc":1.076560471976401,"key":"reverse_6_422101803","cell_dimension":null},{"efficiency":16.5232,"fill_factor":71.37647632367093,"jsc":21.275000000000006,"voc":1.0881016949152542,"key":"reverse_5_422101803","cell_dimension":null},{"efficiency":16.012175,"fill_factor":69.81702985227504,"jsc":21.401874999999997,"voc":1.0716109324758842,"key":"reverse_4_422101803","cell_dimension":null},{"efficiency":15.717799999999999,"fill_factor":68.92633159936234,"jsc":21.459999999999997,"voc":1.0626172839506174,"key":"reverse_3_422101803","cell_dimension":null},{"efficiency":16.383149999999997,"fill_factor":71.97713459537543,"jsc":21.228749999999994,"voc":1.0722064896755161,"key":"reverse_2_422101803","cell_dimension":null},{"efficiency":17.17755,"fill_factor":75.0306991566197,"jsc":21.075,"voc":1.0863121693121693,"key":"reverse_1_422101803","cell_dimension":null},{"efficiency":14.55075,"fill_factor":68.85922369003859,"jsc":19.65625,"voc":1.075034965034965,"key":"forward_9_422101803","cell_dimension":null},{"efficiency":15.07275,"fill_factor":70.1571360451669,"jsc":20.03125,"voc":1.072537764350453,"key":"forward_8_422101803","cell_dimension":null},{"efficiency":15.246749999999997,"fill_factor":70.4858212504515,"jsc":20.18125,"voc":1.0718338108882521,"key":"forward_7_422101803","cell_dimension":null},{"efficiency":15.485999999999999,"fill_factor":71.25081563860059,"jsc":20.224999999999998,"voc":1.0746347607052897,"key":"forward_6_422101803","cell_dimension":null},{"efficiency":16.1385,"fill_factor":70.20524108649882,"jsc":21.3375,"voc":1.0773333333333333,"key":"forward_5_422101803","cell_dimension":null},{"efficiency":16.791,"fill_factor":72.7002088475413,"jsc":21.468749999999996,"voc":1.0758064516129033,"key":"forward_4_422101803","cell_dimension":null},{"efficiency":16.85625,"fill_factor":73.11856227155191,"jsc":21.4875,"voc":1.0728708133971292,"key":"forward_3_422101803","cell_dimension":null},{"efficiency":16.81275,"fill_factor":73.32323565644458,"jsc":21.34375,"voc":1.0743020594965675,"key":"forward_2_422101803","cell_dimension":null},{"efficiency":16.68225,"fill_factor":73.44331333148449,"jsc":21.112499999999997,"voc":1.0758771929824562,"key":"forward_1_422101803","cell_dimension":null}]},"public":2,"analysis":{"JV":[{"V":{"unit":"V","value":[1.135,1.095,1.055,1.015,0.975,0.935,0.895,0.855,0.815,0.775,0.735,0.695,0.655,0.615,0.575,0.535,0.495,0.455,0.415,0.375,0.335,0.295,0.255,0.215,0.175,0.135,0.095,0.055,0.015,-0.025]},"J":{"unit":"A\/cm2","value":[-0.010924999999999999,-0.0016500000000000002,0.0053,0.01025,0.0137,0.0157,0.016775,0.01745,0.017724999999999998,0.018025,0.0183,0.018525,0.0188,0.01905,0.019175,0.019274999999999997,0.019399999999999997,0.019375,0.01945,0.019475000000000003,0.019475000000000003,0.0195,0.01955,0.0195,0.019524999999999997,0.019575,0.019524999999999997,0.019625,0.019575,0.01955]},"I":{"unit":"A","value":[-0.000437,-6.6e-5,0.000212,0.00041,0.0005480000000000001,0.000628,0.000671,0.0006979999999999999,0.000709,0.000721,0.000732,0.000741,0.000752,0.000762,0.000767,0.000771,0.000776,0.000775,0.000778,0.0007790000000000001,0.0007790000000000001,0.00078,0.000782,0.00078,0.000781,0.0007830000000000001,0.000781,0.000785,0.0007830000000000001,0.000782]},"efficiency":{"unit":"%","value":15.013625},"fill_factor":{"unit":"%","value":70.69042158796509},"jsc":{"unit":"mA\/cm2","value":19.565625},"isc":{"unit":"mA","value":0.782625},"voc":{"unit":"V","value":1.085503597122302},"sweep_direction":{"unit":"","value":"Reverse"},"key":"reverse_9_422101803"},{"V":{"unit":"V","value":[1.118,1.078,1.038,0.998,0.958,0.918,0.878,0.838,0.798,0.758,0.718,0.678,0.638,0.598,0.558,0.518,0.478,0.438,0.398,0.358,0.318,0.278,0.238,0.198,0.158,0.118,0.078,0.038,-0.002,-0.042]},"J":{"unit":"A\/cm2","value":[-0.011575,-0.0016500000000000002,0.00545,0.010424999999999999,0.013550000000000001,0.0154,0.016375,0.017025000000000002,0.017599999999999998,0.018075,0.018525,0.018925,0.0192,0.019399999999999997,0.019575,0.019625,0.0197,0.019825,0.019775,0.019825,0.0199,0.019875,0.019925000000000002,0.019925000000000002,0.0199,0.0199,0.01995,0.01995,0.01995,0.020050000000000002]},"I":{"unit":"A","value":[-0.00046300000000000003,-6.6e-5,0.00021799999999999999,0.000417,0.0005420000000000001,0.000616,0.000655,0.0006810000000000001,0.000704,0.000723,0.000741,0.000757,0.000768,0.000776,0.0007830000000000001,0.000785,0.0007880000000000001,0.0007930000000000001,0.000791,0.0007930000000000001,0.000796,0.000795,0.0007970000000000001,0.0007970000000000001,0.000796,0.000796,0.000798,0.000798,0.000798,0.0008020000000000001]},"efficiency":{"unit":"%","value":14.37725},"fill_factor":{"unit":"%","value":67.43345289605838},"jsc":{"unit":"mA\/cm2","value":19.95},"isc":{"unit":"mA","value":0.798},"voc":{"unit":"V","value":1.0687042253521126},"sweep_direction":{"unit":"","value":"Reverse"},"key":"reverse_8_422101803"},{"V":{"unit":"V","value":[1.116,1.076,1.036,0.996,0.956,0.916,0.876,0.836,0.796,0.756,0.716,0.676,0.636,0.596,0.556,0.516,0.476,0.436,0.396,0.356,0.316,0.276,0.236,0.196,0.156,0.116,0.076,0.036,-0.004,-0.044]},"J":{"unit":"A\/cm2","value":[-0.0109,-0.0016,0.005274999999999999,0.010275,0.013525,0.015449999999999998,0.016525,0.0171,0.017674999999999996,0.018125,0.01855,0.018925,0.019274999999999997,0.0195,0.0197,0.019825,0.019850000000000003,0.01995,0.01995,0.01995,0.020025,0.019975,0.020050000000000002,0.0201,0.0201,0.0201,0.02015,0.0201,0.020125,0.020175000000000002]},"I":{"unit":"A","value":[-0.00043599999999999997,-6.4e-5,0.000211,0.00041099999999999996,0.000541,0.000618,0.000661,0.000684,0.000707,0.000725,0.000742,0.000757,0.000771,0.00078,0.0007880000000000001,0.0007930000000000001,0.000794,0.000798,0.000798,0.000798,0.0008010000000000001,0.000799,0.0008020000000000001,0.000804,0.000804,0.000804,0.0008060000000000001,0.000804,0.000805,0.0008070000000000001]},"efficiency":{"unit":"%","value":14.4759},"fill_factor":{"unit":"%","value":67.44116199100716},"jsc":{"unit":"mA\/cm2","value":20.122500000000002},"isc":{"unit":"mA","value":0.8049000000000002},"voc":{"unit":"V","value":1.0666909090909091},"sweep_direction":{"unit":"","value":"Reverse"},"key":"reverse_7_422101803"},{"V":{"unit":"V","value":[1.126,1.086,1.046,1.006,0.966,0.926,0.886,0.846,0.806,0.766,0.726,0.686,0.646,0.606,0.566,0.526,0.486,0.446,0.406,0.366,0.326,0.286,0.246,0.206,0.166,0.126,0.086,0.046,0.006,-0.034]},"J":{"unit":"A\/cm2","value":[-0.015125,-0.002,0.006475,0.011774999999999999,0.014825,0.016375,0.01725,0.017724999999999998,0.018025,0.018525,0.0188,0.019125,0.019475000000000003,0.01965,0.0198,0.019925000000000002,0.019975,0.01995,0.020050000000000002,0.0201,0.020050000000000002,0.02015,0.020075,0.020050000000000002,0.02015,0.020125,0.02015,0.02015,0.02015,0.020175000000000002]},"I":{"unit":"A","value":[-0.000605,-8.0e-5,0.000259,0.00047099999999999996,0.000593,0.000655,0.00069,0.000709,0.000721,0.000741,0.000752,0.0007650000000000001,0.0007790000000000001,0.000786,0.0007920000000000001,0.0007970000000000001,0.000799,0.000798,0.0008020000000000001,0.000804,0.0008020000000000001,0.0008060000000000001,0.000803,0.0008020000000000001,0.0008060000000000001,0.000805,0.0008060000000000001,0.0008060000000000001,0.0008060000000000001,0.0008070000000000001]},"efficiency":{"unit":"%","value":15.2835},"fill_factor":{"unit":"%","value":70.44148850463456},"jsc":{"unit":"mA\/cm2","value":20.15375},"isc":{"unit":"mA","value":0.80615},"voc":{"unit":"V","value":1.076560471976401},"sweep_direction":{"unit":"","value":"Reverse"},"key":"reverse_6_422101803"},{"V":{"unit":"V","value":[1.138,1.098,1.058,1.018,0.978,0.938,0.898,0.858,0.818,0.778,0.738,0.698,0.658,0.618,0.578,0.538,0.498,0.458,0.418,0.378,0.338,0.298,0.258,0.218,0.178,0.138,0.098,0.058,0.018,-0.022]},"J":{"unit":"A\/cm2","value":[-0.0114,-0.001825,0.00555,0.010975,0.014725,0.017075,0.0184,0.01925,0.019625,0.0198,0.020025,0.020175000000000002,0.020399999999999998,0.020649999999999998,0.020775,0.020875,0.021,0.021099999999999997,0.021125,0.021175,0.021175,0.021125,0.02125,0.021175,0.021175,0.0213,0.0212,0.02125,0.021275,0.021275]},"I":{"unit":"A","value":[-0.000456,-7.3e-5,0.000222,0.000439,0.000589,0.000683,0.000736,0.0007700000000000001,0.000785,0.0007920000000000001,0.0008010000000000001,0.0008070000000000001,0.000816,0.0008259999999999999,0.0008309999999999999,0.0008349999999999999,0.0008399999999999999,0.000844,0.0008449999999999999,0.000847,0.000847,0.0008449999999999999,0.00085,0.000847,0.000847,0.000852,0.000848,0.00085,0.000851,0.000851]},"efficiency":{"unit":"%","value":16.5232},"fill_factor":{"unit":"%","value":71.37647632367093},"jsc":{"unit":"mA\/cm2","value":21.275000000000006},"isc":{"unit":"mA","value":0.8510000000000002},"voc":{"unit":"V","value":1.0881016949152542},"sweep_direction":{"unit":"","value":"Reverse"},"key":"reverse_5_422101803"},{"V":{"unit":"V","value":[1.121,1.081,1.041,1.001,0.961,0.921,0.881,0.841,0.801,0.761,0.721,0.681,0.641,0.601,0.561,0.521,0.481,0.441,0.401,0.361,0.321,0.281,0.241,0.201,0.161,0.121,0.081,0.041,0.001,-0.039]},"J":{"unit":"A\/cm2","value":[-0.0127,-0.001825,0.0059499999999999996,0.011375,0.014874999999999998,0.016975,0.018175,0.01875,0.019274999999999997,0.01965,0.0199,0.020349999999999997,0.020599999999999997,0.020825,0.021,0.021099999999999997,0.021125,0.02125,0.02125,0.021224999999999997,0.021325,0.021349999999999997,0.021325,0.021425,0.021349999999999997,0.021375,0.021425,0.021425,0.0214,0.021474999999999998]},"I":{"unit":"A","value":[-0.000508,-7.3e-5,0.00023799999999999998,0.000455,0.0005949999999999999,0.000679,0.000727,0.00075,0.000771,0.000786,0.000796,0.0008139999999999999,0.000824,0.000833,0.0008399999999999999,0.000844,0.0008449999999999999,0.00085,0.00085,0.0008489999999999999,0.000853,0.0008539999999999999,0.000853,0.000857,0.0008539999999999999,0.000855,0.000857,0.000857,0.000856,0.000859]},"efficiency":{"unit":"%","value":16.012175},"fill_factor":{"unit":"%","value":69.81702985227504},"jsc":{"unit":"mA\/cm2","value":21.401874999999997},"isc":{"unit":"mA","value":0.8560749999999999},"voc":{"unit":"V","value":1.0716109324758842},"sweep_direction":{"unit":"","value":"Reverse"},"key":"reverse_4_422101803"},{"V":{"unit":"V","value":[1.112,1.072,1.032,0.992,0.952,0.912,0.872,0.832,0.792,0.752,0.712,0.672,0.632,0.592,0.552,0.512,0.472,0.432,0.392,0.352,0.312,0.272,0.232,0.192,0.152,0.112,0.072,0.032,-0.008,-0.048]},"J":{"unit":"A\/cm2","value":[-0.013600000000000001,-0.0019,0.0062,0.011625,0.01505,0.017025000000000002,0.018025,0.01875,0.019125,0.019575,0.02,0.020300000000000002,0.020575,0.020825,0.021025,0.021049999999999996,0.021175,0.02125,0.02125,0.021325,0.0213,0.021275,0.0214,0.021349999999999997,0.021375,0.02145,0.021375,0.0214,0.021474999999999998,0.021474999999999998]},"I":{"unit":"A","value":[-0.000544,-7.6e-5,0.000248,0.000465,0.000602,0.0006810000000000001,0.000721,0.00075,0.0007650000000000001,0.0007830000000000001,0.0008,0.000812,0.000823,0.000833,0.000841,0.000842,0.000847,0.00085,0.00085,0.000853,0.000852,0.000851,0.000856,0.0008539999999999999,0.000855,0.000858,0.000855,0.000856,0.000859,0.000859]},"efficiency":{"unit":"%","value":15.717799999999999},"fill_factor":{"unit":"%","value":68.92633159936234},"jsc":{"unit":"mA\/cm2","value":21.459999999999997},"isc":{"unit":"mA","value":0.8583999999999999},"voc":{"unit":"V","value":1.0626172839506174},"sweep_direction":{"unit":"","value":"Reverse"},"key":"reverse_3_422101803"},{"V":{"unit":"V","value":[1.122,1.082,1.042,1.002,0.962,0.922,0.882,0.842,0.802,0.762,0.722,0.682,0.642,0.602,0.562,0.522,0.482,0.442,0.402,0.362,0.322,0.282,0.242,0.202,0.162,0.122,0.082,0.042,0.002,-0.038]},"J":{"unit":"A\/cm2","value":[-0.01445,-0.002075,0.0064,0.011924999999999998,0.015425,0.017424999999999996,0.018574999999999998,0.019125,0.019475000000000003,0.019775,0.019975,0.020300000000000002,0.020575,0.0207,0.020875,0.020924999999999996,0.021,0.021099999999999997,0.021075,0.021099999999999997,0.021175,0.02115,0.0212,0.0212,0.0212,0.0212,0.02125,0.02125,0.021224999999999997,0.0213]},"I":{"unit":"A","value":[-0.000578,-8.3e-5,0.000256,0.000477,0.000617,0.0006969999999999999,0.000743,0.0007650000000000001,0.0007790000000000001,0.000791,0.000799,0.000812,0.000823,0.000828,0.0008349999999999999,0.000837,0.0008399999999999999,0.000844,0.000843,0.000844,0.000847,0.000846,0.000848,0.000848,0.000848,0.000848,0.00085,0.00085,0.0008489999999999999,0.000852]},"efficiency":{"unit":"%","value":16.383149999999997},"fill_factor":{"unit":"%","value":71.97713459537543},"jsc":{"unit":"mA\/cm2","value":21.228749999999994},"isc":{"unit":"mA","value":0.8491499999999998},"voc":{"unit":"V","value":1.0722064896755161},"sweep_direction":{"unit":"","value":"Reverse"},"key":"reverse_2_422101803"},{"V":{"unit":"V","value":[1.137,1.097,1.057,1.017,0.977,0.937,0.897,0.857,0.817,0.777,0.737,0.697,0.657,0.617,0.577,0.537,0.497,0.457,0.417,0.377,0.337,0.297,0.257,0.217,0.177,0.137,0.097,0.057,0.017,-0.023]},"J":{"unit":"A\/cm2","value":[-0.016925,-0.002525,0.006925000000000001,0.012625,0.01585,0.0179,0.019149999999999997,0.019775,0.020225,0.020375,0.020399999999999998,0.020524999999999998,0.020575,0.020649999999999998,0.02075,0.020825,0.020775,0.0209,0.02095,0.020924999999999996,0.020974999999999997,0.020974999999999997,0.020974999999999997,0.021049999999999996,0.021049999999999996,0.02095,0.021099999999999997,0.021025,0.021075,0.021075]},"I":{"unit":"A","value":[-0.0006770000000000001,-0.000101,0.000277,0.000505,0.000634,0.000716,0.000766,0.000791,0.000809,0.000815,0.000816,0.0008209999999999999,0.000823,0.0008259999999999999,0.00083,0.000833,0.0008309999999999999,0.0008359999999999999,0.000838,0.000837,0.000839,0.000839,0.000839,0.000842,0.000842,0.000838,0.000844,0.000841,0.000843,0.000843]},"efficiency":{"unit":"%","value":17.17755},"fill_factor":{"unit":"%","value":75.0306991566197},"jsc":{"unit":"mA\/cm2","value":21.075},"isc":{"unit":"mA","value":0.843},"voc":{"unit":"V","value":1.0863121693121693},"sweep_direction":{"unit":"","value":"Reverse"},"key":"reverse_1_422101803"},{"V":{"unit":"V","value":[-0.05,-0.01,0.03,0.07,0.11,0.15,0.19,0.23,0.27,0.31,0.35,0.39,0.43,0.47,0.51,0.55,0.59,0.63,0.67,0.71,0.75,0.79,0.83,0.87,0.91,0.95,0.99,1.03,1.07,1.11,1.15]},"J":{"unit":"A\/cm2","value":[0.01975,0.019675,0.019600000000000003,0.019600000000000003,0.019600000000000003,0.019575,0.0195,0.019575,0.01945,0.019475000000000003,0.01945,0.019425,0.019399999999999997,0.019375,0.019274999999999997,0.019225000000000003,0.019149999999999997,0.018949999999999998,0.018775,0.0185,0.0182,0.017875,0.0174,0.016725,0.0157,0.014000000000000002,0.011,0.0066749999999999995,0.0008999999999999999,-0.00625,-0.014749999999999997]},"I":{"unit":"A","value":[0.00079,0.000787,0.0007840000000000001,0.0007840000000000001,0.0007840000000000001,0.0007830000000000001,0.00078,0.0007830000000000001,0.000778,0.0007790000000000001,0.000778,0.000777,0.000776,0.000775,0.000771,0.000769,0.000766,0.000758,0.000751,0.00074,0.000728,0.0007149999999999999,0.000696,0.000669,0.000628,0.0005600000000000001,0.00044,0.00026700000000000004,3.5999999999999994e-5,-0.00025,-0.0005899999999999999]},"efficiency":{"unit":"%","value":14.55075},"fill_factor":{"unit":"%","value":68.85922369003859},"jsc":{"unit":"mA\/cm2","value":19.65625},"isc":{"unit":"mA","value":0.78625},"voc":{"unit":"V","value":1.075034965034965},"sweep_direction":{"unit":"","value":"Forward"},"key":"forward_9_422101803"},{"V":{"unit":"V","value":[-0.05,-0.01,0.03,0.07,0.11,0.15,0.19,0.23,0.27,0.31,0.35,0.39,0.43,0.47,0.51,0.55,0.59,0.63,0.67,0.71,0.75,0.79,0.83,0.87,0.91,0.95,0.99,1.03,1.07,1.11,1.15]},"J":{"unit":"A\/cm2","value":[0.020075,0.020050000000000002,0.019975,0.02,0.02,0.019925000000000002,0.01995,0.0199,0.0199,0.0199,0.019875,0.0198,0.019825,0.0198,0.019725000000000003,0.019675,0.019625,0.019375,0.01925,0.018975000000000002,0.01865,0.018349999999999998,0.017924999999999996,0.017325,0.016375,0.014774999999999998,0.0117,0.007025,0.0005250000000000001,-0.00775,-0.01775]},"I":{"unit":"A","value":[0.000803,0.0008020000000000001,0.000799,0.0008,0.0008,0.0007970000000000001,0.000798,0.000796,0.000796,0.000796,0.000795,0.0007920000000000001,0.0007930000000000001,0.0007920000000000001,0.000789,0.000787,0.000785,0.000775,0.0007700000000000001,0.000759,0.000746,0.000734,0.000717,0.0006929999999999999,0.000655,0.0005909999999999999,0.00046800000000000005,0.00028100000000000005,2.1000000000000002e-5,-0.00031,-0.0007099999999999999]},"efficiency":{"unit":"%","value":15.07275},"fill_factor":{"unit":"%","value":70.1571360451669},"jsc":{"unit":"mA\/cm2","value":20.03125},"isc":{"unit":"mA","value":0.80125},"voc":{"unit":"V","value":1.072537764350453},"sweep_direction":{"unit":"","value":"Forward"},"key":"forward_8_422101803"},{"V":{"unit":"V","value":[-0.05,-0.01,0.03,0.07,0.11,0.15,0.19,0.23,0.27,0.31,0.35,0.39,0.43,0.47,0.51,0.55,0.59,0.63,0.67,0.71,0.75,0.79,0.83,0.87,0.91,0.95,0.99,1.03,1.07,1.11,1.15]},"J":{"unit":"A\/cm2","value":[0.020275,0.0202,0.020125,0.0202,0.0201,0.02015,0.020125,0.020075,0.0201,0.020075,0.020025,0.02,0.020050000000000002,0.019925000000000002,0.01995,0.019850000000000003,0.019675,0.019600000000000003,0.019350000000000003,0.019125,0.018824999999999998,0.0185,0.01805,0.017525,0.016625,0.014874999999999998,0.011924999999999998,0.007149999999999999,0.0004,-0.008325,-0.019274999999999997]},"I":{"unit":"A","value":[0.0008110000000000001,0.000808,0.000805,0.000808,0.000804,0.0008060000000000001,0.000805,0.000803,0.000804,0.000803,0.0008010000000000001,0.0008,0.0008020000000000001,0.0007970000000000001,0.000798,0.000794,0.000787,0.0007840000000000001,0.0007740000000000001,0.0007650000000000001,0.000753,0.00074,0.000722,0.0007009999999999999,0.000665,0.0005949999999999999,0.000477,0.00028599999999999996,1.6e-5,-0.000333,-0.000771]},"efficiency":{"unit":"%","value":15.246749999999997},"fill_factor":{"unit":"%","value":70.4858212504515},"jsc":{"unit":"mA\/cm2","value":20.18125},"isc":{"unit":"mA","value":0.8072499999999999},"voc":{"unit":"V","value":1.0718338108882521},"sweep_direction":{"unit":"","value":"Forward"},"key":"forward_7_422101803"},{"V":{"unit":"V","value":[-0.05,-0.01,0.03,0.07,0.11,0.15,0.19,0.23,0.27,0.31,0.35,0.39,0.43,0.47,0.51,0.55,0.59,0.63,0.67,0.71,0.75,0.79,0.83,0.87,0.91,0.95,0.99,1.03,1.07,1.11,1.15]},"J":{"unit":"A\/cm2","value":[0.020325,0.0202,0.020300000000000002,0.020175000000000002,0.02015,0.0202,0.02015,0.02015,0.020175000000000002,0.020125,0.0201,0.020175000000000002,0.020050000000000002,0.020075,0.020025,0.019875,0.019850000000000003,0.0197,0.019475000000000003,0.019274999999999997,0.019025,0.01865,0.018325,0.017799999999999996,0.01695,0.0155,0.0128,0.008125,0.00115,-0.008774999999999998,-0.022125]},"I":{"unit":"A","value":[0.0008129999999999999,0.000808,0.000812,0.0008070000000000001,0.0008060000000000001,0.000808,0.0008060000000000001,0.0008060000000000001,0.0008070000000000001,0.000805,0.000804,0.0008070000000000001,0.0008020000000000001,0.000803,0.0008010000000000001,0.000795,0.000794,0.0007880000000000001,0.0007790000000000001,0.000771,0.000761,0.000746,0.000733,0.000712,0.000678,0.00062,0.000512,0.000325,4.6e-5,-0.00035099999999999997,-0.000885]},"efficiency":{"unit":"%","value":15.485999999999999},"fill_factor":{"unit":"%","value":71.25081563860059},"jsc":{"unit":"mA\/cm2","value":20.224999999999998},"isc":{"unit":"mA","value":0.8089999999999999},"voc":{"unit":"V","value":1.0746347607052897},"sweep_direction":{"unit":"","value":"Forward"},"key":"forward_6_422101803"},{"V":{"unit":"V","value":[-0.05,-0.01,0.03,0.07,0.11,0.15,0.19,0.23,0.27,0.31,0.35,0.39,0.43,0.47,0.51,0.55,0.59,0.63,0.67,0.71,0.75,0.79,0.83,0.87,0.91,0.95,0.99,1.03,1.07,1.11,1.15]},"J":{"unit":"A\/cm2","value":[0.021474999999999998,0.021349999999999997,0.0213,0.021275,0.021224999999999997,0.0213,0.0212,0.0212,0.02125,0.021175,0.021175,0.02115,0.021099999999999997,0.021099999999999997,0.021025,0.0209,0.020875,0.0207,0.020425,0.02025,0.02,0.019675,0.019274999999999997,0.01855,0.017325,0.01525,0.012,0.00735,0.001375,-0.006125,-0.015099999999999999]},"I":{"unit":"A","value":[0.000859,0.0008539999999999999,0.000852,0.000851,0.0008489999999999999,0.000852,0.000848,0.000848,0.00085,0.000847,0.000847,0.000846,0.000844,0.000844,0.000841,0.0008359999999999999,0.0008349999999999999,0.000828,0.0008169999999999999,0.0008100000000000001,0.0008,0.000787,0.000771,0.000742,0.0006929999999999999,0.00061,0.00047999999999999996,0.000294,5.5e-5,-0.000245,-0.0006039999999999999]},"efficiency":{"unit":"%","value":16.1385},"fill_factor":{"unit":"%","value":70.20524108649882},"jsc":{"unit":"mA\/cm2","value":21.3375},"isc":{"unit":"mA","value":0.8534999999999999},"voc":{"unit":"V","value":1.0773333333333333},"sweep_direction":{"unit":"","value":"Forward"},"key":"forward_5_422101803"},{"V":{"unit":"V","value":[-0.05,-0.01,0.03,0.07,0.11,0.15,0.19,0.23,0.27,0.31,0.35,0.39,0.43,0.47,0.51,0.55,0.59,0.63,0.67,0.71,0.75,0.79,0.83,0.87,0.91,0.95,0.99,1.03,1.07,1.11,1.15]},"J":{"unit":"A\/cm2","value":[0.02155,0.021474999999999998,0.02145,0.0215,0.021375,0.0214,0.021425,0.021375,0.021425,0.021375,0.021325,0.0213,0.021349999999999997,0.02125,0.0212,0.0212,0.02095,0.020924999999999996,0.020799999999999996,0.020524999999999998,0.020399999999999998,0.02015,0.0198,0.0193,0.0183,0.016475,0.013300000000000001,0.00835,0.0013499999999999999,-0.00795,-0.0197]},"I":{"unit":"A","value":[0.000862,0.000859,0.000858,0.00086,0.000855,0.000856,0.000857,0.000855,0.000857,0.000855,0.000853,0.000852,0.0008539999999999999,0.00085,0.000848,0.000848,0.000838,0.000837,0.000832,0.0008209999999999999,0.000816,0.0008060000000000001,0.0007920000000000001,0.000772,0.000732,0.0006590000000000001,0.000532,0.00033400000000000004,5.4e-5,-0.00031800000000000003,-0.0007880000000000001]},"efficiency":{"unit":"%","value":16.791},"fill_factor":{"unit":"%","value":72.7002088475413},"jsc":{"unit":"mA\/cm2","value":21.468749999999996},"isc":{"unit":"mA","value":0.8587499999999999},"voc":{"unit":"V","value":1.0758064516129033},"sweep_direction":{"unit":"","value":"Forward"},"key":"forward_4_422101803"},{"V":{"unit":"V","value":[-0.05,-0.01,0.03,0.07,0.11,0.15,0.19,0.23,0.27,0.31,0.35,0.39,0.43,0.47,0.51,0.55,0.59,0.63,0.67,0.71,0.75,0.79,0.83,0.87,0.91,0.95,0.99,1.03,1.07,1.11,1.15]},"J":{"unit":"A\/cm2","value":[0.021474999999999998,0.0215,0.02145,0.021425,0.02145,0.021474999999999998,0.021375,0.02145,0.021425,0.021349999999999997,0.021425,0.021349999999999997,0.0213,0.0213,0.021275,0.02115,0.021125,0.02095,0.020799999999999996,0.020724999999999997,0.020474999999999997,0.020275,0.01995,0.019375,0.018449999999999998,0.016575,0.013325000000000002,0.00825,0.00075,-0.009699999999999999,-0.023025000000000004]},"I":{"unit":"A","value":[0.000859,0.00086,0.000858,0.000857,0.000858,0.000859,0.000855,0.000858,0.000857,0.0008539999999999999,0.000857,0.0008539999999999999,0.000852,0.000852,0.000851,0.000846,0.0008449999999999999,0.000838,0.000832,0.000829,0.000819,0.0008110000000000001,0.000798,0.000775,0.0007379999999999999,0.0006630000000000001,0.000533,0.00033,2.9999999999999997e-5,-0.000388,-0.000921]},"efficiency":{"unit":"%","value":16.85625},"fill_factor":{"unit":"%","value":73.11856227155191},"jsc":{"unit":"mA\/cm2","value":21.4875},"isc":{"unit":"mA","value":0.8595},"voc":{"unit":"V","value":1.0728708133971292},"sweep_direction":{"unit":"","value":"Forward"},"key":"forward_3_422101803"},{"V":{"unit":"V","value":[-0.05,-0.01,0.03,0.07,0.11,0.15,0.19,0.23,0.27,0.31,0.35,0.39,0.43,0.47,0.51,0.55,0.59,0.63,0.67,0.71,0.75,0.79,0.83,0.87,0.91,0.95,0.99,1.03,1.07,1.11,1.15]},"J":{"unit":"A\/cm2","value":[0.021375,0.021349999999999997,0.021325,0.021275,0.021349999999999997,0.0212,0.0213,0.021275,0.021175,0.02125,0.021175,0.02115,0.021224999999999997,0.021125,0.021025,0.021049999999999996,0.020924999999999996,0.020799999999999996,0.02075,0.02055,0.020349999999999997,0.020175000000000002,0.019825,0.019325,0.018425,0.01665,0.013525,0.0087,0.001175,-0.00975,-0.024425000000000002]},"I":{"unit":"A","value":[0.000855,0.0008539999999999999,0.000853,0.000851,0.0008539999999999999,0.000848,0.000852,0.000851,0.000847,0.00085,0.000847,0.000846,0.0008489999999999999,0.0008449999999999999,0.000841,0.000842,0.000837,0.000832,0.00083,0.0008219999999999999,0.0008139999999999999,0.0008070000000000001,0.0007930000000000001,0.000773,0.000737,0.000666,0.000541,0.000348,4.7e-5,-0.00039,-0.000977]},"efficiency":{"unit":"%","value":16.81275},"fill_factor":{"unit":"%","value":73.32323565644458},"jsc":{"unit":"mA\/cm2","value":21.34375},"isc":{"unit":"mA","value":0.85375},"voc":{"unit":"V","value":1.0743020594965675},"sweep_direction":{"unit":"","value":"Forward"},"key":"forward_2_422101803"},{"V":{"unit":"V","value":[-0.05,-0.01,0.03,0.07,0.11,0.15,0.19,0.23,0.27,0.31,0.35,0.39,0.43,0.47,0.51,0.55,0.59,0.63,0.67,0.71,0.75,0.79,0.83,0.87,0.91,0.95,0.99,1.03,1.07,1.11,1.15]},"J":{"unit":"A\/cm2","value":[0.021175,0.021125,0.021075,0.021075,0.021025,0.021075,0.021025,0.021,0.021075,0.02095,0.02095,0.020974999999999997,0.02095,0.020924999999999996,0.020849999999999997,0.020799999999999996,0.020674999999999995,0.020649999999999998,0.0205,0.020349999999999997,0.02025,0.019925000000000002,0.0197,0.019175,0.018075,0.01635,0.0135,0.009,0.001675,-0.009725,-0.025525]},"I":{"unit":"A","value":[0.000847,0.0008449999999999999,0.000843,0.000843,0.000841,0.000843,0.000841,0.0008399999999999999,0.000843,0.000838,0.000838,0.000839,0.000838,0.000837,0.000834,0.000832,0.0008269999999999999,0.0008259999999999999,0.00082,0.0008139999999999999,0.0008100000000000001,0.0007970000000000001,0.0007880000000000001,0.000767,0.000723,0.0006540000000000001,0.00054,0.00035999999999999997,6.7e-5,-0.000389,-0.001021]},"efficiency":{"unit":"%","value":16.68225},"fill_factor":{"unit":"%","value":73.44331333148449},"jsc":{"unit":"mA\/cm2","value":21.112499999999997},"isc":{"unit":"mA","value":0.8444999999999999},"voc":{"unit":"V","value":1.0758771929824562},"sweep_direction":{"unit":"","value":"Forward"},"key":"forward_1_422101803"}]}}