{"_id":"652fc6d05d0e997149349c94","id":"CAU-SC-00361","author":70,"group":7,"input":[{"tco":{"unit":"","value":"ITO"}},[],{"etl":[{"material":{"unit":"","value":"SnO2"},"concentration":{"unit":"","value":"1.5"},"conc_unit":{"unit":"","value":"wt%"},"quantity":{"unit":"ml","value":"0.3"}}],"solvent":[{"material":{"unit":"","value":"DI Water"},"volume":{"unit":"ml","value":"2.7"}}],"spin_coating":[{"type":{"unit":"","value":"drop&run"},"rpm":{"unit":"","value":"1000"},"time":{"unit":"s","value":"0.5"}},{"type":{"unit":"","value":"drop&run"},"rpm":{"unit":"","value":"3000"},"time":{"unit":"s","value":"30"}}],"vacuum_suction":[{"unit":"s","value":"0"}],"annealing":[{"temperature":{"unit":"oC","value":"170"},"time":{"unit":"m","value":"30"}}]},{"etl":[{"material":{"unit":"","value":"ZnO"},"concentration":{"unit":"","value":"109.75"},"conc_unit":{"unit":"","value":"mg\/ml"},"quantity":{"unit":"ml","value":"1"}}],"solvent":[{"material":{"unit":"","value":"2-ME"},"volume":{"unit":"ml","value":"2"}},{"material":{"unit":"","value":"Ethanolamine"},"volume":{"unit":"ml","value":"0.067"}}],"spin_coating":[{"type":{"unit":"","value":"drop&run"},"rpm":{"unit":"","value":"5000"},"time":{"unit":"s","value":"30"}}],"vacuum_suction":[{"unit":"s","value":"0"}],"annealing":[{"temperature":{"unit":"oC","value":"170"},"time":{"unit":"m","value":"30"}}]},{"etl":[{"material":{"unit":"","value":"PFN"},"concentration":{"unit":"","value":"0.4"},"conc_unit":{"unit":"","value":"mg\/ml"},"quantity":{"unit":"ml","value":"0.050"}}],"solvent":[{"material":{"unit":"","value":"IPA"},"volume":{"unit":"ml","value":"1"}}],"spin_coating":[{"type":{"unit":"","value":"drop&run"},"rpm":{"unit":"","value":"3000"},"time":{"unit":"s","value":"30"}}]},[],{"perovskite":{"method":{"unit":"","value":"1step"},"molarity":{"unit":"M","value":"1.2"},"a_site":[{"material":{"unit":"","value":"Cs"},"ratio":{"unit":"","value":"105"}}],"b_site":[{"material":{"unit":"","value":"Pb"},"ratio":{"unit":"","value":"100"}}],"x_site":[{"material":{"unit":"","value":"I"},"ratio":{"unit":"","value":"67"}},{"material":{"unit":"","value":"Br"},"ratio":{"unit":"","value":"33"}}],"solvent":[{"material":{"unit":"","value":"DMSO"},"volume":{"unit":"ml","value":"0.7"}},{"material":{"unit":"","value":"DMF"},"volume":{"unit":"ml","value":"0.3"}}],"stirring_time":[{"unit":"m","value":"960"}],"spin_coating":[{"type":{"unit":"","value":"drop&run"},"rpm":{"unit":"","value":"3000"},"time":{"unit":"s","value":"43"}}],"annealing":[{"temperature":{"unit":"oC","value":"235"},"time":{"unit":"m","value":"10"}}],"atmosphere":[{"type":{"unit":"","value":"air"},"temperature":{"unit":"oC","value":"20"},"humidity":{"unit":"RH%","value":"35"}}],"assist":[{"type":{"unit":"","value":"hot air assist"},"temperature":{"unit":"oC","value":"230"},"assist_start_time":{"value":8,"unit":"s"},"total_assist_time":{"value":"0.233","unit":"s"}}],"additive":[{"material":{"unit":"","value":"CH2I2"},"solvent":{"unit":"","value":null},"concentration":{"unit":"","value":"100 uL"},"conc_unit":{"unit":"","value":null},"quantity":{"unit":"mol%","value":null}}]}},{"htl":[{"material":{"unit":"","value":"P3HT"},"concentration":{"unit":"","value":"10"},"conc_unit":{"unit":"","value":"mg\/ml"},"quantity":{"unit":"ml","value":"0.1"}}],"solvent":[{"material":{"unit":"","value":"CB"},"volume":{"unit":"ml","value":"1"}}],"spin_coating":[{"type":{"unit":"","value":"dynamic"},"rpm":{"unit":"","value":"3000"},"time":{"unit":"s","value":"30"}}],"vacuum_suction":[{"unit":"s","value":"0"}],"annealing":[{"temperature":{"unit":"oC","value":"100"},"time":{"unit":"m","value":"5"}}]},{"anode_metal":{"unit":"","value":"Au"}},{"note":{"unit":"","value":"CsPbI2Br+100uL Ch2I2_722041202_PFN"},"ar":{"unit":"","value":"0"},"type":{"unit":"","value":"unit_cell"},"device_type":{"unit":"","value":"n-i-p"},"temperature":{"unit":"\u2103","value":"20"},"humidity":{"unit":"%","value":"35"},"cell_dimension":{"unit":"cm2","value":"0.04"}}],"fileinfo":[{"key":"CsPbI2Br+100uL Ch2I2_722041202_PFN","uploadType":"JV","original_name":"CsPbI2Br+100uL Ch2I2_722041202_PFN.xlsx","save_name":"CAU-SC-00361\/CsPbI2Br+100uL Ch2I2_722041202_PFN","uploader":70,"fileType":"group"}],"jvcnt":4,"updated_at":"2024-06-03 08:38:34","created_at":"2023-10-18 11:51:44","analysisInfo":{"JV":[{"efficiency":11.6874,"fill_factor":75.72848968192363,"jsc":14.0825,"voc":1.09592,"key":"reverse_2_CsPbI2Br+100uL Ch2I2_722041202_PFN","cell_dimension":null},{"efficiency":11.72575,"fill_factor":75.09752776861204,"jsc":14.456249999999997,"voc":1.0800884955752215,"key":"reverse_1_CsPbI2Br+100uL Ch2I2_722041202_PFN","cell_dimension":null},{"efficiency":8.67025,"fill_factor":56.80278538247453,"jsc":14.418749999999996,"voc":1.0586060606060608,"key":"forward_2_CsPbI2Br+100uL Ch2I2_722041202_PFN","cell_dimension":null},{"efficiency":8.59125,"fill_factor":55.827274706256325,"jsc":14.774999999999999,"voc":1.0415555555555556,"key":"forward_1_CsPbI2Br+100uL Ch2I2_722041202_PFN","cell_dimension":null}]},"public":2,"analysis":{"JV":[{"V":{"unit":"V","value":[1.146,1.106,1.066,1.026,0.986,0.946,0.906,0.866,0.826,0.786,0.746,0.706,0.666,0.626,0.586,0.546,0.506,0.466,0.426,0.386,0.346,0.306,0.266,0.226,0.186,0.146,0.106,0.066,0.026,-0.014]},"J":{"unit":"A\/cm2","value":[-0.010150000000000001,-0.001575,0.0046749999999999995,0.0087,0.011075,0.012325,0.0129,0.013325000000000002,0.0135,0.013600000000000001,0.013725000000000001,0.013775,0.013825,0.013900000000000001,0.013925,0.01395,0.013975000000000001,0.014000000000000002,0.01405,0.01405,0.014025000000000001,0.01405,0.014074999999999997,0.01405,0.014074999999999997,0.014025000000000001,0.01405,0.014074999999999997,0.01405,0.014099999999999998]},"I":{"unit":"A","value":[-0.000406,-6.3e-5,0.000187,0.000348,0.000443,0.000493,0.000516,0.000533,0.00054,0.000544,0.000549,0.0005510000000000001,0.000553,0.0005560000000000001,0.0005570000000000001,0.000558,0.000559,0.0005600000000000001,0.0005620000000000001,0.0005620000000000001,0.0005610000000000001,0.0005620000000000001,0.0005629999999999999,0.0005620000000000001,0.0005629999999999999,0.0005610000000000001,0.0005620000000000001,0.0005629999999999999,0.0005620000000000001,0.0005639999999999999]},"efficiency":{"unit":"%","value":11.6874},"fill_factor":{"unit":"%","value":75.72848968192363},"jsc":{"unit":"mA\/cm2","value":14.0825},"isc":{"unit":"mA","value":0.5633},"voc":{"unit":"V","value":1.09592},"sweep_direction":{"unit":"","value":"Reverse"},"key":"reverse_2_CsPbI2Br+100uL Ch2I2_722041202_PFN"},{"V":{"unit":"V","value":[1.13,1.09,1.05,1.01,0.97,0.93,0.89,0.85,0.81,0.77,0.73,0.69,0.65,0.61,0.57,0.53,0.49,0.45,0.41,0.37,0.33,0.29,0.25,0.21,0.17,0.13,0.09,0.05,0.01,-0.03]},"J":{"unit":"A\/cm2","value":[-0.0085,-0.0014,0.00425,0.008325,0.01085,0.01235,0.013175000000000001,0.013550000000000001,0.013850000000000001,0.013975000000000001,0.014025000000000001,0.014174999999999998,0.014174999999999998,0.014224999999999998,0.014299999999999998,0.014299999999999998,0.014325,0.014374999999999999,0.014349999999999998,0.014399999999999998,0.01445,0.014424999999999999,0.01445,0.014424999999999999,0.01445,0.01445,0.014474999999999998,0.014474999999999998,0.01445,0.014474999999999998]},"I":{"unit":"A","value":[-0.00034,-5.6e-5,0.00017,0.000333,0.000434,0.000494,0.000527,0.0005420000000000001,0.000554,0.000559,0.0005610000000000001,0.0005669999999999999,0.0005669999999999999,0.000569,0.0005719999999999999,0.0005719999999999999,0.0005729999999999999,0.000575,0.000574,0.0005759999999999999,0.000578,0.0005769999999999999,0.000578,0.0005769999999999999,0.000578,0.000578,0.000579,0.000579,0.000578,0.000579]},"efficiency":{"unit":"%","value":11.72575},"fill_factor":{"unit":"%","value":75.09752776861204},"jsc":{"unit":"mA\/cm2","value":14.456249999999997},"isc":{"unit":"mA","value":0.5782499999999999},"voc":{"unit":"V","value":1.0800884955752215},"sweep_direction":{"unit":"","value":"Reverse"},"key":"reverse_1_CsPbI2Br+100uL Ch2I2_722041202_PFN"},{"V":{"unit":"V","value":[-0.05,-0.01,0.03,0.07,0.11,0.15,0.19,0.23,0.27,0.31,0.35,0.39,0.43,0.47,0.51,0.55,0.59,0.63,0.67,0.71,0.75,0.79,0.83,0.87,0.91,0.95,0.99,1.03,1.07,1.11,1.15]},"J":{"unit":"A\/cm2","value":[0.014825,0.01445,0.014325,0.014224999999999998,0.01415,0.014000000000000002,0.01395,0.013925,0.013825,0.013775,0.0137,0.013550000000000001,0.0135,0.013349999999999999,0.013200000000000002,0.013025,0.012775,0.0125,0.012225,0.011875,0.011425000000000001,0.010975,0.010375,0.00965,0.008725,0.007449999999999999,0.0056749999999999995,0.00295,-0.001175,-0.007225,-0.015274999999999999]},"I":{"unit":"A","value":[0.000593,0.000578,0.0005729999999999999,0.000569,0.000566,0.0005600000000000001,0.000558,0.0005570000000000001,0.000553,0.0005510000000000001,0.0005480000000000001,0.0005420000000000001,0.00054,0.0005340000000000001,0.000528,0.000521,0.0005110000000000001,0.0005,0.000489,0.000475,0.000457,0.000439,0.000415,0.000386,0.00034899999999999997,0.000298,0.00022700000000000002,0.000118,-4.7e-5,-0.000289,-0.000611]},"efficiency":{"unit":"%","value":8.67025},"fill_factor":{"unit":"%","value":56.80278538247453},"jsc":{"unit":"mA\/cm2","value":14.418749999999996},"isc":{"unit":"mA","value":0.5767499999999999},"voc":{"unit":"V","value":1.0586060606060608},"sweep_direction":{"unit":"","value":"Forward"},"key":"forward_2_CsPbI2Br+100uL Ch2I2_722041202_PFN"},{"V":{"unit":"V","value":[-0.05,-0.01,0.03,0.07,0.11,0.15,0.19,0.23,0.27,0.31,0.35,0.39,0.43,0.47,0.51,0.55,0.59,0.63,0.67,0.71,0.75,0.79,0.83,0.87,0.91,0.95,0.99,1.03,1.07,1.11,1.15]},"J":{"unit":"A\/cm2","value":[0.015099999999999999,0.014799999999999999,0.0147,0.014549999999999999,0.01445,0.014424999999999999,0.014274999999999998,0.014249999999999999,0.014199999999999999,0.01405,0.014000000000000002,0.013900000000000001,0.01375,0.01365,0.013450000000000002,0.013200000000000002,0.013,0.01265,0.012325,0.011924999999999998,0.011425000000000001,0.010875,0.010174999999999998,0.0093,0.008199999999999999,0.0066500000000000005,0.004475,0.0012999999999999997,-0.0032,-0.00915,-0.01555]},"I":{"unit":"A","value":[0.0006039999999999999,0.000592,0.000588,0.0005819999999999999,0.000578,0.0005769999999999999,0.000571,0.00057,0.0005679999999999999,0.0005620000000000001,0.0005600000000000001,0.0005560000000000001,0.00055,0.000546,0.0005380000000000001,0.000528,0.0005200000000000001,0.000506,0.000493,0.000477,0.000457,0.000435,0.00040699999999999997,0.000372,0.000328,0.000266,0.000179,5.2e-5,-0.000128,-0.000366,-0.000622]},"efficiency":{"unit":"%","value":8.59125},"fill_factor":{"unit":"%","value":55.827274706256325},"jsc":{"unit":"mA\/cm2","value":14.774999999999999},"isc":{"unit":"mA","value":0.591},"voc":{"unit":"V","value":1.0415555555555556},"sweep_direction":{"unit":"","value":"Forward"},"key":"forward_1_CsPbI2Br+100uL Ch2I2_722041202_PFN"}]}}