{"_id":"652bc07115804d488a7f1ab3","id":"CAU-SC-00150","author":70,"group":7,"input":[{"tco":{"unit":"","value":"ITO"}},[],{"etl":[{"material":{"unit":"","value":"SnO2"},"concentration":{"unit":"","value":"1.5"},"conc_unit":{"unit":"","value":"wt%"},"quantity":{"unit":"ml","value":"0.3"}}],"solvent":[{"material":{"unit":"","value":"DI Water"},"volume":{"unit":"ml","value":"2.7"}}],"spin_coating":[{"type":{"unit":"","value":"drop&run"},"rpm":{"unit":"","value":"1000"},"time":{"unit":"s","value":"0.5"}},{"type":{"unit":"","value":"drop&run"},"rpm":{"unit":"","value":"3000"},"time":{"unit":"s","value":"30"}}],"annealing":[{"temperature":{"unit":"oC","value":"170"},"time":{"unit":"m","value":"30"}}]},{"etl":[{"material":{"unit":"","value":"SnO2"},"concentration":{"unit":"","value":"109.75"},"conc_unit":{"unit":"","value":"mg\/ml"},"quantity":{"unit":"ml","value":"1"}}],"solvent":[{"material":{"unit":"","value":"2-ME"},"volume":{"unit":"ml","value":"1"}},{"material":{"unit":"","value":"Ethanolamine"},"volume":{"unit":"ml","value":"0.067"}}],"spin_coating":[{"type":{"unit":"","value":"drop&run"},"rpm":{"unit":"","value":"3000"},"time":{"unit":"s","value":"30"}}],"annealing":[{"temperature":{"unit":"oC","value":"170"},"time":{"unit":"m","value":"30"}}]},[],{"perovskite":{"method":{"unit":"","value":"1step"},"molarity":{"unit":"M","value":"1.2"},"a_site":[{"material":{"unit":"","value":"Cs"},"ratio":{"unit":"","value":"100"}}],"b_site":[{"material":{"unit":"","value":"Pb"},"ratio":{"unit":"","value":"100"}}],"x_site":[{"material":{"unit":"","value":"I"},"ratio":{"unit":"","value":"67"}},{"material":{"unit":"","value":"Br"},"ratio":{"unit":"","value":"33"}}],"solvent":[{"material":{"unit":"","value":"DMSO"},"volume":{"unit":"ml","value":"0.7"}},{"material":{"unit":"","value":"DMF"},"volume":{"unit":"ml","value":"0.3"}}],"stirring_time":[{"unit":"m","value":"960"}],"spin_coating":[{"type":{"unit":"","value":"drop&run"},"rpm":{"unit":"","value":"3000"},"time":{"unit":"s","value":"40"}}],"annealing":[{"temperature":{"unit":"oC","value":"280"},"time":{"unit":"m","value":"10"}}],"atmosphere":[{"type":{"unit":"","value":"air"},"temperature":{"unit":"oC","value":"22"},"humidity":{"unit":"RH%","value":"40"}}],"assist":[{"type":{"unit":"","value":"hot air assist"},"temperature":{"unit":"oC","value":"290"},"assist_start_time":{"value":8,"unit":"s"},"total_assist_time":{"value":"0.233","unit":"s"}}],"additive":[{"material":{"unit":"","value":"tBAI"},"solvent":{"unit":"","value":"DMSO+DMF"},"concentration":{"unit":"","value":"443.2 (1.2 M%)"},"conc_unit":{"unit":"","value":"mg\/ml"},"quantity":{"unit":"mol%","value":"20 uL"}}]}},{"htl":[{"material":{"unit":"","value":"P3HT"},"concentration":{"unit":"","value":"10"},"conc_unit":{"unit":"","value":"mg\/ml"},"quantity":{"unit":"ml","value":"1"}}],"solvent":[{"material":{"unit":"","value":"CB"},"volume":{"unit":"ml","value":"1"}}],"spin_coating":[{"type":{"unit":"","value":"drop&run"},"rpm":{"unit":"","value":"3000"},"time":{"unit":"s","value":"30"}}],"annealing":[{"temperature":{"unit":"oC","value":"100"},"time":{"unit":"m","value":"5"}}]},{"anode_metal":{"unit":"","value":"Au"}},{"note":{"unit":"","value":"CsPbI2Br_721100406_ 20 uL TBAI"},"ar":{"unit":"","value":"0"},"type":{"unit":"","value":"unit_cell"},"device_type":{"unit":"","value":"n-i-p"},"temperature":{"unit":"\u2103","value":"22"},"humidity":{"unit":"%","value":"38"},"cell_dimension":{"unit":"cm2","value":"0.04"}}],"fileinfo":[{"key":"CsPbI2Br_721100406_ 20 uL TBAI","uploadType":"JV","original_name":"CsPbI2Br_721100406_ 20 uL TBAI.xlsx","save_name":"CAU-SC-00150\/CsPbI2Br_721100406_ 20 uL TBAI","uploader":70,"fileType":"group"}],"updated_at":"2024-07-30 07:37:50","created_at":"2023-10-15 10:35:29","jvcnt":12,"analysisInfo":{"JV":[{"efficiency":11.448099999999998,"fill_factor":66.72859592626088,"jsc":14.448749999999997,"voc":1.187383886255924,"key":"reverse_6_CsPbI2Br_721100406_ 20 uL TBAI","cell_dimension":null},{"efficiency":10.54515,"fill_factor":63.12684690262497,"jsc":14.120624999999997,"voc":1.183,"key":"reverse_5_CsPbI2Br_721100406_ 20 uL TBAI","cell_dimension":null},{"efficiency":10.291875,"fill_factor":59.26113323838669,"jsc":14.781249999999998,"voc":1.174933774834437,"key":"reverse_4_CsPbI2Br_721100406_ 20 uL TBAI","cell_dimension":null},{"efficiency":12.180674999999999,"fill_factor":66.42610779541698,"jsc":15.4025,"voc":1.1905327102803738,"key":"reverse_3_CsPbI2Br_721100406_ 20 uL TBAI","cell_dimension":null},{"efficiency":11.857199999999999,"fill_factor":64.47217669553386,"jsc":15.4075,"voc":1.1936517412935324,"key":"reverse_2_CsPbI2Br_721100406_ 20 uL TBAI","cell_dimension":null},{"efficiency":11.443425,"fill_factor":62.58164247251285,"jsc":15.35,"voc":1.1912439024390244,"key":"reverse_1_CsPbI2Br_721100406_ 20 uL TBAI","cell_dimension":null},{"efficiency":9.831000000000001,"fill_factor":58.2591653090389,"jsc":14.731250000000001,"voc":1.1454966887417215,"key":"forward_6_CsPbI2Br_721100406_ 20 uL TBAI","cell_dimension":null},{"efficiency":8.756499999999999,"fill_factor":52.98725024148503,"jsc":14.549999999999995,"voc":1.135785123966942,"key":"forward_5_CsPbI2Br_721100406_ 20 uL TBAI","cell_dimension":null},{"efficiency":8.775,"fill_factor":51.86354522411724,"jsc":15.01875,"voc":1.126551724137931,"key":"forward_4_CsPbI2Br_721100406_ 20 uL TBAI","cell_dimension":null},{"efficiency":10.59225,"fill_factor":58.58006934227319,"jsc":15.693749999999998,"voc":1.1521568627450978,"key":"forward_3_CsPbI2Br_721100406_ 20 uL TBAI","cell_dimension":null},{"efficiency":10.418249999999999,"fill_factor":57.383166582188274,"jsc":15.718749999999998,"voc":1.1550273224043717,"key":"forward_2_CsPbI2Br_721100406_ 20 uL TBAI","cell_dimension":null},{"efficiency":9.876999999999999,"fill_factor":55.26567918462608,"jsc":15.56875,"voc":1.1479310344827585,"key":"forward_1_CsPbI2Br_721100406_ 20 uL TBAI","cell_dimension":null}]},"public":2,"tags":[],"analysis":{"JV":[{"V":{"unit":"V","value":[1.238,1.198,1.158,1.118,1.078,1.038,0.998,0.958,0.918,0.878,0.838,0.798,0.758,0.718,0.678,0.638,0.598,0.558,0.518,0.478,0.438,0.398,0.358,0.318,0.278,0.238,0.198,0.158,0.118,0.078,0.038,-0.002,-0.042]},"J":{"unit":"A\/cm2","value":[-0.00885,-0.0014,0.003875,0.0072499999999999995,0.009349999999999999,0.010625,0.0114,0.011949999999999999,0.012325,0.012575,0.01285,0.013,0.013200000000000002,0.013325000000000002,0.013425000000000001,0.013550000000000001,0.01365,0.01375,0.013825,0.013900000000000001,0.01395,0.014025000000000001,0.01405,0.014124999999999999,0.014174999999999998,0.014224999999999998,0.014249999999999999,0.014325,0.014349999999999998,0.014349999999999998,0.014424999999999999,0.01445,0.014474999999999998]},"I":{"unit":"A","value":[-0.000354,-5.6e-5,0.000155,0.00029,0.000374,0.000425,0.000456,0.00047799999999999996,0.000493,0.000503,0.000514,0.0005200000000000001,0.000528,0.000533,0.000537,0.0005420000000000001,0.000546,0.00055,0.000553,0.0005560000000000001,0.000558,0.0005610000000000001,0.0005620000000000001,0.000565,0.0005669999999999999,0.000569,0.00057,0.0005729999999999999,0.000574,0.000574,0.0005769999999999999,0.000578,0.000579]},"efficiency":{"unit":"%","value":11.448099999999998},"fill_factor":{"unit":"%","value":66.72859592626088},"jsc":{"unit":"mA\/cm2","value":14.448749999999997},"isc":{"unit":"mA","value":0.5779499999999999},"voc":{"unit":"V","value":1.187383886255924},"sweep_direction":{"unit":"","value":"Reverse"},"key":"reverse_6_CsPbI2Br_721100406_ 20 uL TBAI"},{"V":{"unit":"V","value":[1.233,1.193,1.153,1.113,1.073,1.033,0.993,0.953,0.913,0.873,0.833,0.793,0.753,0.713,0.673,0.633,0.593,0.553,0.513,0.473,0.433,0.393,0.353,0.313,0.273,0.233,0.193,0.153,0.113,0.073,0.033,-0.007,-0.047]},"J":{"unit":"A\/cm2","value":[-0.0076749999999999995,-0.001125,0.003375,0.006325,0.008275000000000001,0.009525,0.010424999999999999,0.01105,0.011550000000000001,0.011899999999999999,0.012225,0.012475,0.01265,0.012825,0.012975,0.013099999999999999,0.013200000000000002,0.013349999999999999,0.0134,0.013550000000000001,0.013575,0.0137,0.01375,0.013800000000000002,0.013875000000000002,0.013925,0.013975000000000001,0.014000000000000002,0.01405,0.014074999999999997,0.014099999999999998,0.014124999999999999,0.01415]},"I":{"unit":"A","value":[-0.000307,-4.4999999999999996e-5,0.000135,0.000253,0.000331,0.000381,0.000417,0.000442,0.000462,0.00047599999999999997,0.000489,0.000499,0.000506,0.000513,0.000519,0.000524,0.000528,0.0005340000000000001,0.000536,0.0005420000000000001,0.0005430000000000001,0.0005480000000000001,0.00055,0.0005520000000000001,0.000555,0.0005570000000000001,0.000559,0.0005600000000000001,0.0005620000000000001,0.0005629999999999999,0.0005639999999999999,0.000565,0.000566]},"efficiency":{"unit":"%","value":10.54515},"fill_factor":{"unit":"%","value":63.12684690262497},"jsc":{"unit":"mA\/cm2","value":14.120624999999997},"isc":{"unit":"mA","value":0.5648249999999999},"voc":{"unit":"V","value":1.183},"sweep_direction":{"unit":"","value":"Reverse"},"key":"reverse_5_CsPbI2Br_721100406_ 20 uL TBAI"},{"V":{"unit":"V","value":[1.225,1.185,1.145,1.105,1.065,1.025,0.985,0.945,0.905,0.865,0.825,0.785,0.745,0.705,0.665,0.625,0.585,0.545,0.505,0.465,0.425,0.385,0.345,0.305,0.265,0.225,0.185,0.145,0.105,0.065,0.025,-0.015]},"J":{"unit":"A\/cm2","value":[-0.0064,-0.00095,0.0028250000000000003,0.0053,0.006975,0.008175,0.00925,0.010199999999999999,0.0111,0.011824999999999999,0.012475,0.012975,0.013325000000000002,0.013625,0.013800000000000002,0.01395,0.014074999999999997,0.014174999999999998,0.014224999999999998,0.014349999999999998,0.014349999999999998,0.01445,0.014474999999999998,0.014575,0.014549999999999999,0.014624999999999997,0.014649999999999998,0.014674999999999999,0.014725,0.014749999999999997,0.014749999999999997,0.014799999999999999]},"I":{"unit":"A","value":[-0.000256,-3.8e-5,0.00011300000000000001,0.000212,0.000279,0.00032700000000000003,0.00037,0.000408,0.000444,0.00047299999999999995,0.000499,0.000519,0.000533,0.000545,0.0005520000000000001,0.000558,0.0005629999999999999,0.0005669999999999999,0.000569,0.000574,0.000574,0.000578,0.000579,0.000583,0.0005819999999999999,0.000585,0.0005859999999999999,0.000587,0.000589,0.0005899999999999999,0.0005899999999999999,0.000592]},"efficiency":{"unit":"%","value":10.291875},"fill_factor":{"unit":"%","value":59.26113323838669},"jsc":{"unit":"mA\/cm2","value":14.781249999999998},"isc":{"unit":"mA","value":0.5912499999999999},"voc":{"unit":"V","value":1.174933774834437},"sweep_direction":{"unit":"","value":"Reverse"},"key":"reverse_4_CsPbI2Br_721100406_ 20 uL TBAI"},{"V":{"unit":"V","value":[1.241,1.201,1.161,1.121,1.081,1.041,1.001,0.961,0.921,0.881,0.841,0.801,0.761,0.721,0.681,0.641,0.601,0.561,0.521,0.481,0.441,0.401,0.361,0.321,0.281,0.241,0.201,0.161,0.121,0.081,0.041,0.001,-0.039]},"J":{"unit":"A\/cm2","value":[-0.008924999999999999,-0.0014,0.00395,0.007525,0.00975,0.011175000000000001,0.012025,0.012675,0.01305,0.013425000000000001,0.0137,0.013900000000000001,0.014124999999999999,0.014274999999999998,0.014399999999999998,0.014524999999999998,0.014674999999999999,0.014725,0.014799999999999999,0.014899999999999998,0.014975,0.015,0.015099999999999999,0.015125,0.0152,0.0152,0.0153,0.0153,0.015349999999999999,0.0154,0.0154,0.0154,0.0155]},"I":{"unit":"A","value":[-0.000357,-5.6e-5,0.000158,0.000301,0.00039,0.000447,0.000481,0.000507,0.000522,0.000537,0.0005480000000000001,0.0005560000000000001,0.000565,0.000571,0.0005759999999999999,0.0005809999999999999,0.000587,0.000589,0.000592,0.000596,0.0005989999999999999,0.0006,0.0006039999999999999,0.000605,0.000608,0.000608,0.000612,0.000612,0.000614,0.000616,0.000616,0.000616,0.00062]},"efficiency":{"unit":"%","value":12.180674999999999},"fill_factor":{"unit":"%","value":66.42610779541698},"jsc":{"unit":"mA\/cm2","value":15.4025},"isc":{"unit":"mA","value":0.6161},"voc":{"unit":"V","value":1.1905327102803738},"sweep_direction":{"unit":"","value":"Reverse"},"key":"reverse_3_CsPbI2Br_721100406_ 20 uL TBAI"},{"V":{"unit":"V","value":[1.244,1.204,1.164,1.124,1.084,1.044,1.004,0.964,0.924,0.884,0.844,0.804,0.764,0.724,0.684,0.644,0.604,0.564,0.524,0.484,0.444,0.404,0.364,0.324,0.284,0.244,0.204,0.164,0.124,0.084,0.044,0.004,-0.036]},"J":{"unit":"A\/cm2","value":[-0.008375,-0.0012999999999999997,0.0037249999999999996,0.007075,0.00925,0.010725,0.01165,0.012299999999999998,0.012825,0.01325,0.0135,0.013800000000000002,0.014000000000000002,0.01415,0.014274999999999998,0.01445,0.0146,0.0147,0.014774999999999998,0.014874999999999998,0.01495,0.015,0.015099999999999999,0.015099999999999999,0.015224999999999999,0.0152,0.01525,0.015325,0.015349999999999999,0.015375,0.015425,0.0154,0.015475]},"I":{"unit":"A","value":[-0.000335,-5.2e-5,0.000149,0.000283,0.00037,0.000429,0.00046600000000000005,0.000492,0.000513,0.00053,0.00054,0.0005520000000000001,0.0005600000000000001,0.000566,0.000571,0.000578,0.000584,0.000588,0.0005909999999999999,0.0005949999999999999,0.000598,0.0006,0.0006039999999999999,0.0006039999999999999,0.000609,0.000608,0.00061,0.0006129999999999999,0.000614,0.000615,0.000617,0.000616,0.000619]},"efficiency":{"unit":"%","value":11.857199999999999},"fill_factor":{"unit":"%","value":64.47217669553386},"jsc":{"unit":"mA\/cm2","value":15.4075},"isc":{"unit":"mA","value":0.6163000000000001},"voc":{"unit":"V","value":1.1936517412935324},"sweep_direction":{"unit":"","value":"Reverse"},"key":"reverse_2_CsPbI2Br_721100406_ 20 uL TBAI"},{"V":{"unit":"V","value":[1.241,1.201,1.161,1.121,1.081,1.041,1.001,0.961,0.921,0.881,0.841,0.801,0.761,0.721,0.681,0.641,0.601,0.561,0.521,0.481,0.441,0.401,0.361,0.321,0.281,0.241,0.201,0.161,0.121,0.081,0.041,0.001,-0.039]},"J":{"unit":"A\/cm2","value":[-0.006375,-0.001,0.0031,0.006125,0.008325,0.009875,0.010975,0.011824999999999999,0.012424999999999999,0.01295,0.013300000000000001,0.013625,0.013850000000000001,0.01405,0.014249999999999999,0.014399999999999998,0.014499999999999999,0.014649999999999998,0.014674999999999999,0.014799999999999999,0.01485,0.014924999999999999,0.015,0.01505,0.015099999999999999,0.015175,0.0152,0.0152,0.015274999999999999,0.01525,0.015349999999999999,0.015349999999999999,0.015349999999999999]},"I":{"unit":"A","value":[-0.000255,-4.0e-5,0.000124,0.000245,0.000333,0.000395,0.000439,0.00047299999999999995,0.000497,0.000518,0.000532,0.000545,0.000554,0.0005620000000000001,0.00057,0.0005759999999999999,0.00058,0.0005859999999999999,0.000587,0.000592,0.000594,0.000597,0.0006,0.000602,0.0006039999999999999,0.000607,0.000608,0.000608,0.000611,0.00061,0.000614,0.000614,0.000614]},"efficiency":{"unit":"%","value":11.443425},"fill_factor":{"unit":"%","value":62.58164247251285},"jsc":{"unit":"mA\/cm2","value":15.35},"isc":{"unit":"mA","value":0.614},"voc":{"unit":"V","value":1.1912439024390244},"sweep_direction":{"unit":"","value":"Reverse"},"key":"reverse_1_CsPbI2Br_721100406_ 20 uL TBAI"},{"V":{"unit":"V","value":[-0.05,-0.01,0.03,0.07,0.11,0.15,0.19,0.23,0.27,0.31,0.35,0.39,0.43,0.47,0.51,0.55,0.59,0.63,0.67,0.71,0.75,0.79,0.83,0.87,0.91,0.95,0.99,1.03,1.07,1.11,1.15,1.19,1.23]},"J":{"unit":"A\/cm2","value":[0.015,0.014774999999999998,0.0146,0.014474999999999998,0.014374999999999999,0.014325,0.014199999999999999,0.01415,0.01405,0.013925,0.013925,0.013800000000000002,0.0137,0.013625,0.0135,0.013375,0.01325,0.013099999999999999,0.01295,0.0127,0.012475,0.01215,0.011774999999999999,0.011300000000000001,0.010725,0.009975,0.009025,0.00775,0.0059499999999999996,0.00335,-0.00042500000000000003,-0.0056500000000000005,-0.01225]},"I":{"unit":"A","value":[0.0006,0.0005909999999999999,0.000584,0.000579,0.000575,0.0005729999999999999,0.0005679999999999999,0.000566,0.0005620000000000001,0.0005570000000000001,0.0005570000000000001,0.0005520000000000001,0.0005480000000000001,0.000545,0.00054,0.000535,0.00053,0.000524,0.000518,0.000508,0.000499,0.000486,0.00047099999999999996,0.00045200000000000004,0.000429,0.000399,0.000361,0.00031,0.00023799999999999998,0.000134,-1.7e-5,-0.00022600000000000002,-0.00049]},"efficiency":{"unit":"%","value":9.831000000000001},"fill_factor":{"unit":"%","value":58.2591653090389},"jsc":{"unit":"mA\/cm2","value":14.731250000000001},"isc":{"unit":"mA","value":0.58925},"voc":{"unit":"V","value":1.1454966887417215},"sweep_direction":{"unit":"","value":"Forward"},"key":"forward_6_CsPbI2Br_721100406_ 20 uL TBAI"},{"V":{"unit":"V","value":[-0.05,-0.01,0.03,0.07,0.11,0.15,0.19,0.23,0.27,0.31,0.35,0.39,0.43,0.47,0.51,0.55,0.59,0.63,0.67,0.71,0.75,0.79,0.83,0.87,0.91,0.95,0.99,1.03,1.07,1.11,1.15,1.19,1.23]},"J":{"unit":"A\/cm2","value":[0.015024999999999998,0.0146,0.014399999999999998,0.014224999999999998,0.014124999999999999,0.013975000000000001,0.013875000000000002,0.013775,0.01365,0.013550000000000001,0.0134,0.013300000000000001,0.013200000000000002,0.01305,0.012875,0.012725,0.012549999999999999,0.012325,0.012074999999999999,0.011774999999999999,0.011450000000000002,0.011025,0.010549999999999999,0.009925000000000002,0.0092,0.0083,0.007199999999999999,0.00585,0.004175,0.00195,-0.001075,-0.00525,-0.010775]},"I":{"unit":"A","value":[0.000601,0.000584,0.0005759999999999999,0.000569,0.000565,0.000559,0.000555,0.0005510000000000001,0.000546,0.0005420000000000001,0.000536,0.000532,0.000528,0.000522,0.000515,0.000509,0.000502,0.000493,0.000483,0.00047099999999999996,0.000458,0.000441,0.000422,0.000397,0.000368,0.000332,0.00028799999999999995,0.00023400000000000002,0.00016700000000000002,7.8e-5,-4.2999999999999995e-5,-0.00020999999999999998,-0.000431]},"efficiency":{"unit":"%","value":8.756499999999999},"fill_factor":{"unit":"%","value":52.98725024148503},"jsc":{"unit":"mA\/cm2","value":14.549999999999995},"isc":{"unit":"mA","value":0.5819999999999999},"voc":{"unit":"V","value":1.135785123966942},"sweep_direction":{"unit":"","value":"Forward"},"key":"forward_5_CsPbI2Br_721100406_ 20 uL TBAI"},{"V":{"unit":"V","value":[-0.05,-0.01,0.03,0.07,0.11,0.15,0.19,0.23,0.27,0.31,0.35,0.39,0.43,0.47,0.51,0.55,0.59,0.63,0.67,0.71,0.75,0.79,0.83,0.87,0.91,0.95,0.99,1.03,1.07,1.11,1.15,1.19,1.23]},"J":{"unit":"A\/cm2","value":[0.015325,0.01505,0.014924999999999999,0.014825,0.0147,0.014649999999999998,0.014549999999999999,0.014474999999999998,0.014374999999999999,0.014325,0.014224999999999998,0.01415,0.014025000000000001,0.013925,0.013775,0.013625,0.0134,0.013175000000000001,0.0128,0.01235,0.0117,0.0109,0.009975,0.009049999999999999,0.008125,0.007199999999999999,0.006175,0.004900000000000001,0.0033250000000000003,0.0012,-0.0017000000000000001,-0.0056749999999999995,-0.010775]},"I":{"unit":"A","value":[0.0006129999999999999,0.000602,0.000597,0.000593,0.000588,0.0005859999999999999,0.0005819999999999999,0.000579,0.000575,0.0005729999999999999,0.000569,0.000566,0.0005610000000000001,0.0005570000000000001,0.0005510000000000001,0.000545,0.000536,0.000527,0.000512,0.000494,0.00046800000000000005,0.00043599999999999997,0.000399,0.00036199999999999996,0.000325,0.00028799999999999995,0.000247,0.00019600000000000002,0.000133,4.8e-5,-6.8e-5,-0.00022700000000000002,-0.000431]},"efficiency":{"unit":"%","value":8.775},"fill_factor":{"unit":"%","value":51.86354522411724},"jsc":{"unit":"mA\/cm2","value":15.01875},"isc":{"unit":"mA","value":0.60075},"voc":{"unit":"V","value":1.126551724137931},"sweep_direction":{"unit":"","value":"Forward"},"key":"forward_4_CsPbI2Br_721100406_ 20 uL TBAI"},{"V":{"unit":"V","value":[-0.05,-0.01,0.03,0.07,0.11,0.15,0.19,0.23,0.27,0.31,0.35,0.39,0.43,0.47,0.51,0.55,0.59,0.63,0.67,0.71,0.75,0.79,0.83,0.87,0.91,0.95,0.99,1.03,1.07,1.11,1.15,1.19,1.23,1.27]},"J":{"unit":"A\/cm2","value":[0.0161,0.015725,0.0156,0.0155,0.015349999999999999,0.0153,0.0152,0.015125,0.015,0.01495,0.01485,0.014749999999999997,0.014649999999999998,0.014575,0.014474999999999998,0.014374999999999999,0.014199999999999999,0.014074999999999997,0.013850000000000001,0.01365,0.013375,0.013075000000000002,0.01265,0.012174999999999998,0.011525,0.010775,0.009725,0.008400000000000001,0.006575,0.003975,0.00027499999999999996,-0.004825,-0.011325,-0.018975000000000002]},"I":{"unit":"A","value":[0.000644,0.000629,0.000624,0.00062,0.000614,0.000612,0.000608,0.000605,0.0006,0.000598,0.000594,0.0005899999999999999,0.0005859999999999999,0.000583,0.000579,0.000575,0.0005679999999999999,0.0005629999999999999,0.000554,0.000546,0.000535,0.000523,0.000506,0.00048699999999999997,0.00046100000000000004,0.000431,0.000389,0.00033600000000000004,0.000263,0.00015900000000000002,1.1e-5,-0.000193,-0.000453,-0.000759]},"efficiency":{"unit":"%","value":10.59225},"fill_factor":{"unit":"%","value":58.58006934227319},"jsc":{"unit":"mA\/cm2","value":15.693749999999998},"isc":{"unit":"mA","value":0.6277499999999999},"voc":{"unit":"V","value":1.1521568627450978},"sweep_direction":{"unit":"","value":"Forward"},"key":"forward_3_CsPbI2Br_721100406_ 20 uL TBAI"},{"V":{"unit":"V","value":[-0.05,-0.01,0.03,0.07,0.11,0.15,0.19,0.23,0.27,0.31,0.35,0.39,0.43,0.47,0.51,0.55,0.59,0.63,0.67,0.71,0.75,0.79,0.83,0.87,0.91,0.95,0.99,1.03,1.07,1.11,1.15,1.19,1.23,1.27]},"J":{"unit":"A\/cm2","value":[0.0161,0.01575,0.015625,0.015475,0.015375,0.015274999999999999,0.0152,0.015099999999999999,0.015024999999999998,0.014899999999999998,0.014825,0.014749999999999997,0.014624999999999997,0.014499999999999999,0.014349999999999998,0.014249999999999999,0.014074999999999997,0.01395,0.013725000000000001,0.0135,0.013224999999999999,0.0129,0.01245,0.011975,0.011300000000000001,0.01045,0.009375,0.008,0.006274999999999999,0.003875,0.000575,-0.004,-0.0099,-0.01695]},"I":{"unit":"A","value":[0.000644,0.00063,0.000625,0.000619,0.000615,0.000611,0.000608,0.0006039999999999999,0.000601,0.000596,0.000593,0.0005899999999999999,0.000585,0.00058,0.000574,0.00057,0.0005629999999999999,0.000558,0.000549,0.00054,0.0005290000000000001,0.000516,0.000498,0.000479,0.00045200000000000004,0.00041799999999999997,0.000375,0.00032,0.000251,0.000155,2.3e-5,-0.00016,-0.00039600000000000003,-0.000678]},"efficiency":{"unit":"%","value":10.418249999999999},"fill_factor":{"unit":"%","value":57.383166582188274},"jsc":{"unit":"mA\/cm2","value":15.718749999999998},"isc":{"unit":"mA","value":0.6287499999999999},"voc":{"unit":"V","value":1.1550273224043717},"sweep_direction":{"unit":"","value":"Forward"},"key":"forward_2_CsPbI2Br_721100406_ 20 uL TBAI"},{"V":{"unit":"V","value":[-0.05,-0.01,0.03,0.07,0.11,0.15,0.19,0.23,0.27,0.31,0.35,0.39,0.43,0.47,0.51,0.55,0.59,0.63,0.67,0.71,0.75,0.79,0.83,0.87,0.91,0.95,0.99,1.03,1.07,1.11,1.15,1.19,1.23,1.27]},"J":{"unit":"A\/cm2","value":[0.015975,0.0156,0.015475,0.015375,0.015274999999999999,0.015125,0.015075,0.01495,0.01485,0.014774999999999998,0.014725,0.014575,0.014474999999999998,0.014374999999999999,0.014174999999999998,0.014099999999999998,0.013900000000000001,0.013725000000000001,0.013475,0.013224999999999999,0.012875,0.012475,0.011899999999999999,0.01125,0.010424999999999999,0.0094,0.008199999999999999,0.00675,0.004975,0.00275,-0.00015,-0.003925,-0.0085,-0.013725000000000001]},"I":{"unit":"A","value":[0.000639,0.000624,0.000619,0.000615,0.000611,0.000605,0.000603,0.000598,0.000594,0.0005909999999999999,0.000589,0.000583,0.000579,0.000575,0.0005669999999999999,0.0005639999999999999,0.0005560000000000001,0.000549,0.000539,0.0005290000000000001,0.000515,0.000499,0.00047599999999999997,0.00045,0.000417,0.000376,0.000328,0.00027,0.000199,0.00011,-6.0e-6,-0.000157,-0.00034,-0.000549]},"efficiency":{"unit":"%","value":9.876999999999999},"fill_factor":{"unit":"%","value":55.26567918462608},"jsc":{"unit":"mA\/cm2","value":15.56875},"isc":{"unit":"mA","value":0.62275},"voc":{"unit":"V","value":1.1479310344827585},"sweep_direction":{"unit":"","value":"Forward"},"key":"forward_1_CsPbI2Br_721100406_ 20 uL TBAI"}]}}