{"_id":"6531175f13121a382d688243","id":"CAU-SC-00427","author":70,"group":7,"input":[{"tco":{"unit":"","value":"ITO"}},[],{"etl":[{"material":{"unit":"","value":"SnO2"},"concentration":{"unit":"","value":"1.5"},"conc_unit":{"unit":"","value":"wt%"},"quantity":{"unit":"ml","value":"0.3"}}],"solvent":[{"material":{"unit":"","value":"DI Water"},"volume":{"unit":"ml","value":"2.7"}}],"spin_coating":[{"type":{"unit":"","value":"drop&run"},"rpm":{"unit":"","value":"3000"},"time":{"unit":"s","value":"30"}}],"vacuum_suction":[{"unit":"s","value":"0"}],"annealing":[{"temperature":{"unit":"oC","value":"170"},"time":{"unit":"m","value":"30"}}]},{"etl":[{"material":{"unit":"","value":"ZnO"},"concentration":{"unit":"","value":"109.75"},"conc_unit":{"unit":"","value":"mg\/ml"},"quantity":{"unit":"ml","value":"1"}}],"solvent":[{"material":{"unit":"","value":"2-ME"},"volume":{"unit":"ml","value":"2"}},{"material":{"unit":"","value":"Ethanolamine"},"volume":{"unit":"ml","value":"0.067"}}],"spin_coating":[{"type":{"unit":"","value":"drop&run"},"rpm":{"unit":"","value":"5000"},"time":{"unit":"s","value":"30"}}],"vacuum_suction":[{"unit":"s","value":"0"}],"annealing":[{"temperature":{"unit":"oC","value":"170"},"time":{"unit":"m","value":"30"}}],"etl_doping":[{"material":{"unit":"","value":"CuCl2\u00b72H2O"},"volume":{"unit":"ul","value":"1.02 mg"}}]},[],{"perovskite":{"method":{"unit":"","value":"1step"},"molarity":{"unit":"M","value":"1.2"},"a_site":[{"material":{"unit":"","value":"Cs"},"ratio":{"unit":"","value":"105"}}],"b_site":[{"material":{"unit":"","value":"Pb"},"ratio":{"unit":"","value":"100"}}],"x_site":[{"material":{"unit":"","value":"I"},"ratio":{"unit":"","value":"67"}},{"material":{"unit":"","value":"Br"},"ratio":{"unit":"","value":"33"}}],"solvent":[{"material":{"unit":"","value":"DMSO"},"volume":{"unit":"ml","value":"0.7"}},{"material":{"unit":"","value":"DMF"},"volume":{"unit":"ml","value":"0.3"}}],"stirring_time":[{"unit":"m","value":"120"}],"spin_coating":[{"type":{"unit":"","value":"drop&run"},"rpm":{"unit":"","value":"3000"},"time":{"unit":"s","value":"43"}}],"annealing":[{"temperature":{"unit":"oC","value":"235"},"time":{"unit":"m","value":"10"}}],"atmosphere":[{"type":{"unit":"","value":"air"},"temperature":{"unit":"oC","value":"20"},"humidity":{"unit":"RH%","value":"38"}}],"assist":[{"type":{"unit":"","value":"hot air assist"},"temperature":{"unit":"oC","value":"230"},"assist_start_time":{"value":8,"unit":"s"},"total_assist_time":{"value":"0.233","unit":"s"}}],"additive":[{"material":{"unit":"","value":"CH2I2"},"solvent":{"unit":"","value":null},"concentration":{"unit":"","value":"100 uL"},"conc_unit":{"unit":"","value":null},"quantity":{"unit":"mol%","value":null}}]}},[],{"htl":[{"material":{"unit":"","value":"P3HT"},"concentration":{"unit":"","value":"10"},"conc_unit":{"unit":"","value":"mg\/ml"},"quantity":{"unit":"ml","value":"0.1"}}],"solvent":[{"material":{"unit":"","value":"CB"},"volume":{"unit":"ml","value":"1"}}],"spin_coating":[{"type":{"unit":"","value":"drop&run"},"rpm":{"unit":"","value":"3000"},"time":{"unit":"s","value":"30"}}],"vacuum_suction":[{"unit":"s","value":"0"}],"annealing":[{"temperature":{"unit":"oC","value":"100"},"time":{"unit":"m","value":"5"}}]},{"anode_metal":{"unit":"","value":"Au"}},{"note":{"unit":"","value":"CsPbI2Br+100uL Ch2I2_722042604_1.02 mg CuCl2"},"ar":{"unit":"","value":"0"},"type":{"unit":"","value":"unit_cell"},"device_type":{"unit":"","value":"n-i-p"},"temperature":{"unit":"\u2103","value":"20"},"humidity":{"unit":"%","value":"38"},"cell_dimension":{"unit":"cm2","value":"0.04"}}],"fileinfo":[{"key":"CsPbI2Br+100uL Ch2I2_722042604_1.02 mg CuCl2","uploadType":"JV","original_name":"CsPbI2Br+100uL Ch2I2_722042604_1.02 mg CuCl2.xlsx","save_name":"CAU-SC-00427\/CsPbI2Br+100uL Ch2I2_722042604_1.02 mg CuCl2","uploader":70,"fileType":"group"}],"jvcnt":14,"updated_at":"2024-06-03 08:38:35","created_at":"2023-10-19 11:47:43","analysisInfo":{"JV":[{"efficiency":15.35625,"fill_factor":79.54440879362288,"jsc":16.10625,"voc":1.1986187845303868,"key":"reverse_7_CsPbI2Br+100uL Ch2I2_722042604_1.02 mg CuCl2","cell_dimension":null},{"efficiency":15.0699,"fill_factor":79.76157757428636,"jsc":15.735,"voc":1.20074251497006,"key":"reverse_6_CsPbI2Br+100uL Ch2I2_722042604_1.02 mg CuCl2","cell_dimension":null},{"efficiency":15.1776,"fill_factor":80.29348878413735,"jsc":15.717499999999998,"voc":1.2026501377410468,"key":"reverse_5_CsPbI2Br+100uL Ch2I2_722042604_1.02 mg CuCl2","cell_dimension":null},{"efficiency":14.9565,"fill_factor":77.93393374334767,"jsc":15.95,"voc":1.2032134831460672,"key":"reverse_4_CsPbI2Br+100uL Ch2I2_722042604_1.02 mg CuCl2","cell_dimension":null},{"efficiency":15.098049999999999,"fill_factor":79.98156612810156,"jsc":15.533125,"voc":1.215268156424581,"key":"reverse_3_CsPbI2Br+100uL Ch2I2_722042604_1.02 mg CuCl2","cell_dimension":null},{"efficiency":14.660424999999996,"fill_factor":78.53535300507424,"jsc":15.341874999999998,"voc":1.2167543859649124,"key":"reverse_2_CsPbI2Br+100uL Ch2I2_722042604_1.02 mg CuCl2","cell_dimension":null},{"efficiency":14.742349999999998,"fill_factor":78.92911818533607,"jsc":15.425000000000002,"voc":1.2108888888888887,"key":"reverse_1_CsPbI2Br+100uL Ch2I2_722042604_1.02 mg CuCl2","cell_dimension":null},{"efficiency":13.785750000000002,"fill_factor":74.9995668753851,"jsc":16.093749999999996,"voc":1.142126984126984,"key":"forward_7_CsPbI2Br+100uL Ch2I2_722042604_1.02 mg CuCl2","cell_dimension":null},{"efficiency":13.612499999999999,"fill_factor":75.56057112016093,"jsc":15.74375,"voc":1.1442857142857141,"key":"forward_6_CsPbI2Br+100uL Ch2I2_722042604_1.02 mg CuCl2","cell_dimension":null},{"efficiency":13.73625,"fill_factor":76.23537521207712,"jsc":15.706249999999999,"voc":1.1472,"key":"forward_5_CsPbI2Br+100uL Ch2I2_722042604_1.02 mg CuCl2","cell_dimension":null},{"efficiency":13.909500000000001,"fill_factor":75.66610761948054,"jsc":15.943750000000001,"voc":1.1529743589743588,"key":"forward_4_CsPbI2Br+100uL Ch2I2_722042604_1.02 mg CuCl2","cell_dimension":null},{"efficiency":13.88475,"fill_factor":76.8494290005174,"jsc":15.556249999999999,"voc":1.1614285714285715,"key":"forward_3_CsPbI2Br+100uL Ch2I2_722042604_1.02 mg CuCl2","cell_dimension":null},{"efficiency":13.86,"fill_factor":77.18295218295219,"jsc":15.35625,"voc":1.1693827160493826,"key":"forward_2_CsPbI2Br+100uL Ch2I2_722042604_1.02 mg CuCl2","cell_dimension":null},{"efficiency":14.008499999999998,"fill_factor":77.70105960452034,"jsc":15.456249999999999,"voc":1.1664350453172205,"key":"forward_1_CsPbI2Br+100uL Ch2I2_722042604_1.02 mg CuCl2","cell_dimension":null}]},"public":2,"analysis":{"JV":[{"V":{"unit":"V","value":[1.25,1.21,1.17,1.13,1.09,1.05,1.01,0.97,0.93,0.89,0.85,0.81,0.77,0.73,0.69,0.65,0.61,0.57,0.53,0.49,0.45,0.41,0.37,0.33,0.29,0.25,0.21,0.17,0.13,0.09,0.05,0.01,-0.03]},"J":{"unit":"A\/cm2","value":[-0.016274999999999998,-0.0025749999999999996,0.006475,0.011450000000000002,0.01365,0.014624999999999997,0.015125,0.01525,0.015425,0.0155,0.01555,0.0156,0.01565,0.015674999999999998,0.015725,0.015725,0.015775,0.015825,0.0158,0.01585,0.0159,0.015875,0.01595,0.015975,0.01595,0.016024999999999998,0.016,0.016,0.016050000000000002,0.016075,0.016075,0.016125,0.016050000000000002]},"I":{"unit":"A","value":[-0.000651,-0.000103,0.000259,0.000458,0.000546,0.000585,0.000605,0.00061,0.000617,0.00062,0.000622,0.000624,0.000626,0.000627,0.000629,0.000629,0.000631,0.000633,0.000632,0.000634,0.0006360000000000001,0.000635,0.000638,0.000639,0.000638,0.000641,0.00064,0.00064,0.000642,0.000643,0.000643,0.0006450000000000001,0.000642]},"efficiency":{"unit":"%","value":15.35625},"fill_factor":{"unit":"%","value":79.54440879362288},"jsc":{"unit":"mA\/cm2","value":16.10625},"isc":{"unit":"mA","value":0.64425},"voc":{"unit":"V","value":1.1986187845303868},"sweep_direction":{"unit":"","value":"Reverse"},"key":"reverse_7_CsPbI2Br+100uL Ch2I2_722042604_1.02 mg CuCl2"},{"V":{"unit":"V","value":[1.252,1.212,1.172,1.132,1.092,1.052,1.012,0.972,0.932,0.892,0.852,0.812,0.772,0.732,0.692,0.652,0.612,0.572,0.532,0.492,0.452,0.412,0.372,0.332,0.292,0.252,0.212,0.172,0.132,0.092,0.052,0.012,-0.028]},"J":{"unit":"A\/cm2","value":[-0.01395,-0.00235,0.006,0.010924999999999999,0.013300000000000001,0.014325,0.014825,0.014975,0.015149999999999999,0.015149999999999999,0.015224999999999999,0.015349999999999999,0.015325,0.015325,0.0154,0.015349999999999999,0.015425,0.0155,0.015425,0.015475,0.015525,0.0155,0.0156,0.0156,0.015574999999999999,0.015674999999999998,0.01565,0.01565,0.015674999999999998,0.015674999999999998,0.0157,0.01575,0.0157]},"I":{"unit":"A","value":[-0.000558,-9.4e-5,0.00023999999999999998,0.000437,0.000532,0.0005729999999999999,0.000593,0.0005989999999999999,0.000606,0.000606,0.000609,0.000614,0.0006129999999999999,0.0006129999999999999,0.000616,0.000614,0.000617,0.00062,0.000617,0.000619,0.000621,0.00062,0.000624,0.000624,0.000623,0.000627,0.000626,0.000626,0.000627,0.000627,0.000628,0.00063,0.000628]},"efficiency":{"unit":"%","value":15.0699},"fill_factor":{"unit":"%","value":79.76157757428636},"jsc":{"unit":"mA\/cm2","value":15.735},"isc":{"unit":"mA","value":0.6294},"voc":{"unit":"V","value":1.20074251497006},"sweep_direction":{"unit":"","value":"Reverse"},"key":"reverse_6_CsPbI2Br+100uL Ch2I2_722042604_1.02 mg CuCl2"},{"V":{"unit":"V","value":[1.254,1.214,1.174,1.134,1.094,1.054,1.014,0.974,0.934,0.894,0.854,0.814,0.774,0.734,0.694,0.654,0.614,0.574,0.534,0.494,0.454,0.414,0.374,0.334,0.294,0.254,0.214,0.174,0.134,0.094,0.054,0.014,-0.026]},"J":{"unit":"A\/cm2","value":[-0.016425000000000002,-0.0025749999999999996,0.0065,0.011375,0.013525,0.014399999999999998,0.014825,0.015,0.015075,0.015175,0.0152,0.01525,0.0153,0.0153,0.015325,0.015425,0.0154,0.015425,0.015475,0.015449999999999998,0.0155,0.01555,0.01555,0.015574999999999999,0.015574999999999999,0.015574999999999999,0.01565,0.015625,0.015625,0.0157,0.0157,0.0157,0.01575]},"I":{"unit":"A","value":[-0.000657,-0.000103,0.00026000000000000003,0.000455,0.000541,0.0005759999999999999,0.000593,0.0006,0.000603,0.000607,0.000608,0.00061,0.000612,0.000612,0.0006129999999999999,0.000617,0.000616,0.000617,0.000619,0.000618,0.00062,0.000622,0.000622,0.000623,0.000623,0.000623,0.000626,0.000625,0.000625,0.000628,0.000628,0.000628,0.00063]},"efficiency":{"unit":"%","value":15.1776},"fill_factor":{"unit":"%","value":80.29348878413735},"jsc":{"unit":"mA\/cm2","value":15.717499999999998},"isc":{"unit":"mA","value":0.6286999999999999},"voc":{"unit":"V","value":1.2026501377410468},"sweep_direction":{"unit":"","value":"Reverse"},"key":"reverse_5_CsPbI2Br+100uL Ch2I2_722042604_1.02 mg CuCl2"},{"V":{"unit":"V","value":[1.254,1.214,1.174,1.134,1.094,1.054,1.014,0.974,0.934,0.894,0.854,0.814,0.774,0.734,0.694,0.654,0.614,0.574,0.534,0.494,0.454,0.414,0.374,0.334,0.294,0.254,0.214,0.174,0.134,0.094,0.054,0.014,-0.026]},"J":{"unit":"A\/cm2","value":[-0.010075,-0.0017999999999999997,0.004875,0.009699999999999999,0.0126,0.014025000000000001,0.014749999999999997,0.015024999999999998,0.0152,0.015349999999999999,0.015349999999999999,0.015425,0.0155,0.015449999999999998,0.01555,0.015574999999999999,0.01555,0.015625,0.01565,0.01565,0.015725,0.01575,0.01575,0.015775,0.015775,0.0158,0.01585,0.015825,0.015875,0.015925,0.015875,0.01595,0.01595]},"I":{"unit":"A","value":[-0.00040300000000000004,-7.199999999999999e-5,0.000195,0.000388,0.000504,0.0005610000000000001,0.0005899999999999999,0.000601,0.000608,0.000614,0.000614,0.000617,0.00062,0.000618,0.000622,0.000623,0.000622,0.000625,0.000626,0.000626,0.000629,0.00063,0.00063,0.000631,0.000631,0.000632,0.000634,0.000633,0.000635,0.000637,0.000635,0.000638,0.000638]},"efficiency":{"unit":"%","value":14.9565},"fill_factor":{"unit":"%","value":77.93393374334767},"jsc":{"unit":"mA\/cm2","value":15.95},"isc":{"unit":"mA","value":0.638},"voc":{"unit":"V","value":1.2032134831460672},"sweep_direction":{"unit":"","value":"Reverse"},"key":"reverse_4_CsPbI2Br+100uL Ch2I2_722042604_1.02 mg CuCl2"},{"V":{"unit":"V","value":[1.267,1.227,1.187,1.147,1.107,1.067,1.027,0.987,0.947,0.907,0.867,0.827,0.787,0.747,0.707,0.667,0.627,0.587,0.547,0.507,0.467,0.427,0.387,0.347,0.307,0.267,0.227,0.187,0.147,0.107,0.067,0.027,-0.013]},"J":{"unit":"A\/cm2","value":[-0.016325,-0.002625,0.006325,0.01115,0.013300000000000001,0.01415,0.014624999999999997,0.014774999999999998,0.014874999999999998,0.014975,0.014975,0.015075,0.015125,0.015125,0.015175,0.0152,0.0152,0.015274999999999999,0.015325,0.015274999999999999,0.015375,0.015349999999999999,0.015325,0.015425,0.015425,0.015425,0.0155,0.015449999999999998,0.015475,0.015525,0.0155,0.01555,0.015525]},"I":{"unit":"A","value":[-0.000653,-0.00010499999999999999,0.000253,0.000446,0.000532,0.000566,0.000585,0.0005909999999999999,0.0005949999999999999,0.0005989999999999999,0.0005989999999999999,0.000603,0.000605,0.000605,0.000607,0.000608,0.000608,0.000611,0.0006129999999999999,0.000611,0.000615,0.000614,0.0006129999999999999,0.000617,0.000617,0.000617,0.00062,0.000618,0.000619,0.000621,0.00062,0.000622,0.000621]},"efficiency":{"unit":"%","value":15.098049999999999},"fill_factor":{"unit":"%","value":79.98156612810156},"jsc":{"unit":"mA\/cm2","value":15.533125},"isc":{"unit":"mA","value":0.621325},"voc":{"unit":"V","value":1.215268156424581},"sweep_direction":{"unit":"","value":"Reverse"},"key":"reverse_3_CsPbI2Br+100uL Ch2I2_722042604_1.02 mg CuCl2"},{"V":{"unit":"V","value":[1.267,1.227,1.187,1.147,1.107,1.067,1.027,0.987,0.947,0.907,0.867,0.827,0.787,0.747,0.707,0.667,0.627,0.587,0.547,0.507,0.467,0.427,0.387,0.347,0.307,0.267,0.227,0.187,0.147,0.107,0.067,0.027,-0.013]},"J":{"unit":"A\/cm2","value":[-0.0111,-0.001825,0.0053,0.01,0.0126,0.013725000000000001,0.014274999999999998,0.014549999999999999,0.014624999999999997,0.014749999999999997,0.014799999999999999,0.014799999999999999,0.014899999999999998,0.014899999999999998,0.014899999999999998,0.015,0.014975,0.015,0.015075,0.015099999999999999,0.015075,0.015149999999999999,0.015125,0.015149999999999999,0.01525,0.0152,0.0152,0.015274999999999999,0.01525,0.015325,0.0153,0.015325,0.015349999999999999]},"I":{"unit":"A","value":[-0.000444,-7.3e-5,0.000212,0.0004,0.000504,0.000549,0.000571,0.0005819999999999999,0.000585,0.0005899999999999999,0.000592,0.000592,0.000596,0.000596,0.000596,0.0006,0.0005989999999999999,0.0006,0.000603,0.0006039999999999999,0.000603,0.000606,0.000605,0.000606,0.00061,0.000608,0.000608,0.000611,0.00061,0.0006129999999999999,0.000612,0.0006129999999999999,0.000614]},"efficiency":{"unit":"%","value":14.660424999999996},"fill_factor":{"unit":"%","value":78.53535300507424},"jsc":{"unit":"mA\/cm2","value":15.341874999999998},"isc":{"unit":"mA","value":0.613675},"voc":{"unit":"V","value":1.2167543859649124},"sweep_direction":{"unit":"","value":"Reverse"},"key":"reverse_2_CsPbI2Br+100uL Ch2I2_722042604_1.02 mg CuCl2"},{"V":{"unit":"V","value":[1.262,1.222,1.182,1.142,1.102,1.062,1.022,0.982,0.942,0.902,0.862,0.822,0.782,0.742,0.702,0.662,0.622,0.582,0.542,0.502,0.462,0.422,0.382,0.342,0.302,0.262,0.222,0.182,0.142,0.102,0.062,0.022,-0.018]},"J":{"unit":"A\/cm2","value":[-0.011625,-0.002,0.005199999999999999,0.00995,0.012525,0.013775,0.014424999999999999,0.014624999999999997,0.014799999999999999,0.014924999999999999,0.01495,0.015,0.015075,0.015075,0.015099999999999999,0.015149999999999999,0.015149999999999999,0.015175,0.015224999999999999,0.0152,0.015274999999999999,0.015224999999999999,0.01525,0.0153,0.015274999999999999,0.0153,0.015325,0.0153,0.015375,0.0154,0.015349999999999999,0.015425,0.015425]},"I":{"unit":"A","value":[-0.000465,-8.0e-5,0.000208,0.000398,0.000501,0.0005510000000000001,0.0005769999999999999,0.000585,0.000592,0.000597,0.000598,0.0006,0.000603,0.000603,0.0006039999999999999,0.000606,0.000606,0.000607,0.000609,0.000608,0.000611,0.000609,0.00061,0.000612,0.000611,0.000612,0.0006129999999999999,0.000612,0.000615,0.000616,0.000614,0.000617,0.000617]},"efficiency":{"unit":"%","value":14.742349999999998},"fill_factor":{"unit":"%","value":78.92911818533607},"jsc":{"unit":"mA\/cm2","value":15.425000000000002},"isc":{"unit":"mA","value":0.6170000000000001},"voc":{"unit":"V","value":1.2108888888888887},"sweep_direction":{"unit":"","value":"Reverse"},"key":"reverse_1_CsPbI2Br+100uL Ch2I2_722042604_1.02 mg CuCl2"},{"V":{"unit":"V","value":[-0.05,-0.01,0.03,0.07,0.11,0.15,0.19,0.23,0.27,0.31,0.35,0.39,0.43,0.47,0.51,0.55,0.59,0.63,0.67,0.71,0.75,0.79,0.83,0.87,0.91,0.95,0.99,1.03,1.07,1.11,1.15,1.19,1.23]},"J":{"unit":"A\/cm2","value":[0.016149999999999998,0.016075,0.016149999999999998,0.016075,0.016050000000000002,0.016075,0.015975,0.015975,0.01595,0.015925,0.015925,0.015825,0.01585,0.015825,0.015725,0.015674999999999998,0.01565,0.015574999999999999,0.015525,0.015449999999999998,0.015349999999999999,0.01525,0.015149999999999999,0.01495,0.014799999999999999,0.014474999999999998,0.013925,0.013025,0.01085,0.006325,-0.00155,-0.013224999999999999,-0.027875]},"I":{"unit":"A","value":[0.000646,0.000643,0.000646,0.000643,0.000642,0.000643,0.000639,0.000639,0.000638,0.000637,0.000637,0.000633,0.000634,0.000633,0.000629,0.000627,0.000626,0.000623,0.000621,0.000618,0.000614,0.00061,0.000606,0.000598,0.000592,0.000579,0.0005570000000000001,0.000521,0.000434,0.000253,-6.2e-5,-0.0005290000000000001,-0.0011149999999999999]},"efficiency":{"unit":"%","value":13.785750000000002},"fill_factor":{"unit":"%","value":74.9995668753851},"jsc":{"unit":"mA\/cm2","value":16.093749999999996},"isc":{"unit":"mA","value":0.6437499999999999},"voc":{"unit":"V","value":1.142126984126984},"sweep_direction":{"unit":"","value":"Forward"},"key":"forward_7_CsPbI2Br+100uL Ch2I2_722042604_1.02 mg CuCl2"},{"V":{"unit":"V","value":[-0.05,-0.01,0.03,0.07,0.11,0.15,0.19,0.23,0.27,0.31,0.35,0.39,0.43,0.47,0.51,0.55,0.59,0.63,0.67,0.71,0.75,0.79,0.83,0.87,0.91,0.95,0.99,1.03,1.07,1.11,1.15,1.19,1.23]},"J":{"unit":"A\/cm2","value":[0.01575,0.01575,0.015725,0.0157,0.0157,0.015674999999999998,0.015625,0.0156,0.0156,0.0155,0.01555,0.015525,0.015449999999999998,0.015475,0.015375,0.015375,0.0153,0.0152,0.0152,0.015099999999999999,0.01505,0.014975,0.014799999999999999,0.014674999999999999,0.014549999999999999,0.014249999999999999,0.01375,0.012875,0.01075,0.00645,-0.001075,-0.011975,-0.0255]},"I":{"unit":"A","value":[0.00063,0.00063,0.000629,0.000628,0.000628,0.000627,0.000625,0.000624,0.000624,0.00062,0.000622,0.000621,0.000618,0.000619,0.000615,0.000615,0.000612,0.000608,0.000608,0.0006039999999999999,0.000602,0.0005989999999999999,0.000592,0.000587,0.0005819999999999999,0.00057,0.00055,0.000515,0.00043,0.000258,-4.2999999999999995e-5,-0.000479,-0.00102]},"efficiency":{"unit":"%","value":13.612499999999999},"fill_factor":{"unit":"%","value":75.56057112016093},"jsc":{"unit":"mA\/cm2","value":15.74375},"isc":{"unit":"mA","value":0.62975},"voc":{"unit":"V","value":1.1442857142857141},"sweep_direction":{"unit":"","value":"Forward"},"key":"forward_6_CsPbI2Br+100uL Ch2I2_722042604_1.02 mg CuCl2"},{"V":{"unit":"V","value":[-0.05,-0.01,0.03,0.07,0.11,0.15,0.19,0.23,0.27,0.31,0.35,0.39,0.43,0.47,0.51,0.55,0.59,0.63,0.67,0.71,0.75,0.79,0.83,0.87,0.91,0.95,0.99,1.03,1.07,1.11,1.15,1.19,1.23,1.27]},"J":{"unit":"A\/cm2","value":[0.01575,0.0157,0.015725,0.0157,0.01565,0.015625,0.015574999999999999,0.015574999999999999,0.015574999999999999,0.0155,0.0155,0.0155,0.0154,0.0154,0.0154,0.015325,0.0153,0.015274999999999999,0.015149999999999999,0.015125,0.015024999999999998,0.01495,0.014874999999999998,0.014725,0.014549999999999999,0.014299999999999998,0.013875000000000002,0.013025,0.011125,0.006975,-0.0005250000000000001,-0.011824999999999999,-0.026225,-0.0428]},"I":{"unit":"A","value":[0.00063,0.000628,0.000629,0.000628,0.000626,0.000625,0.000623,0.000623,0.000623,0.00062,0.00062,0.00062,0.000616,0.000616,0.000616,0.0006129999999999999,0.000612,0.000611,0.000606,0.000605,0.000601,0.000598,0.0005949999999999999,0.000589,0.0005819999999999999,0.0005719999999999999,0.000555,0.000521,0.00044500000000000003,0.000279,-2.1000000000000002e-5,-0.00047299999999999995,-0.001049,-0.001712]},"efficiency":{"unit":"%","value":13.73625},"fill_factor":{"unit":"%","value":76.23537521207712},"jsc":{"unit":"mA\/cm2","value":15.706249999999999},"isc":{"unit":"mA","value":0.62825},"voc":{"unit":"V","value":1.1472},"sweep_direction":{"unit":"","value":"Forward"},"key":"forward_5_CsPbI2Br+100uL Ch2I2_722042604_1.02 mg CuCl2"},{"V":{"unit":"V","value":[-0.05,-0.01,0.03,0.07,0.11,0.15,0.19,0.23,0.27,0.31,0.35,0.39,0.43,0.47,0.51,0.55,0.59,0.63,0.67,0.71,0.75,0.79,0.83,0.87,0.91,0.95,0.99,1.03,1.07,1.11,1.15,1.19,1.23,1.27]},"J":{"unit":"A\/cm2","value":[0.016,0.01595,0.015925,0.015925,0.01585,0.0159,0.01585,0.015825,0.0158,0.015775,0.01575,0.015725,0.015674999999999998,0.015674999999999998,0.0156,0.01555,0.01555,0.0155,0.015425,0.015349999999999999,0.01525,0.015175,0.015099999999999999,0.01495,0.014774999999999998,0.014575,0.01405,0.01325,0.011349999999999999,0.007449999999999999,0.000725,-0.009025,-0.0212,-0.035075]},"I":{"unit":"A","value":[0.00064,0.000638,0.000637,0.000637,0.000634,0.0006360000000000001,0.000634,0.000633,0.000632,0.000631,0.00063,0.000629,0.000627,0.000627,0.000624,0.000622,0.000622,0.00062,0.000617,0.000614,0.00061,0.000607,0.0006039999999999999,0.000598,0.0005909999999999999,0.000583,0.0005620000000000001,0.00053,0.00045400000000000003,0.000298,2.9e-5,-0.000361,-0.000848,-0.001403]},"efficiency":{"unit":"%","value":13.909500000000001},"fill_factor":{"unit":"%","value":75.66610761948054},"jsc":{"unit":"mA\/cm2","value":15.943750000000001},"isc":{"unit":"mA","value":0.63775},"voc":{"unit":"V","value":1.1529743589743588},"sweep_direction":{"unit":"","value":"Forward"},"key":"forward_4_CsPbI2Br+100uL Ch2I2_722042604_1.02 mg CuCl2"},{"V":{"unit":"V","value":[-0.05,-0.01,0.03,0.07,0.11,0.15,0.19,0.23,0.27,0.31,0.35,0.39,0.43,0.47,0.51,0.55,0.59,0.63,0.67,0.71,0.75,0.79,0.83,0.87,0.91,0.95,0.99,1.03,1.07,1.11,1.15,1.19,1.23,1.27]},"J":{"unit":"A\/cm2","value":[0.015574999999999999,0.01555,0.015574999999999999,0.015525,0.015475,0.0155,0.0155,0.015449999999999998,0.015425,0.015425,0.0154,0.015375,0.015325,0.0153,0.015274999999999999,0.0152,0.0152,0.015125,0.015075,0.015075,0.015,0.014874999999999998,0.014825,0.0147,0.014575,0.014399999999999998,0.014025000000000001,0.013375,0.012025,0.008899999999999998,0.0028,-0.007000000000000001,-0.020225,-0.035949999999999996]},"I":{"unit":"A","value":[0.000623,0.000622,0.000623,0.000621,0.000619,0.00062,0.00062,0.000618,0.000617,0.000617,0.000616,0.000615,0.0006129999999999999,0.000612,0.000611,0.000608,0.000608,0.000605,0.000603,0.000603,0.0006,0.0005949999999999999,0.000593,0.000588,0.000583,0.0005759999999999999,0.0005610000000000001,0.000535,0.000481,0.000356,0.000112,-0.00028000000000000003,-0.000809,-0.001438]},"efficiency":{"unit":"%","value":13.88475},"fill_factor":{"unit":"%","value":76.8494290005174},"jsc":{"unit":"mA\/cm2","value":15.556249999999999},"isc":{"unit":"mA","value":0.62225},"voc":{"unit":"V","value":1.1614285714285715},"sweep_direction":{"unit":"","value":"Forward"},"key":"forward_3_CsPbI2Br+100uL Ch2I2_722042604_1.02 mg CuCl2"},{"V":{"unit":"V","value":[-0.05,-0.01,0.03,0.07,0.11,0.15,0.19,0.23,0.27,0.31,0.35,0.39,0.43,0.47,0.51,0.55,0.59,0.63,0.67,0.71,0.75,0.79,0.83,0.87,0.91,0.95,0.99,1.03,1.07,1.11,1.15,1.19,1.23,1.27]},"J":{"unit":"A\/cm2","value":[0.015449999999999998,0.015375,0.0153,0.0154,0.0153,0.015274999999999999,0.015325,0.01525,0.015224999999999999,0.015274999999999999,0.015175,0.015175,0.015175,0.015099999999999999,0.015099999999999999,0.015099999999999999,0.015024999999999998,0.014975,0.014975,0.014899999999999998,0.014874999999999998,0.014774999999999998,0.014674999999999999,0.014649999999999998,0.014474999999999998,0.014299999999999998,0.014000000000000002,0.013375,0.012025,0.009224999999999999,0.003925,-0.004175,-0.0147,-0.022824999999999998]},"I":{"unit":"A","value":[0.000618,0.000615,0.000612,0.000616,0.000612,0.000611,0.0006129999999999999,0.00061,0.000609,0.000611,0.000607,0.000607,0.000607,0.0006039999999999999,0.0006039999999999999,0.0006039999999999999,0.000601,0.0005989999999999999,0.0005989999999999999,0.000596,0.0005949999999999999,0.0005909999999999999,0.000587,0.0005859999999999999,0.000579,0.0005719999999999999,0.0005600000000000001,0.000535,0.000481,0.00036899999999999997,0.000157,-0.00016700000000000002,-0.000588,-0.0009130000000000001]},"efficiency":{"unit":"%","value":13.86},"fill_factor":{"unit":"%","value":77.18295218295219},"jsc":{"unit":"mA\/cm2","value":15.35625},"isc":{"unit":"mA","value":0.61425},"voc":{"unit":"V","value":1.1693827160493826},"sweep_direction":{"unit":"","value":"Forward"},"key":"forward_2_CsPbI2Br+100uL Ch2I2_722042604_1.02 mg CuCl2"},{"V":{"unit":"V","value":[-0.05,-0.01,0.03,0.07,0.11,0.15,0.19,0.23,0.27,0.31,0.35,0.39,0.43,0.47,0.51,0.55,0.59,0.63,0.67,0.71,0.75,0.79,0.83,0.87,0.91,0.95,0.99,1.03,1.07,1.11,1.15,1.19,1.23,1.27]},"J":{"unit":"A\/cm2","value":[0.01555,0.015449999999999998,0.015475,0.015449999999999998,0.015425,0.015425,0.0154,0.015375,0.0154,0.015325,0.015325,0.015325,0.01525,0.015274999999999999,0.0153,0.015149999999999999,0.015175,0.015175,0.01505,0.015075,0.015024999999999998,0.014924999999999999,0.014899999999999998,0.014799999999999999,0.014649999999999998,0.014499999999999999,0.01415,0.013450000000000002,0.012,0.008924999999999999,0.0034000000000000002,-0.004875,-0.015574999999999999,-0.028050000000000002]},"I":{"unit":"A","value":[0.000622,0.000618,0.000619,0.000618,0.000617,0.000617,0.000616,0.000615,0.000616,0.0006129999999999999,0.0006129999999999999,0.0006129999999999999,0.00061,0.000611,0.000612,0.000606,0.000607,0.000607,0.000602,0.000603,0.000601,0.000597,0.000596,0.000592,0.0005859999999999999,0.00058,0.000566,0.0005380000000000001,0.00047999999999999996,0.000357,0.000136,-0.000195,-0.000623,-0.0011220000000000002]},"efficiency":{"unit":"%","value":14.008499999999998},"fill_factor":{"unit":"%","value":77.70105960452034},"jsc":{"unit":"mA\/cm2","value":15.456249999999999},"isc":{"unit":"mA","value":0.61825},"voc":{"unit":"V","value":1.1664350453172205},"sweep_direction":{"unit":"","value":"Forward"},"key":"forward_1_CsPbI2Br+100uL Ch2I2_722042604_1.02 mg CuCl2"}]}}