{"_id":"652e48b910011f73f20c50e0","id":"CAU-SC-00296","author":68,"group":7,"input":[{"tco":{"unit":"","value":"ITO"}},[],{"htl":[{"material":{"unit":"","value":"PEDOT:PSS"},"concentration":{"unit":"","value":""},"conc_unit":{"unit":"","value":"mg\/ml"},"quantity":{"unit":"ml","value":""}}],"spin_coating":[{"type":{"unit":"","value":"drop&run"},"rpm":{"unit":"","value":"5000"},"time":{"unit":"s","value":"30"}}],"annealing":[{"temperature":{"unit":"oC","value":"150"},"time":{"unit":"m","value":"20"}}]},{"perovskite":{"method":{"unit":"","value":"1step"},"molarity":{"unit":"M","value":"1.8"},"a_site":[{"material":{"unit":"","value":"FA"},"ratio":{"unit":"","value":"60"}},{"material":{"unit":"","value":"Cs"},"ratio":{"unit":"","value":"10"}},{"material":{"unit":"","value":"MA"},"ratio":{"unit":"","value":"30"}}],"b_site":[{"material":{"unit":"","value":"Sn"},"ratio":{"unit":"","value":"50"}},{"material":{"unit":"","value":"Pb"},"ratio":{"unit":"","value":"50"}}],"x_site":[{"material":{"unit":"","value":"I"},"ratio":{"unit":"","value":"100"}}],"solvent":[{"material":{"unit":"","value":"DMF"},"volume":{"unit":"ml","value":"0.75"}},{"material":{"unit":"","value":"DMSO"},"volume":{"unit":"ml","value":"0.25"}}],"additive":[{"material":{"unit":"","value":"SnF2"},"solvent":{"unit":"","value":"none"},"concentration":{"unit":"","value":"9.36"},"conc_unit":{"unit":"","value":"mg\/ml"},"quantity":{"unit":"mol%","value":"5"}}],"stirring_time":[{"unit":"m","value":"120"}],"antisolvent":[{"material":{"unit":"","value":"CB"},"quantity":{"unit":"ul","value":"400"},"dripping_time":{"unit":"s","value":"15"}}],"spin_coating":[{"type":{"unit":"","value":"drop&run"},"rpm":{"unit":"","value":"5000"},"time":{"unit":"s","value":"60"}}],"annealing":[{"temperature":{"unit":"oC","value":"100"},"time":{"unit":"m","value":"10"}},{"temperature":{"unit":"oC","value":"65"},"time":{"unit":"m","value":"10"}}],"atmosphere":[{"type":{"unit":"","value":"N2"},"temperature":{"unit":"oC","value":"25"},"humidity":{"unit":"RH%","value":"0"}}]}},{"etl":[{"material":{"unit":"","value":"PC61BM"},"concentration":{"unit":"","value":"20"},"conc_unit":{"unit":"","value":"mg\/ml"},"quantity":{"unit":"ml","value":"0.05"}}],"solvent":[{"material":{"unit":"","value":"CB"},"volume":{"unit":"ml","value":"1"}}],"spin_coating":[{"type":{"unit":"","value":"drop&run"},"rpm":{"unit":"","value":"1500"},"time":{"unit":"s","value":"30"}}],"annealing":[{"temperature":{"unit":"oC","value":"75"},"time":{"unit":"m","value":"10"}}]},{"blocking_buffer_layer":[{"material":{"unit":"","value":"BCP"},"concentration":{"unit":"","value":"0.5"},"conc_unit":{"unit":"","value":"mg\/ml"},"quantity":{"unit":"ml","value":"0.1"}}],"solvent":[{"material":{"unit":"","value":"IPA"},"volume":{"unit":"ml","value":"1"}}],"spin_coating":[{"type":{"unit":"","value":"drop&run"},"rpm":{"unit":"","value":"4000"},"time":{"unit":"s","value":"20"}}]},{"anode_metal":{"unit":"","value":"Ag"}},{"note":{"unit":"","value":"ITO\/PD\/wakamiya"},"ar":{"unit":"","value":"0"},"type":{"unit":"","value":"unit_cell"},"device_type":{"unit":"","value":"p-i-n"},"temperature":{"unit":"\u2103","value":"25"},"humidity":{"unit":"%","value":"30"},"cell_dimension":{"unit":"cm2","value":"0.04"}}],"fileinfo":[{"key":"122112905","uploadType":"JV","original_name":"122112905.xlsx","save_name":"CAU-SC-00296\/122112905","uploader":68,"fileType":"group"}],"jvcnt":8,"updated_at":"2024-07-30 06:16:18","created_at":"2023-10-17 08:41:29","analysisInfo":{"JV":[{"efficiency":10.606275,"fill_factor":59.76937149325674,"jsc":26.68125,"voc":0.6650863309352517,"key":"reverse_4_122112905","cell_dimension":null},{"efficiency":10.819125,"fill_factor":58.57528482949793,"jsc":27.917500000000004,"voc":0.661608695652174,"key":"reverse_3_122112905","cell_dimension":null},{"efficiency":14.1224,"fill_factor":69.7554509825762,"jsc":29.439999999999998,"voc":0.6876897506925207,"key":"reverse_2_122112905","cell_dimension":null},{"efficiency":14.109300000000003,"fill_factor":69.96504221347269,"jsc":29.620000000000008,"voc":0.680830985915493,"key":"reverse_1_122112905","cell_dimension":null},{"efficiency":10.212750000000002,"fill_factor":56.78117782909931,"jsc":27.0625,"voc":0.6646153846153846,"key":"forward_4_122112905","cell_dimension":null},{"efficiency":10.5315,"fill_factor":56.26338212850111,"jsc":28.125,"voc":0.6655364806866952,"key":"forward_3_122112905","cell_dimension":null},{"efficiency":12.017750000000001,"fill_factor":60.119883511103964,"jsc":29.699999999999992,"voc":0.6730519480519482,"key":"forward_2_122112905","cell_dimension":null},{"efficiency":11.61525,"fill_factor":58.55789012803104,"jsc":29.912499999999998,"voc":0.6631174089068826,"key":"forward_1_122112905","cell_dimension":null}]},"public":2,"tags":[],"analysis":{"JV":[{"V":{"unit":"V","value":[0.713,0.693,0.673,0.653,0.633,0.613,0.593,0.573,0.553,0.533,0.513,0.493,0.473,0.453,0.433,0.413,0.393,0.373,0.353,0.333,0.313,0.293,0.273,0.253,0.233,0.213,0.193,0.173,0.153,0.133,0.113,0.093,0.073,0.053,0.033,0.013,-0.007,-0.027,-0.047]},"J":{"unit":"A\/cm2","value":[-0.02545,-0.012225,-0.00275,0.004200000000000001,0.0093,0.0129,0.0156,0.017325,0.01875,0.01975,0.020674999999999995,0.0214,0.0221,0.02265,0.023100000000000002,0.023499999999999997,0.0237,0.024024999999999998,0.024125,0.024375,0.024474999999999997,0.0247,0.024825,0.02495,0.025074999999999997,0.025224999999999997,0.02535,0.0254,0.025574999999999997,0.025674999999999996,0.0259,0.026,0.026174999999999997,0.026275,0.026400000000000003,0.026600000000000002,0.026725,0.026900000000000004,0.026975]},"I":{"unit":"A","value":[-0.001018,-0.000489,-0.00011,0.00016800000000000002,0.000372,0.000516,0.000624,0.0006929999999999999,0.00075,0.00079,0.0008269999999999999,0.000856,0.000884,0.000906,0.000924,0.00094,0.000948,0.0009609999999999999,0.0009649999999999999,0.000975,0.000979,0.000988,0.000993,0.000998,0.001003,0.001009,0.001014,0.001016,0.0010229999999999998,0.001027,0.001036,0.0010400000000000001,0.001047,0.0010509999999999999,0.001056,0.001064,0.0010689999999999999,0.0010760000000000001,0.0010789999999999999]},"efficiency":{"unit":"%","value":10.606275},"fill_factor":{"unit":"%","value":59.76937149325674},"jsc":{"unit":"mA\/cm2","value":26.68125},"isc":{"unit":"mA","value":1.06725},"voc":{"unit":"V","value":0.6650863309352517},"sweep_direction":{"unit":"","value":"Reverse"},"key":"reverse_4_122112905"},{"V":{"unit":"V","value":[0.709,0.689,0.669,0.649,0.629,0.609,0.589,0.569,0.549,0.529,0.509,0.489,0.469,0.449,0.429,0.409,0.389,0.369,0.349,0.329,0.309,0.289,0.269,0.249,0.229,0.209,0.189,0.169,0.149,0.129,0.109,0.089,0.069,0.049,0.029,0.009,-0.011,-0.031]},"J":{"unit":"A\/cm2","value":[-0.025024999999999995,-0.011899999999999999,-0.0025499999999999997,0.00435,0.009349999999999999,0.0129,0.01555,0.017474999999999997,0.019,0.0202,0.021175,0.022125,0.022850000000000002,0.023524999999999997,0.024024999999999998,0.024575,0.024925,0.025174999999999996,0.025474999999999998,0.0257,0.02595,0.02605,0.026225,0.026350000000000002,0.0265,0.026624999999999996,0.02675,0.026900000000000004,0.026975,0.027174999999999998,0.027225,0.027424999999999998,0.027475,0.027625,0.027750000000000004,0.02785,0.028000000000000004,0.028050000000000002]},"I":{"unit":"A","value":[-0.001001,-0.00047599999999999997,-0.000102,0.000174,0.000374,0.000516,0.000622,0.000699,0.00076,0.000808,0.000847,0.000885,0.000914,0.000941,0.0009609999999999999,0.000983,0.000997,0.0010069999999999999,0.001019,0.001028,0.001038,0.001042,0.001049,0.001054,0.00106,0.001065,0.00107,0.0010760000000000001,0.0010789999999999999,0.0010869999999999999,0.001089,0.0010969999999999999,0.001099,0.001105,0.00111,0.0011140000000000002,0.0011200000000000001,0.0011220000000000002]},"efficiency":{"unit":"%","value":10.819125},"fill_factor":{"unit":"%","value":58.57528482949793},"jsc":{"unit":"mA\/cm2","value":27.917500000000004},"isc":{"unit":"mA","value":1.1167000000000002},"voc":{"unit":"V","value":0.661608695652174},"sweep_direction":{"unit":"","value":"Reverse"},"key":"reverse_3_122112905"},{"V":{"unit":"V","value":[0.736,0.716,0.696,0.676,0.656,0.636,0.616,0.596,0.576,0.556,0.536,0.516,0.496,0.476,0.456,0.436,0.416,0.396,0.376,0.356,0.336,0.316,0.296,0.276,0.256,0.236,0.216,0.196,0.176,0.156,0.136,0.116,0.096,0.076,0.056,0.036,0.016,-0.004,-0.024,-0.044]},"J":{"unit":"A\/cm2","value":[-0.0319,-0.01585,-0.00375,0.005274999999999999,0.012049999999999998,0.01685,0.020399999999999998,0.022675,0.024375,0.0254,0.026199999999999998,0.026699999999999998,0.02695,0.027225,0.027325,0.027575,0.027625,0.027800000000000002,0.0279,0.028075,0.028199999999999996,0.0283,0.028375,0.028475,0.028625,0.028625,0.028775,0.028849999999999997,0.0289,0.028975,0.028975,0.029125,0.029049999999999996,0.0292,0.0292,0.029325,0.0294,0.02945,0.029575,0.029499999999999995]},"I":{"unit":"A","value":[-0.001276,-0.000634,-0.00015,0.000211,0.000482,0.000674,0.000816,0.000907,0.000975,0.001016,0.001048,0.0010680000000000002,0.001078,0.001089,0.001093,0.001103,0.001105,0.0011120000000000001,0.001116,0.001123,0.0011279999999999999,0.001132,0.001135,0.001139,0.001145,0.001145,0.0011510000000000001,0.0011539999999999999,0.001156,0.001159,0.001159,0.001165,0.0011619999999999998,0.001168,0.001168,0.001173,0.001176,0.001178,0.001183,0.0011799999999999998]},"efficiency":{"unit":"%","value":14.1224},"fill_factor":{"unit":"%","value":69.7554509825762},"jsc":{"unit":"mA\/cm2","value":29.439999999999998},"isc":{"unit":"mA","value":1.1776},"voc":{"unit":"V","value":0.6876897506925207},"sweep_direction":{"unit":"","value":"Reverse"},"key":"reverse_2_122112905"},{"V":{"unit":"V","value":[0.729,0.709,0.689,0.669,0.649,0.629,0.609,0.589,0.569,0.549,0.529,0.509,0.489,0.469,0.449,0.429,0.409,0.389,0.369,0.349,0.329,0.309,0.289,0.269,0.249,0.229,0.209,0.189,0.169,0.149,0.129,0.109,0.089,0.069,0.049,0.029,0.009,-0.011,-0.031]},"J":{"unit":"A\/cm2","value":[-0.030675,-0.015274999999999999,-0.0036249999999999998,0.00525,0.011975,0.016800000000000002,0.020375,0.0228,0.024599999999999997,0.0257,0.026600000000000002,0.02705,0.0274,0.02755,0.027675,0.027825,0.02785,0.028000000000000004,0.028050000000000002,0.028199999999999996,0.028249999999999997,0.028349999999999997,0.028499999999999998,0.028475,0.028675,0.028675,0.028875,0.028825,0.028949999999999997,0.028999999999999998,0.029099999999999997,0.0292,0.029249999999999995,0.029375,0.0294,0.029549999999999996,0.029575,0.029675,0.0297]},"I":{"unit":"A","value":[-0.001227,-0.000611,-0.000145,0.00020999999999999998,0.000479,0.0006720000000000001,0.000815,0.000912,0.000984,0.001028,0.001064,0.001082,0.0010960000000000002,0.0011020000000000001,0.001107,0.001113,0.0011140000000000002,0.0011200000000000001,0.0011220000000000002,0.0011279999999999999,0.00113,0.0011339999999999998,0.00114,0.001139,0.001147,0.001147,0.001155,0.001153,0.001158,0.00116,0.0011639999999999999,0.001168,0.00117,0.001175,0.001176,0.0011819999999999999,0.001183,0.0011870000000000001,0.001188]},"efficiency":{"unit":"%","value":14.109300000000003},"fill_factor":{"unit":"%","value":69.96504221347269},"jsc":{"unit":"mA\/cm2","value":29.620000000000008},"isc":{"unit":"mA","value":1.1848000000000003},"voc":{"unit":"V","value":0.680830985915493},"sweep_direction":{"unit":"","value":"Reverse"},"key":"reverse_1_122112905"},{"V":{"unit":"V","value":[-0.05,-0.03,-0.01,0.01,0.03,0.05,0.07,0.09,0.11,0.13,0.15,0.17,0.19,0.21,0.23,0.25,0.27,0.29,0.31,0.33,0.35,0.37,0.39,0.41,0.43,0.45,0.47,0.49,0.51,0.53,0.55,0.57,0.59,0.61,0.63,0.65,0.67,0.69,0.71,0.73]},"J":{"unit":"A\/cm2","value":[0.03075,0.028375,0.027325,0.0268,0.026324999999999998,0.025974999999999998,0.025674999999999996,0.025374999999999995,0.025124999999999998,0.024849999999999997,0.024675,0.024399999999999998,0.024175,0.02395,0.023799999999999998,0.0236,0.0234,0.023225000000000003,0.02305,0.022900000000000004,0.022699999999999998,0.02255,0.02225,0.0221,0.021775,0.021525,0.021099999999999997,0.020625,0.020025,0.019125,0.01815,0.0166,0.014749999999999997,0.01215,0.00875,0.004275,-0.001575,-0.0091,-0.0186,-0.030299999999999997]},"I":{"unit":"A","value":[0.00123,0.001135,0.001093,0.001072,0.001053,0.001039,0.001027,0.0010149999999999998,0.0010049999999999998,0.000994,0.000987,0.000976,0.000967,0.000958,0.0009519999999999999,0.000944,0.0009360000000000001,0.000929,0.0009220000000000001,0.000916,0.0009080000000000001,0.000902,0.0008900000000000001,0.000884,0.000871,0.000861,0.000844,0.000825,0.0008010000000000001,0.0007650000000000001,0.000726,0.000664,0.0005899999999999999,0.000486,0.00035,0.000171,-6.3e-5,-0.000364,-0.000744,-0.001212]},"efficiency":{"unit":"%","value":10.212750000000002},"fill_factor":{"unit":"%","value":56.78117782909931},"jsc":{"unit":"mA\/cm2","value":27.0625},"isc":{"unit":"mA","value":1.0825},"voc":{"unit":"V","value":0.6646153846153846},"sweep_direction":{"unit":"","value":"Forward"},"key":"forward_4_122112905"},{"V":{"unit":"V","value":[-0.05,-0.03,-0.01,0.01,0.03,0.05,0.07,0.09,0.11,0.13,0.15,0.17,0.19,0.21,0.23,0.25,0.27,0.29,0.31,0.33,0.35,0.37,0.39,0.41,0.43,0.45,0.47,0.49,0.51,0.53,0.55,0.57,0.59,0.61,0.63,0.65,0.67,0.69,0.71,0.73]},"J":{"unit":"A\/cm2","value":[0.031474999999999996,0.029375,0.028425000000000002,0.027825,0.027350000000000003,0.02695,0.026574999999999998,0.026225,0.02605,0.025724999999999998,0.025525,0.025224999999999997,0.025074999999999997,0.024825,0.024675,0.024425000000000002,0.0242,0.024075,0.023849999999999996,0.023725,0.023425,0.0233,0.023025000000000004,0.022850000000000002,0.022525,0.022175,0.021775,0.021275,0.020649999999999998,0.019675,0.01865,0.017025000000000002,0.015175,0.01245,0.0091,0.0045249999999999995,-0.0012999999999999997,-0.008774999999999998,-0.018125,-0.02965]},"I":{"unit":"A","value":[0.001259,0.001175,0.001137,0.001113,0.0010940000000000001,0.001078,0.001063,0.001049,0.001042,0.001029,0.001021,0.001009,0.001003,0.000993,0.000987,0.000977,0.000968,0.000963,0.000954,0.000949,0.000937,0.0009320000000000001,0.000921,0.000914,0.000901,0.000887,0.000871,0.000851,0.0008259999999999999,0.000787,0.000746,0.0006810000000000001,0.000607,0.000498,0.000364,0.00018099999999999998,-5.2e-5,-0.00035099999999999997,-0.000725,-0.001186]},"efficiency":{"unit":"%","value":10.5315},"fill_factor":{"unit":"%","value":56.26338212850111},"jsc":{"unit":"mA\/cm2","value":28.125},"isc":{"unit":"mA","value":1.125},"voc":{"unit":"V","value":0.6655364806866952},"sweep_direction":{"unit":"","value":"Forward"},"key":"forward_3_122112905"},{"V":{"unit":"V","value":[-0.05,-0.03,-0.01,0.01,0.03,0.05,0.07,0.09,0.11,0.13,0.15,0.17,0.19,0.21,0.23,0.25,0.27,0.29,0.31,0.33,0.35,0.37,0.39,0.41,0.43,0.45,0.47,0.49,0.51,0.53,0.55,0.57,0.59,0.61,0.63,0.65,0.67,0.69,0.71,0.73,0.75]},"J":{"unit":"A\/cm2","value":[0.03245,0.030775000000000004,0.02995,0.02945,0.029075,0.028849999999999997,0.028449999999999996,0.028274999999999998,0.028000000000000004,0.027875,0.027575,0.027450000000000002,0.027274999999999997,0.027075,0.026975,0.026775,0.026725,0.026449999999999998,0.026400000000000003,0.026174999999999997,0.026075,0.0259,0.02565,0.025525,0.025224999999999997,0.02505,0.0245,0.0242,0.023425,0.022675,0.021474999999999998,0.019925000000000002,0.01795,0.015224999999999999,0.011774999999999999,0.0070999999999999995,0.001175,-0.006525,-0.016149999999999998,-0.028249999999999997,-0.042825]},"I":{"unit":"A","value":[0.0012980000000000001,0.001231,0.0011979999999999998,0.001178,0.001163,0.0011539999999999999,0.001138,0.001131,0.0011200000000000001,0.0011149999999999999,0.001103,0.001098,0.001091,0.001083,0.0010789999999999999,0.001071,0.0010689999999999999,0.0010580000000000001,0.001056,0.001047,0.0010429999999999999,0.001036,0.001026,0.001021,0.001009,0.001002,0.00098,0.000968,0.000937,0.000907,0.000859,0.0007970000000000001,0.000718,0.000609,0.00047099999999999996,0.00028399999999999996,4.7e-5,-0.000261,-0.000646,-0.00113,-0.0017130000000000001]},"efficiency":{"unit":"%","value":12.017750000000001},"fill_factor":{"unit":"%","value":60.119883511103964},"jsc":{"unit":"mA\/cm2","value":29.699999999999992},"isc":{"unit":"mA","value":1.1879999999999997},"voc":{"unit":"V","value":0.6730519480519482},"sweep_direction":{"unit":"","value":"Forward"},"key":"forward_2_122112905"},{"V":{"unit":"V","value":[-0.05,-0.03,-0.01,0.01,0.03,0.05,0.07,0.09,0.11,0.13,0.15,0.17,0.19,0.21,0.23,0.25,0.27,0.29,0.31,0.33,0.35,0.37,0.39,0.41,0.43,0.45,0.47,0.49,0.51,0.53,0.55,0.57,0.59,0.61,0.63,0.65,0.67,0.69,0.71,0.73,0.75]},"J":{"unit":"A\/cm2","value":[0.0325,0.03095,0.030125,0.0297,0.029249999999999995,0.028975,0.028625,0.028399999999999998,0.028175000000000002,0.027950000000000003,0.027700000000000002,0.0275,0.027424999999999998,0.027125,0.027100000000000003,0.026824999999999998,0.02675,0.026525,0.026400000000000003,0.026225,0.025974999999999998,0.025924999999999997,0.025624999999999995,0.025424999999999996,0.02505,0.024724999999999997,0.0242,0.0236,0.022775,0.021599999999999998,0.0202,0.018275,0.016,0.012875,0.009025,0.00405,-0.002125,-0.0099,-0.01945,-0.031075000000000002,-0.044974999999999994]},"I":{"unit":"A","value":[0.0013,0.001238,0.0012050000000000001,0.001188,0.00117,0.001159,0.001145,0.0011359999999999999,0.001127,0.001118,0.001108,0.0011,0.0010969999999999999,0.001085,0.0010840000000000001,0.001073,0.00107,0.0010609999999999999,0.001056,0.001049,0.001039,0.001037,0.0010249999999999999,0.001017,0.001002,0.000989,0.000968,0.000944,0.000911,0.000864,0.000808,0.000731,0.00064,0.000515,0.000361,0.000162,-8.5e-5,-0.00039600000000000003,-0.000778,-0.0012430000000000002,-0.001799]},"efficiency":{"unit":"%","value":11.61525},"fill_factor":{"unit":"%","value":58.55789012803104},"jsc":{"unit":"mA\/cm2","value":29.912499999999998},"isc":{"unit":"mA","value":1.1965},"voc":{"unit":"V","value":0.6631174089068826},"sweep_direction":{"unit":"","value":"Forward"},"key":"forward_1_122112905"}]}}