{"_id":"65315a6415804d488a7f1afa","id":"CAU-SC-00577","author":71,"group":7,"input":[{"tco":{"unit":"","value":"ITO"}},{"htl":[{"material":{"unit":"","value":"AlNiOx_NP_centrifuge"},"concentration":{"unit":"","value":"12.5"},"conc_unit":{"unit":"","value":"mg\/ml"},"quantity":{"unit":"ml","value":"0.05"}}],"spin_coating":[{"type":{"unit":"","value":"drop&run"},"rpm":{"unit":"","value":"1000"},"time":{"unit":"s","value":"1"}},{"type":{"unit":"","value":"drop&run"},"rpm":{"unit":"","value":"3000"},"time":{"unit":"s","value":"30"}}],"annealing":[{"temperature":{"unit":"oC","value":"150"},"time":{"unit":"m","value":"20"}}],"condition":{"unit":"","value":"air"}},{"condition":{"unit":"","value":"air"},"perovskite":{"method":{"unit":"","value":"1step"},"molarity":{"unit":"M","value":"1.2"},"a_site":[{"material":{"unit":"","value":"Cs"},"ratio":{"unit":"","value":"105"}}],"b_site":[{"material":{"unit":"","value":"Pb"},"ratio":{"unit":"","value":"100"}}],"x_site":[{"material":{"unit":"","value":"I"},"ratio":{"unit":"","value":"67"}},{"material":{"unit":"","value":"Br"},"ratio":{"unit":"","value":"33"}}],"solvent":[{"material":{"unit":"","value":"DMSO"},"volume":{"unit":"ml","value":"0.7"}},{"material":{"unit":"","value":"DMF"},"volume":{"unit":"ml","value":"0.3"}}],"spin_coating":[{"type":{"unit":"","value":"drop&run"},"rpm":{"unit":"","value":"3000"},"time":{"unit":"s","value":"40"}}],"annealing":[{"temperature":{"unit":"oC","value":"245"},"time":{"unit":"m","value":"10"}}],"atmosphere":[{"type":{"unit":"","value":"air"},"temperature":{"unit":"oC","value":"20"},"humidity":{"unit":"RH%","value":"38"}}],"additive":[{"material":{"unit":"","value":"PEAI"},"solvent":{"unit":"","value":"None"},"concentration":{"unit":"","value":"0.5"},"conc_unit":{"unit":"","value":"mg\/ml"},"quantity":{"unit":"mol%","value":"0.1673"}}]}},{"etl":[{"material":{"unit":"","value":"ZnO"},"concentration":{"unit":"","value":"1.25"},"conc_unit":{"unit":"","value":"wt%"},"quantity":{"unit":"ml","value":"None"}}],"solvent":[{"material":{"unit":"","value":"IPA"},"volume":{"unit":"ml","value":"1"}}],"spin_coating":[{"type":{"unit":"","value":"drop&run"},"rpm":{"unit":"","value":"3000"},"time":{"unit":"s","value":"30"}}],"annealing":[{"temperature":{"unit":"oC","value":"100"},"time":{"unit":"m","value":"5"}}]},{"anode_metal":{"unit":"","value":"Ag"}},{"note":{"unit":"","value":"230817 ZnO"},"ar":{"unit":"","value":"0"},"type":{"unit":"","value":"unit_cell"},"device_type":{"unit":"","value":"p-i-n"},"temperature":{"unit":"\u2103","value":"20"},"humidity":{"unit":"%","value":"38"},"cell_dimension":{"unit":"cm2","value":"0.04"}}],"fileinfo":[{"key":"423081706","uploadType":"JV","original_name":"423081706.xlsx","save_name":"CAU-SC-00577\/423081706","uploader":71,"fileType":"group"}],"jvcnt":12,"updated_at":"2024-08-05 11:19:39","created_at":"2023-10-19 16:33:40","analysisInfo":{"JV":[{"efficiency":4.987125,"fill_factor":60.789975745505586,"jsc":12.474999999999998,"voc":0.6576241134751772,"key":"reverse_6_423081706","cell_dimension":null},{"efficiency":4.7806,"fill_factor":59.79114386272464,"jsc":12.418125,"voc":0.6438571428571428,"key":"reverse_5_423081706","cell_dimension":null},{"efficiency":5.4981,"fill_factor":63.78027709994923,"jsc":12.6,"voc":0.684156862745098,"key":"reverse_4_423081706","cell_dimension":null},{"efficiency":5.207050000000001,"fill_factor":62.70411468374329,"jsc":12.583749999999998,"voc":0.6599113924050634,"key":"reverse_3_423081706","cell_dimension":null},{"efficiency":5.280875,"fill_factor":63.55990129724282,"jsc":12.561250000000001,"voc":0.6614390243902439,"key":"reverse_2_423081706","cell_dimension":null},{"efficiency":5.264399999999999,"fill_factor":64.15477402318459,"jsc":12.739999999999998,"voc":0.6440958083832337,"key":"reverse_1_423081706","cell_dimension":null},{"efficiency":2.33275,"fill_factor":36.44629028769197,"jsc":12.562499999999998,"voc":0.509493670886076,"key":"forward_6_423081706","cell_dimension":null},{"efficiency":2.1465,"fill_factor":35.04519524446421,"jsc":12.49375,"voc":0.4902409638554217,"key":"forward_5_423081706","cell_dimension":null},{"efficiency":3.0449999999999995,"fill_factor":43.68798520067237,"jsc":12.612499999999999,"voc":0.5526168224299066,"key":"forward_4_423081706","cell_dimension":null},{"efficiency":2.7279999999999998,"fill_factor":41.02927878753872,"jsc":12.61875,"voc":0.5269072164948454,"key":"forward_3_423081706","cell_dimension":null},{"efficiency":2.8874999999999997,"fill_factor":42.5109852633952,"jsc":12.568749999999998,"voc":0.5404166666666667,"key":"forward_2_423081706","cell_dimension":null},{"efficiency":2.9372499999999997,"fill_factor":43.03348536154257,"jsc":12.737499999999999,"voc":0.5358585858585858,"key":"forward_1_423081706","cell_dimension":null}]},"public":2,"tags":[],"analysis":{"JV":[{"V":{"unit":"V","value":[0.705,0.665,0.625,0.585,0.545,0.505,0.465,0.425,0.385,0.345,0.305,0.265,0.225,0.185,0.145,0.105,0.065,0.025,-0.015]},"J":{"unit":"A\/cm2","value":[-0.004825,-0.0006499999999999999,0.002875,0.005775000000000001,0.008025000000000001,0.00965,0.010725,0.011375,0.0118,0.012049999999999998,0.012199999999999999,0.012299999999999998,0.01235,0.012424999999999999,0.01245,0.01245,0.0125,0.012475,0.012475]},"I":{"unit":"A","value":[-0.000193,-2.6e-5,0.000115,0.000231,0.000321,0.000386,0.000429,0.000455,0.000472,0.000482,0.000488,0.000492,0.000494,0.000497,0.000498,0.000498,0.0005,0.000499,0.000499]},"efficiency":{"unit":"%","value":4.987125},"fill_factor":{"unit":"%","value":60.789975745505586},"jsc":{"unit":"mA\/cm2","value":12.474999999999998},"isc":{"unit":"mA","value":0.49899999999999994},"voc":{"unit":"V","value":0.6576241134751772},"sweep_direction":{"unit":"","value":"Reverse"},"key":"reverse_6_423081706"},{"V":{"unit":"V","value":[0.691,0.651,0.611,0.571,0.531,0.491,0.451,0.411,0.371,0.331,0.291,0.251,0.211,0.171,0.131,0.091,0.051,0.011,-0.029]},"J":{"unit":"A\/cm2","value":[-0.004825,-0.000625,0.002875,0.005725000000000001,0.00795,0.009550000000000001,0.0106,0.011275,0.01165,0.011924999999999998,0.0121,0.012174999999999998,0.012299999999999998,0.01235,0.01235,0.012424999999999999,0.0124,0.012424999999999999,0.0124]},"I":{"unit":"A","value":[-0.000193,-2.5e-5,0.000115,0.000229,0.00031800000000000003,0.000382,0.000424,0.000451,0.00046600000000000005,0.000477,0.000484,0.00048699999999999997,0.000492,0.000494,0.000494,0.000497,0.000496,0.000497,0.000496]},"efficiency":{"unit":"%","value":4.7806},"fill_factor":{"unit":"%","value":59.79114386272464},"jsc":{"unit":"mA\/cm2","value":12.418125},"isc":{"unit":"mA","value":0.496725},"voc":{"unit":"V","value":0.6438571428571428},"sweep_direction":{"unit":"","value":"Reverse"},"key":"reverse_5_423081706"},{"V":{"unit":"V","value":[0.732,0.692,0.652,0.612,0.572,0.532,0.492,0.452,0.412,0.372,0.332,0.292,0.252,0.212,0.172,0.132,0.092,0.052,0.012,-0.028]},"J":{"unit":"A\/cm2","value":[-0.004975,-0.00075,0.0030749999999999996,0.006225,0.008625,0.010199999999999999,0.011175000000000001,0.011749999999999998,0.012025,0.012225,0.01235,0.012375,0.012475,0.0125,0.012525,0.012549999999999999,0.012549999999999999,0.0126,0.0126,0.0126]},"I":{"unit":"A","value":[-0.000199,-2.9999999999999997e-5,0.000123,0.000249,0.000345,0.000408,0.000447,0.00047,0.000481,0.000489,0.000494,0.000495,0.000499,0.0005,0.000501,0.000502,0.000502,0.000504,0.000504,0.000504]},"efficiency":{"unit":"%","value":5.4981},"fill_factor":{"unit":"%","value":63.78027709994923},"jsc":{"unit":"mA\/cm2","value":12.6},"isc":{"unit":"mA","value":0.504},"voc":{"unit":"V","value":0.684156862745098},"sweep_direction":{"unit":"","value":"Reverse"},"key":"reverse_4_423081706"},{"V":{"unit":"V","value":[0.707,0.667,0.627,0.587,0.547,0.507,0.467,0.427,0.387,0.347,0.307,0.267,0.227,0.187,0.147,0.107,0.067,0.027,-0.013]},"J":{"unit":"A\/cm2","value":[-0.005225,-0.0007,0.00325,0.0064,0.0087,0.01025,0.01115,0.01165,0.012,0.01215,0.012299999999999998,0.012375,0.0124,0.0125,0.0125,0.012525,0.0126,0.012549999999999999,0.0126]},"I":{"unit":"A","value":[-0.00020899999999999998,-2.8e-5,0.00013000000000000002,0.000256,0.000348,0.00041,0.000446,0.00046600000000000005,0.00047999999999999996,0.000486,0.000492,0.000495,0.000496,0.0005,0.0005,0.000501,0.000504,0.000502,0.000504]},"efficiency":{"unit":"%","value":5.207050000000001},"fill_factor":{"unit":"%","value":62.70411468374329},"jsc":{"unit":"mA\/cm2","value":12.583749999999998},"isc":{"unit":"mA","value":0.50335},"voc":{"unit":"V","value":0.6599113924050634},"sweep_direction":{"unit":"","value":"Reverse"},"key":"reverse_3_423081706"},{"V":{"unit":"V","value":[0.709,0.669,0.629,0.589,0.549,0.509,0.469,0.429,0.389,0.349,0.309,0.269,0.229,0.189,0.149,0.109,0.069,0.029,-0.011]},"J":{"unit":"A\/cm2","value":[-0.005375,-0.000775,0.0033250000000000003,0.006600000000000001,0.008899999999999998,0.010375,0.01125,0.011725,0.012025,0.01215,0.012299999999999998,0.0124,0.0124,0.0125,0.012475,0.012525,0.012549999999999999,0.012525,0.012575]},"I":{"unit":"A","value":[-0.000215,-3.1e-5,0.000133,0.000264,0.000356,0.000415,0.00045,0.00046899999999999996,0.000481,0.000486,0.000492,0.000496,0.000496,0.0005,0.000499,0.000501,0.000502,0.000501,0.000503]},"efficiency":{"unit":"%","value":5.280875},"fill_factor":{"unit":"%","value":63.55990129724282},"jsc":{"unit":"mA\/cm2","value":12.561250000000001},"isc":{"unit":"mA","value":0.5024500000000001},"voc":{"unit":"V","value":0.6614390243902439},"sweep_direction":{"unit":"","value":"Reverse"},"key":"reverse_2_423081706"},{"V":{"unit":"V","value":[0.692,0.652,0.612,0.572,0.532,0.492,0.452,0.412,0.372,0.332,0.292,0.252,0.212,0.172,0.132,0.092,0.052,0.012,-0.028]},"J":{"unit":"A\/cm2","value":[-0.005399999999999999,-0.0008250000000000001,0.00335,0.0067,0.00915,0.0107,0.011525,0.012,0.01225,0.0124,0.012525,0.012549999999999999,0.0126,0.01265,0.01265,0.0127,0.0127,0.012725,0.012775]},"I":{"unit":"A","value":[-0.000216,-3.3e-5,0.000134,0.000268,0.000366,0.000428,0.00046100000000000004,0.00047999999999999996,0.00049,0.000496,0.000501,0.000502,0.000504,0.000506,0.000506,0.000508,0.000508,0.000509,0.0005110000000000001]},"efficiency":{"unit":"%","value":5.264399999999999},"fill_factor":{"unit":"%","value":64.15477402318459},"jsc":{"unit":"mA\/cm2","value":12.739999999999998},"isc":{"unit":"mA","value":0.5095999999999999},"voc":{"unit":"V","value":0.6440958083832337},"sweep_direction":{"unit":"","value":"Reverse"},"key":"reverse_1_423081706"},{"V":{"unit":"V","value":[-0.05,-0.01,0.03,0.07,0.11,0.15,0.19,0.23,0.27,0.31,0.35,0.39,0.43,0.47,0.51,0.55,0.59,0.63,0.67]},"J":{"unit":"A\/cm2","value":[0.012625,0.012575,0.012525,0.012375,0.011949999999999999,0.011300000000000001,0.01045,0.009525,0.00855,0.007525,0.0064,0.0050999999999999995,0.00365,0.00195,-2.5e-5,-0.002325,-0.004825,-0.0072499999999999995,-0.009275]},"I":{"unit":"A","value":[0.000505,0.000503,0.000501,0.000495,0.00047799999999999996,0.00045200000000000004,0.00041799999999999997,0.000381,0.000342,0.000301,0.000256,0.000204,0.000146,7.8e-5,-1.0e-6,-9.3e-5,-0.000193,-0.00029,-0.000371]},"efficiency":{"unit":"%","value":2.33275},"fill_factor":{"unit":"%","value":36.44629028769197},"jsc":{"unit":"mA\/cm2","value":12.562499999999998},"isc":{"unit":"mA","value":0.5025},"voc":{"unit":"V","value":0.509493670886076},"sweep_direction":{"unit":"","value":"Forward"},"key":"forward_6_423081706"},{"V":{"unit":"V","value":[-0.05,-0.01,0.03,0.07,0.11,0.15,0.19,0.23,0.27,0.31,0.35,0.39,0.43,0.47,0.51,0.55,0.59,0.63,0.67]},"J":{"unit":"A\/cm2","value":[0.012549999999999999,0.012525,0.0124,0.012174999999999998,0.011725,0.0109,0.00995,0.009,0.00795,0.006875,0.0056749999999999995,0.004324999999999999,0.0028250000000000003,0.0010500000000000002,-0.0010249999999999999,-0.003375,-0.0058,-0.0081,-0.009825]},"I":{"unit":"A","value":[0.000502,0.000501,0.000496,0.00048699999999999997,0.00046899999999999996,0.00043599999999999997,0.000398,0.00035999999999999997,0.00031800000000000003,0.000275,0.00022700000000000002,0.00017299999999999998,0.00011300000000000001,4.2000000000000004e-5,-4.1e-5,-0.000135,-0.000232,-0.000324,-0.000393]},"efficiency":{"unit":"%","value":2.1465},"fill_factor":{"unit":"%","value":35.04519524446421},"jsc":{"unit":"mA\/cm2","value":12.49375},"isc":{"unit":"mA","value":0.49975},"voc":{"unit":"V","value":0.4902409638554217},"sweep_direction":{"unit":"","value":"Forward"},"key":"forward_5_423081706"},{"V":{"unit":"V","value":[-0.05,-0.01,0.03,0.07,0.11,0.15,0.19,0.23,0.27,0.31,0.35,0.39,0.43,0.47,0.51,0.55,0.59,0.63,0.67,0.71]},"J":{"unit":"A\/cm2","value":[0.01265,0.012625,0.012575,0.0125,0.01245,0.012225,0.011899999999999999,0.011325,0.010549999999999999,0.009725,0.0087,0.007549999999999999,0.006149999999999999,0.004475,0.0025,0.000175,-0.0025,-0.005325,-0.0079,-0.00985]},"I":{"unit":"A","value":[0.000506,0.000505,0.000503,0.0005,0.000498,0.000489,0.00047599999999999997,0.000453,0.000422,0.000389,0.000348,0.00030199999999999997,0.000246,0.000179,0.0001,7.0e-6,-0.0001,-0.000213,-0.000316,-0.00039400000000000004]},"efficiency":{"unit":"%","value":3.0449999999999995},"fill_factor":{"unit":"%","value":43.68798520067237},"jsc":{"unit":"mA\/cm2","value":12.612499999999999},"isc":{"unit":"mA","value":0.5045},"voc":{"unit":"V","value":0.5526168224299066},"sweep_direction":{"unit":"","value":"Forward"},"key":"forward_4_423081706"},{"V":{"unit":"V","value":[-0.05,-0.01,0.03,0.07,0.11,0.15,0.19,0.23,0.27,0.31,0.35,0.39,0.43,0.47,0.51,0.55,0.59,0.63,0.67]},"J":{"unit":"A\/cm2","value":[0.012675,0.012625,0.0126,0.012475,0.012325,0.012,0.0114,0.010674999999999999,0.009775,0.008799999999999999,0.0076749999999999995,0.006375,0.004875,0.0031,0.0010249999999999999,-0.0014,-0.0040750000000000005,-0.00675,-0.009]},"I":{"unit":"A","value":[0.000507,0.000505,0.000504,0.000499,0.000493,0.00047999999999999996,0.000456,0.00042699999999999997,0.000391,0.000352,0.000307,0.000255,0.000195,0.000124,4.1e-5,-5.6e-5,-0.000163,-0.00027,-0.00035999999999999997]},"efficiency":{"unit":"%","value":2.7279999999999998},"fill_factor":{"unit":"%","value":41.02927878753872},"jsc":{"unit":"mA\/cm2","value":12.61875},"isc":{"unit":"mA","value":0.50475},"voc":{"unit":"V","value":0.5269072164948454},"sweep_direction":{"unit":"","value":"Forward"},"key":"forward_3_423081706"},{"V":{"unit":"V","value":[-0.05,-0.01,0.03,0.07,0.11,0.15,0.19,0.23,0.27,0.31,0.35,0.39,0.43,0.47,0.51,0.55,0.59,0.63,0.67]},"J":{"unit":"A\/cm2","value":[0.01265,0.012575,0.012549999999999999,0.0125,0.01235,0.0121,0.01165,0.011,0.010199999999999999,0.0093,0.00825,0.007025,0.0056,0.003875,0.001825,-0.000575,-0.0033250000000000003,-0.006125,-0.0086]},"I":{"unit":"A","value":[0.000506,0.000503,0.000502,0.0005,0.000494,0.000484,0.00046600000000000005,0.00044,0.000408,0.000372,0.00033,0.00028100000000000005,0.000224,0.000155,7.3e-5,-2.3e-5,-0.000133,-0.000245,-0.00034399999999999996]},"efficiency":{"unit":"%","value":2.8874999999999997},"fill_factor":{"unit":"%","value":42.5109852633952},"jsc":{"unit":"mA\/cm2","value":12.568749999999998},"isc":{"unit":"mA","value":0.5027499999999999},"voc":{"unit":"V","value":0.5404166666666667},"sweep_direction":{"unit":"","value":"Forward"},"key":"forward_2_423081706"},{"V":{"unit":"V","value":[-0.05,-0.01,0.03,0.07,0.11,0.15,0.19,0.23,0.27,0.31,0.35,0.39,0.43,0.47,0.51,0.55,0.59,0.63,0.67]},"J":{"unit":"A\/cm2","value":[0.012775,0.01275,0.0127,0.012625,0.012525,0.012275000000000001,0.011875,0.01125,0.010399999999999998,0.009474999999999999,0.00835,0.007049999999999999,0.005525,0.0037249999999999996,0.0016,-0.0008750000000000001,-0.00365,-0.0065,-0.008899999999999998]},"I":{"unit":"A","value":[0.0005110000000000001,0.00051,0.000508,0.000505,0.000501,0.000491,0.000475,0.00045,0.000416,0.000379,0.00033400000000000004,0.00028199999999999997,0.000221,0.000149,6.4e-5,-3.5000000000000004e-5,-0.000146,-0.00026000000000000003,-0.000356]},"efficiency":{"unit":"%","value":2.9372499999999997},"fill_factor":{"unit":"%","value":43.03348536154257},"jsc":{"unit":"mA\/cm2","value":12.737499999999999},"isc":{"unit":"mA","value":0.5095},"voc":{"unit":"V","value":0.5358585858585858},"sweep_direction":{"unit":"","value":"Forward"},"key":"forward_1_423081706"}]}}