{"_id":"6531293426db9e48202e7373","id":"CAU-SC-00470","author":67,"group":7,"input":[{"tco":{"unit":"","value":"ITO"}},[],{"htl":[{"material":{"unit":"","value":"PEDOT:PSS"},"concentration":{"unit":"","value":"None"},"conc_unit":{"unit":"","value":"mg\/ml"},"quantity":{"unit":"ml","value":"0.1"}}],"spin_coating":[{"type":{"unit":"","value":"drop&run"},"rpm":{"unit":"","value":"5000"},"time":{"unit":"s","value":"30"}}],"annealing":[{"temperature":{"unit":"oC","value":"150"},"time":{"unit":"m","value":"20"}}]},[],{"perovskite":{"method":{"unit":"","value":"1step"},"molarity":{"unit":"M","value":"1"},"a_site":[{"material":{"unit":"","value":"FA"},"ratio":{"unit":"","value":"70"}},{"material":{"unit":"","value":"PEA"},"ratio":{"unit":"","value":"5"}},{"material":{"unit":"","value":"DMA"},"ratio":{"unit":"","value":"25"}}],"b_site":[{"material":{"unit":"","value":"Sn"},"ratio":{"unit":"","value":"100"}}],"x_site":[{"material":{"unit":"","value":"I"},"ratio":{"unit":"","value":"67"}},{"material":{"unit":"","value":"Br"},"ratio":{"unit":"","value":"33"}}],"solvent":[{"material":{"unit":"","value":"DMF"},"volume":{"unit":"ml","value":"0.8"}},{"material":{"unit":"","value":"DMSO"},"volume":{"unit":"ml","value":"0.2"}}],"additive":[{"material":{"unit":"","value":"SnF2"},"solvent":{"unit":"","value":"none"},"concentration":{"unit":"","value":"15.6"},"conc_unit":{"unit":"","value":"mg\/ml"},"quantity":{"unit":"mol%","value":"10"}}],"stirring_time":[{"unit":"m","value":"120"}],"antisolvent":[{"material":{"unit":"","value":"CB"},"quantity":{"unit":"ul","value":"300"},"dripping_time":{"unit":"s","value":"15"}}],"spin_coating":[{"type":{"unit":"","value":"drop&run"},"rpm":{"unit":"","value":"8000"},"time":{"unit":"s","value":"30"}}],"annealing":[{"temperature":{"unit":"oC","value":"100"},"time":{"unit":"m","value":"10"}}],"atmosphere":[{"type":{"unit":"","value":"N2"},"temperature":{"unit":"oC","value":"25"},"humidity":{"unit":"RH%","value":"0"}}]}},{"etl":[{"material":{"unit":"","value":"PC61BM"},"concentration":{"unit":"","value":"20"},"conc_unit":{"unit":"","value":"mg\/ml"},"quantity":{"unit":"ml","value":"0.05"}}],"solvent":[{"material":{"unit":"","value":"CB"},"volume":{"unit":"ml","value":"0.75"}},{"material":{"unit":"","value":"DCB"},"volume":{"unit":"ml","value":"0.25"}}],"spin_coating":[{"type":{"unit":"","value":"drop&run"},"rpm":{"unit":"","value":"1500"},"time":{"unit":"s","value":"30"}}],"annealing":[{"temperature":{"unit":"oC","value":"70"},"time":{"unit":"m","value":"5"}}]},{"anode_metal":{"unit":"","value":"Ag"}},{"note":{"unit":"","value":"PEA5DMA5FA90SnI2Br"},"ar":{"unit":"","value":"0"},"type":{"unit":"","value":"unit_cell"},"device_type":{"unit":"","value":"p-i-n"},"temperature":{"unit":"\u2103","value":"25"},"humidity":{"unit":"%","value":"20"},"cell_dimension":{"unit":"cm2","value":"0.04"}}],"fileinfo":[{"key":"22302111","uploadType":"JV","original_name":"22302111.xlsx","save_name":"CAU-SC-00470\/22302111","uploader":67,"fileType":"group"}],"jvcnt":2,"updated_at":"2024-06-03 08:38:35","created_at":"2023-10-19 13:03:48","analysisInfo":{"JV":[{"efficiency":1.592,"fill_factor":56.672049362589064,"jsc":6.575,"voc":0.42724637681159416,"key":"reverse_1_22302111","cell_dimension":null},{"efficiency":1.862,"fill_factor":54.25820347143039,"jsc":6.75,"voc":0.5084057971014493,"key":"forward_1_22302111","cell_dimension":null}]},"public":2,"analysis":{"JV":[{"V":{"unit":"V","value":[0.6,0.58,0.56,0.54,0.52,0.5,0.48,0.46,0.44,0.42,0.4,0.38,0.36,0.34,0.32,0.3,0.28,0.26,0.24,0.22,0.2,0.18,0.16,0.14,0.12,0.1,0.08,0.06,0.04,0.02,0,-0.02,-0.04]},"J":{"unit":"A\/cm2","value":[-0.0156,-0.01445,-0.01235,-0.010299999999999998,-0.008400000000000001,-0.006575,-0.004725,-0.00295,-0.0010999999999999998,0.000625,0.0020499999999999997,0.003175,0.003975,0.00455,0.004975,0.005274999999999999,0.005525,0.0056749999999999995,0.0058,0.0059,0.006,0.00605,0.0060999999999999995,0.006175,0.006225,0.006274999999999999,0.00635,0.006375,0.00645,0.0065,0.006575,0.006625,0.0067]},"I":{"unit":"A","value":[-0.000624,-0.000578,-0.000494,-0.000412,-0.00033600000000000004,-0.000263,-0.000189,-0.000118,-4.4e-5,2.5e-5,8.2e-5,0.000127,0.00015900000000000002,0.000182,0.000199,0.000211,0.000221,0.00022700000000000002,0.000232,0.000236,0.00023999999999999998,0.000242,0.000244,0.000247,0.000249,0.000251,0.000254,0.000255,0.000258,0.00026000000000000003,0.000263,0.000265,0.000268]},"efficiency":{"unit":"%","value":1.592},"fill_factor":{"unit":"%","value":56.672049362589064},"jsc":{"unit":"mA\/cm2","value":6.575},"isc":{"unit":"mA","value":0.263},"voc":{"unit":"V","value":0.42724637681159416},"sweep_direction":{"unit":"","value":"Reverse"},"key":"reverse_1_22302111"},{"V":{"unit":"V","value":[-0.04,-0.02,0,0.02,0.04,0.06,0.08,0.1,0.12,0.14,0.16,0.18,0.2,0.22,0.24,0.26,0.28,0.3,0.32,0.34,0.36,0.38,0.4,0.42,0.44,0.46,0.48,0.5,0.52,0.54,0.56,0.58,0.6]},"J":{"unit":"A\/cm2","value":[0.006875,0.0068000000000000005,0.00675,0.0066749999999999995,0.006425,0.0064,0.006325,0.006274999999999999,0.006225,0.006175,0.006125,0.00605,0.006,0.005925,0.005874999999999999,0.0058,0.0057,0.005625,0.005475,0.00535,0.005149999999999999,0.004900000000000001,0.004575,0.00415,0.003675,0.00295,0.002075,0.000725,-0.001,-0.0032749999999999997,-0.0062,-0.009725,-0.013850000000000001]},"I":{"unit":"A","value":[0.000275,0.000272,0.00027,0.00026700000000000004,0.000257,0.000256,0.000253,0.000251,0.000249,0.000247,0.000245,0.000242,0.00023999999999999998,0.000237,0.000235,0.000232,0.000228,0.000225,0.000219,0.000214,0.000206,0.00019600000000000002,0.000183,0.000166,0.000147,0.000118,8.3e-5,2.9e-5,-4.0e-5,-0.000131,-0.000248,-0.000389,-0.000554]},"efficiency":{"unit":"%","value":1.862},"fill_factor":{"unit":"%","value":54.25820347143039},"jsc":{"unit":"mA\/cm2","value":6.75},"isc":{"unit":"mA","value":0.27},"voc":{"unit":"V","value":0.5084057971014493},"sweep_direction":{"unit":"","value":"Forward"},"key":"forward_1_22302111"}]}}