{"_id":"653115f526db9e48202e7366","id":"CAU-SC-00422","author":70,"group":7,"input":[{"tco":{"unit":"","value":"ITO"}},[],{"etl":[{"material":{"unit":"","value":"SnO2"},"concentration":{"unit":"","value":"1.5"},"conc_unit":{"unit":"","value":"wt%"},"quantity":{"unit":"ml","value":"0.3"}}],"solvent":[{"material":{"unit":"","value":"DI Water"},"volume":{"unit":"ml","value":"2.7"}}],"spin_coating":[{"type":{"unit":"","value":"drop&run"},"rpm":{"unit":"","value":"3000"},"time":{"unit":"s","value":"30"}}],"vacuum_suction":[{"unit":"s","value":"0"}],"annealing":[{"temperature":{"unit":"oC","value":"170"},"time":{"unit":"m","value":"30"}}]},{"etl":[{"material":{"unit":"","value":"ZnO"},"concentration":{"unit":"","value":"109.75"},"conc_unit":{"unit":"","value":"mg\/ml"},"quantity":{"unit":"ml","value":"1"}}],"solvent":[{"material":{"unit":"","value":"2-ME"},"volume":{"unit":"ml","value":"2"}},{"material":{"unit":"","value":"Ethanolamine"},"volume":{"unit":"ml","value":"0.067"}}],"spin_coating":[{"type":{"unit":"","value":"drop&run"},"rpm":{"unit":"","value":"5000"},"time":{"unit":"s","value":"30"}}],"vacuum_suction":[{"unit":"s","value":"0"}],"annealing":[{"temperature":{"unit":"oC","value":"170"},"time":{"unit":"m","value":"30"}}],"etl_doping":[{"material":{"unit":"","value":"CuCl2\u00b72H2O"},"volume":{"unit":"ul","value":"0.34 mg"}}]},[],{"perovskite":{"method":{"unit":"","value":"1step"},"molarity":{"unit":"M","value":"1.2"},"a_site":[{"material":{"unit":"","value":"Cs"},"ratio":{"unit":"","value":"105"}}],"b_site":[{"material":{"unit":"","value":"Pb"},"ratio":{"unit":"","value":"100"}}],"x_site":[{"material":{"unit":"","value":"I"},"ratio":{"unit":"","value":"67"}},{"material":{"unit":"","value":"Br"},"ratio":{"unit":"","value":"33"}}],"solvent":[{"material":{"unit":"","value":"DMSO"},"volume":{"unit":"ml","value":"0.7"}},{"material":{"unit":"","value":"DMF"},"volume":{"unit":"ml","value":"0.3"}}],"stirring_time":[{"unit":"m","value":"120"}],"spin_coating":[{"type":{"unit":"","value":"drop&run"},"rpm":{"unit":"","value":"3000"},"time":{"unit":"s","value":"43"}}],"annealing":[{"temperature":{"unit":"oC","value":"235"},"time":{"unit":"m","value":"10"}}],"atmosphere":[{"type":{"unit":"","value":"air"},"temperature":{"unit":"oC","value":"20"},"humidity":{"unit":"RH%","value":"38"}}],"assist":[{"type":{"unit":"","value":"hot air assist"},"temperature":{"unit":"oC","value":"230"},"assist_start_time":{"value":8,"unit":"s"},"total_assist_time":{"value":"0.233","unit":"s"}}],"additive":[{"material":{"unit":"","value":"CH2I2"},"solvent":{"unit":"","value":null},"concentration":{"unit":"","value":"100 uL"},"conc_unit":{"unit":"","value":null},"quantity":{"unit":"mol%","value":null}}]}},[],{"htl":[{"material":{"unit":"","value":"P3HT"},"concentration":{"unit":"","value":"10"},"conc_unit":{"unit":"","value":"mg\/ml"},"quantity":{"unit":"ml","value":"0.1"}}],"solvent":[{"material":{"unit":"","value":"CB"},"volume":{"unit":"ml","value":"1"}}],"spin_coating":[{"type":{"unit":"","value":"drop&run"},"rpm":{"unit":"","value":"3000"},"time":{"unit":"s","value":"30"}}],"vacuum_suction":[{"unit":"s","value":"0"}],"annealing":[{"temperature":{"unit":"oC","value":"100"},"time":{"unit":"m","value":"5"}}]},{"anode_metal":{"unit":"","value":"Au"}},{"note":{"unit":"","value":"CsPbI2Br+100uL Ch2I2_722042601_0.34 mg CuCl2"},"ar":{"unit":"","value":"0"},"type":{"unit":"","value":"unit_cell"},"device_type":{"unit":"","value":"n-i-p"},"temperature":{"unit":"\u2103","value":"20"},"humidity":{"unit":"%","value":"38"},"cell_dimension":{"unit":"cm2","value":"0.04"}}],"fileinfo":[{"key":"CsPbI2Br+100uL Ch2I2_722042601_0.34 mg CuCl2","uploadType":"JV","original_name":"CsPbI2Br+100uL Ch2I2_722042601_0.34 mg CuCl2.xlsx","save_name":"CAU-SC-00422\/CsPbI2Br+100uL Ch2I2_722042601_0.34 mg CuCl2","uploader":70,"fileType":"group"}],"jvcnt":14,"updated_at":"2024-06-03 08:38:35","created_at":"2023-10-19 11:41:41","analysisInfo":{"JV":[{"efficiency":15.062425,"fill_factor":81.06009671109666,"jsc":15.676874999999999,"voc":1.1853,"key":"reverse_7_CsPbI2Br+100uL Ch2I2_722042601_0.34 mg CuCl2","cell_dimension":null},{"efficiency":14.6594,"fill_factor":78.12883404215894,"jsc":15.830000000000002,"voc":1.1852881355932203,"key":"reverse_6_CsPbI2Br+100uL Ch2I2_722042601_0.34 mg CuCl2","cell_dimension":null},{"efficiency":14.886299999999997,"fill_factor":80.89757355520264,"jsc":15.47625,"voc":1.1890100755667508,"key":"reverse_5_CsPbI2Br+100uL Ch2I2_722042601_0.34 mg CuCl2","cell_dimension":null},{"efficiency":14.610375,"fill_factor":79.86434513176238,"jsc":15.224374999999998,"voc":1.2016250000000002,"key":"reverse_4_CsPbI2Br+100uL Ch2I2_722042601_0.34 mg CuCl2","cell_dimension":null},{"efficiency":15.06025,"fill_factor":81.13371701080574,"jsc":15.23125,"voc":1.218695652173913,"key":"reverse_3_CsPbI2Br+100uL Ch2I2_722042601_0.34 mg CuCl2","cell_dimension":null},{"efficiency":15.295749999999996,"fill_factor":79.79759229398023,"jsc":16.171249999999997,"voc":1.1853248730964467,"key":"reverse_2_CsPbI2Br+100uL Ch2I2_722042601_0.34 mg CuCl2","cell_dimension":null},{"efficiency":14.958724999999998,"fill_factor":80.16869338089127,"jsc":15.742499999999998,"voc":1.1852666666666667,"key":"reverse_1_CsPbI2Br+100uL Ch2I2_722042601_0.34 mg CuCl2","cell_dimension":null},{"efficiency":13.73625,"fill_factor":76.72442382901177,"jsc":15.706249999999999,"voc":1.1398876404494382,"key":"forward_7_CsPbI2Br+100uL Ch2I2_722042601_0.34 mg CuCl2","cell_dimension":null},{"efficiency":13.835250000000002,"fill_factor":75.92383230760326,"jsc":15.937500000000002,"voc":1.143375,"key":"forward_6_CsPbI2Br+100uL Ch2I2_722042601_0.34 mg CuCl2","cell_dimension":null},{"efficiency":13.73625,"fill_factor":77.1284440806771,"jsc":15.556249999999999,"voc":1.1448502994011975,"key":"forward_5_CsPbI2Br+100uL Ch2I2_722042601_0.34 mg CuCl2","cell_dimension":null},{"efficiency":13.73625,"fill_factor":77.76365017342927,"jsc":15.281249999999998,"voc":1.155933014354067,"key":"forward_4_CsPbI2Br+100uL Ch2I2_722042601_0.34 mg CuCl2","cell_dimension":null},{"efficiency":14.214000000000002,"fill_factor":78.98457370850012,"jsc":15.281249999999998,"voc":1.1776470588235293,"key":"forward_3_CsPbI2Br+100uL Ch2I2_722042601_0.34 mg CuCl2","cell_dimension":null},{"efficiency":13.86,"fill_factor":75.07477732057575,"jsc":16.199999999999996,"voc":1.1396045197740114,"key":"forward_2_CsPbI2Br+100uL Ch2I2_722042601_0.34 mg CuCl2","cell_dimension":null},{"efficiency":13.5135,"fill_factor":75.49496571203967,"jsc":15.7,"voc":1.1401190476190475,"key":"forward_1_CsPbI2Br+100uL Ch2I2_722042601_0.34 mg CuCl2","cell_dimension":null}]},"public":2,"analysis":{"JV":[{"V":{"unit":"V","value":[1.237,1.197,1.157,1.117,1.077,1.037,0.997,0.957,0.917,0.877,0.837,0.797,0.757,0.717,0.677,0.637,0.597,0.557,0.517,0.477,0.437,0.397,0.357,0.317,0.277,0.237,0.197,0.157,0.117,0.077,0.037,-0.003,-0.043]},"J":{"unit":"A\/cm2","value":[-0.01975,-0.002925,0.007075,0.011749999999999998,0.013800000000000002,0.014524999999999998,0.01485,0.01505,0.015125,0.015175,0.01525,0.01525,0.0153,0.015349999999999999,0.015375,0.0154,0.0154,0.015475,0.015475,0.0155,0.01555,0.015525,0.015574999999999999,0.015574999999999999,0.0156,0.0156,0.015625,0.015674999999999998,0.015625,0.015674999999999998,0.0157,0.015674999999999998,0.015725]},"I":{"unit":"A","value":[-0.00079,-0.00011700000000000001,0.000283,0.00047,0.0005520000000000001,0.0005809999999999999,0.000594,0.000602,0.000605,0.000607,0.00061,0.00061,0.000612,0.000614,0.000615,0.000616,0.000616,0.000619,0.000619,0.00062,0.000622,0.000621,0.000623,0.000623,0.000624,0.000624,0.000625,0.000627,0.000625,0.000627,0.000628,0.000627,0.000629]},"efficiency":{"unit":"%","value":15.062425},"fill_factor":{"unit":"%","value":81.06009671109666},"jsc":{"unit":"mA\/cm2","value":15.676874999999999},"isc":{"unit":"mA","value":0.6270749999999999},"voc":{"unit":"V","value":1.1853},"sweep_direction":{"unit":"","value":"Reverse"},"key":"reverse_7_CsPbI2Br+100uL Ch2I2_722042601_0.34 mg CuCl2"},{"V":{"unit":"V","value":[1.236,1.196,1.156,1.116,1.076,1.036,0.996,0.956,0.916,0.876,0.836,0.796,0.756,0.716,0.676,0.636,0.596,0.556,0.516,0.476,0.436,0.396,0.356,0.316,0.276,0.236,0.196,0.156,0.116,0.076,0.036,-0.004,-0.044]},"J":{"unit":"A\/cm2","value":[-0.011550000000000001,-0.001975,0.005399999999999999,0.010225,0.0129,0.01415,0.0147,0.015024999999999998,0.015125,0.01525,0.015349999999999999,0.015375,0.0154,0.015475,0.015449999999999998,0.015525,0.015574999999999999,0.015525,0.0156,0.015625,0.01565,0.015725,0.0157,0.015725,0.015775,0.015775,0.0158,0.0158,0.015825,0.0159,0.015875,0.015825,0.015925]},"I":{"unit":"A","value":[-0.000462,-7.9e-5,0.000216,0.00040899999999999997,0.000516,0.000566,0.000588,0.000601,0.000605,0.00061,0.000614,0.000615,0.000616,0.000619,0.000618,0.000621,0.000623,0.000621,0.000624,0.000625,0.000626,0.000629,0.000628,0.000629,0.000631,0.000631,0.000632,0.000632,0.000633,0.0006360000000000001,0.000635,0.000633,0.000637]},"efficiency":{"unit":"%","value":14.6594},"fill_factor":{"unit":"%","value":78.12883404215894},"jsc":{"unit":"mA\/cm2","value":15.830000000000002},"isc":{"unit":"mA","value":0.6332000000000001},"voc":{"unit":"V","value":1.1852881355932203},"sweep_direction":{"unit":"","value":"Reverse"},"key":"reverse_6_CsPbI2Br+100uL Ch2I2_722042601_0.34 mg CuCl2"},{"V":{"unit":"V","value":[1.241,1.201,1.161,1.121,1.081,1.041,1.001,0.961,0.921,0.881,0.841,0.801,0.761,0.721,0.681,0.641,0.601,0.561,0.521,0.481,0.441,0.401,0.361,0.321,0.281,0.241,0.201,0.161,0.121,0.081,0.041,0.001,-0.039]},"J":{"unit":"A\/cm2","value":[-0.0199,-0.0029749999999999998,0.0069500000000000004,0.011575,0.0135,0.014299999999999998,0.0146,0.014749999999999997,0.014899999999999998,0.014899999999999998,0.014975,0.01505,0.015024999999999998,0.015099999999999999,0.015125,0.015149999999999999,0.0152,0.0152,0.015224999999999999,0.0153,0.015274999999999999,0.0153,0.015325,0.015325,0.015375,0.015375,0.015375,0.015425,0.015425,0.015425,0.0155,0.015475,0.015525]},"I":{"unit":"A","value":[-0.000796,-0.00011899999999999999,0.00027800000000000004,0.00046300000000000003,0.00054,0.0005719999999999999,0.000584,0.0005899999999999999,0.000596,0.000596,0.0005989999999999999,0.000602,0.000601,0.0006039999999999999,0.000605,0.000606,0.000608,0.000608,0.000609,0.000612,0.000611,0.000612,0.0006129999999999999,0.0006129999999999999,0.000615,0.000615,0.000615,0.000617,0.000617,0.000617,0.00062,0.000619,0.000621]},"efficiency":{"unit":"%","value":14.886299999999997},"fill_factor":{"unit":"%","value":80.89757355520264},"jsc":{"unit":"mA\/cm2","value":15.47625},"isc":{"unit":"mA","value":0.61905},"voc":{"unit":"V","value":1.1890100755667508},"sweep_direction":{"unit":"","value":"Reverse"},"key":"reverse_5_CsPbI2Br+100uL Ch2I2_722042601_0.34 mg CuCl2"},{"V":{"unit":"V","value":[1.253,1.213,1.173,1.133,1.093,1.053,1.013,0.973,0.933,0.893,0.853,0.813,0.773,0.733,0.693,0.653,0.613,0.573,0.533,0.493,0.453,0.413,0.373,0.333,0.293,0.253,0.213,0.173,0.133,0.093,0.053,0.013,-0.027]},"J":{"unit":"A\/cm2","value":[-0.013900000000000001,-0.002275,0.005725000000000001,0.010475,0.01285,0.013875000000000002,0.014374999999999999,0.0146,0.014649999999999998,0.014749999999999997,0.014774999999999998,0.014799999999999999,0.014899999999999998,0.01485,0.014874999999999998,0.01495,0.014899999999999998,0.01495,0.015,0.014975,0.01505,0.01505,0.015,0.015099999999999999,0.015099999999999999,0.015099999999999999,0.015175,0.015149999999999999,0.015149999999999999,0.015224999999999999,0.015175,0.0152,0.015274999999999999]},"I":{"unit":"A","value":[-0.0005560000000000001,-9.1e-5,0.000229,0.000419,0.000514,0.000555,0.000575,0.000584,0.0005859999999999999,0.0005899999999999999,0.0005909999999999999,0.000592,0.000596,0.000594,0.0005949999999999999,0.000598,0.000596,0.000598,0.0006,0.0005989999999999999,0.000602,0.000602,0.0006,0.0006039999999999999,0.0006039999999999999,0.0006039999999999999,0.000607,0.000606,0.000606,0.000609,0.000607,0.000608,0.000611]},"efficiency":{"unit":"%","value":14.610375},"fill_factor":{"unit":"%","value":79.86434513176238},"jsc":{"unit":"mA\/cm2","value":15.224374999999998},"isc":{"unit":"mA","value":0.6089749999999999},"voc":{"unit":"V","value":1.2016250000000002},"sweep_direction":{"unit":"","value":"Reverse"},"key":"reverse_4_CsPbI2Br+100uL Ch2I2_722042601_0.34 mg CuCl2"},{"V":{"unit":"V","value":[1.27,1.23,1.19,1.15,1.11,1.07,1.03,0.99,0.95,0.91,0.87,0.83,0.79,0.75,0.71,0.67,0.63,0.59,0.55,0.51,0.47,0.43,0.39,0.35,0.31,0.27,0.23,0.19,0.15,0.11,0.07,0.03,-0.01]},"J":{"unit":"A\/cm2","value":[-0.0135,-0.002275,0.005775000000000001,0.010575,0.012975,0.014074999999999997,0.014549999999999999,0.014749999999999997,0.01485,0.014899999999999998,0.014924999999999999,0.015,0.014975,0.015,0.01505,0.015,0.015075,0.015099999999999999,0.01505,0.015099999999999999,0.015099999999999999,0.015125,0.015149999999999999,0.015125,0.015125,0.015175,0.015175,0.015175,0.015224999999999999,0.015149999999999999,0.015224999999999999,0.01525,0.015224999999999999]},"I":{"unit":"A","value":[-0.00054,-9.1e-5,0.000231,0.000423,0.000519,0.0005629999999999999,0.0005819999999999999,0.0005899999999999999,0.000594,0.000596,0.000597,0.0006,0.0005989999999999999,0.0006,0.000602,0.0006,0.000603,0.0006039999999999999,0.000602,0.0006039999999999999,0.0006039999999999999,0.000605,0.000606,0.000605,0.000605,0.000607,0.000607,0.000607,0.000609,0.000606,0.000609,0.00061,0.000609]},"efficiency":{"unit":"%","value":15.06025},"fill_factor":{"unit":"%","value":81.13371701080574},"jsc":{"unit":"mA\/cm2","value":15.23125},"isc":{"unit":"mA","value":0.60925},"voc":{"unit":"V","value":1.218695652173913},"sweep_direction":{"unit":"","value":"Reverse"},"key":"reverse_3_CsPbI2Br+100uL Ch2I2_722042601_0.34 mg CuCl2"},{"V":{"unit":"V","value":[1.237,1.197,1.157,1.117,1.077,1.037,0.997,0.957,0.917,0.877,0.837,0.797,0.757,0.717,0.677,0.637,0.597,0.557,0.517,0.477,0.437,0.397,0.357,0.317,0.277,0.237,0.197,0.157,0.117,0.077,0.037,-0.003,-0.043]},"J":{"unit":"A\/cm2","value":[-0.019074999999999998,-0.002875,0.006975,0.011824999999999999,0.013925,0.014749999999999997,0.015224999999999999,0.0154,0.015425,0.015574999999999999,0.015625,0.015674999999999998,0.015725,0.01575,0.015775,0.015825,0.0158,0.0159,0.015925,0.015925,0.015975,0.016,0.016,0.016024999999999998,0.016050000000000002,0.016050000000000002,0.016125,0.0161,0.0161,0.016149999999999998,0.016125,0.016175000000000002,0.0162]},"I":{"unit":"A","value":[-0.000763,-0.000115,0.000279,0.00047299999999999995,0.0005570000000000001,0.0005899999999999999,0.000609,0.000616,0.000617,0.000623,0.000625,0.000627,0.000629,0.00063,0.000631,0.000633,0.000632,0.0006360000000000001,0.000637,0.000637,0.000639,0.00064,0.00064,0.000641,0.000642,0.000642,0.0006450000000000001,0.000644,0.000644,0.000646,0.0006450000000000001,0.000647,0.000648]},"efficiency":{"unit":"%","value":15.295749999999996},"fill_factor":{"unit":"%","value":79.79759229398023},"jsc":{"unit":"mA\/cm2","value":16.171249999999997},"isc":{"unit":"mA","value":0.6468499999999999},"voc":{"unit":"V","value":1.1853248730964467},"sweep_direction":{"unit":"","value":"Reverse"},"key":"reverse_2_CsPbI2Br+100uL Ch2I2_722042601_0.34 mg CuCl2"},{"V":{"unit":"V","value":[1.237,1.197,1.157,1.117,1.077,1.037,0.997,0.957,0.917,0.877,0.837,0.797,0.757,0.717,0.677,0.637,0.597,0.557,0.517,0.477,0.437,0.397,0.357,0.317,0.277,0.237,0.197,0.157,0.117,0.077,0.037,-0.003,-0.043]},"J":{"unit":"A\/cm2","value":[-0.017575,-0.00275,0.006625,0.011450000000000002,0.0135,0.014424999999999999,0.014774999999999998,0.014924999999999999,0.015099999999999999,0.015175,0.015175,0.015274999999999999,0.0153,0.015325,0.0154,0.0154,0.0154,0.015449999999999998,0.015449999999999998,0.015475,0.01555,0.015525,0.01555,0.0156,0.015574999999999999,0.015625,0.01565,0.01565,0.01565,0.015674999999999998,0.01565,0.01575,0.0157]},"I":{"unit":"A","value":[-0.000703,-0.00011,0.000265,0.000458,0.00054,0.0005769999999999999,0.0005909999999999999,0.000597,0.0006039999999999999,0.000607,0.000607,0.000611,0.000612,0.0006129999999999999,0.000616,0.000616,0.000616,0.000618,0.000618,0.000619,0.000622,0.000621,0.000622,0.000624,0.000623,0.000625,0.000626,0.000626,0.000626,0.000627,0.000626,0.00063,0.000628]},"efficiency":{"unit":"%","value":14.958724999999998},"fill_factor":{"unit":"%","value":80.16869338089127},"jsc":{"unit":"mA\/cm2","value":15.742499999999998},"isc":{"unit":"mA","value":0.6296999999999999},"voc":{"unit":"V","value":1.1852666666666667},"sweep_direction":{"unit":"","value":"Reverse"},"key":"reverse_1_CsPbI2Br+100uL Ch2I2_722042601_0.34 mg CuCl2"},{"V":{"unit":"V","value":[-0.05,-0.01,0.03,0.07,0.11,0.15,0.19,0.23,0.27,0.31,0.35,0.39,0.43,0.47,0.51,0.55,0.59,0.63,0.67,0.71,0.75,0.79,0.83,0.87,0.91,0.95,0.99,1.03,1.07,1.11,1.15,1.19,1.23]},"J":{"unit":"A\/cm2","value":[0.01575,0.015725,0.01565,0.015674999999999998,0.015625,0.015574999999999999,0.015625,0.01555,0.015525,0.015574999999999999,0.015475,0.015425,0.015449999999999998,0.0154,0.015349999999999999,0.015325,0.01525,0.015224999999999999,0.015149999999999999,0.015075,0.01505,0.01495,0.01485,0.014725,0.014524999999999998,0.014325,0.013875000000000002,0.013,0.011125,0.0066500000000000005,-0.00225,-0.01665,-0.035949999999999996]},"I":{"unit":"A","value":[0.00063,0.000629,0.000626,0.000627,0.000625,0.000623,0.000625,0.000622,0.000621,0.000623,0.000619,0.000617,0.000618,0.000616,0.000614,0.0006129999999999999,0.00061,0.000609,0.000606,0.000603,0.000602,0.000598,0.000594,0.000589,0.0005809999999999999,0.0005729999999999999,0.000555,0.0005200000000000001,0.00044500000000000003,0.000266,-8.999999999999999e-5,-0.000666,-0.001438]},"efficiency":{"unit":"%","value":13.73625},"fill_factor":{"unit":"%","value":76.72442382901177},"jsc":{"unit":"mA\/cm2","value":15.706249999999999},"isc":{"unit":"mA","value":0.62825},"voc":{"unit":"V","value":1.1398876404494382},"sweep_direction":{"unit":"","value":"Forward"},"key":"forward_7_CsPbI2Br+100uL Ch2I2_722042601_0.34 mg CuCl2"},{"V":{"unit":"V","value":[-0.05,-0.01,0.03,0.07,0.11,0.15,0.19,0.23,0.27,0.31,0.35,0.39,0.43,0.47,0.51,0.55,0.59,0.63,0.67,0.71,0.75,0.79,0.83,0.87,0.91,0.95,0.99,1.03,1.07,1.11,1.15,1.19,1.23]},"J":{"unit":"A\/cm2","value":[0.01595,0.01595,0.0159,0.0159,0.015825,0.01585,0.015875,0.015725,0.015775,0.01575,0.015674999999999998,0.0157,0.015625,0.015574999999999999,0.015574999999999999,0.015525,0.015449999999999998,0.015475,0.015375,0.015274999999999999,0.01525,0.015099999999999999,0.015024999999999998,0.014874999999999998,0.0147,0.01445,0.013975000000000001,0.013025,0.011025,0.0066749999999999995,-0.001325,-0.0134,-0.028875]},"I":{"unit":"A","value":[0.000638,0.000638,0.0006360000000000001,0.0006360000000000001,0.000633,0.000634,0.000635,0.000629,0.000631,0.00063,0.000627,0.000628,0.000625,0.000623,0.000623,0.000621,0.000618,0.000619,0.000615,0.000611,0.00061,0.0006039999999999999,0.000601,0.0005949999999999999,0.000588,0.000578,0.000559,0.000521,0.000441,0.00026700000000000004,-5.3e-5,-0.000536,-0.001155]},"efficiency":{"unit":"%","value":13.835250000000002},"fill_factor":{"unit":"%","value":75.92383230760326},"jsc":{"unit":"mA\/cm2","value":15.937500000000002},"isc":{"unit":"mA","value":0.6375000000000001},"voc":{"unit":"V","value":1.143375},"sweep_direction":{"unit":"","value":"Forward"},"key":"forward_6_CsPbI2Br+100uL Ch2I2_722042601_0.34 mg CuCl2"},{"V":{"unit":"V","value":[-0.05,-0.01,0.03,0.07,0.11,0.15,0.19,0.23,0.27,0.31,0.35,0.39,0.43,0.47,0.51,0.55,0.59,0.63,0.67,0.71,0.75,0.79,0.83,0.87,0.91,0.95,0.99,1.03,1.07,1.11,1.15,1.19,1.23]},"J":{"unit":"A\/cm2","value":[0.0156,0.015574999999999999,0.0155,0.015475,0.015475,0.015425,0.015449999999999998,0.015425,0.015375,0.015349999999999999,0.015349999999999999,0.0153,0.015274999999999999,0.0152,0.0152,0.015175,0.015075,0.015099999999999999,0.01505,0.014924999999999999,0.014924999999999999,0.014825,0.014725,0.014649999999999998,0.014474999999999998,0.014249999999999999,0.013875000000000002,0.013099999999999999,0.011349999999999999,0.007274999999999999,-0.001075,-0.015024999999999998,-0.034225]},"I":{"unit":"A","value":[0.000624,0.000623,0.00062,0.000619,0.000619,0.000617,0.000618,0.000617,0.000615,0.000614,0.000614,0.000612,0.000611,0.000608,0.000608,0.000607,0.000603,0.0006039999999999999,0.000602,0.000597,0.000597,0.000593,0.000589,0.0005859999999999999,0.000579,0.00057,0.000555,0.000524,0.00045400000000000003,0.00029099999999999997,-4.2999999999999995e-5,-0.000601,-0.001369]},"efficiency":{"unit":"%","value":13.73625},"fill_factor":{"unit":"%","value":77.1284440806771},"jsc":{"unit":"mA\/cm2","value":15.556249999999999},"isc":{"unit":"mA","value":0.62225},"voc":{"unit":"V","value":1.1448502994011975},"sweep_direction":{"unit":"","value":"Forward"},"key":"forward_5_CsPbI2Br+100uL Ch2I2_722042601_0.34 mg CuCl2"},{"V":{"unit":"V","value":[-0.05,-0.01,0.03,0.07,0.11,0.15,0.19,0.23,0.27,0.31,0.35,0.39,0.43,0.47,0.51,0.55,0.59,0.63,0.67,0.71,0.75,0.79,0.83,0.87,0.91,0.95,0.99,1.03,1.07,1.11,1.15,1.19,1.23,1.27]},"J":{"unit":"A\/cm2","value":[0.015375,0.015274999999999999,0.0153,0.0153,0.0152,0.015274999999999999,0.015224999999999999,0.0152,0.0152,0.015149999999999999,0.015125,0.015149999999999999,0.015075,0.015075,0.015024999999999998,0.014975,0.014975,0.014924999999999999,0.014874999999999998,0.01485,0.014774999999999998,0.014674999999999999,0.014674999999999999,0.014549999999999999,0.014424999999999999,0.014249999999999999,0.013875000000000002,0.01315,0.01165,0.008150000000000001,0.00155,-0.008899999999999998,-0.022775,-0.039174999999999995]},"I":{"unit":"A","value":[0.000615,0.000611,0.000612,0.000612,0.000608,0.000611,0.000609,0.000608,0.000608,0.000606,0.000605,0.000606,0.000603,0.000603,0.000601,0.0005989999999999999,0.0005989999999999999,0.000597,0.0005949999999999999,0.000594,0.0005909999999999999,0.000587,0.000587,0.0005819999999999999,0.0005769999999999999,0.00057,0.000555,0.000526,0.00046600000000000005,0.000326,6.2e-5,-0.000356,-0.000911,-0.001567]},"efficiency":{"unit":"%","value":13.73625},"fill_factor":{"unit":"%","value":77.76365017342927},"jsc":{"unit":"mA\/cm2","value":15.281249999999998},"isc":{"unit":"mA","value":0.61125},"voc":{"unit":"V","value":1.155933014354067},"sweep_direction":{"unit":"","value":"Forward"},"key":"forward_4_CsPbI2Br+100uL Ch2I2_722042601_0.34 mg CuCl2"},{"V":{"unit":"V","value":[-0.05,-0.01,0.03,0.07,0.11,0.15,0.19,0.23,0.27,0.31,0.35,0.39,0.43,0.47,0.51,0.55,0.59,0.63,0.67,0.71,0.75,0.79,0.83,0.87,0.91,0.95,0.99,1.03,1.07,1.11,1.15,1.19,1.23,1.27]},"J":{"unit":"A\/cm2","value":[0.015325,0.015274999999999999,0.0153,0.01525,0.015224999999999999,0.015274999999999999,0.015224999999999999,0.0152,0.01525,0.015175,0.015125,0.0152,0.015149999999999999,0.015149999999999999,0.015125,0.01505,0.015075,0.01505,0.015,0.014975,0.014924999999999999,0.014874999999999998,0.01485,0.014749999999999997,0.014649999999999998,0.014524999999999998,0.014274999999999998,0.013800000000000002,0.012825,0.010575,0.005874999999999999,-0.002625,-0.015175,-0.03105]},"I":{"unit":"A","value":[0.0006129999999999999,0.000611,0.000612,0.00061,0.000609,0.000611,0.000609,0.000608,0.00061,0.000607,0.000605,0.000608,0.000606,0.000606,0.000605,0.000602,0.000603,0.000602,0.0006,0.0005989999999999999,0.000597,0.0005949999999999999,0.000594,0.0005899999999999999,0.0005859999999999999,0.0005809999999999999,0.000571,0.0005520000000000001,0.000513,0.000423,0.000235,-0.00010499999999999999,-0.000607,-0.001242]},"efficiency":{"unit":"%","value":14.214000000000002},"fill_factor":{"unit":"%","value":78.98457370850012},"jsc":{"unit":"mA\/cm2","value":15.281249999999998},"isc":{"unit":"mA","value":0.61125},"voc":{"unit":"V","value":1.1776470588235293},"sweep_direction":{"unit":"","value":"Forward"},"key":"forward_3_CsPbI2Br+100uL Ch2I2_722042601_0.34 mg CuCl2"},{"V":{"unit":"V","value":[-0.05,-0.01,0.03,0.07,0.11,0.15,0.19,0.23,0.27,0.31,0.35,0.39,0.43,0.47,0.51,0.55,0.59,0.63,0.67,0.71,0.75,0.79,0.83,0.87,0.91,0.95,0.99,1.03,1.07,1.11,1.15,1.19,1.23]},"J":{"unit":"A\/cm2","value":[0.01625,0.0162,0.0162,0.016149999999999998,0.016050000000000002,0.0161,0.016075,0.016,0.016024999999999998,0.015975,0.0159,0.01595,0.015825,0.0158,0.01585,0.01575,0.015625,0.01565,0.01555,0.0155,0.015425,0.015224999999999999,0.015125,0.015024999999999998,0.014799999999999999,0.014524999999999998,0.014000000000000002,0.013125,0.0111,0.006549999999999999,-0.0023,-0.016399999999999998,-0.035075]},"I":{"unit":"A","value":[0.00065,0.000648,0.000648,0.000646,0.000642,0.000644,0.000643,0.00064,0.000641,0.000639,0.0006360000000000001,0.000638,0.000633,0.000632,0.000634,0.00063,0.000625,0.000626,0.000622,0.00062,0.000617,0.000609,0.000605,0.000601,0.000592,0.0005809999999999999,0.0005600000000000001,0.0005250000000000001,0.000444,0.000262,-9.2e-5,-0.000656,-0.001403]},"efficiency":{"unit":"%","value":13.86},"fill_factor":{"unit":"%","value":75.07477732057575},"jsc":{"unit":"mA\/cm2","value":16.199999999999996},"isc":{"unit":"mA","value":0.6479999999999999},"voc":{"unit":"V","value":1.1396045197740114},"sweep_direction":{"unit":"","value":"Forward"},"key":"forward_2_CsPbI2Br+100uL Ch2I2_722042601_0.34 mg CuCl2"},{"V":{"unit":"V","value":[-0.05,-0.01,0.03,0.07,0.11,0.15,0.19,0.23,0.27,0.31,0.35,0.39,0.43,0.47,0.51,0.55,0.59,0.63,0.67,0.71,0.75,0.79,0.83,0.87,0.91,0.95,0.99,1.03,1.07,1.11,1.15,1.19,1.23]},"J":{"unit":"A\/cm2","value":[0.015725,0.0157,0.0157,0.015625,0.01565,0.015625,0.01555,0.01555,0.01555,0.0155,0.015475,0.015425,0.0154,0.015425,0.015325,0.015274999999999999,0.015274999999999999,0.015149999999999999,0.015125,0.015075,0.014975,0.014899999999999998,0.014774999999999998,0.014624999999999997,0.014474999999999998,0.01415,0.01365,0.012725,0.010674999999999999,0.006325,-0.002075,-0.015574999999999999,-0.033800000000000004]},"I":{"unit":"A","value":[0.000629,0.000628,0.000628,0.000625,0.000626,0.000625,0.000622,0.000622,0.000622,0.00062,0.000619,0.000617,0.000616,0.000617,0.0006129999999999999,0.000611,0.000611,0.000606,0.000605,0.000603,0.0005989999999999999,0.000596,0.0005909999999999999,0.000585,0.000579,0.000566,0.000546,0.000509,0.00042699999999999997,0.000253,-8.3e-5,-0.000623,-0.0013520000000000001]},"efficiency":{"unit":"%","value":13.5135},"fill_factor":{"unit":"%","value":75.49496571203967},"jsc":{"unit":"mA\/cm2","value":15.7},"isc":{"unit":"mA","value":0.628},"voc":{"unit":"V","value":1.1401190476190475},"sweep_direction":{"unit":"","value":"Forward"},"key":"forward_1_CsPbI2Br+100uL Ch2I2_722042601_0.34 mg CuCl2"}]}}