{"_id":"652e396969ca747fb611ad7c","id":"CAU-SC-00260","author":68,"group":7,"input":[{"tco":{"unit":"","value":"ITO"}},[],{"htl":[{"material":{"unit":"","value":"PEDOT:PSS"},"concentration":{"unit":"","value":""},"conc_unit":{"unit":"","value":"mg\/ml"},"quantity":{"unit":"ml","value":""}}],"spin_coating":[{"type":{"unit":"","value":"drop&run"},"rpm":{"unit":"","value":"6000"},"time":{"unit":"s","value":"30"}}],"annealing":[{"temperature":{"unit":"oC","value":"150"},"time":{"unit":"m","value":"20"}}]},{"perovskite":{"method":{"unit":"","value":"1step"},"molarity":{"unit":"M","value":"1.2"},"a_site":[{"material":{"unit":"","value":"FA"},"ratio":{"unit":"","value":"83"}},{"material":{"unit":"","value":"Cs"},"ratio":{"unit":"","value":"17"}}],"b_site":[{"material":{"unit":"","value":"Sn"},"ratio":{"unit":"","value":"50"}},{"material":{"unit":"","value":"Pb"},"ratio":{"unit":"","value":"50"}}],"x_site":[{"material":{"unit":"","value":"I"},"ratio":{"unit":"","value":"100"}}],"solvent":[{"material":{"unit":"","value":"DMF"},"volume":{"unit":"ml","value":"0.8"}},{"material":{"unit":"","value":"DMSO"},"volume":{"unit":"ml","value":"0.2"}}],"additive":[{"material":{"unit":"","value":"SnF2"},"solvent":{"unit":"","value":"none"},"concentration":{"unit":"","value":"9.36"},"conc_unit":{"unit":"","value":"mg\/ml"},"quantity":{"unit":"mol%","value":"5"}}],"stirring_time":[{"unit":"m","value":"120"}],"antisolvent":[{"material":{"unit":"","value":"PC61BM(1mg)+Toluene"},"quantity":{"unit":"ul","value":"300"},"dripping_time":{"unit":"s","value":"13"}}],"spin_coating":[{"type":{"unit":"","value":"drop&run"},"rpm":{"unit":"","value":"5000"},"time":{"unit":"s","value":"35"}}],"annealing":[{"temperature":{"unit":"oC","value":"65"},"time":{"unit":"m","value":"1"}},{"temperature":{"unit":"oC","value":"100"},"time":{"unit":"m","value":"10"}}],"atmosphere":[{"type":{"unit":"","value":"N2"},"temperature":{"unit":"oC","value":"25"},"humidity":{"unit":"RH%","value":"0"}}]}},{"etl":[{"material":{"unit":"","value":"PC61BM"},"concentration":{"unit":"","value":"20"},"conc_unit":{"unit":"","value":"mg\/ml"},"quantity":{"unit":"ml","value":"0.05"}}],"solvent":[{"material":{"unit":"","value":"CB"},"volume":{"unit":"ml","value":"1"}}],"spin_coating":[{"type":{"unit":"","value":"drop&run"},"rpm":{"unit":"","value":"1500"},"time":{"unit":"s","value":"30"}}],"annealing":[{"temperature":{"unit":"oC","value":"75"},"time":{"unit":"m","value":"10"}}]},{"blocking_buffer_layer":[{"material":{"unit":"","value":"BCP"},"concentration":{"unit":"","value":"0.5"},"conc_unit":{"unit":"","value":"mg\/ml"},"quantity":{"unit":"ml","value":"0.1"}}],"solvent":[{"material":{"unit":"","value":"IPA"},"volume":{"unit":"ml","value":"1"}}],"spin_coating":[{"type":{"unit":"","value":"drop&run"},"rpm":{"unit":"","value":"4000"},"time":{"unit":"s","value":"20"}}]},{"anode_metal":{"unit":"","value":"Ag"}},{"note":{"unit":"","value":"ITO\/PD\/FACsSnPbI3-P.Tol."},"ar":{"unit":"","value":"0"},"type":{"unit":"","value":"unit_cell"},"device_type":{"unit":"","value":"p-i-n"},"temperature":{"unit":"\u2103","value":"25"},"humidity":{"unit":"%","value":"30"},"cell_dimension":{"unit":"cm2","value":"0.04"}}],"fileinfo":[{"key":"122121902","uploadType":"JV","original_name":"122121902.xlsx","save_name":"CAU-SC-00260\/122121902","uploader":68,"fileType":"group"}],"jvcnt":18,"updated_at":"2024-07-30 06:18:38","created_at":"2023-10-17 07:36:09","analysisInfo":{"JV":[{"efficiency":16.9524,"fill_factor":78.68776345123621,"jsc":29.015,"voc":0.7425084745762712,"key":"reverse_9_122121902","cell_dimension":null},{"efficiency":17.0595,"fill_factor":79.02932356223667,"jsc":29.075,"voc":0.7424347826086956,"key":"reverse_8_122121902","cell_dimension":null},{"efficiency":17.0469,"fill_factor":79.17619195627714,"jsc":29.03375,"voc":0.741562347188264,"key":"reverse_7_122121902","cell_dimension":null},{"efficiency":17.062175,"fill_factor":79.0867323664293,"jsc":29.09375,"voc":0.7415339805825242,"key":"reverse_6_122121902","cell_dimension":null},{"efficiency":17.06475,"fill_factor":78.8603315138032,"jsc":29.224999999999994,"voc":0.7404347826086957,"key":"reverse_5_122121902","cell_dimension":null},{"efficiency":17.1129,"fill_factor":79.3765852921608,"jsc":29.141250000000007,"voc":0.7398148148148148,"key":"reverse_4_122121902","cell_dimension":null},{"efficiency":16.955125,"fill_factor":78.8746584288493,"jsc":29.224999999999994,"voc":0.7355445544554454,"key":"reverse_3_122121902","cell_dimension":null},{"efficiency":16.845,"fill_factor":78.59631871115499,"jsc":29.325,"voc":0.7308542713567839,"key":"reverse_2_122121902","cell_dimension":null},{"efficiency":15.302549999999998,"fill_factor":74.16154346795014,"jsc":29.097500000000004,"voc":0.7091357340720222,"key":"reverse_1_122121902","cell_dimension":null},{"efficiency":15.417749999999996,"fill_factor":70.5377317655046,"jsc":29.799999999999997,"voc":0.7334715025906735,"key":"forward_9_122121902","cell_dimension":null},{"efficiency":15.457999999999998,"fill_factor":70.44333453720098,"jsc":29.9375,"voc":0.7329896907216494,"key":"forward_8_122121902","cell_dimension":null},{"efficiency":15.38425,"fill_factor":70.2313616463746,"jsc":29.925,"voc":0.732,"key":"forward_7_122121902","cell_dimension":null},{"efficiency":15.413749999999999,"fill_factor":70.41886906589039,"jsc":29.924999999999997,"voc":0.7314507772020725,"key":"forward_6_122121902","cell_dimension":null},{"efficiency":15.3695,"fill_factor":69.87444292612457,"jsc":30.112499999999997,"voc":0.7304568527918781,"key":"forward_5_122121902","cell_dimension":null},{"efficiency":15.34,"fill_factor":69.99965484339458,"jsc":30.074999999999996,"voc":0.7286581469648562,"key":"forward_4_122121902","cell_dimension":null},{"efficiency":15.207249999999997,"fill_factor":69.51091303850986,"jsc":30.1875,"voc":0.72472049689441,"key":"forward_3_122121902","cell_dimension":null},{"efficiency":15.076499999999998,"fill_factor":69.31900833442475,"jsc":30.212500000000002,"voc":0.7198823529411764,"key":"forward_2_122121902","cell_dimension":null},{"efficiency":14.478750000000002,"fill_factor":68.12735713261358,"jsc":30.012499999999996,"voc":0.7081208053691275,"key":"forward_1_122121902","cell_dimension":null}]},"public":2,"tags":[],"analysis":{"JV":[{"V":{"unit":"V","value":[0.792,0.772,0.752,0.732,0.712,0.692,0.672,0.652,0.632,0.612,0.592,0.572,0.552,0.532,0.512,0.492,0.472,0.452,0.432,0.412,0.392,0.372,0.352,0.332,0.312,0.292,0.272,0.252,0.232,0.212,0.192,0.172,0.152,0.132,0.112,0.092,0.072,0.052,0.032,0.012,-0.008,-0.028,-0.048]},"J":{"unit":"A\/cm2","value":[-0.034025,-0.017875,-0.004900000000000001,0.005425,0.013224999999999999,0.018775,0.022675,0.025099999999999997,0.026775,0.027700000000000002,0.028449999999999996,0.028675,0.028999999999999998,0.028975,0.029075,0.029049999999999996,0.029075,0.029099999999999997,0.029075,0.029125,0.028999999999999998,0.029099999999999997,0.028949999999999997,0.029099999999999997,0.028949999999999997,0.02915,0.028975,0.029025,0.028975,0.029049999999999996,0.029025,0.029049999999999996,0.028999999999999998,0.029025,0.029025,0.028949999999999997,0.029025,0.029049999999999996,0.029025,0.028999999999999998,0.029025,0.028949999999999997,0.028999999999999998]},"I":{"unit":"A","value":[-0.001361,-0.0007149999999999999,-0.00019600000000000002,0.000217,0.0005290000000000001,0.000751,0.000907,0.001004,0.001071,0.001108,0.001138,0.001147,0.00116,0.001159,0.001163,0.0011619999999999998,0.001163,0.0011639999999999999,0.001163,0.001165,0.00116,0.0011639999999999999,0.001158,0.0011639999999999999,0.001158,0.001166,0.001159,0.0011610000000000001,0.001159,0.0011619999999999998,0.0011610000000000001,0.0011619999999999998,0.00116,0.0011610000000000001,0.0011610000000000001,0.001158,0.0011610000000000001,0.0011619999999999998,0.0011610000000000001,0.00116,0.0011610000000000001,0.001158,0.00116]},"efficiency":{"unit":"%","value":16.9524},"fill_factor":{"unit":"%","value":78.68776345123621},"jsc":{"unit":"mA\/cm2","value":29.015},"isc":{"unit":"mA","value":1.1606},"voc":{"unit":"V","value":0.7425084745762712},"sweep_direction":{"unit":"","value":"Reverse"},"key":"reverse_9_122121902"},{"V":{"unit":"V","value":[0.792,0.772,0.752,0.732,0.712,0.692,0.672,0.652,0.632,0.612,0.592,0.572,0.552,0.532,0.512,0.492,0.472,0.452,0.432,0.412,0.392,0.372,0.352,0.332,0.312,0.292,0.272,0.252,0.232,0.212,0.192,0.172,0.152,0.132,0.112,0.092,0.072,0.052,0.032,0.012,-0.008,-0.028,-0.048]},"J":{"unit":"A\/cm2","value":[-0.034025,-0.017875,-0.00495,0.005399999999999999,0.013175000000000001,0.018850000000000002,0.022725000000000002,0.025224999999999997,0.026900000000000004,0.027875,0.028549999999999996,0.028825,0.02915,0.029049999999999996,0.029275000000000002,0.029125,0.0292,0.029125,0.029175,0.02915,0.029125,0.029125,0.029099999999999997,0.02915,0.029025,0.029175,0.029025,0.029125,0.029075,0.029099999999999997,0.029099999999999997,0.02915,0.029075,0.029125,0.029025,0.029075,0.029099999999999997,0.029049999999999996,0.029125,0.029075,0.029075,0.029099999999999997,0.029225]},"I":{"unit":"A","value":[-0.001361,-0.0007149999999999999,-0.00019800000000000002,0.000216,0.000527,0.000754,0.000909,0.001009,0.0010760000000000001,0.0011149999999999999,0.001142,0.001153,0.001166,0.0011619999999999998,0.001171,0.001165,0.001168,0.001165,0.001167,0.001166,0.001165,0.001165,0.0011639999999999999,0.001166,0.0011610000000000001,0.001167,0.0011610000000000001,0.001165,0.001163,0.0011639999999999999,0.0011639999999999999,0.001166,0.001163,0.001165,0.0011610000000000001,0.001163,0.0011639999999999999,0.0011619999999999998,0.001165,0.001163,0.001163,0.0011639999999999999,0.0011690000000000001]},"efficiency":{"unit":"%","value":17.0595},"fill_factor":{"unit":"%","value":79.02932356223667},"jsc":{"unit":"mA\/cm2","value":29.075},"isc":{"unit":"mA","value":1.163},"voc":{"unit":"V","value":0.7424347826086956},"sweep_direction":{"unit":"","value":"Reverse"},"key":"reverse_8_122121902"},{"V":{"unit":"V","value":[0.791,0.771,0.751,0.731,0.711,0.691,0.671,0.651,0.631,0.611,0.591,0.571,0.551,0.531,0.511,0.491,0.471,0.451,0.431,0.411,0.391,0.371,0.351,0.331,0.311,0.291,0.271,0.251,0.231,0.211,0.191,0.171,0.151,0.131,0.111,0.091,0.071,0.051,0.031,0.011,-0.009,-0.029,-0.049]},"J":{"unit":"A\/cm2","value":[-0.033800000000000004,-0.017775,-0.004825,0.005399999999999999,0.013224999999999999,0.0188,0.02265,0.0252,0.02675,0.0279,0.028425000000000002,0.028875,0.029049999999999996,0.02915,0.029125,0.0292,0.029125,0.02915,0.029175,0.029099999999999997,0.029099999999999997,0.029075,0.029125,0.029025,0.029125,0.029025,0.029075,0.029025,0.029049999999999996,0.029049999999999996,0.029025,0.029049999999999996,0.029025,0.029049999999999996,0.028999999999999998,0.029099999999999997,0.028975,0.029125,0.028949999999999997,0.029075,0.028999999999999998,0.029075,0.029025]},"I":{"unit":"A","value":[-0.0013520000000000001,-0.0007109999999999999,-0.000193,0.000216,0.0005290000000000001,0.000752,0.000906,0.001008,0.00107,0.001116,0.001137,0.001155,0.0011619999999999998,0.001166,0.001165,0.001168,0.001165,0.001166,0.001167,0.0011639999999999999,0.0011639999999999999,0.001163,0.001165,0.0011610000000000001,0.001165,0.0011610000000000001,0.001163,0.0011610000000000001,0.0011619999999999998,0.0011619999999999998,0.0011610000000000001,0.0011619999999999998,0.0011610000000000001,0.0011619999999999998,0.00116,0.0011639999999999999,0.001159,0.001165,0.001158,0.001163,0.00116,0.001163,0.0011610000000000001]},"efficiency":{"unit":"%","value":17.0469},"fill_factor":{"unit":"%","value":79.17619195627714},"jsc":{"unit":"mA\/cm2","value":29.03375},"isc":{"unit":"mA","value":1.16135},"voc":{"unit":"V","value":0.741562347188264},"sweep_direction":{"unit":"","value":"Reverse"},"key":"reverse_7_122121902"},{"V":{"unit":"V","value":[0.791,0.771,0.751,0.731,0.711,0.691,0.671,0.651,0.631,0.611,0.591,0.571,0.551,0.531,0.511,0.491,0.471,0.451,0.431,0.411,0.391,0.371,0.351,0.331,0.311,0.291,0.271,0.251,0.231,0.211,0.191,0.171,0.151,0.131,0.111,0.091,0.071,0.051,0.031,0.011,-0.009,-0.029,-0.049]},"J":{"unit":"A\/cm2","value":[-0.0337,-0.01775,-0.004875,0.005425,0.013275,0.018875,0.02275,0.0253,0.02695,0.027925000000000002,0.028625,0.028975,0.029175,0.029275000000000002,0.029249999999999995,0.029349999999999998,0.029175,0.029325,0.029175,0.029225,0.029075,0.029275000000000002,0.029099999999999997,0.02915,0.029125,0.029099999999999997,0.029125,0.029075,0.029125,0.029025,0.02915,0.029025,0.029175,0.029025,0.029099999999999997,0.029075,0.029175,0.029075,0.029175,0.029025,0.02915,0.029125,0.02915]},"I":{"unit":"A","value":[-0.001348,-0.0007099999999999999,-0.000195,0.000217,0.000531,0.000755,0.00091,0.001012,0.001078,0.001117,0.001145,0.001159,0.001167,0.001171,0.00117,0.001174,0.001167,0.001173,0.001167,0.0011690000000000001,0.001163,0.001171,0.0011639999999999999,0.001166,0.001165,0.0011639999999999999,0.001165,0.001163,0.001165,0.0011610000000000001,0.001166,0.0011610000000000001,0.001167,0.0011610000000000001,0.0011639999999999999,0.001163,0.001167,0.001163,0.001167,0.0011610000000000001,0.001166,0.001165,0.001166]},"efficiency":{"unit":"%","value":17.062175},"fill_factor":{"unit":"%","value":79.0867323664293},"jsc":{"unit":"mA\/cm2","value":29.09375},"isc":{"unit":"mA","value":1.16375},"voc":{"unit":"V","value":0.7415339805825242},"sweep_direction":{"unit":"","value":"Reverse"},"key":"reverse_6_122121902"},{"V":{"unit":"V","value":[0.79,0.77,0.75,0.73,0.71,0.69,0.67,0.65,0.63,0.61,0.59,0.57,0.55,0.53,0.51,0.49,0.47,0.45,0.43,0.41,0.39,0.37,0.35,0.33,0.31,0.29,0.27,0.25,0.23,0.21,0.19,0.17,0.15,0.13,0.11,0.09,0.07,0.05,0.03,0.01,-0.01,-0.03,-0.05]},"J":{"unit":"A\/cm2","value":[-0.033675,-0.017724999999999998,-0.00495,0.005399999999999999,0.013125,0.018875,0.022675,0.025374999999999995,0.026924999999999998,0.027974999999999996,0.028699999999999996,0.028975,0.029299999999999996,0.029299999999999996,0.029475,0.029375,0.029499999999999995,0.029249999999999995,0.029425,0.029275000000000002,0.029349999999999998,0.029275000000000002,0.029275000000000002,0.029249999999999995,0.029249999999999995,0.029249999999999995,0.0292,0.029175,0.029225,0.029275000000000002,0.029225,0.029275000000000002,0.029225,0.029275000000000002,0.0292,0.029299999999999996,0.0292,0.029275000000000002,0.029175,0.029275000000000002,0.029175,0.0292,0.029249999999999995]},"I":{"unit":"A","value":[-0.0013469999999999999,-0.000709,-0.00019800000000000002,0.000216,0.0005250000000000001,0.000755,0.000907,0.0010149999999999998,0.001077,0.001119,0.001148,0.001159,0.0011719999999999999,0.0011719999999999999,0.0011790000000000001,0.001175,0.0011799999999999998,0.00117,0.001177,0.001171,0.001174,0.001171,0.001171,0.00117,0.00117,0.00117,0.001168,0.001167,0.0011690000000000001,0.001171,0.0011690000000000001,0.001171,0.0011690000000000001,0.001171,0.001168,0.0011719999999999999,0.001168,0.001171,0.001167,0.001171,0.001167,0.001168,0.00117]},"efficiency":{"unit":"%","value":17.06475},"fill_factor":{"unit":"%","value":78.8603315138032},"jsc":{"unit":"mA\/cm2","value":29.224999999999994},"isc":{"unit":"mA","value":1.1689999999999998},"voc":{"unit":"V","value":0.7404347826086957},"sweep_direction":{"unit":"","value":"Reverse"},"key":"reverse_5_122121902"},{"V":{"unit":"V","value":[0.789,0.769,0.749,0.729,0.709,0.689,0.669,0.649,0.629,0.609,0.589,0.569,0.549,0.529,0.509,0.489,0.469,0.449,0.429,0.409,0.389,0.369,0.349,0.329,0.309,0.289,0.269,0.249,0.229,0.209,0.189,0.169,0.149,0.129,0.109,0.089,0.069,0.049,0.029,0.009,-0.011,-0.031]},"J":{"unit":"A\/cm2","value":[-0.033125,-0.017424999999999996,-0.00465,0.005475,0.013325000000000002,0.0189,0.022824999999999998,0.02535,0.02705,0.0281,0.028675,0.02915,0.029299999999999996,0.029425,0.02945,0.029525000000000003,0.029375,0.029425,0.029325,0.029325,0.029275000000000002,0.029299999999999996,0.029275000000000002,0.029225,0.029225,0.029099999999999997,0.029249999999999995,0.02915,0.029299999999999996,0.029099999999999997,0.029275000000000002,0.029125,0.0292,0.029125,0.029175,0.029175,0.0292,0.0292,0.029175,0.029175,0.029099999999999997,0.029249999999999995]},"I":{"unit":"A","value":[-0.001325,-0.0006969999999999999,-0.000186,0.000219,0.000533,0.000756,0.0009130000000000001,0.001014,0.001082,0.0011240000000000002,0.001147,0.001166,0.0011719999999999999,0.001177,0.001178,0.001181,0.001175,0.001177,0.001173,0.001173,0.001171,0.0011719999999999999,0.001171,0.0011690000000000001,0.0011690000000000001,0.0011639999999999999,0.00117,0.001166,0.0011719999999999999,0.0011639999999999999,0.001171,0.001165,0.001168,0.001165,0.001167,0.001167,0.001168,0.001168,0.001167,0.001167,0.0011639999999999999,0.00117]},"efficiency":{"unit":"%","value":17.1129},"fill_factor":{"unit":"%","value":79.3765852921608},"jsc":{"unit":"mA\/cm2","value":29.141250000000007},"isc":{"unit":"mA","value":1.1656500000000003},"voc":{"unit":"V","value":0.7398148148148148},"sweep_direction":{"unit":"","value":"Reverse"},"key":"reverse_4_122121902"},{"V":{"unit":"V","value":[0.785,0.765,0.745,0.725,0.705,0.685,0.665,0.645,0.625,0.605,0.585,0.565,0.545,0.525,0.505,0.485,0.465,0.445,0.425,0.405,0.385,0.365,0.345,0.325,0.305,0.285,0.265,0.245,0.225,0.205,0.185,0.165,0.145,0.125,0.105,0.085,0.065,0.045,0.025,0.005,-0.015,-0.035]},"J":{"unit":"A\/cm2","value":[-0.03282499999999999,-0.017275,-0.004775000000000001,0.005325,0.013025,0.01875,0.022625,0.02525,0.027,0.028024999999999998,0.028725,0.029049999999999996,0.0294,0.029425,0.029599999999999998,0.029425,0.029549999999999996,0.029425,0.0294,0.029375,0.029325,0.029349999999999998,0.029299999999999996,0.029325,0.029175,0.029349999999999998,0.02915,0.029299999999999996,0.0292,0.029275000000000002,0.02915,0.029249999999999995,0.029225,0.029225,0.029225,0.029249999999999995,0.029275000000000002,0.0292,0.029249999999999995,0.029225,0.029225,0.029225]},"I":{"unit":"A","value":[-0.001313,-0.000691,-0.000191,0.000213,0.000521,0.00075,0.000905,0.00101,0.00108,0.001121,0.001149,0.0011619999999999998,0.001176,0.001177,0.001184,0.001177,0.0011819999999999999,0.001177,0.001176,0.001175,0.001173,0.001174,0.0011719999999999999,0.001173,0.001167,0.001174,0.001166,0.0011719999999999999,0.001168,0.001171,0.001166,0.00117,0.0011690000000000001,0.0011690000000000001,0.0011690000000000001,0.00117,0.001171,0.001168,0.00117,0.0011690000000000001,0.0011690000000000001,0.0011690000000000001]},"efficiency":{"unit":"%","value":16.955125},"fill_factor":{"unit":"%","value":78.8746584288493},"jsc":{"unit":"mA\/cm2","value":29.224999999999994},"isc":{"unit":"mA","value":1.1689999999999998},"voc":{"unit":"V","value":0.7355445544554454},"sweep_direction":{"unit":"","value":"Reverse"},"key":"reverse_3_122121902"},{"V":{"unit":"V","value":[0.78,0.76,0.74,0.72,0.7,0.68,0.66,0.64,0.62,0.6,0.58,0.56,0.54,0.52,0.5,0.48,0.46,0.44,0.42,0.4,0.38,0.36,0.34,0.32,0.3,0.28,0.26,0.24,0.22,0.2,0.18,0.16,0.14,0.12,0.1,0.08,0.06,0.04,0.02,0,-0.02,-0.04]},"J":{"unit":"A\/cm2","value":[-0.032125,-0.01685,-0.00455,0.005399999999999999,0.01305,0.018675,0.02255,0.025275,0.027024999999999997,0.028075,0.028799999999999996,0.0292,0.029425,0.029525000000000003,0.029625,0.02965,0.029625,0.029525000000000003,0.029625,0.029499999999999995,0.029549999999999996,0.029425,0.02945,0.029349999999999998,0.02945,0.029325,0.02945,0.029299999999999996,0.029349999999999998,0.029299999999999996,0.029349999999999998,0.029375,0.029299999999999996,0.029299999999999996,0.029325,0.029375,0.029249999999999995,0.029325,0.029225,0.029325,0.029225,0.029325]},"I":{"unit":"A","value":[-0.001285,-0.000674,-0.000182,0.000216,0.000522,0.000747,0.000902,0.001011,0.001081,0.001123,0.0011519999999999998,0.001168,0.001177,0.001181,0.001185,0.001186,0.001185,0.001181,0.001185,0.0011799999999999998,0.0011819999999999999,0.001177,0.001178,0.001174,0.001178,0.001173,0.001178,0.0011719999999999999,0.001174,0.0011719999999999999,0.001174,0.001175,0.0011719999999999999,0.0011719999999999999,0.001173,0.001175,0.00117,0.001173,0.0011690000000000001,0.001173,0.0011690000000000001,0.001173]},"efficiency":{"unit":"%","value":16.845},"fill_factor":{"unit":"%","value":78.59631871115499},"jsc":{"unit":"mA\/cm2","value":29.325},"isc":{"unit":"mA","value":1.173},"voc":{"unit":"V","value":0.7308542713567839},"sweep_direction":{"unit":"","value":"Reverse"},"key":"reverse_2_122121902"},{"V":{"unit":"V","value":[0.758,0.738,0.718,0.698,0.678,0.658,0.638,0.618,0.598,0.578,0.558,0.538,0.518,0.498,0.478,0.458,0.438,0.418,0.398,0.378,0.358,0.338,0.318,0.298,0.278,0.258,0.238,0.218,0.198,0.178,0.158,0.138,0.118,0.098,0.078,0.058,0.038,0.018,-0.002,-0.022,-0.042]},"J":{"unit":"A\/cm2","value":[-0.029325,-0.01525,-0.004,0.005025,0.012,0.017150000000000002,0.020924999999999996,0.02345,0.025374999999999995,0.026475,0.027350000000000003,0.02785,0.028249999999999997,0.028399999999999998,0.028625,0.028725,0.0289,0.029025,0.029025,0.029125,0.029175,0.029175,0.029125,0.029225,0.029099999999999997,0.029225,0.029099999999999997,0.0292,0.029075,0.029175,0.029099999999999997,0.02915,0.029099999999999997,0.029099999999999997,0.029099999999999997,0.02915,0.02915,0.029075,0.029099999999999997,0.029099999999999997,0.029125]},"I":{"unit":"A","value":[-0.001173,-0.00061,-0.00016,0.000201,0.00047999999999999996,0.0006860000000000001,0.000837,0.0009379999999999999,0.0010149999999999998,0.001059,0.0010940000000000001,0.0011140000000000002,0.00113,0.0011359999999999999,0.001145,0.001149,0.001156,0.0011610000000000001,0.0011610000000000001,0.001165,0.001167,0.001167,0.001165,0.0011690000000000001,0.0011639999999999999,0.0011690000000000001,0.0011639999999999999,0.001168,0.001163,0.001167,0.0011639999999999999,0.001166,0.0011639999999999999,0.0011639999999999999,0.0011639999999999999,0.001166,0.001166,0.001163,0.0011639999999999999,0.0011639999999999999,0.001165]},"efficiency":{"unit":"%","value":15.302549999999998},"fill_factor":{"unit":"%","value":74.16154346795014},"jsc":{"unit":"mA\/cm2","value":29.097500000000004},"isc":{"unit":"mA","value":1.1639000000000002},"voc":{"unit":"V","value":0.7091357340720222},"sweep_direction":{"unit":"","value":"Reverse"},"key":"reverse_1_122121902"},{"V":{"unit":"V","value":[-0.05,-0.03,-0.01,0.01,0.03,0.05,0.07,0.09,0.11,0.13,0.15,0.17,0.19,0.21,0.23,0.25,0.27,0.29,0.31,0.33,0.35,0.37,0.39,0.41,0.43,0.45,0.47,0.49,0.51,0.53,0.55,0.57,0.59,0.61,0.63,0.65,0.67,0.69,0.71,0.73,0.75,0.77,0.79,0.81,0.83]},"J":{"unit":"A\/cm2","value":[0.030675,0.030325,0.02995,0.02965,0.029475,0.029275000000000002,0.029075,0.029025,0.0289,0.028849999999999997,0.028725,0.028749999999999998,0.028599999999999997,0.028625,0.028599999999999997,0.028599999999999997,0.028599999999999997,0.028499999999999998,0.028499999999999998,0.028449999999999996,0.028475,0.028325,0.028425000000000002,0.028274999999999998,0.028274999999999998,0.028199999999999996,0.028125,0.028024999999999998,0.027800000000000002,0.027600000000000003,0.027225,0.026875,0.0261,0.025275,0.023799999999999998,0.021925,0.018949999999999998,0.014924999999999999,0.0092,0.001675,-0.007975,-0.019725000000000003,-0.033600000000000005,-0.04935,-0.06684999999999999]},"I":{"unit":"A","value":[0.001227,0.001213,0.0011979999999999998,0.001186,0.0011790000000000001,0.001171,0.001163,0.0011610000000000001,0.001156,0.0011539999999999999,0.001149,0.00115,0.0011439999999999998,0.001145,0.0011439999999999998,0.0011439999999999998,0.0011439999999999998,0.00114,0.00114,0.001138,0.001139,0.0011330000000000001,0.001137,0.001131,0.001131,0.0011279999999999999,0.001125,0.001121,0.0011120000000000001,0.0011040000000000002,0.001089,0.001075,0.001044,0.001011,0.0009519999999999999,0.000877,0.000758,0.000597,0.000368,6.7e-5,-0.000319,-0.000789,-0.0013440000000000001,-0.001974,-0.0026739999999999997]},"efficiency":{"unit":"%","value":15.417749999999996},"fill_factor":{"unit":"%","value":70.5377317655046},"jsc":{"unit":"mA\/cm2","value":29.799999999999997},"isc":{"unit":"mA","value":1.192},"voc":{"unit":"V","value":0.7334715025906735},"sweep_direction":{"unit":"","value":"Forward"},"key":"forward_9_122121902"},{"V":{"unit":"V","value":[-0.05,-0.03,-0.01,0.01,0.03,0.05,0.07,0.09,0.11,0.13,0.15,0.17,0.19,0.21,0.23,0.25,0.27,0.29,0.31,0.33,0.35,0.37,0.39,0.41,0.43,0.45,0.47,0.49,0.51,0.53,0.55,0.57,0.59,0.61,0.63,0.65,0.67,0.69,0.71,0.73,0.75,0.77,0.79,0.81,0.83]},"J":{"unit":"A\/cm2","value":[0.03075,0.030449999999999998,0.030025000000000003,0.029849999999999998,0.029549999999999996,0.029425,0.029225,0.029225,0.028949999999999997,0.029025,0.028799999999999996,0.0289,0.028775,0.028725,0.02865,0.02865,0.028625,0.028549999999999996,0.028549999999999996,0.028425000000000002,0.028549999999999996,0.028375,0.028499999999999998,0.0283,0.028325,0.028199999999999996,0.028224999999999997,0.028000000000000004,0.027974999999999996,0.027625,0.027350000000000003,0.026875,0.026199999999999998,0.0253,0.023875,0.021849999999999998,0.018925,0.014774999999999998,0.009025,0.00145,-0.00825,-0.02,-0.03385,-0.04955,-0.067]},"I":{"unit":"A","value":[0.00123,0.001218,0.001201,0.001194,0.0011819999999999999,0.001177,0.0011690000000000001,0.0011690000000000001,0.001158,0.0011610000000000001,0.0011519999999999998,0.001156,0.0011510000000000001,0.001149,0.0011459999999999999,0.0011459999999999999,0.001145,0.001142,0.001142,0.001137,0.001142,0.001135,0.00114,0.001132,0.0011330000000000001,0.0011279999999999999,0.001129,0.0011200000000000001,0.001119,0.001105,0.0010940000000000001,0.001075,0.001048,0.001012,0.000955,0.000874,0.000757,0.0005909999999999999,0.000361,5.8e-5,-0.00033,-0.0008,-0.0013540000000000002,-0.001982,-0.00268]},"efficiency":{"unit":"%","value":15.457999999999998},"fill_factor":{"unit":"%","value":70.44333453720098},"jsc":{"unit":"mA\/cm2","value":29.9375},"isc":{"unit":"mA","value":1.1975},"voc":{"unit":"V","value":0.7329896907216494},"sweep_direction":{"unit":"","value":"Forward"},"key":"forward_8_122121902"},{"V":{"unit":"V","value":[-0.05,-0.03,-0.01,0.01,0.03,0.05,0.07,0.09,0.11,0.13,0.15,0.17,0.19,0.21,0.23,0.25,0.27,0.29,0.31,0.33,0.35,0.37,0.39,0.41,0.43,0.45,0.47,0.49,0.51,0.53,0.55,0.57,0.59,0.61,0.63,0.65,0.67,0.69,0.71,0.73,0.75,0.77,0.79,0.81]},"J":{"unit":"A\/cm2","value":[0.03075,0.0304,0.030125,0.029725,0.029549999999999996,0.029325,0.029225,0.029099999999999997,0.028999999999999998,0.0289,0.028799999999999996,0.028799999999999996,0.028675,0.028749999999999998,0.028549999999999996,0.028675,0.028499999999999998,0.028575,0.028475,0.028499999999999998,0.028475,0.028375,0.028399999999999998,0.028274999999999998,0.028325,0.028125,0.028199999999999996,0.0279,0.027875,0.0275,0.027274999999999997,0.026725,0.026075,0.025124999999999998,0.0237,0.02165,0.0186,0.014474999999999998,0.008625,0.000975,-0.008774999999999998,-0.0205,-0.034324999999999994,-0.05]},"I":{"unit":"A","value":[0.00123,0.001216,0.0012050000000000001,0.001189,0.0011819999999999999,0.001173,0.0011690000000000001,0.0011639999999999999,0.00116,0.001156,0.0011519999999999998,0.0011519999999999998,0.001147,0.00115,0.001142,0.001147,0.00114,0.001143,0.001139,0.00114,0.001139,0.001135,0.0011359999999999999,0.001131,0.0011330000000000001,0.001125,0.0011279999999999999,0.001116,0.0011149999999999999,0.0011,0.001091,0.0010689999999999999,0.0010429999999999999,0.0010049999999999998,0.000948,0.000866,0.000744,0.000579,0.000345,3.9e-5,-0.00035099999999999997,-0.00082,-0.001373,-0.002]},"efficiency":{"unit":"%","value":15.38425},"fill_factor":{"unit":"%","value":70.2313616463746},"jsc":{"unit":"mA\/cm2","value":29.925},"isc":{"unit":"mA","value":1.197},"voc":{"unit":"V","value":0.732},"sweep_direction":{"unit":"","value":"Forward"},"key":"forward_7_122121902"},{"V":{"unit":"V","value":[-0.05,-0.03,-0.01,0.01,0.03,0.05,0.07,0.09,0.11,0.13,0.15,0.17,0.19,0.21,0.23,0.25,0.27,0.29,0.31,0.33,0.35,0.37,0.39,0.41,0.43,0.45,0.47,0.49,0.51,0.53,0.55,0.57,0.59,0.61,0.63,0.65,0.67,0.69,0.71,0.73,0.75,0.77,0.79,0.81]},"J":{"unit":"A\/cm2","value":[0.030699999999999998,0.0305,0.03,0.029849999999999998,0.029525000000000003,0.029499999999999995,0.029225,0.029125,0.029025,0.0289,0.028849999999999997,0.028725,0.028775,0.028575,0.028675,0.028575,0.028549999999999996,0.028499999999999998,0.028575,0.028475,0.028425000000000002,0.028375,0.028349999999999997,0.028325,0.028274999999999998,0.028199999999999996,0.028075,0.028075,0.027750000000000004,0.027625,0.027225,0.0268,0.026124999999999995,0.025099999999999997,0.02375,0.021599999999999998,0.01865,0.014299999999999998,0.008475,0.0007,-0.00895,-0.020799999999999996,-0.0345,-0.050124999999999996]},"I":{"unit":"A","value":[0.001228,0.00122,0.0012,0.001194,0.001181,0.0011799999999999998,0.0011690000000000001,0.001165,0.0011610000000000001,0.001156,0.0011539999999999999,0.001149,0.0011510000000000001,0.001143,0.001147,0.001143,0.001142,0.00114,0.001143,0.001139,0.001137,0.001135,0.0011339999999999998,0.0011330000000000001,0.001131,0.0011279999999999999,0.001123,0.001123,0.00111,0.001105,0.001089,0.001072,0.001045,0.001004,0.00095,0.000864,0.000746,0.0005719999999999999,0.000339,2.8e-5,-0.000358,-0.000832,-0.00138,-0.002005]},"efficiency":{"unit":"%","value":15.413749999999999},"fill_factor":{"unit":"%","value":70.41886906589039},"jsc":{"unit":"mA\/cm2","value":29.924999999999997},"isc":{"unit":"mA","value":1.1969999999999998},"voc":{"unit":"V","value":0.7314507772020725},"sweep_direction":{"unit":"","value":"Forward"},"key":"forward_6_122121902"},{"V":{"unit":"V","value":[-0.05,-0.03,-0.01,0.01,0.03,0.05,0.07,0.09,0.11,0.13,0.15,0.17,0.19,0.21,0.23,0.25,0.27,0.29,0.31,0.33,0.35,0.37,0.39,0.41,0.43,0.45,0.47,0.49,0.51,0.53,0.55,0.57,0.59,0.61,0.63,0.65,0.67,0.69,0.71,0.73,0.75,0.77,0.79,0.81]},"J":{"unit":"A\/cm2","value":[0.030825,0.030549999999999997,0.03025,0.029975,0.0297,0.029599999999999998,0.029349999999999998,0.029275000000000002,0.02915,0.029125,0.028949999999999997,0.0289,0.028749999999999998,0.028775,0.028725,0.02865,0.02865,0.028575,0.028575,0.028499999999999998,0.028549999999999996,0.028425000000000002,0.028449999999999996,0.028325,0.028325,0.028224999999999997,0.028125,0.028000000000000004,0.027825,0.027575,0.02725,0.026775,0.02605,0.025074999999999997,0.023499999999999997,0.021425,0.018275,0.01395,0.00795,0.00022499999999999997,-0.009625,-0.0214,-0.03515,-0.05072499999999999]},"I":{"unit":"A","value":[0.0012330000000000002,0.001222,0.00121,0.001199,0.001188,0.001184,0.001174,0.001171,0.001166,0.001165,0.001158,0.001156,0.00115,0.0011510000000000001,0.001149,0.0011459999999999999,0.0011459999999999999,0.001143,0.001143,0.00114,0.001142,0.001137,0.001138,0.0011330000000000001,0.0011330000000000001,0.001129,0.001125,0.0011200000000000001,0.001113,0.001103,0.00109,0.001071,0.001042,0.001003,0.00094,0.000857,0.000731,0.000558,0.00031800000000000003,8.999999999999999e-6,-0.00038500000000000003,-0.000856,-0.001406,-0.002029]},"efficiency":{"unit":"%","value":15.3695},"fill_factor":{"unit":"%","value":69.87444292612457},"jsc":{"unit":"mA\/cm2","value":30.112499999999997},"isc":{"unit":"mA","value":1.2045},"voc":{"unit":"V","value":0.7304568527918781},"sweep_direction":{"unit":"","value":"Forward"},"key":"forward_5_122121902"},{"V":{"unit":"V","value":[-0.05,-0.03,-0.01,0.01,0.03,0.05,0.07,0.09,0.11,0.13,0.15,0.17,0.19,0.21,0.23,0.25,0.27,0.29,0.31,0.33,0.35,0.37,0.39,0.41,0.43,0.45,0.47,0.49,0.51,0.53,0.55,0.57,0.59,0.61,0.63,0.65,0.67,0.69,0.71,0.73,0.75,0.77,0.79,0.81]},"J":{"unit":"A\/cm2","value":[0.03085,0.030475000000000002,0.030199999999999998,0.02995,0.029725,0.029475,0.0294,0.029249999999999995,0.029125,0.029025,0.028975,0.028875,0.028825,0.028849999999999997,0.028675,0.028725,0.028599999999999997,0.02865,0.028499999999999998,0.028575,0.028449999999999996,0.028399999999999998,0.028425000000000002,0.028274999999999998,0.028325,0.028175000000000002,0.028125,0.027925000000000002,0.02785,0.02755,0.02725,0.026699999999999998,0.026,0.02495,0.023350000000000003,0.0212,0.0179,0.0135,0.0073,-0.0005250000000000001,-0.010475,-0.022275,-0.0361,-0.051525]},"I":{"unit":"A","value":[0.001234,0.001219,0.0012079999999999999,0.0011979999999999998,0.001189,0.0011790000000000001,0.001176,0.00117,0.001165,0.0011610000000000001,0.001159,0.001155,0.001153,0.0011539999999999999,0.001147,0.001149,0.0011439999999999998,0.0011459999999999999,0.00114,0.001143,0.001138,0.0011359999999999999,0.001137,0.001131,0.0011330000000000001,0.001127,0.001125,0.001117,0.0011140000000000002,0.0011020000000000001,0.00109,0.0010680000000000002,0.0010400000000000001,0.000998,0.000934,0.000848,0.000716,0.00054,0.000292,-2.1000000000000002e-5,-0.000419,-0.000891,-0.001444,-0.002061]},"efficiency":{"unit":"%","value":15.34},"fill_factor":{"unit":"%","value":69.99965484339458},"jsc":{"unit":"mA\/cm2","value":30.074999999999996},"isc":{"unit":"mA","value":1.2029999999999998},"voc":{"unit":"V","value":0.7286581469648562},"sweep_direction":{"unit":"","value":"Forward"},"key":"forward_4_122121902"},{"V":{"unit":"V","value":[-0.05,-0.03,-0.01,0.01,0.03,0.05,0.07,0.09,0.11,0.13,0.15,0.17,0.19,0.21,0.23,0.25,0.27,0.29,0.31,0.33,0.35,0.37,0.39,0.41,0.43,0.45,0.47,0.49,0.51,0.53,0.55,0.57,0.59,0.61,0.63,0.65,0.67,0.69,0.71,0.73,0.75,0.77,0.79,0.81]},"J":{"unit":"A\/cm2","value":[0.030825,0.030525000000000004,0.03035,0.030025000000000003,0.0299,0.029599999999999998,0.029599999999999998,0.029349999999999998,0.029275000000000002,0.02915,0.029099999999999997,0.029025,0.028875,0.028875,0.028775,0.028749999999999998,0.028675,0.028625,0.028599999999999997,0.028525,0.028499999999999998,0.028449999999999996,0.028449999999999996,0.028325,0.028325,0.028199999999999996,0.028149999999999994,0.0279,0.02785,0.027450000000000002,0.027075,0.026600000000000002,0.025775,0.024625,0.022925,0.02055,0.01705,0.01235,0.005925,-0.002125,-0.012225,-0.024099999999999996,-0.03785,-0.053125]},"I":{"unit":"A","value":[0.0012330000000000002,0.001221,0.001214,0.001201,0.001196,0.001184,0.001184,0.001174,0.001171,0.001166,0.0011639999999999999,0.0011610000000000001,0.001155,0.001155,0.0011510000000000001,0.00115,0.001147,0.001145,0.0011439999999999998,0.001141,0.00114,0.001138,0.001138,0.0011330000000000001,0.0011330000000000001,0.0011279999999999999,0.0011259999999999998,0.001116,0.0011140000000000002,0.001098,0.001083,0.001064,0.001031,0.000985,0.0009170000000000001,0.0008219999999999999,0.0006820000000000001,0.000494,0.000237,-8.5e-5,-0.000489,-0.000964,-0.001514,-0.002125]},"efficiency":{"unit":"%","value":15.207249999999997},"fill_factor":{"unit":"%","value":69.51091303850986},"jsc":{"unit":"mA\/cm2","value":30.1875},"isc":{"unit":"mA","value":1.2075},"voc":{"unit":"V","value":0.72472049689441},"sweep_direction":{"unit":"","value":"Forward"},"key":"forward_3_122121902"},{"V":{"unit":"V","value":[-0.05,-0.03,-0.01,0.01,0.03,0.05,0.07,0.09,0.11,0.13,0.15,0.17,0.19,0.21,0.23,0.25,0.27,0.29,0.31,0.33,0.35,0.37,0.39,0.41,0.43,0.45,0.47,0.49,0.51,0.53,0.55,0.57,0.59,0.61,0.63,0.65,0.67,0.69,0.71,0.73,0.75,0.77,0.79,0.81]},"J":{"unit":"A\/cm2","value":[0.030825,0.030575,0.030299999999999997,0.030125,0.029799999999999997,0.029675,0.029575,0.029325,0.029299999999999996,0.029099999999999997,0.029125,0.028925,0.028999999999999998,0.028825,0.028849999999999997,0.028699999999999996,0.028799999999999996,0.028599999999999997,0.028625,0.028575,0.028575,0.028475,0.028425000000000002,0.028375,0.028249999999999997,0.028249999999999997,0.028024999999999998,0.027950000000000003,0.027625,0.027450000000000002,0.026900000000000004,0.026449999999999998,0.025474999999999998,0.024224999999999997,0.022350000000000002,0.019725000000000003,0.016,0.010875,0.004200000000000001,-0.0043,-0.014549999999999999,-0.026674999999999997,-0.0404,-0.0557]},"I":{"unit":"A","value":[0.0012330000000000002,0.0012230000000000001,0.001212,0.0012050000000000001,0.001192,0.0011870000000000001,0.001183,0.001173,0.0011719999999999999,0.0011639999999999999,0.001165,0.001157,0.00116,0.001153,0.0011539999999999999,0.001148,0.0011519999999999998,0.0011439999999999998,0.001145,0.001143,0.001143,0.001139,0.001137,0.001135,0.00113,0.00113,0.001121,0.001118,0.001105,0.001098,0.0010760000000000001,0.0010580000000000001,0.001019,0.000969,0.000894,0.000789,0.00064,0.000435,0.00016800000000000002,-0.00017199999999999998,-0.0005819999999999999,-0.001067,-0.001616,-0.0022280000000000004]},"efficiency":{"unit":"%","value":15.076499999999998},"fill_factor":{"unit":"%","value":69.31900833442475},"jsc":{"unit":"mA\/cm2","value":30.212500000000002},"isc":{"unit":"mA","value":1.2085000000000001},"voc":{"unit":"V","value":0.7198823529411764},"sweep_direction":{"unit":"","value":"Forward"},"key":"forward_2_122121902"},{"V":{"unit":"V","value":[-0.05,-0.03,-0.01,0.01,0.03,0.05,0.07,0.09,0.11,0.13,0.15,0.17,0.19,0.21,0.23,0.25,0.27,0.29,0.31,0.33,0.35,0.37,0.39,0.41,0.43,0.45,0.47,0.49,0.51,0.53,0.55,0.57,0.59,0.61,0.63,0.65,0.67,0.69,0.71,0.73,0.75,0.77,0.79]},"J":{"unit":"A\/cm2","value":[0.030775000000000004,0.0304,0.030175,0.029849999999999998,0.029675,0.029475,0.029349999999999998,0.0292,0.029075,0.028949999999999997,0.028925,0.028825,0.028725,0.028675,0.028549999999999996,0.028599999999999997,0.028475,0.028499999999999998,0.028375,0.028399999999999998,0.0283,0.028325,0.028199999999999996,0.028125,0.0281,0.0279,0.027825,0.027450000000000002,0.027274999999999997,0.026725,0.026324999999999998,0.0254,0.024349999999999997,0.02255,0.020300000000000002,0.016975,0.01265,0.00675,-0.0007,-0.009825,-0.020674999999999995,-0.033225000000000005,-0.047349999999999996]},"I":{"unit":"A","value":[0.001231,0.001216,0.0012070000000000002,0.001194,0.0011870000000000001,0.0011790000000000001,0.001174,0.001168,0.001163,0.001158,0.001157,0.001153,0.001149,0.001147,0.001142,0.0011439999999999998,0.001139,0.00114,0.001135,0.0011359999999999999,0.001132,0.0011330000000000001,0.0011279999999999999,0.001125,0.0011240000000000002,0.001116,0.001113,0.001098,0.001091,0.0010689999999999999,0.001053,0.001016,0.0009739999999999999,0.000902,0.000812,0.000679,0.000506,0.00027,-2.8e-5,-0.000393,-0.0008269999999999999,-0.0013289999999999999,-0.0018939999999999999]},"efficiency":{"unit":"%","value":14.478750000000002},"fill_factor":{"unit":"%","value":68.12735713261358},"jsc":{"unit":"mA\/cm2","value":30.012499999999996},"isc":{"unit":"mA","value":1.2005},"voc":{"unit":"V","value":0.7081208053691275},"sweep_direction":{"unit":"","value":"Forward"},"key":"forward_1_122121902"}]}}