{"_id":"653114057f354217dd3f80fd","id":"CAU-SC-00405","author":68,"group":7,"input":[{"tco":{"unit":"","value":"ITO"}},[],{"htl":[{"material":{"unit":"","value":"PEDOT:PSS"},"concentration":{"unit":"","value":""},"conc_unit":{"unit":"","value":"mg\/ml"},"quantity":{"unit":"ml","value":""}}],"spin_coating":[{"type":{"unit":"","value":"drop&run"},"rpm":{"unit":"","value":"4000"},"time":{"unit":"s","value":"50"}}],"annealing":[{"temperature":{"unit":"oC","value":"150"},"time":{"unit":"m","value":"20"}}]},{"htl_treatment":[{"material":{"unit":"","value":"DMSO"},"concentration":{"unit":"","value":""},"conc_unit":{"unit":"","value":"mg\/ml"},"quantity":{"unit":"ml","value":"0.2"}}],"solvent":[{"material":{"unit":"","value":"DMSO"},"volume":{"unit":"ml","value":"0.2"}}],"spin_coating":[{"type":{"unit":"","value":"dynamic"},"rpm":{"unit":"","value":"4000"},"time":{"unit":"s","value":"60"}}],"annealing":[{"temperature":{"unit":"oC","value":"150"},"time":{"unit":"m","value":"20"}}]},{"perovskite":{"method":{"unit":"","value":"1step"},"molarity":{"unit":"M","value":"1.2"},"a_site":[{"material":{"unit":"","value":"FA"},"ratio":{"unit":"","value":"74.7"}},{"material":{"unit":"","value":"Cs"},"ratio":{"unit":"","value":"14.4"}},{"material":{"unit":"","value":"BA"},"ratio":{"unit":"","value":"10"}}],"b_site":[{"material":{"unit":"","value":"Sn"},"ratio":{"unit":"","value":"50"}},{"material":{"unit":"","value":"Pb"},"ratio":{"unit":"","value":"50"}}],"x_site":[{"material":{"unit":"","value":"I"},"ratio":{"unit":"","value":"100"}}],"solvent":[{"material":{"unit":"","value":"DMF"},"volume":{"unit":"ml","value":"0.8"}},{"material":{"unit":"","value":"DMSO"},"volume":{"unit":"ml","value":"0.2"}}],"additive":[{"material":{"unit":"","value":"SnF2"},"solvent":{"unit":"","value":"none"},"concentration":{"unit":"","value":"9.36"},"conc_unit":{"unit":"","value":"mg\/ml"},"quantity":{"unit":"mol%","value":"5"}}],"stirring_time":[{"unit":"m","value":"120"}],"antisolvent":[{"material":{"unit":"","value":"PC61BM(1mg)+Toluene"},"quantity":{"unit":"ul","value":"300"},"dripping_time":{"unit":"s","value":"12"}}],"spin_coating":[{"type":{"unit":"","value":"drop&run"},"rpm":{"unit":"","value":"5000"},"time":{"unit":"s","value":"60"}}],"annealing":[{"temperature":{"unit":"oC","value":"65"},"time":{"unit":"m","value":"1"}},{"temperature":{"unit":"oC","value":"100"},"time":{"unit":"m","value":"10"}}],"atmosphere":[{"type":{"unit":"","value":"N2"},"temperature":{"unit":"oC","value":"25"},"humidity":{"unit":"RH%","value":"0"}}]}},{"etl":[{"material":{"unit":"","value":"PC61BM"},"concentration":{"unit":"","value":"20"},"conc_unit":{"unit":"","value":"mg\/ml"},"quantity":{"unit":"ml","value":"0.05"}}],"solvent":[{"material":{"unit":"","value":"CB"},"volume":{"unit":"ml","value":"1"}}],"spin_coating":[{"type":{"unit":"","value":"drop&run"},"rpm":{"unit":"","value":"1500"},"time":{"unit":"s","value":"30"}}],"annealing":[{"temperature":{"unit":"oC","value":"75"},"time":{"unit":"m","value":"10"}}]},{"blocking_buffer_layer":[{"material":{"unit":"","value":"BCP"},"concentration":{"unit":"","value":"0.5"},"conc_unit":{"unit":"","value":"mg\/ml"},"quantity":{"unit":"ml","value":"0.1"}}],"solvent":[{"material":{"unit":"","value":"IPA"},"volume":{"unit":"ml","value":"1"}}],"spin_coating":[{"type":{"unit":"","value":"drop&run"},"rpm":{"unit":"","value":"4000"},"time":{"unit":"s","value":"20"}}]},{"anode_metal":{"unit":"","value":"Ag"}},{"note":{"unit":"","value":"FACsSnPbI3- 2020 BA10%"},"ar":{"unit":"","value":"0"},"type":{"unit":"","value":"unit_cell"},"device_type":{"unit":"","value":"p-i-n"},"temperature":{"unit":"\u2103","value":"25"},"humidity":{"unit":"%","value":"30"},"cell_dimension":{"unit":"cm2","value":"0.04"}}],"fileinfo":[{"key":"120121504","uploadType":"JV","original_name":"120121504.xlsx","save_name":"CAU-SC-00405\/120121504","uploader":68,"fileType":"group"}],"jvcnt":4,"updated_at":"2024-07-30 06:01:15","created_at":"2023-10-19 11:33:25","analysisInfo":{"JV":[{"efficiency":13.1355,"fill_factor":73.73795489187913,"jsc":25.974999999999998,"voc":0.6858039215686275,"key":"reverse_2_120121504","cell_dimension":null},{"efficiency":13.3601,"fill_factor":73.83414276466019,"jsc":26.261249999999997,"voc":0.689028328611898,"key":"reverse_1_120121504","cell_dimension":null},{"efficiency":12.78225,"fill_factor":71.9905614229723,"jsc":26.0625,"voc":0.681264367816092,"key":"forward_2_120121504","cell_dimension":null},{"efficiency":12.86775,"fill_factor":71.46946429292088,"jsc":26.424999999999997,"voc":0.6813450292397661,"key":"forward_1_120121504","cell_dimension":null}]},"public":2,"tags":[],"analysis":{"JV":[{"V":{"unit":"V","value":[0.736,0.716,0.696,0.676,0.656,0.636,0.616,0.596,0.576,0.556,0.536,0.516,0.496,0.476,0.456,0.436,0.416,0.396,0.376,0.356,0.336,0.316,0.296,0.276,0.256,0.236,0.216,0.196,0.176,0.156,0.136,0.116,0.096,0.076,0.056,0.036,0.016,-0.004,-0.024,-0.044]},"J":{"unit":"A\/cm2","value":[-0.032299999999999995,-0.01665,-0.00455,0.004375,0.0111,0.0157,0.019074999999999998,0.021175,0.0228,0.023625,0.024399999999999998,0.024724999999999997,0.025074999999999997,0.02525,0.0254,0.02545,0.025525,0.02555,0.0256,0.025674999999999996,0.02555,0.025824999999999997,0.02565,0.025874999999999995,0.0257,0.025874999999999995,0.02575,0.02585,0.025775,0.025924999999999997,0.025824999999999997,0.025874999999999995,0.0259,0.0259,0.02595,0.025974999999999998,0.025974999999999998,0.025974999999999998,0.026025,0.025924999999999997]},"I":{"unit":"A","value":[-0.001292,-0.000666,-0.000182,0.000175,0.000444,0.000628,0.000763,0.000847,0.000912,0.000945,0.000976,0.000989,0.001003,0.00101,0.001016,0.001018,0.001021,0.0010220000000000001,0.001024,0.001027,0.0010220000000000001,0.0010329999999999998,0.001026,0.001035,0.001028,0.001035,0.00103,0.001034,0.001031,0.001037,0.0010329999999999998,0.001035,0.001036,0.001036,0.001038,0.001039,0.001039,0.001039,0.0010409999999999998,0.001037]},"efficiency":{"unit":"%","value":13.1355},"fill_factor":{"unit":"%","value":73.73795489187913},"jsc":{"unit":"mA\/cm2","value":25.974999999999998},"isc":{"unit":"mA","value":1.039},"voc":{"unit":"V","value":0.6858039215686275},"sweep_direction":{"unit":"","value":"Reverse"},"key":"reverse_2_120121504"},{"V":{"unit":"V","value":[0.739,0.719,0.699,0.679,0.659,0.639,0.619,0.599,0.579,0.559,0.539,0.519,0.499,0.479,0.459,0.439,0.419,0.399,0.379,0.359,0.339,0.319,0.299,0.279,0.259,0.239,0.219,0.199,0.179,0.159,0.139,0.119,0.099,0.079,0.059,0.039,0.019,-0.001,-0.021,-0.041]},"J":{"unit":"A\/cm2","value":[-0.031424999999999995,-0.016050000000000002,-0.004399999999999999,0.004425,0.010825,0.015574999999999999,0.018775,0.021224999999999997,0.02275,0.023899999999999998,0.024524999999999998,0.02515,0.025324999999999997,0.025674999999999996,0.025724999999999998,0.025974999999999998,0.02595,0.0261,0.026,0.026174999999999997,0.02605,0.02625,0.026124999999999995,0.026275,0.026150000000000003,0.02625,0.026199999999999998,0.0263,0.026324999999999998,0.026275,0.026324999999999998,0.02625,0.026374999999999996,0.02625,0.026424999999999997,0.026275,0.026475,0.02625,0.026449999999999998,0.026374999999999996]},"I":{"unit":"A","value":[-0.0012569999999999999,-0.000642,-0.000176,0.000177,0.000433,0.000623,0.000751,0.0008489999999999999,0.00091,0.0009559999999999999,0.0009809999999999999,0.001006,0.0010129999999999998,0.001027,0.001029,0.001039,0.001038,0.001044,0.0010400000000000001,0.001047,0.001042,0.0010500000000000002,0.001045,0.0010509999999999999,0.001046,0.0010500000000000002,0.001048,0.001052,0.001053,0.0010509999999999999,0.001053,0.0010500000000000002,0.001055,0.0010500000000000002,0.001057,0.0010509999999999999,0.001059,0.0010500000000000002,0.0010580000000000001,0.001055]},"efficiency":{"unit":"%","value":13.3601},"fill_factor":{"unit":"%","value":73.83414276466019},"jsc":{"unit":"mA\/cm2","value":26.261249999999997},"isc":{"unit":"mA","value":1.0504499999999999},"voc":{"unit":"V","value":0.689028328611898},"sweep_direction":{"unit":"","value":"Reverse"},"key":"reverse_1_120121504"},{"V":{"unit":"V","value":[-0.05,-0.03,-0.01,0.01,0.03,0.05,0.07,0.09,0.11,0.13,0.15,0.17,0.19,0.21,0.23,0.25,0.27,0.29,0.31,0.33,0.35,0.37,0.39,0.41,0.43,0.45,0.47,0.49,0.51,0.53,0.55,0.57,0.59,0.61,0.63,0.65,0.67,0.69,0.71,0.73,0.75,0.77]},"J":{"unit":"A\/cm2","value":[0.026725,0.0263,0.026075,0.02605,0.0258,0.025824999999999997,0.0257,0.02565,0.0256,0.025525,0.025525,0.0254,0.025474999999999998,0.02535,0.02535,0.02525,0.025324999999999997,0.02515,0.02525,0.02505,0.025099999999999997,0.025024999999999995,0.025,0.0249,0.024775,0.024775,0.024550000000000002,0.024399999999999998,0.024175,0.023825,0.023100000000000002,0.022425,0.0209,0.018975000000000002,0.015775,0.011375,0.004900000000000001,-0.0038,-0.015449999999999998,-0.03015,-0.048275,-0.069825]},"I":{"unit":"A","value":[0.0010689999999999999,0.001052,0.0010429999999999999,0.001042,0.001032,0.0010329999999999998,0.001028,0.001026,0.001024,0.001021,0.001021,0.001016,0.001019,0.001014,0.001014,0.00101,0.0010129999999999998,0.001006,0.00101,0.001002,0.001004,0.001001,0.001,0.000996,0.000991,0.000991,0.000982,0.000976,0.000967,0.000953,0.000924,0.000897,0.0008359999999999999,0.000759,0.000631,0.000455,0.00019600000000000002,-0.000152,-0.000618,-0.001206,-0.001931,-0.0027930000000000003]},"efficiency":{"unit":"%","value":12.78225},"fill_factor":{"unit":"%","value":71.9905614229723},"jsc":{"unit":"mA\/cm2","value":26.0625},"isc":{"unit":"mA","value":1.0425},"voc":{"unit":"V","value":0.681264367816092},"sweep_direction":{"unit":"","value":"Forward"},"key":"forward_2_120121504"},{"V":{"unit":"V","value":[-0.05,-0.03,-0.01,0.01,0.03,0.05,0.07,0.09,0.11,0.13,0.15,0.17,0.19,0.21,0.23,0.25,0.27,0.29,0.31,0.33,0.35,0.37,0.39,0.41,0.43,0.45,0.47,0.49,0.51,0.53,0.55,0.57,0.59,0.61,0.63,0.65,0.67,0.69,0.71,0.73,0.75,0.77]},"J":{"unit":"A\/cm2","value":[0.027125,0.026725,0.026449999999999998,0.026400000000000003,0.02625,0.026174999999999997,0.026124999999999995,0.0261,0.026025,0.025924999999999997,0.025974999999999998,0.025775,0.025924999999999997,0.0257,0.025775,0.025724999999999998,0.025724999999999998,0.02555,0.0256,0.0255,0.0255,0.0254,0.025374999999999995,0.02535,0.0252,0.025174999999999996,0.024974999999999997,0.024849999999999997,0.0245,0.024125,0.023350000000000003,0.022574999999999998,0.021025,0.018949999999999998,0.01575,0.011275,0.004849999999999999,-0.0036999999999999997,-0.01505,-0.029225,-0.046674999999999994,-0.0674]},"I":{"unit":"A","value":[0.001085,0.0010689999999999999,0.0010580000000000001,0.001056,0.0010500000000000002,0.001047,0.001045,0.001044,0.0010409999999999998,0.001037,0.001039,0.001031,0.001037,0.001028,0.001031,0.001029,0.001029,0.0010220000000000001,0.001024,0.00102,0.00102,0.001016,0.0010149999999999998,0.001014,0.001008,0.0010069999999999999,0.000999,0.000994,0.00098,0.0009649999999999999,0.000934,0.000903,0.000841,0.000758,0.00063,0.000451,0.000194,-0.000148,-0.000602,-0.0011690000000000001,-0.001867,-0.002696]},"efficiency":{"unit":"%","value":12.86775},"fill_factor":{"unit":"%","value":71.46946429292088},"jsc":{"unit":"mA\/cm2","value":26.424999999999997},"isc":{"unit":"mA","value":1.057},"voc":{"unit":"V","value":0.6813450292397661},"sweep_direction":{"unit":"","value":"Forward"},"key":"forward_1_120121504"}]}}