{"_id":"65312cd926db9e48202e7374","id":"CAU-SC-00482","author":67,"group":7,"input":[{"tco":{"unit":"","value":"ITO"}},[],{"htl":[{"material":{"unit":"","value":"PEDOT:PSS"},"concentration":{"unit":"","value":"None"},"conc_unit":{"unit":"","value":"mg\/ml"},"quantity":{"unit":"ml","value":"0.1"}}],"spin_coating":[{"type":{"unit":"","value":"drop&run"},"rpm":{"unit":"","value":"5000"},"time":{"unit":"s","value":"30"}}],"annealing":[{"temperature":{"unit":"oC","value":"150"},"time":{"unit":"m","value":"20"}}]},[],{"perovskite":{"method":{"unit":"","value":"1step"},"molarity":{"unit":"M","value":"1"},"a_site":[{"material":{"unit":"","value":"FA"},"ratio":{"unit":"","value":"75"}},{"material":{"unit":"","value":"MA"},"ratio":{"unit":"","value":"15"}},{"material":{"unit":"","value":"DMA"},"ratio":{"unit":"","value":"10"}}],"b_site":[{"material":{"unit":"","value":"Sn"},"ratio":{"unit":"","value":"100"}}],"x_site":[{"material":{"unit":"","value":"I"},"ratio":{"unit":"","value":"50"}},{"material":{"unit":"","value":"Br"},"ratio":{"unit":"","value":"33"}},{"material":{"unit":"","value":"Cl"},"ratio":{"unit":"","value":"17"}}],"solvent":[{"material":{"unit":"","value":"DMF"},"volume":{"unit":"ml","value":"0.8"}},{"material":{"unit":"","value":"DMSO"},"volume":{"unit":"ml","value":"0.2"}}],"additive":[{"material":{"unit":"","value":"SnF2"},"solvent":{"unit":"","value":"none"},"concentration":{"unit":"","value":"15.6"},"conc_unit":{"unit":"","value":"mg\/ml"},"quantity":{"unit":"mol%","value":"10"}}],"stirring_time":[{"unit":"m","value":"120"}],"antisolvent":[{"material":{"unit":"","value":"CB"},"quantity":{"unit":"ul","value":"500"},"dripping_time":{"unit":"s","value":"20"}}],"spin_coating":[{"type":{"unit":"","value":"drop&run"},"rpm":{"unit":"","value":"5000"},"time":{"unit":"s","value":"50"}}],"annealing":[{"temperature":{"unit":"oC","value":"90"},"time":{"unit":"m","value":"10"}}],"atmosphere":[{"type":{"unit":"","value":"N2"},"temperature":{"unit":"oC","value":"25"},"humidity":{"unit":"RH%","value":"0"}}]}},{"etl":[{"material":{"unit":"","value":"PC61BM"},"concentration":{"unit":"","value":"20"},"conc_unit":{"unit":"","value":"mg\/ml"},"quantity":{"unit":"ml","value":"0.05"}}],"solvent":[{"material":{"unit":"","value":"CB"},"volume":{"unit":"ml","value":"0.75"}},{"material":{"unit":"","value":"DCB"},"volume":{"unit":"ml","value":"0.25"}}],"spin_coating":[{"type":{"unit":"","value":"drop&run"},"rpm":{"unit":"","value":"1500"},"time":{"unit":"s","value":"30"}}],"annealing":[{"temperature":{"unit":"oC","value":"70"},"time":{"unit":"m","value":"5"}}]},{"anode_metal":{"unit":"","value":"Ag"}},{"note":{"unit":"","value":"MDF"},"ar":{"unit":"","value":"0"},"type":{"unit":"","value":"unit_cell"},"device_type":{"unit":"","value":"p-i-n"},"temperature":{"unit":"\u2103","value":"25"},"humidity":{"unit":"%","value":"30"},"cell_dimension":{"unit":"cm2","value":"0.04"}}],"fileinfo":[{"key":"223032810","uploadType":"JV","original_name":"223032810.xlsx","save_name":"CAU-SC-00482\/223032810","uploader":67,"fileType":"group"}],"jvcnt":2,"updated_at":"2024-06-03 08:38:35","created_at":"2023-10-19 13:19:21","analysisInfo":{"JV":[{"efficiency":0.49049999999999994,"fill_factor":43.46789228270227,"jsc":3.1475000000000004,"voc":0.3585128205128206,"key":"reverse_1_223032810","cell_dimension":null},{"efficiency":0.65475,"fill_factor":55.50574084199017,"jsc":3.0312499999999996,"voc":0.3891489361702128,"key":"forward_1_223032810","cell_dimension":null}]},"public":2,"analysis":{"JV":[{"V":{"unit":"V","value":[0.418,0.378,0.338,0.298,0.258,0.218,0.178,0.138,0.098,0.058,0.018,-0.022]},"J":{"unit":"A\/cm2","value":[-0.0017749999999999999,-0.000475,0.0005,0.0012250000000000002,0.0017999999999999997,0.00225,0.0025749999999999996,0.0028,0.00295,0.0030749999999999996,0.003125,0.003175]},"I":{"unit":"A","value":[-7.099999999999999e-5,-1.9e-5,2.0e-5,4.9000000000000005e-5,7.199999999999999e-5,8.999999999999999e-5,0.000103,0.000112,0.000118,0.000123,0.000125,0.000127]},"efficiency":{"unit":"%","value":0.49049999999999994},"fill_factor":{"unit":"%","value":43.46789228270227},"jsc":{"unit":"mA\/cm2","value":3.1475000000000004},"isc":{"unit":"mA","value":0.1259},"voc":{"unit":"V","value":0.3585128205128206},"sweep_direction":{"unit":"","value":"Reverse"},"key":"reverse_1_223032810"},{"V":{"unit":"V","value":[-0.05,-0.01,0.03,0.07,0.11,0.15,0.19,0.23,0.27,0.31,0.35,0.39,0.43]},"J":{"unit":"A\/cm2","value":[0.00295,0.003025,0.0030499999999999998,0.0030749999999999996,0.0030499999999999998,0.003,0.0029,0.002725,0.0024249999999999996,0.001925,0.00115,-2.5e-5,-0.0017749999999999999]},"I":{"unit":"A","value":[0.000118,0.000121,0.000122,0.000123,0.000122,0.00011999999999999999,0.000116,0.00010899999999999999,9.7e-5,7.7e-5,4.6e-5,-1.0e-6,-7.099999999999999e-5]},"efficiency":{"unit":"%","value":0.65475},"fill_factor":{"unit":"%","value":55.50574084199017},"jsc":{"unit":"mA\/cm2","value":3.0312499999999996},"isc":{"unit":"mA","value":0.12124999999999998},"voc":{"unit":"V","value":0.3891489361702128},"sweep_direction":{"unit":"","value":"Forward"},"key":"forward_1_223032810"}]}}