{"_id":"653143b49d8aa506476d2096","id":"CAU-SC-00537","author":71,"group":7,"input":[{"tco":{"unit":"","value":"ITO"}},{"htl":[{"material":{"unit":"","value":"NiOx_Solgel"},"concentration":{"unit":"","value":"0.8"},"conc_unit":{"unit":"","value":"M"},"quantity":{"unit":"ml","value":"None"}}],"solvent":[{"material":{"unit":"","value":"EG"},"volume":{"unit":"ml","value":"1"}},{"material":{"unit":"","value":"EDA"},"volume":{"unit":"ml","value":"0.0536"}}],"spin_coating":[{"type":{"unit":"","value":"drop&run"},"rpm":{"unit":"","value":"5000"},"time":{"unit":"s","value":"50"}}],"annealing":[{"temperature":{"unit":"oC","value":"150"},"time":{"unit":"m","value":"5"}},{"temperature":{"unit":"oC","value":"300"},"time":{"unit":"m","value":"60"}}]},{"htl_treatment":[{"material":{"unit":"","value":"MeO-2PACz"},"concentration":{"unit":"","value":"0.4"},"conc_unit":{"unit":"","value":"mg\/ml"},"quantity":{"unit":"ml","value":"None"}}],"solvent":[{"material":{"unit":"","value":"Ethanol"},"volume":{"unit":"ml","value":"1"}}],"spin_coating":[{"type":{"unit":"","value":"drop&run"},"rpm":{"unit":"","value":"5000"},"time":{"unit":"s","value":"20"}}],"annealing":[{"temperature":{"unit":"oC","value":"100"},"time":{"unit":"m","value":"10"}}]},{"perovskite":{"method":{"unit":"","value":"1step"},"molarity":{"unit":"M","value":"1.1"},"a_site":[{"material":{"unit":"","value":"FA"},"ratio":{"unit":"","value":"83.14"}},{"material":{"unit":"","value":"Cs"},"ratio":{"unit":"","value":"16.66"}},{"material":{"unit":"","value":"BA"},"ratio":{"unit":"","value":"2"}}],"b_site":[{"material":{"unit":"","value":"Pb"},"ratio":{"unit":"","value":"100"}}],"x_site":[{"material":{"unit":"","value":"I"},"ratio":{"unit":"","value":"83"}},{"material":{"unit":"","value":"Br"},"ratio":{"unit":"","value":"17"}}],"solvent":[{"material":{"unit":"","value":"DMF"},"volume":{"unit":"ml","value":"0.8"}},{"material":{"unit":"","value":"DMSO"},"volume":{"unit":"ml","value":"0.2"}}],"additive":[{"material":{"unit":"","value":"MACl"},"solvent":{"unit":"","value":"none"},"concentration":{"unit":"","value":"7.4"},"conc_unit":{"unit":"","value":"mg\/ml"},"quantity":{"unit":"mol%","value":"10"}}],"antisolvent":[{"material":{"unit":"","value":"Anisole"},"quantity":{"unit":"ul","value":"300"},"dripping_time":{"unit":"s","value":"25"}}],"spin_coating":[{"type":{"unit":"","value":"drop&run"},"rpm":{"unit":"","value":"4000"},"time":{"unit":"s","value":"30"}}],"annealing":[{"temperature":{"unit":"oC","value":"75"},"time":{"unit":"m","value":"1"}},{"temperature":{"unit":"oC","value":"120"},"time":{"unit":"m","value":"10"}}],"atmosphere":[{"type":{"unit":"","value":"N2"},"temperature":{"unit":"oC","value":"25"},"humidity":{"unit":"RH%","value":"0"}}]}},{"etl":[{"material":{"unit":"","value":"C60"},"concentration":{"unit":"","value":"None"},"conc_unit":{"unit":"","value":"mg\/ml"},"quantity":{"unit":"ml","value":"None"}}],"thermal_evaporation":[{"vacuum_evaporation_thickness":{"unit":"nm","value":"23"},"evaporation_rate":{"unit":"\u00c5\/s","value":"0.1"},"vacuum_pressure":{"unit":"uTorr","value":"3"}}]},{"etl":[{"material":{"unit":"","value":"SnO2"},"concentration":{"unit":"","value":"15"},"conc_unit":{"unit":"","value":"mg\/ml"},"quantity":{"unit":"ml","value":"None"}}],"solvent":[{"material":{"unit":"","value":"TFE"},"volume":{"unit":"ml","value":"1"}}],"spin_coating":[{"type":{"unit":"","value":"drop&run"},"rpm":{"unit":"","value":"3000"},"time":{"unit":"s","value":"30"}}],"annealing":[{"temperature":{"unit":"oC","value":"100"},"time":{"unit":"m","value":"5"}}]},{"anode_metal":{"unit":"","value":"Cu"}},{"note":{"unit":"","value":"221018 C60 \/ t-SnO2 \/ Cu"},"ar":{"unit":"","value":"0"},"type":{"unit":"","value":"unit_cell"},"device_type":{"unit":"","value":"p-i-n"},"temperature":{"unit":"\u2103","value":"25"},"humidity":{"unit":"%","value":"30"},"cell_dimension":{"unit":"cm2","value":"0.04"}}],"fileinfo":[{"key":"422101809","uploadType":"JV","original_name":"422101809.xlsx","save_name":"CAU-SC-00537\/422101809","uploader":71,"fileType":"group"}],"jvcnt":16,"updated_at":"2024-06-03 08:38:35","created_at":"2023-10-19 14:56:52","analysisInfo":{"JV":[{"efficiency":7.563599999999999,"fill_factor":46.17470931912195,"jsc":18.595,"voc":0.8809032258064516,"key":"reverse_8_422101809","cell_dimension":null},{"efficiency":7.4487499999999995,"fill_factor":45.23674074540389,"jsc":19.1875,"voc":0.8581707317073171,"key":"reverse_7_422101809","cell_dimension":null},{"efficiency":7.921875,"fill_factor":44.6292333888777,"jsc":19.70875,"voc":0.9006363636363636,"key":"reverse_6_422101809","cell_dimension":null},{"efficiency":7.953749999999999,"fill_factor":45.310931849791366,"jsc":19.53125,"voc":0.89875,"key":"reverse_5_422101809","cell_dimension":null},{"efficiency":8.229,"fill_factor":44.93692775360867,"jsc":20.05,"voc":0.9133333333333334,"key":"reverse_4_422101809","cell_dimension":null},{"efficiency":7.00925,"fill_factor":44.25285097615283,"jsc":17.141875,"voc":0.924,"key":"reverse_3_422101809","cell_dimension":null},{"efficiency":7.413525,"fill_factor":44.24165480663298,"jsc":17.408749999999998,"voc":0.9625555555555555,"key":"reverse_2_422101809","cell_dimension":null},{"efficiency":8.43465,"fill_factor":43.62176383206851,"jsc":17.755625,"voc":1.089,"key":"reverse_1_422101809","cell_dimension":null},{"efficiency":8.2895,"fill_factor":48.001177421968656,"jsc":18.79375,"voc":0.9188888888888889,"key":"forward_8_422101809","cell_dimension":null},{"efficiency":7.96125,"fill_factor":45.24446145861904,"jsc":19.43125,"voc":0.9055555555555557,"key":"forward_7_422101809","cell_dimension":null},{"efficiency":8.7725,"fill_factor":46.832643834206834,"jsc":19.918750000000003,"voc":0.9403999999999999,"key":"forward_6_422101809","cell_dimension":null},{"efficiency":8.621250000000002,"fill_factor":46.19102050721524,"jsc":19.79375,"voc":0.9429411764705881,"key":"forward_5_422101809","cell_dimension":null},{"efficiency":9.130249999999998,"fill_factor":47.2710210817545,"jsc":20.331249999999997,"voc":0.95,"key":"forward_4_422101809","cell_dimension":null},{"efficiency":7.796250000000001,"fill_factor":46.80534918276375,"jsc":17.325,"voc":0.9614285714285714,"key":"forward_3_422101809","cell_dimension":null},{"efficiency":8.03875,"fill_factor":46.466091530469214,"jsc":17.474999999999998,"voc":0.99,"key":"forward_2_422101809","cell_dimension":null},{"efficiency":8.58375,"fill_factor":45.147780579288046,"jsc":17.768749999999997,"voc":1.07,"key":"forward_1_422101809","cell_dimension":null}]},"public":2,"analysis":{"JV":[{"V":{"unit":"V","value":[0.928,0.888,0.848,0.808,0.768,0.728,0.688,0.648,0.608,0.568,0.528,0.488,0.448,0.408,0.368,0.328,0.288,0.248,0.208,0.168,0.128,0.088,0.048,0.008,-0.032]},"J":{"unit":"A\/cm2","value":[-0.0012250000000000002,-0.00027499999999999996,0.0012749999999999999,0.0032749999999999997,0.00535,0.0072499999999999995,0.008924999999999999,0.01045,0.011899999999999999,0.01315,0.014325,0.01525,0.015975,0.016525,0.01705,0.017325,0.017599999999999998,0.017875,0.01795,0.018125,0.018275,0.018375,0.018449999999999998,0.0186,0.018574999999999998]},"I":{"unit":"A","value":[-4.9000000000000005e-5,-1.1e-5,5.1e-5,0.000131,0.000214,0.00029,0.000357,0.00041799999999999997,0.00047599999999999997,0.000526,0.0005729999999999999,0.00061,0.000639,0.000661,0.0006820000000000001,0.0006929999999999999,0.000704,0.0007149999999999999,0.000718,0.000725,0.000731,0.000735,0.0007379999999999999,0.000744,0.000743]},"efficiency":{"unit":"%","value":7.563599999999999},"fill_factor":{"unit":"%","value":46.17470931912195},"jsc":{"unit":"mA\/cm2","value":18.595},"isc":{"unit":"mA","value":0.7438},"voc":{"unit":"V","value":0.8809032258064516},"sweep_direction":{"unit":"","value":"Reverse"},"key":"reverse_8_422101809"},{"V":{"unit":"V","value":[0.905,0.865,0.825,0.785,0.745,0.705,0.665,0.625,0.585,0.545,0.505,0.465,0.425,0.385,0.345,0.305,0.265,0.225,0.185,0.145,0.105,0.065,0.025,-0.015]},"J":{"unit":"A\/cm2","value":[-0.00075,-0.000175,0.0008500000000000001,0.002375,0.0042250000000000005,0.00625,0.00825,0.01025,0.012,0.013475,0.014749999999999997,0.015725,0.016475,0.0171,0.017525,0.017825,0.01815,0.018375,0.0185,0.018725,0.018824999999999998,0.018949999999999998,0.019125,0.019225000000000003]},"I":{"unit":"A","value":[-2.9999999999999997e-5,-7.0e-6,3.4e-5,9.5e-5,0.00016900000000000002,0.00025,0.00033,0.00041,0.00047999999999999996,0.000539,0.0005899999999999999,0.000629,0.0006590000000000001,0.000684,0.0007009999999999999,0.000713,0.000726,0.000735,0.00074,0.000749,0.000753,0.000758,0.0007650000000000001,0.000769]},"efficiency":{"unit":"%","value":7.4487499999999995},"fill_factor":{"unit":"%","value":45.23674074540389},"jsc":{"unit":"mA\/cm2","value":19.1875},"isc":{"unit":"mA","value":0.7675000000000001},"voc":{"unit":"V","value":0.8581707317073171},"sweep_direction":{"unit":"","value":"Reverse"},"key":"reverse_7_422101809"},{"V":{"unit":"V","value":[0.947,0.907,0.867,0.827,0.787,0.747,0.707,0.667,0.627,0.587,0.547,0.507,0.467,0.427,0.387,0.347,0.307,0.267,0.227,0.187,0.147,0.107,0.067,0.027,-0.013]},"J":{"unit":"A\/cm2","value":[-0.00075,-0.000175,0.0009249999999999999,0.0025749999999999996,0.004475,0.00635,0.0081,0.009775,0.011474999999999999,0.013025,0.014374999999999999,0.015625,0.016550000000000002,0.017275,0.0179,0.0183,0.0186,0.018875,0.019100000000000002,0.0192,0.019425,0.01945,0.019575,0.019675,0.019725000000000003]},"I":{"unit":"A","value":[-2.9999999999999997e-5,-7.0e-6,3.7e-5,0.000103,0.000179,0.000254,0.000324,0.000391,0.00045900000000000004,0.000521,0.000575,0.000625,0.000662,0.000691,0.000716,0.000732,0.000744,0.000755,0.000764,0.000768,0.000777,0.000778,0.0007830000000000001,0.000787,0.000789]},"efficiency":{"unit":"%","value":7.921875},"fill_factor":{"unit":"%","value":44.6292333888777},"jsc":{"unit":"mA\/cm2","value":19.70875},"isc":{"unit":"mA","value":0.78835},"voc":{"unit":"V","value":0.9006363636363636},"sweep_direction":{"unit":"","value":"Reverse"},"key":"reverse_6_422101809"},{"V":{"unit":"V","value":[0.945,0.905,0.865,0.825,0.785,0.745,0.705,0.665,0.625,0.585,0.545,0.505,0.465,0.425,0.385,0.345,0.305,0.265,0.225,0.185,0.145,0.105,0.065,0.025,-0.015]},"J":{"unit":"A\/cm2","value":[-0.000475,-0.000125,0.0006749999999999999,0.0020499999999999997,0.0038,0.005725000000000001,0.0076749999999999995,0.009625,0.0115,0.013175000000000001,0.014549999999999999,0.01575,0.01665,0.01725,0.017825,0.01815,0.018449999999999998,0.018725,0.0189,0.019,0.0192,0.019325,0.019375,0.0195,0.01955]},"I":{"unit":"A","value":[-1.9e-5,-5.0e-6,2.7e-5,8.2e-5,0.000152,0.000229,0.000307,0.00038500000000000003,0.00046,0.000527,0.0005819999999999999,0.00063,0.000666,0.00069,0.000713,0.000726,0.0007379999999999999,0.000749,0.000756,0.00076,0.000768,0.000773,0.000775,0.00078,0.000782]},"efficiency":{"unit":"%","value":7.953749999999999},"fill_factor":{"unit":"%","value":45.310931849791366},"jsc":{"unit":"mA\/cm2","value":19.53125},"isc":{"unit":"mA","value":0.78125},"voc":{"unit":"V","value":0.89875},"sweep_direction":{"unit":"","value":"Reverse"},"key":"reverse_5_422101809"},{"V":{"unit":"V","value":[0.96,0.92,0.88,0.84,0.8,0.76,0.72,0.68,0.64,0.6,0.56,0.52,0.48,0.44,0.4,0.36,0.32,0.28,0.24,0.2,0.16,0.12,0.08,0.04,0,-0.04]},"J":{"unit":"A\/cm2","value":[-0.0007,-0.000175,0.0008750000000000001,0.002525,0.0045,0.006475,0.0083,0.01005,0.011749999999999998,0.01325,0.014674999999999999,0.015825,0.016775,0.017525,0.01815,0.018525,0.018824999999999998,0.019175,0.019325,0.0195,0.0197,0.019775,0.019875,0.020050000000000002,0.020050000000000002,0.02015]},"I":{"unit":"A","value":[-2.8e-5,-7.0e-6,3.5000000000000004e-5,0.000101,0.00017999999999999998,0.000259,0.000332,0.000402,0.00047,0.00053,0.000587,0.000633,0.000671,0.0007009999999999999,0.000726,0.000741,0.000753,0.000767,0.000773,0.00078,0.0007880000000000001,0.000791,0.000795,0.0008020000000000001,0.0008020000000000001,0.0008060000000000001]},"efficiency":{"unit":"%","value":8.229},"fill_factor":{"unit":"%","value":44.93692775360867},"jsc":{"unit":"mA\/cm2","value":20.05},"isc":{"unit":"mA","value":0.802},"voc":{"unit":"V","value":0.9133333333333334},"sweep_direction":{"unit":"","value":"Reverse"},"key":"reverse_4_422101809"},{"V":{"unit":"V","value":[0.969,0.929,0.889,0.849,0.809,0.769,0.729,0.689,0.649,0.609,0.569,0.529,0.489,0.449,0.409,0.369,0.329,0.289,0.249,0.209,0.169,0.129,0.089,0.049,0.009,-0.031]},"J":{"unit":"A\/cm2","value":[-0.00022499999999999997,-5.0e-5,0.00035,0.0012,0.0025999999999999994,0.0043,0.0060999999999999995,0.007875,0.009525,0.011,0.012275000000000001,0.01325,0.014124999999999999,0.014749999999999997,0.015224999999999999,0.015625,0.015925,0.016175000000000002,0.01635,0.0166,0.016675000000000002,0.016825,0.016975,0.017,0.017125,0.0172]},"I":{"unit":"A","value":[-8.999999999999999e-6,-2.0e-6,1.4e-5,4.8e-5,0.000104,0.00017199999999999998,0.000244,0.000315,0.000381,0.00044,0.000491,0.00053,0.000565,0.0005899999999999999,0.000609,0.000625,0.000637,0.000647,0.0006540000000000001,0.000664,0.0006670000000000001,0.0006730000000000001,0.000679,0.00068,0.0006850000000000001,0.0006879999999999999]},"efficiency":{"unit":"%","value":7.00925},"fill_factor":{"unit":"%","value":44.25285097615283},"jsc":{"unit":"mA\/cm2","value":17.141875},"isc":{"unit":"mA","value":0.685675},"voc":{"unit":"V","value":0.924},"sweep_direction":{"unit":"","value":"Reverse"},"key":"reverse_3_422101809"},{"V":{"unit":"V","value":[1.007,0.967,0.927,0.887,0.847,0.807,0.767,0.727,0.687,0.647,0.607,0.567,0.527,0.487,0.447,0.407,0.367,0.327,0.287,0.247,0.207,0.167,0.127,0.087,0.047,0.007,-0.033]},"J":{"unit":"A\/cm2","value":[-0.0001,-2.5e-5,0.0002,0.00075,0.001875,0.0035000000000000005,0.005399999999999999,0.007225,0.008975,0.010575,0.011949999999999999,0.013075000000000002,0.014025000000000001,0.014749999999999997,0.015274999999999999,0.015775,0.016075,0.01635,0.0166,0.01675,0.016900000000000002,0.017025000000000002,0.017150000000000002,0.017224999999999997,0.017349999999999997,0.0174,0.01745]},"I":{"unit":"A","value":[-4.0e-6,-1.0e-6,8.0e-6,2.9999999999999997e-5,7.5e-5,0.00014000000000000001,0.000216,0.000289,0.000359,0.000423,0.00047799999999999996,0.000523,0.0005610000000000001,0.0005899999999999999,0.000611,0.000631,0.000643,0.0006540000000000001,0.000664,0.00067,0.0006760000000000001,0.0006810000000000001,0.0006860000000000001,0.0006889999999999999,0.000694,0.000696,0.0006979999999999999]},"efficiency":{"unit":"%","value":7.413525},"fill_factor":{"unit":"%","value":44.24165480663298},"jsc":{"unit":"mA\/cm2","value":17.408749999999998},"isc":{"unit":"mA","value":0.6963499999999999},"voc":{"unit":"V","value":0.9625555555555555},"sweep_direction":{"unit":"","value":"Reverse"},"key":"reverse_2_422101809"},{"V":{"unit":"V","value":[1.089,1.049,1.009,0.969,0.929,0.889,0.849,0.809,0.769,0.729,0.689,0.649,0.609,0.569,0.529,0.489,0.449,0.409,0.369,0.329,0.289,0.249,0.209,0.169,0.129,0.089,0.049,0.009,-0.031]},"J":{"unit":"A\/cm2","value":[0,0,5.0e-5,0.00022499999999999997,0.0007,0.0017999999999999997,0.00365,0.005974999999999999,0.008275000000000001,0.010199999999999999,0.0117,0.012875,0.013850000000000001,0.0146,0.015274999999999999,0.015825,0.016175000000000002,0.016575,0.016825,0.017,0.0172,0.017325,0.0174,0.017549999999999996,0.017599999999999998,0.01765,0.017724999999999998,0.01775,0.017775]},"I":{"unit":"A","value":[0,0,2.0e-6,8.999999999999999e-6,2.8e-5,7.199999999999999e-5,0.000146,0.00023899999999999998,0.000331,0.000408,0.00046800000000000005,0.000515,0.000554,0.000584,0.000611,0.000633,0.000647,0.0006630000000000001,0.0006730000000000001,0.00068,0.0006879999999999999,0.0006929999999999999,0.000696,0.0007019999999999999,0.000704,0.0007059999999999999,0.000709,0.0007099999999999999,0.0007109999999999999]},"efficiency":{"unit":"%","value":8.43465},"fill_factor":{"unit":"%","value":43.62176383206851},"jsc":{"unit":"mA\/cm2","value":17.755625},"isc":{"unit":"mA","value":0.7102249999999999},"voc":{"unit":"V","value":1.089},"sweep_direction":{"unit":"","value":"Reverse"},"key":"reverse_1_422101809"},{"V":{"unit":"V","value":[-0.05,-0.01,0.03,0.07,0.11,0.15,0.19,0.23,0.27,0.31,0.35,0.39,0.43,0.47,0.51,0.55,0.59,0.63,0.67,0.71,0.75,0.79,0.83,0.87,0.91,0.95]},"J":{"unit":"A\/cm2","value":[0.019100000000000002,0.018824999999999998,0.018699999999999998,0.01865,0.01855,0.0184,0.018325,0.018175,0.018,0.017849999999999998,0.01765,0.01725,0.01695,0.016425000000000002,0.01575,0.015,0.01405,0.0129,0.011525,0.009875,0.007875,0.0056500000000000005,0.003375,0.001425,0.00015,-0.0005250000000000001]},"I":{"unit":"A","value":[0.000764,0.000753,0.000748,0.000746,0.000742,0.000736,0.000733,0.000727,0.0007199999999999999,0.000714,0.0007059999999999999,0.00069,0.000678,0.000657,0.00063,0.0006,0.0005620000000000001,0.000516,0.00046100000000000004,0.000395,0.000315,0.00022600000000000002,0.000135,5.7e-5,6.0e-6,-2.1000000000000002e-5]},"efficiency":{"unit":"%","value":8.2895},"fill_factor":{"unit":"%","value":48.001177421968656},"jsc":{"unit":"mA\/cm2","value":18.79375},"isc":{"unit":"mA","value":0.7517499999999999},"voc":{"unit":"V","value":0.9188888888888889},"sweep_direction":{"unit":"","value":"Forward"},"key":"forward_8_422101809"},{"V":{"unit":"V","value":[-0.05,-0.01,0.03,0.07,0.11,0.15,0.19,0.23,0.27,0.31,0.35,0.39,0.43,0.47,0.51,0.55,0.59,0.63,0.67,0.71,0.75,0.79,0.83,0.87,0.91,0.95]},"J":{"unit":"A\/cm2","value":[0.01955,0.019475000000000003,0.0193,0.019225000000000003,0.019100000000000002,0.0189,0.018824999999999998,0.018675,0.018425,0.0182,0.017924999999999996,0.0175,0.017,0.016399999999999998,0.0155,0.014474999999999998,0.01315,0.011525,0.009699999999999999,0.00765,0.005575,0.0035249999999999995,0.001825,0.0006,-7.5e-5,-0.0004]},"I":{"unit":"A","value":[0.000782,0.0007790000000000001,0.000772,0.000769,0.000764,0.000756,0.000753,0.000747,0.000737,0.000728,0.000717,0.0007,0.00068,0.000656,0.00062,0.000579,0.000526,0.00046100000000000004,0.000388,0.000306,0.000223,0.00014099999999999998,7.3e-5,2.4e-5,-3.0e-6,-1.6e-5]},"efficiency":{"unit":"%","value":7.96125},"fill_factor":{"unit":"%","value":45.24446145861904},"jsc":{"unit":"mA\/cm2","value":19.43125},"isc":{"unit":"mA","value":0.77725},"voc":{"unit":"V","value":0.9055555555555557},"sweep_direction":{"unit":"","value":"Forward"},"key":"forward_7_422101809"},{"V":{"unit":"V","value":[-0.05,-0.01,0.03,0.07,0.11,0.15,0.19,0.23,0.27,0.31,0.35,0.39,0.43,0.47,0.51,0.55,0.59,0.63,0.67,0.71,0.75,0.79,0.83,0.87,0.91,0.95,0.99]},"J":{"unit":"A\/cm2","value":[0.02015,0.019925000000000002,0.0199,0.0198,0.0197,0.019625,0.0195,0.019350000000000003,0.019274999999999997,0.01905,0.018775,0.0185,0.01805,0.017525,0.016900000000000002,0.01595,0.01485,0.013550000000000001,0.011975,0.010174999999999998,0.008199999999999999,0.0059499999999999996,0.00365,0.0017250000000000002,0.000475,-0.00015,-0.00042500000000000003]},"I":{"unit":"A","value":[0.0008060000000000001,0.0007970000000000001,0.000796,0.0007920000000000001,0.0007880000000000001,0.000785,0.00078,0.0007740000000000001,0.000771,0.000762,0.000751,0.00074,0.000722,0.0007009999999999999,0.0006760000000000001,0.000638,0.000594,0.0005420000000000001,0.000479,0.00040699999999999997,0.000328,0.00023799999999999998,0.000146,6.900000000000001e-5,1.9e-5,-6.0e-6,-1.7e-5]},"efficiency":{"unit":"%","value":8.7725},"fill_factor":{"unit":"%","value":46.832643834206834},"jsc":{"unit":"mA\/cm2","value":19.918750000000003},"isc":{"unit":"mA","value":0.7967500000000001},"voc":{"unit":"V","value":0.9403999999999999},"sweep_direction":{"unit":"","value":"Forward"},"key":"forward_6_422101809"},{"V":{"unit":"V","value":[-0.05,-0.01,0.03,0.07,0.11,0.15,0.19,0.23,0.27,0.31,0.35,0.39,0.43,0.47,0.51,0.55,0.59,0.63,0.67,0.71,0.75,0.79,0.83,0.87,0.91,0.95,0.99]},"J":{"unit":"A\/cm2","value":[0.019875,0.019825,0.0197,0.019625,0.019524999999999997,0.019425,0.019274999999999997,0.019225000000000003,0.019025,0.018775,0.018574999999999998,0.018275,0.017849999999999998,0.017349999999999997,0.016625,0.015674999999999998,0.014549999999999999,0.013125,0.0114,0.009474999999999999,0.00735,0.0050999999999999995,0.0029749999999999998,0.0012999999999999997,0.00035,-7.5e-5,-0.00025]},"I":{"unit":"A","value":[0.000795,0.0007930000000000001,0.0007880000000000001,0.000785,0.000781,0.000777,0.000771,0.000769,0.000761,0.000751,0.000743,0.000731,0.000714,0.000694,0.000665,0.000627,0.0005819999999999999,0.0005250000000000001,0.000456,0.000379,0.000294,0.000204,0.00011899999999999999,5.2e-5,1.4e-5,-3.0e-6,-1.0e-5]},"efficiency":{"unit":"%","value":8.621250000000002},"fill_factor":{"unit":"%","value":46.19102050721524},"jsc":{"unit":"mA\/cm2","value":19.79375},"isc":{"unit":"mA","value":0.79175},"voc":{"unit":"V","value":0.9429411764705881},"sweep_direction":{"unit":"","value":"Forward"},"key":"forward_5_422101809"},{"V":{"unit":"V","value":[-0.05,-0.01,0.03,0.07,0.11,0.15,0.19,0.23,0.27,0.31,0.35,0.39,0.43,0.47,0.51,0.55,0.59,0.63,0.67,0.71,0.75,0.79,0.83,0.87,0.91,0.95,0.99]},"J":{"unit":"A\/cm2","value":[0.020474999999999997,0.020349999999999997,0.020275,0.02015,0.0201,0.02,0.019825,0.01975,0.019600000000000003,0.019399999999999997,0.019175,0.018875,0.018475,0.018,0.017349999999999997,0.016475,0.015475,0.014199999999999999,0.01265,0.010924999999999999,0.008899999999999998,0.006575,0.004200000000000001,0.002125,0.0007,0,-0.00032499999999999993]},"I":{"unit":"A","value":[0.000819,0.0008139999999999999,0.0008110000000000001,0.0008060000000000001,0.000804,0.0008,0.0007930000000000001,0.00079,0.0007840000000000001,0.000776,0.000767,0.000755,0.000739,0.0007199999999999999,0.000694,0.0006590000000000001,0.000619,0.0005679999999999999,0.000506,0.000437,0.000356,0.000263,0.00016800000000000002,8.5e-5,2.8e-5,0,-1.3e-5]},"efficiency":{"unit":"%","value":9.130249999999998},"fill_factor":{"unit":"%","value":47.2710210817545},"jsc":{"unit":"mA\/cm2","value":20.331249999999997},"isc":{"unit":"mA","value":0.8132499999999999},"voc":{"unit":"V","value":0.95},"sweep_direction":{"unit":"","value":"Forward"},"key":"forward_4_422101809"},{"V":{"unit":"V","value":[-0.05,-0.01,0.03,0.07,0.11,0.15,0.19,0.23,0.27,0.31,0.35,0.39,0.43,0.47,0.51,0.55,0.59,0.63,0.67,0.71,0.75,0.79,0.83,0.87,0.91,0.95,0.99]},"J":{"unit":"A\/cm2","value":[0.01745,0.017349999999999997,0.01725,0.0172,0.017150000000000002,0.0171,0.017025000000000002,0.016825,0.0167,0.01665,0.01635,0.0161,0.015825,0.015349999999999999,0.014874999999999998,0.014174999999999998,0.013200000000000002,0.012,0.0106,0.00885,0.006900000000000001,0.004849999999999999,0.002875,0.001375,0.00044999999999999993,5.0e-5,-0.000125]},"I":{"unit":"A","value":[0.0006979999999999999,0.000694,0.00069,0.0006879999999999999,0.0006860000000000001,0.000684,0.0006810000000000001,0.0006730000000000001,0.0006680000000000001,0.000666,0.0006540000000000001,0.000644,0.000633,0.000614,0.0005949999999999999,0.0005669999999999999,0.000528,0.00047999999999999996,0.000424,0.000354,0.00027600000000000004,0.000194,0.000115,5.5e-5,1.7999999999999997e-5,2.0e-6,-5.0e-6]},"efficiency":{"unit":"%","value":7.796250000000001},"fill_factor":{"unit":"%","value":46.80534918276375},"jsc":{"unit":"mA\/cm2","value":17.325},"isc":{"unit":"mA","value":0.693},"voc":{"unit":"V","value":0.9614285714285714},"sweep_direction":{"unit":"","value":"Forward"},"key":"forward_3_422101809"},{"V":{"unit":"V","value":[-0.05,-0.01,0.03,0.07,0.11,0.15,0.19,0.23,0.27,0.31,0.35,0.39,0.43,0.47,0.51,0.55,0.59,0.63,0.67,0.71,0.75,0.79,0.83,0.87,0.91,0.95,0.99,1.03]},"J":{"unit":"A\/cm2","value":[0.017625,0.0175,0.0174,0.01745,0.017325,0.017275,0.017175,0.017,0.016925,0.016800000000000002,0.0166,0.016375,0.016125,0.015674999999999998,0.0152,0.014549999999999999,0.013625,0.012549999999999999,0.011125,0.0094,0.007525,0.00545,0.003375,0.0017250000000000002,0.0006749999999999999,0.0002,0,-5.0e-5]},"I":{"unit":"A","value":[0.000705,0.0007,0.000696,0.0006979999999999999,0.0006929999999999999,0.000691,0.000687,0.00068,0.0006770000000000001,0.0006720000000000001,0.000664,0.000655,0.0006450000000000001,0.000627,0.000608,0.0005819999999999999,0.000545,0.000502,0.00044500000000000003,0.000376,0.000301,0.00021799999999999999,0.000135,6.900000000000001e-5,2.7e-5,8.0e-6,0,-2.0e-6]},"efficiency":{"unit":"%","value":8.03875},"fill_factor":{"unit":"%","value":46.466091530469214},"jsc":{"unit":"mA\/cm2","value":17.474999999999998},"isc":{"unit":"mA","value":0.699},"voc":{"unit":"V","value":0.99},"sweep_direction":{"unit":"","value":"Forward"},"key":"forward_2_422101809"},{"V":{"unit":"V","value":[-0.05,-0.01,0.03,0.07,0.11,0.15,0.19,0.23,0.27,0.31,0.35,0.39,0.43,0.47,0.51,0.55,0.59,0.63,0.67,0.71,0.75,0.79,0.83,0.87,0.91,0.95,0.99,1.03,1.07,1.11]},"J":{"unit":"A\/cm2","value":[0.017974999999999998,0.017775,0.01775,0.017674999999999996,0.017599999999999998,0.017525,0.017424999999999996,0.0174,0.017224999999999997,0.017150000000000002,0.016925,0.016725,0.016525,0.016175000000000002,0.015725,0.015224999999999999,0.014524999999999998,0.013625,0.012575,0.01115,0.009325,0.007149999999999999,0.0047,0.0025999999999999994,0.001125,0.0004,0.0001,2.5e-5,0,-2.5e-5]},"I":{"unit":"A","value":[0.000719,0.0007109999999999999,0.0007099999999999999,0.000707,0.000704,0.0007009999999999999,0.0006969999999999999,0.000696,0.0006889999999999999,0.0006860000000000001,0.0006770000000000001,0.000669,0.000661,0.000647,0.000629,0.000609,0.0005809999999999999,0.000545,0.000503,0.000446,0.000373,0.00028599999999999996,0.000188,0.000104,4.4999999999999996e-5,1.6e-5,4.0e-6,1.0e-6,0,-1.0e-6]},"efficiency":{"unit":"%","value":8.58375},"fill_factor":{"unit":"%","value":45.147780579288046},"jsc":{"unit":"mA\/cm2","value":17.768749999999997},"isc":{"unit":"mA","value":0.7107499999999999},"voc":{"unit":"V","value":1.07},"sweep_direction":{"unit":"","value":"Forward"},"key":"forward_1_422101809"}]}}