{"_id":"652fd1d85d0e997149349c99","id":"CAU-SC-00386","author":70,"group":7,"input":[{"tco":{"unit":"","value":"ITO"}},[],{"etl":[{"material":{"unit":"","value":"SnO2"},"concentration":{"unit":"","value":"1.5"},"conc_unit":{"unit":"","value":"wt%"},"quantity":{"unit":"ml","value":"0.3"}}],"solvent":[{"material":{"unit":"","value":"DI Water"},"volume":{"unit":"ml","value":"2.7"}}],"spin_coating":[{"type":{"unit":"","value":"drop&run"},"rpm":{"unit":"","value":"3000"},"time":{"unit":"s","value":"30"}}],"vacuum_suction":[{"unit":"s","value":"0"}],"annealing":[{"temperature":{"unit":"oC","value":"170"},"time":{"unit":"m","value":"30"}}]},{"etl":[{"material":{"unit":"","value":"ZnO"},"concentration":{"unit":"","value":"109.75"},"conc_unit":{"unit":"","value":"mg\/ml"},"quantity":{"unit":"ml","value":"1"}}],"solvent":[{"material":{"unit":"","value":"2-ME"},"volume":{"unit":"ml","value":"2"}},{"material":{"unit":"","value":"Ethanolamine"},"volume":{"unit":"ml","value":"0.067"}}],"spin_coating":[{"type":{"unit":"","value":"drop&run"},"rpm":{"unit":"","value":"5000"},"time":{"unit":"s","value":"30"}}],"vacuum_suction":[{"unit":"s","value":"0"}],"annealing":[{"temperature":{"unit":"oC","value":"170"},"time":{"unit":"m","value":"30"}}]},[],{"perovskite":{"method":{"unit":"","value":"1step"},"molarity":{"unit":"M","value":"1.2"},"a_site":[{"material":{"unit":"","value":"Cs"},"ratio":{"unit":"","value":"105"}}],"b_site":[{"material":{"unit":"","value":"Pb"},"ratio":{"unit":"","value":"100"}}],"x_site":[{"material":{"unit":"","value":"I"},"ratio":{"unit":"","value":"67"}},{"material":{"unit":"","value":"Br"},"ratio":{"unit":"","value":"33"}}],"solvent":[{"material":{"unit":"","value":"DMSO"},"volume":{"unit":"ml","value":"0.7"}},{"material":{"unit":"","value":"DMF"},"volume":{"unit":"ml","value":"0.3"}}],"stirring_time":[{"unit":"m","value":"120"}],"spin_coating":[{"type":{"unit":"","value":"drop&run"},"rpm":{"unit":"","value":"3000"},"time":{"unit":"s","value":"43"}}],"annealing":[{"temperature":{"unit":"oC","value":"235"},"time":{"unit":"m","value":"10"}}],"atmosphere":[{"type":{"unit":"","value":"air"},"temperature":{"unit":"oC","value":"20"},"humidity":{"unit":"RH%","value":"38"}}],"assist":[{"type":{"unit":"","value":"hot air assist"},"temperature":{"unit":"oC","value":"230"},"assist_start_time":{"value":8,"unit":"s"},"total_assist_time":{"value":"0.233","unit":"s"}}],"additive":[{"material":{"unit":"","value":"CH2I2"},"solvent":{"unit":"","value":null},"concentration":{"unit":"","value":"100 uL"},"conc_unit":{"unit":"","value":null},"quantity":{"unit":"mol%","value":null}}]}},[],{"htl":[{"material":{"unit":"","value":"P3HT"},"concentration":{"unit":"","value":"10"},"conc_unit":{"unit":"","value":"mg\/ml"},"quantity":{"unit":"ml","value":"0.1"}}],"solvent":[{"material":{"unit":"","value":"CB"},"volume":{"unit":"ml","value":"1"}}],"spin_coating":[{"type":{"unit":"","value":"drop&run"},"rpm":{"unit":"","value":"3000"},"time":{"unit":"s","value":"30"}}],"vacuum_suction":[{"unit":"s","value":"0"}],"annealing":[{"temperature":{"unit":"oC","value":"100"},"time":{"unit":"m","value":"5"}}]},{"anode_metal":{"unit":"","value":"Au"}},{"note":{"unit":"","value":"CsPbI2Br+100uL Ch2I2_722041409"},"ar":{"unit":"","value":"0"},"type":{"unit":"","value":"unit_cell"},"device_type":{"unit":"","value":"n-i-p"},"temperature":{"unit":"\u2103","value":"20"},"humidity":{"unit":"%","value":"38"},"cell_dimension":{"unit":"cm2","value":"0.04"}}],"fileinfo":[{"key":"CsPbI2Br+100uL Ch2I2_722041409","uploadType":"JV","original_name":"CsPbI2Br+100uL Ch2I2_722041409.xlsx","save_name":"CAU-SC-00386\/CsPbI2Br+100uL Ch2I2_722041409","uploader":70,"fileType":"group"}],"jvcnt":14,"updated_at":"2024-06-03 08:38:34","created_at":"2023-10-18 12:38:48","analysisInfo":{"JV":[{"efficiency":14.909999999999998,"fill_factor":79.22554779823696,"jsc":15.706249999999999,"voc":1.1982291666666667,"key":"reverse_7_CsPbI2Br+100uL Ch2I2_722041409","cell_dimension":null},{"efficiency":12.487124999999999,"fill_factor":69.54840302988607,"jsc":15.046875000000002,"voc":1.1932432432432432,"key":"reverse_6_CsPbI2Br+100uL Ch2I2_722041409","cell_dimension":null},{"efficiency":14.5439,"fill_factor":81.02191950080238,"jsc":14.957499999999998,"voc":1.2001052631578948,"key":"reverse_5_CsPbI2Br+100uL Ch2I2_722041409","cell_dimension":null},{"efficiency":14.4417,"fill_factor":79.84250576936023,"jsc":14.98875,"voc":1.2067539936102236,"key":"reverse_4_CsPbI2Br+100uL Ch2I2_722041409","cell_dimension":null},{"efficiency":14.469750000000001,"fill_factor":82.29408224132334,"jsc":14.527499999999998,"voc":1.2103236994219653,"key":"reverse_3_CsPbI2Br+100uL Ch2I2_722041409","cell_dimension":null},{"efficiency":14.5928,"fill_factor":83.2321039237756,"jsc":14.361875,"voc":1.220777777777778,"key":"reverse_2_CsPbI2Br+100uL Ch2I2_722041409","cell_dimension":null},{"efficiency":14.892125,"fill_factor":82.62325135802507,"jsc":14.509374999999999,"voc":1.242240506329114,"key":"reverse_1_CsPbI2Br+100uL Ch2I2_722041409","cell_dimension":null},{"efficiency":13.4145,"fill_factor":73.63903041531574,"jsc":15.75,"voc":1.1566071428571427,"key":"forward_7_CsPbI2Br+100uL Ch2I2_722041409","cell_dimension":null},{"efficiency":12.08875,"fill_factor":69.55516074868622,"jsc":15.081249999999999,"voc":1.1524303797468352,"key":"forward_6_CsPbI2Br+100uL Ch2I2_722041409","cell_dimension":null},{"efficiency":13.191749999999999,"fill_factor":75.91571611728976,"jsc":14.98125,"voc":1.1599056603773585,"key":"forward_5_CsPbI2Br+100uL Ch2I2_722041409","cell_dimension":null},{"efficiency":13.24125,"fill_factor":75.31228497561595,"jsc":15.075,"voc":1.1662880886426592,"key":"forward_4_CsPbI2Br+100uL Ch2I2_722041409","cell_dimension":null},{"efficiency":13.068000000000001,"fill_factor":76.67510817952436,"jsc":14.537499999999998,"voc":1.1723708206686931,"key":"forward_3_CsPbI2Br+100uL Ch2I2_722041409","cell_dimension":null},{"efficiency":13.312750000000001,"fill_factor":78.13980260877132,"jsc":14.374999999999998,"voc":1.1851890034364259,"key":"forward_2_CsPbI2Br+100uL Ch2I2_722041409","cell_dimension":null},{"efficiency":13.596,"fill_factor":77.92227006050817,"jsc":14.549999999999999,"voc":1.1991860465116277,"key":"forward_1_CsPbI2Br+100uL Ch2I2_722041409","cell_dimension":null}]},"public":2,"analysis":{"JV":[{"V":{"unit":"V","value":[1.25,1.21,1.17,1.13,1.09,1.05,1.01,0.97,0.93,0.89,0.85,0.81,0.77,0.73,0.69,0.65,0.61,0.57,0.53,0.49,0.45,0.41,0.37,0.33,0.29,0.25,0.21,0.17,0.13,0.09,0.05,0.01,-0.03]},"J":{"unit":"A\/cm2","value":[-0.0188,-0.0028250000000000003,0.006775000000000001,0.011474999999999999,0.013425000000000001,0.014199999999999999,0.014649999999999998,0.01485,0.01495,0.01505,0.015075,0.015149999999999999,0.015274999999999999,0.015274999999999999,0.0153,0.015375,0.015325,0.015449999999999998,0.015425,0.015425,0.0155,0.015475,0.01555,0.015574999999999999,0.015574999999999999,0.015625,0.0156,0.015625,0.01565,0.0157,0.015725,0.0157,0.015725]},"I":{"unit":"A","value":[-0.000752,-0.00011300000000000001,0.00027100000000000003,0.00045900000000000004,0.000537,0.0005679999999999999,0.0005859999999999999,0.000594,0.000598,0.000602,0.000603,0.000606,0.000611,0.000611,0.000612,0.000615,0.0006129999999999999,0.000618,0.000617,0.000617,0.00062,0.000619,0.000622,0.000623,0.000623,0.000625,0.000624,0.000625,0.000626,0.000628,0.000629,0.000628,0.000629]},"efficiency":{"unit":"%","value":14.909999999999998},"fill_factor":{"unit":"%","value":79.22554779823696},"jsc":{"unit":"mA\/cm2","value":15.706249999999999},"isc":{"unit":"mA","value":0.62825},"voc":{"unit":"V","value":1.1982291666666667},"sweep_direction":{"unit":"","value":"Reverse"},"key":"reverse_7_CsPbI2Br+100uL Ch2I2_722041409"},{"V":{"unit":"V","value":[1.245,1.205,1.165,1.125,1.085,1.045,1.005,0.965,0.925,0.885,0.845,0.805,0.765,0.725,0.685,0.645,0.605,0.565,0.525,0.485,0.445,0.405,0.365,0.325,0.285,0.245,0.205,0.165,0.125,0.085,0.045,0.005,-0.035]},"J":{"unit":"A\/cm2","value":[-0.0135,-0.002175,0.005225,0.009224999999999999,0.01105,0.011924999999999998,0.012424999999999999,0.0127,0.013025,0.013200000000000002,0.0134,0.013575,0.0137,0.013825,0.013975000000000001,0.01405,0.014199999999999999,0.014299999999999998,0.014325,0.01445,0.014549999999999999,0.0146,0.0147,0.014725,0.014749999999999997,0.01485,0.014874999999999998,0.014899999999999998,0.01495,0.01495,0.015024999999999998,0.01505,0.015024999999999998]},"I":{"unit":"A","value":[-0.00054,-8.7e-5,0.00020899999999999998,0.00036899999999999997,0.000442,0.000477,0.000497,0.000508,0.000521,0.000528,0.000536,0.0005430000000000001,0.0005480000000000001,0.000553,0.000559,0.0005620000000000001,0.0005679999999999999,0.0005719999999999999,0.0005729999999999999,0.000578,0.0005819999999999999,0.000584,0.000588,0.000589,0.0005899999999999999,0.000594,0.0005949999999999999,0.000596,0.000598,0.000598,0.000601,0.000602,0.000601]},"efficiency":{"unit":"%","value":12.487124999999999},"fill_factor":{"unit":"%","value":69.54840302988607},"jsc":{"unit":"mA\/cm2","value":15.046875000000002},"isc":{"unit":"mA","value":0.601875},"voc":{"unit":"V","value":1.1932432432432432},"sweep_direction":{"unit":"","value":"Reverse"},"key":"reverse_6_CsPbI2Br+100uL Ch2I2_722041409"},{"V":{"unit":"V","value":[1.252,1.212,1.172,1.132,1.092,1.052,1.012,0.972,0.932,0.892,0.852,0.812,0.772,0.732,0.692,0.652,0.612,0.572,0.532,0.492,0.452,0.412,0.372,0.332,0.292,0.252,0.212,0.172,0.132,0.092,0.052,0.012,-0.028]},"J":{"unit":"A\/cm2","value":[-0.018625,-0.0028250000000000003,0.0066749999999999995,0.0112,0.013075000000000002,0.013825,0.014099999999999998,0.014299999999999998,0.014374999999999999,0.01445,0.014499999999999999,0.014499999999999999,0.014575,0.0146,0.014575,0.014649999999999998,0.014624999999999997,0.014674999999999999,0.014725,0.014725,0.014774999999999998,0.014774999999999998,0.014749999999999997,0.014825,0.014799999999999999,0.014825,0.014899999999999998,0.01485,0.014874999999999998,0.014924999999999999,0.014899999999999998,0.01495,0.014975]},"I":{"unit":"A","value":[-0.000745,-0.00011300000000000001,0.00026700000000000004,0.000448,0.000523,0.000553,0.0005639999999999999,0.0005719999999999999,0.000575,0.000578,0.00058,0.00058,0.000583,0.000584,0.000583,0.0005859999999999999,0.000585,0.000587,0.000589,0.000589,0.0005909999999999999,0.0005909999999999999,0.0005899999999999999,0.000593,0.000592,0.000593,0.000596,0.000594,0.0005949999999999999,0.000597,0.000596,0.000598,0.0005989999999999999]},"efficiency":{"unit":"%","value":14.5439},"fill_factor":{"unit":"%","value":81.02191950080238},"jsc":{"unit":"mA\/cm2","value":14.957499999999998},"isc":{"unit":"mA","value":0.5982999999999999},"voc":{"unit":"V","value":1.2001052631578948},"sweep_direction":{"unit":"","value":"Reverse"},"key":"reverse_5_CsPbI2Br+100uL Ch2I2_722041409"},{"V":{"unit":"V","value":[1.258,1.218,1.178,1.138,1.098,1.058,1.018,0.978,0.938,0.898,0.858,0.818,0.778,0.738,0.698,0.658,0.618,0.578,0.538,0.498,0.458,0.418,0.378,0.338,0.298,0.258,0.218,0.178,0.138,0.098,0.058,0.018,-0.022]},"J":{"unit":"A\/cm2","value":[-0.01295,-0.0021999999999999997,0.005625,0.01035,0.012625,0.01365,0.01415,0.014349999999999998,0.014474999999999998,0.014549999999999999,0.014575,0.014624999999999997,0.014624999999999997,0.014674999999999999,0.0147,0.014749999999999997,0.014774999999999998,0.014774999999999998,0.014774999999999998,0.014825,0.014799999999999999,0.014825,0.014899999999999998,0.014874999999999998,0.014874999999999998,0.014924999999999999,0.014899999999999998,0.014924999999999999,0.014975,0.014924999999999999,0.015,0.015,0.014975]},"I":{"unit":"A","value":[-0.000518,-8.8e-5,0.000225,0.000414,0.000505,0.000546,0.000566,0.000574,0.000579,0.0005819999999999999,0.000583,0.000585,0.000585,0.000587,0.000588,0.0005899999999999999,0.0005909999999999999,0.0005909999999999999,0.0005909999999999999,0.000593,0.000592,0.000593,0.000596,0.0005949999999999999,0.0005949999999999999,0.000597,0.000596,0.000597,0.0005989999999999999,0.000597,0.0006,0.0006,0.0005989999999999999]},"efficiency":{"unit":"%","value":14.4417},"fill_factor":{"unit":"%","value":79.84250576936023},"jsc":{"unit":"mA\/cm2","value":14.98875},"isc":{"unit":"mA","value":0.59955},"voc":{"unit":"V","value":1.2067539936102236},"sweep_direction":{"unit":"","value":"Reverse"},"key":"reverse_4_CsPbI2Br+100uL Ch2I2_722041409"},{"V":{"unit":"V","value":[1.262,1.222,1.182,1.142,1.102,1.062,1.022,0.982,0.942,0.902,0.862,0.822,0.782,0.742,0.702,0.662,0.622,0.582,0.542,0.502,0.462,0.422,0.382,0.342,0.302,0.262,0.222,0.182,0.142,0.102,0.062,0.022,-0.018]},"J":{"unit":"A\/cm2","value":[-0.015525,-0.002525,0.006125,0.01075,0.01275,0.013625,0.013925,0.014025000000000001,0.01415,0.014174999999999998,0.014224999999999998,0.014249999999999999,0.014199999999999999,0.014299999999999998,0.014274999999999998,0.014299999999999998,0.014349999999999998,0.014349999999999998,0.014349999999999998,0.014374999999999999,0.014349999999999998,0.014374999999999999,0.014424999999999999,0.014374999999999999,0.014424999999999999,0.01445,0.014424999999999999,0.01445,0.014474999999999998,0.014474999999999998,0.014524999999999998,0.014499999999999999,0.014549999999999999]},"I":{"unit":"A","value":[-0.000621,-0.000101,0.000245,0.00043,0.00051,0.000545,0.0005570000000000001,0.0005610000000000001,0.000566,0.0005669999999999999,0.000569,0.00057,0.0005679999999999999,0.0005719999999999999,0.000571,0.0005719999999999999,0.000574,0.000574,0.000574,0.000575,0.000574,0.000575,0.0005769999999999999,0.000575,0.0005769999999999999,0.000578,0.0005769999999999999,0.000578,0.000579,0.000579,0.0005809999999999999,0.00058,0.0005819999999999999]},"efficiency":{"unit":"%","value":14.469750000000001},"fill_factor":{"unit":"%","value":82.29408224132334},"jsc":{"unit":"mA\/cm2","value":14.527499999999998},"isc":{"unit":"mA","value":0.5811},"voc":{"unit":"V","value":1.2103236994219653},"sweep_direction":{"unit":"","value":"Reverse"},"key":"reverse_3_CsPbI2Br+100uL Ch2I2_722041409"},{"V":{"unit":"V","value":[1.273,1.233,1.193,1.153,1.113,1.073,1.033,0.993,0.953,0.913,0.873,0.833,0.793,0.753,0.713,0.673,0.633,0.593,0.553,0.513,0.473,0.433,0.393,0.353,0.313,0.273,0.233,0.193,0.153,0.113,0.073,0.033,-0.007,-0.047]},"J":{"unit":"A\/cm2","value":[-0.016800000000000002,-0.00275,0.00625,0.010775,0.01275,0.013600000000000001,0.013850000000000001,0.014000000000000002,0.014074999999999997,0.014099999999999998,0.014174999999999998,0.014174999999999998,0.014174999999999998,0.014199999999999999,0.014224999999999998,0.014224999999999998,0.014274999999999998,0.014249999999999999,0.014249999999999999,0.014274999999999998,0.014274999999999998,0.014274999999999998,0.014274999999999998,0.014274999999999998,0.014325,0.014299999999999998,0.014299999999999998,0.014325,0.014274999999999998,0.014374999999999999,0.014349999999999998,0.014299999999999998,0.014374999999999999,0.014325]},"I":{"unit":"A","value":[-0.0006720000000000001,-0.00011,0.00025,0.000431,0.00051,0.000544,0.000554,0.0005600000000000001,0.0005629999999999999,0.0005639999999999999,0.0005669999999999999,0.0005669999999999999,0.0005669999999999999,0.0005679999999999999,0.000569,0.000569,0.000571,0.00057,0.00057,0.000571,0.000571,0.000571,0.000571,0.000571,0.0005729999999999999,0.0005719999999999999,0.0005719999999999999,0.0005729999999999999,0.000571,0.000575,0.000574,0.0005719999999999999,0.000575,0.0005729999999999999]},"efficiency":{"unit":"%","value":14.5928},"fill_factor":{"unit":"%","value":83.2321039237756},"jsc":{"unit":"mA\/cm2","value":14.361875},"isc":{"unit":"mA","value":0.574475},"voc":{"unit":"V","value":1.220777777777778},"sweep_direction":{"unit":"","value":"Reverse"},"key":"reverse_2_CsPbI2Br+100uL Ch2I2_722041409"},{"V":{"unit":"V","value":[1.293,1.253,1.213,1.173,1.133,1.093,1.053,1.013,0.973,0.933,0.893,0.853,0.813,0.773,0.733,0.693,0.653,0.613,0.573,0.533,0.493,0.453,0.413,0.373,0.333,0.293,0.253,0.213,0.173,0.133,0.093,0.053,0.013,-0.027]},"J":{"unit":"A\/cm2","value":[-0.013349999999999999,-0.002125,0.005775000000000001,0.010375,0.012675,0.013625,0.014000000000000002,0.014199999999999999,0.014249999999999999,0.014325,0.014374999999999999,0.014325,0.014399999999999998,0.014399999999999998,0.014349999999999998,0.014399999999999998,0.014424999999999999,0.014399999999999998,0.01445,0.014424999999999999,0.014424999999999999,0.014474999999999998,0.014424999999999999,0.01445,0.014474999999999998,0.01445,0.014474999999999998,0.014474999999999998,0.01445,0.014524999999999998,0.014474999999999998,0.014474999999999998,0.014549999999999999,0.014424999999999999]},"I":{"unit":"A","value":[-0.0005340000000000001,-8.5e-5,0.000231,0.000415,0.000507,0.000545,0.0005600000000000001,0.0005679999999999999,0.00057,0.0005729999999999999,0.000575,0.0005729999999999999,0.0005759999999999999,0.0005759999999999999,0.000574,0.0005759999999999999,0.0005769999999999999,0.0005759999999999999,0.000578,0.0005769999999999999,0.0005769999999999999,0.000579,0.0005769999999999999,0.000578,0.000579,0.000578,0.000579,0.000579,0.000578,0.0005809999999999999,0.000579,0.000579,0.0005819999999999999,0.0005769999999999999]},"efficiency":{"unit":"%","value":14.892125},"fill_factor":{"unit":"%","value":82.62325135802507},"jsc":{"unit":"mA\/cm2","value":14.509374999999999},"isc":{"unit":"mA","value":0.580375},"voc":{"unit":"V","value":1.242240506329114},"sweep_direction":{"unit":"","value":"Reverse"},"key":"reverse_1_CsPbI2Br+100uL Ch2I2_722041409"},{"V":{"unit":"V","value":[-0.05,-0.01,0.03,0.07,0.11,0.15,0.19,0.23,0.27,0.31,0.35,0.39,0.43,0.47,0.51,0.55,0.59,0.63,0.67,0.71,0.75,0.79,0.83,0.87,0.91,0.95,0.99,1.03,1.07,1.11,1.15,1.19,1.23,1.27]},"J":{"unit":"A\/cm2","value":[0.015725,0.01575,0.01575,0.015674999999999998,0.0157,0.015674999999999998,0.01555,0.0156,0.01555,0.015525,0.0155,0.015425,0.015449999999999998,0.015375,0.0153,0.01525,0.015175,0.015149999999999999,0.015099999999999999,0.01495,0.014899999999999998,0.014725,0.0146,0.014524999999999998,0.014249999999999999,0.013975000000000001,0.013550000000000001,0.01275,0.011375,0.00825,0.0018499999999999999,-0.009349999999999999,-0.025525,-0.045425]},"I":{"unit":"A","value":[0.000629,0.00063,0.00063,0.000627,0.000628,0.000627,0.000622,0.000624,0.000622,0.000621,0.00062,0.000617,0.000618,0.000615,0.000612,0.00061,0.000607,0.000606,0.0006039999999999999,0.000598,0.000596,0.000589,0.000584,0.0005809999999999999,0.00057,0.000559,0.0005420000000000001,0.00051,0.000455,0.00033,7.4e-5,-0.000374,-0.001021,-0.001817]},"efficiency":{"unit":"%","value":13.4145},"fill_factor":{"unit":"%","value":73.63903041531574},"jsc":{"unit":"mA\/cm2","value":15.75},"isc":{"unit":"mA","value":0.63},"voc":{"unit":"V","value":1.1566071428571427},"sweep_direction":{"unit":"","value":"Forward"},"key":"forward_7_CsPbI2Br+100uL Ch2I2_722041409"},{"V":{"unit":"V","value":[-0.05,-0.01,0.03,0.07,0.11,0.15,0.19,0.23,0.27,0.31,0.35,0.39,0.43,0.47,0.51,0.55,0.59,0.63,0.67,0.71,0.75,0.79,0.83,0.87,0.91,0.95,0.99,1.03,1.07,1.11,1.15,1.19,1.23]},"J":{"unit":"A\/cm2","value":[0.015149999999999999,0.015075,0.015099999999999999,0.01505,0.014975,0.015,0.01495,0.014874999999999998,0.014874999999999998,0.014825,0.014774999999999998,0.014774999999999998,0.014674999999999999,0.0146,0.014549999999999999,0.01445,0.014374999999999999,0.014325,0.014099999999999998,0.01405,0.013900000000000001,0.0137,0.013550000000000001,0.013325000000000002,0.01305,0.012725,0.012199999999999999,0.011375,0.00985,0.0066500000000000005,0.0006,-0.009275,-0.022875]},"I":{"unit":"A","value":[0.000606,0.000603,0.0006039999999999999,0.000602,0.0005989999999999999,0.0006,0.000598,0.0005949999999999999,0.0005949999999999999,0.000593,0.0005909999999999999,0.0005909999999999999,0.000587,0.000584,0.0005819999999999999,0.000578,0.000575,0.0005729999999999999,0.0005639999999999999,0.0005620000000000001,0.0005560000000000001,0.0005480000000000001,0.0005420000000000001,0.000533,0.000522,0.000509,0.000488,0.000455,0.00039400000000000004,0.000266,2.4e-5,-0.000371,-0.000915]},"efficiency":{"unit":"%","value":12.08875},"fill_factor":{"unit":"%","value":69.55516074868622},"jsc":{"unit":"mA\/cm2","value":15.081249999999999},"isc":{"unit":"mA","value":0.60325},"voc":{"unit":"V","value":1.1524303797468352},"sweep_direction":{"unit":"","value":"Forward"},"key":"forward_6_CsPbI2Br+100uL Ch2I2_722041409"},{"V":{"unit":"V","value":[-0.05,-0.01,0.03,0.07,0.11,0.15,0.19,0.23,0.27,0.31,0.35,0.39,0.43,0.47,0.51,0.55,0.59,0.63,0.67,0.71,0.75,0.79,0.83,0.87,0.91,0.95,0.99,1.03,1.07,1.11,1.15,1.19,1.23,1.27]},"J":{"unit":"A\/cm2","value":[0.014975,0.014975,0.015,0.01495,0.014899999999999998,0.014924999999999999,0.014874999999999998,0.014825,0.01485,0.014799999999999999,0.014799999999999999,0.014799999999999999,0.0147,0.014725,0.0147,0.014624999999999997,0.014649999999999998,0.014549999999999999,0.014474999999999998,0.014474999999999998,0.014325,0.014274999999999998,0.014199999999999999,0.014025000000000001,0.013925,0.01365,0.013325000000000002,0.0127,0.011375,0.008575000000000001,0.002625,-0.007975,-0.023499999999999997,-0.04285]},"I":{"unit":"A","value":[0.0005989999999999999,0.0005989999999999999,0.0006,0.000598,0.000596,0.000597,0.0005949999999999999,0.000593,0.000594,0.000592,0.000592,0.000592,0.000588,0.000589,0.000588,0.000585,0.0005859999999999999,0.0005819999999999999,0.000579,0.000579,0.0005729999999999999,0.000571,0.0005679999999999999,0.0005610000000000001,0.0005570000000000001,0.000546,0.000533,0.000508,0.000455,0.00034300000000000004,0.00010499999999999999,-0.000319,-0.00094,-0.001714]},"efficiency":{"unit":"%","value":13.191749999999999},"fill_factor":{"unit":"%","value":75.91571611728976},"jsc":{"unit":"mA\/cm2","value":14.98125},"isc":{"unit":"mA","value":0.59925},"voc":{"unit":"V","value":1.1599056603773585},"sweep_direction":{"unit":"","value":"Forward"},"key":"forward_5_CsPbI2Br+100uL Ch2I2_722041409"},{"V":{"unit":"V","value":[-0.05,-0.01,0.03,0.07,0.11,0.15,0.19,0.23,0.27,0.31,0.35,0.39,0.43,0.47,0.51,0.55,0.59,0.63,0.67,0.71,0.75,0.79,0.83,0.87,0.91,0.95,0.99,1.03,1.07,1.11,1.15,1.19,1.23,1.27]},"J":{"unit":"A\/cm2","value":[0.015075,0.015075,0.015075,0.015075,0.015024999999999998,0.015024999999999998,0.015024999999999998,0.014924999999999999,0.01495,0.014924999999999999,0.014874999999999998,0.014924999999999999,0.014825,0.014799999999999999,0.014774999999999998,0.014725,0.014674999999999999,0.014649999999999998,0.014524999999999998,0.014499999999999999,0.01445,0.014349999999999998,0.014249999999999999,0.014124999999999999,0.01395,0.0137,0.013375,0.01275,0.0115,0.008899999999999998,0.003675,-0.00535,-0.018325,-0.034425]},"I":{"unit":"A","value":[0.000603,0.000603,0.000603,0.000603,0.000601,0.000601,0.000601,0.000597,0.000598,0.000597,0.0005949999999999999,0.000597,0.000593,0.000592,0.0005909999999999999,0.000589,0.000587,0.0005859999999999999,0.0005809999999999999,0.00058,0.000578,0.000574,0.00057,0.000565,0.000558,0.0005480000000000001,0.000535,0.00051,0.00046,0.000356,0.000147,-0.000214,-0.000733,-0.001377]},"efficiency":{"unit":"%","value":13.24125},"fill_factor":{"unit":"%","value":75.31228497561595},"jsc":{"unit":"mA\/cm2","value":15.075},"isc":{"unit":"mA","value":0.603},"voc":{"unit":"V","value":1.1662880886426592},"sweep_direction":{"unit":"","value":"Forward"},"key":"forward_4_CsPbI2Br+100uL Ch2I2_722041409"},{"V":{"unit":"V","value":[-0.05,-0.01,0.03,0.07,0.11,0.15,0.19,0.23,0.27,0.31,0.35,0.39,0.43,0.47,0.51,0.55,0.59,0.63,0.67,0.71,0.75,0.79,0.83,0.87,0.91,0.95,0.99,1.03,1.07,1.11,1.15,1.19,1.23,1.27]},"J":{"unit":"A\/cm2","value":[0.0146,0.014524999999999998,0.014575,0.014549999999999999,0.014499999999999999,0.014524999999999998,0.014474999999999998,0.014474999999999998,0.01445,0.014399999999999998,0.014399999999999998,0.014399999999999998,0.014349999999999998,0.014374999999999999,0.014325,0.014274999999999998,0.014274999999999998,0.014199999999999999,0.014199999999999999,0.01415,0.01405,0.014025000000000001,0.013975000000000001,0.013800000000000002,0.013725000000000001,0.013525,0.013200000000000002,0.012675,0.011550000000000001,0.009275,0.0046,-0.0036249999999999998,-0.015525,-0.0304]},"I":{"unit":"A","value":[0.000584,0.0005809999999999999,0.000583,0.0005819999999999999,0.00058,0.0005809999999999999,0.000579,0.000579,0.000578,0.0005759999999999999,0.0005759999999999999,0.0005759999999999999,0.000574,0.000575,0.0005729999999999999,0.000571,0.000571,0.0005679999999999999,0.0005679999999999999,0.000566,0.0005620000000000001,0.0005610000000000001,0.000559,0.0005520000000000001,0.000549,0.000541,0.000528,0.000507,0.000462,0.000371,0.000184,-0.000145,-0.000621,-0.001216]},"efficiency":{"unit":"%","value":13.068000000000001},"fill_factor":{"unit":"%","value":76.67510817952436},"jsc":{"unit":"mA\/cm2","value":14.537499999999998},"isc":{"unit":"mA","value":0.5814999999999999},"voc":{"unit":"V","value":1.1723708206686931},"sweep_direction":{"unit":"","value":"Forward"},"key":"forward_3_CsPbI2Br+100uL Ch2I2_722041409"},{"V":{"unit":"V","value":[-0.05,-0.01,0.03,0.07,0.11,0.15,0.19,0.23,0.27,0.31,0.35,0.39,0.43,0.47,0.51,0.55,0.59,0.63,0.67,0.71,0.75,0.79,0.83,0.87,0.91,0.95,0.99,1.03,1.07,1.11,1.15,1.19,1.23,1.27]},"J":{"unit":"A\/cm2","value":[0.014374999999999999,0.014374999999999999,0.014374999999999999,0.014424999999999999,0.014349999999999998,0.014374999999999999,0.014374999999999999,0.014349999999999998,0.014349999999999998,0.014325,0.014299999999999998,0.014299999999999998,0.014249999999999999,0.014224999999999998,0.014224999999999998,0.014199999999999999,0.014199999999999999,0.014174999999999998,0.014099999999999998,0.014074999999999997,0.014000000000000002,0.013975000000000001,0.013925,0.013825,0.01375,0.013575,0.013300000000000001,0.012925,0.012074999999999999,0.01025,0.0064,-0.0008750000000000001,-0.01235,-0.02765]},"I":{"unit":"A","value":[0.000575,0.000575,0.000575,0.0005769999999999999,0.000574,0.000575,0.000575,0.000574,0.000574,0.0005729999999999999,0.0005719999999999999,0.0005719999999999999,0.00057,0.000569,0.000569,0.0005679999999999999,0.0005679999999999999,0.0005669999999999999,0.0005639999999999999,0.0005629999999999999,0.0005600000000000001,0.000559,0.0005570000000000001,0.000553,0.00055,0.0005430000000000001,0.000532,0.000517,0.000483,0.00041,0.000256,-3.5000000000000004e-5,-0.000494,-0.001106]},"efficiency":{"unit":"%","value":13.312750000000001},"fill_factor":{"unit":"%","value":78.13980260877132},"jsc":{"unit":"mA\/cm2","value":14.374999999999998},"isc":{"unit":"mA","value":0.575},"voc":{"unit":"V","value":1.1851890034364259},"sweep_direction":{"unit":"","value":"Forward"},"key":"forward_2_CsPbI2Br+100uL Ch2I2_722041409"},{"V":{"unit":"V","value":[-0.05,-0.01,0.03,0.07,0.11,0.15,0.19,0.23,0.27,0.31,0.35,0.39,0.43,0.47,0.51,0.55,0.59,0.63,0.67,0.71,0.75,0.79,0.83,0.87,0.91,0.95,0.99,1.03,1.07,1.11,1.15,1.19,1.23,1.27,1.31]},"J":{"unit":"A\/cm2","value":[0.014575,0.014549999999999999,0.014549999999999999,0.014575,0.014499999999999999,0.014499999999999999,0.014474999999999998,0.014474999999999998,0.014524999999999998,0.014474999999999998,0.01445,0.014474999999999998,0.014399999999999998,0.014399999999999998,0.01445,0.014374999999999999,0.014349999999999998,0.014349999999999998,0.014299999999999998,0.014299999999999998,0.014249999999999999,0.014199999999999999,0.014174999999999998,0.014074999999999997,0.014025000000000001,0.013875000000000002,0.013600000000000001,0.013200000000000002,0.0124,0.010799999999999999,0.007625,0.001975,-0.006625,-0.018075,-0.03175]},"I":{"unit":"A","value":[0.000583,0.0005819999999999999,0.0005819999999999999,0.000583,0.00058,0.00058,0.000579,0.000579,0.0005809999999999999,0.000579,0.000578,0.000579,0.0005759999999999999,0.0005759999999999999,0.000578,0.000575,0.000574,0.000574,0.0005719999999999999,0.0005719999999999999,0.00057,0.0005679999999999999,0.0005669999999999999,0.0005629999999999999,0.0005610000000000001,0.000555,0.000544,0.000528,0.000496,0.000432,0.000305,7.9e-5,-0.000265,-0.000723,-0.00127]},"efficiency":{"unit":"%","value":13.596},"fill_factor":{"unit":"%","value":77.92227006050817},"jsc":{"unit":"mA\/cm2","value":14.549999999999999},"isc":{"unit":"mA","value":0.582},"voc":{"unit":"V","value":1.1991860465116277},"sweep_direction":{"unit":"","value":"Forward"},"key":"forward_1_CsPbI2Br+100uL Ch2I2_722041409"}]}}