{"_id":"653161b369ca747fb611adba","id":"CAU-SC-00595","author":67,"group":7,"input":[{"tco":{"unit":"","value":"ITO"}},[],{"htl":[{"material":{"unit":"","value":"PEDOT:PSS"},"concentration":{"unit":"","value":"None"},"conc_unit":{"unit":"","value":"mg\/ml"},"quantity":{"unit":"ml","value":"0.1"}}],"spin_coating":[{"type":{"unit":"","value":"drop&run"},"rpm":{"unit":"","value":"5000"},"time":{"unit":"s","value":"30"}}],"annealing":[{"temperature":{"unit":"oC","value":"150"},"time":{"unit":"m","value":"20"}}]},{"perovskite":{"method":{"unit":"","value":"1step"},"molarity":{"unit":"M","value":"0.9"},"a_site":[{"material":{"unit":"","value":"FA"},"ratio":{"unit":"","value":"55"}},{"material":{"unit":"","value":"DMA"},"ratio":{"unit":"","value":"35"}},{"material":{"unit":"","value":"PEA"},"ratio":{"unit":"","value":"10"}}],"b_site":[{"material":{"unit":"","value":"Sn"},"ratio":{"unit":"","value":"100"}}],"x_site":[{"material":{"unit":"","value":"I"},"ratio":{"unit":"","value":"60"}},{"material":{"unit":"","value":"Br"},"ratio":{"unit":"","value":"30"}},{"material":{"unit":"","value":"Cl"},"ratio":{"unit":"","value":"10"}}],"solvent":[{"material":{"unit":"","value":"DMF"},"volume":{"unit":"ml","value":"0.8"}},{"material":{"unit":"","value":"DMSO"},"volume":{"unit":"ml","value":"0.2"}}],"additive":[{"material":{"unit":"","value":"SnF2"},"solvent":{"unit":"","value":"none"},"concentration":{"unit":"","value":"14"},"conc_unit":{"unit":"","value":"mg\/ml"},"quantity":{"unit":"mol%","value":"10"}},{"material":{"unit":"","value":"Sn"},"solvent":{"unit":"","value":"none"},"concentration":{"unit":"","value":"9"},"conc_unit":{"unit":"","value":"mg\/ml"},"quantity":{"unit":"mol%","value":"7"}},{"material":{"unit":"","value":"EDAI2"},"solvent":{"unit":"","value":"none"},"concentration":{"unit":"","value":"0.94"},"conc_unit":{"unit":"","value":"mg\/ml"},"quantity":{"unit":"mol%","value":"1"}}],"stirring_time":[{"unit":"m","value":"120"}],"antisolvent":[{"material":{"unit":"","value":"CB"},"quantity":{"unit":"ul","value":"300"},"dripping_time":{"unit":"s","value":"15"}}],"spin_coating":[{"type":{"unit":"","value":"drop&run"},"rpm":{"unit":"","value":"6000"},"time":{"unit":"s","value":"30"}}],"annealing":[{"temperature":{"unit":"oC","value":"70"},"time":{"unit":"m","value":"10"}}],"atmosphere":[{"type":{"unit":"","value":"N2"},"temperature":{"unit":"oC","value":"25"},"humidity":{"unit":"RH%","value":"0"}}]}},{"etl":[{"material":{"unit":"","value":"PC61BM"},"concentration":{"unit":"","value":"20"},"conc_unit":{"unit":"","value":"mg\/ml"},"quantity":{"unit":"ml","value":"0.05"}}],"solvent":[{"material":{"unit":"","value":"CB"},"volume":{"unit":"ml","value":"0.75"}},{"material":{"unit":"","value":"DCB"},"volume":{"unit":"ml","value":"0.25"}}],"spin_coating":[{"type":{"unit":"","value":"drop&run"},"rpm":{"unit":"","value":"1500"},"time":{"unit":"s","value":"30"}}],"annealing":[{"temperature":{"unit":"oC","value":"70"},"time":{"unit":"m","value":"5"}}]},{"anode_metal":{"unit":"","value":"Ag"}},{"note":{"unit":"","value":"PDF"},"ar":{"unit":"","value":"0"},"type":{"unit":"","value":"unit_cell"},"device_type":{"unit":"","value":"p-i-n"},"temperature":{"unit":"\u2103","value":"25"},"humidity":{"unit":"%","value":"40"},"cell_dimension":{"unit":"cm2","value":"0.04"}}],"fileinfo":[{"key":"22305213","uploadType":"JV","original_name":"22305213.xlsx","save_name":"CAU-SC-00595\/22305213","uploader":67,"fileType":"group"}],"jvcnt":2,"updated_at":"2024-06-03 08:38:35","created_at":"2023-10-19 17:04:51","analysisInfo":{"JV":[{"efficiency":0.9480000000000001,"fill_factor":44.21641791044777,"jsc":3.35,"voc":0.64,"key":"reverse_1_22305213","cell_dimension":null},{"efficiency":1.1072499999999998,"fill_factor":44.846482996772004,"jsc":3.7624999999999997,"voc":0.6562068965517243,"key":"forward_1_22305213","cell_dimension":null}]},"public":2,"analysis":{"JV":[{"V":{"unit":"V","value":[0.7,0.68,0.66,0.64,0.62,0.6,0.58,0.56,0.54,0.52,0.5,0.48,0.46,0.44,0.42,0.4,0.38,0.36,0.34,0.32,0.3,0.28,0.26,0.24,0.22,0.2,0.18,0.16,0.14,0.12,0.1,0.08,0.06,0.04,0.02,0,-0.02,-0.04]},"J":{"unit":"A\/cm2","value":[-0.0026999999999999997,-0.0016,-0.0007,0,0.0005250000000000001,0.0008999999999999999,0.0012,0.00145,0.001625,0.0017500000000000003,0.0018499999999999999,0.001975,0.0020499999999999997,0.002125,0.0021999999999999997,0.002275,0.00235,0.0024,0.0024500000000000004,0.002525,0.002625,0.002675,0.002725,0.0028,0.0029,0.00295,0.0029749999999999998,0.003025,0.0030749999999999996,0.00315,0.00315,0.0032,0.00325,0.0033250000000000003,0.0033250000000000003,0.00335,0.0034000000000000002,0.0034750000000000002]},"I":{"unit":"A","value":[-0.000108,-6.4e-5,-2.8e-5,0,2.1000000000000002e-5,3.5999999999999994e-5,4.8e-5,5.8e-5,6.500000000000001e-5,7.000000000000001e-5,7.4e-5,7.9e-5,8.2e-5,8.5e-5,8.8e-5,9.1e-5,9.4e-5,9.6e-5,9.800000000000001e-5,0.000101,0.00010499999999999999,0.000107,0.00010899999999999999,0.000112,0.000116,0.000118,0.00011899999999999999,0.000121,0.000123,0.000126,0.000126,0.000128,0.00013000000000000002,0.000133,0.000133,0.000134,0.000136,0.00013900000000000002]},"efficiency":{"unit":"%","value":0.9480000000000001},"fill_factor":{"unit":"%","value":44.21641791044777},"jsc":{"unit":"mA\/cm2","value":3.35},"isc":{"unit":"mA","value":0.134},"voc":{"unit":"V","value":0.64},"sweep_direction":{"unit":"","value":"Reverse"},"key":"reverse_1_22305213"},{"V":{"unit":"V","value":[-0.05,-0.03,-0.01,0.01,0.03,0.05,0.07,0.09,0.11,0.13,0.15,0.17,0.19,0.21,0.23,0.25,0.27,0.29,0.31,0.33,0.35,0.37,0.39,0.41,0.43,0.45,0.47,0.49,0.51,0.53,0.55,0.57,0.59,0.61,0.63,0.65,0.67,0.69]},"J":{"unit":"A\/cm2","value":[0.0035499999999999998,0.0037249999999999996,0.00375,0.0037749999999999997,0.00375,0.0036999999999999997,0.003675,0.003675,0.00365,0.0035999999999999995,0.0035499999999999998,0.0035499999999999998,0.0035249999999999995,0.0034750000000000002,0.0034000000000000002,0.003375,0.00335,0.0032749999999999997,0.003175,0.003125,0.0030499999999999998,0.00295,0.0028,0.002675,0.0025749999999999996,0.0024249999999999996,0.002275,0.002125,0.002,0.001875,0.0017250000000000002,0.001575,0.001375,0.001125,0.00075,0.00022499999999999997,-0.0005,-0.00155]},"I":{"unit":"A","value":[0.00014199999999999998,0.000149,0.00015,0.00015099999999999998,0.00015,0.000148,0.000147,0.000147,0.000146,0.00014399999999999998,0.00014199999999999998,0.00014199999999999998,0.00014099999999999998,0.00013900000000000002,0.000136,0.000135,0.000134,0.000131,0.000127,0.000125,0.000122,0.000118,0.000112,0.000107,0.000103,9.7e-5,9.1e-5,8.5e-5,8.0e-5,7.5e-5,6.900000000000001e-5,6.3e-5,5.5e-5,4.4999999999999996e-5,2.9999999999999997e-5,8.999999999999999e-6,-2.0e-5,-6.2e-5]},"efficiency":{"unit":"%","value":1.1072499999999998},"fill_factor":{"unit":"%","value":44.846482996772004},"jsc":{"unit":"mA\/cm2","value":3.7624999999999997},"isc":{"unit":"mA","value":0.1505},"voc":{"unit":"V","value":0.6562068965517243},"sweep_direction":{"unit":"","value":"Forward"},"key":"forward_1_22305213"}]}}