{"_id":"652fc91f956f56119d546368","id":"CAU-SC-00367","author":70,"group":7,"input":[{"tco":{"unit":"","value":"ITO"}},[],{"etl":[{"material":{"unit":"","value":"SnO2"},"concentration":{"unit":"","value":"1.5"},"conc_unit":{"unit":"","value":"wt%"},"quantity":{"unit":"ml","value":"0.3"}}],"solvent":[{"material":{"unit":"","value":"DI Water"},"volume":{"unit":"ml","value":"2.7"}}],"spin_coating":[{"type":{"unit":"","value":"drop&run"},"rpm":{"unit":"","value":"1000"},"time":{"unit":"s","value":"0.5"}},{"type":{"unit":"","value":"drop&run"},"rpm":{"unit":"","value":"3000"},"time":{"unit":"s","value":"30"}}],"vacuum_suction":[{"unit":"s","value":"0"}],"annealing":[{"temperature":{"unit":"oC","value":"170"},"time":{"unit":"m","value":"30"}}]},{"etl":[{"material":{"unit":"","value":"ZnO"},"concentration":{"unit":"","value":"109.75"},"conc_unit":{"unit":"","value":"mg\/ml"},"quantity":{"unit":"ml","value":"1"}}],"solvent":[{"material":{"unit":"","value":"2-ME"},"volume":{"unit":"ml","value":"2"}},{"material":{"unit":"","value":"Ethanolamine"},"volume":{"unit":"ml","value":"0.067"}}],"spin_coating":[{"type":{"unit":"","value":"drop&run"},"rpm":{"unit":"","value":"5000"},"time":{"unit":"s","value":"30"}}],"vacuum_suction":[{"unit":"s","value":"0"}],"annealing":[{"temperature":{"unit":"oC","value":"170"},"time":{"unit":"m","value":"30"}}]},[],{"perovskite":{"method":{"unit":"","value":"1step"},"molarity":{"unit":"M","value":"1.2"},"a_site":[{"material":{"unit":"","value":"Cs"},"ratio":{"unit":"","value":"105"}}],"b_site":[{"material":{"unit":"","value":"Pb"},"ratio":{"unit":"","value":"100"}}],"x_site":[{"material":{"unit":"","value":"I"},"ratio":{"unit":"","value":"67"}},{"material":{"unit":"","value":"Br"},"ratio":{"unit":"","value":"33"}}],"solvent":[{"material":{"unit":"","value":"DMSO"},"volume":{"unit":"ml","value":"0.7"}},{"material":{"unit":"","value":"DMF"},"volume":{"unit":"ml","value":"0.3"}}],"stirring_time":[{"unit":"m","value":"960"}],"spin_coating":[{"type":{"unit":"","value":"drop&run"},"rpm":{"unit":"","value":"3000"},"time":{"unit":"s","value":"43"}}],"annealing":[{"temperature":{"unit":"oC","value":"235"},"time":{"unit":"m","value":"10"}}],"atmosphere":[{"type":{"unit":"","value":"air"},"temperature":{"unit":"oC","value":"20"},"humidity":{"unit":"RH%","value":"35"}}],"assist":[{"type":{"unit":"","value":"hot air assist"},"temperature":{"unit":"oC","value":"230"},"assist_start_time":{"value":8,"unit":"s"},"total_assist_time":{"value":"0.233","unit":"s"}}],"additive":[{"material":{"unit":"","value":"CH2I2"},"solvent":{"unit":"","value":null},"concentration":{"unit":"","value":"100 uL"},"conc_unit":{"unit":"","value":null},"quantity":{"unit":"mol%","value":null}},{"material":{"unit":"","value":"SnF2"},"solvent":{"unit":"","value":null},"concentration":{"unit":"","value":"0.5 mg"},"conc_unit":{"unit":"","value":null},"quantity":{"unit":"mol%","value":null}}]}},{"htl":[{"material":{"unit":"","value":"P3HT"},"concentration":{"unit":"","value":"10"},"conc_unit":{"unit":"","value":"mg\/ml"},"quantity":{"unit":"ml","value":"0.1"}}],"solvent":[{"material":{"unit":"","value":"CB"},"volume":{"unit":"ml","value":"1"}}],"spin_coating":[{"type":{"unit":"","value":"dynamic"},"rpm":{"unit":"","value":"3000"},"time":{"unit":"s","value":"30"}}],"vacuum_suction":[{"unit":"s","value":"0"}],"annealing":[{"temperature":{"unit":"oC","value":"100"},"time":{"unit":"m","value":"5"}}]},{"anode_metal":{"unit":"","value":"Au"}},{"note":{"unit":"","value":"CsPbI2Br+100uL Ch2I2_722041206_SnF2"},"ar":{"unit":"","value":"0"},"type":{"unit":"","value":"unit_cell"},"device_type":{"unit":"","value":"n-i-p"},"temperature":{"unit":"\u2103","value":"20"},"humidity":{"unit":"%","value":"38"},"cell_dimension":{"unit":"cm2","value":"0.04"}}],"fileinfo":[{"key":"CsPbI2Br+100uL Ch2I2_722041206_SnF2","uploadType":"JV","original_name":"CsPbI2Br+100uL Ch2I2_722041206_SnF2.xlsx","save_name":"CAU-SC-00367\/CsPbI2Br+100uL Ch2I2_722041206_SnF2","uploader":70,"fileType":"group"}],"jvcnt":6,"updated_at":"2024-06-03 08:38:34","created_at":"2023-10-18 12:01:35","analysisInfo":{"JV":[{"efficiency":14.21395,"fill_factor":78.3004543725946,"jsc":15.155625,"voc":1.197778877887789,"key":"reverse_3_CsPbI2Br+100uL Ch2I2_722041206_SnF2","cell_dimension":null},{"efficiency":14.124,"fill_factor":78.61658837031308,"jsc":14.915000000000001,"voc":1.2045373134328359,"key":"reverse_2_CsPbI2Br+100uL Ch2I2_722041206_SnF2","cell_dimension":null},{"efficiency":14.520025,"fill_factor":78.56057228960879,"jsc":15.050624999999998,"voc":1.2280277777777777,"key":"reverse_1_CsPbI2Br+100uL Ch2I2_722041206_SnF2","cell_dimension":null},{"efficiency":12.74625,"fill_factor":71.78356616109998,"jsc":15.274999999999997,"voc":1.1624550898203592,"key":"forward_3_CsPbI2Br+100uL Ch2I2_722041206_SnF2","cell_dimension":null},{"efficiency":12.74625,"fill_factor":72.86672140120419,"jsc":14.999999999999996,"voc":1.1661702127659572,"key":"forward_2_CsPbI2Br+100uL Ch2I2_722041206_SnF2","cell_dimension":null},{"efficiency":13.2165,"fill_factor":72.78164618924077,"jsc":15.2,"voc":1.1946783625730995,"key":"forward_1_CsPbI2Br+100uL Ch2I2_722041206_SnF2","cell_dimension":null}]},"public":2,"analysis":{"JV":[{"V":{"unit":"V","value":[1.249,1.209,1.169,1.129,1.089,1.049,1.009,0.969,0.929,0.889,0.849,0.809,0.769,0.729,0.689,0.649,0.609,0.569,0.529,0.489,0.449,0.409,0.369,0.329,0.289,0.249,0.209,0.169,0.129,0.089,0.049,0.009,-0.031]},"J":{"unit":"A\/cm2","value":[-0.0126,-0.002125,0.00545,0.0101,0.012424999999999999,0.013550000000000001,0.014074999999999997,0.014299999999999998,0.014499999999999999,0.014549999999999999,0.014674999999999999,0.014725,0.014725,0.014774999999999998,0.01485,0.014874999999999998,0.014899999999999998,0.014924999999999999,0.01495,0.014975,0.015024999999999998,0.014975,0.015075,0.01505,0.015024999999999998,0.015099999999999999,0.015099999999999999,0.015149999999999999,0.015125,0.015099999999999999,0.015175,0.015149999999999999,0.015175]},"I":{"unit":"A","value":[-0.000504,-8.5e-5,0.00021799999999999999,0.000404,0.000497,0.0005420000000000001,0.0005629999999999999,0.0005719999999999999,0.00058,0.0005819999999999999,0.000587,0.000589,0.000589,0.0005909999999999999,0.000594,0.0005949999999999999,0.000596,0.000597,0.000598,0.0005989999999999999,0.000601,0.0005989999999999999,0.000603,0.000602,0.000601,0.0006039999999999999,0.0006039999999999999,0.000606,0.000605,0.0006039999999999999,0.000607,0.000606,0.000607]},"efficiency":{"unit":"%","value":14.21395},"fill_factor":{"unit":"%","value":78.3004543725946},"jsc":{"unit":"mA\/cm2","value":15.155625},"isc":{"unit":"mA","value":0.606225},"voc":{"unit":"V","value":1.197778877887789},"sweep_direction":{"unit":"","value":"Reverse"},"key":"reverse_3_CsPbI2Br+100uL Ch2I2_722041206_SnF2"},{"V":{"unit":"V","value":[1.256,1.216,1.176,1.136,1.096,1.056,1.016,0.976,0.936,0.896,0.856,0.816,0.776,0.736,0.696,0.656,0.616,0.576,0.536,0.496,0.456,0.416,0.376,0.336,0.296,0.256,0.216,0.176,0.136,0.096,0.056,0.016,-0.024]},"J":{"unit":"A\/cm2","value":[-0.015475,-0.0024,0.005974999999999999,0.010424999999999999,0.0125,0.013375,0.013850000000000001,0.01405,0.01415,0.014299999999999998,0.014349999999999998,0.014399999999999998,0.014474999999999998,0.014499999999999999,0.014524999999999998,0.014575,0.0146,0.014649999999999998,0.014674999999999999,0.014674999999999999,0.014725,0.014674999999999999,0.0147,0.014749999999999997,0.014749999999999997,0.014774999999999998,0.014825,0.014774999999999998,0.01485,0.014874999999999998,0.014874999999999998,0.014924999999999999,0.014899999999999998]},"I":{"unit":"A","value":[-0.000619,-9.6e-5,0.00023899999999999998,0.000417,0.0005,0.000535,0.000554,0.0005620000000000001,0.000566,0.0005719999999999999,0.000574,0.0005759999999999999,0.000579,0.00058,0.0005809999999999999,0.000583,0.000584,0.0005859999999999999,0.000587,0.000587,0.000589,0.000587,0.000588,0.0005899999999999999,0.0005899999999999999,0.0005909999999999999,0.000593,0.0005909999999999999,0.000594,0.0005949999999999999,0.0005949999999999999,0.000597,0.000596]},"efficiency":{"unit":"%","value":14.124},"fill_factor":{"unit":"%","value":78.61658837031308},"jsc":{"unit":"mA\/cm2","value":14.915000000000001},"isc":{"unit":"mA","value":0.5966},"voc":{"unit":"V","value":1.2045373134328359},"sweep_direction":{"unit":"","value":"Reverse"},"key":"reverse_2_CsPbI2Br+100uL Ch2I2_722041206_SnF2"},{"V":{"unit":"V","value":[1.279,1.239,1.199,1.159,1.119,1.079,1.039,0.999,0.959,0.919,0.879,0.839,0.799,0.759,0.719,0.679,0.639,0.599,0.559,0.519,0.479,0.439,0.399,0.359,0.319,0.279,0.239,0.199,0.159,0.119,0.079,0.039,-0.001,-0.041]},"J":{"unit":"A\/cm2","value":[-0.01165,-0.001975,0.005225,0.009875,0.012325,0.013425000000000001,0.013975000000000001,0.014199999999999999,0.014325,0.01445,0.014474999999999998,0.014575,0.014624999999999997,0.014624999999999997,0.0147,0.0147,0.014774999999999998,0.014774999999999998,0.014825,0.01485,0.014874999999999998,0.014899999999999998,0.01495,0.014975,0.015,0.015024999999999998,0.014975,0.015024999999999998,0.015075,0.015075,0.015099999999999999,0.015075,0.01505,0.0152]},"I":{"unit":"A","value":[-0.00046600000000000005,-7.9e-5,0.00020899999999999998,0.000395,0.000493,0.000537,0.000559,0.0005679999999999999,0.0005729999999999999,0.000578,0.000579,0.000583,0.000585,0.000585,0.000588,0.000588,0.0005909999999999999,0.0005909999999999999,0.000593,0.000594,0.0005949999999999999,0.000596,0.000598,0.0005989999999999999,0.0006,0.000601,0.0005989999999999999,0.000601,0.000603,0.000603,0.0006039999999999999,0.000603,0.000602,0.000608]},"efficiency":{"unit":"%","value":14.520025},"fill_factor":{"unit":"%","value":78.56057228960879},"jsc":{"unit":"mA\/cm2","value":15.050624999999998},"isc":{"unit":"mA","value":0.6020249999999999},"voc":{"unit":"V","value":1.2280277777777777},"sweep_direction":{"unit":"","value":"Reverse"},"key":"reverse_1_CsPbI2Br+100uL Ch2I2_722041206_SnF2"},{"V":{"unit":"V","value":[-0.05,-0.01,0.03,0.07,0.11,0.15,0.19,0.23,0.27,0.31,0.35,0.39,0.43,0.47,0.51,0.55,0.59,0.63,0.67,0.71,0.75,0.79,0.83,0.87,0.91,0.95,0.99,1.03,1.07,1.11,1.15,1.19,1.23,1.27]},"J":{"unit":"A\/cm2","value":[0.0153,0.0153,0.0152,0.015175,0.015099999999999999,0.015075,0.015075,0.015024999999999998,0.014975,0.015,0.014924999999999999,0.014924999999999999,0.014825,0.014774999999999998,0.014774999999999998,0.0147,0.014649999999999998,0.014575,0.01445,0.014374999999999999,0.014299999999999998,0.014174999999999998,0.01405,0.013825,0.013625,0.013375,0.012875,0.0121,0.01065,0.00775,0.0025999999999999994,-0.00575,-0.0175,-0.032049999999999995]},"I":{"unit":"A","value":[0.000612,0.000612,0.000608,0.000607,0.0006039999999999999,0.000603,0.000603,0.000601,0.0005989999999999999,0.0006,0.000597,0.000597,0.000593,0.0005909999999999999,0.0005909999999999999,0.000588,0.0005859999999999999,0.000583,0.000578,0.000575,0.0005719999999999999,0.0005669999999999999,0.0005620000000000001,0.000553,0.000545,0.000535,0.000515,0.000484,0.000426,0.00031,0.000104,-0.00023,-0.0007,-0.001282]},"efficiency":{"unit":"%","value":12.74625},"fill_factor":{"unit":"%","value":71.78356616109998},"jsc":{"unit":"mA\/cm2","value":15.274999999999997},"isc":{"unit":"mA","value":0.6109999999999999},"voc":{"unit":"V","value":1.1624550898203592},"sweep_direction":{"unit":"","value":"Forward"},"key":"forward_3_CsPbI2Br+100uL Ch2I2_722041206_SnF2"},{"V":{"unit":"V","value":[-0.05,-0.01,0.03,0.07,0.11,0.15,0.19,0.23,0.27,0.31,0.35,0.39,0.43,0.47,0.51,0.55,0.59,0.63,0.67,0.71,0.75,0.79,0.83,0.87,0.91,0.95,0.99,1.03,1.07,1.11,1.15,1.19,1.23,1.27]},"J":{"unit":"A\/cm2","value":[0.01505,0.015024999999999998,0.014924999999999999,0.014899999999999998,0.014899999999999998,0.014799999999999999,0.014825,0.014799999999999999,0.014749999999999997,0.014749999999999997,0.0147,0.014674999999999999,0.014649999999999998,0.014575,0.014524999999999998,0.014474999999999998,0.014399999999999998,0.014349999999999998,0.014274999999999998,0.014199999999999999,0.014074999999999997,0.013975000000000001,0.013850000000000001,0.01375,0.013525,0.013275,0.012875,0.01215,0.01085,0.008225,0.0033250000000000003,-0.004900000000000001,-0.017,-0.032600000000000004]},"I":{"unit":"A","value":[0.000602,0.000601,0.000597,0.000596,0.000596,0.000592,0.000593,0.000592,0.0005899999999999999,0.0005899999999999999,0.000588,0.000587,0.0005859999999999999,0.000583,0.0005809999999999999,0.000579,0.0005759999999999999,0.000574,0.000571,0.0005679999999999999,0.0005629999999999999,0.000559,0.000554,0.00055,0.000541,0.000531,0.000515,0.000486,0.000434,0.00032900000000000003,0.000133,-0.00019600000000000002,-0.00068,-0.001304]},"efficiency":{"unit":"%","value":12.74625},"fill_factor":{"unit":"%","value":72.86672140120419},"jsc":{"unit":"mA\/cm2","value":14.999999999999996},"isc":{"unit":"mA","value":0.5999999999999999},"voc":{"unit":"V","value":1.1661702127659572},"sweep_direction":{"unit":"","value":"Forward"},"key":"forward_2_CsPbI2Br+100uL Ch2I2_722041206_SnF2"},{"V":{"unit":"V","value":[-0.05,-0.01,0.03,0.07,0.11,0.15,0.19,0.23,0.27,0.31,0.35,0.39,0.43,0.47,0.51,0.55,0.59,0.63,0.67,0.71,0.75,0.79,0.83,0.87,0.91,0.95,0.99,1.03,1.07,1.11,1.15,1.19,1.23,1.27]},"J":{"unit":"A\/cm2","value":[0.0152,0.015224999999999999,0.015125,0.015125,0.015125,0.015024999999999998,0.01505,0.015,0.014975,0.01495,0.014874999999999998,0.014899999999999998,0.014874999999999998,0.014799999999999999,0.014774999999999998,0.0147,0.014649999999999998,0.014649999999999998,0.014499999999999999,0.01445,0.014374999999999999,0.014249999999999999,0.014174999999999998,0.01405,0.013875000000000002,0.0137,0.013349999999999999,0.0128,0.011875,0.010025000000000001,0.0067,0.001,-0.007549999999999999,-0.019]},"I":{"unit":"A","value":[0.000608,0.000609,0.000605,0.000605,0.000605,0.000601,0.000602,0.0006,0.0005989999999999999,0.000598,0.0005949999999999999,0.000596,0.0005949999999999999,0.000592,0.0005909999999999999,0.000588,0.0005859999999999999,0.0005859999999999999,0.00058,0.000578,0.000575,0.00057,0.0005669999999999999,0.0005620000000000001,0.000555,0.0005480000000000001,0.0005340000000000001,0.000512,0.000475,0.00040100000000000004,0.000268,4.0e-5,-0.00030199999999999997,-0.00076]},"efficiency":{"unit":"%","value":13.2165},"fill_factor":{"unit":"%","value":72.78164618924077},"jsc":{"unit":"mA\/cm2","value":15.2},"isc":{"unit":"mA","value":0.608},"voc":{"unit":"V","value":1.1946783625730995},"sweep_direction":{"unit":"","value":"Forward"},"key":"forward_1_CsPbI2Br+100uL Ch2I2_722041206_SnF2"}]}}