{"_id":"652a755715804d488a7f1aaf","id":"CAU-SC-00133","author":70,"group":7,"input":[{"tco":{"unit":"","value":"ITO"}},[],{"etl":[{"material":{"unit":"","value":"SnO2"},"concentration":{"unit":"","value":"1.5"},"conc_unit":{"unit":"","value":"wt%"},"quantity":{"unit":"ml","value":"0.3"}}],"solvent":[{"material":{"unit":"","value":"DI Water"},"volume":{"unit":"ml","value":"2.7"}}],"spin_coating":[{"type":{"unit":"","value":"drop&run"},"rpm":{"unit":"","value":"1000"},"time":{"unit":"s","value":"0.5"}},{"type":{"unit":"","value":"drop&run"},"rpm":{"unit":"","value":"3000"},"time":{"unit":"s","value":"30"}}],"annealing":[{"temperature":{"unit":"oC","value":"170"},"time":{"unit":"m","value":"30"}}]},{"etl":[{"material":{"unit":"","value":"SnO2"},"concentration":{"unit":"","value":"109.75"},"conc_unit":{"unit":"","value":"mg\/ml"},"quantity":{"unit":"ml","value":"1"}}],"solvent":[{"material":{"unit":"","value":"2-ME"},"volume":{"unit":"ml","value":"1"}},{"material":{"unit":"","value":"Ethanolamine"},"volume":{"unit":"ml","value":"0.067"}}],"spin_coating":[{"type":{"unit":"","value":"drop&run"},"rpm":{"unit":"","value":"3000"},"time":{"unit":"s","value":"30"}}],"vacuum_suction":[{"unit":"s","value":"0"}],"annealing":[{"temperature":{"unit":"oC","value":"170"},"time":{"unit":"m","value":"30"}}]},[],{"perovskite":{"method":{"unit":"","value":"1step"},"molarity":{"unit":"M","value":"1.2"},"a_site":[{"material":{"unit":"","value":"Cs"},"ratio":{"unit":"","value":"100"}}],"b_site":[{"material":{"unit":"","value":"Pb"},"ratio":{"unit":"","value":"100"}}],"x_site":[{"material":{"unit":"","value":"I"},"ratio":{"unit":"","value":"67"}},{"material":{"unit":"","value":"Br"},"ratio":{"unit":"","value":"33"}}],"solvent":[{"material":{"unit":"","value":"DMSO"},"volume":{"unit":"ml","value":"0.7"}},{"material":{"unit":"","value":"DMF"},"volume":{"unit":"ml","value":"0.3"}}],"additive":[],"stirring_time":[{"unit":"m","value":"960"}],"antisolvent":[],"spin_coating":[{"type":{"unit":"","value":"drop&run"},"rpm":{"unit":"","value":"3000"},"time":{"unit":"s","value":"40"}}],"annealing":[{"temperature":{"unit":"oC","value":"280"},"time":{"unit":"m","value":"10"}}],"atmosphere":[{"type":{"unit":"","value":"air"},"temperature":{"unit":"oC","value":"21"},"humidity":{"unit":"RH%","value":"35"}}],"assist":[{"type":{"unit":"","value":"hot air assist"},"temperature":{"unit":"oC","value":"290"},"assist_start_time":{"value":8,"unit":"s"},"total_assist_time":{"value":"0.23333","unit":"s"}}]}},{"htl":[{"material":{"unit":"","value":"P3HT"},"concentration":{"unit":"","value":"10"},"conc_unit":{"unit":"","value":"mg\/ml"},"quantity":{"unit":"ml","value":"1"}}],"solvent":[{"material":{"unit":"","value":"CB"},"volume":{"unit":"ml","value":"1"}}],"spin_coating":[{"type":{"unit":"","value":"drop&run"},"rpm":{"unit":"","value":"3000"},"time":{"unit":"s","value":"30"}}],"annealing":[{"temperature":{"unit":"oC","value":"100"},"time":{"unit":"m","value":"5"}}]},{"anode_metal":{"unit":"","value":"Au"}},{"note":{"unit":"","value":"CsPbI2Br_721091904"},"ar":{"unit":"","value":"0"},"type":{"unit":"","value":"unit_cell"},"device_type":{"unit":"","value":"n-i-p"},"temperature":{"unit":"\u2103","value":"21"},"humidity":{"unit":"%","value":"35"},"cell_dimension":{"unit":"cm2","value":"0.04"}}],"fileinfo":[{"key":"721091904","uploadType":"JV","original_name":"721091904.xlsx","save_name":"CAU-SC-00133\/721091904","uploader":70,"fileType":"group"}],"updated_at":"2024-07-30 07:21:58","created_at":"2023-10-14 11:02:47","jvcnt":16,"analysisInfo":{"JV":[{"efficiency":11.102,"fill_factor":66.31426482403539,"jsc":14.69375,"voc":1.1393617021276596,"key":"reverse_8_721091904","cell_dimension":null},{"efficiency":11.628300000000001,"fill_factor":66.46942238125493,"jsc":15.0425,"voc":1.1629855072463768,"key":"reverse_7_721091904","cell_dimension":null},{"efficiency":12.269874999999999,"fill_factor":70.59636169886528,"jsc":14.704375,"voc":1.1819830508474576,"key":"reverse_6_721091904","cell_dimension":null},{"efficiency":11.65165,"fill_factor":69.08648457907401,"jsc":14.492499999999996,"voc":1.1637267759562842,"key":"reverse_5_721091904","cell_dimension":null},{"efficiency":12.312674999999999,"fill_factor":71.94807923646407,"jsc":14.399374999999997,"voc":1.1884736842105266,"key":"reverse_4_721091904","cell_dimension":null},{"efficiency":12.310574999999998,"fill_factor":73.35900746264879,"jsc":14.029375,"voc":1.1961525423728814,"key":"reverse_3_721091904","cell_dimension":null},{"efficiency":12.6238,"fill_factor":73.817711146061,"jsc":14.45,"voc":1.1834820717131473,"key":"reverse_2_721091904","cell_dimension":null},{"efficiency":11.2,"fill_factor":72.67310669798859,"jsc":14.465625000000001,"voc":1.0653862660944207,"key":"reverse_1_721091904","cell_dimension":null},{"efficiency":9.60725,"fill_factor":58.09512071708487,"jsc":14.94375,"voc":1.1066233766233768,"key":"forward_8_721091904","cell_dimension":null},{"efficiency":10.828999999999999,"fill_factor":62.554414784394254,"jsc":15.21875,"voc":1.1375,"key":"forward_7_721091904","cell_dimension":null},{"efficiency":10.92,"fill_factor":63.51704248518277,"jsc":14.94375,"voc":1.1504633204633206,"key":"forward_6_721091904","cell_dimension":null},{"efficiency":10.305750000000002,"fill_factor":61.8862929139499,"jsc":14.74375,"voc":1.1294764397905759,"key":"forward_5_721091904","cell_dimension":null},{"efficiency":11.091249999999999,"fill_factor":65.78694008800755,"jsc":14.568749999999996,"voc":1.1572268907563026,"key":"forward_4_721091904","cell_dimension":null},{"efficiency":11.138749999999998,"fill_factor":67.3703392455832,"jsc":14.156249999999998,"voc":1.1679372197309414,"key":"forward_3_721091904","cell_dimension":null},{"efficiency":11.542499999999999,"fill_factor":68.47230408752797,"jsc":14.624999999999998,"voc":1.1526277372262772,"key":"forward_2_721091904","cell_dimension":null},{"efficiency":10.02225,"fill_factor":66.6965157707963,"jsc":14.612499999999997,"voc":1.028341968911917,"key":"forward_1_721091904","cell_dimension":null}]},"public":2,"tags":[],"analysis":{"JV":[{"V":{"unit":"V","value":[1.19,1.15,1.11,1.07,1.03,0.99,0.95,0.91,0.87,0.83,0.79,0.75,0.71,0.67,0.63,0.59,0.55,0.51,0.47,0.43,0.39,0.35,0.31,0.27,0.23,0.19,0.15,0.11,0.07,0.03,-0.01,-0.05]},"J":{"unit":"A\/cm2","value":[-0.0075,-0.00125,0.0034500000000000004,0.00675,0.008975,0.010475,0.0115,0.012199999999999999,0.012725,0.013099999999999999,0.013349999999999999,0.013600000000000001,0.0137,0.013850000000000001,0.01395,0.01405,0.014124999999999999,0.014199999999999999,0.014224999999999998,0.014325,0.014349999999999998,0.014399999999999998,0.01445,0.014474999999999998,0.014499999999999999,0.014575,0.014549999999999999,0.014624999999999997,0.014649999999999998,0.014674999999999999,0.0147,0.014749999999999997]},"I":{"unit":"A","value":[-0.0003,-5.0e-5,0.00013800000000000002,0.00027,0.000359,0.000419,0.00046,0.000488,0.000509,0.000524,0.0005340000000000001,0.000544,0.0005480000000000001,0.000554,0.000558,0.0005620000000000001,0.000565,0.0005679999999999999,0.000569,0.0005729999999999999,0.000574,0.0005759999999999999,0.000578,0.000579,0.00058,0.000583,0.0005819999999999999,0.000585,0.0005859999999999999,0.000587,0.000588,0.0005899999999999999]},"efficiency":{"unit":"%","value":11.102},"fill_factor":{"unit":"%","value":66.31426482403539},"jsc":{"unit":"mA\/cm2","value":14.69375},"isc":{"unit":"mA","value":0.58775},"voc":{"unit":"V","value":1.1393617021276596},"sweep_direction":{"unit":"","value":"Reverse"},"key":"reverse_8_721091904"},{"V":{"unit":"V","value":[1.214,1.174,1.134,1.094,1.054,1.014,0.974,0.934,0.894,0.854,0.814,0.774,0.734,0.694,0.654,0.614,0.574,0.534,0.494,0.454,0.414,0.374,0.334,0.294,0.254,0.214,0.174,0.134,0.094,0.054,0.014,-0.026]},"J":{"unit":"A\/cm2","value":[-0.0086,-0.001425,0.00375,0.007174999999999999,0.009349999999999999,0.01075,0.011725,0.01245,0.012925,0.013349999999999999,0.013600000000000001,0.013850000000000001,0.013975000000000001,0.014124999999999999,0.014249999999999999,0.014325,0.014399999999999998,0.014474999999999998,0.014549999999999999,0.014624999999999997,0.014649999999999998,0.014674999999999999,0.014749999999999997,0.014799999999999999,0.014825,0.014874999999999998,0.014924999999999999,0.01495,0.014975,0.015024999999999998,0.015024999999999998,0.015075]},"I":{"unit":"A","value":[-0.00034399999999999996,-5.7e-5,0.00015,0.000287,0.000374,0.00043,0.00046899999999999996,0.000498,0.000517,0.0005340000000000001,0.000544,0.000554,0.000559,0.000565,0.00057,0.0005729999999999999,0.0005759999999999999,0.000579,0.0005819999999999999,0.000585,0.0005859999999999999,0.000587,0.0005899999999999999,0.000592,0.000593,0.0005949999999999999,0.000597,0.000598,0.0005989999999999999,0.000601,0.000601,0.000603]},"efficiency":{"unit":"%","value":11.628300000000001},"fill_factor":{"unit":"%","value":66.46942238125493},"jsc":{"unit":"mA\/cm2","value":15.0425},"isc":{"unit":"mA","value":0.6017},"voc":{"unit":"V","value":1.1629855072463768},"sweep_direction":{"unit":"","value":"Reverse"},"key":"reverse_7_721091904"},{"V":{"unit":"V","value":[1.233,1.193,1.153,1.113,1.073,1.033,0.993,0.953,0.913,0.873,0.833,0.793,0.753,0.713,0.673,0.633,0.593,0.553,0.513,0.473,0.433,0.393,0.353,0.313,0.273,0.233,0.193,0.153,0.113,0.073,0.033,-0.007,-0.047]},"J":{"unit":"A\/cm2","value":[-0.009875,-0.001625,0.004275,0.008074999999999999,0.010275,0.011575,0.01235,0.012875,0.013200000000000002,0.0135,0.01365,0.013800000000000002,0.01395,0.014025000000000001,0.014099999999999998,0.01415,0.014224999999999998,0.014274999999999998,0.014325,0.014349999999999998,0.014374999999999999,0.01445,0.01445,0.014524999999999998,0.014549999999999999,0.014575,0.0146,0.014649999999999998,0.014649999999999998,0.014674999999999999,0.014725,0.0147,0.014799999999999999]},"I":{"unit":"A","value":[-0.000395,-6.500000000000001e-5,0.000171,0.000323,0.00041099999999999996,0.00046300000000000003,0.000494,0.000515,0.000528,0.00054,0.000546,0.0005520000000000001,0.000558,0.0005610000000000001,0.0005639999999999999,0.000566,0.000569,0.000571,0.0005729999999999999,0.000574,0.000575,0.000578,0.000578,0.0005809999999999999,0.0005819999999999999,0.000583,0.000584,0.0005859999999999999,0.0005859999999999999,0.000587,0.000589,0.000588,0.000592]},"efficiency":{"unit":"%","value":12.269874999999999},"fill_factor":{"unit":"%","value":70.59636169886528},"jsc":{"unit":"mA\/cm2","value":14.704375},"isc":{"unit":"mA","value":0.588175},"voc":{"unit":"V","value":1.1819830508474576},"sweep_direction":{"unit":"","value":"Reverse"},"key":"reverse_6_721091904"},{"V":{"unit":"V","value":[1.214,1.174,1.134,1.094,1.054,1.014,0.974,0.934,0.894,0.854,0.814,0.774,0.734,0.694,0.654,0.614,0.574,0.534,0.494,0.454,0.414,0.374,0.334,0.294,0.254,0.214,0.174,0.134,0.094,0.054,0.014,-0.026]},"J":{"unit":"A\/cm2","value":[-0.00675,-0.001175,0.0034000000000000002,0.006875,0.009275,0.0109,0.011875,0.012475,0.0129,0.013175000000000001,0.013375,0.013525,0.01365,0.013725000000000001,0.01375,0.013825,0.013850000000000001,0.013925,0.013925,0.014025000000000001,0.01405,0.014099999999999998,0.01415,0.014174999999999998,0.014224999999999998,0.014274999999999998,0.014349999999999998,0.014374999999999999,0.014399999999999998,0.01445,0.014474999999999998,0.014524999999999998]},"I":{"unit":"A","value":[-0.00027,-4.7e-5,0.000136,0.000275,0.000371,0.00043599999999999997,0.000475,0.000499,0.000516,0.000527,0.000535,0.000541,0.000546,0.000549,0.00055,0.000553,0.000554,0.0005570000000000001,0.0005570000000000001,0.0005610000000000001,0.0005620000000000001,0.0005639999999999999,0.000566,0.0005669999999999999,0.000569,0.000571,0.000574,0.000575,0.0005759999999999999,0.000578,0.000579,0.0005809999999999999]},"efficiency":{"unit":"%","value":11.65165},"fill_factor":{"unit":"%","value":69.08648457907401},"jsc":{"unit":"mA\/cm2","value":14.492499999999996},"isc":{"unit":"mA","value":0.5796999999999999},"voc":{"unit":"V","value":1.1637267759562842},"sweep_direction":{"unit":"","value":"Reverse"},"key":"reverse_5_721091904"},{"V":{"unit":"V","value":[1.239,1.199,1.159,1.119,1.079,1.039,0.999,0.959,0.919,0.879,0.839,0.799,0.759,0.719,0.679,0.639,0.599,0.559,0.519,0.479,0.439,0.399,0.359,0.319,0.279,0.239,0.199,0.159,0.119,0.079,0.039,-0.001,-0.041]},"J":{"unit":"A\/cm2","value":[-0.0091,-0.0015,0.004200000000000001,0.007975,0.010275,0.011575,0.012325,0.0128,0.013099999999999999,0.013300000000000001,0.013450000000000002,0.013525,0.013600000000000001,0.013675000000000001,0.01375,0.013800000000000002,0.013825,0.013875000000000002,0.01395,0.013925,0.014025000000000001,0.014025000000000001,0.014099999999999998,0.014124999999999999,0.014174999999999998,0.014174999999999998,0.014249999999999999,0.014274999999999998,0.014325,0.014325,0.014374999999999999,0.014399999999999998,0.01445]},"I":{"unit":"A","value":[-0.000364,-5.9999999999999995e-5,0.00016800000000000002,0.000319,0.00041099999999999996,0.00046300000000000003,0.000493,0.000512,0.000524,0.000532,0.0005380000000000001,0.000541,0.000544,0.0005470000000000001,0.00055,0.0005520000000000001,0.000553,0.000555,0.000558,0.0005570000000000001,0.0005610000000000001,0.0005610000000000001,0.0005639999999999999,0.000565,0.0005669999999999999,0.0005669999999999999,0.00057,0.000571,0.0005729999999999999,0.0005729999999999999,0.000575,0.0005759999999999999,0.000578]},"efficiency":{"unit":"%","value":12.312674999999999},"fill_factor":{"unit":"%","value":71.94807923646407},"jsc":{"unit":"mA\/cm2","value":14.399374999999997},"isc":{"unit":"mA","value":0.5759749999999999},"voc":{"unit":"V","value":1.1884736842105266},"sweep_direction":{"unit":"","value":"Reverse"},"key":"reverse_4_721091904"},{"V":{"unit":"V","value":[1.247,1.207,1.167,1.127,1.087,1.047,1.007,0.967,0.927,0.887,0.847,0.807,0.767,0.727,0.687,0.647,0.607,0.567,0.527,0.487,0.447,0.407,0.367,0.327,0.287,0.247,0.207,0.167,0.127,0.087,0.047,0.007,-0.033]},"J":{"unit":"A\/cm2","value":[-0.009625,-0.0016,0.0043,0.008074999999999999,0.010299999999999998,0.011525,0.012225,0.0126,0.012925,0.013075000000000002,0.013200000000000002,0.013300000000000001,0.013349999999999999,0.013425000000000001,0.013450000000000002,0.013525,0.013550000000000001,0.013625,0.013625,0.013675000000000001,0.0137,0.01375,0.01375,0.013825,0.013850000000000001,0.013850000000000001,0.013875000000000002,0.013925,0.01395,0.013975000000000001,0.014000000000000002,0.014025000000000001,0.01405]},"I":{"unit":"A","value":[-0.00038500000000000003,-6.4e-5,0.00017199999999999998,0.000323,0.000412,0.00046100000000000004,0.000489,0.000504,0.000517,0.000523,0.000528,0.000532,0.0005340000000000001,0.000537,0.0005380000000000001,0.000541,0.0005420000000000001,0.000545,0.000545,0.0005470000000000001,0.0005480000000000001,0.00055,0.00055,0.000553,0.000554,0.000554,0.000555,0.0005570000000000001,0.000558,0.000559,0.0005600000000000001,0.0005610000000000001,0.0005620000000000001]},"efficiency":{"unit":"%","value":12.310574999999998},"fill_factor":{"unit":"%","value":73.35900746264879},"jsc":{"unit":"mA\/cm2","value":14.029375},"isc":{"unit":"mA","value":0.561175},"voc":{"unit":"V","value":1.1961525423728814},"sweep_direction":{"unit":"","value":"Reverse"},"key":"reverse_3_721091904"},{"V":{"unit":"V","value":[1.234,1.194,1.154,1.114,1.074,1.034,0.994,0.954,0.914,0.874,0.834,0.794,0.754,0.714,0.674,0.634,0.594,0.554,0.514,0.474,0.434,0.394,0.354,0.314,0.274,0.234,0.194,0.154,0.114,0.074,0.034,-0.006,-0.046]},"J":{"unit":"A\/cm2","value":[-0.010324999999999999,-0.0016500000000000002,0.004625,0.00855,0.010799999999999999,0.012025,0.0127,0.013099999999999999,0.013349999999999999,0.013525,0.013625,0.013725000000000001,0.013775,0.013825,0.013875000000000002,0.013875000000000002,0.01395,0.013975000000000001,0.01405,0.01405,0.014099999999999998,0.014124999999999999,0.01415,0.014174999999999998,0.014224999999999998,0.014299999999999998,0.014274999999999998,0.014325,0.014374999999999999,0.014399999999999998,0.01445,0.01445,0.014499999999999999]},"I":{"unit":"A","value":[-0.00041299999999999996,-6.6e-5,0.000185,0.000342,0.000432,0.000481,0.000508,0.000524,0.0005340000000000001,0.000541,0.000545,0.000549,0.0005510000000000001,0.000553,0.000555,0.000555,0.000558,0.000559,0.0005620000000000001,0.0005620000000000001,0.0005639999999999999,0.000565,0.000566,0.0005669999999999999,0.000569,0.0005719999999999999,0.000571,0.0005729999999999999,0.000575,0.0005759999999999999,0.000578,0.000578,0.00058]},"efficiency":{"unit":"%","value":12.6238},"fill_factor":{"unit":"%","value":73.817711146061},"jsc":{"unit":"mA\/cm2","value":14.45},"isc":{"unit":"mA","value":0.578},"voc":{"unit":"V","value":1.1834820717131473},"sweep_direction":{"unit":"","value":"Reverse"},"key":"reverse_2_721091904"},{"V":{"unit":"V","value":[1.115,1.075,1.035,0.995,0.955,0.915,0.875,0.835,0.795,0.755,0.715,0.675,0.635,0.595,0.555,0.515,0.475,0.435,0.395,0.355,0.315,0.275,0.235,0.195,0.155,0.115,0.075,0.035,-0.005,-0.045]},"J":{"unit":"A\/cm2","value":[-0.009,-0.0014,0.004425,0.008325,0.010725,0.012049999999999998,0.0128,0.013275,0.013550000000000001,0.0137,0.013825,0.013875000000000002,0.01395,0.014000000000000002,0.01405,0.014099999999999998,0.014099999999999998,0.014124999999999999,0.014199999999999999,0.014199999999999999,0.014274999999999998,0.014299999999999998,0.014299999999999998,0.014299999999999998,0.014349999999999998,0.014374999999999999,0.014399999999999998,0.014399999999999998,0.014474999999999998,0.01445]},"I":{"unit":"A","value":[-0.00035999999999999997,-5.6e-5,0.000177,0.000333,0.000429,0.000482,0.000512,0.000531,0.0005420000000000001,0.0005480000000000001,0.000553,0.000555,0.000558,0.0005600000000000001,0.0005620000000000001,0.0005639999999999999,0.0005639999999999999,0.000565,0.0005679999999999999,0.0005679999999999999,0.000571,0.0005719999999999999,0.0005719999999999999,0.0005719999999999999,0.000574,0.000575,0.0005759999999999999,0.0005759999999999999,0.000579,0.000578]},"efficiency":{"unit":"%","value":11.2},"fill_factor":{"unit":"%","value":72.67310669798859},"jsc":{"unit":"mA\/cm2","value":14.465625000000001},"isc":{"unit":"mA","value":0.5786250000000001},"voc":{"unit":"V","value":1.0653862660944207},"sweep_direction":{"unit":"","value":"Reverse"},"key":"reverse_1_721091904"},{"V":{"unit":"V","value":[-0.05,-0.01,0.03,0.07,0.11,0.15,0.19,0.23,0.27,0.31,0.35,0.39,0.43,0.47,0.51,0.55,0.59,0.63,0.67,0.71,0.75,0.79,0.83,0.87,0.91,0.95,0.99,1.03,1.07,1.11,1.15,1.19]},"J":{"unit":"A\/cm2","value":[0.015099999999999999,0.014975,0.01485,0.014725,0.014649999999999998,0.014549999999999999,0.01445,0.014374999999999999,0.014299999999999998,0.014199999999999999,0.014124999999999999,0.014025000000000001,0.01395,0.013825,0.0137,0.013550000000000001,0.0134,0.013200000000000002,0.013,0.012725,0.0124,0.012025,0.011575,0.010975,0.010275,0.009325,0.00805,0.0062,0.0035249999999999995,-0.00032499999999999993,-0.005475,-0.01185]},"I":{"unit":"A","value":[0.0006039999999999999,0.0005989999999999999,0.000594,0.000589,0.0005859999999999999,0.0005819999999999999,0.000578,0.000575,0.0005719999999999999,0.0005679999999999999,0.000565,0.0005610000000000001,0.000558,0.000553,0.0005480000000000001,0.0005420000000000001,0.000536,0.000528,0.0005200000000000001,0.000509,0.000496,0.000481,0.00046300000000000003,0.000439,0.00041099999999999996,0.000373,0.000322,0.000248,0.00014099999999999998,-1.3e-5,-0.000219,-0.000474]},"efficiency":{"unit":"%","value":9.60725},"fill_factor":{"unit":"%","value":58.09512071708487},"jsc":{"unit":"mA\/cm2","value":14.94375},"isc":{"unit":"mA","value":0.59775},"voc":{"unit":"V","value":1.1066233766233768},"sweep_direction":{"unit":"","value":"Forward"},"key":"forward_8_721091904"},{"V":{"unit":"V","value":[-0.05,-0.01,0.03,0.07,0.11,0.15,0.19,0.23,0.27,0.31,0.35,0.39,0.43,0.47,0.51,0.55,0.59,0.63,0.67,0.71,0.75,0.79,0.83,0.87,0.91,0.95,0.99,1.03,1.07,1.11,1.15,1.19,1.23]},"J":{"unit":"A\/cm2","value":[0.015475,0.01525,0.015125,0.015024999999999998,0.01495,0.014874999999999998,0.014825,0.014725,0.014649999999999998,0.014549999999999999,0.014524999999999998,0.014424999999999999,0.014374999999999999,0.014249999999999999,0.014199999999999999,0.014074999999999997,0.014000000000000002,0.013875000000000002,0.013725000000000001,0.013550000000000001,0.013349999999999999,0.013125,0.012825,0.0124,0.011899999999999999,0.0112,0.010225,0.008799999999999999,0.006625,0.0033000000000000004,-0.0015,-0.007875,-0.0156]},"I":{"unit":"A","value":[0.000619,0.00061,0.000605,0.000601,0.000598,0.0005949999999999999,0.000593,0.000589,0.0005859999999999999,0.0005819999999999999,0.0005809999999999999,0.0005769999999999999,0.000575,0.00057,0.0005679999999999999,0.0005629999999999999,0.0005600000000000001,0.000555,0.000549,0.0005420000000000001,0.0005340000000000001,0.0005250000000000001,0.000513,0.000496,0.00047599999999999997,0.000448,0.00040899999999999997,0.000352,0.000265,0.000132,-5.9999999999999995e-5,-0.000315,-0.000624]},"efficiency":{"unit":"%","value":10.828999999999999},"fill_factor":{"unit":"%","value":62.554414784394254},"jsc":{"unit":"mA\/cm2","value":15.21875},"isc":{"unit":"mA","value":0.60875},"voc":{"unit":"V","value":1.1375},"sweep_direction":{"unit":"","value":"Forward"},"key":"forward_7_721091904"},{"V":{"unit":"V","value":[-0.05,-0.01,0.03,0.07,0.11,0.15,0.19,0.23,0.27,0.31,0.35,0.39,0.43,0.47,0.51,0.55,0.59,0.63,0.67,0.71,0.75,0.79,0.83,0.87,0.91,0.95,0.99,1.03,1.07,1.11,1.15,1.19,1.23]},"J":{"unit":"A\/cm2","value":[0.015149999999999999,0.014975,0.01485,0.014749999999999997,0.014674999999999999,0.014575,0.014524999999999998,0.014474999999999998,0.014424999999999999,0.014325,0.014274999999999998,0.014199999999999999,0.014124999999999999,0.014074999999999997,0.013975000000000001,0.013900000000000001,0.013775,0.0137,0.013550000000000001,0.013425000000000001,0.013224999999999999,0.01305,0.01275,0.01245,0.012,0.011474999999999999,0.010725,0.009574999999999998,0.007724999999999999,0.004725,7.5e-5,-0.0064,-0.01445]},"I":{"unit":"A","value":[0.000606,0.0005989999999999999,0.000594,0.0005899999999999999,0.000587,0.000583,0.0005809999999999999,0.000579,0.0005769999999999999,0.0005729999999999999,0.000571,0.0005679999999999999,0.000565,0.0005629999999999999,0.000559,0.0005560000000000001,0.0005510000000000001,0.0005480000000000001,0.0005420000000000001,0.000537,0.0005290000000000001,0.000522,0.00051,0.000498,0.00047999999999999996,0.00045900000000000004,0.000429,0.000383,0.000309,0.000189,3.0e-6,-0.000256,-0.000578]},"efficiency":{"unit":"%","value":10.92},"fill_factor":{"unit":"%","value":63.51704248518277},"jsc":{"unit":"mA\/cm2","value":14.94375},"isc":{"unit":"mA","value":0.59775},"voc":{"unit":"V","value":1.1504633204633206},"sweep_direction":{"unit":"","value":"Forward"},"key":"forward_6_721091904"},{"V":{"unit":"V","value":[-0.05,-0.01,0.03,0.07,0.11,0.15,0.19,0.23,0.27,0.31,0.35,0.39,0.43,0.47,0.51,0.55,0.59,0.63,0.67,0.71,0.75,0.79,0.83,0.87,0.91,0.95,0.99,1.03,1.07,1.11,1.15,1.19,1.23]},"J":{"unit":"A\/cm2","value":[0.01495,0.014774999999999998,0.014649999999999998,0.014499999999999999,0.014424999999999999,0.014325,0.014249999999999999,0.01415,0.014099999999999998,0.013975000000000001,0.013925,0.013850000000000001,0.013775,0.01365,0.013575,0.013475,0.013349999999999999,0.013200000000000002,0.013099999999999999,0.012925,0.0127,0.0125,0.012174999999999998,0.011824999999999999,0.011325,0.01065,0.009699999999999999,0.008199999999999999,0.0058,0.002325,-0.0024500000000000004,-0.00835,-0.015125]},"I":{"unit":"A","value":[0.000598,0.0005909999999999999,0.0005859999999999999,0.00058,0.0005769999999999999,0.0005729999999999999,0.00057,0.000566,0.0005639999999999999,0.000559,0.0005570000000000001,0.000554,0.0005510000000000001,0.000546,0.0005430000000000001,0.000539,0.0005340000000000001,0.000528,0.000524,0.000517,0.000508,0.0005,0.00048699999999999997,0.00047299999999999995,0.000453,0.000426,0.000388,0.000328,0.000232,9.3e-5,-9.800000000000001e-5,-0.00033400000000000004,-0.000605]},"efficiency":{"unit":"%","value":10.305750000000002},"fill_factor":{"unit":"%","value":61.8862929139499},"jsc":{"unit":"mA\/cm2","value":14.74375},"isc":{"unit":"mA","value":0.58975},"voc":{"unit":"V","value":1.1294764397905759},"sweep_direction":{"unit":"","value":"Forward"},"key":"forward_5_721091904"},{"V":{"unit":"V","value":[-0.05,-0.01,0.03,0.07,0.11,0.15,0.19,0.23,0.27,0.31,0.35,0.39,0.43,0.47,0.51,0.55,0.59,0.63,0.67,0.71,0.75,0.79,0.83,0.87,0.91,0.95,0.99,1.03,1.07,1.11,1.15,1.19,1.23]},"J":{"unit":"A\/cm2","value":[0.0147,0.0146,0.014474999999999998,0.014374999999999999,0.014349999999999998,0.014224999999999998,0.014199999999999999,0.014124999999999999,0.014074999999999997,0.014000000000000002,0.01395,0.013875000000000002,0.013800000000000002,0.013775,0.013675000000000001,0.013600000000000001,0.013525,0.013450000000000002,0.013300000000000001,0.013224999999999999,0.01305,0.0129,0.0127,0.012475,0.01215,0.011675000000000001,0.011025,0.009975,0.00825,0.005399999999999999,0.001075,-0.004875,-0.01225]},"I":{"unit":"A","value":[0.000588,0.000584,0.000579,0.000575,0.000574,0.000569,0.0005679999999999999,0.000565,0.0005629999999999999,0.0005600000000000001,0.000558,0.000555,0.0005520000000000001,0.0005510000000000001,0.0005470000000000001,0.000544,0.000541,0.0005380000000000001,0.000532,0.0005290000000000001,0.000522,0.000516,0.000508,0.000499,0.000486,0.000467,0.000441,0.000399,0.00033,0.000216,4.2999999999999995e-5,-0.000195,-0.00049]},"efficiency":{"unit":"%","value":11.091249999999999},"fill_factor":{"unit":"%","value":65.78694008800755},"jsc":{"unit":"mA\/cm2","value":14.568749999999996},"isc":{"unit":"mA","value":0.5827499999999999},"voc":{"unit":"V","value":1.1572268907563026},"sweep_direction":{"unit":"","value":"Forward"},"key":"forward_4_721091904"},{"V":{"unit":"V","value":[-0.05,-0.01,0.03,0.07,0.11,0.15,0.19,0.23,0.27,0.31,0.35,0.39,0.43,0.47,0.51,0.55,0.59,0.63,0.67,0.71,0.75,0.79,0.83,0.87,0.91,0.95,0.99,1.03,1.07,1.11,1.15,1.19,1.23,1.27]},"J":{"unit":"A\/cm2","value":[0.014325,0.014174999999999998,0.014099999999999998,0.01405,0.014025000000000001,0.013925,0.013900000000000001,0.013850000000000001,0.013800000000000002,0.01375,0.0137,0.013625,0.013575,0.013525,0.013475,0.013375,0.013349999999999999,0.01325,0.01315,0.013075000000000002,0.012975,0.0128,0.0126,0.012424999999999999,0.012125,0.011725,0.011175000000000001,0.010275,0.008825,0.0064,0.0025,-0.0030749999999999996,-0.010324999999999999,-0.0188]},"I":{"unit":"A","value":[0.0005729999999999999,0.0005669999999999999,0.0005639999999999999,0.0005620000000000001,0.0005610000000000001,0.0005570000000000001,0.0005560000000000001,0.000554,0.0005520000000000001,0.00055,0.0005480000000000001,0.000545,0.0005430000000000001,0.000541,0.000539,0.000535,0.0005340000000000001,0.00053,0.000526,0.000523,0.000519,0.000512,0.000504,0.000497,0.00048499999999999997,0.00046899999999999996,0.000447,0.00041099999999999996,0.00035299999999999996,0.000256,0.0001,-0.000123,-0.00041299999999999996,-0.000752]},"efficiency":{"unit":"%","value":11.138749999999998},"fill_factor":{"unit":"%","value":67.3703392455832},"jsc":{"unit":"mA\/cm2","value":14.156249999999998},"isc":{"unit":"mA","value":0.5662499999999999},"voc":{"unit":"V","value":1.1679372197309414},"sweep_direction":{"unit":"","value":"Forward"},"key":"forward_3_721091904"},{"V":{"unit":"V","value":[-0.05,-0.01,0.03,0.07,0.11,0.15,0.19,0.23,0.27,0.31,0.35,0.39,0.43,0.47,0.51,0.55,0.59,0.63,0.67,0.71,0.75,0.79,0.83,0.87,0.91,0.95,0.99,1.03,1.07,1.11,1.15,1.19,1.23]},"J":{"unit":"A\/cm2","value":[0.014774999999999998,0.014649999999999998,0.014549999999999999,0.014499999999999999,0.014374999999999999,0.014325,0.014274999999999998,0.014249999999999999,0.01415,0.014124999999999999,0.014074999999999997,0.014025000000000001,0.013975000000000001,0.01395,0.013825,0.013850000000000001,0.013725000000000001,0.01365,0.013600000000000001,0.0135,0.013349999999999999,0.013275,0.013075000000000002,0.012875,0.012549999999999999,0.01215,0.011474999999999999,0.010399999999999998,0.008525,0.005375,0.00044999999999999993,-0.0064,-0.014924999999999999]},"I":{"unit":"A","value":[0.0005909999999999999,0.0005859999999999999,0.0005819999999999999,0.00058,0.000575,0.0005729999999999999,0.000571,0.00057,0.000566,0.000565,0.0005629999999999999,0.0005610000000000001,0.000559,0.000558,0.000553,0.000554,0.000549,0.000546,0.000544,0.00054,0.0005340000000000001,0.000531,0.000523,0.000515,0.000502,0.000486,0.00045900000000000004,0.000416,0.00034100000000000005,0.000215,1.7999999999999997e-5,-0.000256,-0.000597]},"efficiency":{"unit":"%","value":11.542499999999999},"fill_factor":{"unit":"%","value":68.47230408752797},"jsc":{"unit":"mA\/cm2","value":14.624999999999998},"isc":{"unit":"mA","value":0.585},"voc":{"unit":"V","value":1.1526277372262772},"sweep_direction":{"unit":"","value":"Forward"},"key":"forward_2_721091904"},{"V":{"unit":"V","value":[-0.05,-0.01,0.03,0.07,0.11,0.15,0.19,0.23,0.27,0.31,0.35,0.39,0.43,0.47,0.51,0.55,0.59,0.63,0.67,0.71,0.75,0.79,0.83,0.87,0.91,0.95,0.99,1.03,1.07,1.11]},"J":{"unit":"A\/cm2","value":[0.014799999999999999,0.014624999999999997,0.014575,0.01445,0.014424999999999999,0.014374999999999999,0.014299999999999998,0.014274999999999998,0.014224999999999998,0.014199999999999999,0.014099999999999998,0.014074999999999997,0.014000000000000002,0.01395,0.013850000000000001,0.013800000000000002,0.0137,0.013575,0.0134,0.013200000000000002,0.01295,0.0126,0.012074999999999999,0.011275,0.01,0.00795,0.004625,-0.0002,-0.006600000000000001,-0.014199999999999999]},"I":{"unit":"A","value":[0.000592,0.000585,0.000583,0.000578,0.0005769999999999999,0.000575,0.0005719999999999999,0.000571,0.000569,0.0005679999999999999,0.0005639999999999999,0.0005629999999999999,0.0005600000000000001,0.000558,0.000554,0.0005520000000000001,0.0005480000000000001,0.0005430000000000001,0.000536,0.000528,0.000518,0.000504,0.000483,0.000451,0.0004,0.00031800000000000003,0.000185,-8.0e-6,-0.000264,-0.0005679999999999999]},"efficiency":{"unit":"%","value":10.02225},"fill_factor":{"unit":"%","value":66.6965157707963},"jsc":{"unit":"mA\/cm2","value":14.612499999999997},"isc":{"unit":"mA","value":0.5844999999999999},"voc":{"unit":"V","value":1.028341968911917},"sweep_direction":{"unit":"","value":"Forward"},"key":"forward_1_721091904"}]}}