{"_id":"652957c69d8aa506476d2051","id":"CAU-SC-00117","author":63,"group":7,"input":[{"tco":{"unit":"","value":"ITO"}},{"htl":[{"material":{"unit":"","value":"PEDOT:PSS"},"concentration":{"unit":"","value":"None"},"conc_unit":{"unit":"","value":"mg\/ml"},"quantity":{"unit":"ml","value":"Material"}}],"spin_coating":[{"type":{"unit":"","value":"drop&run"},"rpm":{"unit":"","value":"5000"},"time":{"unit":"s","value":"30"}}],"annealing":[{"temperature":{"unit":"oC","value":"150"},"time":{"unit":"m","value":"20"}}]},{"perovskite":{"method":{"unit":"","value":"1step"},"molarity":{"unit":"M","value":"1"},"a_site":[{"material":{"unit":"","value":"FA"},"ratio":{"unit":"","value":"73"}},{"material":{"unit":"","value":"MA"},"ratio":{"unit":"","value":"25"}},{"material":{"unit":"","value":"EDAI2"},"ratio":{"unit":"","value":"1"}}],"b_site":[{"material":{"unit":"","value":"Sn"},"ratio":{"unit":"","value":"100"}}],"x_site":[{"material":{"unit":"","value":"I"},"ratio":{"unit":"","value":"91.67"}},{"material":{"unit":"","value":"Br"},"ratio":{"unit":"","value":"8.33"}}],"solvent":[{"material":{"unit":"","value":"DMF"},"volume":{"unit":"ml","value":"0.8"}},{"material":{"unit":"","value":"DMSO"},"volume":{"unit":"ml","value":"0.2"}}],"additive":[{"material":{"unit":"","value":"SnF2"},"solvent":{"unit":"","value":"none"},"concentration":{"unit":"","value":"15.6"},"conc_unit":{"unit":"","value":"mg\/ml"},"quantity":{"unit":"mol%","value":"10"}},{"material":{"unit":"","value":"PEAI"},"solvent":{"unit":"","value":"none"},"concentration":{"unit":"","value":"37.4"},"conc_unit":{"unit":"","value":"mg\/ml"},"quantity":{"unit":"mol%","value":"15"}},{"material":{"unit":"","value":"GeI2"},"solvent":{"unit":"","value":"none"},"concentration":{"unit":"","value":"16.3"},"conc_unit":{"unit":"","value":"mg\/ml"},"quantity":{"unit":"mol%","value":"5"}},{"material":{"unit":"","value":"Sn"},"solvent":{"unit":"","value":null},"concentration":{"unit":"","value":"8.3"},"conc_unit":{"unit":"","value":"mg\/ml"},"quantity":{"unit":"mol%","value":"7"}}],"stirring_time":[{"unit":"m","value":"720"}],"antisolvent":[{"material":{"unit":"","value":"CB"},"quantity":{"unit":"ul","value":"300"},"dripping_time":{"unit":"s","value":"18"}}],"spin_coating":[{"type":{"unit":"","value":"drop&run"},"rpm":{"unit":"","value":"5000"},"time":{"unit":"s","value":"60"}}],"annealing":[{"temperature":{"unit":"oC","value":"80"},"time":{"unit":"m","value":"10"}}],"atmosphere":[{"type":{"unit":"","value":"N2"},"temperature":{"unit":"oC","value":"25"},"humidity":{"unit":"RH%","value":"0"}}]}},{"etl":[{"material":{"unit":"","value":"PC61BM"},"concentration":{"unit":"","value":"20"},"conc_unit":{"unit":"","value":"mg\/ml"},"quantity":{"unit":"ml","value":"0.05"}}],"solvent":[{"material":{"unit":"","value":"CB"},"volume":{"unit":"ml","value":"1"}}],"spin_coating":[{"type":{"unit":"","value":"drop&run"},"rpm":{"unit":"","value":"400"},"time":{"unit":"s","value":"2"}},{"type":{"unit":"","value":"drop&run"},"rpm":{"unit":"","value":"1500"},"time":{"unit":"s","value":"30"}}],"annealing":[{"temperature":{"unit":"oC","value":"80"},"time":{"unit":"m","value":"10"}}]},{"anode_metal":{"unit":"","value":"Ag"}},{"note":{"unit":"","value":"FAMAPEA, EDA0.01"},"ar":{"unit":"","value":"0"},"type":{"unit":"","value":"unit_cell"},"device_type":{"unit":"","value":"p-i-n"},"temperature":{"unit":"\u2103","value":"25"},"humidity":{"unit":"%","value":"25"},"cell_dimension":{"unit":"cm2","value":"0.04"}}],"fileinfo":[{"key":"323050112","uploadType":"JV","original_name":"323050112.xlsx","save_name":"CAU-SC-00117\/323050112","uploader":63,"fileType":"group"},{"key":"323050105","uploadType":"JV","original_name":"323050105.xlsx","save_name":"CAU-SC-00117\/323050105","uploader":63,"fileType":"group"}],"updated_at":"2024-06-03 08:38:34","created_at":"2023-10-13 14:44:22","jvcnt":24,"analysisInfo":{"JV":[{"efficiency":6.3,"fill_factor":65.6735892138741,"jsc":14.874999999999998,"voc":0.6449006622516557,"key":"reverse_7_323050105","cell_dimension":null},{"efficiency":6.2124999999999995,"fill_factor":64.46910508834625,"jsc":14.95,"voc":0.6445751633986929,"key":"reverse_6_323050105","cell_dimension":null},{"efficiency":7.3,"fill_factor":64.94522451659218,"jsc":17.474999999999998,"voc":0.6432183908045978,"key":"reverse_5_323050112","cell_dimension":null},{"efficiency":7.262499999999999,"fill_factor":66.42471617345988,"jsc":16.875,"voc":0.6479069767441861,"key":"reverse_5_323050105","cell_dimension":null},{"efficiency":7.188,"fill_factor":65.1645018790796,"jsc":17.4,"voc":0.6339393939393939,"key":"reverse_4_323050112","cell_dimension":null},{"efficiency":6.3375,"fill_factor":66.57393749351316,"jsc":14.749999999999998,"voc":0.6453892215568863,"key":"reverse_4_323050105","cell_dimension":null},{"efficiency":6.612,"fill_factor":64.75846374468156,"jsc":16.475,"voc":0.619741935483871,"key":"reverse_3_323050112","cell_dimension":null},{"efficiency":5.5875,"fill_factor":64.72284391638364,"jsc":13.275,"voc":0.6503174603174603,"key":"reverse_3_323050105","cell_dimension":null},{"efficiency":7.1499999999999995,"fill_factor":64.93579253099799,"jsc":17.25,"voc":0.6383116883116883,"key":"reverse_2_323050112","cell_dimension":null},{"efficiency":6.032,"fill_factor":68.88664472900682,"jsc":13.1,"voc":0.6684285714285715,"key":"reverse_2_323050105","cell_dimension":null},{"efficiency":6.732,"fill_factor":64.7532898102859,"jsc":16.375,"voc":0.6348936170212766,"key":"reverse_1_323050112","cell_dimension":null},{"efficiency":6.331499999999999,"fill_factor":70.01787534531917,"jsc":13.325000000000001,"voc":0.6786259541984733,"key":"reverse_1_323050105","cell_dimension":null},{"efficiency":7.425000000000001,"fill_factor":75.63861577478953,"jsc":14.524999999999999,"voc":0.6758288770053477,"key":"forward_7_323050105","cell_dimension":null},{"efficiency":7.236000000000001,"fill_factor":74.50642245480495,"jsc":14.399999999999999,"voc":0.6744385026737968,"key":"forward_6_323050105","cell_dimension":null},{"efficiency":8.736,"fill_factor":76.45333154968898,"jsc":16.825,"voc":0.6791428571428572,"key":"forward_5_323050112","cell_dimension":null},{"efficiency":8.424000000000001,"fill_factor":75.96052031565196,"jsc":16.35,"voc":0.6782857142857144,"key":"forward_5_323050105","cell_dimension":null},{"efficiency":8.694,"fill_factor":77.31989764963465,"jsc":16.7,"voc":0.6733050847457628,"key":"forward_4_323050112","cell_dimension":null},{"efficiency":7.357500000000002,"fill_factor":75.49229348934294,"jsc":14.424999999999999,"voc":0.6756345177664974,"key":"forward_4_323050105","cell_dimension":null},{"efficiency":8.275500000000001,"fill_factor":80.30125411087158,"jsc":15.45,"voc":0.6670270270270271,"key":"forward_3_323050112","cell_dimension":null},{"efficiency":6.5745,"fill_factor":74.90032376118879,"jsc":12.975,"voc":0.6765060240963856,"key":"forward_3_323050105","cell_dimension":null},{"efficiency":8.6805,"fill_factor":77.79077405934089,"jsc":16.5,"voc":0.6762895927601811,"key":"forward_2_323050112","cell_dimension":null},{"efficiency":6.636,"fill_factor":72.54897436489074,"jsc":13.3,"voc":0.6877386934673367,"key":"forward_2_323050105","cell_dimension":null},{"efficiency":8.154,"fill_factor":77.08388440907864,"jsc":15.725,"voc":0.6726923076923077,"key":"forward_1_323050112","cell_dimension":null},{"efficiency":6.734000000000001,"fill_factor":70.62430323299888,"jsc":13.8,"voc":0.690939226519337,"key":"forward_1_323050105","cell_dimension":null}]},"public":2,"analysis":{"JV":[{"V":{"unit":"V","value":[0.7,0.68,0.66,0.64,0.62,0.6,0.58,0.56,0.54,0.52,0.5,0.48,0.46,0.44,0.42,0.4,0.38,0.36,0.34,0.32,0.3,0.28,0.26,0.24,0.22,0.2,0.18,0.16,0.14,0.12,0.1,0.08,0.06,0.04,0.02,0,-0.02,-0.04]},"J":{"unit":"A\/cm2","value":[-0.010825,-0.006975,-0.00285,0.0009249999999999999,0.004125,0.006475,0.008525,0.0101,0.011175000000000001,0.012,0.0126,0.01295,0.013325000000000002,0.013600000000000001,0.013800000000000002,0.014000000000000002,0.014124999999999999,0.014174999999999998,0.014349999999999998,0.014374999999999999,0.01445,0.014499999999999999,0.014575,0.0146,0.014649999999999998,0.014649999999999998,0.0147,0.014725,0.014749999999999997,0.014774999999999998,0.014799999999999999,0.014774999999999998,0.01485,0.014799999999999999,0.01485,0.014874999999999998,0.014874999999999998,0.014874999999999998]},"I":{"unit":"A","value":[-0.000433,-0.000279,-0.000114,3.7e-5,0.000165,0.000259,0.00034100000000000005,0.000404,0.000447,0.00047999999999999996,0.000504,0.000518,0.000533,0.000544,0.0005520000000000001,0.0005600000000000001,0.000565,0.0005669999999999999,0.000574,0.000575,0.000578,0.00058,0.000583,0.000584,0.0005859999999999999,0.0005859999999999999,0.000588,0.000589,0.0005899999999999999,0.0005909999999999999,0.000592,0.0005909999999999999,0.000594,0.000592,0.000594,0.0005949999999999999,0.0005949999999999999,0.0005949999999999999]},"efficiency":{"unit":"%","value":6.3},"fill_factor":{"unit":"%","value":65.6735892138741},"jsc":{"unit":"mA\/cm2","value":14.874999999999998},"isc":{"unit":"mA","value":0.595},"voc":{"unit":"V","value":0.6449006622516557},"sweep_direction":{"unit":"","value":"Reverse"},"key":"reverse_7_323050105"},{"V":{"unit":"V","value":[0.7,0.68,0.66,0.64,0.62,0.6,0.58,0.56,0.54,0.52,0.5,0.48,0.46,0.44,0.42,0.4,0.38,0.36,0.34,0.32,0.3,0.28,0.26,0.24,0.22,0.2,0.18,0.16,0.14,0.12,0.1,0.08,0.06,0.04,0.02,0,-0.02,-0.04]},"J":{"unit":"A\/cm2","value":[-0.011075,-0.007324999999999999,-0.00295,0.0008750000000000001,0.0040999999999999995,0.006525,0.008475,0.01,0.0111,0.011875,0.012424999999999999,0.012825,0.013125,0.013375,0.013550000000000001,0.013725000000000001,0.013875000000000002,0.01395,0.014099999999999998,0.014199999999999999,0.014249999999999999,0.014374999999999999,0.014424999999999999,0.014499999999999999,0.014549999999999999,0.0146,0.014674999999999999,0.014725,0.0147,0.014825,0.014799999999999999,0.01485,0.014874999999999998,0.014899999999999998,0.014924999999999999,0.01495,0.01495,0.014975]},"I":{"unit":"A","value":[-0.000443,-0.00029299999999999997,-0.000118,3.5000000000000004e-5,0.000164,0.000261,0.000339,0.0004,0.000444,0.000475,0.000497,0.000513,0.0005250000000000001,0.000535,0.0005420000000000001,0.000549,0.000555,0.000558,0.0005639999999999999,0.0005679999999999999,0.00057,0.000575,0.0005769999999999999,0.00058,0.0005819999999999999,0.000584,0.000587,0.000589,0.000588,0.000593,0.000592,0.000594,0.0005949999999999999,0.000596,0.000597,0.000598,0.000598,0.0005989999999999999]},"efficiency":{"unit":"%","value":6.2124999999999995},"fill_factor":{"unit":"%","value":64.46910508834625},"jsc":{"unit":"mA\/cm2","value":14.95},"isc":{"unit":"mA","value":0.598},"voc":{"unit":"V","value":0.6445751633986929},"sweep_direction":{"unit":"","value":"Reverse"},"key":"reverse_6_323050105"},{"V":{"unit":"V","value":[0.7,0.68,0.66,0.64,0.62,0.6,0.58,0.56,0.54,0.52,0.5,0.48,0.46,0.44,0.42,0.4,0.38,0.36,0.34,0.32,0.3,0.28,0.26,0.24,0.22,0.2,0.18,0.16,0.14,0.12,0.1,0.08,0.06,0.04,0.02,0,-0.02,-0.04]},"J":{"unit":"A\/cm2","value":[-0.0124,-0.008425,-0.00365,0.0007,0.004425,0.007225,0.00965,0.011474999999999999,0.01285,0.013875000000000002,0.0146,0.015175,0.0156,0.0159,0.016175000000000002,0.016375,0.016525,0.0167,0.016825,0.016900000000000002,0.017025000000000002,0.017025000000000002,0.017125,0.0172,0.0172,0.01725,0.017299999999999996,0.017325,0.017349999999999997,0.017375,0.0174,0.01745,0.017424999999999996,0.01745,0.01745,0.017474999999999997,0.0175,0.0175]},"I":{"unit":"A","value":[-0.000496,-0.000337,-0.000146,2.8e-5,0.000177,0.000289,0.000386,0.00045900000000000004,0.000514,0.000555,0.000584,0.000607,0.000624,0.0006360000000000001,0.000647,0.000655,0.000661,0.0006680000000000001,0.0006730000000000001,0.0006760000000000001,0.0006810000000000001,0.0006810000000000001,0.0006850000000000001,0.0006879999999999999,0.0006879999999999999,0.00069,0.0006919999999999999,0.0006929999999999999,0.000694,0.000695,0.000696,0.0006979999999999999,0.0006969999999999999,0.0006979999999999999,0.0006979999999999999,0.000699,0.0007,0.0007]},"efficiency":{"unit":"%","value":7.3},"fill_factor":{"unit":"%","value":64.94522451659218},"jsc":{"unit":"mA\/cm2","value":17.474999999999998},"isc":{"unit":"mA","value":0.699},"voc":{"unit":"V","value":0.6432183908045978},"sweep_direction":{"unit":"","value":"Reverse"},"key":"reverse_5_323050112"},{"V":{"unit":"V","value":[0.7,0.68,0.66,0.64,0.62,0.6,0.58,0.56,0.54,0.52,0.5,0.48,0.46,0.44,0.42,0.4,0.38,0.36,0.34,0.32,0.3,0.28,0.26,0.24,0.22,0.2,0.18,0.16,0.14,0.12,0.1,0.08,0.06,0.04,0.02,0,-0.02,-0.04]},"J":{"unit":"A\/cm2","value":[-0.011749999999999998,-0.0075,-0.0025999999999999994,0.0017000000000000001,0.00535,0.008,0.010225,0.011875,0.013025,0.013925,0.014524999999999998,0.01495,0.0153,0.015525,0.015725,0.0159,0.016,0.016125,0.016225,0.016274999999999998,0.016399999999999998,0.016399999999999998,0.016475,0.016550000000000002,0.0166,0.0166,0.016675000000000002,0.016675000000000002,0.016725,0.016775,0.016775,0.016825,0.016825,0.016825,0.016875,0.016875,0.016900000000000002,0.016925]},"I":{"unit":"A","value":[-0.00047,-0.0003,-0.000104,6.8e-5,0.000214,0.00032,0.00040899999999999997,0.000475,0.000521,0.0005570000000000001,0.0005809999999999999,0.000598,0.000612,0.000621,0.000629,0.0006360000000000001,0.00064,0.0006450000000000001,0.0006490000000000001,0.000651,0.000656,0.000656,0.0006590000000000001,0.000662,0.000664,0.000664,0.0006670000000000001,0.0006670000000000001,0.000669,0.000671,0.000671,0.0006730000000000001,0.0006730000000000001,0.0006730000000000001,0.000675,0.000675,0.0006760000000000001,0.0006770000000000001]},"efficiency":{"unit":"%","value":7.262499999999999},"fill_factor":{"unit":"%","value":66.42471617345988},"jsc":{"unit":"mA\/cm2","value":16.875},"isc":{"unit":"mA","value":0.675},"voc":{"unit":"V","value":0.6479069767441861},"sweep_direction":{"unit":"","value":"Reverse"},"key":"reverse_5_323050105"},{"V":{"unit":"V","value":[0.7,0.68,0.66,0.64,0.62,0.6,0.58,0.56,0.54,0.52,0.5,0.48,0.46,0.44,0.42,0.4,0.38,0.36,0.34,0.32,0.3,0.28,0.26,0.24,0.22,0.2,0.18,0.16,0.14,0.12,0.1,0.08,0.06,0.04,0.02,0,-0.02,-0.04]},"J":{"unit":"A\/cm2","value":[-0.0156,-0.011349999999999999,-0.00605,-0.00125,0.002875,0.0062,0.00875,0.010799999999999999,0.01235,0.013525,0.014325,0.014975,0.0154,0.01575,0.016075,0.01625,0.016425000000000002,0.016625,0.016675000000000002,0.016825,0.016925,0.01695,0.01705,0.017125,0.0171,0.0172,0.0172,0.01725,0.017299999999999996,0.017299999999999996,0.017375,0.017349999999999997,0.017375,0.017424999999999996,0.017424999999999996,0.0174,0.017474999999999997,0.017474999999999997]},"I":{"unit":"A","value":[-0.000624,-0.00045400000000000003,-0.000242,-5.0e-5,0.000115,0.000248,0.00035,0.000432,0.000494,0.000541,0.0005729999999999999,0.0005989999999999999,0.000616,0.00063,0.000643,0.00065,0.000657,0.000665,0.0006670000000000001,0.0006730000000000001,0.0006770000000000001,0.000678,0.0006820000000000001,0.0006850000000000001,0.000684,0.0006879999999999999,0.0006879999999999999,0.00069,0.0006919999999999999,0.0006919999999999999,0.000695,0.000694,0.000695,0.0006969999999999999,0.0006969999999999999,0.000696,0.000699,0.000699]},"efficiency":{"unit":"%","value":7.188},"fill_factor":{"unit":"%","value":65.1645018790796},"jsc":{"unit":"mA\/cm2","value":17.4},"isc":{"unit":"mA","value":0.696},"voc":{"unit":"V","value":0.6339393939393939},"sweep_direction":{"unit":"","value":"Reverse"},"key":"reverse_4_323050112"},{"V":{"unit":"V","value":[0.7,0.68,0.66,0.64,0.62,0.6,0.58,0.56,0.54,0.52,0.5,0.48,0.46,0.44,0.42,0.4,0.38,0.36,0.34,0.32,0.3,0.28,0.26,0.24,0.22,0.2,0.18,0.16,0.14,0.12,0.1,0.08,0.06,0.04,0.02,0,-0.02,-0.04]},"J":{"unit":"A\/cm2","value":[-0.011949999999999999,-0.0078,-0.0030499999999999998,0.001125,0.004449999999999999,0.006900000000000001,0.008899999999999998,0.01035,0.011425000000000001,0.012174999999999998,0.012675,0.013099999999999999,0.013349999999999999,0.013575,0.013800000000000002,0.013900000000000001,0.014000000000000002,0.014124999999999999,0.014174999999999998,0.014274999999999998,0.014325,0.014374999999999999,0.014424999999999999,0.014474999999999998,0.014499999999999999,0.014549999999999999,0.014575,0.014624999999999997,0.014674999999999999,0.014649999999999998,0.0147,0.0147,0.014725,0.014749999999999997,0.014725,0.014749999999999997,0.014774999999999998,0.014749999999999997]},"I":{"unit":"A","value":[-0.00047799999999999996,-0.000312,-0.000122,4.4999999999999996e-5,0.000178,0.00027600000000000004,0.000356,0.000414,0.000457,0.00048699999999999997,0.000507,0.000524,0.0005340000000000001,0.0005430000000000001,0.0005520000000000001,0.0005560000000000001,0.0005600000000000001,0.000565,0.0005669999999999999,0.000571,0.0005729999999999999,0.000575,0.0005769999999999999,0.000579,0.00058,0.0005819999999999999,0.000583,0.000585,0.000587,0.0005859999999999999,0.000588,0.000588,0.000589,0.0005899999999999999,0.000589,0.0005899999999999999,0.0005909999999999999,0.0005899999999999999]},"efficiency":{"unit":"%","value":6.3375},"fill_factor":{"unit":"%","value":66.57393749351316},"jsc":{"unit":"mA\/cm2","value":14.749999999999998},"isc":{"unit":"mA","value":0.59},"voc":{"unit":"V","value":0.6453892215568863},"sweep_direction":{"unit":"","value":"Reverse"},"key":"reverse_4_323050105"},{"V":{"unit":"V","value":[0.7,0.68,0.66,0.64,0.62,0.6,0.58,0.56,0.54,0.52,0.5,0.48,0.46,0.44,0.42,0.4,0.38,0.36,0.34,0.32,0.3,0.28,0.26,0.24,0.22,0.2,0.18,0.16,0.14,0.12,0.1,0.08,0.06,0.04,0.02,0,-0.02,-0.04]},"J":{"unit":"A\/cm2","value":[-0.019425,-0.015425,-0.009800000000000001,-0.004575,-5.0e-5,0.003825,0.0066749999999999995,0.0091,0.010875,0.01215,0.013125,0.013775,0.014299999999999998,0.0147,0.014975,0.0152,0.0154,0.01555,0.0157,0.0158,0.015875,0.015975,0.016024999999999998,0.0161,0.016175000000000002,0.016175000000000002,0.01625,0.016300000000000002,0.016274999999999998,0.016375,0.016399999999999998,0.016375,0.01645,0.01645,0.01645,0.016475,0.016475,0.0165]},"I":{"unit":"A","value":[-0.000777,-0.000617,-0.00039200000000000004,-0.000183,-2.0e-6,0.000153,0.00026700000000000004,0.000364,0.000435,0.000486,0.0005250000000000001,0.0005510000000000001,0.0005719999999999999,0.000588,0.0005989999999999999,0.000608,0.000616,0.000622,0.000628,0.000632,0.000635,0.000639,0.000641,0.000644,0.000647,0.000647,0.00065,0.000652,0.000651,0.000655,0.000656,0.000655,0.0006580000000000001,0.0006580000000000001,0.0006580000000000001,0.0006590000000000001,0.0006590000000000001,0.00066]},"efficiency":{"unit":"%","value":6.612},"fill_factor":{"unit":"%","value":64.75846374468156},"jsc":{"unit":"mA\/cm2","value":16.475},"isc":{"unit":"mA","value":0.659},"voc":{"unit":"V","value":0.619741935483871},"sweep_direction":{"unit":"","value":"Reverse"},"key":"reverse_3_323050112"},{"V":{"unit":"V","value":[0.7,0.68,0.66,0.64,0.62,0.6,0.58,0.56,0.54,0.52,0.5,0.48,0.46,0.44,0.42,0.4,0.38,0.36,0.34,0.32,0.3,0.28,0.26,0.24,0.22,0.2,0.18,0.16,0.14,0.12,0.1,0.08,0.06,0.04,0.02,0,-0.02,-0.04]},"J":{"unit":"A\/cm2","value":[-0.008425,-0.005149999999999999,-0.0015249999999999999,0.001625,0.004125,0.00625,0.007875,0.009125,0.009975,0.010674999999999999,0.011175000000000001,0.0115,0.011774999999999999,0.011975,0.012125,0.012325,0.012424999999999999,0.012525,0.012625,0.0127,0.0128,0.012875,0.012925,0.013,0.013025,0.013075000000000002,0.013125,0.013125,0.013200000000000002,0.013200000000000002,0.01325,0.013275,0.01325,0.013275,0.013325000000000002,0.013275,0.013349999999999999,0.013349999999999999]},"I":{"unit":"A","value":[-0.000337,-0.000206,-6.1e-5,6.500000000000001e-5,0.000165,0.00025,0.000315,0.000365,0.000399,0.00042699999999999997,0.000447,0.00046,0.00047099999999999996,0.000479,0.00048499999999999997,0.000493,0.000497,0.000501,0.000505,0.000508,0.000512,0.000515,0.000517,0.0005200000000000001,0.000521,0.000523,0.0005250000000000001,0.0005250000000000001,0.000528,0.000528,0.00053,0.000531,0.00053,0.000531,0.000533,0.000531,0.0005340000000000001,0.0005340000000000001]},"efficiency":{"unit":"%","value":5.5875},"fill_factor":{"unit":"%","value":64.72284391638364},"jsc":{"unit":"mA\/cm2","value":13.275},"isc":{"unit":"mA","value":0.531},"voc":{"unit":"V","value":0.6503174603174603},"sweep_direction":{"unit":"","value":"Reverse"},"key":"reverse_3_323050105"},{"V":{"unit":"V","value":[0.7,0.68,0.66,0.64,0.62,0.6,0.58,0.56,0.54,0.52,0.5,0.48,0.46,0.44,0.42,0.4,0.38,0.36,0.34,0.32,0.3,0.28,0.26,0.24,0.22,0.2,0.18,0.16,0.14,0.12,0.1,0.08,0.06,0.04,0.02,0,-0.02,-0.04]},"J":{"unit":"A\/cm2","value":[-0.014025000000000001,-0.0099,-0.004875,-0.00032499999999999993,0.0035249999999999995,0.006575,0.009075,0.011,0.012475,0.0135,0.014299999999999998,0.014874999999999998,0.0153,0.01565,0.0159,0.0161,0.016300000000000002,0.016399999999999998,0.0165,0.01665,0.016675000000000002,0.016775,0.01685,0.016875,0.01695,0.016975,0.017025000000000002,0.017075,0.017075,0.017125,0.017175,0.017175,0.0172,0.0172,0.017224999999999997,0.01725,0.017224999999999997,0.01725]},"I":{"unit":"A","value":[-0.0005610000000000001,-0.00039600000000000003,-0.000195,-1.3e-5,0.00014099999999999998,0.000263,0.000363,0.00044,0.000499,0.00054,0.0005719999999999999,0.0005949999999999999,0.000612,0.000626,0.0006360000000000001,0.000644,0.000652,0.000656,0.00066,0.000666,0.0006670000000000001,0.000671,0.000674,0.000675,0.000678,0.000679,0.0006810000000000001,0.000683,0.000683,0.0006850000000000001,0.000687,0.000687,0.0006879999999999999,0.0006879999999999999,0.0006889999999999999,0.00069,0.0006889999999999999,0.00069]},"efficiency":{"unit":"%","value":7.1499999999999995},"fill_factor":{"unit":"%","value":64.93579253099799},"jsc":{"unit":"mA\/cm2","value":17.25},"isc":{"unit":"mA","value":0.69},"voc":{"unit":"V","value":0.6383116883116883},"sweep_direction":{"unit":"","value":"Reverse"},"key":"reverse_2_323050112"},{"V":{"unit":"V","value":[0.7,0.68,0.66,0.64,0.62,0.6,0.58,0.56,0.54,0.52,0.5,0.48,0.46,0.44,0.42,0.4,0.38,0.36,0.34,0.32,0.3,0.28,0.26,0.24,0.22,0.2,0.18,0.16,0.14,0.12,0.1,0.08,0.06,0.04,0.02,0,-0.02,-0.04]},"J":{"unit":"A\/cm2","value":[-0.005399999999999999,-0.002025,0.001475,0.004399999999999999,0.00645,0.008199999999999999,0.0095,0.010424999999999999,0.0111,0.0116,0.011899999999999999,0.012174999999999998,0.012375,0.012475,0.0126,0.012675,0.012725,0.0128,0.01285,0.012875,0.0129,0.012925,0.012975,0.012975,0.012975,0.013025,0.013025,0.013025,0.01305,0.013025,0.013075000000000002,0.013075000000000002,0.01305,0.013099999999999999,0.01305,0.013099999999999999,0.013099999999999999,0.013075000000000002]},"I":{"unit":"A","value":[-0.000216,-8.1e-5,5.9e-5,0.000176,0.000258,0.000328,0.00038,0.000417,0.000444,0.000464,0.00047599999999999997,0.00048699999999999997,0.000495,0.000499,0.000504,0.000507,0.000509,0.000512,0.000514,0.000515,0.000516,0.000517,0.000519,0.000519,0.000519,0.000521,0.000521,0.000521,0.000522,0.000521,0.000523,0.000523,0.000522,0.000524,0.000522,0.000524,0.000524,0.000523]},"efficiency":{"unit":"%","value":6.032},"fill_factor":{"unit":"%","value":68.88664472900682},"jsc":{"unit":"mA\/cm2","value":13.1},"isc":{"unit":"mA","value":0.524},"voc":{"unit":"V","value":0.6684285714285715},"sweep_direction":{"unit":"","value":"Reverse"},"key":"reverse_2_323050105"},{"V":{"unit":"V","value":[0.7,0.68,0.66,0.64,0.62,0.6,0.58,0.56,0.54,0.52,0.5,0.48,0.46,0.44,0.42,0.4,0.38,0.36,0.34,0.32,0.3,0.28,0.26,0.24,0.22,0.2,0.18,0.16,0.14,0.12,0.1,0.08,0.06,0.04,0.02,0,-0.02,-0.04]},"J":{"unit":"A\/cm2","value":[-0.013075000000000002,-0.00945,-0.004975,-0.0008999999999999999,0.002625,0.0055,0.008,0.0099,0.011474999999999999,0.012549999999999999,0.0134,0.014025000000000001,0.01445,0.014774999999999998,0.015075,0.015224999999999999,0.015449999999999998,0.015525,0.01565,0.015775,0.015825,0.0159,0.015975,0.016,0.0161,0.0161,0.016149999999999998,0.0162,0.016175000000000002,0.01625,0.016225,0.016274999999999998,0.016300000000000002,0.016325,0.016274999999999998,0.016375,0.016325,0.01635]},"I":{"unit":"A","value":[-0.000523,-0.000378,-0.000199,-3.5999999999999994e-5,0.00010499999999999999,0.00022,0.00032,0.00039600000000000003,0.00045900000000000004,0.000502,0.000536,0.0005610000000000001,0.000578,0.0005909999999999999,0.000603,0.000609,0.000618,0.000621,0.000626,0.000631,0.000633,0.0006360000000000001,0.000639,0.00064,0.000644,0.000644,0.000646,0.000648,0.000647,0.00065,0.0006490000000000001,0.000651,0.000652,0.000653,0.000651,0.000655,0.000653,0.0006540000000000001]},"efficiency":{"unit":"%","value":6.732},"fill_factor":{"unit":"%","value":64.7532898102859},"jsc":{"unit":"mA\/cm2","value":16.375},"isc":{"unit":"mA","value":0.655},"voc":{"unit":"V","value":0.6348936170212766},"sweep_direction":{"unit":"","value":"Reverse"},"key":"reverse_1_323050112"},{"V":{"unit":"V","value":[0.7,0.68,0.66,0.64,0.62,0.6,0.58,0.56,0.54,0.52,0.5,0.48,0.46,0.44,0.42,0.4,0.38,0.36,0.34,0.32,0.3,0.28,0.26,0.24,0.22,0.2,0.18,0.16,0.14,0.12,0.1,0.08,0.06,0.04,0.02,0,-0.02,-0.04]},"J":{"unit":"A\/cm2","value":[-0.0035999999999999995,-0.00022499999999999997,0.0030499999999999998,0.0057,0.0076,0.00915,0.010299999999999998,0.011175000000000001,0.011725,0.012174999999999998,0.012475,0.01265,0.012825,0.01295,0.012975,0.013099999999999999,0.013099999999999999,0.01315,0.013200000000000002,0.013200000000000002,0.013200000000000002,0.013275,0.013224999999999999,0.013275,0.013300000000000001,0.013275,0.013325000000000002,0.013300000000000001,0.013275,0.013349999999999999,0.013300000000000001,0.013325000000000002,0.013325000000000002,0.013325000000000002,0.013325000000000002,0.013325000000000002,0.013325000000000002,0.013349999999999999]},"I":{"unit":"A","value":[-0.00014399999999999998,-8.999999999999999e-6,0.000122,0.000228,0.000304,0.000366,0.000412,0.000447,0.00046899999999999996,0.00048699999999999997,0.000499,0.000506,0.000513,0.000518,0.000519,0.000524,0.000524,0.000526,0.000528,0.000528,0.000528,0.000531,0.0005290000000000001,0.000531,0.000532,0.000531,0.000533,0.000532,0.000531,0.0005340000000000001,0.000532,0.000533,0.000533,0.000533,0.000533,0.000533,0.000533,0.0005340000000000001]},"efficiency":{"unit":"%","value":6.331499999999999},"fill_factor":{"unit":"%","value":70.01787534531917},"jsc":{"unit":"mA\/cm2","value":13.325000000000001},"isc":{"unit":"mA","value":0.533},"voc":{"unit":"V","value":0.6786259541984733},"sweep_direction":{"unit":"","value":"Reverse"},"key":"reverse_1_323050105"},{"V":{"unit":"V","value":[-0.04,-0.02,0,0.02,0.04,0.06,0.08,0.1,0.12,0.14,0.16,0.18,0.2,0.22,0.24,0.26,0.28,0.3,0.32,0.34,0.36,0.38,0.4,0.42,0.44,0.46,0.48,0.5,0.52,0.54,0.56,0.58,0.6,0.62,0.64,0.66,0.68,0.7]},"J":{"unit":"A\/cm2","value":[0.014199999999999999,0.014374999999999999,0.014524999999999998,0.014575,0.0147,0.014774999999999998,0.014799999999999999,0.014899999999999998,0.014899999999999998,0.014975,0.015,0.015,0.015024999999999998,0.015075,0.015024999999999998,0.015075,0.015024999999999998,0.015024999999999998,0.015,0.014975,0.014924999999999999,0.014924999999999999,0.014825,0.014799999999999999,0.0147,0.0146,0.014499999999999999,0.014299999999999998,0.01405,0.01375,0.013175000000000001,0.012525,0.011349999999999999,0.009574999999999998,0.0072499999999999995,0.0036999999999999997,-0.000975,-0.007324999999999999]},"I":{"unit":"A","value":[0.0005679999999999999,0.000575,0.0005809999999999999,0.000583,0.000588,0.0005909999999999999,0.000592,0.000596,0.000596,0.0005989999999999999,0.0006,0.0006,0.000601,0.000603,0.000601,0.000603,0.000601,0.000601,0.0006,0.0005989999999999999,0.000597,0.000597,0.000593,0.000592,0.000588,0.000584,0.00058,0.0005719999999999999,0.0005620000000000001,0.00055,0.000527,0.000501,0.00045400000000000003,0.000383,0.00029,0.000148,-3.9e-5,-0.00029299999999999997]},"efficiency":{"unit":"%","value":7.425000000000001},"fill_factor":{"unit":"%","value":75.63861577478953},"jsc":{"unit":"mA\/cm2","value":14.524999999999999},"isc":{"unit":"mA","value":0.581},"voc":{"unit":"V","value":0.6758288770053477},"sweep_direction":{"unit":"","value":"Forward"},"key":"forward_7_323050105"},{"V":{"unit":"V","value":[-0.04,-0.02,0,0.02,0.04,0.06,0.08,0.1,0.12,0.14,0.16,0.18,0.2,0.22,0.24,0.26,0.28,0.3,0.32,0.34,0.36,0.38,0.4,0.42,0.44,0.46,0.48,0.5,0.52,0.54,0.56,0.58,0.6,0.62,0.64,0.66,0.68,0.7]},"J":{"unit":"A\/cm2","value":[0.014025000000000001,0.014224999999999998,0.014399999999999998,0.014524999999999998,0.014649999999999998,0.014774999999999998,0.014874999999999998,0.01495,0.015024999999999998,0.015024999999999998,0.015149999999999999,0.015125,0.015149999999999999,0.0152,0.015175,0.015149999999999999,0.015175,0.015099999999999999,0.015099999999999999,0.01505,0.01495,0.014924999999999999,0.014799999999999999,0.014725,0.014624999999999997,0.014474999999999998,0.014299999999999998,0.014074999999999997,0.013775,0.0134,0.012825,0.012025,0.0109,0.009174999999999999,0.00675,0.003375,-0.0012999999999999997,-0.007574999999999999]},"I":{"unit":"A","value":[0.0005610000000000001,0.000569,0.0005759999999999999,0.0005809999999999999,0.0005859999999999999,0.0005909999999999999,0.0005949999999999999,0.000598,0.000601,0.000601,0.000606,0.000605,0.000606,0.000608,0.000607,0.000606,0.000607,0.0006039999999999999,0.0006039999999999999,0.000602,0.000598,0.000597,0.000592,0.000589,0.000585,0.000579,0.0005719999999999999,0.0005629999999999999,0.0005510000000000001,0.000536,0.000513,0.000481,0.00043599999999999997,0.000367,0.00027,0.000135,-5.2e-5,-0.000303]},"efficiency":{"unit":"%","value":7.236000000000001},"fill_factor":{"unit":"%","value":74.50642245480495},"jsc":{"unit":"mA\/cm2","value":14.399999999999999},"isc":{"unit":"mA","value":0.576},"voc":{"unit":"V","value":0.6744385026737968},"sweep_direction":{"unit":"","value":"Forward"},"key":"forward_6_323050105"},{"V":{"unit":"V","value":[-0.04,-0.02,0,0.02,0.04,0.06,0.08,0.1,0.12,0.14,0.16,0.18,0.2,0.22,0.24,0.26,0.28,0.3,0.32,0.34,0.36,0.38,0.4,0.42,0.44,0.46,0.48,0.5,0.52,0.54,0.56,0.58,0.6,0.62,0.64,0.66,0.68,0.7]},"J":{"unit":"A\/cm2","value":[0.016425000000000002,0.0167,0.016825,0.017,0.017125,0.0172,0.017299999999999996,0.017375,0.017424999999999996,0.0175,0.0175,0.017575,0.017599999999999998,0.017599999999999998,0.017674999999999996,0.01765,0.01765,0.017674999999999996,0.017625,0.017625,0.017625,0.017525,0.017549999999999996,0.0174,0.017349999999999997,0.017224999999999997,0.01705,0.016875,0.016575,0.016125,0.0156,0.0147,0.013425000000000001,0.0116,0.008825,0.005025,-0.00022499999999999997,-0.00735]},"I":{"unit":"A","value":[0.000657,0.0006680000000000001,0.0006730000000000001,0.00068,0.0006850000000000001,0.0006879999999999999,0.0006919999999999999,0.000695,0.0006969999999999999,0.0007,0.0007,0.000703,0.000704,0.000704,0.000707,0.0007059999999999999,0.0007059999999999999,0.000707,0.000705,0.000705,0.000705,0.0007009999999999999,0.0007019999999999999,0.000696,0.000694,0.0006889999999999999,0.0006820000000000001,0.000675,0.0006630000000000001,0.0006450000000000001,0.000624,0.000588,0.000537,0.000464,0.00035299999999999996,0.000201,-8.999999999999999e-6,-0.000294]},"efficiency":{"unit":"%","value":8.736},"fill_factor":{"unit":"%","value":76.45333154968898},"jsc":{"unit":"mA\/cm2","value":16.825},"isc":{"unit":"mA","value":0.673},"voc":{"unit":"V","value":0.6791428571428572},"sweep_direction":{"unit":"","value":"Forward"},"key":"forward_5_323050112"},{"V":{"unit":"V","value":[-0.04,-0.02,0,0.02,0.04,0.06,0.08,0.1,0.12,0.14,0.16,0.18,0.2,0.22,0.24,0.26,0.28,0.3,0.32,0.34,0.36,0.38,0.4,0.42,0.44,0.46,0.48,0.5,0.52,0.54,0.56,0.58,0.6,0.62,0.64,0.66,0.68,0.7]},"J":{"unit":"A\/cm2","value":[0.016024999999999998,0.0162,0.01635,0.016425000000000002,0.0165,0.016625,0.016675000000000002,0.016775,0.016800000000000002,0.01685,0.016900000000000002,0.016925,0.01695,0.017025000000000002,0.01695,0.017025000000000002,0.017,0.016975,0.016975,0.01695,0.016900000000000002,0.016900000000000002,0.016825,0.016775,0.016725,0.016575,0.016425000000000002,0.016225,0.015975,0.0156,0.015,0.014174999999999998,0.012975,0.011125,0.008525,0.0048,-0.00044999999999999993,-0.007425]},"I":{"unit":"A","value":[0.000641,0.000648,0.0006540000000000001,0.000657,0.00066,0.000665,0.0006670000000000001,0.000671,0.0006720000000000001,0.000674,0.0006760000000000001,0.0006770000000000001,0.000678,0.0006810000000000001,0.000678,0.0006810000000000001,0.00068,0.000679,0.000679,0.000678,0.0006760000000000001,0.0006760000000000001,0.0006730000000000001,0.000671,0.000669,0.0006630000000000001,0.000657,0.0006490000000000001,0.000639,0.000624,0.0006,0.0005669999999999999,0.000519,0.00044500000000000003,0.00034100000000000005,0.000192,-1.7999999999999997e-5,-0.000297]},"efficiency":{"unit":"%","value":8.424000000000001},"fill_factor":{"unit":"%","value":75.96052031565196},"jsc":{"unit":"mA\/cm2","value":16.35},"isc":{"unit":"mA","value":0.654},"voc":{"unit":"V","value":0.6782857142857144},"sweep_direction":{"unit":"","value":"Forward"},"key":"forward_5_323050105"},{"V":{"unit":"V","value":[-0.04,-0.02,0,0.02,0.04,0.06,0.08,0.1,0.12,0.14,0.16,0.18,0.2,0.22,0.24,0.26,0.28,0.3,0.32,0.34,0.36,0.38,0.4,0.42,0.44,0.46,0.48,0.5,0.52,0.54,0.56,0.58,0.6,0.62,0.64,0.66,0.68,0.7]},"J":{"unit":"A\/cm2","value":[0.016274999999999998,0.0165,0.0167,0.016800000000000002,0.016925,0.017075,0.0171,0.0172,0.017275,0.017325,0.017424999999999996,0.017424999999999996,0.017474999999999997,0.017525,0.017525,0.017525,0.017599999999999998,0.017525,0.017575,0.017549999999999996,0.017525,0.0175,0.01745,0.017349999999999997,0.017325,0.017150000000000002,0.01705,0.016825,0.016525,0.0161,0.015475,0.014499999999999999,0.013175000000000001,0.0111,0.0081,0.003925,-0.001975,-0.00975]},"I":{"unit":"A","value":[0.000651,0.00066,0.0006680000000000001,0.0006720000000000001,0.0006770000000000001,0.000683,0.000684,0.0006879999999999999,0.000691,0.0006929999999999999,0.0006969999999999999,0.0006969999999999999,0.000699,0.0007009999999999999,0.0007009999999999999,0.0007009999999999999,0.000704,0.0007009999999999999,0.000703,0.0007019999999999999,0.0007009999999999999,0.0007,0.0006979999999999999,0.000694,0.0006929999999999999,0.0006860000000000001,0.0006820000000000001,0.0006730000000000001,0.000661,0.000644,0.000619,0.00058,0.000527,0.000444,0.000324,0.000157,-7.9e-5,-0.00039]},"efficiency":{"unit":"%","value":8.694},"fill_factor":{"unit":"%","value":77.31989764963465},"jsc":{"unit":"mA\/cm2","value":16.7},"isc":{"unit":"mA","value":0.668},"voc":{"unit":"V","value":0.6733050847457628},"sweep_direction":{"unit":"","value":"Forward"},"key":"forward_4_323050112"},{"V":{"unit":"V","value":[-0.04,-0.02,0,0.02,0.04,0.06,0.08,0.1,0.12,0.14,0.16,0.18,0.2,0.22,0.24,0.26,0.28,0.3,0.32,0.34,0.36,0.38,0.4,0.42,0.44,0.46,0.48,0.5,0.52,0.54,0.56,0.58,0.6,0.62,0.64,0.66,0.68,0.7]},"J":{"unit":"A\/cm2","value":[0.014224999999999998,0.014349999999999998,0.014424999999999999,0.014474999999999998,0.014549999999999999,0.014649999999999998,0.014649999999999998,0.014749999999999997,0.014749999999999997,0.014799999999999999,0.01485,0.01485,0.014874999999999998,0.014899999999999998,0.014874999999999998,0.014924999999999999,0.014899999999999998,0.014899999999999998,0.014899999999999998,0.01485,0.014825,0.014799999999999999,0.014725,0.0147,0.014624999999999997,0.014474999999999998,0.014374999999999999,0.014199999999999999,0.01395,0.013625,0.013125,0.0124,0.011349999999999999,0.009699999999999999,0.00735,0.00385,-0.001075,-0.008025000000000001]},"I":{"unit":"A","value":[0.000569,0.000574,0.0005769999999999999,0.000579,0.0005819999999999999,0.0005859999999999999,0.0005859999999999999,0.0005899999999999999,0.0005899999999999999,0.000592,0.000594,0.000594,0.0005949999999999999,0.000596,0.0005949999999999999,0.000597,0.000596,0.000596,0.000596,0.000594,0.000593,0.000592,0.000589,0.000588,0.000585,0.000579,0.000575,0.0005679999999999999,0.000558,0.000545,0.0005250000000000001,0.000496,0.00045400000000000003,0.000388,0.000294,0.000154,-4.2999999999999995e-5,-0.000321]},"efficiency":{"unit":"%","value":7.357500000000002},"fill_factor":{"unit":"%","value":75.49229348934294},"jsc":{"unit":"mA\/cm2","value":14.424999999999999},"isc":{"unit":"mA","value":0.577},"voc":{"unit":"V","value":0.6756345177664974},"sweep_direction":{"unit":"","value":"Forward"},"key":"forward_4_323050105"},{"V":{"unit":"V","value":[-0.04,-0.02,0,0.02,0.04,0.06,0.08,0.1,0.12,0.14,0.16,0.18,0.2,0.22,0.24,0.26,0.28,0.3,0.32,0.34,0.36,0.38,0.4,0.42,0.44,0.46,0.48,0.5,0.52,0.54,0.56,0.58,0.6,0.62,0.64,0.66,0.68,0.7]},"J":{"unit":"A\/cm2","value":[0.015024999999999998,0.015274999999999999,0.015449999999999998,0.015625,0.01575,0.01585,0.016024999999999998,0.016075,0.016225,0.016274999999999998,0.01635,0.016425000000000002,0.01645,0.0165,0.016575,0.016575,0.0166,0.016625,0.016625,0.016625,0.016575,0.016550000000000002,0.016550000000000002,0.01645,0.016399999999999998,0.016325,0.016149999999999998,0.016,0.0157,0.015325,0.014725,0.01375,0.01235,0.010150000000000001,0.006900000000000001,0.002275,-0.004200000000000001,-0.012975]},"I":{"unit":"A","value":[0.000601,0.000611,0.000618,0.000625,0.00063,0.000634,0.000641,0.000643,0.0006490000000000001,0.000651,0.0006540000000000001,0.000657,0.0006580000000000001,0.00066,0.0006630000000000001,0.0006630000000000001,0.000664,0.000665,0.000665,0.000665,0.0006630000000000001,0.000662,0.000662,0.0006580000000000001,0.000656,0.000653,0.000646,0.00064,0.000628,0.0006129999999999999,0.000589,0.00055,0.000494,0.000406,0.00027600000000000004,9.1e-5,-0.00016800000000000002,-0.000519]},"efficiency":{"unit":"%","value":8.275500000000001},"fill_factor":{"unit":"%","value":80.30125411087158},"jsc":{"unit":"mA\/cm2","value":15.45},"isc":{"unit":"mA","value":0.618},"voc":{"unit":"V","value":0.6670270270270271},"sweep_direction":{"unit":"","value":"Forward"},"key":"forward_3_323050112"},{"V":{"unit":"V","value":[-0.04,-0.02,0,0.02,0.04,0.06,0.08,0.1,0.12,0.14,0.16,0.18,0.2,0.22,0.24,0.26,0.28,0.3,0.32,0.34,0.36,0.38,0.4,0.42,0.44,0.46,0.48,0.5,0.52,0.54,0.56,0.58,0.6,0.62,0.64,0.66,0.68,0.7]},"J":{"unit":"A\/cm2","value":[0.0128,0.0129,0.012975,0.013099999999999999,0.01315,0.01325,0.013325000000000002,0.013375,0.013450000000000002,0.013475,0.013525,0.013575,0.013550000000000001,0.013575,0.013600000000000001,0.013600000000000001,0.013575,0.013575,0.013550000000000001,0.013525,0.013450000000000002,0.013425000000000001,0.013375,0.013275,0.013200000000000002,0.013075000000000002,0.012925,0.012775,0.0125,0.012174999999999998,0.011725,0.010975,0.009975,0.0085,0.00635,0.003425,-0.000725,-0.005925]},"I":{"unit":"A","value":[0.000512,0.000516,0.000519,0.000524,0.000526,0.00053,0.000533,0.000535,0.0005380000000000001,0.000539,0.000541,0.0005430000000000001,0.0005420000000000001,0.0005430000000000001,0.000544,0.000544,0.0005430000000000001,0.0005430000000000001,0.0005420000000000001,0.000541,0.0005380000000000001,0.000537,0.000535,0.000531,0.000528,0.000523,0.000517,0.0005110000000000001,0.0005,0.00048699999999999997,0.00046899999999999996,0.000439,0.000399,0.00034,0.000254,0.00013700000000000002,-2.9e-5,-0.000237]},"efficiency":{"unit":"%","value":6.5745},"fill_factor":{"unit":"%","value":74.90032376118879},"jsc":{"unit":"mA\/cm2","value":12.975},"isc":{"unit":"mA","value":0.519},"voc":{"unit":"V","value":0.6765060240963856},"sweep_direction":{"unit":"","value":"Forward"},"key":"forward_3_323050105"},{"V":{"unit":"V","value":[-0.04,-0.02,0,0.02,0.04,0.06,0.08,0.1,0.12,0.14,0.16,0.18,0.2,0.22,0.24,0.26,0.28,0.3,0.32,0.34,0.36,0.38,0.4,0.42,0.44,0.46,0.48,0.5,0.52,0.54,0.56,0.58,0.6,0.62,0.64,0.66,0.68,0.7]},"J":{"unit":"A\/cm2","value":[0.016149999999999998,0.016325,0.0165,0.016625,0.01675,0.016875,0.016925,0.01705,0.0171,0.017175,0.01725,0.01725,0.017325,0.017349999999999997,0.017375,0.017424999999999996,0.0174,0.0174,0.017424999999999996,0.017375,0.0174,0.017375,0.017275,0.01725,0.017150000000000002,0.01705,0.016900000000000002,0.0167,0.01645,0.016075,0.015475,0.0146,0.013300000000000001,0.011300000000000001,0.008575000000000001,0.0045,-0.0010249999999999999,-0.0085]},"I":{"unit":"A","value":[0.000646,0.000653,0.00066,0.000665,0.00067,0.000675,0.0006770000000000001,0.0006820000000000001,0.000684,0.000687,0.00069,0.00069,0.0006929999999999999,0.000694,0.000695,0.0006969999999999999,0.000696,0.000696,0.0006969999999999999,0.000695,0.000696,0.000695,0.000691,0.00069,0.0006860000000000001,0.0006820000000000001,0.0006760000000000001,0.0006680000000000001,0.0006580000000000001,0.000643,0.000619,0.000584,0.000532,0.00045200000000000004,0.00034300000000000004,0.00017999999999999998,-4.1e-5,-0.00034]},"efficiency":{"unit":"%","value":8.6805},"fill_factor":{"unit":"%","value":77.79077405934089},"jsc":{"unit":"mA\/cm2","value":16.5},"isc":{"unit":"mA","value":0.66},"voc":{"unit":"V","value":0.6762895927601811},"sweep_direction":{"unit":"","value":"Forward"},"key":"forward_2_323050112"},{"V":{"unit":"V","value":[-0.04,-0.02,0,0.02,0.04,0.06,0.08,0.1,0.12,0.14,0.16,0.18,0.2,0.22,0.24,0.26,0.28,0.3,0.32,0.34,0.36,0.38,0.4,0.42,0.44,0.46,0.48,0.5,0.52,0.54,0.56,0.58,0.6,0.62,0.64,0.66,0.68,0.7]},"J":{"unit":"A\/cm2","value":[0.013325000000000002,0.013275,0.013300000000000001,0.013300000000000001,0.013325000000000002,0.013325000000000002,0.013349999999999999,0.013375,0.013349999999999999,0.013375,0.013375,0.013375,0.013375,0.013375,0.013349999999999999,0.013349999999999999,0.013325000000000002,0.013325000000000002,0.013300000000000001,0.01325,0.013224999999999999,0.013200000000000002,0.013125,0.013099999999999999,0.013,0.012925,0.012825,0.012675,0.012475,0.012225,0.01185,0.011325,0.010575,0.009425000000000001,0.007775,0.005375,0.001925,-0.0030499999999999998]},"I":{"unit":"A","value":[0.000533,0.000531,0.000532,0.000532,0.000533,0.000533,0.0005340000000000001,0.000535,0.0005340000000000001,0.000535,0.000535,0.000535,0.000535,0.000535,0.0005340000000000001,0.0005340000000000001,0.000533,0.000533,0.000532,0.00053,0.0005290000000000001,0.000528,0.0005250000000000001,0.000524,0.0005200000000000001,0.000517,0.000513,0.000507,0.000499,0.000489,0.000474,0.000453,0.000423,0.000377,0.000311,0.000215,7.7e-5,-0.000122]},"efficiency":{"unit":"%","value":6.636},"fill_factor":{"unit":"%","value":72.54897436489074},"jsc":{"unit":"mA\/cm2","value":13.3},"isc":{"unit":"mA","value":0.532},"voc":{"unit":"V","value":0.6877386934673367},"sweep_direction":{"unit":"","value":"Forward"},"key":"forward_2_323050105"},{"V":{"unit":"V","value":[-0.04,-0.02,0,0.02,0.04,0.06,0.08,0.1,0.12,0.14,0.16,0.18,0.2,0.22,0.24,0.26,0.28,0.3,0.32,0.34,0.36,0.38,0.4,0.42,0.44,0.46,0.48,0.5,0.52,0.54,0.56,0.58,0.6,0.62,0.64,0.66,0.68,0.7]},"J":{"unit":"A\/cm2","value":[0.015349999999999999,0.01555,0.015725,0.0158,0.015925,0.016075,0.0161,0.0162,0.016274999999999998,0.016300000000000002,0.016399999999999998,0.016399999999999998,0.016425000000000002,0.0165,0.016475,0.0165,0.016525,0.0165,0.0165,0.0165,0.016475,0.0165,0.016399999999999998,0.016325,0.016274999999999998,0.016149999999999998,0.016024999999999998,0.015825,0.0155,0.015099999999999999,0.014424999999999999,0.0135,0.0121,0.01005,0.007225,0.0033000000000000004,-0.0019,-0.008674999999999999]},"I":{"unit":"A","value":[0.000614,0.000622,0.000629,0.000632,0.000637,0.000643,0.000644,0.000648,0.000651,0.000652,0.000656,0.000656,0.000657,0.00066,0.0006590000000000001,0.00066,0.000661,0.00066,0.00066,0.00066,0.0006590000000000001,0.00066,0.000656,0.000653,0.000651,0.000646,0.000641,0.000633,0.00062,0.0006039999999999999,0.0005769999999999999,0.00054,0.000484,0.000402,0.000289,0.000132,-7.6e-5,-0.000347]},"efficiency":{"unit":"%","value":8.154},"fill_factor":{"unit":"%","value":77.08388440907864},"jsc":{"unit":"mA\/cm2","value":15.725},"isc":{"unit":"mA","value":0.629},"voc":{"unit":"V","value":0.6726923076923077},"sweep_direction":{"unit":"","value":"Forward"},"key":"forward_1_323050112"},{"V":{"unit":"V","value":[-0.04,-0.02,0,0.02,0.04,0.06,0.08,0.1,0.12,0.14,0.16,0.18,0.2,0.22,0.24,0.26,0.28,0.3,0.32,0.34,0.36,0.38,0.4,0.42,0.44,0.46,0.48,0.5,0.52,0.54,0.56,0.58,0.6,0.62,0.64,0.66,0.68,0.7]},"J":{"unit":"A\/cm2","value":[0.013975000000000001,0.013825,0.013800000000000002,0.01375,0.01375,0.013725000000000001,0.0137,0.0137,0.013675000000000001,0.01365,0.01365,0.013600000000000001,0.013625,0.013575,0.013575,0.013575,0.013525,0.0135,0.0135,0.013450000000000002,0.013425000000000001,0.0134,0.013349999999999999,0.013300000000000001,0.01325,0.013125,0.01305,0.0129,0.0127,0.012424999999999999,0.012025,0.0115,0.010725,0.009574999999999998,0.007975,0.0057,0.002475,-0.0020499999999999997]},"I":{"unit":"A","value":[0.000559,0.000553,0.0005520000000000001,0.00055,0.00055,0.000549,0.0005480000000000001,0.0005480000000000001,0.0005470000000000001,0.000546,0.000546,0.000544,0.000545,0.0005430000000000001,0.0005430000000000001,0.0005430000000000001,0.000541,0.00054,0.00054,0.0005380000000000001,0.000537,0.000536,0.0005340000000000001,0.000532,0.00053,0.0005250000000000001,0.000522,0.000516,0.000508,0.000497,0.000481,0.00046,0.000429,0.000383,0.000319,0.000228,9.900000000000001e-5,-8.2e-5]},"efficiency":{"unit":"%","value":6.734000000000001},"fill_factor":{"unit":"%","value":70.62430323299888},"jsc":{"unit":"mA\/cm2","value":13.8},"isc":{"unit":"mA","value":0.552},"voc":{"unit":"V","value":0.690939226519337},"sweep_direction":{"unit":"","value":"Forward"},"key":"forward_1_323050105"}]}}