{"_id":"652952b06499622b4e49c9af","id":"CAU-SC-00108","author":63,"group":7,"input":[{"tco":{"unit":"","value":"ITO"}},{"htl":[{"material":{"unit":"","value":"PTAA"},"concentration":{"unit":"","value":"5"},"conc_unit":{"unit":"","value":"mg\/ml"},"quantity":{"unit":"ml","value":"0.05"}}],"solvent":[{"material":{"unit":"","value":"CB"},"volume":{"unit":"ml","value":"1"}}],"spin_coating":[{"type":{"unit":"","value":"drop&run"},"rpm":{"unit":"","value":"6000"},"time":{"unit":"s","value":"30"}}],"annealing":[{"temperature":{"unit":"oC","value":"100"},"time":{"unit":"m","value":"10"}}]},{"htl_treatment":[{"material":{"unit":"","value":"2PACz"},"concentration":{"unit":"","value":"0.4"},"conc_unit":{"unit":"","value":"mg\/ml"},"quantity":{"unit":"ml","value":"None"}}],"solvent":[{"material":{"unit":"","value":"Ethanol"},"volume":{"unit":"ml","value":"1"}}],"spin_coating":[{"type":{"unit":"","value":"drop&run"},"rpm":{"unit":"","value":"5000"},"time":{"unit":"s","value":"20"}}],"annealing":[{"temperature":{"unit":"oC","value":"150"},"time":{"unit":"m","value":"5"}}]},{"perovskite":{"method":{"unit":"","value":"1step"},"molarity":{"unit":"M","value":"1.0"},"a_site":[{"material":{"unit":"","value":"FA"},"ratio":{"unit":"","value":"83.14"}},{"material":{"unit":"","value":"Cs"},"ratio":{"unit":"","value":"16.66"}},{"material":{"unit":"","value":"BA"},"ratio":{"unit":"","value":"2"}}],"b_site":[{"material":{"unit":"","value":"Pb"},"ratio":{"unit":"","value":"100"}}],"x_site":[{"material":{"unit":"","value":"I"},"ratio":{"unit":"","value":"83"}},{"material":{"unit":"","value":"Br"},"ratio":{"unit":"","value":"17"}}],"solvent":[{"material":{"unit":"","value":"DMF"},"volume":{"unit":"ml","value":"0.8"}},{"material":{"unit":"","value":"DMSO"},"volume":{"unit":"ml","value":"0.2"}}],"additive":[{"material":{"unit":"","value":"MACl"},"solvent":{"unit":"","value":"none"},"concentration":{"unit":"","value":"7.4"},"conc_unit":{"unit":"","value":"mg\/ml"},"quantity":{"unit":"mol%","value":"10"}}],"antisolvent":[{"material":{"unit":"","value":"Anisole"},"quantity":{"unit":"ul","value":"300"},"dripping_time":{"unit":"s","value":"25"}}],"spin_coating":[{"type":{"unit":"","value":"drop&run"},"rpm":{"unit":"","value":"4000"},"time":{"unit":"s","value":"30"}}],"annealing":[{"temperature":{"unit":"oC","value":"75"},"time":{"unit":"m","value":"1"}},{"temperature":{"unit":"oC","value":"110"},"time":{"unit":"m","value":"10"}}],"atmosphere":[{"type":{"unit":"","value":"N2"},"temperature":{"unit":"oC","value":"25"},"humidity":{"unit":"RH%","value":"0"}}]}},{"etl":[{"material":{"unit":"","value":"PC61BM"},"concentration":{"unit":"","value":"20"},"conc_unit":{"unit":"","value":"mg\/ml"},"quantity":{"unit":"ml","value":"None"}}],"solvent":[{"material":{"unit":"","value":"CB"},"volume":{"unit":"ml","value":"1"}}],"spin_coating":[{"type":{"unit":"","value":"drop&run"},"rpm":{"unit":"","value":"400"},"time":{"unit":"s","value":"2"}},{"type":{"unit":"","value":"drop&run"},"rpm":{"unit":"","value":"1500"},"time":{"unit":"s","value":"30"}}],"annealing":[{"temperature":{"unit":"oC","value":"110"},"time":{"unit":"m","value":"10"}}]},{"blocking_buffer_layer":[{"material":{"unit":"","value":"BCP"},"concentration":{"unit":"","value":"0.5"},"conc_unit":{"unit":"","value":"mg\/ml"},"quantity":{"unit":"ml","value":"None"}}],"solvent":[{"material":{"unit":"","value":"IPA"},"volume":{"unit":"ml","value":"1"}}],"spin_coating":[{"type":{"unit":"","value":"drop&run"},"rpm":{"unit":"","value":"4000"},"time":{"unit":"s","value":"20"}}],"annealing":[{"temperature":{"unit":"oC","value":"110"},"time":{"unit":"m","value":"10"}}]},{"anode_metal":{"unit":"","value":"Ag"}},{"note":{"unit":"","value":"BAFACs-PTAA\/2PACs\/D&R"},"ar":{"unit":"","value":"0"},"type":{"unit":"","value":"unit_cell"},"device_type":{"unit":"","value":"p-i-n"},"temperature":{"unit":"\u2103","value":"25"},"humidity":{"unit":"%","value":"20"},"cell_dimension":{"unit":"cm2","value":"0.04"}}],"fileinfo":[{"key":"323042706","uploadType":"JV","original_name":"323042706.xlsx","save_name":"CAU-SC-00108\/323042706","uploader":63,"fileType":"group"}],"updated_at":"2024-06-03 08:38:34","created_at":"2023-10-13 14:22:40","jvcnt":12,"analysisInfo":{"JV":[{"efficiency":11.8428,"fill_factor":71.098580162472,"jsc":16.015,"voc":1.0400794701986755,"key":"reverse_6_323042706","cell_dimension":null},{"efficiency":12.461624999999998,"fill_factor":72.50409007377458,"jsc":16.484375,"voc":1.042652733118971,"key":"reverse_5_323042706","cell_dimension":null},{"efficiency":13.1024,"fill_factor":73.49754295942566,"jsc":16.977500000000003,"voc":1.0500362537764352,"key":"reverse_4_323042706","cell_dimension":null},{"efficiency":12.197799999999999,"fill_factor":72.20798095479545,"jsc":16.136875,"voc":1.046831715210356,"key":"reverse_3_323042706","cell_dimension":null},{"efficiency":12.33,"fill_factor":71.39375881330156,"jsc":16.475,"voc":1.04828025477707,"key":"reverse_2_323042706","cell_dimension":null},{"efficiency":12.440999999999999,"fill_factor":71.77257839482348,"jsc":16.3875,"voc":1.0577524429967426,"key":"reverse_1_323042706","cell_dimension":null},{"efficiency":11.9625,"fill_factor":71.51011767751,"jsc":16.05,"voc":1.0422680412371135,"key":"forward_6_323042706","cell_dimension":null},{"efficiency":12.614999999999998,"fill_factor":73.03308919469865,"jsc":16.53125,"voc":1.044869109947644,"key":"forward_5_323042706","cell_dimension":null},{"efficiency":13.397999999999998,"fill_factor":74.86848094797351,"jsc":17.00625,"voc":1.0522826086956523,"key":"forward_4_323042706","cell_dimension":null},{"efficiency":12.375749999999998,"fill_factor":72.9451205281449,"jsc":16.18125,"voc":1.0484873949579834,"key":"forward_3_323042706","cell_dimension":null},{"efficiency":12.922,"fill_factor":73.86862409183557,"jsc":16.58125,"voc":1.0550000000000002,"key":"forward_2_323042706","cell_dimension":null},{"efficiency":12.375749999999998,"fill_factor":71.7294050854525,"jsc":16.46875,"voc":1.0476438356164384,"key":"forward_1_323042706","cell_dimension":null}]},"public":2,"analysis":{"JV":[{"V":{"unit":"V","value":[1.092,1.052,1.012,0.972,0.932,0.892,0.852,0.812,0.772,0.732,0.692,0.652,0.612,0.572,0.532,0.492,0.452,0.412,0.372,0.332,0.292,0.252,0.212,0.172,0.132,0.092,0.052,0.012,-0.028]},"J":{"unit":"A\/cm2","value":[-0.014199999999999999,-0.00225,0.0053,0.009574999999999998,0.0118,0.013099999999999999,0.013900000000000001,0.014474999999999998,0.01485,0.015099999999999999,0.0153,0.015349999999999999,0.015475,0.015525,0.015574999999999999,0.015625,0.015674999999999998,0.0157,0.01575,0.01575,0.015825,0.015825,0.015875,0.015875,0.015925,0.015975,0.015975,0.016,0.016050000000000002]},"I":{"unit":"A","value":[-0.0005679999999999999,-8.999999999999999e-5,0.000212,0.000383,0.000472,0.000524,0.0005560000000000001,0.000579,0.000594,0.0006039999999999999,0.000612,0.000614,0.000619,0.000621,0.000623,0.000625,0.000627,0.000628,0.00063,0.00063,0.000633,0.000633,0.000635,0.000635,0.000637,0.000639,0.000639,0.00064,0.000642]},"efficiency":{"unit":"%","value":11.8428},"fill_factor":{"unit":"%","value":71.098580162472},"jsc":{"unit":"mA\/cm2","value":16.015},"isc":{"unit":"mA","value":0.6406000000000001},"voc":{"unit":"V","value":1.0400794701986755},"sweep_direction":{"unit":"","value":"Reverse"},"key":"reverse_6_323042706"},{"V":{"unit":"V","value":[1.095,1.055,1.015,0.975,0.935,0.895,0.855,0.815,0.775,0.735,0.695,0.655,0.615,0.575,0.535,0.495,0.455,0.415,0.375,0.335,0.295,0.255,0.215,0.175,0.135,0.095,0.055,0.015,-0.025]},"J":{"unit":"A\/cm2","value":[-0.014899999999999998,-0.0024,0.005375,0.009825,0.012299999999999998,0.013675000000000001,0.014575,0.015099999999999999,0.015449999999999998,0.015625,0.0158,0.015875,0.01595,0.015975,0.016075,0.0161,0.016175000000000002,0.016175000000000002,0.01625,0.01625,0.016300000000000002,0.016325,0.01635,0.016375,0.016399999999999998,0.01645,0.01645,0.016475,0.0165]},"I":{"unit":"A","value":[-0.000596,-9.6e-5,0.000215,0.000393,0.000492,0.0005470000000000001,0.000583,0.0006039999999999999,0.000618,0.000625,0.000632,0.000635,0.000638,0.000639,0.000643,0.000644,0.000647,0.000647,0.00065,0.00065,0.000652,0.000653,0.0006540000000000001,0.000655,0.000656,0.0006580000000000001,0.0006580000000000001,0.0006590000000000001,0.00066]},"efficiency":{"unit":"%","value":12.461624999999998},"fill_factor":{"unit":"%","value":72.50409007377458},"jsc":{"unit":"mA\/cm2","value":16.484375},"isc":{"unit":"mA","value":0.659375},"voc":{"unit":"V","value":1.042652733118971},"sweep_direction":{"unit":"","value":"Reverse"},"key":"reverse_5_323042706"},{"V":{"unit":"V","value":[1.102,1.062,1.022,0.982,0.942,0.902,0.862,0.822,0.782,0.742,0.702,0.662,0.622,0.582,0.542,0.502,0.462,0.422,0.382,0.342,0.302,0.262,0.222,0.182,0.142,0.102,0.062,0.022,-0.018]},"J":{"unit":"A\/cm2","value":[-0.016075,-0.002475,0.0058,0.0105,0.01305,0.014424999999999999,0.0152,0.0157,0.015975,0.016175000000000002,0.016274999999999998,0.016375,0.016399999999999998,0.016525,0.016550000000000002,0.016625,0.016625,0.016725,0.0167,0.016800000000000002,0.016775,0.01685,0.01685,0.016900000000000002,0.016900000000000002,0.016925,0.016975,0.01695,0.017]},"I":{"unit":"A","value":[-0.000643,-9.900000000000001e-5,0.000232,0.00041999999999999996,0.000522,0.0005769999999999999,0.000608,0.000628,0.000639,0.000647,0.000651,0.000655,0.000656,0.000661,0.000662,0.000665,0.000665,0.000669,0.0006680000000000001,0.0006720000000000001,0.000671,0.000674,0.000674,0.0006760000000000001,0.0006760000000000001,0.0006770000000000001,0.000679,0.000678,0.00068]},"efficiency":{"unit":"%","value":13.1024},"fill_factor":{"unit":"%","value":73.49754295942566},"jsc":{"unit":"mA\/cm2","value":16.977500000000003},"isc":{"unit":"mA","value":0.6791000000000001},"voc":{"unit":"V","value":1.0500362537764352},"sweep_direction":{"unit":"","value":"Reverse"},"key":"reverse_4_323042706"},{"V":{"unit":"V","value":[1.099,1.059,1.019,0.979,0.939,0.899,0.859,0.819,0.779,0.739,0.699,0.659,0.619,0.579,0.539,0.499,0.459,0.419,0.379,0.339,0.299,0.259,0.219,0.179,0.139,0.099,0.059,0.019,-0.021]},"J":{"unit":"A\/cm2","value":[-0.01555,-0.00235,0.005375,0.009699999999999999,0.012074999999999999,0.013450000000000002,0.014199999999999999,0.014649999999999998,0.014924999999999999,0.015125,0.015274999999999999,0.015375,0.015449999999999998,0.015525,0.015625,0.01565,0.015725,0.01575,0.01585,0.01585,0.0159,0.0159,0.015975,0.016,0.016050000000000002,0.016050000000000002,0.0161,0.016125,0.016149999999999998]},"I":{"unit":"A","value":[-0.000622,-9.4e-5,0.000215,0.000388,0.000483,0.0005380000000000001,0.0005679999999999999,0.0005859999999999999,0.000597,0.000605,0.000611,0.000615,0.000618,0.000621,0.000625,0.000626,0.000629,0.00063,0.000634,0.000634,0.0006360000000000001,0.0006360000000000001,0.000639,0.00064,0.000642,0.000642,0.000644,0.0006450000000000001,0.000646]},"efficiency":{"unit":"%","value":12.197799999999999},"fill_factor":{"unit":"%","value":72.20798095479545},"jsc":{"unit":"mA\/cm2","value":16.136875},"isc":{"unit":"mA","value":0.645475},"voc":{"unit":"V","value":1.046831715210356},"sweep_direction":{"unit":"","value":"Reverse"},"key":"reverse_3_323042706"},{"V":{"unit":"V","value":[1.1,1.06,1.02,0.98,0.94,0.9,0.86,0.82,0.78,0.74,0.7,0.66,0.62,0.58,0.54,0.5,0.46,0.42,0.38,0.34,0.3,0.26,0.22,0.18,0.14,0.1,0.06,0.02,-0.02]},"J":{"unit":"A\/cm2","value":[-0.014424999999999999,-0.0023,0.00555,0.010150000000000001,0.012525,0.0137,0.014274999999999998,0.014674999999999999,0.014924999999999999,0.015125,0.01525,0.0154,0.0155,0.01565,0.0157,0.0158,0.01585,0.015975,0.016,0.0161,0.016125,0.0162,0.01625,0.016300000000000002,0.01635,0.016375,0.016425000000000002,0.01645,0.0165]},"I":{"unit":"A","value":[-0.0005769999999999999,-9.2e-5,0.000222,0.000406,0.000501,0.0005480000000000001,0.000571,0.000587,0.000597,0.000605,0.00061,0.000616,0.00062,0.000626,0.000628,0.000632,0.000634,0.000639,0.00064,0.000644,0.0006450000000000001,0.000648,0.00065,0.000652,0.0006540000000000001,0.000655,0.000657,0.0006580000000000001,0.00066]},"efficiency":{"unit":"%","value":12.33},"fill_factor":{"unit":"%","value":71.39375881330156},"jsc":{"unit":"mA\/cm2","value":16.475},"isc":{"unit":"mA","value":0.659},"voc":{"unit":"V","value":1.04828025477707},"sweep_direction":{"unit":"","value":"Reverse"},"key":"reverse_2_323042706"},{"V":{"unit":"V","value":[1.11,1.07,1.03,0.99,0.95,0.91,0.87,0.83,0.79,0.75,0.71,0.67,0.63,0.59,0.55,0.51,0.47,0.43,0.39,0.35,0.31,0.27,0.23,0.19,0.15,0.11,0.07,0.03,-0.01,-0.05]},"J":{"unit":"A\/cm2","value":[-0.01365,-0.00235,0.005325,0.00995,0.012375,0.013625,0.014299999999999998,0.014725,0.01495,0.015175,0.015325,0.015449999999999998,0.015525,0.01565,0.015674999999999998,0.0158,0.015825,0.015925,0.01595,0.016050000000000002,0.016050000000000002,0.016125,0.016175000000000002,0.016225,0.016274999999999998,0.016300000000000002,0.01635,0.01635,0.016399999999999998,0.016425000000000002]},"I":{"unit":"A","value":[-0.000546,-9.4e-5,0.000213,0.000398,0.000495,0.000545,0.0005719999999999999,0.000589,0.000598,0.000607,0.0006129999999999999,0.000618,0.000621,0.000626,0.000627,0.000632,0.000633,0.000637,0.000638,0.000642,0.000642,0.0006450000000000001,0.000647,0.0006490000000000001,0.000651,0.000652,0.0006540000000000001,0.0006540000000000001,0.000656,0.000657]},"efficiency":{"unit":"%","value":12.440999999999999},"fill_factor":{"unit":"%","value":71.77257839482348},"jsc":{"unit":"mA\/cm2","value":16.3875},"isc":{"unit":"mA","value":0.6555},"voc":{"unit":"V","value":1.0577524429967426},"sweep_direction":{"unit":"","value":"Reverse"},"key":"reverse_1_323042706"},{"V":{"unit":"V","value":[-0.05,-0.01,0.03,0.07,0.11,0.15,0.19,0.23,0.27,0.31,0.35,0.39,0.43,0.47,0.51,0.55,0.59,0.63,0.67,0.71,0.75,0.79,0.83,0.87,0.91,0.95,0.99,1.03,1.07,1.11]},"J":{"unit":"A\/cm2","value":[0.016175000000000002,0.016050000000000002,0.016050000000000002,0.016,0.01595,0.01595,0.0159,0.0159,0.015825,0.015825,0.015775,0.015775,0.0157,0.0157,0.01565,0.0156,0.015525,0.0155,0.0154,0.0153,0.015099999999999999,0.01485,0.014399999999999998,0.01375,0.012775,0.01125,0.008425,0.0029749999999999998,-0.006725000000000001,-0.021974999999999998]},"I":{"unit":"A","value":[0.000647,0.000642,0.000642,0.00064,0.000638,0.000638,0.0006360000000000001,0.0006360000000000001,0.000633,0.000633,0.000631,0.000631,0.000628,0.000628,0.000626,0.000624,0.000621,0.00062,0.000616,0.000612,0.0006039999999999999,0.000594,0.0005759999999999999,0.00055,0.0005110000000000001,0.00045,0.000337,0.00011899999999999999,-0.00026900000000000003,-0.000879]},"efficiency":{"unit":"%","value":11.9625},"fill_factor":{"unit":"%","value":71.51011767751},"jsc":{"unit":"mA\/cm2","value":16.05},"isc":{"unit":"mA","value":0.642},"voc":{"unit":"V","value":1.0422680412371135},"sweep_direction":{"unit":"","value":"Forward"},"key":"forward_6_323042706"},{"V":{"unit":"V","value":[-0.05,-0.01,0.03,0.07,0.11,0.15,0.19,0.23,0.27,0.31,0.35,0.39,0.43,0.47,0.51,0.55,0.59,0.63,0.67,0.71,0.75,0.79,0.83,0.87,0.91,0.95,0.99,1.03,1.07,1.11]},"J":{"unit":"A\/cm2","value":[0.016575,0.016550000000000002,0.016475,0.016475,0.016425000000000002,0.016425000000000002,0.016399999999999998,0.016375,0.016325,0.016300000000000002,0.016274999999999998,0.01625,0.016225,0.016175000000000002,0.016149999999999998,0.0161,0.016050000000000002,0.016,0.01595,0.01585,0.0157,0.015475,0.015125,0.014499999999999999,0.013575,0.011875,0.009,0.0035499999999999998,-0.006,-0.021599999999999998]},"I":{"unit":"A","value":[0.0006630000000000001,0.000662,0.0006590000000000001,0.0006590000000000001,0.000657,0.000657,0.000656,0.000655,0.000653,0.000652,0.000651,0.00065,0.0006490000000000001,0.000647,0.000646,0.000644,0.000642,0.00064,0.000638,0.000634,0.000628,0.000619,0.000605,0.00058,0.0005430000000000001,0.000475,0.00035999999999999997,0.00014199999999999998,-0.00023999999999999998,-0.000864]},"efficiency":{"unit":"%","value":12.614999999999998},"fill_factor":{"unit":"%","value":73.03308919469865},"jsc":{"unit":"mA\/cm2","value":16.53125},"isc":{"unit":"mA","value":0.66125},"voc":{"unit":"V","value":1.044869109947644},"sweep_direction":{"unit":"","value":"Forward"},"key":"forward_5_323042706"},{"V":{"unit":"V","value":[-0.05,-0.01,0.03,0.07,0.11,0.15,0.19,0.23,0.27,0.31,0.35,0.39,0.43,0.47,0.51,0.55,0.59,0.63,0.67,0.71,0.75,0.79,0.83,0.87,0.91,0.95,0.99,1.03,1.07,1.11]},"J":{"unit":"A\/cm2","value":[0.0171,0.017,0.017025000000000002,0.01695,0.01695,0.016900000000000002,0.016925,0.01685,0.016875,0.016825,0.016825,0.016775,0.016775,0.016725,0.0167,0.01665,0.0166,0.016575,0.0165,0.01645,0.016325,0.016175000000000002,0.01585,0.0154,0.014524999999999998,0.01305,0.010275,0.005125,-0.0040750000000000005,-0.019225000000000003]},"I":{"unit":"A","value":[0.000684,0.00068,0.0006810000000000001,0.000678,0.000678,0.0006760000000000001,0.0006770000000000001,0.000674,0.000675,0.0006730000000000001,0.0006730000000000001,0.000671,0.000671,0.000669,0.0006680000000000001,0.000666,0.000664,0.0006630000000000001,0.00066,0.0006580000000000001,0.000653,0.000647,0.000634,0.000616,0.0005809999999999999,0.000522,0.00041099999999999996,0.000205,-0.000163,-0.000769]},"efficiency":{"unit":"%","value":13.397999999999998},"fill_factor":{"unit":"%","value":74.86848094797351},"jsc":{"unit":"mA\/cm2","value":17.00625},"isc":{"unit":"mA","value":0.68025},"voc":{"unit":"V","value":1.0522826086956523},"sweep_direction":{"unit":"","value":"Forward"},"key":"forward_4_323042706"},{"V":{"unit":"V","value":[-0.05,-0.01,0.03,0.07,0.11,0.15,0.19,0.23,0.27,0.31,0.35,0.39,0.43,0.47,0.51,0.55,0.59,0.63,0.67,0.71,0.75,0.79,0.83,0.87,0.91,0.95,0.99,1.03,1.07,1.11]},"J":{"unit":"A\/cm2","value":[0.01625,0.0162,0.016125,0.016125,0.016075,0.016050000000000002,0.016,0.015975,0.015925,0.015925,0.015875,0.01585,0.0158,0.015775,0.015725,0.01565,0.0156,0.015525,0.015449999999999998,0.015349999999999999,0.0152,0.015024999999999998,0.014749999999999997,0.014224999999999998,0.013425000000000001,0.011824999999999999,0.009125,0.004125,-0.0048,-0.020025]},"I":{"unit":"A","value":[0.00065,0.000648,0.0006450000000000001,0.0006450000000000001,0.000643,0.000642,0.00064,0.000639,0.000637,0.000637,0.000635,0.000634,0.000632,0.000631,0.000629,0.000626,0.000624,0.000621,0.000618,0.000614,0.000608,0.000601,0.0005899999999999999,0.000569,0.000537,0.00047299999999999995,0.000365,0.000165,-0.000192,-0.0008010000000000001]},"efficiency":{"unit":"%","value":12.375749999999998},"fill_factor":{"unit":"%","value":72.9451205281449},"jsc":{"unit":"mA\/cm2","value":16.18125},"isc":{"unit":"mA","value":0.64725},"voc":{"unit":"V","value":1.0484873949579834},"sweep_direction":{"unit":"","value":"Forward"},"key":"forward_3_323042706"},{"V":{"unit":"V","value":[-0.05,-0.01,0.03,0.07,0.11,0.15,0.19,0.23,0.27,0.31,0.35,0.39,0.43,0.47,0.51,0.55,0.59,0.63,0.67,0.71,0.75,0.79,0.83,0.87,0.91,0.95,0.99,1.03,1.07,1.11]},"J":{"unit":"A\/cm2","value":[0.0167,0.016575,0.0166,0.0165,0.016475,0.016425000000000002,0.01645,0.016399999999999998,0.01635,0.016300000000000002,0.016300000000000002,0.016225,0.0162,0.016125,0.016075,0.016,0.01595,0.015875,0.015775,0.0157,0.015574999999999999,0.015425,0.015175,0.01485,0.014199999999999999,0.012925,0.01025,0.00525,-0.00315,-0.0158]},"I":{"unit":"A","value":[0.0006680000000000001,0.0006630000000000001,0.000664,0.00066,0.0006590000000000001,0.000657,0.0006580000000000001,0.000656,0.0006540000000000001,0.000652,0.000652,0.0006490000000000001,0.000648,0.0006450000000000001,0.000643,0.00064,0.000638,0.000635,0.000631,0.000628,0.000623,0.000617,0.000607,0.000594,0.0005679999999999999,0.000517,0.00041,0.00020999999999999998,-0.000126,-0.000632]},"efficiency":{"unit":"%","value":12.922},"fill_factor":{"unit":"%","value":73.86862409183557},"jsc":{"unit":"mA\/cm2","value":16.58125},"isc":{"unit":"mA","value":0.66325},"voc":{"unit":"V","value":1.0550000000000002},"sweep_direction":{"unit":"","value":"Forward"},"key":"forward_2_323042706"},{"V":{"unit":"V","value":[-0.05,-0.01,0.03,0.07,0.11,0.15,0.19,0.23,0.27,0.31,0.35,0.39,0.43,0.47,0.51,0.55,0.59,0.63,0.67,0.71,0.75,0.79,0.83,0.87,0.91,0.95,0.99,1.03,1.07,1.11]},"J":{"unit":"A\/cm2","value":[0.01665,0.016475,0.01645,0.01635,0.01635,0.01625,0.016225,0.016149999999999998,0.016125,0.016050000000000002,0.016024999999999998,0.01595,0.015925,0.01585,0.0158,0.0157,0.015625,0.01555,0.015449999999999998,0.015325,0.015125,0.01495,0.014624999999999997,0.014224999999999998,0.0135,0.012174999999999998,0.009375,0.004025,-0.0050999999999999995,-0.018675]},"I":{"unit":"A","value":[0.000666,0.0006590000000000001,0.0006580000000000001,0.0006540000000000001,0.0006540000000000001,0.00065,0.0006490000000000001,0.000646,0.0006450000000000001,0.000642,0.000641,0.000638,0.000637,0.000634,0.000632,0.000628,0.000625,0.000622,0.000618,0.0006129999999999999,0.000605,0.000598,0.000585,0.000569,0.00054,0.00048699999999999997,0.000375,0.000161,-0.000204,-0.000747]},"efficiency":{"unit":"%","value":12.375749999999998},"fill_factor":{"unit":"%","value":71.7294050854525},"jsc":{"unit":"mA\/cm2","value":16.46875},"isc":{"unit":"mA","value":0.65875},"voc":{"unit":"V","value":1.0476438356164384},"sweep_direction":{"unit":"","value":"Forward"},"key":"forward_1_323042706"}]}}