{"_id":"652fceb368333e4c3d5bc01f","id":"CAU-SC-00377","author":70,"group":7,"input":[{"tco":{"unit":"","value":"ITO"}},[],{"etl":[{"material":{"unit":"","value":"SnO2"},"concentration":{"unit":"","value":"1.5"},"conc_unit":{"unit":"","value":"wt%"},"quantity":{"unit":"ml","value":"0.3"}}],"solvent":[{"material":{"unit":"","value":"DI Water"},"volume":{"unit":"ml","value":"2.7"}}],"spin_coating":[{"type":{"unit":"","value":"drop&run"},"rpm":{"unit":"","value":"3000"},"time":{"unit":"s","value":"30"}}],"vacuum_suction":[{"unit":"s","value":"0"}],"annealing":[{"temperature":{"unit":"oC","value":"170"},"time":{"unit":"m","value":"30"}}]},{"etl":[{"material":{"unit":"","value":"ZnO"},"concentration":{"unit":"","value":"109.75"},"conc_unit":{"unit":"","value":"mg\/ml"},"quantity":{"unit":"ml","value":"1"}}],"solvent":[{"material":{"unit":"","value":"2-ME"},"volume":{"unit":"ml","value":"2"}},{"material":{"unit":"","value":"Ethanolamine"},"volume":{"unit":"ml","value":"0.067"}}],"spin_coating":[{"type":{"unit":"","value":"drop&run"},"rpm":{"unit":"","value":"5000"},"time":{"unit":"s","value":"30"}}],"vacuum_suction":[{"unit":"s","value":"0"}],"annealing":[{"temperature":{"unit":"oC","value":"170"},"time":{"unit":"m","value":"30"}}]},[],{"perovskite":{"method":{"unit":"","value":"2step"},"molarity":{"unit":"M","value":"1.2"},"a_site":[{"material":{"unit":"","value":"Cs"},"ratio":{"unit":"","value":"105"}}],"b_site":[{"material":{"unit":"","value":"Pb"},"ratio":{"unit":"","value":"100"}}],"x_site":[{"material":{"unit":"","value":"I"},"ratio":{"unit":"","value":"67"}},{"material":{"unit":"","value":"Br"},"ratio":{"unit":"","value":"33"}}],"solvent":[{"material":{"unit":"","value":"DMSO"},"volume":{"unit":"ml","value":"0.7"}},{"material":{"unit":"","value":"DMF"},"volume":{"unit":"ml","value":"0.3"}}],"stirring_time":[{"unit":"m","value":"120"}],"spin_coating":[{"type":{"unit":"","value":"drop&run"},"rpm":{"unit":"","value":"3000"},"time":{"unit":"s","value":"43"}}],"annealing":[{"temperature":{"unit":"oC","value":"235"},"time":{"unit":"m","value":"10"}}],"atmosphere":[{"type":{"unit":"","value":"air"},"temperature":{"unit":"oC","value":"20"},"humidity":{"unit":"RH%","value":"38"}}],"assist":[{"type":{"unit":"","value":"hot air assist"},"temperature":{"unit":"oC","value":"230"},"assist_start_time":{"value":8,"unit":"s"},"total_assist_time":{"value":"0.233","unit":"s"}}],"additive":[{"material":{"unit":"","value":"CH2I2"},"solvent":{"unit":"","value":null},"concentration":{"unit":"","value":"100 uL"},"conc_unit":{"unit":"","value":null},"quantity":{"unit":"mol%","value":null}}]}},{"perovskite_treatment":[{"material":{"unit":"","value":"F-PEABr"},"concentration":{"unit":"","value":"0.5"},"conc_unit":{"unit":"","value":"mg\/ml"},"quantity":{"unit":"ml","value":"0.1"}}],"solvent":[{"material":{"unit":"","value":"IPA"},"volume":{"unit":"ml","value":"1"}}],"spin_coating":[{"type":{"unit":"","value":"dynamic"},"rpm":{"unit":"","value":"3000"},"time":{"unit":"s","value":"30"}}],"vacuum_suction":[{"unit":"s","value":"0"}],"annealing":[{"temperature":{"unit":"oC","value":"100"},"time":{"unit":"m","value":"5"}}]},{"htl":[{"material":{"unit":"","value":"P3HT"},"concentration":{"unit":"","value":"10"},"conc_unit":{"unit":"","value":"mg\/ml"},"quantity":{"unit":"ml","value":"0.1"}}],"solvent":[{"material":{"unit":"","value":"CB"},"volume":{"unit":"ml","value":"1"}}],"spin_coating":[{"type":{"unit":"","value":"drop&run"},"rpm":{"unit":"","value":"3000"},"time":{"unit":"s","value":"30"}}],"vacuum_suction":[{"unit":"s","value":"0"}],"annealing":[{"temperature":{"unit":"oC","value":"100"},"time":{"unit":"m","value":"5"}}]},{"anode_metal":{"unit":"","value":"Au"}},{"note":{"unit":"","value":"CsPbI2Br+100uL Ch2I2_722041404_4F-PEABr"},"ar":{"unit":"","value":"0"},"type":{"unit":"","value":"unit_cell"},"device_type":{"unit":"","value":"n-i-p"},"temperature":{"unit":"\u2103","value":"20"},"humidity":{"unit":"%","value":"38"},"cell_dimension":{"unit":"cm2","value":"0.04"}}],"fileinfo":[{"key":"CsPbI2Br+100uL Ch2I2_722041404_4F","uploadType":"JV","original_name":"CsPbI2Br+100uL Ch2I2_722041404_4F-PEABr.xlsx","save_name":"CAU-SC-00377\/CsPbI2Br+100uL Ch2I2_722041404_4F","uploader":70,"fileType":"group"}],"jvcnt":12,"updated_at":"2024-06-03 08:38:34","created_at":"2023-10-18 12:25:23","analysisInfo":{"JV":[{"efficiency":11.26125,"fill_factor":73.03881434279613,"jsc":13.5125,"voc":1.1410303030303028,"key":"reverse_6_CsPbI2Br+100uL Ch2I2_722041404_4F","cell_dimension":null},{"efficiency":11.248875,"fill_factor":73.14874595250738,"jsc":13.493125,"voc":1.1396976744186047,"key":"reverse_5_CsPbI2Br+100uL Ch2I2_722041404_4F","cell_dimension":null},{"efficiency":11.088075,"fill_factor":72.63202535357343,"jsc":13.416875,"voc":1.137828025477707,"key":"reverse_4_CsPbI2Br+100uL Ch2I2_722041404_4F","cell_dimension":null},{"efficiency":11.2176,"fill_factor":74.12826373230224,"jsc":13.240000000000002,"voc":1.142952380952381,"key":"reverse_3_CsPbI2Br+100uL Ch2I2_722041404_4F","cell_dimension":null},{"efficiency":11.2404,"fill_factor":74.11807460151074,"jsc":13.270000000000001,"voc":1.1428433734939758,"key":"reverse_2_CsPbI2Br+100uL Ch2I2_722041404_4F","cell_dimension":null},{"efficiency":11.039175,"fill_factor":72.47347844817749,"jsc":13.431875000000002,"voc":1.134020408163265,"key":"reverse_1_CsPbI2Br+100uL Ch2I2_722041404_4F","cell_dimension":null},{"efficiency":6.407749999999999,"fill_factor":43.306180906180906,"jsc":14.218749999999996,"voc":1.0406250000000001,"key":"forward_6_CsPbI2Br+100uL Ch2I2_722041404_4F","cell_dimension":null},{"efficiency":6.30125,"fill_factor":42.52774775249796,"jsc":14.281249999999998,"voc":1.0375,"key":"forward_5_CsPbI2Br+100uL Ch2I2_722041404_4F","cell_dimension":null},{"efficiency":6.013249999999999,"fill_factor":41.08876809006416,"jsc":14.256249999999998,"voc":1.0265517241379312,"key":"forward_4_CsPbI2Br+100uL Ch2I2_722041404_4F","cell_dimension":null},{"efficiency":6.496499999999999,"fill_factor":44.68461032512671,"jsc":13.9125,"voc":1.045,"key":"forward_3_CsPbI2Br+100uL Ch2I2_722041404_4F","cell_dimension":null},{"efficiency":6.496499999999999,"fill_factor":44.78560401176363,"jsc":13.95625,"voc":1.039375,"key":"forward_2_CsPbI2Br+100uL Ch2I2_722041404_4F","cell_dimension":null},{"efficiency":6.0635,"fill_factor":42.223199046916385,"jsc":14.193749999999996,"voc":1.0117543859649123,"key":"forward_1_CsPbI2Br+100uL Ch2I2_722041404_4F","cell_dimension":null}]},"public":2,"analysis":{"JV":[{"V":{"unit":"V","value":[1.19,1.15,1.11,1.07,1.03,0.99,0.95,0.91,0.87,0.83,0.79,0.75,0.71,0.67,0.63,0.59,0.55,0.51,0.47,0.43,0.39,0.35,0.31,0.27,0.23,0.19,0.15,0.11,0.07,0.03,-0.01,-0.05]},"J":{"unit":"A\/cm2","value":[-0.0055,-0.0009249999999999999,0.0032,0.006549999999999999,0.008975,0.010575,0.01165,0.012375,0.01275,0.013075000000000002,0.013275,0.0134,0.013525,0.013600000000000001,0.01365,0.0137,0.013725000000000001,0.013725000000000001,0.013800000000000002,0.01375,0.013775,0.013800000000000002,0.01375,0.013800000000000002,0.01375,0.01365,0.01365,0.013575,0.013575,0.013550000000000001,0.0135,0.013525]},"I":{"unit":"A","value":[-0.00022,-3.7e-5,0.000128,0.000262,0.000359,0.000423,0.00046600000000000005,0.000495,0.00051,0.000523,0.000531,0.000536,0.000541,0.000544,0.000546,0.0005480000000000001,0.000549,0.000549,0.0005520000000000001,0.00055,0.0005510000000000001,0.0005520000000000001,0.00055,0.0005520000000000001,0.00055,0.000546,0.000546,0.0005430000000000001,0.0005430000000000001,0.0005420000000000001,0.00054,0.000541]},"efficiency":{"unit":"%","value":11.26125},"fill_factor":{"unit":"%","value":73.03881434279613},"jsc":{"unit":"mA\/cm2","value":13.5125},"isc":{"unit":"mA","value":0.5405},"voc":{"unit":"V","value":1.1410303030303028},"sweep_direction":{"unit":"","value":"Reverse"},"key":"reverse_6_CsPbI2Br+100uL Ch2I2_722041404_4F"},{"V":{"unit":"V","value":[1.189,1.149,1.109,1.069,1.029,0.989,0.949,0.909,0.869,0.829,0.789,0.749,0.709,0.669,0.629,0.589,0.549,0.509,0.469,0.429,0.389,0.349,0.309,0.269,0.229,0.189,0.149,0.109,0.069,0.029,-0.011]},"J":{"unit":"A\/cm2","value":[-0.00575,-0.001,0.0033000000000000004,0.00675,0.0091,0.010725,0.011774999999999999,0.012375,0.012875,0.013099999999999999,0.013275,0.013475,0.013525,0.013600000000000001,0.013675000000000001,0.0137,0.013775,0.013800000000000002,0.01375,0.013825,0.013800000000000002,0.013775,0.013800000000000002,0.01375,0.013725000000000001,0.0137,0.013575,0.013575,0.013575,0.013475,0.0135]},"I":{"unit":"A","value":[-0.00023,-4.0e-5,0.000132,0.00027,0.000364,0.000429,0.00047099999999999996,0.000495,0.000515,0.000524,0.000531,0.000539,0.000541,0.000544,0.0005470000000000001,0.0005480000000000001,0.0005510000000000001,0.0005520000000000001,0.00055,0.000553,0.0005520000000000001,0.0005510000000000001,0.0005520000000000001,0.00055,0.000549,0.0005480000000000001,0.0005430000000000001,0.0005430000000000001,0.0005430000000000001,0.000539,0.00054]},"efficiency":{"unit":"%","value":11.248875},"fill_factor":{"unit":"%","value":73.14874595250738},"jsc":{"unit":"mA\/cm2","value":13.493125},"isc":{"unit":"mA","value":0.539725},"voc":{"unit":"V","value":1.1396976744186047},"sweep_direction":{"unit":"","value":"Reverse"},"key":"reverse_5_CsPbI2Br+100uL Ch2I2_722041404_4F"},{"V":{"unit":"V","value":[1.187,1.147,1.107,1.067,1.027,0.987,0.947,0.907,0.867,0.827,0.787,0.747,0.707,0.667,0.627,0.587,0.547,0.507,0.467,0.427,0.387,0.347,0.307,0.267,0.227,0.187,0.147,0.107,0.067,0.027,-0.013]},"J":{"unit":"A\/cm2","value":[-0.005199999999999999,-0.0008999999999999999,0.003025,0.0063,0.008725,0.010424999999999999,0.0115,0.012225,0.01275,0.012975,0.013224999999999999,0.0134,0.013425000000000001,0.013550000000000001,0.013600000000000001,0.01365,0.0137,0.0137,0.0137,0.01375,0.013725000000000001,0.013725000000000001,0.013725000000000001,0.013675000000000001,0.013675000000000001,0.01365,0.013550000000000001,0.0135,0.013425000000000001,0.0134,0.013425000000000001]},"I":{"unit":"A","value":[-0.000208,-3.5999999999999994e-5,0.000121,0.000252,0.00034899999999999997,0.000417,0.00046,0.000489,0.00051,0.000519,0.0005290000000000001,0.000536,0.000537,0.0005420000000000001,0.000544,0.000546,0.0005480000000000001,0.0005480000000000001,0.0005480000000000001,0.00055,0.000549,0.000549,0.000549,0.0005470000000000001,0.0005470000000000001,0.000546,0.0005420000000000001,0.00054,0.000537,0.000536,0.000537]},"efficiency":{"unit":"%","value":11.088075},"fill_factor":{"unit":"%","value":72.63202535357343},"jsc":{"unit":"mA\/cm2","value":13.416875},"isc":{"unit":"mA","value":0.536675},"voc":{"unit":"V","value":1.137828025477707},"sweep_direction":{"unit":"","value":"Reverse"},"key":"reverse_4_CsPbI2Br+100uL Ch2I2_722041404_4F"},{"V":{"unit":"V","value":[1.192,1.152,1.112,1.072,1.032,0.992,0.952,0.912,0.872,0.832,0.792,0.752,0.712,0.672,0.632,0.592,0.552,0.512,0.472,0.432,0.392,0.352,0.312,0.272,0.232,0.192,0.152,0.112,0.072,0.032,-0.008,-0.048]},"J":{"unit":"A\/cm2","value":[-0.0056,-0.00095,0.00325,0.006600000000000001,0.009025,0.010625,0.011625,0.012299999999999998,0.0127,0.012925,0.01315,0.013200000000000002,0.013349999999999999,0.0134,0.013425000000000001,0.0135,0.013475,0.013525,0.013550000000000001,0.013525,0.013525,0.013550000000000001,0.0135,0.013525,0.013475,0.013375,0.013375,0.013300000000000001,0.01325,0.013300000000000001,0.013224999999999999,0.013200000000000002]},"I":{"unit":"A","value":[-0.000224,-3.8e-5,0.00013000000000000002,0.000264,0.000361,0.000425,0.000465,0.000492,0.000508,0.000517,0.000526,0.000528,0.0005340000000000001,0.000536,0.000537,0.00054,0.000539,0.000541,0.0005420000000000001,0.000541,0.000541,0.0005420000000000001,0.00054,0.000541,0.000539,0.000535,0.000535,0.000532,0.00053,0.000532,0.0005290000000000001,0.000528]},"efficiency":{"unit":"%","value":11.2176},"fill_factor":{"unit":"%","value":74.12826373230224},"jsc":{"unit":"mA\/cm2","value":13.240000000000002},"isc":{"unit":"mA","value":0.5296000000000001},"voc":{"unit":"V","value":1.142952380952381},"sweep_direction":{"unit":"","value":"Reverse"},"key":"reverse_3_CsPbI2Br+100uL Ch2I2_722041404_4F"},{"V":{"unit":"V","value":[1.192,1.152,1.112,1.072,1.032,0.992,0.952,0.912,0.872,0.832,0.792,0.752,0.712,0.672,0.632,0.592,0.552,0.512,0.472,0.432,0.392,0.352,0.312,0.272,0.232,0.192,0.152,0.112,0.072,0.032,-0.008,-0.048]},"J":{"unit":"A\/cm2","value":[-0.0056,-0.00095,0.0032,0.006600000000000001,0.009049999999999999,0.010625,0.011675000000000001,0.012325,0.0127,0.012975,0.01315,0.01325,0.013349999999999999,0.0134,0.013450000000000002,0.013525,0.013475,0.013525,0.013550000000000001,0.013525,0.013550000000000001,0.0135,0.013550000000000001,0.0135,0.013450000000000002,0.013475,0.013349999999999999,0.013300000000000001,0.013325000000000002,0.01325,0.013275,0.013275]},"I":{"unit":"A","value":[-0.000224,-3.8e-5,0.000128,0.000264,0.00036199999999999996,0.000425,0.000467,0.000493,0.000508,0.000519,0.000526,0.00053,0.0005340000000000001,0.000536,0.0005380000000000001,0.000541,0.000539,0.000541,0.0005420000000000001,0.000541,0.0005420000000000001,0.00054,0.0005420000000000001,0.00054,0.0005380000000000001,0.000539,0.0005340000000000001,0.000532,0.000533,0.00053,0.000531,0.000531]},"efficiency":{"unit":"%","value":11.2404},"fill_factor":{"unit":"%","value":74.11807460151074},"jsc":{"unit":"mA\/cm2","value":13.270000000000001},"isc":{"unit":"mA","value":0.5308},"voc":{"unit":"V","value":1.1428433734939758},"sweep_direction":{"unit":"","value":"Reverse"},"key":"reverse_2_CsPbI2Br+100uL Ch2I2_722041404_4F"},{"V":{"unit":"V","value":[1.183,1.143,1.103,1.063,1.023,0.983,0.943,0.903,0.863,0.823,0.783,0.743,0.703,0.663,0.623,0.583,0.543,0.503,0.463,0.423,0.383,0.343,0.303,0.263,0.223,0.183,0.143,0.103,0.063,0.023,-0.017]},"J":{"unit":"A\/cm2","value":[-0.0050999999999999995,-0.0008250000000000001,0.00285,0.00605,0.00855,0.010299999999999998,0.011474999999999999,0.012225,0.0127,0.013025,0.013275,0.013375,0.0135,0.013550000000000001,0.013600000000000001,0.013675000000000001,0.0137,0.013725000000000001,0.01375,0.0137,0.013725000000000001,0.013775,0.013725000000000001,0.0137,0.013725000000000001,0.01365,0.013625,0.013575,0.0135,0.013475,0.0134]},"I":{"unit":"A","value":[-0.000204,-3.3e-5,0.000114,0.000242,0.000342,0.000412,0.00045900000000000004,0.000489,0.000508,0.000521,0.000531,0.000535,0.00054,0.0005420000000000001,0.000544,0.0005470000000000001,0.0005480000000000001,0.000549,0.00055,0.0005480000000000001,0.000549,0.0005510000000000001,0.000549,0.0005480000000000001,0.000549,0.000546,0.000545,0.0005430000000000001,0.00054,0.000539,0.000536]},"efficiency":{"unit":"%","value":11.039175},"fill_factor":{"unit":"%","value":72.47347844817749},"jsc":{"unit":"mA\/cm2","value":13.431875000000002},"isc":{"unit":"mA","value":0.5372750000000001},"voc":{"unit":"V","value":1.134020408163265},"sweep_direction":{"unit":"","value":"Reverse"},"key":"reverse_1_CsPbI2Br+100uL Ch2I2_722041404_4F"},{"V":{"unit":"V","value":[-0.05,-0.01,0.03,0.07,0.11,0.15,0.19,0.23,0.27,0.31,0.35,0.39,0.43,0.47,0.51,0.55,0.59,0.63,0.67,0.71,0.75,0.79,0.83,0.87,0.91,0.95,0.99,1.03,1.07,1.11,1.15,1.19]},"J":{"unit":"A\/cm2","value":[0.014274999999999998,0.014199999999999999,0.014274999999999998,0.01415,0.01405,0.013925,0.01365,0.013475,0.013224999999999999,0.012925,0.012675,0.01235,0.012,0.01165,0.011224999999999999,0.010825,0.010399999999999998,0.00995,0.0095,0.009025,0.008450000000000001,0.007825,0.007000000000000001,0.005974999999999999,0.004775000000000001,0.0034000000000000002,0.00195,0.00042500000000000003,-0.001175,-0.00295,-0.00505,-0.007825]},"I":{"unit":"A","value":[0.000571,0.0005679999999999999,0.000571,0.000566,0.0005620000000000001,0.0005570000000000001,0.000546,0.000539,0.0005290000000000001,0.000517,0.000507,0.000494,0.00047999999999999996,0.00046600000000000005,0.000449,0.000433,0.000416,0.000398,0.00038,0.000361,0.00033800000000000003,0.000313,0.00028000000000000003,0.00023899999999999998,0.000191,0.000136,7.8e-5,1.7e-5,-4.7e-5,-0.000118,-0.000202,-0.000313]},"efficiency":{"unit":"%","value":6.407749999999999},"fill_factor":{"unit":"%","value":43.306180906180906},"jsc":{"unit":"mA\/cm2","value":14.218749999999996},"isc":{"unit":"mA","value":0.5687499999999999},"voc":{"unit":"V","value":1.0406250000000001},"sweep_direction":{"unit":"","value":"Forward"},"key":"forward_6_CsPbI2Br+100uL Ch2I2_722041404_4F"},{"V":{"unit":"V","value":[-0.05,-0.01,0.03,0.07,0.11,0.15,0.19,0.23,0.27,0.31,0.35,0.39,0.43,0.47,0.51,0.55,0.59,0.63,0.67,0.71,0.75,0.79,0.83,0.87,0.91,0.95,0.99,1.03,1.07,1.11,1.15,1.19]},"J":{"unit":"A\/cm2","value":[0.014374999999999999,0.014274999999999998,0.014299999999999998,0.014249999999999999,0.01405,0.013925,0.013675000000000001,0.0134,0.013200000000000002,0.01285,0.012549999999999999,0.012275000000000001,0.011875,0.0115,0.011125,0.010674999999999999,0.01025,0.009800000000000001,0.009349999999999999,0.008875,0.0083,0.00765,0.00685,0.0058,0.0046,0.00325,0.0017999999999999997,0.0003,-0.0012999999999999997,-0.0030499999999999998,-0.005175,-0.007975]},"I":{"unit":"A","value":[0.000575,0.000571,0.0005719999999999999,0.00057,0.0005620000000000001,0.0005570000000000001,0.0005470000000000001,0.000536,0.000528,0.000514,0.000502,0.000491,0.000475,0.00046,0.00044500000000000003,0.00042699999999999997,0.00041,0.00039200000000000004,0.000374,0.00035499999999999996,0.000332,0.000306,0.00027400000000000005,0.000232,0.000184,0.00013000000000000002,7.199999999999999e-5,1.2e-5,-5.2e-5,-0.000122,-0.000207,-0.000319]},"efficiency":{"unit":"%","value":6.30125},"fill_factor":{"unit":"%","value":42.52774775249796},"jsc":{"unit":"mA\/cm2","value":14.281249999999998},"isc":{"unit":"mA","value":0.5712499999999999},"voc":{"unit":"V","value":1.0375},"sweep_direction":{"unit":"","value":"Forward"},"key":"forward_5_CsPbI2Br+100uL Ch2I2_722041404_4F"},{"V":{"unit":"V","value":[-0.05,-0.01,0.03,0.07,0.11,0.15,0.19,0.23,0.27,0.31,0.35,0.39,0.43,0.47,0.51,0.55,0.59,0.63,0.67,0.71,0.75,0.79,0.83,0.87,0.91,0.95,0.99,1.03,1.07,1.11,1.15,1.19]},"J":{"unit":"A\/cm2","value":[0.014274999999999998,0.014274999999999998,0.014199999999999999,0.01415,0.01405,0.013800000000000002,0.013550000000000001,0.013275,0.01295,0.01265,0.012325,0.011949999999999999,0.011575,0.011175000000000001,0.01075,0.01035,0.009875,0.009425000000000001,0.008975,0.008450000000000001,0.0079,0.007199999999999999,0.006325,0.0053,0.00405,0.0026999999999999997,0.001325,-0.000125,-0.0016500000000000002,-0.00335,-0.005399999999999999,-0.008125]},"I":{"unit":"A","value":[0.000571,0.000571,0.0005679999999999999,0.000566,0.0005620000000000001,0.0005520000000000001,0.0005420000000000001,0.000531,0.000518,0.000506,0.000493,0.00047799999999999996,0.00046300000000000003,0.000447,0.00043,0.000414,0.000395,0.000377,0.000359,0.00033800000000000003,0.000316,0.00028799999999999995,0.000253,0.000212,0.000162,0.000108,5.3e-5,-5.0e-6,-6.6e-5,-0.000134,-0.000216,-0.000325]},"efficiency":{"unit":"%","value":6.013249999999999},"fill_factor":{"unit":"%","value":41.08876809006416},"jsc":{"unit":"mA\/cm2","value":14.256249999999998},"isc":{"unit":"mA","value":0.5702499999999999},"voc":{"unit":"V","value":1.0265517241379312},"sweep_direction":{"unit":"","value":"Forward"},"key":"forward_4_CsPbI2Br+100uL Ch2I2_722041404_4F"},{"V":{"unit":"V","value":[-0.05,-0.01,0.03,0.07,0.11,0.15,0.19,0.23,0.27,0.31,0.35,0.39,0.43,0.47,0.51,0.55,0.59,0.63,0.67,0.71,0.75,0.79,0.83,0.87,0.91,0.95,0.99,1.03,1.07,1.11,1.15,1.19]},"J":{"unit":"A\/cm2","value":[0.013975000000000001,0.013900000000000001,0.01395,0.013875000000000002,0.013725000000000001,0.013625,0.0134,0.01315,0.012975,0.012675,0.012424999999999999,0.012174999999999998,0.0118,0.011525,0.011175000000000001,0.010799999999999999,0.010424999999999999,0.01,0.0096,0.00915,0.008625,0.007975,0.007174999999999999,0.006125,0.004900000000000001,0.0035749999999999996,0.0021000000000000003,0.0006,-0.001,-0.00275,-0.004900000000000001,-0.00775]},"I":{"unit":"A","value":[0.000559,0.0005560000000000001,0.000558,0.000555,0.000549,0.000545,0.000536,0.000526,0.000519,0.000507,0.000497,0.00048699999999999997,0.000472,0.00046100000000000004,0.000447,0.000432,0.000417,0.0004,0.000384,0.000366,0.000345,0.000319,0.000287,0.000245,0.00019600000000000002,0.00014299999999999998,8.400000000000001e-5,2.4e-5,-4.0e-5,-0.00011,-0.00019600000000000002,-0.00031]},"efficiency":{"unit":"%","value":6.496499999999999},"fill_factor":{"unit":"%","value":44.68461032512671},"jsc":{"unit":"mA\/cm2","value":13.9125},"isc":{"unit":"mA","value":0.5565},"voc":{"unit":"V","value":1.045},"sweep_direction":{"unit":"","value":"Forward"},"key":"forward_3_CsPbI2Br+100uL Ch2I2_722041404_4F"},{"V":{"unit":"V","value":[-0.05,-0.01,0.03,0.07,0.11,0.15,0.19,0.23,0.27,0.31,0.35,0.39,0.43,0.47,0.51,0.55,0.59,0.63,0.67,0.71,0.75,0.79,0.83,0.87,0.91,0.95,0.99,1.03,1.07,1.11,1.15,1.19]},"J":{"unit":"A\/cm2","value":[0.013975000000000001,0.013975000000000001,0.013900000000000001,0.013875000000000002,0.013725000000000001,0.013575,0.0134,0.01315,0.0129,0.0127,0.012424999999999999,0.012174999999999998,0.01185,0.0115,0.011175000000000001,0.010825,0.01045,0.01005,0.009625,0.00915,0.008625,0.00795,0.007075,0.006,0.004725,0.00335,0.001875,0.000375,-0.0012250000000000002,-0.003025,-0.00525,-0.0083]},"I":{"unit":"A","value":[0.000559,0.000559,0.0005560000000000001,0.000555,0.000549,0.0005430000000000001,0.000536,0.000526,0.000516,0.000508,0.000497,0.00048699999999999997,0.000474,0.00046,0.000447,0.000433,0.00041799999999999997,0.000402,0.00038500000000000003,0.000366,0.000345,0.00031800000000000003,0.000283,0.00023999999999999998,0.000189,0.000134,7.5e-5,1.4999999999999999e-5,-4.9000000000000005e-5,-0.000121,-0.00020999999999999998,-0.000332]},"efficiency":{"unit":"%","value":6.496499999999999},"fill_factor":{"unit":"%","value":44.78560401176363},"jsc":{"unit":"mA\/cm2","value":13.95625},"isc":{"unit":"mA","value":0.55825},"voc":{"unit":"V","value":1.039375},"sweep_direction":{"unit":"","value":"Forward"},"key":"forward_2_CsPbI2Br+100uL Ch2I2_722041404_4F"},{"V":{"unit":"V","value":[-0.05,-0.01,0.03,0.07,0.11,0.15,0.19,0.23,0.27,0.31,0.35,0.39,0.43,0.47,0.51,0.55,0.59,0.63,0.67,0.71,0.75,0.79,0.83,0.87,0.91,0.95,0.99,1.03,1.07,1.11,1.15,1.19]},"J":{"unit":"A\/cm2","value":[0.014224999999999998,0.014199999999999999,0.014174999999999998,0.01405,0.01395,0.01375,0.013550000000000001,0.013300000000000001,0.012975,0.012675,0.012375,0.012,0.011675000000000001,0.011224999999999999,0.010825,0.01045,0.009975,0.009550000000000001,0.009049999999999999,0.008475,0.00785,0.007000000000000001,0.006,0.004825,0.0035000000000000005,0.002175,0.000775,-0.0006499999999999999,-0.00225,-0.004125,-0.0065,-0.009725]},"I":{"unit":"A","value":[0.000569,0.0005679999999999999,0.0005669999999999999,0.0005620000000000001,0.000558,0.00055,0.0005420000000000001,0.000532,0.000519,0.000507,0.000495,0.00047999999999999996,0.000467,0.000449,0.000433,0.00041799999999999997,0.000399,0.000382,0.00036199999999999996,0.000339,0.000314,0.00028000000000000003,0.00023999999999999998,0.000193,0.00014000000000000001,8.7e-5,3.1e-5,-2.6e-5,-8.999999999999999e-5,-0.000165,-0.00026000000000000003,-0.000389]},"efficiency":{"unit":"%","value":6.0635},"fill_factor":{"unit":"%","value":42.223199046916385},"jsc":{"unit":"mA\/cm2","value":14.193749999999996},"isc":{"unit":"mA","value":0.5677499999999999},"voc":{"unit":"V","value":1.0117543859649123},"sweep_direction":{"unit":"","value":"Forward"},"key":"forward_1_CsPbI2Br+100uL Ch2I2_722041404_4F"}]}}