{"_id":"652e27ee956f56119d546354","id":"CAU-SC-00246","author":68,"group":7,"input":[{"tco":{"unit":"","value":"ITO"}},[],{"htl":[{"material":{"unit":"","value":"PEDOT:PSS"},"concentration":{"unit":"","value":""},"conc_unit":{"unit":"","value":"mg\/ml"},"quantity":{"unit":"ml","value":""}}],"spin_coating":[{"type":{"unit":"","value":"drop&run"},"rpm":{"unit":"","value":"6000"},"time":{"unit":"s","value":"30"}}],"annealing":[{"temperature":{"unit":"oC","value":"150"},"time":{"unit":"m","value":"20"}}]},{"perovskite":{"method":{"unit":"","value":"1step"},"molarity":{"unit":"M","value":"1.2"},"a_site":[{"material":{"unit":"","value":"FA"},"ratio":{"unit":"","value":"81.34"}},{"material":{"unit":"","value":"Cs"},"ratio":{"unit":"","value":"16.66"}},{"material":{"unit":"","value":"BA"},"ratio":{"unit":"","value":"2"}}],"b_site":[{"material":{"unit":"","value":"Sn"},"ratio":{"unit":"","value":"50"}},{"material":{"unit":"","value":"Pb"},"ratio":{"unit":"","value":"50"}}],"x_site":[{"material":{"unit":"","value":"I"},"ratio":{"unit":"","value":"100"}}],"solvent":[{"material":{"unit":"","value":"DMF"},"volume":{"unit":"ml","value":"0.8"}},{"material":{"unit":"","value":"DMSO"},"volume":{"unit":"ml","value":"0.2"}}],"additive":[{"material":{"unit":"","value":"SnF2"},"solvent":{"unit":"","value":"none"},"concentration":{"unit":"","value":"9.36"},"conc_unit":{"unit":"","value":"mg\/ml"},"quantity":{"unit":"mol%","value":"5"}}],"stirring_time":[{"unit":"m","value":"120"}],"antisolvent":[{"material":{"unit":"","value":"PC61BM(1mg)+Toluene"},"quantity":{"unit":"ul","value":"300"},"dripping_time":{"unit":"s","value":"13"}}],"spin_coating":[{"type":{"unit":"","value":"drop&run"},"rpm":{"unit":"","value":"5000"},"time":{"unit":"s","value":"35"}}],"annealing":[{"temperature":{"unit":"oC","value":"65"},"time":{"unit":"m","value":"1"}},{"temperature":{"unit":"oC","value":"100"},"time":{"unit":"m","value":"10"}}],"atmosphere":[{"type":{"unit":"","value":"N2"},"temperature":{"unit":"oC","value":"25"},"humidity":{"unit":"RH%","value":"0"}}]}},{"etl":[{"material":{"unit":"","value":"PC61BM"},"concentration":{"unit":"","value":"20"},"conc_unit":{"unit":"","value":"mg\/ml"},"quantity":{"unit":"ml","value":"0.05"}}],"solvent":[{"material":{"unit":"","value":"CB"},"volume":{"unit":"ml","value":"1"}}],"spin_coating":[{"type":{"unit":"","value":"drop&run"},"rpm":{"unit":"","value":"1500"},"time":{"unit":"s","value":"30"}}],"annealing":[{"temperature":{"unit":"oC","value":"75"},"time":{"unit":"m","value":"10"}}]},{"blocking_buffer_layer":[{"material":{"unit":"","value":"BCP"},"concentration":{"unit":"","value":"0.5"},"conc_unit":{"unit":"","value":"mg\/ml"},"quantity":{"unit":"ml","value":"0.1"}}],"solvent":[{"material":{"unit":"","value":"IPA"},"volume":{"unit":"ml","value":"1"}}],"spin_coating":[{"type":{"unit":"","value":"drop&run"},"rpm":{"unit":"","value":"4000"},"time":{"unit":"s","value":"20"}}]},{"anode_metal":{"unit":"","value":"Ag"}},{"note":{"unit":"","value":"ITO\/PD\/BAFACsSnPbI3-P. TOl"},"ar":{"unit":"","value":"0"},"type":{"unit":"","value":"unit_cell"},"device_type":{"unit":"","value":"p-i-n"},"temperature":{"unit":"\u2103","value":"25"},"humidity":{"unit":"%","value":"30"},"cell_dimension":{"unit":"cm2","value":"0.04"}}],"fileinfo":[{"key":"123010505","uploadType":"JV","original_name":"123010505.xlsx","save_name":"CAU-SC-00246\/123010505","uploader":68,"fileType":"group"}],"jvcnt":24,"updated_at":"2024-07-30 06:20:05","created_at":"2023-10-17 06:21:34","analysisInfo":{"JV":[{"efficiency":17.09924,"fill_factor":73.47881110501628,"jsc":30.8768,"voc":0.7536720374814309,"key":"reverse_9_123010505","cell_dimension":null},{"efficiency":16.772544,"fill_factor":72.90649370447397,"jsc":31.024,"voc":0.7415406032482599,"key":"reverse_8_123010505","cell_dimension":null},{"efficiency":16.101204,"fill_factor":85.39786552334066,"jsc":26.9882,"voc":0.698614212708514,"key":"reverse_7_123010505","cell_dimension":null},{"efficiency":16.087908999999996,"fill_factor":85.45199893522802,"jsc":26.99405,"voc":0.6974439746300211,"key":"reverse_6_123010505","cell_dimension":null},{"efficiency":15.967727999999997,"fill_factor":85.02404400060821,"jsc":27.038800000000005,"voc":0.6945666957279862,"key":"reverse_5_123010505","cell_dimension":null},{"efficiency":15.153306000000002,"fill_factor":82.84701413024298,"jsc":26.745399999999997,"voc":0.683882412467112,"key":"reverse_4_123010505","cell_dimension":null},{"efficiency":15.94827,"fill_factor":85.20202741550632,"jsc":27.142099999999996,"voc":0.6896364446204097,"key":"reverse_3_123010505","cell_dimension":null},{"efficiency":15.817808,"fill_factor":84.96904839963696,"jsc":27.186399999999992,"voc":0.6847528409090909,"key":"reverse_2_123010505","cell_dimension":null},{"efficiency":14.633202,"fill_factor":80.82066986853837,"jsc":27.231600000000004,"voc":0.6648807556080284,"key":"reverse_1_123010505","cell_dimension":null},{"efficiency":17.18492,"fill_factor":74.28200267727313,"jsc":30.443,"voc":0.7599350279265931,"key":"reverse_12_123010505","cell_dimension":null},{"efficiency":17.19773,"fill_factor":73.87847759861245,"jsc":30.640000000000004,"voc":0.7597390125409559,"key":"reverse_11_123010505","cell_dimension":null},{"efficiency":17.175392,"fill_factor":73.82693640942509,"jsc":30.69140000000001,"voc":0.7580103080975833,"key":"reverse_10_123010505","cell_dimension":null},{"efficiency":16.49817,"fill_factor":71.17199948043849,"jsc":30.935499999999998,"voc":0.7493236978456503,"key":"forward_9_123010505","cell_dimension":null},{"efficiency":16.31822,"fill_factor":70.46682029095291,"jsc":31.1765,"voc":0.7427809397749834,"key":"forward_8_123010505","cell_dimension":null},{"efficiency":13.00805,"fill_factor":67.61732566447904,"jsc":28.208499999999997,"voc":0.6819840452907874,"key":"forward_7_123010505","cell_dimension":null},{"efficiency":12.95965,"fill_factor":67.23886773260845,"jsc":28.325499999999998,"voc":0.6804485554992397,"key":"forward_6_123010505","cell_dimension":null},{"efficiency":12.837000000000002,"fill_factor":66.79575359930422,"jsc":28.377499999999998,"voc":0.6772368092023007,"key":"forward_5_123010505","cell_dimension":null},{"efficiency":12.31137,"fill_factor":65.11677276694941,"jsc":28.2405,"voc":0.6694854354576372,"key":"forward_4_123010505","cell_dimension":null},{"efficiency":12.74491,"fill_factor":65.53424509573891,"jsc":28.810000000000002,"voc":0.6750333251049124,"key":"forward_3_123010505","cell_dimension":null},{"efficiency":12.59757,"fill_factor":64.60052065609311,"jsc":29.046499999999998,"voc":0.6713623046875,"key":"forward_2_123010505","cell_dimension":null},{"efficiency":12.07323,"fill_factor":63.31291188970349,"jsc":28.9925,"voc":0.6577267729521715,"key":"forward_1_123010505","cell_dimension":null},{"efficiency":16.649340000000002,"fill_factor":72.52728169805151,"jsc":30.533499999999997,"voc":0.7518289282926286,"key":"forward_12_123010505","cell_dimension":null},{"efficiency":16.59749,"fill_factor":71.78693836270674,"jsc":30.7625,"voc":0.7515802469135802,"key":"forward_11_123010505","cell_dimension":null},{"efficiency":16.632260000000002,"fill_factor":71.92572926872498,"jsc":30.782500000000002,"voc":0.7512130143974606,"key":"forward_10_123010505","cell_dimension":null}]},"public":2,"tags":[],"analysis":{"JV":[{"V":{"unit":"V","value":[0.804,0.784,0.764,0.744,0.724,0.704,0.684,0.664,0.644,0.624,0.604,0.584,0.564,0.544,0.524,0.504,0.484,0.464,0.444,0.424,0.404,0.384,0.364,0.344,0.324,0.304,0.284,0.264,0.244,0.224,0.204,0.184,0.164,0.144,0.124,0.104,0.084,0.064,0.044,0.024,0.004,-0.016,-0.036,0,0]},"J":{"unit":"A\/cm2","value":[-0.027404,-0.01494,-0.0045190000000000004,0.0042320000000000005,0.011222,0.016774,0.020831,0.023827,0.025901,0.0273,0.028310000000000002,0.028995999999999997,0.029543000000000003,0.029883,0.030115999999999997,0.030325,0.030346,0.030556999999999997,0.030566,0.030692000000000004,0.030607,0.030713999999999995,0.030681,0.030763000000000002,0.030773,0.030778,0.030820000000000004,0.030777000000000006,0.030788999999999997,0.030803999999999998,0.030819000000000003,0.030841999999999994,0.030754,0.030855999999999998,0.030757000000000003,0.030893000000000004,0.030768,0.030875000000000003,0.030795,0.03088,0.030883,0.030852,0.030854999999999997,0,0]},"I":{"unit":"A","value":[-0.00109616,-0.0005976,-0.00018076,0.00016928,0.00044888,0.00067096,0.00083324,0.00095308,0.00103604,0.001092,0.0011324,0.00115984,0.00118172,0.00119532,0.0012046399999999999,0.001213,0.00121384,0.00122228,0.0012226399999999999,0.00122768,0.0012242800000000001,0.0012285599999999999,0.00122724,0.0012305200000000001,0.00123092,0.00123112,0.0012328,0.0012310800000000003,0.00123156,0.00123216,0.00123276,0.0012336799999999998,0.00123016,0.00123424,0.00123028,0.00123572,0.00123072,0.0012350000000000002,0.0012318,0.0012352,0.00123532,0.00123408,0.0012342,0,0]},"efficiency":{"unit":"%","value":17.09924},"fill_factor":{"unit":"%","value":73.47881110501628},"jsc":{"unit":"mA\/cm2","value":30.8768},"isc":{"unit":"mA","value":1.235072},"voc":{"unit":"V","value":0.7536720374814309},"sweep_direction":{"unit":"","value":"Reverse"},"key":"reverse_9_123010505"},{"V":{"unit":"V","value":[0.792,0.772,0.752,0.732,0.712,0.692,0.672,0.652,0.632,0.612,0.592,0.572,0.552,0.532,0.512,0.492,0.472,0.452,0.432,0.412,0.392,0.372,0.352,0.332,0.312,0.292,0.272,0.252,0.232,0.212,0.192,0.172,0.152,0.132,0.112,0.092,0.072,0.052,0.032,0.012,-0.008,-0.028,-0.048,0,0]},"J":{"unit":"A\/cm2","value":[-0.026735999999999996,-0.014616000000000002,-0.004508,0.004112,0.010957000000000001,0.016489,0.020510999999999998,0.023621,0.025775,0.027223999999999998,0.028332,0.028963000000000003,0.029584,0.029798999999999996,0.030225999999999996,0.030338000000000004,0.030515000000000004,0.030666999999999996,0.030696,0.030829999999999996,0.030777000000000006,0.030955,0.030858,0.030963999999999995,0.030893999999999998,0.030946,0.030986,0.030955,0.03098,0.030974,0.031008000000000004,0.031016,0.031025999999999995,0.031016,0.03095,0.031049,0.030976,0.031079,0.030969,0.031036,0.031016,0.030994,0.031041,0,0]},"I":{"unit":"A","value":[-0.0010694399999999998,-0.0005846400000000001,-0.00018032,0.00016448000000000002,0.00043828000000000004,0.00065956,0.00082044,0.00094484,0.001031,0.00108896,0.00113328,0.00115852,0.00118336,0.00119196,0.00120904,0.00121352,0.0012206,0.00122668,0.00122784,0.0012331999999999998,0.0012310800000000003,0.0012382,0.0012343200000000001,0.0012385599999999999,0.00123576,0.00123784,0.00123944,0.0012382,0.0012392,0.00123896,0.00124032,0.0012406399999999999,0.00124104,0.0012406399999999999,0.001238,0.0012419599999999999,0.0012390399999999998,0.00124316,0.00123876,0.0012414400000000001,0.0012406399999999999,0.00123976,0.00124164,0,0]},"efficiency":{"unit":"%","value":16.772544},"fill_factor":{"unit":"%","value":72.90649370447397},"jsc":{"unit":"mA\/cm2","value":31.024},"isc":{"unit":"mA","value":1.24096},"voc":{"unit":"V","value":0.7415406032482599},"sweep_direction":{"unit":"","value":"Reverse"},"key":"reverse_8_123010505"},{"V":{"unit":"V","value":[0.748,0.728,0.708,0.688,0.668,0.648,0.628,0.608,0.588,0.568,0.548,0.528,0.508,0.488,0.468,0.448,0.428,0.408,0.388,0.368,0.348,0.328,0.308,0.288,0.268,0.248,0.228,0.208,0.188,0.168,0.148,0.128,0.108,0.088,0.068,0.048,0.028,0.008,-0.012,-0.032,0,0]},"J":{"unit":"A\/cm2","value":[-0.032716999999999996,-0.017587,-0.004867,0.005503999999999999,0.013468,0.019219999999999998,0.023222,0.025712,0.027383,0.028277999999999998,0.028813,0.029145,0.029057,0.028995000000000003,0.028461,0.028207999999999997,0.027699,0.027527,0.027382,0.027275999999999998,0.027227,0.027172,0.027166,0.027088,0.02717,0.027055,0.027100999999999997,0.027018000000000004,0.027056,0.027044000000000002,0.027027000000000002,0.027032,0.026995,0.027021,0.027001,0.026997,0.026985999999999996,0.026952999999999998,0.027040999999999996,0.026957000000000005,0,0]},"I":{"unit":"A","value":[-0.00130868,-0.00070348,-0.00019468,0.00022016,0.00053872,0.0007687999999999999,0.0009288800000000001,0.00102848,0.00109532,0.00113112,0.00115252,0.0011658,0.00116228,0.0011598000000000001,0.00113844,0.00112832,0.00110796,0.0011010800000000002,0.0010952800000000001,0.00109104,0.00108908,0.0010868800000000001,0.00108664,0.0010835200000000001,0.0010868,0.0010822,0.0010840399999999999,0.00108072,0.0010822400000000002,0.00108176,0.00108108,0.00108128,0.0010798000000000001,0.00108084,0.0010800400000000002,0.0010798799999999999,0.0010794399999999999,0.00107812,0.00108164,0.00107828,0,0]},"efficiency":{"unit":"%","value":16.101204},"fill_factor":{"unit":"%","value":85.39786552334066},"jsc":{"unit":"mA\/cm2","value":26.9882},"isc":{"unit":"mA","value":1.079528},"voc":{"unit":"V","value":0.698614212708514},"sweep_direction":{"unit":"","value":"Reverse"},"key":"reverse_7_123010505"},{"V":{"unit":"V","value":[0.747,0.727,0.707,0.687,0.667,0.647,0.627,0.607,0.587,0.567,0.547,0.527,0.507,0.487,0.467,0.447,0.427,0.407,0.387,0.367,0.347,0.327,0.307,0.287,0.267,0.247,0.227,0.207,0.187,0.167,0.147,0.127,0.107,0.087,0.067,0.047,0.027,0.007,-0.013,-0.033,0,0]},"J":{"unit":"A\/cm2","value":[-0.032612,-0.017606,-0.004972000000000001,0.0054340000000000005,0.013397999999999998,0.019143999999999998,0.02311,0.025673,0.027406999999999997,0.028271,0.028942,0.029089,0.029213,0.028997,0.028725,0.028280999999999997,0.027871000000000003,0.027666,0.027388000000000003,0.027319,0.027198,0.027205000000000003,0.027135000000000003,0.027086,0.027099,0.027037,0.027121,0.026997999999999998,0.027042999999999998,0.027044000000000002,0.027039,0.027051999999999996,0.026983,0.027065000000000002,0.026940000000000002,0.027040999999999996,0.026977,0.027007,0.026969999999999997,0.026977,0,0]},"I":{"unit":"A","value":[-0.00130448,-0.0007042400000000001,-0.00019888000000000002,0.00021736,0.00053592,0.00076576,0.0009244,0.00102692,0.0010962799999999998,0.0011308400000000001,0.0011576800000000001,0.00116356,0.00116852,0.00115988,0.001149,0.00113124,0.00111484,0.00110664,0.00109552,0.00109276,0.00108792,0.0010882,0.0010854,0.00108344,0.0010839600000000001,0.00108148,0.0010848400000000001,0.00107992,0.00108172,0.00108176,0.00108156,0.00108208,0.0010793200000000001,0.0010826,0.0010776000000000002,0.00108164,0.00107908,0.00108028,0.0010788,0.00107908,0,0]},"efficiency":{"unit":"%","value":16.087908999999996},"fill_factor":{"unit":"%","value":85.45199893522802},"jsc":{"unit":"mA\/cm2","value":26.99405},"isc":{"unit":"mA","value":1.079762},"voc":{"unit":"V","value":0.6974439746300211},"sweep_direction":{"unit":"","value":"Reverse"},"key":"reverse_6_123010505"},{"V":{"unit":"V","value":[0.744,0.724,0.704,0.684,0.664,0.644,0.624,0.604,0.584,0.564,0.544,0.524,0.504,0.484,0.464,0.444,0.424,0.404,0.384,0.364,0.344,0.324,0.304,0.284,0.264,0.244,0.224,0.204,0.184,0.164,0.144,0.124,0.104,0.084,0.064,0.044,0.024,0.004,-0.016,-0.036,0,0]},"J":{"unit":"A\/cm2","value":[-0.032286,-0.017372,-0.004869,0.005454,0.013322,0.019139,0.023045000000000003,0.025655,0.027341999999999998,0.028278999999999995,0.028943,0.029138999999999998,0.029329,0.029008,0.028818000000000003,0.02829,0.028009,0.027690000000000003,0.027472,0.027378,0.02721,0.027279000000000005,0.027154,0.027208,0.027089000000000002,0.027118,0.027105,0.027071,0.027076,0.026992,0.027097000000000006,0.027028000000000003,0.027131,0.027006,0.027045999999999997,0.027017000000000003,0.027031,0.027055,0.026974000000000005,0.027018000000000004,0,0]},"I":{"unit":"A","value":[-0.00129144,-0.00069488,-0.00019475999999999999,0.00021815999999999998,0.00053288,0.00076556,0.0009218000000000001,0.0010262,0.00109368,0.00113116,0.00115772,0.00116556,0.00117316,0.00116032,0.00115272,0.0011316,0.00112036,0.0011076,0.00109888,0.00109512,0.0010884,0.00109116,0.00108616,0.00108832,0.0010835600000000001,0.00108472,0.0010842,0.00108284,0.00108304,0.00107968,0.0010838800000000002,0.00108112,0.00108524,0.00108024,0.00108184,0.00108068,0.00108124,0.0010822,0.0010789600000000001,0.00108072,0,0]},"efficiency":{"unit":"%","value":15.967727999999997},"fill_factor":{"unit":"%","value":85.02404400060821},"jsc":{"unit":"mA\/cm2","value":27.038800000000005},"isc":{"unit":"mA","value":1.0815520000000003},"voc":{"unit":"V","value":0.6945666957279862},"sweep_direction":{"unit":"","value":"Reverse"},"key":"reverse_5_123010505"},{"V":{"unit":"V","value":[0.733,0.713,0.693,0.673,0.653,0.633,0.613,0.593,0.573,0.553,0.533,0.513,0.493,0.473,0.453,0.433,0.413,0.393,0.373,0.353,0.333,0.313,0.293,0.273,0.253,0.233,0.213,0.193,0.173,0.153,0.133,0.113,0.093,0.073,0.053,0.033,0.013,-0.007,-0.027,-0.047,0,0]},"J":{"unit":"A\/cm2","value":[-0.031516999999999996,-0.01682,-0.004505,0.005377,0.012967999999999999,0.018497,0.022279,0.024820000000000002,0.026406000000000002,0.027402000000000006,0.027918,0.02827,0.028400999999999996,0.028176000000000003,0.028195000000000005,0.027801,0.027632,0.027382,0.027223999999999998,0.027132,0.026999,0.026978000000000002,0.02689,0.026939,0.026806999999999997,0.026907000000000004,0.026768999999999998,0.026835000000000005,0.026718000000000002,0.026768,0.026767000000000003,0.026704000000000002,0.026753999999999997,0.026692999999999998,0.026740999999999997,0.026697,0.026774000000000006,0.026729999999999997,0.026683,0.026740999999999997,0,0]},"I":{"unit":"A","value":[-0.00126068,-0.0006728000000000001,-0.0001802,0.00021507999999999998,0.00051872,0.0007398799999999999,0.0008911600000000001,0.0009928,0.0010562400000000002,0.0010960800000000001,0.0011167199999999999,0.0011308,0.0011360399999999998,0.00112704,0.0011278000000000002,0.00111204,0.00110528,0.0010952800000000001,0.00108896,0.00108528,0.00107996,0.00107912,0.0010756000000000001,0.00107756,0.0010722799999999999,0.0010762800000000002,0.00107076,0.0010734000000000002,0.0010687200000000002,0.00107072,0.00107068,0.00106816,0.00107016,0.00106772,0.00106964,0.00106788,0.0010709600000000001,0.0010692,0.00106732,0.00106964,0,0]},"efficiency":{"unit":"%","value":15.153306000000002},"fill_factor":{"unit":"%","value":82.84701413024298},"jsc":{"unit":"mA\/cm2","value":26.745399999999997},"isc":{"unit":"mA","value":1.0698159999999999},"voc":{"unit":"V","value":0.683882412467112},"sweep_direction":{"unit":"","value":"Reverse"},"key":"reverse_4_123010505"},{"V":{"unit":"V","value":[0.739,0.719,0.699,0.679,0.659,0.639,0.619,0.599,0.579,0.559,0.539,0.519,0.499,0.479,0.459,0.439,0.419,0.399,0.379,0.359,0.339,0.319,0.299,0.279,0.259,0.239,0.219,0.199,0.179,0.159,0.139,0.119,0.099,0.079,0.059,0.039,0.019,-0.001,-0.021,-0.041,0,0]},"J":{"unit":"A\/cm2","value":[-0.031358000000000004,-0.017011,-0.004730000000000001,0.005373,0.013205,0.019082000000000002,0.023056999999999998,0.025806999999999997,0.027462000000000004,0.028529999999999996,0.029172999999999998,0.029566999999999996,0.029734000000000007,0.029714,0.029631,0.029286000000000003,0.028876000000000002,0.028332,0.028041,0.027821000000000002,0.027608999999999998,0.027505,0.027372,0.02741,0.027321,0.027315000000000002,0.027216,0.027253,0.027229999999999997,0.027179,0.027255,0.027132,0.027228999999999996,0.027086,0.027216999999999995,0.027159,0.027201000000000003,0.027139000000000003,0.027136,0.02718,0,0]},"I":{"unit":"A","value":[-0.0012543200000000002,-0.0006804399999999999,-0.00018920000000000005,0.00021492,0.0005282,0.0007632800000000001,0.00092228,0.0010322799999999998,0.0010984800000000002,0.0011412,0.00116692,0.00118268,0.0011893600000000002,0.00118856,0.0011852400000000002,0.00117144,0.00115504,0.00113328,0.00112164,0.0011128400000000001,0.00110436,0.0011002,0.0010948800000000001,0.0010964,0.00109284,0.0010926,0.00108864,0.00109012,0.0010892,0.00108716,0.0010902000000000002,0.00108528,0.0010891599999999998,0.00108344,0.0010886799999999999,0.00108636,0.0010880400000000002,0.0010855600000000002,0.00108544,0.0010872,0,0]},"efficiency":{"unit":"%","value":15.94827},"fill_factor":{"unit":"%","value":85.20202741550632},"jsc":{"unit":"mA\/cm2","value":27.142099999999996},"isc":{"unit":"mA","value":1.0856839999999999},"voc":{"unit":"V","value":0.6896364446204097},"sweep_direction":{"unit":"","value":"Reverse"},"key":"reverse_3_123010505"},{"V":{"unit":"V","value":[0.734,0.714,0.694,0.674,0.654,0.634,0.614,0.594,0.574,0.554,0.534,0.514,0.494,0.474,0.454,0.434,0.414,0.394,0.374,0.354,0.334,0.314,0.294,0.274,0.254,0.234,0.214,0.194,0.174,0.154,0.134,0.114,0.094,0.074,0.054,0.034,0.014,-0.006,-0.026,-0.046,0,0]},"J":{"unit":"A\/cm2","value":[-0.030509000000000005,-0.016599,-0.004557,0.005299000000000001,0.013139000000000001,0.018920000000000003,0.02293,0.025695,0.027372,0.028552,0.029184000000000005,0.02964,0.029804999999999995,0.029824000000000003,0.029800999999999998,0.02954,0.029241,0.02865,0.028345,0.027923,0.027782,0.027555,0.027477,0.027472,0.027344,0.027356000000000002,0.027281,0.027329000000000003,0.027219999999999998,0.027259000000000002,0.027268000000000004,0.027221,0.027268000000000004,0.027167,0.027265,0.027132,0.027241,0.027162999999999996,0.027214,0.027149,0,0]},"I":{"unit":"A","value":[-0.0012203600000000002,-0.00066396,-0.00018228000000000002,0.00021196,0.00052556,0.0007568000000000002,0.0009172000000000001,0.0010278000000000002,0.0010948800000000001,0.00114208,0.00116736,0.0011856,0.0011922,0.00119296,0.00119204,0.0011815999999999999,0.00116964,0.0011459999999999999,0.0011338,0.00111692,0.00111128,0.0011022,0.0010990800000000001,0.00109888,0.00109376,0.00109424,0.00109124,0.0010931600000000001,0.0010888,0.00109036,0.00109072,0.00108884,0.00109072,0.00108668,0.0010906,0.00108528,0.00108964,0.0010865199999999999,0.00108856,0.00108596,0,0]},"efficiency":{"unit":"%","value":15.817808},"fill_factor":{"unit":"%","value":84.96904839963696},"jsc":{"unit":"mA\/cm2","value":27.186399999999992},"isc":{"unit":"mA","value":1.0874559999999998},"voc":{"unit":"V","value":0.6847528409090909},"sweep_direction":{"unit":"","value":"Reverse"},"key":"reverse_2_123010505"},{"V":{"unit":"V","value":[0.714,0.694,0.674,0.654,0.634,0.614,0.594,0.574,0.554,0.534,0.514,0.494,0.474,0.454,0.434,0.414,0.394,0.374,0.354,0.334,0.314,0.294,0.274,0.254,0.234,0.214,0.194,0.174,0.154,0.134,0.114,0.094,0.074,0.054,0.034,0.014,-0.006,-0.026,-0.046,0,0,0]},"J":{"unit":"A\/cm2","value":[-0.0247,-0.013609999999999999,-0.003862,0.004607999999999999,0.011569000000000001,0.017149,0.021221,0.024193000000000003,0.026184999999999996,0.027403,0.028319,0.028717,0.029181000000000002,0.029163,0.029251,0.029057,0.028884999999999997,0.028611000000000004,0.028263000000000007,0.028065,0.027833999999999998,0.027761000000000004,0.027549,0.027592,0.027423,0.027439,0.027350000000000003,0.027291999999999997,0.027365999999999998,0.027253,0.027347000000000003,0.027239,0.027236999999999997,0.027166,0.027277999999999997,0.027268000000000004,0.027216,0.027211000000000003,0.027216999999999995,0,0,0]},"I":{"unit":"A","value":[-0.000988,-0.0005444,-0.00015448,0.00018432,0.00046276000000000005,0.00068596,0.00084884,0.00096772,0.0010474,0.00109612,0.00113276,0.00114868,0.0011672400000000002,0.00116652,0.00117004,0.00116228,0.0011554,0.00114444,0.00113052,0.0011226,0.0011133599999999999,0.00111044,0.0011019600000000001,0.00110368,0.00109692,0.00109756,0.0010940000000000001,0.00109168,0.00109464,0.00109012,0.0010938800000000002,0.00108956,0.00108948,0.00108664,0.00109112,0.00109072,0.00108864,0.00108844,0.0010886799999999999,0,0,0]},"efficiency":{"unit":"%","value":14.633202},"fill_factor":{"unit":"%","value":80.82066986853837},"jsc":{"unit":"mA\/cm2","value":27.231600000000004},"isc":{"unit":"mA","value":1.0892640000000002},"voc":{"unit":"V","value":0.6648807556080284},"sweep_direction":{"unit":"","value":"Reverse"},"key":"reverse_1_123010505"},{"V":{"unit":"V","value":[0.81,0.79,0.77,0.75,0.73,0.71,0.69,0.67,0.65,0.63,0.61,0.59,0.57,0.55,0.53,0.51,0.49,0.47,0.45,0.43,0.41,0.39,0.37,0.35,0.33,0.31,0.29,0.27,0.25,0.23,0.21,0.19,0.17,0.15,0.13,0.11,0.09,0.07,0.05,0.03,0.01,-0.01,-0.03,0,0]},"J":{"unit":"A\/cm2","value":[-0.027795999999999998,-0.015106,-0.004415,0.004358,0.011414,0.01682,0.020767,0.023763000000000003,0.025689,0.027190000000000002,0.028172,0.028884999999999997,0.029403000000000002,0.029633,0.029908,0.029963,0.030181999999999997,0.030146,0.030358,0.030143999999999997,0.030365,0.030231999999999995,0.030251999999999998,0.030319000000000002,0.030307999999999998,0.030407,0.030279,0.030341999999999994,0.030292999999999997,0.030411999999999998,0.030371,0.030346,0.030409999999999996,0.030401,0.030445,0.030352,0.030446,0.030398000000000005,0.030393999999999997,0.030376,0.030413,0.030473,0.030406,0,0]},"I":{"unit":"A","value":[-0.00111184,-0.00060424,-0.0001766,0.00017432,0.00045656,0.0006728000000000001,0.00083068,0.00095052,0.00102756,0.0010876000000000002,0.00112688,0.0011554,0.0011761200000000001,0.00118532,0.00119632,0.00119852,0.0012072799999999998,0.0012058400000000001,0.00121432,0.00120576,0.0012146,0.0012092799999999999,0.00121008,0.00121276,0.00121232,0.00121628,0.00121116,0.00121368,0.00121172,0.00121648,0.00121484,0.00121384,0.0012163999999999999,0.00121604,0.0012178,0.00121408,0.00121784,0.00121592,0.00121576,0.0012150400000000001,0.00121652,0.00121892,0.00121624,0,0]},"efficiency":{"unit":"%","value":17.18492},"fill_factor":{"unit":"%","value":74.28200267727313},"jsc":{"unit":"mA\/cm2","value":30.443},"isc":{"unit":"mA","value":1.2177200000000001},"voc":{"unit":"V","value":0.7599350279265931},"sweep_direction":{"unit":"","value":"Reverse"},"key":"reverse_12_123010505"},{"V":{"unit":"V","value":[0.81,0.79,0.77,0.75,0.73,0.71,0.69,0.67,0.65,0.63,0.61,0.59,0.57,0.55,0.53,0.51,0.49,0.47,0.45,0.43,0.41,0.39,0.37,0.35,0.33,0.31,0.29,0.27,0.25,0.23,0.21,0.19,0.17,0.15,0.13,0.11,0.09,0.07,0.05,0.03,0.01,-0.01,-0.03,-0.05,0]},"J":{"unit":"A\/cm2","value":[-0.027881,-0.015183,-0.004541000000000001,0.00431,0.011394,0.016870999999999997,0.020786000000000002,0.023751,0.025718,0.027274000000000003,0.028193000000000003,0.028981000000000003,0.029458,0.029770000000000005,0.030024000000000002,0.030141,0.030289000000000003,0.030268,0.030425,0.030376999999999998,0.030537999999999996,0.030470999999999998,0.030502,0.030548,0.030526000000000005,0.030570000000000003,0.030549,0.030605999999999998,0.030671,0.030646999999999994,0.030578,0.030638000000000006,0.030612999999999998,0.03064,0.0306,0.030555,0.030615,0.030566,0.030587000000000003,0.030553999999999998,0.030649000000000006,0.030631000000000005,0.030612999999999998,0.030598999999999998,0]},"I":{"unit":"A","value":[-0.00111524,-0.00060732,-0.00018164000000000003,0.0001724,0.00045576,0.00067484,0.00083144,0.0009500400000000001,0.0010287200000000001,0.0010909600000000002,0.00112772,0.00115924,0.00117832,0.0011908,0.00120096,0.00120564,0.0012115600000000002,0.00121072,0.001217,0.00121508,0.00122152,0.00121884,0.0012200800000000001,0.0012219199999999998,0.00122104,0.0012228,0.00122196,0.00122424,0.0012268399999999999,0.00122588,0.00122312,0.0012255200000000001,0.00122452,0.0012256,0.001224,0.0012222,0.0012246,0.0012226399999999999,0.00122348,0.00122216,0.0012259600000000001,0.00122524,0.00122452,0.0012239599999999998,0]},"efficiency":{"unit":"%","value":17.19773},"fill_factor":{"unit":"%","value":73.87847759861245},"jsc":{"unit":"mA\/cm2","value":30.640000000000004},"isc":{"unit":"mA","value":1.2256000000000002},"voc":{"unit":"V","value":0.7597390125409559},"sweep_direction":{"unit":"","value":"Reverse"},"key":"reverse_11_123010505"},{"V":{"unit":"V","value":[0.808,0.788,0.768,0.748,0.728,0.708,0.688,0.668,0.648,0.628,0.608,0.588,0.568,0.548,0.528,0.508,0.488,0.468,0.448,0.428,0.408,0.388,0.368,0.348,0.328,0.308,0.288,0.268,0.248,0.228,0.208,0.188,0.168,0.148,0.128,0.108,0.088,0.068,0.048,0.028,0.008,-0.012,-0.032,0,0]},"J":{"unit":"A\/cm2","value":[-0.027507999999999998,-0.014967,-0.004360999999999999,0.00437,0.011353,0.016881,0.02088,0.023859,0.025812,0.027290999999999996,0.028249000000000003,0.028931999999999996,0.029484000000000007,0.029804999999999995,0.030042999999999997,0.030122999999999997,0.030317,0.030375,0.030466999999999998,0.030482999999999996,0.030491,0.030526000000000005,0.030549999999999997,0.030572,0.030601,0.030527000000000006,0.030556999999999997,0.030572,0.030689,0.030553,0.030651,0.030576000000000002,0.030691000000000003,0.030587000000000003,0.030732,0.03065,0.030625,0.030744,0.03065,0.030743,0.030637000000000005,0.030773,0.030763000000000002,0,0]},"I":{"unit":"A","value":[-0.00110032,-0.00059868,-0.00017444,0.00017480000000000002,0.00045412,0.00067524,0.0008351999999999999,0.0009543600000000001,0.0010324800000000001,0.0010916399999999998,0.0011299600000000002,0.00115728,0.0011793600000000002,0.0011922,0.0012017199999999999,0.00120492,0.00121268,0.0012150000000000002,0.00121868,0.0012193199999999999,0.0012196400000000001,0.00122104,0.001222,0.00122288,0.00122404,0.0012210800000000003,0.00122228,0.00122288,0.00122756,0.0012221200000000002,0.00122604,0.00122304,0.0012276400000000001,0.00122348,0.00122928,0.0012259999999999999,0.0012250000000000002,0.0012297599999999999,0.0012259999999999999,0.00122972,0.0012254800000000001,0.00123092,0.0012305200000000001,0,0]},"efficiency":{"unit":"%","value":17.175392},"fill_factor":{"unit":"%","value":73.82693640942509},"jsc":{"unit":"mA\/cm2","value":30.69140000000001},"isc":{"unit":"mA","value":1.2276560000000003},"voc":{"unit":"V","value":0.7580103080975833},"sweep_direction":{"unit":"","value":"Reverse"},"key":"reverse_10_123010505"},{"V":{"unit":"V","value":[-0.05,-0.03,-0.01,0.01,0.03,0.05,0.07,0.09,0.11,0.13,0.15,0.17,0.19,0.21,0.23,0.25,0.27,0.29,0.31,0.33,0.35,0.37,0.39,0.41,0.43,0.45,0.47,0.49,0.51,0.53,0.55,0.57,0.59,0.61,0.63,0.65,0.67,0.69,0.71,0.73,0.75,0.77,0.79,0.81,0.83]},"J":{"unit":"A\/cm2","value":[0.031425999999999996,0.031158,0.031024999999999994,0.030846,0.030855999999999998,0.030625,0.03087,0.030655000000000005,0.030701,0.030597999999999997,0.030662,0.030610999999999996,0.030575,0.030566,0.030423,0.030537999999999996,0.030439,0.030486,0.030388000000000002,0.030350000000000005,0.030325,0.030292999999999997,0.030267,0.030218,0.030202000000000003,0.030084,0.030069,0.029830000000000002,0.029791,0.029508,0.029175999999999994,0.028673999999999998,0.027963,0.027033,0.025646000000000002,0.023784,0.021084,0.017625,0.012937999999999998,0.007086,-0.000248,-0.009006,-0.019143,-0.030646,-0.043266]},"I":{"unit":"A","value":[0.0012570399999999999,0.0012463200000000002,0.001241,0.0012338400000000002,0.00123424,0.0012250000000000002,0.0012348,0.0012262000000000002,0.0012280400000000001,0.0012239199999999999,0.00122648,0.00122444,0.0012230000000000001,0.0012226399999999999,0.00121692,0.00122152,0.00121756,0.00121944,0.00121552,0.0012140000000000002,0.001213,0.00121172,0.00121068,0.00120872,0.00120808,0.0012033599999999999,0.00120276,0.0011932,0.00119164,0.0011803200000000001,0.0011670399999999998,0.00114696,0.00111852,0.00108132,0.00102584,0.0009513599999999999,0.00084336,0.000705,0.0005175199999999999,0.00028344000000000004,-9.92e-6,-0.00036024,-0.0007657200000000001,-0.00122584,-0.0017306399999999999]},"efficiency":{"unit":"%","value":16.49817},"fill_factor":{"unit":"%","value":71.17199948043849},"jsc":{"unit":"mA\/cm2","value":30.935499999999998},"isc":{"unit":"mA","value":1.23742},"voc":{"unit":"V","value":0.7493236978456503},"sweep_direction":{"unit":"","value":"Forward"},"key":"forward_9_123010505"},{"V":{"unit":"V","value":[-0.05,-0.03,-0.01,0.01,0.03,0.05,0.07,0.09,0.11,0.13,0.15,0.17,0.19,0.21,0.23,0.25,0.27,0.29,0.31,0.33,0.35,0.37,0.39,0.41,0.43,0.45,0.47,0.49,0.51,0.53,0.55,0.57,0.59,0.61,0.63,0.65,0.67,0.69,0.71,0.73,0.75,0.77,0.79,0.81,0.83]},"J":{"unit":"A\/cm2","value":[0.031469000000000004,0.031333,0.031221999999999996,0.031131000000000002,0.030962,0.030908,0.03087,0.030963999999999995,0.030882000000000007,0.030842999999999995,0.030745,0.030786999999999995,0.030726999999999997,0.030736,0.030768,0.030697000000000002,0.03063,0.030660999999999997,0.030609,0.030542000000000003,0.030576000000000002,0.030428999999999998,0.030518,0.030376,0.030391,0.030207,0.030177999999999996,0.029948,0.029817999999999997,0.029489000000000005,0.029017,0.028511999999999996,0.027658,0.026588,0.024968,0.022858,0.019997,0.016062,0.011112,0.004828000000000001,-0.002727,-0.011737000000000001,-0.021927,-0.033461,-0.046043]},"I":{"unit":"A","value":[0.00125876,0.00125332,0.00124888,0.00124524,0.00123848,0.0012363200000000002,0.0012348,0.0012385599999999999,0.00123528,0.00123372,0.0012298,0.0012314799999999999,0.00122908,0.00122944,0.00123072,0.00122788,0.0012252,0.00122644,0.00122436,0.0012216800000000002,0.00122304,0.0012171600000000001,0.00122072,0.0012150400000000001,0.00121564,0.00120828,0.00120712,0.00119792,0.00119272,0.00117956,0.0011606799999999999,0.00114048,0.00110632,0.00106352,0.00099872,0.00091432,0.00079988,0.0006424800000000001,0.00044447999999999997,0.00019312000000000002,-0.00010907999999999999,-0.00046948,-0.0008770799999999999,-0.00133844,-0.00184172]},"efficiency":{"unit":"%","value":16.31822},"fill_factor":{"unit":"%","value":70.46682029095291},"jsc":{"unit":"mA\/cm2","value":31.1765},"isc":{"unit":"mA","value":1.24706},"voc":{"unit":"V","value":0.7427809397749834},"sweep_direction":{"unit":"","value":"Forward"},"key":"forward_8_123010505"},{"V":{"unit":"V","value":[-0.05,-0.03,-0.01,0.01,0.03,0.05,0.07,0.09,0.11,0.13,0.15,0.17,0.19,0.21,0.23,0.25,0.27,0.29,0.31,0.33,0.35,0.37,0.39,0.41,0.43,0.45,0.47,0.49,0.51,0.53,0.55,0.57,0.59,0.61,0.63,0.65,0.67,0.69,0.71,0.73,0.75,0.77]},"J":{"unit":"A\/cm2","value":[0.031007,0.030181,0.028687,0.027729999999999998,0.027091000000000004,0.026919,0.026642,0.026602000000000004,0.026474000000000004,0.026438,0.026404,0.026283,0.026309,0.026204,0.026284000000000002,0.026169000000000005,0.026206,0.026134,0.026074,0.026125999999999996,0.026001,0.026036,0.025933,0.025929999999999995,0.025756,0.025726,0.025508999999999997,0.025324000000000003,0.024908,0.024374,0.023651,0.022482,0.020856000000000003,0.018509,0.015229000000000001,0.010768000000000002,0.004657,-0.003115,-0.012863,-0.024479,-0.037936,-0.05306000000000001]},"I":{"unit":"A","value":[0.00124028,0.00120724,0.00114748,0.0011091999999999999,0.00108364,0.00107676,0.00106568,0.0010640800000000002,0.00105896,0.00105752,0.00105616,0.0010513200000000001,0.00105236,0.00104816,0.00105136,0.00104676,0.00104824,0.0010453600000000002,0.0010429600000000001,0.00104504,0.00104004,0.0010414400000000002,0.00103732,0.0010371999999999998,0.00103024,0.00102904,0.0010203599999999999,0.00101296,0.0009963200000000002,0.00097496,0.00094604,0.0008992799999999999,0.0008342400000000001,0.00074036,0.0006091600000000001,0.00043072000000000005,0.00018628,-0.00012460000000000002,-0.00051452,-0.00097916,-0.00151744,-0.0021224000000000004]},"efficiency":{"unit":"%","value":13.00805},"fill_factor":{"unit":"%","value":67.61732566447904},"jsc":{"unit":"mA\/cm2","value":28.208499999999997},"isc":{"unit":"mA","value":1.12834},"voc":{"unit":"V","value":0.6819840452907874},"sweep_direction":{"unit":"","value":"Forward"},"key":"forward_7_123010505"},{"V":{"unit":"V","value":[-0.05,-0.03,-0.01,0.01,0.03,0.05,0.07,0.09,0.11,0.13,0.15,0.17,0.19,0.21,0.23,0.25,0.27,0.29,0.31,0.33,0.35,0.37,0.39,0.41,0.43,0.45,0.47,0.49,0.51,0.53,0.55,0.57,0.59,0.61,0.63,0.65,0.67,0.69,0.71,0.73,0.75,0.77]},"J":{"unit":"A\/cm2","value":[0.031069000000000003,0.030277000000000005,0.028842,0.027809,0.027233,0.026992,0.026737999999999998,0.026736999999999997,0.026529000000000004,0.026569,0.026427,0.026432999999999998,0.026358000000000003,0.026272000000000004,0.026321999999999998,0.026238,0.02626,0.026178,0.026206,0.026115,0.026083,0.026059,0.026025,0.025977,0.025825999999999998,0.025849,0.02553,0.025382000000000005,0.024877,0.024426,0.023562999999999997,0.022425999999999998,0.020613,0.018283999999999998,0.014874,0.010288,0.004123,-0.003769,-0.013512000000000001,-0.025155999999999998,-0.038562,-0.053613]},"I":{"unit":"A","value":[0.00124276,0.0012110800000000002,0.00115368,0.00111236,0.00108932,0.00107968,0.00106952,0.00106948,0.00106116,0.0010627599999999998,0.00105708,0.00105732,0.00105432,0.0010508800000000001,0.00105288,0.00104952,0.0010504,0.0010471200000000001,0.00104824,0.0010446,0.00104332,0.00104236,0.0010409999999999998,0.00103908,0.00103304,0.00103396,0.0010212,0.0010152800000000001,0.00099508,0.00097704,0.0009425200000000001,0.00089704,0.00082452,0.00073136,0.0005949600000000001,0.00041152,0.00016492,-0.00015076,-0.0005404800000000001,-0.00100624,-0.00154248,-0.00214452]},"efficiency":{"unit":"%","value":12.95965},"fill_factor":{"unit":"%","value":67.23886773260845},"jsc":{"unit":"mA\/cm2","value":28.325499999999998},"isc":{"unit":"mA","value":1.13302},"voc":{"unit":"V","value":0.6804485554992397},"sweep_direction":{"unit":"","value":"Forward"},"key":"forward_6_123010505"},{"V":{"unit":"V","value":[-0.05,-0.03,-0.01,0.01,0.03,0.05,0.07,0.09,0.11,0.13,0.15,0.17,0.19,0.21,0.23,0.25,0.27,0.29,0.31,0.33,0.35,0.37,0.39,0.41,0.43,0.45,0.47,0.49,0.51,0.53,0.55,0.57,0.59,0.61,0.63,0.65,0.67,0.69,0.71,0.73,0.75,0.77]},"J":{"unit":"A\/cm2","value":[0.031138000000000006,0.030334,0.028944999999999995,0.02781,0.027275999999999998,0.026984999999999995,0.026768,0.026654,0.026583000000000002,0.026533,0.026392,0.026459,0.026364,0.026367,0.026268999999999997,0.026237,0.026292000000000006,0.02625,0.026181999999999997,0.026169000000000005,0.026140999999999998,0.02606,0.026038,0.025925000000000004,0.02586,0.025712,0.025546000000000003,0.025241000000000003,0.024849,0.024178,0.02334,0.022022,0.020152,0.017620999999999998,0.013997000000000002,0.009254,0.0028940000000000003,-0.005104,-0.014959,-0.026635000000000002,-0.040019,-0.055032000000000005]},"I":{"unit":"A","value":[0.0012455200000000002,0.00121336,0.0011577999999999998,0.0011124000000000002,0.00109104,0.0010793999999999999,0.00107072,0.00106616,0.00106332,0.0010613200000000001,0.00105568,0.00105836,0.00105456,0.0010546800000000001,0.00105076,0.00104948,0.0010516800000000001,0.0010500000000000002,0.00104728,0.00104676,0.0010456399999999998,0.0010424,0.00104152,0.0010370000000000002,0.0010344,0.00102848,0.00102184,0.00100964,0.0009939600000000001,0.0009671200000000001,0.0009336,0.00088088,0.00080608,0.0007048399999999999,0.00055988,0.00037015999999999997,0.00011576,-0.00020416,-0.00059836,-0.0010654000000000002,-0.00160076,-0.0022012800000000003]},"efficiency":{"unit":"%","value":12.837000000000002},"fill_factor":{"unit":"%","value":66.79575359930422},"jsc":{"unit":"mA\/cm2","value":28.377499999999998},"isc":{"unit":"mA","value":1.1351},"voc":{"unit":"V","value":0.6772368092023007},"sweep_direction":{"unit":"","value":"Forward"},"key":"forward_5_123010505"},{"V":{"unit":"V","value":[-0.05,-0.03,-0.01,0.01,0.03,0.05,0.07,0.09,0.11,0.13,0.15,0.17,0.19,0.21,0.23,0.25,0.27,0.29,0.31,0.33,0.35,0.37,0.39,0.41,0.43,0.45,0.47,0.49,0.51,0.53,0.55,0.57,0.59,0.61,0.63,0.65,0.67,0.69,0.71,0.73,0.75,0.77]},"J":{"unit":"A\/cm2","value":[0.030728,0.030021000000000006,0.028692,0.027789,0.027198,0.026795999999999997,0.026658000000000005,0.026422,0.026414999999999998,0.026204,0.026238,0.026039000000000003,0.026074,0.025952000000000003,0.025927,0.025878,0.025774000000000002,0.025852000000000003,0.025710999999999998,0.025789000000000003,0.025582999999999998,0.025645,0.025513999999999995,0.025504000000000006,0.025330999999999996,0.025103,0.024931000000000002,0.024485,0.024126,0.023229,0.022229,0.020676,0.018636,0.015709,0.011789999999999998,0.006589,-0.000174,-0.008581,-0.018871,-0.030871,-0.044655,-0.05998100000000001]},"I":{"unit":"A","value":[0.00122912,0.0012008400000000001,0.00114768,0.0011115600000000002,0.00108792,0.00107184,0.0010663200000000002,0.00105688,0.0010566,0.00104816,0.00104952,0.00104156,0.0010429600000000001,0.00103808,0.00103708,0.00103512,0.00103096,0.0010340800000000002,0.00102844,0.00103156,0.00102332,0.0010258,0.00102056,0.0010201600000000002,0.0010132399999999999,0.00100412,0.00099724,0.0009794,0.0009650400000000001,0.00092916,0.00088916,0.00082704,0.00074544,0.00062836,0.00047159999999999997,0.00026356000000000003,-6.96e-6,-0.00034324,-0.00075484,-0.0012348399999999999,-0.0017862,-0.0023992400000000004]},"efficiency":{"unit":"%","value":12.31137},"fill_factor":{"unit":"%","value":65.11677276694941},"jsc":{"unit":"mA\/cm2","value":28.2405},"isc":{"unit":"mA","value":1.12962},"voc":{"unit":"V","value":0.6694854354576372},"sweep_direction":{"unit":"","value":"Forward"},"key":"forward_4_123010505"},{"V":{"unit":"V","value":[-0.05,-0.03,-0.01,0.01,0.03,0.05,0.07,0.09,0.11,0.13,0.15,0.17,0.19,0.21,0.23,0.25,0.27,0.29,0.31,0.33,0.35,0.37,0.39,0.41,0.43,0.45,0.47,0.49,0.51,0.53,0.55,0.57,0.59,0.61,0.63,0.65,0.67,0.69,0.71,0.73,0.75,0.77]},"J":{"unit":"A\/cm2","value":[0.031118000000000003,0.030728,0.029428000000000003,0.028192000000000002,0.027577,0.027139000000000003,0.026995,0.026733,0.026713999999999998,0.026563999999999997,0.026548,0.026468000000000002,0.026374999999999996,0.026387999999999998,0.026331,0.026269999999999998,0.026300999999999995,0.026183,0.026223000000000003,0.026166000000000002,0.02616,0.025983,0.026074,0.025906000000000002,0.025831,0.025707,0.025473,0.025201,0.024637,0.024047,0.023030000000000002,0.021748,0.019704999999999997,0.017064,0.013317,0.008447,0.002039,-0.006063,-0.015886,-0.027537,-0.040808,-0.055691000000000004]},"I":{"unit":"A","value":[0.00124472,0.00122912,0.0011771200000000002,0.00112768,0.00110308,0.0010855600000000002,0.0010798000000000001,0.0010693200000000001,0.0010685599999999999,0.00106256,0.00106192,0.0010587200000000002,0.001055,0.0010555200000000001,0.00105324,0.0010508,0.00105204,0.00104732,0.00104892,0.00104664,0.0010464,0.00103932,0.0010429600000000001,0.0010362400000000001,0.00103324,0.0010282800000000001,0.00101892,0.00100804,0.00098548,0.00096188,0.0009212000000000001,0.00086992,0.0007881999999999999,0.00068256,0.00053268,0.00033788,8.156000000000001e-5,-0.00024251999999999998,-0.00063544,-0.00110148,-0.00163232,-0.00222764]},"efficiency":{"unit":"%","value":12.74491},"fill_factor":{"unit":"%","value":65.53424509573891},"jsc":{"unit":"mA\/cm2","value":28.810000000000002},"isc":{"unit":"mA","value":1.1524},"voc":{"unit":"V","value":0.6750333251049124},"sweep_direction":{"unit":"","value":"Forward"},"key":"forward_3_123010505"},{"V":{"unit":"V","value":[-0.05,-0.03,-0.01,0.01,0.03,0.05,0.07,0.09,0.11,0.13,0.15,0.17,0.19,0.21,0.23,0.25,0.27,0.29,0.31,0.33,0.35,0.37,0.39,0.41,0.43,0.45,0.47,0.49,0.51,0.53,0.55,0.57,0.59,0.61,0.63,0.65,0.67,0.69,0.71,0.73,0.75,0.77]},"J":{"unit":"A\/cm2","value":[0.031166,0.030792,0.029707,0.028385999999999998,0.027716999999999995,0.027216,0.026985999999999996,0.026753,0.026664000000000004,0.026556,0.026495,0.026471,0.026295999999999996,0.026346000000000005,0.026233,0.026306,0.026196,0.026198999999999997,0.026152,0.026124999999999995,0.026125999999999996,0.026001,0.026036999999999998,0.025859000000000007,0.025820999999999997,0.025612000000000003,0.025414000000000003,0.025045,0.024458999999999998,0.023769,0.022658,0.021210999999999997,0.019001999999999998,0.016184999999999998,0.012266,0.007168000000000001,0.000558,-0.007634,-0.017561,-0.029187999999999995,-0.042375,-0.057096999999999995]},"I":{"unit":"A","value":[0.00124664,0.0012316800000000002,0.0011882800000000001,0.00113544,0.00110868,0.00108864,0.0010794399999999999,0.00107012,0.0010665600000000003,0.00106224,0.0010598,0.00105884,0.0010518399999999998,0.0010538400000000001,0.00104932,0.00105224,0.0010478400000000002,0.00104796,0.00104608,0.001045,0.00104504,0.00104004,0.00104148,0.0010343600000000002,0.00103284,0.0010244800000000001,0.0010165600000000001,0.0010018,0.00097836,0.0009507599999999999,0.0009063200000000001,0.00084844,0.00076008,0.0006474,0.00049064,0.00028672,2.2320000000000003e-5,-0.00030536,-0.00070244,-0.0011675199999999998,-0.0016950000000000001,-0.00228388]},"efficiency":{"unit":"%","value":12.59757},"fill_factor":{"unit":"%","value":64.60052065609311},"jsc":{"unit":"mA\/cm2","value":29.046499999999998},"isc":{"unit":"mA","value":1.16186},"voc":{"unit":"V","value":0.6713623046875},"sweep_direction":{"unit":"","value":"Forward"},"key":"forward_2_123010505"},{"V":{"unit":"V","value":[-0.05,-0.03,-0.01,0.01,0.03,0.05,0.07,0.09,0.11,0.13,0.15,0.17,0.19,0.21,0.23,0.25,0.27,0.29,0.31,0.33,0.35,0.37,0.39,0.41,0.43,0.45,0.47,0.49,0.51,0.53,0.55,0.57,0.59,0.61,0.63,0.65,0.67,0.69,0.71,0.73,0.75,0]},"J":{"unit":"A\/cm2","value":[0.031079,0.030735,0.029556,0.028429,0.027735,0.027289,0.027059999999999997,0.026833000000000003,0.026747999999999997,0.026604,0.026551999999999996,0.026449999999999998,0.026441,0.026390999999999998,0.026281,0.026336,0.026154,0.026265999999999998,0.026079,0.026165,0.025959,0.02597,0.025868999999999996,0.025712,0.025528,0.025271,0.024945000000000002,0.024353000000000003,0.023673,0.022623,0.021198,0.019246,0.016607,0.013167,0.008577,0.002811,-0.004465,-0.013174,-0.023472,-0.03522,-0.048422,0]},"I":{"unit":"A","value":[0.00124316,0.0012294,0.00118224,0.00113716,0.0011094,0.00109156,0.0010824,0.00107332,0.00106992,0.00106416,0.00106208,0.0010580000000000001,0.0010576399999999999,0.0010556399999999998,0.00105124,0.0010534399999999999,0.00104616,0.00105064,0.00104316,0.0010466,0.0010383599999999999,0.0010387999999999999,0.0010347599999999998,0.00102848,0.00102112,0.00101084,0.0009978,0.0009741200000000001,0.00094692,0.00090492,0.00084792,0.0007698399999999999,0.00066428,0.0005266800000000001,0.00034308,0.00011244,-0.0001786,-0.00052696,-0.00093888,-0.0014088,-0.00193688,0]},"efficiency":{"unit":"%","value":12.07323},"fill_factor":{"unit":"%","value":63.31291188970349},"jsc":{"unit":"mA\/cm2","value":28.9925},"isc":{"unit":"mA","value":1.1597},"voc":{"unit":"V","value":0.6577267729521715},"sweep_direction":{"unit":"","value":"Forward"},"key":"forward_1_123010505"},{"V":{"unit":"V","value":[-0.05,-0.03,-0.01,0.01,0.03,0.05,0.07,0.09,0.11,0.13,0.15,0.17,0.19,0.21,0.23,0.25,0.27,0.29,0.31,0.33,0.35,0.37,0.39,0.41,0.43,0.45,0.47,0.49,0.51,0.53,0.55,0.57,0.59,0.61,0.63,0.65,0.67,0.69,0.71,0.73,0.75,0.77,0.79,0.81,0.83]},"J":{"unit":"A\/cm2","value":[0.031166,0.030872,0.030567,0.0305,0.03031,0.030361999999999997,0.030215000000000002,0.030229,0.030201000000000002,0.030056999999999997,0.030153000000000003,0.030062,0.030092,0.029973,0.03003,0.029951000000000002,0.029975,0.029913,0.029871999999999996,0.029884,0.029753,0.029831000000000003,0.029756,0.029726000000000002,0.029670000000000002,0.029626,0.029560999999999997,0.029492999999999995,0.029428000000000003,0.029261,0.029046,0.028621,0.028105,0.027294,0.026095000000000004,0.024431,0.021927,0.018646999999999997,0.014054,0.008202,0.0008199999999999999,-0.008147,-0.018661999999999998,-0.030678999999999998,-0.043982]},"I":{"unit":"A","value":[0.00124664,0.00123488,0.00122268,0.00122,0.0012124,0.00121448,0.0012086000000000002,0.00120916,0.00120804,0.00120228,0.00120612,0.00120248,0.0012036800000000002,0.00119892,0.0012012000000000001,0.00119804,0.001199,0.00119652,0.00119488,0.00119536,0.00119012,0.0011932400000000001,0.00119024,0.0011890400000000001,0.0011868,0.00118504,0.0011824399999999999,0.00117972,0.0011771200000000002,0.00117044,0.00116184,0.00114484,0.0011242000000000001,0.00109176,0.0010438000000000001,0.00097724,0.0008770799999999999,0.00074588,0.00056216,0.00032807999999999996,3.28e-5,-0.00032588,-0.00074648,-0.00122716,-0.00175928]},"efficiency":{"unit":"%","value":16.649340000000002},"fill_factor":{"unit":"%","value":72.52728169805151},"jsc":{"unit":"mA\/cm2","value":30.533499999999997},"isc":{"unit":"mA","value":1.2213399999999999},"voc":{"unit":"V","value":0.7518289282926286},"sweep_direction":{"unit":"","value":"Forward"},"key":"forward_12_123010505"},{"V":{"unit":"V","value":[-0.05,-0.03,-0.01,0.01,0.03,0.05,0.07,0.09,0.11,0.13,0.15,0.17,0.19,0.21,0.23,0.25,0.27,0.29,0.31,0.33,0.35,0.37,0.39,0.41,0.43,0.45,0.47,0.49,0.51,0.53,0.55,0.57,0.59,0.61,0.63,0.65,0.67,0.69,0.71,0.73,0.75,0.77,0.79,0.81,0.83]},"J":{"unit":"A\/cm2","value":[0.031383,0.031008000000000004,0.030802,0.030723,0.030567,0.030515999999999998,0.030353999999999996,0.030427,0.030309000000000003,0.030337000000000003,0.030262,0.030302,0.030276000000000004,0.030312000000000002,0.030176999999999995,0.030163,0.030169,0.030142000000000002,0.030102,0.030003,0.030011,0.029974,0.029963,0.029876999999999997,0.02976,0.029837000000000002,0.029638,0.029733000000000002,0.029432999999999997,0.029338,0.028995000000000003,0.028643000000000002,0.028124,0.027209,0.026088,0.024229,0.021904,0.018376999999999998,0.013998,0.00801,0.000704,-0.008206,-0.018588,-0.030415999999999995,-0.04359300000000001]},"I":{"unit":"A","value":[0.00125532,0.00124032,0.00123208,0.00122892,0.00122268,0.00122064,0.00121416,0.00121708,0.00121236,0.00121348,0.00121048,0.0012120800000000001,0.00121104,0.00121248,0.00120708,0.00120652,0.00120676,0.00120568,0.00120408,0.00120012,0.0012004399999999999,0.00119896,0.00119852,0.0011950799999999998,0.0011904,0.00119348,0.0011855200000000002,0.0011893200000000002,0.00117732,0.0011735200000000002,0.0011598000000000001,0.00114572,0.00112496,0.00108836,0.00104352,0.00096916,0.0008761600000000001,0.0007350799999999999,0.00055992,0.00032040000000000004,2.8159999999999998e-5,-0.00032824,-0.0007435200000000001,-0.00121664,-0.0017437200000000003]},"efficiency":{"unit":"%","value":16.59749},"fill_factor":{"unit":"%","value":71.78693836270674},"jsc":{"unit":"mA\/cm2","value":30.7625},"isc":{"unit":"mA","value":1.2305},"voc":{"unit":"V","value":0.7515802469135802},"sweep_direction":{"unit":"","value":"Forward"},"key":"forward_11_123010505"},{"V":{"unit":"V","value":[-0.05,-0.03,-0.01,0.01,0.03,0.05,0.07,0.09,0.11,0.13,0.15,0.17,0.19,0.21,0.23,0.25,0.27,0.29,0.31,0.33,0.35,0.37,0.39,0.41,0.43,0.45,0.47,0.49,0.51,0.53,0.55,0.57,0.59,0.61,0.63,0.65,0.67,0.69,0.71,0.73,0.75,0.77,0.79,0.81,0.83]},"J":{"unit":"A\/cm2","value":[0.031295,0.031164,0.030808,0.030757000000000003,0.030614000000000002,0.030588000000000004,0.030568,0.030483999999999997,0.030506000000000002,0.030423,0.030459000000000003,0.030361999999999997,0.030392000000000002,0.030311,0.030286,0.030381000000000002,0.030215000000000002,0.030267,0.030208000000000002,0.030163,0.030186,0.030067,0.030102,0.029922999999999998,0.030065,0.029861,0.029906,0.029654000000000003,0.029578,0.029379,0.029079999999999998,0.028717,0.028019,0.027266000000000002,0.025879999999999997,0.0242,0.021582,0.018258,0.01368,0.007825,0.000535,-0.008286,-0.01852,-0.030225000000000002,-0.043119]},"I":{"unit":"A","value":[0.0012518,0.00124656,0.00123232,0.00123028,0.0012245600000000002,0.00122352,0.00122272,0.00121936,0.00122024,0.00121692,0.0012183600000000001,0.00121448,0.00121568,0.00121244,0.00121144,0.00121524,0.0012086000000000002,0.00121068,0.0012083200000000001,0.00120652,0.0012074400000000002,0.00120268,0.00120408,0.00119692,0.0012026,0.00119444,0.0011962399999999999,0.0011861600000000001,0.00118312,0.00117516,0.0011632,0.00114868,0.00112076,0.0010906400000000001,0.0010351999999999998,0.000968,0.00086328,0.00073032,0.0005472000000000001,0.000313,2.1400000000000002e-5,-0.00033144,-0.0007408,-0.001209,-0.00172476]},"efficiency":{"unit":"%","value":16.632260000000002},"fill_factor":{"unit":"%","value":71.92572926872498},"jsc":{"unit":"mA\/cm2","value":30.782500000000002},"isc":{"unit":"mA","value":1.2313},"voc":{"unit":"V","value":0.7512130143974606},"sweep_direction":{"unit":"","value":"Forward"},"key":"forward_10_123010505"}]}}