{"_id":"65313325956f56119d546393","id":"CAU-SC-00485","author":67,"group":7,"input":[{"tco":{"unit":"","value":"ITO"}},[],{"htl":[{"material":{"unit":"","value":"PEDOT:PSS"},"concentration":{"unit":"","value":"None"},"conc_unit":{"unit":"","value":"mg\/ml"},"quantity":{"unit":"ml","value":"0.1"}}],"spin_coating":[{"type":{"unit":"","value":"drop&run"},"rpm":{"unit":"","value":"5000"},"time":{"unit":"s","value":"30"}}],"annealing":[{"temperature":{"unit":"oC","value":"150"},"time":{"unit":"m","value":"20"}}]},[],{"perovskite":{"method":{"unit":"","value":"1step"},"molarity":{"unit":"M","value":"1"},"a_site":[{"material":{"unit":"","value":"FA"},"ratio":{"unit":"","value":"100"}},{"material":{"unit":"","value":"DMA"},"ratio":{"unit":"","value":"0"}}],"b_site":[{"material":{"unit":"","value":"Sn"},"ratio":{"unit":"","value":"100"}}],"x_site":[{"material":{"unit":"","value":"I"},"ratio":{"unit":"","value":"70"}},{"material":{"unit":"","value":"Br"},"ratio":{"unit":"","value":"30"}}],"solvent":[{"material":{"unit":"","value":"DMF"},"volume":{"unit":"ml","value":"0.8"}},{"material":{"unit":"","value":"DMSO"},"volume":{"unit":"ml","value":"0.2"}}],"additive":[{"material":{"unit":"","value":"SnF2"},"solvent":{"unit":"","value":"none"},"concentration":{"unit":"","value":"15.6"},"conc_unit":{"unit":"","value":"mg\/ml"},"quantity":{"unit":"mol%","value":"10"}}],"stirring_time":[{"unit":"m","value":"120"}],"antisolvent":[{"material":{"unit":"","value":"CB"},"quantity":{"unit":"ul","value":"500"},"dripping_time":{"unit":"s","value":"40"}}],"spin_coating":[{"type":{"unit":"","value":"drop&run"},"rpm":{"unit":"","value":"5000"},"time":{"unit":"s","value":"50"}}],"annealing":[{"temperature":{"unit":"oC","value":"90"},"time":{"unit":"m","value":"10"}}],"atmosphere":[{"type":{"unit":"","value":"N2"},"temperature":{"unit":"oC","value":"25"},"humidity":{"unit":"RH%","value":"0"}}]}},{"etl":[{"material":{"unit":"","value":"PC61BM"},"concentration":{"unit":"","value":"20"},"conc_unit":{"unit":"","value":"mg\/ml"},"quantity":{"unit":"ml","value":"0.05"}}],"solvent":[{"material":{"unit":"","value":"CB"},"volume":{"unit":"ml","value":"0.75"}},{"material":{"unit":"","value":"DCB"},"volume":{"unit":"ml","value":"0.25"}}],"spin_coating":[{"type":{"unit":"","value":"drop&run"},"rpm":{"unit":"","value":"1500"},"time":{"unit":"s","value":"30"}}],"annealing":[{"temperature":{"unit":"oC","value":"70"},"time":{"unit":"m","value":"5"}}]},{"anode_metal":{"unit":"","value":"Ag"}},{"note":{"unit":"","value":"DF"},"ar":{"unit":"","value":"0"},"type":{"unit":"","value":"unit_cell"},"device_type":{"unit":"","value":"p-i-n"},"temperature":{"unit":"\u2103","value":"25"},"humidity":{"unit":"%","value":"30"},"cell_dimension":{"unit":"cm2","value":"0.04"}}],"fileinfo":[{"key":"22304051","uploadType":"JV","original_name":"22304051.xlsx","save_name":"CAU-SC-00485\/22304051","uploader":67,"fileType":"group"}],"jvcnt":2,"updated_at":"2024-06-03 08:38:35","created_at":"2023-10-19 13:46:13","analysisInfo":{"JV":[{"efficiency":0.5625,"fill_factor":39.93562571033956,"jsc":13.55,"voc":0.10394957983193277,"key":"reverse_1_22304051","cell_dimension":null},{"efficiency":1.94,"fill_factor":51.78390895107554,"jsc":13.375,"voc":0.2801,"key":"forward_1_22304051","cell_dimension":null}]},"public":2,"analysis":{"JV":[{"V":{"unit":"V","value":[0.5,0.49,0.48,0.47,0.46,0.45,0.44,0.43,0.42,0.41,0.4,0.39,0.38,0.37,0.36,0.35,0.34,0.33,0.32,0.31,0.3,0.29,0.28,0.27,0.26,0.25,0.24,0.23,0.22,0.21,0.2,0.19,0.18,0.17,0.16,0.15,0.14,0.13,0.12,0.11,0.1,0.09,0.08,0.07,0.06,0.05,0.04,0.03,0.02,0.01,0,-0.01,-0.02,-0.03,-0.04,-0.05]},"J":{"unit":"A\/cm2","value":[-0.102,-0.102,-0.102,-0.102,-0.102,-0.102,-0.102,-0.102,-0.102,-0.102,-0.102,-0.102,-0.102,-0.102,-0.102,-0.102,-0.102,-0.102,-0.102,-0.101075,-0.09557500000000001,-0.09004999999999999,-0.084575,-0.079125,-0.07375,-0.068375,-0.062975,-0.05755,-0.05215,-0.0468,-0.04155,-0.0364,-0.031349999999999996,-0.026400000000000003,-0.021599999999999998,-0.016975,-0.012625,-0.008674999999999999,-0.0050750000000000005,-0.0017999999999999997,0.001175,0.003825,0.0060999999999999995,0.00795,0.009375,0.01045,0.011349999999999999,0.0121,0.012775,0.013275,0.013550000000000001,0.01365,0.013725000000000001,0.013825,0.013975000000000001,0.014124999999999999]},"I":{"unit":"A","value":[-0.00408,-0.00408,-0.00408,-0.00408,-0.00408,-0.00408,-0.00408,-0.00408,-0.00408,-0.00408,-0.00408,-0.00408,-0.00408,-0.00408,-0.00408,-0.00408,-0.00408,-0.00408,-0.00408,-0.004043,-0.003823,-0.0036019999999999997,-0.003383,-0.003165,-0.0029500000000000004,-0.002735,-0.002519,-0.0023020000000000002,-0.0020859999999999997,-0.0018720000000000002,-0.0016619999999999998,-0.001456,-0.001254,-0.001056,-0.000864,-0.000679,-0.000505,-0.000347,-0.000203,-7.199999999999999e-5,4.7e-5,0.000153,0.000244,0.00031800000000000003,0.000375,0.00041799999999999997,0.00045400000000000003,0.000484,0.0005110000000000001,0.000531,0.0005420000000000001,0.000546,0.000549,0.000553,0.000559,0.000565]},"efficiency":{"unit":"%","value":0.5625},"fill_factor":{"unit":"%","value":39.93562571033956},"jsc":{"unit":"mA\/cm2","value":13.55},"isc":{"unit":"mA","value":0.542},"voc":{"unit":"V","value":0.10394957983193277},"sweep_direction":{"unit":"","value":"Reverse"},"key":"reverse_1_22304051"},{"V":{"unit":"V","value":[-0.05,-0.04,-0.03,-0.02,-0.01,0,0.01,0.02,0.03,0.04,0.05,0.06,0.07,0.08,0.09,0.1,0.11,0.12,0.13,0.14,0.15,0.16,0.17,0.18,0.19,0.2,0.21,0.22,0.23,0.24,0.25,0.26,0.27,0.28,0.29,0.3,0.31,0.32,0.33,0.34,0.35,0.36,0.37,0.38,0.39,0.4,0.41,0.42,0.43,0.44,0.45,0.46,0.47,0.48,0.49,0.5]},"J":{"unit":"A\/cm2","value":[0.01375,0.013925,0.01375,0.013550000000000001,0.013425000000000001,0.013375,0.0134,0.013425000000000001,0.013325000000000002,0.01315,0.012925,0.012825,0.012775,0.012775,0.012725,0.012549999999999999,0.012299999999999998,0.012074999999999999,0.011924999999999998,0.011824999999999999,0.0117,0.011474999999999999,0.0111,0.01065,0.010174999999999998,0.009699999999999999,0.009224999999999999,0.008575000000000001,0.007724999999999999,0.006600000000000001,0.005274999999999999,0.0038,0.002075,2.5e-5,-0.002475,-0.0055,-0.009075,-0.013200000000000002,-0.0179,-0.02325,-0.029299999999999996,-0.036075,-0.043475,-0.051449999999999996,-0.0599,-0.06885,-0.0783,-0.088275,-0.098775,-0.102,-0.102,-0.102,-0.102,-0.102,-0.102,-0.102]},"I":{"unit":"A","value":[0.00055,0.0005570000000000001,0.00055,0.0005420000000000001,0.000537,0.000535,0.000536,0.000537,0.000533,0.000526,0.000517,0.000513,0.0005110000000000001,0.0005110000000000001,0.000509,0.000502,0.000492,0.000483,0.000477,0.00047299999999999995,0.00046800000000000005,0.00045900000000000004,0.000444,0.000426,0.00040699999999999997,0.000388,0.00036899999999999997,0.00034300000000000004,0.000309,0.000264,0.000211,0.000152,8.3e-5,1.0e-6,-9.900000000000001e-5,-0.00022,-0.000363,-0.000528,-0.000716,-0.00093,-0.0011719999999999999,-0.001443,-0.001739,-0.002058,-0.0023959999999999997,-0.002754,-0.0031320000000000002,-0.0035310000000000003,-0.003951,-0.00408,-0.00408,-0.00408,-0.00408,-0.00408,-0.00408,-0.00408]},"efficiency":{"unit":"%","value":1.94},"fill_factor":{"unit":"%","value":51.78390895107554},"jsc":{"unit":"mA\/cm2","value":13.375},"isc":{"unit":"mA","value":0.535},"voc":{"unit":"V","value":0.2801},"sweep_direction":{"unit":"","value":"Forward"},"key":"forward_1_22304051"}]}}