{"_id":"652e357869ca747fb611ad7b","id":"CAU-SC-00257","author":68,"group":7,"input":[{"tco":{"unit":"","value":"ITO"}},[],{"htl":[{"material":{"unit":"","value":"PEDOT:PSS"},"concentration":{"unit":"","value":""},"conc_unit":{"unit":"","value":"mg\/ml"},"quantity":{"unit":"ml","value":""}}],"spin_coating":[{"type":{"unit":"","value":"drop&run"},"rpm":{"unit":"","value":"6000"},"time":{"unit":"s","value":"30"}}],"annealing":[{"temperature":{"unit":"oC","value":"150"},"time":{"unit":"m","value":"20"}}]},{"perovskite":{"method":{"unit":"","value":"1step"},"molarity":{"unit":"M","value":"1.4"},"a_site":[{"material":{"unit":"","value":"FA"},"ratio":{"unit":"","value":"81.34"}},{"material":{"unit":"","value":"Cs"},"ratio":{"unit":"","value":"16.66"}},{"material":{"unit":"","value":"BA"},"ratio":{"unit":"","value":"2"}}],"b_site":[{"material":{"unit":"","value":"Sn"},"ratio":{"unit":"","value":"50"}},{"material":{"unit":"","value":"Pb"},"ratio":{"unit":"","value":"50"}}],"x_site":[{"material":{"unit":"","value":"I"},"ratio":{"unit":"","value":"100"}}],"solvent":[{"material":{"unit":"","value":"DMF"},"volume":{"unit":"ml","value":"0.8"}},{"material":{"unit":"","value":"DMSO"},"volume":{"unit":"ml","value":"0.2"}}],"additive":[{"material":{"unit":"","value":"SnF2"},"solvent":{"unit":"","value":"none"},"concentration":{"unit":"","value":"9.36"},"conc_unit":{"unit":"","value":"mg\/ml"},"quantity":{"unit":"mol%","value":"5"}}],"stirring_time":[{"unit":"m","value":"120"}],"antisolvent":[{"material":{"unit":"","value":"CB"},"quantity":{"unit":"ul","value":"300"},"dripping_time":{"unit":"s","value":"13"}}],"spin_coating":[{"type":{"unit":"","value":"drop&run"},"rpm":{"unit":"","value":"5000"},"time":{"unit":"s","value":"35"}}],"annealing":[{"temperature":{"unit":"oC","value":"65"},"time":{"unit":"m","value":"1"}},{"temperature":{"unit":"oC","value":"100"},"time":{"unit":"m","value":"10"}}],"atmosphere":[{"type":{"unit":"","value":"N2"},"temperature":{"unit":"oC","value":"25"},"humidity":{"unit":"RH%","value":"0"}}]}},{"etl":[{"material":{"unit":"","value":"PC61BM"},"concentration":{"unit":"","value":"20"},"conc_unit":{"unit":"","value":"mg\/ml"},"quantity":{"unit":"ml","value":"0.05"}}],"solvent":[{"material":{"unit":"","value":"CB"},"volume":{"unit":"ml","value":"1"}}],"spin_coating":[{"type":{"unit":"","value":"drop&run"},"rpm":{"unit":"","value":"1500"},"time":{"unit":"s","value":"30"}}],"annealing":[{"temperature":{"unit":"oC","value":"75"},"time":{"unit":"m","value":"10"}}]},{"blocking_buffer_layer":[{"material":{"unit":"","value":"BCP"},"concentration":{"unit":"","value":"0.5"},"conc_unit":{"unit":"","value":"mg\/ml"},"quantity":{"unit":"ml","value":"0.1"}}],"solvent":[{"material":{"unit":"","value":"IPA"},"volume":{"unit":"ml","value":"1"}}],"spin_coating":[{"type":{"unit":"","value":"drop&run"},"rpm":{"unit":"","value":"4000"},"time":{"unit":"s","value":"20"}}]},{"anode_metal":{"unit":"","value":"Ag"}},{"note":{"unit":"","value":"ITO\/PD\/BAFACsSnPbI3-CB, 1.4M"},"ar":{"unit":"","value":"0"},"type":{"unit":"","value":"unit_cell"},"device_type":{"unit":"","value":"p-i-n"},"temperature":{"unit":"\u2103","value":"25"},"humidity":{"unit":"%","value":"30"},"cell_dimension":{"unit":"cm2","value":"0.04"}}],"fileinfo":[{"key":"123010512","uploadType":"JV","original_name":"123010512.xlsx","save_name":"CAU-SC-00257\/123010512","uploader":68,"fileType":"group"}],"jvcnt":6,"updated_at":"2024-07-30 06:19:04","created_at":"2023-10-17 07:19:20","analysisInfo":{"JV":[{"efficiency":13.993165999999999,"fill_factor":82.83662296557902,"jsc":24.350050000000003,"voc":0.6937352195517696,"key":"reverse_3_123010512","cell_dimension":null},{"efficiency":14.438969999999998,"fill_factor":84.716201220963,"jsc":24.49975,"voc":0.6956777093222907,"key":"reverse_2_123010512","cell_dimension":null},{"efficiency":14.278103999999999,"fill_factor":84.50835882585977,"jsc":24.516900000000003,"voc":0.6891366028204587,"key":"reverse_1_123010512","cell_dimension":null},{"efficiency":11.911289999999997,"fill_factor":69.42981666150128,"jsc":25.275999999999996,"voc":0.6787415458937198,"key":"forward_3_123010512","cell_dimension":null},{"efficiency":11.942150000000002,"fill_factor":68.88455949278338,"jsc":25.5235,"voc":0.6792355500310753,"key":"forward_2_123010512","cell_dimension":null},{"efficiency":11.664399999999999,"fill_factor":67.26256710637838,"jsc":25.668999999999997,"voc":0.6755850272682201,"key":"forward_1_123010512","cell_dimension":null}]},"public":2,"tags":[],"analysis":{"JV":[{"V":{"unit":"V","value":[0.743,0.723,0.703,0.683,0.663,0.643,0.623,0.603,0.583,0.563,0.543,0.523,0.503,0.483,0.463,0.443,0.423,0.403,0.383,0.363,0.343,0.323,0.303,0.283,0.263,0.243,0.223,0.203,0.183,0.163,0.143,0.123,0.103,0.083,0.063,0.043,0.023,0.003,-0.017,-0.037,0,0]},"J":{"unit":"A\/cm2","value":[-0.032951999999999995,-0.017248,-0.004568,0.005293,0.012478,0.017565,0.020788,0.022940000000000002,0.024002,0.024707,0.024829999999999998,0.024885,0.024784,0.024658000000000003,0.024614,0.024451,0.024501000000000002,0.024329,0.024376000000000002,0.024301,0.024366,0.024306,0.024267,0.024309,0.02425,0.024392,0.024269,0.02436,0.024264,0.024347,0.024315,0.024319,0.024342,0.024306,0.024352,0.024295999999999998,0.024432,0.02434,0.024407,0.024414,0,0]},"I":{"unit":"A","value":[-0.00131808,-0.0006899200000000001,-0.00018271999999999999,0.00021172,0.00049912,0.0007026000000000002,0.0008315200000000001,0.0009176000000000001,0.00096008,0.00098828,0.0009932,0.0009954,0.00099136,0.0009863200000000002,0.0009845600000000002,0.0009780400000000001,0.00098004,0.00097316,0.00097504,0.0009720399999999999,0.00097464,0.0009722400000000001,0.00097068,0.0009723600000000001,0.0009699999999999999,0.00097568,0.00097076,0.0009744,0.00097056,0.0009738800000000001,0.0009726,0.0009727599999999999,0.00097368,0.0009722400000000001,0.0009740800000000001,0.0009718400000000001,0.0009772799999999999,0.0009736,0.00097628,0.0009765600000000001,0,0]},"efficiency":{"unit":"%","value":13.993165999999999},"fill_factor":{"unit":"%","value":82.83662296557902},"jsc":{"unit":"mA\/cm2","value":24.350050000000003},"isc":{"unit":"mA","value":0.9740020000000001},"voc":{"unit":"V","value":0.6937352195517696},"sweep_direction":{"unit":"","value":"Reverse"},"key":"reverse_3_123010512"},{"V":{"unit":"V","value":[0.745,0.725,0.705,0.685,0.665,0.645,0.625,0.605,0.585,0.565,0.545,0.525,0.505,0.485,0.465,0.445,0.425,0.405,0.385,0.365,0.345,0.325,0.305,0.285,0.265,0.245,0.225,0.205,0.185,0.165,0.145,0.125,0.105,0.085,0.065,0.045,0.025,0.005,-0.015,-0.035,0,0]},"J":{"unit":"A\/cm2","value":[-0.032591,-0.017146,-0.004615,0.005286,0.012604999999999998,0.017713999999999997,0.021167000000000002,0.023331,0.024682,0.02534,0.025657,0.025646000000000002,0.025443000000000004,0.025214999999999998,0.02496,0.024881,0.02461,0.024629,0.024423999999999998,0.024449000000000002,0.024392,0.024387,0.02441,0.024349,0.024388,0.024329999999999997,0.024462,0.024343,0.024458999999999998,0.024396,0.024415,0.024422999999999997,0.024385999999999998,0.024480000000000002,0.024395,0.024436,0.024404,0.02451,0.024469,0.024559,0,0]},"I":{"unit":"A","value":[-0.0013036400000000002,-0.00068584,-0.00018460000000000001,0.00021144,0.0005042,0.00070856,0.00084668,0.00093324,0.0009872799999999999,0.0010136000000000001,0.00102628,0.00102584,0.0010177200000000002,0.0010086,0.0009984,0.00099524,0.0009844,0.0009851600000000001,0.00097696,0.0009779600000000002,0.00097568,0.00097548,0.0009764000000000001,0.0009739600000000001,0.00097552,0.0009731999999999999,0.00097848,0.0009737200000000001,0.00097836,0.0009758400000000001,0.0009766,0.0009769199999999998,0.0009754399999999999,0.0009792000000000002,0.0009758,0.00097744,0.00097616,0.0009804,0.0009787600000000002,0.00098236,0,0]},"efficiency":{"unit":"%","value":14.438969999999998},"fill_factor":{"unit":"%","value":84.716201220963},"jsc":{"unit":"mA\/cm2","value":24.49975},"isc":{"unit":"mA","value":0.97999},"voc":{"unit":"V","value":0.6956777093222907},"sweep_direction":{"unit":"","value":"Reverse"},"key":"reverse_2_123010512"},{"V":{"unit":"V","value":[0.738,0.718,0.698,0.678,0.658,0.638,0.618,0.598,0.578,0.558,0.538,0.518,0.498,0.478,0.458,0.438,0.418,0.398,0.378,0.358,0.338,0.318,0.298,0.278,0.258,0.238,0.218,0.198,0.178,0.158,0.138,0.118,0.098,0.078,0.058,0.038,0.018,-0.002,-0.022,-0.042,0,0]},"J":{"unit":"A\/cm2","value":[-0.03111,-0.016322,-0.004211,0.0052910000000000006,0.012451,0.017572,0.02101,0.023348,0.024679,0.025587999999999996,0.025944,0.026085999999999998,0.025980000000000003,0.025759999999999998,0.025519,0.025263,0.025071000000000006,0.024886,0.024802,0.024678000000000002,0.024569,0.024623000000000003,0.024514,0.024577,0.024428000000000002,0.024589,0.024404,0.024537,0.024480000000000002,0.024485,0.024521,0.024489999999999998,0.024533000000000003,0.024509,0.024594,0.024489,0.024579,0.02451,0.024572,0.024568000000000003,0,0]},"I":{"unit":"A","value":[-0.0012443999999999999,-0.00065288,-0.00016844,0.00021164000000000003,0.00049804,0.0007028799999999999,0.0008404,0.00093392,0.00098716,0.00102352,0.00103776,0.0010434399999999999,0.0010392,0.0010304,0.00102076,0.00101052,0.00100284,0.00099544,0.00099208,0.0009871200000000002,0.00098276,0.00098492,0.00098056,0.00098308,0.0009771200000000002,0.00098356,0.00097616,0.00098148,0.0009792000000000002,0.0009794,0.00098084,0.0009796,0.0009813200000000002,0.00098036,0.00098376,0.0009795600000000002,0.00098316,0.0009804,0.00098288,0.00098272,0,0]},"efficiency":{"unit":"%","value":14.278103999999999},"fill_factor":{"unit":"%","value":84.50835882585977},"jsc":{"unit":"mA\/cm2","value":24.516900000000003},"isc":{"unit":"mA","value":0.9806760000000001},"voc":{"unit":"V","value":0.6891366028204587},"sweep_direction":{"unit":"","value":"Reverse"},"key":"reverse_1_123010512"},{"V":{"unit":"V","value":[-0.05,-0.03,-0.01,0.01,0.03,0.05,0.07,0.09,0.11,0.13,0.15,0.17,0.19,0.21,0.23,0.25,0.27,0.29,0.31,0.33,0.35,0.37,0.39,0.41,0.43,0.45,0.47,0.49,0.51,0.53,0.55,0.57,0.59,0.61,0.63,0.65,0.67,0.69,0.71,0.73,0.75,0.77]},"J":{"unit":"A\/cm2","value":[0.029485,0.027001,0.02566,0.024892,0.024498000000000002,0.024259,0.024142,0.024007999999999998,0.023814,0.023843,0.023721,0.023764,0.023662,0.023646999999999998,0.023587,0.023549,0.023564,0.023468,0.023534,0.02332,0.023529,0.023348,0.023412,0.023274999999999997,0.023247,0.023184,0.023055,0.022937000000000003,0.022626999999999998,0.022331,0.021635,0.020897,0.019399999999999997,0.017339,0.014223000000000003,0.009824999999999999,0.003619,-0.004660999999999999,-0.015218,-0.028131,-0.04328,-0.060497]},"I":{"unit":"A","value":[0.0011794,0.0010800400000000002,0.0010264,0.00099568,0.00097992,0.00097036,0.00096568,0.00096032,0.0009525600000000001,0.00095372,0.0009488400000000001,0.0009505599999999999,0.00094648,0.00094588,0.00094348,0.00094196,0.0009425600000000001,0.00093872,0.00094136,0.0009328000000000001,0.00094116,0.00093392,0.00093648,0.000931,0.00092988,0.0009273600000000001,0.0009222,0.00091748,0.00090508,0.00089324,0.0008654000000000001,0.00083588,0.0007759999999999999,0.00069356,0.0005689200000000001,0.00039299999999999996,0.00014476,-0.00018643999999999998,-0.00060872,-0.00112524,-0.0017312,-0.00241988]},"efficiency":{"unit":"%","value":11.911289999999997},"fill_factor":{"unit":"%","value":69.42981666150128},"jsc":{"unit":"mA\/cm2","value":25.275999999999996},"isc":{"unit":"mA","value":1.01104},"voc":{"unit":"V","value":0.6787415458937198},"sweep_direction":{"unit":"","value":"Forward"},"key":"forward_3_123010512"},{"V":{"unit":"V","value":[-0.05,-0.03,-0.01,0.01,0.03,0.05,0.07,0.09,0.11,0.13,0.15,0.17,0.19,0.21,0.23,0.25,0.27,0.29,0.31,0.33,0.35,0.37,0.39,0.41,0.43,0.45,0.47,0.49,0.51,0.53,0.55,0.57,0.59,0.61,0.63,0.65,0.67,0.69,0.71,0.73,0.75,0.77]},"J":{"unit":"A\/cm2","value":[0.02974,0.027433,0.025981999999999998,0.025065000000000004,0.024663,0.024426,0.024197,0.024118999999999998,0.023984000000000002,0.02398,0.023819,0.023855,0.023690000000000003,0.023798,0.023599000000000002,0.023677,0.023565000000000003,0.023620000000000002,0.023547000000000002,0.023547000000000002,0.023516,0.023510000000000003,0.023507,0.023337,0.023339,0.023209,0.023174,0.022889,0.022716999999999998,0.022254000000000003,0.021713,0.020669,0.019333,0.017242999999999998,0.014199,0.009839,0.0037150000000000004,-0.00433,-0.014658999999999998,-0.027188,-0.041917,-0.058631]},"I":{"unit":"A","value":[0.0011896,0.0010973200000000002,0.00103928,0.0010026000000000002,0.00098652,0.00097704,0.00096788,0.00096476,0.0009593600000000001,0.0009592,0.00095276,0.0009542000000000001,0.0009476000000000002,0.00095192,0.00094396,0.00094708,0.0009426000000000001,0.0009448000000000001,0.0009418800000000001,0.0009418800000000001,0.00094064,0.0009404000000000001,0.0009402800000000002,0.00093348,0.0009335599999999999,0.0009283599999999999,0.00092696,0.00091556,0.0009086799999999999,0.0008901600000000001,0.0008685200000000001,0.0008267600000000001,0.00077332,0.00068972,0.0005679600000000001,0.00039356000000000005,0.0001486,-0.00017319999999999998,-0.00058636,-0.00108752,-0.0016766800000000003,-0.00234524]},"efficiency":{"unit":"%","value":11.942150000000002},"fill_factor":{"unit":"%","value":68.88455949278338},"jsc":{"unit":"mA\/cm2","value":25.5235},"isc":{"unit":"mA","value":1.02094},"voc":{"unit":"V","value":0.6792355500310753},"sweep_direction":{"unit":"","value":"Forward"},"key":"forward_2_123010512"},{"V":{"unit":"V","value":[-0.05,-0.03,-0.01,0.01,0.03,0.05,0.07,0.09,0.11,0.13,0.15,0.17,0.19,0.21,0.23,0.25,0.27,0.29,0.31,0.33,0.35,0.37,0.39,0.41,0.43,0.45,0.47,0.49,0.51,0.53,0.55,0.57,0.59,0.61,0.63,0.65,0.67,0.69,0.71,0.73,0.75,0.77]},"J":{"unit":"A\/cm2","value":[0.02974,0.027687,0.026118999999999996,0.025219000000000002,0.024673999999999998,0.024472,0.024202,0.024195,0.024027,0.023964,0.023889,0.023867999999999997,0.02379,0.023703,0.023754,0.023696000000000002,0.023641,0.023593,0.023545000000000003,0.023569,0.023449,0.023463,0.023367000000000002,0.023355,0.023190000000000002,0.023197,0.022954000000000002,0.022771,0.022431,0.021908,0.021207999999999998,0.020086,0.018552,0.016224,0.012988,0.008357,0.0022530000000000002,-0.005815000000000001,-0.015907,-0.028077,-0.042215,-0.058152999999999996]},"I":{"unit":"A","value":[0.0011896,0.00110748,0.0010447599999999998,0.00100876,0.00098696,0.0009788800000000001,0.0009680800000000001,0.0009678,0.00096108,0.00095856,0.0009555599999999999,0.00095472,0.0009516,0.00094812,0.0009501600000000001,0.0009478400000000001,0.00094564,0.00094372,0.0009418000000000001,0.00094276,0.0009379600000000002,0.00093852,0.00093468,0.0009342,0.0009276000000000001,0.0009278800000000001,0.0009181600000000001,0.0009108400000000001,0.00089724,0.0008763200000000001,0.00084832,0.0008034399999999999,0.00074208,0.00064896,0.00051952,0.00033427999999999995,9.012000000000001e-5,-0.00023260000000000002,-0.00063628,-0.00112308,-0.0016886000000000002,-0.00232612]},"efficiency":{"unit":"%","value":11.664399999999999},"fill_factor":{"unit":"%","value":67.26256710637838},"jsc":{"unit":"mA\/cm2","value":25.668999999999997},"isc":{"unit":"mA","value":1.02676},"voc":{"unit":"V","value":0.6755850272682201},"sweep_direction":{"unit":"","value":"Forward"},"key":"forward_1_123010512"}]}}