{"_id":"652fbf6c6499622b4e49c9d2","id":"CAU-SC-00354","author":68,"group":7,"input":[{"tco":{"unit":"","value":"ITO"}},[],{"htl":[{"material":{"unit":"","value":"PEDOT:PSS"},"concentration":{"unit":"","value":""},"conc_unit":{"unit":"","value":"mg\/ml"},"quantity":{"unit":"ml","value":""}}],"spin_coating":[{"type":{"unit":"","value":"drop&run"},"rpm":{"unit":"","value":"4000"},"time":{"unit":"s","value":"50"}}],"annealing":[{"temperature":{"unit":"oC","value":"150"},"time":{"unit":"m","value":"20"}}]},{"htl_treatment":[{"material":{"unit":"","value":"DMSO"},"concentration":{"unit":"","value":""},"conc_unit":{"unit":"","value":"mg\/ml"},"quantity":{"unit":"ml","value":"0.2"}}],"solvent":[{"material":{"unit":"","value":"DMSO"},"volume":{"unit":"ml","value":"0.2"}}],"spin_coating":[{"type":{"unit":"","value":"dynamic"},"rpm":{"unit":"","value":"4000"},"time":{"unit":"s","value":"60"}}],"annealing":[{"temperature":{"unit":"oC","value":"150"},"time":{"unit":"m","value":"20"}}]},{"htl":[{"material":{"unit":"","value":"PTAA"},"concentration":{"unit":"","value":"0.5"},"conc_unit":{"unit":"","value":"mg\/ml"},"quantity":{"unit":"ml","value":""}}],"spin_coating":[{"type":{"unit":"","value":"drop&run"},"rpm":{"unit":"","value":"8000"},"time":{"unit":"s","value":"30"}}],"annealing":[{"temperature":{"unit":"oC","value":"100"},"time":{"unit":"m","value":"10"}}]},{"perovskite":{"method":{"unit":"","value":"1step"},"molarity":{"unit":"M","value":"1.2"},"a_site":[{"material":{"unit":"","value":"FA"},"ratio":{"unit":"","value":"81.34"}},{"material":{"unit":"","value":"Cs"},"ratio":{"unit":"","value":"16.66"}},{"material":{"unit":"","value":"BA"},"ratio":{"unit":"","value":"2"}}],"b_site":[{"material":{"unit":"","value":"Sn"},"ratio":{"unit":"","value":"50"}},{"material":{"unit":"","value":"Pb"},"ratio":{"unit":"","value":"50"}}],"x_site":[{"material":{"unit":"","value":"I"},"ratio":{"unit":"","value":"100"}}],"solvent":[{"material":{"unit":"","value":"DMF"},"volume":{"unit":"ml","value":"0.8"}},{"material":{"unit":"","value":"DMSO"},"volume":{"unit":"ml","value":"0.2"}}],"additive":[{"material":{"unit":"","value":"SnF2"},"solvent":{"unit":"","value":"none"},"concentration":{"unit":"","value":"9.36"},"conc_unit":{"unit":"","value":"mg\/ml"},"quantity":{"unit":"mol%","value":"5"}}],"stirring_time":[{"unit":"m","value":"120"}],"antisolvent":[{"material":{"unit":"","value":"PC61BM(1mg)+Toluene"},"quantity":{"unit":"ul","value":"300"},"dripping_time":{"unit":"s","value":"13"}}],"spin_coating":[{"type":{"unit":"","value":"drop&run"},"rpm":{"unit":"","value":"5000"},"time":{"unit":"s","value":"60"}}],"annealing":[{"temperature":{"unit":"oC","value":"65"},"time":{"unit":"m","value":"1"}},{"temperature":{"unit":"oC","value":"100"},"time":{"unit":"m","value":"30"}}],"atmosphere":[{"type":{"unit":"","value":"N2"},"temperature":{"unit":"oC","value":"25"},"humidity":{"unit":"RH%","value":"0"}}]}},{"etl":[{"material":{"unit":"","value":"PC61BM"},"concentration":{"unit":"","value":"20"},"conc_unit":{"unit":"","value":"mg\/ml"},"quantity":{"unit":"ml","value":"0.05"}}],"solvent":[{"material":{"unit":"","value":"CB"},"volume":{"unit":"ml","value":"1"}}],"spin_coating":[{"type":{"unit":"","value":"drop&run"},"rpm":{"unit":"","value":"1500"},"time":{"unit":"s","value":"30"}}],"annealing":[{"temperature":{"unit":"oC","value":"75"},"time":{"unit":"m","value":"10"}}]},{"blocking_buffer_layer":[{"material":{"unit":"","value":"BCP"},"concentration":{"unit":"","value":"0.5"},"conc_unit":{"unit":"","value":"mg\/ml"},"quantity":{"unit":"ml","value":"0.1"}}],"solvent":[{"material":{"unit":"","value":"IPA"},"volume":{"unit":"ml","value":"1"}}],"spin_coating":[{"type":{"unit":"","value":"drop&run"},"rpm":{"unit":"","value":"4000"},"time":{"unit":"s","value":"20"}}]},{"anode_metal":{"unit":"","value":"Ag"}},{"note":{"unit":"","value":"FACsSnPbI3- 2021 BA2% PTAA"},"ar":{"unit":"","value":"0"},"type":{"unit":"","value":"unit_cell"},"device_type":{"unit":"","value":"p-i-n"},"temperature":{"unit":"\u2103","value":"25"},"humidity":{"unit":"%","value":"30"},"cell_dimension":{"unit":"cm2","value":"0.04"}}],"fileinfo":[{"key":"121011504","uploadType":"JV","original_name":"121011504.xlsx","save_name":"CAU-SC-00354\/121011504","uploader":68,"fileType":"group"}],"jvcnt":4,"updated_at":"2024-07-30 06:08:03","created_at":"2023-10-18 11:20:12","analysisInfo":{"JV":[{"efficiency":15.11515,"fill_factor":69.90497239764271,"jsc":28.822499999999994,"voc":0.750192546583851,"key":"reverse_2_121011504","cell_dimension":null},{"efficiency":15.396149999999997,"fill_factor":70.59791401443006,"jsc":29.017499999999995,"voc":0.7515541401273885,"key":"reverse_1_121011504","cell_dimension":null},{"efficiency":15.311,"fill_factor":71.20070684523807,"jsc":28.800000000000004,"voc":0.7466666666666667,"key":"forward_2_121011504","cell_dimension":null},{"efficiency":15.354749999999997,"fill_factor":70.70479479583787,"jsc":29.062499999999996,"voc":0.7472413793103448,"key":"forward_1_121011504","cell_dimension":null}]},"public":2,"tags":[],"analysis":{"JV":[{"V":{"unit":"V","value":[0.801,0.781,0.761,0.741,0.721,0.701,0.681,0.661,0.641,0.621,0.601,0.581,0.561,0.541,0.521,0.501,0.481,0.461,0.441,0.421,0.401,0.381,0.361,0.341,0.321,0.301,0.281,0.261,0.241,0.221,0.201,0.181,0.161,0.141,0.121,0.101,0.081,0.061,0.041,0.021,0.001,-0.019,-0.039]},"J":{"unit":"A\/cm2","value":[-0.0259,-0.014124999999999999,-0.00435,0.0036999999999999997,0.009975,0.014825,0.018349999999999998,0.020974999999999997,0.022824999999999998,0.024125,0.02515,0.02575,0.026350000000000002,0.026674999999999997,0.027100000000000003,0.027274999999999997,0.027625,0.027675,0.028000000000000004,0.028075,0.028199999999999996,0.028274999999999998,0.028349999999999997,0.028325,0.028549999999999996,0.028349999999999997,0.028625,0.028499999999999998,0.028625,0.028575,0.028675,0.028575,0.028725,0.028575,0.028725,0.028675,0.028725,0.028699999999999996,0.028825,0.028749999999999998,0.028825,0.028775,0.028875]},"I":{"unit":"A","value":[-0.001036,-0.000565,-0.000174,0.000148,0.000399,0.000593,0.000734,0.000839,0.0009130000000000001,0.0009649999999999999,0.001006,0.00103,0.001054,0.001067,0.0010840000000000001,0.001091,0.001105,0.001107,0.0011200000000000001,0.001123,0.0011279999999999999,0.001131,0.0011339999999999998,0.0011330000000000001,0.001142,0.0011339999999999998,0.001145,0.00114,0.001145,0.001143,0.001147,0.001143,0.001149,0.001143,0.001149,0.001147,0.001149,0.001148,0.001153,0.00115,0.001153,0.0011510000000000001,0.001155]},"efficiency":{"unit":"%","value":15.11515},"fill_factor":{"unit":"%","value":69.90497239764271},"jsc":{"unit":"mA\/cm2","value":28.822499999999994},"isc":{"unit":"mA","value":1.1528999999999998},"voc":{"unit":"V","value":0.750192546583851},"sweep_direction":{"unit":"","value":"Reverse"},"key":"reverse_2_121011504"},{"V":{"unit":"V","value":[0.802,0.782,0.762,0.742,0.722,0.702,0.682,0.662,0.642,0.622,0.602,0.582,0.562,0.542,0.522,0.502,0.482,0.462,0.442,0.422,0.402,0.382,0.362,0.342,0.322,0.302,0.282,0.262,0.242,0.222,0.202,0.182,0.162,0.142,0.122,0.102,0.082,0.062,0.042,0.022,0.002,-0.018,-0.038]},"J":{"unit":"A\/cm2","value":[-0.0252,-0.01375,-0.0040999999999999995,0.00375,0.0101,0.01495,0.01865,0.02125,0.023225000000000003,0.024550000000000002,0.025574999999999997,0.026199999999999998,0.026900000000000004,0.02715,0.027575,0.027675,0.027974999999999996,0.0281,0.028274999999999998,0.028325,0.028449999999999996,0.028499999999999998,0.028599999999999997,0.02865,0.028699999999999996,0.028725,0.028699999999999996,0.0289,0.028749999999999998,0.0289,0.028825,0.028925,0.028849999999999997,0.028975,0.028849999999999997,0.029099999999999997,0.028975,0.029175,0.028875,0.02915,0.028999999999999998,0.029175,0.029025]},"I":{"unit":"A","value":[-0.001008,-0.00055,-0.000164,0.00015,0.000404,0.000598,0.000746,0.00085,0.000929,0.000982,0.0010229999999999998,0.001048,0.0010760000000000001,0.0010860000000000002,0.001103,0.001107,0.001119,0.0011240000000000002,0.001131,0.0011330000000000001,0.001138,0.00114,0.0011439999999999998,0.0011459999999999999,0.001148,0.001149,0.001148,0.001156,0.00115,0.001156,0.001153,0.001157,0.0011539999999999999,0.001159,0.0011539999999999999,0.0011639999999999999,0.001159,0.001167,0.001155,0.001166,0.00116,0.001167,0.0011610000000000001]},"efficiency":{"unit":"%","value":15.396149999999997},"fill_factor":{"unit":"%","value":70.59791401443006},"jsc":{"unit":"mA\/cm2","value":29.017499999999995},"isc":{"unit":"mA","value":1.1606999999999998},"voc":{"unit":"V","value":0.7515541401273885},"sweep_direction":{"unit":"","value":"Reverse"},"key":"reverse_1_121011504"},{"V":{"unit":"V","value":[-0.05,-0.03,-0.01,0.01,0.03,0.05,0.07,0.09,0.11,0.13,0.15,0.17,0.19,0.21,0.23,0.25,0.27,0.29,0.31,0.33,0.35,0.37,0.39,0.41,0.43,0.45,0.47,0.49,0.51,0.53,0.55,0.57,0.59,0.61,0.63,0.65,0.67,0.69,0.71,0.73,0.75,0.77,0.79,0.81,0.83]},"J":{"unit":"A\/cm2","value":[0.0294,0.028975,0.028925,0.028675,0.028725,0.028549999999999996,0.028625,0.028375,0.028549999999999996,0.028325,0.028449999999999996,0.028249999999999997,0.028349999999999997,0.028199999999999996,0.028175000000000002,0.0281,0.028175000000000002,0.028050000000000002,0.028000000000000004,0.028000000000000004,0.0279,0.027925000000000002,0.027750000000000004,0.027774999999999998,0.027625,0.02755,0.027475,0.027375,0.02715,0.02705,0.026650000000000004,0.026350000000000002,0.025824999999999997,0.025099999999999997,0.023899999999999998,0.0224,0.02,0.016775,0.012225,0.006375,-0.0012749999999999999,-0.010524999999999998,-0.021724999999999998,-0.034575,-0.04925]},"I":{"unit":"A","value":[0.001176,0.001159,0.001157,0.001147,0.001149,0.001142,0.001145,0.001135,0.001142,0.0011330000000000001,0.001138,0.00113,0.0011339999999999998,0.0011279999999999999,0.001127,0.0011240000000000002,0.001127,0.0011220000000000002,0.0011200000000000001,0.0011200000000000001,0.001116,0.001117,0.00111,0.001111,0.001105,0.0011020000000000001,0.001099,0.001095,0.0010860000000000002,0.001082,0.001066,0.001054,0.0010329999999999998,0.001004,0.0009559999999999999,0.000896,0.0008,0.000671,0.000489,0.000255,-5.1e-5,-0.000421,-0.000869,-0.0013830000000000001,-0.00197]},"efficiency":{"unit":"%","value":15.311},"fill_factor":{"unit":"%","value":71.20070684523807},"jsc":{"unit":"mA\/cm2","value":28.800000000000004},"isc":{"unit":"mA","value":1.1520000000000001},"voc":{"unit":"V","value":0.7466666666666667},"sweep_direction":{"unit":"","value":"Forward"},"key":"forward_2_121011504"},{"V":{"unit":"V","value":[-0.05,-0.03,-0.01,0.01,0.03,0.05,0.07,0.09,0.11,0.13,0.15,0.17,0.19,0.21,0.23,0.25,0.27,0.29,0.31,0.33,0.35,0.37,0.39,0.41,0.43,0.45,0.47,0.49,0.51,0.53,0.55,0.57,0.59,0.61,0.63,0.65,0.67,0.69,0.71,0.73,0.75,0.77,0.79,0.81,0.83]},"J":{"unit":"A\/cm2","value":[0.029775000000000003,0.029325,0.029099999999999997,0.029025,0.028975,0.0289,0.028825,0.028825,0.028799999999999996,0.028675,0.028675,0.028625,0.028625,0.028549999999999996,0.028575,0.028475,0.028399999999999998,0.028375,0.028325,0.028325,0.028224999999999997,0.028199999999999996,0.028125,0.028050000000000002,0.028000000000000004,0.027875,0.027825,0.02765,0.0275,0.02725,0.027024999999999997,0.026574999999999998,0.026025,0.02515,0.024099999999999996,0.022275,0.02,0.0166,0.012199999999999999,0.00625,-0.001,-0.010125,-0.0207,-0.033100000000000004,-0.0469]},"I":{"unit":"A","value":[0.001191,0.001173,0.0011639999999999999,0.0011610000000000001,0.001159,0.001156,0.001153,0.001153,0.0011519999999999998,0.001147,0.001147,0.001145,0.001145,0.001142,0.001143,0.001139,0.0011359999999999999,0.001135,0.0011330000000000001,0.0011330000000000001,0.001129,0.0011279999999999999,0.001125,0.0011220000000000002,0.0011200000000000001,0.0011149999999999999,0.001113,0.001106,0.0011,0.00109,0.001081,0.001063,0.0010409999999999998,0.001006,0.000964,0.000891,0.0008,0.000664,0.000488,0.00025,-4.0e-5,-0.00040500000000000003,-0.000828,-0.001324,-0.0018759999999999998]},"efficiency":{"unit":"%","value":15.354749999999997},"fill_factor":{"unit":"%","value":70.70479479583787},"jsc":{"unit":"mA\/cm2","value":29.062499999999996},"isc":{"unit":"mA","value":1.1624999999999999},"voc":{"unit":"V","value":0.7472413793103448},"sweep_direction":{"unit":"","value":"Forward"},"key":"forward_1_121011504"}]}}