{"_id":"6531220626db9e48202e736f","id":"CAU-SC-00455","author":68,"group":7,"input":[{"tco":{"unit":"","value":"ITO"}},[],{"htl":[{"material":{"unit":"","value":"PEDOT:PSS"},"concentration":{"unit":"","value":""},"conc_unit":{"unit":"","value":"mg\/ml"},"quantity":{"unit":"ml","value":""}}],"spin_coating":[{"type":{"unit":"","value":"drop&run"},"rpm":{"unit":"","value":"4000"},"time":{"unit":"s","value":"50"}}],"annealing":[{"temperature":{"unit":"oC","value":"150"},"time":{"unit":"m","value":"20"}}]},{"htl_treatment":[{"material":{"unit":"","value":"BAI"},"concentration":{"unit":"","value":"1"},"conc_unit":{"unit":"","value":"mg\/ml"},"quantity":{"unit":"ml","value":""}}],"solvent":[{"material":{"unit":"","value":"IPA"},"volume":{"unit":"ml","value":"1"}}],"spin_coating":[{"type":{"unit":"","value":"drop&run"},"rpm":{"unit":"","value":"5000"},"time":{"unit":"s","value":"30"}}],"annealing":[{"temperature":{"unit":"oC","value":"100"},"time":{"unit":"m","value":"5"}}]},{"perovskite":{"method":{"unit":"","value":"1step"},"molarity":{"unit":"M","value":"1.2"},"a_site":[{"material":{"unit":"","value":"FA"},"ratio":{"unit":"","value":"83"}},{"material":{"unit":"","value":"Cs"},"ratio":{"unit":"","value":"17"}}],"b_site":[{"material":{"unit":"","value":"Sn"},"ratio":{"unit":"","value":"50"}},{"material":{"unit":"","value":"Pb"},"ratio":{"unit":"","value":"50"}}],"x_site":[{"material":{"unit":"","value":"I"},"ratio":{"unit":"","value":"100"}}],"solvent":[{"material":{"unit":"","value":"DMF"},"volume":{"unit":"ml","value":"0.8"}},{"material":{"unit":"","value":"DMSO"},"volume":{"unit":"ml","value":"0.2"}}],"additive":[{"material":{"unit":"","value":"SnF2"},"solvent":{"unit":"","value":"none"},"concentration":{"unit":"","value":"9.36"},"conc_unit":{"unit":"","value":"mg\/ml"},"quantity":{"unit":"mol%","value":"5"}}],"stirring_time":[{"unit":"m","value":"120"}],"antisolvent":[{"material":{"unit":"","value":"PC61BM(1mg)+Toluene"},"quantity":{"unit":"ul","value":"300"},"dripping_time":{"unit":"s","value":"12"}}],"spin_coating":[{"type":{"unit":"","value":"drop&run"},"rpm":{"unit":"","value":"5000"},"time":{"unit":"s","value":"60"}}],"annealing":[{"temperature":{"unit":"oC","value":"65"},"time":{"unit":"m","value":"1"}},{"temperature":{"unit":"oC","value":"100"},"time":{"unit":"m","value":"30"}}],"atmosphere":[{"type":{"unit":"","value":"N2"},"temperature":{"unit":"oC","value":"25"},"humidity":{"unit":"RH%","value":"0"}}]}},{"perovskite_treatment":[{"material":{"unit":"","value":"BAI"},"concentration":{"unit":"","value":"1"},"conc_unit":{"unit":"","value":"mg\/ml"},"quantity":{"unit":"ml","value":""}}],"solvent":[{"material":{"unit":"","value":"IPA"},"volume":{"unit":"ml","value":"1"}}],"spin_coating":[{"type":{"unit":"","value":"drop&run"},"rpm":{"unit":"","value":"5000"},"time":{"unit":"s","value":"30"}}],"annealing":[{"temperature":{"unit":"oC","value":"100"},"time":{"unit":"m","value":"5"}}]},{"etl":[{"material":{"unit":"","value":"PC61BM"},"concentration":{"unit":"","value":"20"},"conc_unit":{"unit":"","value":"mg\/ml"},"quantity":{"unit":"ml","value":"0.05"}}],"solvent":[{"material":{"unit":"","value":"CB"},"volume":{"unit":"ml","value":"1"}}],"spin_coating":[{"type":{"unit":"","value":"drop&run"},"rpm":{"unit":"","value":"1500"},"time":{"unit":"s","value":"30"}}],"annealing":[{"temperature":{"unit":"oC","value":"75"},"time":{"unit":"m","value":"10"}}]},{"blocking_buffer_layer":[{"material":{"unit":"","value":"BCP"},"concentration":{"unit":"","value":"0.5"},"conc_unit":{"unit":"","value":"mg\/ml"},"quantity":{"unit":"ml","value":"0.1"}}],"solvent":[{"material":{"unit":"","value":"IPA"},"volume":{"unit":"ml","value":"1"}}],"spin_coating":[{"type":{"unit":"","value":"drop&run"},"rpm":{"unit":"","value":"4000"},"time":{"unit":"s","value":"20"}}]},{"anode_metal":{"unit":"","value":"Ag"}},{"note":{"unit":"","value":"FACsSnPbI3- 2020 BAI 1mg treat"},"ar":{"unit":"","value":"0"},"type":{"unit":"","value":"unit_cell"},"device_type":{"unit":"","value":"p-i-n"},"temperature":{"unit":"\u2103","value":"25"},"humidity":{"unit":"%","value":"30"},"cell_dimension":{"unit":"cm2","value":"0.04"}}],"fileinfo":[{"key":"120111704","uploadType":"JV","original_name":"120111704.xlsx","save_name":"CAU-SC-00455\/120111704","uploader":68,"fileType":"group"}],"jvcnt":4,"updated_at":"2024-07-30 05:59:24","created_at":"2023-10-19 12:33:10","analysisInfo":{"JV":[{"efficiency":14.828074999999998,"fill_factor":72.88180193789755,"jsc":28.47,"voc":0.714625,"key":"reverse_2_120111704","cell_dimension":null},{"efficiency":13.907475,"fill_factor":70.96961132870658,"jsc":29.08125,"voc":0.6738493150684932,"key":"reverse_1_120111704","cell_dimension":null},{"efficiency":14.809,"fill_factor":72.55483464195383,"jsc":28.475,"voc":0.7167961165048544,"key":"forward_2_120111704","cell_dimension":null},{"efficiency":14.762999999999998,"fill_factor":72.25083359579172,"jsc":28.8875,"voc":0.7073295454545454,"key":"forward_1_120111704","cell_dimension":null}]},"public":2,"tags":[],"analysis":{"JV":[{"V":{"unit":"V","value":[0.769,0.749,0.729,0.709,0.689,0.669,0.649,0.629,0.609,0.589,0.569,0.549,0.529,0.509,0.489,0.469,0.449,0.429,0.409,0.389,0.369,0.349,0.329,0.309,0.289,0.269,0.249,0.229,0.209,0.189,0.169,0.149,0.129,0.109,0.089,0.069,0.049,0.029,0.009,-0.011,-0.031]},"J":{"unit":"A\/cm2","value":[-0.03575,-0.019375,-0.006900000000000001,0.0026999999999999997,0.009800000000000001,0.015224999999999999,0.018975000000000002,0.021875,0.023725,0.025174999999999996,0.026025,0.0268,0.027100000000000003,0.02755,0.027600000000000003,0.027875,0.027875,0.028075,0.028024999999999998,0.028175000000000002,0.0281,0.028274999999999998,0.028199999999999996,0.028349999999999997,0.028199999999999996,0.028399999999999998,0.028274999999999998,0.028449999999999996,0.028249999999999997,0.028449999999999996,0.028325,0.028475,0.0283,0.028499999999999998,0.028349999999999997,0.028475,0.028375,0.028525,0.028425000000000002,0.028525,0.028499999999999998]},"I":{"unit":"A","value":[-0.0014299999999999998,-0.000775,-0.00027600000000000004,0.000108,0.00039200000000000004,0.000609,0.000759,0.000875,0.000949,0.0010069999999999999,0.0010409999999999998,0.001072,0.0010840000000000001,0.0011020000000000001,0.0011040000000000002,0.0011149999999999999,0.0011149999999999999,0.001123,0.001121,0.001127,0.0011240000000000002,0.001131,0.0011279999999999999,0.0011339999999999998,0.0011279999999999999,0.0011359999999999999,0.001131,0.001138,0.00113,0.001138,0.0011330000000000001,0.001139,0.001132,0.00114,0.0011339999999999998,0.001139,0.001135,0.001141,0.001137,0.001141,0.00114]},"efficiency":{"unit":"%","value":14.828074999999998},"fill_factor":{"unit":"%","value":72.88180193789755},"jsc":{"unit":"mA\/cm2","value":28.47},"isc":{"unit":"mA","value":1.1388},"voc":{"unit":"V","value":0.714625},"sweep_direction":{"unit":"","value":"Reverse"},"key":"reverse_2_120111704"},{"V":{"unit":"V","value":[0.727,0.707,0.687,0.667,0.647,0.627,0.607,0.587,0.567,0.547,0.527,0.507,0.487,0.467,0.447,0.427,0.407,0.387,0.367,0.347,0.327,0.307,0.287,0.267,0.247,0.227,0.207,0.187,0.167,0.147,0.127,0.107,0.087,0.067,0.047,0.027,0.007,-0.013,-0.033]},"J":{"unit":"A\/cm2","value":[-0.03215,-0.017375,-0.006,0.003125,0.009875,0.015224999999999999,0.018949999999999998,0.021974999999999998,0.023849999999999996,0.025424999999999996,0.026350000000000002,0.027200000000000002,0.027600000000000003,0.0281,0.028199999999999996,0.028449999999999996,0.028549999999999996,0.028749999999999998,0.028775,0.028825,0.028875,0.028875,0.028949999999999997,0.028999999999999998,0.028999999999999998,0.028975,0.029075,0.028999999999999998,0.029125,0.028999999999999998,0.02915,0.028999999999999998,0.029099999999999997,0.029049999999999996,0.029175,0.029049999999999996,0.029125,0.028999999999999998,0.029175]},"I":{"unit":"A","value":[-0.001286,-0.000695,-0.00023999999999999998,0.000125,0.000395,0.000609,0.000758,0.000879,0.000954,0.001017,0.001054,0.001088,0.0011040000000000002,0.0011240000000000002,0.0011279999999999999,0.001138,0.001142,0.00115,0.0011510000000000001,0.001153,0.001155,0.001155,0.001158,0.00116,0.00116,0.001159,0.001163,0.00116,0.001165,0.00116,0.001166,0.00116,0.0011639999999999999,0.0011619999999999998,0.001167,0.0011619999999999998,0.001165,0.00116,0.001167]},"efficiency":{"unit":"%","value":13.907475},"fill_factor":{"unit":"%","value":70.96961132870658},"jsc":{"unit":"mA\/cm2","value":29.08125},"isc":{"unit":"mA","value":1.1632500000000001},"voc":{"unit":"V","value":0.6738493150684932},"sweep_direction":{"unit":"","value":"Reverse"},"key":"reverse_1_120111704"},{"V":{"unit":"V","value":[-0.05,-0.03,-0.01,0.01,0.03,0.05,0.07,0.09,0.11,0.13,0.15,0.17,0.19,0.21,0.23,0.25,0.27,0.29,0.31,0.33,0.35,0.37,0.39,0.41,0.43,0.45,0.47,0.49,0.51,0.53,0.55,0.57,0.59,0.61,0.63,0.65,0.67,0.69,0.71,0.73,0.75,0.77]},"J":{"unit":"A\/cm2","value":[0.029549999999999996,0.028699999999999996,0.028625,0.028325,0.028349999999999997,0.028224999999999997,0.028274999999999998,0.028125,0.028149999999999994,0.028024999999999998,0.028075,0.027925000000000002,0.028024999999999998,0.027825,0.027875,0.027800000000000002,0.027825,0.027750000000000004,0.027675,0.027724999999999996,0.027625,0.02765,0.027475,0.027575,0.027350000000000003,0.027424999999999998,0.027174999999999998,0.027200000000000002,0.026875,0.026824999999999998,0.0263,0.025974999999999998,0.025099999999999997,0.024075,0.0223,0.0198,0.016225,0.01095,0.0035000000000000005,-0.0068000000000000005,-0.0207,-0.038799999999999994]},"I":{"unit":"A","value":[0.0011819999999999999,0.001148,0.001145,0.0011330000000000001,0.0011339999999999998,0.001129,0.001131,0.001125,0.0011259999999999998,0.001121,0.001123,0.001117,0.001121,0.001113,0.0011149999999999999,0.0011120000000000001,0.001113,0.00111,0.001107,0.001109,0.001105,0.001106,0.001099,0.001103,0.0010940000000000001,0.0010969999999999999,0.0010869999999999999,0.001088,0.001075,0.001073,0.001052,0.001039,0.001004,0.000963,0.000892,0.0007920000000000001,0.0006490000000000001,0.000438,0.00014000000000000001,-0.000272,-0.000828,-0.001552]},"efficiency":{"unit":"%","value":14.809},"fill_factor":{"unit":"%","value":72.55483464195383},"jsc":{"unit":"mA\/cm2","value":28.475},"isc":{"unit":"mA","value":1.139},"voc":{"unit":"V","value":0.7167961165048544},"sweep_direction":{"unit":"","value":"Forward"},"key":"forward_2_120111704"},{"V":{"unit":"V","value":[-0.05,-0.03,-0.01,0.01,0.03,0.05,0.07,0.09,0.11,0.13,0.15,0.17,0.19,0.21,0.23,0.25,0.27,0.29,0.31,0.33,0.35,0.37,0.39,0.41,0.43,0.45,0.47,0.49,0.51,0.53,0.55,0.57,0.59,0.61,0.63,0.65,0.67,0.69,0.71,0.73,0.75]},"J":{"unit":"A\/cm2","value":[0.029775000000000003,0.029125,0.0289,0.028875,0.028775,0.028775,0.028599999999999997,0.028675,0.028449999999999996,0.028499999999999998,0.028199999999999996,0.0283,0.028149999999999994,0.028125,0.028175000000000002,0.027925000000000002,0.028075,0.0279,0.0279,0.027974999999999996,0.02785,0.027925000000000002,0.027800000000000002,0.027675,0.027700000000000002,0.027524999999999997,0.027475,0.027450000000000002,0.027125,0.02705,0.0265,0.0259,0.02495,0.023625,0.021525,0.018475,0.014074999999999997,0.007625,-0.001175,-0.0134,-0.029299999999999996]},"I":{"unit":"A","value":[0.001191,0.001165,0.001156,0.001155,0.0011510000000000001,0.0011510000000000001,0.0011439999999999998,0.001147,0.001138,0.00114,0.0011279999999999999,0.001132,0.0011259999999999998,0.001125,0.001127,0.001117,0.001123,0.001116,0.001116,0.001119,0.0011140000000000002,0.001117,0.0011120000000000001,0.001107,0.001108,0.001101,0.001099,0.001098,0.001085,0.001082,0.00106,0.001036,0.000998,0.000945,0.000861,0.000739,0.0005629999999999999,0.000305,-4.7e-5,-0.000536,-0.0011719999999999999]},"efficiency":{"unit":"%","value":14.762999999999998},"fill_factor":{"unit":"%","value":72.25083359579172},"jsc":{"unit":"mA\/cm2","value":28.8875},"isc":{"unit":"mA","value":1.1555},"voc":{"unit":"V","value":0.7073295454545454},"sweep_direction":{"unit":"","value":"Forward"},"key":"forward_1_120111704"}]}}