{"_id":"653117946499622b4e49c9f0","id":"CAU-SC-00429","author":70,"group":7,"input":[{"tco":{"unit":"","value":"ITO"}},[],{"etl":[{"material":{"unit":"","value":"SnO2"},"concentration":{"unit":"","value":"1.5"},"conc_unit":{"unit":"","value":"wt%"},"quantity":{"unit":"ml","value":"0.3"}}],"solvent":[{"material":{"unit":"","value":"DI Water"},"volume":{"unit":"ml","value":"2.7"}}],"spin_coating":[{"type":{"unit":"","value":"drop&run"},"rpm":{"unit":"","value":"3000"},"time":{"unit":"s","value":"30"}}],"vacuum_suction":[{"unit":"s","value":"0"}],"annealing":[{"temperature":{"unit":"oC","value":"170"},"time":{"unit":"m","value":"30"}}]},{"etl":[{"material":{"unit":"","value":"ZnO"},"concentration":{"unit":"","value":"109.75"},"conc_unit":{"unit":"","value":"mg\/ml"},"quantity":{"unit":"ml","value":"1"}}],"solvent":[{"material":{"unit":"","value":"2-ME"},"volume":{"unit":"ml","value":"2"}},{"material":{"unit":"","value":"Ethanolamine"},"volume":{"unit":"ml","value":"0.067"}}],"spin_coating":[{"type":{"unit":"","value":"drop&run"},"rpm":{"unit":"","value":"5000"},"time":{"unit":"s","value":"30"}}],"vacuum_suction":[{"unit":"s","value":"0"}],"annealing":[{"temperature":{"unit":"oC","value":"170"},"time":{"unit":"m","value":"30"}}],"etl_doping":[{"material":{"unit":"","value":"CuCl2\u00b72H2O"},"volume":{"unit":"ul","value":"1.70 mg"}}]},[],{"perovskite":{"method":{"unit":"","value":"1step"},"molarity":{"unit":"M","value":"1.2"},"a_site":[{"material":{"unit":"","value":"Cs"},"ratio":{"unit":"","value":"105"}}],"b_site":[{"material":{"unit":"","value":"Pb"},"ratio":{"unit":"","value":"100"}}],"x_site":[{"material":{"unit":"","value":"I"},"ratio":{"unit":"","value":"67"}},{"material":{"unit":"","value":"Br"},"ratio":{"unit":"","value":"33"}}],"solvent":[{"material":{"unit":"","value":"DMSO"},"volume":{"unit":"ml","value":"0.7"}},{"material":{"unit":"","value":"DMF"},"volume":{"unit":"ml","value":"0.3"}}],"stirring_time":[{"unit":"m","value":"120"}],"spin_coating":[{"type":{"unit":"","value":"drop&run"},"rpm":{"unit":"","value":"3000"},"time":{"unit":"s","value":"43"}}],"annealing":[{"temperature":{"unit":"oC","value":"235"},"time":{"unit":"m","value":"10"}}],"atmosphere":[{"type":{"unit":"","value":"air"},"temperature":{"unit":"oC","value":"20"},"humidity":{"unit":"RH%","value":"38"}}],"assist":[{"type":{"unit":"","value":"hot air assist"},"temperature":{"unit":"oC","value":"230"},"assist_start_time":{"value":8,"unit":"s"},"total_assist_time":{"value":"0.233","unit":"s"}}],"additive":[{"material":{"unit":"","value":"CH2I2"},"solvent":{"unit":"","value":null},"concentration":{"unit":"","value":"100 uL"},"conc_unit":{"unit":"","value":null},"quantity":{"unit":"mol%","value":null}}]}},[],{"htl":[{"material":{"unit":"","value":"P3HT"},"concentration":{"unit":"","value":"10"},"conc_unit":{"unit":"","value":"mg\/ml"},"quantity":{"unit":"ml","value":"0.1"}}],"solvent":[{"material":{"unit":"","value":"CB"},"volume":{"unit":"ml","value":"1"}}],"spin_coating":[{"type":{"unit":"","value":"drop&run"},"rpm":{"unit":"","value":"3000"},"time":{"unit":"s","value":"30"}}],"vacuum_suction":[{"unit":"s","value":"0"}],"annealing":[{"temperature":{"unit":"oC","value":"100"},"time":{"unit":"m","value":"5"}}]},{"anode_metal":{"unit":"","value":"Au"}},{"note":{"unit":"","value":"CsPbI2Br+100uL Ch2I2_722042605_1.70 mg CuCl2"},"ar":{"unit":"","value":"0"},"type":{"unit":"","value":"unit_cell"},"device_type":{"unit":"","value":"n-i-p"},"temperature":{"unit":"\u2103","value":"20"},"humidity":{"unit":"%","value":"38"},"cell_dimension":{"unit":"cm2","value":"0.04"}}],"fileinfo":[{"key":"CsPbI2Br+100uL Ch2I2_722042605_1.70 mg CuCl2","uploadType":"JV","original_name":"CsPbI2Br+100uL Ch2I2_722042605_1.70 mg CuCl2.xlsx","save_name":"CAU-SC-00429\/CsPbI2Br+100uL Ch2I2_722042605_1.70 mg CuCl2","uploader":70,"fileType":"group"}],"jvcnt":6,"updated_at":"2024-06-03 08:38:35","created_at":"2023-10-19 11:48:36","analysisInfo":{"JV":[{"efficiency":14.468074999999999,"fill_factor":81.4766889996093,"jsc":14.95,"voc":1.187780487804878,"key":"reverse_3_CsPbI2Br+100uL Ch2I2_722042605_1.70 mg CuCl2","cell_dimension":null},{"efficiency":14.30625,"fill_factor":82.28475053119605,"jsc":14.506249999999998,"voc":1.1985365853658536,"key":"reverse_2_CsPbI2Br+100uL Ch2I2_722042605_1.70 mg CuCl2","cell_dimension":null},{"efficiency":14.876400000000004,"fill_factor":81.67339005000346,"jsc":14.848749999999999,"voc":1.2266689419795223,"key":"reverse_1_CsPbI2Br+100uL Ch2I2_722042605_1.70 mg CuCl2","cell_dimension":null},{"efficiency":13.538250000000001,"fill_factor":78.31327651619931,"jsc":15.049999999999997,"voc":1.1486577181208053,"key":"forward_3_CsPbI2Br+100uL Ch2I2_722042605_1.70 mg CuCl2","cell_dimension":null},{"efficiency":13.340250000000001,"fill_factor":79.03007962677651,"jsc":14.568749999999996,"voc":1.1586419753086419,"key":"forward_2_CsPbI2Br+100uL Ch2I2_722042605_1.70 mg CuCl2","cell_dimension":null},{"efficiency":14.008000000000001,"fill_factor":79.72123236188212,"jsc":14.84375,"voc":1.1837459283387624,"key":"forward_1_CsPbI2Br+100uL Ch2I2_722042605_1.70 mg CuCl2","cell_dimension":null}]},"public":2,"analysis":{"JV":[{"V":{"unit":"V","value":[1.239,1.199,1.159,1.119,1.079,1.039,0.999,0.959,0.919,0.879,0.839,0.799,0.759,0.719,0.679,0.639,0.599,0.559,0.519,0.479,0.439,0.399,0.359,0.319,0.279,0.239,0.199,0.159,0.119,0.079,0.039,-0.001,-0.041]},"J":{"unit":"A\/cm2","value":[-0.0137,-0.0023,0.0059,0.01065,0.012925,0.013925,0.014274999999999998,0.014499999999999999,0.0146,0.014575,0.014649999999999998,0.014725,0.014674999999999999,0.0147,0.014774999999999998,0.014674999999999999,0.014749999999999997,0.014799999999999999,0.014799999999999999,0.014825,0.014799999999999999,0.014825,0.014874999999999998,0.014799999999999999,0.014924999999999999,0.014899999999999998,0.014874999999999998,0.014924999999999999,0.014924999999999999,0.014899999999999998,0.01495,0.01495,0.01495]},"I":{"unit":"A","value":[-0.0005480000000000001,-9.2e-5,0.000236,0.000426,0.000517,0.0005570000000000001,0.000571,0.00058,0.000584,0.000583,0.0005859999999999999,0.000589,0.000587,0.000588,0.0005909999999999999,0.000587,0.0005899999999999999,0.000592,0.000592,0.000593,0.000592,0.000593,0.0005949999999999999,0.000592,0.000597,0.000596,0.0005949999999999999,0.000597,0.000597,0.000596,0.000598,0.000598,0.000598]},"efficiency":{"unit":"%","value":14.468074999999999},"fill_factor":{"unit":"%","value":81.4766889996093},"jsc":{"unit":"mA\/cm2","value":14.95},"isc":{"unit":"mA","value":0.598},"voc":{"unit":"V","value":1.187780487804878},"sweep_direction":{"unit":"","value":"Reverse"},"key":"reverse_3_CsPbI2Br+100uL Ch2I2_722042605_1.70 mg CuCl2"},{"V":{"unit":"V","value":[1.25,1.21,1.17,1.13,1.09,1.05,1.01,0.97,0.93,0.89,0.85,0.81,0.77,0.73,0.69,0.65,0.61,0.57,0.53,0.49,0.45,0.41,0.37,0.33,0.29,0.25,0.21,0.17,0.13,0.09,0.05,0.01,-0.03]},"J":{"unit":"A\/cm2","value":[-0.014325,-0.00235,0.00585,0.010475,0.012675,0.013625,0.014025000000000001,0.014199999999999999,0.014249999999999999,0.014299999999999998,0.014299999999999998,0.014325,0.014399999999999998,0.014374999999999999,0.014374999999999999,0.014374999999999999,0.014374999999999999,0.014424999999999999,0.014424999999999999,0.014399999999999998,0.014424999999999999,0.01445,0.014399999999999998,0.014474999999999998,0.014499999999999999,0.01445,0.014499999999999999,0.01445,0.014474999999999998,0.014524999999999998,0.01445,0.014499999999999999,0.014524999999999998]},"I":{"unit":"A","value":[-0.0005729999999999999,-9.4e-5,0.00023400000000000002,0.000419,0.000507,0.000545,0.0005610000000000001,0.0005679999999999999,0.00057,0.0005719999999999999,0.0005719999999999999,0.0005729999999999999,0.0005759999999999999,0.000575,0.000575,0.000575,0.000575,0.0005769999999999999,0.0005769999999999999,0.0005759999999999999,0.0005769999999999999,0.000578,0.0005759999999999999,0.000579,0.00058,0.000578,0.00058,0.000578,0.000579,0.0005809999999999999,0.000578,0.00058,0.0005809999999999999]},"efficiency":{"unit":"%","value":14.30625},"fill_factor":{"unit":"%","value":82.28475053119605},"jsc":{"unit":"mA\/cm2","value":14.506249999999998},"isc":{"unit":"mA","value":0.5802499999999999},"voc":{"unit":"V","value":1.1985365853658536},"sweep_direction":{"unit":"","value":"Reverse"},"key":"reverse_2_CsPbI2Br+100uL Ch2I2_722042605_1.70 mg CuCl2"},{"V":{"unit":"V","value":[1.278,1.238,1.198,1.158,1.118,1.078,1.038,0.998,0.958,0.918,0.878,0.838,0.798,0.758,0.718,0.678,0.638,0.598,0.558,0.518,0.478,0.438,0.398,0.358,0.318,0.278,0.238,0.198,0.158,0.118,0.078,0.038,-0.002,-0.042]},"J":{"unit":"A\/cm2","value":[-0.011625,-0.002075,0.00525,0.010025000000000001,0.012625,0.013800000000000002,0.014249999999999999,0.014524999999999998,0.0146,0.0146,0.0147,0.0147,0.014649999999999998,0.014749999999999997,0.0147,0.0147,0.014749999999999997,0.0147,0.014725,0.014774999999999998,0.014725,0.014749999999999997,0.014825,0.014774999999999998,0.014774999999999998,0.014825,0.014774999999999998,0.014825,0.014825,0.014799999999999999,0.014825,0.014825,0.01485,0.01485]},"I":{"unit":"A","value":[-0.000465,-8.3e-5,0.00020999999999999998,0.00040100000000000004,0.000505,0.0005520000000000001,0.00057,0.0005809999999999999,0.000584,0.000584,0.000588,0.000588,0.0005859999999999999,0.0005899999999999999,0.000588,0.000588,0.0005899999999999999,0.000588,0.000589,0.0005909999999999999,0.000589,0.0005899999999999999,0.000593,0.0005909999999999999,0.0005909999999999999,0.000593,0.0005909999999999999,0.000593,0.000593,0.000592,0.000593,0.000593,0.000594,0.000594]},"efficiency":{"unit":"%","value":14.876400000000004},"fill_factor":{"unit":"%","value":81.67339005000346},"jsc":{"unit":"mA\/cm2","value":14.848749999999999},"isc":{"unit":"mA","value":0.59395},"voc":{"unit":"V","value":1.2266689419795223},"sweep_direction":{"unit":"","value":"Reverse"},"key":"reverse_1_CsPbI2Br+100uL Ch2I2_722042605_1.70 mg CuCl2"},{"V":{"unit":"V","value":[-0.05,-0.01,0.03,0.07,0.11,0.15,0.19,0.23,0.27,0.31,0.35,0.39,0.43,0.47,0.51,0.55,0.59,0.63,0.67,0.71,0.75,0.79,0.83,0.87,0.91,0.95,0.99,1.03,1.07,1.11,1.15,1.19,1.23]},"J":{"unit":"A\/cm2","value":[0.015,0.015075,0.014975,0.014975,0.014975,0.014924999999999999,0.014975,0.01495,0.014874999999999998,0.014924999999999999,0.014899999999999998,0.014799999999999999,0.01485,0.014799999999999999,0.014799999999999999,0.014825,0.0147,0.014725,0.014674999999999999,0.014624999999999997,0.014649999999999998,0.014549999999999999,0.01445,0.014399999999999998,0.014249999999999999,0.014000000000000002,0.013675000000000001,0.01285,0.01105,0.007199999999999999,-0.00025,-0.0118,-0.02705]},"I":{"unit":"A","value":[0.0006,0.000603,0.0005989999999999999,0.0005989999999999999,0.0005989999999999999,0.000597,0.0005989999999999999,0.000598,0.0005949999999999999,0.000597,0.000596,0.000592,0.000594,0.000592,0.000592,0.000593,0.000588,0.000589,0.000587,0.000585,0.0005859999999999999,0.0005819999999999999,0.000578,0.0005759999999999999,0.00057,0.0005600000000000001,0.0005470000000000001,0.000514,0.000442,0.00028799999999999995,-1.0e-5,-0.000472,-0.001082]},"efficiency":{"unit":"%","value":13.538250000000001},"fill_factor":{"unit":"%","value":78.31327651619931},"jsc":{"unit":"mA\/cm2","value":15.049999999999997},"isc":{"unit":"mA","value":0.6019999999999999},"voc":{"unit":"V","value":1.1486577181208053},"sweep_direction":{"unit":"","value":"Forward"},"key":"forward_3_CsPbI2Br+100uL Ch2I2_722042605_1.70 mg CuCl2"},{"V":{"unit":"V","value":[-0.05,-0.01,0.03,0.07,0.11,0.15,0.19,0.23,0.27,0.31,0.35,0.39,0.43,0.47,0.51,0.55,0.59,0.63,0.67,0.71,0.75,0.79,0.83,0.87,0.91,0.95,0.99,1.03,1.07,1.11,1.15,1.19,1.23,1.27]},"J":{"unit":"A\/cm2","value":[0.014549999999999999,0.014575,0.014549999999999999,0.014524999999999998,0.01445,0.014549999999999999,0.014474999999999998,0.01445,0.014474999999999998,0.01445,0.01445,0.014474999999999998,0.014399999999999998,0.014399999999999998,0.01445,0.014349999999999998,0.014374999999999999,0.014349999999999998,0.014274999999999998,0.014299999999999998,0.014249999999999999,0.014199999999999999,0.014174999999999998,0.014124999999999999,0.013975000000000001,0.013825,0.013475,0.012825,0.0114,0.008225,0.0017500000000000003,-0.00635,-0.017474999999999997,-0.024149999999999998]},"I":{"unit":"A","value":[0.0005819999999999999,0.000583,0.0005819999999999999,0.0005809999999999999,0.000578,0.0005819999999999999,0.000579,0.000578,0.000579,0.000578,0.000578,0.000579,0.0005759999999999999,0.0005759999999999999,0.000578,0.000574,0.000575,0.000574,0.000571,0.0005719999999999999,0.00057,0.0005679999999999999,0.0005669999999999999,0.000565,0.000559,0.000553,0.000539,0.000513,0.000456,0.00032900000000000003,7.000000000000001e-5,-0.000254,-0.000699,-0.000966]},"efficiency":{"unit":"%","value":13.340250000000001},"fill_factor":{"unit":"%","value":79.03007962677651},"jsc":{"unit":"mA\/cm2","value":14.568749999999996},"isc":{"unit":"mA","value":0.5827499999999999},"voc":{"unit":"V","value":1.1586419753086419},"sweep_direction":{"unit":"","value":"Forward"},"key":"forward_2_CsPbI2Br+100uL Ch2I2_722042605_1.70 mg CuCl2"},{"V":{"unit":"V","value":[-0.05,-0.01,0.03,0.07,0.11,0.15,0.19,0.23,0.27,0.31,0.35,0.39,0.43,0.47,0.51,0.55,0.59,0.63,0.67,0.71,0.75,0.79,0.83,0.87,0.91,0.95,0.99,1.03,1.07,1.11,1.15,1.19,1.23,1.27]},"J":{"unit":"A\/cm2","value":[0.01485,0.01485,0.014825,0.014825,0.01485,0.014774999999999998,0.014799999999999999,0.014825,0.014774999999999998,0.014825,0.014774999999999998,0.014749999999999997,0.014799999999999999,0.014725,0.014725,0.014725,0.0147,0.014649999999999998,0.014674999999999999,0.0146,0.014575,0.0146,0.014499999999999999,0.014474999999999998,0.014374999999999999,0.014224999999999998,0.01405,0.013600000000000001,0.012675,0.010674999999999999,0.006475,-0.0012,-0.0127,-0.02755]},"I":{"unit":"A","value":[0.000594,0.000594,0.000593,0.000593,0.000594,0.0005909999999999999,0.000592,0.000593,0.0005909999999999999,0.000593,0.0005909999999999999,0.0005899999999999999,0.000592,0.000589,0.000589,0.000589,0.000588,0.0005859999999999999,0.000587,0.000584,0.000583,0.000584,0.00058,0.000579,0.000575,0.000569,0.0005620000000000001,0.000544,0.000507,0.00042699999999999997,0.000259,-4.8e-5,-0.000508,-0.0011020000000000001]},"efficiency":{"unit":"%","value":14.008000000000001},"fill_factor":{"unit":"%","value":79.72123236188212},"jsc":{"unit":"mA\/cm2","value":14.84375},"isc":{"unit":"mA","value":0.59375},"voc":{"unit":"V","value":1.1837459283387624},"sweep_direction":{"unit":"","value":"Forward"},"key":"forward_1_CsPbI2Br+100uL Ch2I2_722042605_1.70 mg CuCl2"}]}}