{"_id":"65294ac813121a382d6881fb","id":"CAU-SC-00100","author":63,"group":7,"input":[{"tco":{"unit":"","value":"ITO"}},{"htl":[{"material":{"unit":"","value":"PEDOT:PSS"},"concentration":{"unit":"","value":"None"},"conc_unit":{"unit":"","value":"mg\/ml"},"quantity":{"unit":"ml","value":"Material"}}],"spin_coating":[{"type":{"unit":"","value":"drop&run"},"rpm":{"unit":"","value":"5000"},"time":{"unit":"s","value":"30"}}],"annealing":[{"temperature":{"unit":"oC","value":"150"},"time":{"unit":"m","value":"20"}}]},{"perovskite":{"method":{"unit":"","value":"1step"},"molarity":{"unit":"M","value":"1"},"a_site":[{"material":{"unit":"","value":"FA"},"ratio":{"unit":"","value":"75"}},{"material":{"unit":"","value":"MA"},"ratio":{"unit":"","value":"25"}}],"b_site":[{"material":{"unit":"","value":"Sn"},"ratio":{"unit":"","value":"100"}}],"x_site":[{"material":{"unit":"","value":"I"},"ratio":{"unit":"","value":"100"}}],"solvent":[{"material":{"unit":"","value":"DMSO"},"volume":{"unit":"ml","value":"1"}}],"additive":[{"material":{"unit":"","value":"SnF2"},"solvent":{"unit":"","value":"none"},"concentration":{"unit":"","value":"15.6"},"conc_unit":{"unit":"","value":"mg\/ml"},"quantity":{"unit":"mol%","value":"10"}},{"material":{"unit":"","value":"Sn"},"solvent":{"unit":"","value":null},"concentration":{"unit":"","value":"8.3"},"conc_unit":{"unit":"","value":"mg\/ml"},"quantity":{"unit":"mol%","value":"7"}}],"stirring_time":[{"unit":"m","value":"180"}],"antisolvent":[{"material":{"unit":"","value":"CB"},"quantity":{"unit":"ul","value":"300"},"dripping_time":{"unit":"s","value":"60"}}],"spin_coating":[{"type":{"unit":"","value":"drop&run"},"rpm":{"unit":"","value":"1000"},"time":{"unit":"s","value":"10"}},{"type":{"unit":"","value":"drop&run"},"rpm":{"unit":"","value":"5000"},"time":{"unit":"s","value":"80"}}],"annealing":[{"temperature":{"unit":"oC","value":"100"},"time":{"unit":"m","value":"10"}}],"atmosphere":[{"type":{"unit":"","value":"N2"},"temperature":{"unit":"oC","value":"25"},"humidity":{"unit":"RH%","value":"0"}}]}},{"etl":[{"material":{"unit":"","value":"PC61BM"},"concentration":{"unit":"","value":"20"},"conc_unit":{"unit":"","value":"mg\/ml"},"quantity":{"unit":"ml","value":"0.05"}}],"solvent":[{"material":{"unit":"","value":"CB"},"volume":{"unit":"ml","value":"1"}}],"spin_coating":[{"type":{"unit":"","value":"drop&run"},"rpm":{"unit":"","value":"400"},"time":{"unit":"s","value":"2"}},{"type":{"unit":"","value":"drop&run"},"rpm":{"unit":"","value":"1500"},"time":{"unit":"s","value":"30"}}],"annealing":[{"temperature":{"unit":"oC","value":"80"},"time":{"unit":"m","value":"10"}}]},{"anode_metal":{"unit":"","value":"Ag"}},{"note":{"unit":"","value":"FAMASnI3-CB50 100oc 10min"},"ar":{"unit":"","value":"0"},"type":{"unit":"","value":"unit_cell"},"device_type":{"unit":"","value":"p-i-n"},"temperature":{"unit":"\u2103","value":"25"},"humidity":{"unit":"%","value":"25"},"cell_dimension":{"unit":"cm2","value":"0.04"}}],"fileinfo":[{"key":"323042212","uploadType":"JV","original_name":"323042212.xlsx","save_name":"CAU-SC-00100\/323042212","uploader":63,"fileType":"group"}],"updated_at":"2024-06-03 08:38:34","created_at":"2023-10-13 13:48:56","jvcnt":2,"analysisInfo":{"JV":[{"efficiency":1.4075,"fill_factor":43.321731757799,"jsc":18.875,"voc":0.17212962962962963,"key":"reverse_1_323042212","cell_dimension":null},{"efficiency":5.008,"fill_factor":59.07219640989594,"jsc":19.975,"voc":0.42441860465116277,"key":"forward_1_323042212","cell_dimension":null}]},"public":2,"analysis":{"JV":[{"V":{"unit":"V","value":[0.6,0.58,0.56,0.54,0.52,0.5,0.48,0.46,0.44,0.42,0.4,0.38,0.36,0.34,0.32,0.3,0.28,0.26,0.24,0.22,0.2,0.18,0.16,0.14,0.12,0.1,0.08,0.06,0.04,0.02,0,-0.02,-0.04]},"J":{"unit":"A\/cm2","value":[-0.19722499999999998,-0.20964999999999998,-0.20402499999999998,-0.19457500000000003,-0.182825,-0.1692,-0.154625,-0.13954999999999998,-0.12459999999999999,-0.11022499999999999,-0.096675,-0.084375,-0.073525,-0.0638,-0.0562,-0.047625,-0.039125,-0.03075,-0.022725000000000002,-0.015125,-0.008275000000000001,-0.002125,0.0032749999999999997,0.007825,0.011275,0.014074999999999997,0.016024999999999998,0.017299999999999996,0.018099999999999998,0.01855,0.018875,0.019074999999999998,0.01925]},"I":{"unit":"A","value":[-0.007889,-0.008386,-0.008161,-0.007783,-0.007313,-0.006768,-0.0061849999999999995,-0.005582,-0.004984,-0.004409,-0.0038669999999999998,-0.003375,-0.002941,-0.002552,-0.0022480000000000004,-0.001905,-0.001565,-0.00123,-0.000909,-0.000605,-0.000331,-8.5e-5,0.000131,0.000313,0.000451,0.0005629999999999999,0.000641,0.0006919999999999999,0.0007239999999999999,0.000742,0.000755,0.000763,0.0007700000000000001]},"efficiency":{"unit":"%","value":1.4075},"fill_factor":{"unit":"%","value":43.321731757799},"jsc":{"unit":"mA\/cm2","value":18.875},"isc":{"unit":"mA","value":0.755},"voc":{"unit":"V","value":0.17212962962962963},"sweep_direction":{"unit":"","value":"Reverse"},"key":"reverse_1_323042212"},{"V":{"unit":"V","value":[-0.04,-0.02,0,0.02,0.04,0.06,0.08,0.1,0.12,0.14,0.16,0.18,0.2,0.22,0.24,0.26,0.28,0.3,0.32,0.34,0.36,0.38,0.4,0.42,0.44,0.46,0.48,0.5,0.52,0.54,0.56,0.58,0.6]},"J":{"unit":"A\/cm2","value":[0.0202,0.020075,0.019975,0.01995,0.0199,0.019775,0.01975,0.01965,0.01955,0.0195,0.019325,0.019175,0.019,0.018725,0.018349999999999998,0.018,0.017375,0.016675000000000002,0.01565,0.014199999999999999,0.012299999999999998,0.009699999999999999,0.006149999999999999,0.001425,-0.005025,-0.0137,-0.025024999999999995,-0.039674999999999995,-0.05835,-0.08165,-0.10965000000000001,-0.14275,-0.18089999999999998]},"I":{"unit":"A","value":[0.000808,0.000803,0.000799,0.000798,0.000796,0.000791,0.00079,0.000786,0.000782,0.00078,0.000773,0.000767,0.00076,0.000749,0.000734,0.0007199999999999999,0.000695,0.0006670000000000001,0.000626,0.0005679999999999999,0.000492,0.000388,0.000246,5.7e-5,-0.000201,-0.0005480000000000001,-0.001001,-0.0015869999999999999,-0.002334,-0.003266,-0.004386,-0.00571,-0.007235999999999999]},"efficiency":{"unit":"%","value":5.008},"fill_factor":{"unit":"%","value":59.07219640989594},"jsc":{"unit":"mA\/cm2","value":19.975},"isc":{"unit":"mA","value":0.799},"voc":{"unit":"V","value":0.42441860465116277},"sweep_direction":{"unit":"","value":"Forward"},"key":"forward_1_323042212"}]}}