{"_id":"652d2a187f354217dd3f80ca","id":"CAU-SC-00217","author":70,"group":7,"input":[{"tco":{"unit":"","value":"ITO"}},[],{"etl":[{"material":{"unit":"","value":"SnO2"},"concentration":{"unit":"","value":"1.5"},"conc_unit":{"unit":"","value":"wt%"},"quantity":{"unit":"ml","value":"0.3"}}],"solvent":[{"material":{"unit":"","value":"DI Water"},"volume":{"unit":"ml","value":"2.7"}}],"spin_coating":[{"type":{"unit":"","value":"drop&run"},"rpm":{"unit":"","value":"1000"},"time":{"unit":"s","value":"0.5"}},{"type":{"unit":"","value":"drop&run"},"rpm":{"unit":"","value":"3000"},"time":{"unit":"s","value":"30"}}],"annealing":[{"temperature":{"unit":"oC","value":"170"},"time":{"unit":"m","value":"30"}}]},{"etl":[{"material":{"unit":"","value":"ZnO"},"concentration":{"unit":"","value":"109.75"},"conc_unit":{"unit":"","value":"mg\/ml"},"quantity":{"unit":"ml","value":"1"}}],"solvent":[{"material":{"unit":"","value":"2-ME"},"volume":{"unit":"ml","value":"2"}},{"material":{"unit":"","value":"Ethanolamine"},"volume":{"unit":"ml","value":"0.067"}}],"spin_coating":[{"type":{"unit":"","value":"drop&run"},"rpm":{"unit":"","value":"5000"},"time":{"unit":"s","value":"30"}}],"annealing":[{"temperature":{"unit":"oC","value":"170"},"time":{"unit":"m","value":"30"}}]},[],[],{"perovskite":{"method":{"unit":"","value":"1step"},"molarity":{"unit":"M","value":"1.2"},"a_site":[{"material":{"unit":"","value":"Cs"},"ratio":{"unit":"","value":"100"}}],"b_site":[{"material":{"unit":"","value":"Pb"},"ratio":{"unit":"","value":"100"}}],"x_site":[{"material":{"unit":"","value":"I"},"ratio":{"unit":"","value":"67"}},{"material":{"unit":"","value":"Br"},"ratio":{"unit":"","value":"33"}}],"solvent":[{"material":{"unit":"","value":"DMSO"},"volume":{"unit":"ml","value":"0.7"}},{"material":{"unit":"","value":"DMF"},"volume":{"unit":"ml","value":"0.3"}}],"stirring_time":[{"unit":"m","value":"960"}],"spin_coating":[{"type":{"unit":"","value":"drop&run"},"rpm":{"unit":"","value":"3000"},"time":{"unit":"s","value":"40"}}],"annealing":[{"temperature":{"unit":"oC","value":"235"},"time":{"unit":"m","value":"10"}}],"atmosphere":[{"type":{"unit":"","value":"air"},"temperature":{"unit":"oC","value":"18.6"},"humidity":{"unit":"RH%","value":"35"}}],"assist":[{"type":{"unit":"","value":"hot air assist"},"temperature":{"unit":"oC","value":"230"},"assist_start_time":{"value":8,"unit":"s"},"total_assist_time":{"value":"0.233","unit":"s"}}],"additive":[{"material":{"unit":"","value":"CH2I2"},"solvent":{"unit":"","value":null},"concentration":{"unit":"","value":"100 uL"},"conc_unit":{"unit":"","value":null},"quantity":{"unit":"mol%","value":null}},{"material":{"unit":"","value":"TMACl"},"solvent":{"unit":"","value":null},"concentration":{"unit":"","value":"0.5 mg\/ml"},"conc_unit":{"unit":"","value":null},"quantity":{"unit":"mol%","value":null}}]}},{"htl":[{"material":{"unit":"","value":"P3HT"},"concentration":{"unit":"","value":"10"},"conc_unit":{"unit":"","value":"mg\/ml"},"quantity":{"unit":"ml","value":"1"}}],"solvent":[{"material":{"unit":"","value":"CB"},"volume":{"unit":"ml","value":"1"}}],"spin_coating":[{"type":{"unit":"","value":"dynamic"},"rpm":{"unit":"","value":"3000"},"time":{"unit":"s","value":"30"}}],"annealing":[{"temperature":{"unit":"oC","value":"100"},"time":{"unit":"m","value":"5"}}]},[],{"anode_metal":{"unit":"","value":"Au"}},{"note":{"unit":"","value":"CsPbI2Br+100uL CH2I2_721112605_0.5 mg TMACl"},"ar":{"unit":"","value":"0"},"type":{"unit":"","value":"unit_cell"},"device_type":{"unit":"","value":"n-i-p"},"temperature":{"unit":"\u2103","value":"21"},"humidity":{"unit":"%","value":"35"},"cell_dimension":{"unit":"cm2","value":"0.04"}}],"fileinfo":[{"key":"CsPbI2Br+100uL CH2I2_721112605_0.5 mg TMACl","uploadType":"JV","original_name":"CsPbI2Br+100uL CH2I2_721112605_0.5 mg TMACl.xlsx","save_name":"CAU-SC-00217\/CsPbI2Br+100uL CH2I2_721112605_0.5 mg TMACl","uploader":70,"fileType":"group"}],"updated_at":"2024-06-03 08:38:34","created_at":"2023-10-16 12:18:32","jvcnt":14,"analysisInfo":{"JV":[{"efficiency":14.147150000000002,"fill_factor":77.4861782564945,"jsc":15.278750000000002,"voc":1.194969696969697,"key":"reverse_7_CsPbI2Br+100uL CH2I2_721112605_0.5 mg TMACl","cell_dimension":null},{"efficiency":14.713999999999999,"fill_factor":77.53065511579754,"jsc":15.818124999999998,"voc":1.1997818696883855,"key":"reverse_6_CsPbI2Br+100uL CH2I2_721112605_0.5 mg TMACl","cell_dimension":null},{"efficiency":10.4715,"fill_factor":58.75344086274845,"jsc":15.315624999999999,"voc":1.1636995515695066,"key":"reverse_5_CsPbI2Br+100uL CH2I2_721112605_0.5 mg TMACl","cell_dimension":null},{"efficiency":14.978924999999998,"fill_factor":78.88908444116275,"jsc":15.799999999999997,"voc":1.201729281767956,"key":"reverse_4_CsPbI2Br+100uL CH2I2_721112605_0.5 mg TMACl","cell_dimension":null},{"efficiency":14.082824999999998,"fill_factor":78.57861981956187,"jsc":14.955625,"voc":1.1983421052631582,"key":"reverse_3_CsPbI2Br+100uL CH2I2_721112605_0.5 mg TMACl","cell_dimension":null},{"efficiency":14.492500000000001,"fill_factor":78.7383393368431,"jsc":15.299999999999999,"voc":1.2029999999999998,"key":"reverse_2_CsPbI2Br+100uL CH2I2_721112605_0.5 mg TMACl","cell_dimension":null},{"efficiency":13.293574999999999,"fill_factor":70.63725252950661,"jsc":15.705624999999998,"voc":1.1982647058823528,"key":"reverse_1_CsPbI2Br+100uL CH2I2_721112605_0.5 mg TMACl","cell_dimension":null},{"efficiency":12.397499999999999,"fill_factor":70.56179691479291,"jsc":15.44375,"voc":1.1376579925650558,"key":"forward_7_CsPbI2Br+100uL CH2I2_721112605_0.5 mg TMACl","cell_dimension":null},{"efficiency":13.038750000000002,"fill_factor":72.43533547608638,"jsc":15.825,"voc":1.1374747474747473,"key":"forward_6_CsPbI2Br+100uL CH2I2_721112605_0.5 mg TMACl","cell_dimension":null},{"efficiency":11.8755,"fill_factor":67.32353388380201,"jsc":15.44375,"voc":1.1421739130434783,"key":"forward_5_CsPbI2Br+100uL CH2I2_721112605_0.5 mg TMACl","cell_dimension":null},{"efficiency":13.2525,"fill_factor":72.8189493433396,"jsc":15.8875,"voc":1.1455072463768114,"key":"forward_4_CsPbI2Br+100uL CH2I2_721112605_0.5 mg TMACl","cell_dimension":null},{"efficiency":12.23125,"fill_factor":70.57630045208953,"jsc":15.074999999999996,"voc":1.1496208530805687,"key":"forward_3_CsPbI2Br+100uL CH2I2_721112605_0.5 mg TMACl","cell_dimension":null},{"efficiency":12.825,"fill_factor":72.19563573209335,"jsc":15.387499999999998,"voc":1.1544585987261147,"key":"forward_2_CsPbI2Br+100uL CH2I2_721112605_0.5 mg TMACl","cell_dimension":null},{"efficiency":12.8725,"fill_factor":70.92856404899385,"jsc":15.7625,"voc":1.1513745704467353,"key":"forward_1_CsPbI2Br+100uL CH2I2_721112605_0.5 mg TMACl","cell_dimension":null}]},"public":2,"analysis":{"JV":[{"V":{"unit":"V","value":[1.246,1.206,1.166,1.126,1.086,1.046,1.006,0.966,0.926,0.886,0.846,0.806,0.766,0.726,0.686,0.646,0.606,0.566,0.526,0.486,0.446,0.406,0.366,0.326,0.286,0.246,0.206,0.166,0.126,0.086,0.046,0.006,-0.034]},"J":{"unit":"A\/cm2","value":[-0.01525,-0.002275,0.005974999999999999,0.010399999999999998,0.012525,0.013525,0.014025000000000001,0.014299999999999998,0.014474999999999998,0.014649999999999998,0.014649999999999998,0.014749999999999997,0.014799999999999999,0.014799999999999999,0.014874999999999998,0.014874999999999998,0.01495,0.01495,0.014975,0.015,0.015075,0.015075,0.015075,0.015149999999999999,0.015149999999999999,0.0152,0.015224999999999999,0.015224999999999999,0.015224999999999999,0.01525,0.01525,0.015274999999999999,0.0153]},"I":{"unit":"A","value":[-0.00061,-9.1e-5,0.00023899999999999998,0.000416,0.000501,0.000541,0.0005610000000000001,0.0005719999999999999,0.000579,0.0005859999999999999,0.0005859999999999999,0.0005899999999999999,0.000592,0.000592,0.0005949999999999999,0.0005949999999999999,0.000598,0.000598,0.0005989999999999999,0.0006,0.000603,0.000603,0.000603,0.000606,0.000606,0.000608,0.000609,0.000609,0.000609,0.00061,0.00061,0.000611,0.000612]},"efficiency":{"unit":"%","value":14.147150000000002},"fill_factor":{"unit":"%","value":77.4861782564945},"jsc":{"unit":"mA\/cm2","value":15.278750000000002},"isc":{"unit":"mA","value":0.6111500000000001},"voc":{"unit":"V","value":1.194969696969697},"sweep_direction":{"unit":"","value":"Reverse"},"key":"reverse_7_CsPbI2Br+100uL CH2I2_721112605_0.5 mg TMACl"},{"V":{"unit":"V","value":[1.251,1.211,1.171,1.131,1.091,1.051,1.011,0.971,0.931,0.891,0.851,0.811,0.771,0.731,0.691,0.651,0.611,0.571,0.531,0.491,0.451,0.411,0.371,0.331,0.291,0.251,0.211,0.171,0.131,0.091,0.051,0.011,-0.029]},"J":{"unit":"A\/cm2","value":[-0.016575,-0.002475,0.00635,0.010924999999999999,0.013025,0.014000000000000002,0.01445,0.014749999999999997,0.01485,0.015024999999999998,0.015075,0.0152,0.0152,0.015224999999999999,0.015325,0.015325,0.015375,0.0154,0.015449999999999998,0.015425,0.0155,0.015525,0.01555,0.015574999999999999,0.015625,0.015625,0.01565,0.0157,0.015725,0.015775,0.015725,0.015825,0.0158]},"I":{"unit":"A","value":[-0.0006630000000000001,-9.900000000000001e-5,0.000254,0.000437,0.000521,0.0005600000000000001,0.000578,0.0005899999999999999,0.000594,0.000601,0.000603,0.000608,0.000608,0.000609,0.0006129999999999999,0.0006129999999999999,0.000615,0.000616,0.000618,0.000617,0.00062,0.000621,0.000622,0.000623,0.000625,0.000625,0.000626,0.000628,0.000629,0.000631,0.000629,0.000633,0.000632]},"efficiency":{"unit":"%","value":14.713999999999999},"fill_factor":{"unit":"%","value":77.53065511579754},"jsc":{"unit":"mA\/cm2","value":15.818124999999998},"isc":{"unit":"mA","value":0.632725},"voc":{"unit":"V","value":1.1997818696883855},"sweep_direction":{"unit":"","value":"Reverse"},"key":"reverse_6_CsPbI2Br+100uL CH2I2_721112605_0.5 mg TMACl"},{"V":{"unit":"V","value":[1.215,1.175,1.135,1.095,1.055,1.015,0.975,0.935,0.895,0.855,0.815,0.775,0.735,0.695,0.655,0.615,0.575,0.535,0.495,0.455,0.415,0.375,0.335,0.295,0.255,0.215,0.175,0.135,0.095,0.055,0.015,-0.025]},"J":{"unit":"A\/cm2","value":[-0.010924999999999999,-0.001575,0.004,0.006975,0.008649999999999998,0.00975,0.010549999999999999,0.011175000000000001,0.0117,0.012199999999999999,0.012575,0.012925,0.01325,0.013525,0.013800000000000002,0.014000000000000002,0.014224999999999998,0.014349999999999998,0.014499999999999999,0.014649999999999998,0.014774999999999998,0.01485,0.01495,0.015,0.015099999999999999,0.015099999999999999,0.0152,0.015224999999999999,0.0152,0.01525,0.015325,0.0153]},"I":{"unit":"A","value":[-0.000437,-6.3e-5,0.00016,0.000279,0.00034599999999999995,0.00039,0.000422,0.000447,0.00046800000000000005,0.000488,0.000503,0.000517,0.00053,0.000541,0.0005520000000000001,0.0005600000000000001,0.000569,0.000574,0.00058,0.0005859999999999999,0.0005909999999999999,0.000594,0.000598,0.0006,0.0006039999999999999,0.0006039999999999999,0.000608,0.000609,0.000608,0.00061,0.0006129999999999999,0.000612]},"efficiency":{"unit":"%","value":10.4715},"fill_factor":{"unit":"%","value":58.75344086274845},"jsc":{"unit":"mA\/cm2","value":15.315624999999999},"isc":{"unit":"mA","value":0.612625},"voc":{"unit":"V","value":1.1636995515695066},"sweep_direction":{"unit":"","value":"Reverse"},"key":"reverse_5_CsPbI2Br+100uL CH2I2_721112605_0.5 mg TMACl"},{"V":{"unit":"V","value":[1.253,1.213,1.173,1.133,1.093,1.053,1.013,0.973,0.933,0.893,0.853,0.813,0.773,0.733,0.693,0.653,0.613,0.573,0.533,0.493,0.453,0.413,0.373,0.333,0.293,0.253,0.213,0.173,0.133,0.093,0.053,0.013,-0.027]},"J":{"unit":"A\/cm2","value":[-0.01685,-0.0025499999999999997,0.0065,0.0112,0.013349999999999999,0.014224999999999998,0.0147,0.01485,0.015075,0.015099999999999999,0.0152,0.01525,0.01525,0.015349999999999999,0.015325,0.015425,0.015375,0.015425,0.015475,0.015525,0.015525,0.01555,0.0156,0.0156,0.015674999999999998,0.01565,0.0157,0.015674999999999998,0.015725,0.015725,0.015775,0.0158,0.0158]},"I":{"unit":"A","value":[-0.000674,-0.000102,0.00026000000000000003,0.000448,0.0005340000000000001,0.000569,0.000588,0.000594,0.000603,0.0006039999999999999,0.000608,0.00061,0.00061,0.000614,0.0006129999999999999,0.000617,0.000615,0.000617,0.000619,0.000621,0.000621,0.000622,0.000624,0.000624,0.000627,0.000626,0.000628,0.000627,0.000629,0.000629,0.000631,0.000632,0.000632]},"efficiency":{"unit":"%","value":14.978924999999998},"fill_factor":{"unit":"%","value":78.88908444116275},"jsc":{"unit":"mA\/cm2","value":15.799999999999997},"isc":{"unit":"mA","value":0.6319999999999999},"voc":{"unit":"V","value":1.201729281767956},"sweep_direction":{"unit":"","value":"Reverse"},"key":"reverse_4_CsPbI2Br+100uL CH2I2_721112605_0.5 mg TMACl"},{"V":{"unit":"V","value":[1.249,1.209,1.169,1.129,1.089,1.049,1.009,0.969,0.929,0.889,0.849,0.809,0.769,0.729,0.689,0.649,0.609,0.569,0.529,0.489,0.449,0.409,0.369,0.329,0.289,0.249,0.209,0.169,0.129,0.089,0.049,0.009,-0.031]},"J":{"unit":"A\/cm2","value":[-0.012675,-0.002025,0.005575,0.010125,0.01235,0.013425000000000001,0.013875000000000002,0.014124999999999999,0.014299999999999998,0.014374999999999999,0.014424999999999999,0.014474999999999998,0.014499999999999999,0.014524999999999998,0.014575,0.014624999999999997,0.014649999999999998,0.014674999999999999,0.0147,0.0147,0.014749999999999997,0.014774999999999998,0.014774999999999998,0.014799999999999999,0.014799999999999999,0.014874999999999998,0.014825,0.014899999999999998,0.014874999999999998,0.014924999999999999,0.01495,0.01495,0.014975]},"I":{"unit":"A","value":[-0.000507,-8.1e-5,0.000223,0.00040500000000000003,0.000494,0.000537,0.000555,0.000565,0.0005719999999999999,0.000575,0.0005769999999999999,0.000579,0.00058,0.0005809999999999999,0.000583,0.000585,0.0005859999999999999,0.000587,0.000588,0.000588,0.0005899999999999999,0.0005909999999999999,0.0005909999999999999,0.000592,0.000592,0.0005949999999999999,0.000593,0.000596,0.0005949999999999999,0.000597,0.000598,0.000598,0.0005989999999999999]},"efficiency":{"unit":"%","value":14.082824999999998},"fill_factor":{"unit":"%","value":78.57861981956187},"jsc":{"unit":"mA\/cm2","value":14.955625},"isc":{"unit":"mA","value":0.598225},"voc":{"unit":"V","value":1.1983421052631582},"sweep_direction":{"unit":"","value":"Reverse"},"key":"reverse_3_CsPbI2Br+100uL CH2I2_721112605_0.5 mg TMACl"},{"V":{"unit":"V","value":[1.254,1.214,1.174,1.134,1.094,1.054,1.014,0.974,0.934,0.894,0.854,0.814,0.774,0.734,0.694,0.654,0.614,0.574,0.534,0.494,0.454,0.414,0.374,0.334,0.294,0.254,0.214,0.174,0.134,0.094,0.054,0.014,-0.026]},"J":{"unit":"A\/cm2","value":[-0.013625,-0.0021999999999999997,0.0058,0.01045,0.01275,0.01375,0.014224999999999998,0.014424999999999999,0.014575,0.014674999999999999,0.014725,0.014774999999999998,0.014799999999999999,0.01485,0.014874999999999998,0.014924999999999999,0.014924999999999999,0.015,0.015,0.01505,0.015075,0.01505,0.015125,0.015149999999999999,0.015175,0.015149999999999999,0.0152,0.0152,0.01525,0.01525,0.015274999999999999,0.0153,0.0153]},"I":{"unit":"A","value":[-0.000545,-8.8e-5,0.000232,0.00041799999999999997,0.00051,0.00055,0.000569,0.0005769999999999999,0.000583,0.000587,0.000589,0.0005909999999999999,0.000592,0.000594,0.0005949999999999999,0.000597,0.000597,0.0006,0.0006,0.000602,0.000603,0.000602,0.000605,0.000606,0.000607,0.000606,0.000608,0.000608,0.00061,0.00061,0.000611,0.000612,0.000612]},"efficiency":{"unit":"%","value":14.492500000000001},"fill_factor":{"unit":"%","value":78.7383393368431},"jsc":{"unit":"mA\/cm2","value":15.299999999999999},"isc":{"unit":"mA","value":0.612},"voc":{"unit":"V","value":1.2029999999999998},"sweep_direction":{"unit":"","value":"Reverse"},"key":"reverse_2_CsPbI2Br+100uL CH2I2_721112605_0.5 mg TMACl"},{"V":{"unit":"V","value":[1.249,1.209,1.169,1.129,1.089,1.049,1.009,0.969,0.929,0.889,0.849,0.809,0.769,0.729,0.689,0.649,0.609,0.569,0.529,0.489,0.449,0.409,0.369,0.329,0.289,0.249,0.209,0.169,0.129,0.089,0.049,0.009,-0.031]},"J":{"unit":"A\/cm2","value":[-0.011275,-0.001825,0.004975,0.009174999999999999,0.011425000000000001,0.012549999999999999,0.013175000000000001,0.013525,0.013800000000000002,0.01405,0.014249999999999999,0.014424999999999999,0.014575,0.0147,0.01485,0.01495,0.01505,0.015125,0.015224999999999999,0.01525,0.015325,0.015375,0.015425,0.015475,0.0155,0.015525,0.015574999999999999,0.015625,0.015625,0.01565,0.01565,0.0157,0.015725]},"I":{"unit":"A","value":[-0.000451,-7.3e-5,0.000199,0.000367,0.000457,0.000502,0.000527,0.000541,0.0005520000000000001,0.0005620000000000001,0.00057,0.0005769999999999999,0.000583,0.000588,0.000594,0.000598,0.000602,0.000605,0.000609,0.00061,0.0006129999999999999,0.000615,0.000617,0.000619,0.00062,0.000621,0.000623,0.000625,0.000625,0.000626,0.000626,0.000628,0.000629]},"efficiency":{"unit":"%","value":13.293574999999999},"fill_factor":{"unit":"%","value":70.63725252950661},"jsc":{"unit":"mA\/cm2","value":15.705624999999998},"isc":{"unit":"mA","value":0.6282249999999999},"voc":{"unit":"V","value":1.1982647058823528},"sweep_direction":{"unit":"","value":"Reverse"},"key":"reverse_1_CsPbI2Br+100uL CH2I2_721112605_0.5 mg TMACl"},{"V":{"unit":"V","value":[-0.05,-0.01,0.03,0.07,0.11,0.15,0.19,0.23,0.27,0.31,0.35,0.39,0.43,0.47,0.51,0.55,0.59,0.63,0.67,0.71,0.75,0.79,0.83,0.87,0.91,0.95,0.99,1.03,1.07,1.11,1.15,1.19,1.23]},"J":{"unit":"A\/cm2","value":[0.0155,0.015475,0.015349999999999999,0.0153,0.01525,0.015175,0.0152,0.015125,0.015075,0.015024999999999998,0.015024999999999998,0.01495,0.014924999999999999,0.01485,0.01485,0.014774999999999998,0.0147,0.014649999999999998,0.014524999999999998,0.014474999999999998,0.014349999999999998,0.014249999999999999,0.014025000000000001,0.013850000000000001,0.0135,0.01305,0.012299999999999998,0.011025,0.008725,0.00465,-0.002075,-0.011949999999999999,-0.024550000000000002]},"I":{"unit":"A","value":[0.00062,0.000619,0.000614,0.000612,0.00061,0.000607,0.000608,0.000605,0.000603,0.000601,0.000601,0.000598,0.000597,0.000594,0.000594,0.0005909999999999999,0.000588,0.0005859999999999999,0.0005809999999999999,0.000579,0.000574,0.00057,0.0005610000000000001,0.000554,0.00054,0.000522,0.000492,0.000441,0.00034899999999999997,0.000186,-8.3e-5,-0.00047799999999999996,-0.000982]},"efficiency":{"unit":"%","value":12.397499999999999},"fill_factor":{"unit":"%","value":70.56179691479291},"jsc":{"unit":"mA\/cm2","value":15.44375},"isc":{"unit":"mA","value":0.61775},"voc":{"unit":"V","value":1.1376579925650558},"sweep_direction":{"unit":"","value":"Forward"},"key":"forward_7_CsPbI2Br+100uL CH2I2_721112605_0.5 mg TMACl"},{"V":{"unit":"V","value":[-0.05,-0.01,0.03,0.07,0.11,0.15,0.19,0.23,0.27,0.31,0.35,0.39,0.43,0.47,0.51,0.55,0.59,0.63,0.67,0.71,0.75,0.79,0.83,0.87,0.91,0.95,0.99,1.03,1.07,1.11,1.15,1.19,1.23,1.27]},"J":{"unit":"A\/cm2","value":[0.0159,0.015825,0.015825,0.01575,0.015725,0.015674999999999998,0.015625,0.015625,0.01555,0.015574999999999999,0.015475,0.015475,0.0154,0.0154,0.015349999999999999,0.015274999999999999,0.015224999999999999,0.015175,0.015099999999999999,0.015,0.01495,0.014799999999999999,0.014649999999999998,0.014424999999999999,0.01415,0.013725000000000001,0.013025,0.011824999999999999,0.009474999999999999,0.0050999999999999995,-0.002325,-0.013200000000000002,-0.027075,-0.043]},"I":{"unit":"A","value":[0.0006360000000000001,0.000633,0.000633,0.00063,0.000629,0.000627,0.000625,0.000625,0.000622,0.000623,0.000619,0.000619,0.000616,0.000616,0.000614,0.000611,0.000609,0.000607,0.0006039999999999999,0.0006,0.000598,0.000592,0.0005859999999999999,0.0005769999999999999,0.000566,0.000549,0.000521,0.00047299999999999995,0.000379,0.000204,-9.3e-5,-0.000528,-0.001083,-0.00172]},"efficiency":{"unit":"%","value":13.038750000000002},"fill_factor":{"unit":"%","value":72.43533547608638},"jsc":{"unit":"mA\/cm2","value":15.825},"isc":{"unit":"mA","value":0.633},"voc":{"unit":"V","value":1.1374747474747473},"sweep_direction":{"unit":"","value":"Forward"},"key":"forward_6_CsPbI2Br+100uL CH2I2_721112605_0.5 mg TMACl"},{"V":{"unit":"V","value":[-0.05,-0.01,0.03,0.07,0.11,0.15,0.19,0.23,0.27,0.31,0.35,0.39,0.43,0.47,0.51,0.55,0.59,0.63,0.67,0.71,0.75,0.79,0.83,0.87,0.91,0.95,0.99,1.03,1.07,1.11,1.15,1.19,1.23]},"J":{"unit":"A\/cm2","value":[0.01555,0.015475,0.015349999999999999,0.015274999999999999,0.01525,0.0152,0.015175,0.015149999999999999,0.01505,0.015024999999999998,0.01495,0.014874999999999998,0.01485,0.014774999999999998,0.0147,0.014575,0.014524999999999998,0.01445,0.014325,0.014224999999999998,0.014074999999999997,0.013900000000000001,0.01375,0.013450000000000002,0.01305,0.0125,0.011675000000000001,0.010399999999999998,0.008225,0.004625,-0.001125,-0.00945,-0.020375]},"I":{"unit":"A","value":[0.000622,0.000619,0.000614,0.000611,0.00061,0.000608,0.000607,0.000606,0.000602,0.000601,0.000598,0.0005949999999999999,0.000594,0.0005909999999999999,0.000588,0.000583,0.0005809999999999999,0.000578,0.0005729999999999999,0.000569,0.0005629999999999999,0.0005560000000000001,0.00055,0.0005380000000000001,0.000522,0.0005,0.000467,0.000416,0.00032900000000000003,0.000185,-4.4999999999999996e-5,-0.000378,-0.000815]},"efficiency":{"unit":"%","value":11.8755},"fill_factor":{"unit":"%","value":67.32353388380201},"jsc":{"unit":"mA\/cm2","value":15.44375},"isc":{"unit":"mA","value":0.61775},"voc":{"unit":"V","value":1.1421739130434783},"sweep_direction":{"unit":"","value":"Forward"},"key":"forward_5_CsPbI2Br+100uL CH2I2_721112605_0.5 mg TMACl"},{"V":{"unit":"V","value":[-0.05,-0.01,0.03,0.07,0.11,0.15,0.19,0.23,0.27,0.31,0.35,0.39,0.43,0.47,0.51,0.55,0.59,0.63,0.67,0.71,0.75,0.79,0.83,0.87,0.91,0.95,0.99,1.03,1.07,1.11,1.15,1.19,1.23,1.27]},"J":{"unit":"A\/cm2","value":[0.015925,0.0159,0.01585,0.015775,0.01575,0.015674999999999998,0.015674999999999998,0.015625,0.015625,0.01555,0.01555,0.015475,0.015449999999999998,0.015425,0.015325,0.015375,0.015274999999999999,0.01525,0.015175,0.015125,0.015,0.014899999999999998,0.014799999999999999,0.014575,0.014374999999999999,0.01395,0.013375,0.01225,0.010150000000000001,0.006125,-0.000775,-0.011175000000000001,-0.024675,-0.0402]},"I":{"unit":"A","value":[0.000637,0.0006360000000000001,0.000634,0.000631,0.00063,0.000627,0.000627,0.000625,0.000625,0.000622,0.000622,0.000619,0.000618,0.000617,0.0006129999999999999,0.000615,0.000611,0.00061,0.000607,0.000605,0.0006,0.000596,0.000592,0.000583,0.000575,0.000558,0.000535,0.00049,0.000406,0.000245,-3.1e-5,-0.000447,-0.000987,-0.001608]},"efficiency":{"unit":"%","value":13.2525},"fill_factor":{"unit":"%","value":72.8189493433396},"jsc":{"unit":"mA\/cm2","value":15.8875},"isc":{"unit":"mA","value":0.6355},"voc":{"unit":"V","value":1.1455072463768114},"sweep_direction":{"unit":"","value":"Forward"},"key":"forward_4_CsPbI2Br+100uL CH2I2_721112605_0.5 mg TMACl"},{"V":{"unit":"V","value":[-0.05,-0.01,0.03,0.07,0.11,0.15,0.19,0.23,0.27,0.31,0.35,0.39,0.43,0.47,0.51,0.55,0.59,0.63,0.67,0.71,0.75,0.79,0.83,0.87,0.91,0.95,0.99,1.03,1.07,1.11,1.15,1.19,1.23,1.27]},"J":{"unit":"A\/cm2","value":[0.0152,0.015099999999999999,0.015,0.014975,0.014874999999999998,0.014874999999999998,0.014825,0.014799999999999999,0.014749999999999997,0.014749999999999997,0.014674999999999999,0.014649999999999998,0.014624999999999997,0.014549999999999999,0.014549999999999999,0.014474999999999998,0.01445,0.014374999999999999,0.014299999999999998,0.014224999999999998,0.01415,0.014000000000000002,0.013850000000000001,0.01365,0.013349999999999999,0.012875,0.01215,0.0109,0.00875,0.005225,-5.0e-5,-0.00735,-0.016550000000000002,-0.027100000000000003]},"I":{"unit":"A","value":[0.000608,0.0006039999999999999,0.0006,0.0005989999999999999,0.0005949999999999999,0.0005949999999999999,0.000593,0.000592,0.0005899999999999999,0.0005899999999999999,0.000587,0.0005859999999999999,0.000585,0.0005819999999999999,0.0005819999999999999,0.000579,0.000578,0.000575,0.0005719999999999999,0.000569,0.000566,0.0005600000000000001,0.000554,0.000546,0.0005340000000000001,0.000515,0.000486,0.00043599999999999997,0.00035,0.00020899999999999998,-2.0e-6,-0.000294,-0.000662,-0.0010840000000000001]},"efficiency":{"unit":"%","value":12.23125},"fill_factor":{"unit":"%","value":70.57630045208953},"jsc":{"unit":"mA\/cm2","value":15.074999999999996},"isc":{"unit":"mA","value":0.6029999999999999},"voc":{"unit":"V","value":1.1496208530805687},"sweep_direction":{"unit":"","value":"Forward"},"key":"forward_3_CsPbI2Br+100uL CH2I2_721112605_0.5 mg TMACl"},{"V":{"unit":"V","value":[-0.05,-0.01,0.03,0.07,0.11,0.15,0.19,0.23,0.27,0.31,0.35,0.39,0.43,0.47,0.51,0.55,0.59,0.63,0.67,0.71,0.75,0.79,0.83,0.87,0.91,0.95,0.99,1.03,1.07,1.11,1.15,1.19,1.23,1.27]},"J":{"unit":"A\/cm2","value":[0.015475,0.0154,0.015349999999999999,0.0153,0.01525,0.01525,0.0152,0.015149999999999999,0.015149999999999999,0.015075,0.015075,0.015,0.015,0.014975,0.014899999999999998,0.014899999999999998,0.014825,0.014799999999999999,0.014674999999999999,0.014649999999999998,0.014549999999999999,0.01445,0.014325,0.01415,0.013925,0.0135,0.0129,0.011749999999999998,0.009775,0.006325,0.0008750000000000001,-0.006975,-0.017075,-0.028775]},"I":{"unit":"A","value":[0.000619,0.000616,0.000614,0.000612,0.00061,0.00061,0.000608,0.000606,0.000606,0.000603,0.000603,0.0006,0.0006,0.0005989999999999999,0.000596,0.000596,0.000593,0.000592,0.000587,0.0005859999999999999,0.0005819999999999999,0.000578,0.0005729999999999999,0.000566,0.0005570000000000001,0.00054,0.000516,0.00047,0.000391,0.000253,3.5000000000000004e-5,-0.000279,-0.000683,-0.0011510000000000001]},"efficiency":{"unit":"%","value":12.825},"fill_factor":{"unit":"%","value":72.19563573209335},"jsc":{"unit":"mA\/cm2","value":15.387499999999998},"isc":{"unit":"mA","value":0.6154999999999999},"voc":{"unit":"V","value":1.1544585987261147},"sweep_direction":{"unit":"","value":"Forward"},"key":"forward_2_CsPbI2Br+100uL CH2I2_721112605_0.5 mg TMACl"},{"V":{"unit":"V","value":[-0.05,-0.01,0.03,0.07,0.11,0.15,0.19,0.23,0.27,0.31,0.35,0.39,0.43,0.47,0.51,0.55,0.59,0.63,0.67,0.71,0.75,0.79,0.83,0.87,0.91,0.95,0.99,1.03,1.07,1.11,1.15,1.19,1.23,1.27]},"J":{"unit":"A\/cm2","value":[0.015825,0.015775,0.015725,0.01565,0.01565,0.015625,0.01555,0.01555,0.0155,0.0155,0.0154,0.015425,0.015325,0.0153,0.015274999999999999,0.0152,0.015149999999999999,0.01505,0.015024999999999998,0.014874999999999998,0.014825,0.014674999999999999,0.014549999999999999,0.014299999999999998,0.014025000000000001,0.013550000000000001,0.012775,0.011474999999999999,0.0092,0.0056,0.00025,-0.007025,-0.016050000000000002,-0.026374999999999996]},"I":{"unit":"A","value":[0.000633,0.000631,0.000629,0.000626,0.000626,0.000625,0.000622,0.000622,0.00062,0.00062,0.000616,0.000617,0.0006129999999999999,0.000612,0.000611,0.000608,0.000606,0.000602,0.000601,0.0005949999999999999,0.000593,0.000587,0.0005819999999999999,0.0005719999999999999,0.0005610000000000001,0.0005420000000000001,0.0005110000000000001,0.00045900000000000004,0.000368,0.000224,1.0e-5,-0.00028100000000000005,-0.000642,-0.001055]},"efficiency":{"unit":"%","value":12.8725},"fill_factor":{"unit":"%","value":70.92856404899385},"jsc":{"unit":"mA\/cm2","value":15.7625},"isc":{"unit":"mA","value":0.6305},"voc":{"unit":"V","value":1.1513745704467353},"sweep_direction":{"unit":"","value":"Forward"},"key":"forward_1_CsPbI2Br+100uL CH2I2_721112605_0.5 mg TMACl"}]}}