{"_id":"652be0105d0e997149349c71","id":"CAU-SC-00167","author":70,"group":7,"input":[{"tco":{"unit":"","value":"ITO"}},[],{"etl":[{"material":{"unit":"","value":"SnO2"},"concentration":{"unit":"","value":"1.5"},"conc_unit":{"unit":"","value":"wt%"},"quantity":{"unit":"ml","value":"0.3"}}],"solvent":[{"material":{"unit":"","value":"DI Water"},"volume":{"unit":"ml","value":"2.7"}}],"spin_coating":[{"type":{"unit":"","value":"drop&run"},"rpm":{"unit":"","value":"1000"},"time":{"unit":"s","value":"0.5"}},{"type":{"unit":"","value":"drop&run"},"rpm":{"unit":"","value":"3000"},"time":{"unit":"s","value":"30"}}],"annealing":[{"temperature":{"unit":"oC","value":"170"},"time":{"unit":"m","value":"30"}}]},{"etl":[{"material":{"unit":"","value":"ZnO"},"concentration":{"unit":"","value":"109.75"},"conc_unit":{"unit":"","value":"mg\/ml"},"quantity":{"unit":"ml","value":"1"}}],"solvent":[{"material":{"unit":"","value":"2-ME"},"volume":{"unit":"ml","value":"2"}},{"material":{"unit":"","value":"Ethanolamine"},"volume":{"unit":"ml","value":"0.067"}}],"spin_coating":[{"type":{"unit":"","value":"drop&run"},"rpm":{"unit":"","value":"5000"},"time":{"unit":"s","value":"30"}}],"annealing":[{"temperature":{"unit":"oC","value":"170"},"time":{"unit":"m","value":"30"}}]},[],[],{"perovskite":{"method":{"unit":"","value":"1step"},"molarity":{"unit":"M","value":"1.2"},"a_site":[{"material":{"unit":"","value":"Cs"},"ratio":{"unit":"","value":"105"}}],"b_site":[{"material":{"unit":"","value":"Pb"},"ratio":{"unit":"","value":"100"}}],"x_site":[{"material":{"unit":"","value":"I"},"ratio":{"unit":"","value":"67"}},{"material":{"unit":"","value":"Br"},"ratio":{"unit":"","value":"33"}}],"solvent":[{"material":{"unit":"","value":"DMSO"},"volume":{"unit":"ml","value":"0.7"}},{"material":{"unit":"","value":"DMF"},"volume":{"unit":"ml","value":"0.3"}}],"stirring_time":[{"unit":"m","value":"960"}],"spin_coating":[{"type":{"unit":"","value":"drop&run"},"rpm":{"unit":"","value":"3000"},"time":{"unit":"s","value":"40"}}],"annealing":[{"temperature":{"unit":"oC","value":"280"},"time":{"unit":"m","value":"10"}}],"atmosphere":[{"type":{"unit":"","value":"air"},"temperature":{"unit":"oC","value":"26"},"humidity":{"unit":"RH%","value":"10"}}],"antisolvent":[{"material":{"unit":"","value":"IPA:DE"},"quantity":{"unit":"ul","value":"50"},"dripping_time":{"unit":"s","value":"03"}}],"additive":[{"material":{"unit":"","value":"CH2I2"},"solvent":{"unit":"","value":null},"concentration":{"unit":"","value":"25 uL"},"conc_unit":{"unit":"","value":null},"quantity":{"unit":"mol%","value":null}}]}},[],{"htl":[{"material":{"unit":"","value":"P3HT"},"concentration":{"unit":"","value":"10"},"conc_unit":{"unit":"","value":"mg\/ml"},"quantity":{"unit":"ml","value":"1"}}],"solvent":[{"material":{"unit":"","value":"CB"},"volume":{"unit":"ml","value":"1"}}],"spin_coating":[{"type":{"unit":"","value":"drop&run"},"rpm":{"unit":"","value":"3000"},"time":{"unit":"s","value":"30"}}],"annealing":[{"temperature":{"unit":"oC","value":"100"},"time":{"unit":"m","value":"5"}}]},[],{"anode_metal":{"unit":"","value":"Au"}},{"note":{"unit":"","value":"CsPbI2Br+CH2I2_721102904_IPA-DE"},"ar":{"unit":"","value":"0"},"type":{"unit":"","value":"unit_cell"},"device_type":{"unit":"","value":"n-i-p"},"temperature":{"unit":"\u2103","value":"21"},"humidity":{"unit":"%","value":"38"},"cell_dimension":{"unit":"cm2","value":"0.04"}}],"fileinfo":[{"key":"CsPbI2Br+CH2I2_721102904_IPA","uploadType":"JV","original_name":"CsPbI2Br+CH2I2_721102904_IPA-DE.xlsx","save_name":"CAU-SC-00167\/CsPbI2Br+CH2I2_721102904_IPA","uploader":70,"fileType":"group"}],"updated_at":"2024-06-03 08:38:34","created_at":"2023-10-15 12:50:24","jvcnt":20,"analysisInfo":{"JV":[{"efficiency":11.484375,"fill_factor":69.7407968701892,"jsc":14.893749999999999,"voc":1.1056467661691542,"key":"reverse_9_CsPbI2Br+CH2I2_721102904_IPA","cell_dimension":null},{"efficiency":11.9936,"fill_factor":70.0535548177727,"jsc":15.185625,"voc":1.1274225352112677,"key":"reverse_8_CsPbI2Br+CH2I2_721102904_IPA","cell_dimension":null},{"efficiency":10.153849999999998,"fill_factor":66.96910258970163,"jsc":13.823749999999999,"voc":1.0968074534161492,"key":"reverse_7_CsPbI2Br+CH2I2_721102904_IPA","cell_dimension":null},{"efficiency":11.6261,"fill_factor":68.56712877276122,"jsc":15.777500000000002,"voc":1.0746818181818183,"key":"reverse_6_CsPbI2Br+CH2I2_721102904_IPA","cell_dimension":null},{"efficiency":11.81925,"fill_factor":68.78814130645704,"jsc":15.498749999999998,"voc":1.1086122448979592,"key":"reverse_5_CsPbI2Br+CH2I2_721102904_IPA","cell_dimension":null},{"efficiency":10.028825000000001,"fill_factor":67.0466866022635,"jsc":13.72375,"voc":1.0899333333333334,"key":"reverse_4_CsPbI2Br+CH2I2_721102904_IPA","cell_dimension":null},{"efficiency":10.176099999999998,"fill_factor":66.57338234827584,"jsc":13.750625,"voc":1.1116249999999999,"key":"reverse_3_CsPbI2Br+CH2I2_721102904_IPA","cell_dimension":null},{"efficiency":10.215449999999999,"fill_factor":66.27303579900008,"jsc":13.803750000000003,"voc":1.1166666666666667,"key":"reverse_2_CsPbI2Br+CH2I2_721102904_IPA","cell_dimension":null},{"efficiency":9.274849999999999,"fill_factor":62.573684259611476,"jsc":13.949999999999998,"voc":1.062529411764706,"key":"reverse_1_CsPbI2Br+CH2I2_721102904_IPA","cell_dimension":null},{"efficiency":10.9839,"fill_factor":70.10681700689842,"jsc":14.458124999999997,"voc":1.0836382978723402,"key":"reverse_10_CsPbI2Br+CH2I2_721102904_IPA","cell_dimension":null},{"efficiency":7.12425,"fill_factor":53.536123838052305,"jsc":14.962499999999999,"voc":0.8893814432989692,"key":"forward_9_CsPbI2Br+CH2I2_721102904_IPA","cell_dimension":null},{"efficiency":7.8725000000000005,"fill_factor":54.085520996542094,"jsc":15.287499999999998,"voc":0.9521276595744679,"key":"forward_8_CsPbI2Br+CH2I2_721102904_IPA","cell_dimension":null},{"efficiency":6.312999999999999,"fill_factor":52.04076375364514,"jsc":13.8375,"voc":0.8766666666666667,"key":"forward_7_CsPbI2Br+CH2I2_721102904_IPA","cell_dimension":null},{"efficiency":6.737500000000001,"fill_factor":50.77458637007025,"jsc":15.818749999999998,"voc":0.8388421052631578,"key":"forward_6_CsPbI2Br+CH2I2_721102904_IPA","cell_dimension":null},{"efficiency":7.449749999999999,"fill_factor":52.50287410025087,"jsc":15.543750000000001,"voc":0.9128571428571428,"key":"forward_5_CsPbI2Br+CH2I2_721102904_IPA","cell_dimension":null},{"efficiency":6.772499999999999,"fill_factor":52.85477493846904,"jsc":13.83125,"voc":0.9264102564102564,"key":"forward_4_CsPbI2Br+CH2I2_721102904_IPA","cell_dimension":null},{"efficiency":6.85125,"fill_factor":51.27845294563418,"jsc":13.8375,"voc":0.9655555555555556,"key":"forward_3_CsPbI2Br+CH2I2_721102904_IPA","cell_dimension":null},{"efficiency":6.804,"fill_factor":50.22990328206755,"jsc":13.9125,"voc":0.9736363636363635,"key":"forward_2_CsPbI2Br+CH2I2_721102904_IPA","cell_dimension":null},{"efficiency":5.72,"fill_factor":46.39836416023794,"jsc":13.95625,"voc":0.8833333333333333,"key":"forward_1_CsPbI2Br+CH2I2_721102904_IPA","cell_dimension":null},{"efficiency":6.47625,"fill_factor":53.798388436617394,"jsc":14.468749999999996,"voc":0.832,"key":"forward_10_CsPbI2Br+CH2I2_721102904_IPA","cell_dimension":null}]},"public":2,"analysis":{"JV":[{"V":{"unit":"V","value":[1.155,1.115,1.075,1.035,0.995,0.955,0.915,0.875,0.835,0.795,0.755,0.715,0.675,0.635,0.595,0.555,0.515,0.475,0.435,0.395,0.355,0.315,0.275,0.235,0.195,0.155,0.115,0.075,0.035,-0.005,-0.045]},"J":{"unit":"A\/cm2","value":[-0.007274999999999999,-0.001175,0.00385,0.007549999999999999,0.010025000000000001,0.011625,0.012549999999999999,0.013125,0.013450000000000002,0.0137,0.013850000000000001,0.014025000000000001,0.014074999999999997,0.014199999999999999,0.014274999999999998,0.014325,0.014399999999999998,0.014424999999999999,0.014524999999999998,0.014549999999999999,0.014624999999999997,0.014649999999999998,0.0147,0.014749999999999997,0.014774999999999998,0.014799999999999999,0.014825,0.01485,0.01485,0.014899999999999998,0.014874999999999998]},"I":{"unit":"A","value":[-0.00029099999999999997,-4.7e-5,0.000154,0.00030199999999999997,0.00040100000000000004,0.000465,0.000502,0.0005250000000000001,0.0005380000000000001,0.0005480000000000001,0.000554,0.0005610000000000001,0.0005629999999999999,0.0005679999999999999,0.000571,0.0005729999999999999,0.0005759999999999999,0.0005769999999999999,0.0005809999999999999,0.0005819999999999999,0.000585,0.0005859999999999999,0.000588,0.0005899999999999999,0.0005909999999999999,0.000592,0.000593,0.000594,0.000594,0.000596,0.0005949999999999999]},"efficiency":{"unit":"%","value":11.484375},"fill_factor":{"unit":"%","value":69.7407968701892},"jsc":{"unit":"mA\/cm2","value":14.893749999999999},"isc":{"unit":"mA","value":0.59575},"voc":{"unit":"V","value":1.1056467661691542},"sweep_direction":{"unit":"","value":"Reverse"},"key":"reverse_9_CsPbI2Br+CH2I2_721102904_IPA"},{"V":{"unit":"V","value":[1.177,1.137,1.097,1.057,1.017,0.977,0.937,0.897,0.857,0.817,0.777,0.737,0.697,0.657,0.617,0.577,0.537,0.497,0.457,0.417,0.377,0.337,0.297,0.257,0.217,0.177,0.137,0.097,0.057,0.017,-0.023]},"J":{"unit":"A\/cm2","value":[-0.008025000000000001,-0.0012749999999999999,0.00405,0.007825,0.01035,0.01185,0.0128,0.013349999999999999,0.0137,0.013925,0.014124999999999999,0.014249999999999999,0.014349999999999998,0.01445,0.014524999999999998,0.014649999999999998,0.014674999999999999,0.014749999999999997,0.014799999999999999,0.014899999999999998,0.014899999999999998,0.014975,0.015,0.015024999999999998,0.015075,0.01505,0.015149999999999999,0.015125,0.0152,0.015175,0.0152]},"I":{"unit":"A","value":[-0.000321,-5.1e-5,0.000162,0.000313,0.000414,0.000474,0.000512,0.0005340000000000001,0.0005480000000000001,0.0005570000000000001,0.000565,0.00057,0.000574,0.000578,0.0005809999999999999,0.0005859999999999999,0.000587,0.0005899999999999999,0.000592,0.000596,0.000596,0.0005989999999999999,0.0006,0.000601,0.000603,0.000602,0.000606,0.000605,0.000608,0.000607,0.000608]},"efficiency":{"unit":"%","value":11.9936},"fill_factor":{"unit":"%","value":70.0535548177727},"jsc":{"unit":"mA\/cm2","value":15.185625},"isc":{"unit":"mA","value":0.607425},"voc":{"unit":"V","value":1.1274225352112677},"sweep_direction":{"unit":"","value":"Reverse"},"key":"reverse_8_CsPbI2Br+CH2I2_721102904_IPA"},{"V":{"unit":"V","value":[1.146,1.106,1.066,1.026,0.986,0.946,0.906,0.866,0.826,0.786,0.746,0.706,0.666,0.626,0.586,0.546,0.506,0.466,0.426,0.386,0.346,0.306,0.266,0.226,0.186,0.146,0.106,0.066,0.026,-0.014]},"J":{"unit":"A\/cm2","value":[-0.005775000000000001,-0.0009249999999999999,0.0031,0.00625,0.008525,0.010075,0.01105,0.011725,0.0121,0.0124,0.0126,0.012775,0.0129,0.013,0.013099999999999999,0.013200000000000002,0.013275,0.013325000000000002,0.0134,0.013425000000000001,0.0135,0.013550000000000001,0.013600000000000001,0.01365,0.013675000000000001,0.01375,0.013725000000000001,0.013800000000000002,0.013775,0.013850000000000001]},"I":{"unit":"A","value":[-0.000231,-3.7e-5,0.000124,0.00025,0.00034100000000000005,0.00040300000000000004,0.000442,0.00046899999999999996,0.000484,0.000496,0.000504,0.0005110000000000001,0.000516,0.0005200000000000001,0.000524,0.000528,0.000531,0.000533,0.000536,0.000537,0.00054,0.0005420000000000001,0.000544,0.000546,0.0005470000000000001,0.00055,0.000549,0.0005520000000000001,0.0005510000000000001,0.000554]},"efficiency":{"unit":"%","value":10.153849999999998},"fill_factor":{"unit":"%","value":66.96910258970163},"jsc":{"unit":"mA\/cm2","value":13.823749999999999},"isc":{"unit":"mA","value":0.5529499999999999},"voc":{"unit":"V","value":1.0968074534161492},"sweep_direction":{"unit":"","value":"Reverse"},"key":"reverse_7_CsPbI2Br+CH2I2_721102904_IPA"},{"V":{"unit":"V","value":[1.124,1.084,1.044,1.004,0.964,0.924,0.884,0.844,0.804,0.764,0.724,0.684,0.644,0.604,0.564,0.524,0.484,0.444,0.404,0.364,0.324,0.284,0.244,0.204,0.164,0.124,0.084,0.044,0.004,-0.036]},"J":{"unit":"A\/cm2","value":[-0.00605,-0.0010249999999999999,0.003375,0.006975,0.009725,0.011675000000000001,0.012925,0.013775,0.014249999999999999,0.014549999999999999,0.014799999999999999,0.014924999999999999,0.015024999999999998,0.015099999999999999,0.015175,0.015224999999999999,0.015274999999999999,0.0153,0.015375,0.015425,0.015449999999999998,0.015525,0.01555,0.015625,0.015625,0.015674999999999998,0.015725,0.015775,0.015775,0.0158]},"I":{"unit":"A","value":[-0.000242,-4.1e-5,0.000135,0.000279,0.000389,0.000467,0.000517,0.0005510000000000001,0.00057,0.0005819999999999999,0.000592,0.000597,0.000601,0.0006039999999999999,0.000607,0.000609,0.000611,0.000612,0.000615,0.000617,0.000618,0.000621,0.000622,0.000625,0.000625,0.000627,0.000629,0.000631,0.000631,0.000632]},"efficiency":{"unit":"%","value":11.6261},"fill_factor":{"unit":"%","value":68.56712877276122},"jsc":{"unit":"mA\/cm2","value":15.777500000000002},"isc":{"unit":"mA","value":0.6311000000000001},"voc":{"unit":"V","value":1.0746818181818183},"sweep_direction":{"unit":"","value":"Reverse"},"key":"reverse_6_CsPbI2Br+CH2I2_721102904_IPA"},{"V":{"unit":"V","value":[1.158,1.118,1.078,1.038,0.998,0.958,0.918,0.878,0.838,0.798,0.758,0.718,0.678,0.638,0.598,0.558,0.518,0.478,0.438,0.398,0.358,0.318,0.278,0.238,0.198,0.158,0.118,0.078,0.038,-0.002,-0.042]},"J":{"unit":"A\/cm2","value":[-0.0070999999999999995,-0.00115,0.00375,0.007475,0.0101,0.0118,0.012875,0.013450000000000002,0.01395,0.01415,0.014374999999999999,0.014474999999999998,0.0146,0.014749999999999997,0.014774999999999998,0.014874999999999998,0.014924999999999999,0.015,0.015075,0.015125,0.015149999999999999,0.015274999999999999,0.015274999999999999,0.015325,0.0154,0.015349999999999999,0.015449999999999998,0.015449999999999998,0.015475,0.0155,0.01555]},"I":{"unit":"A","value":[-0.00028399999999999996,-4.6e-5,0.00015,0.000299,0.000404,0.000472,0.000515,0.0005380000000000001,0.000558,0.000566,0.000575,0.000579,0.000584,0.0005899999999999999,0.0005909999999999999,0.0005949999999999999,0.000597,0.0006,0.000603,0.000605,0.000606,0.000611,0.000611,0.0006129999999999999,0.000616,0.000614,0.000618,0.000618,0.000619,0.00062,0.000622]},"efficiency":{"unit":"%","value":11.81925},"fill_factor":{"unit":"%","value":68.78814130645704},"jsc":{"unit":"mA\/cm2","value":15.498749999999998},"isc":{"unit":"mA","value":0.6199499999999999},"voc":{"unit":"V","value":1.1086122448979592},"sweep_direction":{"unit":"","value":"Reverse"},"key":"reverse_5_CsPbI2Br+CH2I2_721102904_IPA"},{"V":{"unit":"V","value":[1.139,1.099,1.059,1.019,0.979,0.939,0.899,0.859,0.819,0.779,0.739,0.699,0.659,0.619,0.579,0.539,0.499,0.459,0.419,0.379,0.339,0.299,0.259,0.219,0.179,0.139,0.099,0.059,0.019,-0.021]},"J":{"unit":"A\/cm2","value":[-0.005225,-0.0008500000000000001,0.0029,0.005874999999999999,0.008150000000000001,0.009775,0.010924999999999999,0.011675000000000001,0.012174999999999998,0.012525,0.01275,0.012925,0.013,0.013125,0.013175000000000001,0.01325,0.013300000000000001,0.0134,0.0134,0.013450000000000002,0.0135,0.013525,0.013575,0.013600000000000001,0.013625,0.01365,0.01365,0.0137,0.0137,0.01375]},"I":{"unit":"A","value":[-0.00020899999999999998,-3.4e-5,0.000116,0.000235,0.000326,0.000391,0.000437,0.000467,0.00048699999999999997,0.000501,0.00051,0.000517,0.0005200000000000001,0.0005250000000000001,0.000527,0.00053,0.000532,0.000536,0.000536,0.0005380000000000001,0.00054,0.000541,0.0005430000000000001,0.000544,0.000545,0.000546,0.000546,0.0005480000000000001,0.0005480000000000001,0.00055]},"efficiency":{"unit":"%","value":10.028825000000001},"fill_factor":{"unit":"%","value":67.0466866022635},"jsc":{"unit":"mA\/cm2","value":13.72375},"isc":{"unit":"mA","value":0.54895},"voc":{"unit":"V","value":1.0899333333333334},"sweep_direction":{"unit":"","value":"Reverse"},"key":"reverse_4_CsPbI2Br+CH2I2_721102904_IPA"},{"V":{"unit":"V","value":[1.161,1.121,1.081,1.041,1.001,0.961,0.921,0.881,0.841,0.801,0.761,0.721,0.681,0.641,0.601,0.561,0.521,0.481,0.441,0.401,0.361,0.321,0.281,0.241,0.201,0.161,0.121,0.081,0.041,0.001,-0.039]},"J":{"unit":"A\/cm2","value":[-0.004399999999999999,-0.00075,0.0024500000000000004,0.005175,0.007449999999999999,0.0092,0.010549999999999999,0.011450000000000002,0.0121,0.012475,0.012725,0.012925,0.013025,0.01315,0.013200000000000002,0.013275,0.013300000000000001,0.013375,0.013425000000000001,0.013475,0.0135,0.013550000000000001,0.013550000000000001,0.013625,0.013675000000000001,0.01365,0.0137,0.0137,0.01375,0.01375,0.013775]},"I":{"unit":"A","value":[-0.000176,-2.9999999999999997e-5,9.800000000000001e-5,0.000207,0.000298,0.000368,0.000422,0.000458,0.000484,0.000499,0.000509,0.000517,0.000521,0.000526,0.000528,0.000531,0.000532,0.000535,0.000537,0.000539,0.00054,0.0005420000000000001,0.0005420000000000001,0.000545,0.0005470000000000001,0.000546,0.0005480000000000001,0.0005480000000000001,0.00055,0.00055,0.0005510000000000001]},"efficiency":{"unit":"%","value":10.176099999999998},"fill_factor":{"unit":"%","value":66.57338234827584},"jsc":{"unit":"mA\/cm2","value":13.750625},"isc":{"unit":"mA","value":0.550025},"voc":{"unit":"V","value":1.1116249999999999},"sweep_direction":{"unit":"","value":"Reverse"},"key":"reverse_3_CsPbI2Br+CH2I2_721102904_IPA"},{"V":{"unit":"V","value":[1.166,1.126,1.086,1.046,1.006,0.966,0.926,0.886,0.846,0.806,0.766,0.726,0.686,0.646,0.606,0.566,0.526,0.486,0.446,0.406,0.366,0.326,0.286,0.246,0.206,0.166,0.126,0.086,0.046,0.006,-0.034]},"J":{"unit":"A\/cm2","value":[-0.004025,-0.0007,0.0023,0.004975,0.007225,0.009049999999999999,0.01045,0.0114,0.012074999999999999,0.012475,0.012775,0.012925,0.013125,0.01315,0.013275,0.013325000000000002,0.013349999999999999,0.013475,0.013450000000000002,0.013525,0.013550000000000001,0.013600000000000001,0.013625,0.0137,0.013675000000000001,0.01375,0.01375,0.01375,0.013775,0.013800000000000002,0.013825]},"I":{"unit":"A","value":[-0.000161,-2.8e-5,9.2e-5,0.000199,0.000289,0.00036199999999999996,0.00041799999999999997,0.000456,0.000483,0.000499,0.0005110000000000001,0.000517,0.0005250000000000001,0.000526,0.000531,0.000533,0.0005340000000000001,0.000539,0.0005380000000000001,0.000541,0.0005420000000000001,0.000544,0.000545,0.0005480000000000001,0.0005470000000000001,0.00055,0.00055,0.00055,0.0005510000000000001,0.0005520000000000001,0.000553]},"efficiency":{"unit":"%","value":10.215449999999999},"fill_factor":{"unit":"%","value":66.27303579900008},"jsc":{"unit":"mA\/cm2","value":13.803750000000003},"isc":{"unit":"mA","value":0.5521500000000001},"voc":{"unit":"V","value":1.1166666666666667},"sweep_direction":{"unit":"","value":"Reverse"},"key":"reverse_2_CsPbI2Br+CH2I2_721102904_IPA"},{"V":{"unit":"V","value":[1.111,1.071,1.031,0.991,0.951,0.911,0.871,0.831,0.791,0.751,0.711,0.671,0.631,0.591,0.551,0.511,0.471,0.431,0.391,0.351,0.311,0.271,0.231,0.191,0.151,0.111,0.071,0.031,-0.009,-0.049]},"J":{"unit":"A\/cm2","value":[-0.0025499999999999997,-0.00044999999999999993,0.001675,0.0037749999999999997,0.00585,0.00775,0.0094,0.010725,0.011675000000000001,0.01235,0.012775,0.013075000000000002,0.013224999999999999,0.013375,0.013425000000000001,0.013525,0.013600000000000001,0.013600000000000001,0.01365,0.013725000000000001,0.01375,0.013800000000000002,0.013850000000000001,0.013850000000000001,0.013900000000000001,0.013925,0.013925,0.01395,0.01395,0.014000000000000002]},"I":{"unit":"A","value":[-0.000102,-1.7999999999999997e-5,6.7e-5,0.00015099999999999998,0.00023400000000000002,0.00031,0.000376,0.000429,0.000467,0.000494,0.0005110000000000001,0.000523,0.0005290000000000001,0.000535,0.000537,0.000541,0.000544,0.000544,0.000546,0.000549,0.00055,0.0005520000000000001,0.000554,0.000554,0.0005560000000000001,0.0005570000000000001,0.0005570000000000001,0.000558,0.000558,0.0005600000000000001]},"efficiency":{"unit":"%","value":9.274849999999999},"fill_factor":{"unit":"%","value":62.573684259611476},"jsc":{"unit":"mA\/cm2","value":13.949999999999998},"isc":{"unit":"mA","value":0.5579999999999999},"voc":{"unit":"V","value":1.062529411764706},"sweep_direction":{"unit":"","value":"Reverse"},"key":"reverse_1_CsPbI2Br+CH2I2_721102904_IPA"},{"V":{"unit":"V","value":[1.133,1.093,1.053,1.013,0.973,0.933,0.893,0.853,0.813,0.773,0.733,0.693,0.653,0.613,0.573,0.533,0.493,0.453,0.413,0.373,0.333,0.293,0.253,0.213,0.173,0.133,0.093,0.053,0.013,-0.027]},"J":{"unit":"A\/cm2","value":[-0.006625,-0.0010999999999999998,0.0035999999999999995,0.007225,0.009725,0.011325,0.012299999999999998,0.012875,0.013200000000000002,0.0134,0.013600000000000001,0.0137,0.013775,0.013850000000000001,0.013900000000000001,0.013975000000000001,0.014000000000000002,0.01405,0.014124999999999999,0.01415,0.014199999999999999,0.014249999999999999,0.014274999999999998,0.014299999999999998,0.014374999999999999,0.014374999999999999,0.014424999999999999,0.014424999999999999,0.01445,0.014474999999999998]},"I":{"unit":"A","value":[-0.000265,-4.4e-5,0.00014399999999999998,0.000289,0.000389,0.000453,0.000492,0.000515,0.000528,0.000536,0.000544,0.0005480000000000001,0.0005510000000000001,0.000554,0.0005560000000000001,0.000559,0.0005600000000000001,0.0005620000000000001,0.000565,0.000566,0.0005679999999999999,0.00057,0.000571,0.0005719999999999999,0.000575,0.000575,0.0005769999999999999,0.0005769999999999999,0.000578,0.000579]},"efficiency":{"unit":"%","value":10.9839},"fill_factor":{"unit":"%","value":70.10681700689842},"jsc":{"unit":"mA\/cm2","value":14.458124999999997},"isc":{"unit":"mA","value":0.5783249999999999},"voc":{"unit":"V","value":1.0836382978723402},"sweep_direction":{"unit":"","value":"Reverse"},"key":"reverse_10_CsPbI2Br+CH2I2_721102904_IPA"},{"V":{"unit":"V","value":[-0.05,-0.01,0.03,0.07,0.11,0.15,0.19,0.23,0.27,0.31,0.35,0.39,0.43,0.47,0.51,0.55,0.59,0.63,0.67,0.71,0.75,0.79,0.83,0.87,0.91,0.95,0.99,1.03,1.07,1.11]},"J":{"unit":"A\/cm2","value":[0.014975,0.014975,0.014924999999999999,0.014899999999999998,0.014874999999999998,0.014799999999999999,0.014725,0.014649999999999998,0.014499999999999999,0.014399999999999998,0.014174999999999998,0.01405,0.013775,0.013525,0.013125,0.01265,0.012074999999999999,0.011275,0.010275,0.009,0.007449999999999999,0.0056,0.0035000000000000005,0.001175,-0.00125,-0.0036999999999999997,-0.006024999999999999,-0.008150000000000001,-0.0101,-0.011824999999999999]},"I":{"unit":"A","value":[0.0005989999999999999,0.0005989999999999999,0.000597,0.000596,0.0005949999999999999,0.000592,0.000589,0.0005859999999999999,0.00058,0.0005759999999999999,0.0005669999999999999,0.0005620000000000001,0.0005510000000000001,0.000541,0.0005250000000000001,0.000506,0.000483,0.000451,0.00041099999999999996,0.00035999999999999997,0.000298,0.000224,0.00014000000000000001,4.7e-5,-5.0e-5,-0.000148,-0.000241,-0.000326,-0.000404,-0.00047299999999999995]},"efficiency":{"unit":"%","value":7.12425},"fill_factor":{"unit":"%","value":53.536123838052305},"jsc":{"unit":"mA\/cm2","value":14.962499999999999},"isc":{"unit":"mA","value":0.5984999999999999},"voc":{"unit":"V","value":0.8893814432989692},"sweep_direction":{"unit":"","value":"Forward"},"key":"forward_9_CsPbI2Br+CH2I2_721102904_IPA"},{"V":{"unit":"V","value":[-0.05,-0.01,0.03,0.07,0.11,0.15,0.19,0.23,0.27,0.31,0.35,0.39,0.43,0.47,0.51,0.55,0.59,0.63,0.67,0.71,0.75,0.79,0.83,0.87,0.91,0.95,0.99,1.03,1.07,1.11,1.15]},"J":{"unit":"A\/cm2","value":[0.015325,0.0153,0.01525,0.01525,0.015175,0.015175,0.01505,0.014975,0.014899999999999998,0.014774999999999998,0.014624999999999997,0.014474999999999998,0.014299999999999998,0.014074999999999997,0.013850000000000001,0.013450000000000002,0.01305,0.012475,0.011749999999999998,0.010825,0.009675000000000001,0.00825,0.006549999999999999,0.0046,0.0024,0.000125,-0.0022249999999999995,-0.0045249999999999995,-0.006775000000000001,-0.009,-0.011300000000000001]},"I":{"unit":"A","value":[0.0006129999999999999,0.000612,0.00061,0.00061,0.000607,0.000607,0.000602,0.0005989999999999999,0.000596,0.0005909999999999999,0.000585,0.000579,0.0005719999999999999,0.0005629999999999999,0.000554,0.0005380000000000001,0.000522,0.000499,0.00047,0.000433,0.00038700000000000003,0.00033,0.000262,0.000184,9.6e-5,5.0e-6,-8.9e-5,-0.00018099999999999998,-0.00027100000000000003,-0.00035999999999999997,-0.00045200000000000004]},"efficiency":{"unit":"%","value":7.8725000000000005},"fill_factor":{"unit":"%","value":54.085520996542094},"jsc":{"unit":"mA\/cm2","value":15.287499999999998},"isc":{"unit":"mA","value":0.6114999999999999},"voc":{"unit":"V","value":0.9521276595744679},"sweep_direction":{"unit":"","value":"Forward"},"key":"forward_8_CsPbI2Br+CH2I2_721102904_IPA"},{"V":{"unit":"V","value":[-0.05,-0.01,0.03,0.07,0.11,0.15,0.19,0.23,0.27,0.31,0.35,0.39,0.43,0.47,0.51,0.55,0.59,0.63,0.67,0.71,0.75,0.79,0.83,0.87,0.91,0.95,0.99,1.03,1.07,1.11]},"J":{"unit":"A\/cm2","value":[0.013875000000000002,0.013850000000000001,0.013800000000000002,0.013775,0.013675000000000001,0.0137,0.013600000000000001,0.013525,0.013425000000000001,0.013325000000000002,0.01315,0.01295,0.012675,0.01235,0.011949999999999999,0.011375,0.0107,0.009825,0.00875,0.007475,0.005974999999999999,0.00425,0.002375,0.00035,-0.0017500000000000003,-0.003825,-0.0058,-0.007625,-0.009275,-0.010799999999999999]},"I":{"unit":"A","value":[0.000555,0.000554,0.0005520000000000001,0.0005510000000000001,0.0005470000000000001,0.0005480000000000001,0.000544,0.000541,0.000537,0.000533,0.000526,0.000518,0.000507,0.000494,0.00047799999999999996,0.000455,0.000428,0.000393,0.00035,0.000299,0.00023899999999999998,0.00017,9.5e-5,1.4e-5,-7.000000000000001e-5,-0.000153,-0.000232,-0.000305,-0.000371,-0.000432]},"efficiency":{"unit":"%","value":6.312999999999999},"fill_factor":{"unit":"%","value":52.04076375364514},"jsc":{"unit":"mA\/cm2","value":13.8375},"isc":{"unit":"mA","value":0.5535},"voc":{"unit":"V","value":0.8766666666666667},"sweep_direction":{"unit":"","value":"Forward"},"key":"forward_7_CsPbI2Br+CH2I2_721102904_IPA"},{"V":{"unit":"V","value":[-0.05,-0.01,0.03,0.07,0.11,0.15,0.19,0.23,0.27,0.31,0.35,0.39,0.43,0.47,0.51,0.55,0.59,0.63,0.67,0.71,0.75,0.79,0.83,0.87,0.91,0.95,0.99,1.03]},"J":{"unit":"A\/cm2","value":[0.015825,0.015825,0.0158,0.015725,0.015674999999999998,0.0156,0.015475,0.0154,0.015224999999999999,0.01505,0.014799999999999999,0.014499999999999999,0.01415,0.013625,0.01305,0.01225,0.01125,0.01005,0.008575000000000001,0.00685,0.00495,0.0028,0.0005250000000000001,-0.0018499999999999999,-0.0043,-0.0066749999999999995,-0.008924999999999999,-0.011025]},"I":{"unit":"A","value":[0.000633,0.000633,0.000632,0.000629,0.000627,0.000624,0.000619,0.000616,0.000609,0.000602,0.000592,0.00058,0.000566,0.000545,0.000522,0.00049,0.00045,0.000402,0.00034300000000000004,0.00027400000000000005,0.00019800000000000002,0.000112,2.1000000000000002e-5,-7.4e-5,-0.00017199999999999998,-0.00026700000000000004,-0.000357,-0.000441]},"efficiency":{"unit":"%","value":6.737500000000001},"fill_factor":{"unit":"%","value":50.77458637007025},"jsc":{"unit":"mA\/cm2","value":15.818749999999998},"isc":{"unit":"mA","value":0.6327499999999999},"voc":{"unit":"V","value":0.8388421052631578},"sweep_direction":{"unit":"","value":"Forward"},"key":"forward_6_CsPbI2Br+CH2I2_721102904_IPA"},{"V":{"unit":"V","value":[-0.05,-0.01,0.03,0.07,0.11,0.15,0.19,0.23,0.27,0.31,0.35,0.39,0.43,0.47,0.51,0.55,0.59,0.63,0.67,0.71,0.75,0.79,0.83,0.87,0.91,0.95,0.99,1.03,1.07,1.11]},"J":{"unit":"A\/cm2","value":[0.015574999999999999,0.01555,0.015525,0.0155,0.015449999999999998,0.0154,0.0153,0.015224999999999999,0.015099999999999999,0.014924999999999999,0.014799999999999999,0.014575,0.014325,0.014000000000000002,0.01365,0.013175000000000001,0.0126,0.011824999999999999,0.0109,0.009725,0.008275000000000001,0.0066500000000000005,0.0046749999999999995,0.002525,0.000175,-0.002275,-0.00475,-0.007124999999999999,-0.009325,-0.0114]},"I":{"unit":"A","value":[0.000623,0.000622,0.000621,0.00062,0.000618,0.000616,0.000612,0.000609,0.0006039999999999999,0.000597,0.000592,0.000583,0.0005729999999999999,0.0005600000000000001,0.000546,0.000527,0.000504,0.00047299999999999995,0.00043599999999999997,0.000389,0.000331,0.000266,0.000187,0.000101,7.0e-6,-9.1e-5,-0.00019,-0.000285,-0.000373,-0.000456]},"efficiency":{"unit":"%","value":7.449749999999999},"fill_factor":{"unit":"%","value":52.50287410025087},"jsc":{"unit":"mA\/cm2","value":15.543750000000001},"isc":{"unit":"mA","value":0.62175},"voc":{"unit":"V","value":0.9128571428571428},"sweep_direction":{"unit":"","value":"Forward"},"key":"forward_5_CsPbI2Br+CH2I2_721102904_IPA"},{"V":{"unit":"V","value":[-0.05,-0.01,0.03,0.07,0.11,0.15,0.19,0.23,0.27,0.31,0.35,0.39,0.43,0.47,0.51,0.55,0.59,0.63,0.67,0.71,0.75,0.79,0.83,0.87,0.91,0.95,0.99,1.03,1.07,1.11]},"J":{"unit":"A\/cm2","value":[0.013800000000000002,0.013850000000000001,0.013775,0.013725000000000001,0.013725000000000001,0.013625,0.013575,0.013475,0.013425000000000001,0.013275,0.013175000000000001,0.013,0.012825,0.0126,0.012299999999999998,0.011949999999999999,0.011349999999999999,0.01075,0.009875,0.008825,0.007574999999999999,0.006125,0.004475,0.0026999999999999997,0.0008,-0.00115,-0.00315,-0.005125,-0.007124999999999999,-0.00915]},"I":{"unit":"A","value":[0.0005520000000000001,0.000554,0.0005510000000000001,0.000549,0.000549,0.000545,0.0005430000000000001,0.000539,0.000537,0.000531,0.000527,0.0005200000000000001,0.000513,0.000504,0.000492,0.00047799999999999996,0.00045400000000000003,0.00043,0.000395,0.00035299999999999996,0.000303,0.000245,0.000179,0.000108,3.2e-5,-4.6e-5,-0.000126,-0.000205,-0.000285,-0.000366]},"efficiency":{"unit":"%","value":6.772499999999999},"fill_factor":{"unit":"%","value":52.85477493846904},"jsc":{"unit":"mA\/cm2","value":13.83125},"isc":{"unit":"mA","value":0.55325},"voc":{"unit":"V","value":0.9264102564102564},"sweep_direction":{"unit":"","value":"Forward"},"key":"forward_4_CsPbI2Br+CH2I2_721102904_IPA"},{"V":{"unit":"V","value":[-0.05,-0.01,0.03,0.07,0.11,0.15,0.19,0.23,0.27,0.31,0.35,0.39,0.43,0.47,0.51,0.55,0.59,0.63,0.67,0.71,0.75,0.79,0.83,0.87,0.91,0.95,0.99,1.03,1.07,1.11,1.15]},"J":{"unit":"A\/cm2","value":[0.013850000000000001,0.013850000000000001,0.013800000000000002,0.013775,0.01375,0.013675000000000001,0.013600000000000001,0.0135,0.013425000000000001,0.013300000000000001,0.013175000000000001,0.013,0.01285,0.0126,0.012299999999999998,0.011949999999999999,0.0114,0.010875,0.010125,0.00925,0.008199999999999999,0.006975,0.0056,0.0040999999999999995,0.0024500000000000004,0.0007,-0.0010999999999999998,-0.003,-0.004900000000000001,-0.00685,-0.008825]},"I":{"unit":"A","value":[0.000554,0.000554,0.0005520000000000001,0.0005510000000000001,0.00055,0.0005470000000000001,0.000544,0.00054,0.000537,0.000532,0.000527,0.0005200000000000001,0.000514,0.000504,0.000492,0.00047799999999999996,0.000456,0.000435,0.00040500000000000003,0.00037,0.000328,0.000279,0.000224,0.000164,9.800000000000001e-5,2.8e-5,-4.4e-5,-0.00011999999999999999,-0.00019600000000000002,-0.00027400000000000005,-0.00035299999999999996]},"efficiency":{"unit":"%","value":6.85125},"fill_factor":{"unit":"%","value":51.27845294563418},"jsc":{"unit":"mA\/cm2","value":13.8375},"isc":{"unit":"mA","value":0.5535},"voc":{"unit":"V","value":0.9655555555555556},"sweep_direction":{"unit":"","value":"Forward"},"key":"forward_3_CsPbI2Br+CH2I2_721102904_IPA"},{"V":{"unit":"V","value":[-0.05,-0.01,0.03,0.07,0.11,0.15,0.19,0.23,0.27,0.31,0.35,0.39,0.43,0.47,0.51,0.55,0.59,0.63,0.67,0.71,0.75,0.79,0.83,0.87,0.91,0.95,0.99,1.03,1.07,1.11,1.15]},"J":{"unit":"A\/cm2","value":[0.013900000000000001,0.013925,0.013875000000000002,0.013875000000000002,0.013800000000000002,0.01375,0.0137,0.013625,0.013475,0.013375,0.013200000000000002,0.013075000000000002,0.012875,0.012575,0.01235,0.011924999999999998,0.011450000000000002,0.010799999999999999,0.010075,0.009174999999999999,0.0081,0.006900000000000001,0.00555,0.0040999999999999995,0.0025499999999999997,0.000975,-0.0006749999999999999,-0.00235,-0.00405,-0.005775000000000001,-0.0075]},"I":{"unit":"A","value":[0.0005560000000000001,0.0005570000000000001,0.000555,0.000555,0.0005520000000000001,0.00055,0.0005480000000000001,0.000545,0.000539,0.000535,0.000528,0.000523,0.000515,0.000503,0.000494,0.000477,0.000458,0.000432,0.00040300000000000004,0.000367,0.000324,0.00027600000000000004,0.000222,0.000164,0.000102,3.9e-5,-2.7e-5,-9.4e-5,-0.000162,-0.000231,-0.0003]},"efficiency":{"unit":"%","value":6.804},"fill_factor":{"unit":"%","value":50.22990328206755},"jsc":{"unit":"mA\/cm2","value":13.9125},"isc":{"unit":"mA","value":0.5565},"voc":{"unit":"V","value":0.9736363636363635},"sweep_direction":{"unit":"","value":"Forward"},"key":"forward_2_CsPbI2Br+CH2I2_721102904_IPA"},{"V":{"unit":"V","value":[-0.05,-0.01,0.03,0.07,0.11,0.15,0.19,0.23,0.27,0.31,0.35,0.39,0.43,0.47,0.51,0.55,0.59,0.63,0.67,0.71,0.75,0.79,0.83,0.87,0.91,0.95,0.99,1.03,1.07]},"J":{"unit":"A\/cm2","value":[0.014025000000000001,0.01395,0.013975000000000001,0.013925,0.013900000000000001,0.013850000000000001,0.01375,0.01365,0.013525,0.013375,0.013099999999999999,0.0128,0.012375,0.011875,0.0112,0.010399999999999998,0.009425000000000001,0.008275000000000001,0.007025,0.0056749999999999995,0.0043,0.00295,0.0016500000000000002,0.0004,-0.0008,-0.00195,-0.0030749999999999996,-0.004175,-0.00525]},"I":{"unit":"A","value":[0.0005610000000000001,0.000558,0.000559,0.0005570000000000001,0.0005560000000000001,0.000554,0.00055,0.000546,0.000541,0.000535,0.000524,0.000512,0.000495,0.000475,0.000448,0.000416,0.000377,0.000331,0.00028100000000000005,0.00022700000000000002,0.00017199999999999998,0.000118,6.6e-5,1.6e-5,-3.2e-5,-7.8e-5,-0.000123,-0.00016700000000000002,-0.00020999999999999998]},"efficiency":{"unit":"%","value":5.72},"fill_factor":{"unit":"%","value":46.39836416023794},"jsc":{"unit":"mA\/cm2","value":13.95625},"isc":{"unit":"mA","value":0.55825},"voc":{"unit":"V","value":0.8833333333333333},"sweep_direction":{"unit":"","value":"Forward"},"key":"forward_1_CsPbI2Br+CH2I2_721102904_IPA"},{"V":{"unit":"V","value":[-0.05,-0.01,0.03,0.07,0.11,0.15,0.19,0.23,0.27,0.31,0.35,0.39,0.43,0.47,0.51,0.55,0.59,0.63,0.67,0.71,0.75,0.79,0.83,0.87,0.91,0.95,0.99,1.03]},"J":{"unit":"A\/cm2","value":[0.014474999999999998,0.014474999999999998,0.01445,0.014399999999999998,0.014349999999999998,0.014325,0.014274999999999998,0.01415,0.014074999999999997,0.013925,0.013800000000000002,0.013550000000000001,0.013275,0.012925,0.012375,0.011774999999999999,0.010875,0.009800000000000001,0.008425,0.00675,0.004775000000000001,0.0025499999999999997,0.000125,-0.002375,-0.004825,-0.0070999999999999995,-0.009125,-0.010825]},"I":{"unit":"A","value":[0.000579,0.000579,0.000578,0.0005759999999999999,0.000574,0.0005729999999999999,0.000571,0.000566,0.0005629999999999999,0.0005570000000000001,0.0005520000000000001,0.0005420000000000001,0.000531,0.000517,0.000495,0.00047099999999999996,0.000435,0.00039200000000000004,0.000337,0.00027,0.000191,0.000102,5.0e-6,-9.5e-5,-0.000193,-0.00028399999999999996,-0.000365,-0.000433]},"efficiency":{"unit":"%","value":6.47625},"fill_factor":{"unit":"%","value":53.798388436617394},"jsc":{"unit":"mA\/cm2","value":14.468749999999996},"isc":{"unit":"mA","value":0.5787499999999999},"voc":{"unit":"V","value":0.832},"sweep_direction":{"unit":"","value":"Forward"},"key":"forward_10_CsPbI2Br+CH2I2_721102904_IPA"}]}}