{"_id":"65313da726db9e48202e7379","id":"CAU-SC-00520","author":67,"group":7,"input":[{"tco":{"unit":"","value":"ITO"}},[],{"htl":[{"material":{"unit":"","value":"PEDOT:PSS"},"concentration":{"unit":"","value":"None"},"conc_unit":{"unit":"","value":"mg\/ml"},"quantity":{"unit":"ml","value":"0.1"}}],"spin_coating":[{"type":{"unit":"","value":"drop&run"},"rpm":{"unit":"","value":"5000"},"time":{"unit":"s","value":"30"}}],"annealing":[{"temperature":{"unit":"oC","value":"150"},"time":{"unit":"m","value":"20"}}]},[],{"perovskite":{"method":{"unit":"","value":"1step"},"molarity":{"unit":"M","value":"1"},"a_site":[{"material":{"unit":"","value":"FA"},"ratio":{"unit":"","value":"45"}},{"material":{"unit":"","value":"DMA"},"ratio":{"unit":"","value":"45"}},{"material":{"unit":"","value":"PEA"},"ratio":{"unit":"","value":"10"}}],"b_site":[{"material":{"unit":"","value":"Sn"},"ratio":{"unit":"","value":"100"}}],"x_site":[{"material":{"unit":"","value":"I"},"ratio":{"unit":"","value":"60"}},{"material":{"unit":"","value":"Br"},"ratio":{"unit":"","value":"30"}},{"material":{"unit":"","value":"Cl"},"ratio":{"unit":"","value":"10"}}],"solvent":[{"material":{"unit":"","value":"DMF"},"volume":{"unit":"ml","value":"0.8"}},{"material":{"unit":"","value":"DMSO"},"volume":{"unit":"ml","value":"0.2"}}],"additive":[{"material":{"unit":"","value":"SnF2"},"solvent":{"unit":"","value":"none"},"concentration":{"unit":"","value":"15.6"},"conc_unit":{"unit":"","value":"mg\/ml"},"quantity":{"unit":"mol%","value":"10"}},{"material":{"unit":"","value":"Sn"},"solvent":{"unit":"","value":"none"},"concentration":{"unit":"","value":"10"},"conc_unit":{"unit":"","value":"mg\/ml"},"quantity":{"unit":"mol%","value":"7"}}],"stirring_time":[{"unit":"m","value":"120"}],"antisolvent":[{"material":{"unit":"","value":"CB"},"quantity":{"unit":"ul","value":"300"},"dripping_time":{"unit":"s","value":"15"}}],"spin_coating":[{"type":{"unit":"","value":"drop&run"},"rpm":{"unit":"","value":"6000"},"time":{"unit":"s","value":"30"}}],"annealing":[{"temperature":{"unit":"oC","value":"70"},"time":{"unit":"m","value":"4"}}],"atmosphere":[{"type":{"unit":"","value":"N2"},"temperature":{"unit":"oC","value":"25"},"humidity":{"unit":"RH%","value":"0"}}]}},{"etl":[{"material":{"unit":"","value":"PC61BM"},"concentration":{"unit":"","value":"20"},"conc_unit":{"unit":"","value":"mg\/ml"},"quantity":{"unit":"ml","value":"0.05"}}],"solvent":[{"material":{"unit":"","value":"CB"},"volume":{"unit":"ml","value":"0.75"}},{"material":{"unit":"","value":"DCB"},"volume":{"unit":"ml","value":"0.25"}}],"spin_coating":[{"type":{"unit":"","value":"drop&run"},"rpm":{"unit":"","value":"1500"},"time":{"unit":"s","value":"30"}}],"annealing":[{"temperature":{"unit":"oC","value":"70"},"time":{"unit":"m","value":"5"}}]},{"anode_metal":{"unit":"","value":"Ag"}},{"note":{"unit":"","value":"PDF"},"ar":{"unit":"","value":"0"},"type":{"unit":"","value":"unit_cell"},"device_type":{"unit":"","value":"p-i-n"},"temperature":{"unit":"\u2103","value":"25"},"humidity":{"unit":"%","value":"35"},"cell_dimension":{"unit":"cm2","value":"0.04"}}],"fileinfo":[{"key":"22305018","uploadType":"JV","original_name":"22305018.xlsx","save_name":"CAU-SC-00520\/22305018","uploader":67,"fileType":"group"}],"jvcnt":2,"updated_at":"2024-06-03 08:38:35","created_at":"2023-10-19 14:31:03","analysisInfo":{"JV":[{"efficiency":0.74,"fill_factor":59.91902834008097,"jsc":2.25,"voc":0.5488888888888889,"key":"reverse_1_22305018","cell_dimension":null},{"efficiency":0.945,"fill_factor":70.27878621823413,"jsc":2.275,"voc":0.5910526315789473,"key":"forward_1_22305018","cell_dimension":null}]},"public":2,"analysis":{"JV":[{"V":{"unit":"V","value":[0.7,0.68,0.66,0.64,0.62,0.6,0.58,0.56,0.54,0.52,0.5,0.48,0.46,0.44,0.42,0.4,0.38,0.36,0.34,0.32,0.3,0.28,0.26,0.24,0.22,0.2,0.18,0.16,0.14,0.12,0.1,0.08,0.06,0.04,0.02,0,-0.02,-0.04]},"J":{"unit":"A\/cm2","value":[-0.014575,-0.011875,-0.009025,-0.006425,-0.00425,-0.0025499999999999997,-0.0012999999999999997,-0.000375,0.0003,0.00075,0.001075,0.001325,0.0015249999999999999,0.0016500000000000002,0.0017500000000000003,0.0018499999999999999,0.001925,0.001975,0.002025,0.0020499999999999997,0.0021000000000000003,0.0021000000000000003,0.0021000000000000003,0.002125,0.00215,0.00215,0.00215,0.00215,0.002175,0.0021999999999999997,0.0021999999999999997,0.0021999999999999997,0.0022249999999999995,0.00225,0.0022249999999999995,0.00225,0.0023,0.0023]},"I":{"unit":"A","value":[-0.000583,-0.000475,-0.000361,-0.000257,-0.00017,-0.000102,-5.2e-5,-1.4999999999999999e-5,1.2e-5,2.9999999999999997e-5,4.2999999999999995e-5,5.3e-5,6.1e-5,6.6e-5,7.000000000000001e-5,7.4e-5,7.7e-5,7.9e-5,8.1e-5,8.2e-5,8.400000000000001e-5,8.400000000000001e-5,8.400000000000001e-5,8.5e-5,8.599999999999999e-5,8.599999999999999e-5,8.599999999999999e-5,8.599999999999999e-5,8.7e-5,8.8e-5,8.8e-5,8.8e-5,8.9e-5,8.999999999999999e-5,8.9e-5,8.999999999999999e-5,9.2e-5,9.2e-5]},"efficiency":{"unit":"%","value":0.74},"fill_factor":{"unit":"%","value":59.91902834008097},"jsc":{"unit":"mA\/cm2","value":2.25},"isc":{"unit":"mA","value":0.09},"voc":{"unit":"V","value":0.5488888888888889},"sweep_direction":{"unit":"","value":"Reverse"},"key":"reverse_1_22305018"},{"V":{"unit":"V","value":[-0.05,-0.03,-0.01,0.01,0.03,0.05,0.07,0.09,0.11,0.13,0.15,0.17,0.19,0.21,0.23,0.25,0.27,0.29,0.31,0.33,0.35,0.37,0.39,0.41,0.43,0.45,0.47,0.49,0.51,0.53,0.55,0.57,0.59,0.61,0.63,0.65,0.67,0.69]},"J":{"unit":"A\/cm2","value":[0.0022249999999999995,0.002275,0.002275,0.002275,0.0023,0.0023,0.0023,0.0023,0.002325,0.002325,0.002325,0.0023,0.002325,0.002325,0.002325,0.0023,0.002325,0.002325,0.0023,0.002275,0.0023,0.002275,0.00225,0.0021999999999999997,0.00215,0.0021000000000000003,0.001975,0.0018499999999999999,0.001675,0.00145,0.001125,0.0006749999999999999,5.0e-5,-0.0008999999999999999,-0.002275,-0.0042250000000000005,-0.006900000000000001,-0.010524999999999998]},"I":{"unit":"A","value":[8.9e-5,9.1e-5,9.1e-5,9.1e-5,9.2e-5,9.2e-5,9.2e-5,9.2e-5,9.3e-5,9.3e-5,9.3e-5,9.2e-5,9.3e-5,9.3e-5,9.3e-5,9.2e-5,9.3e-5,9.3e-5,9.2e-5,9.1e-5,9.2e-5,9.1e-5,8.999999999999999e-5,8.8e-5,8.599999999999999e-5,8.400000000000001e-5,7.9e-5,7.4e-5,6.7e-5,5.8e-5,4.4999999999999996e-5,2.7e-5,2.0e-6,-3.5999999999999994e-5,-9.1e-5,-0.00016900000000000002,-0.00027600000000000004,-0.000421]},"efficiency":{"unit":"%","value":0.945},"fill_factor":{"unit":"%","value":70.27878621823413},"jsc":{"unit":"mA\/cm2","value":2.275},"isc":{"unit":"mA","value":0.091},"voc":{"unit":"V","value":0.5910526315789473},"sweep_direction":{"unit":"","value":"Forward"},"key":"forward_1_22305018"}]}}