{"_id":"653117f226db9e48202e7367","id":"CAU-SC-00431","author":70,"group":7,"input":[{"tco":{"unit":"","value":"ITO"}},[],{"etl":[{"material":{"unit":"","value":"SnO2"},"concentration":{"unit":"","value":"1.5"},"conc_unit":{"unit":"","value":"wt%"},"quantity":{"unit":"ml","value":"0.3"}}],"solvent":[{"material":{"unit":"","value":"DI Water"},"volume":{"unit":"ml","value":"2.7"}}],"spin_coating":[{"type":{"unit":"","value":"drop&run"},"rpm":{"unit":"","value":"3000"},"time":{"unit":"s","value":"30"}}],"vacuum_suction":[{"unit":"s","value":"0"}],"annealing":[{"temperature":{"unit":"oC","value":"170"},"time":{"unit":"m","value":"30"}}]},{"etl":[{"material":{"unit":"","value":"ZnO"},"concentration":{"unit":"","value":"109.75"},"conc_unit":{"unit":"","value":"mg\/ml"},"quantity":{"unit":"ml","value":"1"}}],"solvent":[{"material":{"unit":"","value":"2-ME"},"volume":{"unit":"ml","value":"2"}},{"material":{"unit":"","value":"Ethanolamine"},"volume":{"unit":"ml","value":"0.067"}}],"spin_coating":[{"type":{"unit":"","value":"drop&run"},"rpm":{"unit":"","value":"5000"},"time":{"unit":"s","value":"30"}}],"vacuum_suction":[{"unit":"s","value":"0"}],"annealing":[{"temperature":{"unit":"oC","value":"170"},"time":{"unit":"m","value":"30"}}],"etl_doping":[{"material":{"unit":"","value":"CuCl2\u00b72H2O"},"volume":{"unit":"ul","value":"1.70 mg"}}]},[],{"perovskite":{"method":{"unit":"","value":"1step"},"molarity":{"unit":"M","value":"1.2"},"a_site":[{"material":{"unit":"","value":"Cs"},"ratio":{"unit":"","value":"105"}}],"b_site":[{"material":{"unit":"","value":"Pb"},"ratio":{"unit":"","value":"100"}}],"x_site":[{"material":{"unit":"","value":"I"},"ratio":{"unit":"","value":"67"}},{"material":{"unit":"","value":"Br"},"ratio":{"unit":"","value":"33"}}],"solvent":[{"material":{"unit":"","value":"DMSO"},"volume":{"unit":"ml","value":"0.7"}},{"material":{"unit":"","value":"DMF"},"volume":{"unit":"ml","value":"0.3"}}],"stirring_time":[{"unit":"m","value":"120"}],"spin_coating":[{"type":{"unit":"","value":"drop&run"},"rpm":{"unit":"","value":"3000"},"time":{"unit":"s","value":"43"}}],"annealing":[{"temperature":{"unit":"oC","value":"235"},"time":{"unit":"m","value":"10"}}],"atmosphere":[{"type":{"unit":"","value":"air"},"temperature":{"unit":"oC","value":"20"},"humidity":{"unit":"RH%","value":"38"}}],"assist":[{"type":{"unit":"","value":"hot air assist"},"temperature":{"unit":"oC","value":"230"},"assist_start_time":{"value":8,"unit":"s"},"total_assist_time":{"value":"0.233","unit":"s"}}],"additive":[{"material":{"unit":"","value":"CH2I2"},"solvent":{"unit":"","value":null},"concentration":{"unit":"","value":"100 uL"},"conc_unit":{"unit":"","value":null},"quantity":{"unit":"mol%","value":null}}]}},[],{"htl":[{"material":{"unit":"","value":"P3HT"},"concentration":{"unit":"","value":"10"},"conc_unit":{"unit":"","value":"mg\/ml"},"quantity":{"unit":"ml","value":"0.1"}}],"solvent":[{"material":{"unit":"","value":"CB"},"volume":{"unit":"ml","value":"1"}}],"spin_coating":[{"type":{"unit":"","value":"drop&run"},"rpm":{"unit":"","value":"3000"},"time":{"unit":"s","value":"30"}}],"vacuum_suction":[{"unit":"s","value":"0"}],"annealing":[{"temperature":{"unit":"oC","value":"100"},"time":{"unit":"m","value":"5"}}]},{"anode_metal":{"unit":"","value":"Au"}},{"note":{"unit":"","value":"CsPbI2Br+100uL Ch2I2_722042606_1.70 mg CuCl2"},"ar":{"unit":"","value":"0"},"type":{"unit":"","value":"unit_cell"},"device_type":{"unit":"","value":"n-i-p"},"temperature":{"unit":"\u2103","value":"20"},"humidity":{"unit":"%","value":"38"},"cell_dimension":{"unit":"cm2","value":"0.04"}}],"fileinfo":[{"key":"CsPbI2Br+100uL Ch2I2_722042606_1.70 mg CuCl2","uploadType":"JV","original_name":"CsPbI2Br+100uL Ch2I2_722042606_1.70 mg CuCl2.xlsx","save_name":"CAU-SC-00431\/CsPbI2Br+100uL Ch2I2_722042606_1.70 mg CuCl2","uploader":70,"fileType":"group"}],"jvcnt":6,"updated_at":"2024-06-03 08:38:35","created_at":"2023-10-19 11:50:10","analysisInfo":{"JV":[{"efficiency":14.4421,"fill_factor":81.35240405438365,"jsc":14.95,"voc":1.1874593837535017,"key":"reverse_3_CsPbI2Br+100uL Ch2I2_722042606_1.70 mg CuCl2","cell_dimension":null},{"efficiency":14.4762,"fill_factor":81.61881044070316,"jsc":14.81375,"voc":1.197289855072464,"key":"reverse_2_CsPbI2Br+100uL Ch2I2_722042606_1.70 mg CuCl2","cell_dimension":null},{"efficiency":14.7915,"fill_factor":80.90565825901827,"jsc":14.90125,"voc":1.2269041095890412,"key":"reverse_1_CsPbI2Br+100uL Ch2I2_722042606_1.70 mg CuCl2","cell_dimension":null},{"efficiency":13.365000000000002,"fill_factor":77.77803757828812,"jsc":14.96875,"voc":1.1479591836734693,"key":"forward_3_CsPbI2Br+100uL Ch2I2_722042606_1.70 mg CuCl2","cell_dimension":null},{"efficiency":13.38975,"fill_factor":78.16749977808506,"jsc":14.837499999999997,"voc":1.1544776119402984,"key":"forward_2_CsPbI2Br+100uL Ch2I2_722042606_1.70 mg CuCl2","cell_dimension":null},{"efficiency":14.008000000000001,"fill_factor":78.61725436152473,"jsc":15,"voc":1.1878647686832737,"key":"forward_1_CsPbI2Br+100uL Ch2I2_722042606_1.70 mg CuCl2","cell_dimension":null}]},"public":2,"analysis":{"JV":[{"V":{"unit":"V","value":[1.239,1.199,1.159,1.119,1.079,1.039,0.999,0.959,0.919,0.879,0.839,0.799,0.759,0.719,0.679,0.639,0.599,0.559,0.519,0.479,0.439,0.399,0.359,0.319,0.279,0.239,0.199,0.159,0.119,0.079,0.039,-0.001,-0.041]},"J":{"unit":"A\/cm2","value":[-0.01625,-0.0025749999999999996,0.00635,0.01105,0.013075000000000002,0.013900000000000001,0.014325,0.014424999999999999,0.014524999999999998,0.014624999999999997,0.014575,0.014624999999999997,0.0147,0.014624999999999997,0.0147,0.014749999999999997,0.014674999999999999,0.014774999999999998,0.014774999999999998,0.014725,0.014825,0.014799999999999999,0.014799999999999999,0.014899999999999998,0.01485,0.014874999999999998,0.014924999999999999,0.014874999999999998,0.01495,0.014975,0.01495,0.01495,0.014975]},"I":{"unit":"A","value":[-0.00065,-0.000103,0.000254,0.000442,0.000523,0.0005560000000000001,0.0005729999999999999,0.0005769999999999999,0.0005809999999999999,0.000585,0.000583,0.000585,0.000588,0.000585,0.000588,0.0005899999999999999,0.000587,0.0005909999999999999,0.0005909999999999999,0.000589,0.000593,0.000592,0.000592,0.000596,0.000594,0.0005949999999999999,0.000597,0.0005949999999999999,0.000598,0.0005989999999999999,0.000598,0.000598,0.0005989999999999999]},"efficiency":{"unit":"%","value":14.4421},"fill_factor":{"unit":"%","value":81.35240405438365},"jsc":{"unit":"mA\/cm2","value":14.95},"isc":{"unit":"mA","value":0.598},"voc":{"unit":"V","value":1.1874593837535017},"sweep_direction":{"unit":"","value":"Reverse"},"key":"reverse_3_CsPbI2Br+100uL Ch2I2_722042606_1.70 mg CuCl2"},{"V":{"unit":"V","value":[1.249,1.209,1.169,1.129,1.089,1.049,1.009,0.969,0.929,0.889,0.849,0.809,0.769,0.729,0.689,0.649,0.609,0.569,0.529,0.489,0.449,0.409,0.369,0.329,0.289,0.249,0.209,0.169,0.129,0.089,0.049,0.009,-0.031]},"J":{"unit":"A\/cm2","value":[-0.015175,-0.002525,0.0060999999999999995,0.010799999999999999,0.012925,0.013800000000000002,0.014174999999999998,0.014299999999999998,0.014424999999999999,0.014399999999999998,0.01445,0.014549999999999999,0.014499999999999999,0.014524999999999998,0.014575,0.014524999999999998,0.0146,0.014624999999999997,0.014575,0.014649999999999998,0.014674999999999999,0.014624999999999997,0.0147,0.014725,0.014674999999999999,0.014749999999999997,0.014749999999999997,0.014749999999999997,0.014774999999999998,0.014749999999999997,0.014774999999999998,0.014825,0.014774999999999998]},"I":{"unit":"A","value":[-0.000607,-0.000101,0.000244,0.000432,0.000517,0.0005520000000000001,0.0005669999999999999,0.0005719999999999999,0.0005769999999999999,0.0005759999999999999,0.000578,0.0005819999999999999,0.00058,0.0005809999999999999,0.000583,0.0005809999999999999,0.000584,0.000585,0.000583,0.0005859999999999999,0.000587,0.000585,0.000588,0.000589,0.000587,0.0005899999999999999,0.0005899999999999999,0.0005899999999999999,0.0005909999999999999,0.0005899999999999999,0.0005909999999999999,0.000593,0.0005909999999999999]},"efficiency":{"unit":"%","value":14.4762},"fill_factor":{"unit":"%","value":81.61881044070316},"jsc":{"unit":"mA\/cm2","value":14.81375},"isc":{"unit":"mA","value":0.59255},"voc":{"unit":"V","value":1.197289855072464},"sweep_direction":{"unit":"","value":"Reverse"},"key":"reverse_2_CsPbI2Br+100uL Ch2I2_722042606_1.70 mg CuCl2"},{"V":{"unit":"V","value":[1.278,1.238,1.198,1.158,1.118,1.078,1.038,0.998,0.958,0.918,0.878,0.838,0.798,0.758,0.718,0.678,0.638,0.598,0.558,0.518,0.478,0.438,0.398,0.358,0.318,0.278,0.238,0.198,0.158,0.118,0.078,0.038,-0.002,-0.042]},"J":{"unit":"A\/cm2","value":[-0.01185,-0.002025,0.005274999999999999,0.009975,0.012475,0.01365,0.014249999999999999,0.014474999999999998,0.0146,0.014649999999999998,0.014624999999999997,0.014774999999999998,0.014774999999999998,0.014725,0.014774999999999998,0.014774999999999998,0.014774999999999998,0.014799999999999999,0.014799999999999999,0.014774999999999998,0.014825,0.01485,0.01485,0.01485,0.014874999999999998,0.014874999999999998,0.014899999999999998,0.014874999999999998,0.014899999999999998,0.014924999999999999,0.014924999999999999,0.014924999999999999,0.014899999999999998,0.014924999999999999]},"I":{"unit":"A","value":[-0.000474,-8.1e-5,0.000211,0.000399,0.000499,0.000546,0.00057,0.000579,0.000584,0.0005859999999999999,0.000585,0.0005909999999999999,0.0005909999999999999,0.000589,0.0005909999999999999,0.0005909999999999999,0.0005909999999999999,0.000592,0.000592,0.0005909999999999999,0.000593,0.000594,0.000594,0.000594,0.0005949999999999999,0.0005949999999999999,0.000596,0.0005949999999999999,0.000596,0.000597,0.000597,0.000597,0.000596,0.000597]},"efficiency":{"unit":"%","value":14.7915},"fill_factor":{"unit":"%","value":80.90565825901827},"jsc":{"unit":"mA\/cm2","value":14.90125},"isc":{"unit":"mA","value":0.59605},"voc":{"unit":"V","value":1.2269041095890412},"sweep_direction":{"unit":"","value":"Reverse"},"key":"reverse_1_CsPbI2Br+100uL Ch2I2_722042606_1.70 mg CuCl2"},{"V":{"unit":"V","value":[-0.05,-0.01,0.03,0.07,0.11,0.15,0.19,0.23,0.27,0.31,0.35,0.39,0.43,0.47,0.51,0.55,0.59,0.63,0.67,0.71,0.75,0.79,0.83,0.87,0.91,0.95,0.99,1.03,1.07,1.11,1.15,1.19,1.23]},"J":{"unit":"A\/cm2","value":[0.015,0.014975,0.01495,0.014975,0.014874999999999998,0.014924999999999999,0.01495,0.014899999999999998,0.014874999999999998,0.014874999999999998,0.014825,0.01485,0.014799999999999999,0.014749999999999997,0.014774999999999998,0.0147,0.014674999999999999,0.014674999999999999,0.014575,0.014575,0.014524999999999998,0.014424999999999999,0.014374999999999999,0.014299999999999998,0.014124999999999999,0.013900000000000001,0.0135,0.01265,0.010875,0.006975,-0.000375,-0.0117,-0.026574999999999998]},"I":{"unit":"A","value":[0.0006,0.0005989999999999999,0.000598,0.0005989999999999999,0.0005949999999999999,0.000597,0.000598,0.000596,0.0005949999999999999,0.0005949999999999999,0.000593,0.000594,0.000592,0.0005899999999999999,0.0005909999999999999,0.000588,0.000587,0.000587,0.000583,0.000583,0.0005809999999999999,0.0005769999999999999,0.000575,0.0005719999999999999,0.000565,0.0005560000000000001,0.00054,0.000506,0.000435,0.000279,-1.4999999999999999e-5,-0.00046800000000000005,-0.001063]},"efficiency":{"unit":"%","value":13.365000000000002},"fill_factor":{"unit":"%","value":77.77803757828812},"jsc":{"unit":"mA\/cm2","value":14.96875},"isc":{"unit":"mA","value":0.59875},"voc":{"unit":"V","value":1.1479591836734693},"sweep_direction":{"unit":"","value":"Forward"},"key":"forward_3_CsPbI2Br+100uL Ch2I2_722042606_1.70 mg CuCl2"},{"V":{"unit":"V","value":[-0.05,-0.01,0.03,0.07,0.11,0.15,0.19,0.23,0.27,0.31,0.35,0.39,0.43,0.47,0.51,0.55,0.59,0.63,0.67,0.71,0.75,0.79,0.83,0.87,0.91,0.95,0.99,1.03,1.07,1.11,1.15,1.19,1.23,1.27]},"J":{"unit":"A\/cm2","value":[0.01485,0.014825,0.014874999999999998,0.014799999999999999,0.014799999999999999,0.01485,0.014774999999999998,0.014749999999999997,0.014774999999999998,0.014725,0.014725,0.0147,0.014649999999999998,0.014649999999999998,0.014624999999999997,0.0146,0.0146,0.014524999999999998,0.014499999999999999,0.014499999999999999,0.014399999999999998,0.014374999999999999,0.014349999999999998,0.014199999999999999,0.014099999999999998,0.013925,0.013525,0.01285,0.011224999999999999,0.00765,0.001125,-0.008924999999999999,-0.022125,-0.037575]},"I":{"unit":"A","value":[0.000594,0.000593,0.0005949999999999999,0.000592,0.000592,0.000594,0.0005909999999999999,0.0005899999999999999,0.0005909999999999999,0.000589,0.000589,0.000588,0.0005859999999999999,0.0005859999999999999,0.000585,0.000584,0.000584,0.0005809999999999999,0.00058,0.00058,0.0005759999999999999,0.000575,0.000574,0.0005679999999999999,0.0005639999999999999,0.0005570000000000001,0.000541,0.000514,0.000449,0.000306,4.4999999999999996e-5,-0.000357,-0.000885,-0.001503]},"efficiency":{"unit":"%","value":13.38975},"fill_factor":{"unit":"%","value":78.16749977808506},"jsc":{"unit":"mA\/cm2","value":14.837499999999997},"isc":{"unit":"mA","value":0.5934999999999999},"voc":{"unit":"V","value":1.1544776119402984},"sweep_direction":{"unit":"","value":"Forward"},"key":"forward_2_CsPbI2Br+100uL Ch2I2_722042606_1.70 mg CuCl2"},{"V":{"unit":"V","value":[-0.05,-0.01,0.03,0.07,0.11,0.15,0.19,0.23,0.27,0.31,0.35,0.39,0.43,0.47,0.51,0.55,0.59,0.63,0.67,0.71,0.75,0.79,0.83,0.87,0.91,0.95,0.99,1.03,1.07,1.11,1.15,1.19,1.23,1.27]},"J":{"unit":"A\/cm2","value":[0.01495,0.015,0.015,0.014924999999999999,0.014924999999999999,0.01495,0.014924999999999999,0.01495,0.014874999999999998,0.014899999999999998,0.014874999999999998,0.014825,0.01485,0.01485,0.014774999999999998,0.014825,0.014774999999999998,0.014725,0.014799999999999999,0.0147,0.014624999999999997,0.014649999999999998,0.0146,0.014499999999999999,0.01445,0.014224999999999998,0.014025000000000001,0.013600000000000001,0.0126,0.010625,0.0066500000000000005,-0.000375,-0.01075,-0.024075]},"I":{"unit":"A","value":[0.000598,0.0006,0.0006,0.000597,0.000597,0.000598,0.000597,0.000598,0.0005949999999999999,0.000596,0.0005949999999999999,0.000593,0.000594,0.000594,0.0005909999999999999,0.000593,0.0005909999999999999,0.000589,0.000592,0.000588,0.000585,0.0005859999999999999,0.000584,0.00058,0.000578,0.000569,0.0005610000000000001,0.000544,0.000504,0.000425,0.000266,-1.4999999999999999e-5,-0.00043,-0.000963]},"efficiency":{"unit":"%","value":14.008000000000001},"fill_factor":{"unit":"%","value":78.61725436152473},"jsc":{"unit":"mA\/cm2","value":15},"isc":{"unit":"mA","value":0.6},"voc":{"unit":"V","value":1.1878647686832737},"sweep_direction":{"unit":"","value":"Forward"},"key":"forward_1_CsPbI2Br+100uL Ch2I2_722042606_1.70 mg CuCl2"}]}}