{"_id":"65315d8613121a382d688259","id":"CAU-SC-00583","author":67,"group":7,"input":[{"tco":{"unit":"","value":"ITO"}},[],{"htl":[{"material":{"unit":"","value":"PEDOT:PSS"},"concentration":{"unit":"","value":"None"},"conc_unit":{"unit":"","value":"mg\/ml"},"quantity":{"unit":"ml","value":"0.1"}}],"spin_coating":[{"type":{"unit":"","value":"drop&run"},"rpm":{"unit":"","value":"5000"},"time":{"unit":"s","value":"30"}}],"annealing":[{"temperature":{"unit":"oC","value":"150"},"time":{"unit":"m","value":"20"}}]},{"perovskite":{"method":{"unit":"","value":"1step"},"molarity":{"unit":"M","value":"0.9"},"a_site":[{"material":{"unit":"","value":"FA"},"ratio":{"unit":"","value":"55"}},{"material":{"unit":"","value":"DMA"},"ratio":{"unit":"","value":"35"}},{"material":{"unit":"","value":"PEA"},"ratio":{"unit":"","value":"10"}}],"b_site":[{"material":{"unit":"","value":"Sn"},"ratio":{"unit":"","value":"100"}}],"x_site":[{"material":{"unit":"","value":"I"},"ratio":{"unit":"","value":"60"}},{"material":{"unit":"","value":"Br"},"ratio":{"unit":"","value":"30"}},{"material":{"unit":"","value":"Cl"},"ratio":{"unit":"","value":"10"}}],"solvent":[{"material":{"unit":"","value":"DMF"},"volume":{"unit":"ml","value":"0.8"}},{"material":{"unit":"","value":"DMSO"},"volume":{"unit":"ml","value":"0.2"}}],"additive":[{"material":{"unit":"","value":"SnF2"},"solvent":{"unit":"","value":"none"},"concentration":{"unit":"","value":"14"},"conc_unit":{"unit":"","value":"mg\/ml"},"quantity":{"unit":"mol%","value":"10"}},{"material":{"unit":"","value":"Sn"},"solvent":{"unit":"","value":"none"},"concentration":{"unit":"","value":"9"},"conc_unit":{"unit":"","value":"mg\/ml"},"quantity":{"unit":"mol%","value":"7"}}],"stirring_time":[{"unit":"m","value":"120"}],"antisolvent":[{"material":{"unit":"","value":"CB"},"quantity":{"unit":"ul","value":"300"},"dripping_time":{"unit":"s","value":"15"}}],"spin_coating":[{"type":{"unit":"","value":"drop&run"},"rpm":{"unit":"","value":"6000"},"time":{"unit":"s","value":"30"}}],"annealing":[{"temperature":{"unit":"oC","value":"70"},"time":{"unit":"m","value":"10"}}],"atmosphere":[{"type":{"unit":"","value":"N2"},"temperature":{"unit":"oC","value":"25"},"humidity":{"unit":"RH%","value":"0"}}]}},{"perovskite_treatment":[{"material":{"unit":"","value":"EDAI2"},"concentration":{"unit":"","value":"0.5"},"conc_unit":{"unit":"","value":"mg\/ml"},"quantity":{"unit":"ml","value":"0.1"}}],"solvent":[{"material":{"unit":"","value":"IPA"},"volume":{"unit":"ml","value":"1"}}],"spin_coating":[{"type":{"unit":"","value":"dynamic"},"rpm":{"unit":"","value":"4000"},"time":{"unit":"s","value":"30"}}],"annealing":[{"temperature":{"unit":"oC","value":"70"},"time":{"unit":"m","value":"10"}}]},{"etl":[{"material":{"unit":"","value":"PC61BM"},"concentration":{"unit":"","value":"20"},"conc_unit":{"unit":"","value":"mg\/ml"},"quantity":{"unit":"ml","value":"0.05"}}],"solvent":[{"material":{"unit":"","value":"CB"},"volume":{"unit":"ml","value":"0.75"}},{"material":{"unit":"","value":"DCB"},"volume":{"unit":"ml","value":"0.25"}}],"spin_coating":[{"type":{"unit":"","value":"drop&run"},"rpm":{"unit":"","value":"1500"},"time":{"unit":"s","value":"30"}}],"annealing":[{"temperature":{"unit":"oC","value":"70"},"time":{"unit":"m","value":"5"}}]},{"anode_metal":{"unit":"","value":"Ag"}},{"note":{"unit":"","value":"PDF"},"ar":{"unit":"","value":"0"},"type":{"unit":"","value":"unit_cell"},"device_type":{"unit":"","value":"p-i-n"},"temperature":{"unit":"\u2103","value":"25"},"humidity":{"unit":"%","value":"39"},"cell_dimension":{"unit":"cm2","value":"0.04"}}],"fileinfo":[{"key":"22305142","uploadType":"JV","original_name":"22305142.xlsx","save_name":"CAU-SC-00583\/22305142","uploader":67,"fileType":"group"}],"jvcnt":2,"updated_at":"2024-06-03 08:38:35","created_at":"2023-10-19 16:47:02","analysisInfo":{"JV":[{"efficiency":2.43,"fill_factor":63.02295918367348,"jsc":7.5,"voc":0.5140983606557377,"key":"reverse_1_22305142","cell_dimension":null},{"efficiency":2.665,"fill_factor":64.31360861798575,"jsc":7.737499999999998,"voc":0.535542168674699,"key":"forward_1_22305142","cell_dimension":null}]},"public":2,"analysis":{"JV":[{"V":{"unit":"V","value":[0.7,0.68,0.66,0.64,0.62,0.6,0.58,0.56,0.54,0.52,0.5,0.48,0.46,0.44,0.42,0.4,0.38,0.36,0.34,0.32,0.3,0.28,0.26,0.24,0.22,0.2,0.18,0.16,0.14,0.12,0.1,0.08,0.06,0.04,0.02,0,-0.02,-0.04]},"J":{"unit":"A\/cm2","value":[-0.029599999999999998,-0.025124999999999998,-0.02095,-0.017,-0.013349999999999999,-0.010025000000000001,-0.0070999999999999995,-0.00455,-0.002325,-0.00044999999999999993,0.001075,0.002375,0.0035499999999999998,0.0045,0.005225,0.005825,0.00635,0.00675,0.006975,0.007149999999999999,0.007324999999999999,0.007475,0.007475,0.007449999999999999,0.007525,0.007574999999999999,0.007549999999999999,0.007475,0.0075,0.007574999999999999,0.007574999999999999,0.0075,0.007525,0.007574999999999999,0.007574999999999999,0.0075,0.007525,0.007574999999999999]},"I":{"unit":"A","value":[-0.001184,-0.0010049999999999998,-0.000838,-0.00068,-0.0005340000000000001,-0.00040100000000000004,-0.00028399999999999996,-0.000182,-9.3e-5,-1.7999999999999997e-5,4.2999999999999995e-5,9.5e-5,0.00014199999999999998,0.00017999999999999998,0.00020899999999999998,0.00023300000000000003,0.000254,0.00027,0.000279,0.00028599999999999996,0.00029299999999999997,0.000299,0.000299,0.000298,0.000301,0.000303,0.00030199999999999997,0.000299,0.0003,0.000303,0.000303,0.0003,0.000301,0.000303,0.000303,0.0003,0.000301,0.000303]},"efficiency":{"unit":"%","value":2.43},"fill_factor":{"unit":"%","value":63.02295918367348},"jsc":{"unit":"mA\/cm2","value":7.5},"isc":{"unit":"mA","value":0.3},"voc":{"unit":"V","value":0.5140983606557377},"sweep_direction":{"unit":"","value":"Reverse"},"key":"reverse_1_22305142"},{"V":{"unit":"V","value":[-0.05,-0.03,-0.01,0.01,0.03,0.05,0.07,0.09,0.11,0.13,0.15,0.17,0.19,0.21,0.23,0.25,0.27,0.29,0.31,0.33,0.35,0.37,0.39,0.41,0.43,0.45,0.47,0.49,0.51,0.53,0.55,0.57,0.59,0.61,0.63,0.65,0.67,0.69]},"J":{"unit":"A\/cm2","value":[0.0079,0.00775,0.00775,0.007724999999999999,0.007625,0.0076,0.00765,0.007625,0.007549999999999999,0.007525,0.007574999999999999,0.007574999999999999,0.0075,0.007475,0.007525,0.007525,0.007449999999999999,0.007374999999999999,0.007374999999999999,0.00735,0.007199999999999999,0.006975,0.006775000000000001,0.0065,0.006024999999999999,0.005375,0.004625,0.0036249999999999998,0.0023,0.000575,-0.0015,-0.003975,-0.0069500000000000004,-0.010375,-0.014124999999999999,-0.018125,-0.022425,-0.026924999999999998]},"I":{"unit":"A","value":[0.000316,0.00031,0.00031,0.000309,0.000305,0.000304,0.000306,0.000305,0.00030199999999999997,0.000301,0.000303,0.000303,0.0003,0.000299,0.000301,0.000301,0.000298,0.00029499999999999996,0.00029499999999999996,0.000294,0.00028799999999999995,0.000279,0.00027100000000000003,0.00026000000000000003,0.000241,0.000215,0.000185,0.000145,9.2e-5,2.3e-5,-5.9999999999999995e-5,-0.00015900000000000002,-0.00027800000000000004,-0.000415,-0.000565,-0.000725,-0.000897,-0.001077]},"efficiency":{"unit":"%","value":2.665},"fill_factor":{"unit":"%","value":64.31360861798575},"jsc":{"unit":"mA\/cm2","value":7.737499999999998},"isc":{"unit":"mA","value":0.30949999999999994},"voc":{"unit":"V","value":0.535542168674699},"sweep_direction":{"unit":"","value":"Forward"},"key":"forward_1_22305142"}]}}