{"_id":"65292f1769ca747fb611ad61","id":"CAU-SC-00062","author":63,"group":7,"input":[{"tco":{"unit":"","value":"ITO"}},[],{"htl":[{"material":{"unit":"","value":"PEDOT:PSS"},"concentration":{"unit":"","value":"None"},"conc_unit":{"unit":"","value":"mg\/ml"},"quantity":{"unit":"ml","value":"Material"}}],"spin_coating":[{"type":{"unit":"","value":"drop&run"},"rpm":{"unit":"","value":"5000"},"time":{"unit":"s","value":"30"}}],"annealing":[{"temperature":{"unit":"oC","value":"150"},"time":{"unit":"m","value":"20"}}]},[],{"perovskite":{"method":{"unit":"","value":"1step"},"molarity":{"unit":"M","value":"1"},"a_site":[{"material":{"unit":"","value":"FA"},"ratio":{"unit":"","value":"98"}},{"material":{"unit":"","value":"EDAI2"},"ratio":{"unit":"","value":"2"}}],"b_site":[{"material":{"unit":"","value":"Sn"},"ratio":{"unit":"","value":"100"}}],"x_site":[{"material":{"unit":"","value":"I"},"ratio":{"unit":"","value":"100"}}],"solvent":[{"material":{"unit":"","value":"DMF"},"volume":{"unit":"ml","value":"0.8"}},{"material":{"unit":"","value":"DMSO"},"volume":{"unit":"ml","value":"0.2"}}],"additive":[{"material":{"unit":"","value":"SnF2"},"solvent":{"unit":"","value":"none"},"concentration":{"unit":"","value":"15.6"},"conc_unit":{"unit":"","value":"mg\/ml"},"quantity":{"unit":"mol%","value":"10"}},{"material":{"unit":"","value":"GeI2"},"solvent":{"unit":"","value":"none"},"concentration":{"unit":"","value":"16.32"},"conc_unit":{"unit":"","value":"mg\/ml"},"quantity":{"unit":"mol%","value":"5"}},{"material":{"unit":"","value":"Sn"},"solvent":{"unit":"","value":null},"concentration":{"unit":"","value":"8.3"},"conc_unit":{"unit":"","value":"mg\/ml"},"quantity":{"unit":"mol%","value":"7"}}],"stirring_time":[{"unit":"m","value":"180"}],"antisolvent":[{"material":{"unit":"","value":"Anisole"},"quantity":{"unit":"ul","value":"150"},"dripping_time":{"unit":"s","value":"17"}},{"material":{"unit":"","value":"CB"},"quantity":{"unit":"ul","value":"150"},"dripping_time":{"unit":"s","value":"17"}}],"spin_coating":[{"type":{"unit":"","value":"drop&run"},"rpm":{"unit":"","value":"5000"},"time":{"unit":"s","value":"30"}}],"annealing":[{"temperature":{"unit":"oC","value":"120"},"time":{"unit":"m","value":"10"}}],"atmosphere":[{"type":{"unit":"","value":"N2"},"temperature":{"unit":"oC","value":"25"},"humidity":{"unit":"RH%","value":"0"}}]}},{"etl":[{"material":{"unit":"","value":"PC61BM"},"concentration":{"unit":"","value":"20"},"conc_unit":{"unit":"","value":"mg\/ml"},"quantity":{"unit":"ml","value":"0.05"}}],"solvent":[{"material":{"unit":"","value":"CB"},"volume":{"unit":"ml","value":"0.75"}},{"material":{"unit":"","value":"DCB"},"volume":{"unit":"ml","value":"0.25"}}],"spin_coating":[{"type":{"unit":"","value":"drop&run"},"rpm":{"unit":"","value":"1500"},"time":{"unit":"s","value":"30"}}],"annealing":[{"temperature":{"unit":"oC","value":"120"},"time":{"unit":"m","value":"10"}}]},{"blocking_buffer_layer":[{"material":{"unit":"","value":"BCP"},"concentration":{"unit":"","value":"0.5"},"conc_unit":{"unit":"","value":"mg\/ml"},"quantity":{"unit":"ml","value":"0.1"}}],"solvent":[{"material":{"unit":"","value":"IPA"},"volume":{"unit":"ml","value":"1"}}],"spin_coating":[{"type":{"unit":"","value":"dynamic"},"rpm":{"unit":"","value":"6000"},"time":{"unit":"s","value":"30"}}],"annealing":[{"temperature":{"unit":"oC","value":"120"},"time":{"unit":"m","value":"10"}}]},{"anode_metal":{"unit":"","value":"Ag"}},{"note":{"unit":"","value":"EDA0.01FA0.98SnI3 - 1M Ani:CB 1:1"},"ar":{"unit":"","value":"0"},"type":{"unit":"","value":"unit_cell"},"device_type":{"unit":"","value":"p-i-n"},"temperature":{"unit":"\u2103","value":"25"},"humidity":{"unit":"%","value":"15"},"cell_dimension":{"unit":"cm2","value":"0.04"}}],"fileinfo":[{"key":"323010308","uploadType":"JV","original_name":"323010308.xlsx","save_name":"CAU-SC-00062\/323010308","uploader":63,"fileType":"group"},{"key":"323010302","uploadType":"JV","original_name":"323010302.xlsx","save_name":"CAU-SC-00062\/323010302","uploader":63,"fileType":"group"}],"updated_at":"2024-06-03 08:38:34","created_at":"2023-10-13 11:50:47","jvcnt":16,"analysisInfo":{"JV":[{"efficiency":6.534,"fill_factor":62.441256492703445,"jsc":21.45,"voc":0.4878431372549019,"key":"reverse_4_323010308","cell_dimension":null},{"efficiency":7.106,"fill_factor":64.68793730165955,"jsc":20.974999999999998,"voc":0.5237209302325582,"key":"reverse_4_323010302","cell_dimension":null},{"efficiency":5.703500000000001,"fill_factor":57.351787467568506,"jsc":21.5,"voc":0.4625471698113208,"key":"reverse_3_323010308","cell_dimension":null},{"efficiency":7.125000000000001,"fill_factor":64.42603673457027,"jsc":21.049999999999997,"voc":0.5253773584905661,"key":"reverse_3_323010302","cell_dimension":null},{"efficiency":5.839500000000001,"fill_factor":59.7508241354919,"jsc":20.924999999999997,"voc":0.4670531400966183,"key":"reverse_2_323010308","cell_dimension":null},{"efficiency":7.37,"fill_factor":65.26458606672367,"jsc":21.025,"voc":0.537098445595855,"key":"reverse_2_323010302","cell_dimension":null},{"efficiency":5.25,"fill_factor":59.02747681372974,"jsc":20.75,"voc":0.42863436123348014,"key":"reverse_1_323010308","cell_dimension":null},{"efficiency":7.47,"fill_factor":66.68419307035043,"jsc":20.974999999999998,"voc":0.534066985645933,"key":"reverse_1_323010302","cell_dimension":null},{"efficiency":9.120000000000001,"fill_factor":71.82082530684114,"jsc":21.425,"voc":0.5926845637583893,"key":"forward_4_323010308","cell_dimension":null},{"efficiency":9.5625,"fill_factor":74.5483398339392,"jsc":21.175,"voc":0.6057731958762886,"key":"forward_4_323010302","cell_dimension":null},{"efficiency":8.165,"fill_factor":65.48334885571421,"jsc":21.275,"voc":0.5860784313725489,"key":"forward_3_323010308","cell_dimension":null},{"efficiency":9.6125,"fill_factor":74.44668058906825,"jsc":21.325,"voc":0.6054830287206266,"key":"forward_3_323010302","cell_dimension":null},{"efficiency":8.664,"fill_factor":70.49160030988119,"jsc":20.724999999999998,"voc":0.5930434782608696,"key":"forward_2_323010308","cell_dimension":null},{"efficiency":9.6875,"fill_factor":74.45499078350525,"jsc":21.349999999999998,"voc":0.6094246575342465,"key":"forward_2_323010302","cell_dimension":null},{"efficiency":8.579999999999998,"fill_factor":72.22833127801941,"jsc":20.075,"voc":0.5917307692307693,"key":"forward_1_323010308","cell_dimension":null},{"efficiency":10.166,"fill_factor":77.58796532381439,"jsc":21.275,"voc":0.6158659217877095,"key":"forward_1_323010302","cell_dimension":null}]},"public":2,"analysis":{"JV":[{"V":{"unit":"V","value":[0.7,0.68,0.66,0.64,0.62,0.6,0.58,0.56,0.54,0.52,0.5,0.48,0.46,0.44,0.42,0.4,0.38,0.36,0.34,0.32,0.3,0.28,0.26,0.24,0.22,0.2,0.18,0.16,0.14,0.12,0.1,0.08,0.06,0.04,0.02,0,-0.02,-0.04]},"J":{"unit":"A\/cm2","value":[-0.1075,-0.094775,-0.0808,-0.06735,-0.054700000000000006,-0.04435,-0.03385,-0.024625,-0.0165,-0.009349999999999999,-0.0031,0.002,0.006600000000000001,0.010025000000000001,0.012875,0.015149999999999999,0.016925,0.01815,0.018975000000000002,0.019775,0.0201,0.0205,0.020849999999999997,0.02095,0.021025,0.0213,0.021224999999999997,0.02125,0.0214,0.0214,0.021349999999999997,0.021425,0.0215,0.021349999999999997,0.0215,0.02145,0.021425,0.021425]},"I":{"unit":"A","value":[-0.0043,-0.003791,-0.003232,-0.0026939999999999998,-0.0021880000000000003,-0.001774,-0.0013540000000000002,-0.000985,-0.00066,-0.000374,-0.000124,8.0e-5,0.000264,0.00040100000000000004,0.000515,0.000606,0.0006770000000000001,0.000726,0.000759,0.000791,0.000804,0.00082,0.000834,0.000838,0.000841,0.000852,0.0008489999999999999,0.00085,0.000856,0.000856,0.0008539999999999999,0.000857,0.00086,0.0008539999999999999,0.00086,0.000858,0.000857,0.000857]},"efficiency":{"unit":"%","value":6.534},"fill_factor":{"unit":"%","value":62.441256492703445},"jsc":{"unit":"mA\/cm2","value":21.45},"isc":{"unit":"mA","value":0.858},"voc":{"unit":"V","value":0.4878431372549019},"sweep_direction":{"unit":"","value":"Reverse"},"key":"reverse_4_323010308"},{"V":{"unit":"V","value":[0.7,0.68,0.66,0.64,0.62,0.6,0.58,0.56,0.54,0.52,0.5,0.48,0.46,0.44,0.42,0.4,0.38,0.36,0.34,0.32,0.3,0.28,0.26,0.24,0.22,0.2,0.18,0.16,0.14,0.12,0.1,0.08,0.06,0.04,0.02,0,-0.02,-0.04]},"J":{"unit":"A\/cm2","value":[-0.09885000000000001,-0.081925,-0.06557500000000001,-0.05077500000000001,-0.038924999999999994,-0.02785,-0.018425,-0.010799999999999999,-0.004375,0.001,0.005425,0.008975,0.012,0.014299999999999998,0.0162,0.01765,0.018699999999999998,0.019325,0.01995,0.020225,0.020375,0.020625,0.02075,0.020724999999999997,0.020849999999999997,0.0209,0.020825,0.020924999999999996,0.02095,0.0209,0.0209,0.021,0.020875,0.020974999999999997,0.020974999999999997,0.020974999999999997,0.020875,0.021049999999999996]},"I":{"unit":"A","value":[-0.003954,-0.003277,-0.0026230000000000003,-0.0020310000000000003,-0.001557,-0.0011140000000000002,-0.000737,-0.000432,-0.000175,4.0e-5,0.000217,0.000359,0.00047999999999999996,0.0005719999999999999,0.000648,0.0007059999999999999,0.000748,0.000773,0.000798,0.000809,0.000815,0.000825,0.00083,0.000829,0.000834,0.0008359999999999999,0.000833,0.000837,0.000838,0.0008359999999999999,0.0008359999999999999,0.0008399999999999999,0.0008349999999999999,0.000839,0.000839,0.000839,0.0008349999999999999,0.000842]},"efficiency":{"unit":"%","value":7.106},"fill_factor":{"unit":"%","value":64.68793730165955},"jsc":{"unit":"mA\/cm2","value":20.974999999999998},"isc":{"unit":"mA","value":0.839},"voc":{"unit":"V","value":0.5237209302325582},"sweep_direction":{"unit":"","value":"Reverse"},"key":"reverse_4_323010302"},{"V":{"unit":"V","value":[0.7,0.68,0.66,0.64,0.62,0.6,0.58,0.56,0.54,0.52,0.5,0.48,0.46,0.44,0.42,0.4,0.38,0.36,0.34,0.32,0.3,0.28,0.26,0.24,0.22,0.2,0.18,0.16,0.14,0.12,0.1,0.08,0.06,0.04,0.02,0,-0.02,-0.04]},"J":{"unit":"A\/cm2","value":[-0.11145000000000001,-0.100825,-0.08855,-0.076375,-0.06455,-0.05445,-0.04397499999999999,-0.03435,-0.025674999999999996,-0.0177,-0.0107,-0.004625,0.0006749999999999999,0.005125,0.008649999999999998,0.0114,0.0137,0.015349999999999999,0.016775,0.017799999999999996,0.01855,0.019074999999999998,0.019625,0.019875,0.0201,0.020425,0.020524999999999998,0.020625,0.020875,0.02095,0.021025,0.021175,0.021275,0.021224999999999997,0.021425,0.0215,0.021525,0.02165]},"I":{"unit":"A","value":[-0.004458,-0.004033,-0.003542,-0.003055,-0.0025819999999999997,-0.002178,-0.001759,-0.001374,-0.001027,-0.000708,-0.000428,-0.000185,2.7e-5,0.000205,0.00034599999999999995,0.000456,0.0005480000000000001,0.000614,0.000671,0.000712,0.000742,0.000763,0.000785,0.000795,0.000804,0.0008169999999999999,0.0008209999999999999,0.000825,0.0008349999999999999,0.000838,0.000841,0.000847,0.000851,0.0008489999999999999,0.000857,0.00086,0.000861,0.000866]},"efficiency":{"unit":"%","value":5.703500000000001},"fill_factor":{"unit":"%","value":57.351787467568506},"jsc":{"unit":"mA\/cm2","value":21.5},"isc":{"unit":"mA","value":0.86},"voc":{"unit":"V","value":0.4625471698113208},"sweep_direction":{"unit":"","value":"Reverse"},"key":"reverse_3_323010308"},{"V":{"unit":"V","value":[0.7,0.68,0.66,0.64,0.62,0.6,0.58,0.56,0.54,0.52,0.5,0.48,0.46,0.44,0.42,0.4,0.38,0.36,0.34,0.32,0.3,0.28,0.26,0.24,0.22,0.2,0.18,0.16,0.14,0.12,0.1,0.08,0.06,0.04,0.02,0,-0.02,-0.04]},"J":{"unit":"A\/cm2","value":[-0.09545000000000001,-0.079175,-0.0635,-0.049325,-0.037925,-0.02715,-0.017825,-0.010275,-0.003875,0.001425,0.005725000000000001,0.00915,0.01215,0.014499999999999999,0.01625,0.017775,0.01875,0.01945,0.02,0.020375,0.020474999999999997,0.02075,0.020825,0.020849999999999997,0.0209,0.021049999999999996,0.020924999999999996,0.021,0.021075,0.021,0.020974999999999997,0.021099999999999997,0.02095,0.021,0.021075,0.021049999999999996,0.021,0.021099999999999997]},"I":{"unit":"A","value":[-0.003818,-0.0031669999999999997,-0.00254,-0.001973,-0.001517,-0.0010860000000000002,-0.000713,-0.00041099999999999996,-0.000155,5.7e-5,0.000229,0.000366,0.000486,0.00058,0.00065,0.0007109999999999999,0.00075,0.000778,0.0008,0.000815,0.000819,0.00083,0.000833,0.000834,0.0008359999999999999,0.000842,0.000837,0.0008399999999999999,0.000843,0.0008399999999999999,0.000839,0.000844,0.000838,0.0008399999999999999,0.000843,0.000842,0.0008399999999999999,0.000844]},"efficiency":{"unit":"%","value":7.125000000000001},"fill_factor":{"unit":"%","value":64.42603673457027},"jsc":{"unit":"mA\/cm2","value":21.049999999999997},"isc":{"unit":"mA","value":0.842},"voc":{"unit":"V","value":0.5253773584905661},"sweep_direction":{"unit":"","value":"Reverse"},"key":"reverse_3_323010302"},{"V":{"unit":"V","value":[0.7,0.68,0.66,0.64,0.62,0.6,0.58,0.56,0.54,0.52,0.5,0.48,0.46,0.44,0.42,0.4,0.38,0.36,0.34,0.32,0.3,0.28,0.26,0.24,0.22,0.2,0.18,0.16,0.14,0.12,0.1,0.08,0.06,0.04,0.02,0,-0.02,-0.04]},"J":{"unit":"A\/cm2","value":[-0.10894999999999999,-0.098475,-0.086425,-0.07445,-0.06282499999999999,-0.052849999999999994,-0.042475,-0.032924999999999996,-0.024224999999999997,-0.016300000000000002,-0.009425000000000001,-0.00335,0.001825,0.0060999999999999995,0.009349999999999999,0.012275000000000001,0.014274999999999998,0.015925,0.017175,0.018075,0.01865,0.019274999999999997,0.019625,0.019825,0.020075,0.020275,0.020275,0.020524999999999998,0.020649999999999998,0.020649999999999998,0.020799999999999996,0.020875,0.020849999999999997,0.020875,0.021099999999999997,0.020924999999999996,0.021049999999999996,0.021125]},"I":{"unit":"A","value":[-0.004358,-0.003939,-0.003457,-0.002978,-0.002513,-0.002114,-0.001699,-0.001317,-0.000969,-0.000652,-0.000377,-0.000134,7.3e-5,0.000244,0.000374,0.000491,0.000571,0.000637,0.000687,0.000723,0.000746,0.000771,0.000785,0.0007930000000000001,0.000803,0.0008110000000000001,0.0008110000000000001,0.0008209999999999999,0.0008259999999999999,0.0008259999999999999,0.000832,0.0008349999999999999,0.000834,0.0008349999999999999,0.000844,0.000837,0.000842,0.0008449999999999999]},"efficiency":{"unit":"%","value":5.839500000000001},"fill_factor":{"unit":"%","value":59.7508241354919},"jsc":{"unit":"mA\/cm2","value":20.924999999999997},"isc":{"unit":"mA","value":0.837},"voc":{"unit":"V","value":0.4670531400966183},"sweep_direction":{"unit":"","value":"Reverse"},"key":"reverse_2_323010308"},{"V":{"unit":"V","value":[0.7,0.68,0.66,0.64,0.62,0.6,0.58,0.56,0.54,0.52,0.5,0.48,0.46,0.44,0.42,0.4,0.38,0.36,0.34,0.32,0.3,0.28,0.26,0.24,0.22,0.2,0.18,0.16,0.14,0.12,0.1,0.08,0.06,0.04,0.02,0,-0.02,-0.04]},"J":{"unit":"A\/cm2","value":[-0.090025,-0.07375,-0.058125,-0.0441,-0.03307499999999999,-0.022574999999999998,-0.013675000000000001,-0.006525,-0.0007,0.004125,0.0079,0.010875,0.0135,0.01555,0.017075,0.018425,0.019175,0.0198,0.020275,0.020524999999999998,0.020625,0.020825,0.0209,0.020849999999999997,0.021,0.021,0.02095,0.020974999999999997,0.021099999999999997,0.020924999999999996,0.021025,0.021099999999999997,0.021,0.021,0.021099999999999997,0.021025,0.020974999999999997,0.021125]},"I":{"unit":"A","value":[-0.003601,-0.0029500000000000004,-0.0023250000000000002,-0.001764,-0.001323,-0.000903,-0.0005470000000000001,-0.000261,-2.8e-5,0.000165,0.000316,0.000435,0.00054,0.000622,0.000683,0.000737,0.000767,0.0007920000000000001,0.0008110000000000001,0.0008209999999999999,0.000825,0.000833,0.0008359999999999999,0.000834,0.0008399999999999999,0.0008399999999999999,0.000838,0.000839,0.000844,0.000837,0.000841,0.000844,0.0008399999999999999,0.0008399999999999999,0.000844,0.000841,0.000839,0.0008449999999999999]},"efficiency":{"unit":"%","value":7.37},"fill_factor":{"unit":"%","value":65.26458606672367},"jsc":{"unit":"mA\/cm2","value":21.025},"isc":{"unit":"mA","value":0.841},"voc":{"unit":"V","value":0.537098445595855},"sweep_direction":{"unit":"","value":"Reverse"},"key":"reverse_2_323010302"},{"V":{"unit":"V","value":[0.8,0.78,0.76,0.74,0.72,0.7,0.68,0.66,0.64,0.62,0.6,0.58,0.56,0.54,0.52,0.5,0.48,0.46,0.44,0.42,0.4,0.38,0.36,0.34,0.32,0.3,0.28,0.26,0.24,0.22,0.2,0.18,0.16,0.14,0.12,0.1,0.08,0.06,0.04,0.02,0,-0.02,-0.04]},"J":{"unit":"A\/cm2","value":[-0.280475,-0.26844999999999997,-0.25205,-0.234225,-0.215425,-0.19604999999999997,-0.1764,-0.15680000000000002,-0.13747499999999999,-0.11865,-0.1006,-0.083475,-0.067425,-0.052775,-0.04069999999999999,-0.028975,-0.018875,-0.01035,-0.003225,0.0024500000000000004,0.006875,0.010225,0.012925,0.014825,0.016375,0.0175,0.018224999999999998,0.018850000000000002,0.019399999999999997,0.01955,0.0199,0.0201,0.020175000000000002,0.020325,0.020524999999999998,0.020474999999999997,0.020575,0.020724999999999997,0.020649999999999998,0.020625,0.02075,0.020649999999999998,0.020649999999999998]},"I":{"unit":"A","value":[-0.011219,-0.010738,-0.010082,-0.009369,-0.008617000000000001,-0.007842,-0.007056,-0.006272000000000001,-0.0054989999999999995,-0.004746,-0.004024,-0.003339,-0.002697,-0.002111,-0.0016279999999999999,-0.001159,-0.000755,-0.000414,-0.000129,9.800000000000001e-5,0.000275,0.00040899999999999997,0.000517,0.000593,0.000655,0.0007,0.0007289999999999999,0.000754,0.000776,0.000782,0.000796,0.000804,0.0008070000000000001,0.0008129999999999999,0.0008209999999999999,0.000819,0.000823,0.000829,0.0008259999999999999,0.000825,0.00083,0.0008259999999999999,0.0008259999999999999]},"efficiency":{"unit":"%","value":5.25},"fill_factor":{"unit":"%","value":59.02747681372974},"jsc":{"unit":"mA\/cm2","value":20.75},"isc":{"unit":"mA","value":0.83},"voc":{"unit":"V","value":0.42863436123348014},"sweep_direction":{"unit":"","value":"Reverse"},"key":"reverse_1_323010308"},{"V":{"unit":"V","value":[0.7,0.68,0.66,0.64,0.62,0.6,0.58,0.56,0.54,0.52,0.5,0.48,0.46,0.44,0.42,0.4,0.38,0.36,0.34,0.32,0.3,0.28,0.26,0.24,0.22,0.2,0.18,0.16,0.14,0.12,0.1,0.08,0.06,0.04,0.02,0,-0.02,-0.04]},"J":{"unit":"A\/cm2","value":[-0.09465000000000001,-0.07845,-0.0625,-0.048025,-0.0364,-0.025224999999999997,-0.01575,-0.008025000000000001,-0.00155,0.003675,0.007825,0.01105,0.013850000000000001,0.015825,0.017474999999999997,0.018675,0.019399999999999997,0.019975,0.020425,0.020575,0.0207,0.020924999999999996,0.020825,0.020924999999999996,0.021025,0.021,0.020924999999999996,0.021099999999999997,0.021,0.021,0.021049999999999996,0.021075,0.02095,0.021049999999999996,0.021075,0.020974999999999997,0.021075,0.021099999999999997]},"I":{"unit":"A","value":[-0.003786,-0.0031379999999999997,-0.0025,-0.001921,-0.001456,-0.001009,-0.00063,-0.000321,-6.2e-5,0.000147,0.000313,0.000442,0.000554,0.000633,0.000699,0.000747,0.000776,0.000799,0.0008169999999999999,0.000823,0.000828,0.000837,0.000833,0.000837,0.000841,0.0008399999999999999,0.000837,0.000844,0.0008399999999999999,0.0008399999999999999,0.000842,0.000843,0.000838,0.000842,0.000843,0.000839,0.000843,0.000844]},"efficiency":{"unit":"%","value":7.47},"fill_factor":{"unit":"%","value":66.68419307035043},"jsc":{"unit":"mA\/cm2","value":20.974999999999998},"isc":{"unit":"mA","value":0.839},"voc":{"unit":"V","value":0.534066985645933},"sweep_direction":{"unit":"","value":"Reverse"},"key":"reverse_1_323010302"},{"V":{"unit":"V","value":[-0.04,-0.02,0,0.02,0.04,0.06,0.08,0.1,0.12,0.14,0.16,0.18,0.2,0.22,0.24,0.26,0.28,0.3,0.32,0.34,0.36,0.38,0.4,0.42,0.44,0.46,0.48,0.5,0.52,0.54,0.56,0.58,0.6,0.62,0.64,0.66,0.68,0.7]},"J":{"unit":"A\/cm2","value":[0.021675,0.0215,0.021425,0.0215,0.0215,0.0214,0.02145,0.0215,0.021325,0.021425,0.021375,0.021325,0.021325,0.021425,0.0213,0.0213,0.021325,0.021175,0.0212,0.021224999999999997,0.021075,0.02095,0.020974999999999997,0.020625,0.020275,0.019825,0.019,0.017724999999999998,0.016149999999999998,0.013525,0.009925000000000002,0.004725,-0.002725,-0.01325,-0.027075,-0.044825,-0.0664,-0.091625]},"I":{"unit":"A","value":[0.000867,0.00086,0.000857,0.00086,0.00086,0.000856,0.000858,0.00086,0.000853,0.000857,0.000855,0.000853,0.000853,0.000857,0.000852,0.000852,0.000853,0.000847,0.000848,0.0008489999999999999,0.000843,0.000838,0.000839,0.000825,0.0008110000000000001,0.0007930000000000001,0.00076,0.000709,0.000646,0.000541,0.000397,0.000189,-0.00010899999999999999,-0.00053,-0.001083,-0.0017929999999999999,-0.002656,-0.003665]},"efficiency":{"unit":"%","value":9.120000000000001},"fill_factor":{"unit":"%","value":71.82082530684114},"jsc":{"unit":"mA\/cm2","value":21.425},"isc":{"unit":"mA","value":0.857},"voc":{"unit":"V","value":0.5926845637583893},"sweep_direction":{"unit":"","value":"Forward"},"key":"forward_4_323010308"},{"V":{"unit":"V","value":[-0.04,-0.02,0,0.02,0.04,0.06,0.08,0.1,0.12,0.14,0.16,0.18,0.2,0.22,0.24,0.26,0.28,0.3,0.32,0.34,0.36,0.38,0.4,0.42,0.44,0.46,0.48,0.5,0.52,0.54,0.56,0.58,0.6,0.62,0.64,0.66,0.68,0.7]},"J":{"unit":"A\/cm2","value":[0.021525,0.021349999999999997,0.021175,0.021224999999999997,0.02125,0.021099999999999997,0.02115,0.021125,0.021075,0.021049999999999996,0.02115,0.021,0.021049999999999996,0.021025,0.020974999999999997,0.020924999999999996,0.021049999999999996,0.0209,0.0209,0.020924999999999996,0.020875,0.020724999999999997,0.020799999999999996,0.020649999999999998,0.020399999999999998,0.02025,0.019825,0.019125,0.01815,0.016525,0.013725000000000001,0.00945,0.0028,-0.006900000000000001,-0.020175000000000002,-0.0375,-0.059125000000000004,-0.08485000000000001]},"I":{"unit":"A","value":[0.000861,0.0008539999999999999,0.000847,0.0008489999999999999,0.00085,0.000844,0.000846,0.0008449999999999999,0.000843,0.000842,0.000846,0.0008399999999999999,0.000842,0.000841,0.000839,0.000837,0.000842,0.0008359999999999999,0.0008359999999999999,0.000837,0.0008349999999999999,0.000829,0.000832,0.0008259999999999999,0.000816,0.0008100000000000001,0.0007930000000000001,0.0007650000000000001,0.000726,0.000661,0.000549,0.000378,0.000112,-0.00027600000000000004,-0.0008070000000000001,-0.0015,-0.0023650000000000003,-0.0033940000000000003]},"efficiency":{"unit":"%","value":9.5625},"fill_factor":{"unit":"%","value":74.5483398339392},"jsc":{"unit":"mA\/cm2","value":21.175},"isc":{"unit":"mA","value":0.847},"voc":{"unit":"V","value":0.6057731958762886},"sweep_direction":{"unit":"","value":"Forward"},"key":"forward_4_323010302"},{"V":{"unit":"V","value":[-0.04,-0.02,0,0.02,0.04,0.06,0.08,0.1,0.12,0.14,0.16,0.18,0.2,0.22,0.24,0.26,0.28,0.3,0.32,0.34,0.36,0.38,0.4,0.42,0.44,0.46,0.48,0.5,0.52,0.54,0.56,0.58,0.6,0.62,0.64,0.66,0.68,0.7]},"J":{"unit":"A\/cm2","value":[0.021625,0.021349999999999997,0.021275,0.0212,0.021125,0.0209,0.021025,0.020849999999999997,0.020775,0.02075,0.020625,0.0205,0.020474999999999997,0.020349999999999997,0.020125,0.0201,0.020025,0.019825,0.019850000000000003,0.01965,0.01945,0.019375,0.01905,0.018725,0.0184,0.01775,0.016875,0.015775,0.013925,0.0114,0.007775,0.002325,-0.005325,-0.015825,-0.029775000000000003,-0.047275,-0.068325,-0.092825]},"I":{"unit":"A","value":[0.000865,0.0008539999999999999,0.000851,0.000848,0.0008449999999999999,0.0008359999999999999,0.000841,0.000834,0.0008309999999999999,0.00083,0.000825,0.00082,0.000819,0.0008139999999999999,0.000805,0.000804,0.0008010000000000001,0.0007930000000000001,0.000794,0.000786,0.000778,0.000775,0.000762,0.000749,0.000736,0.0007099999999999999,0.000675,0.000631,0.0005570000000000001,0.000456,0.000311,9.3e-5,-0.000213,-0.000633,-0.001191,-0.001891,-0.002733,-0.003713]},"efficiency":{"unit":"%","value":8.165},"fill_factor":{"unit":"%","value":65.48334885571421},"jsc":{"unit":"mA\/cm2","value":21.275},"isc":{"unit":"mA","value":0.851},"voc":{"unit":"V","value":0.5860784313725489},"sweep_direction":{"unit":"","value":"Forward"},"key":"forward_3_323010308"},{"V":{"unit":"V","value":[-0.04,-0.02,0,0.02,0.04,0.06,0.08,0.1,0.12,0.14,0.16,0.18,0.2,0.22,0.24,0.26,0.28,0.3,0.32,0.34,0.36,0.38,0.4,0.42,0.44,0.46,0.48,0.5,0.52,0.54,0.56,0.58,0.6,0.62,0.64,0.66,0.68,0.7]},"J":{"unit":"A\/cm2","value":[0.0218,0.02155,0.021325,0.021349999999999997,0.021375,0.021275,0.021224999999999997,0.0213,0.02125,0.02115,0.021275,0.021125,0.021125,0.021125,0.021175,0.021,0.02115,0.021049999999999996,0.020974999999999997,0.020974999999999997,0.021025,0.020849999999999997,0.020825,0.020775,0.020524999999999998,0.020300000000000002,0.01995,0.019225000000000003,0.018125,0.016475,0.013550000000000001,0.0092,0.002625,-0.0069500000000000004,-0.02,-0.03675,-0.05747499999999999,-0.081875]},"I":{"unit":"A","value":[0.0008719999999999999,0.000862,0.000853,0.0008539999999999999,0.000855,0.000851,0.0008489999999999999,0.000852,0.00085,0.000846,0.000851,0.0008449999999999999,0.0008449999999999999,0.0008449999999999999,0.000847,0.0008399999999999999,0.000846,0.000842,0.000839,0.000839,0.000841,0.000834,0.000833,0.0008309999999999999,0.0008209999999999999,0.000812,0.000798,0.000769,0.000725,0.0006590000000000001,0.0005420000000000001,0.000368,0.00010499999999999999,-0.00027800000000000004,-0.0008,-0.00147,-0.002299,-0.0032749999999999997]},"efficiency":{"unit":"%","value":9.6125},"fill_factor":{"unit":"%","value":74.44668058906825},"jsc":{"unit":"mA\/cm2","value":21.325},"isc":{"unit":"mA","value":0.853},"voc":{"unit":"V","value":0.6054830287206266},"sweep_direction":{"unit":"","value":"Forward"},"key":"forward_3_323010302"},{"V":{"unit":"V","value":[-0.04,-0.02,0,0.02,0.04,0.06,0.08,0.1,0.12,0.14,0.16,0.18,0.2,0.22,0.24,0.26,0.28,0.3,0.32,0.34,0.36,0.38,0.4,0.42,0.44,0.46,0.48,0.5,0.52,0.54,0.56,0.58,0.6,0.62,0.64,0.66,0.68,0.7]},"J":{"unit":"A\/cm2","value":[0.021075,0.020775,0.020724999999999997,0.02075,0.020575,0.020599999999999997,0.020599999999999997,0.02045,0.02045,0.020474999999999997,0.020300000000000002,0.020325,0.020325,0.0202,0.020175000000000002,0.020175000000000002,0.020050000000000002,0.01995,0.020025,0.019775,0.01975,0.0197,0.019524999999999997,0.01925,0.019125,0.018574999999999998,0.01805,0.017150000000000002,0.015674999999999998,0.013375,0.0101,0.004875,-0.0025999999999999994,-0.01295,-0.026650000000000004,-0.0439,-0.06459999999999999,-0.08852499999999999]},"I":{"unit":"A","value":[0.000843,0.0008309999999999999,0.000829,0.00083,0.000823,0.000824,0.000824,0.0008179999999999999,0.0008179999999999999,0.000819,0.000812,0.0008129999999999999,0.0008129999999999999,0.000808,0.0008070000000000001,0.0008070000000000001,0.0008020000000000001,0.000798,0.0008010000000000001,0.000791,0.00079,0.0007880000000000001,0.000781,0.0007700000000000001,0.0007650000000000001,0.000743,0.000722,0.0006860000000000001,0.000627,0.000535,0.000404,0.000195,-0.000104,-0.000518,-0.001066,-0.001756,-0.002584,-0.003541]},"efficiency":{"unit":"%","value":8.664},"fill_factor":{"unit":"%","value":70.49160030988119},"jsc":{"unit":"mA\/cm2","value":20.724999999999998},"isc":{"unit":"mA","value":0.829},"voc":{"unit":"V","value":0.5930434782608696},"sweep_direction":{"unit":"","value":"Forward"},"key":"forward_2_323010308"},{"V":{"unit":"V","value":[-0.04,-0.02,0,0.02,0.04,0.06,0.08,0.1,0.12,0.14,0.16,0.18,0.2,0.22,0.24,0.26,0.28,0.3,0.32,0.34,0.36,0.38,0.4,0.42,0.44,0.46,0.48,0.5,0.52,0.54,0.56,0.58,0.6,0.62,0.64,0.66,0.68,0.7]},"J":{"unit":"A\/cm2","value":[0.021724999999999998,0.021349999999999997,0.021349999999999997,0.02115,0.021275,0.02125,0.021099999999999997,0.021099999999999997,0.021125,0.021099999999999997,0.02095,0.021099999999999997,0.021049999999999996,0.021125,0.021224999999999997,0.021075,0.0209,0.021099999999999997,0.021025,0.021025,0.020974999999999997,0.020875,0.020775,0.020775,0.020625,0.02025,0.02,0.019375,0.018475,0.016925,0.0146,0.010424999999999999,0.0043,-0.004825,-0.0175,-0.033925,-0.054049999999999994,-0.07775]},"I":{"unit":"A","value":[0.000869,0.0008539999999999999,0.0008539999999999999,0.000846,0.000851,0.00085,0.000844,0.000844,0.0008449999999999999,0.000844,0.000838,0.000844,0.000842,0.0008449999999999999,0.0008489999999999999,0.000843,0.0008359999999999999,0.000844,0.000841,0.000841,0.000839,0.0008349999999999999,0.0008309999999999999,0.0008309999999999999,0.000825,0.0008100000000000001,0.0008,0.000775,0.000739,0.0006770000000000001,0.000584,0.000417,0.00017199999999999998,-0.000193,-0.0007,-0.001357,-0.002162,-0.00311]},"efficiency":{"unit":"%","value":9.6875},"fill_factor":{"unit":"%","value":74.45499078350525},"jsc":{"unit":"mA\/cm2","value":21.349999999999998},"isc":{"unit":"mA","value":0.854},"voc":{"unit":"V","value":0.6094246575342465},"sweep_direction":{"unit":"","value":"Forward"},"key":"forward_2_323010302"},{"V":{"unit":"V","value":[-0.04,-0.02,0,0.02,0.04,0.06,0.08,0.1,0.12,0.14,0.16,0.18,0.2,0.22,0.24,0.26,0.28,0.3,0.32,0.34,0.36,0.38,0.4,0.42,0.44,0.46,0.48,0.5,0.52,0.54,0.56,0.58,0.6,0.62,0.64,0.66,0.68,0.7,0.72,0.74,0.76,0.78,0.8]},"J":{"unit":"A\/cm2","value":[0.020474999999999997,0.020125,0.020075,0.020125,0.020025,0.0199,0.020025,0.019925000000000002,0.019850000000000003,0.0199,0.0199,0.0198,0.019875,0.019825,0.019775,0.019725000000000003,0.0198,0.019625,0.019625,0.019625,0.019425,0.019375,0.019325,0.019100000000000002,0.018824999999999998,0.018574999999999998,0.017875,0.017025000000000002,0.015625,0.013375,0.009775,0.004575,-0.003225,-0.013900000000000001,-0.028075,-0.046125,-0.068025,-0.093375,-0.121625,-0.15234999999999999,-0.185125,-0.219625,-0.25565]},"I":{"unit":"A","value":[0.000819,0.000805,0.000803,0.000805,0.0008010000000000001,0.000796,0.0008010000000000001,0.0007970000000000001,0.000794,0.000796,0.000796,0.0007920000000000001,0.000795,0.0007930000000000001,0.000791,0.000789,0.0007920000000000001,0.000785,0.000785,0.000785,0.000777,0.000775,0.000773,0.000764,0.000753,0.000743,0.0007149999999999999,0.0006810000000000001,0.000625,0.000535,0.000391,0.000183,-0.000129,-0.0005560000000000001,-0.001123,-0.001845,-0.002721,-0.003735,-0.004865,-0.0060940000000000005,-0.007405,-0.008785,-0.010226]},"efficiency":{"unit":"%","value":8.579999999999998},"fill_factor":{"unit":"%","value":72.22833127801941},"jsc":{"unit":"mA\/cm2","value":20.075},"isc":{"unit":"mA","value":0.803},"voc":{"unit":"V","value":0.5917307692307693},"sweep_direction":{"unit":"","value":"Forward"},"key":"forward_1_323010308"},{"V":{"unit":"V","value":[-0.04,-0.02,0,0.02,0.04,0.06,0.08,0.1,0.12,0.14,0.16,0.18,0.2,0.22,0.24,0.26,0.28,0.3,0.32,0.34,0.36,0.38,0.4,0.42,0.44,0.46,0.48,0.5,0.52,0.54,0.56,0.58,0.6,0.62,0.64,0.66,0.68,0.7]},"J":{"unit":"A\/cm2","value":[0.021625,0.0213,0.021275,0.021275,0.0212,0.02115,0.021275,0.021075,0.021175,0.021175,0.021125,0.021049999999999996,0.0212,0.021025,0.021049999999999996,0.021099999999999997,0.021099999999999997,0.021,0.021075,0.021025,0.02095,0.021025,0.0209,0.020799999999999996,0.020799999999999996,0.020674999999999995,0.020375,0.02015,0.01955,0.018349999999999998,0.01645,0.013,0.0070999999999999995,-0.0018499999999999999,-0.014825,-0.032225,-0.053825000000000005,-0.07934999999999999]},"I":{"unit":"A","value":[0.000865,0.000852,0.000851,0.000851,0.000848,0.000846,0.000851,0.000843,0.000847,0.000847,0.0008449999999999999,0.000842,0.000848,0.000841,0.000842,0.000844,0.000844,0.0008399999999999999,0.000843,0.000841,0.000838,0.000841,0.0008359999999999999,0.000832,0.000832,0.0008269999999999999,0.000815,0.0008060000000000001,0.000782,0.000734,0.0006580000000000001,0.0005200000000000001,0.00028399999999999996,-7.4e-5,-0.000593,-0.001289,-0.002153,-0.0031739999999999997]},"efficiency":{"unit":"%","value":10.166},"fill_factor":{"unit":"%","value":77.58796532381439},"jsc":{"unit":"mA\/cm2","value":21.275},"isc":{"unit":"mA","value":0.851},"voc":{"unit":"V","value":0.6158659217877095},"sweep_direction":{"unit":"","value":"Forward"},"key":"forward_1_323010302"}]}}