{"_id":"652d986c13121a382d68820d","id":"CAU-SC-00239","author":73,"group":7,"input":[{"tco":{"unit":"","value":"ITO"}},[],{"htl":[{"material":{"unit":"","value":"PEDOT:PSS"},"concentration":{"unit":"","value":"None"},"conc_unit":{"unit":"","value":"mg\/ml"},"quantity":{"unit":"ml","value":"Material"}}],"spin_coating":[{"type":{"unit":"","value":"drop&run"},"rpm":{"unit":"","value":"5000"},"time":{"unit":"s","value":"30"}}],"annealing":[{"temperature":{"unit":"oC","value":"150"},"time":{"unit":"m","value":"20"}}]},[],{"perovskite":{"method":{"unit":"","value":"1step"},"molarity":{"unit":"M","value":"1"},"a_site":[{"material":{"unit":"","value":"FA"},"ratio":{"unit":"","value":"75"}},{"material":{"unit":"","value":"MA"},"ratio":{"unit":"","value":"15"}},{"material":{"unit":"","value":"PEA"},"ratio":{"unit":"","value":"10"}}],"b_site":[{"material":{"unit":"","value":"Sn"},"ratio":{"unit":"","value":"100"}}],"x_site":[{"material":{"unit":"","value":"I"},"ratio":{"unit":"","value":"66.66"}},{"material":{"unit":"","value":"Br"},"ratio":{"unit":"","value":"33.33"}}],"solvent":[{"material":{"unit":"","value":"DMF"},"volume":{"unit":"ml","value":"0.8"}},{"material":{"unit":"","value":"DMSO"},"volume":{"unit":"ml","value":"0.2"}}],"additive":[{"material":{"unit":"","value":"SnF2"},"solvent":{"unit":"","value":"none"},"concentration":{"unit":"","value":"15.6"},"conc_unit":{"unit":"","value":"mg\/ml"},"quantity":{"unit":"mol%","value":"10"}},{"material":{"unit":"","value":"Sn"},"solvent":{"unit":"","value":"None"},"concentration":{"unit":"","value":"11.8"},"conc_unit":{"unit":"","value":"mg\/ml"},"quantity":{"unit":"mol%","value":"10"}}],"stirring_time":[{"unit":"m","value":"150"}],"antisolvent":[{"material":{"unit":"","value":"Toluene"},"quantity":{"unit":"ul","value":"200"},"dripping_time":{"unit":"s","value":"10"}}],"spin_coating":[{"type":{"unit":"","value":"drop&run"},"rpm":{"unit":"","value":"8000"},"time":{"unit":"s","value":"30"}}],"annealing":[{"temperature":{"unit":"oC","value":"70"},"time":{"unit":"m","value":"10"}}],"atmosphere":[{"type":{"unit":"","value":"N2"},"temperature":{"unit":"oC","value":"25"},"humidity":{"unit":"RH%","value":"0"}}]}},{"etl":[{"material":{"unit":"","value":"PC61BM"},"concentration":{"unit":"","value":"20"},"conc_unit":{"unit":"","value":"mg\/ml"},"quantity":{"unit":"ml","value":"Material"}}],"solvent":[{"material":{"unit":"","value":"CB"},"volume":{"unit":"ml","value":"0.75"}},{"material":{"unit":"","value":"DCB"},"volume":{"unit":"ml","value":"0.25"}}],"spin_coating":[{"type":{"unit":"","value":"drop&run"},"rpm":{"unit":"","value":"1500"},"time":{"unit":"s","value":"30"}}],"annealing":[{"temperature":{"unit":"oC","value":"80"},"time":{"unit":"m","value":"10"}}]},{"blocking_buffer_layer":[{"material":{"unit":"","value":"BCP"},"concentration":{"unit":"","value":"0.5"},"conc_unit":{"unit":"","value":"mg\/ml"},"quantity":{"unit":"ml","value":"Material"}}],"solvent":[{"material":{"unit":"","value":"IPA"},"volume":{"unit":"ml","value":"1"}}],"spin_coating":[{"type":{"unit":"","value":"dynamic"},"rpm":{"unit":"","value":"6000"},"time":{"unit":"s","value":"30"}}],"annealing":[{"temperature":{"unit":"oC","value":"70"},"time":{"unit":"m","value":"10"}}]},{"anode_metal":{"unit":"","value":"Ag"}},{"note":{"unit":"","value":"PEA15, Sn 10%, PCBM 80oC"},"ar":{"unit":"","value":"0"},"type":{"unit":"","value":"unit_cell"},"device_type":{"unit":"","value":"p-i-n"},"temperature":{"unit":"\u2103","value":"25"},"humidity":{"unit":"%","value":"25"},"cell_dimension":{"unit":"cm2","value":"0.04"}}],"fileinfo":[{"key":"52203189","uploadType":"JV","original_name":"52203189.xlsx","save_name":"CAU-SC-00239\/52203189","uploader":73,"fileType":"group"}],"updated_at":"2024-06-03 08:38:34","created_at":"2023-10-16 20:09:16","jvcnt":2,"analysisInfo":{"JV":[{"efficiency":6.6494687500000005,"fill_factor":66.15890996716936,"jsc":14.231249999999998,"voc":0.7062452830188679,"key":"reverse_1_52203189","cell_dimension":null},{"efficiency":7.0525,"fill_factor":68.27181669948966,"jsc":14.4375,"voc":0.7155,"key":"forward_1_52203189","cell_dimension":null}]},"public":2,"analysis":{"JV":[{"V":{"unit":"V","value":[0.747,0.727,0.707,0.687,0.667,0.647,0.627,0.607,0.587,0.567,0.547,0.527,0.507,0.487,0.467,0.447,0.427,0.407,0.387,0.367,0.347,0.327,0.307,0.287,0.267,0.247,0.227,0.207,0.187,0.167,0.147,0.127,0.107,0.087,0.067,0.047,0.027,0.007,-0.013,-0.033,0,0,0]},"J":{"unit":"A\/cm2","value":[-0.008843749999999997,-0.00415625,-0.000125,0.0031875,0.005562499999999999,0.007593749999999999,0.009125,0.0101875,0.011124999999999998,0.011624999999999998,0.01215625,0.0125,0.01275,0.012937499999999998,0.01315625,0.01328125,0.0134375,0.0135,0.01365625,0.01365625,0.0138125,0.01378125,0.01390625,0.01390625,0.014000000000000002,0.013968749999999999,0.0140625,0.014000000000000002,0.014125000000000002,0.014093749999999999,0.01415625,0.0140625,0.0141875,0.014125000000000002,0.014250000000000002,0.01415625,0.014250000000000002,0.0141875,0.0143125,0.01421875,0,0,0]},"I":{"unit":"A","value":[-0.00035374999999999995,-0.00016625,-5.0e-6,0.0001275,0.0002225,0.00030375,0.000365,0.00040750000000000004,0.000445,0.00046499999999999997,0.00048625000000000003,0.0005,0.00051,0.0005175,0.00052625,0.00053125,0.0005375,0.00054,0.00054625,0.00054625,0.0005525,0.00055125,0.00055625,0.00055625,0.0005600000000000001,0.00055875,0.0005625,0.0005600000000000001,0.0005650000000000001,0.00056375,0.00056625,0.0005625,0.0005675,0.0005650000000000001,0.0005700000000000001,0.00056625,0.0005700000000000001,0.0005675,0.0005725,0.00056875,0,0,0]},"efficiency":{"unit":"%","value":6.6494687500000005},"fill_factor":{"unit":"%","value":66.15890996716936},"jsc":{"unit":"mA\/cm2","value":14.231249999999998},"isc":{"unit":"mA","value":0.5692499999999999},"voc":{"unit":"V","value":0.7062452830188679},"sweep_direction":{"unit":"","value":"Reverse"},"key":"reverse_1_52203189"},{"V":{"unit":"V","value":[-0.04,-0.02,0,0.02,0.04,0.06,0.08,0.1,0.12,0.14,0.16,0.18,0.2,0.22,0.24,0.26,0.28,0.3,0.32,0.34,0.36,0.38,0.4,0.42,0.44,0.46,0.48,0.5,0.52,0.54,0.56,0.58,0.6,0.62,0.64,0.66,0.68,0.7,0.72,0.74,0.76,0.78,0.8]},"J":{"unit":"A\/cm2","value":[0.014656249999999997,0.01440625,0.0144375,0.0143125,0.01440625,0.014250000000000002,0.01434375,0.01428125,0.0143125,0.0141875,0.0143125,0.0141875,0.014250000000000002,0.014125000000000002,0.01421875,0.014093749999999999,0.0141875,0.01403125,0.014093749999999999,0.013968749999999999,0.01403125,0.013875000000000002,0.0139375,0.01378125,0.01375,0.013593749999999998,0.01353125,0.01328125,0.01315625,0.012843749999999998,0.01259375,0.01209375,0.01153125,0.01046875,0.00940625,0.007875,0.00578125,0.0029062499999999995,-0.00084375,-0.005687499999999999,-0.0116875,-0.0189375,-0.0275]},"I":{"unit":"A","value":[0.00058625,0.00057625,0.0005775,0.0005725,0.00057625,0.0005700000000000001,0.0005737499999999999,0.00057125,0.0005725,0.0005675,0.0005725,0.0005675,0.0005700000000000001,0.0005650000000000001,0.00056875,0.00056375,0.0005675,0.00056125,0.00056375,0.00055875,0.00056125,0.000555,0.0005574999999999999,0.00055125,0.00055,0.00054375,0.00054125,0.00053125,0.00052625,0.0005137499999999999,0.0005037500000000001,0.00048375,0.00046125,0.00041875,0.00037624999999999996,0.000315,0.00023125,0.00011624999999999999,-3.375e-5,-0.00022749999999999997,-0.00046750000000000003,-0.0007574999999999999,-0.0011]},"efficiency":{"unit":"%","value":7.0525},"fill_factor":{"unit":"%","value":68.27181669948966},"jsc":{"unit":"mA\/cm2","value":14.4375},"isc":{"unit":"mA","value":0.5775},"voc":{"unit":"V","value":0.7155},"sweep_direction":{"unit":"","value":"Forward"},"key":"forward_1_52203189"}]}}