{"_id":"653148df6499622b4e49ca00","id":"CAU-SC-00550","author":71,"group":7,"input":[{"tco":{"unit":"","value":"ITO"}},{"htl":[{"material":{"unit":"","value":"NiOx_Solgel"},"concentration":{"unit":"","value":"0.8"},"conc_unit":{"unit":"","value":"M"},"quantity":{"unit":"ml","value":"None"}}],"solvent":[{"material":{"unit":"","value":"EG"},"volume":{"unit":"ml","value":"1"}},{"material":{"unit":"","value":"EDA"},"volume":{"unit":"ml","value":"0.0536"}}],"spin_coating":[{"type":{"unit":"","value":"drop&run"},"rpm":{"unit":"","value":"5000"},"time":{"unit":"s","value":"50"}}],"annealing":[{"temperature":{"unit":"oC","value":"150"},"time":{"unit":"m","value":"5"}},{"temperature":{"unit":"oC","value":"300"},"time":{"unit":"m","value":"60"}}]},{"htl_treatment":[{"material":{"unit":"","value":"MeO-2PACz"},"concentration":{"unit":"","value":"0.4"},"conc_unit":{"unit":"","value":"mg\/ml"},"quantity":{"unit":"ml","value":"None"}}],"solvent":[{"material":{"unit":"","value":"Ethanol"},"volume":{"unit":"ml","value":"1"}}],"spin_coating":[{"type":{"unit":"","value":"drop&run"},"rpm":{"unit":"","value":"5000"},"time":{"unit":"s","value":"20"}}],"annealing":[{"temperature":{"unit":"oC","value":"100"},"time":{"unit":"m","value":"10"}}]},{"perovskite":{"method":{"unit":"","value":"1step"},"molarity":{"unit":"M","value":"1.1"},"a_site":[{"material":{"unit":"","value":"FA"},"ratio":{"unit":"","value":"83.14"}},{"material":{"unit":"","value":"Cs"},"ratio":{"unit":"","value":"16.66"}},{"material":{"unit":"","value":"BA"},"ratio":{"unit":"","value":"2"}}],"b_site":[{"material":{"unit":"","value":"Pb"},"ratio":{"unit":"","value":"100"}}],"x_site":[{"material":{"unit":"","value":"I"},"ratio":{"unit":"","value":"83"}},{"material":{"unit":"","value":"Br"},"ratio":{"unit":"","value":"17"}}],"solvent":[{"material":{"unit":"","value":"DMF"},"volume":{"unit":"ml","value":"0.8"}},{"material":{"unit":"","value":"DMSO"},"volume":{"unit":"ml","value":"0.2"}}],"additive":[{"material":{"unit":"","value":"MACl"},"solvent":{"unit":"","value":"none"},"concentration":{"unit":"","value":"7.4"},"conc_unit":{"unit":"","value":"mg\/ml"},"quantity":{"unit":"mol%","value":"10"}}],"antisolvent":[{"material":{"unit":"","value":"Anisole"},"quantity":{"unit":"ul","value":"300"},"dripping_time":{"unit":"s","value":"25"}}],"spin_coating":[{"type":{"unit":"","value":"drop&run"},"rpm":{"unit":"","value":"4000"},"time":{"unit":"s","value":"30"}}],"annealing":[{"temperature":{"unit":"oC","value":"75"},"time":{"unit":"m","value":"1"}},{"temperature":{"unit":"oC","value":"120"},"time":{"unit":"m","value":"10"}}],"atmosphere":[{"type":{"unit":"","value":"N2"},"temperature":{"unit":"oC","value":"25"},"humidity":{"unit":"RH%","value":"0"}}]}},{"etl":[{"material":{"unit":"","value":"ZnO"},"concentration":{"unit":"","value":"1.25"},"conc_unit":{"unit":"","value":"wt%"},"quantity":{"unit":"ml","value":"None"}}],"solvent":[{"material":{"unit":"","value":"IPA"},"volume":{"unit":"ml","value":"1"}}],"spin_coating":[{"type":{"unit":"","value":"drop&run"},"rpm":{"unit":"","value":"3000"},"time":{"unit":"s","value":"30"}}],"annealing":[{"temperature":{"unit":"oC","value":"100"},"time":{"unit":"m","value":"5"}}]},{"etl":[{"material":{"unit":"","value":"SnO2"},"concentration":{"unit":"","value":"15"},"conc_unit":{"unit":"","value":"mg\/ml"},"quantity":{"unit":"ml","value":"None"}}],"solvent":[{"material":{"unit":"","value":"TFE"},"volume":{"unit":"ml","value":"1"}}],"spin_coating":[{"type":{"unit":"","value":"drop&run"},"rpm":{"unit":"","value":"3000"},"time":{"unit":"s","value":"30"}}],"annealing":[{"temperature":{"unit":"oC","value":"100"},"time":{"unit":"m","value":"5"}}]},{"anode_metal":{"unit":"","value":"Ag"}},{"note":{"unit":"","value":"230629 ZnO \/ SnO2 \/ Ag"},"ar":{"unit":"","value":"0"},"type":{"unit":"","value":"unit_cell"},"device_type":{"unit":"","value":"p-i-n"},"temperature":{"unit":"\u2103","value":"25"},"humidity":{"unit":"%","value":"30"},"cell_dimension":{"unit":"cm2","value":"0.04"}}],"fileinfo":[{"key":"423062911","uploadType":"JV","original_name":"423062911.xlsx","save_name":"CAU-SC-00550\/423062911","uploader":71,"fileType":"group"}],"jvcnt":14,"updated_at":"2024-06-03 08:38:35","created_at":"2023-10-19 15:18:55","analysisInfo":{"JV":[{"efficiency":12.464625,"fill_factor":63.43968325010282,"jsc":18.108749999999997,"voc":1.0850000000000002,"key":"reverse_7_423062911","cell_dimension":null},{"efficiency":10.757775,"fill_factor":57.26529063030617,"jsc":18.535625,"voc":1.0134999999999998,"key":"reverse_6_423062911","cell_dimension":null},{"efficiency":12.6007,"fill_factor":66.04338742931122,"jsc":17.69625,"voc":1.0781621621621624,"key":"reverse_5_423062911","cell_dimension":null},{"efficiency":12.400125000000001,"fill_factor":65.26995700668704,"jsc":17.563749999999995,"voc":1.0816717557251907,"key":"reverse_4_423062911","cell_dimension":null},{"efficiency":12.419375,"fill_factor":67.45554807113456,"jsc":17.578124999999996,"voc":1.0473926380368097,"key":"reverse_3_423062911","cell_dimension":null},{"efficiency":12.288,"fill_factor":66.70863853283602,"jsc":17.7,"voc":1.0407007299270072,"key":"reverse_2_423062911","cell_dimension":null},{"efficiency":11.5297,"fill_factor":64.13178434079204,"jsc":18.0225,"voc":0.9975384615384616,"key":"reverse_1_423062911","cell_dimension":null},{"efficiency":6.338750000000001,"fill_factor":32.2826250383606,"jsc":19.493750000000002,"voc":1.0072549019607842,"key":"forward_7_423062911","cell_dimension":null},{"efficiency":7.227499999999999,"fill_factor":39.0695339049895,"jsc":19.49375,"voc":0.948974358974359,"key":"forward_6_423062911","cell_dimension":null},{"efficiency":5.98125,"fill_factor":31.41190728677474,"jsc":19.218749999999996,"voc":0.9907692307692307,"key":"forward_5_423062911","cell_dimension":null},{"efficiency":5.83,"fill_factor":30.51697837711849,"jsc":19.2625,"voc":0.9917777777777778,"key":"forward_4_423062911","cell_dimension":null},{"efficiency":6.1655,"fill_factor":32.99895227280743,"jsc":19.26875,"voc":0.9696491228070175,"key":"forward_3_423062911","cell_dimension":null},{"efficiency":5.665,"fill_factor":30.34874538875859,"jsc":19.55,"voc":0.9548,"key":"forward_2_423062911","cell_dimension":null},{"efficiency":5.72475,"fill_factor":31.552078704517033,"jsc":19.59375,"voc":0.926,"key":"forward_1_423062911","cell_dimension":null}]},"public":2,"analysis":{"JV":[{"V":{"unit":"V","value":[1.133,1.093,1.053,1.013,0.973,0.933,0.893,0.853,0.813,0.773,0.733,0.693,0.653,0.613,0.573,0.533,0.493,0.453,0.413,0.373,0.333,0.293,0.253,0.213,0.173,0.133,0.093,0.053,0.013,-0.027]},"J":{"unit":"A\/cm2","value":[-0.0056500000000000005,-0.00075,0.003,0.005925,0.008400000000000001,0.010549999999999999,0.0124,0.01395,0.015175,0.016125,0.016800000000000002,0.017349999999999997,0.01775,0.018025,0.018275,0.018425,0.018574999999999998,0.018675,0.01875,0.0188,0.018775,0.018775,0.018675,0.018625,0.01855,0.018425,0.0183,0.0182,0.018125,0.018075]},"I":{"unit":"A","value":[-0.00022600000000000002,-2.9999999999999997e-5,0.00011999999999999999,0.000237,0.00033600000000000004,0.000422,0.000496,0.000558,0.000607,0.0006450000000000001,0.0006720000000000001,0.000694,0.0007099999999999999,0.000721,0.000731,0.000737,0.000743,0.000747,0.00075,0.000752,0.000751,0.000751,0.000747,0.000745,0.000742,0.000737,0.000732,0.000728,0.000725,0.000723]},"efficiency":{"unit":"%","value":12.464625},"fill_factor":{"unit":"%","value":63.43968325010282},"jsc":{"unit":"mA\/cm2","value":18.108749999999997},"isc":{"unit":"mA","value":0.7243499999999999},"voc":{"unit":"V","value":1.0850000000000002},"sweep_direction":{"unit":"","value":"Reverse"},"key":"reverse_7_423062911"},{"V":{"unit":"V","value":[1.061,1.021,0.981,0.941,0.901,0.861,0.821,0.781,0.741,0.701,0.661,0.621,0.581,0.541,0.501,0.461,0.421,0.381,0.341,0.301,0.261,0.221,0.181,0.141,0.101,0.061,0.021,-0.019]},"J":{"unit":"A\/cm2","value":[-0.000975,-0.00015,0.0006499999999999999,0.001475,0.00225,0.003025,0.0037749999999999997,0.007075,0.008975,0.015175,0.016274999999999998,0.017125,0.0177,0.018075,0.018325,0.018475,0.01865,0.018875,0.018925,0.018949999999999998,0.018925,0.018925,0.018824999999999998,0.018775,0.018675,0.018625,0.018574999999999998,0.0185]},"I":{"unit":"A","value":[-3.9e-5,-6.0e-6,2.6e-5,5.9e-5,8.999999999999999e-5,0.000121,0.00015099999999999998,0.000283,0.000359,0.000607,0.000651,0.0006850000000000001,0.000708,0.000723,0.000733,0.000739,0.000746,0.000755,0.000757,0.000758,0.000757,0.000757,0.000753,0.000751,0.000747,0.000745,0.000743,0.00074]},"efficiency":{"unit":"%","value":10.757775},"fill_factor":{"unit":"%","value":57.26529063030617},"jsc":{"unit":"mA\/cm2","value":18.535625},"isc":{"unit":"mA","value":0.741425},"voc":{"unit":"V","value":1.0134999999999998},"sweep_direction":{"unit":"","value":"Reverse"},"key":"reverse_6_423062911"},{"V":{"unit":"V","value":[1.126,1.086,1.046,1.006,0.966,0.926,0.886,0.846,0.806,0.766,0.726,0.686,0.646,0.606,0.566,0.526,0.486,0.446,0.406,0.366,0.326,0.286,0.246,0.206,0.166,0.126,0.086,0.046,0.006,-0.034]},"J":{"unit":"A\/cm2","value":[-0.005425,-0.000725,0.0029749999999999998,0.006024999999999999,0.008649999999999998,0.010875,0.0128,0.014325,0.01555,0.01645,0.017075,0.017575,0.017849999999999998,0.018125,0.01825,0.018425,0.0185,0.018574999999999998,0.018625,0.018625,0.018625,0.018574999999999998,0.0185,0.018375,0.01825,0.018099999999999998,0.017924999999999996,0.017799999999999996,0.0177,0.017674999999999996]},"I":{"unit":"A","value":[-0.000217,-2.9e-5,0.00011899999999999999,0.000241,0.00034599999999999995,0.000435,0.000512,0.0005729999999999999,0.000622,0.0006580000000000001,0.000683,0.000703,0.000714,0.000725,0.00073,0.000737,0.00074,0.000743,0.000745,0.000745,0.000745,0.000743,0.00074,0.000735,0.00073,0.0007239999999999999,0.000717,0.000712,0.000708,0.000707]},"efficiency":{"unit":"%","value":12.6007},"fill_factor":{"unit":"%","value":66.04338742931122},"jsc":{"unit":"mA\/cm2","value":17.69625},"isc":{"unit":"mA","value":0.70785},"voc":{"unit":"V","value":1.0781621621621624},"sweep_direction":{"unit":"","value":"Reverse"},"key":"reverse_5_423062911"},{"V":{"unit":"V","value":[1.129,1.089,1.049,1.009,0.969,0.929,0.889,0.849,0.809,0.769,0.729,0.689,0.649,0.609,0.569,0.529,0.489,0.449,0.409,0.369,0.329,0.289,0.249,0.209,0.169,0.129,0.089,0.049,0.009,-0.031]},"J":{"unit":"A\/cm2","value":[-0.0046749999999999995,-0.0006,0.002675,0.005525,0.00805,0.010275,0.012225,0.013850000000000001,0.015175,0.016125,0.01685,0.0174,0.017775,0.01805,0.0182,0.0184,0.0185,0.01855,0.0186,0.0186,0.018625,0.01855,0.0185,0.018375,0.018224999999999998,0.018099999999999998,0.017875,0.01775,0.017575,0.017525]},"I":{"unit":"A","value":[-0.000187,-2.4e-5,0.000107,0.000221,0.000322,0.00041099999999999996,0.000489,0.000554,0.000607,0.0006450000000000001,0.000674,0.000696,0.0007109999999999999,0.000722,0.000728,0.000736,0.00074,0.000742,0.000744,0.000744,0.000745,0.000742,0.00074,0.000735,0.0007289999999999999,0.0007239999999999999,0.0007149999999999999,0.0007099999999999999,0.000703,0.0007009999999999999]},"efficiency":{"unit":"%","value":12.400125000000001},"fill_factor":{"unit":"%","value":65.26995700668704},"jsc":{"unit":"mA\/cm2","value":17.563749999999995},"isc":{"unit":"mA","value":0.7025499999999999},"voc":{"unit":"V","value":1.0816717557251907},"sweep_direction":{"unit":"","value":"Reverse"},"key":"reverse_4_423062911"},{"V":{"unit":"V","value":[1.095,1.055,1.015,0.975,0.935,0.895,0.855,0.815,0.775,0.735,0.695,0.655,0.615,0.575,0.535,0.495,0.455,0.415,0.375,0.335,0.295,0.255,0.215,0.175,0.135,0.095,0.055,0.015,-0.025]},"J":{"unit":"A\/cm2","value":[-0.005825,-0.000775,0.0033000000000000004,0.0066749999999999995,0.0095,0.0118,0.01365,0.015024999999999998,0.016024999999999998,0.01675,0.017224999999999997,0.017625,0.017875,0.018099999999999998,0.018224999999999998,0.018375,0.018449999999999998,0.018475,0.018525,0.018475,0.0185,0.018425,0.018375,0.018275,0.018099999999999998,0.017974999999999998,0.017799999999999996,0.017625,0.0175]},"I":{"unit":"A","value":[-0.00023300000000000003,-3.1e-5,0.000132,0.00026700000000000004,0.00038,0.000472,0.000546,0.000601,0.000641,0.00067,0.0006889999999999999,0.000705,0.0007149999999999999,0.0007239999999999999,0.0007289999999999999,0.000735,0.0007379999999999999,0.000739,0.000741,0.000739,0.00074,0.000737,0.000735,0.000731,0.0007239999999999999,0.000719,0.000712,0.000705,0.0007]},"efficiency":{"unit":"%","value":12.419375},"fill_factor":{"unit":"%","value":67.45554807113456},"jsc":{"unit":"mA\/cm2","value":17.578124999999996},"isc":{"unit":"mA","value":0.7031249999999999},"voc":{"unit":"V","value":1.0473926380368097},"sweep_direction":{"unit":"","value":"Reverse"},"key":"reverse_3_423062911"},{"V":{"unit":"V","value":[1.088,1.048,1.008,0.968,0.928,0.888,0.848,0.808,0.768,0.728,0.688,0.648,0.608,0.568,0.528,0.488,0.448,0.408,0.368,0.328,0.288,0.248,0.208,0.168,0.128,0.088,0.048,0.008,-0.032]},"J":{"unit":"A\/cm2","value":[-0.00475,-0.000625,0.0028,0.00585,0.008674999999999999,0.01115,0.01325,0.01485,0.016,0.016825,0.017375,0.017825,0.018099999999999998,0.018325,0.0185,0.0186,0.018725,0.018725,0.0188,0.018775,0.01875,0.018699999999999998,0.0186,0.0185,0.018325,0.018125,0.01795,0.017724999999999998,0.017599999999999998]},"I":{"unit":"A","value":[-0.00019,-2.5e-5,0.000112,0.00023400000000000002,0.000347,0.000446,0.00053,0.000594,0.00064,0.0006730000000000001,0.000695,0.000713,0.0007239999999999999,0.000733,0.00074,0.000744,0.000749,0.000749,0.000752,0.000751,0.00075,0.000748,0.000744,0.00074,0.000733,0.000725,0.000718,0.000709,0.000704]},"efficiency":{"unit":"%","value":12.288},"fill_factor":{"unit":"%","value":66.70863853283602},"jsc":{"unit":"mA\/cm2","value":17.7},"isc":{"unit":"mA","value":0.708},"voc":{"unit":"V","value":1.0407007299270072},"sweep_direction":{"unit":"","value":"Reverse"},"key":"reverse_2_423062911"},{"V":{"unit":"V","value":[1.044,1.004,0.964,0.924,0.884,0.844,0.804,0.764,0.724,0.684,0.644,0.604,0.564,0.524,0.484,0.444,0.404,0.364,0.324,0.284,0.244,0.204,0.164,0.124,0.084,0.044,0.004,-0.036]},"J":{"unit":"A\/cm2","value":[-0.004,-0.0005250000000000001,0.002725,0.0058,0.0087,0.01125,0.013325000000000002,0.01485,0.015925,0.016675000000000002,0.017275,0.017625,0.0179,0.01815,0.018275,0.0184,0.018449999999999998,0.0185,0.018525,0.0185,0.018525,0.018425,0.0184,0.018325,0.01825,0.018175,0.018025,0.018]},"I":{"unit":"A","value":[-0.00016,-2.1000000000000002e-5,0.00010899999999999999,0.000232,0.000348,0.00045,0.000533,0.000594,0.000637,0.0006670000000000001,0.000691,0.000705,0.000716,0.000726,0.000731,0.000736,0.0007379999999999999,0.00074,0.000741,0.00074,0.000741,0.000737,0.000736,0.000733,0.00073,0.000727,0.000721,0.0007199999999999999]},"efficiency":{"unit":"%","value":11.5297},"fill_factor":{"unit":"%","value":64.13178434079204},"jsc":{"unit":"mA\/cm2","value":18.0225},"isc":{"unit":"mA","value":0.7209},"voc":{"unit":"V","value":0.9975384615384616},"sweep_direction":{"unit":"","value":"Reverse"},"key":"reverse_1_423062911"},{"V":{"unit":"V","value":[-0.05,-0.01,0.03,0.07,0.11,0.15,0.19,0.23,0.27,0.31,0.35,0.39,0.43,0.47,0.51,0.55,0.59,0.63,0.67,0.71,0.75,0.79,0.83,0.87,0.91,0.95,0.99,1.03,1.07,1.11]},"J":{"unit":"A\/cm2","value":[0.01965,0.019575,0.01925,0.01855,0.017724999999999998,0.01695,0.016399999999999998,0.015825,0.015349999999999999,0.014899999999999998,0.014424999999999999,0.013975000000000001,0.013450000000000002,0.0129,0.01225,0.011525,0.01065,0.00965,0.008575000000000001,0.007475,0.006425,0.005425,0.004475,0.0035499999999999998,0.0025999999999999994,0.001625,0.0005499999999999999,-0.000725,-0.0024249999999999996,-0.004849999999999999]},"I":{"unit":"A","value":[0.000786,0.0007830000000000001,0.0007700000000000001,0.000742,0.000709,0.000678,0.000656,0.000633,0.000614,0.000596,0.0005769999999999999,0.000559,0.0005380000000000001,0.000516,0.00049,0.00046100000000000004,0.000426,0.000386,0.00034300000000000004,0.000299,0.000257,0.000217,0.000179,0.00014199999999999998,0.000104,6.500000000000001e-5,2.2e-5,-2.9e-5,-9.7e-5,-0.000194]},"efficiency":{"unit":"%","value":6.338750000000001},"fill_factor":{"unit":"%","value":32.2826250383606},"jsc":{"unit":"mA\/cm2","value":19.493750000000002},"isc":{"unit":"mA","value":0.77975},"voc":{"unit":"V","value":1.0072549019607842},"sweep_direction":{"unit":"","value":"Forward"},"key":"forward_7_423062911"},{"V":{"unit":"V","value":[-0.05,-0.01,0.03,0.07,0.11,0.15,0.19,0.23,0.27,0.31,0.35,0.39,0.43,0.47,0.51,0.55,0.59,0.63,0.67,0.71,0.75,0.79,0.83,0.87,0.91,0.95,0.99,1.03,1.07]},"J":{"unit":"A\/cm2","value":[0.019725000000000003,0.019600000000000003,0.019175,0.01865,0.018,0.017474999999999997,0.017025000000000002,0.016525,0.016149999999999998,0.01575,0.015375,0.014975,0.014549999999999999,0.014099999999999998,0.013575,0.013,0.01225,0.011349999999999999,0.010275,0.009049999999999999,0.00775,0.0064,0.005,0.0035249999999999995,0.0019,-5.0e-5,-0.0024249999999999996,-0.005425,-0.009174999999999999]},"I":{"unit":"A","value":[0.000789,0.0007840000000000001,0.000767,0.000746,0.0007199999999999999,0.000699,0.0006810000000000001,0.000661,0.000646,0.00063,0.000615,0.0005989999999999999,0.0005819999999999999,0.0005639999999999999,0.0005430000000000001,0.0005200000000000001,0.00049,0.00045400000000000003,0.00041099999999999996,0.00036199999999999996,0.00031,0.000256,0.0002,0.00014099999999999998,7.6e-5,-2.0e-6,-9.7e-5,-0.000217,-0.000367]},"efficiency":{"unit":"%","value":7.227499999999999},"fill_factor":{"unit":"%","value":39.0695339049895},"jsc":{"unit":"mA\/cm2","value":19.49375},"isc":{"unit":"mA","value":0.7797499999999999},"voc":{"unit":"V","value":0.948974358974359},"sweep_direction":{"unit":"","value":"Forward"},"key":"forward_6_423062911"},{"V":{"unit":"V","value":[-0.05,-0.01,0.03,0.07,0.11,0.15,0.19,0.23,0.27,0.31,0.35,0.39,0.43,0.47,0.51,0.55,0.59,0.63,0.67,0.71,0.75,0.79,0.83,0.87,0.91,0.95,0.99,1.03,1.07,1.11]},"J":{"unit":"A\/cm2","value":[0.019425,0.019274999999999997,0.01905,0.018325,0.0174,0.016550000000000002,0.01585,0.01525,0.0147,0.014174999999999998,0.0137,0.013200000000000002,0.012725,0.01215,0.0116,0.010875,0.01005,0.009075,0.008,0.006925000000000001,0.005874999999999999,0.004875,0.003925,0.0029749999999999998,0.0020499999999999997,0.0010999999999999998,2.5e-5,-0.0012749999999999999,-0.0030499999999999998,-0.005625]},"I":{"unit":"A","value":[0.000777,0.000771,0.000762,0.000733,0.000696,0.000662,0.000634,0.00061,0.000588,0.0005669999999999999,0.0005480000000000001,0.000528,0.000509,0.000486,0.000464,0.000435,0.000402,0.000363,0.00032,0.000277,0.000235,0.000195,0.000157,0.00011899999999999999,8.2e-5,4.4e-5,1.0e-6,-5.1e-5,-0.000122,-0.000225]},"efficiency":{"unit":"%","value":5.98125},"fill_factor":{"unit":"%","value":31.41190728677474},"jsc":{"unit":"mA\/cm2","value":19.218749999999996},"isc":{"unit":"mA","value":0.7687499999999999},"voc":{"unit":"V","value":0.9907692307692307},"sweep_direction":{"unit":"","value":"Forward"},"key":"forward_5_423062911"},{"V":{"unit":"V","value":[-0.05,-0.01,0.03,0.07,0.11,0.15,0.19,0.23,0.27,0.31,0.35,0.39,0.43,0.47,0.51,0.55,0.59,0.63,0.67,0.71,0.75,0.79,0.83,0.87,0.91,0.95,0.99,1.03,1.07,1.11]},"J":{"unit":"A\/cm2","value":[0.0195,0.019325,0.019074999999999998,0.018325,0.017299999999999996,0.016425000000000002,0.01565,0.01505,0.01445,0.01395,0.013475,0.01295,0.01245,0.011899999999999999,0.011300000000000001,0.0106,0.00975,0.008774999999999998,0.0076749999999999995,0.006575,0.0055,0.0045249999999999995,0.0035749999999999996,0.0026999999999999997,0.0018499999999999999,0.000975,5.0e-5,-0.001075,-0.0025999999999999994,-0.004775000000000001]},"I":{"unit":"A","value":[0.00078,0.000773,0.000763,0.000733,0.0006919999999999999,0.000657,0.000626,0.000602,0.000578,0.000558,0.000539,0.000518,0.000498,0.00047599999999999997,0.00045200000000000004,0.000424,0.00039,0.00035099999999999997,0.000307,0.000263,0.00022,0.00018099999999999998,0.00014299999999999998,0.000108,7.4e-5,3.9e-5,2.0e-6,-4.2999999999999995e-5,-0.000104,-0.000191]},"efficiency":{"unit":"%","value":5.83},"fill_factor":{"unit":"%","value":30.51697837711849},"jsc":{"unit":"mA\/cm2","value":19.2625},"isc":{"unit":"mA","value":0.7705},"voc":{"unit":"V","value":0.9917777777777778},"sweep_direction":{"unit":"","value":"Forward"},"key":"forward_4_423062911"},{"V":{"unit":"V","value":[-0.05,-0.01,0.03,0.07,0.11,0.15,0.19,0.23,0.27,0.31,0.35,0.39,0.43,0.47,0.51,0.55,0.59,0.63,0.67,0.71,0.75,0.79,0.83,0.87,0.91,0.95,0.99,1.03,1.07]},"J":{"unit":"A\/cm2","value":[0.019475000000000003,0.019350000000000003,0.019025,0.0184,0.017424999999999996,0.016550000000000002,0.01575,0.015075,0.014474999999999998,0.013975000000000001,0.013525,0.013075000000000002,0.01265,0.012199999999999999,0.011725,0.01115,0.01045,0.009574999999999998,0.008525,0.007374999999999999,0.0062,0.0050750000000000005,0.004,0.00295,0.001875,0.0007,-0.000725,-0.0025499999999999997,-0.00505]},"I":{"unit":"A","value":[0.0007790000000000001,0.0007740000000000001,0.000761,0.000736,0.0006969999999999999,0.000662,0.00063,0.000603,0.000579,0.000559,0.000541,0.000523,0.000506,0.000488,0.00046899999999999996,0.000446,0.00041799999999999997,0.000383,0.00034100000000000005,0.00029499999999999996,0.000248,0.000203,0.00016,0.000118,7.5e-5,2.8e-5,-2.9e-5,-0.000102,-0.000202]},"efficiency":{"unit":"%","value":6.1655},"fill_factor":{"unit":"%","value":32.99895227280743},"jsc":{"unit":"mA\/cm2","value":19.26875},"isc":{"unit":"mA","value":0.77075},"voc":{"unit":"V","value":0.9696491228070175},"sweep_direction":{"unit":"","value":"Forward"},"key":"forward_3_423062911"},{"V":{"unit":"V","value":[-0.05,-0.01,0.03,0.07,0.11,0.15,0.19,0.23,0.27,0.31,0.35,0.39,0.43,0.47,0.51,0.55,0.59,0.63,0.67,0.71,0.75,0.79,0.83,0.87,0.91,0.95,0.99,1.03,1.07]},"J":{"unit":"A\/cm2","value":[0.0197,0.019625,0.019325,0.018699999999999998,0.017674999999999996,0.016625,0.015725,0.014924999999999999,0.014274999999999998,0.01365,0.013099999999999999,0.012575,0.012074999999999999,0.011550000000000001,0.01095,0.010299999999999998,0.009474999999999999,0.008525,0.007425,0.006274999999999999,0.005125,0.0040750000000000005,0.0031,0.00215,0.0012,0.00015,-0.0010999999999999998,-0.0028250000000000003,-0.005199999999999999]},"I":{"unit":"A","value":[0.0007880000000000001,0.000785,0.000773,0.000748,0.000707,0.000665,0.000629,0.000597,0.000571,0.000546,0.000524,0.000503,0.000483,0.000462,0.000438,0.000412,0.000379,0.00034100000000000005,0.000297,0.000251,0.000205,0.000163,0.000124,8.599999999999999e-5,4.8e-5,6.0e-6,-4.4e-5,-0.00011300000000000001,-0.000208]},"efficiency":{"unit":"%","value":5.665},"fill_factor":{"unit":"%","value":30.34874538875859},"jsc":{"unit":"mA\/cm2","value":19.55},"isc":{"unit":"mA","value":0.782},"voc":{"unit":"V","value":0.9548},"sweep_direction":{"unit":"","value":"Forward"},"key":"forward_2_423062911"},{"V":{"unit":"V","value":[-0.05,-0.01,0.03,0.07,0.11,0.15,0.19,0.23,0.27,0.31,0.35,0.39,0.43,0.47,0.51,0.55,0.59,0.63,0.67,0.71,0.75,0.79,0.83,0.87,0.91,0.95,0.99,1.03]},"J":{"unit":"A\/cm2","value":[0.0199,0.0197,0.019274999999999997,0.01855,0.01775,0.016925,0.016149999999999998,0.0155,0.01485,0.014274999999999998,0.0137,0.01315,0.012575,0.011949999999999999,0.011224999999999999,0.010399999999999998,0.0095,0.008450000000000001,0.00735,0.0062,0.00505,0.00395,0.00285,0.0017500000000000003,0.0005499999999999999,-0.0008250000000000001,-0.0025499999999999997,-0.00475]},"I":{"unit":"A","value":[0.000796,0.0007880000000000001,0.000771,0.000742,0.0007099999999999999,0.0006770000000000001,0.000646,0.00062,0.000594,0.000571,0.0005480000000000001,0.000526,0.000503,0.00047799999999999996,0.000449,0.000416,0.00038,0.00033800000000000003,0.000294,0.000248,0.000202,0.000158,0.000114,7.000000000000001e-5,2.2e-5,-3.3e-5,-0.000102,-0.00019]},"efficiency":{"unit":"%","value":5.72475},"fill_factor":{"unit":"%","value":31.552078704517033},"jsc":{"unit":"mA\/cm2","value":19.59375},"isc":{"unit":"mA","value":0.7837500000000001},"voc":{"unit":"V","value":0.926},"sweep_direction":{"unit":"","value":"Forward"},"key":"forward_1_423062911"}]}}