{"_id":"6531617d9d8aa506476d209d","id":"CAU-SC-00594","author":67,"group":7,"input":[{"tco":{"unit":"","value":"ITO"}},[],{"htl":[{"material":{"unit":"","value":"PEDOT:PSS"},"concentration":{"unit":"","value":"None"},"conc_unit":{"unit":"","value":"mg\/ml"},"quantity":{"unit":"ml","value":"0.1"}}],"spin_coating":[{"type":{"unit":"","value":"drop&run"},"rpm":{"unit":"","value":"5000"},"time":{"unit":"s","value":"30"}}],"annealing":[{"temperature":{"unit":"oC","value":"150"},"time":{"unit":"m","value":"20"}}]},{"perovskite":{"method":{"unit":"","value":"1step"},"molarity":{"unit":"M","value":"0.9"},"a_site":[{"material":{"unit":"","value":"FA"},"ratio":{"unit":"","value":"55"}},{"material":{"unit":"","value":"DMA"},"ratio":{"unit":"","value":"35"}},{"material":{"unit":"","value":"PEA"},"ratio":{"unit":"","value":"10"}}],"b_site":[{"material":{"unit":"","value":"Sn"},"ratio":{"unit":"","value":"100"}}],"x_site":[{"material":{"unit":"","value":"I"},"ratio":{"unit":"","value":"60"}},{"material":{"unit":"","value":"Br"},"ratio":{"unit":"","value":"30"}},{"material":{"unit":"","value":"Cl"},"ratio":{"unit":"","value":"10"}}],"solvent":[{"material":{"unit":"","value":"DMF"},"volume":{"unit":"ml","value":"0.8"}},{"material":{"unit":"","value":"DMSO"},"volume":{"unit":"ml","value":"0.2"}}],"additive":[{"material":{"unit":"","value":"SnF2"},"solvent":{"unit":"","value":"none"},"concentration":{"unit":"","value":"14"},"conc_unit":{"unit":"","value":"mg\/ml"},"quantity":{"unit":"mol%","value":"10"}},{"material":{"unit":"","value":"Sn"},"solvent":{"unit":"","value":"none"},"concentration":{"unit":"","value":"9"},"conc_unit":{"unit":"","value":"mg\/ml"},"quantity":{"unit":"mol%","value":"7"}},{"material":{"unit":"","value":"EDAI2"},"solvent":{"unit":"","value":"none"},"concentration":{"unit":"","value":"0.47"},"conc_unit":{"unit":"","value":"mg\/ml"},"quantity":{"unit":"mol%","value":"0.5"}}],"stirring_time":[{"unit":"m","value":"120"}],"antisolvent":[{"material":{"unit":"","value":"CB"},"quantity":{"unit":"ul","value":"300"},"dripping_time":{"unit":"s","value":"15"}}],"spin_coating":[{"type":{"unit":"","value":"drop&run"},"rpm":{"unit":"","value":"6000"},"time":{"unit":"s","value":"30"}}],"annealing":[{"temperature":{"unit":"oC","value":"70"},"time":{"unit":"m","value":"10"}}],"atmosphere":[{"type":{"unit":"","value":"N2"},"temperature":{"unit":"oC","value":"25"},"humidity":{"unit":"RH%","value":"0"}}]}},{"etl":[{"material":{"unit":"","value":"PC61BM"},"concentration":{"unit":"","value":"20"},"conc_unit":{"unit":"","value":"mg\/ml"},"quantity":{"unit":"ml","value":"0.05"}}],"solvent":[{"material":{"unit":"","value":"CB"},"volume":{"unit":"ml","value":"0.75"}},{"material":{"unit":"","value":"DCB"},"volume":{"unit":"ml","value":"0.25"}}],"spin_coating":[{"type":{"unit":"","value":"drop&run"},"rpm":{"unit":"","value":"1500"},"time":{"unit":"s","value":"30"}}],"annealing":[{"temperature":{"unit":"oC","value":"70"},"time":{"unit":"m","value":"5"}}]},{"anode_metal":{"unit":"","value":"Ag"}},{"note":{"unit":"","value":"PDF"},"ar":{"unit":"","value":"0"},"type":{"unit":"","value":"unit_cell"},"device_type":{"unit":"","value":"p-i-n"},"temperature":{"unit":"\u2103","value":"25"},"humidity":{"unit":"%","value":"40"},"cell_dimension":{"unit":"cm2","value":"0.04"}}],"fileinfo":[{"key":"22305212","uploadType":"JV","original_name":"22305212.xlsx","save_name":"CAU-SC-00594\/22305212","uploader":67,"fileType":"group"}],"jvcnt":2,"updated_at":"2024-06-03 08:38:35","created_at":"2023-10-19 17:03:57","analysisInfo":{"JV":[{"efficiency":0.8739999999999999,"fill_factor":49.715585893060286,"jsc":2.85,"voc":0.6168421052631579,"key":"reverse_1_22305212","cell_dimension":null},{"efficiency":1.01475,"fill_factor":51.526499523960645,"jsc":3.1625,"voc":0.6227272727272728,"key":"forward_1_22305212","cell_dimension":null}]},"public":2,"analysis":{"JV":[{"V":{"unit":"V","value":[0.7,0.68,0.66,0.64,0.62,0.6,0.58,0.56,0.54,0.52,0.5,0.48,0.46,0.44,0.42,0.4,0.38,0.36,0.34,0.32,0.3,0.28,0.26,0.24,0.22,0.2,0.18,0.16,0.14,0.12,0.1,0.08,0.06,0.04,0.02,0,-0.02,-0.04]},"J":{"unit":"A\/cm2","value":[-0.0042250000000000005,-0.002725,-0.0016,-0.0007,-7.5e-5,0.0004,0.000775,0.001075,0.0012999999999999997,0.001475,0.001625,0.0017749999999999999,0.0019,0.001975,0.0020499999999999997,0.002125,0.0022249999999999995,0.00225,0.0023,0.00235,0.0024,0.0024249999999999996,0.0024500000000000004,0.002475,0.0025499999999999997,0.0025749999999999996,0.0025999999999999994,0.002625,0.002675,0.0026999999999999997,0.002725,0.00275,0.002775,0.0028250000000000003,0.00285,0.00285,0.0029,0.00295]},"I":{"unit":"A","value":[-0.00016900000000000002,-0.00010899999999999999,-6.4e-5,-2.8e-5,-3.0e-6,1.6e-5,3.1e-5,4.2999999999999995e-5,5.2e-5,5.9e-5,6.500000000000001e-5,7.099999999999999e-5,7.6e-5,7.9e-5,8.2e-5,8.5e-5,8.9e-5,8.999999999999999e-5,9.2e-5,9.4e-5,9.6e-5,9.7e-5,9.800000000000001e-5,9.900000000000001e-5,0.000102,0.000103,0.000104,0.00010499999999999999,0.000107,0.000108,0.00010899999999999999,0.00011,0.000111,0.00011300000000000001,0.000114,0.000114,0.000116,0.000118]},"efficiency":{"unit":"%","value":0.8739999999999999},"fill_factor":{"unit":"%","value":49.715585893060286},"jsc":{"unit":"mA\/cm2","value":2.85},"isc":{"unit":"mA","value":0.114},"voc":{"unit":"V","value":0.6168421052631579},"sweep_direction":{"unit":"","value":"Reverse"},"key":"reverse_1_22305212"},{"V":{"unit":"V","value":[-0.05,-0.03,-0.01,0.01,0.03,0.05,0.07,0.09,0.11,0.13,0.15,0.17,0.19,0.21,0.23,0.25,0.27,0.29,0.31,0.33,0.35,0.37,0.39,0.41,0.43,0.45,0.47,0.49,0.51,0.53,0.55,0.57,0.59,0.61,0.63,0.65,0.67,0.69]},"J":{"unit":"A\/cm2","value":[0.003025,0.00315,0.003175,0.00315,0.00315,0.00315,0.003125,0.0030749999999999996,0.0030499999999999998,0.0030499999999999998,0.003025,0.0029749999999999998,0.00295,0.00295,0.002925,0.002875,0.0028250000000000003,0.0028,0.002775,0.002725,0.00265,0.0025999999999999994,0.0025499999999999997,0.002475,0.00235,0.0022249999999999995,0.0021000000000000003,0.00195,0.0017500000000000003,0.00155,0.0013499999999999999,0.0010999999999999998,0.00075,0.00035,-0.0002,-0.0008999999999999999,-0.0019,-0.00325]},"I":{"unit":"A","value":[0.000121,0.000126,0.000127,0.000126,0.000126,0.000126,0.000125,0.000123,0.000122,0.000122,0.000121,0.00011899999999999999,0.000118,0.000118,0.00011700000000000001,0.000115,0.00011300000000000001,0.000112,0.000111,0.00010899999999999999,0.000106,0.000104,0.000102,9.900000000000001e-5,9.4e-5,8.9e-5,8.400000000000001e-5,7.8e-5,7.000000000000001e-5,6.2e-5,5.4e-5,4.4e-5,2.9999999999999997e-5,1.4e-5,-8.0e-6,-3.5999999999999994e-5,-7.6e-5,-0.00013000000000000002]},"efficiency":{"unit":"%","value":1.01475},"fill_factor":{"unit":"%","value":51.526499523960645},"jsc":{"unit":"mA\/cm2","value":3.1625},"isc":{"unit":"mA","value":0.1265},"voc":{"unit":"V","value":0.6227272727272728},"sweep_direction":{"unit":"","value":"Forward"},"key":"forward_1_22305212"}]}}