{"_id":"6529361e69ca747fb611ad63","id":"CAU-SC-00078","author":63,"group":7,"input":[{"tco":{"unit":"","value":"ITO"}},{"htl":[{"material":{"unit":"","value":"PEDOT:PSS"},"concentration":{"unit":"","value":"None"},"conc_unit":{"unit":"","value":"mg\/ml"},"quantity":{"unit":"ml","value":"Material"}}],"spin_coating":[{"type":{"unit":"","value":"drop&run"},"rpm":{"unit":"","value":"5000"},"time":{"unit":"s","value":"30"}}],"annealing":[{"temperature":{"unit":"oC","value":"150"},"time":{"unit":"m","value":"20"}}]},{"perovskite":{"method":{"unit":"","value":"1step"},"molarity":{"unit":"M","value":"1"},"a_site":[{"material":{"unit":"","value":"FA"},"ratio":{"unit":"","value":"98"}},{"material":{"unit":"","value":"EDAI2"},"ratio":{"unit":"","value":"2"}}],"b_site":[{"material":{"unit":"","value":"Sn"},"ratio":{"unit":"","value":"100"}}],"x_site":[{"material":{"unit":"","value":"I"},"ratio":{"unit":"","value":"100"}}],"solvent":[{"material":{"unit":"","value":"DMF"},"volume":{"unit":"ml","value":"0.8"}},{"material":{"unit":"","value":"DMSO"},"volume":{"unit":"ml","value":"0.2"}}],"additive":[{"material":{"unit":"","value":"SnF2"},"solvent":{"unit":"","value":"none"},"concentration":{"unit":"","value":"15.6"},"conc_unit":{"unit":"","value":"mg\/ml"},"quantity":{"unit":"mol%","value":"10"}},{"material":{"unit":"","value":"GeI2"},"solvent":{"unit":"","value":"none"},"concentration":{"unit":"","value":"16.3"},"conc_unit":{"unit":"","value":"mg\/ml"},"quantity":{"unit":"mol%","value":"5"}},{"material":{"unit":"","value":"Sn"},"solvent":{"unit":"","value":null},"concentration":{"unit":"","value":"8.3"},"conc_unit":{"unit":"","value":"mg\/ml"},"quantity":{"unit":"mol%","value":"7"}}],"stirring_time":[{"unit":"m","value":"180"}],"antisolvent":[{"material":{"unit":"","value":"CB"},"quantity":{"unit":"ul","value":"300"},"dripping_time":{"unit":"s","value":"24"}}],"spin_coating":[{"type":{"unit":"","value":"drop&run"},"rpm":{"unit":"","value":"3000"},"time":{"unit":"s","value":"30"}}],"annealing":[{"temperature":{"unit":"oC","value":"120"},"time":{"unit":"m","value":"10"}}],"atmosphere":[{"type":{"unit":"","value":"N2"},"temperature":{"unit":"oC","value":"25"},"humidity":{"unit":"RH%","value":"0"}}]}},{"etl":[{"material":{"unit":"","value":"PC61BM"},"concentration":{"unit":"","value":"20"},"conc_unit":{"unit":"","value":"mg\/ml"},"quantity":{"unit":"ml","value":"0.05"}}],"solvent":[{"material":{"unit":"","value":"CB"},"volume":{"unit":"ml","value":"0.75"}},{"material":{"unit":"","value":"DCB"},"volume":{"unit":"ml","value":"0.25"}}],"spin_coating":[{"type":{"unit":"","value":"drop&run"},"rpm":{"unit":"","value":"1500"},"time":{"unit":"s","value":"30"}}],"annealing":[{"temperature":{"unit":"oC","value":"120"},"time":{"unit":"m","value":"10"}}]},{"blocking_buffer_layer":[{"material":{"unit":"","value":"BCP"},"concentration":{"unit":"","value":"0.5"},"conc_unit":{"unit":"","value":"mg\/ml"},"quantity":{"unit":"ml","value":"0.1"}}],"solvent":[{"material":{"unit":"","value":"IPA"},"volume":{"unit":"ml","value":"1"}}],"spin_coating":[{"type":{"unit":"","value":"dynamic"},"rpm":{"unit":"","value":"6000"},"time":{"unit":"s","value":"30"}}],"annealing":[{"temperature":{"unit":"oC","value":"120"},"time":{"unit":"m","value":"10"}}]},{"anode_metal":{"unit":"","value":"Ag"}},{"note":{"unit":"","value":"EDA0.01FA0.98SnI3 - 1M 3000RPM CB24s"},"ar":{"unit":"","value":"0"},"type":{"unit":"","value":"unit_cell"},"device_type":{"unit":"","value":"p-i-n"},"temperature":{"unit":"\u2103","value":"25"},"humidity":{"unit":"%","value":"15"},"cell_dimension":{"unit":"cm2","value":"0.04"}}],"fileinfo":[{"key":"323011612","uploadType":"JV","original_name":"323011612.xlsx","save_name":"CAU-SC-00078\/323011612","uploader":63,"fileType":"group"}],"updated_at":"2024-06-03 08:38:34","created_at":"2023-10-13 12:20:46","jvcnt":4,"analysisInfo":{"JV":[{"efficiency":5.0120000000000005,"fill_factor":55.213264675212024,"jsc":22.025,"voc":0.41214659685863875,"key":"reverse_2_323011612","cell_dimension":null},{"efficiency":4.9559999999999995,"fill_factor":54.89600486003421,"jsc":22.025,"voc":0.40989690721649485,"key":"reverse_1_323011612","cell_dimension":null},{"efficiency":8.239,"fill_factor":64.52783191413334,"jsc":22.375,"voc":0.5706428571428571,"key":"forward_2_323011612","cell_dimension":null},{"efficiency":8.348999999999998,"fill_factor":64.83522749488446,"jsc":22.6,"voc":0.5697902097902097,"key":"forward_1_323011612","cell_dimension":null}]},"public":2,"analysis":{"JV":[{"V":{"unit":"V","value":[0.7,0.68,0.66,0.64,0.62,0.6,0.58,0.56,0.54,0.52,0.5,0.48,0.46,0.44,0.42,0.4,0.38,0.36,0.34,0.32,0.3,0.28,0.26,0.24,0.22,0.2,0.18,0.16,0.14,0.12,0.1,0.08,0.06,0.04,0.02,0,-0.02,-0.04]},"J":{"unit":"A\/cm2","value":[-0.11752499999999999,-0.10727500000000001,-0.097425,-0.087725,-0.078175,-0.068925,-0.06085,-0.052075,-0.043525,-0.035325,-0.027475,-0.020175000000000002,-0.013349999999999999,-0.0072499999999999995,-0.001875,0.0029,0.006875,0.009925000000000002,0.012675,0.01485,0.016475,0.0179,0.018925,0.01965,0.020325,0.020724999999999997,0.021025,0.0213,0.021575,0.021599999999999998,0.021849999999999998,0.0219,0.0219,0.022075,0.022075,0.022025,0.0221,0.022175]},"I":{"unit":"A","value":[-0.0047009999999999994,-0.0042910000000000005,-0.003897,-0.003509,-0.0031269999999999996,-0.002757,-0.002434,-0.002083,-0.0017410000000000001,-0.001413,-0.001099,-0.0008070000000000001,-0.0005340000000000001,-0.00029,-7.5e-5,0.000116,0.000275,0.000397,0.000507,0.000594,0.0006590000000000001,0.000716,0.000757,0.000786,0.0008129999999999999,0.000829,0.000841,0.000852,0.0008629999999999999,0.000864,0.000874,0.000876,0.000876,0.000883,0.000883,0.0008810000000000001,0.000884,0.000887]},"efficiency":{"unit":"%","value":5.0120000000000005},"fill_factor":{"unit":"%","value":55.213264675212024},"jsc":{"unit":"mA\/cm2","value":22.025},"isc":{"unit":"mA","value":0.881},"voc":{"unit":"V","value":0.41214659685863875},"sweep_direction":{"unit":"","value":"Reverse"},"key":"reverse_2_323011612"},{"V":{"unit":"V","value":[0.7,0.68,0.66,0.64,0.62,0.6,0.58,0.56,0.54,0.52,0.5,0.48,0.46,0.44,0.42,0.4,0.38,0.36,0.34,0.32,0.3,0.28,0.26,0.24,0.22,0.2,0.18,0.16,0.14,0.12,0.1,0.08,0.06,0.04,0.02,0,-0.02,-0.04]},"J":{"unit":"A\/cm2","value":[-0.11719999999999998,-0.10694999999999999,-0.09702499999999999,-0.08725,-0.077675,-0.06835,-0.0602,-0.051575,-0.043275,-0.035275,-0.027724999999999996,-0.02055,-0.013850000000000001,-0.0078,-0.0024500000000000004,0.0024,0.0063,0.009574999999999998,0.012325,0.014499999999999999,0.016225,0.0177,0.01865,0.0195,0.0202,0.020575,0.020924999999999996,0.0213,0.021349999999999997,0.021575,0.02175,0.0218,0.0218,0.022025,0.0219,0.022025,0.0221,0.02205]},"I":{"unit":"A","value":[-0.0046879999999999995,-0.004278,-0.003881,-0.00349,-0.0031070000000000004,-0.002734,-0.002408,-0.002063,-0.0017310000000000001,-0.001411,-0.001109,-0.0008219999999999999,-0.000554,-0.000312,-9.800000000000001e-5,9.6e-5,0.000252,0.000383,0.000493,0.00058,0.0006490000000000001,0.000708,0.000746,0.00078,0.000808,0.000823,0.000837,0.000852,0.0008539999999999999,0.0008629999999999999,0.00087,0.0008719999999999999,0.0008719999999999999,0.0008810000000000001,0.000876,0.0008810000000000001,0.000884,0.000882]},"efficiency":{"unit":"%","value":4.9559999999999995},"fill_factor":{"unit":"%","value":54.89600486003421},"jsc":{"unit":"mA\/cm2","value":22.025},"isc":{"unit":"mA","value":0.881},"voc":{"unit":"V","value":0.40989690721649485},"sweep_direction":{"unit":"","value":"Reverse"},"key":"reverse_1_323011612"},{"V":{"unit":"V","value":[-0.04,-0.02,0,0.02,0.04,0.06,0.08,0.1,0.12,0.14,0.16,0.18,0.2,0.22,0.24,0.26,0.28,0.3,0.32,0.34,0.36,0.38,0.4,0.42,0.44,0.46,0.48,0.5,0.52,0.54,0.56,0.58,0.6,0.62,0.64,0.66,0.68,0.7]},"J":{"unit":"A\/cm2","value":[0.022875,0.0224,0.022375,0.022350000000000002,0.022225,0.02215,0.022225,0.022025,0.022,0.021974999999999998,0.021775,0.02175,0.021724999999999998,0.021525,0.021425,0.021349999999999997,0.021125,0.020974999999999997,0.02095,0.020599999999999997,0.020425,0.0202,0.01975,0.019274999999999997,0.018725,0.017674999999999996,0.016475,0.014725,0.012199999999999999,0.008625,0.0037249999999999996,-0.0032749999999999997,-0.012375,-0.024099999999999996,-0.038474999999999995,-0.055374999999999994,-0.074475,-0.09555]},"I":{"unit":"A","value":[0.000915,0.000896,0.0008950000000000001,0.000894,0.000889,0.000886,0.000889,0.0008810000000000001,0.00088,0.000879,0.000871,0.00087,0.000869,0.000861,0.000857,0.0008539999999999999,0.0008449999999999999,0.000839,0.000838,0.000824,0.0008169999999999999,0.000808,0.00079,0.000771,0.000749,0.000707,0.0006590000000000001,0.000589,0.000488,0.000345,0.000149,-0.000131,-0.000495,-0.000964,-0.001539,-0.002215,-0.002979,-0.003822]},"efficiency":{"unit":"%","value":8.239},"fill_factor":{"unit":"%","value":64.52783191413334},"jsc":{"unit":"mA\/cm2","value":22.375},"isc":{"unit":"mA","value":0.895},"voc":{"unit":"V","value":0.5706428571428571},"sweep_direction":{"unit":"","value":"Forward"},"key":"forward_2_323011612"},{"V":{"unit":"V","value":[-0.04,-0.02,0,0.02,0.04,0.06,0.08,0.1,0.12,0.14,0.16,0.18,0.2,0.22,0.24,0.26,0.28,0.3,0.32,0.34,0.36,0.38,0.4,0.42,0.44,0.46,0.48,0.5,0.52,0.54,0.56,0.58,0.6,0.62,0.64,0.66,0.68,0.7]},"J":{"unit":"A\/cm2","value":[0.022975000000000002,0.022600000000000002,0.022600000000000002,0.0225,0.022375,0.022275,0.022350000000000002,0.02205,0.022125,0.02205,0.021875,0.021849999999999998,0.021825,0.021599999999999998,0.021575,0.0215,0.021275,0.02125,0.021099999999999997,0.020875,0.020649999999999998,0.0205,0.019975,0.01965,0.018975000000000002,0.018025,0.016725,0.015024999999999998,0.01225,0.008674999999999999,0.0035000000000000005,-0.00365,-0.013075000000000002,-0.024875,-0.0393,-0.056025,-0.075025,-0.096025]},"I":{"unit":"A","value":[0.000919,0.0009040000000000001,0.0009040000000000001,0.0009,0.0008950000000000001,0.000891,0.000894,0.000882,0.000885,0.000882,0.000875,0.000874,0.000873,0.000864,0.0008629999999999999,0.00086,0.000851,0.00085,0.000844,0.0008349999999999999,0.0008259999999999999,0.00082,0.000799,0.000786,0.000759,0.000721,0.000669,0.000601,0.00049,0.000347,0.00014000000000000001,-0.000146,-0.000523,-0.000995,-0.001572,-0.002241,-0.0030009999999999998,-0.0038410000000000002]},"efficiency":{"unit":"%","value":8.348999999999998},"fill_factor":{"unit":"%","value":64.83522749488446},"jsc":{"unit":"mA\/cm2","value":22.6},"isc":{"unit":"mA","value":0.904},"voc":{"unit":"V","value":0.5697902097902097},"sweep_direction":{"unit":"","value":"Forward"},"key":"forward_1_323011612"}]}}