{"_id":"65310dd013121a382d688242","id":"CAU-SC-00395","author":70,"group":7,"input":[{"tco":{"unit":"","value":"ITO"}},[],{"etl":[{"material":{"unit":"","value":"SnO2"},"concentration":{"unit":"","value":"1.5"},"conc_unit":{"unit":"","value":"wt%"},"quantity":{"unit":"ml","value":"0.3"}}],"solvent":[{"material":{"unit":"","value":"DI Water"},"volume":{"unit":"ml","value":"2.7"}}],"spin_coating":[{"type":{"unit":"","value":"drop&run"},"rpm":{"unit":"","value":"3000"},"time":{"unit":"s","value":"30"}}],"vacuum_suction":[{"unit":"s","value":"0"}],"annealing":[{"temperature":{"unit":"oC","value":"170"},"time":{"unit":"m","value":"30"}}]},{"etl":[{"material":{"unit":"","value":"ZnO"},"concentration":{"unit":"","value":"109.75"},"conc_unit":{"unit":"","value":"mg\/ml"},"quantity":{"unit":"ml","value":"1"}}],"solvent":[{"material":{"unit":"","value":"2-ME"},"volume":{"unit":"ml","value":"2"}},{"material":{"unit":"","value":"Ethanolamine"},"volume":{"unit":"ml","value":"0.067"}}],"spin_coating":[{"type":{"unit":"","value":"drop&run"},"rpm":{"unit":"","value":"5000"},"time":{"unit":"s","value":"30"}}],"vacuum_suction":[{"unit":"s","value":"0"}],"annealing":[{"temperature":{"unit":"oC","value":"170"},"time":{"unit":"m","value":"30"}}]},[],{"perovskite":{"method":{"unit":"","value":"1step"},"molarity":{"unit":"M","value":"1.2"},"a_site":[{"material":{"unit":"","value":"Cs"},"ratio":{"unit":"","value":"105"}}],"b_site":[{"material":{"unit":"","value":"Pb"},"ratio":{"unit":"","value":"100"}}],"x_site":[{"material":{"unit":"","value":"I"},"ratio":{"unit":"","value":"67"}},{"material":{"unit":"","value":"Br"},"ratio":{"unit":"","value":"33"}}],"solvent":[{"material":{"unit":"","value":"DMSO"},"volume":{"unit":"ml","value":"0.7"}},{"material":{"unit":"","value":"DMF"},"volume":{"unit":"ml","value":"0.3"}}],"stirring_time":[{"unit":"m","value":"120"}],"spin_coating":[{"type":{"unit":"","value":"drop&run"},"rpm":{"unit":"","value":"3000"},"time":{"unit":"s","value":"43"}}],"annealing":[{"temperature":{"unit":"oC","value":"235"},"time":{"unit":"m","value":"10"}}],"atmosphere":[{"type":{"unit":"","value":"air"},"temperature":{"unit":"oC","value":"20"},"humidity":{"unit":"RH%","value":"38"}}],"assist":[{"type":{"unit":"","value":"hot air assist"},"temperature":{"unit":"oC","value":"230"},"assist_start_time":{"value":8,"unit":"s"},"total_assist_time":{"value":"0.233","unit":"s"}}],"additive":[{"material":{"unit":"","value":"CH2I2"},"solvent":{"unit":"","value":null},"concentration":{"unit":"","value":"100 uL"},"conc_unit":{"unit":"","value":null},"quantity":{"unit":"mol%","value":null}},{"material":{"unit":"","value":"F-PEABr"},"solvent":{"unit":"","value":null},"concentration":{"unit":"","value":"1.5 mg"},"conc_unit":{"unit":"","value":null},"quantity":{"unit":"mol%","value":null}}]}},[],{"htl":[{"material":{"unit":"","value":"P3HT"},"concentration":{"unit":"","value":"10"},"conc_unit":{"unit":"","value":"mg\/ml"},"quantity":{"unit":"ml","value":"0.1"}}],"solvent":[{"material":{"unit":"","value":"CB"},"volume":{"unit":"ml","value":"1"}}],"spin_coating":[{"type":{"unit":"","value":"drop&run"},"rpm":{"unit":"","value":"3000"},"time":{"unit":"s","value":"30"}}],"vacuum_suction":[{"unit":"s","value":"0"}],"annealing":[{"temperature":{"unit":"oC","value":"100"},"time":{"unit":"m","value":"5"}}]},{"anode_metal":{"unit":"","value":"Au"}},{"note":{"unit":"","value":"CsPbI2Br+100uL Ch2I2_722041901_1.5 FPEABr"},"ar":{"unit":"","value":"0"},"type":{"unit":"","value":"unit_cell"},"device_type":{"unit":"","value":"n-i-p"},"temperature":{"unit":"\u2103","value":"20"},"humidity":{"unit":"%","value":"38"},"cell_dimension":{"unit":"cm2","value":"0.04"}}],"fileinfo":[{"key":"CsPbI2Br+100uL Ch2I2_722041901_1.5 mg FPEABr","uploadType":"JV","original_name":"CsPbI2Br+100uL Ch2I2_722041901_1.5 mg FPEABr.xlsx","save_name":"CAU-SC-00395\/CsPbI2Br+100uL Ch2I2_722041901_1.5 mg FPEABr","uploader":70,"fileType":"group"}],"jvcnt":16,"updated_at":"2024-06-03 08:38:35","created_at":"2023-10-19 11:06:56","analysisInfo":{"JV":[{"efficiency":14.336525,"fill_factor":78.65193440055718,"jsc":14.873124999999995,"voc":1.225553459119497,"key":"reverse_8_CsPbI2Br+100uL Ch2I2_722041901_1.5 mg FPEABr","cell_dimension":null},{"efficiency":14.013,"fill_factor":77.15864410487127,"jsc":14.798749999999998,"voc":1.2272173913043478,"key":"reverse_7_CsPbI2Br+100uL Ch2I2_722041901_1.5 mg FPEABr","cell_dimension":null},{"efficiency":13.51995,"fill_factor":76.29739054218622,"jsc":14.396249999999998,"voc":1.2308808664259927,"key":"reverse_6_CsPbI2Br+100uL Ch2I2_722041901_1.5 mg FPEABr","cell_dimension":null},{"efficiency":14.1873,"fill_factor":80.4259471241322,"jsc":14.323124999999997,"voc":1.2315889570552148,"key":"reverse_5_CsPbI2Br+100uL Ch2I2_722041901_1.5 mg FPEABr","cell_dimension":null},{"efficiency":12.951899999999998,"fill_factor":72.4008670640949,"jsc":14.41,"voc":1.2414399999999999,"key":"reverse_4_CsPbI2Br+100uL Ch2I2_722041901_1.5 mg FPEABr","cell_dimension":null},{"efficiency":14.53525,"fill_factor":82.17988398333573,"jsc":14.2,"voc":1.2455714285714286,"key":"reverse_3_CsPbI2Br+100uL Ch2I2_722041901_1.5 mg FPEABr","cell_dimension":null},{"efficiency":14.337900000000001,"fill_factor":79.88601583305908,"jsc":14.207499999999998,"voc":1.2632727272727273,"key":"reverse_2_CsPbI2Br+100uL Ch2I2_722041901_1.5 mg FPEABr","cell_dimension":null},{"efficiency":14.575000000000001,"fill_factor":78.8690807885352,"jsc":14.325,"voc":1.2900518134715027,"key":"reverse_1_CsPbI2Br+100uL Ch2I2_722041901_1.5 mg FPEABr","cell_dimension":null},{"efficiency":11.03375,"fill_factor":63.50470614509632,"jsc":15.06875,"voc":1.1530283911671921,"key":"forward_8_CsPbI2Br+100uL Ch2I2_722041901_1.5 mg FPEABr","cell_dimension":null},{"efficiency":11.257499999999999,"fill_factor":65.29599961949748,"jsc":14.931249999999999,"voc":1.1546735395189,"key":"forward_7_CsPbI2Br+100uL Ch2I2_722041901_1.5 mg FPEABr","cell_dimension":null},{"efficiency":10.578750000000001,"fill_factor":62.90566525546974,"jsc":14.549999999999999,"voc":1.1557971014492754,"key":"forward_6_CsPbI2Br+100uL Ch2I2_722041901_1.5 mg FPEABr","cell_dimension":null},{"efficiency":11.067499999999999,"fill_factor":66.32836284580723,"jsc":14.45,"voc":1.1547352024922117,"key":"forward_5_CsPbI2Br+100uL Ch2I2_722041901_1.5 mg FPEABr","cell_dimension":null},{"efficiency":11.0565,"fill_factor":65.43637491550892,"jsc":14.506249999999998,"voc":1.1647783251231525,"key":"forward_4_CsPbI2Br+100uL Ch2I2_722041901_1.5 mg FPEABr","cell_dimension":null},{"efficiency":11.6375,"fill_factor":69.71099450410728,"jsc":14.281249999999998,"voc":1.1689399293286216,"key":"forward_3_CsPbI2Br+100uL Ch2I2_722041901_1.5 mg FPEABr","cell_dimension":null},{"efficiency":11.830499999999999,"fill_factor":70.03004835575494,"jsc":14.274999999999999,"voc":1.183429951690821,"key":"forward_2_CsPbI2Br+100uL Ch2I2_722041901_1.5 mg FPEABr","cell_dimension":null},{"efficiency":12.59775,"fill_factor":73.2911031114348,"jsc":14.306249999999999,"voc":1.2014782608695653,"key":"forward_1_CsPbI2Br+100uL Ch2I2_722041901_1.5 mg FPEABr","cell_dimension":null}]},"public":2,"analysis":{"JV":[{"V":{"unit":"V","value":[1.277,1.237,1.197,1.157,1.117,1.077,1.037,0.997,0.957,0.917,0.877,0.837,0.797,0.757,0.717,0.677,0.637,0.597,0.557,0.517,0.477,0.437,0.397,0.357,0.317,0.277,0.237,0.197,0.157,0.117,0.077,0.037,-0.003,-0.043]},"J":{"unit":"A\/cm2","value":[-0.014249999999999999,-0.002275,0.0056749999999999995,0.010025000000000001,0.012225,0.013300000000000001,0.013825,0.014099999999999998,0.014274999999999998,0.014349999999999998,0.014474999999999998,0.014575,0.014575,0.0146,0.014674999999999999,0.014649999999999998,0.014749999999999997,0.014725,0.014749999999999997,0.014799999999999999,0.014749999999999997,0.014825,0.014825,0.014799999999999999,0.014825,0.014799999999999999,0.014799999999999999,0.01485,0.014825,0.014825,0.01485,0.01485,0.014874999999999998,0.014899999999999998]},"I":{"unit":"A","value":[-0.00057,-9.1e-5,0.00022700000000000002,0.00040100000000000004,0.000489,0.000532,0.000553,0.0005639999999999999,0.000571,0.000574,0.000579,0.000583,0.000583,0.000584,0.000587,0.0005859999999999999,0.0005899999999999999,0.000589,0.0005899999999999999,0.000592,0.0005899999999999999,0.000593,0.000593,0.000592,0.000593,0.000592,0.000592,0.000594,0.000593,0.000593,0.000594,0.000594,0.0005949999999999999,0.000596]},"efficiency":{"unit":"%","value":14.336525},"fill_factor":{"unit":"%","value":78.65193440055718},"jsc":{"unit":"mA\/cm2","value":14.873124999999995},"isc":{"unit":"mA","value":0.5949249999999998},"voc":{"unit":"V","value":1.225553459119497},"sweep_direction":{"unit":"","value":"Reverse"},"key":"reverse_8_CsPbI2Br+100uL Ch2I2_722041901_1.5 mg FPEABr"},{"V":{"unit":"V","value":[1.278,1.238,1.198,1.158,1.118,1.078,1.038,0.998,0.958,0.918,0.878,0.838,0.798,0.758,0.718,0.678,0.638,0.598,0.558,0.518,0.478,0.438,0.398,0.358,0.318,0.278,0.238,0.198,0.158,0.118,0.078,0.038,-0.002,-0.042]},"J":{"unit":"A\/cm2","value":[-0.008475,-0.00155,0.004200000000000001,0.008450000000000001,0.01115,0.0127,0.0135,0.013900000000000001,0.01415,0.014224999999999998,0.014349999999999998,0.014499999999999999,0.014424999999999999,0.014524999999999998,0.014549999999999999,0.014549999999999999,0.014624999999999997,0.014624999999999997,0.014624999999999997,0.0147,0.0147,0.0147,0.014725,0.0147,0.014774999999999998,0.014774999999999998,0.014749999999999997,0.014799999999999999,0.014774999999999998,0.014799999999999999,0.014799999999999999,0.014774999999999998,0.014799999999999999,0.014799999999999999]},"I":{"unit":"A","value":[-0.000339,-6.2e-5,0.00016800000000000002,0.00033800000000000003,0.000446,0.000508,0.00054,0.0005560000000000001,0.000566,0.000569,0.000574,0.00058,0.0005769999999999999,0.0005809999999999999,0.0005819999999999999,0.0005819999999999999,0.000585,0.000585,0.000585,0.000588,0.000588,0.000588,0.000589,0.000588,0.0005909999999999999,0.0005909999999999999,0.0005899999999999999,0.000592,0.0005909999999999999,0.000592,0.000592,0.0005909999999999999,0.000592,0.000592]},"efficiency":{"unit":"%","value":14.013},"fill_factor":{"unit":"%","value":77.15864410487127},"jsc":{"unit":"mA\/cm2","value":14.798749999999998},"isc":{"unit":"mA","value":0.59195},"voc":{"unit":"V","value":1.2272173913043478},"sweep_direction":{"unit":"","value":"Reverse"},"key":"reverse_7_CsPbI2Br+100uL Ch2I2_722041901_1.5 mg FPEABr"},{"V":{"unit":"V","value":[1.282,1.242,1.202,1.162,1.122,1.082,1.042,1.002,0.962,0.922,0.882,0.842,0.802,0.762,0.722,0.682,0.642,0.602,0.562,0.522,0.482,0.442,0.402,0.362,0.322,0.282,0.242,0.202,0.162,0.122,0.082,0.042,0.002,-0.038]},"J":{"unit":"A\/cm2","value":[-0.011625,-0.001925,0.005,0.009174999999999999,0.011375,0.012424999999999999,0.012975,0.013349999999999999,0.013525,0.013675000000000001,0.013775,0.013800000000000002,0.013900000000000001,0.014000000000000002,0.013975000000000001,0.014074999999999997,0.014124999999999999,0.014099999999999998,0.014224999999999998,0.014199999999999999,0.014224999999999998,0.014249999999999999,0.014224999999999998,0.014274999999999998,0.014299999999999998,0.014274999999999998,0.014299999999999998,0.014249999999999999,0.014299999999999998,0.014349999999999998,0.014299999999999998,0.014349999999999998,0.014399999999999998,0.014325]},"I":{"unit":"A","value":[-0.000465,-7.7e-5,0.0002,0.000367,0.000455,0.000497,0.000519,0.0005340000000000001,0.000541,0.0005470000000000001,0.0005510000000000001,0.0005520000000000001,0.0005560000000000001,0.0005600000000000001,0.000559,0.0005629999999999999,0.000565,0.0005639999999999999,0.000569,0.0005679999999999999,0.000569,0.00057,0.000569,0.000571,0.0005719999999999999,0.000571,0.0005719999999999999,0.00057,0.0005719999999999999,0.000574,0.0005719999999999999,0.000574,0.0005759999999999999,0.0005729999999999999]},"efficiency":{"unit":"%","value":13.51995},"fill_factor":{"unit":"%","value":76.29739054218622},"jsc":{"unit":"mA\/cm2","value":14.396249999999998},"isc":{"unit":"mA","value":0.57585},"voc":{"unit":"V","value":1.2308808664259927},"sweep_direction":{"unit":"","value":"Reverse"},"key":"reverse_6_CsPbI2Br+100uL Ch2I2_722041901_1.5 mg FPEABr"},{"V":{"unit":"V","value":[1.283,1.243,1.203,1.163,1.123,1.083,1.043,1.003,0.963,0.923,0.883,0.843,0.803,0.763,0.723,0.683,0.643,0.603,0.563,0.523,0.483,0.443,0.403,0.363,0.323,0.283,0.243,0.203,0.163,0.123,0.083,0.043,0.003,-0.037]},"J":{"unit":"A\/cm2","value":[-0.015,-0.002325,0.005825,0.010125,0.012199999999999999,0.013099999999999999,0.013550000000000001,0.013800000000000002,0.013925,0.014000000000000002,0.014099999999999998,0.014074999999999997,0.014174999999999998,0.014199999999999999,0.014174999999999998,0.014199999999999999,0.014199999999999999,0.014174999999999998,0.014249999999999999,0.014224999999999998,0.014224999999999998,0.014274999999999998,0.014249999999999999,0.014274999999999998,0.014274999999999998,0.014249999999999999,0.014299999999999998,0.014274999999999998,0.014274999999999998,0.014299999999999998,0.014249999999999999,0.014274999999999998,0.014325,0.014299999999999998]},"I":{"unit":"A","value":[-0.0006,-9.3e-5,0.00023300000000000003,0.00040500000000000003,0.000488,0.000524,0.0005420000000000001,0.0005520000000000001,0.0005570000000000001,0.0005600000000000001,0.0005639999999999999,0.0005629999999999999,0.0005669999999999999,0.0005679999999999999,0.0005669999999999999,0.0005679999999999999,0.0005679999999999999,0.0005669999999999999,0.00057,0.000569,0.000569,0.000571,0.00057,0.000571,0.000571,0.00057,0.0005719999999999999,0.000571,0.000571,0.0005719999999999999,0.00057,0.000571,0.0005729999999999999,0.0005719999999999999]},"efficiency":{"unit":"%","value":14.1873},"fill_factor":{"unit":"%","value":80.4259471241322},"jsc":{"unit":"mA\/cm2","value":14.323124999999997},"isc":{"unit":"mA","value":0.5729249999999999},"voc":{"unit":"V","value":1.2315889570552148},"sweep_direction":{"unit":"","value":"Reverse"},"key":"reverse_5_CsPbI2Br+100uL Ch2I2_722041901_1.5 mg FPEABr"},{"V":{"unit":"V","value":[1.292,1.252,1.212,1.172,1.132,1.092,1.052,1.012,0.972,0.932,0.892,0.852,0.812,0.772,0.732,0.692,0.652,0.612,0.572,0.532,0.492,0.452,0.412,0.372,0.332,0.292,0.252,0.212,0.172,0.132,0.092,0.052,0.012,-0.028]},"J":{"unit":"A\/cm2","value":[-0.004125,-0.0008250000000000001,0.0023,0.005175,0.007775,0.009925000000000002,0.011575,0.012725,0.013325000000000002,0.01375,0.013975000000000001,0.014025000000000001,0.01415,0.014199999999999999,0.014174999999999998,0.014249999999999999,0.014274999999999998,0.014249999999999999,0.014349999999999998,0.014299999999999998,0.014325,0.014374999999999999,0.014325,0.014349999999999998,0.014424999999999999,0.014374999999999999,0.014374999999999999,0.014399999999999998,0.014325,0.01445,0.014374999999999999,0.014399999999999998,0.014424999999999999,0.014374999999999999]},"I":{"unit":"A","value":[-0.000165,-3.3e-5,9.2e-5,0.000207,0.000311,0.000397,0.00046300000000000003,0.000509,0.000533,0.00055,0.000559,0.0005610000000000001,0.000566,0.0005679999999999999,0.0005669999999999999,0.00057,0.000571,0.00057,0.000574,0.0005719999999999999,0.0005729999999999999,0.000575,0.0005729999999999999,0.000574,0.0005769999999999999,0.000575,0.000575,0.0005759999999999999,0.0005729999999999999,0.000578,0.000575,0.0005759999999999999,0.0005769999999999999,0.000575]},"efficiency":{"unit":"%","value":12.951899999999998},"fill_factor":{"unit":"%","value":72.4008670640949},"jsc":{"unit":"mA\/cm2","value":14.41},"isc":{"unit":"mA","value":0.5764},"voc":{"unit":"V","value":1.2414399999999999},"sweep_direction":{"unit":"","value":"Reverse"},"key":"reverse_4_CsPbI2Br+100uL Ch2I2_722041901_1.5 mg FPEABr"},{"V":{"unit":"V","value":[1.297,1.257,1.217,1.177,1.137,1.097,1.057,1.017,0.977,0.937,0.897,0.857,0.817,0.777,0.737,0.697,0.657,0.617,0.577,0.537,0.497,0.457,0.417,0.377,0.337,0.297,0.257,0.217,0.177,0.137,0.097,0.057,0.017,-0.023]},"J":{"unit":"A\/cm2","value":[-0.014825,-0.00235,0.005874999999999999,0.01035,0.012375,0.01325,0.013675000000000001,0.013850000000000001,0.013925,0.014025000000000001,0.014025000000000001,0.014074999999999997,0.014124999999999999,0.014074999999999997,0.014124999999999999,0.014124999999999999,0.014099999999999998,0.014174999999999998,0.014174999999999998,0.01415,0.014199999999999999,0.014174999999999998,0.014199999999999999,0.014224999999999998,0.014174999999999998,0.014199999999999999,0.014199999999999999,0.014174999999999998,0.014199999999999999,0.014224999999999998,0.014199999999999999,0.014224999999999998,0.014199999999999999,0.014199999999999999]},"I":{"unit":"A","value":[-0.000593,-9.4e-5,0.000235,0.000414,0.000495,0.00053,0.0005470000000000001,0.000554,0.0005570000000000001,0.0005610000000000001,0.0005610000000000001,0.0005629999999999999,0.000565,0.0005629999999999999,0.000565,0.000565,0.0005639999999999999,0.0005669999999999999,0.0005669999999999999,0.000566,0.0005679999999999999,0.0005669999999999999,0.0005679999999999999,0.000569,0.0005669999999999999,0.0005679999999999999,0.0005679999999999999,0.0005669999999999999,0.0005679999999999999,0.000569,0.0005679999999999999,0.000569,0.0005679999999999999,0.0005679999999999999]},"efficiency":{"unit":"%","value":14.53525},"fill_factor":{"unit":"%","value":82.17988398333573},"jsc":{"unit":"mA\/cm2","value":14.2},"isc":{"unit":"mA","value":0.568},"voc":{"unit":"V","value":1.2455714285714286},"sweep_direction":{"unit":"","value":"Reverse"},"key":"reverse_3_CsPbI2Br+100uL Ch2I2_722041901_1.5 mg FPEABr"},{"V":{"unit":"V","value":[1.314,1.274,1.234,1.194,1.154,1.114,1.074,1.034,0.994,0.954,0.914,0.874,0.834,0.794,0.754,0.714,0.674,0.634,0.594,0.554,0.514,0.474,0.434,0.394,0.354,0.314,0.274,0.234,0.194,0.154,0.114,0.074,0.034,-0.006,-0.046]},"J":{"unit":"A\/cm2","value":[-0.008,-0.001475,0.004025,0.008225,0.011075,0.0126,0.013349999999999999,0.013725000000000001,0.013825,0.013975000000000001,0.01405,0.01405,0.014099999999999998,0.014099999999999998,0.014099999999999998,0.01415,0.014124999999999999,0.01415,0.014174999999999998,0.01415,0.01415,0.014224999999999998,0.014174999999999998,0.014224999999999998,0.014224999999999998,0.014199999999999999,0.014249999999999999,0.014199999999999999,0.014174999999999998,0.014224999999999998,0.014199999999999999,0.014199999999999999,0.014249999999999999,0.014199999999999999,0.014174999999999998]},"I":{"unit":"A","value":[-0.00032,-5.9e-5,0.000161,0.00032900000000000003,0.000443,0.000504,0.0005340000000000001,0.000549,0.000553,0.000559,0.0005620000000000001,0.0005620000000000001,0.0005639999999999999,0.0005639999999999999,0.0005639999999999999,0.000566,0.000565,0.000566,0.0005669999999999999,0.000566,0.000566,0.000569,0.0005669999999999999,0.000569,0.000569,0.0005679999999999999,0.00057,0.0005679999999999999,0.0005669999999999999,0.000569,0.0005679999999999999,0.0005679999999999999,0.00057,0.0005679999999999999,0.0005669999999999999]},"efficiency":{"unit":"%","value":14.337900000000001},"fill_factor":{"unit":"%","value":79.88601583305908},"jsc":{"unit":"mA\/cm2","value":14.207499999999998},"isc":{"unit":"mA","value":0.5682999999999999},"voc":{"unit":"V","value":1.2632727272727273},"sweep_direction":{"unit":"","value":"Reverse"},"key":"reverse_2_CsPbI2Br+100uL Ch2I2_722041901_1.5 mg FPEABr"},{"V":{"unit":"V","value":[1.34,1.3,1.26,1.22,1.18,1.14,1.1,1.06,1.02,0.98,0.94,0.9,0.86,0.82,0.78,0.74,0.7,0.66,0.62,0.58,0.54,0.5,0.46,0.42,0.38,0.34,0.3,0.26,0.22,0.18,0.14,0.1,0.06,0.02,-0.02]},"J":{"unit":"A\/cm2","value":[-0.0067,-0.0012,0.0036249999999999998,0.007549999999999999,0.010475,0.01225,0.01325,0.013725000000000001,0.01395,0.014074999999999997,0.014174999999999998,0.014124999999999999,0.014199999999999999,0.014249999999999999,0.014224999999999998,0.014274999999999998,0.014274999999999998,0.014199999999999999,0.014299999999999998,0.014299999999999998,0.014299999999999998,0.014299999999999998,0.014249999999999999,0.014299999999999998,0.014325,0.014325,0.014349999999999998,0.014325,0.014325,0.014399999999999998,0.014325,0.014325,0.014325,0.014274999999999998,0.014374999999999999]},"I":{"unit":"A","value":[-0.000268,-4.8e-5,0.000145,0.00030199999999999997,0.000419,0.00049,0.00053,0.000549,0.000558,0.0005629999999999999,0.0005669999999999999,0.000565,0.0005679999999999999,0.00057,0.000569,0.000571,0.000571,0.0005679999999999999,0.0005719999999999999,0.0005719999999999999,0.0005719999999999999,0.0005719999999999999,0.00057,0.0005719999999999999,0.0005729999999999999,0.0005729999999999999,0.000574,0.0005729999999999999,0.0005729999999999999,0.0005759999999999999,0.0005729999999999999,0.0005729999999999999,0.0005729999999999999,0.000571,0.000575]},"efficiency":{"unit":"%","value":14.575000000000001},"fill_factor":{"unit":"%","value":78.8690807885352},"jsc":{"unit":"mA\/cm2","value":14.325},"isc":{"unit":"mA","value":0.573},"voc":{"unit":"V","value":1.2900518134715027},"sweep_direction":{"unit":"","value":"Reverse"},"key":"reverse_1_CsPbI2Br+100uL Ch2I2_722041901_1.5 mg FPEABr"},{"V":{"unit":"V","value":[-0.05,-0.01,0.03,0.07,0.11,0.15,0.19,0.23,0.27,0.31,0.35,0.39,0.43,0.47,0.51,0.55,0.59,0.63,0.67,0.71,0.75,0.79,0.83,0.87,0.91,0.95,0.99,1.03,1.07,1.11,1.15,1.19,1.23,1.27]},"J":{"unit":"A\/cm2","value":[0.015075,0.015075,0.01505,0.015024999999999998,0.015,0.014899999999999998,0.014874999999999998,0.014799999999999999,0.014749999999999997,0.014725,0.0146,0.0146,0.014575,0.01445,0.014399999999999998,0.014299999999999998,0.014124999999999999,0.014074999999999997,0.013925,0.0137,0.013525,0.01325,0.012925,0.012625,0.012125,0.011550000000000001,0.010875,0.009825,0.008275000000000001,0.005525,0.0006,-0.007324999999999999,-0.018525,-0.032350000000000004]},"I":{"unit":"A","value":[0.000603,0.000603,0.000602,0.000601,0.0006,0.000596,0.0005949999999999999,0.000592,0.0005899999999999999,0.000589,0.000584,0.000584,0.000583,0.000578,0.0005759999999999999,0.0005719999999999999,0.000565,0.0005629999999999999,0.0005570000000000001,0.0005480000000000001,0.000541,0.00053,0.000517,0.000505,0.00048499999999999997,0.000462,0.000435,0.000393,0.000331,0.000221,2.4e-5,-0.00029299999999999997,-0.000741,-0.001294]},"efficiency":{"unit":"%","value":11.03375},"fill_factor":{"unit":"%","value":63.50470614509632},"jsc":{"unit":"mA\/cm2","value":15.06875},"isc":{"unit":"mA","value":0.60275},"voc":{"unit":"V","value":1.1530283911671921},"sweep_direction":{"unit":"","value":"Forward"},"key":"forward_8_CsPbI2Br+100uL Ch2I2_722041901_1.5 mg FPEABr"},{"V":{"unit":"V","value":[-0.05,-0.01,0.03,0.07,0.11,0.15,0.19,0.23,0.27,0.31,0.35,0.39,0.43,0.47,0.51,0.55,0.59,0.63,0.67,0.71,0.75,0.79,0.83,0.87,0.91,0.95,0.99,1.03,1.07,1.11,1.15,1.19,1.23,1.27]},"J":{"unit":"A\/cm2","value":[0.01495,0.01495,0.014874999999999998,0.01495,0.014874999999999998,0.01485,0.01485,0.014725,0.0147,0.014674999999999999,0.014549999999999999,0.014575,0.014499999999999999,0.014424999999999999,0.014374999999999999,0.014274999999999998,0.014174999999999998,0.014074999999999997,0.013900000000000001,0.01375,0.013575,0.013325000000000002,0.013099999999999999,0.01275,0.01235,0.01185,0.011125,0.010150000000000001,0.008525,0.0056749999999999995,0.0008500000000000001,-0.006425,-0.016050000000000002,-0.027475]},"I":{"unit":"A","value":[0.000598,0.000598,0.0005949999999999999,0.000598,0.0005949999999999999,0.000594,0.000594,0.000589,0.000588,0.000587,0.0005819999999999999,0.000583,0.00058,0.0005769999999999999,0.000575,0.000571,0.0005669999999999999,0.0005629999999999999,0.0005560000000000001,0.00055,0.0005430000000000001,0.000533,0.000524,0.00051,0.000494,0.000474,0.00044500000000000003,0.000406,0.00034100000000000005,0.00022700000000000002,3.4e-5,-0.000257,-0.000642,-0.001099]},"efficiency":{"unit":"%","value":11.257499999999999},"fill_factor":{"unit":"%","value":65.29599961949748},"jsc":{"unit":"mA\/cm2","value":14.931249999999999},"isc":{"unit":"mA","value":0.59725},"voc":{"unit":"V","value":1.1546735395189},"sweep_direction":{"unit":"","value":"Forward"},"key":"forward_7_CsPbI2Br+100uL Ch2I2_722041901_1.5 mg FPEABr"},{"V":{"unit":"V","value":[-0.05,-0.01,0.03,0.07,0.11,0.15,0.19,0.23,0.27,0.31,0.35,0.39,0.43,0.47,0.51,0.55,0.59,0.63,0.67,0.71,0.75,0.79,0.83,0.87,0.91,0.95,0.99,1.03,1.07,1.11,1.15,1.19,1.23,1.27]},"J":{"unit":"A\/cm2","value":[0.014575,0.014549999999999999,0.014549999999999999,0.014524999999999998,0.01445,0.014474999999999998,0.014399999999999998,0.014274999999999998,0.014274999999999998,0.014174999999999998,0.014124999999999999,0.014124999999999999,0.01405,0.013975000000000001,0.013925,0.013775,0.0137,0.013625,0.0134,0.01325,0.013025,0.01275,0.012475,0.012125,0.011625,0.011075,0.010299999999999998,0.009349999999999999,0.00785,0.005274999999999999,0.001,-0.0059,-0.01555,-0.0275]},"I":{"unit":"A","value":[0.000583,0.0005819999999999999,0.0005819999999999999,0.0005809999999999999,0.000578,0.000579,0.0005759999999999999,0.000571,0.000571,0.0005669999999999999,0.000565,0.000565,0.0005620000000000001,0.000559,0.0005570000000000001,0.0005510000000000001,0.0005480000000000001,0.000545,0.000536,0.00053,0.000521,0.00051,0.000499,0.00048499999999999997,0.000465,0.000443,0.000412,0.000374,0.000314,0.000211,4.0e-5,-0.000236,-0.000622,-0.0011]},"efficiency":{"unit":"%","value":10.578750000000001},"fill_factor":{"unit":"%","value":62.90566525546974},"jsc":{"unit":"mA\/cm2","value":14.549999999999999},"isc":{"unit":"mA","value":0.582},"voc":{"unit":"V","value":1.1557971014492754},"sweep_direction":{"unit":"","value":"Forward"},"key":"forward_6_CsPbI2Br+100uL Ch2I2_722041901_1.5 mg FPEABr"},{"V":{"unit":"V","value":[-0.05,-0.01,0.03,0.07,0.11,0.15,0.19,0.23,0.27,0.31,0.35,0.39,0.43,0.47,0.51,0.55,0.59,0.63,0.67,0.71,0.75,0.79,0.83,0.87,0.91,0.95,0.99,1.03,1.07,1.11,1.15,1.19,1.23,1.27]},"J":{"unit":"A\/cm2","value":[0.014474999999999998,0.01445,0.01445,0.01445,0.014399999999999998,0.014374999999999999,0.014325,0.014325,0.014249999999999999,0.014224999999999998,0.014174999999999998,0.014099999999999998,0.014099999999999998,0.014074999999999997,0.01395,0.013900000000000001,0.013825,0.0137,0.013625,0.0135,0.013275,0.013075000000000002,0.0128,0.012525,0.01215,0.01165,0.010975,0.010025000000000001,0.008475,0.0058,0.00095,-0.007075,-0.0185,-0.0329]},"I":{"unit":"A","value":[0.000579,0.000578,0.000578,0.000578,0.0005759999999999999,0.000575,0.0005729999999999999,0.0005729999999999999,0.00057,0.000569,0.0005669999999999999,0.0005639999999999999,0.0005639999999999999,0.0005629999999999999,0.000558,0.0005560000000000001,0.000553,0.0005480000000000001,0.000545,0.00054,0.000531,0.000523,0.000512,0.000501,0.000486,0.00046600000000000005,0.000439,0.00040100000000000004,0.000339,0.000232,3.8e-5,-0.000283,-0.00074,-0.0013160000000000001]},"efficiency":{"unit":"%","value":11.067499999999999},"fill_factor":{"unit":"%","value":66.32836284580723},"jsc":{"unit":"mA\/cm2","value":14.45},"isc":{"unit":"mA","value":0.578},"voc":{"unit":"V","value":1.1547352024922117},"sweep_direction":{"unit":"","value":"Forward"},"key":"forward_5_CsPbI2Br+100uL Ch2I2_722041901_1.5 mg FPEABr"},{"V":{"unit":"V","value":[-0.05,-0.01,0.03,0.07,0.11,0.15,0.19,0.23,0.27,0.31,0.35,0.39,0.43,0.47,0.51,0.55,0.59,0.63,0.67,0.71,0.75,0.79,0.83,0.87,0.91,0.95,0.99,1.03,1.07,1.11,1.15,1.19,1.23,1.27]},"J":{"unit":"A\/cm2","value":[0.014549999999999999,0.014499999999999999,0.014524999999999998,0.014524999999999998,0.01445,0.014499999999999999,0.014474999999999998,0.014349999999999998,0.014399999999999998,0.014349999999999998,0.014249999999999999,0.014249999999999999,0.014174999999999998,0.014124999999999999,0.014099999999999998,0.013975000000000001,0.013900000000000001,0.013825,0.0137,0.013575,0.0134,0.013125,0.0129,0.012575,0.01215,0.0116,0.01085,0.009800000000000001,0.008199999999999999,0.0056500000000000005,0.001875,-0.0032,-0.009349999999999999,-0.01625]},"I":{"unit":"A","value":[0.0005819999999999999,0.00058,0.0005809999999999999,0.0005809999999999999,0.000578,0.00058,0.000579,0.000574,0.0005759999999999999,0.000574,0.00057,0.00057,0.0005669999999999999,0.000565,0.0005639999999999999,0.000559,0.0005560000000000001,0.000553,0.0005480000000000001,0.0005430000000000001,0.000536,0.0005250000000000001,0.000516,0.000503,0.000486,0.000464,0.000434,0.00039200000000000004,0.000328,0.00022600000000000002,7.5e-5,-0.000128,-0.000374,-0.00065]},"efficiency":{"unit":"%","value":11.0565},"fill_factor":{"unit":"%","value":65.43637491550892},"jsc":{"unit":"mA\/cm2","value":14.506249999999998},"isc":{"unit":"mA","value":0.5802499999999999},"voc":{"unit":"V","value":1.1647783251231525},"sweep_direction":{"unit":"","value":"Forward"},"key":"forward_4_CsPbI2Br+100uL Ch2I2_722041901_1.5 mg FPEABr"},{"V":{"unit":"V","value":[-0.05,-0.01,0.03,0.07,0.11,0.15,0.19,0.23,0.27,0.31,0.35,0.39,0.43,0.47,0.51,0.55,0.59,0.63,0.67,0.71,0.75,0.79,0.83,0.87,0.91,0.95,0.99,1.03,1.07,1.11,1.15,1.19,1.23,1.27]},"J":{"unit":"A\/cm2","value":[0.014299999999999998,0.014274999999999998,0.014299999999999998,0.014249999999999999,0.014274999999999998,0.014325,0.014199999999999999,0.014199999999999999,0.014199999999999999,0.01415,0.01415,0.014099999999999998,0.014025000000000001,0.01405,0.013975000000000001,0.01395,0.013900000000000001,0.013825,0.01375,0.013625,0.013525,0.013375,0.01315,0.01295,0.012625,0.01225,0.011725,0.010975,0.009699999999999999,0.0075,0.00335,-0.0037249999999999996,-0.014174999999999998,-0.02765]},"I":{"unit":"A","value":[0.0005719999999999999,0.000571,0.0005719999999999999,0.00057,0.000571,0.0005729999999999999,0.0005679999999999999,0.0005679999999999999,0.0005679999999999999,0.000566,0.000566,0.0005639999999999999,0.0005610000000000001,0.0005620000000000001,0.000559,0.000558,0.0005560000000000001,0.000553,0.00055,0.000545,0.000541,0.000535,0.000526,0.000518,0.000505,0.00049,0.00046899999999999996,0.000439,0.000388,0.0003,0.000134,-0.000149,-0.0005669999999999999,-0.001106]},"efficiency":{"unit":"%","value":11.6375},"fill_factor":{"unit":"%","value":69.71099450410728},"jsc":{"unit":"mA\/cm2","value":14.281249999999998},"isc":{"unit":"mA","value":0.5712499999999999},"voc":{"unit":"V","value":1.1689399293286216},"sweep_direction":{"unit":"","value":"Forward"},"key":"forward_3_CsPbI2Br+100uL Ch2I2_722041901_1.5 mg FPEABr"},{"V":{"unit":"V","value":[-0.05,-0.01,0.03,0.07,0.11,0.15,0.19,0.23,0.27,0.31,0.35,0.39,0.43,0.47,0.51,0.55,0.59,0.63,0.67,0.71,0.75,0.79,0.83,0.87,0.91,0.95,0.99,1.03,1.07,1.11,1.15,1.19,1.23,1.27,1.31]},"J":{"unit":"A\/cm2","value":[0.014224999999999998,0.014274999999999998,0.014274999999999998,0.014199999999999999,0.014249999999999999,0.014249999999999999,0.014224999999999998,0.014224999999999998,0.014174999999999998,0.014174999999999998,0.014174999999999998,0.014099999999999998,0.014074999999999997,0.01405,0.014025000000000001,0.014025000000000001,0.013925,0.013875000000000002,0.013825,0.013675000000000001,0.013625,0.0135,0.013275,0.013099999999999999,0.01285,0.01245,0.011949999999999999,0.011175000000000001,0.009875,0.0078,0.004324999999999999,-0.0008500000000000001,-0.007625,-0.015674999999999998,-0.024599999999999997]},"I":{"unit":"A","value":[0.000569,0.000571,0.000571,0.0005679999999999999,0.00057,0.00057,0.000569,0.000569,0.0005669999999999999,0.0005669999999999999,0.0005669999999999999,0.0005639999999999999,0.0005629999999999999,0.0005620000000000001,0.0005610000000000001,0.0005610000000000001,0.0005570000000000001,0.000555,0.000553,0.0005470000000000001,0.000545,0.00054,0.000531,0.000524,0.000514,0.000498,0.00047799999999999996,0.000447,0.000395,0.000312,0.00017299999999999998,-3.4e-5,-0.000305,-0.000627,-0.000984]},"efficiency":{"unit":"%","value":11.830499999999999},"fill_factor":{"unit":"%","value":70.03004835575494},"jsc":{"unit":"mA\/cm2","value":14.274999999999999},"isc":{"unit":"mA","value":0.571},"voc":{"unit":"V","value":1.183429951690821},"sweep_direction":{"unit":"","value":"Forward"},"key":"forward_2_CsPbI2Br+100uL Ch2I2_722041901_1.5 mg FPEABr"},{"V":{"unit":"V","value":[-0.05,-0.01,0.03,0.07,0.11,0.15,0.19,0.23,0.27,0.31,0.35,0.39,0.43,0.47,0.51,0.55,0.59,0.63,0.67,0.71,0.75,0.79,0.83,0.87,0.91,0.95,0.99,1.03,1.07,1.11,1.15,1.19,1.23,1.27,1.31]},"J":{"unit":"A\/cm2","value":[0.014374999999999999,0.014299999999999998,0.014325,0.014349999999999998,0.014325,0.014349999999999998,0.014325,0.014325,0.014349999999999998,0.014299999999999998,0.014274999999999998,0.014299999999999998,0.014274999999999998,0.014249999999999999,0.014274999999999998,0.014224999999999998,0.014199999999999999,0.014174999999999998,0.014124999999999999,0.014124999999999999,0.014025000000000001,0.013900000000000001,0.013825,0.01365,0.0135,0.013200000000000002,0.012725,0.012074999999999999,0.010975,0.009075,0.00605,0.0016500000000000002,-0.0040999999999999995,-0.010875,-0.018425]},"I":{"unit":"A","value":[0.000575,0.0005719999999999999,0.0005729999999999999,0.000574,0.0005729999999999999,0.000574,0.0005729999999999999,0.0005729999999999999,0.000574,0.0005719999999999999,0.000571,0.0005719999999999999,0.000571,0.00057,0.000571,0.000569,0.0005679999999999999,0.0005669999999999999,0.000565,0.000565,0.0005610000000000001,0.0005560000000000001,0.000553,0.000546,0.00054,0.000528,0.000509,0.000483,0.000439,0.000363,0.000242,6.6e-5,-0.000164,-0.000435,-0.000737]},"efficiency":{"unit":"%","value":12.59775},"fill_factor":{"unit":"%","value":73.2911031114348},"jsc":{"unit":"mA\/cm2","value":14.306249999999999},"isc":{"unit":"mA","value":0.5722499999999999},"voc":{"unit":"V","value":1.2014782608695653},"sweep_direction":{"unit":"","value":"Forward"},"key":"forward_1_CsPbI2Br+100uL Ch2I2_722041901_1.5 mg FPEABr"}]}}