{"_id":"652932da9d8aa506476d204a","id":"CAU-SC-00069","author":73,"group":7,"input":[{"tco":{"unit":"","value":"ITO"}},{"htl":[{"material":{"unit":"","value":"NiOx_Solgel"},"concentration":{"unit":"","value":"0.8"},"conc_unit":{"unit":"","value":"M"},"quantity":{"unit":"ml","value":"None"}}],"solvent":[{"material":{"unit":"","value":"EG"},"volume":{"unit":"ml","value":"1"}},{"material":{"unit":"","value":"EDA"},"volume":{"unit":"ml","value":"0.0536"}}],"spin_coating":[{"type":{"unit":"","value":"drop&run"},"rpm":{"unit":"","value":"5000"},"time":{"unit":"s","value":"50"}}],"annealing":[{"temperature":{"unit":"oC","value":"150"},"time":{"unit":"m","value":"5"}},{"temperature":{"unit":"oC","value":"300"},"time":{"unit":"m","value":"60"}}]},{"htl_treatment":[{"material":{"unit":"","value":"2PACz"},"concentration":{"unit":"","value":"0.4"},"conc_unit":{"unit":"","value":"mg\/ml"},"quantity":{"unit":"ml","value":"None"}}],"solvent":[{"material":{"unit":"","value":"Ethanol"},"volume":{"unit":"ml","value":"1"}}],"spin_coating":[{"type":{"unit":"","value":"drop&run"},"rpm":{"unit":"","value":"5000"},"time":{"unit":"s","value":"30"}}],"annealing":[{"temperature":{"unit":"oC","value":"100"},"time":{"unit":"m","value":"5"}}]},{"perovskite":{"method":{"unit":"","value":"1step"},"molarity":{"unit":"M","value":"1.0"},"a_site":[{"material":{"unit":"","value":"FA"},"ratio":{"unit":"","value":"0.8314"}},{"material":{"unit":"","value":"Cs"},"ratio":{"unit":"","value":"0.1666"}},{"material":{"unit":"","value":"BA"},"ratio":{"unit":"","value":"0.002"}}],"b_site":[{"material":{"unit":"","value":"Pb"},"ratio":{"unit":"","value":"100"}}],"x_site":[{"material":{"unit":"","value":"I"},"ratio":{"unit":"","value":"83"}},{"material":{"unit":"","value":"Br"},"ratio":{"unit":"","value":"17"}}],"solvent":[{"material":{"unit":"","value":"DMF"},"volume":{"unit":"ml","value":"0.8"}},{"material":{"unit":"","value":"DMSO"},"volume":{"unit":"ml","value":"0.2"}}],"antisolvent":[{"material":{"unit":"","value":"Anisole"},"quantity":{"unit":"ul","value":"300"},"dripping_time":{"unit":"s","value":"25"}}],"spin_coating":[{"type":{"unit":"","value":"drop&run"},"rpm":{"unit":"","value":"4000"},"time":{"unit":"s","value":"30"}}],"annealing":[{"temperature":{"unit":"oC","value":"75"},"time":{"unit":"m","value":"1"}},{"temperature":{"unit":"oC","value":"120"},"time":{"unit":"m","value":"20"}}],"atmosphere":[{"type":{"unit":"","value":"N2"},"temperature":{"unit":"oC","value":"25"},"humidity":{"unit":"RH%","value":"0"}}]}},{"etl":[{"material":{"unit":"","value":"PC61BM"},"concentration":{"unit":"","value":"30"},"conc_unit":{"unit":"","value":"mg\/ml"},"quantity":{"unit":"ml","value":"None"}}],"solvent":[{"material":{"unit":"","value":"CB"},"volume":{"unit":"ml","value":"1"}}],"spin_coating":[{"type":{"unit":"","value":"drop&run"},"rpm":{"unit":"","value":"1500"},"time":{"unit":"s","value":"30"}}],"annealing":[{"temperature":{"unit":"oC","value":"120"},"time":{"unit":"m","value":"5"}}]},{"blocking_buffer_layer":[{"material":{"unit":"","value":"BCP"},"concentration":{"unit":"","value":"0.5"},"conc_unit":{"unit":"","value":"mg\/ml"},"quantity":{"unit":"ml","value":"None"}}],"solvent":[{"material":{"unit":"","value":"IPA"},"volume":{"unit":"ml","value":"1"}}],"spin_coating":[{"type":{"unit":"","value":"drop&run"},"rpm":{"unit":"","value":"4000"},"time":{"unit":"s","value":"30"}}]},{"anode_metal":{"unit":"","value":"Ag"}},{"note":{"unit":"","value":"Pb, CB100, 1500, 30, 1"},"ar":{"unit":"","value":"0"},"type":{"unit":"","value":"unit_cell"},"device_type":{"unit":"","value":"p-i-n"},"temperature":{"unit":"\u2103","value":"25"},"humidity":{"unit":"%","value":"30"},"cell_dimension":{"unit":"cm2","value":"0.04"}}],"fileinfo":[{"key":"52106204","uploadType":"JV","original_name":"52106204.xlsx","save_name":"CAU-SC-00069\/52106204","uploader":73,"fileType":"group"}],"updated_at":"2024-06-03 08:38:34","created_at":"2023-10-13 12:06:50","jvcnt":18,"analysisInfo":{"JV":[{"efficiency":15.527750000000001,"fill_factor":79.50481471400656,"jsc":18.172499999999996,"voc":1.0747326007326008,"key":"reverse_9_52106204","cell_dimension":null},{"efficiency":14.940800000000001,"fill_factor":76.78847056932419,"jsc":18.07,"voc":1.0767619047619048,"key":"reverse_8_52106204","cell_dimension":null},{"efficiency":15.742999999999999,"fill_factor":77.69854739952012,"jsc":18.925,"voc":1.070628272251309,"key":"reverse_7_52106204","cell_dimension":null},{"efficiency":15.182700000000002,"fill_factor":78.50267394087948,"jsc":17.964999999999996,"voc":1.0765577689243029,"key":"reverse_6_52106204","cell_dimension":null},{"efficiency":15.945599999999999,"fill_factor":80.04785819711968,"jsc":18.6825,"voc":1.066242914979757,"key":"reverse_5_52106204","cell_dimension":null},{"efficiency":16.29095,"fill_factor":79.48769040920718,"jsc":19.271250000000002,"voc":1.0634979253112031,"key":"reverse_4_52106204","cell_dimension":null},{"efficiency":15.5952,"fill_factor":79.11609780955213,"jsc":18.379999999999995,"voc":1.0724587155963303,"key":"reverse_3_52106204","cell_dimension":null},{"efficiency":16.08345,"fill_factor":79.70447691770507,"jsc":18.90625,"voc":1.0673112840466927,"key":"reverse_2_52106204","cell_dimension":null},{"efficiency":16.657425,"fill_factor":78.94403774063133,"jsc":19.731250000000003,"voc":1.0693846153846152,"key":"reverse_1_52106204","cell_dimension":null},{"efficiency":15.709,"fill_factor":79.70849827772352,"jsc":18.349999999999998,"voc":1.0740088105726873,"key":"forward_9_52106204","cell_dimension":null},{"efficiency":15.157,"fill_factor":77.6853622550321,"jsc":18.15,"voc":1.0749726775956285,"key":"forward_8_52106204","cell_dimension":null},{"efficiency":15.884999999999998,"fill_factor":78.26336068024045,"jsc":18.975,"voc":1.0696629213483146,"key":"forward_7_52106204","cell_dimension":null},{"efficiency":15.341000000000001,"fill_factor":78.50089487720872,"jsc":18.175,"voc":1.075238095238095,"key":"forward_6_52106204","cell_dimension":null},{"efficiency":16.064999999999998,"fill_factor":79.94947361171072,"jsc":18.85,"voc":1.0659915611814346,"key":"forward_5_52106204","cell_dimension":null},{"efficiency":16.491,"fill_factor":80.11530640265163,"jsc":19.35,"voc":1.063776824034335,"key":"forward_4_52106204","cell_dimension":null},{"efficiency":15.663000000000002,"fill_factor":78.76992571275449,"jsc":18.55,"voc":1.0719402985074626,"key":"forward_3_52106204","cell_dimension":null},{"efficiency":16.2675,"fill_factor":79.93739650029728,"jsc":19.075,"voc":1.066857142857143,"key":"forward_2_52106204","cell_dimension":null},{"efficiency":16.875,"fill_factor":79.07903300392212,"jsc":19.95,"voc":1.0696446700507614,"key":"forward_1_52106204","cell_dimension":null}]},"public":2,"analysis":{"JV":[{"V":{"unit":"V","value":[1.114,1.094,1.074,1.054,1.034,1.014,0.994,0.974,0.954,0.934,0.914,0.894,0.874,0.854,0.834,0.814,0.794,0.774,0.754,0.734,0.714,0.694,0.674,0.654,0.634,0.614,0.594,0.574,0.554,0.534,0.514,0.494,0.474,0.454,0.434,0.414,0.394,0.374,0.354,0.334,0.314,0.294,0.274,0.254,0.234,0.214,0.194,0.174,0.154,0.134,0.114,0.094,0.074,0.054,0.034,0.014,-0.006,-0.026]},"J":{"unit":"A\/cm2","value":[-0.014575,-0.006575,0.00025,0.00555,0.009625,0.012225,0.01415,0.015325,0.016125,0.016625,0.01695,0.017224999999999997,0.017349999999999997,0.017549999999999996,0.017525,0.017724999999999998,0.01765,0.017799999999999996,0.0177,0.0179,0.017799999999999996,0.0179,0.017825,0.017924999999999996,0.0179,0.0179,0.01795,0.01795,0.018025,0.017924999999999996,0.01805,0.01795,0.018099999999999998,0.017974999999999998,0.018099999999999998,0.018,0.018125,0.018025,0.018125,0.018025,0.01815,0.018075,0.01815,0.018125,0.018125,0.018125,0.018125,0.018175,0.018125,0.0182,0.018125,0.0182,0.018125,0.018224999999999998,0.018125,0.018224999999999998,0.01815,0.018224999999999998]},"I":{"unit":"A","value":[-0.000583,-0.000263,1.0e-5,0.000222,0.00038500000000000003,0.000489,0.000566,0.0006129999999999999,0.0006450000000000001,0.000665,0.000678,0.0006889999999999999,0.000694,0.0007019999999999999,0.0007009999999999999,0.000709,0.0007059999999999999,0.000712,0.000708,0.000716,0.000712,0.000716,0.000713,0.000717,0.000716,0.000716,0.000718,0.000718,0.000721,0.000717,0.000722,0.000718,0.0007239999999999999,0.000719,0.0007239999999999999,0.0007199999999999999,0.000725,0.000721,0.000725,0.000721,0.000726,0.000723,0.000726,0.000725,0.000725,0.000725,0.000725,0.000727,0.000725,0.000728,0.000725,0.000728,0.000725,0.0007289999999999999,0.000725,0.0007289999999999999,0.000726,0.0007289999999999999]},"efficiency":{"unit":"%","value":15.527750000000001},"fill_factor":{"unit":"%","value":79.50481471400656},"jsc":{"unit":"mA\/cm2","value":18.172499999999996},"isc":{"unit":"mA","value":0.7268999999999999},"voc":{"unit":"V","value":1.0747326007326008},"sweep_direction":{"unit":"","value":"Reverse"},"key":"reverse_9_52106204"},{"V":{"unit":"V","value":[1.116,1.096,1.076,1.056,1.036,1.016,0.996,0.976,0.956,0.936,0.916,0.896,0.876,0.856,0.836,0.816,0.796,0.776,0.756,0.736,0.716,0.696,0.676,0.656,0.636,0.616,0.596,0.576,0.556,0.536,0.516,0.496,0.476,0.456,0.436,0.416,0.396,0.376,0.356,0.336,0.316,0.296,0.276,0.256,0.236,0.216,0.196,0.176,0.156,0.136,0.116,0.096,0.076,0.056,0.036,0.016,-0.004,-0.024]},"J":{"unit":"A\/cm2","value":[-0.011075,-0.00505,0.0002,0.0046749999999999995,0.008199999999999999,0.010775,0.012725,0.014174999999999998,0.015075,0.015825,0.01625,0.016675000000000002,0.016875,0.017075,0.017175,0.017349999999999997,0.017325,0.017424999999999996,0.017474999999999997,0.017525,0.017549999999999996,0.017549999999999996,0.017625,0.017625,0.017724999999999998,0.01765,0.01775,0.0177,0.017799999999999996,0.01775,0.017825,0.017775,0.017849999999999998,0.017825,0.017825,0.017875,0.017875,0.0179,0.0179,0.01795,0.0179,0.01795,0.017924999999999996,0.018,0.01795,0.018,0.01795,0.01805,0.017974999999999998,0.018075,0.017974999999999998,0.018075,0.018025,0.018075,0.01805,0.01805,0.018075,0.018025]},"I":{"unit":"A","value":[-0.000443,-0.000202,8.0e-6,0.000187,0.000328,0.000431,0.000509,0.0005669999999999999,0.000603,0.000633,0.00065,0.0006670000000000001,0.000675,0.000683,0.000687,0.000694,0.0006929999999999999,0.0006969999999999999,0.000699,0.0007009999999999999,0.0007019999999999999,0.0007019999999999999,0.000705,0.000705,0.000709,0.0007059999999999999,0.0007099999999999999,0.000708,0.000712,0.0007099999999999999,0.000713,0.0007109999999999999,0.000714,0.000713,0.000713,0.0007149999999999999,0.0007149999999999999,0.000716,0.000716,0.000718,0.000716,0.000718,0.000717,0.0007199999999999999,0.000718,0.0007199999999999999,0.000718,0.000722,0.000719,0.000723,0.000719,0.000723,0.000721,0.000723,0.000722,0.000722,0.000723,0.000721]},"efficiency":{"unit":"%","value":14.940800000000001},"fill_factor":{"unit":"%","value":76.78847056932419},"jsc":{"unit":"mA\/cm2","value":18.07},"isc":{"unit":"mA","value":0.7228},"voc":{"unit":"V","value":1.0767619047619048},"sweep_direction":{"unit":"","value":"Reverse"},"key":"reverse_8_52106204"},{"V":{"unit":"V","value":[1.11,1.09,1.07,1.05,1.03,1.01,0.99,0.97,0.95,0.93,0.91,0.89,0.87,0.85,0.83,0.81,0.79,0.77,0.75,0.73,0.71,0.69,0.67,0.65,0.63,0.61,0.59,0.57,0.55,0.53,0.51,0.49,0.47,0.45,0.43,0.41,0.39,0.37,0.35,0.33,0.31,0.29,0.27,0.25,0.23,0.21,0.19,0.17,0.15,0.13,0.11,0.09,0.07,0.05,0.03,0.01,-0.01,-0.03]},"J":{"unit":"A\/cm2","value":[-0.00985,-0.004625,0.00015,0.004399999999999999,0.007925,0.01085,0.01315,0.014749999999999997,0.01595,0.016625,0.017299999999999996,0.017549999999999996,0.017924999999999996,0.018,0.018275,0.018275,0.018449999999999998,0.0184,0.0185,0.018475,0.01855,0.01855,0.018574999999999998,0.018625,0.0186,0.01865,0.0186,0.018725,0.018675,0.018725,0.018625,0.01875,0.018699999999999998,0.018775,0.018699999999999998,0.0188,0.018725,0.018850000000000002,0.01875,0.018850000000000002,0.0188,0.018824999999999998,0.018824999999999998,0.018850000000000002,0.018875,0.018824999999999998,0.0189,0.018824999999999998,0.018949999999999998,0.018824999999999998,0.018949999999999998,0.0188,0.019,0.018850000000000002,0.019,0.018875,0.018975000000000002,0.018925]},"I":{"unit":"A","value":[-0.00039400000000000004,-0.000185,6.0e-6,0.000176,0.000317,0.000434,0.000526,0.0005899999999999999,0.000638,0.000665,0.0006919999999999999,0.0007019999999999999,0.000717,0.0007199999999999999,0.000731,0.000731,0.0007379999999999999,0.000736,0.00074,0.000739,0.000742,0.000742,0.000743,0.000745,0.000744,0.000746,0.000744,0.000749,0.000747,0.000749,0.000745,0.00075,0.000748,0.000751,0.000748,0.000752,0.000749,0.000754,0.00075,0.000754,0.000752,0.000753,0.000753,0.000754,0.000755,0.000753,0.000756,0.000753,0.000758,0.000753,0.000758,0.000752,0.00076,0.000754,0.00076,0.000755,0.000759,0.000757]},"efficiency":{"unit":"%","value":15.742999999999999},"fill_factor":{"unit":"%","value":77.69854739952012},"jsc":{"unit":"mA\/cm2","value":18.925},"isc":{"unit":"mA","value":0.757},"voc":{"unit":"V","value":1.070628272251309},"sweep_direction":{"unit":"","value":"Reverse"},"key":"reverse_7_52106204"},{"V":{"unit":"V","value":[1.116,1.096,1.076,1.056,1.036,1.016,0.996,0.976,0.956,0.936,0.916,0.896,0.876,0.856,0.836,0.816,0.796,0.776,0.756,0.736,0.716,0.696,0.676,0.656,0.636,0.616,0.596,0.576,0.556,0.536,0.516,0.496,0.476,0.456,0.436,0.416,0.396,0.376,0.356,0.336,0.316,0.296,0.276,0.256,0.236,0.216,0.196,0.176,0.156,0.136,0.116,0.096,0.076,0.056,0.036,0.016,-0.004,-0.024]},"J":{"unit":"A\/cm2","value":[-0.0135,-0.0060999999999999995,0.000175,0.005199999999999999,0.009049999999999999,0.01165,0.013550000000000001,0.014774999999999998,0.015625,0.016125,0.016575,0.016800000000000002,0.017025000000000002,0.017150000000000002,0.017224999999999997,0.017349999999999997,0.017375,0.01745,0.01745,0.017549999999999996,0.0175,0.017599999999999998,0.017549999999999996,0.01765,0.017599999999999998,0.0177,0.017625,0.01775,0.01765,0.017775,0.017724999999999998,0.017775,0.01775,0.017799999999999996,0.017799999999999996,0.017775,0.017849999999999998,0.017775,0.017875,0.017825,0.017924999999999996,0.017799999999999996,0.017974999999999998,0.017849999999999998,0.01795,0.0179,0.017974999999999998,0.0179,0.01795,0.017924999999999996,0.017974999999999998,0.017974999999999998,0.01795,0.018025,0.01795,0.018025,0.01795,0.018075]},"I":{"unit":"A","value":[-0.00054,-0.000244,7.0e-6,0.000208,0.00036199999999999996,0.00046600000000000005,0.0005420000000000001,0.0005909999999999999,0.000625,0.0006450000000000001,0.0006630000000000001,0.0006720000000000001,0.0006810000000000001,0.0006860000000000001,0.0006889999999999999,0.000694,0.000695,0.0006979999999999999,0.0006979999999999999,0.0007019999999999999,0.0007,0.000704,0.0007019999999999999,0.0007059999999999999,0.000704,0.000708,0.000705,0.0007099999999999999,0.0007059999999999999,0.0007109999999999999,0.000709,0.0007109999999999999,0.0007099999999999999,0.000712,0.000712,0.0007109999999999999,0.000714,0.0007109999999999999,0.0007149999999999999,0.000713,0.000717,0.000712,0.000719,0.000714,0.000718,0.000716,0.000719,0.000716,0.000718,0.000717,0.000719,0.000719,0.000718,0.000721,0.000718,0.000721,0.000718,0.000723]},"efficiency":{"unit":"%","value":15.182700000000002},"fill_factor":{"unit":"%","value":78.50267394087948},"jsc":{"unit":"mA\/cm2","value":17.964999999999996},"isc":{"unit":"mA","value":0.7185999999999999},"voc":{"unit":"V","value":1.0765577689243029},"sweep_direction":{"unit":"","value":"Reverse"},"key":"reverse_6_52106204"},{"V":{"unit":"V","value":[1.106,1.086,1.066,1.046,1.026,1.006,0.986,0.966,0.946,0.926,0.906,0.886,0.866,0.846,0.826,0.806,0.786,0.766,0.746,0.726,0.706,0.686,0.666,0.646,0.626,0.606,0.586,0.566,0.546,0.526,0.506,0.486,0.466,0.446,0.426,0.406,0.386,0.366,0.346,0.326,0.306,0.286,0.266,0.246,0.226,0.206,0.186,0.166,0.146,0.126,0.106,0.086,0.066,0.046,0.026,0.006,-0.014,-0.034]},"J":{"unit":"A\/cm2","value":[-0.01325,-0.0060999999999999995,7.5e-5,0.00535,0.009425000000000001,0.012275000000000001,0.014399999999999998,0.015725,0.0167,0.017150000000000002,0.017599999999999998,0.017775,0.017974999999999998,0.018025,0.018224999999999998,0.0182,0.018275,0.01825,0.018349999999999998,0.018325,0.018349999999999998,0.018349999999999998,0.018425,0.018425,0.018425,0.018475,0.018475,0.018525,0.018449999999999998,0.01855,0.018449999999999998,0.0186,0.018475,0.0186,0.018525,0.0186,0.01855,0.018625,0.018574999999999998,0.0186,0.018574999999999998,0.018574999999999998,0.018625,0.0186,0.018675,0.018574999999999998,0.018699999999999998,0.018574999999999998,0.018725,0.018574999999999998,0.018699999999999998,0.0186,0.018725,0.018699999999999998,0.018675,0.018675,0.018699999999999998,0.018725]},"I":{"unit":"A","value":[-0.00053,-0.000244,3.0e-6,0.000214,0.000377,0.000491,0.0005759999999999999,0.000629,0.0006680000000000001,0.0006860000000000001,0.000704,0.0007109999999999999,0.000719,0.000721,0.0007289999999999999,0.000728,0.000731,0.00073,0.000734,0.000733,0.000734,0.000734,0.000737,0.000737,0.000737,0.000739,0.000739,0.000741,0.0007379999999999999,0.000742,0.0007379999999999999,0.000744,0.000739,0.000744,0.000741,0.000744,0.000742,0.000745,0.000743,0.000744,0.000743,0.000743,0.000745,0.000744,0.000747,0.000743,0.000748,0.000743,0.000749,0.000743,0.000748,0.000744,0.000749,0.000748,0.000747,0.000747,0.000748,0.000749]},"efficiency":{"unit":"%","value":15.945599999999999},"fill_factor":{"unit":"%","value":80.04785819711968},"jsc":{"unit":"mA\/cm2","value":18.6825},"isc":{"unit":"mA","value":0.7473000000000001},"voc":{"unit":"V","value":1.066242914979757},"sweep_direction":{"unit":"","value":"Reverse"},"key":"reverse_5_52106204"},{"V":{"unit":"V","value":[1.103,1.083,1.063,1.043,1.023,1.003,0.983,0.963,0.943,0.923,0.903,0.883,0.863,0.843,0.823,0.803,0.783,0.763,0.743,0.723,0.703,0.683,0.663,0.643,0.623,0.603,0.583,0.563,0.543,0.523,0.503,0.483,0.463,0.443,0.423,0.403,0.383,0.363,0.343,0.323,0.303,0.283,0.263,0.243,0.223,0.203,0.183,0.163,0.143,0.123,0.103,0.083,0.063,0.043,0.023,0.003,-0.017,-0.037]},"J":{"unit":"A\/cm2","value":[-0.0127,-0.005874999999999999,0.00015,0.0053,0.0094,0.012375,0.014549999999999999,0.016024999999999998,0.01695,0.01765,0.018,0.018349999999999998,0.018475,0.018675,0.018675,0.0188,0.018775,0.0189,0.018875,0.018949999999999998,0.018949999999999998,0.019,0.019,0.018975000000000002,0.01905,0.019025,0.019125,0.019025,0.019149999999999997,0.019025,0.019149999999999997,0.01905,0.019225000000000003,0.019074999999999998,0.0192,0.019125,0.0192,0.019149999999999997,0.019149999999999997,0.019175,0.019125,0.01925,0.019175,0.01925,0.019149999999999997,0.0193,0.019149999999999997,0.0193,0.019149999999999997,0.0193,0.0192,0.0193,0.01925,0.019325,0.01925,0.019274999999999997,0.01925,0.019274999999999997]},"I":{"unit":"A","value":[-0.000508,-0.000235,6.0e-6,0.000212,0.000376,0.000495,0.0005819999999999999,0.000641,0.000678,0.0007059999999999999,0.0007199999999999999,0.000734,0.000739,0.000747,0.000747,0.000752,0.000751,0.000756,0.000755,0.000758,0.000758,0.00076,0.00076,0.000759,0.000762,0.000761,0.0007650000000000001,0.000761,0.000766,0.000761,0.000766,0.000762,0.000769,0.000763,0.000768,0.0007650000000000001,0.000768,0.000766,0.000766,0.000767,0.0007650000000000001,0.0007700000000000001,0.000767,0.0007700000000000001,0.000766,0.000772,0.000766,0.000772,0.000766,0.000772,0.000768,0.000772,0.0007700000000000001,0.000773,0.0007700000000000001,0.000771,0.0007700000000000001,0.000771]},"efficiency":{"unit":"%","value":16.29095},"fill_factor":{"unit":"%","value":79.48769040920718},"jsc":{"unit":"mA\/cm2","value":19.271250000000002},"isc":{"unit":"mA","value":0.77085},"voc":{"unit":"V","value":1.0634979253112031},"sweep_direction":{"unit":"","value":"Reverse"},"key":"reverse_4_52106204"},{"V":{"unit":"V","value":[1.112,1.092,1.072,1.052,1.032,1.012,0.992,0.972,0.952,0.932,0.912,0.892,0.872,0.852,0.832,0.812,0.792,0.772,0.752,0.732,0.712,0.692,0.672,0.652,0.632,0.612,0.592,0.572,0.552,0.532,0.512,0.492,0.472,0.452,0.432,0.412,0.392,0.372,0.352,0.332,0.312,0.292,0.272,0.252,0.232,0.212,0.192,0.172,0.152,0.132,0.112,0.092,0.072,0.052,0.032,0.012,-0.008,-0.028]},"J":{"unit":"A\/cm2","value":[-0.011450000000000002,-0.005325,0.000125,0.004825,0.008649999999999998,0.011450000000000002,0.013625,0.015,0.016024999999999998,0.016575,0.0171,0.01725,0.017549999999999996,0.017549999999999996,0.017775,0.01775,0.0179,0.0179,0.017924999999999996,0.01795,0.017974999999999998,0.01805,0.018025,0.018075,0.018,0.018125,0.018075,0.018175,0.018075,0.018175,0.018125,0.018224999999999998,0.01815,0.018224999999999998,0.018224999999999998,0.018224999999999998,0.01825,0.0182,0.0183,0.018224999999999998,0.018325,0.018275,0.018349999999999998,0.018275,0.018349999999999998,0.018275,0.018349999999999998,0.0183,0.018349999999999998,0.018325,0.018349999999999998,0.018349999999999998,0.0184,0.018375,0.0184,0.018349999999999998,0.0184,0.0184]},"I":{"unit":"A","value":[-0.000458,-0.000213,5.0e-6,0.000193,0.00034599999999999995,0.000458,0.000545,0.0006,0.000641,0.0006630000000000001,0.000684,0.00069,0.0007019999999999999,0.0007019999999999999,0.0007109999999999999,0.0007099999999999999,0.000716,0.000716,0.000717,0.000718,0.000719,0.000722,0.000721,0.000723,0.0007199999999999999,0.000725,0.000723,0.000727,0.000723,0.000727,0.000725,0.0007289999999999999,0.000726,0.0007289999999999999,0.0007289999999999999,0.0007289999999999999,0.00073,0.000728,0.000732,0.0007289999999999999,0.000733,0.000731,0.000734,0.000731,0.000734,0.000731,0.000734,0.000732,0.000734,0.000733,0.000734,0.000734,0.000736,0.000735,0.000736,0.000734,0.000736,0.000736]},"efficiency":{"unit":"%","value":15.5952},"fill_factor":{"unit":"%","value":79.11609780955213},"jsc":{"unit":"mA\/cm2","value":18.379999999999995},"isc":{"unit":"mA","value":0.7351999999999999},"voc":{"unit":"V","value":1.0724587155963303},"sweep_direction":{"unit":"","value":"Reverse"},"key":"reverse_3_52106204"},{"V":{"unit":"V","value":[1.107,1.087,1.067,1.047,1.027,1.007,0.987,0.967,0.947,0.927,0.907,0.887,0.867,0.847,0.827,0.807,0.787,0.767,0.747,0.727,0.707,0.687,0.667,0.647,0.627,0.607,0.587,0.567,0.547,0.527,0.507,0.487,0.467,0.447,0.427,0.407,0.387,0.367,0.347,0.327,0.307,0.287,0.267,0.247,0.227,0.207,0.187,0.167,0.147,0.127,0.107,0.087,0.067,0.047,0.027,0.007,-0.013,-0.033]},"J":{"unit":"A\/cm2","value":[-0.013775,-0.006325,0.0001,0.00545,0.009525,0.01245,0.014499999999999999,0.01585,0.016775,0.017349999999999997,0.017724999999999998,0.017924999999999996,0.018125,0.018175,0.0184,0.018325,0.0185,0.018449999999999998,0.018574999999999998,0.0185,0.01865,0.018574999999999998,0.018625,0.018625,0.0186,0.018699999999999998,0.018625,0.018775,0.018625,0.0188,0.01865,0.018824999999999998,0.01875,0.0188,0.01875,0.0188,0.0188,0.018824999999999998,0.018850000000000002,0.018824999999999998,0.018850000000000002,0.018775,0.018925,0.018775,0.0189,0.018824999999999998,0.018925,0.0189,0.018925,0.018850000000000002,0.018925,0.0189,0.0189,0.018975000000000002,0.018875,0.018949999999999998,0.018824999999999998,0.019]},"I":{"unit":"A","value":[-0.0005510000000000001,-0.000253,4.0e-6,0.00021799999999999999,0.000381,0.000498,0.00058,0.000634,0.000671,0.000694,0.000709,0.000717,0.000725,0.000727,0.000736,0.000733,0.00074,0.0007379999999999999,0.000743,0.00074,0.000746,0.000743,0.000745,0.000745,0.000744,0.000748,0.000745,0.000751,0.000745,0.000752,0.000746,0.000753,0.00075,0.000752,0.00075,0.000752,0.000752,0.000753,0.000754,0.000753,0.000754,0.000751,0.000757,0.000751,0.000756,0.000753,0.000757,0.000756,0.000757,0.000754,0.000757,0.000756,0.000756,0.000759,0.000755,0.000758,0.000753,0.00076]},"efficiency":{"unit":"%","value":16.08345},"fill_factor":{"unit":"%","value":79.70447691770507},"jsc":{"unit":"mA\/cm2","value":18.90625},"isc":{"unit":"mA","value":0.75625},"voc":{"unit":"V","value":1.0673112840466927},"sweep_direction":{"unit":"","value":"Reverse"},"key":"reverse_2_52106204"},{"V":{"unit":"V","value":[1.109,1.089,1.069,1.049,1.029,1.009,0.989,0.969,0.949,0.929,0.909,0.889,0.869,0.849,0.829,0.809,0.789,0.769,0.749,0.729,0.709,0.689,0.669,0.649,0.629,0.609,0.589,0.569,0.549,0.529,0.509,0.489,0.469,0.449,0.429,0.409,0.389,0.369,0.349,0.329,0.309,0.289,0.269,0.249,0.229,0.209,0.189,0.169,0.149,0.129,0.109,0.089,0.069,0.049,0.029,0.009,-0.011,-0.031]},"J":{"unit":"A\/cm2","value":[-0.010875,-0.0050999999999999995,0.0001,0.0048,0.008674999999999999,0.011774999999999999,0.014099999999999998,0.0159,0.017,0.017825,0.018325,0.018625,0.018925,0.019,0.0192,0.019149999999999997,0.019350000000000003,0.01925,0.01945,0.019350000000000003,0.019475000000000003,0.019399999999999997,0.019524999999999997,0.019425,0.01955,0.0195,0.019524999999999997,0.019575,0.01955,0.019600000000000003,0.019524999999999997,0.019625,0.01955,0.019675,0.019575,0.01965,0.019575,0.019725000000000003,0.019600000000000003,0.019675,0.019600000000000003,0.0197,0.019675,0.0197,0.01965,0.019675,0.0197,0.019675,0.01975,0.019675,0.019775,0.0197,0.0198,0.019675,0.0198,0.019675,0.0198,0.0197]},"I":{"unit":"A","value":[-0.000435,-0.000204,4.0e-6,0.000192,0.000347,0.00047099999999999996,0.0005639999999999999,0.0006360000000000001,0.00068,0.000713,0.000733,0.000745,0.000757,0.00076,0.000768,0.000766,0.0007740000000000001,0.0007700000000000001,0.000778,0.0007740000000000001,0.0007790000000000001,0.000776,0.000781,0.000777,0.000782,0.00078,0.000781,0.0007830000000000001,0.000782,0.0007840000000000001,0.000781,0.000785,0.000782,0.000787,0.0007830000000000001,0.000786,0.0007830000000000001,0.000789,0.0007840000000000001,0.000787,0.0007840000000000001,0.0007880000000000001,0.000787,0.0007880000000000001,0.000786,0.000787,0.0007880000000000001,0.000787,0.00079,0.000787,0.000791,0.0007880000000000001,0.0007920000000000001,0.000787,0.0007920000000000001,0.000787,0.0007920000000000001,0.0007880000000000001]},"efficiency":{"unit":"%","value":16.657425},"fill_factor":{"unit":"%","value":78.94403774063133},"jsc":{"unit":"mA\/cm2","value":19.731250000000003},"isc":{"unit":"mA","value":0.7892500000000001},"voc":{"unit":"V","value":1.0693846153846152},"sweep_direction":{"unit":"","value":"Reverse"},"key":"reverse_1_52106204"},{"V":{"unit":"V","value":[-0.04,-0.02,0,0.02,0.04,0.06,0.08,0.1,0.12,0.14,0.16,0.18,0.2,0.22,0.24,0.26,0.28,0.3,0.32,0.34,0.36,0.38,0.4,0.42,0.44,0.46,0.48,0.5,0.52,0.54,0.56,0.58,0.6,0.62,0.64,0.66,0.68,0.7,0.72,0.74,0.76,0.78,0.8,0.82,0.84,0.86,0.88,0.9,0.92,0.94,0.96,0.98,1,1.02,1.04,1.06,1.08,1.1,1.12,1.14,1.16]},"J":{"unit":"A\/cm2","value":[0.018475,0.0184,0.018349999999999998,0.0183,0.018349999999999998,0.01825,0.018325,0.01825,0.018349999999999998,0.018224999999999998,0.018325,0.0182,0.018325,0.018175,0.0183,0.0182,0.01825,0.0182,0.018224999999999998,0.018224999999999998,0.018175,0.018224999999999998,0.01815,0.01825,0.01815,0.018224999999999998,0.018099999999999998,0.0182,0.018075,0.0182,0.018099999999999998,0.01815,0.018075,0.018099999999999998,0.01805,0.018075,0.018025,0.018025,0.017974999999999998,0.017974999999999998,0.01795,0.0179,0.017875,0.017799999999999996,0.017775,0.017625,0.017575,0.017325,0.017075,0.0166,0.016024999999999998,0.015024999999999998,0.01365,0.011425000000000001,0.00835,0.003975,-0.0017000000000000001,-0.008799999999999999,-0.017299999999999996,-0.026875,-0.03742500000000001]},"I":{"unit":"A","value":[0.000739,0.000736,0.000734,0.000732,0.000734,0.00073,0.000733,0.00073,0.000734,0.0007289999999999999,0.000733,0.000728,0.000733,0.000727,0.000732,0.000728,0.00073,0.000728,0.0007289999999999999,0.0007289999999999999,0.000727,0.0007289999999999999,0.000726,0.00073,0.000726,0.0007289999999999999,0.0007239999999999999,0.000728,0.000723,0.000728,0.0007239999999999999,0.000726,0.000723,0.0007239999999999999,0.000722,0.000723,0.000721,0.000721,0.000719,0.000719,0.000718,0.000716,0.0007149999999999999,0.000712,0.0007109999999999999,0.000705,0.000703,0.0006929999999999999,0.000683,0.000664,0.000641,0.000601,0.000546,0.000457,0.00033400000000000004,0.00015900000000000002,-6.8e-5,-0.000352,-0.0006919999999999999,-0.001075,-0.001497]},"efficiency":{"unit":"%","value":15.709},"fill_factor":{"unit":"%","value":79.70849827772352},"jsc":{"unit":"mA\/cm2","value":18.349999999999998},"isc":{"unit":"mA","value":0.734},"voc":{"unit":"V","value":1.0740088105726873},"sweep_direction":{"unit":"","value":"Forward"},"key":"forward_9_52106204"},{"V":{"unit":"V","value":[-0.04,-0.02,0,0.02,0.04,0.06,0.08,0.1,0.12,0.14,0.16,0.18,0.2,0.22,0.24,0.26,0.28,0.3,0.32,0.34,0.36,0.38,0.4,0.42,0.44,0.46,0.48,0.5,0.52,0.54,0.56,0.58,0.6,0.62,0.64,0.66,0.68,0.7,0.72,0.74,0.76,0.78,0.8,0.82,0.84,0.86,0.88,0.9,0.92,0.94,0.96,0.98,1,1.02,1.04,1.06,1.08,1.1,1.12,1.14,1.16]},"J":{"unit":"A\/cm2","value":[0.0183,0.0182,0.01815,0.018125,0.018175,0.018075,0.01815,0.01805,0.01815,0.018025,0.018125,0.018,0.018099999999999998,0.018,0.018075,0.018025,0.01805,0.018025,0.018,0.01805,0.01795,0.018025,0.017924999999999996,0.018,0.0179,0.018,0.0179,0.017974999999999998,0.017875,0.01795,0.017875,0.01795,0.017825,0.017875,0.017825,0.017875,0.017775,0.017799999999999996,0.01775,0.0177,0.0177,0.017625,0.01765,0.01745,0.017474999999999997,0.017224999999999997,0.017150000000000002,0.01675,0.016475,0.015775,0.015099999999999999,0.013875000000000002,0.012299999999999998,0.0101,0.007174999999999999,0.003425,-0.00115,-0.0066749999999999995,-0.012775,-0.019524999999999997,-0.026824999999999998]},"I":{"unit":"A","value":[0.000732,0.000728,0.000726,0.000725,0.000727,0.000723,0.000726,0.000722,0.000726,0.000721,0.000725,0.0007199999999999999,0.0007239999999999999,0.0007199999999999999,0.000723,0.000721,0.000722,0.000721,0.0007199999999999999,0.000722,0.000718,0.000721,0.000717,0.0007199999999999999,0.000716,0.0007199999999999999,0.000716,0.000719,0.0007149999999999999,0.000718,0.0007149999999999999,0.000718,0.000713,0.0007149999999999999,0.000713,0.0007149999999999999,0.0007109999999999999,0.000712,0.0007099999999999999,0.000708,0.000708,0.000705,0.0007059999999999999,0.0006979999999999999,0.000699,0.0006889999999999999,0.0006860000000000001,0.00067,0.0006590000000000001,0.000631,0.0006039999999999999,0.000555,0.000492,0.000404,0.000287,0.00013700000000000002,-4.6e-5,-0.00026700000000000004,-0.0005110000000000001,-0.000781,-0.001073]},"efficiency":{"unit":"%","value":15.157},"fill_factor":{"unit":"%","value":77.6853622550321},"jsc":{"unit":"mA\/cm2","value":18.15},"isc":{"unit":"mA","value":0.726},"voc":{"unit":"V","value":1.0749726775956285},"sweep_direction":{"unit":"","value":"Forward"},"key":"forward_8_52106204"},{"V":{"unit":"V","value":[-0.04,-0.02,0,0.02,0.04,0.06,0.08,0.1,0.12,0.14,0.16,0.18,0.2,0.22,0.24,0.26,0.28,0.3,0.32,0.34,0.36,0.38,0.4,0.42,0.44,0.46,0.48,0.5,0.52,0.54,0.56,0.58,0.6,0.62,0.64,0.66,0.68,0.7,0.72,0.74,0.76,0.78,0.8,0.82,0.84,0.86,0.88,0.9,0.92,0.94,0.96,0.98,1,1.02,1.04,1.06,1.08,1.1,1.12,1.14,1.16]},"J":{"unit":"A\/cm2","value":[0.01905,0.019100000000000002,0.018975000000000002,0.019025,0.018949999999999998,0.019,0.018975000000000002,0.018975000000000002,0.018925,0.018925,0.018949999999999998,0.018925,0.018949999999999998,0.018925,0.018949999999999998,0.018875,0.018975000000000002,0.018850000000000002,0.018975000000000002,0.018850000000000002,0.018975000000000002,0.0188,0.018949999999999998,0.018824999999999998,0.018925,0.0188,0.018875,0.018824999999999998,0.018875,0.018824999999999998,0.0188,0.018850000000000002,0.01875,0.018875,0.01875,0.018824999999999998,0.018725,0.018775,0.018675,0.01875,0.0186,0.01865,0.018525,0.01855,0.018349999999999998,0.01825,0.01795,0.01765,0.0171,0.016399999999999998,0.015375,0.013900000000000001,0.011924999999999998,0.0093,0.006075,0.00215,-0.0023,-0.0073999999999999995,-0.012725,-0.018475,-0.02445]},"I":{"unit":"A","value":[0.000762,0.000764,0.000759,0.000761,0.000758,0.00076,0.000759,0.000759,0.000757,0.000757,0.000758,0.000757,0.000758,0.000757,0.000758,0.000755,0.000759,0.000754,0.000759,0.000754,0.000759,0.000752,0.000758,0.000753,0.000757,0.000752,0.000755,0.000753,0.000755,0.000753,0.000752,0.000754,0.00075,0.000755,0.00075,0.000753,0.000749,0.000751,0.000747,0.00075,0.000744,0.000746,0.000741,0.000742,0.000734,0.00073,0.000718,0.0007059999999999999,0.000684,0.000656,0.000615,0.0005560000000000001,0.000477,0.000372,0.000243,8.599999999999999e-5,-9.2e-5,-0.000296,-0.000509,-0.000739,-0.000978]},"efficiency":{"unit":"%","value":15.884999999999998},"fill_factor":{"unit":"%","value":78.26336068024045},"jsc":{"unit":"mA\/cm2","value":18.975},"isc":{"unit":"mA","value":0.759},"voc":{"unit":"V","value":1.0696629213483146},"sweep_direction":{"unit":"","value":"Forward"},"key":"forward_7_52106204"},{"V":{"unit":"V","value":[-0.04,-0.02,0,0.02,0.04,0.06,0.08,0.1,0.12,0.14,0.16,0.18,0.2,0.22,0.24,0.26,0.28,0.3,0.32,0.34,0.36,0.38,0.4,0.42,0.44,0.46,0.48,0.5,0.52,0.54,0.56,0.58,0.6,0.62,0.64,0.66,0.68,0.7,0.72,0.74,0.76,0.78,0.8,0.82,0.84,0.86,0.88,0.9,0.92,0.94,0.96,0.98,1,1.02,1.04,1.06,1.08,1.1,1.12,1.14,1.16]},"J":{"unit":"A\/cm2","value":[0.0183,0.018075,0.018175,0.01805,0.01815,0.01805,0.018099999999999998,0.01805,0.018075,0.018075,0.018,0.018125,0.017974999999999998,0.018099999999999998,0.01795,0.018099999999999998,0.017924999999999996,0.018075,0.01795,0.018025,0.01795,0.018025,0.017924999999999996,0.017974999999999998,0.01795,0.01795,0.01795,0.017875,0.017924999999999996,0.017875,0.017974999999999998,0.017825,0.0179,0.017799999999999996,0.017849999999999998,0.017775,0.017849999999999998,0.01775,0.017775,0.0177,0.017724999999999998,0.01765,0.017599999999999998,0.017549999999999996,0.01745,0.017375,0.0172,0.017025000000000002,0.016675000000000002,0.01625,0.015525,0.014624999999999997,0.013125,0.011025,0.00805,0.004,-0.00125,-0.0076749999999999995,-0.0154,-0.024,-0.0335]},"I":{"unit":"A","value":[0.000732,0.000723,0.000727,0.000722,0.000726,0.000722,0.0007239999999999999,0.000722,0.000723,0.000723,0.0007199999999999999,0.000725,0.000719,0.0007239999999999999,0.000718,0.0007239999999999999,0.000717,0.000723,0.000718,0.000721,0.000718,0.000721,0.000717,0.000719,0.000718,0.000718,0.000718,0.0007149999999999999,0.000717,0.0007149999999999999,0.000719,0.000713,0.000716,0.000712,0.000714,0.0007109999999999999,0.000714,0.0007099999999999999,0.0007109999999999999,0.000708,0.000709,0.0007059999999999999,0.000704,0.0007019999999999999,0.0006979999999999999,0.000695,0.0006879999999999999,0.0006810000000000001,0.0006670000000000001,0.00065,0.000621,0.000585,0.0005250000000000001,0.000441,0.000322,0.00016,-5.0e-5,-0.000307,-0.000616,-0.0009599999999999999,-0.00134]},"efficiency":{"unit":"%","value":15.341000000000001},"fill_factor":{"unit":"%","value":78.50089487720872},"jsc":{"unit":"mA\/cm2","value":18.175},"isc":{"unit":"mA","value":0.727},"voc":{"unit":"V","value":1.075238095238095},"sweep_direction":{"unit":"","value":"Forward"},"key":"forward_6_52106204"},{"V":{"unit":"V","value":[-0.04,-0.02,0,0.02,0.04,0.06,0.08,0.1,0.12,0.14,0.16,0.18,0.2,0.22,0.24,0.26,0.28,0.3,0.32,0.34,0.36,0.38,0.4,0.42,0.44,0.46,0.48,0.5,0.52,0.54,0.56,0.58,0.6,0.62,0.64,0.66,0.68,0.7,0.72,0.74,0.76,0.78,0.8,0.82,0.84,0.86,0.88,0.9,0.92,0.94,0.96,0.98,1,1.02,1.04,1.06,1.08,1.1,1.12,1.14,1.16]},"J":{"unit":"A\/cm2","value":[0.018975000000000002,0.018850000000000002,0.018850000000000002,0.018824999999999998,0.018824999999999998,0.0188,0.018775,0.0188,0.01875,0.0188,0.018725,0.0188,0.018725,0.018775,0.018699999999999998,0.018775,0.018725,0.0188,0.018699999999999998,0.0188,0.018699999999999998,0.018699999999999998,0.018699999999999998,0.018699999999999998,0.018699999999999998,0.01865,0.018675,0.018675,0.01865,0.018625,0.018675,0.018574999999999998,0.018675,0.01855,0.01865,0.0185,0.0186,0.0185,0.018525,0.018475,0.0185,0.018449999999999998,0.0184,0.0184,0.01825,0.01825,0.017974999999999998,0.017849999999999998,0.0174,0.017,0.016075,0.01495,0.013,0.010324999999999999,0.006575,0.0017749999999999999,-0.00415,-0.011224999999999999,-0.019025,-0.027625,-0.036825000000000004]},"I":{"unit":"A","value":[0.000759,0.000754,0.000754,0.000753,0.000753,0.000752,0.000751,0.000752,0.00075,0.000752,0.000749,0.000752,0.000749,0.000751,0.000748,0.000751,0.000749,0.000752,0.000748,0.000752,0.000748,0.000748,0.000748,0.000748,0.000748,0.000746,0.000747,0.000747,0.000746,0.000745,0.000747,0.000743,0.000747,0.000742,0.000746,0.00074,0.000744,0.00074,0.000741,0.000739,0.00074,0.0007379999999999999,0.000736,0.000736,0.00073,0.00073,0.000719,0.000714,0.000696,0.00068,0.000643,0.000598,0.0005200000000000001,0.00041299999999999996,0.000263,7.099999999999999e-5,-0.000166,-0.000449,-0.000761,-0.001105,-0.0014730000000000001]},"efficiency":{"unit":"%","value":16.064999999999998},"fill_factor":{"unit":"%","value":79.94947361171072},"jsc":{"unit":"mA\/cm2","value":18.85},"isc":{"unit":"mA","value":0.754},"voc":{"unit":"V","value":1.0659915611814346},"sweep_direction":{"unit":"","value":"Forward"},"key":"forward_5_52106204"},{"V":{"unit":"V","value":[-0.04,-0.02,0,0.02,0.04,0.06,0.08,0.1,0.12,0.14,0.16,0.18,0.2,0.22,0.24,0.26,0.28,0.3,0.32,0.34,0.36,0.38,0.4,0.42,0.44,0.46,0.48,0.5,0.52,0.54,0.56,0.58,0.6,0.62,0.64,0.66,0.68,0.7,0.72,0.74,0.76,0.78,0.8,0.82,0.84,0.86,0.88,0.9,0.92,0.94,0.96,0.98,1,1.02,1.04,1.06,1.08,1.1,1.12,1.14,1.16]},"J":{"unit":"A\/cm2","value":[0.01945,0.019475000000000003,0.019350000000000003,0.019425,0.019325,0.019399999999999997,0.019375,0.019375,0.019350000000000003,0.019350000000000003,0.019375,0.019325,0.019375,0.01925,0.019399999999999997,0.01925,0.019425,0.01925,0.019350000000000003,0.01925,0.019325,0.0193,0.019325,0.019274999999999997,0.019274999999999997,0.019325,0.019225000000000003,0.0193,0.0192,0.019325,0.019149999999999997,0.019274999999999997,0.019125,0.019274999999999997,0.019125,0.01925,0.019100000000000002,0.0192,0.019100000000000002,0.019125,0.019074999999999998,0.01905,0.019025,0.0189,0.0189,0.018699999999999998,0.018574999999999998,0.01825,0.017924999999999996,0.017224999999999997,0.016325,0.014874999999999998,0.012875,0.0099,0.00605,0.0010999999999999998,-0.004725,-0.01165,-0.019125,-0.027274999999999997,-0.035949999999999996]},"I":{"unit":"A","value":[0.000778,0.0007790000000000001,0.0007740000000000001,0.000777,0.000773,0.000776,0.000775,0.000775,0.0007740000000000001,0.0007740000000000001,0.000775,0.000773,0.000775,0.0007700000000000001,0.000776,0.0007700000000000001,0.000777,0.0007700000000000001,0.0007740000000000001,0.0007700000000000001,0.000773,0.000772,0.000773,0.000771,0.000771,0.000773,0.000769,0.000772,0.000768,0.000773,0.000766,0.000771,0.0007650000000000001,0.000771,0.0007650000000000001,0.0007700000000000001,0.000764,0.000768,0.000764,0.0007650000000000001,0.000763,0.000762,0.000761,0.000756,0.000756,0.000748,0.000743,0.00073,0.000717,0.0006889999999999999,0.000653,0.0005949999999999999,0.000515,0.00039600000000000003,0.000242,4.4e-5,-0.000189,-0.00046600000000000005,-0.0007650000000000001,-0.001091,-0.001438]},"efficiency":{"unit":"%","value":16.491},"fill_factor":{"unit":"%","value":80.11530640265163},"jsc":{"unit":"mA\/cm2","value":19.35},"isc":{"unit":"mA","value":0.774},"voc":{"unit":"V","value":1.063776824034335},"sweep_direction":{"unit":"","value":"Forward"},"key":"forward_4_52106204"},{"V":{"unit":"V","value":[-0.04,-0.02,0,0.02,0.04,0.06,0.08,0.1,0.12,0.14,0.16,0.18,0.2,0.22,0.24,0.26,0.28,0.3,0.32,0.34,0.36,0.38,0.4,0.42,0.44,0.46,0.48,0.5,0.52,0.54,0.56,0.58,0.6,0.62,0.64,0.66,0.68,0.7,0.72,0.74,0.76,0.78,0.8,0.82,0.84,0.86,0.88,0.9,0.92,0.94,0.96,0.98,1,1.02,1.04,1.06,1.08,1.1,1.12,1.14,1.16]},"J":{"unit":"A\/cm2","value":[0.01865,0.0185,0.01855,0.018475,0.018525,0.018475,0.018525,0.018475,0.0185,0.018475,0.0185,0.018449999999999998,0.018449999999999998,0.018475,0.0184,0.018425,0.018425,0.018475,0.0184,0.018449999999999998,0.018375,0.018425,0.018325,0.018449999999999998,0.018325,0.018375,0.018325,0.018349999999999998,0.018325,0.018349999999999998,0.0183,0.0183,0.018325,0.018224999999999998,0.018325,0.01815,0.018275,0.018125,0.018275,0.018099999999999998,0.01815,0.01805,0.018075,0.017924999999999996,0.01795,0.01775,0.01765,0.0174,0.017025000000000002,0.016550000000000002,0.0157,0.0146,0.012825,0.010424999999999999,0.0070999999999999995,0.003,-0.002025,-0.007775,-0.014349999999999998,-0.021349999999999997,-0.028849999999999997]},"I":{"unit":"A","value":[0.000746,0.00074,0.000742,0.000739,0.000741,0.000739,0.000741,0.000739,0.00074,0.000739,0.00074,0.0007379999999999999,0.0007379999999999999,0.000739,0.000736,0.000737,0.000737,0.000739,0.000736,0.0007379999999999999,0.000735,0.000737,0.000733,0.0007379999999999999,0.000733,0.000735,0.000733,0.000734,0.000733,0.000734,0.000732,0.000732,0.000733,0.0007289999999999999,0.000733,0.000726,0.000731,0.000725,0.000731,0.0007239999999999999,0.000726,0.000722,0.000723,0.000717,0.000718,0.0007099999999999999,0.0007059999999999999,0.000696,0.0006810000000000001,0.000662,0.000628,0.000584,0.000513,0.000417,0.00028399999999999996,0.00011999999999999999,-8.1e-5,-0.000311,-0.000574,-0.0008539999999999999,-0.0011539999999999999]},"efficiency":{"unit":"%","value":15.663000000000002},"fill_factor":{"unit":"%","value":78.76992571275449},"jsc":{"unit":"mA\/cm2","value":18.55},"isc":{"unit":"mA","value":0.742},"voc":{"unit":"V","value":1.0719402985074626},"sweep_direction":{"unit":"","value":"Forward"},"key":"forward_3_52106204"},{"V":{"unit":"V","value":[-0.04,-0.02,0,0.02,0.04,0.06,0.08,0.1,0.12,0.14,0.16,0.18,0.2,0.22,0.24,0.26,0.28,0.3,0.32,0.34,0.36,0.38,0.4,0.42,0.44,0.46,0.48,0.5,0.52,0.54,0.56,0.58,0.6,0.62,0.64,0.66,0.68,0.7,0.72,0.74,0.76,0.78,0.8,0.82,0.84,0.86,0.88,0.9,0.92,0.94,0.96,0.98,1,1.02,1.04,1.06,1.08,1.1,1.12,1.14,1.16]},"J":{"unit":"A\/cm2","value":[0.019225000000000003,0.019074999999999998,0.019074999999999998,0.019125,0.01905,0.019100000000000002,0.019025,0.019100000000000002,0.019025,0.019100000000000002,0.019,0.019100000000000002,0.019,0.019074999999999998,0.019,0.019074999999999998,0.019,0.01905,0.018975000000000002,0.019025,0.018949999999999998,0.019,0.018975000000000002,0.018949999999999998,0.018975000000000002,0.018925,0.019,0.018875,0.018975000000000002,0.018850000000000002,0.018975000000000002,0.018824999999999998,0.018949999999999998,0.0188,0.018875,0.01875,0.018850000000000002,0.018725,0.0188,0.018725,0.018699999999999998,0.018675,0.018574999999999998,0.018625,0.0185,0.018425,0.018224999999999998,0.018075,0.01765,0.01725,0.016375,0.0152,0.013300000000000001,0.010674999999999999,0.006900000000000001,0.0021000000000000003,-0.004025,-0.011175000000000001,-0.019399999999999997,-0.028475,-0.038299999999999994]},"I":{"unit":"A","value":[0.000769,0.000763,0.000763,0.0007650000000000001,0.000762,0.000764,0.000761,0.000764,0.000761,0.000764,0.00076,0.000764,0.00076,0.000763,0.00076,0.000763,0.00076,0.000762,0.000759,0.000761,0.000758,0.00076,0.000759,0.000758,0.000759,0.000757,0.00076,0.000755,0.000759,0.000754,0.000759,0.000753,0.000758,0.000752,0.000755,0.00075,0.000754,0.000749,0.000752,0.000749,0.000748,0.000747,0.000743,0.000745,0.00074,0.000737,0.0007289999999999999,0.000723,0.0007059999999999999,0.00069,0.000655,0.000608,0.000532,0.00042699999999999997,0.00027600000000000004,8.400000000000001e-5,-0.000161,-0.000447,-0.000776,-0.001139,-0.001532]},"efficiency":{"unit":"%","value":16.2675},"fill_factor":{"unit":"%","value":79.93739650029728},"jsc":{"unit":"mA\/cm2","value":19.075},"isc":{"unit":"mA","value":0.763},"voc":{"unit":"V","value":1.066857142857143},"sweep_direction":{"unit":"","value":"Forward"},"key":"forward_2_52106204"},{"V":{"unit":"V","value":[-0.04,-0.02,0,0.02,0.04,0.06,0.08,0.1,0.12,0.14,0.16,0.18,0.2,0.22,0.24,0.26,0.28,0.3,0.32,0.34,0.36,0.38,0.4,0.42,0.44,0.46,0.48,0.5,0.52,0.54,0.56,0.58,0.6,0.62,0.64,0.66,0.68,0.7,0.72,0.74,0.76,0.78,0.8,0.82,0.84,0.86,0.88,0.9,0.92,0.94,0.96,0.98,1,1.02,1.04,1.06,1.08,1.1,1.12,1.14,1.16]},"J":{"unit":"A\/cm2","value":[0.020050000000000002,0.019975,0.01995,0.019975,0.0199,0.019975,0.019875,0.019975,0.019850000000000003,0.02,0.019850000000000003,0.01995,0.019850000000000003,0.019925000000000002,0.019850000000000003,0.0199,0.019875,0.019875,0.019875,0.0198,0.0199,0.0198,0.019875,0.019775,0.019850000000000003,0.01975,0.019850000000000003,0.0197,0.019850000000000003,0.0197,0.019775,0.019675,0.01975,0.019675,0.019675,0.019675,0.019625,0.019675,0.019600000000000003,0.019600000000000003,0.0195,0.019600000000000003,0.019425,0.01945,0.019274999999999997,0.019225000000000003,0.018949999999999998,0.01875,0.018275,0.01765,0.016625,0.015149999999999999,0.013075000000000002,0.010225,0.006725000000000001,0.002375,-0.0025499999999999997,-0.008275000000000001,-0.014325,-0.020849999999999997,-0.02765]},"I":{"unit":"A","value":[0.0008020000000000001,0.000799,0.000798,0.000799,0.000796,0.000799,0.000795,0.000799,0.000794,0.0008,0.000794,0.000798,0.000794,0.0007970000000000001,0.000794,0.000796,0.000795,0.000795,0.000795,0.0007920000000000001,0.000796,0.0007920000000000001,0.000795,0.000791,0.000794,0.00079,0.000794,0.0007880000000000001,0.000794,0.0007880000000000001,0.000791,0.000787,0.00079,0.000787,0.000787,0.000787,0.000785,0.000787,0.0007840000000000001,0.0007840000000000001,0.00078,0.0007840000000000001,0.000777,0.000778,0.000771,0.000769,0.000758,0.00075,0.000731,0.0007059999999999999,0.000665,0.000606,0.000523,0.00040899999999999997,0.00026900000000000003,9.5e-5,-0.000102,-0.000331,-0.0005729999999999999,-0.000834,-0.001106]},"efficiency":{"unit":"%","value":16.875},"fill_factor":{"unit":"%","value":79.07903300392212},"jsc":{"unit":"mA\/cm2","value":19.95},"isc":{"unit":"mA","value":0.798},"voc":{"unit":"V","value":1.0696446700507614},"sweep_direction":{"unit":"","value":"Forward"},"key":"forward_1_52106204"}]}}