{"_id":"653147b615804d488a7f1af7","id":"CAU-SC-00547","author":71,"group":7,"input":[{"tco":{"unit":"","value":"ITO"}},{"htl":[{"material":{"unit":"","value":"NiOx_Solgel"},"concentration":{"unit":"","value":"0.8"},"conc_unit":{"unit":"","value":"M"},"quantity":{"unit":"ml","value":"None"}}],"solvent":[{"material":{"unit":"","value":"EG"},"volume":{"unit":"ml","value":"1"}},{"material":{"unit":"","value":"EDA"},"volume":{"unit":"ml","value":"0.0536"}}],"spin_coating":[{"type":{"unit":"","value":"drop&run"},"rpm":{"unit":"","value":"5000"},"time":{"unit":"s","value":"50"}}],"annealing":[{"temperature":{"unit":"oC","value":"150"},"time":{"unit":"m","value":"5"}},{"temperature":{"unit":"oC","value":"300"},"time":{"unit":"m","value":"60"}}]},{"htl_treatment":[{"material":{"unit":"","value":"MeO-2PACz"},"concentration":{"unit":"","value":"0.4"},"conc_unit":{"unit":"","value":"mg\/ml"},"quantity":{"unit":"ml","value":"None"}}],"solvent":[{"material":{"unit":"","value":"Ethanol"},"volume":{"unit":"ml","value":"1"}}],"spin_coating":[{"type":{"unit":"","value":"drop&run"},"rpm":{"unit":"","value":"5000"},"time":{"unit":"s","value":"20"}}],"annealing":[{"temperature":{"unit":"oC","value":"100"},"time":{"unit":"m","value":"10"}}]},{"perovskite":{"method":{"unit":"","value":"1step"},"molarity":{"unit":"M","value":"1.1"},"a_site":[{"material":{"unit":"","value":"FA"},"ratio":{"unit":"","value":"83.14"}},{"material":{"unit":"","value":"Cs"},"ratio":{"unit":"","value":"16.66"}},{"material":{"unit":"","value":"BA"},"ratio":{"unit":"","value":"2"}}],"b_site":[{"material":{"unit":"","value":"Pb"},"ratio":{"unit":"","value":"100"}}],"x_site":[{"material":{"unit":"","value":"I"},"ratio":{"unit":"","value":"83"}},{"material":{"unit":"","value":"Br"},"ratio":{"unit":"","value":"17"}}],"solvent":[{"material":{"unit":"","value":"DMF"},"volume":{"unit":"ml","value":"0.8"}},{"material":{"unit":"","value":"DMSO"},"volume":{"unit":"ml","value":"0.2"}}],"additive":[{"material":{"unit":"","value":"MACl"},"solvent":{"unit":"","value":"none"},"concentration":{"unit":"","value":"7.4"},"conc_unit":{"unit":"","value":"mg\/ml"},"quantity":{"unit":"mol%","value":"10"}}],"antisolvent":[{"material":{"unit":"","value":"Anisole"},"quantity":{"unit":"ul","value":"300"},"dripping_time":{"unit":"s","value":"25"}}],"spin_coating":[{"type":{"unit":"","value":"drop&run"},"rpm":{"unit":"","value":"4000"},"time":{"unit":"s","value":"30"}}],"annealing":[{"temperature":{"unit":"oC","value":"75"},"time":{"unit":"m","value":"1"}},{"temperature":{"unit":"oC","value":"120"},"time":{"unit":"m","value":"10"}}],"atmosphere":[{"type":{"unit":"","value":"N2"},"temperature":{"unit":"oC","value":"25"},"humidity":{"unit":"RH%","value":"0"}}]}},{"etl":[{"material":{"unit":"","value":"SnO2"},"concentration":{"unit":"","value":"15"},"conc_unit":{"unit":"","value":"mg\/ml"},"quantity":{"unit":"ml","value":"None"}}],"solvent":[{"material":{"unit":"","value":"CB"},"volume":{"unit":"ml","value":"1"}}],"spin_coating":[{"type":{"unit":"","value":"drop&run"},"rpm":{"unit":"","value":"3000"},"time":{"unit":"s","value":"30"}}],"annealing":[{"temperature":{"unit":"oC","value":"100"},"time":{"unit":"m","value":"5"}}]},{"etl":[{"material":{"unit":"","value":"ZnO"},"concentration":{"unit":"","value":"1.25"},"conc_unit":{"unit":"","value":"wt%"},"quantity":{"unit":"ml","value":"None"}}],"solvent":[{"material":{"unit":"","value":"IPA"},"volume":{"unit":"ml","value":"1"}}],"spin_coating":[{"type":{"unit":"","value":"drop&run"},"rpm":{"unit":"","value":"3000"},"time":{"unit":"s","value":"30"}}],"annealing":[{"temperature":{"unit":"oC","value":"100"},"time":{"unit":"m","value":"5"}}]},{"anode_metal":{"unit":"","value":"Cu"}},{"note":{"unit":"","value":"230629 SnO2 \/ ZnO \/ Cu"},"ar":{"unit":"","value":"0"},"type":{"unit":"","value":"unit_cell"},"device_type":{"unit":"","value":"p-i-n"},"temperature":{"unit":"\u2103","value":"25"},"humidity":{"unit":"%","value":"30"},"cell_dimension":{"unit":"cm2","value":"0.04"}}],"fileinfo":[{"key":"423062908","uploadType":"JV","original_name":"423062908.xlsx","save_name":"CAU-SC-00547\/423062908","uploader":71,"fileType":"group"}],"jvcnt":16,"updated_at":"2024-06-03 08:38:35","created_at":"2023-10-19 15:13:58","analysisInfo":{"JV":[{"efficiency":7.9626,"fill_factor":46.596557974265565,"jsc":18.935,"voc":0.9024761904761904,"key":"reverse_8_423062908","cell_dimension":null},{"efficiency":8.694,"fill_factor":49.84000603295306,"jsc":19.334999999999997,"voc":0.9021886792452831,"key":"reverse_7_423062908","cell_dimension":null},{"efficiency":10.1579,"fill_factor":54.83785047408992,"jsc":19.7525,"voc":0.93778102189781,"key":"reverse_6_423062908","cell_dimension":null},{"efficiency":8.6722,"fill_factor":49.07892826814857,"jsc":19.332500000000003,"voc":0.914,"key":"reverse_5_423062908","cell_dimension":null},{"efficiency":8.87445,"fill_factor":49.87821033597977,"jsc":19.282499999999995,"voc":0.9227142857142859,"key":"reverse_4_423062908","cell_dimension":null},{"efficiency":9.072000000000001,"fill_factor":50.76126668160838,"jsc":19.212500000000002,"voc":0.9302222222222223,"key":"reverse_3_423062908","cell_dimension":null},{"efficiency":9.425400000000002,"fill_factor":52.20428428055857,"jsc":19.994999999999997,"voc":0.902967741935484,"key":"reverse_2_423062908","cell_dimension":null},{"efficiency":9.860000000000001,"fill_factor":51.5674511613598,"jsc":19.7,"voc":0.9705882352941176,"key":"reverse_1_423062908","cell_dimension":null},{"efficiency":7.190999999999999,"fill_factor":41.36770574911012,"jsc":19.162499999999998,"voc":0.9071428571428573,"key":"forward_8_423062908","cell_dimension":null},{"efficiency":7.63725,"fill_factor":43.165761826660955,"jsc":19.54375,"voc":0.9052941176470588,"key":"forward_7_423062908","cell_dimension":null},{"efficiency":9.006250000000001,"fill_factor":48.12155618634163,"jsc":19.875,"voc":0.9416666666666668,"key":"forward_6_423062908","cell_dimension":null},{"efficiency":7.3950000000000005,"fill_factor":40.96856760440757,"jsc":19.643749999999997,"voc":0.918888888888889,"key":"forward_5_423062908","cell_dimension":null},{"efficiency":7.58625,"fill_factor":41.73190500060854,"jsc":19.63125,"voc":0.926,"key":"forward_4_423062908","cell_dimension":null},{"efficiency":7.764749999999999,"fill_factor":42.998395073082015,"jsc":19.537499999999998,"voc":0.9242857142857144,"key":"forward_3_423062908","cell_dimension":null},{"efficiency":8.81375,"fill_factor":48.4441998531078,"jsc":20.081249999999997,"voc":0.906,"key":"forward_2_423062908","cell_dimension":null},{"efficiency":8.12175,"fill_factor":42.70538830962238,"jsc":20.068749999999998,"voc":0.9476470588235293,"key":"forward_1_423062908","cell_dimension":null}]},"public":2,"analysis":{"JV":[{"V":{"unit":"V","value":[0.952,0.912,0.872,0.832,0.792,0.752,0.712,0.672,0.632,0.592,0.552,0.512,0.472,0.432,0.392,0.352,0.312,0.272,0.232,0.192,0.152,0.112,0.072,0.032,-0.008,-0.048]},"J":{"unit":"A\/cm2","value":[-0.0012999999999999997,-0.00025,0.0008,0.002025,0.0035000000000000005,0.005225,0.007174999999999999,0.00925,0.011275,0.01305,0.014424999999999999,0.0155,0.01625,0.01685,0.017349999999999997,0.01765,0.017974999999999998,0.01815,0.018349999999999998,0.018475,0.018574999999999998,0.018725,0.01875,0.018875,0.018949999999999998,0.019025]},"I":{"unit":"A","value":[-5.2e-5,-1.0e-5,3.2e-5,8.1e-5,0.00014000000000000001,0.00020899999999999998,0.000287,0.00037,0.000451,0.000522,0.0005769999999999999,0.00062,0.00065,0.000674,0.000694,0.0007059999999999999,0.000719,0.000726,0.000734,0.000739,0.000743,0.000749,0.00075,0.000755,0.000758,0.000761]},"efficiency":{"unit":"%","value":7.9626},"fill_factor":{"unit":"%","value":46.596557974265565},"jsc":{"unit":"mA\/cm2","value":18.935},"isc":{"unit":"mA","value":0.7574},"voc":{"unit":"V","value":0.9024761904761904},"sweep_direction":{"unit":"","value":"Reverse"},"key":"reverse_8_423062908"},{"V":{"unit":"V","value":[0.952,0.912,0.872,0.832,0.792,0.752,0.712,0.672,0.632,0.592,0.552,0.512,0.472,0.432,0.392,0.352,0.312,0.272,0.232,0.192,0.152,0.112,0.072,0.032,-0.008,-0.048]},"J":{"unit":"A\/cm2","value":[-0.0016,-0.00032499999999999993,0.001,0.0025,0.0042250000000000005,0.006225,0.008450000000000001,0.010725,0.012775,0.014474999999999998,0.01575,0.016625,0.017299999999999996,0.0177,0.018099999999999998,0.018349999999999998,0.01855,0.018675,0.0188,0.018975000000000002,0.019025,0.019125,0.019175,0.019274999999999997,0.019350000000000003,0.019375]},"I":{"unit":"A","value":[-6.4e-5,-1.3e-5,4.0e-5,0.0001,0.00016900000000000002,0.000249,0.00033800000000000003,0.000429,0.0005110000000000001,0.000579,0.00063,0.000665,0.0006919999999999999,0.000708,0.0007239999999999999,0.000734,0.000742,0.000747,0.000752,0.000759,0.000761,0.0007650000000000001,0.000767,0.000771,0.0007740000000000001,0.000775]},"efficiency":{"unit":"%","value":8.694},"fill_factor":{"unit":"%","value":49.84000603295306},"jsc":{"unit":"mA\/cm2","value":19.334999999999997},"isc":{"unit":"mA","value":0.7734},"voc":{"unit":"V","value":0.9021886792452831},"sweep_direction":{"unit":"","value":"Reverse"},"key":"reverse_7_423062908"},{"V":{"unit":"V","value":[0.988,0.948,0.908,0.868,0.828,0.788,0.748,0.708,0.668,0.628,0.588,0.548,0.508,0.468,0.428,0.388,0.348,0.308,0.268,0.228,0.188,0.148,0.108,0.068,0.028,-0.012]},"J":{"unit":"A\/cm2","value":[-0.004975,-0.0008750000000000001,0.0025499999999999997,0.00535,0.00775,0.00985,0.0118,0.013525,0.014975,0.016175000000000002,0.017,0.017625,0.018025,0.018349999999999998,0.018625,0.018775,0.019025,0.019149999999999997,0.0193,0.019425,0.0195,0.019600000000000003,0.019625,0.0197,0.0197,0.019775]},"I":{"unit":"A","value":[-0.000199,-3.5000000000000004e-5,0.000102,0.000214,0.00031,0.00039400000000000004,0.000472,0.000541,0.0005989999999999999,0.000647,0.00068,0.000705,0.000721,0.000734,0.000745,0.000751,0.000761,0.000766,0.000772,0.000777,0.00078,0.0007840000000000001,0.000785,0.0007880000000000001,0.0007880000000000001,0.000791]},"efficiency":{"unit":"%","value":10.1579},"fill_factor":{"unit":"%","value":54.83785047408992},"jsc":{"unit":"mA\/cm2","value":19.7525},"isc":{"unit":"mA","value":0.7901},"voc":{"unit":"V","value":0.93778102189781},"sweep_direction":{"unit":"","value":"Reverse"},"key":"reverse_6_423062908"},{"V":{"unit":"V","value":[0.964,0.924,0.884,0.844,0.804,0.764,0.724,0.684,0.644,0.604,0.564,0.524,0.484,0.444,0.404,0.364,0.324,0.284,0.244,0.204,0.164,0.124,0.084,0.044,0.004,-0.036]},"J":{"unit":"A\/cm2","value":[-0.0010249999999999999,-0.0002,0.0006,0.00155,0.0028,0.004425,0.006475,0.008875,0.0114,0.013675000000000001,0.015375,0.016550000000000002,0.017299999999999996,0.017775,0.01815,0.018349999999999998,0.01855,0.01865,0.0188,0.0189,0.018975000000000002,0.019100000000000002,0.019149999999999997,0.01925,0.019325,0.019399999999999997]},"I":{"unit":"A","value":[-4.1e-5,-8.0e-6,2.4e-5,6.2e-5,0.000112,0.000177,0.000259,0.00035499999999999996,0.000456,0.0005470000000000001,0.000615,0.000662,0.0006919999999999999,0.0007109999999999999,0.000726,0.000734,0.000742,0.000746,0.000752,0.000756,0.000759,0.000764,0.000766,0.0007700000000000001,0.000773,0.000776]},"efficiency":{"unit":"%","value":8.6722},"fill_factor":{"unit":"%","value":49.07892826814857},"jsc":{"unit":"mA\/cm2","value":19.332500000000003},"isc":{"unit":"mA","value":0.7733000000000001},"voc":{"unit":"V","value":0.914},"sweep_direction":{"unit":"","value":"Reverse"},"key":"reverse_5_423062908"},{"V":{"unit":"V","value":[0.973,0.933,0.893,0.853,0.813,0.773,0.733,0.693,0.653,0.613,0.573,0.533,0.493,0.453,0.413,0.373,0.333,0.293,0.253,0.213,0.173,0.133,0.093,0.053,0.013,-0.027]},"J":{"unit":"A\/cm2","value":[-0.001125,-0.00022499999999999997,0.0006499999999999999,0.0016500000000000002,0.002925,0.0045249999999999995,0.006525,0.00885,0.011300000000000001,0.013550000000000001,0.015349999999999999,0.01665,0.01745,0.01795,0.0183,0.018449999999999998,0.01865,0.01875,0.018850000000000002,0.018925,0.019,0.019074999999999998,0.019125,0.019225000000000003,0.01925,0.019350000000000003]},"I":{"unit":"A","value":[-4.4999999999999996e-5,-8.999999999999999e-6,2.6e-5,6.6e-5,0.00011700000000000001,0.00018099999999999998,0.000261,0.000354,0.00045200000000000004,0.0005420000000000001,0.000614,0.000666,0.0006979999999999999,0.000718,0.000732,0.0007379999999999999,0.000746,0.00075,0.000754,0.000757,0.00076,0.000763,0.0007650000000000001,0.000769,0.0007700000000000001,0.0007740000000000001]},"efficiency":{"unit":"%","value":8.87445},"fill_factor":{"unit":"%","value":49.87821033597977},"jsc":{"unit":"mA\/cm2","value":19.282499999999995},"isc":{"unit":"mA","value":0.7712999999999999},"voc":{"unit":"V","value":0.9227142857142859},"sweep_direction":{"unit":"","value":"Reverse"},"key":"reverse_4_423062908"},{"V":{"unit":"V","value":[0.98,0.94,0.9,0.86,0.82,0.78,0.74,0.7,0.66,0.62,0.58,0.54,0.5,0.46,0.42,0.38,0.34,0.3,0.26,0.22,0.18,0.14,0.1,0.06,0.02,-0.02]},"J":{"unit":"A\/cm2","value":[-0.0015249999999999999,-0.00027499999999999996,0.0008500000000000001,0.0020499999999999997,0.0034750000000000002,0.005199999999999999,0.0072499999999999995,0.009550000000000001,0.011875,0.014000000000000002,0.015625,0.016800000000000002,0.0175,0.018,0.0183,0.0185,0.018625,0.018699999999999998,0.018824999999999998,0.018875,0.018925,0.019025,0.01905,0.019149999999999997,0.019175,0.01925]},"I":{"unit":"A","value":[-6.1e-5,-1.1e-5,3.4e-5,8.2e-5,0.00013900000000000002,0.000208,0.00029,0.000382,0.000475,0.0005600000000000001,0.000625,0.0006720000000000001,0.0007,0.0007199999999999999,0.000732,0.00074,0.000745,0.000748,0.000753,0.000755,0.000757,0.000761,0.000762,0.000766,0.000767,0.0007700000000000001]},"efficiency":{"unit":"%","value":9.072000000000001},"fill_factor":{"unit":"%","value":50.76126668160838},"jsc":{"unit":"mA\/cm2","value":19.212500000000002},"isc":{"unit":"mA","value":0.7685000000000001},"voc":{"unit":"V","value":0.9302222222222223},"sweep_direction":{"unit":"","value":"Reverse"},"key":"reverse_3_423062908"},{"V":{"unit":"V","value":[0.952,0.912,0.872,0.832,0.792,0.752,0.712,0.672,0.632,0.592,0.552,0.512,0.472,0.432,0.392,0.352,0.312,0.272,0.232,0.192,0.152,0.112,0.072,0.032,-0.008,-0.048]},"J":{"unit":"A\/cm2","value":[-0.001075,-0.000175,0.0006,0.0015,0.00275,0.0045249999999999995,0.0069500000000000004,0.00985,0.012875,0.015349999999999999,0.017075,0.018099999999999998,0.018625,0.019025,0.0192,0.019425,0.019524999999999997,0.019600000000000003,0.0197,0.01975,0.019850000000000003,0.019875,0.01995,0.019975,0.02,0.020050000000000002]},"I":{"unit":"A","value":[-4.2999999999999995e-5,-7.0e-6,2.4e-5,5.9999999999999995e-5,0.00011,0.00018099999999999998,0.00027800000000000004,0.00039400000000000004,0.000515,0.000614,0.000683,0.0007239999999999999,0.000745,0.000761,0.000768,0.000777,0.000781,0.0007840000000000001,0.0007880000000000001,0.00079,0.000794,0.000795,0.000798,0.000799,0.0008,0.0008020000000000001]},"efficiency":{"unit":"%","value":9.425400000000002},"fill_factor":{"unit":"%","value":52.20428428055857},"jsc":{"unit":"mA\/cm2","value":19.994999999999997},"isc":{"unit":"mA","value":0.7998},"voc":{"unit":"V","value":0.902967741935484},"sweep_direction":{"unit":"","value":"Reverse"},"key":"reverse_2_423062908"},{"V":{"unit":"V","value":[1.02,0.98,0.94,0.9,0.86,0.82,0.78,0.74,0.7,0.66,0.62,0.58,0.54,0.5,0.46,0.42,0.38,0.34,0.3,0.26,0.22,0.18,0.14,0.1,0.06,0.02,-0.02]},"J":{"unit":"A\/cm2","value":[-0.00115,-0.0002,0.0006499999999999999,0.0016,0.002875,0.00455,0.006600000000000001,0.008825,0.011125,0.013349999999999999,0.015325,0.017,0.01815,0.018850000000000002,0.019175,0.019375,0.019475000000000003,0.0195,0.01955,0.019524999999999997,0.019575,0.01955,0.019600000000000003,0.019625,0.019600000000000003,0.0197,0.0197]},"I":{"unit":"A","value":[-4.6e-5,-8.0e-6,2.6e-5,6.4e-5,0.000115,0.000182,0.000264,0.00035299999999999996,0.00044500000000000003,0.0005340000000000001,0.0006129999999999999,0.00068,0.000726,0.000754,0.000767,0.000775,0.0007790000000000001,0.00078,0.000782,0.000781,0.0007830000000000001,0.000782,0.0007840000000000001,0.000785,0.0007840000000000001,0.0007880000000000001,0.0007880000000000001]},"efficiency":{"unit":"%","value":9.860000000000001},"fill_factor":{"unit":"%","value":51.5674511613598},"jsc":{"unit":"mA\/cm2","value":19.7},"isc":{"unit":"mA","value":0.7879999999999999},"voc":{"unit":"V","value":0.9705882352941176},"sweep_direction":{"unit":"","value":"Reverse"},"key":"reverse_1_423062908"},{"V":{"unit":"V","value":[-0.05,-0.01,0.03,0.07,0.11,0.15,0.19,0.23,0.27,0.31,0.35,0.39,0.43,0.47,0.51,0.55,0.59,0.63,0.67,0.71,0.75,0.79,0.83,0.87,0.91,0.95,0.99]},"J":{"unit":"A\/cm2","value":[0.019600000000000003,0.019225000000000003,0.018975000000000002,0.018775,0.018525,0.018375,0.018099999999999998,0.0179,0.017625,0.017349999999999997,0.016975,0.0165,0.015975,0.015149999999999999,0.014099999999999998,0.012775,0.0111,0.009224999999999999,0.007199999999999999,0.00525,0.0034750000000000002,0.002025,0.00095,0.00032499999999999993,-2.5e-5,-0.00032499999999999993,-0.000775]},"I":{"unit":"A","value":[0.0007840000000000001,0.000769,0.000759,0.000751,0.000741,0.000735,0.0007239999999999999,0.000716,0.000705,0.000694,0.000679,0.00066,0.000639,0.000606,0.0005639999999999999,0.0005110000000000001,0.000444,0.00036899999999999997,0.00028799999999999995,0.00020999999999999998,0.00013900000000000002,8.1e-5,3.8e-5,1.3e-5,-1.0e-6,-1.3e-5,-3.1e-5]},"efficiency":{"unit":"%","value":7.190999999999999},"fill_factor":{"unit":"%","value":41.36770574911012},"jsc":{"unit":"mA\/cm2","value":19.162499999999998},"isc":{"unit":"mA","value":0.7665},"voc":{"unit":"V","value":0.9071428571428573},"sweep_direction":{"unit":"","value":"Forward"},"key":"forward_8_423062908"},{"V":{"unit":"V","value":[-0.05,-0.01,0.03,0.07,0.11,0.15,0.19,0.23,0.27,0.31,0.35,0.39,0.43,0.47,0.51,0.55,0.59,0.63,0.67,0.71,0.75,0.79,0.83,0.87,0.91,0.95,0.99]},"J":{"unit":"A\/cm2","value":[0.0199,0.019600000000000003,0.019375,0.019175,0.018975000000000002,0.018824999999999998,0.0186,0.018449999999999998,0.018175,0.017924999999999996,0.017599999999999998,0.017175,0.01665,0.0159,0.014975,0.013675000000000001,0.012025,0.010150000000000001,0.008074999999999999,0.005974999999999999,0.004025,0.002375,0.001125,0.000375,-5.0e-5,-0.000475,-0.0010500000000000002]},"I":{"unit":"A","value":[0.000796,0.0007840000000000001,0.000775,0.000767,0.000759,0.000753,0.000744,0.0007379999999999999,0.000727,0.000717,0.000704,0.000687,0.000666,0.0006360000000000001,0.0005989999999999999,0.0005470000000000001,0.000481,0.000406,0.000323,0.00023899999999999998,0.000161,9.5e-5,4.4999999999999996e-5,1.4999999999999999e-5,-2.0e-6,-1.9e-5,-4.2000000000000004e-5]},"efficiency":{"unit":"%","value":7.63725},"fill_factor":{"unit":"%","value":43.165761826660955},"jsc":{"unit":"mA\/cm2","value":19.54375},"isc":{"unit":"mA","value":0.78175},"voc":{"unit":"V","value":0.9052941176470588},"sweep_direction":{"unit":"","value":"Forward"},"key":"forward_7_423062908"},{"V":{"unit":"V","value":[-0.05,-0.01,0.03,0.07,0.11,0.15,0.19,0.23,0.27,0.31,0.35,0.39,0.43,0.47,0.51,0.55,0.59,0.63,0.67,0.71,0.75,0.79,0.83,0.87,0.91,0.95,0.99,1.03]},"J":{"unit":"A\/cm2","value":[0.019875,0.0199,0.0198,0.019725000000000003,0.01965,0.019575,0.01945,0.019350000000000003,0.019225000000000003,0.01905,0.0189,0.01865,0.018349999999999998,0.017875,0.01725,0.016375,0.0152,0.01375,0.011924999999999998,0.009925000000000002,0.00775,0.005575,0.00365,0.002125,0.00095,-0.00025,-0.0017749999999999999,-0.00395]},"I":{"unit":"A","value":[0.000795,0.000796,0.0007920000000000001,0.000789,0.000786,0.0007830000000000001,0.000778,0.0007740000000000001,0.000769,0.000762,0.000756,0.000746,0.000734,0.0007149999999999999,0.00069,0.000655,0.000608,0.00055,0.000477,0.000397,0.00031,0.000223,0.000146,8.5e-5,3.8e-5,-1.0e-5,-7.099999999999999e-5,-0.000158]},"efficiency":{"unit":"%","value":9.006250000000001},"fill_factor":{"unit":"%","value":48.12155618634163},"jsc":{"unit":"mA\/cm2","value":19.875},"isc":{"unit":"mA","value":0.795},"voc":{"unit":"V","value":0.9416666666666668},"sweep_direction":{"unit":"","value":"Forward"},"key":"forward_6_423062908"},{"V":{"unit":"V","value":[-0.05,-0.01,0.03,0.07,0.11,0.15,0.19,0.23,0.27,0.31,0.35,0.39,0.43,0.47,0.51,0.55,0.59,0.63,0.67,0.71,0.75,0.79,0.83,0.87,0.91,0.95,0.99]},"J":{"unit":"A\/cm2","value":[0.0202,0.0197,0.019475000000000003,0.019225000000000003,0.019,0.018775,0.018525,0.018349999999999998,0.018075,0.017775,0.017424999999999996,0.01695,0.016399999999999998,0.015574999999999999,0.014499999999999999,0.013099999999999999,0.011325,0.009275,0.007124999999999999,0.0050750000000000005,0.0032749999999999997,0.001875,0.0008999999999999999,0.00035,5.0e-5,-0.000175,-0.0005250000000000001]},"I":{"unit":"A","value":[0.000808,0.0007880000000000001,0.0007790000000000001,0.000769,0.00076,0.000751,0.000741,0.000734,0.000723,0.0007109999999999999,0.0006969999999999999,0.000678,0.000656,0.000623,0.00058,0.000524,0.000453,0.000371,0.000285,0.000203,0.000131,7.5e-5,3.5999999999999994e-5,1.4e-5,2.0e-6,-7.0e-6,-2.1000000000000002e-5]},"efficiency":{"unit":"%","value":7.3950000000000005},"fill_factor":{"unit":"%","value":40.96856760440757},"jsc":{"unit":"mA\/cm2","value":19.643749999999997},"isc":{"unit":"mA","value":0.78575},"voc":{"unit":"V","value":0.918888888888889},"sweep_direction":{"unit":"","value":"Forward"},"key":"forward_5_423062908"},{"V":{"unit":"V","value":[-0.05,-0.01,0.03,0.07,0.11,0.15,0.19,0.23,0.27,0.31,0.35,0.39,0.43,0.47,0.51,0.55,0.59,0.63,0.67,0.71,0.75,0.79,0.83,0.87,0.91,0.95,0.99]},"J":{"unit":"A\/cm2","value":[0.020025,0.0197,0.019425,0.019225000000000003,0.019025,0.0189,0.01865,0.018449999999999998,0.01825,0.017924999999999996,0.01765,0.017224999999999997,0.016675000000000002,0.0159,0.014874999999999998,0.013525,0.011774999999999999,0.00975,0.0076,0.005475,0.0036249999999999998,0.002125,0.001075,0.00044999999999999993,0.0001,-0.00015,-0.0005]},"I":{"unit":"A","value":[0.0008010000000000001,0.0007880000000000001,0.000777,0.000769,0.000761,0.000756,0.000746,0.0007379999999999999,0.00073,0.000717,0.0007059999999999999,0.0006889999999999999,0.0006670000000000001,0.0006360000000000001,0.0005949999999999999,0.000541,0.00047099999999999996,0.00039,0.000304,0.000219,0.000145,8.5e-5,4.2999999999999995e-5,1.7999999999999997e-5,4.0e-6,-6.0e-6,-2.0e-5]},"efficiency":{"unit":"%","value":7.58625},"fill_factor":{"unit":"%","value":41.73190500060854},"jsc":{"unit":"mA\/cm2","value":19.63125},"isc":{"unit":"mA","value":0.78525},"voc":{"unit":"V","value":0.926},"sweep_direction":{"unit":"","value":"Forward"},"key":"forward_4_423062908"},{"V":{"unit":"V","value":[-0.05,-0.01,0.03,0.07,0.11,0.15,0.19,0.23,0.27,0.31,0.35,0.39,0.43,0.47,0.51,0.55,0.59,0.63,0.67,0.71,0.75,0.79,0.83,0.87,0.91,0.95,0.99]},"J":{"unit":"A\/cm2","value":[0.019925000000000002,0.019600000000000003,0.019350000000000003,0.019175,0.018949999999999998,0.0188,0.0186,0.018425,0.018224999999999998,0.01795,0.017674999999999996,0.017275,0.016825,0.016149999999999998,0.015224999999999999,0.014000000000000002,0.012375,0.010475,0.008325,0.006175,0.004175,0.002525,0.0012999999999999997,0.0005499999999999999,0.000125,-0.00022499999999999997,-0.0006749999999999999]},"I":{"unit":"A","value":[0.0007970000000000001,0.0007840000000000001,0.0007740000000000001,0.000767,0.000758,0.000752,0.000744,0.000737,0.0007289999999999999,0.000718,0.000707,0.000691,0.0006730000000000001,0.000646,0.000609,0.0005600000000000001,0.000495,0.000419,0.000333,0.000247,0.00016700000000000002,0.000101,5.2e-5,2.2e-5,5.0e-6,-8.999999999999999e-6,-2.7e-5]},"efficiency":{"unit":"%","value":7.764749999999999},"fill_factor":{"unit":"%","value":42.998395073082015},"jsc":{"unit":"mA\/cm2","value":19.537499999999998},"isc":{"unit":"mA","value":0.7814999999999999},"voc":{"unit":"V","value":0.9242857142857144},"sweep_direction":{"unit":"","value":"Forward"},"key":"forward_3_423062908"},{"V":{"unit":"V","value":[-0.05,-0.01,0.03,0.07,0.11,0.15,0.19,0.23,0.27,0.31,0.35,0.39,0.43,0.47,0.51,0.55,0.59,0.63,0.67,0.71,0.75,0.79,0.83,0.87,0.91,0.95,0.99]},"J":{"unit":"A\/cm2","value":[0.020325,0.0201,0.020025,0.019875,0.019775,0.019725000000000003,0.01955,0.01945,0.019274999999999997,0.019125,0.018949999999999998,0.018625,0.0183,0.01775,0.017075,0.016024999999999998,0.014549999999999999,0.01265,0.010299999999999998,0.0077,0.005175,0.003,0.001375,0.00044999999999999993,-5.0e-5,-0.000475,-0.001175]},"I":{"unit":"A","value":[0.0008129999999999999,0.000804,0.0008010000000000001,0.000795,0.000791,0.000789,0.000782,0.000778,0.000771,0.0007650000000000001,0.000758,0.000745,0.000732,0.0007099999999999999,0.000683,0.000641,0.0005819999999999999,0.000506,0.000412,0.000308,0.000207,0.00011999999999999999,5.5e-5,1.7999999999999997e-5,-2.0e-6,-1.9e-5,-4.7e-5]},"efficiency":{"unit":"%","value":8.81375},"fill_factor":{"unit":"%","value":48.4441998531078},"jsc":{"unit":"mA\/cm2","value":20.081249999999997},"isc":{"unit":"mA","value":0.8032499999999999},"voc":{"unit":"V","value":0.906},"sweep_direction":{"unit":"","value":"Forward"},"key":"forward_2_423062908"},{"V":{"unit":"V","value":[-0.05,-0.01,0.03,0.07,0.11,0.15,0.19,0.23,0.27,0.31,0.35,0.39,0.43,0.47,0.51,0.55,0.59,0.63,0.67,0.71,0.75,0.79,0.83,0.87,0.91,0.95,0.99,1.03]},"J":{"unit":"A\/cm2","value":[0.020300000000000002,0.0201,0.019975,0.019775,0.01965,0.019425,0.019274999999999997,0.019125,0.018925,0.018675,0.018375,0.01805,0.017525,0.01685,0.015925,0.0147,0.013175000000000001,0.01125,0.009125,0.006925000000000001,0.004849999999999999,0.0030749999999999996,0.0017749999999999999,0.00095,0.0004,-2.5e-5,-0.0005,-0.0012250000000000002]},"I":{"unit":"A","value":[0.000812,0.000804,0.000799,0.000791,0.000786,0.000777,0.000771,0.0007650000000000001,0.000757,0.000747,0.000735,0.000722,0.0007009999999999999,0.000674,0.000637,0.000588,0.000527,0.00045,0.000365,0.000277,0.000194,0.000123,7.099999999999999e-5,3.8e-5,1.6e-5,-1.0e-6,-2.0e-5,-4.9000000000000005e-5]},"efficiency":{"unit":"%","value":8.12175},"fill_factor":{"unit":"%","value":42.70538830962238},"jsc":{"unit":"mA\/cm2","value":20.068749999999998},"isc":{"unit":"mA","value":0.80275},"voc":{"unit":"V","value":0.9476470588235293},"sweep_direction":{"unit":"","value":"Forward"},"key":"forward_1_423062908"}]}}