{"_id":"65315ac713121a382d688258","id":"CAU-SC-00578","author":71,"group":7,"input":[{"tco":{"unit":"","value":"ITO"}},{"htl":[{"material":{"unit":"","value":"AlNiOx_NP_centrifuge"},"concentration":{"unit":"","value":"12.5"},"conc_unit":{"unit":"","value":"mg\/ml"},"quantity":{"unit":"ml","value":"0.05"}}],"spin_coating":[{"type":{"unit":"","value":"drop&run"},"rpm":{"unit":"","value":"1000"},"time":{"unit":"s","value":"1"}},{"type":{"unit":"","value":"drop&run"},"rpm":{"unit":"","value":"3000"},"time":{"unit":"s","value":"30"}}],"annealing":[{"temperature":{"unit":"oC","value":"150"},"time":{"unit":"m","value":"20"}}],"condition":{"unit":"","value":"air"}},{"condition":{"unit":"","value":"air"},"perovskite":{"method":{"unit":"","value":"1step"},"molarity":{"unit":"M","value":"1.2"},"a_site":[{"material":{"unit":"","value":"Cs"},"ratio":{"unit":"","value":"105"}}],"b_site":[{"material":{"unit":"","value":"Pb"},"ratio":{"unit":"","value":"100"}}],"x_site":[{"material":{"unit":"","value":"I"},"ratio":{"unit":"","value":"67"}},{"material":{"unit":"","value":"Br"},"ratio":{"unit":"","value":"33"}}],"solvent":[{"material":{"unit":"","value":"DMSO"},"volume":{"unit":"ml","value":"0.7"}},{"material":{"unit":"","value":"DMF"},"volume":{"unit":"ml","value":"0.3"}}],"spin_coating":[{"type":{"unit":"","value":"drop&run"},"rpm":{"unit":"","value":"3000"},"time":{"unit":"s","value":"40"}}],"annealing":[{"temperature":{"unit":"oC","value":"245"},"time":{"unit":"m","value":"10"}}],"atmosphere":[{"type":{"unit":"","value":"air"},"temperature":{"unit":"oC","value":"20"},"humidity":{"unit":"RH%","value":"38"}}],"additive":[{"material":{"unit":"","value":"PEAI"},"solvent":{"unit":"","value":"None"},"concentration":{"unit":"","value":"0.5"},"conc_unit":{"unit":"","value":"mg\/ml"},"quantity":{"unit":"mol%","value":"0.1673"}}]}},{"etl":[{"material":{"unit":"","value":"SnO2"},"concentration":{"unit":"","value":"15"},"conc_unit":{"unit":"","value":"mg\/ml"},"quantity":{"unit":"ml","value":"None"}}],"solvent":[{"material":{"unit":"","value":"TFE"},"volume":{"unit":"ml","value":"1"}}],"spin_coating":[{"type":{"unit":"","value":"drop&run"},"rpm":{"unit":"","value":"3000"},"time":{"unit":"s","value":"30"}}],"annealing":[{"temperature":{"unit":"oC","value":"150"},"time":{"unit":"m","value":"5"}}]},{"anode_metal":{"unit":"","value":"Ag"}},{"note":{"unit":"","value":"230817 SnO2 (TFE)"},"ar":{"unit":"","value":"0"},"type":{"unit":"","value":"unit_cell"},"device_type":{"unit":"","value":"p-i-n"},"temperature":{"unit":"\u2103","value":"20"},"humidity":{"unit":"%","value":"38"},"cell_dimension":{"unit":"cm2","value":"0.04"}}],"fileinfo":[{"key":"423081707","uploadType":"JV","original_name":"423081707.xlsx","save_name":"CAU-SC-00578\/423081707","uploader":71,"fileType":"group"}],"jvcnt":14,"updated_at":"2024-08-05 11:19:50","created_at":"2023-10-19 16:35:19","analysisInfo":{"JV":[{"efficiency":2.0801,"fill_factor":40.96863449212593,"jsc":5.16375,"voc":0.9832580645161291,"key":"reverse_7_423081707","cell_dimension":null},{"efficiency":2.1679,"fill_factor":44.4108185386846,"jsc":5.065,"voc":0.9637647058823529,"key":"reverse_6_423081707","cell_dimension":null},{"efficiency":1.98535,"fill_factor":41.20897974253339,"jsc":4.886875000000001,"voc":0.9858571428571428,"key":"reverse_5_423081707","cell_dimension":null},{"efficiency":1.9372000000000003,"fill_factor":41.72207205489685,"jsc":4.735,"voc":0.9805925925925926,"key":"reverse_4_423081707","cell_dimension":null},{"efficiency":2.08,"fill_factor":43.72353577139398,"jsc":4.9437500000000005,"voc":0.9622580645161292,"key":"reverse_3_423081707","cell_dimension":null},{"efficiency":2.0789999999999997,"fill_factor":41.28431886112225,"jsc":5.174999999999999,"voc":0.9731034482758619,"key":"reverse_2_423081707","cell_dimension":null},{"efficiency":2.14935,"fill_factor":45.22733717485024,"jsc":5.07875,"voc":0.9357272727272726,"key":"reverse_1_423081707","cell_dimension":null},{"efficiency":1.9765000000000001,"fill_factor":41.85194596197012,"jsc":5.099999999999999,"voc":0.9259999999999999,"key":"forward_7_423081707","cell_dimension":null},{"efficiency":2.0060000000000002,"fill_factor":43.484939912852525,"jsc":5.04375,"voc":0.9146153846153847,"key":"forward_6_423081707","cell_dimension":null},{"efficiency":1.8732499999999999,"fill_factor":41.75531302735045,"jsc":4.8374999999999995,"voc":0.9273913043478261,"key":"forward_5_423081707","cell_dimension":null},{"efficiency":1.8289999999999997,"fill_factor":42.146885110249585,"jsc":4.69375,"voc":0.9245454545454547,"key":"forward_4_423081707","cell_dimension":null},{"efficiency":1.90275,"fill_factor":42.7443189396758,"jsc":4.91875,"voc":0.9050000000000001,"key":"forward_3_423081707","cell_dimension":null},{"efficiency":1.9387499999999998,"fill_factor":41.86139025158727,"jsc":5.1187499999999995,"voc":0.9047826086956523,"key":"forward_2_423081707","cell_dimension":null},{"efficiency":1.9387499999999998,"fill_factor":43.741000882089814,"jsc":5.06875,"voc":0.8744444444444445,"key":"forward_1_423081707","cell_dimension":null}]},"public":2,"tags":[],"analysis":{"JV":[{"V":{"unit":"V","value":[1.031,0.991,0.951,0.911,0.871,0.831,0.791,0.751,0.711,0.671,0.631,0.591,0.551,0.511,0.471,0.431,0.391,0.351,0.311,0.271,0.231,0.191,0.151,0.111,0.071,0.031,-0.009,-0.049]},"J":{"unit":"A\/cm2","value":[-0.001175,-0.00015,0.000625,0.00125,0.0017250000000000002,0.0021000000000000003,0.0024,0.002675,0.0029,0.0031,0.0032749999999999997,0.0034500000000000004,0.0035999999999999995,0.00375,0.003925,0.0040750000000000005,0.0042250000000000005,0.00435,0.004475,0.004625,0.004725,0.004825,0.004925,0.004975,0.00505,0.005125,0.005175,0.005225]},"I":{"unit":"A","value":[-4.7e-5,-6.0e-6,2.5e-5,5.0e-5,6.900000000000001e-5,8.400000000000001e-5,9.6e-5,0.000107,0.000116,0.000124,0.000131,0.00013800000000000002,0.00014399999999999998,0.00015,0.000157,0.000163,0.00016900000000000002,0.000174,0.000179,0.000185,0.000189,0.000193,0.00019700000000000002,0.000199,0.000202,0.000205,0.000207,0.00020899999999999998]},"efficiency":{"unit":"%","value":2.0801},"fill_factor":{"unit":"%","value":40.96863449212593},"jsc":{"unit":"mA\/cm2","value":5.16375},"isc":{"unit":"mA","value":0.20655},"voc":{"unit":"V","value":0.9832580645161291},"sweep_direction":{"unit":"","value":"Reverse"},"key":"reverse_7_423081707"},{"V":{"unit":"V","value":[1.012,0.972,0.932,0.892,0.852,0.812,0.772,0.732,0.692,0.652,0.612,0.572,0.532,0.492,0.452,0.412,0.372,0.332,0.292,0.252,0.212,0.172,0.132,0.092,0.052,0.012,-0.028]},"J":{"unit":"A\/cm2","value":[-0.00125,-0.000175,0.0006749999999999999,0.0013499999999999999,0.001875,0.00225,0.0025999999999999994,0.002875,0.0031,0.0033250000000000003,0.0035000000000000005,0.003675,0.00385,0.004,0.004125,0.004275,0.004375,0.0045,0.004575,0.0047,0.00475,0.004825,0.004900000000000001,0.00495,0.005,0.00505,0.0050999999999999995]},"I":{"unit":"A","value":[-5.0e-5,-7.0e-6,2.7e-5,5.4e-5,7.5e-5,8.999999999999999e-5,0.000104,0.000115,0.000124,0.000133,0.00014000000000000001,0.000147,0.000154,0.00016,0.000165,0.000171,0.000175,0.00017999999999999998,0.000183,0.000188,0.00019,0.000193,0.00019600000000000002,0.00019800000000000002,0.0002,0.000202,0.000204]},"efficiency":{"unit":"%","value":2.1679},"fill_factor":{"unit":"%","value":44.4108185386846},"jsc":{"unit":"mA\/cm2","value":5.065},"isc":{"unit":"mA","value":0.2026},"voc":{"unit":"V","value":0.9637647058823529},"sweep_direction":{"unit":"","value":"Reverse"},"key":"reverse_6_423081707"},{"V":{"unit":"V","value":[1.033,0.993,0.953,0.913,0.873,0.833,0.793,0.753,0.713,0.673,0.633,0.593,0.553,0.513,0.473,0.433,0.393,0.353,0.313,0.273,0.233,0.193,0.153,0.113,0.073,0.033,-0.007,-0.047]},"J":{"unit":"A\/cm2","value":[-0.0010500000000000002,-0.000125,0.000575,0.001125,0.001575,0.00195,0.00225,0.002525,0.002725,0.00295,0.003125,0.00325,0.0034000000000000002,0.0035499999999999998,0.003675,0.003825,0.003925,0.0040750000000000005,0.004175,0.0043,0.004399999999999999,0.0045,0.0046,0.0047,0.00475,0.004825,0.004900000000000001,0.00495]},"I":{"unit":"A","value":[-4.2000000000000004e-5,-5.0e-6,2.3e-5,4.4999999999999996e-5,6.3e-5,7.8e-5,8.999999999999999e-5,0.000101,0.00010899999999999999,0.000118,0.000125,0.00013000000000000002,0.000136,0.00014199999999999998,0.000147,0.000153,0.000157,0.000163,0.00016700000000000002,0.00017199999999999998,0.000176,0.00017999999999999998,0.000184,0.000188,0.00019,0.000193,0.00019600000000000002,0.00019800000000000002]},"efficiency":{"unit":"%","value":1.98535},"fill_factor":{"unit":"%","value":41.20897974253339},"jsc":{"unit":"mA\/cm2","value":4.886875000000001},"isc":{"unit":"mA","value":0.19547500000000004},"voc":{"unit":"V","value":0.9858571428571428},"sweep_direction":{"unit":"","value":"Reverse"},"key":"reverse_5_423081707"},{"V":{"unit":"V","value":[1.028,0.988,0.948,0.908,0.868,0.828,0.788,0.748,0.708,0.668,0.628,0.588,0.548,0.508,0.468,0.428,0.388,0.348,0.308,0.268,0.228,0.188,0.148,0.108,0.068,0.028,-0.012]},"J":{"unit":"A\/cm2","value":[-0.001,-0.000125,0.0005499999999999999,0.0010999999999999998,0.00155,0.0019,0.0022249999999999995,0.002475,0.0026999999999999997,0.0029,0.0030499999999999998,0.003225,0.00335,0.0034750000000000002,0.0035999999999999995,0.0037249999999999996,0.00385,0.00395,0.00405,0.004175,0.004275,0.004375,0.004475,0.00455,0.004625,0.0047,0.00475]},"I":{"unit":"A","value":[-4.0e-5,-5.0e-6,2.2e-5,4.4e-5,6.2e-5,7.6e-5,8.9e-5,9.900000000000001e-5,0.000108,0.000116,0.000122,0.000129,0.000134,0.00013900000000000002,0.00014399999999999998,0.000149,0.000154,0.000158,0.000162,0.00016700000000000002,0.000171,0.000175,0.000179,0.000182,0.000185,0.000188,0.00019]},"efficiency":{"unit":"%","value":1.9372000000000003},"fill_factor":{"unit":"%","value":41.72207205489685},"jsc":{"unit":"mA\/cm2","value":4.735},"isc":{"unit":"mA","value":0.1894},"voc":{"unit":"V","value":0.9805925925925926},"sweep_direction":{"unit":"","value":"Reverse"},"key":"reverse_4_423081707"},{"V":{"unit":"V","value":[1.01,0.97,0.93,0.89,0.85,0.81,0.77,0.73,0.69,0.65,0.61,0.57,0.53,0.49,0.45,0.41,0.37,0.33,0.29,0.25,0.21,0.17,0.13,0.09,0.05,0.01,-0.03]},"J":{"unit":"A\/cm2","value":[-0.001125,-0.00015,0.000625,0.00125,0.0017500000000000003,0.002125,0.002475,0.00275,0.0029749999999999998,0.0032,0.003375,0.0035249999999999995,0.0036999999999999997,0.00385,0.004,0.0040999999999999995,0.0042250000000000005,0.004324999999999999,0.004425,0.0045249999999999995,0.0046,0.0046749999999999995,0.00475,0.0048,0.004875,0.004925,0.005]},"I":{"unit":"A","value":[-4.4999999999999996e-5,-6.0e-6,2.5e-5,5.0e-5,7.000000000000001e-5,8.5e-5,9.900000000000001e-5,0.00011,0.00011899999999999999,0.000128,0.000135,0.00014099999999999998,0.000148,0.000154,0.00016,0.000164,0.00016900000000000002,0.00017299999999999998,0.000177,0.00018099999999999998,0.000184,0.000187,0.00019,0.000192,0.000195,0.00019700000000000002,0.0002]},"efficiency":{"unit":"%","value":2.08},"fill_factor":{"unit":"%","value":43.72353577139398},"jsc":{"unit":"mA\/cm2","value":4.9437500000000005},"isc":{"unit":"mA","value":0.19775},"voc":{"unit":"V","value":0.9622580645161292},"sweep_direction":{"unit":"","value":"Reverse"},"key":"reverse_3_423081707"},{"V":{"unit":"V","value":[1.02,0.98,0.94,0.9,0.86,0.82,0.78,0.74,0.7,0.66,0.62,0.58,0.54,0.5,0.46,0.42,0.38,0.34,0.3,0.26,0.22,0.18,0.14,0.1,0.06,0.02,-0.02]},"J":{"unit":"A\/cm2","value":[-0.0010999999999999998,-0.000125,0.0006,0.0012,0.001675,0.002075,0.0024249999999999996,0.0026999999999999997,0.002925,0.00315,0.0033250000000000003,0.0035000000000000005,0.003675,0.0038,0.00395,0.0040999999999999995,0.0042250000000000005,0.004375,0.004475,0.0046,0.004725,0.0048,0.004900000000000001,0.005,0.00505,0.005149999999999999,0.005199999999999999]},"I":{"unit":"A","value":[-4.4e-5,-5.0e-6,2.4e-5,4.8e-5,6.7e-5,8.3e-5,9.7e-5,0.000108,0.00011700000000000001,0.000126,0.000133,0.00014000000000000001,0.000147,0.000152,0.000158,0.000164,0.00016900000000000002,0.000175,0.000179,0.000184,0.000189,0.000192,0.00019600000000000002,0.0002,0.000202,0.000206,0.000208]},"efficiency":{"unit":"%","value":2.0789999999999997},"fill_factor":{"unit":"%","value":41.28431886112225},"jsc":{"unit":"mA\/cm2","value":5.174999999999999},"isc":{"unit":"mA","value":0.20699999999999996},"voc":{"unit":"V","value":0.9731034482758619},"sweep_direction":{"unit":"","value":"Reverse"},"key":"reverse_2_423081707"},{"V":{"unit":"V","value":[0.983,0.943,0.903,0.863,0.823,0.783,0.743,0.703,0.663,0.623,0.583,0.543,0.503,0.463,0.423,0.383,0.343,0.303,0.263,0.223,0.183,0.143,0.103,0.063,0.023,-0.017]},"J":{"unit":"A\/cm2","value":[-0.001175,-0.00015,0.0006749999999999999,0.0013499999999999999,0.001875,0.002325,0.002675,0.0029749999999999998,0.003225,0.0034500000000000004,0.00365,0.003825,0.003975,0.004125,0.00425,0.004375,0.004475,0.004575,0.0046749999999999995,0.004725,0.004825,0.004875,0.004925,0.005,0.00505,0.0050999999999999995]},"I":{"unit":"A","value":[-4.7e-5,-6.0e-6,2.7e-5,5.4e-5,7.5e-5,9.3e-5,0.000107,0.00011899999999999999,0.000129,0.00013800000000000002,0.000146,0.000153,0.00015900000000000002,0.000165,0.00017,0.000175,0.000179,0.000183,0.000187,0.000189,0.000193,0.000195,0.00019700000000000002,0.0002,0.000202,0.000204]},"efficiency":{"unit":"%","value":2.14935},"fill_factor":{"unit":"%","value":45.22733717485024},"jsc":{"unit":"mA\/cm2","value":5.07875},"isc":{"unit":"mA","value":0.20315000000000003},"voc":{"unit":"V","value":0.9357272727272726},"sweep_direction":{"unit":"","value":"Reverse"},"key":"reverse_1_423081707"},{"V":{"unit":"V","value":[-0.05,-0.01,0.03,0.07,0.11,0.15,0.19,0.23,0.27,0.31,0.35,0.39,0.43,0.47,0.51,0.55,0.59,0.63,0.67,0.71,0.75,0.79,0.83,0.87,0.91,0.95,0.99,1.03]},"J":{"unit":"A\/cm2","value":[0.0050750000000000005,0.0050999999999999995,0.0050999999999999995,0.00505,0.004975,0.004900000000000001,0.0048,0.004725,0.0046,0.0045,0.004375,0.0042250000000000005,0.0040999999999999995,0.003925,0.00375,0.0035749999999999996,0.00335,0.0031,0.0028250000000000003,0.0025,0.002175,0.0017500000000000003,0.0012999999999999997,0.0008,0.00025,-0.000375,-0.0010249999999999999,-0.001675]},"I":{"unit":"A","value":[0.000203,0.000204,0.000204,0.000202,0.000199,0.00019600000000000002,0.000192,0.000189,0.000184,0.00017999999999999998,0.000175,0.00016900000000000002,0.000164,0.000157,0.00015,0.00014299999999999998,0.000134,0.000124,0.00011300000000000001,0.0001,8.7e-5,7.000000000000001e-5,5.2e-5,3.2e-5,1.0e-5,-1.4999999999999999e-5,-4.1e-5,-6.7e-5]},"efficiency":{"unit":"%","value":1.9765000000000001},"fill_factor":{"unit":"%","value":41.85194596197012},"jsc":{"unit":"mA\/cm2","value":5.099999999999999},"isc":{"unit":"mA","value":0.20399999999999996},"voc":{"unit":"V","value":0.9259999999999999},"sweep_direction":{"unit":"","value":"Forward"},"key":"forward_7_423081707"},{"V":{"unit":"V","value":[-0.05,-0.01,0.03,0.07,0.11,0.15,0.19,0.23,0.27,0.31,0.35,0.39,0.43,0.47,0.51,0.55,0.59,0.63,0.67,0.71,0.75,0.79,0.83,0.87,0.91,0.95,0.99,1.03]},"J":{"unit":"A\/cm2","value":[0.005,0.00505,0.005025,0.004975,0.004925,0.004849999999999999,0.004775000000000001,0.0046749999999999995,0.0046,0.0045,0.004375,0.004275,0.004125,0.003975,0.003825,0.0036249999999999998,0.0034000000000000002,0.00315,0.002875,0.0025499999999999997,0.002175,0.0017250000000000002,0.00125,0.0007,7.5e-5,-0.000575,-0.00125,-0.001925]},"I":{"unit":"A","value":[0.0002,0.000202,0.000201,0.000199,0.00019700000000000002,0.000194,0.000191,0.000187,0.000184,0.00017999999999999998,0.000175,0.000171,0.000165,0.00015900000000000002,0.000153,0.000145,0.000136,0.000126,0.000115,0.000102,8.7e-5,6.900000000000001e-5,5.0e-5,2.8e-5,3.0e-6,-2.3e-5,-5.0e-5,-7.7e-5]},"efficiency":{"unit":"%","value":2.0060000000000002},"fill_factor":{"unit":"%","value":43.484939912852525},"jsc":{"unit":"mA\/cm2","value":5.04375},"isc":{"unit":"mA","value":0.20175},"voc":{"unit":"V","value":0.9146153846153847},"sweep_direction":{"unit":"","value":"Forward"},"key":"forward_6_423081707"},{"V":{"unit":"V","value":[-0.05,-0.01,0.03,0.07,0.11,0.15,0.19,0.23,0.27,0.31,0.35,0.39,0.43,0.47,0.51,0.55,0.59,0.63,0.67,0.71,0.75,0.79,0.83,0.87,0.91,0.95,0.99,1.03]},"J":{"unit":"A\/cm2","value":[0.0048,0.004849999999999999,0.0048,0.004775000000000001,0.0047,0.004625,0.00455,0.004475,0.00435,0.00425,0.004125,0.004,0.003875,0.0037249999999999996,0.0035749999999999996,0.0034000000000000002,0.003175,0.00295,0.0026999999999999997,0.0024,0.0020499999999999997,0.001675,0.00125,0.000775,0.00025,-0.00032499999999999993,-0.0009249999999999999,-0.00155]},"I":{"unit":"A","value":[0.000192,0.000194,0.000192,0.000191,0.000188,0.000185,0.000182,0.000179,0.000174,0.00017,0.000165,0.00016,0.000155,0.000149,0.00014299999999999998,0.000136,0.000127,0.000118,0.000108,9.6e-5,8.2e-5,6.7e-5,5.0e-5,3.1e-5,1.0e-5,-1.3e-5,-3.7e-5,-6.2e-5]},"efficiency":{"unit":"%","value":1.8732499999999999},"fill_factor":{"unit":"%","value":41.75531302735045},"jsc":{"unit":"mA\/cm2","value":4.8374999999999995},"isc":{"unit":"mA","value":0.19349999999999998},"voc":{"unit":"V","value":0.9273913043478261},"sweep_direction":{"unit":"","value":"Forward"},"key":"forward_5_423081707"},{"V":{"unit":"V","value":[-0.05,-0.01,0.03,0.07,0.11,0.15,0.19,0.23,0.27,0.31,0.35,0.39,0.43,0.47,0.51,0.55,0.59,0.63,0.67,0.71,0.75,0.79,0.83,0.87,0.91,0.95,0.99,1.03]},"J":{"unit":"A\/cm2","value":[0.0046749999999999995,0.0047,0.0046749999999999995,0.004625,0.004575,0.0045,0.004399999999999999,0.00435,0.0042250000000000005,0.004125,0.004025,0.0039,0.0037749999999999997,0.00365,0.0034750000000000002,0.0033250000000000003,0.0031,0.002875,0.002625,0.002325,0.002,0.001625,0.0012,0.000725,0.0002,-0.00035,-0.00095,-0.00155]},"I":{"unit":"A","value":[0.000187,0.000188,0.000187,0.000185,0.000183,0.00017999999999999998,0.000176,0.000174,0.00016900000000000002,0.000165,0.000161,0.000156,0.00015099999999999998,0.000146,0.00013900000000000002,0.000133,0.000124,0.000115,0.00010499999999999999,9.3e-5,8.0e-5,6.500000000000001e-5,4.8e-5,2.9e-5,8.0e-6,-1.4e-5,-3.8e-5,-6.2e-5]},"efficiency":{"unit":"%","value":1.8289999999999997},"fill_factor":{"unit":"%","value":42.146885110249585},"jsc":{"unit":"mA\/cm2","value":4.69375},"isc":{"unit":"mA","value":0.18775},"voc":{"unit":"V","value":0.9245454545454547},"sweep_direction":{"unit":"","value":"Forward"},"key":"forward_4_423081707"},{"V":{"unit":"V","value":[-0.05,-0.01,0.03,0.07,0.11,0.15,0.19,0.23,0.27,0.31,0.35,0.39,0.43,0.47,0.51,0.55,0.59,0.63,0.67,0.71,0.75,0.79,0.83,0.87,0.91,0.95,0.99,1.03]},"J":{"unit":"A\/cm2","value":[0.004900000000000001,0.004925,0.004900000000000001,0.004825,0.004775000000000001,0.0047,0.004625,0.00455,0.004449999999999999,0.004324999999999999,0.00425,0.0040999999999999995,0.003975,0.003825,0.00365,0.0034500000000000004,0.003225,0.003,0.0026999999999999997,0.00235,0.001975,0.00155,0.0010500000000000002,0.0005250000000000001,-7.5e-5,-0.0007,-0.001325,-0.00195]},"I":{"unit":"A","value":[0.00019600000000000002,0.00019700000000000002,0.00019600000000000002,0.000193,0.000191,0.000188,0.000185,0.000182,0.000178,0.00017299999999999998,0.00017,0.000164,0.00015900000000000002,0.000153,0.000146,0.00013800000000000002,0.000129,0.00011999999999999999,0.000108,9.4e-5,7.9e-5,6.2e-5,4.2000000000000004e-5,2.1000000000000002e-5,-3.0e-6,-2.8e-5,-5.3e-5,-7.8e-5]},"efficiency":{"unit":"%","value":1.90275},"fill_factor":{"unit":"%","value":42.7443189396758},"jsc":{"unit":"mA\/cm2","value":4.91875},"isc":{"unit":"mA","value":0.19675},"voc":{"unit":"V","value":0.9050000000000001},"sweep_direction":{"unit":"","value":"Forward"},"key":"forward_3_423081707"},{"V":{"unit":"V","value":[-0.05,-0.01,0.03,0.07,0.11,0.15,0.19,0.23,0.27,0.31,0.35,0.39,0.43,0.47,0.51,0.55,0.59,0.63,0.67,0.71,0.75,0.79,0.83,0.87,0.91,0.95,0.99,1.03]},"J":{"unit":"A\/cm2","value":[0.0050999999999999995,0.005125,0.0050999999999999995,0.00505,0.004975,0.004900000000000001,0.004825,0.004725,0.004625,0.0045,0.004375,0.0042250000000000005,0.0040750000000000005,0.003925,0.0037249999999999996,0.0035249999999999995,0.0032749999999999997,0.003,0.0026999999999999997,0.00235,0.00195,0.0015249999999999999,0.0010249999999999999,0.0005,-7.5e-5,-0.0007,-0.0013499999999999999,-0.001975]},"I":{"unit":"A","value":[0.000204,0.000205,0.000204,0.000202,0.000199,0.00019600000000000002,0.000193,0.000189,0.000185,0.00017999999999999998,0.000175,0.00016900000000000002,0.000163,0.000157,0.000149,0.00014099999999999998,0.000131,0.00011999999999999999,0.000108,9.4e-5,7.8e-5,6.1e-5,4.1e-5,2.0e-5,-3.0e-6,-2.8e-5,-5.4e-5,-7.9e-5]},"efficiency":{"unit":"%","value":1.9387499999999998},"fill_factor":{"unit":"%","value":41.86139025158727},"jsc":{"unit":"mA\/cm2","value":5.1187499999999995},"isc":{"unit":"mA","value":0.20475},"voc":{"unit":"V","value":0.9047826086956523},"sweep_direction":{"unit":"","value":"Forward"},"key":"forward_2_423081707"},{"V":{"unit":"V","value":[-0.05,-0.01,0.03,0.07,0.11,0.15,0.19,0.23,0.27,0.31,0.35,0.39,0.43,0.47,0.51,0.55,0.59,0.63,0.67,0.71,0.75,0.79,0.83,0.87,0.91,0.95,0.99]},"J":{"unit":"A\/cm2","value":[0.0050750000000000005,0.0050750000000000005,0.00505,0.005,0.00495,0.004849999999999999,0.0048,0.0047,0.0046,0.0045,0.004375,0.00425,0.0040999999999999995,0.003925,0.00375,0.0035249999999999995,0.0032749999999999997,0.0029749999999999998,0.002625,0.00225,0.0017749999999999999,0.0012749999999999999,0.0007,7.5e-5,-0.0006,-0.0012749999999999999,-0.0019]},"I":{"unit":"A","value":[0.000203,0.000203,0.000202,0.0002,0.00019800000000000002,0.000194,0.000192,0.000188,0.000184,0.00017999999999999998,0.000175,0.00017,0.000164,0.000157,0.00015,0.00014099999999999998,0.000131,0.00011899999999999999,0.00010499999999999999,8.999999999999999e-5,7.099999999999999e-5,5.1e-5,2.8e-5,3.0e-6,-2.4e-5,-5.1e-5,-7.6e-5]},"efficiency":{"unit":"%","value":1.9387499999999998},"fill_factor":{"unit":"%","value":43.741000882089814},"jsc":{"unit":"mA\/cm2","value":5.06875},"isc":{"unit":"mA","value":0.20274999999999999},"voc":{"unit":"V","value":0.8744444444444445},"sweep_direction":{"unit":"","value":"Forward"},"key":"forward_1_423081707"}]}}