{"_id":"65312ca7851eea3e48563efb","id":"CAU-SC-00477","author":67,"group":7,"input":[{"tco":{"unit":"","value":"ITO"}},[],{"htl":[{"material":{"unit":"","value":"PEDOT:PSS"},"concentration":{"unit":"","value":"None"},"conc_unit":{"unit":"","value":"mg\/ml"},"quantity":{"unit":"ml","value":"0.1"}}],"spin_coating":[{"type":{"unit":"","value":"drop&run"},"rpm":{"unit":"","value":"5000"},"time":{"unit":"s","value":"30"}}],"annealing":[{"temperature":{"unit":"oC","value":"150"},"time":{"unit":"m","value":"20"}}]},[],{"perovskite":{"method":{"unit":"","value":"1step"},"molarity":{"unit":"M","value":"1"},"a_site":[{"material":{"unit":"","value":"FA"},"ratio":{"unit":"","value":"75"}},{"material":{"unit":"","value":"MA"},"ratio":{"unit":"","value":"15"}},{"material":{"unit":"","value":"DMA"},"ratio":{"unit":"","value":"10"}}],"b_site":[{"material":{"unit":"","value":"Sn"},"ratio":{"unit":"","value":"100"}}],"x_site":[{"material":{"unit":"","value":"I"},"ratio":{"unit":"","value":"50"}},{"material":{"unit":"","value":"Br"},"ratio":{"unit":"","value":"33"}},{"material":{"unit":"","value":"Cl"},"ratio":{"unit":"","value":"17"}}],"solvent":[{"material":{"unit":"","value":"DMF"},"volume":{"unit":"ml","value":"0.8"}},{"material":{"unit":"","value":"DMSO"},"volume":{"unit":"ml","value":"0.2"}}],"additive":[{"material":{"unit":"","value":"SnF2"},"solvent":{"unit":"","value":"none"},"concentration":{"unit":"","value":"15.6"},"conc_unit":{"unit":"","value":"mg\/ml"},"quantity":{"unit":"mol%","value":"10"}}],"stirring_time":[{"unit":"m","value":"120"}],"antisolvent":[{"material":{"unit":"","value":"CB"},"quantity":{"unit":"ul","value":"500"},"dripping_time":{"unit":"s","value":"20"}}],"spin_coating":[{"type":{"unit":"","value":"drop&run"},"rpm":{"unit":"","value":"5000"},"time":{"unit":"s","value":"50"}}],"annealing":[{"temperature":{"unit":"oC","value":"80"},"time":{"unit":"m","value":"10"}}],"atmosphere":[{"type":{"unit":"","value":"N2"},"temperature":{"unit":"oC","value":"25"},"humidity":{"unit":"RH%","value":"0"}}]}},{"etl":[{"material":{"unit":"","value":"PC61BM"},"concentration":{"unit":"","value":"20"},"conc_unit":{"unit":"","value":"mg\/ml"},"quantity":{"unit":"ml","value":"0.05"}}],"solvent":[{"material":{"unit":"","value":"CB"},"volume":{"unit":"ml","value":"0.75"}},{"material":{"unit":"","value":"DCB"},"volume":{"unit":"ml","value":"0.25"}}],"spin_coating":[{"type":{"unit":"","value":"drop&run"},"rpm":{"unit":"","value":"1500"},"time":{"unit":"s","value":"30"}}],"annealing":[{"temperature":{"unit":"oC","value":"70"},"time":{"unit":"m","value":"5"}}]},{"anode_metal":{"unit":"","value":"Ag"}},{"note":{"unit":"","value":"MDF"},"ar":{"unit":"","value":"0"},"type":{"unit":"","value":"unit_cell"},"device_type":{"unit":"","value":"p-i-n"},"temperature":{"unit":"\u2103","value":"25"},"humidity":{"unit":"%","value":"30"},"cell_dimension":{"unit":"cm2","value":"0.04"}}],"fileinfo":[{"key":"22303286","uploadType":"JV","original_name":"22303286.xlsx","save_name":"CAU-SC-00477\/22303286","uploader":67,"fileType":"group"}],"jvcnt":2,"updated_at":"2024-06-03 08:38:35","created_at":"2023-10-19 13:18:31","analysisInfo":{"JV":[{"efficiency":0.41069999999999995,"fill_factor":40.85412548307242,"jsc":2.7525000000000004,"voc":0.36522580645161284,"key":"reverse_1_22303286","cell_dimension":null},{"efficiency":0.56025,"fill_factor":54.49038140776161,"jsc":2.6562499999999996,"voc":0.3870731707317073,"key":"forward_1_22303286","cell_dimension":null}]},"public":2,"analysis":{"JV":[{"V":{"unit":"V","value":[0.422,0.382,0.342,0.302,0.262,0.222,0.182,0.142,0.102,0.062,0.022,-0.018]},"J":{"unit":"A\/cm2","value":[-0.0014,-0.00032499999999999993,0.00044999999999999993,0.0010249999999999999,0.001475,0.0018499999999999999,0.00215,0.002375,0.0025499999999999997,0.00265,0.002725,0.002775]},"I":{"unit":"A","value":[-5.6e-5,-1.3e-5,1.7999999999999997e-5,4.1e-5,5.9e-5,7.4e-5,8.599999999999999e-5,9.5e-5,0.000102,0.000106,0.00010899999999999999,0.000111]},"efficiency":{"unit":"%","value":0.41069999999999995},"fill_factor":{"unit":"%","value":40.85412548307242},"jsc":{"unit":"mA\/cm2","value":2.7525000000000004},"isc":{"unit":"mA","value":0.11010000000000002},"voc":{"unit":"V","value":0.36522580645161284},"sweep_direction":{"unit":"","value":"Reverse"},"key":"reverse_1_22303286"},{"V":{"unit":"V","value":[-0.05,-0.01,0.03,0.07,0.11,0.15,0.19,0.23,0.27,0.31,0.35,0.39,0.43]},"J":{"unit":"A\/cm2","value":[0.0025499999999999997,0.00265,0.002675,0.002675,0.00265,0.0025999999999999994,0.0025,0.002325,0.002075,0.001625,0.00095,-7.5e-5,-0.00155]},"I":{"unit":"A","value":[0.000102,0.000106,0.000107,0.000107,0.000106,0.000104,0.0001,9.3e-5,8.3e-5,6.500000000000001e-5,3.8e-5,-3.0e-6,-6.2e-5]},"efficiency":{"unit":"%","value":0.56025},"fill_factor":{"unit":"%","value":54.49038140776161},"jsc":{"unit":"mA\/cm2","value":2.6562499999999996},"isc":{"unit":"mA","value":0.10624999999999998},"voc":{"unit":"V","value":0.3870731707317073},"sweep_direction":{"unit":"","value":"Forward"},"key":"forward_1_22303286"}]}}