{"_id":"652bc13a13121a382d688202","id":"CAU-SC-00152","author":70,"group":7,"input":[{"tco":{"unit":"","value":"ITO"}},[],{"etl":[{"material":{"unit":"","value":"SnO2"},"concentration":{"unit":"","value":"1.5"},"conc_unit":{"unit":"","value":"wt%"},"quantity":{"unit":"ml","value":"0.3"}}],"solvent":[{"material":{"unit":"","value":"DI Water"},"volume":{"unit":"ml","value":"2.7"}}],"spin_coating":[{"type":{"unit":"","value":"drop&run"},"rpm":{"unit":"","value":"1000"},"time":{"unit":"s","value":"0.5"}},{"type":{"unit":"","value":"drop&run"},"rpm":{"unit":"","value":"3000"},"time":{"unit":"s","value":"30"}}],"annealing":[{"temperature":{"unit":"oC","value":"170"},"time":{"unit":"m","value":"30"}}]},{"etl":[{"material":{"unit":"","value":"SnO2"},"concentration":{"unit":"","value":"109.75"},"conc_unit":{"unit":"","value":"mg\/ml"},"quantity":{"unit":"ml","value":"1"}}],"solvent":[{"material":{"unit":"","value":"2-ME"},"volume":{"unit":"ml","value":"1"}},{"material":{"unit":"","value":"Ethanolamine"},"volume":{"unit":"ml","value":"0.067"}}],"spin_coating":[{"type":{"unit":"","value":"drop&run"},"rpm":{"unit":"","value":"3000"},"time":{"unit":"s","value":"30"}}],"annealing":[{"temperature":{"unit":"oC","value":"170"},"time":{"unit":"m","value":"30"}}]},[],{"perovskite":{"method":{"unit":"","value":"1step"},"molarity":{"unit":"M","value":"1.2"},"a_site":[{"material":{"unit":"","value":"Cs"},"ratio":{"unit":"","value":"100"}}],"b_site":[{"material":{"unit":"","value":"Pb"},"ratio":{"unit":"","value":"100"}}],"x_site":[{"material":{"unit":"","value":"I"},"ratio":{"unit":"","value":"67"}},{"material":{"unit":"","value":"Br"},"ratio":{"unit":"","value":"33"}}],"solvent":[{"material":{"unit":"","value":"DMSO"},"volume":{"unit":"ml","value":"0.7"}},{"material":{"unit":"","value":"DMF"},"volume":{"unit":"ml","value":"0.3"}}],"stirring_time":[{"unit":"m","value":"960"}],"spin_coating":[{"type":{"unit":"","value":"drop&run"},"rpm":{"unit":"","value":"3000"},"time":{"unit":"s","value":"40"}}],"annealing":[{"temperature":{"unit":"oC","value":"280"},"time":{"unit":"m","value":"10"}}],"atmosphere":[{"type":{"unit":"","value":"air"},"temperature":{"unit":"oC","value":"22"},"humidity":{"unit":"RH%","value":"40"}}],"assist":[{"type":{"unit":"","value":"hot air assist"},"temperature":{"unit":"oC","value":"290"},"assist_start_time":{"value":8,"unit":"s"},"total_assist_time":{"value":"0.233","unit":"s"}}],"additive":[{"material":{"unit":"","value":"tBAI"},"solvent":{"unit":"","value":"DMSO+DMF"},"concentration":{"unit":"","value":"443.2 (1.2 M%)"},"conc_unit":{"unit":"","value":"mg\/ml"},"quantity":{"unit":"mol%","value":"40 uL"}}]}},{"htl":[{"material":{"unit":"","value":"P3HT"},"concentration":{"unit":"","value":"10"},"conc_unit":{"unit":"","value":"mg\/ml"},"quantity":{"unit":"ml","value":"1"}}],"solvent":[{"material":{"unit":"","value":"CB"},"volume":{"unit":"ml","value":"1"}}],"spin_coating":[{"type":{"unit":"","value":"drop&run"},"rpm":{"unit":"","value":"3000"},"time":{"unit":"s","value":"30"}}],"annealing":[{"temperature":{"unit":"oC","value":"100"},"time":{"unit":"m","value":"5"}}]},{"anode_metal":{"unit":"","value":"Au"}},{"note":{"unit":"","value":"CsPbI2Br_721100408_ 40 uL TBAI"},"ar":{"unit":"","value":"0"},"type":{"unit":"","value":"unit_cell"},"device_type":{"unit":"","value":"n-i-p"},"temperature":{"unit":"\u2103","value":"22"},"humidity":{"unit":"%","value":"38"},"cell_dimension":{"unit":"cm2","value":"0.04"}}],"fileinfo":[{"key":"CsPbI2Br_721100408_ 40 uL TBAI","uploadType":"JV","original_name":"CsPbI2Br_721100408_ 40 uL TBAI.xlsx","save_name":"CAU-SC-00152\/CsPbI2Br_721100408_ 40 uL TBAI","uploader":70,"fileType":"group"}],"updated_at":"2024-07-30 07:38:17","created_at":"2023-10-15 10:38:50","jvcnt":16,"analysisInfo":{"JV":[{"efficiency":8.339825000000001,"fill_factor":65.67093050777866,"jsc":11.133125,"voc":1.1406875,"key":"reverse_8_CsPbI2Br_721100408_ 40 uL TBAI","cell_dimension":null},{"efficiency":10.485750000000001,"fill_factor":66.61238044462209,"jsc":13.436250000000003,"voc":1.1715652173913043,"key":"reverse_7_CsPbI2Br_721100408_ 40 uL TBAI","cell_dimension":null},{"efficiency":10.895999999999999,"fill_factor":66.83331726909508,"jsc":13.8425,"voc":1.1777674418604653,"key":"reverse_6_CsPbI2Br_721100408_ 40 uL TBAI","cell_dimension":null},{"efficiency":10.810475,"fill_factor":65.76134320082502,"jsc":14.063124999999998,"voc":1.1689401197604792,"key":"reverse_5_CsPbI2Br_721100408_ 40 uL TBAI","cell_dimension":null},{"efficiency":9.823275,"fill_factor":66.35332008763535,"jsc":12.75,"voc":1.16113698630137,"key":"reverse_4_CsPbI2Br_721100408_ 40 uL TBAI","cell_dimension":null},{"efficiency":10.0344,"fill_factor":66.75680568211406,"jsc":12.799999999999997,"voc":1.1743184713375794,"key":"reverse_3_CsPbI2Br_721100408_ 40 uL TBAI","cell_dimension":null},{"efficiency":10.143025,"fill_factor":66.38870348292875,"jsc":13.085625,"voc":1.16755900621118,"key":"reverse_2_CsPbI2Br_721100408_ 40 uL TBAI","cell_dimension":null},{"efficiency":10.1469,"fill_factor":65.86169081302346,"jsc":13.225,"voc":1.164943396226415,"key":"reverse_1_CsPbI2Br_721100408_ 40 uL TBAI","cell_dimension":null},{"efficiency":6.912499999999999,"fill_factor":58.36363042239753,"jsc":11.19375,"voc":1.0580769230769231,"key":"forward_8_CsPbI2Br_721100408_ 40 uL TBAI","cell_dimension":null},{"efficiency":8.453000000000001,"fill_factor":58.38148168132522,"jsc":13.468749999999998,"voc":1.075,"key":"forward_7_CsPbI2Br_721100408_ 40 uL TBAI","cell_dimension":null},{"efficiency":8.769,"fill_factor":58.1760784434433,"jsc":13.93125,"voc":1.0819708029197082,"key":"forward_6_CsPbI2Br_721100408_ 40 uL TBAI","cell_dimension":null},{"efficiency":8.9665,"fill_factor":59.110567784245696,"jsc":14.112499999999997,"voc":1.0748648648648649,"key":"forward_5_CsPbI2Br_721100408_ 40 uL TBAI","cell_dimension":null},{"efficiency":7.840750000000001,"fill_factor":57.637355564330136,"jsc":12.78125,"voc":1.0643396226415096,"key":"forward_4_CsPbI2Br_721100408_ 40 uL TBAI","cell_dimension":null},{"efficiency":8.19625,"fill_factor":59.8601811910025,"jsc":12.818750000000001,"voc":1.0681481481481483,"key":"forward_3_CsPbI2Br_721100408_ 40 uL TBAI","cell_dimension":null},{"efficiency":8.35425,"fill_factor":59.099857459613546,"jsc":13.200000000000001,"voc":1.0708955223880599,"key":"forward_2_CsPbI2Br_721100408_ 40 uL TBAI","cell_dimension":null},{"efficiency":8.30625,"fill_factor":59.1389922904456,"jsc":13.3,"voc":1.0560377358490567,"key":"forward_1_CsPbI2Br_721100408_ 40 uL TBAI","cell_dimension":null}]},"public":2,"tags":[],"analysis":{"JV":[{"V":{"unit":"V","value":[1.191,1.151,1.111,1.071,1.031,0.991,0.951,0.911,0.871,0.831,0.791,0.751,0.711,0.671,0.631,0.591,0.551,0.511,0.471,0.431,0.391,0.351,0.311,0.271,0.231,0.191,0.151,0.111,0.071,0.031,-0.009,-0.049]},"J":{"unit":"A\/cm2","value":[-0.00505,-0.0008250000000000001,0.002375,0.004725,0.006375,0.007574999999999999,0.008450000000000001,0.009125,0.009574999999999998,0.009925000000000002,0.010150000000000001,0.01035,0.010475,0.010575,0.010674999999999999,0.010725,0.010775,0.010825,0.01085,0.0109,0.01095,0.01095,0.011,0.011,0.011025,0.01105,0.011075,0.011075,0.011125,0.011075,0.01115,0.01115]},"I":{"unit":"A","value":[-0.000202,-3.3e-5,9.5e-5,0.000189,0.000255,0.000303,0.00033800000000000003,0.000365,0.000383,0.000397,0.000406,0.000414,0.000419,0.000423,0.00042699999999999997,0.000429,0.000431,0.000433,0.000434,0.00043599999999999997,0.000438,0.000438,0.00044,0.00044,0.000441,0.000442,0.000443,0.000443,0.00044500000000000003,0.000443,0.000446,0.000446]},"efficiency":{"unit":"%","value":8.339825000000001},"fill_factor":{"unit":"%","value":65.67093050777866},"jsc":{"unit":"mA\/cm2","value":11.133125},"isc":{"unit":"mA","value":0.44532499999999997},"voc":{"unit":"V","value":1.1406875},"sweep_direction":{"unit":"","value":"Reverse"},"key":"reverse_8_CsPbI2Br_721100408_ 40 uL TBAI"},{"V":{"unit":"V","value":[1.222,1.182,1.142,1.102,1.062,1.022,0.982,0.942,0.902,0.862,0.822,0.782,0.742,0.702,0.662,0.622,0.582,0.542,0.502,0.462,0.422,0.382,0.342,0.302,0.262,0.222,0.182,0.142,0.102,0.062,0.022,-0.018]},"J":{"unit":"A\/cm2","value":[-0.006274999999999999,-0.0010500000000000002,0.0029749999999999998,0.005874999999999999,0.0079,0.009325,0.010324999999999999,0.011075,0.011625,0.012049999999999998,0.012299999999999998,0.012525,0.012675,0.012775,0.0129,0.013,0.013025,0.013099999999999999,0.013125,0.013200000000000002,0.013175000000000001,0.01325,0.013275,0.013325000000000002,0.013325000000000002,0.013349999999999999,0.013349999999999999,0.0134,0.013375,0.013425000000000001,0.013450000000000002,0.013425000000000001]},"I":{"unit":"A","value":[-0.000251,-4.2000000000000004e-5,0.00011899999999999999,0.000235,0.000316,0.000373,0.00041299999999999996,0.000443,0.000465,0.000482,0.000492,0.000501,0.000507,0.0005110000000000001,0.000516,0.0005200000000000001,0.000521,0.000524,0.0005250000000000001,0.000528,0.000527,0.00053,0.000531,0.000533,0.000533,0.0005340000000000001,0.0005340000000000001,0.000536,0.000535,0.000537,0.0005380000000000001,0.000537]},"efficiency":{"unit":"%","value":10.485750000000001},"fill_factor":{"unit":"%","value":66.61238044462209},"jsc":{"unit":"mA\/cm2","value":13.436250000000003},"isc":{"unit":"mA","value":0.5374500000000001},"voc":{"unit":"V","value":1.1715652173913043},"sweep_direction":{"unit":"","value":"Reverse"},"key":"reverse_7_CsPbI2Br_721100408_ 40 uL TBAI"},{"V":{"unit":"V","value":[1.228,1.188,1.148,1.108,1.068,1.028,0.988,0.948,0.908,0.868,0.828,0.788,0.748,0.708,0.668,0.628,0.588,0.548,0.508,0.468,0.428,0.388,0.348,0.308,0.268,0.228,0.188,0.148,0.108,0.068,0.028,-0.012]},"J":{"unit":"A\/cm2","value":[-0.0067,-0.0010999999999999998,0.0032,0.00625,0.008325,0.00975,0.01075,0.011474999999999999,0.012,0.012375,0.012675,0.012875,0.013,0.013125,0.013224999999999999,0.013275,0.013349999999999999,0.013425000000000001,0.013475,0.013525,0.013575,0.013625,0.01365,0.013675000000000001,0.013725000000000001,0.013725000000000001,0.01375,0.013800000000000002,0.013800000000000002,0.013825,0.013825,0.013850000000000001]},"I":{"unit":"A","value":[-0.000268,-4.4e-5,0.000128,0.00025,0.000333,0.00039,0.00043,0.00045900000000000004,0.00047999999999999996,0.000495,0.000507,0.000515,0.0005200000000000001,0.0005250000000000001,0.0005290000000000001,0.000531,0.0005340000000000001,0.000537,0.000539,0.000541,0.0005430000000000001,0.000545,0.000546,0.0005470000000000001,0.000549,0.000549,0.00055,0.0005520000000000001,0.0005520000000000001,0.000553,0.000553,0.000554]},"efficiency":{"unit":"%","value":10.895999999999999},"fill_factor":{"unit":"%","value":66.83331726909508},"jsc":{"unit":"mA\/cm2","value":13.8425},"isc":{"unit":"mA","value":0.5537},"voc":{"unit":"V","value":1.1777674418604653},"sweep_direction":{"unit":"","value":"Reverse"},"key":"reverse_6_CsPbI2Br_721100408_ 40 uL TBAI"},{"V":{"unit":"V","value":[1.219,1.179,1.139,1.099,1.059,1.019,0.979,0.939,0.899,0.859,0.819,0.779,0.739,0.699,0.659,0.619,0.579,0.539,0.499,0.459,0.419,0.379,0.339,0.299,0.259,0.219,0.179,0.139,0.099,0.059,0.019,-0.021]},"J":{"unit":"A\/cm2","value":[-0.006625,-0.0010500000000000002,0.003125,0.006125,0.008175,0.009625,0.01065,0.011450000000000002,0.012025,0.01245,0.012725,0.013,0.013175000000000001,0.013325000000000002,0.013450000000000002,0.0135,0.013625,0.01365,0.013725000000000001,0.013775,0.013800000000000002,0.013825,0.013875000000000002,0.013850000000000001,0.013925,0.01395,0.013975000000000001,0.014000000000000002,0.014000000000000002,0.014025000000000001,0.014074999999999997,0.01405]},"I":{"unit":"A","value":[-0.000265,-4.2000000000000004e-5,0.000125,0.000245,0.00032700000000000003,0.00038500000000000003,0.000426,0.000458,0.000481,0.000498,0.000509,0.0005200000000000001,0.000527,0.000533,0.0005380000000000001,0.00054,0.000545,0.000546,0.000549,0.0005510000000000001,0.0005520000000000001,0.000553,0.000555,0.000554,0.0005570000000000001,0.000558,0.000559,0.0005600000000000001,0.0005600000000000001,0.0005610000000000001,0.0005629999999999999,0.0005620000000000001]},"efficiency":{"unit":"%","value":10.810475},"fill_factor":{"unit":"%","value":65.76134320082502},"jsc":{"unit":"mA\/cm2","value":14.063124999999998},"isc":{"unit":"mA","value":0.5625249999999999},"voc":{"unit":"V","value":1.1689401197604792},"sweep_direction":{"unit":"","value":"Reverse"},"key":"reverse_5_CsPbI2Br_721100408_ 40 uL TBAI"},{"V":{"unit":"V","value":[1.211,1.171,1.131,1.091,1.051,1.011,0.971,0.931,0.891,0.851,0.811,0.771,0.731,0.691,0.651,0.611,0.571,0.531,0.491,0.451,0.411,0.371,0.331,0.291,0.251,0.211,0.171,0.131,0.091,0.051,0.011,-0.029]},"J":{"unit":"A\/cm2","value":[-0.0055,-0.0008999999999999999,0.00275,0.005475,0.007475,0.008825,0.009800000000000001,0.0105,0.011025,0.011375,0.011625,0.01185,0.011975,0.0121,0.012174999999999998,0.012275000000000001,0.012299999999999998,0.0124,0.0124,0.012475,0.012475,0.012549999999999999,0.012549999999999999,0.0126,0.012625,0.01265,0.012675,0.012675,0.0127,0.0127,0.01275,0.01275]},"I":{"unit":"A","value":[-0.00022,-3.5999999999999994e-5,0.00011,0.000219,0.000299,0.00035299999999999996,0.00039200000000000004,0.00041999999999999996,0.000441,0.000455,0.000465,0.000474,0.000479,0.000484,0.00048699999999999997,0.000491,0.000492,0.000496,0.000496,0.000499,0.000499,0.000502,0.000502,0.000504,0.000505,0.000506,0.000507,0.000507,0.000508,0.000508,0.00051,0.00051]},"efficiency":{"unit":"%","value":9.823275},"fill_factor":{"unit":"%","value":66.35332008763535},"jsc":{"unit":"mA\/cm2","value":12.75},"isc":{"unit":"mA","value":0.51},"voc":{"unit":"V","value":1.16113698630137},"sweep_direction":{"unit":"","value":"Reverse"},"key":"reverse_4_CsPbI2Br_721100408_ 40 uL TBAI"},{"V":{"unit":"V","value":[1.224,1.184,1.144,1.104,1.064,1.024,0.984,0.944,0.904,0.864,0.824,0.784,0.744,0.704,0.664,0.624,0.584,0.544,0.504,0.464,0.424,0.384,0.344,0.304,0.264,0.224,0.184,0.144,0.104,0.064,0.024,-0.016]},"J":{"unit":"A\/cm2","value":[-0.005974999999999999,-0.00095,0.0029749999999999998,0.005775000000000001,0.007724999999999999,0.009025,0.00995,0.0106,0.0111,0.011450000000000002,0.011675000000000001,0.011899999999999999,0.012025,0.01215,0.012225,0.012325,0.01235,0.01245,0.01245,0.012525,0.012549999999999999,0.012575,0.01265,0.012625,0.012675,0.0127,0.0127,0.01275,0.012775,0.01275,0.0128,0.0128]},"I":{"unit":"A","value":[-0.00023899999999999998,-3.8e-5,0.00011899999999999999,0.000231,0.000309,0.000361,0.000398,0.000424,0.000444,0.000458,0.000467,0.00047599999999999997,0.000481,0.000486,0.000489,0.000493,0.000494,0.000498,0.000498,0.000501,0.000502,0.000503,0.000506,0.000505,0.000507,0.000508,0.000508,0.00051,0.0005110000000000001,0.00051,0.000512,0.000512]},"efficiency":{"unit":"%","value":10.0344},"fill_factor":{"unit":"%","value":66.75680568211406},"jsc":{"unit":"mA\/cm2","value":12.799999999999997},"isc":{"unit":"mA","value":0.5119999999999999},"voc":{"unit":"V","value":1.1743184713375794},"sweep_direction":{"unit":"","value":"Reverse"},"key":"reverse_3_CsPbI2Br_721100408_ 40 uL TBAI"},{"V":{"unit":"V","value":[1.217,1.177,1.137,1.097,1.057,1.017,0.977,0.937,0.897,0.857,0.817,0.777,0.737,0.697,0.657,0.617,0.577,0.537,0.497,0.457,0.417,0.377,0.337,0.297,0.257,0.217,0.177,0.137,0.097,0.057,0.017,-0.023]},"J":{"unit":"A\/cm2","value":[-0.006325,-0.00095,0.0030749999999999996,0.005974999999999999,0.00795,0.009275,0.010174999999999998,0.010825,0.011275,0.0116,0.01185,0.012049999999999998,0.01215,0.012299999999999998,0.012375,0.0125,0.012525,0.012549999999999999,0.012675,0.012675,0.012775,0.0128,0.01285,0.01285,0.012925,0.01295,0.012975,0.013,0.013025,0.013099999999999999,0.013075000000000002,0.013099999999999999]},"I":{"unit":"A","value":[-0.000253,-3.8e-5,0.000123,0.00023899999999999998,0.00031800000000000003,0.000371,0.00040699999999999997,0.000433,0.000451,0.000464,0.000474,0.000482,0.000486,0.000492,0.000495,0.0005,0.000501,0.000502,0.000507,0.000507,0.0005110000000000001,0.000512,0.000514,0.000514,0.000517,0.000518,0.000519,0.0005200000000000001,0.000521,0.000524,0.000523,0.000524]},"efficiency":{"unit":"%","value":10.143025},"fill_factor":{"unit":"%","value":66.38870348292875},"jsc":{"unit":"mA\/cm2","value":13.085625},"isc":{"unit":"mA","value":0.523425},"voc":{"unit":"V","value":1.16755900621118},"sweep_direction":{"unit":"","value":"Reverse"},"key":"reverse_2_CsPbI2Br_721100408_ 40 uL TBAI"},{"V":{"unit":"V","value":[1.214,1.174,1.134,1.094,1.054,1.014,0.974,0.934,0.894,0.854,0.814,0.774,0.734,0.694,0.654,0.614,0.574,0.534,0.494,0.454,0.414,0.374,0.334,0.294,0.254,0.214,0.174,0.134,0.094,0.054,0.014,-0.026]},"J":{"unit":"A\/cm2","value":[-0.006225,-0.0008999999999999999,0.0030749999999999996,0.005925,0.007875,0.00925,0.010199999999999999,0.01085,0.011349999999999999,0.0117,0.012,0.012199999999999999,0.01235,0.0125,0.0126,0.012675,0.012775,0.0128,0.012875,0.012925,0.01295,0.013,0.01305,0.013075000000000002,0.013125,0.013125,0.013125,0.013175000000000001,0.013175000000000001,0.013224999999999999,0.013224999999999999,0.013224999999999999]},"I":{"unit":"A","value":[-0.000249,-3.5999999999999994e-5,0.000123,0.000237,0.000315,0.00037,0.000408,0.000434,0.00045400000000000003,0.00046800000000000005,0.00047999999999999996,0.000488,0.000494,0.0005,0.000504,0.000507,0.0005110000000000001,0.000512,0.000515,0.000517,0.000518,0.0005200000000000001,0.000522,0.000523,0.0005250000000000001,0.0005250000000000001,0.0005250000000000001,0.000527,0.000527,0.0005290000000000001,0.0005290000000000001,0.0005290000000000001]},"efficiency":{"unit":"%","value":10.1469},"fill_factor":{"unit":"%","value":65.86169081302346},"jsc":{"unit":"mA\/cm2","value":13.225},"isc":{"unit":"mA","value":0.529},"voc":{"unit":"V","value":1.164943396226415},"sweep_direction":{"unit":"","value":"Reverse"},"key":"reverse_1_CsPbI2Br_721100408_ 40 uL TBAI"},{"V":{"unit":"V","value":[-0.05,-0.01,0.03,0.07,0.11,0.15,0.19,0.23,0.27,0.31,0.35,0.39,0.43,0.47,0.51,0.55,0.59,0.63,0.67,0.71,0.75,0.79,0.83,0.87,0.91,0.95,0.99,1.03,1.07,1.11,1.15,1.19]},"J":{"unit":"A\/cm2","value":[0.011325,0.011224999999999999,0.0111,0.0111,0.011,0.011,0.0109,0.0109,0.010825,0.010775,0.010725,0.010674999999999999,0.0106,0.010524999999999998,0.01045,0.010324999999999999,0.010199999999999999,0.010025000000000001,0.009825,0.009525,0.0092,0.00875,0.00825,0.007525,0.006600000000000001,0.005425,0.00385,0.001825,-0.000775,-0.00395,-0.007625,-0.011725]},"I":{"unit":"A","value":[0.000453,0.000449,0.000444,0.000444,0.00044,0.00044,0.00043599999999999997,0.00043599999999999997,0.000433,0.000431,0.000429,0.00042699999999999997,0.000424,0.000421,0.00041799999999999997,0.00041299999999999996,0.000408,0.00040100000000000004,0.000393,0.000381,0.000368,0.00035,0.00033,0.000301,0.000264,0.000217,0.000154,7.3e-5,-3.1e-5,-0.000158,-0.000305,-0.00046899999999999996]},"efficiency":{"unit":"%","value":6.912499999999999},"fill_factor":{"unit":"%","value":58.36363042239753},"jsc":{"unit":"mA\/cm2","value":11.19375},"isc":{"unit":"mA","value":0.44775},"voc":{"unit":"V","value":1.0580769230769231},"sweep_direction":{"unit":"","value":"Forward"},"key":"forward_8_CsPbI2Br_721100408_ 40 uL TBAI"},{"V":{"unit":"V","value":[-0.05,-0.01,0.03,0.07,0.11,0.15,0.19,0.23,0.27,0.31,0.35,0.39,0.43,0.47,0.51,0.55,0.59,0.63,0.67,0.71,0.75,0.79,0.83,0.87,0.91,0.95,0.99,1.03,1.07,1.11,1.15,1.19]},"J":{"unit":"A\/cm2","value":[0.013600000000000001,0.013475,0.013450000000000002,0.013375,0.013349999999999999,0.013275,0.013275,0.013200000000000002,0.01315,0.013099999999999999,0.013025,0.012975,0.0129,0.01275,0.012675,0.012549999999999999,0.012375,0.012174999999999998,0.011924999999999998,0.0116,0.0112,0.0107,0.010075,0.009325,0.008325,0.0070999999999999995,0.005399999999999999,0.0032,0.00042500000000000003,-0.0029749999999999998,-0.006975,-0.011474999999999999]},"I":{"unit":"A","value":[0.000544,0.000539,0.0005380000000000001,0.000535,0.0005340000000000001,0.000531,0.000531,0.000528,0.000526,0.000524,0.000521,0.000519,0.000516,0.00051,0.000507,0.000502,0.000495,0.00048699999999999997,0.000477,0.000464,0.000448,0.000428,0.00040300000000000004,0.000373,0.000333,0.00028399999999999996,0.000216,0.000128,1.7e-5,-0.00011899999999999999,-0.000279,-0.00045900000000000004]},"efficiency":{"unit":"%","value":8.453000000000001},"fill_factor":{"unit":"%","value":58.38148168132522},"jsc":{"unit":"mA\/cm2","value":13.468749999999998},"isc":{"unit":"mA","value":0.53875},"voc":{"unit":"V","value":1.075},"sweep_direction":{"unit":"","value":"Forward"},"key":"forward_7_CsPbI2Br_721100408_ 40 uL TBAI"},{"V":{"unit":"V","value":[-0.05,-0.01,0.03,0.07,0.11,0.15,0.19,0.23,0.27,0.31,0.35,0.39,0.43,0.47,0.51,0.55,0.59,0.63,0.67,0.71,0.75,0.79,0.83,0.87,0.91,0.95,0.99,1.03,1.07,1.11,1.15,1.19]},"J":{"unit":"A\/cm2","value":[0.014000000000000002,0.01395,0.013875000000000002,0.013800000000000002,0.01375,0.0137,0.013625,0.013625,0.0135,0.013475,0.0134,0.013325000000000002,0.01325,0.013099999999999999,0.013025,0.012875,0.012675,0.0125,0.012275000000000001,0.011924999999999998,0.011575,0.0111,0.010524999999999998,0.009800000000000001,0.008875,0.007625,0.006,0.003825,0.0010249999999999999,-0.0024,-0.006475,-0.01115]},"I":{"unit":"A","value":[0.0005600000000000001,0.000558,0.000555,0.0005520000000000001,0.00055,0.0005480000000000001,0.000545,0.000545,0.00054,0.000539,0.000536,0.000533,0.00053,0.000524,0.000521,0.000515,0.000507,0.0005,0.000491,0.000477,0.00046300000000000003,0.000444,0.000421,0.00039200000000000004,0.00035499999999999996,0.000305,0.00023999999999999998,0.000153,4.1e-5,-9.6e-5,-0.000259,-0.000446]},"efficiency":{"unit":"%","value":8.769},"fill_factor":{"unit":"%","value":58.1760784434433},"jsc":{"unit":"mA\/cm2","value":13.93125},"isc":{"unit":"mA","value":0.55725},"voc":{"unit":"V","value":1.0819708029197082},"sweep_direction":{"unit":"","value":"Forward"},"key":"forward_6_CsPbI2Br_721100408_ 40 uL TBAI"},{"V":{"unit":"V","value":[-0.05,-0.01,0.03,0.07,0.11,0.15,0.19,0.23,0.27,0.31,0.35,0.39,0.43,0.47,0.51,0.55,0.59,0.63,0.67,0.71,0.75,0.79,0.83,0.87,0.91,0.95,0.99,1.03,1.07,1.11,1.15,1.19]},"J":{"unit":"A\/cm2","value":[0.014199999999999999,0.014124999999999999,0.014074999999999997,0.01405,0.01395,0.013900000000000001,0.013850000000000001,0.013825,0.013725000000000001,0.013675000000000001,0.013600000000000001,0.013550000000000001,0.013450000000000002,0.013375,0.01325,0.013099999999999999,0.012925,0.01275,0.012475,0.012174999999999998,0.011824999999999999,0.011349999999999999,0.010775,0.010025000000000001,0.009025,0.0076749999999999995,0.00585,0.0034750000000000002,0.00044999999999999993,-0.00325,-0.0076,-0.0126]},"I":{"unit":"A","value":[0.0005679999999999999,0.000565,0.0005629999999999999,0.0005620000000000001,0.000558,0.0005560000000000001,0.000554,0.000553,0.000549,0.0005470000000000001,0.000544,0.0005420000000000001,0.0005380000000000001,0.000535,0.00053,0.000524,0.000517,0.00051,0.000499,0.00048699999999999997,0.00047299999999999995,0.00045400000000000003,0.000431,0.00040100000000000004,0.000361,0.000307,0.00023400000000000002,0.00013900000000000002,1.7999999999999997e-5,-0.00013000000000000002,-0.000304,-0.000504]},"efficiency":{"unit":"%","value":8.9665},"fill_factor":{"unit":"%","value":59.110567784245696},"jsc":{"unit":"mA\/cm2","value":14.112499999999997},"isc":{"unit":"mA","value":0.5644999999999999},"voc":{"unit":"V","value":1.0748648648648649},"sweep_direction":{"unit":"","value":"Forward"},"key":"forward_5_CsPbI2Br_721100408_ 40 uL TBAI"},{"V":{"unit":"V","value":[-0.05,-0.01,0.03,0.07,0.11,0.15,0.19,0.23,0.27,0.31,0.35,0.39,0.43,0.47,0.51,0.55,0.59,0.63,0.67,0.71,0.75,0.79,0.83,0.87,0.91,0.95,0.99,1.03,1.07,1.11,1.15,1.19]},"J":{"unit":"A\/cm2","value":[0.012975,0.0128,0.012725,0.012675,0.0126,0.012549999999999999,0.012525,0.01245,0.0124,0.01235,0.012275000000000001,0.012174999999999998,0.012125,0.012,0.011875,0.011749999999999998,0.0116,0.011375,0.01115,0.010799999999999999,0.01045,0.009925000000000002,0.009325,0.008525,0.0075,0.006149999999999999,0.004425,0.002275,-0.000375,-0.0035000000000000005,-0.0070999999999999995,-0.011075]},"I":{"unit":"A","value":[0.000519,0.000512,0.000509,0.000507,0.000504,0.000502,0.000501,0.000498,0.000496,0.000494,0.000491,0.00048699999999999997,0.00048499999999999997,0.00047999999999999996,0.000475,0.00047,0.000464,0.000455,0.000446,0.000432,0.00041799999999999997,0.000397,0.000373,0.00034100000000000005,0.0003,0.000246,0.000177,9.1e-5,-1.4999999999999999e-5,-0.00014000000000000001,-0.00028399999999999996,-0.000443]},"efficiency":{"unit":"%","value":7.840750000000001},"fill_factor":{"unit":"%","value":57.637355564330136},"jsc":{"unit":"mA\/cm2","value":12.78125},"isc":{"unit":"mA","value":0.51125},"voc":{"unit":"V","value":1.0643396226415096},"sweep_direction":{"unit":"","value":"Forward"},"key":"forward_4_CsPbI2Br_721100408_ 40 uL TBAI"},{"V":{"unit":"V","value":[-0.05,-0.01,0.03,0.07,0.11,0.15,0.19,0.23,0.27,0.31,0.35,0.39,0.43,0.47,0.51,0.55,0.59,0.63,0.67,0.71,0.75,0.79,0.83,0.87,0.91,0.95,0.99,1.03,1.07,1.11,1.15,1.19]},"J":{"unit":"A\/cm2","value":[0.01295,0.012825,0.0128,0.012725,0.0127,0.012625,0.0126,0.012525,0.012475,0.012424999999999999,0.012325,0.012299999999999998,0.012174999999999998,0.0121,0.012,0.01185,0.011749999999999998,0.0116,0.011425000000000001,0.011175000000000001,0.010799999999999999,0.010375,0.009800000000000001,0.009,0.007975,0.006575,0.0048,0.0025749999999999996,-0.000125,-0.003375,-0.007174999999999999,-0.011474999999999999]},"I":{"unit":"A","value":[0.000518,0.000513,0.000512,0.000509,0.000508,0.000505,0.000504,0.000501,0.000499,0.000497,0.000493,0.000492,0.00048699999999999997,0.000484,0.00047999999999999996,0.000474,0.00047,0.000464,0.000457,0.000447,0.000432,0.000415,0.00039200000000000004,0.00035999999999999997,0.000319,0.000263,0.000192,0.000103,-5.0e-6,-0.000135,-0.000287,-0.00045900000000000004]},"efficiency":{"unit":"%","value":8.19625},"fill_factor":{"unit":"%","value":59.8601811910025},"jsc":{"unit":"mA\/cm2","value":12.818750000000001},"isc":{"unit":"mA","value":0.51275},"voc":{"unit":"V","value":1.0681481481481483},"sweep_direction":{"unit":"","value":"Forward"},"key":"forward_3_CsPbI2Br_721100408_ 40 uL TBAI"},{"V":{"unit":"V","value":[-0.05,-0.01,0.03,0.07,0.11,0.15,0.19,0.23,0.27,0.31,0.35,0.39,0.43,0.47,0.51,0.55,0.59,0.63,0.67,0.71,0.75,0.79,0.83,0.87,0.91,0.95,0.99,1.03,1.07,1.11,1.15,1.19]},"J":{"unit":"A\/cm2","value":[0.013349999999999999,0.013224999999999999,0.013125,0.01305,0.013,0.01295,0.012875,0.012825,0.012725,0.012675,0.012575,0.0125,0.01245,0.012325,0.012199999999999999,0.012049999999999998,0.011949999999999999,0.011749999999999998,0.011575,0.011300000000000001,0.011,0.010575,0.01,0.009275,0.008225,0.00685,0.0050750000000000005,0.0028,7.5e-5,-0.0032749999999999997,-0.007374999999999999,-0.012174999999999998]},"I":{"unit":"A","value":[0.0005340000000000001,0.0005290000000000001,0.0005250000000000001,0.000522,0.0005200000000000001,0.000518,0.000515,0.000513,0.000509,0.000507,0.000503,0.0005,0.000498,0.000493,0.000488,0.000482,0.00047799999999999996,0.00047,0.00046300000000000003,0.00045200000000000004,0.00044,0.000423,0.0004,0.000371,0.00032900000000000003,0.00027400000000000005,0.000203,0.000112,3.0e-6,-0.000131,-0.00029499999999999996,-0.00048699999999999997]},"efficiency":{"unit":"%","value":8.35425},"fill_factor":{"unit":"%","value":59.099857459613546},"jsc":{"unit":"mA\/cm2","value":13.200000000000001},"isc":{"unit":"mA","value":0.528},"voc":{"unit":"V","value":1.0708955223880599},"sweep_direction":{"unit":"","value":"Forward"},"key":"forward_2_CsPbI2Br_721100408_ 40 uL TBAI"},{"V":{"unit":"V","value":[-0.05,-0.01,0.03,0.07,0.11,0.15,0.19,0.23,0.27,0.31,0.35,0.39,0.43,0.47,0.51,0.55,0.59,0.63,0.67,0.71,0.75,0.79,0.83,0.87,0.91,0.95,0.99,1.03,1.07,1.11,1.15,1.19]},"J":{"unit":"A\/cm2","value":[0.0134,0.013325000000000002,0.013224999999999999,0.013224999999999999,0.01315,0.013099999999999999,0.01305,0.013,0.012925,0.01285,0.0128,0.01275,0.01265,0.012525,0.01245,0.012325,0.012199999999999999,0.011975,0.011774999999999999,0.011450000000000002,0.011075,0.0105,0.009800000000000001,0.008774999999999998,0.007475,0.00585,0.003925,0.0017250000000000002,-0.0009249999999999999,-0.004200000000000001,-0.0083,-0.013175000000000001]},"I":{"unit":"A","value":[0.000536,0.000533,0.0005290000000000001,0.0005290000000000001,0.000526,0.000524,0.000522,0.0005200000000000001,0.000517,0.000514,0.000512,0.00051,0.000506,0.000501,0.000498,0.000493,0.000488,0.000479,0.00047099999999999996,0.000458,0.000443,0.00041999999999999996,0.00039200000000000004,0.00035099999999999997,0.000299,0.00023400000000000002,0.000157,6.900000000000001e-5,-3.7e-5,-0.00016800000000000002,-0.000332,-0.000527]},"efficiency":{"unit":"%","value":8.30625},"fill_factor":{"unit":"%","value":59.1389922904456},"jsc":{"unit":"mA\/cm2","value":13.3},"isc":{"unit":"mA","value":0.532},"voc":{"unit":"V","value":1.0560377358490567},"sweep_direction":{"unit":"","value":"Forward"},"key":"forward_1_CsPbI2Br_721100408_ 40 uL TBAI"}]}}