{"_id":"65311afe26db9e48202e736a","id":"CAU-SC-00438","author":70,"group":7,"input":[{"tco":{"unit":"","value":"ITO"}},[],{"etl":[{"material":{"unit":"","value":"SnO2"},"concentration":{"unit":"","value":"1.5"},"conc_unit":{"unit":"","value":"wt%"},"quantity":{"unit":"ml","value":"0.3"}}],"solvent":[{"material":{"unit":"","value":"DI Water"},"volume":{"unit":"ml","value":"2.7"}}],"spin_coating":[{"type":{"unit":"","value":"drop&run"},"rpm":{"unit":"","value":"3000"},"time":{"unit":"s","value":"30"}}],"vacuum_suction":[{"unit":"s","value":"0"}],"annealing":[{"temperature":{"unit":"oC","value":"170"},"time":{"unit":"m","value":"30"}}]},{"etl":[{"material":{"unit":"","value":"ZnO"},"concentration":{"unit":"","value":"109.75"},"conc_unit":{"unit":"","value":"mg\/ml"},"quantity":{"unit":"ml","value":"1"}}],"solvent":[{"material":{"unit":"","value":"2-ME"},"volume":{"unit":"ml","value":"2"}},{"material":{"unit":"","value":"Ethanolamine"},"volume":{"unit":"ml","value":"0.067"}}],"spin_coating":[{"type":{"unit":"","value":"drop&run"},"rpm":{"unit":"","value":"5000"},"time":{"unit":"s","value":"30"}}],"vacuum_suction":[{"unit":"s","value":"0"}],"annealing":[{"temperature":{"unit":"oC","value":"170"},"time":{"unit":"m","value":"30"}}],"etl_doping":[]},[],{"perovskite":{"method":{"unit":"","value":"1step"},"molarity":{"unit":"M","value":"1.2"},"a_site":[{"material":{"unit":"","value":"Cs"},"ratio":{"unit":"","value":"105"}}],"b_site":[{"material":{"unit":"","value":"Pb"},"ratio":{"unit":"","value":"100"}}],"x_site":[{"material":{"unit":"","value":"I"},"ratio":{"unit":"","value":"67"}},{"material":{"unit":"","value":"Br"},"ratio":{"unit":"","value":"33"}}],"solvent":[{"material":{"unit":"","value":"DMSO"},"volume":{"unit":"ml","value":"0.7"}},{"material":{"unit":"","value":"DMF"},"volume":{"unit":"ml","value":"0.3"}}],"stirring_time":[{"unit":"m","value":"120"}],"spin_coating":[{"type":{"unit":"","value":"drop&run"},"rpm":{"unit":"","value":"3000"},"time":{"unit":"s","value":"43"}}],"annealing":[{"temperature":{"unit":"oC","value":"235"},"time":{"unit":"m","value":"10"}}],"atmosphere":[{"type":{"unit":"","value":"air"},"temperature":{"unit":"oC","value":"20"},"humidity":{"unit":"RH%","value":"38"}}],"assist":[{"type":{"unit":"","value":"hot air assist"},"temperature":{"unit":"oC","value":"230"},"assist_start_time":{"value":8,"unit":"s"},"total_assist_time":{"value":"0.233","unit":"s"}}],"additive":[{"material":{"unit":"","value":"CH2I2"},"solvent":{"unit":"","value":null},"concentration":{"unit":"","value":"100 uL"},"conc_unit":{"unit":"","value":null},"quantity":{"unit":"mol%","value":null}},{"material":{"unit":"","value":"4M-PEAI"},"solvent":{"unit":"","value":null},"concentration":{"unit":"","value":"0.8 mg"},"conc_unit":{"unit":"","value":null},"quantity":{"unit":"mol%","value":null}}]}},[],{"htl":[{"material":{"unit":"","value":"P3HT"},"concentration":{"unit":"","value":"10"},"conc_unit":{"unit":"","value":"mg\/ml"},"quantity":{"unit":"ml","value":"0.1"}}],"solvent":[{"material":{"unit":"","value":"CB"},"volume":{"unit":"ml","value":"1"}}],"spin_coating":[{"type":{"unit":"","value":"drop&run"},"rpm":{"unit":"","value":"3000"},"time":{"unit":"s","value":"30"}}],"vacuum_suction":[{"unit":"s","value":"0"}],"annealing":[{"temperature":{"unit":"oC","value":"100"},"time":{"unit":"m","value":"5"}}]},{"anode_metal":{"unit":"","value":"Au"}},{"note":{"unit":"","value":"CsPbI2Br+100uL Ch2I2_722043004_0.8 mg 4M-PEAI"},"ar":{"unit":"","value":"0"},"type":{"unit":"","value":"unit_cell"},"device_type":{"unit":"","value":"n-i-p"},"temperature":{"unit":"\u2103","value":"20"},"humidity":{"unit":"%","value":"38"},"cell_dimension":{"unit":"cm2","value":"0.04"}}],"fileinfo":[{"key":"CsPbI2Br+100uL Ch2I2_722043004_0.8 mg 4M","uploadType":"JV","original_name":"CsPbI2Br+100uL Ch2I2_722043004_0.8 mg 4M-PEAI.xlsx","save_name":"CAU-SC-00438\/CsPbI2Br+100uL Ch2I2_722043004_0.8 mg 4M","uploader":70,"fileType":"group"}],"jvcnt":16,"updated_at":"2024-06-03 08:38:35","created_at":"2023-10-19 12:03:10","analysisInfo":{"JV":[{"efficiency":14.654474999999998,"fill_factor":76.39550492948182,"jsc":15.825,"voc":1.2121566265060242,"key":"reverse_8_CsPbI2Br+100uL Ch2I2_722043004_0.8 mg 4M","cell_dimension":null},{"efficiency":14.478124999999997,"fill_factor":75.27324310990137,"jsc":15.840625,"voc":1.2142255892255893,"key":"reverse_7_CsPbI2Br+100uL Ch2I2_722043004_0.8 mg 4M","cell_dimension":null},{"efficiency":14.458224999999999,"fill_factor":76.65789456665654,"jsc":15.481875,"voc":1.2182447129909368,"key":"reverse_6_CsPbI2Br+100uL Ch2I2_722043004_0.8 mg 4M","cell_dimension":null},{"efficiency":14.4184,"fill_factor":78.04656660638364,"jsc":15.129999999999999,"voc":1.2210243902439024,"key":"reverse_5_CsPbI2Br+100uL Ch2I2_722043004_0.8 mg 4M","cell_dimension":null},{"efficiency":14.1658,"fill_factor":77.82878543910009,"jsc":14.878749999999998,"voc":1.2233040293040292,"key":"reverse_4_CsPbI2Br+100uL Ch2I2_722043004_0.8 mg 4M","cell_dimension":null},{"efficiency":14.56985,"fill_factor":80.19350705123887,"jsc":14.819374999999999,"voc":1.225987341772152,"key":"reverse_3_CsPbI2Br+100uL Ch2I2_722043004_0.8 mg 4M","cell_dimension":null},{"efficiency":14.447125,"fill_factor":79.77216749719976,"jsc":14.674999999999999,"voc":1.2341044776119403,"key":"reverse_2_CsPbI2Br+100uL Ch2I2_722043004_0.8 mg 4M","cell_dimension":null},{"efficiency":14.947649999999998,"fill_factor":79.64076432279626,"jsc":15,"voc":1.2512561983471073,"key":"reverse_1_CsPbI2Br+100uL Ch2I2_722043004_0.8 mg 4M","cell_dimension":null},{"efficiency":12.32625,"fill_factor":66.37065106016475,"jsc":16.15625,"voc":1.1495141700404856,"key":"forward_8_CsPbI2Br+100uL Ch2I2_722043004_0.8 mg 4M","cell_dimension":null},{"efficiency":12.2075,"fill_factor":65.830139904214,"jsc":16.15625,"voc":1.147787234042553,"key":"forward_7_CsPbI2Br+100uL Ch2I2_722043004_0.8 mg 4M","cell_dimension":null},{"efficiency":12.397499999999999,"fill_factor":67.91213140005298,"jsc":15.825,"voc":1.1535675675675676,"key":"forward_6_CsPbI2Br+100uL Ch2I2_722043004_0.8 mg 4M","cell_dimension":null},{"efficiency":12.20175,"fill_factor":68.24156518972802,"jsc":15.487499999999999,"voc":1.1544943820224718,"key":"forward_5_CsPbI2Br+100uL Ch2I2_722043004_0.8 mg 4M","cell_dimension":null},{"efficiency":12.065,"fill_factor":69.08836636730527,"jsc":15.16875,"voc":1.15125786163522,"key":"forward_4_CsPbI2Br+100uL Ch2I2_722043004_0.8 mg 4M","cell_dimension":null},{"efficiency":12.573,"fill_factor":72.72585202497648,"jsc":14.987499999999997,"voc":1.1535087719298245,"key":"forward_3_CsPbI2Br+100uL Ch2I2_722043004_0.8 mg 4M","cell_dimension":null},{"efficiency":12.350249999999999,"fill_factor":71.92128569353909,"jsc":14.856249999999998,"voc":1.1558703071672354,"key":"forward_2_CsPbI2Br+100uL Ch2I2_722043004_0.8 mg 4M","cell_dimension":null},{"efficiency":12.825,"fill_factor":72.66507991900035,"jsc":15.14375,"voc":1.1654621848739495,"key":"forward_1_CsPbI2Br+100uL Ch2I2_722043004_0.8 mg 4M","cell_dimension":null}]},"public":2,"analysis":{"JV":[{"V":{"unit":"V","value":[1.263,1.223,1.183,1.143,1.103,1.063,1.023,0.983,0.943,0.903,0.863,0.823,0.783,0.743,0.703,0.663,0.623,0.583,0.543,0.503,0.463,0.423,0.383,0.343,0.303,0.263,0.223,0.183,0.143,0.103,0.063,0.023,-0.017]},"J":{"unit":"A\/cm2","value":[-0.016050000000000002,-0.00225,0.00605,0.010399999999999998,0.012625,0.013725000000000001,0.014325,0.014749999999999997,0.01495,0.015075,0.015149999999999999,0.015224999999999999,0.0153,0.015375,0.015425,0.015475,0.0155,0.0155,0.01555,0.0156,0.01555,0.01565,0.015625,0.0156,0.0157,0.015725,0.015674999999999998,0.01575,0.01575,0.015775,0.015825,0.015825,0.015825]},"I":{"unit":"A","value":[-0.000642,-8.999999999999999e-5,0.000242,0.000416,0.000505,0.000549,0.0005729999999999999,0.0005899999999999999,0.000598,0.000603,0.000606,0.000609,0.000612,0.000615,0.000617,0.000619,0.00062,0.00062,0.000622,0.000624,0.000622,0.000626,0.000625,0.000624,0.000628,0.000629,0.000627,0.00063,0.00063,0.000631,0.000633,0.000633,0.000633]},"efficiency":{"unit":"%","value":14.654474999999998},"fill_factor":{"unit":"%","value":76.39550492948182},"jsc":{"unit":"mA\/cm2","value":15.825},"isc":{"unit":"mA","value":0.633},"voc":{"unit":"V","value":1.2121566265060242},"sweep_direction":{"unit":"","value":"Reverse"},"key":"reverse_8_CsPbI2Br+100uL Ch2I2_722043004_0.8 mg 4M"},{"V":{"unit":"V","value":[1.265,1.225,1.185,1.145,1.105,1.065,1.025,0.985,0.945,0.905,0.865,0.825,0.785,0.745,0.705,0.665,0.625,0.585,0.545,0.505,0.465,0.425,0.385,0.345,0.305,0.265,0.225,0.185,0.145,0.105,0.065,0.025,-0.015]},"J":{"unit":"A\/cm2","value":[-0.013300000000000001,-0.002,0.005425,0.00985,0.012225,0.013425000000000001,0.014124999999999999,0.014524999999999998,0.014725,0.014924999999999999,0.015099999999999999,0.015149999999999999,0.015224999999999999,0.0153,0.015325,0.015425,0.015425,0.015449999999999998,0.01555,0.01555,0.01555,0.015625,0.015574999999999999,0.015625,0.0157,0.015674999999999998,0.01575,0.01575,0.015725,0.0158,0.015825,0.015825,0.01585]},"I":{"unit":"A","value":[-0.000532,-8.0e-5,0.000217,0.00039400000000000004,0.000489,0.000537,0.000565,0.0005809999999999999,0.000589,0.000597,0.0006039999999999999,0.000606,0.000609,0.000612,0.0006129999999999999,0.000617,0.000617,0.000618,0.000622,0.000622,0.000622,0.000625,0.000623,0.000625,0.000628,0.000627,0.00063,0.00063,0.000629,0.000632,0.000633,0.000633,0.000634]},"efficiency":{"unit":"%","value":14.478124999999997},"fill_factor":{"unit":"%","value":75.27324310990137},"jsc":{"unit":"mA\/cm2","value":15.840625},"isc":{"unit":"mA","value":0.633625},"voc":{"unit":"V","value":1.2142255892255893},"sweep_direction":{"unit":"","value":"Reverse"},"key":"reverse_7_CsPbI2Br+100uL Ch2I2_722043004_0.8 mg 4M"},{"V":{"unit":"V","value":[1.269,1.229,1.189,1.149,1.109,1.069,1.029,0.989,0.949,0.909,0.869,0.829,0.789,0.749,0.709,0.669,0.629,0.589,0.549,0.509,0.469,0.429,0.389,0.349,0.309,0.269,0.229,0.189,0.149,0.109,0.069,0.029,-0.011]},"J":{"unit":"A\/cm2","value":[-0.016225,-0.0022249999999999995,0.00605,0.01035,0.0125,0.013525,0.01405,0.014399999999999998,0.014549999999999999,0.014649999999999998,0.014799999999999999,0.014825,0.014899999999999998,0.014975,0.015024999999999998,0.015024999999999998,0.015125,0.015125,0.015149999999999999,0.015224999999999999,0.0152,0.01525,0.015274999999999999,0.015274999999999999,0.015349999999999999,0.015325,0.015349999999999999,0.0154,0.015425,0.015449999999999998,0.015475,0.0155,0.015475]},"I":{"unit":"A","value":[-0.0006490000000000001,-8.9e-5,0.000242,0.000414,0.0005,0.000541,0.0005620000000000001,0.0005759999999999999,0.0005819999999999999,0.0005859999999999999,0.000592,0.000593,0.000596,0.0005989999999999999,0.000601,0.000601,0.000605,0.000605,0.000606,0.000609,0.000608,0.00061,0.000611,0.000611,0.000614,0.0006129999999999999,0.000614,0.000616,0.000617,0.000618,0.000619,0.00062,0.000619]},"efficiency":{"unit":"%","value":14.458224999999999},"fill_factor":{"unit":"%","value":76.65789456665654},"jsc":{"unit":"mA\/cm2","value":15.481875},"isc":{"unit":"mA","value":0.619275},"voc":{"unit":"V","value":1.2182447129909368},"sweep_direction":{"unit":"","value":"Reverse"},"key":"reverse_6_CsPbI2Br+100uL Ch2I2_722043004_0.8 mg 4M"},{"V":{"unit":"V","value":[1.272,1.232,1.192,1.152,1.112,1.072,1.032,0.992,0.952,0.912,0.872,0.832,0.792,0.752,0.712,0.672,0.632,0.592,0.552,0.512,0.472,0.432,0.392,0.352,0.312,0.272,0.232,0.192,0.152,0.112,0.072,0.032,-0.008,-0.048]},"J":{"unit":"A\/cm2","value":[-0.01565,-0.00225,0.0059499999999999996,0.010225,0.012424999999999999,0.013450000000000002,0.01395,0.014249999999999999,0.014399999999999998,0.014499999999999999,0.0146,0.014674999999999999,0.014674999999999999,0.014749999999999997,0.014774999999999998,0.014774999999999998,0.014874999999999998,0.01485,0.01485,0.01495,0.014899999999999998,0.014924999999999999,0.015,0.014924999999999999,0.015,0.015024999999999998,0.015,0.01505,0.015075,0.015075,0.015099999999999999,0.015149999999999999,0.015125,0.0152]},"I":{"unit":"A","value":[-0.000626,-8.999999999999999e-5,0.00023799999999999998,0.00040899999999999997,0.000497,0.0005380000000000001,0.000558,0.00057,0.0005759999999999999,0.00058,0.000584,0.000587,0.000587,0.0005899999999999999,0.0005909999999999999,0.0005909999999999999,0.0005949999999999999,0.000594,0.000594,0.000598,0.000596,0.000597,0.0006,0.000597,0.0006,0.000601,0.0006,0.000602,0.000603,0.000603,0.0006039999999999999,0.000606,0.000605,0.000608]},"efficiency":{"unit":"%","value":14.4184},"fill_factor":{"unit":"%","value":78.04656660638364},"jsc":{"unit":"mA\/cm2","value":15.129999999999999},"isc":{"unit":"mA","value":0.6052},"voc":{"unit":"V","value":1.2210243902439024},"sweep_direction":{"unit":"","value":"Reverse"},"key":"reverse_5_CsPbI2Br+100uL Ch2I2_722043004_0.8 mg 4M"},{"V":{"unit":"V","value":[1.274,1.234,1.194,1.154,1.114,1.074,1.034,0.994,0.954,0.914,0.874,0.834,0.794,0.754,0.714,0.674,0.634,0.594,0.554,0.514,0.474,0.434,0.394,0.354,0.314,0.274,0.234,0.194,0.154,0.114,0.074,0.034,-0.006,-0.046]},"J":{"unit":"A\/cm2","value":[-0.01115,-0.001825,0.005,0.0093,0.011749999999999998,0.01305,0.0137,0.014099999999999998,0.014274999999999998,0.014399999999999998,0.014499999999999999,0.014549999999999999,0.014549999999999999,0.014624999999999997,0.0147,0.014674999999999999,0.0147,0.014749999999999997,0.014725,0.014749999999999997,0.014749999999999997,0.014749999999999997,0.014799999999999999,0.014774999999999998,0.014749999999999997,0.01485,0.01485,0.014799999999999999,0.01485,0.014874999999999998,0.014899999999999998,0.014899999999999998,0.014874999999999998,0.014899999999999998]},"I":{"unit":"A","value":[-0.000446,-7.3e-5,0.0002,0.000372,0.00047,0.000522,0.0005480000000000001,0.0005639999999999999,0.000571,0.0005759999999999999,0.00058,0.0005819999999999999,0.0005819999999999999,0.000585,0.000588,0.000587,0.000588,0.0005899999999999999,0.000589,0.0005899999999999999,0.0005899999999999999,0.0005899999999999999,0.000592,0.0005909999999999999,0.0005899999999999999,0.000594,0.000594,0.000592,0.000594,0.0005949999999999999,0.000596,0.000596,0.0005949999999999999,0.000596]},"efficiency":{"unit":"%","value":14.1658},"fill_factor":{"unit":"%","value":77.82878543910009},"jsc":{"unit":"mA\/cm2","value":14.878749999999998},"isc":{"unit":"mA","value":0.59515},"voc":{"unit":"V","value":1.2233040293040292},"sweep_direction":{"unit":"","value":"Reverse"},"key":"reverse_4_CsPbI2Br+100uL Ch2I2_722043004_0.8 mg 4M"},{"V":{"unit":"V","value":[1.277,1.237,1.197,1.157,1.117,1.077,1.037,0.997,0.957,0.917,0.877,0.837,0.797,0.757,0.717,0.677,0.637,0.597,0.557,0.517,0.477,0.437,0.397,0.357,0.317,0.277,0.237,0.197,0.157,0.117,0.077,0.037,-0.003,-0.043]},"J":{"unit":"A\/cm2","value":[-0.014199999999999999,-0.002175,0.005725000000000001,0.01025,0.012424999999999999,0.013525,0.01405,0.014274999999999998,0.014399999999999998,0.014524999999999998,0.014549999999999999,0.014575,0.014649999999999998,0.014624999999999997,0.014649999999999998,0.0147,0.0147,0.0147,0.014725,0.0147,0.014725,0.014749999999999997,0.014725,0.014749999999999997,0.014749999999999997,0.0147,0.014774999999999998,0.014774999999999998,0.014749999999999997,0.014799999999999999,0.014774999999999998,0.014749999999999997,0.014825,0.014825]},"I":{"unit":"A","value":[-0.0005679999999999999,-8.7e-5,0.000229,0.00041,0.000497,0.000541,0.0005620000000000001,0.000571,0.0005759999999999999,0.0005809999999999999,0.0005819999999999999,0.000583,0.0005859999999999999,0.000585,0.0005859999999999999,0.000588,0.000588,0.000588,0.000589,0.000588,0.000589,0.0005899999999999999,0.000589,0.0005899999999999999,0.0005899999999999999,0.000588,0.0005909999999999999,0.0005909999999999999,0.0005899999999999999,0.000592,0.0005909999999999999,0.0005899999999999999,0.000593,0.000593]},"efficiency":{"unit":"%","value":14.56985},"fill_factor":{"unit":"%","value":80.19350705123887},"jsc":{"unit":"mA\/cm2","value":14.819374999999999},"isc":{"unit":"mA","value":0.5927749999999999},"voc":{"unit":"V","value":1.225987341772152},"sweep_direction":{"unit":"","value":"Reverse"},"key":"reverse_3_CsPbI2Br+100uL Ch2I2_722043004_0.8 mg 4M"},{"V":{"unit":"V","value":[1.285,1.245,1.205,1.165,1.125,1.085,1.045,1.005,0.965,0.925,0.885,0.845,0.805,0.765,0.725,0.685,0.645,0.605,0.565,0.525,0.485,0.445,0.405,0.365,0.325,0.285,0.245,0.205,0.165,0.125,0.085,0.045,0.005,-0.035]},"J":{"unit":"A\/cm2","value":[-0.010575,-0.001825,0.004875,0.009325,0.011824999999999999,0.01315,0.013825,0.014099999999999998,0.014299999999999998,0.014399999999999998,0.01445,0.014524999999999998,0.014524999999999998,0.014524999999999998,0.014549999999999999,0.014575,0.014549999999999999,0.014624999999999997,0.014624999999999997,0.0146,0.014624999999999997,0.014624999999999997,0.014624999999999997,0.014674999999999999,0.014624999999999997,0.014624999999999997,0.014649999999999998,0.014649999999999998,0.014649999999999998,0.014674999999999999,0.014624999999999997,0.014624999999999997,0.014674999999999999,0.014674999999999999]},"I":{"unit":"A","value":[-0.000423,-7.3e-5,0.000195,0.000373,0.00047299999999999995,0.000526,0.000553,0.0005639999999999999,0.0005719999999999999,0.0005759999999999999,0.000578,0.0005809999999999999,0.0005809999999999999,0.0005809999999999999,0.0005819999999999999,0.000583,0.0005819999999999999,0.000585,0.000585,0.000584,0.000585,0.000585,0.000585,0.000587,0.000585,0.000585,0.0005859999999999999,0.0005859999999999999,0.0005859999999999999,0.000587,0.000585,0.000585,0.000587,0.000587]},"efficiency":{"unit":"%","value":14.447125},"fill_factor":{"unit":"%","value":79.77216749719976},"jsc":{"unit":"mA\/cm2","value":14.674999999999999},"isc":{"unit":"mA","value":0.587},"voc":{"unit":"V","value":1.2341044776119403},"sweep_direction":{"unit":"","value":"Reverse"},"key":"reverse_2_CsPbI2Br+100uL Ch2I2_722043004_0.8 mg 4M"},{"V":{"unit":"V","value":[1.302,1.262,1.222,1.182,1.142,1.102,1.062,1.022,0.982,0.942,0.902,0.862,0.822,0.782,0.742,0.702,0.662,0.622,0.582,0.542,0.502,0.462,0.422,0.382,0.342,0.302,0.262,0.222,0.182,0.142,0.102,0.062,0.022,-0.018]},"J":{"unit":"A\/cm2","value":[-0.00895,-0.001625,0.004425,0.008899999999999998,0.0117,0.013300000000000001,0.014074999999999997,0.014424999999999999,0.014649999999999998,0.014749999999999997,0.014774999999999998,0.014874999999999998,0.014874999999999998,0.014825,0.014924999999999999,0.014924999999999999,0.014899999999999998,0.01495,0.01495,0.014899999999999998,0.015,0.01495,0.01495,0.015024999999999998,0.014975,0.014899999999999998,0.01505,0.014975,0.01495,0.015024999999999998,0.015,0.015,0.015,0.015]},"I":{"unit":"A","value":[-0.000358,-6.500000000000001e-5,0.000177,0.000356,0.00046800000000000005,0.000532,0.0005629999999999999,0.0005769999999999999,0.0005859999999999999,0.0005899999999999999,0.0005909999999999999,0.0005949999999999999,0.0005949999999999999,0.000593,0.000597,0.000597,0.000596,0.000598,0.000598,0.000596,0.0006,0.000598,0.000598,0.000601,0.0005989999999999999,0.000596,0.000602,0.0005989999999999999,0.000598,0.000601,0.0006,0.0006,0.0006,0.0006]},"efficiency":{"unit":"%","value":14.947649999999998},"fill_factor":{"unit":"%","value":79.64076432279626},"jsc":{"unit":"mA\/cm2","value":15},"isc":{"unit":"mA","value":0.6},"voc":{"unit":"V","value":1.2512561983471073},"sweep_direction":{"unit":"","value":"Reverse"},"key":"reverse_1_CsPbI2Br+100uL Ch2I2_722043004_0.8 mg 4M"},{"V":{"unit":"V","value":[-0.05,-0.01,0.03,0.07,0.11,0.15,0.19,0.23,0.27,0.31,0.35,0.39,0.43,0.47,0.51,0.55,0.59,0.63,0.67,0.71,0.75,0.79,0.83,0.87,0.91,0.95,0.99,1.03,1.07,1.11,1.15,1.19,1.23,1.27]},"J":{"unit":"A\/cm2","value":[0.016375,0.016225,0.01595,0.015875,0.015825,0.0157,0.015674999999999998,0.01565,0.0156,0.015525,0.0155,0.0154,0.015375,0.0153,0.0152,0.015125,0.014975,0.014825,0.014774999999999998,0.014575,0.014349999999999998,0.014249999999999999,0.013975000000000001,0.013725000000000001,0.0134,0.012975,0.01235,0.011425000000000001,0.0096,0.0060999999999999995,-7.5e-5,-0.009725,-0.022725000000000002,-0.038375]},"I":{"unit":"A","value":[0.000655,0.0006490000000000001,0.000638,0.000635,0.000633,0.000628,0.000627,0.000626,0.000624,0.000621,0.00062,0.000616,0.000615,0.000612,0.000608,0.000605,0.0005989999999999999,0.000593,0.0005909999999999999,0.000583,0.000574,0.00057,0.000559,0.000549,0.000536,0.000519,0.000494,0.000457,0.000384,0.000244,-3.0e-6,-0.000389,-0.000909,-0.001535]},"efficiency":{"unit":"%","value":12.32625},"fill_factor":{"unit":"%","value":66.37065106016475},"jsc":{"unit":"mA\/cm2","value":16.15625},"isc":{"unit":"mA","value":0.64625},"voc":{"unit":"V","value":1.1495141700404856},"sweep_direction":{"unit":"","value":"Forward"},"key":"forward_8_CsPbI2Br+100uL Ch2I2_722043004_0.8 mg 4M"},{"V":{"unit":"V","value":[-0.05,-0.01,0.03,0.07,0.11,0.15,0.19,0.23,0.27,0.31,0.35,0.39,0.43,0.47,0.51,0.55,0.59,0.63,0.67,0.71,0.75,0.79,0.83,0.87,0.91,0.95,0.99,1.03,1.07,1.11,1.15,1.19,1.23,1.27]},"J":{"unit":"A\/cm2","value":[0.016399999999999998,0.016225,0.01595,0.015925,0.01585,0.01575,0.015775,0.015674999999999998,0.015574999999999999,0.0156,0.015525,0.015425,0.0154,0.015325,0.015175,0.015149999999999999,0.015,0.014825,0.014749999999999997,0.0146,0.014374999999999999,0.014174999999999998,0.013900000000000001,0.01365,0.013349999999999999,0.01285,0.012174999999999998,0.011075,0.009075,0.00555,-0.00032499999999999993,-0.008774999999999998,-0.019524999999999997,-0.032100000000000004]},"I":{"unit":"A","value":[0.000656,0.0006490000000000001,0.000638,0.000637,0.000634,0.00063,0.000631,0.000627,0.000623,0.000624,0.000621,0.000617,0.000616,0.0006129999999999999,0.000607,0.000606,0.0006,0.000593,0.0005899999999999999,0.000584,0.000575,0.0005669999999999999,0.0005560000000000001,0.000546,0.0005340000000000001,0.000514,0.00048699999999999997,0.000443,0.000363,0.000222,-1.3e-5,-0.00035099999999999997,-0.000781,-0.001284]},"efficiency":{"unit":"%","value":12.2075},"fill_factor":{"unit":"%","value":65.830139904214},"jsc":{"unit":"mA\/cm2","value":16.15625},"isc":{"unit":"mA","value":0.64625},"voc":{"unit":"V","value":1.147787234042553},"sweep_direction":{"unit":"","value":"Forward"},"key":"forward_7_CsPbI2Br+100uL Ch2I2_722043004_0.8 mg 4M"},{"V":{"unit":"V","value":[-0.05,-0.01,0.03,0.07,0.11,0.15,0.19,0.23,0.27,0.31,0.35,0.39,0.43,0.47,0.51,0.55,0.59,0.63,0.67,0.71,0.75,0.79,0.83,0.87,0.91,0.95,0.99,1.03,1.07,1.11,1.15,1.19,1.23,1.27]},"J":{"unit":"A\/cm2","value":[0.016024999999999998,0.015875,0.015674999999999998,0.015574999999999999,0.015574999999999999,0.015475,0.0154,0.0154,0.015325,0.0153,0.01525,0.0152,0.015099999999999999,0.015099999999999999,0.015024999999999998,0.014874999999999998,0.01485,0.014725,0.014575,0.014524999999999998,0.014299999999999998,0.014099999999999998,0.01395,0.01365,0.0134,0.01305,0.012424999999999999,0.011550000000000001,0.0099,0.0066749999999999995,0.0008250000000000001,-0.008425,-0.021099999999999997,-0.036525]},"I":{"unit":"A","value":[0.000641,0.000635,0.000627,0.000623,0.000623,0.000619,0.000616,0.000616,0.0006129999999999999,0.000612,0.00061,0.000608,0.0006039999999999999,0.0006039999999999999,0.000601,0.0005949999999999999,0.000594,0.000589,0.000583,0.0005809999999999999,0.0005719999999999999,0.0005639999999999999,0.000558,0.000546,0.000536,0.000522,0.000497,0.000462,0.00039600000000000003,0.00026700000000000004,3.3e-5,-0.000337,-0.000844,-0.001461]},"efficiency":{"unit":"%","value":12.397499999999999},"fill_factor":{"unit":"%","value":67.91213140005298},"jsc":{"unit":"mA\/cm2","value":15.825},"isc":{"unit":"mA","value":0.633},"voc":{"unit":"V","value":1.1535675675675676},"sweep_direction":{"unit":"","value":"Forward"},"key":"forward_6_CsPbI2Br+100uL Ch2I2_722043004_0.8 mg 4M"},{"V":{"unit":"V","value":[-0.05,-0.01,0.03,0.07,0.11,0.15,0.19,0.23,0.27,0.31,0.35,0.39,0.43,0.47,0.51,0.55,0.59,0.63,0.67,0.71,0.75,0.79,0.83,0.87,0.91,0.95,0.99,1.03,1.07,1.11,1.15,1.19,1.23,1.27]},"J":{"unit":"A\/cm2","value":[0.01575,0.015525,0.015375,0.015274999999999999,0.015175,0.015175,0.015125,0.01505,0.015024999999999998,0.014975,0.014924999999999999,0.014924999999999999,0.014825,0.014774999999999998,0.014725,0.0146,0.014549999999999999,0.014474999999999998,0.014325,0.014199999999999999,0.014074999999999997,0.013875000000000002,0.0137,0.0135,0.013175000000000001,0.012825,0.012325,0.0114,0.009825,0.0066749999999999995,0.001,-0.0079,-0.01995,-0.0345]},"I":{"unit":"A","value":[0.00063,0.000621,0.000615,0.000611,0.000607,0.000607,0.000605,0.000602,0.000601,0.0005989999999999999,0.000597,0.000597,0.000593,0.0005909999999999999,0.000589,0.000584,0.0005819999999999999,0.000579,0.0005729999999999999,0.0005679999999999999,0.0005629999999999999,0.000555,0.0005480000000000001,0.00054,0.000527,0.000513,0.000493,0.000456,0.000393,0.00026700000000000004,4.0e-5,-0.000316,-0.000798,-0.00138]},"efficiency":{"unit":"%","value":12.20175},"fill_factor":{"unit":"%","value":68.24156518972802},"jsc":{"unit":"mA\/cm2","value":15.487499999999999},"isc":{"unit":"mA","value":0.6194999999999999},"voc":{"unit":"V","value":1.1544943820224718},"sweep_direction":{"unit":"","value":"Forward"},"key":"forward_5_CsPbI2Br+100uL Ch2I2_722043004_0.8 mg 4M"},{"V":{"unit":"V","value":[-0.05,-0.01,0.03,0.07,0.11,0.15,0.19,0.23,0.27,0.31,0.35,0.39,0.43,0.47,0.51,0.55,0.59,0.63,0.67,0.71,0.75,0.79,0.83,0.87,0.91,0.95,0.99,1.03,1.07,1.11,1.15,1.19,1.23,1.27]},"J":{"unit":"A\/cm2","value":[0.015325,0.0152,0.015075,0.014975,0.014924999999999999,0.014924999999999999,0.01485,0.014799999999999999,0.01485,0.014725,0.014725,0.014725,0.014624999999999997,0.0146,0.014549999999999999,0.014424999999999999,0.014399999999999998,0.014325,0.014199999999999999,0.014074999999999997,0.013975000000000001,0.013800000000000002,0.013625,0.0134,0.013075000000000002,0.0127,0.0121,0.01105,0.0092,0.005825,0.00025,-0.0077,-0.017724999999999998,-0.029299999999999996]},"I":{"unit":"A","value":[0.0006129999999999999,0.000608,0.000603,0.0005989999999999999,0.000597,0.000597,0.000594,0.000592,0.000594,0.000589,0.000589,0.000589,0.000585,0.000584,0.0005819999999999999,0.0005769999999999999,0.0005759999999999999,0.0005729999999999999,0.0005679999999999999,0.0005629999999999999,0.000559,0.0005520000000000001,0.000545,0.000536,0.000523,0.000508,0.000484,0.000442,0.000368,0.00023300000000000003,1.0e-5,-0.000308,-0.000709,-0.0011719999999999999]},"efficiency":{"unit":"%","value":12.065},"fill_factor":{"unit":"%","value":69.08836636730527},"jsc":{"unit":"mA\/cm2","value":15.16875},"isc":{"unit":"mA","value":0.60675},"voc":{"unit":"V","value":1.15125786163522},"sweep_direction":{"unit":"","value":"Forward"},"key":"forward_4_CsPbI2Br+100uL Ch2I2_722043004_0.8 mg 4M"},{"V":{"unit":"V","value":[-0.05,-0.01,0.03,0.07,0.11,0.15,0.19,0.23,0.27,0.31,0.35,0.39,0.43,0.47,0.51,0.55,0.59,0.63,0.67,0.71,0.75,0.79,0.83,0.87,0.91,0.95,0.99,1.03,1.07,1.11,1.15,1.19,1.23,1.27]},"J":{"unit":"A\/cm2","value":[0.015099999999999999,0.015024999999999998,0.014874999999999998,0.01485,0.01485,0.014725,0.014749999999999997,0.014749999999999997,0.0147,0.014725,0.014649999999999998,0.0146,0.014624999999999997,0.014624999999999997,0.014524999999999998,0.014524999999999998,0.01445,0.014374999999999999,0.014349999999999998,0.014249999999999999,0.014124999999999999,0.01405,0.013875000000000002,0.013725000000000001,0.013525,0.013200000000000002,0.0127,0.011824999999999999,0.01,0.006575,0.00075,-0.0078,-0.018675,-0.031325]},"I":{"unit":"A","value":[0.0006039999999999999,0.000601,0.0005949999999999999,0.000594,0.000594,0.000589,0.0005899999999999999,0.0005899999999999999,0.000588,0.000589,0.0005859999999999999,0.000584,0.000585,0.000585,0.0005809999999999999,0.0005809999999999999,0.000578,0.000575,0.000574,0.00057,0.000565,0.0005620000000000001,0.000555,0.000549,0.000541,0.000528,0.000508,0.00047299999999999995,0.0004,0.000263,2.9999999999999997e-5,-0.000312,-0.000747,-0.001253]},"efficiency":{"unit":"%","value":12.573},"fill_factor":{"unit":"%","value":72.72585202497648},"jsc":{"unit":"mA\/cm2","value":14.987499999999997},"isc":{"unit":"mA","value":0.5994999999999999},"voc":{"unit":"V","value":1.1535087719298245},"sweep_direction":{"unit":"","value":"Forward"},"key":"forward_3_CsPbI2Br+100uL Ch2I2_722043004_0.8 mg 4M"},{"V":{"unit":"V","value":[-0.05,-0.01,0.03,0.07,0.11,0.15,0.19,0.23,0.27,0.31,0.35,0.39,0.43,0.47,0.51,0.55,0.59,0.63,0.67,0.71,0.75,0.79,0.83,0.87,0.91,0.95,0.99,1.03,1.07,1.11,1.15,1.19,1.23,1.27]},"J":{"unit":"A\/cm2","value":[0.014975,0.014899999999999998,0.014725,0.0147,0.0147,0.014649999999999998,0.014624999999999997,0.014649999999999998,0.014549999999999999,0.014575,0.014575,0.014524999999999998,0.014524999999999998,0.01445,0.014399999999999998,0.014399999999999998,0.014325,0.014249999999999999,0.014224999999999998,0.014099999999999998,0.014000000000000002,0.013925,0.013775,0.013575,0.013375,0.013,0.012475,0.0115,0.00965,0.006375,0.001075,-0.00625,-0.01525,-0.0255]},"I":{"unit":"A","value":[0.0005989999999999999,0.000596,0.000589,0.000588,0.000588,0.0005859999999999999,0.000585,0.0005859999999999999,0.0005819999999999999,0.000583,0.000583,0.0005809999999999999,0.0005809999999999999,0.000578,0.0005759999999999999,0.0005759999999999999,0.0005729999999999999,0.00057,0.000569,0.0005639999999999999,0.0005600000000000001,0.0005570000000000001,0.0005510000000000001,0.0005430000000000001,0.000535,0.0005200000000000001,0.000499,0.00046,0.000386,0.000255,4.2999999999999995e-5,-0.00025,-0.00061,-0.00102]},"efficiency":{"unit":"%","value":12.350249999999999},"fill_factor":{"unit":"%","value":71.92128569353909},"jsc":{"unit":"mA\/cm2","value":14.856249999999998},"isc":{"unit":"mA","value":0.59425},"voc":{"unit":"V","value":1.1558703071672354},"sweep_direction":{"unit":"","value":"Forward"},"key":"forward_2_CsPbI2Br+100uL Ch2I2_722043004_0.8 mg 4M"},{"V":{"unit":"V","value":[-0.05,-0.01,0.03,0.07,0.11,0.15,0.19,0.23,0.27,0.31,0.35,0.39,0.43,0.47,0.51,0.55,0.59,0.63,0.67,0.71,0.75,0.79,0.83,0.87,0.91,0.95,0.99,1.03,1.07,1.11,1.15,1.19,1.23,1.27,1.31]},"J":{"unit":"A\/cm2","value":[0.015175,0.015175,0.01505,0.015024999999999998,0.015,0.014975,0.014975,0.01495,0.01495,0.01495,0.014899999999999998,0.014899999999999998,0.014899999999999998,0.014825,0.014799999999999999,0.014825,0.014774999999999998,0.014725,0.0147,0.014549999999999999,0.014524999999999998,0.014474999999999998,0.014249999999999999,0.01415,0.01395,0.0135,0.01295,0.011949999999999999,0.010025000000000001,0.006875,0.0023,-0.00365,-0.0107,-0.01855,-0.027024999999999997]},"I":{"unit":"A","value":[0.000607,0.000607,0.000602,0.000601,0.0006,0.0005989999999999999,0.0005989999999999999,0.000598,0.000598,0.000598,0.000596,0.000596,0.000596,0.000593,0.000592,0.000593,0.0005909999999999999,0.000589,0.000588,0.0005819999999999999,0.0005809999999999999,0.000579,0.00057,0.000566,0.000558,0.00054,0.000518,0.00047799999999999996,0.00040100000000000004,0.000275,9.2e-5,-0.000146,-0.000428,-0.000742,-0.001081]},"efficiency":{"unit":"%","value":12.825},"fill_factor":{"unit":"%","value":72.66507991900035},"jsc":{"unit":"mA\/cm2","value":15.14375},"isc":{"unit":"mA","value":0.60575},"voc":{"unit":"V","value":1.1654621848739495},"sweep_direction":{"unit":"","value":"Forward"},"key":"forward_1_CsPbI2Br+100uL Ch2I2_722043004_0.8 mg 4M"}]}}