{"_id":"65313cd3bb24d36de057a4a3","id":"CAU-SC-00512","author":71,"group":7,"input":[{"tco":{"unit":"","value":"ITO"}},{"htl":[{"material":{"unit":"","value":"NiOx_Solgel"},"concentration":{"unit":"","value":"0.8"},"conc_unit":{"unit":"","value":"M"},"quantity":{"unit":"ml","value":"None"}}],"solvent":[{"material":{"unit":"","value":"EG"},"volume":{"unit":"ml","value":"1"}},{"material":{"unit":"","value":"EDA"},"volume":{"unit":"ml","value":"0.0536"}}],"spin_coating":[{"type":{"unit":"","value":"drop&run"},"rpm":{"unit":"","value":"5000"},"time":{"unit":"s","value":"50"}}],"annealing":[{"temperature":{"unit":"oC","value":"150"},"time":{"unit":"m","value":"5"}},{"temperature":{"unit":"oC","value":"300"},"time":{"unit":"m","value":"60"}}]},{"htl_treatment":[{"material":{"unit":"","value":"MeO-2PACz"},"concentration":{"unit":"","value":"0.4"},"conc_unit":{"unit":"","value":"mg\/ml"},"quantity":{"unit":"ml","value":"None"}}],"solvent":[{"material":{"unit":"","value":"Ethanol"},"volume":{"unit":"ml","value":"1"}}],"spin_coating":[{"type":{"unit":"","value":"drop&run"},"rpm":{"unit":"","value":"5000"},"time":{"unit":"s","value":"20"}}],"annealing":[{"temperature":{"unit":"oC","value":"100"},"time":{"unit":"m","value":"10"}}]},{"perovskite":{"method":{"unit":"","value":"1step"},"molarity":{"unit":"M","value":"1.1"},"a_site":[{"material":{"unit":"","value":"FA"},"ratio":{"unit":"","value":"83.14"}},{"material":{"unit":"","value":"Cs"},"ratio":{"unit":"","value":"16.66"}},{"material":{"unit":"","value":"BA"},"ratio":{"unit":"","value":"2"}}],"b_site":[{"material":{"unit":"","value":"Pb"},"ratio":{"unit":"","value":"100"}}],"x_site":[{"material":{"unit":"","value":"I"},"ratio":{"unit":"","value":"83"}},{"material":{"unit":"","value":"Br"},"ratio":{"unit":"","value":"17"}}],"solvent":[{"material":{"unit":"","value":"DMF"},"volume":{"unit":"ml","value":"0.8"}},{"material":{"unit":"","value":"DMSO"},"volume":{"unit":"ml","value":"0.2"}}],"additive":[{"material":{"unit":"","value":"MACl"},"solvent":{"unit":"","value":"none"},"concentration":{"unit":"","value":"7.4"},"conc_unit":{"unit":"","value":"mg\/ml"},"quantity":{"unit":"mol%","value":"10"}}],"antisolvent":[{"material":{"unit":"","value":"Anisole"},"quantity":{"unit":"ul","value":"300"},"dripping_time":{"unit":"s","value":"25"}}],"spin_coating":[{"type":{"unit":"","value":"drop&run"},"rpm":{"unit":"","value":"4000"},"time":{"unit":"s","value":"30"}}],"annealing":[{"temperature":{"unit":"oC","value":"75"},"time":{"unit":"m","value":"1"}},{"temperature":{"unit":"oC","value":"120"},"time":{"unit":"m","value":"10"}}],"atmosphere":[{"type":{"unit":"","value":"N2"},"temperature":{"unit":"oC","value":"25"},"humidity":{"unit":"RH%","value":"0"}}]}},{"etl":[{"material":{"unit":"","value":"PC61BM"},"concentration":{"unit":"","value":"2.5"},"conc_unit":{"unit":"","value":"mg\/ml"},"quantity":{"unit":"ml","value":"None"}}],"solvent":[{"material":{"unit":"","value":"CB"},"volume":{"unit":"ml","value":"1"}}],"spin_coating":[{"type":{"unit":"","value":"drop&run"},"rpm":{"unit":"","value":"3000"},"time":{"unit":"s","value":"30"}}],"annealing":[{"temperature":{"unit":"oC","value":"110"},"time":{"unit":"m","value":"5"}}]},{"etl":[{"material":{"unit":"","value":"C60"},"concentration":{"unit":"","value":"None"},"conc_unit":{"unit":"","value":"mg\/ml"},"quantity":{"unit":"ml","value":"None"}}],"thermal_evaporation":[{"vacuum_evaporation_thickness":{"unit":"nm","value":"23"},"evaporation_rate":{"unit":"\u00c5\/s","value":"0.1"},"vacuum_pressure":{"unit":"uTorr","value":"3"}}]},{"blocking_buffer_layer":[{"material":{"unit":"","value":"BCP"},"concentration":{"unit":"","value":"0.5"},"conc_unit":{"unit":"","value":"mg\/ml"},"quantity":{"unit":"ml","value":"None"}}],"solvent":[{"material":{"unit":"","value":"IPA"},"volume":{"unit":"ml","value":"1"}}],"spin_coating":[{"type":{"unit":"","value":"drop&run"},"rpm":{"unit":"","value":"4000"},"time":{"unit":"s","value":"20"}}]},{"anode_metal":{"unit":"","value":"Cu"}},{"note":{"unit":"","value":"221018 PCBM(L) \/ C60 \/ BCP \/ Cu"},"ar":{"unit":"","value":"0"},"type":{"unit":"","value":"unit_cell"},"device_type":{"unit":"","value":"p-i-n"},"temperature":{"unit":"\u2103","value":"25"},"humidity":{"unit":"%","value":"30"},"cell_dimension":{"unit":"cm2","value":"0.04"}}],"fileinfo":[{"key":"422101806","uploadType":"JV","original_name":"422101806.xlsx","save_name":"CAU-SC-00512\/422101806","uploader":71,"fileType":"group"}],"jvcnt":20,"updated_at":"2024-06-03 08:38:35","created_at":"2023-10-19 14:27:31","analysisInfo":{"JV":[{"efficiency":16.2089,"fill_factor":72.66067682203197,"jsc":20.506249999999998,"voc":1.0878470948012233,"key":"reverse_9_422101806","cell_dimension":null},{"efficiency":16.164,"fill_factor":72.85044337955127,"jsc":20.395,"voc":1.0879099099099099,"key":"reverse_8_422101806","cell_dimension":null},{"efficiency":16.24,"fill_factor":73.91493762046385,"jsc":20.240000000000002,"voc":1.0855336787564767,"key":"reverse_7_422101806","cell_dimension":null},{"efficiency":16.64985,"fill_factor":75.11030601314197,"jsc":20.305,"voc":1.0917112860892388,"key":"reverse_6_422101806","cell_dimension":null},{"efficiency":15.530225,"fill_factor":73.29160364263939,"jsc":19.463125,"voc":1.0887068403908795,"key":"reverse_5_422101806","cell_dimension":null},{"efficiency":15.448899999999998,"fill_factor":72.98030056023813,"jsc":19.55,"voc":1.0827922848664688,"key":"reverse_4_422101806","cell_dimension":null},{"efficiency":15.01875,"fill_factor":71.29815498285181,"jsc":19.5125,"voc":1.0795495495495495,"key":"reverse_3_422101806","cell_dimension":null},{"efficiency":16.011400000000002,"fill_factor":75.45975289759436,"jsc":19.622500000000002,"voc":1.0813333333333335,"key":"reverse_2_422101806","cell_dimension":null},{"efficiency":16.428,"fill_factor":76.92617173444883,"jsc":19.815,"voc":1.077746192893401,"key":"reverse_1_422101806","cell_dimension":null},{"efficiency":16.208849999999998,"fill_factor":73.03053952446697,"jsc":20.310624999999998,"voc":1.0927590361445783,"key":"reverse_10_422101806","cell_dimension":null},{"efficiency":15.855749999999999,"fill_factor":71.33766750928804,"jsc":20.575,"voc":1.0802593659942363,"key":"forward_9_422101806","cell_dimension":null},{"efficiency":15.8775,"fill_factor":71.64775163015274,"jsc":20.499999999999996,"voc":1.0810000000000002,"key":"forward_8_422101806","cell_dimension":null},{"efficiency":15.94775,"fill_factor":72.25798707882282,"jsc":20.468749999999996,"voc":1.078256880733945,"key":"forward_7_422101806","cell_dimension":null},{"efficiency":15.99325,"fill_factor":72.2443143737992,"jsc":20.474999999999998,"voc":1.081207729468599,"key":"forward_6_422101806","cell_dimension":null},{"efficiency":15.07275,"fill_factor":70.96879919353636,"jsc":19.63125,"voc":1.0818750000000001,"key":"forward_5_422101806","cell_dimension":null},{"efficiency":15.246749999999997,"fill_factor":71.75051843087714,"jsc":19.737499999999997,"voc":1.0766141732283465,"key":"forward_4_422101806","cell_dimension":null},{"efficiency":15.246749999999997,"fill_factor":72.06808931914289,"jsc":19.69375,"voc":1.0742512077294688,"key":"forward_3_422101806","cell_dimension":null},{"efficiency":15.44725,"fill_factor":73.02753249145101,"jsc":19.75625,"voc":1.07068085106383,"key":"forward_2_422101806","cell_dimension":null},{"efficiency":15.790499999999998,"fill_factor":74.53232832618892,"jsc":19.900000000000002,"voc":1.0646285714285715,"key":"forward_1_422101806","cell_dimension":null},{"efficiency":15.921,"fill_factor":71.70547940257491,"jsc":20.437499999999993,"voc":1.0864011799410032,"key":"forward_10_422101806","cell_dimension":null}]},"public":2,"analysis":{"JV":[{"V":{"unit":"V","value":[1.138,1.098,1.058,1.018,0.978,0.938,0.898,0.858,0.818,0.778,0.738,0.698,0.658,0.618,0.578,0.538,0.498,0.458,0.418,0.378,0.338,0.298,0.258,0.218,0.178,0.138,0.098,0.058,0.018,-0.022]},"J":{"unit":"A\/cm2","value":[-0.01295,-0.002075,0.0060999999999999995,0.011725,0.015149999999999999,0.01705,0.01805,0.018475,0.018850000000000002,0.019125,0.019350000000000003,0.019600000000000003,0.019825,0.02,0.02015,0.020325,0.020275,0.020399999999999998,0.020399999999999998,0.020375,0.0205,0.020425,0.020474999999999997,0.020474999999999997,0.020474999999999997,0.020474999999999997,0.020524999999999998,0.020524999999999998,0.02045,0.020575]},"I":{"unit":"A","value":[-0.000518,-8.3e-5,0.000244,0.00046899999999999996,0.000606,0.0006820000000000001,0.000722,0.000739,0.000754,0.0007650000000000001,0.0007740000000000001,0.0007840000000000001,0.0007930000000000001,0.0008,0.0008060000000000001,0.0008129999999999999,0.0008110000000000001,0.000816,0.000816,0.000815,0.00082,0.0008169999999999999,0.000819,0.000819,0.000819,0.000819,0.0008209999999999999,0.0008209999999999999,0.0008179999999999999,0.000823]},"efficiency":{"unit":"%","value":16.2089},"fill_factor":{"unit":"%","value":72.66067682203197},"jsc":{"unit":"mA\/cm2","value":20.506249999999998},"isc":{"unit":"mA","value":0.8202499999999999},"voc":{"unit":"V","value":1.0878470948012233},"sweep_direction":{"unit":"","value":"Reverse"},"key":"reverse_9_422101806"},{"V":{"unit":"V","value":[1.138,1.098,1.058,1.018,0.978,0.938,0.898,0.858,0.818,0.778,0.738,0.698,0.658,0.618,0.578,0.538,0.498,0.458,0.418,0.378,0.338,0.298,0.258,0.218,0.178,0.138,0.098,0.058,0.018,-0.022]},"J":{"unit":"A\/cm2","value":[-0.013200000000000002,-0.0021000000000000003,0.006225,0.011824999999999999,0.015175,0.017,0.018,0.018449999999999998,0.01875,0.019025,0.019225000000000003,0.01955,0.01975,0.0199,0.020025,0.02015,0.0202,0.020275,0.020300000000000002,0.02025,0.020349999999999997,0.020325,0.020300000000000002,0.020349999999999997,0.020349999999999997,0.020300000000000002,0.020375,0.020399999999999998,0.020349999999999997,0.02045]},"I":{"unit":"A","value":[-0.000528,-8.400000000000001e-5,0.000249,0.00047299999999999995,0.000607,0.00068,0.0007199999999999999,0.0007379999999999999,0.00075,0.000761,0.000769,0.000782,0.00079,0.000796,0.0008010000000000001,0.0008060000000000001,0.000808,0.0008110000000000001,0.000812,0.0008100000000000001,0.0008139999999999999,0.0008129999999999999,0.000812,0.0008139999999999999,0.0008139999999999999,0.000812,0.000815,0.000816,0.0008139999999999999,0.0008179999999999999]},"efficiency":{"unit":"%","value":16.164},"fill_factor":{"unit":"%","value":72.85044337955127},"jsc":{"unit":"mA\/cm2","value":20.395},"isc":{"unit":"mA","value":0.8158},"voc":{"unit":"V","value":1.0879099099099099},"sweep_direction":{"unit":"","value":"Reverse"},"key":"reverse_8_422101806"},{"V":{"unit":"V","value":[1.136,1.096,1.056,1.016,0.976,0.936,0.896,0.856,0.816,0.776,0.736,0.696,0.656,0.616,0.576,0.536,0.496,0.456,0.416,0.376,0.336,0.296,0.256,0.216,0.176,0.136,0.096,0.056,0.016,-0.024]},"J":{"unit":"A\/cm2","value":[-0.016975,-0.002525,0.007124999999999999,0.0128,0.015825,0.017325,0.018125,0.018475,0.018725,0.01905,0.019225000000000003,0.019425,0.0197,0.019825,0.019975,0.020050000000000002,0.020125,0.020125,0.0202,0.020225,0.02015,0.02025,0.0202,0.0202,0.02025,0.02025,0.02025,0.020275,0.02025,0.020225]},"I":{"unit":"A","value":[-0.000679,-0.000101,0.000285,0.000512,0.000633,0.0006929999999999999,0.000725,0.000739,0.000749,0.000762,0.000769,0.000777,0.0007880000000000001,0.0007930000000000001,0.000799,0.0008020000000000001,0.000805,0.000805,0.000808,0.000809,0.0008060000000000001,0.0008100000000000001,0.000808,0.000808,0.0008100000000000001,0.0008100000000000001,0.0008100000000000001,0.0008110000000000001,0.0008100000000000001,0.000809]},"efficiency":{"unit":"%","value":16.24},"fill_factor":{"unit":"%","value":73.91493762046385},"jsc":{"unit":"mA\/cm2","value":20.240000000000002},"isc":{"unit":"mA","value":0.8096000000000001},"voc":{"unit":"V","value":1.0855336787564767},"sweep_direction":{"unit":"","value":"Reverse"},"key":"reverse_7_422101806"},{"V":{"unit":"V","value":[1.142,1.102,1.062,1.022,0.982,0.942,0.902,0.862,0.822,0.782,0.742,0.702,0.662,0.622,0.582,0.542,0.502,0.462,0.422,0.382,0.342,0.302,0.262,0.222,0.182,0.142,0.102,0.062,0.022,-0.018]},"J":{"unit":"A\/cm2","value":[-0.0162,-0.0024500000000000004,0.007075,0.012825,0.015975,0.017674999999999996,0.018449999999999998,0.0189,0.019125,0.019225000000000003,0.019375,0.019575,0.0198,0.0199,0.02,0.0201,0.0201,0.02025,0.020175000000000002,0.020175000000000002,0.020275,0.02025,0.020300000000000002,0.020300000000000002,0.020275,0.02025,0.020325,0.020275,0.02025,0.020349999999999997]},"I":{"unit":"A","value":[-0.000648,-9.800000000000001e-5,0.000283,0.000513,0.000639,0.000707,0.0007379999999999999,0.000756,0.0007650000000000001,0.000769,0.000775,0.0007830000000000001,0.0007920000000000001,0.000796,0.0008,0.000804,0.000804,0.0008100000000000001,0.0008070000000000001,0.0008070000000000001,0.0008110000000000001,0.0008100000000000001,0.000812,0.000812,0.0008110000000000001,0.0008100000000000001,0.0008129999999999999,0.0008110000000000001,0.0008100000000000001,0.0008139999999999999]},"efficiency":{"unit":"%","value":16.64985},"fill_factor":{"unit":"%","value":75.11030601314197},"jsc":{"unit":"mA\/cm2","value":20.305},"isc":{"unit":"mA","value":0.8122},"voc":{"unit":"V","value":1.0917112860892388},"sweep_direction":{"unit":"","value":"Reverse"},"key":"reverse_6_422101806"},{"V":{"unit":"V","value":[1.139,1.099,1.059,1.019,0.979,0.939,0.899,0.859,0.819,0.779,0.739,0.699,0.659,0.619,0.579,0.539,0.499,0.459,0.419,0.379,0.339,0.299,0.259,0.219,0.179,0.139,0.099,0.059,0.019,-0.021]},"J":{"unit":"A\/cm2","value":[-0.012025,-0.001975,0.0057,0.01105,0.014424999999999999,0.01625,0.017275,0.017825,0.018,0.01825,0.018475,0.01865,0.018850000000000002,0.01905,0.019100000000000002,0.019225000000000003,0.0193,0.0193,0.019375,0.019375,0.019399999999999997,0.019399999999999997,0.019425,0.019425,0.019425,0.019475000000000003,0.019425,0.019425,0.019475000000000003,0.01945]},"I":{"unit":"A","value":[-0.000481,-7.9e-5,0.000228,0.000442,0.0005769999999999999,0.00065,0.000691,0.000713,0.0007199999999999999,0.00073,0.000739,0.000746,0.000754,0.000762,0.000764,0.000769,0.000772,0.000772,0.000775,0.000775,0.000776,0.000776,0.000777,0.000777,0.000777,0.0007790000000000001,0.000777,0.000777,0.0007790000000000001,0.000778]},"efficiency":{"unit":"%","value":15.530225},"fill_factor":{"unit":"%","value":73.29160364263939},"jsc":{"unit":"mA\/cm2","value":19.463125},"isc":{"unit":"mA","value":0.778525},"voc":{"unit":"V","value":1.0887068403908795},"sweep_direction":{"unit":"","value":"Reverse"},"key":"reverse_5_422101806"},{"V":{"unit":"V","value":[1.133,1.093,1.053,1.013,0.973,0.933,0.893,0.853,0.813,0.773,0.733,0.693,0.653,0.613,0.573,0.533,0.493,0.453,0.413,0.373,0.333,0.293,0.253,0.213,0.173,0.133,0.093,0.053,0.013,-0.027]},"J":{"unit":"A\/cm2","value":[-0.013850000000000001,-0.00215,0.006274999999999999,0.01165,0.014749999999999997,0.01645,0.017299999999999996,0.017724999999999998,0.017974999999999998,0.018275,0.018449999999999998,0.018699999999999998,0.018975000000000002,0.019100000000000002,0.01925,0.019325,0.019399999999999997,0.019399999999999997,0.019524999999999997,0.019475000000000003,0.019475000000000003,0.01955,0.0195,0.01955,0.019575,0.0195,0.019524999999999997,0.01955,0.01955,0.01955]},"I":{"unit":"A","value":[-0.000554,-8.599999999999999e-5,0.000251,0.00046600000000000005,0.0005899999999999999,0.0006580000000000001,0.0006919999999999999,0.000709,0.000719,0.000731,0.0007379999999999999,0.000748,0.000759,0.000764,0.0007700000000000001,0.000773,0.000776,0.000776,0.000781,0.0007790000000000001,0.0007790000000000001,0.000782,0.00078,0.000782,0.0007830000000000001,0.00078,0.000781,0.000782,0.000782,0.000782]},"efficiency":{"unit":"%","value":15.448899999999998},"fill_factor":{"unit":"%","value":72.98030056023813},"jsc":{"unit":"mA\/cm2","value":19.55},"isc":{"unit":"mA","value":0.782},"voc":{"unit":"V","value":1.0827922848664688},"sweep_direction":{"unit":"","value":"Reverse"},"key":"reverse_4_422101806"},{"V":{"unit":"V","value":[1.13,1.09,1.05,1.01,0.97,0.93,0.89,0.85,0.81,0.77,0.73,0.69,0.65,0.61,0.57,0.53,0.49,0.45,0.41,0.37,0.33,0.29,0.25,0.21,0.17,0.13,0.09,0.05,0.01,-0.03]},"J":{"unit":"A\/cm2","value":[-0.014174999999999998,-0.002175,0.006149999999999999,0.011325,0.014249999999999999,0.01595,0.016875,0.017349999999999997,0.01775,0.018075,0.018325,0.0186,0.018850000000000002,0.019025,0.019225000000000003,0.019274999999999997,0.019325,0.019399999999999997,0.019425,0.019425,0.01945,0.019475000000000003,0.019475000000000003,0.019475000000000003,0.01955,0.01945,0.01955,0.01955,0.0195,0.01955]},"I":{"unit":"A","value":[-0.0005669999999999999,-8.7e-5,0.000246,0.000453,0.00057,0.000638,0.000675,0.000694,0.0007099999999999999,0.000723,0.000733,0.000744,0.000754,0.000761,0.000769,0.000771,0.000773,0.000776,0.000777,0.000777,0.000778,0.0007790000000000001,0.0007790000000000001,0.0007790000000000001,0.000782,0.000778,0.000782,0.000782,0.00078,0.000782]},"efficiency":{"unit":"%","value":15.01875},"fill_factor":{"unit":"%","value":71.29815498285181},"jsc":{"unit":"mA\/cm2","value":19.5125},"isc":{"unit":"mA","value":0.7805},"voc":{"unit":"V","value":1.0795495495495495},"sweep_direction":{"unit":"","value":"Reverse"},"key":"reverse_3_422101806"},{"V":{"unit":"V","value":[1.132,1.092,1.052,1.012,0.972,0.932,0.892,0.852,0.812,0.772,0.732,0.692,0.652,0.612,0.572,0.532,0.492,0.452,0.412,0.372,0.332,0.292,0.252,0.212,0.172,0.132,0.092,0.052,0.012,-0.028]},"J":{"unit":"A\/cm2","value":[-0.01625,-0.0025,0.006875,0.0124,0.015449999999999998,0.017075,0.01795,0.018349999999999998,0.01865,0.01875,0.018875,0.019074999999999998,0.019125,0.0193,0.019399999999999997,0.01945,0.019475000000000003,0.019575,0.019524999999999997,0.01955,0.01965,0.019600000000000003,0.01965,0.019600000000000003,0.019575,0.01965,0.019675,0.01965,0.019600000000000003,0.019675]},"I":{"unit":"A","value":[-0.00065,-0.0001,0.000275,0.000496,0.000618,0.000683,0.000718,0.000734,0.000746,0.00075,0.000755,0.000763,0.0007650000000000001,0.000772,0.000776,0.000778,0.0007790000000000001,0.0007830000000000001,0.000781,0.000782,0.000786,0.0007840000000000001,0.000786,0.0007840000000000001,0.0007830000000000001,0.000786,0.000787,0.000786,0.0007840000000000001,0.000787]},"efficiency":{"unit":"%","value":16.011400000000002},"fill_factor":{"unit":"%","value":75.45975289759436},"jsc":{"unit":"mA\/cm2","value":19.622500000000002},"isc":{"unit":"mA","value":0.7849000000000002},"voc":{"unit":"V","value":1.0813333333333335},"sweep_direction":{"unit":"","value":"Reverse"},"key":"reverse_2_422101806"},{"V":{"unit":"V","value":[1.128,1.088,1.048,1.008,0.968,0.928,0.888,0.848,0.808,0.768,0.728,0.688,0.648,0.608,0.568,0.528,0.488,0.448,0.408,0.368,0.328,0.288,0.248,0.208,0.168,0.128,0.088,0.048,0.008,-0.032]},"J":{"unit":"A\/cm2","value":[-0.0177,-0.002525,0.007324999999999999,0.013,0.015975,0.017575,0.0185,0.01905,0.0192,0.019375,0.01945,0.019425,0.01955,0.019600000000000003,0.01965,0.0197,0.01975,0.0197,0.019775,0.019775,0.01975,0.0198,0.0198,0.019775,0.019775,0.0198,0.019825,0.019775,0.019825,0.019775]},"I":{"unit":"A","value":[-0.000708,-0.000101,0.00029299999999999997,0.0005200000000000001,0.000639,0.000703,0.00074,0.000762,0.000768,0.000775,0.000778,0.000777,0.000782,0.0007840000000000001,0.000786,0.0007880000000000001,0.00079,0.0007880000000000001,0.000791,0.000791,0.00079,0.0007920000000000001,0.0007920000000000001,0.000791,0.000791,0.0007920000000000001,0.0007930000000000001,0.000791,0.0007930000000000001,0.000791]},"efficiency":{"unit":"%","value":16.428},"fill_factor":{"unit":"%","value":76.92617173444883},"jsc":{"unit":"mA\/cm2","value":19.815},"isc":{"unit":"mA","value":0.7926000000000001},"voc":{"unit":"V","value":1.077746192893401},"sweep_direction":{"unit":"","value":"Reverse"},"key":"reverse_1_422101806"},{"V":{"unit":"V","value":[1.143,1.103,1.063,1.023,0.983,0.943,0.903,0.863,0.823,0.783,0.743,0.703,0.663,0.623,0.583,0.543,0.503,0.463,0.423,0.383,0.343,0.303,0.263,0.223,0.183,0.143,0.103,0.063,0.023,-0.017]},"J":{"unit":"A\/cm2","value":[-0.013349999999999999,-0.002125,0.006175,0.011774999999999999,0.0152,0.017,0.01795,0.018475,0.018775,0.019,0.0193,0.01945,0.0197,0.0199,0.02,0.020075,0.0202,0.0202,0.020175000000000002,0.020300000000000002,0.0202,0.02025,0.020275,0.02025,0.020275,0.020300000000000002,0.020300000000000002,0.020225,0.020325,0.020300000000000002]},"I":{"unit":"A","value":[-0.0005340000000000001,-8.5e-5,0.000247,0.00047099999999999996,0.000608,0.00068,0.000718,0.000739,0.000751,0.00076,0.000772,0.000778,0.0007880000000000001,0.000796,0.0008,0.000803,0.000808,0.000808,0.0008070000000000001,0.000812,0.000808,0.0008100000000000001,0.0008110000000000001,0.0008100000000000001,0.0008110000000000001,0.000812,0.000812,0.000809,0.0008129999999999999,0.000812]},"efficiency":{"unit":"%","value":16.208849999999998},"fill_factor":{"unit":"%","value":73.03053952446697},"jsc":{"unit":"mA\/cm2","value":20.310624999999998},"isc":{"unit":"mA","value":0.812425},"voc":{"unit":"V","value":1.0927590361445783},"sweep_direction":{"unit":"","value":"Reverse"},"key":"reverse_10_422101806"},{"V":{"unit":"V","value":[-0.05,-0.01,0.03,0.07,0.11,0.15,0.19,0.23,0.27,0.31,0.35,0.39,0.43,0.47,0.51,0.55,0.59,0.63,0.67,0.71,0.75,0.79,0.83,0.87,0.91,0.95,0.99,1.03,1.07,1.11,1.15]},"J":{"unit":"A\/cm2","value":[0.020649999999999998,0.020575,0.020575,0.020524999999999998,0.02055,0.02045,0.020425,0.020524999999999998,0.020425,0.02045,0.020425,0.020399999999999998,0.020375,0.020375,0.020300000000000002,0.0202,0.020225,0.019975,0.019850000000000003,0.01965,0.01945,0.019149999999999997,0.018775,0.018224999999999998,0.017299999999999996,0.015825,0.013025,0.008625,0.0022249999999999995,-0.00645,-0.017125]},"I":{"unit":"A","value":[0.0008259999999999999,0.000823,0.000823,0.0008209999999999999,0.0008219999999999999,0.0008179999999999999,0.0008169999999999999,0.0008209999999999999,0.0008169999999999999,0.0008179999999999999,0.0008169999999999999,0.000816,0.000815,0.000815,0.000812,0.000808,0.000809,0.000799,0.000794,0.000786,0.000778,0.000766,0.000751,0.0007289999999999999,0.0006919999999999999,0.000633,0.000521,0.000345,8.9e-5,-0.000258,-0.0006850000000000001]},"efficiency":{"unit":"%","value":15.855749999999999},"fill_factor":{"unit":"%","value":71.33766750928804},"jsc":{"unit":"mA\/cm2","value":20.575},"isc":{"unit":"mA","value":0.823},"voc":{"unit":"V","value":1.0802593659942363},"sweep_direction":{"unit":"","value":"Forward"},"key":"forward_9_422101806"},{"V":{"unit":"V","value":[-0.05,-0.01,0.03,0.07,0.11,0.15,0.19,0.23,0.27,0.31,0.35,0.39,0.43,0.47,0.51,0.55,0.59,0.63,0.67,0.71,0.75,0.79,0.83,0.87,0.91,0.95,0.99,1.03,1.07,1.11,1.15]},"J":{"unit":"A\/cm2","value":[0.020599999999999997,0.0205,0.0205,0.020399999999999998,0.02045,0.020399999999999998,0.020349999999999997,0.020375,0.020325,0.020325,0.020349999999999997,0.020300000000000002,0.02025,0.02025,0.0202,0.02015,0.020075,0.019925000000000002,0.01975,0.019600000000000003,0.019350000000000003,0.019074999999999998,0.01875,0.01825,0.017349999999999997,0.015875,0.01325,0.008924999999999999,0.002475,-0.006525,-0.017875]},"I":{"unit":"A","value":[0.000824,0.00082,0.00082,0.000816,0.0008179999999999999,0.000816,0.0008139999999999999,0.000815,0.0008129999999999999,0.0008129999999999999,0.0008139999999999999,0.000812,0.0008100000000000001,0.0008100000000000001,0.000808,0.0008060000000000001,0.000803,0.0007970000000000001,0.00079,0.0007840000000000001,0.0007740000000000001,0.000763,0.00075,0.00073,0.000694,0.000635,0.00053,0.000357,9.900000000000001e-5,-0.000261,-0.0007149999999999999]},"efficiency":{"unit":"%","value":15.8775},"fill_factor":{"unit":"%","value":71.64775163015274},"jsc":{"unit":"mA\/cm2","value":20.499999999999996},"isc":{"unit":"mA","value":0.8199999999999998},"voc":{"unit":"V","value":1.0810000000000002},"sweep_direction":{"unit":"","value":"Forward"},"key":"forward_8_422101806"},{"V":{"unit":"V","value":[-0.05,-0.01,0.03,0.07,0.11,0.15,0.19,0.23,0.27,0.31,0.35,0.39,0.43,0.47,0.51,0.55,0.59,0.63,0.67,0.71,0.75,0.79,0.83,0.87,0.91,0.95,0.99,1.03,1.07,1.11,1.15]},"J":{"unit":"A\/cm2","value":[0.020474999999999997,0.0205,0.020375,0.020349999999999997,0.020375,0.02025,0.020275,0.020275,0.02025,0.020225,0.020225,0.020175000000000002,0.02015,0.020175000000000002,0.020075,0.020050000000000002,0.019975,0.019825,0.01975,0.01955,0.019325,0.01905,0.018775,0.018275,0.017525,0.0162,0.0137,0.0094,0.00225,-0.008649999999999998,-0.023425]},"I":{"unit":"A","value":[0.000819,0.00082,0.000815,0.0008139999999999999,0.000815,0.0008100000000000001,0.0008110000000000001,0.0008110000000000001,0.0008100000000000001,0.000809,0.000809,0.0008070000000000001,0.0008060000000000001,0.0008070000000000001,0.000803,0.0008020000000000001,0.000799,0.0007930000000000001,0.00079,0.000782,0.000773,0.000762,0.000751,0.000731,0.0007009999999999999,0.000648,0.0005480000000000001,0.000376,8.999999999999999e-5,-0.00034599999999999995,-0.000937]},"efficiency":{"unit":"%","value":15.94775},"fill_factor":{"unit":"%","value":72.25798707882282},"jsc":{"unit":"mA\/cm2","value":20.468749999999996},"isc":{"unit":"mA","value":0.8187499999999999},"voc":{"unit":"V","value":1.078256880733945},"sweep_direction":{"unit":"","value":"Forward"},"key":"forward_7_422101806"},{"V":{"unit":"V","value":[-0.05,-0.01,0.03,0.07,0.11,0.15,0.19,0.23,0.27,0.31,0.35,0.39,0.43,0.47,0.51,0.55,0.59,0.63,0.67,0.71,0.75,0.79,0.83,0.87,0.91,0.95,0.99,1.03,1.07,1.11,1.15]},"J":{"unit":"A\/cm2","value":[0.02055,0.0205,0.020399999999999998,0.020375,0.020375,0.020300000000000002,0.020275,0.020300000000000002,0.02025,0.0202,0.020275,0.0202,0.02015,0.020175000000000002,0.020075,0.020050000000000002,0.019975,0.019825,0.019675,0.019575,0.0193,0.019125,0.018824999999999998,0.018275,0.017575,0.016149999999999998,0.013725000000000001,0.0096,0.0029,-0.007449999999999999,-0.02165]},"I":{"unit":"A","value":[0.0008219999999999999,0.00082,0.000816,0.000815,0.000815,0.000812,0.0008110000000000001,0.000812,0.0008100000000000001,0.000808,0.0008110000000000001,0.000808,0.0008060000000000001,0.0008070000000000001,0.000803,0.0008020000000000001,0.000799,0.0007930000000000001,0.000787,0.0007830000000000001,0.000772,0.0007650000000000001,0.000753,0.000731,0.000703,0.000646,0.000549,0.000384,0.000116,-0.000298,-0.000866]},"efficiency":{"unit":"%","value":15.99325},"fill_factor":{"unit":"%","value":72.2443143737992},"jsc":{"unit":"mA\/cm2","value":20.474999999999998},"isc":{"unit":"mA","value":0.819},"voc":{"unit":"V","value":1.081207729468599},"sweep_direction":{"unit":"","value":"Forward"},"key":"forward_6_422101806"},{"V":{"unit":"V","value":[-0.05,-0.01,0.03,0.07,0.11,0.15,0.19,0.23,0.27,0.31,0.35,0.39,0.43,0.47,0.51,0.55,0.59,0.63,0.67,0.71,0.75,0.79,0.83,0.87,0.91,0.95,0.99,1.03,1.07,1.11,1.15]},"J":{"unit":"A\/cm2","value":[0.019675,0.01965,0.019575,0.0195,0.019524999999999997,0.019475000000000003,0.01945,0.019475000000000003,0.019475000000000003,0.019375,0.01945,0.019399999999999997,0.019350000000000003,0.019375,0.0193,0.01925,0.019149999999999997,0.01905,0.018824999999999998,0.01875,0.018449999999999998,0.018175,0.01795,0.017325,0.01645,0.014924999999999999,0.01235,0.008325,0.002375,-0.005625,-0.0155]},"I":{"unit":"A","value":[0.000787,0.000786,0.0007830000000000001,0.00078,0.000781,0.0007790000000000001,0.000778,0.0007790000000000001,0.0007790000000000001,0.000775,0.000778,0.000776,0.0007740000000000001,0.000775,0.000772,0.0007700000000000001,0.000766,0.000762,0.000753,0.00075,0.0007379999999999999,0.000727,0.000718,0.0006929999999999999,0.0006580000000000001,0.000597,0.000494,0.000333,9.5e-5,-0.000225,-0.00062]},"efficiency":{"unit":"%","value":15.07275},"fill_factor":{"unit":"%","value":70.96879919353636},"jsc":{"unit":"mA\/cm2","value":19.63125},"isc":{"unit":"mA","value":0.78525},"voc":{"unit":"V","value":1.0818750000000001},"sweep_direction":{"unit":"","value":"Forward"},"key":"forward_5_422101806"},{"V":{"unit":"V","value":[-0.05,-0.01,0.03,0.07,0.11,0.15,0.19,0.23,0.27,0.31,0.35,0.39,0.43,0.47,0.51,0.55,0.59,0.63,0.67,0.71,0.75,0.79,0.83,0.87,0.91,0.95,0.99,1.03,1.07,1.11,1.15]},"J":{"unit":"A\/cm2","value":[0.0198,0.01975,0.0197,0.019675,0.019675,0.019575,0.019600000000000003,0.01965,0.019524999999999997,0.01955,0.019575,0.019475000000000003,0.019575,0.01945,0.019399999999999997,0.019350000000000003,0.0193,0.019149999999999997,0.01905,0.018850000000000002,0.0186,0.018425,0.01805,0.017525,0.0167,0.015125,0.012549999999999999,0.00825,0.001575,-0.00795,-0.020050000000000002]},"I":{"unit":"A","value":[0.0007920000000000001,0.00079,0.0007880000000000001,0.000787,0.000787,0.0007830000000000001,0.0007840000000000001,0.000786,0.000781,0.000782,0.0007830000000000001,0.0007790000000000001,0.0007830000000000001,0.000778,0.000776,0.0007740000000000001,0.000772,0.000766,0.000762,0.000754,0.000744,0.000737,0.000722,0.0007009999999999999,0.0006680000000000001,0.000605,0.000502,0.00033,6.3e-5,-0.00031800000000000003,-0.0008020000000000001]},"efficiency":{"unit":"%","value":15.246749999999997},"fill_factor":{"unit":"%","value":71.75051843087714},"jsc":{"unit":"mA\/cm2","value":19.737499999999997},"isc":{"unit":"mA","value":0.7894999999999999},"voc":{"unit":"V","value":1.0766141732283465},"sweep_direction":{"unit":"","value":"Forward"},"key":"forward_4_422101806"},{"V":{"unit":"V","value":[-0.05,-0.01,0.03,0.07,0.11,0.15,0.19,0.23,0.27,0.31,0.35,0.39,0.43,0.47,0.51,0.55,0.59,0.63,0.67,0.71,0.75,0.79,0.83,0.87,0.91,0.95,0.99,1.03,1.07,1.11,1.15]},"J":{"unit":"A\/cm2","value":[0.019775,0.0197,0.019675,0.019625,0.019600000000000003,0.019600000000000003,0.019524999999999997,0.01965,0.019524999999999997,0.0195,0.01955,0.01945,0.0195,0.019475000000000003,0.019375,0.019325,0.01925,0.019125,0.019,0.018875,0.018625,0.0184,0.018075,0.017525,0.016625,0.015075,0.01245,0.0081,0.0010999999999999998,-0.00925,-0.022574999999999998]},"I":{"unit":"A","value":[0.000791,0.0007880000000000001,0.000787,0.000785,0.0007840000000000001,0.0007840000000000001,0.000781,0.000786,0.000781,0.00078,0.000782,0.000778,0.00078,0.0007790000000000001,0.000775,0.000773,0.0007700000000000001,0.0007650000000000001,0.00076,0.000755,0.000745,0.000736,0.000723,0.0007009999999999999,0.000665,0.000603,0.000498,0.000324,4.4e-5,-0.00037,-0.000903]},"efficiency":{"unit":"%","value":15.246749999999997},"fill_factor":{"unit":"%","value":72.06808931914289},"jsc":{"unit":"mA\/cm2","value":19.69375},"isc":{"unit":"mA","value":0.7877500000000001},"voc":{"unit":"V","value":1.0742512077294688},"sweep_direction":{"unit":"","value":"Forward"},"key":"forward_3_422101806"},{"V":{"unit":"V","value":[-0.05,-0.01,0.03,0.07,0.11,0.15,0.19,0.23,0.27,0.31,0.35,0.39,0.43,0.47,0.51,0.55,0.59,0.63,0.67,0.71,0.75,0.79,0.83,0.87,0.91,0.95,0.99,1.03,1.07,1.11,1.15]},"J":{"unit":"A\/cm2","value":[0.01995,0.01975,0.019775,0.01975,0.019725000000000003,0.019725000000000003,0.019725000000000003,0.019625,0.019625,0.01965,0.019600000000000003,0.019575,0.019600000000000003,0.01945,0.0195,0.01945,0.019325,0.01925,0.019100000000000002,0.019,0.018850000000000002,0.018675,0.018275,0.01775,0.016975,0.015375,0.01275,0.0081,0.0002,-0.011550000000000001,-0.026975]},"I":{"unit":"A","value":[0.000798,0.00079,0.000791,0.00079,0.000789,0.000789,0.000789,0.000785,0.000785,0.000786,0.0007840000000000001,0.0007830000000000001,0.0007840000000000001,0.000778,0.00078,0.000778,0.000773,0.0007700000000000001,0.000764,0.00076,0.000754,0.000747,0.000731,0.0007099999999999999,0.000679,0.000615,0.00051,0.000324,8.0e-6,-0.000462,-0.0010789999999999999]},"efficiency":{"unit":"%","value":15.44725},"fill_factor":{"unit":"%","value":73.02753249145101},"jsc":{"unit":"mA\/cm2","value":19.75625},"isc":{"unit":"mA","value":0.79025},"voc":{"unit":"V","value":1.07068085106383},"sweep_direction":{"unit":"","value":"Forward"},"key":"forward_2_422101806"},{"V":{"unit":"V","value":[-0.05,-0.01,0.03,0.07,0.11,0.15,0.19,0.23,0.27,0.31,0.35,0.39,0.43,0.47,0.51,0.55,0.59,0.63,0.67,0.71,0.75,0.79,0.83,0.87,0.91,0.95,0.99,1.03,1.07,1.11,1.15]},"J":{"unit":"A\/cm2","value":[0.01995,0.0199,0.0199,0.019850000000000003,0.019850000000000003,0.019850000000000003,0.019775,0.0198,0.0198,0.01975,0.01975,0.019775,0.01965,0.01965,0.0197,0.01955,0.019625,0.019475000000000003,0.019325,0.019274999999999997,0.019100000000000002,0.018975000000000002,0.018699999999999998,0.01815,0.0172,0.0156,0.012725,0.007574999999999999,-0.001175,-0.014249999999999999,-0.031275]},"I":{"unit":"A","value":[0.000798,0.000796,0.000796,0.000794,0.000794,0.000794,0.000791,0.0007920000000000001,0.0007920000000000001,0.00079,0.00079,0.000791,0.000786,0.000786,0.0007880000000000001,0.000782,0.000785,0.0007790000000000001,0.000773,0.000771,0.000764,0.000759,0.000748,0.000726,0.0006879999999999999,0.000624,0.000509,0.000303,-4.7e-5,-0.00057,-0.001251]},"efficiency":{"unit":"%","value":15.790499999999998},"fill_factor":{"unit":"%","value":74.53232832618892},"jsc":{"unit":"mA\/cm2","value":19.900000000000002},"isc":{"unit":"mA","value":0.796},"voc":{"unit":"V","value":1.0646285714285715},"sweep_direction":{"unit":"","value":"Forward"},"key":"forward_1_422101806"},{"V":{"unit":"V","value":[-0.05,-0.01,0.03,0.07,0.11,0.15,0.19,0.23,0.27,0.31,0.35,0.39,0.43,0.47,0.51,0.55,0.59,0.63,0.67,0.71,0.75,0.79,0.83,0.87,0.91,0.95,0.99,1.03,1.07,1.11,1.15]},"J":{"unit":"A\/cm2","value":[0.020575,0.020425,0.020474999999999997,0.020349999999999997,0.020300000000000002,0.020349999999999997,0.02025,0.020300000000000002,0.020300000000000002,0.020225,0.020225,0.02025,0.02025,0.020125,0.02015,0.020050000000000002,0.019975,0.019875,0.019725000000000003,0.019524999999999997,0.019325,0.01905,0.018699999999999998,0.0183,0.017474999999999997,0.016149999999999998,0.0137,0.00965,0.0034750000000000002,-0.005,-0.015775]},"I":{"unit":"A","value":[0.000823,0.0008169999999999999,0.000819,0.0008139999999999999,0.000812,0.0008139999999999999,0.0008100000000000001,0.000812,0.000812,0.000809,0.000809,0.0008100000000000001,0.0008100000000000001,0.000805,0.0008060000000000001,0.0008020000000000001,0.000799,0.000795,0.000789,0.000781,0.000773,0.000762,0.000748,0.000732,0.000699,0.000646,0.0005480000000000001,0.000386,0.00013900000000000002,-0.0002,-0.000631]},"efficiency":{"unit":"%","value":15.921},"fill_factor":{"unit":"%","value":71.70547940257491},"jsc":{"unit":"mA\/cm2","value":20.437499999999993},"isc":{"unit":"mA","value":0.8174999999999998},"voc":{"unit":"V","value":1.0864011799410032},"sweep_direction":{"unit":"","value":"Forward"},"key":"forward_10_422101806"}]}}