{"_id":"65293a0e69ca747fb611ad66","id":"CAU-SC-00089","author":63,"group":7,"input":[{"tco":{"unit":"","value":"ITO"}},{"htl":[{"material":{"unit":"","value":"PEDOT:PSS"},"concentration":{"unit":"","value":"None"},"conc_unit":{"unit":"","value":"mg\/ml"},"quantity":{"unit":"ml","value":"Material"}}],"spin_coating":[{"type":{"unit":"","value":"drop&run"},"rpm":{"unit":"","value":"5000"},"time":{"unit":"s","value":"30"}}],"annealing":[{"temperature":{"unit":"oC","value":"150"},"time":{"unit":"m","value":"20"}}]},{"perovskite":{"method":{"unit":"","value":"1step"},"molarity":{"unit":"M","value":"1"},"a_site":[{"material":{"unit":"","value":"FA"},"ratio":{"unit":"","value":"98"}},{"material":{"unit":"","value":"EDAI2"},"ratio":{"unit":"","value":"2"}}],"b_site":[{"material":{"unit":"","value":"Sn"},"ratio":{"unit":"","value":"100"}}],"x_site":[{"material":{"unit":"","value":"I"},"ratio":{"unit":"","value":"100"}}],"solvent":[{"material":{"unit":"","value":"DMF"},"volume":{"unit":"ml","value":"0.8"}},{"material":{"unit":"","value":"DMSO"},"volume":{"unit":"ml","value":"0.2"}}],"additive":[{"material":{"unit":"","value":"SnF2"},"solvent":{"unit":"","value":"none"},"concentration":{"unit":"","value":"15.6"},"conc_unit":{"unit":"","value":"mg\/ml"},"quantity":{"unit":"mol%","value":"10"}},{"material":{"unit":"","value":"GeI2"},"solvent":{"unit":"","value":"none"},"concentration":{"unit":"","value":"16.3"},"conc_unit":{"unit":"","value":"mg\/ml"},"quantity":{"unit":"mol%","value":"5"}},{"material":{"unit":"","value":"Sn"},"solvent":{"unit":"","value":null},"concentration":{"unit":"","value":"8.3"},"conc_unit":{"unit":"","value":"mg\/ml"},"quantity":{"unit":"mol%","value":"7"}}],"stirring_time":[{"unit":"m","value":"180"}],"antisolvent":[{"material":{"unit":"","value":"PC61BM(1mg)+CB"},"quantity":{"unit":"ul","value":"300"},"dripping_time":{"unit":"s","value":"17"}}],"spin_coating":[{"type":{"unit":"","value":"drop&run"},"rpm":{"unit":"","value":"5000"},"time":{"unit":"s","value":"30"}}],"annealing":[{"temperature":{"unit":"oC","value":"120"},"time":{"unit":"m","value":"10"}}],"atmosphere":[{"type":{"unit":"","value":"N2"},"temperature":{"unit":"oC","value":"25"},"humidity":{"unit":"RH%","value":"0"}}]}},{"perovskite_treatment":[{"material":{"unit":"","value":"EDAI2"},"concentration":{"unit":"","value":"0.5"},"conc_unit":{"unit":"","value":"mg\/ml"},"quantity":{"unit":"ml","value":"0.05"}}],"solvent":[{"material":{"unit":"","value":"IPA"},"volume":{"unit":"ml","value":"1"}}],"spin_coating":[{"type":{"unit":"","value":"dynamic"},"rpm":{"unit":"","value":"4000"},"time":{"unit":"s","value":"30"}}],"annealing":[{"temperature":{"unit":"oC","value":"120"},"time":{"unit":"m","value":"10"}}]},{"etl":[{"material":{"unit":"","value":"PC61BM"},"concentration":{"unit":"","value":"20"},"conc_unit":{"unit":"","value":"mg\/ml"},"quantity":{"unit":"ml","value":"0.05"}}],"solvent":[{"material":{"unit":"","value":"CB"},"volume":{"unit":"ml","value":"0.75"}},{"material":{"unit":"","value":"DCB"},"volume":{"unit":"ml","value":"0.25"}}],"spin_coating":[{"type":{"unit":"","value":"drop&run"},"rpm":{"unit":"","value":"1500"},"time":{"unit":"s","value":"30"}}],"annealing":[{"temperature":{"unit":"oC","value":"120"},"time":{"unit":"m","value":"10"}}]},{"blocking_buffer_layer":[{"material":{"unit":"","value":"BCP"},"concentration":{"unit":"","value":"0.5"},"conc_unit":{"unit":"","value":"mg\/ml"},"quantity":{"unit":"ml","value":"0.1"}}],"solvent":[{"material":{"unit":"","value":"IPA"},"volume":{"unit":"ml","value":"1"}}],"spin_coating":[{"type":{"unit":"","value":"dynamic"},"rpm":{"unit":"","value":"6000"},"time":{"unit":"s","value":"30"}}],"annealing":[{"temperature":{"unit":"oC","value":"120"},"time":{"unit":"m","value":"10"}}]},{"anode_metal":{"unit":"","value":"Ag"}},{"note":{"unit":"","value":"EDA0.01FA0.98SnI3 - 1M with EDAI2 P-CB Control"},"ar":{"unit":"","value":"0"},"type":{"unit":"","value":"unit_cell"},"device_type":{"unit":"","value":"p-i-n"},"temperature":{"unit":"\u2103","value":"25"},"humidity":{"unit":"%","value":"15"},"cell_dimension":{"unit":"cm2","value":"0.04"}}],"fileinfo":[{"key":"323011908","uploadType":"JV","original_name":"323011908.xlsx","save_name":"CAU-SC-00089\/323011908","uploader":63,"fileType":"group"}],"updated_at":"2024-06-03 08:38:34","created_at":"2023-10-13 12:37:34","jvcnt":4,"analysisInfo":{"JV":[{"efficiency":9.697999999999999,"fill_factor":65.86938052330464,"jsc":21.575,"voc":0.6824137931034484,"key":"reverse_2_323011908","cell_dimension":null},{"efficiency":9.828000000000001,"fill_factor":67.28492477161126,"jsc":21.375,"voc":0.6833469387755102,"key":"reverse_1_323011908","cell_dimension":null},{"efficiency":11.004000000000001,"fill_factor":71.29190465965216,"jsc":21.875,"voc":0.7056060606060605,"key":"forward_2_323011908","cell_dimension":null},{"efficiency":10.626000000000001,"fill_factor":69.60588761262811,"jsc":21.7,"voc":0.7035,"key":"forward_1_323011908","cell_dimension":null}]},"public":2,"analysis":{"JV":[{"V":{"unit":"V","value":[0.8,0.78,0.76,0.74,0.72,0.7,0.68,0.66,0.64,0.62,0.6,0.58,0.56,0.54,0.52,0.5,0.48,0.46,0.44,0.42,0.4,0.38,0.36,0.34,0.32,0.3,0.28,0.26,0.24,0.22,0.2,0.18,0.16,0.14,0.12,0.1,0.08,0.06,0.04,0.02,0,-0.02,-0.04]},"J":{"unit":"A\/cm2","value":[-0.053974999999999995,-0.040424999999999996,-0.029125,-0.019125,-0.0121,-0.0050999999999999995,0.0007,0.005274999999999999,0.008774999999999998,0.011450000000000002,0.013525,0.015325,0.016675000000000002,0.01765,0.01865,0.0192,0.01965,0.02015,0.020300000000000002,0.020575,0.020799999999999996,0.020875,0.021049999999999996,0.021125,0.0212,0.0214,0.021349999999999997,0.02145,0.0215,0.021474999999999998,0.021575,0.021525,0.0215,0.02165,0.021525,0.021625,0.021625,0.02155,0.021675,0.02155,0.021575,0.0217,0.02155]},"I":{"unit":"A","value":[-0.002159,-0.001617,-0.001165,-0.0007650000000000001,-0.000484,-0.000204,2.8e-5,0.000211,0.00035099999999999997,0.000458,0.000541,0.0006129999999999999,0.0006670000000000001,0.0007059999999999999,0.000746,0.000768,0.000786,0.0008060000000000001,0.000812,0.000823,0.000832,0.0008349999999999999,0.000842,0.0008449999999999999,0.000848,0.000856,0.0008539999999999999,0.000858,0.00086,0.000859,0.0008629999999999999,0.000861,0.00086,0.000866,0.000861,0.000865,0.000865,0.000862,0.000867,0.000862,0.0008629999999999999,0.000868,0.000862]},"efficiency":{"unit":"%","value":9.697999999999999},"fill_factor":{"unit":"%","value":65.86938052330464},"jsc":{"unit":"mA\/cm2","value":21.575},"isc":{"unit":"mA","value":0.863},"voc":{"unit":"V","value":0.6824137931034484},"sweep_direction":{"unit":"","value":"Reverse"},"key":"reverse_2_323011908"},{"V":{"unit":"V","value":[0.8,0.78,0.76,0.74,0.72,0.7,0.68,0.66,0.64,0.62,0.6,0.58,0.56,0.54,0.52,0.5,0.48,0.46,0.44,0.42,0.4,0.38,0.36,0.34,0.32,0.3,0.28,0.26,0.24,0.22,0.2,0.18,0.16,0.14,0.12,0.1,0.08,0.06,0.04,0.02,0,-0.02,-0.04]},"J":{"unit":"A\/cm2","value":[-0.0616,-0.045399999999999996,-0.0322,-0.0209,-0.012775,-0.0050999999999999995,0.0010249999999999999,0.0056749999999999995,0.0093,0.011875,0.013925,0.015725,0.01695,0.01805,0.0189,0.019375,0.01995,0.020125,0.020399999999999998,0.020625,0.020674999999999995,0.020849999999999997,0.0209,0.0209,0.021075,0.021075,0.021075,0.021224999999999997,0.02115,0.021224999999999997,0.021275,0.02115,0.021375,0.021224999999999997,0.0213,0.021375,0.02125,0.021375,0.021349999999999997,0.021275,0.021375,0.0213,0.021325]},"I":{"unit":"A","value":[-0.002464,-0.0018160000000000001,-0.001288,-0.0008359999999999999,-0.0005110000000000001,-0.000204,4.1e-5,0.00022700000000000002,0.000372,0.000475,0.0005570000000000001,0.000629,0.000678,0.000722,0.000756,0.000775,0.000798,0.000805,0.000816,0.000825,0.0008269999999999999,0.000834,0.0008359999999999999,0.0008359999999999999,0.000843,0.000843,0.000843,0.0008489999999999999,0.000846,0.0008489999999999999,0.000851,0.000846,0.000855,0.0008489999999999999,0.000852,0.000855,0.00085,0.000855,0.0008539999999999999,0.000851,0.000855,0.000852,0.000853]},"efficiency":{"unit":"%","value":9.828000000000001},"fill_factor":{"unit":"%","value":67.28492477161126},"jsc":{"unit":"mA\/cm2","value":21.375},"isc":{"unit":"mA","value":0.855},"voc":{"unit":"V","value":0.6833469387755102},"sweep_direction":{"unit":"","value":"Reverse"},"key":"reverse_1_323011908"},{"V":{"unit":"V","value":[-0.04,-0.02,0,0.02,0.04,0.06,0.08,0.1,0.12,0.14,0.16,0.18,0.2,0.22,0.24,0.26,0.28,0.3,0.32,0.34,0.36,0.38,0.4,0.42,0.44,0.46,0.48,0.5,0.52,0.54,0.56,0.58,0.6,0.62,0.64,0.66,0.68,0.7,0.72,0.74,0.76,0.78,0.8]},"J":{"unit":"A\/cm2","value":[0.022225,0.021974999999999998,0.021875,0.021825,0.0218,0.021825,0.021724999999999998,0.021849999999999998,0.021675,0.021849999999999998,0.021775,0.02175,0.0218,0.021724999999999998,0.02175,0.021724999999999998,0.021675,0.021724999999999998,0.0217,0.021625,0.0217,0.021599999999999998,0.021575,0.02155,0.021375,0.02145,0.021175,0.02095,0.0207,0.020125,0.01965,0.018675,0.017525,0.01595,0.013725000000000001,0.01085,0.007000000000000001,0.0018499999999999999,-0.00475,-0.013125,-0.023524999999999997,-0.03584999999999999,-0.0503]},"I":{"unit":"A","value":[0.000889,0.000879,0.000875,0.000873,0.0008719999999999999,0.000873,0.000869,0.000874,0.000867,0.000874,0.000871,0.00087,0.0008719999999999999,0.000869,0.00087,0.000869,0.000867,0.000869,0.000868,0.000865,0.000868,0.000864,0.0008629999999999999,0.000862,0.000855,0.000858,0.000847,0.000838,0.000828,0.000805,0.000786,0.000747,0.0007009999999999999,0.000638,0.000549,0.000434,0.00028000000000000003,7.4e-5,-0.00019,-0.0005250000000000001,-0.000941,-0.001434,-0.002012]},"efficiency":{"unit":"%","value":11.004000000000001},"fill_factor":{"unit":"%","value":71.29190465965216},"jsc":{"unit":"mA\/cm2","value":21.875},"isc":{"unit":"mA","value":0.875},"voc":{"unit":"V","value":0.7056060606060605},"sweep_direction":{"unit":"","value":"Forward"},"key":"forward_2_323011908"},{"V":{"unit":"V","value":[-0.04,-0.02,0,0.02,0.04,0.06,0.08,0.1,0.12,0.14,0.16,0.18,0.2,0.22,0.24,0.26,0.28,0.3,0.32,0.34,0.36,0.38,0.4,0.42,0.44,0.46,0.48,0.5,0.52,0.54,0.56,0.58,0.6,0.62,0.64,0.66,0.68,0.7,0.72,0.74,0.76,0.78,0.8]},"J":{"unit":"A\/cm2","value":[0.0219,0.02165,0.0217,0.021575,0.021625,0.021625,0.021474999999999998,0.02165,0.021525,0.02155,0.021599999999999998,0.0215,0.02155,0.0215,0.02145,0.0215,0.021425,0.0214,0.021474999999999998,0.021349999999999997,0.021375,0.021349999999999997,0.021175,0.021224999999999997,0.021075,0.0209,0.020799999999999996,0.020349999999999997,0.020175000000000002,0.01965,0.018975000000000002,0.01815,0.01695,0.015349999999999999,0.013275,0.010275,0.0064,0.0012250000000000002,-0.005775000000000001,-0.014799999999999999,-0.02625,-0.040225000000000004,-0.05675]},"I":{"unit":"A","value":[0.000876,0.000866,0.000868,0.0008629999999999999,0.000865,0.000865,0.000859,0.000866,0.000861,0.000862,0.000864,0.00086,0.000862,0.00086,0.000858,0.00086,0.000857,0.000856,0.000859,0.0008539999999999999,0.000855,0.0008539999999999999,0.000847,0.0008489999999999999,0.000843,0.0008359999999999999,0.000832,0.0008139999999999999,0.0008070000000000001,0.000786,0.000759,0.000726,0.000678,0.000614,0.000531,0.00041099999999999996,0.000256,4.9000000000000005e-5,-0.000231,-0.000592,-0.0010500000000000002,-0.001609,-0.00227]},"efficiency":{"unit":"%","value":10.626000000000001},"fill_factor":{"unit":"%","value":69.60588761262811},"jsc":{"unit":"mA\/cm2","value":21.7},"isc":{"unit":"mA","value":0.868},"voc":{"unit":"V","value":0.7035},"sweep_direction":{"unit":"","value":"Forward"},"key":"forward_1_323011908"}]}}