{"_id":"653114c126db9e48202e7364","id":"CAU-SC-00410","author":63,"group":7,"input":[{"tco":{"unit":"","value":"ITO"}},[],{"htl":[{"material":{"unit":"","value":"PEDOT:PSS"},"concentration":{"unit":"","value":"None"},"conc_unit":{"unit":"","value":"mg\/ml"},"quantity":{"unit":"ml","value":"0.05"}}],"spin_coating":[{"type":{"unit":"","value":"drop&run"},"rpm":{"unit":"","value":"5000"},"time":{"unit":"s","value":"45"}}],"annealing":[{"temperature":{"unit":"oC","value":"150"},"time":{"unit":"m","value":"20"}}]},[],{"perovskite":{"method":{"unit":"","value":"1step"},"molarity":{"unit":"M","value":"0.8"},"a_site":[{"material":{"unit":"","value":"FA"},"ratio":{"unit":"","value":"85"}},{"material":{"unit":"","value":"PEA"},"ratio":{"unit":"","value":"15"}}],"b_site":[{"material":{"unit":"","value":"Sn"},"ratio":{"unit":"","value":"100"}}],"x_site":[{"material":{"unit":"","value":"I"},"ratio":{"unit":"","value":"100"}}],"solvent":[{"material":{"unit":"","value":"DMF"},"volume":{"unit":"ml","value":"0.8"}},{"material":{"unit":"","value":"DMSO"},"volume":{"unit":"ml","value":"0.2"}}],"additive":[{"material":{"unit":"","value":"SnF2"},"solvent":{"unit":"","value":"none"},"concentration":{"unit":"","value":"25.0"},"conc_unit":{"unit":"","value":"mg\/ml"},"quantity":{"unit":"mol%","value":"20"}}],"stirring_time":[{"unit":"m","value":"60"}],"antisolvent":[{"material":{"unit":"","value":"CB"},"quantity":{"unit":"ul","value":"240"},"dripping_time":{"unit":"s","value":"10"}},{"material":{"unit":"","value":"Toluene"},"quantity":{"unit":"ul","value":"60"},"dripping_time":{"unit":"s","value":"10"}}],"spin_coating":[{"type":{"unit":"","value":"drop&run"},"rpm":{"unit":"","value":"8000"},"time":{"unit":"s","value":"30"}}],"annealing":[{"temperature":{"unit":"oC","value":"70"},"time":{"unit":"m","value":"10"}}],"atmosphere":[{"type":{"unit":"","value":"N2"},"temperature":{"unit":"oC","value":"25"},"humidity":{"unit":"RH%","value":"0"}}]}},{"etl":[{"material":{"unit":"","value":"PC61BM"},"concentration":{"unit":"","value":"20"},"conc_unit":{"unit":"","value":"mg\/ml"},"quantity":{"unit":"ml","value":"0.05"}}],"solvent":[{"material":{"unit":"","value":"CB"},"volume":{"unit":"ml","value":"1"}}],"spin_coating":[{"type":{"unit":"","value":"drop&run"},"rpm":{"unit":"","value":"400"},"time":{"unit":"s","value":"2"}},{"type":{"unit":"","value":"drop&run"},"rpm":{"unit":"","value":"1500"},"time":{"unit":"s","value":"30"}}],"annealing":[{"temperature":{"unit":"oC","value":"70"},"time":{"unit":"m","value":"10"}}]},{"anode_metal":{"unit":"","value":"Ag"}},{"note":{"unit":"","value":"PEA0.15FA0.85SnI3 0.8M CB\/Tol 8:2 10s"},"ar":{"unit":"","value":"0"},"type":{"unit":"","value":"unit_cell"},"device_type":{"unit":"","value":"p-i-n"},"temperature":{"unit":"\u2103","value":"25"},"humidity":{"unit":"%","value":"30"},"cell_dimension":{"unit":"cm2","value":"0.04"}}],"fileinfo":[{"key":"321042003","uploadType":"JV","original_name":"321042003.xlsx","save_name":"CAU-SC-00410\/321042003","uploader":63,"fileType":"group"}],"jvcnt":18,"updated_at":"2024-06-03 08:38:35","created_at":"2023-10-19 11:36:33","analysisInfo":{"JV":[{"efficiency":4.0893999999999995,"fill_factor":62.466949732487244,"jsc":14.805000000000001,"voc":0.4421818181818181,"key":"reverse_9_321042003","cell_dimension":null},{"efficiency":4.764825,"fill_factor":68.96736174240004,"jsc":15.316250000000004,"voc":0.45107722007722006,"key":"reverse_8_321042003","cell_dimension":null},{"efficiency":4.368799999999999,"fill_factor":68.66662245485475,"jsc":14.34,"voc":0.44367741935483873,"key":"reverse_7_321042003","cell_dimension":null},{"efficiency":4.394025000000001,"fill_factor":66.19713506465236,"jsc":14.702499999999999,"voc":0.4514733727810651,"key":"reverse_6_321042003","cell_dimension":null},{"efficiency":4.5153,"fill_factor":67.5539950708267,"jsc":14.989999999999997,"voc":0.4458963730569948,"key":"reverse_5_321042003","cell_dimension":null},{"efficiency":4.59775,"fill_factor":69.36782988786837,"jsc":14.84125,"voc":0.44659798994974875,"key":"reverse_4_321042003","cell_dimension":null},{"efficiency":4.6719,"fill_factor":69.75999331054238,"jsc":14.622500000000002,"voc":0.458,"key":"reverse_3_321042003","cell_dimension":null},{"efficiency":4.6678749999999996,"fill_factor":68.67709447151465,"jsc":15.14125,"voc":0.4488958333333333,"key":"reverse_2_321042003","cell_dimension":null},{"efficiency":4.4288,"fill_factor":66.0911149792232,"jsc":15.0175,"voc":0.4462162162162162,"key":"reverse_1_321042003","cell_dimension":null},{"efficiency":4.267,"fill_factor":63.91179529852299,"jsc":15,"voc":0.4450925925925926,"key":"forward_9_321042003","cell_dimension":null},{"efficiency":4.86,"fill_factor":69.12777951769496,"jsc":15.5,"voc":0.4535779816513762,"key":"forward_8_321042003","cell_dimension":null},{"efficiency":4.445500000000001,"fill_factor":68.97694310531062,"jsc":14.424999999999999,"voc":0.4467873303167421,"key":"forward_7_321042003","cell_dimension":null},{"efficiency":4.488,"fill_factor":66.47350150428143,"jsc":14.899999999999999,"voc":0.45312500000000006,"key":"forward_6_321042003","cell_dimension":null},{"efficiency":4.608,"fill_factor":67.8398328583828,"jsc":15.149999999999999,"voc":0.44834782608695656,"key":"forward_5_321042003","cell_dimension":null},{"efficiency":4.6530000000000005,"fill_factor":69.07287449392713,"jsc":15,"voc":0.4490909090909091,"key":"forward_4_321042003","cell_dimension":null},{"efficiency":4.743,"fill_factor":69.31434780122378,"jsc":14.85,"voc":0.4607905138339921,"key":"forward_3_321042003","cell_dimension":null},{"efficiency":4.734,"fill_factor":68.31877826377047,"jsc":15.375,"voc":0.45068493150684935,"key":"forward_2_321042003","cell_dimension":null},{"efficiency":4.5475,"fill_factor":66.10111700660836,"jsc":15.325,"voc":0.44891428571428577,"key":"forward_1_321042003","cell_dimension":null}]},"public":2,"analysis":{"JV":[{"V":{"unit":"V","value":[0.482,0.462,0.442,0.422,0.402,0.382,0.362,0.342,0.322,0.302,0.282,0.262,0.242,0.222,0.202,0.182,0.162,0.142,0.122,0.102,0.082,0.062,0.042,0.022,0.002,-0.018,-0.038]},"J":{"unit":"A\/cm2","value":[-0.012074999999999999,-0.00545,5.0e-5,0.004200000000000001,0.007324999999999999,0.009349999999999999,0.0109,0.011924999999999998,0.0127,0.013275,0.013675000000000001,0.014025000000000001,0.014224999999999998,0.014424999999999999,0.014499999999999999,0.0147,0.014674999999999999,0.014799999999999999,0.014725,0.01485,0.014774999999999998,0.01485,0.014799999999999999,0.01485,0.014799999999999999,0.01485,0.01485]},"I":{"unit":"A","value":[-0.000483,-0.00021799999999999999,2.0e-6,0.00016800000000000002,0.00029299999999999997,0.000374,0.00043599999999999997,0.000477,0.000508,0.000531,0.0005470000000000001,0.0005610000000000001,0.000569,0.0005769999999999999,0.00058,0.000588,0.000587,0.000592,0.000589,0.000594,0.0005909999999999999,0.000594,0.000592,0.000594,0.000592,0.000594,0.000594]},"efficiency":{"unit":"%","value":4.0893999999999995},"fill_factor":{"unit":"%","value":62.466949732487244},"jsc":{"unit":"mA\/cm2","value":14.805000000000001},"isc":{"unit":"mA","value":0.5922000000000001},"voc":{"unit":"V","value":0.4421818181818181},"sweep_direction":{"unit":"","value":"Reverse"},"key":"reverse_9_321042003"},{"V":{"unit":"V","value":[0.491,0.471,0.451,0.431,0.411,0.391,0.371,0.351,0.331,0.311,0.291,0.271,0.251,0.231,0.211,0.191,0.171,0.151,0.131,0.111,0.091,0.071,0.051,0.031,0.011,-0.009,-0.029]},"J":{"unit":"A\/cm2","value":[-0.014174999999999998,-0.00645,2.5e-5,0.004925,0.008649999999999998,0.010924999999999999,0.012625,0.013575,0.014249999999999999,0.014624999999999997,0.014899999999999998,0.015,0.015099999999999999,0.015175,0.0152,0.015274999999999999,0.015224999999999999,0.0153,0.015274999999999999,0.015325,0.01525,0.015375,0.015224999999999999,0.015375,0.015274999999999999,0.015349999999999999,0.015325]},"I":{"unit":"A","value":[-0.0005669999999999999,-0.000258,1.0e-6,0.00019700000000000002,0.00034599999999999995,0.000437,0.000505,0.0005430000000000001,0.00057,0.000585,0.000596,0.0006,0.0006039999999999999,0.000607,0.000608,0.000611,0.000609,0.000612,0.000611,0.0006129999999999999,0.00061,0.000615,0.000609,0.000615,0.000611,0.000614,0.0006129999999999999]},"efficiency":{"unit":"%","value":4.764825},"fill_factor":{"unit":"%","value":68.96736174240004},"jsc":{"unit":"mA\/cm2","value":15.316250000000004},"isc":{"unit":"mA","value":0.6126500000000001},"voc":{"unit":"V","value":0.45107722007722006},"sweep_direction":{"unit":"","value":"Reverse"},"key":"reverse_8_321042003"},{"V":{"unit":"V","value":[0.484,0.464,0.444,0.424,0.404,0.384,0.364,0.344,0.324,0.304,0.284,0.264,0.244,0.224,0.204,0.184,0.164,0.144,0.124,0.104,0.084,0.064,0.044,0.024,0.004,-0.016,-0.036]},"J":{"unit":"A\/cm2","value":[-0.0128,-0.00585,-7.5e-5,0.004575,0.0079,0.010174999999999998,0.011625,0.0127,0.013200000000000002,0.013675000000000001,0.01375,0.01405,0.014074999999999997,0.014199999999999999,0.014174999999999998,0.014299999999999998,0.014224999999999998,0.014299999999999998,0.014299999999999998,0.014325,0.014325,0.014325,0.014374999999999999,0.014299999999999998,0.014349999999999998,0.014299999999999998,0.014374999999999999]},"I":{"unit":"A","value":[-0.000512,-0.00023400000000000002,-3.0e-6,0.000183,0.000316,0.00040699999999999997,0.000465,0.000508,0.000528,0.0005470000000000001,0.00055,0.0005620000000000001,0.0005629999999999999,0.0005679999999999999,0.0005669999999999999,0.0005719999999999999,0.000569,0.0005719999999999999,0.0005719999999999999,0.0005729999999999999,0.0005729999999999999,0.0005729999999999999,0.000575,0.0005719999999999999,0.000574,0.0005719999999999999,0.000575]},"efficiency":{"unit":"%","value":4.368799999999999},"fill_factor":{"unit":"%","value":68.66662245485475},"jsc":{"unit":"mA\/cm2","value":14.34},"isc":{"unit":"mA","value":0.5736},"voc":{"unit":"V","value":0.44367741935483873},"sweep_direction":{"unit":"","value":"Reverse"},"key":"reverse_7_321042003"},{"V":{"unit":"V","value":[0.491,0.471,0.451,0.431,0.411,0.391,0.371,0.351,0.331,0.311,0.291,0.271,0.251,0.231,0.211,0.191,0.171,0.151,0.131,0.111,0.091,0.071,0.051,0.031,0.011,-0.009,-0.029]},"J":{"unit":"A\/cm2","value":[-0.008774999999999998,-0.004125,0.0001,0.0037749999999999997,0.006775000000000001,0.0092,0.011075,0.012299999999999998,0.013275,0.013725000000000001,0.014124999999999999,0.014299999999999998,0.014474999999999998,0.014499999999999999,0.014624999999999997,0.014575,0.014674999999999999,0.014624999999999997,0.0147,0.014649999999999998,0.0147,0.014674999999999999,0.014674999999999999,0.014725,0.014674999999999999,0.014725,0.014649999999999998]},"I":{"unit":"A","value":[-0.00035099999999999997,-0.000165,4.0e-6,0.00015099999999999998,0.00027100000000000003,0.000368,0.000443,0.000492,0.000531,0.000549,0.000565,0.0005719999999999999,0.000579,0.00058,0.000585,0.000583,0.000587,0.000585,0.000588,0.0005859999999999999,0.000588,0.000587,0.000587,0.000589,0.000587,0.000589,0.0005859999999999999]},"efficiency":{"unit":"%","value":4.394025000000001},"fill_factor":{"unit":"%","value":66.19713506465236},"jsc":{"unit":"mA\/cm2","value":14.702499999999999},"isc":{"unit":"mA","value":0.5881},"voc":{"unit":"V","value":0.4514733727810651},"sweep_direction":{"unit":"","value":"Reverse"},"key":"reverse_6_321042003"},{"V":{"unit":"V","value":[0.486,0.466,0.446,0.426,0.406,0.386,0.366,0.346,0.326,0.306,0.286,0.266,0.246,0.226,0.206,0.186,0.166,0.146,0.126,0.106,0.086,0.066,0.046,0.026,0.006,-0.014,-0.034]},"J":{"unit":"A\/cm2","value":[-0.01365,-0.006175,-2.5e-5,0.0048,0.00825,0.0105,0.012049999999999998,0.01305,0.0137,0.014099999999999998,0.014374999999999999,0.014549999999999999,0.014674999999999999,0.014725,0.01485,0.014799999999999999,0.014924999999999999,0.014874999999999998,0.01495,0.014924999999999999,0.01495,0.014874999999999998,0.015024999999999998,0.01495,0.014975,0.015024999999999998,0.014975]},"I":{"unit":"A","value":[-0.000546,-0.000247,-1.0e-6,0.000192,0.00033,0.00041999999999999996,0.000482,0.000522,0.0005480000000000001,0.0005639999999999999,0.000575,0.0005819999999999999,0.000587,0.000589,0.000594,0.000592,0.000597,0.0005949999999999999,0.000598,0.000597,0.000598,0.0005949999999999999,0.000601,0.000598,0.0005989999999999999,0.000601,0.0005989999999999999]},"efficiency":{"unit":"%","value":4.5153},"fill_factor":{"unit":"%","value":67.5539950708267},"jsc":{"unit":"mA\/cm2","value":14.989999999999997},"isc":{"unit":"mA","value":0.5995999999999999},"voc":{"unit":"V","value":0.4458963730569948},"sweep_direction":{"unit":"","value":"Reverse"},"key":"reverse_5_321042003"},{"V":{"unit":"V","value":[0.487,0.467,0.447,0.427,0.407,0.387,0.367,0.347,0.327,0.307,0.287,0.267,0.247,0.227,0.207,0.187,0.167,0.147,0.127,0.107,0.087,0.067,0.047,0.027,0.007,-0.013,-0.033]},"J":{"unit":"A\/cm2","value":[-0.013900000000000001,-0.006325,-0.0001,0.004875,0.008275000000000001,0.01075,0.012174999999999998,0.01325,0.013775,0.014249999999999999,0.014374999999999999,0.0146,0.014549999999999999,0.014749999999999997,0.014649999999999998,0.014799999999999999,0.014749999999999997,0.014825,0.014774999999999998,0.014825,0.014799999999999999,0.014799999999999999,0.014825,0.014825,0.01485,0.014825,0.014899999999999998]},"I":{"unit":"A","value":[-0.0005560000000000001,-0.000253,-4.0e-6,0.000195,0.000331,0.00043,0.00048699999999999997,0.00053,0.0005510000000000001,0.00057,0.000575,0.000584,0.0005819999999999999,0.0005899999999999999,0.0005859999999999999,0.000592,0.0005899999999999999,0.000593,0.0005909999999999999,0.000593,0.000592,0.000592,0.000593,0.000593,0.000594,0.000593,0.000596]},"efficiency":{"unit":"%","value":4.59775},"fill_factor":{"unit":"%","value":69.36782988786837},"jsc":{"unit":"mA\/cm2","value":14.84125},"isc":{"unit":"mA","value":0.59365},"voc":{"unit":"V","value":0.44659798994974875},"sweep_direction":{"unit":"","value":"Reverse"},"key":"reverse_4_321042003"},{"V":{"unit":"V","value":[0.498,0.478,0.458,0.438,0.418,0.398,0.378,0.358,0.338,0.318,0.298,0.278,0.258,0.238,0.218,0.198,0.178,0.158,0.138,0.118,0.098,0.078,0.058,0.038,0.018,-0.002,-0.022]},"J":{"unit":"A\/cm2","value":[-0.013425000000000001,-0.006125,0,0.004775000000000001,0.00825,0.010524999999999998,0.012049999999999998,0.01305,0.013600000000000001,0.014000000000000002,0.014124999999999999,0.014349999999999998,0.014349999999999998,0.014474999999999998,0.014424999999999999,0.014549999999999999,0.014524999999999998,0.014649999999999998,0.014549999999999999,0.014649999999999998,0.014575,0.014649999999999998,0.0146,0.014649999999999998,0.0146,0.014624999999999997,0.014649999999999998]},"I":{"unit":"A","value":[-0.000537,-0.000245,0,0.000191,0.00033,0.000421,0.000482,0.000522,0.000544,0.0005600000000000001,0.000565,0.000574,0.000574,0.000579,0.0005769999999999999,0.0005819999999999999,0.0005809999999999999,0.0005859999999999999,0.0005819999999999999,0.0005859999999999999,0.000583,0.0005859999999999999,0.000584,0.0005859999999999999,0.000584,0.000585,0.0005859999999999999]},"efficiency":{"unit":"%","value":4.6719},"fill_factor":{"unit":"%","value":69.75999331054238},"jsc":{"unit":"mA\/cm2","value":14.622500000000002},"isc":{"unit":"mA","value":0.5849000000000001},"voc":{"unit":"V","value":0.458},"sweep_direction":{"unit":"","value":"Reverse"},"key":"reverse_3_321042003"},{"V":{"unit":"V","value":[0.489,0.469,0.449,0.429,0.409,0.389,0.369,0.349,0.329,0.309,0.289,0.269,0.249,0.229,0.209,0.189,0.169,0.149,0.129,0.109,0.089,0.069,0.049,0.029,0.009,-0.011,-0.031]},"J":{"unit":"A\/cm2","value":[-0.012975,-0.0059499999999999996,-2.5e-5,0.004775000000000001,0.008225,0.0107,0.012225,0.013375,0.013925,0.014399999999999998,0.014549999999999999,0.014799999999999999,0.014825,0.01495,0.014975,0.01505,0.015099999999999999,0.015075,0.015099999999999999,0.015099999999999999,0.015149999999999999,0.015099999999999999,0.015175,0.015125,0.015175,0.015099999999999999,0.015224999999999999]},"I":{"unit":"A","value":[-0.000519,-0.00023799999999999998,-1.0e-6,0.000191,0.00032900000000000003,0.000428,0.000489,0.000535,0.0005570000000000001,0.0005759999999999999,0.0005819999999999999,0.000592,0.000593,0.000598,0.0005989999999999999,0.000602,0.0006039999999999999,0.000603,0.0006039999999999999,0.0006039999999999999,0.000606,0.0006039999999999999,0.000607,0.000605,0.000607,0.0006039999999999999,0.000609]},"efficiency":{"unit":"%","value":4.6678749999999996},"fill_factor":{"unit":"%","value":68.67709447151465},"jsc":{"unit":"mA\/cm2","value":15.14125},"isc":{"unit":"mA","value":0.60565},"voc":{"unit":"V","value":0.4488958333333333},"sweep_direction":{"unit":"","value":"Reverse"},"key":"reverse_2_321042003"},{"V":{"unit":"V","value":[0.486,0.466,0.446,0.426,0.406,0.386,0.366,0.346,0.326,0.306,0.286,0.266,0.246,0.226,0.206,0.186,0.166,0.146,0.126,0.106,0.086,0.066,0.046,0.026,0.006,-0.014,-0.034]},"J":{"unit":"A\/cm2","value":[-0.00975,-0.004575,5.0e-5,0.0040750000000000005,0.007174999999999999,0.009699999999999999,0.011525,0.0128,0.013550000000000001,0.014074999999999997,0.01445,0.014575,0.014799999999999999,0.014774999999999998,0.014924999999999999,0.014874999999999998,0.014975,0.014899999999999998,0.015,0.014899999999999998,0.015024999999999998,0.014924999999999999,0.015,0.01495,0.015024999999999998,0.015,0.015024999999999998]},"I":{"unit":"A","value":[-0.00039,-0.000183,2.0e-6,0.000163,0.000287,0.000388,0.00046100000000000004,0.000512,0.0005420000000000001,0.0005629999999999999,0.000578,0.000583,0.000592,0.0005909999999999999,0.000597,0.0005949999999999999,0.0005989999999999999,0.000596,0.0006,0.000596,0.000601,0.000597,0.0006,0.000598,0.000601,0.0006,0.000601]},"efficiency":{"unit":"%","value":4.4288},"fill_factor":{"unit":"%","value":66.0911149792232},"jsc":{"unit":"mA\/cm2","value":15.0175},"isc":{"unit":"mA","value":0.6007},"voc":{"unit":"V","value":0.4462162162162162},"sweep_direction":{"unit":"","value":"Reverse"},"key":"reverse_1_321042003"},{"V":{"unit":"V","value":[-0.04,-0.02,0,0.02,0.04,0.06,0.08,0.1,0.12,0.14,0.16,0.18,0.2,0.22,0.24,0.26,0.28,0.3,0.32,0.34,0.36,0.38,0.4,0.42,0.44,0.46,0.48,0.5,0.52,0.54]},"J":{"unit":"A\/cm2","value":[0.015125,0.015024999999999998,0.015,0.014975,0.01495,0.014924999999999999,0.014924999999999999,0.01485,0.01495,0.014799999999999999,0.014899999999999998,0.014774999999999998,0.014749999999999997,0.014575,0.014499999999999999,0.014249999999999999,0.01405,0.01365,0.013200000000000002,0.012549999999999999,0.011575,0.01025,0.00825,0.005399999999999999,0.001375,-0.004025,-0.010799999999999999,-0.018850000000000002,-0.028199999999999996,-0.0385]},"I":{"unit":"A","value":[0.000605,0.000601,0.0006,0.0005989999999999999,0.000598,0.000597,0.000597,0.000594,0.000598,0.000592,0.000596,0.0005909999999999999,0.0005899999999999999,0.000583,0.00058,0.00057,0.0005620000000000001,0.000546,0.000528,0.000502,0.00046300000000000003,0.00041,0.00033,0.000216,5.5e-5,-0.000161,-0.000432,-0.000754,-0.0011279999999999999,-0.0015400000000000001]},"efficiency":{"unit":"%","value":4.267},"fill_factor":{"unit":"%","value":63.91179529852299},"jsc":{"unit":"mA\/cm2","value":15},"isc":{"unit":"mA","value":0.6},"voc":{"unit":"V","value":0.4450925925925926},"sweep_direction":{"unit":"","value":"Forward"},"key":"forward_9_321042003"},{"V":{"unit":"V","value":[-0.04,-0.02,0,0.02,0.04,0.06,0.08,0.1,0.12,0.14,0.16,0.18,0.2,0.22,0.24,0.26,0.28,0.3,0.32,0.34,0.36,0.38,0.4,0.42,0.44,0.46,0.48,0.5,0.52,0.54]},"J":{"unit":"A\/cm2","value":[0.0157,0.015525,0.0155,0.015449999999999998,0.015449999999999998,0.0154,0.015449999999999998,0.015375,0.0154,0.015349999999999999,0.015375,0.015349999999999999,0.015349999999999999,0.01525,0.015274999999999999,0.015175,0.01505,0.014924999999999999,0.0146,0.014249999999999999,0.0135,0.0124,0.010549999999999999,0.007825,0.0036999999999999997,-0.0017500000000000003,-0.00895,-0.0177,-0.027724999999999996,-0.03885]},"I":{"unit":"A","value":[0.000628,0.000621,0.00062,0.000618,0.000618,0.000616,0.000618,0.000615,0.000616,0.000614,0.000615,0.000614,0.000614,0.00061,0.000611,0.000607,0.000602,0.000597,0.000584,0.00057,0.00054,0.000496,0.000422,0.000313,0.000148,-7.000000000000001e-5,-0.000358,-0.000708,-0.001109,-0.001554]},"efficiency":{"unit":"%","value":4.86},"fill_factor":{"unit":"%","value":69.12777951769496},"jsc":{"unit":"mA\/cm2","value":15.5},"isc":{"unit":"mA","value":0.62},"voc":{"unit":"V","value":0.4535779816513762},"sweep_direction":{"unit":"","value":"Forward"},"key":"forward_8_321042003"},{"V":{"unit":"V","value":[-0.04,-0.02,0,0.02,0.04,0.06,0.08,0.1,0.12,0.14,0.16,0.18,0.2,0.22,0.24,0.26,0.28,0.3,0.32,0.34,0.36,0.38,0.4,0.42,0.44,0.46,0.48,0.5,0.52,0.54]},"J":{"unit":"A\/cm2","value":[0.014624999999999997,0.014549999999999999,0.014424999999999999,0.014499999999999999,0.014374999999999999,0.014424999999999999,0.014374999999999999,0.014399999999999998,0.014374999999999999,0.014399999999999998,0.014325,0.014399999999999998,0.014274999999999998,0.014299999999999998,0.014249999999999999,0.014099999999999998,0.01405,0.013850000000000001,0.013550000000000001,0.013075000000000002,0.012275000000000001,0.010924999999999999,0.009025,0.005974999999999999,0.001875,-0.00365,-0.010549999999999999,-0.018625,-0.027700000000000002,-0.03775]},"I":{"unit":"A","value":[0.000585,0.0005819999999999999,0.0005769999999999999,0.00058,0.000575,0.0005769999999999999,0.000575,0.0005759999999999999,0.000575,0.0005759999999999999,0.0005729999999999999,0.0005759999999999999,0.000571,0.0005719999999999999,0.00057,0.0005639999999999999,0.0005620000000000001,0.000554,0.0005420000000000001,0.000523,0.000491,0.000437,0.000361,0.00023899999999999998,7.5e-5,-0.000146,-0.000422,-0.000745,-0.001108,-0.00151]},"efficiency":{"unit":"%","value":4.445500000000001},"fill_factor":{"unit":"%","value":68.97694310531062},"jsc":{"unit":"mA\/cm2","value":14.424999999999999},"isc":{"unit":"mA","value":0.577},"voc":{"unit":"V","value":0.4467873303167421},"sweep_direction":{"unit":"","value":"Forward"},"key":"forward_7_321042003"},{"V":{"unit":"V","value":[-0.04,-0.02,0,0.02,0.04,0.06,0.08,0.1,0.12,0.14,0.16,0.18,0.2,0.22,0.24,0.26,0.28,0.3,0.32,0.34,0.36,0.38,0.4,0.42,0.44,0.46,0.48,0.5,0.52,0.54]},"J":{"unit":"A\/cm2","value":[0.015075,0.014899999999999998,0.014899999999999998,0.014774999999999998,0.01485,0.014774999999999998,0.014799999999999999,0.014725,0.014825,0.014725,0.014774999999999998,0.0147,0.014725,0.014649999999999998,0.014624999999999997,0.014524999999999998,0.014374999999999999,0.01415,0.01375,0.013200000000000002,0.012174999999999998,0.010799999999999999,0.0087,0.00605,0.002625,-0.001375,-0.006175,-0.011175000000000001,-0.01665,-0.0224]},"I":{"unit":"A","value":[0.000603,0.000596,0.000596,0.0005909999999999999,0.000594,0.0005909999999999999,0.000592,0.000589,0.000593,0.000589,0.0005909999999999999,0.000588,0.000589,0.0005859999999999999,0.000585,0.0005809999999999999,0.000575,0.000566,0.00055,0.000528,0.00048699999999999997,0.000432,0.000348,0.000242,0.00010499999999999999,-5.5e-5,-0.000247,-0.000447,-0.000666,-0.000896]},"efficiency":{"unit":"%","value":4.488},"fill_factor":{"unit":"%","value":66.47350150428143},"jsc":{"unit":"mA\/cm2","value":14.899999999999999},"isc":{"unit":"mA","value":0.596},"voc":{"unit":"V","value":0.45312500000000006},"sweep_direction":{"unit":"","value":"Forward"},"key":"forward_6_321042003"},{"V":{"unit":"V","value":[-0.04,-0.02,0,0.02,0.04,0.06,0.08,0.1,0.12,0.14,0.16,0.18,0.2,0.22,0.24,0.26,0.28,0.3,0.32,0.34,0.36,0.38,0.4,0.42,0.44,0.46,0.48,0.5,0.52,0.54]},"J":{"unit":"A\/cm2","value":[0.015349999999999999,0.01525,0.015149999999999999,0.015149999999999999,0.015099999999999999,0.015099999999999999,0.01505,0.015024999999999998,0.015024999999999998,0.014975,0.015,0.01495,0.01495,0.014874999999999998,0.01485,0.014674999999999999,0.0146,0.014349999999999998,0.014099999999999998,0.013550000000000001,0.0128,0.011474999999999999,0.0096,0.006575,0.0024,-0.00335,-0.0107,-0.01945,-0.029499999999999995,-0.040625]},"I":{"unit":"A","value":[0.000614,0.00061,0.000606,0.000606,0.0006039999999999999,0.0006039999999999999,0.000602,0.000601,0.000601,0.0005989999999999999,0.0006,0.000598,0.000598,0.0005949999999999999,0.000594,0.000587,0.000584,0.000574,0.0005639999999999999,0.0005420000000000001,0.000512,0.00045900000000000004,0.000384,0.000263,9.6e-5,-0.000134,-0.000428,-0.000778,-0.0011799999999999998,-0.001625]},"efficiency":{"unit":"%","value":4.608},"fill_factor":{"unit":"%","value":67.8398328583828},"jsc":{"unit":"mA\/cm2","value":15.149999999999999},"isc":{"unit":"mA","value":0.606},"voc":{"unit":"V","value":0.44834782608695656},"sweep_direction":{"unit":"","value":"Forward"},"key":"forward_5_321042003"},{"V":{"unit":"V","value":[-0.04,-0.02,0,0.02,0.04,0.06,0.08,0.1,0.12,0.14,0.16,0.18,0.2,0.22,0.24,0.26,0.28,0.3,0.32,0.34,0.36,0.38,0.4,0.42,0.44,0.46,0.48,0.5,0.52,0.54]},"J":{"unit":"A\/cm2","value":[0.0152,0.015099999999999999,0.015,0.015024999999999998,0.014924999999999999,0.015,0.014874999999999998,0.014924999999999999,0.014899999999999998,0.014899999999999998,0.01485,0.01485,0.014825,0.014825,0.014749999999999997,0.0147,0.0146,0.014374999999999999,0.014174999999999998,0.013625,0.012925,0.0117,0.009800000000000001,0.006825,0.002625,-0.00315,-0.0105,-0.0193,-0.029299999999999996,-0.040475000000000004]},"I":{"unit":"A","value":[0.000608,0.0006039999999999999,0.0006,0.000601,0.000597,0.0006,0.0005949999999999999,0.000597,0.000596,0.000596,0.000594,0.000594,0.000593,0.000593,0.0005899999999999999,0.000588,0.000584,0.000575,0.0005669999999999999,0.000545,0.000517,0.00046800000000000005,0.00039200000000000004,0.000273,0.00010499999999999999,-0.000126,-0.00041999999999999996,-0.000772,-0.0011719999999999999,-0.001619]},"efficiency":{"unit":"%","value":4.6530000000000005},"fill_factor":{"unit":"%","value":69.07287449392713},"jsc":{"unit":"mA\/cm2","value":15},"isc":{"unit":"mA","value":0.6},"voc":{"unit":"V","value":0.4490909090909091},"sweep_direction":{"unit":"","value":"Forward"},"key":"forward_4_321042003"},{"V":{"unit":"V","value":[-0.04,-0.02,0,0.02,0.04,0.06,0.08,0.1,0.12,0.14,0.16,0.18,0.2,0.22,0.24,0.26,0.28,0.3,0.32,0.34,0.36,0.38,0.4,0.42,0.44,0.46,0.48,0.5,0.52,0.54]},"J":{"unit":"A\/cm2","value":[0.01505,0.014825,0.01485,0.014725,0.014774999999999998,0.0147,0.0147,0.014649999999999998,0.0147,0.014649999999999998,0.0147,0.014649999999999998,0.014624999999999997,0.014649999999999998,0.014549999999999999,0.014549999999999999,0.01445,0.014325,0.014074999999999997,0.013850000000000001,0.013175000000000001,0.012325,0.010775,0.0085,0.004975,0.00025,-0.006075,-0.013825,-0.02275,-0.032625]},"I":{"unit":"A","value":[0.000602,0.000593,0.000594,0.000589,0.0005909999999999999,0.000588,0.000588,0.0005859999999999999,0.000588,0.0005859999999999999,0.000588,0.0005859999999999999,0.000585,0.0005859999999999999,0.0005819999999999999,0.0005819999999999999,0.000578,0.0005729999999999999,0.0005629999999999999,0.000554,0.000527,0.000493,0.000431,0.00034,0.000199,1.0e-5,-0.000243,-0.000553,-0.00091,-0.001305]},"efficiency":{"unit":"%","value":4.743},"fill_factor":{"unit":"%","value":69.31434780122378},"jsc":{"unit":"mA\/cm2","value":14.85},"isc":{"unit":"mA","value":0.594},"voc":{"unit":"V","value":0.4607905138339921},"sweep_direction":{"unit":"","value":"Forward"},"key":"forward_3_321042003"},{"V":{"unit":"V","value":[-0.04,-0.02,0,0.02,0.04,0.06,0.08,0.1,0.12,0.14,0.16,0.18,0.2,0.22,0.24,0.26,0.28,0.3,0.32,0.34,0.36,0.38,0.4,0.42,0.44,0.46,0.48,0.5,0.52,0.54]},"J":{"unit":"A\/cm2","value":[0.015574999999999999,0.0155,0.015375,0.0154,0.015325,0.015375,0.015224999999999999,0.015349999999999999,0.0152,0.015274999999999999,0.0152,0.0152,0.015149999999999999,0.015125,0.015024999999999998,0.01495,0.014825,0.014649999999999998,0.014424999999999999,0.013850000000000001,0.01315,0.011824999999999999,0.009925000000000002,0.006925000000000001,0.002925,-0.0025499999999999997,-0.0093,-0.01725,-0.02605,-0.035775]},"I":{"unit":"A","value":[0.000623,0.00062,0.000615,0.000616,0.0006129999999999999,0.000615,0.000609,0.000614,0.000608,0.000611,0.000608,0.000608,0.000606,0.000605,0.000601,0.000598,0.000593,0.0005859999999999999,0.0005769999999999999,0.000554,0.000526,0.00047299999999999995,0.000397,0.000277,0.00011700000000000001,-0.000102,-0.000372,-0.00069,-0.001042,-0.001431]},"efficiency":{"unit":"%","value":4.734},"fill_factor":{"unit":"%","value":68.31877826377047},"jsc":{"unit":"mA\/cm2","value":15.375},"isc":{"unit":"mA","value":0.615},"voc":{"unit":"V","value":0.45068493150684935},"sweep_direction":{"unit":"","value":"Forward"},"key":"forward_2_321042003"},{"V":{"unit":"V","value":[-0.04,-0.02,0,0.02,0.04,0.06,0.08,0.1,0.12,0.14,0.16,0.18,0.2,0.22,0.24,0.26,0.28,0.3,0.32,0.34,0.36,0.38,0.4,0.42,0.44,0.46,0.48,0.5,0.52]},"J":{"unit":"A\/cm2","value":[0.015525,0.0153,0.015325,0.0152,0.015224999999999999,0.015149999999999999,0.015149999999999999,0.015125,0.015149999999999999,0.015099999999999999,0.015099999999999999,0.01505,0.015,0.015024999999999998,0.01485,0.01485,0.014624999999999997,0.01445,0.01395,0.013375,0.012275000000000001,0.010825,0.00855,0.005725000000000001,0.00195,-0.0024249999999999996,-0.0076749999999999995,-0.013300000000000001,-0.01945]},"I":{"unit":"A","value":[0.000621,0.000612,0.0006129999999999999,0.000608,0.000609,0.000606,0.000606,0.000605,0.000606,0.0006039999999999999,0.0006039999999999999,0.000602,0.0006,0.000601,0.000594,0.000594,0.000585,0.000578,0.000558,0.000535,0.000491,0.000433,0.000342,0.000229,7.8e-5,-9.7e-5,-0.000307,-0.000532,-0.000778]},"efficiency":{"unit":"%","value":4.5475},"fill_factor":{"unit":"%","value":66.10111700660836},"jsc":{"unit":"mA\/cm2","value":15.325},"isc":{"unit":"mA","value":0.613},"voc":{"unit":"V","value":0.44891428571428577},"sweep_direction":{"unit":"","value":"Forward"},"key":"forward_1_321042003"}]}}