{"_id":"6531273e69ca747fb611adaa","id":"CAU-SC-00460","author":63,"group":7,"input":[{"tco":{"unit":"","value":"ITO"}},[],{"htl":[{"material":{"unit":"","value":"PEDOT:PSS"},"concentration":{"unit":"","value":"None"},"conc_unit":{"unit":"","value":"mg\/ml"},"quantity":{"unit":"ml","value":"0.05"}}],"spin_coating":[{"type":{"unit":"","value":"drop&run"},"rpm":{"unit":"","value":"5000"},"time":{"unit":"s","value":"45"}}],"annealing":[{"temperature":{"unit":"oC","value":"150"},"time":{"unit":"m","value":"20"}}]},[],{"perovskite":{"method":{"unit":"","value":"1step"},"molarity":{"unit":"M","value":"0.8"},"a_site":[{"material":{"unit":"","value":"FA"},"ratio":{"unit":"","value":"85"}},{"material":{"unit":"","value":"PEA"},"ratio":{"unit":"","value":"15"}}],"b_site":[{"material":{"unit":"","value":"Sn"},"ratio":{"unit":"","value":"100"}}],"x_site":[{"material":{"unit":"","value":"I"},"ratio":{"unit":"","value":"100"}}],"solvent":[{"material":{"unit":"","value":"DMF"},"volume":{"unit":"ml","value":"0.8"}},{"material":{"unit":"","value":"DMSO"},"volume":{"unit":"ml","value":"0.2"}}],"additive":[{"material":{"unit":"","value":"SnF2"},"solvent":{"unit":"","value":"none"},"concentration":{"unit":"","value":"18.7"},"conc_unit":{"unit":"","value":"mg\/ml"},"quantity":{"unit":"mol%","value":"15"}}],"stirring_time":[{"unit":"m","value":"60"}],"antisolvent":[{"material":{"unit":"","value":"CB"},"quantity":{"unit":"ul","value":"300"},"dripping_time":{"unit":"s","value":"12"}}],"spin_coating":[{"type":{"unit":"","value":"drop&run"},"rpm":{"unit":"","value":"8000"},"time":{"unit":"s","value":"30"}}],"annealing":[{"temperature":{"unit":"oC","value":"80"},"time":{"unit":"m","value":"10"}}],"atmosphere":[{"type":{"unit":"","value":"N2"},"temperature":{"unit":"oC","value":"25"},"humidity":{"unit":"RH%","value":"0"}}]}},{"etl":[{"material":{"unit":"","value":"PC61BM"},"concentration":{"unit":"","value":"20"},"conc_unit":{"unit":"","value":"mg\/ml"},"quantity":{"unit":"ml","value":"0.05"}}],"solvent":[{"material":{"unit":"","value":"CB"},"volume":{"unit":"ml","value":"1"}}],"spin_coating":[{"type":{"unit":"","value":"drop&run"},"rpm":{"unit":"","value":"400"},"time":{"unit":"s","value":"2"}},{"type":{"unit":"","value":"drop&run"},"rpm":{"unit":"","value":"1500"},"time":{"unit":"s","value":"30"}}],"annealing":[{"temperature":{"unit":"oC","value":"70"},"time":{"unit":"m","value":"10"}}]},{"anode_metal":{"unit":"","value":"Ag"}},{"note":{"unit":"","value":"PEA0.15FA0.85SnI3 0.8M SnF2 15% 80oC CB 12s"},"ar":{"unit":"","value":"0"},"type":{"unit":"","value":"unit_cell"},"device_type":{"unit":"","value":"p-i-n"},"temperature":{"unit":"\u2103","value":"25"},"humidity":{"unit":"%","value":"30"},"cell_dimension":{"unit":"cm2","value":"0.04"}}],"fileinfo":[{"key":"321041301","uploadType":"JV","original_name":"321041301.xlsx","save_name":"CAU-SC-00460\/321041301","uploader":63,"fileType":"group"}],"jvcnt":16,"updated_at":"2024-06-03 08:38:35","created_at":"2023-10-19 12:55:26","analysisInfo":{"JV":[{"efficiency":2.31,"fill_factor":64.5177771306245,"jsc":7.95,"voc":0.45036585365853654,"key":"reverse_8_321041301","cell_dimension":null},{"efficiency":2.4124,"fill_factor":58.59090619298156,"jsc":9.2525,"voc":0.44499999999999995,"key":"reverse_7_321041301","cell_dimension":null},{"efficiency":2.6788999999999996,"fill_factor":69.764709378689,"jsc":8.41,"voc":0.4565882352941176,"key":"reverse_6_321041301","cell_dimension":null},{"efficiency":2.091,"fill_factor":61.065831468341834,"jsc":7.7749999999999995,"voc":0.4404081632653062,"key":"reverse_5_321041301","cell_dimension":null},{"efficiency":2.69325,"fill_factor":72.06269938095294,"jsc":8.152500000000002,"voc":0.4584324324324324,"key":"reverse_4_321041301","cell_dimension":null},{"efficiency":2.3596,"fill_factor":64.50784206004903,"jsc":8.17625,"voc":0.447375,"key":"reverse_3_321041301","cell_dimension":null},{"efficiency":2.6224,"fill_factor":71.0622377680825,"jsc":8.16,"voc":0.4522409638554217,"key":"reverse_2_321041301","cell_dimension":null},{"efficiency":2.2865500000000005,"fill_factor":60.01951116437097,"jsc":8.46125,"voc":0.45024999999999993,"key":"reverse_1_321041301","cell_dimension":null},{"efficiency":2.349,"fill_factor":64.21215242018538,"jsc":8.1,"voc":0.4516279069767442,"key":"forward_8_321041301","cell_dimension":null},{"efficiency":2.652,"fill_factor":62.100568480665174,"jsc":9.4,"voc":0.4543076923076923,"key":"forward_7_321041301","cell_dimension":null},{"efficiency":2.6189999999999998,"fill_factor":69.02818506135714,"jsc":8.325000000000001,"voc":0.455748031496063,"key":"forward_6_321041301","cell_dimension":null},{"efficiency":2.2185,"fill_factor":63.183252079151146,"jsc":7.925,"voc":0.44305555555555554,"key":"forward_5_321041301","cell_dimension":null},{"efficiency":2.6999999999999997,"fill_factor":70.55359573345183,"jsc":8.325000000000001,"voc":0.45968503937007876,"key":"forward_4_321041301","cell_dimension":null},{"efficiency":2.4395,"fill_factor":64.67341244039878,"jsc":8.4,"voc":0.4490510948905109,"key":"forward_3_321041301","cell_dimension":null},{"efficiency":2.646,"fill_factor":69.3174286302383,"jsc":8.425,"voc":0.45308270676691725,"key":"forward_2_321041301","cell_dimension":null},{"efficiency":2.384,"fill_factor":60.187302363410055,"jsc":8.774999999999999,"voc":0.4513924050632911,"key":"forward_1_321041301","cell_dimension":null}]},"public":2,"analysis":{"JV":[{"V":{"unit":"V","value":[0.49,0.47,0.45,0.43,0.41,0.39,0.37,0.35,0.33,0.31,0.29,0.27,0.25,0.23,0.21,0.19,0.17,0.15,0.13,0.11,0.09,0.07,0.05,0.03,0.01,-0.01,-0.03]},"J":{"unit":"A\/cm2","value":[-0.009675000000000001,-0.004025,7.5e-5,0.002775,0.004449999999999999,0.005475,0.0062,0.006600000000000001,0.006925000000000001,0.007049999999999999,0.007225,0.007324999999999999,0.007425,0.007475,0.007549999999999999,0.007574999999999999,0.00765,0.0076749999999999995,0.007724999999999999,0.00775,0.0078,0.0078,0.0079,0.007875,0.00795,0.00795,0.008]},"I":{"unit":"A","value":[-0.00038700000000000003,-0.000161,3.0e-6,0.000111,0.000178,0.000219,0.000248,0.000264,0.000277,0.00028199999999999997,0.000289,0.00029299999999999997,0.000297,0.000299,0.00030199999999999997,0.000303,0.000306,0.000307,0.000309,0.00031,0.000312,0.000312,0.000316,0.000315,0.00031800000000000003,0.00031800000000000003,0.00032]},"efficiency":{"unit":"%","value":2.31},"fill_factor":{"unit":"%","value":64.5177771306245},"jsc":{"unit":"mA\/cm2","value":7.95},"isc":{"unit":"mA","value":0.318},"voc":{"unit":"V","value":0.45036585365853654},"sweep_direction":{"unit":"","value":"Reverse"},"key":"reverse_8_321041301"},{"V":{"unit":"V","value":[0.486,0.466,0.446,0.426,0.406,0.386,0.366,0.346,0.326,0.306,0.286,0.266,0.246,0.226,0.206,0.186,0.166,0.146,0.126,0.106,0.086,0.066,0.046,0.026,0.006,-0.014,-0.034]},"J":{"unit":"A\/cm2","value":[-0.008799999999999999,-0.0037749999999999997,-0.000125,0.002375,0.003975,0.005175,0.0060999999999999995,0.006825,0.0073999999999999995,0.007825,0.008199999999999999,0.008425,0.008649999999999998,0.008774999999999998,0.008924999999999999,0.00895,0.009075,0.009075,0.00915,0.00915,0.009224999999999999,0.009174999999999999,0.00925,0.0092,0.009275,0.0092,0.00925]},"I":{"unit":"A","value":[-0.000352,-0.00015099999999999998,-5.0e-6,9.5e-5,0.00015900000000000002,0.000207,0.000244,0.000273,0.000296,0.000313,0.000328,0.000337,0.00034599999999999995,0.00035099999999999997,0.000357,0.000358,0.000363,0.000363,0.000366,0.000366,0.00036899999999999997,0.000367,0.00037,0.000368,0.000371,0.000368,0.00037]},"efficiency":{"unit":"%","value":2.4124},"fill_factor":{"unit":"%","value":58.59090619298156},"jsc":{"unit":"mA\/cm2","value":9.2525},"isc":{"unit":"mA","value":0.3701},"voc":{"unit":"V","value":0.44499999999999995},"sweep_direction":{"unit":"","value":"Reverse"},"key":"reverse_7_321041301"},{"V":{"unit":"V","value":[0.496,0.476,0.456,0.436,0.416,0.396,0.376,0.356,0.336,0.316,0.296,0.276,0.256,0.236,0.216,0.196,0.176,0.156,0.136,0.116,0.096,0.076,0.056,0.036,0.016,-0.004,-0.024]},"J":{"unit":"A\/cm2","value":[-0.0096,-0.004125,0.000125,0.0030749999999999996,0.005025,0.00625,0.007075,0.007525,0.00785,0.007975,0.008150000000000001,0.008175,0.008275000000000001,0.00825,0.008325,0.0083,0.008375,0.008325,0.008425,0.00835,0.008425,0.008375,0.008425,0.008400000000000001,0.008450000000000001,0.008400000000000001,0.008450000000000001]},"I":{"unit":"A","value":[-0.000384,-0.000165,5.0e-6,0.000123,0.000201,0.00025,0.000283,0.000301,0.000314,0.000319,0.000326,0.00032700000000000003,0.000331,0.00033,0.000333,0.000332,0.000335,0.000333,0.000337,0.00033400000000000004,0.000337,0.000335,0.000337,0.00033600000000000004,0.00033800000000000003,0.00033600000000000004,0.00033800000000000003]},"efficiency":{"unit":"%","value":2.6788999999999996},"fill_factor":{"unit":"%","value":69.764709378689},"jsc":{"unit":"mA\/cm2","value":8.41},"isc":{"unit":"mA","value":0.33640000000000003},"voc":{"unit":"V","value":0.4565882352941176},"sweep_direction":{"unit":"","value":"Reverse"},"key":"reverse_6_321041301"},{"V":{"unit":"V","value":[0.48,0.46,0.44,0.42,0.4,0.38,0.36,0.34,0.32,0.3,0.28,0.26,0.24,0.22,0.2,0.18,0.16,0.14,0.12,0.1,0.08,0.06,0.04,0.02,0,-0.02]},"J":{"unit":"A\/cm2","value":[-0.008674999999999999,-0.0035999999999999995,7.5e-5,0.0025,0.004,0.005,0.0057,0.006149999999999999,0.006525,0.00675,0.006975,0.0070999999999999995,0.0073,0.00735,0.0075,0.007525,0.007625,0.007625,0.0077,0.0076749999999999995,0.00775,0.0077,0.007775,0.007724999999999999,0.007775,0.007724999999999999]},"I":{"unit":"A","value":[-0.000347,-0.00014399999999999998,3.0e-6,0.0001,0.00016,0.0002,0.000228,0.000246,0.000261,0.00027,0.000279,0.00028399999999999996,0.000292,0.000294,0.0003,0.000301,0.000305,0.000305,0.000308,0.000307,0.00031,0.000308,0.000311,0.000309,0.000311,0.000309]},"efficiency":{"unit":"%","value":2.091},"fill_factor":{"unit":"%","value":61.065831468341834},"jsc":{"unit":"mA\/cm2","value":7.7749999999999995},"isc":{"unit":"mA","value":0.311},"voc":{"unit":"V","value":0.4404081632653062},"sweep_direction":{"unit":"","value":"Reverse"},"key":"reverse_5_321041301"},{"V":{"unit":"V","value":[0.498,0.478,0.458,0.438,0.418,0.398,0.378,0.358,0.338,0.318,0.298,0.278,0.258,0.238,0.218,0.198,0.178,0.158,0.138,0.118,0.098,0.078,0.058,0.038,0.018,-0.002,-0.022]},"J":{"unit":"A\/cm2","value":[-0.010725,-0.0045249999999999995,0.0001,0.0032,0.00525,0.006325,0.007124999999999999,0.007475,0.0078,0.00785,0.008,0.008,0.0081,0.008074999999999999,0.0081,0.008074999999999999,0.008150000000000001,0.0081,0.008150000000000001,0.008125,0.008150000000000001,0.008125,0.008175,0.008150000000000001,0.008175,0.008150000000000001,0.008199999999999999]},"I":{"unit":"A","value":[-0.000429,-0.00018099999999999998,4.0e-6,0.000128,0.00020999999999999998,0.000253,0.000285,0.000299,0.000312,0.000314,0.00032,0.00032,0.000324,0.000323,0.000324,0.000323,0.000326,0.000324,0.000326,0.000325,0.000326,0.000325,0.00032700000000000003,0.000326,0.00032700000000000003,0.000326,0.000328]},"efficiency":{"unit":"%","value":2.69325},"fill_factor":{"unit":"%","value":72.06269938095294},"jsc":{"unit":"mA\/cm2","value":8.152500000000002},"isc":{"unit":"mA","value":0.32610000000000006},"voc":{"unit":"V","value":0.4584324324324324},"sweep_direction":{"unit":"","value":"Reverse"},"key":"reverse_4_321041301"},{"V":{"unit":"V","value":[0.487,0.467,0.447,0.427,0.407,0.387,0.367,0.347,0.327,0.307,0.287,0.267,0.247,0.227,0.207,0.187,0.167,0.147,0.127,0.107,0.087,0.067,0.047,0.027,0.007,-0.013,-0.033]},"J":{"unit":"A\/cm2","value":[-0.00945,-0.003925,7.5e-5,0.0028250000000000003,0.004449999999999999,0.0056,0.0063,0.0068000000000000005,0.007075,0.007324999999999999,0.007475,0.00765,0.007724999999999999,0.00785,0.007875,0.008,0.008,0.0081,0.008074999999999999,0.008150000000000001,0.0081,0.008175,0.008150000000000001,0.008199999999999999,0.008150000000000001,0.008225,0.008175]},"I":{"unit":"A","value":[-0.000378,-0.000157,3.0e-6,0.00011300000000000001,0.000178,0.000224,0.000252,0.000272,0.000283,0.00029299999999999997,0.000299,0.000306,0.000309,0.000314,0.000315,0.00032,0.00032,0.000324,0.000323,0.000326,0.000324,0.00032700000000000003,0.000326,0.000328,0.000326,0.00032900000000000003,0.00032700000000000003]},"efficiency":{"unit":"%","value":2.3596},"fill_factor":{"unit":"%","value":64.50784206004903},"jsc":{"unit":"mA\/cm2","value":8.17625},"isc":{"unit":"mA","value":0.32705},"voc":{"unit":"V","value":0.447375},"sweep_direction":{"unit":"","value":"Reverse"},"key":"reverse_3_321041301"},{"V":{"unit":"V","value":[0.492,0.472,0.452,0.432,0.412,0.392,0.372,0.352,0.332,0.312,0.292,0.272,0.252,0.232,0.212,0.192,0.172,0.152,0.132,0.112,0.092,0.072,0.052,0.032,0.012,-0.008,-0.028]},"J":{"unit":"A\/cm2","value":[-0.00945,-0.0040999999999999995,5.0e-5,0.0030749999999999996,0.004900000000000001,0.006225,0.0069500000000000004,0.007449999999999999,0.0076749999999999995,0.007875,0.007925,0.008025000000000001,0.008,0.008074999999999999,0.008074999999999999,0.0081,0.0081,0.008125,0.008125,0.0081,0.008150000000000001,0.008125,0.008150000000000001,0.008125,0.008175,0.008150000000000001,0.008199999999999999]},"I":{"unit":"A","value":[-0.000378,-0.000164,2.0e-6,0.000123,0.00019600000000000002,0.000249,0.00027800000000000004,0.000298,0.000307,0.000315,0.000317,0.000321,0.00032,0.000323,0.000323,0.000324,0.000324,0.000325,0.000325,0.000324,0.000326,0.000325,0.000326,0.000325,0.00032700000000000003,0.000326,0.000328]},"efficiency":{"unit":"%","value":2.6224},"fill_factor":{"unit":"%","value":71.0622377680825},"jsc":{"unit":"mA\/cm2","value":8.16},"isc":{"unit":"mA","value":0.3264},"voc":{"unit":"V","value":0.4522409638554217},"sweep_direction":{"unit":"","value":"Reverse"},"key":"reverse_2_321041301"},{"V":{"unit":"V","value":[0.489,0.469,0.449,0.429,0.409,0.389,0.369,0.349,0.329,0.309,0.289,0.269,0.249,0.229,0.209,0.189,0.169,0.149,0.129,0.109,0.089,0.069,0.049,0.029,0.009,-0.011,-0.031]},"J":{"unit":"A\/cm2","value":[-0.004025,-0.001875,0.000125,0.001925,0.003375,0.004625,0.0056500000000000005,0.0064,0.0069500000000000004,0.007324999999999999,0.007625,0.007825,0.007975,0.008074999999999999,0.008150000000000001,0.008199999999999999,0.008275000000000001,0.0083,0.008325,0.008375,0.00835,0.008425,0.008400000000000001,0.008450000000000001,0.008450000000000001,0.008475,0.008450000000000001]},"I":{"unit":"A","value":[-0.000161,-7.5e-5,5.0e-6,7.7e-5,0.000135,0.000185,0.00022600000000000002,0.000256,0.00027800000000000004,0.00029299999999999997,0.000305,0.000313,0.000319,0.000323,0.000326,0.000328,0.000331,0.000332,0.000333,0.000335,0.00033400000000000004,0.000337,0.00033600000000000004,0.00033800000000000003,0.00033800000000000003,0.000339,0.00033800000000000003]},"efficiency":{"unit":"%","value":2.2865500000000005},"fill_factor":{"unit":"%","value":60.01951116437097},"jsc":{"unit":"mA\/cm2","value":8.46125},"isc":{"unit":"mA","value":0.33845000000000003},"voc":{"unit":"V","value":0.45024999999999993},"sweep_direction":{"unit":"","value":"Reverse"},"key":"reverse_1_321041301"},{"V":{"unit":"V","value":[-0.04,-0.02,0,0.02,0.04,0.06,0.08,0.1,0.12,0.14,0.16,0.18,0.2,0.22,0.24,0.26,0.28,0.3,0.32,0.34,0.36,0.38,0.4,0.42,0.44,0.46,0.48,0.5,0.52,0.54]},"J":{"unit":"A\/cm2","value":[0.008225,0.008199999999999999,0.0081,0.0081,0.00785,0.007875,0.0078,0.0078,0.0077,0.0077,0.0076,0.0076,0.0075,0.0075,0.0073999999999999995,0.00735,0.0072499999999999995,0.007199999999999999,0.007025,0.00685,0.006525,0.0060999999999999995,0.005274999999999999,0.004,0.001875,-0.0013499999999999999,-0.006149999999999999,-0.012725,-0.02115,-0.03125]},"I":{"unit":"A","value":[0.00032900000000000003,0.000328,0.000324,0.000324,0.000314,0.000315,0.000312,0.000312,0.000308,0.000308,0.000304,0.000304,0.0003,0.0003,0.000296,0.000294,0.00029,0.00028799999999999995,0.00028100000000000005,0.00027400000000000005,0.000261,0.000244,0.000211,0.00016,7.5e-5,-5.4e-5,-0.000246,-0.000509,-0.000846,-0.00125]},"efficiency":{"unit":"%","value":2.349},"fill_factor":{"unit":"%","value":64.21215242018538},"jsc":{"unit":"mA\/cm2","value":8.1},"isc":{"unit":"mA","value":0.324},"voc":{"unit":"V","value":0.4516279069767442},"sweep_direction":{"unit":"","value":"Forward"},"key":"forward_8_321041301"},{"V":{"unit":"V","value":[-0.04,-0.02,0,0.02,0.04,0.06,0.08,0.1,0.12,0.14,0.16,0.18,0.2,0.22,0.24,0.26,0.28,0.3,0.32,0.34,0.36,0.38,0.4,0.42,0.44,0.46,0.48,0.5,0.52]},"J":{"unit":"A\/cm2","value":[0.00945,0.0094,0.0094,0.009349999999999999,0.0092,0.0092,0.00915,0.009174999999999999,0.009125,0.0091,0.009049999999999999,0.009049999999999999,0.008924999999999999,0.008875,0.00875,0.008674999999999999,0.008475,0.008325,0.008074999999999999,0.0078,0.00735,0.0068000000000000005,0.005874999999999999,0.004575,0.002325,-0.0009249999999999999,-0.005775000000000001,-0.01235,-0.0209]},"I":{"unit":"A","value":[0.000378,0.000376,0.000376,0.000374,0.000368,0.000368,0.000366,0.000367,0.000365,0.000364,0.00036199999999999996,0.00036199999999999996,0.000357,0.00035499999999999996,0.00035,0.000347,0.000339,0.000333,0.000323,0.000312,0.000294,0.000272,0.000235,0.000183,9.3e-5,-3.7e-5,-0.000231,-0.000494,-0.0008359999999999999]},"efficiency":{"unit":"%","value":2.652},"fill_factor":{"unit":"%","value":62.100568480665174},"jsc":{"unit":"mA\/cm2","value":9.4},"isc":{"unit":"mA","value":0.376},"voc":{"unit":"V","value":0.4543076923076923},"sweep_direction":{"unit":"","value":"Forward"},"key":"forward_7_321041301"},{"V":{"unit":"V","value":[-0.04,-0.02,0,0.02,0.04,0.06,0.08,0.1,0.12,0.14,0.16,0.18,0.2,0.22,0.24,0.26,0.28,0.3,0.32,0.34,0.36,0.38,0.4,0.42,0.44,0.46,0.48,0.5,0.52,0.54]},"J":{"unit":"A\/cm2","value":[0.008400000000000001,0.00835,0.008325,0.008275000000000001,0.008175,0.0081,0.008150000000000001,0.0081,0.008125,0.008074999999999999,0.0081,0.00805,0.00805,0.008025000000000001,0.008,0.00795,0.007925,0.007825,0.00775,0.007549999999999999,0.007274999999999999,0.006775000000000001,0.005974999999999999,0.0046,0.0025,-0.0006749999999999999,-0.0050999999999999995,-0.01095,-0.01805,-0.026400000000000003]},"I":{"unit":"A","value":[0.00033600000000000004,0.00033400000000000004,0.000333,0.000331,0.00032700000000000003,0.000324,0.000326,0.000324,0.000325,0.000323,0.000324,0.000322,0.000322,0.000321,0.00032,0.00031800000000000003,0.000317,0.000313,0.00031,0.00030199999999999997,0.00029099999999999997,0.00027100000000000003,0.00023899999999999998,0.000184,0.0001,-2.7e-5,-0.000204,-0.000438,-0.000722,-0.001056]},"efficiency":{"unit":"%","value":2.6189999999999998},"fill_factor":{"unit":"%","value":69.02818506135714},"jsc":{"unit":"mA\/cm2","value":8.325000000000001},"isc":{"unit":"mA","value":0.333},"voc":{"unit":"V","value":0.455748031496063},"sweep_direction":{"unit":"","value":"Forward"},"key":"forward_6_321041301"},{"V":{"unit":"V","value":[-0.04,-0.02,0,0.02,0.04,0.06,0.08,0.1,0.12,0.14,0.16,0.18,0.2,0.22,0.24,0.26,0.28,0.3,0.32,0.34,0.36,0.38,0.4,0.42,0.44,0.46,0.48,0.5,0.52]},"J":{"unit":"A\/cm2","value":[0.007975,0.00795,0.007925,0.007925,0.007724999999999999,0.007775,0.0077,0.007724999999999999,0.00765,0.0076749999999999995,0.0076,0.0076,0.007525,0.007475,0.007374999999999999,0.0073,0.007149999999999999,0.007025,0.006775000000000001,0.006525,0.006075,0.005475,0.004475,0.00295,0.0005499999999999999,-0.0030499999999999998,-0.00825,-0.015175,-0.023875]},"I":{"unit":"A","value":[0.000319,0.00031800000000000003,0.000317,0.000317,0.000309,0.000311,0.000308,0.000309,0.000306,0.000307,0.000304,0.000304,0.000301,0.000299,0.00029499999999999996,0.000292,0.00028599999999999996,0.00028100000000000005,0.00027100000000000003,0.000261,0.000243,0.000219,0.000179,0.000118,2.2e-5,-0.000122,-0.00033,-0.000607,-0.000955]},"efficiency":{"unit":"%","value":2.2185},"fill_factor":{"unit":"%","value":63.183252079151146},"jsc":{"unit":"mA\/cm2","value":7.925},"isc":{"unit":"mA","value":0.317},"voc":{"unit":"V","value":0.44305555555555554},"sweep_direction":{"unit":"","value":"Forward"},"key":"forward_5_321041301"},{"V":{"unit":"V","value":[-0.04,-0.02,0,0.02,0.04,0.06,0.08,0.1,0.12,0.14,0.16,0.18,0.2,0.22,0.24,0.26,0.28,0.3,0.32,0.34,0.36,0.38,0.4,0.42,0.44,0.46,0.48,0.5,0.52,0.54]},"J":{"unit":"A\/cm2","value":[0.008425,0.008425,0.008325,0.008375,0.008150000000000001,0.008199999999999999,0.008150000000000001,0.008175,0.008125,0.008150000000000001,0.0081,0.008125,0.008074999999999999,0.0081,0.00805,0.00805,0.008,0.00795,0.007875,0.00775,0.0075,0.007075,0.006375,0.005149999999999999,0.003125,-5.0e-5,-0.00475,-0.0112,-0.019425,-0.029349999999999998]},"I":{"unit":"A","value":[0.000337,0.000337,0.000333,0.000335,0.000326,0.000328,0.000326,0.00032700000000000003,0.000325,0.000326,0.000324,0.000325,0.000323,0.000324,0.000322,0.000322,0.00032,0.00031800000000000003,0.000315,0.00031,0.0003,0.000283,0.000255,0.000206,0.000125,-2.0e-6,-0.00019,-0.000448,-0.000777,-0.001174]},"efficiency":{"unit":"%","value":2.6999999999999997},"fill_factor":{"unit":"%","value":70.55359573345183},"jsc":{"unit":"mA\/cm2","value":8.325000000000001},"isc":{"unit":"mA","value":0.333},"voc":{"unit":"V","value":0.45968503937007876},"sweep_direction":{"unit":"","value":"Forward"},"key":"forward_4_321041301"},{"V":{"unit":"V","value":[-0.04,-0.02,0,0.02,0.04,0.06,0.08,0.1,0.12,0.14,0.16,0.18,0.2,0.22,0.24,0.26,0.28,0.3,0.32,0.34,0.36,0.38,0.4,0.42,0.44,0.46,0.48,0.5,0.52,0.54]},"J":{"unit":"A\/cm2","value":[0.008475,0.008400000000000001,0.008400000000000001,0.00835,0.008225,0.008175,0.008175,0.008125,0.008150000000000001,0.0081,0.0081,0.00805,0.008,0.00795,0.007875,0.0078,0.0077,0.007574999999999999,0.007374999999999999,0.007174999999999999,0.006775000000000001,0.00625,0.0053,0.003875,0.00155,-0.001875,-0.006925000000000001,-0.013575,-0.021974999999999998,-0.031874999999999994]},"I":{"unit":"A","value":[0.000339,0.00033600000000000004,0.00033600000000000004,0.00033400000000000004,0.00032900000000000003,0.00032700000000000003,0.00032700000000000003,0.000325,0.000326,0.000324,0.000324,0.000322,0.00032,0.00031800000000000003,0.000315,0.000312,0.000308,0.000303,0.00029499999999999996,0.000287,0.00027100000000000003,0.00025,0.000212,0.000155,6.2e-5,-7.5e-5,-0.000277,-0.0005430000000000001,-0.000879,-0.0012749999999999999]},"efficiency":{"unit":"%","value":2.4395},"fill_factor":{"unit":"%","value":64.67341244039878},"jsc":{"unit":"mA\/cm2","value":8.4},"isc":{"unit":"mA","value":0.336},"voc":{"unit":"V","value":0.4490510948905109},"sweep_direction":{"unit":"","value":"Forward"},"key":"forward_3_321041301"},{"V":{"unit":"V","value":[-0.04,-0.02,0,0.02,0.04,0.06,0.08,0.1,0.12,0.14,0.16,0.18,0.2,0.22,0.24,0.26,0.28,0.3,0.32,0.34,0.36,0.38,0.4,0.42,0.44,0.46,0.48,0.5,0.52,0.54]},"J":{"unit":"A\/cm2","value":[0.008525,0.0085,0.008425,0.008450000000000001,0.00825,0.00825,0.008199999999999999,0.008225,0.008175,0.008199999999999999,0.008125,0.008175,0.0081,0.008125,0.008074999999999999,0.008074999999999999,0.008,0.007975,0.007825,0.0077,0.00735,0.00685,0.0059499999999999996,0.0045249999999999995,0.002175,-0.00115,-0.005825,-0.011725,-0.018850000000000002,-0.02695]},"I":{"unit":"A","value":[0.00034100000000000005,0.00034,0.000337,0.00033800000000000003,0.00033,0.00033,0.000328,0.00032900000000000003,0.00032700000000000003,0.000328,0.000325,0.00032700000000000003,0.000324,0.000325,0.000323,0.000323,0.00032,0.000319,0.000313,0.000308,0.000294,0.00027400000000000005,0.00023799999999999998,0.00018099999999999998,8.7e-5,-4.6e-5,-0.00023300000000000003,-0.00046899999999999996,-0.000754,-0.001078]},"efficiency":{"unit":"%","value":2.646},"fill_factor":{"unit":"%","value":69.3174286302383},"jsc":{"unit":"mA\/cm2","value":8.425},"isc":{"unit":"mA","value":0.337},"voc":{"unit":"V","value":0.45308270676691725},"sweep_direction":{"unit":"","value":"Forward"},"key":"forward_2_321041301"},{"V":{"unit":"V","value":[-0.04,-0.02,0,0.02,0.04,0.06,0.08,0.1,0.12,0.14,0.16,0.18,0.2,0.22,0.24,0.26,0.28,0.3,0.32,0.34,0.36,0.38,0.4,0.42,0.44,0.46,0.48,0.5,0.52,0.54]},"J":{"unit":"A\/cm2","value":[0.008825,0.008875,0.008774999999999998,0.008774999999999998,0.00855,0.008575000000000001,0.008525,0.008525,0.008475,0.008450000000000001,0.008400000000000001,0.008375,0.0083,0.00825,0.008150000000000001,0.008074999999999999,0.007925,0.007724999999999999,0.007449999999999999,0.0069500000000000004,0.00635,0.005425,0.0043,0.0028250000000000003,0.001125,-0.0008500000000000001,-0.00295,-0.00525,-0.007625,-0.010025000000000001]},"I":{"unit":"A","value":[0.00035299999999999996,0.00035499999999999996,0.00035099999999999997,0.00035099999999999997,0.000342,0.00034300000000000004,0.00034100000000000005,0.00034100000000000005,0.000339,0.00033800000000000003,0.00033600000000000004,0.000335,0.000332,0.00033,0.000326,0.000323,0.000317,0.000309,0.000298,0.00027800000000000004,0.000254,0.000217,0.00017199999999999998,0.00011300000000000001,4.4999999999999996e-5,-3.4e-5,-0.000118,-0.00020999999999999998,-0.000305,-0.00040100000000000004]},"efficiency":{"unit":"%","value":2.384},"fill_factor":{"unit":"%","value":60.187302363410055},"jsc":{"unit":"mA\/cm2","value":8.774999999999999},"isc":{"unit":"mA","value":0.351},"voc":{"unit":"V","value":0.4513924050632911},"sweep_direction":{"unit":"","value":"Forward"},"key":"forward_1_321041301"}]}}