{"_id":"652fa27268333e4c3d5bc01c","id":"CAU-SC-00349","author":68,"group":7,"input":[{"tco":{"unit":"","value":"ITO"}},[],{"htl":[{"material":{"unit":"","value":"PEDOT:PSS"},"concentration":{"unit":"","value":""},"conc_unit":{"unit":"","value":"mg\/ml"},"quantity":{"unit":"ml","value":""}}],"spin_coating":[{"type":{"unit":"","value":"drop&run"},"rpm":{"unit":"","value":"4000"},"time":{"unit":"s","value":"50"}}],"annealing":[{"temperature":{"unit":"oC","value":"150"},"time":{"unit":"m","value":"20"}}]},{"htl_treatment":[{"material":{"unit":"","value":"DMSO"},"concentration":{"unit":"","value":""},"conc_unit":{"unit":"","value":"mg\/ml"},"quantity":{"unit":"ml","value":"0.2"}}],"solvent":[{"material":{"unit":"","value":"DMSO"},"volume":{"unit":"ml","value":"0.2"}}],"spin_coating":[{"type":{"unit":"","value":"dynamic"},"rpm":{"unit":"","value":"4000"},"time":{"unit":"s","value":"60"}}],"annealing":[{"temperature":{"unit":"oC","value":"150"},"time":{"unit":"m","value":"20"}}]},{"perovskite":{"method":{"unit":"","value":"1step"},"molarity":{"unit":"M","value":"1.2"},"a_site":[{"material":{"unit":"","value":"FA"},"ratio":{"unit":"","value":"78.85"}},{"material":{"unit":"","value":"Cs"},"ratio":{"unit":"","value":"16.15"}},{"material":{"unit":"","value":"BA"},"ratio":{"unit":"","value":"5"}}],"b_site":[{"material":{"unit":"","value":"Sn"},"ratio":{"unit":"","value":"50"}},{"material":{"unit":"","value":"Pb"},"ratio":{"unit":"","value":"50"}}],"x_site":[{"material":{"unit":"","value":"I"},"ratio":{"unit":"","value":"100"}}],"solvent":[{"material":{"unit":"","value":"DMF"},"volume":{"unit":"ml","value":"0.8"}},{"material":{"unit":"","value":"DMSO"},"volume":{"unit":"ml","value":"0.2"}}],"additive":[{"material":{"unit":"","value":"SnF2"},"solvent":{"unit":"","value":"none"},"concentration":{"unit":"","value":"9.36"},"conc_unit":{"unit":"","value":"mg\/ml"},"quantity":{"unit":"mol%","value":"5"}}],"stirring_time":[{"unit":"m","value":"120"}],"antisolvent":[{"material":{"unit":"","value":"PC61BM(1mg)+Toluene"},"quantity":{"unit":"ul","value":"300"},"dripping_time":{"unit":"s","value":"13"}}],"spin_coating":[{"type":{"unit":"","value":"drop&run"},"rpm":{"unit":"","value":"5000"},"time":{"unit":"s","value":"60"}}],"annealing":[{"temperature":{"unit":"oC","value":"65"},"time":{"unit":"m","value":"1"}},{"temperature":{"unit":"oC","value":"100"},"time":{"unit":"m","value":"10"}}],"atmosphere":[{"type":{"unit":"","value":"N2"},"temperature":{"unit":"oC","value":"25"},"humidity":{"unit":"RH%","value":"0"}}]}},{"etl":[{"material":{"unit":"","value":"PC61BM"},"concentration":{"unit":"","value":"20"},"conc_unit":{"unit":"","value":"mg\/ml"},"quantity":{"unit":"ml","value":"0.05"}}],"solvent":[{"material":{"unit":"","value":"CB"},"volume":{"unit":"ml","value":"1"}}],"spin_coating":[{"type":{"unit":"","value":"drop&run"},"rpm":{"unit":"","value":"1500"},"time":{"unit":"s","value":"30"}}],"annealing":[{"temperature":{"unit":"oC","value":"75"},"time":{"unit":"m","value":"10"}}]},{"blocking_buffer_layer":[{"material":{"unit":"","value":"BCP"},"concentration":{"unit":"","value":"0.5"},"conc_unit":{"unit":"","value":"mg\/ml"},"quantity":{"unit":"ml","value":"0.1"}}],"solvent":[{"material":{"unit":"","value":"IPA"},"volume":{"unit":"ml","value":"1"}}],"spin_coating":[{"type":{"unit":"","value":"drop&run"},"rpm":{"unit":"","value":"4000"},"time":{"unit":"s","value":"20"}}]},{"anode_metal":{"unit":"","value":"Ag"}},{"note":{"unit":"","value":"FACsSnPbI3- 2021 BA5%"},"ar":{"unit":"","value":"0"},"type":{"unit":"","value":"unit_cell"},"device_type":{"unit":"","value":"p-i-n"},"temperature":{"unit":"\u2103","value":"25"},"humidity":{"unit":"%","value":"30"},"cell_dimension":{"unit":"cm2","value":"0.04"}}],"fileinfo":[{"key":"121031105","uploadType":"JV","original_name":"121031105.xlsx","save_name":"CAU-SC-00349\/121031105","uploader":68,"fileType":"group"}],"jvcnt":36,"updated_at":"2024-07-30 06:09:35","created_at":"2023-10-18 09:16:34","analysisInfo":{"JV":[{"efficiency":13.7535,"fill_factor":69.69265800240983,"jsc":28.962499999999995,"voc":0.6813812154696133,"key":"reverse_9_121031105","cell_dimension":null},{"efficiency":12.978100000000001,"fill_factor":70.60185996486771,"jsc":26.770000000000003,"voc":0.6866676737160121,"key":"reverse_8_121031105","cell_dimension":null},{"efficiency":12.065,"fill_factor":68.66433597530441,"jsc":26.705000000000002,"voc":0.6579661016949153,"key":"reverse_7_121031105","cell_dimension":null},{"efficiency":12.0018,"fill_factor":67.78886812596765,"jsc":27.302500000000002,"voc":0.6484635761589405,"key":"reverse_6_121031105","cell_dimension":null},{"efficiency":13.803899999999999,"fill_factor":72.46448264018865,"jsc":27.455000000000002,"voc":0.6938333333333334,"key":"reverse_5_121031105","cell_dimension":null},{"efficiency":14.3925,"fill_factor":72.59418220042687,"jsc":28.325,"voc":0.699945945945946,"key":"reverse_4_121031105","cell_dimension":null},{"efficiency":14.27205,"fill_factor":71.66482547184026,"jsc":28.736250000000002,"voc":0.6930271002710028,"key":"reverse_3_121031105","cell_dimension":null},{"efficiency":13.997874999999999,"fill_factor":72.22365679861434,"jsc":27.88125,"voc":0.6951369863013698,"key":"reverse_2_121031105","cell_dimension":null},{"efficiency":14.348099999999999,"fill_factor":71.73493808173352,"jsc":28.714999999999996,"voc":0.6965540897097625,"key":"reverse_1_121031105","cell_dimension":null},{"efficiency":14.9424,"fill_factor":72.05138152047897,"jsc":29.757499999999997,"voc":0.6969178743961352,"key":"reverse_18_121031105","cell_dimension":null},{"efficiency":11.69475,"fill_factor":64.33582264035049,"jsc":27.0025,"voc":0.6731845018450184,"key":"reverse_17_121031105","cell_dimension":null},{"efficiency":11.60875,"fill_factor":63.50711337151397,"jsc":27.167500000000004,"voc":0.6728424908424908,"key":"reverse_16_121031105","cell_dimension":null},{"efficiency":12.246,"fill_factor":65.88532531619144,"jsc":27.724999999999998,"voc":0.6704000000000001,"key":"reverse_15_121031105","cell_dimension":null},{"efficiency":12.70675,"fill_factor":66.43183897529734,"jsc":27.325000000000003,"voc":0.7,"key":"reverse_14_121031105","cell_dimension":null},{"efficiency":13.65375,"fill_factor":69.91741469319216,"jsc":27.899999999999995,"voc":0.6999425287356321,"key":"reverse_13_121031105","cell_dimension":null},{"efficiency":13.186800000000002,"fill_factor":69.14690627578142,"jsc":28.114999999999995,"voc":0.6783105590062112,"key":"reverse_12_121031105","cell_dimension":null},{"efficiency":13.9518,"fill_factor":71.79002703852412,"jsc":27.675,"voc":0.7022285714285714,"key":"reverse_11_121031105","cell_dimension":null},{"efficiency":14.091825,"fill_factor":71.15120645350423,"jsc":28.2275,"voc":0.7016371191135734,"key":"reverse_10_121031105","cell_dimension":null},{"efficiency":14.176250000000001,"fill_factor":71.71881659963272,"jsc":29.000000000000004,"voc":0.6816010498687664,"key":"forward_9_121031105","cell_dimension":null},{"efficiency":13.694249999999998,"fill_factor":72.99222611292026,"jsc":26.724999999999998,"voc":0.7020110192837465,"key":"forward_8_121031105","cell_dimension":null},{"efficiency":12.375500000000002,"fill_factor":69.5202881294289,"jsc":26.8,"voc":0.6642268041237115,"key":"forward_7_121031105","cell_dimension":null},{"efficiency":12.2145,"fill_factor":68.54086979570077,"jsc":27.324999999999992,"voc":0.6521776504297995,"key":"forward_6_121031105","cell_dimension":null},{"efficiency":14.306999999999997,"fill_factor":74.0320904709245,"jsc":27.5,"voc":0.702741935483871,"key":"forward_5_121031105","cell_dimension":null},{"efficiency":14.762999999999998,"fill_factor":73.62764027850916,"jsc":28.349999999999998,"voc":0.7072625698324022,"key":"forward_4_121031105","cell_dimension":null},{"efficiency":14.805749999999998,"fill_factor":73.40391085288621,"jsc":28.787499999999998,"voc":0.7006598984771573,"key":"forward_3_121031105","cell_dimension":null},{"efficiency":14.463749999999997,"fill_factor":73.80223645460119,"jsc":27.875,"voc":0.7030666666666666,"key":"forward_2_121031105","cell_dimension":null},{"efficiency":14.777249999999997,"fill_factor":73.34120467231074,"jsc":28.6375,"voc":0.7035751295336787,"key":"forward_1_121031105","cell_dimension":null},{"efficiency":15.190499999999998,"fill_factor":73.19327825934838,"jsc":29.799999999999997,"voc":0.6964414414414414,"key":"forward_18_121031105","cell_dimension":null},{"efficiency":12.388750000000002,"fill_factor":66.98773939840811,"jsc":27,"voc":0.684965034965035,"key":"forward_17_121031105","cell_dimension":null},{"efficiency":12.296000000000001,"fill_factor":66.63116270754028,"jsc":27.149999999999995,"voc":0.6796989966555184,"key":"forward_16_121031105","cell_dimension":null},{"efficiency":12.74625,"fill_factor":67.59030938434871,"jsc":27.724999999999998,"voc":0.6801840490797546,"key":"forward_15_121031105","cell_dimension":null},{"efficiency":13.694249999999998,"fill_factor":70.69481913427958,"jsc":27.3125,"voc":0.7092334494773518,"key":"forward_14_121031105","cell_dimension":null},{"efficiency":14.306999999999997,"fill_factor":72.22409180362645,"jsc":27.9125,"voc":0.7096884735202492,"key":"forward_13_121031105","cell_dimension":null},{"efficiency":13.7775,"fill_factor":70.99581633743128,"jsc":28.174999999999994,"voc":0.6887692307692307,"key":"forward_12_121031105","cell_dimension":null},{"efficiency":14.606249999999998,"fill_factor":73.79204401120111,"jsc":27.712500000000002,"voc":0.7142553191489361,"key":"forward_11_121031105","cell_dimension":null},{"efficiency":14.534999999999998,"fill_factor":72.65872979363517,"jsc":28.187499999999996,"voc":0.7096932515337423,"key":"forward_10_121031105","cell_dimension":null}]},"public":2,"tags":[],"analysis":{"JV":[{"V":{"unit":"V","value":[0.73,0.71,0.69,0.67,0.65,0.63,0.61,0.59,0.57,0.55,0.53,0.51,0.49,0.47,0.45,0.43,0.41,0.39,0.37,0.35,0.33,0.31,0.29,0.27,0.25,0.23,0.21,0.19,0.17,0.15,0.13,0.11,0.09,0.07,0.05,0.03,0.01,-0.01,-0.03,-0.05]},"J":{"unit":"A\/cm2","value":[-0.033625,-0.016550000000000002,-0.0039,0.005149999999999999,0.011675000000000001,0.016125,0.019425,0.021775,0.023524999999999997,0.024925,0.02595,0.026875,0.027325,0.027825,0.028125,0.0283,0.028449999999999996,0.028449999999999996,0.028699999999999996,0.028525,0.028749999999999998,0.028699999999999996,0.028725,0.028799999999999996,0.028699999999999996,0.028875,0.028699999999999996,0.028925,0.028775,0.028925,0.028849999999999997,0.0289,0.0289,0.028825,0.029025,0.028825,0.028999999999999998,0.028925,0.028875,0.028975]},"I":{"unit":"A","value":[-0.001345,-0.000662,-0.000156,0.000206,0.000467,0.0006450000000000001,0.000777,0.000871,0.000941,0.000997,0.001038,0.001075,0.001093,0.001113,0.001125,0.001132,0.001138,0.001138,0.001148,0.001141,0.00115,0.001148,0.001149,0.0011519999999999998,0.001148,0.001155,0.001148,0.001157,0.0011510000000000001,0.001157,0.0011539999999999999,0.001156,0.001156,0.001153,0.0011610000000000001,0.001153,0.00116,0.001157,0.001155,0.001159]},"efficiency":{"unit":"%","value":13.7535},"fill_factor":{"unit":"%","value":69.69265800240983},"jsc":{"unit":"mA\/cm2","value":28.962499999999995},"isc":{"unit":"mA","value":1.1584999999999999},"voc":{"unit":"V","value":0.6813812154696133},"sweep_direction":{"unit":"","value":"Reverse"},"key":"reverse_9_121031105"},{"V":{"unit":"V","value":[0.737,0.717,0.697,0.677,0.657,0.637,0.617,0.597,0.577,0.557,0.537,0.517,0.497,0.477,0.457,0.437,0.417,0.397,0.377,0.357,0.337,0.317,0.297,0.277,0.257,0.237,0.217,0.197,0.177,0.157,0.137,0.117,0.097,0.077,0.057,0.037,0.017,-0.003,-0.023,-0.043]},"J":{"unit":"A\/cm2","value":[-0.03065,-0.015375,-0.004275,0.004,0.009975,0.0146,0.017775,0.020375,0.021925,0.0233,0.024099999999999996,0.024775,0.025275,0.0255,0.025874999999999995,0.0259,0.026150000000000003,0.026150000000000003,0.026275,0.026324999999999998,0.026275,0.026449999999999998,0.026350000000000002,0.026475,0.026475,0.026475,0.026525,0.026449999999999998,0.026600000000000002,0.026475,0.026650000000000004,0.026525,0.026624999999999996,0.026624999999999996,0.026600000000000002,0.026725,0.026600000000000002,0.0268,0.026674999999999997,0.02675]},"I":{"unit":"A","value":[-0.0012259999999999999,-0.000615,-0.000171,0.00016,0.000399,0.000584,0.0007109999999999999,0.000815,0.000877,0.0009320000000000001,0.000964,0.000991,0.001011,0.00102,0.001035,0.001036,0.001046,0.001046,0.0010509999999999999,0.001053,0.0010509999999999999,0.0010580000000000001,0.001054,0.001059,0.001059,0.001059,0.0010609999999999999,0.0010580000000000001,0.001064,0.001059,0.001066,0.0010609999999999999,0.001065,0.001065,0.001064,0.0010689999999999999,0.001064,0.001072,0.001067,0.00107]},"efficiency":{"unit":"%","value":12.978100000000001},"fill_factor":{"unit":"%","value":70.60185996486771},"jsc":{"unit":"mA\/cm2","value":26.770000000000003},"isc":{"unit":"mA","value":1.0708000000000002},"voc":{"unit":"V","value":0.6866676737160121},"sweep_direction":{"unit":"","value":"Reverse"},"key":"reverse_8_121031105"},{"V":{"unit":"V","value":[0.708,0.688,0.668,0.648,0.628,0.608,0.588,0.568,0.548,0.528,0.508,0.488,0.468,0.448,0.428,0.408,0.388,0.368,0.348,0.328,0.308,0.288,0.268,0.248,0.228,0.208,0.188,0.168,0.148,0.128,0.108,0.088,0.068,0.048,0.028,0.008,-0.012,-0.032]},"J":{"unit":"A\/cm2","value":[-0.027475,-0.0137,-0.0036999999999999997,0.003675,0.009474999999999999,0.013625,0.01705,0.019475000000000003,0.021325,0.022775,0.02375,0.024599999999999997,0.02505,0.025525,0.02575,0.025924999999999997,0.026174999999999997,0.0261,0.026374999999999996,0.0263,0.026449999999999998,0.026424999999999997,0.026449999999999998,0.02655,0.0265,0.026600000000000002,0.0265,0.026624999999999996,0.02655,0.026600000000000002,0.026650000000000004,0.026600000000000002,0.02675,0.026600000000000002,0.02675,0.026624999999999996,0.026824999999999998,0.026725]},"I":{"unit":"A","value":[-0.001099,-0.0005480000000000001,-0.000148,0.000147,0.000379,0.000545,0.0006820000000000001,0.0007790000000000001,0.000853,0.000911,0.00095,0.000984,0.001002,0.001021,0.00103,0.001037,0.001047,0.001044,0.001055,0.001052,0.0010580000000000001,0.001057,0.0010580000000000001,0.001062,0.00106,0.001064,0.00106,0.001065,0.001062,0.001064,0.001066,0.001064,0.00107,0.001064,0.00107,0.001065,0.001073,0.0010689999999999999]},"efficiency":{"unit":"%","value":12.065},"fill_factor":{"unit":"%","value":68.66433597530441},"jsc":{"unit":"mA\/cm2","value":26.705000000000002},"isc":{"unit":"mA","value":1.0682},"voc":{"unit":"V","value":0.6579661016949153},"sweep_direction":{"unit":"","value":"Reverse"},"key":"reverse_7_121031105"},{"V":{"unit":"V","value":[0.698,0.678,0.658,0.638,0.618,0.598,0.578,0.558,0.538,0.518,0.498,0.478,0.458,0.438,0.418,0.398,0.378,0.358,0.338,0.318,0.298,0.278,0.258,0.238,0.218,0.198,0.178,0.158,0.138,0.118,0.098,0.078,0.058,0.038,0.018,-0.002,-0.022,-0.042]},"J":{"unit":"A\/cm2","value":[-0.02755,-0.013575,-0.0035999999999999995,0.00395,0.009574999999999998,0.013925,0.0172,0.0197,0.021625,0.023,0.024099999999999996,0.024825,0.025525,0.02585,0.026174999999999997,0.026449999999999998,0.0265,0.02675,0.026674999999999997,0.026875,0.026850000000000002,0.02695,0.02695,0.026975,0.027075,0.027024999999999997,0.027125,0.027024999999999997,0.02715,0.02705,0.02715,0.02715,0.027125,0.02725,0.027100000000000003,0.027325,0.027125,0.027325]},"I":{"unit":"A","value":[-0.0011020000000000001,-0.0005430000000000001,-0.00014399999999999998,0.000158,0.000383,0.0005570000000000001,0.0006879999999999999,0.0007880000000000001,0.000865,0.00092,0.000964,0.000993,0.001021,0.001034,0.001047,0.0010580000000000001,0.00106,0.00107,0.001067,0.001075,0.001074,0.001078,0.001078,0.0010789999999999999,0.001083,0.001081,0.001085,0.001081,0.0010860000000000002,0.001082,0.0010860000000000002,0.0010860000000000002,0.001085,0.00109,0.0010840000000000001,0.001093,0.001085,0.001093]},"efficiency":{"unit":"%","value":12.0018},"fill_factor":{"unit":"%","value":67.78886812596765},"jsc":{"unit":"mA\/cm2","value":27.302500000000002},"isc":{"unit":"mA","value":1.0921},"voc":{"unit":"V","value":0.6484635761589405},"sweep_direction":{"unit":"","value":"Reverse"},"key":"reverse_6_121031105"},{"V":{"unit":"V","value":[0.744,0.724,0.704,0.684,0.664,0.644,0.624,0.604,0.584,0.564,0.544,0.524,0.504,0.484,0.464,0.444,0.424,0.404,0.384,0.364,0.344,0.324,0.304,0.284,0.264,0.244,0.224,0.204,0.184,0.164,0.144,0.124,0.104,0.084,0.064,0.044,0.024,0.004,-0.016,-0.036]},"J":{"unit":"A\/cm2","value":[-0.033925,-0.0167,-0.004575,0.004425,0.010875,0.01565,0.019175,0.021474999999999998,0.023350000000000003,0.024474999999999997,0.02535,0.02595,0.0263,0.026600000000000002,0.026699999999999998,0.026975,0.026875,0.027174999999999998,0.027024999999999997,0.027174999999999998,0.02725,0.027200000000000002,0.0273,0.027200000000000002,0.027350000000000003,0.027274999999999997,0.0273,0.027375,0.027350000000000003,0.027424999999999998,0.027350000000000003,0.027475,0.0274,0.0274,0.027524999999999997,0.027450000000000002,0.02755,0.027424999999999998,0.027575,0.027475]},"I":{"unit":"A","value":[-0.001357,-0.0006680000000000001,-0.000183,0.000177,0.000435,0.000626,0.000767,0.000859,0.000934,0.000979,0.001014,0.001038,0.001052,0.001064,0.0010680000000000002,0.0010789999999999999,0.001075,0.0010869999999999999,0.001081,0.0010869999999999999,0.00109,0.001088,0.001092,0.001088,0.0010940000000000001,0.001091,0.001092,0.001095,0.0010940000000000001,0.0010969999999999999,0.0010940000000000001,0.001099,0.0010960000000000002,0.0010960000000000002,0.001101,0.001098,0.0011020000000000001,0.0010969999999999999,0.001103,0.001099]},"efficiency":{"unit":"%","value":13.803899999999999},"fill_factor":{"unit":"%","value":72.46448264018865},"jsc":{"unit":"mA\/cm2","value":27.455000000000002},"isc":{"unit":"mA","value":1.0982},"voc":{"unit":"V","value":0.6938333333333334},"sweep_direction":{"unit":"","value":"Reverse"},"key":"reverse_5_121031105"},{"V":{"unit":"V","value":[0.75,0.73,0.71,0.69,0.67,0.65,0.63,0.61,0.59,0.57,0.55,0.53,0.51,0.49,0.47,0.45,0.43,0.41,0.39,0.37,0.35,0.33,0.31,0.29,0.27,0.25,0.23,0.21,0.19,0.17,0.15,0.13,0.11,0.09,0.07,0.05,0.03,0.01,-0.01,-0.03]},"J":{"unit":"A\/cm2","value":[-0.036675000000000006,-0.017875,-0.00465,0.0046,0.011300000000000001,0.016274999999999998,0.019575,0.022275,0.023849999999999996,0.02525,0.026025,0.026699999999999998,0.027125,0.0273,0.027575,0.02765,0.02785,0.027800000000000002,0.027925000000000002,0.028000000000000004,0.028000000000000004,0.0281,0.028024999999999998,0.028125,0.0281,0.0281,0.028175000000000002,0.028125,0.028249999999999997,0.028149999999999994,0.028249999999999997,0.028224999999999997,0.028249999999999997,0.028274999999999998,0.028274999999999998,0.028274999999999998,0.028274999999999998,0.028349999999999997,0.0283,0.028425000000000002]},"I":{"unit":"A","value":[-0.001467,-0.0007149999999999999,-0.000186,0.000184,0.00045200000000000004,0.000651,0.0007830000000000001,0.000891,0.000954,0.00101,0.0010409999999999998,0.0010680000000000002,0.001085,0.001092,0.001103,0.001106,0.0011140000000000002,0.0011120000000000001,0.001117,0.0011200000000000001,0.0011200000000000001,0.0011240000000000002,0.001121,0.001125,0.0011240000000000002,0.0011240000000000002,0.001127,0.001125,0.00113,0.0011259999999999998,0.00113,0.001129,0.00113,0.001131,0.001131,0.001131,0.001131,0.0011339999999999998,0.001132,0.001137]},"efficiency":{"unit":"%","value":14.3925},"fill_factor":{"unit":"%","value":72.59418220042687},"jsc":{"unit":"mA\/cm2","value":28.325},"isc":{"unit":"mA","value":1.133},"voc":{"unit":"V","value":0.699945945945946},"sweep_direction":{"unit":"","value":"Reverse"},"key":"reverse_4_121031105"},{"V":{"unit":"V","value":[0.743,0.723,0.703,0.683,0.663,0.643,0.623,0.603,0.583,0.563,0.543,0.523,0.503,0.483,0.463,0.443,0.423,0.403,0.383,0.363,0.343,0.323,0.303,0.283,0.263,0.243,0.223,0.203,0.183,0.163,0.143,0.123,0.103,0.083,0.063,0.043,0.023,0.003,-0.017,-0.037]},"J":{"unit":"A\/cm2","value":[-0.036175000000000006,-0.017549999999999996,-0.0046,0.004625,0.011425000000000001,0.016125,0.01975,0.0222,0.024125,0.02535,0.026275,0.027024999999999997,0.027350000000000003,0.027875,0.027875,0.028199999999999996,0.028199999999999996,0.0283,0.028375,0.028425000000000002,0.028525,0.028425000000000002,0.028599999999999997,0.028475,0.028625,0.028599999999999997,0.028525,0.028725,0.028525,0.028675,0.02865,0.02865,0.028725,0.028675,0.028799999999999996,0.028625,0.028799999999999996,0.028725,0.028799999999999996,0.028725]},"I":{"unit":"A","value":[-0.0014470000000000002,-0.0007019999999999999,-0.000184,0.000185,0.000457,0.0006450000000000001,0.00079,0.000888,0.0009649999999999999,0.001014,0.0010509999999999999,0.001081,0.0010940000000000001,0.0011149999999999999,0.0011149999999999999,0.0011279999999999999,0.0011279999999999999,0.001132,0.001135,0.001137,0.001141,0.001137,0.0011439999999999998,0.001139,0.001145,0.0011439999999999998,0.001141,0.001149,0.001141,0.001147,0.0011459999999999999,0.0011459999999999999,0.001149,0.001147,0.0011519999999999998,0.001145,0.0011519999999999998,0.001149,0.0011519999999999998,0.001149]},"efficiency":{"unit":"%","value":14.27205},"fill_factor":{"unit":"%","value":71.66482547184026},"jsc":{"unit":"mA\/cm2","value":28.736250000000002},"isc":{"unit":"mA","value":1.14945},"voc":{"unit":"V","value":0.6930271002710028},"sweep_direction":{"unit":"","value":"Reverse"},"key":"reverse_3_121031105"},{"V":{"unit":"V","value":[0.745,0.725,0.705,0.685,0.665,0.645,0.625,0.605,0.585,0.565,0.545,0.525,0.505,0.485,0.465,0.445,0.425,0.405,0.385,0.365,0.345,0.325,0.305,0.285,0.265,0.245,0.225,0.205,0.185,0.165,0.145,0.125,0.105,0.085,0.065,0.045,0.025,0.005,-0.015,-0.035]},"J":{"unit":"A\/cm2","value":[-0.036475,-0.01745,-0.0045,0.004625,0.011125,0.01585,0.019274999999999997,0.02165,0.023625,0.024775,0.025624999999999995,0.026424999999999997,0.026650000000000004,0.027100000000000003,0.027200000000000002,0.027325,0.027450000000000002,0.027475,0.02755,0.027625,0.027724999999999996,0.027625,0.027774999999999998,0.02765,0.027750000000000004,0.027750000000000004,0.027675,0.027875,0.027700000000000002,0.027875,0.027800000000000002,0.027875,0.027925000000000002,0.027750000000000004,0.027974999999999996,0.027800000000000002,0.027950000000000003,0.02785,0.027974999999999996,0.027875]},"I":{"unit":"A","value":[-0.001459,-0.0006979999999999999,-0.00017999999999999998,0.000185,0.00044500000000000003,0.000634,0.000771,0.000866,0.000945,0.000991,0.0010249999999999999,0.001057,0.001066,0.0010840000000000001,0.001088,0.001093,0.001098,0.001099,0.0011020000000000001,0.001105,0.001109,0.001105,0.001111,0.001106,0.00111,0.00111,0.001107,0.0011149999999999999,0.001108,0.0011149999999999999,0.0011120000000000001,0.0011149999999999999,0.001117,0.00111,0.001119,0.0011120000000000001,0.001118,0.0011140000000000002,0.001119,0.0011149999999999999]},"efficiency":{"unit":"%","value":13.997874999999999},"fill_factor":{"unit":"%","value":72.22365679861434},"jsc":{"unit":"mA\/cm2","value":27.88125},"isc":{"unit":"mA","value":1.11525},"voc":{"unit":"V","value":0.6951369863013698},"sweep_direction":{"unit":"","value":"Reverse"},"key":"reverse_2_121031105"},{"V":{"unit":"V","value":[0.746,0.726,0.706,0.686,0.666,0.646,0.626,0.606,0.586,0.566,0.546,0.526,0.506,0.486,0.466,0.446,0.426,0.406,0.386,0.366,0.346,0.326,0.306,0.286,0.266,0.246,0.226,0.206,0.186,0.166,0.146,0.126,0.106,0.086,0.066,0.046,0.026,0.006,-0.014,-0.034]},"J":{"unit":"A\/cm2","value":[-0.0389,-0.01825,-0.004475,0.005,0.011625,0.01635,0.019575,0.022225,0.023875,0.02535,0.026225,0.026924999999999998,0.027375,0.027675,0.027974999999999996,0.028000000000000004,0.028325,0.028149999999999994,0.028449999999999996,0.028349999999999997,0.028399999999999998,0.028499999999999998,0.028349999999999997,0.028599999999999997,0.028449999999999996,0.028549999999999996,0.028449999999999996,0.028575,0.028549999999999996,0.028575,0.028625,0.02865,0.028549999999999996,0.02865,0.028525,0.028749999999999998,0.028525,0.028775,0.028575,0.028675]},"I":{"unit":"A","value":[-0.001556,-0.00073,-0.000179,0.0002,0.000465,0.0006540000000000001,0.0007830000000000001,0.000889,0.000955,0.001014,0.001049,0.001077,0.001095,0.001107,0.001119,0.0011200000000000001,0.0011330000000000001,0.0011259999999999998,0.001138,0.0011339999999999998,0.0011359999999999999,0.00114,0.0011339999999999998,0.0011439999999999998,0.001138,0.001142,0.001138,0.001143,0.001142,0.001143,0.001145,0.0011459999999999999,0.001142,0.0011459999999999999,0.001141,0.00115,0.001141,0.0011510000000000001,0.001143,0.001147]},"efficiency":{"unit":"%","value":14.348099999999999},"fill_factor":{"unit":"%","value":71.73493808173352},"jsc":{"unit":"mA\/cm2","value":28.714999999999996},"isc":{"unit":"mA","value":1.1485999999999998},"voc":{"unit":"V","value":0.6965540897097625},"sweep_direction":{"unit":"","value":"Reverse"},"key":"reverse_1_121031105"},{"V":{"unit":"V","value":[0.746,0.726,0.706,0.686,0.666,0.646,0.626,0.606,0.586,0.566,0.546,0.526,0.506,0.486,0.466,0.446,0.426,0.406,0.386,0.366,0.346,0.326,0.306,0.286,0.266,0.246,0.226,0.206,0.186,0.166,0.146,0.126,0.106,0.086,0.066,0.046,0.026,0.006,-0.014,-0.034]},"J":{"unit":"A\/cm2","value":[-0.040375,-0.019475000000000003,-0.0047,0.0056500000000000005,0.012875,0.01795,0.021224999999999997,0.023649999999999997,0.025099999999999997,0.026400000000000003,0.027174999999999998,0.027950000000000003,0.028399999999999998,0.028699999999999996,0.029075,0.029099999999999997,0.029375,0.029349999999999998,0.0294,0.029475,0.029499999999999995,0.029575,0.029525000000000003,0.02965,0.029549999999999996,0.029599999999999998,0.02965,0.029575,0.029749999999999995,0.029549999999999996,0.029799999999999997,0.02965,0.029725,0.0297,0.029675,0.029799999999999997,0.029575,0.029825,0.029599999999999998,0.029825]},"I":{"unit":"A","value":[-0.001615,-0.0007790000000000001,-0.000188,0.00022600000000000002,0.000515,0.000718,0.0008489999999999999,0.0009459999999999999,0.001004,0.001056,0.0010869999999999999,0.001118,0.0011359999999999999,0.001148,0.001163,0.0011639999999999999,0.001175,0.001174,0.001176,0.0011790000000000001,0.0011799999999999998,0.001183,0.001181,0.001186,0.0011819999999999999,0.001184,0.001186,0.001183,0.0011899999999999999,0.0011819999999999999,0.001192,0.001186,0.001189,0.001188,0.0011870000000000001,0.001192,0.001183,0.001193,0.001184,0.001193]},"efficiency":{"unit":"%","value":14.9424},"fill_factor":{"unit":"%","value":72.05138152047897},"jsc":{"unit":"mA\/cm2","value":29.757499999999997},"isc":{"unit":"mA","value":1.1903},"voc":{"unit":"V","value":0.6969178743961352},"sweep_direction":{"unit":"","value":"Reverse"},"key":"reverse_18_121031105"},{"V":{"unit":"V","value":[0.723,0.703,0.683,0.663,0.643,0.623,0.603,0.583,0.563,0.543,0.523,0.503,0.483,0.463,0.443,0.423,0.403,0.383,0.363,0.343,0.323,0.303,0.283,0.263,0.243,0.223,0.203,0.183,0.163,0.143,0.123,0.103,0.083,0.063,0.043,0.023,0.003,-0.017,-0.037]},"J":{"unit":"A\/cm2","value":[-0.026674999999999997,-0.012925,-0.0033250000000000003,0.0034500000000000004,0.008774999999999998,0.0125,0.01565,0.017924999999999996,0.01975,0.0212,0.022225,0.02325,0.023875,0.024599999999999997,0.024925,0.0255,0.02565,0.026025,0.026150000000000003,0.026324999999999998,0.026449999999999998,0.026475,0.026699999999999998,0.026600000000000002,0.0268,0.026725,0.026775,0.026875,0.026775,0.026924999999999998,0.026875,0.02695,0.026875,0.02695,0.02695,0.02695,0.027024999999999997,0.026875,0.027075]},"I":{"unit":"A","value":[-0.001067,-0.000517,-0.000133,0.00013800000000000002,0.00035099999999999997,0.0005,0.000626,0.000717,0.00079,0.000848,0.000889,0.00093,0.000955,0.000984,0.000997,0.00102,0.001026,0.0010409999999999998,0.001046,0.001053,0.0010580000000000001,0.001059,0.0010680000000000002,0.001064,0.001072,0.0010689999999999999,0.001071,0.001075,0.001071,0.001077,0.001075,0.001078,0.001075,0.001078,0.001078,0.001078,0.001081,0.001075,0.001083]},"efficiency":{"unit":"%","value":11.69475},"fill_factor":{"unit":"%","value":64.33582264035049},"jsc":{"unit":"mA\/cm2","value":27.0025},"isc":{"unit":"mA","value":1.0801},"voc":{"unit":"V","value":0.6731845018450184},"sweep_direction":{"unit":"","value":"Reverse"},"key":"reverse_17_121031105"},{"V":{"unit":"V","value":[0.722,0.702,0.682,0.662,0.642,0.622,0.602,0.582,0.562,0.542,0.522,0.502,0.482,0.462,0.442,0.422,0.402,0.382,0.362,0.342,0.322,0.302,0.282,0.262,0.242,0.222,0.202,0.182,0.162,0.142,0.122,0.102,0.082,0.062,0.042,0.022,0.002,-0.018,-0.038]},"J":{"unit":"A\/cm2","value":[-0.0268,-0.0127,-0.003125,0.0036999999999999997,0.008725,0.0126,0.015449999999999998,0.017825,0.019524999999999997,0.021049999999999996,0.022125,0.023125,0.023899999999999998,0.0245,0.025099999999999997,0.02545,0.02585,0.026075,0.026350000000000002,0.0265,0.02655,0.026900000000000004,0.02675,0.02695,0.02695,0.027,0.027024999999999997,0.027075,0.027125,0.02705,0.027200000000000002,0.027075,0.0273,0.027100000000000003,0.027174999999999998,0.027225,0.02715,0.027325,0.027200000000000002]},"I":{"unit":"A","value":[-0.001072,-0.000508,-0.000125,0.000148,0.00034899999999999997,0.000504,0.000618,0.000713,0.000781,0.000842,0.000885,0.000925,0.0009559999999999999,0.00098,0.001004,0.001018,0.001034,0.0010429999999999999,0.001054,0.00106,0.001062,0.0010760000000000001,0.00107,0.001078,0.001078,0.00108,0.001081,0.001083,0.001085,0.001082,0.001088,0.001083,0.001092,0.0010840000000000001,0.0010869999999999999,0.001089,0.0010860000000000002,0.001093,0.001088]},"efficiency":{"unit":"%","value":11.60875},"fill_factor":{"unit":"%","value":63.50711337151397},"jsc":{"unit":"mA\/cm2","value":27.167500000000004},"isc":{"unit":"mA","value":1.0867000000000002},"voc":{"unit":"V","value":0.6728424908424908},"sweep_direction":{"unit":"","value":"Reverse"},"key":"reverse_16_121031105"},{"V":{"unit":"V","value":[0.72,0.7,0.68,0.66,0.64,0.62,0.6,0.58,0.56,0.54,0.52,0.5,0.48,0.46,0.44,0.42,0.4,0.38,0.36,0.34,0.32,0.3,0.28,0.26,0.24,0.22,0.2,0.18,0.16,0.14,0.12,0.1,0.08,0.06,0.04,0.02,0,-0.02,-0.04]},"J":{"unit":"A\/cm2","value":[-0.02915,-0.01405,-0.0035999999999999995,0.0039,0.009550000000000001,0.013600000000000001,0.016925,0.019175,0.021125,0.0225,0.023549999999999998,0.02445,0.025024999999999995,0.025624999999999995,0.025924999999999997,0.026324999999999998,0.026574999999999998,0.026725,0.026975,0.027075,0.02725,0.027200000000000002,0.0274,0.027350000000000003,0.027424999999999998,0.027475,0.027524999999999997,0.027625,0.027475,0.02765,0.027575,0.02765,0.027700000000000002,0.027625,0.027724999999999996,0.02765,0.027724999999999996,0.027675,0.027750000000000004]},"I":{"unit":"A","value":[-0.001166,-0.0005620000000000001,-0.00014399999999999998,0.000156,0.000382,0.000544,0.0006770000000000001,0.000767,0.0008449999999999999,0.0009,0.0009419999999999999,0.000978,0.001001,0.0010249999999999999,0.001037,0.001053,0.001063,0.0010689999999999999,0.0010789999999999999,0.001083,0.00109,0.001088,0.0010960000000000002,0.0010940000000000001,0.0010969999999999999,0.001099,0.001101,0.001105,0.001099,0.001106,0.001103,0.001106,0.001108,0.001105,0.001109,0.001106,0.001109,0.001107,0.00111]},"efficiency":{"unit":"%","value":12.246},"fill_factor":{"unit":"%","value":65.88532531619144},"jsc":{"unit":"mA\/cm2","value":27.724999999999998},"isc":{"unit":"mA","value":1.109},"voc":{"unit":"V","value":0.6704000000000001},"sweep_direction":{"unit":"","value":"Reverse"},"key":"reverse_15_121031105"},{"V":{"unit":"V","value":[0.75,0.73,0.71,0.69,0.67,0.65,0.63,0.61,0.59,0.57,0.55,0.53,0.51,0.49,0.47,0.45,0.43,0.41,0.39,0.37,0.35,0.33,0.31,0.29,0.27,0.25,0.23,0.21,0.19,0.17,0.15,0.13,0.11,0.09,0.07,0.05,0.03,0.01,-0.01,-0.03]},"J":{"unit":"A\/cm2","value":[-0.017599999999999998,-0.009675000000000001,-0.00295,0.00295,0.007975,0.012199999999999999,0.015674999999999998,0.0182,0.020375,0.0218,0.02305,0.023974999999999996,0.024599999999999997,0.0253,0.025574999999999997,0.026025,0.026199999999999998,0.026475,0.026574999999999998,0.026725,0.026850000000000002,0.026900000000000004,0.027075,0.026924999999999998,0.027200000000000002,0.027024999999999997,0.02725,0.02715,0.027200000000000002,0.027225,0.027174999999999998,0.027274999999999997,0.02715,0.0273,0.0273,0.0273,0.027325,0.0273,0.027350000000000003,0.027274999999999997]},"I":{"unit":"A","value":[-0.000704,-0.00038700000000000003,-0.000118,0.000118,0.000319,0.000488,0.000627,0.000728,0.000815,0.0008719999999999999,0.0009220000000000001,0.000959,0.000984,0.001012,0.0010229999999999998,0.0010409999999999998,0.001048,0.001059,0.001063,0.0010689999999999999,0.001074,0.0010760000000000001,0.001083,0.001077,0.001088,0.001081,0.00109,0.0010860000000000002,0.001088,0.001089,0.0010869999999999999,0.001091,0.0010860000000000002,0.001092,0.001092,0.001092,0.001093,0.001092,0.0010940000000000001,0.001091]},"efficiency":{"unit":"%","value":12.70675},"fill_factor":{"unit":"%","value":66.43183897529734},"jsc":{"unit":"mA\/cm2","value":27.325000000000003},"isc":{"unit":"mA","value":1.0930000000000002},"voc":{"unit":"V","value":0.7},"sweep_direction":{"unit":"","value":"Reverse"},"key":"reverse_14_121031105"},{"V":{"unit":"V","value":[0.75,0.73,0.71,0.69,0.67,0.65,0.63,0.61,0.59,0.57,0.55,0.53,0.51,0.49,0.47,0.45,0.43,0.41,0.39,0.37,0.35,0.33,0.31,0.29,0.27,0.25,0.23,0.21,0.19,0.17,0.15,0.13,0.11,0.09,0.07,0.05,0.03,0.01,-0.01,-0.03,-0.05]},"J":{"unit":"A\/cm2","value":[-0.033324999999999994,-0.0161,-0.004375,0.004324999999999999,0.010324999999999999,0.015024999999999998,0.018224999999999998,0.020649999999999998,0.022574999999999998,0.023725,0.024825,0.02535,0.026,0.026374999999999996,0.026650000000000004,0.026924999999999998,0.027075,0.027274999999999997,0.0273,0.027450000000000002,0.0275,0.027575,0.027625,0.027625,0.027700000000000002,0.027625,0.027800000000000002,0.027675,0.027774999999999998,0.027774999999999998,0.027750000000000004,0.027825,0.027750000000000004,0.027974999999999996,0.027774999999999998,0.027925000000000002,0.027825,0.027875,0.027925000000000002,0.027875,0.027974999999999996]},"I":{"unit":"A","value":[-0.001333,-0.000644,-0.000175,0.00017299999999999998,0.00041299999999999996,0.000601,0.0007289999999999999,0.0008259999999999999,0.000903,0.000949,0.000993,0.001014,0.0010400000000000001,0.001055,0.001066,0.001077,0.001083,0.001091,0.001092,0.001098,0.0011,0.001103,0.001105,0.001105,0.001108,0.001105,0.0011120000000000001,0.001107,0.001111,0.001111,0.00111,0.001113,0.00111,0.001119,0.001111,0.001117,0.001113,0.0011149999999999999,0.001117,0.0011149999999999999,0.001119]},"efficiency":{"unit":"%","value":13.65375},"fill_factor":{"unit":"%","value":69.91741469319216},"jsc":{"unit":"mA\/cm2","value":27.899999999999995},"isc":{"unit":"mA","value":1.1159999999999999},"voc":{"unit":"V","value":0.6999425287356321},"sweep_direction":{"unit":"","value":"Reverse"},"key":"reverse_13_121031105"},{"V":{"unit":"V","value":[0.728,0.708,0.688,0.668,0.648,0.628,0.608,0.588,0.568,0.548,0.528,0.508,0.488,0.468,0.448,0.428,0.408,0.388,0.368,0.348,0.328,0.308,0.288,0.268,0.248,0.228,0.208,0.188,0.168,0.148,0.128,0.108,0.088,0.068,0.048,0.028,0.008,-0.012,-0.032]},"J":{"unit":"A\/cm2","value":[-0.031225000000000003,-0.015224999999999999,-0.0039,0.00415,0.010324999999999999,0.014674999999999999,0.018175,0.020649999999999998,0.022574999999999998,0.024024999999999998,0.024974999999999997,0.025924999999999997,0.026350000000000002,0.026824999999999998,0.027075,0.0273,0.027450000000000002,0.02755,0.027750000000000004,0.027750000000000004,0.027875,0.027875,0.027875,0.027925000000000002,0.027974999999999996,0.028050000000000002,0.027925000000000002,0.028024999999999998,0.028050000000000002,0.028024999999999998,0.028149999999999994,0.028000000000000004,0.028224999999999997,0.0281,0.028075,0.028175000000000002,0.028024999999999998,0.028249999999999997,0.028125]},"I":{"unit":"A","value":[-0.0012490000000000001,-0.000609,-0.000156,0.000166,0.00041299999999999996,0.000587,0.000727,0.0008259999999999999,0.000903,0.0009609999999999999,0.000999,0.001037,0.001054,0.001073,0.001083,0.001092,0.001098,0.0011020000000000001,0.00111,0.00111,0.0011149999999999999,0.0011149999999999999,0.0011149999999999999,0.001117,0.001119,0.0011220000000000002,0.001117,0.001121,0.0011220000000000002,0.001121,0.0011259999999999998,0.0011200000000000001,0.001129,0.0011240000000000002,0.001123,0.001127,0.001121,0.00113,0.001125]},"efficiency":{"unit":"%","value":13.186800000000002},"fill_factor":{"unit":"%","value":69.14690627578142},"jsc":{"unit":"mA\/cm2","value":28.114999999999995},"isc":{"unit":"mA","value":1.1245999999999998},"voc":{"unit":"V","value":0.6783105590062112},"sweep_direction":{"unit":"","value":"Reverse"},"key":"reverse_12_121031105"},{"V":{"unit":"V","value":[0.752,0.732,0.712,0.692,0.672,0.652,0.632,0.612,0.592,0.572,0.552,0.532,0.512,0.492,0.472,0.452,0.432,0.412,0.392,0.372,0.352,0.332,0.312,0.292,0.272,0.252,0.232,0.212,0.192,0.172,0.152,0.132,0.112,0.092,0.072,0.052,0.032,0.012,-0.008,-0.028,-0.048]},"J":{"unit":"A\/cm2","value":[-0.033625,-0.016175000000000002,-0.004275,0.004475,0.01065,0.015375,0.018574999999999998,0.02125,0.022975000000000002,0.02425,0.025275,0.025824999999999997,0.026374999999999996,0.026574999999999998,0.026924999999999998,0.027024999999999997,0.02715,0.0273,0.027225,0.027424999999999998,0.027450000000000002,0.027450000000000002,0.027524999999999997,0.0275,0.027600000000000003,0.027475,0.027675,0.027524999999999997,0.027675,0.027450000000000002,0.027724999999999996,0.027575,0.027625,0.027724999999999996,0.027600000000000003,0.027774999999999998,0.027625,0.027750000000000004,0.027625,0.027774999999999998,0.027774999999999998]},"I":{"unit":"A","value":[-0.001345,-0.000647,-0.000171,0.000179,0.000426,0.000615,0.000743,0.00085,0.000919,0.0009699999999999999,0.001011,0.0010329999999999998,0.001055,0.001063,0.001077,0.001081,0.0010860000000000002,0.001092,0.001089,0.0010969999999999999,0.001098,0.001098,0.001101,0.0011,0.0011040000000000002,0.001099,0.001107,0.001101,0.001107,0.001098,0.001109,0.001103,0.001105,0.001109,0.0011040000000000002,0.001111,0.001105,0.00111,0.001105,0.001111,0.001111]},"efficiency":{"unit":"%","value":13.9518},"fill_factor":{"unit":"%","value":71.79002703852412},"jsc":{"unit":"mA\/cm2","value":27.675},"isc":{"unit":"mA","value":1.107},"voc":{"unit":"V","value":0.7022285714285714},"sweep_direction":{"unit":"","value":"Reverse"},"key":"reverse_11_121031105"},{"V":{"unit":"V","value":[0.751,0.731,0.711,0.691,0.671,0.651,0.631,0.611,0.591,0.571,0.551,0.531,0.511,0.491,0.471,0.451,0.431,0.411,0.391,0.371,0.351,0.331,0.311,0.291,0.271,0.251,0.231,0.211,0.191,0.171,0.151,0.131,0.111,0.091,0.071,0.051,0.031,0.011,-0.009,-0.029,-0.049]},"J":{"unit":"A\/cm2","value":[-0.034949999999999995,-0.0166,-0.0042250000000000005,0.0048,0.010975,0.015625,0.018875,0.021325,0.023175,0.0245,0.025574999999999997,0.026150000000000003,0.0268,0.02705,0.0273,0.0275,0.02765,0.027774999999999998,0.027750000000000004,0.027950000000000003,0.027875,0.028024999999999998,0.028000000000000004,0.027974999999999996,0.0281,0.028024999999999998,0.028149999999999994,0.0281,0.0281,0.028175000000000002,0.028075,0.028149999999999994,0.028149999999999994,0.028224999999999997,0.028149999999999994,0.028274999999999998,0.028175000000000002,0.028199999999999996,0.028249999999999997,0.028175000000000002,0.0283]},"I":{"unit":"A","value":[-0.001398,-0.000664,-0.00016900000000000002,0.000192,0.000439,0.000625,0.000755,0.000853,0.0009270000000000001,0.00098,0.0010229999999999998,0.001046,0.001072,0.001082,0.001092,0.0011,0.001106,0.001111,0.00111,0.001118,0.0011149999999999999,0.001121,0.0011200000000000001,0.001119,0.0011240000000000002,0.001121,0.0011259999999999998,0.0011240000000000002,0.0011240000000000002,0.001127,0.001123,0.0011259999999999998,0.0011259999999999998,0.001129,0.0011259999999999998,0.001131,0.001127,0.0011279999999999999,0.00113,0.001127,0.001132]},"efficiency":{"unit":"%","value":14.091825},"fill_factor":{"unit":"%","value":71.15120645350423},"jsc":{"unit":"mA\/cm2","value":28.2275},"isc":{"unit":"mA","value":1.1291},"voc":{"unit":"V","value":0.7016371191135734},"sweep_direction":{"unit":"","value":"Reverse"},"key":"reverse_10_121031105"},{"V":{"unit":"V","value":[-0.05,-0.03,-0.01,0.01,0.03,0.05,0.07,0.09,0.11,0.13,0.15,0.17,0.19,0.21,0.23,0.25,0.27,0.29,0.31,0.33,0.35,0.37,0.39,0.41,0.43,0.45,0.47,0.49,0.51,0.53,0.55,0.57,0.59,0.61,0.63,0.65,0.67,0.69,0.71,0.73,0.75,0.77]},"J":{"unit":"A\/cm2","value":[0.029525000000000003,0.02915,0.029025,0.028975,0.028849999999999997,0.028925,0.028775,0.028749999999999998,0.028775,0.028675,0.028675,0.028599999999999997,0.028749999999999998,0.028475,0.028625,0.028475,0.028499999999999998,0.028499999999999998,0.028449999999999996,0.028475,0.028325,0.028375,0.028224999999999997,0.028274999999999998,0.028000000000000004,0.027950000000000003,0.027700000000000002,0.027424999999999998,0.027100000000000003,0.026449999999999998,0.025775,0.0245,0.023025000000000004,0.020674999999999995,0.017299999999999996,0.0125,0.005525,-0.004,-0.016900000000000002,-0.033125,-0.053325,-0.077]},"I":{"unit":"A","value":[0.001181,0.001166,0.0011610000000000001,0.001159,0.0011539999999999999,0.001157,0.0011510000000000001,0.00115,0.0011510000000000001,0.001147,0.001147,0.0011439999999999998,0.00115,0.001139,0.001145,0.001139,0.00114,0.00114,0.001138,0.001139,0.0011330000000000001,0.001135,0.001129,0.001131,0.0011200000000000001,0.001118,0.001108,0.0010969999999999999,0.0010840000000000001,0.0010580000000000001,0.001031,0.00098,0.000921,0.0008269999999999999,0.0006919999999999999,0.0005,0.000221,-0.00016,-0.0006760000000000001,-0.001325,-0.002133,-0.0030800000000000003]},"efficiency":{"unit":"%","value":14.176250000000001},"fill_factor":{"unit":"%","value":71.71881659963272},"jsc":{"unit":"mA\/cm2","value":29.000000000000004},"isc":{"unit":"mA","value":1.1600000000000001},"voc":{"unit":"V","value":0.6816010498687664},"sweep_direction":{"unit":"","value":"Forward"},"key":"forward_9_121031105"},{"V":{"unit":"V","value":[-0.05,-0.03,-0.01,0.01,0.03,0.05,0.07,0.09,0.11,0.13,0.15,0.17,0.19,0.21,0.23,0.25,0.27,0.29,0.31,0.33,0.35,0.37,0.39,0.41,0.43,0.45,0.47,0.49,0.51,0.53,0.55,0.57,0.59,0.61,0.63,0.65,0.67,0.69,0.71,0.73,0.75,0.77]},"J":{"unit":"A\/cm2","value":[0.027325,0.026775,0.026824999999999998,0.026624999999999996,0.02675,0.026600000000000002,0.02655,0.026600000000000002,0.0265,0.02655,0.026449999999999998,0.0265,0.026400000000000003,0.026424999999999997,0.026424999999999997,0.026350000000000002,0.026400000000000003,0.026275,0.026350000000000002,0.026225,0.02625,0.026225,0.02605,0.026174999999999997,0.025974999999999998,0.02605,0.0258,0.02575,0.025525,0.0252,0.0248,0.024024999999999998,0.02315,0.021525,0.0195,0.016325,0.01185,0.00545,-0.0036249999999999998,-0.0159,-0.03232499999999999,-0.05327499999999999]},"I":{"unit":"A","value":[0.001093,0.001071,0.001073,0.001065,0.00107,0.001064,0.001062,0.001064,0.00106,0.001062,0.0010580000000000001,0.00106,0.001056,0.001057,0.001057,0.001054,0.001056,0.0010509999999999999,0.001054,0.001049,0.0010500000000000002,0.001049,0.001042,0.001047,0.001039,0.001042,0.001032,0.00103,0.001021,0.001008,0.000992,0.0009609999999999999,0.0009260000000000001,0.000861,0.00078,0.000653,0.000474,0.00021799999999999999,-0.000145,-0.0006360000000000001,-0.0012929999999999999,-0.0021309999999999996]},"efficiency":{"unit":"%","value":13.694249999999998},"fill_factor":{"unit":"%","value":72.99222611292026},"jsc":{"unit":"mA\/cm2","value":26.724999999999998},"isc":{"unit":"mA","value":1.069},"voc":{"unit":"V","value":0.7020110192837465},"sweep_direction":{"unit":"","value":"Forward"},"key":"forward_8_121031105"},{"V":{"unit":"V","value":[-0.05,-0.03,-0.01,0.01,0.03,0.05,0.07,0.09,0.11,0.13,0.15,0.17,0.19,0.21,0.23,0.25,0.27,0.29,0.31,0.33,0.35,0.37,0.39,0.41,0.43,0.45,0.47,0.49,0.51,0.53,0.55,0.57,0.59,0.61,0.63,0.65,0.67,0.69,0.71,0.73,0.75]},"J":{"unit":"A\/cm2","value":[0.02765,0.026975,0.026924999999999998,0.026674999999999997,0.026725,0.02655,0.026624999999999996,0.026600000000000002,0.026475,0.02655,0.026400000000000003,0.02655,0.026350000000000002,0.026424999999999997,0.026350000000000002,0.0263,0.026350000000000002,0.026174999999999997,0.026275,0.0261,0.026150000000000003,0.026025,0.025924999999999997,0.0259,0.02565,0.025624999999999995,0.025099999999999997,0.024875,0.024149999999999998,0.023350000000000003,0.022175,0.020425,0.0182,0.01495,0.010875,0.005175,-0.0021000000000000003,-0.0117,-0.024125,-0.040025,-0.060050000000000006]},"I":{"unit":"A","value":[0.001106,0.0010789999999999999,0.001077,0.001067,0.0010689999999999999,0.001062,0.001065,0.001064,0.001059,0.001062,0.001056,0.001062,0.001054,0.001057,0.001054,0.001052,0.001054,0.001047,0.0010509999999999999,0.001044,0.001046,0.0010409999999999998,0.001037,0.001036,0.001026,0.0010249999999999999,0.001004,0.000995,0.000966,0.000934,0.000887,0.0008169999999999999,0.000728,0.000598,0.000435,0.000207,-8.400000000000001e-5,-0.00046800000000000005,-0.0009649999999999999,-0.001601,-0.002402]},"efficiency":{"unit":"%","value":12.375500000000002},"fill_factor":{"unit":"%","value":69.5202881294289},"jsc":{"unit":"mA\/cm2","value":26.8},"isc":{"unit":"mA","value":1.072},"voc":{"unit":"V","value":0.6642268041237115},"sweep_direction":{"unit":"","value":"Forward"},"key":"forward_7_121031105"},{"V":{"unit":"V","value":[-0.05,-0.03,-0.01,0.01,0.03,0.05,0.07,0.09,0.11,0.13,0.15,0.17,0.19,0.21,0.23,0.25,0.27,0.29,0.31,0.33,0.35,0.37,0.39,0.41,0.43,0.45,0.47,0.49,0.51,0.53,0.55,0.57,0.59,0.61,0.63,0.65,0.67,0.69,0.71,0.73]},"J":{"unit":"A\/cm2","value":[0.0281,0.02755,0.027274999999999997,0.027375,0.027075,0.027200000000000002,0.02705,0.027075,0.027024999999999997,0.026975,0.026975,0.0268,0.02695,0.02675,0.0268,0.026650000000000004,0.026699999999999998,0.026650000000000004,0.02655,0.026574999999999998,0.026424999999999997,0.026449999999999998,0.026174999999999997,0.026199999999999998,0.025874999999999995,0.025624999999999995,0.025275,0.02465,0.02395,0.02275,0.021275,0.019175,0.016325,0.012575,0.007425,0.00095,-0.007775,-0.018775,-0.033,-0.050675000000000005]},"I":{"unit":"A","value":[0.0011240000000000002,0.0011020000000000001,0.001091,0.001095,0.001083,0.001088,0.001082,0.001083,0.001081,0.0010789999999999999,0.0010789999999999999,0.001072,0.001078,0.00107,0.001072,0.001066,0.0010680000000000002,0.001066,0.001062,0.001063,0.001057,0.0010580000000000001,0.001047,0.001048,0.001035,0.0010249999999999999,0.001011,0.000986,0.000958,0.00091,0.000851,0.000767,0.000653,0.000503,0.000297,3.8e-5,-0.000311,-0.000751,-0.00132,-0.002027]},"efficiency":{"unit":"%","value":12.2145},"fill_factor":{"unit":"%","value":68.54086979570077},"jsc":{"unit":"mA\/cm2","value":27.324999999999992},"isc":{"unit":"mA","value":1.0929999999999997},"voc":{"unit":"V","value":0.6521776504297995},"sweep_direction":{"unit":"","value":"Forward"},"key":"forward_6_121031105"},{"V":{"unit":"V","value":[-0.05,-0.03,-0.01,0.01,0.03,0.05,0.07,0.09,0.11,0.13,0.15,0.17,0.19,0.21,0.23,0.25,0.27,0.29,0.31,0.33,0.35,0.37,0.39,0.41,0.43,0.45,0.47,0.49,0.51,0.53,0.55,0.57,0.59,0.61,0.63,0.65,0.67,0.69,0.71,0.73,0.75,0.77,0.79]},"J":{"unit":"A\/cm2","value":[0.027950000000000003,0.0275,0.027600000000000003,0.0274,0.027475,0.0274,0.0274,0.027424999999999998,0.027325,0.027375,0.0273,0.0274,0.027174999999999998,0.027424999999999998,0.027174999999999998,0.0273,0.027225,0.027125,0.02725,0.02705,0.02715,0.02705,0.027,0.027075,0.026875,0.026924999999999998,0.0268,0.026725,0.026525,0.02625,0.025775,0.025099999999999997,0.024149999999999998,0.022525,0.020474999999999997,0.0171,0.0126,0.005925,-0.003375,-0.0159,-0.03282499999999999,-0.054200000000000005,-0.080675]},"I":{"unit":"A","value":[0.001118,0.0011,0.0011040000000000002,0.0010960000000000002,0.001099,0.0010960000000000002,0.0010960000000000002,0.0010969999999999999,0.001093,0.001095,0.001092,0.0010960000000000002,0.0010869999999999999,0.0010969999999999999,0.0010869999999999999,0.001092,0.001089,0.001085,0.00109,0.001082,0.0010860000000000002,0.001082,0.00108,0.001083,0.001075,0.001077,0.001072,0.0010689999999999999,0.0010609999999999999,0.0010500000000000002,0.001031,0.001004,0.000966,0.000901,0.000819,0.000684,0.000504,0.000237,-0.000135,-0.0006360000000000001,-0.001313,-0.0021680000000000002,-0.003227]},"efficiency":{"unit":"%","value":14.306999999999997},"fill_factor":{"unit":"%","value":74.0320904709245},"jsc":{"unit":"mA\/cm2","value":27.5},"isc":{"unit":"mA","value":1.1},"voc":{"unit":"V","value":0.702741935483871},"sweep_direction":{"unit":"","value":"Forward"},"key":"forward_5_121031105"},{"V":{"unit":"V","value":[-0.05,-0.03,-0.01,0.01,0.03,0.05,0.07,0.09,0.11,0.13,0.15,0.17,0.19,0.21,0.23,0.25,0.27,0.29,0.31,0.33,0.35,0.37,0.39,0.41,0.43,0.45,0.47,0.49,0.51,0.53,0.55,0.57,0.59,0.61,0.63,0.65,0.67,0.69,0.71,0.73,0.75,0.77,0.79]},"J":{"unit":"A\/cm2","value":[0.028699999999999996,0.028449999999999996,0.028325,0.028375,0.028224999999999997,0.0283,0.028149999999999994,0.028325,0.028125,0.028199999999999996,0.028149999999999994,0.028075,0.028199999999999996,0.028000000000000004,0.028199999999999996,0.028024999999999998,0.028050000000000002,0.028024999999999998,0.027950000000000003,0.028024999999999998,0.027875,0.027925000000000002,0.027875,0.02785,0.027774999999999998,0.027700000000000002,0.027675,0.027475,0.027375,0.026924999999999998,0.026624999999999996,0.0259,0.024925,0.023725,0.02145,0.018475,0.013975000000000001,0.007724999999999999,-0.0012250000000000002,-0.0137,-0.030225000000000002,-0.051925,-0.078825]},"I":{"unit":"A","value":[0.001148,0.001138,0.0011330000000000001,0.001135,0.001129,0.001132,0.0011259999999999998,0.0011330000000000001,0.001125,0.0011279999999999999,0.0011259999999999998,0.001123,0.0011279999999999999,0.0011200000000000001,0.0011279999999999999,0.001121,0.0011220000000000002,0.001121,0.001118,0.001121,0.0011149999999999999,0.001117,0.0011149999999999999,0.0011140000000000002,0.001111,0.001108,0.001107,0.001099,0.001095,0.001077,0.001065,0.001036,0.000997,0.000949,0.000858,0.000739,0.000559,0.000309,-4.9000000000000005e-5,-0.0005480000000000001,-0.001209,-0.002077,-0.003153]},"efficiency":{"unit":"%","value":14.762999999999998},"fill_factor":{"unit":"%","value":73.62764027850916},"jsc":{"unit":"mA\/cm2","value":28.349999999999998},"isc":{"unit":"mA","value":1.134},"voc":{"unit":"V","value":0.7072625698324022},"sweep_direction":{"unit":"","value":"Forward"},"key":"forward_4_121031105"},{"V":{"unit":"V","value":[-0.05,-0.03,-0.01,0.01,0.03,0.05,0.07,0.09,0.11,0.13,0.15,0.17,0.19,0.21,0.23,0.25,0.27,0.29,0.31,0.33,0.35,0.37,0.39,0.41,0.43,0.45,0.47,0.49,0.51,0.53,0.55,0.57,0.59,0.61,0.63,0.65,0.67,0.69,0.71,0.73,0.75,0.77]},"J":{"unit":"A\/cm2","value":[0.029325,0.028949999999999997,0.028749999999999998,0.028825,0.028575,0.028749999999999998,0.028549999999999996,0.02865,0.028549999999999996,0.028525,0.028625,0.028425000000000002,0.028549999999999996,0.028399999999999998,0.028525,0.028375,0.028375,0.028375,0.028274999999999998,0.0283,0.028274999999999998,0.028199999999999996,0.028249999999999997,0.028050000000000002,0.028125,0.0279,0.027950000000000003,0.027625,0.027450000000000002,0.02715,0.026574999999999998,0.025974999999999998,0.0247,0.023175,0.020724999999999997,0.017325,0.012375,0.00525,-0.0046,-0.01825,-0.03605,-0.05885]},"I":{"unit":"A","value":[0.001173,0.001158,0.00115,0.001153,0.001143,0.00115,0.001142,0.0011459999999999999,0.001142,0.001141,0.001145,0.001137,0.001142,0.0011359999999999999,0.001141,0.001135,0.001135,0.001135,0.001131,0.001132,0.001131,0.0011279999999999999,0.00113,0.0011220000000000002,0.001125,0.001116,0.001118,0.001105,0.001098,0.0010860000000000002,0.001063,0.001039,0.000988,0.0009270000000000001,0.000829,0.0006929999999999999,0.000495,0.00020999999999999998,-0.000184,-0.00073,-0.001442,-0.002354]},"efficiency":{"unit":"%","value":14.805749999999998},"fill_factor":{"unit":"%","value":73.40391085288621},"jsc":{"unit":"mA\/cm2","value":28.787499999999998},"isc":{"unit":"mA","value":1.1515},"voc":{"unit":"V","value":0.7006598984771573},"sweep_direction":{"unit":"","value":"Forward"},"key":"forward_3_121031105"},{"V":{"unit":"V","value":[-0.05,-0.03,-0.01,0.01,0.03,0.05,0.07,0.09,0.11,0.13,0.15,0.17,0.19,0.21,0.23,0.25,0.27,0.29,0.31,0.33,0.35,0.37,0.39,0.41,0.43,0.45,0.47,0.49,0.51,0.53,0.55,0.57,0.59,0.61,0.63,0.65,0.67,0.69,0.71,0.73,0.75,0.77,0.79]},"J":{"unit":"A\/cm2","value":[0.028349999999999997,0.028075,0.02785,0.0279,0.027825,0.027800000000000002,0.027774999999999998,0.027750000000000004,0.027724999999999996,0.027625,0.027750000000000004,0.027575,0.027774999999999998,0.027475,0.027675,0.027600000000000003,0.027600000000000003,0.027625,0.027475,0.027575,0.027424999999999998,0.027475,0.0274,0.0274,0.027375,0.027200000000000002,0.027174999999999998,0.027024999999999997,0.0268,0.026525,0.026025,0.025374999999999995,0.024224999999999997,0.022949999999999998,0.020474999999999997,0.0175,0.0127,0.006125,-0.00325,-0.016425000000000002,-0.033725,-0.056425,-0.0843]},"I":{"unit":"A","value":[0.0011339999999999998,0.001123,0.0011140000000000002,0.001116,0.001113,0.0011120000000000001,0.001111,0.00111,0.001109,0.001105,0.00111,0.001103,0.001111,0.001099,0.001107,0.0011040000000000002,0.0011040000000000002,0.001105,0.001099,0.001103,0.0010969999999999999,0.001099,0.0010960000000000002,0.0010960000000000002,0.001095,0.001088,0.0010869999999999999,0.001081,0.001072,0.0010609999999999999,0.0010409999999999998,0.0010149999999999998,0.000969,0.0009180000000000001,0.000819,0.0007,0.000508,0.000245,-0.00013000000000000002,-0.000657,-0.001349,-0.0022570000000000003,-0.003372]},"efficiency":{"unit":"%","value":14.463749999999997},"fill_factor":{"unit":"%","value":73.80223645460119},"jsc":{"unit":"mA\/cm2","value":27.875},"isc":{"unit":"mA","value":1.115},"voc":{"unit":"V","value":0.7030666666666666},"sweep_direction":{"unit":"","value":"Forward"},"key":"forward_2_121031105"},{"V":{"unit":"V","value":[-0.05,-0.03,-0.01,0.01,0.03,0.05,0.07,0.09,0.11,0.13,0.15,0.17,0.19,0.21,0.23,0.25,0.27,0.29,0.31,0.33,0.35,0.37,0.39,0.41,0.43,0.45,0.47,0.49,0.51,0.53,0.55,0.57,0.59,0.61,0.63,0.65,0.67,0.69,0.71,0.73,0.75,0.77,0.79]},"J":{"unit":"A\/cm2","value":[0.029049999999999996,0.028799999999999996,0.02865,0.028625,0.028549999999999996,0.028599999999999997,0.028449999999999996,0.028599999999999997,0.028399999999999998,0.028449999999999996,0.028525,0.028274999999999998,0.028499999999999998,0.0283,0.028375,0.028274999999999998,0.028249999999999997,0.0283,0.028224999999999997,0.028274999999999998,0.028175000000000002,0.028249999999999997,0.0281,0.0281,0.028050000000000002,0.02785,0.027925000000000002,0.027575,0.02755,0.027100000000000003,0.026725,0.025924999999999997,0.0249,0.023524999999999997,0.021099999999999997,0.018075,0.013349999999999999,0.006549999999999999,-0.0031,-0.016550000000000002,-0.03459999999999999,-0.05802500000000001,-0.0871]},"I":{"unit":"A","value":[0.0011619999999999998,0.0011519999999999998,0.0011459999999999999,0.001145,0.001142,0.0011439999999999998,0.001138,0.0011439999999999998,0.0011359999999999999,0.001138,0.001141,0.001131,0.00114,0.001132,0.001135,0.001131,0.00113,0.001132,0.001129,0.001131,0.001127,0.00113,0.0011240000000000002,0.0011240000000000002,0.0011220000000000002,0.0011140000000000002,0.001117,0.001103,0.0011020000000000001,0.0010840000000000001,0.0010689999999999999,0.001037,0.000996,0.000941,0.000844,0.000723,0.0005340000000000001,0.000262,-0.000124,-0.000662,-0.0013839999999999998,-0.002321,-0.003484]},"efficiency":{"unit":"%","value":14.777249999999997},"fill_factor":{"unit":"%","value":73.34120467231074},"jsc":{"unit":"mA\/cm2","value":28.6375},"isc":{"unit":"mA","value":1.1455},"voc":{"unit":"V","value":0.7035751295336787},"sweep_direction":{"unit":"","value":"Forward"},"key":"forward_1_121031105"},{"V":{"unit":"V","value":[-0.05,-0.03,-0.01,0.01,0.03,0.05,0.07,0.09,0.11,0.13,0.15,0.17,0.19,0.21,0.23,0.25,0.27,0.29,0.31,0.33,0.35,0.37,0.39,0.41,0.43,0.45,0.47,0.49,0.51,0.53,0.55,0.57,0.59,0.61,0.63,0.65,0.67,0.69,0.71,0.73,0.75,0.77]},"J":{"unit":"A\/cm2","value":[0.030375,0.029975,0.029775000000000003,0.029825,0.029599999999999998,0.0297,0.029475,0.029625,0.02945,0.029499999999999995,0.029525000000000003,0.029325,0.02945,0.029275000000000002,0.029375,0.029299999999999996,0.029325,0.029275000000000002,0.02915,0.029225,0.029099999999999997,0.029175,0.029049999999999996,0.029025,0.029049999999999996,0.028749999999999998,0.028925,0.028475,0.028425000000000002,0.0279,0.0274,0.026650000000000004,0.02535,0.02375,0.021049999999999996,0.01725,0.011550000000000001,0.0035749999999999996,-0.007525,-0.022125,-0.040625,-0.063125]},"I":{"unit":"A","value":[0.0012150000000000002,0.001199,0.001191,0.001193,0.001184,0.001188,0.0011790000000000001,0.001185,0.001178,0.0011799999999999998,0.001181,0.001173,0.001178,0.001171,0.001175,0.0011719999999999999,0.001173,0.001171,0.001166,0.0011690000000000001,0.0011639999999999999,0.001167,0.0011619999999999998,0.0011610000000000001,0.0011619999999999998,0.00115,0.001157,0.001139,0.001137,0.001116,0.0010960000000000002,0.001066,0.001014,0.00095,0.000842,0.00069,0.000462,0.00014299999999999998,-0.000301,-0.000885,-0.001625,-0.002525]},"efficiency":{"unit":"%","value":15.190499999999998},"fill_factor":{"unit":"%","value":73.19327825934838},"jsc":{"unit":"mA\/cm2","value":29.799999999999997},"isc":{"unit":"mA","value":1.192},"voc":{"unit":"V","value":0.6964414414414414},"sweep_direction":{"unit":"","value":"Forward"},"key":"forward_18_121031105"},{"V":{"unit":"V","value":[-0.05,-0.03,-0.01,0.01,0.03,0.05,0.07,0.09,0.11,0.13,0.15,0.17,0.19,0.21,0.23,0.25,0.27,0.29,0.31,0.33,0.35,0.37,0.39,0.41,0.43,0.45,0.47,0.49,0.51,0.53,0.55,0.57,0.59,0.61,0.63,0.65,0.67,0.69,0.71,0.73,0.75]},"J":{"unit":"A\/cm2","value":[0.02725,0.027,0.02705,0.02695,0.026850000000000002,0.026975,0.026775,0.026924999999999998,0.02675,0.0268,0.02675,0.026775,0.02675,0.026699999999999998,0.026775,0.026624999999999996,0.026624999999999996,0.02655,0.0265,0.026475,0.026324999999999998,0.026374999999999996,0.02605,0.0261,0.02575,0.02555,0.02525,0.02475,0.024224999999999997,0.023375,0.022525,0.021125,0.019600000000000003,0.017375,0.014499999999999999,0.010575,0.00535,-0.0017999999999999997,-0.011550000000000001,-0.024474999999999997,-0.041449999999999994]},"I":{"unit":"A","value":[0.00109,0.00108,0.001082,0.001078,0.001074,0.0010789999999999999,0.001071,0.001077,0.00107,0.001072,0.00107,0.001071,0.00107,0.0010680000000000002,0.001071,0.001065,0.001065,0.001062,0.00106,0.001059,0.001053,0.001055,0.001042,0.001044,0.00103,0.0010220000000000001,0.00101,0.00099,0.000969,0.0009350000000000001,0.000901,0.0008449999999999999,0.0007840000000000001,0.000695,0.00058,0.000423,0.000214,-7.199999999999999e-5,-0.000462,-0.000979,-0.001658]},"efficiency":{"unit":"%","value":12.388750000000002},"fill_factor":{"unit":"%","value":66.98773939840811},"jsc":{"unit":"mA\/cm2","value":27},"isc":{"unit":"mA","value":1.08},"voc":{"unit":"V","value":0.684965034965035},"sweep_direction":{"unit":"","value":"Forward"},"key":"forward_17_121031105"},{"V":{"unit":"V","value":[-0.05,-0.03,-0.01,0.01,0.03,0.05,0.07,0.09,0.11,0.13,0.15,0.17,0.19,0.21,0.23,0.25,0.27,0.29,0.31,0.33,0.35,0.37,0.39,0.41,0.43,0.45,0.47,0.49,0.51,0.53,0.55,0.57,0.59,0.61,0.63,0.65,0.67,0.69,0.71,0.73,0.75]},"J":{"unit":"A\/cm2","value":[0.027600000000000003,0.027225,0.027274999999999997,0.027024999999999997,0.02725,0.027024999999999997,0.027200000000000002,0.027,0.027100000000000003,0.027,0.027024999999999997,0.027,0.026900000000000004,0.026975,0.0268,0.02695,0.026775,0.026850000000000002,0.026725,0.026650000000000004,0.026650000000000004,0.026475,0.026374999999999996,0.026150000000000003,0.025974999999999998,0.025574999999999997,0.025224999999999997,0.02475,0.024024999999999998,0.0232,0.02195,0.020599999999999997,0.018725,0.01625,0.01325,0.009025,0.0036249999999999998,-0.00385,-0.013725000000000001,-0.02705,-0.0445]},"I":{"unit":"A","value":[0.0011040000000000002,0.001089,0.001091,0.001081,0.00109,0.001081,0.001088,0.00108,0.0010840000000000001,0.00108,0.001081,0.00108,0.0010760000000000001,0.0010789999999999999,0.001072,0.001078,0.001071,0.001074,0.0010689999999999999,0.001066,0.001066,0.001059,0.001055,0.001046,0.001039,0.0010229999999999998,0.001009,0.00099,0.0009609999999999999,0.000928,0.000878,0.000824,0.000749,0.00065,0.00053,0.000361,0.000145,-0.000154,-0.000549,-0.001082,-0.0017800000000000001]},"efficiency":{"unit":"%","value":12.296000000000001},"fill_factor":{"unit":"%","value":66.63116270754028},"jsc":{"unit":"mA\/cm2","value":27.149999999999995},"isc":{"unit":"mA","value":1.0859999999999999},"voc":{"unit":"V","value":0.6796989966555184},"sweep_direction":{"unit":"","value":"Forward"},"key":"forward_16_121031105"},{"V":{"unit":"V","value":[-0.05,-0.03,-0.01,0.01,0.03,0.05,0.07,0.09,0.11,0.13,0.15,0.17,0.19,0.21,0.23,0.25,0.27,0.29,0.31,0.33,0.35,0.37,0.39,0.41,0.43,0.45,0.47,0.49,0.51,0.53,0.55,0.57,0.59,0.61,0.63,0.65,0.67,0.69,0.71,0.73,0.75]},"J":{"unit":"A\/cm2","value":[0.028199999999999996,0.0279,0.027700000000000002,0.027750000000000004,0.02755,0.027700000000000002,0.02755,0.027575,0.027524999999999997,0.027475,0.027524999999999997,0.027450000000000002,0.027424999999999998,0.027375,0.027350000000000003,0.0273,0.027325,0.027274999999999997,0.027125,0.027200000000000002,0.026975,0.027024999999999997,0.026824999999999998,0.026674999999999997,0.0265,0.026150000000000003,0.025924999999999997,0.02535,0.02495,0.024024999999999998,0.023175,0.021775,0.020025,0.0177,0.014499999999999999,0.010199999999999999,0.00415,-0.004,-0.015099999999999999,-0.029775000000000003,-0.048525]},"I":{"unit":"A","value":[0.0011279999999999999,0.001116,0.001108,0.00111,0.0011020000000000001,0.001108,0.0011020000000000001,0.001103,0.001101,0.001099,0.001101,0.001098,0.0010969999999999999,0.001095,0.0010940000000000001,0.001092,0.001093,0.001091,0.001085,0.001088,0.0010789999999999999,0.001081,0.001073,0.001067,0.00106,0.001046,0.001037,0.001014,0.000998,0.0009609999999999999,0.0009270000000000001,0.000871,0.0008010000000000001,0.000708,0.00058,0.000408,0.000166,-0.00016,-0.0006039999999999999,-0.001191,-0.001941]},"efficiency":{"unit":"%","value":12.74625},"fill_factor":{"unit":"%","value":67.59030938434871},"jsc":{"unit":"mA\/cm2","value":27.724999999999998},"isc":{"unit":"mA","value":1.109},"voc":{"unit":"V","value":0.6801840490797546},"sweep_direction":{"unit":"","value":"Forward"},"key":"forward_15_121031105"},{"V":{"unit":"V","value":[-0.05,-0.03,-0.01,0.01,0.03,0.05,0.07,0.09,0.11,0.13,0.15,0.17,0.19,0.21,0.23,0.25,0.27,0.29,0.31,0.33,0.35,0.37,0.39,0.41,0.43,0.45,0.47,0.49,0.51,0.53,0.55,0.57,0.59,0.61,0.63,0.65,0.67,0.69,0.71,0.73,0.75,0.77,0.79]},"J":{"unit":"A\/cm2","value":[0.027800000000000002,0.027450000000000002,0.027274999999999997,0.027350000000000003,0.027200000000000002,0.027325,0.027225,0.027200000000000002,0.027225,0.02715,0.027200000000000002,0.027125,0.02715,0.02715,0.027100000000000003,0.027075,0.02695,0.027100000000000003,0.026900000000000004,0.027,0.026850000000000002,0.026900000000000004,0.026775,0.026699999999999998,0.026600000000000002,0.026475,0.026350000000000002,0.026,0.025874999999999995,0.02535,0.0248,0.024024999999999998,0.022900000000000004,0.021425,0.019125,0.016325,0.012199999999999999,0.006900000000000001,-0.00027499999999999996,-0.0093,-0.020649999999999998,-0.03425,-0.049949999999999994]},"I":{"unit":"A","value":[0.0011120000000000001,0.001098,0.001091,0.0010940000000000001,0.001088,0.001093,0.001089,0.001088,0.001089,0.0010860000000000002,0.001088,0.001085,0.0010860000000000002,0.0010860000000000002,0.0010840000000000001,0.001083,0.001078,0.0010840000000000001,0.0010760000000000001,0.00108,0.001074,0.0010760000000000001,0.001071,0.0010680000000000002,0.001064,0.001059,0.001054,0.0010400000000000001,0.001035,0.001014,0.000992,0.0009609999999999999,0.000916,0.000857,0.0007650000000000001,0.000653,0.000488,0.00027600000000000004,-1.1e-5,-0.000372,-0.0008259999999999999,-0.0013700000000000001,-0.001998]},"efficiency":{"unit":"%","value":13.694249999999998},"fill_factor":{"unit":"%","value":70.69481913427958},"jsc":{"unit":"mA\/cm2","value":27.3125},"isc":{"unit":"mA","value":1.0925},"voc":{"unit":"V","value":0.7092334494773518},"sweep_direction":{"unit":"","value":"Forward"},"key":"forward_14_121031105"},{"V":{"unit":"V","value":[-0.05,-0.03,-0.01,0.01,0.03,0.05,0.07,0.09,0.11,0.13,0.15,0.17,0.19,0.21,0.23,0.25,0.27,0.29,0.31,0.33,0.35,0.37,0.39,0.41,0.43,0.45,0.47,0.49,0.51,0.53,0.55,0.57,0.59,0.61,0.63,0.65,0.67,0.69,0.71,0.73,0.75,0.77,0.79]},"J":{"unit":"A\/cm2","value":[0.028399999999999998,0.028050000000000002,0.027950000000000003,0.027875,0.027825,0.02785,0.027800000000000002,0.027750000000000004,0.027875,0.027675,0.027774999999999998,0.027700000000000002,0.027700000000000002,0.027700000000000002,0.027575,0.027750000000000004,0.027524999999999997,0.027700000000000002,0.027475,0.027625,0.027475,0.027450000000000002,0.027450000000000002,0.0273,0.027325,0.027100000000000003,0.027075,0.026824999999999998,0.026624999999999996,0.0263,0.025724999999999998,0.025099999999999997,0.024075,0.022725000000000002,0.020625,0.017799999999999996,0.01365,0.0079,-0.000125,-0.011525,-0.026449999999999998,-0.0461,-0.070575]},"I":{"unit":"A","value":[0.0011359999999999999,0.0011220000000000002,0.001118,0.0011149999999999999,0.001113,0.0011140000000000002,0.0011120000000000001,0.00111,0.0011149999999999999,0.001107,0.001111,0.001108,0.001108,0.001108,0.001103,0.00111,0.001101,0.001108,0.001099,0.001105,0.001099,0.001098,0.001098,0.001092,0.001093,0.0010840000000000001,0.001083,0.001073,0.001065,0.001052,0.001029,0.001004,0.000963,0.000909,0.000825,0.000712,0.000546,0.000316,-5.0e-6,-0.00046100000000000004,-0.0010580000000000001,-0.0018440000000000002,-0.002823]},"efficiency":{"unit":"%","value":14.306999999999997},"fill_factor":{"unit":"%","value":72.22409180362645},"jsc":{"unit":"mA\/cm2","value":27.9125},"isc":{"unit":"mA","value":1.1165},"voc":{"unit":"V","value":0.7096884735202492},"sweep_direction":{"unit":"","value":"Forward"},"key":"forward_13_121031105"},{"V":{"unit":"V","value":[-0.05,-0.03,-0.01,0.01,0.03,0.05,0.07,0.09,0.11,0.13,0.15,0.17,0.19,0.21,0.23,0.25,0.27,0.29,0.31,0.33,0.35,0.37,0.39,0.41,0.43,0.45,0.47,0.49,0.51,0.53,0.55,0.57,0.59,0.61,0.63,0.65,0.67,0.69,0.71,0.73,0.75,0.77]},"J":{"unit":"A\/cm2","value":[0.028875,0.028325,0.0283,0.028050000000000002,0.028249999999999997,0.028000000000000004,0.028075,0.028075,0.027974999999999996,0.028024999999999998,0.027950000000000003,0.028000000000000004,0.027875,0.0279,0.027800000000000002,0.027825,0.02785,0.027750000000000004,0.027800000000000002,0.02765,0.02765,0.027575,0.027524999999999997,0.027424999999999998,0.02725,0.02725,0.026900000000000004,0.0268,0.02625,0.0258,0.02505,0.023925,0.02255,0.020349999999999997,0.0175,0.013224999999999999,0.007625,-0.0005,-0.011224999999999999,-0.02545,-0.043425000000000005,-0.06525]},"I":{"unit":"A","value":[0.001155,0.0011330000000000001,0.001132,0.0011220000000000002,0.00113,0.0011200000000000001,0.001123,0.001123,0.001119,0.001121,0.001118,0.0011200000000000001,0.0011149999999999999,0.001116,0.0011120000000000001,0.001113,0.0011140000000000002,0.00111,0.0011120000000000001,0.001106,0.001106,0.001103,0.001101,0.0010969999999999999,0.00109,0.00109,0.0010760000000000001,0.001072,0.0010500000000000002,0.001032,0.001002,0.000957,0.000902,0.0008139999999999999,0.0007,0.0005290000000000001,0.000305,-2.0e-5,-0.000449,-0.001018,-0.001737,-0.00261]},"efficiency":{"unit":"%","value":13.7775},"fill_factor":{"unit":"%","value":70.99581633743128},"jsc":{"unit":"mA\/cm2","value":28.174999999999994},"isc":{"unit":"mA","value":1.1269999999999998},"voc":{"unit":"V","value":0.6887692307692307},"sweep_direction":{"unit":"","value":"Forward"},"key":"forward_12_121031105"},{"V":{"unit":"V","value":[-0.05,-0.03,-0.01,0.01,0.03,0.05,0.07,0.09,0.11,0.13,0.15,0.17,0.19,0.21,0.23,0.25,0.27,0.29,0.31,0.33,0.35,0.37,0.39,0.41,0.43,0.45,0.47,0.49,0.51,0.53,0.55,0.57,0.59,0.61,0.63,0.65,0.67,0.69,0.71,0.73,0.75,0.77,0.79]},"J":{"unit":"A\/cm2","value":[0.0281,0.027800000000000002,0.02765,0.027774999999999998,0.0275,0.027700000000000002,0.02755,0.027575,0.027524999999999997,0.027575,0.02755,0.027475,0.027524999999999997,0.027424999999999998,0.027524999999999997,0.027375,0.027450000000000002,0.027350000000000003,0.027375,0.027424999999999998,0.027274999999999997,0.027325,0.02725,0.027225,0.027225,0.02705,0.02715,0.026875,0.026824999999999998,0.026475,0.026150000000000003,0.025624999999999995,0.024724999999999997,0.023625,0.021625,0.019149999999999997,0.0153,0.01,0.00225,-0.008325,-0.022574999999999998,-0.041025,-0.06409999999999999]},"I":{"unit":"A","value":[0.0011240000000000002,0.0011120000000000001,0.001106,0.001111,0.0011,0.001108,0.0011020000000000001,0.001103,0.001101,0.001103,0.0011020000000000001,0.001099,0.001101,0.0010969999999999999,0.001101,0.001095,0.001098,0.0010940000000000001,0.001095,0.0010969999999999999,0.001091,0.001093,0.00109,0.001089,0.001089,0.001082,0.0010860000000000002,0.001075,0.001073,0.001059,0.001046,0.0010249999999999999,0.000989,0.000945,0.000865,0.000766,0.000612,0.0004,8.999999999999999e-5,-0.000333,-0.000903,-0.001641,-0.002564]},"efficiency":{"unit":"%","value":14.606249999999998},"fill_factor":{"unit":"%","value":73.79204401120111},"jsc":{"unit":"mA\/cm2","value":27.712500000000002},"isc":{"unit":"mA","value":1.1085},"voc":{"unit":"V","value":0.7142553191489361},"sweep_direction":{"unit":"","value":"Forward"},"key":"forward_11_121031105"},{"V":{"unit":"V","value":[-0.05,-0.03,-0.01,0.01,0.03,0.05,0.07,0.09,0.11,0.13,0.15,0.17,0.19,0.21,0.23,0.25,0.27,0.29,0.31,0.33,0.35,0.37,0.39,0.41,0.43,0.45,0.47,0.49,0.51,0.53,0.55,0.57,0.59,0.61,0.63,0.65,0.67,0.69,0.71,0.73,0.75,0.77,0.79]},"J":{"unit":"A\/cm2","value":[0.028775,0.028349999999999997,0.028249999999999997,0.028125,0.028249999999999997,0.0281,0.028149999999999994,0.028024999999999998,0.028125,0.028000000000000004,0.028050000000000002,0.027950000000000003,0.027925000000000002,0.028000000000000004,0.02785,0.027974999999999996,0.02785,0.027950000000000003,0.027825,0.027774999999999998,0.027825,0.027700000000000002,0.027750000000000004,0.027625,0.027575,0.027575,0.027274999999999997,0.027350000000000003,0.026900000000000004,0.026699999999999998,0.026199999999999998,0.0255,0.0245,0.02315,0.021175,0.018125,0.014124999999999999,0.008025000000000001,-0.000125,-0.011625,-0.0268,-0.046275,-0.070425]},"I":{"unit":"A","value":[0.0011510000000000001,0.0011339999999999998,0.00113,0.001125,0.00113,0.0011240000000000002,0.0011259999999999998,0.001121,0.001125,0.0011200000000000001,0.0011220000000000002,0.001118,0.001117,0.0011200000000000001,0.0011140000000000002,0.001119,0.0011140000000000002,0.001118,0.001113,0.001111,0.001113,0.001108,0.00111,0.001105,0.001103,0.001103,0.001091,0.0010940000000000001,0.0010760000000000001,0.0010680000000000002,0.001048,0.00102,0.00098,0.0009260000000000001,0.000847,0.000725,0.000565,0.000321,-5.0e-6,-0.000465,-0.001072,-0.001851,-0.002817]},"efficiency":{"unit":"%","value":14.534999999999998},"fill_factor":{"unit":"%","value":72.65872979363517},"jsc":{"unit":"mA\/cm2","value":28.187499999999996},"isc":{"unit":"mA","value":1.1275},"voc":{"unit":"V","value":0.7096932515337423},"sweep_direction":{"unit":"","value":"Forward"},"key":"forward_10_121031105"}]}}