{"_id":"652d9595956f56119d546351","id":"CAU-SC-00237","author":73,"group":7,"input":[{"tco":{"unit":"","value":"ITO"}},[],{"htl":[{"material":{"unit":"","value":"PEDOT:PSS"},"concentration":{"unit":"","value":"None"},"conc_unit":{"unit":"","value":"mg\/ml"},"quantity":{"unit":"ml","value":"Material"}}],"spin_coating":[{"type":{"unit":"","value":"drop&run"},"rpm":{"unit":"","value":"5000"},"time":{"unit":"s","value":"30"}}],"annealing":[{"temperature":{"unit":"oC","value":"150"},"time":{"unit":"m","value":"20"}}]},[],{"perovskite":{"method":{"unit":"","value":"1step"},"molarity":{"unit":"M","value":"1"},"a_site":[{"material":{"unit":"","value":"FA"},"ratio":{"unit":"","value":"75"}},{"material":{"unit":"","value":"MA"},"ratio":{"unit":"","value":"15"}},{"material":{"unit":"","value":"PEA"},"ratio":{"unit":"","value":"10"}}],"b_site":[{"material":{"unit":"","value":"Sn"},"ratio":{"unit":"","value":"100"}}],"x_site":[{"material":{"unit":"","value":"I"},"ratio":{"unit":"","value":"66.66"}},{"material":{"unit":"","value":"Br"},"ratio":{"unit":"","value":"33.33"}}],"solvent":[{"material":{"unit":"","value":"DMF"},"volume":{"unit":"ml","value":"0.8"}},{"material":{"unit":"","value":"DMSO"},"volume":{"unit":"ml","value":"0.2"}}],"additive":[{"material":{"unit":"","value":"SnF2"},"solvent":{"unit":"","value":"none"},"concentration":{"unit":"","value":"15.6"},"conc_unit":{"unit":"","value":"mg\/ml"},"quantity":{"unit":"mol%","value":"10"}},{"material":{"unit":"","value":"Sn"},"solvent":{"unit":"","value":"None"},"concentration":{"unit":"","value":"11.8"},"conc_unit":{"unit":"","value":"mg\/ml"},"quantity":{"unit":"mol%","value":"10"}}],"stirring_time":[{"unit":"m","value":"150"}],"antisolvent":[{"material":{"unit":"","value":"Toluene"},"quantity":{"unit":"ul","value":"200"},"dripping_time":{"unit":"s","value":"10"}}],"spin_coating":[{"type":{"unit":"","value":"drop&run"},"rpm":{"unit":"","value":"8000"},"time":{"unit":"s","value":"30"}}],"annealing":[{"temperature":{"unit":"oC","value":"50"},"time":{"unit":"m","value":"10"}}],"atmosphere":[{"type":{"unit":"","value":"N2"},"temperature":{"unit":"oC","value":"25"},"humidity":{"unit":"RH%","value":"0"}}]}},{"etl":[{"material":{"unit":"","value":"PC61BM"},"concentration":{"unit":"","value":"20"},"conc_unit":{"unit":"","value":"mg\/ml"},"quantity":{"unit":"ml","value":"Material"}}],"solvent":[{"material":{"unit":"","value":"CB"},"volume":{"unit":"ml","value":"0.75"}},{"material":{"unit":"","value":"DCB"},"volume":{"unit":"ml","value":"0.25"}}],"spin_coating":[{"type":{"unit":"","value":"drop&run"},"rpm":{"unit":"","value":"1500"},"time":{"unit":"s","value":"30"}}],"annealing":[{"temperature":{"unit":"oC","value":"70"},"time":{"unit":"m","value":"10"}}]},{"blocking_buffer_layer":[{"material":{"unit":"","value":"BCP"},"concentration":{"unit":"","value":"0.5"},"conc_unit":{"unit":"","value":"mg\/ml"},"quantity":{"unit":"ml","value":"Material"}}],"solvent":[{"material":{"unit":"","value":"IPA"},"volume":{"unit":"ml","value":"1"}}],"spin_coating":[{"type":{"unit":"","value":"dynamic"},"rpm":{"unit":"","value":"6000"},"time":{"unit":"s","value":"30"}}],"annealing":[{"temperature":{"unit":"oC","value":"70"},"time":{"unit":"m","value":"10"}}]},{"anode_metal":{"unit":"","value":"Ag"}},{"note":{"unit":"","value":"PEA15, Sn 10%, 50oC"},"ar":{"unit":"","value":"0"},"type":{"unit":"","value":"unit_cell"},"device_type":{"unit":"","value":"p-i-n"},"temperature":{"unit":"\u2103","value":"25"},"humidity":{"unit":"%","value":"25"},"cell_dimension":{"unit":"cm2","value":"0.04"}}],"fileinfo":[{"key":"52203183","uploadType":"JV","original_name":"52203183.xlsx","save_name":"CAU-SC-00237\/52203183","uploader":73,"fileType":"group"},{"key":"52203184","uploadType":"JV","original_name":"52203184.xlsx","save_name":"CAU-SC-00237\/52203184","uploader":73,"fileType":"group"}],"updated_at":"2024-06-03 08:38:34","created_at":"2023-10-16 19:57:09","jvcnt":12,"analysisInfo":{"JV":[{"efficiency":6.288750000000001,"fill_factor":63.883537382064134,"jsc":14.6,"voc":0.674252427184466,"key":"reverse_3_52203184","cell_dimension":null},{"efficiency":6.615,"fill_factor":64.37009819385176,"jsc":15.504999999999999,"voc":0.6627868852459016,"key":"reverse_3_52203183","cell_dimension":null},{"efficiency":4.124249999999999,"fill_factor":45.877249089240514,"jsc":14.59375,"voc":0.616,"key":"reverse_2_52203184","cell_dimension":null},{"efficiency":5.605599999999999,"fill_factor":58.95964457608292,"jsc":15.539999999999997,"voc":0.6118095238095239,"key":"reverse_2_52203183","cell_dimension":null},{"efficiency":5.859437499999999,"fill_factor":57.80119875160199,"jsc":16.01875,"voc":0.6328349514563106,"key":"reverse_1_52203184","cell_dimension":null},{"efficiency":6.2124999999999995,"fill_factor":65.22724871596161,"jsc":14.664999999999997,"voc":0.6494642857142856,"key":"reverse_1_52203183","cell_dimension":null},{"efficiency":7.1225,"fill_factor":69.6047254830104,"jsc":14.625000000000002,"voc":0.6996774193548386,"key":"forward_3_52203184","cell_dimension":null},{"efficiency":7.5411,"fill_factor":68.46384064344099,"jsc":15.784999999999998,"voc":0.6977966101694916,"key":"forward_3_52203183","cell_dimension":null},{"efficiency":5.91,"fill_factor":62.41601689773724,"jsc":14.5625,"voc":0.6502127659574468,"key":"forward_2_52203184","cell_dimension":null},{"efficiency":6.952399999999999,"fill_factor":66.28961829900001,"jsc":15.714999999999998,"voc":0.6673825503355705,"key":"forward_2_52203183","cell_dimension":null},{"efficiency":7.03125,"fill_factor":66.71800971127921,"jsc":15.812500000000002,"voc":0.6664827586206897,"key":"forward_1_52203184","cell_dimension":null},{"efficiency":6.9174,"fill_factor":67.47207098700949,"jsc":15.014999999999997,"voc":0.6828,"key":"forward_1_52203183","cell_dimension":null}]},"public":2,"analysis":{"JV":[{"V":{"unit":"V","value":[0.716,0.696,0.676,0.656,0.636,0.616,0.596,0.576,0.556,0.536,0.516,0.496,0.476,0.456,0.436,0.416,0.396,0.376,0.356,0.336,0.316,0.296,0.276,0.256,0.236,0.216,0.196,0.176,0.156,0.136,0.116,0.096,0.076,0.056,0.036,0.016,-0.004,-0.024]},"J":{"unit":"A\/cm2","value":[-0.008781250000000003,-0.00428125,-0.00028125,0.0029374999999999996,0.005343750000000001,0.007312500000000001,0.008906249999999998,0.01003125,0.010968749999999998,0.0115625,0.0121875,0.012531249999999999,0.01290625,0.013125,0.013375,0.0135625,0.01375,0.0138125,0.013968749999999999,0.0140625,0.014125000000000002,0.014250000000000002,0.01428125,0.01434375,0.01440625,0.0144375,0.01446875,0.014500000000000002,0.01453125,0.01453125,0.01453125,0.0145625,0.01453125,0.014625000000000003,0.01459375,0.014625000000000003,0.01459375,0.014656249999999997]},"I":{"unit":"A","value":[-0.00035125000000000005,-0.00017125000000000002,-1.1249999999999999e-5,0.0001175,0.00021375000000000002,0.00029250000000000006,0.00035624999999999996,0.00040125,0.00043874999999999996,0.0004625,0.00048750000000000003,0.00050125,0.00051625,0.0005250000000000001,0.000535,0.0005425,0.00055,0.0005525,0.00055875,0.0005625,0.0005650000000000001,0.0005700000000000001,0.00057125,0.0005737499999999999,0.00057625,0.0005775,0.00057875,0.0005800000000000001,0.0005812500000000001,0.0005812500000000001,0.0005812500000000001,0.0005825,0.0005812500000000001,0.0005850000000000001,0.00058375,0.0005850000000000001,0.00058375,0.00058625]},"efficiency":{"unit":"%","value":6.288750000000001},"fill_factor":{"unit":"%","value":63.883537382064134},"jsc":{"unit":"mA\/cm2","value":14.6},"isc":{"unit":"mA","value":0.584},"voc":{"unit":"V","value":0.674252427184466},"sweep_direction":{"unit":"","value":"Reverse"},"key":"reverse_3_52203184"},{"V":{"unit":"V","value":[0.8,0.78,0.76,0.74,0.72,0.7,0.68,0.66,0.64,0.62,0.6,0.58,0.56,0.54,0.52,0.5,0.48,0.46,0.44,0.42,0.4,0.38,0.36,0.34,0.32,0.3,0.28,0.26,0.24,0.22,0.2,0.18,0.16,0.14,0.12,0.1,0.08,0.06,0.04,0.02,0,-0.02,-0.04]},"J":{"unit":"A\/cm2","value":[-0.045779999999999994,-0.038395,-0.029959999999999997,-0.022049999999999997,-0.014979999999999999,-0.008785,-0.003675,0.000595,0.003884999999999999,0.006369999999999999,0.008329999999999999,0.00994,0.011024999999999998,0.012039999999999997,0.0126,0.01323,0.013544999999999998,0.013999999999999999,0.014174999999999998,0.014489999999999996,0.014524999999999998,0.014804999999999999,0.014839999999999997,0.015014999999999997,0.015014999999999997,0.015155,0.015155,0.015259999999999998,0.015259999999999998,0.015329999999999998,0.015295,0.0154,0.0154,0.0154,0.015434999999999999,0.015470000000000001,0.015539999999999997,0.015470000000000001,0.015505,0.015470000000000001,0.015505,0.015539999999999997,0.015574999999999999]},"I":{"unit":"A","value":[-0.0018311999999999998,-0.0015358,-0.0011983999999999999,-0.0008819999999999999,-0.0005991999999999999,-0.0003514,-0.000147,2.3800000000000003e-5,0.00015539999999999998,0.00025479999999999996,0.00033319999999999997,0.00039759999999999996,0.00044099999999999993,0.00048159999999999994,0.000504,0.0005292,0.0005417999999999999,0.00056,0.0005669999999999999,0.0005795999999999999,0.0005809999999999999,0.0005922,0.0005935999999999999,0.0006006,0.0006006,0.0006062,0.0006062,0.0006104,0.0006104,0.0006131999999999999,0.0006118,0.000616,0.000616,0.000616,0.0006173999999999999,0.0006188,0.0006215999999999999,0.0006188,0.0006202,0.0006188,0.0006202,0.0006215999999999999,0.000623]},"efficiency":{"unit":"%","value":6.615},"fill_factor":{"unit":"%","value":64.37009819385176},"jsc":{"unit":"mA\/cm2","value":15.504999999999999},"isc":{"unit":"mA","value":0.6202},"voc":{"unit":"V","value":0.6627868852459016},"sweep_direction":{"unit":"","value":"Reverse"},"key":"reverse_3_52203183"},{"V":{"unit":"V","value":[0.656,0.636,0.616,0.596,0.576,0.556,0.536,0.516,0.496,0.476,0.456,0.436,0.416,0.396,0.376,0.356,0.336,0.316,0.296,0.276,0.256,0.236,0.216,0.196,0.176,0.156,0.136,0.116,0.096,0.076,0.056,0.036,0.016,-0.004,-0.024]},"J":{"unit":"A\/cm2","value":[-0.0036562500000000006,-0.00165625,0,0.0011875,0.00221875,0.00325,0.00440625,0.005343750000000001,0.006375,0.00715625,0.0080625,0.008781250000000003,0.00959375,0.01021875,0.010968749999999998,0.01146875,0.012125,0.0125,0.013062499999999998,0.013375,0.01378125,0.013968749999999999,0.01415625,0.014250000000000002,0.01440625,0.014375000000000002,0.01453125,0.0144375,0.01453125,0.014500000000000002,0.0145625,0.01453125,0.01459375,0.01459375,0.01459375]},"I":{"unit":"A","value":[-0.00014625000000000003,-6.625e-5,0,4.75e-5,8.874999999999999e-5,0.00013000000000000002,0.00017625,0.00021375000000000002,0.000255,0.00028625,0.00032250000000000003,0.00035125000000000005,0.00038375,0.00040875,0.00043874999999999996,0.00045875,0.00048499999999999997,0.0005,0.0005225,0.000535,0.00055125,0.00055875,0.00056625,0.0005700000000000001,0.00057625,0.0005750000000000001,0.0005812500000000001,0.0005775,0.0005812500000000001,0.0005800000000000001,0.0005825,0.0005812500000000001,0.00058375,0.00058375,0.00058375]},"efficiency":{"unit":"%","value":4.124249999999999},"fill_factor":{"unit":"%","value":45.877249089240514},"jsc":{"unit":"mA\/cm2","value":14.59375},"isc":{"unit":"mA","value":0.58375},"voc":{"unit":"V","value":0.616},"sweep_direction":{"unit":"","value":"Reverse"},"key":"reverse_2_52203184"},{"V":{"unit":"V","value":[0.8,0.78,0.76,0.74,0.72,0.7,0.68,0.66,0.64,0.62,0.6,0.58,0.56,0.54,0.52,0.5,0.48,0.46,0.44,0.42,0.4,0.38,0.36,0.34,0.32,0.3,0.28,0.26,0.24,0.22,0.2,0.18,0.16,0.14,0.12,0.1,0.08,0.06,0.04,0.02,0,-0.02,-0.04]},"J":{"unit":"A\/cm2","value":[-0.10552500000000001,-0.089985,-0.07224,-0.05575499999999999,-0.042839999999999996,-0.030624999999999996,-0.020614999999999998,-0.012564999999999998,-0.0063349999999999995,-0.0015049999999999996,0.0021699999999999996,0.004795,0.00686,0.008504999999999999,0.009765000000000001,0.010745,0.011619999999999998,0.012144999999999998,0.012739999999999998,0.013054999999999999,0.01351,0.013685000000000001,0.014035,0.014139999999999998,0.014454999999999999,0.014559999999999997,0.014734999999999998,0.014839999999999997,0.01505,0.015014999999999997,0.015224999999999999,0.015084999999999998,0.015329999999999998,0.015259999999999998,0.015364999999999998,0.015259999999999998,0.0154,0.015364999999999998,0.015470000000000001,0.015434999999999999,0.015539999999999997,0.015434999999999999,0.015609999999999999]},"I":{"unit":"A","value":[-0.004221,-0.0035994,-0.0028895999999999995,-0.0022302,-0.0017135999999999998,-0.001225,-0.0008245999999999999,-0.0005026,-0.0002534,-6.019999999999999e-5,8.679999999999998e-5,0.0001918,0.0002744,0.0003401999999999999,0.0003906,0.0004298,0.00046479999999999997,0.00048579999999999994,0.0005095999999999999,0.0005222,0.0005404,0.0005474,0.0005614,0.0005656,0.0005782,0.0005824,0.0005893999999999999,0.0005935999999999999,0.000602,0.0006006,0.000609,0.0006033999999999999,0.0006131999999999999,0.0006104,0.0006146,0.0006104,0.000616,0.0006146,0.0006188,0.0006173999999999999,0.0006215999999999999,0.0006173999999999999,0.0006244]},"efficiency":{"unit":"%","value":5.605599999999999},"fill_factor":{"unit":"%","value":58.95964457608292},"jsc":{"unit":"mA\/cm2","value":15.539999999999997},"isc":{"unit":"mA","value":0.6215999999999999},"voc":{"unit":"V","value":0.6118095238095239},"sweep_direction":{"unit":"","value":"Reverse"},"key":"reverse_2_52203183"},{"V":{"unit":"V","value":[0.674,0.654,0.634,0.614,0.594,0.574,0.554,0.534,0.514,0.494,0.474,0.454,0.434,0.414,0.394,0.374,0.354,0.334,0.314,0.294,0.274,0.254,0.234,0.214,0.194,0.174,0.154,0.134,0.114,0.094,0.074,0.054,0.034,0.014,-0.006,-0.026]},"J":{"unit":"A\/cm2","value":[-0.007968749999999998,-0.00384375,-0.0001875,0.00303125,0.00528125,0.007343749999999999,0.008843749999999997,0.010125,0.010999999999999998,0.0118125,0.012312500000000002,0.01290625,0.013312499999999998,0.01378125,0.01403125,0.014375000000000002,0.0145625,0.014874999999999998,0.015,0.01525,0.015281249999999998,0.015531249999999998,0.015531249999999998,0.01575,0.015687499999999997,0.01584375,0.01578125,0.01590625,0.015875,0.01596875,0.01590625,0.016,0.015937499999999997,0.0160625,0.016,0.01609375]},"I":{"unit":"A","value":[-0.00031874999999999997,-0.00015375,-7.499999999999999e-6,0.00012124999999999999,0.00021125,0.00029374999999999996,0.00035374999999999995,0.00040500000000000003,0.00043999999999999996,0.00047250000000000005,0.0004925000000000001,0.00051625,0.0005325,0.00055125,0.00056125,0.0005750000000000001,0.0005825,0.0005949999999999999,0.0006,0.00061,0.0006112499999999999,0.00062125,0.00062125,0.00063,0.0006274999999999999,0.00063375,0.00063125,0.00063625,0.000635,0.00063875,0.00063625,0.00064,0.0006374999999999999,0.0006425000000000001,0.00064,0.00064375]},"efficiency":{"unit":"%","value":5.859437499999999},"fill_factor":{"unit":"%","value":57.80119875160199},"jsc":{"unit":"mA\/cm2","value":16.01875},"isc":{"unit":"mA","value":0.64075},"voc":{"unit":"V","value":0.6328349514563106},"sweep_direction":{"unit":"","value":"Reverse"},"key":"reverse_1_52203184"},{"V":{"unit":"V","value":[0.8,0.78,0.76,0.74,0.72,0.7,0.68,0.66,0.64,0.62,0.6,0.58,0.56,0.54,0.52,0.5,0.48,0.46,0.44,0.42,0.4,0.38,0.36,0.34,0.32,0.3,0.28,0.26,0.24,0.22,0.2,0.18,0.16,0.14,0.12,0.1,0.08,0.06,0.04,0.02,0,-0.02,-0.04]},"J":{"unit":"A\/cm2","value":[-0.05901,-0.049665,-0.039235,-0.029469999999999996,-0.020825,-0.013335,-0.007139999999999999,-0.002065,0.0018549999999999997,0.00476,0.006999999999999999,0.00882,0.010044999999999998,0.01113,0.01176,0.012424999999999999,0.012809999999999998,0.01323,0.013369999999999998,0.013685000000000001,0.013789999999999998,0.014035,0.014035,0.01421,0.01421,0.014384999999999998,0.014314999999999998,0.014454999999999999,0.014384999999999998,0.014559999999999997,0.014454999999999999,0.014594999999999999,0.014524999999999998,0.014664999999999997,0.014559999999999997,0.0147,0.014594999999999999,0.0147,0.014629999999999999,0.014734999999999998,0.014664999999999997,0.01477,0.0147]},"I":{"unit":"A","value":[-0.0023604,-0.0019866,-0.0015693999999999999,-0.0011787999999999998,-0.000833,-0.0005334,-0.00028559999999999995,-8.259999999999999e-5,7.419999999999999e-5,0.00019040000000000002,0.00028,0.0003528,0.00040179999999999995,0.0004452,0.0004704,0.0004969999999999999,0.0005124,0.0005292,0.0005348,0.0005474,0.0005516,0.0005614,0.0005614,0.0005684,0.0005684,0.0005753999999999999,0.0005725999999999999,0.0005782,0.0005753999999999999,0.0005824,0.0005782,0.0005838,0.0005809999999999999,0.0005866,0.0005824,0.000588,0.0005838,0.000588,0.0005851999999999999,0.0005893999999999999,0.0005866,0.0005907999999999999,0.000588]},"efficiency":{"unit":"%","value":6.2124999999999995},"fill_factor":{"unit":"%","value":65.22724871596161},"jsc":{"unit":"mA\/cm2","value":14.664999999999997},"isc":{"unit":"mA","value":0.5865999999999999},"voc":{"unit":"V","value":0.6494642857142856},"sweep_direction":{"unit":"","value":"Reverse"},"key":"reverse_1_52203183"},{"V":{"unit":"V","value":[-0.04,-0.02,0,0.02,0.04,0.06,0.08,0.1,0.12,0.14,0.16,0.18,0.2,0.22,0.24,0.26,0.28,0.3,0.32,0.34,0.36,0.38,0.4,0.42,0.44,0.46,0.48,0.5,0.52,0.54,0.56,0.58,0.6,0.62,0.64,0.66,0.68,0.7,0.72,0.74,0.76]},"J":{"unit":"A\/cm2","value":[0.014687499999999997,0.01453125,0.014625000000000003,0.0145625,0.014656249999999997,0.014500000000000002,0.014656249999999997,0.014500000000000002,0.014656249999999997,0.0145625,0.014656249999999997,0.01459375,0.014625000000000003,0.01459375,0.014656249999999997,0.014625000000000003,0.014625000000000003,0.0145625,0.014656249999999997,0.0145625,0.0145625,0.014500000000000002,0.01446875,0.01434375,0.014250000000000002,0.014125000000000002,0.013968749999999999,0.01375,0.013468749999999998,0.013187499999999998,0.012718749999999997,0.01221875,0.01140625,0.0104375,0.0086875,0.00671875,0.0038125,-6.25e-5,-0.005343750000000001,-0.0121875,-0.020968750000000005]},"I":{"unit":"A","value":[0.0005874999999999999,0.0005812500000000001,0.0005850000000000001,0.0005825,0.00058625,0.0005800000000000001,0.00058625,0.0005800000000000001,0.00058625,0.0005825,0.00058625,0.00058375,0.0005850000000000001,0.00058375,0.00058625,0.0005850000000000001,0.0005850000000000001,0.0005825,0.00058625,0.0005825,0.0005825,0.0005800000000000001,0.00057875,0.0005737499999999999,0.0005700000000000001,0.0005650000000000001,0.00055875,0.00055,0.00053875,0.0005275,0.0005087499999999999,0.00048875,0.00045625,0.0004175,0.00034750000000000004,0.00026875,0.0001525,-2.5e-6,-0.00021375000000000002,-0.00048750000000000003,-0.0008387500000000001]},"efficiency":{"unit":"%","value":7.1225},"fill_factor":{"unit":"%","value":69.6047254830104},"jsc":{"unit":"mA\/cm2","value":14.625000000000002},"isc":{"unit":"mA","value":0.5850000000000001},"voc":{"unit":"V","value":0.6996774193548386},"sweep_direction":{"unit":"","value":"Forward"},"key":"forward_3_52203184"},{"V":{"unit":"V","value":[-0.04,-0.02,0,0.02,0.04,0.06,0.08,0.1,0.12,0.14,0.16,0.18,0.2,0.22,0.24,0.26,0.28,0.3,0.32,0.34,0.36,0.38,0.4,0.42,0.44,0.46,0.48,0.5,0.52,0.54,0.56,0.58,0.6,0.62,0.64,0.66,0.68,0.7,0.72,0.74,0.76,0.78,0.8]},"J":{"unit":"A\/cm2","value":[0.016065,0.015854999999999998,0.015784999999999997,0.01575,0.015715,0.015715,0.01568,0.01568,0.015609999999999999,0.015715,0.015609999999999999,0.015645,0.015539999999999997,0.015609999999999999,0.015505,0.015574999999999999,0.015470000000000001,0.015539999999999997,0.015434999999999999,0.015505,0.015329999999999998,0.0154,0.015189999999999997,0.015189999999999997,0.014979999999999999,0.014979999999999999,0.0147,0.014559999999999997,0.01421,0.013965,0.013439999999999999,0.012634999999999999,0.01176,0.010709999999999999,0.009065,0.0068249999999999995,0.003675,-0.0004549999999999999,-0.006089999999999999,-0.013019999999999999,-0.0217,-0.03185,-0.043609999999999996]},"I":{"unit":"A","value":[0.0006425999999999999,0.0006342,0.0006314,0.00063,0.0006285999999999999,0.0006285999999999999,0.0006272,0.0006272,0.0006244,0.0006285999999999999,0.0006244,0.0006258,0.0006215999999999999,0.0006244,0.0006202,0.000623,0.0006188,0.0006215999999999999,0.0006173999999999999,0.0006202,0.0006131999999999999,0.000616,0.0006075999999999999,0.0006075999999999999,0.0005991999999999999,0.0005991999999999999,0.000588,0.0005824,0.0005684,0.0005586,0.0005376,0.0005053999999999999,0.0004704,0.00042839999999999995,0.0003626,0.00027299999999999997,0.000147,-1.82e-5,-0.00024359999999999996,-0.0005208,-0.000868,-0.001274,-0.0017444]},"efficiency":{"unit":"%","value":7.5411},"fill_factor":{"unit":"%","value":68.46384064344099},"jsc":{"unit":"mA\/cm2","value":15.784999999999998},"isc":{"unit":"mA","value":0.6314},"voc":{"unit":"V","value":0.6977966101694916},"sweep_direction":{"unit":"","value":"Forward"},"key":"forward_3_52203183"},{"V":{"unit":"V","value":[-0.04,-0.02,0,0.02,0.04,0.06,0.08,0.1,0.12,0.14,0.16,0.18,0.2,0.22,0.24,0.26,0.28,0.3,0.32,0.34,0.36,0.38,0.4,0.42,0.44,0.46,0.48,0.5,0.52,0.54,0.56,0.58,0.6,0.62,0.64,0.66,0.68,0.7,0.72,0.74]},"J":{"unit":"A\/cm2","value":[0.01471875,0.014625000000000003,0.0145625,0.0145625,0.01453125,0.0145625,0.014500000000000002,0.0145625,0.01453125,0.01446875,0.014500000000000002,0.014500000000000002,0.01453125,0.01446875,0.01453125,0.01440625,0.01446875,0.014375000000000002,0.01440625,0.0141875,0.014250000000000002,0.014000000000000002,0.01390625,0.0135625,0.013375,0.01278125,0.012312500000000002,0.01153125,0.010781249999999997,0.0095,0.0085,0.007062500000000001,0.005624999999999999,0.0036874999999999994,0.0015,-0.0014374999999999998,-0.00503125,-0.00959375,-0.015375,-0.022625]},"I":{"unit":"A","value":[0.00058875,0.0005850000000000001,0.0005825,0.0005825,0.0005812500000000001,0.0005825,0.0005800000000000001,0.0005825,0.0005812500000000001,0.00057875,0.0005800000000000001,0.0005800000000000001,0.0005812500000000001,0.00057875,0.0005812500000000001,0.00057625,0.00057875,0.0005750000000000001,0.00057625,0.0005675,0.0005700000000000001,0.0005600000000000001,0.00055625,0.0005425,0.000535,0.00051125,0.0004925000000000001,0.00046125,0.00043125,0.00038,0.00034,0.00028250000000000004,0.00022499999999999997,0.00014749999999999998,5.9999999999999995e-5,-5.7499999999999995e-5,-0.00020125,-0.00038375,-0.000615,-0.000905]},"efficiency":{"unit":"%","value":5.91},"fill_factor":{"unit":"%","value":62.41601689773724},"jsc":{"unit":"mA\/cm2","value":14.5625},"isc":{"unit":"mA","value":0.5825},"voc":{"unit":"V","value":0.6502127659574468},"sweep_direction":{"unit":"","value":"Forward"},"key":"forward_2_52203184"},{"V":{"unit":"V","value":[-0.04,-0.02,0,0.02,0.04,0.06,0.08,0.1,0.12,0.14,0.16,0.18,0.2,0.22,0.24,0.26,0.28,0.3,0.32,0.34,0.36,0.38,0.4,0.42,0.44,0.46,0.48,0.5,0.52,0.54,0.56,0.58,0.6,0.62,0.64,0.66,0.68,0.7,0.72,0.74,0.76,0.78,0.8]},"J":{"unit":"A\/cm2","value":[0.015995000000000002,0.015784999999999997,0.015715,0.01568,0.015609999999999999,0.015609999999999999,0.015574999999999999,0.015539999999999997,0.015470000000000001,0.015539999999999997,0.015434999999999999,0.015470000000000001,0.0154,0.015470000000000001,0.015329999999999998,0.0154,0.015295,0.0154,0.015224999999999999,0.015295,0.01512,0.015155,0.014979999999999999,0.014909999999999998,0.014629999999999999,0.014489999999999996,0.014105000000000001,0.013895,0.013369999999999998,0.012669999999999999,0.011935,0.011094999999999999,0.009835,0.008085,0.005529999999999999,0.001925,-0.0032899999999999995,-0.0105,-0.020439999999999996,-0.033635,-0.050679999999999996,-0.07213499999999999,-0.098315]},"I":{"unit":"A","value":[0.0006398,0.0006314,0.0006285999999999999,0.0006272,0.0006244,0.0006244,0.000623,0.0006215999999999999,0.0006188,0.0006215999999999999,0.0006173999999999999,0.0006188,0.000616,0.0006188,0.0006131999999999999,0.000616,0.0006118,0.000616,0.000609,0.0006118,0.0006048,0.0006062,0.0005991999999999999,0.0005964,0.0005851999999999999,0.0005795999999999999,0.0005642,0.0005558,0.0005348,0.0005068,0.0004774,0.00044379999999999995,0.0003934,0.0003234,0.00022119999999999998,7.7e-5,-0.0001316,-0.00041999999999999996,-0.0008175999999999999,-0.0013453999999999999,-0.0020272,-0.0028853999999999998,-0.0039326]},"efficiency":{"unit":"%","value":6.952399999999999},"fill_factor":{"unit":"%","value":66.28961829900001},"jsc":{"unit":"mA\/cm2","value":15.714999999999998},"isc":{"unit":"mA","value":0.6285999999999999},"voc":{"unit":"V","value":0.6673825503355705},"sweep_direction":{"unit":"","value":"Forward"},"key":"forward_2_52203183"},{"V":{"unit":"V","value":[-0.04,-0.02,0,0.02,0.04,0.06,0.08,0.1,0.12,0.14,0.16,0.18,0.2,0.22,0.24,0.26,0.28,0.3,0.32,0.34,0.36,0.38,0.4,0.42,0.44,0.46,0.48,0.5,0.52,0.54,0.56,0.58,0.6,0.62,0.64,0.66,0.68,0.7,0.72,0.74]},"J":{"unit":"A\/cm2","value":[0.01571875,0.01584375,0.0158125,0.015937499999999997,0.01590625,0.01596875,0.015937499999999997,0.01596875,0.015937499999999997,0.01596875,0.01596875,0.01596875,0.015937499999999997,0.01596875,0.015875,0.015937499999999997,0.0158125,0.015875,0.01575,0.01575,0.01559375,0.015562500000000002,0.015375,0.015281249999999998,0.014937499999999998,0.01484375,0.01434375,0.0140625,0.013468749999999998,0.01290625,0.012,0.01103125,0.00946875,0.007437499999999999,0.00478125,0.0014687499999999998,-0.0030625,-0.00875,-0.01615625,-0.025375000000000005]},"I":{"unit":"A","value":[0.0006287500000000001,0.00063375,0.0006325,0.0006374999999999999,0.00063625,0.00063875,0.0006374999999999999,0.00063875,0.0006374999999999999,0.00063875,0.00063875,0.00063875,0.0006374999999999999,0.00063875,0.000635,0.0006374999999999999,0.0006325,0.000635,0.00063,0.00063,0.0006237500000000001,0.0006225,0.000615,0.0006112499999999999,0.0005974999999999999,0.00059375,0.0005737499999999999,0.0005625,0.00053875,0.00051625,0.00047999999999999996,0.00044124999999999996,0.00037874999999999996,0.00029749999999999997,0.00019125000000000001,5.875e-5,-0.0001225,-0.00035000000000000005,-0.00064625,-0.001015]},"efficiency":{"unit":"%","value":7.03125},"fill_factor":{"unit":"%","value":66.71800971127921},"jsc":{"unit":"mA\/cm2","value":15.812500000000002},"isc":{"unit":"mA","value":0.6325000000000001},"voc":{"unit":"V","value":0.6664827586206897},"sweep_direction":{"unit":"","value":"Forward"},"key":"forward_1_52203184"},{"V":{"unit":"V","value":[-0.04,-0.02,0,0.02,0.04,0.06,0.08,0.1,0.12,0.14,0.16,0.18,0.2,0.22,0.24,0.26,0.28,0.3,0.32,0.34,0.36,0.38,0.4,0.42,0.44,0.46,0.48,0.5,0.52,0.54,0.56,0.58,0.6,0.62,0.64,0.66,0.68,0.7,0.72,0.74,0.76,0.78,0.8]},"J":{"unit":"A\/cm2","value":[0.015364999999999998,0.015014999999999997,0.015014999999999997,0.014874999999999998,0.014909999999999998,0.01477,0.014839999999999997,0.014734999999999998,0.014804999999999999,0.0147,0.01477,0.014664999999999997,0.0147,0.014629999999999999,0.014734999999999998,0.014559999999999997,0.014629999999999999,0.014489999999999996,0.014594999999999999,0.014454999999999999,0.014489999999999996,0.014139999999999998,0.01421,0.014035,0.013999999999999999,0.013789999999999998,0.013685000000000001,0.013439999999999999,0.01323,0.012809999999999998,0.01232,0.011654999999999999,0.010745,0.00938,0.007419999999999999,0.00462,0.000735,-0.004515,-0.011409999999999998,-0.020054999999999996,-0.03059,-0.04298,-0.05719]},"I":{"unit":"A","value":[0.0006146,0.0006006,0.0006006,0.0005949999999999999,0.0005964,0.0005907999999999999,0.0005935999999999999,0.0005893999999999999,0.0005922,0.000588,0.0005907999999999999,0.0005866,0.000588,0.0005851999999999999,0.0005893999999999999,0.0005824,0.0005851999999999999,0.0005795999999999999,0.0005838,0.0005782,0.0005795999999999999,0.0005656,0.0005684,0.0005614,0.00056,0.0005516,0.0005474,0.0005376,0.0005292,0.0005124,0.0004927999999999999,0.0004662,0.0004298,0.00037519999999999996,0.00029679999999999995,0.0001848,2.94e-5,-0.00018059999999999997,-0.0004564,-0.0008021999999999999,-0.0012236,-0.0017192,-0.0022876]},"efficiency":{"unit":"%","value":6.9174},"fill_factor":{"unit":"%","value":67.47207098700949},"jsc":{"unit":"mA\/cm2","value":15.014999999999997},"isc":{"unit":"mA","value":0.6005999999999999},"voc":{"unit":"V","value":0.6828},"sweep_direction":{"unit":"","value":"Forward"},"key":"forward_1_52203183"}]}}