{"_id":"6531279e6499622b4e49c9f7","id":"CAU-SC-00463","author":63,"group":7,"input":[{"tco":{"unit":"","value":"ITO"}},[],{"htl":[{"material":{"unit":"","value":"PEDOT:PSS"},"concentration":{"unit":"","value":"None"},"conc_unit":{"unit":"","value":"mg\/ml"},"quantity":{"unit":"ml","value":"0.05"}}],"spin_coating":[{"type":{"unit":"","value":"drop&run"},"rpm":{"unit":"","value":"5000"},"time":{"unit":"s","value":"45"}}],"annealing":[{"temperature":{"unit":"oC","value":"150"},"time":{"unit":"m","value":"20"}}]},[],{"perovskite":{"method":{"unit":"","value":"1step"},"molarity":{"unit":"M","value":"0.8"},"a_site":[{"material":{"unit":"","value":"FA"},"ratio":{"unit":"","value":"85"}},{"material":{"unit":"","value":"PEA"},"ratio":{"unit":"","value":"15"}}],"b_site":[{"material":{"unit":"","value":"Sn"},"ratio":{"unit":"","value":"100"}}],"x_site":[{"material":{"unit":"","value":"I"},"ratio":{"unit":"","value":"100"}}],"solvent":[{"material":{"unit":"","value":"DMF"},"volume":{"unit":"ml","value":"0.8"}},{"material":{"unit":"","value":"DMSO"},"volume":{"unit":"ml","value":"0.2"}}],"additive":[{"material":{"unit":"","value":"SnF2"},"solvent":{"unit":"","value":"none"},"concentration":{"unit":"","value":"21.8"},"conc_unit":{"unit":"","value":"mg\/ml"},"quantity":{"unit":"mol%","value":"17.5"}}],"stirring_time":[{"unit":"m","value":"60"}],"antisolvent":[{"material":{"unit":"","value":"CB"},"quantity":{"unit":"ul","value":"300"},"dripping_time":{"unit":"s","value":"12"}}],"spin_coating":[{"type":{"unit":"","value":"drop&run"},"rpm":{"unit":"","value":"8000"},"time":{"unit":"s","value":"30"}}],"annealing":[{"temperature":{"unit":"oC","value":"70"},"time":{"unit":"m","value":"10"}}],"atmosphere":[{"type":{"unit":"","value":"N2"},"temperature":{"unit":"oC","value":"25"},"humidity":{"unit":"RH%","value":"0"}}]}},{"etl":[{"material":{"unit":"","value":"PC61BM"},"concentration":{"unit":"","value":"20"},"conc_unit":{"unit":"","value":"mg\/ml"},"quantity":{"unit":"ml","value":"0.05"}}],"solvent":[{"material":{"unit":"","value":"CB"},"volume":{"unit":"ml","value":"1"}}],"spin_coating":[{"type":{"unit":"","value":"drop&run"},"rpm":{"unit":"","value":"400"},"time":{"unit":"s","value":"2"}},{"type":{"unit":"","value":"drop&run"},"rpm":{"unit":"","value":"1500"},"time":{"unit":"s","value":"30"}}],"annealing":[{"temperature":{"unit":"oC","value":"70"},"time":{"unit":"m","value":"10"}}]},{"anode_metal":{"unit":"","value":"Ag"}},{"note":{"unit":"","value":"PEA0.15FA0.85SnI3 0.8M SnF2 17.5% CB 12s"},"ar":{"unit":"","value":"0"},"type":{"unit":"","value":"unit_cell"},"device_type":{"unit":"","value":"p-i-n"},"temperature":{"unit":"\u2103","value":"25"},"humidity":{"unit":"%","value":"30"},"cell_dimension":{"unit":"cm2","value":"0.04"}}],"fileinfo":[{"key":"321041306","uploadType":"JV","original_name":"321041306.xlsx","save_name":"CAU-SC-00463\/321041306","uploader":63,"fileType":"group"}],"jvcnt":12,"updated_at":"2024-06-03 08:38:35","created_at":"2023-10-19 12:57:02","analysisInfo":{"JV":[{"efficiency":3.40995,"fill_factor":70.21088085013461,"jsc":10.1,"voc":0.4808639455782313,"key":"reverse_6_321041306","cell_dimension":null},{"efficiency":3.165374999999999,"fill_factor":64.78313075211548,"jsc":10.531249999999998,"voc":0.463962962962963,"key":"reverse_5_321041306","cell_dimension":null},{"efficiency":3.2947499999999996,"fill_factor":70.96764264036277,"jsc":9.63,"voc":0.4820985221674877,"key":"reverse_4_321041306","cell_dimension":null},{"efficiency":3.1556,"fill_factor":64.25124295323623,"jsc":10.621250000000002,"voc":0.46240740740740743,"key":"reverse_3_321041306","cell_dimension":null},{"efficiency":3.0258,"fill_factor":68.39276134253942,"jsc":9.425,"voc":0.46940609137055833,"key":"reverse_2_321041306","cell_dimension":null},{"efficiency":3.0195,"fill_factor":69.28543229372285,"jsc":9.35,"voc":0.4661025641025642,"key":"reverse_1_321041306","cell_dimension":null},{"efficiency":3.4579999999999997,"fill_factor":69.67453796598392,"jsc":10.274999999999999,"voc":0.4830243902439025,"key":"forward_6_321041306","cell_dimension":null},{"efficiency":3.4579999999999997,"fill_factor":68.41176085961509,"jsc":10.725,"voc":0.47129943502824856,"key":"forward_5_321041306","cell_dimension":null},{"efficiency":3.32,"fill_factor":70.26075611473553,"jsc":9.775,"voc":0.4834020618556701,"key":"forward_4_321041306","cell_dimension":null},{"efficiency":3.3915,"fill_factor":68.78472470002957,"jsc":10.524999999999999,"voc":0.46846560846560853,"key":"forward_3_321041306","cell_dimension":null},{"efficiency":3.0875000000000004,"fill_factor":68.58950262959165,"jsc":9.575,"voc":0.47012195121951217,"key":"forward_2_321041306","cell_dimension":null},{"efficiency":3.1255000000000006,"fill_factor":69.70320801913493,"jsc":9.575,"voc":0.4683040935672515,"key":"forward_1_321041306","cell_dimension":null}]},"public":2,"analysis":{"JV":[{"V":{"unit":"V","value":[0.521,0.501,0.481,0.461,0.441,0.421,0.401,0.381,0.361,0.341,0.321,0.301,0.281,0.261,0.241,0.221,0.201,0.181,0.161,0.141,0.121,0.101,0.081,0.061,0.041,0.021,0.001,-0.019,-0.039]},"J":{"unit":"A\/cm2","value":[-0.012325,-0.00525,-2.5e-5,0.00365,0.006,0.0073999999999999995,0.0083,0.00895,0.009275,0.009525,0.009675000000000001,0.009775,0.009875,0.0099,0.00995,0.009975,0.010025000000000001,0.010025000000000001,0.01005,0.010025000000000001,0.0101,0.010025000000000001,0.010125,0.010075,0.0101,0.0101,0.0101,0.0101,0.0101]},"I":{"unit":"A","value":[-0.000493,-0.00020999999999999998,-1.0e-6,0.000146,0.00023999999999999998,0.000296,0.000332,0.000358,0.000371,0.000381,0.00038700000000000003,0.000391,0.000395,0.00039600000000000003,0.000398,0.000399,0.00040100000000000004,0.00040100000000000004,0.000402,0.00040100000000000004,0.000404,0.00040100000000000004,0.00040500000000000003,0.00040300000000000004,0.000404,0.000404,0.000404,0.000404,0.000404]},"efficiency":{"unit":"%","value":3.40995},"fill_factor":{"unit":"%","value":70.21088085013461},"jsc":{"unit":"mA\/cm2","value":10.1},"isc":{"unit":"mA","value":0.404},"voc":{"unit":"V","value":0.4808639455782313},"sweep_direction":{"unit":"","value":"Reverse"},"key":"reverse_6_321041306"},{"V":{"unit":"V","value":[0.505,0.485,0.465,0.445,0.425,0.405,0.385,0.365,0.345,0.325,0.305,0.285,0.265,0.245,0.225,0.205,0.185,0.165,0.145,0.125,0.105,0.085,0.065,0.045,0.025,0.005,-0.015,-0.035]},"J":{"unit":"A\/cm2","value":[-0.011349999999999999,-0.004849999999999999,-0.000175,0.0032,0.00535,0.006825,0.007825,0.008649999999999998,0.009174999999999999,0.009550000000000001,0.009825,0.01,0.010150000000000001,0.010174999999999998,0.010324999999999999,0.010299999999999998,0.010424999999999999,0.010375,0.0105,0.010424999999999999,0.010524999999999998,0.010475,0.010549999999999999,0.0105,0.010549999999999999,0.010524999999999998,0.010549999999999999,0.010575]},"I":{"unit":"A","value":[-0.00045400000000000003,-0.000194,-7.0e-6,0.000128,0.000214,0.000273,0.000313,0.00034599999999999995,0.000367,0.000382,0.000393,0.0004,0.000406,0.00040699999999999997,0.00041299999999999996,0.000412,0.000417,0.000415,0.00041999999999999996,0.000417,0.000421,0.000419,0.000422,0.00041999999999999996,0.000422,0.000421,0.000422,0.000423]},"efficiency":{"unit":"%","value":3.165374999999999},"fill_factor":{"unit":"%","value":64.78313075211548},"jsc":{"unit":"mA\/cm2","value":10.531249999999998},"isc":{"unit":"mA","value":0.4212499999999999},"voc":{"unit":"V","value":0.463962962962963},"sweep_direction":{"unit":"","value":"Reverse"},"key":"reverse_5_321041306"},{"V":{"unit":"V","value":[0.522,0.502,0.482,0.462,0.442,0.422,0.402,0.382,0.362,0.342,0.322,0.302,0.282,0.262,0.242,0.222,0.202,0.182,0.162,0.142,0.122,0.102,0.082,0.062,0.042,0.022,0.002,-0.018,-0.038]},"J":{"unit":"A\/cm2","value":[-0.011975,-0.00505,2.5e-5,0.0035999999999999995,0.005825,0.007199999999999999,0.008025000000000001,0.008625,0.008899999999999998,0.00915,0.009275,0.009349999999999999,0.00945,0.00945,0.009550000000000001,0.009525,0.0096,0.009550000000000001,0.009625,0.0096,0.00965,0.009625,0.009675000000000001,0.009625,0.00965,0.009675000000000001,0.009625,0.009675000000000001,0.009625]},"I":{"unit":"A","value":[-0.000479,-0.000202,1.0e-6,0.00014399999999999998,0.00023300000000000003,0.00028799999999999995,0.000321,0.000345,0.000356,0.000366,0.000371,0.000374,0.000378,0.000378,0.000382,0.000381,0.000384,0.000382,0.00038500000000000003,0.000384,0.000386,0.00038500000000000003,0.00038700000000000003,0.00038500000000000003,0.000386,0.00038700000000000003,0.00038500000000000003,0.00038700000000000003,0.00038500000000000003]},"efficiency":{"unit":"%","value":3.2947499999999996},"fill_factor":{"unit":"%","value":70.96764264036277},"jsc":{"unit":"mA\/cm2","value":9.63},"isc":{"unit":"mA","value":0.38520000000000004},"voc":{"unit":"V","value":0.4820985221674877},"sweep_direction":{"unit":"","value":"Reverse"},"key":"reverse_4_321041306"},{"V":{"unit":"V","value":[0.503,0.483,0.463,0.443,0.423,0.403,0.383,0.363,0.343,0.323,0.303,0.283,0.263,0.243,0.223,0.203,0.183,0.163,0.143,0.123,0.103,0.083,0.063,0.043,0.023,0.003,-0.017,-0.037]},"J":{"unit":"A\/cm2","value":[-0.011675000000000001,-0.005,-0.0001,0.0032749999999999997,0.005525,0.006925000000000001,0.00795,0.008674999999999999,0.0092,0.009525,0.009800000000000001,0.009875,0.01005,0.01005,0.010174999999999998,0.010150000000000001,0.01025,0.010199999999999999,0.010275,0.01025,0.010375,0.0105,0.010575,0.010625,0.010625,0.010625,0.0106,0.010674999999999999]},"I":{"unit":"A","value":[-0.000467,-0.0002,-4.0e-6,0.000131,0.000221,0.000277,0.00031800000000000003,0.000347,0.000368,0.000381,0.00039200000000000004,0.000395,0.000402,0.000402,0.00040699999999999997,0.000406,0.00041,0.000408,0.00041099999999999996,0.00041,0.000415,0.00041999999999999996,0.000423,0.000425,0.000425,0.000425,0.000424,0.00042699999999999997]},"efficiency":{"unit":"%","value":3.1556},"fill_factor":{"unit":"%","value":64.25124295323623},"jsc":{"unit":"mA\/cm2","value":10.621250000000002},"isc":{"unit":"mA","value":0.42485000000000006},"voc":{"unit":"V","value":0.46240740740740743},"sweep_direction":{"unit":"","value":"Reverse"},"key":"reverse_3_321041306"},{"V":{"unit":"V","value":[0.509,0.489,0.469,0.449,0.429,0.409,0.389,0.369,0.349,0.329,0.309,0.289,0.269,0.249,0.229,0.209,0.189,0.169,0.149,0.129,0.109,0.089,0.069,0.049,0.029,0.009,-0.011,-0.031]},"J":{"unit":"A\/cm2","value":[-0.0114,-0.004825,0.0001,0.003375,0.005625,0.0068000000000000005,0.007724999999999999,0.008199999999999999,0.00855,0.00875,0.008899999999999998,0.009025,0.009075,0.009174999999999999,0.0092,0.009275,0.00925,0.009349999999999999,0.0093,0.009375,0.009349999999999999,0.009425000000000001,0.009375,0.009425000000000001,0.0094,0.009425000000000001,0.009425000000000001,0.009425000000000001]},"I":{"unit":"A","value":[-0.000456,-0.000193,4.0e-6,0.000135,0.000225,0.000272,0.000309,0.000328,0.000342,0.00035,0.000356,0.000361,0.000363,0.000367,0.000368,0.000371,0.00037,0.000374,0.000372,0.000375,0.000374,0.000377,0.000375,0.000377,0.000376,0.000377,0.000377,0.000377]},"efficiency":{"unit":"%","value":3.0258},"fill_factor":{"unit":"%","value":68.39276134253942},"jsc":{"unit":"mA\/cm2","value":9.425},"isc":{"unit":"mA","value":0.37700000000000006},"voc":{"unit":"V","value":0.46940609137055833},"sweep_direction":{"unit":"","value":"Reverse"},"key":"reverse_2_321041306"},{"V":{"unit":"V","value":[0.506,0.486,0.466,0.446,0.426,0.406,0.386,0.366,0.346,0.326,0.306,0.286,0.266,0.246,0.226,0.206,0.186,0.166,0.146,0.126,0.106,0.086,0.066,0.046,0.026,0.006,-0.014,-0.034]},"J":{"unit":"A\/cm2","value":[-0.011325,-0.004849999999999999,2.5e-5,0.003375,0.005625,0.006875,0.007775,0.00825,0.008649999999999998,0.008825,0.008975,0.009075,0.009125,0.0092,0.0092,0.00925,0.0092,0.0093,0.00925,0.009325,0.00925,0.009349999999999999,0.0093,0.009349999999999999,0.009325,0.009349999999999999,0.009349999999999999,0.009349999999999999]},"I":{"unit":"A","value":[-0.000453,-0.000194,1.0e-6,0.000135,0.000225,0.000275,0.000311,0.00033,0.00034599999999999995,0.00035299999999999996,0.000359,0.000363,0.000365,0.000368,0.000368,0.00037,0.000368,0.000372,0.00037,0.000373,0.00037,0.000374,0.000372,0.000374,0.000373,0.000374,0.000374,0.000374]},"efficiency":{"unit":"%","value":3.0195},"fill_factor":{"unit":"%","value":69.28543229372285},"jsc":{"unit":"mA\/cm2","value":9.35},"isc":{"unit":"mA","value":0.374},"voc":{"unit":"V","value":0.4661025641025642},"sweep_direction":{"unit":"","value":"Reverse"},"key":"reverse_1_321041306"},{"V":{"unit":"V","value":[-0.04,-0.02,0,0.02,0.04,0.06,0.08,0.1,0.12,0.14,0.16,0.18,0.2,0.22,0.24,0.26,0.28,0.3,0.32,0.34,0.36,0.38,0.4,0.42,0.44,0.46,0.48,0.5,0.52,0.54,0.56]},"J":{"unit":"A\/cm2","value":[0.010399999999999998,0.01025,0.010275,0.010199999999999999,0.010075,0.010075,0.010075,0.01005,0.010025000000000001,0.01005,0.009975,0.010025000000000001,0.00995,0.009975,0.0099,0.009925000000000002,0.009825,0.009825,0.009699999999999999,0.009574999999999998,0.0094,0.0091,0.008625,0.007724999999999999,0.00645,0.004200000000000001,0.000775,-0.00435,-0.011425000000000001,-0.020674999999999995,-0.03185]},"I":{"unit":"A","value":[0.000416,0.00041,0.00041099999999999996,0.000408,0.00040300000000000004,0.00040300000000000004,0.00040300000000000004,0.000402,0.00040100000000000004,0.000402,0.000399,0.00040100000000000004,0.000398,0.000399,0.00039600000000000003,0.000397,0.000393,0.000393,0.000388,0.000383,0.000376,0.000364,0.000345,0.000309,0.000258,0.00016800000000000002,3.1e-5,-0.000174,-0.000457,-0.0008269999999999999,-0.001274]},"efficiency":{"unit":"%","value":3.4579999999999997},"fill_factor":{"unit":"%","value":69.67453796598392},"jsc":{"unit":"mA\/cm2","value":10.274999999999999},"isc":{"unit":"mA","value":0.411},"voc":{"unit":"V","value":0.4830243902439025},"sweep_direction":{"unit":"","value":"Forward"},"key":"forward_6_321041306"},{"V":{"unit":"V","value":[-0.04,-0.02,0,0.02,0.04,0.06,0.08,0.1,0.12,0.14,0.16,0.18,0.2,0.22,0.24,0.26,0.28,0.3,0.32,0.34,0.36,0.38,0.4,0.42,0.44,0.46,0.48,0.5,0.52,0.54]},"J":{"unit":"A\/cm2","value":[0.010799999999999999,0.0107,0.010725,0.010625,0.0107,0.0106,0.01065,0.010575,0.0106,0.010549999999999999,0.010575,0.010524999999999998,0.010475,0.010475,0.010375,0.010399999999999998,0.010225,0.010225,0.009875,0.00975,0.009425000000000001,0.0091,0.00835,0.007274999999999999,0.005399999999999999,0.0025,-0.001925,-0.0083,-0.016875,-0.027774999999999998]},"I":{"unit":"A","value":[0.000432,0.000428,0.000429,0.000425,0.000428,0.000424,0.000426,0.000423,0.000424,0.000422,0.000423,0.000421,0.000419,0.000419,0.000415,0.000416,0.00040899999999999997,0.00040899999999999997,0.000395,0.00039,0.000377,0.000364,0.00033400000000000004,0.00029099999999999997,0.000216,0.0001,-7.7e-5,-0.000332,-0.000675,-0.001111]},"efficiency":{"unit":"%","value":3.4579999999999997},"fill_factor":{"unit":"%","value":68.41176085961509},"jsc":{"unit":"mA\/cm2","value":10.725},"isc":{"unit":"mA","value":0.429},"voc":{"unit":"V","value":0.47129943502824856},"sweep_direction":{"unit":"","value":"Forward"},"key":"forward_5_321041306"},{"V":{"unit":"V","value":[-0.04,-0.02,0,0.02,0.04,0.06,0.08,0.1,0.12,0.14,0.16,0.18,0.2,0.22,0.24,0.26,0.28,0.3,0.32,0.34,0.36,0.38,0.4,0.42,0.44,0.46,0.48,0.5,0.52,0.54,0.56,0.58]},"J":{"unit":"A\/cm2","value":[0.0099,0.0099,0.009775,0.00985,0.009625,0.009675000000000001,0.009625,0.0096,0.00965,0.0096,0.0096,0.009574999999999998,0.009574999999999998,0.0095,0.009550000000000001,0.00945,0.009474999999999999,0.009349999999999999,0.009325,0.009174999999999999,0.009049999999999999,0.008725,0.0083,0.007475,0.006225,0.00415,0.0008250000000000001,-0.004025,-0.010924999999999999,-0.0198,-0.030725000000000002,-0.0433]},"I":{"unit":"A","value":[0.00039600000000000003,0.00039600000000000003,0.000391,0.00039400000000000004,0.00038500000000000003,0.00038700000000000003,0.00038500000000000003,0.000384,0.000386,0.000384,0.000384,0.000383,0.000383,0.00038,0.000382,0.000378,0.000379,0.000374,0.000373,0.000367,0.00036199999999999996,0.00034899999999999997,0.000332,0.000299,0.000249,0.000166,3.3e-5,-0.000161,-0.000437,-0.0007920000000000001,-0.001229,-0.001732]},"efficiency":{"unit":"%","value":3.32},"fill_factor":{"unit":"%","value":70.26075611473553},"jsc":{"unit":"mA\/cm2","value":9.775},"isc":{"unit":"mA","value":0.391},"voc":{"unit":"V","value":0.4834020618556701},"sweep_direction":{"unit":"","value":"Forward"},"key":"forward_4_321041306"},{"V":{"unit":"V","value":[-0.04,-0.02,0,0.02,0.04,0.06,0.08,0.1,0.12,0.14,0.16,0.18,0.2,0.22,0.24,0.26,0.28,0.3,0.32,0.34,0.36,0.38,0.4,0.42,0.44,0.46,0.48,0.5,0.52,0.54]},"J":{"unit":"A\/cm2","value":[0.0106,0.010475,0.010524999999999998,0.01045,0.0105,0.010424999999999999,0.010475,0.010375,0.010399999999999998,0.010375,0.010375,0.010225,0.010199999999999999,0.010174999999999998,0.0101,0.0101,0.01,0.009925000000000002,0.00975,0.00965,0.009325,0.008924999999999999,0.008175,0.007025,0.00505,0.002,-0.002725,-0.009474999999999999,-0.018449999999999998,-0.029849999999999998]},"I":{"unit":"A","value":[0.000424,0.000419,0.000421,0.00041799999999999997,0.00041999999999999996,0.000417,0.000419,0.000415,0.000416,0.000415,0.000415,0.00040899999999999997,0.000408,0.00040699999999999997,0.000404,0.000404,0.0004,0.000397,0.00039,0.000386,0.000373,0.000357,0.00032700000000000003,0.00028100000000000005,0.000202,8.0e-5,-0.00010899999999999999,-0.000379,-0.0007379999999999999,-0.001194]},"efficiency":{"unit":"%","value":3.3915},"fill_factor":{"unit":"%","value":68.78472470002957},"jsc":{"unit":"mA\/cm2","value":10.524999999999999},"isc":{"unit":"mA","value":0.421},"voc":{"unit":"V","value":0.46846560846560853},"sweep_direction":{"unit":"","value":"Forward"},"key":"forward_3_321041306"},{"V":{"unit":"V","value":[-0.04,-0.02,0,0.02,0.04,0.06,0.08,0.1,0.12,0.14,0.16,0.18,0.2,0.22,0.24,0.26,0.28,0.3,0.32,0.34,0.36,0.38,0.4,0.42,0.44,0.46,0.48,0.5,0.52,0.54,0.56]},"J":{"unit":"A\/cm2","value":[0.009699999999999999,0.009675000000000001,0.009574999999999998,0.009625,0.0094,0.00945,0.009375,0.0094,0.009349999999999999,0.009349999999999999,0.009325,0.0093,0.0093,0.00925,0.00925,0.00915,0.009125,0.009,0.008924999999999999,0.00875,0.00855,0.008125,0.007525,0.00645,0.0048,0.002075,-0.002025,-0.0079,-0.015725,-0.025574999999999997,-0.0372]},"I":{"unit":"A","value":[0.000388,0.00038700000000000003,0.000383,0.00038500000000000003,0.000376,0.000378,0.000375,0.000376,0.000374,0.000374,0.000373,0.000372,0.000372,0.00037,0.00037,0.000366,0.000365,0.00035999999999999997,0.000357,0.00035,0.000342,0.000325,0.000301,0.000258,0.000192,8.3e-5,-8.1e-5,-0.000316,-0.000629,-0.0010229999999999998,-0.001488]},"efficiency":{"unit":"%","value":3.0875000000000004},"fill_factor":{"unit":"%","value":68.58950262959165},"jsc":{"unit":"mA\/cm2","value":9.575},"isc":{"unit":"mA","value":0.383},"voc":{"unit":"V","value":0.47012195121951217},"sweep_direction":{"unit":"","value":"Forward"},"key":"forward_2_321041306"},{"V":{"unit":"V","value":[-0.04,-0.02,0,0.02,0.04,0.06,0.08,0.1,0.12,0.14,0.16,0.18,0.2,0.22,0.24,0.26,0.28,0.3,0.32,0.34,0.36,0.38,0.4,0.42,0.44,0.46,0.48,0.5,0.52,0.54,0.56]},"J":{"unit":"A\/cm2","value":[0.009675000000000001,0.00965,0.009574999999999998,0.0096,0.009425000000000001,0.0094,0.009349999999999999,0.009349999999999999,0.009325,0.0093,0.0093,0.009275,0.009275,0.009224999999999999,0.00925,0.00915,0.009174999999999999,0.009075,0.009,0.008825,0.008649999999999998,0.008225,0.0076,0.00645,0.00465,0.0017749999999999999,-0.0025,-0.008475,-0.016325,-0.02595,-0.0372]},"I":{"unit":"A","value":[0.00038700000000000003,0.000386,0.000383,0.000384,0.000377,0.000376,0.000374,0.000374,0.000373,0.000372,0.000372,0.000371,0.000371,0.00036899999999999997,0.00037,0.000366,0.000367,0.000363,0.00035999999999999997,0.00035299999999999996,0.00034599999999999995,0.00032900000000000003,0.000304,0.000258,0.000186,7.099999999999999e-5,-0.0001,-0.000339,-0.000653,-0.001038,-0.001488]},"efficiency":{"unit":"%","value":3.1255000000000006},"fill_factor":{"unit":"%","value":69.70320801913493},"jsc":{"unit":"mA\/cm2","value":9.575},"isc":{"unit":"mA","value":0.383},"voc":{"unit":"V","value":0.4683040935672515},"sweep_direction":{"unit":"","value":"Forward"},"key":"forward_1_321041306"}]}}