{"_id":"6528f5ce9d8aa506476d2045","id":"CAU-SC-00049","author":73,"group":7,"input":[{"tco":{"unit":"","value":"ITO"}},[],{"htl":[{"material":{"unit":"","value":"PEDOT:PSS"},"concentration":{"unit":"","value":"None"},"conc_unit":{"unit":"","value":"mg\/ml"},"quantity":{"unit":"ml","value":"Material"}}],"spin_coating":[{"type":{"unit":"","value":"drop&run"},"rpm":{"unit":"","value":"5000"},"time":{"unit":"s","value":"30"}}],"annealing":[{"temperature":{"unit":"oC","value":"150"},"time":{"unit":"m","value":"20"}}]},[],{"perovskite":{"method":{"unit":"","value":"1step"},"molarity":{"unit":"M","value":"1"},"a_site":[{"material":{"unit":"","value":"FA"},"ratio":{"unit":"","value":"75"}},{"material":{"unit":"","value":"MA"},"ratio":{"unit":"","value":"25"}}],"b_site":[{"material":{"unit":"","value":"Sn"},"ratio":{"unit":"","value":"100"}}],"x_site":[{"material":{"unit":"","value":"I"},"ratio":{"unit":"","value":"66.66"}},{"material":{"unit":"","value":"Br"},"ratio":{"unit":"","value":"33.33"}}],"solvent":[{"material":{"unit":"","value":"DMF"},"volume":{"unit":"ml","value":"0.8"}},{"material":{"unit":"","value":"DMSO"},"volume":{"unit":"ml","value":"0.2"}}],"additive":[{"material":{"unit":"","value":"SnF2"},"solvent":{"unit":"","value":"none"},"concentration":{"unit":"","value":"15.6"},"conc_unit":{"unit":"","value":"mg\/ml"},"quantity":{"unit":"mol%","value":"10"}},{"material":{"unit":"","value":"Sn"},"solvent":{"unit":"","value":null},"concentration":{"unit":"","value":"11.8"},"conc_unit":{"unit":"","value":"mg\/ml"},"quantity":{"unit":"mol%","value":"10"}}],"stirring_time":[{"unit":"m","value":"150"}],"antisolvent":[{"material":{"unit":"","value":"DCB"},"quantity":{"unit":"ul","value":"200"},"dripping_time":{"unit":"s","value":"8"}}],"spin_coating":[{"type":{"unit":"","value":"drop&run"},"rpm":{"unit":"","value":"8000"},"time":{"unit":"s","value":"30"}}],"annealing":[{"temperature":{"unit":"oC","value":"70"},"time":{"unit":"m","value":"10"}}],"atmosphere":[{"type":{"unit":"","value":"N2"},"temperature":{"unit":"oC","value":"25"},"humidity":{"unit":"RH%","value":"10"}}]}},{"etl":[{"material":{"unit":"","value":"PC61BM"},"concentration":{"unit":"","value":"20"},"conc_unit":{"unit":"","value":"mg\/ml"},"quantity":{"unit":"ml","value":"Material"}}],"solvent":[{"material":{"unit":"","value":"CB"},"volume":{"unit":"ml","value":"0.75"}},{"material":{"unit":"","value":"DCB"},"volume":{"unit":"ml","value":"0.25"}}],"spin_coating":[{"type":{"unit":"","value":"drop&run"},"rpm":{"unit":"","value":"1500"},"time":{"unit":"s","value":"30"}}],"annealing":[{"temperature":{"unit":"oC","value":"70"},"time":{"unit":"m","value":"10"}}]},{"blocking_buffer_layer":[{"material":{"unit":"","value":"BCP"},"concentration":{"unit":"","value":"0.5"},"conc_unit":{"unit":"","value":"mg\/ml"},"quantity":{"unit":"ml","value":"Material"}}],"solvent":[{"material":{"unit":"","value":"IPA"},"volume":{"unit":"ml","value":"1"}}],"spin_coating":[{"type":{"unit":"","value":"dynamic"},"rpm":{"unit":"","value":"6000"},"time":{"unit":"s","value":"30"}}],"annealing":[{"temperature":{"unit":"oC","value":"70"},"time":{"unit":"m","value":"10"}}]},{"anode_metal":{"unit":"","value":"Ag"}},{"note":{"unit":"","value":"FAMA, DCB 8s"},"ar":{"unit":"","value":"0"},"type":{"unit":"","value":"unit_cell"},"device_type":{"unit":"","value":"p-i-n"},"temperature":{"unit":"\u2103","value":"25"},"humidity":{"unit":"%","value":"30"},"cell_dimension":{"unit":"cm2","value":"0.04"}}],"fileinfo":[{"key":"52106294","uploadType":"JV","original_name":"52106294.xlsx","save_name":"CAU-SC-00049\/52106294","uploader":73,"fileType":"group"}],"updated_at":"2024-06-03 08:38:34","created_at":"2023-10-13 07:46:22","jvcnt":18,"analysisInfo":{"JV":[{"efficiency":1.8252000000000002,"fill_factor":61.9677462673071,"jsc":10.72,"voc":0.2747577639751553,"key":"reverse_9_52106294","cell_dimension":null},{"efficiency":1.85535,"fill_factor":62.63738246233051,"jsc":10.7175,"voc":0.276375,"key":"reverse_8_52106294","cell_dimension":null},{"efficiency":1.7885000000000002,"fill_factor":55.79873903300544,"jsc":11.65,"voc":0.2751304347826087,"key":"reverse_7_52106294","cell_dimension":null},{"efficiency":1.9400999999999997,"fill_factor":64.56771397977037,"jsc":10.6175,"voc":0.283,"key":"reverse_6_52106294","cell_dimension":null},{"efficiency":2.0424,"fill_factor":64.57866727791418,"jsc":11.155000000000001,"voc":0.2835189873417721,"key":"reverse_5_52106294","cell_dimension":null},{"efficiency":1.969825,"fill_factor":63.23125153227025,"jsc":11.66625,"voc":0.26703278688524595,"key":"reverse_4_52106294","cell_dimension":null},{"efficiency":1.8614000000000002,"fill_factor":63.95116605014856,"jsc":10.245,"voc":0.2841052631578947,"key":"reverse_3_52106294","cell_dimension":null},{"efficiency":1.9469999999999998,"fill_factor":65.84114101569493,"jsc":10.725,"voc":0.27572192513368987,"key":"reverse_2_52106294","cell_dimension":null},{"efficiency":2.0265,"fill_factor":61.13504627854495,"jsc":12.267499999999998,"voc":0.27020930232558144,"key":"reverse_1_52106294","cell_dimension":null},{"efficiency":2.8425,"fill_factor":76.70808180073938,"jsc":10.2,"voc":0.3632947976878613,"key":"forward_9_52106294","cell_dimension":null},{"efficiency":2.8274999999999997,"fill_factor":77.3365930422076,"jsc":10.125,"voc":0.3610958904109589,"key":"forward_8_52106294","cell_dimension":null},{"efficiency":2.8499999999999996,"fill_factor":69.3418354804127,"jsc":11.450000000000001,"voc":0.3589583333333333,"key":"forward_7_52106294","cell_dimension":null},{"efficiency":2.8124999999999996,"fill_factor":76.51420070116183,"jsc":10.174999999999999,"voc":0.36125683060109287,"key":"forward_6_52106294","cell_dimension":null},{"efficiency":2.9775,"fill_factor":77.65682079382671,"jsc":10.799999999999999,"voc":0.355016393442623,"key":"forward_5_52106294","cell_dimension":null},{"efficiency":2.9925,"fill_factor":77.60129659643435,"jsc":11.125,"voc":0.3466292134831461,"key":"forward_4_52106294","cell_dimension":null},{"efficiency":2.776,"fill_factor":80.12804026237151,"jsc":9.5,"voc":0.36467948717948717,"key":"forward_3_52106294","cell_dimension":null},{"efficiency":2.944,"fill_factor":81.90206775779617,"jsc":9.8,"voc":0.36678947368421055,"key":"forward_2_52106294","cell_dimension":null},{"efficiency":3.045,"fill_factor":72.35480749758106,"jsc":11.875,"voc":0.3543939393939394,"key":"forward_1_52106294","cell_dimension":null}]},"public":2,"analysis":{"JV":[{"V":{"unit":"V","value":[0.316,0.296,0.276,0.256,0.236,0.216,0.196,0.176,0.156,0.136,0.116,0.096,0.076,0.056,0.036,0.016,-0.004,-0.024]},"J":{"unit":"A\/cm2","value":[-0.0059,-0.0035999999999999995,-0.00025,0.0037749999999999997,0.006600000000000001,0.008450000000000001,0.009174999999999999,0.0096,0.009800000000000001,0.009975,0.0101,0.01025,0.010375,0.0105,0.010625,0.0107,0.010725,0.0106]},"I":{"unit":"A","value":[-0.000236,-0.00014399999999999998,-1.0e-5,0.00015099999999999998,0.000264,0.00033800000000000003,0.000367,0.000384,0.00039200000000000004,0.000399,0.000404,0.00041,0.000415,0.00041999999999999996,0.000425,0.000428,0.000429,0.000424]},"efficiency":{"unit":"%","value":1.8252000000000002},"fill_factor":{"unit":"%","value":61.9677462673071},"jsc":{"unit":"mA\/cm2","value":10.72},"isc":{"unit":"mA","value":0.4288},"voc":{"unit":"V","value":0.2747577639751553},"sweep_direction":{"unit":"","value":"Reverse"},"key":"reverse_9_52106294"},{"V":{"unit":"V","value":[0.317,0.297,0.277,0.257,0.237,0.217,0.197,0.177,0.157,0.137,0.117,0.097,0.077,0.057,0.037,0.017,-0.003,-0.023]},"J":{"unit":"A\/cm2","value":[-0.0058,-0.0035000000000000005,-0.000125,0.003875,0.006725000000000001,0.00855,0.009275,0.009625,0.009775,0.009975,0.0101,0.010225,0.010324999999999999,0.010475,0.010625,0.010674999999999999,0.010725,0.010575]},"I":{"unit":"A","value":[-0.000232,-0.00014000000000000001,-5.0e-6,0.000155,0.00026900000000000003,0.000342,0.000371,0.00038500000000000003,0.000391,0.000399,0.000404,0.00040899999999999997,0.00041299999999999996,0.000419,0.000425,0.00042699999999999997,0.000429,0.000423]},"efficiency":{"unit":"%","value":1.85535},"fill_factor":{"unit":"%","value":62.63738246233051},"jsc":{"unit":"mA\/cm2","value":10.7175},"isc":{"unit":"mA","value":0.42869999999999997},"voc":{"unit":"V","value":0.276375},"sweep_direction":{"unit":"","value":"Reverse"},"key":"reverse_8_52106294"},{"V":{"unit":"V","value":[0.316,0.296,0.276,0.256,0.236,0.216,0.196,0.176,0.156,0.136,0.116,0.096,0.076,0.056,0.036,0.016,-0.004,-0.024]},"J":{"unit":"A\/cm2","value":[-0.0037749999999999997,-0.0023,-0.000125,0.00275,0.005375,0.0076749999999999995,0.009125,0.0099,0.010275,0.010524999999999998,0.0107,0.0109,0.011025,0.011224999999999999,0.011375,0.011550000000000001,0.011675000000000001,0.011675000000000001]},"I":{"unit":"A","value":[-0.00015099999999999998,-9.2e-5,-5.0e-6,0.00011,0.000215,0.000307,0.000365,0.00039600000000000003,0.00041099999999999996,0.000421,0.000428,0.00043599999999999997,0.000441,0.000449,0.000455,0.000462,0.000467,0.000467]},"efficiency":{"unit":"%","value":1.7885000000000002},"fill_factor":{"unit":"%","value":55.79873903300544},"jsc":{"unit":"mA\/cm2","value":11.65},"isc":{"unit":"mA","value":0.466},"voc":{"unit":"V","value":0.2751304347826087},"sweep_direction":{"unit":"","value":"Reverse"},"key":"reverse_7_52106294"},{"V":{"unit":"V","value":[0.323,0.303,0.283,0.263,0.243,0.223,0.203,0.183,0.163,0.143,0.123,0.103,0.083,0.063,0.043,0.023,0.003,-0.017,-0.037]},"J":{"unit":"A\/cm2","value":[-0.006,-0.0035749999999999996,0,0.004125,0.007000000000000001,0.0087,0.0094,0.00965,0.009825,0.009925000000000002,0.01005,0.010150000000000001,0.010275,0.010424999999999999,0.010524999999999998,0.01065,0.010625,0.010575,0.010324999999999999]},"I":{"unit":"A","value":[-0.00023999999999999998,-0.00014299999999999998,0,0.000165,0.00028000000000000003,0.000348,0.000376,0.000386,0.000393,0.000397,0.000402,0.000406,0.00041099999999999996,0.000417,0.000421,0.000426,0.000425,0.000423,0.00041299999999999996]},"efficiency":{"unit":"%","value":1.9400999999999997},"fill_factor":{"unit":"%","value":64.56771397977037},"jsc":{"unit":"mA\/cm2","value":10.6175},"isc":{"unit":"mA","value":0.42469999999999997},"voc":{"unit":"V","value":0.283},"sweep_direction":{"unit":"","value":"Reverse"},"key":"reverse_6_52106294"},{"V":{"unit":"V","value":[0.322,0.302,0.282,0.262,0.242,0.222,0.202,0.182,0.162,0.142,0.122,0.102,0.082,0.062,0.042,0.022,0.002,-0.018,-0.038]},"J":{"unit":"A\/cm2","value":[-0.00625,-0.00365,0.0003,0.004575,0.007525,0.0092,0.009875,0.010174999999999998,0.010324999999999999,0.0105,0.0106,0.010775,0.0109,0.01105,0.011175000000000001,0.011224999999999999,0.011175000000000001,0.010975,0.01065]},"I":{"unit":"A","value":[-0.00025,-0.000146,1.2e-5,0.000183,0.000301,0.000368,0.000395,0.00040699999999999997,0.00041299999999999996,0.00041999999999999996,0.000424,0.000431,0.00043599999999999997,0.000442,0.000447,0.000449,0.000447,0.000439,0.000426]},"efficiency":{"unit":"%","value":2.0424},"fill_factor":{"unit":"%","value":64.57866727791418},"jsc":{"unit":"mA\/cm2","value":11.155000000000001},"isc":{"unit":"mA","value":0.44620000000000004},"voc":{"unit":"V","value":0.2835189873417721},"sweep_direction":{"unit":"","value":"Reverse"},"key":"reverse_5_52106294"},{"V":{"unit":"V","value":[0.309,0.289,0.269,0.249,0.229,0.209,0.189,0.169,0.149,0.129,0.109,0.089,0.069,0.049,0.029,0.009,-0.011,-0.031]},"J":{"unit":"A\/cm2","value":[-0.006475,-0.0043,-0.00044999999999999993,0.004125,0.007475,0.009425000000000001,0.010225,0.010575,0.01075,0.0109,0.01105,0.01125,0.011375,0.011550000000000001,0.01165,0.0117,0.011625,0.011325]},"I":{"unit":"A","value":[-0.000259,-0.00017199999999999998,-1.7999999999999997e-5,0.000165,0.000299,0.000377,0.00040899999999999997,0.000423,0.00043,0.00043599999999999997,0.000442,0.00045,0.000455,0.000462,0.00046600000000000005,0.00046800000000000005,0.000465,0.000453]},"efficiency":{"unit":"%","value":1.969825},"fill_factor":{"unit":"%","value":63.23125153227025},"jsc":{"unit":"mA\/cm2","value":11.66625},"isc":{"unit":"mA","value":0.46665},"voc":{"unit":"V","value":0.26703278688524595},"sweep_direction":{"unit":"","value":"Reverse"},"key":"reverse_4_52106294"},{"V":{"unit":"V","value":[0.327,0.307,0.287,0.267,0.247,0.227,0.207,0.187,0.167,0.147,0.127,0.107,0.087,0.067,0.047,0.027,0.007,-0.013,-0.033]},"J":{"unit":"A\/cm2","value":[-0.0053,-0.0035749999999999996,-0.0005499999999999999,0.00325,0.0063,0.008199999999999999,0.008975,0.009224999999999999,0.0093,0.009425000000000001,0.00945,0.0096,0.009625,0.009825,0.00985,0.0101,0.010174999999999998,0.010375,0.010399999999999998]},"I":{"unit":"A","value":[-0.000212,-0.00014299999999999998,-2.2e-5,0.00013000000000000002,0.000252,0.000328,0.000359,0.00036899999999999997,0.000372,0.000377,0.000378,0.000384,0.00038500000000000003,0.000393,0.00039400000000000004,0.000404,0.00040699999999999997,0.000415,0.000416]},"efficiency":{"unit":"%","value":1.8614000000000002},"fill_factor":{"unit":"%","value":63.95116605014856},"jsc":{"unit":"mA\/cm2","value":10.245},"isc":{"unit":"mA","value":0.4098},"voc":{"unit":"V","value":0.2841052631578947},"sweep_direction":{"unit":"","value":"Reverse"},"key":"reverse_3_52106294"},{"V":{"unit":"V","value":[0.32,0.3,0.28,0.26,0.24,0.22,0.2,0.18,0.16,0.14,0.12,0.1,0.08,0.06,0.04,0.02,0,-0.02,-0.04]},"J":{"unit":"A\/cm2","value":[-0.006,-0.004324999999999999,-0.001,0.003675,0.007049999999999999,0.00885,0.009550000000000001,0.009699999999999999,0.00985,0.009875,0.01,0.01005,0.010199999999999999,0.010275,0.01045,0.010575,0.010725,0.010825,0.0109]},"I":{"unit":"A","value":[-0.00023999999999999998,-0.00017299999999999998,-4.0e-5,0.000147,0.00028199999999999997,0.000354,0.000382,0.000388,0.00039400000000000004,0.000395,0.0004,0.000402,0.000408,0.00041099999999999996,0.00041799999999999997,0.000423,0.000429,0.000433,0.00043599999999999997]},"efficiency":{"unit":"%","value":1.9469999999999998},"fill_factor":{"unit":"%","value":65.84114101569493},"jsc":{"unit":"mA\/cm2","value":10.725},"isc":{"unit":"mA","value":0.429},"voc":{"unit":"V","value":0.27572192513368987},"sweep_direction":{"unit":"","value":"Reverse"},"key":"reverse_2_52106294"},{"V":{"unit":"V","value":[0.313,0.293,0.273,0.253,0.233,0.213,0.193,0.173,0.153,0.133,0.113,0.093,0.073,0.053,0.033,0.013,-0.007,-0.027]},"J":{"unit":"A\/cm2","value":[-0.004975,-0.0035999999999999995,-0.0006,0.0036999999999999997,0.0070999999999999995,0.00945,0.0105,0.011,0.011175000000000001,0.011375,0.011474999999999999,0.0117,0.0118,0.012025,0.01215,0.012299999999999998,0.01225,0.012125]},"I":{"unit":"A","value":[-0.000199,-0.00014399999999999998,-2.4e-5,0.000148,0.00028399999999999996,0.000378,0.00041999999999999996,0.00044,0.000447,0.000455,0.00045900000000000004,0.00046800000000000005,0.000472,0.000481,0.000486,0.000492,0.00049,0.00048499999999999997]},"efficiency":{"unit":"%","value":2.0265},"fill_factor":{"unit":"%","value":61.13504627854495},"jsc":{"unit":"mA\/cm2","value":12.267499999999998},"isc":{"unit":"mA","value":0.49069999999999997},"voc":{"unit":"V","value":0.27020930232558144},"sweep_direction":{"unit":"","value":"Reverse"},"key":"reverse_1_52106294"},{"V":{"unit":"V","value":[-0.04,-0.02,0,0.02,0.04,0.06,0.08,0.1,0.12,0.14,0.16,0.18,0.2,0.22,0.24,0.26,0.28,0.3,0.32,0.34,0.36,0.38,0.4,0.42,0.44,0.46]},"J":{"unit":"A\/cm2","value":[0.010025000000000001,0.010025000000000001,0.010199999999999999,0.01025,0.010199999999999999,0.010199999999999999,0.01025,0.010199999999999999,0.010174999999999998,0.010125,0.010075,0.01,0.00995,0.009925000000000002,0.009800000000000001,0.00975,0.0096,0.009474999999999999,0.008799999999999999,0.00675,0.001425,-0.007225,-0.018375,-0.030825,-0.0441,-0.057775]},"I":{"unit":"A","value":[0.00040100000000000004,0.00040100000000000004,0.000408,0.00041,0.000408,0.000408,0.00041,0.000408,0.00040699999999999997,0.00040500000000000003,0.00040300000000000004,0.0004,0.000398,0.000397,0.00039200000000000004,0.00039,0.000384,0.000379,0.000352,0.00027,5.7e-5,-0.000289,-0.000735,-0.0012330000000000002,-0.001764,-0.002311]},"efficiency":{"unit":"%","value":2.8425},"fill_factor":{"unit":"%","value":76.70808180073938},"jsc":{"unit":"mA\/cm2","value":10.2},"isc":{"unit":"mA","value":0.408},"voc":{"unit":"V","value":0.3632947976878613},"sweep_direction":{"unit":"","value":"Forward"},"key":"forward_9_52106294"},{"V":{"unit":"V","value":[-0.04,-0.02,0,0.02,0.04,0.06,0.08,0.1,0.12,0.14,0.16,0.18,0.2,0.22,0.24,0.26,0.28,0.3,0.32,0.34,0.36,0.38,0.4,0.42,0.44,0.46]},"J":{"unit":"A\/cm2","value":[0.009975,0.010025000000000001,0.010125,0.010225,0.010174999999999998,0.010199999999999999,0.010199999999999999,0.010174999999999998,0.010150000000000001,0.0101,0.01005,0.009975,0.009925000000000002,0.00985,0.00975,0.009725,0.009574999999999998,0.009425000000000001,0.0087,0.00635,0.0005,-0.008625,-0.019825,-0.032025,-0.04475,-0.05765]},"I":{"unit":"A","value":[0.000399,0.00040100000000000004,0.00040500000000000003,0.00040899999999999997,0.00040699999999999997,0.000408,0.000408,0.00040699999999999997,0.000406,0.000404,0.000402,0.000399,0.000397,0.00039400000000000004,0.00039,0.000389,0.000383,0.000377,0.000348,0.000254,2.0e-5,-0.000345,-0.0007930000000000001,-0.001281,-0.0017900000000000001,-0.002306]},"efficiency":{"unit":"%","value":2.8274999999999997},"fill_factor":{"unit":"%","value":77.3365930422076},"jsc":{"unit":"mA\/cm2","value":10.125},"isc":{"unit":"mA","value":0.405},"voc":{"unit":"V","value":0.3610958904109589},"sweep_direction":{"unit":"","value":"Forward"},"key":"forward_8_52106294"},{"V":{"unit":"V","value":[-0.04,-0.02,0,0.02,0.04,0.06,0.08,0.1,0.12,0.14,0.16,0.18,0.2,0.22,0.24,0.26,0.28,0.3,0.32,0.34,0.36,0.38,0.4,0.42]},"J":{"unit":"A\/cm2","value":[0.011275,0.0114,0.011450000000000002,0.011425000000000001,0.011450000000000002,0.011349999999999999,0.011375,0.011224999999999999,0.0112,0.011025,0.011,0.010825,0.010799999999999999,0.0106,0.010524999999999998,0.010324999999999999,0.0101,0.0095,0.00795,0.00455,-0.00025,-0.005925,-0.012074999999999999,-0.018375]},"I":{"unit":"A","value":[0.000451,0.000456,0.000458,0.000457,0.000458,0.00045400000000000003,0.000455,0.000449,0.000448,0.000441,0.00044,0.000433,0.000432,0.000424,0.000421,0.00041299999999999996,0.000404,0.00038,0.00031800000000000003,0.000182,-1.0e-5,-0.000237,-0.000483,-0.000735]},"efficiency":{"unit":"%","value":2.8499999999999996},"fill_factor":{"unit":"%","value":69.3418354804127},"jsc":{"unit":"mA\/cm2","value":11.450000000000001},"isc":{"unit":"mA","value":0.458},"voc":{"unit":"V","value":0.3589583333333333},"sweep_direction":{"unit":"","value":"Forward"},"key":"forward_7_52106294"},{"V":{"unit":"V","value":[-0.04,-0.02,0,0.02,0.04,0.06,0.08,0.1,0.12,0.14,0.16,0.18,0.2,0.22,0.24,0.26,0.28,0.3,0.32,0.34,0.36,0.38,0.4,0.42,0.44,0.46]},"J":{"unit":"A\/cm2","value":[0.009875,0.00995,0.010174999999999998,0.010199999999999999,0.010199999999999999,0.010150000000000001,0.01025,0.010174999999999998,0.010174999999999998,0.010075,0.01005,0.009975,0.0099,0.009825,0.00975,0.00965,0.009550000000000001,0.009375,0.0087,0.006325,0.000575,-0.008575000000000001,-0.02,-0.032600000000000004,-0.045875,-0.059475]},"I":{"unit":"A","value":[0.000395,0.000398,0.00040699999999999997,0.000408,0.000408,0.000406,0.00041,0.00040699999999999997,0.00040699999999999997,0.00040300000000000004,0.000402,0.000399,0.00039600000000000003,0.000393,0.00039,0.000386,0.000382,0.000375,0.000348,0.000253,2.3e-5,-0.00034300000000000004,-0.0008,-0.001304,-0.001835,-0.002379]},"efficiency":{"unit":"%","value":2.8124999999999996},"fill_factor":{"unit":"%","value":76.51420070116183},"jsc":{"unit":"mA\/cm2","value":10.174999999999999},"isc":{"unit":"mA","value":0.407},"voc":{"unit":"V","value":0.36125683060109287},"sweep_direction":{"unit":"","value":"Forward"},"key":"forward_6_52106294"},{"V":{"unit":"V","value":[-0.04,-0.02,0,0.02,0.04,0.06,0.08,0.1,0.12,0.14,0.16,0.18,0.2,0.22,0.24,0.26,0.28,0.3,0.32,0.34,0.36,0.38,0.4,0.42,0.44,0.46,0.48]},"J":{"unit":"A\/cm2","value":[0.010399999999999998,0.010625,0.010799999999999999,0.010924999999999999,0.011025,0.010975,0.01105,0.01095,0.011,0.010825,0.010825,0.010625,0.01065,0.01045,0.010399999999999998,0.01025,0.010174999999999998,0.009925000000000002,0.008975,0.005725000000000001,-0.0019,-0.01325,-0.026699999999999998,-0.041174999999999996,-0.056174999999999996,-0.0716,-0.0871]},"I":{"unit":"A","value":[0.000416,0.000425,0.000432,0.000437,0.000441,0.000439,0.000442,0.000438,0.00044,0.000433,0.000433,0.000425,0.000426,0.00041799999999999997,0.000416,0.00041,0.00040699999999999997,0.000397,0.000359,0.000229,-7.6e-5,-0.00053,-0.0010680000000000002,-0.001647,-0.002247,-0.002864,-0.003484]},"efficiency":{"unit":"%","value":2.9775},"fill_factor":{"unit":"%","value":77.65682079382671},"jsc":{"unit":"mA\/cm2","value":10.799999999999999},"isc":{"unit":"mA","value":0.432},"voc":{"unit":"V","value":0.355016393442623},"sweep_direction":{"unit":"","value":"Forward"},"key":"forward_5_52106294"},{"V":{"unit":"V","value":[-0.04,-0.02,0,0.02,0.04,0.06,0.08,0.1,0.12,0.14,0.16,0.18,0.2,0.22,0.24,0.26,0.28,0.3,0.32,0.34,0.36,0.38,0.4,0.42,0.44]},"J":{"unit":"A\/cm2","value":[0.010775,0.01105,0.011125,0.011325,0.011275,0.0114,0.011325,0.0114,0.011325,0.011300000000000001,0.0112,0.011125,0.011,0.0109,0.010775,0.010625,0.0105,0.009975,0.008125,0.00295,-0.0059499999999999996,-0.017575,-0.0305,-0.0444,-0.058775]},"I":{"unit":"A","value":[0.000431,0.000442,0.00044500000000000003,0.000453,0.000451,0.000456,0.000453,0.000456,0.000453,0.00045200000000000004,0.000448,0.00044500000000000003,0.00044,0.00043599999999999997,0.000431,0.000425,0.00041999999999999996,0.000399,0.000325,0.000118,-0.00023799999999999998,-0.000703,-0.00122,-0.001776,-0.002351]},"efficiency":{"unit":"%","value":2.9925},"fill_factor":{"unit":"%","value":77.60129659643435},"jsc":{"unit":"mA\/cm2","value":11.125},"isc":{"unit":"mA","value":0.445},"voc":{"unit":"V","value":0.3466292134831461},"sweep_direction":{"unit":"","value":"Forward"},"key":"forward_4_52106294"},{"V":{"unit":"V","value":[-0.04,-0.02,0,0.02,0.04,0.06,0.08,0.1,0.12,0.14,0.16,0.18,0.2,0.22,0.24,0.26,0.28,0.3,0.32,0.34,0.36,0.38,0.4,0.42,0.44,0.46]},"J":{"unit":"A\/cm2","value":[0.009349999999999999,0.009425000000000001,0.0095,0.00965,0.0096,0.00965,0.009725,0.009675000000000001,0.00965,0.009574999999999998,0.009574999999999998,0.009425000000000001,0.00945,0.0093,0.0093,0.009174999999999999,0.009174999999999999,0.009,0.008674999999999999,0.0068000000000000005,0.001825,-0.005974999999999999,-0.014975,-0.02445,-0.034,-0.043575]},"I":{"unit":"A","value":[0.000374,0.000377,0.00038,0.000386,0.000384,0.000386,0.000389,0.00038700000000000003,0.000386,0.000383,0.000383,0.000377,0.000378,0.000372,0.000372,0.000367,0.000367,0.00035999999999999997,0.000347,0.000272,7.3e-5,-0.00023899999999999998,-0.0005989999999999999,-0.000978,-0.00136,-0.0017430000000000002]},"efficiency":{"unit":"%","value":2.776},"fill_factor":{"unit":"%","value":80.12804026237151},"jsc":{"unit":"mA\/cm2","value":9.5},"isc":{"unit":"mA","value":0.38},"voc":{"unit":"V","value":0.36467948717948717},"sweep_direction":{"unit":"","value":"Forward"},"key":"forward_3_52106294"},{"V":{"unit":"V","value":[-0.04,-0.02,0,0.02,0.04,0.06,0.08,0.1,0.12,0.14,0.16,0.18,0.2,0.22,0.24,0.26,0.28,0.3,0.32,0.34,0.36,0.38,0.4,0.42,0.44]},"J":{"unit":"A\/cm2","value":[0.009625,0.009625,0.009800000000000001,0.00995,0.00995,0.01005,0.0101,0.010150000000000001,0.010125,0.010150000000000001,0.010025000000000001,0.010025000000000001,0.0099,0.009875,0.00975,0.009725,0.009574999999999998,0.009550000000000001,0.0092,0.007875,0.003225,-0.006274999999999999,-0.019600000000000003,-0.03505,-0.051649999999999995]},"I":{"unit":"A","value":[0.00038500000000000003,0.00038500000000000003,0.00039200000000000004,0.000398,0.000398,0.000402,0.000404,0.000406,0.00040500000000000003,0.000406,0.00040100000000000004,0.00040100000000000004,0.00039600000000000003,0.000395,0.00039,0.000389,0.000383,0.000382,0.000368,0.000315,0.000129,-0.000251,-0.0007840000000000001,-0.0014019999999999998,-0.0020659999999999997]},"efficiency":{"unit":"%","value":2.944},"fill_factor":{"unit":"%","value":81.90206775779617},"jsc":{"unit":"mA\/cm2","value":9.8},"isc":{"unit":"mA","value":0.392},"voc":{"unit":"V","value":0.36678947368421055},"sweep_direction":{"unit":"","value":"Forward"},"key":"forward_2_52106294"},{"V":{"unit":"V","value":[-0.04,-0.02,0,0.02,0.04,0.06,0.08,0.1,0.12,0.14,0.16,0.18,0.2,0.22,0.24,0.26,0.28,0.3,0.32,0.34,0.36,0.38,0.4]},"J":{"unit":"A\/cm2","value":[0.011375,0.0117,0.011875,0.011924999999999998,0.011975,0.011949999999999999,0.011975,0.011924999999999998,0.012,0.011875,0.011924999999999998,0.011725,0.01165,0.011375,0.011275,0.011,0.010775,0.010150000000000001,0.0086,0.00475,-0.0018499999999999999,-0.010875,-0.02125]},"I":{"unit":"A","value":[0.000455,0.00046800000000000005,0.000475,0.000477,0.000479,0.00047799999999999996,0.000479,0.000477,0.00047999999999999996,0.000475,0.000477,0.00046899999999999996,0.00046600000000000005,0.000455,0.000451,0.00044,0.000431,0.000406,0.00034399999999999996,0.00019,-7.4e-5,-0.000435,-0.00085]},"efficiency":{"unit":"%","value":3.045},"fill_factor":{"unit":"%","value":72.35480749758106},"jsc":{"unit":"mA\/cm2","value":11.875},"isc":{"unit":"mA","value":0.475},"voc":{"unit":"V","value":0.3543939393939394},"sweep_direction":{"unit":"","value":"Forward"},"key":"forward_1_52106294"}]}}