{"_id":"6528f6f3956f56119d546339","id":"CAU-SC-00053","author":73,"group":7,"input":[{"tco":{"unit":"","value":"ITO"}},[],{"htl":[{"material":{"unit":"","value":"PEDOT:PSS"},"concentration":{"unit":"","value":"None"},"conc_unit":{"unit":"","value":"mg\/ml"},"quantity":{"unit":"ml","value":"Material"}}],"spin_coating":[{"type":{"unit":"","value":"drop&run"},"rpm":{"unit":"","value":"5000"},"time":{"unit":"s","value":"30"}}],"annealing":[{"temperature":{"unit":"oC","value":"150"},"time":{"unit":"m","value":"20"}}]},[],{"perovskite":{"method":{"unit":"","value":"1step"},"molarity":{"unit":"M","value":"1"},"a_site":[{"material":{"unit":"","value":"FA"},"ratio":{"unit":"","value":"75"}},{"material":{"unit":"","value":"MA"},"ratio":{"unit":"","value":"25"}}],"b_site":[{"material":{"unit":"","value":"Sn"},"ratio":{"unit":"","value":"100"}}],"x_site":[{"material":{"unit":"","value":"I"},"ratio":{"unit":"","value":"66.66"}},{"material":{"unit":"","value":"Br"},"ratio":{"unit":"","value":"33.33"}}],"solvent":[{"material":{"unit":"","value":"DMF"},"volume":{"unit":"ml","value":"0.8"}},{"material":{"unit":"","value":"DMSO"},"volume":{"unit":"ml","value":"0.2"}}],"additive":[{"material":{"unit":"","value":"SnF2"},"solvent":{"unit":"","value":"none"},"concentration":{"unit":"","value":"15.6"},"conc_unit":{"unit":"","value":"mg\/ml"},"quantity":{"unit":"mol%","value":"10"}},{"material":{"unit":"","value":"Sn"},"solvent":{"unit":"","value":null},"concentration":{"unit":"","value":"11.8"},"conc_unit":{"unit":"","value":"mg\/ml"},"quantity":{"unit":"mol%","value":"10"}}],"stirring_time":[{"unit":"m","value":"150"}],"antisolvent":[{"material":{"unit":"","value":"Toluene"},"quantity":{"unit":"ul","value":"200"},"dripping_time":{"unit":"s","value":"10"}}],"spin_coating":[{"type":{"unit":"","value":"drop&run"},"rpm":{"unit":"","value":"8000"},"time":{"unit":"s","value":"30"}}],"annealing":[{"temperature":{"unit":"oC","value":"70"},"time":{"unit":"m","value":"10"}}],"atmosphere":[{"type":{"unit":"","value":"N2"},"temperature":{"unit":"oC","value":"25"},"humidity":{"unit":"RH%","value":"0"}}]}},{"etl":[{"material":{"unit":"","value":"PC61BM"},"concentration":{"unit":"","value":"20"},"conc_unit":{"unit":"","value":"mg\/ml"},"quantity":{"unit":"ml","value":"Material"}}],"solvent":[{"material":{"unit":"","value":"CB"},"volume":{"unit":"ml","value":"0.75"}},{"material":{"unit":"","value":"DCB"},"volume":{"unit":"ml","value":"0.25"}}],"spin_coating":[{"type":{"unit":"","value":"drop&run"},"rpm":{"unit":"","value":"1500"},"time":{"unit":"s","value":"30"}}],"annealing":[{"temperature":{"unit":"oC","value":"70"},"time":{"unit":"m","value":"10"}}]},{"blocking_buffer_layer":[{"material":{"unit":"","value":"BCP"},"concentration":{"unit":"","value":"0.5"},"conc_unit":{"unit":"","value":"mg\/ml"},"quantity":{"unit":"ml","value":"Material"}}],"solvent":[{"material":{"unit":"","value":"IPA"},"volume":{"unit":"ml","value":"1"}}],"spin_coating":[{"type":{"unit":"","value":"dynamic"},"rpm":{"unit":"","value":"6000"},"time":{"unit":"s","value":"30"}}],"annealing":[{"temperature":{"unit":"oC","value":"70"},"time":{"unit":"m","value":"10"}}]},{"anode_metal":{"unit":"","value":"Ag"}},{"note":{"unit":"","value":"FAMA, Tol 10s"},"ar":{"unit":"","value":"0"},"type":{"unit":"","value":"unit_cell"},"device_type":{"unit":"","value":"p-i-n"},"temperature":{"unit":"\u2103","value":"25"},"humidity":{"unit":"%","value":"30"},"cell_dimension":{"unit":"cm2","value":"0.04"}}],"fileinfo":[{"key":"52106298","uploadType":"JV","original_name":"52106298.xlsx","save_name":"CAU-SC-00053\/52106298","uploader":73,"fileType":"group"},{"key":"52111178","uploadType":"JV","original_name":"52111178.xlsx","save_name":"CAU-SC-00053\/52111178","uploader":73,"fileType":"group"}],"updated_at":"2024-06-03 08:38:34","created_at":"2023-10-13 07:51:15","jvcnt":24,"analysisInfo":{"JV":[{"efficiency":1.26,"fill_factor":58.435471604676245,"jsc":10.025,"voc":0.2150847457627119,"key":"reverse_8_52106298","cell_dimension":null},{"efficiency":1.3489999999999998,"fill_factor":55.552279846621936,"jsc":11.137500000000001,"voc":0.2180330578512397,"key":"reverse_7_52106298","cell_dimension":null},{"efficiency":1.2342,"fill_factor":46.520092523633814,"jsc":12.295,"voc":0.2157826086956522,"key":"reverse_6_52106298","cell_dimension":null},{"efficiency":1.6425999999999998,"fill_factor":54.32171299939383,"jsc":10.6075,"voc":0.28506593406593406,"key":"reverse_5_52106298","cell_dimension":null},{"efficiency":2.9925,"fill_factor":51.95481623750774,"jsc":8.2875,"voc":0.695,"key":"reverse_4_52111178","cell_dimension":null},{"efficiency":1.489125,"fill_factor":51.57818285727893,"jsc":11.16875,"voc":0.2585,"key":"reverse_4_52106298","cell_dimension":null},{"efficiency":3.53565,"fill_factor":70.75743566960051,"jsc":6.9300000000000015,"voc":0.7210476190476189,"key":"reverse_3_52111178","cell_dimension":null},{"efficiency":1.518,"fill_factor":56.18810595051321,"jsc":11.106250000000001,"voc":0.24325396825396828,"key":"reverse_3_52106298","cell_dimension":null},{"efficiency":3.2111999999999994,"fill_factor":66.19786709649361,"jsc":6.780000000000001,"voc":0.7154736842105263,"key":"reverse_2_52111178","cell_dimension":null},{"efficiency":1.6624999999999996,"fill_factor":56.917408302288244,"jsc":11.58125,"voc":0.2522093023255814,"key":"reverse_2_52106298","cell_dimension":null},{"efficiency":3.0050999999999997,"fill_factor":58.88380441464929,"jsc":7.216249999999999,"voc":0.7072150537634408,"key":"reverse_1_52111178","cell_dimension":null},{"efficiency":1.38885,"fill_factor":53.03644652323338,"jsc":11.989999999999998,"voc":0.21840458015267175,"key":"reverse_1_52106298","cell_dimension":null},{"efficiency":1.8645,"fill_factor":72.71250060934986,"jsc":9.025,"voc":0.2841228070175439,"key":"forward_8_52106298","cell_dimension":null},{"efficiency":2.166,"fill_factor":67.99948627937842,"jsc":10.575,"voc":0.30121212121212115,"key":"forward_7_52106298","cell_dimension":null},{"efficiency":2.2769999999999997,"fill_factor":63.28166025359525,"jsc":12.024999999999999,"voc":0.2992265193370166,"key":"forward_6_52106298","cell_dimension":null},{"efficiency":2.8274999999999997,"fill_factor":70.84772171548876,"jsc":10.299999999999999,"voc":0.38747126436781615,"key":"forward_5_52106298","cell_dimension":null},{"efficiency":3.5999999999999996,"fill_factor":61.12847281843467,"jsc":8.325000000000001,"voc":0.7074157303370787,"key":"forward_4_52111178","cell_dimension":null},{"efficiency":2.7720000000000002,"fill_factor":67.903474961381,"jsc":11.15,"voc":0.36612244897959184,"key":"forward_4_52106298","cell_dimension":null},{"efficiency":3.63,"fill_factor":72.36617532971296,"jsc":6.875,"voc":0.7296226415094339,"key":"forward_3_52111178","cell_dimension":null},{"efficiency":2.0900000000000003,"fill_factor":64.03062428388736,"jsc":10.775,"voc":0.30292929292929294,"key":"forward_3_52106298","cell_dimension":null},{"efficiency":3.3930000000000002,"fill_factor":72.1629557132371,"jsc":6.5,"voc":0.7233628318584071,"key":"forward_2_52111178","cell_dimension":null},{"efficiency":2.4244999999999997,"fill_factor":63.60357152895541,"jsc":11.625,"voc":0.3279047619047619,"key":"forward_2_52106298","cell_dimension":null},{"efficiency":3.2915,"fill_factor":67.66385551834098,"jsc":6.800000000000001,"voc":0.7153658536585366,"key":"forward_1_52111178","cell_dimension":null},{"efficiency":2.04,"fill_factor":61.979548690512146,"jsc":11.55,"voc":0.2849704142011834,"key":"forward_1_52106298","cell_dimension":null}]},"public":2,"analysis":{"JV":[{"V":{"unit":"V","value":[0.26,0.24,0.22,0.2,0.18,0.16,0.14,0.12,0.1,0.08,0.06,0.04,0.02,0,-0.02,-0.04]},"J":{"unit":"A\/cm2","value":[-0.003875,-0.0028,-0.000725,0.0022249999999999995,0.005,0.007374999999999999,0.009,0.00995,0.010475,0.010725,0.010799999999999999,0.010725,0.0105,0.010025000000000001,0.009375,0.008575000000000001]},"I":{"unit":"A","value":[-0.000155,-0.000112,-2.9e-5,8.9e-5,0.0002,0.00029499999999999996,0.00035999999999999997,0.000398,0.000419,0.000429,0.000432,0.000429,0.00041999999999999996,0.00040100000000000004,0.000375,0.00034300000000000004]},"efficiency":{"unit":"%","value":1.26},"fill_factor":{"unit":"%","value":58.435471604676245},"jsc":{"unit":"mA\/cm2","value":10.025},"isc":{"unit":"mA","value":0.401},"voc":{"unit":"V","value":0.2150847457627119},"sweep_direction":{"unit":"","value":"Reverse"},"key":"reverse_8_52106298"},{"V":{"unit":"V","value":[0.262,0.242,0.222,0.202,0.182,0.162,0.142,0.122,0.102,0.082,0.062,0.042,0.022,0.002,-0.018,-0.038]},"J":{"unit":"A\/cm2","value":[-0.0034000000000000002,-0.0025749999999999996,-0.0006,0.0024249999999999996,0.00535,0.007825,0.0095,0.010424999999999999,0.0109,0.011125,0.01125,0.011349999999999999,0.011325,0.011175000000000001,0.010799999999999999,0.010225]},"I":{"unit":"A","value":[-0.000136,-0.000103,-2.4e-5,9.7e-5,0.000214,0.000313,0.00038,0.000417,0.00043599999999999997,0.00044500000000000003,0.00045,0.00045400000000000003,0.000453,0.000447,0.000432,0.00040899999999999997]},"efficiency":{"unit":"%","value":1.3489999999999998},"fill_factor":{"unit":"%","value":55.552279846621936},"jsc":{"unit":"mA\/cm2","value":11.137500000000001},"isc":{"unit":"mA","value":0.44550000000000006},"voc":{"unit":"V","value":0.2180330578512397},"sweep_direction":{"unit":"","value":"Reverse"},"key":"reverse_7_52106298"},{"V":{"unit":"V","value":[0.261,0.241,0.221,0.201,0.181,0.161,0.141,0.121,0.101,0.081,0.061,0.041,0.021,0.001,-0.019,-0.039]},"J":{"unit":"A\/cm2","value":[-0.00285,-0.002075,-0.0006,0.0017000000000000001,0.004125,0.006575,0.008674999999999999,0.010199999999999999,0.01115,0.011675000000000001,0.011949999999999999,0.012125,0.01225,0.012299999999999998,0.012199999999999999,0.012025]},"I":{"unit":"A","value":[-0.000114,-8.3e-5,-2.4e-5,6.8e-5,0.000165,0.000263,0.000347,0.000408,0.000446,0.000467,0.00047799999999999996,0.00048499999999999997,0.00049,0.000492,0.000488,0.000481]},"efficiency":{"unit":"%","value":1.2342},"fill_factor":{"unit":"%","value":46.520092523633814},"jsc":{"unit":"mA\/cm2","value":12.295},"isc":{"unit":"mA","value":0.4918},"voc":{"unit":"V","value":0.2157826086956522},"sweep_direction":{"unit":"","value":"Reverse"},"key":"reverse_6_52106298"},{"V":{"unit":"V","value":[0.331,0.311,0.291,0.271,0.251,0.231,0.211,0.191,0.171,0.151,0.131,0.111,0.091,0.071,0.051,0.031,0.011,-0.009,-0.029]},"J":{"unit":"A\/cm2","value":[-0.0030499999999999998,-0.0021000000000000003,-0.0006749999999999999,0.0016,0.0037749999999999997,0.005874999999999999,0.007425,0.0086,0.0092,0.00965,0.009775,0.01,0.010025000000000001,0.010199999999999999,0.01025,0.010424999999999999,0.010524999999999998,0.010674999999999999,0.010799999999999999]},"I":{"unit":"A","value":[-0.000122,-8.400000000000001e-5,-2.7e-5,6.4e-5,0.00015099999999999998,0.000235,0.000297,0.00034399999999999996,0.000368,0.000386,0.000391,0.0004,0.00040100000000000004,0.000408,0.00041,0.000417,0.000421,0.00042699999999999997,0.000432]},"efficiency":{"unit":"%","value":1.6425999999999998},"fill_factor":{"unit":"%","value":54.32171299939383},"jsc":{"unit":"mA\/cm2","value":10.6075},"isc":{"unit":"mA","value":0.4243},"voc":{"unit":"V","value":0.28506593406593406},"sweep_direction":{"unit":"","value":"Reverse"},"key":"reverse_5_52106298"},{"V":{"unit":"V","value":[0.735,0.715,0.695,0.675,0.655,0.635,0.615,0.595,0.575,0.555,0.535,0.515,0.495,0.475,0.455,0.435,0.415,0.395,0.375,0.355,0.335,0.315,0.295,0.275,0.255,0.235,0.215,0.195,0.175,0.155,0.135,0.115,0.095,0.075,0.055,0.035,0.015,-0.005,-0.025]},"J":{"unit":"A\/cm2","value":[-0.0043,-0.001875,0,0.001475,0.00235,0.00315,0.0038,0.004275,0.004725,0.0050750000000000005,0.00545,0.005725000000000001,0.006024999999999999,0.0063,0.006525,0.006825,0.007000000000000001,0.0072499999999999995,0.0073999999999999995,0.0076,0.007775,0.00785,0.008,0.008,0.0081,0.008125,0.008175,0.008199999999999999,0.008199999999999999,0.008225,0.008225,0.00825,0.00825,0.008275000000000001,0.0083,0.008275000000000001,0.008325,0.008275000000000001,0.008325]},"I":{"unit":"A","value":[-0.00017199999999999998,-7.5e-5,0,5.9e-5,9.4e-5,0.000126,0.000152,0.000171,0.000189,0.000203,0.00021799999999999999,0.000229,0.000241,0.000252,0.000261,0.000273,0.00028000000000000003,0.00029,0.000296,0.000304,0.000311,0.000314,0.00032,0.00032,0.000324,0.000325,0.00032700000000000003,0.000328,0.000328,0.00032900000000000003,0.00032900000000000003,0.00033,0.00033,0.000331,0.000332,0.000331,0.000333,0.000331,0.000333]},"efficiency":{"unit":"%","value":2.9925},"fill_factor":{"unit":"%","value":51.95481623750774},"jsc":{"unit":"mA\/cm2","value":8.2875},"isc":{"unit":"mA","value":0.33149999999999996},"voc":{"unit":"V","value":0.695},"sweep_direction":{"unit":"","value":"Reverse"},"key":"reverse_4_52111178"},{"V":{"unit":"V","value":[0.305,0.285,0.265,0.245,0.225,0.205,0.185,0.165,0.145,0.125,0.105,0.085,0.065,0.045,0.025,0.005,-0.015,-0.035]},"J":{"unit":"A\/cm2","value":[-0.0025,-0.00195,-0.0006499999999999999,0.0013499999999999999,0.0035749999999999996,0.005775000000000001,0.0076749999999999995,0.009025,0.009875,0.010275,0.010524999999999998,0.0106,0.010799999999999999,0.010875,0.01105,0.011125,0.011300000000000001,0.011325]},"I":{"unit":"A","value":[-0.0001,-7.8e-5,-2.6e-5,5.4e-5,0.00014299999999999998,0.000231,0.000307,0.000361,0.000395,0.00041099999999999996,0.000421,0.000424,0.000432,0.000435,0.000442,0.00044500000000000003,0.00045200000000000004,0.000453]},"efficiency":{"unit":"%","value":1.489125},"fill_factor":{"unit":"%","value":51.57818285727893},"jsc":{"unit":"mA\/cm2","value":11.16875},"isc":{"unit":"mA","value":0.44675},"voc":{"unit":"V","value":0.2585},"sweep_direction":{"unit":"","value":"Reverse"},"key":"reverse_4_52106298"},{"V":{"unit":"V","value":[0.762,0.742,0.722,0.702,0.682,0.662,0.642,0.622,0.602,0.582,0.562,0.542,0.522,0.502,0.482,0.462,0.442,0.422,0.402,0.382,0.362,0.342,0.322,0.302,0.282,0.262,0.242,0.222,0.202,0.182,0.162,0.142,0.122,0.102,0.082,0.062,0.042,0.022,0.002,-0.018,-0.038]},"J":{"unit":"A\/cm2","value":[-0.006549999999999999,-0.00295,-0.0001,0.002,0.00335,0.004375,0.0050750000000000005,0.00555,0.005825,0.006075,0.0062,0.00635,0.0064,0.0065,0.006525,0.006575,0.006625,0.006625,0.0067,0.0067,0.006725000000000001,0.00675,0.006775000000000001,0.0068000000000000005,0.006775000000000001,0.00685,0.006825,0.00685,0.006875,0.006875,0.006900000000000001,0.006875,0.006925000000000001,0.006900000000000001,0.006925000000000001,0.0069500000000000004,0.0069500000000000004,0.006975,0.006925000000000001,0.006975,0.0069500000000000004]},"I":{"unit":"A","value":[-0.000262,-0.000118,-4.0e-6,8.0e-5,0.000134,0.000175,0.000203,0.000222,0.00023300000000000003,0.000243,0.000248,0.000254,0.000256,0.00026000000000000003,0.000261,0.000263,0.000265,0.000265,0.000268,0.000268,0.00026900000000000003,0.00027,0.00027100000000000003,0.000272,0.00027100000000000003,0.00027400000000000005,0.000273,0.00027400000000000005,0.000275,0.000275,0.00027600000000000004,0.000275,0.000277,0.00027600000000000004,0.000277,0.00027800000000000004,0.00027800000000000004,0.000279,0.000277,0.000279,0.00027800000000000004]},"efficiency":{"unit":"%","value":3.53565},"fill_factor":{"unit":"%","value":70.75743566960051},"jsc":{"unit":"mA\/cm2","value":6.9300000000000015},"isc":{"unit":"mA","value":0.27720000000000006},"voc":{"unit":"V","value":0.7210476190476189},"sweep_direction":{"unit":"","value":"Reverse"},"key":"reverse_3_52111178"},{"V":{"unit":"V","value":[0.285,0.265,0.245,0.225,0.205,0.185,0.165,0.145,0.125,0.105,0.085,0.065,0.045,0.025,0.005,-0.015,-0.035]},"J":{"unit":"A\/cm2","value":[-0.0043,-0.00275,-0.00027499999999999996,0.002875,0.005625,0.0078,0.0092,0.0099,0.01035,0.010524999999999998,0.010775,0.0109,0.01115,0.01115,0.011175000000000001,0.0109,0.010575]},"I":{"unit":"A","value":[-0.00017199999999999998,-0.00011,-1.1e-5,0.000115,0.000225,0.000312,0.000368,0.00039600000000000003,0.000414,0.000421,0.000431,0.00043599999999999997,0.000446,0.000446,0.000447,0.00043599999999999997,0.000423]},"efficiency":{"unit":"%","value":1.518},"fill_factor":{"unit":"%","value":56.18810595051321},"jsc":{"unit":"mA\/cm2","value":11.106250000000001},"isc":{"unit":"mA","value":0.44425000000000003},"voc":{"unit":"V","value":0.24325396825396828},"sweep_direction":{"unit":"","value":"Reverse"},"key":"reverse_3_52106298"},{"V":{"unit":"V","value":[0.756,0.736,0.716,0.696,0.676,0.656,0.636,0.616,0.596,0.576,0.556,0.536,0.516,0.496,0.476,0.456,0.436,0.416,0.396,0.376,0.356,0.336,0.316,0.296,0.276,0.256,0.236,0.216,0.196,0.176,0.156,0.136,0.116,0.096,0.076,0.056,0.036,0.016,-0.004,-0.024]},"J":{"unit":"A\/cm2","value":[-0.006125,-0.0026999999999999997,-5.0e-5,0.0018499999999999999,0.0030749999999999996,0.003975,0.0046,0.005025,0.005325,0.005575,0.0057,0.00585,0.005974999999999999,0.00605,0.006149999999999999,0.006175,0.0063,0.006325,0.006425,0.006475,0.0065,0.006549999999999999,0.006549999999999999,0.006625,0.006600000000000001,0.006625,0.0066500000000000005,0.0066749999999999995,0.0066749999999999995,0.0066500000000000005,0.006725000000000001,0.0067,0.006725000000000001,0.006725000000000001,0.006725000000000001,0.006775000000000001,0.00675,0.0068000000000000005,0.006775000000000001,0.006825]},"I":{"unit":"A","value":[-0.000245,-0.000108,-2.0e-6,7.4e-5,0.000123,0.00015900000000000002,0.000184,0.000201,0.000213,0.000223,0.000228,0.00023400000000000002,0.00023899999999999998,0.000242,0.000246,0.000247,0.000252,0.000253,0.000257,0.000259,0.00026000000000000003,0.000262,0.000262,0.000265,0.000264,0.000265,0.000266,0.00026700000000000004,0.00026700000000000004,0.000266,0.00026900000000000003,0.000268,0.00026900000000000003,0.00026900000000000003,0.00026900000000000003,0.00027100000000000003,0.00027,0.000272,0.00027100000000000003,0.000273]},"efficiency":{"unit":"%","value":3.2111999999999994},"fill_factor":{"unit":"%","value":66.19786709649361},"jsc":{"unit":"mA\/cm2","value":6.780000000000001},"isc":{"unit":"mA","value":0.27120000000000005},"voc":{"unit":"V","value":0.7154736842105263},"sweep_direction":{"unit":"","value":"Reverse"},"key":"reverse_2_52111178"},{"V":{"unit":"V","value":[0.295,0.275,0.255,0.235,0.215,0.195,0.175,0.155,0.135,0.115,0.095,0.075,0.055,0.035,0.015,-0.005,-0.025]},"J":{"unit":"A\/cm2","value":[-0.0039,-0.002625,-0.00044999999999999993,0.002775,0.0056500000000000005,0.00805,0.0095,0.010275,0.010575,0.010775,0.010924999999999999,0.011125,0.011275,0.011474999999999999,0.011525,0.0116,0.011474999999999999]},"I":{"unit":"A","value":[-0.000156,-0.00010499999999999999,-1.7999999999999997e-5,0.000111,0.00022600000000000002,0.000322,0.00038,0.00041099999999999996,0.000423,0.000431,0.000437,0.00044500000000000003,0.000451,0.00045900000000000004,0.00046100000000000004,0.000464,0.00045900000000000004]},"efficiency":{"unit":"%","value":1.6624999999999996},"fill_factor":{"unit":"%","value":56.917408302288244},"jsc":{"unit":"mA\/cm2","value":11.58125},"isc":{"unit":"mA","value":0.46325000000000005},"voc":{"unit":"V","value":0.2522093023255814},"sweep_direction":{"unit":"","value":"Reverse"},"key":"reverse_2_52106298"},{"V":{"unit":"V","value":[0.747,0.727,0.707,0.687,0.667,0.647,0.627,0.607,0.587,0.567,0.547,0.527,0.507,0.487,0.467,0.447,0.427,0.407,0.387,0.367,0.347,0.327,0.307,0.287,0.267,0.247,0.227,0.207,0.187,0.167,0.147,0.127,0.107,0.087,0.067,0.047,0.027,0.007,-0.013,-0.033]},"J":{"unit":"A\/cm2","value":[-0.00525,-0.0023,2.5e-5,0.0017000000000000001,0.002775,0.0036249999999999998,0.0042250000000000005,0.0047,0.005,0.0053,0.005475,0.0057,0.00585,0.006,0.006175,0.00625,0.006425,0.0065,0.0066500000000000005,0.006725000000000001,0.0068000000000000005,0.006900000000000001,0.0069500000000000004,0.007025,0.007000000000000001,0.007075,0.007075,0.0070999999999999995,0.007124999999999999,0.0070999999999999995,0.007149999999999999,0.007124999999999999,0.007174999999999999,0.007149999999999999,0.007174999999999999,0.007199999999999999,0.007199999999999999,0.007225,0.007199999999999999,0.0072499999999999995]},"I":{"unit":"A","value":[-0.00020999999999999998,-9.2e-5,1.0e-6,6.8e-5,0.000111,0.000145,0.00016900000000000002,0.000188,0.0002,0.000212,0.000219,0.000228,0.00023400000000000002,0.00023999999999999998,0.000247,0.00025,0.000257,0.00026000000000000003,0.000266,0.00026900000000000003,0.000272,0.00027600000000000004,0.00027800000000000004,0.00028100000000000005,0.00028000000000000003,0.000283,0.000283,0.00028399999999999996,0.000285,0.00028399999999999996,0.00028599999999999996,0.000285,0.000287,0.00028599999999999996,0.000287,0.00028799999999999995,0.00028799999999999995,0.000289,0.00028799999999999995,0.00029]},"efficiency":{"unit":"%","value":3.0050999999999997},"fill_factor":{"unit":"%","value":58.88380441464929},"jsc":{"unit":"mA\/cm2","value":7.216249999999999},"isc":{"unit":"mA","value":0.28864999999999996},"voc":{"unit":"V","value":0.7072150537634408},"sweep_direction":{"unit":"","value":"Reverse"},"key":"reverse_1_52111178"},{"V":{"unit":"V","value":[0.261,0.241,0.221,0.201,0.181,0.161,0.141,0.121,0.101,0.081,0.061,0.041,0.021,0.001,-0.019,-0.039]},"J":{"unit":"A\/cm2","value":[-0.004375,-0.0030499999999999998,-0.00042500000000000003,0.00285,0.005825,0.008175,0.00985,0.010775,0.011349999999999999,0.01165,0.011899999999999999,0.012,0.012125,0.012,0.0118,0.011224999999999999]},"I":{"unit":"A","value":[-0.000175,-0.000122,-1.7e-5,0.000114,0.00023300000000000003,0.00032700000000000003,0.00039400000000000004,0.000431,0.00045400000000000003,0.00046600000000000005,0.00047599999999999997,0.00047999999999999996,0.00048499999999999997,0.00047999999999999996,0.000472,0.000449]},"efficiency":{"unit":"%","value":1.38885},"fill_factor":{"unit":"%","value":53.03644652323338},"jsc":{"unit":"mA\/cm2","value":11.989999999999998},"isc":{"unit":"mA","value":0.47959999999999997},"voc":{"unit":"V","value":0.21840458015267175},"sweep_direction":{"unit":"","value":"Reverse"},"key":"reverse_1_52106298"},{"V":{"unit":"V","value":[-0.04,-0.02,0,0.02,0.04,0.06,0.08,0.1,0.12,0.14,0.16,0.18,0.2,0.22,0.24,0.26,0.28,0.3]},"J":{"unit":"A\/cm2","value":[0.010524999999999998,0.0096,0.009025,0.008725,0.008425,0.008225,0.008125,0.008275000000000001,0.008400000000000001,0.00875,0.00895,0.0092,0.009,0.008475,0.007174999999999999,0.005,0.001175,-0.0045249999999999995]},"I":{"unit":"A","value":[0.000421,0.000384,0.000361,0.00034899999999999997,0.000337,0.00032900000000000003,0.000325,0.000331,0.00033600000000000004,0.00035,0.000358,0.000368,0.00035999999999999997,0.000339,0.000287,0.0002,4.7e-5,-0.00018099999999999998]},"efficiency":{"unit":"%","value":1.8645},"fill_factor":{"unit":"%","value":72.71250060934986},"jsc":{"unit":"mA\/cm2","value":9.025},"isc":{"unit":"mA","value":0.361},"voc":{"unit":"V","value":0.2841228070175439},"sweep_direction":{"unit":"","value":"Forward"},"key":"forward_8_52106298"},{"V":{"unit":"V","value":[-0.04,-0.02,0,0.02,0.04,0.06,0.08,0.1,0.12,0.14,0.16,0.18,0.2,0.22,0.24,0.26,0.28,0.3,0.32]},"J":{"unit":"A\/cm2","value":[0.011300000000000001,0.01095,0.010575,0.010375,0.010174999999999998,0.010125,0.010075,0.010025000000000001,0.010150000000000001,0.010324999999999999,0.010475,0.010424999999999999,0.010299999999999998,0.009775,0.009025,0.007525,0.00495,0.0004,-0.0062]},"I":{"unit":"A","value":[0.00045200000000000004,0.000438,0.000423,0.000415,0.00040699999999999997,0.00040500000000000003,0.00040300000000000004,0.00040100000000000004,0.000406,0.00041299999999999996,0.000419,0.000417,0.000412,0.000391,0.000361,0.000301,0.00019800000000000002,1.6e-5,-0.000248]},"efficiency":{"unit":"%","value":2.166},"fill_factor":{"unit":"%","value":67.99948627937842},"jsc":{"unit":"mA\/cm2","value":10.575},"isc":{"unit":"mA","value":0.423},"voc":{"unit":"V","value":0.30121212121212115},"sweep_direction":{"unit":"","value":"Forward"},"key":"forward_7_52106298"},{"V":{"unit":"V","value":[-0.04,-0.02,0,0.02,0.04,0.06,0.08,0.1,0.12,0.14,0.16,0.18,0.2,0.22,0.24,0.26,0.28,0.3]},"J":{"unit":"A\/cm2","value":[0.012424999999999999,0.012199999999999999,0.012025,0.01185,0.0118,0.0117,0.011725,0.011725,0.011774999999999999,0.011725,0.01165,0.0114,0.011025,0.01035,0.009275,0.00735,0.00435,-0.000175]},"I":{"unit":"A","value":[0.000497,0.000488,0.000481,0.000474,0.000472,0.00046800000000000005,0.00046899999999999996,0.00046899999999999996,0.00047099999999999996,0.00046899999999999996,0.00046600000000000005,0.000456,0.000441,0.000414,0.000371,0.000294,0.000174,-7.0e-6]},"efficiency":{"unit":"%","value":2.2769999999999997},"fill_factor":{"unit":"%","value":63.28166025359525},"jsc":{"unit":"mA\/cm2","value":12.024999999999999},"isc":{"unit":"mA","value":0.481},"voc":{"unit":"V","value":0.2992265193370166},"sweep_direction":{"unit":"","value":"Forward"},"key":"forward_6_52106298"},{"V":{"unit":"V","value":[-0.04,-0.02,0,0.02,0.04,0.06,0.08,0.1,0.12,0.14,0.16,0.18,0.2,0.22,0.24,0.26,0.28,0.3,0.32,0.34,0.36,0.38,0.4,0.42,0.44]},"J":{"unit":"A\/cm2","value":[0.010075,0.010225,0.010299999999999998,0.01035,0.010199999999999999,0.01025,0.010199999999999999,0.010225,0.010150000000000001,0.010150000000000001,0.0101,0.010075,0.009975,0.009975,0.009875,0.009825,0.00965,0.009425000000000001,0.00875,0.00735,0.005,0.001625,-0.002725,-0.008275000000000001,-0.015024999999999998]},"I":{"unit":"A","value":[0.00040300000000000004,0.00040899999999999997,0.000412,0.000414,0.000408,0.00041,0.000408,0.00040899999999999997,0.000406,0.000406,0.000404,0.00040300000000000004,0.000399,0.000399,0.000395,0.000393,0.000386,0.000377,0.00035,0.000294,0.0002,6.500000000000001e-5,-0.00010899999999999999,-0.000331,-0.000601]},"efficiency":{"unit":"%","value":2.8274999999999997},"fill_factor":{"unit":"%","value":70.84772171548876},"jsc":{"unit":"mA\/cm2","value":10.299999999999999},"isc":{"unit":"mA","value":0.412},"voc":{"unit":"V","value":0.38747126436781615},"sweep_direction":{"unit":"","value":"Forward"},"key":"forward_5_52106298"},{"V":{"unit":"V","value":[-0.04,-0.02,0,0.02,0.04,0.06,0.08,0.1,0.12,0.14,0.16,0.18,0.2,0.22,0.24,0.26,0.28,0.3,0.32,0.34,0.36,0.38,0.4,0.42,0.44,0.46,0.48,0.5,0.52,0.54,0.56,0.58,0.6,0.62,0.64,0.66,0.68,0.7,0.72,0.74,0.76,0.78]},"J":{"unit":"A\/cm2","value":[0.008425,0.008325,0.008325,0.00825,0.008125,0.008074999999999999,0.0081,0.00805,0.008074999999999999,0.00805,0.008,0.00805,0.008,0.008,0.007975,0.007975,0.007975,0.00795,0.00795,0.0079,0.0079,0.00785,0.007825,0.007775,0.0076749999999999995,0.007574999999999999,0.007374999999999999,0.007199999999999999,0.006900000000000001,0.0066500000000000005,0.00635,0.005974999999999999,0.005575,0.005025,0.004425,0.0035499999999999998,0.0024,0.0008250000000000001,-0.0014,-0.00435,-0.008325,-0.013300000000000001]},"I":{"unit":"A","value":[0.000337,0.000333,0.000333,0.00033,0.000325,0.000323,0.000324,0.000322,0.000323,0.000322,0.00032,0.000322,0.00032,0.00032,0.000319,0.000319,0.000319,0.00031800000000000003,0.00031800000000000003,0.000316,0.000316,0.000314,0.000313,0.000311,0.000307,0.000303,0.00029499999999999996,0.00028799999999999995,0.00027600000000000004,0.000266,0.000254,0.00023899999999999998,0.000223,0.000201,0.000177,0.00014199999999999998,9.6e-5,3.3e-5,-5.6e-5,-0.000174,-0.000333,-0.000532]},"efficiency":{"unit":"%","value":3.5999999999999996},"fill_factor":{"unit":"%","value":61.12847281843467},"jsc":{"unit":"mA\/cm2","value":8.325000000000001},"isc":{"unit":"mA","value":0.333},"voc":{"unit":"V","value":0.7074157303370787},"sweep_direction":{"unit":"","value":"Forward"},"key":"forward_4_52111178"},{"V":{"unit":"V","value":[-0.04,-0.02,0,0.02,0.04,0.06,0.08,0.1,0.12,0.14,0.16,0.18,0.2,0.22,0.24,0.26,0.28,0.3,0.32,0.34,0.36,0.38,0.4]},"J":{"unit":"A\/cm2","value":[0.011,0.011125,0.01115,0.0111,0.0111,0.01105,0.011,0.010975,0.0109,0.01085,0.010825,0.010775,0.010725,0.0106,0.0105,0.01025,0.0099,0.009,0.007625,0.005,0.0015,-0.0034000000000000002,-0.009425000000000001]},"I":{"unit":"A","value":[0.00044,0.00044500000000000003,0.000446,0.000444,0.000444,0.000442,0.00044,0.000439,0.00043599999999999997,0.000434,0.000433,0.000431,0.000429,0.000424,0.00041999999999999996,0.00041,0.00039600000000000003,0.00035999999999999997,0.000305,0.0002,5.9999999999999995e-5,-0.000136,-0.000377]},"efficiency":{"unit":"%","value":2.7720000000000002},"fill_factor":{"unit":"%","value":67.903474961381},"jsc":{"unit":"mA\/cm2","value":11.15},"isc":{"unit":"mA","value":0.446},"voc":{"unit":"V","value":0.36612244897959184},"sweep_direction":{"unit":"","value":"Forward"},"key":"forward_4_52106298"},{"V":{"unit":"V","value":[-0.04,-0.02,0,0.02,0.04,0.06,0.08,0.1,0.12,0.14,0.16,0.18,0.2,0.22,0.24,0.26,0.28,0.3,0.32,0.34,0.36,0.38,0.4,0.42,0.44,0.46,0.48,0.5,0.52,0.54,0.56,0.58,0.6,0.62,0.64,0.66,0.68,0.7,0.72,0.74,0.76,0.78,0.8]},"J":{"unit":"A\/cm2","value":[0.007000000000000001,0.006925000000000001,0.006875,0.006900000000000001,0.0067,0.0067,0.0067,0.0066749999999999995,0.0067,0.0066500000000000005,0.0066749999999999995,0.0066500000000000005,0.0066749999999999995,0.0066500000000000005,0.006625,0.0066500000000000005,0.006600000000000001,0.006625,0.006600000000000001,0.006625,0.006600000000000001,0.006600000000000001,0.006575,0.006549999999999999,0.006549999999999999,0.0065,0.0065,0.006475,0.006425,0.0064,0.0063,0.006225,0.00605,0.00585,0.005525,0.005025,0.004275,0.0030499999999999998,0.0012749999999999999,-0.001375,-0.005149999999999999,-0.010324999999999999,-0.017175]},"I":{"unit":"A","value":[0.00028000000000000003,0.000277,0.000275,0.00027600000000000004,0.000268,0.000268,0.000268,0.00026700000000000004,0.000268,0.000266,0.00026700000000000004,0.000266,0.00026700000000000004,0.000266,0.000265,0.000266,0.000264,0.000265,0.000264,0.000265,0.000264,0.000264,0.000263,0.000262,0.000262,0.00026000000000000003,0.00026000000000000003,0.000259,0.000257,0.000256,0.000252,0.000249,0.000242,0.00023400000000000002,0.000221,0.000201,0.000171,0.000122,5.1e-5,-5.5e-5,-0.000206,-0.00041299999999999996,-0.000687]},"efficiency":{"unit":"%","value":3.63},"fill_factor":{"unit":"%","value":72.36617532971296},"jsc":{"unit":"mA\/cm2","value":6.875},"isc":{"unit":"mA","value":0.275},"voc":{"unit":"V","value":0.7296226415094339},"sweep_direction":{"unit":"","value":"Forward"},"key":"forward_3_52111178"},{"V":{"unit":"V","value":[-0.04,-0.02,0,0.02,0.04,0.06,0.08,0.1,0.12,0.14,0.16,0.18,0.2,0.22,0.24,0.26,0.28,0.3,0.32,0.34]},"J":{"unit":"A\/cm2","value":[0.01115,0.01105,0.010775,0.0107,0.010524999999999998,0.010524999999999998,0.0105,0.0106,0.01065,0.010725,0.0107,0.010549999999999999,0.010125,0.0095,0.008475,0.0069500000000000004,0.004324999999999999,0.000725,-0.0042250000000000005,-0.010225]},"I":{"unit":"A","value":[0.000446,0.000442,0.000431,0.000428,0.000421,0.000421,0.00041999999999999996,0.000424,0.000426,0.000429,0.000428,0.000422,0.00040500000000000003,0.00038,0.000339,0.00027800000000000004,0.00017299999999999998,2.9e-5,-0.00016900000000000002,-0.00040899999999999997]},"efficiency":{"unit":"%","value":2.0900000000000003},"fill_factor":{"unit":"%","value":64.03062428388736},"jsc":{"unit":"mA\/cm2","value":10.775},"isc":{"unit":"mA","value":0.431},"voc":{"unit":"V","value":0.30292929292929294},"sweep_direction":{"unit":"","value":"Forward"},"key":"forward_3_52106298"},{"V":{"unit":"V","value":[-0.04,-0.02,0,0.02,0.04,0.06,0.08,0.1,0.12,0.14,0.16,0.18,0.2,0.22,0.24,0.26,0.28,0.3,0.32,0.34,0.36,0.38,0.4,0.42,0.44,0.46,0.48,0.5,0.52,0.54,0.56,0.58,0.6,0.62,0.64,0.66,0.68,0.7,0.72,0.74,0.76,0.78,0.8]},"J":{"unit":"A\/cm2","value":[0.006625,0.006549999999999999,0.0065,0.006525,0.006325,0.00635,0.006325,0.006325,0.00635,0.0063,0.006325,0.0063,0.0063,0.006325,0.006274999999999999,0.006325,0.006274999999999999,0.006325,0.0063,0.0063,0.0063,0.006274999999999999,0.006274999999999999,0.00625,0.006274999999999999,0.006225,0.006225,0.006175,0.006125,0.006075,0.0059499999999999996,0.00585,0.0056500000000000005,0.005425,0.00505,0.004475,0.003675,0.002375,0.000475,-0.00235,-0.006325,-0.0117,-0.01875]},"I":{"unit":"A","value":[0.000265,0.000262,0.00026000000000000003,0.000261,0.000253,0.000254,0.000253,0.000253,0.000254,0.000252,0.000253,0.000252,0.000252,0.000253,0.000251,0.000253,0.000251,0.000253,0.000252,0.000252,0.000252,0.000251,0.000251,0.00025,0.000251,0.000249,0.000249,0.000247,0.000245,0.000243,0.00023799999999999998,0.00023400000000000002,0.00022600000000000002,0.000217,0.000202,0.000179,0.000147,9.5e-5,1.9e-5,-9.4e-5,-0.000253,-0.00046800000000000005,-0.00075]},"efficiency":{"unit":"%","value":3.3930000000000002},"fill_factor":{"unit":"%","value":72.1629557132371},"jsc":{"unit":"mA\/cm2","value":6.5},"isc":{"unit":"mA","value":0.26},"voc":{"unit":"V","value":0.7233628318584071},"sweep_direction":{"unit":"","value":"Forward"},"key":"forward_2_52111178"},{"V":{"unit":"V","value":[-0.04,-0.02,0,0.02,0.04,0.06,0.08,0.1,0.12,0.14,0.16,0.18,0.2,0.22,0.24,0.26,0.28,0.3,0.32,0.34,0.36]},"J":{"unit":"A\/cm2","value":[0.011525,0.0116,0.011625,0.011525,0.0115,0.011425000000000001,0.011450000000000002,0.011375,0.011425000000000001,0.011349999999999999,0.011325,0.011125,0.01095,0.010575,0.010075,0.009325,0.0081,0.0059,0.002075,-0.003175,-0.009800000000000001]},"I":{"unit":"A","value":[0.00046100000000000004,0.000464,0.000465,0.00046100000000000004,0.00046,0.000457,0.000458,0.000455,0.000457,0.00045400000000000003,0.000453,0.00044500000000000003,0.000438,0.000423,0.00040300000000000004,0.000373,0.000324,0.000236,8.3e-5,-0.000127,-0.00039200000000000004]},"efficiency":{"unit":"%","value":2.4244999999999997},"fill_factor":{"unit":"%","value":63.60357152895541},"jsc":{"unit":"mA\/cm2","value":11.625},"isc":{"unit":"mA","value":0.465},"voc":{"unit":"V","value":0.3279047619047619},"sweep_direction":{"unit":"","value":"Forward"},"key":"forward_2_52106298"},{"V":{"unit":"V","value":[-0.04,-0.02,0,0.02,0.04,0.06,0.08,0.1,0.12,0.14,0.16,0.18,0.2,0.22,0.24,0.26,0.28,0.3,0.32,0.34,0.36,0.38,0.4,0.42,0.44,0.46,0.48,0.5,0.52,0.54,0.56,0.58,0.6,0.62,0.64,0.66,0.68,0.7,0.72,0.74,0.76,0.78,0.8]},"J":{"unit":"A\/cm2","value":[0.007000000000000001,0.006900000000000001,0.0068000000000000005,0.0068000000000000005,0.006600000000000001,0.006575,0.006600000000000001,0.006525,0.006575,0.006525,0.006549999999999999,0.006525,0.0065,0.006525,0.0065,0.006525,0.0065,0.006525,0.0065,0.0065,0.0065,0.00645,0.0065,0.006425,0.006425,0.0064,0.006325,0.006274999999999999,0.006125,0.00605,0.00585,0.0056749999999999995,0.005425,0.0050750000000000005,0.004625,0.00395,0.003,0.001575,-0.000475,-0.0033250000000000003,-0.007124999999999999,-0.012,-0.01805]},"I":{"unit":"A","value":[0.00028000000000000003,0.00027600000000000004,0.000272,0.000272,0.000264,0.000263,0.000264,0.000261,0.000263,0.000261,0.000262,0.000261,0.00026000000000000003,0.000261,0.00026000000000000003,0.000261,0.00026000000000000003,0.000261,0.00026000000000000003,0.00026000000000000003,0.00026000000000000003,0.000258,0.00026000000000000003,0.000257,0.000257,0.000256,0.000253,0.000251,0.000245,0.000242,0.00023400000000000002,0.00022700000000000002,0.000217,0.000203,0.000185,0.000158,0.00011999999999999999,6.3e-5,-1.9e-5,-0.000133,-0.000285,-0.00047999999999999996,-0.000722]},"efficiency":{"unit":"%","value":3.2915},"fill_factor":{"unit":"%","value":67.66385551834098},"jsc":{"unit":"mA\/cm2","value":6.800000000000001},"isc":{"unit":"mA","value":0.272},"voc":{"unit":"V","value":0.7153658536585366},"sweep_direction":{"unit":"","value":"Forward"},"key":"forward_1_52111178"},{"V":{"unit":"V","value":[-0.04,-0.02,0,0.02,0.04,0.06,0.08,0.1,0.12,0.14,0.16,0.18,0.2,0.22,0.24,0.26,0.28,0.3,0.32]},"J":{"unit":"A\/cm2","value":[0.012549999999999999,0.011949999999999999,0.011550000000000001,0.01125,0.011025,0.01095,0.01085,0.0109,0.0109,0.011025,0.010975,0.010799999999999999,0.010199999999999999,0.0092,0.007475,0.00495,0.0010500000000000002,-0.003175,-0.009800000000000001]},"I":{"unit":"A","value":[0.000502,0.00047799999999999996,0.000462,0.00045,0.000441,0.000438,0.000434,0.00043599999999999997,0.00043599999999999997,0.000441,0.000439,0.000432,0.000408,0.000368,0.000299,0.00019800000000000002,4.2000000000000004e-5,-0.000127,-0.00039200000000000004]},"efficiency":{"unit":"%","value":2.04},"fill_factor":{"unit":"%","value":61.979548690512146},"jsc":{"unit":"mA\/cm2","value":11.55},"isc":{"unit":"mA","value":0.462},"voc":{"unit":"V","value":0.2849704142011834},"sweep_direction":{"unit":"","value":"Forward"},"key":"forward_1_52106298"}]}}