{"_id":"6529536a5d0e997149349c67","id":"CAU-SC-00113","author":63,"group":7,"input":[{"tco":{"unit":"","value":"ITO"}},{"htl":[{"material":{"unit":"","value":"PEDOT:PSS"},"concentration":{"unit":"","value":"None"},"conc_unit":{"unit":"","value":"mg\/ml"},"quantity":{"unit":"ml","value":"Material"}}],"spin_coating":[{"type":{"unit":"","value":"drop&run"},"rpm":{"unit":"","value":"5000"},"time":{"unit":"s","value":"30"}}],"annealing":[{"temperature":{"unit":"oC","value":"150"},"time":{"unit":"m","value":"20"}}]},{"perovskite":{"method":{"unit":"","value":"1step"},"molarity":{"unit":"M","value":"1"},"a_site":[{"material":{"unit":"","value":"FA"},"ratio":{"unit":"","value":"75"}},{"material":{"unit":"","value":"MA"},"ratio":{"unit":"","value":"25"}}],"b_site":[{"material":{"unit":"","value":"Sn"},"ratio":{"unit":"","value":"100"}}],"x_site":[{"material":{"unit":"","value":"I"},"ratio":{"unit":"","value":"91.67"}},{"material":{"unit":"","value":"Br"},"ratio":{"unit":"","value":"8.33"}}],"solvent":[{"material":{"unit":"","value":"DMF"},"volume":{"unit":"ml","value":"0.8"}},{"material":{"unit":"","value":"DMSO"},"volume":{"unit":"ml","value":"0.2"}}],"additive":[{"material":{"unit":"","value":"SnF2"},"solvent":{"unit":"","value":"none"},"concentration":{"unit":"","value":"15.6"},"conc_unit":{"unit":"","value":"mg\/ml"},"quantity":{"unit":"mol%","value":"10"}},{"material":{"unit":"","value":"PEAI"},"solvent":{"unit":"","value":"none"},"concentration":{"unit":"","value":"24.9"},"conc_unit":{"unit":"","value":"mg\/ml"},"quantity":{"unit":"mol%","value":"10"}},{"material":{"unit":"","value":"Sn"},"solvent":{"unit":"","value":null},"concentration":{"unit":"","value":"8.3"},"conc_unit":{"unit":"","value":"mg\/ml"},"quantity":{"unit":"mol%","value":"7"}}],"stirring_time":[{"unit":"m","value":"720"}],"antisolvent":[{"material":{"unit":"","value":"CB"},"quantity":{"unit":"ul","value":"300"},"dripping_time":{"unit":"s","value":"18"}}],"spin_coating":[{"type":{"unit":"","value":"drop&run"},"rpm":{"unit":"","value":"5000"},"time":{"unit":"s","value":"60"}}],"annealing":[{"temperature":{"unit":"oC","value":"80"},"time":{"unit":"m","value":"10"}}],"atmosphere":[{"type":{"unit":"","value":"N2"},"temperature":{"unit":"oC","value":"25"},"humidity":{"unit":"RH%","value":"0"}}]}},{"etl":[{"material":{"unit":"","value":"PC61BM"},"concentration":{"unit":"","value":"20"},"conc_unit":{"unit":"","value":"mg\/ml"},"quantity":{"unit":"ml","value":"0.05"}}],"solvent":[{"material":{"unit":"","value":"CB"},"volume":{"unit":"ml","value":"1"}}],"spin_coating":[{"type":{"unit":"","value":"drop&run"},"rpm":{"unit":"","value":"400"},"time":{"unit":"s","value":"2"}},{"type":{"unit":"","value":"drop&run"},"rpm":{"unit":"","value":"1500"},"time":{"unit":"s","value":"30"}}],"annealing":[{"temperature":{"unit":"oC","value":"80"},"time":{"unit":"m","value":"10"}}]},{"anode_metal":{"unit":"","value":"Ag"}},{"note":{"unit":"","value":"FAMAPEA, PEA 10%"},"ar":{"unit":"","value":"0"},"type":{"unit":"","value":"unit_cell"},"device_type":{"unit":"","value":"p-i-n"},"temperature":{"unit":"\u2103","value":"25"},"humidity":{"unit":"%","value":"25"},"cell_dimension":{"unit":"cm2","value":"0.04"}}],"fileinfo":[{"key":"323050109","uploadType":"JV","original_name":"323050109.xlsx","save_name":"CAU-SC-00113\/323050109","uploader":63,"fileType":"group"},{"key":"323050102","uploadType":"JV","original_name":"323050102.xlsx","save_name":"CAU-SC-00113\/323050102","uploader":63,"fileType":"group"}],"updated_at":"2024-06-03 08:38:34","created_at":"2023-10-13 14:25:46","jvcnt":26,"analysisInfo":{"JV":[{"efficiency":6.29,"fill_factor":67.52348691545774,"jsc":17.724999999999998,"voc":0.5255445544554456,"key":"reverse_7_323050102","cell_dimension":null},{"efficiency":5.3865,"fill_factor":63.793604651162795,"jsc":16.875,"voc":0.5003636363636363,"key":"reverse_6_323050109","cell_dimension":null},{"efficiency":6.32,"fill_factor":68.20860514941202,"jsc":17.525,"voc":0.5287128712871287,"key":"reverse_6_323050102","cell_dimension":null},{"efficiency":5.7299999999999995,"fill_factor":67.78878176611582,"jsc":16.650000000000002,"voc":0.5076712328767122,"key":"reverse_5_323050109","cell_dimension":null},{"efficiency":6.100499999999999,"fill_factor":69.05128294961177,"jsc":16.575,"voc":0.533015873015873,"key":"reverse_5_323050102","cell_dimension":null},{"efficiency":5.7299999999999995,"fill_factor":67.1463072237556,"jsc":16.625,"voc":0.5132994923857868,"key":"reverse_4_323050109","cell_dimension":null},{"efficiency":6.32,"fill_factor":67.57681594153368,"jsc":17.724999999999998,"voc":0.5276344086021506,"key":"reverse_4_323050102","cell_dimension":null},{"efficiency":5.8235,"fill_factor":66.68715075249332,"jsc":17.349999999999998,"voc":0.5033179723502305,"key":"reverse_3_323050109","cell_dimension":null},{"efficiency":6.21,"fill_factor":66.98496467224983,"jsc":17.474999999999998,"voc":0.5305142857142858,"key":"reverse_3_323050102","cell_dimension":null},{"efficiency":5.318999999999999,"fill_factor":59.45049255248415,"jsc":17.2,"voc":0.5201709401709402,"key":"reverse_2_323050109","cell_dimension":null},{"efficiency":6.13,"fill_factor":65.44028626807813,"jsc":17.65,"voc":0.5307262569832403,"key":"reverse_2_323050102","cell_dimension":null},{"efficiency":5.6715,"fill_factor":64.91718839423527,"jsc":17.25,"voc":0.5064646464646465,"key":"reverse_1_323050109","cell_dimension":null},{"efficiency":6.04,"fill_factor":65.63290281791907,"jsc":17.299999999999997,"voc":0.531948051948052,"key":"reverse_1_323050102","cell_dimension":null},{"efficiency":6.499499999999999,"fill_factor":67.86600627136468,"jsc":17.95,"voc":0.5335353535353535,"key":"forward_7_323050102","cell_dimension":null},{"efficiency":5.77,"fill_factor":64.61776223201919,"jsc":17.150000000000002,"voc":0.5206666666666667,"key":"forward_6_323050109","cell_dimension":null},{"efficiency":6.5205,"fill_factor":68.53856178305008,"jsc":17.724999999999998,"voc":0.5367346938775511,"key":"forward_6_323050102","cell_dimension":null},{"efficiency":6.236999999999999,"fill_factor":69.5751015509601,"jsc":16.925,"voc":0.5296551724137931,"key":"forward_5_323050109","cell_dimension":null},{"efficiency":6.257999999999999,"fill_factor":68.74159071098163,"jsc":16.85,"voc":0.5402764976958526,"key":"forward_5_323050102","cell_dimension":null},{"efficiency":6.236999999999999,"fill_factor":69.05255242084722,"jsc":16.85,"voc":0.5360386473429952,"key":"forward_4_323050109","cell_dimension":null},{"efficiency":6.46,"fill_factor":67.22997068473735,"jsc":17.974999999999998,"voc":0.5345652173913044,"key":"forward_4_323050102","cell_dimension":null},{"efficiency":6.29,"fill_factor":68.38752933288636,"jsc":17.575,"voc":0.5233333333333333,"key":"forward_3_323050109","cell_dimension":null},{"efficiency":6.3839999999999995,"fill_factor":66.892148740192,"jsc":17.75,"voc":0.5376744186046513,"key":"forward_3_323050102","cell_dimension":null},{"efficiency":5.7379999999999995,"fill_factor":62.248486924745905,"jsc":17.375,"voc":0.5305263157894737,"key":"forward_2_323050109","cell_dimension":null},{"efficiency":6.17,"fill_factor":64.73864712865588,"jsc":17.799999999999997,"voc":0.5354285714285714,"key":"forward_2_323050102","cell_dimension":null},{"efficiency":6.25,"fill_factor":67.72294008538714,"jsc":17.474999999999998,"voc":0.5281132075471698,"key":"forward_1_323050109","cell_dimension":null},{"efficiency":6.17,"fill_factor":65.23131650466118,"jsc":17.549999999999997,"voc":0.538954248366013,"key":"forward_1_323050102","cell_dimension":null}]},"public":2,"analysis":{"JV":[{"V":{"unit":"V","value":[0.6,0.58,0.56,0.54,0.52,0.5,0.48,0.46,0.44,0.42,0.4,0.38,0.36,0.34,0.32,0.3,0.28,0.26,0.24,0.22,0.2,0.18,0.16,0.14,0.12,0.1,0.08,0.06,0.04,0.02,0,-0.02,-0.04]},"J":{"unit":"A\/cm2","value":[-0.02275,-0.01595,-0.00945,-0.00365,0.0014,0.005625,0.008825,0.0115,0.013450000000000002,0.014749999999999997,0.015725,0.016375,0.01675,0.017075,0.01725,0.017375,0.0175,0.017549999999999996,0.017575,0.017625,0.01765,0.017674999999999996,0.0177,0.017674999999999996,0.01775,0.0177,0.0177,0.017724999999999998,0.0177,0.0177,0.017724999999999998,0.017724999999999998,0.01775]},"I":{"unit":"A","value":[-0.00091,-0.000638,-0.000378,-0.000146,5.6e-5,0.000225,0.00035299999999999996,0.00046,0.0005380000000000001,0.0005899999999999999,0.000629,0.000655,0.00067,0.000683,0.00069,0.000695,0.0007,0.0007019999999999999,0.000703,0.000705,0.0007059999999999999,0.000707,0.000708,0.000707,0.0007099999999999999,0.000708,0.000708,0.000709,0.000708,0.000708,0.000709,0.000709,0.0007099999999999999]},"efficiency":{"unit":"%","value":6.29},"fill_factor":{"unit":"%","value":67.52348691545774},"jsc":{"unit":"mA\/cm2","value":17.724999999999998},"isc":{"unit":"mA","value":0.709},"voc":{"unit":"V","value":0.5255445544554456},"sweep_direction":{"unit":"","value":"Reverse"},"key":"reverse_7_323050102"},{"V":{"unit":"V","value":[0.7,0.68,0.66,0.64,0.62,0.6,0.58,0.56,0.54,0.52,0.5,0.48,0.46,0.44,0.42,0.4,0.38,0.36,0.34,0.32,0.3,0.28,0.26,0.24,0.22,0.2,0.18,0.16,0.14,0.12,0.1,0.08,0.06,0.04,0.02,0,-0.02,-0.04]},"J":{"unit":"A\/cm2","value":[-0.09190000000000001,-0.081125,-0.0693,-0.057425000000000004,-0.048075,-0.03775,-0.028249999999999997,-0.019425,-0.011975,-0.005399999999999999,0.0001,0.004575,0.007925,0.01025,0.012049999999999998,0.013300000000000001,0.014174999999999998,0.014825,0.01525,0.01555,0.015775,0.01595,0.0161,0.0162,0.016274999999999998,0.016375,0.016375,0.0165,0.016525,0.016575,0.016625,0.016675000000000002,0.01675,0.016825,0.016800000000000002,0.016875,0.01695,0.016975]},"I":{"unit":"A","value":[-0.003676,-0.003245,-0.0027719999999999997,-0.002297,-0.001923,-0.00151,-0.00113,-0.000777,-0.000479,-0.000216,4.0e-6,0.000183,0.000317,0.00041,0.000482,0.000532,0.0005669999999999999,0.000593,0.00061,0.000622,0.000631,0.000638,0.000644,0.000648,0.000651,0.000655,0.000655,0.00066,0.000661,0.0006630000000000001,0.000665,0.0006670000000000001,0.00067,0.0006730000000000001,0.0006720000000000001,0.000675,0.000678,0.000679]},"efficiency":{"unit":"%","value":5.3865},"fill_factor":{"unit":"%","value":63.793604651162795},"jsc":{"unit":"mA\/cm2","value":16.875},"isc":{"unit":"mA","value":0.675},"voc":{"unit":"V","value":0.5003636363636363},"sweep_direction":{"unit":"","value":"Reverse"},"key":"reverse_6_323050109"},{"V":{"unit":"V","value":[0.6,0.58,0.56,0.54,0.52,0.5,0.48,0.46,0.44,0.42,0.4,0.38,0.36,0.34,0.32,0.3,0.28,0.26,0.24,0.22,0.2,0.18,0.16,0.14,0.12,0.1,0.08,0.06,0.04,0.02,0,-0.02,-0.04]},"J":{"unit":"A\/cm2","value":[-0.022125,-0.0153,-0.008725,-0.00285,0.0021999999999999997,0.0064,0.0095,0.011975,0.01375,0.014975,0.0158,0.01635,0.016675000000000002,0.016975,0.0171,0.017224999999999997,0.017325,0.017349999999999997,0.017375,0.01745,0.0174,0.01745,0.017474999999999997,0.01745,0.0175,0.017474999999999997,0.017525,0.017474999999999997,0.017474999999999997,0.0175,0.017525,0.0175,0.017525]},"I":{"unit":"A","value":[-0.000885,-0.000612,-0.00034899999999999997,-0.000114,8.8e-5,0.000256,0.00038,0.000479,0.00055,0.0005989999999999999,0.000632,0.0006540000000000001,0.0006670000000000001,0.000679,0.000684,0.0006889999999999999,0.0006929999999999999,0.000694,0.000695,0.0006979999999999999,0.000696,0.0006979999999999999,0.000699,0.0006979999999999999,0.0007,0.000699,0.0007009999999999999,0.000699,0.000699,0.0007,0.0007009999999999999,0.0007,0.0007009999999999999]},"efficiency":{"unit":"%","value":6.32},"fill_factor":{"unit":"%","value":68.20860514941202},"jsc":{"unit":"mA\/cm2","value":17.525},"isc":{"unit":"mA","value":0.701},"voc":{"unit":"V","value":0.5287128712871287},"sweep_direction":{"unit":"","value":"Reverse"},"key":"reverse_6_323050102"},{"V":{"unit":"V","value":[0.7,0.68,0.66,0.64,0.62,0.6,0.58,0.56,0.54,0.52,0.5,0.48,0.46,0.44,0.42,0.4,0.38,0.36,0.34,0.32,0.3,0.28,0.26,0.24,0.22,0.2,0.18,0.16,0.14,0.12,0.1,0.08,0.06,0.04,0.02,0,-0.02,-0.04]},"J":{"unit":"A\/cm2","value":[-0.10075,-0.087075,-0.07339999999999999,-0.060325,-0.049175,-0.037774999999999996,-0.027375,-0.018099999999999998,-0.010075,-0.003375,0.0021000000000000003,0.006325,0.0093,0.011625,0.013200000000000002,0.014325,0.015075,0.01555,0.015925,0.016149999999999998,0.016300000000000002,0.016399999999999998,0.01645,0.016525,0.016575,0.016550000000000002,0.0166,0.0166,0.016625,0.01665,0.016625,0.016625,0.01665,0.01665,0.016675000000000002,0.01665,0.01665,0.0167]},"I":{"unit":"A","value":[-0.004030000000000001,-0.003483,-0.002936,-0.0024129999999999998,-0.001967,-0.001511,-0.001095,-0.0007239999999999999,-0.00040300000000000004,-0.000135,8.400000000000001e-5,0.000253,0.000372,0.000465,0.000528,0.0005729999999999999,0.000603,0.000622,0.000637,0.000646,0.000652,0.000656,0.0006580000000000001,0.000661,0.0006630000000000001,0.000662,0.000664,0.000664,0.000665,0.000666,0.000665,0.000665,0.000666,0.000666,0.0006670000000000001,0.000666,0.000666,0.0006680000000000001]},"efficiency":{"unit":"%","value":5.7299999999999995},"fill_factor":{"unit":"%","value":67.78878176611582},"jsc":{"unit":"mA\/cm2","value":16.650000000000002},"isc":{"unit":"mA","value":0.666},"voc":{"unit":"V","value":0.5076712328767122},"sweep_direction":{"unit":"","value":"Reverse"},"key":"reverse_5_323050109"},{"V":{"unit":"V","value":[0.6,0.58,0.56,0.54,0.52,0.5,0.48,0.46,0.44,0.42,0.4,0.38,0.36,0.34,0.32,0.3,0.28,0.26,0.24,0.22,0.2,0.18,0.16,0.14,0.12,0.1,0.08,0.06,0.04,0.02,0,-0.02,-0.04]},"J":{"unit":"A\/cm2","value":[-0.0195,-0.01315,-0.007075,-0.0016500000000000002,0.0030749999999999996,0.006875,0.009699999999999999,0.011949999999999999,0.013450000000000002,0.014524999999999998,0.0152,0.01565,0.01595,0.016125,0.01625,0.01635,0.01635,0.016475,0.016475,0.016475,0.016525,0.0165,0.016525,0.016575,0.016525,0.016550000000000002,0.0166,0.016525,0.0166,0.016575,0.016575,0.016575,0.016625]},"I":{"unit":"A","value":[-0.00078,-0.000526,-0.000283,-6.6e-5,0.000123,0.000275,0.000388,0.00047799999999999996,0.0005380000000000001,0.0005809999999999999,0.000608,0.000626,0.000638,0.0006450000000000001,0.00065,0.0006540000000000001,0.0006540000000000001,0.0006590000000000001,0.0006590000000000001,0.0006590000000000001,0.000661,0.00066,0.000661,0.0006630000000000001,0.000661,0.000662,0.000664,0.000661,0.000664,0.0006630000000000001,0.0006630000000000001,0.0006630000000000001,0.000665]},"efficiency":{"unit":"%","value":6.100499999999999},"fill_factor":{"unit":"%","value":69.05128294961177},"jsc":{"unit":"mA\/cm2","value":16.575},"isc":{"unit":"mA","value":0.663},"voc":{"unit":"V","value":0.533015873015873},"sweep_direction":{"unit":"","value":"Reverse"},"key":"reverse_5_323050102"},{"V":{"unit":"V","value":[0.7,0.68,0.66,0.64,0.62,0.6,0.58,0.56,0.54,0.52,0.5,0.48,0.46,0.44,0.42,0.4,0.38,0.36,0.34,0.32,0.3,0.28,0.26,0.24,0.22,0.2,0.18,0.16,0.14,0.12,0.1,0.08,0.06,0.04,0.02,0,-0.02,-0.04]},"J":{"unit":"A\/cm2","value":[-0.09225,-0.079425,-0.06664999999999999,-0.05437499999999999,-0.044025,-0.033375,-0.023725,-0.015149999999999999,-0.007775,-0.0016500000000000002,0.0032749999999999997,0.0070999999999999995,0.009775,0.01185,0.013275,0.014325,0.015,0.015449999999999998,0.015825,0.016024999999999998,0.0162,0.016325,0.016399999999999998,0.016425000000000002,0.0165,0.016475,0.016550000000000002,0.016550000000000002,0.016550000000000002,0.016575,0.016575,0.016550000000000002,0.0166,0.016575,0.0166,0.016625,0.016575,0.0166]},"I":{"unit":"A","value":[-0.00369,-0.003177,-0.002666,-0.002175,-0.001761,-0.001335,-0.000949,-0.000606,-0.000311,-6.6e-5,0.000131,0.00028399999999999996,0.000391,0.000474,0.000531,0.0005729999999999999,0.0006,0.000618,0.000633,0.000641,0.000648,0.000653,0.000656,0.000657,0.00066,0.0006590000000000001,0.000662,0.000662,0.000662,0.0006630000000000001,0.0006630000000000001,0.000662,0.000664,0.0006630000000000001,0.000664,0.000665,0.0006630000000000001,0.000664]},"efficiency":{"unit":"%","value":5.7299999999999995},"fill_factor":{"unit":"%","value":67.1463072237556},"jsc":{"unit":"mA\/cm2","value":16.625},"isc":{"unit":"mA","value":0.665},"voc":{"unit":"V","value":0.5132994923857868},"sweep_direction":{"unit":"","value":"Reverse"},"key":"reverse_4_323050109"},{"V":{"unit":"V","value":[0.6,0.58,0.56,0.54,0.52,0.5,0.48,0.46,0.44,0.42,0.4,0.38,0.36,0.34,0.32,0.3,0.28,0.26,0.24,0.22,0.2,0.18,0.16,0.14,0.12,0.1,0.08,0.06,0.04,0.02,0,-0.02,-0.04]},"J":{"unit":"A\/cm2","value":[-0.0198,-0.013875000000000002,-0.0081,-0.002875,0.0017749999999999999,0.0058,0.008875,0.011474999999999999,0.013450000000000002,0.014825,0.0158,0.016375,0.01685,0.017125,0.017275,0.01745,0.017525,0.017525,0.017625,0.01765,0.017625,0.0177,0.0177,0.0177,0.01775,0.0177,0.01775,0.017724999999999998,0.017724999999999998,0.01775,0.017724999999999998,0.01775,0.01775]},"I":{"unit":"A","value":[-0.0007920000000000001,-0.000555,-0.000324,-0.000115,7.099999999999999e-5,0.000232,0.00035499999999999996,0.00045900000000000004,0.0005380000000000001,0.000593,0.000632,0.000655,0.000674,0.0006850000000000001,0.000691,0.0006979999999999999,0.0007009999999999999,0.0007009999999999999,0.000705,0.0007059999999999999,0.000705,0.000708,0.000708,0.000708,0.0007099999999999999,0.000708,0.0007099999999999999,0.000709,0.000709,0.0007099999999999999,0.000709,0.0007099999999999999,0.0007099999999999999]},"efficiency":{"unit":"%","value":6.32},"fill_factor":{"unit":"%","value":67.57681594153368},"jsc":{"unit":"mA\/cm2","value":17.724999999999998},"isc":{"unit":"mA","value":0.709},"voc":{"unit":"V","value":0.5276344086021506},"sweep_direction":{"unit":"","value":"Reverse"},"key":"reverse_4_323050102"},{"V":{"unit":"V","value":[0.7,0.68,0.66,0.64,0.62,0.6,0.58,0.56,0.54,0.52,0.5,0.48,0.46,0.44,0.42,0.4,0.38,0.36,0.34,0.32,0.3,0.28,0.26,0.24,0.22,0.2,0.18,0.16,0.14,0.12,0.1,0.08,0.06,0.04,0.02,0,-0.02,-0.04]},"J":{"unit":"A\/cm2","value":[-0.088325,-0.076825,-0.0655,-0.054549999999999994,-0.045425,-0.035699999999999996,-0.026624999999999996,-0.018375,-0.010975,-0.0045249999999999995,0.0008999999999999999,0.005325,0.00875,0.011175000000000001,0.013099999999999999,0.014374999999999999,0.015325,0.01595,0.016375,0.0167,0.016875,0.017025000000000002,0.017125,0.017175,0.0172,0.017224999999999997,0.01725,0.017275,0.017275,0.017275,0.017325,0.017325,0.017275,0.017349999999999997,0.017299999999999996,0.017349999999999997,0.017349999999999997,0.017299999999999996]},"I":{"unit":"A","value":[-0.003533,-0.0030729999999999998,-0.00262,-0.002182,-0.001817,-0.001428,-0.001065,-0.000735,-0.000439,-0.00018099999999999998,3.5999999999999994e-5,0.000213,0.00035,0.000447,0.000524,0.000575,0.0006129999999999999,0.000638,0.000655,0.0006680000000000001,0.000675,0.0006810000000000001,0.0006850000000000001,0.000687,0.0006879999999999999,0.0006889999999999999,0.00069,0.000691,0.000691,0.000691,0.0006929999999999999,0.0006929999999999999,0.000691,0.000694,0.0006919999999999999,0.000694,0.000694,0.0006919999999999999]},"efficiency":{"unit":"%","value":5.8235},"fill_factor":{"unit":"%","value":66.68715075249332},"jsc":{"unit":"mA\/cm2","value":17.349999999999998},"isc":{"unit":"mA","value":0.694},"voc":{"unit":"V","value":0.5033179723502305},"sweep_direction":{"unit":"","value":"Reverse"},"key":"reverse_3_323050109"},{"V":{"unit":"V","value":[0.6,0.58,0.56,0.54,0.52,0.5,0.48,0.46,0.44,0.42,0.4,0.38,0.36,0.34,0.32,0.3,0.28,0.26,0.24,0.22,0.2,0.18,0.16,0.14,0.12,0.1,0.08,0.06,0.04,0.02,0,-0.02,-0.04]},"J":{"unit":"A\/cm2","value":[-0.017849999999999998,-0.01235,-0.006975,-0.002075,0.0023,0.006075,0.009049999999999999,0.011474999999999999,0.013349999999999999,0.014674999999999999,0.015525,0.016175000000000002,0.016525,0.016800000000000002,0.017,0.017125,0.017150000000000002,0.017275,0.017275,0.017349999999999997,0.017349999999999997,0.017375,0.0174,0.017375,0.017424999999999996,0.017424999999999996,0.0174,0.017424999999999996,0.01745,0.017424999999999996,0.017474999999999997,0.017424999999999996,0.017474999999999997]},"I":{"unit":"A","value":[-0.000714,-0.000494,-0.000279,-8.3e-5,9.2e-5,0.000243,0.00036199999999999996,0.00045900000000000004,0.0005340000000000001,0.000587,0.000621,0.000647,0.000661,0.0006720000000000001,0.00068,0.0006850000000000001,0.0006860000000000001,0.000691,0.000691,0.000694,0.000694,0.000695,0.000696,0.000695,0.0006969999999999999,0.0006969999999999999,0.000696,0.0006969999999999999,0.0006979999999999999,0.0006969999999999999,0.000699,0.0006969999999999999,0.000699]},"efficiency":{"unit":"%","value":6.21},"fill_factor":{"unit":"%","value":66.98496467224983},"jsc":{"unit":"mA\/cm2","value":17.474999999999998},"isc":{"unit":"mA","value":0.699},"voc":{"unit":"V","value":0.5305142857142858},"sweep_direction":{"unit":"","value":"Reverse"},"key":"reverse_3_323050102"},{"V":{"unit":"V","value":[0.7,0.68,0.66,0.64,0.62,0.6,0.58,0.56,0.54,0.52,0.5,0.48,0.46,0.44,0.42,0.4,0.38,0.36,0.34,0.32,0.3,0.28,0.26,0.24,0.22,0.2,0.18,0.16,0.14,0.12,0.1,0.08,0.06,0.04,0.02,0,-0.02,-0.04]},"J":{"unit":"A\/cm2","value":[-0.03095,-0.027024999999999997,-0.023325,-0.019625,-0.0161,-0.012549999999999999,-0.009224999999999999,-0.006,-0.0029,2.5e-5,0.00265,0.005149999999999999,0.007449999999999999,0.0095,0.011224999999999999,0.0127,0.013900000000000001,0.014774999999999998,0.015475,0.015975,0.016325,0.016575,0.01675,0.016875,0.016975,0.017,0.017075,0.017125,0.017125,0.017150000000000002,0.017150000000000002,0.017150000000000002,0.0172,0.017175,0.0172,0.0172,0.0172,0.017224999999999997]},"I":{"unit":"A","value":[-0.001238,-0.001081,-0.000933,-0.000785,-0.000644,-0.000502,-0.00036899999999999997,-0.00023999999999999998,-0.000116,1.0e-6,0.000106,0.000206,0.000298,0.00038,0.000449,0.000508,0.0005560000000000001,0.0005909999999999999,0.000619,0.000639,0.000653,0.0006630000000000001,0.00067,0.000675,0.000679,0.00068,0.000683,0.0006850000000000001,0.0006850000000000001,0.0006860000000000001,0.0006860000000000001,0.0006860000000000001,0.0006879999999999999,0.000687,0.0006879999999999999,0.0006879999999999999,0.0006879999999999999,0.0006889999999999999]},"efficiency":{"unit":"%","value":5.318999999999999},"fill_factor":{"unit":"%","value":59.45049255248415},"jsc":{"unit":"mA\/cm2","value":17.2},"isc":{"unit":"mA","value":0.688},"voc":{"unit":"V","value":0.5201709401709402},"sweep_direction":{"unit":"","value":"Reverse"},"key":"reverse_2_323050109"},{"V":{"unit":"V","value":[0.6,0.58,0.56,0.54,0.52,0.5,0.48,0.46,0.44,0.42,0.4,0.38,0.36,0.34,0.32,0.3,0.28,0.26,0.24,0.22,0.2,0.18,0.16,0.14,0.12,0.1,0.08,0.06,0.04,0.02,0,-0.02,-0.04]},"J":{"unit":"A\/cm2","value":[-0.019725000000000003,-0.013300000000000001,-0.00735,-0.002075,0.0024,0.006225,0.009075,0.011425000000000001,0.013175000000000001,0.01445,0.015325,0.015975,0.016425000000000002,0.016725,0.016975,0.017125,0.017275,0.017325,0.0174,0.017474999999999997,0.01745,0.017525,0.017525,0.017525,0.017549999999999996,0.017575,0.017575,0.017599999999999998,0.017549999999999996,0.017599999999999998,0.01765,0.017549999999999996,0.017625]},"I":{"unit":"A","value":[-0.000789,-0.000532,-0.000294,-8.3e-5,9.6e-5,0.000249,0.000363,0.000457,0.000527,0.000578,0.0006129999999999999,0.000639,0.000657,0.000669,0.000679,0.0006850000000000001,0.000691,0.0006929999999999999,0.000696,0.000699,0.0006979999999999999,0.0007009999999999999,0.0007009999999999999,0.0007009999999999999,0.0007019999999999999,0.000703,0.000703,0.000704,0.0007019999999999999,0.000704,0.0007059999999999999,0.0007019999999999999,0.000705]},"efficiency":{"unit":"%","value":6.13},"fill_factor":{"unit":"%","value":65.44028626807813},"jsc":{"unit":"mA\/cm2","value":17.65},"isc":{"unit":"mA","value":0.706},"voc":{"unit":"V","value":0.5307262569832403},"sweep_direction":{"unit":"","value":"Reverse"},"key":"reverse_2_323050102"},{"V":{"unit":"V","value":[0.7,0.68,0.66,0.64,0.62,0.6,0.58,0.56,0.54,0.52,0.5,0.48,0.46,0.44,0.42,0.4,0.38,0.36,0.34,0.32,0.3,0.28,0.26,0.24,0.22,0.2,0.18,0.16,0.14,0.12,0.1,0.08,0.06,0.04,0.02,0,-0.02,-0.04]},"J":{"unit":"A\/cm2","value":[-0.082025,-0.071125,-0.060375,-0.050124999999999996,-0.0415,-0.03232499999999999,-0.023849999999999996,-0.016125,-0.0093,-0.00335,0.0016,0.0056,0.008575000000000001,0.010975,0.012725,0.014000000000000002,0.014924999999999999,0.015574999999999999,0.016075,0.016399999999999998,0.016675000000000002,0.01685,0.01695,0.017075,0.017125,0.017125,0.0172,0.017224999999999997,0.0172,0.017275,0.017224999999999997,0.017275,0.017299999999999996,0.01725,0.017299999999999996,0.01725,0.017275,0.017325]},"I":{"unit":"A","value":[-0.003281,-0.0028450000000000003,-0.002415,-0.002005,-0.00166,-0.0012929999999999999,-0.000954,-0.0006450000000000001,-0.000372,-0.000134,6.4e-5,0.000224,0.00034300000000000004,0.000439,0.000509,0.0005600000000000001,0.000597,0.000623,0.000643,0.000656,0.0006670000000000001,0.000674,0.000678,0.000683,0.0006850000000000001,0.0006850000000000001,0.0006879999999999999,0.0006889999999999999,0.0006879999999999999,0.000691,0.0006889999999999999,0.000691,0.0006919999999999999,0.00069,0.0006919999999999999,0.00069,0.000691,0.0006929999999999999]},"efficiency":{"unit":"%","value":5.6715},"fill_factor":{"unit":"%","value":64.91718839423527},"jsc":{"unit":"mA\/cm2","value":17.25},"isc":{"unit":"mA","value":0.69},"voc":{"unit":"V","value":0.5064646464646465},"sweep_direction":{"unit":"","value":"Reverse"},"key":"reverse_1_323050109"},{"V":{"unit":"V","value":[0.6,0.58,0.56,0.54,0.52,0.5,0.48,0.46,0.44,0.42,0.4,0.38,0.36,0.34,0.32,0.3,0.28,0.26,0.24,0.22,0.2,0.18,0.16,0.14,0.12,0.1,0.08,0.06,0.04,0.02,0,-0.02,-0.04]},"J":{"unit":"A\/cm2","value":[-0.015125,-0.010375,-0.0058,-0.00155,0.0023,0.005475,0.008425,0.010799999999999999,0.0127,0.014174999999999998,0.015099999999999999,0.01585,0.016325,0.0166,0.01685,0.016975,0.017025000000000002,0.017125,0.017175,0.017175,0.017224999999999997,0.0172,0.017224999999999997,0.017224999999999997,0.01725,0.017275,0.017275,0.017224999999999997,0.017299999999999996,0.017275,0.017299999999999996,0.017299999999999996,0.017299999999999996]},"I":{"unit":"A","value":[-0.000605,-0.000415,-0.000232,-6.2e-5,9.2e-5,0.000219,0.000337,0.000432,0.000508,0.0005669999999999999,0.0006039999999999999,0.000634,0.000653,0.000664,0.000674,0.000679,0.0006810000000000001,0.0006850000000000001,0.000687,0.000687,0.0006889999999999999,0.0006879999999999999,0.0006889999999999999,0.0006889999999999999,0.00069,0.000691,0.000691,0.0006889999999999999,0.0006919999999999999,0.000691,0.0006919999999999999,0.0006919999999999999,0.0006919999999999999]},"efficiency":{"unit":"%","value":6.04},"fill_factor":{"unit":"%","value":65.63290281791907},"jsc":{"unit":"mA\/cm2","value":17.299999999999997},"isc":{"unit":"mA","value":0.692},"voc":{"unit":"V","value":0.531948051948052},"sweep_direction":{"unit":"","value":"Reverse"},"key":"reverse_1_323050102"},{"V":{"unit":"V","value":[-0.04,-0.02,0,0.02,0.04,0.06,0.08,0.1,0.12,0.14,0.16,0.18,0.2,0.22,0.24,0.26,0.28,0.3,0.32,0.34,0.36,0.38,0.4,0.42,0.44,0.46,0.48,0.5,0.52,0.54,0.56,0.58,0.6]},"J":{"unit":"A\/cm2","value":[0.0182,0.01795,0.01795,0.017875,0.017875,0.017875,0.017825,0.017825,0.017849999999999998,0.017775,0.017825,0.017799999999999996,0.01775,0.01775,0.017724999999999998,0.017674999999999996,0.017625,0.017525,0.01745,0.017275,0.017025000000000002,0.0167,0.016175000000000002,0.015475,0.014399999999999998,0.01275,0.010475,0.007374999999999999,0.00335,-0.0016,-0.007549999999999999,-0.014524999999999998,-0.0221]},"I":{"unit":"A","value":[0.000728,0.000718,0.000718,0.0007149999999999999,0.0007149999999999999,0.0007149999999999999,0.000713,0.000713,0.000714,0.0007109999999999999,0.000713,0.000712,0.0007099999999999999,0.0007099999999999999,0.000709,0.000707,0.000705,0.0007009999999999999,0.0006979999999999999,0.000691,0.0006810000000000001,0.0006680000000000001,0.000647,0.000619,0.0005759999999999999,0.00051,0.000419,0.00029499999999999996,0.000134,-6.4e-5,-0.00030199999999999997,-0.0005809999999999999,-0.000884]},"efficiency":{"unit":"%","value":6.499499999999999},"fill_factor":{"unit":"%","value":67.86600627136468},"jsc":{"unit":"mA\/cm2","value":17.95},"isc":{"unit":"mA","value":0.718},"voc":{"unit":"V","value":0.5335353535353535},"sweep_direction":{"unit":"","value":"Forward"},"key":"forward_7_323050102"},{"V":{"unit":"V","value":[-0.04,-0.02,0,0.02,0.04,0.06,0.08,0.1,0.12,0.14,0.16,0.18,0.2,0.22,0.24,0.26,0.28,0.3,0.32,0.34,0.36,0.38,0.4,0.42,0.44,0.46,0.48,0.5,0.52,0.54,0.56,0.58,0.6,0.62,0.64,0.66,0.68,0.7]},"J":{"unit":"A\/cm2","value":[0.017474999999999997,0.017224999999999997,0.017150000000000002,0.017025000000000002,0.017,0.016925,0.01685,0.016825,0.016725,0.016725,0.0166,0.016550000000000002,0.016475,0.016375,0.016274999999999998,0.0162,0.016024999999999998,0.01595,0.01575,0.015525,0.015274999999999999,0.014924999999999999,0.014424999999999999,0.0137,0.012525,0.010875,0.008375,0.004849999999999999,0.0002,-0.0058,-0.013200000000000002,-0.0217,-0.03137499999999999,-0.0418,-0.051875,-0.06055000000000001,-0.06935,-0.06322499999999999]},"I":{"unit":"A","value":[0.000699,0.0006889999999999999,0.0006860000000000001,0.0006810000000000001,0.00068,0.0006770000000000001,0.000674,0.0006730000000000001,0.000669,0.000669,0.000664,0.000662,0.0006590000000000001,0.000655,0.000651,0.000648,0.000641,0.000638,0.00063,0.000621,0.000611,0.000597,0.0005769999999999999,0.0005480000000000001,0.000501,0.000435,0.000335,0.000194,8.0e-6,-0.000232,-0.000528,-0.000868,-0.0012549999999999998,-0.0016719999999999999,-0.002075,-0.002422,-0.002774,-0.002529]},"efficiency":{"unit":"%","value":5.77},"fill_factor":{"unit":"%","value":64.61776223201919},"jsc":{"unit":"mA\/cm2","value":17.150000000000002},"isc":{"unit":"mA","value":0.686},"voc":{"unit":"V","value":0.5206666666666667},"sweep_direction":{"unit":"","value":"Forward"},"key":"forward_6_323050109"},{"V":{"unit":"V","value":[-0.04,-0.02,0,0.02,0.04,0.06,0.08,0.1,0.12,0.14,0.16,0.18,0.2,0.22,0.24,0.26,0.28,0.3,0.32,0.34,0.36,0.38,0.4,0.42,0.44,0.46,0.48,0.5,0.52,0.54,0.56,0.58,0.6]},"J":{"unit":"A\/cm2","value":[0.018025,0.017775,0.017724999999999998,0.0177,0.017674999999999996,0.017674999999999996,0.017625,0.017625,0.017625,0.017575,0.017599999999999998,0.017599999999999998,0.017525,0.017525,0.0175,0.017474999999999997,0.017424999999999996,0.017349999999999997,0.01725,0.017125,0.016900000000000002,0.01665,0.016225,0.015525,0.014575,0.013099999999999999,0.010975,0.008025000000000001,0.0040999999999999995,-0.0008,-0.0067,-0.0137,-0.021425]},"I":{"unit":"A","value":[0.000721,0.0007109999999999999,0.000709,0.000708,0.000707,0.000707,0.000705,0.000705,0.000705,0.000703,0.000704,0.000704,0.0007009999999999999,0.0007009999999999999,0.0007,0.000699,0.0006969999999999999,0.000694,0.00069,0.0006850000000000001,0.0006760000000000001,0.000666,0.0006490000000000001,0.000621,0.000583,0.000524,0.000439,0.000321,0.000164,-3.2e-5,-0.000268,-0.0005480000000000001,-0.000857]},"efficiency":{"unit":"%","value":6.5205},"fill_factor":{"unit":"%","value":68.53856178305008},"jsc":{"unit":"mA\/cm2","value":17.724999999999998},"isc":{"unit":"mA","value":0.709},"voc":{"unit":"V","value":0.5367346938775511},"sweep_direction":{"unit":"","value":"Forward"},"key":"forward_6_323050102"},{"V":{"unit":"V","value":[-0.04,-0.02,0,0.02,0.04,0.06,0.08,0.1,0.12,0.14,0.16,0.18,0.2,0.22,0.24,0.26,0.28,0.3,0.32,0.34,0.36,0.38,0.4,0.42,0.44,0.46,0.48,0.5,0.52,0.54,0.56,0.58,0.6,0.62,0.64,0.66,0.68,0.7]},"J":{"unit":"A\/cm2","value":[0.017175,0.016975,0.016925,0.016875,0.016875,0.016800000000000002,0.016875,0.016825,0.016825,0.016825,0.016775,0.01675,0.016775,0.0167,0.016725,0.016675000000000002,0.0166,0.016550000000000002,0.01645,0.016325,0.016125,0.01585,0.015425,0.01485,0.013850000000000001,0.01245,0.01025,0.007124999999999999,0.0028,-0.003,-0.010399999999999998,-0.019125,-0.029349999999999998,-0.0409,-0.05377499999999999,-0.067925,-0.08305,-0.099375]},"I":{"unit":"A","value":[0.000687,0.000679,0.0006770000000000001,0.000675,0.000675,0.0006720000000000001,0.000675,0.0006730000000000001,0.0006730000000000001,0.0006730000000000001,0.000671,0.00067,0.000671,0.0006680000000000001,0.000669,0.0006670000000000001,0.000664,0.000662,0.0006580000000000001,0.000653,0.0006450000000000001,0.000634,0.000617,0.000594,0.000554,0.000498,0.00041,0.000285,0.000112,-0.00011999999999999999,-0.000416,-0.0007650000000000001,-0.001174,-0.0016359999999999999,-0.0021509999999999997,-0.0027170000000000002,-0.003322,-0.003975]},"efficiency":{"unit":"%","value":6.236999999999999},"fill_factor":{"unit":"%","value":69.5751015509601},"jsc":{"unit":"mA\/cm2","value":16.925},"isc":{"unit":"mA","value":0.677},"voc":{"unit":"V","value":0.5296551724137931},"sweep_direction":{"unit":"","value":"Forward"},"key":"forward_5_323050109"},{"V":{"unit":"V","value":[-0.04,-0.02,0,0.02,0.04,0.06,0.08,0.1,0.12,0.14,0.16,0.18,0.2,0.22,0.24,0.26,0.28,0.3,0.32,0.34,0.36,0.38,0.4,0.42,0.44,0.46,0.48,0.5,0.52,0.54,0.56,0.58,0.6]},"J":{"unit":"A\/cm2","value":[0.017150000000000002,0.016875,0.01685,0.016800000000000002,0.016725,0.016725,0.01675,0.0167,0.0167,0.016675000000000002,0.016675000000000002,0.016675000000000002,0.0166,0.016625,0.016575,0.016550000000000002,0.0165,0.01645,0.016325,0.016274999999999998,0.016075,0.015825,0.0155,0.014899999999999998,0.01405,0.012775,0.010825,0.008175,0.0046,7.5e-5,-0.00535,-0.011824999999999999,-0.018949999999999998]},"I":{"unit":"A","value":[0.0006860000000000001,0.000675,0.000674,0.0006720000000000001,0.000669,0.000669,0.00067,0.0006680000000000001,0.0006680000000000001,0.0006670000000000001,0.0006670000000000001,0.0006670000000000001,0.000664,0.000665,0.0006630000000000001,0.000662,0.00066,0.0006580000000000001,0.000653,0.000651,0.000643,0.000633,0.00062,0.000596,0.0005620000000000001,0.0005110000000000001,0.000433,0.00032700000000000003,0.000184,3.0e-6,-0.000214,-0.00047299999999999995,-0.000758]},"efficiency":{"unit":"%","value":6.257999999999999},"fill_factor":{"unit":"%","value":68.74159071098163},"jsc":{"unit":"mA\/cm2","value":16.85},"isc":{"unit":"mA","value":0.674},"voc":{"unit":"V","value":0.5402764976958526},"sweep_direction":{"unit":"","value":"Forward"},"key":"forward_5_323050102"},{"V":{"unit":"V","value":[-0.04,-0.02,0,0.02,0.04,0.06,0.08,0.1,0.12,0.14,0.16,0.18,0.2,0.22,0.24,0.26,0.28,0.3,0.32,0.34,0.36,0.38,0.4,0.42,0.44,0.46,0.48,0.5,0.52,0.54,0.56,0.58,0.6,0.62,0.64,0.66,0.68,0.7]},"J":{"unit":"A\/cm2","value":[0.01705,0.016875,0.01685,0.016825,0.016800000000000002,0.016800000000000002,0.016800000000000002,0.01675,0.01675,0.016725,0.016725,0.016725,0.016675000000000002,0.016675000000000002,0.01665,0.016575,0.0166,0.016475,0.016399999999999998,0.016274999999999998,0.016050000000000002,0.015825,0.0154,0.01485,0.014025000000000001,0.012725,0.010775,0.008025000000000001,0.00415,-0.0010249999999999999,-0.007549999999999999,-0.015725,-0.025124999999999998,-0.0359,-0.0479,-0.061099999999999995,-0.075575,-0.09085]},"I":{"unit":"A","value":[0.0006820000000000001,0.000675,0.000674,0.0006730000000000001,0.0006720000000000001,0.0006720000000000001,0.0006720000000000001,0.00067,0.00067,0.000669,0.000669,0.000669,0.0006670000000000001,0.0006670000000000001,0.000666,0.0006630000000000001,0.000664,0.0006590000000000001,0.000656,0.000651,0.000642,0.000633,0.000616,0.000594,0.0005610000000000001,0.000509,0.000431,0.000321,0.000166,-4.1e-5,-0.00030199999999999997,-0.000629,-0.0010049999999999998,-0.001436,-0.001916,-0.002444,-0.003023,-0.003634]},"efficiency":{"unit":"%","value":6.236999999999999},"fill_factor":{"unit":"%","value":69.05255242084722},"jsc":{"unit":"mA\/cm2","value":16.85},"isc":{"unit":"mA","value":0.674},"voc":{"unit":"V","value":0.5360386473429952},"sweep_direction":{"unit":"","value":"Forward"},"key":"forward_4_323050109"},{"V":{"unit":"V","value":[-0.04,-0.02,0,0.02,0.04,0.06,0.08,0.1,0.12,0.14,0.16,0.18,0.2,0.22,0.24,0.26,0.28,0.3,0.32,0.34,0.36,0.38,0.4,0.42,0.44,0.46,0.48,0.5,0.52,0.54,0.56,0.58,0.6]},"J":{"unit":"A\/cm2","value":[0.018275,0.01805,0.017974999999999998,0.017974999999999998,0.0179,0.017924999999999996,0.017875,0.017875,0.017875,0.017849999999999998,0.017799999999999996,0.017825,0.017775,0.017775,0.01775,0.017674999999999996,0.017625,0.017549999999999996,0.01745,0.017275,0.017025000000000002,0.0167,0.016149999999999998,0.015349999999999999,0.014224999999999998,0.012549999999999999,0.010199999999999999,0.007174999999999999,0.00335,-0.00125,-0.006725000000000001,-0.012725,-0.019325]},"I":{"unit":"A","value":[0.000731,0.000722,0.000719,0.000719,0.000716,0.000717,0.0007149999999999999,0.0007149999999999999,0.0007149999999999999,0.000714,0.000712,0.000713,0.0007109999999999999,0.0007109999999999999,0.0007099999999999999,0.000707,0.000705,0.0007019999999999999,0.0006979999999999999,0.000691,0.0006810000000000001,0.0006680000000000001,0.000646,0.000614,0.000569,0.000502,0.000408,0.000287,0.000134,-5.0e-5,-0.00026900000000000003,-0.000509,-0.000773]},"efficiency":{"unit":"%","value":6.46},"fill_factor":{"unit":"%","value":67.22997068473735},"jsc":{"unit":"mA\/cm2","value":17.974999999999998},"isc":{"unit":"mA","value":0.719},"voc":{"unit":"V","value":0.5345652173913044},"sweep_direction":{"unit":"","value":"Forward"},"key":"forward_4_323050102"},{"V":{"unit":"V","value":[-0.04,-0.02,0,0.02,0.04,0.06,0.08,0.1,0.12,0.14,0.16,0.18,0.2,0.22,0.24,0.26,0.28,0.3,0.32,0.34,0.36,0.38,0.4,0.42,0.44,0.46,0.48,0.5,0.52,0.54,0.56,0.58,0.6,0.62,0.64,0.66,0.68,0.7]},"J":{"unit":"A\/cm2","value":[0.01775,0.017575,0.017575,0.017549999999999996,0.0175,0.0175,0.017525,0.01745,0.017474999999999997,0.01745,0.017424999999999996,0.01745,0.0174,0.0174,0.0174,0.017325,0.017275,0.017175,0.017025000000000002,0.016925,0.016625,0.016274999999999998,0.015725,0.014899999999999998,0.0137,0.011875,0.00925,0.0056749999999999995,0.000975,-0.004875,-0.012,-0.020050000000000002,-0.029099999999999997,-0.039075,-0.049949999999999994,-0.06162499999999999,-0.07425,-0.087425]},"I":{"unit":"A","value":[0.0007099999999999999,0.000703,0.000703,0.0007019999999999999,0.0007,0.0007,0.0007009999999999999,0.0006979999999999999,0.000699,0.0006979999999999999,0.0006969999999999999,0.0006979999999999999,0.000696,0.000696,0.000696,0.0006929999999999999,0.000691,0.000687,0.0006810000000000001,0.0006770000000000001,0.000665,0.000651,0.000629,0.000596,0.0005480000000000001,0.000475,0.00037,0.00022700000000000002,3.9e-5,-0.000195,-0.00047999999999999996,-0.0008020000000000001,-0.0011639999999999999,-0.001563,-0.001998,-0.0024649999999999997,-0.00297,-0.0034969999999999997]},"efficiency":{"unit":"%","value":6.29},"fill_factor":{"unit":"%","value":68.38752933288636},"jsc":{"unit":"mA\/cm2","value":17.575},"isc":{"unit":"mA","value":0.703},"voc":{"unit":"V","value":0.5233333333333333},"sweep_direction":{"unit":"","value":"Forward"},"key":"forward_3_323050109"},{"V":{"unit":"V","value":[-0.04,-0.02,0,0.02,0.04,0.06,0.08,0.1,0.12,0.14,0.16,0.18,0.2,0.22,0.24,0.26,0.28,0.3,0.32,0.34,0.36,0.38,0.4,0.42,0.44,0.46,0.48,0.5,0.52,0.54,0.56,0.58,0.6]},"J":{"unit":"A\/cm2","value":[0.01805,0.01775,0.01775,0.01765,0.017625,0.01765,0.017575,0.017599999999999998,0.017549999999999996,0.017549999999999996,0.017549999999999996,0.017525,0.01745,0.017474999999999997,0.017424999999999996,0.0174,0.017325,0.0172,0.017150000000000002,0.016975,0.01675,0.01645,0.0159,0.0152,0.014124999999999999,0.012525,0.010324999999999999,0.007449999999999999,0.0038,-0.0005,-0.0056749999999999995,-0.011275,-0.0174]},"I":{"unit":"A","value":[0.000722,0.0007099999999999999,0.0007099999999999999,0.0007059999999999999,0.000705,0.0007059999999999999,0.000703,0.000704,0.0007019999999999999,0.0007019999999999999,0.0007019999999999999,0.0007009999999999999,0.0006979999999999999,0.000699,0.0006969999999999999,0.000696,0.0006929999999999999,0.0006879999999999999,0.0006860000000000001,0.000679,0.00067,0.0006580000000000001,0.0006360000000000001,0.000608,0.000565,0.000501,0.00041299999999999996,0.000298,0.000152,-2.0e-5,-0.00022700000000000002,-0.000451,-0.000696]},"efficiency":{"unit":"%","value":6.3839999999999995},"fill_factor":{"unit":"%","value":66.892148740192},"jsc":{"unit":"mA\/cm2","value":17.75},"isc":{"unit":"mA","value":0.71},"voc":{"unit":"V","value":0.5376744186046513},"sweep_direction":{"unit":"","value":"Forward"},"key":"forward_3_323050102"},{"V":{"unit":"V","value":[-0.04,-0.02,0,0.02,0.04,0.06,0.08,0.1,0.12,0.14,0.16,0.18,0.2,0.22,0.24,0.26,0.28,0.3,0.32,0.34,0.36,0.38,0.4,0.42,0.44,0.46,0.48,0.5,0.52,0.54,0.56,0.58,0.6,0.62,0.64,0.66,0.68,0.7]},"J":{"unit":"A\/cm2","value":[0.017625,0.017474999999999997,0.017375,0.0174,0.017349999999999997,0.017325,0.017325,0.017275,0.017299999999999996,0.017275,0.017224999999999997,0.017224999999999997,0.0172,0.017125,0.0171,0.017,0.016900000000000002,0.016725,0.0165,0.016225,0.015775,0.015099999999999999,0.014274999999999998,0.013025,0.0115,0.009574999999999998,0.007274999999999999,0.0046749999999999995,0.0017500000000000003,-0.001575,-0.004900000000000001,-0.008450000000000001,-0.012125,-0.0159,-0.019775,-0.023674999999999998,-0.02765,-0.0316]},"I":{"unit":"A","value":[0.000705,0.000699,0.000695,0.000696,0.000694,0.0006929999999999999,0.0006929999999999999,0.000691,0.0006919999999999999,0.000691,0.0006889999999999999,0.0006889999999999999,0.0006879999999999999,0.0006850000000000001,0.000684,0.00068,0.0006760000000000001,0.000669,0.00066,0.0006490000000000001,0.000631,0.0006039999999999999,0.000571,0.000521,0.00046,0.000383,0.00029099999999999997,0.000187,7.000000000000001e-5,-6.3e-5,-0.00019600000000000002,-0.00033800000000000003,-0.00048499999999999997,-0.0006360000000000001,-0.000791,-0.0009469999999999999,-0.001106,-0.001264]},"efficiency":{"unit":"%","value":5.7379999999999995},"fill_factor":{"unit":"%","value":62.248486924745905},"jsc":{"unit":"mA\/cm2","value":17.375},"isc":{"unit":"mA","value":0.695},"voc":{"unit":"V","value":0.5305263157894737},"sweep_direction":{"unit":"","value":"Forward"},"key":"forward_2_323050109"},{"V":{"unit":"V","value":[-0.04,-0.02,0,0.02,0.04,0.06,0.08,0.1,0.12,0.14,0.16,0.18,0.2,0.22,0.24,0.26,0.28,0.3,0.32,0.34,0.36,0.38,0.4,0.42,0.44,0.46,0.48,0.5,0.52,0.54,0.56,0.58,0.6]},"J":{"unit":"A\/cm2","value":[0.0185,0.01795,0.017799999999999996,0.017724999999999998,0.0177,0.017625,0.017625,0.017599999999999998,0.017575,0.017549999999999996,0.017549999999999996,0.017474999999999997,0.0175,0.01745,0.017349999999999997,0.017325,0.017224999999999997,0.0171,0.017,0.016725,0.016475,0.016024999999999998,0.015425,0.014649999999999998,0.0135,0.011899999999999999,0.009775,0.0069500000000000004,0.003375,-0.001,-0.0064,-0.0124,-0.019175]},"I":{"unit":"A","value":[0.00074,0.000718,0.000712,0.000709,0.000708,0.000705,0.000705,0.000704,0.000703,0.0007019999999999999,0.0007019999999999999,0.000699,0.0007,0.0006979999999999999,0.000694,0.0006929999999999999,0.0006889999999999999,0.000684,0.00068,0.000669,0.0006590000000000001,0.000641,0.000617,0.0005859999999999999,0.00054,0.00047599999999999997,0.000391,0.00027800000000000004,0.000135,-4.0e-5,-0.000256,-0.000496,-0.000767]},"efficiency":{"unit":"%","value":6.17},"fill_factor":{"unit":"%","value":64.73864712865588},"jsc":{"unit":"mA\/cm2","value":17.799999999999997},"isc":{"unit":"mA","value":0.712},"voc":{"unit":"V","value":0.5354285714285714},"sweep_direction":{"unit":"","value":"Forward"},"key":"forward_2_323050102"},{"V":{"unit":"V","value":[-0.04,-0.02,0,0.02,0.04,0.06,0.08,0.1,0.12,0.14,0.16,0.18,0.2,0.22,0.24,0.26,0.28,0.3,0.32,0.34,0.36,0.38,0.4,0.42,0.44,0.46,0.48,0.5,0.52,0.54,0.56,0.58,0.6,0.62,0.64,0.66,0.68,0.7]},"J":{"unit":"A\/cm2","value":[0.017799999999999996,0.017549999999999996,0.017474999999999997,0.0175,0.01745,0.01745,0.01745,0.0174,0.017424999999999996,0.0174,0.017349999999999997,0.0174,0.017325,0.017325,0.017299999999999996,0.0172,0.017175,0.017075,0.016900000000000002,0.016775,0.0165,0.016125,0.015625,0.01485,0.013675000000000001,0.011975,0.009625,0.006425,0.00215,-0.00315,-0.009675000000000001,-0.017150000000000002,-0.025624999999999995,-0.035,-0.0453,-0.05639999999999999,-0.068375,-0.0809]},"I":{"unit":"A","value":[0.000712,0.0007019999999999999,0.000699,0.0007,0.0006979999999999999,0.0006979999999999999,0.0006979999999999999,0.000696,0.0006969999999999999,0.000696,0.000694,0.000696,0.0006929999999999999,0.0006929999999999999,0.0006919999999999999,0.0006879999999999999,0.000687,0.000683,0.0006760000000000001,0.000671,0.00066,0.0006450000000000001,0.000625,0.000594,0.0005470000000000001,0.000479,0.00038500000000000003,0.000257,8.599999999999999e-5,-0.000126,-0.00038700000000000003,-0.0006860000000000001,-0.0010249999999999999,-0.0014,-0.001812,-0.0022559999999999998,-0.002735,-0.003236]},"efficiency":{"unit":"%","value":6.25},"fill_factor":{"unit":"%","value":67.72294008538714},"jsc":{"unit":"mA\/cm2","value":17.474999999999998},"isc":{"unit":"mA","value":0.699},"voc":{"unit":"V","value":0.5281132075471698},"sweep_direction":{"unit":"","value":"Forward"},"key":"forward_1_323050109"},{"V":{"unit":"V","value":[-0.04,-0.02,0,0.02,0.04,0.06,0.08,0.1,0.12,0.14,0.16,0.18,0.2,0.22,0.24,0.26,0.28,0.3,0.32,0.34,0.36,0.38,0.4,0.42,0.44,0.46,0.48,0.5,0.52,0.54,0.56,0.58,0.6]},"J":{"unit":"A\/cm2","value":[0.018125,0.017625,0.017549999999999996,0.01745,0.017474999999999997,0.017375,0.017375,0.0174,0.017349999999999997,0.017349999999999997,0.017299999999999996,0.017299999999999996,0.01725,0.017224999999999997,0.017175,0.017175,0.0171,0.017025000000000002,0.016875,0.0167,0.016425000000000002,0.016050000000000002,0.015425,0.014649999999999998,0.0134,0.011774999999999999,0.009625,0.006900000000000001,0.0036249999999999998,-0.0002,-0.004725,-0.0095,-0.014725]},"I":{"unit":"A","value":[0.000725,0.000705,0.0007019999999999999,0.0006979999999999999,0.000699,0.000695,0.000695,0.000696,0.000694,0.000694,0.0006919999999999999,0.0006919999999999999,0.00069,0.0006889999999999999,0.000687,0.000687,0.000684,0.0006810000000000001,0.000675,0.0006680000000000001,0.000657,0.000642,0.000617,0.0005859999999999999,0.000536,0.00047099999999999996,0.00038500000000000003,0.00027600000000000004,0.000145,-8.0e-6,-0.000189,-0.00038,-0.000589]},"efficiency":{"unit":"%","value":6.17},"fill_factor":{"unit":"%","value":65.23131650466118},"jsc":{"unit":"mA\/cm2","value":17.549999999999997},"isc":{"unit":"mA","value":0.702},"voc":{"unit":"V","value":0.538954248366013},"sweep_direction":{"unit":"","value":"Forward"},"key":"forward_1_323050102"}]}}