{"_id":"653118b97f354217dd3f8101","id":"CAU-SC-00434","author":70,"group":7,"input":[{"tco":{"unit":"","value":"ITO"}},[],{"etl":[{"material":{"unit":"","value":"SnO2"},"concentration":{"unit":"","value":"1.5"},"conc_unit":{"unit":"","value":"wt%"},"quantity":{"unit":"ml","value":"0.3"}}],"solvent":[{"material":{"unit":"","value":"DI Water"},"volume":{"unit":"ml","value":"2.7"}}],"spin_coating":[{"type":{"unit":"","value":"drop&run"},"rpm":{"unit":"","value":"3000"},"time":{"unit":"s","value":"30"}}],"vacuum_suction":[{"unit":"s","value":"0"}],"annealing":[{"temperature":{"unit":"oC","value":"170"},"time":{"unit":"m","value":"30"}}]},{"etl":[{"material":{"unit":"","value":"ZnO"},"concentration":{"unit":"","value":"109.75"},"conc_unit":{"unit":"","value":"mg\/ml"},"quantity":{"unit":"ml","value":"1"}}],"solvent":[{"material":{"unit":"","value":"2-ME"},"volume":{"unit":"ml","value":"2"}},{"material":{"unit":"","value":"Ethanolamine"},"volume":{"unit":"ml","value":"0.067"}}],"spin_coating":[{"type":{"unit":"","value":"drop&run"},"rpm":{"unit":"","value":"5000"},"time":{"unit":"s","value":"30"}}],"vacuum_suction":[{"unit":"s","value":"0"}],"annealing":[{"temperature":{"unit":"oC","value":"170"},"time":{"unit":"m","value":"30"}}],"etl_doping":[{"material":{"unit":"","value":"CuCl2\u00b72H2O"},"volume":{"unit":"ul","value":"1.70 mg"}}]},[],{"perovskite":{"method":{"unit":"","value":"1step"},"molarity":{"unit":"M","value":"1.2"},"a_site":[{"material":{"unit":"","value":"Cs"},"ratio":{"unit":"","value":"105"}}],"b_site":[{"material":{"unit":"","value":"Pb"},"ratio":{"unit":"","value":"100"}}],"x_site":[{"material":{"unit":"","value":"I"},"ratio":{"unit":"","value":"67"}},{"material":{"unit":"","value":"Br"},"ratio":{"unit":"","value":"33"}}],"solvent":[{"material":{"unit":"","value":"DMSO"},"volume":{"unit":"ml","value":"0.7"}},{"material":{"unit":"","value":"DMF"},"volume":{"unit":"ml","value":"0.3"}}],"stirring_time":[{"unit":"m","value":"120"}],"spin_coating":[{"type":{"unit":"","value":"drop&run"},"rpm":{"unit":"","value":"3000"},"time":{"unit":"s","value":"43"}}],"annealing":[{"temperature":{"unit":"oC","value":"235"},"time":{"unit":"m","value":"10"}}],"atmosphere":[{"type":{"unit":"","value":"air"},"temperature":{"unit":"oC","value":"20"},"humidity":{"unit":"RH%","value":"38"}}],"assist":[{"type":{"unit":"","value":"hot air assist"},"temperature":{"unit":"oC","value":"230"},"assist_start_time":{"value":8,"unit":"s"},"total_assist_time":{"value":"0.233","unit":"s"}}],"additive":[{"material":{"unit":"","value":"CH2I2"},"solvent":{"unit":"","value":null},"concentration":{"unit":"","value":"100 uL"},"conc_unit":{"unit":"","value":null},"quantity":{"unit":"mol%","value":null}}]}},[],{"htl":[{"material":{"unit":"","value":"P3HT"},"concentration":{"unit":"","value":"10"},"conc_unit":{"unit":"","value":"mg\/ml"},"quantity":{"unit":"ml","value":"0.1"}}],"solvent":[{"material":{"unit":"","value":"CB"},"volume":{"unit":"ml","value":"1"}}],"spin_coating":[{"type":{"unit":"","value":"drop&run"},"rpm":{"unit":"","value":"3000"},"time":{"unit":"s","value":"30"}}],"vacuum_suction":[{"unit":"s","value":"0"}],"annealing":[{"temperature":{"unit":"oC","value":"100"},"time":{"unit":"m","value":"5"}}]},{"anode_metal":{"unit":"","value":"Au"}},{"note":{"unit":"","value":"CsPbI2Br+100uL Ch2I2_722042608"},"ar":{"unit":"","value":"0"},"type":{"unit":"","value":"unit_cell"},"device_type":{"unit":"","value":"n-i-p"},"temperature":{"unit":"\u2103","value":"20"},"humidity":{"unit":"%","value":"38"},"cell_dimension":{"unit":"cm2","value":"0.04"}}],"fileinfo":[{"key":"CsPbI2Br+100uL Ch2I2_722042608","uploadType":"JV","original_name":"CsPbI2Br+100uL Ch2I2_722042608.xlsx","save_name":"CAU-SC-00434\/CsPbI2Br+100uL Ch2I2_722042608","uploader":70,"fileType":"group"}],"jvcnt":10,"updated_at":"2024-06-03 08:38:35","created_at":"2023-10-19 11:53:29","analysisInfo":{"JV":[{"efficiency":14.86935,"fill_factor":81.26584407192614,"jsc":15.427499999999998,"voc":1.1860100755667506,"key":"reverse_5_CsPbI2Br+100uL Ch2I2_722042608","cell_dimension":null},{"efficiency":14.955749999999998,"fill_factor":80.4036981170331,"jsc":15.715625000000003,"voc":1.1835878962536024,"key":"reverse_4_CsPbI2Br+100uL Ch2I2_722042608","cell_dimension":null},{"efficiency":14.440225,"fill_factor":79.56670727080805,"jsc":15.301874999999997,"voc":1.1860361445783134,"key":"reverse_3_CsPbI2Br+100uL Ch2I2_722042608","cell_dimension":null},{"efficiency":14.61785,"fill_factor":80.91573845947954,"jsc":15.125000000000002,"voc":1.1944146341463415,"key":"reverse_2_CsPbI2Br+100uL Ch2I2_722042608","cell_dimension":null},{"efficiency":14.99135,"fill_factor":81.59836280134408,"jsc":15.116874999999999,"voc":1.2153385579937306,"key":"reverse_1_CsPbI2Br+100uL Ch2I2_722042608","cell_dimension":null},{"efficiency":13.5135,"fill_factor":76.37626820166219,"jsc":15.487499999999999,"voc":1.1424260355029585,"key":"forward_5_CsPbI2Br+100uL Ch2I2_722042608","cell_dimension":null},{"efficiency":13.810500000000001,"fill_factor":76.66694218123529,"jsc":15.787500000000001,"voc":1.1410059171597633,"key":"forward_4_CsPbI2Br+100uL Ch2I2_722042608","cell_dimension":null},{"efficiency":13.538250000000001,"fill_factor":77.04757588255967,"jsc":15.362499999999999,"voc":1.1437777777777778,"key":"forward_3_CsPbI2Br+100uL Ch2I2_722042608","cell_dimension":null},{"efficiency":13.63725,"fill_factor":77.69724487718618,"jsc":15.212499999999999,"voc":1.1537735849056603,"key":"forward_2_CsPbI2Br+100uL Ch2I2_722042608","cell_dimension":null},{"efficiency":14.03375,"fill_factor":79.13730731318967,"jsc":15.181249999999999,"voc":1.1681132075471699,"key":"forward_1_CsPbI2Br+100uL Ch2I2_722042608","cell_dimension":null}]},"public":2,"analysis":{"JV":[{"V":{"unit":"V","value":[1.238,1.198,1.158,1.118,1.078,1.038,0.998,0.958,0.918,0.878,0.838,0.798,0.758,0.718,0.678,0.638,0.598,0.558,0.518,0.478,0.438,0.398,0.358,0.318,0.278,0.238,0.198,0.158,0.118,0.078,0.038,-0.002,-0.042]},"J":{"unit":"A\/cm2","value":[-0.0199,-0.0029749999999999998,0.0069500000000000004,0.011575,0.0135,0.014325,0.0146,0.014774999999999998,0.01495,0.01495,0.01505,0.015024999999999998,0.01505,0.015125,0.015099999999999999,0.015175,0.015224999999999999,0.015175,0.01525,0.0153,0.01525,0.015325,0.015325,0.0153,0.015375,0.015375,0.0153,0.015449999999999998,0.015449999999999998,0.015349999999999999,0.015475,0.015425,0.015425]},"I":{"unit":"A","value":[-0.000796,-0.00011899999999999999,0.00027800000000000004,0.00046300000000000003,0.00054,0.0005729999999999999,0.000584,0.0005909999999999999,0.000598,0.000598,0.000602,0.000601,0.000602,0.000605,0.0006039999999999999,0.000607,0.000609,0.000607,0.00061,0.000612,0.00061,0.0006129999999999999,0.0006129999999999999,0.000612,0.000615,0.000615,0.000612,0.000618,0.000618,0.000614,0.000619,0.000617,0.000617]},"efficiency":{"unit":"%","value":14.86935},"fill_factor":{"unit":"%","value":81.26584407192614},"jsc":{"unit":"mA\/cm2","value":15.427499999999998},"isc":{"unit":"mA","value":0.6171},"voc":{"unit":"V","value":1.1860100755667506},"sweep_direction":{"unit":"","value":"Reverse"},"key":"reverse_5_CsPbI2Br+100uL Ch2I2_722042608"},{"V":{"unit":"V","value":[1.235,1.195,1.155,1.115,1.075,1.035,0.995,0.955,0.915,0.875,0.835,0.795,0.755,0.715,0.675,0.635,0.595,0.555,0.515,0.475,0.435,0.395,0.355,0.315,0.275,0.235,0.195,0.155,0.115,0.075,0.035,-0.005,-0.045]},"J":{"unit":"A\/cm2","value":[-0.015,-0.002475,0.0062,0.0112,0.0135,0.01445,0.014899999999999998,0.015075,0.015175,0.0153,0.015274999999999999,0.0153,0.015349999999999999,0.015349999999999999,0.015449999999999998,0.015449999999999998,0.015475,0.015525,0.015475,0.0155,0.0156,0.01555,0.015574999999999999,0.01565,0.0156,0.015625,0.0157,0.015625,0.015725,0.01575,0.01565,0.015725,0.015775]},"I":{"unit":"A","value":[-0.0006,-9.900000000000001e-5,0.000248,0.000448,0.00054,0.000578,0.000596,0.000603,0.000607,0.000612,0.000611,0.000612,0.000614,0.000614,0.000618,0.000618,0.000619,0.000621,0.000619,0.00062,0.000624,0.000622,0.000623,0.000626,0.000624,0.000625,0.000628,0.000625,0.000629,0.00063,0.000626,0.000629,0.000631]},"efficiency":{"unit":"%","value":14.955749999999998},"fill_factor":{"unit":"%","value":80.4036981170331},"jsc":{"unit":"mA\/cm2","value":15.715625000000003},"isc":{"unit":"mA","value":0.6286250000000001},"voc":{"unit":"V","value":1.1835878962536024},"sweep_direction":{"unit":"","value":"Reverse"},"key":"reverse_4_CsPbI2Br+100uL Ch2I2_722042608"},{"V":{"unit":"V","value":[1.237,1.197,1.157,1.117,1.077,1.037,0.997,0.957,0.917,0.877,0.837,0.797,0.757,0.717,0.677,0.637,0.597,0.557,0.517,0.477,0.437,0.397,0.357,0.317,0.277,0.237,0.197,0.157,0.117,0.077,0.037,-0.003,-0.043]},"J":{"unit":"A\/cm2","value":[-0.014025000000000001,-0.002275,0.006024999999999999,0.010775,0.013025,0.013925,0.014399999999999998,0.0146,0.014674999999999999,0.014774999999999998,0.014825,0.01485,0.014899999999999998,0.014924999999999999,0.014924999999999999,0.015,0.015024999999999998,0.015024999999999998,0.015099999999999999,0.015075,0.015099999999999999,0.015149999999999999,0.015125,0.015175,0.015224999999999999,0.015175,0.01525,0.0153,0.01525,0.0153,0.015325,0.0153,0.015325]},"I":{"unit":"A","value":[-0.0005610000000000001,-9.1e-5,0.000241,0.000431,0.000521,0.0005570000000000001,0.0005759999999999999,0.000584,0.000587,0.0005909999999999999,0.000593,0.000594,0.000596,0.000597,0.000597,0.0006,0.000601,0.000601,0.0006039999999999999,0.000603,0.0006039999999999999,0.000606,0.000605,0.000607,0.000609,0.000607,0.00061,0.000612,0.00061,0.000612,0.0006129999999999999,0.000612,0.0006129999999999999]},"efficiency":{"unit":"%","value":14.440225},"fill_factor":{"unit":"%","value":79.56670727080805},"jsc":{"unit":"mA\/cm2","value":15.301874999999997},"isc":{"unit":"mA","value":0.6120749999999999},"voc":{"unit":"V","value":1.1860361445783134},"sweep_direction":{"unit":"","value":"Reverse"},"key":"reverse_3_CsPbI2Br+100uL Ch2I2_722042608"},{"V":{"unit":"V","value":[1.246,1.206,1.166,1.126,1.086,1.046,1.006,0.966,0.926,0.886,0.846,0.806,0.766,0.726,0.686,0.646,0.606,0.566,0.526,0.486,0.446,0.406,0.366,0.326,0.286,0.246,0.206,0.166,0.126,0.086,0.046,0.006,-0.034]},"J":{"unit":"A\/cm2","value":[-0.014025000000000001,-0.002375,0.005825,0.010625,0.012925,0.013975000000000001,0.014325,0.014474999999999998,0.014649999999999998,0.014624999999999997,0.0147,0.014725,0.014725,0.014774999999999998,0.01485,0.014825,0.01485,0.014899999999999998,0.01485,0.014924999999999999,0.01495,0.014924999999999999,0.014975,0.015,0.014975,0.01505,0.015024999999999998,0.015024999999999998,0.015099999999999999,0.015075,0.015099999999999999,0.015125,0.015125]},"I":{"unit":"A","value":[-0.0005610000000000001,-9.5e-5,0.00023300000000000003,0.000425,0.000517,0.000559,0.0005729999999999999,0.000579,0.0005859999999999999,0.000585,0.000588,0.000589,0.000589,0.0005909999999999999,0.000594,0.000593,0.000594,0.000596,0.000594,0.000597,0.000598,0.000597,0.0005989999999999999,0.0006,0.0005989999999999999,0.000602,0.000601,0.000601,0.0006039999999999999,0.000603,0.0006039999999999999,0.000605,0.000605]},"efficiency":{"unit":"%","value":14.61785},"fill_factor":{"unit":"%","value":80.91573845947954},"jsc":{"unit":"mA\/cm2","value":15.125000000000002},"isc":{"unit":"mA","value":0.6050000000000001},"voc":{"unit":"V","value":1.1944146341463415},"sweep_direction":{"unit":"","value":"Reverse"},"key":"reverse_2_CsPbI2Br+100uL Ch2I2_722042608"},{"V":{"unit":"V","value":[1.267,1.227,1.187,1.147,1.107,1.067,1.027,0.987,0.947,0.907,0.867,0.827,0.787,0.747,0.707,0.667,0.627,0.587,0.547,0.507,0.467,0.427,0.387,0.347,0.307,0.267,0.227,0.187,0.147,0.107,0.067,0.027,-0.013]},"J":{"unit":"A\/cm2","value":[-0.013075000000000002,-0.002325,0.0056500000000000005,0.0106,0.013,0.01405,0.014549999999999999,0.014649999999999998,0.014825,0.01485,0.014825,0.014899999999999998,0.014899999999999998,0.014899999999999998,0.01495,0.01495,0.01495,0.015,0.015,0.014975,0.01505,0.015024999999999998,0.01505,0.015099999999999999,0.015024999999999998,0.01505,0.015149999999999999,0.01505,0.015099999999999999,0.015149999999999999,0.01505,0.015099999999999999,0.015125]},"I":{"unit":"A","value":[-0.000523,-9.3e-5,0.00022600000000000002,0.000424,0.0005200000000000001,0.0005620000000000001,0.0005819999999999999,0.0005859999999999999,0.000593,0.000594,0.000593,0.000596,0.000596,0.000596,0.000598,0.000598,0.000598,0.0006,0.0006,0.0005989999999999999,0.000602,0.000601,0.000602,0.0006039999999999999,0.000601,0.000602,0.000606,0.000602,0.0006039999999999999,0.000606,0.000602,0.0006039999999999999,0.000605]},"efficiency":{"unit":"%","value":14.99135},"fill_factor":{"unit":"%","value":81.59836280134408},"jsc":{"unit":"mA\/cm2","value":15.116874999999999},"isc":{"unit":"mA","value":0.604675},"voc":{"unit":"V","value":1.2153385579937306},"sweep_direction":{"unit":"","value":"Reverse"},"key":"reverse_1_CsPbI2Br+100uL Ch2I2_722042608"},{"V":{"unit":"V","value":[-0.05,-0.01,0.03,0.07,0.11,0.15,0.19,0.23,0.27,0.31,0.35,0.39,0.43,0.47,0.51,0.55,0.59,0.63,0.67,0.71,0.75,0.79,0.83,0.87,0.91,0.95,0.99,1.03,1.07,1.11,1.15,1.19,1.23]},"J":{"unit":"A\/cm2","value":[0.0155,0.0155,0.015449999999999998,0.015425,0.0154,0.015349999999999999,0.015375,0.015325,0.015274999999999999,0.015274999999999999,0.01525,0.015224999999999999,0.015224999999999999,0.015149999999999999,0.015099999999999999,0.015075,0.014975,0.014975,0.014924999999999999,0.014799999999999999,0.014749999999999997,0.014674999999999999,0.0146,0.014474999999999998,0.014274999999999998,0.014025000000000001,0.01365,0.0128,0.010975,0.00685,-0.0016,-0.015574999999999999,-0.03484999999999999]},"I":{"unit":"A","value":[0.00062,0.00062,0.000618,0.000617,0.000616,0.000614,0.000615,0.0006129999999999999,0.000611,0.000611,0.00061,0.000609,0.000609,0.000606,0.0006039999999999999,0.000603,0.0005989999999999999,0.0005989999999999999,0.000597,0.000592,0.0005899999999999999,0.000587,0.000584,0.000579,0.000571,0.0005610000000000001,0.000546,0.000512,0.000439,0.00027400000000000005,-6.4e-5,-0.000623,-0.0013939999999999998]},"efficiency":{"unit":"%","value":13.5135},"fill_factor":{"unit":"%","value":76.37626820166219},"jsc":{"unit":"mA\/cm2","value":15.487499999999999},"isc":{"unit":"mA","value":0.6194999999999999},"voc":{"unit":"V","value":1.1424260355029585},"sweep_direction":{"unit":"","value":"Forward"},"key":"forward_5_CsPbI2Br+100uL Ch2I2_722042608"},{"V":{"unit":"V","value":[-0.05,-0.01,0.03,0.07,0.11,0.15,0.19,0.23,0.27,0.31,0.35,0.39,0.43,0.47,0.51,0.55,0.59,0.63,0.67,0.71,0.75,0.79,0.83,0.87,0.91,0.95,0.99,1.03,1.07,1.11,1.15,1.19,1.23]},"J":{"unit":"A\/cm2","value":[0.015775,0.0158,0.01575,0.015725,0.0157,0.0157,0.015674999999999998,0.015625,0.015574999999999999,0.0156,0.0156,0.0155,0.0155,0.015475,0.015449999999999998,0.0154,0.015349999999999999,0.01525,0.015274999999999999,0.015175,0.015075,0.015075,0.014874999999999998,0.014799999999999999,0.014674999999999999,0.014399999999999998,0.01395,0.013075000000000002,0.01105,0.006549999999999999,-0.0019,-0.014924999999999999,-0.031674999999999995]},"I":{"unit":"A","value":[0.000631,0.000632,0.00063,0.000629,0.000628,0.000628,0.000627,0.000625,0.000623,0.000624,0.000624,0.00062,0.00062,0.000619,0.000618,0.000616,0.000614,0.00061,0.000611,0.000607,0.000603,0.000603,0.0005949999999999999,0.000592,0.000587,0.0005759999999999999,0.000558,0.000523,0.000442,0.000262,-7.6e-5,-0.000597,-0.001267]},"efficiency":{"unit":"%","value":13.810500000000001},"fill_factor":{"unit":"%","value":76.66694218123529},"jsc":{"unit":"mA\/cm2","value":15.787500000000001},"isc":{"unit":"mA","value":0.6315000000000001},"voc":{"unit":"V","value":1.1410059171597633},"sweep_direction":{"unit":"","value":"Forward"},"key":"forward_4_CsPbI2Br+100uL Ch2I2_722042608"},{"V":{"unit":"V","value":[-0.05,-0.01,0.03,0.07,0.11,0.15,0.19,0.23,0.27,0.31,0.35,0.39,0.43,0.47,0.51,0.55,0.59,0.63,0.67,0.71,0.75,0.79,0.83,0.87,0.91,0.95,0.99,1.03,1.07,1.11,1.15,1.19,1.23]},"J":{"unit":"A\/cm2","value":[0.0154,0.015375,0.015325,0.015325,0.015274999999999999,0.01525,0.015274999999999999,0.0152,0.0152,0.01525,0.015149999999999999,0.015149999999999999,0.015099999999999999,0.01505,0.015099999999999999,0.015024999999999998,0.01495,0.01495,0.01485,0.014825,0.014774999999999998,0.014624999999999997,0.014575,0.014499999999999999,0.014274999999999998,0.01405,0.013675000000000001,0.012775,0.01085,0.0066500000000000005,-0.0012250000000000002,-0.013075000000000002,-0.028249999999999997]},"I":{"unit":"A","value":[0.000616,0.000615,0.0006129999999999999,0.0006129999999999999,0.000611,0.00061,0.000611,0.000608,0.000608,0.00061,0.000606,0.000606,0.0006039999999999999,0.000602,0.0006039999999999999,0.000601,0.000598,0.000598,0.000594,0.000593,0.0005909999999999999,0.000585,0.000583,0.00058,0.000571,0.0005620000000000001,0.0005470000000000001,0.0005110000000000001,0.000434,0.000266,-4.9000000000000005e-5,-0.000523,-0.00113]},"efficiency":{"unit":"%","value":13.538250000000001},"fill_factor":{"unit":"%","value":77.04757588255967},"jsc":{"unit":"mA\/cm2","value":15.362499999999999},"isc":{"unit":"mA","value":0.6144999999999999},"voc":{"unit":"V","value":1.1437777777777778},"sweep_direction":{"unit":"","value":"Forward"},"key":"forward_3_CsPbI2Br+100uL Ch2I2_722042608"},{"V":{"unit":"V","value":[-0.05,-0.01,0.03,0.07,0.11,0.15,0.19,0.23,0.27,0.31,0.35,0.39,0.43,0.47,0.51,0.55,0.59,0.63,0.67,0.71,0.75,0.79,0.83,0.87,0.91,0.95,0.99,1.03,1.07,1.11,1.15,1.19,1.23]},"J":{"unit":"A\/cm2","value":[0.0152,0.015224999999999999,0.015175,0.015125,0.0152,0.015125,0.015125,0.015125,0.01505,0.01505,0.01505,0.014975,0.015,0.014975,0.014874999999999998,0.014924999999999999,0.014874999999999998,0.014825,0.014774999999999998,0.014725,0.014649999999999998,0.014649999999999998,0.014549999999999999,0.01445,0.014349999999999998,0.01415,0.013775,0.013075000000000002,0.011450000000000002,0.00785,0.001,-0.0096,-0.023499999999999997]},"I":{"unit":"A","value":[0.000608,0.000609,0.000607,0.000605,0.000608,0.000605,0.000605,0.000605,0.000602,0.000602,0.000602,0.0005989999999999999,0.0006,0.0005989999999999999,0.0005949999999999999,0.000597,0.0005949999999999999,0.000593,0.0005909999999999999,0.000589,0.0005859999999999999,0.0005859999999999999,0.0005819999999999999,0.000578,0.000574,0.000566,0.0005510000000000001,0.000523,0.000458,0.000314,4.0e-5,-0.000384,-0.00094]},"efficiency":{"unit":"%","value":13.63725},"fill_factor":{"unit":"%","value":77.69724487718618},"jsc":{"unit":"mA\/cm2","value":15.212499999999999},"isc":{"unit":"mA","value":0.6084999999999999},"voc":{"unit":"V","value":1.1537735849056603},"sweep_direction":{"unit":"","value":"Forward"},"key":"forward_2_CsPbI2Br+100uL Ch2I2_722042608"},{"V":{"unit":"V","value":[-0.05,-0.01,0.03,0.07,0.11,0.15,0.19,0.23,0.27,0.31,0.35,0.39,0.43,0.47,0.51,0.55,0.59,0.63,0.67,0.71,0.75,0.79,0.83,0.87,0.91,0.95,0.99,1.03,1.07,1.11,1.15,1.19,1.23,1.27]},"J":{"unit":"A\/cm2","value":[0.0152,0.015175,0.0152,0.015125,0.015149999999999999,0.015175,0.015099999999999999,0.015099999999999999,0.015125,0.015075,0.015099999999999999,0.015075,0.015,0.015024999999999998,0.015,0.014975,0.01495,0.014924999999999999,0.014924999999999999,0.014899999999999998,0.014799999999999999,0.014799999999999999,0.014749999999999997,0.014624999999999997,0.014575,0.014424999999999999,0.014124999999999999,0.013625,0.01245,0.009675000000000001,0.004200000000000001,-0.0050750000000000005,-0.017825,-0.033225000000000005]},"I":{"unit":"A","value":[0.000608,0.000607,0.000608,0.000605,0.000606,0.000607,0.0006039999999999999,0.0006039999999999999,0.000605,0.000603,0.0006039999999999999,0.000603,0.0006,0.000601,0.0006,0.0005989999999999999,0.000598,0.000597,0.000597,0.000596,0.000592,0.000592,0.0005899999999999999,0.000585,0.000583,0.0005769999999999999,0.000565,0.000545,0.000498,0.00038700000000000003,0.00016800000000000002,-0.000203,-0.000713,-0.0013289999999999999]},"efficiency":{"unit":"%","value":14.03375},"fill_factor":{"unit":"%","value":79.13730731318967},"jsc":{"unit":"mA\/cm2","value":15.181249999999999},"isc":{"unit":"mA","value":0.60725},"voc":{"unit":"V","value":1.1681132075471699},"sweep_direction":{"unit":"","value":"Forward"},"key":"forward_1_CsPbI2Br+100uL Ch2I2_722042608"}]}}