{"_id":"652e39f05d0e997149349c7f","id":"CAU-SC-00261","author":70,"group":7,"input":[{"tco":{"unit":"","value":"ITO"}},[],{"etl":[{"material":{"unit":"","value":"SnO2"},"concentration":{"unit":"","value":"1.5"},"conc_unit":{"unit":"","value":"wt%"},"quantity":{"unit":"ml","value":"0.3"}}],"solvent":[{"material":{"unit":"","value":"DI Water"},"volume":{"unit":"ml","value":"2.7"}}],"spin_coating":[{"type":{"unit":"","value":"drop&run"},"rpm":{"unit":"","value":"1000"},"time":{"unit":"s","value":"0.5"}},{"type":{"unit":"","value":"drop&run"},"rpm":{"unit":"","value":"3000"},"time":{"unit":"s","value":"30"}}],"annealing":[{"temperature":{"unit":"oC","value":"170"},"time":{"unit":"m","value":"30"}}]},{"etl":[{"material":{"unit":"","value":"ZnO"},"concentration":{"unit":"","value":"109.75"},"conc_unit":{"unit":"","value":"mg\/ml"},"quantity":{"unit":"ml","value":"1"}}],"solvent":[{"material":{"unit":"","value":"2-ME"},"volume":{"unit":"ml","value":"2"}},{"material":{"unit":"","value":"Ethanolamine"},"volume":{"unit":"ml","value":"0.067"}}],"spin_coating":[{"type":{"unit":"","value":"drop&run"},"rpm":{"unit":"","value":"5000"},"time":{"unit":"s","value":"30"}}],"annealing":[{"temperature":{"unit":"oC","value":"170"},"time":{"unit":"m","value":"30"}}]},[],[],{"perovskite":{"method":{"unit":"","value":"1step"},"molarity":{"unit":"M","value":"1.2"},"a_site":[{"material":{"unit":"","value":"Cs"},"ratio":{"unit":"","value":"100"}}],"b_site":[{"material":{"unit":"","value":"Pb"},"ratio":{"unit":"","value":"100"}}],"x_site":[{"material":{"unit":"","value":"I"},"ratio":{"unit":"","value":"67"}},{"material":{"unit":"","value":"Br"},"ratio":{"unit":"","value":"33"}}],"solvent":[{"material":{"unit":"","value":"DMSO"},"volume":{"unit":"ml","value":"0.7"}},{"material":{"unit":"","value":"DMF"},"volume":{"unit":"ml","value":"0.3"}}],"stirring_time":[{"unit":"m","value":"960"}],"spin_coating":[{"type":{"unit":"","value":"drop&run"},"rpm":{"unit":"","value":"3000"},"time":{"unit":"s","value":"40"}}],"annealing":[{"temperature":{"unit":"oC","value":"235"},"time":{"unit":"m","value":"10"}}],"atmosphere":[{"type":{"unit":"","value":"air"},"temperature":{"unit":"oC","value":"18.6"},"humidity":{"unit":"RH%","value":"35"}}],"assist":[{"type":{"unit":"","value":"hot air assist"},"temperature":{"unit":"oC","value":"230"},"assist_start_time":{"value":8,"unit":"s"},"total_assist_time":{"value":"0.233","unit":"s"}}],"additive":[{"material":{"unit":"","value":"CH2I2"},"solvent":{"unit":"","value":null},"concentration":{"unit":"","value":"100 uL"},"conc_unit":{"unit":"","value":null},"quantity":{"unit":"mol%","value":null}}]}},{"htl":[{"material":{"unit":"","value":"P3HT"},"concentration":{"unit":"","value":"10"},"conc_unit":{"unit":"","value":"mg\/ml"},"quantity":{"unit":"ml","value":"1"}}],"solvent":[{"material":{"unit":"","value":"CB"},"volume":{"unit":"ml","value":"1"}}],"spin_coating":[{"type":{"unit":"","value":"dynamic"},"rpm":{"unit":"","value":"3000"},"time":{"unit":"s","value":"30"}}],"annealing":[{"temperature":{"unit":"oC","value":"100"},"time":{"unit":"m","value":"5"}}],"htl_doping":[{"material":{"unit":"","value":"Li-TFSI"},"volume":{"unit":"ul","value":null}},{"material":{"unit":"","value":"Li-TFSI"},"volume":{"unit":"ul","value":"54"}},{"material":{"unit":"","value":"tBP"},"volume":{"unit":"ul","value":"10.2"}}]},[],{"anode_metal":{"unit":"","value":"Au"}},{"note":{"unit":"","value":"CsPbI2Br+100uL CH2I2_721120801_LiTFSI_TBP"},"ar":{"unit":"","value":"0"},"type":{"unit":"","value":"unit_cell"},"device_type":{"unit":"","value":"n-i-p"},"temperature":{"unit":"\u2103","value":"21"},"humidity":{"unit":"%","value":"35"},"cell_dimension":{"unit":"cm2","value":"0.04"}}],"fileinfo":[{"key":"CsPbI2Br+100uL CH2I2_721120801_LiTFSI_TBP","uploadType":"JV","original_name":"CsPbI2Br+100uL CH2I2_721120801_LiTFSI_TBP.xlsx","save_name":"CAU-SC-00261\/CsPbI2Br+100uL CH2I2_721120801_LiTFSI_TBP","uploader":70,"fileType":"group"}],"jvcnt":14,"updated_at":"2024-06-03 08:38:34","created_at":"2023-10-17 07:38:24","analysisInfo":{"JV":[{"efficiency":12.735225,"fill_factor":76.87440720585002,"jsc":14.499999999999998,"voc":1.1425016611295682,"key":"reverse_7_CsPbI2Br+100uL CH2I2_721120801_LiTFSI_TBP","cell_dimension":null},{"efficiency":12.8774,"fill_factor":74.84389918407808,"jsc":14.950624999999997,"voc":1.1508333333333334,"key":"reverse_6_CsPbI2Br+100uL CH2I2_721120801_LiTFSI_TBP","cell_dimension":null},{"efficiency":12.63735,"fill_factor":78.7343405584163,"jsc":13.975000000000001,"voc":1.1485238095238097,"key":"reverse_5_CsPbI2Br+100uL CH2I2_721120801_LiTFSI_TBP","cell_dimension":null},{"efficiency":12.8128,"fill_factor":79.09840112474144,"jsc":14.075624999999997,"voc":1.1508233215547705,"key":"reverse_4_CsPbI2Br+100uL CH2I2_721120801_LiTFSI_TBP","cell_dimension":null},{"efficiency":12.362625,"fill_factor":80.30351320978565,"jsc":13.399375000000003,"voc":1.148924812030075,"key":"reverse_3_CsPbI2Br+100uL CH2I2_721120801_LiTFSI_TBP","cell_dimension":null},{"efficiency":12.475,"fill_factor":80.36485556580432,"jsc":13.5,"voc":1.1498484848484847,"key":"reverse_2_CsPbI2Br+100uL CH2I2_721120801_LiTFSI_TBP","cell_dimension":null},{"efficiency":12.6,"fill_factor":79.09419100754839,"jsc":13.850000000000001,"voc":1.1502074688796682,"key":"reverse_1_CsPbI2Br+100uL CH2I2_721120801_LiTFSI_TBP","cell_dimension":null},{"efficiency":8.6765,"fill_factor":65.06774203612353,"jsc":14.518749999999997,"voc":0.9184375,"key":"forward_7_CsPbI2Br+100uL CH2I2_721120801_LiTFSI_TBP","cell_dimension":null},{"efficiency":9.07025,"fill_factor":63.41557204408205,"jsc":15.049999999999999,"voc":0.9503571428571429,"key":"forward_6_CsPbI2Br+100uL CH2I2_721120801_LiTFSI_TBP","cell_dimension":null},{"efficiency":8.6095,"fill_factor":65.89812466081084,"jsc":13.975000000000001,"voc":0.9348739495798318,"key":"forward_5_CsPbI2Br+100uL CH2I2_721120801_LiTFSI_TBP","cell_dimension":null},{"efficiency":8.5425,"fill_factor":64.49645574046848,"jsc":14.118749999999997,"voc":0.9381081081081081,"key":"forward_4_CsPbI2Br+100uL CH2I2_721120801_LiTFSI_TBP","cell_dimension":null},{"efficiency":8.241,"fill_factor":65.96080103342618,"jsc":13.39375,"voc":0.9328070175438596,"key":"forward_3_CsPbI2Br+100uL CH2I2_721120801_LiTFSI_TBP","cell_dimension":null},{"efficiency":8.25775,"fill_factor":65.47754862485397,"jsc":13.450000000000001,"voc":0.9376635514018691,"key":"forward_2_CsPbI2Br+100uL CH2I2_721120801_LiTFSI_TBP","cell_dimension":null},{"efficiency":8.12375,"fill_factor":63.1696493324556,"jsc":13.83125,"voc":0.9297938144329897,"key":"forward_1_CsPbI2Br+100uL CH2I2_721120801_LiTFSI_TBP","cell_dimension":null}]},"public":2,"analysis":{"JV":[{"V":{"unit":"V","value":[1.193,1.153,1.113,1.073,1.033,0.993,0.953,0.913,0.873,0.833,0.793,0.753,0.713,0.673,0.633,0.593,0.553,0.513,0.473,0.433,0.393,0.353,0.313,0.273,0.233,0.193,0.153,0.113,0.073,0.033,-0.007,-0.047]},"J":{"unit":"A\/cm2","value":[-0.011774999999999999,-0.001975,0.00555,0.00985,0.011924999999999998,0.012825,0.013325000000000002,0.0135,0.013675000000000001,0.013800000000000002,0.013850000000000001,0.01395,0.01395,0.01405,0.014099999999999998,0.01415,0.014174999999999998,0.014249999999999999,0.014249999999999999,0.014299999999999998,0.014325,0.014325,0.014349999999999998,0.014399999999999998,0.014424999999999999,0.014399999999999998,0.01445,0.01445,0.014474999999999998,0.014499999999999999,0.014499999999999999,0.014524999999999998]},"I":{"unit":"A","value":[-0.00047099999999999996,-7.9e-5,0.000222,0.00039400000000000004,0.000477,0.000513,0.000533,0.00054,0.0005470000000000001,0.0005520000000000001,0.000554,0.000558,0.000558,0.0005620000000000001,0.0005639999999999999,0.000566,0.0005669999999999999,0.00057,0.00057,0.0005719999999999999,0.0005729999999999999,0.0005729999999999999,0.000574,0.0005759999999999999,0.0005769999999999999,0.0005759999999999999,0.000578,0.000578,0.000579,0.00058,0.00058,0.0005809999999999999]},"efficiency":{"unit":"%","value":12.735225},"fill_factor":{"unit":"%","value":76.87440720585002},"jsc":{"unit":"mA\/cm2","value":14.499999999999998},"isc":{"unit":"mA","value":0.58},"voc":{"unit":"V","value":1.1425016611295682},"sweep_direction":{"unit":"","value":"Reverse"},"key":"reverse_7_CsPbI2Br+100uL CH2I2_721120801_LiTFSI_TBP"},{"V":{"unit":"V","value":[1.201,1.161,1.121,1.081,1.041,1.001,0.961,0.921,0.881,0.841,0.801,0.761,0.721,0.681,0.641,0.601,0.561,0.521,0.481,0.441,0.401,0.361,0.321,0.281,0.241,0.201,0.161,0.121,0.081,0.041,0.001,-0.039]},"J":{"unit":"A\/cm2","value":[-0.008674999999999999,-0.0015249999999999999,0.004475,0.0087,0.011349999999999999,0.012725,0.0134,0.013775,0.014000000000000002,0.014124999999999999,0.014199999999999999,0.014299999999999998,0.014325,0.014399999999999998,0.014424999999999999,0.014499999999999999,0.014549999999999999,0.014575,0.0146,0.014649999999999998,0.0147,0.014674999999999999,0.014749999999999997,0.014774999999999998,0.014774999999999998,0.014825,0.01485,0.01485,0.014899999999999998,0.01495,0.01495,0.014975]},"I":{"unit":"A","value":[-0.000347,-6.1e-5,0.000179,0.000348,0.00045400000000000003,0.000509,0.000536,0.0005510000000000001,0.0005600000000000001,0.000565,0.0005679999999999999,0.0005719999999999999,0.0005729999999999999,0.0005759999999999999,0.0005769999999999999,0.00058,0.0005819999999999999,0.000583,0.000584,0.0005859999999999999,0.000588,0.000587,0.0005899999999999999,0.0005909999999999999,0.0005909999999999999,0.000593,0.000594,0.000594,0.000596,0.000598,0.000598,0.0005989999999999999]},"efficiency":{"unit":"%","value":12.8774},"fill_factor":{"unit":"%","value":74.84389918407808},"jsc":{"unit":"mA\/cm2","value":14.950624999999997},"isc":{"unit":"mA","value":0.5980249999999999},"voc":{"unit":"V","value":1.1508333333333334},"sweep_direction":{"unit":"","value":"Reverse"},"key":"reverse_6_CsPbI2Br+100uL CH2I2_721120801_LiTFSI_TBP"},{"V":{"unit":"V","value":[1.199,1.159,1.119,1.079,1.039,0.999,0.959,0.919,0.879,0.839,0.799,0.759,0.719,0.679,0.639,0.599,0.559,0.519,0.479,0.439,0.399,0.359,0.319,0.279,0.239,0.199,0.159,0.119,0.079,0.039,-0.001,-0.041]},"J":{"unit":"A\/cm2","value":[-0.0115,-0.001925,0.005425,0.009725,0.011749999999999998,0.01265,0.013025,0.013275,0.013349999999999999,0.013450000000000002,0.013475,0.013525,0.013600000000000001,0.013575,0.01365,0.013675000000000001,0.013725000000000001,0.0137,0.013775,0.01375,0.013800000000000002,0.013800000000000002,0.013850000000000001,0.013850000000000001,0.013850000000000001,0.013900000000000001,0.013900000000000001,0.01395,0.013925,0.013975000000000001,0.013975000000000001,0.014000000000000002]},"I":{"unit":"A","value":[-0.00046,-7.7e-5,0.000217,0.000389,0.00047,0.000506,0.000521,0.000531,0.0005340000000000001,0.0005380000000000001,0.000539,0.000541,0.000544,0.0005430000000000001,0.000546,0.0005470000000000001,0.000549,0.0005480000000000001,0.0005510000000000001,0.00055,0.0005520000000000001,0.0005520000000000001,0.000554,0.000554,0.000554,0.0005560000000000001,0.0005560000000000001,0.000558,0.0005570000000000001,0.000559,0.000559,0.0005600000000000001]},"efficiency":{"unit":"%","value":12.63735},"fill_factor":{"unit":"%","value":78.7343405584163},"jsc":{"unit":"mA\/cm2","value":13.975000000000001},"isc":{"unit":"mA","value":0.559},"voc":{"unit":"V","value":1.1485238095238097},"sweep_direction":{"unit":"","value":"Reverse"},"key":"reverse_5_CsPbI2Br+100uL CH2I2_721120801_LiTFSI_TBP"},{"V":{"unit":"V","value":[1.201,1.161,1.121,1.081,1.041,1.001,0.961,0.921,0.881,0.841,0.801,0.761,0.721,0.681,0.641,0.601,0.561,0.521,0.481,0.441,0.401,0.361,0.321,0.281,0.241,0.201,0.161,0.121,0.081,0.041,0.001,-0.039]},"J":{"unit":"A\/cm2","value":[-0.010725,-0.0017999999999999997,0.005274999999999999,0.009625,0.0118,0.0128,0.013224999999999999,0.013425000000000001,0.013600000000000001,0.01365,0.0137,0.01375,0.013775,0.013800000000000002,0.013825,0.013825,0.013900000000000001,0.013900000000000001,0.013900000000000001,0.01395,0.01395,0.013975000000000001,0.014000000000000002,0.014000000000000002,0.014000000000000002,0.01405,0.014025000000000001,0.014074999999999997,0.014099999999999998,0.014074999999999997,0.014074999999999997,0.014099999999999998]},"I":{"unit":"A","value":[-0.000429,-7.199999999999999e-5,0.000211,0.00038500000000000003,0.000472,0.000512,0.0005290000000000001,0.000537,0.000544,0.000546,0.0005480000000000001,0.00055,0.0005510000000000001,0.0005520000000000001,0.000553,0.000553,0.0005560000000000001,0.0005560000000000001,0.0005560000000000001,0.000558,0.000558,0.000559,0.0005600000000000001,0.0005600000000000001,0.0005600000000000001,0.0005620000000000001,0.0005610000000000001,0.0005629999999999999,0.0005639999999999999,0.0005629999999999999,0.0005629999999999999,0.0005639999999999999]},"efficiency":{"unit":"%","value":12.8128},"fill_factor":{"unit":"%","value":79.09840112474144},"jsc":{"unit":"mA\/cm2","value":14.075624999999997},"isc":{"unit":"mA","value":0.5630249999999999},"voc":{"unit":"V","value":1.1508233215547705},"sweep_direction":{"unit":"","value":"Reverse"},"key":"reverse_4_CsPbI2Br+100uL CH2I2_721120801_LiTFSI_TBP"},{"V":{"unit":"V","value":[1.199,1.159,1.119,1.079,1.039,0.999,0.959,0.919,0.879,0.839,0.799,0.759,0.719,0.679,0.639,0.599,0.559,0.519,0.479,0.439,0.399,0.359,0.319,0.279,0.239,0.199,0.159,0.119,0.079,0.039,-0.001,-0.041]},"J":{"unit":"A\/cm2","value":[-0.009800000000000001,-0.001675,0.004975,0.009275,0.0114,0.012375,0.012725,0.012925,0.013025,0.01305,0.013099999999999999,0.013099999999999999,0.01315,0.013125,0.013224999999999999,0.013175000000000001,0.013224999999999999,0.013224999999999999,0.013275,0.01325,0.013300000000000001,0.013300000000000001,0.013325000000000002,0.013300000000000001,0.013325000000000002,0.013349999999999999,0.013325000000000002,0.013349999999999999,0.013375,0.013375,0.0134,0.013425000000000001]},"I":{"unit":"A","value":[-0.00039200000000000004,-6.7e-5,0.000199,0.000371,0.000456,0.000495,0.000509,0.000517,0.000521,0.000522,0.000524,0.000524,0.000526,0.0005250000000000001,0.0005290000000000001,0.000527,0.0005290000000000001,0.0005290000000000001,0.000531,0.00053,0.000532,0.000532,0.000533,0.000532,0.000533,0.0005340000000000001,0.000533,0.0005340000000000001,0.000535,0.000535,0.000536,0.000537]},"efficiency":{"unit":"%","value":12.362625},"fill_factor":{"unit":"%","value":80.30351320978565},"jsc":{"unit":"mA\/cm2","value":13.399375000000003},"isc":{"unit":"mA","value":0.5359750000000001},"voc":{"unit":"V","value":1.148924812030075},"sweep_direction":{"unit":"","value":"Reverse"},"key":"reverse_3_CsPbI2Br+100uL CH2I2_721120801_LiTFSI_TBP"},{"V":{"unit":"V","value":[1.2,1.16,1.12,1.08,1.04,1,0.96,0.92,0.88,0.84,0.8,0.76,0.72,0.68,0.64,0.6,0.56,0.52,0.48,0.44,0.4,0.36,0.32,0.28,0.24,0.2,0.16,0.12,0.08,0.04,0,-0.04]},"J":{"unit":"A\/cm2","value":[-0.009550000000000001,-0.001675,0.004925,0.009224999999999999,0.011450000000000002,0.012475,0.012875,0.01305,0.01315,0.013224999999999999,0.01325,0.013300000000000001,0.013300000000000001,0.013300000000000001,0.013325000000000002,0.013349999999999999,0.013375,0.013375,0.0134,0.0134,0.0134,0.013425000000000001,0.013450000000000002,0.013425000000000001,0.013425000000000001,0.013475,0.013450000000000002,0.013450000000000002,0.013475,0.0135,0.0135,0.013475]},"I":{"unit":"A","value":[-0.000382,-6.7e-5,0.00019700000000000002,0.00036899999999999997,0.000458,0.000499,0.000515,0.000522,0.000526,0.0005290000000000001,0.00053,0.000532,0.000532,0.000532,0.000533,0.0005340000000000001,0.000535,0.000535,0.000536,0.000536,0.000536,0.000537,0.0005380000000000001,0.000537,0.000537,0.000539,0.0005380000000000001,0.0005380000000000001,0.000539,0.00054,0.00054,0.000539]},"efficiency":{"unit":"%","value":12.475},"fill_factor":{"unit":"%","value":80.36485556580432},"jsc":{"unit":"mA\/cm2","value":13.5},"isc":{"unit":"mA","value":0.54},"voc":{"unit":"V","value":1.1498484848484847},"sweep_direction":{"unit":"","value":"Reverse"},"key":"reverse_2_CsPbI2Br+100uL CH2I2_721120801_LiTFSI_TBP"},{"V":{"unit":"V","value":[1.2,1.16,1.12,1.08,1.04,1,0.96,0.92,0.88,0.84,0.8,0.76,0.72,0.68,0.64,0.6,0.56,0.52,0.48,0.44,0.4,0.36,0.32,0.28,0.24,0.2,0.16,0.12,0.08,0.04,0,-0.04]},"J":{"unit":"A\/cm2","value":[-0.008400000000000001,-0.001475,0.00455,0.008825,0.011375,0.012525,0.013125,0.013375,0.013550000000000001,0.013550000000000001,0.013600000000000001,0.013675000000000001,0.01365,0.013725000000000001,0.0137,0.01375,0.013725000000000001,0.01375,0.01375,0.01375,0.013775,0.013775,0.013775,0.013800000000000002,0.013825,0.013775,0.013850000000000001,0.013825,0.013850000000000001,0.013825,0.013850000000000001,0.013825]},"I":{"unit":"A","value":[-0.00033600000000000004,-5.9e-5,0.000182,0.00035299999999999996,0.000455,0.000501,0.0005250000000000001,0.000535,0.0005420000000000001,0.0005420000000000001,0.000544,0.0005470000000000001,0.000546,0.000549,0.0005480000000000001,0.00055,0.000549,0.00055,0.00055,0.00055,0.0005510000000000001,0.0005510000000000001,0.0005510000000000001,0.0005520000000000001,0.000553,0.0005510000000000001,0.000554,0.000553,0.000554,0.000553,0.000554,0.000553]},"efficiency":{"unit":"%","value":12.6},"fill_factor":{"unit":"%","value":79.09419100754839},"jsc":{"unit":"mA\/cm2","value":13.850000000000001},"isc":{"unit":"mA","value":0.554},"voc":{"unit":"V","value":1.1502074688796682},"sweep_direction":{"unit":"","value":"Reverse"},"key":"reverse_1_CsPbI2Br+100uL CH2I2_721120801_LiTFSI_TBP"},{"V":{"unit":"V","value":[-0.05,-0.01,0.03,0.07,0.11,0.15,0.19,0.23,0.27,0.31,0.35,0.39,0.43,0.47,0.51,0.55,0.59,0.63,0.67,0.71,0.75,0.79,0.83,0.87,0.91,0.95,0.99,1.03,1.07,1.11]},"J":{"unit":"A\/cm2","value":[0.014524999999999998,0.014524999999999998,0.014499999999999999,0.01445,0.014474999999999998,0.014424999999999999,0.014424999999999999,0.014349999999999998,0.014374999999999999,0.014325,0.014299999999999998,0.014249999999999999,0.014199999999999999,0.01415,0.014074999999999997,0.01395,0.01375,0.0135,0.01295,0.01215,0.01085,0.009,0.006575,0.0037749999999999997,0.0006749999999999999,-0.002525,-0.0056,-0.00835,-0.010575,-0.012325]},"I":{"unit":"A","value":[0.0005809999999999999,0.0005809999999999999,0.00058,0.000578,0.000579,0.0005769999999999999,0.0005769999999999999,0.000574,0.000575,0.0005729999999999999,0.0005719999999999999,0.00057,0.0005679999999999999,0.000566,0.0005629999999999999,0.000558,0.00055,0.00054,0.000518,0.000486,0.000434,0.00035999999999999997,0.000263,0.00015099999999999998,2.7e-5,-0.000101,-0.000224,-0.00033400000000000004,-0.000423,-0.000493]},"efficiency":{"unit":"%","value":8.6765},"fill_factor":{"unit":"%","value":65.06774203612353},"jsc":{"unit":"mA\/cm2","value":14.518749999999997},"isc":{"unit":"mA","value":0.5807499999999999},"voc":{"unit":"V","value":0.9184375},"sweep_direction":{"unit":"","value":"Forward"},"key":"forward_7_CsPbI2Br+100uL CH2I2_721120801_LiTFSI_TBP"},{"V":{"unit":"V","value":[-0.05,-0.01,0.03,0.07,0.11,0.15,0.19,0.23,0.27,0.31,0.35,0.39,0.43,0.47,0.51,0.55,0.59,0.63,0.67,0.71,0.75,0.79,0.83,0.87,0.91,0.95,0.99,1.03,1.07,1.11,1.15]},"J":{"unit":"A\/cm2","value":[0.015075,0.01505,0.01505,0.014975,0.014975,0.01495,0.014924999999999999,0.014874999999999998,0.014874999999999998,0.014799999999999999,0.014799999999999999,0.014749999999999997,0.0147,0.014649999999999998,0.014575,0.01445,0.014274999999999998,0.014025000000000001,0.013525,0.012775,0.011575,0.009925000000000002,0.007775,0.005375,0.00275,2.5e-5,-0.002775,-0.005525,-0.008199999999999999,-0.010575,-0.01265]},"I":{"unit":"A","value":[0.000603,0.000602,0.000602,0.0005989999999999999,0.0005989999999999999,0.000598,0.000597,0.0005949999999999999,0.0005949999999999999,0.000592,0.000592,0.0005899999999999999,0.000588,0.0005859999999999999,0.000583,0.000578,0.000571,0.0005610000000000001,0.000541,0.0005110000000000001,0.00046300000000000003,0.000397,0.000311,0.000215,0.00011,1.0e-6,-0.000111,-0.000221,-0.000328,-0.000423,-0.000506]},"efficiency":{"unit":"%","value":9.07025},"fill_factor":{"unit":"%","value":63.41557204408205},"jsc":{"unit":"mA\/cm2","value":15.049999999999999},"isc":{"unit":"mA","value":0.602},"voc":{"unit":"V","value":0.9503571428571429},"sweep_direction":{"unit":"","value":"Forward"},"key":"forward_6_CsPbI2Br+100uL CH2I2_721120801_LiTFSI_TBP"},{"V":{"unit":"V","value":[-0.05,-0.01,0.03,0.07,0.11,0.15,0.19,0.23,0.27,0.31,0.35,0.39,0.43,0.47,0.51,0.55,0.59,0.63,0.67,0.71,0.75,0.79,0.83,0.87,0.91,0.95,0.99,1.03,1.07,1.11,1.15]},"J":{"unit":"A\/cm2","value":[0.014000000000000002,0.013975000000000001,0.013975000000000001,0.014000000000000002,0.01395,0.013975000000000001,0.013900000000000001,0.01395,0.013900000000000001,0.013900000000000001,0.013850000000000001,0.013825,0.013775,0.01375,0.0137,0.013575,0.0135,0.013224999999999999,0.01285,0.012125,0.01105,0.0094,0.007274999999999999,0.0047,0.0018499999999999999,-0.001125,-0.0040999999999999995,-0.006900000000000001,-0.009275,-0.01125,-0.012825]},"I":{"unit":"A","value":[0.0005600000000000001,0.000559,0.000559,0.0005600000000000001,0.000558,0.000559,0.0005560000000000001,0.000558,0.0005560000000000001,0.0005560000000000001,0.000554,0.000553,0.0005510000000000001,0.00055,0.0005480000000000001,0.0005430000000000001,0.00054,0.0005290000000000001,0.000514,0.00048499999999999997,0.000442,0.000376,0.00029099999999999997,0.000188,7.4e-5,-4.4999999999999996e-5,-0.000164,-0.00027600000000000004,-0.000371,-0.00045,-0.000513]},"efficiency":{"unit":"%","value":8.6095},"fill_factor":{"unit":"%","value":65.89812466081084},"jsc":{"unit":"mA\/cm2","value":13.975000000000001},"isc":{"unit":"mA","value":0.559},"voc":{"unit":"V","value":0.9348739495798318},"sweep_direction":{"unit":"","value":"Forward"},"key":"forward_5_CsPbI2Br+100uL CH2I2_721120801_LiTFSI_TBP"},{"V":{"unit":"V","value":[-0.05,-0.01,0.03,0.07,0.11,0.15,0.19,0.23,0.27,0.31,0.35,0.39,0.43,0.47,0.51,0.55,0.59,0.63,0.67,0.71,0.75,0.79,0.83,0.87,0.91,0.95,0.99,1.03,1.07,1.11,1.15]},"J":{"unit":"A\/cm2","value":[0.014124999999999999,0.014124999999999999,0.014099999999999998,0.014099999999999998,0.014025000000000001,0.014099999999999998,0.014025000000000001,0.01405,0.01405,0.014000000000000002,0.013975000000000001,0.013975000000000001,0.013925,0.013875000000000002,0.013850000000000001,0.013675000000000001,0.013525,0.013224999999999999,0.01275,0.011949999999999999,0.01075,0.009075,0.007000000000000001,0.004575,0.00195,-0.0008250000000000001,-0.0036249999999999998,-0.00635,-0.008799999999999999,-0.010875,-0.012625]},"I":{"unit":"A","value":[0.000565,0.000565,0.0005639999999999999,0.0005639999999999999,0.0005610000000000001,0.0005639999999999999,0.0005610000000000001,0.0005620000000000001,0.0005620000000000001,0.0005600000000000001,0.000559,0.000559,0.0005570000000000001,0.000555,0.000554,0.0005470000000000001,0.000541,0.0005290000000000001,0.00051,0.00047799999999999996,0.00043,0.000363,0.00028000000000000003,0.000183,7.8e-5,-3.3e-5,-0.000145,-0.000254,-0.000352,-0.000435,-0.000505]},"efficiency":{"unit":"%","value":8.5425},"fill_factor":{"unit":"%","value":64.49645574046848},"jsc":{"unit":"mA\/cm2","value":14.118749999999997},"isc":{"unit":"mA","value":0.5647499999999999},"voc":{"unit":"V","value":0.9381081081081081},"sweep_direction":{"unit":"","value":"Forward"},"key":"forward_4_CsPbI2Br+100uL CH2I2_721120801_LiTFSI_TBP"},{"V":{"unit":"V","value":[-0.05,-0.01,0.03,0.07,0.11,0.15,0.19,0.23,0.27,0.31,0.35,0.39,0.43,0.47,0.51,0.55,0.59,0.63,0.67,0.71,0.75,0.79,0.83,0.87,0.91,0.95,0.99,1.03,1.07,1.11,1.15]},"J":{"unit":"A\/cm2","value":[0.0134,0.0134,0.013375,0.013375,0.0134,0.013375,0.013375,0.013349999999999999,0.013349999999999999,0.013325000000000002,0.013325000000000002,0.013300000000000001,0.01325,0.013275,0.013175000000000001,0.013125,0.012975,0.01275,0.012299999999999998,0.011575,0.01045,0.008875,0.0068000000000000005,0.004324999999999999,0.001625,-0.0012250000000000002,-0.004025,-0.006625,-0.008875,-0.010674999999999999,-0.01215]},"I":{"unit":"A","value":[0.000536,0.000536,0.000535,0.000535,0.000536,0.000535,0.000535,0.0005340000000000001,0.0005340000000000001,0.000533,0.000533,0.000532,0.00053,0.000531,0.000527,0.0005250000000000001,0.000519,0.00051,0.000492,0.00046300000000000003,0.00041799999999999997,0.00035499999999999996,0.000272,0.00017299999999999998,6.500000000000001e-5,-4.9000000000000005e-5,-0.000161,-0.000265,-0.00035499999999999996,-0.00042699999999999997,-0.000486]},"efficiency":{"unit":"%","value":8.241},"fill_factor":{"unit":"%","value":65.96080103342618},"jsc":{"unit":"mA\/cm2","value":13.39375},"isc":{"unit":"mA","value":0.5357500000000001},"voc":{"unit":"V","value":0.9328070175438596},"sweep_direction":{"unit":"","value":"Forward"},"key":"forward_3_CsPbI2Br+100uL CH2I2_721120801_LiTFSI_TBP"},{"V":{"unit":"V","value":[-0.05,-0.01,0.03,0.07,0.11,0.15,0.19,0.23,0.27,0.31,0.35,0.39,0.43,0.47,0.51,0.55,0.59,0.63,0.67,0.71,0.75,0.79,0.83,0.87,0.91,0.95,0.99,1.03,1.07,1.11,1.15]},"J":{"unit":"A\/cm2","value":[0.013450000000000002,0.013450000000000002,0.013450000000000002,0.013450000000000002,0.013450000000000002,0.013450000000000002,0.013450000000000002,0.013425000000000001,0.013425000000000001,0.013425000000000001,0.0134,0.0134,0.013375,0.013349999999999999,0.013275,0.013200000000000002,0.01305,0.012775,0.012325,0.011525,0.010375,0.008725,0.006725000000000001,0.004375,0.0018499999999999999,-0.0008250000000000001,-0.0034750000000000002,-0.00605,-0.00835,-0.010324999999999999,-0.011949999999999999]},"I":{"unit":"A","value":[0.0005380000000000001,0.0005380000000000001,0.0005380000000000001,0.0005380000000000001,0.0005380000000000001,0.0005380000000000001,0.0005380000000000001,0.000537,0.000537,0.000537,0.000536,0.000536,0.000535,0.0005340000000000001,0.000531,0.000528,0.000522,0.0005110000000000001,0.000493,0.00046100000000000004,0.000415,0.00034899999999999997,0.00026900000000000003,0.000175,7.4e-5,-3.3e-5,-0.00013900000000000002,-0.000242,-0.00033400000000000004,-0.00041299999999999996,-0.00047799999999999996]},"efficiency":{"unit":"%","value":8.25775},"fill_factor":{"unit":"%","value":65.47754862485397},"jsc":{"unit":"mA\/cm2","value":13.450000000000001},"isc":{"unit":"mA","value":0.538},"voc":{"unit":"V","value":0.9376635514018691},"sweep_direction":{"unit":"","value":"Forward"},"key":"forward_2_CsPbI2Br+100uL CH2I2_721120801_LiTFSI_TBP"},{"V":{"unit":"V","value":[-0.05,-0.01,0.03,0.07,0.11,0.15,0.19,0.23,0.27,0.31,0.35,0.39,0.43,0.47,0.51,0.55,0.59,0.63,0.67,0.71,0.75,0.79,0.83,0.87,0.91,0.95,0.99,1.03,1.07,1.11,1.15]},"J":{"unit":"A\/cm2","value":[0.013825,0.013825,0.013850000000000001,0.013850000000000001,0.013850000000000001,0.013800000000000002,0.013850000000000001,0.013800000000000002,0.013800000000000002,0.013800000000000002,0.013775,0.01375,0.01375,0.0137,0.013575,0.013475,0.013224999999999999,0.012825,0.012125,0.01105,0.009625,0.007825,0.005725000000000001,0.0035000000000000005,0.0012,-0.0012250000000000002,-0.0037249999999999996,-0.0062,-0.00855,-0.010575,-0.012275000000000001]},"I":{"unit":"A","value":[0.000553,0.000553,0.000554,0.000554,0.000554,0.0005520000000000001,0.000554,0.0005520000000000001,0.0005520000000000001,0.0005520000000000001,0.0005510000000000001,0.00055,0.00055,0.0005480000000000001,0.0005430000000000001,0.000539,0.0005290000000000001,0.000513,0.00048499999999999997,0.000442,0.00038500000000000003,0.000313,0.000229,0.00014000000000000001,4.8e-5,-4.9000000000000005e-5,-0.000149,-0.000248,-0.000342,-0.000423,-0.000491]},"efficiency":{"unit":"%","value":8.12375},"fill_factor":{"unit":"%","value":63.1696493324556},"jsc":{"unit":"mA\/cm2","value":13.83125},"isc":{"unit":"mA","value":0.55325},"voc":{"unit":"V","value":0.9297938144329897},"sweep_direction":{"unit":"","value":"Forward"},"key":"forward_1_CsPbI2Br+100uL CH2I2_721120801_LiTFSI_TBP"}]}}