{"_id":"65313d88bb24d36de057a4a4","id":"CAU-SC-00517","author":67,"group":7,"input":[{"tco":{"unit":"","value":"ITO"}},[],{"htl":[{"material":{"unit":"","value":"PEDOT:PSS"},"concentration":{"unit":"","value":"None"},"conc_unit":{"unit":"","value":"mg\/ml"},"quantity":{"unit":"ml","value":"0.1"}}],"spin_coating":[{"type":{"unit":"","value":"drop&run"},"rpm":{"unit":"","value":"5000"},"time":{"unit":"s","value":"30"}}],"annealing":[{"temperature":{"unit":"oC","value":"150"},"time":{"unit":"m","value":"20"}}]},[],{"perovskite":{"method":{"unit":"","value":"1step"},"molarity":{"unit":"M","value":"1"},"a_site":[{"material":{"unit":"","value":"FA"},"ratio":{"unit":"","value":"45"}},{"material":{"unit":"","value":"DMA"},"ratio":{"unit":"","value":"45"}},{"material":{"unit":"","value":"PEA"},"ratio":{"unit":"","value":"10"}}],"b_site":[{"material":{"unit":"","value":"Sn"},"ratio":{"unit":"","value":"100"}}],"x_site":[{"material":{"unit":"","value":"I"},"ratio":{"unit":"","value":"60"}},{"material":{"unit":"","value":"Br"},"ratio":{"unit":"","value":"30"}},{"material":{"unit":"","value":"Cl"},"ratio":{"unit":"","value":"10"}}],"solvent":[{"material":{"unit":"","value":"DMF"},"volume":{"unit":"ml","value":"0.8"}},{"material":{"unit":"","value":"DMSO"},"volume":{"unit":"ml","value":"0.2"}}],"additive":[{"material":{"unit":"","value":"SnF2"},"solvent":{"unit":"","value":"none"},"concentration":{"unit":"","value":"15.6"},"conc_unit":{"unit":"","value":"mg\/ml"},"quantity":{"unit":"mol%","value":"10"}},{"material":{"unit":"","value":"Sn"},"solvent":{"unit":"","value":"none"},"concentration":{"unit":"","value":"10"},"conc_unit":{"unit":"","value":"mg\/ml"},"quantity":{"unit":"mol%","value":"7"}}],"stirring_time":[{"unit":"m","value":"120"}],"antisolvent":[{"material":{"unit":"","value":"CB"},"quantity":{"unit":"ul","value":"300"},"dripping_time":{"unit":"s","value":"15"}}],"spin_coating":[{"type":{"unit":"","value":"drop&run"},"rpm":{"unit":"","value":"6000"},"time":{"unit":"s","value":"30"}}],"annealing":[{"temperature":{"unit":"oC","value":"70"},"time":{"unit":"m","value":"10"}}],"atmosphere":[{"type":{"unit":"","value":"N2"},"temperature":{"unit":"oC","value":"25"},"humidity":{"unit":"RH%","value":"0"}}]}},{"etl":[{"material":{"unit":"","value":"PC61BM"},"concentration":{"unit":"","value":"20"},"conc_unit":{"unit":"","value":"mg\/ml"},"quantity":{"unit":"ml","value":"0.05"}}],"solvent":[{"material":{"unit":"","value":"CB"},"volume":{"unit":"ml","value":"0.75"}},{"material":{"unit":"","value":"DCB"},"volume":{"unit":"ml","value":"0.25"}}],"spin_coating":[{"type":{"unit":"","value":"drop&run"},"rpm":{"unit":"","value":"1500"},"time":{"unit":"s","value":"30"}}],"annealing":[{"temperature":{"unit":"oC","value":"70"},"time":{"unit":"m","value":"5"}}]},{"anode_metal":{"unit":"","value":"Ag"}},{"note":{"unit":"","value":"PDF"},"ar":{"unit":"","value":"0"},"type":{"unit":"","value":"unit_cell"},"device_type":{"unit":"","value":"p-i-n"},"temperature":{"unit":"\u2103","value":"25"},"humidity":{"unit":"%","value":"35"},"cell_dimension":{"unit":"cm2","value":"0.04"}}],"fileinfo":[{"key":"22305015","uploadType":"JV","original_name":"22305015.xlsx","save_name":"CAU-SC-00517\/22305015","uploader":67,"fileType":"group"}],"jvcnt":2,"updated_at":"2024-06-03 08:38:35","created_at":"2023-10-19 14:30:32","analysisInfo":{"JV":[{"efficiency":1.4749999999999999,"fill_factor":68.73598831204815,"jsc":3.3000000000000003,"voc":0.6502702702702703,"key":"reverse_1_22305015","cell_dimension":null},{"efficiency":1.6500000000000001,"fill_factor":74.33085338577038,"jsc":3.2625,"voc":0.6803999999999999,"key":"forward_1_22305015","cell_dimension":null}]},"public":2,"analysis":{"JV":[{"V":{"unit":"V","value":[0.7,0.68,0.66,0.64,0.62,0.6,0.58,0.56,0.54,0.52,0.5,0.48,0.46,0.44,0.42,0.4,0.38,0.36,0.34,0.32,0.3,0.28,0.26,0.24,0.22,0.2,0.18,0.16,0.14,0.12,0.1,0.08,0.06,0.04,0.02,0,-0.02,-0.04]},"J":{"unit":"A\/cm2","value":[-0.002925,-0.001575,-0.00044999999999999993,0.000475,0.0012,0.0017749999999999999,0.002175,0.0024500000000000004,0.002675,0.0028250000000000003,0.00295,0.003,0.0030749999999999996,0.00315,0.003175,0.003175,0.0032,0.00325,0.00325,0.003225,0.00325,0.0032749999999999997,0.0032749999999999997,0.00325,0.00325,0.0033000000000000004,0.0032749999999999997,0.00325,0.0032749999999999997,0.0033000000000000004,0.0033000000000000004,0.0032749999999999997,0.0032749999999999997,0.0033000000000000004,0.0033000000000000004,0.0033000000000000004,0.0033000000000000004,0.0033250000000000003]},"I":{"unit":"A","value":[-0.00011700000000000001,-6.3e-5,-1.7999999999999997e-5,1.9e-5,4.8e-5,7.099999999999999e-5,8.7e-5,9.800000000000001e-5,0.000107,0.00011300000000000001,0.000118,0.00011999999999999999,0.000123,0.000126,0.000127,0.000127,0.000128,0.00013000000000000002,0.00013000000000000002,0.000129,0.00013000000000000002,0.000131,0.000131,0.00013000000000000002,0.00013000000000000002,0.000132,0.000131,0.00013000000000000002,0.000131,0.000132,0.000132,0.000131,0.000131,0.000132,0.000132,0.000132,0.000132,0.000133]},"efficiency":{"unit":"%","value":1.4749999999999999},"fill_factor":{"unit":"%","value":68.73598831204815},"jsc":{"unit":"mA\/cm2","value":3.3000000000000003},"isc":{"unit":"mA","value":0.132},"voc":{"unit":"V","value":0.6502702702702703},"sweep_direction":{"unit":"","value":"Reverse"},"key":"reverse_1_22305015"},{"V":{"unit":"V","value":[-0.05,-0.03,-0.01,0.01,0.03,0.05,0.07,0.09,0.11,0.13,0.15,0.17,0.19,0.21,0.23,0.25,0.27,0.29,0.31,0.33,0.35,0.37,0.39,0.41,0.43,0.45,0.47,0.49,0.51,0.53,0.55,0.57,0.59,0.61,0.63,0.65,0.67,0.69]},"J":{"unit":"A\/cm2","value":[0.00325,0.00325,0.0032749999999999997,0.00325,0.00325,0.0032749999999999997,0.0033000000000000004,0.0032749999999999997,0.00325,0.0032749999999999997,0.0033000000000000004,0.0032749999999999997,0.00325,0.0032749999999999997,0.0032749999999999997,0.00325,0.00325,0.0032749999999999997,0.0032749999999999997,0.00325,0.003225,0.00325,0.00325,0.003225,0.0032,0.003225,0.0032,0.00315,0.0031,0.0030749999999999996,0.003,0.002875,0.0026999999999999997,0.002475,0.0021000000000000003,0.0015,0.0006499999999999999,-0.0006]},"I":{"unit":"A","value":[0.00013000000000000002,0.00013000000000000002,0.000131,0.00013000000000000002,0.00013000000000000002,0.000131,0.000132,0.000131,0.00013000000000000002,0.000131,0.000132,0.000131,0.00013000000000000002,0.000131,0.000131,0.00013000000000000002,0.00013000000000000002,0.000131,0.000131,0.00013000000000000002,0.000129,0.00013000000000000002,0.00013000000000000002,0.000129,0.000128,0.000129,0.000128,0.000126,0.000124,0.000123,0.00011999999999999999,0.000115,0.000108,9.900000000000001e-5,8.400000000000001e-5,5.9999999999999995e-5,2.6e-5,-2.4e-5]},"efficiency":{"unit":"%","value":1.6500000000000001},"fill_factor":{"unit":"%","value":74.33085338577038},"jsc":{"unit":"mA\/cm2","value":3.2625},"isc":{"unit":"mA","value":0.1305},"voc":{"unit":"V","value":0.6803999999999999},"sweep_direction":{"unit":"","value":"Forward"},"key":"forward_1_22305015"}]}}