{"_id":"652fc72c6499622b4e49c9d4","id":"CAU-SC-00362","author":70,"group":7,"input":[{"tco":{"unit":"","value":"ITO"}},[],{"etl":[{"material":{"unit":"","value":"SnO2"},"concentration":{"unit":"","value":"1.5"},"conc_unit":{"unit":"","value":"wt%"},"quantity":{"unit":"ml","value":"0.3"}}],"solvent":[{"material":{"unit":"","value":"DI Water"},"volume":{"unit":"ml","value":"2.7"}}],"spin_coating":[{"type":{"unit":"","value":"drop&run"},"rpm":{"unit":"","value":"1000"},"time":{"unit":"s","value":"0.5"}},{"type":{"unit":"","value":"drop&run"},"rpm":{"unit":"","value":"3000"},"time":{"unit":"s","value":"30"}}],"vacuum_suction":[{"unit":"s","value":"0"}],"annealing":[{"temperature":{"unit":"oC","value":"170"},"time":{"unit":"m","value":"30"}}]},{"etl":[{"material":{"unit":"","value":"ZnO"},"concentration":{"unit":"","value":"109.75"},"conc_unit":{"unit":"","value":"mg\/ml"},"quantity":{"unit":"ml","value":"1"}}],"solvent":[{"material":{"unit":"","value":"2-ME"},"volume":{"unit":"ml","value":"2"}},{"material":{"unit":"","value":"Ethanolamine"},"volume":{"unit":"ml","value":"0.067"}}],"spin_coating":[{"type":{"unit":"","value":"drop&run"},"rpm":{"unit":"","value":"5000"},"time":{"unit":"s","value":"30"}}],"vacuum_suction":[{"unit":"s","value":"0"}],"annealing":[{"temperature":{"unit":"oC","value":"170"},"time":{"unit":"m","value":"30"}}]},[],{"perovskite":{"method":{"unit":"","value":"1step"},"molarity":{"unit":"M","value":"1.2"},"a_site":[{"material":{"unit":"","value":"Cs"},"ratio":{"unit":"","value":"105"}}],"b_site":[{"material":{"unit":"","value":"Pb"},"ratio":{"unit":"","value":"100"}}],"x_site":[{"material":{"unit":"","value":"I"},"ratio":{"unit":"","value":"67"}},{"material":{"unit":"","value":"Br"},"ratio":{"unit":"","value":"33"}}],"solvent":[{"material":{"unit":"","value":"DMSO"},"volume":{"unit":"ml","value":"0.7"}},{"material":{"unit":"","value":"DMF"},"volume":{"unit":"ml","value":"0.3"}}],"stirring_time":[{"unit":"m","value":"960"}],"spin_coating":[{"type":{"unit":"","value":"drop&run"},"rpm":{"unit":"","value":"3000"},"time":{"unit":"s","value":"43"}}],"annealing":[{"temperature":{"unit":"oC","value":"235"},"time":{"unit":"m","value":"10"}}],"atmosphere":[{"type":{"unit":"","value":"air"},"temperature":{"unit":"oC","value":"20"},"humidity":{"unit":"RH%","value":"35"}}],"assist":[{"type":{"unit":"","value":"hot air assist"},"temperature":{"unit":"oC","value":"230"},"assist_start_time":{"value":8,"unit":"s"},"total_assist_time":{"value":"0.233","unit":"s"}}],"additive":[{"material":{"unit":"","value":"CH2I2"},"solvent":{"unit":"","value":null},"concentration":{"unit":"","value":"100 uL"},"conc_unit":{"unit":"","value":null},"quantity":{"unit":"mol%","value":null}}]}},{"htl":[{"material":{"unit":"","value":"P3HT"},"concentration":{"unit":"","value":"10"},"conc_unit":{"unit":"","value":"mg\/ml"},"quantity":{"unit":"ml","value":"0.1"}}],"solvent":[{"material":{"unit":"","value":"CB"},"volume":{"unit":"ml","value":"1"}}],"spin_coating":[{"type":{"unit":"","value":"dynamic"},"rpm":{"unit":"","value":"3000"},"time":{"unit":"s","value":"30"}}],"vacuum_suction":[{"unit":"s","value":"0"}],"annealing":[{"temperature":{"unit":"oC","value":"100"},"time":{"unit":"m","value":"5"}}]},{"anode_metal":{"unit":"","value":"Au"}},{"note":{"unit":"","value":"CsPbI2Br+100uL Ch2I2_722041203"},"ar":{"unit":"","value":"0"},"type":{"unit":"","value":"unit_cell"},"device_type":{"unit":"","value":"n-i-p"},"temperature":{"unit":"\u2103","value":"20"},"humidity":{"unit":"%","value":"35"},"cell_dimension":{"unit":"cm2","value":"0.04"}}],"fileinfo":[{"key":"CsPbI2Br+100uL Ch2I2_722041203","uploadType":"JV","original_name":"CsPbI2Br+100uL Ch2I2_722041203.xlsx","save_name":"CAU-SC-00362\/CsPbI2Br+100uL Ch2I2_722041203","uploader":70,"fileType":"group"}],"jvcnt":10,"updated_at":"2024-06-03 08:38:34","created_at":"2023-10-18 11:53:16","analysisInfo":{"JV":[{"efficiency":14.412799999999997,"fill_factor":80.52604504836003,"jsc":15.274999999999999,"voc":1.1717386934673366,"key":"reverse_5_CsPbI2Br+100uL Ch2I2_722041203","cell_dimension":null},{"efficiency":13.980800000000002,"fill_factor":80.43890531429423,"jsc":14.7675,"voc":1.1769523809523808,"key":"reverse_4_CsPbI2Br+100uL Ch2I2_722041203","cell_dimension":null},{"efficiency":13.740249999999998,"fill_factor":81.09505447309616,"jsc":14.294374999999997,"voc":1.1853185840707965,"key":"reverse_3_CsPbI2Br+100uL Ch2I2_722041203","cell_dimension":null},{"efficiency":14.2425,"fill_factor":82.4608585503499,"jsc":14.359374999999998,"voc":1.202826086956522,"key":"reverse_2_CsPbI2Br+100uL Ch2I2_722041203","cell_dimension":null},{"efficiency":14.701725000000001,"fill_factor":82.43290763159837,"jsc":14.478749999999998,"voc":1.2317898089171977,"key":"reverse_1_CsPbI2Br+100uL Ch2I2_722041203","cell_dimension":null},{"efficiency":13.290750000000001,"fill_factor":76.91878657103663,"jsc":15.293749999999998,"voc":1.1298039215686275,"key":"forward_5_CsPbI2Br+100uL Ch2I2_722041203","cell_dimension":null},{"efficiency":13.09275,"fill_factor":77.61950600892985,"jsc":14.862499999999997,"voc":1.134927536231884,"key":"forward_4_CsPbI2Br+100uL Ch2I2_722041203","cell_dimension":null},{"efficiency":12.74625,"fill_factor":78.11604107468474,"jsc":14.318749999999996,"voc":1.1395597484276732,"key":"forward_3_CsPbI2Br+100uL Ch2I2_722041203","cell_dimension":null},{"efficiency":13.117500000000001,"fill_factor":79.16951513467164,"jsc":14.387499999999998,"voc":1.1516161616161615,"key":"forward_2_CsPbI2Br+100uL Ch2I2_722041203","cell_dimension":null},{"efficiency":13.621750000000002,"fill_factor":79.4282146372588,"jsc":14.487499999999997,"voc":1.1837627118644067,"key":"forward_1_CsPbI2Br+100uL Ch2I2_722041203","cell_dimension":null}]},"public":2,"analysis":{"JV":[{"V":{"unit":"V","value":[1.224,1.184,1.144,1.104,1.064,1.024,0.984,0.944,0.904,0.864,0.824,0.784,0.744,0.704,0.664,0.624,0.584,0.544,0.504,0.464,0.424,0.384,0.344,0.304,0.264,0.224,0.184,0.144,0.104,0.064,0.024,-0.016]},"J":{"unit":"A\/cm2","value":[-0.0201,-0.0030499999999999998,0.006900000000000001,0.011525,0.013349999999999999,0.014074999999999997,0.014374999999999999,0.014499999999999999,0.014575,0.014725,0.0147,0.014774999999999998,0.014774999999999998,0.014799999999999999,0.014899999999999998,0.014899999999999998,0.014975,0.014975,0.014975,0.01505,0.015024999999999998,0.015075,0.015125,0.015099999999999999,0.015125,0.0152,0.015149999999999999,0.0152,0.015274999999999999,0.0152,0.015274999999999999,0.015274999999999999]},"I":{"unit":"A","value":[-0.000804,-0.000122,0.00027600000000000004,0.00046100000000000004,0.0005340000000000001,0.0005629999999999999,0.000575,0.00058,0.000583,0.000589,0.000588,0.0005909999999999999,0.0005909999999999999,0.000592,0.000596,0.000596,0.0005989999999999999,0.0005989999999999999,0.0005989999999999999,0.000602,0.000601,0.000603,0.000605,0.0006039999999999999,0.000605,0.000608,0.000606,0.000608,0.000611,0.000608,0.000611,0.000611]},"efficiency":{"unit":"%","value":14.412799999999997},"fill_factor":{"unit":"%","value":80.52604504836003},"jsc":{"unit":"mA\/cm2","value":15.274999999999999},"isc":{"unit":"mA","value":0.611},"voc":{"unit":"V","value":1.1717386934673366},"sweep_direction":{"unit":"","value":"Reverse"},"key":"reverse_5_CsPbI2Br+100uL Ch2I2_722041203"},{"V":{"unit":"V","value":[1.228,1.188,1.148,1.108,1.068,1.028,0.988,0.948,0.908,0.868,0.828,0.788,0.748,0.708,0.668,0.628,0.588,0.548,0.508,0.468,0.428,0.388,0.348,0.308,0.268,0.228,0.188,0.148,0.108,0.068,0.028,-0.012]},"J":{"unit":"A\/cm2","value":[-0.013,-0.002175,0.0057,0.010424999999999999,0.012725,0.013600000000000001,0.014025000000000001,0.014249999999999999,0.014274999999999998,0.014374999999999999,0.014374999999999999,0.014374999999999999,0.01445,0.014424999999999999,0.01445,0.014499999999999999,0.014499999999999999,0.014524999999999998,0.014575,0.014575,0.014575,0.0146,0.0146,0.014649999999999998,0.014674999999999999,0.014649999999999998,0.014725,0.0147,0.014725,0.014774999999999998,0.014749999999999997,0.014774999999999998]},"I":{"unit":"A","value":[-0.0005200000000000001,-8.7e-5,0.000228,0.000417,0.000509,0.000544,0.0005610000000000001,0.00057,0.000571,0.000575,0.000575,0.000575,0.000578,0.0005769999999999999,0.000578,0.00058,0.00058,0.0005809999999999999,0.000583,0.000583,0.000583,0.000584,0.000584,0.0005859999999999999,0.000587,0.0005859999999999999,0.000589,0.000588,0.000589,0.0005909999999999999,0.0005899999999999999,0.0005909999999999999]},"efficiency":{"unit":"%","value":13.980800000000002},"fill_factor":{"unit":"%","value":80.43890531429423},"jsc":{"unit":"mA\/cm2","value":14.7675},"isc":{"unit":"mA","value":0.5907},"voc":{"unit":"V","value":1.1769523809523808},"sweep_direction":{"unit":"","value":"Reverse"},"key":"reverse_4_CsPbI2Br+100uL Ch2I2_722041203"},{"V":{"unit":"V","value":[1.237,1.197,1.157,1.117,1.077,1.037,0.997,0.957,0.917,0.877,0.837,0.797,0.757,0.717,0.677,0.637,0.597,0.557,0.517,0.477,0.437,0.397,0.357,0.317,0.277,0.237,0.197,0.157,0.117,0.077,0.037,-0.003,-0.043]},"J":{"unit":"A\/cm2","value":[-0.015274999999999999,-0.002475,0.006,0.0105,0.0125,0.01325,0.013575,0.0137,0.013775,0.013850000000000001,0.013875000000000002,0.013875000000000002,0.01395,0.013925,0.013975000000000001,0.014025000000000001,0.014000000000000002,0.01405,0.014074999999999997,0.01405,0.014099999999999998,0.014099999999999998,0.014099999999999998,0.01415,0.01415,0.014174999999999998,0.014199999999999999,0.014224999999999998,0.014224999999999998,0.014249999999999999,0.014224999999999998,0.014299999999999998,0.014299999999999998]},"I":{"unit":"A","value":[-0.000611,-9.900000000000001e-5,0.00023999999999999998,0.00041999999999999996,0.0005,0.00053,0.0005430000000000001,0.0005480000000000001,0.0005510000000000001,0.000554,0.000555,0.000555,0.000558,0.0005570000000000001,0.000559,0.0005610000000000001,0.0005600000000000001,0.0005620000000000001,0.0005629999999999999,0.0005620000000000001,0.0005639999999999999,0.0005639999999999999,0.0005639999999999999,0.000566,0.000566,0.0005669999999999999,0.0005679999999999999,0.000569,0.000569,0.00057,0.000569,0.0005719999999999999,0.0005719999999999999]},"efficiency":{"unit":"%","value":13.740249999999998},"fill_factor":{"unit":"%","value":81.09505447309616},"jsc":{"unit":"mA\/cm2","value":14.294374999999997},"isc":{"unit":"mA","value":0.5717749999999999},"voc":{"unit":"V","value":1.1853185840707965},"sweep_direction":{"unit":"","value":"Reverse"},"key":"reverse_3_CsPbI2Br+100uL Ch2I2_722041203"},{"V":{"unit":"V","value":[1.255,1.215,1.175,1.135,1.095,1.055,1.015,0.975,0.935,0.895,0.855,0.815,0.775,0.735,0.695,0.655,0.615,0.575,0.535,0.495,0.455,0.415,0.375,0.335,0.295,0.255,0.215,0.175,0.135,0.095,0.055,0.015,-0.025]},"J":{"unit":"A\/cm2","value":[-0.0183,-0.0028,0.0064,0.010924999999999999,0.012825,0.0135,0.013850000000000001,0.013975000000000001,0.014000000000000002,0.014099999999999998,0.014124999999999999,0.014074999999999997,0.01415,0.014124999999999999,0.01415,0.014174999999999998,0.01415,0.014199999999999999,0.014199999999999999,0.014199999999999999,0.014249999999999999,0.014224999999999998,0.014249999999999999,0.014299999999999998,0.014249999999999999,0.014299999999999998,0.014299999999999998,0.014274999999999998,0.014349999999999998,0.014374999999999999,0.014325,0.014349999999999998,0.014374999999999999]},"I":{"unit":"A","value":[-0.000732,-0.000112,0.000256,0.000437,0.000513,0.00054,0.000554,0.000559,0.0005600000000000001,0.0005639999999999999,0.000565,0.0005629999999999999,0.000566,0.000565,0.000566,0.0005669999999999999,0.000566,0.0005679999999999999,0.0005679999999999999,0.0005679999999999999,0.00057,0.000569,0.00057,0.0005719999999999999,0.00057,0.0005719999999999999,0.0005719999999999999,0.000571,0.000574,0.000575,0.0005729999999999999,0.000574,0.000575]},"efficiency":{"unit":"%","value":14.2425},"fill_factor":{"unit":"%","value":82.4608585503499},"jsc":{"unit":"mA\/cm2","value":14.359374999999998},"isc":{"unit":"mA","value":0.574375},"voc":{"unit":"V","value":1.202826086956522},"sweep_direction":{"unit":"","value":"Reverse"},"key":"reverse_2_CsPbI2Br+100uL Ch2I2_722041203"},{"V":{"unit":"V","value":[1.283,1.243,1.203,1.163,1.123,1.083,1.043,1.003,0.963,0.923,0.883,0.843,0.803,0.763,0.723,0.683,0.643,0.603,0.563,0.523,0.483,0.443,0.403,0.363,0.323,0.283,0.243,0.203,0.163,0.123,0.083,0.043,0.003,-0.037]},"J":{"unit":"A\/cm2","value":[-0.013224999999999999,-0.0021999999999999997,0.0056500000000000005,0.01035,0.0126,0.013575,0.01395,0.014099999999999998,0.014174999999999998,0.014249999999999999,0.014224999999999998,0.014274999999999998,0.014274999999999998,0.014274999999999998,0.014325,0.014299999999999998,0.014374999999999999,0.014325,0.014299999999999998,0.014399999999999998,0.014374999999999999,0.014374999999999999,0.014424999999999999,0.014349999999999998,0.014399999999999998,0.014424999999999999,0.014424999999999999,0.01445,0.01445,0.014424999999999999,0.014499999999999999,0.01445,0.014474999999999998,0.014524999999999998]},"I":{"unit":"A","value":[-0.0005290000000000001,-8.8e-5,0.00022600000000000002,0.000414,0.000504,0.0005430000000000001,0.000558,0.0005639999999999999,0.0005669999999999999,0.00057,0.000569,0.000571,0.000571,0.000571,0.0005729999999999999,0.0005719999999999999,0.000575,0.0005729999999999999,0.0005719999999999999,0.0005759999999999999,0.000575,0.000575,0.0005769999999999999,0.000574,0.0005759999999999999,0.0005769999999999999,0.0005769999999999999,0.000578,0.000578,0.0005769999999999999,0.00058,0.000578,0.000579,0.0005809999999999999]},"efficiency":{"unit":"%","value":14.701725000000001},"fill_factor":{"unit":"%","value":82.43290763159837},"jsc":{"unit":"mA\/cm2","value":14.478749999999998},"isc":{"unit":"mA","value":0.5791499999999999},"voc":{"unit":"V","value":1.2317898089171977},"sweep_direction":{"unit":"","value":"Reverse"},"key":"reverse_1_CsPbI2Br+100uL Ch2I2_722041203"},{"V":{"unit":"V","value":[-0.05,-0.01,0.03,0.07,0.11,0.15,0.19,0.23,0.27,0.31,0.35,0.39,0.43,0.47,0.51,0.55,0.59,0.63,0.67,0.71,0.75,0.79,0.83,0.87,0.91,0.95,0.99,1.03,1.07,1.11,1.15,1.19,1.23]},"J":{"unit":"A\/cm2","value":[0.015325,0.015274999999999999,0.015349999999999999,0.015325,0.0152,0.0153,0.0152,0.015175,0.0152,0.015099999999999999,0.015125,0.015099999999999999,0.015,0.015,0.015,0.014899999999999998,0.014899999999999998,0.014825,0.014799999999999999,0.014749999999999997,0.014624999999999997,0.0146,0.01445,0.014299999999999998,0.014199999999999999,0.013925,0.013425000000000001,0.012475,0.010225,0.00505,-0.005149999999999999,-0.021625,-0.043275]},"I":{"unit":"A","value":[0.0006129999999999999,0.000611,0.000614,0.0006129999999999999,0.000608,0.000612,0.000608,0.000607,0.000608,0.0006039999999999999,0.000605,0.0006039999999999999,0.0006,0.0006,0.0006,0.000596,0.000596,0.000593,0.000592,0.0005899999999999999,0.000585,0.000584,0.000578,0.0005719999999999999,0.0005679999999999999,0.0005570000000000001,0.000537,0.000499,0.00040899999999999997,0.000202,-0.000206,-0.000865,-0.0017310000000000001]},"efficiency":{"unit":"%","value":13.290750000000001},"fill_factor":{"unit":"%","value":76.91878657103663},"jsc":{"unit":"mA\/cm2","value":15.293749999999998},"isc":{"unit":"mA","value":0.6117499999999999},"voc":{"unit":"V","value":1.1298039215686275},"sweep_direction":{"unit":"","value":"Forward"},"key":"forward_5_CsPbI2Br+100uL Ch2I2_722041203"},{"V":{"unit":"V","value":[-0.05,-0.01,0.03,0.07,0.11,0.15,0.19,0.23,0.27,0.31,0.35,0.39,0.43,0.47,0.51,0.55,0.59,0.63,0.67,0.71,0.75,0.79,0.83,0.87,0.91,0.95,0.99,1.03,1.07,1.11,1.15,1.19,1.23]},"J":{"unit":"A\/cm2","value":[0.014799999999999999,0.014874999999999998,0.014825,0.014799999999999999,0.014799999999999999,0.014825,0.0147,0.014725,0.0147,0.014649999999999998,0.0147,0.014649999999999998,0.0146,0.014624999999999997,0.014524999999999998,0.014549999999999999,0.014524999999999998,0.01445,0.014424999999999999,0.014374999999999999,0.014325,0.014299999999999998,0.014174999999999998,0.014025000000000001,0.01395,0.0137,0.013224999999999999,0.012325,0.010075,0.005375,-0.00325,-0.016225,-0.03282499999999999]},"I":{"unit":"A","value":[0.000592,0.0005949999999999999,0.000593,0.000592,0.000592,0.000593,0.000588,0.000589,0.000588,0.0005859999999999999,0.000588,0.0005859999999999999,0.000584,0.000585,0.0005809999999999999,0.0005819999999999999,0.0005809999999999999,0.000578,0.0005769999999999999,0.000575,0.0005729999999999999,0.0005719999999999999,0.0005669999999999999,0.0005610000000000001,0.000558,0.0005480000000000001,0.0005290000000000001,0.000493,0.00040300000000000004,0.000215,-0.00013000000000000002,-0.0006490000000000001,-0.001313]},"efficiency":{"unit":"%","value":13.09275},"fill_factor":{"unit":"%","value":77.61950600892985},"jsc":{"unit":"mA\/cm2","value":14.862499999999997},"isc":{"unit":"mA","value":0.5944999999999999},"voc":{"unit":"V","value":1.134927536231884},"sweep_direction":{"unit":"","value":"Forward"},"key":"forward_4_CsPbI2Br+100uL Ch2I2_722041203"},{"V":{"unit":"V","value":[-0.05,-0.01,0.03,0.07,0.11,0.15,0.19,0.23,0.27,0.31,0.35,0.39,0.43,0.47,0.51,0.55,0.59,0.63,0.67,0.71,0.75,0.79,0.83,0.87,0.91,0.95,0.99,1.03,1.07,1.11,1.15,1.19,1.23]},"J":{"unit":"A\/cm2","value":[0.014274999999999998,0.014325,0.014299999999999998,0.014249999999999999,0.014299999999999998,0.014224999999999998,0.014199999999999999,0.014224999999999998,0.01415,0.014174999999999998,0.014174999999999998,0.014124999999999999,0.014099999999999998,0.014074999999999997,0.01405,0.014074999999999997,0.013975000000000001,0.014000000000000002,0.013925,0.013875000000000002,0.013850000000000001,0.013775,0.0137,0.01365,0.013475,0.01325,0.012875,0.011975,0.010075,0.005874999999999999,-0.002075,-0.014374999999999999,-0.0305]},"I":{"unit":"A","value":[0.000571,0.0005729999999999999,0.0005719999999999999,0.00057,0.0005719999999999999,0.000569,0.0005679999999999999,0.000569,0.000566,0.0005669999999999999,0.0005669999999999999,0.000565,0.0005639999999999999,0.0005629999999999999,0.0005620000000000001,0.0005629999999999999,0.000559,0.0005600000000000001,0.0005570000000000001,0.000555,0.000554,0.0005510000000000001,0.0005480000000000001,0.000546,0.000539,0.00053,0.000515,0.000479,0.00040300000000000004,0.000235,-8.3e-5,-0.000575,-0.00122]},"efficiency":{"unit":"%","value":12.74625},"fill_factor":{"unit":"%","value":78.11604107468474},"jsc":{"unit":"mA\/cm2","value":14.318749999999996},"isc":{"unit":"mA","value":0.5727499999999999},"voc":{"unit":"V","value":1.1395597484276732},"sweep_direction":{"unit":"","value":"Forward"},"key":"forward_3_CsPbI2Br+100uL Ch2I2_722041203"},{"V":{"unit":"V","value":[-0.05,-0.01,0.03,0.07,0.11,0.15,0.19,0.23,0.27,0.31,0.35,0.39,0.43,0.47,0.51,0.55,0.59,0.63,0.67,0.71,0.75,0.79,0.83,0.87,0.91,0.95,0.99,1.03,1.07,1.11,1.15,1.19,1.23]},"J":{"unit":"A\/cm2","value":[0.014374999999999999,0.014399999999999998,0.014349999999999998,0.014374999999999999,0.014349999999999998,0.014299999999999998,0.014374999999999999,0.014299999999999998,0.014299999999999998,0.014299999999999998,0.014224999999999998,0.014249999999999999,0.014274999999999998,0.014199999999999999,0.014224999999999998,0.014174999999999998,0.014099999999999998,0.01415,0.014099999999999998,0.014074999999999997,0.01405,0.013975000000000001,0.013875000000000002,0.013875000000000002,0.01375,0.013575,0.01325,0.012525,0.011025,0.007574999999999999,0.0005,-0.011875,-0.029799999999999997]},"I":{"unit":"A","value":[0.000575,0.0005759999999999999,0.000574,0.000575,0.000574,0.0005719999999999999,0.000575,0.0005719999999999999,0.0005719999999999999,0.0005719999999999999,0.000569,0.00057,0.000571,0.0005679999999999999,0.000569,0.0005669999999999999,0.0005639999999999999,0.000566,0.0005639999999999999,0.0005629999999999999,0.0005620000000000001,0.000559,0.000555,0.000555,0.00055,0.0005430000000000001,0.00053,0.000501,0.000441,0.000303,2.0e-5,-0.000475,-0.001192]},"efficiency":{"unit":"%","value":13.117500000000001},"fill_factor":{"unit":"%","value":79.16951513467164},"jsc":{"unit":"mA\/cm2","value":14.387499999999998},"isc":{"unit":"mA","value":0.5754999999999999},"voc":{"unit":"V","value":1.1516161616161615},"sweep_direction":{"unit":"","value":"Forward"},"key":"forward_2_CsPbI2Br+100uL Ch2I2_722041203"},{"V":{"unit":"V","value":[-0.05,-0.01,0.03,0.07,0.11,0.15,0.19,0.23,0.27,0.31,0.35,0.39,0.43,0.47,0.51,0.55,0.59,0.63,0.67,0.71,0.75,0.79,0.83,0.87,0.91,0.95,0.99,1.03,1.07,1.11,1.15,1.19,1.23,1.27]},"J":{"unit":"A\/cm2","value":[0.014424999999999999,0.014474999999999998,0.014524999999999998,0.014474999999999998,0.01445,0.014474999999999998,0.014399999999999998,0.014424999999999999,0.014474999999999998,0.014399999999999998,0.014399999999999998,0.014424999999999999,0.014349999999999998,0.014399999999999998,0.014349999999999998,0.014325,0.014325,0.014299999999999998,0.014299999999999998,0.014274999999999998,0.014224999999999998,0.014199999999999999,0.014174999999999998,0.014099999999999998,0.014000000000000002,0.013900000000000001,0.01365,0.013224999999999999,0.012299999999999998,0.01035,0.006225,-0.00115,-0.01235,-0.026875]},"I":{"unit":"A","value":[0.0005769999999999999,0.000579,0.0005809999999999999,0.000579,0.000578,0.000579,0.0005759999999999999,0.0005769999999999999,0.000579,0.0005759999999999999,0.0005759999999999999,0.0005769999999999999,0.000574,0.0005759999999999999,0.000574,0.0005729999999999999,0.0005729999999999999,0.0005719999999999999,0.0005719999999999999,0.000571,0.000569,0.0005679999999999999,0.0005669999999999999,0.0005639999999999999,0.0005600000000000001,0.0005560000000000001,0.000546,0.0005290000000000001,0.000492,0.000414,0.000249,-4.6e-5,-0.000494,-0.001075]},"efficiency":{"unit":"%","value":13.621750000000002},"fill_factor":{"unit":"%","value":79.4282146372588},"jsc":{"unit":"mA\/cm2","value":14.487499999999997},"isc":{"unit":"mA","value":0.5794999999999999},"voc":{"unit":"V","value":1.1837627118644067},"sweep_direction":{"unit":"","value":"Forward"},"key":"forward_1_CsPbI2Br+100uL Ch2I2_722041203"}]}}