{"_id":"652fcc8315804d488a7f1ad2","id":"CAU-SC-00372","author":70,"group":7,"input":[{"tco":{"unit":"","value":"ITO"}},[],{"etl":[{"material":{"unit":"","value":"SnO2"},"concentration":{"unit":"","value":"1.5"},"conc_unit":{"unit":"","value":"wt%"},"quantity":{"unit":"ml","value":"0.3"}}],"solvent":[{"material":{"unit":"","value":"DI Water"},"volume":{"unit":"ml","value":"2.7"}}],"spin_coating":[{"type":{"unit":"","value":"drop&run"},"rpm":{"unit":"","value":"3000"},"time":{"unit":"s","value":"30"}}],"vacuum_suction":[{"unit":"s","value":"0"}],"annealing":[{"temperature":{"unit":"oC","value":"170"},"time":{"unit":"m","value":"30"}}]},{"etl":[{"material":{"unit":"","value":"ZnO"},"concentration":{"unit":"","value":"109.75"},"conc_unit":{"unit":"","value":"mg\/ml"},"quantity":{"unit":"ml","value":"1"}}],"solvent":[{"material":{"unit":"","value":"2-ME"},"volume":{"unit":"ml","value":"2"}},{"material":{"unit":"","value":"Ethanolamine"},"volume":{"unit":"ml","value":"0.067"}}],"spin_coating":[{"type":{"unit":"","value":"drop&run"},"rpm":{"unit":"","value":"5000"},"time":{"unit":"s","value":"30"}}],"vacuum_suction":[{"unit":"s","value":"0"}],"annealing":[{"temperature":{"unit":"oC","value":"170"},"time":{"unit":"m","value":"30"}}]},[],{"perovskite":{"method":{"unit":"","value":"2step"},"molarity":{"unit":"M","value":"1.2"},"a_site":[{"material":{"unit":"","value":"Cs"},"ratio":{"unit":"","value":"105"}}],"b_site":[{"material":{"unit":"","value":"Pb"},"ratio":{"unit":"","value":"100"}}],"x_site":[{"material":{"unit":"","value":"I"},"ratio":{"unit":"","value":"67"}},{"material":{"unit":"","value":"Br"},"ratio":{"unit":"","value":"33"}}],"solvent":[{"material":{"unit":"","value":"DMSO"},"volume":{"unit":"ml","value":"0.7"}},{"material":{"unit":"","value":"DMF"},"volume":{"unit":"ml","value":"0.3"}}],"stirring_time":[{"unit":"m","value":"120"}],"spin_coating":[{"type":{"unit":"","value":"drop&run"},"rpm":{"unit":"","value":"3000"},"time":{"unit":"s","value":"43"}}],"annealing":[{"temperature":{"unit":"oC","value":"235"},"time":{"unit":"m","value":"10"}}],"atmosphere":[{"type":{"unit":"","value":"air"},"temperature":{"unit":"oC","value":"20"},"humidity":{"unit":"RH%","value":"38"}}],"assist":[{"type":{"unit":"","value":"hot air assist"},"temperature":{"unit":"oC","value":"230"},"assist_start_time":{"value":8,"unit":"s"},"total_assist_time":{"value":"0.233","unit":"s"}}],"additive":[{"material":{"unit":"","value":"CH2I2"},"solvent":{"unit":"","value":null},"concentration":{"unit":"","value":"100 uL"},"conc_unit":{"unit":"","value":null},"quantity":{"unit":"mol%","value":null}}]}},{"perovskite_treatment":[{"material":{"unit":"","value":"FAI"},"concentration":{"unit":"","value":"0.5"},"conc_unit":{"unit":"","value":"mg\/ml"},"quantity":{"unit":"ml","value":"0.1"}}],"solvent":[{"material":{"unit":"","value":"IPA"},"volume":{"unit":"ml","value":"1"}}],"spin_coating":[{"type":{"unit":"","value":"dynamic"},"rpm":{"unit":"","value":"3000"},"time":{"unit":"s","value":"30"}}],"vacuum_suction":[{"unit":"s","value":"0"}],"annealing":[{"temperature":{"unit":"oC","value":"100"},"time":{"unit":"m","value":"5"}}]},{"htl":[{"material":{"unit":"","value":"P3HT"},"concentration":{"unit":"","value":"10"},"conc_unit":{"unit":"","value":"mg\/ml"},"quantity":{"unit":"ml","value":"0.1"}}],"solvent":[{"material":{"unit":"","value":"CB"},"volume":{"unit":"ml","value":"1"}}],"spin_coating":[{"type":{"unit":"","value":"drop&run"},"rpm":{"unit":"","value":"3000"},"time":{"unit":"s","value":"30"}}],"vacuum_suction":[{"unit":"s","value":"0"}],"annealing":[{"temperature":{"unit":"oC","value":"100"},"time":{"unit":"m","value":"5"}}]},{"anode_metal":{"unit":"","value":"Au"}},{"note":{"unit":"","value":"CsPbI2Br+100uL Ch2I2_722041401_FAI"},"ar":{"unit":"","value":"0"},"type":{"unit":"","value":"unit_cell"},"device_type":{"unit":"","value":"n-i-p"},"temperature":{"unit":"\u2103","value":"20"},"humidity":{"unit":"%","value":"38"},"cell_dimension":{"unit":"cm2","value":"0.04"}}],"fileinfo":[{"key":"CsPbI2Br+100uL Ch2I2_722041401_FAI","uploadType":"JV","original_name":"CsPbI2Br+100uL Ch2I2_722041401_FAI.xlsx","save_name":"CAU-SC-00372\/CsPbI2Br+100uL Ch2I2_722041401_FAI","uploader":70,"fileType":"group"}],"jvcnt":10,"updated_at":"2024-06-03 08:38:34","created_at":"2023-10-18 12:16:03","analysisInfo":{"JV":[{"efficiency":13.81875,"fill_factor":79.12837248800463,"jsc":14.61875,"voc":1.1946103896103897,"key":"reverse_5_CsPbI2Br+100uL Ch2I2_722041401_FAI","cell_dimension":null},{"efficiency":13.7046,"fill_factor":77.14749392267045,"jsc":14.88,"voc":1.1938275862068966,"key":"reverse_4_CsPbI2Br+100uL Ch2I2_722041401_FAI","cell_dimension":null},{"efficiency":13.8598,"fill_factor":79.72203643091778,"jsc":14.519999999999996,"voc":1.1973247588424438,"key":"reverse_3_CsPbI2Br+100uL Ch2I2_722041401_FAI","cell_dimension":null},{"efficiency":13.74165,"fill_factor":80.13103978579731,"jsc":14.258125,"voc":1.2027508896797152,"key":"reverse_2_CsPbI2Br+100uL Ch2I2_722041401_FAI","cell_dimension":null},{"efficiency":12.3956,"fill_factor":70.60647385378958,"jsc":14.6,"voc":1.2024587155963302,"key":"reverse_1_CsPbI2Br+100uL Ch2I2_722041401_FAI","cell_dimension":null},{"efficiency":11.557,"fill_factor":67.90165292367938,"jsc":14.787499999999998,"voc":1.1509859154929576,"key":"forward_5_CsPbI2Br+100uL Ch2I2_722041401_FAI","cell_dimension":null},{"efficiency":11.602500000000001,"fill_factor":67.02802543017835,"jsc":15.081249999999999,"voc":1.1477777777777778,"key":"forward_4_CsPbI2Br+100uL Ch2I2_722041401_FAI","cell_dimension":null},{"efficiency":11.6935,"fill_factor":69.03400521147813,"jsc":14.656249999999998,"voc":1.1557358490566036,"key":"forward_3_CsPbI2Br+100uL Ch2I2_722041401_FAI","cell_dimension":null},{"efficiency":11.67075,"fill_factor":69.7738854364904,"jsc":14.393749999999999,"voc":1.1620689655172414,"key":"forward_2_CsPbI2Br+100uL Ch2I2_722041401_FAI","cell_dimension":null},{"efficiency":11.602500000000001,"fill_factor":68.23200253047443,"jsc":14.731249999999998,"voc":1.154313725490196,"key":"forward_1_CsPbI2Br+100uL Ch2I2_722041401_FAI","cell_dimension":null}]},"public":2,"analysis":{"JV":[{"V":{"unit":"V","value":[1.245,1.205,1.165,1.125,1.085,1.045,1.005,0.965,0.925,0.885,0.845,0.805,0.765,0.725,0.685,0.645,0.605,0.565,0.525,0.485,0.445,0.405,0.365,0.325,0.285,0.245,0.205,0.165,0.125,0.085,0.045,0.005,-0.035]},"J":{"unit":"A\/cm2","value":[-0.013925,-0.002,0.0057,0.01005,0.01225,0.013200000000000002,0.01375,0.014025000000000001,0.014124999999999999,0.014249999999999999,0.014274999999999998,0.014325,0.014374999999999999,0.014374999999999999,0.01445,0.01445,0.01445,0.014499999999999999,0.014499999999999999,0.014524999999999998,0.014524999999999998,0.014499999999999999,0.014524999999999998,0.014549999999999999,0.014524999999999998,0.014575,0.014549999999999999,0.014524999999999998,0.0146,0.014549999999999999,0.0146,0.014624999999999997,0.014575]},"I":{"unit":"A","value":[-0.0005570000000000001,-8.0e-5,0.000228,0.000402,0.00049,0.000528,0.00055,0.0005610000000000001,0.000565,0.00057,0.000571,0.0005729999999999999,0.000575,0.000575,0.000578,0.000578,0.000578,0.00058,0.00058,0.0005809999999999999,0.0005809999999999999,0.00058,0.0005809999999999999,0.0005819999999999999,0.0005809999999999999,0.000583,0.0005819999999999999,0.0005809999999999999,0.000584,0.0005819999999999999,0.000584,0.000585,0.000583]},"efficiency":{"unit":"%","value":13.81875},"fill_factor":{"unit":"%","value":79.12837248800463},"jsc":{"unit":"mA\/cm2","value":14.61875},"isc":{"unit":"mA","value":0.58475},"voc":{"unit":"V","value":1.1946103896103897},"sweep_direction":{"unit":"","value":"Reverse"},"key":"reverse_5_CsPbI2Br+100uL Ch2I2_722041401_FAI"},{"V":{"unit":"V","value":[1.244,1.204,1.164,1.124,1.084,1.044,1.004,0.964,0.924,0.884,0.844,0.804,0.764,0.724,0.684,0.644,0.604,0.564,0.524,0.484,0.444,0.404,0.364,0.324,0.284,0.244,0.204,0.164,0.124,0.084,0.044,0.004,-0.036]},"J":{"unit":"A\/cm2","value":[-0.0087,-0.001475,0.004324999999999999,0.008575000000000001,0.011300000000000001,0.01285,0.01365,0.01405,0.014325,0.014399999999999998,0.014524999999999998,0.0146,0.0146,0.014674999999999999,0.014674999999999999,0.0147,0.014749999999999997,0.014774999999999998,0.014749999999999997,0.014799999999999999,0.014749999999999997,0.014825,0.01485,0.014774999999999998,0.014825,0.01485,0.014825,0.014874999999999998,0.01485,0.014874999999999998,0.014924999999999999,0.014874999999999998,0.014924999999999999]},"I":{"unit":"A","value":[-0.000348,-5.9e-5,0.00017299999999999998,0.00034300000000000004,0.00045200000000000004,0.000514,0.000546,0.0005620000000000001,0.0005729999999999999,0.0005759999999999999,0.0005809999999999999,0.000584,0.000584,0.000587,0.000587,0.000588,0.0005899999999999999,0.0005909999999999999,0.0005899999999999999,0.000592,0.0005899999999999999,0.000593,0.000594,0.0005909999999999999,0.000593,0.000594,0.000593,0.0005949999999999999,0.000594,0.0005949999999999999,0.000597,0.0005949999999999999,0.000597]},"efficiency":{"unit":"%","value":13.7046},"fill_factor":{"unit":"%","value":77.14749392267045},"jsc":{"unit":"mA\/cm2","value":14.88},"isc":{"unit":"mA","value":0.5952000000000001},"voc":{"unit":"V","value":1.1938275862068966},"sweep_direction":{"unit":"","value":"Reverse"},"key":"reverse_4_CsPbI2Br+100uL Ch2I2_722041401_FAI"},{"V":{"unit":"V","value":[1.248,1.208,1.168,1.128,1.088,1.048,1.008,0.968,0.928,0.888,0.848,0.808,0.768,0.728,0.688,0.648,0.608,0.568,0.528,0.488,0.448,0.408,0.368,0.328,0.288,0.248,0.208,0.168,0.128,0.088,0.048,0.008,-0.032]},"J":{"unit":"A\/cm2","value":[-0.013825,-0.002075,0.0057,0.010075,0.012275000000000001,0.013224999999999999,0.0137,0.013975000000000001,0.014025000000000001,0.014124999999999999,0.014224999999999998,0.014199999999999999,0.014274999999999998,0.014299999999999998,0.014274999999999998,0.014374999999999999,0.014349999999999998,0.014374999999999999,0.014399999999999998,0.014399999999999998,0.014424999999999999,0.01445,0.014424999999999999,0.01445,0.014424999999999999,0.014424999999999999,0.014499999999999999,0.01445,0.01445,0.014474999999999998,0.014474999999999998,0.014524999999999998,0.014499999999999999]},"I":{"unit":"A","value":[-0.000553,-8.3e-5,0.000228,0.00040300000000000004,0.000491,0.0005290000000000001,0.0005480000000000001,0.000559,0.0005610000000000001,0.000565,0.000569,0.0005679999999999999,0.000571,0.0005719999999999999,0.000571,0.000575,0.000574,0.000575,0.0005759999999999999,0.0005759999999999999,0.0005769999999999999,0.000578,0.0005769999999999999,0.000578,0.0005769999999999999,0.0005769999999999999,0.00058,0.000578,0.000578,0.000579,0.000579,0.0005809999999999999,0.00058]},"efficiency":{"unit":"%","value":13.8598},"fill_factor":{"unit":"%","value":79.72203643091778},"jsc":{"unit":"mA\/cm2","value":14.519999999999996},"isc":{"unit":"mA","value":0.5807999999999999},"voc":{"unit":"V","value":1.1973247588424438},"sweep_direction":{"unit":"","value":"Reverse"},"key":"reverse_3_CsPbI2Br+100uL Ch2I2_722041401_FAI"},{"V":{"unit":"V","value":[1.253,1.213,1.173,1.133,1.093,1.053,1.013,0.973,0.933,0.893,0.853,0.813,0.773,0.733,0.693,0.653,0.613,0.573,0.533,0.493,0.453,0.413,0.373,0.333,0.293,0.253,0.213,0.173,0.133,0.093,0.053,0.013,-0.027]},"J":{"unit":"A\/cm2","value":[-0.0114,-0.0017999999999999997,0.005225,0.009625,0.011924999999999998,0.01305,0.0135,0.013800000000000002,0.013975000000000001,0.013975000000000001,0.01405,0.014074999999999997,0.01405,0.01415,0.014124999999999999,0.014124999999999999,0.014174999999999998,0.01415,0.014174999999999998,0.014224999999999998,0.014199999999999999,0.014249999999999999,0.014224999999999998,0.014224999999999998,0.014249999999999999,0.014224999999999998,0.014224999999999998,0.014249999999999999,0.014249999999999999,0.014224999999999998,0.014274999999999998,0.014249999999999999,0.014274999999999998]},"I":{"unit":"A","value":[-0.000456,-7.199999999999999e-5,0.00020899999999999998,0.00038500000000000003,0.000477,0.000522,0.00054,0.0005520000000000001,0.000559,0.000559,0.0005620000000000001,0.0005629999999999999,0.0005620000000000001,0.000566,0.000565,0.000565,0.0005669999999999999,0.000566,0.0005669999999999999,0.000569,0.0005679999999999999,0.00057,0.000569,0.000569,0.00057,0.000569,0.000569,0.00057,0.00057,0.000569,0.000571,0.00057,0.000571]},"efficiency":{"unit":"%","value":13.74165},"fill_factor":{"unit":"%","value":80.13103978579731},"jsc":{"unit":"mA\/cm2","value":14.258125},"isc":{"unit":"mA","value":0.570325},"voc":{"unit":"V","value":1.2027508896797152},"sweep_direction":{"unit":"","value":"Reverse"},"key":"reverse_2_CsPbI2Br+100uL Ch2I2_722041401_FAI"},{"V":{"unit":"V","value":[1.252,1.212,1.172,1.132,1.092,1.052,1.012,0.972,0.932,0.892,0.852,0.812,0.772,0.732,0.692,0.652,0.612,0.572,0.532,0.492,0.452,0.412,0.372,0.332,0.292,0.252,0.212,0.172,0.132,0.092,0.052,0.012,-0.028]},"J":{"unit":"A\/cm2","value":[-0.0035499999999999998,-0.0006499999999999999,0.002075,0.00465,0.007025,0.009174999999999999,0.01095,0.012325,0.013300000000000001,0.013800000000000002,0.014074999999999997,0.014274999999999998,0.014325,0.014424999999999999,0.01445,0.01445,0.014474999999999998,0.014524999999999998,0.014549999999999999,0.014549999999999999,0.014499999999999999,0.014549999999999999,0.014575,0.014575,0.014575,0.014624999999999997,0.0146,0.0146,0.014549999999999999,0.0146,0.014624999999999997,0.0146,0.0146]},"I":{"unit":"A","value":[-0.00014199999999999998,-2.6e-5,8.3e-5,0.000186,0.00028100000000000005,0.000367,0.000438,0.000493,0.000532,0.0005520000000000001,0.0005629999999999999,0.000571,0.0005729999999999999,0.0005769999999999999,0.000578,0.000578,0.000579,0.0005809999999999999,0.0005819999999999999,0.0005819999999999999,0.00058,0.0005819999999999999,0.000583,0.000583,0.000583,0.000585,0.000584,0.000584,0.0005819999999999999,0.000584,0.000585,0.000584,0.000584]},"efficiency":{"unit":"%","value":12.3956},"fill_factor":{"unit":"%","value":70.60647385378958},"jsc":{"unit":"mA\/cm2","value":14.6},"isc":{"unit":"mA","value":0.584},"voc":{"unit":"V","value":1.2024587155963302},"sweep_direction":{"unit":"","value":"Reverse"},"key":"reverse_1_CsPbI2Br+100uL Ch2I2_722041401_FAI"},{"V":{"unit":"V","value":[-0.05,-0.01,0.03,0.07,0.11,0.15,0.19,0.23,0.27,0.31,0.35,0.39,0.43,0.47,0.51,0.55,0.59,0.63,0.67,0.71,0.75,0.79,0.83,0.87,0.91,0.95,0.99,1.03,1.07,1.11,1.15,1.19,1.23,1.27]},"J":{"unit":"A\/cm2","value":[0.014725,0.014799999999999999,0.014749999999999997,0.014674999999999999,0.014674999999999999,0.014624999999999997,0.014524999999999998,0.014549999999999999,0.014474999999999998,0.01445,0.014474999999999998,0.014349999999999998,0.014349999999999998,0.014299999999999998,0.014199999999999999,0.014199999999999999,0.01415,0.014000000000000002,0.01395,0.013850000000000001,0.0137,0.013600000000000001,0.0134,0.013099999999999999,0.0127,0.012125,0.01125,0.00995,0.0079,0.004825,0.000175,-0.006925000000000001,-0.017299999999999996,-0.030925]},"I":{"unit":"A","value":[0.000589,0.000592,0.0005899999999999999,0.000587,0.000587,0.000585,0.0005809999999999999,0.0005819999999999999,0.000579,0.000578,0.000579,0.000574,0.000574,0.0005719999999999999,0.0005679999999999999,0.0005679999999999999,0.000566,0.0005600000000000001,0.000558,0.000554,0.0005480000000000001,0.000544,0.000536,0.000524,0.000508,0.00048499999999999997,0.00045,0.000398,0.000316,0.000193,7.0e-6,-0.000277,-0.0006919999999999999,-0.001237]},"efficiency":{"unit":"%","value":11.557},"fill_factor":{"unit":"%","value":67.90165292367938},"jsc":{"unit":"mA\/cm2","value":14.787499999999998},"isc":{"unit":"mA","value":0.5914999999999999},"voc":{"unit":"V","value":1.1509859154929576},"sweep_direction":{"unit":"","value":"Forward"},"key":"forward_5_CsPbI2Br+100uL Ch2I2_722041401_FAI"},{"V":{"unit":"V","value":[-0.05,-0.01,0.03,0.07,0.11,0.15,0.19,0.23,0.27,0.31,0.35,0.39,0.43,0.47,0.51,0.55,0.59,0.63,0.67,0.71,0.75,0.79,0.83,0.87,0.91,0.95,0.99,1.03,1.07,1.11,1.15,1.19,1.23,1.27]},"J":{"unit":"A\/cm2","value":[0.015125,0.015075,0.015099999999999999,0.01505,0.014975,0.01495,0.014899999999999998,0.01485,0.01485,0.014774999999999998,0.014725,0.014725,0.014624999999999997,0.014624999999999997,0.014549999999999999,0.014424999999999999,0.014424999999999999,0.014299999999999998,0.014224999999999998,0.014124999999999999,0.013925,0.013800000000000002,0.013575,0.013200000000000002,0.01275,0.012074999999999999,0.010975,0.009550000000000001,0.007374999999999999,0.00425,-0.00025,-0.006900000000000001,-0.0161,-0.027675]},"I":{"unit":"A","value":[0.000605,0.000603,0.0006039999999999999,0.000602,0.0005989999999999999,0.000598,0.000596,0.000594,0.000594,0.0005909999999999999,0.000589,0.000589,0.000585,0.000585,0.0005819999999999999,0.0005769999999999999,0.0005769999999999999,0.0005719999999999999,0.000569,0.000565,0.0005570000000000001,0.0005520000000000001,0.0005430000000000001,0.000528,0.00051,0.000483,0.000439,0.000382,0.00029499999999999996,0.00017,-1.0e-5,-0.00027600000000000004,-0.000644,-0.001107]},"efficiency":{"unit":"%","value":11.602500000000001},"fill_factor":{"unit":"%","value":67.02802543017835},"jsc":{"unit":"mA\/cm2","value":15.081249999999999},"isc":{"unit":"mA","value":0.60325},"voc":{"unit":"V","value":1.1477777777777778},"sweep_direction":{"unit":"","value":"Forward"},"key":"forward_4_CsPbI2Br+100uL Ch2I2_722041401_FAI"},{"V":{"unit":"V","value":[-0.05,-0.01,0.03,0.07,0.11,0.15,0.19,0.23,0.27,0.31,0.35,0.39,0.43,0.47,0.51,0.55,0.59,0.63,0.67,0.71,0.75,0.79,0.83,0.87,0.91,0.95,0.99,1.03,1.07,1.11,1.15,1.19,1.23,1.27]},"J":{"unit":"A\/cm2","value":[0.014624999999999997,0.014649999999999998,0.014674999999999999,0.0146,0.0146,0.014549999999999999,0.01445,0.01445,0.014399999999999998,0.014399999999999998,0.014349999999999998,0.014325,0.014299999999999998,0.014249999999999999,0.01415,0.014099999999999998,0.014074999999999997,0.014000000000000002,0.01395,0.013850000000000001,0.0137,0.013600000000000001,0.013425000000000001,0.013175000000000001,0.01285,0.012225,0.011425000000000001,0.010174999999999998,0.008225,0.005325,0.00095,-0.0056749999999999995,-0.015375,-0.028249999999999997]},"I":{"unit":"A","value":[0.000585,0.0005859999999999999,0.000587,0.000584,0.000584,0.0005819999999999999,0.000578,0.000578,0.0005759999999999999,0.0005759999999999999,0.000574,0.0005729999999999999,0.0005719999999999999,0.00057,0.000566,0.0005639999999999999,0.0005629999999999999,0.0005600000000000001,0.000558,0.000554,0.0005480000000000001,0.000544,0.000537,0.000527,0.000514,0.000489,0.000457,0.00040699999999999997,0.00032900000000000003,0.000213,3.8e-5,-0.00022700000000000002,-0.000615,-0.00113]},"efficiency":{"unit":"%","value":11.6935},"fill_factor":{"unit":"%","value":69.03400521147813},"jsc":{"unit":"mA\/cm2","value":14.656249999999998},"isc":{"unit":"mA","value":0.5862499999999999},"voc":{"unit":"V","value":1.1557358490566036},"sweep_direction":{"unit":"","value":"Forward"},"key":"forward_3_CsPbI2Br+100uL Ch2I2_722041401_FAI"},{"V":{"unit":"V","value":[-0.05,-0.01,0.03,0.07,0.11,0.15,0.19,0.23,0.27,0.31,0.35,0.39,0.43,0.47,0.51,0.55,0.59,0.63,0.67,0.71,0.75,0.79,0.83,0.87,0.91,0.95,0.99,1.03,1.07,1.11,1.15,1.19,1.23,1.27]},"J":{"unit":"A\/cm2","value":[0.014399999999999998,0.014374999999999999,0.01445,0.014374999999999999,0.014325,0.014325,0.014249999999999999,0.014274999999999998,0.014274999999999998,0.014174999999999998,0.01415,0.01415,0.014099999999999998,0.014099999999999998,0.01405,0.01395,0.01395,0.013875000000000002,0.013825,0.01375,0.013625,0.013525,0.013375,0.013125,0.012825,0.012275000000000001,0.0115,0.010324999999999999,0.008425,0.005725000000000001,0.0017500000000000003,-0.00405,-0.012199999999999999,-0.022824999999999998]},"I":{"unit":"A","value":[0.0005759999999999999,0.000575,0.000578,0.000575,0.0005729999999999999,0.0005729999999999999,0.00057,0.000571,0.000571,0.0005669999999999999,0.000566,0.000566,0.0005639999999999999,0.0005639999999999999,0.0005620000000000001,0.000558,0.000558,0.000555,0.000553,0.00055,0.000545,0.000541,0.000535,0.0005250000000000001,0.000513,0.000491,0.00046,0.00041299999999999996,0.000337,0.000229,7.000000000000001e-5,-0.000162,-0.000488,-0.0009130000000000001]},"efficiency":{"unit":"%","value":11.67075},"fill_factor":{"unit":"%","value":69.7738854364904},"jsc":{"unit":"mA\/cm2","value":14.393749999999999},"isc":{"unit":"mA","value":0.57575},"voc":{"unit":"V","value":1.1620689655172414},"sweep_direction":{"unit":"","value":"Forward"},"key":"forward_2_CsPbI2Br+100uL Ch2I2_722041401_FAI"},{"V":{"unit":"V","value":[-0.05,-0.01,0.03,0.07,0.11,0.15,0.19,0.23,0.27,0.31,0.35,0.39,0.43,0.47,0.51,0.55,0.59,0.63,0.67,0.71,0.75,0.79,0.83,0.87,0.91,0.95,0.99,1.03,1.07,1.11,1.15,1.19,1.23,1.27]},"J":{"unit":"A\/cm2","value":[0.014749999999999997,0.014725,0.014749999999999997,0.014749999999999997,0.014649999999999998,0.014674999999999999,0.014624999999999997,0.014524999999999998,0.014575,0.014524999999999998,0.014524999999999998,0.014474999999999998,0.014399999999999998,0.014399999999999998,0.014374999999999999,0.014274999999999998,0.014249999999999999,0.014174999999999998,0.014074999999999997,0.014025000000000001,0.013900000000000001,0.01375,0.013550000000000001,0.01315,0.01275,0.011975,0.0109,0.0094,0.007199999999999999,0.00435,0.0005499999999999999,-0.00455,-0.011325,-0.01975]},"I":{"unit":"A","value":[0.0005899999999999999,0.000589,0.0005899999999999999,0.0005899999999999999,0.0005859999999999999,0.000587,0.000585,0.0005809999999999999,0.000583,0.0005809999999999999,0.0005809999999999999,0.000579,0.0005759999999999999,0.0005759999999999999,0.000575,0.000571,0.00057,0.0005669999999999999,0.0005629999999999999,0.0005610000000000001,0.0005560000000000001,0.00055,0.0005420000000000001,0.000526,0.00051,0.000479,0.00043599999999999997,0.000376,0.00028799999999999995,0.000174,2.2e-5,-0.000182,-0.000453,-0.00079]},"efficiency":{"unit":"%","value":11.602500000000001},"fill_factor":{"unit":"%","value":68.23200253047443},"jsc":{"unit":"mA\/cm2","value":14.731249999999998},"isc":{"unit":"mA","value":0.5892499999999999},"voc":{"unit":"V","value":1.154313725490196},"sweep_direction":{"unit":"","value":"Forward"},"key":"forward_1_CsPbI2Br+100uL Ch2I2_722041401_FAI"}]}}