{"_id":"652933a368333e4c3d5bbff3","id":"CAU-SC-00072","author":73,"group":7,"input":[{"tco":{"unit":"","value":"ITO"}},{"htl":[{"material":{"unit":"","value":"NiOx_Solgel"},"concentration":{"unit":"","value":"0.8"},"conc_unit":{"unit":"","value":"M"},"quantity":{"unit":"ml","value":"None"}}],"solvent":[{"material":{"unit":"","value":"EG"},"volume":{"unit":"ml","value":"1"}},{"material":{"unit":"","value":"EDA"},"volume":{"unit":"ml","value":"0.0536"}}],"spin_coating":[{"type":{"unit":"","value":"drop&run"},"rpm":{"unit":"","value":"5000"},"time":{"unit":"s","value":"50"}}],"annealing":[{"temperature":{"unit":"oC","value":"150"},"time":{"unit":"m","value":"5"}},{"temperature":{"unit":"oC","value":"300"},"time":{"unit":"m","value":"60"}}]},{"htl_treatment":[{"material":{"unit":"","value":"2PACz"},"concentration":{"unit":"","value":"0.4"},"conc_unit":{"unit":"","value":"mg\/ml"},"quantity":{"unit":"ml","value":"None"}}],"solvent":[{"material":{"unit":"","value":"Ethanol"},"volume":{"unit":"ml","value":"1"}}],"spin_coating":[{"type":{"unit":"","value":"drop&run"},"rpm":{"unit":"","value":"5000"},"time":{"unit":"s","value":"30"}}],"annealing":[{"temperature":{"unit":"oC","value":"100"},"time":{"unit":"m","value":"5"}}]},{"perovskite":{"method":{"unit":"","value":"1step"},"molarity":{"unit":"M","value":"1.0"},"a_site":[{"material":{"unit":"","value":"FA"},"ratio":{"unit":"","value":"0.8314"}},{"material":{"unit":"","value":"Cs"},"ratio":{"unit":"","value":"0.1666"}},{"material":{"unit":"","value":"BA"},"ratio":{"unit":"","value":"0.002"}}],"b_site":[{"material":{"unit":"","value":"Pb"},"ratio":{"unit":"","value":"100"}}],"x_site":[{"material":{"unit":"","value":"I"},"ratio":{"unit":"","value":"83"}},{"material":{"unit":"","value":"Br"},"ratio":{"unit":"","value":"17"}}],"solvent":[{"material":{"unit":"","value":"DMF"},"volume":{"unit":"ml","value":"0.8"}},{"material":{"unit":"","value":"DMSO"},"volume":{"unit":"ml","value":"0.2"}}],"antisolvent":[{"material":{"unit":"","value":"Anisole"},"quantity":{"unit":"ul","value":"300"},"dripping_time":{"unit":"s","value":"25"}}],"spin_coating":[{"type":{"unit":"","value":"drop&run"},"rpm":{"unit":"","value":"4000"},"time":{"unit":"s","value":"30"}}],"annealing":[{"temperature":{"unit":"oC","value":"75"},"time":{"unit":"m","value":"1"}},{"temperature":{"unit":"oC","value":"120"},"time":{"unit":"m","value":"20"}}],"atmosphere":[{"type":{"unit":"","value":"N2"},"temperature":{"unit":"oC","value":"25"},"humidity":{"unit":"RH%","value":"0"}}]}},{"etl":[{"material":{"unit":"","value":"PC61BM"},"concentration":{"unit":"","value":"30"},"conc_unit":{"unit":"","value":"mg\/ml"},"quantity":{"unit":"ml","value":"None"}}],"solvent":[{"material":{"unit":"","value":"CB"},"volume":{"unit":"ml","value":"1"}}],"spin_coating":[{"type":{"unit":"","value":"drop&run"},"rpm":{"unit":"","value":"3000"},"time":{"unit":"s","value":"30"}}],"annealing":[{"temperature":{"unit":"oC","value":"120"},"time":{"unit":"m","value":"5"}}]},{"etl":[{"material":{"unit":"","value":"PC61BM"},"concentration":{"unit":"","value":"30"},"conc_unit":{"unit":"","value":"mg\/ml"},"quantity":{"unit":"ml","value":"None"}}],"solvent":[{"material":{"unit":"","value":"CB"},"volume":{"unit":"ml","value":"1"}}],"spin_coating":[{"type":{"unit":"","value":"drop&run"},"rpm":{"unit":"","value":"3000"},"time":{"unit":"s","value":"30"}}],"annealing":[{"temperature":{"unit":"oC","value":"120"},"time":{"unit":"m","value":"5"}}]},{"blocking_buffer_layer":[{"material":{"unit":"","value":"BCP"},"concentration":{"unit":"","value":"0.5"},"conc_unit":{"unit":"","value":"mg\/ml"},"quantity":{"unit":"ml","value":"None"}}],"solvent":[{"material":{"unit":"","value":"IPA"},"volume":{"unit":"ml","value":"1"}}],"spin_coating":[{"type":{"unit":"","value":"drop&run"},"rpm":{"unit":"","value":"4000"},"time":{"unit":"s","value":"30"}}]},{"anode_metal":{"unit":"","value":"Ag"}},{"note":{"unit":"","value":"Pb, CB100, 3000, 30, 2"},"ar":{"unit":"","value":"0"},"type":{"unit":"","value":"unit_cell"},"device_type":{"unit":"","value":"p-i-n"},"temperature":{"unit":"\u2103","value":"25"},"humidity":{"unit":"%","value":"40"},"cell_dimension":{"unit":"cm2","value":"0.04"}}],"fileinfo":[{"key":"52107041","uploadType":"JV","original_name":"52107041.xlsx","save_name":"CAU-SC-00072\/52107041","uploader":73,"fileType":"group"},{"key":"52107042","uploadType":"JV","original_name":"52107042.xlsx","save_name":"CAU-SC-00072\/52107042","uploader":73,"fileType":"group"},{"key":"52107134","uploadType":"JV","original_name":"52107134.xlsx","save_name":"CAU-SC-00072\/52107134","uploader":73,"fileType":"group"}],"updated_at":"2024-06-03 08:38:34","created_at":"2023-10-13 12:10:11","jvcnt":50,"analysisInfo":{"JV":[{"efficiency":16.6005,"fill_factor":80.52331113225499,"jsc":19.124999999999996,"voc":1.0779487179487182,"key":"reverse_9_52107134","cell_dimension":null},{"efficiency":15.884,"fill_factor":74.89714102877792,"jsc":19.825,"voc":1.0697478991596638,"key":"reverse_9_52107042","cell_dimension":null},{"efficiency":16.724025,"fill_factor":78.87881084648272,"jsc":19.599999999999998,"voc":1.0817437185929648,"key":"reverse_8_52107134","cell_dimension":null},{"efficiency":15.73125,"fill_factor":74.14987220615022,"jsc":19.851875,"voc":1.0686888888888888,"key":"reverse_8_52107042","cell_dimension":null},{"efficiency":17.594,"fill_factor":80.14992952738372,"jsc":20.428749999999997,"voc":1.0745327313769752,"key":"reverse_7_52107134","cell_dimension":null},{"efficiency":16.087825,"fill_factor":73.78622970356987,"jsc":20.399375,"voc":1.0688214285714286,"key":"reverse_7_52107042","cell_dimension":null},{"efficiency":16.452475,"fill_factor":79.44859331235105,"jsc":19.32875,"voc":1.0713743842364531,"key":"reverse_7_52107041","cell_dimension":null},{"efficiency":16.93705,"fill_factor":81.06839680207017,"jsc":19.50375,"voc":1.0711938325991188,"key":"reverse_6_52107134","cell_dimension":null},{"efficiency":15.720225,"fill_factor":75.01432947956003,"jsc":19.644375,"voc":1.0667835497835496,"key":"reverse_6_52107042","cell_dimension":null},{"efficiency":17.1953,"fill_factor":79.56597929145542,"jsc":20.176250000000003,"voc":1.0711292875989447,"key":"reverse_6_52107041","cell_dimension":null},{"efficiency":17.54105,"fill_factor":81.35747088050447,"jsc":20.15375,"voc":1.0697992277992279,"key":"reverse_5_52107134","cell_dimension":null},{"efficiency":16.275,"fill_factor":76.198452010492,"jsc":20.065625000000004,"voc":1.064442379182156,"key":"reverse_5_52107042","cell_dimension":null},{"efficiency":15.098999999999998,"fill_factor":72.45443964898963,"jsc":19.475,"voc":1.0700540540540542,"key":"reverse_5_52107041","cell_dimension":null},{"efficiency":18.147000000000002,"fill_factor":81.84841547252,"jsc":20.75,"voc":1.0685047619047618,"key":"reverse_4_52107134","cell_dimension":null},{"efficiency":16.764,"fill_factor":76.18188183709118,"jsc":20.575,"voc":1.0695131086142322,"key":"reverse_4_52107042","cell_dimension":null},{"efficiency":16.937099999999997,"fill_factor":80.06705103972284,"jsc":19.82625,"voc":1.0669514066496166,"key":"reverse_4_52107041","cell_dimension":null},{"efficiency":17.176650000000002,"fill_factor":81.46977485913418,"jsc":19.725624999999997,"voc":1.0688362573099415,"key":"reverse_3_52107134","cell_dimension":null},{"efficiency":15.813949999999998,"fill_factor":75.36491609077464,"jsc":19.600624999999997,"voc":1.070535864978903,"key":"reverse_3_52107042","cell_dimension":null},{"efficiency":16.701,"fill_factor":76.68925473906776,"jsc":20.376875,"voc":1.0687358490566037,"key":"reverse_3_52107041","cell_dimension":null},{"efficiency":17.656299999999998,"fill_factor":81.61761287962754,"jsc":20.223750000000003,"voc":1.069680608365019,"key":"reverse_2_52107134","cell_dimension":null},{"efficiency":16.042075,"fill_factor":74.16369340649021,"jsc":20.199375000000003,"voc":1.0708564593301435,"key":"reverse_2_52107042","cell_dimension":null},{"efficiency":16.1551,"fill_factor":77.66137394495041,"jsc":19.375000000000004,"voc":1.0736503496503498,"key":"reverse_2_52107041","cell_dimension":null},{"efficiency":17.6675,"fill_factor":80.31389948133524,"jsc":20.499999999999996,"voc":1.0730761099365749,"key":"reverse_1_52107134","cell_dimension":null},{"efficiency":16.118374999999997,"fill_factor":72.32458883232236,"jsc":20.734375,"voc":1.0748412698412697,"key":"reverse_1_52107042","cell_dimension":null},{"efficiency":16.710774999999998,"fill_factor":77.9624660261168,"jsc":19.97875,"voc":1.0728591549295774,"key":"reverse_1_52107041","cell_dimension":null},{"efficiency":16.561999999999998,"fill_factor":80.4574287279853,"jsc":19.10625,"voc":1.0773856209150328,"key":"forward_9_52107134","cell_dimension":null},{"efficiency":16.247249999999998,"fill_factor":76.22323305333455,"jsc":19.90625,"voc":1.0707868852459017,"key":"forward_9_52107042","cell_dimension":null},{"efficiency":16.8805,"fill_factor":79.6465879736845,"jsc":19.624999999999996,"voc":1.0799619771863118,"key":"forward_8_52107134","cell_dimension":null},{"efficiency":16.29075,"fill_factor":76.57929714213849,"jsc":19.90625,"voc":1.0686617100371747,"key":"forward_8_52107042","cell_dimension":null},{"efficiency":17.563,"fill_factor":79.76467619848611,"jsc":20.499999999999996,"voc":1.0740740740740742,"key":"forward_7_52107134","cell_dimension":null},{"efficiency":16.5735,"fill_factor":75.89038081543436,"jsc":20.43125,"voc":1.0688888888888888,"key":"forward_7_52107042","cell_dimension":null},{"efficiency":16.5165,"fill_factor":79.20026257284746,"jsc":19.41875,"voc":1.0739155470249522,"key":"forward_7_52107041","cell_dimension":null},{"efficiency":16.94875,"fill_factor":80.75931135470789,"jsc":19.5875,"voc":1.0714355628058727,"key":"forward_6_52107134","cell_dimension":null},{"efficiency":15.68175,"fill_factor":74.68088239827108,"jsc":19.675,"voc":1.067260273972603,"key":"forward_6_52107042","cell_dimension":null},{"efficiency":17.22175,"fill_factor":79.23712560056693,"jsc":20.28125,"voc":1.0716521739130433,"key":"forward_6_52107041","cell_dimension":null},{"efficiency":17.5275,"fill_factor":81.14189577035069,"jsc":20.162499999999998,"voc":1.0713477088948788,"key":"forward_5_52107134","cell_dimension":null},{"efficiency":16.442999999999998,"fill_factor":77.02080338495755,"jsc":20.037499999999998,"voc":1.0654411764705882,"key":"forward_5_52107042","cell_dimension":null},{"efficiency":15.68175,"fill_factor":74.99841626954485,"jsc":19.506249999999998,"voc":1.0719354838709678,"key":"forward_5_52107041","cell_dimension":null},{"efficiency":18.08625,"fill_factor":81.28052608233483,"jsc":20.80625,"voc":1.0694690265486726,"key":"forward_4_52107134","cell_dimension":null},{"efficiency":16.8345,"fill_factor":76.11488852356425,"jsc":20.6625,"voc":1.0704040404040405,"key":"forward_4_52107042","cell_dimension":null},{"efficiency":16.94875,"fill_factor":79.63876270665814,"jsc":19.900000000000002,"voc":1.0694490358126723,"key":"forward_4_52107041","cell_dimension":null},{"efficiency":17.195,"fill_factor":81.59200289506882,"jsc":19.69375,"voc":1.0701044386422978,"key":"forward_3_52107134","cell_dimension":null},{"efficiency":16.11675,"fill_factor":76.77336659479516,"jsc":19.599999999999998,"voc":1.0710526315789475,"key":"forward_3_52107042","cell_dimension":null},{"efficiency":16.98675,"fill_factor":77.64628656297938,"jsc":20.456249999999994,"voc":1.069457627118644,"key":"forward_3_52107041","cell_dimension":null},{"efficiency":17.654,"fill_factor":81.57258488384316,"jsc":20.2125,"voc":1.0707272727272727,"key":"forward_2_52107134","cell_dimension":null},{"efficiency":16.46475,"fill_factor":76.14011002138102,"jsc":20.21875,"voc":1.069516129032258,"key":"forward_2_52107042","cell_dimension":null},{"efficiency":16.107,"fill_factor":77.32815856766948,"jsc":19.4,"voc":1.073680981595092,"key":"forward_2_52107041","cell_dimension":null},{"efficiency":17.676750000000002,"fill_factor":80.61222170356125,"jsc":20.462499999999995,"voc":1.071625,"key":"forward_1_52107134","cell_dimension":null},{"efficiency":16.50825,"fill_factor":74.02510683760686,"jsc":20.799999999999997,"voc":1.0721576763485476,"key":"forward_1_52107042","cell_dimension":null},{"efficiency":16.42125,"fill_factor":76.41497522116107,"jsc":20.006249999999998,"voc":1.074142857142857,"key":"forward_1_52107041","cell_dimension":null}]},"public":2,"analysis":{"JV":[{"V":{"unit":"V","value":[1.13,1.09,1.05,1.01,0.97,0.93,0.89,0.85,0.81,0.77,0.73,0.69,0.65,0.61,0.57,0.53,0.49,0.45,0.41,0.37,0.33,0.29,0.25,0.21,0.17,0.13,0.09,0.05,0.01,-0.03]},"J":{"unit":"A\/cm2","value":[-0.0222,-0.0035249999999999995,0.008175,0.014099999999999998,0.01665,0.017849999999999998,0.018349999999999998,0.0186,0.01875,0.018775,0.018824999999999998,0.0189,0.018875,0.018975000000000002,0.018949999999999998,0.018949999999999998,0.019025,0.018975000000000002,0.019,0.01905,0.019025,0.019100000000000002,0.019074999999999998,0.019100000000000002,0.019100000000000002,0.019125,0.019125,0.019149999999999997,0.019125,0.019125]},"I":{"unit":"A","value":[-0.000888,-0.00014099999999999998,0.00032700000000000003,0.0005639999999999999,0.000666,0.000714,0.000734,0.000744,0.00075,0.000751,0.000753,0.000756,0.000755,0.000759,0.000758,0.000758,0.000761,0.000759,0.00076,0.000762,0.000761,0.000764,0.000763,0.000764,0.000764,0.0007650000000000001,0.0007650000000000001,0.000766,0.0007650000000000001,0.0007650000000000001]},"efficiency":{"unit":"%","value":16.6005},"fill_factor":{"unit":"%","value":80.52331113225499},"jsc":{"unit":"mA\/cm2","value":19.124999999999996},"isc":{"unit":"mA","value":0.7649999999999999},"voc":{"unit":"V","value":1.0779487179487182},"sweep_direction":{"unit":"","value":"Reverse"},"key":"reverse_9_52107134"},{"V":{"unit":"V","value":[1.12,1.08,1.04,1,0.96,0.92,0.88,0.84,0.8,0.76,0.72,0.68,0.64,0.6,0.56,0.52,0.48,0.44,0.4,0.36,0.32,0.28,0.24,0.2,0.16,0.12,0.08,0.04,0,-0.04]},"J":{"unit":"A\/cm2","value":[-0.008225,-0.0015249999999999999,0.004425,0.009550000000000001,0.013600000000000001,0.016375,0.01805,0.0188,0.019274999999999997,0.019475000000000003,0.01955,0.019625,0.019625,0.01965,0.0197,0.019725000000000003,0.0197,0.019775,0.019725000000000003,0.019725000000000003,0.0198,0.01975,0.0198,0.019775,0.019775,0.0198,0.019825,0.019825,0.019825,0.019825]},"I":{"unit":"A","value":[-0.00032900000000000003,-6.1e-5,0.000177,0.000382,0.000544,0.000655,0.000722,0.000752,0.000771,0.0007790000000000001,0.000782,0.000785,0.000785,0.000786,0.0007880000000000001,0.000789,0.0007880000000000001,0.000791,0.000789,0.000789,0.0007920000000000001,0.00079,0.0007920000000000001,0.000791,0.000791,0.0007920000000000001,0.0007930000000000001,0.0007930000000000001,0.0007930000000000001,0.0007930000000000001]},"efficiency":{"unit":"%","value":15.884},"fill_factor":{"unit":"%","value":74.89714102877792},"jsc":{"unit":"mA\/cm2","value":19.825},"isc":{"unit":"mA","value":0.793},"voc":{"unit":"V","value":1.0697478991596638},"sweep_direction":{"unit":"","value":"Reverse"},"key":"reverse_9_52107042"},{"V":{"unit":"V","value":[1.133,1.093,1.053,1.013,0.973,0.933,0.893,0.853,0.813,0.773,0.733,0.693,0.653,0.613,0.573,0.533,0.493,0.453,0.413,0.373,0.333,0.293,0.253,0.213,0.173,0.133,0.093,0.053,0.013,-0.027]},"J":{"unit":"A\/cm2","value":[-0.016125,-0.0028,0.007149999999999999,0.013275,0.016425000000000002,0.017924999999999996,0.018574999999999998,0.019,0.019149999999999997,0.019175,0.0193,0.0193,0.019325,0.019425,0.019325,0.019425,0.019425,0.019425,0.0195,0.019475000000000003,0.019475000000000003,0.01955,0.01945,0.01955,0.019524999999999997,0.019524999999999997,0.01965,0.0195,0.019600000000000003,0.019600000000000003]},"I":{"unit":"A","value":[-0.0006450000000000001,-0.000112,0.00028599999999999996,0.000531,0.000657,0.000717,0.000743,0.00076,0.000766,0.000767,0.000772,0.000772,0.000773,0.000777,0.000773,0.000777,0.000777,0.000777,0.00078,0.0007790000000000001,0.0007790000000000001,0.000782,0.000778,0.000782,0.000781,0.000781,0.000786,0.00078,0.0007840000000000001,0.0007840000000000001]},"efficiency":{"unit":"%","value":16.724025},"fill_factor":{"unit":"%","value":78.87881084648272},"jsc":{"unit":"mA\/cm2","value":19.599999999999998},"isc":{"unit":"mA","value":0.7839999999999999},"voc":{"unit":"V","value":1.0817437185929648},"sweep_direction":{"unit":"","value":"Reverse"},"key":"reverse_8_52107134"},{"V":{"unit":"V","value":[1.119,1.079,1.039,0.999,0.959,0.919,0.879,0.839,0.799,0.759,0.719,0.679,0.639,0.599,0.559,0.519,0.479,0.439,0.399,0.359,0.319,0.279,0.239,0.199,0.159,0.119,0.079,0.039,-0.001,-0.041]},"J":{"unit":"A\/cm2","value":[-0.007724999999999999,-0.00145,0.004175,0.009025,0.013025,0.0159,0.017724999999999998,0.01875,0.019225000000000003,0.019475000000000003,0.019600000000000003,0.0197,0.01965,0.019775,0.0197,0.01975,0.019825,0.01975,0.0198,0.0198,0.019825,0.019825,0.019825,0.019850000000000003,0.019875,0.0199,0.019850000000000003,0.019925000000000002,0.019850000000000003,0.019925000000000002]},"I":{"unit":"A","value":[-0.000309,-5.8e-5,0.00016700000000000002,0.000361,0.000521,0.0006360000000000001,0.000709,0.00075,0.000769,0.0007790000000000001,0.0007840000000000001,0.0007880000000000001,0.000786,0.000791,0.0007880000000000001,0.00079,0.0007930000000000001,0.00079,0.0007920000000000001,0.0007920000000000001,0.0007930000000000001,0.0007930000000000001,0.0007930000000000001,0.000794,0.000795,0.000796,0.000794,0.0007970000000000001,0.000794,0.0007970000000000001]},"efficiency":{"unit":"%","value":15.73125},"fill_factor":{"unit":"%","value":74.14987220615022},"jsc":{"unit":"mA\/cm2","value":19.851875},"isc":{"unit":"mA","value":0.794075},"voc":{"unit":"V","value":1.0686888888888888},"sweep_direction":{"unit":"","value":"Reverse"},"key":"reverse_8_52107042"},{"V":{"unit":"V","value":[1.126,1.086,1.046,1.006,0.966,0.926,0.886,0.846,0.806,0.766,0.726,0.686,0.646,0.606,0.566,0.526,0.486,0.446,0.406,0.366,0.326,0.286,0.246,0.206,0.166,0.126,0.086,0.046,0.006,-0.034]},"J":{"unit":"A\/cm2","value":[-0.018325,-0.003175,0.0079,0.014424999999999999,0.017525,0.019,0.019524999999999997,0.0199,0.020025,0.020050000000000002,0.020175000000000002,0.02015,0.0202,0.020225,0.02025,0.020275,0.020300000000000002,0.020300000000000002,0.020300000000000002,0.020349999999999997,0.020375,0.020349999999999997,0.020399999999999998,0.020375,0.020425,0.020425,0.020399999999999998,0.0205,0.020425,0.02045]},"I":{"unit":"A","value":[-0.000733,-0.000127,0.000316,0.0005769999999999999,0.0007009999999999999,0.00076,0.000781,0.000796,0.0008010000000000001,0.0008020000000000001,0.0008070000000000001,0.0008060000000000001,0.000808,0.000809,0.0008100000000000001,0.0008110000000000001,0.000812,0.000812,0.000812,0.0008139999999999999,0.000815,0.0008139999999999999,0.000816,0.000815,0.0008169999999999999,0.0008169999999999999,0.000816,0.00082,0.0008169999999999999,0.0008179999999999999]},"efficiency":{"unit":"%","value":17.594},"fill_factor":{"unit":"%","value":80.14992952738372},"jsc":{"unit":"mA\/cm2","value":20.428749999999997},"isc":{"unit":"mA","value":0.8171499999999999},"voc":{"unit":"V","value":1.0745327313769752},"sweep_direction":{"unit":"","value":"Reverse"},"key":"reverse_7_52107134"},{"V":{"unit":"V","value":[1.119,1.079,1.039,0.999,0.959,0.919,0.879,0.839,0.799,0.759,0.719,0.679,0.639,0.599,0.559,0.519,0.479,0.439,0.399,0.359,0.319,0.279,0.239,0.199,0.159,0.119,0.079,0.039,-0.001,-0.041]},"J":{"unit":"A\/cm2","value":[-0.00765,-0.001425,0.004175,0.0091,0.01315,0.016225,0.018125,0.019175,0.01965,0.01995,0.0201,0.0201,0.020225,0.0202,0.020225,0.020275,0.020225,0.02025,0.020300000000000002,0.020325,0.020275,0.020375,0.020325,0.020349999999999997,0.020399999999999998,0.020375,0.020399999999999998,0.020375,0.020399999999999998,0.020425]},"I":{"unit":"A","value":[-0.000306,-5.7e-5,0.00016700000000000002,0.000364,0.000526,0.0006490000000000001,0.000725,0.000767,0.000786,0.000798,0.000804,0.000804,0.000809,0.000808,0.000809,0.0008110000000000001,0.000809,0.0008100000000000001,0.000812,0.0008129999999999999,0.0008110000000000001,0.000815,0.0008129999999999999,0.0008139999999999999,0.000816,0.000815,0.000816,0.000815,0.000816,0.0008169999999999999]},"efficiency":{"unit":"%","value":16.087825},"fill_factor":{"unit":"%","value":73.78622970356987},"jsc":{"unit":"mA\/cm2","value":20.399375},"isc":{"unit":"mA","value":0.815975},"voc":{"unit":"V","value":1.0688214285714286},"sweep_direction":{"unit":"","value":"Reverse"},"key":"reverse_7_52107042"},{"V":{"unit":"V","value":[1.123,1.083,1.043,1.003,0.963,0.923,0.883,0.843,0.803,0.763,0.723,0.683,0.643,0.603,0.563,0.523,0.483,0.443,0.403,0.363,0.323,0.283,0.243,0.203,0.163,0.123,0.083,0.043,0.003,-0.037]},"J":{"unit":"A\/cm2","value":[-0.017224999999999997,-0.00295,0.007199999999999999,0.013275,0.01635,0.017825,0.01855,0.018850000000000002,0.018975000000000002,0.019100000000000002,0.019074999999999998,0.019149999999999997,0.019175,0.019175,0.019225000000000003,0.0192,0.019225000000000003,0.01925,0.01925,0.01925,0.019325,0.01925,0.019274999999999997,0.019325,0.0193,0.019350000000000003,0.019325,0.019350000000000003,0.019325,0.019375]},"I":{"unit":"A","value":[-0.0006889999999999999,-0.000118,0.00028799999999999995,0.000531,0.0006540000000000001,0.000713,0.000742,0.000754,0.000759,0.000764,0.000763,0.000766,0.000767,0.000767,0.000769,0.000768,0.000769,0.0007700000000000001,0.0007700000000000001,0.0007700000000000001,0.000773,0.0007700000000000001,0.000771,0.000773,0.000772,0.0007740000000000001,0.000773,0.0007740000000000001,0.000773,0.000775]},"efficiency":{"unit":"%","value":16.452475},"fill_factor":{"unit":"%","value":79.44859331235105},"jsc":{"unit":"mA\/cm2","value":19.32875},"isc":{"unit":"mA","value":0.77315},"voc":{"unit":"V","value":1.0713743842364531},"sweep_direction":{"unit":"","value":"Reverse"},"key":"reverse_7_52107041"},{"V":{"unit":"V","value":[1.123,1.083,1.043,1.003,0.963,0.923,0.883,0.843,0.803,0.763,0.723,0.683,0.643,0.603,0.563,0.523,0.483,0.443,0.403,0.363,0.323,0.283,0.243,0.203,0.163,0.123,0.083,0.043,0.003,-0.037]},"J":{"unit":"A\/cm2","value":[-0.01955,-0.00335,0.008,0.014199999999999999,0.017075,0.018349999999999998,0.018824999999999998,0.019100000000000002,0.0192,0.019225000000000003,0.019325,0.019325,0.019325,0.019399999999999997,0.019375,0.019399999999999997,0.01945,0.019399999999999997,0.019425,0.01945,0.019425,0.019475000000000003,0.0195,0.01945,0.01955,0.019524999999999997,0.019475000000000003,0.01955,0.0195,0.01955]},"I":{"unit":"A","value":[-0.000782,-0.000134,0.00032,0.0005679999999999999,0.000683,0.000734,0.000753,0.000764,0.000768,0.000769,0.000773,0.000773,0.000773,0.000776,0.000775,0.000776,0.000778,0.000776,0.000777,0.000778,0.000777,0.0007790000000000001,0.00078,0.000778,0.000782,0.000781,0.0007790000000000001,0.000782,0.00078,0.000782]},"efficiency":{"unit":"%","value":16.93705},"fill_factor":{"unit":"%","value":81.06839680207017},"jsc":{"unit":"mA\/cm2","value":19.50375},"isc":{"unit":"mA","value":0.78015},"voc":{"unit":"V","value":1.0711938325991188},"sweep_direction":{"unit":"","value":"Reverse"},"key":"reverse_6_52107134"},{"V":{"unit":"V","value":[1.117,1.077,1.037,0.997,0.957,0.917,0.877,0.837,0.797,0.757,0.717,0.677,0.637,0.597,0.557,0.517,0.477,0.437,0.397,0.357,0.317,0.277,0.237,0.197,0.157,0.117,0.077,0.037,-0.003,-0.043]},"J":{"unit":"A\/cm2","value":[-0.007925,-0.001475,0.0043,0.009375,0.013475,0.016300000000000002,0.017924999999999996,0.018775,0.019100000000000002,0.0193,0.019425,0.019399999999999997,0.0195,0.019475000000000003,0.0195,0.01955,0.019524999999999997,0.01955,0.019575,0.01955,0.01955,0.019625,0.01955,0.019625,0.019600000000000003,0.019600000000000003,0.019675,0.019575,0.01965,0.019625]},"I":{"unit":"A","value":[-0.000317,-5.9e-5,0.00017199999999999998,0.000375,0.000539,0.000652,0.000717,0.000751,0.000764,0.000772,0.000777,0.000776,0.00078,0.0007790000000000001,0.00078,0.000782,0.000781,0.000782,0.0007830000000000001,0.000782,0.000782,0.000785,0.000782,0.000785,0.0007840000000000001,0.0007840000000000001,0.000787,0.0007830000000000001,0.000786,0.000785]},"efficiency":{"unit":"%","value":15.720225},"fill_factor":{"unit":"%","value":75.01432947956003},"jsc":{"unit":"mA\/cm2","value":19.644375},"isc":{"unit":"mA","value":0.785775},"voc":{"unit":"V","value":1.0667835497835496},"sweep_direction":{"unit":"","value":"Reverse"},"key":"reverse_6_52107042"},{"V":{"unit":"V","value":[1.122,1.082,1.042,1.002,0.962,0.922,0.882,0.842,0.802,0.762,0.722,0.682,0.642,0.602,0.562,0.522,0.482,0.442,0.402,0.362,0.322,0.282,0.242,0.202,0.162,0.122,0.082,0.042,0.002,-0.038]},"J":{"unit":"A\/cm2","value":[-0.014649999999999998,-0.0025749999999999996,0.006900000000000001,0.013425000000000001,0.01695,0.01865,0.019350000000000003,0.019775,0.019850000000000003,0.01995,0.02,0.019975,0.020075,0.02,0.020075,0.020075,0.020075,0.020075,0.020125,0.020175000000000002,0.0201,0.02015,0.020125,0.02015,0.020125,0.0202,0.020175000000000002,0.0202,0.020175000000000002,0.0202]},"I":{"unit":"A","value":[-0.0005859999999999999,-0.000103,0.00027600000000000004,0.000537,0.000678,0.000746,0.0007740000000000001,0.000791,0.000794,0.000798,0.0008,0.000799,0.000803,0.0008,0.000803,0.000803,0.000803,0.000803,0.000805,0.0008070000000000001,0.000804,0.0008060000000000001,0.000805,0.0008060000000000001,0.000805,0.000808,0.0008070000000000001,0.000808,0.0008070000000000001,0.000808]},"efficiency":{"unit":"%","value":17.1953},"fill_factor":{"unit":"%","value":79.56597929145542},"jsc":{"unit":"mA\/cm2","value":20.176250000000003},"isc":{"unit":"mA","value":0.8070500000000002},"voc":{"unit":"V","value":1.0711292875989447},"sweep_direction":{"unit":"","value":"Reverse"},"key":"reverse_6_52107041"},{"V":{"unit":"V","value":[1.122,1.082,1.042,1.002,0.962,0.922,0.882,0.842,0.802,0.762,0.722,0.682,0.642,0.602,0.562,0.522,0.482,0.442,0.402,0.362,0.322,0.282,0.242,0.202,0.162,0.122,0.082,0.042,0.002,-0.038]},"J":{"unit":"A\/cm2","value":[-0.024675,-0.00395,0.009,0.015375,0.018025,0.019025,0.019524999999999997,0.01975,0.019850000000000003,0.019875,0.019925000000000002,0.019975,0.01995,0.019975,0.020050000000000002,0.019975,0.020050000000000002,0.02,0.0201,0.020075,0.020050000000000002,0.02015,0.020075,0.0201,0.020175000000000002,0.0201,0.020175000000000002,0.02015,0.02015,0.020225]},"I":{"unit":"A","value":[-0.000987,-0.000158,0.00035999999999999997,0.000615,0.000721,0.000761,0.000781,0.00079,0.000794,0.000795,0.0007970000000000001,0.000799,0.000798,0.000799,0.0008020000000000001,0.000799,0.0008020000000000001,0.0008,0.000804,0.000803,0.0008020000000000001,0.0008060000000000001,0.000803,0.000804,0.0008070000000000001,0.000804,0.0008070000000000001,0.0008060000000000001,0.0008060000000000001,0.000809]},"efficiency":{"unit":"%","value":17.54105},"fill_factor":{"unit":"%","value":81.35747088050447},"jsc":{"unit":"mA\/cm2","value":20.15375},"isc":{"unit":"mA","value":0.80615},"voc":{"unit":"V","value":1.0697992277992279},"sweep_direction":{"unit":"","value":"Reverse"},"key":"reverse_5_52107134"},{"V":{"unit":"V","value":[1.115,1.075,1.035,0.995,0.955,0.915,0.875,0.835,0.795,0.755,0.715,0.675,0.635,0.595,0.555,0.515,0.475,0.435,0.395,0.355,0.315,0.275,0.235,0.195,0.155,0.115,0.075,0.035,-0.005,-0.045]},"J":{"unit":"A\/cm2","value":[-0.009825,-0.0017749999999999999,0.00495,0.010524999999999998,0.014624999999999997,0.01725,0.0186,0.019274999999999997,0.01955,0.019775,0.0198,0.019825,0.019925000000000002,0.019850000000000003,0.0199,0.019925000000000002,0.0199,0.01995,0.01995,0.019975,0.01995,0.020025,0.01995,0.020025,0.02,0.02,0.020050000000000002,0.02,0.020075,0.02]},"I":{"unit":"A","value":[-0.000393,-7.099999999999999e-5,0.00019800000000000002,0.000421,0.000585,0.00069,0.000744,0.000771,0.000782,0.000791,0.0007920000000000001,0.0007930000000000001,0.0007970000000000001,0.000794,0.000796,0.0007970000000000001,0.000796,0.000798,0.000798,0.000799,0.000798,0.0008010000000000001,0.000798,0.0008010000000000001,0.0008,0.0008,0.0008020000000000001,0.0008,0.000803,0.0008]},"efficiency":{"unit":"%","value":16.275},"fill_factor":{"unit":"%","value":76.198452010492},"jsc":{"unit":"mA\/cm2","value":20.065625000000004},"isc":{"unit":"mA","value":0.8026250000000001},"voc":{"unit":"V","value":1.064442379182156},"sweep_direction":{"unit":"","value":"Reverse"},"key":"reverse_5_52107042"},{"V":{"unit":"V","value":[1.12,1.08,1.04,1,0.96,0.92,0.88,0.84,0.8,0.76,0.72,0.68,0.64,0.6,0.56,0.52,0.48,0.44,0.4,0.36,0.32,0.28,0.24,0.2,0.16,0.12,0.08,0.04,0,-0.04]},"J":{"unit":"A\/cm2","value":[-0.006024999999999999,-0.00115,0.0034750000000000002,0.007724999999999999,0.011450000000000002,0.014474999999999998,0.0166,0.017974999999999998,0.0186,0.019025,0.019125,0.019274999999999997,0.019274999999999997,0.0193,0.019350000000000003,0.019325,0.019350000000000003,0.019350000000000003,0.019425,0.019350000000000003,0.019425,0.019425,0.019350000000000003,0.0195,0.019399999999999997,0.019475000000000003,0.019425,0.01945,0.019475000000000003,0.019475000000000003]},"I":{"unit":"A","value":[-0.000241,-4.6e-5,0.00013900000000000002,0.000309,0.000458,0.000579,0.000664,0.000719,0.000744,0.000761,0.0007650000000000001,0.000771,0.000771,0.000772,0.0007740000000000001,0.000773,0.0007740000000000001,0.0007740000000000001,0.000777,0.0007740000000000001,0.000777,0.000777,0.0007740000000000001,0.00078,0.000776,0.0007790000000000001,0.000777,0.000778,0.0007790000000000001,0.0007790000000000001]},"efficiency":{"unit":"%","value":15.098999999999998},"fill_factor":{"unit":"%","value":72.45443964898963},"jsc":{"unit":"mA\/cm2","value":19.475},"isc":{"unit":"mA","value":0.779},"voc":{"unit":"V","value":1.0700540540540542},"sweep_direction":{"unit":"","value":"Reverse"},"key":"reverse_5_52107041"},{"V":{"unit":"V","value":[1.121,1.081,1.04,1,0.96,0.92,0.88,0.84,0.8,0.76,0.72,0.68,0.64,0.6,0.56,0.52,0.48,0.44,0.4,0.36,0.32,0.28,0.24,0.2,0.16,0.12,0.08,0.04,0,-0.04]},"J":{"unit":"A\/cm2","value":[-0.024149999999999998,-0.004,0.009125,0.015775,0.018574999999999998,0.019725000000000003,0.0201,0.020375,0.020425,0.020474999999999997,0.020575,0.0205,0.020625,0.020625,0.020599999999999997,0.0207,0.020625,0.020674999999999995,0.0207,0.020649999999999998,0.0207,0.0207,0.020724999999999997,0.02075,0.020724999999999997,0.020724999999999997,0.020724999999999997,0.02075,0.02075,0.02075]},"I":{"unit":"A","value":[-0.000966,-0.00016,0.000365,0.000631,0.000743,0.000789,0.000804,0.000815,0.0008169999999999999,0.000819,0.000823,0.00082,0.000825,0.000825,0.000824,0.000828,0.000825,0.0008269999999999999,0.000828,0.0008259999999999999,0.000828,0.000828,0.000829,0.00083,0.000829,0.000829,0.000829,0.00083,0.00083,0.00083]},"efficiency":{"unit":"%","value":18.147000000000002},"fill_factor":{"unit":"%","value":81.84841547252},"jsc":{"unit":"mA\/cm2","value":20.75},"isc":{"unit":"mA","value":0.83},"voc":{"unit":"V","value":1.0685047619047618},"sweep_direction":{"unit":"","value":"Reverse"},"key":"reverse_4_52107134"},{"V":{"unit":"V","value":[1.12,1.08,1.04,1,0.96,0.92,0.88,0.84,0.8,0.76,0.72,0.68,0.64,0.6,0.56,0.52,0.48,0.44,0.4,0.36,0.32,0.28,0.24,0.2,0.16,0.12,0.08,0.04,0,-0.04]},"J":{"unit":"A\/cm2","value":[-0.0094,-0.0017500000000000003,0.004925,0.010549999999999999,0.01485,0.017625,0.01905,0.0198,0.02015,0.020275,0.020399999999999998,0.020399999999999998,0.020425,0.020474999999999997,0.020425,0.02055,0.020474999999999997,0.02055,0.02055,0.0205,0.02055,0.020575,0.020575,0.020575,0.020625,0.020599999999999997,0.020625,0.020649999999999998,0.020575,0.020674999999999995]},"I":{"unit":"A","value":[-0.000376,-7.000000000000001e-5,0.00019700000000000002,0.000422,0.000594,0.000705,0.000762,0.0007920000000000001,0.0008060000000000001,0.0008110000000000001,0.000816,0.000816,0.0008169999999999999,0.000819,0.0008169999999999999,0.0008219999999999999,0.000819,0.0008219999999999999,0.0008219999999999999,0.00082,0.0008219999999999999,0.000823,0.000823,0.000823,0.000825,0.000824,0.000825,0.0008259999999999999,0.000823,0.0008269999999999999]},"efficiency":{"unit":"%","value":16.764},"fill_factor":{"unit":"%","value":76.18188183709118},"jsc":{"unit":"mA\/cm2","value":20.575},"isc":{"unit":"mA","value":0.823},"voc":{"unit":"V","value":1.0695131086142322},"sweep_direction":{"unit":"","value":"Reverse"},"key":"reverse_4_52107042"},{"V":{"unit":"V","value":[1.118,1.078,1.038,0.998,0.958,0.918,0.878,0.838,0.798,0.758,0.718,0.678,0.638,0.598,0.558,0.518,0.478,0.438,0.398,0.358,0.318,0.278,0.238,0.198,0.158,0.118,0.078,0.038,-0.002,-0.042]},"J":{"unit":"A\/cm2","value":[-0.015449999999999998,-0.0026999999999999997,0.007075,0.013550000000000001,0.016900000000000002,0.018449999999999998,0.019125,0.01945,0.019524999999999997,0.01965,0.01965,0.01965,0.019725000000000003,0.019725000000000003,0.019725000000000003,0.019725000000000003,0.019775,0.01975,0.01975,0.01975,0.0198,0.019775,0.019775,0.0198,0.019775,0.019850000000000003,0.019825,0.019850000000000003,0.019825,0.019875]},"I":{"unit":"A","value":[-0.000618,-0.000108,0.000283,0.0005420000000000001,0.0006760000000000001,0.0007379999999999999,0.0007650000000000001,0.000778,0.000781,0.000786,0.000786,0.000786,0.000789,0.000789,0.000789,0.000789,0.000791,0.00079,0.00079,0.00079,0.0007920000000000001,0.000791,0.000791,0.0007920000000000001,0.000791,0.000794,0.0007930000000000001,0.000794,0.0007930000000000001,0.000795]},"efficiency":{"unit":"%","value":16.937099999999997},"fill_factor":{"unit":"%","value":80.06705103972284},"jsc":{"unit":"mA\/cm2","value":19.82625},"isc":{"unit":"mA","value":0.79305},"voc":{"unit":"V","value":1.0669514066496166},"sweep_direction":{"unit":"","value":"Reverse"},"key":"reverse_4_52107041"},{"V":{"unit":"V","value":[1.121,1.081,1.041,1.001,0.961,0.921,0.881,0.841,0.801,0.761,0.721,0.681,0.641,0.601,0.561,0.521,0.481,0.441,0.401,0.361,0.321,0.281,0.241,0.201,0.161,0.121,0.081,0.041,0.001,-0.039]},"J":{"unit":"A\/cm2","value":[-0.02495,-0.0039,0.008924999999999999,0.0152,0.017674999999999996,0.01865,0.019175,0.0193,0.019399999999999997,0.0195,0.019475000000000003,0.019524999999999997,0.01955,0.019575,0.019575,0.019575,0.019600000000000003,0.01965,0.019675,0.01965,0.0197,0.019675,0.019675,0.019725000000000003,0.0197,0.0197,0.01975,0.0197,0.019725000000000003,0.01975]},"I":{"unit":"A","value":[-0.000998,-0.000156,0.000357,0.000608,0.000707,0.000746,0.000767,0.000772,0.000776,0.00078,0.0007790000000000001,0.000781,0.000782,0.0007830000000000001,0.0007830000000000001,0.0007830000000000001,0.0007840000000000001,0.000786,0.000787,0.000786,0.0007880000000000001,0.000787,0.000787,0.000789,0.0007880000000000001,0.0007880000000000001,0.00079,0.0007880000000000001,0.000789,0.00079]},"efficiency":{"unit":"%","value":17.176650000000002},"fill_factor":{"unit":"%","value":81.46977485913418},"jsc":{"unit":"mA\/cm2","value":19.725624999999997},"isc":{"unit":"mA","value":0.789025},"voc":{"unit":"V","value":1.0688362573099415},"sweep_direction":{"unit":"","value":"Reverse"},"key":"reverse_3_52107134"},{"V":{"unit":"V","value":[1.121,1.081,1.041,1.001,0.961,0.921,0.881,0.841,0.801,0.761,0.721,0.681,0.641,0.601,0.561,0.521,0.481,0.441,0.401,0.361,0.321,0.281,0.241,0.201,0.161,0.121,0.081,0.041,0.001,-0.039]},"J":{"unit":"A\/cm2","value":[-0.00825,-0.00155,0.004375,0.00945,0.0135,0.016274999999999998,0.01795,0.018675,0.019074999999999998,0.019274999999999997,0.0193,0.01945,0.019399999999999997,0.019475000000000003,0.019475000000000003,0.019524999999999997,0.0195,0.019475000000000003,0.01955,0.01955,0.01955,0.019524999999999997,0.019600000000000003,0.019524999999999997,0.019625,0.019575,0.01955,0.019625,0.019600000000000003,0.019625]},"I":{"unit":"A","value":[-0.00033,-6.2e-5,0.000175,0.000378,0.00054,0.000651,0.000718,0.000747,0.000763,0.000771,0.000772,0.000778,0.000776,0.0007790000000000001,0.0007790000000000001,0.000781,0.00078,0.0007790000000000001,0.000782,0.000782,0.000782,0.000781,0.0007840000000000001,0.000781,0.000785,0.0007830000000000001,0.000782,0.000785,0.0007840000000000001,0.000785]},"efficiency":{"unit":"%","value":15.813949999999998},"fill_factor":{"unit":"%","value":75.36491609077464},"jsc":{"unit":"mA\/cm2","value":19.600624999999997},"isc":{"unit":"mA","value":0.784025},"voc":{"unit":"V","value":1.070535864978903},"sweep_direction":{"unit":"","value":"Reverse"},"key":"reverse_3_52107042"},{"V":{"unit":"V","value":[1.119,1.079,1.039,0.999,0.959,0.919,0.879,0.839,0.799,0.759,0.719,0.679,0.639,0.599,0.559,0.519,0.479,0.439,0.399,0.359,0.319,0.279,0.239,0.199,0.159,0.119,0.079,0.039,-0.001,-0.041]},"J":{"unit":"A\/cm2","value":[-0.00915,-0.0017000000000000001,0.004925,0.0105,0.014749999999999997,0.017575,0.019,0.01975,0.019975,0.02015,0.020225,0.0202,0.02025,0.020275,0.020275,0.020275,0.020349999999999997,0.02025,0.020349999999999997,0.020300000000000002,0.020349999999999997,0.020375,0.020349999999999997,0.020375,0.020375,0.020399999999999998,0.020399999999999998,0.02045,0.020375,0.02045]},"I":{"unit":"A","value":[-0.000366,-6.8e-5,0.00019700000000000002,0.00041999999999999996,0.0005899999999999999,0.000703,0.00076,0.00079,0.000799,0.0008060000000000001,0.000809,0.000808,0.0008100000000000001,0.0008110000000000001,0.0008110000000000001,0.0008110000000000001,0.0008139999999999999,0.0008100000000000001,0.0008139999999999999,0.000812,0.0008139999999999999,0.000815,0.0008139999999999999,0.000815,0.000815,0.000816,0.000816,0.0008179999999999999,0.000815,0.0008179999999999999]},"efficiency":{"unit":"%","value":16.701},"fill_factor":{"unit":"%","value":76.68925473906776},"jsc":{"unit":"mA\/cm2","value":20.376875},"isc":{"unit":"mA","value":0.815075},"voc":{"unit":"V","value":1.0687358490566037},"sweep_direction":{"unit":"","value":"Reverse"},"key":"reverse_3_52107041"},{"V":{"unit":"V","value":[1.122,1.082,1.042,1.002,0.962,0.922,0.882,0.842,0.802,0.762,0.722,0.682,0.642,0.602,0.562,0.522,0.482,0.442,0.402,0.362,0.322,0.282,0.242,0.202,0.162,0.122,0.082,0.042,0.002,-0.038]},"J":{"unit":"A\/cm2","value":[-0.025324999999999997,-0.00405,0.0091,0.015525,0.018125,0.019149999999999997,0.019575,0.019825,0.019825,0.019925000000000002,0.01995,0.01995,0.020050000000000002,0.02,0.020025,0.020075,0.020025,0.020125,0.020075,0.0201,0.020175000000000002,0.0201,0.02015,0.020175000000000002,0.02015,0.020225,0.020175000000000002,0.02015,0.020225,0.0202]},"I":{"unit":"A","value":[-0.0010129999999999998,-0.000162,0.000364,0.000621,0.000725,0.000766,0.0007830000000000001,0.0007930000000000001,0.0007930000000000001,0.0007970000000000001,0.000798,0.000798,0.0008020000000000001,0.0008,0.0008010000000000001,0.000803,0.0008010000000000001,0.000805,0.000803,0.000804,0.0008070000000000001,0.000804,0.0008060000000000001,0.0008070000000000001,0.0008060000000000001,0.000809,0.0008070000000000001,0.0008060000000000001,0.000809,0.000808]},"efficiency":{"unit":"%","value":17.656299999999998},"fill_factor":{"unit":"%","value":81.61761287962754},"jsc":{"unit":"mA\/cm2","value":20.223750000000003},"isc":{"unit":"mA","value":0.8089500000000001},"voc":{"unit":"V","value":1.069680608365019},"sweep_direction":{"unit":"","value":"Reverse"},"key":"reverse_2_52107134"},{"V":{"unit":"V","value":[1.121,1.081,1.041,1.001,0.961,0.921,0.881,0.841,0.801,0.761,0.721,0.681,0.641,0.601,0.561,0.521,0.481,0.441,0.401,0.361,0.321,0.281,0.241,0.201,0.161,0.121,0.081,0.041,0.001,-0.039]},"J":{"unit":"A\/cm2","value":[-0.007025,-0.001325,0.0039,0.008575000000000001,0.012625,0.01575,0.0179,0.019074999999999998,0.019575,0.019825,0.019875,0.02,0.019975,0.020075,0.020050000000000002,0.020050000000000002,0.020125,0.020075,0.0201,0.0201,0.020125,0.02015,0.020175000000000002,0.020175000000000002,0.02015,0.0202,0.02015,0.020225,0.0202,0.020175000000000002]},"I":{"unit":"A","value":[-0.00028100000000000005,-5.3e-5,0.000156,0.00034300000000000004,0.000505,0.00063,0.000716,0.000763,0.0007830000000000001,0.0007930000000000001,0.000795,0.0008,0.000799,0.000803,0.0008020000000000001,0.0008020000000000001,0.000805,0.000803,0.000804,0.000804,0.000805,0.0008060000000000001,0.0008070000000000001,0.0008070000000000001,0.0008060000000000001,0.000808,0.0008060000000000001,0.000809,0.000808,0.0008070000000000001]},"efficiency":{"unit":"%","value":16.042075},"fill_factor":{"unit":"%","value":74.16369340649021},"jsc":{"unit":"mA\/cm2","value":20.199375000000003},"isc":{"unit":"mA","value":0.8079750000000002},"voc":{"unit":"V","value":1.0708564593301435},"sweep_direction":{"unit":"","value":"Reverse"},"key":"reverse_2_52107042"},{"V":{"unit":"V","value":[1.124,1.084,1.044,1.004,0.964,0.924,0.884,0.844,0.804,0.764,0.724,0.684,0.644,0.604,0.564,0.524,0.484,0.444,0.404,0.364,0.324,0.284,0.244,0.204,0.164,0.124,0.084,0.044,0.004,-0.036]},"J":{"unit":"A\/cm2","value":[-0.01,-0.0018499999999999999,0.0053,0.011025,0.014975,0.0172,0.018275,0.01875,0.018975000000000002,0.019100000000000002,0.019100000000000002,0.0192,0.0192,0.019149999999999997,0.0193,0.019175,0.019274999999999997,0.019274999999999997,0.019274999999999997,0.019274999999999997,0.0193,0.019274999999999997,0.019375,0.019375,0.019274999999999997,0.019399999999999997,0.0193,0.019375,0.019375,0.019375]},"I":{"unit":"A","value":[-0.0004,-7.4e-5,0.000212,0.000441,0.0005989999999999999,0.0006879999999999999,0.000731,0.00075,0.000759,0.000764,0.000764,0.000768,0.000768,0.000766,0.000772,0.000767,0.000771,0.000771,0.000771,0.000771,0.000772,0.000771,0.000775,0.000775,0.000771,0.000776,0.000772,0.000775,0.000775,0.000775]},"efficiency":{"unit":"%","value":16.1551},"fill_factor":{"unit":"%","value":77.66137394495041},"jsc":{"unit":"mA\/cm2","value":19.375000000000004},"isc":{"unit":"mA","value":0.7750000000000001},"voc":{"unit":"V","value":1.0736503496503498},"sweep_direction":{"unit":"","value":"Reverse"},"key":"reverse_2_52107041"},{"V":{"unit":"V","value":[1.125,1.085,1.045,1.005,0.965,0.925,0.885,0.845,0.805,0.765,0.725,0.685,0.645,0.605,0.565,0.525,0.485,0.445,0.405,0.365,0.325,0.285,0.245,0.205,0.165,0.125,0.085,0.045,0.005,-0.035]},"J":{"unit":"A\/cm2","value":[-0.020875,-0.0035249999999999995,0.0083,0.014799999999999999,0.017825,0.019100000000000002,0.01965,0.019925000000000002,0.020050000000000002,0.020075,0.02015,0.020175000000000002,0.020225,0.020275,0.020300000000000002,0.020300000000000002,0.020325,0.020375,0.020375,0.020375,0.020425,0.020375,0.02045,0.02045,0.020425,0.0205,0.02045,0.020524999999999998,0.0205,0.0205]},"I":{"unit":"A","value":[-0.0008349999999999999,-0.00014099999999999998,0.000332,0.000592,0.000713,0.000764,0.000786,0.0007970000000000001,0.0008020000000000001,0.000803,0.0008060000000000001,0.0008070000000000001,0.000809,0.0008110000000000001,0.000812,0.000812,0.0008129999999999999,0.000815,0.000815,0.000815,0.0008169999999999999,0.000815,0.0008179999999999999,0.0008179999999999999,0.0008169999999999999,0.00082,0.0008179999999999999,0.0008209999999999999,0.00082,0.00082]},"efficiency":{"unit":"%","value":17.6675},"fill_factor":{"unit":"%","value":80.31389948133524},"jsc":{"unit":"mA\/cm2","value":20.499999999999996},"isc":{"unit":"mA","value":0.8199999999999998},"voc":{"unit":"V","value":1.0730761099365749},"sweep_direction":{"unit":"","value":"Reverse"},"key":"reverse_1_52107134"},{"V":{"unit":"V","value":[1.125,1.085,1.045,1.005,0.965,0.925,0.885,0.845,0.805,0.765,0.725,0.685,0.645,0.605,0.565,0.525,0.485,0.445,0.405,0.365,0.325,0.285,0.245,0.205,0.165,0.125,0.085,0.045,0.005,-0.035]},"J":{"unit":"A\/cm2","value":[-0.0063,-0.0012,0.0035249999999999995,0.0078,0.011675000000000001,0.014874999999999998,0.017325,0.019074999999999998,0.019825,0.020225,0.020349999999999997,0.020474999999999997,0.02055,0.020599999999999997,0.020575,0.020625,0.020625,0.020599999999999997,0.020674999999999995,0.020649999999999998,0.020724999999999997,0.020674999999999995,0.020724999999999997,0.020724999999999997,0.020724999999999997,0.020724999999999997,0.02075,0.020724999999999997,0.020724999999999997,0.020799999999999996]},"I":{"unit":"A","value":[-0.000252,-4.8e-5,0.00014099999999999998,0.000312,0.000467,0.0005949999999999999,0.0006929999999999999,0.000763,0.0007930000000000001,0.000809,0.0008139999999999999,0.000819,0.0008219999999999999,0.000824,0.000823,0.000825,0.000825,0.000824,0.0008269999999999999,0.0008259999999999999,0.000829,0.0008269999999999999,0.000829,0.000829,0.000829,0.000829,0.00083,0.000829,0.000829,0.000832]},"efficiency":{"unit":"%","value":16.118374999999997},"fill_factor":{"unit":"%","value":72.32458883232236},"jsc":{"unit":"mA\/cm2","value":20.734375},"isc":{"unit":"mA","value":0.8293750000000001},"voc":{"unit":"V","value":1.0748412698412697},"sweep_direction":{"unit":"","value":"Reverse"},"key":"reverse_1_52107042"},{"V":{"unit":"V","value":[1.123,1.083,1.043,1.003,0.963,0.923,0.883,0.843,0.803,0.763,0.723,0.683,0.643,0.603,0.563,0.523,0.483,0.443,0.403,0.363,0.323,0.283,0.243,0.203,0.163,0.123,0.083,0.043,0.003,-0.037]},"J":{"unit":"A\/cm2","value":[-0.00985,-0.0017999999999999997,0.0053,0.011224999999999999,0.015375,0.01775,0.018925,0.01945,0.019625,0.0198,0.0198,0.019825,0.0199,0.019825,0.0199,0.0199,0.0199,0.01995,0.0199,0.0199,0.019925000000000002,0.019925000000000002,0.019925000000000002,0.020025,0.01995,0.02,0.019975,0.020025,0.019975,0.020025]},"I":{"unit":"A","value":[-0.00039400000000000004,-7.199999999999999e-5,0.000212,0.000449,0.000615,0.0007099999999999999,0.000757,0.000778,0.000785,0.0007920000000000001,0.0007920000000000001,0.0007930000000000001,0.000796,0.0007930000000000001,0.000796,0.000796,0.000796,0.000798,0.000796,0.000796,0.0007970000000000001,0.0007970000000000001,0.0007970000000000001,0.0008010000000000001,0.000798,0.0008,0.000799,0.0008010000000000001,0.000799,0.0008010000000000001]},"efficiency":{"unit":"%","value":16.710774999999998},"fill_factor":{"unit":"%","value":77.9624660261168},"jsc":{"unit":"mA\/cm2","value":19.97875},"isc":{"unit":"mA","value":0.79915},"voc":{"unit":"V","value":1.0728591549295774},"sweep_direction":{"unit":"","value":"Reverse"},"key":"reverse_1_52107041"},{"V":{"unit":"V","value":[-0.05,-0.01,0.03,0.07,0.11,0.15,0.19,0.23,0.27,0.31,0.35,0.39,0.43,0.47,0.51,0.55,0.59,0.63,0.67,0.71,0.75,0.79,0.83,0.87,0.91,0.95,0.99,1.03,1.07,1.11,1.15]},"J":{"unit":"A\/cm2","value":[0.0193,0.019100000000000002,0.019125,0.019149999999999997,0.01905,0.019100000000000002,0.019074999999999998,0.019025,0.01905,0.018975000000000002,0.019025,0.019,0.018975000000000002,0.018975000000000002,0.018949999999999998,0.018925,0.018975000000000002,0.018875,0.018875,0.018875,0.018824999999999998,0.018775,0.018725,0.01855,0.0182,0.017375,0.015525,0.011474999999999999,0.0028250000000000003,-0.012475,-0.034575]},"I":{"unit":"A","value":[0.000772,0.000764,0.0007650000000000001,0.000766,0.000762,0.000764,0.000763,0.000761,0.000762,0.000759,0.000761,0.00076,0.000759,0.000759,0.000758,0.000757,0.000759,0.000755,0.000755,0.000755,0.000753,0.000751,0.000749,0.000742,0.000728,0.000695,0.000621,0.00045900000000000004,0.00011300000000000001,-0.000499,-0.0013830000000000001]},"efficiency":{"unit":"%","value":16.561999999999998},"fill_factor":{"unit":"%","value":80.4574287279853},"jsc":{"unit":"mA\/cm2","value":19.10625},"isc":{"unit":"mA","value":0.76425},"voc":{"unit":"V","value":1.0773856209150328},"sweep_direction":{"unit":"","value":"Forward"},"key":"forward_9_52107134"},{"V":{"unit":"V","value":[-0.05,-0.01,0.03,0.07,0.11,0.15,0.19,0.23,0.27,0.31,0.35,0.39,0.43,0.47,0.51,0.55,0.59,0.63,0.67,0.71,0.75,0.79,0.83,0.87,0.91,0.95,0.99,1.03,1.07,1.11,1.15]},"J":{"unit":"A\/cm2","value":[0.019925000000000002,0.019925000000000002,0.019850000000000003,0.019825,0.019850000000000003,0.019825,0.0198,0.019825,0.019775,0.019725000000000003,0.0198,0.019675,0.01975,0.0197,0.019675,0.019675,0.01965,0.01965,0.019600000000000003,0.019575,0.01945,0.019399999999999997,0.019125,0.018675,0.01765,0.015525,0.011949999999999999,0.0067,0.00015,-0.007475,-0.015975]},"I":{"unit":"A","value":[0.0007970000000000001,0.0007970000000000001,0.000794,0.0007930000000000001,0.000794,0.0007930000000000001,0.0007920000000000001,0.0007930000000000001,0.000791,0.000789,0.0007920000000000001,0.000787,0.00079,0.0007880000000000001,0.000787,0.000787,0.000786,0.000786,0.0007840000000000001,0.0007830000000000001,0.000778,0.000776,0.0007650000000000001,0.000747,0.0007059999999999999,0.000621,0.00047799999999999996,0.000268,6.0e-6,-0.000299,-0.000639]},"efficiency":{"unit":"%","value":16.247249999999998},"fill_factor":{"unit":"%","value":76.22323305333455},"jsc":{"unit":"mA\/cm2","value":19.90625},"isc":{"unit":"mA","value":0.79625},"voc":{"unit":"V","value":1.0707868852459017},"sweep_direction":{"unit":"","value":"Forward"},"key":"forward_9_52107042"},{"V":{"unit":"V","value":[-0.05,-0.01,0.03,0.07,0.11,0.15,0.19,0.23,0.27,0.31,0.35,0.39,0.43,0.47,0.51,0.55,0.59,0.63,0.67,0.71,0.75,0.79,0.83,0.87,0.91,0.95,0.99,1.03,1.07,1.11,1.15]},"J":{"unit":"A\/cm2","value":[0.019725000000000003,0.01965,0.01955,0.01955,0.019575,0.01955,0.019475000000000003,0.019524999999999997,0.019475000000000003,0.019425,0.019524999999999997,0.019425,0.019425,0.019425,0.019375,0.019425,0.019375,0.019325,0.019375,0.0193,0.019274999999999997,0.019225000000000003,0.019125,0.018975000000000002,0.01855,0.01765,0.015674999999999998,0.011450000000000002,0.0032749999999999997,-0.009875,-0.02765]},"I":{"unit":"A","value":[0.000789,0.000786,0.000782,0.000782,0.0007830000000000001,0.000782,0.0007790000000000001,0.000781,0.0007790000000000001,0.000777,0.000781,0.000777,0.000777,0.000777,0.000775,0.000777,0.000775,0.000773,0.000775,0.000772,0.000771,0.000769,0.0007650000000000001,0.000759,0.000742,0.0007059999999999999,0.000627,0.000458,0.000131,-0.000395,-0.001106]},"efficiency":{"unit":"%","value":16.8805},"fill_factor":{"unit":"%","value":79.6465879736845},"jsc":{"unit":"mA\/cm2","value":19.624999999999996},"isc":{"unit":"mA","value":0.7849999999999999},"voc":{"unit":"V","value":1.0799619771863118},"sweep_direction":{"unit":"","value":"Forward"},"key":"forward_8_52107134"},{"V":{"unit":"V","value":[-0.05,-0.01,0.03,0.07,0.11,0.15,0.19,0.23,0.27,0.31,0.35,0.39,0.43,0.47,0.51,0.55,0.59,0.63,0.67,0.71,0.75,0.79,0.83,0.87,0.91,0.95,0.99,1.03,1.07,1.11,1.15]},"J":{"unit":"A\/cm2","value":[0.019975,0.0199,0.019925000000000002,0.0199,0.019850000000000003,0.019850000000000003,0.019875,0.0198,0.019850000000000003,0.01975,0.019775,0.0198,0.019725000000000003,0.0198,0.019725000000000003,0.019725000000000003,0.019725000000000003,0.019675,0.01965,0.01965,0.019575,0.019475000000000003,0.019274999999999997,0.018725,0.017775,0.01555,0.011824999999999999,0.0065,-0.00022499999999999997,-0.007975,-0.01665]},"I":{"unit":"A","value":[0.000799,0.000796,0.0007970000000000001,0.000796,0.000794,0.000794,0.000795,0.0007920000000000001,0.000794,0.00079,0.000791,0.0007920000000000001,0.000789,0.0007920000000000001,0.000789,0.000789,0.000789,0.000787,0.000786,0.000786,0.0007830000000000001,0.0007790000000000001,0.000771,0.000749,0.0007109999999999999,0.000622,0.00047299999999999995,0.00026000000000000003,-8.999999999999999e-6,-0.000319,-0.000666]},"efficiency":{"unit":"%","value":16.29075},"fill_factor":{"unit":"%","value":76.57929714213849},"jsc":{"unit":"mA\/cm2","value":19.90625},"isc":{"unit":"mA","value":0.79625},"voc":{"unit":"V","value":1.0686617100371747},"sweep_direction":{"unit":"","value":"Forward"},"key":"forward_8_52107042"},{"V":{"unit":"V","value":[-0.05,-0.01,0.03,0.07,0.11,0.15,0.19,0.23,0.27,0.31,0.35,0.39,0.43,0.47,0.51,0.55,0.59,0.63,0.67,0.71,0.75,0.79,0.83,0.87,0.91,0.95,0.99,1.03,1.07,1.11,1.15]},"J":{"unit":"A\/cm2","value":[0.0205,0.020524999999999998,0.020425,0.020425,0.020425,0.020325,0.020399999999999998,0.020300000000000002,0.020325,0.020375,0.020275,0.020325,0.020300000000000002,0.02025,0.02025,0.02025,0.020225,0.0202,0.020175000000000002,0.020175000000000002,0.020125,0.0201,0.01995,0.019775,0.0193,0.018175,0.0158,0.0106,0.001375,-0.012125,-0.029025]},"I":{"unit":"A","value":[0.00082,0.0008209999999999999,0.0008169999999999999,0.0008169999999999999,0.0008169999999999999,0.0008129999999999999,0.000816,0.000812,0.0008129999999999999,0.000815,0.0008110000000000001,0.0008129999999999999,0.000812,0.0008100000000000001,0.0008100000000000001,0.0008100000000000001,0.000809,0.000808,0.0008070000000000001,0.0008070000000000001,0.000805,0.000804,0.000798,0.000791,0.000772,0.000727,0.000632,0.000424,5.5e-5,-0.00048499999999999997,-0.0011610000000000001]},"efficiency":{"unit":"%","value":17.563},"fill_factor":{"unit":"%","value":79.76467619848611},"jsc":{"unit":"mA\/cm2","value":20.499999999999996},"isc":{"unit":"mA","value":0.8199999999999998},"voc":{"unit":"V","value":1.0740740740740742},"sweep_direction":{"unit":"","value":"Forward"},"key":"forward_7_52107134"},{"V":{"unit":"V","value":[-0.05,-0.01,0.03,0.07,0.11,0.15,0.19,0.23,0.27,0.31,0.35,0.39,0.43,0.47,0.51,0.55,0.59,0.63,0.67,0.71,0.75,0.79,0.83,0.87,0.91,0.95,0.99,1.03,1.07,1.11,1.15]},"J":{"unit":"A\/cm2","value":[0.020524999999999998,0.020425,0.02045,0.020399999999999998,0.020349999999999997,0.020399999999999998,0.020300000000000002,0.020375,0.020300000000000002,0.020325,0.020300000000000002,0.020275,0.020300000000000002,0.020225,0.020225,0.020225,0.0202,0.02015,0.0202,0.020050000000000002,0.020050000000000002,0.019925000000000002,0.019575,0.01905,0.017674999999999996,0.0153,0.011349999999999999,0.006125,-0.000175,-0.00735,-0.0152]},"I":{"unit":"A","value":[0.0008209999999999999,0.0008169999999999999,0.0008179999999999999,0.000816,0.0008139999999999999,0.000816,0.000812,0.000815,0.000812,0.0008129999999999999,0.000812,0.0008110000000000001,0.000812,0.000809,0.000809,0.000809,0.000808,0.0008060000000000001,0.000808,0.0008020000000000001,0.0008020000000000001,0.0007970000000000001,0.0007830000000000001,0.000762,0.000707,0.000612,0.00045400000000000003,0.000245,-7.0e-6,-0.000294,-0.000608]},"efficiency":{"unit":"%","value":16.5735},"fill_factor":{"unit":"%","value":75.89038081543436},"jsc":{"unit":"mA\/cm2","value":20.43125},"isc":{"unit":"mA","value":0.8172499999999999},"voc":{"unit":"V","value":1.0688888888888888},"sweep_direction":{"unit":"","value":"Forward"},"key":"forward_7_52107042"},{"V":{"unit":"V","value":[-0.05,-0.01,0.03,0.07,0.11,0.15,0.19,0.23,0.27,0.31,0.35,0.39,0.43,0.47,0.51,0.55,0.59,0.63,0.67,0.71,0.75,0.79,0.83,0.87,0.91,0.95,0.99,1.03,1.07,1.11,1.15]},"J":{"unit":"A\/cm2","value":[0.019475000000000003,0.019425,0.019399999999999997,0.019350000000000003,0.019350000000000003,0.019350000000000003,0.019274999999999997,0.019350000000000003,0.01925,0.019274999999999997,0.019225000000000003,0.0192,0.019225000000000003,0.019175,0.0192,0.019175,0.019175,0.019100000000000002,0.019125,0.019025,0.019025,0.018975000000000002,0.018824999999999998,0.01865,0.01815,0.0171,0.014725,0.009925000000000002,0.0012749999999999999,-0.011749999999999998,-0.028775]},"I":{"unit":"A","value":[0.0007790000000000001,0.000777,0.000776,0.0007740000000000001,0.0007740000000000001,0.0007740000000000001,0.000771,0.0007740000000000001,0.0007700000000000001,0.000771,0.000769,0.000768,0.000769,0.000767,0.000768,0.000767,0.000767,0.000764,0.0007650000000000001,0.000761,0.000761,0.000759,0.000753,0.000746,0.000726,0.000684,0.000589,0.000397,5.1e-5,-0.00047,-0.0011510000000000001]},"efficiency":{"unit":"%","value":16.5165},"fill_factor":{"unit":"%","value":79.20026257284746},"jsc":{"unit":"mA\/cm2","value":19.41875},"isc":{"unit":"mA","value":0.7767499999999999},"voc":{"unit":"V","value":1.0739155470249522},"sweep_direction":{"unit":"","value":"Forward"},"key":"forward_7_52107041"},{"V":{"unit":"V","value":[-0.05,-0.01,0.03,0.07,0.11,0.15,0.19,0.23,0.27,0.31,0.35,0.39,0.43,0.47,0.51,0.55,0.59,0.63,0.67,0.71,0.75,0.79,0.83,0.87,0.91,0.95,0.99,1.03,1.07,1.11,1.15]},"J":{"unit":"A\/cm2","value":[0.019625,0.019600000000000003,0.01955,0.01955,0.0195,0.0195,0.019475000000000003,0.01945,0.0195,0.019425,0.019399999999999997,0.01945,0.019375,0.01945,0.019375,0.019350000000000003,0.019425,0.0193,0.0193,0.019375,0.019225000000000003,0.01925,0.019175,0.018925,0.018625,0.017575,0.015375,0.010375,0.0005499999999999999,-0.014774999999999998,-0.0349]},"I":{"unit":"A","value":[0.000785,0.0007840000000000001,0.000782,0.000782,0.00078,0.00078,0.0007790000000000001,0.000778,0.00078,0.000777,0.000776,0.000778,0.000775,0.000778,0.000775,0.0007740000000000001,0.000777,0.000772,0.000772,0.000775,0.000769,0.0007700000000000001,0.000767,0.000757,0.000745,0.000703,0.000615,0.000415,2.2e-5,-0.0005909999999999999,-0.0013959999999999999]},"efficiency":{"unit":"%","value":16.94875},"fill_factor":{"unit":"%","value":80.75931135470789},"jsc":{"unit":"mA\/cm2","value":19.5875},"isc":{"unit":"mA","value":0.7835},"voc":{"unit":"V","value":1.0714355628058727},"sweep_direction":{"unit":"","value":"Forward"},"key":"forward_6_52107134"},{"V":{"unit":"V","value":[-0.05,-0.01,0.03,0.07,0.11,0.15,0.19,0.23,0.27,0.31,0.35,0.39,0.43,0.47,0.51,0.55,0.59,0.63,0.67,0.71,0.75,0.79,0.83,0.87,0.91,0.95,0.99,1.03,1.07,1.11,1.15]},"J":{"unit":"A\/cm2","value":[0.019725000000000003,0.0197,0.019600000000000003,0.0197,0.019625,0.01965,0.019625,0.019575,0.019575,0.019600000000000003,0.01955,0.019524999999999997,0.019575,0.019475000000000003,0.019524999999999997,0.0195,0.01945,0.0195,0.019375,0.019375,0.0193,0.019149999999999997,0.01875,0.018025,0.016425000000000002,0.013725000000000001,0.0099,0.0050999999999999995,-0.000375,-0.006425,-0.012975]},"I":{"unit":"A","value":[0.000789,0.0007880000000000001,0.0007840000000000001,0.0007880000000000001,0.000785,0.000786,0.000785,0.0007830000000000001,0.0007830000000000001,0.0007840000000000001,0.000782,0.000781,0.0007830000000000001,0.0007790000000000001,0.000781,0.00078,0.000778,0.00078,0.000775,0.000775,0.000772,0.000766,0.00075,0.000721,0.000657,0.000549,0.00039600000000000003,0.000204,-1.4999999999999999e-5,-0.000257,-0.000519]},"efficiency":{"unit":"%","value":15.68175},"fill_factor":{"unit":"%","value":74.68088239827108},"jsc":{"unit":"mA\/cm2","value":19.675},"isc":{"unit":"mA","value":0.787},"voc":{"unit":"V","value":1.067260273972603},"sweep_direction":{"unit":"","value":"Forward"},"key":"forward_6_52107042"},{"V":{"unit":"V","value":[-0.05,-0.01,0.03,0.07,0.11,0.15,0.19,0.23,0.27,0.31,0.35,0.39,0.43,0.47,0.51,0.55,0.59,0.63,0.67,0.71,0.75,0.79,0.83,0.87,0.91,0.95,0.99,1.03,1.07,1.11,1.15]},"J":{"unit":"A\/cm2","value":[0.020275,0.020300000000000002,0.020225,0.0202,0.020175000000000002,0.02015,0.02015,0.020125,0.02015,0.020075,0.02015,0.020025,0.020075,0.020050000000000002,0.020050000000000002,0.020050000000000002,0.019975,0.02,0.019925000000000002,0.01995,0.0199,0.019850000000000003,0.0197,0.0195,0.018925,0.017599999999999998,0.014725,0.009174999999999999,0.000475,-0.011025,-0.024575]},"I":{"unit":"A","value":[0.0008110000000000001,0.000812,0.000809,0.000808,0.0008070000000000001,0.0008060000000000001,0.0008060000000000001,0.000805,0.0008060000000000001,0.000803,0.0008060000000000001,0.0008010000000000001,0.000803,0.0008020000000000001,0.0008020000000000001,0.0008020000000000001,0.000799,0.0008,0.0007970000000000001,0.000798,0.000796,0.000794,0.0007880000000000001,0.00078,0.000757,0.000704,0.000589,0.000367,1.9e-5,-0.000441,-0.000983]},"efficiency":{"unit":"%","value":17.22175},"fill_factor":{"unit":"%","value":79.23712560056693},"jsc":{"unit":"mA\/cm2","value":20.28125},"isc":{"unit":"mA","value":0.81125},"voc":{"unit":"V","value":1.0716521739130433},"sweep_direction":{"unit":"","value":"Forward"},"key":"forward_6_52107041"},{"V":{"unit":"V","value":[-0.05,-0.01,0.03,0.07,0.11,0.15,0.19,0.23,0.27,0.31,0.35,0.39,0.43,0.47,0.51,0.55,0.59,0.63,0.67,0.71,0.75,0.79,0.83,0.87,0.91,0.95,0.99,1.03,1.07,1.11,1.15]},"J":{"unit":"A\/cm2","value":[0.020300000000000002,0.02015,0.0202,0.0202,0.020075,0.02015,0.0201,0.020075,0.0201,0.020050000000000002,0.020025,0.020025,0.020075,0.02,0.02,0.02,0.019975,0.019975,0.01995,0.0199,0.0199,0.019850000000000003,0.019825,0.01965,0.019225000000000003,0.018449999999999998,0.016325,0.011349999999999999,0.000625,-0.017924999999999996,-0.04397499999999999]},"I":{"unit":"A","value":[0.000812,0.0008060000000000001,0.000808,0.000808,0.000803,0.0008060000000000001,0.000804,0.000803,0.000804,0.0008020000000000001,0.0008010000000000001,0.0008010000000000001,0.000803,0.0008,0.0008,0.0008,0.000799,0.000799,0.000798,0.000796,0.000796,0.000794,0.0007930000000000001,0.000786,0.000769,0.0007379999999999999,0.000653,0.00045400000000000003,2.5e-5,-0.000717,-0.001759]},"efficiency":{"unit":"%","value":17.5275},"fill_factor":{"unit":"%","value":81.14189577035069},"jsc":{"unit":"mA\/cm2","value":20.162499999999998},"isc":{"unit":"mA","value":0.8064999999999999},"voc":{"unit":"V","value":1.0713477088948788},"sweep_direction":{"unit":"","value":"Forward"},"key":"forward_5_52107134"},{"V":{"unit":"V","value":[-0.05,-0.01,0.03,0.07,0.11,0.15,0.19,0.23,0.27,0.31,0.35,0.39,0.43,0.47,0.51,0.55,0.59,0.63,0.67,0.71,0.75,0.79,0.83,0.87,0.91,0.95,0.99,1.03,1.07,1.11,1.15]},"J":{"unit":"A\/cm2","value":[0.02015,0.020025,0.020075,0.02,0.020050000000000002,0.020050000000000002,0.02,0.02,0.01995,0.019975,0.019925000000000002,0.020025,0.0199,0.019925000000000002,0.019925000000000002,0.019850000000000003,0.0199,0.0198,0.019850000000000003,0.0198,0.019725000000000003,0.019625,0.01945,0.0189,0.01775,0.015449999999999998,0.011474999999999999,0.006024999999999999,-0.000775,-0.008575000000000001,-0.017150000000000002]},"I":{"unit":"A","value":[0.0008060000000000001,0.0008010000000000001,0.000803,0.0008,0.0008020000000000001,0.0008020000000000001,0.0008,0.0008,0.000798,0.000799,0.0007970000000000001,0.0008010000000000001,0.000796,0.0007970000000000001,0.0007970000000000001,0.000794,0.000796,0.0007920000000000001,0.000794,0.0007920000000000001,0.000789,0.000785,0.000778,0.000756,0.0007099999999999999,0.000618,0.00045900000000000004,0.000241,-3.1e-5,-0.00034300000000000004,-0.0006860000000000001]},"efficiency":{"unit":"%","value":16.442999999999998},"fill_factor":{"unit":"%","value":77.02080338495755},"jsc":{"unit":"mA\/cm2","value":20.037499999999998},"isc":{"unit":"mA","value":0.8015},"voc":{"unit":"V","value":1.0654411764705882},"sweep_direction":{"unit":"","value":"Forward"},"key":"forward_5_52107042"},{"V":{"unit":"V","value":[-0.05,-0.01,0.03,0.07,0.11,0.15,0.19,0.23,0.27,0.31,0.35,0.39,0.43,0.47,0.51,0.55,0.59,0.63,0.67,0.71,0.75,0.79,0.83,0.87,0.91,0.95,0.99,1.03,1.07,1.11,1.15]},"J":{"unit":"A\/cm2","value":[0.019600000000000003,0.0195,0.019524999999999997,0.019475000000000003,0.01945,0.0195,0.019399999999999997,0.019399999999999997,0.019425,0.019375,0.019375,0.019325,0.019350000000000003,0.019325,0.019325,0.01925,0.019325,0.01925,0.019225000000000003,0.019175,0.019100000000000002,0.019,0.018675,0.018025,0.0167,0.014299999999999998,0.010674999999999999,0.005925,0.0003,-0.0059,-0.012549999999999999]},"I":{"unit":"A","value":[0.0007840000000000001,0.00078,0.000781,0.0007790000000000001,0.000778,0.00078,0.000776,0.000776,0.000777,0.000775,0.000775,0.000773,0.0007740000000000001,0.000773,0.000773,0.0007700000000000001,0.000773,0.0007700000000000001,0.000769,0.000767,0.000764,0.00076,0.000747,0.000721,0.0006680000000000001,0.0005719999999999999,0.00042699999999999997,0.000237,1.2e-5,-0.000236,-0.000502]},"efficiency":{"unit":"%","value":15.68175},"fill_factor":{"unit":"%","value":74.99841626954485},"jsc":{"unit":"mA\/cm2","value":19.506249999999998},"isc":{"unit":"mA","value":0.78025},"voc":{"unit":"V","value":1.0719354838709678},"sweep_direction":{"unit":"","value":"Forward"},"key":"forward_5_52107041"},{"V":{"unit":"V","value":[-0.05,-0.01,0.03,0.07,0.11,0.15,0.19,0.23,0.27,0.31,0.35,0.39,0.43,0.47,0.51,0.55,0.59,0.63,0.67,0.71,0.75,0.79,0.83,0.87,0.91,0.95,0.99,1.03,1.07,1.11,1.15]},"J":{"unit":"A\/cm2","value":[0.020825,0.020825,0.02075,0.02075,0.02075,0.020674999999999995,0.020724999999999997,0.020649999999999998,0.020674999999999995,0.020674999999999995,0.020625,0.020674999999999995,0.020599999999999997,0.020599999999999997,0.020625,0.02055,0.020625,0.02055,0.020524999999999998,0.02055,0.020474999999999997,0.020474999999999997,0.020375,0.020225,0.019875,0.018925,0.016725,0.01115,-0.00015,-0.0188,-0.044074999999999996]},"I":{"unit":"A","value":[0.000833,0.000833,0.00083,0.00083,0.00083,0.0008269999999999999,0.000829,0.0008259999999999999,0.0008269999999999999,0.0008269999999999999,0.000825,0.0008269999999999999,0.000824,0.000824,0.000825,0.0008219999999999999,0.000825,0.0008219999999999999,0.0008209999999999999,0.0008219999999999999,0.000819,0.000819,0.000815,0.000809,0.000795,0.000757,0.000669,0.000446,-6.0e-6,-0.000752,-0.0017629999999999998]},"efficiency":{"unit":"%","value":18.08625},"fill_factor":{"unit":"%","value":81.28052608233483},"jsc":{"unit":"mA\/cm2","value":20.80625},"isc":{"unit":"mA","value":0.8322499999999999},"voc":{"unit":"V","value":1.0694690265486726},"sweep_direction":{"unit":"","value":"Forward"},"key":"forward_4_52107134"},{"V":{"unit":"V","value":[-0.05,-0.01,0.03,0.07,0.11,0.15,0.19,0.23,0.27,0.31,0.35,0.39,0.43,0.47,0.51,0.55,0.59,0.63,0.67,0.71,0.75,0.79,0.83,0.87,0.91,0.95,0.99,1.03,1.07,1.11,1.15]},"J":{"unit":"A\/cm2","value":[0.020724999999999997,0.020674999999999995,0.020625,0.020649999999999998,0.020625,0.020575,0.020599999999999997,0.020524999999999998,0.020599999999999997,0.020524999999999998,0.020524999999999998,0.020524999999999998,0.0205,0.020524999999999998,0.020474999999999997,0.02045,0.020399999999999998,0.020425,0.020425,0.020375,0.020300000000000002,0.02015,0.02,0.019350000000000003,0.0182,0.015825,0.011899999999999999,0.006600000000000001,7.5e-5,-0.00735,-0.015525]},"I":{"unit":"A","value":[0.000829,0.0008269999999999999,0.000825,0.0008259999999999999,0.000825,0.000823,0.000824,0.0008209999999999999,0.000824,0.0008209999999999999,0.0008209999999999999,0.0008209999999999999,0.00082,0.0008209999999999999,0.000819,0.0008179999999999999,0.000816,0.0008169999999999999,0.0008169999999999999,0.000815,0.000812,0.0008060000000000001,0.0008,0.0007740000000000001,0.000728,0.000633,0.00047599999999999997,0.000264,3.0e-6,-0.000294,-0.000621]},"efficiency":{"unit":"%","value":16.8345},"fill_factor":{"unit":"%","value":76.11488852356425},"jsc":{"unit":"mA\/cm2","value":20.6625},"isc":{"unit":"mA","value":0.8265},"voc":{"unit":"V","value":1.0704040404040405},"sweep_direction":{"unit":"","value":"Forward"},"key":"forward_4_52107042"},{"V":{"unit":"V","value":[-0.05,-0.01,0.03,0.07,0.11,0.15,0.19,0.23,0.27,0.31,0.35,0.39,0.43,0.47,0.51,0.55,0.59,0.63,0.67,0.71,0.75,0.79,0.83,0.87,0.91,0.95,0.99,1.03,1.07,1.11,1.15]},"J":{"unit":"A\/cm2","value":[0.02,0.0199,0.0199,0.019875,0.019775,0.019875,0.0197,0.019825,0.01975,0.019775,0.01975,0.019725000000000003,0.019725000000000003,0.0197,0.019725000000000003,0.0197,0.019675,0.01965,0.019625,0.019600000000000003,0.01955,0.0195,0.019399999999999997,0.0192,0.018625,0.01745,0.014524999999999998,0.00895,-0.000125,-0.012225,-0.026624999999999996]},"I":{"unit":"A","value":[0.0008,0.000796,0.000796,0.000795,0.000791,0.000795,0.0007880000000000001,0.0007930000000000001,0.00079,0.000791,0.00079,0.000789,0.000789,0.0007880000000000001,0.000789,0.0007880000000000001,0.000787,0.000786,0.000785,0.0007840000000000001,0.000782,0.00078,0.000776,0.000768,0.000745,0.0006979999999999999,0.0005809999999999999,0.000358,-5.0e-6,-0.000489,-0.001065]},"efficiency":{"unit":"%","value":16.94875},"fill_factor":{"unit":"%","value":79.63876270665814},"jsc":{"unit":"mA\/cm2","value":19.900000000000002},"isc":{"unit":"mA","value":0.796},"voc":{"unit":"V","value":1.0694490358126723},"sweep_direction":{"unit":"","value":"Forward"},"key":"forward_4_52107041"},{"V":{"unit":"V","value":[-0.05,-0.01,0.03,0.07,0.11,0.15,0.19,0.23,0.27,0.31,0.35,0.39,0.43,0.47,0.51,0.55,0.59,0.63,0.67,0.71,0.75,0.79,0.83,0.87,0.91,0.95,0.99,1.03,1.07,1.11,1.15]},"J":{"unit":"A\/cm2","value":[0.019825,0.0197,0.019675,0.0197,0.019625,0.01965,0.019675,0.019625,0.019625,0.019625,0.019600000000000003,0.019600000000000003,0.019575,0.019600000000000003,0.019575,0.019575,0.019524999999999997,0.019524999999999997,0.0195,0.01945,0.0195,0.019399999999999997,0.0193,0.0192,0.018850000000000002,0.018099999999999998,0.016,0.010975,5.0e-5,-0.019100000000000002,-0.046325]},"I":{"unit":"A","value":[0.0007930000000000001,0.0007880000000000001,0.000787,0.0007880000000000001,0.000785,0.000786,0.000787,0.000785,0.000785,0.000785,0.0007840000000000001,0.0007840000000000001,0.0007830000000000001,0.0007840000000000001,0.0007830000000000001,0.0007830000000000001,0.000781,0.000781,0.00078,0.000778,0.00078,0.000776,0.000772,0.000768,0.000754,0.0007239999999999999,0.00064,0.000439,2.0e-6,-0.000764,-0.001853]},"efficiency":{"unit":"%","value":17.195},"fill_factor":{"unit":"%","value":81.59200289506882},"jsc":{"unit":"mA\/cm2","value":19.69375},"isc":{"unit":"mA","value":0.7877500000000001},"voc":{"unit":"V","value":1.0701044386422978},"sweep_direction":{"unit":"","value":"Forward"},"key":"forward_3_52107134"},{"V":{"unit":"V","value":[-0.05,-0.01,0.03,0.07,0.11,0.15,0.19,0.23,0.27,0.31,0.35,0.39,0.43,0.47,0.51,0.55,0.59,0.63,0.67,0.71,0.75,0.79,0.83,0.87,0.91,0.95,0.99,1.03,1.07,1.11,1.15]},"J":{"unit":"A\/cm2","value":[0.01965,0.019600000000000003,0.019600000000000003,0.01965,0.019600000000000003,0.019600000000000003,0.019575,0.01955,0.019600000000000003,0.01955,0.019475000000000003,0.01955,0.0195,0.0195,0.0195,0.019425,0.019399999999999997,0.01945,0.019350000000000003,0.019399999999999997,0.01925,0.019175,0.019074999999999998,0.018525,0.01765,0.015574999999999999,0.011975,0.006775000000000001,0.0002,-0.0073999999999999995,-0.015825]},"I":{"unit":"A","value":[0.000786,0.0007840000000000001,0.0007840000000000001,0.000786,0.0007840000000000001,0.0007840000000000001,0.0007830000000000001,0.000782,0.0007840000000000001,0.000782,0.0007790000000000001,0.000782,0.00078,0.00078,0.00078,0.000777,0.000776,0.000778,0.0007740000000000001,0.000776,0.0007700000000000001,0.000767,0.000763,0.000741,0.0007059999999999999,0.000623,0.000479,0.00027100000000000003,8.0e-6,-0.000296,-0.000633]},"efficiency":{"unit":"%","value":16.11675},"fill_factor":{"unit":"%","value":76.77336659479516},"jsc":{"unit":"mA\/cm2","value":19.599999999999998},"isc":{"unit":"mA","value":0.7839999999999999},"voc":{"unit":"V","value":1.0710526315789475},"sweep_direction":{"unit":"","value":"Forward"},"key":"forward_3_52107042"},{"V":{"unit":"V","value":[-0.05,-0.01,0.03,0.07,0.11,0.15,0.19,0.23,0.27,0.31,0.35,0.39,0.43,0.47,0.51,0.55,0.59,0.63,0.67,0.71,0.75,0.79,0.83,0.87,0.91,0.95,0.99,1.03,1.07,1.11,1.15]},"J":{"unit":"A\/cm2","value":[0.020524999999999998,0.020474999999999997,0.020399999999999998,0.020474999999999997,0.020375,0.02045,0.020399999999999998,0.020325,0.020375,0.020325,0.020325,0.020300000000000002,0.020300000000000002,0.020275,0.020300000000000002,0.0202,0.0202,0.020225,0.02015,0.0202,0.020125,0.020025,0.019875,0.019524999999999997,0.018625,0.016725,0.013,0.007274999999999999,-0.0001,-0.008649999999999998,-0.018]},"I":{"unit":"A","value":[0.0008209999999999999,0.000819,0.000816,0.000819,0.000815,0.0008179999999999999,0.000816,0.0008129999999999999,0.000815,0.0008129999999999999,0.0008129999999999999,0.000812,0.000812,0.0008110000000000001,0.000812,0.000808,0.000808,0.000809,0.0008060000000000001,0.000808,0.000805,0.0008010000000000001,0.000795,0.000781,0.000745,0.000669,0.0005200000000000001,0.00029099999999999997,-4.0e-6,-0.00034599999999999995,-0.0007199999999999999]},"efficiency":{"unit":"%","value":16.98675},"fill_factor":{"unit":"%","value":77.64628656297938},"jsc":{"unit":"mA\/cm2","value":20.456249999999994},"isc":{"unit":"mA","value":0.8182499999999998},"voc":{"unit":"V","value":1.069457627118644},"sweep_direction":{"unit":"","value":"Forward"},"key":"forward_3_52107041"},{"V":{"unit":"V","value":[-0.05,-0.01,0.03,0.07,0.11,0.15,0.19,0.23,0.27,0.31,0.35,0.39,0.43,0.47,0.51,0.55,0.59,0.63,0.67,0.71,0.75,0.79,0.83,0.87,0.91,0.95,0.99,1.03,1.07,1.11,1.15]},"J":{"unit":"A\/cm2","value":[0.02025,0.020225,0.020175000000000002,0.020175000000000002,0.020175000000000002,0.02015,0.0201,0.020175000000000002,0.020075,0.020125,0.020075,0.020075,0.0201,0.020075,0.020050000000000002,0.0201,0.020025,0.020025,0.02,0.02,0.01995,0.019875,0.019850000000000003,0.019675,0.019399999999999997,0.0185,0.0165,0.011450000000000002,0.00035,-0.0189,-0.046325]},"I":{"unit":"A","value":[0.0008100000000000001,0.000809,0.0008070000000000001,0.0008070000000000001,0.0008070000000000001,0.0008060000000000001,0.000804,0.0008070000000000001,0.000803,0.000805,0.000803,0.000803,0.000804,0.000803,0.0008020000000000001,0.000804,0.0008010000000000001,0.0008010000000000001,0.0008,0.0008,0.000798,0.000795,0.000794,0.000787,0.000776,0.00074,0.00066,0.000458,1.4e-5,-0.000756,-0.001853]},"efficiency":{"unit":"%","value":17.654},"fill_factor":{"unit":"%","value":81.57258488384316},"jsc":{"unit":"mA\/cm2","value":20.2125},"isc":{"unit":"mA","value":0.8085},"voc":{"unit":"V","value":1.0707272727272727},"sweep_direction":{"unit":"","value":"Forward"},"key":"forward_2_52107134"},{"V":{"unit":"V","value":[-0.05,-0.01,0.03,0.07,0.11,0.15,0.19,0.23,0.27,0.31,0.35,0.39,0.43,0.47,0.51,0.55,0.59,0.63,0.67,0.71,0.75,0.79,0.83,0.87,0.91,0.95,0.99,1.03,1.07,1.11,1.15]},"J":{"unit":"A\/cm2","value":[0.020225,0.020225,0.0202,0.020225,0.0202,0.0201,0.020175000000000002,0.0201,0.020075,0.020125,0.0201,0.020075,0.020075,0.020050000000000002,0.020025,0.020050000000000002,0.02,0.020025,0.019975,0.019850000000000003,0.0199,0.0197,0.01945,0.018925,0.017599999999999998,0.015149999999999999,0.011300000000000001,0.006125,-7.5e-5,-0.007025,-0.0146]},"I":{"unit":"A","value":[0.000809,0.000809,0.000808,0.000809,0.000808,0.000804,0.0008070000000000001,0.000804,0.000803,0.000805,0.000804,0.000803,0.000803,0.0008020000000000001,0.0008010000000000001,0.0008020000000000001,0.0008,0.0008010000000000001,0.000799,0.000794,0.000796,0.0007880000000000001,0.000778,0.000757,0.000704,0.000606,0.00045200000000000004,0.000245,-3.0e-6,-0.00028100000000000005,-0.000584]},"efficiency":{"unit":"%","value":16.46475},"fill_factor":{"unit":"%","value":76.14011002138102},"jsc":{"unit":"mA\/cm2","value":20.21875},"isc":{"unit":"mA","value":0.8087500000000001},"voc":{"unit":"V","value":1.069516129032258},"sweep_direction":{"unit":"","value":"Forward"},"key":"forward_2_52107042"},{"V":{"unit":"V","value":[-0.05,-0.01,0.03,0.07,0.11,0.15,0.19,0.23,0.27,0.31,0.35,0.39,0.43,0.47,0.51,0.55,0.59,0.63,0.67,0.71,0.75,0.79,0.83,0.87,0.91,0.95,0.99,1.03,1.07,1.11,1.15]},"J":{"unit":"A\/cm2","value":[0.01945,0.019399999999999997,0.019399999999999997,0.019425,0.0193,0.019350000000000003,0.0193,0.019325,0.019325,0.019274999999999997,0.01925,0.01925,0.01925,0.019175,0.01925,0.019125,0.0192,0.019175,0.019074999999999998,0.019149999999999997,0.019,0.019,0.018824999999999998,0.018449999999999998,0.0177,0.016075,0.01275,0.00765,0.00075,-0.0073999999999999995,-0.0165]},"I":{"unit":"A","value":[0.000778,0.000776,0.000776,0.000777,0.000772,0.0007740000000000001,0.000772,0.000773,0.000773,0.000771,0.0007700000000000001,0.0007700000000000001,0.0007700000000000001,0.000767,0.0007700000000000001,0.0007650000000000001,0.000768,0.000767,0.000763,0.000766,0.00076,0.00076,0.000753,0.0007379999999999999,0.000708,0.000643,0.00051,0.000306,2.9999999999999997e-5,-0.000296,-0.00066]},"efficiency":{"unit":"%","value":16.107},"fill_factor":{"unit":"%","value":77.32815856766948},"jsc":{"unit":"mA\/cm2","value":19.4},"isc":{"unit":"mA","value":0.7759999999999999},"voc":{"unit":"V","value":1.073680981595092},"sweep_direction":{"unit":"","value":"Forward"},"key":"forward_2_52107041"},{"V":{"unit":"V","value":[-0.05,-0.01,0.03,0.07,0.11,0.15,0.19,0.23,0.27,0.31,0.35,0.39,0.43,0.47,0.51,0.55,0.59,0.63,0.67,0.71,0.75,0.79,0.83,0.87,0.91,0.95,0.99,1.03,1.07,1.11,1.15]},"J":{"unit":"A\/cm2","value":[0.020575,0.02045,0.0205,0.02045,0.02045,0.020425,0.020375,0.020399999999999998,0.020375,0.020375,0.020325,0.020325,0.020325,0.020275,0.020325,0.020275,0.020225,0.02025,0.02015,0.020225,0.02015,0.020050000000000002,0.020050000000000002,0.0198,0.019425,0.018475,0.016050000000000002,0.01085,0.0006499999999999999,-0.015349999999999999,-0.036725]},"I":{"unit":"A","value":[0.000823,0.0008179999999999999,0.00082,0.0008179999999999999,0.0008179999999999999,0.0008169999999999999,0.000815,0.000816,0.000815,0.000815,0.0008129999999999999,0.0008129999999999999,0.0008129999999999999,0.0008110000000000001,0.0008129999999999999,0.0008110000000000001,0.000809,0.0008100000000000001,0.0008060000000000001,0.000809,0.0008060000000000001,0.0008020000000000001,0.0008020000000000001,0.0007920000000000001,0.000777,0.000739,0.000642,0.000434,2.6e-5,-0.000614,-0.001469]},"efficiency":{"unit":"%","value":17.676750000000002},"fill_factor":{"unit":"%","value":80.61222170356125},"jsc":{"unit":"mA\/cm2","value":20.462499999999995},"isc":{"unit":"mA","value":0.8184999999999998},"voc":{"unit":"V","value":1.071625},"sweep_direction":{"unit":"","value":"Forward"},"key":"forward_1_52107134"},{"V":{"unit":"V","value":[-0.05,-0.01,0.03,0.07,0.11,0.15,0.19,0.23,0.27,0.31,0.35,0.39,0.43,0.47,0.51,0.55,0.59,0.63,0.67,0.71,0.75,0.79,0.83,0.87,0.91,0.95,0.99,1.03,1.07,1.11,1.15]},"J":{"unit":"A\/cm2","value":[0.020775,0.020825,0.020724999999999997,0.02075,0.020724999999999997,0.0207,0.02075,0.020649999999999998,0.0207,0.020649999999999998,0.020649999999999998,0.020649999999999998,0.020625,0.020599999999999997,0.020599999999999997,0.020599999999999997,0.020575,0.020524999999999998,0.020474999999999997,0.02045,0.020349999999999997,0.02015,0.019825,0.018975000000000002,0.017349999999999997,0.014499999999999999,0.010625,0.0058,0.00032499999999999993,-0.0057,-0.011824999999999999]},"I":{"unit":"A","value":[0.0008309999999999999,0.000833,0.000829,0.00083,0.000829,0.000828,0.00083,0.0008259999999999999,0.000828,0.0008259999999999999,0.0008259999999999999,0.0008259999999999999,0.000825,0.000824,0.000824,0.000824,0.000823,0.0008209999999999999,0.000819,0.0008179999999999999,0.0008139999999999999,0.0008060000000000001,0.0007930000000000001,0.000759,0.000694,0.00058,0.000425,0.000232,1.3e-5,-0.000228,-0.00047299999999999995]},"efficiency":{"unit":"%","value":16.50825},"fill_factor":{"unit":"%","value":74.02510683760686},"jsc":{"unit":"mA\/cm2","value":20.799999999999997},"isc":{"unit":"mA","value":0.832},"voc":{"unit":"V","value":1.0721576763485476},"sweep_direction":{"unit":"","value":"Forward"},"key":"forward_1_52107042"},{"V":{"unit":"V","value":[-0.05,-0.01,0.03,0.07,0.11,0.15,0.19,0.23,0.27,0.31,0.35,0.39,0.43,0.47,0.51,0.55,0.59,0.63,0.67,0.71,0.75,0.79,0.83,0.87,0.91,0.95,0.99,1.03,1.07,1.11,1.15]},"J":{"unit":"A\/cm2","value":[0.020075,0.020025,0.01995,0.020050000000000002,0.019925000000000002,0.019975,0.01995,0.019925000000000002,0.01995,0.019925000000000002,0.0199,0.0199,0.019875,0.019825,0.0199,0.0198,0.0198,0.019825,0.019725000000000003,0.01975,0.01965,0.01955,0.019350000000000003,0.018875,0.017724999999999998,0.015625,0.011924999999999998,0.006875,0.000725,-0.006274999999999999,-0.01375]},"I":{"unit":"A","value":[0.000803,0.0008010000000000001,0.000798,0.0008020000000000001,0.0007970000000000001,0.000799,0.000798,0.0007970000000000001,0.000798,0.0007970000000000001,0.000796,0.000796,0.000795,0.0007930000000000001,0.000796,0.0007920000000000001,0.0007920000000000001,0.0007930000000000001,0.000789,0.00079,0.000786,0.000782,0.0007740000000000001,0.000755,0.000709,0.000625,0.000477,0.000275,2.9e-5,-0.000251,-0.00055]},"efficiency":{"unit":"%","value":16.42125},"fill_factor":{"unit":"%","value":76.41497522116107},"jsc":{"unit":"mA\/cm2","value":20.006249999999998},"isc":{"unit":"mA","value":0.8002499999999999},"voc":{"unit":"V","value":1.074142857142857},"sweep_direction":{"unit":"","value":"Forward"},"key":"forward_1_52107041"}]}}