{"_id":"653121776499622b4e49c9f5","id":"CAU-SC-00454","author":67,"group":7,"input":[{"tco":{"unit":"","value":"ITO"}},[],{"htl":[{"material":{"unit":"","value":"PEDOT:PSS"},"concentration":{"unit":"","value":"None"},"conc_unit":{"unit":"","value":"mg\/ml"},"quantity":{"unit":"ml","value":"0.1"}}],"spin_coating":[{"type":{"unit":"","value":"drop&run"},"rpm":{"unit":"","value":"5000"},"time":{"unit":"s","value":"30"}}],"annealing":[{"temperature":{"unit":"oC","value":"150"},"time":{"unit":"m","value":"20"}}]},[],{"perovskite":{"method":{"unit":"","value":"1step"},"molarity":{"unit":"M","value":"1"},"a_site":[{"material":{"unit":"","value":"FA"},"ratio":{"unit":"","value":"95"}},{"material":{"unit":"","value":"PEA"},"ratio":{"unit":"","value":"5"}},{"material":{"unit":"","value":"DMA"},"ratio":{"unit":"","value":"0"}}],"b_site":[{"material":{"unit":"","value":"Sn"},"ratio":{"unit":"","value":"100"}}],"x_site":[{"material":{"unit":"","value":"I"},"ratio":{"unit":"","value":"67"}},{"material":{"unit":"","value":"Br"},"ratio":{"unit":"","value":"33"}}],"solvent":[{"material":{"unit":"","value":"DMF"},"volume":{"unit":"ml","value":"0.8"}},{"material":{"unit":"","value":"DMSO"},"volume":{"unit":"ml","value":"0.2"}}],"additive":[{"material":{"unit":"","value":"SnF2"},"solvent":{"unit":"","value":"none"},"concentration":{"unit":"","value":"15.6"},"conc_unit":{"unit":"","value":"mg\/ml"},"quantity":{"unit":"mol%","value":"10"}}],"stirring_time":[{"unit":"m","value":"120"}],"antisolvent":[{"material":{"unit":"","value":"CB"},"quantity":{"unit":"ul","value":"300"},"dripping_time":{"unit":"s","value":"15"}}],"spin_coating":[{"type":{"unit":"","value":"drop&run"},"rpm":{"unit":"","value":"8000"},"time":{"unit":"s","value":"30"}}],"annealing":[{"temperature":{"unit":"oC","value":"70"},"time":{"unit":"m","value":"10"}}],"atmosphere":[{"type":{"unit":"","value":"N2"},"temperature":{"unit":"oC","value":"25"},"humidity":{"unit":"RH%","value":"0"}}]}},{"etl":[{"material":{"unit":"","value":"PC61BM"},"concentration":{"unit":"","value":"20"},"conc_unit":{"unit":"","value":"mg\/ml"},"quantity":{"unit":"ml","value":"0.05"}}],"solvent":[{"material":{"unit":"","value":"CB"},"volume":{"unit":"ml","value":"0.75"}},{"material":{"unit":"","value":"DCB"},"volume":{"unit":"ml","value":"0.25"}}],"spin_coating":[{"type":{"unit":"","value":"drop&run"},"rpm":{"unit":"","value":"1500"},"time":{"unit":"s","value":"30"}}],"annealing":[{"temperature":{"unit":"oC","value":"70"},"time":{"unit":"m","value":"5"}}]},{"anode_metal":{"unit":"","value":"Ag"}},{"note":{"unit":"","value":"PEA5DMA0FA95SnI2Br"},"ar":{"unit":"","value":"0"},"type":{"unit":"","value":"unit_cell"},"device_type":{"unit":"","value":"p-i-n"},"temperature":{"unit":"\u2103","value":"25"},"humidity":{"unit":"%","value":"20"},"cell_dimension":{"unit":"cm2","value":"0.04"}}],"fileinfo":[{"key":"22302071","uploadType":"JV","original_name":"22302071.xlsx","save_name":"CAU-SC-00454\/22302071","uploader":67,"fileType":"group"}],"jvcnt":2,"updated_at":"2024-06-03 08:38:35","created_at":"2023-10-19 12:30:47","analysisInfo":{"JV":[{"efficiency":3.28465,"fill_factor":59.442798985291354,"jsc":11.8775,"voc":0.4652268907563026,"key":"reverse_1_22302071","cell_dimension":null},{"efficiency":3.8512500000000003,"fill_factor":67.07948869464553,"jsc":11.9375,"voc":0.4809485094850948,"key":"forward_1_22302071","cell_dimension":null}]},"public":2,"analysis":{"JV":[{"V":{"unit":"V","value":[0.518,0.478,0.438,0.398,0.358,0.318,0.278,0.238,0.198,0.158,0.118,0.078,0.038,-0.002,-0.042]},"J":{"unit":"A\/cm2","value":[-0.011924999999999998,-0.0019,0.00405,0.0073999999999999995,0.009174999999999999,0.010299999999999998,0.011025,0.0115,0.011725,0.01185,0.011899999999999999,0.011899999999999999,0.011924999999999998,0.011875,0.011949999999999999]},"I":{"unit":"A","value":[-0.000477,-7.6e-5,0.000162,0.000296,0.000367,0.000412,0.000441,0.00046,0.00046899999999999996,0.000474,0.00047599999999999997,0.00047599999999999997,0.000477,0.000475,0.00047799999999999996]},"efficiency":{"unit":"%","value":3.28465},"fill_factor":{"unit":"%","value":59.442798985291354},"jsc":{"unit":"mA\/cm2","value":11.8775},"isc":{"unit":"mA","value":0.47509999999999997},"voc":{"unit":"V","value":0.4652268907563026},"sweep_direction":{"unit":"","value":"Reverse"},"key":"reverse_1_22302071"},{"V":{"unit":"V","value":[-0.05,-0.01,0.03,0.07,0.11,0.15,0.19,0.23,0.27,0.31,0.35,0.39,0.43,0.47,0.51,0.55]},"J":{"unit":"A\/cm2","value":[0.012074999999999999,0.011949999999999999,0.011899999999999999,0.011899999999999999,0.011875,0.01185,0.0118,0.011749999999999998,0.011625,0.011375,0.010975,0.009875,0.007574999999999999,0.002525,-0.0067,-0.021625]},"I":{"unit":"A","value":[0.000483,0.00047799999999999996,0.00047599999999999997,0.00047599999999999997,0.000475,0.000474,0.000472,0.00047,0.000465,0.000455,0.000439,0.000395,0.000303,0.000101,-0.000268,-0.000865]},"efficiency":{"unit":"%","value":3.8512500000000003},"fill_factor":{"unit":"%","value":67.07948869464553},"jsc":{"unit":"mA\/cm2","value":11.9375},"isc":{"unit":"mA","value":0.4775},"voc":{"unit":"V","value":0.4809485094850948},"sweep_direction":{"unit":"","value":"Forward"},"key":"forward_1_22302071"}]}}