{"_id":"653135595d0e997149349cbe","id":"CAU-SC-00491","author":67,"group":7,"input":[{"tco":{"unit":"","value":"ITO"}},[],{"htl":[{"material":{"unit":"","value":"PEDOT:PSS"},"concentration":{"unit":"","value":"None"},"conc_unit":{"unit":"","value":"mg\/ml"},"quantity":{"unit":"ml","value":"0.1"}}],"spin_coating":[{"type":{"unit":"","value":"drop&run"},"rpm":{"unit":"","value":"5000"},"time":{"unit":"s","value":"30"}}],"annealing":[{"temperature":{"unit":"oC","value":"150"},"time":{"unit":"m","value":"20"}}]},[],{"perovskite":{"method":{"unit":"","value":"1step"},"molarity":{"unit":"M","value":"1"},"a_site":[{"material":{"unit":"","value":"FA"},"ratio":{"unit":"","value":"50"}},{"material":{"unit":"","value":"DMA"},"ratio":{"unit":"","value":"50"}}],"b_site":[{"material":{"unit":"","value":"Sn"},"ratio":{"unit":"","value":"100"}}],"x_site":[{"material":{"unit":"","value":"I"},"ratio":{"unit":"","value":"67"}},{"material":{"unit":"","value":"Br"},"ratio":{"unit":"","value":"33"}}],"solvent":[{"material":{"unit":"","value":"DMF"},"volume":{"unit":"ml","value":"0.8"}},{"material":{"unit":"","value":"DMSO"},"volume":{"unit":"ml","value":"0.2"}}],"additive":[{"material":{"unit":"","value":"SnF2"},"solvent":{"unit":"","value":"none"},"concentration":{"unit":"","value":"15.6"},"conc_unit":{"unit":"","value":"mg\/ml"},"quantity":{"unit":"mol%","value":"10"}},{"material":{"unit":"","value":"PEACl"},"solvent":{"unit":"","value":"none"},"concentration":{"unit":"","value":"31.6"},"conc_unit":{"unit":"","value":"mg\/ml"},"quantity":{"unit":"mol%","value":"20"}}],"stirring_time":[{"unit":"m","value":"120"}],"antisolvent":[{"material":{"unit":"","value":"CB"},"quantity":{"unit":"ul","value":"300"},"dripping_time":{"unit":"s","value":"15"}}],"spin_coating":[{"type":{"unit":"","value":"drop&run"},"rpm":{"unit":"","value":"8000"},"time":{"unit":"s","value":"30"}}],"annealing":[{"temperature":{"unit":"oC","value":"70"},"time":{"unit":"m","value":"10"}}],"atmosphere":[{"type":{"unit":"","value":"N2"},"temperature":{"unit":"oC","value":"25"},"humidity":{"unit":"RH%","value":"0"}}]}},{"etl":[{"material":{"unit":"","value":"PC61BM"},"concentration":{"unit":"","value":"20"},"conc_unit":{"unit":"","value":"mg\/ml"},"quantity":{"unit":"ml","value":"0.05"}}],"solvent":[{"material":{"unit":"","value":"CB"},"volume":{"unit":"ml","value":"0.75"}},{"material":{"unit":"","value":"DCB"},"volume":{"unit":"ml","value":"0.25"}}],"spin_coating":[{"type":{"unit":"","value":"drop&run"},"rpm":{"unit":"","value":"1500"},"time":{"unit":"s","value":"30"}}],"annealing":[{"temperature":{"unit":"oC","value":"70"},"time":{"unit":"m","value":"5"}}]},{"anode_metal":{"unit":"","value":"Ag"}},{"note":{"unit":"","value":"DF Cl"},"ar":{"unit":"","value":"0"},"type":{"unit":"","value":"unit_cell"},"device_type":{"unit":"","value":"p-i-n"},"temperature":{"unit":"\u2103","value":"25"},"humidity":{"unit":"%","value":"30"},"cell_dimension":{"unit":"cm2","value":"0.04"}}],"fileinfo":[{"key":"22304233","uploadType":"JV","original_name":"22304233.xlsx","save_name":"CAU-SC-00491\/22304233","uploader":67,"fileType":"group"}],"jvcnt":2,"updated_at":"2024-06-03 08:38:35","created_at":"2023-10-19 13:55:37","analysisInfo":{"JV":[{"efficiency":0.564,"fill_factor":64.75083414056613,"jsc":1.425,"voc":0.6112500000000001,"key":"reverse_1_22304233","cell_dimension":null},{"efficiency":0.6247499999999999,"fill_factor":68.98233345601766,"jsc":1.425,"voc":0.6355555555555555,"key":"forward_1_22304233","cell_dimension":null}]},"public":2,"analysis":{"JV":[{"V":{"unit":"V","value":[0.7,0.69,0.68,0.67,0.66,0.65,0.64,0.63,0.62,0.61,0.6,0.59,0.58,0.57,0.56,0.55,0.54,0.53,0.52,0.51,0.5,0.49,0.48,0.47,0.46,0.45,0.44,0.43,0.42,0.41,0.4,0.39,0.38,0.37,0.36,0.35,0.34,0.33,0.32,0.31,0.3,0.29,0.28,0.27,0.26,0.25,0.24,0.23,0.22,0.21,0.2,0.19,0.18,0.17,0.16,0.15,0.14,0.13,0.12,0.11,0.1,0.09,0.08,0.07,0.06,0.05,0.04,0.03,0.02,0.01,0,-0.01,-0.02,-0.03,-0.04,-0.05]},"J":{"unit":"A\/cm2","value":[-0.00325,-0.00265,-0.002175,-0.0017250000000000002,-0.0013499999999999999,-0.001,-0.0007,-0.00042500000000000003,-0.000175,2.5e-5,0.0002,0.00035,0.0005,0.000625,0.000725,0.0008250000000000001,0.0008999999999999999,0.000975,0.0010249999999999999,0.0010500000000000002,0.0010999999999999998,0.001125,0.001175,0.0012,0.0012250000000000002,0.00125,0.00125,0.00125,0.0012749999999999999,0.0012749999999999999,0.0012999999999999997,0.001325,0.001325,0.0013499999999999999,0.0013499999999999999,0.001325,0.0013499999999999999,0.0013499999999999999,0.001375,0.001375,0.001375,0.001375,0.001375,0.001375,0.001375,0.001375,0.0014,0.0014,0.0014,0.0014,0.001375,0.001375,0.001375,0.0014,0.0014,0.0014,0.0014,0.0014,0.0014,0.001375,0.0014,0.0014,0.0014,0.0014,0.0014,0.0014,0.0014,0.0014,0.0014,0.0014,0.001425,0.001425,0.0014,0.0014,0.0014,0.0014]},"I":{"unit":"A","value":[-0.00013000000000000002,-0.000106,-8.7e-5,-6.900000000000001e-5,-5.4e-5,-4.0e-5,-2.8e-5,-1.7e-5,-7.0e-6,1.0e-6,8.0e-6,1.4e-5,2.0e-5,2.5e-5,2.9e-5,3.3e-5,3.5999999999999994e-5,3.9e-5,4.1e-5,4.2000000000000004e-5,4.4e-5,4.4999999999999996e-5,4.7e-5,4.8e-5,4.9000000000000005e-5,5.0e-5,5.0e-5,5.0e-5,5.1e-5,5.1e-5,5.2e-5,5.3e-5,5.3e-5,5.4e-5,5.4e-5,5.3e-5,5.4e-5,5.4e-5,5.5e-5,5.5e-5,5.5e-5,5.5e-5,5.5e-5,5.5e-5,5.5e-5,5.5e-5,5.6e-5,5.6e-5,5.6e-5,5.6e-5,5.5e-5,5.5e-5,5.5e-5,5.6e-5,5.6e-5,5.6e-5,5.6e-5,5.6e-5,5.6e-5,5.5e-5,5.6e-5,5.6e-5,5.6e-5,5.6e-5,5.6e-5,5.6e-5,5.6e-5,5.6e-5,5.6e-5,5.6e-5,5.7e-5,5.7e-5,5.6e-5,5.6e-5,5.6e-5,5.6e-5]},"efficiency":{"unit":"%","value":0.564},"fill_factor":{"unit":"%","value":64.75083414056613},"jsc":{"unit":"mA\/cm2","value":1.425},"isc":{"unit":"mA","value":0.057},"voc":{"unit":"V","value":0.6112500000000001},"sweep_direction":{"unit":"","value":"Reverse"},"key":"reverse_1_22304233"},{"V":{"unit":"V","value":[-0.05,-0.04,-0.03,-0.02,-0.01,0,0.01,0.02,0.03,0.04,0.05,0.06,0.07,0.08,0.09,0.1,0.11,0.12,0.13,0.14,0.15,0.16,0.17,0.18,0.19,0.2,0.21,0.22,0.23,0.24,0.25,0.26,0.27,0.28,0.29,0.3,0.31,0.32,0.33,0.34,0.35,0.36,0.37,0.38,0.39,0.4,0.41,0.42,0.43,0.44,0.45,0.46,0.47,0.48,0.49,0.5,0.51,0.52,0.53,0.54,0.55,0.56,0.57,0.58,0.59,0.6,0.61,0.62,0.63,0.64,0.65,0.66,0.67,0.68,0.69,0.7]},"J":{"unit":"A\/cm2","value":[0.00145,0.001425,0.001425,0.001425,0.001425,0.001425,0.001425,0.001425,0.0014,0.0014,0.0014,0.001425,0.001425,0.001425,0.001425,0.0014,0.0014,0.0014,0.0014,0.0014,0.001425,0.001425,0.001425,0.0014,0.0014,0.0014,0.0014,0.0014,0.0014,0.0014,0.0014,0.0014,0.001375,0.001375,0.001375,0.0014,0.0014,0.0014,0.001375,0.001375,0.001375,0.0013499999999999999,0.001375,0.001375,0.001375,0.001375,0.0013499999999999999,0.001325,0.001325,0.001325,0.001325,0.001325,0.0012999999999999997,0.0012999999999999997,0.0012749999999999999,0.0012250000000000002,0.0012,0.001175,0.00115,0.001125,0.001075,0.001,0.0009249999999999999,0.0008500000000000001,0.000725,0.000625,0.000475,0.00032499999999999993,0.000125,-0.0001,-0.000375,-0.0006749999999999999,-0.0010500000000000002,-0.001475,-0.00195,-0.002525]},"I":{"unit":"A","value":[5.8e-5,5.7e-5,5.7e-5,5.7e-5,5.7e-5,5.7e-5,5.7e-5,5.7e-5,5.6e-5,5.6e-5,5.6e-5,5.7e-5,5.7e-5,5.7e-5,5.7e-5,5.6e-5,5.6e-5,5.6e-5,5.6e-5,5.6e-5,5.7e-5,5.7e-5,5.7e-5,5.6e-5,5.6e-5,5.6e-5,5.6e-5,5.6e-5,5.6e-5,5.6e-5,5.6e-5,5.6e-5,5.5e-5,5.5e-5,5.5e-5,5.6e-5,5.6e-5,5.6e-5,5.5e-5,5.5e-5,5.5e-5,5.4e-5,5.5e-5,5.5e-5,5.5e-5,5.5e-5,5.4e-5,5.3e-5,5.3e-5,5.3e-5,5.3e-5,5.3e-5,5.2e-5,5.2e-5,5.1e-5,4.9000000000000005e-5,4.8e-5,4.7e-5,4.6e-5,4.4999999999999996e-5,4.2999999999999995e-5,4.0e-5,3.7e-5,3.4e-5,2.9e-5,2.5e-5,1.9e-5,1.3e-5,5.0e-6,-4.0e-6,-1.4999999999999999e-5,-2.7e-5,-4.2000000000000004e-5,-5.9e-5,-7.8e-5,-0.000101]},"efficiency":{"unit":"%","value":0.6247499999999999},"fill_factor":{"unit":"%","value":68.98233345601766},"jsc":{"unit":"mA\/cm2","value":1.425},"isc":{"unit":"mA","value":0.057},"voc":{"unit":"V","value":0.6355555555555555},"sweep_direction":{"unit":"","value":"Forward"},"key":"forward_1_22304233"}]}}