{"_id":"652bd5c7956f56119d546349","id":"CAU-SC-00163","author":70,"group":7,"input":[{"tco":{"unit":"","value":"ITO"}},[],{"etl":[{"material":{"unit":"","value":"SnO2"},"concentration":{"unit":"","value":"1.5"},"conc_unit":{"unit":"","value":"wt%"},"quantity":{"unit":"ml","value":"0.3"}}],"solvent":[{"material":{"unit":"","value":"DI Water"},"volume":{"unit":"ml","value":"2.7"}}],"spin_coating":[{"type":{"unit":"","value":"drop&run"},"rpm":{"unit":"","value":"1000"},"time":{"unit":"s","value":"0.5"}},{"type":{"unit":"","value":"drop&run"},"rpm":{"unit":"","value":"3000"},"time":{"unit":"s","value":"30"}}],"annealing":[{"temperature":{"unit":"oC","value":"170"},"time":{"unit":"m","value":"30"}}]},{"etl":[{"material":{"unit":"","value":"ZnO"},"concentration":{"unit":"","value":"109.75"},"conc_unit":{"unit":"","value":"mg\/ml"},"quantity":{"unit":"ml","value":"1"}}],"solvent":[{"material":{"unit":"","value":"2-ME"},"volume":{"unit":"ml","value":"2"}},{"material":{"unit":"","value":"Ethanolamine"},"volume":{"unit":"ml","value":"0.067"}}],"spin_coating":[{"type":{"unit":"","value":"drop&run"},"rpm":{"unit":"","value":"5000"},"time":{"unit":"s","value":"30"}}],"annealing":[{"temperature":{"unit":"oC","value":"170"},"time":{"unit":"m","value":"30"}}]},[],[],{"perovskite":{"method":{"unit":"","value":"2step"},"molarity":{"unit":"M","value":"1.2"},"a_site":[{"material":{"unit":"","value":"Cs"},"ratio":{"unit":"","value":"105"}}],"b_site":[{"material":{"unit":"","value":"Pb"},"ratio":{"unit":"","value":"100"}}],"x_site":[{"material":{"unit":"","value":"I"},"ratio":{"unit":"","value":"67"}},{"material":{"unit":"","value":"Br"},"ratio":{"unit":"","value":"33"}}],"solvent":[{"material":{"unit":"","value":"DMSO"},"volume":{"unit":"ml","value":"0.7"}},{"material":{"unit":"","value":"DMF"},"volume":{"unit":"ml","value":"0.3"}}],"stirring_time":[{"unit":"m","value":"960"}],"antisolvent":[{"material":{"unit":"","value":"CB"},"quantity":{"unit":"ul","value":"300"},"dripping_time":{"unit":"s","value":"20"}}],"spin_coating":[{"type":{"unit":"","value":"drop&run"},"rpm":{"unit":"","value":"3000"},"time":{"unit":"s","value":"40"}}],"annealing":[{"temperature":{"unit":"oC","value":"280"},"time":{"unit":"m","value":"10"}}],"atmosphere":[{"type":{"unit":"","value":"air"},"temperature":{"unit":"oC","value":"21"},"humidity":{"unit":"RH%","value":"40"}}],"assist":[{"type":{"unit":"","value":"hot air assist"},"temperature":{"unit":"oC","value":"150"},"assist_start_time":{"value":8,"unit":"s"},"total_assist_time":{"value":"0.233","unit":"s"}}]}},{"perovskite_treatment":[{"material":{"unit":"","value":"IPA:TBAI"},"concentration":{"unit":"","value":"0.5"},"conc_unit":{"unit":"","value":"mg\/ml"},"quantity":{"unit":"ml","value":"1"}}],"solvent":[{"material":{"unit":"","value":"IPA"},"volume":{"unit":"ml","value":"1"}}],"spin_coating":[{"type":{"unit":"","value":"dynamic"},"rpm":{"unit":"","value":"3000"},"time":{"unit":"s","value":"30"}}],"annealing":[{"temperature":{"unit":"oC","value":"100"},"time":{"unit":"m","value":"5"}}]},{"htl":[{"material":{"unit":"","value":"P3HT"},"concentration":{"unit":"","value":"10"},"conc_unit":{"unit":"","value":"mg\/ml"},"quantity":{"unit":"ml","value":"1"}}],"solvent":[{"material":{"unit":"","value":"CB"},"volume":{"unit":"ml","value":"1"}}],"spin_coating":[{"type":{"unit":"","value":"drop&run"},"rpm":{"unit":"","value":"3000"},"time":{"unit":"s","value":"30"}}],"annealing":[{"temperature":{"unit":"oC","value":"100"},"time":{"unit":"m","value":"5"}}]},[],{"anode_metal":{"unit":"","value":"Au"}},{"note":{"unit":"","value":"CsPbI2Br_721102002_IPA:TBAI."},"ar":{"unit":"","value":"0"},"type":{"unit":"","value":"unit_cell"},"device_type":{"unit":"","value":"n-i-p"},"temperature":{"unit":"\u2103","value":"21"},"humidity":{"unit":"%","value":"38"},"cell_dimension":{"unit":"cm2","value":"0.04"}}],"fileinfo":[{"key":"CsPbI2Br_721102002_IPA","uploadType":"JV","original_name":"CsPbI2Br_721102002_IPA-TBAI.xlsx","save_name":"CAU-SC-00163\/CsPbI2Br_721102002_IPA","uploader":70,"fileType":"group"}],"updated_at":"2024-06-03 08:38:34","created_at":"2023-10-15 12:06:31","jvcnt":16,"analysisInfo":{"JV":[{"efficiency":12.4251,"fill_factor":69.34182720479932,"jsc":15.125,"voc":1.1847022900763358,"key":"reverse_8_CsPbI2Br_721102002_IPA","cell_dimension":null},{"efficiency":12.775,"fill_factor":68.77975964579382,"jsc":15.625,"voc":1.188721804511278,"key":"reverse_7_CsPbI2Br_721102002_IPA","cell_dimension":null},{"efficiency":14.37315,"fill_factor":70.56619879814498,"jsc":16.8075,"voc":1.2118590604026849,"key":"reverse_6_CsPbI2Br_721102002_IPA","cell_dimension":null},{"efficiency":12.875625000000001,"fill_factor":70.6552956727499,"jsc":15.57375,"voc":1.17012,"key":"reverse_5_CsPbI2Br_721102002_IPA","cell_dimension":null},{"efficiency":11.279449999999999,"fill_factor":60.794194186452074,"jsc":15.57625,"voc":1.1911402714932124,"key":"reverse_4_CsPbI2Br_721102002_IPA","cell_dimension":null},{"efficiency":10.082625,"fill_factor":54.958100257979595,"jsc":15.903125000000001,"voc":1.1536111111111111,"key":"reverse_3_CsPbI2Br_721102002_IPA","cell_dimension":null},{"efficiency":14.3406,"fill_factor":70.73711519103995,"jsc":16.6525,"voc":1.2174202898550723,"key":"reverse_2_CsPbI2Br_721102002_IPA","cell_dimension":null},{"efficiency":11.323125000000001,"fill_factor":68.10921230748596,"jsc":14.521874999999998,"voc":1.1448214285714287,"key":"reverse_1_CsPbI2Br_721102002_IPA","cell_dimension":null},{"efficiency":9.815750000000001,"fill_factor":63.94507677949564,"jsc":15.074999999999996,"voc":1.0182608695652176,"key":"forward_8_CsPbI2Br_721102002_IPA","cell_dimension":null},{"efficiency":9.796000000000001,"fill_factor":61.703928539090526,"jsc":15.60625,"voc":1.0172727272727273,"key":"forward_7_CsPbI2Br_721102002_IPA","cell_dimension":null},{"efficiency":11.10125,"fill_factor":60.984352768778926,"jsc":16.73125,"voc":1.0879904306220096,"key":"forward_6_CsPbI2Br_721102002_IPA","cell_dimension":null},{"efficiency":10.3095,"fill_factor":65.20306889264327,"jsc":15.549999999999999,"voc":1.0168085106382978,"key":"forward_5_CsPbI2Br_721102002_IPA","cell_dimension":null},{"efficiency":10.8745,"fill_factor":62.210584076194465,"jsc":15.575,"voc":1.1223206751054853,"key":"forward_4_CsPbI2Br_721102002_IPA","cell_dimension":null},{"efficiency":11.35225,"fill_factor":63.0458585557382,"jsc":15.943749999999998,"voc":1.129366515837104,"key":"forward_3_CsPbI2Br_721102002_IPA","cell_dimension":null},{"efficiency":12.65875,"fill_factor":66.52398125904932,"jsc":16.64375,"voc":1.1433031674208145,"key":"forward_2_CsPbI2Br_721102002_IPA","cell_dimension":null},{"efficiency":10.02225,"fill_factor":66.0362851220806,"jsc":14.499999999999998,"voc":1.0466816143497757,"key":"forward_1_CsPbI2Br_721102002_IPA","cell_dimension":null}]},"public":2,"analysis":{"JV":[{"V":{"unit":"V","value":[1.236,1.196,1.156,1.116,1.076,1.036,0.996,0.956,0.916,0.876,0.836,0.796,0.756,0.716,0.676,0.636,0.596,0.556,0.516,0.476,0.436,0.396,0.356,0.316,0.276,0.236,0.196,0.156,0.116,0.076,0.036,-0.004,-0.044]},"J":{"unit":"A\/cm2","value":[-0.011675000000000001,-0.0018499999999999999,0.0047,0.008525,0.010575,0.011749999999999998,0.012475,0.01295,0.013325000000000002,0.013600000000000001,0.013825,0.014025000000000001,0.014174999999999998,0.014325,0.014424999999999999,0.014499999999999999,0.014624999999999997,0.014674999999999999,0.014725,0.014799999999999999,0.01485,0.014899999999999998,0.01495,0.01495,0.014975,0.01505,0.01505,0.015099999999999999,0.015075,0.015075,0.015125,0.015125,0.015125]},"I":{"unit":"A","value":[-0.000467,-7.4e-5,0.000188,0.00034100000000000005,0.000423,0.00047,0.000499,0.000518,0.000533,0.000544,0.000553,0.0005610000000000001,0.0005669999999999999,0.0005729999999999999,0.0005769999999999999,0.00058,0.000585,0.000587,0.000589,0.000592,0.000594,0.000596,0.000598,0.000598,0.0005989999999999999,0.000602,0.000602,0.0006039999999999999,0.000603,0.000603,0.000605,0.000605,0.000605]},"efficiency":{"unit":"%","value":12.4251},"fill_factor":{"unit":"%","value":69.34182720479932},"jsc":{"unit":"mA\/cm2","value":15.125},"isc":{"unit":"mA","value":0.605},"voc":{"unit":"V","value":1.1847022900763358},"sweep_direction":{"unit":"","value":"Reverse"},"key":"reverse_8_CsPbI2Br_721102002_IPA"},{"V":{"unit":"V","value":[1.24,1.2,1.16,1.12,1.08,1.04,1,0.96,0.92,0.88,0.84,0.8,0.76,0.72,0.68,0.64,0.6,0.56,0.52,0.48,0.44,0.4,0.36,0.32,0.28,0.24,0.2,0.16,0.12,0.08,0.04,0,-0.04]},"J":{"unit":"A\/cm2","value":[-0.0117,-0.001875,0.004775000000000001,0.008625,0.010775,0.012,0.012775,0.013275,0.013625,0.013925,0.01415,0.014349999999999998,0.014549999999999999,0.014674999999999999,0.014799999999999999,0.01495,0.01505,0.015125,0.015149999999999999,0.015274999999999999,0.0153,0.015375,0.015375,0.015449999999999998,0.015475,0.015475,0.01555,0.01555,0.0156,0.015625,0.015674999999999998,0.015625,0.0157]},"I":{"unit":"A","value":[-0.00046800000000000005,-7.5e-5,0.000191,0.000345,0.000431,0.00047999999999999996,0.0005110000000000001,0.000531,0.000545,0.0005570000000000001,0.000566,0.000574,0.0005819999999999999,0.000587,0.000592,0.000598,0.000602,0.000605,0.000606,0.000611,0.000612,0.000615,0.000615,0.000618,0.000619,0.000619,0.000622,0.000622,0.000624,0.000625,0.000627,0.000625,0.000628]},"efficiency":{"unit":"%","value":12.775},"fill_factor":{"unit":"%","value":68.77975964579382},"jsc":{"unit":"mA\/cm2","value":15.625},"isc":{"unit":"mA","value":0.625},"voc":{"unit":"V","value":1.188721804511278},"sweep_direction":{"unit":"","value":"Reverse"},"key":"reverse_7_CsPbI2Br_721102002_IPA"},{"V":{"unit":"V","value":[1.263,1.223,1.183,1.143,1.103,1.063,1.023,0.983,0.943,0.903,0.863,0.823,0.783,0.743,0.703,0.663,0.623,0.583,0.543,0.503,0.463,0.423,0.383,0.343,0.303,0.263,0.223,0.183,0.143,0.103,0.063,0.023,-0.017]},"J":{"unit":"A\/cm2","value":[-0.012825,-0.002075,0.005375,0.009825,0.012174999999999998,0.013375,0.01405,0.014474999999999998,0.014774999999999998,0.014975,0.015175,0.015349999999999999,0.015475,0.015625,0.015725,0.01585,0.0159,0.016,0.0161,0.016175000000000002,0.0162,0.016325,0.01635,0.01645,0.016475,0.0165,0.016575,0.016625,0.016675000000000002,0.0167,0.016725,0.01675,0.01685]},"I":{"unit":"A","value":[-0.000513,-8.3e-5,0.000215,0.000393,0.00048699999999999997,0.000535,0.0005620000000000001,0.000579,0.0005909999999999999,0.0005989999999999999,0.000607,0.000614,0.000619,0.000625,0.000629,0.000634,0.0006360000000000001,0.00064,0.000644,0.000647,0.000648,0.000653,0.0006540000000000001,0.0006580000000000001,0.0006590000000000001,0.00066,0.0006630000000000001,0.000665,0.0006670000000000001,0.0006680000000000001,0.000669,0.00067,0.000674]},"efficiency":{"unit":"%","value":14.37315},"fill_factor":{"unit":"%","value":70.56619879814498},"jsc":{"unit":"mA\/cm2","value":16.8075},"isc":{"unit":"mA","value":0.6723},"voc":{"unit":"V","value":1.2118590604026849},"sweep_direction":{"unit":"","value":"Reverse"},"key":"reverse_6_CsPbI2Br_721102002_IPA"},{"V":{"unit":"V","value":[1.221,1.181,1.141,1.101,1.061,1.021,0.981,0.941,0.901,0.861,0.821,0.781,0.741,0.701,0.661,0.621,0.581,0.541,0.501,0.461,0.421,0.381,0.341,0.301,0.261,0.221,0.181,0.141,0.101,0.061,0.021,-0.019]},"J":{"unit":"A\/cm2","value":[-0.010275,-0.0017000000000000001,0.00455,0.008525,0.010875,0.012225,0.013125,0.013675000000000001,0.01405,0.014325,0.014524999999999998,0.014674999999999999,0.014799999999999999,0.014899999999999998,0.014975,0.015099999999999999,0.015125,0.015224999999999999,0.015274999999999999,0.015325,0.015375,0.015375,0.0154,0.015449999999999998,0.015475,0.0155,0.01555,0.015525,0.015574999999999999,0.015574999999999999,0.0156,0.01555]},"I":{"unit":"A","value":[-0.00041099999999999996,-6.8e-5,0.000182,0.00034100000000000005,0.000435,0.000489,0.0005250000000000001,0.0005470000000000001,0.0005620000000000001,0.0005729999999999999,0.0005809999999999999,0.000587,0.000592,0.000596,0.0005989999999999999,0.0006039999999999999,0.000605,0.000609,0.000611,0.0006129999999999999,0.000615,0.000615,0.000616,0.000618,0.000619,0.00062,0.000622,0.000621,0.000623,0.000623,0.000624,0.000622]},"efficiency":{"unit":"%","value":12.875625000000001},"fill_factor":{"unit":"%","value":70.6552956727499},"jsc":{"unit":"mA\/cm2","value":15.57375},"isc":{"unit":"mA","value":0.62295},"voc":{"unit":"V","value":1.17012},"sweep_direction":{"unit":"","value":"Reverse"},"key":"reverse_5_CsPbI2Br_721102002_IPA"},{"V":{"unit":"V","value":[1.242,1.202,1.162,1.122,1.082,1.042,1.002,0.962,0.922,0.882,0.842,0.802,0.762,0.722,0.682,0.642,0.602,0.562,0.522,0.482,0.442,0.402,0.362,0.322,0.282,0.242,0.202,0.162,0.122,0.082,0.042,0.002,-0.038]},"J":{"unit":"A\/cm2","value":[-0.009525,-0.0015,0.004025,0.007374999999999999,0.009275,0.010399999999999998,0.01115,0.011725,0.01215,0.012575,0.0129,0.013224999999999999,0.0135,0.013775,0.014000000000000002,0.014224999999999998,0.014374999999999999,0.014549999999999999,0.014725,0.014825,0.014924999999999999,0.01505,0.015125,0.015175,0.0153,0.0153,0.015375,0.0154,0.015449999999999998,0.0155,0.015525,0.015574999999999999,0.0156]},"I":{"unit":"A","value":[-0.000381,-5.9999999999999995e-5,0.000161,0.00029499999999999996,0.000371,0.000416,0.000446,0.00046899999999999996,0.000486,0.000503,0.000516,0.0005290000000000001,0.00054,0.0005510000000000001,0.0005600000000000001,0.000569,0.000575,0.0005819999999999999,0.000589,0.000593,0.000597,0.000602,0.000605,0.000607,0.000612,0.000612,0.000615,0.000616,0.000618,0.00062,0.000621,0.000623,0.000624]},"efficiency":{"unit":"%","value":11.279449999999999},"fill_factor":{"unit":"%","value":60.794194186452074},"jsc":{"unit":"mA\/cm2","value":15.57625},"isc":{"unit":"mA","value":0.62305},"voc":{"unit":"V","value":1.1911402714932124},"sweep_direction":{"unit":"","value":"Reverse"},"key":"reverse_4_CsPbI2Br_721102002_IPA"},{"V":{"unit":"V","value":[1.205,1.165,1.125,1.085,1.045,1.005,0.965,0.925,0.885,0.845,0.805,0.765,0.725,0.685,0.645,0.605,0.565,0.525,0.485,0.445,0.405,0.365,0.325,0.285,0.245,0.205,0.165,0.125,0.085,0.045,0.005,-0.035]},"J":{"unit":"A\/cm2","value":[-0.006600000000000001,-0.0010249999999999999,0.0025749999999999996,0.005,0.006725000000000001,0.008125,0.009224999999999999,0.01025,0.011075,0.011824999999999999,0.012525,0.013025,0.013525,0.013900000000000001,0.014199999999999999,0.01445,0.0147,0.014874999999999998,0.015075,0.015175,0.015274999999999999,0.015375,0.015449999999999998,0.01555,0.015574999999999999,0.015674999999999998,0.01575,0.015775,0.015825,0.015875,0.0159,0.015925]},"I":{"unit":"A","value":[-0.000264,-4.1e-5,0.000103,0.0002,0.00026900000000000003,0.000325,0.00036899999999999997,0.00041,0.000443,0.00047299999999999995,0.000501,0.000521,0.000541,0.0005560000000000001,0.0005679999999999999,0.000578,0.000588,0.0005949999999999999,0.000603,0.000607,0.000611,0.000615,0.000618,0.000622,0.000623,0.000627,0.00063,0.000631,0.000633,0.000635,0.0006360000000000001,0.000637]},"efficiency":{"unit":"%","value":10.082625},"fill_factor":{"unit":"%","value":54.958100257979595},"jsc":{"unit":"mA\/cm2","value":15.903125000000001},"isc":{"unit":"mA","value":0.636125},"voc":{"unit":"V","value":1.1536111111111111},"sweep_direction":{"unit":"","value":"Reverse"},"key":"reverse_3_CsPbI2Br_721102002_IPA"},{"V":{"unit":"V","value":[1.268,1.228,1.188,1.148,1.108,1.068,1.028,0.988,0.948,0.908,0.868,0.828,0.788,0.748,0.708,0.668,0.628,0.588,0.548,0.508,0.468,0.428,0.388,0.348,0.308,0.268,0.228,0.188,0.148,0.108,0.068,0.028,-0.012]},"J":{"unit":"A\/cm2","value":[-0.0112,-0.001825,0.0050750000000000005,0.00945,0.011924999999999998,0.013224999999999999,0.01395,0.014299999999999998,0.0146,0.014799999999999999,0.015,0.015099999999999999,0.015274999999999999,0.0154,0.0155,0.0156,0.015725,0.015825,0.015875,0.016,0.016,0.0161,0.016175000000000002,0.016225,0.016274999999999998,0.01635,0.016375,0.01645,0.0165,0.0165,0.0166,0.0166,0.016675000000000002]},"I":{"unit":"A","value":[-0.000448,-7.3e-5,0.000203,0.000378,0.000477,0.0005290000000000001,0.000558,0.0005719999999999999,0.000584,0.000592,0.0006,0.0006039999999999999,0.000611,0.000616,0.00062,0.000624,0.000629,0.000633,0.000635,0.00064,0.00064,0.000644,0.000647,0.0006490000000000001,0.000651,0.0006540000000000001,0.000655,0.0006580000000000001,0.00066,0.00066,0.000664,0.000664,0.0006670000000000001]},"efficiency":{"unit":"%","value":14.3406},"fill_factor":{"unit":"%","value":70.73711519103995},"jsc":{"unit":"mA\/cm2","value":16.6525},"isc":{"unit":"mA","value":0.6661},"voc":{"unit":"V","value":1.2174202898550723},"sweep_direction":{"unit":"","value":"Reverse"},"key":"reverse_2_CsPbI2Br_721102002_IPA"},{"V":{"unit":"V","value":[1.195,1.155,1.115,1.075,1.035,0.995,0.955,0.915,0.875,0.835,0.795,0.755,0.715,0.675,0.635,0.595,0.555,0.515,0.475,0.435,0.395,0.355,0.315,0.275,0.235,0.195,0.155,0.115,0.075,0.035,-0.005,-0.045]},"J":{"unit":"A\/cm2","value":[-0.009325,-0.001425,0.004175,0.0076749999999999995,0.00975,0.011025,0.011824999999999999,0.012375,0.012775,0.013099999999999999,0.013275,0.013525,0.013600000000000001,0.01375,0.013850000000000001,0.01395,0.014025000000000001,0.014074999999999997,0.014124999999999999,0.014199999999999999,0.014249999999999999,0.014249999999999999,0.014349999999999998,0.014349999999999998,0.014374999999999999,0.014399999999999998,0.014474999999999998,0.01445,0.014499999999999999,0.014499999999999999,0.014524999999999998,0.014524999999999998]},"I":{"unit":"A","value":[-0.000373,-5.7e-5,0.00016700000000000002,0.000307,0.00039,0.000441,0.00047299999999999995,0.000495,0.0005110000000000001,0.000524,0.000531,0.000541,0.000544,0.00055,0.000554,0.000558,0.0005610000000000001,0.0005629999999999999,0.000565,0.0005679999999999999,0.00057,0.00057,0.000574,0.000574,0.000575,0.0005759999999999999,0.000579,0.000578,0.00058,0.00058,0.0005809999999999999,0.0005809999999999999]},"efficiency":{"unit":"%","value":11.323125000000001},"fill_factor":{"unit":"%","value":68.10921230748596},"jsc":{"unit":"mA\/cm2","value":14.521874999999998},"isc":{"unit":"mA","value":0.5808749999999999},"voc":{"unit":"V","value":1.1448214285714287},"sweep_direction":{"unit":"","value":"Reverse"},"key":"reverse_1_CsPbI2Br_721102002_IPA"},{"V":{"unit":"V","value":[-0.05,-0.01,0.03,0.07,0.11,0.15,0.19,0.23,0.27,0.31,0.35,0.39,0.43,0.47,0.51,0.55,0.59,0.63,0.67,0.71,0.75,0.79,0.83,0.87,0.91,0.95,0.99,1.03,1.07,1.11,1.15]},"J":{"unit":"A\/cm2","value":[0.015224999999999999,0.015099999999999999,0.015,0.01495,0.01485,0.014749999999999997,0.0147,0.014624999999999997,0.014524999999999998,0.014499999999999999,0.014374999999999999,0.014374999999999999,0.014224999999999998,0.014174999999999998,0.01405,0.013975000000000001,0.013850000000000001,0.0137,0.0135,0.01325,0.012925,0.012424999999999999,0.011749999999999998,0.010674999999999999,0.0091,0.0066749999999999995,0.00325,-0.0013499999999999999,-0.007149999999999999,-0.01415,-0.022]},"I":{"unit":"A","value":[0.000609,0.0006039999999999999,0.0006,0.000598,0.000594,0.0005899999999999999,0.000588,0.000585,0.0005809999999999999,0.00058,0.000575,0.000575,0.000569,0.0005669999999999999,0.0005620000000000001,0.000559,0.000554,0.0005480000000000001,0.00054,0.00053,0.000517,0.000497,0.00047,0.00042699999999999997,0.000364,0.00026700000000000004,0.00013000000000000002,-5.4e-5,-0.00028599999999999996,-0.000566,-0.00088]},"efficiency":{"unit":"%","value":9.815750000000001},"fill_factor":{"unit":"%","value":63.94507677949564},"jsc":{"unit":"mA\/cm2","value":15.074999999999996},"isc":{"unit":"mA","value":0.6029999999999999},"voc":{"unit":"V","value":1.0182608695652176},"sweep_direction":{"unit":"","value":"Forward"},"key":"forward_8_CsPbI2Br_721102002_IPA"},{"V":{"unit":"V","value":[-0.05,-0.01,0.03,0.07,0.11,0.15,0.19,0.23,0.27,0.31,0.35,0.39,0.43,0.47,0.51,0.55,0.59,0.63,0.67,0.71,0.75,0.79,0.83,0.87,0.91,0.95,0.99,1.03,1.07,1.11,1.15]},"J":{"unit":"A\/cm2","value":[0.01575,0.015625,0.01555,0.015449999999999998,0.0154,0.015274999999999999,0.0152,0.015125,0.015024999999999998,0.015,0.014874999999999998,0.014799999999999999,0.014725,0.0146,0.014499999999999999,0.014349999999999998,0.014199999999999999,0.014000000000000002,0.013725000000000001,0.013375,0.013025,0.0124,0.011625,0.010424999999999999,0.00875,0.006325,0.003,-0.0014,-0.006925000000000001,-0.013575,-0.02115]},"I":{"unit":"A","value":[0.00063,0.000625,0.000622,0.000618,0.000616,0.000611,0.000608,0.000605,0.000601,0.0006,0.0005949999999999999,0.000592,0.000589,0.000584,0.00058,0.000574,0.0005679999999999999,0.0005600000000000001,0.000549,0.000535,0.000521,0.000496,0.000465,0.000417,0.00035,0.000253,0.00011999999999999999,-5.6e-5,-0.000277,-0.0005430000000000001,-0.000846]},"efficiency":{"unit":"%","value":9.796000000000001},"fill_factor":{"unit":"%","value":61.703928539090526},"jsc":{"unit":"mA\/cm2","value":15.60625},"isc":{"unit":"mA","value":0.62425},"voc":{"unit":"V","value":1.0172727272727273},"sweep_direction":{"unit":"","value":"Forward"},"key":"forward_7_CsPbI2Br_721102002_IPA"},{"V":{"unit":"V","value":[-0.05,-0.01,0.03,0.07,0.11,0.15,0.19,0.23,0.27,0.31,0.35,0.39,0.43,0.47,0.51,0.55,0.59,0.63,0.67,0.71,0.75,0.79,0.83,0.87,0.91,0.95,0.99,1.03,1.07,1.11,1.15,1.19,1.23]},"J":{"unit":"A\/cm2","value":[0.01695,0.01675,0.016675000000000002,0.016575,0.01645,0.01635,0.01625,0.016175000000000002,0.016024999999999998,0.016,0.01585,0.0158,0.015625,0.01555,0.015375,0.01525,0.015125,0.014924999999999999,0.014749999999999997,0.014499999999999999,0.01415,0.013825,0.013375,0.01275,0.011899999999999999,0.01065,0.008825,0.006149999999999999,0.00235,-0.002875,-0.009625,-0.017775,-0.027]},"I":{"unit":"A","value":[0.000678,0.00067,0.0006670000000000001,0.0006630000000000001,0.0006580000000000001,0.0006540000000000001,0.00065,0.000647,0.000641,0.00064,0.000634,0.000632,0.000625,0.000622,0.000615,0.00061,0.000605,0.000597,0.0005899999999999999,0.00058,0.000566,0.000553,0.000535,0.00051,0.00047599999999999997,0.000426,0.00035299999999999996,0.000246,9.4e-5,-0.000115,-0.00038500000000000003,-0.0007109999999999999,-0.00108]},"efficiency":{"unit":"%","value":11.10125},"fill_factor":{"unit":"%","value":60.984352768778926},"jsc":{"unit":"mA\/cm2","value":16.73125},"isc":{"unit":"mA","value":0.66925},"voc":{"unit":"V","value":1.0879904306220096},"sweep_direction":{"unit":"","value":"Forward"},"key":"forward_6_CsPbI2Br_721102002_IPA"},{"V":{"unit":"V","value":[-0.05,-0.01,0.03,0.07,0.11,0.15,0.19,0.23,0.27,0.31,0.35,0.39,0.43,0.47,0.51,0.55,0.59,0.63,0.67,0.71,0.75,0.79,0.83,0.87,0.91,0.95,0.99,1.03,1.07,1.11,1.15]},"J":{"unit":"A\/cm2","value":[0.0157,0.015574999999999999,0.015475,0.015425,0.015325,0.01525,0.015175,0.015125,0.015024999999999998,0.015,0.01495,0.014825,0.014799999999999999,0.014725,0.014649999999999998,0.0146,0.014424999999999999,0.014325,0.014099999999999998,0.013900000000000001,0.013550000000000001,0.01305,0.012325,0.01115,0.009349999999999999,0.00675,0.00315,-0.00155,-0.007274999999999999,-0.013800000000000002,-0.020825]},"I":{"unit":"A","value":[0.000628,0.000623,0.000619,0.000617,0.0006129999999999999,0.00061,0.000607,0.000605,0.000601,0.0006,0.000598,0.000593,0.000592,0.000589,0.0005859999999999999,0.000584,0.0005769999999999999,0.0005729999999999999,0.0005639999999999999,0.0005560000000000001,0.0005420000000000001,0.000522,0.000493,0.000446,0.000374,0.00027,0.000126,-6.2e-5,-0.00029099999999999997,-0.0005520000000000001,-0.000833]},"efficiency":{"unit":"%","value":10.3095},"fill_factor":{"unit":"%","value":65.20306889264327},"jsc":{"unit":"mA\/cm2","value":15.549999999999999},"isc":{"unit":"mA","value":0.622},"voc":{"unit":"V","value":1.0168085106382978},"sweep_direction":{"unit":"","value":"Forward"},"key":"forward_5_CsPbI2Br_721102002_IPA"},{"V":{"unit":"V","value":[-0.05,-0.01,0.03,0.07,0.11,0.15,0.19,0.23,0.27,0.31,0.35,0.39,0.43,0.47,0.51,0.55,0.59,0.63,0.67,0.71,0.75,0.79,0.83,0.87,0.91,0.95,0.99,1.03,1.07,1.11,1.15,1.19,1.23]},"J":{"unit":"A\/cm2","value":[0.015674999999999998,0.0156,0.0155,0.0154,0.015349999999999999,0.015274999999999999,0.0152,0.015099999999999999,0.015075,0.01495,0.014874999999999998,0.014799999999999999,0.0147,0.0146,0.014499999999999999,0.014349999999999998,0.014224999999999998,0.01405,0.013875000000000002,0.013675000000000001,0.013425000000000001,0.01315,0.012825,0.01245,0.011949999999999999,0.011300000000000001,0.010324999999999999,0.008725,0.006024999999999999,0.001825,-0.0040999999999999995,-0.011550000000000001,-0.020175000000000002]},"I":{"unit":"A","value":[0.000627,0.000624,0.00062,0.000616,0.000614,0.000611,0.000608,0.0006039999999999999,0.000603,0.000598,0.0005949999999999999,0.000592,0.000588,0.000584,0.00058,0.000574,0.000569,0.0005620000000000001,0.000555,0.0005470000000000001,0.000537,0.000526,0.000513,0.000498,0.00047799999999999996,0.00045200000000000004,0.00041299999999999996,0.00034899999999999997,0.000241,7.3e-5,-0.000164,-0.000462,-0.0008070000000000001]},"efficiency":{"unit":"%","value":10.8745},"fill_factor":{"unit":"%","value":62.210584076194465},"jsc":{"unit":"mA\/cm2","value":15.575},"isc":{"unit":"mA","value":0.623},"voc":{"unit":"V","value":1.1223206751054853},"sweep_direction":{"unit":"","value":"Forward"},"key":"forward_4_CsPbI2Br_721102002_IPA"},{"V":{"unit":"V","value":[-0.05,-0.01,0.03,0.07,0.11,0.15,0.19,0.23,0.27,0.31,0.35,0.39,0.43,0.47,0.51,0.55,0.59,0.63,0.67,0.71,0.75,0.79,0.83,0.87,0.91,0.95,0.99,1.03,1.07,1.11,1.15,1.19,1.23]},"J":{"unit":"A\/cm2","value":[0.0161,0.015975,0.01585,0.015775,0.0157,0.015574999999999999,0.01555,0.0154,0.015375,0.015175,0.015125,0.01505,0.01495,0.01485,0.014725,0.014624999999999997,0.01445,0.014374999999999999,0.01415,0.014000000000000002,0.013775,0.013550000000000001,0.01325,0.012925,0.012475,0.01185,0.010875,0.009275,0.0066500000000000005,0.002675,-0.00285,-0.00985,-0.018175]},"I":{"unit":"A","value":[0.000644,0.000639,0.000634,0.000631,0.000628,0.000623,0.000622,0.000616,0.000615,0.000607,0.000605,0.000602,0.000598,0.000594,0.000589,0.000585,0.000578,0.000575,0.000566,0.0005600000000000001,0.0005510000000000001,0.0005420000000000001,0.00053,0.000517,0.000499,0.000474,0.000435,0.000371,0.000266,0.000107,-0.000114,-0.00039400000000000004,-0.000727]},"efficiency":{"unit":"%","value":11.35225},"fill_factor":{"unit":"%","value":63.0458585557382},"jsc":{"unit":"mA\/cm2","value":15.943749999999998},"isc":{"unit":"mA","value":0.6377499999999999},"voc":{"unit":"V","value":1.129366515837104},"sweep_direction":{"unit":"","value":"Forward"},"key":"forward_3_CsPbI2Br_721102002_IPA"},{"V":{"unit":"V","value":[-0.05,-0.01,0.03,0.07,0.11,0.15,0.19,0.23,0.27,0.31,0.35,0.39,0.43,0.47,0.51,0.55,0.59,0.63,0.67,0.71,0.75,0.79,0.83,0.87,0.91,0.95,0.99,1.03,1.07,1.11,1.15,1.19,1.23,1.27]},"J":{"unit":"A\/cm2","value":[0.016825,0.01665,0.016625,0.016525,0.016425000000000002,0.016375,0.016274999999999998,0.0162,0.016125,0.016024999999999998,0.01595,0.01585,0.01575,0.0157,0.015574999999999999,0.015449999999999998,0.0154,0.015224999999999999,0.015125,0.014975,0.014799999999999999,0.014624999999999997,0.01445,0.014124999999999999,0.013825,0.013325000000000002,0.012475,0.01105,0.00855,0.0046,-0.0009249999999999999,-0.0081,-0.016800000000000002,-0.026699999999999998]},"I":{"unit":"A","value":[0.0006730000000000001,0.000666,0.000665,0.000661,0.000657,0.000655,0.000651,0.000648,0.0006450000000000001,0.000641,0.000638,0.000634,0.00063,0.000628,0.000623,0.000618,0.000616,0.000609,0.000605,0.0005989999999999999,0.000592,0.000585,0.000578,0.000565,0.000553,0.000533,0.000499,0.000442,0.000342,0.000184,-3.7e-5,-0.000324,-0.0006720000000000001,-0.0010680000000000002]},"efficiency":{"unit":"%","value":12.65875},"fill_factor":{"unit":"%","value":66.52398125904932},"jsc":{"unit":"mA\/cm2","value":16.64375},"isc":{"unit":"mA","value":0.6657500000000001},"voc":{"unit":"V","value":1.1433031674208145},"sweep_direction":{"unit":"","value":"Forward"},"key":"forward_2_CsPbI2Br_721102002_IPA"},{"V":{"unit":"V","value":[-0.05,-0.01,0.03,0.07,0.11,0.15,0.19,0.23,0.27,0.31,0.35,0.39,0.43,0.47,0.51,0.55,0.59,0.63,0.67,0.71,0.75,0.79,0.83,0.87,0.91,0.95,0.99,1.03,1.07,1.11,1.15,1.19]},"J":{"unit":"A\/cm2","value":[0.014549999999999999,0.014524999999999998,0.014424999999999999,0.014399999999999998,0.014349999999999998,0.014325,0.014274999999999998,0.014224999999999998,0.01415,0.014074999999999997,0.01405,0.013975000000000001,0.013875000000000002,0.013800000000000002,0.0137,0.013600000000000001,0.013475,0.013325000000000002,0.013175000000000001,0.012975,0.0128,0.01245,0.012074999999999999,0.011474999999999999,0.0105,0.00895,0.0063,0.002325,-0.00325,-0.010150000000000001,-0.017825,-0.025624999999999995]},"I":{"unit":"A","value":[0.0005819999999999999,0.0005809999999999999,0.0005769999999999999,0.0005759999999999999,0.000574,0.0005729999999999999,0.000571,0.000569,0.000566,0.0005629999999999999,0.0005620000000000001,0.000559,0.000555,0.0005520000000000001,0.0005480000000000001,0.000544,0.000539,0.000533,0.000527,0.000519,0.000512,0.000498,0.000483,0.00045900000000000004,0.00041999999999999996,0.000358,0.000252,9.3e-5,-0.00013000000000000002,-0.000406,-0.000713,-0.0010249999999999999]},"efficiency":{"unit":"%","value":10.02225},"fill_factor":{"unit":"%","value":66.0362851220806},"jsc":{"unit":"mA\/cm2","value":14.499999999999998},"isc":{"unit":"mA","value":0.58},"voc":{"unit":"V","value":1.0466816143497757},"sweep_direction":{"unit":"","value":"Forward"},"key":"forward_1_CsPbI2Br_721102002_IPA"}]}}