{"_id":"653145636499622b4e49c9ff","id":"CAU-SC-00539","author":71,"group":7,"input":[{"tco":{"unit":"","value":"ITO"}},{"htl":[{"material":{"unit":"","value":"NiOx_Solgel"},"concentration":{"unit":"","value":"0.8"},"conc_unit":{"unit":"","value":"M"},"quantity":{"unit":"ml","value":"None"}}],"solvent":[{"material":{"unit":"","value":"EG"},"volume":{"unit":"ml","value":"1"}},{"material":{"unit":"","value":"EDA"},"volume":{"unit":"ml","value":"0.0536"}}],"spin_coating":[{"type":{"unit":"","value":"drop&run"},"rpm":{"unit":"","value":"5000"},"time":{"unit":"s","value":"50"}}],"annealing":[{"temperature":{"unit":"oC","value":"150"},"time":{"unit":"m","value":"5"}},{"temperature":{"unit":"oC","value":"300"},"time":{"unit":"m","value":"60"}}]},{"htl_treatment":[{"material":{"unit":"","value":"MeO-2PACz"},"concentration":{"unit":"","value":"0.4"},"conc_unit":{"unit":"","value":"mg\/ml"},"quantity":{"unit":"ml","value":"None"}}],"solvent":[{"material":{"unit":"","value":"Ethanol"},"volume":{"unit":"ml","value":"1"}}],"spin_coating":[{"type":{"unit":"","value":"drop&run"},"rpm":{"unit":"","value":"5000"},"time":{"unit":"s","value":"20"}}],"annealing":[{"temperature":{"unit":"oC","value":"100"},"time":{"unit":"m","value":"10"}}]},{"perovskite":{"method":{"unit":"","value":"1step"},"molarity":{"unit":"M","value":"1.1"},"a_site":[{"material":{"unit":"","value":"FA"},"ratio":{"unit":"","value":"83.14"}},{"material":{"unit":"","value":"Cs"},"ratio":{"unit":"","value":"16.66"}},{"material":{"unit":"","value":"BA"},"ratio":{"unit":"","value":"2"}}],"b_site":[{"material":{"unit":"","value":"Pb"},"ratio":{"unit":"","value":"100"}}],"x_site":[{"material":{"unit":"","value":"I"},"ratio":{"unit":"","value":"83"}},{"material":{"unit":"","value":"Br"},"ratio":{"unit":"","value":"17"}}],"solvent":[{"material":{"unit":"","value":"DMF"},"volume":{"unit":"ml","value":"0.8"}},{"material":{"unit":"","value":"DMSO"},"volume":{"unit":"ml","value":"0.2"}}],"additive":[{"material":{"unit":"","value":"MACl"},"solvent":{"unit":"","value":"none"},"concentration":{"unit":"","value":"7.4"},"conc_unit":{"unit":"","value":"mg\/ml"},"quantity":{"unit":"mol%","value":"10"}}],"antisolvent":[{"material":{"unit":"","value":"Anisole"},"quantity":{"unit":"ul","value":"300"},"dripping_time":{"unit":"s","value":"25"}}],"spin_coating":[{"type":{"unit":"","value":"drop&run"},"rpm":{"unit":"","value":"4000"},"time":{"unit":"s","value":"30"}}],"annealing":[{"temperature":{"unit":"oC","value":"75"},"time":{"unit":"m","value":"1"}},{"temperature":{"unit":"oC","value":"120"},"time":{"unit":"m","value":"10"}}],"atmosphere":[{"type":{"unit":"","value":"air"},"temperature":{"unit":"oC","value":"25"},"humidity":{"unit":"RH%","value":"30"}}]}},{"etl":[{"material":{"unit":"","value":"PC61BM"},"concentration":{"unit":"","value":"20"},"conc_unit":{"unit":"","value":"mg\/ml"},"quantity":{"unit":"ml","value":"None"}}],"solvent":[{"material":{"unit":"","value":"CB"},"volume":{"unit":"ml","value":"1"}}],"spin_coating":[{"type":{"unit":"","value":"drop&run"},"rpm":{"unit":"","value":"400"},"time":{"unit":"s","value":"2"}},{"type":{"unit":"","value":"drop&run"},"rpm":{"unit":"","value":"1500"},"time":{"unit":"s","value":"30"}}],"annealing":[{"temperature":{"unit":"oC","value":"110"},"time":{"unit":"m","value":"5"}}]},{"blocking_buffer_layer":[{"material":{"unit":"","value":"BCP"},"concentration":{"unit":"","value":"0.5"},"conc_unit":{"unit":"","value":"mg\/ml"},"quantity":{"unit":"ml","value":"None"}}],"solvent":[{"material":{"unit":"","value":"IPA"},"volume":{"unit":"ml","value":"1"}}],"spin_coating":[{"type":{"unit":"","value":"drop&run"},"rpm":{"unit":"","value":"4000"},"time":{"unit":"s","value":"20"}}]},{"anode_metal":{"unit":"","value":"Ag"}},{"note":{"unit":"","value":"221129 Air, Anisole 0.3ml"},"ar":{"unit":"","value":"0"},"type":{"unit":"","value":"unit_cell"},"device_type":{"unit":"","value":"p-i-n"},"temperature":{"unit":"\u2103","value":"25"},"humidity":{"unit":"%","value":"30"},"cell_dimension":{"unit":"cm2","value":"0.04"}}],"fileinfo":[{"key":"422112902","uploadType":"JV","original_name":"422112902.xlsx","save_name":"CAU-SC-00539\/422112902","uploader":71,"fileType":"group"}],"jvcnt":14,"updated_at":"2024-06-03 08:38:35","created_at":"2023-10-19 15:04:03","analysisInfo":{"JV":[{"efficiency":13.422999999999998,"fill_factor":76.11709560789693,"jsc":16.70875,"voc":1.0554153846153846,"key":"reverse_7_422112902","cell_dimension":null},{"efficiency":13.311775,"fill_factor":76.15696053531606,"jsc":16.607499999999998,"voc":1.0525,"key":"reverse_6_422112902","cell_dimension":null},{"efficiency":14.04955,"fill_factor":76.17667489199114,"jsc":17.346249999999998,"voc":1.0632485549132948,"key":"reverse_5_422112902","cell_dimension":null},{"efficiency":14.229325000000001,"fill_factor":75.63426421698294,"jsc":17.648124999999993,"voc":1.0660243902439024,"key":"reverse_4_422112902","cell_dimension":null},{"efficiency":14.525475000000002,"fill_factor":77.72785328617388,"jsc":17.500624999999996,"voc":1.0678250652741514,"key":"reverse_3_422112902","cell_dimension":null},{"efficiency":15.21625,"fill_factor":76.84129504926874,"jsc":18.44375,"voc":1.0736524822695035,"key":"reverse_2_422112902","cell_dimension":null},{"efficiency":15.27315,"fill_factor":75.54250579468089,"jsc":19.01,"voc":1.0635431472081218,"key":"reverse_1_422112902","cell_dimension":null},{"efficiency":12.6585,"fill_factor":70.04255101431727,"jsc":17.325,"voc":1.0431506849315069,"key":"forward_7_422112902","cell_dimension":null},{"efficiency":12.549749999999998,"fill_factor":69.87615749980631,"jsc":17.256249999999998,"voc":1.0407816711590299,"key":"forward_6_422112902","cell_dimension":null},{"efficiency":13.267499999999998,"fill_factor":70.6823359802209,"jsc":17.849999999999998,"voc":1.0515743440233238,"key":"forward_5_422112902","cell_dimension":null},{"efficiency":13.593749999999998,"fill_factor":70.81485594628906,"jsc":18.175,"voc":1.056186186186186,"key":"forward_4_422112902","cell_dimension":null},{"efficiency":13.615499999999999,"fill_factor":71.39502407972135,"jsc":18.075,"voc":1.0550847457627122,"key":"forward_3_422112902","cell_dimension":null},{"efficiency":14.572500000000002,"fill_factor":72.84309691576783,"jsc":18.775,"voc":1.0655300859598853,"key":"forward_2_422112902","cell_dimension":null},{"efficiency":14.9205,"fill_factor":74.2983661349733,"jsc":19.11875,"voc":1.05037558685446,"key":"forward_1_422112902","cell_dimension":null}]},"public":2,"analysis":{"JV":[{"V":{"unit":"V","value":[1.106,1.066,1.026,0.986,0.946,0.906,0.866,0.826,0.786,0.746,0.706,0.666,0.626,0.586,0.546,0.506,0.466,0.426,0.386,0.346,0.306,0.266,0.226,0.186,0.146,0.106,0.066,0.026,-0.014]},"J":{"unit":"A\/cm2","value":[-0.01775,-0.00215,0.005974999999999999,0.010424999999999999,0.01305,0.0146,0.0155,0.015825,0.01595,0.016024999999999998,0.016,0.016024999999999998,0.016075,0.016050000000000002,0.016149999999999998,0.0161,0.016149999999999998,0.016175000000000002,0.0162,0.016300000000000002,0.016225,0.016325,0.016399999999999998,0.016375,0.0165,0.0165,0.016575,0.016725,0.0167]},"I":{"unit":"A","value":[-0.0007099999999999999,-8.599999999999999e-5,0.00023899999999999998,0.000417,0.000522,0.000584,0.00062,0.000633,0.000638,0.000641,0.00064,0.000641,0.000643,0.000642,0.000646,0.000644,0.000646,0.000647,0.000648,0.000652,0.0006490000000000001,0.000653,0.000656,0.000655,0.00066,0.00066,0.0006630000000000001,0.000669,0.0006680000000000001]},"efficiency":{"unit":"%","value":13.422999999999998},"fill_factor":{"unit":"%","value":76.11709560789693},"jsc":{"unit":"mA\/cm2","value":16.70875},"isc":{"unit":"mA","value":0.66835},"voc":{"unit":"V","value":1.0554153846153846},"sweep_direction":{"unit":"","value":"Reverse"},"key":"reverse_7_422112902"},{"V":{"unit":"V","value":[1.103,1.063,1.023,0.983,0.943,0.903,0.863,0.823,0.783,0.743,0.703,0.663,0.623,0.583,0.543,0.503,0.463,0.423,0.383,0.343,0.303,0.263,0.223,0.183,0.143,0.103,0.063,0.023,-0.017]},"J":{"unit":"A\/cm2","value":[-0.01705,-0.0021000000000000003,0.0059,0.010299999999999998,0.012875,0.014549999999999999,0.015425,0.015775,0.015875,0.015925,0.01595,0.015975,0.015925,0.015975,0.016,0.015975,0.016075,0.016024999999999998,0.016075,0.016149999999999998,0.016125,0.01625,0.016225,0.016325,0.016399999999999998,0.016425000000000002,0.016525,0.016550000000000002,0.01665]},"I":{"unit":"A","value":[-0.0006820000000000001,-8.400000000000001e-5,0.000236,0.000412,0.000515,0.0005819999999999999,0.000617,0.000631,0.000635,0.000637,0.000638,0.000639,0.000637,0.000639,0.00064,0.000639,0.000643,0.000641,0.000643,0.000646,0.0006450000000000001,0.00065,0.0006490000000000001,0.000653,0.000656,0.000657,0.000661,0.000662,0.000666]},"efficiency":{"unit":"%","value":13.311775},"fill_factor":{"unit":"%","value":76.15696053531606},"jsc":{"unit":"mA\/cm2","value":16.607499999999998},"isc":{"unit":"mA","value":0.6643},"voc":{"unit":"V","value":1.0525},"sweep_direction":{"unit":"","value":"Reverse"},"key":"reverse_6_422112902"},{"V":{"unit":"V","value":[1.114,1.074,1.034,0.994,0.954,0.914,0.874,0.834,0.794,0.754,0.714,0.674,0.634,0.594,0.554,0.514,0.474,0.434,0.394,0.354,0.314,0.274,0.234,0.194,0.154,0.114,0.074,0.034,-0.006,-0.046]},"J":{"unit":"A\/cm2","value":[-0.017625,-0.002325,0.006325,0.01095,0.0135,0.015149999999999999,0.016075,0.0165,0.016775,0.016775,0.016825,0.016875,0.016800000000000002,0.016875,0.01685,0.016875,0.016925,0.016900000000000002,0.01695,0.01695,0.017025000000000002,0.01705,0.017075,0.017125,0.017175,0.017224999999999997,0.017299999999999996,0.017325,0.017349999999999997,0.01745]},"I":{"unit":"A","value":[-0.000705,-9.3e-5,0.000253,0.000438,0.00054,0.000606,0.000643,0.00066,0.000671,0.000671,0.0006730000000000001,0.000675,0.0006720000000000001,0.000675,0.000674,0.000675,0.0006770000000000001,0.0006760000000000001,0.000678,0.000678,0.0006810000000000001,0.0006820000000000001,0.000683,0.0006850000000000001,0.000687,0.0006889999999999999,0.0006919999999999999,0.0006929999999999999,0.000694,0.0006979999999999999]},"efficiency":{"unit":"%","value":14.04955},"fill_factor":{"unit":"%","value":76.17667489199114},"jsc":{"unit":"mA\/cm2","value":17.346249999999998},"isc":{"unit":"mA","value":0.69385},"voc":{"unit":"V","value":1.0632485549132948},"sweep_direction":{"unit":"","value":"Reverse"},"key":"reverse_5_422112902"},{"V":{"unit":"V","value":[1.117,1.077,1.037,0.997,0.957,0.917,0.877,0.837,0.797,0.757,0.717,0.677,0.637,0.597,0.557,0.517,0.477,0.437,0.397,0.357,0.317,0.277,0.237,0.197,0.157,0.117,0.077,0.037,-0.003,-0.043]},"J":{"unit":"A\/cm2","value":[-0.015149999999999999,-0.00225,0.0059499999999999996,0.010775,0.013525,0.015175,0.016225,0.0167,0.01705,0.0171,0.017125,0.0172,0.0171,0.017175,0.0172,0.017150000000000002,0.01725,0.017224999999999997,0.017224999999999997,0.017275,0.017299999999999996,0.017375,0.017375,0.0174,0.0175,0.0175,0.017599999999999998,0.017625,0.01765,0.01775]},"I":{"unit":"A","value":[-0.000606,-8.999999999999999e-5,0.00023799999999999998,0.000431,0.000541,0.000607,0.0006490000000000001,0.0006680000000000001,0.0006820000000000001,0.000684,0.0006850000000000001,0.0006879999999999999,0.000684,0.000687,0.0006879999999999999,0.0006860000000000001,0.00069,0.0006889999999999999,0.0006889999999999999,0.000691,0.0006919999999999999,0.000695,0.000695,0.000696,0.0007,0.0007,0.000704,0.000705,0.0007059999999999999,0.0007099999999999999]},"efficiency":{"unit":"%","value":14.229325000000001},"fill_factor":{"unit":"%","value":75.63426421698294},"jsc":{"unit":"mA\/cm2","value":17.648124999999993},"isc":{"unit":"mA","value":0.7059249999999998},"voc":{"unit":"V","value":1.0660243902439024},"sweep_direction":{"unit":"","value":"Reverse"},"key":"reverse_4_422112902"},{"V":{"unit":"V","value":[1.119,1.079,1.039,0.999,0.959,0.919,0.879,0.839,0.799,0.759,0.719,0.679,0.639,0.599,0.559,0.519,0.479,0.439,0.399,0.359,0.319,0.279,0.239,0.199,0.159,0.119,0.079,0.039,-0.001,-0.041]},"J":{"unit":"A\/cm2","value":[-0.020649999999999998,-0.002675,0.006900000000000001,0.011625,0.014174999999999998,0.01555,0.016525,0.016975,0.017150000000000002,0.017299999999999996,0.017224999999999997,0.01725,0.01725,0.017175,0.017224999999999997,0.017175,0.017175,0.0172,0.017175,0.01725,0.017224999999999997,0.0172,0.017349999999999997,0.017325,0.017375,0.0174,0.0174,0.017525,0.0175,0.017625]},"I":{"unit":"A","value":[-0.0008259999999999999,-0.000107,0.00027600000000000004,0.000465,0.0005669999999999999,0.000622,0.000661,0.000679,0.0006860000000000001,0.0006919999999999999,0.0006889999999999999,0.00069,0.00069,0.000687,0.0006889999999999999,0.000687,0.000687,0.0006879999999999999,0.000687,0.00069,0.0006889999999999999,0.0006879999999999999,0.000694,0.0006929999999999999,0.000695,0.000696,0.000696,0.0007009999999999999,0.0007,0.000705]},"efficiency":{"unit":"%","value":14.525475000000002},"fill_factor":{"unit":"%","value":77.72785328617388},"jsc":{"unit":"mA\/cm2","value":17.500624999999996},"isc":{"unit":"mA","value":0.7000249999999999},"voc":{"unit":"V","value":1.0678250652741514},"sweep_direction":{"unit":"","value":"Reverse"},"key":"reverse_3_422112902"},{"V":{"unit":"V","value":[1.125,1.085,1.045,1.005,0.965,0.925,0.885,0.845,0.805,0.765,0.725,0.685,0.645,0.605,0.565,0.525,0.485,0.445,0.405,0.365,0.325,0.285,0.245,0.205,0.165,0.125,0.085,0.045,0.005,-0.035]},"J":{"unit":"A\/cm2","value":[-0.022699999999999998,-0.003,0.007574999999999999,0.012525,0.015,0.01645,0.017175,0.01775,0.01795,0.01805,0.01815,0.018099999999999998,0.01815,0.018175,0.018125,0.018175,0.018175,0.01815,0.018224999999999998,0.018125,0.01825,0.01825,0.018224999999999998,0.0183,0.01825,0.018349999999999998,0.018325,0.018349999999999998,0.018449999999999998,0.0184]},"I":{"unit":"A","value":[-0.0009080000000000001,-0.00011999999999999999,0.000303,0.000501,0.0006,0.0006580000000000001,0.000687,0.0007099999999999999,0.000718,0.000722,0.000726,0.0007239999999999999,0.000726,0.000727,0.000725,0.000727,0.000727,0.000726,0.0007289999999999999,0.000725,0.00073,0.00073,0.0007289999999999999,0.000732,0.00073,0.000734,0.000733,0.000734,0.0007379999999999999,0.000736]},"efficiency":{"unit":"%","value":15.21625},"fill_factor":{"unit":"%","value":76.84129504926874},"jsc":{"unit":"mA\/cm2","value":18.44375},"isc":{"unit":"mA","value":0.73775},"voc":{"unit":"V","value":1.0736524822695035},"sweep_direction":{"unit":"","value":"Reverse"},"key":"reverse_2_422112902"},{"V":{"unit":"V","value":[1.114,1.074,1.034,0.994,0.954,0.914,0.874,0.834,0.794,0.754,0.714,0.674,0.634,0.594,0.554,0.514,0.474,0.434,0.394,0.354,0.314,0.274,0.234,0.194,0.154,0.114,0.074,0.034,-0.006,-0.046]},"J":{"unit":"A\/cm2","value":[-0.017799999999999996,-0.0025749999999999996,0.007274999999999999,0.01265,0.015274999999999999,0.0167,0.017474999999999997,0.017924999999999996,0.0183,0.0184,0.0185,0.01855,0.01855,0.018625,0.018625,0.018625,0.018675,0.01865,0.018725,0.018699999999999998,0.01875,0.018824999999999998,0.018775,0.0189,0.018850000000000002,0.018875,0.018975000000000002,0.018925,0.019025,0.019025]},"I":{"unit":"A","value":[-0.000712,-0.000103,0.00029099999999999997,0.000506,0.000611,0.0006680000000000001,0.000699,0.000717,0.000732,0.000736,0.00074,0.000742,0.000742,0.000745,0.000745,0.000745,0.000747,0.000746,0.000749,0.000748,0.00075,0.000753,0.000751,0.000756,0.000754,0.000755,0.000759,0.000757,0.000761,0.000761]},"efficiency":{"unit":"%","value":15.27315},"fill_factor":{"unit":"%","value":75.54250579468089},"jsc":{"unit":"mA\/cm2","value":19.01},"isc":{"unit":"mA","value":0.7604000000000001},"voc":{"unit":"V","value":1.0635431472081218},"sweep_direction":{"unit":"","value":"Reverse"},"key":"reverse_1_422112902"},{"V":{"unit":"V","value":[-0.05,-0.01,0.03,0.07,0.11,0.15,0.19,0.23,0.27,0.31,0.35,0.39,0.43,0.47,0.51,0.55,0.59,0.63,0.67,0.71,0.75,0.79,0.83,0.87,0.91,0.95,0.99,1.03,1.07,1.11]},"J":{"unit":"A\/cm2","value":[0.0184,0.017424999999999996,0.017025000000000002,0.01685,0.016550000000000002,0.016475,0.016325,0.0162,0.016175000000000002,0.015975,0.015975,0.01585,0.0158,0.01575,0.01565,0.0156,0.01555,0.015475,0.0154,0.015325,0.01525,0.015125,0.01485,0.014549999999999999,0.013625,0.0118,0.008525,0.003,-0.006125,-0.02145]},"I":{"unit":"A","value":[0.000736,0.0006969999999999999,0.0006810000000000001,0.000674,0.000662,0.0006590000000000001,0.000653,0.000648,0.000647,0.000639,0.000639,0.000634,0.000632,0.00063,0.000626,0.000624,0.000622,0.000619,0.000616,0.0006129999999999999,0.00061,0.000605,0.000594,0.0005819999999999999,0.000545,0.000472,0.00034100000000000005,0.00011999999999999999,-0.000245,-0.000858]},"efficiency":{"unit":"%","value":12.6585},"fill_factor":{"unit":"%","value":70.04255101431727},"jsc":{"unit":"mA\/cm2","value":17.325},"isc":{"unit":"mA","value":0.693},"voc":{"unit":"V","value":1.0431506849315069},"sweep_direction":{"unit":"","value":"Forward"},"key":"forward_7_422112902"},{"V":{"unit":"V","value":[-0.05,-0.01,0.03,0.07,0.11,0.15,0.19,0.23,0.27,0.31,0.35,0.39,0.43,0.47,0.51,0.55,0.59,0.63,0.67,0.71,0.75,0.79,0.83,0.87,0.91,0.95,0.99,1.03,1.07,1.11]},"J":{"unit":"A\/cm2","value":[0.018425,0.017325,0.01705,0.0167,0.016550000000000002,0.016399999999999998,0.01625,0.016175000000000002,0.016024999999999998,0.01595,0.015875,0.0158,0.015775,0.01565,0.015574999999999999,0.015525,0.015449999999999998,0.015375,0.015325,0.01525,0.015175,0.01505,0.014799999999999999,0.014424999999999999,0.013450000000000002,0.0116,0.008175,0.0025,-0.006775000000000001,-0.022175]},"I":{"unit":"A","value":[0.000737,0.0006929999999999999,0.0006820000000000001,0.0006680000000000001,0.000662,0.000656,0.00065,0.000647,0.000641,0.000638,0.000635,0.000632,0.000631,0.000626,0.000623,0.000621,0.000618,0.000615,0.0006129999999999999,0.00061,0.000607,0.000602,0.000592,0.0005769999999999999,0.0005380000000000001,0.000464,0.00032700000000000003,0.0001,-0.00027100000000000003,-0.000887]},"efficiency":{"unit":"%","value":12.549749999999998},"fill_factor":{"unit":"%","value":69.87615749980631},"jsc":{"unit":"mA\/cm2","value":17.256249999999998},"isc":{"unit":"mA","value":0.6902499999999999},"voc":{"unit":"V","value":1.0407816711590299},"sweep_direction":{"unit":"","value":"Forward"},"key":"forward_6_422112902"},{"V":{"unit":"V","value":[-0.05,-0.01,0.03,0.07,0.11,0.15,0.19,0.23,0.27,0.31,0.35,0.39,0.43,0.47,0.51,0.55,0.59,0.63,0.67,0.71,0.75,0.79,0.83,0.87,0.91,0.95,0.99,1.03,1.07,1.11]},"J":{"unit":"A\/cm2","value":[0.018625,0.017924999999999996,0.017625,0.017349999999999997,0.017299999999999996,0.0171,0.017025000000000002,0.01695,0.01685,0.016825,0.016675000000000002,0.01665,0.016625,0.016525,0.016475,0.016399999999999998,0.01635,0.01635,0.016225,0.0162,0.016075,0.01595,0.01575,0.01525,0.014399999999999998,0.012525,0.009525,0.004625,-0.00395,-0.018449999999999998]},"I":{"unit":"A","value":[0.000745,0.000717,0.000705,0.000694,0.0006919999999999999,0.000684,0.0006810000000000001,0.000678,0.000674,0.0006730000000000001,0.0006670000000000001,0.000666,0.000665,0.000661,0.0006590000000000001,0.000656,0.0006540000000000001,0.0006540000000000001,0.0006490000000000001,0.000648,0.000643,0.000638,0.00063,0.00061,0.0005759999999999999,0.000501,0.000381,0.000185,-0.000158,-0.0007379999999999999]},"efficiency":{"unit":"%","value":13.267499999999998},"fill_factor":{"unit":"%","value":70.6823359802209},"jsc":{"unit":"mA\/cm2","value":17.849999999999998},"isc":{"unit":"mA","value":0.714},"voc":{"unit":"V","value":1.0515743440233238},"sweep_direction":{"unit":"","value":"Forward"},"key":"forward_5_422112902"},{"V":{"unit":"V","value":[-0.05,-0.01,0.03,0.07,0.11,0.15,0.19,0.23,0.27,0.31,0.35,0.39,0.43,0.47,0.51,0.55,0.59,0.63,0.67,0.71,0.75,0.79,0.83,0.87,0.91,0.95,0.99,1.03,1.07,1.11,1.15]},"J":{"unit":"A\/cm2","value":[0.018824999999999998,0.01825,0.01795,0.017724999999999998,0.01765,0.017474999999999997,0.017424999999999996,0.017299999999999996,0.01725,0.0172,0.01705,0.017025000000000002,0.016975,0.016925,0.016875,0.016800000000000002,0.016725,0.016725,0.016575,0.0166,0.01645,0.016274999999999998,0.016125,0.015625,0.014725,0.013025,0.010174999999999998,0.00545,-0.002875,-0.016675000000000002,-0.036725]},"I":{"unit":"A","value":[0.000753,0.00073,0.000718,0.000709,0.0007059999999999999,0.000699,0.0006969999999999999,0.0006919999999999999,0.00069,0.0006879999999999999,0.0006820000000000001,0.0006810000000000001,0.000679,0.0006770000000000001,0.000675,0.0006720000000000001,0.000669,0.000669,0.0006630000000000001,0.000664,0.0006580000000000001,0.000651,0.0006450000000000001,0.000625,0.000589,0.000521,0.00040699999999999997,0.00021799999999999999,-0.000115,-0.0006670000000000001,-0.001469]},"efficiency":{"unit":"%","value":13.593749999999998},"fill_factor":{"unit":"%","value":70.81485594628906},"jsc":{"unit":"mA\/cm2","value":18.175},"isc":{"unit":"mA","value":0.727},"voc":{"unit":"V","value":1.056186186186186},"sweep_direction":{"unit":"","value":"Forward"},"key":"forward_4_422112902"},{"V":{"unit":"V","value":[-0.05,-0.01,0.03,0.07,0.11,0.15,0.19,0.23,0.27,0.31,0.35,0.39,0.43,0.47,0.51,0.55,0.59,0.63,0.67,0.71,0.75,0.79,0.83,0.87,0.91,0.95,0.99,1.03,1.07,1.11,1.15]},"J":{"unit":"A\/cm2","value":[0.018925,0.018125,0.017924999999999996,0.01765,0.017575,0.01745,0.01725,0.017299999999999996,0.017150000000000002,0.017075,0.01705,0.01695,0.016925,0.016875,0.016775,0.016775,0.016675000000000002,0.016675000000000002,0.016575,0.016475,0.016475,0.016274999999999998,0.016075,0.01565,0.014725,0.01305,0.010299999999999998,0.00555,-0.0033000000000000004,-0.019149999999999997,-0.043225]},"I":{"unit":"A","value":[0.000757,0.000725,0.000717,0.0007059999999999999,0.000703,0.0006979999999999999,0.00069,0.0006919999999999999,0.0006860000000000001,0.000683,0.0006820000000000001,0.000678,0.0006770000000000001,0.000675,0.000671,0.000671,0.0006670000000000001,0.0006670000000000001,0.0006630000000000001,0.0006590000000000001,0.0006590000000000001,0.000651,0.000643,0.000626,0.000589,0.000522,0.000412,0.000222,-0.000132,-0.000766,-0.001729]},"efficiency":{"unit":"%","value":13.615499999999999},"fill_factor":{"unit":"%","value":71.39502407972135},"jsc":{"unit":"mA\/cm2","value":18.075},"isc":{"unit":"mA","value":0.723},"voc":{"unit":"V","value":1.0550847457627122},"sweep_direction":{"unit":"","value":"Forward"},"key":"forward_3_422112902"},{"V":{"unit":"V","value":[-0.05,-0.01,0.03,0.07,0.11,0.15,0.19,0.23,0.27,0.31,0.35,0.39,0.43,0.47,0.51,0.55,0.59,0.63,0.67,0.71,0.75,0.79,0.83,0.87,0.91,0.95,0.99,1.03,1.07,1.11,1.15]},"J":{"unit":"A\/cm2","value":[0.0193,0.018850000000000002,0.01855,0.018425,0.0184,0.01825,0.018224999999999998,0.018075,0.018075,0.018075,0.017924999999999996,0.01795,0.0179,0.017849999999999998,0.017849999999999998,0.017724999999999998,0.017724999999999998,0.017674999999999996,0.017625,0.017625,0.0175,0.017349999999999997,0.0172,0.01675,0.016,0.0146,0.012174999999999998,0.00775,-0.000975,-0.016875,-0.0414]},"I":{"unit":"A","value":[0.000772,0.000754,0.000742,0.000737,0.000736,0.00073,0.0007289999999999999,0.000723,0.000723,0.000723,0.000717,0.000718,0.000716,0.000714,0.000714,0.000709,0.000709,0.000707,0.000705,0.000705,0.0007,0.000694,0.0006879999999999999,0.00067,0.00064,0.000584,0.00048699999999999997,0.00031,-3.9e-5,-0.000675,-0.001656]},"efficiency":{"unit":"%","value":14.572500000000002},"fill_factor":{"unit":"%","value":72.84309691576783},"jsc":{"unit":"mA\/cm2","value":18.775},"isc":{"unit":"mA","value":0.7509999999999999},"voc":{"unit":"V","value":1.0655300859598853},"sweep_direction":{"unit":"","value":"Forward"},"key":"forward_2_422112902"},{"V":{"unit":"V","value":[-0.05,-0.01,0.03,0.07,0.11,0.15,0.19,0.23,0.27,0.31,0.35,0.39,0.43,0.47,0.51,0.55,0.59,0.63,0.67,0.71,0.75,0.79,0.83,0.87,0.91,0.95,0.99,1.03,1.07,1.11,1.15]},"J":{"unit":"A\/cm2","value":[0.019524999999999997,0.019175,0.018949999999999998,0.018875,0.018824999999999998,0.018699999999999998,0.018699999999999998,0.0186,0.0186,0.01855,0.0185,0.0185,0.018449999999999998,0.0184,0.018449999999999998,0.018375,0.018375,0.0183,0.018224999999999998,0.018224999999999998,0.018075,0.017974999999999998,0.017724999999999998,0.017150000000000002,0.016274999999999998,0.014499999999999999,0.011375,0.005425,-0.005225,-0.021325,-0.0424]},"I":{"unit":"A","value":[0.000781,0.000767,0.000758,0.000755,0.000753,0.000748,0.000748,0.000744,0.000744,0.000742,0.00074,0.00074,0.0007379999999999999,0.000736,0.0007379999999999999,0.000735,0.000735,0.000732,0.0007289999999999999,0.0007289999999999999,0.000723,0.000719,0.000709,0.0006860000000000001,0.000651,0.00058,0.000455,0.000217,-0.00020899999999999998,-0.000853,-0.001696]},"efficiency":{"unit":"%","value":14.9205},"fill_factor":{"unit":"%","value":74.2983661349733},"jsc":{"unit":"mA\/cm2","value":19.11875},"isc":{"unit":"mA","value":0.7647499999999999},"voc":{"unit":"V","value":1.05037558685446},"sweep_direction":{"unit":"","value":"Forward"},"key":"forward_1_422112902"}]}}