{"_id":"653115e97f354217dd3f80ff","id":"CAU-SC-00421","author":63,"group":7,"input":[{"tco":{"unit":"","value":"ITO"}},[],{"htl":[{"material":{"unit":"","value":"PEDOT:PSS"},"concentration":{"unit":"","value":"None"},"conc_unit":{"unit":"","value":"mg\/ml"},"quantity":{"unit":"ml","value":"0.05"}}],"spin_coating":[{"type":{"unit":"","value":"drop&run"},"rpm":{"unit":"","value":"5000"},"time":{"unit":"s","value":"45"}}],"annealing":[{"temperature":{"unit":"oC","value":"150"},"time":{"unit":"m","value":"20"}}]},[],{"perovskite":{"method":{"unit":"","value":"1step"},"molarity":{"unit":"M","value":"0.8"},"a_site":[{"material":{"unit":"","value":"FA"},"ratio":{"unit":"","value":"85"}},{"material":{"unit":"","value":"PEA"},"ratio":{"unit":"","value":"15"}}],"b_site":[{"material":{"unit":"","value":"Sn"},"ratio":{"unit":"","value":"100"}}],"x_site":[{"material":{"unit":"","value":"I"},"ratio":{"unit":"","value":"100"}}],"solvent":[{"material":{"unit":"","value":"DMF"},"volume":{"unit":"ml","value":"0.8"}},{"material":{"unit":"","value":"DMSO"},"volume":{"unit":"ml","value":"0.2"}}],"additive":[{"material":{"unit":"","value":"SnF2"},"solvent":{"unit":"","value":"none"},"concentration":{"unit":"","value":"25.0"},"conc_unit":{"unit":"","value":"mg\/ml"},"quantity":{"unit":"mol%","value":"20"}}],"stirring_time":[{"unit":"m","value":"60"}],"antisolvent":[{"material":{"unit":"","value":"Toluene"},"quantity":{"unit":"ul","value":"300"},"dripping_time":{"unit":"s","value":"15"}}],"spin_coating":[{"type":{"unit":"","value":"drop&run"},"rpm":{"unit":"","value":"8000"},"time":{"unit":"s","value":"30"}}],"annealing":[{"temperature":{"unit":"oC","value":"70"},"time":{"unit":"m","value":"10"}}],"atmosphere":[{"type":{"unit":"","value":"N2"},"temperature":{"unit":"oC","value":"25"},"humidity":{"unit":"RH%","value":"0"}}]}},{"etl":[{"material":{"unit":"","value":"PC61BM"},"concentration":{"unit":"","value":"20"},"conc_unit":{"unit":"","value":"mg\/ml"},"quantity":{"unit":"ml","value":"0.05"}}],"solvent":[{"material":{"unit":"","value":"CB"},"volume":{"unit":"ml","value":"1"}}],"spin_coating":[{"type":{"unit":"","value":"drop&run"},"rpm":{"unit":"","value":"400"},"time":{"unit":"s","value":"2"}},{"type":{"unit":"","value":"drop&run"},"rpm":{"unit":"","value":"1500"},"time":{"unit":"s","value":"30"}}],"annealing":[{"temperature":{"unit":"oC","value":"70"},"time":{"unit":"m","value":"10"}}]},{"anode_metal":{"unit":"","value":"Ag"}},{"note":{"unit":"","value":"PEA0.15FA0.85SnI3 0.8M Tol 15s"},"ar":{"unit":"","value":"0"},"type":{"unit":"","value":"unit_cell"},"device_type":{"unit":"","value":"p-i-n"},"temperature":{"unit":"\u2103","value":"25"},"humidity":{"unit":"%","value":"30"},"cell_dimension":{"unit":"cm2","value":"0.04"}}],"fileinfo":[{"key":"321042015","uploadType":"JV","original_name":"321042015.xlsx","save_name":"CAU-SC-00421\/321042015","uploader":63,"fileType":"group"}],"jvcnt":18,"updated_at":"2024-06-03 08:38:35","created_at":"2023-10-19 11:41:29","analysisInfo":{"JV":[{"efficiency":3.902175,"fill_factor":69.75489538832068,"jsc":11.4525,"voc":0.48846308724832216,"key":"reverse_9_321042015","cell_dimension":null},{"efficiency":3.82655,"fill_factor":70.08201508931127,"jsc":11.450000000000001,"voc":0.4768648648648648,"key":"reverse_8_321042015","cell_dimension":null},{"efficiency":3.712799999999999,"fill_factor":66.20520607886296,"jsc":11.76375,"voc":0.47672027972027975,"key":"reverse_7_321042015","cell_dimension":null},{"efficiency":3.8200000000000003,"fill_factor":69.5293167449339,"jsc":11.405000000000003,"voc":0.4817260273972602,"key":"reverse_6_321042015","cell_dimension":null},{"efficiency":3.8164000000000002,"fill_factor":70.30174189518023,"jsc":11.420000000000002,"voc":0.47535897435897434,"key":"reverse_5_321042015","cell_dimension":null},{"efficiency":3.63525,"fill_factor":66.79105300291033,"jsc":11.6,"voc":0.4691999999999999,"key":"reverse_4_321042015","cell_dimension":null},{"efficiency":3.7248750000000004,"fill_factor":71.21365141571876,"jsc":10.793750000000001,"voc":0.48459183673469386,"key":"reverse_3_321042015","cell_dimension":null},{"efficiency":3.8665,"fill_factor":70.55836691260855,"jsc":11.662500000000001,"voc":0.4698701298701298,"key":"reverse_2_321042015","cell_dimension":null},{"efficiency":3.7995999999999994,"fill_factor":69.9792044402505,"jsc":11.605,"voc":0.46786842105263166,"key":"reverse_1_321042015","cell_dimension":null},{"efficiency":4.028,"fill_factor":70.65958299919807,"jsc":11.6,"voc":0.49142857142857144,"key":"forward_9_321042015","cell_dimension":null},{"efficiency":3.952,"fill_factor":71.04450703051114,"jsc":11.575000000000001,"voc":0.4805797101449275,"key":"forward_8_321042015","cell_dimension":null},{"efficiency":3.8789999999999996,"fill_factor":67.68311262158679,"jsc":11.924999999999999,"voc":0.48059701492537316,"key":"forward_7_321042015","cell_dimension":null},{"efficiency":3.914,"fill_factor":69.8748338722155,"jsc":11.55,"voc":0.48497354497354495,"key":"forward_6_321042015","cell_dimension":null},{"efficiency":3.9044999999999996,"fill_factor":70.46002163232092,"jsc":11.575000000000001,"voc":0.4787421383647798,"key":"forward_5_321042015","cell_dimension":null},{"efficiency":3.771,"fill_factor":67.73061177640892,"jsc":11.799999999999999,"voc":0.47183431952662724,"key":"forward_4_321042015","cell_dimension":null},{"efficiency":3.8095000000000003,"fill_factor":71.41515856059655,"jsc":10.95,"voc":0.48715083798882686,"key":"forward_3_321042015","cell_dimension":null},{"efficiency":3.9425,"fill_factor":70.51141707396043,"jsc":11.85,"voc":0.4718390804597702,"key":"forward_2_321042015","cell_dimension":null},{"efficiency":3.8789999999999996,"fill_factor":70.16585975134679,"jsc":11.774999999999999,"voc":0.46949720670391065,"key":"forward_1_321042015","cell_dimension":null}]},"public":2,"analysis":{"JV":[{"V":{"unit":"V","value":[0.529,0.509,0.489,0.469,0.449,0.429,0.409,0.389,0.369,0.349,0.329,0.309,0.289,0.269,0.249,0.229,0.209,0.189,0.169,0.149,0.129,0.109,0.089,0.069,0.049,0.029,0.009,-0.011,-0.031]},"J":{"unit":"A\/cm2","value":[-0.01115,-0.005,-0.0001,0.0036249999999999998,0.00635,0.008025000000000001,0.009275,0.010025000000000001,0.010575,0.010875,0.011075,0.0112,0.011275,0.011349999999999999,0.011349999999999999,0.011425000000000001,0.011375,0.011425000000000001,0.0114,0.011425000000000001,0.011425000000000001,0.011425000000000001,0.011450000000000002,0.011425000000000001,0.011474999999999999,0.011425000000000001,0.011474999999999999,0.011425000000000001,0.011474999999999999]},"I":{"unit":"A","value":[-0.000446,-0.0002,-4.0e-6,0.000145,0.000254,0.000321,0.000371,0.00040100000000000004,0.000423,0.000435,0.000443,0.000448,0.000451,0.00045400000000000003,0.00045400000000000003,0.000457,0.000455,0.000457,0.000456,0.000457,0.000457,0.000457,0.000458,0.000457,0.00045900000000000004,0.000457,0.00045900000000000004,0.000457,0.00045900000000000004]},"efficiency":{"unit":"%","value":3.902175},"fill_factor":{"unit":"%","value":69.75489538832068},"jsc":{"unit":"mA\/cm2","value":11.4525},"isc":{"unit":"mA","value":0.45810000000000006},"voc":{"unit":"V","value":0.48846308724832216},"sweep_direction":{"unit":"","value":"Reverse"},"key":"reverse_9_321042015"},{"V":{"unit":"V","value":[0.517,0.497,0.477,0.457,0.437,0.417,0.397,0.377,0.357,0.337,0.317,0.297,0.277,0.257,0.237,0.217,0.197,0.177,0.157,0.137,0.117,0.097,0.077,0.057,0.037,0.017,-0.003,-0.023]},"J":{"unit":"A\/cm2","value":[-0.01125,-0.0050750000000000005,-2.5e-5,0.003675,0.00645,0.008125,0.009375,0.010150000000000001,0.010625,0.01095,0.011125,0.011275,0.011300000000000001,0.0114,0.011375,0.011425000000000001,0.011425000000000001,0.011425000000000001,0.011474999999999999,0.011425000000000001,0.011474999999999999,0.011425000000000001,0.011474999999999999,0.011450000000000002,0.011474999999999999,0.011450000000000002,0.011450000000000002,0.011474999999999999]},"I":{"unit":"A","value":[-0.00045,-0.000203,-1.0e-6,0.000147,0.000258,0.000325,0.000375,0.000406,0.000425,0.000438,0.00044500000000000003,0.000451,0.00045200000000000004,0.000456,0.000455,0.000457,0.000457,0.000457,0.00045900000000000004,0.000457,0.00045900000000000004,0.000457,0.00045900000000000004,0.000458,0.00045900000000000004,0.000458,0.000458,0.00045900000000000004]},"efficiency":{"unit":"%","value":3.82655},"fill_factor":{"unit":"%","value":70.08201508931127},"jsc":{"unit":"mA\/cm2","value":11.450000000000001},"isc":{"unit":"mA","value":0.4580000000000001},"voc":{"unit":"V","value":0.4768648648648648},"sweep_direction":{"unit":"","value":"Reverse"},"key":"reverse_8_321042015"},{"V":{"unit":"V","value":[0.517,0.497,0.477,0.457,0.437,0.417,0.397,0.377,0.357,0.337,0.317,0.297,0.277,0.257,0.237,0.217,0.197,0.177,0.157,0.137,0.117,0.097,0.077,0.057,0.037,0.017,-0.003,-0.023]},"J":{"unit":"A\/cm2","value":[-0.010825,-0.004875,-5.0e-5,0.0035249999999999995,0.0062,0.0078,0.0091,0.009825,0.010399999999999998,0.010725,0.010975,0.011175000000000001,0.01125,0.0114,0.0114,0.011550000000000001,0.011550000000000001,0.011625,0.011625,0.011675000000000001,0.0117,0.0117,0.011749999999999998,0.0117,0.0118,0.0117,0.011774999999999999,0.011749999999999998]},"I":{"unit":"A","value":[-0.000433,-0.000195,-2.0e-6,0.00014099999999999998,0.000248,0.000312,0.000364,0.000393,0.000416,0.000429,0.000439,0.000447,0.00045,0.000456,0.000456,0.000462,0.000462,0.000465,0.000465,0.000467,0.00046800000000000005,0.00046800000000000005,0.00047,0.00046800000000000005,0.000472,0.00046800000000000005,0.00047099999999999996,0.00047]},"efficiency":{"unit":"%","value":3.712799999999999},"fill_factor":{"unit":"%","value":66.20520607886296},"jsc":{"unit":"mA\/cm2","value":11.76375},"isc":{"unit":"mA","value":0.47055},"voc":{"unit":"V","value":0.47672027972027975},"sweep_direction":{"unit":"","value":"Reverse"},"key":"reverse_7_321042015"},{"V":{"unit":"V","value":[0.522,0.502,0.482,0.462,0.442,0.422,0.402,0.382,0.362,0.342,0.322,0.302,0.282,0.262,0.242,0.222,0.202,0.182,0.162,0.142,0.122,0.102,0.082,0.062,0.042,0.022,0.002,-0.018,-0.038]},"J":{"unit":"A\/cm2","value":[-0.0109,-0.004875,-5.0e-5,0.0035999999999999995,0.006225,0.007975,0.0091,0.01,0.010399999999999998,0.01075,0.01095,0.01105,0.011175000000000001,0.0112,0.011300000000000001,0.01125,0.011375,0.011300000000000001,0.011375,0.011349999999999999,0.0114,0.0114,0.011375,0.011450000000000002,0.011375,0.011450000000000002,0.0114,0.011450000000000002,0.011425000000000001]},"I":{"unit":"A","value":[-0.00043599999999999997,-0.000195,-2.0e-6,0.00014399999999999998,0.000249,0.000319,0.000364,0.0004,0.000416,0.00043,0.000438,0.000442,0.000447,0.000448,0.00045200000000000004,0.00045,0.000455,0.00045200000000000004,0.000455,0.00045400000000000003,0.000456,0.000456,0.000455,0.000458,0.000455,0.000458,0.000456,0.000458,0.000457]},"efficiency":{"unit":"%","value":3.8200000000000003},"fill_factor":{"unit":"%","value":69.5293167449339},"jsc":{"unit":"mA\/cm2","value":11.405000000000003},"isc":{"unit":"mA","value":0.4562000000000001},"voc":{"unit":"V","value":0.4817260273972602},"sweep_direction":{"unit":"","value":"Reverse"},"key":"reverse_6_321042015"},{"V":{"unit":"V","value":[0.516,0.496,0.476,0.456,0.436,0.416,0.396,0.376,0.356,0.336,0.316,0.296,0.276,0.256,0.236,0.216,0.196,0.176,0.156,0.136,0.116,0.096,0.076,0.056,0.036,0.016,-0.004,-0.024]},"J":{"unit":"A\/cm2","value":[-0.011675000000000001,-0.005225,-0.000125,0.0037749999999999997,0.0065,0.008175,0.009425000000000001,0.010150000000000001,0.01065,0.0109,0.011125,0.01115,0.011275,0.011275,0.011349999999999999,0.011325,0.011349999999999999,0.011375,0.011349999999999999,0.011425000000000001,0.011349999999999999,0.011425000000000001,0.011349999999999999,0.011425000000000001,0.011375,0.0114,0.011425000000000001,0.011375]},"I":{"unit":"A","value":[-0.000467,-0.00020899999999999998,-5.0e-6,0.00015099999999999998,0.00026000000000000003,0.00032700000000000003,0.000377,0.000406,0.000426,0.00043599999999999997,0.00044500000000000003,0.000446,0.000451,0.000451,0.00045400000000000003,0.000453,0.00045400000000000003,0.000455,0.00045400000000000003,0.000457,0.00045400000000000003,0.000457,0.00045400000000000003,0.000457,0.000455,0.000456,0.000457,0.000455]},"efficiency":{"unit":"%","value":3.8164000000000002},"fill_factor":{"unit":"%","value":70.30174189518023},"jsc":{"unit":"mA\/cm2","value":11.420000000000002},"isc":{"unit":"mA","value":0.4568000000000001},"voc":{"unit":"V","value":0.47535897435897434},"sweep_direction":{"unit":"","value":"Reverse"},"key":"reverse_5_321042015"},{"V":{"unit":"V","value":[0.51,0.49,0.47,0.45,0.43,0.41,0.39,0.37,0.35,0.33,0.31,0.29,0.27,0.25,0.23,0.21,0.19,0.17,0.15,0.13,0.11,0.09,0.07,0.05,0.03,0.01,-0.01,-0.03]},"J":{"unit":"A\/cm2","value":[-0.011275,-0.005,-0.00015,0.0035999999999999995,0.006175,0.007875,0.009,0.009825,0.010299999999999998,0.010625,0.0109,0.010975,0.0112,0.0112,0.011325,0.011349999999999999,0.011450000000000002,0.011474999999999999,0.0115,0.011525,0.011525,0.011625,0.011525,0.011625,0.011550000000000001,0.011625,0.011575,0.011625]},"I":{"unit":"A","value":[-0.000451,-0.0002,-6.0e-6,0.00014399999999999998,0.000247,0.000315,0.00035999999999999997,0.000393,0.000412,0.000425,0.00043599999999999997,0.000439,0.000448,0.000448,0.000453,0.00045400000000000003,0.000458,0.00045900000000000004,0.00046,0.00046100000000000004,0.00046100000000000004,0.000465,0.00046100000000000004,0.000465,0.000462,0.000465,0.00046300000000000003,0.000465]},"efficiency":{"unit":"%","value":3.63525},"fill_factor":{"unit":"%","value":66.79105300291033},"jsc":{"unit":"mA\/cm2","value":11.6},"isc":{"unit":"mA","value":0.46399999999999997},"voc":{"unit":"V","value":0.4691999999999999},"sweep_direction":{"unit":"","value":"Reverse"},"key":"reverse_4_321042015"},{"V":{"unit":"V","value":[0.525,0.505,0.485,0.465,0.445,0.425,0.405,0.385,0.365,0.345,0.325,0.305,0.285,0.265,0.245,0.225,0.205,0.185,0.165,0.145,0.125,0.105,0.085,0.065,0.045,0.025,0.005,-0.015,-0.035]},"J":{"unit":"A\/cm2","value":[-0.011,-0.004925,-7.5e-5,0.0035999999999999995,0.006149999999999999,0.0078,0.008875,0.009675000000000001,0.010075,0.01035,0.010549999999999999,0.0106,0.010725,0.0107,0.010775,0.010725,0.010799999999999999,0.01075,0.010799999999999999,0.01075,0.010775,0.010799999999999999,0.010775,0.010799999999999999,0.01075,0.01085,0.010775,0.01085,0.010775]},"I":{"unit":"A","value":[-0.00044,-0.00019700000000000002,-3.0e-6,0.00014399999999999998,0.000246,0.000312,0.00035499999999999996,0.00038700000000000003,0.00040300000000000004,0.000414,0.000422,0.000424,0.000429,0.000428,0.000431,0.000429,0.000432,0.00043,0.000432,0.00043,0.000431,0.000432,0.000431,0.000432,0.00043,0.000434,0.000431,0.000434,0.000431]},"efficiency":{"unit":"%","value":3.7248750000000004},"fill_factor":{"unit":"%","value":71.21365141571876},"jsc":{"unit":"mA\/cm2","value":10.793750000000001},"isc":{"unit":"mA","value":0.43175},"voc":{"unit":"V","value":0.48459183673469386},"sweep_direction":{"unit":"","value":"Reverse"},"key":"reverse_3_321042015"},{"V":{"unit":"V","value":[0.51,0.49,0.47,0.45,0.43,0.41,0.39,0.37,0.35,0.33,0.31,0.29,0.27,0.25,0.23,0.21,0.19,0.17,0.15,0.13,0.11,0.09,0.07,0.05,0.03,0.01,-0.01,-0.03]},"J":{"unit":"A\/cm2","value":[-0.011349999999999999,-0.0050750000000000005,-2.5e-5,0.003825,0.006600000000000001,0.008400000000000001,0.009574999999999998,0.01045,0.01085,0.0112,0.011349999999999999,0.011450000000000002,0.0115,0.011550000000000001,0.011575,0.011550000000000001,0.011625,0.011550000000000001,0.01165,0.011550000000000001,0.011625,0.011625,0.0116,0.011675000000000001,0.0116,0.0117,0.011625,0.011725]},"I":{"unit":"A","value":[-0.00045400000000000003,-0.000203,-1.0e-6,0.000153,0.000264,0.00033600000000000004,0.000383,0.00041799999999999997,0.000434,0.000448,0.00045400000000000003,0.000458,0.00046,0.000462,0.00046300000000000003,0.000462,0.000465,0.000462,0.00046600000000000005,0.000462,0.000465,0.000465,0.000464,0.000467,0.000464,0.00046800000000000005,0.000465,0.00046899999999999996]},"efficiency":{"unit":"%","value":3.8665},"fill_factor":{"unit":"%","value":70.55836691260855},"jsc":{"unit":"mA\/cm2","value":11.662500000000001},"isc":{"unit":"mA","value":0.4665000000000001},"voc":{"unit":"V","value":0.4698701298701298},"sweep_direction":{"unit":"","value":"Reverse"},"key":"reverse_2_321042015"},{"V":{"unit":"V","value":[0.508,0.488,0.468,0.448,0.428,0.408,0.388,0.368,0.348,0.328,0.308,0.288,0.268,0.248,0.228,0.208,0.188,0.168,0.148,0.128,0.108,0.088,0.068,0.048,0.028,0.008,-0.012,-0.032]},"J":{"unit":"A\/cm2","value":[-0.01105,-0.00495,-2.5e-5,0.0037749999999999997,0.006549999999999999,0.008275000000000001,0.009574999999999998,0.010324999999999999,0.010825,0.011075,0.011275,0.011349999999999999,0.011425000000000001,0.011474999999999999,0.011450000000000002,0.011525,0.0115,0.011550000000000001,0.011525,0.011575,0.0115,0.011575,0.011550000000000001,0.011550000000000001,0.011625,0.011575,0.01165,0.011575]},"I":{"unit":"A","value":[-0.000442,-0.00019800000000000002,-1.0e-6,0.00015099999999999998,0.000262,0.000331,0.000383,0.00041299999999999996,0.000433,0.000443,0.000451,0.00045400000000000003,0.000457,0.00045900000000000004,0.000458,0.00046100000000000004,0.00046,0.000462,0.00046100000000000004,0.00046300000000000003,0.00046,0.00046300000000000003,0.000462,0.000462,0.000465,0.00046300000000000003,0.00046600000000000005,0.00046300000000000003]},"efficiency":{"unit":"%","value":3.7995999999999994},"fill_factor":{"unit":"%","value":69.9792044402505},"jsc":{"unit":"mA\/cm2","value":11.605},"isc":{"unit":"mA","value":0.4642},"voc":{"unit":"V","value":0.46786842105263166},"sweep_direction":{"unit":"","value":"Reverse"},"key":"reverse_1_321042015"},{"V":{"unit":"V","value":[-0.04,-0.02,0,0.02,0.04,0.06,0.08,0.1,0.12,0.14,0.16,0.18,0.2,0.22,0.24,0.26,0.28,0.3,0.32,0.34,0.36,0.38,0.4,0.42,0.44,0.46,0.48,0.5,0.52,0.54,0.56,0.58]},"J":{"unit":"A\/cm2","value":[0.01165,0.011550000000000001,0.0116,0.011550000000000001,0.011575,0.011525,0.011550000000000001,0.011525,0.011550000000000001,0.0115,0.011550000000000001,0.011525,0.0115,0.011550000000000001,0.011450000000000002,0.0115,0.011375,0.0114,0.01125,0.01115,0.010924999999999999,0.0106,0.010025000000000001,0.009125,0.0078,0.0056500000000000005,0.0025,-0.001875,-0.007625,-0.015075,-0.024075,-0.03455]},"I":{"unit":"A","value":[0.00046600000000000005,0.000462,0.000464,0.000462,0.00046300000000000003,0.00046100000000000004,0.000462,0.00046100000000000004,0.000462,0.00046,0.000462,0.00046100000000000004,0.00046,0.000462,0.000458,0.00046,0.000455,0.000456,0.00045,0.000446,0.000437,0.000424,0.00040100000000000004,0.000365,0.000312,0.00022600000000000002,0.0001,-7.5e-5,-0.000305,-0.000603,-0.000963,-0.001382]},"efficiency":{"unit":"%","value":4.028},"fill_factor":{"unit":"%","value":70.65958299919807},"jsc":{"unit":"mA\/cm2","value":11.6},"isc":{"unit":"mA","value":0.464},"voc":{"unit":"V","value":0.49142857142857144},"sweep_direction":{"unit":"","value":"Forward"},"key":"forward_9_321042015"},{"V":{"unit":"V","value":[-0.04,-0.02,0,0.02,0.04,0.06,0.08,0.1,0.12,0.14,0.16,0.18,0.2,0.22,0.24,0.26,0.28,0.3,0.32,0.34,0.36,0.38,0.4,0.42,0.44,0.46,0.48,0.5,0.52,0.54,0.56]},"J":{"unit":"A\/cm2","value":[0.011675000000000001,0.011675000000000001,0.011575,0.01165,0.011550000000000001,0.011625,0.011575,0.0116,0.011575,0.011550000000000001,0.0116,0.011525,0.0116,0.0115,0.011550000000000001,0.011474999999999999,0.011450000000000002,0.011349999999999999,0.011275,0.0111,0.010799999999999999,0.010399999999999998,0.0096,0.008525,0.0067,0.003975,0.00015,-0.005025,-0.011749999999999998,-0.02015,-0.0301]},"I":{"unit":"A","value":[0.000467,0.000467,0.00046300000000000003,0.00046600000000000005,0.000462,0.000465,0.00046300000000000003,0.000464,0.00046300000000000003,0.000462,0.000464,0.00046100000000000004,0.000464,0.00046,0.000462,0.00045900000000000004,0.000458,0.00045400000000000003,0.000451,0.000444,0.000432,0.000416,0.000384,0.00034100000000000005,0.000268,0.00015900000000000002,6.0e-6,-0.000201,-0.00047,-0.0008060000000000001,-0.001204]},"efficiency":{"unit":"%","value":3.952},"fill_factor":{"unit":"%","value":71.04450703051114},"jsc":{"unit":"mA\/cm2","value":11.575000000000001},"isc":{"unit":"mA","value":0.463},"voc":{"unit":"V","value":0.4805797101449275},"sweep_direction":{"unit":"","value":"Forward"},"key":"forward_8_321042015"},{"V":{"unit":"V","value":[-0.04,-0.02,0,0.02,0.04,0.06,0.08,0.1,0.12,0.14,0.16,0.18,0.2,0.22,0.24,0.26,0.28,0.3,0.32,0.34,0.36,0.38,0.4,0.42,0.44,0.46,0.48,0.5,0.52,0.54,0.56]},"J":{"unit":"A\/cm2","value":[0.011975,0.011875,0.011924999999999998,0.01185,0.01185,0.01185,0.011824999999999999,0.011875,0.0118,0.01185,0.011749999999999998,0.01185,0.0117,0.011749999999999998,0.01165,0.0116,0.011525,0.0114,0.011275,0.011025,0.010775,0.010174999999999998,0.009474999999999999,0.008275000000000001,0.006575,0.00385,0.00015,-0.004875,-0.0115,-0.019725000000000003,-0.02965]},"I":{"unit":"A","value":[0.000479,0.000475,0.000477,0.000474,0.000474,0.000474,0.00047299999999999995,0.000475,0.000472,0.000474,0.00047,0.000474,0.00046800000000000005,0.00047,0.00046600000000000005,0.000464,0.00046100000000000004,0.000456,0.000451,0.000441,0.000431,0.00040699999999999997,0.000379,0.000331,0.000263,0.000154,6.0e-6,-0.000195,-0.00046,-0.000789,-0.001186]},"efficiency":{"unit":"%","value":3.8789999999999996},"fill_factor":{"unit":"%","value":67.68311262158679},"jsc":{"unit":"mA\/cm2","value":11.924999999999999},"isc":{"unit":"mA","value":0.477},"voc":{"unit":"V","value":0.48059701492537316},"sweep_direction":{"unit":"","value":"Forward"},"key":"forward_7_321042015"},{"V":{"unit":"V","value":[-0.04,-0.02,0,0.02,0.04,0.06,0.08,0.1,0.12,0.14,0.16,0.18,0.2,0.22,0.24,0.26,0.28,0.3,0.32,0.34,0.36,0.38,0.4,0.42,0.44,0.46,0.48,0.5,0.52,0.54,0.56,0.58]},"J":{"unit":"A\/cm2","value":[0.01165,0.011575,0.011550000000000001,0.011525,0.011550000000000001,0.0115,0.011525,0.011474999999999999,0.011525,0.011474999999999999,0.0115,0.011450000000000002,0.011450000000000002,0.011425000000000001,0.0114,0.0114,0.011300000000000001,0.011300000000000001,0.011125,0.011025,0.010725,0.010299999999999998,0.009675000000000001,0.0086,0.0070999999999999995,0.0045249999999999995,0.001175,-0.0035499999999999998,-0.009699999999999999,-0.017474999999999997,-0.026674999999999997,-0.037274999999999996]},"I":{"unit":"A","value":[0.00046600000000000005,0.00046300000000000003,0.000462,0.00046100000000000004,0.000462,0.00046,0.00046100000000000004,0.00045900000000000004,0.00046100000000000004,0.00045900000000000004,0.00046,0.000458,0.000458,0.000457,0.000456,0.000456,0.00045200000000000004,0.00045200000000000004,0.00044500000000000003,0.000441,0.000429,0.000412,0.00038700000000000003,0.00034399999999999996,0.00028399999999999996,0.00018099999999999998,4.7e-5,-0.00014199999999999998,-0.000388,-0.000699,-0.001067,-0.0014910000000000001]},"efficiency":{"unit":"%","value":3.914},"fill_factor":{"unit":"%","value":69.8748338722155},"jsc":{"unit":"mA\/cm2","value":11.55},"isc":{"unit":"mA","value":0.462},"voc":{"unit":"V","value":0.48497354497354495},"sweep_direction":{"unit":"","value":"Forward"},"key":"forward_6_321042015"},{"V":{"unit":"V","value":[-0.04,-0.02,0,0.02,0.04,0.06,0.08,0.1,0.12,0.14,0.16,0.18,0.2,0.22,0.24,0.26,0.28,0.3,0.32,0.34,0.36,0.38,0.4,0.42,0.44,0.46,0.48,0.5,0.52,0.54,0.56]},"J":{"unit":"A\/cm2","value":[0.011675000000000001,0.011550000000000001,0.011575,0.011525,0.011525,0.011474999999999999,0.0115,0.0115,0.011450000000000002,0.011525,0.011425000000000001,0.011550000000000001,0.011450000000000002,0.011474999999999999,0.011425000000000001,0.0114,0.011375,0.011325,0.011224999999999999,0.01105,0.010825,0.010275,0.009625,0.008400000000000001,0.006600000000000001,0.0037249999999999996,-0.00025,-0.0056500000000000005,-0.0128,-0.02165,-0.032275]},"I":{"unit":"A","value":[0.000467,0.000462,0.00046300000000000003,0.00046100000000000004,0.00046100000000000004,0.00045900000000000004,0.00046,0.00046,0.000458,0.00046100000000000004,0.000457,0.000462,0.000458,0.00045900000000000004,0.000457,0.000456,0.000455,0.000453,0.000449,0.000442,0.000433,0.00041099999999999996,0.00038500000000000003,0.00033600000000000004,0.000264,0.000149,-1.0e-5,-0.00022600000000000002,-0.000512,-0.000866,-0.0012909999999999998]},"efficiency":{"unit":"%","value":3.9044999999999996},"fill_factor":{"unit":"%","value":70.46002163232092},"jsc":{"unit":"mA\/cm2","value":11.575000000000001},"isc":{"unit":"mA","value":0.463},"voc":{"unit":"V","value":0.4787421383647798},"sweep_direction":{"unit":"","value":"Forward"},"key":"forward_5_321042015"},{"V":{"unit":"V","value":[-0.04,-0.02,0,0.02,0.04,0.06,0.08,0.1,0.12,0.14,0.16,0.18,0.2,0.22,0.24,0.26,0.28,0.3,0.32,0.34,0.36,0.38,0.4,0.42,0.44,0.46,0.48,0.5,0.52,0.54,0.56]},"J":{"unit":"A\/cm2","value":[0.011924999999999998,0.011749999999999998,0.0118,0.0117,0.011774999999999999,0.011675000000000001,0.011725,0.0117,0.01165,0.0117,0.01165,0.01165,0.011575,0.011575,0.011450000000000002,0.011450000000000002,0.011325,0.01125,0.01105,0.010825,0.010475,0.009875,0.009075,0.00765,0.0056749999999999995,0.0025,-0.0017250000000000002,-0.007475,-0.014975,-0.024224999999999997,-0.035199999999999995]},"I":{"unit":"A","value":[0.000477,0.00047,0.000472,0.00046800000000000005,0.00047099999999999996,0.000467,0.00046899999999999996,0.00046800000000000005,0.00046600000000000005,0.00046800000000000005,0.00046600000000000005,0.00046600000000000005,0.00046300000000000003,0.00046300000000000003,0.000458,0.000458,0.000453,0.00045,0.000442,0.000433,0.000419,0.000395,0.000363,0.000306,0.00022700000000000002,0.0001,-6.900000000000001e-5,-0.000299,-0.0005989999999999999,-0.000969,-0.001408]},"efficiency":{"unit":"%","value":3.771},"fill_factor":{"unit":"%","value":67.73061177640892},"jsc":{"unit":"mA\/cm2","value":11.799999999999999},"isc":{"unit":"mA","value":0.472},"voc":{"unit":"V","value":0.47183431952662724},"sweep_direction":{"unit":"","value":"Forward"},"key":"forward_4_321042015"},{"V":{"unit":"V","value":[-0.04,-0.02,0,0.02,0.04,0.06,0.08,0.1,0.12,0.14,0.16,0.18,0.2,0.22,0.24,0.26,0.28,0.3,0.32,0.34,0.36,0.38,0.4,0.42,0.44,0.46,0.48,0.5,0.52,0.54,0.56,0.58]},"J":{"unit":"A\/cm2","value":[0.0111,0.01105,0.01095,0.011,0.0109,0.010975,0.010875,0.010924999999999999,0.010924999999999999,0.0109,0.01095,0.010875,0.010924999999999999,0.01085,0.0109,0.010825,0.010875,0.01075,0.0107,0.010575,0.010324999999999999,0.010025000000000001,0.009425000000000001,0.008575000000000001,0.0069500000000000004,0.0048,0.0016,-0.002875,-0.008899999999999998,-0.016550000000000002,-0.025824999999999997,-0.0366]},"I":{"unit":"A","value":[0.000444,0.000442,0.000438,0.00044,0.00043599999999999997,0.000439,0.000435,0.000437,0.000437,0.00043599999999999997,0.000438,0.000435,0.000437,0.000434,0.00043599999999999997,0.000433,0.000435,0.00043,0.000428,0.000423,0.00041299999999999996,0.00040100000000000004,0.000377,0.00034300000000000004,0.00027800000000000004,0.000192,6.4e-5,-0.000115,-0.000356,-0.000662,-0.0010329999999999998,-0.001464]},"efficiency":{"unit":"%","value":3.8095000000000003},"fill_factor":{"unit":"%","value":71.41515856059655},"jsc":{"unit":"mA\/cm2","value":10.95},"isc":{"unit":"mA","value":0.438},"voc":{"unit":"V","value":0.48715083798882686},"sweep_direction":{"unit":"","value":"Forward"},"key":"forward_3_321042015"},{"V":{"unit":"V","value":[-0.04,-0.02,0,0.02,0.04,0.06,0.08,0.1,0.12,0.14,0.16,0.18,0.2,0.22,0.24,0.26,0.28,0.3,0.32,0.34,0.36,0.38,0.4,0.42,0.44,0.46,0.48,0.5,0.52,0.54,0.56]},"J":{"unit":"A\/cm2","value":[0.011975,0.011899999999999999,0.01185,0.011824999999999999,0.011824999999999999,0.011749999999999998,0.0118,0.011725,0.0118,0.011725,0.011774999999999999,0.011749999999999998,0.011725,0.011725,0.0117,0.0117,0.011575,0.0116,0.0114,0.011275,0.010875,0.010375,0.009425000000000001,0.008025000000000001,0.005874999999999999,0.0025749999999999996,-0.0017749999999999999,-0.007625,-0.014899999999999998,-0.023799999999999998,-0.034]},"I":{"unit":"A","value":[0.000479,0.00047599999999999997,0.000474,0.00047299999999999995,0.00047299999999999995,0.00047,0.000472,0.00046899999999999996,0.000472,0.00046899999999999996,0.00047099999999999996,0.00047,0.00046899999999999996,0.00046899999999999996,0.00046800000000000005,0.00046800000000000005,0.00046300000000000003,0.000464,0.000456,0.000451,0.000435,0.000415,0.000377,0.000321,0.000235,0.000103,-7.099999999999999e-5,-0.000305,-0.000596,-0.0009519999999999999,-0.00136]},"efficiency":{"unit":"%","value":3.9425},"fill_factor":{"unit":"%","value":70.51141707396043},"jsc":{"unit":"mA\/cm2","value":11.85},"isc":{"unit":"mA","value":0.474},"voc":{"unit":"V","value":0.4718390804597702},"sweep_direction":{"unit":"","value":"Forward"},"key":"forward_2_321042015"},{"V":{"unit":"V","value":[-0.04,-0.02,0,0.02,0.04,0.06,0.08,0.1,0.12,0.14,0.16,0.18,0.2,0.22,0.24,0.26,0.28,0.3,0.32,0.34,0.36,0.38,0.4,0.42,0.44,0.46,0.48,0.5,0.52,0.54,0.56]},"J":{"unit":"A\/cm2","value":[0.011975,0.011824999999999999,0.011774999999999999,0.011749999999999998,0.011675000000000001,0.0117,0.0116,0.011675000000000001,0.011575,0.011675000000000001,0.0116,0.011625,0.0116,0.011575,0.011575,0.0115,0.0115,0.011375,0.011349999999999999,0.01105,0.010775,0.010150000000000001,0.00925,0.007775,0.0055,0.002125,-0.00235,-0.0081,-0.015325,-0.023725,-0.033375]},"I":{"unit":"A","value":[0.000479,0.00047299999999999995,0.00047099999999999996,0.00047,0.000467,0.00046800000000000005,0.000464,0.000467,0.00046300000000000003,0.000467,0.000464,0.000465,0.000464,0.00046300000000000003,0.00046300000000000003,0.00046,0.00046,0.000455,0.00045400000000000003,0.000442,0.000431,0.000406,0.00037,0.000311,0.00022,8.5e-5,-9.4e-5,-0.000324,-0.0006129999999999999,-0.000949,-0.001335]},"efficiency":{"unit":"%","value":3.8789999999999996},"fill_factor":{"unit":"%","value":70.16585975134679},"jsc":{"unit":"mA\/cm2","value":11.774999999999999},"isc":{"unit":"mA","value":0.471},"voc":{"unit":"V","value":0.46949720670391065},"sweep_direction":{"unit":"","value":"Forward"},"key":"forward_1_321042015"}]}}