{"_id":"6531597e69ca747fb611adb7","id":"CAU-SC-00576","author":71,"group":7,"input":[{"tco":{"unit":"","value":"ITO"}},{"htl":[{"material":{"unit":"","value":"NiOx_Solgel"},"concentration":{"unit":"","value":"0.8"},"conc_unit":{"unit":"","value":"M"},"quantity":{"unit":"ml","value":"None"}}],"solvent":[{"material":{"unit":"","value":"EG"},"volume":{"unit":"ml","value":"1"}},{"material":{"unit":"","value":"EDA"},"volume":{"unit":"ml","value":"0.0536"}}],"spin_coating":[{"type":{"unit":"","value":"drop&run"},"rpm":{"unit":"","value":"5000"},"time":{"unit":"s","value":"50"}}],"annealing":[{"temperature":{"unit":"oC","value":"150"},"time":{"unit":"m","value":"5"}},{"temperature":{"unit":"oC","value":"300"},"time":{"unit":"m","value":"60"}}]},{"htl_treatment":[{"material":{"unit":"","value":"MeO-2PACz"},"concentration":{"unit":"","value":"0.4"},"conc_unit":{"unit":"","value":"mg\/ml"},"quantity":{"unit":"ml","value":"None"}}],"solvent":[{"material":{"unit":"","value":"Ethanol"},"volume":{"unit":"ml","value":"1"}}],"spin_coating":[{"type":{"unit":"","value":"drop&run"},"rpm":{"unit":"","value":"5000"},"time":{"unit":"s","value":"20"}}],"annealing":[{"temperature":{"unit":"oC","value":"100"},"time":{"unit":"m","value":"10"}}]},{"perovskite":{"method":{"unit":"","value":"1step"},"molarity":{"unit":"M","value":"1.1"},"a_site":[{"material":{"unit":"","value":"FA"},"ratio":{"unit":"","value":"83.14"}},{"material":{"unit":"","value":"Cs"},"ratio":{"unit":"","value":"16.66"}},{"material":{"unit":"","value":"BA"},"ratio":{"unit":"","value":"2"}}],"b_site":[{"material":{"unit":"","value":"Pb"},"ratio":{"unit":"","value":"100"}}],"x_site":[{"material":{"unit":"","value":"I"},"ratio":{"unit":"","value":"83"}},{"material":{"unit":"","value":"Br"},"ratio":{"unit":"","value":"17"}}],"solvent":[{"material":{"unit":"","value":"DMF"},"volume":{"unit":"ml","value":"0.8"}},{"material":{"unit":"","value":"DMSO"},"volume":{"unit":"ml","value":"0.2"}}],"additive":[{"material":{"unit":"","value":"MACl"},"solvent":{"unit":"","value":"none"},"concentration":{"unit":"","value":"7.4"},"conc_unit":{"unit":"","value":"mg\/ml"},"quantity":{"unit":"mol%","value":"10"}}],"antisolvent":[{"material":{"unit":"","value":"Anisole"},"quantity":{"unit":"ul","value":"300"},"dripping_time":{"unit":"s","value":"25"}}],"spin_coating":[{"type":{"unit":"","value":"drop&run"},"rpm":{"unit":"","value":"4000"},"time":{"unit":"s","value":"30"}}],"annealing":[{"temperature":{"unit":"oC","value":"75"},"time":{"unit":"m","value":"1"}},{"temperature":{"unit":"oC","value":"120"},"time":{"unit":"m","value":"10"}}],"atmosphere":[{"type":{"unit":"","value":"N2"},"temperature":{"unit":"oC","value":"25"},"humidity":{"unit":"RH%","value":"0"}}]}},{"blocking_buffer_layer":[{"material":{"unit":"","value":"I-SAM"},"concentration":{"unit":"","value":"5"},"conc_unit":{"unit":"","value":"wt%"},"quantity":{"unit":"ml","value":"None"}}],"solvent":[{"material":{"unit":"","value":"IPA"},"volume":{"unit":"ml","value":"1"}}],"spin_coating":[{"type":{"unit":"","value":"drop&run"},"rpm":{"unit":"","value":"3000"},"time":{"unit":"s","value":"30"}}],"annealing":[{"temperature":{"unit":"oC","value":"100"},"time":{"unit":"m","value":"5"}}]},{"etl":[{"material":{"unit":"","value":"SnO2"},"concentration":{"unit":"","value":"15"},"conc_unit":{"unit":"","value":"mg\/ml"},"quantity":{"unit":"ml","value":"None"}}],"solvent":[{"material":{"unit":"","value":"TFE"},"volume":{"unit":"ml","value":"1"}}],"spin_coating":[{"type":{"unit":"","value":"drop&run"},"rpm":{"unit":"","value":"3000"},"time":{"unit":"s","value":"30"}}],"annealing":[{"temperature":{"unit":"oC","value":"100"},"time":{"unit":"m","value":"5"}}]},{"anode_metal":{"unit":"","value":"Ag"}},{"note":{"unit":"","value":"230724 I-SAM (20:1) \/ SnO2"},"ar":{"unit":"","value":"0"},"type":{"unit":"","value":"unit_cell"},"device_type":{"unit":"","value":"p-i-n"},"temperature":{"unit":"\u2103","value":"25"},"humidity":{"unit":"%","value":"50"},"cell_dimension":{"unit":"cm2","value":"0.04"}}],"fileinfo":[{"key":"423072415","uploadType":"JV","original_name":"423072415.xlsx","save_name":"CAU-SC-00576\/423072415","uploader":71,"fileType":"group"}],"jvcnt":14,"updated_at":"2024-06-03 08:38:35","created_at":"2023-10-19 16:29:50","analysisInfo":{"JV":[{"efficiency":11.611050000000002,"fill_factor":72.88487014568406,"jsc":19.19625,"voc":0.8298846153846153,"key":"reverse_7_423072415","cell_dimension":null},{"efficiency":11.6109,"fill_factor":72.80148481158719,"jsc":19.17,"voc":0.8319620853080568,"key":"reverse_6_423072415","cell_dimension":null},{"efficiency":11.679250000000001,"fill_factor":73.87815262063442,"jsc":19.0525,"voc":0.8297494199535963,"key":"reverse_5_423072415","cell_dimension":null},{"efficiency":11.352675000000001,"fill_factor":70.94628050754385,"jsc":19.125,"voc":0.8366949152542373,"key":"reverse_4_423072415","cell_dimension":null},{"efficiency":11.7648,"fill_factor":74.06784373696647,"jsc":19.000000000000004,"voc":0.8359903147699759,"key":"reverse_3_423072415","cell_dimension":null},{"efficiency":11.6788,"fill_factor":74.0443327013603,"jsc":19.074999999999996,"voc":0.826878787878788,"key":"reverse_2_423072415","cell_dimension":null},{"efficiency":12.179999999999998,"fill_factor":74.29301728463548,"jsc":19.35,"voc":0.8472631578947367,"key":"reverse_1_423072415","cell_dimension":null},{"efficiency":10.934,"fill_factor":64.75830577888604,"jsc":19.16875,"voc":0.8808253358925143,"key":"forward_7_423072415","cell_dimension":null},{"efficiency":10.525749999999999,"fill_factor":62.97364779187213,"jsc":18.98125,"voc":0.8805811623246493,"key":"forward_6_423072415","cell_dimension":null},{"efficiency":11.004999999999999,"fill_factor":65.88264167202438,"jsc":19.112499999999997,"voc":0.8739800995024878,"key":"forward_5_423072415","cell_dimension":null},{"efficiency":11.022749999999998,"fill_factor":65.74373910122092,"jsc":18.95625,"voc":0.8844700460829491,"key":"forward_4_423072415","cell_dimension":null},{"efficiency":10.931249999999999,"fill_factor":65.65621849809713,"jsc":18.818749999999998,"voc":0.8847145877378435,"key":"forward_3_423072415","cell_dimension":null},{"efficiency":11.16475,"fill_factor":67.90598258108031,"jsc":19.074999999999996,"voc":0.861938775510204,"key":"forward_2_423072415","cell_dimension":null},{"efficiency":11.56875,"fill_factor":67.81997101288191,"jsc":19.174999999999997,"voc":0.8895973154362417,"key":"forward_1_423072415","cell_dimension":null}]},"public":2,"analysis":{"JV":[{"V":{"unit":"V","value":[0.882,0.842,0.802,0.762,0.722,0.682,0.642,0.602,0.562,0.522,0.482,0.442,0.402,0.362,0.322,0.282,0.242,0.202,0.162,0.122,0.082,0.042,0.002,-0.038]},"J":{"unit":"A\/cm2","value":[-0.018125,-0.00315,0.0072499999999999995,0.013099999999999999,0.01585,0.017025000000000002,0.017625,0.018025,0.018224999999999998,0.018525,0.01865,0.018775,0.018949999999999998,0.018975000000000002,0.01905,0.019100000000000002,0.019149999999999997,0.019175,0.019149999999999997,0.019225000000000003,0.019175,0.019175,0.0192,0.019125]},"I":{"unit":"A","value":[-0.000725,-0.000126,0.00029,0.000524,0.000634,0.0006810000000000001,0.000705,0.000721,0.0007289999999999999,0.000741,0.000746,0.000751,0.000758,0.000759,0.000762,0.000764,0.000766,0.000767,0.000766,0.000769,0.000767,0.000767,0.000768,0.0007650000000000001]},"efficiency":{"unit":"%","value":11.611050000000002},"fill_factor":{"unit":"%","value":72.88487014568406},"jsc":{"unit":"mA\/cm2","value":19.19625},"isc":{"unit":"mA","value":0.76785},"voc":{"unit":"V","value":0.8298846153846153},"sweep_direction":{"unit":"","value":"Reverse"},"key":"reverse_7_423072415"},{"V":{"unit":"V","value":[0.884,0.844,0.804,0.764,0.724,0.684,0.644,0.604,0.564,0.524,0.484,0.444,0.404,0.364,0.324,0.284,0.244,0.204,0.164,0.124,0.084,0.044,0.004,-0.036]},"J":{"unit":"A\/cm2","value":[-0.018775,-0.003175,0.007374999999999999,0.013175000000000001,0.015775,0.016975,0.017525,0.017924999999999996,0.018224999999999998,0.0184,0.018625,0.018725,0.018850000000000002,0.018949999999999998,0.019,0.019100000000000002,0.019074999999999998,0.019149999999999997,0.019149999999999997,0.019149999999999997,0.019149999999999997,0.019149999999999997,0.019175,0.019125]},"I":{"unit":"A","value":[-0.000751,-0.000127,0.00029499999999999996,0.000527,0.000631,0.000679,0.0007009999999999999,0.000717,0.0007289999999999999,0.000736,0.000745,0.000749,0.000754,0.000758,0.00076,0.000764,0.000763,0.000766,0.000766,0.000766,0.000766,0.000766,0.000767,0.0007650000000000001]},"efficiency":{"unit":"%","value":11.6109},"fill_factor":{"unit":"%","value":72.80148481158719},"jsc":{"unit":"mA\/cm2","value":19.17},"isc":{"unit":"mA","value":0.7668},"voc":{"unit":"V","value":0.8319620853080568},"sweep_direction":{"unit":"","value":"Reverse"},"key":"reverse_6_423072415"},{"V":{"unit":"V","value":[0.882,0.842,0.802,0.762,0.722,0.682,0.642,0.602,0.562,0.522,0.482,0.442,0.402,0.362,0.322,0.282,0.242,0.202,0.162,0.122,0.082,0.042,0.002,-0.038]},"J":{"unit":"A\/cm2","value":[-0.019025,-0.0033000000000000004,0.007475,0.013325000000000002,0.015925,0.017125,0.017674999999999996,0.01805,0.0183,0.018475,0.018675,0.0188,0.018875,0.018975000000000002,0.019,0.019074999999999998,0.019074999999999998,0.019100000000000002,0.019125,0.019074999999999998,0.019125,0.019100000000000002,0.01905,0.019100000000000002]},"I":{"unit":"A","value":[-0.000761,-0.000132,0.000299,0.000533,0.000637,0.0006850000000000001,0.000707,0.000722,0.000732,0.000739,0.000747,0.000752,0.000755,0.000759,0.00076,0.000763,0.000763,0.000764,0.0007650000000000001,0.000763,0.0007650000000000001,0.000764,0.000762,0.000764]},"efficiency":{"unit":"%","value":11.679250000000001},"fill_factor":{"unit":"%","value":73.87815262063442},"jsc":{"unit":"mA\/cm2","value":19.0525},"isc":{"unit":"mA","value":0.7621},"voc":{"unit":"V","value":0.8297494199535963},"sweep_direction":{"unit":"","value":"Reverse"},"key":"reverse_5_423072415"},{"V":{"unit":"V","value":[0.887,0.847,0.807,0.767,0.727,0.687,0.647,0.607,0.567,0.527,0.487,0.447,0.407,0.367,0.327,0.287,0.247,0.207,0.167,0.127,0.087,0.047,0.007,-0.033]},"J":{"unit":"A\/cm2","value":[-0.01035,-0.0019,0.005475,0.011125,0.014725,0.016525,0.0175,0.0179,0.01825,0.018449999999999998,0.0186,0.01875,0.018824999999999998,0.018925,0.018975000000000002,0.018975000000000002,0.019100000000000002,0.01905,0.019125,0.019100000000000002,0.019125,0.019175,0.019125,0.019125]},"I":{"unit":"A","value":[-0.000414,-7.6e-5,0.000219,0.00044500000000000003,0.000589,0.000661,0.0007,0.000716,0.00073,0.0007379999999999999,0.000744,0.00075,0.000753,0.000757,0.000759,0.000759,0.000764,0.000762,0.0007650000000000001,0.000764,0.0007650000000000001,0.000767,0.0007650000000000001,0.0007650000000000001]},"efficiency":{"unit":"%","value":11.352675000000001},"fill_factor":{"unit":"%","value":70.94628050754385},"jsc":{"unit":"mA\/cm2","value":19.125},"isc":{"unit":"mA","value":0.765},"voc":{"unit":"V","value":0.8366949152542373},"sweep_direction":{"unit":"","value":"Reverse"},"key":"reverse_4_423072415"},{"V":{"unit":"V","value":[0.888,0.848,0.808,0.768,0.728,0.688,0.648,0.608,0.568,0.528,0.488,0.448,0.408,0.368,0.328,0.288,0.248,0.208,0.168,0.128,0.088,0.048,0.008,-0.032]},"J":{"unit":"A\/cm2","value":[-0.0172,-0.0031,0.007225,0.013175000000000001,0.015975,0.0171,0.0177,0.01805,0.018224999999999998,0.018425,0.018525,0.018675,0.01875,0.018775,0.0189,0.018875,0.018949999999999998,0.018949999999999998,0.018949999999999998,0.019025,0.018949999999999998,0.018975000000000002,0.019,0.019]},"I":{"unit":"A","value":[-0.0006879999999999999,-0.000124,0.000289,0.000527,0.000639,0.000684,0.000708,0.000722,0.0007289999999999999,0.000737,0.000741,0.000747,0.00075,0.000751,0.000756,0.000755,0.000758,0.000758,0.000758,0.000761,0.000758,0.000759,0.00076,0.00076]},"efficiency":{"unit":"%","value":11.7648},"fill_factor":{"unit":"%","value":74.06784373696647},"jsc":{"unit":"mA\/cm2","value":19.000000000000004},"isc":{"unit":"mA","value":0.7600000000000001},"voc":{"unit":"V","value":0.8359903147699759},"sweep_direction":{"unit":"","value":"Reverse"},"key":"reverse_3_423072415"},{"V":{"unit":"V","value":[0.879,0.839,0.799,0.759,0.719,0.679,0.639,0.599,0.559,0.519,0.479,0.439,0.399,0.359,0.319,0.279,0.239,0.199,0.159,0.119,0.079,0.039,-0.001,-0.041]},"J":{"unit":"A\/cm2","value":[-0.01815,-0.00325,0.007475,0.0134,0.016050000000000002,0.0172,0.01775,0.018,0.0183,0.0185,0.018675,0.018824999999999998,0.018875,0.019025,0.01905,0.019100000000000002,0.019100000000000002,0.019074999999999998,0.019149999999999997,0.019100000000000002,0.019125,0.019074999999999998,0.019074999999999998,0.019125]},"I":{"unit":"A","value":[-0.000726,-0.00013000000000000002,0.000299,0.000536,0.000642,0.0006879999999999999,0.0007099999999999999,0.0007199999999999999,0.000732,0.00074,0.000747,0.000753,0.000755,0.000761,0.000762,0.000764,0.000764,0.000763,0.000766,0.000764,0.0007650000000000001,0.000763,0.000763,0.0007650000000000001]},"efficiency":{"unit":"%","value":11.6788},"fill_factor":{"unit":"%","value":74.0443327013603},"jsc":{"unit":"mA\/cm2","value":19.074999999999996},"isc":{"unit":"mA","value":0.7629999999999999},"voc":{"unit":"V","value":0.826878787878788},"sweep_direction":{"unit":"","value":"Reverse"},"key":"reverse_2_423072415"},{"V":{"unit":"V","value":[0.9,0.86,0.82,0.78,0.74,0.7,0.66,0.62,0.58,0.54,0.5,0.46,0.42,0.38,0.34,0.3,0.26,0.22,0.18,0.14,0.1,0.06,0.02,-0.02]},"J":{"unit":"A\/cm2","value":[-0.014099999999999998,-0.003025,0.006475,0.01275,0.01595,0.0174,0.018099999999999998,0.018425,0.018675,0.0188,0.018925,0.019,0.019074999999999998,0.019175,0.019175,0.01925,0.01925,0.0193,0.019350000000000003,0.019325,0.019375,0.019325,0.019350000000000003,0.019350000000000003]},"I":{"unit":"A","value":[-0.0005639999999999999,-0.000121,0.000259,0.00051,0.000638,0.000696,0.0007239999999999999,0.000737,0.000747,0.000752,0.000757,0.00076,0.000763,0.000767,0.000767,0.0007700000000000001,0.0007700000000000001,0.000772,0.0007740000000000001,0.000773,0.000775,0.000773,0.0007740000000000001,0.0007740000000000001]},"efficiency":{"unit":"%","value":12.179999999999998},"fill_factor":{"unit":"%","value":74.29301728463548},"jsc":{"unit":"mA\/cm2","value":19.35},"isc":{"unit":"mA","value":0.774},"voc":{"unit":"V","value":0.8472631578947367},"sweep_direction":{"unit":"","value":"Reverse"},"key":"reverse_1_423072415"},{"V":{"unit":"V","value":[-0.05,-0.01,0.03,0.07,0.11,0.15,0.19,0.23,0.27,0.31,0.35,0.39,0.43,0.47,0.51,0.55,0.59,0.63,0.67,0.71,0.75,0.79,0.83,0.87,0.91]},"J":{"unit":"A\/cm2","value":[0.019825,0.01925,0.018925,0.018725,0.0186,0.018475,0.0184,0.018349999999999998,0.01825,0.0182,0.01805,0.017974999999999998,0.017825,0.01765,0.017474999999999997,0.017150000000000002,0.01685,0.016475,0.016,0.0154,0.014524999999999998,0.013025,0.009975,0.0035249999999999995,-0.0095]},"I":{"unit":"A","value":[0.0007930000000000001,0.0007700000000000001,0.000757,0.000749,0.000744,0.000739,0.000736,0.000734,0.00073,0.000728,0.000722,0.000719,0.000713,0.0007059999999999999,0.000699,0.0006860000000000001,0.000674,0.0006590000000000001,0.00064,0.000616,0.0005809999999999999,0.000521,0.000399,0.00014099999999999998,-0.00038]},"efficiency":{"unit":"%","value":10.934},"fill_factor":{"unit":"%","value":64.75830577888604},"jsc":{"unit":"mA\/cm2","value":19.16875},"isc":{"unit":"mA","value":0.7667499999999999},"voc":{"unit":"V","value":0.8808253358925143},"sweep_direction":{"unit":"","value":"Forward"},"key":"forward_7_423072415"},{"V":{"unit":"V","value":[-0.05,-0.01,0.03,0.07,0.11,0.15,0.19,0.23,0.27,0.31,0.35,0.39,0.43,0.47,0.51,0.55,0.59,0.63,0.67,0.71,0.75,0.79,0.83,0.87,0.91]},"J":{"unit":"A\/cm2","value":[0.0197,0.01905,0.018775,0.0185,0.0184,0.018275,0.01815,0.018099999999999998,0.018,0.017924999999999996,0.017775,0.017625,0.0175,0.017275,0.017025000000000002,0.016675000000000002,0.01635,0.015925,0.0154,0.014825,0.013900000000000001,0.01245,0.009525,0.0033000000000000004,-0.009174999999999999]},"I":{"unit":"A","value":[0.0007880000000000001,0.000762,0.000751,0.00074,0.000736,0.000731,0.000726,0.0007239999999999999,0.0007199999999999999,0.000717,0.0007109999999999999,0.000705,0.0007,0.000691,0.0006810000000000001,0.0006670000000000001,0.0006540000000000001,0.000637,0.000616,0.000593,0.0005560000000000001,0.000498,0.000381,0.000132,-0.000367]},"efficiency":{"unit":"%","value":10.525749999999999},"fill_factor":{"unit":"%","value":62.97364779187213},"jsc":{"unit":"mA\/cm2","value":18.98125},"isc":{"unit":"mA","value":0.75925},"voc":{"unit":"V","value":0.8805811623246493},"sweep_direction":{"unit":"","value":"Forward"},"key":"forward_6_423072415"},{"V":{"unit":"V","value":[-0.05,-0.01,0.03,0.07,0.11,0.15,0.19,0.23,0.27,0.31,0.35,0.39,0.43,0.47,0.51,0.55,0.59,0.63,0.67,0.71,0.75,0.79,0.83,0.87,0.91]},"J":{"unit":"A\/cm2","value":[0.0198,0.019175,0.018925,0.018675,0.018574999999999998,0.018475,0.0184,0.018349999999999998,0.01825,0.018224999999999998,0.018075,0.018,0.017875,0.0177,0.017525,0.017224999999999997,0.016925,0.016550000000000002,0.016050000000000002,0.0155,0.01445,0.01275,0.009174999999999999,0.0015,-0.013575]},"I":{"unit":"A","value":[0.0007920000000000001,0.000767,0.000757,0.000747,0.000743,0.000739,0.000736,0.000734,0.00073,0.0007289999999999999,0.000723,0.0007199999999999999,0.0007149999999999999,0.000708,0.0007009999999999999,0.0006889999999999999,0.0006770000000000001,0.000662,0.000642,0.00062,0.000578,0.00051,0.000367,5.9999999999999995e-5,-0.0005430000000000001]},"efficiency":{"unit":"%","value":11.004999999999999},"fill_factor":{"unit":"%","value":65.88264167202438},"jsc":{"unit":"mA\/cm2","value":19.112499999999997},"isc":{"unit":"mA","value":0.7645},"voc":{"unit":"V","value":0.8739800995024878},"sweep_direction":{"unit":"","value":"Forward"},"key":"forward_5_423072415"},{"V":{"unit":"V","value":[-0.05,-0.01,0.03,0.07,0.11,0.15,0.19,0.23,0.27,0.31,0.35,0.39,0.43,0.47,0.51,0.55,0.59,0.63,0.67,0.71,0.75,0.79,0.83,0.87,0.91]},"J":{"unit":"A\/cm2","value":[0.01965,0.019025,0.01875,0.018625,0.0185,0.018425,0.018325,0.018275,0.018224999999999998,0.018075,0.018025,0.0179,0.017775,0.017599999999999998,0.017375,0.017150000000000002,0.016800000000000002,0.016475,0.016075,0.015525,0.014674999999999999,0.013125,0.0101,0.003925,-0.006925000000000001]},"I":{"unit":"A","value":[0.000786,0.000761,0.00075,0.000745,0.00074,0.000737,0.000733,0.000731,0.0007289999999999999,0.000723,0.000721,0.000716,0.0007109999999999999,0.000704,0.000695,0.0006860000000000001,0.0006720000000000001,0.0006590000000000001,0.000643,0.000621,0.000587,0.0005250000000000001,0.000404,0.000157,-0.000277]},"efficiency":{"unit":"%","value":11.022749999999998},"fill_factor":{"unit":"%","value":65.74373910122092},"jsc":{"unit":"mA\/cm2","value":18.95625},"isc":{"unit":"mA","value":0.75825},"voc":{"unit":"V","value":0.8844700460829491},"sweep_direction":{"unit":"","value":"Forward"},"key":"forward_4_423072415"},{"V":{"unit":"V","value":[-0.05,-0.01,0.03,0.07,0.11,0.15,0.19,0.23,0.27,0.31,0.35,0.39,0.43,0.47,0.51,0.55,0.59,0.63,0.67,0.71,0.75,0.79,0.83,0.87,0.91]},"J":{"unit":"A\/cm2","value":[0.019475000000000003,0.0189,0.018574999999999998,0.018475,0.018349999999999998,0.018275,0.018224999999999998,0.018099999999999998,0.018075,0.01795,0.017875,0.017775,0.017575,0.017424999999999996,0.0172,0.01695,0.01665,0.01625,0.0159,0.015349999999999999,0.014575,0.013175000000000001,0.010324999999999999,0.00435,-0.007475]},"I":{"unit":"A","value":[0.0007790000000000001,0.000756,0.000743,0.000739,0.000734,0.000731,0.0007289999999999999,0.0007239999999999999,0.000723,0.000718,0.0007149999999999999,0.0007109999999999999,0.000703,0.0006969999999999999,0.0006879999999999999,0.000678,0.000666,0.00065,0.0006360000000000001,0.000614,0.000583,0.000527,0.00041299999999999996,0.000174,-0.000299]},"efficiency":{"unit":"%","value":10.931249999999999},"fill_factor":{"unit":"%","value":65.65621849809713},"jsc":{"unit":"mA\/cm2","value":18.818749999999998},"isc":{"unit":"mA","value":0.7527499999999999},"voc":{"unit":"V","value":0.8847145877378435},"sweep_direction":{"unit":"","value":"Forward"},"key":"forward_3_423072415"},{"V":{"unit":"V","value":[-0.05,-0.01,0.03,0.07,0.11,0.15,0.19,0.23,0.27,0.31,0.35,0.39,0.43,0.47,0.51,0.55,0.59,0.63,0.67,0.71,0.75,0.79,0.83,0.87,0.91]},"J":{"unit":"A\/cm2","value":[0.019725000000000003,0.019125,0.018925,0.018775,0.01865,0.018625,0.018525,0.0185,0.018425,0.018349999999999998,0.018325,0.018175,0.018099999999999998,0.01795,0.017775,0.017549999999999996,0.0172,0.016875,0.016375,0.015725,0.0146,0.012424999999999999,0.007825,-0.001975,-0.019625]},"I":{"unit":"A","value":[0.000789,0.0007650000000000001,0.000757,0.000751,0.000746,0.000745,0.000741,0.00074,0.000737,0.000734,0.000733,0.000727,0.0007239999999999999,0.000718,0.0007109999999999999,0.0007019999999999999,0.0006879999999999999,0.000675,0.000655,0.000629,0.000584,0.000497,0.000313,-7.9e-5,-0.000785]},"efficiency":{"unit":"%","value":11.16475},"fill_factor":{"unit":"%","value":67.90598258108031},"jsc":{"unit":"mA\/cm2","value":19.074999999999996},"isc":{"unit":"mA","value":0.7629999999999999},"voc":{"unit":"V","value":0.861938775510204},"sweep_direction":{"unit":"","value":"Forward"},"key":"forward_2_423072415"},{"V":{"unit":"V","value":[-0.05,-0.01,0.03,0.07,0.11,0.15,0.19,0.23,0.27,0.31,0.35,0.39,0.43,0.47,0.51,0.55,0.59,0.63,0.67,0.71,0.75,0.79,0.83,0.87,0.91]},"J":{"unit":"A\/cm2","value":[0.0197,0.0192,0.019100000000000002,0.018925,0.018850000000000002,0.018775,0.018675,0.018625,0.018525,0.018475,0.018349999999999998,0.018224999999999998,0.018175,0.017974999999999998,0.017799999999999996,0.017549999999999996,0.017325,0.017025000000000002,0.01665,0.016225,0.015425,0.014074999999999997,0.011325,0.005475,-0.0057]},"I":{"unit":"A","value":[0.0007880000000000001,0.000768,0.000764,0.000757,0.000754,0.000751,0.000747,0.000745,0.000741,0.000739,0.000734,0.0007289999999999999,0.000727,0.000719,0.000712,0.0007019999999999999,0.0006929999999999999,0.0006810000000000001,0.000666,0.0006490000000000001,0.000617,0.0005629999999999999,0.000453,0.000219,-0.000228]},"efficiency":{"unit":"%","value":11.56875},"fill_factor":{"unit":"%","value":67.81997101288191},"jsc":{"unit":"mA\/cm2","value":19.174999999999997},"isc":{"unit":"mA","value":0.7669999999999999},"voc":{"unit":"V","value":0.8895973154362417},"sweep_direction":{"unit":"","value":"Forward"},"key":"forward_1_423072415"}]}}