{"_id":"652d0ee79d8aa506476d205a","id":"CAU-SC-00178","author":70,"group":7,"input":[{"tco":{"unit":"","value":"ITO"}},[],{"etl":[{"material":{"unit":"","value":"SnO2"},"concentration":{"unit":"","value":"1.5"},"conc_unit":{"unit":"","value":"wt%"},"quantity":{"unit":"ml","value":"0.3"}}],"solvent":[{"material":{"unit":"","value":"DI Water"},"volume":{"unit":"ml","value":"2.7"}}],"spin_coating":[{"type":{"unit":"","value":"drop&run"},"rpm":{"unit":"","value":"1000"},"time":{"unit":"s","value":"0.5"}},{"type":{"unit":"","value":"drop&run"},"rpm":{"unit":"","value":"3000"},"time":{"unit":"s","value":"30"}}],"annealing":[{"temperature":{"unit":"oC","value":"170"},"time":{"unit":"m","value":"30"}}]},{"etl":[{"material":{"unit":"","value":"ZnO"},"concentration":{"unit":"","value":"109.75"},"conc_unit":{"unit":"","value":"mg\/ml"},"quantity":{"unit":"ml","value":"1"}}],"solvent":[{"material":{"unit":"","value":"2-ME"},"volume":{"unit":"ml","value":"2"}},{"material":{"unit":"","value":"Ethanolamine"},"volume":{"unit":"ml","value":"0.067"}}],"spin_coating":[{"type":{"unit":"","value":"drop&run"},"rpm":{"unit":"","value":"5000"},"time":{"unit":"s","value":"30"}}],"annealing":[{"temperature":{"unit":"oC","value":"170"},"time":{"unit":"m","value":"30"}}]},[],[],{"perovskite":{"method":{"unit":"","value":"1step"},"molarity":{"unit":"M","value":"1.2"},"a_site":[{"material":{"unit":"","value":"Cs"},"ratio":{"unit":"","value":"105"}}],"b_site":[{"material":{"unit":"","value":"Pb"},"ratio":{"unit":"","value":"100"}}],"x_site":[{"material":{"unit":"","value":"I"},"ratio":{"unit":"","value":"67"}},{"material":{"unit":"","value":"Br"},"ratio":{"unit":"","value":"33"}}],"solvent":[{"material":{"unit":"","value":"DMSO"},"volume":{"unit":"ml","value":"0.7"}},{"material":{"unit":"","value":"DMF"},"volume":{"unit":"ml","value":"0.3"}}],"stirring_time":[{"unit":"m","value":"960"}],"spin_coating":[{"type":{"unit":"","value":"drop&run"},"rpm":{"unit":"","value":"3000"},"time":{"unit":"s","value":"40"}}],"annealing":[{"temperature":{"unit":"oC","value":"50"},"time":{"unit":"m","value":"1"}},{"temperature":{"unit":"oC","value":"100"},"time":{"unit":"m","value":"1"}},{"temperature":{"unit":"oC","value":"160"},"time":{"unit":"m","value":"10"}}],"atmosphere":[{"type":{"unit":"","value":"air"},"temperature":{"unit":"oC","value":"22"},"humidity":{"unit":"RH%","value":"39"}}]}},[],{"htl":[{"material":{"unit":"","value":"P3HT"},"concentration":{"unit":"","value":"10"},"conc_unit":{"unit":"","value":"mg\/ml"},"quantity":{"unit":"ml","value":"1"}}],"solvent":[{"material":{"unit":"","value":"CB"},"volume":{"unit":"ml","value":"1"}}],"spin_coating":[{"type":{"unit":"","value":"drop&run"},"rpm":{"unit":"","value":"3000"},"time":{"unit":"s","value":"30"}}],"annealing":[{"temperature":{"unit":"oC","value":"100"},"time":{"unit":"m","value":"5"}}]},[],{"anode_metal":{"unit":"","value":"Au"}},{"note":{"unit":"","value":"CsPbI2Br_721110307_gradient annealing"},"ar":{"unit":"","value":"0"},"type":{"unit":"","value":"unit_cell"},"device_type":{"unit":"","value":"n-i-p"},"temperature":{"unit":"\u2103","value":"22"},"humidity":{"unit":"%","value":"38"},"cell_dimension":{"unit":"cm2","value":"0.04"}}],"fileinfo":[{"key":"CsPbI2Br_721110307_gradient annealing","uploadType":"JV","original_name":"CsPbI2Br_721110307_gradient annealing.xlsx","save_name":"CAU-SC-00178\/CsPbI2Br_721110307_gradient annealing","uploader":70,"fileType":"group"}],"updated_at":"2024-06-03 08:38:34","created_at":"2023-10-16 10:22:31","jvcnt":18,"analysisInfo":{"JV":[{"efficiency":12.864974999999998,"fill_factor":74.02693300112433,"jsc":14.474999999999998,"voc":1.2006062992125983,"key":"reverse_9_CsPbI2Br_721110307_gradient annealing","cell_dimension":null},{"efficiency":13.502724999999998,"fill_factor":75.04739177118275,"jsc":14.864374999999999,"voc":1.2104285714285716,"key":"reverse_8_CsPbI2Br_721110307_gradient annealing","cell_dimension":null},{"efficiency":14.095574999999998,"fill_factor":75.16595576952406,"jsc":15.416875,"voc":1.2163687707641198,"key":"reverse_7_CsPbI2Br_721110307_gradient annealing","cell_dimension":null},{"efficiency":13.862250000000001,"fill_factor":73.28483672911312,"jsc":15.7625,"voc":1.2000366300366299,"key":"reverse_6_CsPbI2Br_721110307_gradient annealing","cell_dimension":null},{"efficiency":12.195749999999999,"fill_factor":74.27893299002469,"jsc":13.687500000000002,"voc":1.1995510204081632,"key":"reverse_5_CsPbI2Br_721110307_gradient annealing","cell_dimension":null},{"efficiency":12.63675,"fill_factor":75.29728866105408,"jsc":13.934375000000001,"voc":1.2043939393939394,"key":"reverse_4_CsPbI2Br_721110307_gradient annealing","cell_dimension":null},{"efficiency":12.992175,"fill_factor":75.21784586092717,"jsc":14.321249999999996,"voc":1.2060909090909093,"key":"reverse_3_CsPbI2Br_721110307_gradient annealing","cell_dimension":null},{"efficiency":11.988924999999998,"fill_factor":72.27856544706893,"jsc":13.975000000000001,"voc":1.1869130434782607,"key":"reverse_2_CsPbI2Br_721110307_gradient annealing","cell_dimension":null},{"efficiency":11.601524999999999,"fill_factor":68.62956964942371,"jsc":14.33625,"voc":1.1791477832512314,"key":"reverse_1_CsPbI2Br_721110307_gradient annealing","cell_dimension":null},{"efficiency":11.193,"fill_factor":63.54005470132825,"jsc":15.1,"voc":1.1665999999999999,"key":"forward_9_CsPbI2Br_721110307_gradient annealing","cell_dimension":null},{"efficiency":11.875,"fill_factor":64.59445541262919,"jsc":15.637500000000001,"voc":1.175631067961165,"key":"forward_8_CsPbI2Br_721110307_gradient annealing","cell_dimension":null},{"efficiency":11.625250000000001,"fill_factor":63.300760054406624,"jsc":15.931250000000002,"voc":1.1527722772277227,"key":"forward_7_CsPbI2Br_721110307_gradient annealing","cell_dimension":null},{"efficiency":9.98725,"fill_factor":61.93841837204879,"jsc":14.031249999999998,"voc":1.1491836734693877,"key":"forward_6_CsPbI2Br_721110307_gradient annealing","cell_dimension":null},{"efficiency":10.39675,"fill_factor":63.19568621686975,"jsc":14.237499999999997,"voc":1.1555172413793104,"key":"forward_5_CsPbI2Br_721110307_gradient annealing","cell_dimension":null},{"efficiency":10.90125,"fill_factor":64.55023660173876,"jsc":14.562499999999998,"voc":1.1596916299559472,"key":"forward_4_CsPbI2Br_721110307_gradient annealing","cell_dimension":null},{"efficiency":9.98325,"fill_factor":61.45043815467221,"jsc":14.324999999999996,"voc":1.1341025641025642,"key":"forward_3_CsPbI2Br_721110307_gradient annealing","cell_dimension":null},{"efficiency":9.744,"fill_factor":59.437663220633006,"jsc":14.59375,"voc":1.123333333333333,"key":"forward_2_CsPbI2Br_721110307_gradient annealing","cell_dimension":null},{"efficiency":10.53325,"fill_factor":62.06328892930089,"jsc":14.731250000000001,"voc":1.1520942408376962,"key":"forward_1_CsPbI2Br_721110307_gradient annealing","cell_dimension":null}]},"public":2,"analysis":{"JV":[{"V":{"unit":"V","value":[1.251,1.211,1.171,1.131,1.091,1.051,1.011,0.971,0.931,0.891,0.851,0.811,0.771,0.731,0.691,0.651,0.611,0.571,0.531,0.491,0.451,0.411,0.371,0.331,0.291,0.251,0.211,0.171,0.131,0.091,0.051,0.011,-0.029]},"J":{"unit":"A\/cm2","value":[-0.010524999999999998,-0.0016500000000000002,0.0047,0.008674999999999999,0.0109,0.012074999999999999,0.012725,0.013075000000000002,0.013325000000000002,0.013475,0.013600000000000001,0.013675000000000001,0.013800000000000002,0.013850000000000001,0.013900000000000001,0.013975000000000001,0.013975000000000001,0.01405,0.01405,0.014124999999999999,0.01415,0.014199999999999999,0.014224999999999998,0.014224999999999998,0.014274999999999998,0.014325,0.014299999999999998,0.014399999999999998,0.014374999999999999,0.014424999999999999,0.01445,0.014474999999999998,0.014474999999999998]},"I":{"unit":"A","value":[-0.000421,-6.6e-5,0.000188,0.000347,0.00043599999999999997,0.000483,0.000509,0.000523,0.000533,0.000539,0.000544,0.0005470000000000001,0.0005520000000000001,0.000554,0.0005560000000000001,0.000559,0.000559,0.0005620000000000001,0.0005620000000000001,0.000565,0.000566,0.0005679999999999999,0.000569,0.000569,0.000571,0.0005729999999999999,0.0005719999999999999,0.0005759999999999999,0.000575,0.0005769999999999999,0.000578,0.000579,0.000579]},"efficiency":{"unit":"%","value":12.864974999999998},"fill_factor":{"unit":"%","value":74.02693300112433},"jsc":{"unit":"mA\/cm2","value":14.474999999999998},"isc":{"unit":"mA","value":0.579},"voc":{"unit":"V","value":1.2006062992125983},"sweep_direction":{"unit":"","value":"Reverse"},"key":"reverse_9_CsPbI2Br_721110307_gradient annealing"},{"V":{"unit":"V","value":[1.261,1.221,1.181,1.141,1.101,1.061,1.021,0.981,0.941,0.901,0.861,0.821,0.781,0.741,0.701,0.661,0.621,0.581,0.541,0.501,0.461,0.421,0.381,0.341,0.301,0.261,0.221,0.181,0.141,0.101,0.061,0.021,-0.019]},"J":{"unit":"A\/cm2","value":[-0.012049999999999998,-0.0018499999999999999,0.005149999999999999,0.009325,0.011550000000000001,0.012625,0.013224999999999999,0.013550000000000001,0.013775,0.013875000000000002,0.014025000000000001,0.014099999999999998,0.014174999999999998,0.014274999999999998,0.014299999999999998,0.014374999999999999,0.014424999999999999,0.01445,0.014474999999999998,0.014549999999999999,0.014575,0.0146,0.014624999999999997,0.014674999999999999,0.014674999999999999,0.014725,0.014725,0.014749999999999997,0.014799999999999999,0.014825,0.014825,0.014825,0.014899999999999998]},"I":{"unit":"A","value":[-0.000482,-7.4e-5,0.000206,0.000373,0.000462,0.000505,0.0005290000000000001,0.0005420000000000001,0.0005510000000000001,0.000555,0.0005610000000000001,0.0005639999999999999,0.0005669999999999999,0.000571,0.0005719999999999999,0.000575,0.0005769999999999999,0.000578,0.000579,0.0005819999999999999,0.000583,0.000584,0.000585,0.000587,0.000587,0.000589,0.000589,0.0005899999999999999,0.000592,0.000593,0.000593,0.000593,0.000596]},"efficiency":{"unit":"%","value":13.502724999999998},"fill_factor":{"unit":"%","value":75.04739177118275},"jsc":{"unit":"mA\/cm2","value":14.864374999999999},"isc":{"unit":"mA","value":0.594575},"voc":{"unit":"V","value":1.2104285714285716},"sweep_direction":{"unit":"","value":"Reverse"},"key":"reverse_8_CsPbI2Br_721110307_gradient annealing"},{"V":{"unit":"V","value":[1.267,1.227,1.187,1.147,1.107,1.067,1.027,0.987,0.947,0.907,0.867,0.827,0.787,0.747,0.707,0.667,0.627,0.587,0.547,0.507,0.467,0.427,0.387,0.347,0.307,0.267,0.227,0.187,0.147,0.107,0.067,0.027,-0.013]},"J":{"unit":"A\/cm2","value":[-0.013325000000000002,-0.002,0.005525,0.00985,0.012074999999999999,0.013175000000000001,0.013725000000000001,0.01405,0.014249999999999999,0.014399999999999998,0.014524999999999998,0.0146,0.014674999999999999,0.014749999999999997,0.014799999999999999,0.014874999999999998,0.014924999999999999,0.01495,0.015024999999999998,0.015024999999999998,0.015099999999999999,0.015099999999999999,0.0152,0.015175,0.015224999999999999,0.01525,0.015274999999999999,0.0153,0.015349999999999999,0.015375,0.0154,0.0154,0.015425]},"I":{"unit":"A","value":[-0.000533,-8.0e-5,0.000221,0.00039400000000000004,0.000483,0.000527,0.000549,0.0005620000000000001,0.00057,0.0005759999999999999,0.0005809999999999999,0.000584,0.000587,0.0005899999999999999,0.000592,0.0005949999999999999,0.000597,0.000598,0.000601,0.000601,0.0006039999999999999,0.0006039999999999999,0.000608,0.000607,0.000609,0.00061,0.000611,0.000612,0.000614,0.000615,0.000616,0.000616,0.000617]},"efficiency":{"unit":"%","value":14.095574999999998},"fill_factor":{"unit":"%","value":75.16595576952406},"jsc":{"unit":"mA\/cm2","value":15.416875},"isc":{"unit":"mA","value":0.616675},"voc":{"unit":"V","value":1.2163687707641198},"sweep_direction":{"unit":"","value":"Reverse"},"key":"reverse_7_CsPbI2Br_721110307_gradient annealing"},{"V":{"unit":"V","value":[1.25,1.21,1.17,1.13,1.09,1.05,1.01,0.97,0.93,0.89,0.85,0.81,0.77,0.73,0.69,0.65,0.61,0.57,0.53,0.49,0.45,0.41,0.37,0.33,0.29,0.25,0.21,0.17,0.13,0.09,0.05,0.01,-0.03]},"J":{"unit":"A\/cm2","value":[-0.011349999999999999,-0.0017000000000000001,0.005125,0.0094,0.0118,0.013075000000000002,0.013725000000000001,0.014174999999999998,0.01445,0.0146,0.014774999999999998,0.014899999999999998,0.015,0.015125,0.015099999999999999,0.01525,0.015274999999999999,0.0153,0.015349999999999999,0.015375,0.015425,0.015449999999999998,0.015475,0.01555,0.015574999999999999,0.015574999999999999,0.015625,0.015625,0.0157,0.015674999999999998,0.01575,0.01575,0.0158]},"I":{"unit":"A","value":[-0.00045400000000000003,-6.8e-5,0.000205,0.000376,0.000472,0.000523,0.000549,0.0005669999999999999,0.000578,0.000584,0.0005909999999999999,0.000596,0.0006,0.000605,0.0006039999999999999,0.00061,0.000611,0.000612,0.000614,0.000615,0.000617,0.000618,0.000619,0.000622,0.000623,0.000623,0.000625,0.000625,0.000628,0.000627,0.00063,0.00063,0.000632]},"efficiency":{"unit":"%","value":13.862250000000001},"fill_factor":{"unit":"%","value":73.28483672911312},"jsc":{"unit":"mA\/cm2","value":15.7625},"isc":{"unit":"mA","value":0.6305},"voc":{"unit":"V","value":1.2000366300366299},"sweep_direction":{"unit":"","value":"Reverse"},"key":"reverse_6_CsPbI2Br_721110307_gradient annealing"},{"V":{"unit":"V","value":[1.25,1.21,1.17,1.13,1.09,1.05,1.01,0.97,0.93,0.89,0.85,0.81,0.77,0.73,0.69,0.65,0.61,0.57,0.53,0.49,0.45,0.41,0.37,0.33,0.29,0.25,0.21,0.17,0.13,0.09,0.05,0.01,-0.03]},"J":{"unit":"A\/cm2","value":[-0.010299999999999998,-0.0016,0.0045249999999999995,0.0083,0.010399999999999998,0.011474999999999999,0.012074999999999999,0.0124,0.01265,0.012775,0.012925,0.012975,0.01305,0.013125,0.01315,0.013224999999999999,0.013275,0.013300000000000001,0.013300000000000001,0.0134,0.0134,0.013450000000000002,0.013475,0.0135,0.013525,0.013525,0.013575,0.013600000000000001,0.01365,0.01365,0.013675000000000001,0.013675000000000001,0.013725000000000001]},"I":{"unit":"A","value":[-0.000412,-6.4e-5,0.00018099999999999998,0.000332,0.000416,0.00045900000000000004,0.000483,0.000496,0.000506,0.0005110000000000001,0.000517,0.000519,0.000522,0.0005250000000000001,0.000526,0.0005290000000000001,0.000531,0.000532,0.000532,0.000536,0.000536,0.0005380000000000001,0.000539,0.00054,0.000541,0.000541,0.0005430000000000001,0.000544,0.000546,0.000546,0.0005470000000000001,0.0005470000000000001,0.000549]},"efficiency":{"unit":"%","value":12.195749999999999},"fill_factor":{"unit":"%","value":74.27893299002469},"jsc":{"unit":"mA\/cm2","value":13.687500000000002},"isc":{"unit":"mA","value":0.5475000000000001},"voc":{"unit":"V","value":1.1995510204081632},"sweep_direction":{"unit":"","value":"Reverse"},"key":"reverse_5_CsPbI2Br_721110307_gradient annealing"},{"V":{"unit":"V","value":[1.255,1.215,1.175,1.135,1.095,1.055,1.015,0.975,0.935,0.895,0.855,0.815,0.775,0.735,0.695,0.655,0.615,0.575,0.535,0.495,0.455,0.415,0.375,0.335,0.295,0.255,0.215,0.175,0.135,0.095,0.055,0.015,-0.025]},"J":{"unit":"A\/cm2","value":[-0.011425000000000001,-0.0017500000000000003,0.004849999999999999,0.008799999999999999,0.01085,0.011924999999999998,0.01245,0.0128,0.01295,0.013075000000000002,0.013224999999999999,0.01325,0.013349999999999999,0.0134,0.013450000000000002,0.0135,0.013525,0.013550000000000001,0.013600000000000001,0.013625,0.01365,0.013675000000000001,0.013725000000000001,0.013725000000000001,0.013775,0.013800000000000002,0.013825,0.013825,0.013875000000000002,0.013900000000000001,0.013875000000000002,0.013925,0.01395]},"I":{"unit":"A","value":[-0.000457,-7.000000000000001e-5,0.000194,0.000352,0.000434,0.000477,0.000498,0.000512,0.000518,0.000523,0.0005290000000000001,0.00053,0.0005340000000000001,0.000536,0.0005380000000000001,0.00054,0.000541,0.0005420000000000001,0.000544,0.000545,0.000546,0.0005470000000000001,0.000549,0.000549,0.0005510000000000001,0.0005520000000000001,0.000553,0.000553,0.000555,0.0005560000000000001,0.000555,0.0005570000000000001,0.000558]},"efficiency":{"unit":"%","value":12.63675},"fill_factor":{"unit":"%","value":75.29728866105408},"jsc":{"unit":"mA\/cm2","value":13.934375000000001},"isc":{"unit":"mA","value":0.5573750000000001},"voc":{"unit":"V","value":1.2043939393939394},"sweep_direction":{"unit":"","value":"Reverse"},"key":"reverse_4_CsPbI2Br_721110307_gradient annealing"},{"V":{"unit":"V","value":[1.257,1.217,1.177,1.137,1.097,1.057,1.017,0.977,0.937,0.897,0.857,0.817,0.777,0.737,0.697,0.657,0.617,0.577,0.537,0.497,0.457,0.417,0.377,0.337,0.297,0.257,0.217,0.177,0.137,0.097,0.057,0.017,-0.023]},"J":{"unit":"A\/cm2","value":[-0.012825,-0.00195,0.005199999999999999,0.0092,0.01125,0.012225,0.012775,0.01305,0.013275,0.0134,0.013475,0.013600000000000001,0.01365,0.013675000000000001,0.01375,0.013825,0.013825,0.013900000000000001,0.013925,0.01395,0.013975000000000001,0.014025000000000001,0.014025000000000001,0.014074999999999997,0.014124999999999999,0.014174999999999998,0.014199999999999999,0.014199999999999999,0.014249999999999999,0.014249999999999999,0.014299999999999998,0.014299999999999998,0.014349999999999998]},"I":{"unit":"A","value":[-0.000513,-7.8e-5,0.000208,0.000368,0.00045,0.000489,0.0005110000000000001,0.000522,0.000531,0.000536,0.000539,0.000544,0.000546,0.0005470000000000001,0.00055,0.000553,0.000553,0.0005560000000000001,0.0005570000000000001,0.000558,0.000559,0.0005610000000000001,0.0005610000000000001,0.0005629999999999999,0.000565,0.0005669999999999999,0.0005679999999999999,0.0005679999999999999,0.00057,0.00057,0.0005719999999999999,0.0005719999999999999,0.000574]},"efficiency":{"unit":"%","value":12.992175},"fill_factor":{"unit":"%","value":75.21784586092717},"jsc":{"unit":"mA\/cm2","value":14.321249999999996},"isc":{"unit":"mA","value":0.5728499999999999},"voc":{"unit":"V","value":1.2060909090909093},"sweep_direction":{"unit":"","value":"Reverse"},"key":"reverse_3_CsPbI2Br_721110307_gradient annealing"},{"V":{"unit":"V","value":[1.237,1.197,1.157,1.117,1.077,1.037,0.997,0.957,0.917,0.877,0.837,0.797,0.757,0.717,0.677,0.637,0.597,0.557,0.517,0.477,0.437,0.397,0.357,0.317,0.277,0.237,0.197,0.157,0.117,0.077,0.037,-0.003,-0.043]},"J":{"unit":"A\/cm2","value":[-0.009325,-0.00145,0.0043,0.007975,0.010125,0.011349999999999999,0.012025,0.0125,0.01275,0.01295,0.013075000000000002,0.013224999999999999,0.013300000000000001,0.013375,0.0134,0.0135,0.013525,0.013575,0.013600000000000001,0.01365,0.0137,0.013725000000000001,0.01375,0.01375,0.013825,0.013800000000000002,0.013875000000000002,0.013900000000000001,0.013925,0.013925,0.013975000000000001,0.013975000000000001,0.014025000000000001]},"I":{"unit":"A","value":[-0.000373,-5.8e-5,0.00017199999999999998,0.000319,0.00040500000000000003,0.00045400000000000003,0.000481,0.0005,0.00051,0.000518,0.000523,0.0005290000000000001,0.000532,0.000535,0.000536,0.00054,0.000541,0.0005430000000000001,0.000544,0.000546,0.0005480000000000001,0.000549,0.00055,0.00055,0.000553,0.0005520000000000001,0.000555,0.0005560000000000001,0.0005570000000000001,0.0005570000000000001,0.000559,0.000559,0.0005610000000000001]},"efficiency":{"unit":"%","value":11.988924999999998},"fill_factor":{"unit":"%","value":72.27856544706893},"jsc":{"unit":"mA\/cm2","value":13.975000000000001},"isc":{"unit":"mA","value":0.559},"voc":{"unit":"V","value":1.1869130434782607},"sweep_direction":{"unit":"","value":"Reverse"},"key":"reverse_2_CsPbI2Br_721110307_gradient annealing"},{"V":{"unit":"V","value":[1.229,1.189,1.149,1.109,1.069,1.029,0.989,0.949,0.909,0.869,0.829,0.789,0.749,0.709,0.669,0.629,0.589,0.549,0.509,0.469,0.429,0.389,0.349,0.309,0.269,0.229,0.189,0.149,0.109,0.069,0.029,-0.011]},"J":{"unit":"A\/cm2","value":[-0.008074999999999999,-0.00125,0.003825,0.007324999999999999,0.009525,0.010875,0.011725,0.012225,0.012625,0.012875,0.013099999999999999,0.013224999999999999,0.013375,0.013475,0.013600000000000001,0.013675000000000001,0.013775,0.013775,0.013875000000000002,0.013900000000000001,0.01395,0.014000000000000002,0.014025000000000001,0.014099999999999998,0.014099999999999998,0.014174999999999998,0.014174999999999998,0.014224999999999998,0.014249999999999999,0.014274999999999998,0.014299999999999998,0.014349999999999998]},"I":{"unit":"A","value":[-0.000323,-5.0e-5,0.000153,0.00029299999999999997,0.000381,0.000435,0.00046899999999999996,0.000489,0.000505,0.000515,0.000524,0.0005290000000000001,0.000535,0.000539,0.000544,0.0005470000000000001,0.0005510000000000001,0.0005510000000000001,0.000555,0.0005560000000000001,0.000558,0.0005600000000000001,0.0005610000000000001,0.0005639999999999999,0.0005639999999999999,0.0005669999999999999,0.0005669999999999999,0.000569,0.00057,0.000571,0.0005719999999999999,0.000574]},"efficiency":{"unit":"%","value":11.601524999999999},"fill_factor":{"unit":"%","value":68.62956964942371},"jsc":{"unit":"mA\/cm2","value":14.33625},"isc":{"unit":"mA","value":0.57345},"voc":{"unit":"V","value":1.1791477832512314},"sweep_direction":{"unit":"","value":"Reverse"},"key":"reverse_1_CsPbI2Br_721110307_gradient annealing"},{"V":{"unit":"V","value":[-0.05,-0.01,0.03,0.07,0.11,0.15,0.19,0.23,0.27,0.31,0.35,0.39,0.43,0.47,0.51,0.55,0.59,0.63,0.67,0.71,0.75,0.79,0.83,0.87,0.91,0.95,0.99,1.03,1.07,1.11,1.15,1.19,1.23,1.27]},"J":{"unit":"A\/cm2","value":[0.015475,0.015125,0.015024999999999998,0.014899999999999998,0.014825,0.014749999999999997,0.014674999999999999,0.0146,0.014575,0.014474999999999998,0.01445,0.014349999999999998,0.014299999999999998,0.014224999999999998,0.01415,0.014074999999999997,0.013975000000000001,0.013875000000000002,0.013800000000000002,0.01365,0.013475,0.013300000000000001,0.013025,0.012725,0.012299999999999998,0.011749999999999998,0.010975,0.009825,0.008125,0.0056500000000000005,0.002075,-0.002925,-0.0096,-0.018275]},"I":{"unit":"A","value":[0.000619,0.000605,0.000601,0.000596,0.000593,0.0005899999999999999,0.000587,0.000584,0.000583,0.000579,0.000578,0.000574,0.0005719999999999999,0.000569,0.000566,0.0005629999999999999,0.000559,0.000555,0.0005520000000000001,0.000546,0.000539,0.000532,0.000521,0.000509,0.000492,0.00047,0.000439,0.000393,0.000325,0.00022600000000000002,8.3e-5,-0.00011700000000000001,-0.000384,-0.000731]},"efficiency":{"unit":"%","value":11.193},"fill_factor":{"unit":"%","value":63.54005470132825},"jsc":{"unit":"mA\/cm2","value":15.1},"isc":{"unit":"mA","value":0.604},"voc":{"unit":"V","value":1.1665999999999999},"sweep_direction":{"unit":"","value":"Forward"},"key":"forward_9_CsPbI2Br_721110307_gradient annealing"},{"V":{"unit":"V","value":[-0.05,-0.01,0.03,0.07,0.11,0.15,0.19,0.23,0.27,0.31,0.35,0.39,0.43,0.47,0.51,0.55,0.59,0.63,0.67,0.71,0.75,0.79,0.83,0.87,0.91,0.95,0.99,1.03,1.07,1.11,1.15,1.19,1.23,1.27]},"J":{"unit":"A\/cm2","value":[0.015925,0.015674999999999998,0.015525,0.015449999999999998,0.015349999999999999,0.015325,0.0152,0.015175,0.015075,0.01505,0.01495,0.014874999999999998,0.01485,0.014774999999999998,0.0147,0.014624999999999997,0.014549999999999999,0.01445,0.014349999999999998,0.014224999999999998,0.014074999999999997,0.013850000000000001,0.013675000000000001,0.013375,0.013025,0.0125,0.011824999999999999,0.01075,0.0092,0.00685,0.0033000000000000004,-0.0018499999999999999,-0.009,-0.018525]},"I":{"unit":"A","value":[0.000637,0.000627,0.000621,0.000618,0.000614,0.0006129999999999999,0.000608,0.000607,0.000603,0.000602,0.000598,0.0005949999999999999,0.000594,0.0005909999999999999,0.000588,0.000585,0.0005819999999999999,0.000578,0.000574,0.000569,0.0005629999999999999,0.000554,0.0005470000000000001,0.000535,0.000521,0.0005,0.00047299999999999995,0.00043,0.000368,0.00027400000000000005,0.000132,-7.4e-5,-0.00035999999999999997,-0.000741]},"efficiency":{"unit":"%","value":11.875},"fill_factor":{"unit":"%","value":64.59445541262919},"jsc":{"unit":"mA\/cm2","value":15.637500000000001},"isc":{"unit":"mA","value":0.6255000000000001},"voc":{"unit":"V","value":1.175631067961165},"sweep_direction":{"unit":"","value":"Forward"},"key":"forward_8_CsPbI2Br_721110307_gradient annealing"},{"V":{"unit":"V","value":[-0.05,-0.01,0.03,0.07,0.11,0.15,0.19,0.23,0.27,0.31,0.35,0.39,0.43,0.47,0.51,0.55,0.59,0.63,0.67,0.71,0.75,0.79,0.83,0.87,0.91,0.95,0.99,1.03,1.07,1.11,1.15,1.19,1.23,1.27]},"J":{"unit":"A\/cm2","value":[0.016225,0.01595,0.015875,0.015775,0.015674999999999998,0.0156,0.015525,0.0155,0.015349999999999999,0.0153,0.0152,0.015149999999999999,0.015075,0.015024999999999998,0.01495,0.014874999999999998,0.014774999999999998,0.0147,0.014549999999999999,0.014424999999999999,0.014199999999999999,0.014000000000000002,0.0137,0.013300000000000001,0.012775,0.012074999999999999,0.011025,0.009550000000000001,0.0073999999999999995,0.00435,0.00035,-0.0047,-0.010924999999999999,-0.018875]},"I":{"unit":"A","value":[0.0006490000000000001,0.000638,0.000635,0.000631,0.000627,0.000624,0.000621,0.00062,0.000614,0.000612,0.000608,0.000606,0.000603,0.000601,0.000598,0.0005949999999999999,0.0005909999999999999,0.000588,0.0005819999999999999,0.0005769999999999999,0.0005679999999999999,0.0005600000000000001,0.0005480000000000001,0.000532,0.0005110000000000001,0.000483,0.000441,0.000382,0.000296,0.000174,1.4e-5,-0.000188,-0.000437,-0.000755]},"efficiency":{"unit":"%","value":11.625250000000001},"fill_factor":{"unit":"%","value":63.300760054406624},"jsc":{"unit":"mA\/cm2","value":15.931250000000002},"isc":{"unit":"mA","value":0.6372500000000001},"voc":{"unit":"V","value":1.1527722772277227},"sweep_direction":{"unit":"","value":"Forward"},"key":"forward_7_CsPbI2Br_721110307_gradient annealing"},{"V":{"unit":"V","value":[-0.05,-0.01,0.03,0.07,0.11,0.15,0.19,0.23,0.27,0.31,0.35,0.39,0.43,0.47,0.51,0.55,0.59,0.63,0.67,0.71,0.75,0.79,0.83,0.87,0.91,0.95,0.99,1.03,1.07,1.11,1.15,1.19,1.23,1.27]},"J":{"unit":"A\/cm2","value":[0.014424999999999999,0.014074999999999997,0.013900000000000001,0.013775,0.013675000000000001,0.013575,0.013475,0.013425000000000001,0.013349999999999999,0.013275,0.013224999999999999,0.01315,0.01305,0.013025,0.012925,0.012875,0.012775,0.01265,0.012549999999999999,0.0124,0.01225,0.012,0.011774999999999999,0.0114,0.010975,0.01035,0.0095,0.008199999999999999,0.006325,0.0035999999999999995,-7.5e-5,-0.004875,-0.010924999999999999,-0.018375]},"I":{"unit":"A","value":[0.0005769999999999999,0.0005629999999999999,0.0005560000000000001,0.0005510000000000001,0.0005470000000000001,0.0005430000000000001,0.000539,0.000537,0.0005340000000000001,0.000531,0.0005290000000000001,0.000526,0.000522,0.000521,0.000517,0.000515,0.0005110000000000001,0.000506,0.000502,0.000496,0.00049,0.00047999999999999996,0.00047099999999999996,0.000456,0.000439,0.000414,0.00038,0.000328,0.000253,0.00014399999999999998,-3.0e-6,-0.000195,-0.000437,-0.000735]},"efficiency":{"unit":"%","value":9.98725},"fill_factor":{"unit":"%","value":61.93841837204879},"jsc":{"unit":"mA\/cm2","value":14.031249999999998},"isc":{"unit":"mA","value":0.5612499999999999},"voc":{"unit":"V","value":1.1491836734693877},"sweep_direction":{"unit":"","value":"Forward"},"key":"forward_6_CsPbI2Br_721110307_gradient annealing"},{"V":{"unit":"V","value":[-0.05,-0.01,0.03,0.07,0.11,0.15,0.19,0.23,0.27,0.31,0.35,0.39,0.43,0.47,0.51,0.55,0.59,0.63,0.67,0.71,0.75,0.79,0.83,0.87,0.91,0.95,0.99,1.03,1.07,1.11,1.15,1.19,1.23,1.27]},"J":{"unit":"A\/cm2","value":[0.014624999999999997,0.014274999999999998,0.014124999999999999,0.014000000000000002,0.013900000000000001,0.013825,0.01375,0.01365,0.013575,0.013550000000000001,0.013450000000000002,0.013425000000000001,0.013325000000000002,0.013300000000000001,0.013200000000000002,0.013125,0.01305,0.012975,0.01285,0.01275,0.012575,0.012375,0.012125,0.011824999999999999,0.011425000000000001,0.01085,0.010075,0.008875,0.0070999999999999995,0.004425,0.0007,-0.004375,-0.01105,-0.019524999999999997]},"I":{"unit":"A","value":[0.000585,0.000571,0.000565,0.0005600000000000001,0.0005560000000000001,0.000553,0.00055,0.000546,0.0005430000000000001,0.0005420000000000001,0.0005380000000000001,0.000537,0.000533,0.000532,0.000528,0.0005250000000000001,0.000522,0.000519,0.000514,0.00051,0.000503,0.000495,0.00048499999999999997,0.00047299999999999995,0.000457,0.000434,0.00040300000000000004,0.00035499999999999996,0.00028399999999999996,0.000177,2.8e-5,-0.000175,-0.000442,-0.000781]},"efficiency":{"unit":"%","value":10.39675},"fill_factor":{"unit":"%","value":63.19568621686975},"jsc":{"unit":"mA\/cm2","value":14.237499999999997},"isc":{"unit":"mA","value":0.5694999999999999},"voc":{"unit":"V","value":1.1555172413793104},"sweep_direction":{"unit":"","value":"Forward"},"key":"forward_5_CsPbI2Br_721110307_gradient annealing"},{"V":{"unit":"V","value":[-0.05,-0.01,0.03,0.07,0.11,0.15,0.19,0.23,0.27,0.31,0.35,0.39,0.43,0.47,0.51,0.55,0.59,0.63,0.67,0.71,0.75,0.79,0.83,0.87,0.91,0.95,0.99,1.03,1.07,1.11,1.15,1.19,1.23,1.27]},"J":{"unit":"A\/cm2","value":[0.014899999999999998,0.0146,0.01445,0.014325,0.014274999999999998,0.014174999999999998,0.014099999999999998,0.01405,0.014000000000000002,0.013900000000000001,0.013875000000000002,0.013775,0.01375,0.01365,0.013600000000000001,0.013525,0.013475,0.013375,0.01325,0.01315,0.013,0.0128,0.012625,0.01235,0.011975,0.011474999999999999,0.010725,0.009625,0.007875,0.005274999999999999,0.001375,-0.0043,-0.012199999999999999,-0.022375]},"I":{"unit":"A","value":[0.000596,0.000584,0.000578,0.0005729999999999999,0.000571,0.0005669999999999999,0.0005639999999999999,0.0005620000000000001,0.0005600000000000001,0.0005560000000000001,0.000555,0.0005510000000000001,0.00055,0.000546,0.000544,0.000541,0.000539,0.000535,0.00053,0.000526,0.0005200000000000001,0.000512,0.000505,0.000494,0.000479,0.00045900000000000004,0.000429,0.00038500000000000003,0.000315,0.000211,5.5e-5,-0.00017199999999999998,-0.000488,-0.0008950000000000001]},"efficiency":{"unit":"%","value":10.90125},"fill_factor":{"unit":"%","value":64.55023660173876},"jsc":{"unit":"mA\/cm2","value":14.562499999999998},"isc":{"unit":"mA","value":0.5824999999999999},"voc":{"unit":"V","value":1.1596916299559472},"sweep_direction":{"unit":"","value":"Forward"},"key":"forward_4_CsPbI2Br_721110307_gradient annealing"},{"V":{"unit":"V","value":[-0.05,-0.01,0.03,0.07,0.11,0.15,0.19,0.23,0.27,0.31,0.35,0.39,0.43,0.47,0.51,0.55,0.59,0.63,0.67,0.71,0.75,0.79,0.83,0.87,0.91,0.95,0.99,1.03,1.07,1.11,1.15,1.19,1.23]},"J":{"unit":"A\/cm2","value":[0.014825,0.014374999999999999,0.014174999999999998,0.014025000000000001,0.013900000000000001,0.013850000000000001,0.01375,0.0137,0.013600000000000001,0.013550000000000001,0.013425000000000001,0.0134,0.013300000000000001,0.013224999999999999,0.013175000000000001,0.013075000000000002,0.012975,0.012825,0.012725,0.012575,0.0124,0.01215,0.011875,0.011474999999999999,0.01095,0.010199999999999999,0.00915,0.0076,0.005375,0.00235,-0.00155,-0.006325,-0.011949999999999999]},"I":{"unit":"A","value":[0.000593,0.000575,0.0005669999999999999,0.0005610000000000001,0.0005560000000000001,0.000554,0.00055,0.0005480000000000001,0.000544,0.0005420000000000001,0.000537,0.000536,0.000532,0.0005290000000000001,0.000527,0.000523,0.000519,0.000513,0.000509,0.000503,0.000496,0.000486,0.000475,0.00045900000000000004,0.000438,0.000408,0.000366,0.000304,0.000215,9.4e-5,-6.2e-5,-0.000253,-0.00047799999999999996]},"efficiency":{"unit":"%","value":9.98325},"fill_factor":{"unit":"%","value":61.45043815467221},"jsc":{"unit":"mA\/cm2","value":14.324999999999996},"isc":{"unit":"mA","value":0.5729999999999998},"voc":{"unit":"V","value":1.1341025641025642},"sweep_direction":{"unit":"","value":"Forward"},"key":"forward_3_CsPbI2Br_721110307_gradient annealing"},{"V":{"unit":"V","value":[-0.05,-0.01,0.03,0.07,0.11,0.15,0.19,0.23,0.27,0.31,0.35,0.39,0.43,0.47,0.51,0.55,0.59,0.63,0.67,0.71,0.75,0.79,0.83,0.87,0.91,0.95,0.99,1.03,1.07,1.11,1.15,1.19,1.23]},"J":{"unit":"A\/cm2","value":[0.014899999999999998,0.014649999999999998,0.014424999999999999,0.014349999999999998,0.014224999999999998,0.014124999999999999,0.01405,0.014000000000000002,0.013850000000000001,0.013825,0.013725000000000001,0.01365,0.013550000000000001,0.013475,0.0134,0.013275,0.013200000000000002,0.013025,0.0129,0.01265,0.01245,0.012125,0.011725,0.0112,0.0105,0.0096,0.0083,0.006549999999999999,0.004200000000000001,0.0012250000000000002,-0.0024500000000000004,-0.006775000000000001,-0.0118]},"I":{"unit":"A","value":[0.000596,0.0005859999999999999,0.0005769999999999999,0.000574,0.000569,0.000565,0.0005620000000000001,0.0005600000000000001,0.000554,0.000553,0.000549,0.000546,0.0005420000000000001,0.000539,0.000536,0.000531,0.000528,0.000521,0.000516,0.000506,0.000498,0.00048499999999999997,0.00046899999999999996,0.000448,0.00041999999999999996,0.000384,0.000332,0.000262,0.00016800000000000002,4.9000000000000005e-5,-9.800000000000001e-5,-0.00027100000000000003,-0.000472]},"efficiency":{"unit":"%","value":9.744},"fill_factor":{"unit":"%","value":59.437663220633006},"jsc":{"unit":"mA\/cm2","value":14.59375},"isc":{"unit":"mA","value":0.58375},"voc":{"unit":"V","value":1.123333333333333},"sweep_direction":{"unit":"","value":"Forward"},"key":"forward_2_CsPbI2Br_721110307_gradient annealing"},{"V":{"unit":"V","value":[-0.05,-0.01,0.03,0.07,0.11,0.15,0.19,0.23,0.27,0.31,0.35,0.39,0.43,0.47,0.51,0.55,0.59,0.63,0.67,0.71,0.75,0.79,0.83,0.87,0.91,0.95,0.99,1.03,1.07,1.11,1.15,1.19,1.23,1.27]},"J":{"unit":"A\/cm2","value":[0.015099999999999999,0.014774999999999998,0.0146,0.014474999999999998,0.014374999999999999,0.014299999999999998,0.014249999999999999,0.01415,0.014099999999999998,0.014000000000000002,0.01395,0.013850000000000001,0.013825,0.0137,0.0137,0.013525,0.0135,0.013349999999999999,0.013275,0.013075000000000002,0.01295,0.012675,0.012424999999999999,0.012049999999999998,0.011575,0.010924999999999999,0.01,0.008649999999999998,0.0066749999999999995,0.00395,0.00025,-0.0045249999999999995,-0.010524999999999998,-0.0179]},"I":{"unit":"A","value":[0.0006039999999999999,0.0005909999999999999,0.000584,0.000579,0.000575,0.0005719999999999999,0.00057,0.000566,0.0005639999999999999,0.0005600000000000001,0.000558,0.000554,0.000553,0.0005480000000000001,0.0005480000000000001,0.000541,0.00054,0.0005340000000000001,0.000531,0.000523,0.000518,0.000507,0.000497,0.000482,0.00046300000000000003,0.000437,0.0004,0.00034599999999999995,0.00026700000000000004,0.000158,1.0e-5,-0.00018099999999999998,-0.000421,-0.000716]},"efficiency":{"unit":"%","value":10.53325},"fill_factor":{"unit":"%","value":62.06328892930089},"jsc":{"unit":"mA\/cm2","value":14.731250000000001},"isc":{"unit":"mA","value":0.58925},"voc":{"unit":"V","value":1.1520942408376962},"sweep_direction":{"unit":"","value":"Forward"},"key":"forward_1_CsPbI2Br_721110307_gradient annealing"}]}}