{"_id":"652936ae15804d488a7f1aa3","id":"CAU-SC-00079","author":73,"group":7,"input":[{"tco":{"unit":"","value":"ITO"}},{"htl":[{"material":{"unit":"","value":"NiOx_Solgel"},"concentration":{"unit":"","value":"0.8"},"conc_unit":{"unit":"","value":"M"},"quantity":{"unit":"ml","value":"None"}}],"solvent":[{"material":{"unit":"","value":"EG"},"volume":{"unit":"ml","value":"1"}},{"material":{"unit":"","value":"EDA"},"volume":{"unit":"ml","value":"0.0536"}}],"spin_coating":[{"type":{"unit":"","value":"drop&run"},"rpm":{"unit":"","value":"5000"},"time":{"unit":"s","value":"50"}}],"annealing":[{"temperature":{"unit":"oC","value":"150"},"time":{"unit":"m","value":"5"}},{"temperature":{"unit":"oC","value":"300"},"time":{"unit":"m","value":"60"}}]},{"htl_treatment":[{"material":{"unit":"","value":"2PACz"},"concentration":{"unit":"","value":"0.4"},"conc_unit":{"unit":"","value":"mg\/ml"},"quantity":{"unit":"ml","value":"None"}}],"solvent":[{"material":{"unit":"","value":"Ethanol"},"volume":{"unit":"ml","value":"1"}}],"spin_coating":[{"type":{"unit":"","value":"drop&run"},"rpm":{"unit":"","value":"5000"},"time":{"unit":"s","value":"30"}}],"annealing":[{"temperature":{"unit":"oC","value":"100"},"time":{"unit":"m","value":"5"}}]},{"perovskite":{"method":{"unit":"","value":"1step"},"molarity":{"unit":"M","value":"1.0"},"a_site":[{"material":{"unit":"","value":"FA"},"ratio":{"unit":"","value":"0.8314"}},{"material":{"unit":"","value":"Cs"},"ratio":{"unit":"","value":"0.1666"}},{"material":{"unit":"","value":"BA"},"ratio":{"unit":"","value":"0.002"}}],"b_site":[{"material":{"unit":"","value":"Pb"},"ratio":{"unit":"","value":"100"}}],"x_site":[{"material":{"unit":"","value":"I"},"ratio":{"unit":"","value":"83"}},{"material":{"unit":"","value":"Br"},"ratio":{"unit":"","value":"17"}}],"solvent":[{"material":{"unit":"","value":"DMF"},"volume":{"unit":"ml","value":"0.8"}},{"material":{"unit":"","value":"DMSO"},"volume":{"unit":"ml","value":"0.2"}}],"antisolvent":[{"material":{"unit":"","value":"Anisole"},"quantity":{"unit":"ul","value":"300"},"dripping_time":{"unit":"s","value":"25"}}],"spin_coating":[{"type":{"unit":"","value":"drop&run"},"rpm":{"unit":"","value":"4000"},"time":{"unit":"s","value":"30"}}],"annealing":[{"temperature":{"unit":"oC","value":"75"},"time":{"unit":"m","value":"1"}},{"temperature":{"unit":"oC","value":"120"},"time":{"unit":"m","value":"20"}}],"atmosphere":[{"type":{"unit":"","value":"N2"},"temperature":{"unit":"oC","value":"25"},"humidity":{"unit":"RH%","value":"0"}}]}},{"etl":[{"material":{"unit":"","value":"PC61BM"},"concentration":{"unit":"","value":"30"},"conc_unit":{"unit":"","value":"mg\/ml"},"quantity":{"unit":"ml","value":"None"}}],"solvent":[{"material":{"unit":"","value":"CB"},"volume":{"unit":"ml","value":"0.75"}},{"material":{"unit":"","value":"DCB"},"volume":{"unit":"ml","value":"0.25"}}],"spin_coating":[{"type":{"unit":"","value":"drop&run"},"rpm":{"unit":"","value":"3000"},"time":{"unit":"s","value":"30"}}],"annealing":[{"temperature":{"unit":"oC","value":"120"},"time":{"unit":"m","value":"5"}}]},{"etl":[{"material":{"unit":"","value":"PC61BM"},"concentration":{"unit":"","value":"30"},"conc_unit":{"unit":"","value":"mg\/ml"},"quantity":{"unit":"ml","value":"None"}}],"solvent":[{"material":{"unit":"","value":"CB"},"volume":{"unit":"ml","value":"0.75"}},{"material":{"unit":"","value":"DCB"},"volume":{"unit":"ml","value":"0.25"}}],"spin_coating":[{"type":{"unit":"","value":"drop&run"},"rpm":{"unit":"","value":"3000"},"time":{"unit":"s","value":"30"}}],"annealing":[{"temperature":{"unit":"oC","value":"120"},"time":{"unit":"m","value":"5"}}]},{"blocking_buffer_layer":[{"material":{"unit":"","value":"BCP"},"concentration":{"unit":"","value":"0.5"},"conc_unit":{"unit":"","value":"mg\/ml"},"quantity":{"unit":"ml","value":"None"}}],"solvent":[{"material":{"unit":"","value":"IPA"},"volume":{"unit":"ml","value":"1"}}],"spin_coating":[{"type":{"unit":"","value":"drop&run"},"rpm":{"unit":"","value":"4000"},"time":{"unit":"s","value":"30"}}]},{"anode_metal":{"unit":"","value":"Ag"}},{"note":{"unit":"","value":"Pb, CB75, 3000, 30, 2"},"ar":{"unit":"","value":"0"},"type":{"unit":"","value":"unit_cell"},"device_type":{"unit":"","value":"p-i-n"},"temperature":{"unit":"\u2103","value":"25"},"humidity":{"unit":"%","value":"40"},"cell_dimension":{"unit":"cm2","value":"0.04"}}],"fileinfo":[{"key":"52107043","uploadType":"JV","original_name":"52107043.xlsx","save_name":"CAU-SC-00079\/52107043","uploader":73,"fileType":"group"},{"key":"52107044","uploadType":"JV","original_name":"52107044.xlsx","save_name":"CAU-SC-00079\/52107044","uploader":73,"fileType":"group"},{"key":"52107135","uploadType":"JV","original_name":"52107135.xlsx","save_name":"CAU-SC-00079\/52107135","uploader":73,"fileType":"group"}],"updated_at":"2024-06-03 08:38:34","created_at":"2023-10-13 12:23:10","jvcnt":54,"analysisInfo":{"JV":[{"efficiency":16.3504,"fill_factor":79.93859429183635,"jsc":18.9975,"voc":1.0766521739130435,"key":"reverse_9_52107135","cell_dimension":null},{"efficiency":16.505775,"fill_factor":79.83556055327449,"jsc":19.881875000000004,"voc":1.0398775510204081,"key":"reverse_9_52107044","cell_dimension":null},{"efficiency":16.101925,"fill_factor":77.75050552477995,"jsc":19.53875,"voc":1.059931506849315,"key":"reverse_9_52107043","cell_dimension":null},{"efficiency":16.601850000000002,"fill_factor":78.97481715659451,"jsc":19.423750000000002,"voc":1.0822678983833718,"key":"reverse_8_52107135","cell_dimension":null},{"efficiency":16.4835,"fill_factor":79.80302970413082,"jsc":19.86125,"voc":1.039976377952756,"key":"reverse_8_52107044","cell_dimension":null},{"efficiency":16.2532,"fill_factor":77.5556237201263,"jsc":19.8275,"voc":1.0569577464788733,"key":"reverse_8_52107043","cell_dimension":null},{"efficiency":16.4334,"fill_factor":77.30468963155445,"jsc":19.570000000000004,"voc":1.0862524271844662,"key":"reverse_7_52107135","cell_dimension":null},{"efficiency":16.735425,"fill_factor":78.71363186434468,"jsc":20.480625,"voc":1.03811051212938,"key":"reverse_7_52107044","cell_dimension":null},{"efficiency":16.614324999999997,"fill_factor":77.21066743569034,"jsc":20.294375,"voc":1.0603023255813953,"key":"reverse_7_52107043","cell_dimension":null},{"efficiency":16.876350000000002,"fill_factor":80.6714941342344,"jsc":19.47875,"voc":1.0739828326180259,"key":"reverse_6_52107135","cell_dimension":null},{"efficiency":16.4049,"fill_factor":80.1139118073068,"jsc":19.633749999999996,"voc":1.0429473684210528,"key":"reverse_6_52107044","cell_dimension":null},{"efficiency":16.0615,"fill_factor":77.30439584857942,"jsc":19.6125,"voc":1.0593731343283583,"key":"reverse_6_52107043","cell_dimension":null},{"efficiency":17.298,"fill_factor":80.69130165879133,"jsc":19.8875,"voc":1.0779260780287476,"key":"reverse_5_52107135","cell_dimension":null},{"efficiency":16.7884,"fill_factor":80.27851714668904,"jsc":20.075,"voc":1.0417281795511222,"key":"reverse_5_52107044","cell_dimension":null},{"efficiency":16.532725,"fill_factor":78.1991257682887,"jsc":19.981875000000006,"voc":1.058050279329609,"key":"reverse_5_52107043","cell_dimension":null},{"efficiency":17.512349999999998,"fill_factor":79.69748171010338,"jsc":20.214375,"voc":1.087024948024948,"key":"reverse_4_52107135","cell_dimension":null},{"efficiency":17.0307,"fill_factor":79.29338090854395,"jsc":20.592499999999998,"voc":1.0430052356020945,"key":"reverse_4_52107044","cell_dimension":null},{"efficiency":17.10855,"fill_factor":77.74278802911671,"jsc":20.709999999999997,"voc":1.0626077844311377,"key":"reverse_4_52107043","cell_dimension":null},{"efficiency":17.33935,"fill_factor":81.98369981463864,"jsc":19.700000000000003,"voc":1.0735915221579961,"key":"reverse_3_52107135","cell_dimension":null},{"efficiency":16.717499999999998,"fill_factor":80.66614763079987,"jsc":19.762500000000003,"voc":1.0486682808716707,"key":"reverse_3_52107044","cell_dimension":null},{"efficiency":16.0264,"fill_factor":77.07824921128915,"jsc":19.608125000000005,"voc":1.0603959731543624,"key":"reverse_3_52107043","cell_dimension":null},{"efficiency":2.8302,"fill_factor":13.160271714831948,"jsc":19.830000000000002,"voc":1.0845,"key":"reverse_2_52107135","cell_dimension":null},{"efficiency":16.965,"fill_factor":80.51651303796194,"jsc":20.0875,"voc":1.0489215686274511,"key":"reverse_2_52107044","cell_dimension":null},{"efficiency":16.199099999999998,"fill_factor":75.19422298363814,"jsc":20.173750000000002,"voc":1.0678734177215192,"key":"reverse_2_52107043","cell_dimension":null},{"efficiency":18.313599999999997,"fill_factor":79.72545960880541,"jsc":21.02,"voc":1.0928082901554406,"key":"reverse_1_52107135","cell_dimension":null},{"efficiency":16.8418,"fill_factor":77.42764646534943,"jsc":20.805,"voc":1.045501661129568,"key":"reverse_1_52107044","cell_dimension":null},{"efficiency":16.981275,"fill_factor":76.0637801680918,"jsc":20.849375,"voc":1.0707777777777776,"key":"reverse_1_52107043","cell_dimension":null},{"efficiency":16.4255,"fill_factor":80.27425398073474,"jsc":19.006249999999998,"voc":1.076578947368421,"key":"forward_9_52107135","cell_dimension":null},{"efficiency":16.4255,"fill_factor":79.3431898561921,"jsc":19.900000000000002,"voc":1.040293453724605,"key":"forward_9_52107044","cell_dimension":null},{"efficiency":16.17525,"fill_factor":78.33884888474282,"jsc":19.493750000000002,"voc":1.0592011019283747,"key":"forward_9_52107043","cell_dimension":null},{"efficiency":16.6985,"fill_factor":79.75281475834525,"jsc":19.375,"voc":1.0806616257088846,"key":"forward_8_52107135","cell_dimension":null},{"efficiency":16.42125,"fill_factor":79.39318063575578,"jsc":19.88125,"voc":1.0403496503496503,"key":"forward_8_52107044","cell_dimension":null},{"efficiency":16.33425,"fill_factor":77.92727970224288,"jsc":19.837500000000002,"voc":1.0566295264623955,"key":"forward_8_52107043","cell_dimension":null},{"efficiency":16.72125,"fill_factor":79.03509241053874,"jsc":19.53125,"voc":1.0832251521298175,"key":"forward_7_52107135","cell_dimension":null},{"efficiency":16.6605,"fill_factor":78.19071794455843,"jsc":20.51875,"voc":1.038441247002398,"key":"forward_7_52107044","cell_dimension":null},{"efficiency":16.63025,"fill_factor":77.42391075682711,"jsc":20.28125,"voc":1.0590804597701151,"key":"forward_7_52107043","cell_dimension":null},{"efficiency":16.926,"fill_factor":80.97802578153278,"jsc":19.4625,"voc":1.073961038961039,"key":"forward_6_52107135","cell_dimension":null},{"efficiency":16.31175,"fill_factor":79.39773327866678,"jsc":19.7,"voc":1.0428605200945626,"key":"forward_6_52107044","cell_dimension":null},{"efficiency":16.107,"fill_factor":77.58302594442192,"jsc":19.618750000000002,"voc":1.0582215743440235,"key":"forward_6_52107043","cell_dimension":null},{"efficiency":17.244500000000002,"fill_factor":80.38196074846356,"jsc":19.90625,"voc":1.0777115987460817,"key":"forward_5_52107135","cell_dimension":null},{"efficiency":16.638749999999998,"fill_factor":79.340028445855,"jsc":20.118749999999995,"voc":1.0423830734966593,"key":"forward_5_52107044","cell_dimension":null},{"efficiency":16.561999999999998,"fill_factor":78.33941823622574,"jsc":19.993750000000002,"voc":1.0573972602739727,"key":"forward_5_52107043","cell_dimension":null},{"efficiency":17.58575,"fill_factor":80.1603070236989,"jsc":20.2125,"voc":1.0853791887125221,"key":"forward_4_52107135","cell_dimension":null},{"efficiency":16.943250000000003,"fill_factor":78.76823119941533,"jsc":20.624999999999996,"voc":1.0429216152019,"key":"forward_4_52107044","cell_dimension":null},{"efficiency":17.17625,"fill_factor":77.92918801643356,"jsc":20.749999999999996,"voc":1.0622093023255814,"key":"forward_4_52107043","cell_dimension":null},{"efficiency":17.29,"fill_factor":81.61033677690075,"jsc":19.724999999999998,"voc":1.0740705563093624,"key":"forward_3_52107135","cell_dimension":null},{"efficiency":16.6985,"fill_factor":80.44984380901253,"jsc":19.799999999999997,"voc":1.0483035714285716,"key":"forward_3_52107044","cell_dimension":null},{"efficiency":16.31175,"fill_factor":78.43604343942422,"jsc":19.625000000000004,"voc":1.05968115942029,"key":"forward_3_52107043","cell_dimension":null},{"efficiency":17.5175,"fill_factor":80.658498167052,"jsc":20.13125,"voc":1.0788256227758006,"key":"forward_2_52107135","cell_dimension":null},{"efficiency":16.85775,"fill_factor":79.88417703840803,"jsc":20.118750000000002,"voc":1.048909090909091,"key":"forward_2_52107044","cell_dimension":null},{"efficiency":16.356,"fill_factor":76.08175935313481,"jsc":20.175,"voc":1.0655725190839695,"key":"forward_2_52107043","cell_dimension":null},{"efficiency":18.572499999999998,"fill_factor":81.38099043416396,"jsc":21.031249999999996,"voc":1.0851313485113836,"key":"forward_1_52107135","cell_dimension":null},{"efficiency":16.76925,"fill_factor":76.73196946634745,"jsc":20.893749999999997,"voc":1.045974025974026,"key":"forward_1_52107044","cell_dimension":null},{"efficiency":16.8345,"fill_factor":75.45571439376751,"jsc":20.881249999999994,"voc":1.068443579766537,"key":"forward_1_52107043","cell_dimension":null}]},"public":2,"analysis":{"JV":[{"V":{"unit":"V","value":[1.129,1.089,1.049,1.009,0.969,0.929,0.889,0.849,0.809,0.769,0.729,0.689,0.649,0.609,0.569,0.529,0.489,0.449,0.409,0.369,0.329,0.289,0.249,0.209,0.169,0.129,0.089,0.049,0.009,-0.031]},"J":{"unit":"A\/cm2","value":[-0.022125,-0.0035499999999999998,0.00795,0.013675000000000001,0.016375,0.017599999999999998,0.018175,0.01855,0.0186,0.018725,0.018775,0.01875,0.018824999999999998,0.0188,0.018824999999999998,0.018875,0.018850000000000002,0.018875,0.018875,0.018925,0.0189,0.018925,0.018925,0.018949999999999998,0.018975000000000002,0.018949999999999998,0.019025,0.019,0.018975000000000002,0.019074999999999998]},"I":{"unit":"A","value":[-0.000885,-0.00014199999999999998,0.00031800000000000003,0.0005470000000000001,0.000655,0.000704,0.000727,0.000742,0.000744,0.000749,0.000751,0.00075,0.000753,0.000752,0.000753,0.000755,0.000754,0.000755,0.000755,0.000757,0.000756,0.000757,0.000757,0.000758,0.000759,0.000758,0.000761,0.00076,0.000759,0.000763]},"efficiency":{"unit":"%","value":16.3504},"fill_factor":{"unit":"%","value":79.93859429183635},"jsc":{"unit":"mA\/cm2","value":18.9975},"isc":{"unit":"mA","value":0.7599},"voc":{"unit":"V","value":1.0766521739130435},"sweep_direction":{"unit":"","value":"Reverse"},"key":"reverse_9_52107135"},{"V":{"unit":"V","value":[1.091,1.051,1.011,0.971,0.931,0.891,0.851,0.811,0.771,0.731,0.691,0.651,0.611,0.571,0.531,0.491,0.451,0.411,0.371,0.331,0.291,0.251,0.211,0.171,0.131,0.091,0.051,0.011,-0.029]},"J":{"unit":"A\/cm2","value":[-0.01495,-0.002725,0.007075,0.01365,0.017175,0.018525,0.019149999999999997,0.019425,0.01945,0.019600000000000003,0.019600000000000003,0.019625,0.01965,0.0197,0.019675,0.019725000000000003,0.01975,0.019725000000000003,0.019825,0.01975,0.019775,0.019850000000000003,0.0198,0.019875,0.019825,0.019825,0.019875,0.019875,0.0199]},"I":{"unit":"A","value":[-0.000598,-0.00010899999999999999,0.000283,0.000546,0.000687,0.000741,0.000766,0.000777,0.000778,0.0007840000000000001,0.0007840000000000001,0.000785,0.000786,0.0007880000000000001,0.000787,0.000789,0.00079,0.000789,0.0007930000000000001,0.00079,0.000791,0.000794,0.0007920000000000001,0.000795,0.0007930000000000001,0.0007930000000000001,0.000795,0.000795,0.000796]},"efficiency":{"unit":"%","value":16.505775},"fill_factor":{"unit":"%","value":79.83556055327449},"jsc":{"unit":"mA\/cm2","value":19.881875000000004},"isc":{"unit":"mA","value":0.7952750000000002},"voc":{"unit":"V","value":1.0398775510204081},"sweep_direction":{"unit":"","value":"Reverse"},"key":"reverse_9_52107044"},{"V":{"unit":"V","value":[1.111,1.071,1.031,0.991,0.951,0.911,0.871,0.831,0.791,0.751,0.711,0.671,0.631,0.591,0.551,0.511,0.471,0.431,0.391,0.351,0.311,0.271,0.231,0.191,0.151,0.111,0.071,0.031,-0.009,-0.049]},"J":{"unit":"A\/cm2","value":[-0.01415,-0.002525,0.006600000000000001,0.0128,0.016175000000000002,0.017674999999999996,0.018449999999999998,0.018775,0.019,0.01905,0.019125,0.019149999999999997,0.019225000000000003,0.01925,0.019225000000000003,0.019350000000000003,0.0193,0.019325,0.019399999999999997,0.019350000000000003,0.01945,0.019375,0.019425,0.0195,0.019425,0.019524999999999997,0.01945,0.0195,0.01955,0.019475000000000003]},"I":{"unit":"A","value":[-0.000566,-0.000101,0.000264,0.000512,0.000647,0.000707,0.0007379999999999999,0.000751,0.00076,0.000762,0.0007650000000000001,0.000766,0.000769,0.0007700000000000001,0.000769,0.0007740000000000001,0.000772,0.000773,0.000776,0.0007740000000000001,0.000778,0.000775,0.000777,0.00078,0.000777,0.000781,0.000778,0.00078,0.000782,0.0007790000000000001]},"efficiency":{"unit":"%","value":16.101925},"fill_factor":{"unit":"%","value":77.75050552477995},"jsc":{"unit":"mA\/cm2","value":19.53875},"isc":{"unit":"mA","value":0.78155},"voc":{"unit":"V","value":1.059931506849315},"sweep_direction":{"unit":"","value":"Reverse"},"key":"reverse_9_52107043"},{"V":{"unit":"V","value":[1.134,1.094,1.054,1.014,0.974,0.934,0.894,0.854,0.814,0.774,0.734,0.694,0.654,0.614,0.574,0.534,0.494,0.454,0.414,0.374,0.334,0.294,0.254,0.214,0.174,0.134,0.094,0.054,0.014,-0.026]},"J":{"unit":"A\/cm2","value":[-0.01965,-0.003175,0.00765,0.013550000000000001,0.016375,0.017775,0.018525,0.018775,0.019025,0.019074999999999998,0.019074999999999998,0.0192,0.019100000000000002,0.0192,0.019225000000000003,0.0192,0.01925,0.019225000000000003,0.019274999999999997,0.0193,0.019274999999999997,0.019325,0.019325,0.019350000000000003,0.019325,0.019375,0.019350000000000003,0.019350000000000003,0.01945,0.019375]},"I":{"unit":"A","value":[-0.000786,-0.000127,0.000306,0.0005420000000000001,0.000655,0.0007109999999999999,0.000741,0.000751,0.000761,0.000763,0.000763,0.000768,0.000764,0.000768,0.000769,0.000768,0.0007700000000000001,0.000769,0.000771,0.000772,0.000771,0.000773,0.000773,0.0007740000000000001,0.000773,0.000775,0.0007740000000000001,0.0007740000000000001,0.000778,0.000775]},"efficiency":{"unit":"%","value":16.601850000000002},"fill_factor":{"unit":"%","value":78.97481715659451},"jsc":{"unit":"mA\/cm2","value":19.423750000000002},"isc":{"unit":"mA","value":0.77695},"voc":{"unit":"V","value":1.0822678983833718},"sweep_direction":{"unit":"","value":"Reverse"},"key":"reverse_8_52107135"},{"V":{"unit":"V","value":[1.091,1.051,1.011,0.971,0.931,0.891,0.851,0.811,0.771,0.731,0.691,0.651,0.611,0.571,0.531,0.491,0.451,0.411,0.371,0.331,0.291,0.251,0.211,0.171,0.131,0.091,0.051,0.011,-0.029]},"J":{"unit":"A\/cm2","value":[-0.014399999999999998,-0.002625,0.006900000000000001,0.0135,0.016975,0.0185,0.019100000000000002,0.019375,0.01945,0.019575,0.019575,0.019600000000000003,0.019675,0.019625,0.019675,0.0197,0.019675,0.019775,0.0197,0.019775,0.01975,0.01975,0.019825,0.01975,0.019825,0.019825,0.0198,0.019875,0.019825]},"I":{"unit":"A","value":[-0.0005759999999999999,-0.00010499999999999999,0.00027600000000000004,0.00054,0.000679,0.00074,0.000764,0.000775,0.000778,0.0007830000000000001,0.0007830000000000001,0.0007840000000000001,0.000787,0.000785,0.000787,0.0007880000000000001,0.000787,0.000791,0.0007880000000000001,0.000791,0.00079,0.00079,0.0007930000000000001,0.00079,0.0007930000000000001,0.0007930000000000001,0.0007920000000000001,0.000795,0.0007930000000000001]},"efficiency":{"unit":"%","value":16.4835},"fill_factor":{"unit":"%","value":79.80302970413082},"jsc":{"unit":"mA\/cm2","value":19.86125},"isc":{"unit":"mA","value":0.79445},"voc":{"unit":"V","value":1.039976377952756},"sweep_direction":{"unit":"","value":"Reverse"},"key":"reverse_8_52107044"},{"V":{"unit":"V","value":[1.108,1.068,1.028,0.988,0.948,0.908,0.868,0.828,0.788,0.748,0.708,0.668,0.628,0.588,0.548,0.508,0.468,0.428,0.388,0.348,0.308,0.268,0.228,0.188,0.148,0.108,0.068,0.028,-0.012]},"J":{"unit":"A\/cm2","value":[-0.013375,-0.0024500000000000004,0.006425,0.0126,0.0162,0.0179,0.018699999999999998,0.019149999999999997,0.019274999999999997,0.019399999999999997,0.019475000000000003,0.0195,0.019600000000000003,0.019575,0.019600000000000003,0.019675,0.01965,0.019725000000000003,0.019675,0.019725000000000003,0.019725000000000003,0.019775,0.01975,0.0198,0.0198,0.01975,0.0199,0.019775,0.019850000000000003]},"I":{"unit":"A","value":[-0.000535,-9.800000000000001e-5,0.000257,0.000504,0.000648,0.000716,0.000748,0.000766,0.000771,0.000776,0.0007790000000000001,0.00078,0.0007840000000000001,0.0007830000000000001,0.0007840000000000001,0.000787,0.000786,0.000789,0.000787,0.000789,0.000789,0.000791,0.00079,0.0007920000000000001,0.0007920000000000001,0.00079,0.000796,0.000791,0.000794]},"efficiency":{"unit":"%","value":16.2532},"fill_factor":{"unit":"%","value":77.5556237201263},"jsc":{"unit":"mA\/cm2","value":19.8275},"isc":{"unit":"mA","value":0.7931},"voc":{"unit":"V","value":1.0569577464788733},"sweep_direction":{"unit":"","value":"Reverse"},"key":"reverse_8_52107043"},{"V":{"unit":"V","value":[1.138,1.098,1.058,1.018,0.978,0.938,0.898,0.858,0.818,0.778,0.738,0.698,0.658,0.618,0.578,0.538,0.498,0.458,0.418,0.378,0.338,0.298,0.258,0.218,0.178,0.138,0.098,0.058,0.018,-0.022]},"J":{"unit":"A\/cm2","value":[-0.018850000000000002,-0.003025,0.007274999999999999,0.01295,0.01585,0.0175,0.0183,0.0188,0.018975000000000002,0.019074999999999998,0.019175,0.019149999999999997,0.01925,0.019274999999999997,0.019274999999999997,0.019350000000000003,0.019325,0.019375,0.019399999999999997,0.019399999999999997,0.01945,0.01945,0.019475000000000003,0.019475000000000003,0.01955,0.019524999999999997,0.0195,0.019600000000000003,0.019524999999999997,0.019625]},"I":{"unit":"A","value":[-0.000754,-0.000121,0.00029099999999999997,0.000518,0.000634,0.0007,0.000732,0.000752,0.000759,0.000763,0.000767,0.000766,0.0007700000000000001,0.000771,0.000771,0.0007740000000000001,0.000773,0.000775,0.000776,0.000776,0.000778,0.000778,0.0007790000000000001,0.0007790000000000001,0.000782,0.000781,0.00078,0.0007840000000000001,0.000781,0.000785]},"efficiency":{"unit":"%","value":16.4334},"fill_factor":{"unit":"%","value":77.30468963155445},"jsc":{"unit":"mA\/cm2","value":19.570000000000004},"isc":{"unit":"mA","value":0.7828000000000002},"voc":{"unit":"V","value":1.0862524271844662},"sweep_direction":{"unit":"","value":"Reverse"},"key":"reverse_7_52107135"},{"V":{"unit":"V","value":[1.089,1.049,1.009,0.969,0.929,0.889,0.849,0.809,0.769,0.729,0.689,0.649,0.609,0.569,0.529,0.489,0.449,0.409,0.369,0.329,0.289,0.249,0.209,0.169,0.129,0.089,0.049,0.009,-0.031]},"J":{"unit":"A\/cm2","value":[-0.013725000000000001,-0.002525,0.00675,0.013349999999999999,0.017125,0.018824999999999998,0.0195,0.019825,0.019975,0.020075,0.0201,0.0202,0.02015,0.0202,0.02025,0.0202,0.020300000000000002,0.020300000000000002,0.020300000000000002,0.020375,0.020349999999999997,0.020399999999999998,0.020399999999999998,0.020375,0.02045,0.020425,0.02045,0.020474999999999997,0.0205]},"I":{"unit":"A","value":[-0.000549,-0.000101,0.00027,0.0005340000000000001,0.0006850000000000001,0.000753,0.00078,0.0007930000000000001,0.000799,0.000803,0.000804,0.000808,0.0008060000000000001,0.000808,0.0008100000000000001,0.000808,0.000812,0.000812,0.000812,0.000815,0.0008139999999999999,0.000816,0.000816,0.000815,0.0008179999999999999,0.0008169999999999999,0.0008179999999999999,0.000819,0.00082]},"efficiency":{"unit":"%","value":16.735425},"fill_factor":{"unit":"%","value":78.71363186434468},"jsc":{"unit":"mA\/cm2","value":20.480625},"isc":{"unit":"mA","value":0.819225},"voc":{"unit":"V","value":1.03811051212938},"sweep_direction":{"unit":"","value":"Reverse"},"key":"reverse_7_52107044"},{"V":{"unit":"V","value":[1.111,1.071,1.031,0.991,0.951,0.911,0.871,0.831,0.791,0.751,0.711,0.671,0.631,0.591,0.551,0.511,0.471,0.431,0.391,0.351,0.311,0.271,0.231,0.191,0.151,0.111,0.071,0.031,-0.009,-0.049]},"J":{"unit":"A\/cm2","value":[-0.0127,-0.0023,0.0063,0.01265,0.016375,0.01815,0.019074999999999998,0.01945,0.019675,0.01975,0.019850000000000003,0.019925000000000002,0.01995,0.020025,0.019975,0.020025,0.020075,0.020125,0.020125,0.020125,0.0202,0.02015,0.0202,0.020225,0.020175000000000002,0.020300000000000002,0.02025,0.020275,0.020300000000000002,0.020300000000000002]},"I":{"unit":"A","value":[-0.000508,-9.2e-5,0.000252,0.000506,0.000655,0.000726,0.000763,0.000778,0.000787,0.00079,0.000794,0.0007970000000000001,0.000798,0.0008010000000000001,0.000799,0.0008010000000000001,0.000803,0.000805,0.000805,0.000805,0.000808,0.0008060000000000001,0.000808,0.000809,0.0008070000000000001,0.000812,0.0008100000000000001,0.0008110000000000001,0.000812,0.000812]},"efficiency":{"unit":"%","value":16.614324999999997},"fill_factor":{"unit":"%","value":77.21066743569034},"jsc":{"unit":"mA\/cm2","value":20.294375},"isc":{"unit":"mA","value":0.811775},"voc":{"unit":"V","value":1.0603023255813953},"sweep_direction":{"unit":"","value":"Reverse"},"key":"reverse_7_52107043"},{"V":{"unit":"V","value":[1.126,1.086,1.046,1.006,0.966,0.926,0.886,0.846,0.806,0.766,0.726,0.686,0.646,0.606,0.566,0.526,0.486,0.446,0.406,0.366,0.326,0.286,0.246,0.206,0.166,0.126,0.086,0.046,0.006,-0.034]},"J":{"unit":"A\/cm2","value":[-0.021025,-0.0035000000000000005,0.008150000000000001,0.014224999999999998,0.01705,0.018224999999999998,0.018824999999999998,0.019074999999999998,0.019149999999999997,0.019274999999999997,0.01925,0.019325,0.0193,0.019350000000000003,0.019350000000000003,0.019350000000000003,0.019399999999999997,0.019350000000000003,0.019375,0.019399999999999997,0.019375,0.01945,0.019399999999999997,0.019425,0.0195,0.019425,0.019475000000000003,0.019475000000000003,0.019475000000000003,0.0195]},"I":{"unit":"A","value":[-0.000841,-0.00014000000000000001,0.000326,0.000569,0.0006820000000000001,0.0007289999999999999,0.000753,0.000763,0.000766,0.000771,0.0007700000000000001,0.000773,0.000772,0.0007740000000000001,0.0007740000000000001,0.0007740000000000001,0.000776,0.0007740000000000001,0.000775,0.000776,0.000775,0.000778,0.000776,0.000777,0.00078,0.000777,0.0007790000000000001,0.0007790000000000001,0.0007790000000000001,0.00078]},"efficiency":{"unit":"%","value":16.876350000000002},"fill_factor":{"unit":"%","value":80.6714941342344},"jsc":{"unit":"mA\/cm2","value":19.47875},"isc":{"unit":"mA","value":0.77915},"voc":{"unit":"V","value":1.0739828326180259},"sweep_direction":{"unit":"","value":"Reverse"},"key":"reverse_6_52107135"},{"V":{"unit":"V","value":[1.094,1.054,1.014,0.974,0.934,0.894,0.854,0.814,0.774,0.734,0.694,0.654,0.614,0.574,0.534,0.494,0.454,0.414,0.374,0.334,0.294,0.254,0.214,0.174,0.134,0.094,0.054,0.014,-0.026]},"J":{"unit":"A\/cm2","value":[-0.014274999999999998,-0.002625,0.006875,0.013349999999999999,0.016900000000000002,0.018349999999999998,0.018949999999999998,0.01925,0.0193,0.019375,0.019425,0.019399999999999997,0.019524999999999997,0.019475000000000003,0.019524999999999997,0.0195,0.0195,0.01955,0.019625,0.019575,0.019600000000000003,0.019625,0.019600000000000003,0.019675,0.019625,0.01965,0.0197,0.019625,0.01965]},"I":{"unit":"A","value":[-0.000571,-0.00010499999999999999,0.000275,0.0005340000000000001,0.0006760000000000001,0.000734,0.000758,0.0007700000000000001,0.000772,0.000775,0.000777,0.000776,0.000781,0.0007790000000000001,0.000781,0.00078,0.00078,0.000782,0.000785,0.0007830000000000001,0.0007840000000000001,0.000785,0.0007840000000000001,0.000787,0.000785,0.000786,0.0007880000000000001,0.000785,0.000786]},"efficiency":{"unit":"%","value":16.4049},"fill_factor":{"unit":"%","value":80.1139118073068},"jsc":{"unit":"mA\/cm2","value":19.633749999999996},"isc":{"unit":"mA","value":0.7853499999999999},"voc":{"unit":"V","value":1.0429473684210528},"sweep_direction":{"unit":"","value":"Reverse"},"key":"reverse_6_52107044"},{"V":{"unit":"V","value":[1.11,1.07,1.03,0.99,0.95,0.91,0.87,0.83,0.79,0.75,0.71,0.67,0.63,0.59,0.55,0.51,0.47,0.43,0.39,0.35,0.31,0.27,0.23,0.19,0.15,0.11,0.07,0.03,-0.01]},"J":{"unit":"A\/cm2","value":[-0.0124,-0.0022249999999999995,0.006149999999999999,0.012275000000000001,0.015875,0.01765,0.018425,0.018875,0.019025,0.019149999999999997,0.019225000000000003,0.019225000000000003,0.019375,0.0193,0.019350000000000003,0.019399999999999997,0.019375,0.019475000000000003,0.019399999999999997,0.01945,0.019524999999999997,0.0195,0.01955,0.01955,0.01955,0.019575,0.019600000000000003,0.019575,0.019625]},"I":{"unit":"A","value":[-0.000496,-8.9e-5,0.000246,0.000491,0.000635,0.0007059999999999999,0.000737,0.000755,0.000761,0.000766,0.000769,0.000769,0.000775,0.000772,0.0007740000000000001,0.000776,0.000775,0.0007790000000000001,0.000776,0.000778,0.000781,0.00078,0.000782,0.000782,0.000782,0.0007830000000000001,0.0007840000000000001,0.0007830000000000001,0.000785]},"efficiency":{"unit":"%","value":16.0615},"fill_factor":{"unit":"%","value":77.30439584857942},"jsc":{"unit":"mA\/cm2","value":19.6125},"isc":{"unit":"mA","value":0.7845000000000001},"voc":{"unit":"V","value":1.0593731343283583},"sweep_direction":{"unit":"","value":"Reverse"},"key":"reverse_6_52107043"},{"V":{"unit":"V","value":[1.13,1.09,1.05,1.01,0.97,0.93,0.89,0.85,0.81,0.77,0.73,0.69,0.65,0.61,0.57,0.53,0.49,0.45,0.41,0.37,0.33,0.29,0.25,0.21,0.17,0.13,0.09,0.05,0.01,-0.03]},"J":{"unit":"A\/cm2","value":[-0.023225000000000003,-0.003675,0.0085,0.014674999999999999,0.017424999999999996,0.0186,0.0192,0.019425,0.01955,0.01965,0.019625,0.0197,0.0197,0.0197,0.01975,0.019775,0.019775,0.019775,0.019825,0.0198,0.019875,0.019875,0.019775,0.019875,0.019875,0.019825,0.019925000000000002,0.019825,0.019875,0.019925000000000002]},"I":{"unit":"A","value":[-0.000929,-0.000147,0.00034,0.000587,0.0006969999999999999,0.000744,0.000768,0.000777,0.000782,0.000786,0.000785,0.0007880000000000001,0.0007880000000000001,0.0007880000000000001,0.00079,0.000791,0.000791,0.000791,0.0007930000000000001,0.0007920000000000001,0.000795,0.000795,0.000791,0.000795,0.000795,0.0007930000000000001,0.0007970000000000001,0.0007930000000000001,0.000795,0.0007970000000000001]},"efficiency":{"unit":"%","value":17.298},"fill_factor":{"unit":"%","value":80.69130165879133},"jsc":{"unit":"mA\/cm2","value":19.8875},"isc":{"unit":"mA","value":0.7955},"voc":{"unit":"V","value":1.0779260780287476},"sweep_direction":{"unit":"","value":"Reverse"},"key":"reverse_5_52107135"},{"V":{"unit":"V","value":[1.093,1.053,1.013,0.973,0.933,0.893,0.853,0.813,0.773,0.733,0.693,0.653,0.613,0.573,0.533,0.493,0.453,0.413,0.373,0.333,0.293,0.253,0.213,0.173,0.133,0.093,0.053,0.013,-0.027]},"J":{"unit":"A\/cm2","value":[-0.015349999999999999,-0.0028250000000000003,0.007199999999999999,0.013850000000000001,0.017325,0.0188,0.019325,0.019600000000000003,0.019725000000000003,0.01975,0.019775,0.019850000000000003,0.0198,0.0199,0.0199,0.019850000000000003,0.019975,0.019875,0.01995,0.02,0.01995,0.020050000000000002,0.01995,0.020050000000000002,0.020075,0.020025,0.020050000000000002,0.020075,0.020075]},"I":{"unit":"A","value":[-0.000614,-0.00011300000000000001,0.00028799999999999995,0.000554,0.0006929999999999999,0.000752,0.000773,0.0007840000000000001,0.000789,0.00079,0.000791,0.000794,0.0007920000000000001,0.000796,0.000796,0.000794,0.000799,0.000795,0.000798,0.0008,0.000798,0.0008020000000000001,0.000798,0.0008020000000000001,0.000803,0.0008010000000000001,0.0008020000000000001,0.000803,0.000803]},"efficiency":{"unit":"%","value":16.7884},"fill_factor":{"unit":"%","value":80.27851714668904},"jsc":{"unit":"mA\/cm2","value":20.075},"isc":{"unit":"mA","value":0.803},"voc":{"unit":"V","value":1.0417281795511222},"sweep_direction":{"unit":"","value":"Reverse"},"key":"reverse_5_52107044"},{"V":{"unit":"V","value":[1.109,1.069,1.029,0.989,0.949,0.909,0.869,0.829,0.789,0.749,0.709,0.669,0.629,0.589,0.549,0.509,0.469,0.429,0.389,0.349,0.309,0.269,0.229,0.189,0.149,0.109,0.069,0.029,-0.011]},"J":{"unit":"A\/cm2","value":[-0.013525,-0.0024500000000000004,0.0065,0.012875,0.016475,0.018175,0.019025,0.0193,0.01955,0.019575,0.01965,0.01975,0.019725000000000003,0.019775,0.019775,0.019775,0.019850000000000003,0.019850000000000003,0.019850000000000003,0.019875,0.0199,0.019875,0.019925000000000002,0.0199,0.019925000000000002,0.02,0.019925000000000002,0.02,0.019975]},"I":{"unit":"A","value":[-0.000541,-9.800000000000001e-5,0.00026000000000000003,0.000515,0.0006590000000000001,0.000727,0.000761,0.000772,0.000782,0.0007830000000000001,0.000786,0.00079,0.000789,0.000791,0.000791,0.000791,0.000794,0.000794,0.000794,0.000795,0.000796,0.000795,0.0007970000000000001,0.000796,0.0007970000000000001,0.0008,0.0007970000000000001,0.0008,0.000799]},"efficiency":{"unit":"%","value":16.532725},"fill_factor":{"unit":"%","value":78.1991257682887},"jsc":{"unit":"mA\/cm2","value":19.981875000000006},"isc":{"unit":"mA","value":0.7992750000000002},"voc":{"unit":"V","value":1.058050279329609},"sweep_direction":{"unit":"","value":"Reverse"},"key":"reverse_5_52107043"},{"V":{"unit":"V","value":[1.139,1.099,1.059,1.019,0.979,0.939,0.899,0.859,0.819,0.779,0.739,0.699,0.659,0.619,0.579,0.539,0.499,0.459,0.419,0.379,0.339,0.299,0.259,0.219,0.179,0.139,0.099,0.059,0.019,-0.021]},"J":{"unit":"A\/cm2","value":[-0.023175,-0.0035999999999999995,0.008425,0.014549999999999999,0.017325,0.01865,0.019350000000000003,0.01965,0.019850000000000003,0.019850000000000003,0.01995,0.019975,0.01995,0.020025,0.02,0.020075,0.020075,0.020075,0.020125,0.020125,0.02015,0.020125,0.02015,0.0202,0.020125,0.020225,0.02015,0.0202,0.02025,0.020175000000000002]},"I":{"unit":"A","value":[-0.0009270000000000001,-0.00014399999999999998,0.000337,0.0005819999999999999,0.0006929999999999999,0.000746,0.0007740000000000001,0.000786,0.000794,0.000794,0.000798,0.000799,0.000798,0.0008010000000000001,0.0008,0.000803,0.000803,0.000803,0.000805,0.000805,0.0008060000000000001,0.000805,0.0008060000000000001,0.000808,0.000805,0.000809,0.0008060000000000001,0.000808,0.0008100000000000001,0.0008070000000000001]},"efficiency":{"unit":"%","value":17.512349999999998},"fill_factor":{"unit":"%","value":79.69748171010338},"jsc":{"unit":"mA\/cm2","value":20.214375},"isc":{"unit":"mA","value":0.808575},"voc":{"unit":"V","value":1.087024948024948},"sweep_direction":{"unit":"","value":"Reverse"},"key":"reverse_4_52107135"},{"V":{"unit":"V","value":[1.094,1.054,1.014,0.974,0.934,0.894,0.854,0.814,0.774,0.734,0.694,0.654,0.614,0.574,0.534,0.494,0.454,0.414,0.374,0.334,0.294,0.254,0.214,0.174,0.134,0.094,0.054,0.014,-0.026]},"J":{"unit":"A\/cm2","value":[-0.014274999999999998,-0.002625,0.006925000000000001,0.013675000000000001,0.017424999999999996,0.01905,0.01975,0.02,0.020175000000000002,0.020225,0.02025,0.020349999999999997,0.020300000000000002,0.020375,0.020425,0.020349999999999997,0.02045,0.020425,0.02045,0.0205,0.02045,0.020524999999999998,0.0205,0.020524999999999998,0.020524999999999998,0.020575,0.020575,0.020575,0.020625]},"I":{"unit":"A","value":[-0.000571,-0.00010499999999999999,0.000277,0.0005470000000000001,0.0006969999999999999,0.000762,0.00079,0.0008,0.0008070000000000001,0.000809,0.0008100000000000001,0.0008139999999999999,0.000812,0.000815,0.0008169999999999999,0.0008139999999999999,0.0008179999999999999,0.0008169999999999999,0.0008179999999999999,0.00082,0.0008179999999999999,0.0008209999999999999,0.00082,0.0008209999999999999,0.0008209999999999999,0.000823,0.000823,0.000823,0.000825]},"efficiency":{"unit":"%","value":17.0307},"fill_factor":{"unit":"%","value":79.29338090854395},"jsc":{"unit":"mA\/cm2","value":20.592499999999998},"isc":{"unit":"mA","value":0.8237},"voc":{"unit":"V","value":1.0430052356020945},"sweep_direction":{"unit":"","value":"Reverse"},"key":"reverse_4_52107044"},{"V":{"unit":"V","value":[1.113,1.073,1.034,0.994,0.954,0.914,0.874,0.834,0.794,0.754,0.714,0.674,0.634,0.594,0.554,0.514,0.474,0.434,0.394,0.354,0.314,0.274,0.234,0.194,0.154,0.114,0.074,0.034,-0.006,-0.046]},"J":{"unit":"A\/cm2","value":[-0.012049999999999998,-0.0022249999999999995,0.006125,0.012549999999999999,0.016625,0.01865,0.019575,0.02,0.020175000000000002,0.020325,0.020325,0.020425,0.02045,0.020425,0.020524999999999998,0.020474999999999997,0.020575,0.020575,0.02055,0.020575,0.020575,0.020625,0.020575,0.020649999999999998,0.020649999999999998,0.020649999999999998,0.020674999999999995,0.020625,0.020724999999999997,0.020674999999999995]},"I":{"unit":"A","value":[-0.000482,-8.9e-5,0.000245,0.000502,0.000665,0.000746,0.0007830000000000001,0.0008,0.0008070000000000001,0.0008129999999999999,0.0008129999999999999,0.0008169999999999999,0.0008179999999999999,0.0008169999999999999,0.0008209999999999999,0.000819,0.000823,0.000823,0.0008219999999999999,0.000823,0.000823,0.000825,0.000823,0.0008259999999999999,0.0008259999999999999,0.0008259999999999999,0.0008269999999999999,0.000825,0.000829,0.0008269999999999999]},"efficiency":{"unit":"%","value":17.10855},"fill_factor":{"unit":"%","value":77.74278802911671},"jsc":{"unit":"mA\/cm2","value":20.709999999999997},"isc":{"unit":"mA","value":0.8283999999999999},"voc":{"unit":"V","value":1.0626077844311377},"sweep_direction":{"unit":"","value":"Reverse"},"key":"reverse_4_52107043"},{"V":{"unit":"V","value":[1.126,1.086,1.046,1.006,0.966,0.926,0.886,0.846,0.806,0.766,0.726,0.686,0.646,0.606,0.566,0.526,0.486,0.446,0.406,0.366,0.326,0.286,0.246,0.206,0.166,0.126,0.086,0.046,0.006,-0.034]},"J":{"unit":"A\/cm2","value":[-0.0257,-0.004025,0.00895,0.015099999999999999,0.01765,0.018725,0.019149999999999997,0.019375,0.01945,0.01945,0.01955,0.019524999999999997,0.019524999999999997,0.019600000000000003,0.01955,0.019600000000000003,0.019625,0.019600000000000003,0.01965,0.019600000000000003,0.019625,0.019675,0.019625,0.019675,0.019675,0.019675,0.019675,0.01965,0.0197,0.0197]},"I":{"unit":"A","value":[-0.001028,-0.000161,0.000358,0.0006039999999999999,0.0007059999999999999,0.000749,0.000766,0.000775,0.000778,0.000778,0.000782,0.000781,0.000781,0.0007840000000000001,0.000782,0.0007840000000000001,0.000785,0.0007840000000000001,0.000786,0.0007840000000000001,0.000785,0.000787,0.000785,0.000787,0.000787,0.000787,0.000787,0.000786,0.0007880000000000001,0.0007880000000000001]},"efficiency":{"unit":"%","value":17.33935},"fill_factor":{"unit":"%","value":81.98369981463864},"jsc":{"unit":"mA\/cm2","value":19.700000000000003},"isc":{"unit":"mA","value":0.7880000000000001},"voc":{"unit":"V","value":1.0735915221579961},"sweep_direction":{"unit":"","value":"Reverse"},"key":"reverse_3_52107135"},{"V":{"unit":"V","value":[1.1,1.06,1.02,0.98,0.94,0.9,0.86,0.82,0.78,0.74,0.7,0.66,0.62,0.58,0.54,0.5,0.46,0.42,0.38,0.34,0.3,0.26,0.22,0.18,0.14,0.1,0.06,0.02,-0.02]},"J":{"unit":"A\/cm2","value":[-0.016225,-0.002925,0.0073999999999999995,0.014025000000000001,0.017349999999999997,0.018574999999999998,0.0192,0.019350000000000003,0.019399999999999997,0.019524999999999997,0.019524999999999997,0.019524999999999997,0.019625,0.019600000000000003,0.019600000000000003,0.019625,0.01965,0.01965,0.0197,0.019625,0.019725000000000003,0.019675,0.019675,0.019725000000000003,0.019725000000000003,0.019725000000000003,0.01975,0.01975,0.019775]},"I":{"unit":"A","value":[-0.0006490000000000001,-0.00011700000000000001,0.000296,0.0005610000000000001,0.000694,0.000743,0.000768,0.0007740000000000001,0.000776,0.000781,0.000781,0.000781,0.000785,0.0007840000000000001,0.0007840000000000001,0.000785,0.000786,0.000786,0.0007880000000000001,0.000785,0.000789,0.000787,0.000787,0.000789,0.000789,0.000789,0.00079,0.00079,0.000791]},"efficiency":{"unit":"%","value":16.717499999999998},"fill_factor":{"unit":"%","value":80.66614763079987},"jsc":{"unit":"mA\/cm2","value":19.762500000000003},"isc":{"unit":"mA","value":0.7905000000000001},"voc":{"unit":"V","value":1.0486682808716707},"sweep_direction":{"unit":"","value":"Reverse"},"key":"reverse_3_52107044"},{"V":{"unit":"V","value":[1.111,1.071,1.031,0.991,0.951,0.911,0.871,0.831,0.791,0.751,0.711,0.671,0.631,0.591,0.551,0.511,0.471,0.431,0.391,0.351,0.311,0.271,0.231,0.191,0.151,0.111,0.071,0.031,-0.009,-0.049]},"J":{"unit":"A\/cm2","value":[-0.010575,-0.001975,0.005475,0.011349999999999999,0.0153,0.017424999999999996,0.0184,0.018875,0.019074999999999998,0.019225000000000003,0.019225000000000003,0.019325,0.019375,0.019375,0.019399999999999997,0.019399999999999997,0.019425,0.019475000000000003,0.0195,0.019475000000000003,0.019524999999999997,0.019524999999999997,0.019524999999999997,0.019575,0.01955,0.01955,0.01965,0.01955,0.019625,0.019625]},"I":{"unit":"A","value":[-0.000423,-7.9e-5,0.000219,0.00045400000000000003,0.000612,0.0006969999999999999,0.000736,0.000755,0.000763,0.000769,0.000769,0.000773,0.000775,0.000775,0.000776,0.000776,0.000777,0.0007790000000000001,0.00078,0.0007790000000000001,0.000781,0.000781,0.000781,0.0007830000000000001,0.000782,0.000782,0.000786,0.000782,0.000785,0.000785]},"efficiency":{"unit":"%","value":16.0264},"fill_factor":{"unit":"%","value":77.07824921128915},"jsc":{"unit":"mA\/cm2","value":19.608125000000005},"isc":{"unit":"mA","value":0.7843250000000002},"voc":{"unit":"V","value":1.0603959731543624},"sweep_direction":{"unit":"","value":"Reverse"},"key":"reverse_3_52107043"},{"V":{"unit":"V","value":[1.132,1.092,1.052,1.012,0.972,0.932,0.892,0.852,0.812,0.772,0.732,0.692,0.652,0.612,0.572,0.532,0.492,0.452,0.412,0.372,0.332,0.292,0.252,0.212,0.172,0.132,0.092,0.052,0.012,-0.028]},"J":{"unit":"A\/cm2","value":[-0.000475,-7.5e-5,0.00032499999999999993,0.0006749999999999999,0.001,0.0012250000000000002,0.0014,0.0015249999999999999,0.0016,0.0017000000000000001,0.0017749999999999999,0.001875,0.001975,0.0021000000000000003,0.0021999999999999997,0.00235,0.0025749999999999996,0.0030499999999999998,0.003825,0.004925,0.006425,0.00835,0.010725,0.013349999999999999,0.016024999999999998,0.018125,0.019225000000000003,0.01975,0.0198,0.0199]},"I":{"unit":"A","value":[-1.9e-5,-3.0e-6,1.3e-5,2.7e-5,4.0e-5,4.9000000000000005e-5,5.6e-5,6.1e-5,6.4e-5,6.8e-5,7.099999999999999e-5,7.5e-5,7.9e-5,8.400000000000001e-5,8.8e-5,9.4e-5,0.000103,0.000122,0.000153,0.00019700000000000002,0.000257,0.00033400000000000004,0.000429,0.0005340000000000001,0.000641,0.000725,0.000769,0.00079,0.0007920000000000001,0.000796]},"efficiency":{"unit":"%","value":2.8302},"fill_factor":{"unit":"%","value":13.160271714831948},"jsc":{"unit":"mA\/cm2","value":19.830000000000002},"isc":{"unit":"mA","value":0.7932000000000001},"voc":{"unit":"V","value":1.0845},"sweep_direction":{"unit":"","value":"Reverse"},"key":"reverse_2_52107135"},{"V":{"unit":"V","value":[1.1,1.06,1.02,0.98,0.94,0.9,0.86,0.82,0.78,0.74,0.7,0.66,0.62,0.58,0.54,0.5,0.46,0.42,0.38,0.34,0.3,0.26,0.22,0.18,0.14,0.1,0.06,0.02,-0.02]},"J":{"unit":"A\/cm2","value":[-0.015825,-0.0028250000000000003,0.007374999999999999,0.014124999999999999,0.01745,0.018850000000000002,0.019399999999999997,0.019524999999999997,0.01975,0.0197,0.019775,0.019825,0.019825,0.0198,0.019875,0.019875,0.019875,0.01995,0.019925000000000002,0.01995,0.019975,0.01995,0.020075,0.02,0.020025,0.0201,0.020025,0.0201,0.020075]},"I":{"unit":"A","value":[-0.000633,-0.00011300000000000001,0.00029499999999999996,0.000565,0.0006979999999999999,0.000754,0.000776,0.000781,0.00079,0.0007880000000000001,0.000791,0.0007930000000000001,0.0007930000000000001,0.0007920000000000001,0.000795,0.000795,0.000795,0.000798,0.0007970000000000001,0.000798,0.000799,0.000798,0.000803,0.0008,0.0008010000000000001,0.000804,0.0008010000000000001,0.000804,0.000803]},"efficiency":{"unit":"%","value":16.965},"fill_factor":{"unit":"%","value":80.51651303796194},"jsc":{"unit":"mA\/cm2","value":20.0875},"isc":{"unit":"mA","value":0.8035},"voc":{"unit":"V","value":1.0489215686274511},"sweep_direction":{"unit":"","value":"Reverse"},"key":"reverse_2_52107044"},{"V":{"unit":"V","value":[1.118,1.078,1.038,0.998,0.958,0.918,0.878,0.838,0.798,0.758,0.718,0.678,0.638,0.598,0.558,0.518,0.478,0.438,0.398,0.358,0.318,0.278,0.238,0.198,0.158,0.118,0.078,0.038,-0.002,-0.042]},"J":{"unit":"A\/cm2","value":[-0.00805,-0.0015,0.004425,0.009675000000000001,0.013875000000000002,0.016800000000000002,0.018449999999999998,0.019175,0.019575,0.0197,0.0198,0.019875,0.0199,0.019925000000000002,0.019975,0.02,0.019975,0.020050000000000002,0.020025,0.020075,0.020075,0.020075,0.02015,0.0201,0.02015,0.02015,0.02015,0.02015,0.020175000000000002,0.020175000000000002]},"I":{"unit":"A","value":[-0.000322,-5.9999999999999995e-5,0.000177,0.00038700000000000003,0.000555,0.0006720000000000001,0.0007379999999999999,0.000767,0.0007830000000000001,0.0007880000000000001,0.0007920000000000001,0.000795,0.000796,0.0007970000000000001,0.000799,0.0008,0.000799,0.0008020000000000001,0.0008010000000000001,0.000803,0.000803,0.000803,0.0008060000000000001,0.000804,0.0008060000000000001,0.0008060000000000001,0.0008060000000000001,0.0008060000000000001,0.0008070000000000001,0.0008070000000000001]},"efficiency":{"unit":"%","value":16.199099999999998},"fill_factor":{"unit":"%","value":75.19422298363814},"jsc":{"unit":"mA\/cm2","value":20.173750000000002},"isc":{"unit":"mA","value":0.8069500000000001},"voc":{"unit":"V","value":1.0678734177215192},"sweep_direction":{"unit":"","value":"Reverse"},"key":"reverse_2_52107043"},{"V":{"unit":"V","value":[1.144,1.104,1.064,1.024,0.984,0.944,0.904,0.864,0.824,0.784,0.744,0.704,0.664,0.624,0.584,0.544,0.504,0.464,0.424,0.384,0.344,0.304,0.264,0.224,0.184,0.144,0.104,0.064,0.024,-0.016]},"J":{"unit":"A\/cm2","value":[-0.014649999999999998,-0.0026999999999999997,0.0069500000000000004,0.013675000000000001,0.017625,0.019399999999999997,0.020225,0.020575,0.020649999999999998,0.02075,0.020825,0.020799999999999996,0.020849999999999997,0.020825,0.020924999999999996,0.020849999999999997,0.0209,0.020924999999999996,0.020924999999999996,0.02095,0.0209,0.02095,0.02095,0.0209,0.021025,0.02095,0.020974999999999997,0.021,0.020974999999999997,0.021049999999999996]},"I":{"unit":"A","value":[-0.0005859999999999999,-0.000108,0.00027800000000000004,0.0005470000000000001,0.000705,0.000776,0.000809,0.000823,0.0008259999999999999,0.00083,0.000833,0.000832,0.000834,0.000833,0.000837,0.000834,0.0008359999999999999,0.000837,0.000837,0.000838,0.0008359999999999999,0.000838,0.000838,0.0008359999999999999,0.000841,0.000838,0.000839,0.0008399999999999999,0.000839,0.000842]},"efficiency":{"unit":"%","value":18.313599999999997},"fill_factor":{"unit":"%","value":79.72545960880541},"jsc":{"unit":"mA\/cm2","value":21.02},"isc":{"unit":"mA","value":0.8408},"voc":{"unit":"V","value":1.0928082901554406},"sweep_direction":{"unit":"","value":"Reverse"},"key":"reverse_1_52107135"},{"V":{"unit":"V","value":[1.096,1.056,1.016,0.976,0.936,0.896,0.856,0.816,0.776,0.736,0.696,0.656,0.616,0.576,0.536,0.496,0.456,0.416,0.376,0.336,0.296,0.256,0.216,0.176,0.136,0.096,0.056,0.016,-0.024]},"J":{"unit":"A\/cm2","value":[-0.010375,-0.001975,0.00555,0.011749999999999998,0.016125,0.018625,0.019675,0.020175000000000002,0.020375,0.020399999999999998,0.020524999999999998,0.020474999999999997,0.02055,0.020599999999999997,0.02055,0.020649999999999998,0.020625,0.020649999999999998,0.0207,0.0207,0.020724999999999997,0.02075,0.02075,0.020724999999999997,0.020799999999999996,0.020775,0.020775,0.020825,0.020775]},"I":{"unit":"A","value":[-0.000415,-7.9e-5,0.000222,0.00047,0.0006450000000000001,0.000745,0.000787,0.0008070000000000001,0.000815,0.000816,0.0008209999999999999,0.000819,0.0008219999999999999,0.000824,0.0008219999999999999,0.0008259999999999999,0.000825,0.0008259999999999999,0.000828,0.000828,0.000829,0.00083,0.00083,0.000829,0.000832,0.0008309999999999999,0.0008309999999999999,0.000833,0.0008309999999999999]},"efficiency":{"unit":"%","value":16.8418},"fill_factor":{"unit":"%","value":77.42764646534943},"jsc":{"unit":"mA\/cm2","value":20.805},"isc":{"unit":"mA","value":0.8321999999999999},"voc":{"unit":"V","value":1.045501661129568},"sweep_direction":{"unit":"","value":"Reverse"},"key":"reverse_1_52107044"},{"V":{"unit":"V","value":[1.121,1.081,1.041,1.001,0.961,0.921,0.881,0.841,0.801,0.761,0.721,0.681,0.641,0.601,0.561,0.521,0.481,0.441,0.401,0.361,0.321,0.281,0.241,0.201,0.161,0.121,0.081,0.041,0.001,-0.039]},"J":{"unit":"A\/cm2","value":[-0.009275,-0.0017250000000000002,0.005025,0.01075,0.015099999999999999,0.0179,0.019274999999999997,0.019925000000000002,0.020225,0.020349999999999997,0.020474999999999997,0.020474999999999997,0.020575,0.020599999999999997,0.020625,0.0207,0.020625,0.0207,0.020724999999999997,0.020724999999999997,0.020775,0.020724999999999997,0.020799999999999996,0.020775,0.020799999999999996,0.020825,0.020799999999999996,0.020825,0.020849999999999997,0.020825]},"I":{"unit":"A","value":[-0.000371,-6.900000000000001e-5,0.000201,0.00043,0.0006039999999999999,0.000716,0.000771,0.0007970000000000001,0.000809,0.0008139999999999999,0.000819,0.000819,0.000823,0.000824,0.000825,0.000828,0.000825,0.000828,0.000829,0.000829,0.0008309999999999999,0.000829,0.000832,0.0008309999999999999,0.000832,0.000833,0.000832,0.000833,0.000834,0.000833]},"efficiency":{"unit":"%","value":16.981275},"fill_factor":{"unit":"%","value":76.0637801680918},"jsc":{"unit":"mA\/cm2","value":20.849375},"isc":{"unit":"mA","value":0.833975},"voc":{"unit":"V","value":1.0707777777777776},"sweep_direction":{"unit":"","value":"Reverse"},"key":"reverse_1_52107043"},{"V":{"unit":"V","value":[-0.05,-0.01,0.03,0.07,0.11,0.15,0.19,0.23,0.27,0.31,0.35,0.39,0.43,0.47,0.51,0.55,0.59,0.63,0.67,0.71,0.75,0.79,0.83,0.87,0.91,0.95,0.99,1.03,1.07,1.11,1.15]},"J":{"unit":"A\/cm2","value":[0.019100000000000002,0.019025,0.018949999999999998,0.018975000000000002,0.018975000000000002,0.0189,0.0189,0.0189,0.0189,0.018875,0.0189,0.018875,0.018850000000000002,0.0189,0.0188,0.018824999999999998,0.018875,0.018725,0.018824999999999998,0.01875,0.018725,0.018725,0.01855,0.018475,0.01805,0.017075,0.015175,0.011,0.0025,-0.0127,-0.035025]},"I":{"unit":"A","value":[0.000764,0.000761,0.000758,0.000759,0.000759,0.000756,0.000756,0.000756,0.000756,0.000755,0.000756,0.000755,0.000754,0.000756,0.000752,0.000753,0.000755,0.000749,0.000753,0.00075,0.000749,0.000749,0.000742,0.000739,0.000722,0.000683,0.000607,0.00044,0.0001,-0.000508,-0.0014010000000000001]},"efficiency":{"unit":"%","value":16.4255},"fill_factor":{"unit":"%","value":80.27425398073474},"jsc":{"unit":"mA\/cm2","value":19.006249999999998},"isc":{"unit":"mA","value":0.76025},"voc":{"unit":"V","value":1.076578947368421},"sweep_direction":{"unit":"","value":"Forward"},"key":"forward_9_52107135"},{"V":{"unit":"V","value":[-0.05,-0.01,0.03,0.07,0.11,0.15,0.19,0.23,0.27,0.31,0.35,0.39,0.43,0.47,0.51,0.55,0.59,0.63,0.67,0.71,0.75,0.79,0.83,0.87,0.91,0.95,0.99,1.03,1.07,1.11]},"J":{"unit":"A\/cm2","value":[0.019975,0.0199,0.0199,0.019875,0.019825,0.019875,0.0198,0.0198,0.0198,0.01975,0.019775,0.0197,0.019725000000000003,0.019725000000000003,0.01965,0.01965,0.019625,0.019600000000000003,0.019600000000000003,0.019575,0.0195,0.019425,0.019274999999999997,0.018875,0.01805,0.01575,0.010975,0.00285,-0.008225,-0.0214]},"I":{"unit":"A","value":[0.000799,0.000796,0.000796,0.000795,0.0007930000000000001,0.000795,0.0007920000000000001,0.0007920000000000001,0.0007920000000000001,0.00079,0.000791,0.0007880000000000001,0.000789,0.000789,0.000786,0.000786,0.000785,0.0007840000000000001,0.0007840000000000001,0.0007830000000000001,0.00078,0.000777,0.000771,0.000755,0.000722,0.00063,0.000439,0.000114,-0.00032900000000000003,-0.000856]},"efficiency":{"unit":"%","value":16.4255},"fill_factor":{"unit":"%","value":79.3431898561921},"jsc":{"unit":"mA\/cm2","value":19.900000000000002},"isc":{"unit":"mA","value":0.796},"voc":{"unit":"V","value":1.040293453724605},"sweep_direction":{"unit":"","value":"Forward"},"key":"forward_9_52107044"},{"V":{"unit":"V","value":[-0.05,-0.01,0.03,0.07,0.11,0.15,0.19,0.23,0.27,0.31,0.35,0.39,0.43,0.47,0.51,0.55,0.59,0.63,0.67,0.71,0.75,0.79,0.83,0.87,0.91,0.95,0.99,1.03,1.07,1.11,1.15]},"J":{"unit":"A\/cm2","value":[0.019600000000000003,0.0195,0.019475000000000003,0.019475000000000003,0.01945,0.01945,0.019399999999999997,0.019425,0.019375,0.019350000000000003,0.019375,0.019325,0.019350000000000003,0.0193,0.019274999999999997,0.019274999999999997,0.0192,0.019225000000000003,0.0192,0.019125,0.019100000000000002,0.019,0.018850000000000002,0.0185,0.017775,0.0161,0.01275,0.006625,-0.0024500000000000004,-0.013900000000000001,-0.027174999999999998]},"I":{"unit":"A","value":[0.0007840000000000001,0.00078,0.0007790000000000001,0.0007790000000000001,0.000778,0.000778,0.000776,0.000777,0.000775,0.0007740000000000001,0.000775,0.000773,0.0007740000000000001,0.000772,0.000771,0.000771,0.000768,0.000769,0.000768,0.0007650000000000001,0.000764,0.00076,0.000754,0.00074,0.0007109999999999999,0.000644,0.00051,0.000265,-9.800000000000001e-5,-0.0005560000000000001,-0.0010869999999999999]},"efficiency":{"unit":"%","value":16.17525},"fill_factor":{"unit":"%","value":78.33884888474282},"jsc":{"unit":"mA\/cm2","value":19.493750000000002},"isc":{"unit":"mA","value":0.77975},"voc":{"unit":"V","value":1.0592011019283747},"sweep_direction":{"unit":"","value":"Forward"},"key":"forward_9_52107043"},{"V":{"unit":"V","value":[-0.05,-0.01,0.03,0.07,0.11,0.15,0.19,0.23,0.27,0.31,0.35,0.39,0.43,0.47,0.51,0.55,0.59,0.63,0.67,0.71,0.75,0.79,0.83,0.87,0.91,0.95,0.99,1.03,1.07,1.11,1.15]},"J":{"unit":"A\/cm2","value":[0.019475000000000003,0.019375,0.019375,0.0193,0.019375,0.019325,0.019274999999999997,0.0193,0.019225000000000003,0.019274999999999997,0.019225000000000003,0.01925,0.019274999999999997,0.0192,0.019225000000000003,0.01925,0.0192,0.019175,0.019149999999999997,0.019125,0.019074999999999998,0.019074999999999998,0.018975000000000002,0.0188,0.018349999999999998,0.017375,0.015425,0.0114,0.0035249999999999995,-0.009699999999999999,-0.028525]},"I":{"unit":"A","value":[0.0007790000000000001,0.000775,0.000775,0.000772,0.000775,0.000773,0.000771,0.000772,0.000769,0.000771,0.000769,0.0007700000000000001,0.000771,0.000768,0.000769,0.0007700000000000001,0.000768,0.000767,0.000766,0.0007650000000000001,0.000763,0.000763,0.000759,0.000752,0.000734,0.000695,0.000617,0.000456,0.00014099999999999998,-0.000388,-0.001141]},"efficiency":{"unit":"%","value":16.6985},"fill_factor":{"unit":"%","value":79.75281475834525},"jsc":{"unit":"mA\/cm2","value":19.375},"isc":{"unit":"mA","value":0.775},"voc":{"unit":"V","value":1.0806616257088846},"sweep_direction":{"unit":"","value":"Forward"},"key":"forward_8_52107135"},{"V":{"unit":"V","value":[-0.05,-0.01,0.03,0.07,0.11,0.15,0.19,0.23,0.27,0.31,0.35,0.39,0.43,0.47,0.51,0.55,0.59,0.63,0.67,0.71,0.75,0.79,0.83,0.87,0.91,0.95,0.99,1.03,1.07,1.11]},"J":{"unit":"A\/cm2","value":[0.019925000000000002,0.0199,0.019825,0.019850000000000003,0.019850000000000003,0.019775,0.019825,0.019775,0.01975,0.0198,0.0197,0.019725000000000003,0.019675,0.0197,0.019625,0.01965,0.019625,0.019600000000000003,0.019575,0.019475000000000003,0.019524999999999997,0.019375,0.0192,0.018875,0.017849999999999998,0.015625,0.010799999999999999,0.002775,-0.00795,-0.020724999999999997]},"I":{"unit":"A","value":[0.0007970000000000001,0.000796,0.0007930000000000001,0.000794,0.000794,0.000791,0.0007930000000000001,0.000791,0.00079,0.0007920000000000001,0.0007880000000000001,0.000789,0.000787,0.0007880000000000001,0.000785,0.000786,0.000785,0.0007840000000000001,0.0007830000000000001,0.0007790000000000001,0.000781,0.000775,0.000768,0.000755,0.000714,0.000625,0.000432,0.000111,-0.00031800000000000003,-0.000829]},"efficiency":{"unit":"%","value":16.42125},"fill_factor":{"unit":"%","value":79.39318063575578},"jsc":{"unit":"mA\/cm2","value":19.88125},"isc":{"unit":"mA","value":0.7952500000000001},"voc":{"unit":"V","value":1.0403496503496503},"sweep_direction":{"unit":"","value":"Forward"},"key":"forward_8_52107044"},{"V":{"unit":"V","value":[-0.05,-0.01,0.03,0.07,0.11,0.15,0.19,0.23,0.27,0.31,0.35,0.39,0.43,0.47,0.51,0.55,0.59,0.63,0.67,0.71,0.75,0.79,0.83,0.87,0.91,0.95,0.99,1.03,1.07,1.11]},"J":{"unit":"A\/cm2","value":[0.019925000000000002,0.019850000000000003,0.0198,0.01975,0.019825,0.019725000000000003,0.01975,0.019725000000000003,0.019675,0.019725000000000003,0.019675,0.019675,0.019675,0.019600000000000003,0.019675,0.019600000000000003,0.019575,0.01955,0.019524999999999997,0.019475000000000003,0.019425,0.019325,0.019125,0.018775,0.0179,0.016050000000000002,0.01235,0.005974999999999999,-0.003,-0.014099999999999998]},"I":{"unit":"A","value":[0.0007970000000000001,0.000794,0.0007920000000000001,0.00079,0.0007930000000000001,0.000789,0.00079,0.000789,0.000787,0.000789,0.000787,0.000787,0.000787,0.0007840000000000001,0.000787,0.0007840000000000001,0.0007830000000000001,0.000782,0.000781,0.0007790000000000001,0.000777,0.000773,0.0007650000000000001,0.000751,0.000716,0.000642,0.000494,0.00023899999999999998,-0.00011999999999999999,-0.0005639999999999999]},"efficiency":{"unit":"%","value":16.33425},"fill_factor":{"unit":"%","value":77.92727970224288},"jsc":{"unit":"mA\/cm2","value":19.837500000000002},"isc":{"unit":"mA","value":0.7935000000000001},"voc":{"unit":"V","value":1.0566295264623955},"sweep_direction":{"unit":"","value":"Forward"},"key":"forward_8_52107043"},{"V":{"unit":"V","value":[-0.05,-0.01,0.03,0.07,0.11,0.15,0.19,0.23,0.27,0.31,0.35,0.39,0.43,0.47,0.51,0.55,0.59,0.63,0.67,0.71,0.75,0.79,0.83,0.87,0.91,0.95,0.99,1.03,1.07,1.11,1.15]},"J":{"unit":"A\/cm2","value":[0.019675,0.01955,0.019475000000000003,0.0195,0.019399999999999997,0.019425,0.019425,0.019375,0.019425,0.019375,0.019399999999999997,0.019350000000000003,0.019350000000000003,0.019350000000000003,0.0193,0.019325,0.019325,0.019274999999999997,0.019274999999999997,0.0192,0.0192,0.019125,0.01905,0.018824999999999998,0.018375,0.017325,0.0152,0.011375,0.0040750000000000005,-0.00825,-0.026025]},"I":{"unit":"A","value":[0.000787,0.000782,0.0007790000000000001,0.00078,0.000776,0.000777,0.000777,0.000775,0.000777,0.000775,0.000776,0.0007740000000000001,0.0007740000000000001,0.0007740000000000001,0.000772,0.000773,0.000773,0.000771,0.000771,0.000768,0.000768,0.0007650000000000001,0.000762,0.000753,0.000735,0.0006929999999999999,0.000608,0.000455,0.000163,-0.00033,-0.0010409999999999998]},"efficiency":{"unit":"%","value":16.72125},"fill_factor":{"unit":"%","value":79.03509241053874},"jsc":{"unit":"mA\/cm2","value":19.53125},"isc":{"unit":"mA","value":0.78125},"voc":{"unit":"V","value":1.0832251521298175},"sweep_direction":{"unit":"","value":"Forward"},"key":"forward_7_52107135"},{"V":{"unit":"V","value":[-0.05,-0.01,0.03,0.07,0.11,0.15,0.19,0.23,0.27,0.31,0.35,0.39,0.43,0.47,0.51,0.55,0.59,0.63,0.67,0.71,0.75,0.79,0.83,0.87,0.91,0.95,0.99,1.03,1.07,1.11]},"J":{"unit":"A\/cm2","value":[0.02055,0.02055,0.020425,0.020474999999999997,0.02045,0.020375,0.02045,0.020349999999999997,0.020375,0.020349999999999997,0.020300000000000002,0.020300000000000002,0.020275,0.02025,0.020225,0.020225,0.020175000000000002,0.020175000000000002,0.0201,0.020050000000000002,0.020075,0.019850000000000003,0.0197,0.019149999999999997,0.017974999999999998,0.015449999999999998,0.010174999999999998,0.0021999999999999997,-0.008225,-0.020325]},"I":{"unit":"A","value":[0.0008219999999999999,0.0008219999999999999,0.0008169999999999999,0.000819,0.0008179999999999999,0.000815,0.0008179999999999999,0.0008139999999999999,0.000815,0.0008139999999999999,0.000812,0.000812,0.0008110000000000001,0.0008100000000000001,0.000809,0.000809,0.0008070000000000001,0.0008070000000000001,0.000804,0.0008020000000000001,0.000803,0.000794,0.0007880000000000001,0.000766,0.000719,0.000618,0.00040699999999999997,8.8e-5,-0.00032900000000000003,-0.0008129999999999999]},"efficiency":{"unit":"%","value":16.6605},"fill_factor":{"unit":"%","value":78.19071794455843},"jsc":{"unit":"mA\/cm2","value":20.51875},"isc":{"unit":"mA","value":0.82075},"voc":{"unit":"V","value":1.038441247002398},"sweep_direction":{"unit":"","value":"Forward"},"key":"forward_7_52107044"},{"V":{"unit":"V","value":[-0.05,-0.01,0.03,0.07,0.11,0.15,0.19,0.23,0.27,0.31,0.35,0.39,0.43,0.47,0.51,0.55,0.59,0.63,0.67,0.71,0.75,0.79,0.83,0.87,0.91,0.95,0.99,1.03,1.07,1.11,1.15]},"J":{"unit":"A\/cm2","value":[0.020399999999999998,0.020300000000000002,0.020225,0.020300000000000002,0.02015,0.0202,0.020175000000000002,0.020125,0.0202,0.020075,0.0201,0.0201,0.020075,0.020050000000000002,0.020025,0.02,0.02,0.01995,0.019925000000000002,0.019925000000000002,0.019825,0.019675,0.01955,0.019100000000000002,0.018275,0.016375,0.012549999999999999,0.006325,-0.002375,-0.01285,-0.024599999999999997]},"I":{"unit":"A","value":[0.000816,0.000812,0.000809,0.000812,0.0008060000000000001,0.000808,0.0008070000000000001,0.000805,0.000808,0.000803,0.000804,0.000804,0.000803,0.0008020000000000001,0.0008010000000000001,0.0008,0.0008,0.000798,0.0007970000000000001,0.0007970000000000001,0.0007930000000000001,0.000787,0.000782,0.000764,0.000731,0.000655,0.000502,0.000253,-9.5e-5,-0.000514,-0.000984]},"efficiency":{"unit":"%","value":16.63025},"fill_factor":{"unit":"%","value":77.42391075682711},"jsc":{"unit":"mA\/cm2","value":20.28125},"isc":{"unit":"mA","value":0.81125},"voc":{"unit":"V","value":1.0590804597701151},"sweep_direction":{"unit":"","value":"Forward"},"key":"forward_7_52107043"},{"V":{"unit":"V","value":[-0.05,-0.01,0.03,0.07,0.11,0.15,0.19,0.23,0.27,0.31,0.35,0.39,0.43,0.47,0.51,0.55,0.59,0.63,0.67,0.71,0.75,0.79,0.83,0.87,0.91,0.95,0.99,1.03,1.07,1.11,1.15]},"J":{"unit":"A\/cm2","value":[0.019625,0.01945,0.0195,0.01945,0.019399999999999997,0.01945,0.019399999999999997,0.019399999999999997,0.019399999999999997,0.019350000000000003,0.019399999999999997,0.019350000000000003,0.019375,0.019375,0.019350000000000003,0.019325,0.019350000000000003,0.019325,0.019225000000000003,0.019325,0.0192,0.019225000000000003,0.019149999999999997,0.018949999999999998,0.0186,0.017599999999999998,0.0155,0.010924999999999999,0.0015249999999999999,-0.013875000000000002,-0.035025]},"I":{"unit":"A","value":[0.000785,0.000778,0.00078,0.000778,0.000776,0.000778,0.000776,0.000776,0.000776,0.0007740000000000001,0.000776,0.0007740000000000001,0.000775,0.000775,0.0007740000000000001,0.000773,0.0007740000000000001,0.000773,0.000769,0.000773,0.000768,0.000769,0.000766,0.000758,0.000744,0.000704,0.00062,0.000437,6.1e-5,-0.000555,-0.0014010000000000001]},"efficiency":{"unit":"%","value":16.926},"fill_factor":{"unit":"%","value":80.97802578153278},"jsc":{"unit":"mA\/cm2","value":19.4625},"isc":{"unit":"mA","value":0.7785},"voc":{"unit":"V","value":1.073961038961039},"sweep_direction":{"unit":"","value":"Forward"},"key":"forward_6_52107135"},{"V":{"unit":"V","value":[-0.05,-0.01,0.03,0.07,0.11,0.15,0.19,0.23,0.27,0.31,0.35,0.39,0.43,0.47,0.51,0.55,0.59,0.63,0.67,0.71,0.75,0.79,0.83,0.87,0.91,0.95,0.99,1.03,1.07,1.11]},"J":{"unit":"A\/cm2","value":[0.019775,0.0197,0.0197,0.0197,0.019675,0.019675,0.019600000000000003,0.019625,0.01965,0.019524999999999997,0.019600000000000003,0.01955,0.0195,0.019575,0.01945,0.019475000000000003,0.019425,0.019425,0.019425,0.019399999999999997,0.019325,0.019225000000000003,0.019100000000000002,0.018699999999999998,0.017924999999999996,0.0157,0.011125,0.0034000000000000002,-0.007174999999999999,-0.019725000000000003]},"I":{"unit":"A","value":[0.000791,0.0007880000000000001,0.0007880000000000001,0.0007880000000000001,0.000787,0.000787,0.0007840000000000001,0.000785,0.000786,0.000781,0.0007840000000000001,0.000782,0.00078,0.0007830000000000001,0.000778,0.0007790000000000001,0.000777,0.000777,0.000777,0.000776,0.000773,0.000769,0.000764,0.000748,0.000717,0.000628,0.00044500000000000003,0.000136,-0.000287,-0.000789]},"efficiency":{"unit":"%","value":16.31175},"fill_factor":{"unit":"%","value":79.39773327866678},"jsc":{"unit":"mA\/cm2","value":19.7},"isc":{"unit":"mA","value":0.7879999999999999},"voc":{"unit":"V","value":1.0428605200945626},"sweep_direction":{"unit":"","value":"Forward"},"key":"forward_6_52107044"},{"V":{"unit":"V","value":[-0.05,-0.01,0.03,0.07,0.11,0.15,0.19,0.23,0.27,0.31,0.35,0.39,0.43,0.47,0.51,0.55,0.59,0.63,0.67,0.71,0.75,0.79,0.83,0.87,0.91,0.95,0.99,1.03,1.07,1.11]},"J":{"unit":"A\/cm2","value":[0.019675,0.019600000000000003,0.019675,0.01955,0.019575,0.01955,0.019475000000000003,0.01955,0.01945,0.0195,0.019475000000000003,0.01945,0.019399999999999997,0.019399999999999997,0.019375,0.0193,0.019350000000000003,0.01925,0.01925,0.01925,0.019100000000000002,0.019074999999999998,0.018824999999999998,0.018449999999999998,0.0177,0.01585,0.012199999999999999,0.00605,-0.002525,-0.012975]},"I":{"unit":"A","value":[0.000787,0.0007840000000000001,0.000787,0.000782,0.0007830000000000001,0.000782,0.0007790000000000001,0.000782,0.000778,0.00078,0.0007790000000000001,0.000778,0.000776,0.000776,0.000775,0.000772,0.0007740000000000001,0.0007700000000000001,0.0007700000000000001,0.0007700000000000001,0.000764,0.000763,0.000753,0.0007379999999999999,0.000708,0.000634,0.000488,0.000242,-0.000101,-0.000519]},"efficiency":{"unit":"%","value":16.107},"fill_factor":{"unit":"%","value":77.58302594442192},"jsc":{"unit":"mA\/cm2","value":19.618750000000002},"isc":{"unit":"mA","value":0.7847500000000001},"voc":{"unit":"V","value":1.0582215743440235},"sweep_direction":{"unit":"","value":"Forward"},"key":"forward_6_52107043"},{"V":{"unit":"V","value":[-0.05,-0.01,0.03,0.07,0.11,0.15,0.19,0.23,0.27,0.31,0.35,0.39,0.43,0.47,0.51,0.55,0.59,0.63,0.67,0.71,0.75,0.79,0.83,0.87,0.91,0.95,0.99,1.03,1.07,1.11,1.15]},"J":{"unit":"A\/cm2","value":[0.02,0.019925000000000002,0.019850000000000003,0.019875,0.019825,0.019825,0.019825,0.0198,0.0198,0.0198,0.0198,0.019775,0.019775,0.019775,0.0197,0.01975,0.019725000000000003,0.019675,0.01975,0.01965,0.019625,0.01965,0.019475000000000003,0.019425,0.018949999999999998,0.018075,0.016225,0.011949999999999999,0.0030749999999999996,-0.012875,-0.036175000000000006]},"I":{"unit":"A","value":[0.0008,0.0007970000000000001,0.000794,0.000795,0.0007930000000000001,0.0007930000000000001,0.0007930000000000001,0.0007920000000000001,0.0007920000000000001,0.0007920000000000001,0.0007920000000000001,0.000791,0.000791,0.000791,0.0007880000000000001,0.00079,0.000789,0.000787,0.00079,0.000786,0.000785,0.000786,0.0007790000000000001,0.000777,0.000758,0.000723,0.0006490000000000001,0.00047799999999999996,0.000123,-0.000515,-0.0014470000000000002]},"efficiency":{"unit":"%","value":17.244500000000002},"fill_factor":{"unit":"%","value":80.38196074846356},"jsc":{"unit":"mA\/cm2","value":19.90625},"isc":{"unit":"mA","value":0.79625},"voc":{"unit":"V","value":1.0777115987460817},"sweep_direction":{"unit":"","value":"Forward"},"key":"forward_5_52107135"},{"V":{"unit":"V","value":[-0.05,-0.01,0.03,0.07,0.11,0.15,0.19,0.23,0.27,0.31,0.35,0.39,0.43,0.47,0.51,0.55,0.59,0.63,0.67,0.71,0.75,0.79,0.83,0.87,0.91,0.95,0.99,1.03,1.07,1.11]},"J":{"unit":"A\/cm2","value":[0.020175000000000002,0.02015,0.020025,0.020050000000000002,0.020025,0.020025,0.02,0.01995,0.019975,0.02,0.01995,0.019925000000000002,0.019925000000000002,0.019850000000000003,0.019875,0.019925000000000002,0.019775,0.0198,0.01975,0.0197,0.01975,0.019575,0.019475000000000003,0.019125,0.018224999999999998,0.0162,0.0115,0.0034750000000000002,-0.00775,-0.0213]},"I":{"unit":"A","value":[0.0008070000000000001,0.0008060000000000001,0.0008010000000000001,0.0008020000000000001,0.0008010000000000001,0.0008010000000000001,0.0008,0.000798,0.000799,0.0008,0.000798,0.0007970000000000001,0.0007970000000000001,0.000794,0.000795,0.0007970000000000001,0.000791,0.0007920000000000001,0.00079,0.0007880000000000001,0.00079,0.0007830000000000001,0.0007790000000000001,0.0007650000000000001,0.0007289999999999999,0.000648,0.00046,0.00013900000000000002,-0.00031,-0.000852]},"efficiency":{"unit":"%","value":16.638749999999998},"fill_factor":{"unit":"%","value":79.340028445855},"jsc":{"unit":"mA\/cm2","value":20.118749999999995},"isc":{"unit":"mA","value":0.8047499999999999},"voc":{"unit":"V","value":1.0423830734966593},"sweep_direction":{"unit":"","value":"Forward"},"key":"forward_5_52107044"},{"V":{"unit":"V","value":[-0.05,-0.01,0.03,0.07,0.11,0.15,0.19,0.23,0.27,0.31,0.35,0.39,0.43,0.47,0.51,0.55,0.59,0.63,0.67,0.71,0.75,0.79,0.83,0.87,0.91,0.95,0.99,1.03,1.07,1.11]},"J":{"unit":"A\/cm2","value":[0.020050000000000002,0.02,0.019975,0.019925000000000002,0.019925000000000002,0.019925000000000002,0.01995,0.0199,0.019875,0.019850000000000003,0.019925000000000002,0.019875,0.0198,0.0198,0.01975,0.019775,0.01975,0.0197,0.019725000000000003,0.01965,0.019600000000000003,0.01955,0.019325,0.019,0.0182,0.016425000000000002,0.01265,0.00625,-0.002875,-0.014074999999999997]},"I":{"unit":"A","value":[0.0008020000000000001,0.0008,0.000799,0.0007970000000000001,0.0007970000000000001,0.0007970000000000001,0.000798,0.000796,0.000795,0.000794,0.0007970000000000001,0.000795,0.0007920000000000001,0.0007920000000000001,0.00079,0.000791,0.00079,0.0007880000000000001,0.000789,0.000786,0.0007840000000000001,0.000782,0.000773,0.00076,0.000728,0.000657,0.000506,0.00025,-0.000115,-0.0005629999999999999]},"efficiency":{"unit":"%","value":16.561999999999998},"fill_factor":{"unit":"%","value":78.33941823622574},"jsc":{"unit":"mA\/cm2","value":19.993750000000002},"isc":{"unit":"mA","value":0.7997500000000001},"voc":{"unit":"V","value":1.0573972602739727},"sweep_direction":{"unit":"","value":"Forward"},"key":"forward_5_52107043"},{"V":{"unit":"V","value":[-0.05,-0.01,0.03,0.07,0.11,0.15,0.19,0.23,0.27,0.31,0.35,0.39,0.43,0.47,0.51,0.55,0.59,0.63,0.67,0.71,0.75,0.79,0.83,0.87,0.91,0.95,0.99,1.03,1.07,1.11,1.15]},"J":{"unit":"A\/cm2","value":[0.020275,0.020225,0.020175000000000002,0.020175000000000002,0.0202,0.020125,0.02015,0.020125,0.020075,0.020125,0.020075,0.020075,0.0201,0.020050000000000002,0.020050000000000002,0.02,0.02,0.020025,0.019975,0.02,0.019925000000000002,0.019875,0.0198,0.019675,0.019325,0.018475,0.016775,0.013099999999999999,0.00545,-0.008725,-0.03065]},"I":{"unit":"A","value":[0.0008110000000000001,0.000809,0.0008070000000000001,0.0008070000000000001,0.000808,0.000805,0.0008060000000000001,0.000805,0.000803,0.000805,0.000803,0.000803,0.000804,0.0008020000000000001,0.0008020000000000001,0.0008,0.0008,0.0008010000000000001,0.000799,0.0008,0.0007970000000000001,0.000795,0.0007920000000000001,0.000787,0.000773,0.000739,0.000671,0.000524,0.00021799999999999999,-0.00034899999999999997,-0.0012259999999999999]},"efficiency":{"unit":"%","value":17.58575},"fill_factor":{"unit":"%","value":80.1603070236989},"jsc":{"unit":"mA\/cm2","value":20.2125},"isc":{"unit":"mA","value":0.8085},"voc":{"unit":"V","value":1.0853791887125221},"sweep_direction":{"unit":"","value":"Forward"},"key":"forward_4_52107135"},{"V":{"unit":"V","value":[-0.05,-0.01,0.03,0.07,0.11,0.15,0.19,0.23,0.27,0.31,0.35,0.39,0.43,0.47,0.51,0.55,0.59,0.63,0.67,0.71,0.75,0.79,0.83,0.87,0.91,0.95,0.99,1.03,1.07,1.11]},"J":{"unit":"A\/cm2","value":[0.020674999999999995,0.020649999999999998,0.02055,0.020575,0.020575,0.020524999999999998,0.02055,0.020474999999999997,0.02045,0.020474999999999997,0.020425,0.020375,0.02045,0.020375,0.020349999999999997,0.020349999999999997,0.02025,0.020349999999999997,0.020225,0.0202,0.020175000000000002,0.020050000000000002,0.019875,0.019475000000000003,0.018475,0.016125,0.011325,0.0034000000000000002,-0.007124999999999999,-0.019575]},"I":{"unit":"A","value":[0.0008269999999999999,0.0008259999999999999,0.0008219999999999999,0.000823,0.000823,0.0008209999999999999,0.0008219999999999999,0.000819,0.0008179999999999999,0.000819,0.0008169999999999999,0.000815,0.0008179999999999999,0.000815,0.0008139999999999999,0.0008139999999999999,0.0008100000000000001,0.0008139999999999999,0.000809,0.000808,0.0008070000000000001,0.0008020000000000001,0.000795,0.0007790000000000001,0.000739,0.0006450000000000001,0.000453,0.000136,-0.000285,-0.0007830000000000001]},"efficiency":{"unit":"%","value":16.943250000000003},"fill_factor":{"unit":"%","value":78.76823119941533},"jsc":{"unit":"mA\/cm2","value":20.624999999999996},"isc":{"unit":"mA","value":0.8249999999999998},"voc":{"unit":"V","value":1.0429216152019},"sweep_direction":{"unit":"","value":"Forward"},"key":"forward_4_52107044"},{"V":{"unit":"V","value":[-0.05,-0.01,0.03,0.07,0.11,0.15,0.19,0.23,0.27,0.31,0.35,0.39,0.43,0.47,0.51,0.55,0.59,0.63,0.67,0.71,0.75,0.79,0.83,0.87,0.91,0.95,0.99,1.03,1.07,1.11,1.15]},"J":{"unit":"A\/cm2","value":[0.020724999999999997,0.020775,0.020674999999999995,0.020674999999999995,0.020674999999999995,0.020599999999999997,0.020625,0.020599999999999997,0.020575,0.020599999999999997,0.02055,0.02055,0.02055,0.020524999999999998,0.0205,0.020524999999999998,0.020399999999999998,0.020474999999999997,0.020375,0.020349999999999997,0.020349999999999997,0.020175000000000002,0.020075,0.0197,0.018875,0.01705,0.013200000000000002,0.006925000000000001,-0.001675,-0.011949999999999999,-0.02345]},"I":{"unit":"A","value":[0.000829,0.0008309999999999999,0.0008269999999999999,0.0008269999999999999,0.0008269999999999999,0.000824,0.000825,0.000824,0.000823,0.000824,0.0008219999999999999,0.0008219999999999999,0.0008219999999999999,0.0008209999999999999,0.00082,0.0008209999999999999,0.000816,0.000819,0.000815,0.0008139999999999999,0.0008139999999999999,0.0008070000000000001,0.000803,0.0007880000000000001,0.000755,0.0006820000000000001,0.000528,0.000277,-6.7e-5,-0.00047799999999999996,-0.0009379999999999999]},"efficiency":{"unit":"%","value":17.17625},"fill_factor":{"unit":"%","value":77.92918801643356},"jsc":{"unit":"mA\/cm2","value":20.749999999999996},"isc":{"unit":"mA","value":0.8299999999999998},"voc":{"unit":"V","value":1.0622093023255814},"sweep_direction":{"unit":"","value":"Forward"},"key":"forward_4_52107043"},{"V":{"unit":"V","value":[-0.05,-0.01,0.03,0.07,0.11,0.15,0.19,0.23,0.27,0.31,0.35,0.39,0.43,0.47,0.51,0.55,0.59,0.63,0.67,0.71,0.75,0.79,0.83,0.87,0.91,0.95,0.99,1.03,1.07,1.11,1.15]},"J":{"unit":"A\/cm2","value":[0.01975,0.01975,0.01965,0.0197,0.019675,0.019625,0.019675,0.019575,0.019625,0.01965,0.019575,0.019625,0.019575,0.019600000000000003,0.019575,0.01955,0.01955,0.019524999999999997,0.019524999999999997,0.019475000000000003,0.019524999999999997,0.01945,0.019350000000000003,0.0193,0.018925,0.0182,0.01635,0.01185,0.001875,-0.016550000000000002,-0.043925]},"I":{"unit":"A","value":[0.00079,0.00079,0.000786,0.0007880000000000001,0.000787,0.000785,0.000787,0.0007830000000000001,0.000785,0.000786,0.0007830000000000001,0.000785,0.0007830000000000001,0.0007840000000000001,0.0007830000000000001,0.000782,0.000782,0.000781,0.000781,0.0007790000000000001,0.000781,0.000778,0.0007740000000000001,0.000772,0.000757,0.000728,0.0006540000000000001,0.000474,7.5e-5,-0.000662,-0.0017569999999999999]},"efficiency":{"unit":"%","value":17.29},"fill_factor":{"unit":"%","value":81.61033677690075},"jsc":{"unit":"mA\/cm2","value":19.724999999999998},"isc":{"unit":"mA","value":0.7889999999999999},"voc":{"unit":"V","value":1.0740705563093624},"sweep_direction":{"unit":"","value":"Forward"},"key":"forward_3_52107135"},{"V":{"unit":"V","value":[-0.05,-0.01,0.03,0.07,0.11,0.15,0.19,0.23,0.27,0.31,0.35,0.39,0.43,0.47,0.51,0.55,0.59,0.63,0.67,0.71,0.75,0.79,0.83,0.87,0.91,0.95,0.99,1.03,1.07,1.11]},"J":{"unit":"A\/cm2","value":[0.019925000000000002,0.0198,0.0198,0.019775,0.01975,0.01975,0.019725000000000003,0.0197,0.0197,0.019675,0.0197,0.019625,0.019625,0.019625,0.01965,0.01955,0.019575,0.0195,0.0195,0.019524999999999997,0.019375,0.019425,0.019225000000000003,0.018949999999999998,0.018349999999999998,0.016625,0.012625,0.005125,-0.006075,-0.020075]},"I":{"unit":"A","value":[0.0007970000000000001,0.0007920000000000001,0.0007920000000000001,0.000791,0.00079,0.00079,0.000789,0.0007880000000000001,0.0007880000000000001,0.000787,0.0007880000000000001,0.000785,0.000785,0.000785,0.000786,0.000782,0.0007830000000000001,0.00078,0.00078,0.000781,0.000775,0.000777,0.000769,0.000758,0.000734,0.000665,0.000505,0.000205,-0.000243,-0.000803]},"efficiency":{"unit":"%","value":16.6985},"fill_factor":{"unit":"%","value":80.44984380901253},"jsc":{"unit":"mA\/cm2","value":19.799999999999997},"isc":{"unit":"mA","value":0.7919999999999999},"voc":{"unit":"V","value":1.0483035714285716},"sweep_direction":{"unit":"","value":"Forward"},"key":"forward_3_52107044"},{"V":{"unit":"V","value":[-0.05,-0.01,0.03,0.07,0.11,0.15,0.19,0.23,0.27,0.31,0.35,0.39,0.43,0.47,0.51,0.55,0.59,0.63,0.67,0.71,0.75,0.79,0.83,0.87,0.91,0.95,0.99,1.03,1.07,1.11,1.15]},"J":{"unit":"A\/cm2","value":[0.01965,0.019625,0.019625,0.019575,0.01955,0.01955,0.019524999999999997,0.019524999999999997,0.01955,0.01945,0.019524999999999997,0.01945,0.019425,0.019475000000000003,0.019375,0.019375,0.019375,0.019325,0.019274999999999997,0.0193,0.019175,0.019149999999999997,0.018949999999999998,0.0186,0.017924999999999996,0.016149999999999998,0.012549999999999999,0.0064,-0.0022249999999999995,-0.012775,-0.024675]},"I":{"unit":"A","value":[0.000786,0.000785,0.000785,0.0007830000000000001,0.000782,0.000782,0.000781,0.000781,0.000782,0.000778,0.000781,0.000778,0.000777,0.0007790000000000001,0.000775,0.000775,0.000775,0.000773,0.000771,0.000772,0.000767,0.000766,0.000758,0.000744,0.000717,0.000646,0.000502,0.000256,-8.9e-5,-0.0005110000000000001,-0.000987]},"efficiency":{"unit":"%","value":16.31175},"fill_factor":{"unit":"%","value":78.43604343942422},"jsc":{"unit":"mA\/cm2","value":19.625000000000004},"isc":{"unit":"mA","value":0.7850000000000001},"voc":{"unit":"V","value":1.05968115942029},"sweep_direction":{"unit":"","value":"Forward"},"key":"forward_3_52107043"},{"V":{"unit":"V","value":[-0.05,-0.01,0.03,0.07,0.11,0.15,0.19,0.23,0.27,0.31,0.35,0.39,0.43,0.47,0.51,0.55,0.59,0.63,0.67,0.71,0.75,0.79,0.83,0.87,0.91,0.95,0.99,1.03,1.07,1.11,1.15]},"J":{"unit":"A\/cm2","value":[0.020175000000000002,0.02015,0.020075,0.0201,0.020075,0.020075,0.020050000000000002,0.020050000000000002,0.020050000000000002,0.020025,0.020050000000000002,0.02,0.019975,0.020025,0.019925000000000002,0.020025,0.019975,0.01995,0.019975,0.0199,0.019925000000000002,0.019850000000000003,0.019775,0.01965,0.01925,0.018425,0.016425000000000002,0.011899999999999999,0.0031,-0.01095,-0.02965]},"I":{"unit":"A","value":[0.0008070000000000001,0.0008060000000000001,0.000803,0.000804,0.000803,0.000803,0.0008020000000000001,0.0008020000000000001,0.0008020000000000001,0.0008010000000000001,0.0008020000000000001,0.0008,0.000799,0.0008010000000000001,0.0007970000000000001,0.0008010000000000001,0.000799,0.000798,0.000799,0.000796,0.0007970000000000001,0.000794,0.000791,0.000786,0.0007700000000000001,0.000737,0.000657,0.00047599999999999997,0.000124,-0.000438,-0.001186]},"efficiency":{"unit":"%","value":17.5175},"fill_factor":{"unit":"%","value":80.658498167052},"jsc":{"unit":"mA\/cm2","value":20.13125},"isc":{"unit":"mA","value":0.80525},"voc":{"unit":"V","value":1.0788256227758006},"sweep_direction":{"unit":"","value":"Forward"},"key":"forward_2_52107135"},{"V":{"unit":"V","value":[-0.05,-0.01,0.03,0.07,0.11,0.15,0.19,0.23,0.27,0.31,0.35,0.39,0.43,0.47,0.51,0.55,0.59,0.63,0.67,0.71,0.75,0.79,0.83,0.87,0.91,0.95,0.99,1.03,1.07,1.11]},"J":{"unit":"A\/cm2","value":[0.020075,0.020125,0.0201,0.02,0.020050000000000002,0.019975,0.019975,0.020025,0.019975,0.019975,0.019925000000000002,0.0199,0.0199,0.019875,0.019875,0.0198,0.019825,0.01975,0.019775,0.019725000000000003,0.01965,0.019625,0.019425,0.0192,0.018525,0.016725,0.012725,0.005199999999999999,-0.0058,-0.019475000000000003]},"I":{"unit":"A","value":[0.000803,0.000805,0.000804,0.0008,0.0008020000000000001,0.000799,0.000799,0.0008010000000000001,0.000799,0.000799,0.0007970000000000001,0.000796,0.000796,0.000795,0.000795,0.0007920000000000001,0.0007930000000000001,0.00079,0.000791,0.000789,0.000786,0.000785,0.000777,0.000768,0.000741,0.000669,0.000509,0.000208,-0.000232,-0.0007790000000000001]},"efficiency":{"unit":"%","value":16.85775},"fill_factor":{"unit":"%","value":79.88417703840803},"jsc":{"unit":"mA\/cm2","value":20.118750000000002},"isc":{"unit":"mA","value":0.8047500000000001},"voc":{"unit":"V","value":1.048909090909091},"sweep_direction":{"unit":"","value":"Forward"},"key":"forward_2_52107044"},{"V":{"unit":"V","value":[-0.05,-0.01,0.03,0.07,0.11,0.15,0.19,0.23,0.27,0.31,0.35,0.39,0.43,0.47,0.51,0.55,0.59,0.63,0.67,0.71,0.75,0.79,0.83,0.87,0.91,0.95,0.99,1.03,1.07,1.11,1.15]},"J":{"unit":"A\/cm2","value":[0.020175000000000002,0.0202,0.0201,0.0202,0.02015,0.020025,0.02015,0.020050000000000002,0.0201,0.020050000000000002,0.020050000000000002,0.020050000000000002,0.020025,0.02,0.019975,0.019975,0.019925000000000002,0.019925000000000002,0.019850000000000003,0.0198,0.01975,0.019600000000000003,0.019399999999999997,0.0188,0.0177,0.015274999999999999,0.011275,0.005825,-0.000725,-0.008074999999999999,-0.016]},"I":{"unit":"A","value":[0.0008070000000000001,0.000808,0.000804,0.000808,0.0008060000000000001,0.0008010000000000001,0.0008060000000000001,0.0008020000000000001,0.000804,0.0008020000000000001,0.0008020000000000001,0.0008020000000000001,0.0008010000000000001,0.0008,0.000799,0.000799,0.0007970000000000001,0.0007970000000000001,0.000794,0.0007920000000000001,0.00079,0.0007840000000000001,0.000776,0.000752,0.000708,0.000611,0.000451,0.00023300000000000003,-2.9e-5,-0.000323,-0.00064]},"efficiency":{"unit":"%","value":16.356},"fill_factor":{"unit":"%","value":76.08175935313481},"jsc":{"unit":"mA\/cm2","value":20.175},"isc":{"unit":"mA","value":0.807},"voc":{"unit":"V","value":1.0655725190839695},"sweep_direction":{"unit":"","value":"Forward"},"key":"forward_2_52107043"},{"V":{"unit":"V","value":[-0.05,-0.01,0.03,0.07,0.11,0.15,0.19,0.23,0.27,0.31,0.35,0.39,0.43,0.47,0.51,0.55,0.59,0.63,0.67,0.71,0.75,0.79,0.83,0.87,0.91,0.95,0.99,1.03,1.07,1.11,1.15]},"J":{"unit":"A\/cm2","value":[0.021025,0.021049999999999996,0.020974999999999997,0.020974999999999997,0.02095,0.020924999999999996,0.020924999999999996,0.020924999999999996,0.020924999999999996,0.020875,0.020875,0.0209,0.020825,0.020875,0.020849999999999997,0.020775,0.020849999999999997,0.020775,0.020775,0.020775,0.0207,0.020724999999999997,0.020575,0.020524999999999998,0.02025,0.01955,0.017875,0.013800000000000002,0.005399999999999999,-0.008875,-0.028875]},"I":{"unit":"A","value":[0.000841,0.000842,0.000839,0.000839,0.000838,0.000837,0.000837,0.000837,0.000837,0.0008349999999999999,0.0008349999999999999,0.0008359999999999999,0.000833,0.0008349999999999999,0.000834,0.0008309999999999999,0.000834,0.0008309999999999999,0.0008309999999999999,0.0008309999999999999,0.000828,0.000829,0.000823,0.0008209999999999999,0.0008100000000000001,0.000782,0.0007149999999999999,0.0005520000000000001,0.000216,-0.00035499999999999996,-0.001155]},"efficiency":{"unit":"%","value":18.572499999999998},"fill_factor":{"unit":"%","value":81.38099043416396},"jsc":{"unit":"mA\/cm2","value":21.031249999999996},"isc":{"unit":"mA","value":0.8412499999999999},"voc":{"unit":"V","value":1.0851313485113836},"sweep_direction":{"unit":"","value":"Forward"},"key":"forward_1_52107135"},{"V":{"unit":"V","value":[-0.05,-0.01,0.03,0.07,0.11,0.15,0.19,0.23,0.27,0.31,0.35,0.39,0.43,0.47,0.51,0.55,0.59,0.63,0.67,0.71,0.75,0.79,0.83,0.87,0.91,0.95,0.99,1.03,1.07,1.11]},"J":{"unit":"A\/cm2","value":[0.020849999999999997,0.020924999999999996,0.020799999999999996,0.020799999999999996,0.020799999999999996,0.020724999999999997,0.020775,0.0207,0.020674999999999995,0.020724999999999997,0.020649999999999998,0.020625,0.020625,0.020599999999999997,0.02055,0.020524999999999998,0.0205,0.020425,0.02045,0.020349999999999997,0.020325,0.0202,0.019875,0.019274999999999997,0.017674999999999996,0.0146,0.009625,0.0030749999999999996,-0.004625,-0.01315]},"I":{"unit":"A","value":[0.000834,0.000837,0.000832,0.000832,0.000832,0.000829,0.0008309999999999999,0.000828,0.0008269999999999999,0.000829,0.0008259999999999999,0.000825,0.000825,0.000824,0.0008219999999999999,0.0008209999999999999,0.00082,0.0008169999999999999,0.0008179999999999999,0.0008139999999999999,0.0008129999999999999,0.000808,0.000795,0.000771,0.000707,0.000584,0.00038500000000000003,0.000123,-0.000185,-0.000526]},"efficiency":{"unit":"%","value":16.76925},"fill_factor":{"unit":"%","value":76.73196946634745},"jsc":{"unit":"mA\/cm2","value":20.893749999999997},"isc":{"unit":"mA","value":0.8357499999999999},"voc":{"unit":"V","value":1.045974025974026},"sweep_direction":{"unit":"","value":"Forward"},"key":"forward_1_52107044"},{"V":{"unit":"V","value":[-0.05,-0.01,0.03,0.07,0.11,0.15,0.19,0.23,0.27,0.31,0.35,0.39,0.43,0.47,0.51,0.55,0.59,0.63,0.67,0.71,0.75,0.79,0.83,0.87,0.91,0.95,0.99,1.03,1.07,1.11,1.15]},"J":{"unit":"A\/cm2","value":[0.020875,0.0209,0.020825,0.020825,0.020849999999999997,0.020724999999999997,0.020799999999999996,0.02075,0.020724999999999997,0.0207,0.0207,0.020674999999999995,0.020674999999999995,0.0207,0.020625,0.020674999999999995,0.020575,0.020575,0.020524999999999998,0.02045,0.020399999999999998,0.0202,0.02,0.019350000000000003,0.018099999999999998,0.015574999999999999,0.011525,0.006175,-0.00025,-0.007374999999999999,-0.015]},"I":{"unit":"A","value":[0.0008349999999999999,0.0008359999999999999,0.000833,0.000833,0.000834,0.000829,0.000832,0.00083,0.000829,0.000828,0.000828,0.0008269999999999999,0.0008269999999999999,0.000828,0.000825,0.0008269999999999999,0.000823,0.000823,0.0008209999999999999,0.0008179999999999999,0.000816,0.000808,0.0008,0.0007740000000000001,0.0007239999999999999,0.000623,0.00046100000000000004,0.000247,-1.0e-5,-0.00029499999999999996,-0.0006]},"efficiency":{"unit":"%","value":16.8345},"fill_factor":{"unit":"%","value":75.45571439376751},"jsc":{"unit":"mA\/cm2","value":20.881249999999994},"isc":{"unit":"mA","value":0.8352499999999998},"voc":{"unit":"V","value":1.068443579766537},"sweep_direction":{"unit":"","value":"Forward"},"key":"forward_1_52107043"}]}}