{"_id":"652fd0b015804d488a7f1ad5","id":"CAU-SC-00382","author":70,"group":7,"input":[{"tco":{"unit":"","value":"ITO"}},[],{"etl":[{"material":{"unit":"","value":"SnO2"},"concentration":{"unit":"","value":"1.5"},"conc_unit":{"unit":"","value":"wt%"},"quantity":{"unit":"ml","value":"0.3"}}],"solvent":[{"material":{"unit":"","value":"DI Water"},"volume":{"unit":"ml","value":"2.7"}}],"spin_coating":[{"type":{"unit":"","value":"drop&run"},"rpm":{"unit":"","value":"3000"},"time":{"unit":"s","value":"30"}}],"vacuum_suction":[{"unit":"s","value":"0"}],"annealing":[{"temperature":{"unit":"oC","value":"170"},"time":{"unit":"m","value":"30"}}],"etl_doping":[{"material":{"unit":"","value":"PEAI"},"volume":{"unit":"ul","value":"0.5 mg"}}]},{"etl":[{"material":{"unit":"","value":"ZnO"},"concentration":{"unit":"","value":"109.75"},"conc_unit":{"unit":"","value":"mg\/ml"},"quantity":{"unit":"ml","value":"1"}}],"solvent":[{"material":{"unit":"","value":"2-ME"},"volume":{"unit":"ml","value":"2"}},{"material":{"unit":"","value":"Ethanolamine"},"volume":{"unit":"ml","value":"0.067"}}],"spin_coating":[{"type":{"unit":"","value":"drop&run"},"rpm":{"unit":"","value":"5000"},"time":{"unit":"s","value":"30"}}],"vacuum_suction":[{"unit":"s","value":"0"}],"annealing":[{"temperature":{"unit":"oC","value":"170"},"time":{"unit":"m","value":"30"}}]},[],{"perovskite":{"method":{"unit":"","value":"1step"},"molarity":{"unit":"M","value":"1.2"},"a_site":[{"material":{"unit":"","value":"Cs"},"ratio":{"unit":"","value":"105"}}],"b_site":[{"material":{"unit":"","value":"Pb"},"ratio":{"unit":"","value":"100"}}],"x_site":[{"material":{"unit":"","value":"I"},"ratio":{"unit":"","value":"67"}},{"material":{"unit":"","value":"Br"},"ratio":{"unit":"","value":"33"}}],"solvent":[{"material":{"unit":"","value":"DMSO"},"volume":{"unit":"ml","value":"0.7"}},{"material":{"unit":"","value":"DMF"},"volume":{"unit":"ml","value":"0.3"}}],"stirring_time":[{"unit":"m","value":"120"}],"spin_coating":[{"type":{"unit":"","value":"drop&run"},"rpm":{"unit":"","value":"3000"},"time":{"unit":"s","value":"43"}}],"annealing":[{"temperature":{"unit":"oC","value":"235"},"time":{"unit":"m","value":"10"}}],"atmosphere":[{"type":{"unit":"","value":"air"},"temperature":{"unit":"oC","value":"20"},"humidity":{"unit":"RH%","value":"38"}}],"assist":[{"type":{"unit":"","value":"hot air assist"},"temperature":{"unit":"oC","value":"230"},"assist_start_time":{"value":8,"unit":"s"},"total_assist_time":{"value":"0.233","unit":"s"}}],"additive":[{"material":{"unit":"","value":"CH2I2"},"solvent":{"unit":"","value":null},"concentration":{"unit":"","value":"100 uL"},"conc_unit":{"unit":"","value":null},"quantity":{"unit":"mol%","value":null}}]}},[],{"htl":[{"material":{"unit":"","value":"P3HT"},"concentration":{"unit":"","value":"10"},"conc_unit":{"unit":"","value":"mg\/ml"},"quantity":{"unit":"ml","value":"0.1"}}],"solvent":[{"material":{"unit":"","value":"CB"},"volume":{"unit":"ml","value":"1"}}],"spin_coating":[{"type":{"unit":"","value":"drop&run"},"rpm":{"unit":"","value":"3000"},"time":{"unit":"s","value":"30"}}],"vacuum_suction":[{"unit":"s","value":"0"}],"annealing":[{"temperature":{"unit":"oC","value":"100"},"time":{"unit":"m","value":"5"}}]},{"anode_metal":{"unit":"","value":"Au"}},{"note":{"unit":"","value":"CsPbI2Br+100uL Ch2I2_722041406_PEAI"},"ar":{"unit":"","value":"0"},"type":{"unit":"","value":"unit_cell"},"device_type":{"unit":"","value":"n-i-p"},"temperature":{"unit":"\u2103","value":"20"},"humidity":{"unit":"%","value":"38"},"cell_dimension":{"unit":"cm2","value":"0.04"}}],"fileinfo":[{"key":"CsPbI2Br+100uL Ch2I2_722041406_PEAI","uploadType":"JV","original_name":"CsPbI2Br+100uL Ch2I2_722041406_PEAI.xlsx","save_name":"CAU-SC-00382\/CsPbI2Br+100uL Ch2I2_722041406_PEAI","uploader":70,"fileType":"group"}],"jvcnt":10,"updated_at":"2024-06-03 08:38:34","created_at":"2023-10-18 12:33:52","analysisInfo":{"JV":[{"efficiency":14.726250000000002,"fill_factor":80.92396072174243,"jsc":15.187499999999998,"voc":1.1981984334203655,"key":"reverse_5_CsPbI2Br+100uL Ch2I2_722041406_PEAI","cell_dimension":null},{"efficiency":13.962549999999998,"fill_factor":74.56909429853471,"jsc":15.566875,"voc":1.2028305084745763,"key":"reverse_4_CsPbI2Br+100uL Ch2I2_722041406_PEAI","cell_dimension":null},{"efficiency":14.824425,"fill_factor":81.3049127852728,"jsc":15.131874999999999,"voc":1.204948051948052,"key":"reverse_3_CsPbI2Br+100uL Ch2I2_722041406_PEAI","cell_dimension":null},{"efficiency":14.740000000000002,"fill_factor":79.98774824033039,"jsc":15.095,"voc":1.2207898089171973,"key":"reverse_2_CsPbI2Br+100uL Ch2I2_722041406_PEAI","cell_dimension":null},{"efficiency":13.715374999999998,"fill_factor":72.33629126845439,"jsc":15.279375,"voc":1.2409259259259258,"key":"reverse_1_CsPbI2Br+100uL Ch2I2_722041406_PEAI","cell_dimension":null},{"efficiency":13.191749999999999,"fill_factor":75.05792458895931,"jsc":15.2,"voc":1.1562780269058295,"key":"forward_5_CsPbI2Br+100uL Ch2I2_722041406_PEAI","cell_dimension":null},{"efficiency":13.4145,"fill_factor":74.2616951404445,"jsc":15.574999999999998,"voc":1.159795918367347,"key":"forward_4_CsPbI2Br+100uL Ch2I2_722041406_PEAI","cell_dimension":null},{"efficiency":13.266,"fill_factor":75.17712986191411,"jsc":15.149999999999999,"voc":1.1647738693467335,"key":"forward_3_CsPbI2Br+100uL Ch2I2_722041406_PEAI","cell_dimension":null},{"efficiency":13.3155,"fill_factor":74.70144112805727,"jsc":15.11875,"voc":1.1789967637540455,"key":"forward_2_CsPbI2Br+100uL Ch2I2_722041406_PEAI","cell_dimension":null},{"efficiency":13.57025,"fill_factor":74.24802337720861,"jsc":15.281249999999998,"voc":1.1960355029585799,"key":"forward_1_CsPbI2Br+100uL Ch2I2_722041406_PEAI","cell_dimension":null}]},"public":2,"analysis":{"JV":[{"V":{"unit":"V","value":[1.25,1.21,1.17,1.13,1.09,1.05,1.01,0.97,0.93,0.89,0.85,0.81,0.77,0.73,0.69,0.65,0.61,0.57,0.53,0.49,0.45,0.41,0.37,0.33,0.29,0.25,0.21,0.17,0.13,0.09,0.05,0.01,-0.03]},"J":{"unit":"A\/cm2","value":[-0.0188,-0.0028250000000000003,0.00675,0.011349999999999999,0.013275,0.014025000000000001,0.01445,0.0146,0.014674999999999999,0.014749999999999997,0.014825,0.01485,0.014924999999999999,0.014924999999999999,0.01495,0.014975,0.015,0.01505,0.015024999999999998,0.015075,0.015099999999999999,0.015075,0.015125,0.015099999999999999,0.015125,0.015175,0.015125,0.015125,0.015175,0.015175,0.015175,0.0152,0.015149999999999999]},"I":{"unit":"A","value":[-0.000752,-0.00011300000000000001,0.00027,0.00045400000000000003,0.000531,0.0005610000000000001,0.000578,0.000584,0.000587,0.0005899999999999999,0.000593,0.000594,0.000597,0.000597,0.000598,0.0005989999999999999,0.0006,0.000602,0.000601,0.000603,0.0006039999999999999,0.000603,0.000605,0.0006039999999999999,0.000605,0.000607,0.000605,0.000605,0.000607,0.000607,0.000607,0.000608,0.000606]},"efficiency":{"unit":"%","value":14.726250000000002},"fill_factor":{"unit":"%","value":80.92396072174243},"jsc":{"unit":"mA\/cm2","value":15.187499999999998},"isc":{"unit":"mA","value":0.6074999999999999},"voc":{"unit":"V","value":1.1981984334203655},"sweep_direction":{"unit":"","value":"Reverse"},"key":"reverse_5_CsPbI2Br+100uL Ch2I2_722041406_PEAI"},{"V":{"unit":"V","value":[1.253,1.213,1.173,1.133,1.093,1.053,1.013,0.973,0.933,0.893,0.853,0.813,0.773,0.733,0.693,0.653,0.613,0.573,0.533,0.493,0.453,0.413,0.373,0.333,0.293,0.253,0.213,0.173,0.133,0.093,0.053,0.013,-0.027]},"J":{"unit":"A\/cm2","value":[-0.0059499999999999996,-0.001125,0.0033000000000000004,0.007149999999999999,0.010199999999999999,0.012375,0.0137,0.014349999999999998,0.014674999999999999,0.014874999999999998,0.014975,0.01505,0.015149999999999999,0.015099999999999999,0.0152,0.01525,0.015224999999999999,0.015325,0.015325,0.0153,0.015375,0.015375,0.0154,0.015449999999999998,0.015375,0.015475,0.0155,0.015449999999999998,0.01555,0.0155,0.0155,0.015574999999999999,0.01555]},"I":{"unit":"A","value":[-0.00023799999999999998,-4.4999999999999996e-5,0.000132,0.00028599999999999996,0.000408,0.000495,0.0005480000000000001,0.000574,0.000587,0.0005949999999999999,0.0005989999999999999,0.000602,0.000606,0.0006039999999999999,0.000608,0.00061,0.000609,0.0006129999999999999,0.0006129999999999999,0.000612,0.000615,0.000615,0.000616,0.000618,0.000615,0.000619,0.00062,0.000618,0.000622,0.00062,0.00062,0.000623,0.000622]},"efficiency":{"unit":"%","value":13.962549999999998},"fill_factor":{"unit":"%","value":74.56909429853471},"jsc":{"unit":"mA\/cm2","value":15.566875},"isc":{"unit":"mA","value":0.622675},"voc":{"unit":"V","value":1.2028305084745763},"sweep_direction":{"unit":"","value":"Reverse"},"key":"reverse_4_CsPbI2Br+100uL Ch2I2_722041406_PEAI"},{"V":{"unit":"V","value":[1.257,1.217,1.177,1.137,1.097,1.057,1.017,0.977,0.937,0.897,0.857,0.817,0.777,0.737,0.697,0.657,0.617,0.577,0.537,0.497,0.457,0.417,0.377,0.337,0.297,0.257,0.217,0.177,0.137,0.097,0.057,0.017,-0.023]},"J":{"unit":"A\/cm2","value":[-0.018850000000000002,-0.0029,0.006725000000000001,0.011300000000000001,0.013200000000000002,0.014025000000000001,0.014349999999999998,0.014549999999999999,0.014674999999999999,0.0147,0.014774999999999998,0.014799999999999999,0.014825,0.014874999999999998,0.014874999999999998,0.014924999999999999,0.01495,0.014899999999999998,0.014975,0.014975,0.015,0.01505,0.015,0.015024999999999998,0.01505,0.015024999999999998,0.015099999999999999,0.015099999999999999,0.015075,0.015099999999999999,0.015075,0.015099999999999999,0.015175]},"I":{"unit":"A","value":[-0.000754,-0.000116,0.00026900000000000003,0.00045200000000000004,0.000528,0.0005610000000000001,0.000574,0.0005819999999999999,0.000587,0.000588,0.0005909999999999999,0.000592,0.000593,0.0005949999999999999,0.0005949999999999999,0.000597,0.000598,0.000596,0.0005989999999999999,0.0005989999999999999,0.0006,0.000602,0.0006,0.000601,0.000602,0.000601,0.0006039999999999999,0.0006039999999999999,0.000603,0.0006039999999999999,0.000603,0.0006039999999999999,0.000607]},"efficiency":{"unit":"%","value":14.824425},"fill_factor":{"unit":"%","value":81.3049127852728},"jsc":{"unit":"mA\/cm2","value":15.131874999999999},"isc":{"unit":"mA","value":0.605275},"voc":{"unit":"V","value":1.204948051948052},"sweep_direction":{"unit":"","value":"Reverse"},"key":"reverse_3_CsPbI2Br+100uL Ch2I2_722041406_PEAI"},{"V":{"unit":"V","value":[1.272,1.232,1.192,1.152,1.112,1.072,1.032,0.992,0.952,0.912,0.872,0.832,0.792,0.752,0.712,0.672,0.632,0.592,0.552,0.512,0.472,0.432,0.392,0.352,0.312,0.272,0.232,0.192,0.152,0.112,0.072,0.032,-0.008,-0.048]},"J":{"unit":"A\/cm2","value":[-0.01275,-0.0021999999999999997,0.0056500000000000005,0.010424999999999999,0.012775,0.01375,0.014249999999999999,0.01445,0.014499999999999999,0.014624999999999997,0.014674999999999999,0.0147,0.014774999999999998,0.014749999999999997,0.014799999999999999,0.01485,0.014799999999999999,0.014874999999999998,0.014924999999999999,0.014874999999999998,0.01495,0.014899999999999998,0.01495,0.015,0.014924999999999999,0.015,0.015,0.015,0.015024999999999998,0.015099999999999999,0.01505,0.015075,0.015099999999999999,0.01505]},"I":{"unit":"A","value":[-0.00051,-8.8e-5,0.00022600000000000002,0.000417,0.0005110000000000001,0.00055,0.00057,0.000578,0.00058,0.000585,0.000587,0.000588,0.0005909999999999999,0.0005899999999999999,0.000592,0.000594,0.000592,0.0005949999999999999,0.000597,0.0005949999999999999,0.000598,0.000596,0.000598,0.0006,0.000597,0.0006,0.0006,0.0006,0.000601,0.0006039999999999999,0.000602,0.000603,0.0006039999999999999,0.000602]},"efficiency":{"unit":"%","value":14.740000000000002},"fill_factor":{"unit":"%","value":79.98774824033039},"jsc":{"unit":"mA\/cm2","value":15.095},"isc":{"unit":"mA","value":0.6038},"voc":{"unit":"V","value":1.2207898089171973},"sweep_direction":{"unit":"","value":"Reverse"},"key":"reverse_2_CsPbI2Br+100uL Ch2I2_722041406_PEAI"},{"V":{"unit":"V","value":[1.291,1.251,1.211,1.171,1.131,1.091,1.051,1.011,0.971,0.931,0.891,0.851,0.811,0.771,0.731,0.691,0.651,0.611,0.571,0.531,0.491,0.451,0.411,0.371,0.331,0.291,0.251,0.211,0.171,0.131,0.091,0.051,0.011,-0.029]},"J":{"unit":"A\/cm2","value":[-0.004425,-0.0008500000000000001,0.002525,0.005625,0.008400000000000001,0.0107,0.012424999999999999,0.013550000000000001,0.014124999999999999,0.014399999999999998,0.014624999999999997,0.014674999999999999,0.014774999999999998,0.01485,0.014825,0.014924999999999999,0.014924999999999999,0.014899999999999998,0.015024999999999998,0.014975,0.014975,0.015075,0.01505,0.015099999999999999,0.015125,0.015075,0.015125,0.015175,0.015149999999999999,0.015224999999999999,0.015175,0.015224999999999999,0.0153,0.015224999999999999]},"I":{"unit":"A","value":[-0.000177,-3.4e-5,0.000101,0.000225,0.00033600000000000004,0.000428,0.000497,0.0005420000000000001,0.000565,0.0005759999999999999,0.000585,0.000587,0.0005909999999999999,0.000594,0.000593,0.000597,0.000597,0.000596,0.000601,0.0005989999999999999,0.0005989999999999999,0.000603,0.000602,0.0006039999999999999,0.000605,0.000603,0.000605,0.000607,0.000606,0.000609,0.000607,0.000609,0.000612,0.000609]},"efficiency":{"unit":"%","value":13.715374999999998},"fill_factor":{"unit":"%","value":72.33629126845439},"jsc":{"unit":"mA\/cm2","value":15.279375},"isc":{"unit":"mA","value":0.611175},"voc":{"unit":"V","value":1.2409259259259258},"sweep_direction":{"unit":"","value":"Reverse"},"key":"reverse_1_CsPbI2Br+100uL Ch2I2_722041406_PEAI"},{"V":{"unit":"V","value":[-0.05,-0.01,0.03,0.07,0.11,0.15,0.19,0.23,0.27,0.31,0.35,0.39,0.43,0.47,0.51,0.55,0.59,0.63,0.67,0.71,0.75,0.79,0.83,0.87,0.91,0.95,0.99,1.03,1.07,1.11,1.15,1.19,1.23,1.27]},"J":{"unit":"A\/cm2","value":[0.015149999999999999,0.0152,0.0152,0.015175,0.015175,0.015125,0.015125,0.015125,0.015024999999999998,0.015075,0.01505,0.014975,0.015024999999999998,0.014975,0.014899999999999998,0.014899999999999998,0.014799999999999999,0.014749999999999997,0.014725,0.014575,0.014549999999999999,0.01445,0.014274999999999998,0.014199999999999999,0.01395,0.0137,0.013325000000000002,0.0126,0.011175000000000001,0.008150000000000001,0.0017500000000000003,-0.0094,-0.025624999999999995,-0.045649999999999996]},"I":{"unit":"A","value":[0.000606,0.000608,0.000608,0.000607,0.000607,0.000605,0.000605,0.000605,0.000601,0.000603,0.000602,0.0005989999999999999,0.000601,0.0005989999999999999,0.000596,0.000596,0.000592,0.0005899999999999999,0.000589,0.000583,0.0005819999999999999,0.000578,0.000571,0.0005679999999999999,0.000558,0.0005480000000000001,0.000533,0.000504,0.000447,0.000326,7.000000000000001e-5,-0.000376,-0.0010249999999999999,-0.0018260000000000001]},"efficiency":{"unit":"%","value":13.191749999999999},"fill_factor":{"unit":"%","value":75.05792458895931},"jsc":{"unit":"mA\/cm2","value":15.2},"isc":{"unit":"mA","value":0.608},"voc":{"unit":"V","value":1.1562780269058295},"sweep_direction":{"unit":"","value":"Forward"},"key":"forward_5_CsPbI2Br+100uL Ch2I2_722041406_PEAI"},{"V":{"unit":"V","value":[-0.05,-0.01,0.03,0.07,0.11,0.15,0.19,0.23,0.27,0.31,0.35,0.39,0.43,0.47,0.51,0.55,0.59,0.63,0.67,0.71,0.75,0.79,0.83,0.87,0.91,0.95,0.99,1.03,1.07,1.11,1.15,1.19,1.23,1.27]},"J":{"unit":"A\/cm2","value":[0.0156,0.015574999999999999,0.015574999999999999,0.01555,0.01555,0.0155,0.015525,0.015475,0.0154,0.015449999999999998,0.015375,0.0154,0.015349999999999999,0.015224999999999999,0.015224999999999999,0.0152,0.015149999999999999,0.015075,0.015,0.014924999999999999,0.01485,0.014725,0.0146,0.01445,0.014224999999999998,0.01395,0.013550000000000001,0.012775,0.011349999999999999,0.008325,0.0024,-0.0073999999999999995,-0.020974999999999997,-0.037375]},"I":{"unit":"A","value":[0.000624,0.000623,0.000623,0.000622,0.000622,0.00062,0.000621,0.000619,0.000616,0.000618,0.000615,0.000616,0.000614,0.000609,0.000609,0.000608,0.000606,0.000603,0.0006,0.000597,0.000594,0.000589,0.000584,0.000578,0.000569,0.000558,0.0005420000000000001,0.0005110000000000001,0.00045400000000000003,0.000333,9.6e-5,-0.000296,-0.000839,-0.001495]},"efficiency":{"unit":"%","value":13.4145},"fill_factor":{"unit":"%","value":74.2616951404445},"jsc":{"unit":"mA\/cm2","value":15.574999999999998},"isc":{"unit":"mA","value":0.6229999999999999},"voc":{"unit":"V","value":1.159795918367347},"sweep_direction":{"unit":"","value":"Forward"},"key":"forward_4_CsPbI2Br+100uL Ch2I2_722041406_PEAI"},{"V":{"unit":"V","value":[-0.05,-0.01,0.03,0.07,0.11,0.15,0.19,0.23,0.27,0.31,0.35,0.39,0.43,0.47,0.51,0.55,0.59,0.63,0.67,0.71,0.75,0.79,0.83,0.87,0.91,0.95,0.99,1.03,1.07,1.11,1.15,1.19,1.23,1.27]},"J":{"unit":"A\/cm2","value":[0.015175,0.015149999999999999,0.015149999999999999,0.015149999999999999,0.015075,0.015099999999999999,0.015099999999999999,0.01505,0.01505,0.015,0.015,0.015,0.014924999999999999,0.014924999999999999,0.014924999999999999,0.01485,0.014825,0.014749999999999997,0.014674999999999999,0.014649999999999998,0.014549999999999999,0.014424999999999999,0.014374999999999999,0.014174999999999998,0.014025000000000001,0.013775,0.0134,0.0128,0.011625,0.009075,0.003675,-0.006274999999999999,-0.021425,-0.040799999999999996]},"I":{"unit":"A","value":[0.000607,0.000606,0.000606,0.000606,0.000603,0.0006039999999999999,0.0006039999999999999,0.000602,0.000602,0.0006,0.0006,0.0006,0.000597,0.000597,0.000597,0.000594,0.000593,0.0005899999999999999,0.000587,0.0005859999999999999,0.0005819999999999999,0.0005769999999999999,0.000575,0.0005669999999999999,0.0005610000000000001,0.0005510000000000001,0.000536,0.000512,0.000465,0.000363,0.000147,-0.000251,-0.000857,-0.001632]},"efficiency":{"unit":"%","value":13.266},"fill_factor":{"unit":"%","value":75.17712986191411},"jsc":{"unit":"mA\/cm2","value":15.149999999999999},"isc":{"unit":"mA","value":0.606},"voc":{"unit":"V","value":1.1647738693467335},"sweep_direction":{"unit":"","value":"Forward"},"key":"forward_3_CsPbI2Br+100uL Ch2I2_722041406_PEAI"},{"V":{"unit":"V","value":[-0.05,-0.01,0.03,0.07,0.11,0.15,0.19,0.23,0.27,0.31,0.35,0.39,0.43,0.47,0.51,0.55,0.59,0.63,0.67,0.71,0.75,0.79,0.83,0.87,0.91,0.95,0.99,1.03,1.07,1.11,1.15,1.19,1.23,1.27]},"J":{"unit":"A\/cm2","value":[0.015125,0.015125,0.015099999999999999,0.015099999999999999,0.015075,0.015024999999999998,0.01505,0.014975,0.01495,0.015,0.014899999999999998,0.014899999999999998,0.014874999999999998,0.014825,0.014825,0.014774999999999998,0.014725,0.014674999999999999,0.0146,0.014524999999999998,0.014499999999999999,0.014399999999999998,0.014274999999999998,0.014174999999999998,0.013975000000000001,0.013775,0.013450000000000002,0.012925,0.011975,0.009875,0.0056,-0.002125,-0.013775,-0.028699999999999996]},"I":{"unit":"A","value":[0.000605,0.000605,0.0006039999999999999,0.0006039999999999999,0.000603,0.000601,0.000602,0.0005989999999999999,0.000598,0.0006,0.000596,0.000596,0.0005949999999999999,0.000593,0.000593,0.0005909999999999999,0.000589,0.000587,0.000584,0.0005809999999999999,0.00058,0.0005759999999999999,0.000571,0.0005669999999999999,0.000559,0.0005510000000000001,0.0005380000000000001,0.000517,0.000479,0.000395,0.000224,-8.5e-5,-0.0005510000000000001,-0.001148]},"efficiency":{"unit":"%","value":13.3155},"fill_factor":{"unit":"%","value":74.70144112805727},"jsc":{"unit":"mA\/cm2","value":15.11875},"isc":{"unit":"mA","value":0.60475},"voc":{"unit":"V","value":1.1789967637540455},"sweep_direction":{"unit":"","value":"Forward"},"key":"forward_2_CsPbI2Br+100uL Ch2I2_722041406_PEAI"},{"V":{"unit":"V","value":[-0.05,-0.01,0.03,0.07,0.11,0.15,0.19,0.23,0.27,0.31,0.35,0.39,0.43,0.47,0.51,0.55,0.59,0.63,0.67,0.71,0.75,0.79,0.83,0.87,0.91,0.95,0.99,1.03,1.07,1.11,1.15,1.19,1.23,1.27,1.31]},"J":{"unit":"A\/cm2","value":[0.01525,0.015274999999999999,0.0153,0.015224999999999999,0.01525,0.015224999999999999,0.015149999999999999,0.0152,0.015175,0.015099999999999999,0.015149999999999999,0.015075,0.01505,0.01505,0.014975,0.014975,0.014924999999999999,0.014874999999999998,0.014799999999999999,0.014749999999999997,0.014649999999999998,0.014549999999999999,0.014474999999999998,0.014325,0.014174999999999998,0.01395,0.013675000000000001,0.013175000000000001,0.01225,0.010524999999999998,0.0070999999999999995,0.0012749999999999999,-0.007174999999999999,-0.017849999999999998,-0.03015]},"I":{"unit":"A","value":[0.00061,0.000611,0.000612,0.000609,0.00061,0.000609,0.000606,0.000608,0.000607,0.0006039999999999999,0.000606,0.000603,0.000602,0.000602,0.0005989999999999999,0.0005989999999999999,0.000597,0.0005949999999999999,0.000592,0.0005899999999999999,0.0005859999999999999,0.0005819999999999999,0.000579,0.0005729999999999999,0.0005669999999999999,0.000558,0.0005470000000000001,0.000527,0.00049,0.000421,0.00028399999999999996,5.1e-5,-0.000287,-0.000714,-0.001206]},"efficiency":{"unit":"%","value":13.57025},"fill_factor":{"unit":"%","value":74.24802337720861},"jsc":{"unit":"mA\/cm2","value":15.281249999999998},"isc":{"unit":"mA","value":0.61125},"voc":{"unit":"V","value":1.1960355029585799},"sweep_direction":{"unit":"","value":"Forward"},"key":"forward_1_CsPbI2Br+100uL Ch2I2_722041406_PEAI"}]}}