{"_id":"65311f7f26db9e48202e736d","id":"CAU-SC-00446","author":63,"group":7,"input":[{"tco":{"unit":"","value":"ITO"}},[],{"htl":[{"material":{"unit":"","value":"PEDOT:PSS"},"concentration":{"unit":"","value":"None"},"conc_unit":{"unit":"","value":"mg\/ml"},"quantity":{"unit":"ml","value":"0.05"}}],"spin_coating":[{"type":{"unit":"","value":"drop&run"},"rpm":{"unit":"","value":"5000"},"time":{"unit":"s","value":"45"}}],"annealing":[{"temperature":{"unit":"oC","value":"150"},"time":{"unit":"m","value":"20"}}]},[],{"perovskite":{"method":{"unit":"","value":"1step"},"molarity":{"unit":"M","value":"0.8"},"a_site":[{"material":{"unit":"","value":"FA"},"ratio":{"unit":"","value":"85"}},{"material":{"unit":"","value":"PEA"},"ratio":{"unit":"","value":"15"}}],"b_site":[{"material":{"unit":"","value":"Sn"},"ratio":{"unit":"","value":"100"}}],"x_site":[{"material":{"unit":"","value":"I"},"ratio":{"unit":"","value":"100"}}],"solvent":[{"material":{"unit":"","value":"DMF"},"volume":{"unit":"ml","value":"0.8"}},{"material":{"unit":"","value":"DMSO"},"volume":{"unit":"ml","value":"0.2"}}],"additive":[{"material":{"unit":"","value":"SnF2"},"solvent":{"unit":"","value":"none"},"concentration":{"unit":"","value":"25.0"},"conc_unit":{"unit":"","value":"mg\/ml"},"quantity":{"unit":"mol%","value":"20"}},{"material":{"unit":"","value":"SnCl2"},"solvent":{"unit":"","value":null},"concentration":{"unit":"","value":"15.2"},"conc_unit":{"unit":"","value":"mg\/ml"},"quantity":{"unit":"mol%","value":"10"}}],"stirring_time":[{"unit":"m","value":"60"}],"antisolvent":[{"material":{"unit":"","value":"CB"},"quantity":{"unit":"ul","value":"300"},"dripping_time":{"unit":"s","value":"8"}}],"spin_coating":[{"type":{"unit":"","value":"drop&run"},"rpm":{"unit":"","value":"8000"},"time":{"unit":"s","value":"30"}}],"annealing":[{"temperature":{"unit":"oC","value":"70"},"time":{"unit":"m","value":"10"}}],"atmosphere":[{"type":{"unit":"","value":"N2"},"temperature":{"unit":"oC","value":"25"},"humidity":{"unit":"RH%","value":"0"}}]}},{"etl":[{"material":{"unit":"","value":"PC61BM"},"concentration":{"unit":"","value":"20"},"conc_unit":{"unit":"","value":"mg\/ml"},"quantity":{"unit":"ml","value":"0.05"}}],"solvent":[{"material":{"unit":"","value":"CB"},"volume":{"unit":"ml","value":"1"}}],"spin_coating":[{"type":{"unit":"","value":"drop&run"},"rpm":{"unit":"","value":"400"},"time":{"unit":"s","value":"2"}},{"type":{"unit":"","value":"drop&run"},"rpm":{"unit":"","value":"1500"},"time":{"unit":"s","value":"30"}}],"annealing":[{"temperature":{"unit":"oC","value":"70"},"time":{"unit":"m","value":"10"}}]},{"anode_metal":{"unit":"","value":"Ag"}},{"note":{"unit":"","value":"PEA0.15FA0.85SnI3 0.8M SnCl2 10% CB 8s"},"ar":{"unit":"","value":"0"},"type":{"unit":"","value":"unit_cell"},"device_type":{"unit":"","value":"p-i-n"},"temperature":{"unit":"\u2103","value":"25"},"humidity":{"unit":"%","value":"30"},"cell_dimension":{"unit":"cm2","value":"0.04"}}],"fileinfo":[{"key":"321041803","uploadType":"JV","original_name":"321041803.xlsx","save_name":"CAU-SC-00446\/321041803","uploader":63,"fileType":"group"}],"jvcnt":18,"updated_at":"2024-06-03 08:38:35","created_at":"2023-10-19 12:22:23","analysisInfo":{"JV":[{"efficiency":1.231875,"fill_factor":50.36721587441536,"jsc":6.79875,"voc":0.35974074074074075,"key":"reverse_9_321041803","cell_dimension":null},{"efficiency":1.599675,"fill_factor":52.39579388781818,"jsc":7.303749999999999,"voc":0.41801265822784806,"key":"reverse_8_321041803","cell_dimension":null},{"efficiency":1.7849999999999997,"fill_factor":52.89818966949012,"jsc":7.6499999999999995,"voc":0.44109890109890104,"key":"reverse_7_321041803","cell_dimension":null},{"efficiency":1.31655,"fill_factor":50.99531735879832,"jsc":6.7275,"voc":0.38375438596491235,"key":"reverse_6_321041803","cell_dimension":null},{"efficiency":1.31655,"fill_factor":46.02850932203613,"jsc":7.097499999999999,"voc":0.403,"key":"reverse_5_321041803","cell_dimension":null},{"efficiency":1.617,"fill_factor":52.22054735021315,"jsc":7.114999999999999,"voc":0.4352048192771084,"key":"reverse_4_321041803","cell_dimension":null},{"efficiency":0.7623,"fill_factor":52.00316838287405,"jsc":4.150000000000001,"voc":0.3532222222222221,"key":"reverse_3_321041803","cell_dimension":null},{"efficiency":1.32,"fill_factor":51.43710053963031,"jsc":6.162499999999999,"voc":0.4164285714285714,"key":"reverse_2_321041803","cell_dimension":null},{"efficiency":1.4275999999999998,"fill_factor":54.29297393749769,"jsc":5.8,"voc":0.4533513513513513,"key":"reverse_1_321041803","cell_dimension":null},{"efficiency":1.32,"fill_factor":51.77502991623454,"jsc":6.9,"voc":0.3694915254237288,"key":"forward_9_321041803","cell_dimension":null},{"efficiency":1.7399999999999998,"fill_factor":54.82520243414485,"jsc":7.475,"voc":0.42457831325301204,"key":"forward_8_321041803","cell_dimension":null},{"efficiency":1.984,"fill_factor":57.11653615845233,"jsc":7.8,"voc":0.4453333333333334,"key":"forward_7_321041803","cell_dimension":null},{"efficiency":1.391,"fill_factor":51.92547411925473,"jsc":6.8500000000000005,"voc":0.3910714285714286,"key":"forward_6_321041803","cell_dimension":null},{"efficiency":1.4210000000000003,"fill_factor":47.74358974358975,"jsc":7.249999999999999,"voc":0.4105263157894737,"key":"forward_5_321041803","cell_dimension":null},{"efficiency":1.7925,"fill_factor":55.80635118306352,"jsc":7.3,"voc":0.44,"key":"forward_4_321041803","cell_dimension":null},{"efficiency":0.8160000000000001,"fill_factor":52.29512136505649,"jsc":4.275,"voc":0.36499999999999994,"key":"forward_3_321041803","cell_dimension":null},{"efficiency":1.4000000000000001,"fill_factor":52.7453523562473,"jsc":6.3,"voc":0.4213114754098361,"key":"forward_2_321041803","cell_dimension":null},{"efficiency":1.5215,"fill_factor":55.555359246171975,"jsc":6,"voc":0.4564516129032258,"key":"forward_1_321041803","cell_dimension":null}]},"public":2,"analysis":{"JV":[{"V":{"unit":"V","value":[0.399,0.379,0.359,0.339,0.319,0.299,0.279,0.259,0.239,0.219,0.199,0.179,0.159,0.139,0.119,0.099,0.079,0.059,0.039,0.019,-0.001,-0.021]},"J":{"unit":"A\/cm2","value":[-0.00295,-0.0012999999999999997,5.0e-5,0.0012999999999999997,0.002175,0.00315,0.0039,0.004625,0.005149999999999999,0.005625,0.005974999999999999,0.006225,0.00645,0.006549999999999999,0.0066500000000000005,0.0066749999999999995,0.00675,0.00675,0.0068000000000000005,0.006775000000000001,0.0068000000000000005,0.006775000000000001]},"I":{"unit":"A","value":[-0.000118,-5.2e-5,2.0e-6,5.2e-5,8.7e-5,0.000126,0.000156,0.000185,0.000206,0.000225,0.00023899999999999998,0.000249,0.000258,0.000262,0.000266,0.00026700000000000004,0.00027,0.00027,0.000272,0.00027100000000000003,0.000272,0.00027100000000000003]},"efficiency":{"unit":"%","value":1.231875},"fill_factor":{"unit":"%","value":50.36721587441536},"jsc":{"unit":"mA\/cm2","value":6.79875},"isc":{"unit":"mA","value":0.27195},"voc":{"unit":"V","value":0.35974074074074075},"sweep_direction":{"unit":"","value":"Reverse"},"key":"reverse_9_321041803"},{"V":{"unit":"V","value":[0.457,0.437,0.417,0.397,0.377,0.357,0.337,0.317,0.297,0.277,0.257,0.237,0.217,0.197,0.177,0.157,0.137,0.117,0.097,0.077,0.057,0.037,0.017,-0.003,-0.023]},"J":{"unit":"A\/cm2","value":[-0.00455,-0.001875,0.0001,0.001625,0.0025999999999999994,0.0035000000000000005,0.00425,0.0048,0.00535,0.005775000000000001,0.006175,0.00645,0.00675,0.006875,0.007075,0.0070999999999999995,0.007225,0.007225,0.007274999999999999,0.007274999999999999,0.007324999999999999,0.007274999999999999,0.007324999999999999,0.0073,0.00735]},"I":{"unit":"A","value":[-0.000182,-7.5e-5,4.0e-6,6.500000000000001e-5,0.000104,0.00014000000000000001,0.00017,0.000192,0.000214,0.000231,0.000247,0.000258,0.00027,0.000275,0.000283,0.00028399999999999996,0.000289,0.000289,0.00029099999999999997,0.00029099999999999997,0.00029299999999999997,0.00029099999999999997,0.00029299999999999997,0.000292,0.000294]},"efficiency":{"unit":"%","value":1.599675},"fill_factor":{"unit":"%","value":52.39579388781818},"jsc":{"unit":"mA\/cm2","value":7.303749999999999},"isc":{"unit":"mA","value":0.29214999999999997},"voc":{"unit":"V","value":0.41801265822784806},"sweep_direction":{"unit":"","value":"Reverse"},"key":"reverse_8_321041803"},{"V":{"unit":"V","value":[0.48,0.46,0.44,0.42,0.4,0.38,0.36,0.34,0.32,0.3,0.28,0.26,0.24,0.22,0.2,0.18,0.16,0.14,0.12,0.1,0.08,0.06,0.04,0.02,0,-0.02,-0.04]},"J":{"unit":"A\/cm2","value":[-0.005149999999999999,-0.00215,0.000125,0.0017500000000000003,0.002875,0.00375,0.0045249999999999995,0.00505,0.005575,0.0059499999999999996,0.00635,0.006625,0.0069500000000000004,0.007124999999999999,0.00735,0.007425,0.007525,0.007549999999999999,0.0076,0.0076,0.007625,0.00765,0.00765,0.0076749999999999995,0.00765,0.0077,0.0076749999999999995]},"I":{"unit":"A","value":[-0.000206,-8.599999999999999e-5,5.0e-6,7.000000000000001e-5,0.000115,0.00015,0.00018099999999999998,0.000202,0.000223,0.00023799999999999998,0.000254,0.000265,0.00027800000000000004,0.000285,0.000294,0.000297,0.000301,0.00030199999999999997,0.000304,0.000304,0.000305,0.000306,0.000306,0.000307,0.000306,0.000308,0.000307]},"efficiency":{"unit":"%","value":1.7849999999999997},"fill_factor":{"unit":"%","value":52.89818966949012},"jsc":{"unit":"mA\/cm2","value":7.6499999999999995},"isc":{"unit":"mA","value":0.306},"voc":{"unit":"V","value":0.44109890109890104},"sweep_direction":{"unit":"","value":"Reverse"},"key":"reverse_7_321041803"},{"V":{"unit":"V","value":[0.422,0.402,0.382,0.362,0.342,0.322,0.302,0.282,0.262,0.242,0.222,0.202,0.182,0.162,0.142,0.122,0.102,0.082,0.062,0.042,0.022,0.002,-0.018,-0.038]},"J":{"unit":"A\/cm2","value":[-0.003,-0.0012999999999999997,0.000125,0.0012999999999999997,0.002175,0.0030499999999999998,0.0038,0.004449999999999999,0.005025,0.005425,0.005825,0.00605,0.0063,0.0064,0.006549999999999999,0.006575,0.0066749999999999995,0.0066500000000000005,0.006725000000000001,0.0066749999999999995,0.00675,0.006725000000000001,0.00675,0.006725000000000001]},"I":{"unit":"A","value":[-0.00011999999999999999,-5.2e-5,5.0e-6,5.2e-5,8.7e-5,0.000122,0.000152,0.000178,0.000201,0.000217,0.00023300000000000003,0.000242,0.000252,0.000256,0.000262,0.000263,0.00026700000000000004,0.000266,0.00026900000000000003,0.00026700000000000004,0.00027,0.00026900000000000003,0.00027,0.00026900000000000003]},"efficiency":{"unit":"%","value":1.31655},"fill_factor":{"unit":"%","value":50.99531735879832},"jsc":{"unit":"mA\/cm2","value":6.7275},"isc":{"unit":"mA","value":0.2691},"voc":{"unit":"V","value":0.38375438596491235},"sweep_direction":{"unit":"","value":"Reverse"},"key":"reverse_6_321041803"},{"V":{"unit":"V","value":[0.442,0.422,0.402,0.382,0.362,0.342,0.322,0.302,0.282,0.262,0.242,0.222,0.202,0.182,0.162,0.142,0.122,0.102,0.082,0.062,0.042,0.022,0.002,-0.018,-0.038]},"J":{"unit":"A\/cm2","value":[-0.0034500000000000004,-0.001425,7.5e-5,0.0012999999999999997,0.002075,0.002875,0.0035249999999999995,0.0040999999999999995,0.0046,0.005025,0.005399999999999999,0.00575,0.006,0.006225,0.006425,0.006575,0.0067,0.0068000000000000005,0.006900000000000001,0.006925000000000001,0.007025,0.007025,0.0070999999999999995,0.007075,0.007149999999999999]},"I":{"unit":"A","value":[-0.00013800000000000002,-5.7e-5,3.0e-6,5.2e-5,8.3e-5,0.000115,0.00014099999999999998,0.000164,0.000184,0.000201,0.000216,0.00023,0.00023999999999999998,0.000249,0.000257,0.000263,0.000268,0.000272,0.00027600000000000004,0.000277,0.00028100000000000005,0.00028100000000000005,0.00028399999999999996,0.000283,0.00028599999999999996]},"efficiency":{"unit":"%","value":1.31655},"fill_factor":{"unit":"%","value":46.02850932203613},"jsc":{"unit":"mA\/cm2","value":7.097499999999999},"isc":{"unit":"mA","value":0.2839},"voc":{"unit":"V","value":0.403},"sweep_direction":{"unit":"","value":"Reverse"},"key":"reverse_5_321041803"},{"V":{"unit":"V","value":[0.474,0.454,0.434,0.414,0.394,0.374,0.354,0.334,0.314,0.294,0.274,0.254,0.234,0.214,0.194,0.174,0.154,0.134,0.114,0.094,0.074,0.054,0.034,0.014,-0.006,-0.026]},"J":{"unit":"A\/cm2","value":[-0.004775000000000001,-0.00195,0.000125,0.0016,0.0025749999999999996,0.003375,0.00405,0.004625,0.0050750000000000005,0.0055,0.005874999999999999,0.006175,0.00645,0.0066749999999999995,0.0068000000000000005,0.0069500000000000004,0.006975,0.007049999999999999,0.007049999999999999,0.0070999999999999995,0.007075,0.007124999999999999,0.0070999999999999995,0.007149999999999999,0.0070999999999999995,0.007149999999999999]},"I":{"unit":"A","value":[-0.000191,-7.8e-5,5.0e-6,6.4e-5,0.000103,0.000135,0.000162,0.000185,0.000203,0.00022,0.000235,0.000247,0.000258,0.00026700000000000004,0.000272,0.00027800000000000004,0.000279,0.00028199999999999997,0.00028199999999999997,0.00028399999999999996,0.000283,0.000285,0.00028399999999999996,0.00028599999999999996,0.00028399999999999996,0.00028599999999999996]},"efficiency":{"unit":"%","value":1.617},"fill_factor":{"unit":"%","value":52.22054735021315},"jsc":{"unit":"mA\/cm2","value":7.114999999999999},"isc":{"unit":"mA","value":0.28459999999999996},"voc":{"unit":"V","value":0.4352048192771084},"sweep_direction":{"unit":"","value":"Reverse"},"key":"reverse_4_321041803"},{"V":{"unit":"V","value":[0.391,0.371,0.351,0.331,0.311,0.291,0.271,0.251,0.231,0.211,0.191,0.171,0.151,0.131,0.111,0.091,0.071,0.051,0.031,0.011,-0.009,-0.029]},"J":{"unit":"A\/cm2","value":[-0.0017999999999999997,-0.0008,0.0001,0.0008750000000000001,0.00145,0.002025,0.002525,0.00295,0.0033000000000000004,0.0035249999999999995,0.00375,0.003875,0.003975,0.004025,0.0040999999999999995,0.0040999999999999995,0.004125,0.004125,0.00415,0.00415,0.00415,0.00415]},"I":{"unit":"A","value":[-7.199999999999999e-5,-3.2e-5,4.0e-6,3.5000000000000004e-5,5.8e-5,8.1e-5,0.000101,0.000118,0.000132,0.00014099999999999998,0.00015,0.000155,0.00015900000000000002,0.000161,0.000164,0.000164,0.000165,0.000165,0.000166,0.000166,0.000166,0.000166]},"efficiency":{"unit":"%","value":0.7623},"fill_factor":{"unit":"%","value":52.00316838287405},"jsc":{"unit":"mA\/cm2","value":4.150000000000001},"isc":{"unit":"mA","value":0.16600000000000004},"voc":{"unit":"V","value":0.3532222222222221},"sweep_direction":{"unit":"","value":"Reverse"},"key":"reverse_3_321041803"},{"V":{"unit":"V","value":[0.455,0.435,0.415,0.395,0.375,0.355,0.335,0.315,0.295,0.275,0.255,0.235,0.215,0.195,0.175,0.155,0.135,0.115,0.095,0.075,0.055,0.035,0.015,-0.005,-0.025]},"J":{"unit":"A\/cm2","value":[-0.00315,-0.0012999999999999997,0.0001,0.00125,0.002,0.002775,0.003375,0.00395,0.004399999999999999,0.0048,0.005125,0.005399999999999999,0.005625,0.005775000000000001,0.005925,0.005974999999999999,0.00605,0.006075,0.006149999999999999,0.0060999999999999995,0.006175,0.006125,0.0062,0.006149999999999999,0.0062]},"I":{"unit":"A","value":[-0.000126,-5.2e-5,4.0e-6,5.0e-5,8.0e-5,0.000111,0.000135,0.000158,0.000176,0.000192,0.000205,0.000216,0.000225,0.000231,0.000237,0.00023899999999999998,0.000242,0.000243,0.000246,0.000244,0.000247,0.000245,0.000248,0.000246,0.000248]},"efficiency":{"unit":"%","value":1.32},"fill_factor":{"unit":"%","value":51.43710053963031},"jsc":{"unit":"mA\/cm2","value":6.162499999999999},"isc":{"unit":"mA","value":0.24649999999999997},"voc":{"unit":"V","value":0.4164285714285714},"sweep_direction":{"unit":"","value":"Reverse"},"key":"reverse_2_321041803"},{"V":{"unit":"V","value":[0.492,0.472,0.452,0.432,0.412,0.392,0.372,0.352,0.332,0.312,0.292,0.272,0.252,0.232,0.212,0.192,0.172,0.152,0.132,0.112,0.092,0.072,0.052,0.032,0.012,-0.008,-0.028]},"J":{"unit":"A\/cm2","value":[-0.004200000000000001,-0.0017250000000000002,0.000125,0.001475,0.002275,0.003,0.0035249999999999995,0.00395,0.0043,0.004575,0.004849999999999999,0.00505,0.005225,0.005375,0.0055,0.005575,0.0056500000000000005,0.0056749999999999995,0.005725000000000001,0.005725000000000001,0.005775000000000001,0.005775000000000001,0.005775000000000001,0.005775000000000001,0.0058,0.0058,0.0058]},"I":{"unit":"A","value":[-0.00016800000000000002,-6.900000000000001e-5,5.0e-6,5.9e-5,9.1e-5,0.00011999999999999999,0.00014099999999999998,0.000158,0.00017199999999999998,0.000183,0.000194,0.000202,0.00020899999999999998,0.000215,0.00022,0.000223,0.00022600000000000002,0.00022700000000000002,0.000229,0.000229,0.000231,0.000231,0.000231,0.000231,0.000232,0.000232,0.000232]},"efficiency":{"unit":"%","value":1.4275999999999998},"fill_factor":{"unit":"%","value":54.29297393749769},"jsc":{"unit":"mA\/cm2","value":5.8},"isc":{"unit":"mA","value":0.23199999999999998},"voc":{"unit":"V","value":0.4533513513513513},"sweep_direction":{"unit":"","value":"Reverse"},"key":"reverse_1_321041803"},{"V":{"unit":"V","value":[-0.04,-0.02,0,0.02,0.04,0.06,0.08,0.1,0.12,0.14,0.16,0.18,0.2,0.22,0.24,0.26,0.28,0.3,0.32,0.34,0.36,0.38,0.4,0.42,0.44]},"J":{"unit":"A\/cm2","value":[0.0070999999999999995,0.007000000000000001,0.006900000000000001,0.006900000000000001,0.006725000000000001,0.0067,0.0067,0.0066500000000000005,0.006600000000000001,0.006525,0.006475,0.006274999999999999,0.006125,0.0058,0.0055,0.004975,0.004449999999999999,0.0036999999999999997,0.0029,0.0018499999999999999,0.0007,-0.000775,-0.002475,-0.004625,-0.007324999999999999]},"I":{"unit":"A","value":[0.00028399999999999996,0.00028000000000000003,0.00027600000000000004,0.00027600000000000004,0.00026900000000000003,0.000268,0.000268,0.000266,0.000264,0.000261,0.000259,0.000251,0.000245,0.000232,0.00022,0.000199,0.000178,0.000148,0.000116,7.4e-5,2.8e-5,-3.1e-5,-9.900000000000001e-5,-0.000185,-0.00029299999999999997]},"efficiency":{"unit":"%","value":1.32},"fill_factor":{"unit":"%","value":51.77502991623454},"jsc":{"unit":"mA\/cm2","value":6.9},"isc":{"unit":"mA","value":0.276},"voc":{"unit":"V","value":0.3694915254237288},"sweep_direction":{"unit":"","value":"Forward"},"key":"forward_9_321041803"},{"V":{"unit":"V","value":[-0.04,-0.02,0,0.02,0.04,0.06,0.08,0.1,0.12,0.14,0.16,0.18,0.2,0.22,0.24,0.26,0.28,0.3,0.32,0.34,0.36,0.38,0.4,0.42,0.44,0.46,0.48,0.5]},"J":{"unit":"A\/cm2","value":[0.0076749999999999995,0.007525,0.007475,0.007425,0.007274999999999999,0.0072499999999999995,0.0072499999999999995,0.007199999999999999,0.007174999999999999,0.007149999999999999,0.0070999999999999995,0.007025,0.006975,0.006825,0.0066749999999999995,0.00645,0.0062,0.0058,0.005375,0.004825,0.004125,0.0032,0.0020499999999999997,0.000475,-0.0016,-0.004449999999999999,-0.008199999999999999,-0.01305]},"I":{"unit":"A","value":[0.000307,0.000301,0.000299,0.000297,0.00029099999999999997,0.00029,0.00029,0.00028799999999999995,0.000287,0.00028599999999999996,0.00028399999999999996,0.00028100000000000005,0.000279,0.000273,0.00026700000000000004,0.000258,0.000248,0.000232,0.000215,0.000193,0.000165,0.000128,8.2e-5,1.9e-5,-6.4e-5,-0.000178,-0.000328,-0.000522]},"efficiency":{"unit":"%","value":1.7399999999999998},"fill_factor":{"unit":"%","value":54.82520243414485},"jsc":{"unit":"mA\/cm2","value":7.475},"isc":{"unit":"mA","value":0.299},"voc":{"unit":"V","value":0.42457831325301204},"sweep_direction":{"unit":"","value":"Forward"},"key":"forward_8_321041803"},{"V":{"unit":"V","value":[-0.04,-0.02,0,0.02,0.04,0.06,0.08,0.1,0.12,0.14,0.16,0.18,0.2,0.22,0.24,0.26,0.28,0.3,0.32,0.34,0.36,0.38,0.4,0.42,0.44,0.46,0.48,0.5,0.52]},"J":{"unit":"A\/cm2","value":[0.008025000000000001,0.00785,0.0078,0.00775,0.0076,0.007574999999999999,0.0076,0.007549999999999999,0.007549999999999999,0.007475,0.0075,0.0073999999999999995,0.0073999999999999995,0.007274999999999999,0.007199999999999999,0.007000000000000001,0.006825,0.006525,0.0062,0.00575,0.005199999999999999,0.004475,0.0035249999999999995,0.002325,0.0006,-0.0016500000000000002,-0.004725,-0.008575000000000001,-0.013425000000000001]},"I":{"unit":"A","value":[0.000321,0.000314,0.000312,0.00031,0.000304,0.000303,0.000304,0.00030199999999999997,0.00030199999999999997,0.000299,0.0003,0.000296,0.000296,0.00029099999999999997,0.00028799999999999995,0.00028000000000000003,0.000273,0.000261,0.000248,0.00023,0.000208,0.000179,0.00014099999999999998,9.3e-5,2.4e-5,-6.6e-5,-0.000189,-0.00034300000000000004,-0.000537]},"efficiency":{"unit":"%","value":1.984},"fill_factor":{"unit":"%","value":57.11653615845233},"jsc":{"unit":"mA\/cm2","value":7.8},"isc":{"unit":"mA","value":0.312},"voc":{"unit":"V","value":0.4453333333333334},"sweep_direction":{"unit":"","value":"Forward"},"key":"forward_7_321041803"},{"V":{"unit":"V","value":[-0.04,-0.02,0,0.02,0.04,0.06,0.08,0.1,0.12,0.14,0.16,0.18,0.2,0.22,0.24,0.26,0.28,0.3,0.32,0.34,0.36,0.38,0.4,0.42,0.44,0.46]},"J":{"unit":"A\/cm2","value":[0.007049999999999999,0.006900000000000001,0.00685,0.00685,0.0066500000000000005,0.0066749999999999995,0.006600000000000001,0.006625,0.006549999999999999,0.006549999999999999,0.0064,0.00635,0.006125,0.005974999999999999,0.0056500000000000005,0.00535,0.004849999999999999,0.00435,0.00365,0.002875,0.001925,0.000775,-0.000625,-0.00235,-0.004575,-0.007475]},"I":{"unit":"A","value":[0.00028199999999999997,0.00027600000000000004,0.00027400000000000005,0.00027400000000000005,0.000266,0.00026700000000000004,0.000264,0.000265,0.000262,0.000262,0.000256,0.000254,0.000245,0.00023899999999999998,0.00022600000000000002,0.000214,0.000194,0.000174,0.000146,0.000115,7.7e-5,3.1e-5,-2.5e-5,-9.4e-5,-0.000183,-0.000299]},"efficiency":{"unit":"%","value":1.391},"fill_factor":{"unit":"%","value":51.92547411925473},"jsc":{"unit":"mA\/cm2","value":6.8500000000000005},"isc":{"unit":"mA","value":0.274},"voc":{"unit":"V","value":0.3910714285714286},"sweep_direction":{"unit":"","value":"Forward"},"key":"forward_6_321041803"},{"V":{"unit":"V","value":[-0.04,-0.02,0,0.02,0.04,0.06,0.08,0.1,0.12,0.14,0.16,0.18,0.2,0.22,0.24,0.26,0.28,0.3,0.32,0.34,0.36,0.38,0.4,0.42,0.44,0.46,0.48]},"J":{"unit":"A\/cm2","value":[0.007475,0.0072499999999999995,0.0072499999999999995,0.007124999999999999,0.007000000000000001,0.006900000000000001,0.006875,0.006775000000000001,0.006725000000000001,0.006600000000000001,0.0065,0.00635,0.006175,0.005974999999999999,0.005725000000000001,0.00545,0.0050750000000000005,0.0046749999999999995,0.00415,0.0035999999999999995,0.0028250000000000003,0.001975,0.00075,-0.0006749999999999999,-0.002775,-0.00545,-0.009125]},"I":{"unit":"A","value":[0.000299,0.00029,0.00029,0.000285,0.00028000000000000003,0.00027600000000000004,0.000275,0.00027100000000000003,0.00026900000000000003,0.000264,0.00026000000000000003,0.000254,0.000247,0.00023899999999999998,0.000229,0.00021799999999999999,0.000203,0.000187,0.000166,0.00014399999999999998,0.00011300000000000001,7.9e-5,2.9999999999999997e-5,-2.7e-5,-0.000111,-0.00021799999999999999,-0.000365]},"efficiency":{"unit":"%","value":1.4210000000000003},"fill_factor":{"unit":"%","value":47.74358974358975},"jsc":{"unit":"mA\/cm2","value":7.249999999999999},"isc":{"unit":"mA","value":0.29},"voc":{"unit":"V","value":0.4105263157894737},"sweep_direction":{"unit":"","value":"Forward"},"key":"forward_5_321041803"},{"V":{"unit":"V","value":[-0.04,-0.02,0,0.02,0.04,0.06,0.08,0.1,0.12,0.14,0.16,0.18,0.2,0.22,0.24,0.26,0.28,0.3,0.32,0.34,0.36,0.38,0.4,0.42,0.44,0.46,0.48,0.5,0.52]},"J":{"unit":"A\/cm2","value":[0.007525,0.00735,0.0073,0.007274999999999999,0.0070999999999999995,0.007124999999999999,0.007025,0.007075,0.007000000000000001,0.007025,0.0069500000000000004,0.006925000000000001,0.006825,0.006775000000000001,0.006625,0.006475,0.006225,0.005974999999999999,0.0056,0.005149999999999999,0.00455,0.00385,0.0029,0.001675,0,-0.0023,-0.005425,-0.009574999999999998,-0.014874999999999998]},"I":{"unit":"A","value":[0.000301,0.000294,0.000292,0.00029099999999999997,0.00028399999999999996,0.000285,0.00028100000000000005,0.000283,0.00028000000000000003,0.00028100000000000005,0.00027800000000000004,0.000277,0.000273,0.00027100000000000003,0.000265,0.000259,0.000249,0.00023899999999999998,0.000224,0.000206,0.000182,0.000154,0.000116,6.7e-5,0,-9.2e-5,-0.000217,-0.000383,-0.0005949999999999999]},"efficiency":{"unit":"%","value":1.7925},"fill_factor":{"unit":"%","value":55.80635118306352},"jsc":{"unit":"mA\/cm2","value":7.3},"isc":{"unit":"mA","value":0.292},"voc":{"unit":"V","value":0.44},"sweep_direction":{"unit":"","value":"Forward"},"key":"forward_4_321041803"},{"V":{"unit":"V","value":[-0.04,-0.02,0,0.02,0.04,0.06,0.08,0.1,0.12,0.14,0.16,0.18,0.2,0.22,0.24,0.26,0.28,0.3,0.32,0.34,0.36,0.38,0.4,0.42]},"J":{"unit":"A\/cm2","value":[0.004375,0.004324999999999999,0.004275,0.004275,0.0040999999999999995,0.004125,0.0040750000000000005,0.0040999999999999995,0.004025,0.004025,0.00395,0.0039,0.0037749999999999997,0.0036249999999999998,0.0034000000000000002,0.003125,0.002775,0.0023,0.0017500000000000003,0.0010500000000000002,0.00025,-0.00075,-0.001875,-0.003225]},"I":{"unit":"A","value":[0.000175,0.00017299999999999998,0.000171,0.000171,0.000164,0.000165,0.000163,0.000164,0.000161,0.000161,0.000158,0.000156,0.00015099999999999998,0.000145,0.000136,0.000125,0.000111,9.2e-5,7.000000000000001e-5,4.2000000000000004e-5,1.0e-5,-2.9999999999999997e-5,-7.5e-5,-0.000129]},"efficiency":{"unit":"%","value":0.8160000000000001},"fill_factor":{"unit":"%","value":52.29512136505649},"jsc":{"unit":"mA\/cm2","value":4.275},"isc":{"unit":"mA","value":0.171},"voc":{"unit":"V","value":0.36499999999999994},"sweep_direction":{"unit":"","value":"Forward"},"key":"forward_3_321041803"},{"V":{"unit":"V","value":[-0.04,-0.02,0,0.02,0.04,0.06,0.08,0.1,0.12,0.14,0.16,0.18,0.2,0.22,0.24,0.26,0.28,0.3,0.32,0.34,0.36,0.38,0.4,0.42,0.44,0.46,0.48,0.5]},"J":{"unit":"A\/cm2","value":[0.006525,0.0064,0.0063,0.006325,0.006125,0.006125,0.006075,0.0060999999999999995,0.006024999999999999,0.006024999999999999,0.0059499999999999996,0.0059,0.0058,0.0056500000000000005,0.0055,0.00525,0.005,0.0046,0.004200000000000001,0.0036249999999999998,0.003025,0.0022249999999999995,0.001325,0.0001,-0.001425,-0.0034750000000000002,-0.006175,-0.009699999999999999]},"I":{"unit":"A","value":[0.000261,0.000256,0.000252,0.000253,0.000245,0.000245,0.000243,0.000244,0.000241,0.000241,0.00023799999999999998,0.000236,0.000232,0.00022600000000000002,0.00022,0.00020999999999999998,0.0002,0.000184,0.00016800000000000002,0.000145,0.000121,8.9e-5,5.3e-5,4.0e-6,-5.7e-5,-0.00013900000000000002,-0.000247,-0.000388]},"efficiency":{"unit":"%","value":1.4000000000000001},"fill_factor":{"unit":"%","value":52.7453523562473},"jsc":{"unit":"mA\/cm2","value":6.3},"isc":{"unit":"mA","value":0.252},"voc":{"unit":"V","value":0.4213114754098361},"sweep_direction":{"unit":"","value":"Forward"},"key":"forward_2_321041803"},{"V":{"unit":"V","value":[-0.04,-0.02,0,0.02,0.04,0.06,0.08,0.1,0.12,0.14,0.16,0.18,0.2,0.22,0.24,0.26,0.28,0.3,0.32,0.34,0.36,0.38,0.4,0.42,0.44,0.46,0.48,0.5,0.52,0.54]},"J":{"unit":"A\/cm2","value":[0.006175,0.006024999999999999,0.006,0.0059499999999999996,0.005775000000000001,0.005775000000000001,0.00575,0.00575,0.0057,0.005725000000000001,0.0056500000000000005,0.0056500000000000005,0.00555,0.00555,0.005375,0.005325,0.005125,0.005,0.004725,0.004475,0.0040999999999999995,0.003675,0.0031,0.002325,0.0012749999999999999,-0.00027499999999999996,-0.002325,-0.005199999999999999,-0.008875,-0.013450000000000002]},"I":{"unit":"A","value":[0.000247,0.000241,0.00023999999999999998,0.00023799999999999998,0.000231,0.000231,0.00023,0.00023,0.000228,0.000229,0.00022600000000000002,0.00022600000000000002,0.000222,0.000222,0.000215,0.000213,0.000205,0.0002,0.000189,0.000179,0.000164,0.000147,0.000124,9.3e-5,5.1e-5,-1.1e-5,-9.3e-5,-0.000208,-0.00035499999999999996,-0.0005380000000000001]},"efficiency":{"unit":"%","value":1.5215},"fill_factor":{"unit":"%","value":55.555359246171975},"jsc":{"unit":"mA\/cm2","value":6},"isc":{"unit":"mA","value":0.24},"voc":{"unit":"V","value":0.4564516129032258},"sweep_direction":{"unit":"","value":"Forward"},"key":"forward_1_321041803"}]}}