{"_id":"653122b815804d488a7f1af2","id":"CAU-SC-00456","author":68,"group":7,"input":[{"tco":{"unit":"","value":"ITO"}},[],{"htl":[{"material":{"unit":"","value":"PEDOT:PSS"},"concentration":{"unit":"","value":""},"conc_unit":{"unit":"","value":"mg\/ml"},"quantity":{"unit":"ml","value":""}}],"spin_coating":[{"type":{"unit":"","value":"drop&run"},"rpm":{"unit":"","value":"4000"},"time":{"unit":"s","value":"50"}}],"annealing":[{"temperature":{"unit":"oC","value":"150"},"time":{"unit":"m","value":"20"}}]},{"htl_treatment":[{"material":{"unit":"","value":"BAI"},"concentration":{"unit":"","value":"2"},"conc_unit":{"unit":"","value":"mg\/ml"},"quantity":{"unit":"ml","value":""}}],"solvent":[{"material":{"unit":"","value":"IPA"},"volume":{"unit":"ml","value":"1"}}],"spin_coating":[{"type":{"unit":"","value":"drop&run"},"rpm":{"unit":"","value":"5000"},"time":{"unit":"s","value":"30"}}],"annealing":[{"temperature":{"unit":"oC","value":"100"},"time":{"unit":"m","value":"5"}}]},{"perovskite":{"method":{"unit":"","value":"1step"},"molarity":{"unit":"M","value":"1.2"},"a_site":[{"material":{"unit":"","value":"FA"},"ratio":{"unit":"","value":"83"}},{"material":{"unit":"","value":"Cs"},"ratio":{"unit":"","value":"17"}}],"b_site":[{"material":{"unit":"","value":"Sn"},"ratio":{"unit":"","value":"50"}},{"material":{"unit":"","value":"Pb"},"ratio":{"unit":"","value":"50"}}],"x_site":[{"material":{"unit":"","value":"I"},"ratio":{"unit":"","value":"100"}}],"solvent":[{"material":{"unit":"","value":"DMF"},"volume":{"unit":"ml","value":"0.8"}},{"material":{"unit":"","value":"DMSO"},"volume":{"unit":"ml","value":"0.2"}}],"additive":[{"material":{"unit":"","value":"SnF2"},"solvent":{"unit":"","value":"none"},"concentration":{"unit":"","value":"9.36"},"conc_unit":{"unit":"","value":"mg\/ml"},"quantity":{"unit":"mol%","value":"5"}}],"stirring_time":[{"unit":"m","value":"120"}],"antisolvent":[{"material":{"unit":"","value":"PC61BM(1mg)+Toluene"},"quantity":{"unit":"ul","value":"300"},"dripping_time":{"unit":"s","value":"12"}}],"spin_coating":[{"type":{"unit":"","value":"drop&run"},"rpm":{"unit":"","value":"5000"},"time":{"unit":"s","value":"60"}}],"annealing":[{"temperature":{"unit":"oC","value":"65"},"time":{"unit":"m","value":"1"}},{"temperature":{"unit":"oC","value":"100"},"time":{"unit":"m","value":"30"}}],"atmosphere":[{"type":{"unit":"","value":"N2"},"temperature":{"unit":"oC","value":"25"},"humidity":{"unit":"RH%","value":"0"}}]}},{"etl":[{"material":{"unit":"","value":"PC61BM"},"concentration":{"unit":"","value":"20"},"conc_unit":{"unit":"","value":"mg\/ml"},"quantity":{"unit":"ml","value":"0.05"}}],"solvent":[{"material":{"unit":"","value":"CB"},"volume":{"unit":"ml","value":"1"}}],"spin_coating":[{"type":{"unit":"","value":"drop&run"},"rpm":{"unit":"","value":"1500"},"time":{"unit":"s","value":"30"}}],"annealing":[{"temperature":{"unit":"oC","value":"75"},"time":{"unit":"m","value":"10"}}]},{"blocking_buffer_layer":[{"material":{"unit":"","value":"BCP"},"concentration":{"unit":"","value":"0.5"},"conc_unit":{"unit":"","value":"mg\/ml"},"quantity":{"unit":"ml","value":"0.1"}}],"solvent":[{"material":{"unit":"","value":"IPA"},"volume":{"unit":"ml","value":"1"}}],"spin_coating":[{"type":{"unit":"","value":"drop&run"},"rpm":{"unit":"","value":"4000"},"time":{"unit":"s","value":"20"}}]},{"anode_metal":{"unit":"","value":"Ag"}},{"note":{"unit":"","value":"FACsSnPbI3- 2020 BAI 2mg"},"ar":{"unit":"","value":"0"},"type":{"unit":"","value":"unit_cell"},"device_type":{"unit":"","value":"p-i-n"},"temperature":{"unit":"\u2103","value":"25"},"humidity":{"unit":"%","value":"30"},"cell_dimension":{"unit":"cm2","value":"0.04"}}],"fileinfo":[{"key":"120111705","uploadType":"JV","original_name":"120111705.xlsx","save_name":"CAU-SC-00456\/120111705","uploader":68,"fileType":"group"}],"jvcnt":10,"updated_at":"2024-07-30 05:59:05","created_at":"2023-10-19 12:36:08","analysisInfo":{"JV":[{"efficiency":16.625700000000002,"fill_factor":78.3630710385793,"jsc":27.67125,"voc":0.7667251585623679,"key":"reverse_5_120111705","cell_dimension":null},{"efficiency":16.54175,"fill_factor":77.75171630059336,"jsc":27.825,"voc":0.7646035242290751,"key":"reverse_4_120111705","cell_dimension":null},{"efficiency":17.09325,"fill_factor":80.09032040135591,"jsc":27.755000000000003,"voc":0.768959349593496,"key":"reverse_3_120111705","cell_dimension":null},{"efficiency":17.334725,"fill_factor":80.99308735640292,"jsc":27.7575,"voc":0.7710608519269777,"key":"reverse_2_120111705","cell_dimension":null},{"efficiency":15.8905,"fill_factor":75.36728758604319,"jsc":28.562499999999996,"voc":0.738173515981735,"key":"reverse_1_120111705","cell_dimension":null},{"efficiency":15.73425,"fill_factor":74.11871343696387,"jsc":27.949999999999996,"voc":0.7595150115473441,"key":"forward_5_120111705","cell_dimension":null},{"efficiency":15.860249999999997,"fill_factor":74.34906714033741,"jsc":28.0625,"voc":0.7601654846335698,"key":"forward_4_120111705","cell_dimension":null},{"efficiency":15.939,"fill_factor":74.74487224386993,"jsc":28.037499999999998,"voc":0.7605720823798627,"key":"forward_3_120111705","cell_dimension":null},{"efficiency":16.002,"fill_factor":74.89833653055199,"jsc":28.0625,"voc":0.7613348946135832,"key":"forward_2_120111705","cell_dimension":null},{"efficiency":16.134500000000003,"fill_factor":75.25491922888699,"jsc":28.549999999999997,"voc":0.7509560229445507,"key":"forward_1_120111705","cell_dimension":null}]},"public":2,"tags":[],"analysis":{"JV":[{"V":{"unit":"V","value":[0.817,0.797,0.777,0.757,0.737,0.717,0.697,0.677,0.657,0.637,0.617,0.597,0.577,0.557,0.537,0.517,0.497,0.477,0.457,0.437,0.417,0.397,0.377,0.357,0.337,0.317,0.297,0.277,0.257,0.237,0.217,0.197,0.177,0.157,0.137,0.117,0.097,0.077,0.057,0.037,0.017,-0.003,-0.023,-0.043]},"J":{"unit":"A\/cm2","value":[-0.04725,-0.023,-0.006075,0.00575,0.013325000000000002,0.01855,0.021675,0.023925,0.025099999999999997,0.0261,0.026475,0.026875,0.02695,0.02725,0.02725,0.0274,0.0274,0.027450000000000002,0.027524999999999997,0.027450000000000002,0.027575,0.027475,0.027600000000000003,0.0275,0.027675,0.027475,0.027700000000000002,0.0275,0.027724999999999996,0.027475,0.027774999999999998,0.027575,0.027724999999999996,0.02755,0.027700000000000002,0.027575,0.027675,0.027625,0.027724999999999996,0.027625,0.02765,0.027675,0.02765,0.02765]},"I":{"unit":"A","value":[-0.00189,-0.00092,-0.000243,0.00023,0.000533,0.000742,0.000867,0.000957,0.001004,0.001044,0.001059,0.001075,0.001078,0.00109,0.00109,0.0010960000000000002,0.0010960000000000002,0.001098,0.001101,0.001098,0.001103,0.001099,0.0011040000000000002,0.0011,0.001107,0.001099,0.001108,0.0011,0.001109,0.001099,0.001111,0.001103,0.001109,0.0011020000000000001,0.001108,0.001103,0.001107,0.001105,0.001109,0.001105,0.001106,0.001107,0.001106,0.001106]},"efficiency":{"unit":"%","value":16.625700000000002},"fill_factor":{"unit":"%","value":78.3630710385793},"jsc":{"unit":"mA\/cm2","value":27.67125},"isc":{"unit":"mA","value":1.1068500000000001},"voc":{"unit":"V","value":0.7667251585623679},"sweep_direction":{"unit":"","value":"Reverse"},"key":"reverse_5_120111705"},{"V":{"unit":"V","value":[0.815,0.795,0.775,0.755,0.735,0.715,0.695,0.675,0.655,0.635,0.615,0.595,0.575,0.555,0.535,0.515,0.495,0.475,0.455,0.435,0.415,0.395,0.375,0.355,0.335,0.315,0.295,0.275,0.255,0.235,0.215,0.195,0.175,0.155,0.135,0.115,0.095,0.075,0.055,0.035,0.015,-0.005,-0.025,-0.045]},"J":{"unit":"A\/cm2","value":[-0.0465,-0.022699999999999998,-0.0059,0.00545,0.013224999999999999,0.01825,0.02165,0.023774999999999998,0.02525,0.02605,0.026699999999999998,0.026924999999999998,0.027274999999999997,0.02725,0.027475,0.027450000000000002,0.027575,0.027575,0.027700000000000002,0.027700000000000002,0.027700000000000002,0.027750000000000004,0.027700000000000002,0.027774999999999998,0.027700000000000002,0.027750000000000004,0.027724999999999996,0.027825,0.027700000000000002,0.02785,0.027700000000000002,0.027875,0.027800000000000002,0.0279,0.027750000000000004,0.027875,0.027750000000000004,0.027950000000000003,0.027800000000000002,0.0279,0.027825,0.027825,0.027825,0.027800000000000002]},"I":{"unit":"A","value":[-0.00186,-0.0009080000000000001,-0.000236,0.00021799999999999999,0.0005290000000000001,0.00073,0.000866,0.0009509999999999999,0.00101,0.001042,0.0010680000000000002,0.001077,0.001091,0.00109,0.001099,0.001098,0.001103,0.001103,0.001108,0.001108,0.001108,0.00111,0.001108,0.001111,0.001108,0.00111,0.001109,0.001113,0.001108,0.0011140000000000002,0.001108,0.0011149999999999999,0.0011120000000000001,0.001116,0.00111,0.0011149999999999999,0.00111,0.001118,0.0011120000000000001,0.001116,0.001113,0.001113,0.001113,0.0011120000000000001]},"efficiency":{"unit":"%","value":16.54175},"fill_factor":{"unit":"%","value":77.75171630059336},"jsc":{"unit":"mA\/cm2","value":27.825},"isc":{"unit":"mA","value":1.113},"voc":{"unit":"V","value":0.7646035242290751},"sweep_direction":{"unit":"","value":"Reverse"},"key":"reverse_4_120111705"},{"V":{"unit":"V","value":[0.819,0.799,0.779,0.759,0.739,0.719,0.699,0.679,0.659,0.639,0.619,0.599,0.579,0.559,0.539,0.519,0.499,0.479,0.459,0.439,0.419,0.399,0.379,0.359,0.339,0.319,0.299,0.279,0.259,0.239,0.219,0.199,0.179,0.159,0.139,0.119,0.099,0.079,0.059,0.039,0.019,-0.001,-0.021,-0.041]},"J":{"unit":"A\/cm2","value":[-0.049449999999999994,-0.02405,-0.006175,0.006125,0.01415,0.019425,0.022600000000000002,0.024775,0.0259,0.02675,0.027024999999999997,0.0273,0.027274999999999997,0.02755,0.027475,0.027625,0.027575,0.027675,0.027625,0.02765,0.027675,0.027700000000000002,0.027724999999999996,0.027675,0.027724999999999996,0.027675,0.027800000000000002,0.027675,0.027750000000000004,0.027724999999999996,0.027800000000000002,0.027675,0.027825,0.027675,0.027825,0.027675,0.027825,0.027750000000000004,0.02785,0.027724999999999996,0.02785,0.027750000000000004,0.02785,0.027750000000000004]},"I":{"unit":"A","value":[-0.001978,-0.000962,-0.000247,0.000245,0.000566,0.000777,0.0009040000000000001,0.000991,0.001036,0.00107,0.001081,0.001092,0.001091,0.0011020000000000001,0.001099,0.001105,0.001103,0.001107,0.001105,0.001106,0.001107,0.001108,0.001109,0.001107,0.001109,0.001107,0.0011120000000000001,0.001107,0.00111,0.001109,0.0011120000000000001,0.001107,0.001113,0.001107,0.001113,0.001107,0.001113,0.00111,0.0011140000000000002,0.001109,0.0011140000000000002,0.00111,0.0011140000000000002,0.00111]},"efficiency":{"unit":"%","value":17.09325},"fill_factor":{"unit":"%","value":80.09032040135591},"jsc":{"unit":"mA\/cm2","value":27.755000000000003},"isc":{"unit":"mA","value":1.1102},"voc":{"unit":"V","value":0.768959349593496},"sweep_direction":{"unit":"","value":"Reverse"},"key":"reverse_3_120111705"},{"V":{"unit":"V","value":[0.821,0.801,0.781,0.761,0.741,0.721,0.701,0.681,0.661,0.641,0.621,0.601,0.581,0.561,0.541,0.521,0.501,0.481,0.461,0.441,0.421,0.401,0.381,0.361,0.341,0.321,0.301,0.281,0.261,0.241,0.221,0.201,0.181,0.161,0.141,0.121,0.101,0.081,0.061,0.041,0.021,0.001,-0.019,-0.039]},"J":{"unit":"A\/cm2","value":[-0.04985,-0.024325,-0.006125,0.0062,0.014474999999999998,0.019524999999999997,0.022949999999999998,0.0249,0.026225,0.026924999999999998,0.027350000000000003,0.0275,0.027524999999999997,0.027600000000000003,0.027600000000000003,0.027724999999999996,0.027675,0.027800000000000002,0.027675,0.02785,0.027675,0.0279,0.02765,0.02785,0.02765,0.027875,0.027724999999999996,0.027825,0.027774999999999998,0.027875,0.027724999999999996,0.02785,0.027750000000000004,0.02785,0.027825,0.027800000000000002,0.02785,0.027825,0.02785,0.027825,0.0279,0.027750000000000004,0.0279,0.027774999999999998]},"I":{"unit":"A","value":[-0.001994,-0.000973,-0.000245,0.000248,0.000579,0.000781,0.0009180000000000001,0.000996,0.001049,0.001077,0.0010940000000000001,0.0011,0.001101,0.0011040000000000002,0.0011040000000000002,0.001109,0.001107,0.0011120000000000001,0.001107,0.0011140000000000002,0.001107,0.001116,0.001106,0.0011140000000000002,0.001106,0.0011149999999999999,0.001109,0.001113,0.001111,0.0011149999999999999,0.001109,0.0011140000000000002,0.00111,0.0011140000000000002,0.001113,0.0011120000000000001,0.0011140000000000002,0.001113,0.0011140000000000002,0.001113,0.001116,0.00111,0.001116,0.001111]},"efficiency":{"unit":"%","value":17.334725},"fill_factor":{"unit":"%","value":80.99308735640292},"jsc":{"unit":"mA\/cm2","value":27.7575},"isc":{"unit":"mA","value":1.1103},"voc":{"unit":"V","value":0.7710608519269777},"sweep_direction":{"unit":"","value":"Reverse"},"key":"reverse_2_120111705"},{"V":{"unit":"V","value":[0.79,0.77,0.75,0.73,0.71,0.69,0.67,0.65,0.63,0.61,0.59,0.57,0.55,0.53,0.51,0.49,0.47,0.45,0.43,0.41,0.39,0.37,0.35,0.33,0.31,0.29,0.27,0.25,0.23,0.21,0.19,0.17,0.15,0.13,0.11,0.09,0.07,0.05,0.03,0.01,-0.01,-0.03]},"J":{"unit":"A\/cm2","value":[-0.043824999999999996,-0.021724999999999998,-0.006475,0.004475,0.0118,0.017125,0.0205,0.023175,0.024724999999999997,0.02605,0.026699999999999998,0.0273,0.02755,0.027800000000000002,0.027974999999999996,0.028075,0.028224999999999997,0.028199999999999996,0.028375,0.028224999999999997,0.028449999999999996,0.028274999999999998,0.028499999999999998,0.028349999999999997,0.028549999999999996,0.028349999999999997,0.028575,0.028499999999999998,0.028499999999999998,0.028449999999999996,0.028499999999999998,0.028499999999999998,0.028525,0.028499999999999998,0.028499999999999998,0.028599999999999997,0.028475,0.028625,0.028475,0.028599999999999997,0.028525,0.028625]},"I":{"unit":"A","value":[-0.0017529999999999998,-0.000869,-0.000259,0.000179,0.000472,0.0006850000000000001,0.00082,0.0009270000000000001,0.000989,0.001042,0.0010680000000000002,0.001092,0.0011020000000000001,0.0011120000000000001,0.001119,0.001123,0.001129,0.0011279999999999999,0.001135,0.001129,0.001138,0.001131,0.00114,0.0011339999999999998,0.001142,0.0011339999999999998,0.001143,0.00114,0.00114,0.001138,0.00114,0.00114,0.001141,0.00114,0.00114,0.0011439999999999998,0.001139,0.001145,0.001139,0.0011439999999999998,0.001141,0.001145]},"efficiency":{"unit":"%","value":15.8905},"fill_factor":{"unit":"%","value":75.36728758604319},"jsc":{"unit":"mA\/cm2","value":28.562499999999996},"isc":{"unit":"mA","value":1.1424999999999998},"voc":{"unit":"V","value":0.738173515981735},"sweep_direction":{"unit":"","value":"Reverse"},"key":"reverse_1_120111705"},{"V":{"unit":"V","value":[-0.05,-0.03,-0.01,0.01,0.03,0.05,0.07,0.09,0.11,0.13,0.15,0.17,0.19,0.21,0.23,0.25,0.27,0.29,0.31,0.33,0.35,0.37,0.39,0.41,0.43,0.45,0.47,0.49,0.51,0.53,0.55,0.57,0.59,0.61,0.63,0.65,0.67,0.69,0.71,0.73,0.75,0.77,0.79,0.81,0.83,0.85]},"J":{"unit":"A\/cm2","value":[0.029875,0.028399999999999998,0.028125,0.027774999999999998,0.027774999999999998,0.027600000000000003,0.027625,0.027450000000000002,0.02755,0.027424999999999998,0.027424999999999998,0.027424999999999998,0.0273,0.0274,0.027225,0.0273,0.027174999999999998,0.02725,0.027100000000000003,0.027225,0.027075,0.02725,0.026975,0.027100000000000003,0.026924999999999998,0.027024999999999997,0.026824999999999998,0.026850000000000002,0.026725,0.026650000000000004,0.026424999999999997,0.026275,0.02595,0.02555,0.024974999999999997,0.023925,0.022699999999999998,0.020399999999999998,0.017325,0.012325,0.005149999999999999,-0.0056749999999999995,-0.020674999999999995,-0.041199999999999994,-0.06720000000000001,-0.0992]},"I":{"unit":"A","value":[0.001195,0.0011359999999999999,0.001125,0.001111,0.001111,0.0011040000000000002,0.001105,0.001098,0.0011020000000000001,0.0010969999999999999,0.0010969999999999999,0.0010969999999999999,0.001092,0.0010960000000000002,0.001089,0.001092,0.0010869999999999999,0.00109,0.0010840000000000001,0.001089,0.001083,0.00109,0.0010789999999999999,0.0010840000000000001,0.001077,0.001081,0.001073,0.001074,0.0010689999999999999,0.001066,0.001057,0.0010509999999999999,0.001038,0.0010220000000000001,0.000999,0.000957,0.0009080000000000001,0.000816,0.0006929999999999999,0.000493,0.000206,-0.00022700000000000002,-0.0008269999999999999,-0.001648,-0.0026880000000000003,-0.003968]},"efficiency":{"unit":"%","value":15.73425},"fill_factor":{"unit":"%","value":74.11871343696387},"jsc":{"unit":"mA\/cm2","value":27.949999999999996},"isc":{"unit":"mA","value":1.1179999999999999},"voc":{"unit":"V","value":0.7595150115473441},"sweep_direction":{"unit":"","value":"Forward"},"key":"forward_5_120111705"},{"V":{"unit":"V","value":[-0.05,-0.03,-0.01,0.01,0.03,0.05,0.07,0.09,0.11,0.13,0.15,0.17,0.19,0.21,0.23,0.25,0.27,0.29,0.31,0.33,0.35,0.37,0.39,0.41,0.43,0.45,0.47,0.49,0.51,0.53,0.55,0.57,0.59,0.61,0.63,0.65,0.67,0.69,0.71,0.73,0.75,0.77,0.79,0.81,0.83,0.85]},"J":{"unit":"A\/cm2","value":[0.0301,0.028699999999999996,0.028050000000000002,0.028075,0.027800000000000002,0.02785,0.02765,0.027675,0.02755,0.027625,0.027475,0.027575,0.0275,0.0275,0.027450000000000002,0.027350000000000003,0.027350000000000003,0.0273,0.027325,0.027200000000000002,0.027274999999999997,0.027225,0.02725,0.027125,0.027225,0.027,0.02715,0.026900000000000004,0.02695,0.026699999999999998,0.02675,0.026400000000000003,0.02625,0.025674999999999996,0.025174999999999996,0.024149999999999998,0.022850000000000002,0.020674999999999995,0.0175,0.012725,0.005375,-0.005199999999999999,-0.020349999999999997,-0.040674999999999996,-0.06684999999999999,-0.098575]},"I":{"unit":"A","value":[0.001204,0.001148,0.0011220000000000002,0.001123,0.0011120000000000001,0.0011140000000000002,0.001106,0.001107,0.0011020000000000001,0.001105,0.001099,0.001103,0.0011,0.0011,0.001098,0.0010940000000000001,0.0010940000000000001,0.001092,0.001093,0.001088,0.001091,0.001089,0.00109,0.001085,0.001089,0.00108,0.0010860000000000002,0.0010760000000000001,0.001078,0.0010680000000000002,0.00107,0.001056,0.0010500000000000002,0.001027,0.0010069999999999999,0.000966,0.000914,0.0008269999999999999,0.0007,0.000509,0.000215,-0.000208,-0.0008139999999999999,-0.001627,-0.0026739999999999997,-0.003943]},"efficiency":{"unit":"%","value":15.860249999999997},"fill_factor":{"unit":"%","value":74.34906714033741},"jsc":{"unit":"mA\/cm2","value":28.0625},"isc":{"unit":"mA","value":1.1225},"voc":{"unit":"V","value":0.7601654846335698},"sweep_direction":{"unit":"","value":"Forward"},"key":"forward_4_120111705"},{"V":{"unit":"V","value":[-0.05,-0.03,-0.01,0.01,0.03,0.05,0.07,0.09,0.11,0.13,0.15,0.17,0.19,0.21,0.23,0.25,0.27,0.29,0.31,0.33,0.35,0.37,0.39,0.41,0.43,0.45,0.47,0.49,0.51,0.53,0.55,0.57,0.59,0.61,0.63,0.65,0.67,0.69,0.71,0.73,0.75,0.77,0.79,0.81,0.83,0.85]},"J":{"unit":"A\/cm2","value":[0.029925,0.028425000000000002,0.028199999999999996,0.027875,0.02785,0.027625,0.027700000000000002,0.027575,0.027600000000000003,0.027475,0.027524999999999997,0.027450000000000002,0.027424999999999998,0.027450000000000002,0.027375,0.027424999999999998,0.027325,0.0274,0.027274999999999997,0.027350000000000003,0.027225,0.027325,0.027100000000000003,0.02725,0.027100000000000003,0.02715,0.027,0.027075,0.026875,0.026850000000000002,0.026624999999999996,0.026525,0.026199999999999998,0.0258,0.0253,0.024375,0.023100000000000002,0.021,0.0179,0.013,0.005775000000000001,-0.005149999999999999,-0.020399999999999998,-0.041275,-0.0678,-0.1002]},"I":{"unit":"A","value":[0.0011970000000000001,0.001137,0.0011279999999999999,0.0011149999999999999,0.0011140000000000002,0.001105,0.001108,0.001103,0.0011040000000000002,0.001099,0.001101,0.001098,0.0010969999999999999,0.001098,0.001095,0.0010969999999999999,0.001093,0.0010960000000000002,0.001091,0.0010940000000000001,0.001089,0.001093,0.0010840000000000001,0.00109,0.0010840000000000001,0.0010860000000000002,0.00108,0.001083,0.001075,0.001074,0.001065,0.0010609999999999999,0.001048,0.001032,0.001012,0.000975,0.000924,0.0008399999999999999,0.000716,0.0005200000000000001,0.000231,-0.000206,-0.000816,-0.0016510000000000001,-0.002712,-0.004008]},"efficiency":{"unit":"%","value":15.939},"fill_factor":{"unit":"%","value":74.74487224386993},"jsc":{"unit":"mA\/cm2","value":28.037499999999998},"isc":{"unit":"mA","value":1.1215},"voc":{"unit":"V","value":0.7605720823798627},"sweep_direction":{"unit":"","value":"Forward"},"key":"forward_3_120111705"},{"V":{"unit":"V","value":[-0.05,-0.03,-0.01,0.01,0.03,0.05,0.07,0.09,0.11,0.13,0.15,0.17,0.19,0.21,0.23,0.25,0.27,0.29,0.31,0.33,0.35,0.37,0.39,0.41,0.43,0.45,0.47,0.49,0.51,0.53,0.55,0.57,0.59,0.61,0.63,0.65,0.67,0.69,0.71,0.73,0.75,0.77,0.79,0.81,0.83,0.85]},"J":{"unit":"A\/cm2","value":[0.030125,0.028699999999999996,0.028075,0.028050000000000002,0.027774999999999998,0.027825,0.027724999999999996,0.027675,0.02765,0.027524999999999997,0.027625,0.0275,0.027575,0.027450000000000002,0.027524999999999997,0.027375,0.0275,0.027325,0.027524999999999997,0.027274999999999997,0.027424999999999998,0.027200000000000002,0.027350000000000003,0.027200000000000002,0.027225,0.027174999999999998,0.027225,0.027075,0.027024999999999997,0.026900000000000004,0.02675,0.026574999999999998,0.026350000000000002,0.026,0.0254,0.024575,0.023175,0.021275,0.01805,0.013375,0.00605,-0.004625,-0.02,-0.040625,-0.067175,-0.099425]},"I":{"unit":"A","value":[0.0012050000000000001,0.001148,0.001123,0.0011220000000000002,0.001111,0.001113,0.001109,0.001107,0.001106,0.001101,0.001105,0.0011,0.001103,0.001098,0.001101,0.001095,0.0011,0.001093,0.001101,0.001091,0.0010969999999999999,0.001088,0.0010940000000000001,0.001088,0.001089,0.0010869999999999999,0.001089,0.001083,0.001081,0.0010760000000000001,0.00107,0.001063,0.001054,0.0010400000000000001,0.001016,0.000983,0.0009270000000000001,0.000851,0.000722,0.000535,0.000242,-0.000185,-0.0008,-0.001625,-0.0026869999999999997,-0.003977]},"efficiency":{"unit":"%","value":16.002},"fill_factor":{"unit":"%","value":74.89833653055199},"jsc":{"unit":"mA\/cm2","value":28.0625},"isc":{"unit":"mA","value":1.1225},"voc":{"unit":"V","value":0.7613348946135832},"sweep_direction":{"unit":"","value":"Forward"},"key":"forward_2_120111705"},{"V":{"unit":"V","value":[-0.05,-0.03,-0.01,0.01,0.03,0.05,0.07,0.09,0.11,0.13,0.15,0.17,0.19,0.21,0.23,0.25,0.27,0.29,0.31,0.33,0.35,0.37,0.39,0.41,0.43,0.45,0.47,0.49,0.51,0.53,0.55,0.57,0.59,0.61,0.63,0.65,0.67,0.69,0.71,0.73,0.75,0.77,0.79,0.81]},"J":{"unit":"A\/cm2","value":[0.03015,0.028799999999999996,0.028675,0.028425000000000002,0.028499999999999998,0.028274999999999998,0.028449999999999996,0.028199999999999996,0.0283,0.028175000000000002,0.028249999999999997,0.028175000000000002,0.028199999999999996,0.0281,0.028149999999999994,0.028075,0.0281,0.028075,0.028050000000000002,0.0281,0.028024999999999998,0.028050000000000002,0.027974999999999996,0.027974999999999996,0.02785,0.0279,0.027800000000000002,0.027750000000000004,0.027600000000000003,0.027625,0.027325,0.02725,0.026775,0.026449999999999998,0.0255,0.0245,0.022699999999999998,0.020125,0.016024999999999998,0.009875,0.000625,-0.01245,-0.030475000000000002,-0.0539]},"I":{"unit":"A","value":[0.001206,0.0011519999999999998,0.001147,0.001137,0.00114,0.001131,0.001138,0.0011279999999999999,0.001132,0.001127,0.00113,0.001127,0.0011279999999999999,0.0011240000000000002,0.0011259999999999998,0.001123,0.0011240000000000002,0.001123,0.0011220000000000002,0.0011240000000000002,0.001121,0.0011220000000000002,0.001119,0.001119,0.0011140000000000002,0.001116,0.0011120000000000001,0.00111,0.0011040000000000002,0.001105,0.001093,0.00109,0.001071,0.0010580000000000001,0.00102,0.00098,0.0009080000000000001,0.000805,0.000641,0.000395,2.5e-5,-0.000498,-0.001219,-0.002156]},"efficiency":{"unit":"%","value":16.134500000000003},"fill_factor":{"unit":"%","value":75.25491922888699},"jsc":{"unit":"mA\/cm2","value":28.549999999999997},"isc":{"unit":"mA","value":1.142},"voc":{"unit":"V","value":0.7509560229445507},"sweep_direction":{"unit":"","value":"Forward"},"key":"forward_1_120111705"}]}}