{"_id":"65294a6368333e4c3d5bbff8","id":"CAU-SC-00098","author":63,"group":7,"input":[{"tco":{"unit":"","value":"ITO"}},{"htl":[{"material":{"unit":"","value":"PEDOT:PSS"},"concentration":{"unit":"","value":"None"},"conc_unit":{"unit":"","value":"mg\/ml"},"quantity":{"unit":"ml","value":"Material"}}],"spin_coating":[{"type":{"unit":"","value":"drop&run"},"rpm":{"unit":"","value":"5000"},"time":{"unit":"s","value":"30"}}],"annealing":[{"temperature":{"unit":"oC","value":"150"},"time":{"unit":"m","value":"20"}}]},{"perovskite":{"method":{"unit":"","value":"1step"},"molarity":{"unit":"M","value":"1"},"a_site":[{"material":{"unit":"","value":"FA"},"ratio":{"unit":"","value":"75"}},{"material":{"unit":"","value":"MA"},"ratio":{"unit":"","value":"25"}}],"b_site":[{"material":{"unit":"","value":"Sn"},"ratio":{"unit":"","value":"100"}}],"x_site":[{"material":{"unit":"","value":"I"},"ratio":{"unit":"","value":"100"}}],"solvent":[{"material":{"unit":"","value":"DMSO"},"volume":{"unit":"ml","value":"1"}}],"additive":[{"material":{"unit":"","value":"SnF2"},"solvent":{"unit":"","value":"none"},"concentration":{"unit":"","value":"15.6"},"conc_unit":{"unit":"","value":"mg\/ml"},"quantity":{"unit":"mol%","value":"10"}},{"material":{"unit":"","value":"Sn"},"solvent":{"unit":"","value":null},"concentration":{"unit":"","value":"8.3"},"conc_unit":{"unit":"","value":"mg\/ml"},"quantity":{"unit":"mol%","value":"7"}}],"stirring_time":[{"unit":"m","value":"180"}],"antisolvent":[{"material":{"unit":"","value":"CB"},"quantity":{"unit":"ul","value":"300"},"dripping_time":{"unit":"s","value":"60"}}],"spin_coating":[{"type":{"unit":"","value":"drop&run"},"rpm":{"unit":"","value":"1000"},"time":{"unit":"s","value":"10"}},{"type":{"unit":"","value":"drop&run"},"rpm":{"unit":"","value":"5000"},"time":{"unit":"s","value":"80"}}],"annealing":[{"temperature":{"unit":"oC","value":"80"},"time":{"unit":"m","value":"20"}}],"atmosphere":[{"type":{"unit":"","value":"N2"},"temperature":{"unit":"oC","value":"25"},"humidity":{"unit":"RH%","value":"0"}}]}},{"etl":[{"material":{"unit":"","value":"PC61BM"},"concentration":{"unit":"","value":"20"},"conc_unit":{"unit":"","value":"mg\/ml"},"quantity":{"unit":"ml","value":"0.05"}}],"solvent":[{"material":{"unit":"","value":"CB"},"volume":{"unit":"ml","value":"1"}}],"spin_coating":[{"type":{"unit":"","value":"drop&run"},"rpm":{"unit":"","value":"400"},"time":{"unit":"s","value":"2"}},{"type":{"unit":"","value":"drop&run"},"rpm":{"unit":"","value":"1500"},"time":{"unit":"s","value":"30"}}],"annealing":[{"temperature":{"unit":"oC","value":"80"},"time":{"unit":"m","value":"10"}}]},{"anode_metal":{"unit":"","value":"Ag"}},{"note":{"unit":"","value":"FAMASnI3-CB50 80oc 20min"},"ar":{"unit":"","value":"0"},"type":{"unit":"","value":"unit_cell"},"device_type":{"unit":"","value":"p-i-n"},"temperature":{"unit":"\u2103","value":"25"},"humidity":{"unit":"%","value":"25"},"cell_dimension":{"unit":"cm2","value":"0.04"}}],"fileinfo":[{"key":"323042209","uploadType":"JV","original_name":"323042209.xlsx","save_name":"CAU-SC-00098\/323042209","uploader":63,"fileType":"group"}],"updated_at":"2024-06-03 08:38:34","created_at":"2023-10-13 13:47:15","jvcnt":2,"analysisInfo":{"JV":[{"efficiency":1.4000000000000001,"fill_factor":39.35750435939024,"jsc":20.275000000000002,"voc":0.17544444444444446,"key":"reverse_1_323042209","cell_dimension":null},{"efficiency":6.086,"fill_factor":65.96649599197586,"jsc":21.025,"voc":0.43880597014925377,"key":"forward_1_323042209","cell_dimension":null}]},"public":2,"analysis":{"JV":[{"V":{"unit":"V","value":[0.6,0.58,0.56,0.54,0.52,0.5,0.48,0.46,0.44,0.42,0.4,0.38,0.36,0.34,0.32,0.3,0.28,0.26,0.24,0.22,0.2,0.18,0.16,0.14,0.12,0.1,0.08,0.06,0.04,0.02,0,-0.02,-0.04]},"J":{"unit":"A\/cm2","value":[-0.18115,-0.185075,-0.17729999999999999,-0.16745000000000002,-0.15625,-0.14425,-0.1318,-0.11917500000000002,-0.10662499999999998,-0.09422499999999999,-0.08227499999999999,-0.0708,-0.059975,-0.0514,-0.042475,-0.03459999999999999,-0.02785,-0.0219,-0.016375,-0.011125,-0.0059499999999999996,-0.0010249999999999999,0.0034750000000000002,0.0076,0.01105,0.014000000000000002,0.016399999999999998,0.01815,0.01925,0.01995,0.020275,0.02045,0.020599999999999997]},"I":{"unit":"A","value":[-0.007246000000000001,-0.007403,-0.007091999999999999,-0.006698000000000001,-0.00625,-0.00577,-0.005272000000000001,-0.004767,-0.004265,-0.003769,-0.003291,-0.002832,-0.002399,-0.002056,-0.001699,-0.0013839999999999998,-0.0011140000000000002,-0.000876,-0.000655,-0.00044500000000000003,-0.00023799999999999998,-4.1e-5,0.00013900000000000002,0.000304,0.000442,0.0005600000000000001,0.000656,0.000726,0.0007700000000000001,0.000798,0.0008110000000000001,0.0008179999999999999,0.000824]},"efficiency":{"unit":"%","value":1.4000000000000001},"fill_factor":{"unit":"%","value":39.35750435939024},"jsc":{"unit":"mA\/cm2","value":20.275000000000002},"isc":{"unit":"mA","value":0.811},"voc":{"unit":"V","value":0.17544444444444446},"sweep_direction":{"unit":"","value":"Reverse"},"key":"reverse_1_323042209"},{"V":{"unit":"V","value":[-0.04,-0.02,0,0.02,0.04,0.06,0.08,0.1,0.12,0.14,0.16,0.18,0.2,0.22,0.24,0.26,0.28,0.3,0.32,0.34,0.36,0.38,0.4,0.42,0.44,0.46,0.48,0.5,0.52,0.54,0.56,0.58,0.6]},"J":{"unit":"A\/cm2","value":[0.02115,0.021049999999999996,0.021025,0.02095,0.020924999999999996,0.020924999999999996,0.020825,0.020825,0.020799999999999996,0.02075,0.0207,0.020649999999999998,0.02055,0.020524999999999998,0.020300000000000002,0.0201,0.0198,0.019399999999999997,0.01875,0.0179,0.016425000000000002,0.014299999999999998,0.01105,0.0063,-0.0004,-0.00945,-0.021325,-0.03615,-0.05425,-0.0757,-0.10052499999999999,-0.128775,-0.16044999999999998]},"I":{"unit":"A","value":[0.000846,0.000842,0.000841,0.000838,0.000837,0.000837,0.000833,0.000833,0.000832,0.00083,0.000828,0.0008259999999999999,0.0008219999999999999,0.0008209999999999999,0.000812,0.000804,0.0007920000000000001,0.000776,0.00075,0.000716,0.000657,0.0005719999999999999,0.000442,0.000252,-1.6e-5,-0.000378,-0.000853,-0.001446,-0.00217,-0.003028,-0.004021,-0.005151,-0.006418]},"efficiency":{"unit":"%","value":6.086},"fill_factor":{"unit":"%","value":65.96649599197586},"jsc":{"unit":"mA\/cm2","value":21.025},"isc":{"unit":"mA","value":0.841},"voc":{"unit":"V","value":0.43880597014925377},"sweep_direction":{"unit":"","value":"Forward"},"key":"forward_1_323042209"}]}}