{"_id":"652e3fc49d8aa506476d2062","id":"CAU-SC-00268","author":70,"group":7,"input":[{"tco":{"unit":"","value":"ITO"}},[],{"etl":[{"material":{"unit":"","value":"SnCl2\u00b75H2O"},"concentration":{"unit":"","value":"17.85"},"conc_unit":{"unit":"","value":"mg\/ml"},"quantity":{"unit":"ml","value":"1"}}],"solvent":[{"material":{"unit":"","value":"IPA"},"volume":{"unit":"ml","value":"4"}}],"spin_coating":[{"type":{"unit":"","value":"drop&run"},"rpm":{"unit":"","value":"5000"},"time":{"unit":"s","value":"30"}}],"annealing":[{"temperature":{"unit":"oC","value":"170"},"time":{"unit":"m","value":"30"}}]},{"etl":[{"material":{"unit":"","value":"ZnO"},"concentration":{"unit":"","value":"109.75"},"conc_unit":{"unit":"","value":"mg\/ml"},"quantity":{"unit":"ml","value":"1"}}],"solvent":[{"material":{"unit":"","value":"2-ME"},"volume":{"unit":"ml","value":"2"}},{"material":{"unit":"","value":"Ethanolamine"},"volume":{"unit":"ml","value":"0.067"}}],"spin_coating":[{"type":{"unit":"","value":"drop&run"},"rpm":{"unit":"","value":"5000"},"time":{"unit":"s","value":"30"}}],"annealing":[{"temperature":{"unit":"oC","value":"170"},"time":{"unit":"m","value":"30"}}]},[],[],{"perovskite":{"method":{"unit":"","value":"1step"},"molarity":{"unit":"M","value":"1.2"},"a_site":[{"material":{"unit":"","value":"Cs"},"ratio":{"unit":"","value":"100"}}],"b_site":[{"material":{"unit":"","value":"Pb"},"ratio":{"unit":"","value":"100"}}],"x_site":[{"material":{"unit":"","value":"I"},"ratio":{"unit":"","value":"67"}},{"material":{"unit":"","value":"Br"},"ratio":{"unit":"","value":"33"}}],"solvent":[{"material":{"unit":"","value":"DMSO"},"volume":{"unit":"ml","value":"0.7"}},{"material":{"unit":"","value":"DMF"},"volume":{"unit":"ml","value":"0.3"}}],"stirring_time":[{"unit":"m","value":"960"}],"spin_coating":[{"type":{"unit":"","value":"drop&run"},"rpm":{"unit":"","value":"3000"},"time":{"unit":"s","value":"40"}}],"annealing":[{"temperature":{"unit":"oC","value":"235"},"time":{"unit":"m","value":"10"}}],"atmosphere":[{"type":{"unit":"","value":"air"},"temperature":{"unit":"oC","value":"18.6"},"humidity":{"unit":"RH%","value":"35"}}],"assist":[{"type":{"unit":"","value":"hot air assist"},"temperature":{"unit":"oC","value":"230"},"assist_start_time":{"value":8,"unit":"s"},"total_assist_time":{"value":"0.233","unit":"s"}}],"additive":[{"material":{"unit":"","value":"CH2I2"},"solvent":{"unit":"","value":null},"concentration":{"unit":"","value":"100 uL"},"conc_unit":{"unit":"","value":null},"quantity":{"unit":"mol%","value":null}}]}},{"htl":[{"material":{"unit":"","value":"P3HT"},"concentration":{"unit":"","value":"10"},"conc_unit":{"unit":"","value":"mg\/ml"},"quantity":{"unit":"ml","value":"1"}}],"solvent":[{"material":{"unit":"","value":"CB"},"volume":{"unit":"ml","value":"1"}}],"spin_coating":[{"type":{"unit":"","value":"dynamic"},"rpm":{"unit":"","value":"3000"},"time":{"unit":"s","value":"30"}}],"annealing":[{"temperature":{"unit":"oC","value":"100"},"time":{"unit":"m","value":"5"}}],"htl_doping":[{"material":{"unit":"","value":"Li-TFSI"},"volume":{"unit":"ul","value":null}},{"material":{"unit":"","value":"Li-TFSI"},"volume":{"unit":"ul","value":"54"}},{"material":{"unit":"","value":"tBP"},"volume":{"unit":"ul","value":"10.2"}}]},[],{"anode_metal":{"unit":"","value":"Au"}},{"note":{"unit":"","value":"CsPbI2Br+100uL CH2I2_721120806_SnCl2_ZnO"},"ar":{"unit":"","value":"0"},"type":{"unit":"","value":"unit_cell"},"device_type":{"unit":"","value":"n-i-p"},"temperature":{"unit":"\u2103","value":"21"},"humidity":{"unit":"%","value":"35"},"cell_dimension":{"unit":"cm2","value":"0.04"}}],"fileinfo":[{"key":"CsPbI2Br+100uL CH2I2_721120806_SnCl2_ZnO","uploadType":"JV","original_name":"CsPbI2Br+100uL CH2I2_721120806_SnCl2_ZnO.xlsx","save_name":"CAU-SC-00268\/CsPbI2Br+100uL CH2I2_721120806_SnCl2_ZnO","uploader":70,"fileType":"group"}],"jvcnt":10,"updated_at":"2024-06-03 08:38:34","created_at":"2023-10-17 08:03:16","analysisInfo":{"JV":[{"efficiency":12.9444,"fill_factor":75.6346200658301,"jsc":14.799999999999999,"voc":1.1563773584905659,"key":"reverse_5_CsPbI2Br+100uL CH2I2_721120806_SnCl2_ZnO","cell_dimension":null},{"efficiency":12.775500000000001,"fill_factor":78.0520296558417,"jsc":14.202499999999999,"voc":1.152468085106383,"key":"reverse_4_CsPbI2Br+100uL CH2I2_721120806_SnCl2_ZnO","cell_dimension":null},{"efficiency":12.462274999999998,"fill_factor":80.36380852081957,"jsc":13.450000000000001,"voc":1.1529607843137255,"key":"reverse_3_CsPbI2Br+100uL CH2I2_721120806_SnCl2_ZnO","cell_dimension":null},{"efficiency":12.25,"fill_factor":80.06793172706337,"jsc":13.3,"voc":1.1503389830508473,"key":"reverse_2_CsPbI2Br+100uL CH2I2_721120806_SnCl2_ZnO","cell_dimension":null},{"efficiency":12.4474,"fill_factor":78.39016099475198,"jsc":13.895000000000001,"voc":1.1427692307692305,"key":"reverse_1_CsPbI2Br+100uL CH2I2_721120806_SnCl2_ZnO","cell_dimension":null},{"efficiency":8.14275,"fill_factor":62.516104511998925,"jsc":14.84375,"voc":0.8774766355140187,"key":"forward_5_CsPbI2Br+100uL CH2I2_721120806_SnCl2_ZnO","cell_dimension":null},{"efficiency":7.796250000000001,"fill_factor":63.42810322194127,"jsc":14.21875,"voc":0.8644554455445546,"key":"forward_4_CsPbI2Br+100uL CH2I2_721120806_SnCl2_ZnO","cell_dimension":null},{"efficiency":7.7805,"fill_factor":65.0998162668686,"jsc":13.48125,"voc":0.8865384615384616,"key":"forward_3_CsPbI2Br+100uL CH2I2_721120806_SnCl2_ZnO","cell_dimension":null},{"efficiency":7.41825,"fill_factor":63.96177570026814,"jsc":13.306250000000002,"voc":0.8716161616161616,"key":"forward_2_CsPbI2Br+100uL CH2I2_721120806_SnCl2_ZnO","cell_dimension":null},{"efficiency":7.197999999999999,"fill_factor":61.363854753170976,"jsc":13.856249999999998,"voc":0.846551724137931,"key":"forward_1_CsPbI2Br+100uL CH2I2_721120806_SnCl2_ZnO","cell_dimension":null}]},"public":2,"analysis":{"JV":[{"V":{"unit":"V","value":[1.206,1.166,1.126,1.086,1.046,1.006,0.966,0.926,0.886,0.846,0.806,0.766,0.726,0.686,0.646,0.606,0.566,0.526,0.486,0.446,0.406,0.366,0.326,0.286,0.246,0.206,0.166,0.126,0.086,0.046,0.006,-0.034]},"J":{"unit":"A\/cm2","value":[-0.007199999999999999,-0.0012749999999999999,0.004025,0.0083,0.0111,0.012675,0.0134,0.013775,0.01395,0.014074999999999997,0.014124999999999999,0.014199999999999999,0.014224999999999998,0.014299999999999998,0.014325,0.014349999999999998,0.014399999999999998,0.014424999999999999,0.014474999999999998,0.014499999999999999,0.014524999999999998,0.014524999999999998,0.0146,0.014624999999999997,0.014649999999999998,0.014649999999999998,0.0147,0.0147,0.014749999999999997,0.014774999999999998,0.014799999999999999,0.014799999999999999]},"I":{"unit":"A","value":[-0.00028799999999999995,-5.1e-5,0.000161,0.000332,0.000444,0.000507,0.000536,0.0005510000000000001,0.000558,0.0005629999999999999,0.000565,0.0005679999999999999,0.000569,0.0005719999999999999,0.0005729999999999999,0.000574,0.0005759999999999999,0.0005769999999999999,0.000579,0.00058,0.0005809999999999999,0.0005809999999999999,0.000584,0.000585,0.0005859999999999999,0.0005859999999999999,0.000588,0.000588,0.0005899999999999999,0.0005909999999999999,0.000592,0.000592]},"efficiency":{"unit":"%","value":12.9444},"fill_factor":{"unit":"%","value":75.6346200658301},"jsc":{"unit":"mA\/cm2","value":14.799999999999999},"isc":{"unit":"mA","value":0.592},"voc":{"unit":"V","value":1.1563773584905659},"sweep_direction":{"unit":"","value":"Reverse"},"key":"reverse_5_CsPbI2Br+100uL CH2I2_721120806_SnCl2_ZnO"},{"V":{"unit":"V","value":[1.202,1.162,1.122,1.082,1.042,1.002,0.962,0.922,0.882,0.842,0.802,0.762,0.722,0.682,0.642,0.602,0.562,0.522,0.482,0.442,0.402,0.362,0.322,0.282,0.242,0.202,0.162,0.122,0.082,0.042,0.002,-0.038]},"J":{"unit":"A\/cm2","value":[-0.008025000000000001,-0.0014,0.004475,0.008875,0.011450000000000002,0.01275,0.01325,0.013550000000000001,0.01365,0.013725000000000001,0.013775,0.013800000000000002,0.013825,0.013875000000000002,0.013900000000000001,0.013925,0.01395,0.013925,0.014000000000000002,0.014025000000000001,0.014025000000000001,0.01405,0.014074999999999997,0.01405,0.014099999999999998,0.014124999999999999,0.014124999999999999,0.01415,0.01415,0.014174999999999998,0.014199999999999999,0.014249999999999999]},"I":{"unit":"A","value":[-0.000321,-5.6e-5,0.000179,0.00035499999999999996,0.000458,0.00051,0.00053,0.0005420000000000001,0.000546,0.000549,0.0005510000000000001,0.0005520000000000001,0.000553,0.000555,0.0005560000000000001,0.0005570000000000001,0.000558,0.0005570000000000001,0.0005600000000000001,0.0005610000000000001,0.0005610000000000001,0.0005620000000000001,0.0005629999999999999,0.0005620000000000001,0.0005639999999999999,0.000565,0.000565,0.000566,0.000566,0.0005669999999999999,0.0005679999999999999,0.00057]},"efficiency":{"unit":"%","value":12.775500000000001},"fill_factor":{"unit":"%","value":78.0520296558417},"jsc":{"unit":"mA\/cm2","value":14.202499999999999},"isc":{"unit":"mA","value":0.5680999999999999},"voc":{"unit":"V","value":1.152468085106383},"sweep_direction":{"unit":"","value":"Reverse"},"key":"reverse_4_CsPbI2Br+100uL CH2I2_721120806_SnCl2_ZnO"},{"V":{"unit":"V","value":[1.203,1.163,1.123,1.083,1.043,1.003,0.963,0.923,0.883,0.843,0.803,0.763,0.723,0.683,0.643,0.603,0.563,0.523,0.483,0.443,0.403,0.363,0.323,0.283,0.243,0.203,0.163,0.123,0.083,0.043,0.003,-0.037]},"J":{"unit":"A\/cm2","value":[-0.009025,-0.0016,0.004775000000000001,0.009125,0.011425000000000001,0.012424999999999999,0.012825,0.01295,0.013075000000000002,0.013099999999999999,0.01315,0.013200000000000002,0.013200000000000002,0.013224999999999999,0.01325,0.013275,0.013275,0.013300000000000001,0.013300000000000001,0.013325000000000002,0.013325000000000002,0.013349999999999999,0.013325000000000002,0.0134,0.013349999999999999,0.013425000000000001,0.013425000000000001,0.013450000000000002,0.0134,0.013475,0.013450000000000002,0.013450000000000002]},"I":{"unit":"A","value":[-0.000361,-6.4e-5,0.000191,0.000365,0.000457,0.000497,0.000513,0.000518,0.000523,0.000524,0.000526,0.000528,0.000528,0.0005290000000000001,0.00053,0.000531,0.000531,0.000532,0.000532,0.000533,0.000533,0.0005340000000000001,0.000533,0.000536,0.0005340000000000001,0.000537,0.000537,0.0005380000000000001,0.000536,0.000539,0.0005380000000000001,0.0005380000000000001]},"efficiency":{"unit":"%","value":12.462274999999998},"fill_factor":{"unit":"%","value":80.36380852081957},"jsc":{"unit":"mA\/cm2","value":13.450000000000001},"isc":{"unit":"mA","value":0.538},"voc":{"unit":"V","value":1.1529607843137255},"sweep_direction":{"unit":"","value":"Reverse"},"key":"reverse_3_CsPbI2Br+100uL CH2I2_721120806_SnCl2_ZnO"},{"V":{"unit":"V","value":[1.2,1.16,1.12,1.08,1.04,1,0.96,0.92,0.88,0.84,0.8,0.76,0.72,0.68,0.64,0.6,0.56,0.52,0.48,0.44,0.4,0.36,0.32,0.28,0.24,0.2,0.16,0.12,0.08,0.04,0,-0.04]},"J":{"unit":"A\/cm2","value":[-0.008150000000000001,-0.001425,0.004475,0.00875,0.01115,0.01225,0.01265,0.012875,0.012975,0.013025,0.013075000000000002,0.013075000000000002,0.013125,0.013099999999999999,0.013125,0.013175000000000001,0.013175000000000001,0.013175000000000001,0.013200000000000002,0.013200000000000002,0.01325,0.013224999999999999,0.013224999999999999,0.013275,0.01325,0.013275,0.013275,0.013275,0.013300000000000001,0.013275,0.013300000000000001,0.013325000000000002]},"I":{"unit":"A","value":[-0.000326,-5.7e-5,0.000179,0.00035,0.000446,0.00049,0.000506,0.000515,0.000519,0.000521,0.000523,0.000523,0.0005250000000000001,0.000524,0.0005250000000000001,0.000527,0.000527,0.000527,0.000528,0.000528,0.00053,0.0005290000000000001,0.0005290000000000001,0.000531,0.00053,0.000531,0.000531,0.000531,0.000532,0.000531,0.000532,0.000533]},"efficiency":{"unit":"%","value":12.25},"fill_factor":{"unit":"%","value":80.06793172706337},"jsc":{"unit":"mA\/cm2","value":13.3},"isc":{"unit":"mA","value":0.532},"voc":{"unit":"V","value":1.1503389830508473},"sweep_direction":{"unit":"","value":"Reverse"},"key":"reverse_2_CsPbI2Br+100uL CH2I2_721120806_SnCl2_ZnO"},{"V":{"unit":"V","value":[1.192,1.152,1.112,1.072,1.032,0.992,0.952,0.912,0.872,0.832,0.792,0.752,0.712,0.672,0.632,0.592,0.552,0.512,0.472,0.432,0.392,0.352,0.312,0.272,0.232,0.192,0.152,0.112,0.072,0.032,-0.008,-0.048]},"J":{"unit":"A\/cm2","value":[-0.0065,-0.001125,0.00375,0.0078,0.010674999999999999,0.01225,0.013075000000000002,0.013375,0.013550000000000001,0.013575,0.013675000000000001,0.013675000000000001,0.013725000000000001,0.0137,0.013725000000000001,0.013775,0.013775,0.013775,0.013775,0.013825,0.013775,0.013825,0.013800000000000002,0.013825,0.013800000000000002,0.013850000000000001,0.013825,0.013850000000000001,0.013875000000000002,0.013875000000000002,0.013900000000000001,0.013850000000000001]},"I":{"unit":"A","value":[-0.00026000000000000003,-4.4999999999999996e-5,0.00015,0.000312,0.00042699999999999997,0.00049,0.000523,0.000535,0.0005420000000000001,0.0005430000000000001,0.0005470000000000001,0.0005470000000000001,0.000549,0.0005480000000000001,0.000549,0.0005510000000000001,0.0005510000000000001,0.0005510000000000001,0.0005510000000000001,0.000553,0.0005510000000000001,0.000553,0.0005520000000000001,0.000553,0.0005520000000000001,0.000554,0.000553,0.000554,0.000555,0.000555,0.0005560000000000001,0.000554]},"efficiency":{"unit":"%","value":12.4474},"fill_factor":{"unit":"%","value":78.39016099475198},"jsc":{"unit":"mA\/cm2","value":13.895000000000001},"isc":{"unit":"mA","value":0.5558000000000001},"voc":{"unit":"V","value":1.1427692307692305},"sweep_direction":{"unit":"","value":"Reverse"},"key":"reverse_1_CsPbI2Br+100uL CH2I2_721120806_SnCl2_ZnO"},{"V":{"unit":"V","value":[-0.05,-0.01,0.03,0.07,0.11,0.15,0.19,0.23,0.27,0.31,0.35,0.39,0.43,0.47,0.51,0.55,0.59,0.63,0.67,0.71,0.75,0.79,0.83,0.87,0.91,0.95,0.99,1.03,1.07,1.11]},"J":{"unit":"A\/cm2","value":[0.014874999999999998,0.01485,0.014825,0.014799999999999999,0.014799999999999999,0.014725,0.014725,0.014725,0.014674999999999999,0.0146,0.014575,0.0146,0.014474999999999998,0.014474999999999998,0.014349999999999998,0.014124999999999999,0.0137,0.012925,0.011675000000000001,0.00995,0.007825,0.0055,0.0030499999999999998,0.0005,-0.002175,-0.004875,-0.007475,-0.009725,-0.0116,-0.01295]},"I":{"unit":"A","value":[0.0005949999999999999,0.000594,0.000593,0.000592,0.000592,0.000589,0.000589,0.000589,0.000587,0.000584,0.000583,0.000584,0.000579,0.000579,0.000574,0.000565,0.0005480000000000001,0.000517,0.000467,0.000398,0.000313,0.00022,0.000122,2.0e-5,-8.7e-5,-0.000195,-0.000299,-0.000389,-0.000464,-0.000518]},"efficiency":{"unit":"%","value":8.14275},"fill_factor":{"unit":"%","value":62.516104511998925},"jsc":{"unit":"mA\/cm2","value":14.84375},"isc":{"unit":"mA","value":0.59375},"voc":{"unit":"V","value":0.8774766355140187},"sweep_direction":{"unit":"","value":"Forward"},"key":"forward_5_CsPbI2Br+100uL CH2I2_721120806_SnCl2_ZnO"},{"V":{"unit":"V","value":[-0.05,-0.01,0.03,0.07,0.11,0.15,0.19,0.23,0.27,0.31,0.35,0.39,0.43,0.47,0.51,0.55,0.59,0.63,0.67,0.71,0.75,0.79,0.83,0.87,0.91,0.95,0.99,1.03,1.07,1.11]},"J":{"unit":"A\/cm2","value":[0.014224999999999998,0.014224999999999998,0.014199999999999999,0.014224999999999998,0.014174999999999998,0.014124999999999999,0.01415,0.014124999999999999,0.014124999999999999,0.014099999999999998,0.014099999999999998,0.014025000000000001,0.014025000000000001,0.01395,0.013850000000000001,0.013625,0.013125,0.012375,0.011,0.0092,0.007000000000000001,0.004625,0.002175,-0.00035,-0.0029749999999999998,-0.0056,-0.008074999999999999,-0.010150000000000001,-0.0118,-0.012925]},"I":{"unit":"A","value":[0.000569,0.000569,0.0005679999999999999,0.000569,0.0005669999999999999,0.000565,0.000566,0.000565,0.000565,0.0005639999999999999,0.0005639999999999999,0.0005610000000000001,0.0005610000000000001,0.000558,0.000554,0.000545,0.0005250000000000001,0.000495,0.00044,0.000368,0.00028000000000000003,0.000185,8.7e-5,-1.4e-5,-0.00011899999999999999,-0.000224,-0.000323,-0.000406,-0.000472,-0.000517]},"efficiency":{"unit":"%","value":7.796250000000001},"fill_factor":{"unit":"%","value":63.42810322194127},"jsc":{"unit":"mA\/cm2","value":14.21875},"isc":{"unit":"mA","value":0.56875},"voc":{"unit":"V","value":0.8644554455445546},"sweep_direction":{"unit":"","value":"Forward"},"key":"forward_4_CsPbI2Br+100uL CH2I2_721120806_SnCl2_ZnO"},{"V":{"unit":"V","value":[-0.05,-0.01,0.03,0.07,0.11,0.15,0.19,0.23,0.27,0.31,0.35,0.39,0.43,0.47,0.51,0.55,0.59,0.63,0.67,0.71,0.75,0.79,0.83,0.87,0.91,0.95,0.99,1.03,1.07,1.11]},"J":{"unit":"A\/cm2","value":[0.0135,0.013475,0.0135,0.013475,0.013425000000000001,0.013475,0.013425000000000001,0.013425000000000001,0.0134,0.013425000000000001,0.013375,0.013349999999999999,0.013349999999999999,0.013300000000000001,0.01325,0.013125,0.012875,0.01235,0.011474999999999999,0.01005,0.008175,0.005974999999999999,0.0035749999999999996,0.001075,-0.0015249999999999999,-0.004200000000000001,-0.00675,-0.009025,-0.010825,-0.012125]},"I":{"unit":"A","value":[0.00054,0.000539,0.00054,0.000539,0.000537,0.000539,0.000537,0.000537,0.000536,0.000537,0.000535,0.0005340000000000001,0.0005340000000000001,0.000532,0.00053,0.0005250000000000001,0.000515,0.000494,0.00045900000000000004,0.000402,0.00032700000000000003,0.00023899999999999998,0.00014299999999999998,4.2999999999999995e-5,-6.1e-5,-0.00016800000000000002,-0.00027,-0.000361,-0.000433,-0.00048499999999999997]},"efficiency":{"unit":"%","value":7.7805},"fill_factor":{"unit":"%","value":65.0998162668686},"jsc":{"unit":"mA\/cm2","value":13.48125},"isc":{"unit":"mA","value":0.53925},"voc":{"unit":"V","value":0.8865384615384616},"sweep_direction":{"unit":"","value":"Forward"},"key":"forward_3_CsPbI2Br+100uL CH2I2_721120806_SnCl2_ZnO"},{"V":{"unit":"V","value":[-0.05,-0.01,0.03,0.07,0.11,0.15,0.19,0.23,0.27,0.31,0.35,0.39,0.43,0.47,0.51,0.55,0.59,0.63,0.67,0.71,0.75,0.79,0.83,0.87,0.91,0.95,0.99,1.03,1.07,1.11]},"J":{"unit":"A\/cm2","value":[0.013300000000000001,0.013300000000000001,0.013325000000000002,0.013300000000000001,0.013300000000000001,0.013275,0.013300000000000001,0.013275,0.01325,0.013224999999999999,0.01325,0.013200000000000002,0.013175000000000001,0.01315,0.01305,0.01285,0.012525,0.011774999999999999,0.010625,0.009,0.006975,0.004775000000000001,0.002475,0.0001,-0.002375,-0.004900000000000001,-0.0073,-0.009375,-0.011,-0.01215]},"I":{"unit":"A","value":[0.000532,0.000532,0.000533,0.000532,0.000532,0.000531,0.000532,0.000531,0.00053,0.0005290000000000001,0.00053,0.000528,0.000527,0.000526,0.000522,0.000514,0.000501,0.00047099999999999996,0.000425,0.00035999999999999997,0.000279,0.000191,9.900000000000001e-5,4.0e-6,-9.5e-5,-0.00019600000000000002,-0.000292,-0.000375,-0.00044,-0.000486]},"efficiency":{"unit":"%","value":7.41825},"fill_factor":{"unit":"%","value":63.96177570026814},"jsc":{"unit":"mA\/cm2","value":13.306250000000002},"isc":{"unit":"mA","value":0.5322500000000001},"voc":{"unit":"V","value":0.8716161616161616},"sweep_direction":{"unit":"","value":"Forward"},"key":"forward_2_CsPbI2Br+100uL CH2I2_721120806_SnCl2_ZnO"},{"V":{"unit":"V","value":[-0.05,-0.01,0.03,0.07,0.11,0.15,0.19,0.23,0.27,0.31,0.35,0.39,0.43,0.47,0.51,0.55,0.59,0.63,0.67,0.71,0.75,0.79,0.83,0.87,0.91,0.95,0.99,1.03,1.07]},"J":{"unit":"A\/cm2","value":[0.013875000000000002,0.013850000000000001,0.013875000000000002,0.013875000000000002,0.013850000000000001,0.013850000000000001,0.013825,0.013825,0.013775,0.013825,0.013775,0.013775,0.013725000000000001,0.013625,0.013425000000000001,0.013,0.012199999999999999,0.0109,0.00925,0.0072499999999999995,0.005125,0.003025,0.0008999999999999999,-0.0012749999999999999,-0.0035499999999999998,-0.005874999999999999,-0.0081,-0.010075,-0.011675000000000001]},"I":{"unit":"A","value":[0.000555,0.000554,0.000555,0.000555,0.000554,0.000554,0.000553,0.000553,0.0005510000000000001,0.000553,0.0005510000000000001,0.0005510000000000001,0.000549,0.000545,0.000537,0.0005200000000000001,0.000488,0.00043599999999999997,0.00037,0.00029,0.000205,0.000121,3.5999999999999994e-5,-5.1e-5,-0.00014199999999999998,-0.000235,-0.000324,-0.00040300000000000004,-0.000467]},"efficiency":{"unit":"%","value":7.197999999999999},"fill_factor":{"unit":"%","value":61.363854753170976},"jsc":{"unit":"mA\/cm2","value":13.856249999999998},"isc":{"unit":"mA","value":0.5542499999999999},"voc":{"unit":"V","value":0.846551724137931},"sweep_direction":{"unit":"","value":"Forward"},"key":"forward_1_CsPbI2Br+100uL CH2I2_721120806_SnCl2_ZnO"}]}}