{"_id":"652d121513121a382d688205","id":"CAU-SC-00181","author":70,"group":7,"input":[{"tco":{"unit":"","value":"ITO"}},[],{"etl":[{"material":{"unit":"","value":"SnO2"},"concentration":{"unit":"","value":"1.5"},"conc_unit":{"unit":"","value":"wt%"},"quantity":{"unit":"ml","value":"0.3"}}],"solvent":[{"material":{"unit":"","value":"DI Water"},"volume":{"unit":"ml","value":"2.7"}}],"spin_coating":[{"type":{"unit":"","value":"drop&run"},"rpm":{"unit":"","value":"1000"},"time":{"unit":"s","value":"0.5"}},{"type":{"unit":"","value":"drop&run"},"rpm":{"unit":"","value":"3000"},"time":{"unit":"s","value":"30"}}],"annealing":[{"temperature":{"unit":"oC","value":"170"},"time":{"unit":"m","value":"30"}}]},{"etl":[{"material":{"unit":"","value":"ZnO"},"concentration":{"unit":"","value":"109.75"},"conc_unit":{"unit":"","value":"mg\/ml"},"quantity":{"unit":"ml","value":"1"}}],"solvent":[{"material":{"unit":"","value":"2-ME"},"volume":{"unit":"ml","value":"2"}},{"material":{"unit":"","value":"Ethanolamine"},"volume":{"unit":"ml","value":"0.067"}}],"spin_coating":[{"type":{"unit":"","value":"drop&run"},"rpm":{"unit":"","value":"5000"},"time":{"unit":"s","value":"30"}}],"annealing":[{"temperature":{"unit":"oC","value":"170"},"time":{"unit":"m","value":"30"}}]},[],[],{"perovskite":{"method":{"unit":"","value":"1step"},"molarity":{"unit":"M","value":"1.2"},"a_site":[{"material":{"unit":"","value":"Cs"},"ratio":{"unit":"","value":"105"}}],"b_site":[{"material":{"unit":"","value":"Pb"},"ratio":{"unit":"","value":"100"}}],"x_site":[{"material":{"unit":"","value":"I"},"ratio":{"unit":"","value":"67"}},{"material":{"unit":"","value":"Br"},"ratio":{"unit":"","value":"33"}}],"solvent":[{"material":{"unit":"","value":"DMSO"},"volume":{"unit":"ml","value":"0.7"}},{"material":{"unit":"","value":"DMF"},"volume":{"unit":"ml","value":"0.3"}}],"stirring_time":[{"unit":"m","value":"960"}],"spin_coating":[{"type":{"unit":"","value":"drop&run"},"rpm":{"unit":"","value":"3000"},"time":{"unit":"s","value":"40"}}],"annealing":[{"temperature":{"unit":"oC","value":"280"},"time":{"unit":"m","value":"10"}}],"atmosphere":[{"type":{"unit":"","value":"air"},"temperature":{"unit":"oC","value":"20"},"humidity":{"unit":"RH%","value":"38"}}],"assist":[{"type":{"unit":"","value":"hot air assist"},"temperature":{"unit":"oC","value":"300"},"assist_start_time":{"value":8,"unit":"s"},"total_assist_time":{"value":"0.233","unit":"s"}}],"additive":[{"material":{"unit":"","value":"CH2I2"},"solvent":{"unit":"","value":null},"concentration":{"unit":"","value":"50 uL"},"conc_unit":{"unit":"","value":null},"quantity":{"unit":"mol%","value":null}}]}},[],{"htl":[{"material":{"unit":"","value":"P3HT"},"concentration":{"unit":"","value":"10"},"conc_unit":{"unit":"","value":"mg\/ml"},"quantity":{"unit":"ml","value":"1"}}],"solvent":[{"material":{"unit":"","value":"CB"},"volume":{"unit":"ml","value":"1"}}],"spin_coating":[{"type":{"unit":"","value":"drop&run"},"rpm":{"unit":"","value":"3000"},"time":{"unit":"s","value":"30"}}],"annealing":[{"temperature":{"unit":"oC","value":"100"},"time":{"unit":"m","value":"5"}}]},[],{"anode_metal":{"unit":"","value":"Au"}},{"note":{"unit":"","value":"CsPbI2Br+50uL_721110803"},"ar":{"unit":"","value":"0"},"type":{"unit":"","value":"unit_cell"},"device_type":{"unit":"","value":"n-i-p"},"temperature":{"unit":"\u2103","value":"22"},"humidity":{"unit":"%","value":"38"},"cell_dimension":{"unit":"cm2","value":"0.04"}}],"fileinfo":[{"key":"CsPbI2Br+50uL_721110803","uploadType":"JV","original_name":"CsPbI2Br+50uL_721110803.xlsx","save_name":"CAU-SC-00181\/CsPbI2Br+50uL_721110803","uploader":70,"fileType":"group"}],"updated_at":"2024-06-03 08:38:34","created_at":"2023-10-16 10:36:05","jvcnt":18,"analysisInfo":{"JV":[{"efficiency":9.451625,"fill_factor":58.907711758075834,"jsc":14.099999999999998,"voc":1.1379291338582678,"key":"reverse_9_CsPbI2Br+50uL_721110803","cell_dimension":null},{"efficiency":12.9903,"fill_factor":77.26359700063503,"jsc":14.55875,"voc":1.1548356164383562,"key":"reverse_8_CsPbI2Br+50uL_721110803","cell_dimension":null},{"efficiency":13.51155,"fill_factor":76.86358105652388,"jsc":15.125,"voc":1.162222222222222,"key":"reverse_7_CsPbI2Br+50uL_721110803","cell_dimension":null},{"efficiency":13.425324999999999,"fill_factor":80.60452957927332,"jsc":14.261874999999998,"voc":1.1678544891640867,"key":"reverse_6_CsPbI2Br+50uL_721110803","cell_dimension":null},{"efficiency":13.759350000000001,"fill_factor":81.33330783642975,"jsc":14.439374999999998,"voc":1.1716046511627909,"key":"reverse_5_CsPbI2Br+50uL_721110803","cell_dimension":null},{"efficiency":13.9128,"fill_factor":80.25185197979545,"jsc":14.799999999999999,"voc":1.1713798882681565,"key":"reverse_4_CsPbI2Br+50uL_721110803","cell_dimension":null},{"efficiency":13.416,"fill_factor":79.87446326842561,"jsc":14.229999999999999,"voc":1.1803483483483483,"key":"reverse_3_CsPbI2Br+50uL_721110803","cell_dimension":null},{"efficiency":12.7124,"fill_factor":72.91382718929009,"jsc":14.649999999999999,"voc":1.1900906148867314,"key":"reverse_2_CsPbI2Br+50uL_721110803","cell_dimension":null},{"efficiency":14.864875,"fill_factor":78.48122076177808,"jsc":15.281875,"voc":1.239421052631579,"key":"reverse_1_CsPbI2Br+50uL_721110803","cell_dimension":null},{"efficiency":10.001499999999998,"fill_factor":68.49181449215044,"jsc":14.118749999999997,"voc":1.03426116838488,"key":"forward_9_CsPbI2Br+50uL_721110803","cell_dimension":null},{"efficiency":11.353499999999999,"fill_factor":75.07189479589601,"jsc":14.556249999999999,"voc":1.038969696969697,"key":"forward_8_CsPbI2Br+50uL_721110803","cell_dimension":null},{"efficiency":11.701500000000001,"fill_factor":72.81758699618997,"jsc":15.11875,"voc":1.062892561983471,"key":"forward_7_CsPbI2Br+50uL_721110803","cell_dimension":null},{"efficiency":11.24475,"fill_factor":73.3987548531697,"jsc":14.274999999999999,"voc":1.0732107023411372,"key":"forward_6_CsPbI2Br+50uL_721110803","cell_dimension":null},{"efficiency":11.761750000000001,"fill_factor":74.90135256946027,"jsc":14.424999999999999,"voc":1.0885953177257526,"key":"forward_5_CsPbI2Br+50uL_721110803","cell_dimension":null},{"efficiency":12.17125,"fill_factor":74.76075264482847,"jsc":14.793749999999998,"voc":1.1004827586206896,"key":"forward_4_CsPbI2Br+50uL_721110803","cell_dimension":null},{"efficiency":11.97,"fill_factor":75.48084358750314,"jsc":14.256249999999998,"voc":1.112377260981912,"key":"forward_3_CsPbI2Br+50uL_721110803","cell_dimension":null},{"efficiency":12.32625,"fill_factor":74.81964009769463,"jsc":14.61875,"voc":1.1269512195121951,"key":"forward_2_CsPbI2Br+50uL_721110803","cell_dimension":null},{"efficiency":13.340250000000001,"fill_factor":74.75809809676691,"jsc":15.287499999999998,"voc":1.1672644376899697,"key":"forward_1_CsPbI2Br+50uL_721110803","cell_dimension":null}]},"public":2,"analysis":{"JV":[{"V":{"unit":"V","value":[1.191,1.151,1.111,1.071,1.031,0.991,0.951,0.911,0.871,0.831,0.791,0.751,0.711,0.671,0.631,0.591,0.551,0.511,0.471,0.431,0.391,0.351,0.311,0.271,0.231,0.191,0.151,0.111,0.071,0.031,-0.009,-0.049]},"J":{"unit":"A\/cm2","value":[-0.014124999999999999,-0.002075,0.004275,0.0070999999999999995,0.00855,0.009275,0.009925000000000002,0.010375,0.010799999999999999,0.01115,0.011474999999999999,0.011774999999999999,0.012025,0.012325,0.0125,0.0127,0.012925,0.013075000000000002,0.01325,0.013349999999999999,0.013525,0.013575,0.013725000000000001,0.013775,0.013875000000000002,0.013925,0.013975000000000001,0.014025000000000001,0.014074999999999997,0.014099999999999998,0.014099999999999998,0.01415]},"I":{"unit":"A","value":[-0.000565,-8.3e-5,0.000171,0.00028399999999999996,0.000342,0.000371,0.000397,0.000415,0.000432,0.000446,0.00045900000000000004,0.00047099999999999996,0.000481,0.000493,0.0005,0.000508,0.000517,0.000523,0.00053,0.0005340000000000001,0.000541,0.0005430000000000001,0.000549,0.0005510000000000001,0.000555,0.0005570000000000001,0.000559,0.0005610000000000001,0.0005629999999999999,0.0005639999999999999,0.0005639999999999999,0.000566]},"efficiency":{"unit":"%","value":9.451625},"fill_factor":{"unit":"%","value":58.907711758075834},"jsc":{"unit":"mA\/cm2","value":14.099999999999998},"isc":{"unit":"mA","value":0.564},"voc":{"unit":"V","value":1.1379291338582678},"sweep_direction":{"unit":"","value":"Reverse"},"key":"reverse_9_CsPbI2Br+50uL_721110803"},{"V":{"unit":"V","value":[1.207,1.167,1.127,1.087,1.047,1.007,0.967,0.927,0.887,0.847,0.807,0.767,0.727,0.687,0.647,0.607,0.567,0.527,0.487,0.447,0.407,0.367,0.327,0.287,0.247,0.207,0.167,0.127,0.087,0.047,0.007,-0.033]},"J":{"unit":"A\/cm2","value":[-0.018475,-0.002775,0.00635,0.0105,0.012174999999999998,0.0129,0.013275,0.013550000000000001,0.01365,0.013800000000000002,0.013900000000000001,0.01395,0.014074999999999997,0.014099999999999998,0.014224999999999998,0.014249999999999999,0.014299999999999998,0.014349999999999998,0.014374999999999999,0.014374999999999999,0.01445,0.014474999999999998,0.01445,0.014524999999999998,0.014499999999999999,0.014524999999999998,0.014524999999999998,0.014575,0.014575,0.0146,0.014549999999999999,0.0146]},"I":{"unit":"A","value":[-0.000739,-0.000111,0.000254,0.00041999999999999996,0.00048699999999999997,0.000516,0.000531,0.0005420000000000001,0.000546,0.0005520000000000001,0.0005560000000000001,0.000558,0.0005629999999999999,0.0005639999999999999,0.000569,0.00057,0.0005719999999999999,0.000574,0.000575,0.000575,0.000578,0.000579,0.000578,0.0005809999999999999,0.00058,0.0005809999999999999,0.0005809999999999999,0.000583,0.000583,0.000584,0.0005819999999999999,0.000584]},"efficiency":{"unit":"%","value":12.9903},"fill_factor":{"unit":"%","value":77.26359700063503},"jsc":{"unit":"mA\/cm2","value":14.55875},"isc":{"unit":"mA","value":0.58235},"voc":{"unit":"V","value":1.1548356164383562},"sweep_direction":{"unit":"","value":"Reverse"},"key":"reverse_8_CsPbI2Br+50uL_721110803"},{"V":{"unit":"V","value":[1.214,1.174,1.134,1.094,1.054,1.014,0.974,0.934,0.894,0.854,0.814,0.774,0.734,0.694,0.654,0.614,0.574,0.534,0.494,0.454,0.414,0.374,0.334,0.294,0.254,0.214,0.174,0.134,0.094,0.054,0.014,-0.026]},"J":{"unit":"A\/cm2","value":[-0.017474999999999997,-0.00265,0.00635,0.0107,0.012525,0.013325000000000002,0.01375,0.014025000000000001,0.01415,0.014349999999999998,0.014399999999999998,0.014524999999999998,0.0146,0.014674999999999999,0.014725,0.014774999999999998,0.014874999999999998,0.014825,0.014924999999999999,0.01495,0.014975,0.014975,0.015,0.015024999999999998,0.01505,0.015075,0.01505,0.015099999999999999,0.015099999999999999,0.015099999999999999,0.015125,0.015125]},"I":{"unit":"A","value":[-0.000699,-0.000106,0.000254,0.000428,0.000501,0.000533,0.00055,0.0005610000000000001,0.000566,0.000574,0.0005759999999999999,0.0005809999999999999,0.000584,0.000587,0.000589,0.0005909999999999999,0.0005949999999999999,0.000593,0.000597,0.000598,0.0005989999999999999,0.0005989999999999999,0.0006,0.000601,0.000602,0.000603,0.000602,0.0006039999999999999,0.0006039999999999999,0.0006039999999999999,0.000605,0.000605]},"efficiency":{"unit":"%","value":13.51155},"fill_factor":{"unit":"%","value":76.86358105652388},"jsc":{"unit":"mA\/cm2","value":15.125},"isc":{"unit":"mA","value":0.605},"voc":{"unit":"V","value":1.162222222222222},"sweep_direction":{"unit":"","value":"Reverse"},"key":"reverse_7_CsPbI2Br+50uL_721110803"},{"V":{"unit":"V","value":[1.219,1.179,1.139,1.099,1.059,1.019,0.979,0.939,0.899,0.859,0.819,0.779,0.739,0.699,0.659,0.619,0.579,0.539,0.499,0.459,0.419,0.379,0.339,0.299,0.259,0.219,0.179,0.139,0.099,0.059,0.019,-0.021]},"J":{"unit":"A\/cm2","value":[-0.01375,-0.00225,0.005825,0.010299999999999998,0.012275000000000001,0.013175000000000001,0.0135,0.013725000000000001,0.013775,0.013875000000000002,0.013925,0.01395,0.014025000000000001,0.014025000000000001,0.014074999999999997,0.014099999999999998,0.014174999999999998,0.014124999999999999,0.01415,0.014174999999999998,0.014199999999999999,0.014199999999999999,0.014199999999999999,0.014199999999999999,0.014249999999999999,0.014274999999999998,0.014224999999999998,0.014249999999999999,0.014224999999999998,0.014274999999999998,0.014249999999999999,0.014274999999999998]},"I":{"unit":"A","value":[-0.00055,-8.999999999999999e-5,0.00023300000000000003,0.000412,0.000491,0.000527,0.00054,0.000549,0.0005510000000000001,0.000555,0.0005570000000000001,0.000558,0.0005610000000000001,0.0005610000000000001,0.0005629999999999999,0.0005639999999999999,0.0005669999999999999,0.000565,0.000566,0.0005669999999999999,0.0005679999999999999,0.0005679999999999999,0.0005679999999999999,0.0005679999999999999,0.00057,0.000571,0.000569,0.00057,0.000569,0.000571,0.00057,0.000571]},"efficiency":{"unit":"%","value":13.425324999999999},"fill_factor":{"unit":"%","value":80.60452957927332},"jsc":{"unit":"mA\/cm2","value":14.261874999999998},"isc":{"unit":"mA","value":0.570475},"voc":{"unit":"V","value":1.1678544891640867},"sweep_direction":{"unit":"","value":"Reverse"},"key":"reverse_6_CsPbI2Br+50uL_721110803"},{"V":{"unit":"V","value":[1.223,1.183,1.143,1.103,1.063,1.023,0.983,0.943,0.903,0.863,0.823,0.783,0.743,0.703,0.663,0.623,0.583,0.543,0.503,0.463,0.423,0.383,0.343,0.303,0.263,0.223,0.183,0.143,0.103,0.063,0.023,-0.017]},"J":{"unit":"A\/cm2","value":[-0.0153,-0.0024500000000000004,0.006149999999999999,0.0107,0.01265,0.013450000000000002,0.013725000000000001,0.013925,0.014025000000000001,0.014124999999999999,0.014124999999999999,0.014199999999999999,0.014224999999999998,0.014274999999999998,0.014274999999999998,0.014274999999999998,0.014325,0.014299999999999998,0.014374999999999999,0.014325,0.014374999999999999,0.014325,0.014349999999999998,0.014399999999999998,0.014349999999999998,0.014374999999999999,0.014399999999999998,0.014424999999999999,0.014399999999999998,0.01445,0.014424999999999999,0.01445]},"I":{"unit":"A","value":[-0.000612,-9.800000000000001e-5,0.000246,0.000428,0.000506,0.0005380000000000001,0.000549,0.0005570000000000001,0.0005610000000000001,0.000565,0.000565,0.0005679999999999999,0.000569,0.000571,0.000571,0.000571,0.0005729999999999999,0.0005719999999999999,0.000575,0.0005729999999999999,0.000575,0.0005729999999999999,0.000574,0.0005759999999999999,0.000574,0.000575,0.0005759999999999999,0.0005769999999999999,0.0005759999999999999,0.000578,0.0005769999999999999,0.000578]},"efficiency":{"unit":"%","value":13.759350000000001},"fill_factor":{"unit":"%","value":81.33330783642975},"jsc":{"unit":"mA\/cm2","value":14.439374999999998},"isc":{"unit":"mA","value":0.577575},"voc":{"unit":"V","value":1.1716046511627909},"sweep_direction":{"unit":"","value":"Reverse"},"key":"reverse_5_CsPbI2Br+50uL_721110803"},{"V":{"unit":"V","value":[1.223,1.183,1.143,1.103,1.063,1.023,0.983,0.943,0.903,0.863,0.823,0.783,0.743,0.703,0.663,0.623,0.583,0.543,0.503,0.463,0.423,0.383,0.343,0.303,0.263,0.223,0.183,0.143,0.103,0.063,0.023,-0.017]},"J":{"unit":"A\/cm2","value":[-0.016575,-0.0025999999999999994,0.00635,0.0109,0.012775,0.013600000000000001,0.013975000000000001,0.01415,0.014249999999999999,0.014349999999999998,0.014424999999999999,0.014424999999999999,0.014499999999999999,0.014499999999999999,0.0146,0.014575,0.0146,0.014649999999999998,0.0146,0.0147,0.014674999999999999,0.014725,0.0147,0.014725,0.014725,0.014774999999999998,0.0147,0.014799999999999999,0.014749999999999997,0.014774999999999998,0.014799999999999999,0.014799999999999999]},"I":{"unit":"A","value":[-0.0006630000000000001,-0.000104,0.000254,0.00043599999999999997,0.0005110000000000001,0.000544,0.000559,0.000566,0.00057,0.000574,0.0005769999999999999,0.0005769999999999999,0.00058,0.00058,0.000584,0.000583,0.000584,0.0005859999999999999,0.000584,0.000588,0.000587,0.000589,0.000588,0.000589,0.000589,0.0005909999999999999,0.000588,0.000592,0.0005899999999999999,0.0005909999999999999,0.000592,0.000592]},"efficiency":{"unit":"%","value":13.9128},"fill_factor":{"unit":"%","value":80.25185197979545},"jsc":{"unit":"mA\/cm2","value":14.799999999999999},"isc":{"unit":"mA","value":0.592},"voc":{"unit":"V","value":1.1713798882681565},"sweep_direction":{"unit":"","value":"Reverse"},"key":"reverse_4_CsPbI2Br+50uL_721110803"},{"V":{"unit":"V","value":[1.232,1.192,1.152,1.112,1.072,1.032,0.992,0.952,0.912,0.872,0.832,0.792,0.752,0.712,0.672,0.632,0.592,0.552,0.512,0.472,0.432,0.392,0.352,0.312,0.272,0.232,0.192,0.152,0.112,0.072,0.032,-0.008,-0.048]},"J":{"unit":"A\/cm2","value":[-0.014899999999999998,-0.0024249999999999996,0.0059,0.010324999999999999,0.012199999999999999,0.013,0.013349999999999999,0.0135,0.01365,0.0137,0.013800000000000002,0.013825,0.013900000000000001,0.013900000000000001,0.013975000000000001,0.013975000000000001,0.014000000000000002,0.014074999999999997,0.014025000000000001,0.014099999999999998,0.014099999999999998,0.014124999999999999,0.01415,0.01415,0.014199999999999999,0.014174999999999998,0.014224999999999998,0.014199999999999999,0.014199999999999999,0.014224999999999998,0.014249999999999999,0.014224999999999998,0.014249999999999999]},"I":{"unit":"A","value":[-0.000596,-9.7e-5,0.000236,0.00041299999999999996,0.000488,0.0005200000000000001,0.0005340000000000001,0.00054,0.000546,0.0005480000000000001,0.0005520000000000001,0.000553,0.0005560000000000001,0.0005560000000000001,0.000559,0.000559,0.0005600000000000001,0.0005629999999999999,0.0005610000000000001,0.0005639999999999999,0.0005639999999999999,0.000565,0.000566,0.000566,0.0005679999999999999,0.0005669999999999999,0.000569,0.0005679999999999999,0.0005679999999999999,0.000569,0.00057,0.000569,0.00057]},"efficiency":{"unit":"%","value":13.416},"fill_factor":{"unit":"%","value":79.87446326842561},"jsc":{"unit":"mA\/cm2","value":14.229999999999999},"isc":{"unit":"mA","value":0.5691999999999999},"voc":{"unit":"V","value":1.1803483483483483},"sweep_direction":{"unit":"","value":"Reverse"},"key":"reverse_3_CsPbI2Br+50uL_721110803"},{"V":{"unit":"V","value":[1.242,1.202,1.162,1.122,1.082,1.042,1.002,0.962,0.922,0.882,0.842,0.802,0.762,0.722,0.682,0.642,0.602,0.562,0.522,0.482,0.442,0.402,0.362,0.322,0.282,0.242,0.202,0.162,0.122,0.082,0.042,0.002,-0.038]},"J":{"unit":"A\/cm2","value":[-0.013875000000000002,-0.0023,0.005425,0.0095,0.011375,0.012199999999999999,0.012625,0.012925,0.013175000000000001,0.013375,0.0135,0.013675000000000001,0.013775,0.013925,0.013975000000000001,0.014074999999999997,0.014174999999999998,0.014199999999999999,0.014325,0.014325,0.014399999999999998,0.014399999999999998,0.014499999999999999,0.014499999999999999,0.014499999999999999,0.014549999999999999,0.014549999999999999,0.0146,0.014575,0.014575,0.014624999999999997,0.014649999999999998,0.014649999999999998]},"I":{"unit":"A","value":[-0.000555,-9.2e-5,0.000217,0.00038,0.000455,0.000488,0.000505,0.000517,0.000527,0.000535,0.00054,0.0005470000000000001,0.0005510000000000001,0.0005570000000000001,0.000559,0.0005629999999999999,0.0005669999999999999,0.0005679999999999999,0.0005729999999999999,0.0005729999999999999,0.0005759999999999999,0.0005759999999999999,0.00058,0.00058,0.00058,0.0005819999999999999,0.0005819999999999999,0.000584,0.000583,0.000583,0.000585,0.0005859999999999999,0.0005859999999999999]},"efficiency":{"unit":"%","value":12.7124},"fill_factor":{"unit":"%","value":72.91382718929009},"jsc":{"unit":"mA\/cm2","value":14.649999999999999},"isc":{"unit":"mA","value":0.586},"voc":{"unit":"V","value":1.1900906148867314},"sweep_direction":{"unit":"","value":"Reverse"},"key":"reverse_2_CsPbI2Br+50uL_721110803"},{"V":{"unit":"V","value":[1.291,1.251,1.211,1.171,1.131,1.091,1.051,1.011,0.971,0.931,0.891,0.851,0.811,0.771,0.731,0.691,0.651,0.611,0.571,0.531,0.491,0.451,0.411,0.371,0.331,0.291,0.251,0.211,0.171,0.131,0.091,0.051,0.011,-0.029]},"J":{"unit":"A\/cm2","value":[-0.0156,-0.002475,0.006075,0.010625,0.0127,0.013625,0.014025000000000001,0.014274999999999998,0.014424999999999999,0.014524999999999998,0.0146,0.0147,0.014749999999999997,0.014799999999999999,0.014874999999999998,0.014899999999999998,0.014975,0.014975,0.01505,0.015024999999999998,0.015099999999999999,0.015075,0.015149999999999999,0.015149999999999999,0.015175,0.0152,0.015175,0.01525,0.015224999999999999,0.015274999999999999,0.01525,0.0153,0.015274999999999999,0.0153]},"I":{"unit":"A","value":[-0.000624,-9.900000000000001e-5,0.000243,0.000425,0.000508,0.000545,0.0005610000000000001,0.000571,0.0005769999999999999,0.0005809999999999999,0.000584,0.000588,0.0005899999999999999,0.000592,0.0005949999999999999,0.000596,0.0005989999999999999,0.0005989999999999999,0.000602,0.000601,0.0006039999999999999,0.000603,0.000606,0.000606,0.000607,0.000608,0.000607,0.00061,0.000609,0.000611,0.00061,0.000612,0.000611,0.000612]},"efficiency":{"unit":"%","value":14.864875},"fill_factor":{"unit":"%","value":78.48122076177808},"jsc":{"unit":"mA\/cm2","value":15.281875},"isc":{"unit":"mA","value":0.611275},"voc":{"unit":"V","value":1.239421052631579},"sweep_direction":{"unit":"","value":"Reverse"},"key":"reverse_1_CsPbI2Br+50uL_721110803"},{"V":{"unit":"V","value":[-0.05,-0.01,0.03,0.07,0.11,0.15,0.19,0.23,0.27,0.31,0.35,0.39,0.43,0.47,0.51,0.55,0.59,0.63,0.67,0.71,0.75,0.79,0.83,0.87,0.91,0.95,0.99,1.03,1.07,1.11,1.15]},"J":{"unit":"A\/cm2","value":[0.014174999999999998,0.014124999999999999,0.014099999999999998,0.01405,0.01405,0.013975000000000001,0.01395,0.01395,0.013875000000000002,0.013850000000000001,0.013775,0.01375,0.013675000000000001,0.013600000000000001,0.013525,0.0134,0.013325000000000002,0.013175000000000001,0.013099999999999999,0.0129,0.012725,0.012424999999999999,0.012049999999999998,0.011425000000000001,0.01035,0.008575000000000001,0.005575,0.000775,-0.0065,-0.016475,-0.02865]},"I":{"unit":"A","value":[0.0005669999999999999,0.000565,0.0005639999999999999,0.0005620000000000001,0.0005620000000000001,0.000559,0.000558,0.000558,0.000555,0.000554,0.0005510000000000001,0.00055,0.0005470000000000001,0.000544,0.000541,0.000536,0.000533,0.000527,0.000524,0.000516,0.000509,0.000497,0.000482,0.000457,0.000414,0.00034300000000000004,0.000223,3.1e-5,-0.00026000000000000003,-0.0006590000000000001,-0.0011459999999999999]},"efficiency":{"unit":"%","value":10.001499999999998},"fill_factor":{"unit":"%","value":68.49181449215044},"jsc":{"unit":"mA\/cm2","value":14.118749999999997},"isc":{"unit":"mA","value":0.5647499999999999},"voc":{"unit":"V","value":1.03426116838488},"sweep_direction":{"unit":"","value":"Forward"},"key":"forward_9_CsPbI2Br+50uL_721110803"},{"V":{"unit":"V","value":[-0.05,-0.01,0.03,0.07,0.11,0.15,0.19,0.23,0.27,0.31,0.35,0.39,0.43,0.47,0.51,0.55,0.59,0.63,0.67,0.71,0.75,0.79,0.83,0.87,0.91,0.95,0.99,1.03,1.07,1.11,1.15,1.19]},"J":{"unit":"A\/cm2","value":[0.0146,0.014549999999999999,0.014575,0.014524999999999998,0.014524999999999998,0.014524999999999998,0.014474999999999998,0.014499999999999999,0.01445,0.014424999999999999,0.014474999999999998,0.014424999999999999,0.014349999999999998,0.014374999999999999,0.014325,0.014299999999999998,0.014274999999999998,0.014174999999999998,0.01415,0.014025000000000001,0.01395,0.013800000000000002,0.013575,0.01305,0.012199999999999999,0.01045,0.0072499999999999995,0.0018499999999999999,-0.0064,-0.01745,-0.030449999999999998,-0.044125]},"I":{"unit":"A","value":[0.000584,0.0005819999999999999,0.000583,0.0005809999999999999,0.0005809999999999999,0.0005809999999999999,0.000579,0.00058,0.000578,0.0005769999999999999,0.000579,0.0005769999999999999,0.000574,0.000575,0.0005729999999999999,0.0005719999999999999,0.000571,0.0005669999999999999,0.000566,0.0005610000000000001,0.000558,0.0005520000000000001,0.0005430000000000001,0.000522,0.000488,0.00041799999999999997,0.00029,7.4e-5,-0.000256,-0.0006979999999999999,-0.001218,-0.0017649999999999999]},"efficiency":{"unit":"%","value":11.353499999999999},"fill_factor":{"unit":"%","value":75.07189479589601},"jsc":{"unit":"mA\/cm2","value":14.556249999999999},"isc":{"unit":"mA","value":0.5822499999999999},"voc":{"unit":"V","value":1.038969696969697},"sweep_direction":{"unit":"","value":"Forward"},"key":"forward_8_CsPbI2Br+50uL_721110803"},{"V":{"unit":"V","value":[-0.05,-0.01,0.03,0.07,0.11,0.15,0.19,0.23,0.27,0.31,0.35,0.39,0.43,0.47,0.51,0.55,0.59,0.63,0.67,0.71,0.75,0.79,0.83,0.87,0.91,0.95,0.99,1.03,1.07,1.11,1.15,1.19]},"J":{"unit":"A\/cm2","value":[0.015149999999999999,0.015125,0.015099999999999999,0.015075,0.015075,0.015075,0.01505,0.01505,0.015,0.01495,0.015,0.014899999999999998,0.014924999999999999,0.01485,0.014825,0.014799999999999999,0.014774999999999998,0.0147,0.014624999999999997,0.014499999999999999,0.014374999999999999,0.014224999999999998,0.013900000000000001,0.013450000000000002,0.012575,0.01115,0.008799999999999999,0.004975,-0.001075,-0.00985,-0.021125,-0.03385]},"I":{"unit":"A","value":[0.000606,0.000605,0.0006039999999999999,0.000603,0.000603,0.000603,0.000602,0.000602,0.0006,0.000598,0.0006,0.000596,0.000597,0.000594,0.000593,0.000592,0.0005909999999999999,0.000588,0.000585,0.00058,0.000575,0.000569,0.0005560000000000001,0.0005380000000000001,0.000503,0.000446,0.000352,0.000199,-4.2999999999999995e-5,-0.00039400000000000004,-0.0008449999999999999,-0.0013540000000000002]},"efficiency":{"unit":"%","value":11.701500000000001},"fill_factor":{"unit":"%","value":72.81758699618997},"jsc":{"unit":"mA\/cm2","value":15.11875},"isc":{"unit":"mA","value":0.60475},"voc":{"unit":"V","value":1.062892561983471},"sweep_direction":{"unit":"","value":"Forward"},"key":"forward_7_CsPbI2Br+50uL_721110803"},{"V":{"unit":"V","value":[-0.05,-0.01,0.03,0.07,0.11,0.15,0.19,0.23,0.27,0.31,0.35,0.39,0.43,0.47,0.51,0.55,0.59,0.63,0.67,0.71,0.75,0.79,0.83,0.87,0.91,0.95,0.99,1.03,1.07,1.11,1.15,1.19]},"J":{"unit":"A\/cm2","value":[0.014249999999999999,0.014274999999999998,0.014274999999999998,0.014274999999999998,0.014224999999999998,0.014249999999999999,0.014199999999999999,0.014174999999999998,0.014199999999999999,0.014174999999999998,0.014199999999999999,0.014124999999999999,0.01415,0.014124999999999999,0.014099999999999998,0.01405,0.014025000000000001,0.014000000000000002,0.013900000000000001,0.013900000000000001,0.013725000000000001,0.013625,0.013325000000000002,0.012925,0.012225,0.011,0.009025,0.005775000000000001,0.0006,-0.006875,-0.016550000000000002,-0.027700000000000002]},"I":{"unit":"A","value":[0.00057,0.000571,0.000571,0.000571,0.000569,0.00057,0.0005679999999999999,0.0005669999999999999,0.0005679999999999999,0.0005669999999999999,0.0005679999999999999,0.000565,0.000566,0.000565,0.0005639999999999999,0.0005620000000000001,0.0005610000000000001,0.0005600000000000001,0.0005560000000000001,0.0005560000000000001,0.000549,0.000545,0.000533,0.000517,0.000489,0.00044,0.000361,0.000231,2.4e-5,-0.000275,-0.000662,-0.001108]},"efficiency":{"unit":"%","value":11.24475},"fill_factor":{"unit":"%","value":73.3987548531697},"jsc":{"unit":"mA\/cm2","value":14.274999999999999},"isc":{"unit":"mA","value":0.571},"voc":{"unit":"V","value":1.0732107023411372},"sweep_direction":{"unit":"","value":"Forward"},"key":"forward_6_CsPbI2Br+50uL_721110803"},{"V":{"unit":"V","value":[-0.05,-0.01,0.03,0.07,0.11,0.15,0.19,0.23,0.27,0.31,0.35,0.39,0.43,0.47,0.51,0.55,0.59,0.63,0.67,0.71,0.75,0.79,0.83,0.87,0.91,0.95,0.99,1.03,1.07,1.11,1.15,1.19]},"J":{"unit":"A\/cm2","value":[0.014424999999999999,0.014424999999999999,0.014424999999999999,0.01445,0.014399999999999998,0.014374999999999999,0.014399999999999998,0.014374999999999999,0.014399999999999998,0.014325,0.014325,0.014325,0.014299999999999998,0.014299999999999998,0.014274999999999998,0.014224999999999998,0.014224999999999998,0.014174999999999998,0.014124999999999999,0.014074999999999997,0.013975000000000001,0.013850000000000001,0.0137,0.013375,0.012925,0.0121,0.010674999999999999,0.0081,0.0034750000000000002,-0.004,-0.014325,-0.026725]},"I":{"unit":"A","value":[0.0005769999999999999,0.0005769999999999999,0.0005769999999999999,0.000578,0.0005759999999999999,0.000575,0.0005759999999999999,0.000575,0.0005759999999999999,0.0005729999999999999,0.0005729999999999999,0.0005729999999999999,0.0005719999999999999,0.0005719999999999999,0.000571,0.000569,0.000569,0.0005669999999999999,0.000565,0.0005629999999999999,0.000559,0.000554,0.0005480000000000001,0.000535,0.000517,0.000484,0.00042699999999999997,0.000324,0.00013900000000000002,-0.00016,-0.0005729999999999999,-0.0010689999999999999]},"efficiency":{"unit":"%","value":11.761750000000001},"fill_factor":{"unit":"%","value":74.90135256946027},"jsc":{"unit":"mA\/cm2","value":14.424999999999999},"isc":{"unit":"mA","value":0.577},"voc":{"unit":"V","value":1.0885953177257526},"sweep_direction":{"unit":"","value":"Forward"},"key":"forward_5_CsPbI2Br+50uL_721110803"},{"V":{"unit":"V","value":[-0.05,-0.01,0.03,0.07,0.11,0.15,0.19,0.23,0.27,0.31,0.35,0.39,0.43,0.47,0.51,0.55,0.59,0.63,0.67,0.71,0.75,0.79,0.83,0.87,0.91,0.95,0.99,1.03,1.07,1.11,1.15,1.19,1.23]},"J":{"unit":"A\/cm2","value":[0.014799999999999999,0.014799999999999999,0.014774999999999998,0.014799999999999999,0.014749999999999997,0.014749999999999997,0.014725,0.014749999999999997,0.014725,0.014624999999999997,0.0147,0.014649999999999998,0.014649999999999998,0.0146,0.0146,0.014549999999999999,0.014524999999999998,0.01445,0.014374999999999999,0.014374999999999999,0.014224999999999998,0.014174999999999998,0.01395,0.01375,0.013375,0.0128,0.011725,0.009625,0.005525,-0.0017250000000000002,-0.0126,-0.0261,-0.040350000000000004]},"I":{"unit":"A","value":[0.000592,0.000592,0.0005909999999999999,0.000592,0.0005899999999999999,0.0005899999999999999,0.000589,0.0005899999999999999,0.000589,0.000585,0.000588,0.0005859999999999999,0.0005859999999999999,0.000584,0.000584,0.0005819999999999999,0.0005809999999999999,0.000578,0.000575,0.000575,0.000569,0.0005669999999999999,0.000558,0.00055,0.000535,0.000512,0.00046899999999999996,0.00038500000000000003,0.000221,-6.900000000000001e-5,-0.000504,-0.001044,-0.0016140000000000002]},"efficiency":{"unit":"%","value":12.17125},"fill_factor":{"unit":"%","value":74.76075264482847},"jsc":{"unit":"mA\/cm2","value":14.793749999999998},"isc":{"unit":"mA","value":0.5917499999999999},"voc":{"unit":"V","value":1.1004827586206896},"sweep_direction":{"unit":"","value":"Forward"},"key":"forward_4_CsPbI2Br+50uL_721110803"},{"V":{"unit":"V","value":[-0.05,-0.01,0.03,0.07,0.11,0.15,0.19,0.23,0.27,0.31,0.35,0.39,0.43,0.47,0.51,0.55,0.59,0.63,0.67,0.71,0.75,0.79,0.83,0.87,0.91,0.95,0.99,1.03,1.07,1.11,1.15,1.19,1.23]},"J":{"unit":"A\/cm2","value":[0.014249999999999999,0.014249999999999999,0.014274999999999998,0.014199999999999999,0.014224999999999998,0.014199999999999999,0.014174999999999998,0.014174999999999998,0.014124999999999999,0.014124999999999999,0.014099999999999998,0.014099999999999998,0.01405,0.01405,0.013975000000000001,0.013975000000000001,0.01395,0.013850000000000001,0.013825,0.013725000000000001,0.0137,0.013575,0.013475,0.013300000000000001,0.01305,0.0126,0.0118,0.010150000000000001,0.006775000000000001,0.000575,-0.0091,-0.02145,-0.034925]},"I":{"unit":"A","value":[0.00057,0.00057,0.000571,0.0005679999999999999,0.000569,0.0005679999999999999,0.0005669999999999999,0.0005669999999999999,0.000565,0.000565,0.0005639999999999999,0.0005639999999999999,0.0005620000000000001,0.0005620000000000001,0.000559,0.000559,0.000558,0.000554,0.000553,0.000549,0.0005480000000000001,0.0005430000000000001,0.000539,0.000532,0.000522,0.000504,0.000472,0.000406,0.00027100000000000003,2.3e-5,-0.000364,-0.000858,-0.001397]},"efficiency":{"unit":"%","value":11.97},"fill_factor":{"unit":"%","value":75.48084358750314},"jsc":{"unit":"mA\/cm2","value":14.256249999999998},"isc":{"unit":"mA","value":0.5702499999999999},"voc":{"unit":"V","value":1.112377260981912},"sweep_direction":{"unit":"","value":"Forward"},"key":"forward_3_CsPbI2Br+50uL_721110803"},{"V":{"unit":"V","value":[-0.05,-0.01,0.03,0.07,0.11,0.15,0.19,0.23,0.27,0.31,0.35,0.39,0.43,0.47,0.51,0.55,0.59,0.63,0.67,0.71,0.75,0.79,0.83,0.87,0.91,0.95,0.99,1.03,1.07,1.11,1.15,1.19,1.23]},"J":{"unit":"A\/cm2","value":[0.014624999999999997,0.014624999999999997,0.0146,0.014624999999999997,0.014549999999999999,0.014575,0.014524999999999998,0.014524999999999998,0.014524999999999998,0.01445,0.01445,0.014374999999999999,0.014399999999999998,0.014349999999999998,0.014299999999999998,0.014299999999999998,0.014224999999999998,0.014174999999999998,0.014124999999999999,0.014074999999999997,0.01395,0.013875000000000002,0.0137,0.013600000000000001,0.013349999999999999,0.012975,0.012375,0.0111,0.008475,0.0034750000000000002,-0.004725,-0.015875,-0.028749999999999998]},"I":{"unit":"A","value":[0.000585,0.000585,0.000584,0.000585,0.0005819999999999999,0.000583,0.0005809999999999999,0.0005809999999999999,0.0005809999999999999,0.000578,0.000578,0.000575,0.0005759999999999999,0.000574,0.0005719999999999999,0.0005719999999999999,0.000569,0.0005669999999999999,0.000565,0.0005629999999999999,0.000558,0.000555,0.0005480000000000001,0.000544,0.0005340000000000001,0.000519,0.000495,0.000444,0.000339,0.00013900000000000002,-0.000189,-0.000635,-0.00115]},"efficiency":{"unit":"%","value":12.32625},"fill_factor":{"unit":"%","value":74.81964009769463},"jsc":{"unit":"mA\/cm2","value":14.61875},"isc":{"unit":"mA","value":0.58475},"voc":{"unit":"V","value":1.1269512195121951},"sweep_direction":{"unit":"","value":"Forward"},"key":"forward_2_CsPbI2Br+50uL_721110803"},{"V":{"unit":"V","value":[-0.05,-0.01,0.03,0.07,0.11,0.15,0.19,0.23,0.27,0.31,0.35,0.39,0.43,0.47,0.51,0.55,0.59,0.63,0.67,0.71,0.75,0.79,0.83,0.87,0.91,0.95,0.99,1.03,1.07,1.11,1.15,1.19,1.23,1.27]},"J":{"unit":"A\/cm2","value":[0.015274999999999999,0.0153,0.01525,0.015274999999999999,0.01525,0.0152,0.015175,0.015175,0.015175,0.015125,0.015125,0.015075,0.015075,0.015024999999999998,0.015,0.01495,0.014924999999999999,0.014874999999999998,0.014799999999999999,0.014799999999999999,0.014624999999999997,0.0146,0.014474999999999998,0.014349999999999998,0.01415,0.013925,0.013475,0.0128,0.011425000000000001,0.008649999999999998,0.0035499999999999998,-0.0046749999999999995,-0.0158,-0.028699999999999996]},"I":{"unit":"A","value":[0.000611,0.000612,0.00061,0.000611,0.00061,0.000608,0.000607,0.000607,0.000607,0.000605,0.000605,0.000603,0.000603,0.000601,0.0006,0.000598,0.000597,0.0005949999999999999,0.000592,0.000592,0.000585,0.000584,0.000579,0.000574,0.000566,0.0005570000000000001,0.000539,0.000512,0.000457,0.00034599999999999995,0.00014199999999999998,-0.000187,-0.000632,-0.001148]},"efficiency":{"unit":"%","value":13.340250000000001},"fill_factor":{"unit":"%","value":74.75809809676691},"jsc":{"unit":"mA\/cm2","value":15.287499999999998},"isc":{"unit":"mA","value":0.6114999999999999},"voc":{"unit":"V","value":1.1672644376899697},"sweep_direction":{"unit":"","value":"Forward"},"key":"forward_1_CsPbI2Br+50uL_721110803"}]}}