{"_id":"6531614d851eea3e48563f0c","id":"CAU-SC-00593","author":71,"group":7,"input":[{"tco":{"unit":"","value":"ITO"}},{"htl":[{"material":{"unit":"","value":"AlNiOx_NP_centrifuge"},"concentration":{"unit":"","value":"12.5"},"conc_unit":{"unit":"","value":"mg\/ml"},"quantity":{"unit":"ml","value":"0.05"}}],"spin_coating":[{"type":{"unit":"","value":"drop&run"},"rpm":{"unit":"","value":"1000"},"time":{"unit":"s","value":"1"}},{"type":{"unit":"","value":"drop&run"},"rpm":{"unit":"","value":"3000"},"time":{"unit":"s","value":"30"}}],"annealing":[{"temperature":{"unit":"oC","value":"150"},"time":{"unit":"m","value":"20"}}],"condition":{"unit":"","value":"air"}},{"condition":{"unit":"","value":"air"},"perovskite":{"method":{"unit":"","value":"1step"},"molarity":{"unit":"M","value":"1.2"},"a_site":[{"material":{"unit":"","value":"Cs"},"ratio":{"unit":"","value":"105"}}],"b_site":[{"material":{"unit":"","value":"Pb"},"ratio":{"unit":"","value":"100"}}],"x_site":[{"material":{"unit":"","value":"I"},"ratio":{"unit":"","value":"67"}},{"material":{"unit":"","value":"Br"},"ratio":{"unit":"","value":"33"}}],"solvent":[{"material":{"unit":"","value":"DMSO"},"volume":{"unit":"ml","value":"0.7"}},{"material":{"unit":"","value":"DMF"},"volume":{"unit":"ml","value":"0.3"}}],"spin_coating":[{"type":{"unit":"","value":"drop&run"},"rpm":{"unit":"","value":"3000"},"time":{"unit":"s","value":"40"}}],"annealing":[{"temperature":{"unit":"oC","value":"245"},"time":{"unit":"m","value":"10"}}],"atmosphere":[{"type":{"unit":"","value":"air"},"temperature":{"unit":"oC","value":"20"},"humidity":{"unit":"RH%","value":"38"}}],"additive":[{"material":{"unit":"","value":"PEAI"},"solvent":{"unit":"","value":"None"},"concentration":{"unit":"","value":"0.5"},"conc_unit":{"unit":"","value":"mg\/ml"},"quantity":{"unit":"mol%","value":"0.1673"}}],"assist":[{"type":{"unit":"","value":"hot air assist"},"temperature":{"unit":"oC","value":"230"},"assist_start_time":{"value":8,"unit":"s"},"total_assist_time":{"value":"0.233","unit":"s"}}]}},{"etl":[{"material":{"unit":"","value":"C60"},"concentration":{"unit":"","value":"None"},"conc_unit":{"unit":"","value":"mg\/ml"},"quantity":{"unit":"ml","value":"None"}}],"thermal_evaporation":[{"vacuum_evaporation_thickness":{"unit":"nm","value":"23"},"evaporation_rate":{"unit":"\u00c5\/s","value":"0.1"},"vacuum_pressure":{"unit":"uTorr","value":"3"}}]},{"blocking_buffer_layer":[{"material":{"unit":"","value":"BCP"},"concentration":{"unit":"","value":"0.5"},"conc_unit":{"unit":"","value":"mg\/ml"},"quantity":{"unit":"ml","value":"None"}}],"solvent":[{"material":{"unit":"","value":"IPA"},"volume":{"unit":"ml","value":"1"}}],"spin_coating":[{"type":{"unit":"","value":"drop&run"},"rpm":{"unit":"","value":"4000"},"time":{"unit":"s","value":"20"}}]},{"anode_metal":{"unit":"","value":"Ag"}},{"note":{"unit":"","value":"231003 CPIB \/ C60 \/ BCP"},"ar":{"unit":"","value":"0"},"type":{"unit":"","value":"unit_cell"},"device_type":{"unit":"","value":"p-i-n"},"temperature":{"unit":"\u2103","value":"20"},"humidity":{"unit":"%","value":"38"},"cell_dimension":{"unit":"cm2","value":"0.04"}}],"fileinfo":[{"key":"423100309","uploadType":"JV","original_name":"423100309.xlsx","save_name":"CAU-SC-00593\/423100309","uploader":71,"fileType":"group"}],"jvcnt":12,"updated_at":"2024-08-05 11:22:09","created_at":"2023-10-19 17:03:10","analysisInfo":{"JV":[{"efficiency":4.683875,"fill_factor":63.27154531497925,"jsc":10.559375,"voc":0.7010655737704917,"key":"reverse_6_423100309","cell_dimension":null},{"efficiency":4.759625,"fill_factor":63.51705386845794,"jsc":10.690625,"voc":0.7009375,"key":"reverse_5_423100309","cell_dimension":null},{"efficiency":4.7151,"fill_factor":63.53630150447067,"jsc":10.558749999999998,"voc":0.7028399999999999,"key":"reverse_4_423100309","cell_dimension":null},{"efficiency":4.84185,"fill_factor":62.898731463980205,"jsc":10.95,"voc":0.703,"key":"reverse_3_423100309","cell_dimension":null},{"efficiency":4.9657,"fill_factor":62.867355033629615,"jsc":11.2325,"voc":0.7031999999999999,"key":"reverse_2_423100309","cell_dimension":null},{"efficiency":5.1088,"fill_factor":64.07294707609361,"jsc":11.575000000000001,"voc":0.6888476821192053,"key":"reverse_1_423100309","cell_dimension":null},{"efficiency":3.9949999999999997,"fill_factor":57.0421152621966,"jsc":10.981250000000001,"voc":0.6377777777777778,"key":"forward_6_423100309","cell_dimension":null},{"efficiency":4.10075,"fill_factor":57.75986697315009,"jsc":11.1125,"voc":0.638888888888889,"key":"forward_5_423100309","cell_dimension":null},{"efficiency":4.05375,"fill_factor":58.00537970495353,"jsc":10.943749999999998,"voc":0.6385906040268456,"key":"forward_4_423100309","cell_dimension":null},{"efficiency":4.19475,"fill_factor":57.94918697153151,"jsc":11.356249999999998,"voc":0.6374172185430463,"key":"forward_3_423100309","cell_dimension":null},{"efficiency":4.3004999999999995,"fill_factor":58.35420198500986,"jsc":11.51875,"voc":0.6397959183673471,"key":"forward_2_423100309","cell_dimension":null},{"efficiency":4.4415,"fill_factor":59.258530313550665,"jsc":11.7625,"voc":0.6372049689440994,"key":"forward_1_423100309","cell_dimension":null}]},"public":2,"tags":[],"analysis":{"JV":[{"V":{"unit":"V","value":[0.745,0.705,0.665,0.625,0.585,0.545,0.505,0.465,0.425,0.385,0.345,0.305,0.265,0.225,0.185,0.145,0.105,0.065,0.025,-0.015]},"J":{"unit":"A\/cm2","value":[-0.004125,-0.0003,0.00275,0.005199999999999999,0.007075,0.008400000000000001,0.009275,0.009800000000000001,0.01005,0.01025,0.01035,0.010399999999999998,0.01045,0.010475,0.0105,0.010524999999999998,0.010524999999999998,0.010549999999999999,0.010575,0.010549999999999999]},"I":{"unit":"A","value":[-0.000165,-1.2e-5,0.00011,0.000208,0.000283,0.00033600000000000004,0.000371,0.00039200000000000004,0.000402,0.00041,0.000414,0.000416,0.00041799999999999997,0.000419,0.00041999999999999996,0.000421,0.000421,0.000422,0.000423,0.000422]},"efficiency":{"unit":"%","value":4.683875},"fill_factor":{"unit":"%","value":63.27154531497925},"jsc":{"unit":"mA\/cm2","value":10.559375},"isc":{"unit":"mA","value":0.422375},"voc":{"unit":"V","value":0.7010655737704917},"sweep_direction":{"unit":"","value":"Reverse"},"key":"reverse_6_423100309"},{"V":{"unit":"V","value":[0.745,0.705,0.665,0.625,0.585,0.545,0.505,0.465,0.425,0.385,0.345,0.305,0.265,0.225,0.185,0.145,0.105,0.065,0.025,-0.015]},"J":{"unit":"A\/cm2","value":[-0.004324999999999999,-0.00032499999999999993,0.002875,0.005399999999999999,0.007324999999999999,0.008625,0.009425000000000001,0.00995,0.01025,0.010375,0.010475,0.010549999999999999,0.010549999999999999,0.010625,0.010625,0.010625,0.0107,0.010674999999999999,0.010674999999999999,0.0107]},"I":{"unit":"A","value":[-0.00017299999999999998,-1.3e-5,0.000115,0.000216,0.00029299999999999997,0.000345,0.000377,0.000398,0.00041,0.000415,0.000419,0.000422,0.000422,0.000425,0.000425,0.000425,0.000428,0.00042699999999999997,0.00042699999999999997,0.000428]},"efficiency":{"unit":"%","value":4.759625},"fill_factor":{"unit":"%","value":63.51705386845794},"jsc":{"unit":"mA\/cm2","value":10.690625},"isc":{"unit":"mA","value":0.42762500000000003},"voc":{"unit":"V","value":0.7009375},"sweep_direction":{"unit":"","value":"Reverse"},"key":"reverse_5_423100309"},{"V":{"unit":"V","value":[0.747,0.707,0.667,0.627,0.587,0.547,0.507,0.467,0.427,0.387,0.347,0.307,0.267,0.227,0.187,0.147,0.107,0.067,0.027,-0.013]},"J":{"unit":"A\/cm2","value":[-0.00425,-0.00032499999999999993,0.0028,0.0053,0.007149999999999999,0.008450000000000001,0.0093,0.009800000000000001,0.0101,0.01025,0.010299999999999998,0.01045,0.010424999999999999,0.01045,0.010524999999999998,0.0105,0.010524999999999998,0.010549999999999999,0.010524999999999998,0.010575]},"I":{"unit":"A","value":[-0.00017,-1.3e-5,0.000112,0.000212,0.00028599999999999996,0.00033800000000000003,0.000372,0.00039200000000000004,0.000404,0.00041,0.000412,0.00041799999999999997,0.000417,0.00041799999999999997,0.000421,0.00041999999999999996,0.000421,0.000422,0.000421,0.000423]},"efficiency":{"unit":"%","value":4.7151},"fill_factor":{"unit":"%","value":63.53630150447067},"jsc":{"unit":"mA\/cm2","value":10.558749999999998},"isc":{"unit":"mA","value":0.42234999999999995},"voc":{"unit":"V","value":0.7028399999999999},"sweep_direction":{"unit":"","value":"Reverse"},"key":"reverse_4_423100309"},{"V":{"unit":"V","value":[0.747,0.707,0.667,0.627,0.587,0.547,0.507,0.467,0.427,0.387,0.347,0.307,0.267,0.227,0.187,0.147,0.107,0.067,0.027,-0.013]},"J":{"unit":"A\/cm2","value":[-0.00395,-0.0003,0.0026999999999999997,0.00525,0.007225,0.008625,0.009550000000000001,0.01005,0.010375,0.010575,0.010674999999999999,0.01075,0.010825,0.010799999999999999,0.010875,0.0109,0.0109,0.01095,0.01095,0.01095]},"I":{"unit":"A","value":[-0.000158,-1.2e-5,0.000108,0.00020999999999999998,0.000289,0.000345,0.000382,0.000402,0.000415,0.000423,0.00042699999999999997,0.00043,0.000433,0.000432,0.000435,0.00043599999999999997,0.00043599999999999997,0.000438,0.000438,0.000438]},"efficiency":{"unit":"%","value":4.84185},"fill_factor":{"unit":"%","value":62.898731463980205},"jsc":{"unit":"mA\/cm2","value":10.95},"isc":{"unit":"mA","value":0.438},"voc":{"unit":"V","value":0.703},"sweep_direction":{"unit":"","value":"Reverse"},"key":"reverse_3_423100309"},{"V":{"unit":"V","value":[0.748,0.708,0.668,0.628,0.588,0.548,0.508,0.468,0.428,0.388,0.348,0.308,0.268,0.228,0.188,0.148,0.108,0.068,0.028,-0.012]},"J":{"unit":"A\/cm2","value":[-0.004125,-0.000375,0.00275,0.00535,0.0073999999999999995,0.008825,0.009775,0.01035,0.01065,0.01085,0.010975,0.01105,0.0111,0.01115,0.011125,0.0112,0.011175000000000001,0.011224999999999999,0.01125,0.011224999999999999]},"I":{"unit":"A","value":[-0.000165,-1.4999999999999999e-5,0.00011,0.000214,0.000296,0.00035299999999999996,0.000391,0.000414,0.000426,0.000434,0.000439,0.000442,0.000444,0.000446,0.00044500000000000003,0.000448,0.000447,0.000449,0.00045,0.000449]},"efficiency":{"unit":"%","value":4.9657},"fill_factor":{"unit":"%","value":62.867355033629615},"jsc":{"unit":"mA\/cm2","value":11.2325},"isc":{"unit":"mA","value":0.44930000000000003},"voc":{"unit":"V","value":0.7031999999999999},"sweep_direction":{"unit":"","value":"Reverse"},"key":"reverse_2_423100309"},{"V":{"unit":"V","value":[0.736,0.696,0.656,0.616,0.576,0.536,0.496,0.456,0.416,0.376,0.336,0.296,0.256,0.216,0.176,0.136,0.096,0.056,0.016,-0.024]},"J":{"unit":"A\/cm2","value":[-0.004875,-0.0006749999999999999,0.0031,0.00605,0.008175,0.009525,0.010299999999999998,0.010825,0.011075,0.011224999999999999,0.011349999999999999,0.011349999999999999,0.011425000000000001,0.0115,0.011474999999999999,0.011525,0.011550000000000001,0.011550000000000001,0.011575,0.011575]},"I":{"unit":"A","value":[-0.000195,-2.7e-5,0.000124,0.000242,0.00032700000000000003,0.000381,0.000412,0.000433,0.000443,0.000449,0.00045400000000000003,0.00045400000000000003,0.000457,0.00046,0.00045900000000000004,0.00046100000000000004,0.000462,0.000462,0.00046300000000000003,0.00046300000000000003]},"efficiency":{"unit":"%","value":5.1088},"fill_factor":{"unit":"%","value":64.07294707609361},"jsc":{"unit":"mA\/cm2","value":11.575000000000001},"isc":{"unit":"mA","value":0.463},"voc":{"unit":"V","value":0.6888476821192053},"sweep_direction":{"unit":"","value":"Reverse"},"key":"reverse_1_423100309"},{"V":{"unit":"V","value":[-0.05,-0.01,0.03,0.07,0.11,0.15,0.19,0.23,0.27,0.31,0.35,0.39,0.43,0.47,0.51,0.55,0.59,0.63,0.67,0.71,0.75]},"J":{"unit":"A\/cm2","value":[0.0115,0.011025,0.01085,0.010725,0.0106,0.01045,0.010399999999999998,0.010225,0.01005,0.009925000000000002,0.009699999999999999,0.00945,0.0091,0.0085,0.007574999999999999,0.006075,0.0038,0.0007,-0.0029,-0.006274999999999999,-0.00875]},"I":{"unit":"A","value":[0.00046,0.000441,0.000434,0.000429,0.000424,0.00041799999999999997,0.000416,0.00040899999999999997,0.000402,0.000397,0.000388,0.000378,0.000364,0.00034,0.000303,0.000243,0.000152,2.8e-5,-0.000116,-0.000251,-0.00035]},"efficiency":{"unit":"%","value":3.9949999999999997},"fill_factor":{"unit":"%","value":57.0421152621966},"jsc":{"unit":"mA\/cm2","value":10.981250000000001},"isc":{"unit":"mA","value":0.43925000000000003},"voc":{"unit":"V","value":0.6377777777777778},"sweep_direction":{"unit":"","value":"Forward"},"key":"forward_6_423100309"},{"V":{"unit":"V","value":[-0.05,-0.01,0.03,0.07,0.11,0.15,0.19,0.23,0.27,0.31,0.35,0.39,0.43,0.47,0.51,0.55,0.59,0.63,0.67,0.71,0.75]},"J":{"unit":"A\/cm2","value":[0.011625,0.01115,0.011,0.010875,0.01075,0.010625,0.010475,0.010375,0.010199999999999999,0.010025000000000001,0.009875,0.0096,0.00925,0.008725,0.0078,0.00635,0.0040750000000000005,0.0008500000000000001,-0.0029749999999999998,-0.006525,-0.009049999999999999]},"I":{"unit":"A","value":[0.000465,0.000446,0.00044,0.000435,0.00043,0.000425,0.000419,0.000415,0.000408,0.00040100000000000004,0.000395,0.000384,0.00037,0.00034899999999999997,0.000312,0.000254,0.000163,3.4e-5,-0.00011899999999999999,-0.000261,-0.00036199999999999996]},"efficiency":{"unit":"%","value":4.10075},"fill_factor":{"unit":"%","value":57.75986697315009},"jsc":{"unit":"mA\/cm2","value":11.1125},"isc":{"unit":"mA","value":0.4445},"voc":{"unit":"V","value":0.638888888888889},"sweep_direction":{"unit":"","value":"Forward"},"key":"forward_5_423100309"},{"V":{"unit":"V","value":[-0.05,-0.01,0.03,0.07,0.11,0.15,0.19,0.23,0.27,0.31,0.35,0.39,0.43,0.47,0.51,0.55,0.59,0.63,0.67,0.71,0.75]},"J":{"unit":"A\/cm2","value":[0.011474999999999999,0.010975,0.01085,0.010674999999999999,0.0106,0.0105,0.01035,0.01025,0.0101,0.009925000000000002,0.009775,0.0095,0.00915,0.008625,0.0077,0.00625,0.003975,0.0008,-0.002925,-0.0064,-0.008825]},"I":{"unit":"A","value":[0.00045900000000000004,0.000439,0.000434,0.00042699999999999997,0.000424,0.00041999999999999996,0.000414,0.00041,0.000404,0.000397,0.000391,0.00038,0.000366,0.000345,0.000308,0.00025,0.00015900000000000002,3.2e-5,-0.00011700000000000001,-0.000256,-0.00035299999999999996]},"efficiency":{"unit":"%","value":4.05375},"fill_factor":{"unit":"%","value":58.00537970495353},"jsc":{"unit":"mA\/cm2","value":10.943749999999998},"isc":{"unit":"mA","value":0.4377499999999999},"voc":{"unit":"V","value":0.6385906040268456},"sweep_direction":{"unit":"","value":"Forward"},"key":"forward_4_423100309"},{"V":{"unit":"V","value":[-0.05,-0.01,0.03,0.07,0.11,0.15,0.19,0.23,0.27,0.31,0.35,0.39,0.43,0.47,0.51,0.55,0.59,0.63,0.67,0.71,0.75]},"J":{"unit":"A\/cm2","value":[0.011824999999999999,0.0114,0.011224999999999999,0.011125,0.01095,0.0109,0.010775,0.010625,0.0105,0.01035,0.010125,0.0099,0.009525,0.008924999999999999,0.007975,0.006375,0.003975,0.0007,-0.0030749999999999996,-0.006475,-0.008875]},"I":{"unit":"A","value":[0.00047299999999999995,0.000456,0.000449,0.00044500000000000003,0.000438,0.00043599999999999997,0.000431,0.000425,0.00041999999999999996,0.000414,0.00040500000000000003,0.00039600000000000003,0.000381,0.000357,0.000319,0.000255,0.00015900000000000002,2.8e-5,-0.000123,-0.000259,-0.00035499999999999996]},"efficiency":{"unit":"%","value":4.19475},"fill_factor":{"unit":"%","value":57.94918697153151},"jsc":{"unit":"mA\/cm2","value":11.356249999999998},"isc":{"unit":"mA","value":0.45424999999999993},"voc":{"unit":"V","value":0.6374172185430463},"sweep_direction":{"unit":"","value":"Forward"},"key":"forward_3_423100309"},{"V":{"unit":"V","value":[-0.05,-0.01,0.03,0.07,0.11,0.15,0.19,0.23,0.27,0.31,0.35,0.39,0.43,0.47,0.51,0.55,0.59,0.63,0.67,0.71,0.75]},"J":{"unit":"A\/cm2","value":[0.011949999999999999,0.011550000000000001,0.011425000000000001,0.011325,0.011175000000000001,0.011125,0.011,0.01085,0.010775,0.010625,0.010399999999999998,0.010174999999999998,0.009775,0.00915,0.008175,0.006549999999999999,0.004125,0.0008999999999999999,-0.002775,-0.006225,-0.008799999999999999]},"I":{"unit":"A","value":[0.00047799999999999996,0.000462,0.000457,0.000453,0.000447,0.00044500000000000003,0.00044,0.000434,0.000431,0.000425,0.000416,0.00040699999999999997,0.000391,0.000366,0.00032700000000000003,0.000262,0.000165,3.5999999999999994e-5,-0.000111,-0.000249,-0.000352]},"efficiency":{"unit":"%","value":4.3004999999999995},"fill_factor":{"unit":"%","value":58.35420198500986},"jsc":{"unit":"mA\/cm2","value":11.51875},"isc":{"unit":"mA","value":0.46075000000000005},"voc":{"unit":"V","value":0.6397959183673471},"sweep_direction":{"unit":"","value":"Forward"},"key":"forward_2_423100309"},{"V":{"unit":"V","value":[-0.05,-0.01,0.03,0.07,0.11,0.15,0.19,0.23,0.27,0.31,0.35,0.39,0.43,0.47,0.51,0.55,0.59,0.63,0.67,0.71,0.75]},"J":{"unit":"A\/cm2","value":[0.012199999999999999,0.0118,0.01165,0.011550000000000001,0.011474999999999999,0.011375,0.01125,0.01115,0.011,0.010875,0.0107,0.010424999999999999,0.010075,0.00945,0.008425,0.0068000000000000005,0.0042250000000000005,0.000725,-0.0033000000000000004,-0.0069500000000000004,-0.0095]},"I":{"unit":"A","value":[0.000488,0.000472,0.00046600000000000005,0.000462,0.00045900000000000004,0.000455,0.00045,0.000446,0.00044,0.000435,0.000428,0.000417,0.00040300000000000004,0.000378,0.000337,0.000272,0.00016900000000000002,2.9e-5,-0.000132,-0.00027800000000000004,-0.00038]},"efficiency":{"unit":"%","value":4.4415},"fill_factor":{"unit":"%","value":59.258530313550665},"jsc":{"unit":"mA\/cm2","value":11.7625},"isc":{"unit":"mA","value":0.4705},"voc":{"unit":"V","value":0.6372049689440994},"sweep_direction":{"unit":"","value":"Forward"},"key":"forward_1_423100309"}]}}