{"_id":"652fcc0769ca747fb611ad91","id":"CAU-SC-00371","author":68,"group":7,"input":[{"tco":{"unit":"","value":"ITO"}},[],{"htl":[{"material":{"unit":"","value":"TFB"},"concentration":{"unit":"","value":"0.5"},"conc_unit":{"unit":"","value":"mg\/ml"},"quantity":{"unit":"ml","value":""}}],"spin_coating":[{"type":{"unit":"","value":"drop&run"},"rpm":{"unit":"","value":"5000"},"time":{"unit":"s","value":"30"}}],"annealing":[{"temperature":{"unit":"oC","value":"100"},"time":{"unit":"m","value":"5"}}],"solvent":[{"material":{"unit":"","value":"CB"},"volume":{"unit":"ml","value":"1"}}]},{"perovskite":{"method":{"unit":"","value":"1step"},"molarity":{"unit":"M","value":"1.2"},"a_site":[{"material":{"unit":"","value":"FA"},"ratio":{"unit":"","value":"81.34"}},{"material":{"unit":"","value":"Cs"},"ratio":{"unit":"","value":"16.66"}},{"material":{"unit":"","value":"BA"},"ratio":{"unit":"","value":"2"}}],"b_site":[{"material":{"unit":"","value":"Sn"},"ratio":{"unit":"","value":"50"}},{"material":{"unit":"","value":"Pb"},"ratio":{"unit":"","value":"50"}}],"x_site":[{"material":{"unit":"","value":"I"},"ratio":{"unit":"","value":"100"}}],"solvent":[{"material":{"unit":"","value":"DMF"},"volume":{"unit":"ml","value":"0.8"}},{"material":{"unit":"","value":"DMSO"},"volume":{"unit":"ml","value":"0.2"}}],"additive":[{"material":{"unit":"","value":"SnF2"},"solvent":{"unit":"","value":"none"},"concentration":{"unit":"","value":"9.36"},"conc_unit":{"unit":"","value":"mg\/ml"},"quantity":{"unit":"mol%","value":"5"}}],"stirring_time":[{"unit":"m","value":"120"}],"antisolvent":[{"material":{"unit":"","value":"PC61BM(1mg)+Toluene"},"quantity":{"unit":"ul","value":"300"},"dripping_time":{"unit":"s","value":"13"}}],"spin_coating":[{"type":{"unit":"","value":"drop&run"},"rpm":{"unit":"","value":"5000"},"time":{"unit":"s","value":"60"}}],"annealing":[{"temperature":{"unit":"oC","value":"65"},"time":{"unit":"m","value":"1"}},{"temperature":{"unit":"oC","value":"100"},"time":{"unit":"m","value":"30"}}],"atmosphere":[{"type":{"unit":"","value":"N2"},"temperature":{"unit":"oC","value":"25"},"humidity":{"unit":"RH%","value":"0"}}]}},{"etl":[{"material":{"unit":"","value":"PC61BM"},"concentration":{"unit":"","value":"20"},"conc_unit":{"unit":"","value":"mg\/ml"},"quantity":{"unit":"ml","value":"0.05"}}],"solvent":[{"material":{"unit":"","value":"CB"},"volume":{"unit":"ml","value":"1"}}],"spin_coating":[{"type":{"unit":"","value":"drop&run"},"rpm":{"unit":"","value":"1500"},"time":{"unit":"s","value":"30"}}],"annealing":[{"temperature":{"unit":"oC","value":"75"},"time":{"unit":"m","value":"10"}}]},{"blocking_buffer_layer":[{"material":{"unit":"","value":"BCP"},"concentration":{"unit":"","value":"0.5"},"conc_unit":{"unit":"","value":"mg\/ml"},"quantity":{"unit":"ml","value":"0.1"}}],"solvent":[{"material":{"unit":"","value":"IPA"},"volume":{"unit":"ml","value":"1"}}],"spin_coating":[{"type":{"unit":"","value":"drop&run"},"rpm":{"unit":"","value":"4000"},"time":{"unit":"s","value":"20"}}]},{"anode_metal":{"unit":"","value":"Ag"}},{"note":{"unit":"","value":"FACsSnPbI3- 2021 BA2% TFB"},"ar":{"unit":"","value":"0"},"type":{"unit":"","value":"unit_cell"},"device_type":{"unit":"","value":"p-i-n"},"temperature":{"unit":"\u2103","value":"25"},"humidity":{"unit":"%","value":"30"},"cell_dimension":{"unit":"cm2","value":"0.04"}}],"fileinfo":[{"key":"121011511","uploadType":"JV","original_name":"121011511.xlsx","save_name":"CAU-SC-00371\/121011511","uploader":68,"fileType":"group"}],"jvcnt":7,"updated_at":"2024-07-30 06:06:42","created_at":"2023-10-18 12:13:59","analysisInfo":{"JV":[{"efficiency":15.478425000000001,"fill_factor":74.71952942358676,"jsc":27.625,"voc":0.7498775510204081,"key":"reverse_4_121011511","cell_dimension":null},{"efficiency":15.754100000000001,"fill_factor":76.14894383120603,"jsc":27.8925,"voc":0.7417238979118329,"key":"reverse_3_121011511","cell_dimension":null},{"efficiency":15.6978,"fill_factor":75.55209672740037,"jsc":28.060000000000002,"voc":0.7404651162790699,"key":"reverse_2_121011511","cell_dimension":null},{"efficiency":14.043974999999998,"fill_factor":67.72981941301663,"jsc":28.141249999999996,"voc":0.73682905982906,"key":"reverse_1_121011511","cell_dimension":null},{"efficiency":15.009749999999999,"fill_factor":71.79653305610316,"jsc":27.949999999999996,"voc":0.7479768786127169,"key":"forward_3_121011511","cell_dimension":null},{"efficiency":15.23025,"fill_factor":73.52736794545355,"jsc":28.1125,"voc":0.736815144766147,"key":"forward_2_121011511","cell_dimension":null},{"efficiency":15.3415,"fill_factor":73.87234763772156,"jsc":28.174999999999994,"voc":0.7370925110132158,"key":"forward_1_121011511","cell_dimension":null}]},"public":2,"tags":[],"analysis":{"JV":[{"V":{"unit":"V","value":[0.801,0.781,0.761,0.741,0.721,0.701,0.681,0.661,0.641,0.621,0.601,0.581,0.561,0.541,0.521,0.501,0.481,0.461,0.441,0.421,0.401,0.381,0.361,0.341,0.321,0.301,0.281,0.261,0.241,0.221,0.201,0.181,0.161,0.141,0.121,0.101,0.081,0.061,0.041,0.021,0.001,-0.019,-0.039]},"J":{"unit":"A\/cm2","value":[-0.035125,-0.01855,-0.00545,0.00435,0.01165,0.01675,0.020225,0.0225,0.02395,0.024925,0.025574999999999997,0.025874999999999995,0.026199999999999998,0.026350000000000002,0.026650000000000004,0.026650000000000004,0.0268,0.026850000000000002,0.027,0.02695,0.027100000000000003,0.02705,0.027125,0.027125,0.02725,0.027225,0.027325,0.027274999999999997,0.027350000000000003,0.027325,0.0274,0.0274,0.0275,0.027424999999999998,0.0275,0.027475,0.027524999999999997,0.02755,0.027600000000000003,0.027575,0.027625,0.027625,0.02765]},"I":{"unit":"A","value":[-0.001405,-0.000742,-0.00021799999999999999,0.000174,0.00046600000000000005,0.00067,0.000809,0.0009,0.000958,0.000997,0.0010229999999999998,0.001035,0.001048,0.001054,0.001066,0.001066,0.001072,0.001074,0.00108,0.001078,0.0010840000000000001,0.001082,0.001085,0.001085,0.00109,0.001089,0.001093,0.001091,0.0010940000000000001,0.001093,0.0010960000000000002,0.0010960000000000002,0.0011,0.0010969999999999999,0.0011,0.001099,0.001101,0.0011020000000000001,0.0011040000000000002,0.001103,0.001105,0.001105,0.001106]},"efficiency":{"unit":"%","value":15.478425000000001},"fill_factor":{"unit":"%","value":74.71952942358676},"jsc":{"unit":"mA\/cm2","value":27.625},"isc":{"unit":"mA","value":1.105},"voc":{"unit":"V","value":0.7498775510204081},"sweep_direction":{"unit":"","value":"Reverse"},"key":"reverse_4_121011511"},{"V":{"unit":"V","value":[0.793,0.773,0.753,0.733,0.713,0.693,0.673,0.653,0.633,0.613,0.593,0.573,0.553,0.533,0.513,0.493,0.473,0.453,0.433,0.413,0.393,0.373,0.353,0.333,0.313,0.293,0.273,0.253,0.233,0.213,0.193,0.173,0.153,0.133,0.113,0.093,0.073,0.053,0.033,0.013,-0.007,-0.027,-0.047]},"J":{"unit":"A\/cm2","value":[-0.039025,-0.020425,-0.006075,0.0047,0.012275000000000001,0.017549999999999996,0.021025,0.023325,0.02465,0.0257,0.026150000000000003,0.026600000000000002,0.02675,0.027075,0.027100000000000003,0.027375,0.0273,0.02755,0.027424999999999998,0.027600000000000003,0.027524999999999997,0.027700000000000002,0.027625,0.027750000000000004,0.02765,0.027825,0.027700000000000002,0.027825,0.027724999999999996,0.027825,0.027724999999999996,0.027825,0.027800000000000002,0.027825,0.027825,0.02785,0.02785,0.02785,0.027825,0.027925000000000002,0.027875,0.027950000000000003,0.027875]},"I":{"unit":"A","value":[-0.0015609999999999999,-0.0008169999999999999,-0.000243,0.000188,0.000491,0.0007019999999999999,0.000841,0.000933,0.000986,0.001028,0.001046,0.001064,0.00107,0.001083,0.0010840000000000001,0.001095,0.001092,0.0011020000000000001,0.0010969999999999999,0.0011040000000000002,0.001101,0.001108,0.001105,0.00111,0.001106,0.001113,0.001108,0.001113,0.001109,0.001113,0.001109,0.001113,0.0011120000000000001,0.001113,0.001113,0.0011140000000000002,0.0011140000000000002,0.0011140000000000002,0.001113,0.001117,0.0011149999999999999,0.001118,0.0011149999999999999]},"efficiency":{"unit":"%","value":15.754100000000001},"fill_factor":{"unit":"%","value":76.14894383120603},"jsc":{"unit":"mA\/cm2","value":27.8925},"isc":{"unit":"mA","value":1.1157},"voc":{"unit":"V","value":0.7417238979118329},"sweep_direction":{"unit":"","value":"Reverse"},"key":"reverse_3_121011511"},{"V":{"unit":"V","value":[0.792,0.772,0.752,0.732,0.712,0.692,0.672,0.652,0.632,0.612,0.592,0.572,0.552,0.532,0.512,0.492,0.472,0.452,0.432,0.412,0.392,0.372,0.352,0.332,0.312,0.292,0.272,0.252,0.232,0.212,0.192,0.172,0.152,0.132,0.112,0.092,0.072,0.052,0.032,0.012,-0.008,-0.028,-0.048]},"J":{"unit":"A\/cm2","value":[-0.039,-0.02045,-0.0062,0.00455,0.012049999999999998,0.017424999999999996,0.020825,0.023225000000000003,0.0247,0.02565,0.02625,0.026650000000000004,0.026875,0.027100000000000003,0.027274999999999997,0.027375,0.027524999999999997,0.027600000000000003,0.02765,0.027675,0.027724999999999996,0.027774999999999998,0.027800000000000002,0.027800000000000002,0.02785,0.02785,0.0279,0.0279,0.0279,0.027925000000000002,0.027974999999999996,0.027950000000000003,0.028024999999999998,0.027925000000000002,0.028050000000000002,0.027950000000000003,0.028075,0.027974999999999996,0.028075,0.028000000000000004,0.0281,0.027974999999999996,0.028125]},"I":{"unit":"A","value":[-0.00156,-0.0008179999999999999,-0.000248,0.000182,0.000482,0.0006969999999999999,0.000833,0.000929,0.000988,0.001026,0.0010500000000000002,0.001066,0.001075,0.0010840000000000001,0.001091,0.001095,0.001101,0.0011040000000000002,0.001106,0.001107,0.001109,0.001111,0.0011120000000000001,0.0011120000000000001,0.0011140000000000002,0.0011140000000000002,0.001116,0.001116,0.001116,0.001117,0.001119,0.001118,0.001121,0.001117,0.0011220000000000002,0.001118,0.001123,0.001119,0.001123,0.0011200000000000001,0.0011240000000000002,0.001119,0.001125]},"efficiency":{"unit":"%","value":15.6978},"fill_factor":{"unit":"%","value":75.55209672740037},"jsc":{"unit":"mA\/cm2","value":28.060000000000002},"isc":{"unit":"mA","value":1.1224},"voc":{"unit":"V","value":0.7404651162790699},"sweep_direction":{"unit":"","value":"Reverse"},"key":"reverse_2_121011511"},{"V":{"unit":"V","value":[0.787,0.767,0.747,0.727,0.707,0.687,0.667,0.647,0.627,0.607,0.587,0.567,0.547,0.527,0.507,0.487,0.467,0.447,0.427,0.407,0.387,0.367,0.347,0.327,0.307,0.287,0.267,0.247,0.227,0.207,0.187,0.167,0.147,0.127,0.107,0.087,0.067,0.047,0.027,0.007,-0.013,-0.033]},"J":{"unit":"A\/cm2","value":[-0.016625,-0.009425000000000001,-0.0029749999999999998,0.002875,0.008,0.012424999999999999,0.015975,0.018875,0.021075,0.02275,0.023925,0.02475,0.025474999999999998,0.025874999999999995,0.026324999999999998,0.026449999999999998,0.026850000000000002,0.02695,0.027225,0.0273,0.027524999999999997,0.0275,0.027575,0.027600000000000003,0.027675,0.027675,0.02785,0.027724999999999996,0.027800000000000002,0.027774999999999998,0.027925000000000002,0.027825,0.027950000000000003,0.027950000000000003,0.028000000000000004,0.028024999999999998,0.028075,0.028075,0.0281,0.028149999999999994,0.028125,0.028199999999999996]},"I":{"unit":"A","value":[-0.000665,-0.000377,-0.00011899999999999999,0.000115,0.00032,0.000497,0.000639,0.000755,0.000843,0.00091,0.000957,0.00099,0.001019,0.001035,0.001053,0.0010580000000000001,0.001074,0.001078,0.001089,0.001092,0.001101,0.0011,0.001103,0.0011040000000000002,0.001107,0.001107,0.0011140000000000002,0.001109,0.0011120000000000001,0.001111,0.001117,0.001113,0.001118,0.001118,0.0011200000000000001,0.001121,0.001123,0.001123,0.0011240000000000002,0.0011259999999999998,0.001125,0.0011279999999999999]},"efficiency":{"unit":"%","value":14.043974999999998},"fill_factor":{"unit":"%","value":67.72981941301663},"jsc":{"unit":"mA\/cm2","value":28.141249999999996},"isc":{"unit":"mA","value":1.1256499999999998},"voc":{"unit":"V","value":0.73682905982906},"sweep_direction":{"unit":"","value":"Reverse"},"key":"reverse_1_121011511"},{"V":{"unit":"V","value":[-0.05,-0.03,-0.01,0.01,0.03,0.05,0.07,0.09,0.11,0.13,0.15,0.17,0.19,0.21,0.23,0.25,0.27,0.29,0.31,0.33,0.35,0.37,0.39,0.41,0.43,0.45,0.47,0.49,0.51,0.53,0.55,0.57,0.59,0.61,0.63,0.65,0.67,0.69,0.71,0.73,0.75,0.77,0.79,0.81,0.83]},"J":{"unit":"A\/cm2","value":[0.029225,0.028274999999999998,0.028125,0.027774999999999998,0.027700000000000002,0.027475,0.027450000000000002,0.027375,0.027325,0.027200000000000002,0.027200000000000002,0.027024999999999997,0.027024999999999997,0.026924999999999998,0.026975,0.026824999999999998,0.026850000000000002,0.026699999999999998,0.026725,0.026574999999999998,0.026624999999999996,0.026449999999999998,0.0265,0.026350000000000002,0.026374999999999996,0.026199999999999998,0.026199999999999998,0.026,0.026,0.02575,0.025624999999999995,0.02535,0.025,0.0245,0.023825,0.02265,0.020849999999999997,0.01815,0.013925,0.007775,-0.0008750000000000001,-0.0125,-0.027625,-0.046275,-0.0687]},"I":{"unit":"A","value":[0.0011690000000000001,0.001131,0.001125,0.001111,0.001108,0.001099,0.001098,0.001095,0.001093,0.001088,0.001088,0.001081,0.001081,0.001077,0.0010789999999999999,0.001073,0.001074,0.0010680000000000002,0.0010689999999999999,0.001063,0.001065,0.0010580000000000001,0.00106,0.001054,0.001055,0.001048,0.001048,0.0010400000000000001,0.0010400000000000001,0.00103,0.0010249999999999999,0.001014,0.001,0.00098,0.000953,0.000906,0.000834,0.000726,0.0005570000000000001,0.000311,-3.5000000000000004e-5,-0.0005,-0.001105,-0.001851,-0.002748]},"efficiency":{"unit":"%","value":15.009749999999999},"fill_factor":{"unit":"%","value":71.79653305610316},"jsc":{"unit":"mA\/cm2","value":27.949999999999996},"isc":{"unit":"mA","value":1.1179999999999999},"voc":{"unit":"V","value":0.7479768786127169},"sweep_direction":{"unit":"","value":"Forward"},"key":"forward_3_121011511"},{"V":{"unit":"V","value":[-0.05,-0.03,-0.01,0.01,0.03,0.05,0.07,0.09,0.11,0.13,0.15,0.17,0.19,0.21,0.23,0.25,0.27,0.29,0.31,0.33,0.35,0.37,0.39,0.41,0.43,0.45,0.47,0.49,0.51,0.53,0.55,0.57,0.59,0.61,0.63,0.65,0.67,0.69,0.71,0.73,0.75,0.77,0.79,0.81]},"J":{"unit":"A\/cm2","value":[0.029225,0.028449999999999996,0.028224999999999997,0.028000000000000004,0.027875,0.027774999999999998,0.027700000000000002,0.02755,0.027600000000000003,0.027475,0.027475,0.027350000000000003,0.027350000000000003,0.027225,0.027274999999999997,0.027075,0.027225,0.027,0.027125,0.026900000000000004,0.02705,0.0268,0.02695,0.026725,0.026824999999999998,0.026574999999999998,0.026699999999999998,0.026374999999999996,0.026475,0.026199999999999998,0.026150000000000003,0.025824999999999997,0.02555,0.024925,0.024175,0.022699999999999998,0.020625,0.017075,0.011749999999999998,0.003825,-0.0073999999999999995,-0.022574999999999998,-0.04215,-0.06620000000000001]},"I":{"unit":"A","value":[0.0011690000000000001,0.001138,0.001129,0.0011200000000000001,0.0011149999999999999,0.001111,0.001108,0.0011020000000000001,0.0011040000000000002,0.001099,0.001099,0.0010940000000000001,0.0010940000000000001,0.001089,0.001091,0.001083,0.001089,0.00108,0.001085,0.0010760000000000001,0.001082,0.001072,0.001078,0.0010689999999999999,0.001073,0.001063,0.0010680000000000002,0.001055,0.001059,0.001048,0.001046,0.0010329999999999998,0.0010220000000000001,0.000997,0.000967,0.0009080000000000001,0.000825,0.000683,0.00047,0.000153,-0.000296,-0.000903,-0.001686,-0.002648]},"efficiency":{"unit":"%","value":15.23025},"fill_factor":{"unit":"%","value":73.52736794545355},"jsc":{"unit":"mA\/cm2","value":28.1125},"isc":{"unit":"mA","value":1.1245},"voc":{"unit":"V","value":0.736815144766147},"sweep_direction":{"unit":"","value":"Forward"},"key":"forward_2_121011511"},{"V":{"unit":"V","value":[-0.05,-0.03,-0.01,0.01,0.03,0.05,0.07,0.09,0.11,0.13,0.15,0.17,0.19,0.21,0.23,0.25,0.27,0.29,0.31,0.33,0.35,0.37,0.39,0.41,0.43,0.45,0.47,0.49,0.51,0.53,0.55,0.57,0.59,0.61,0.63,0.65,0.67,0.69,0.71,0.73,0.75,0.77,0.79,0.81]},"J":{"unit":"A\/cm2","value":[0.029299999999999996,0.028599999999999997,0.028325,0.028024999999999998,0.028024999999999998,0.027800000000000002,0.02785,0.027724999999999996,0.02765,0.02765,0.027575,0.0275,0.0275,0.0274,0.0274,0.027325,0.0273,0.027200000000000002,0.027225,0.027174999999999998,0.02715,0.02705,0.02705,0.026924999999999998,0.02695,0.0268,0.026775,0.026699999999999998,0.026574999999999998,0.026475,0.02625,0.026025,0.02565,0.02515,0.024175,0.022900000000000004,0.020599999999999997,0.01725,0.011774999999999999,0.004025,-0.007324999999999999,-0.02225,-0.041699999999999994,-0.0655]},"I":{"unit":"A","value":[0.0011719999999999999,0.0011439999999999998,0.0011330000000000001,0.001121,0.001121,0.0011120000000000001,0.0011140000000000002,0.001109,0.001106,0.001106,0.001103,0.0011,0.0011,0.0010960000000000002,0.0010960000000000002,0.001093,0.001092,0.001088,0.001089,0.0010869999999999999,0.0010860000000000002,0.001082,0.001082,0.001077,0.001078,0.001072,0.001071,0.0010680000000000002,0.001063,0.001059,0.0010500000000000002,0.0010409999999999998,0.001026,0.001006,0.000967,0.000916,0.000824,0.00069,0.00047099999999999996,0.000161,-0.00029299999999999997,-0.0008900000000000001,-0.001668,-0.00262]},"efficiency":{"unit":"%","value":15.3415},"fill_factor":{"unit":"%","value":73.87234763772156},"jsc":{"unit":"mA\/cm2","value":28.174999999999994},"isc":{"unit":"mA","value":1.1269999999999998},"voc":{"unit":"V","value":0.7370925110132158},"sweep_direction":{"unit":"","value":"Forward"},"key":"forward_1_121011511"}]}}