{"_id":"652d222213121a382d688209","id":"CAU-SC-00204","author":70,"group":7,"input":[{"tco":{"unit":"","value":"ITO"}},[],{"etl":[{"material":{"unit":"","value":"SnO2"},"concentration":{"unit":"","value":"1.5"},"conc_unit":{"unit":"","value":"wt%"},"quantity":{"unit":"ml","value":"0.3"}}],"solvent":[{"material":{"unit":"","value":"DI Water"},"volume":{"unit":"ml","value":"2.7"}}],"spin_coating":[{"type":{"unit":"","value":"drop&run"},"rpm":{"unit":"","value":"1000"},"time":{"unit":"s","value":"0.5"}},{"type":{"unit":"","value":"drop&run"},"rpm":{"unit":"","value":"3000"},"time":{"unit":"s","value":"30"}}],"annealing":[{"temperature":{"unit":"oC","value":"170"},"time":{"unit":"m","value":"30"}}]},{"etl":[{"material":{"unit":"","value":"ZnO"},"concentration":{"unit":"","value":"109.75"},"conc_unit":{"unit":"","value":"mg\/ml"},"quantity":{"unit":"ml","value":"1"}}],"solvent":[{"material":{"unit":"","value":"2-ME"},"volume":{"unit":"ml","value":"2"}},{"material":{"unit":"","value":"Ethanolamine"},"volume":{"unit":"ml","value":"0.067"}}],"spin_coating":[{"type":{"unit":"","value":"drop&run"},"rpm":{"unit":"","value":"5000"},"time":{"unit":"s","value":"30"}}],"annealing":[{"temperature":{"unit":"oC","value":"170"},"time":{"unit":"m","value":"30"}}]},[],[],{"perovskite":{"method":{"unit":"","value":"1step"},"molarity":{"unit":"M","value":"1.2"},"a_site":[{"material":{"unit":"","value":"Cs"},"ratio":{"unit":"","value":"100"}}],"b_site":[{"material":{"unit":"","value":"Pb"},"ratio":{"unit":"","value":"100"}}],"x_site":[{"material":{"unit":"","value":"I"},"ratio":{"unit":"","value":"67"}},{"material":{"unit":"","value":"Br"},"ratio":{"unit":"","value":"33"}}],"solvent":[{"material":{"unit":"","value":"DMSO"},"volume":{"unit":"ml","value":"0.7"}},{"material":{"unit":"","value":"DMF"},"volume":{"unit":"ml","value":"0.3"}}],"stirring_time":[{"unit":"m","value":"960"}],"spin_coating":[{"type":{"unit":"","value":"drop&run"},"rpm":{"unit":"","value":"3000"},"time":{"unit":"s","value":"40"}}],"annealing":[{"temperature":{"unit":"oC","value":"280"},"time":{"unit":"m","value":"10"}}],"atmosphere":[{"type":{"unit":"","value":"air"},"temperature":{"unit":"oC","value":"18.6"},"humidity":{"unit":"RH%","value":"35"}}],"assist":[{"type":{"unit":"","value":"hot air assist"},"temperature":{"unit":"oC","value":"300"},"assist_start_time":{"value":8,"unit":"s"},"total_assist_time":{"value":"0.233","unit":"s"}}],"additive":[{"material":{"unit":"","value":"CH2I2"},"solvent":{"unit":"","value":null},"concentration":{"unit":"","value":"100 uL"},"conc_unit":{"unit":"","value":null},"quantity":{"unit":"mol%","value":null}}]}},{"htl":[{"material":{"unit":"","value":"TFB"},"concentration":{"unit":"","value":"10"},"conc_unit":{"unit":"","value":"mg\/ml"},"quantity":{"unit":"ml","value":"1"}}],"solvent":[{"material":{"unit":"","value":"CB"},"volume":{"unit":"ml","value":"1"}}],"spin_coating":[{"type":{"unit":"","value":"dynamic"},"rpm":{"unit":"","value":"5000"},"time":{"unit":"s","value":"30"}}],"annealing":[{"temperature":{"unit":"oC","value":"100"},"time":{"unit":"m","value":"5"}}]},{"htl_treatment":[{"material":{"unit":"","value":"P3HT"},"concentration":{"unit":"","value":"10"},"conc_unit":{"unit":"","value":"mg\/ml"},"quantity":{"unit":"ml","value":"1"}}],"solvent":[{"material":{"unit":"","value":"CB"},"volume":{"unit":"ml","value":"1"}}],"spin_coating":[{"type":{"unit":"","value":"dynamic"},"rpm":{"unit":"","value":"3000"},"time":{"unit":"s","value":"30"}}],"annealing":[{"temperature":{"unit":"oC","value":"100"},"time":{"unit":"m","value":"5"}}]},{"anode_metal":{"unit":"","value":"Au"}},{"note":{"unit":"","value":"CsPbI2Br+100uL CH2I2_721111204_TFB"},"ar":{"unit":"","value":"0"},"type":{"unit":"","value":"unit_cell"},"device_type":{"unit":"","value":"n-i-p"},"temperature":{"unit":"\u2103","value":"21"},"humidity":{"unit":"%","value":"35"},"cell_dimension":{"unit":"cm2","value":"0.04"}}],"fileinfo":[{"key":"CsPbI2Br+100uL CH2I2_721111204_TFB","uploadType":"JV","original_name":"CsPbI2Br+100uL CH2I2_721111204_TFB.xlsx","save_name":"CAU-SC-00204\/CsPbI2Br+100uL CH2I2_721111204_TFB","uploader":70,"fileType":"group"}],"updated_at":"2024-06-03 08:38:34","created_at":"2023-10-16 11:44:34","jvcnt":18,"analysisInfo":{"JV":[{"efficiency":13.030074999999998,"fill_factor":78.2118666874499,"jsc":14.131874999999999,"voc":1.1788932384341637,"key":"reverse_9_CsPbI2Br+100uL CH2I2_721111204_TFB","cell_dimension":null},{"efficiency":13.365000000000002,"fill_factor":77.75762365482838,"jsc":14.568749999999996,"voc":1.1797872340425533,"key":"reverse_8_CsPbI2Br+100uL CH2I2_721111204_TFB","cell_dimension":null},{"efficiency":13.897150000000002,"fill_factor":76.25076229067903,"jsc":15.348749999999999,"voc":1.1874314381270905,"key":"reverse_7_CsPbI2Br+100uL CH2I2_721111204_TFB","cell_dimension":null},{"efficiency":12.983475,"fill_factor":77.49291118554238,"jsc":14.163125,"voc":1.1829595141700406,"key":"reverse_6_CsPbI2Br+100uL CH2I2_721111204_TFB","cell_dimension":null},{"efficiency":13.344449999999998,"fill_factor":78.38407606946247,"jsc":14.37875,"voc":1.1840000000000002,"key":"reverse_5_CsPbI2Br+100uL CH2I2_721111204_TFB","cell_dimension":null},{"efficiency":13.457375000000003,"fill_factor":77.26618129215605,"jsc":14.696875,"voc":1.1850751879699248,"key":"reverse_4_CsPbI2Br+100uL CH2I2_721111204_TFB","cell_dimension":null},{"efficiency":12.621699999999999,"fill_factor":76.0721651292099,"jsc":14.0825,"voc":1.1781818181818182,"key":"reverse_3_CsPbI2Br+100uL CH2I2_721111204_TFB","cell_dimension":null},{"efficiency":12.7699,"fill_factor":75.31334197305091,"jsc":14.39,"voc":1.17829702970297,"key":"reverse_2_CsPbI2Br+100uL CH2I2_721111204_TFB","cell_dimension":null},{"efficiency":13.25155,"fill_factor":75.14859351857423,"jsc":15.299999999999999,"voc":1.1525357142857142,"key":"reverse_1_CsPbI2Br+100uL CH2I2_721111204_TFB","cell_dimension":null},{"efficiency":10.527,"fill_factor":65.24915742307049,"jsc":14.437499999999996,"voc":1.1174747474747475,"key":"forward_9_CsPbI2Br+100uL CH2I2_721111204_TFB","cell_dimension":null},{"efficiency":10.76625,"fill_factor":64.8247496423462,"jsc":14.85,"voc":1.1184,"key":"forward_8_CsPbI2Br+100uL CH2I2_721111204_TFB","cell_dimension":null},{"efficiency":11.8755,"fill_factor":66.64644402292514,"jsc":15.562499999999998,"voc":1.1449738219895287,"key":"forward_7_CsPbI2Br+100uL CH2I2_721111204_TFB","cell_dimension":null},{"efficiency":10.4835,"fill_factor":64.65983372040913,"jsc":14.443749999999996,"voc":1.1225139664804469,"key":"forward_6_CsPbI2Br+100uL CH2I2_721111204_TFB","cell_dimension":null},{"efficiency":10.72275,"fill_factor":65.14145077139688,"jsc":14.624999999999998,"voc":1.1255191256830601,"key":"forward_5_CsPbI2Br+100uL CH2I2_721111204_TFB","cell_dimension":null},{"efficiency":10.98375,"fill_factor":65.32137099178951,"jsc":14.924999999999999,"voc":1.1266292134831462,"key":"forward_4_CsPbI2Br+100uL CH2I2_721111204_TFB","cell_dimension":null},{"efficiency":10.179,"fill_factor":63.67725218329138,"jsc":14.287499999999998,"voc":1.118831168831169,"key":"forward_3_CsPbI2Br+100uL CH2I2_721111204_TFB","cell_dimension":null},{"efficiency":10.3965,"fill_factor":63.720158156367326,"jsc":14.556249999999999,"voc":1.1208843537414968,"key":"forward_2_CsPbI2Br+100uL CH2I2_721111204_TFB","cell_dimension":null},{"efficiency":10.68625,"fill_factor":63.39309670064963,"jsc":15.44375,"voc":1.0915172413793104,"key":"forward_1_CsPbI2Br+100uL CH2I2_721111204_TFB","cell_dimension":null}]},"public":2,"analysis":{"JV":[{"V":{"unit":"V","value":[1.229,1.189,1.149,1.109,1.069,1.029,0.989,0.949,0.909,0.869,0.829,0.789,0.749,0.709,0.669,0.629,0.589,0.549,0.509,0.469,0.429,0.389,0.349,0.309,0.269,0.229,0.189,0.149,0.109,0.069,0.029,-0.011]},"J":{"unit":"A\/cm2","value":[-0.012074999999999999,-0.0017749999999999999,0.00525,0.009375,0.011525,0.01265,0.013175000000000001,0.013525,0.0137,0.013850000000000001,0.013875000000000002,0.01395,0.014000000000000002,0.014025000000000001,0.014074999999999997,0.01405,0.014074999999999997,0.014099999999999998,0.014074999999999997,0.014099999999999998,0.014099999999999998,0.014124999999999999,0.014074999999999997,0.014124999999999999,0.014124999999999999,0.014124999999999999,0.014099999999999998,0.01415,0.014074999999999997,0.014174999999999998,0.01415,0.014124999999999999]},"I":{"unit":"A","value":[-0.000483,-7.099999999999999e-5,0.00020999999999999998,0.000375,0.00046100000000000004,0.000506,0.000527,0.000541,0.0005480000000000001,0.000554,0.000555,0.000558,0.0005600000000000001,0.0005610000000000001,0.0005629999999999999,0.0005620000000000001,0.0005629999999999999,0.0005639999999999999,0.0005629999999999999,0.0005639999999999999,0.0005639999999999999,0.000565,0.0005629999999999999,0.000565,0.000565,0.000565,0.0005639999999999999,0.000566,0.0005629999999999999,0.0005669999999999999,0.000566,0.000565]},"efficiency":{"unit":"%","value":13.030074999999998},"fill_factor":{"unit":"%","value":78.2118666874499},"jsc":{"unit":"mA\/cm2","value":14.131874999999999},"isc":{"unit":"mA","value":0.565275},"voc":{"unit":"V","value":1.1788932384341637},"sweep_direction":{"unit":"","value":"Reverse"},"key":"reverse_9_CsPbI2Br+100uL CH2I2_721111204_TFB"},{"V":{"unit":"V","value":[1.23,1.19,1.15,1.11,1.07,1.03,0.99,0.95,0.91,0.87,0.83,0.79,0.75,0.71,0.67,0.63,0.59,0.55,0.51,0.47,0.43,0.39,0.35,0.31,0.27,0.23,0.19,0.15,0.11,0.07,0.03,-0.01,-0.05]},"J":{"unit":"A\/cm2","value":[-0.011924999999999998,-0.0017999999999999997,0.00525,0.0095,0.011725,0.0129,0.0135,0.013825,0.014074999999999997,0.014199999999999999,0.014274999999999998,0.014325,0.014374999999999999,0.014399999999999998,0.01445,0.014424999999999999,0.014474999999999998,0.014499999999999999,0.014474999999999998,0.014499999999999999,0.014474999999999998,0.014499999999999999,0.014499999999999999,0.014524999999999998,0.014499999999999999,0.014499999999999999,0.014524999999999998,0.014524999999999998,0.014549999999999999,0.014524999999999998,0.014549999999999999,0.014575,0.014575]},"I":{"unit":"A","value":[-0.000477,-7.199999999999999e-5,0.00020999999999999998,0.00038,0.00046899999999999996,0.000516,0.00054,0.000553,0.0005629999999999999,0.0005679999999999999,0.000571,0.0005729999999999999,0.000575,0.0005759999999999999,0.000578,0.0005769999999999999,0.000579,0.00058,0.000579,0.00058,0.000579,0.00058,0.00058,0.0005809999999999999,0.00058,0.00058,0.0005809999999999999,0.0005809999999999999,0.0005819999999999999,0.0005809999999999999,0.0005819999999999999,0.000583,0.000583]},"efficiency":{"unit":"%","value":13.365000000000002},"fill_factor":{"unit":"%","value":77.75762365482838},"jsc":{"unit":"mA\/cm2","value":14.568749999999996},"isc":{"unit":"mA","value":0.5827499999999999},"voc":{"unit":"V","value":1.1797872340425533},"sweep_direction":{"unit":"","value":"Reverse"},"key":"reverse_8_CsPbI2Br+100uL CH2I2_721111204_TFB"},{"V":{"unit":"V","value":[1.238,1.198,1.158,1.118,1.078,1.038,0.998,0.958,0.918,0.878,0.838,0.798,0.758,0.718,0.678,0.638,0.598,0.558,0.518,0.478,0.438,0.398,0.358,0.318,0.278,0.238,0.198,0.158,0.118,0.078,0.038,-0.002,-0.042]},"J":{"unit":"A\/cm2","value":[-0.0129,-0.001975,0.0055,0.009925000000000002,0.012199999999999999,0.013349999999999999,0.013925,0.014299999999999998,0.014474999999999998,0.014624999999999997,0.014749999999999997,0.014825,0.014874999999999998,0.014975,0.014975,0.015,0.015099999999999999,0.015099999999999999,0.015125,0.015149999999999999,0.0152,0.0152,0.015224999999999999,0.01525,0.0153,0.015274999999999999,0.015274999999999999,0.015349999999999999,0.015274999999999999,0.015349999999999999,0.015325,0.015349999999999999,0.015375]},"I":{"unit":"A","value":[-0.000516,-7.9e-5,0.00022,0.000397,0.000488,0.0005340000000000001,0.0005570000000000001,0.0005719999999999999,0.000579,0.000585,0.0005899999999999999,0.000593,0.0005949999999999999,0.0005989999999999999,0.0005989999999999999,0.0006,0.0006039999999999999,0.0006039999999999999,0.000605,0.000606,0.000608,0.000608,0.000609,0.00061,0.000612,0.000611,0.000611,0.000614,0.000611,0.000614,0.0006129999999999999,0.000614,0.000615]},"efficiency":{"unit":"%","value":13.897150000000002},"fill_factor":{"unit":"%","value":76.25076229067903},"jsc":{"unit":"mA\/cm2","value":15.348749999999999},"isc":{"unit":"mA","value":0.61395},"voc":{"unit":"V","value":1.1874314381270905},"sweep_direction":{"unit":"","value":"Reverse"},"key":"reverse_7_CsPbI2Br+100uL CH2I2_721111204_TFB"},{"V":{"unit":"V","value":[1.233,1.193,1.153,1.113,1.073,1.033,0.993,0.953,0.913,0.873,0.833,0.793,0.753,0.713,0.673,0.633,0.593,0.553,0.513,0.473,0.433,0.393,0.353,0.313,0.273,0.233,0.193,0.153,0.113,0.073,0.033,-0.007,-0.047]},"J":{"unit":"A\/cm2","value":[-0.00975,-0.00155,0.004625,0.008725,0.011125,0.0124,0.013075000000000002,0.013450000000000002,0.013675000000000001,0.013800000000000002,0.013925,0.013975000000000001,0.014025000000000001,0.01405,0.014074999999999997,0.014074999999999997,0.014025000000000001,0.014124999999999999,0.014124999999999999,0.014099999999999998,0.014099999999999998,0.014174999999999998,0.01415,0.01415,0.014174999999999998,0.014174999999999998,0.014174999999999998,0.01415,0.014174999999999998,0.014199999999999999,0.014224999999999998,0.01415,0.014199999999999999]},"I":{"unit":"A","value":[-0.00039,-6.2e-5,0.000185,0.00034899999999999997,0.00044500000000000003,0.000496,0.000523,0.0005380000000000001,0.0005470000000000001,0.0005520000000000001,0.0005570000000000001,0.000559,0.0005610000000000001,0.0005620000000000001,0.0005629999999999999,0.0005629999999999999,0.0005610000000000001,0.000565,0.000565,0.0005639999999999999,0.0005639999999999999,0.0005669999999999999,0.000566,0.000566,0.0005669999999999999,0.0005669999999999999,0.0005669999999999999,0.000566,0.0005669999999999999,0.0005679999999999999,0.000569,0.000566,0.0005679999999999999]},"efficiency":{"unit":"%","value":12.983475},"fill_factor":{"unit":"%","value":77.49291118554238},"jsc":{"unit":"mA\/cm2","value":14.163125},"isc":{"unit":"mA","value":0.5665250000000001},"voc":{"unit":"V","value":1.1829595141700406},"sweep_direction":{"unit":"","value":"Reverse"},"key":"reverse_6_CsPbI2Br+100uL CH2I2_721111204_TFB"},{"V":{"unit":"V","value":[1.234,1.194,1.154,1.114,1.074,1.034,0.994,0.954,0.914,0.874,0.834,0.794,0.754,0.714,0.674,0.634,0.594,0.554,0.514,0.474,0.434,0.394,0.354,0.314,0.274,0.234,0.194,0.154,0.114,0.074,0.034,-0.006,-0.046]},"J":{"unit":"A\/cm2","value":[-0.01085,-0.001675,0.005025,0.00925,0.0116,0.012775,0.013425000000000001,0.013800000000000002,0.013975000000000001,0.014074999999999997,0.014174999999999998,0.014224999999999998,0.014249999999999999,0.014249999999999999,0.014299999999999998,0.014349999999999998,0.014299999999999998,0.014325,0.014299999999999998,0.014349999999999998,0.014325,0.014325,0.014349999999999998,0.014299999999999998,0.014374999999999999,0.014349999999999998,0.014374999999999999,0.014349999999999998,0.014374999999999999,0.014349999999999998,0.014399999999999998,0.014374999999999999,0.014399999999999998]},"I":{"unit":"A","value":[-0.000434,-6.7e-5,0.000201,0.00037,0.000464,0.0005110000000000001,0.000537,0.0005520000000000001,0.000559,0.0005629999999999999,0.0005669999999999999,0.000569,0.00057,0.00057,0.0005719999999999999,0.000574,0.0005719999999999999,0.0005729999999999999,0.0005719999999999999,0.000574,0.0005729999999999999,0.0005729999999999999,0.000574,0.0005719999999999999,0.000575,0.000574,0.000575,0.000574,0.000575,0.000574,0.0005759999999999999,0.000575,0.0005759999999999999]},"efficiency":{"unit":"%","value":13.344449999999998},"fill_factor":{"unit":"%","value":78.38407606946247},"jsc":{"unit":"mA\/cm2","value":14.37875},"isc":{"unit":"mA","value":0.57515},"voc":{"unit":"V","value":1.1840000000000002},"sweep_direction":{"unit":"","value":"Reverse"},"key":"reverse_5_CsPbI2Br+100uL CH2I2_721111204_TFB"},{"V":{"unit":"V","value":[1.235,1.195,1.155,1.115,1.075,1.035,0.995,0.955,0.915,0.875,0.835,0.795,0.755,0.715,0.675,0.635,0.595,0.555,0.515,0.475,0.435,0.395,0.355,0.315,0.275,0.235,0.195,0.155,0.115,0.075,0.035,-0.005,-0.045]},"J":{"unit":"A\/cm2","value":[-0.01095,-0.0016500000000000002,0.005,0.00925,0.011625,0.012825,0.013525,0.013850000000000001,0.01405,0.014199999999999999,0.014325,0.014349999999999998,0.014399999999999998,0.01445,0.01445,0.014524999999999998,0.014524999999999998,0.014575,0.014549999999999999,0.014575,0.0146,0.014624999999999997,0.014624999999999997,0.0146,0.014624999999999997,0.014649999999999998,0.014674999999999999,0.014649999999999998,0.0147,0.014649999999999998,0.014674999999999999,0.0147,0.0147]},"I":{"unit":"A","value":[-0.000438,-6.6e-5,0.0002,0.00037,0.000465,0.000513,0.000541,0.000554,0.0005620000000000001,0.0005679999999999999,0.0005729999999999999,0.000574,0.0005759999999999999,0.000578,0.000578,0.0005809999999999999,0.0005809999999999999,0.000583,0.0005819999999999999,0.000583,0.000584,0.000585,0.000585,0.000584,0.000585,0.0005859999999999999,0.000587,0.0005859999999999999,0.000588,0.0005859999999999999,0.000587,0.000588,0.000588]},"efficiency":{"unit":"%","value":13.457375000000003},"fill_factor":{"unit":"%","value":77.26618129215605},"jsc":{"unit":"mA\/cm2","value":14.696875},"isc":{"unit":"mA","value":0.587875},"voc":{"unit":"V","value":1.1850751879699248},"sweep_direction":{"unit":"","value":"Reverse"},"key":"reverse_4_CsPbI2Br+100uL CH2I2_721111204_TFB"},{"V":{"unit":"V","value":[1.228,1.188,1.148,1.108,1.068,1.028,0.988,0.948,0.908,0.868,0.828,0.788,0.748,0.708,0.668,0.628,0.588,0.548,0.508,0.468,0.428,0.388,0.348,0.308,0.268,0.228,0.188,0.148,0.108,0.068,0.028,-0.012]},"J":{"unit":"A\/cm2","value":[-0.00835,-0.0013499999999999999,0.00415,0.008074999999999999,0.010575,0.011975,0.012775,0.013175000000000001,0.013475,0.013625,0.013725000000000001,0.013775,0.013850000000000001,0.013900000000000001,0.013900000000000001,0.013925,0.013925,0.014000000000000002,0.013975000000000001,0.014000000000000002,0.013975000000000001,0.014025000000000001,0.014000000000000002,0.01405,0.01405,0.01405,0.014074999999999997,0.014074999999999997,0.014099999999999998,0.01405,0.014099999999999998,0.014074999999999997]},"I":{"unit":"A","value":[-0.00033400000000000004,-5.4e-5,0.000166,0.000323,0.000423,0.000479,0.0005110000000000001,0.000527,0.000539,0.000545,0.000549,0.0005510000000000001,0.000554,0.0005560000000000001,0.0005560000000000001,0.0005570000000000001,0.0005570000000000001,0.0005600000000000001,0.000559,0.0005600000000000001,0.000559,0.0005610000000000001,0.0005600000000000001,0.0005620000000000001,0.0005620000000000001,0.0005620000000000001,0.0005629999999999999,0.0005629999999999999,0.0005639999999999999,0.0005620000000000001,0.0005639999999999999,0.0005629999999999999]},"efficiency":{"unit":"%","value":12.621699999999999},"fill_factor":{"unit":"%","value":76.0721651292099},"jsc":{"unit":"mA\/cm2","value":14.0825},"isc":{"unit":"mA","value":0.5633},"voc":{"unit":"V","value":1.1781818181818182},"sweep_direction":{"unit":"","value":"Reverse"},"key":"reverse_3_CsPbI2Br+100uL CH2I2_721111204_TFB"},{"V":{"unit":"V","value":[1.228,1.188,1.148,1.108,1.068,1.028,0.988,0.948,0.908,0.868,0.828,0.788,0.748,0.708,0.668,0.628,0.588,0.548,0.508,0.468,0.428,0.388,0.348,0.308,0.268,0.228,0.188,0.148,0.108,0.068,0.028,-0.012]},"J":{"unit":"A\/cm2","value":[-0.0073999999999999995,-0.0012250000000000002,0.003825,0.0077,0.010375,0.012,0.012925,0.013425000000000001,0.0137,0.013875000000000002,0.01405,0.014074999999999997,0.01415,0.01415,0.014224999999999998,0.014274999999999998,0.014274999999999998,0.014299999999999998,0.014299999999999998,0.014325,0.014274999999999998,0.014349999999999998,0.014349999999999998,0.014349999999999998,0.014349999999999998,0.014349999999999998,0.014374999999999999,0.014349999999999998,0.014374999999999999,0.014399999999999998,0.014424999999999999,0.014374999999999999]},"I":{"unit":"A","value":[-0.000296,-4.9000000000000005e-5,0.000153,0.000308,0.000415,0.00047999999999999996,0.000517,0.000537,0.0005480000000000001,0.000555,0.0005620000000000001,0.0005629999999999999,0.000566,0.000566,0.000569,0.000571,0.000571,0.0005719999999999999,0.0005719999999999999,0.0005729999999999999,0.000571,0.000574,0.000574,0.000574,0.000574,0.000574,0.000575,0.000574,0.000575,0.0005759999999999999,0.0005769999999999999,0.000575]},"efficiency":{"unit":"%","value":12.7699},"fill_factor":{"unit":"%","value":75.31334197305091},"jsc":{"unit":"mA\/cm2","value":14.39},"isc":{"unit":"mA","value":0.5756},"voc":{"unit":"V","value":1.17829702970297},"sweep_direction":{"unit":"","value":"Reverse"},"key":"reverse_2_CsPbI2Br+100uL CH2I2_721111204_TFB"},{"V":{"unit":"V","value":[1.202,1.162,1.122,1.082,1.042,1.002,0.962,0.922,0.882,0.842,0.802,0.762,0.722,0.682,0.642,0.602,0.562,0.522,0.482,0.442,0.402,0.362,0.322,0.282,0.242,0.202,0.162,0.122,0.082,0.042,0.002,-0.038]},"J":{"unit":"A\/cm2","value":[-0.008725,-0.001325,0.004275,0.008375,0.011175000000000001,0.0128,0.013775,0.014249999999999999,0.014575,0.014725,0.014874999999999998,0.01495,0.01495,0.015024999999999998,0.015075,0.015149999999999999,0.015099999999999999,0.015175,0.015175,0.0152,0.015224999999999999,0.0152,0.01525,0.015224999999999999,0.01525,0.01525,0.015274999999999999,0.01525,0.015274999999999999,0.01525,0.0153,0.0153]},"I":{"unit":"A","value":[-0.00034899999999999997,-5.3e-5,0.000171,0.000335,0.000447,0.000512,0.0005510000000000001,0.00057,0.000583,0.000589,0.0005949999999999999,0.000598,0.000598,0.000601,0.000603,0.000606,0.0006039999999999999,0.000607,0.000607,0.000608,0.000609,0.000608,0.00061,0.000609,0.00061,0.00061,0.000611,0.00061,0.000611,0.00061,0.000612,0.000612]},"efficiency":{"unit":"%","value":13.25155},"fill_factor":{"unit":"%","value":75.14859351857423},"jsc":{"unit":"mA\/cm2","value":15.299999999999999},"isc":{"unit":"mA","value":0.612},"voc":{"unit":"V","value":1.1525357142857142},"sweep_direction":{"unit":"","value":"Reverse"},"key":"reverse_1_CsPbI2Br+100uL CH2I2_721111204_TFB"},{"V":{"unit":"V","value":[-0.05,-0.01,0.03,0.07,0.11,0.15,0.19,0.23,0.27,0.31,0.35,0.39,0.43,0.47,0.51,0.55,0.59,0.63,0.67,0.71,0.75,0.79,0.83,0.87,0.91,0.95,0.99,1.03,1.07,1.11,1.15,1.19,1.23]},"J":{"unit":"A\/cm2","value":[0.0147,0.014474999999999998,0.014325,0.014224999999999998,0.014124999999999999,0.014099999999999998,0.014025000000000001,0.01395,0.013900000000000001,0.013825,0.013850000000000001,0.013775,0.013725000000000001,0.0137,0.013625,0.013550000000000001,0.0135,0.013425000000000001,0.013300000000000001,0.013200000000000002,0.013025,0.012825,0.0125,0.0121,0.0115,0.0106,0.009349999999999999,0.007449999999999999,0.00475,0.0009249999999999999,-0.004025,-0.01005,-0.017175]},"I":{"unit":"A","value":[0.000588,0.000579,0.0005729999999999999,0.000569,0.000565,0.0005639999999999999,0.0005610000000000001,0.000558,0.0005560000000000001,0.000553,0.000554,0.0005510000000000001,0.000549,0.0005480000000000001,0.000545,0.0005420000000000001,0.00054,0.000537,0.000532,0.000528,0.000521,0.000513,0.0005,0.000484,0.00046,0.000424,0.000374,0.000298,0.00019,3.7e-5,-0.000161,-0.000402,-0.000687]},"efficiency":{"unit":"%","value":10.527},"fill_factor":{"unit":"%","value":65.24915742307049},"jsc":{"unit":"mA\/cm2","value":14.437499999999996},"isc":{"unit":"mA","value":0.5774999999999999},"voc":{"unit":"V","value":1.1174747474747475},"sweep_direction":{"unit":"","value":"Forward"},"key":"forward_9_CsPbI2Br+100uL CH2I2_721111204_TFB"},{"V":{"unit":"V","value":[-0.05,-0.01,0.03,0.07,0.11,0.15,0.19,0.23,0.27,0.31,0.35,0.39,0.43,0.47,0.51,0.55,0.59,0.63,0.67,0.71,0.75,0.79,0.83,0.87,0.91,0.95,0.99,1.03,1.07,1.11,1.15,1.19,1.23]},"J":{"unit":"A\/cm2","value":[0.015099999999999999,0.014899999999999998,0.0147,0.014624999999999997,0.014524999999999998,0.014499999999999999,0.014374999999999999,0.014349999999999998,0.014299999999999998,0.014249999999999999,0.014199999999999999,0.01415,0.014099999999999998,0.014025000000000001,0.014000000000000002,0.013900000000000001,0.013875000000000002,0.013725000000000001,0.013600000000000001,0.0135,0.013325000000000002,0.013125,0.012775,0.012375,0.011749999999999998,0.010875,0.009574999999999998,0.0076749999999999995,0.004900000000000001,0.0010500000000000002,-0.00395,-0.009925000000000002,-0.016900000000000002]},"I":{"unit":"A","value":[0.0006039999999999999,0.000596,0.000588,0.000585,0.0005809999999999999,0.00058,0.000575,0.000574,0.0005719999999999999,0.00057,0.0005679999999999999,0.000566,0.0005639999999999999,0.0005610000000000001,0.0005600000000000001,0.0005560000000000001,0.000555,0.000549,0.000544,0.00054,0.000533,0.0005250000000000001,0.0005110000000000001,0.000495,0.00047,0.000435,0.000383,0.000307,0.00019600000000000002,4.2000000000000004e-5,-0.000158,-0.000397,-0.0006760000000000001]},"efficiency":{"unit":"%","value":10.76625},"fill_factor":{"unit":"%","value":64.8247496423462},"jsc":{"unit":"mA\/cm2","value":14.85},"isc":{"unit":"mA","value":0.594},"voc":{"unit":"V","value":1.1184},"sweep_direction":{"unit":"","value":"Forward"},"key":"forward_8_CsPbI2Br+100uL CH2I2_721111204_TFB"},{"V":{"unit":"V","value":[-0.05,-0.01,0.03,0.07,0.11,0.15,0.19,0.23,0.27,0.31,0.35,0.39,0.43,0.47,0.51,0.55,0.59,0.63,0.67,0.71,0.75,0.79,0.83,0.87,0.91,0.95,0.99,1.03,1.07,1.11,1.15,1.19,1.23]},"J":{"unit":"A\/cm2","value":[0.0157,0.0156,0.015449999999999998,0.015375,0.015349999999999999,0.015274999999999999,0.015175,0.015175,0.015099999999999999,0.015075,0.015,0.014899999999999998,0.0146,0.014649999999999998,0.0147,0.014749999999999997,0.0147,0.014624999999999997,0.0146,0.01445,0.014325,0.01415,0.013900000000000001,0.013600000000000001,0.01305,0.012375,0.0111,0.00895,0.005625,0.004175,-0.0006,-0.0042250000000000005,-0.014249999999999999]},"I":{"unit":"A","value":[0.000628,0.000624,0.000618,0.000615,0.000614,0.000611,0.000607,0.000607,0.0006039999999999999,0.000603,0.0006,0.000596,0.000584,0.0005859999999999999,0.000588,0.0005899999999999999,0.000588,0.000585,0.000584,0.000578,0.0005729999999999999,0.000566,0.0005560000000000001,0.000544,0.000522,0.000495,0.000444,0.000358,0.000225,0.00016700000000000002,-2.4e-5,-0.00016900000000000002,-0.00057]},"efficiency":{"unit":"%","value":11.8755},"fill_factor":{"unit":"%","value":66.64644402292514},"jsc":{"unit":"mA\/cm2","value":15.562499999999998},"isc":{"unit":"mA","value":0.6224999999999999},"voc":{"unit":"V","value":1.1449738219895287},"sweep_direction":{"unit":"","value":"Forward"},"key":"forward_7_CsPbI2Br+100uL CH2I2_721111204_TFB"},{"V":{"unit":"V","value":[-0.05,-0.01,0.03,0.07,0.11,0.15,0.19,0.23,0.27,0.31,0.35,0.39,0.43,0.47,0.51,0.55,0.59,0.63,0.67,0.71,0.75,0.79,0.83,0.87,0.91,0.95,0.99,1.03,1.07,1.11,1.15,1.19,1.23]},"J":{"unit":"A\/cm2","value":[0.014674999999999999,0.014474999999999998,0.014349999999999998,0.014224999999999998,0.014174999999999998,0.014099999999999998,0.01405,0.014000000000000002,0.01395,0.013925,0.013850000000000001,0.013825,0.01375,0.01375,0.013625,0.013625,0.013525,0.013450000000000002,0.013349999999999999,0.013200000000000002,0.013025,0.0128,0.012475,0.012049999999999998,0.011425000000000001,0.010524999999999998,0.009325,0.007475,0.004925,0.0014,-0.0030749999999999996,-0.008375,-0.014424999999999999]},"I":{"unit":"A","value":[0.000587,0.000579,0.000574,0.000569,0.0005669999999999999,0.0005639999999999999,0.0005620000000000001,0.0005600000000000001,0.000558,0.0005570000000000001,0.000554,0.000553,0.00055,0.00055,0.000545,0.000545,0.000541,0.0005380000000000001,0.0005340000000000001,0.000528,0.000521,0.000512,0.000499,0.000482,0.000457,0.000421,0.000373,0.000299,0.00019700000000000002,5.6e-5,-0.000123,-0.000335,-0.0005769999999999999]},"efficiency":{"unit":"%","value":10.4835},"fill_factor":{"unit":"%","value":64.65983372040913},"jsc":{"unit":"mA\/cm2","value":14.443749999999996},"isc":{"unit":"mA","value":0.5777499999999999},"voc":{"unit":"V","value":1.1225139664804469},"sweep_direction":{"unit":"","value":"Forward"},"key":"forward_6_CsPbI2Br+100uL CH2I2_721111204_TFB"},{"V":{"unit":"V","value":[-0.05,-0.01,0.03,0.07,0.11,0.15,0.19,0.23,0.27,0.31,0.35,0.39,0.43,0.47,0.51,0.55,0.59,0.63,0.67,0.71,0.75,0.79,0.83,0.87,0.91,0.95,0.99,1.03,1.07,1.11,1.15,1.19,1.23]},"J":{"unit":"A\/cm2","value":[0.014899999999999998,0.014649999999999998,0.014549999999999999,0.014424999999999999,0.014349999999999998,0.014299999999999998,0.014249999999999999,0.014174999999999998,0.014174999999999998,0.014124999999999999,0.01405,0.014025000000000001,0.01395,0.013925,0.013900000000000001,0.013825,0.01375,0.013675000000000001,0.013575,0.013450000000000002,0.013300000000000001,0.013025,0.0128,0.012325,0.011774999999999999,0.0109,0.00965,0.0079,0.005325,0.0017749999999999999,-0.0028,-0.008225,-0.014499999999999999]},"I":{"unit":"A","value":[0.000596,0.0005859999999999999,0.0005819999999999999,0.0005769999999999999,0.000574,0.0005719999999999999,0.00057,0.0005669999999999999,0.0005669999999999999,0.000565,0.0005620000000000001,0.0005610000000000001,0.000558,0.0005570000000000001,0.0005560000000000001,0.000553,0.00055,0.0005470000000000001,0.0005430000000000001,0.0005380000000000001,0.000532,0.000521,0.000512,0.000493,0.00047099999999999996,0.00043599999999999997,0.000386,0.000316,0.000213,7.099999999999999e-5,-0.000112,-0.00032900000000000003,-0.00058]},"efficiency":{"unit":"%","value":10.72275},"fill_factor":{"unit":"%","value":65.14145077139688},"jsc":{"unit":"mA\/cm2","value":14.624999999999998},"isc":{"unit":"mA","value":0.585},"voc":{"unit":"V","value":1.1255191256830601},"sweep_direction":{"unit":"","value":"Forward"},"key":"forward_5_CsPbI2Br+100uL CH2I2_721111204_TFB"},{"V":{"unit":"V","value":[-0.05,-0.01,0.03,0.07,0.11,0.15,0.19,0.23,0.27,0.31,0.35,0.39,0.43,0.47,0.51,0.55,0.59,0.63,0.67,0.71,0.75,0.79,0.83,0.87,0.91,0.95,0.99,1.03,1.07,1.11,1.15,1.19,1.23]},"J":{"unit":"A\/cm2","value":[0.0152,0.01495,0.01485,0.014749999999999997,0.014624999999999997,0.014624999999999997,0.014524999999999998,0.014499999999999999,0.014424999999999999,0.014374999999999999,0.014349999999999998,0.014274999999999998,0.014249999999999999,0.014174999999999998,0.01415,0.014025000000000001,0.01405,0.013925,0.013800000000000002,0.0137,0.013550000000000001,0.013300000000000001,0.013025,0.012625,0.011949999999999999,0.0111,0.009800000000000001,0.008,0.005399999999999999,0.0018499999999999999,-0.0025999999999999994,-0.0079,-0.014199999999999999]},"I":{"unit":"A","value":[0.000608,0.000598,0.000594,0.0005899999999999999,0.000585,0.000585,0.0005809999999999999,0.00058,0.0005769999999999999,0.000575,0.000574,0.000571,0.00057,0.0005669999999999999,0.000566,0.0005610000000000001,0.0005620000000000001,0.0005570000000000001,0.0005520000000000001,0.0005480000000000001,0.0005420000000000001,0.000532,0.000521,0.000505,0.00047799999999999996,0.000444,0.00039200000000000004,0.00032,0.000216,7.4e-5,-0.000104,-0.000316,-0.0005679999999999999]},"efficiency":{"unit":"%","value":10.98375},"fill_factor":{"unit":"%","value":65.32137099178951},"jsc":{"unit":"mA\/cm2","value":14.924999999999999},"isc":{"unit":"mA","value":0.597},"voc":{"unit":"V","value":1.1266292134831462},"sweep_direction":{"unit":"","value":"Forward"},"key":"forward_4_CsPbI2Br+100uL CH2I2_721111204_TFB"},{"V":{"unit":"V","value":[-0.05,-0.01,0.03,0.07,0.11,0.15,0.19,0.23,0.27,0.31,0.35,0.39,0.43,0.47,0.51,0.55,0.59,0.63,0.67,0.71,0.75,0.79,0.83,0.87,0.91,0.95,0.99,1.03,1.07,1.11,1.15,1.19,1.23]},"J":{"unit":"A\/cm2","value":[0.014499999999999999,0.014325,0.014174999999999998,0.014074999999999997,0.01405,0.01395,0.013925,0.013825,0.013850000000000001,0.013775,0.01375,0.0137,0.01365,0.013600000000000001,0.013550000000000001,0.0135,0.013375,0.013325000000000002,0.013200000000000002,0.013075000000000002,0.01285,0.0126,0.012225,0.0117,0.011,0.01,0.008625,0.0066749999999999995,0.004125,0.0008500000000000001,-0.003,-0.007324999999999999,-0.012225]},"I":{"unit":"A","value":[0.00058,0.0005729999999999999,0.0005669999999999999,0.0005629999999999999,0.0005620000000000001,0.000558,0.0005570000000000001,0.000553,0.000554,0.0005510000000000001,0.00055,0.0005480000000000001,0.000546,0.000544,0.0005420000000000001,0.00054,0.000535,0.000533,0.000528,0.000523,0.000514,0.000504,0.000489,0.00046800000000000005,0.00044,0.0004,0.000345,0.00026700000000000004,0.000165,3.4e-5,-0.00011999999999999999,-0.00029299999999999997,-0.000489]},"efficiency":{"unit":"%","value":10.179},"fill_factor":{"unit":"%","value":63.67725218329138},"jsc":{"unit":"mA\/cm2","value":14.287499999999998},"isc":{"unit":"mA","value":0.5714999999999999},"voc":{"unit":"V","value":1.118831168831169},"sweep_direction":{"unit":"","value":"Forward"},"key":"forward_3_CsPbI2Br+100uL CH2I2_721111204_TFB"},{"V":{"unit":"V","value":[-0.05,-0.01,0.03,0.07,0.11,0.15,0.19,0.23,0.27,0.31,0.35,0.39,0.43,0.47,0.51,0.55,0.59,0.63,0.67,0.71,0.75,0.79,0.83,0.87,0.91,0.95,0.99,1.03,1.07,1.11,1.15,1.19,1.23]},"J":{"unit":"A\/cm2","value":[0.014799999999999999,0.014575,0.014499999999999999,0.014399999999999998,0.014325,0.014274999999999998,0.014224999999999998,0.014199999999999999,0.01415,0.014124999999999999,0.014074999999999997,0.01405,0.013975000000000001,0.013925,0.013875000000000002,0.013825,0.013725000000000001,0.013625,0.0135,0.013375,0.013200000000000002,0.0129,0.0125,0.011949999999999999,0.01125,0.010174999999999998,0.008725,0.00675,0.00415,0.001,-0.002675,-0.00675,-0.011375]},"I":{"unit":"A","value":[0.000592,0.000583,0.00058,0.0005759999999999999,0.0005729999999999999,0.000571,0.000569,0.0005679999999999999,0.000566,0.000565,0.0005629999999999999,0.0005620000000000001,0.000559,0.0005570000000000001,0.000555,0.000553,0.000549,0.000545,0.00054,0.000535,0.000528,0.000516,0.0005,0.00047799999999999996,0.00045,0.00040699999999999997,0.00034899999999999997,0.00027,0.000166,4.0e-5,-0.000107,-0.00027,-0.000455]},"efficiency":{"unit":"%","value":10.3965},"fill_factor":{"unit":"%","value":63.720158156367326},"jsc":{"unit":"mA\/cm2","value":14.556249999999999},"isc":{"unit":"mA","value":0.5822499999999999},"voc":{"unit":"V","value":1.1208843537414968},"sweep_direction":{"unit":"","value":"Forward"},"key":"forward_2_CsPbI2Br+100uL CH2I2_721111204_TFB"},{"V":{"unit":"V","value":[-0.05,-0.01,0.03,0.07,0.11,0.15,0.19,0.23,0.27,0.31,0.35,0.39,0.43,0.47,0.51,0.55,0.59,0.63,0.67,0.71,0.75,0.79,0.83,0.87,0.91,0.95,0.99,1.03,1.07,1.11,1.15,1.19]},"J":{"unit":"A\/cm2","value":[0.015674999999999998,0.015475,0.015349999999999999,0.015274999999999999,0.0152,0.015175,0.015099999999999999,0.01505,0.014975,0.014975,0.014899999999999998,0.014874999999999998,0.014799999999999999,0.014725,0.0147,0.014575,0.014524999999999998,0.014399999999999998,0.014249999999999999,0.014000000000000002,0.013775,0.013375,0.012875,0.012125,0.0111,0.00965,0.0076749999999999995,0.005125,0.00195,-0.001675,-0.005775000000000001,-0.01065]},"I":{"unit":"A","value":[0.000627,0.000619,0.000614,0.000611,0.000608,0.000607,0.0006039999999999999,0.000602,0.0005989999999999999,0.0005989999999999999,0.000596,0.0005949999999999999,0.000592,0.000589,0.000588,0.000583,0.0005809999999999999,0.0005759999999999999,0.00057,0.0005600000000000001,0.0005510000000000001,0.000535,0.000515,0.00048499999999999997,0.000444,0.000386,0.000307,0.000205,7.8e-5,-6.7e-5,-0.000231,-0.000426]},"efficiency":{"unit":"%","value":10.68625},"fill_factor":{"unit":"%","value":63.39309670064963},"jsc":{"unit":"mA\/cm2","value":15.44375},"isc":{"unit":"mA","value":0.61775},"voc":{"unit":"V","value":1.0915172413793104},"sweep_direction":{"unit":"","value":"Forward"},"key":"forward_1_CsPbI2Br+100uL CH2I2_721111204_TFB"}]}}