{"_id":"6531131769ca747fb611ada2","id":"CAU-SC-00402","author":68,"group":7,"input":[{"tco":{"unit":"","value":"ITO"}},[],{"htl":[{"material":{"unit":"","value":"PEDOT:PSS"},"concentration":{"unit":"","value":""},"conc_unit":{"unit":"","value":"mg\/ml"},"quantity":{"unit":"ml","value":""}}],"spin_coating":[{"type":{"unit":"","value":"drop&run"},"rpm":{"unit":"","value":"4000"},"time":{"unit":"s","value":"50"}}],"annealing":[{"temperature":{"unit":"oC","value":"150"},"time":{"unit":"m","value":"20"}}]},{"htl_treatment":[{"material":{"unit":"","value":"DMSO"},"concentration":{"unit":"","value":""},"conc_unit":{"unit":"","value":"mg\/ml"},"quantity":{"unit":"ml","value":"0.2"}}],"solvent":[{"material":{"unit":"","value":"DMSO"},"volume":{"unit":"ml","value":"0.2"}}],"spin_coating":[{"type":{"unit":"","value":"dynamic"},"rpm":{"unit":"","value":"4000"},"time":{"unit":"s","value":"60"}}],"annealing":[{"temperature":{"unit":"oC","value":"150"},"time":{"unit":"m","value":"20"}}]},{"perovskite":{"method":{"unit":"","value":"1step"},"molarity":{"unit":"M","value":"1.2"},"a_site":[{"material":{"unit":"","value":"FA"},"ratio":{"unit":"","value":"80.51"}},{"material":{"unit":"","value":"Cs"},"ratio":{"unit":"","value":"16.49"}},{"material":{"unit":"","value":"BA"},"ratio":{"unit":"","value":"3"}}],"b_site":[{"material":{"unit":"","value":"Sn"},"ratio":{"unit":"","value":"50"}},{"material":{"unit":"","value":"Pb"},"ratio":{"unit":"","value":"50"}}],"x_site":[{"material":{"unit":"","value":"I"},"ratio":{"unit":"","value":"100"}}],"solvent":[{"material":{"unit":"","value":"DMF"},"volume":{"unit":"ml","value":"0.8"}},{"material":{"unit":"","value":"DMSO"},"volume":{"unit":"ml","value":"0.2"}}],"additive":[{"material":{"unit":"","value":"SnF2"},"solvent":{"unit":"","value":"none"},"concentration":{"unit":"","value":"9.36"},"conc_unit":{"unit":"","value":"mg\/ml"},"quantity":{"unit":"mol%","value":"5"}}],"stirring_time":[{"unit":"m","value":"120"}],"antisolvent":[{"material":{"unit":"","value":"PC61BM(1mg)+Toluene"},"quantity":{"unit":"ul","value":"300"},"dripping_time":{"unit":"s","value":"12"}}],"spin_coating":[{"type":{"unit":"","value":"drop&run"},"rpm":{"unit":"","value":"5000"},"time":{"unit":"s","value":"60"}}],"annealing":[{"temperature":{"unit":"oC","value":"65"},"time":{"unit":"m","value":"1"}},{"temperature":{"unit":"oC","value":"100"},"time":{"unit":"m","value":"10"}}],"atmosphere":[{"type":{"unit":"","value":"N2"},"temperature":{"unit":"oC","value":"25"},"humidity":{"unit":"RH%","value":"0"}}]}},{"etl":[{"material":{"unit":"","value":"PC61BM"},"concentration":{"unit":"","value":"20"},"conc_unit":{"unit":"","value":"mg\/ml"},"quantity":{"unit":"ml","value":"0.05"}}],"solvent":[{"material":{"unit":"","value":"CB"},"volume":{"unit":"ml","value":"1"}}],"spin_coating":[{"type":{"unit":"","value":"drop&run"},"rpm":{"unit":"","value":"1500"},"time":{"unit":"s","value":"30"}}],"annealing":[{"temperature":{"unit":"oC","value":"75"},"time":{"unit":"m","value":"10"}}]},{"blocking_buffer_layer":[{"material":{"unit":"","value":"BCP"},"concentration":{"unit":"","value":"0.5"},"conc_unit":{"unit":"","value":"mg\/ml"},"quantity":{"unit":"ml","value":"0.1"}}],"solvent":[{"material":{"unit":"","value":"IPA"},"volume":{"unit":"ml","value":"1"}}],"spin_coating":[{"type":{"unit":"","value":"drop&run"},"rpm":{"unit":"","value":"4000"},"time":{"unit":"s","value":"20"}}]},{"anode_metal":{"unit":"","value":"Ag"}},{"note":{"unit":"","value":"FACsSnPbI3- 2020 BA3%"},"ar":{"unit":"","value":"0"},"type":{"unit":"","value":"unit_cell"},"device_type":{"unit":"","value":"p-i-n"},"temperature":{"unit":"\u2103","value":"25"},"humidity":{"unit":"%","value":"30"},"cell_dimension":{"unit":"cm2","value":"0.04"}}],"fileinfo":[{"key":"120121502","uploadType":"JV","original_name":"120121502.xlsx","save_name":"CAU-SC-00402\/120121502","uploader":68,"fileType":"group"}],"jvcnt":6,"updated_at":"2024-07-30 06:01:50","created_at":"2023-10-19 11:29:27","analysisInfo":{"JV":[{"efficiency":17.71655,"fill_factor":76.16872078870412,"jsc":30.767500000000002,"voc":0.7559799599198397,"key":"reverse_3_120121502","cell_dimension":null},{"efficiency":18.47475,"fill_factor":78.2007410978897,"jsc":31.087500000000002,"voc":0.7599445471349352,"key":"reverse_2_120121502","cell_dimension":null},{"efficiency":17.85875,"fill_factor":76.99522788029061,"jsc":30.5375,"voc":0.7595454545454545,"key":"reverse_1_120121502","cell_dimension":null},{"efficiency":17.40025,"fill_factor":76.03795390270382,"jsc":30.7375,"voc":0.7444859813084111,"key":"forward_3_120121502","cell_dimension":null},{"efficiency":17.384999999999998,"fill_factor":75.02970025319979,"jsc":31.062500000000004,"voc":0.7459420289855071,"key":"forward_2_120121502","cell_dimension":null},{"efficiency":17.46675,"fill_factor":75.92229162979696,"jsc":30.5875,"voc":0.752140221402214,"key":"forward_1_120121502","cell_dimension":null}]},"public":2,"tags":[],"analysis":{"JV":[{"V":{"unit":"V","value":[0.806,0.786,0.766,0.746,0.726,0.706,0.686,0.666,0.646,0.626,0.606,0.586,0.566,0.546,0.526,0.506,0.486,0.466,0.446,0.426,0.406,0.386,0.366,0.346,0.326,0.306,0.286,0.266,0.246,0.226,0.206,0.186,0.166,0.146,0.126,0.106,0.086,0.066,0.046,0.026,0.006,-0.014,-0.034]},"J":{"unit":"A\/cm2","value":[-0.048375,-0.024099999999999996,-0.00625,0.006225,0.014624999999999997,0.0201,0.023649999999999997,0.0258,0.027424999999999998,0.028199999999999996,0.02915,0.029475,0.03,0.030075000000000005,0.030275000000000003,0.030225000000000002,0.030449999999999998,0.030449999999999998,0.030525000000000004,0.030449999999999998,0.030475000000000002,0.030625,0.030525000000000004,0.030675,0.030525000000000004,0.03075,0.030525000000000004,0.030675,0.0306,0.03075,0.030625,0.030725000000000002,0.030675,0.030699999999999998,0.030699999999999998,0.03075,0.03075,0.030725000000000002,0.030775000000000004,0.03075,0.030775000000000004,0.03075,0.03085]},"I":{"unit":"A","value":[-0.001935,-0.000964,-0.00025,0.000249,0.000585,0.000804,0.0009459999999999999,0.001032,0.0010969999999999999,0.0011279999999999999,0.001166,0.0011790000000000001,0.0012,0.001203,0.001211,0.001209,0.001218,0.001218,0.001221,0.001218,0.001219,0.0012250000000000002,0.001221,0.001227,0.001221,0.00123,0.001221,0.001227,0.001224,0.00123,0.0012250000000000002,0.001229,0.001227,0.001228,0.001228,0.00123,0.00123,0.001229,0.001231,0.00123,0.001231,0.00123,0.001234]},"efficiency":{"unit":"%","value":17.71655},"fill_factor":{"unit":"%","value":76.16872078870412},"jsc":{"unit":"mA\/cm2","value":30.767500000000002},"isc":{"unit":"mA","value":1.2307000000000001},"voc":{"unit":"V","value":0.7559799599198397},"sweep_direction":{"unit":"","value":"Reverse"},"key":"reverse_3_120121502"},{"V":{"unit":"V","value":[0.81,0.79,0.77,0.75,0.73,0.71,0.69,0.67,0.65,0.63,0.61,0.59,0.57,0.55,0.53,0.51,0.49,0.47,0.45,0.43,0.41,0.39,0.37,0.35,0.33,0.31,0.29,0.27,0.25,0.23,0.21,0.19,0.17,0.15,0.13,0.11,0.09,0.07,0.05,0.03,0.01,-0.01,-0.03,-0.05]},"J":{"unit":"A\/cm2","value":[-0.05227500000000001,-0.026,-0.0068000000000000005,0.006725000000000001,0.0156,0.021375,0.0249,0.027125,0.028349999999999997,0.029325,0.029575,0.030075000000000005,0.030125,0.030475000000000002,0.030525000000000004,0.030625,0.030699999999999998,0.030775000000000004,0.030825,0.030825,0.030875000000000003,0.030825,0.031,0.030875000000000003,0.031,0.030825,0.031025,0.030925,0.0311,0.030925,0.031025,0.030925,0.031025,0.031,0.031025,0.031125000000000003,0.031025,0.0311,0.03105,0.031175,0.03105,0.031125000000000003,0.03105,0.031225000000000003]},"I":{"unit":"A","value":[-0.002091,-0.0010400000000000001,-0.000272,0.00026900000000000003,0.000624,0.000855,0.000996,0.001085,0.0011339999999999998,0.001173,0.001183,0.001203,0.0012050000000000001,0.001219,0.001221,0.0012250000000000002,0.001228,0.001231,0.0012330000000000002,0.0012330000000000002,0.0012350000000000002,0.0012330000000000002,0.00124,0.0012350000000000002,0.00124,0.0012330000000000002,0.0012410000000000001,0.001237,0.001244,0.001237,0.0012410000000000001,0.001237,0.0012410000000000001,0.00124,0.0012410000000000001,0.001245,0.0012410000000000001,0.001244,0.001242,0.001247,0.001242,0.001245,0.001242,0.0012490000000000001]},"efficiency":{"unit":"%","value":18.47475},"fill_factor":{"unit":"%","value":78.2007410978897},"jsc":{"unit":"mA\/cm2","value":31.087500000000002},"isc":{"unit":"mA","value":1.2435},"voc":{"unit":"V","value":0.7599445471349352},"sweep_direction":{"unit":"","value":"Reverse"},"key":"reverse_2_120121502"},{"V":{"unit":"V","value":[0.81,0.79,0.77,0.75,0.73,0.71,0.69,0.67,0.65,0.63,0.61,0.59,0.57,0.55,0.53,0.51,0.49,0.47,0.45,0.43,0.41,0.39,0.37,0.35,0.33,0.31,0.29,0.27,0.25,0.23,0.21,0.19,0.17,0.15,0.13,0.11,0.09,0.07,0.05,0.03,0.01,-0.01,-0.03]},"J":{"unit":"A\/cm2","value":[-0.0466,-0.023625,-0.006325,0.005775000000000001,0.014374999999999999,0.0197,0.023524999999999997,0.0257,0.027475,0.0283,0.029125,0.029475,0.029849999999999998,0.02995,0.030075000000000005,0.0301,0.030175,0.03025,0.03015,0.030325,0.030275000000000003,0.030475000000000002,0.030225000000000002,0.030475000000000002,0.030275000000000003,0.030425,0.030375,0.030449999999999998,0.030425,0.030449999999999998,0.030475000000000002,0.030425,0.030525000000000004,0.030449999999999998,0.0305,0.030475000000000002,0.030625,0.0304,0.03065,0.030475000000000002,0.030575,0.0305,0.0306]},"I":{"unit":"A","value":[-0.0018640000000000002,-0.000945,-0.000253,0.000231,0.000575,0.0007880000000000001,0.000941,0.001028,0.001099,0.001132,0.001165,0.0011790000000000001,0.001194,0.0011979999999999998,0.001203,0.001204,0.0012070000000000002,0.00121,0.001206,0.001213,0.001211,0.001219,0.001209,0.001219,0.001211,0.001217,0.0012150000000000002,0.001218,0.001217,0.001218,0.001219,0.001217,0.001221,0.001218,0.00122,0.001219,0.0012250000000000002,0.001216,0.0012259999999999999,0.001219,0.0012230000000000001,0.00122,0.001224]},"efficiency":{"unit":"%","value":17.85875},"fill_factor":{"unit":"%","value":76.99522788029061},"jsc":{"unit":"mA\/cm2","value":30.5375},"isc":{"unit":"mA","value":1.2215},"voc":{"unit":"V","value":0.7595454545454545},"sweep_direction":{"unit":"","value":"Reverse"},"key":"reverse_1_120121502"},{"V":{"unit":"V","value":[-0.05,-0.03,-0.01,0.01,0.03,0.05,0.07,0.09,0.11,0.13,0.15,0.17,0.19,0.21,0.23,0.25,0.27,0.29,0.31,0.33,0.35,0.37,0.39,0.41,0.43,0.45,0.47,0.49,0.51,0.53,0.55,0.57,0.59,0.61,0.63,0.65,0.67,0.69,0.71,0.73,0.75,0.77,0.79,0.81,0.83]},"J":{"unit":"A\/cm2","value":[0.0311,0.031,0.030725000000000002,0.03075,0.030575,0.030675,0.030575,0.030575,0.030525000000000004,0.0305,0.030575,0.030375,0.030475000000000002,0.030325,0.030525000000000004,0.030275000000000003,0.03035,0.030275000000000003,0.0304,0.030275000000000003,0.030275000000000003,0.03015,0.03015,0.030125,0.030125,0.03,0.030025000000000003,0.029975,0.029825,0.029799999999999997,0.029575,0.029425,0.028999999999999998,0.028525,0.027450000000000002,0.026075,0.0237,0.020375,0.015125,0.00775,-0.00295,-0.017625,-0.037125,-0.061975,-0.092275]},"I":{"unit":"A","value":[0.001244,0.00124,0.001229,0.00123,0.0012230000000000001,0.001227,0.0012230000000000001,0.0012230000000000001,0.001221,0.00122,0.0012230000000000001,0.0012150000000000002,0.001219,0.001213,0.001221,0.001211,0.001214,0.001211,0.001216,0.001211,0.001211,0.001206,0.001206,0.0012050000000000001,0.0012050000000000001,0.0012,0.001201,0.001199,0.001193,0.001192,0.001183,0.001177,0.00116,0.001141,0.001098,0.0010429999999999999,0.000948,0.000815,0.000605,0.00031,-0.000118,-0.000705,-0.001485,-0.0024790000000000003,-0.003691]},"efficiency":{"unit":"%","value":17.40025},"fill_factor":{"unit":"%","value":76.03795390270382},"jsc":{"unit":"mA\/cm2","value":30.7375},"isc":{"unit":"mA","value":1.2295},"voc":{"unit":"V","value":0.7444859813084111},"sweep_direction":{"unit":"","value":"Forward"},"key":"forward_3_120121502"},{"V":{"unit":"V","value":[-0.05,-0.03,-0.01,0.01,0.03,0.05,0.07,0.09,0.11,0.13,0.15,0.17,0.19,0.21,0.23,0.25,0.27,0.29,0.31,0.33,0.35,0.37,0.39,0.41,0.43,0.45,0.47,0.49,0.51,0.53,0.55,0.57,0.59,0.61,0.63,0.65,0.67,0.69,0.71,0.73,0.75,0.77,0.79,0.81,0.83]},"J":{"unit":"A\/cm2","value":[0.031175,0.031225000000000003,0.03105,0.031075000000000002,0.03085,0.0311,0.030775000000000004,0.030975000000000003,0.03075,0.030925,0.030775000000000004,0.030825,0.030725000000000002,0.0308,0.03065,0.030699999999999998,0.030725000000000002,0.0306,0.03075,0.030525000000000004,0.030675,0.030475000000000002,0.030575,0.03035,0.030575,0.030275000000000003,0.030375,0.030175,0.030225000000000002,0.02995,0.029849999999999998,0.029525000000000003,0.0292,0.028499999999999998,0.027450000000000002,0.025924999999999997,0.023549999999999998,0.020349999999999997,0.015325,0.00825,-0.0021000000000000003,-0.016149999999999998,-0.03525,-0.05942499999999999,-0.08917499999999999]},"I":{"unit":"A","value":[0.001247,0.0012490000000000001,0.001242,0.0012430000000000002,0.001234,0.001244,0.001231,0.001239,0.00123,0.001237,0.001231,0.0012330000000000002,0.001229,0.001232,0.0012259999999999999,0.001228,0.001229,0.001224,0.00123,0.001221,0.001227,0.001219,0.0012230000000000001,0.001214,0.0012230000000000001,0.001211,0.0012150000000000002,0.0012070000000000002,0.001209,0.0011979999999999998,0.001194,0.001181,0.001168,0.00114,0.001098,0.001037,0.0009419999999999999,0.0008139999999999999,0.0006129999999999999,0.00033,-8.400000000000001e-5,-0.000646,-0.00141,-0.0023769999999999998,-0.0035670000000000003]},"efficiency":{"unit":"%","value":17.384999999999998},"fill_factor":{"unit":"%","value":75.02970025319979},"jsc":{"unit":"mA\/cm2","value":31.062500000000004},"isc":{"unit":"mA","value":1.2425000000000002},"voc":{"unit":"V","value":0.7459420289855071},"sweep_direction":{"unit":"","value":"Forward"},"key":"forward_2_120121502"},{"V":{"unit":"V","value":[-0.05,-0.03,-0.01,0.01,0.03,0.05,0.07,0.09,0.11,0.13,0.15,0.17,0.19,0.21,0.23,0.25,0.27,0.29,0.31,0.33,0.35,0.37,0.39,0.41,0.43,0.45,0.47,0.49,0.51,0.53,0.55,0.57,0.59,0.61,0.63,0.65,0.67,0.69,0.71,0.73,0.75,0.77,0.79,0.81,0.83]},"J":{"unit":"A\/cm2","value":[0.031025,0.03085,0.0306,0.030575,0.0305,0.0304,0.030375,0.03025,0.030325,0.030199999999999998,0.03035,0.03015,0.030299999999999997,0.030075000000000005,0.03025,0.03,0.03015,0.03,0.030075000000000005,0.029925,0.03,0.02995,0.0299,0.029875,0.029799999999999997,0.029825,0.029625,0.029775000000000003,0.029475,0.029599999999999998,0.029249999999999995,0.029299999999999996,0.028875,0.028599999999999997,0.027724999999999996,0.026775,0.024849999999999997,0.022075,0.0177,0.011075,0.00145,-0.0121,-0.03015,-0.053474999999999995,-0.081925]},"I":{"unit":"A","value":[0.0012410000000000001,0.001234,0.001224,0.0012230000000000001,0.00122,0.001216,0.0012150000000000002,0.00121,0.001213,0.0012079999999999999,0.001214,0.001206,0.001212,0.001203,0.00121,0.0012,0.001206,0.0012,0.001203,0.0011970000000000001,0.0012,0.0011979999999999998,0.001196,0.001195,0.001192,0.001193,0.001185,0.001191,0.0011790000000000001,0.001184,0.00117,0.0011719999999999999,0.001155,0.0011439999999999998,0.001109,0.001071,0.000994,0.000883,0.000708,0.000443,5.8e-5,-0.000484,-0.001206,-0.002139,-0.003277]},"efficiency":{"unit":"%","value":17.46675},"fill_factor":{"unit":"%","value":75.92229162979696},"jsc":{"unit":"mA\/cm2","value":30.5875},"isc":{"unit":"mA","value":1.2235},"voc":{"unit":"V","value":0.752140221402214},"sweep_direction":{"unit":"","value":"Forward"},"key":"forward_1_120121502"}]}}