{"_id":"6531548a15804d488a7f1af9","id":"CAU-SC-00566","author":71,"group":7,"input":[{"tco":{"unit":"","value":"ITO"}},{"htl":[{"material":{"unit":"","value":"NiOx_Solgel"},"concentration":{"unit":"","value":"0.8"},"conc_unit":{"unit":"","value":"M"},"quantity":{"unit":"ml","value":"None"}}],"solvent":[{"material":{"unit":"","value":"EG"},"volume":{"unit":"ml","value":"1"}},{"material":{"unit":"","value":"EDA"},"volume":{"unit":"ml","value":"0.0536"}}],"spin_coating":[{"type":{"unit":"","value":"drop&run"},"rpm":{"unit":"","value":"5000"},"time":{"unit":"s","value":"50"}}],"annealing":[{"temperature":{"unit":"oC","value":"150"},"time":{"unit":"m","value":"5"}},{"temperature":{"unit":"oC","value":"300"},"time":{"unit":"m","value":"60"}}]},{"htl_treatment":[{"material":{"unit":"","value":"MeO-2PACz"},"concentration":{"unit":"","value":"0.4"},"conc_unit":{"unit":"","value":"mg\/ml"},"quantity":{"unit":"ml","value":"None"}}],"solvent":[{"material":{"unit":"","value":"Ethanol"},"volume":{"unit":"ml","value":"1"}}],"spin_coating":[{"type":{"unit":"","value":"drop&run"},"rpm":{"unit":"","value":"5000"},"time":{"unit":"s","value":"20"}}],"annealing":[{"temperature":{"unit":"oC","value":"100"},"time":{"unit":"m","value":"10"}}]},{"perovskite":{"method":{"unit":"","value":"1step"},"molarity":{"unit":"M","value":"1.1"},"a_site":[{"material":{"unit":"","value":"FA"},"ratio":{"unit":"","value":"83.14"}},{"material":{"unit":"","value":"Cs"},"ratio":{"unit":"","value":"16.66"}},{"material":{"unit":"","value":"BA"},"ratio":{"unit":"","value":"2"}}],"b_site":[{"material":{"unit":"","value":"Pb"},"ratio":{"unit":"","value":"100"}}],"x_site":[{"material":{"unit":"","value":"I"},"ratio":{"unit":"","value":"83"}},{"material":{"unit":"","value":"Br"},"ratio":{"unit":"","value":"17"}}],"solvent":[{"material":{"unit":"","value":"DMF"},"volume":{"unit":"ml","value":"0.8"}},{"material":{"unit":"","value":"DMSO"},"volume":{"unit":"ml","value":"0.2"}}],"additive":[{"material":{"unit":"","value":"MACl"},"solvent":{"unit":"","value":"none"},"concentration":{"unit":"","value":"7.4"},"conc_unit":{"unit":"","value":"mg\/ml"},"quantity":{"unit":"mol%","value":"10"}}],"antisolvent":[{"material":{"unit":"","value":"Anisole"},"quantity":{"unit":"ul","value":"300"},"dripping_time":{"unit":"s","value":"25"}}],"spin_coating":[{"type":{"unit":"","value":"drop&run"},"rpm":{"unit":"","value":"4000"},"time":{"unit":"s","value":"30"}}],"annealing":[{"temperature":{"unit":"oC","value":"75"},"time":{"unit":"m","value":"1"}},{"temperature":{"unit":"oC","value":"120"},"time":{"unit":"m","value":"10"}}],"atmosphere":[{"type":{"unit":"","value":"N2"},"temperature":{"unit":"oC","value":"25"},"humidity":{"unit":"RH%","value":"0"}}]}},{"etl":[{"material":{"unit":"","value":"TiO2"},"concentration":{"unit":"","value":"0.66"},"conc_unit":{"unit":"","value":"wt%"},"quantity":{"unit":"ml","value":"None"}}],"solvent":[{"material":{"unit":"","value":"IPA"},"volume":{"unit":"ml","value":"1"}}],"spin_coating":[{"type":{"unit":"","value":"drop&run"},"rpm":{"unit":"","value":"3000"},"time":{"unit":"s","value":"30"}}],"annealing":[{"temperature":{"unit":"oC","value":"100"},"time":{"unit":"m","value":"5"}}]},{"anode_metal":{"unit":"","value":"Ag"}},{"note":{"unit":"","value":"230712 TiOx (Air, 1:150)"},"ar":{"unit":"","value":"0"},"type":{"unit":"","value":"unit_cell"},"device_type":{"unit":"","value":"p-i-n"},"temperature":{"unit":"\u2103","value":"25"},"humidity":{"unit":"%","value":"50"},"cell_dimension":{"unit":"cm2","value":"0.04"}}],"fileinfo":[{"key":"423071215","uploadType":"JV","original_name":"423071215.xlsx","save_name":"CAU-SC-00566\/423071215","uploader":71,"fileType":"group"}],"jvcnt":6,"updated_at":"2024-06-03 08:38:35","created_at":"2023-10-19 16:08:42","analysisInfo":{"JV":[{"efficiency":12.422625,"fill_factor":69.36650477815796,"jsc":18.365624999999998,"voc":0.9751195219123506,"key":"reverse_3_423071215","cell_dimension":null},{"efficiency":11.847299999999999,"fill_factor":67.53866340366491,"jsc":18.03875,"voc":0.9724347826086956,"key":"reverse_2_423071215","cell_dimension":null},{"efficiency":11.9042,"fill_factor":64.27572967022805,"jsc":18.115624999999994,"voc":1.0223506493506491,"key":"reverse_1_423071215","cell_dimension":null},{"efficiency":8.961749999999999,"fill_factor":50.20036842198658,"jsc":18.737499999999997,"voc":0.9527397260273971,"key":"forward_3_423071215","cell_dimension":null},{"efficiency":8.20575,"fill_factor":46.626410373613695,"jsc":18.4625,"voc":0.9532258064516129,"key":"forward_2_423071215","cell_dimension":null},{"efficiency":8.39475,"fill_factor":46.401359257019486,"jsc":18.56875,"voc":0.9743037974683544,"key":"forward_1_423071215","cell_dimension":null}]},"public":2,"analysis":{"JV":[{"V":{"unit":"V","value":[1.025,0.985,0.945,0.905,0.865,0.825,0.785,0.745,0.705,0.665,0.625,0.585,0.545,0.505,0.465,0.425,0.385,0.345,0.305,0.265,0.225,0.185,0.145,0.105,0.065,0.025,-0.015]},"J":{"unit":"A\/cm2","value":[-0.00915,-0.00155,0.004725,0.009425000000000001,0.01275,0.014725,0.015825,0.016475,0.016925,0.017275,0.017424999999999996,0.017625,0.01775,0.017875,0.01795,0.018075,0.018175,0.018224999999999998,0.0183,0.0183,0.018349999999999998,0.018325,0.018325,0.018375,0.018349999999999998,0.018349999999999998,0.018375]},"I":{"unit":"A","value":[-0.000366,-6.2e-5,0.000189,0.000377,0.00051,0.000589,0.000633,0.0006590000000000001,0.0006770000000000001,0.000691,0.0006969999999999999,0.000705,0.0007099999999999999,0.0007149999999999999,0.000718,0.000723,0.000727,0.0007289999999999999,0.000732,0.000732,0.000734,0.000733,0.000733,0.000735,0.000734,0.000734,0.000735]},"efficiency":{"unit":"%","value":12.422625},"fill_factor":{"unit":"%","value":69.36650477815796},"jsc":{"unit":"mA\/cm2","value":18.365624999999998},"isc":{"unit":"mA","value":0.734625},"voc":{"unit":"V","value":0.9751195219123506},"sweep_direction":{"unit":"","value":"Reverse"},"key":"reverse_3_423071215"},{"V":{"unit":"V","value":[1.022,0.982,0.942,0.902,0.862,0.822,0.782,0.742,0.702,0.662,0.622,0.582,0.542,0.502,0.462,0.422,0.382,0.342,0.302,0.262,0.222,0.182,0.142,0.102,0.062,0.022,-0.018]},"J":{"unit":"A\/cm2","value":[-0.00785,-0.001375,0.004375,0.009,0.012199999999999999,0.014074999999999997,0.015149999999999999,0.01575,0.016175000000000002,0.0165,0.01675,0.016925,0.017125,0.017275,0.0174,0.017575,0.017599999999999998,0.017775,0.017825,0.017849999999999998,0.01795,0.017974999999999998,0.018025,0.018,0.01805,0.018025,0.01805]},"I":{"unit":"A","value":[-0.000314,-5.5e-5,0.000175,0.00035999999999999997,0.000488,0.0005629999999999999,0.000606,0.00063,0.000647,0.00066,0.00067,0.0006770000000000001,0.0006850000000000001,0.000691,0.000696,0.000703,0.000704,0.0007109999999999999,0.000713,0.000714,0.000718,0.000719,0.000721,0.0007199999999999999,0.000722,0.000721,0.000722]},"efficiency":{"unit":"%","value":11.847299999999999},"fill_factor":{"unit":"%","value":67.53866340366491},"jsc":{"unit":"mA\/cm2","value":18.03875},"isc":{"unit":"mA","value":0.72155},"voc":{"unit":"V","value":0.9724347826086956},"sweep_direction":{"unit":"","value":"Reverse"},"key":"reverse_2_423071215"},{"V":{"unit":"V","value":[1.053,1.013,0.973,0.933,0.893,0.853,0.813,0.773,0.733,0.693,0.653,0.613,0.573,0.533,0.493,0.453,0.413,0.373,0.333,0.293,0.253,0.213,0.173,0.133,0.093,0.053,0.013,-0.027]},"J":{"unit":"A\/cm2","value":[-0.00295,0.0008999999999999999,0.004849999999999999,0.008375,0.01115,0.013125,0.014549999999999999,0.0154,0.016050000000000002,0.01645,0.016775,0.017025000000000002,0.017175,0.017349999999999997,0.017424999999999996,0.017549999999999996,0.017625,0.0177,0.017775,0.017799999999999996,0.0179,0.017849999999999998,0.01795,0.017974999999999998,0.018025,0.018075,0.018075,0.0182]},"I":{"unit":"A","value":[-0.000118,3.5999999999999994e-5,0.000194,0.000335,0.000446,0.0005250000000000001,0.0005819999999999999,0.000616,0.000642,0.0006580000000000001,0.000671,0.0006810000000000001,0.000687,0.000694,0.0006969999999999999,0.0007019999999999999,0.000705,0.000708,0.0007109999999999999,0.000712,0.000716,0.000714,0.000718,0.000719,0.000721,0.000723,0.000723,0.000728]},"efficiency":{"unit":"%","value":11.9042},"fill_factor":{"unit":"%","value":64.27572967022805},"jsc":{"unit":"mA\/cm2","value":18.115624999999994},"isc":{"unit":"mA","value":0.7246249999999999},"voc":{"unit":"V","value":1.0223506493506491},"sweep_direction":{"unit":"","value":"Reverse"},"key":"reverse_1_423071215"},{"V":{"unit":"V","value":[-0.05,-0.01,0.03,0.07,0.11,0.15,0.19,0.23,0.27,0.31,0.35,0.39,0.43,0.47,0.51,0.55,0.59,0.63,0.67,0.71,0.75,0.79,0.83,0.87,0.91,0.95,0.99,1.03]},"J":{"unit":"A\/cm2","value":[0.018824999999999998,0.018775,0.018625,0.018525,0.0184,0.01825,0.018075,0.017875,0.017724999999999998,0.0175,0.017299999999999996,0.017075,0.016775,0.016475,0.016050000000000002,0.0156,0.015,0.014224999999999998,0.013325000000000002,0.012174999999999998,0.01085,0.009275,0.0075,0.005475,0.00315,0.00025,-0.0034000000000000002,-0.00805]},"I":{"unit":"A","value":[0.000753,0.000751,0.000745,0.000741,0.000736,0.00073,0.000723,0.0007149999999999999,0.000709,0.0007,0.0006919999999999999,0.000683,0.000671,0.0006590000000000001,0.000642,0.000624,0.0006,0.000569,0.000533,0.00048699999999999997,0.000434,0.000371,0.0003,0.000219,0.000126,1.0e-5,-0.000136,-0.000322]},"efficiency":{"unit":"%","value":8.961749999999999},"fill_factor":{"unit":"%","value":50.20036842198658},"jsc":{"unit":"mA\/cm2","value":18.737499999999997},"isc":{"unit":"mA","value":0.7494999999999999},"voc":{"unit":"V","value":0.9527397260273971},"sweep_direction":{"unit":"","value":"Forward"},"key":"forward_3_423071215"},{"V":{"unit":"V","value":[-0.05,-0.01,0.03,0.07,0.11,0.15,0.19,0.23,0.27,0.31,0.35,0.39,0.43,0.47,0.51,0.55,0.59,0.63,0.67,0.71,0.75,0.79,0.83,0.87,0.91,0.95,0.99,1.03]},"J":{"unit":"A\/cm2","value":[0.018675,0.0185,0.018349999999999998,0.018175,0.018,0.017775,0.017549999999999996,0.017349999999999997,0.017125,0.016825,0.0166,0.016300000000000002,0.015925,0.015574999999999999,0.01505,0.014524999999999998,0.013825,0.013025,0.012025,0.01085,0.009474999999999999,0.00795,0.0063,0.0045249999999999995,0.002625,0.00025,-0.00285,-0.007000000000000001]},"I":{"unit":"A","value":[0.000747,0.00074,0.000734,0.000727,0.0007199999999999999,0.0007109999999999999,0.0007019999999999999,0.000694,0.0006850000000000001,0.0006730000000000001,0.000664,0.000652,0.000637,0.000623,0.000602,0.0005809999999999999,0.000553,0.000521,0.000481,0.000434,0.000379,0.00031800000000000003,0.000252,0.00018099999999999998,0.00010499999999999999,1.0e-5,-0.000114,-0.00028000000000000003]},"efficiency":{"unit":"%","value":8.20575},"fill_factor":{"unit":"%","value":46.626410373613695},"jsc":{"unit":"mA\/cm2","value":18.4625},"isc":{"unit":"mA","value":0.7384999999999999},"voc":{"unit":"V","value":0.9532258064516129},"sweep_direction":{"unit":"","value":"Forward"},"key":"forward_2_423071215"},{"V":{"unit":"V","value":[-0.05,-0.01,0.03,0.07,0.11,0.15,0.19,0.23,0.27,0.31,0.35,0.39,0.43,0.47,0.51,0.55,0.59,0.63,0.67,0.71,0.75,0.79,0.83,0.87,0.91,0.95,0.99,1.03,1.07]},"J":{"unit":"A\/cm2","value":[0.018775,0.0186,0.018475,0.018275,0.01815,0.0179,0.01775,0.017525,0.017325,0.017125,0.01685,0.0166,0.016274999999999998,0.0159,0.015425,0.014874999999999998,0.014174999999999998,0.013325000000000002,0.01235,0.01115,0.009800000000000001,0.008225,0.006525,0.00475,0.003,0.0012,-0.000775,-0.0032749999999999997,-0.0069500000000000004]},"I":{"unit":"A","value":[0.000751,0.000744,0.000739,0.000731,0.000726,0.000716,0.0007099999999999999,0.0007009999999999999,0.0006929999999999999,0.0006850000000000001,0.000674,0.000664,0.000651,0.0006360000000000001,0.000617,0.0005949999999999999,0.0005669999999999999,0.000533,0.000494,0.000446,0.00039200000000000004,0.00032900000000000003,0.000261,0.00019,0.00011999999999999999,4.8e-5,-3.1e-5,-0.000131,-0.00027800000000000004]},"efficiency":{"unit":"%","value":8.39475},"fill_factor":{"unit":"%","value":46.401359257019486},"jsc":{"unit":"mA\/cm2","value":18.56875},"isc":{"unit":"mA","value":0.74275},"voc":{"unit":"V","value":0.9743037974683544},"sweep_direction":{"unit":"","value":"Forward"},"key":"forward_1_423071215"}]}}