{"_id":"653138f026db9e48202e7376","id":"CAU-SC-00494","author":67,"group":7,"input":[{"tco":{"unit":"","value":"ITO"}},[],{"htl":[{"material":{"unit":"","value":"PEDOT:PSS"},"concentration":{"unit":"","value":"None"},"conc_unit":{"unit":"","value":"mg\/ml"},"quantity":{"unit":"ml","value":"0.1"}}],"spin_coating":[{"type":{"unit":"","value":"drop&run"},"rpm":{"unit":"","value":"5000"},"time":{"unit":"s","value":"30"}}],"annealing":[{"temperature":{"unit":"oC","value":"150"},"time":{"unit":"m","value":"20"}}]},[],{"perovskite":{"method":{"unit":"","value":"1step"},"molarity":{"unit":"M","value":"1"},"a_site":[{"material":{"unit":"","value":"FA"},"ratio":{"unit":"","value":"50"}},{"material":{"unit":"","value":"DMA"},"ratio":{"unit":"","value":"50"}}],"b_site":[{"material":{"unit":"","value":"Sn"},"ratio":{"unit":"","value":"100"}}],"x_site":[{"material":{"unit":"","value":"I"},"ratio":{"unit":"","value":"67"}},{"material":{"unit":"","value":"Br"},"ratio":{"unit":"","value":"33"}}],"solvent":[{"material":{"unit":"","value":"DMF"},"volume":{"unit":"ml","value":"0.8"}},{"material":{"unit":"","value":"DMSO"},"volume":{"unit":"ml","value":"0.2"}}],"additive":[{"material":{"unit":"","value":"SnF2"},"solvent":{"unit":"","value":"none"},"concentration":{"unit":"","value":"15.6"},"conc_unit":{"unit":"","value":"mg\/ml"},"quantity":{"unit":"mol%","value":"10"}},{"material":{"unit":"","value":"Sn"},"solvent":{"unit":"","value":"none"},"concentration":{"unit":"","value":"10"},"conc_unit":{"unit":"","value":"mg\/ml"},"quantity":{"unit":"mol%","value":"7"}},{"material":{"unit":"","value":"PEACl"},"solvent":{"unit":"","value":"none"},"concentration":{"unit":"","value":"7.9"},"conc_unit":{"unit":"","value":"mg\/ml"},"quantity":{"unit":"mol%","value":"5"}}],"stirring_time":[{"unit":"m","value":"120"}],"antisolvent":[{"material":{"unit":"","value":"CB"},"quantity":{"unit":"ul","value":"300"},"dripping_time":{"unit":"s","value":"10"}}],"spin_coating":[{"type":{"unit":"","value":"drop&run"},"rpm":{"unit":"","value":"6000"},"time":{"unit":"s","value":"30"}}],"annealing":[{"temperature":{"unit":"oC","value":"70"},"time":{"unit":"m","value":"10"}}],"atmosphere":[{"type":{"unit":"","value":"N2"},"temperature":{"unit":"oC","value":"25"},"humidity":{"unit":"RH%","value":"0"}}]}},{"etl":[{"material":{"unit":"","value":"PC61BM"},"concentration":{"unit":"","value":"20"},"conc_unit":{"unit":"","value":"mg\/ml"},"quantity":{"unit":"ml","value":"0.05"}}],"solvent":[{"material":{"unit":"","value":"CB"},"volume":{"unit":"ml","value":"0.75"}},{"material":{"unit":"","value":"DCB"},"volume":{"unit":"ml","value":"0.25"}}],"spin_coating":[{"type":{"unit":"","value":"drop&run"},"rpm":{"unit":"","value":"1500"},"time":{"unit":"s","value":"30"}}],"annealing":[{"temperature":{"unit":"oC","value":"70"},"time":{"unit":"m","value":"5"}}]},{"anode_metal":{"unit":"","value":"Ag"}},{"note":{"unit":"","value":"DF PEACl"},"ar":{"unit":"","value":"0"},"type":{"unit":"","value":"unit_cell"},"device_type":{"unit":"","value":"p-i-n"},"temperature":{"unit":"\u2103","value":"25"},"humidity":{"unit":"%","value":"30"},"cell_dimension":{"unit":"cm2","value":"0.04"}}],"fileinfo":[{"key":"22304281","uploadType":"JV","original_name":"22304281.xlsx","save_name":"CAU-SC-00494\/22304281","uploader":67,"fileType":"group"}],"jvcnt":2,"updated_at":"2024-06-03 08:38:35","created_at":"2023-10-19 14:10:56","analysisInfo":{"JV":[{"efficiency":0.6890000000000001,"fill_factor":62.49433106575963,"jsc":1.625,"voc":0.6784615384615386,"key":"reverse_1_22304281","cell_dimension":null},{"efficiency":0.7837500000000001,"fill_factor":67.3107890499195,"jsc":1.6875,"voc":0.69,"key":"forward_1_22304281","cell_dimension":null}]},"public":2,"analysis":{"JV":[{"V":{"unit":"V","value":[0.7,0.68,0.66,0.64,0.62,0.6,0.58,0.56,0.54,0.52,0.5,0.48,0.46,0.44,0.42,0.4,0.38,0.36,0.34,0.32,0.3,0.28,0.26,0.24,0.22,0.2,0.18,0.16,0.14,0.12,0.1,0.08,0.06,0.04,0.02,0,-0.02,-0.04,-0.06]},"J":{"unit":"A\/cm2","value":[-0.0004,-2.5e-5,0.0003,0.000575,0.0008,0.00095,0.0010999999999999998,0.0012,0.0012749999999999999,0.001325,0.001375,0.001425,0.00145,0.001475,0.0015,0.0015249999999999999,0.0015249999999999999,0.0015249999999999999,0.00155,0.001575,0.00155,0.00155,0.001575,0.001575,0.001575,0.001575,0.0016,0.0016,0.0016,0.0016,0.0016,0.001625,0.0016,0.0016,0.001625,0.001625,0.001625,0.001625,0.001625]},"I":{"unit":"A","value":[-1.6e-5,-1.0e-6,1.2e-5,2.3e-5,3.2e-5,3.8e-5,4.4e-5,4.8e-5,5.1e-5,5.3e-5,5.5e-5,5.7e-5,5.8e-5,5.9e-5,5.9999999999999995e-5,6.1e-5,6.1e-5,6.1e-5,6.2e-5,6.3e-5,6.2e-5,6.2e-5,6.3e-5,6.3e-5,6.3e-5,6.3e-5,6.4e-5,6.4e-5,6.4e-5,6.4e-5,6.4e-5,6.500000000000001e-5,6.4e-5,6.4e-5,6.500000000000001e-5,6.500000000000001e-5,6.500000000000001e-5,6.500000000000001e-5,6.500000000000001e-5]},"efficiency":{"unit":"%","value":0.6890000000000001},"fill_factor":{"unit":"%","value":62.49433106575963},"jsc":{"unit":"mA\/cm2","value":1.625},"isc":{"unit":"mA","value":0.065},"voc":{"unit":"V","value":0.6784615384615386},"sweep_direction":{"unit":"","value":"Reverse"},"key":"reverse_1_22304281"},{"V":{"unit":"V","value":[-0.05,-0.03,-0.01,0.01,0.03,0.05,0.07,0.09,0.11,0.13,0.15,0.17,0.19,0.21,0.23,0.25,0.27,0.29,0.31,0.33,0.35,0.37,0.39,0.41,0.43,0.45,0.47,0.49,0.51,0.53,0.55,0.57,0.59,0.61,0.63,0.65,0.67,0.69,0.71]},"J":{"unit":"A\/cm2","value":[0.0017250000000000002,0.0017000000000000001,0.0017000000000000001,0.001675,0.001675,0.0016500000000000002,0.0016500000000000002,0.0016500000000000002,0.0016500000000000002,0.001625,0.001625,0.001625,0.001625,0.0016,0.0016,0.0016,0.0016,0.001575,0.0016,0.0016,0.001575,0.001575,0.001575,0.001575,0.00155,0.0015249999999999999,0.0015249999999999999,0.0015249999999999999,0.0015,0.00145,0.001425,0.0013499999999999999,0.00125,0.001125,0.00095,0.000725,0.0004,0,-0.00035]},"I":{"unit":"A","value":[6.900000000000001e-5,6.8e-5,6.8e-5,6.7e-5,6.7e-5,6.6e-5,6.6e-5,6.6e-5,6.6e-5,6.500000000000001e-5,6.500000000000001e-5,6.500000000000001e-5,6.500000000000001e-5,6.4e-5,6.4e-5,6.4e-5,6.4e-5,6.3e-5,6.4e-5,6.4e-5,6.3e-5,6.3e-5,6.3e-5,6.3e-5,6.2e-5,6.1e-5,6.1e-5,6.1e-5,5.9999999999999995e-5,5.8e-5,5.7e-5,5.4e-5,5.0e-5,4.4999999999999996e-5,3.8e-5,2.9e-5,1.6e-5,0,-1.4e-5]},"efficiency":{"unit":"%","value":0.7837500000000001},"fill_factor":{"unit":"%","value":67.3107890499195},"jsc":{"unit":"mA\/cm2","value":1.6875},"isc":{"unit":"mA","value":0.0675},"voc":{"unit":"V","value":0.69},"sweep_direction":{"unit":"","value":"Forward"},"key":"forward_1_22304281"}]}}