{"_id":"63529105819cb331125686be","id":"KRICT-SC-00633","author":36,"input":[{"tco":{"unit":"","value":"ITO"}},{"annealing":[{"temperature":{"unit":"oC","value":0},"time":{"unit":"min","value":0}}],"blocking_buffer_layer":[{"material":{"unit":"","value":"none"},"concentration":{"unit":"","value":""},"conc_unit":{"unit":"","value":"mg\/ml"},"quantity":{"unit":"ml","value":null}}]},{"surface_treatment":{"unit":"","value":"none"}},{"etl":[{"material":{"unit":"","value":"SnO2_NP"},"concentration":{"unit":"","value":""},"conc_unit":{"unit":"","value":"mg\/ml"},"quantity":{"unit":"ml","value":null}}],"annealing":[{"temperature":{"unit":"oC","value":150},"time":{"unit":"min","value":60}}],"spin_coating":[{"type":{"unit":"","value":null},"rpm":{"unit":"","value":3000},"time":{"unit":"","value":null}}]},{"etl_treatment":[{"material":{"unit":"","value":"NONE"},"concentration":{"unit":"mg\/ml","value":""},"conc_unit":{"unit":"","value":"mg\/ml"},"quantity":{"unit":"ml","value":null}}],"annealing":[{"temperature":{"unit":"oC","value":0},"time":{"unit":"min","value":0}}],"spin_coating":[{"type":{"unit":"","value":null},"rpm":{"unit":"","value":0},"time":{"unit":"","value":null}}]},{"surface_treatment":{"unit":"","value":"none"}},{"perovskite":{"method":{"unit":"","value":"1-step"},"molarity":{"unit":"M","value":1.4},"a_site":[{"material":{"unit":"","value":"FA"},"ratio":{"unit":"%","value":100}},{"material":{"unit":"","value":"MA"},"ratio":{"unit":"%","value":0}},{"material":{"unit":"","value":"Cs"},"ratio":{"unit":"%","value":0}}],"b_site":[{"material":{"unit":"","value":"Pb"},"ratio":{"unit":"%","value":100}},{"material":{"unit":"","value":"Sn"},"ratio":{"unit":"%","value":0}}],"x_site":[{"material":{"unit":"","value":"I"},"ratio":{"unit":"%","value":100}},{"material":{"unit":"","value":"Br"},"ratio":{"unit":"%","value":0}},{"material":{"unit":"","value":"Cl"},"ratio":{"unit":"%","value":0}}],"solvent":[{"material":{"unit":"","value":"DMF"},"volume":{"unit":"ml","value":0.8}},{"material":{"unit":"","value":"DMSO"},"volume":{"unit":"ml","value":0.1}},{"material":{"unit":"","value":"none"},"volume":{"unit":"ml","value":0}}],"antisolvent":[{"material":{"unit":"","value":"DEE"},"quantity":{"unit":"ul","value":1000},"dripping_time":{"unit":"s","value":null}}],"annealing":[{"temperature":{"unit":"oC","value":100},"time":{"unit":"min","value":40}},{"temperature":{"unit":"oC","value":0},"time":{"unit":"min","value":0}}],"spin_coating":[{"type":{"unit":"","value":null},"rpm":{"unit":"","value":5000},"time":{"unit":"","value":null}}],"additive":[{"material":{"unit":"","value":"MACl"},"quantity":{"unit":"mol%","value":5}},{"material":{"unit":"","value":"none"},"quantity":{"unit":"mol%","value":0}},{"material":{"unit":"","value":"none"},"quantity":{"unit":"mol%","value":0}}]}},{"perovskite_treatment":[{"material":{"unit":"","value":"none"},"concentration":{"unit":"mg\/ml","value":0},"conc_unit":{"unit":"","value":"mg\/ml"},"quantity":{"unit":"ml","value":null}}],"annealing":[{"temperature":{"unit":"oC","value":0},"time":{"unit":"min","value":0}}],"spin_coating":[{"type":{"unit":"","value":null},"rpm":{"unit":"","value":0},"time":{"unit":"","value":null}}]},{"htl":[{"material":{"unit":"","value":"PTAA"},"concentration":{"unit":"mg\/ml","value":""},"conc_unit":{"unit":"","value":"mg\/ml"},"quantity":{"unit":"ml","value":null}}],"htl_doping":[{"material":{"unit":"","value":"Li-TFSI"},"volume":{"unit":"ul","value":23}},{"material":{"unit":"","value":"none"},"volume":{"unit":"ul","value":0}},{"material":{"unit":"","value":"none"},"volume":{"unit":"ul","value":0}}],"spin_coating":[{"type":{"unit":"","value":null},"rpm":{"unit":"","value":3000},"time":{"unit":"","value":null}}]},{"htl_treatment":[{"material":{"value":"none","unit":""},"concentration":{"value":0,"unit":"mg\/ml"},"conc_unit":{"unit":"","value":"mg\/ml"},"quantity":{"unit":"ml","value":null}}],"annealing":[{"temperature":{"value":0,"unit":"oC"},"time":{"value":0,"unit":"time"}}],"spin_coating":[{"type":{"unit":"","value":null},"rpm":{"value":0,"unit":""},"time":{"unit":"","value":null}}]},{"anode_metal":{"unit":"","value":"Au"}},{"note":{"unit":"","value":"pbi2+KI10g_16h_ptaa"},"ar":{"unit":"","value":0},"type":{"unit":"","value":"n-i-p"}}],"fileinfo":[{"key":"InputFile","uploadType":"InputFile","original_name":"input.xlsx","save_name":"KRICT-SC-00633\/InputFile","uploader":36}],"updated_at":"2024-10-25 07:08:01","created_at":"2022-10-21 12:31:01","group":2,"analysis_old":{"JV":[]},"jvcnt":0,"analysisInfo":{"JV":[]},"public":2,"analysis":{"JV":[]}}