{"_id":"62998522daf53434de4e1d43","id":"KRICT-SC-00448","author":39,"input":[{"tco":{"unit":"","value":"ITO"}},{"htl":[{"material":{"unit":"","value":"NiO_4PACz"},"concentration":{"unit":"mg\/ml","value":""},"conc_unit":{"unit":"","value":"mg\/ml"},"quantity":{"unit":"ml","value":null}}],"htl_doping":[{"material":{"unit":"","value":"none"},"volume":{"unit":"ul","value":0}},{"material":{"unit":"","value":"none"},"volume":{"unit":"ul","value":0}},{"material":{"unit":"","value":"none"},"volume":{"unit":"ul","value":0}}],"spin_coating":[{"type":{"unit":"","value":null},"rpm":{"unit":"","value":0},"time":{"unit":"","value":null}}]},{"htl_treatment":[{"material":{"value":"none","unit":""},"concentration":{"value":0,"unit":"mg\/ml"},"conc_unit":{"unit":"","value":"mg\/ml"},"quantity":{"unit":"ml","value":null}}],"annealing":[{"temperature":{"value":0,"unit":"oC"},"time":{"value":0,"unit":"time"}}],"spin_coating":[{"type":{"unit":"","value":null},"rpm":{"value":0,"unit":""},"time":{"unit":"","value":null}}]},{"perovskite":{"method":{"unit":"","value":"1step"},"molarity":{"unit":"M","value":1.5},"a_site":[{"material":{"unit":"","value":"MA"},"ratio":{"unit":"%","value":15}},{"material":{"unit":"","value":"FA"},"ratio":{"unit":"%","value":80}},{"material":{"unit":"","value":"Cs"},"ratio":{"unit":"%","value":5}}],"b_site":[{"material":{"unit":"","value":"Pb"},"ratio":{"unit":"%","value":100}},{"material":{"unit":"","value":"Sn"},"ratio":{"unit":"%","value":0}}],"x_site":[{"material":{"unit":"","value":"I"},"ratio":{"unit":"%","value":80}},{"material":{"unit":"","value":"Br"},"ratio":{"unit":"%","value":20}},{"material":{"unit":"","value":"Cl"},"ratio":{"unit":"%","value":0}}],"solvent":[{"material":{"unit":"","value":"DMF"},"volume":{"unit":"ml","value":0.8}},{"material":{"unit":"","value":"DMSO"},"volume":{"unit":"ml","value":0.2}},{"material":{"unit":"","value":"none"},"volume":{"unit":"ml","value":0}}],"antisolvent":[{"material":{"unit":"","value":"none"},"quantity":{"unit":"ul","value":0},"dripping_time":{"unit":"s","value":null}}],"annealing":[{"temperature":{"unit":"oC","value":0},"time":{"unit":"min","value":0}},{"temperature":{"unit":"oC","value":0},"time":{"unit":"min","value":0}}],"spin_coating":[{"type":{"unit":"","value":null},"rpm":{"unit":"","value":0},"time":{"unit":"","value":null}}],"additive":[{"material":{"unit":"","value":"none"},"quantity":{"unit":"mol%","value":0}},{"material":{"unit":"","value":"none"},"quantity":{"unit":"mol%","value":0}},{"material":{"unit":"","value":"none"},"quantity":{"unit":"mol%","value":0}}]}},{"perovskite_treatment":[{"material":{"unit":"","value":"FAI"},"concentration":{"unit":"mg\/ml","value":100},"conc_unit":{"unit":"","value":"mg\/ml"},"quantity":{"unit":"ml","value":null}}],"annealing":[{"temperature":{"unit":"oC","value":100},"time":{"unit":"min","value":10}}],"spin_coating":[{"type":{"unit":"","value":null},"rpm":{"unit":"","value":5000},"time":{"unit":"","value":null}}]},{"etl":[{"material":{"unit":"","value":"C60"},"concentration":{"unit":"","value":""},"conc_unit":{"unit":"","value":"mg\/ml"},"quantity":{"unit":"ml","value":null}}],"annealing":[{"temperature":{"unit":"oC","value":0},"time":{"unit":"min","value":0}}],"spin_coating":[{"type":{"unit":"","value":null},"rpm":{"unit":"","value":0},"time":{"unit":"","value":null}}]},{"etl_treatment":[{"material":{"unit":"","value":"NONE"},"concentration":{"unit":"mg\/ml","value":""},"conc_unit":{"unit":"","value":"mg\/ml"},"quantity":{"unit":"ml","value":null}}],"annealing":[{"temperature":{"unit":"oC","value":0},"time":{"unit":"min","value":0}}],"spin_coating":[{"type":{"unit":"","value":null},"rpm":{"unit":"","value":0},"time":{"unit":"","value":null}}]},{"surface_treatment":{"unit":"","value":"none"}},{"annealing":[{"temperature":{"unit":"oC","value":0},"time":{"unit":"min","value":0}}],"blocking_buffer_layer":[{"material":{"unit":"","value":"BCP"},"concentration":{"unit":"","value":""},"conc_unit":{"unit":"","value":"mg\/ml"},"quantity":{"unit":"ml","value":null}}]},{"surface_treatment":{"unit":"","value":"none"}},{"anode_metal":{"unit":"","value":"Ag"}},{"note":{"unit":"","value":"-"},"ar":{"unit":"","value":0},"type":{"unit":"","value":"p-i-n"}}],"fileinfo":[{"key":"R 5-1_20220603","uploadType":"JV","original_name":"R 5-1_20220603-121404.txt","save_name":"KRICT-SC-00448\/R 5-1_20220603","uploader":39},{"key":"R 5-3_20220603","uploadType":"JV","original_name":"R 5-3_20220603-121408.txt","save_name":"KRICT-SC-00448\/R 5-3_20220603","uploader":39},{"key":"R 5-4_20220603","uploadType":"JV","original_name":"R 5-4_20220603-121412.txt","save_name":"KRICT-SC-00448\/R 5-4_20220603","uploader":39},{"key":"R 6-1_20220603","uploadType":"JV","original_name":"R 6-1_20220603-121530.txt","save_name":"KRICT-SC-00448\/R 6-1_20220603","uploader":39},{"key":"R 6-2_20220603","uploadType":"JV","original_name":"R 6-2_20220603-121534.txt","save_name":"KRICT-SC-00448\/R 6-2_20220603","uploader":39},{"key":"R 6-3_20220603","uploadType":"JV","original_name":"R 6-3_20220603-121519.txt","save_name":"KRICT-SC-00448\/R 6-3_20220603","uploader":39},{"key":"R 6-4_20220603","uploadType":"JV","original_name":"R 6-4_20220603-121541.txt","save_name":"KRICT-SC-00448\/R 6-4_20220603","uploader":39},{"key":"InputFile","uploadType":"InputFile","original_name":"input.xlsx","save_name":"KRICT-SC-00448\/InputFile","uploader":39}],"updated_at":"2024-10-25 07:08:02","created_at":"2022-06-03 03:50:58","group":2,"analysis_old":{"JV":[{"V":{"unit":"V","value":[1.5,1.48995,1.4799,1.4698,1.45975,1.4497,1.43965,1.4296,1.41955,1.40945,1.3994,1.38935,1.3793,1.36925,1.35915,1.3491,1.33905,1.329,1.31895,1.3089,1.2988,1.28875,1.2787,1.26865,1.2586,1.2485,1.23845,1.2284,1.21835,1.2083,1.19825,1.18815,1.1781,1.16805,1.158,1.14795,1.13785,1.1278,1.11775,1.1077,1.09765,1.0876,1.0775,1.06745,1.0574,1.04735,1.0373,1.0272,1.01715,1.0071,0.99705,0.987,0.97695,0.96685,0.9568,0.94675,0.9367,0.92665,0.91655,0.9065,0.89645,0.8864,0.87635,0.86625,0.8562,0.84615,0.8361,0.82605,0.816,0.8059,0.79585,0.7858,0.77575,0.7657,0.7556,0.74555,0.7355,0.72545,0.7154,0.70535,0.69525,0.6852,0.67515,0.6651,0.65505,0.64495,0.6349,0.62485,0.6148,0.60475,0.5947,0.5846,0.57455,0.5645,0.55445,0.5444,0.5343,0.52425,0.5142,0.50415,0.4941,0.48405,0.47395,0.4639,0.45385,0.4438,0.43375,0.42365,0.4136,0.40355,0.3935,0.38345,0.3734,0.3633,0.35325,0.3432,0.33315,0.3231,0.313,0.30295,0.2929,0.28285,0.2728,0.2627,0.25265,0.2426,0.23255,0.2225,0.21245,0.20235,0.1923,0.18225,0.1722,0.16215,0.15205,0.142,0.13195,0.1219,0.11185,0.1018,0.0917,0.08165,0.0716,0.06155,0.0515,0.0414,0.03135,0.0213,0.01125,0.0012,-0.00885,-0.01895,-0.029,-0.03905,-0.0491,-0.05915,-0.06925,-0.0793,-0.08935,-0.0994,-0.10945,-0.1195,-0.1296,-0.13965,-0.1497,-0.15975,-0.1698,-0.1799,-0.18995,-0.2]},"I":{"unit":"A","value":[-0.0100013,-0.0100013,-0.0100012,-0.0100013,-0.0100012,-0.0100014,-0.0100011,-0.0100013,-0.0100012,-0.0100017,-0.0100012,-0.0100013,-0.0100013,-0.0100012,-0.0100013,-0.0100013,-0.0100013,-0.0100014,-0.0100013,-0.0100017,-0.0100016,-0.0100014,-0.0100016,-0.0100012,-0.0100017,-0.0100014,-0.0100012,-0.0100013,-0.0100012,-0.0100013,-0.00959854,-0.00892589,-0.00826899,-0.00761857,-0.00697913,-0.00634921,-0.00573706,-0.00513872,-0.00455932,-0.00399348,-0.00344491,-0.00291876,-0.00240699,-0.001926,-0.0014659,-0.00103437,-0.000634212,-0.000264076,6.92671e-5,0.000365781,0.000626398,0.000841506,0.00102558,0.00118242,0.00130746,0.00140426,0.00148045,0.00154044,0.00158453,0.00162367,0.0016381,0.00165814,0.00167622,0.00168983,0.00169849,0.0017114,0.00171732,0.00172173,0.00173175,0.00172699,0.00172988,0.00173777,0.00174081,0.00174198,0.00174694,0.00175074,0.00175398,0.00175671,0.00175291,0.00175403,0.00175651,0.00176142,0.00176182,0.00176385,0.0017681,0.00176734,0.00177387,0.00176704,0.00176658,0.00177438,0.00177321,0.0017763,0.00177883,0.00177974,0.0017805,0.00178152,0.0017806,0.00178141,0.0017801,0.0017845,0.0017846,0.001788,0.00178977,0.00178825,0.00179215,0.00178876,0.00178714,0.00179189,0.00179331,0.0017928,0.00179443,0.00179483,0.00179306,0.00179746,0.00179762,0.00179048,0.0017961,0.00179696,0.00179675,0.00179863,0.00179903,0.00179903,0.00180111,0.0017967,0.001796,0.00180172,0.00180248,0.00180278,0.00180192,0.00180475,0.0018046,0.00180784,0.00180273,0.00180146,0.00180516,0.00180673,0.00180632,0.00180799,0.00181103,0.0018086,0.00181209,0.00180739,0.00180632,0.00181118,0.00181311,0.00181073,0.00181042,0.00181377,0.00181518,0.00181513,0.00180931,0.00181083,0.00181554,0.00181498,0.00181544,0.00181336,0.00181377,0.00181604,0.0018127,0.00181544,0.0018167,0.0018163,0.0018165,0.00181944,0.00181822,0.00182141,0.0018206,0.00181594,0.00181878,0.00181903]},"J":{"unit":"A\/cm2","value":[-0.106397,-0.106396,-0.106396,-0.106397,-0.106396,-0.106398,-0.106395,-0.106397,-0.106395,-0.106401,-0.106395,-0.106396,-0.106396,-0.106396,-0.106396,-0.106396,-0.106397,-0.106398,-0.106396,-0.106401,-0.1064,-0.106398,-0.1064,-0.106396,-0.106401,-0.106398,-0.106395,-0.106396,-0.106396,-0.106397,-0.102112,-0.0949563,-0.087968,-0.0810486,-0.0742461,-0.0675448,-0.0610325,-0.0546673,-0.0485034,-0.0424839,-0.036648,-0.0310507,-0.0256063,-0.0204893,-0.0155947,-0.0110039,-0.00674694,-0.00280931,0.000736884,0.00389128,0.00666381,0.00895219,0.0109104,0.0125789,0.0139092,0.0149389,0.0157494,0.0163876,0.0168567,0.017273,0.0174266,0.0176398,0.0178321,0.017977,0.018069,0.0182064,0.0182694,0.0183163,0.0184229,0.0183723,0.018403,0.018487,0.0185193,0.0185317,0.0185845,0.0186249,0.0186593,0.0186884,0.018648,0.0186599,0.0186863,0.0187385,0.0187428,0.0187644,0.0188096,0.0188015,0.018871,0.0187983,0.0187934,0.0188764,0.018864,0.0188968,0.0189238,0.0189334,0.0189415,0.0189523,0.0189426,0.0189512,0.0189372,0.0189841,0.0189851,0.0190212,0.0190401,0.0190239,0.0190654,0.0190293,0.0190121,0.0190627,0.0190778,0.0190724,0.0190896,0.019094,0.0190751,0.019122,0.0191236,0.0190476,0.0191074,0.0191166,0.0191144,0.0191343,0.0191386,0.0191386,0.0191607,0.0191139,0.0191063,0.0191672,0.0191753,0.0191785,0.0191694,0.0191995,0.0191979,0.0192324,0.019178,0.0191645,0.0192038,0.0192205,0.0192162,0.019234,0.0192663,0.0192404,0.0192776,0.0192275,0.0192162,0.0192679,0.0192884,0.0192631,0.0192598,0.0192954,0.0193105,0.0193099,0.019248,0.0192641,0.0193142,0.0193083,0.0193131,0.0192911,0.0192954,0.0193196,0.0192841,0.0193131,0.0193266,0.0193223,0.0193244,0.0193557,0.0193428,0.0193767,0.0193681,0.0193185,0.0193487,0.0193514]},"pv_cell_parameters":{"voc":{"unit":"V","value":1.02},"isc":{"unit":"mA","value":1.82},"jsc":{"unit":"mA\/cm2","value":19.310000000000002},"vopt":{"unit":"mV","value":906.5},"iopt":{"unit":"mA","value":1.62},"pmax":{"unit":"W","value":0.00147},"fill_factor":{"unit":"%","value":79.72},"efficiency":{"unit":"%","value":15.66},"cell_dimension":{"unit":"cm2","value":0.094},"irradiance":{"unit":"mW\/cm2","value":100}},"calculations":{"fitted_isc":{"unit":"mA","value":1.8100000000000003},"fitted_voc":{"unit":"V","value":1.01},"rshunt":{"unit":"Kohm","value":48.980000000000004},"rseries":{"unit":"ohm","value":30.53}},"measurement_conditions":{"sweep_direction":{"unit":"","value":"Reverse"},"nplc":{"unit":"","value":0.01},"voltage_settling_time":{"unit":"s","value":0.01},"configuration_file":{"unit":"","value":"Configuration for I-V meas.conf"},"sample_id":{"unit":"","value":"R 6-4"},"note":{"unit":"","value":"\uc2dc\ub8cc\uc5d0 \uad00\ud55c \ubd80\uac00\uc801\uc778 \uc124\uba85\uc744 \uc774\uacf3\uc5d0 \uc801\uc73c\uc138\uc694. ^^"}},"key":"R 6-4_20220603"},{"V":{"unit":"V","value":[1.5,1.48995,1.4799,1.4698,1.45975,1.4497,1.43965,1.4296,1.41955,1.40945,1.3994,1.38935,1.3793,1.36925,1.35915,1.3491,1.33905,1.329,1.31895,1.3089,1.2988,1.28875,1.2787,1.26865,1.2586,1.2485,1.23845,1.2284,1.21835,1.2083,1.19825,1.18815,1.1781,1.16805,1.158,1.14795,1.13785,1.1278,1.11775,1.1077,1.09765,1.0876,1.0775,1.06745,1.0574,1.04735,1.0373,1.0272,1.01715,1.0071,0.99705,0.987,0.97695,0.96685,0.9568,0.94675,0.9367,0.92665,0.91655,0.9065,0.89645,0.8864,0.87635,0.86625,0.8562,0.84615,0.8361,0.82605,0.816,0.8059,0.79585,0.7858,0.77575,0.7657,0.7556,0.74555,0.7355,0.72545,0.7154,0.70535,0.69525,0.6852,0.67515,0.6651,0.65505,0.64495,0.6349,0.62485,0.6148,0.60475,0.5947,0.5846,0.57455,0.5645,0.55445,0.5444,0.5343,0.52425,0.5142,0.50415,0.4941,0.48405,0.47395,0.4639,0.45385,0.4438,0.43375,0.42365,0.4136,0.40355,0.3935,0.38345,0.3734,0.3633,0.35325,0.3432,0.33315,0.3231,0.313,0.30295,0.2929,0.28285,0.2728,0.2627,0.25265,0.2426,0.23255,0.2225,0.21245,0.20235,0.1923,0.18225,0.1722,0.16215,0.15205,0.142,0.13195,0.1219,0.11185,0.1018,0.0917,0.08165,0.0716,0.06155,0.0515,0.0414,0.03135,0.0213,0.01125,0.0012,-0.00885,-0.01895,-0.029,-0.03905,-0.0491,-0.05915,-0.06925,-0.0793,-0.08935,-0.0994,-0.10945,-0.1195,-0.1296,-0.13965,-0.1497,-0.15975,-0.1698,-0.1799,-0.18995,-0.2]},"I":{"unit":"A","value":[-0.0100016,-0.0100015,-0.0100015,-0.0100016,-0.0100014,-0.0100014,-0.0100016,-0.0100015,-0.0100015,-0.0100015,-0.0100016,-0.0100015,-0.0100015,-0.0100015,-0.0100015,-0.0100015,-0.0100014,-0.0100014,-0.0100017,-0.0100015,-0.0100016,-0.0100014,-0.0100015,-0.00986499,-0.00943121,-0.00900239,-0.00857884,-0.00816977,-0.00773913,-0.00729027,-0.00684323,-0.00641284,-0.00599521,-0.00556731,-0.00515707,-0.00473671,-0.00431457,-0.00389943,-0.00350372,-0.00311509,-0.00273796,-0.0023667,-0.0020043,-0.0016537,-0.00131889,-0.000993946,-0.000685609,-0.000388662,-0.000109686,0.000150726,0.00039257,0.000614314,0.000809985,0.000981559,0.00113308,0.00126309,0.00136976,0.00145502,0.00152422,0.00157905,0.00162548,0.00164846,0.00166967,0.0016922,0.00170937,0.00172582,0.00173377,0.00174116,0.00174921,0.00175549,0.00175478,0.0017567,0.00176197,0.00176986,0.00177214,0.00177589,0.0017771,0.00178014,0.00178693,0.00178323,0.00178196,0.00178531,0.0017891,0.00179219,0.0017929,0.00179118,0.00179837,0.00179791,0.00179928,0.00179786,0.00179806,0.00180297,0.00180616,0.00180328,0.00180404,0.0018091,0.00180809,0.00180621,0.0018051,0.00180945,0.00181006,0.00181178,0.00181497,0.00180895,0.00181345,0.00181355,0.00181219,0.00181214,0.00181431,0.00181811,0.00181847,0.00181882,0.00181826,0.00181897,0.0018211,0.00182034,0.0018174,0.00181877,0.00182176,0.0018255,0.00182277,0.00182322,0.00182474,0.0018256,0.00182449,0.00182479,0.00182449,0.00182363,0.00182738,0.0018296,0.00182788,0.00182793,0.00182864,0.00183006,0.00182753,0.0018296,0.00183006,0.00183138,0.0018331,0.00182971,0.00183355,0.00183527,0.00183239,0.0018333,0.00183259,0.00183492,0.00183522,0.00183659,0.00183867,0.00183446,0.00184034,0.00183654,0.00183674,0.00183406,0.00183922,0.00183862,0.00183937,0.00184084,0.00183988,0.00183755,0.00183856,0.0018372,0.00183993,0.00184302,0.00183988,0.00184292,0.00184307,0.0018417,0.00184201,0.00183796]},"J":{"unit":"A\/cm2","value":[-0.1064,-0.106399,-0.106399,-0.1064,-0.106398,-0.106397,-0.1064,-0.106399,-0.106399,-0.106399,-0.1064,-0.106399,-0.106399,-0.106399,-0.106399,-0.106399,-0.106398,-0.106397,-0.106401,-0.106399,-0.1064,-0.106397,-0.106399,-0.104947,-0.100332,-0.0957701,-0.0912643,-0.0869124,-0.0823312,-0.077556,-0.0728003,-0.0682217,-0.0637789,-0.0592267,-0.0548625,-0.0503905,-0.0458997,-0.0414833,-0.0372736,-0.0331393,-0.0291273,-0.0251777,-0.0213224,-0.0175925,-0.0140307,-0.0105739,-0.00729371,-0.00413471,-0.00116687,0.00160347,0.00417628,0.00653526,0.00861686,0.0104421,0.0120541,0.0134371,0.0145719,0.0154789,0.0162151,0.0167984,0.0172923,0.0175368,0.0177625,0.0180022,0.0181847,0.0183598,0.0184443,0.018523,0.0186086,0.0186754,0.0186679,0.0186883,0.0187443,0.0188283,0.0188526,0.0188924,0.0189054,0.0189377,0.0190099,0.0189705,0.0189571,0.0189926,0.019033,0.0190659,0.0190734,0.0190551,0.0191316,0.0191267,0.0191413,0.0191262,0.0191283,0.0191806,0.0192145,0.0191838,0.0191919,0.0192458,0.019235,0.019215,0.0192032,0.0192495,0.019256,0.0192743,0.0193082,0.0192441,0.0192921,0.0192931,0.0192786,0.0192781,0.0193012,0.0193416,0.0193454,0.0193491,0.0193432,0.0193508,0.0193734,0.0193653,0.0193341,0.0193486,0.0193804,0.0194202,0.0193912,0.019396,0.0194122,0.0194213,0.0194095,0.0194127,0.0194095,0.0194003,0.0194402,0.0194639,0.0194456,0.0194461,0.0194536,0.0194687,0.0194418,0.0194639,0.0194687,0.0194827,0.019501,0.0194649,0.0195059,0.0195242,0.0194935,0.0195032,0.0194956,0.0195204,0.0195236,0.0195382,0.0195603,0.0195156,0.0195781,0.0195376,0.0195398,0.0195113,0.0195662,0.0195597,0.0195678,0.0195834,0.0195732,0.0195484,0.0195592,0.0195446,0.0195737,0.0196066,0.0195732,0.0196055,0.0196071,0.0195926,0.0195958,0.0195527]},"pv_cell_parameters":{"voc":{"unit":"V","value":1.02},"isc":{"unit":"mA","value":1.83},"jsc":{"unit":"mA\/cm2","value":19.52},"vopt":{"unit":"mV","value":866.25},"iopt":{"unit":"mA","value":1.69},"pmax":{"unit":"W","value":0.00147},"fill_factor":{"unit":"%","value":78.56},"efficiency":{"unit":"%","value":15.59},"cell_dimension":{"unit":"cm2","value":0.094},"irradiance":{"unit":"mW\/cm2","value":100}},"calculations":{"fitted_isc":{"unit":"mA","value":1.84},"fitted_voc":{"unit":"V","value":1.01},"rshunt":{"unit":"Kohm","value":21.490000000000002},"rseries":{"unit":"ohm","value":36.53}},"measurement_conditions":{"sweep_direction":{"unit":"","value":"Reverse"},"nplc":{"unit":"","value":0.01},"voltage_settling_time":{"unit":"s","value":0.01},"configuration_file":{"unit":"","value":"Configuration for I-V meas.conf"},"sample_id":{"unit":"","value":"R 6-3"},"note":{"unit":"","value":"\uc2dc\ub8cc\uc5d0 \uad00\ud55c \ubd80\uac00\uc801\uc778 \uc124\uba85\uc744 \uc774\uacf3\uc5d0 \uc801\uc73c\uc138\uc694. ^^"}},"key":"R 6-3_20220603"},{"V":{"unit":"V","value":[1.5,1.48995,1.4799,1.4698,1.45975,1.4497,1.43965,1.4296,1.41955,1.40945,1.3994,1.38935,1.3793,1.36925,1.35915,1.3491,1.33905,1.329,1.31895,1.3089,1.2988,1.28875,1.2787,1.26865,1.2586,1.2485,1.23845,1.2284,1.21835,1.2083,1.19825,1.18815,1.1781,1.16805,1.158,1.14795,1.13785,1.1278,1.11775,1.1077,1.09765,1.0876,1.0775,1.06745,1.0574,1.04735,1.0373,1.0272,1.01715,1.0071,0.99705,0.987,0.97695,0.96685,0.9568,0.94675,0.9367,0.92665,0.91655,0.9065,0.89645,0.8864,0.87635,0.86625,0.8562,0.84615,0.8361,0.82605,0.816,0.8059,0.79585,0.7858,0.77575,0.7657,0.7556,0.74555,0.7355,0.72545,0.7154,0.70535,0.69525,0.6852,0.67515,0.6651,0.65505,0.64495,0.6349,0.62485,0.6148,0.60475,0.5947,0.5846,0.57455,0.5645,0.55445,0.5444,0.5343,0.52425,0.5142,0.50415,0.4941,0.48405,0.47395,0.4639,0.45385,0.4438,0.43375,0.42365,0.4136,0.40355,0.3935,0.38345,0.3734,0.3633,0.35325,0.3432,0.33315,0.3231,0.313,0.30295,0.2929,0.28285,0.2728,0.2627,0.25265,0.2426,0.23255,0.2225,0.21245,0.20235,0.1923,0.18225,0.1722,0.16215,0.15205,0.142,0.13195,0.1219,0.11185,0.1018,0.0917,0.08165,0.0716,0.06155,0.0515,0.0414,0.03135,0.0213,0.01125,0.0012,-0.00885,-0.01895,-0.029,-0.03905,-0.0491,-0.05915,-0.06925,-0.0793,-0.08935,-0.0994,-0.10945,-0.1195,-0.1296,-0.13965,-0.1497,-0.15975,-0.1698,-0.1799,-0.18995,-0.2]},"I":{"unit":"A","value":[-0.0100019,-0.0100018,-0.0100017,-0.0100017,-0.0100018,-0.0100018,-0.0100019,-0.0100016,-0.0100017,-0.0100017,-0.0100017,-0.0100018,-0.0100017,-0.0100018,-0.010002,-0.0100021,-0.0100017,-0.0100017,-0.0100017,-0.0100016,-0.0100017,-0.0100017,-0.0100017,-0.0100018,-0.0100018,-0.0100017,-0.0100017,-0.0100018,-0.0100017,-0.0100017,-0.0100018,-0.0100017,-0.0092294,-0.00847436,-0.00773486,-0.00701551,-0.00631145,-0.00562308,-0.00496154,-0.00431701,-0.0036987,-0.00310393,-0.00253523,-0.00199797,-0.00149498,-0.00102591,-0.000591213,-0.000200961,0.000152806,0.000456218,0.000722924,0.000942396,0.00112987,0.00127289,0.0013866,0.00148234,0.00155494,0.00160815,0.00165159,0.00168171,0.00171062,0.00172652,0.00173811,0.00174621,0.0017614,0.00176479,0.00177401,0.00177998,0.00178079,0.00178904,0.00179406,0.00179158,0.00179345,0.00179836,0.00179968,0.00180342,0.00180767,0.00180788,0.00181122,0.00181492,0.00181208,0.00181228,0.00181501,0.00181638,0.00182053,0.00182332,0.00182428,0.00182312,0.00182879,0.00182545,0.00182347,0.00182666,0.00182671,0.00183096,0.00183026,0.00183172,0.00183223,0.00183547,0.00183198,0.0018337,0.00183431,0.00183507,0.00183896,0.00183972,0.00184074,0.0018378,0.00184387,0.00183846,0.00183886,0.00184322,0.0018422,0.00184043,0.00184797,0.00184428,0.00184514,0.00184803,0.0018459,0.00184595,0.00184691,0.00184954,0.00185041,0.00184878,0.00185436,0.00185116,0.00185304,0.00185041,0.00184721,0.00185122,0.00185446,0.00185481,0.00185278,0.00185486,0.00185668,0.00185749,0.00185562,0.0018541,0.00185552,0.00185658,0.00185891,0.00186013,0.00185835,0.00185876,0.00186149,0.00185845,0.00185785,0.00185638,0.00186246,0.00186165,0.00186119,0.00186038,0.0018622,0.00185982,0.00186165,0.00185957,0.00186053,0.00185906,0.00186418,0.00186205,0.00186276,0.00186286,0.00186559,0.00186008,0.00186002,0.00186534,0.00186332,0.00186367,0.00186524,0.00186342,0.00186443,0.00186686]},"J":{"unit":"A\/cm2","value":[-0.106403,-0.106402,-0.106401,-0.106401,-0.106402,-0.106402,-0.106403,-0.1064,-0.106401,-0.106401,-0.106401,-0.106402,-0.106401,-0.106402,-0.106404,-0.106405,-0.106401,-0.106401,-0.106401,-0.1064,-0.106401,-0.106401,-0.106401,-0.106402,-0.106402,-0.106401,-0.106401,-0.106402,-0.106401,-0.106401,-0.106402,-0.106401,-0.0981851,-0.0901528,-0.0822858,-0.0746331,-0.0671431,-0.05982,-0.0527823,-0.0459256,-0.0393479,-0.0330205,-0.0269706,-0.021255,-0.0159041,-0.0109139,-0.0062895,-0.00213788,0.00162559,0.00485338,0.00769068,0.0100255,0.0120199,0.0135414,0.0147511,0.0157696,0.0165419,0.017108,0.0175701,0.0178906,0.0181981,0.0183672,0.0184906,0.0185767,0.0187383,0.0187744,0.0188724,0.018936,0.0189446,0.0190324,0.0190857,0.0190593,0.0190793,0.0191315,0.0191455,0.0191853,0.0192306,0.0192327,0.0192683,0.0193076,0.0192774,0.0192796,0.0193087,0.0193232,0.0193674,0.019397,0.0194073,0.0193949,0.0194552,0.0194196,0.0193986,0.0194326,0.0194331,0.0194783,0.0194708,0.0194864,0.0194918,0.0195263,0.0194891,0.0195074,0.0195139,0.019522,0.0195634,0.0195715,0.0195823,0.0195511,0.0196157,0.0195581,0.0195624,0.0196087,0.0195979,0.0195791,0.0196593,0.01962,0.0196291,0.0196598,0.0196372,0.0196378,0.019648,0.019676,0.0196852,0.0196679,0.0197272,0.0196932,0.0197132,0.0196852,0.0196512,0.0196938,0.0197282,0.019732,0.0197105,0.0197326,0.0197519,0.0197606,0.0197406,0.0197245,0.0197396,0.0197509,0.0197756,0.0197886,0.0197697,0.019774,0.0198031,0.0197708,0.0197643,0.0197487,0.0198134,0.0198047,0.0197999,0.0197913,0.0198107,0.0197853,0.0198047,0.0197826,0.0197929,0.0197773,0.0198317,0.019809,0.0198166,0.0198176,0.0198467,0.019788,0.0197875,0.019844,0.0198225,0.0198263,0.019843,0.0198236,0.0198344,0.0198602]},"pv_cell_parameters":{"voc":{"unit":"V","value":1.02},"isc":{"unit":"mA","value":1.86},"jsc":{"unit":"mA\/cm2","value":19.79},"vopt":{"unit":"mV","value":896.45},"iopt":{"unit":"mA","value":1.71},"pmax":{"unit":"W","value":0.0015300000000000001},"fill_factor":{"unit":"%","value":81.04},"efficiency":{"unit":"%","value":16.31},"cell_dimension":{"unit":"cm2","value":0.094},"irradiance":{"unit":"mW\/cm2","value":100}},"calculations":{"fitted_isc":{"unit":"mA","value":1.86},"fitted_voc":{"unit":"V","value":1.02},"rshunt":{"unit":"Kohm","value":46.95},"rseries":{"unit":"ohm","value":28.88}},"measurement_conditions":{"sweep_direction":{"unit":"","value":"Reverse"},"nplc":{"unit":"","value":0.01},"voltage_settling_time":{"unit":"s","value":0.01},"configuration_file":{"unit":"","value":"Configuration for I-V meas.conf"},"sample_id":{"unit":"","value":"R 6-2"},"note":{"unit":"","value":"\uc2dc\ub8cc\uc5d0 \uad00\ud55c \ubd80\uac00\uc801\uc778 \uc124\uba85\uc744 \uc774\uacf3\uc5d0 \uc801\uc73c\uc138\uc694. ^^"}},"key":"R 6-2_20220603"},{"V":{"unit":"V","value":[1.5,1.48995,1.4799,1.4698,1.45975,1.4497,1.43965,1.4296,1.41955,1.40945,1.3994,1.38935,1.3793,1.36925,1.35915,1.3491,1.33905,1.329,1.31895,1.3089,1.2988,1.28875,1.2787,1.26865,1.2586,1.2485,1.23845,1.2284,1.21835,1.2083,1.19825,1.18815,1.1781,1.16805,1.158,1.14795,1.13785,1.1278,1.11775,1.1077,1.09765,1.0876,1.0775,1.06745,1.0574,1.04735,1.0373,1.0272,1.01715,1.0071,0.99705,0.987,0.97695,0.96685,0.9568,0.94675,0.9367,0.92665,0.91655,0.9065,0.89645,0.8864,0.87635,0.86625,0.8562,0.84615,0.8361,0.82605,0.816,0.8059,0.79585,0.7858,0.77575,0.7657,0.7556,0.74555,0.7355,0.72545,0.7154,0.70535,0.69525,0.6852,0.67515,0.6651,0.65505,0.64495,0.6349,0.62485,0.6148,0.60475,0.5947,0.5846,0.57455,0.5645,0.55445,0.5444,0.5343,0.52425,0.5142,0.50415,0.4941,0.48405,0.47395,0.4639,0.45385,0.4438,0.43375,0.42365,0.4136,0.40355,0.3935,0.38345,0.3734,0.3633,0.35325,0.3432,0.33315,0.3231,0.313,0.30295,0.2929,0.28285,0.2728,0.2627,0.25265,0.2426,0.23255,0.2225,0.21245,0.20235,0.1923,0.18225,0.1722,0.16215,0.15205,0.142,0.13195,0.1219,0.11185,0.1018,0.0917,0.08165,0.0716,0.06155,0.0515,0.0414,0.03135,0.0213,0.01125,0.0012,-0.00885,-0.01895,-0.029,-0.03905,-0.0491,-0.05915,-0.06925,-0.0793,-0.08935,-0.0994,-0.10945,-0.1195,-0.1296,-0.13965,-0.1497,-0.15975,-0.1698,-0.1799,-0.18995,-0.2]},"I":{"unit":"A","value":[-0.0100013,-0.0100013,-0.0100013,-0.0100014,-0.0100013,-0.0100013,-0.0100012,-0.0100013,-0.0100014,-0.0100014,-0.0100013,-0.0100013,-0.0100013,-0.0100015,-0.0100012,-0.0100015,-0.0100013,-0.0100013,-0.0100013,-0.0100013,-0.0100014,-0.0100012,-0.0100013,-0.0100011,-0.0100013,-0.0100012,-0.0100013,-0.0100011,-0.0100014,-0.0100013,-0.00966455,-0.00897944,-0.00830931,-0.00765488,-0.00700941,-0.00637781,-0.00575841,-0.00515683,-0.00457124,-0.00400028,-0.00344861,-0.00291997,-0.00240647,-0.00192203,-0.00145995,-0.00102902,-0.000627844,-0.000257447,8.11648e-5,0.000381885,0.000643875,0.000865869,0.00105967,0.00120907,0.00133112,0.00143531,0.0015112,0.00157509,0.00162329,0.00165574,0.00168515,0.00170677,0.00171472,0.00172606,0.00173887,0.00174985,0.00175735,0.00176484,0.00176965,0.00177137,0.00178068,0.00177537,0.00177709,0.00178504,0.00178646,0.00179131,0.00179425,0.00179607,0.00179466,0.00180261,0.00179896,0.00179921,0.0018021,0.00180336,0.0018062,0.00180802,0.00180995,0.00180908,0.00181521,0.00180726,0.00181065,0.00181202,0.00181572,0.0018146,0.00182083,0.00182048,0.00181997,0.00182422,0.00182017,0.00182078,0.00182357,0.00182625,0.00182331,0.00183004,0.00183,0.00182822,0.00183131,0.00182903,0.00182756,0.0018303,0.00183364,0.00183187,0.00183232,0.00183607,0.00183784,0.00183865,0.00183313,0.00183516,0.0018385,0.00183769,0.00183577,0.00184047,0.00183804,0.00183921,0.0018428,0.00183906,0.00183708,0.00184139,0.00184047,0.00184169,0.00184503,0.00184209,0.00184402,0.00184326,0.00184209,0.00183987,0.00184442,0.0018465,0.00184432,0.00184204,0.00184943,0.00184645,0.00185085,0.00184528,0.00184235,0.00184786,0.00184797,0.00184776,0.00184943,0.00184731,0.0018504,0.00185004,0.00184883,0.00184645,0.00185126,0.0018504,0.00185075,0.00185217,0.00185065,0.00185247,0.00185657,0.00185308,0.00185166,0.0018511,0.00185399,0.00185566,0.00185267,0.00185414,0.00185753,0.00185733]},"J":{"unit":"A\/cm2","value":[-0.106397,-0.106397,-0.106397,-0.106398,-0.106397,-0.106397,-0.106396,-0.106397,-0.106398,-0.106398,-0.106397,-0.106397,-0.106397,-0.106399,-0.106396,-0.106399,-0.106397,-0.106397,-0.106397,-0.106397,-0.106398,-0.106396,-0.106397,-0.106395,-0.106397,-0.106396,-0.106397,-0.106394,-0.106398,-0.106397,-0.102814,-0.0955259,-0.088397,-0.0814349,-0.0745682,-0.0678491,-0.0612597,-0.0548598,-0.0486302,-0.0425562,-0.0366874,-0.0310636,-0.0256008,-0.0204471,-0.0155314,-0.010947,-0.00667919,-0.0027388,0.000863455,0.00406261,0.00684974,0.00921137,0.011273,0.0128624,0.0141609,0.0152693,0.0160766,0.0167563,0.017269,0.0176142,0.0179271,0.0181571,0.0182417,0.0183623,0.0184986,0.0186155,0.0186952,0.0187749,0.018826,0.0188443,0.0189434,0.0188869,0.0189052,0.0189898,0.0190049,0.0190565,0.0190878,0.0191072,0.0190921,0.0191766,0.0191379,0.0191406,0.0191713,0.0191847,0.0192149,0.0192343,0.0192547,0.0192456,0.0193108,0.0192262,0.0192623,0.0192768,0.0193161,0.0193043,0.0193705,0.0193668,0.0193614,0.0194066,0.0193635,0.01937,0.0193996,0.0194282,0.0193969,0.0194686,0.019468,0.0194492,0.019482,0.0194578,0.0194422,0.0194713,0.0195068,0.0194879,0.0194928,0.0195326,0.0195515,0.0195601,0.0195014,0.019523,0.0195585,0.0195499,0.0195294,0.0195795,0.0195536,0.019566,0.0196043,0.0195644,0.0195434,0.0195892,0.0195795,0.0195924,0.019628,0.0195967,0.0196172,0.0196091,0.0195967,0.0195731,0.0196215,0.0196436,0.0196204,0.0195962,0.0196748,0.0196431,0.0196899,0.0196307,0.0195994,0.0196581,0.0196592,0.0196571,0.0196748,0.0196522,0.0196851,0.0196813,0.0196684,0.0196431,0.0196942,0.0196851,0.0196888,0.0197039,0.0196878,0.0197071,0.0197508,0.0197136,0.0196985,0.0196926,0.0197233,0.0197411,0.0197093,0.0197249,0.019761,0.0197589]},"pv_cell_parameters":{"voc":{"unit":"V","value":1.02},"isc":{"unit":"mA","value":1.85},"jsc":{"unit":"mA\/cm2","value":19.65},"vopt":{"unit":"mV","value":886.4},"iopt":{"unit":"mA","value":1.71},"pmax":{"unit":"W","value":0.00151},"fill_factor":{"unit":"%","value":80.52},"efficiency":{"unit":"%","value":16.09},"cell_dimension":{"unit":"cm2","value":0.094},"irradiance":{"unit":"mW\/cm2","value":100}},"calculations":{"fitted_isc":{"unit":"mA","value":1.85},"fitted_voc":{"unit":"V","value":1.02},"rshunt":{"unit":"Kohm","value":29.89},"rseries":{"unit":"ohm","value":30.25}},"measurement_conditions":{"sweep_direction":{"unit":"","value":"Reverse"},"nplc":{"unit":"","value":0.01},"voltage_settling_time":{"unit":"s","value":0.01},"configuration_file":{"unit":"","value":"Configuration for I-V meas.conf"},"sample_id":{"unit":"","value":"R 6-1"},"note":{"unit":"","value":"\uc2dc\ub8cc\uc5d0 \uad00\ud55c \ubd80\uac00\uc801\uc778 \uc124\uba85\uc744 \uc774\uacf3\uc5d0 \uc801\uc73c\uc138\uc694. ^^"}},"key":"R 6-1_20220603"},{"V":{"unit":"V","value":[1.5,1.48995,1.4799,1.4698,1.45975,1.4497,1.43965,1.4296,1.41955,1.40945,1.3994,1.38935,1.3793,1.36925,1.35915,1.3491,1.33905,1.329,1.31895,1.3089,1.2988,1.28875,1.2787,1.26865,1.2586,1.2485,1.23845,1.2284,1.21835,1.2083,1.19825,1.18815,1.1781,1.16805,1.158,1.14795,1.13785,1.1278,1.11775,1.1077,1.09765,1.0876,1.0775,1.06745,1.0574,1.04735,1.0373,1.0272,1.01715,1.0071,0.99705,0.987,0.97695,0.96685,0.9568,0.94675,0.9367,0.92665,0.91655,0.9065,0.89645,0.8864,0.87635,0.86625,0.8562,0.84615,0.8361,0.82605,0.816,0.8059,0.79585,0.7858,0.77575,0.7657,0.7556,0.74555,0.7355,0.72545,0.7154,0.70535,0.69525,0.6852,0.67515,0.6651,0.65505,0.64495,0.6349,0.62485,0.6148,0.60475,0.5947,0.5846,0.57455,0.5645,0.55445,0.5444,0.5343,0.52425,0.5142,0.50415,0.4941,0.48405,0.47395,0.4639,0.45385,0.4438,0.43375,0.42365,0.4136,0.40355,0.3935,0.38345,0.3734,0.3633,0.35325,0.3432,0.33315,0.3231,0.313,0.30295,0.2929,0.28285,0.2728,0.2627,0.25265,0.2426,0.23255,0.2225,0.21245,0.20235,0.1923,0.18225,0.1722,0.16215,0.15205,0.142,0.13195,0.1219,0.11185,0.1018,0.0917,0.08165,0.0716,0.06155,0.0515,0.0414,0.03135,0.0213,0.01125,0.0012,-0.00885,-0.01895,-0.029,-0.03905,-0.0491,-0.05915,-0.06925,-0.0793,-0.08935,-0.0994,-0.10945,-0.1195,-0.1296,-0.13965,-0.1497,-0.15975,-0.1698,-0.1799,-0.18995,-0.2]},"I":{"unit":"A","value":[-0.0100013,-0.0100013,-0.0100014,-0.0100016,-0.0100014,-0.0100014,-0.0100013,-0.0100013,-0.0100013,-0.0100015,-0.0100013,-0.0100014,-0.0100012,-0.0100014,-0.0100012,-0.0100014,-0.0100016,-0.0100014,-0.0100014,-0.0100012,-0.0100016,-0.0100012,-0.0100015,-0.0100014,-0.0100012,-0.00994798,-0.00929142,-0.00865936,-0.00805626,-0.00745822,-0.00686646,-0.0062789,-0.00570713,-0.00515926,-0.00461867,-0.00409935,-0.00358438,-0.00308738,-0.00260891,-0.00214841,-0.00170739,-0.0012921,-0.000897605,-0.000531511,-0.000201461,0.000106681,0.000385581,0.000627827,0.000843039,0.00102053,0.0011713,0.00129447,0.00139572,0.00146625,0.00152381,0.00157464,0.00161585,0.00164156,0.00166936,0.00168748,0.00170388,0.00171761,0.00172464,0.00173031,0.00173821,0.0017498,0.00175532,0.00176084,0.00176737,0.00177046,0.001778,0.00177496,0.0017782,0.00178038,0.00178717,0.00178985,0.00179122,0.0017903,0.00179532,0.00180083,0.00179567,0.00179759,0.00180053,0.00180225,0.0018022,0.00180544,0.00180427,0.00180701,0.00180802,0.0018101,0.00180615,0.00181015,0.00181061,0.00181212,0.00181339,0.00181121,0.00181708,0.00181779,0.00181445,0.00181597,0.00181764,0.00182164,0.00182194,0.00182053,0.00182205,0.00182124,0.00182402,0.00182519,0.00182118,0.00182519,0.00182529,0.00182797,0.0018262,0.00182756,0.00183101,0.00182549,0.00182468,0.00182928,0.00183025,0.00182802,0.00183085,0.00183,0.00183222,0.00183136,0.0018347,0.00183065,0.00183106,0.00183273,0.00183227,0.00183364,0.00183688,0.00183607,0.00183496,0.00183749,0.00183414,0.00183571,0.00183698,0.00183485,0.00183855,0.00183617,0.00183865,0.00184027,0.00183855,0.0018347,0.00183713,0.0018382,0.00183911,0.00184068,0.00183754,0.00183794,0.00184052,0.00184169,0.00183749,0.00184002,0.00184052,0.00184209,0.0018422,0.00184361,0.00184533,0.00184412,0.00184579,0.00184604,0.00184088,0.00184503,0.00184655,0.00184336,0.00184422,0.00184528,0.00184599,0.0018471]},"J":{"unit":"A\/cm2","value":[-0.106397,-0.106397,-0.106398,-0.1064,-0.106398,-0.106398,-0.106397,-0.106397,-0.106397,-0.106399,-0.106397,-0.106398,-0.106396,-0.106398,-0.106396,-0.106398,-0.1064,-0.106398,-0.106398,-0.106396,-0.1064,-0.106396,-0.106399,-0.106398,-0.106396,-0.10583,-0.0988449,-0.0921209,-0.0857049,-0.0793428,-0.0730474,-0.0667968,-0.0607141,-0.0548857,-0.0491348,-0.0436101,-0.0381317,-0.0328445,-0.0277543,-0.0228554,-0.0181638,-0.0137457,-0.00954899,-0.00565438,-0.0021432,0.00113491,0.00410192,0.00667901,0.0089685,0.0108567,0.0124606,0.013771,0.0148481,0.0155984,0.0162107,0.0167514,0.0171899,0.0174634,0.0177591,0.0179519,0.0181264,0.0182724,0.0183473,0.0184076,0.0184916,0.0186149,0.0186736,0.0187323,0.0188018,0.0188346,0.0189149,0.0188826,0.0189171,0.0189402,0.0190124,0.0190409,0.0190555,0.0190458,0.0190991,0.0191578,0.0191029,0.0191233,0.0191546,0.0191729,0.0191723,0.0192068,0.0191944,0.0192235,0.0192343,0.0192564,0.0192144,0.0192569,0.0192618,0.0192779,0.0192914,0.0192682,0.0193307,0.0193382,0.0193027,0.0193188,0.0193366,0.0193792,0.0193824,0.0193673,0.0193835,0.0193749,0.0194045,0.0194169,0.0193743,0.0194169,0.0194179,0.0194465,0.0194276,0.0194422,0.0194788,0.0194201,0.0194115,0.0194605,0.0194707,0.019447,0.0194772,0.019468,0.0194917,0.0194826,0.0195181,0.019475,0.0194793,0.0194971,0.0194923,0.0195068,0.0195413,0.0195326,0.0195208,0.0195477,0.0195122,0.0195289,0.0195423,0.0195197,0.019559,0.0195337,0.0195601,0.0195774,0.019559,0.0195181,0.019544,0.0195553,0.019565,0.0195817,0.0195483,0.0195526,0.01958,0.0195924,0.0195477,0.0195747,0.01958,0.0195968,0.0195978,0.0196129,0.0196312,0.0196183,0.0196361,0.0196388,0.0195838,0.019628,0.0196441,0.0196102,0.0196194,0.0196307,0.0196382,0.0196501]},"pv_cell_parameters":{"voc":{"unit":"V","value":1.05},"isc":{"unit":"mA","value":1.84},"jsc":{"unit":"mA\/cm2","value":19.55},"vopt":{"unit":"mV","value":916.55},"iopt":{"unit":"mA","value":1.6700000000000002},"pmax":{"unit":"W","value":0.0015300000000000001},"fill_factor":{"unit":"%","value":79.48},"efficiency":{"unit":"%","value":16.28},"cell_dimension":{"unit":"cm2","value":0.094},"irradiance":{"unit":"mW\/cm2","value":100}},"calculations":{"fitted_isc":{"unit":"mA","value":1.84},"fitted_voc":{"unit":"V","value":1.05},"rshunt":{"unit":"Kohm","value":15.81},"rseries":{"unit":"ohm","value":33.08}},"measurement_conditions":{"sweep_direction":{"unit":"","value":"Reverse"},"nplc":{"unit":"","value":0.01},"voltage_settling_time":{"unit":"s","value":0.01},"configuration_file":{"unit":"","value":"Configuration for I-V meas.conf"},"sample_id":{"unit":"","value":"R 5-4"},"note":{"unit":"","value":"\uc2dc\ub8cc\uc5d0 \uad00\ud55c \ubd80\uac00\uc801\uc778 \uc124\uba85\uc744 \uc774\uacf3\uc5d0 \uc801\uc73c\uc138\uc694. ^^"}},"key":"R 5-4_20220603"},{"V":{"unit":"V","value":[1.5,1.48995,1.4799,1.4698,1.45975,1.4497,1.43965,1.4296,1.41955,1.40945,1.3994,1.38935,1.3793,1.36925,1.35915,1.3491,1.33905,1.329,1.31895,1.3089,1.2988,1.28875,1.2787,1.26865,1.2586,1.2485,1.23845,1.2284,1.21835,1.2083,1.19825,1.18815,1.1781,1.16805,1.158,1.14795,1.13785,1.1278,1.11775,1.1077,1.09765,1.0876,1.0775,1.06745,1.0574,1.04735,1.0373,1.0272,1.01715,1.0071,0.99705,0.987,0.97695,0.96685,0.9568,0.94675,0.9367,0.92665,0.91655,0.9065,0.89645,0.8864,0.87635,0.86625,0.8562,0.84615,0.8361,0.82605,0.816,0.8059,0.79585,0.7858,0.77575,0.7657,0.7556,0.74555,0.7355,0.72545,0.7154,0.70535,0.69525,0.6852,0.67515,0.6651,0.65505,0.64495,0.6349,0.62485,0.6148,0.60475,0.5947,0.5846,0.57455,0.5645,0.55445,0.5444,0.5343,0.52425,0.5142,0.50415,0.4941,0.48405,0.47395,0.4639,0.45385,0.4438,0.43375,0.42365,0.4136,0.40355,0.3935,0.38345,0.3734,0.3633,0.35325,0.3432,0.33315,0.3231,0.313,0.30295,0.2929,0.28285,0.2728,0.2627,0.25265,0.2426,0.23255,0.2225,0.21245,0.20235,0.1923,0.18225,0.1722,0.16215,0.15205,0.142,0.13195,0.1219,0.11185,0.1018,0.0917,0.08165,0.0716,0.06155,0.0515,0.0414,0.03135,0.0213,0.01125,0.0012,-0.00885,-0.01895,-0.029,-0.03905,-0.0491,-0.05915,-0.06925,-0.0793,-0.08935,-0.0994,-0.10945,-0.1195,-0.1296,-0.13965,-0.1497,-0.15975,-0.1698,-0.1799,-0.18995,-0.2]},"I":{"unit":"A","value":[-0.0100019,-0.0100015,-0.0100017,-0.0100017,-0.0100016,-0.0100018,-0.0100017,-0.0100018,-0.0100018,-0.0100017,-0.0100017,-0.0100016,-0.0100019,-0.0100019,-0.0100017,-0.0100016,-0.0100017,-0.0100016,-0.0100018,-0.0100016,-0.0100016,-0.00979423,-0.00930875,-0.00882586,-0.00834676,-0.00786943,-0.00740197,-0.00694303,-0.0064823,-0.00603201,-0.00558809,-0.00514569,-0.0047119,-0.00428717,-0.00386837,-0.00345609,-0.00305455,-0.00265802,-0.00227191,-0.00189953,-0.00153413,-0.00118629,-0.000847979,-0.000529407,-0.000223946,5.84358e-5,0.000320943,0.000563048,0.000782622,0.000976071,0.00114026,0.0012848,0.00140509,0.00149683,0.00157065,0.00163282,0.00168112,0.00171732,0.00174815,0.00176552,0.00178283,0.00179665,0.00180268,0.00180936,0.00181331,0.00182197,0.00182505,0.00182911,0.0018323,0.00183498,0.0018368,0.00183928,0.00183619,0.00184217,0.00184576,0.00184495,0.00184885,0.00184759,0.00185128,0.00185052,0.00184971,0.00185194,0.00185346,0.00185224,0.00185629,0.00185579,0.0018569,0.00185953,0.0018609,0.00185878,0.00185771,0.00185928,0.00186131,0.00186211,0.00186667,0.0018647,0.00186758,0.00186733,0.00186713,0.00186718,0.00186789,0.00186531,0.00186951,0.00187052,0.00187057,0.00186748,0.00187351,0.00186991,0.00186895,0.00187133,0.00186804,0.00187518,0.00187366,0.00187285,0.0018725,0.00187538,0.00187052,0.00187437,0.00187629,0.00187518,0.00187639,0.00187624,0.00187948,0.00187381,0.00188049,0.00187821,0.00187801,0.00187984,0.00187776,0.00187903,0.00188232,0.00187872,0.00187639,0.00187837,0.00187801,0.00187832,0.0018807,0.00188065,0.00188049,0.00188044,0.00188237,0.00188105,0.00188302,0.00188146,0.00188095,0.00188115,0.00188292,0.00187837,0.00188348,0.00188464,0.0018854,0.00188525,0.00188125,0.00187933,0.00188338,0.00188257,0.00188313,0.0018814,0.00188464,0.00188257,0.00188444,0.00188474,0.00188272,0.001881,0.00188621,0.00188404,0.00188313,0.00188464,0.0018851,0.00188409]},"J":{"unit":"A\/cm2","value":[-0.106403,-0.106399,-0.106401,-0.106401,-0.1064,-0.106403,-0.106401,-0.106402,-0.106403,-0.106401,-0.106401,-0.1064,-0.106403,-0.106403,-0.106401,-0.1064,-0.106401,-0.1064,-0.106402,-0.1064,-0.1064,-0.104194,-0.0990293,-0.0938921,-0.0887953,-0.0837174,-0.0787444,-0.073862,-0.0689606,-0.0641703,-0.0594478,-0.0547414,-0.0501266,-0.0456082,-0.0411529,-0.0367669,-0.0324952,-0.0282768,-0.0241693,-0.0202077,-0.0163205,-0.0126201,-0.00902106,-0.00563199,-0.0023824,0.000621658,0.00341429,0.00598987,0.00832577,0.0103837,0.0121304,0.0136681,0.0149478,0.0159238,0.016709,0.0173704,0.0178842,0.0182693,0.0185973,0.0187821,0.0189663,0.0191133,0.0191774,0.0192485,0.0192905,0.0193826,0.0194155,0.0194586,0.0194925,0.0195211,0.0195404,0.0195668,0.019534,0.0195975,0.0196358,0.0196271,0.0196686,0.0196552,0.0196945,0.0196864,0.0196778,0.0197015,0.0197176,0.0197047,0.0197478,0.0197424,0.0197543,0.0197823,0.0197968,0.0197742,0.0197629,0.0197796,0.0198011,0.0198097,0.0198582,0.0198372,0.0198679,0.0198652,0.0198631,0.0198636,0.0198711,0.0198437,0.0198884,0.0198991,0.0198997,0.0198668,0.0199309,0.0198927,0.0198824,0.0199078,0.0198728,0.0199487,0.0199325,0.0199239,0.0199202,0.0199509,0.0198991,0.0199401,0.0199605,0.0199487,0.0199616,0.01996,0.0199945,0.0199341,0.0200052,0.019981,0.0199789,0.0199983,0.0199762,0.0199896,0.0200246,0.0199864,0.0199616,0.0199826,0.0199789,0.0199821,0.0200074,0.0200069,0.0200052,0.0200047,0.0200252,0.0200112,0.0200322,0.0200155,0.0200101,0.0200122,0.0200311,0.0199826,0.020037,0.0200494,0.0200575,0.0200559,0.0200133,0.0199929,0.0200359,0.0200273,0.0200332,0.0200149,0.0200494,0.0200273,0.0200473,0.0200505,0.0200289,0.0200106,0.0200661,0.020043,0.0200332,0.0200494,0.0200543,0.0200435]},"pv_cell_parameters":{"voc":{"unit":"V","value":1.05},"isc":{"unit":"mA","value":1.88},"jsc":{"unit":"mA\/cm2","value":20.05},"vopt":{"unit":"mV","value":916.55},"iopt":{"unit":"mA","value":1.75},"pmax":{"unit":"W","value":0.0016},"fill_factor":{"unit":"%","value":81.17},"efficiency":{"unit":"%","value":17.05},"cell_dimension":{"unit":"cm2","value":0.094},"irradiance":{"unit":"mW\/cm2","value":100}},"calculations":{"fitted_isc":{"unit":"mA","value":1.88},"fitted_voc":{"unit":"V","value":1.05},"rshunt":{"unit":"Kohm","value":54.160000000000004},"rseries":{"unit":"ohm","value":35.88}},"measurement_conditions":{"sweep_direction":{"unit":"","value":"Reverse"},"nplc":{"unit":"","value":0.01},"voltage_settling_time":{"unit":"s","value":0.01},"configuration_file":{"unit":"","value":"Configuration for I-V meas.conf"},"sample_id":{"unit":"","value":"R 5-3"},"note":{"unit":"","value":"\uc2dc\ub8cc\uc5d0 \uad00\ud55c \ubd80\uac00\uc801\uc778 \uc124\uba85\uc744 \uc774\uacf3\uc5d0 \uc801\uc73c\uc138\uc694. ^^"}},"key":"R 5-3_20220603"},{"V":{"unit":"V","value":[1.5,1.48995,1.4799,1.4698,1.45975,1.4497,1.43965,1.4296,1.41955,1.40945,1.3994,1.38935,1.3793,1.36925,1.35915,1.3491,1.33905,1.329,1.31895,1.3089,1.2988,1.28875,1.2787,1.26865,1.2586,1.2485,1.23845,1.2284,1.21835,1.2083,1.19825,1.18815,1.1781,1.16805,1.158,1.14795,1.13785,1.1278,1.11775,1.1077,1.09765,1.0876,1.0775,1.06745,1.0574,1.04735,1.0373,1.0272,1.01715,1.0071,0.99705,0.987,0.97695,0.96685,0.9568,0.94675,0.9367,0.92665,0.91655,0.9065,0.89645,0.8864,0.87635,0.86625,0.8562,0.84615,0.8361,0.82605,0.816,0.8059,0.79585,0.7858,0.77575,0.7657,0.7556,0.74555,0.7355,0.72545,0.7154,0.70535,0.69525,0.6852,0.67515,0.6651,0.65505,0.64495,0.6349,0.62485,0.6148,0.60475,0.5947,0.5846,0.57455,0.5645,0.55445,0.5444,0.5343,0.52425,0.5142,0.50415,0.4941,0.48405,0.47395,0.4639,0.45385,0.4438,0.43375,0.42365,0.4136,0.40355,0.3935,0.38345,0.3734,0.3633,0.35325,0.3432,0.33315,0.3231,0.313,0.30295,0.2929,0.28285,0.2728,0.2627,0.25265,0.2426,0.23255,0.2225,0.21245,0.20235,0.1923,0.18225,0.1722,0.16215,0.15205,0.142,0.13195,0.1219,0.11185,0.1018,0.0917,0.08165,0.0716,0.06155,0.0515,0.0414,0.03135,0.0213,0.01125,0.0012,-0.00885,-0.01895,-0.029,-0.03905,-0.0491,-0.05915,-0.06925,-0.0793,-0.08935,-0.0994,-0.10945,-0.1195,-0.1296,-0.13965,-0.1497,-0.15975,-0.1698,-0.1799,-0.18995,-0.2]},"I":{"unit":"A","value":[-0.0100016,-0.0100015,-0.0100016,-0.0100016,-0.0100015,-0.0100014,-0.0100017,-0.0100015,-0.0100016,-0.0100016,-0.0100016,-0.0100018,-0.0100017,-0.0100016,-0.0100017,-0.0100016,-0.0100016,-0.0100018,-0.0100018,-0.0100013,-0.0100016,-0.0100015,-0.0100017,-0.0100016,-0.0100016,-0.0100016,-0.0100017,-0.0100016,-0.00954526,-0.00884257,-0.00815031,-0.00747561,-0.00681216,-0.00616986,-0.00554026,-0.00492692,-0.00432892,-0.00374696,-0.00319609,-0.0026601,-0.00215231,-0.00166562,-0.00121351,-0.000788029,-0.000395755,-3.28934e-5,0.000288132,0.000573722,0.000823212,0.00103306,0.00120352,0.00134563,0.00146289,0.0015523,0.00161735,0.00167097,0.00171349,0.00173962,0.00176731,0.00177506,0.00178933,0.00180209,0.00180974,0.00181839,0.00182179,0.0018272,0.00183034,0.00183804,0.00183373,0.00183682,0.00184097,0.0018426,0.00184097,0.00184629,0.00184831,0.00184669,0.00185318,0.001851,0.00185034,0.00185358,0.00185399,0.00185307,0.00185647,0.00185849,0.00185905,0.00186092,0.00185849,0.00185981,0.00186107,0.00186315,0.00185971,0.0018636,0.00186477,0.00186295,0.00186872,0.00186543,0.0018635,0.00186538,0.0018674,0.00186679,0.00186745,0.00186948,0.00187089,0.00186958,0.00187014,0.0018674,0.00187014,0.0018712,0.00187393,0.0018753,0.00187125,0.00187611,0.00187499,0.00187272,0.00186998,0.00187423,0.00187449,0.00187657,0.00187646,0.00187682,0.00187727,0.00188046,0.00187981,0.00187535,0.00187793,0.00188066,0.00187996,0.00187778,0.00188158,0.00188416,0.00188117,0.00188259,0.00188142,0.00188224,0.00188224,0.00188623,0.00188335,0.00188603,0.001887,0.00188715,0.0018836,0.00188472,0.00188487,0.0018872,0.00188583,0.00188811,0.00188634,0.00188623,0.00188932,0.00188801,0.0018838,0.0018874,0.0018874,0.00188856,0.00188872,0.00188932,0.00188775,0.0018915,0.00188978,0.00188927,0.00189044,0.00188927,0.00188953,0.00189221,0.00189074,0.00189216,0.00189185,0.00188755,0.00189216,0.00189368]},"J":{"unit":"A\/cm2","value":[-0.1064,-0.106399,-0.1064,-0.1064,-0.106399,-0.106398,-0.106401,-0.106399,-0.1064,-0.1064,-0.1064,-0.106402,-0.106401,-0.1064,-0.106401,-0.1064,-0.1064,-0.106402,-0.106402,-0.106397,-0.1064,-0.106399,-0.106401,-0.1064,-0.1064,-0.1064,-0.106401,-0.1064,-0.101545,-0.0940699,-0.0867054,-0.0795278,-0.0724697,-0.0656368,-0.058939,-0.0524141,-0.0460523,-0.0398613,-0.034001,-0.0282989,-0.0228969,-0.0177194,-0.0129097,-0.00838329,-0.00421016,-0.00034993,0.00306523,0.00610342,0.00875757,0.01099,0.0128035,0.0143153,0.0155626,0.0165138,0.0172059,0.0177762,0.0182287,0.0185066,0.0188012,0.0188836,0.0190355,0.0191712,0.0192525,0.0193446,0.0193807,0.0194383,0.0194717,0.0195536,0.0195078,0.0195407,0.0195848,0.0196021,0.0195848,0.0196414,0.0196629,0.0196457,0.0197146,0.0196915,0.0196845,0.0197189,0.0197232,0.0197136,0.0197496,0.0197712,0.0197771,0.019797,0.0197712,0.0197852,0.0197986,0.0198207,0.0197841,0.0198256,0.019838,0.0198186,0.01988,0.019845,0.0198245,0.0198444,0.019866,0.0198595,0.0198665,0.019888,0.0199031,0.0198891,0.0198951,0.019866,0.0198951,0.0199064,0.0199354,0.01995,0.0199069,0.0199586,0.0199468,0.0199225,0.0198934,0.0199387,0.0199414,0.0199635,0.0199624,0.0199662,0.019971,0.0200049,0.0199979,0.0199505,0.019978,0.0200071,0.0199996,0.0199764,0.0200168,0.0200443,0.0200125,0.0200275,0.0200152,0.0200238,0.0200238,0.0200663,0.0200356,0.0200642,0.0200744,0.020076,0.0200383,0.0200502,0.0200518,0.0200766,0.020062,0.0200863,0.0200674,0.0200663,0.0200992,0.0200852,0.0200405,0.0200787,0.0200787,0.0200911,0.0200927,0.0200992,0.0200825,0.0201223,0.020104,0.0200986,0.020111,0.0200986,0.0201013,0.0201299,0.0201143,0.0201293,0.0201261,0.0200803,0.0201293,0.0201455]},"pv_cell_parameters":{"voc":{"unit":"V","value":1.05},"isc":{"unit":"mA","value":1.89},"jsc":{"unit":"mA\/cm2","value":20.09},"vopt":{"unit":"mV","value":916.55},"iopt":{"unit":"mA","value":1.77},"pmax":{"unit":"W","value":0.0016200000000000001},"fill_factor":{"unit":"%","value":81.92},"efficiency":{"unit":"%","value":17.23},"cell_dimension":{"unit":"cm2","value":0.094},"irradiance":{"unit":"mW\/cm2","value":100}},"calculations":{"fitted_isc":{"unit":"mA","value":1.89},"fitted_voc":{"unit":"V","value":1.04},"rshunt":{"unit":"Kohm","value":21.41},"rseries":{"unit":"ohm","value":28.32}},"measurement_conditions":{"sweep_direction":{"unit":"","value":"Reverse"},"nplc":{"unit":"","value":0.01},"voltage_settling_time":{"unit":"s","value":0.01},"configuration_file":{"unit":"","value":"Configuration for I-V meas.conf"},"sample_id":{"unit":"","value":"R 5-1"},"note":{"unit":"","value":"\uc2dc\ub8cc\uc5d0 \uad00\ud55c \ubd80\uac00\uc801\uc778 \uc124\uba85\uc744 \uc774\uacf3\uc5d0 \uc801\uc73c\uc138\uc694. ^^"}},"key":"R 5-1_20220603"}]},"jvcnt":7,"analysisInfo":{"JV":[{"efficiency":15.66,"fill_factor":79.72,"jsc":19.310000000000002,"voc":1.02,"key":"R 6-4_20220603","cell_dimension":0.094},{"efficiency":15.59,"fill_factor":78.56,"jsc":19.52,"voc":1.02,"key":"R 6-3_20220603","cell_dimension":0.094},{"efficiency":16.31,"fill_factor":81.04,"jsc":19.79,"voc":1.02,"key":"R 6-2_20220603","cell_dimension":0.094},{"efficiency":16.09,"fill_factor":80.52,"jsc":19.65,"voc":1.02,"key":"R 6-1_20220603","cell_dimension":0.094},{"efficiency":16.28,"fill_factor":79.48,"jsc":19.55,"voc":1.05,"key":"R 5-4_20220603","cell_dimension":0.094},{"efficiency":17.05,"fill_factor":81.17,"jsc":20.05,"voc":1.05,"key":"R 5-3_20220603","cell_dimension":0.094},{"efficiency":17.23,"fill_factor":81.92,"jsc":20.09,"voc":1.05,"key":"R 5-1_20220603","cell_dimension":0.094}]},"public":2,"analysis":{"JV":[{"V":{"unit":"V","value":[1.5,1.48995,1.4799,1.4698,1.45975,1.4497,1.43965,1.4296,1.41955,1.40945,1.3994,1.38935,1.3793,1.36925,1.35915,1.3491,1.33905,1.329,1.31895,1.3089,1.2988,1.28875,1.2787,1.26865,1.2586,1.2485,1.23845,1.2284,1.21835,1.2083,1.19825,1.18815,1.1781,1.16805,1.158,1.14795,1.13785,1.1278,1.11775,1.1077,1.09765,1.0876,1.0775,1.06745,1.0574,1.04735,1.0373,1.0272,1.01715,1.0071,0.99705,0.987,0.97695,0.96685,0.9568,0.94675,0.9367,0.92665,0.91655,0.9065,0.89645,0.8864,0.87635,0.86625,0.8562,0.84615,0.8361,0.82605,0.816,0.8059,0.79585,0.7858,0.77575,0.7657,0.7556,0.74555,0.7355,0.72545,0.7154,0.70535,0.69525,0.6852,0.67515,0.6651,0.65505,0.64495,0.6349,0.62485,0.6148,0.60475,0.5947,0.5846,0.57455,0.5645,0.55445,0.5444,0.5343,0.52425,0.5142,0.50415,0.4941,0.48405,0.47395,0.4639,0.45385,0.4438,0.43375,0.42365,0.4136,0.40355,0.3935,0.38345,0.3734,0.3633,0.35325,0.3432,0.33315,0.3231,0.313,0.30295,0.2929,0.28285,0.2728,0.2627,0.25265,0.2426,0.23255,0.2225,0.21245,0.20235,0.1923,0.18225,0.1722,0.16215,0.15205,0.142,0.13195,0.1219,0.11185,0.1018,0.0917,0.08165,0.0716,0.06155,0.0515,0.0414,0.03135,0.0213,0.01125,0.0012,-0.00885,-0.01895,-0.029,-0.03905,-0.0491,-0.05915,-0.06925,-0.0793,-0.08935,-0.0994,-0.10945,-0.1195,-0.1296,-0.13965,-0.1497,-0.15975,-0.1698,-0.1799,-0.18995,-0.2]},"I":{"unit":"A","value":[-0.0100013,-0.0100013,-0.0100012,-0.0100013,-0.0100012,-0.0100014,-0.0100011,-0.0100013,-0.0100012,-0.0100017,-0.0100012,-0.0100013,-0.0100013,-0.0100012,-0.0100013,-0.0100013,-0.0100013,-0.0100014,-0.0100013,-0.0100017,-0.0100016,-0.0100014,-0.0100016,-0.0100012,-0.0100017,-0.0100014,-0.0100012,-0.0100013,-0.0100012,-0.0100013,-0.00959854,-0.00892589,-0.00826899,-0.00761857,-0.00697913,-0.00634921,-0.00573706,-0.00513872,-0.00455932,-0.00399348,-0.00344491,-0.00291876,-0.00240699,-0.001926,-0.0014659,-0.00103437,-0.000634212,-0.000264076,6.92671e-5,0.000365781,0.000626398,0.000841506,0.00102558,0.00118242,0.00130746,0.00140426,0.00148045,0.00154044,0.00158453,0.00162367,0.0016381,0.00165814,0.00167622,0.00168983,0.00169849,0.0017114,0.00171732,0.00172173,0.00173175,0.00172699,0.00172988,0.00173777,0.00174081,0.00174198,0.00174694,0.00175074,0.00175398,0.00175671,0.00175291,0.00175403,0.00175651,0.00176142,0.00176182,0.00176385,0.0017681,0.00176734,0.00177387,0.00176704,0.00176658,0.00177438,0.00177321,0.0017763,0.00177883,0.00177974,0.0017805,0.00178152,0.0017806,0.00178141,0.0017801,0.0017845,0.0017846,0.001788,0.00178977,0.00178825,0.00179215,0.00178876,0.00178714,0.00179189,0.00179331,0.0017928,0.00179443,0.00179483,0.00179306,0.00179746,0.00179762,0.00179048,0.0017961,0.00179696,0.00179675,0.00179863,0.00179903,0.00179903,0.00180111,0.0017967,0.001796,0.00180172,0.00180248,0.00180278,0.00180192,0.00180475,0.0018046,0.00180784,0.00180273,0.00180146,0.00180516,0.00180673,0.00180632,0.00180799,0.00181103,0.0018086,0.00181209,0.00180739,0.00180632,0.00181118,0.00181311,0.00181073,0.00181042,0.00181377,0.00181518,0.00181513,0.00180931,0.00181083,0.00181554,0.00181498,0.00181544,0.00181336,0.00181377,0.00181604,0.0018127,0.00181544,0.0018167,0.0018163,0.0018165,0.00181944,0.00181822,0.00182141,0.0018206,0.00181594,0.00181878,0.00181903]},"J":{"unit":"A\/cm2","value":[-0.106397,-0.106396,-0.106396,-0.106397,-0.106396,-0.106398,-0.106395,-0.106397,-0.106395,-0.106401,-0.106395,-0.106396,-0.106396,-0.106396,-0.106396,-0.106396,-0.106397,-0.106398,-0.106396,-0.106401,-0.1064,-0.106398,-0.1064,-0.106396,-0.106401,-0.106398,-0.106395,-0.106396,-0.106396,-0.106397,-0.102112,-0.0949563,-0.087968,-0.0810486,-0.0742461,-0.0675448,-0.0610325,-0.0546673,-0.0485034,-0.0424839,-0.036648,-0.0310507,-0.0256063,-0.0204893,-0.0155947,-0.0110039,-0.00674694,-0.00280931,0.000736884,0.00389128,0.00666381,0.00895219,0.0109104,0.0125789,0.0139092,0.0149389,0.0157494,0.0163876,0.0168567,0.017273,0.0174266,0.0176398,0.0178321,0.017977,0.018069,0.0182064,0.0182694,0.0183163,0.0184229,0.0183723,0.018403,0.018487,0.0185193,0.0185317,0.0185845,0.0186249,0.0186593,0.0186884,0.018648,0.0186599,0.0186863,0.0187385,0.0187428,0.0187644,0.0188096,0.0188015,0.018871,0.0187983,0.0187934,0.0188764,0.018864,0.0188968,0.0189238,0.0189334,0.0189415,0.0189523,0.0189426,0.0189512,0.0189372,0.0189841,0.0189851,0.0190212,0.0190401,0.0190239,0.0190654,0.0190293,0.0190121,0.0190627,0.0190778,0.0190724,0.0190896,0.019094,0.0190751,0.019122,0.0191236,0.0190476,0.0191074,0.0191166,0.0191144,0.0191343,0.0191386,0.0191386,0.0191607,0.0191139,0.0191063,0.0191672,0.0191753,0.0191785,0.0191694,0.0191995,0.0191979,0.0192324,0.019178,0.0191645,0.0192038,0.0192205,0.0192162,0.019234,0.0192663,0.0192404,0.0192776,0.0192275,0.0192162,0.0192679,0.0192884,0.0192631,0.0192598,0.0192954,0.0193105,0.0193099,0.019248,0.0192641,0.0193142,0.0193083,0.0193131,0.0192911,0.0192954,0.0193196,0.0192841,0.0193131,0.0193266,0.0193223,0.0193244,0.0193557,0.0193428,0.0193767,0.0193681,0.0193185,0.0193487,0.0193514]},"pv_cell_parameters":{"voc":{"unit":"V","value":1.02},"isc":{"unit":"mA","value":1.82},"jsc":{"unit":"mA\/cm2","value":19.310000000000002},"vopt":{"unit":"mV","value":906.5},"iopt":{"unit":"mA","value":1.62},"pmax":{"unit":"W","value":0.00147},"fill_factor":{"unit":"%","value":79.72},"efficiency":{"unit":"%","value":15.66},"cell_dimension":{"unit":"cm2","value":0.094},"irradiance":{"unit":"mW\/cm2","value":100}},"calculations":{"fitted_isc":{"unit":"mA","value":1.8100000000000003},"fitted_voc":{"unit":"V","value":1.01},"rshunt":{"unit":"Kohm","value":48.980000000000004},"rseries":{"unit":"ohm","value":30.53}},"measurement_conditions":{"sweep_direction":{"unit":"","value":"Reverse"},"nplc":{"unit":"","value":0.01},"voltage_settling_time":{"unit":"s","value":0.01},"configuration_file":{"unit":"","value":"Configuration for I-V meas.conf"},"sample_id":{"unit":"","value":"R 6-4"},"note":{"unit":"","value":"\uc2dc\ub8cc\uc5d0 \uad00\ud55c \ubd80\uac00\uc801\uc778 \uc124\uba85\uc744 \uc774\uacf3\uc5d0 \uc801\uc73c\uc138\uc694. ^^"}},"key":"R 6-4_20220603","sweep_direction":{"unit":"","value":"Reverse"},"jsc":{"unit":"mA\/cm2","value":19.310000000000002},"voc":{"unit":"V","value":1.02},"efficiency":{"unit":"%","value":15.66},"fill_factor":{"unit":"%","value":79.72},"cell_dimension":{"unit":"cm2","value":0.094}},{"V":{"unit":"V","value":[1.5,1.48995,1.4799,1.4698,1.45975,1.4497,1.43965,1.4296,1.41955,1.40945,1.3994,1.38935,1.3793,1.36925,1.35915,1.3491,1.33905,1.329,1.31895,1.3089,1.2988,1.28875,1.2787,1.26865,1.2586,1.2485,1.23845,1.2284,1.21835,1.2083,1.19825,1.18815,1.1781,1.16805,1.158,1.14795,1.13785,1.1278,1.11775,1.1077,1.09765,1.0876,1.0775,1.06745,1.0574,1.04735,1.0373,1.0272,1.01715,1.0071,0.99705,0.987,0.97695,0.96685,0.9568,0.94675,0.9367,0.92665,0.91655,0.9065,0.89645,0.8864,0.87635,0.86625,0.8562,0.84615,0.8361,0.82605,0.816,0.8059,0.79585,0.7858,0.77575,0.7657,0.7556,0.74555,0.7355,0.72545,0.7154,0.70535,0.69525,0.6852,0.67515,0.6651,0.65505,0.64495,0.6349,0.62485,0.6148,0.60475,0.5947,0.5846,0.57455,0.5645,0.55445,0.5444,0.5343,0.52425,0.5142,0.50415,0.4941,0.48405,0.47395,0.4639,0.45385,0.4438,0.43375,0.42365,0.4136,0.40355,0.3935,0.38345,0.3734,0.3633,0.35325,0.3432,0.33315,0.3231,0.313,0.30295,0.2929,0.28285,0.2728,0.2627,0.25265,0.2426,0.23255,0.2225,0.21245,0.20235,0.1923,0.18225,0.1722,0.16215,0.15205,0.142,0.13195,0.1219,0.11185,0.1018,0.0917,0.08165,0.0716,0.06155,0.0515,0.0414,0.03135,0.0213,0.01125,0.0012,-0.00885,-0.01895,-0.029,-0.03905,-0.0491,-0.05915,-0.06925,-0.0793,-0.08935,-0.0994,-0.10945,-0.1195,-0.1296,-0.13965,-0.1497,-0.15975,-0.1698,-0.1799,-0.18995,-0.2]},"I":{"unit":"A","value":[-0.0100016,-0.0100015,-0.0100015,-0.0100016,-0.0100014,-0.0100014,-0.0100016,-0.0100015,-0.0100015,-0.0100015,-0.0100016,-0.0100015,-0.0100015,-0.0100015,-0.0100015,-0.0100015,-0.0100014,-0.0100014,-0.0100017,-0.0100015,-0.0100016,-0.0100014,-0.0100015,-0.00986499,-0.00943121,-0.00900239,-0.00857884,-0.00816977,-0.00773913,-0.00729027,-0.00684323,-0.00641284,-0.00599521,-0.00556731,-0.00515707,-0.00473671,-0.00431457,-0.00389943,-0.00350372,-0.00311509,-0.00273796,-0.0023667,-0.0020043,-0.0016537,-0.00131889,-0.000993946,-0.000685609,-0.000388662,-0.000109686,0.000150726,0.00039257,0.000614314,0.000809985,0.000981559,0.00113308,0.00126309,0.00136976,0.00145502,0.00152422,0.00157905,0.00162548,0.00164846,0.00166967,0.0016922,0.00170937,0.00172582,0.00173377,0.00174116,0.00174921,0.00175549,0.00175478,0.0017567,0.00176197,0.00176986,0.00177214,0.00177589,0.0017771,0.00178014,0.00178693,0.00178323,0.00178196,0.00178531,0.0017891,0.00179219,0.0017929,0.00179118,0.00179837,0.00179791,0.00179928,0.00179786,0.00179806,0.00180297,0.00180616,0.00180328,0.00180404,0.0018091,0.00180809,0.00180621,0.0018051,0.00180945,0.00181006,0.00181178,0.00181497,0.00180895,0.00181345,0.00181355,0.00181219,0.00181214,0.00181431,0.00181811,0.00181847,0.00181882,0.00181826,0.00181897,0.0018211,0.00182034,0.0018174,0.00181877,0.00182176,0.0018255,0.00182277,0.00182322,0.00182474,0.0018256,0.00182449,0.00182479,0.00182449,0.00182363,0.00182738,0.0018296,0.00182788,0.00182793,0.00182864,0.00183006,0.00182753,0.0018296,0.00183006,0.00183138,0.0018331,0.00182971,0.00183355,0.00183527,0.00183239,0.0018333,0.00183259,0.00183492,0.00183522,0.00183659,0.00183867,0.00183446,0.00184034,0.00183654,0.00183674,0.00183406,0.00183922,0.00183862,0.00183937,0.00184084,0.00183988,0.00183755,0.00183856,0.0018372,0.00183993,0.00184302,0.00183988,0.00184292,0.00184307,0.0018417,0.00184201,0.00183796]},"J":{"unit":"A\/cm2","value":[-0.1064,-0.106399,-0.106399,-0.1064,-0.106398,-0.106397,-0.1064,-0.106399,-0.106399,-0.106399,-0.1064,-0.106399,-0.106399,-0.106399,-0.106399,-0.106399,-0.106398,-0.106397,-0.106401,-0.106399,-0.1064,-0.106397,-0.106399,-0.104947,-0.100332,-0.0957701,-0.0912643,-0.0869124,-0.0823312,-0.077556,-0.0728003,-0.0682217,-0.0637789,-0.0592267,-0.0548625,-0.0503905,-0.0458997,-0.0414833,-0.0372736,-0.0331393,-0.0291273,-0.0251777,-0.0213224,-0.0175925,-0.0140307,-0.0105739,-0.00729371,-0.00413471,-0.00116687,0.00160347,0.00417628,0.00653526,0.00861686,0.0104421,0.0120541,0.0134371,0.0145719,0.0154789,0.0162151,0.0167984,0.0172923,0.0175368,0.0177625,0.0180022,0.0181847,0.0183598,0.0184443,0.018523,0.0186086,0.0186754,0.0186679,0.0186883,0.0187443,0.0188283,0.0188526,0.0188924,0.0189054,0.0189377,0.0190099,0.0189705,0.0189571,0.0189926,0.019033,0.0190659,0.0190734,0.0190551,0.0191316,0.0191267,0.0191413,0.0191262,0.0191283,0.0191806,0.0192145,0.0191838,0.0191919,0.0192458,0.019235,0.019215,0.0192032,0.0192495,0.019256,0.0192743,0.0193082,0.0192441,0.0192921,0.0192931,0.0192786,0.0192781,0.0193012,0.0193416,0.0193454,0.0193491,0.0193432,0.0193508,0.0193734,0.0193653,0.0193341,0.0193486,0.0193804,0.0194202,0.0193912,0.019396,0.0194122,0.0194213,0.0194095,0.0194127,0.0194095,0.0194003,0.0194402,0.0194639,0.0194456,0.0194461,0.0194536,0.0194687,0.0194418,0.0194639,0.0194687,0.0194827,0.019501,0.0194649,0.0195059,0.0195242,0.0194935,0.0195032,0.0194956,0.0195204,0.0195236,0.0195382,0.0195603,0.0195156,0.0195781,0.0195376,0.0195398,0.0195113,0.0195662,0.0195597,0.0195678,0.0195834,0.0195732,0.0195484,0.0195592,0.0195446,0.0195737,0.0196066,0.0195732,0.0196055,0.0196071,0.0195926,0.0195958,0.0195527]},"pv_cell_parameters":{"voc":{"unit":"V","value":1.02},"isc":{"unit":"mA","value":1.83},"jsc":{"unit":"mA\/cm2","value":19.52},"vopt":{"unit":"mV","value":866.25},"iopt":{"unit":"mA","value":1.69},"pmax":{"unit":"W","value":0.00147},"fill_factor":{"unit":"%","value":78.56},"efficiency":{"unit":"%","value":15.59},"cell_dimension":{"unit":"cm2","value":0.094},"irradiance":{"unit":"mW\/cm2","value":100}},"calculations":{"fitted_isc":{"unit":"mA","value":1.84},"fitted_voc":{"unit":"V","value":1.01},"rshunt":{"unit":"Kohm","value":21.490000000000002},"rseries":{"unit":"ohm","value":36.53}},"measurement_conditions":{"sweep_direction":{"unit":"","value":"Reverse"},"nplc":{"unit":"","value":0.01},"voltage_settling_time":{"unit":"s","value":0.01},"configuration_file":{"unit":"","value":"Configuration for I-V meas.conf"},"sample_id":{"unit":"","value":"R 6-3"},"note":{"unit":"","value":"\uc2dc\ub8cc\uc5d0 \uad00\ud55c \ubd80\uac00\uc801\uc778 \uc124\uba85\uc744 \uc774\uacf3\uc5d0 \uc801\uc73c\uc138\uc694. ^^"}},"key":"R 6-3_20220603","sweep_direction":{"unit":"","value":"Reverse"},"jsc":{"unit":"mA\/cm2","value":19.52},"voc":{"unit":"V","value":1.02},"efficiency":{"unit":"%","value":15.59},"fill_factor":{"unit":"%","value":78.56},"cell_dimension":{"unit":"cm2","value":0.094}},{"V":{"unit":"V","value":[1.5,1.48995,1.4799,1.4698,1.45975,1.4497,1.43965,1.4296,1.41955,1.40945,1.3994,1.38935,1.3793,1.36925,1.35915,1.3491,1.33905,1.329,1.31895,1.3089,1.2988,1.28875,1.2787,1.26865,1.2586,1.2485,1.23845,1.2284,1.21835,1.2083,1.19825,1.18815,1.1781,1.16805,1.158,1.14795,1.13785,1.1278,1.11775,1.1077,1.09765,1.0876,1.0775,1.06745,1.0574,1.04735,1.0373,1.0272,1.01715,1.0071,0.99705,0.987,0.97695,0.96685,0.9568,0.94675,0.9367,0.92665,0.91655,0.9065,0.89645,0.8864,0.87635,0.86625,0.8562,0.84615,0.8361,0.82605,0.816,0.8059,0.79585,0.7858,0.77575,0.7657,0.7556,0.74555,0.7355,0.72545,0.7154,0.70535,0.69525,0.6852,0.67515,0.6651,0.65505,0.64495,0.6349,0.62485,0.6148,0.60475,0.5947,0.5846,0.57455,0.5645,0.55445,0.5444,0.5343,0.52425,0.5142,0.50415,0.4941,0.48405,0.47395,0.4639,0.45385,0.4438,0.43375,0.42365,0.4136,0.40355,0.3935,0.38345,0.3734,0.3633,0.35325,0.3432,0.33315,0.3231,0.313,0.30295,0.2929,0.28285,0.2728,0.2627,0.25265,0.2426,0.23255,0.2225,0.21245,0.20235,0.1923,0.18225,0.1722,0.16215,0.15205,0.142,0.13195,0.1219,0.11185,0.1018,0.0917,0.08165,0.0716,0.06155,0.0515,0.0414,0.03135,0.0213,0.01125,0.0012,-0.00885,-0.01895,-0.029,-0.03905,-0.0491,-0.05915,-0.06925,-0.0793,-0.08935,-0.0994,-0.10945,-0.1195,-0.1296,-0.13965,-0.1497,-0.15975,-0.1698,-0.1799,-0.18995,-0.2]},"I":{"unit":"A","value":[-0.0100019,-0.0100018,-0.0100017,-0.0100017,-0.0100018,-0.0100018,-0.0100019,-0.0100016,-0.0100017,-0.0100017,-0.0100017,-0.0100018,-0.0100017,-0.0100018,-0.010002,-0.0100021,-0.0100017,-0.0100017,-0.0100017,-0.0100016,-0.0100017,-0.0100017,-0.0100017,-0.0100018,-0.0100018,-0.0100017,-0.0100017,-0.0100018,-0.0100017,-0.0100017,-0.0100018,-0.0100017,-0.0092294,-0.00847436,-0.00773486,-0.00701551,-0.00631145,-0.00562308,-0.00496154,-0.00431701,-0.0036987,-0.00310393,-0.00253523,-0.00199797,-0.00149498,-0.00102591,-0.000591213,-0.000200961,0.000152806,0.000456218,0.000722924,0.000942396,0.00112987,0.00127289,0.0013866,0.00148234,0.00155494,0.00160815,0.00165159,0.00168171,0.00171062,0.00172652,0.00173811,0.00174621,0.0017614,0.00176479,0.00177401,0.00177998,0.00178079,0.00178904,0.00179406,0.00179158,0.00179345,0.00179836,0.00179968,0.00180342,0.00180767,0.00180788,0.00181122,0.00181492,0.00181208,0.00181228,0.00181501,0.00181638,0.00182053,0.00182332,0.00182428,0.00182312,0.00182879,0.00182545,0.00182347,0.00182666,0.00182671,0.00183096,0.00183026,0.00183172,0.00183223,0.00183547,0.00183198,0.0018337,0.00183431,0.00183507,0.00183896,0.00183972,0.00184074,0.0018378,0.00184387,0.00183846,0.00183886,0.00184322,0.0018422,0.00184043,0.00184797,0.00184428,0.00184514,0.00184803,0.0018459,0.00184595,0.00184691,0.00184954,0.00185041,0.00184878,0.00185436,0.00185116,0.00185304,0.00185041,0.00184721,0.00185122,0.00185446,0.00185481,0.00185278,0.00185486,0.00185668,0.00185749,0.00185562,0.0018541,0.00185552,0.00185658,0.00185891,0.00186013,0.00185835,0.00185876,0.00186149,0.00185845,0.00185785,0.00185638,0.00186246,0.00186165,0.00186119,0.00186038,0.0018622,0.00185982,0.00186165,0.00185957,0.00186053,0.00185906,0.00186418,0.00186205,0.00186276,0.00186286,0.00186559,0.00186008,0.00186002,0.00186534,0.00186332,0.00186367,0.00186524,0.00186342,0.00186443,0.00186686]},"J":{"unit":"A\/cm2","value":[-0.106403,-0.106402,-0.106401,-0.106401,-0.106402,-0.106402,-0.106403,-0.1064,-0.106401,-0.106401,-0.106401,-0.106402,-0.106401,-0.106402,-0.106404,-0.106405,-0.106401,-0.106401,-0.106401,-0.1064,-0.106401,-0.106401,-0.106401,-0.106402,-0.106402,-0.106401,-0.106401,-0.106402,-0.106401,-0.106401,-0.106402,-0.106401,-0.0981851,-0.0901528,-0.0822858,-0.0746331,-0.0671431,-0.05982,-0.0527823,-0.0459256,-0.0393479,-0.0330205,-0.0269706,-0.021255,-0.0159041,-0.0109139,-0.0062895,-0.00213788,0.00162559,0.00485338,0.00769068,0.0100255,0.0120199,0.0135414,0.0147511,0.0157696,0.0165419,0.017108,0.0175701,0.0178906,0.0181981,0.0183672,0.0184906,0.0185767,0.0187383,0.0187744,0.0188724,0.018936,0.0189446,0.0190324,0.0190857,0.0190593,0.0190793,0.0191315,0.0191455,0.0191853,0.0192306,0.0192327,0.0192683,0.0193076,0.0192774,0.0192796,0.0193087,0.0193232,0.0193674,0.019397,0.0194073,0.0193949,0.0194552,0.0194196,0.0193986,0.0194326,0.0194331,0.0194783,0.0194708,0.0194864,0.0194918,0.0195263,0.0194891,0.0195074,0.0195139,0.019522,0.0195634,0.0195715,0.0195823,0.0195511,0.0196157,0.0195581,0.0195624,0.0196087,0.0195979,0.0195791,0.0196593,0.01962,0.0196291,0.0196598,0.0196372,0.0196378,0.019648,0.019676,0.0196852,0.0196679,0.0197272,0.0196932,0.0197132,0.0196852,0.0196512,0.0196938,0.0197282,0.019732,0.0197105,0.0197326,0.0197519,0.0197606,0.0197406,0.0197245,0.0197396,0.0197509,0.0197756,0.0197886,0.0197697,0.019774,0.0198031,0.0197708,0.0197643,0.0197487,0.0198134,0.0198047,0.0197999,0.0197913,0.0198107,0.0197853,0.0198047,0.0197826,0.0197929,0.0197773,0.0198317,0.019809,0.0198166,0.0198176,0.0198467,0.019788,0.0197875,0.019844,0.0198225,0.0198263,0.019843,0.0198236,0.0198344,0.0198602]},"pv_cell_parameters":{"voc":{"unit":"V","value":1.02},"isc":{"unit":"mA","value":1.86},"jsc":{"unit":"mA\/cm2","value":19.79},"vopt":{"unit":"mV","value":896.45},"iopt":{"unit":"mA","value":1.71},"pmax":{"unit":"W","value":0.0015300000000000001},"fill_factor":{"unit":"%","value":81.04},"efficiency":{"unit":"%","value":16.31},"cell_dimension":{"unit":"cm2","value":0.094},"irradiance":{"unit":"mW\/cm2","value":100}},"calculations":{"fitted_isc":{"unit":"mA","value":1.86},"fitted_voc":{"unit":"V","value":1.02},"rshunt":{"unit":"Kohm","value":46.95},"rseries":{"unit":"ohm","value":28.88}},"measurement_conditions":{"sweep_direction":{"unit":"","value":"Reverse"},"nplc":{"unit":"","value":0.01},"voltage_settling_time":{"unit":"s","value":0.01},"configuration_file":{"unit":"","value":"Configuration for I-V meas.conf"},"sample_id":{"unit":"","value":"R 6-2"},"note":{"unit":"","value":"\uc2dc\ub8cc\uc5d0 \uad00\ud55c \ubd80\uac00\uc801\uc778 \uc124\uba85\uc744 \uc774\uacf3\uc5d0 \uc801\uc73c\uc138\uc694. ^^"}},"key":"R 6-2_20220603","sweep_direction":{"unit":"","value":"Reverse"},"jsc":{"unit":"mA\/cm2","value":19.79},"voc":{"unit":"V","value":1.02},"efficiency":{"unit":"%","value":16.31},"fill_factor":{"unit":"%","value":81.04},"cell_dimension":{"unit":"cm2","value":0.094}},{"V":{"unit":"V","value":[1.5,1.48995,1.4799,1.4698,1.45975,1.4497,1.43965,1.4296,1.41955,1.40945,1.3994,1.38935,1.3793,1.36925,1.35915,1.3491,1.33905,1.329,1.31895,1.3089,1.2988,1.28875,1.2787,1.26865,1.2586,1.2485,1.23845,1.2284,1.21835,1.2083,1.19825,1.18815,1.1781,1.16805,1.158,1.14795,1.13785,1.1278,1.11775,1.1077,1.09765,1.0876,1.0775,1.06745,1.0574,1.04735,1.0373,1.0272,1.01715,1.0071,0.99705,0.987,0.97695,0.96685,0.9568,0.94675,0.9367,0.92665,0.91655,0.9065,0.89645,0.8864,0.87635,0.86625,0.8562,0.84615,0.8361,0.82605,0.816,0.8059,0.79585,0.7858,0.77575,0.7657,0.7556,0.74555,0.7355,0.72545,0.7154,0.70535,0.69525,0.6852,0.67515,0.6651,0.65505,0.64495,0.6349,0.62485,0.6148,0.60475,0.5947,0.5846,0.57455,0.5645,0.55445,0.5444,0.5343,0.52425,0.5142,0.50415,0.4941,0.48405,0.47395,0.4639,0.45385,0.4438,0.43375,0.42365,0.4136,0.40355,0.3935,0.38345,0.3734,0.3633,0.35325,0.3432,0.33315,0.3231,0.313,0.30295,0.2929,0.28285,0.2728,0.2627,0.25265,0.2426,0.23255,0.2225,0.21245,0.20235,0.1923,0.18225,0.1722,0.16215,0.15205,0.142,0.13195,0.1219,0.11185,0.1018,0.0917,0.08165,0.0716,0.06155,0.0515,0.0414,0.03135,0.0213,0.01125,0.0012,-0.00885,-0.01895,-0.029,-0.03905,-0.0491,-0.05915,-0.06925,-0.0793,-0.08935,-0.0994,-0.10945,-0.1195,-0.1296,-0.13965,-0.1497,-0.15975,-0.1698,-0.1799,-0.18995,-0.2]},"I":{"unit":"A","value":[-0.0100013,-0.0100013,-0.0100013,-0.0100014,-0.0100013,-0.0100013,-0.0100012,-0.0100013,-0.0100014,-0.0100014,-0.0100013,-0.0100013,-0.0100013,-0.0100015,-0.0100012,-0.0100015,-0.0100013,-0.0100013,-0.0100013,-0.0100013,-0.0100014,-0.0100012,-0.0100013,-0.0100011,-0.0100013,-0.0100012,-0.0100013,-0.0100011,-0.0100014,-0.0100013,-0.00966455,-0.00897944,-0.00830931,-0.00765488,-0.00700941,-0.00637781,-0.00575841,-0.00515683,-0.00457124,-0.00400028,-0.00344861,-0.00291997,-0.00240647,-0.00192203,-0.00145995,-0.00102902,-0.000627844,-0.000257447,8.11648e-5,0.000381885,0.000643875,0.000865869,0.00105967,0.00120907,0.00133112,0.00143531,0.0015112,0.00157509,0.00162329,0.00165574,0.00168515,0.00170677,0.00171472,0.00172606,0.00173887,0.00174985,0.00175735,0.00176484,0.00176965,0.00177137,0.00178068,0.00177537,0.00177709,0.00178504,0.00178646,0.00179131,0.00179425,0.00179607,0.00179466,0.00180261,0.00179896,0.00179921,0.0018021,0.00180336,0.0018062,0.00180802,0.00180995,0.00180908,0.00181521,0.00180726,0.00181065,0.00181202,0.00181572,0.0018146,0.00182083,0.00182048,0.00181997,0.00182422,0.00182017,0.00182078,0.00182357,0.00182625,0.00182331,0.00183004,0.00183,0.00182822,0.00183131,0.00182903,0.00182756,0.0018303,0.00183364,0.00183187,0.00183232,0.00183607,0.00183784,0.00183865,0.00183313,0.00183516,0.0018385,0.00183769,0.00183577,0.00184047,0.00183804,0.00183921,0.0018428,0.00183906,0.00183708,0.00184139,0.00184047,0.00184169,0.00184503,0.00184209,0.00184402,0.00184326,0.00184209,0.00183987,0.00184442,0.0018465,0.00184432,0.00184204,0.00184943,0.00184645,0.00185085,0.00184528,0.00184235,0.00184786,0.00184797,0.00184776,0.00184943,0.00184731,0.0018504,0.00185004,0.00184883,0.00184645,0.00185126,0.0018504,0.00185075,0.00185217,0.00185065,0.00185247,0.00185657,0.00185308,0.00185166,0.0018511,0.00185399,0.00185566,0.00185267,0.00185414,0.00185753,0.00185733]},"J":{"unit":"A\/cm2","value":[-0.106397,-0.106397,-0.106397,-0.106398,-0.106397,-0.106397,-0.106396,-0.106397,-0.106398,-0.106398,-0.106397,-0.106397,-0.106397,-0.106399,-0.106396,-0.106399,-0.106397,-0.106397,-0.106397,-0.106397,-0.106398,-0.106396,-0.106397,-0.106395,-0.106397,-0.106396,-0.106397,-0.106394,-0.106398,-0.106397,-0.102814,-0.0955259,-0.088397,-0.0814349,-0.0745682,-0.0678491,-0.0612597,-0.0548598,-0.0486302,-0.0425562,-0.0366874,-0.0310636,-0.0256008,-0.0204471,-0.0155314,-0.010947,-0.00667919,-0.0027388,0.000863455,0.00406261,0.00684974,0.00921137,0.011273,0.0128624,0.0141609,0.0152693,0.0160766,0.0167563,0.017269,0.0176142,0.0179271,0.0181571,0.0182417,0.0183623,0.0184986,0.0186155,0.0186952,0.0187749,0.018826,0.0188443,0.0189434,0.0188869,0.0189052,0.0189898,0.0190049,0.0190565,0.0190878,0.0191072,0.0190921,0.0191766,0.0191379,0.0191406,0.0191713,0.0191847,0.0192149,0.0192343,0.0192547,0.0192456,0.0193108,0.0192262,0.0192623,0.0192768,0.0193161,0.0193043,0.0193705,0.0193668,0.0193614,0.0194066,0.0193635,0.01937,0.0193996,0.0194282,0.0193969,0.0194686,0.019468,0.0194492,0.019482,0.0194578,0.0194422,0.0194713,0.0195068,0.0194879,0.0194928,0.0195326,0.0195515,0.0195601,0.0195014,0.019523,0.0195585,0.0195499,0.0195294,0.0195795,0.0195536,0.019566,0.0196043,0.0195644,0.0195434,0.0195892,0.0195795,0.0195924,0.019628,0.0195967,0.0196172,0.0196091,0.0195967,0.0195731,0.0196215,0.0196436,0.0196204,0.0195962,0.0196748,0.0196431,0.0196899,0.0196307,0.0195994,0.0196581,0.0196592,0.0196571,0.0196748,0.0196522,0.0196851,0.0196813,0.0196684,0.0196431,0.0196942,0.0196851,0.0196888,0.0197039,0.0196878,0.0197071,0.0197508,0.0197136,0.0196985,0.0196926,0.0197233,0.0197411,0.0197093,0.0197249,0.019761,0.0197589]},"pv_cell_parameters":{"voc":{"unit":"V","value":1.02},"isc":{"unit":"mA","value":1.85},"jsc":{"unit":"mA\/cm2","value":19.65},"vopt":{"unit":"mV","value":886.4},"iopt":{"unit":"mA","value":1.71},"pmax":{"unit":"W","value":0.00151},"fill_factor":{"unit":"%","value":80.52},"efficiency":{"unit":"%","value":16.09},"cell_dimension":{"unit":"cm2","value":0.094},"irradiance":{"unit":"mW\/cm2","value":100}},"calculations":{"fitted_isc":{"unit":"mA","value":1.85},"fitted_voc":{"unit":"V","value":1.02},"rshunt":{"unit":"Kohm","value":29.89},"rseries":{"unit":"ohm","value":30.25}},"measurement_conditions":{"sweep_direction":{"unit":"","value":"Reverse"},"nplc":{"unit":"","value":0.01},"voltage_settling_time":{"unit":"s","value":0.01},"configuration_file":{"unit":"","value":"Configuration for I-V meas.conf"},"sample_id":{"unit":"","value":"R 6-1"},"note":{"unit":"","value":"\uc2dc\ub8cc\uc5d0 \uad00\ud55c \ubd80\uac00\uc801\uc778 \uc124\uba85\uc744 \uc774\uacf3\uc5d0 \uc801\uc73c\uc138\uc694. ^^"}},"key":"R 6-1_20220603","sweep_direction":{"unit":"","value":"Reverse"},"jsc":{"unit":"mA\/cm2","value":19.65},"voc":{"unit":"V","value":1.02},"efficiency":{"unit":"%","value":16.09},"fill_factor":{"unit":"%","value":80.52},"cell_dimension":{"unit":"cm2","value":0.094}},{"V":{"unit":"V","value":[1.5,1.48995,1.4799,1.4698,1.45975,1.4497,1.43965,1.4296,1.41955,1.40945,1.3994,1.38935,1.3793,1.36925,1.35915,1.3491,1.33905,1.329,1.31895,1.3089,1.2988,1.28875,1.2787,1.26865,1.2586,1.2485,1.23845,1.2284,1.21835,1.2083,1.19825,1.18815,1.1781,1.16805,1.158,1.14795,1.13785,1.1278,1.11775,1.1077,1.09765,1.0876,1.0775,1.06745,1.0574,1.04735,1.0373,1.0272,1.01715,1.0071,0.99705,0.987,0.97695,0.96685,0.9568,0.94675,0.9367,0.92665,0.91655,0.9065,0.89645,0.8864,0.87635,0.86625,0.8562,0.84615,0.8361,0.82605,0.816,0.8059,0.79585,0.7858,0.77575,0.7657,0.7556,0.74555,0.7355,0.72545,0.7154,0.70535,0.69525,0.6852,0.67515,0.6651,0.65505,0.64495,0.6349,0.62485,0.6148,0.60475,0.5947,0.5846,0.57455,0.5645,0.55445,0.5444,0.5343,0.52425,0.5142,0.50415,0.4941,0.48405,0.47395,0.4639,0.45385,0.4438,0.43375,0.42365,0.4136,0.40355,0.3935,0.38345,0.3734,0.3633,0.35325,0.3432,0.33315,0.3231,0.313,0.30295,0.2929,0.28285,0.2728,0.2627,0.25265,0.2426,0.23255,0.2225,0.21245,0.20235,0.1923,0.18225,0.1722,0.16215,0.15205,0.142,0.13195,0.1219,0.11185,0.1018,0.0917,0.08165,0.0716,0.06155,0.0515,0.0414,0.03135,0.0213,0.01125,0.0012,-0.00885,-0.01895,-0.029,-0.03905,-0.0491,-0.05915,-0.06925,-0.0793,-0.08935,-0.0994,-0.10945,-0.1195,-0.1296,-0.13965,-0.1497,-0.15975,-0.1698,-0.1799,-0.18995,-0.2]},"I":{"unit":"A","value":[-0.0100013,-0.0100013,-0.0100014,-0.0100016,-0.0100014,-0.0100014,-0.0100013,-0.0100013,-0.0100013,-0.0100015,-0.0100013,-0.0100014,-0.0100012,-0.0100014,-0.0100012,-0.0100014,-0.0100016,-0.0100014,-0.0100014,-0.0100012,-0.0100016,-0.0100012,-0.0100015,-0.0100014,-0.0100012,-0.00994798,-0.00929142,-0.00865936,-0.00805626,-0.00745822,-0.00686646,-0.0062789,-0.00570713,-0.00515926,-0.00461867,-0.00409935,-0.00358438,-0.00308738,-0.00260891,-0.00214841,-0.00170739,-0.0012921,-0.000897605,-0.000531511,-0.000201461,0.000106681,0.000385581,0.000627827,0.000843039,0.00102053,0.0011713,0.00129447,0.00139572,0.00146625,0.00152381,0.00157464,0.00161585,0.00164156,0.00166936,0.00168748,0.00170388,0.00171761,0.00172464,0.00173031,0.00173821,0.0017498,0.00175532,0.00176084,0.00176737,0.00177046,0.001778,0.00177496,0.0017782,0.00178038,0.00178717,0.00178985,0.00179122,0.0017903,0.00179532,0.00180083,0.00179567,0.00179759,0.00180053,0.00180225,0.0018022,0.00180544,0.00180427,0.00180701,0.00180802,0.0018101,0.00180615,0.00181015,0.00181061,0.00181212,0.00181339,0.00181121,0.00181708,0.00181779,0.00181445,0.00181597,0.00181764,0.00182164,0.00182194,0.00182053,0.00182205,0.00182124,0.00182402,0.00182519,0.00182118,0.00182519,0.00182529,0.00182797,0.0018262,0.00182756,0.00183101,0.00182549,0.00182468,0.00182928,0.00183025,0.00182802,0.00183085,0.00183,0.00183222,0.00183136,0.0018347,0.00183065,0.00183106,0.00183273,0.00183227,0.00183364,0.00183688,0.00183607,0.00183496,0.00183749,0.00183414,0.00183571,0.00183698,0.00183485,0.00183855,0.00183617,0.00183865,0.00184027,0.00183855,0.0018347,0.00183713,0.0018382,0.00183911,0.00184068,0.00183754,0.00183794,0.00184052,0.00184169,0.00183749,0.00184002,0.00184052,0.00184209,0.0018422,0.00184361,0.00184533,0.00184412,0.00184579,0.00184604,0.00184088,0.00184503,0.00184655,0.00184336,0.00184422,0.00184528,0.00184599,0.0018471]},"J":{"unit":"A\/cm2","value":[-0.106397,-0.106397,-0.106398,-0.1064,-0.106398,-0.106398,-0.106397,-0.106397,-0.106397,-0.106399,-0.106397,-0.106398,-0.106396,-0.106398,-0.106396,-0.106398,-0.1064,-0.106398,-0.106398,-0.106396,-0.1064,-0.106396,-0.106399,-0.106398,-0.106396,-0.10583,-0.0988449,-0.0921209,-0.0857049,-0.0793428,-0.0730474,-0.0667968,-0.0607141,-0.0548857,-0.0491348,-0.0436101,-0.0381317,-0.0328445,-0.0277543,-0.0228554,-0.0181638,-0.0137457,-0.00954899,-0.00565438,-0.0021432,0.00113491,0.00410192,0.00667901,0.0089685,0.0108567,0.0124606,0.013771,0.0148481,0.0155984,0.0162107,0.0167514,0.0171899,0.0174634,0.0177591,0.0179519,0.0181264,0.0182724,0.0183473,0.0184076,0.0184916,0.0186149,0.0186736,0.0187323,0.0188018,0.0188346,0.0189149,0.0188826,0.0189171,0.0189402,0.0190124,0.0190409,0.0190555,0.0190458,0.0190991,0.0191578,0.0191029,0.0191233,0.0191546,0.0191729,0.0191723,0.0192068,0.0191944,0.0192235,0.0192343,0.0192564,0.0192144,0.0192569,0.0192618,0.0192779,0.0192914,0.0192682,0.0193307,0.0193382,0.0193027,0.0193188,0.0193366,0.0193792,0.0193824,0.0193673,0.0193835,0.0193749,0.0194045,0.0194169,0.0193743,0.0194169,0.0194179,0.0194465,0.0194276,0.0194422,0.0194788,0.0194201,0.0194115,0.0194605,0.0194707,0.019447,0.0194772,0.019468,0.0194917,0.0194826,0.0195181,0.019475,0.0194793,0.0194971,0.0194923,0.0195068,0.0195413,0.0195326,0.0195208,0.0195477,0.0195122,0.0195289,0.0195423,0.0195197,0.019559,0.0195337,0.0195601,0.0195774,0.019559,0.0195181,0.019544,0.0195553,0.019565,0.0195817,0.0195483,0.0195526,0.01958,0.0195924,0.0195477,0.0195747,0.01958,0.0195968,0.0195978,0.0196129,0.0196312,0.0196183,0.0196361,0.0196388,0.0195838,0.019628,0.0196441,0.0196102,0.0196194,0.0196307,0.0196382,0.0196501]},"pv_cell_parameters":{"voc":{"unit":"V","value":1.05},"isc":{"unit":"mA","value":1.84},"jsc":{"unit":"mA\/cm2","value":19.55},"vopt":{"unit":"mV","value":916.55},"iopt":{"unit":"mA","value":1.6700000000000002},"pmax":{"unit":"W","value":0.0015300000000000001},"fill_factor":{"unit":"%","value":79.48},"efficiency":{"unit":"%","value":16.28},"cell_dimension":{"unit":"cm2","value":0.094},"irradiance":{"unit":"mW\/cm2","value":100}},"calculations":{"fitted_isc":{"unit":"mA","value":1.84},"fitted_voc":{"unit":"V","value":1.05},"rshunt":{"unit":"Kohm","value":15.81},"rseries":{"unit":"ohm","value":33.08}},"measurement_conditions":{"sweep_direction":{"unit":"","value":"Reverse"},"nplc":{"unit":"","value":0.01},"voltage_settling_time":{"unit":"s","value":0.01},"configuration_file":{"unit":"","value":"Configuration for I-V meas.conf"},"sample_id":{"unit":"","value":"R 5-4"},"note":{"unit":"","value":"\uc2dc\ub8cc\uc5d0 \uad00\ud55c \ubd80\uac00\uc801\uc778 \uc124\uba85\uc744 \uc774\uacf3\uc5d0 \uc801\uc73c\uc138\uc694. ^^"}},"key":"R 5-4_20220603","sweep_direction":{"unit":"","value":"Reverse"},"jsc":{"unit":"mA\/cm2","value":19.55},"voc":{"unit":"V","value":1.05},"efficiency":{"unit":"%","value":16.28},"fill_factor":{"unit":"%","value":79.48},"cell_dimension":{"unit":"cm2","value":0.094}},{"V":{"unit":"V","value":[1.5,1.48995,1.4799,1.4698,1.45975,1.4497,1.43965,1.4296,1.41955,1.40945,1.3994,1.38935,1.3793,1.36925,1.35915,1.3491,1.33905,1.329,1.31895,1.3089,1.2988,1.28875,1.2787,1.26865,1.2586,1.2485,1.23845,1.2284,1.21835,1.2083,1.19825,1.18815,1.1781,1.16805,1.158,1.14795,1.13785,1.1278,1.11775,1.1077,1.09765,1.0876,1.0775,1.06745,1.0574,1.04735,1.0373,1.0272,1.01715,1.0071,0.99705,0.987,0.97695,0.96685,0.9568,0.94675,0.9367,0.92665,0.91655,0.9065,0.89645,0.8864,0.87635,0.86625,0.8562,0.84615,0.8361,0.82605,0.816,0.8059,0.79585,0.7858,0.77575,0.7657,0.7556,0.74555,0.7355,0.72545,0.7154,0.70535,0.69525,0.6852,0.67515,0.6651,0.65505,0.64495,0.6349,0.62485,0.6148,0.60475,0.5947,0.5846,0.57455,0.5645,0.55445,0.5444,0.5343,0.52425,0.5142,0.50415,0.4941,0.48405,0.47395,0.4639,0.45385,0.4438,0.43375,0.42365,0.4136,0.40355,0.3935,0.38345,0.3734,0.3633,0.35325,0.3432,0.33315,0.3231,0.313,0.30295,0.2929,0.28285,0.2728,0.2627,0.25265,0.2426,0.23255,0.2225,0.21245,0.20235,0.1923,0.18225,0.1722,0.16215,0.15205,0.142,0.13195,0.1219,0.11185,0.1018,0.0917,0.08165,0.0716,0.06155,0.0515,0.0414,0.03135,0.0213,0.01125,0.0012,-0.00885,-0.01895,-0.029,-0.03905,-0.0491,-0.05915,-0.06925,-0.0793,-0.08935,-0.0994,-0.10945,-0.1195,-0.1296,-0.13965,-0.1497,-0.15975,-0.1698,-0.1799,-0.18995,-0.2]},"I":{"unit":"A","value":[-0.0100019,-0.0100015,-0.0100017,-0.0100017,-0.0100016,-0.0100018,-0.0100017,-0.0100018,-0.0100018,-0.0100017,-0.0100017,-0.0100016,-0.0100019,-0.0100019,-0.0100017,-0.0100016,-0.0100017,-0.0100016,-0.0100018,-0.0100016,-0.0100016,-0.00979423,-0.00930875,-0.00882586,-0.00834676,-0.00786943,-0.00740197,-0.00694303,-0.0064823,-0.00603201,-0.00558809,-0.00514569,-0.0047119,-0.00428717,-0.00386837,-0.00345609,-0.00305455,-0.00265802,-0.00227191,-0.00189953,-0.00153413,-0.00118629,-0.000847979,-0.000529407,-0.000223946,5.84358e-5,0.000320943,0.000563048,0.000782622,0.000976071,0.00114026,0.0012848,0.00140509,0.00149683,0.00157065,0.00163282,0.00168112,0.00171732,0.00174815,0.00176552,0.00178283,0.00179665,0.00180268,0.00180936,0.00181331,0.00182197,0.00182505,0.00182911,0.0018323,0.00183498,0.0018368,0.00183928,0.00183619,0.00184217,0.00184576,0.00184495,0.00184885,0.00184759,0.00185128,0.00185052,0.00184971,0.00185194,0.00185346,0.00185224,0.00185629,0.00185579,0.0018569,0.00185953,0.0018609,0.00185878,0.00185771,0.00185928,0.00186131,0.00186211,0.00186667,0.0018647,0.00186758,0.00186733,0.00186713,0.00186718,0.00186789,0.00186531,0.00186951,0.00187052,0.00187057,0.00186748,0.00187351,0.00186991,0.00186895,0.00187133,0.00186804,0.00187518,0.00187366,0.00187285,0.0018725,0.00187538,0.00187052,0.00187437,0.00187629,0.00187518,0.00187639,0.00187624,0.00187948,0.00187381,0.00188049,0.00187821,0.00187801,0.00187984,0.00187776,0.00187903,0.00188232,0.00187872,0.00187639,0.00187837,0.00187801,0.00187832,0.0018807,0.00188065,0.00188049,0.00188044,0.00188237,0.00188105,0.00188302,0.00188146,0.00188095,0.00188115,0.00188292,0.00187837,0.00188348,0.00188464,0.0018854,0.00188525,0.00188125,0.00187933,0.00188338,0.00188257,0.00188313,0.0018814,0.00188464,0.00188257,0.00188444,0.00188474,0.00188272,0.001881,0.00188621,0.00188404,0.00188313,0.00188464,0.0018851,0.00188409]},"J":{"unit":"A\/cm2","value":[-0.106403,-0.106399,-0.106401,-0.106401,-0.1064,-0.106403,-0.106401,-0.106402,-0.106403,-0.106401,-0.106401,-0.1064,-0.106403,-0.106403,-0.106401,-0.1064,-0.106401,-0.1064,-0.106402,-0.1064,-0.1064,-0.104194,-0.0990293,-0.0938921,-0.0887953,-0.0837174,-0.0787444,-0.073862,-0.0689606,-0.0641703,-0.0594478,-0.0547414,-0.0501266,-0.0456082,-0.0411529,-0.0367669,-0.0324952,-0.0282768,-0.0241693,-0.0202077,-0.0163205,-0.0126201,-0.00902106,-0.00563199,-0.0023824,0.000621658,0.00341429,0.00598987,0.00832577,0.0103837,0.0121304,0.0136681,0.0149478,0.0159238,0.016709,0.0173704,0.0178842,0.0182693,0.0185973,0.0187821,0.0189663,0.0191133,0.0191774,0.0192485,0.0192905,0.0193826,0.0194155,0.0194586,0.0194925,0.0195211,0.0195404,0.0195668,0.019534,0.0195975,0.0196358,0.0196271,0.0196686,0.0196552,0.0196945,0.0196864,0.0196778,0.0197015,0.0197176,0.0197047,0.0197478,0.0197424,0.0197543,0.0197823,0.0197968,0.0197742,0.0197629,0.0197796,0.0198011,0.0198097,0.0198582,0.0198372,0.0198679,0.0198652,0.0198631,0.0198636,0.0198711,0.0198437,0.0198884,0.0198991,0.0198997,0.0198668,0.0199309,0.0198927,0.0198824,0.0199078,0.0198728,0.0199487,0.0199325,0.0199239,0.0199202,0.0199509,0.0198991,0.0199401,0.0199605,0.0199487,0.0199616,0.01996,0.0199945,0.0199341,0.0200052,0.019981,0.0199789,0.0199983,0.0199762,0.0199896,0.0200246,0.0199864,0.0199616,0.0199826,0.0199789,0.0199821,0.0200074,0.0200069,0.0200052,0.0200047,0.0200252,0.0200112,0.0200322,0.0200155,0.0200101,0.0200122,0.0200311,0.0199826,0.020037,0.0200494,0.0200575,0.0200559,0.0200133,0.0199929,0.0200359,0.0200273,0.0200332,0.0200149,0.0200494,0.0200273,0.0200473,0.0200505,0.0200289,0.0200106,0.0200661,0.020043,0.0200332,0.0200494,0.0200543,0.0200435]},"pv_cell_parameters":{"voc":{"unit":"V","value":1.05},"isc":{"unit":"mA","value":1.88},"jsc":{"unit":"mA\/cm2","value":20.05},"vopt":{"unit":"mV","value":916.55},"iopt":{"unit":"mA","value":1.75},"pmax":{"unit":"W","value":0.0016},"fill_factor":{"unit":"%","value":81.17},"efficiency":{"unit":"%","value":17.05},"cell_dimension":{"unit":"cm2","value":0.094},"irradiance":{"unit":"mW\/cm2","value":100}},"calculations":{"fitted_isc":{"unit":"mA","value":1.88},"fitted_voc":{"unit":"V","value":1.05},"rshunt":{"unit":"Kohm","value":54.160000000000004},"rseries":{"unit":"ohm","value":35.88}},"measurement_conditions":{"sweep_direction":{"unit":"","value":"Reverse"},"nplc":{"unit":"","value":0.01},"voltage_settling_time":{"unit":"s","value":0.01},"configuration_file":{"unit":"","value":"Configuration for I-V meas.conf"},"sample_id":{"unit":"","value":"R 5-3"},"note":{"unit":"","value":"\uc2dc\ub8cc\uc5d0 \uad00\ud55c \ubd80\uac00\uc801\uc778 \uc124\uba85\uc744 \uc774\uacf3\uc5d0 \uc801\uc73c\uc138\uc694. ^^"}},"key":"R 5-3_20220603","sweep_direction":{"unit":"","value":"Reverse"},"jsc":{"unit":"mA\/cm2","value":20.05},"voc":{"unit":"V","value":1.05},"efficiency":{"unit":"%","value":17.05},"fill_factor":{"unit":"%","value":81.17},"cell_dimension":{"unit":"cm2","value":0.094}},{"V":{"unit":"V","value":[1.5,1.48995,1.4799,1.4698,1.45975,1.4497,1.43965,1.4296,1.41955,1.40945,1.3994,1.38935,1.3793,1.36925,1.35915,1.3491,1.33905,1.329,1.31895,1.3089,1.2988,1.28875,1.2787,1.26865,1.2586,1.2485,1.23845,1.2284,1.21835,1.2083,1.19825,1.18815,1.1781,1.16805,1.158,1.14795,1.13785,1.1278,1.11775,1.1077,1.09765,1.0876,1.0775,1.06745,1.0574,1.04735,1.0373,1.0272,1.01715,1.0071,0.99705,0.987,0.97695,0.96685,0.9568,0.94675,0.9367,0.92665,0.91655,0.9065,0.89645,0.8864,0.87635,0.86625,0.8562,0.84615,0.8361,0.82605,0.816,0.8059,0.79585,0.7858,0.77575,0.7657,0.7556,0.74555,0.7355,0.72545,0.7154,0.70535,0.69525,0.6852,0.67515,0.6651,0.65505,0.64495,0.6349,0.62485,0.6148,0.60475,0.5947,0.5846,0.57455,0.5645,0.55445,0.5444,0.5343,0.52425,0.5142,0.50415,0.4941,0.48405,0.47395,0.4639,0.45385,0.4438,0.43375,0.42365,0.4136,0.40355,0.3935,0.38345,0.3734,0.3633,0.35325,0.3432,0.33315,0.3231,0.313,0.30295,0.2929,0.28285,0.2728,0.2627,0.25265,0.2426,0.23255,0.2225,0.21245,0.20235,0.1923,0.18225,0.1722,0.16215,0.15205,0.142,0.13195,0.1219,0.11185,0.1018,0.0917,0.08165,0.0716,0.06155,0.0515,0.0414,0.03135,0.0213,0.01125,0.0012,-0.00885,-0.01895,-0.029,-0.03905,-0.0491,-0.05915,-0.06925,-0.0793,-0.08935,-0.0994,-0.10945,-0.1195,-0.1296,-0.13965,-0.1497,-0.15975,-0.1698,-0.1799,-0.18995,-0.2]},"I":{"unit":"A","value":[-0.0100016,-0.0100015,-0.0100016,-0.0100016,-0.0100015,-0.0100014,-0.0100017,-0.0100015,-0.0100016,-0.0100016,-0.0100016,-0.0100018,-0.0100017,-0.0100016,-0.0100017,-0.0100016,-0.0100016,-0.0100018,-0.0100018,-0.0100013,-0.0100016,-0.0100015,-0.0100017,-0.0100016,-0.0100016,-0.0100016,-0.0100017,-0.0100016,-0.00954526,-0.00884257,-0.00815031,-0.00747561,-0.00681216,-0.00616986,-0.00554026,-0.00492692,-0.00432892,-0.00374696,-0.00319609,-0.0026601,-0.00215231,-0.00166562,-0.00121351,-0.000788029,-0.000395755,-3.28934e-5,0.000288132,0.000573722,0.000823212,0.00103306,0.00120352,0.00134563,0.00146289,0.0015523,0.00161735,0.00167097,0.00171349,0.00173962,0.00176731,0.00177506,0.00178933,0.00180209,0.00180974,0.00181839,0.00182179,0.0018272,0.00183034,0.00183804,0.00183373,0.00183682,0.00184097,0.0018426,0.00184097,0.00184629,0.00184831,0.00184669,0.00185318,0.001851,0.00185034,0.00185358,0.00185399,0.00185307,0.00185647,0.00185849,0.00185905,0.00186092,0.00185849,0.00185981,0.00186107,0.00186315,0.00185971,0.0018636,0.00186477,0.00186295,0.00186872,0.00186543,0.0018635,0.00186538,0.0018674,0.00186679,0.00186745,0.00186948,0.00187089,0.00186958,0.00187014,0.0018674,0.00187014,0.0018712,0.00187393,0.0018753,0.00187125,0.00187611,0.00187499,0.00187272,0.00186998,0.00187423,0.00187449,0.00187657,0.00187646,0.00187682,0.00187727,0.00188046,0.00187981,0.00187535,0.00187793,0.00188066,0.00187996,0.00187778,0.00188158,0.00188416,0.00188117,0.00188259,0.00188142,0.00188224,0.00188224,0.00188623,0.00188335,0.00188603,0.001887,0.00188715,0.0018836,0.00188472,0.00188487,0.0018872,0.00188583,0.00188811,0.00188634,0.00188623,0.00188932,0.00188801,0.0018838,0.0018874,0.0018874,0.00188856,0.00188872,0.00188932,0.00188775,0.0018915,0.00188978,0.00188927,0.00189044,0.00188927,0.00188953,0.00189221,0.00189074,0.00189216,0.00189185,0.00188755,0.00189216,0.00189368]},"J":{"unit":"A\/cm2","value":[-0.1064,-0.106399,-0.1064,-0.1064,-0.106399,-0.106398,-0.106401,-0.106399,-0.1064,-0.1064,-0.1064,-0.106402,-0.106401,-0.1064,-0.106401,-0.1064,-0.1064,-0.106402,-0.106402,-0.106397,-0.1064,-0.106399,-0.106401,-0.1064,-0.1064,-0.1064,-0.106401,-0.1064,-0.101545,-0.0940699,-0.0867054,-0.0795278,-0.0724697,-0.0656368,-0.058939,-0.0524141,-0.0460523,-0.0398613,-0.034001,-0.0282989,-0.0228969,-0.0177194,-0.0129097,-0.00838329,-0.00421016,-0.00034993,0.00306523,0.00610342,0.00875757,0.01099,0.0128035,0.0143153,0.0155626,0.0165138,0.0172059,0.0177762,0.0182287,0.0185066,0.0188012,0.0188836,0.0190355,0.0191712,0.0192525,0.0193446,0.0193807,0.0194383,0.0194717,0.0195536,0.0195078,0.0195407,0.0195848,0.0196021,0.0195848,0.0196414,0.0196629,0.0196457,0.0197146,0.0196915,0.0196845,0.0197189,0.0197232,0.0197136,0.0197496,0.0197712,0.0197771,0.019797,0.0197712,0.0197852,0.0197986,0.0198207,0.0197841,0.0198256,0.019838,0.0198186,0.01988,0.019845,0.0198245,0.0198444,0.019866,0.0198595,0.0198665,0.019888,0.0199031,0.0198891,0.0198951,0.019866,0.0198951,0.0199064,0.0199354,0.01995,0.0199069,0.0199586,0.0199468,0.0199225,0.0198934,0.0199387,0.0199414,0.0199635,0.0199624,0.0199662,0.019971,0.0200049,0.0199979,0.0199505,0.019978,0.0200071,0.0199996,0.0199764,0.0200168,0.0200443,0.0200125,0.0200275,0.0200152,0.0200238,0.0200238,0.0200663,0.0200356,0.0200642,0.0200744,0.020076,0.0200383,0.0200502,0.0200518,0.0200766,0.020062,0.0200863,0.0200674,0.0200663,0.0200992,0.0200852,0.0200405,0.0200787,0.0200787,0.0200911,0.0200927,0.0200992,0.0200825,0.0201223,0.020104,0.0200986,0.020111,0.0200986,0.0201013,0.0201299,0.0201143,0.0201293,0.0201261,0.0200803,0.0201293,0.0201455]},"pv_cell_parameters":{"voc":{"unit":"V","value":1.05},"isc":{"unit":"mA","value":1.89},"jsc":{"unit":"mA\/cm2","value":20.09},"vopt":{"unit":"mV","value":916.55},"iopt":{"unit":"mA","value":1.77},"pmax":{"unit":"W","value":0.0016200000000000001},"fill_factor":{"unit":"%","value":81.92},"efficiency":{"unit":"%","value":17.23},"cell_dimension":{"unit":"cm2","value":0.094},"irradiance":{"unit":"mW\/cm2","value":100}},"calculations":{"fitted_isc":{"unit":"mA","value":1.89},"fitted_voc":{"unit":"V","value":1.04},"rshunt":{"unit":"Kohm","value":21.41},"rseries":{"unit":"ohm","value":28.32}},"measurement_conditions":{"sweep_direction":{"unit":"","value":"Reverse"},"nplc":{"unit":"","value":0.01},"voltage_settling_time":{"unit":"s","value":0.01},"configuration_file":{"unit":"","value":"Configuration for I-V meas.conf"},"sample_id":{"unit":"","value":"R 5-1"},"note":{"unit":"","value":"\uc2dc\ub8cc\uc5d0 \uad00\ud55c \ubd80\uac00\uc801\uc778 \uc124\uba85\uc744 \uc774\uacf3\uc5d0 \uc801\uc73c\uc138\uc694. ^^"}},"key":"R 5-1_20220603","sweep_direction":{"unit":"","value":"Reverse"},"jsc":{"unit":"mA\/cm2","value":20.09},"voc":{"unit":"V","value":1.05},"efficiency":{"unit":"%","value":17.23},"fill_factor":{"unit":"%","value":81.92},"cell_dimension":{"unit":"cm2","value":0.094}}]}}