{"_id":"6348af63bd62ac47077d9e94","id":"KRICT-SC-00602","author":56,"input":[{"tco":{"unit":"","value":"ITO"}},{"htl":[{"material":{"unit":"","value":"NiO_4PACz"},"concentration":{"unit":"mg\/ml","value":""},"conc_unit":{"unit":"","value":"mg\/ml"},"quantity":{"unit":"ml","value":null}}],"htl_doping":[{"material":{"unit":"","value":"none"},"volume":{"unit":"ul","value":0}},{"material":{"unit":"","value":"none"},"volume":{"unit":"ul","value":0}},{"material":{"unit":"","value":"none"},"volume":{"unit":"ul","value":0}}],"spin_coating":[{"type":{"unit":"","value":null},"rpm":{"unit":"","value":4000},"time":{"unit":"","value":null}}]},{"htl_treatment":[{"material":{"value":"none","unit":""},"concentration":{"value":0,"unit":"mg\/ml"},"conc_unit":{"unit":"","value":"mg\/ml"},"quantity":{"unit":"ml","value":null}}],"annealing":[{"temperature":{"value":0,"unit":"oC"},"time":{"value":0,"unit":"time"}}],"spin_coating":[{"type":{"unit":"","value":null},"rpm":{"value":0,"unit":""},"time":{"unit":"","value":null}}]},{"perovskite":{"method":{"unit":"","value":"1step"},"molarity":{"unit":"M","value":1.5},"a_site":[{"material":{"unit":"","value":"Cs"},"ratio":{"unit":"%","value":5}},{"material":{"unit":"","value":"MA"},"ratio":{"unit":"%","value":15}},{"material":{"unit":"","value":"FA"},"ratio":{"unit":"%","value":80}}],"b_site":[{"material":{"unit":"","value":"Pb"},"ratio":{"unit":"%","value":100}},{"material":{"unit":"","value":"Sn"},"ratio":{"unit":"%","value":0}}],"x_site":[{"material":{"unit":"","value":"I"},"ratio":{"unit":"%","value":78}},{"material":{"unit":"","value":"Br"},"ratio":{"unit":"%","value":22}},{"material":{"unit":"","value":"Cl"},"ratio":{"unit":"%","value":0}}],"solvent":[{"material":{"unit":"","value":"DMF"},"volume":{"unit":"ml","value":0.8}},{"material":{"unit":"","value":"DMSO"},"volume":{"unit":"ml","value":0.2}},{"material":{"unit":"","value":"none"},"volume":{"unit":"ml","value":0}}],"antisolvent":[{"material":{"unit":"","value":"DEE"},"quantity":{"unit":"ul","value":1000},"dripping_time":{"unit":"s","value":null}}],"annealing":[{"temperature":{"unit":"oC","value":100},"time":{"unit":"min","value":80}},{"temperature":{"unit":"oC","value":0},"time":{"unit":"min","value":0}}],"spin_coating":[{"type":{"unit":"","value":null},"rpm":{"unit":"","value":5000},"time":{"unit":"","value":null}}],"additive":[{"material":{"unit":"","value":"MACl"},"quantity":{"unit":"mol%","value":5}},{"material":{"unit":"","value":"none"},"quantity":{"unit":"mol%","value":0}},{"material":{"unit":"","value":"none"},"quantity":{"unit":"mol%","value":0}}]}},{"perovskite_treatment":[{"material":{"unit":"","value":"none"},"concentration":{"unit":"mg\/ml","value":0},"conc_unit":{"unit":"","value":"mg\/ml"},"quantity":{"unit":"ml","value":null}}],"annealing":[{"temperature":{"unit":"oC","value":0},"time":{"unit":"min","value":0}}],"spin_coating":[{"type":{"unit":"","value":null},"rpm":{"unit":"","value":0},"time":{"unit":"","value":null}}]},{"etl":[{"material":{"unit":"","value":"C60"},"concentration":{"unit":"","value":""},"conc_unit":{"unit":"","value":"mg\/ml"},"quantity":{"unit":"ml","value":null}}],"annealing":[{"temperature":{"unit":"oC","value":0},"time":{"unit":"min","value":0}}],"spin_coating":[{"type":{"unit":"","value":null},"rpm":{"unit":"","value":0},"time":{"unit":"","value":null}}]},{"etl_treatment":[{"material":{"unit":"","value":"none"},"concentration":{"unit":"mg\/ml","value":""},"conc_unit":{"unit":"","value":"mg\/ml"},"quantity":{"unit":"ml","value":null}}],"annealing":[{"temperature":{"unit":"oC","value":0},"time":{"unit":"min","value":0}}],"spin_coating":[{"type":{"unit":"","value":null},"rpm":{"unit":"","value":0},"time":{"unit":"","value":null}}]},{"surface_treatment":{"unit":"","value":"none"}},{"annealing":[{"temperature":{"unit":"oC","value":0},"time":{"unit":"min","value":0}}],"blocking_buffer_layer":[{"material":{"unit":"","value":"BCP"},"concentration":{"unit":"","value":""},"conc_unit":{"unit":"","value":"mg\/ml"},"quantity":{"unit":"ml","value":null}}]},{"surface_treatment":{"unit":"","value":"none"}},{"anode_metal":{"unit":"","value":"Ag"}},{"note":{"unit":"","value":"0% GB"},"ar":{"unit":"","value":0},"type":{"unit":"","value":"p-i-n"}}],"fileinfo":[{"key":"20221012_sample-12_nio_4pacz_64 triple GB_wo_c60_bcp_ag-2_20221012","uploadType":"JV","original_name":"20221012_sample-12_nio_4pacz_64 triple GB_wo_c60_bcp_ag-2_20221012-181856.txt","save_name":"KRICT-SC-00602\/20221012_sample-12_nio_4pacz_64 triple GB_wo_c60_bcp_ag-2_20221012","uploader":56},{"key":"20221012_sample-12_nio_4pacz_64 triple GB_wo_c60_bcp_ag-3_20221012","uploadType":"JV","original_name":"20221012_sample-12_nio_4pacz_64 triple GB_wo_c60_bcp_ag-3_20221012-181900.txt","save_name":"KRICT-SC-00602\/20221012_sample-12_nio_4pacz_64 triple GB_wo_c60_bcp_ag-3_20221012","uploader":56},{"key":"20221012_sample-12_nio_4pacz_64 triple GB_wo_c60_bcp_ag-4_20221012","uploadType":"JV","original_name":"20221012_sample-12_nio_4pacz_64 triple GB_wo_c60_bcp_ag-4_20221012-181904.txt","save_name":"KRICT-SC-00602\/20221012_sample-12_nio_4pacz_64 triple GB_wo_c60_bcp_ag-4_20221012","uploader":56},{"key":"20221012_sample-12_nio_4pacz_64 triple GB_wo_c60_bcp_ag-1_20221012","uploadType":"JV","original_name":"20221012_sample-12_nio_4pacz_64 triple GB_wo_c60_bcp_ag-1_20221012-181852.txt","save_name":"KRICT-SC-00602\/20221012_sample-12_nio_4pacz_64 triple GB_wo_c60_bcp_ag-1_20221012","uploader":56},{"key":"InputFile","uploadType":"InputFile","original_name":"input.xlsx","save_name":"KRICT-SC-00602\/InputFile","uploader":56}],"updated_at":"2024-10-25 07:08:02","created_at":"2022-10-14 00:37:55","group":2,"analysis_old":{"JV":[{"V":{"unit":"V","value":[-0.2,-0.1911,-0.18225,-0.17335,-0.1645,-0.1556,-0.14675,-0.13785,-0.129,-0.1201,-0.11125,-0.10235,-0.0935,-0.0846,-0.07575,-0.06685,-0.058,-0.0491,-0.04025,-0.03135,-0.0225,-0.0136,-0.00475,0.00415,0.013,0.0219,0.03075,0.03965,0.0485,0.0574,0.06625,0.07515,0.084,0.0929,0.1018,0.11065,0.11955,0.1284,0.1373,0.14615,0.15505,0.1639,0.1728,0.18165,0.19055,0.1994,0.2083,0.21715,0.22605,0.2349,0.2438,0.25265,0.26155,0.2704,0.2793,0.28815,0.29705,0.3059,0.3148,0.32365,0.33255,0.3414,0.3503,0.35915,0.36805,0.3769,0.3858,0.39465,0.40355,0.41245,0.4213,0.4302,0.43905,0.44795,0.4568,0.4657,0.47455,0.48345,0.4923,0.5012,0.51005,0.51895,0.5278,0.5367,0.54555,0.55445,0.5633,0.5722,0.58105,0.58995,0.5988,0.6077,0.61655,0.62545,0.6343,0.6432,0.65205,0.66095,0.6698,0.6787,0.68755,0.69645,0.7053,0.7142,0.7231,0.73195,0.74085,0.7497,0.7586,0.76745,0.77635,0.7852,0.7941,0.80295,0.81185,0.8207,0.8296,0.83845,0.84735,0.8562,0.8651,0.87395,0.88285,0.8917,0.9006,0.90945,0.91835,0.9272,0.9361,0.94495,0.95385,0.9627,0.9716,0.98045,0.98935,0.9982,1.0071,1.016,1.02485,1.03375,1.0426,1.0515,1.06035,1.06925,1.0781,1.087,1.09585,1.10475,1.1136,1.1225,1.13135,1.14025,1.1491,1.158,1.16685,1.17575,1.1846,1.1935,1.20235,1.21125,1.2201,1.229,1.23785,1.24675,1.2556,1.2645,1.27335,1.28225,1.2911,1.3]},"I":{"unit":"A","value":[0.00109649,0.00106749,0.00104872,0.00103707,0.00102936,0.00102018,0.00101266,0.00100615,0.000994013,0.000988404,0.000981074,0.000975993,0.00097379,0.000971531,0.000964393,0.000959815,0.000960112,0.000953577,0.000948934,0.00094995,0.00094165,0.00094088,0.000939029,0.000932429,0.00092939,0.000929904,0.00092601,0.00092108,0.000919878,0.000917725,0.000913071,0.000910229,0.000908252,0.000907246,0.000902608,0.000900877,0.000898714,0.000895932,0.000893115,0.000891525,0.000888834,0.000885212,0.00088164,0.00087988,0.000877998,0.000875337,0.000872108,0.000870156,0.000868078,0.000864682,0.000862424,0.000860341,0.000857167,0.000853414,0.000852494,0.000850305,0.000846241,0.000844535,0.00084211,0.000838036,0.00083628,0.000833679,0.000831466,0.000828553,0.000825957,0.000822562,0.000820665,0.000817516,0.000815197,0.000812309,0.000809306,0.00080582,0.000801559,0.000799406,0.000800166,0.000792202,0.000787484,0.000791312,0.00078441,0.000776794,0.000781784,0.000772996,0.000769052,0.000768116,0.000763246,0.000758297,0.000754373,0.000750404,0.000744015,0.000739975,0.00073503,0.00073005,0.000723067,0.00071685,0.000711603,0.000702543,0.000694438,0.000688699,0.000678904,0.000669019,0.000661161,0.000650572,0.000638946,0.000627442,0.000614297,0.000601006,0.000586775,0.000572402,0.000556496,0.000539498,0.000524471,0.000507015,0.000487381,0.000467636,0.000447046,0.000426129,0.000403784,0.000380326,0.000358312,0.000333708,0.000311659,0.000287573,0.000260584,0.000233726,0.000206988,0.000178827,0.000151517,0.000123481,0.00012573,0.000102876,6.98488e-5,3.80896e-5,3.29263e-5,5.74976e-6,-1.71725e-5,-5.23489e-5,-8.48997e-5,-0.00010404,-0.000139537,-0.000171508,-0.000202111,-0.000233141,-0.000263688,-0.000293285,-0.00031845,-0.000345995,-0.000373781,-0.000400938,-0.000427185,-0.000452772,-0.000477228,-0.000501544,-0.0005252,-0.000548801,-0.000567709,-0.000590294,-0.000614911,-0.000640473,-0.000666695,-0.000694501,-0.000723519,-0.000754891,-0.00078818,-0.000824517,-0.000859733,-0.00090114,-0.00094731,-0.000997359,-0.00103696,-0.00109466]},"J":{"unit":"A\/cm2","value":[0.0116648,0.0113563,0.0111566,0.0110327,0.0109506,0.0108529,0.010773,0.0107038,0.0105746,0.0105149,0.010437,0.0103829,0.0103595,0.0103354,0.0102595,0.0102108,0.010214,0.0101444,0.010095,0.0101059,0.0100176,0.0100094,0.00998967,0.00991946,0.00988713,0.00989259,0.00985117,0.00979872,0.00978593,0.00976303,0.00971352,0.00968329,0.00966226,0.00965155,0.00960221,0.0095838,0.00956079,0.00953119,0.00950123,0.00948431,0.00945568,0.00941715,0.00937915,0.00936042,0.00934041,0.0093121,0.00927774,0.00925698,0.00923487,0.00919875,0.00917472,0.00915256,0.0091188,0.00907887,0.00906908,0.0090458,0.00900256,0.00898442,0.00895862,0.00891527,0.0088966,0.00886893,0.00884538,0.00881439,0.00878678,0.00875066,0.00873048,0.00869698,0.00867231,0.00864159,0.00860964,0.00857255,0.00852723,0.00850432,0.0085124,0.00842768,0.00837749,0.00841821,0.00834479,0.00826376,0.00831685,0.00822336,0.0081814,0.00817145,0.00811964,0.00806698,0.00802524,0.00798302,0.00791505,0.00787207,0.00781947,0.00776649,0.00769221,0.00762606,0.00757024,0.00747386,0.00738764,0.00732658,0.00722239,0.00711723,0.00703363,0.00692098,0.0067973,0.00667491,0.00653507,0.00639368,0.00624229,0.00608939,0.00592017,0.00573934,0.00557948,0.00539378,0.00518491,0.00497485,0.00475581,0.00453329,0.00429557,0.00404602,0.00381183,0.00355008,0.00331552,0.00305928,0.00277217,0.00248644,0.002202,0.00190242,0.00161188,0.00131363,0.00133755,0.00109443,0.000743072,0.000405209,0.000350279,6.11677e-5,-0.000182686,-0.000556903,-0.000903188,-0.00110681,-0.00148444,-0.00182455,-0.00215011,-0.00248022,-0.00280519,-0.00312005,-0.00338777,-0.00368079,-0.00397639,-0.0042653,-0.00454452,-0.00481673,-0.0050769,-0.00533557,-0.00558723,-0.00583831,-0.00603945,-0.00627972,-0.0065416,-0.00681354,-0.0070925,-0.00738831,-0.00769701,-0.00803076,-0.0083849,-0.00877146,-0.00914609,-0.00958659,-0.0100778,-0.0106102,-0.0110315,-0.0116453]},"pv_cell_parameters":{"voc":{"unit":"V","value":0.98045},"isc":{"unit":"mA","value":0.93243},"jsc":{"unit":"mA\/cm2","value":9.92},"vopt":{"unit":"mV","value":660.95},"iopt":{"unit":"mA","value":0.6887},"pmax":{"unit":"W","value":0.00045519999999999995},"fill_factor":{"unit":"%","value":49.79},"efficiency":{"unit":"%","value":4.84},"cell_dimension":{"unit":"cm2","value":0.094},"irradiance":{"unit":"mW\/cm2","value":100}},"calculations":{"fitted_isc":{"unit":"mA","value":0.9347},"fitted_voc":{"unit":"V","value":0.98012},"rshunt":{"unit":"Kohm","value":3.17},"rseries":{"unit":"ohm","value":349.88}},"measurement_conditions":{"sweep_direction":{"unit":"","value":"Forward"},"nplc":{"unit":"","value":0.01},"voltage_settling_time":{"unit":"s","value":0.01},"configuration_file":{"unit":"","value":"Configuration for I-V meas.conf"},"sample_id":{"unit":"","value":"20221012_sample-12_nio_4pacz_64 triple GB_wo_c60_bcp_ag-4"},"note":{"unit":"","value":"\uc2dc\ub8cc\uc5d0 \uad00\ud55c \ubd80\uac00\uc801\uc778 \uc124\uba85\uc744 \uc774\uacf3\uc5d0 \uc801\uc73c\uc138\uc694. ^^"}},"key":"20221012_sample-12_nio_4pacz_64 triple GB_wo_c60_bcp_ag-4_20221012"},{"V":{"unit":"V","value":[-0.2,-0.1911,-0.18225,-0.17335,-0.1645,-0.1556,-0.14675,-0.13785,-0.129,-0.1201,-0.11125,-0.10235,-0.0935,-0.0846,-0.07575,-0.06685,-0.058,-0.0491,-0.04025,-0.03135,-0.0225,-0.0136,-0.00475,0.00415,0.013,0.0219,0.03075,0.03965,0.0485,0.0574,0.06625,0.07515,0.084,0.0929,0.1018,0.11065,0.11955,0.1284,0.1373,0.14615,0.15505,0.1639,0.1728,0.18165,0.19055,0.1994,0.2083,0.21715,0.22605,0.2349,0.2438,0.25265,0.26155,0.2704,0.2793,0.28815,0.29705,0.3059,0.3148,0.32365,0.33255,0.3414,0.3503,0.35915,0.36805,0.3769,0.3858,0.39465,0.40355,0.41245,0.4213,0.4302,0.43905,0.44795,0.4568,0.4657,0.47455,0.48345,0.4923,0.5012,0.51005,0.51895,0.5278,0.5367,0.54555,0.55445,0.5633,0.5722,0.58105,0.58995,0.5988,0.6077,0.61655,0.62545,0.6343,0.6432,0.65205,0.66095,0.6698,0.6787,0.68755,0.69645,0.7053,0.7142,0.7231,0.73195,0.74085,0.7497,0.7586,0.76745,0.77635,0.7852,0.7941,0.80295,0.81185,0.8207,0.8296,0.83845,0.84735,0.8562,0.8651,0.87395,0.88285,0.8917,0.9006,0.90945,0.91835,0.9272,0.9361,0.94495,0.95385,0.9627,0.9716,0.98045,0.98935,0.9982,1.0071,1.016,1.02485,1.03375,1.0426,1.0515,1.06035,1.06925,1.0781,1.087,1.09585,1.10475,1.1136,1.1225,1.13135,1.14025,1.1491,1.158,1.16685,1.17575,1.1846,1.1935,1.20235,1.21125,1.2201,1.229,1.23785,1.24675,1.2556,1.2645,1.27335,1.28225,1.2911,1.3]},"I":{"unit":"A","value":[0.00114384,0.00110541,0.00109154,0.00107772,0.00106577,0.00105578,0.00104897,0.00104045,0.00103026,0.00102456,0.00101816,0.00101291,0.00100777,0.00100232,0.000995744,0.000990548,0.000987082,0.000983963,0.00097927,0.000974959,0.00097353,0.000968691,0.000965155,0.000962207,0.000959174,0.000955009,0.000951362,0.000948665,0.000946206,0.00094197,0.000939877,0.000937548,0.000935043,0.000930928,0.000928665,0.000927709,0.00092201,0.000919615,0.000917699,0.000914454,0.000911582,0.00090967,0.000907221,0.000904203,0.000902744,0.000899026,0.00089549,0.000892738,0.000890369,0.000886229,0.000884595,0.000881647,0.000878764,0.000875158,0.000872537,0.000869841,0.000865932,0.000863427,0.000860776,0.00085647,0.000853905,0.00085069,0.000846404,0.000842793,0.000839488,0.000837254,0.000832516,0.000827782,0.000825232,0.000820664,0.000815483,0.000812083,0.000807249,0.000803244,0.000798119,0.00079334,0.00078752,0.000782001,0.000775719,0.000770266,0.000764511,0.000757192,0.000750366,0.000742322,0.000736025,0.000727146,0.000720214,0.000712463,0.000701627,0.000692563,0.000683926,0.000672874,0.000662306,0.000651606,0.000640182,0.000628145,0.000616862,0.000604437,0.000591565,0.000578078,0.000565734,0.00055261,0.000537212,0.000524108,0.000509088,0.000494792,0.000480375,0.000465289,0.000448216,0.000431551,0.000415705,0.000398713,0.000380875,0.000364084,0.000346041,0.00033024,0.000312906,0.000295194,0.000276255,0.000258096,0.000239826,0.000221093,0.00020224,0.00018402,0.000164739,0.00014664,0.000128722,0.000108404,9.37899e-5,7.41112e-5,5.32964e-5,3.38299e-5,1.54492e-5,1.01779e-5,-4.36563e-6,-2.95134e-5,-5.37318e-5,-7.77969e-5,-0.000102087,-0.000159553,-0.00018932,-0.000221073,-0.000250879,-0.000280806,-0.000309527,-0.000338171,-0.000366625,-0.000394454,-0.000420871,-0.000447146,-0.000473417,-0.000494658,-0.000517382,-0.000544342,-0.000569184,-0.000591401,-0.000617566,-0.000641849,-0.000666209,-0.000691438,-0.00071709,-0.000740051,-0.000766563,-0.000795429,-0.000825673,-0.000857924,-0.000889169,-0.000923165,-0.000960235,-0.000996656]},"J":{"unit":"A\/cm2","value":[0.0121685,0.0117597,0.0116121,0.0114651,0.011338,0.0112317,0.0111593,0.0110686,0.0109602,0.0108996,0.0108315,0.0107757,0.0107209,0.010663,0.010593,0.0105377,0.0105009,0.0104677,0.0104178,0.0103719,0.0103567,0.0103052,0.0102676,0.0102362,0.010204,0.0101597,0.0101209,0.0100922,0.010066,0.010021,0.0099987,0.00997392,0.00994727,0.00990349,0.00987941,0.00986925,0.00980861,0.00978314,0.00976275,0.00972824,0.00969768,0.00967734,0.00965129,0.00961918,0.00960366,0.00956411,0.00952649,0.00949722,0.00947201,0.00942797,0.00941058,0.00937922,0.00934856,0.00931019,0.00928231,0.00925362,0.00921204,0.00918539,0.00915719,0.00911138,0.00908409,0.0090499,0.0090043,0.00896588,0.00893072,0.00890696,0.00885655,0.00880619,0.00877906,0.00873047,0.00867535,0.00863918,0.00858775,0.00854515,0.00849062,0.00843979,0.00837787,0.00831916,0.00825233,0.00819432,0.0081331,0.00805524,0.00798262,0.00789705,0.00783005,0.0077356,0.00766186,0.00757939,0.00746412,0.00736769,0.00727581,0.00715824,0.0070458,0.00693198,0.00681045,0.00668239,0.00656236,0.00643018,0.00629324,0.00614977,0.00601845,0.00587883,0.00571502,0.00557562,0.00541583,0.00526374,0.00511037,0.00494988,0.00476826,0.00459097,0.0044224,0.00424163,0.00405187,0.00387324,0.00368128,0.0035132,0.00332879,0.00314037,0.00293889,0.0027457,0.00255134,0.00235205,0.00215148,0.00195766,0.00175254,0.00156,0.00136938,0.00115324,0.000997765,0.000788417,0.000566983,0.000359893,0.000164353,0.000108275,-4.64429e-5,-0.000313972,-0.000571615,-0.000827627,-0.00108604,-0.00169738,-0.00201404,-0.00235184,-0.00266893,-0.0029873,-0.00329284,-0.00359756,-0.00390026,-0.00419632,-0.00447735,-0.00475688,-0.00503635,-0.00526232,-0.00550407,-0.00579087,-0.00605515,-0.0062915,-0.00656985,-0.00682819,-0.00708733,-0.00735572,-0.00762862,-0.00787288,-0.00815492,-0.00846201,-0.00878376,-0.00912685,-0.00945924,-0.00982091,-0.0102153,-0.0106027]},"pv_cell_parameters":{"voc":{"unit":"V","value":0.9893500000000001},"isc":{"unit":"mA","value":0.96221},"jsc":{"unit":"mA\/cm2","value":10.24},"vopt":{"unit":"mV","value":598.8},"iopt":{"unit":"mA","value":0.6839299999999999},"pmax":{"unit":"W","value":0.00040952999999999996},"fill_factor":{"unit":"%","value":43.02},"efficiency":{"unit":"%","value":4.36},"cell_dimension":{"unit":"cm2","value":0.094},"irradiance":{"unit":"mW\/cm2","value":100}},"calculations":{"fitted_isc":{"unit":"mA","value":0.96282},"fitted_voc":{"unit":"V","value":0.9810800000000001},"rshunt":{"unit":"Kohm","value":2.92},"rseries":{"unit":"ohm","value":473.95}},"measurement_conditions":{"sweep_direction":{"unit":"","value":"Forward"},"nplc":{"unit":"","value":0.01},"voltage_settling_time":{"unit":"s","value":0.01},"configuration_file":{"unit":"","value":"Configuration for I-V meas.conf"},"sample_id":{"unit":"","value":"20221012_sample-12_nio_4pacz_64 triple GB_wo_c60_bcp_ag-3"},"note":{"unit":"","value":"\uc2dc\ub8cc\uc5d0 \uad00\ud55c \ubd80\uac00\uc801\uc778 \uc124\uba85\uc744 \uc774\uacf3\uc5d0 \uc801\uc73c\uc138\uc694. ^^"}},"key":"20221012_sample-12_nio_4pacz_64 triple GB_wo_c60_bcp_ag-3_20221012"},{"V":{"unit":"V","value":[-0.2,-0.1911,-0.18225,-0.17335,-0.1645,-0.1556,-0.14675,-0.13785,-0.129,-0.1201,-0.11125,-0.10235,-0.0935,-0.0846,-0.07575,-0.06685,-0.058,-0.0491,-0.04025,-0.03135,-0.0225,-0.0136,-0.00475,0.00415,0.013,0.0219,0.03075,0.03965,0.0485,0.0574,0.06625,0.07515,0.084,0.0929,0.1018,0.11065,0.11955,0.1284,0.1373,0.14615,0.15505,0.1639,0.1728,0.18165,0.19055,0.1994,0.2083,0.21715,0.22605,0.2349,0.2438,0.25265,0.26155,0.2704,0.2793,0.28815,0.29705,0.3059,0.3148,0.32365,0.33255,0.3414,0.3503,0.35915,0.36805,0.3769,0.3858,0.39465,0.40355,0.41245,0.4213,0.4302,0.43905,0.44795,0.4568,0.4657,0.47455,0.48345,0.4923,0.5012,0.51005,0.51895,0.5278,0.5367,0.54555,0.55445,0.5633,0.5722,0.58105,0.58995,0.5988,0.6077,0.61655,0.62545,0.6343,0.6432,0.65205,0.66095,0.6698,0.6787,0.68755,0.69645,0.7053,0.7142,0.7231,0.73195,0.74085,0.7497,0.7586,0.76745,0.77635,0.7852,0.7941,0.80295,0.81185,0.8207,0.8296,0.83845,0.84735,0.8562,0.8651,0.87395,0.88285,0.8917,0.9006,0.90945,0.91835,0.9272,0.9361,0.94495,0.95385,0.9627,0.9716,0.98045,0.98935,0.9982,1.0071,1.016,1.02485,1.03375,1.0426,1.0515,1.06035,1.06925,1.0781,1.087,1.09585,1.10475,1.1136,1.1225,1.13135,1.14025,1.1491,1.158,1.16685,1.17575,1.1846,1.1935,1.20235,1.21125,1.2201,1.229,1.23785,1.24675,1.2556,1.2645,1.27335,1.28225,1.2911,1.3]},"I":{"unit":"A","value":[0.00113275,0.00110103,0.00107425,0.00105927,0.00104909,0.00103613,0.00102806,0.00101913,0.00101005,0.0010036,0.000990171,0.000983632,0.000976173,0.000968563,0.000967275,0.000962099,0.000957914,0.000952965,0.000949474,0.000945013,0.000940476,0.000938167,0.000935803,0.000930889,0.000927967,0.000926553,0.000923269,0.000919783,0.000917796,0.000914532,0.000910961,0.000908561,0.000907389,0.000904316,0.000900795,0.000900116,0.000895393,0.000895081,0.000891988,0.000889981,0.000888598,0.0008856,0.00088225,0.000882351,0.000879625,0.000878286,0.000876561,0.000873594,0.000871989,0.000869504,0.000866839,0.000866497,0.000863826,0.000861929,0.000860878,0.000858001,0.000857232,0.000854948,0.000853062,0.00085101,0.000849269,0.000846915,0.000845859,0.000843324,0.000841785,0.000839637,0.000838118,0.000836282,0.000833928,0.000832525,0.000828632,0.000827485,0.000827641,0.00082335,0.000820951,0.000821942,0.000817244,0.000814669,0.000814141,0.000808341,0.000806978,0.000805494,0.000801551,0.000797381,0.000794967,0.00079216,0.000786653,0.000783192,0.000778932,0.000773404,0.000768726,0.000762821,0.000755794,0.00074998,0.000741484,0.000733527,0.00072473,0.000714399,0.000706029,0.000694852,0.000681981,0.000669985,0.000656248,0.000641626,0.000626813,0.00061019,0.000593521,0.000575816,0.000559131,0.000540083,0.000518968,0.000497314,0.000475817,0.000452564,0.000429356,0.000404669,0.000379555,0.000354049,0.00032987,0.000303654,0.000275236,0.000246022,0.00021708,0.00018749,0.000157069,0.000126271,0.000123228,9.77853e-5,6.31777e-5,2.91472e-5,4.02071e-6,-1.16587e-5,-4.52816e-5,-8.14491e-5,-8.93602e-5,-0.00012455,-0.000158609,-0.000191793,-0.000224278,-0.000256109,-0.000287331,-0.00031803,-0.000348804,-0.000378639,-0.000408347,-0.000431869,-0.00045849,-0.000487197,-0.000515065,-0.000542258,-0.000568376,-0.000593729,-0.000618705,-0.000642936,-0.000667117,-0.000684318,-0.00070615,-0.000731025,-0.000756484,-0.000782626,-0.000810152,-0.000839242,-0.000870419,-0.000903768,-0.000940332,-0.000973621,-0.0010144,-0.00103571,-0.00108584,-0.0011402]},"J":{"unit":"A\/cm2","value":[0.0120505,0.0117131,0.0114282,0.0112689,0.0111605,0.0110226,0.0109368,0.0108418,0.0107452,0.0106766,0.0105337,0.0104642,0.0103848,0.0103039,0.0102902,0.0102351,0.0101906,0.0101379,0.0101008,0.0100533,0.0100051,0.0099805,0.00995535,0.00990307,0.00987199,0.00985695,0.00982201,0.00978493,0.00976379,0.00972906,0.00969107,0.00966555,0.00965308,0.00962038,0.00958293,0.00957571,0.00952546,0.00952214,0.00948923,0.00946789,0.00945317,0.00942128,0.00938564,0.00938671,0.00935771,0.00934347,0.00932512,0.00929355,0.00927648,0.00925005,0.00922169,0.00921805,0.00918964,0.00916946,0.00915828,0.00912767,0.00911949,0.00909519,0.00907513,0.00905329,0.00903478,0.00900974,0.0089985,0.00897153,0.00895516,0.00893231,0.00891615,0.00889662,0.00887158,0.00885665,0.00881523,0.00880303,0.00880469,0.00875905,0.00873352,0.00874406,0.00869409,0.00866669,0.00866107,0.00859937,0.00858487,0.00856909,0.00852714,0.00848278,0.00845709,0.00842724,0.00836864,0.00833183,0.00828651,0.0082277,0.00817794,0.00811512,0.00804036,0.00797851,0.00788813,0.00780348,0.00770989,0.00759998,0.00751094,0.00739205,0.00725512,0.0071275,0.00698136,0.00682581,0.00666823,0.00649138,0.00631405,0.0061257,0.00594821,0.00574557,0.00552094,0.00529058,0.00506188,0.00481451,0.00456761,0.00430499,0.00403782,0.00376648,0.00350926,0.00323037,0.00292804,0.00261726,0.00230936,0.00199457,0.00167095,0.00134331,0.00131094,0.00104027,0.000672103,0.000310076,4.27735e-5,-0.000124029,-0.00048172,-0.00086648,-0.00095064,-0.00132501,-0.00168733,-0.00204035,-0.00238593,-0.00272456,-0.00305671,-0.0033833,-0.00371069,-0.00402807,-0.00434412,-0.00459435,-0.00487755,-0.00518295,-0.00547941,-0.00576871,-0.00604655,-0.00631627,-0.00658196,-0.00683975,-0.00709699,-0.00727998,-0.00751224,-0.00777686,-0.0080477,-0.00832581,-0.00861864,-0.00892811,-0.00925978,-0.00961456,-0.0100035,-0.0103577,-0.0107915,-0.0110182,-0.0115515,-0.0121298]},"pv_cell_parameters":{"voc":{"unit":"V","value":0.9538500000000001},"isc":{"unit":"mA","value":0.93089},"jsc":{"unit":"mA\/cm2","value":9.9},"vopt":{"unit":"mV","value":669.8},"iopt":{"unit":"mA","value":0.7060299999999999},"pmax":{"unit":"W","value":0.00047289999999999995},"fill_factor":{"unit":"%","value":53.26},"efficiency":{"unit":"%","value":5.03},"cell_dimension":{"unit":"cm2","value":0.094},"irradiance":{"unit":"mW\/cm2","value":100}},"calculations":{"fitted_isc":{"unit":"mA","value":0.9324199999999999},"fitted_voc":{"unit":"V","value":0.95669},"rshunt":{"unit":"Kohm","value":3.23},"rseries":{"unit":"ohm","value":337.57}},"measurement_conditions":{"sweep_direction":{"unit":"","value":"Forward"},"nplc":{"unit":"","value":0.01},"voltage_settling_time":{"unit":"s","value":0.01},"configuration_file":{"unit":"","value":"Configuration for I-V meas.conf"},"sample_id":{"unit":"","value":"20221012_sample-12_nio_4pacz_64 triple GB_wo_c60_bcp_ag-2"},"note":{"unit":"","value":"\uc2dc\ub8cc\uc5d0 \uad00\ud55c \ubd80\uac00\uc801\uc778 \uc124\uba85\uc744 \uc774\uacf3\uc5d0 \uc801\uc73c\uc138\uc694. ^^"}},"key":"20221012_sample-12_nio_4pacz_64 triple GB_wo_c60_bcp_ag-2_20221012"},{"V":{"unit":"V","value":[-0.2,-0.1911,-0.18225,-0.17335,-0.1645,-0.1556,-0.14675,-0.13785,-0.129,-0.1201,-0.11125,-0.10235,-0.0935,-0.0846,-0.07575,-0.06685,-0.058,-0.0491,-0.04025,-0.03135,-0.0225,-0.0136,-0.00475,0.00415,0.013,0.0219,0.03075,0.03965,0.0485,0.0574,0.06625,0.07515,0.084,0.0929,0.1018,0.11065,0.11955,0.1284,0.1373,0.14615,0.15505,0.1639,0.1728,0.18165,0.19055,0.1994,0.2083,0.21715,0.22605,0.2349,0.2438,0.25265,0.26155,0.2704,0.2793,0.28815,0.29705,0.3059,0.3148,0.32365,0.33255,0.3414,0.3503,0.35915,0.36805,0.3769,0.3858,0.39465,0.40355,0.41245,0.4213,0.4302,0.43905,0.44795,0.4568,0.4657,0.47455,0.48345,0.4923,0.5012,0.51005,0.51895,0.5278,0.5367,0.54555,0.55445,0.5633,0.5722,0.58105,0.58995,0.5988,0.6077,0.61655,0.62545,0.6343,0.6432,0.65205,0.66095,0.6698,0.6787,0.68755,0.69645,0.7053,0.7142,0.7231,0.73195,0.74085,0.7497,0.7586,0.76745,0.77635,0.7852,0.7941,0.80295,0.81185,0.8207,0.8296,0.83845,0.84735,0.8562,0.8651,0.87395,0.88285,0.8917,0.9006,0.90945,0.91835,0.9272,0.9361,0.94495,0.95385,0.9627,0.9716,0.98045,0.98935,0.9982,1.0071,1.016,1.02485,1.03375,1.0426,1.0515,1.06035,1.06925,1.0781,1.087,1.09585,1.10475,1.1136,1.1225,1.13135,1.14025,1.1491,1.158,1.16685,1.17575,1.1846,1.1935,1.20235,1.21125,1.2201,1.229,1.23785,1.24675,1.2556,1.2645,1.27335,1.28225,1.2911,1.3]},"I":{"unit":"A","value":[0.00110272,0.00104271,0.00101391,0.000974259,0.0009601,0.000944547,0.000932203,0.000921952,0.000911651,0.000904785,0.000898125,0.000891203,0.000884116,0.000879398,0.000874127,0.000868085,0.000862804,0.000858976,0.000853177,0.000850164,0.000847679,0.000843071,0.000838368,0.000837609,0.000834374,0.000829797,0.000827081,0.000823424,0.000819948,0.00081765,0.00081512,0.000812378,0.000809456,0.000807509,0.000803666,0.000802147,0.000799979,0.000796795,0.00079417,0.000792057,0.000789512,0.000786977,0.000783773,0.00078167,0.000779276,0.000776565,0.000774824,0.000771816,0.000768607,0.000766515,0.000763995,0.000760846,0.000758648,0.000755906,0.00075393,0.000750268,0.000748241,0.000745514,0.00074305,0.00073901,0.000736863,0.00073394,0.00073061,0.000727366,0.000725294,0.000720611,0.000719172,0.00071541,0.000711969,0.000709208,0.000705757,0.000701487,0.000698444,0.000695018,0.000692151,0.000688801,0.000683736,0.000681935,0.000677121,0.000671231,0.000669621,0.000665195,0.000659164,0.000655734,0.000651393,0.000646936,0.000642309,0.000638395,0.000632656,0.000627048,0.000622998,0.000617722,0.00061064,0.000606394,0.000601243,0.000593945,0.000589544,0.000583729,0.000577009,0.000569791,0.000563166,0.000556507,0.000548383,0.000540431,0.000532785,0.000523993,0.00051691,0.00050767,0.00049758,0.000487686,0.000476796,0.000465388,0.000453889,0.000440942,0.000428433,0.000414736,0.000402618,0.000388434,0.000372408,0.000356131,0.00033832,0.00032066,0.000302431,0.000283332,0.00026383,0.00024286,0.000224596,0.000203837,0.000180322,0.000156757,0.000133352,0.000109168,9.68536e-5,6.8051e-5,4.06526e-5,1.41449e-5,-1.25804e-5,-3.87709e-5,-6.50079e-5,-9.15387e-5,-0.000103455,-0.000130987,-0.000160213,-0.000185175,-0.000209754,-0.000234429,-0.000252203,-0.000272945,-0.000292218,-0.000311933,-0.000331629,-0.000350167,-0.000371311,-0.000387647,-0.000406804,-0.000426409,-0.000448016,-0.000474889,-0.000501787,-0.000532482,-0.000566541,-0.000604298,-0.00064213,-0.000676205,-0.000703791,-0.000747488,-0.00080071,-0.000846916,-0.000901898,-0.000961171]},"J":{"unit":"A\/cm2","value":[0.0117311,0.0110927,0.0107863,0.0103645,0.0102138,0.0100484,0.00991705,0.009808,0.00969841,0.00962537,0.00955452,0.00948089,0.00940549,0.0093553,0.00929922,0.00923495,0.00917877,0.00913805,0.00907635,0.00904429,0.00901786,0.00896884,0.00891881,0.00891073,0.00887632,0.00882763,0.00879873,0.00875983,0.00872286,0.0086984,0.00867149,0.00864232,0.00861123,0.00859052,0.00854964,0.00853348,0.00851042,0.00847655,0.00844861,0.00842614,0.00839906,0.00837209,0.00833801,0.00831564,0.00829017,0.00826132,0.00824281,0.00821081,0.00817667,0.00815441,0.0081276,0.0080941,0.00807072,0.00804156,0.00802053,0.00798157,0.00796001,0.007931,0.00790478,0.00786181,0.00783896,0.00780787,0.00777245,0.00773794,0.00771589,0.00766607,0.00765077,0.00761074,0.00757414,0.00754476,0.00750806,0.00746262,0.00743025,0.00739381,0.00736331,0.00732767,0.00727379,0.00725463,0.00720342,0.00714076,0.00712363,0.00707654,0.00701238,0.00697589,0.00692971,0.0068823,0.00683307,0.00679144,0.00673038,0.00667072,0.00662764,0.00657151,0.00649617,0.006451,0.00639621,0.00631856,0.00627174,0.00620988,0.00613839,0.0060616,0.00599113,0.00592028,0.00583386,0.00574926,0.00566793,0.00557439,0.00549905,0.00540075,0.0052934,0.00518815,0.0050723,0.00495094,0.00482861,0.00469087,0.00455779,0.00441208,0.00428317,0.00413227,0.00396179,0.00378863,0.00359915,0.00341127,0.00321735,0.00301417,0.00280671,0.00258362,0.00238932,0.00216848,0.00191832,0.00166762,0.00141864,0.00116136,0.00103036,0.000723947,0.000432475,0.000150477,-0.000133834,-0.000412457,-0.000691573,-0.000973816,-0.00110059,-0.00139348,-0.0017044,-0.00196994,-0.00223142,-0.00249392,-0.00268301,-0.00290366,-0.0031087,-0.00331844,-0.00352796,-0.00372519,-0.00395012,-0.00412391,-0.00432771,-0.00453627,-0.00476613,-0.00505201,-0.00533816,-0.0056647,-0.00602704,-0.0064287,-0.00683117,-0.00719367,-0.00748714,-0.007952,-0.00851819,-0.00900974,-0.00959466,-0.0102252]},"pv_cell_parameters":{"voc":{"unit":"V","value":1.01},"isc":{"unit":"mA","value":0.8376100000000001},"jsc":{"unit":"mA\/cm2","value":8.91},"vopt":{"unit":"mV","value":696.45},"iopt":{"unit":"mA","value":0.55651},"pmax":{"unit":"W","value":0.00038757999999999994},"fill_factor":{"unit":"%","value":45.95},"efficiency":{"unit":"%","value":4.12},"cell_dimension":{"unit":"cm2","value":0.094},"irradiance":{"unit":"mW\/cm2","value":100}},"calculations":{"fitted_isc":{"unit":"mA","value":0.83811},"fitted_voc":{"unit":"V","value":1},"rshunt":{"unit":"Kohm","value":2.86},"rseries":{"unit":"ohm","value":351.94}},"measurement_conditions":{"sweep_direction":{"unit":"","value":"Forward"},"nplc":{"unit":"","value":0.01},"voltage_settling_time":{"unit":"s","value":0.01},"configuration_file":{"unit":"","value":"Configuration for I-V meas.conf"},"sample_id":{"unit":"","value":"20221012_sample-12_nio_4pacz_64 triple GB_wo_c60_bcp_ag-1"},"note":{"unit":"","value":"\uc2dc\ub8cc\uc5d0 \uad00\ud55c \ubd80\uac00\uc801\uc778 \uc124\uba85\uc744 \uc774\uacf3\uc5d0 \uc801\uc73c\uc138\uc694. ^^"}},"key":"20221012_sample-12_nio_4pacz_64 triple GB_wo_c60_bcp_ag-1_20221012"}]},"jvcnt":4,"analysisInfo":{"JV":[{"efficiency":4.84,"fill_factor":49.79,"jsc":9.92,"voc":0.98045,"key":"20221012_sample-12_nio_4pacz_64 triple GB_wo_c60_bcp_ag-4_20221012","cell_dimension":0.094},{"efficiency":4.36,"fill_factor":43.02,"jsc":10.24,"voc":0.9893500000000001,"key":"20221012_sample-12_nio_4pacz_64 triple GB_wo_c60_bcp_ag-3_20221012","cell_dimension":0.094},{"efficiency":5.03,"fill_factor":53.26,"jsc":9.9,"voc":0.9538500000000001,"key":"20221012_sample-12_nio_4pacz_64 triple GB_wo_c60_bcp_ag-2_20221012","cell_dimension":0.094},{"efficiency":4.12,"fill_factor":45.95,"jsc":8.91,"voc":1.01,"key":"20221012_sample-12_nio_4pacz_64 triple GB_wo_c60_bcp_ag-1_20221012","cell_dimension":0.094}]},"public":2,"analysis":{"JV":[{"V":{"unit":"V","value":[-0.2,-0.1911,-0.18225,-0.17335,-0.1645,-0.1556,-0.14675,-0.13785,-0.129,-0.1201,-0.11125,-0.10235,-0.0935,-0.0846,-0.07575,-0.06685,-0.058,-0.0491,-0.04025,-0.03135,-0.0225,-0.0136,-0.00475,0.00415,0.013,0.0219,0.03075,0.03965,0.0485,0.0574,0.06625,0.07515,0.084,0.0929,0.1018,0.11065,0.11955,0.1284,0.1373,0.14615,0.15505,0.1639,0.1728,0.18165,0.19055,0.1994,0.2083,0.21715,0.22605,0.2349,0.2438,0.25265,0.26155,0.2704,0.2793,0.28815,0.29705,0.3059,0.3148,0.32365,0.33255,0.3414,0.3503,0.35915,0.36805,0.3769,0.3858,0.39465,0.40355,0.41245,0.4213,0.4302,0.43905,0.44795,0.4568,0.4657,0.47455,0.48345,0.4923,0.5012,0.51005,0.51895,0.5278,0.5367,0.54555,0.55445,0.5633,0.5722,0.58105,0.58995,0.5988,0.6077,0.61655,0.62545,0.6343,0.6432,0.65205,0.66095,0.6698,0.6787,0.68755,0.69645,0.7053,0.7142,0.7231,0.73195,0.74085,0.7497,0.7586,0.76745,0.77635,0.7852,0.7941,0.80295,0.81185,0.8207,0.8296,0.83845,0.84735,0.8562,0.8651,0.87395,0.88285,0.8917,0.9006,0.90945,0.91835,0.9272,0.9361,0.94495,0.95385,0.9627,0.9716,0.98045,0.98935,0.9982,1.0071,1.016,1.02485,1.03375,1.0426,1.0515,1.06035,1.06925,1.0781,1.087,1.09585,1.10475,1.1136,1.1225,1.13135,1.14025,1.1491,1.158,1.16685,1.17575,1.1846,1.1935,1.20235,1.21125,1.2201,1.229,1.23785,1.24675,1.2556,1.2645,1.27335,1.28225,1.2911,1.3]},"I":{"unit":"A","value":[0.00109649,0.00106749,0.00104872,0.00103707,0.00102936,0.00102018,0.00101266,0.00100615,0.000994013,0.000988404,0.000981074,0.000975993,0.00097379,0.000971531,0.000964393,0.000959815,0.000960112,0.000953577,0.000948934,0.00094995,0.00094165,0.00094088,0.000939029,0.000932429,0.00092939,0.000929904,0.00092601,0.00092108,0.000919878,0.000917725,0.000913071,0.000910229,0.000908252,0.000907246,0.000902608,0.000900877,0.000898714,0.000895932,0.000893115,0.000891525,0.000888834,0.000885212,0.00088164,0.00087988,0.000877998,0.000875337,0.000872108,0.000870156,0.000868078,0.000864682,0.000862424,0.000860341,0.000857167,0.000853414,0.000852494,0.000850305,0.000846241,0.000844535,0.00084211,0.000838036,0.00083628,0.000833679,0.000831466,0.000828553,0.000825957,0.000822562,0.000820665,0.000817516,0.000815197,0.000812309,0.000809306,0.00080582,0.000801559,0.000799406,0.000800166,0.000792202,0.000787484,0.000791312,0.00078441,0.000776794,0.000781784,0.000772996,0.000769052,0.000768116,0.000763246,0.000758297,0.000754373,0.000750404,0.000744015,0.000739975,0.00073503,0.00073005,0.000723067,0.00071685,0.000711603,0.000702543,0.000694438,0.000688699,0.000678904,0.000669019,0.000661161,0.000650572,0.000638946,0.000627442,0.000614297,0.000601006,0.000586775,0.000572402,0.000556496,0.000539498,0.000524471,0.000507015,0.000487381,0.000467636,0.000447046,0.000426129,0.000403784,0.000380326,0.000358312,0.000333708,0.000311659,0.000287573,0.000260584,0.000233726,0.000206988,0.000178827,0.000151517,0.000123481,0.00012573,0.000102876,6.98488e-5,3.80896e-5,3.29263e-5,5.74976e-6,-1.71725e-5,-5.23489e-5,-8.48997e-5,-0.00010404,-0.000139537,-0.000171508,-0.000202111,-0.000233141,-0.000263688,-0.000293285,-0.00031845,-0.000345995,-0.000373781,-0.000400938,-0.000427185,-0.000452772,-0.000477228,-0.000501544,-0.0005252,-0.000548801,-0.000567709,-0.000590294,-0.000614911,-0.000640473,-0.000666695,-0.000694501,-0.000723519,-0.000754891,-0.00078818,-0.000824517,-0.000859733,-0.00090114,-0.00094731,-0.000997359,-0.00103696,-0.00109466]},"J":{"unit":"A\/cm2","value":[0.0116648,0.0113563,0.0111566,0.0110327,0.0109506,0.0108529,0.010773,0.0107038,0.0105746,0.0105149,0.010437,0.0103829,0.0103595,0.0103354,0.0102595,0.0102108,0.010214,0.0101444,0.010095,0.0101059,0.0100176,0.0100094,0.00998967,0.00991946,0.00988713,0.00989259,0.00985117,0.00979872,0.00978593,0.00976303,0.00971352,0.00968329,0.00966226,0.00965155,0.00960221,0.0095838,0.00956079,0.00953119,0.00950123,0.00948431,0.00945568,0.00941715,0.00937915,0.00936042,0.00934041,0.0093121,0.00927774,0.00925698,0.00923487,0.00919875,0.00917472,0.00915256,0.0091188,0.00907887,0.00906908,0.0090458,0.00900256,0.00898442,0.00895862,0.00891527,0.0088966,0.00886893,0.00884538,0.00881439,0.00878678,0.00875066,0.00873048,0.00869698,0.00867231,0.00864159,0.00860964,0.00857255,0.00852723,0.00850432,0.0085124,0.00842768,0.00837749,0.00841821,0.00834479,0.00826376,0.00831685,0.00822336,0.0081814,0.00817145,0.00811964,0.00806698,0.00802524,0.00798302,0.00791505,0.00787207,0.00781947,0.00776649,0.00769221,0.00762606,0.00757024,0.00747386,0.00738764,0.00732658,0.00722239,0.00711723,0.00703363,0.00692098,0.0067973,0.00667491,0.00653507,0.00639368,0.00624229,0.00608939,0.00592017,0.00573934,0.00557948,0.00539378,0.00518491,0.00497485,0.00475581,0.00453329,0.00429557,0.00404602,0.00381183,0.00355008,0.00331552,0.00305928,0.00277217,0.00248644,0.002202,0.00190242,0.00161188,0.00131363,0.00133755,0.00109443,0.000743072,0.000405209,0.000350279,6.11677e-5,-0.000182686,-0.000556903,-0.000903188,-0.00110681,-0.00148444,-0.00182455,-0.00215011,-0.00248022,-0.00280519,-0.00312005,-0.00338777,-0.00368079,-0.00397639,-0.0042653,-0.00454452,-0.00481673,-0.0050769,-0.00533557,-0.00558723,-0.00583831,-0.00603945,-0.00627972,-0.0065416,-0.00681354,-0.0070925,-0.00738831,-0.00769701,-0.00803076,-0.0083849,-0.00877146,-0.00914609,-0.00958659,-0.0100778,-0.0106102,-0.0110315,-0.0116453]},"pv_cell_parameters":{"voc":{"unit":"V","value":0.98045},"isc":{"unit":"mA","value":0.93243},"jsc":{"unit":"mA\/cm2","value":9.92},"vopt":{"unit":"mV","value":660.95},"iopt":{"unit":"mA","value":0.6887},"pmax":{"unit":"W","value":0.00045519999999999995},"fill_factor":{"unit":"%","value":49.79},"efficiency":{"unit":"%","value":4.84},"cell_dimension":{"unit":"cm2","value":0.094},"irradiance":{"unit":"mW\/cm2","value":100}},"calculations":{"fitted_isc":{"unit":"mA","value":0.9347},"fitted_voc":{"unit":"V","value":0.98012},"rshunt":{"unit":"Kohm","value":3.17},"rseries":{"unit":"ohm","value":349.88}},"measurement_conditions":{"sweep_direction":{"unit":"","value":"Forward"},"nplc":{"unit":"","value":0.01},"voltage_settling_time":{"unit":"s","value":0.01},"configuration_file":{"unit":"","value":"Configuration for I-V meas.conf"},"sample_id":{"unit":"","value":"20221012_sample-12_nio_4pacz_64 triple GB_wo_c60_bcp_ag-4"},"note":{"unit":"","value":"\uc2dc\ub8cc\uc5d0 \uad00\ud55c \ubd80\uac00\uc801\uc778 \uc124\uba85\uc744 \uc774\uacf3\uc5d0 \uc801\uc73c\uc138\uc694. ^^"}},"key":"20221012_sample-12_nio_4pacz_64 triple GB_wo_c60_bcp_ag-4_20221012","sweep_direction":{"unit":"","value":"Forward"},"jsc":{"unit":"mA\/cm2","value":9.92},"voc":{"unit":"V","value":0.98045},"efficiency":{"unit":"%","value":4.84},"fill_factor":{"unit":"%","value":49.79},"cell_dimension":{"unit":"cm2","value":0.094}},{"V":{"unit":"V","value":[-0.2,-0.1911,-0.18225,-0.17335,-0.1645,-0.1556,-0.14675,-0.13785,-0.129,-0.1201,-0.11125,-0.10235,-0.0935,-0.0846,-0.07575,-0.06685,-0.058,-0.0491,-0.04025,-0.03135,-0.0225,-0.0136,-0.00475,0.00415,0.013,0.0219,0.03075,0.03965,0.0485,0.0574,0.06625,0.07515,0.084,0.0929,0.1018,0.11065,0.11955,0.1284,0.1373,0.14615,0.15505,0.1639,0.1728,0.18165,0.19055,0.1994,0.2083,0.21715,0.22605,0.2349,0.2438,0.25265,0.26155,0.2704,0.2793,0.28815,0.29705,0.3059,0.3148,0.32365,0.33255,0.3414,0.3503,0.35915,0.36805,0.3769,0.3858,0.39465,0.40355,0.41245,0.4213,0.4302,0.43905,0.44795,0.4568,0.4657,0.47455,0.48345,0.4923,0.5012,0.51005,0.51895,0.5278,0.5367,0.54555,0.55445,0.5633,0.5722,0.58105,0.58995,0.5988,0.6077,0.61655,0.62545,0.6343,0.6432,0.65205,0.66095,0.6698,0.6787,0.68755,0.69645,0.7053,0.7142,0.7231,0.73195,0.74085,0.7497,0.7586,0.76745,0.77635,0.7852,0.7941,0.80295,0.81185,0.8207,0.8296,0.83845,0.84735,0.8562,0.8651,0.87395,0.88285,0.8917,0.9006,0.90945,0.91835,0.9272,0.9361,0.94495,0.95385,0.9627,0.9716,0.98045,0.98935,0.9982,1.0071,1.016,1.02485,1.03375,1.0426,1.0515,1.06035,1.06925,1.0781,1.087,1.09585,1.10475,1.1136,1.1225,1.13135,1.14025,1.1491,1.158,1.16685,1.17575,1.1846,1.1935,1.20235,1.21125,1.2201,1.229,1.23785,1.24675,1.2556,1.2645,1.27335,1.28225,1.2911,1.3]},"I":{"unit":"A","value":[0.00114384,0.00110541,0.00109154,0.00107772,0.00106577,0.00105578,0.00104897,0.00104045,0.00103026,0.00102456,0.00101816,0.00101291,0.00100777,0.00100232,0.000995744,0.000990548,0.000987082,0.000983963,0.00097927,0.000974959,0.00097353,0.000968691,0.000965155,0.000962207,0.000959174,0.000955009,0.000951362,0.000948665,0.000946206,0.00094197,0.000939877,0.000937548,0.000935043,0.000930928,0.000928665,0.000927709,0.00092201,0.000919615,0.000917699,0.000914454,0.000911582,0.00090967,0.000907221,0.000904203,0.000902744,0.000899026,0.00089549,0.000892738,0.000890369,0.000886229,0.000884595,0.000881647,0.000878764,0.000875158,0.000872537,0.000869841,0.000865932,0.000863427,0.000860776,0.00085647,0.000853905,0.00085069,0.000846404,0.000842793,0.000839488,0.000837254,0.000832516,0.000827782,0.000825232,0.000820664,0.000815483,0.000812083,0.000807249,0.000803244,0.000798119,0.00079334,0.00078752,0.000782001,0.000775719,0.000770266,0.000764511,0.000757192,0.000750366,0.000742322,0.000736025,0.000727146,0.000720214,0.000712463,0.000701627,0.000692563,0.000683926,0.000672874,0.000662306,0.000651606,0.000640182,0.000628145,0.000616862,0.000604437,0.000591565,0.000578078,0.000565734,0.00055261,0.000537212,0.000524108,0.000509088,0.000494792,0.000480375,0.000465289,0.000448216,0.000431551,0.000415705,0.000398713,0.000380875,0.000364084,0.000346041,0.00033024,0.000312906,0.000295194,0.000276255,0.000258096,0.000239826,0.000221093,0.00020224,0.00018402,0.000164739,0.00014664,0.000128722,0.000108404,9.37899e-5,7.41112e-5,5.32964e-5,3.38299e-5,1.54492e-5,1.01779e-5,-4.36563e-6,-2.95134e-5,-5.37318e-5,-7.77969e-5,-0.000102087,-0.000159553,-0.00018932,-0.000221073,-0.000250879,-0.000280806,-0.000309527,-0.000338171,-0.000366625,-0.000394454,-0.000420871,-0.000447146,-0.000473417,-0.000494658,-0.000517382,-0.000544342,-0.000569184,-0.000591401,-0.000617566,-0.000641849,-0.000666209,-0.000691438,-0.00071709,-0.000740051,-0.000766563,-0.000795429,-0.000825673,-0.000857924,-0.000889169,-0.000923165,-0.000960235,-0.000996656]},"J":{"unit":"A\/cm2","value":[0.0121685,0.0117597,0.0116121,0.0114651,0.011338,0.0112317,0.0111593,0.0110686,0.0109602,0.0108996,0.0108315,0.0107757,0.0107209,0.010663,0.010593,0.0105377,0.0105009,0.0104677,0.0104178,0.0103719,0.0103567,0.0103052,0.0102676,0.0102362,0.010204,0.0101597,0.0101209,0.0100922,0.010066,0.010021,0.0099987,0.00997392,0.00994727,0.00990349,0.00987941,0.00986925,0.00980861,0.00978314,0.00976275,0.00972824,0.00969768,0.00967734,0.00965129,0.00961918,0.00960366,0.00956411,0.00952649,0.00949722,0.00947201,0.00942797,0.00941058,0.00937922,0.00934856,0.00931019,0.00928231,0.00925362,0.00921204,0.00918539,0.00915719,0.00911138,0.00908409,0.0090499,0.0090043,0.00896588,0.00893072,0.00890696,0.00885655,0.00880619,0.00877906,0.00873047,0.00867535,0.00863918,0.00858775,0.00854515,0.00849062,0.00843979,0.00837787,0.00831916,0.00825233,0.00819432,0.0081331,0.00805524,0.00798262,0.00789705,0.00783005,0.0077356,0.00766186,0.00757939,0.00746412,0.00736769,0.00727581,0.00715824,0.0070458,0.00693198,0.00681045,0.00668239,0.00656236,0.00643018,0.00629324,0.00614977,0.00601845,0.00587883,0.00571502,0.00557562,0.00541583,0.00526374,0.00511037,0.00494988,0.00476826,0.00459097,0.0044224,0.00424163,0.00405187,0.00387324,0.00368128,0.0035132,0.00332879,0.00314037,0.00293889,0.0027457,0.00255134,0.00235205,0.00215148,0.00195766,0.00175254,0.00156,0.00136938,0.00115324,0.000997765,0.000788417,0.000566983,0.000359893,0.000164353,0.000108275,-4.64429e-5,-0.000313972,-0.000571615,-0.000827627,-0.00108604,-0.00169738,-0.00201404,-0.00235184,-0.00266893,-0.0029873,-0.00329284,-0.00359756,-0.00390026,-0.00419632,-0.00447735,-0.00475688,-0.00503635,-0.00526232,-0.00550407,-0.00579087,-0.00605515,-0.0062915,-0.00656985,-0.00682819,-0.00708733,-0.00735572,-0.00762862,-0.00787288,-0.00815492,-0.00846201,-0.00878376,-0.00912685,-0.00945924,-0.00982091,-0.0102153,-0.0106027]},"pv_cell_parameters":{"voc":{"unit":"V","value":0.9893500000000001},"isc":{"unit":"mA","value":0.96221},"jsc":{"unit":"mA\/cm2","value":10.24},"vopt":{"unit":"mV","value":598.8},"iopt":{"unit":"mA","value":0.6839299999999999},"pmax":{"unit":"W","value":0.00040952999999999996},"fill_factor":{"unit":"%","value":43.02},"efficiency":{"unit":"%","value":4.36},"cell_dimension":{"unit":"cm2","value":0.094},"irradiance":{"unit":"mW\/cm2","value":100}},"calculations":{"fitted_isc":{"unit":"mA","value":0.96282},"fitted_voc":{"unit":"V","value":0.9810800000000001},"rshunt":{"unit":"Kohm","value":2.92},"rseries":{"unit":"ohm","value":473.95}},"measurement_conditions":{"sweep_direction":{"unit":"","value":"Forward"},"nplc":{"unit":"","value":0.01},"voltage_settling_time":{"unit":"s","value":0.01},"configuration_file":{"unit":"","value":"Configuration for I-V meas.conf"},"sample_id":{"unit":"","value":"20221012_sample-12_nio_4pacz_64 triple GB_wo_c60_bcp_ag-3"},"note":{"unit":"","value":"\uc2dc\ub8cc\uc5d0 \uad00\ud55c \ubd80\uac00\uc801\uc778 \uc124\uba85\uc744 \uc774\uacf3\uc5d0 \uc801\uc73c\uc138\uc694. ^^"}},"key":"20221012_sample-12_nio_4pacz_64 triple GB_wo_c60_bcp_ag-3_20221012","sweep_direction":{"unit":"","value":"Forward"},"jsc":{"unit":"mA\/cm2","value":10.24},"voc":{"unit":"V","value":0.9893500000000001},"efficiency":{"unit":"%","value":4.36},"fill_factor":{"unit":"%","value":43.02},"cell_dimension":{"unit":"cm2","value":0.094}},{"V":{"unit":"V","value":[-0.2,-0.1911,-0.18225,-0.17335,-0.1645,-0.1556,-0.14675,-0.13785,-0.129,-0.1201,-0.11125,-0.10235,-0.0935,-0.0846,-0.07575,-0.06685,-0.058,-0.0491,-0.04025,-0.03135,-0.0225,-0.0136,-0.00475,0.00415,0.013,0.0219,0.03075,0.03965,0.0485,0.0574,0.06625,0.07515,0.084,0.0929,0.1018,0.11065,0.11955,0.1284,0.1373,0.14615,0.15505,0.1639,0.1728,0.18165,0.19055,0.1994,0.2083,0.21715,0.22605,0.2349,0.2438,0.25265,0.26155,0.2704,0.2793,0.28815,0.29705,0.3059,0.3148,0.32365,0.33255,0.3414,0.3503,0.35915,0.36805,0.3769,0.3858,0.39465,0.40355,0.41245,0.4213,0.4302,0.43905,0.44795,0.4568,0.4657,0.47455,0.48345,0.4923,0.5012,0.51005,0.51895,0.5278,0.5367,0.54555,0.55445,0.5633,0.5722,0.58105,0.58995,0.5988,0.6077,0.61655,0.62545,0.6343,0.6432,0.65205,0.66095,0.6698,0.6787,0.68755,0.69645,0.7053,0.7142,0.7231,0.73195,0.74085,0.7497,0.7586,0.76745,0.77635,0.7852,0.7941,0.80295,0.81185,0.8207,0.8296,0.83845,0.84735,0.8562,0.8651,0.87395,0.88285,0.8917,0.9006,0.90945,0.91835,0.9272,0.9361,0.94495,0.95385,0.9627,0.9716,0.98045,0.98935,0.9982,1.0071,1.016,1.02485,1.03375,1.0426,1.0515,1.06035,1.06925,1.0781,1.087,1.09585,1.10475,1.1136,1.1225,1.13135,1.14025,1.1491,1.158,1.16685,1.17575,1.1846,1.1935,1.20235,1.21125,1.2201,1.229,1.23785,1.24675,1.2556,1.2645,1.27335,1.28225,1.2911,1.3]},"I":{"unit":"A","value":[0.00113275,0.00110103,0.00107425,0.00105927,0.00104909,0.00103613,0.00102806,0.00101913,0.00101005,0.0010036,0.000990171,0.000983632,0.000976173,0.000968563,0.000967275,0.000962099,0.000957914,0.000952965,0.000949474,0.000945013,0.000940476,0.000938167,0.000935803,0.000930889,0.000927967,0.000926553,0.000923269,0.000919783,0.000917796,0.000914532,0.000910961,0.000908561,0.000907389,0.000904316,0.000900795,0.000900116,0.000895393,0.000895081,0.000891988,0.000889981,0.000888598,0.0008856,0.00088225,0.000882351,0.000879625,0.000878286,0.000876561,0.000873594,0.000871989,0.000869504,0.000866839,0.000866497,0.000863826,0.000861929,0.000860878,0.000858001,0.000857232,0.000854948,0.000853062,0.00085101,0.000849269,0.000846915,0.000845859,0.000843324,0.000841785,0.000839637,0.000838118,0.000836282,0.000833928,0.000832525,0.000828632,0.000827485,0.000827641,0.00082335,0.000820951,0.000821942,0.000817244,0.000814669,0.000814141,0.000808341,0.000806978,0.000805494,0.000801551,0.000797381,0.000794967,0.00079216,0.000786653,0.000783192,0.000778932,0.000773404,0.000768726,0.000762821,0.000755794,0.00074998,0.000741484,0.000733527,0.00072473,0.000714399,0.000706029,0.000694852,0.000681981,0.000669985,0.000656248,0.000641626,0.000626813,0.00061019,0.000593521,0.000575816,0.000559131,0.000540083,0.000518968,0.000497314,0.000475817,0.000452564,0.000429356,0.000404669,0.000379555,0.000354049,0.00032987,0.000303654,0.000275236,0.000246022,0.00021708,0.00018749,0.000157069,0.000126271,0.000123228,9.77853e-5,6.31777e-5,2.91472e-5,4.02071e-6,-1.16587e-5,-4.52816e-5,-8.14491e-5,-8.93602e-5,-0.00012455,-0.000158609,-0.000191793,-0.000224278,-0.000256109,-0.000287331,-0.00031803,-0.000348804,-0.000378639,-0.000408347,-0.000431869,-0.00045849,-0.000487197,-0.000515065,-0.000542258,-0.000568376,-0.000593729,-0.000618705,-0.000642936,-0.000667117,-0.000684318,-0.00070615,-0.000731025,-0.000756484,-0.000782626,-0.000810152,-0.000839242,-0.000870419,-0.000903768,-0.000940332,-0.000973621,-0.0010144,-0.00103571,-0.00108584,-0.0011402]},"J":{"unit":"A\/cm2","value":[0.0120505,0.0117131,0.0114282,0.0112689,0.0111605,0.0110226,0.0109368,0.0108418,0.0107452,0.0106766,0.0105337,0.0104642,0.0103848,0.0103039,0.0102902,0.0102351,0.0101906,0.0101379,0.0101008,0.0100533,0.0100051,0.0099805,0.00995535,0.00990307,0.00987199,0.00985695,0.00982201,0.00978493,0.00976379,0.00972906,0.00969107,0.00966555,0.00965308,0.00962038,0.00958293,0.00957571,0.00952546,0.00952214,0.00948923,0.00946789,0.00945317,0.00942128,0.00938564,0.00938671,0.00935771,0.00934347,0.00932512,0.00929355,0.00927648,0.00925005,0.00922169,0.00921805,0.00918964,0.00916946,0.00915828,0.00912767,0.00911949,0.00909519,0.00907513,0.00905329,0.00903478,0.00900974,0.0089985,0.00897153,0.00895516,0.00893231,0.00891615,0.00889662,0.00887158,0.00885665,0.00881523,0.00880303,0.00880469,0.00875905,0.00873352,0.00874406,0.00869409,0.00866669,0.00866107,0.00859937,0.00858487,0.00856909,0.00852714,0.00848278,0.00845709,0.00842724,0.00836864,0.00833183,0.00828651,0.0082277,0.00817794,0.00811512,0.00804036,0.00797851,0.00788813,0.00780348,0.00770989,0.00759998,0.00751094,0.00739205,0.00725512,0.0071275,0.00698136,0.00682581,0.00666823,0.00649138,0.00631405,0.0061257,0.00594821,0.00574557,0.00552094,0.00529058,0.00506188,0.00481451,0.00456761,0.00430499,0.00403782,0.00376648,0.00350926,0.00323037,0.00292804,0.00261726,0.00230936,0.00199457,0.00167095,0.00134331,0.00131094,0.00104027,0.000672103,0.000310076,4.27735e-5,-0.000124029,-0.00048172,-0.00086648,-0.00095064,-0.00132501,-0.00168733,-0.00204035,-0.00238593,-0.00272456,-0.00305671,-0.0033833,-0.00371069,-0.00402807,-0.00434412,-0.00459435,-0.00487755,-0.00518295,-0.00547941,-0.00576871,-0.00604655,-0.00631627,-0.00658196,-0.00683975,-0.00709699,-0.00727998,-0.00751224,-0.00777686,-0.0080477,-0.00832581,-0.00861864,-0.00892811,-0.00925978,-0.00961456,-0.0100035,-0.0103577,-0.0107915,-0.0110182,-0.0115515,-0.0121298]},"pv_cell_parameters":{"voc":{"unit":"V","value":0.9538500000000001},"isc":{"unit":"mA","value":0.93089},"jsc":{"unit":"mA\/cm2","value":9.9},"vopt":{"unit":"mV","value":669.8},"iopt":{"unit":"mA","value":0.7060299999999999},"pmax":{"unit":"W","value":0.00047289999999999995},"fill_factor":{"unit":"%","value":53.26},"efficiency":{"unit":"%","value":5.03},"cell_dimension":{"unit":"cm2","value":0.094},"irradiance":{"unit":"mW\/cm2","value":100}},"calculations":{"fitted_isc":{"unit":"mA","value":0.9324199999999999},"fitted_voc":{"unit":"V","value":0.95669},"rshunt":{"unit":"Kohm","value":3.23},"rseries":{"unit":"ohm","value":337.57}},"measurement_conditions":{"sweep_direction":{"unit":"","value":"Forward"},"nplc":{"unit":"","value":0.01},"voltage_settling_time":{"unit":"s","value":0.01},"configuration_file":{"unit":"","value":"Configuration for I-V meas.conf"},"sample_id":{"unit":"","value":"20221012_sample-12_nio_4pacz_64 triple GB_wo_c60_bcp_ag-2"},"note":{"unit":"","value":"\uc2dc\ub8cc\uc5d0 \uad00\ud55c \ubd80\uac00\uc801\uc778 \uc124\uba85\uc744 \uc774\uacf3\uc5d0 \uc801\uc73c\uc138\uc694. ^^"}},"key":"20221012_sample-12_nio_4pacz_64 triple GB_wo_c60_bcp_ag-2_20221012","sweep_direction":{"unit":"","value":"Forward"},"jsc":{"unit":"mA\/cm2","value":9.9},"voc":{"unit":"V","value":0.9538500000000001},"efficiency":{"unit":"%","value":5.03},"fill_factor":{"unit":"%","value":53.26},"cell_dimension":{"unit":"cm2","value":0.094}},{"V":{"unit":"V","value":[-0.2,-0.1911,-0.18225,-0.17335,-0.1645,-0.1556,-0.14675,-0.13785,-0.129,-0.1201,-0.11125,-0.10235,-0.0935,-0.0846,-0.07575,-0.06685,-0.058,-0.0491,-0.04025,-0.03135,-0.0225,-0.0136,-0.00475,0.00415,0.013,0.0219,0.03075,0.03965,0.0485,0.0574,0.06625,0.07515,0.084,0.0929,0.1018,0.11065,0.11955,0.1284,0.1373,0.14615,0.15505,0.1639,0.1728,0.18165,0.19055,0.1994,0.2083,0.21715,0.22605,0.2349,0.2438,0.25265,0.26155,0.2704,0.2793,0.28815,0.29705,0.3059,0.3148,0.32365,0.33255,0.3414,0.3503,0.35915,0.36805,0.3769,0.3858,0.39465,0.40355,0.41245,0.4213,0.4302,0.43905,0.44795,0.4568,0.4657,0.47455,0.48345,0.4923,0.5012,0.51005,0.51895,0.5278,0.5367,0.54555,0.55445,0.5633,0.5722,0.58105,0.58995,0.5988,0.6077,0.61655,0.62545,0.6343,0.6432,0.65205,0.66095,0.6698,0.6787,0.68755,0.69645,0.7053,0.7142,0.7231,0.73195,0.74085,0.7497,0.7586,0.76745,0.77635,0.7852,0.7941,0.80295,0.81185,0.8207,0.8296,0.83845,0.84735,0.8562,0.8651,0.87395,0.88285,0.8917,0.9006,0.90945,0.91835,0.9272,0.9361,0.94495,0.95385,0.9627,0.9716,0.98045,0.98935,0.9982,1.0071,1.016,1.02485,1.03375,1.0426,1.0515,1.06035,1.06925,1.0781,1.087,1.09585,1.10475,1.1136,1.1225,1.13135,1.14025,1.1491,1.158,1.16685,1.17575,1.1846,1.1935,1.20235,1.21125,1.2201,1.229,1.23785,1.24675,1.2556,1.2645,1.27335,1.28225,1.2911,1.3]},"I":{"unit":"A","value":[0.00110272,0.00104271,0.00101391,0.000974259,0.0009601,0.000944547,0.000932203,0.000921952,0.000911651,0.000904785,0.000898125,0.000891203,0.000884116,0.000879398,0.000874127,0.000868085,0.000862804,0.000858976,0.000853177,0.000850164,0.000847679,0.000843071,0.000838368,0.000837609,0.000834374,0.000829797,0.000827081,0.000823424,0.000819948,0.00081765,0.00081512,0.000812378,0.000809456,0.000807509,0.000803666,0.000802147,0.000799979,0.000796795,0.00079417,0.000792057,0.000789512,0.000786977,0.000783773,0.00078167,0.000779276,0.000776565,0.000774824,0.000771816,0.000768607,0.000766515,0.000763995,0.000760846,0.000758648,0.000755906,0.00075393,0.000750268,0.000748241,0.000745514,0.00074305,0.00073901,0.000736863,0.00073394,0.00073061,0.000727366,0.000725294,0.000720611,0.000719172,0.00071541,0.000711969,0.000709208,0.000705757,0.000701487,0.000698444,0.000695018,0.000692151,0.000688801,0.000683736,0.000681935,0.000677121,0.000671231,0.000669621,0.000665195,0.000659164,0.000655734,0.000651393,0.000646936,0.000642309,0.000638395,0.000632656,0.000627048,0.000622998,0.000617722,0.00061064,0.000606394,0.000601243,0.000593945,0.000589544,0.000583729,0.000577009,0.000569791,0.000563166,0.000556507,0.000548383,0.000540431,0.000532785,0.000523993,0.00051691,0.00050767,0.00049758,0.000487686,0.000476796,0.000465388,0.000453889,0.000440942,0.000428433,0.000414736,0.000402618,0.000388434,0.000372408,0.000356131,0.00033832,0.00032066,0.000302431,0.000283332,0.00026383,0.00024286,0.000224596,0.000203837,0.000180322,0.000156757,0.000133352,0.000109168,9.68536e-5,6.8051e-5,4.06526e-5,1.41449e-5,-1.25804e-5,-3.87709e-5,-6.50079e-5,-9.15387e-5,-0.000103455,-0.000130987,-0.000160213,-0.000185175,-0.000209754,-0.000234429,-0.000252203,-0.000272945,-0.000292218,-0.000311933,-0.000331629,-0.000350167,-0.000371311,-0.000387647,-0.000406804,-0.000426409,-0.000448016,-0.000474889,-0.000501787,-0.000532482,-0.000566541,-0.000604298,-0.00064213,-0.000676205,-0.000703791,-0.000747488,-0.00080071,-0.000846916,-0.000901898,-0.000961171]},"J":{"unit":"A\/cm2","value":[0.0117311,0.0110927,0.0107863,0.0103645,0.0102138,0.0100484,0.00991705,0.009808,0.00969841,0.00962537,0.00955452,0.00948089,0.00940549,0.0093553,0.00929922,0.00923495,0.00917877,0.00913805,0.00907635,0.00904429,0.00901786,0.00896884,0.00891881,0.00891073,0.00887632,0.00882763,0.00879873,0.00875983,0.00872286,0.0086984,0.00867149,0.00864232,0.00861123,0.00859052,0.00854964,0.00853348,0.00851042,0.00847655,0.00844861,0.00842614,0.00839906,0.00837209,0.00833801,0.00831564,0.00829017,0.00826132,0.00824281,0.00821081,0.00817667,0.00815441,0.0081276,0.0080941,0.00807072,0.00804156,0.00802053,0.00798157,0.00796001,0.007931,0.00790478,0.00786181,0.00783896,0.00780787,0.00777245,0.00773794,0.00771589,0.00766607,0.00765077,0.00761074,0.00757414,0.00754476,0.00750806,0.00746262,0.00743025,0.00739381,0.00736331,0.00732767,0.00727379,0.00725463,0.00720342,0.00714076,0.00712363,0.00707654,0.00701238,0.00697589,0.00692971,0.0068823,0.00683307,0.00679144,0.00673038,0.00667072,0.00662764,0.00657151,0.00649617,0.006451,0.00639621,0.00631856,0.00627174,0.00620988,0.00613839,0.0060616,0.00599113,0.00592028,0.00583386,0.00574926,0.00566793,0.00557439,0.00549905,0.00540075,0.0052934,0.00518815,0.0050723,0.00495094,0.00482861,0.00469087,0.00455779,0.00441208,0.00428317,0.00413227,0.00396179,0.00378863,0.00359915,0.00341127,0.00321735,0.00301417,0.00280671,0.00258362,0.00238932,0.00216848,0.00191832,0.00166762,0.00141864,0.00116136,0.00103036,0.000723947,0.000432475,0.000150477,-0.000133834,-0.000412457,-0.000691573,-0.000973816,-0.00110059,-0.00139348,-0.0017044,-0.00196994,-0.00223142,-0.00249392,-0.00268301,-0.00290366,-0.0031087,-0.00331844,-0.00352796,-0.00372519,-0.00395012,-0.00412391,-0.00432771,-0.00453627,-0.00476613,-0.00505201,-0.00533816,-0.0056647,-0.00602704,-0.0064287,-0.00683117,-0.00719367,-0.00748714,-0.007952,-0.00851819,-0.00900974,-0.00959466,-0.0102252]},"pv_cell_parameters":{"voc":{"unit":"V","value":1.01},"isc":{"unit":"mA","value":0.8376100000000001},"jsc":{"unit":"mA\/cm2","value":8.91},"vopt":{"unit":"mV","value":696.45},"iopt":{"unit":"mA","value":0.55651},"pmax":{"unit":"W","value":0.00038757999999999994},"fill_factor":{"unit":"%","value":45.95},"efficiency":{"unit":"%","value":4.12},"cell_dimension":{"unit":"cm2","value":0.094},"irradiance":{"unit":"mW\/cm2","value":100}},"calculations":{"fitted_isc":{"unit":"mA","value":0.83811},"fitted_voc":{"unit":"V","value":1},"rshunt":{"unit":"Kohm","value":2.86},"rseries":{"unit":"ohm","value":351.94}},"measurement_conditions":{"sweep_direction":{"unit":"","value":"Forward"},"nplc":{"unit":"","value":0.01},"voltage_settling_time":{"unit":"s","value":0.01},"configuration_file":{"unit":"","value":"Configuration for I-V meas.conf"},"sample_id":{"unit":"","value":"20221012_sample-12_nio_4pacz_64 triple GB_wo_c60_bcp_ag-1"},"note":{"unit":"","value":"\uc2dc\ub8cc\uc5d0 \uad00\ud55c \ubd80\uac00\uc801\uc778 \uc124\uba85\uc744 \uc774\uacf3\uc5d0 \uc801\uc73c\uc138\uc694. ^^"}},"key":"20221012_sample-12_nio_4pacz_64 triple GB_wo_c60_bcp_ag-1_20221012","sweep_direction":{"unit":"","value":"Forward"},"jsc":{"unit":"mA\/cm2","value":8.91},"voc":{"unit":"V","value":1.01},"efficiency":{"unit":"%","value":4.12},"fill_factor":{"unit":"%","value":45.95},"cell_dimension":{"unit":"cm2","value":0.094}}]}}