{"_id":"630ec5c7a09b2a661734fd21","id":"KRICT-SC-00566","author":43,"input":[{"tco":{"unit":"","value":"ITO"}},{"htl":[{"material":{"unit":"","value":"NiO_4PACz"},"concentration":{"unit":"mg\/ml","value":""},"conc_unit":{"unit":"","value":"mg\/ml"},"quantity":{"unit":"ml","value":null}}],"htl_doping":[{"material":{"unit":"","value":"none"},"volume":{"unit":"ul","value":0}},{"material":{"unit":"","value":"none"},"volume":{"unit":"ul","value":0}},{"material":{"unit":"","value":"none"},"volume":{"unit":"ul","value":0}}],"spin_coating":[{"type":{"unit":"","value":null},"rpm":{"unit":"","value":0},"time":{"unit":"","value":null}}]},{"htl_treatment":[{"material":{"value":"none","unit":""},"concentration":{"value":0,"unit":"mg\/ml"},"conc_unit":{"unit":"","value":"mg\/ml"},"quantity":{"unit":"ml","value":null}}],"annealing":[{"temperature":{"value":0,"unit":"oC"},"time":{"value":0,"unit":"time"}}],"spin_coating":[{"type":{"unit":"","value":null},"rpm":{"value":0,"unit":""},"time":{"unit":"","value":null}}]},{"perovskite":{"method":{"unit":"","value":"1step"},"molarity":{"unit":"M","value":1.5},"a_site":[{"material":{"unit":"","value":"FA"},"ratio":{"unit":"%","value":80}},{"material":{"unit":"","value":"Cs"},"ratio":{"unit":"%","value":5}},{"material":{"unit":"","value":"MA"},"ratio":{"unit":"%","value":15}}],"b_site":[{"material":{"unit":"","value":"Pb"},"ratio":{"unit":"%","value":100}},{"material":{"unit":"","value":"Sn"},"ratio":{"unit":"%","value":0}}],"x_site":[{"material":{"unit":"","value":"I"},"ratio":{"unit":"%","value":78}},{"material":{"unit":"","value":"Br"},"ratio":{"unit":"%","value":22}},{"material":{"unit":"","value":"Cl"},"ratio":{"unit":"%","value":0}}],"solvent":[{"material":{"unit":"","value":"DMF"},"volume":{"unit":"ml","value":0.8}},{"material":{"unit":"","value":"DMSO"},"volume":{"unit":"ml","value":0.2}},{"material":{"unit":"","value":"none"},"volume":{"unit":"ml","value":0}}],"antisolvent":[{"material":{"unit":"","value":"DEE"},"quantity":{"unit":"ul","value":1000},"dripping_time":{"unit":"s","value":null}}],"annealing":[{"temperature":{"unit":"oC","value":100},"time":{"unit":"min","value":20}},{"temperature":{"unit":"oC","value":0},"time":{"unit":"min","value":0}}],"spin_coating":[{"type":{"unit":"","value":null},"rpm":{"unit":"","value":5000},"time":{"unit":"","value":null}}],"additive":[{"material":{"unit":"","value":"MACl"},"quantity":{"unit":"mol%","value":10}},{"material":{"unit":"","value":"none"},"quantity":{"unit":"mol%","value":0}},{"material":{"unit":"","value":"none"},"quantity":{"unit":"mol%","value":0}}]}},{"perovskite_treatment":[{"material":{"unit":"","value":"none"},"concentration":{"unit":"mg\/ml","value":0},"conc_unit":{"unit":"","value":"mg\/ml"},"quantity":{"unit":"ml","value":null}}],"annealing":[{"temperature":{"unit":"oC","value":0},"time":{"unit":"min","value":0}}],"spin_coating":[{"type":{"unit":"","value":null},"rpm":{"unit":"","value":0},"time":{"unit":"","value":null}}]},{"etl":[{"material":{"unit":"","value":"C60"},"concentration":{"unit":"","value":""},"conc_unit":{"unit":"","value":"mg\/ml"},"quantity":{"unit":"ml","value":null}}],"annealing":[{"temperature":{"unit":"oC","value":0},"time":{"unit":"min","value":0}}],"spin_coating":[{"type":{"unit":"","value":null},"rpm":{"unit":"","value":0},"time":{"unit":"","value":null}}]},{"etl_treatment":[{"material":{"unit":"","value":"NONE"},"concentration":{"unit":"mg\/ml","value":""},"conc_unit":{"unit":"","value":"mg\/ml"},"quantity":{"unit":"ml","value":null}}],"annealing":[{"temperature":{"unit":"oC","value":0},"time":{"unit":"min","value":0}}],"spin_coating":[{"type":{"unit":"","value":null},"rpm":{"unit":"","value":0},"time":{"unit":"","value":null}}]},{"surface_treatment":{"unit":"","value":"none"}},{"annealing":[{"temperature":{"unit":"oC","value":0},"time":{"unit":"min","value":0}}],"blocking_buffer_layer":[{"material":{"unit":"","value":"BCP"},"concentration":{"unit":"","value":""},"conc_unit":{"unit":"","value":"mg\/ml"},"quantity":{"unit":"ml","value":null}}]},{"surface_treatment":{"unit":"","value":"none"}},{"anode_metal":{"unit":"","value":"Ag"}},{"note":{"unit":"","value":"MACl10\/20\/st"},"ar":{"unit":"","value":0},"type":{"unit":"","value":"p-i-n"}}],"fileinfo":[{"key":"20220830_sample-02_nio_4pacz_64 macl 10_20min_mabrmacl_c60_bcp_ag-2_20220830","uploadType":"JV","original_name":"20220830_sample-02_nio_4pacz_64 macl 10_20min_mabrmacl_c60_bcp_ag-2_20220830-193244.txt","save_name":"KRICT-SC-00566\/20220830_sample-02_nio_4pacz_64 macl 10_20min_mabrmacl_c60_bcp_ag-2_20220830","uploader":43},{"key":"20220830_sample-02_nio_4pacz_64 macl 10_20min_mabrmacl_c60_bcp_ag-3_20220830","uploadType":"JV","original_name":"20220830_sample-02_nio_4pacz_64 macl 10_20min_mabrmacl_c60_bcp_ag-3_20220830-193230.txt","save_name":"KRICT-SC-00566\/20220830_sample-02_nio_4pacz_64 macl 10_20min_mabrmacl_c60_bcp_ag-3_20220830","uploader":43},{"key":"20220830_sample-02_nio_4pacz_64 macl 10_20min_mabrmacl_c60_bcp_ag-4_20220830","uploadType":"JV","original_name":"20220830_sample-02_nio_4pacz_64 macl 10_20min_mabrmacl_c60_bcp_ag-4_20220830-193218.txt","save_name":"KRICT-SC-00566\/20220830_sample-02_nio_4pacz_64 macl 10_20min_mabrmacl_c60_bcp_ag-4_20220830","uploader":43},{"key":"20220830_sample-02_nio_4pacz_64 macl 10_20min_mabrmacl_c60_bcp_ag-1_20220830","uploadType":"JV","original_name":"20220830_sample-02_nio_4pacz_64 macl 10_20min_mabrmacl_c60_bcp_ag-1_20220830-193257.txt","save_name":"KRICT-SC-00566\/20220830_sample-02_nio_4pacz_64 macl 10_20min_mabrmacl_c60_bcp_ag-1_20220830","uploader":43},{"key":"InputFile","uploadType":"InputFile","original_name":"input.xlsx","save_name":"KRICT-SC-00566\/InputFile","uploader":43}],"updated_at":"2024-10-25 07:08:02","created_at":"2022-08-31 02:21:59","group":2,"analysis_old":{"JV":[{"V":{"unit":"V","value":[1.2,1.1917,1.18345,1.17515,1.16685,1.1586,1.1503,1.142,1.13375,1.12545,1.11715,1.1089,1.1006,1.0923,1.084,1.07575,1.06745,1.05915,1.0509,1.0426,1.0343,1.02605,1.01775,1.00945,1.0012,0.9929,0.9846,0.97635,0.96805,0.95975,0.9515,0.9432,0.9349,0.92665,0.91835,0.91005,0.9018,0.8935,0.8852,0.8769,0.86865,0.86035,0.85205,0.8438,0.8355,0.8272,0.81895,0.81065,0.80235,0.7941,0.7858,0.7775,0.76925,0.76095,0.75265,0.7444,0.7361,0.7278,0.71955,0.71125,0.70295,0.6947,0.6864,0.6781,0.6698,0.66155,0.65325,0.64495,0.6367,0.6284,0.6201,0.61185,0.60355,0.59525,0.587,0.5787,0.5704,0.56215,0.55385,0.54555,0.5373,0.529,0.5207,0.51245,0.50415,0.49585,0.48755,0.4793,0.471,0.4627,0.45445,0.44615,0.43785,0.4296,0.4213,0.413,0.40475,0.39645,0.38815,0.3799,0.3716,0.3633,0.35505,0.34675,0.33845,0.3302,0.3219,0.3136,0.30535,0.29705,0.28875,0.28045,0.2722,0.2639,0.2556,0.24735,0.23905,0.23075,0.2225,0.2142,0.2059,0.19765,0.18935,0.18105,0.1728,0.1645,0.1562,0.14795,0.13965,0.13135,0.1231,0.1148,0.1065,0.09825,0.08995,0.08165,0.07335,0.0651,0.0568,0.0485,0.04025,0.03195,0.02365,0.0154,0.0071,-0.0012,-0.00945,-0.01775,-0.02605,-0.0343,-0.0426,-0.0509,-0.05915,-0.06745,-0.07575,-0.084,-0.0923,-0.1006,-0.1089,-0.11715,-0.12545,-0.13375,-0.142,-0.1503,-0.1586,-0.16685,-0.17515,-0.18345,-0.1917,-0.2]},"I":{"unit":"A","value":[-0.00093516,-0.000734319,-0.000555567,-0.000388866,-0.000235341,-8.35979e-5,5.84027e-5,0.000199092,0.000327413,0.000452737,0.000572763,0.000687016,0.000794951,0.000898289,0.000996904,0.00108166,0.00116825,0.00124813,0.00132327,0.00139236,0.00145474,0.00151284,0.00156549,0.00160986,0.00165349,0.00169126,0.00172066,0.00174819,0.00177245,0.00179454,0.00180826,0.00182651,0.00183726,0.00184885,0.00186005,0.00186676,0.00187246,0.00188138,0.00188456,0.00188688,0.00188985,0.00189389,0.001895,0.00190069,0.00190201,0.00190589,0.00190735,0.00190993,0.00190811,0.00191048,0.00191361,0.00191189,0.0019124,0.00191688,0.00191295,0.00191502,0.00191547,0.00191648,0.00191693,0.00191507,0.00191759,0.00191583,0.00191441,0.0019186,0.0019185,0.00191557,0.00191628,0.00192021,0.00191789,0.0019192,0.00191643,0.00191966,0.00192082,0.00191724,0.00192031,0.00192293,0.00191915,0.00191885,0.00192117,0.00192102,0.00192147,0.00192072,0.00192122,0.00192016,0.00192052,0.00192092,0.00191925,0.00192112,0.00192304,0.00191905,0.00191996,0.00191981,0.00192218,0.00191759,0.00192167,0.00192011,0.00191991,0.00191573,0.00192359,0.00192455,0.00191487,0.00192198,0.0019242,0.00191608,0.00192107,0.00192455,0.00191754,0.00191825,0.00192107,0.00192057,0.00192102,0.00192173,0.00192052,0.00192137,0.00192057,0.00192102,0.00192097,0.00192082,0.00191961,0.00192021,0.00191865,0.00191986,0.00192167,0.00191875,0.00192152,0.00192167,0.00191971,0.00192041,0.00192001,0.00192026,0.00192112,0.00192142,0.00192314,0.00192162,0.00192127,0.00192173,0.0019249,0.00192193,0.00192162,0.00192162,0.00192364,0.00192112,0.00192132,0.0019248,0.00192208,0.00191931,0.0019242,0.00192082,0.00192273,0.00192309,0.00192178,0.00192167,0.00192041,0.00192173,0.00192283,0.00192299,0.00191941,0.00192188,0.00192511,0.00192339,0.00192223,0.0019249,0.00192359,0.00192258,0.00192278,0.00192359,0.00192314,0.00192047,0.00192314,0.00192339]},"J":{"unit":"A\/cm2","value":[-0.00994851,-0.00781191,-0.00591029,-0.00413687,-0.00250362,-0.00088934,0.000621305,0.002118,0.00348312,0.00481635,0.00609323,0.00730868,0.00845693,0.00955627,0.0106054,0.011507,0.0124281,0.0132779,0.0140773,0.0148123,0.015476,0.016094,0.0166541,0.0171262,0.0175903,0.0179921,0.0183049,0.0185978,0.0188559,0.0190908,0.0192368,0.019431,0.0195453,0.0196687,0.0197878,0.0198591,0.0199197,0.0200147,0.0200485,0.0200732,0.0201048,0.0201477,0.0201595,0.0202202,0.0202341,0.0202754,0.020291,0.0203184,0.020299,0.0203243,0.0203575,0.0203393,0.0203446,0.0203924,0.0203505,0.0203725,0.0203774,0.0203881,0.0203929,0.0203731,0.0203999,0.0203811,0.0203661,0.0204106,0.0204096,0.0203784,0.020386,0.0204278,0.0204031,0.0204171,0.0203876,0.0204219,0.0204342,0.0203961,0.0204289,0.0204568,0.0204165,0.0204133,0.020438,0.0204364,0.0204412,0.0204332,0.0204385,0.0204273,0.020431,0.0204353,0.0204176,0.0204375,0.0204579,0.0204155,0.0204251,0.0204235,0.0204487,0.0203999,0.0204433,0.0204267,0.0204246,0.0203801,0.0204637,0.0204739,0.0203709,0.0204466,0.0204702,0.0203838,0.0204369,0.0204739,0.0203994,0.0204069,0.0204369,0.0204316,0.0204364,0.0204439,0.020431,0.0204401,0.0204316,0.0204364,0.0204358,0.0204342,0.0204214,0.0204278,0.0204112,0.020424,0.0204433,0.0204122,0.0204417,0.0204433,0.0204224,0.0204299,0.0204256,0.0204283,0.0204375,0.0204407,0.0204589,0.0204428,0.0204391,0.0204439,0.0204777,0.020446,0.0204428,0.0204428,0.0204643,0.0204375,0.0204396,0.0204766,0.0204476,0.0204181,0.0204702,0.0204342,0.0204546,0.0204584,0.0204444,0.0204433,0.0204299,0.0204439,0.0204557,0.0204573,0.0204192,0.0204455,0.0204798,0.0204616,0.0204492,0.0204777,0.0204637,0.020453,0.0204551,0.0204637,0.0204589,0.0204305,0.0204589,0.0204616]},"pv_cell_parameters":{"voc":{"unit":"V","value":1.15},"isc":{"unit":"mA","value":1.9200000000000002},"jsc":{"unit":"mA\/cm2","value":20.42},"vopt":{"unit":"mV","value":943.2},"iopt":{"unit":"mA","value":1.83},"pmax":{"unit":"W","value":0.00172},"fill_factor":{"unit":"%","value":78.03},"efficiency":{"unit":"%","value":18.33},"cell_dimension":{"unit":"cm2","value":0.094},"irradiance":{"unit":"mW\/cm2","value":100}},"calculations":{"fitted_isc":{"unit":"mA","value":1.9200000000000002},"fitted_voc":{"unit":"V","value":1.15},"rshunt":{"unit":"Kohm","value":171.57},"rseries":{"unit":"ohm","value":57.31}},"measurement_conditions":{"sweep_direction":{"unit":"","value":"Reverse"},"nplc":{"unit":"","value":0.01},"voltage_settling_time":{"unit":"s","value":0.01},"configuration_file":{"unit":"","value":"Configuration for I-V meas.conf"},"sample_id":{"unit":"","value":"20220830_sample-02_nio_4pacz_64 macl 10_20min_mabrmacl_c60_bcp_ag-4"},"note":{"unit":"","value":"\uc2dc\ub8cc\uc5d0 \uad00\ud55c \ubd80\uac00\uc801\uc778 \uc124\uba85\uc744 \uc774\uacf3\uc5d0 \uc801\uc73c\uc138\uc694. ^^"}},"key":"20220830_sample-02_nio_4pacz_64 macl 10_20min_mabrmacl_c60_bcp_ag-4_20220830"},{"V":{"unit":"V","value":[1.2,1.1917,1.18345,1.17515,1.16685,1.1586,1.1503,1.142,1.13375,1.12545,1.11715,1.1089,1.1006,1.0923,1.084,1.07575,1.06745,1.05915,1.0509,1.0426,1.0343,1.02605,1.01775,1.00945,1.0012,0.9929,0.9846,0.97635,0.96805,0.95975,0.9515,0.9432,0.9349,0.92665,0.91835,0.91005,0.9018,0.8935,0.8852,0.8769,0.86865,0.86035,0.85205,0.8438,0.8355,0.8272,0.81895,0.81065,0.80235,0.7941,0.7858,0.7775,0.76925,0.76095,0.75265,0.7444,0.7361,0.7278,0.71955,0.71125,0.70295,0.6947,0.6864,0.6781,0.6698,0.66155,0.65325,0.64495,0.6367,0.6284,0.6201,0.61185,0.60355,0.59525,0.587,0.5787,0.5704,0.56215,0.55385,0.54555,0.5373,0.529,0.5207,0.51245,0.50415,0.49585,0.48755,0.4793,0.471,0.4627,0.45445,0.44615,0.43785,0.4296,0.4213,0.413,0.40475,0.39645,0.38815,0.3799,0.3716,0.3633,0.35505,0.34675,0.33845,0.3302,0.3219,0.3136,0.30535,0.29705,0.28875,0.28045,0.2722,0.2639,0.2556,0.24735,0.23905,0.23075,0.2225,0.2142,0.2059,0.19765,0.18935,0.18105,0.1728,0.1645,0.1562,0.14795,0.13965,0.13135,0.1231,0.1148,0.1065,0.09825,0.08995,0.08165,0.07335,0.0651,0.0568,0.0485,0.04025,0.03195,0.02365,0.0154,0.0071,-0.0012,-0.00945,-0.01775,-0.02605,-0.0343,-0.0426,-0.0509,-0.05915,-0.06745,-0.07575,-0.084,-0.0923,-0.1006,-0.1089,-0.11715,-0.12545,-0.13375,-0.142,-0.1503,-0.1586,-0.16685,-0.17515,-0.18345,-0.1917,-0.2]},"I":{"unit":"A","value":[-0.00110164,-0.000769803,-0.000559517,-0.000368112,-0.000193863,-2.34671e-5,0.000140659,0.000289736,0.000430795,0.000566408,0.0006937,0.000812784,0.00092802,0.00103209,0.00112535,0.00121401,0.00129859,0.00137595,0.0014463,0.00150767,0.00156143,0.00161086,0.00165327,0.00169135,0.00172327,0.00175166,0.00177436,0.00179645,0.00181279,0.0018259,0.00183739,0.00184915,0.00185848,0.00186458,0.00187376,0.0018792,0.00188298,0.00188611,0.00188934,0.00189802,0.00189907,0.00189796,0.00190684,0.00190886,0.00190664,0.00191143,0.0019145,0.00191133,0.00191587,0.00192439,0.001914,0.00192283,0.00192363,0.00191889,0.00192126,0.00192933,0.00192207,0.00192035,0.00192822,0.00192323,0.00192298,0.0019249,0.00192394,0.00192388,0.00192479,0.00192469,0.00192605,0.00192505,0.00192404,0.00192505,0.00192353,0.00192267,0.00192535,0.00192494,0.00192525,0.00192394,0.0019255,0.00192631,0.00192454,0.00192736,0.00192616,0.00192651,0.00192691,0.001925,0.00192848,0.00192752,0.00192373,0.00192555,0.00193145,0.00192388,0.00192454,0.00192777,0.00192454,0.00192414,0.00192873,0.00192656,0.00192585,0.00192928,0.00192575,0.00192802,0.00192641,0.00192505,0.00192817,0.00192575,0.00192661,0.00192661,0.00192555,0.00192661,0.00192964,0.00192414,0.00192999,0.00192832,0.00192484,0.00192827,0.00192716,0.00192459,0.0019258,0.001925,0.0019258,0.00192621,0.00192605,0.00192414,0.00192671,0.00192807,0.00192716,0.00192893,0.00192404,0.0019252,0.00192964,0.00192605,0.00192101,0.0019311,0.00192157,0.00192237,0.00192742,0.00192469,0.00192409,0.00192777,0.00192736,0.00192565,0.00192777,0.00192736,0.0019252,0.00192731,0.00192873,0.00192701,0.00192721,0.00192787,0.00192399,0.00192464,0.00192686,0.001925,0.00192691,0.00192605,0.00192469,0.00192545,0.00192731,0.00192716,0.0019258,0.001925,0.00192348,0.00193034,0.00192106,0.00192157,0.00193312,0.00192711,0.00192091,0.00192913,0.00192651,0.00192535]},"J":{"unit":"A\/cm2","value":[-0.0117195,-0.00818939,-0.00595231,-0.00391609,-0.00206237,-0.00024965,0.00149637,0.0030823,0.00458293,0.00602561,0.00737979,0.00864664,0.00987255,0.0109797,0.0119719,0.012915,0.0138147,0.0146378,0.0153862,0.0160391,0.016611,0.0171368,0.017588,0.0179931,0.0183326,0.0186347,0.0188761,0.0191111,0.019285,0.0194244,0.0195468,0.0196718,0.019771,0.0198359,0.0199336,0.0199915,0.0200318,0.020065,0.0200994,0.0201916,0.0202029,0.0201911,0.0202855,0.020307,0.0202834,0.0203344,0.0203671,0.0203333,0.0203816,0.0204722,0.0203617,0.0204556,0.0204642,0.0204138,0.020439,0.0205248,0.0204476,0.0204293,0.020513,0.0204599,0.0204572,0.0204776,0.0204674,0.0204669,0.0204765,0.0204754,0.0204899,0.0204792,0.0204685,0.0204792,0.0204631,0.020454,0.0204824,0.0204781,0.0204814,0.0204674,0.020484,0.0204926,0.0204738,0.0205039,0.020491,0.0204948,0.0204991,0.0204787,0.0205157,0.0205055,0.0204653,0.0204846,0.0205474,0.0204669,0.0204738,0.0205082,0.0204738,0.0204696,0.0205184,0.0204953,0.0204878,0.0205243,0.0204867,0.0205109,0.0204937,0.0204792,0.0205125,0.0204867,0.0204958,0.0204958,0.0204846,0.0204958,0.020528,0.0204696,0.0205318,0.0205141,0.0204771,0.0205136,0.0205017,0.0204744,0.0204873,0.0204787,0.0204873,0.0204916,0.0204899,0.0204696,0.0204969,0.0205114,0.0205017,0.0205205,0.0204685,0.0204808,0.020528,0.0204899,0.0204363,0.0205436,0.0204422,0.0204508,0.0205044,0.0204754,0.020469,0.0205082,0.0205039,0.0204856,0.0205082,0.0205039,0.0204808,0.0205033,0.0205184,0.0205001,0.0205023,0.0205092,0.0204679,0.0204749,0.0204985,0.0204787,0.0204991,0.0204899,0.0204754,0.0204835,0.0205033,0.0205017,0.0204873,0.0204787,0.0204626,0.0205355,0.0204368,0.0204422,0.0205651,0.0205012,0.0204352,0.0205227,0.0204948,0.0204824]},"pv_cell_parameters":{"voc":{"unit":"V","value":1.16},"isc":{"unit":"mA","value":1.9300000000000002},"jsc":{"unit":"mA\/cm2","value":20.5},"vopt":{"unit":"mV","value":968.05},"iopt":{"unit":"mA","value":1.8100000000000003},"pmax":{"unit":"W","value":0.00175},"fill_factor":{"unit":"%","value":78.6},"efficiency":{"unit":"%","value":18.67},"cell_dimension":{"unit":"cm2","value":0.094},"irradiance":{"unit":"mW\/cm2","value":100}},"calculations":{"fitted_isc":{"unit":"mA","value":1.9300000000000002},"fitted_voc":{"unit":"V","value":1.16},"rshunt":{"unit":"Kohm","value":47.84},"rseries":{"unit":"ohm","value":46.55}},"measurement_conditions":{"sweep_direction":{"unit":"","value":"Reverse"},"nplc":{"unit":"","value":0.01},"voltage_settling_time":{"unit":"s","value":0.01},"configuration_file":{"unit":"","value":"Configuration for I-V meas.conf"},"sample_id":{"unit":"","value":"20220830_sample-02_nio_4pacz_64 macl 10_20min_mabrmacl_c60_bcp_ag-3"},"note":{"unit":"","value":"\uc2dc\ub8cc\uc5d0 \uad00\ud55c \ubd80\uac00\uc801\uc778 \uc124\uba85\uc744 \uc774\uacf3\uc5d0 \uc801\uc73c\uc138\uc694. ^^"}},"key":"20220830_sample-02_nio_4pacz_64 macl 10_20min_mabrmacl_c60_bcp_ag-3_20220830"},{"V":{"unit":"V","value":[-0.2,-0.1917,-0.18345,-0.17515,-0.16685,-0.1586,-0.1503,-0.142,-0.13375,-0.12545,-0.11715,-0.1089,-0.1006,-0.0923,-0.084,-0.07575,-0.06745,-0.05915,-0.0509,-0.0426,-0.0343,-0.02605,-0.01775,-0.00945,-0.0012,0.0071,0.0154,0.02365,0.03195,0.04025,0.0485,0.0568,0.0651,0.07335,0.08165,0.08995,0.0982,0.1065,0.1148,0.1231,0.13135,0.13965,0.14795,0.1562,0.1645,0.1728,0.18105,0.18935,0.19765,0.2059,0.2142,0.2225,0.23075,0.23905,0.24735,0.2556,0.2639,0.2722,0.28045,0.28875,0.29705,0.30535,0.3136,0.3219,0.3302,0.33845,0.34675,0.35505,0.3633,0.3716,0.3799,0.38815,0.39645,0.40475,0.413,0.4213,0.4296,0.43785,0.44615,0.45445,0.4627,0.471,0.4793,0.48755,0.49585,0.50415,0.51245,0.5207,0.529,0.5373,0.54555,0.55385,0.56215,0.5704,0.5787,0.587,0.59525,0.60355,0.61185,0.6201,0.6284,0.6367,0.64495,0.65325,0.66155,0.6698,0.6781,0.6864,0.69465,0.70295,0.71125,0.71955,0.7278,0.7361,0.7444,0.75265,0.76095,0.76925,0.7775,0.7858,0.7941,0.80235,0.81065,0.81895,0.8272,0.8355,0.8438,0.85205,0.86035,0.86865,0.8769,0.8852,0.8935,0.9018,0.91005,0.91835,0.92665,0.9349,0.9432,0.9515,0.95975,0.96805,0.97635,0.9846,0.9929,1.0012,1.00945,1.01775,1.02605,1.0343,1.0426,1.0509,1.05915,1.06745,1.07575,1.084,1.0923,1.1006,1.1089,1.11715,1.12545,1.13375,1.142,1.1503,1.1586,1.16685,1.17515,1.18345,1.1917,1.2]},"I":{"unit":"A","value":[0.00195001,0.00195319,0.00194774,0.00194986,0.00194835,0.00194305,0.00194124,0.00194058,0.0019373,0.00193957,0.0019364,0.00193302,0.00193287,0.00192994,0.00193105,0.00192944,0.00193065,0.00192974,0.00192928,0.00192656,0.00192661,0.00192823,0.00192697,0.00192782,0.00192454,0.00192238,0.00192676,0.00192893,0.00192167,0.0019196,0.00192626,0.00192208,0.00191703,0.00192228,0.00192182,0.00191638,0.00192107,0.00192031,0.00191532,0.00191577,0.00191688,0.00191295,0.00191451,0.00191547,0.00191158,0.0019131,0.00191128,0.00190861,0.0019136,0.00190901,0.0019075,0.00191113,0.001908,0.00190685,0.00190937,0.00190679,0.00190457,0.00190488,0.00190498,0.00190316,0.00190256,0.00190105,0.00190211,0.00189989,0.00189933,0.00190155,0.00190155,0.00189993,0.00189822,0.00189752,0.00189711,0.00189767,0.00189757,0.00189605,0.00189066,0.00189409,0.00189444,0.00188859,0.00189182,0.00189419,0.00188642,0.0018904,0.00189363,0.00188677,0.00188602,0.00189091,0.00188632,0.00188284,0.00188521,0.0018839,0.00188198,0.00188324,0.00188153,0.00188042,0.00188077,0.00188183,0.00188022,0.00187477,0.00187664,0.00187845,0.00187417,0.00187094,0.00187215,0.00187366,0.00186973,0.00187139,0.00186922,0.00186726,0.00186348,0.00186423,0.00186438,0.00186333,0.00185889,0.00185727,0.00185894,0.00185561,0.00185526,0.00185566,0.00185158,0.00185006,0.00185021,0.00184653,0.00184068,0.00184164,0.00183756,0.00183327,0.00182959,0.00182439,0.00182031,0.00181602,0.00180584,0.00179878,0.00179106,0.00178002,0.00177064,0.00175863,0.00174189,0.00172495,0.0017076,0.00168516,0.00166141,0.0016315,0.00159893,0.00156347,0.00152187,0.00148112,0.00143337,0.00137886,0.00132131,0.00125919,0.00119434,0.00112273,0.00104784,0.000981605,0.000893208,0.000810012,0.000718246,0.000624593,0.000527716,0.0004292,0.00032849,0.000224044,0.000118722,2.32962e-5,-9.28567e-5,-0.000244095,-0.000388804,-0.000536818,-0.0006898,-0.000843673]},"J":{"unit":"A\/cm2","value":[0.0207448,0.0207786,0.0207207,0.0207432,0.0207271,0.0206708,0.0206515,0.0206445,0.0206096,0.0206337,0.0206,0.020564,0.0205624,0.0205313,0.0205431,0.0205259,0.0205388,0.0205291,0.0205243,0.0204953,0.0204959,0.0205131,0.0204996,0.0205088,0.0204739,0.0204508,0.0204975,0.0205206,0.0204433,0.0204213,0.0204921,0.0204476,0.0203939,0.0204497,0.0204449,0.020387,0.0204369,0.0204288,0.0203757,0.0203806,0.0203923,0.0203505,0.0203671,0.0203773,0.020336,0.0203521,0.0203328,0.0203044,0.0203575,0.0203087,0.0202926,0.0203312,0.0202979,0.0202856,0.0203124,0.020285,0.0202614,0.0202647,0.0202657,0.0202464,0.02024,0.0202239,0.0202352,0.0202115,0.0202057,0.0202293,0.0202293,0.0202121,0.0201939,0.0201863,0.020182,0.0201879,0.0201869,0.0201708,0.0201134,0.0201499,0.0201536,0.0200914,0.0201257,0.0201509,0.0200683,0.0201107,0.020145,0.0200721,0.020064,0.0201161,0.0200672,0.0200302,0.0200554,0.0200415,0.0200211,0.0200345,0.0200163,0.0200045,0.0200082,0.0200195,0.0200023,0.0199444,0.0199642,0.0199835,0.0199379,0.0199036,0.0199165,0.0199326,0.0198907,0.0199084,0.0198854,0.0198645,0.0198242,0.0198323,0.0198339,0.0198226,0.0197754,0.0197582,0.0197759,0.0197405,0.0197368,0.0197411,0.0196976,0.0196815,0.0196831,0.0196439,0.0195817,0.0195919,0.0195485,0.0195029,0.0194637,0.0194084,0.019365,0.0193194,0.019211,0.0191359,0.0190538,0.0189363,0.0188366,0.0187089,0.0185308,0.0183505,0.018166,0.0179272,0.0176745,0.0173564,0.0170099,0.0166327,0.0161901,0.0157566,0.0152486,0.0146687,0.0140565,0.0133956,0.0127057,0.0119439,0.0111472,0.0104426,0.00950222,0.00861715,0.00764091,0.00664461,0.005614,0.00456596,0.00349458,0.00238344,0.001263,0.000247832,-0.000987837,-0.00259675,-0.00413621,-0.00571083,-0.0073383,-0.00897524]},"pv_cell_parameters":{"voc":{"unit":"V","value":1.15},"isc":{"unit":"mA","value":1.9200000000000002},"jsc":{"unit":"mA\/cm2","value":20.47},"vopt":{"unit":"mV","value":918.35},"iopt":{"unit":"mA","value":1.76},"pmax":{"unit":"W","value":0.0016200000000000001},"fill_factor":{"unit":"%","value":72.95},"efficiency":{"unit":"%","value":17.18},"cell_dimension":{"unit":"cm2","value":0.094},"irradiance":{"unit":"mW\/cm2","value":100}},"calculations":{"fitted_isc":{"unit":"mA","value":1.9300000000000002},"fitted_voc":{"unit":"V","value":1.15},"rshunt":{"unit":"Kohm","value":14.950000000000001},"rseries":{"unit":"ohm","value":71.13}},"measurement_conditions":{"sweep_direction":{"unit":"","value":"Forward"},"nplc":{"unit":"","value":0.01},"voltage_settling_time":{"unit":"s","value":0.01},"configuration_file":{"unit":"","value":"Configuration for I-V meas.conf"},"sample_id":{"unit":"","value":"20220830_sample-02_nio_4pacz_64 macl 10_20min_mabrmacl_c60_bcp_ag-2"},"note":{"unit":"","value":"\uc2dc\ub8cc\uc5d0 \uad00\ud55c \ubd80\uac00\uc801\uc778 \uc124\uba85\uc744 \uc774\uacf3\uc5d0 \uc801\uc73c\uc138\uc694. ^^"}},"key":"20220830_sample-02_nio_4pacz_64 macl 10_20min_mabrmacl_c60_bcp_ag-2_20220830"},{"V":{"unit":"V","value":[1.2,1.1917,1.18345,1.17515,1.16685,1.1586,1.1503,1.142,1.13375,1.12545,1.11715,1.1089,1.1006,1.0923,1.084,1.07575,1.06745,1.05915,1.0509,1.0426,1.0343,1.02605,1.01775,1.00945,1.0012,0.9929,0.9846,0.97635,0.96805,0.95975,0.9515,0.9432,0.9349,0.92665,0.91835,0.91005,0.9018,0.8935,0.8852,0.8769,0.86865,0.86035,0.85205,0.8438,0.8355,0.8272,0.81895,0.81065,0.80235,0.7941,0.7858,0.7775,0.76925,0.76095,0.75265,0.7444,0.7361,0.7278,0.71955,0.71125,0.70295,0.6947,0.6864,0.6781,0.6698,0.66155,0.65325,0.64495,0.6367,0.6284,0.6201,0.61185,0.60355,0.59525,0.587,0.5787,0.5704,0.56215,0.55385,0.54555,0.5373,0.529,0.5207,0.51245,0.50415,0.49585,0.48755,0.4793,0.471,0.4627,0.45445,0.44615,0.43785,0.4296,0.4213,0.413,0.40475,0.39645,0.38815,0.3799,0.3716,0.3633,0.35505,0.34675,0.33845,0.3302,0.3219,0.3136,0.30535,0.29705,0.28875,0.28045,0.2722,0.2639,0.2556,0.24735,0.23905,0.23075,0.2225,0.2142,0.2059,0.19765,0.18935,0.18105,0.1728,0.1645,0.1562,0.14795,0.13965,0.13135,0.1231,0.1148,0.1065,0.09825,0.08995,0.08165,0.07335,0.0651,0.0568,0.0485,0.04025,0.03195,0.02365,0.0154,0.0071,-0.0012,-0.00945,-0.01775,-0.02605,-0.0343,-0.0426,-0.0509,-0.05915,-0.06745,-0.07575,-0.084,-0.0923,-0.1006,-0.1089,-0.11715,-0.12545,-0.13375,-0.142,-0.1503,-0.1586,-0.16685,-0.17515,-0.18345,-0.1917,-0.2]},"I":{"unit":"A","value":[-0.00117639,-0.000977123,-0.000793554,-0.000615276,-0.000440418,-0.000273556,-0.000113565,3.89982e-5,0.000182135,0.000323578,0.000461842,0.000592637,0.000715776,0.000829369,0.000935372,0.00103495,0.0011224,0.00120798,0.00128347,0.00136048,0.00142694,0.00148297,0.00153658,0.00158529,0.00162443,0.00166089,0.0016917,0.00172029,0.0017443,0.00176069,0.0017799,0.00179433,0.00180587,0.00182025,0.00182832,0.00183331,0.00184349,0.0018499,0.00185464,0.00185782,0.00186543,0.00186538,0.00186775,0.00187219,0.00187698,0.00187885,0.00188142,0.00188303,0.00188677,0.00188762,0.00188752,0.00189277,0.00189337,0.0018909,0.00189423,0.00189735,0.00189861,0.00189584,0.00189882,0.00189897,0.00189534,0.00189841,0.00190018,0.00189554,0.00189922,0.00190159,0.00189836,0.00189816,0.00190245,0.00189978,0.00190043,0.00189998,0.00190174,0.00189872,0.00190033,0.00190235,0.00189892,0.00189756,0.00190245,0.00189982,0.00189877,0.00190159,0.00190179,0.00190199,0.00190058,0.00190154,0.00190568,0.00190139,0.00190154,0.00190381,0.00190038,0.00190346,0.00190295,0.00190083,0.00190336,0.00190139,0.00190376,0.00190492,0.00190149,0.00190351,0.00190371,0.0019026,0.0019029,0.00190502,0.0019023,0.00190421,0.00190431,0.00190477,0.00190336,0.00190391,0.00190134,0.00190376,0.00190694,0.00190699,0.00190457,0.00190613,0.00190542,0.00190416,0.00190633,0.00190431,0.00190442,0.00190446,0.00190442,0.00190381,0.00190361,0.00190396,0.00190381,0.00189932,0.00190073,0.00190361,0.00190139,0.00190406,0.00190245,0.00190119,0.00189836,0.00190255,0.00190482,0.00190285,0.00190209,0.00190547,0.00190442,0.00190426,0.00190563,0.00190336,0.00190507,0.00190437,0.00190522,0.00190537,0.00190628,0.00190583,0.00190204,0.00190704,0.0019087,0.00190214,0.00190477,0.00190759,0.00190351,0.00190658,0.00190563,0.00190396,0.00190552,0.00190557,0.00190351,0.00190875,0.00190563,0.00190588,0.00190598,0.00190643,0.00190547,0.00190588]},"J":{"unit":"A\/cm2","value":[-0.0125147,-0.0103949,-0.00844206,-0.00654549,-0.0046853,-0.00291017,-0.00120814,0.000414875,0.00193761,0.00344232,0.00491321,0.00630465,0.00761464,0.00882308,0.00995077,0.0110101,0.0119404,0.0128508,0.0136539,0.0144731,0.0151802,0.0157763,0.0163466,0.0168648,0.0172811,0.017669,0.0179968,0.018301,0.0185564,0.0187307,0.0189351,0.0190886,0.0192114,0.0193643,0.0194502,0.0195033,0.0196116,0.0196798,0.0197302,0.019764,0.019845,0.0198445,0.0198697,0.0199169,0.0199679,0.0199877,0.0200151,0.0200323,0.020072,0.0200811,0.02008,0.0201358,0.0201422,0.020116,0.0201514,0.0201846,0.020198,0.0201685,0.0202002,0.0202018,0.0201631,0.0201959,0.0202146,0.0201653,0.0202045,0.0202297,0.0201954,0.0201932,0.0202388,0.0202104,0.0202174,0.0202125,0.0202313,0.0201991,0.0202163,0.0202377,0.0202013,0.0201868,0.0202388,0.0202109,0.0201996,0.0202297,0.0202318,0.020234,0.020219,0.0202291,0.0202731,0.0202275,0.0202291,0.0202533,0.0202168,0.0202495,0.0202442,0.0202216,0.0202485,0.0202275,0.0202528,0.0202651,0.0202286,0.0202501,0.0202522,0.0202404,0.0202436,0.0202662,0.0202372,0.0202576,0.0202587,0.0202635,0.0202485,0.0202544,0.020227,0.0202528,0.0202865,0.0202871,0.0202613,0.020278,0.0202705,0.020257,0.0202801,0.0202587,0.0202597,0.0202603,0.0202597,0.0202533,0.0202511,0.0202549,0.0202533,0.0202055,0.0202206,0.0202511,0.0202275,0.020256,0.0202388,0.0202254,0.0201954,0.0202399,0.020264,0.0202431,0.020235,0.020271,0.0202597,0.0202581,0.0202726,0.0202485,0.0202667,0.0202592,0.0202683,0.0202699,0.0202796,0.0202748,0.0202345,0.0202876,0.0203053,0.0202356,0.0202635,0.0202935,0.0202501,0.0202828,0.0202726,0.0202549,0.0202715,0.0202721,0.0202501,0.0203059,0.0202726,0.0202753,0.0202764,0.0202812,0.020271,0.0202753]},"pv_cell_parameters":{"voc":{"unit":"V","value":1.14},"isc":{"unit":"mA","value":1.9},"jsc":{"unit":"mA\/cm2","value":20.260000000000005},"vopt":{"unit":"mV","value":951.5},"iopt":{"unit":"mA","value":1.78},"pmax":{"unit":"W","value":0.0016899999999999999},"fill_factor":{"unit":"%","value":77.87},"efficiency":{"unit":"%","value":18.02},"cell_dimension":{"unit":"cm2","value":0.094},"irradiance":{"unit":"mW\/cm2","value":100}},"calculations":{"fitted_isc":{"unit":"mA","value":1.91},"fitted_voc":{"unit":"V","value":1.14},"rshunt":{"unit":"Kohm","value":489.57},"rseries":{"unit":"ohm","value":53.91}},"measurement_conditions":{"sweep_direction":{"unit":"","value":"Reverse"},"nplc":{"unit":"","value":0.01},"voltage_settling_time":{"unit":"s","value":0.01},"configuration_file":{"unit":"","value":"Configuration for I-V meas.conf"},"sample_id":{"unit":"","value":"20220830_sample-02_nio_4pacz_64 macl 10_20min_mabrmacl_c60_bcp_ag-1"},"note":{"unit":"","value":"\uc2dc\ub8cc\uc5d0 \uad00\ud55c \ubd80\uac00\uc801\uc778 \uc124\uba85\uc744 \uc774\uacf3\uc5d0 \uc801\uc73c\uc138\uc694. ^^"}},"key":"20220830_sample-02_nio_4pacz_64 macl 10_20min_mabrmacl_c60_bcp_ag-1_20220830"}]},"jvcnt":4,"analysisInfo":{"JV":[{"efficiency":18.33,"fill_factor":78.03,"jsc":20.42,"voc":1.15,"key":"20220830_sample-02_nio_4pacz_64 macl 10_20min_mabrmacl_c60_bcp_ag-4_20220830","cell_dimension":0.094},{"efficiency":18.67,"fill_factor":78.6,"jsc":20.5,"voc":1.16,"key":"20220830_sample-02_nio_4pacz_64 macl 10_20min_mabrmacl_c60_bcp_ag-3_20220830","cell_dimension":0.094},{"efficiency":17.18,"fill_factor":72.95,"jsc":20.47,"voc":1.15,"key":"20220830_sample-02_nio_4pacz_64 macl 10_20min_mabrmacl_c60_bcp_ag-2_20220830","cell_dimension":0.094},{"efficiency":18.02,"fill_factor":77.87,"jsc":20.260000000000005,"voc":1.14,"key":"20220830_sample-02_nio_4pacz_64 macl 10_20min_mabrmacl_c60_bcp_ag-1_20220830","cell_dimension":0.094}]},"public":2,"analysis":{"JV":[{"V":{"unit":"V","value":[1.2,1.1917,1.18345,1.17515,1.16685,1.1586,1.1503,1.142,1.13375,1.12545,1.11715,1.1089,1.1006,1.0923,1.084,1.07575,1.06745,1.05915,1.0509,1.0426,1.0343,1.02605,1.01775,1.00945,1.0012,0.9929,0.9846,0.97635,0.96805,0.95975,0.9515,0.9432,0.9349,0.92665,0.91835,0.91005,0.9018,0.8935,0.8852,0.8769,0.86865,0.86035,0.85205,0.8438,0.8355,0.8272,0.81895,0.81065,0.80235,0.7941,0.7858,0.7775,0.76925,0.76095,0.75265,0.7444,0.7361,0.7278,0.71955,0.71125,0.70295,0.6947,0.6864,0.6781,0.6698,0.66155,0.65325,0.64495,0.6367,0.6284,0.6201,0.61185,0.60355,0.59525,0.587,0.5787,0.5704,0.56215,0.55385,0.54555,0.5373,0.529,0.5207,0.51245,0.50415,0.49585,0.48755,0.4793,0.471,0.4627,0.45445,0.44615,0.43785,0.4296,0.4213,0.413,0.40475,0.39645,0.38815,0.3799,0.3716,0.3633,0.35505,0.34675,0.33845,0.3302,0.3219,0.3136,0.30535,0.29705,0.28875,0.28045,0.2722,0.2639,0.2556,0.24735,0.23905,0.23075,0.2225,0.2142,0.2059,0.19765,0.18935,0.18105,0.1728,0.1645,0.1562,0.14795,0.13965,0.13135,0.1231,0.1148,0.1065,0.09825,0.08995,0.08165,0.07335,0.0651,0.0568,0.0485,0.04025,0.03195,0.02365,0.0154,0.0071,-0.0012,-0.00945,-0.01775,-0.02605,-0.0343,-0.0426,-0.0509,-0.05915,-0.06745,-0.07575,-0.084,-0.0923,-0.1006,-0.1089,-0.11715,-0.12545,-0.13375,-0.142,-0.1503,-0.1586,-0.16685,-0.17515,-0.18345,-0.1917,-0.2]},"I":{"unit":"A","value":[-0.00093516,-0.000734319,-0.000555567,-0.000388866,-0.000235341,-8.35979e-5,5.84027e-5,0.000199092,0.000327413,0.000452737,0.000572763,0.000687016,0.000794951,0.000898289,0.000996904,0.00108166,0.00116825,0.00124813,0.00132327,0.00139236,0.00145474,0.00151284,0.00156549,0.00160986,0.00165349,0.00169126,0.00172066,0.00174819,0.00177245,0.00179454,0.00180826,0.00182651,0.00183726,0.00184885,0.00186005,0.00186676,0.00187246,0.00188138,0.00188456,0.00188688,0.00188985,0.00189389,0.001895,0.00190069,0.00190201,0.00190589,0.00190735,0.00190993,0.00190811,0.00191048,0.00191361,0.00191189,0.0019124,0.00191688,0.00191295,0.00191502,0.00191547,0.00191648,0.00191693,0.00191507,0.00191759,0.00191583,0.00191441,0.0019186,0.0019185,0.00191557,0.00191628,0.00192021,0.00191789,0.0019192,0.00191643,0.00191966,0.00192082,0.00191724,0.00192031,0.00192293,0.00191915,0.00191885,0.00192117,0.00192102,0.00192147,0.00192072,0.00192122,0.00192016,0.00192052,0.00192092,0.00191925,0.00192112,0.00192304,0.00191905,0.00191996,0.00191981,0.00192218,0.00191759,0.00192167,0.00192011,0.00191991,0.00191573,0.00192359,0.00192455,0.00191487,0.00192198,0.0019242,0.00191608,0.00192107,0.00192455,0.00191754,0.00191825,0.00192107,0.00192057,0.00192102,0.00192173,0.00192052,0.00192137,0.00192057,0.00192102,0.00192097,0.00192082,0.00191961,0.00192021,0.00191865,0.00191986,0.00192167,0.00191875,0.00192152,0.00192167,0.00191971,0.00192041,0.00192001,0.00192026,0.00192112,0.00192142,0.00192314,0.00192162,0.00192127,0.00192173,0.0019249,0.00192193,0.00192162,0.00192162,0.00192364,0.00192112,0.00192132,0.0019248,0.00192208,0.00191931,0.0019242,0.00192082,0.00192273,0.00192309,0.00192178,0.00192167,0.00192041,0.00192173,0.00192283,0.00192299,0.00191941,0.00192188,0.00192511,0.00192339,0.00192223,0.0019249,0.00192359,0.00192258,0.00192278,0.00192359,0.00192314,0.00192047,0.00192314,0.00192339]},"J":{"unit":"A\/cm2","value":[-0.00994851,-0.00781191,-0.00591029,-0.00413687,-0.00250362,-0.00088934,0.000621305,0.002118,0.00348312,0.00481635,0.00609323,0.00730868,0.00845693,0.00955627,0.0106054,0.011507,0.0124281,0.0132779,0.0140773,0.0148123,0.015476,0.016094,0.0166541,0.0171262,0.0175903,0.0179921,0.0183049,0.0185978,0.0188559,0.0190908,0.0192368,0.019431,0.0195453,0.0196687,0.0197878,0.0198591,0.0199197,0.0200147,0.0200485,0.0200732,0.0201048,0.0201477,0.0201595,0.0202202,0.0202341,0.0202754,0.020291,0.0203184,0.020299,0.0203243,0.0203575,0.0203393,0.0203446,0.0203924,0.0203505,0.0203725,0.0203774,0.0203881,0.0203929,0.0203731,0.0203999,0.0203811,0.0203661,0.0204106,0.0204096,0.0203784,0.020386,0.0204278,0.0204031,0.0204171,0.0203876,0.0204219,0.0204342,0.0203961,0.0204289,0.0204568,0.0204165,0.0204133,0.020438,0.0204364,0.0204412,0.0204332,0.0204385,0.0204273,0.020431,0.0204353,0.0204176,0.0204375,0.0204579,0.0204155,0.0204251,0.0204235,0.0204487,0.0203999,0.0204433,0.0204267,0.0204246,0.0203801,0.0204637,0.0204739,0.0203709,0.0204466,0.0204702,0.0203838,0.0204369,0.0204739,0.0203994,0.0204069,0.0204369,0.0204316,0.0204364,0.0204439,0.020431,0.0204401,0.0204316,0.0204364,0.0204358,0.0204342,0.0204214,0.0204278,0.0204112,0.020424,0.0204433,0.0204122,0.0204417,0.0204433,0.0204224,0.0204299,0.0204256,0.0204283,0.0204375,0.0204407,0.0204589,0.0204428,0.0204391,0.0204439,0.0204777,0.020446,0.0204428,0.0204428,0.0204643,0.0204375,0.0204396,0.0204766,0.0204476,0.0204181,0.0204702,0.0204342,0.0204546,0.0204584,0.0204444,0.0204433,0.0204299,0.0204439,0.0204557,0.0204573,0.0204192,0.0204455,0.0204798,0.0204616,0.0204492,0.0204777,0.0204637,0.020453,0.0204551,0.0204637,0.0204589,0.0204305,0.0204589,0.0204616]},"pv_cell_parameters":{"voc":{"unit":"V","value":1.15},"isc":{"unit":"mA","value":1.9200000000000002},"jsc":{"unit":"mA\/cm2","value":20.42},"vopt":{"unit":"mV","value":943.2},"iopt":{"unit":"mA","value":1.83},"pmax":{"unit":"W","value":0.00172},"fill_factor":{"unit":"%","value":78.03},"efficiency":{"unit":"%","value":18.33},"cell_dimension":{"unit":"cm2","value":0.094},"irradiance":{"unit":"mW\/cm2","value":100}},"calculations":{"fitted_isc":{"unit":"mA","value":1.9200000000000002},"fitted_voc":{"unit":"V","value":1.15},"rshunt":{"unit":"Kohm","value":171.57},"rseries":{"unit":"ohm","value":57.31}},"measurement_conditions":{"sweep_direction":{"unit":"","value":"Reverse"},"nplc":{"unit":"","value":0.01},"voltage_settling_time":{"unit":"s","value":0.01},"configuration_file":{"unit":"","value":"Configuration for I-V meas.conf"},"sample_id":{"unit":"","value":"20220830_sample-02_nio_4pacz_64 macl 10_20min_mabrmacl_c60_bcp_ag-4"},"note":{"unit":"","value":"\uc2dc\ub8cc\uc5d0 \uad00\ud55c \ubd80\uac00\uc801\uc778 \uc124\uba85\uc744 \uc774\uacf3\uc5d0 \uc801\uc73c\uc138\uc694. ^^"}},"key":"20220830_sample-02_nio_4pacz_64 macl 10_20min_mabrmacl_c60_bcp_ag-4_20220830","sweep_direction":{"unit":"","value":"Reverse"},"jsc":{"unit":"mA\/cm2","value":20.42},"voc":{"unit":"V","value":1.15},"efficiency":{"unit":"%","value":18.33},"fill_factor":{"unit":"%","value":78.03},"cell_dimension":{"unit":"cm2","value":0.094}},{"V":{"unit":"V","value":[1.2,1.1917,1.18345,1.17515,1.16685,1.1586,1.1503,1.142,1.13375,1.12545,1.11715,1.1089,1.1006,1.0923,1.084,1.07575,1.06745,1.05915,1.0509,1.0426,1.0343,1.02605,1.01775,1.00945,1.0012,0.9929,0.9846,0.97635,0.96805,0.95975,0.9515,0.9432,0.9349,0.92665,0.91835,0.91005,0.9018,0.8935,0.8852,0.8769,0.86865,0.86035,0.85205,0.8438,0.8355,0.8272,0.81895,0.81065,0.80235,0.7941,0.7858,0.7775,0.76925,0.76095,0.75265,0.7444,0.7361,0.7278,0.71955,0.71125,0.70295,0.6947,0.6864,0.6781,0.6698,0.66155,0.65325,0.64495,0.6367,0.6284,0.6201,0.61185,0.60355,0.59525,0.587,0.5787,0.5704,0.56215,0.55385,0.54555,0.5373,0.529,0.5207,0.51245,0.50415,0.49585,0.48755,0.4793,0.471,0.4627,0.45445,0.44615,0.43785,0.4296,0.4213,0.413,0.40475,0.39645,0.38815,0.3799,0.3716,0.3633,0.35505,0.34675,0.33845,0.3302,0.3219,0.3136,0.30535,0.29705,0.28875,0.28045,0.2722,0.2639,0.2556,0.24735,0.23905,0.23075,0.2225,0.2142,0.2059,0.19765,0.18935,0.18105,0.1728,0.1645,0.1562,0.14795,0.13965,0.13135,0.1231,0.1148,0.1065,0.09825,0.08995,0.08165,0.07335,0.0651,0.0568,0.0485,0.04025,0.03195,0.02365,0.0154,0.0071,-0.0012,-0.00945,-0.01775,-0.02605,-0.0343,-0.0426,-0.0509,-0.05915,-0.06745,-0.07575,-0.084,-0.0923,-0.1006,-0.1089,-0.11715,-0.12545,-0.13375,-0.142,-0.1503,-0.1586,-0.16685,-0.17515,-0.18345,-0.1917,-0.2]},"I":{"unit":"A","value":[-0.00110164,-0.000769803,-0.000559517,-0.000368112,-0.000193863,-2.34671e-5,0.000140659,0.000289736,0.000430795,0.000566408,0.0006937,0.000812784,0.00092802,0.00103209,0.00112535,0.00121401,0.00129859,0.00137595,0.0014463,0.00150767,0.00156143,0.00161086,0.00165327,0.00169135,0.00172327,0.00175166,0.00177436,0.00179645,0.00181279,0.0018259,0.00183739,0.00184915,0.00185848,0.00186458,0.00187376,0.0018792,0.00188298,0.00188611,0.00188934,0.00189802,0.00189907,0.00189796,0.00190684,0.00190886,0.00190664,0.00191143,0.0019145,0.00191133,0.00191587,0.00192439,0.001914,0.00192283,0.00192363,0.00191889,0.00192126,0.00192933,0.00192207,0.00192035,0.00192822,0.00192323,0.00192298,0.0019249,0.00192394,0.00192388,0.00192479,0.00192469,0.00192605,0.00192505,0.00192404,0.00192505,0.00192353,0.00192267,0.00192535,0.00192494,0.00192525,0.00192394,0.0019255,0.00192631,0.00192454,0.00192736,0.00192616,0.00192651,0.00192691,0.001925,0.00192848,0.00192752,0.00192373,0.00192555,0.00193145,0.00192388,0.00192454,0.00192777,0.00192454,0.00192414,0.00192873,0.00192656,0.00192585,0.00192928,0.00192575,0.00192802,0.00192641,0.00192505,0.00192817,0.00192575,0.00192661,0.00192661,0.00192555,0.00192661,0.00192964,0.00192414,0.00192999,0.00192832,0.00192484,0.00192827,0.00192716,0.00192459,0.0019258,0.001925,0.0019258,0.00192621,0.00192605,0.00192414,0.00192671,0.00192807,0.00192716,0.00192893,0.00192404,0.0019252,0.00192964,0.00192605,0.00192101,0.0019311,0.00192157,0.00192237,0.00192742,0.00192469,0.00192409,0.00192777,0.00192736,0.00192565,0.00192777,0.00192736,0.0019252,0.00192731,0.00192873,0.00192701,0.00192721,0.00192787,0.00192399,0.00192464,0.00192686,0.001925,0.00192691,0.00192605,0.00192469,0.00192545,0.00192731,0.00192716,0.0019258,0.001925,0.00192348,0.00193034,0.00192106,0.00192157,0.00193312,0.00192711,0.00192091,0.00192913,0.00192651,0.00192535]},"J":{"unit":"A\/cm2","value":[-0.0117195,-0.00818939,-0.00595231,-0.00391609,-0.00206237,-0.00024965,0.00149637,0.0030823,0.00458293,0.00602561,0.00737979,0.00864664,0.00987255,0.0109797,0.0119719,0.012915,0.0138147,0.0146378,0.0153862,0.0160391,0.016611,0.0171368,0.017588,0.0179931,0.0183326,0.0186347,0.0188761,0.0191111,0.019285,0.0194244,0.0195468,0.0196718,0.019771,0.0198359,0.0199336,0.0199915,0.0200318,0.020065,0.0200994,0.0201916,0.0202029,0.0201911,0.0202855,0.020307,0.0202834,0.0203344,0.0203671,0.0203333,0.0203816,0.0204722,0.0203617,0.0204556,0.0204642,0.0204138,0.020439,0.0205248,0.0204476,0.0204293,0.020513,0.0204599,0.0204572,0.0204776,0.0204674,0.0204669,0.0204765,0.0204754,0.0204899,0.0204792,0.0204685,0.0204792,0.0204631,0.020454,0.0204824,0.0204781,0.0204814,0.0204674,0.020484,0.0204926,0.0204738,0.0205039,0.020491,0.0204948,0.0204991,0.0204787,0.0205157,0.0205055,0.0204653,0.0204846,0.0205474,0.0204669,0.0204738,0.0205082,0.0204738,0.0204696,0.0205184,0.0204953,0.0204878,0.0205243,0.0204867,0.0205109,0.0204937,0.0204792,0.0205125,0.0204867,0.0204958,0.0204958,0.0204846,0.0204958,0.020528,0.0204696,0.0205318,0.0205141,0.0204771,0.0205136,0.0205017,0.0204744,0.0204873,0.0204787,0.0204873,0.0204916,0.0204899,0.0204696,0.0204969,0.0205114,0.0205017,0.0205205,0.0204685,0.0204808,0.020528,0.0204899,0.0204363,0.0205436,0.0204422,0.0204508,0.0205044,0.0204754,0.020469,0.0205082,0.0205039,0.0204856,0.0205082,0.0205039,0.0204808,0.0205033,0.0205184,0.0205001,0.0205023,0.0205092,0.0204679,0.0204749,0.0204985,0.0204787,0.0204991,0.0204899,0.0204754,0.0204835,0.0205033,0.0205017,0.0204873,0.0204787,0.0204626,0.0205355,0.0204368,0.0204422,0.0205651,0.0205012,0.0204352,0.0205227,0.0204948,0.0204824]},"pv_cell_parameters":{"voc":{"unit":"V","value":1.16},"isc":{"unit":"mA","value":1.9300000000000002},"jsc":{"unit":"mA\/cm2","value":20.5},"vopt":{"unit":"mV","value":968.05},"iopt":{"unit":"mA","value":1.8100000000000003},"pmax":{"unit":"W","value":0.00175},"fill_factor":{"unit":"%","value":78.6},"efficiency":{"unit":"%","value":18.67},"cell_dimension":{"unit":"cm2","value":0.094},"irradiance":{"unit":"mW\/cm2","value":100}},"calculations":{"fitted_isc":{"unit":"mA","value":1.9300000000000002},"fitted_voc":{"unit":"V","value":1.16},"rshunt":{"unit":"Kohm","value":47.84},"rseries":{"unit":"ohm","value":46.55}},"measurement_conditions":{"sweep_direction":{"unit":"","value":"Reverse"},"nplc":{"unit":"","value":0.01},"voltage_settling_time":{"unit":"s","value":0.01},"configuration_file":{"unit":"","value":"Configuration for I-V meas.conf"},"sample_id":{"unit":"","value":"20220830_sample-02_nio_4pacz_64 macl 10_20min_mabrmacl_c60_bcp_ag-3"},"note":{"unit":"","value":"\uc2dc\ub8cc\uc5d0 \uad00\ud55c \ubd80\uac00\uc801\uc778 \uc124\uba85\uc744 \uc774\uacf3\uc5d0 \uc801\uc73c\uc138\uc694. ^^"}},"key":"20220830_sample-02_nio_4pacz_64 macl 10_20min_mabrmacl_c60_bcp_ag-3_20220830","sweep_direction":{"unit":"","value":"Reverse"},"jsc":{"unit":"mA\/cm2","value":20.5},"voc":{"unit":"V","value":1.16},"efficiency":{"unit":"%","value":18.67},"fill_factor":{"unit":"%","value":78.6},"cell_dimension":{"unit":"cm2","value":0.094}},{"V":{"unit":"V","value":[-0.2,-0.1917,-0.18345,-0.17515,-0.16685,-0.1586,-0.1503,-0.142,-0.13375,-0.12545,-0.11715,-0.1089,-0.1006,-0.0923,-0.084,-0.07575,-0.06745,-0.05915,-0.0509,-0.0426,-0.0343,-0.02605,-0.01775,-0.00945,-0.0012,0.0071,0.0154,0.02365,0.03195,0.04025,0.0485,0.0568,0.0651,0.07335,0.08165,0.08995,0.0982,0.1065,0.1148,0.1231,0.13135,0.13965,0.14795,0.1562,0.1645,0.1728,0.18105,0.18935,0.19765,0.2059,0.2142,0.2225,0.23075,0.23905,0.24735,0.2556,0.2639,0.2722,0.28045,0.28875,0.29705,0.30535,0.3136,0.3219,0.3302,0.33845,0.34675,0.35505,0.3633,0.3716,0.3799,0.38815,0.39645,0.40475,0.413,0.4213,0.4296,0.43785,0.44615,0.45445,0.4627,0.471,0.4793,0.48755,0.49585,0.50415,0.51245,0.5207,0.529,0.5373,0.54555,0.55385,0.56215,0.5704,0.5787,0.587,0.59525,0.60355,0.61185,0.6201,0.6284,0.6367,0.64495,0.65325,0.66155,0.6698,0.6781,0.6864,0.69465,0.70295,0.71125,0.71955,0.7278,0.7361,0.7444,0.75265,0.76095,0.76925,0.7775,0.7858,0.7941,0.80235,0.81065,0.81895,0.8272,0.8355,0.8438,0.85205,0.86035,0.86865,0.8769,0.8852,0.8935,0.9018,0.91005,0.91835,0.92665,0.9349,0.9432,0.9515,0.95975,0.96805,0.97635,0.9846,0.9929,1.0012,1.00945,1.01775,1.02605,1.0343,1.0426,1.0509,1.05915,1.06745,1.07575,1.084,1.0923,1.1006,1.1089,1.11715,1.12545,1.13375,1.142,1.1503,1.1586,1.16685,1.17515,1.18345,1.1917,1.2]},"I":{"unit":"A","value":[0.00195001,0.00195319,0.00194774,0.00194986,0.00194835,0.00194305,0.00194124,0.00194058,0.0019373,0.00193957,0.0019364,0.00193302,0.00193287,0.00192994,0.00193105,0.00192944,0.00193065,0.00192974,0.00192928,0.00192656,0.00192661,0.00192823,0.00192697,0.00192782,0.00192454,0.00192238,0.00192676,0.00192893,0.00192167,0.0019196,0.00192626,0.00192208,0.00191703,0.00192228,0.00192182,0.00191638,0.00192107,0.00192031,0.00191532,0.00191577,0.00191688,0.00191295,0.00191451,0.00191547,0.00191158,0.0019131,0.00191128,0.00190861,0.0019136,0.00190901,0.0019075,0.00191113,0.001908,0.00190685,0.00190937,0.00190679,0.00190457,0.00190488,0.00190498,0.00190316,0.00190256,0.00190105,0.00190211,0.00189989,0.00189933,0.00190155,0.00190155,0.00189993,0.00189822,0.00189752,0.00189711,0.00189767,0.00189757,0.00189605,0.00189066,0.00189409,0.00189444,0.00188859,0.00189182,0.00189419,0.00188642,0.0018904,0.00189363,0.00188677,0.00188602,0.00189091,0.00188632,0.00188284,0.00188521,0.0018839,0.00188198,0.00188324,0.00188153,0.00188042,0.00188077,0.00188183,0.00188022,0.00187477,0.00187664,0.00187845,0.00187417,0.00187094,0.00187215,0.00187366,0.00186973,0.00187139,0.00186922,0.00186726,0.00186348,0.00186423,0.00186438,0.00186333,0.00185889,0.00185727,0.00185894,0.00185561,0.00185526,0.00185566,0.00185158,0.00185006,0.00185021,0.00184653,0.00184068,0.00184164,0.00183756,0.00183327,0.00182959,0.00182439,0.00182031,0.00181602,0.00180584,0.00179878,0.00179106,0.00178002,0.00177064,0.00175863,0.00174189,0.00172495,0.0017076,0.00168516,0.00166141,0.0016315,0.00159893,0.00156347,0.00152187,0.00148112,0.00143337,0.00137886,0.00132131,0.00125919,0.00119434,0.00112273,0.00104784,0.000981605,0.000893208,0.000810012,0.000718246,0.000624593,0.000527716,0.0004292,0.00032849,0.000224044,0.000118722,2.32962e-5,-9.28567e-5,-0.000244095,-0.000388804,-0.000536818,-0.0006898,-0.000843673]},"J":{"unit":"A\/cm2","value":[0.0207448,0.0207786,0.0207207,0.0207432,0.0207271,0.0206708,0.0206515,0.0206445,0.0206096,0.0206337,0.0206,0.020564,0.0205624,0.0205313,0.0205431,0.0205259,0.0205388,0.0205291,0.0205243,0.0204953,0.0204959,0.0205131,0.0204996,0.0205088,0.0204739,0.0204508,0.0204975,0.0205206,0.0204433,0.0204213,0.0204921,0.0204476,0.0203939,0.0204497,0.0204449,0.020387,0.0204369,0.0204288,0.0203757,0.0203806,0.0203923,0.0203505,0.0203671,0.0203773,0.020336,0.0203521,0.0203328,0.0203044,0.0203575,0.0203087,0.0202926,0.0203312,0.0202979,0.0202856,0.0203124,0.020285,0.0202614,0.0202647,0.0202657,0.0202464,0.02024,0.0202239,0.0202352,0.0202115,0.0202057,0.0202293,0.0202293,0.0202121,0.0201939,0.0201863,0.020182,0.0201879,0.0201869,0.0201708,0.0201134,0.0201499,0.0201536,0.0200914,0.0201257,0.0201509,0.0200683,0.0201107,0.020145,0.0200721,0.020064,0.0201161,0.0200672,0.0200302,0.0200554,0.0200415,0.0200211,0.0200345,0.0200163,0.0200045,0.0200082,0.0200195,0.0200023,0.0199444,0.0199642,0.0199835,0.0199379,0.0199036,0.0199165,0.0199326,0.0198907,0.0199084,0.0198854,0.0198645,0.0198242,0.0198323,0.0198339,0.0198226,0.0197754,0.0197582,0.0197759,0.0197405,0.0197368,0.0197411,0.0196976,0.0196815,0.0196831,0.0196439,0.0195817,0.0195919,0.0195485,0.0195029,0.0194637,0.0194084,0.019365,0.0193194,0.019211,0.0191359,0.0190538,0.0189363,0.0188366,0.0187089,0.0185308,0.0183505,0.018166,0.0179272,0.0176745,0.0173564,0.0170099,0.0166327,0.0161901,0.0157566,0.0152486,0.0146687,0.0140565,0.0133956,0.0127057,0.0119439,0.0111472,0.0104426,0.00950222,0.00861715,0.00764091,0.00664461,0.005614,0.00456596,0.00349458,0.00238344,0.001263,0.000247832,-0.000987837,-0.00259675,-0.00413621,-0.00571083,-0.0073383,-0.00897524]},"pv_cell_parameters":{"voc":{"unit":"V","value":1.15},"isc":{"unit":"mA","value":1.9200000000000002},"jsc":{"unit":"mA\/cm2","value":20.47},"vopt":{"unit":"mV","value":918.35},"iopt":{"unit":"mA","value":1.76},"pmax":{"unit":"W","value":0.0016200000000000001},"fill_factor":{"unit":"%","value":72.95},"efficiency":{"unit":"%","value":17.18},"cell_dimension":{"unit":"cm2","value":0.094},"irradiance":{"unit":"mW\/cm2","value":100}},"calculations":{"fitted_isc":{"unit":"mA","value":1.9300000000000002},"fitted_voc":{"unit":"V","value":1.15},"rshunt":{"unit":"Kohm","value":14.950000000000001},"rseries":{"unit":"ohm","value":71.13}},"measurement_conditions":{"sweep_direction":{"unit":"","value":"Forward"},"nplc":{"unit":"","value":0.01},"voltage_settling_time":{"unit":"s","value":0.01},"configuration_file":{"unit":"","value":"Configuration for I-V meas.conf"},"sample_id":{"unit":"","value":"20220830_sample-02_nio_4pacz_64 macl 10_20min_mabrmacl_c60_bcp_ag-2"},"note":{"unit":"","value":"\uc2dc\ub8cc\uc5d0 \uad00\ud55c \ubd80\uac00\uc801\uc778 \uc124\uba85\uc744 \uc774\uacf3\uc5d0 \uc801\uc73c\uc138\uc694. ^^"}},"key":"20220830_sample-02_nio_4pacz_64 macl 10_20min_mabrmacl_c60_bcp_ag-2_20220830","sweep_direction":{"unit":"","value":"Forward"},"jsc":{"unit":"mA\/cm2","value":20.47},"voc":{"unit":"V","value":1.15},"efficiency":{"unit":"%","value":17.18},"fill_factor":{"unit":"%","value":72.95},"cell_dimension":{"unit":"cm2","value":0.094}},{"V":{"unit":"V","value":[1.2,1.1917,1.18345,1.17515,1.16685,1.1586,1.1503,1.142,1.13375,1.12545,1.11715,1.1089,1.1006,1.0923,1.084,1.07575,1.06745,1.05915,1.0509,1.0426,1.0343,1.02605,1.01775,1.00945,1.0012,0.9929,0.9846,0.97635,0.96805,0.95975,0.9515,0.9432,0.9349,0.92665,0.91835,0.91005,0.9018,0.8935,0.8852,0.8769,0.86865,0.86035,0.85205,0.8438,0.8355,0.8272,0.81895,0.81065,0.80235,0.7941,0.7858,0.7775,0.76925,0.76095,0.75265,0.7444,0.7361,0.7278,0.71955,0.71125,0.70295,0.6947,0.6864,0.6781,0.6698,0.66155,0.65325,0.64495,0.6367,0.6284,0.6201,0.61185,0.60355,0.59525,0.587,0.5787,0.5704,0.56215,0.55385,0.54555,0.5373,0.529,0.5207,0.51245,0.50415,0.49585,0.48755,0.4793,0.471,0.4627,0.45445,0.44615,0.43785,0.4296,0.4213,0.413,0.40475,0.39645,0.38815,0.3799,0.3716,0.3633,0.35505,0.34675,0.33845,0.3302,0.3219,0.3136,0.30535,0.29705,0.28875,0.28045,0.2722,0.2639,0.2556,0.24735,0.23905,0.23075,0.2225,0.2142,0.2059,0.19765,0.18935,0.18105,0.1728,0.1645,0.1562,0.14795,0.13965,0.13135,0.1231,0.1148,0.1065,0.09825,0.08995,0.08165,0.07335,0.0651,0.0568,0.0485,0.04025,0.03195,0.02365,0.0154,0.0071,-0.0012,-0.00945,-0.01775,-0.02605,-0.0343,-0.0426,-0.0509,-0.05915,-0.06745,-0.07575,-0.084,-0.0923,-0.1006,-0.1089,-0.11715,-0.12545,-0.13375,-0.142,-0.1503,-0.1586,-0.16685,-0.17515,-0.18345,-0.1917,-0.2]},"I":{"unit":"A","value":[-0.00117639,-0.000977123,-0.000793554,-0.000615276,-0.000440418,-0.000273556,-0.000113565,3.89982e-5,0.000182135,0.000323578,0.000461842,0.000592637,0.000715776,0.000829369,0.000935372,0.00103495,0.0011224,0.00120798,0.00128347,0.00136048,0.00142694,0.00148297,0.00153658,0.00158529,0.00162443,0.00166089,0.0016917,0.00172029,0.0017443,0.00176069,0.0017799,0.00179433,0.00180587,0.00182025,0.00182832,0.00183331,0.00184349,0.0018499,0.00185464,0.00185782,0.00186543,0.00186538,0.00186775,0.00187219,0.00187698,0.00187885,0.00188142,0.00188303,0.00188677,0.00188762,0.00188752,0.00189277,0.00189337,0.0018909,0.00189423,0.00189735,0.00189861,0.00189584,0.00189882,0.00189897,0.00189534,0.00189841,0.00190018,0.00189554,0.00189922,0.00190159,0.00189836,0.00189816,0.00190245,0.00189978,0.00190043,0.00189998,0.00190174,0.00189872,0.00190033,0.00190235,0.00189892,0.00189756,0.00190245,0.00189982,0.00189877,0.00190159,0.00190179,0.00190199,0.00190058,0.00190154,0.00190568,0.00190139,0.00190154,0.00190381,0.00190038,0.00190346,0.00190295,0.00190083,0.00190336,0.00190139,0.00190376,0.00190492,0.00190149,0.00190351,0.00190371,0.0019026,0.0019029,0.00190502,0.0019023,0.00190421,0.00190431,0.00190477,0.00190336,0.00190391,0.00190134,0.00190376,0.00190694,0.00190699,0.00190457,0.00190613,0.00190542,0.00190416,0.00190633,0.00190431,0.00190442,0.00190446,0.00190442,0.00190381,0.00190361,0.00190396,0.00190381,0.00189932,0.00190073,0.00190361,0.00190139,0.00190406,0.00190245,0.00190119,0.00189836,0.00190255,0.00190482,0.00190285,0.00190209,0.00190547,0.00190442,0.00190426,0.00190563,0.00190336,0.00190507,0.00190437,0.00190522,0.00190537,0.00190628,0.00190583,0.00190204,0.00190704,0.0019087,0.00190214,0.00190477,0.00190759,0.00190351,0.00190658,0.00190563,0.00190396,0.00190552,0.00190557,0.00190351,0.00190875,0.00190563,0.00190588,0.00190598,0.00190643,0.00190547,0.00190588]},"J":{"unit":"A\/cm2","value":[-0.0125147,-0.0103949,-0.00844206,-0.00654549,-0.0046853,-0.00291017,-0.00120814,0.000414875,0.00193761,0.00344232,0.00491321,0.00630465,0.00761464,0.00882308,0.00995077,0.0110101,0.0119404,0.0128508,0.0136539,0.0144731,0.0151802,0.0157763,0.0163466,0.0168648,0.0172811,0.017669,0.0179968,0.018301,0.0185564,0.0187307,0.0189351,0.0190886,0.0192114,0.0193643,0.0194502,0.0195033,0.0196116,0.0196798,0.0197302,0.019764,0.019845,0.0198445,0.0198697,0.0199169,0.0199679,0.0199877,0.0200151,0.0200323,0.020072,0.0200811,0.02008,0.0201358,0.0201422,0.020116,0.0201514,0.0201846,0.020198,0.0201685,0.0202002,0.0202018,0.0201631,0.0201959,0.0202146,0.0201653,0.0202045,0.0202297,0.0201954,0.0201932,0.0202388,0.0202104,0.0202174,0.0202125,0.0202313,0.0201991,0.0202163,0.0202377,0.0202013,0.0201868,0.0202388,0.0202109,0.0201996,0.0202297,0.0202318,0.020234,0.020219,0.0202291,0.0202731,0.0202275,0.0202291,0.0202533,0.0202168,0.0202495,0.0202442,0.0202216,0.0202485,0.0202275,0.0202528,0.0202651,0.0202286,0.0202501,0.0202522,0.0202404,0.0202436,0.0202662,0.0202372,0.0202576,0.0202587,0.0202635,0.0202485,0.0202544,0.020227,0.0202528,0.0202865,0.0202871,0.0202613,0.020278,0.0202705,0.020257,0.0202801,0.0202587,0.0202597,0.0202603,0.0202597,0.0202533,0.0202511,0.0202549,0.0202533,0.0202055,0.0202206,0.0202511,0.0202275,0.020256,0.0202388,0.0202254,0.0201954,0.0202399,0.020264,0.0202431,0.020235,0.020271,0.0202597,0.0202581,0.0202726,0.0202485,0.0202667,0.0202592,0.0202683,0.0202699,0.0202796,0.0202748,0.0202345,0.0202876,0.0203053,0.0202356,0.0202635,0.0202935,0.0202501,0.0202828,0.0202726,0.0202549,0.0202715,0.0202721,0.0202501,0.0203059,0.0202726,0.0202753,0.0202764,0.0202812,0.020271,0.0202753]},"pv_cell_parameters":{"voc":{"unit":"V","value":1.14},"isc":{"unit":"mA","value":1.9},"jsc":{"unit":"mA\/cm2","value":20.260000000000005},"vopt":{"unit":"mV","value":951.5},"iopt":{"unit":"mA","value":1.78},"pmax":{"unit":"W","value":0.0016899999999999999},"fill_factor":{"unit":"%","value":77.87},"efficiency":{"unit":"%","value":18.02},"cell_dimension":{"unit":"cm2","value":0.094},"irradiance":{"unit":"mW\/cm2","value":100}},"calculations":{"fitted_isc":{"unit":"mA","value":1.91},"fitted_voc":{"unit":"V","value":1.14},"rshunt":{"unit":"Kohm","value":489.57},"rseries":{"unit":"ohm","value":53.91}},"measurement_conditions":{"sweep_direction":{"unit":"","value":"Reverse"},"nplc":{"unit":"","value":0.01},"voltage_settling_time":{"unit":"s","value":0.01},"configuration_file":{"unit":"","value":"Configuration for I-V meas.conf"},"sample_id":{"unit":"","value":"20220830_sample-02_nio_4pacz_64 macl 10_20min_mabrmacl_c60_bcp_ag-1"},"note":{"unit":"","value":"\uc2dc\ub8cc\uc5d0 \uad00\ud55c \ubd80\uac00\uc801\uc778 \uc124\uba85\uc744 \uc774\uacf3\uc5d0 \uc801\uc73c\uc138\uc694. ^^"}},"key":"20220830_sample-02_nio_4pacz_64 macl 10_20min_mabrmacl_c60_bcp_ag-1_20220830","sweep_direction":{"unit":"","value":"Reverse"},"jsc":{"unit":"mA\/cm2","value":20.260000000000005},"voc":{"unit":"V","value":1.14},"efficiency":{"unit":"%","value":18.02},"fill_factor":{"unit":"%","value":77.87},"cell_dimension":{"unit":"cm2","value":0.094}}]}}