{"_id":"635284304cbf7603dd58c073","id":"KRICT-SC-00620","author":36,"input":[{"tco":{"unit":"","value":"ITO"}},{"htl":[{"material":{"unit":"","value":"NiO_4PACz"},"concentration":{"unit":"mg\/ml","value":""},"conc_unit":{"unit":"","value":"mg\/ml"},"quantity":{"unit":"ml","value":null}}],"htl_doping":[{"material":{"unit":"","value":"none"},"volume":{"unit":"ul","value":0}},{"material":{"unit":"","value":"none"},"volume":{"unit":"ul","value":0}},{"material":{"unit":"","value":"none"},"volume":{"unit":"ul","value":0}}],"spin_coating":[{"type":{"unit":"","value":null},"rpm":{"unit":"","value":0},"time":{"unit":"","value":null}}]},{"htl_treatment":[{"material":{"value":"none","unit":""},"concentration":{"value":0,"unit":"mg\/ml"},"conc_unit":{"unit":"","value":"mg\/ml"},"quantity":{"unit":"ml","value":null}}],"annealing":[{"temperature":{"value":0,"unit":"oC"},"time":{"value":0,"unit":"time"}}],"spin_coating":[{"type":{"unit":"","value":null},"rpm":{"value":0,"unit":""},"time":{"unit":"","value":null}}]},{"perovskite":{"method":{"unit":"","value":"1-step"},"molarity":{"unit":"M","value":0},"a_site":[{"material":{"unit":"","value":"Cs"},"ratio":{"unit":"%","value":5}},{"material":{"unit":"","value":"MA"},"ratio":{"unit":"%","value":15}},{"material":{"unit":"","value":"FA"},"ratio":{"unit":"%","value":85}}],"b_site":[{"material":{"unit":"","value":"Pb"},"ratio":{"unit":"%","value":100}},{"material":{"unit":"","value":"Sn"},"ratio":{"unit":"%","value":0}}],"x_site":[{"material":{"unit":"","value":"I"},"ratio":{"unit":"%","value":78}},{"material":{"unit":"","value":"Br"},"ratio":{"unit":"%","value":22}},{"material":{"unit":"","value":"Cl"},"ratio":{"unit":"%","value":0}}],"solvent":[{"material":{"unit":"","value":"DMF"},"volume":{"unit":"ml","value":0.8}},{"material":{"unit":"","value":"DMSO"},"volume":{"unit":"ml","value":0.2}},{"material":{"unit":"","value":"none"},"volume":{"unit":"ml","value":0}}],"antisolvent":[{"material":{"unit":"","value":"DEE"},"quantity":{"unit":"ul","value":1000},"dripping_time":{"unit":"s","value":null}}],"annealing":[{"temperature":{"unit":"oC","value":100},"time":{"unit":"min","value":80}},{"temperature":{"unit":"oC","value":0},"time":{"unit":"min","value":0}}],"spin_coating":[{"type":{"unit":"","value":null},"rpm":{"unit":"","value":5000},"time":{"unit":"","value":null}}],"additive":[{"material":{"unit":"","value":"MACl"},"quantity":{"unit":"mol%","value":5}},{"material":{"unit":"","value":"none"},"quantity":{"unit":"mol%","value":0}},{"material":{"unit":"","value":"none"},"quantity":{"unit":"mol%","value":0}}]}},{"perovskite_treatment":[{"material":{"unit":"","value":"none"},"concentration":{"unit":"mg\/ml","value":0},"conc_unit":{"unit":"","value":"mg\/ml"},"quantity":{"unit":"ml","value":null}}],"annealing":[{"temperature":{"unit":"oC","value":0},"time":{"unit":"min","value":0}}],"spin_coating":[{"type":{"unit":"","value":null},"rpm":{"unit":"","value":0},"time":{"unit":"","value":null}}]},{"etl":[{"material":{"unit":"","value":"C60"},"concentration":{"unit":"","value":""},"conc_unit":{"unit":"","value":"mg\/ml"},"quantity":{"unit":"ml","value":null}}],"annealing":[{"temperature":{"unit":"oC","value":0},"time":{"unit":"min","value":0}}],"spin_coating":[{"type":{"unit":"","value":null},"rpm":{"unit":"","value":0},"time":{"unit":"","value":null}}]},{"etl_treatment":[{"material":{"unit":"","value":"NONE"},"concentration":{"unit":"mg\/ml","value":""},"conc_unit":{"unit":"","value":"mg\/ml"},"quantity":{"unit":"ml","value":null}}],"annealing":[{"temperature":{"unit":"oC","value":0},"time":{"unit":"min","value":0}}],"spin_coating":[{"type":{"unit":"","value":null},"rpm":{"unit":"","value":0},"time":{"unit":"","value":null}}]},{"surface_treatment":{"unit":"","value":"none"}},{"annealing":[{"temperature":{"unit":"oC","value":0},"time":{"unit":"min","value":0}}],"blocking_buffer_layer":[{"material":{"unit":"","value":"BCP"},"concentration":{"unit":"","value":""},"conc_unit":{"unit":"","value":"mg\/ml"},"quantity":{"unit":"ml","value":null}}]},{"surface_treatment":{"unit":"","value":"none"}},{"anode_metal":{"unit":"","value":"Ag"}},{"note":{"unit":"","value":"noST_0.1:1"},"ar":{"unit":"","value":0},"type":{"unit":"","value":"p-i-n"}}],"fileinfo":[{"key":"10-2_20221021","uploadType":"JV","original_name":"10-2_20221021-200118.txt","save_name":"KRICT-SC-00620\/10-2_20221021","uploader":36},{"key":"10-3_20221021","uploadType":"JV","original_name":"10-3_20221021-200124.txt","save_name":"KRICT-SC-00620\/10-3_20221021","uploader":36},{"key":"10-4_20221021","uploadType":"JV","original_name":"10-4_20221021-200132.txt","save_name":"KRICT-SC-00620\/10-4_20221021","uploader":36},{"key":"10-1_20221021","uploadType":"JV","original_name":"10-1_20221021-200113.txt","save_name":"KRICT-SC-00620\/10-1_20221021","uploader":36},{"key":"12-2_20221021","uploadType":"JV","original_name":"12-2_20221021-200334.txt","save_name":"KRICT-SC-00620\/12-2_20221021","uploader":36},{"key":"12-3_20221021","uploadType":"JV","original_name":"12-3_20221021-200340.txt","save_name":"KRICT-SC-00620\/12-3_20221021","uploader":36},{"key":"12-4_20221021","uploadType":"JV","original_name":"12-4_20221021-200353.txt","save_name":"KRICT-SC-00620\/12-4_20221021","uploader":36},{"key":"12-1_20221021","uploadType":"JV","original_name":"12-1_20221021-200330.txt","save_name":"KRICT-SC-00620\/12-1_20221021","uploader":36},{"key":"InputFile","uploadType":"InputFile","original_name":"input.xlsx","save_name":"KRICT-SC-00620\/InputFile","uploader":36}],"updated_at":"2024-10-25 07:08:01","created_at":"2022-10-21 11:36:16","group":2,"analysis_old":{"JV":[{"V":{"unit":"V","value":[1.3,1.28385,1.2677,1.2515,1.23535,1.2192,1.20305,1.18685,1.1707,1.15455,1.1384,1.1222,1.10605,1.0899,1.07375,1.0576,1.0414,1.02525,1.0091,0.99295,0.97675,0.9606,0.94445,0.9283,0.9121,0.89595,0.8798,0.86365,0.8475,0.8313,0.81515,0.799,0.78285,0.76665,0.7505,0.73435,0.7182,0.702,0.68585,0.6697,0.65355,0.63735,0.6212,0.60505,0.5889,0.57275,0.55655,0.5404,0.52425,0.5081,0.4919,0.47575,0.4596,0.44345,0.42725,0.4111,0.39495,0.3788,0.36265,0.34645,0.3303,0.31415,0.298,0.2818,0.26565,0.2495,0.23335,0.21715,0.201,0.18485,0.1687,0.15255,0.13635,0.1202,0.10405,0.0879,0.0717,0.05555,0.0394,0.02325,0.00705,-0.0091,-0.02525,-0.0414,-0.0576,-0.07375,-0.0899,-0.10605,-0.1222,-0.1384,-0.15455,-0.1707,-0.18685,-0.20305,-0.2192,-0.23535,-0.2515,-0.2677,-0.28385,-0.3]},"I":{"unit":"A","value":[-0.00507809,-0.00504886,-0.00464295,-0.00419255,-0.0037428,-0.00329612,-0.00286615,-0.00244427,-0.00204296,-0.00164399,-0.00125669,-0.00088118,-0.000520796,-0.000208706,9.3028e-5,0.000379309,0.000633568,0.00085105,0.00102292,0.00116226,0.0012738,0.00135785,0.00141571,0.00145784,0.00149001,0.00151065,0.00152648,0.00153852,0.0015462,0.00155364,0.00156078,0.00156412,0.00156927,0.00157326,0.00157428,0.00157812,0.00157777,0.00157827,0.00157782,0.00157721,0.00158,0.00157994,0.00158085,0.00158025,0.00158317,0.00158095,0.00158015,0.00158146,0.00157899,0.00158171,0.0015811,0.00158081,0.00158434,0.00157873,0.00158207,0.0015845,0.00158201,0.00158414,0.00158258,0.00158404,0.00158323,0.00158201,0.00158516,0.00158414,0.00158484,0.0015849,0.00158408,0.00158708,0.00158399,0.00158343,0.00158379,0.00158425,0.00158454,0.00158495,0.00158632,0.00158697,0.00158459,0.00158702,0.00158712,0.00158425,0.00158718,0.0015856,0.00158556,0.0015889,0.00158647,0.0015844,0.00158976,0.00158712,0.00158303,0.00158343,0.00158712,0.0015853,0.00158592,0.00158824,0.00158556,0.00158676,0.00158793,0.00158501,0.00158632,0.00158586]},"J":{"unit":"A\/cm2","value":[-0.0551967,-0.0548789,-0.0504668,-0.0455712,-0.0406826,-0.0358274,-0.0311538,-0.0265681,-0.0222061,-0.0178694,-0.0136597,-0.00957805,-0.00566082,-0.00226854,0.00101117,0.00412293,0.0068866,0.00925054,0.0111187,0.0126333,0.0138456,0.0147593,0.0153882,0.0158461,0.0161958,0.0164201,0.0165921,0.016723,0.0168066,0.0168874,0.016965,0.0170012,0.0170573,0.0171007,0.0171117,0.0171535,0.0171496,0.0171551,0.0171503,0.0171436,0.0171739,0.0171733,0.0171831,0.0171767,0.0172084,0.0171843,0.0171755,0.0171898,0.0171629,0.0171925,0.0171859,0.0171827,0.017221,0.0171601,0.0171964,0.0172228,0.0171958,0.0172189,0.0172019,0.0172178,0.0172091,0.0171958,0.01723,0.0172189,0.0172266,0.0172272,0.0172183,0.0172508,0.0172173,0.0172112,0.0172151,0.0172201,0.0172233,0.0172277,0.0172426,0.0172497,0.0172238,0.0172502,0.0172513,0.0172201,0.017252,0.0172348,0.0172343,0.0172706,0.0172442,0.0172217,0.01728,0.0172513,0.0172068,0.0172112,0.0172513,0.0172316,0.0172382,0.0172635,0.0172343,0.0172474,0.0172601,0.0172283,0.0172426,0.0172376]},"pv_cell_parameters":{"voc":{"unit":"V","value":1.07},"isc":{"unit":"mA","value":1.59},"jsc":{"unit":"mA\/cm2","value":17.25},"vopt":{"unit":"mV","value":912.1},"iopt":{"unit":"mA","value":1.49},"pmax":{"unit":"W","value":0.00136},"fill_factor":{"unit":"%","value":79.74},"efficiency":{"unit":"%","value":14.77},"cell_dimension":{"unit":"cm2","value":0.092},"irradiance":{"unit":"mW\/cm2","value":100}},"calculations":{"fitted_isc":{"unit":"mA","value":1.59},"fitted_voc":{"unit":"V","value":1.07},"rshunt":{"unit":"Kohm","value":61.29},"rseries":{"unit":"ohm","value":54.05}},"measurement_conditions":{"sweep_direction":{"unit":"","value":"Reverse"},"nplc":{"unit":"","value":0.1},"voltage_settling_time":{"unit":"s","value":0.01},"configuration_file":{"unit":"","value":"Configuration for I-V meas_R.conf"},"sample_id":{"unit":"","value":"12-4"},"note":{"unit":"","value":"\uc2dc\ub8cc\uc5d0 \uad00\ud55c \ubd80\uac00\uc801\uc778 \uc124\uba85\uc744 \uc774\uacf3\uc5d0 \uc801\uc73c\uc138\uc694. ^^"}},"key":"12-4_20221021"},{"V":{"unit":"V","value":[1.3,1.28385,1.2677,1.2515,1.23535,1.2192,1.20305,1.18685,1.1707,1.15455,1.1384,1.1222,1.10605,1.0899,1.07375,1.0576,1.0414,1.02525,1.0091,0.99295,0.97675,0.9606,0.94445,0.9283,0.9121,0.89595,0.8798,0.86365,0.8475,0.8313,0.81515,0.799,0.78285,0.76665,0.7505,0.73435,0.7182,0.702,0.68585,0.6697,0.65355,0.63735,0.6212,0.60505,0.5889,0.57275,0.55655,0.5404,0.52425,0.5081,0.4919,0.47575,0.4596,0.44345,0.42725,0.4111,0.39495,0.3788,0.36265,0.34645,0.3303,0.31415,0.298,0.2818,0.26565,0.2495,0.23335,0.21715,0.201,0.18485,0.1687,0.15255,0.13635,0.1202,0.10405,0.0879,0.0717,0.05555,0.0394,0.02325,0.00705,-0.0091,-0.02525,-0.0414,-0.0576,-0.07375,-0.0899,-0.10605,-0.1222,-0.1384,-0.15455,-0.1707,-0.18685,-0.20305,-0.2192,-0.23535,-0.2515,-0.2677,-0.28385,-0.3]},"I":{"unit":"A","value":[-0.0070053,-0.0069477,-0.00622433,-0.00575092,-0.00511845,-0.00445445,-0.00386172,-0.00331016,-0.00276548,-0.00222439,-0.00170064,-0.0012209,-0.000759214,-0.000365689,4.97699e-6,0.000337943,0.000624627,0.000870541,0.00105241,0.00120072,0.00131619,0.00139938,0.0014524,0.00148755,0.00151223,0.00152613,0.00153646,0.00154658,0.00154622,0.00155254,0.00155628,0.0015583,0.00156048,0.00156185,0.00156569,0.0015662,0.0015665,0.00156787,0.00156635,0.00156711,0.00156903,0.00156639,0.00156821,0.00157055,0.00156888,0.00156999,0.00157318,0.00156984,0.00156675,0.00156933,0.0015709,0.0015673,0.00157005,0.00157222,0.00156944,0.0015706,0.00157212,0.00157146,0.00156781,0.00157085,0.00157449,0.00157172,0.0015744,0.00157353,0.00157277,0.00157495,0.0015718,0.00157379,0.00157231,0.00157332,0.00157373,0.00157231,0.00157499,0.0015747,0.00157398,0.00157545,0.00157338,0.00157423,0.00157434,0.00157394,0.00157282,0.00157571,0.00157262,0.0015756,0.00157632,0.00157474,0.00157565,0.00157732,0.00157611,0.00157364,0.00157621,0.00157767,0.00157531,0.00157793,0.00157774,0.00157727,0.00157833,0.0015785,0.00157934,0.00157616]},"J":{"unit":"A\/cm2","value":[-0.0761446,-0.0755184,-0.0676558,-0.06251,-0.0556353,-0.0484179,-0.0419753,-0.03598,-0.0300595,-0.0241781,-0.0184852,-0.0132706,-0.00825233,-0.00397488,5.40977e-5,0.0036733,0.00678942,0.0094624,0.0114392,0.0130513,0.0143064,0.0152107,0.015787,0.0161691,0.0164373,0.0165884,0.0167006,0.0168106,0.0168067,0.0168754,0.0169161,0.0169381,0.0169617,0.0169766,0.0170184,0.0170239,0.0170272,0.0170421,0.0170255,0.0170338,0.0170547,0.017026,0.0170458,0.0170712,0.0170531,0.0170651,0.0170997,0.0170634,0.0170299,0.0170579,0.0170749,0.0170359,0.0170657,0.0170894,0.0170591,0.0170717,0.0170882,0.0170811,0.0170414,0.0170745,0.017114,0.0170839,0.017113,0.0171036,0.0170954,0.017119,0.0170848,0.0171064,0.0170903,0.0171013,0.0171057,0.0170903,0.0171195,0.0171162,0.0171085,0.0171245,0.017102,0.0171112,0.0171124,0.017108,0.0170958,0.0171273,0.0170937,0.0171261,0.0171339,0.0171167,0.0171266,0.0171448,0.0171316,0.0171047,0.0171328,0.0171486,0.0171229,0.0171514,0.0171493,0.0171443,0.0171558,0.0171576,0.0171668,0.0171321]},"pv_cell_parameters":{"voc":{"unit":"V","value":1.07},"isc":{"unit":"mA","value":1.57},"jsc":{"unit":"mA\/cm2","value":17.1},"vopt":{"unit":"mV","value":928.3000000000001},"iopt":{"unit":"mA","value":1.49},"pmax":{"unit":"W","value":0.00138},"fill_factor":{"unit":"%","value":81.77},"efficiency":{"unit":"%","value":15.01},"cell_dimension":{"unit":"cm2","value":0.092},"irradiance":{"unit":"mW\/cm2","value":100}},"calculations":{"fitted_isc":{"unit":"mA","value":1.57},"fitted_voc":{"unit":"V","value":1.07},"rshunt":{"unit":"Kohm","value":82.78},"rseries":{"unit":"ohm","value":44.16}},"measurement_conditions":{"sweep_direction":{"unit":"","value":"Reverse"},"nplc":{"unit":"","value":0.1},"voltage_settling_time":{"unit":"s","value":0.01},"configuration_file":{"unit":"","value":"Configuration for I-V meas_R.conf"},"sample_id":{"unit":"","value":"12-3"},"note":{"unit":"","value":"\uc2dc\ub8cc\uc5d0 \uad00\ud55c \ubd80\uac00\uc801\uc778 \uc124\uba85\uc744 \uc774\uacf3\uc5d0 \uc801\uc73c\uc138\uc694. ^^"}},"key":"12-3_20221021"},{"V":{"unit":"V","value":[1.3,1.28385,1.2677,1.2515,1.23535,1.2192,1.20305,1.18685,1.1707,1.15455,1.1384,1.1222,1.10605,1.0899,1.07375,1.0576,1.0414,1.02525,1.0091,0.99295,0.97675,0.9606,0.94445,0.9283,0.9121,0.89595,0.8798,0.86365,0.8475,0.8313,0.81515,0.799,0.78285,0.76665,0.7505,0.73435,0.7182,0.702,0.68585,0.6697,0.65355,0.63735,0.6212,0.60505,0.5889,0.57275,0.55655,0.5404,0.52425,0.5081,0.4919,0.47575,0.4596,0.44345,0.42725,0.4111,0.39495,0.3788,0.36265,0.34645,0.3303,0.31415,0.298,0.2818,0.26565,0.2495,0.23335,0.21715,0.201,0.18485,0.1687,0.15255,0.13635,0.1202,0.10405,0.0879,0.0717,0.05555,0.0394,0.02325,0.00705,-0.0091,-0.02525,-0.0414,-0.0576,-0.07375,-0.0899,-0.10605,-0.1222,-0.1384,-0.15455,-0.1707,-0.18685,-0.20305,-0.2192,-0.23535,-0.2515,-0.2677,-0.28385,-0.3]},"I":{"unit":"A","value":[-0.00186914,-0.00183952,-0.00170024,-0.0015344,-0.00138506,-0.00123444,-0.00109273,-0.000949308,-0.000812456,-0.00067313,-0.000533193,-0.000393659,-0.000254929,-0.000117481,1.88351e-5,0.00015226,0.000283822,0.000412837,0.000535801,0.000656128,0.000772208,0.000880286,0.000982717,0.00107715,0.00116156,0.00123692,0.00130384,0.00135927,0.00140287,0.00143711,0.00146513,0.00148551,0.00150205,0.00151698,0.00152683,0.00153209,0.00153782,0.00154474,0.00154722,0.00154768,0.00155112,0.00155339,0.00155719,0.00155824,0.00156017,0.00156215,0.00156133,0.00156198,0.00156407,0.00156401,0.00156416,0.00156397,0.00156538,0.00156532,0.00156725,0.00156695,0.00156619,0.00156933,0.00156674,0.00156699,0.00156756,0.00156942,0.00157014,0.00156973,0.00157054,0.00157109,0.00156938,0.0015714,0.00156933,0.00157043,0.00157292,0.00157206,0.00157043,0.00157134,0.00157246,0.0015716,0.00157028,0.00157297,0.00157271,0.00157104,0.00157398,0.00157241,0.00157301,0.00157464,0.001572,0.00157453,0.00156948,0.00157054,0.00157185,0.00157362,0.00157423,0.0015758,0.00157474,0.0015758,0.00157605,0.00157949,0.00157757,0.00157888,0.00158277,0.0015807]},"J":{"unit":"A\/cm2","value":[-0.0203168,-0.0199948,-0.0184808,-0.0166783,-0.015055,-0.0134178,-0.0118775,-0.0103186,-0.00883104,-0.00731663,-0.00579558,-0.0042789,-0.00277097,-0.00127697,0.000204729,0.001655,0.00308503,0.00448736,0.00582392,0.00713183,0.00839357,0.00956833,0.0106817,0.0117081,0.0126257,0.0134447,0.0141721,0.0147747,0.0152486,0.0156208,0.0159253,0.0161469,0.0163267,0.0164889,0.016596,0.0166532,0.0167154,0.0167907,0.0168176,0.0168226,0.01686,0.0168846,0.0169259,0.0169374,0.0169583,0.0169799,0.016971,0.0169781,0.0170008,0.0170001,0.0170017,0.0169996,0.017015,0.0170144,0.0170353,0.017032,0.0170238,0.0170579,0.0170298,0.0170325,0.0170387,0.0170589,0.0170667,0.0170623,0.0170711,0.0170771,0.0170584,0.0170805,0.0170579,0.0170699,0.017097,0.0170876,0.0170699,0.0170798,0.017092,0.0170826,0.0170683,0.0170975,0.0170947,0.0170766,0.0171085,0.0170915,0.0170979,0.0171156,0.0170869,0.0171145,0.0170596,0.0170711,0.0170853,0.0171046,0.0171112,0.0171282,0.0171167,0.0171282,0.017131,0.0171684,0.0171475,0.0171618,0.017204,0.0171815]},"pv_cell_parameters":{"voc":{"unit":"V","value":1.07},"isc":{"unit":"mA","value":1.57},"jsc":{"unit":"mA\/cm2","value":17.11},"vopt":{"unit":"mV","value":831.3},"iopt":{"unit":"mA","value":1.44},"pmax":{"unit":"W","value":0.0011899999999999999},"fill_factor":{"unit":"%","value":70.69},"efficiency":{"unit":"%","value":12.99},"cell_dimension":{"unit":"cm2","value":0.092},"irradiance":{"unit":"mW\/cm2","value":100}},"calculations":{"fitted_isc":{"unit":"mA","value":1.57},"fitted_voc":{"unit":"V","value":1.08},"rshunt":{"unit":"Kohm","value":82.09},"rseries":{"unit":"ohm","value":119.86}},"measurement_conditions":{"sweep_direction":{"unit":"","value":"Reverse"},"nplc":{"unit":"","value":0.1},"voltage_settling_time":{"unit":"s","value":0.01},"configuration_file":{"unit":"","value":"Configuration for I-V meas_R.conf"},"sample_id":{"unit":"","value":"12-2"},"note":{"unit":"","value":"\uc2dc\ub8cc\uc5d0 \uad00\ud55c \ubd80\uac00\uc801\uc778 \uc124\uba85\uc744 \uc774\uacf3\uc5d0 \uc801\uc73c\uc138\uc694. ^^"}},"key":"12-2_20221021"},{"V":{"unit":"V","value":[1.3,1.28385,1.2677,1.2515,1.23535,1.2192,1.20305,1.18685,1.1707,1.15455,1.1384,1.1222,1.10605,1.0899,1.07375,1.0576,1.0414,1.02525,1.0091,0.99295,0.97675,0.9606,0.94445,0.9283,0.9121,0.89595,0.8798,0.86365,0.8475,0.8313,0.81515,0.799,0.78285,0.76665,0.7505,0.73435,0.7182,0.702,0.68585,0.6697,0.65355,0.63735,0.6212,0.60505,0.5889,0.57275,0.55655,0.5404,0.52425,0.5081,0.4919,0.47575,0.4596,0.44345,0.42725,0.4111,0.39495,0.3788,0.36265,0.34645,0.3303,0.31415,0.298,0.2818,0.26565,0.2495,0.23335,0.21715,0.201,0.18485,0.1687,0.15255,0.13635,0.1202,0.10405,0.0879,0.0717,0.05555,0.0394,0.02325,0.00705,-0.0091,-0.02525,-0.0414,-0.0576,-0.07375,-0.0899,-0.10605,-0.1222,-0.1384,-0.15455,-0.1707,-0.18685,-0.20305,-0.2192,-0.23535,-0.2515,-0.2677,-0.28385,-0.3]},"I":{"unit":"A","value":[-0.00222811,-0.00215377,-0.00204565,-0.00194126,-0.00182159,-0.00170603,-0.0015887,-0.00147133,-0.001359,-0.00123085,-0.00112049,-0.001019,-0.000924677,-0.000839814,-0.000764057,-0.00067848,-0.000612438,-0.000542283,-0.000540972,-0.000467837,-0.000422582,-0.000378028,-0.00032346,-0.000277981,-0.000243694,-0.000205666,-0.000164807,-0.000125512,-8.55029e-5,-5.03063e-5,-1.34409e-5,1.55419e-5,3.98755e-5,7.30455e-5,9.63211e-5,0.000126719,0.000154942,0.000191957,0.000216544,0.000239611,0.000273243,0.000300094,0.000329032,0.000359327,0.000386685,0.000418708,0.000441611,0.000467509,0.000498816,0.00052619,0.000551522,0.000581369,0.000607267,0.000635326,0.000658289,0.000686511,0.000716716,0.000736788,0.00076355,0.000790402,0.000812352,0.000833958,0.000860363,0.000883579,0.000905782,0.000930607,0.000951305,0.00095889,0.000984326,0.00100638,0.00102858,0.00105473,0.00108098,0.00110728,0.00113167,0.00115822,0.00118026,0.00120394,0.00122963,0.0012539,0.00127718,0.00130135,0.00132518,0.00135001,0.00137383,0.00139856,0.00142203,0.00144455,0.00146584,0.00148921,0.00151135,0.00153917,0.00156097,0.001586,0.00161155,0.00163668,0.00166106,0.00168747,0.00171837,0.00174281]},"J":{"unit":"A\/cm2","value":[-0.0242186,-0.0234105,-0.0222353,-0.0211007,-0.0197999,-0.0185438,-0.0172685,-0.0159927,-0.0147718,-0.0133788,-0.0121793,-0.0110761,-0.0100508,-0.00912842,-0.00830497,-0.00737478,-0.00665693,-0.00589438,-0.00588013,-0.00508518,-0.00459328,-0.004109,-0.00351586,-0.00302153,-0.00264884,-0.0022355,-0.00179138,-0.00136427,-0.000929379,-0.000546808,-0.000146096,0.000168934,0.000433429,0.000793973,0.00104697,0.00137739,0.00168416,0.00208649,0.00235374,0.00260446,0.00297003,0.0032619,0.00357644,0.00390572,0.0042031,0.00455117,0.00480012,0.00508162,0.00542192,0.00571945,0.0059948,0.00631923,0.00660073,0.00690572,0.00715531,0.00746208,0.00779039,0.00800856,0.00829946,0.00859133,0.00882991,0.00906477,0.00935177,0.00960412,0.00984546,0.0101153,0.0103403,0.0104227,0.0106992,0.0109389,0.0111802,0.0114645,0.0117497,0.0120356,0.0123008,0.0125894,0.0128289,0.0130863,0.0133655,0.0136294,0.0138824,0.0141451,0.0144041,0.0146741,0.0149329,0.0152018,0.0154569,0.0157016,0.0159331,0.016187,0.0164277,0.0167301,0.0169671,0.0172392,0.0175168,0.01779,0.018055,0.018342,0.018678,0.0189436]},"pv_cell_parameters":{"voc":{"unit":"V","value":0.81515},"isc":{"unit":"mA","value":1.28},"jsc":{"unit":"mA\/cm2","value":13.880000000000003},"vopt":{"unit":"mV","value":394.95000000000005},"iopt":{"unit":"mA","value":0.71672},"pmax":{"unit":"W","value":0.00028306999999999996},"fill_factor":{"unit":"%","value":27.19},"efficiency":{"unit":"%","value":3.08},"cell_dimension":{"unit":"cm2","value":0.092},"irradiance":{"unit":"mW\/cm2","value":100}},"calculations":{"fitted_isc":{"unit":"mA","value":1.29},"fitted_voc":{"unit":"V","value":0.80303},"rshunt":{"unit":"Kohm","value":0.68415},"rseries":{"unit":"ohm","value":480.52}},"measurement_conditions":{"sweep_direction":{"unit":"","value":"Reverse"},"nplc":{"unit":"","value":0.1},"voltage_settling_time":{"unit":"s","value":0.01},"configuration_file":{"unit":"","value":"Configuration for I-V meas_R.conf"},"sample_id":{"unit":"","value":"12-1"},"note":{"unit":"","value":"\uc2dc\ub8cc\uc5d0 \uad00\ud55c \ubd80\uac00\uc801\uc778 \uc124\uba85\uc744 \uc774\uacf3\uc5d0 \uc801\uc73c\uc138\uc694. ^^"}},"key":"12-1_20221021"},{"V":{"unit":"V","value":[1.3,1.28385,1.2677,1.2515,1.23535,1.2192,1.20305,1.18685,1.1707,1.15455,1.1384,1.1222,1.10605,1.0899,1.07375,1.0576,1.0414,1.02525,1.0091,0.99295,0.97675,0.9606,0.94445,0.9283,0.9121,0.89595,0.8798,0.86365,0.8475,0.8313,0.81515,0.799,0.78285,0.76665,0.7505,0.73435,0.7182,0.702,0.68585,0.6697,0.65355,0.63735,0.6212,0.60505,0.5889,0.57275,0.55655,0.5404,0.52425,0.5081,0.4919,0.47575,0.4596,0.44345,0.42725,0.4111,0.39495,0.3788,0.36265,0.34645,0.3303,0.31415,0.298,0.2818,0.26565,0.2495,0.23335,0.21715,0.201,0.18485,0.1687,0.15255,0.13635,0.1202,0.10405,0.0879,0.0717,0.05555,0.0394,0.02325,0.00705,-0.0091,-0.02525,-0.0414,-0.0576,-0.07375,-0.0899,-0.10605,-0.1222,-0.1384,-0.15455,-0.1707,-0.18685,-0.20305,-0.2192,-0.23535,-0.2515,-0.2677,-0.28385,-0.3]},"I":{"unit":"A","value":[-0.00346477,-0.00353326,-0.0033084,-0.00300679,-0.00269616,-0.00238548,-0.00207831,-0.00177537,-0.00148007,-0.00119165,-0.000911728,-0.000638932,-0.000375077,-0.000123739,0.000115082,0.000341073,0.000549704,0.00073801,0.00090684,0.00104892,0.00116818,0.00126579,0.00134277,0.00140049,0.00144221,0.00147641,0.00149766,0.00151409,0.00152531,0.00153351,0.00153999,0.00154933,0.00155459,0.00155404,0.00156295,0.00156634,0.00156735,0.00157291,0.00157312,0.00157291,0.00157447,0.00157589,0.00157852,0.0015804,0.00158089,0.00158186,0.00158651,0.00158829,0.0015855,0.00158733,0.001589,0.00159031,0.00159031,0.00159293,0.00159365,0.00159536,0.00159384,0.0015976,0.00159927,0.0015987,0.00160261,0.00160219,0.00160392,0.00160664,0.00160634,0.00160645,0.00160953,0.00160988,0.00161085,0.00161266,0.00161135,0.00161322,0.00161469,0.00161499,0.0016163,0.00161959,0.00161873,0.00161691,0.00162137,0.00162096,0.00162228,0.00162481,0.00162274,0.00162749,0.00162728,0.0016283,0.00162815,0.00163011,0.00163294,0.00163092,0.00163051,0.00163639,0.00163548,0.00163674,0.00163801,0.00163968,0.00164019,0.00164002,0.00164559,0.00164281]},"J":{"unit":"A\/cm2","value":[-0.0376606,-0.038405,-0.0359609,-0.0326825,-0.0293061,-0.0259292,-0.0225903,-0.0192975,-0.0160877,-0.0129527,-0.00991008,-0.00694491,-0.00407693,-0.00134499,0.00125089,0.00370731,0.00597504,0.00802185,0.00985696,0.0114013,0.0126976,0.0137586,0.0145954,0.0152227,0.0156762,0.0160479,0.0162789,0.0164575,0.0165795,0.0166686,0.016739,0.0168406,0.0168977,0.0168918,0.0169886,0.0170254,0.0170364,0.0170968,0.0170991,0.0170968,0.0171138,0.0171292,0.0171579,0.0171783,0.0171836,0.0171942,0.0172447,0.017264,0.0172337,0.0172536,0.0172717,0.017286,0.017286,0.0173145,0.0173223,0.0173409,0.0173244,0.0173652,0.0173833,0.0173772,0.0174196,0.0174151,0.0174339,0.0174635,0.0174603,0.0174614,0.0174949,0.0174987,0.0175092,0.0175289,0.0175147,0.0175349,0.017551,0.0175542,0.0175685,0.0176043,0.0175949,0.0175751,0.0176235,0.0176192,0.0176334,0.017661,0.0176384,0.0176901,0.0176878,0.0176989,0.0176972,0.0177186,0.0177494,0.0177274,0.017723,0.0177868,0.0177769,0.0177907,0.0178045,0.0178226,0.0178281,0.0178263,0.0178869,0.0178566]},"pv_cell_parameters":{"voc":{"unit":"V","value":1.07},"isc":{"unit":"mA","value":1.62},"jsc":{"unit":"mA\/cm2","value":17.63},"vopt":{"unit":"mV","value":895.95},"iopt":{"unit":"mA","value":1.48},"pmax":{"unit":"W","value":0.00132},"fill_factor":{"unit":"%","value":75.94},"efficiency":{"unit":"%","value":14.38},"cell_dimension":{"unit":"cm2","value":0.092},"irradiance":{"unit":"mW\/cm2","value":100}},"calculations":{"fitted_isc":{"unit":"mA","value":1.62},"fitted_voc":{"unit":"V","value":1.08},"rshunt":{"unit":"Kohm","value":15.27},"rseries":{"unit":"ohm","value":68.79}},"measurement_conditions":{"sweep_direction":{"unit":"","value":"Reverse"},"nplc":{"unit":"","value":0.1},"voltage_settling_time":{"unit":"s","value":0.01},"configuration_file":{"unit":"","value":"Configuration for I-V meas_R.conf"},"sample_id":{"unit":"","value":"10-4"},"note":{"unit":"","value":"\uc2dc\ub8cc\uc5d0 \uad00\ud55c \ubd80\uac00\uc801\uc778 \uc124\uba85\uc744 \uc774\uacf3\uc5d0 \uc801\uc73c\uc138\uc694. ^^"}},"key":"10-4_20221021"},{"V":{"unit":"V","value":[1.3,1.28385,1.2677,1.2515,1.23535,1.2192,1.20305,1.18685,1.1707,1.15455,1.1384,1.1222,1.10605,1.0899,1.07375,1.0576,1.0414,1.02525,1.0091,0.99295,0.97675,0.9606,0.94445,0.9283,0.9121,0.89595,0.8798,0.86365,0.8475,0.8313,0.81515,0.799,0.78285,0.76665,0.7505,0.73435,0.7182,0.702,0.68585,0.6697,0.65355,0.63735,0.6212,0.60505,0.5889,0.57275,0.55655,0.5404,0.52425,0.5081,0.4919,0.47575,0.4596,0.44345,0.42725,0.4111,0.39495,0.3788,0.36265,0.34645,0.3303,0.31415,0.298,0.2818,0.26565,0.2495,0.23335,0.21715,0.201,0.18485,0.1687,0.15255,0.13635,0.1202,0.10405,0.0879,0.0717,0.05555,0.0394,0.02325,0.00705,-0.0091,-0.02525,-0.0414,-0.0576,-0.07375,-0.0899,-0.10605,-0.1222,-0.1384,-0.15455,-0.1707,-0.18685,-0.20305,-0.2192,-0.23535,-0.2515,-0.2677,-0.28385,-0.3]},"I":{"unit":"A","value":[-0.00665478,-0.00751858,-0.00718439,-0.00649391,-0.0057362,-0.00497407,-0.0042327,-0.00351819,-0.00284198,-0.00220692,-0.00161,-0.00105657,-0.00056459,-0.000128686,0.000246078,0.000553146,0.000806496,0.000994891,0.00112989,0.00122654,0.00130859,0.00136453,0.00139543,0.00142805,0.0014495,0.00145976,0.00147201,0.00147717,0.00148602,0.00149386,0.00150266,0.00151019,0.00151631,0.00152183,0.00152476,0.00153021,0.00153042,0.00152835,0.00152987,0.00153133,0.00153412,0.00153706,0.00153801,0.00154039,0.00154458,0.00154565,0.00154783,0.00154842,0.00154701,0.00154813,0.00154802,0.00155197,0.00155349,0.00155167,0.00155415,0.00155607,0.00155415,0.00155702,0.00155693,0.00155476,0.00155586,0.00155799,0.00155702,0.00155854,0.00156017,0.0015592,0.00156315,0.00156471,0.00156274,0.0015635,0.00156426,0.00156689,0.00156547,0.00156583,0.0015683,0.001568,0.00157048,0.00156871,0.00157054,0.00156851,0.0015718,0.00157261,0.00157037,0.00157478,0.00157468,0.00157246,0.00157478,0.00157438,0.00157504,0.00157534,0.00157645,0.00157675,0.00157842,0.00157523,0.00157979,0.00158465,0.00158419,0.00158444,0.0015851,0.00159334]},"J":{"unit":"A\/cm2","value":[-0.0723346,-0.0817237,-0.0780912,-0.070586,-0.06235,-0.0540659,-0.0460077,-0.0382412,-0.0308911,-0.0239883,-0.0175,-0.0114844,-0.00613685,-0.00139877,0.00267476,0.00601246,0.00876626,0.010814,0.0122815,0.013332,0.0142238,0.0148318,0.0151678,0.0155223,0.0157554,0.015867,0.0160001,0.0160562,0.0161524,0.0162376,0.0163333,0.0164151,0.0164817,0.0165416,0.0165735,0.0166328,0.016635,0.0166125,0.016629,0.0166449,0.0166752,0.0167071,0.0167175,0.0167434,0.0167889,0.0168006,0.0168242,0.0168307,0.0168153,0.0168275,0.0168263,0.0168693,0.0168858,0.016866,0.0168929,0.0169138,0.0168929,0.0169242,0.0169232,0.0168995,0.0169115,0.0169347,0.0169242,0.0169407,0.0169583,0.0169478,0.0169907,0.0170077,0.0169863,0.0169946,0.0170029,0.0170314,0.017016,0.0170199,0.0170468,0.0170435,0.0170704,0.0170511,0.0170711,0.017049,0.0170848,0.0170936,0.0170693,0.0171172,0.0171161,0.017092,0.0171172,0.0171128,0.01712,0.0171232,0.0171354,0.0171386,0.0171567,0.0171221,0.0171716,0.0172244,0.0172194,0.0172222,0.0172293,0.0173189]},"pv_cell_parameters":{"voc":{"unit":"V","value":1.09},"isc":{"unit":"mA","value":1.57},"jsc":{"unit":"mA\/cm2","value":17.08},"vopt":{"unit":"mV","value":928.3000000000001},"iopt":{"unit":"mA","value":1.4300000000000002},"pmax":{"unit":"W","value":0.00133},"fill_factor":{"unit":"%","value":77.38},"efficiency":{"unit":"%","value":14.41},"cell_dimension":{"unit":"cm2","value":0.092},"irradiance":{"unit":"mW\/cm2","value":100}},"calculations":{"fitted_isc":{"unit":"mA","value":1.57},"fitted_voc":{"unit":"V","value":1.08},"rshunt":{"unit":"Kohm","value":40.03},"rseries":{"unit":"ohm","value":37.67}},"measurement_conditions":{"sweep_direction":{"unit":"","value":"Reverse"},"nplc":{"unit":"","value":0.1},"voltage_settling_time":{"unit":"s","value":0.01},"configuration_file":{"unit":"","value":"Configuration for I-V meas_R.conf"},"sample_id":{"unit":"","value":"10-3"},"note":{"unit":"","value":"\uc2dc\ub8cc\uc5d0 \uad00\ud55c \ubd80\uac00\uc801\uc778 \uc124\uba85\uc744 \uc774\uacf3\uc5d0 \uc801\uc73c\uc138\uc694. ^^"}},"key":"10-3_20221021"},{"V":{"unit":"V","value":[1.3,1.28385,1.2677,1.2515,1.23535,1.2192,1.20305,1.18685,1.1707,1.15455,1.1384,1.1222,1.10605,1.0899,1.07375,1.0576,1.0414,1.02525,1.0091,0.99295,0.97675,0.9606,0.94445,0.9283,0.9121,0.89595,0.8798,0.86365,0.8475,0.8313,0.81515,0.799,0.78285,0.76665,0.7505,0.73435,0.7182,0.702,0.68585,0.6697,0.65355,0.63735,0.6212,0.60505,0.5889,0.57275,0.55655,0.5404,0.52425,0.5081,0.4919,0.47575,0.4596,0.44345,0.42725,0.4111,0.39495,0.3788,0.36265,0.34645,0.3303,0.31415,0.298,0.2818,0.26565,0.2495,0.23335,0.21715,0.201,0.18485,0.1687,0.15255,0.13635,0.1202,0.10405,0.0879,0.0717,0.05555,0.0394,0.02325,0.00705,-0.0091,-0.02525,-0.0414,-0.0576,-0.07375,-0.0899,-0.10605,-0.1222,-0.1384,-0.15455,-0.1707,-0.18685,-0.20305,-0.2192,-0.23535,-0.2515,-0.2677,-0.28385,-0.3]},"I":{"unit":"A","value":[-0.00405744,-0.00405689,-0.00361452,-0.00346866,-0.00332285,-0.00309683,-0.00271486,-0.00230849,-0.00190957,-0.00151499,-0.00113876,-0.000774577,-0.000432298,-0.00011459,0.000182152,0.00044997,0.00069128,0.000902593,0.00107214,0.00120936,0.00132048,0.00140212,0.00145866,0.00149924,0.00152765,0.00154622,0.00156154,0.00156882,0.0015756,0.00157864,0.00158446,0.00158566,0.00158961,0.00159209,0.00159366,0.00159508,0.00159745,0.00159791,0.00159477,0.00159675,0.00159603,0.0015976,0.00160013,0.00159694,0.00159918,0.00160125,0.0015972,0.00160085,0.00159903,0.00160155,0.00159887,0.00159927,0.00160231,0.00159948,0.00160053,0.00160383,0.00160044,0.00160186,0.00160277,0.00160114,0.0016018,0.00160353,0.00160292,0.00160241,0.00160524,0.00160129,0.00160186,0.00160636,0.00160135,0.00160271,0.00160186,0.00160554,0.00160444,0.00160353,0.00160403,0.00160514,0.00160332,0.00160372,0.00160387,0.00160408,0.00160717,0.00160484,0.00160368,0.00160626,0.001606,0.00160524,0.0016059,0.00160499,0.00160296,0.00160286,0.00160474,0.00160535,0.00160514,0.00160579,0.00160494,0.00160752,0.00160651,0.00160564,0.00160494,0.00160529]},"J":{"unit":"A\/cm2","value":[-0.0441026,-0.0440966,-0.0392882,-0.0377029,-0.036118,-0.0336612,-0.0295093,-0.0250923,-0.0207562,-0.0164672,-0.0123778,-0.00841932,-0.00469889,-0.00124554,0.00197991,0.00489098,0.00751391,0.00981079,0.0116537,0.0131453,0.0143531,0.0152405,0.015855,0.016296,0.0166049,0.0168067,0.0169732,0.0170524,0.0171261,0.0171592,0.0172223,0.0172355,0.0172784,0.0173053,0.0173224,0.0173378,0.0173636,0.0173686,0.0173344,0.017356,0.0173482,0.0173652,0.0173927,0.0173581,0.0173824,0.0174049,0.0173608,0.0174005,0.0173808,0.0174081,0.017379,0.0173833,0.0174164,0.0173856,0.0173971,0.0174329,0.0173961,0.0174115,0.0174214,0.0174037,0.0174109,0.0174297,0.017423,0.0174175,0.0174483,0.0174054,0.0174115,0.0174604,0.017406,0.0174207,0.0174115,0.0174515,0.0174395,0.0174297,0.0174352,0.0174472,0.0174274,0.0174318,0.0174334,0.0174357,0.0174692,0.0174439,0.0174313,0.0174593,0.0174565,0.0174483,0.0174554,0.0174455,0.0174235,0.0174224,0.0174428,0.0174494,0.0174472,0.0174543,0.017445,0.0174731,0.0174621,0.0174527,0.017445,0.0174488]},"pv_cell_parameters":{"voc":{"unit":"V","value":1.09},"isc":{"unit":"mA","value":1.61},"jsc":{"unit":"mA\/cm2","value":17.47},"vopt":{"unit":"mV","value":912.1},"iopt":{"unit":"mA","value":1.53},"pmax":{"unit":"W","value":0.00139},"fill_factor":{"unit":"%","value":79.55},"efficiency":{"unit":"%","value":15.15},"cell_dimension":{"unit":"cm2","value":0.092},"irradiance":{"unit":"mW\/cm2","value":100}},"calculations":{"fitted_isc":{"unit":"mA","value":1.61},"fitted_voc":{"unit":"V","value":1.08},"rshunt":{"unit":"Kohm","value":56.52},"rseries":{"unit":"ohm","value":51.39}},"measurement_conditions":{"sweep_direction":{"unit":"","value":"Reverse"},"nplc":{"unit":"","value":0.1},"voltage_settling_time":{"unit":"s","value":0.01},"configuration_file":{"unit":"","value":"Configuration for I-V meas_R.conf"},"sample_id":{"unit":"","value":"10-2"},"note":{"unit":"","value":"\uc2dc\ub8cc\uc5d0 \uad00\ud55c \ubd80\uac00\uc801\uc778 \uc124\uba85\uc744 \uc774\uacf3\uc5d0 \uc801\uc73c\uc138\uc694. ^^"}},"key":"10-2_20221021"},{"V":{"unit":"V","value":[1.3,1.28385,1.2677,1.2515,1.23535,1.2192,1.20305,1.18685,1.1707,1.15455,1.1384,1.1222,1.10605,1.0899,1.07375,1.0576,1.0414,1.02525,1.0091,0.99295,0.97675,0.9606,0.94445,0.9283,0.9121,0.89595,0.8798,0.86365,0.8475,0.8313,0.81515,0.799,0.78285,0.76665,0.7505,0.73435,0.7182,0.702,0.68585,0.6697,0.65355,0.63735,0.6212,0.60505,0.5889,0.57275,0.55655,0.5404,0.52425,0.5081,0.4919,0.47575,0.4596,0.44345,0.42725,0.4111,0.39495,0.3788,0.36265,0.34645,0.3303,0.31415,0.298,0.2818,0.26565,0.2495,0.23335,0.21715,0.201,0.18485,0.1687,0.15255,0.13635,0.1202,0.10405,0.0879,0.0717,0.05555,0.0394,0.02325,0.00705,-0.0091,-0.02525,-0.0414,-0.0576,-0.07375,-0.0899,-0.10605,-0.1222,-0.1384,-0.15455,-0.1707,-0.18685,-0.20305,-0.2192,-0.23535,-0.2515,-0.2677,-0.28385,-0.3]},"I":{"unit":"A","value":[-0.00582005,-0.00662751,-0.00637096,-0.00575811,-0.00507854,-0.00439954,-0.00373845,-0.00310293,-0.00249605,-0.0019235,-0.00138661,-0.00088568,-0.000429705,-1.8388e-5,0.000341117,0.000648484,0.000901282,0.00110062,0.0012532,0.00135405,0.0014277,0.00148055,0.00151192,0.00153807,0.00155313,0.00156103,0.00156826,0.00157519,0.0015765,0.00157493,0.00157994,0.00158425,0.00158469,0.00158566,0.00158662,0.00158834,0.00159077,0.00158875,0.00158875,0.00158687,0.0015891,0.00158778,0.00159031,0.00159152,0.0015894,0.00159274,0.00159361,0.00159077,0.00159416,0.00159228,0.00159143,0.00159209,0.00159118,0.00159274,0.00159219,0.00159329,0.00159441,0.00159128,0.00159553,0.00159369,0.00159042,0.00159445,0.00159562,0.00159219,0.00159441,0.00159492,0.00159344,0.00159274,0.00159658,0.00159325,0.00159103,0.00159542,0.00159532,0.00159401,0.00159658,0.00159521,0.0015972,0.00159714,0.00159623,0.00159532,0.00159578,0.00159779,0.00159891,0.00159492,0.00160007,0.00159785,0.00159633,0.00159881,0.0015976,0.00159678,0.00159608,0.00159728,0.00159815,0.00159785,0.00159895,0.00159714,0.00159946,0.00159952,0.00159703,0.00159855]},"J":{"unit":"A\/cm2","value":[-0.0632614,-0.0720382,-0.0692496,-0.0625881,-0.0552015,-0.0478211,-0.0406353,-0.0337275,-0.027131,-0.0209076,-0.0150719,-0.00962696,-0.0046707,-0.00019987,0.0037078,0.00704873,0.00979654,0.0119632,0.0136218,0.014718,0.0155184,0.0160929,0.0164339,0.0167181,0.0168819,0.0169677,0.0170463,0.0171216,0.0171358,0.0171188,0.0171733,0.0172201,0.0172249,0.0172355,0.0172458,0.0172646,0.017291,0.017269,0.017269,0.0172486,0.0172729,0.0172585,0.017286,0.0172991,0.0172761,0.0173124,0.0173218,0.017291,0.0173278,0.0173074,0.0172981,0.0173053,0.0172954,0.0173124,0.0173064,0.0173184,0.0173305,0.0172965,0.0173427,0.0173228,0.0172871,0.017331,0.0173437,0.0173064,0.0173305,0.017336,0.01732,0.0173124,0.0173542,0.0173179,0.0172938,0.0173416,0.0173404,0.0173262,0.0173542,0.0173393,0.0173608,0.0173602,0.0173503,0.0173404,0.0173454,0.0173673,0.0173794,0.017336,0.0173921,0.017368,0.0173514,0.0173783,0.0173652,0.0173563,0.0173487,0.0173618,0.0173712,0.017368,0.0173799,0.0173602,0.0173854,0.0173861,0.017359,0.0173756]},"pv_cell_parameters":{"voc":{"unit":"V","value":1.09},"isc":{"unit":"mA","value":1.6},"jsc":{"unit":"mA\/cm2","value":17.35},"vopt":{"unit":"mV","value":944.45},"iopt":{"unit":"mA","value":1.51},"pmax":{"unit":"W","value":0.00143},"fill_factor":{"unit":"%","value":82.1},"efficiency":{"unit":"%","value":15.52},"cell_dimension":{"unit":"cm2","value":0.092},"irradiance":{"unit":"mW\/cm2","value":100}},"calculations":{"fitted_isc":{"unit":"mA","value":1.6},"fitted_voc":{"unit":"V","value":1.08},"rshunt":{"unit":"Kohm","value":291.52},"rseries":{"unit":"ohm","value":40.15}},"measurement_conditions":{"sweep_direction":{"unit":"","value":"Reverse"},"nplc":{"unit":"","value":0.1},"voltage_settling_time":{"unit":"s","value":0.01},"configuration_file":{"unit":"","value":"Configuration for I-V meas_R.conf"},"sample_id":{"unit":"","value":"10-1"},"note":{"unit":"","value":"\uc2dc\ub8cc\uc5d0 \uad00\ud55c \ubd80\uac00\uc801\uc778 \uc124\uba85\uc744 \uc774\uacf3\uc5d0 \uc801\uc73c\uc138\uc694. ^^"}},"key":"10-1_20221021"}]},"jvcnt":8,"analysisInfo":{"JV":[{"efficiency":14.77,"fill_factor":79.74,"jsc":17.25,"voc":1.07,"key":"12-4_20221021","cell_dimension":0.092},{"efficiency":15.01,"fill_factor":81.77,"jsc":17.1,"voc":1.07,"key":"12-3_20221021","cell_dimension":0.092},{"efficiency":12.99,"fill_factor":70.69,"jsc":17.11,"voc":1.07,"key":"12-2_20221021","cell_dimension":0.092},{"efficiency":3.08,"fill_factor":27.19,"jsc":13.880000000000003,"voc":0.81515,"key":"12-1_20221021","cell_dimension":0.092},{"efficiency":14.38,"fill_factor":75.94,"jsc":17.63,"voc":1.07,"key":"10-4_20221021","cell_dimension":0.092},{"efficiency":14.41,"fill_factor":77.38,"jsc":17.08,"voc":1.09,"key":"10-3_20221021","cell_dimension":0.092},{"efficiency":15.15,"fill_factor":79.55,"jsc":17.47,"voc":1.09,"key":"10-2_20221021","cell_dimension":0.092},{"efficiency":15.52,"fill_factor":82.1,"jsc":17.35,"voc":1.09,"key":"10-1_20221021","cell_dimension":0.092}]},"public":2,"analysis":{"JV":[{"V":{"unit":"V","value":[1.3,1.28385,1.2677,1.2515,1.23535,1.2192,1.20305,1.18685,1.1707,1.15455,1.1384,1.1222,1.10605,1.0899,1.07375,1.0576,1.0414,1.02525,1.0091,0.99295,0.97675,0.9606,0.94445,0.9283,0.9121,0.89595,0.8798,0.86365,0.8475,0.8313,0.81515,0.799,0.78285,0.76665,0.7505,0.73435,0.7182,0.702,0.68585,0.6697,0.65355,0.63735,0.6212,0.60505,0.5889,0.57275,0.55655,0.5404,0.52425,0.5081,0.4919,0.47575,0.4596,0.44345,0.42725,0.4111,0.39495,0.3788,0.36265,0.34645,0.3303,0.31415,0.298,0.2818,0.26565,0.2495,0.23335,0.21715,0.201,0.18485,0.1687,0.15255,0.13635,0.1202,0.10405,0.0879,0.0717,0.05555,0.0394,0.02325,0.00705,-0.0091,-0.02525,-0.0414,-0.0576,-0.07375,-0.0899,-0.10605,-0.1222,-0.1384,-0.15455,-0.1707,-0.18685,-0.20305,-0.2192,-0.23535,-0.2515,-0.2677,-0.28385,-0.3]},"I":{"unit":"A","value":[-0.00507809,-0.00504886,-0.00464295,-0.00419255,-0.0037428,-0.00329612,-0.00286615,-0.00244427,-0.00204296,-0.00164399,-0.00125669,-0.00088118,-0.000520796,-0.000208706,9.3028e-5,0.000379309,0.000633568,0.00085105,0.00102292,0.00116226,0.0012738,0.00135785,0.00141571,0.00145784,0.00149001,0.00151065,0.00152648,0.00153852,0.0015462,0.00155364,0.00156078,0.00156412,0.00156927,0.00157326,0.00157428,0.00157812,0.00157777,0.00157827,0.00157782,0.00157721,0.00158,0.00157994,0.00158085,0.00158025,0.00158317,0.00158095,0.00158015,0.00158146,0.00157899,0.00158171,0.0015811,0.00158081,0.00158434,0.00157873,0.00158207,0.0015845,0.00158201,0.00158414,0.00158258,0.00158404,0.00158323,0.00158201,0.00158516,0.00158414,0.00158484,0.0015849,0.00158408,0.00158708,0.00158399,0.00158343,0.00158379,0.00158425,0.00158454,0.00158495,0.00158632,0.00158697,0.00158459,0.00158702,0.00158712,0.00158425,0.00158718,0.0015856,0.00158556,0.0015889,0.00158647,0.0015844,0.00158976,0.00158712,0.00158303,0.00158343,0.00158712,0.0015853,0.00158592,0.00158824,0.00158556,0.00158676,0.00158793,0.00158501,0.00158632,0.00158586]},"J":{"unit":"A\/cm2","value":[-0.0551967,-0.0548789,-0.0504668,-0.0455712,-0.0406826,-0.0358274,-0.0311538,-0.0265681,-0.0222061,-0.0178694,-0.0136597,-0.00957805,-0.00566082,-0.00226854,0.00101117,0.00412293,0.0068866,0.00925054,0.0111187,0.0126333,0.0138456,0.0147593,0.0153882,0.0158461,0.0161958,0.0164201,0.0165921,0.016723,0.0168066,0.0168874,0.016965,0.0170012,0.0170573,0.0171007,0.0171117,0.0171535,0.0171496,0.0171551,0.0171503,0.0171436,0.0171739,0.0171733,0.0171831,0.0171767,0.0172084,0.0171843,0.0171755,0.0171898,0.0171629,0.0171925,0.0171859,0.0171827,0.017221,0.0171601,0.0171964,0.0172228,0.0171958,0.0172189,0.0172019,0.0172178,0.0172091,0.0171958,0.01723,0.0172189,0.0172266,0.0172272,0.0172183,0.0172508,0.0172173,0.0172112,0.0172151,0.0172201,0.0172233,0.0172277,0.0172426,0.0172497,0.0172238,0.0172502,0.0172513,0.0172201,0.017252,0.0172348,0.0172343,0.0172706,0.0172442,0.0172217,0.01728,0.0172513,0.0172068,0.0172112,0.0172513,0.0172316,0.0172382,0.0172635,0.0172343,0.0172474,0.0172601,0.0172283,0.0172426,0.0172376]},"pv_cell_parameters":{"voc":{"unit":"V","value":1.07},"isc":{"unit":"mA","value":1.59},"jsc":{"unit":"mA\/cm2","value":17.25},"vopt":{"unit":"mV","value":912.1},"iopt":{"unit":"mA","value":1.49},"pmax":{"unit":"W","value":0.00136},"fill_factor":{"unit":"%","value":79.74},"efficiency":{"unit":"%","value":14.77},"cell_dimension":{"unit":"cm2","value":0.092},"irradiance":{"unit":"mW\/cm2","value":100}},"calculations":{"fitted_isc":{"unit":"mA","value":1.59},"fitted_voc":{"unit":"V","value":1.07},"rshunt":{"unit":"Kohm","value":61.29},"rseries":{"unit":"ohm","value":54.05}},"measurement_conditions":{"sweep_direction":{"unit":"","value":"Reverse"},"nplc":{"unit":"","value":0.1},"voltage_settling_time":{"unit":"s","value":0.01},"configuration_file":{"unit":"","value":"Configuration for I-V meas_R.conf"},"sample_id":{"unit":"","value":"12-4"},"note":{"unit":"","value":"\uc2dc\ub8cc\uc5d0 \uad00\ud55c \ubd80\uac00\uc801\uc778 \uc124\uba85\uc744 \uc774\uacf3\uc5d0 \uc801\uc73c\uc138\uc694. ^^"}},"key":"12-4_20221021","sweep_direction":{"unit":"","value":"Reverse"},"jsc":{"unit":"mA\/cm2","value":17.25},"voc":{"unit":"V","value":1.07},"efficiency":{"unit":"%","value":14.77},"fill_factor":{"unit":"%","value":79.74},"cell_dimension":{"unit":"cm2","value":0.092}},{"V":{"unit":"V","value":[1.3,1.28385,1.2677,1.2515,1.23535,1.2192,1.20305,1.18685,1.1707,1.15455,1.1384,1.1222,1.10605,1.0899,1.07375,1.0576,1.0414,1.02525,1.0091,0.99295,0.97675,0.9606,0.94445,0.9283,0.9121,0.89595,0.8798,0.86365,0.8475,0.8313,0.81515,0.799,0.78285,0.76665,0.7505,0.73435,0.7182,0.702,0.68585,0.6697,0.65355,0.63735,0.6212,0.60505,0.5889,0.57275,0.55655,0.5404,0.52425,0.5081,0.4919,0.47575,0.4596,0.44345,0.42725,0.4111,0.39495,0.3788,0.36265,0.34645,0.3303,0.31415,0.298,0.2818,0.26565,0.2495,0.23335,0.21715,0.201,0.18485,0.1687,0.15255,0.13635,0.1202,0.10405,0.0879,0.0717,0.05555,0.0394,0.02325,0.00705,-0.0091,-0.02525,-0.0414,-0.0576,-0.07375,-0.0899,-0.10605,-0.1222,-0.1384,-0.15455,-0.1707,-0.18685,-0.20305,-0.2192,-0.23535,-0.2515,-0.2677,-0.28385,-0.3]},"I":{"unit":"A","value":[-0.0070053,-0.0069477,-0.00622433,-0.00575092,-0.00511845,-0.00445445,-0.00386172,-0.00331016,-0.00276548,-0.00222439,-0.00170064,-0.0012209,-0.000759214,-0.000365689,4.97699e-6,0.000337943,0.000624627,0.000870541,0.00105241,0.00120072,0.00131619,0.00139938,0.0014524,0.00148755,0.00151223,0.00152613,0.00153646,0.00154658,0.00154622,0.00155254,0.00155628,0.0015583,0.00156048,0.00156185,0.00156569,0.0015662,0.0015665,0.00156787,0.00156635,0.00156711,0.00156903,0.00156639,0.00156821,0.00157055,0.00156888,0.00156999,0.00157318,0.00156984,0.00156675,0.00156933,0.0015709,0.0015673,0.00157005,0.00157222,0.00156944,0.0015706,0.00157212,0.00157146,0.00156781,0.00157085,0.00157449,0.00157172,0.0015744,0.00157353,0.00157277,0.00157495,0.0015718,0.00157379,0.00157231,0.00157332,0.00157373,0.00157231,0.00157499,0.0015747,0.00157398,0.00157545,0.00157338,0.00157423,0.00157434,0.00157394,0.00157282,0.00157571,0.00157262,0.0015756,0.00157632,0.00157474,0.00157565,0.00157732,0.00157611,0.00157364,0.00157621,0.00157767,0.00157531,0.00157793,0.00157774,0.00157727,0.00157833,0.0015785,0.00157934,0.00157616]},"J":{"unit":"A\/cm2","value":[-0.0761446,-0.0755184,-0.0676558,-0.06251,-0.0556353,-0.0484179,-0.0419753,-0.03598,-0.0300595,-0.0241781,-0.0184852,-0.0132706,-0.00825233,-0.00397488,5.40977e-5,0.0036733,0.00678942,0.0094624,0.0114392,0.0130513,0.0143064,0.0152107,0.015787,0.0161691,0.0164373,0.0165884,0.0167006,0.0168106,0.0168067,0.0168754,0.0169161,0.0169381,0.0169617,0.0169766,0.0170184,0.0170239,0.0170272,0.0170421,0.0170255,0.0170338,0.0170547,0.017026,0.0170458,0.0170712,0.0170531,0.0170651,0.0170997,0.0170634,0.0170299,0.0170579,0.0170749,0.0170359,0.0170657,0.0170894,0.0170591,0.0170717,0.0170882,0.0170811,0.0170414,0.0170745,0.017114,0.0170839,0.017113,0.0171036,0.0170954,0.017119,0.0170848,0.0171064,0.0170903,0.0171013,0.0171057,0.0170903,0.0171195,0.0171162,0.0171085,0.0171245,0.017102,0.0171112,0.0171124,0.017108,0.0170958,0.0171273,0.0170937,0.0171261,0.0171339,0.0171167,0.0171266,0.0171448,0.0171316,0.0171047,0.0171328,0.0171486,0.0171229,0.0171514,0.0171493,0.0171443,0.0171558,0.0171576,0.0171668,0.0171321]},"pv_cell_parameters":{"voc":{"unit":"V","value":1.07},"isc":{"unit":"mA","value":1.57},"jsc":{"unit":"mA\/cm2","value":17.1},"vopt":{"unit":"mV","value":928.3000000000001},"iopt":{"unit":"mA","value":1.49},"pmax":{"unit":"W","value":0.00138},"fill_factor":{"unit":"%","value":81.77},"efficiency":{"unit":"%","value":15.01},"cell_dimension":{"unit":"cm2","value":0.092},"irradiance":{"unit":"mW\/cm2","value":100}},"calculations":{"fitted_isc":{"unit":"mA","value":1.57},"fitted_voc":{"unit":"V","value":1.07},"rshunt":{"unit":"Kohm","value":82.78},"rseries":{"unit":"ohm","value":44.16}},"measurement_conditions":{"sweep_direction":{"unit":"","value":"Reverse"},"nplc":{"unit":"","value":0.1},"voltage_settling_time":{"unit":"s","value":0.01},"configuration_file":{"unit":"","value":"Configuration for I-V meas_R.conf"},"sample_id":{"unit":"","value":"12-3"},"note":{"unit":"","value":"\uc2dc\ub8cc\uc5d0 \uad00\ud55c \ubd80\uac00\uc801\uc778 \uc124\uba85\uc744 \uc774\uacf3\uc5d0 \uc801\uc73c\uc138\uc694. ^^"}},"key":"12-3_20221021","sweep_direction":{"unit":"","value":"Reverse"},"jsc":{"unit":"mA\/cm2","value":17.1},"voc":{"unit":"V","value":1.07},"efficiency":{"unit":"%","value":15.01},"fill_factor":{"unit":"%","value":81.77},"cell_dimension":{"unit":"cm2","value":0.092}},{"V":{"unit":"V","value":[1.3,1.28385,1.2677,1.2515,1.23535,1.2192,1.20305,1.18685,1.1707,1.15455,1.1384,1.1222,1.10605,1.0899,1.07375,1.0576,1.0414,1.02525,1.0091,0.99295,0.97675,0.9606,0.94445,0.9283,0.9121,0.89595,0.8798,0.86365,0.8475,0.8313,0.81515,0.799,0.78285,0.76665,0.7505,0.73435,0.7182,0.702,0.68585,0.6697,0.65355,0.63735,0.6212,0.60505,0.5889,0.57275,0.55655,0.5404,0.52425,0.5081,0.4919,0.47575,0.4596,0.44345,0.42725,0.4111,0.39495,0.3788,0.36265,0.34645,0.3303,0.31415,0.298,0.2818,0.26565,0.2495,0.23335,0.21715,0.201,0.18485,0.1687,0.15255,0.13635,0.1202,0.10405,0.0879,0.0717,0.05555,0.0394,0.02325,0.00705,-0.0091,-0.02525,-0.0414,-0.0576,-0.07375,-0.0899,-0.10605,-0.1222,-0.1384,-0.15455,-0.1707,-0.18685,-0.20305,-0.2192,-0.23535,-0.2515,-0.2677,-0.28385,-0.3]},"I":{"unit":"A","value":[-0.00186914,-0.00183952,-0.00170024,-0.0015344,-0.00138506,-0.00123444,-0.00109273,-0.000949308,-0.000812456,-0.00067313,-0.000533193,-0.000393659,-0.000254929,-0.000117481,1.88351e-5,0.00015226,0.000283822,0.000412837,0.000535801,0.000656128,0.000772208,0.000880286,0.000982717,0.00107715,0.00116156,0.00123692,0.00130384,0.00135927,0.00140287,0.00143711,0.00146513,0.00148551,0.00150205,0.00151698,0.00152683,0.00153209,0.00153782,0.00154474,0.00154722,0.00154768,0.00155112,0.00155339,0.00155719,0.00155824,0.00156017,0.00156215,0.00156133,0.00156198,0.00156407,0.00156401,0.00156416,0.00156397,0.00156538,0.00156532,0.00156725,0.00156695,0.00156619,0.00156933,0.00156674,0.00156699,0.00156756,0.00156942,0.00157014,0.00156973,0.00157054,0.00157109,0.00156938,0.0015714,0.00156933,0.00157043,0.00157292,0.00157206,0.00157043,0.00157134,0.00157246,0.0015716,0.00157028,0.00157297,0.00157271,0.00157104,0.00157398,0.00157241,0.00157301,0.00157464,0.001572,0.00157453,0.00156948,0.00157054,0.00157185,0.00157362,0.00157423,0.0015758,0.00157474,0.0015758,0.00157605,0.00157949,0.00157757,0.00157888,0.00158277,0.0015807]},"J":{"unit":"A\/cm2","value":[-0.0203168,-0.0199948,-0.0184808,-0.0166783,-0.015055,-0.0134178,-0.0118775,-0.0103186,-0.00883104,-0.00731663,-0.00579558,-0.0042789,-0.00277097,-0.00127697,0.000204729,0.001655,0.00308503,0.00448736,0.00582392,0.00713183,0.00839357,0.00956833,0.0106817,0.0117081,0.0126257,0.0134447,0.0141721,0.0147747,0.0152486,0.0156208,0.0159253,0.0161469,0.0163267,0.0164889,0.016596,0.0166532,0.0167154,0.0167907,0.0168176,0.0168226,0.01686,0.0168846,0.0169259,0.0169374,0.0169583,0.0169799,0.016971,0.0169781,0.0170008,0.0170001,0.0170017,0.0169996,0.017015,0.0170144,0.0170353,0.017032,0.0170238,0.0170579,0.0170298,0.0170325,0.0170387,0.0170589,0.0170667,0.0170623,0.0170711,0.0170771,0.0170584,0.0170805,0.0170579,0.0170699,0.017097,0.0170876,0.0170699,0.0170798,0.017092,0.0170826,0.0170683,0.0170975,0.0170947,0.0170766,0.0171085,0.0170915,0.0170979,0.0171156,0.0170869,0.0171145,0.0170596,0.0170711,0.0170853,0.0171046,0.0171112,0.0171282,0.0171167,0.0171282,0.017131,0.0171684,0.0171475,0.0171618,0.017204,0.0171815]},"pv_cell_parameters":{"voc":{"unit":"V","value":1.07},"isc":{"unit":"mA","value":1.57},"jsc":{"unit":"mA\/cm2","value":17.11},"vopt":{"unit":"mV","value":831.3},"iopt":{"unit":"mA","value":1.44},"pmax":{"unit":"W","value":0.0011899999999999999},"fill_factor":{"unit":"%","value":70.69},"efficiency":{"unit":"%","value":12.99},"cell_dimension":{"unit":"cm2","value":0.092},"irradiance":{"unit":"mW\/cm2","value":100}},"calculations":{"fitted_isc":{"unit":"mA","value":1.57},"fitted_voc":{"unit":"V","value":1.08},"rshunt":{"unit":"Kohm","value":82.09},"rseries":{"unit":"ohm","value":119.86}},"measurement_conditions":{"sweep_direction":{"unit":"","value":"Reverse"},"nplc":{"unit":"","value":0.1},"voltage_settling_time":{"unit":"s","value":0.01},"configuration_file":{"unit":"","value":"Configuration for I-V meas_R.conf"},"sample_id":{"unit":"","value":"12-2"},"note":{"unit":"","value":"\uc2dc\ub8cc\uc5d0 \uad00\ud55c \ubd80\uac00\uc801\uc778 \uc124\uba85\uc744 \uc774\uacf3\uc5d0 \uc801\uc73c\uc138\uc694. ^^"}},"key":"12-2_20221021","sweep_direction":{"unit":"","value":"Reverse"},"jsc":{"unit":"mA\/cm2","value":17.11},"voc":{"unit":"V","value":1.07},"efficiency":{"unit":"%","value":12.99},"fill_factor":{"unit":"%","value":70.69},"cell_dimension":{"unit":"cm2","value":0.092}},{"V":{"unit":"V","value":[1.3,1.28385,1.2677,1.2515,1.23535,1.2192,1.20305,1.18685,1.1707,1.15455,1.1384,1.1222,1.10605,1.0899,1.07375,1.0576,1.0414,1.02525,1.0091,0.99295,0.97675,0.9606,0.94445,0.9283,0.9121,0.89595,0.8798,0.86365,0.8475,0.8313,0.81515,0.799,0.78285,0.76665,0.7505,0.73435,0.7182,0.702,0.68585,0.6697,0.65355,0.63735,0.6212,0.60505,0.5889,0.57275,0.55655,0.5404,0.52425,0.5081,0.4919,0.47575,0.4596,0.44345,0.42725,0.4111,0.39495,0.3788,0.36265,0.34645,0.3303,0.31415,0.298,0.2818,0.26565,0.2495,0.23335,0.21715,0.201,0.18485,0.1687,0.15255,0.13635,0.1202,0.10405,0.0879,0.0717,0.05555,0.0394,0.02325,0.00705,-0.0091,-0.02525,-0.0414,-0.0576,-0.07375,-0.0899,-0.10605,-0.1222,-0.1384,-0.15455,-0.1707,-0.18685,-0.20305,-0.2192,-0.23535,-0.2515,-0.2677,-0.28385,-0.3]},"I":{"unit":"A","value":[-0.00222811,-0.00215377,-0.00204565,-0.00194126,-0.00182159,-0.00170603,-0.0015887,-0.00147133,-0.001359,-0.00123085,-0.00112049,-0.001019,-0.000924677,-0.000839814,-0.000764057,-0.00067848,-0.000612438,-0.000542283,-0.000540972,-0.000467837,-0.000422582,-0.000378028,-0.00032346,-0.000277981,-0.000243694,-0.000205666,-0.000164807,-0.000125512,-8.55029e-5,-5.03063e-5,-1.34409e-5,1.55419e-5,3.98755e-5,7.30455e-5,9.63211e-5,0.000126719,0.000154942,0.000191957,0.000216544,0.000239611,0.000273243,0.000300094,0.000329032,0.000359327,0.000386685,0.000418708,0.000441611,0.000467509,0.000498816,0.00052619,0.000551522,0.000581369,0.000607267,0.000635326,0.000658289,0.000686511,0.000716716,0.000736788,0.00076355,0.000790402,0.000812352,0.000833958,0.000860363,0.000883579,0.000905782,0.000930607,0.000951305,0.00095889,0.000984326,0.00100638,0.00102858,0.00105473,0.00108098,0.00110728,0.00113167,0.00115822,0.00118026,0.00120394,0.00122963,0.0012539,0.00127718,0.00130135,0.00132518,0.00135001,0.00137383,0.00139856,0.00142203,0.00144455,0.00146584,0.00148921,0.00151135,0.00153917,0.00156097,0.001586,0.00161155,0.00163668,0.00166106,0.00168747,0.00171837,0.00174281]},"J":{"unit":"A\/cm2","value":[-0.0242186,-0.0234105,-0.0222353,-0.0211007,-0.0197999,-0.0185438,-0.0172685,-0.0159927,-0.0147718,-0.0133788,-0.0121793,-0.0110761,-0.0100508,-0.00912842,-0.00830497,-0.00737478,-0.00665693,-0.00589438,-0.00588013,-0.00508518,-0.00459328,-0.004109,-0.00351586,-0.00302153,-0.00264884,-0.0022355,-0.00179138,-0.00136427,-0.000929379,-0.000546808,-0.000146096,0.000168934,0.000433429,0.000793973,0.00104697,0.00137739,0.00168416,0.00208649,0.00235374,0.00260446,0.00297003,0.0032619,0.00357644,0.00390572,0.0042031,0.00455117,0.00480012,0.00508162,0.00542192,0.00571945,0.0059948,0.00631923,0.00660073,0.00690572,0.00715531,0.00746208,0.00779039,0.00800856,0.00829946,0.00859133,0.00882991,0.00906477,0.00935177,0.00960412,0.00984546,0.0101153,0.0103403,0.0104227,0.0106992,0.0109389,0.0111802,0.0114645,0.0117497,0.0120356,0.0123008,0.0125894,0.0128289,0.0130863,0.0133655,0.0136294,0.0138824,0.0141451,0.0144041,0.0146741,0.0149329,0.0152018,0.0154569,0.0157016,0.0159331,0.016187,0.0164277,0.0167301,0.0169671,0.0172392,0.0175168,0.01779,0.018055,0.018342,0.018678,0.0189436]},"pv_cell_parameters":{"voc":{"unit":"V","value":0.81515},"isc":{"unit":"mA","value":1.28},"jsc":{"unit":"mA\/cm2","value":13.880000000000003},"vopt":{"unit":"mV","value":394.95000000000005},"iopt":{"unit":"mA","value":0.71672},"pmax":{"unit":"W","value":0.00028306999999999996},"fill_factor":{"unit":"%","value":27.19},"efficiency":{"unit":"%","value":3.08},"cell_dimension":{"unit":"cm2","value":0.092},"irradiance":{"unit":"mW\/cm2","value":100}},"calculations":{"fitted_isc":{"unit":"mA","value":1.29},"fitted_voc":{"unit":"V","value":0.80303},"rshunt":{"unit":"Kohm","value":0.68415},"rseries":{"unit":"ohm","value":480.52}},"measurement_conditions":{"sweep_direction":{"unit":"","value":"Reverse"},"nplc":{"unit":"","value":0.1},"voltage_settling_time":{"unit":"s","value":0.01},"configuration_file":{"unit":"","value":"Configuration for I-V meas_R.conf"},"sample_id":{"unit":"","value":"12-1"},"note":{"unit":"","value":"\uc2dc\ub8cc\uc5d0 \uad00\ud55c \ubd80\uac00\uc801\uc778 \uc124\uba85\uc744 \uc774\uacf3\uc5d0 \uc801\uc73c\uc138\uc694. ^^"}},"key":"12-1_20221021","sweep_direction":{"unit":"","value":"Reverse"},"jsc":{"unit":"mA\/cm2","value":13.880000000000003},"voc":{"unit":"V","value":0.81515},"efficiency":{"unit":"%","value":3.08},"fill_factor":{"unit":"%","value":27.19},"cell_dimension":{"unit":"cm2","value":0.092}},{"V":{"unit":"V","value":[1.3,1.28385,1.2677,1.2515,1.23535,1.2192,1.20305,1.18685,1.1707,1.15455,1.1384,1.1222,1.10605,1.0899,1.07375,1.0576,1.0414,1.02525,1.0091,0.99295,0.97675,0.9606,0.94445,0.9283,0.9121,0.89595,0.8798,0.86365,0.8475,0.8313,0.81515,0.799,0.78285,0.76665,0.7505,0.73435,0.7182,0.702,0.68585,0.6697,0.65355,0.63735,0.6212,0.60505,0.5889,0.57275,0.55655,0.5404,0.52425,0.5081,0.4919,0.47575,0.4596,0.44345,0.42725,0.4111,0.39495,0.3788,0.36265,0.34645,0.3303,0.31415,0.298,0.2818,0.26565,0.2495,0.23335,0.21715,0.201,0.18485,0.1687,0.15255,0.13635,0.1202,0.10405,0.0879,0.0717,0.05555,0.0394,0.02325,0.00705,-0.0091,-0.02525,-0.0414,-0.0576,-0.07375,-0.0899,-0.10605,-0.1222,-0.1384,-0.15455,-0.1707,-0.18685,-0.20305,-0.2192,-0.23535,-0.2515,-0.2677,-0.28385,-0.3]},"I":{"unit":"A","value":[-0.00346477,-0.00353326,-0.0033084,-0.00300679,-0.00269616,-0.00238548,-0.00207831,-0.00177537,-0.00148007,-0.00119165,-0.000911728,-0.000638932,-0.000375077,-0.000123739,0.000115082,0.000341073,0.000549704,0.00073801,0.00090684,0.00104892,0.00116818,0.00126579,0.00134277,0.00140049,0.00144221,0.00147641,0.00149766,0.00151409,0.00152531,0.00153351,0.00153999,0.00154933,0.00155459,0.00155404,0.00156295,0.00156634,0.00156735,0.00157291,0.00157312,0.00157291,0.00157447,0.00157589,0.00157852,0.0015804,0.00158089,0.00158186,0.00158651,0.00158829,0.0015855,0.00158733,0.001589,0.00159031,0.00159031,0.00159293,0.00159365,0.00159536,0.00159384,0.0015976,0.00159927,0.0015987,0.00160261,0.00160219,0.00160392,0.00160664,0.00160634,0.00160645,0.00160953,0.00160988,0.00161085,0.00161266,0.00161135,0.00161322,0.00161469,0.00161499,0.0016163,0.00161959,0.00161873,0.00161691,0.00162137,0.00162096,0.00162228,0.00162481,0.00162274,0.00162749,0.00162728,0.0016283,0.00162815,0.00163011,0.00163294,0.00163092,0.00163051,0.00163639,0.00163548,0.00163674,0.00163801,0.00163968,0.00164019,0.00164002,0.00164559,0.00164281]},"J":{"unit":"A\/cm2","value":[-0.0376606,-0.038405,-0.0359609,-0.0326825,-0.0293061,-0.0259292,-0.0225903,-0.0192975,-0.0160877,-0.0129527,-0.00991008,-0.00694491,-0.00407693,-0.00134499,0.00125089,0.00370731,0.00597504,0.00802185,0.00985696,0.0114013,0.0126976,0.0137586,0.0145954,0.0152227,0.0156762,0.0160479,0.0162789,0.0164575,0.0165795,0.0166686,0.016739,0.0168406,0.0168977,0.0168918,0.0169886,0.0170254,0.0170364,0.0170968,0.0170991,0.0170968,0.0171138,0.0171292,0.0171579,0.0171783,0.0171836,0.0171942,0.0172447,0.017264,0.0172337,0.0172536,0.0172717,0.017286,0.017286,0.0173145,0.0173223,0.0173409,0.0173244,0.0173652,0.0173833,0.0173772,0.0174196,0.0174151,0.0174339,0.0174635,0.0174603,0.0174614,0.0174949,0.0174987,0.0175092,0.0175289,0.0175147,0.0175349,0.017551,0.0175542,0.0175685,0.0176043,0.0175949,0.0175751,0.0176235,0.0176192,0.0176334,0.017661,0.0176384,0.0176901,0.0176878,0.0176989,0.0176972,0.0177186,0.0177494,0.0177274,0.017723,0.0177868,0.0177769,0.0177907,0.0178045,0.0178226,0.0178281,0.0178263,0.0178869,0.0178566]},"pv_cell_parameters":{"voc":{"unit":"V","value":1.07},"isc":{"unit":"mA","value":1.62},"jsc":{"unit":"mA\/cm2","value":17.63},"vopt":{"unit":"mV","value":895.95},"iopt":{"unit":"mA","value":1.48},"pmax":{"unit":"W","value":0.00132},"fill_factor":{"unit":"%","value":75.94},"efficiency":{"unit":"%","value":14.38},"cell_dimension":{"unit":"cm2","value":0.092},"irradiance":{"unit":"mW\/cm2","value":100}},"calculations":{"fitted_isc":{"unit":"mA","value":1.62},"fitted_voc":{"unit":"V","value":1.08},"rshunt":{"unit":"Kohm","value":15.27},"rseries":{"unit":"ohm","value":68.79}},"measurement_conditions":{"sweep_direction":{"unit":"","value":"Reverse"},"nplc":{"unit":"","value":0.1},"voltage_settling_time":{"unit":"s","value":0.01},"configuration_file":{"unit":"","value":"Configuration for I-V meas_R.conf"},"sample_id":{"unit":"","value":"10-4"},"note":{"unit":"","value":"\uc2dc\ub8cc\uc5d0 \uad00\ud55c \ubd80\uac00\uc801\uc778 \uc124\uba85\uc744 \uc774\uacf3\uc5d0 \uc801\uc73c\uc138\uc694. ^^"}},"key":"10-4_20221021","sweep_direction":{"unit":"","value":"Reverse"},"jsc":{"unit":"mA\/cm2","value":17.63},"voc":{"unit":"V","value":1.07},"efficiency":{"unit":"%","value":14.38},"fill_factor":{"unit":"%","value":75.94},"cell_dimension":{"unit":"cm2","value":0.092}},{"V":{"unit":"V","value":[1.3,1.28385,1.2677,1.2515,1.23535,1.2192,1.20305,1.18685,1.1707,1.15455,1.1384,1.1222,1.10605,1.0899,1.07375,1.0576,1.0414,1.02525,1.0091,0.99295,0.97675,0.9606,0.94445,0.9283,0.9121,0.89595,0.8798,0.86365,0.8475,0.8313,0.81515,0.799,0.78285,0.76665,0.7505,0.73435,0.7182,0.702,0.68585,0.6697,0.65355,0.63735,0.6212,0.60505,0.5889,0.57275,0.55655,0.5404,0.52425,0.5081,0.4919,0.47575,0.4596,0.44345,0.42725,0.4111,0.39495,0.3788,0.36265,0.34645,0.3303,0.31415,0.298,0.2818,0.26565,0.2495,0.23335,0.21715,0.201,0.18485,0.1687,0.15255,0.13635,0.1202,0.10405,0.0879,0.0717,0.05555,0.0394,0.02325,0.00705,-0.0091,-0.02525,-0.0414,-0.0576,-0.07375,-0.0899,-0.10605,-0.1222,-0.1384,-0.15455,-0.1707,-0.18685,-0.20305,-0.2192,-0.23535,-0.2515,-0.2677,-0.28385,-0.3]},"I":{"unit":"A","value":[-0.00665478,-0.00751858,-0.00718439,-0.00649391,-0.0057362,-0.00497407,-0.0042327,-0.00351819,-0.00284198,-0.00220692,-0.00161,-0.00105657,-0.00056459,-0.000128686,0.000246078,0.000553146,0.000806496,0.000994891,0.00112989,0.00122654,0.00130859,0.00136453,0.00139543,0.00142805,0.0014495,0.00145976,0.00147201,0.00147717,0.00148602,0.00149386,0.00150266,0.00151019,0.00151631,0.00152183,0.00152476,0.00153021,0.00153042,0.00152835,0.00152987,0.00153133,0.00153412,0.00153706,0.00153801,0.00154039,0.00154458,0.00154565,0.00154783,0.00154842,0.00154701,0.00154813,0.00154802,0.00155197,0.00155349,0.00155167,0.00155415,0.00155607,0.00155415,0.00155702,0.00155693,0.00155476,0.00155586,0.00155799,0.00155702,0.00155854,0.00156017,0.0015592,0.00156315,0.00156471,0.00156274,0.0015635,0.00156426,0.00156689,0.00156547,0.00156583,0.0015683,0.001568,0.00157048,0.00156871,0.00157054,0.00156851,0.0015718,0.00157261,0.00157037,0.00157478,0.00157468,0.00157246,0.00157478,0.00157438,0.00157504,0.00157534,0.00157645,0.00157675,0.00157842,0.00157523,0.00157979,0.00158465,0.00158419,0.00158444,0.0015851,0.00159334]},"J":{"unit":"A\/cm2","value":[-0.0723346,-0.0817237,-0.0780912,-0.070586,-0.06235,-0.0540659,-0.0460077,-0.0382412,-0.0308911,-0.0239883,-0.0175,-0.0114844,-0.00613685,-0.00139877,0.00267476,0.00601246,0.00876626,0.010814,0.0122815,0.013332,0.0142238,0.0148318,0.0151678,0.0155223,0.0157554,0.015867,0.0160001,0.0160562,0.0161524,0.0162376,0.0163333,0.0164151,0.0164817,0.0165416,0.0165735,0.0166328,0.016635,0.0166125,0.016629,0.0166449,0.0166752,0.0167071,0.0167175,0.0167434,0.0167889,0.0168006,0.0168242,0.0168307,0.0168153,0.0168275,0.0168263,0.0168693,0.0168858,0.016866,0.0168929,0.0169138,0.0168929,0.0169242,0.0169232,0.0168995,0.0169115,0.0169347,0.0169242,0.0169407,0.0169583,0.0169478,0.0169907,0.0170077,0.0169863,0.0169946,0.0170029,0.0170314,0.017016,0.0170199,0.0170468,0.0170435,0.0170704,0.0170511,0.0170711,0.017049,0.0170848,0.0170936,0.0170693,0.0171172,0.0171161,0.017092,0.0171172,0.0171128,0.01712,0.0171232,0.0171354,0.0171386,0.0171567,0.0171221,0.0171716,0.0172244,0.0172194,0.0172222,0.0172293,0.0173189]},"pv_cell_parameters":{"voc":{"unit":"V","value":1.09},"isc":{"unit":"mA","value":1.57},"jsc":{"unit":"mA\/cm2","value":17.08},"vopt":{"unit":"mV","value":928.3000000000001},"iopt":{"unit":"mA","value":1.4300000000000002},"pmax":{"unit":"W","value":0.00133},"fill_factor":{"unit":"%","value":77.38},"efficiency":{"unit":"%","value":14.41},"cell_dimension":{"unit":"cm2","value":0.092},"irradiance":{"unit":"mW\/cm2","value":100}},"calculations":{"fitted_isc":{"unit":"mA","value":1.57},"fitted_voc":{"unit":"V","value":1.08},"rshunt":{"unit":"Kohm","value":40.03},"rseries":{"unit":"ohm","value":37.67}},"measurement_conditions":{"sweep_direction":{"unit":"","value":"Reverse"},"nplc":{"unit":"","value":0.1},"voltage_settling_time":{"unit":"s","value":0.01},"configuration_file":{"unit":"","value":"Configuration for I-V meas_R.conf"},"sample_id":{"unit":"","value":"10-3"},"note":{"unit":"","value":"\uc2dc\ub8cc\uc5d0 \uad00\ud55c \ubd80\uac00\uc801\uc778 \uc124\uba85\uc744 \uc774\uacf3\uc5d0 \uc801\uc73c\uc138\uc694. ^^"}},"key":"10-3_20221021","sweep_direction":{"unit":"","value":"Reverse"},"jsc":{"unit":"mA\/cm2","value":17.08},"voc":{"unit":"V","value":1.09},"efficiency":{"unit":"%","value":14.41},"fill_factor":{"unit":"%","value":77.38},"cell_dimension":{"unit":"cm2","value":0.092}},{"V":{"unit":"V","value":[1.3,1.28385,1.2677,1.2515,1.23535,1.2192,1.20305,1.18685,1.1707,1.15455,1.1384,1.1222,1.10605,1.0899,1.07375,1.0576,1.0414,1.02525,1.0091,0.99295,0.97675,0.9606,0.94445,0.9283,0.9121,0.89595,0.8798,0.86365,0.8475,0.8313,0.81515,0.799,0.78285,0.76665,0.7505,0.73435,0.7182,0.702,0.68585,0.6697,0.65355,0.63735,0.6212,0.60505,0.5889,0.57275,0.55655,0.5404,0.52425,0.5081,0.4919,0.47575,0.4596,0.44345,0.42725,0.4111,0.39495,0.3788,0.36265,0.34645,0.3303,0.31415,0.298,0.2818,0.26565,0.2495,0.23335,0.21715,0.201,0.18485,0.1687,0.15255,0.13635,0.1202,0.10405,0.0879,0.0717,0.05555,0.0394,0.02325,0.00705,-0.0091,-0.02525,-0.0414,-0.0576,-0.07375,-0.0899,-0.10605,-0.1222,-0.1384,-0.15455,-0.1707,-0.18685,-0.20305,-0.2192,-0.23535,-0.2515,-0.2677,-0.28385,-0.3]},"I":{"unit":"A","value":[-0.00405744,-0.00405689,-0.00361452,-0.00346866,-0.00332285,-0.00309683,-0.00271486,-0.00230849,-0.00190957,-0.00151499,-0.00113876,-0.000774577,-0.000432298,-0.00011459,0.000182152,0.00044997,0.00069128,0.000902593,0.00107214,0.00120936,0.00132048,0.00140212,0.00145866,0.00149924,0.00152765,0.00154622,0.00156154,0.00156882,0.0015756,0.00157864,0.00158446,0.00158566,0.00158961,0.00159209,0.00159366,0.00159508,0.00159745,0.00159791,0.00159477,0.00159675,0.00159603,0.0015976,0.00160013,0.00159694,0.00159918,0.00160125,0.0015972,0.00160085,0.00159903,0.00160155,0.00159887,0.00159927,0.00160231,0.00159948,0.00160053,0.00160383,0.00160044,0.00160186,0.00160277,0.00160114,0.0016018,0.00160353,0.00160292,0.00160241,0.00160524,0.00160129,0.00160186,0.00160636,0.00160135,0.00160271,0.00160186,0.00160554,0.00160444,0.00160353,0.00160403,0.00160514,0.00160332,0.00160372,0.00160387,0.00160408,0.00160717,0.00160484,0.00160368,0.00160626,0.001606,0.00160524,0.0016059,0.00160499,0.00160296,0.00160286,0.00160474,0.00160535,0.00160514,0.00160579,0.00160494,0.00160752,0.00160651,0.00160564,0.00160494,0.00160529]},"J":{"unit":"A\/cm2","value":[-0.0441026,-0.0440966,-0.0392882,-0.0377029,-0.036118,-0.0336612,-0.0295093,-0.0250923,-0.0207562,-0.0164672,-0.0123778,-0.00841932,-0.00469889,-0.00124554,0.00197991,0.00489098,0.00751391,0.00981079,0.0116537,0.0131453,0.0143531,0.0152405,0.015855,0.016296,0.0166049,0.0168067,0.0169732,0.0170524,0.0171261,0.0171592,0.0172223,0.0172355,0.0172784,0.0173053,0.0173224,0.0173378,0.0173636,0.0173686,0.0173344,0.017356,0.0173482,0.0173652,0.0173927,0.0173581,0.0173824,0.0174049,0.0173608,0.0174005,0.0173808,0.0174081,0.017379,0.0173833,0.0174164,0.0173856,0.0173971,0.0174329,0.0173961,0.0174115,0.0174214,0.0174037,0.0174109,0.0174297,0.017423,0.0174175,0.0174483,0.0174054,0.0174115,0.0174604,0.017406,0.0174207,0.0174115,0.0174515,0.0174395,0.0174297,0.0174352,0.0174472,0.0174274,0.0174318,0.0174334,0.0174357,0.0174692,0.0174439,0.0174313,0.0174593,0.0174565,0.0174483,0.0174554,0.0174455,0.0174235,0.0174224,0.0174428,0.0174494,0.0174472,0.0174543,0.017445,0.0174731,0.0174621,0.0174527,0.017445,0.0174488]},"pv_cell_parameters":{"voc":{"unit":"V","value":1.09},"isc":{"unit":"mA","value":1.61},"jsc":{"unit":"mA\/cm2","value":17.47},"vopt":{"unit":"mV","value":912.1},"iopt":{"unit":"mA","value":1.53},"pmax":{"unit":"W","value":0.00139},"fill_factor":{"unit":"%","value":79.55},"efficiency":{"unit":"%","value":15.15},"cell_dimension":{"unit":"cm2","value":0.092},"irradiance":{"unit":"mW\/cm2","value":100}},"calculations":{"fitted_isc":{"unit":"mA","value":1.61},"fitted_voc":{"unit":"V","value":1.08},"rshunt":{"unit":"Kohm","value":56.52},"rseries":{"unit":"ohm","value":51.39}},"measurement_conditions":{"sweep_direction":{"unit":"","value":"Reverse"},"nplc":{"unit":"","value":0.1},"voltage_settling_time":{"unit":"s","value":0.01},"configuration_file":{"unit":"","value":"Configuration for I-V meas_R.conf"},"sample_id":{"unit":"","value":"10-2"},"note":{"unit":"","value":"\uc2dc\ub8cc\uc5d0 \uad00\ud55c \ubd80\uac00\uc801\uc778 \uc124\uba85\uc744 \uc774\uacf3\uc5d0 \uc801\uc73c\uc138\uc694. ^^"}},"key":"10-2_20221021","sweep_direction":{"unit":"","value":"Reverse"},"jsc":{"unit":"mA\/cm2","value":17.47},"voc":{"unit":"V","value":1.09},"efficiency":{"unit":"%","value":15.15},"fill_factor":{"unit":"%","value":79.55},"cell_dimension":{"unit":"cm2","value":0.092}},{"V":{"unit":"V","value":[1.3,1.28385,1.2677,1.2515,1.23535,1.2192,1.20305,1.18685,1.1707,1.15455,1.1384,1.1222,1.10605,1.0899,1.07375,1.0576,1.0414,1.02525,1.0091,0.99295,0.97675,0.9606,0.94445,0.9283,0.9121,0.89595,0.8798,0.86365,0.8475,0.8313,0.81515,0.799,0.78285,0.76665,0.7505,0.73435,0.7182,0.702,0.68585,0.6697,0.65355,0.63735,0.6212,0.60505,0.5889,0.57275,0.55655,0.5404,0.52425,0.5081,0.4919,0.47575,0.4596,0.44345,0.42725,0.4111,0.39495,0.3788,0.36265,0.34645,0.3303,0.31415,0.298,0.2818,0.26565,0.2495,0.23335,0.21715,0.201,0.18485,0.1687,0.15255,0.13635,0.1202,0.10405,0.0879,0.0717,0.05555,0.0394,0.02325,0.00705,-0.0091,-0.02525,-0.0414,-0.0576,-0.07375,-0.0899,-0.10605,-0.1222,-0.1384,-0.15455,-0.1707,-0.18685,-0.20305,-0.2192,-0.23535,-0.2515,-0.2677,-0.28385,-0.3]},"I":{"unit":"A","value":[-0.00582005,-0.00662751,-0.00637096,-0.00575811,-0.00507854,-0.00439954,-0.00373845,-0.00310293,-0.00249605,-0.0019235,-0.00138661,-0.00088568,-0.000429705,-1.8388e-5,0.000341117,0.000648484,0.000901282,0.00110062,0.0012532,0.00135405,0.0014277,0.00148055,0.00151192,0.00153807,0.00155313,0.00156103,0.00156826,0.00157519,0.0015765,0.00157493,0.00157994,0.00158425,0.00158469,0.00158566,0.00158662,0.00158834,0.00159077,0.00158875,0.00158875,0.00158687,0.0015891,0.00158778,0.00159031,0.00159152,0.0015894,0.00159274,0.00159361,0.00159077,0.00159416,0.00159228,0.00159143,0.00159209,0.00159118,0.00159274,0.00159219,0.00159329,0.00159441,0.00159128,0.00159553,0.00159369,0.00159042,0.00159445,0.00159562,0.00159219,0.00159441,0.00159492,0.00159344,0.00159274,0.00159658,0.00159325,0.00159103,0.00159542,0.00159532,0.00159401,0.00159658,0.00159521,0.0015972,0.00159714,0.00159623,0.00159532,0.00159578,0.00159779,0.00159891,0.00159492,0.00160007,0.00159785,0.00159633,0.00159881,0.0015976,0.00159678,0.00159608,0.00159728,0.00159815,0.00159785,0.00159895,0.00159714,0.00159946,0.00159952,0.00159703,0.00159855]},"J":{"unit":"A\/cm2","value":[-0.0632614,-0.0720382,-0.0692496,-0.0625881,-0.0552015,-0.0478211,-0.0406353,-0.0337275,-0.027131,-0.0209076,-0.0150719,-0.00962696,-0.0046707,-0.00019987,0.0037078,0.00704873,0.00979654,0.0119632,0.0136218,0.014718,0.0155184,0.0160929,0.0164339,0.0167181,0.0168819,0.0169677,0.0170463,0.0171216,0.0171358,0.0171188,0.0171733,0.0172201,0.0172249,0.0172355,0.0172458,0.0172646,0.017291,0.017269,0.017269,0.0172486,0.0172729,0.0172585,0.017286,0.0172991,0.0172761,0.0173124,0.0173218,0.017291,0.0173278,0.0173074,0.0172981,0.0173053,0.0172954,0.0173124,0.0173064,0.0173184,0.0173305,0.0172965,0.0173427,0.0173228,0.0172871,0.017331,0.0173437,0.0173064,0.0173305,0.017336,0.01732,0.0173124,0.0173542,0.0173179,0.0172938,0.0173416,0.0173404,0.0173262,0.0173542,0.0173393,0.0173608,0.0173602,0.0173503,0.0173404,0.0173454,0.0173673,0.0173794,0.017336,0.0173921,0.017368,0.0173514,0.0173783,0.0173652,0.0173563,0.0173487,0.0173618,0.0173712,0.017368,0.0173799,0.0173602,0.0173854,0.0173861,0.017359,0.0173756]},"pv_cell_parameters":{"voc":{"unit":"V","value":1.09},"isc":{"unit":"mA","value":1.6},"jsc":{"unit":"mA\/cm2","value":17.35},"vopt":{"unit":"mV","value":944.45},"iopt":{"unit":"mA","value":1.51},"pmax":{"unit":"W","value":0.00143},"fill_factor":{"unit":"%","value":82.1},"efficiency":{"unit":"%","value":15.52},"cell_dimension":{"unit":"cm2","value":0.092},"irradiance":{"unit":"mW\/cm2","value":100}},"calculations":{"fitted_isc":{"unit":"mA","value":1.6},"fitted_voc":{"unit":"V","value":1.08},"rshunt":{"unit":"Kohm","value":291.52},"rseries":{"unit":"ohm","value":40.15}},"measurement_conditions":{"sweep_direction":{"unit":"","value":"Reverse"},"nplc":{"unit":"","value":0.1},"voltage_settling_time":{"unit":"s","value":0.01},"configuration_file":{"unit":"","value":"Configuration for I-V meas_R.conf"},"sample_id":{"unit":"","value":"10-1"},"note":{"unit":"","value":"\uc2dc\ub8cc\uc5d0 \uad00\ud55c \ubd80\uac00\uc801\uc778 \uc124\uba85\uc744 \uc774\uacf3\uc5d0 \uc801\uc73c\uc138\uc694. ^^"}},"key":"10-1_20221021","sweep_direction":{"unit":"","value":"Reverse"},"jsc":{"unit":"mA\/cm2","value":17.35},"voc":{"unit":"V","value":1.09},"efficiency":{"unit":"%","value":15.52},"fill_factor":{"unit":"%","value":82.1},"cell_dimension":{"unit":"cm2","value":0.092}}]}}