{"_id":"63bb644107c72430266cfcdd","id":"KRICT-SC-00766","author":56,"input":[{"tco":{"unit":null,"value":"ITO"}},{"htl":[{"material":{"unit":null,"value":"NiO"},"concentration":{"unit":null,"value":"None"},"conc_unit":{"unit":null,"value":"None"},"quantity":{"unit":"ml","value":"None"}},{"material":{"unit":null,"value":"Me-4PACz"},"concentration":{"unit":null,"value":"0.15"},"conc_unit":{"unit":null,"value":"mg\/ml"},"quantity":{"unit":"ml","value":"None"}}],"annealing":[{"temperature":{"unit":"oC","value":"250"},"time":{"unit":"m","value":"90"}},{"temperature":{"unit":"oC","value":"100"},"time":{"unit":"m","value":"10"}}],"condition":{"unit":null,"value":"air"}},{"condition":{"unit":null,"value":"air"},"perovskite":{"method":{"unit":null,"value":"1step"},"molarity":{"unit":"M","value":"1.5M"},"a_site":[{"material":{"unit":null,"value":"Cs"},"ratio":{"unit":null,"value":"5"}},{"material":{"unit":null,"value":"MA"},"ratio":{"unit":null,"value":"15"}},{"material":{"unit":null,"value":"FA"},"ratio":{"unit":null,"value":"85"}}],"b_site":[{"material":{"unit":null,"value":"Pb"},"ratio":{"unit":null,"value":"100"}},{"material":{"unit":null,"value":"Sn"},"ratio":{"unit":null,"value":"0"}}],"x_site":[{"material":{"unit":null,"value":"I"},"ratio":{"unit":null,"value":"80"}},{"material":{"unit":null,"value":"Br"},"ratio":{"unit":null,"value":"20"}},{"material":{"unit":null,"value":"Cl"},"ratio":{"unit":null,"value":"0"}}],"solvent":[{"material":{"unit":null,"value":"DMF"},"volume":{"unit":"ml","value":"0.8"}},{"material":{"unit":null,"value":"DMSO"},"volume":{"unit":"ml","value":"0.2"}},{"material":{"unit":null,"value":"none"},"volume":{"unit":"ml","value":"0"}}],"antisolvent":[{"material":{"unit":null,"value":"DEE"},"quantity":{"unit":"ul","value":"1000"},"dripping_time":{"unit":"s","value":"30"}}],"annealing":[{"temperature":{"unit":"oC","value":"100"},"time":{"unit":"m","value":"60"}}],"spin_coating":[{"type":{"unit":null,"value":"drop&run"},"rpm":{"unit":null,"value":"500"},"time":{"unit":"s","value":"5"}},{"type":{"unit":null,"value":"drop&run"},"rpm":{"unit":null,"value":"1000"},"time":{"unit":"s","value":"8"}},{"type":{"unit":null,"value":"drop&run"},"rpm":{"unit":null,"value":"5000"},"time":{"unit":"s","value":"30"}}]}},{"perovskite_treatment":[{"material":{"unit":null,"value":"MABr"},"concentration":{"unit":null,"value":"1"},"conc_unit":{"unit":null,"value":"mg\/ml"},"quantity":{"unit":"ml","value":null}},{"material":{"unit":null,"value":"MACl"},"concentration":{"unit":null,"value":"1"},"conc_unit":{"unit":null,"value":"mg\/ml"},"quantity":{"unit":"ml","value":null}}],"annealing":[{"temperature":{"unit":"oC","value":"100"},"time":{"unit":"m","value":"10"}},{"temperature":{"unit":"oC","value":"100"},"time":{"unit":"m","value":"10"}}],"spin_coating":[{"type":{"unit":null,"value":"dynamic"},"rpm":{"unit":null,"value":"5000"},"time":{"unit":"s","value":"30"}},{"type":{"unit":null,"value":"drop&run"},"rpm":{"unit":null,"value":"5000"},"time":{"unit":"s","value":"30"}}],"condition":{"unit":null,"value":"air"}},{"etl":[{"material":{"unit":null,"value":"C60"},"concentration":{"unit":null,"value":"None"},"conc_unit":{"unit":null,"value":"mg\/ml"},"quantity":{"unit":"ml","value":"None"}}],"thermal_evaporation":[{"vacuum_evaporation_thickness":{"unit":"nm","value":"15"},"evaporation_rate":{"unit":"\u00c5\/s","value":"0.15"},"vacuum_pressure":{"unit":"uTorr","value":"0.8"}}]},{"blocking_buffer_layer":[{"material":{"unit":null,"value":"BCP"},"concentration":{"unit":null,"value":"None"},"conc_unit":{"unit":null,"value":"None"},"quantity":{"unit":"ml","value":"None"}}],"thermal_evaporation":[{"vacuum_evaporation_thickness":{"unit":"nm","value":"5"},"evaporation_rate":{"unit":"\u00c5\/s","value":"0.1"},"vacuum_pressure":{"unit":"uTorr","value":"0.8"}}]},{"anode_metal":{"unit":null,"value":"Ag"},"condition":{"unit":null,"value":"glove-box"}},{"note":{"unit":null,"value":"20240412"},"ar":{"unit":null,"value":"0"},"type":{"unit":null,"value":"unit_cell"},"device_type":{"unit":null,"value":"p-i-n"},"temperature":{"unit":"\u2103","value":"22"},"humidity":{"unit":"%","value":"15"}}],"analysis":{"JV":[{"V":{"unit":"V","value":[1.5,1.48995,1.4799,1.4698,1.45975,1.4497,1.43965,1.4296,1.41955,1.40945,1.3994,1.38935,1.3793,1.36925,1.35915,1.3491,1.33905,1.329,1.31895,1.3089,1.2988,1.28875,1.2787,1.26865,1.2586,1.2485,1.23845,1.2284,1.21835,1.2083,1.19825,1.18815,1.1781,1.16805,1.158,1.14795,1.13785,1.1278,1.11775,1.1077,1.09765,1.0876,1.0775,1.06745,1.0574,1.04735,1.0373,1.0272,1.01715,1.0071,0.99705,0.987,0.97695,0.96685,0.9568,0.94675,0.9367,0.92665,0.91655,0.9065,0.89645,0.8864,0.87635,0.86625,0.8562,0.84615,0.8361,0.82605,0.816,0.8059,0.79585,0.7858,0.77575,0.7657,0.7556,0.74555,0.7355,0.72545,0.7154,0.70535,0.69525,0.6852,0.67515,0.6651,0.65505,0.64495,0.6349,0.62485,0.6148,0.60475,0.5947,0.5846,0.57455,0.5645,0.55445,0.5444,0.5343,0.52425,0.5142,0.50415,0.4941,0.48405,0.47395,0.4639,0.45385,0.4438,0.43375,0.42365,0.4136,0.40355,0.3935,0.38345,0.3734,0.3633,0.35325,0.3432,0.33315,0.3231,0.313,0.30295,0.2929,0.28285,0.2728,0.2627,0.25265,0.2426,0.23255,0.2225,0.21245,0.20235,0.1923,0.18225,0.1722,0.16215,0.15205,0.142,0.13195,0.1219,0.11185,0.1018,0.0917,0.08165,0.0716,0.06155,0.0515,0.0414,0.03135,0.0213,0.01125,0.0012,-0.00885,-0.01895,-0.029,-0.03905,-0.0491,-0.05915,-0.06925,-0.0793,-0.08935,-0.0994,-0.10945,-0.1195,-0.1296,-0.13965,-0.1497,-0.15975,-0.1698,-0.1799,-0.18995,-0.2]},"I":{"unit":"A","value":[-0.00367284,-0.00354663,-0.00336667,-0.00317987,-0.00298881,-0.00279042,-0.00259344,-0.00239955,-0.00221108,-0.00202803,-0.00185428,-0.00168809,-0.00152974,-0.00138176,-0.00123865,-0.0011085,-0.000980385,-0.00086895,-0.000767226,-0.000676326,-0.000592509,-0.000515056,-0.000445894,-0.000383539,-0.00032721,-0.000275477,-0.000228336,-0.000184718,-0.000144046,-0.000105845,-6.80956e-5,-3.20064e-5,3.91906e-6,4.02615e-5,7.50962e-5,0.000112408,0.000148361,0.00018517,0.000221858,0.000259645,0.000298186,0.000337567,0.000376778,0.00041614,0.000457229,0.000496681,0.000536411,0.000575611,0.000613931,0.000651651,0.000688098,0.000722959,0.000756274,0.000789669,0.000821127,0.000847549,0.000874792,0.000899729,0.000921756,0.000942802,0.000960726,0.000976072,0.000989308,0.00100013,0.00100486,0.00100942,0.0010143,0.00101907,0.00102009,0.0010216,0.00102338,0.00102209,0.00101968,0.00102055,0.00101242,0.00100974,0.00100794,0.00100513,0.00100329,0.00100253,0.000999232,0.00099547,0.00099393,0.000991357,0.000990094,0.000977945,0.00097586,0.000973423,0.000970206,0.000968298,0.000966475,0.000963228,0.000961637,0.000960016,0.000959462,0.000948421,0.000946215,0.000944791,0.000941991,0.000941362,0.000940566,0.00093742,0.000935547,0.00093451,0.000933573,0.000923625,0.000922356,0.000919863,0.000919743,0.000918509,0.000917235,0.000914486,0.000913308,0.000911838,0.00091283,0.000903173,0.000901839,0.000901169,0.000900258,0.000899246,0.000896406,0.000896301,0.000894569,0.000892645,0.000895128,0.000885562,0.000884801,0.000884529,0.000883724,0.00088243,0.000882732,0.000881906,0.000880557,0.000879047,0.000880905,0.00087154,0.000872471,0.000872119,0.000871661,0.000869944,0.000870936,0.000869682,0.000868932,0.000866898,0.000869677,0.000861596,0.000861712,0.000862089,0.000860947,0.000860554,0.000859723,0.000860368,0.000859089,0.000859512,0.00085932,0.000852684,0.00085345,0.000853465,0.000852534,0.000853692,0.000852372,0.000853314,0.00085201,0.000851778,0.000852705,0.000846864,0.000847292,0.000847413,0.00084772,0.000847564]},"J":{"unit":"A\/cm2","value":[-0.0400092,-0.0386344,-0.0366739,-0.0346391,-0.0325579,-0.0303967,-0.028251,-0.0261389,-0.0240858,-0.0220918,-0.0201992,-0.0183887,-0.0166638,-0.0150519,-0.0134929,-0.0120751,-0.0106796,-0.00946568,-0.00835758,-0.00736739,-0.00645435,-0.00561063,-0.00485724,-0.00417799,-0.00356438,-0.00300084,-0.00248732,-0.00201218,-0.00156913,-0.001153,-0.000741783,-0.000348653,4.26913e-5,0.000438579,0.000818042,0.00122448,0.00161613,0.0020171,0.00241676,0.00282837,0.00324821,0.00367721,0.00410434,0.00453312,0.00498071,0.00541047,0.00584325,0.00627028,0.0066877,0.0070986,0.00749562,0.00787537,0.00823828,0.00860206,0.00894473,0.00923256,0.00952933,0.00980097,0.0100409,0.0102702,0.0104654,0.0106326,0.0107768,0.0108947,0.0109461,0.0109959,0.011049,0.011101,0.0111121,0.0111285,0.011148,0.0111339,0.0111077,0.0111171,0.0110286,0.0109994,0.0109798,0.0109491,0.0109291,0.0109208,0.0108849,0.0108439,0.0108271,0.0107991,0.0107853,0.010653,0.0106303,0.0106037,0.0105687,0.0105479,0.0105281,0.0104927,0.0104753,0.0104577,0.0104517,0.0103314,0.0103074,0.0102918,0.0102613,0.0102545,0.0102458,0.0102115,0.0101911,0.0101798,0.0101696,0.0100613,0.0100474,0.0100203,0.010019,0.0100055,0.00999167,0.00996173,0.00994889,0.00993288,0.00994368,0.00983849,0.00982395,0.00981666,0.00980673,0.00979571,0.00976478,0.00976362,0.00974476,0.00972381,0.00975085,0.00964664,0.00963836,0.0096354,0.00962662,0.00961253,0.00961582,0.00960682,0.00959213,0.00957567,0.00959591,0.0094939,0.00950404,0.00950021,0.00949521,0.00947651,0.00948732,0.00947366,0.00946549,0.00944333,0.0094736,0.00938558,0.00938684,0.00939095,0.0093785,0.00937423,0.00936518,0.0093722,0.00935826,0.00936287,0.00936079,0.0092885,0.00929684,0.009297,0.00928686,0.00929947,0.0092851,0.00929536,0.00928115,0.00927863,0.00928872,0.0092251,0.00922976,0.00923108,0.00923443,0.00923273]},"pv_cell_parameters":{"voc":{"unit":"V","value":1.18},"isc":{"unit":"mA","value":0.8605499999999999},"jsc":{"unit":"mA\/cm2","value":9.37},"vopt":{"unit":"mV","value":876.35},"iopt":{"unit":"mA","value":0.98931},"pmax":{"unit":"W","value":0.0008669799999999999},"fill_factor":{"unit":"%","value":85.52},"efficiency":{"unit":"%","value":9.44},"cell_dimension":{"unit":"cm2","value":0.09179999999999999},"irradiance":{"unit":"mW\/cm2","value":100}},"calculations":{"fitted_isc":{"unit":"mA","value":0.86158},"fitted_voc":{"unit":"V","value":1.18},"rshunt":{"unit":"Kohm","value":9.77},"rseries":{"unit":"ohm","value":273.98}},"measurement_conditions":{"sweep_direction":{"unit":"","value":"Reverse"},"nplc":{"unit":"","value":0.01},"voltage_settling_time":{"unit":"s","value":0.01},"configuration_file":{"unit":"","value":"Configuration for I-V meas.conf"},"sample_id":{"unit":"","value":"20240412_sample-06_PIN_NIOX SAM_wo ST-3"},"note":{"unit":"","value":"\u00bd\u00c3\u00b7\u00e1\u00bf\u00a1 \u00b0\u00fc\u00c7\u00d1 \u00ba\u00ce\u00b0\u00a1\u00c0\u00fb\u00c0\u00ce \u00bc\u00b3\u00b8\u00ed\u00c0\u00bb \u00c0\u00cc\u00b0\u00f7\u00bf\u00a1 \u00c0\u00fb\u00c0\u00b8\u00bc\u00bc\u00bf\u00e4. ^^"}},"fill_factor":{"unit":"%","value":85.52},"efficiency":{"unit":"%","value":9.44},"voc":{"unit":"V","value":1.18},"jsc":{"unit":"mA\/cm2","value":9.37},"cell_dimension":{"unit":"cm2","value":0.09179999999999999},"sweep_direction":{"unit":"","value":"Reverse"},"key":"Reverse_[35]_20240412_sample-06_PIN_NIOX SAM_wo ST-3_20240412"},{"V":{"unit":"V","value":[-0.2,-0.18995,-0.1799,-0.1698,-0.15975,-0.1497,-0.13965,-0.1296,-0.11955,-0.10945,-0.0994,-0.08935,-0.0793,-0.06925,-0.05915,-0.0491,-0.03905,-0.029,-0.01895,-0.0089,0.0012,0.01125,0.0213,0.03135,0.0414,0.0515,0.06155,0.0716,0.08165,0.0917,0.1018,0.11185,0.1219,0.13195,0.142,0.15205,0.16215,0.1722,0.18225,0.1923,0.20235,0.21245,0.2225,0.23255,0.2426,0.25265,0.2627,0.2728,0.28285,0.2929,0.30295,0.313,0.3231,0.33315,0.3432,0.35325,0.3633,0.37335,0.38345,0.3935,0.40355,0.4136,0.42365,0.43375,0.4438,0.45385,0.4639,0.47395,0.484,0.4941,0.50415,0.5142,0.52425,0.5343,0.5444,0.55445,0.5645,0.57455,0.5846,0.59465,0.60475,0.6148,0.62485,0.6349,0.64495,0.65505,0.6651,0.67515,0.6852,0.69525,0.70535,0.7154,0.72545,0.7355,0.74555,0.7556,0.7657,0.77575,0.7858,0.79585,0.8059,0.816,0.82605,0.8361,0.84615,0.8562,0.86625,0.87635,0.8864,0.89645,0.9065,0.91655,0.92665,0.9367,0.94675,0.9568,0.96685,0.9769,0.987,0.99705,1.0071,1.01715,1.0272,1.0373,1.04735,1.0574,1.06745,1.0775,1.08755,1.09765,1.1077,1.11775,1.1278,1.13785,1.14795,1.158,1.16805,1.1781,1.18815,1.1982,1.2083,1.21835,1.2284,1.23845,1.2485,1.2586,1.26865,1.2787,1.28875,1.2988,1.30885,1.31895,1.329,1.33905,1.3491,1.35915,1.36925,1.3793,1.38935,1.3994,1.40945,1.41955,1.4296,1.43965,1.4497,1.45975,1.4698,1.4799,1.48995,1.5]},"I":{"unit":"A","value":[0.00148299,0.0014432,0.00141971,0.00138873,0.00135729,0.00132676,0.00129578,0.00126576,0.00122637,0.00119549,0.0011681,0.00114142,0.00112056,0.0010994,0.0010788,0.00106006,0.0010426,0.0010263,0.00100944,0.000988668,0.000971647,0.000956251,0.000944415,0.000934558,0.000924378,0.000914117,0.000902699,0.000895148,0.000886589,0.000879269,0.000870438,0.00086341,0.000856805,0.000849324,0.00084222,0.000836214,0.000828481,0.000822817,0.000816962,0.000810427,0.000804033,0.000797871,0.000792208,0.000786614,0.000781177,0.000777723,0.000770303,0.000765142,0.000760918,0.000754701,0.000749787,0.000744299,0.000740675,0.000735937,0.000729543,0.000727862,0.000722128,0.00071656,0.000712874,0.000708383,0.000703087,0.000697886,0.000694383,0.000689776,0.00068455,0.000682577,0.000677995,0.000672266,0.000668581,0.000663949,0.000659932,0.000654429,0.000650945,0.000647174,0.000642774,0.000640519,0.000635021,0.000629639,0.000626704,0.000621992,0.000618407,0.000613544,0.00060932,0.000605438,0.000603243,0.000597952,0.000593406,0.000587636,0.00058382,0.000579068,0.000574557,0.000569049,0.000564629,0.000559458,0.000553528,0.000551167,0.000545226,0.000538676,0.000533349,0.000527671,0.000521579,0.000514173,0.000508293,0.0005013,0.000493416,0.000487989,0.000479823,0.000471224,0.00046331,0.000454902,0.000445745,0.000435877,0.000426593,0.000416046,0.000404462,0.000395259,0.000382829,0.000370444,0.00035683,0.000342779,0.000327535,0.000310634,0.000293658,0.000274758,0.000255154,0.000233773,0.000210891,0.000186202,0.00016035,0.00013267,0.000104558,7.63671e-5,4.55728e-5,1.45649e-5,-1.74674e-5,-4.99175e-5,-8.30968e-5,-0.00011556,-0.000150255,-0.000185554,-0.000221945,-0.000259519,-0.000298523,-0.000339882,-0.000383034,-0.00042975,-0.000479492,-0.000533165,-0.000591509,-0.000654908,-0.000724831,-0.000801746,-0.000884612,-0.000985132,-0.0011224,-0.00124025,-0.00137272,-0.00152929,-0.00169665,-0.00187721,-0.0020722,-0.00228557,-0.00251498,-0.00276105,-0.00302221,-0.003295,-0.00357777,-0.00388858,-0.00418694,-0.00447553]},"J":{"unit":"A\/cm2","value":[0.0161546,0.0157211,0.0154652,0.0151277,0.0147853,0.0144527,0.0141152,0.0137882,0.0133591,0.0130227,0.0127244,0.0124338,0.0122066,0.011976,0.0117516,0.0115475,0.0113573,0.0111797,0.0109961,0.0107698,0.0105844,0.0104167,0.0102877,0.0101804,0.0100695,0.00995771,0.00983333,0.00975106,0.00965783,0.00957809,0.0094819,0.00940534,0.00933339,0.00925189,0.00917451,0.00910908,0.00902485,0.00896315,0.00889937,0.00882818,0.00875853,0.00869141,0.00862971,0.00856878,0.00850955,0.00847193,0.0083911,0.00833488,0.00828887,0.00822114,0.00816761,0.00810784,0.00806835,0.00801674,0.00794709,0.00792878,0.00786631,0.00780566,0.00776551,0.00771659,0.0076589,0.00760225,0.00756408,0.0075139,0.00745697,0.00743548,0.00738557,0.00732316,0.00728302,0.00723256,0.0071888,0.00712885,0.0070909,0.00704983,0.0070019,0.00697733,0.00691744,0.00685881,0.00682684,0.00677551,0.00673646,0.00668348,0.00663747,0.00659519,0.00657128,0.00651364,0.00646412,0.00640127,0.0063597,0.00630793,0.00625879,0.00619879,0.00615064,0.00609432,0.00602971,0.00600399,0.00593928,0.00586793,0.00580991,0.00574805,0.00568169,0.00560102,0.00553696,0.00546079,0.0053749,0.00531578,0.00522683,0.00513316,0.00504695,0.00495536,0.00485561,0.00474812,0.00464699,0.00453209,0.0044059,0.00430565,0.00417025,0.00403534,0.00388704,0.00373398,0.00356792,0.00338381,0.00319889,0.00299301,0.00277946,0.00254654,0.00229729,0.00202834,0.00174673,0.00144521,0.00113897,0.000831886,0.000496436,0.000158659,-0.000190277,-0.000543764,-0.000905194,-0.00125882,-0.00163676,-0.00202128,-0.0024177,-0.002827,-0.00325188,-0.00370242,-0.00417249,-0.00468137,-0.00522322,-0.00580789,-0.00644346,-0.00713408,-0.00789576,-0.00873362,-0.00963629,-0.0107313,-0.0122266,-0.0135103,-0.0149534,-0.016659,-0.018482,-0.0204489,-0.022573,-0.0248973,-0.0273963,-0.0300768,-0.0329216,-0.0358933,-0.0389735,-0.0423593,-0.0456094,-0.048753]},"pv_cell_parameters":{"voc":{"unit":"V","value":1.14},"isc":{"unit":"mA","value":0.9716499999999999},"jsc":{"unit":"mA\/cm2","value":10.58},"vopt":{"unit":"mV","value":805.9},"iopt":{"unit":"mA","value":0.52158},"pmax":{"unit":"W","value":0.00042033999999999995},"fill_factor":{"unit":"%","value":38.02},"efficiency":{"unit":"%","value":4.58},"cell_dimension":{"unit":"cm2","value":0.09179999999999999},"irradiance":{"unit":"mW\/cm2","value":100}},"calculations":{"fitted_isc":{"unit":"mA","value":0.96768},"fitted_voc":{"unit":"V","value":1.14},"rshunt":{"unit":"Kohm","value":0.99299},"rseries":{"unit":"ohm","value":326.85}},"measurement_conditions":{"sweep_direction":{"unit":"","value":"Forward"},"nplc":{"unit":"","value":0.01},"voltage_settling_time":{"unit":"s","value":0.01},"configuration_file":{"unit":"","value":"Configuration for I-V meas.conf"},"sample_id":{"unit":"","value":"20240412_sample-06_PIN_NIOX SAM_wo ST-3"},"note":{"unit":"","value":"\u00bd\u00c3\u00b7\u00e1\u00bf\u00a1 \u00b0\u00fc\u00c7\u00d1 \u00ba\u00ce\u00b0\u00a1\u00c0\u00fb\u00c0\u00ce \u00bc\u00b3\u00b8\u00ed\u00c0\u00bb \u00c0\u00cc\u00b0\u00f7\u00bf\u00a1 \u00c0\u00fb\u00c0\u00b8\u00bc\u00bc\u00bf\u00e4. ^^"}},"fill_factor":{"unit":"%","value":38.02},"efficiency":{"unit":"%","value":4.58},"voc":{"unit":"V","value":1.14},"jsc":{"unit":"mA\/cm2","value":10.58},"cell_dimension":{"unit":"cm2","value":0.09179999999999999},"sweep_direction":{"unit":"","value":"Forward"},"key":"Forward_[36]_20240412_sample-06_PIN_NIOX SAM_wo ST-3_20240412"},{"V":{"unit":"V","value":[-0.2,-0.18995,-0.1799,-0.1698,-0.15975,-0.1497,-0.13965,-0.1296,-0.11955,-0.10945,-0.0994,-0.08935,-0.0793,-0.06925,-0.05915,-0.0491,-0.03905,-0.029,-0.01895,-0.0089,0.0012,0.01125,0.0213,0.03135,0.0414,0.0515,0.06155,0.0716,0.08165,0.0917,0.1018,0.11185,0.1219,0.13195,0.142,0.15205,0.16215,0.1722,0.18225,0.1923,0.20235,0.21245,0.2225,0.23255,0.2426,0.25265,0.2627,0.2728,0.28285,0.2929,0.30295,0.313,0.3231,0.33315,0.3432,0.35325,0.3633,0.37335,0.38345,0.3935,0.40355,0.4136,0.42365,0.43375,0.4438,0.45385,0.4639,0.47395,0.484,0.4941,0.50415,0.5142,0.52425,0.5343,0.5444,0.55445,0.5645,0.57455,0.5846,0.59465,0.60475,0.6148,0.62485,0.6349,0.64495,0.65505,0.6651,0.67515,0.6852,0.69525,0.70535,0.7154,0.72545,0.7355,0.74555,0.7556,0.7657,0.77575,0.7858,0.79585,0.8059,0.816,0.82605,0.8361,0.84615,0.8562,0.86625,0.87635,0.8864,0.89645,0.9065,0.91655,0.92665,0.9367,0.94675,0.9568,0.96685,0.9769,0.987,0.99705,1.0071,1.01715,1.0272,1.0373,1.04735,1.0574,1.06745,1.0775,1.08755,1.09765,1.1077,1.11775,1.1278,1.13785,1.14795,1.158,1.16805,1.1781,1.18815,1.1982,1.2083,1.21835,1.2284,1.23845,1.2485,1.2586,1.26865,1.2787,1.28875,1.2988,1.30885,1.31895,1.329,1.33905,1.3491,1.35915,1.36925,1.3793,1.38935,1.3994,1.40945,1.41955,1.4296,1.43965,1.4497,1.45975,1.4698,1.4799,1.48995,1.5]},"I":{"unit":"A","value":[0.00150301,0.00146489,0.00144069,0.00141087,0.0013813,0.00134997,0.00131924,0.00128623,0.00124932,0.00121763,0.00118877,0.0011629,0.00113992,0.00111572,0.00109557,0.00107679,0.00105795,0.00104241,0.00102393,0.00100905,0.00119201,0.00112417,0.00107902,0.00104034,0.00101077,0.00114397,0.00106843,0.00101168,0.00111835,0.00103659,0.00109572,0.00101431,0.00107365,0.00106808,0.00100925,0.00102581,0.000945019,0.000896763,0.000862296,0.000842913,0.000826772,0.000813119,0.000801665,0.000790463,0.000781819,0.000773733,0.00076521,0.000756616,0.000751053,0.000743163,0.000739091,0.000732168,0.000724692,0.000719974,0.000714064,0.000709361,0.000703557,0.000697868,0.000692994,0.00068735,0.000684274,0.000679129,0.000673123,0.00066907,0.000664217,0.000660003,0.000654817,0.000650719,0.000646122,0.000643821,0.000639557,0.000632871,0.000629398,0.000624408,0.000619817,0.000615457,0.000611484,0.000606994,0.000603454,0.000601214,0.000595288,0.000591145,0.000586377,0.000581302,0.000576907,0.000572356,0.000567573,0.000563132,0.000558531,0.000553008,0.000550737,0.000545794,0.000540825,0.000534979,0.000530151,0.000525096,0.00051915,0.000513734,0.000508281,0.000501922,0.000497995,0.000491324,0.000484029,0.000478053,0.000470567,0.000463403,0.000455056,0.000448113,0.00043974,0.000430804,0.000423992,0.000413707,0.000404292,0.00039385,0.000383102,0.000371895,0.000360406,0.000347991,0.000334971,0.000320567,0.000307513,0.000291266,0.00027436,0.000256563,0.000237563,0.000217102,0.000194884,0.000172118,0.000147454,0.000122346,9.63879e-5,6.82771e-5,3.95195e-5,1.01949e-5,-2.00187e-5,-5.0769e-5,-8.18941e-5,-0.000113281,-0.000146023,-0.000179526,-0.000214226,-0.000250024,-0.000286904,-0.000325772,-0.000367213,-0.000410804,-0.000457712,-0.000507947,-0.000562301,-0.000621628,-0.000686347,-0.000757257,-0.000833389,-0.000924652,-0.00101905,-0.00115609,-0.00128213,-0.00141244,-0.00155554,-0.00171191,-0.00188124,-0.00206591,-0.00226242,-0.00247382,-0.00269645,-0.00293245,-0.00317959,-0.00345441,-0.00372326,-0.00398857]},"J":{"unit":"A\/cm2","value":[0.0163727,0.0159574,0.0156938,0.015369,0.0150469,0.0147055,0.0143708,0.0140112,0.0136092,0.013264,0.0129496,0.0126678,0.0124174,0.0121538,0.0119343,0.0117297,0.0115246,0.0113553,0.0111539,0.0109918,0.0129849,0.0122459,0.011754,0.0113326,0.0110106,0.0124615,0.0116387,0.0110205,0.0121825,0.0112918,0.011936,0.0110492,0.0116955,0.0116348,0.010994,0.0111744,0.0102943,0.00976866,0.00939321,0.00918206,0.00900624,0.0088575,0.00873274,0.00861071,0.00851655,0.00842847,0.00833562,0.008242,0.0081814,0.00809546,0.00805109,0.00797569,0.00789425,0.00784286,0.00777847,0.00772725,0.00766402,0.00760204,0.00754895,0.00748748,0.00745397,0.00739792,0.00733249,0.00728834,0.00723547,0.00718957,0.00713308,0.00708844,0.00703837,0.00701331,0.00696686,0.00689402,0.00685618,0.00680183,0.00675182,0.00670432,0.00666105,0.00661213,0.00657358,0.00654917,0.00648462,0.00643949,0.00638755,0.00633227,0.00628439,0.00623481,0.00618271,0.00613434,0.00608422,0.00602405,0.00599932,0.00594546,0.00589133,0.00582766,0.00577507,0.00572,0.00565523,0.00559623,0.00553683,0.00546756,0.00542479,0.00535212,0.00527265,0.00520755,0.005126,0.00504796,0.00495703,0.00488141,0.0047902,0.00469286,0.00461865,0.00450661,0.00440405,0.00429031,0.00417322,0.00405114,0.00392599,0.00379075,0.00364892,0.00349202,0.00334981,0.00317283,0.00298867,0.0027948,0.00258783,0.00236495,0.00212292,0.00187493,0.00160625,0.00133275,0.00104998,0.000743759,0.000430496,0.000111055,-0.000218069,-0.00055304,-0.000892092,-0.001234,-0.00159067,-0.00195562,-0.00233361,-0.00272357,-0.00312531,-0.00354872,-0.00400014,-0.00447498,-0.00498597,-0.00553319,-0.00612528,-0.00677155,-0.00747654,-0.00824899,-0.00907831,-0.0100725,-0.0111007,-0.0125935,-0.0139666,-0.015386,-0.0169449,-0.0186483,-0.0204928,-0.0225045,-0.0246451,-0.0269479,-0.0293731,-0.0319439,-0.034636,-0.0376297,-0.0405584,-0.0434485]},"pv_cell_parameters":{"voc":{"unit":"V","value":1.14},"isc":{"unit":"mA","value":1.19},"jsc":{"unit":"mA\/cm2","value":12.98},"vopt":{"unit":"mV","value":805.9},"iopt":{"unit":"mA","value":0.49799999999999994},"pmax":{"unit":"W","value":0.00040133},"fill_factor":{"unit":"%","value":29.59},"efficiency":{"unit":"%","value":4.37},"cell_dimension":{"unit":"cm2","value":0.09179999999999999},"irradiance":{"unit":"mW\/cm2","value":100}},"calculations":{"fitted_isc":{"unit":"mA","value":1.13},"fitted_voc":{"unit":"V","value":1.14},"rshunt":{"unit":"Kohm","value":1.07},"rseries":{"unit":"ohm","value":345.36}},"measurement_conditions":{"sweep_direction":{"unit":"","value":"Forward"},"nplc":{"unit":"","value":0.01},"voltage_settling_time":{"unit":"s","value":0.01},"configuration_file":{"unit":"","value":"Configuration for I-V meas.conf"},"sample_id":{"unit":"","value":"20240412_sample-06_PIN_NIOX SAM_wo ST-2"},"note":{"unit":"","value":"\u00bd\u00c3\u00b7\u00e1\u00bf\u00a1 \u00b0\u00fc\u00c7\u00d1 \u00ba\u00ce\u00b0\u00a1\u00c0\u00fb\u00c0\u00ce \u00bc\u00b3\u00b8\u00ed\u00c0\u00bb \u00c0\u00cc\u00b0\u00f7\u00bf\u00a1 \u00c0\u00fb\u00c0\u00b8\u00bc\u00bc\u00bf\u00e4. ^^"}},"fill_factor":{"unit":"%","value":29.59},"efficiency":{"unit":"%","value":4.37},"voc":{"unit":"V","value":1.14},"jsc":{"unit":"mA\/cm2","value":12.98},"cell_dimension":{"unit":"cm2","value":0.09179999999999999},"sweep_direction":{"unit":"","value":"Forward"},"key":"Forward_[33]_20240412_sample-06_PIN_NIOX SAM_wo ST-2_20240412"}]},"fileinfo":[{"key":"Forward_[36]_20240412_sample-06_PIN_NIOX SAM_wo ST-3_20240412","uploadType":"JV","original_name":"[36]_20240412_sample-06_PIN_NIOX SAM_wo ST-3_20240412-194546.txt","save_name":"KRICT-SC-00766\/Forward_[36]_20240412_sample-06_PIN_NIOX SAM_wo ST-3_20240412","uploader":56,"fileType":""},{"key":"Forward_[33]_20240412_sample-06_PIN_NIOX SAM_wo ST-2_20240412","uploadType":"JV","original_name":"[33]_20240412_sample-06_PIN_NIOX SAM_wo ST-2_20240412-194541.txt","save_name":"KRICT-SC-00766\/Forward_[33]_20240412_sample-06_PIN_NIOX SAM_wo ST-2_20240412","uploader":56,"fileType":""},{"key":"Reverse_[35]_20240412_sample-06_PIN_NIOX SAM_wo ST-3_20240412","uploadType":"JV","original_name":"[35]_20240412_sample-06_PIN_NIOX SAM_wo ST-3_20240412-194504.txt","save_name":"KRICT-SC-00766\/Reverse_[35]_20240412_sample-06_PIN_NIOX SAM_wo ST-3_20240412","uploader":56,"fileType":""}],"updated_at":"2024-10-25 07:06:53","created_at":"2023-01-09 00:48:01","group":2,"jvcnt":3,"analysisInfo":{"JV":[{"efficiency":9.44,"fill_factor":85.52,"jsc":9.37,"voc":1.18,"key":"Reverse_[35]_20240412_sample-06_PIN_NIOX SAM_wo ST-3_20240412","cell_dimension":0.09179999999999999},{"efficiency":4.58,"fill_factor":38.02,"jsc":10.58,"voc":1.14,"key":"Forward_[36]_20240412_sample-06_PIN_NIOX SAM_wo ST-3_20240412","cell_dimension":0.09179999999999999},{"efficiency":4.37,"fill_factor":29.59,"jsc":12.98,"voc":1.14,"key":"Forward_[33]_20240412_sample-06_PIN_NIOX SAM_wo ST-2_20240412","cell_dimension":0.09179999999999999}]},"public":2}