{"_id":"62907c89f82ecd0419519b6b","id":"KRICT-SC-00434","author":39,"input":[{"tco":{"unit":"","value":"ITO"}},{"htl":[{"material":{"unit":"","value":"NiO_4PACz"},"concentration":{"unit":"mg\/ml","value":""},"conc_unit":{"unit":"","value":"mg\/ml"},"quantity":{"unit":"ml","value":null}}],"htl_doping":[{"material":{"unit":"","value":"none"},"volume":{"unit":"ul","value":0}},{"material":{"unit":"","value":"none"},"volume":{"unit":"ul","value":0}},{"material":{"unit":"","value":"none"},"volume":{"unit":"ul","value":0}}],"spin_coating":[{"type":{"unit":"","value":null},"rpm":{"unit":"","value":0},"time":{"unit":"","value":null}}]},{"htl_treatment":[{"material":{"value":"none","unit":""},"concentration":{"value":0,"unit":"mg\/ml"},"conc_unit":{"unit":"","value":"mg\/ml"},"quantity":{"unit":"ml","value":null}}],"annealing":[{"temperature":{"value":0,"unit":"oC"},"time":{"value":0,"unit":"time"}}],"spin_coating":[{"type":{"unit":"","value":null},"rpm":{"value":0,"unit":""},"time":{"unit":"","value":null}}]},{"perovskite":{"method":{"unit":"","value":"1step"},"molarity":{"unit":"M","value":1.5},"a_site":[{"material":{"unit":"","value":"MA"},"ratio":{"unit":"%","value":15}},{"material":{"unit":"","value":"FA"},"ratio":{"unit":"%","value":80}},{"material":{"unit":"","value":"Cs"},"ratio":{"unit":"%","value":5}}],"b_site":[{"material":{"unit":"","value":"Pb"},"ratio":{"unit":"%","value":100}},{"material":{"unit":"","value":"Sn"},"ratio":{"unit":"%","value":0}}],"x_site":[{"material":{"unit":"","value":"I"},"ratio":{"unit":"%","value":80}},{"material":{"unit":"","value":"Br"},"ratio":{"unit":"%","value":20}},{"material":{"unit":"","value":"Cl"},"ratio":{"unit":"%","value":0}}],"solvent":[{"material":{"unit":"","value":"DMF"},"volume":{"unit":"ml","value":0.8}},{"material":{"unit":"","value":"DMSO"},"volume":{"unit":"ml","value":0.2}},{"material":{"unit":"","value":"none"},"volume":{"unit":"ml","value":0}}],"antisolvent":[{"material":{"unit":"","value":"none"},"quantity":{"unit":"ul","value":0},"dripping_time":{"unit":"s","value":null}}],"annealing":[{"temperature":{"unit":"oC","value":0},"time":{"unit":"min","value":0}},{"temperature":{"unit":"oC","value":0},"time":{"unit":"min","value":0}}],"spin_coating":[{"type":{"unit":"","value":null},"rpm":{"unit":"","value":0},"time":{"unit":"","value":null}}],"additive":[{"material":{"unit":"","value":"none"},"quantity":{"unit":"mol%","value":0}},{"material":{"unit":"","value":"none"},"quantity":{"unit":"mol%","value":0}},{"material":{"unit":"","value":"none"},"quantity":{"unit":"mol%","value":0}}]}},{"perovskite_treatment":[{"material":{"unit":"","value":"FAI"},"concentration":{"unit":"mg\/ml","value":100},"conc_unit":{"unit":"","value":"mg\/ml"},"quantity":{"unit":"ml","value":null}}],"annealing":[{"temperature":{"unit":"oC","value":100},"time":{"unit":"min","value":10}}],"spin_coating":[{"type":{"unit":"","value":null},"rpm":{"unit":"","value":5000},"time":{"unit":"","value":null}}]},{"etl":[{"material":{"unit":"","value":"C60"},"concentration":{"unit":"","value":""},"conc_unit":{"unit":"","value":"mg\/ml"},"quantity":{"unit":"ml","value":null}}],"annealing":[{"temperature":{"unit":"oC","value":0},"time":{"unit":"min","value":0}}],"spin_coating":[{"type":{"unit":"","value":null},"rpm":{"unit":"","value":0},"time":{"unit":"","value":null}}]},{"etl_treatment":[{"material":{"unit":"","value":"NONE"},"concentration":{"unit":"mg\/ml","value":""},"conc_unit":{"unit":"","value":"mg\/ml"},"quantity":{"unit":"ml","value":null}}],"annealing":[{"temperature":{"unit":"oC","value":0},"time":{"unit":"min","value":0}}],"spin_coating":[{"type":{"unit":"","value":null},"rpm":{"unit":"","value":0},"time":{"unit":"","value":null}}]},{"surface_treatment":{"unit":"","value":"none"}},{"annealing":[{"temperature":{"unit":"oC","value":0},"time":{"unit":"min","value":0}}],"blocking_buffer_layer":[{"material":{"unit":"","value":"BCP"},"concentration":{"unit":"","value":""},"conc_unit":{"unit":"","value":"mg\/ml"},"quantity":{"unit":"ml","value":null}}]},{"surface_treatment":{"unit":"","value":"none"}},{"anode_metal":{"unit":"","value":"Ag"}},{"note":{"unit":"","value":"-"},"ar":{"unit":"","value":0},"type":{"unit":"","value":"p-i-n"}}],"fileinfo":[{"key":"R 3-2_20220527","uploadType":"JV","original_name":"R 3-2_20220527-150938.txt","save_name":"KRICT-SC-00434\/R 3-2_20220527","uploader":39},{"key":"R 3-3_20220527","uploadType":"JV","original_name":"R 3-3_20220527-151058.txt","save_name":"KRICT-SC-00434\/R 3-3_20220527","uploader":39},{"key":"R 3-4_20220527","uploadType":"JV","original_name":"R 3-4_20220527-150947.txt","save_name":"KRICT-SC-00434\/R 3-4_20220527","uploader":39},{"key":"R 4-1_20220527","uploadType":"JV","original_name":"R 4-1_20220527-151227.txt","save_name":"KRICT-SC-00434\/R 4-1_20220527","uploader":39},{"key":"R 4-2_20220527","uploadType":"JV","original_name":"R 4-2_20220527-151215.txt","save_name":"KRICT-SC-00434\/R 4-2_20220527","uploader":39},{"key":"R 4-3_20220527","uploadType":"JV","original_name":"R 4-3_20220527-151219.txt","save_name":"KRICT-SC-00434\/R 4-3_20220527","uploader":39},{"key":"R 4-4_20220527","uploadType":"JV","original_name":"R 4-4_20220527-151317.txt","save_name":"KRICT-SC-00434\/R 4-4_20220527","uploader":39},{"key":"InputFile","uploadType":"InputFile","original_name":"input.xlsx","save_name":"KRICT-SC-00434\/InputFile","uploader":39}],"updated_at":"2024-10-25 07:08:02","created_at":"2022-05-27 07:23:53","group":2,"analysis_old":{"JV":[{"V":{"unit":"V","value":[1.5,1.48995,1.4799,1.4698,1.45975,1.4497,1.43965,1.4296,1.41955,1.40945,1.3994,1.38935,1.3793,1.36925,1.35915,1.3491,1.33905,1.329,1.31895,1.3089,1.2988,1.28875,1.2787,1.26865,1.2586,1.2485,1.23845,1.2284,1.21835,1.2083,1.19825,1.18815,1.1781,1.16805,1.158,1.14795,1.13785,1.1278,1.11775,1.1077,1.09765,1.0876,1.0775,1.06745,1.0574,1.04735,1.0373,1.0272,1.01715,1.0071,0.99705,0.987,0.97695,0.96685,0.9568,0.94675,0.9367,0.92665,0.91655,0.9065,0.89645,0.8864,0.87635,0.86625,0.8562,0.84615,0.8361,0.82605,0.816,0.8059,0.79585,0.7858,0.77575,0.7657,0.7556,0.74555,0.7355,0.72545,0.7154,0.70535,0.69525,0.6852,0.67515,0.6651,0.65505,0.64495,0.6349,0.62485,0.6148,0.60475,0.5947,0.5846,0.57455,0.5645,0.55445,0.5444,0.5343,0.52425,0.5142,0.50415,0.4941,0.48405,0.47395,0.4639,0.45385,0.4438,0.43375,0.42365,0.4136,0.40355,0.3935,0.38345,0.3734,0.3633,0.35325,0.3432,0.33315,0.3231,0.313,0.30295,0.2929,0.28285,0.2728,0.2627,0.25265,0.2426,0.23255,0.2225,0.21245,0.20235,0.1923,0.18225,0.1722,0.16215,0.15205,0.142,0.13195,0.1219,0.11185,0.1018,0.0917,0.08165,0.0716,0.06155,0.0515,0.0414,0.03135,0.0213,0.01125,0.0012,-0.00885,-0.01895,-0.029,-0.03905,-0.0491,-0.05915,-0.06925,-0.0793,-0.08935,-0.0994,-0.10945,-0.1195,-0.1296,-0.13965,-0.1497,-0.15975,-0.1698,-0.1799,-0.18995,-0.2]},"I":{"unit":"A","value":[-0.0100013,-0.010001,-0.010001,-0.0100009,-0.0100012,-0.0100013,-0.0100012,-0.0100013,-0.0100012,-0.010001,-0.010001,-0.0100009,-0.010001,-0.0100012,-0.0100012,-0.010001,-0.010001,-0.0100012,-0.0100012,-0.0100011,-0.0100012,-0.0100014,-0.00991935,-0.0092443,-0.0085862,-0.00794102,-0.00731086,-0.00669083,-0.00608735,-0.00549886,-0.0049255,-0.00436961,-0.00383239,-0.00331238,-0.00283419,-0.00235558,-0.00190022,-0.00146469,-0.00106622,-0.000690834,-0.00034455,-2.66647e-5,0.000247967,0.000498351,0.000718664,0.000916148,0.00107652,0.00121305,0.00132002,0.00141454,0.00148065,0.00153583,0.00157836,0.00162103,0.00164457,0.00166563,0.00168396,0.0016995,0.00170309,0.00170937,0.0017196,0.00172952,0.00173235,0.00173909,0.00174476,0.00174881,0.00175625,0.00175159,0.00175306,0.00175478,0.00175979,0.00176389,0.00176602,0.00176577,0.00176582,0.00177194,0.00176738,0.00176713,0.00177133,0.00177381,0.00177316,0.00177275,0.00177549,0.00177447,0.00177989,0.00177746,0.00177159,0.00177685,0.00177893,0.0017765,0.00178019,0.0017813,0.00178166,0.00178424,0.00178176,0.00177979,0.00178232,0.00178343,0.00178612,0.00178591,0.001785,0.00178348,0.00178941,0.00178591,0.00178283,0.00178591,0.00178956,0.00178799,0.0017892,0.00178845,0.00179006,0.00179153,0.00178849,0.00178824,0.00179351,0.00179138,0.00179194,0.00179275,0.00179113,0.00179609,0.00179477,0.00179138,0.00179113,0.00179452,0.00179325,0.0017969,0.00179528,0.00179675,0.00179943,0.00180181,0.00180039,0.0017972,0.00179599,0.00180262,0.00180075,0.0018012,0.00180075,0.00179912,0.00180196,0.00179781,0.00179938,0.00180272,0.00180151,0.00180378,0.00180242,0.00180388,0.00180505,0.00180353,0.00180338,0.00180277,0.00180181,0.00180611,0.00180768,0.00180307,0.00180793,0.00180778,0.00181158,0.0018055,0.00180702,0.00180839,0.00180884,0.00180748,0.00180874,0.00181057,0.00181143,0.00181117,0.00180935,0.00180879,0.00181057,0.00180986]},"J":{"unit":"A\/cm2","value":[-0.106397,-0.106394,-0.106394,-0.106393,-0.106396,-0.106397,-0.106395,-0.106397,-0.106395,-0.106394,-0.106394,-0.106393,-0.106394,-0.106395,-0.106395,-0.106394,-0.106394,-0.106396,-0.106395,-0.106395,-0.106395,-0.106397,-0.105525,-0.0983436,-0.0913426,-0.0844789,-0.0777751,-0.0711791,-0.0647591,-0.0584985,-0.052399,-0.0464852,-0.0407701,-0.0352381,-0.0301509,-0.0250594,-0.0202151,-0.0155819,-0.0113428,-0.00734929,-0.00366543,-0.000283667,0.00263794,0.0053016,0.00764537,0.00974625,0.0114524,0.0129048,0.0140428,0.0150483,0.0157516,0.0163386,0.016791,0.017245,0.0174954,0.0177195,0.0179144,0.0180798,0.018118,0.0181848,0.0182936,0.0183991,0.0184293,0.0185009,0.0185612,0.0186043,0.0186835,0.0186339,0.0186496,0.0186679,0.0187212,0.0187648,0.0187874,0.0187847,0.0187853,0.0188504,0.018802,0.0187993,0.018844,0.0188704,0.0188634,0.018859,0.0188881,0.0188774,0.018935,0.0189091,0.0188467,0.0189027,0.0189248,0.0188989,0.0189382,0.0189501,0.0189538,0.0189813,0.0189549,0.0189339,0.0189608,0.0189727,0.0190012,0.0189991,0.0189894,0.0189732,0.0190362,0.0189991,0.0189662,0.0189991,0.0190378,0.0190211,0.0190341,0.019026,0.0190432,0.0190588,0.0190265,0.0190239,0.0190799,0.0190572,0.0190632,0.0190718,0.0190545,0.0191073,0.0190933,0.0190572,0.0190545,0.0190906,0.0190771,0.0191159,0.0190987,0.0191143,0.0191429,0.0191682,0.0191531,0.0191192,0.0191062,0.0191768,0.0191569,0.0191617,0.0191569,0.0191396,0.0191698,0.0191256,0.0191423,0.0191779,0.019165,0.0191892,0.0191746,0.0191903,0.0192026,0.0191865,0.0191849,0.0191784,0.0191682,0.019214,0.0192306,0.0191816,0.0192333,0.0192317,0.0192721,0.0192075,0.0192236,0.0192382,0.019243,0.0192285,0.019242,0.0192613,0.0192705,0.0192678,0.0192484,0.0192425,0.0192613,0.0192538]},"pv_cell_parameters":{"voc":{"unit":"V","value":1.09},"isc":{"unit":"mA","value":1.8000000000000003},"jsc":{"unit":"mA\/cm2","value":19.18},"vopt":{"unit":"mV","value":936.7},"iopt":{"unit":"mA","value":1.6800000000000002},"pmax":{"unit":"W","value":0.00158},"fill_factor":{"unit":"%","value":80.45},"efficiency":{"unit":"%","value":16.78},"cell_dimension":{"unit":"cm2","value":0.094},"irradiance":{"unit":"mW\/cm2","value":100}},"calculations":{"fitted_isc":{"unit":"mA","value":1.8000000000000003},"fitted_voc":{"unit":"V","value":1.08},"rshunt":{"unit":"Kohm","value":17.17},"rseries":{"unit":"ohm","value":32.17}},"measurement_conditions":{"sweep_direction":{"unit":"","value":"Reverse"},"nplc":{"unit":"","value":0.01},"voltage_settling_time":{"unit":"s","value":0.01},"configuration_file":{"unit":"","value":"Configuration for I-V meas.conf"},"sample_id":{"unit":"","value":"R 4-4"},"note":{"unit":"","value":"\uc2dc\ub8cc\uc5d0 \uad00\ud55c \ubd80\uac00\uc801\uc778 \uc124\uba85\uc744 \uc774\uacf3\uc5d0 \uc801\uc73c\uc138\uc694. ^^"}},"key":"R 4-4_20220527"},{"V":{"unit":"V","value":[1.5,1.48995,1.4799,1.4698,1.45975,1.4497,1.43965,1.4296,1.41955,1.40945,1.3994,1.38935,1.3793,1.36925,1.35915,1.3491,1.33905,1.329,1.31895,1.3089,1.2988,1.28875,1.2787,1.26865,1.2586,1.2485,1.23845,1.2284,1.21835,1.2083,1.19825,1.18815,1.1781,1.16805,1.158,1.14795,1.13785,1.1278,1.11775,1.1077,1.09765,1.0876,1.0775,1.06745,1.0574,1.04735,1.0373,1.0272,1.01715,1.0071,0.99705,0.987,0.97695,0.96685,0.9568,0.94675,0.9367,0.92665,0.91655,0.9065,0.89645,0.8864,0.87635,0.86625,0.8562,0.84615,0.8361,0.82605,0.816,0.8059,0.79585,0.7858,0.77575,0.7657,0.7556,0.74555,0.7355,0.72545,0.7154,0.70535,0.69525,0.6852,0.67515,0.6651,0.65505,0.64495,0.6349,0.62485,0.6148,0.60475,0.5947,0.5846,0.57455,0.5645,0.55445,0.5444,0.5343,0.52425,0.5142,0.50415,0.4941,0.48405,0.47395,0.4639,0.45385,0.4438,0.43375,0.42365,0.4136,0.40355,0.3935,0.38345,0.3734,0.3633,0.35325,0.3432,0.33315,0.3231,0.313,0.30295,0.2929,0.28285,0.2728,0.2627,0.25265,0.2426,0.23255,0.2225,0.21245,0.20235,0.1923,0.18225,0.1722,0.16215,0.15205,0.142,0.13195,0.1219,0.11185,0.1018,0.0917,0.08165,0.0716,0.06155,0.0515,0.0414,0.03135,0.0213,0.01125,0.0012,-0.00885,-0.01895,-0.029,-0.03905,-0.0491,-0.05915,-0.06925,-0.0793,-0.08935,-0.0994,-0.10945,-0.1195,-0.1296,-0.13965,-0.1497,-0.15975,-0.1698,-0.1799,-0.18995,-0.2]},"I":{"unit":"A","value":[-0.0100016,-0.0100016,-0.0100017,-0.0100015,-0.0100014,-0.0100017,-0.0100018,-0.0100014,-0.0100015,-0.0100017,-0.0100015,-0.0100016,-0.0100015,-0.0100016,-0.0100015,-0.0100016,-0.0100015,-0.0100016,-0.0100016,-0.00959859,-0.00909653,-0.00859943,-0.00810683,-0.00762952,-0.00714705,-0.00667283,-0.00620762,-0.00575092,-0.00529639,-0.00485538,-0.0044176,-0.00398515,-0.00356129,-0.00315425,-0.0027511,-0.00236046,-0.00198161,-0.00161799,-0.00126851,-0.000933141,-0.000615189,-0.000310398,-3.61316e-5,0.00022388,0.000462278,0.000683515,0.000874528,0.00104367,0.00118972,0.00131614,0.00140924,0.00149125,0.00155813,0.00161387,0.00165761,0.00169194,0.00171816,0.00174145,0.00174747,0.0017575,0.00177172,0.00178033,0.00178848,0.0017944,0.00179967,0.00180483,0.00181131,0.00180741,0.00180671,0.00181157,0.00181663,0.00181815,0.00182063,0.0018225,0.00182134,0.00182665,0.0018227,0.00182017,0.00182387,0.00182605,0.00182665,0.0018302,0.00182807,0.00183288,0.00183242,0.00182635,0.00182589,0.00183248,0.00183121,0.00183308,0.00183288,0.00183541,0.00183566,0.0018388,0.00183708,0.00183445,0.00183582,0.00183799,0.00183516,0.00183916,0.00184133,0.00183906,0.00184351,0.0018384,0.00183845,0.00183855,0.00183875,0.00184002,0.00184159,0.00184285,0.00184143,0.00184847,0.00184214,0.00184042,0.00184113,0.00184478,0.00184584,0.00184503,0.00184493,0.00184645,0.00184827,0.0018466,0.00184321,0.00184422,0.00184655,0.00184579,0.0018508,0.00185019,0.0018464,0.0018549,0.00184766,0.00184544,0.0018505,0.00185384,0.001851,0.00185288,0.00185115,0.0018551,0.00185318,0.00184994,0.00185237,0.00185673,0.00185475,0.00185662,0.00185505,0.00185516,0.00185961,0.00185693,0.00185429,0.00185586,0.00185794,0.00185748,0.00185718,0.00185794,0.00185698,0.00185738,0.00186057,0.00185465,0.00185586,0.00185946,0.00185956,0.00185951,0.00186174,0.00185789,0.00186118,0.0018627,0.00185845,0.00185976,0.0018625,0.00186184]},"J":{"unit":"A\/cm2","value":[-0.1064,-0.1064,-0.106401,-0.106399,-0.106398,-0.106401,-0.106403,-0.106398,-0.106399,-0.106401,-0.106399,-0.1064,-0.106399,-0.1064,-0.106399,-0.1064,-0.106399,-0.1064,-0.1064,-0.102113,-0.0967716,-0.0914833,-0.0862429,-0.0811651,-0.0760325,-0.0709876,-0.0660385,-0.06118,-0.0563446,-0.0516529,-0.0469958,-0.0423952,-0.0378861,-0.0335558,-0.029267,-0.0251113,-0.0210809,-0.0172127,-0.0134947,-0.00992703,-0.00654456,-0.0033021,-0.000384379,0.0023817,0.00491785,0.00727144,0.00930349,0.0111029,0.0126566,0.0140015,0.0149919,0.0158644,0.0165759,0.0171688,0.0176342,0.0179993,0.0182783,0.0185261,0.0185901,0.0186968,0.0188481,0.0189397,0.0190264,0.0190894,0.0191454,0.0192004,0.0192693,0.0192278,0.0192203,0.019272,0.0193258,0.019342,0.0193684,0.0193883,0.0193759,0.0194325,0.0193905,0.0193635,0.0194029,0.019426,0.0194325,0.0194702,0.0194476,0.0194987,0.0194939,0.0194292,0.0194244,0.0194944,0.0194809,0.0195009,0.0194987,0.0195256,0.0195283,0.0195617,0.0195434,0.0195154,0.01953,0.0195531,0.0195229,0.0195655,0.0195887,0.0195644,0.0196118,0.0195574,0.019558,0.019559,0.0195612,0.0195746,0.0195914,0.0196048,0.0195897,0.0196646,0.0195973,0.019579,0.0195865,0.0196253,0.0196366,0.019628,0.0196269,0.0196431,0.0196624,0.0196447,0.0196086,0.0196194,0.0196441,0.0196361,0.0196894,0.0196829,0.0196425,0.019733,0.019656,0.0196323,0.0196861,0.0197217,0.0196915,0.0197115,0.0196931,0.0197351,0.0197147,0.0196802,0.0197061,0.0197524,0.0197314,0.0197513,0.0197346,0.0197357,0.0197831,0.0197545,0.0197265,0.0197432,0.0197653,0.0197605,0.0197572,0.0197653,0.0197551,0.0197594,0.0197933,0.0197303,0.0197432,0.0197815,0.0197826,0.019782,0.0198057,0.0197648,0.0197998,0.0198159,0.0197707,0.0197847,0.0198138,0.0198068]},"pv_cell_parameters":{"voc":{"unit":"V","value":1.08},"isc":{"unit":"mA","value":1.86},"jsc":{"unit":"mA\/cm2","value":19.74},"vopt":{"unit":"mV","value":926.65},"iopt":{"unit":"mA","value":1.74},"pmax":{"unit":"W","value":0.00161},"fill_factor":{"unit":"%","value":80.7},"efficiency":{"unit":"%","value":17.17},"cell_dimension":{"unit":"cm2","value":0.094},"irradiance":{"unit":"mW\/cm2","value":100}},"calculations":{"fitted_isc":{"unit":"mA","value":1.86},"fitted_voc":{"unit":"V","value":1.07},"rshunt":{"unit":"Kohm","value":209.1},"rseries":{"unit":"ohm","value":36.18}},"measurement_conditions":{"sweep_direction":{"unit":"","value":"Reverse"},"nplc":{"unit":"","value":0.01},"voltage_settling_time":{"unit":"s","value":0.01},"configuration_file":{"unit":"","value":"Configuration for I-V meas.conf"},"sample_id":{"unit":"","value":"R 4-3"},"note":{"unit":"","value":"\uc2dc\ub8cc\uc5d0 \uad00\ud55c \ubd80\uac00\uc801\uc778 \uc124\uba85\uc744 \uc774\uacf3\uc5d0 \uc801\uc73c\uc138\uc694. ^^"}},"key":"R 4-3_20220527"},{"V":{"unit":"V","value":[1.5,1.48995,1.4799,1.4698,1.45975,1.4497,1.43965,1.4296,1.41955,1.40945,1.3994,1.38935,1.3793,1.36925,1.35915,1.3491,1.33905,1.329,1.31895,1.3089,1.2988,1.28875,1.2787,1.26865,1.2586,1.2485,1.23845,1.2284,1.21835,1.2083,1.19825,1.18815,1.1781,1.16805,1.158,1.14795,1.13785,1.1278,1.11775,1.1077,1.09765,1.0876,1.0775,1.06745,1.0574,1.04735,1.0373,1.0272,1.01715,1.0071,0.99705,0.987,0.97695,0.96685,0.9568,0.94675,0.9367,0.92665,0.91655,0.9065,0.89645,0.8864,0.87635,0.86625,0.8562,0.84615,0.8361,0.82605,0.816,0.8059,0.79585,0.7858,0.77575,0.7657,0.7556,0.74555,0.7355,0.72545,0.7154,0.70535,0.69525,0.6852,0.67515,0.6651,0.65505,0.64495,0.6349,0.62485,0.6148,0.60475,0.5947,0.5846,0.57455,0.5645,0.55445,0.5444,0.5343,0.52425,0.5142,0.50415,0.4941,0.48405,0.47395,0.4639,0.45385,0.4438,0.43375,0.42365,0.4136,0.40355,0.3935,0.38345,0.3734,0.3633,0.35325,0.3432,0.33315,0.3231,0.313,0.30295,0.2929,0.28285,0.2728,0.2627,0.25265,0.2426,0.23255,0.2225,0.21245,0.20235,0.1923,0.18225,0.1722,0.16215,0.15205,0.142,0.13195,0.1219,0.11185,0.1018,0.0917,0.08165,0.0716,0.06155,0.0515,0.0414,0.03135,0.0213,0.01125,0.0012,-0.00885,-0.01895,-0.029,-0.03905,-0.0491,-0.05915,-0.06925,-0.0793,-0.08935,-0.0994,-0.10945,-0.1195,-0.1296,-0.13965,-0.1497,-0.15975,-0.1698,-0.1799,-0.18995,-0.2]},"I":{"unit":"A","value":[-0.0100016,-0.0100012,-0.0100015,-0.0100012,-0.0100012,-0.0100013,-0.0100013,-0.0100015,-0.0100015,-0.0100016,-0.0100013,-0.0100013,-0.0100014,-0.0100012,-0.0100015,-0.0100013,-0.0100013,-0.0100013,-0.0100015,-0.0100016,-0.0100013,-0.0100014,-0.0100012,-0.0100013,-0.0100012,-0.0100013,-0.0100011,-0.00927689,-0.00848191,-0.00771209,-0.00696737,-0.00624189,-0.00554891,-0.00487618,-0.00423199,-0.00361145,-0.00302021,-0.00245585,-0.0019455,-0.00145556,-0.000998056,-0.000574622,-0.000193102,0.000144443,0.00044323,0.000706982,0.000908922,0.00109725,0.00124689,0.00136692,0.001462,0.00153905,0.00159792,0.00164657,0.0016815,0.00170383,0.0017297,0.00174402,0.00175643,0.0017665,0.00177399,0.00178118,0.00179136,0.0017866,0.00178994,0.00179374,0.00180138,0.00180361,0.00180508,0.00180771,0.00181034,0.00181328,0.00180903,0.00180837,0.00181439,0.00181662,0.00181454,0.00181556,0.0018193,0.00181743,0.00182543,0.00181799,0.00181505,0.00181971,0.00181844,0.00181961,0.00182264,0.00182386,0.00182472,0.00182421,0.0018231,0.00182148,0.0018234,0.00182416,0.00182472,0.00182675,0.00182629,0.00182735,0.00182801,0.00182518,0.00182401,0.00182685,0.00182816,0.00182796,0.00183257,0.00182857,0.00183029,0.00183409,0.00182892,0.00182872,0.00182852,0.00182968,0.00183353,0.00183424,0.0018315,0.0018314,0.00183682,0.00183069,0.00182771,0.00183201,0.00183702,0.0018353,0.00183641,0.00183667,0.00183454,0.00184183,0.00183682,0.00183581,0.00183763,0.00183814,0.00183758,0.00183935,0.00183697,0.0018432,0.00184497,0.00183874,0.00183975,0.00184578,0.00184249,0.00184472,0.00184538,0.00184608,0.00184699,0.0018472,0.00184502,0.00184527,0.00184461,0.00184781,0.00184684,0.00184781,0.0018477,0.00184826,0.00184897,0.00184649,0.00184573,0.00184725,0.00185018,0.00184745,0.00184882,0.00184851,0.00184846,0.00185312,0.00184922,0.00184629,0.00184968,0.00184872,0.00184927,0.00185175,0.00185434,0.00185368]},"J":{"unit":"A\/cm2","value":[-0.1064,-0.106396,-0.106399,-0.106395,-0.106396,-0.106396,-0.106397,-0.106399,-0.106399,-0.1064,-0.106396,-0.106397,-0.106397,-0.106396,-0.106399,-0.106397,-0.106397,-0.106396,-0.106399,-0.1064,-0.106396,-0.106398,-0.106395,-0.106397,-0.106396,-0.106397,-0.106395,-0.0986904,-0.0902331,-0.0820435,-0.074121,-0.0664031,-0.059031,-0.0518742,-0.0450212,-0.0384196,-0.0321299,-0.0261261,-0.0206968,-0.0154846,-0.0106176,-0.006113,-0.00205428,0.00153662,0.00471521,0.00752108,0.00966939,0.0116728,0.0132648,0.0145417,0.0155531,0.0163728,0.0169992,0.0175167,0.0178883,0.0181258,0.0184011,0.0185534,0.0186854,0.0187926,0.0188723,0.0189487,0.019057,0.0190064,0.0190419,0.0190823,0.0191636,0.0191873,0.019203,0.019231,0.019259,0.0192902,0.019245,0.019238,0.0193021,0.0193258,0.0193037,0.0193144,0.0193543,0.0193344,0.0194195,0.0193403,0.0193091,0.0193586,0.0193451,0.0193575,0.0193898,0.0194028,0.0194119,0.0194065,0.0193947,0.0193775,0.0193979,0.019406,0.0194119,0.0194335,0.0194286,0.0194399,0.0194469,0.0194168,0.0194044,0.0194345,0.0194485,0.0194464,0.0194954,0.0194529,0.0194712,0.0195115,0.0194566,0.0194545,0.0194523,0.0194647,0.0195056,0.0195132,0.0194841,0.019483,0.0195406,0.0194755,0.0194437,0.0194895,0.0195428,0.0195245,0.0195363,0.019539,0.0195164,0.019594,0.0195406,0.0195299,0.0195493,0.0195546,0.0195487,0.0195676,0.0195422,0.0196085,0.0196274,0.0195611,0.0195719,0.019636,0.0196009,0.0196246,0.0196316,0.0196392,0.0196489,0.019651,0.0196279,0.0196306,0.0196236,0.0196575,0.0196473,0.0196575,0.0196564,0.0196623,0.0196699,0.0196435,0.0196354,0.0196516,0.0196828,0.0196537,0.0196683,0.019665,0.0196645,0.019714,0.0196726,0.0196413,0.0196774,0.0196672,0.0196731,0.0196995,0.019727,0.01972]},"pv_cell_parameters":{"voc":{"unit":"V","value":1.07},"isc":{"unit":"mA","value":1.85},"jsc":{"unit":"mA\/cm2","value":19.66},"vopt":{"unit":"mV","value":936.7},"iopt":{"unit":"mA","value":1.73},"pmax":{"unit":"W","value":0.0016200000000000001},"fill_factor":{"unit":"%","value":82.14},"efficiency":{"unit":"%","value":17.24},"cell_dimension":{"unit":"cm2","value":0.094},"irradiance":{"unit":"mW\/cm2","value":100}},"calculations":{"fitted_isc":{"unit":"mA","value":1.85},"fitted_voc":{"unit":"V","value":1.07},"rshunt":{"unit":"Kohm","value":150.20000000000002},"rseries":{"unit":"ohm","value":29.72}},"measurement_conditions":{"sweep_direction":{"unit":"","value":"Reverse"},"nplc":{"unit":"","value":0.01},"voltage_settling_time":{"unit":"s","value":0.01},"configuration_file":{"unit":"","value":"Configuration for I-V meas.conf"},"sample_id":{"unit":"","value":"R 4-2"},"note":{"unit":"","value":"\uc2dc\ub8cc\uc5d0 \uad00\ud55c \ubd80\uac00\uc801\uc778 \uc124\uba85\uc744 \uc774\uacf3\uc5d0 \uc801\uc73c\uc138\uc694. ^^"}},"key":"R 4-2_20220527"},{"V":{"unit":"V","value":[1.5,1.48995,1.4799,1.4698,1.45975,1.4497,1.43965,1.4296,1.41955,1.40945,1.3994,1.38935,1.3793,1.36925,1.35915,1.3491,1.33905,1.329,1.31895,1.3089,1.2988,1.28875,1.2787,1.26865,1.2586,1.2485,1.23845,1.2284,1.21835,1.2083,1.19825,1.18815,1.1781,1.16805,1.158,1.14795,1.13785,1.1278,1.11775,1.1077,1.09765,1.0876,1.0775,1.06745,1.0574,1.04735,1.0373,1.0272,1.01715,1.0071,0.99705,0.987,0.97695,0.96685,0.9568,0.94675,0.9367,0.92665,0.91655,0.9065,0.89645,0.8864,0.87635,0.86625,0.8562,0.84615,0.8361,0.82605,0.816,0.8059,0.79585,0.7858,0.77575,0.7657,0.7556,0.74555,0.7355,0.72545,0.7154,0.70535,0.69525,0.6852,0.67515,0.6651,0.65505,0.64495,0.6349,0.62485,0.6148,0.60475,0.5947,0.5846,0.57455,0.5645,0.55445,0.5444,0.5343,0.52425,0.5142,0.50415,0.4941,0.48405,0.47395,0.4639,0.45385,0.4438,0.43375,0.42365,0.4136,0.40355,0.3935,0.38345,0.3734,0.3633,0.35325,0.3432,0.33315,0.3231,0.313,0.30295,0.2929,0.28285,0.2728,0.2627,0.25265,0.2426,0.23255,0.2225,0.21245,0.20235,0.1923,0.18225,0.1722,0.16215,0.15205,0.142,0.13195,0.1219,0.11185,0.1018,0.0917,0.08165,0.0716,0.06155,0.0515,0.0414,0.03135,0.0213,0.01125,0.0012,-0.00885,-0.01895,-0.029,-0.03905,-0.0491,-0.05915,-0.06925,-0.0793,-0.08935,-0.0994,-0.10945,-0.1195,-0.1296,-0.13965,-0.1497,-0.15975,-0.1698,-0.1799,-0.18995,-0.2]},"I":{"unit":"A","value":[-0.0100013,-0.0100014,-0.0100014,-0.0100012,-0.0100015,-0.0100012,-0.010001,-0.0100013,-0.0100014,-0.0100015,-0.0100013,-0.0100015,-0.0100013,-0.0100013,-0.0100017,-0.0100013,-0.0100015,-0.0100014,-0.0100015,-0.0100013,-0.0100017,-0.0100014,-0.0100015,-0.0100015,-0.00996636,-0.00923718,-0.0085284,-0.00783769,-0.00716439,-0.00650785,-0.00587075,-0.00525252,-0.00465161,-0.00407819,-0.00351717,-0.00299781,-0.00248984,-0.00200171,-0.00154901,-0.00112335,-0.000727752,-0.000367288,-3.54219e-5,0.000265641,0.000514867,0.000743691,0.000940623,0.00111482,0.00125389,0.00137083,0.00146165,0.00153982,0.00158837,0.00163256,0.00166729,0.00169559,0.00172176,0.00173715,0.00175133,0.00176454,0.00177492,0.00177183,0.0017778,0.00178388,0.0017933,0.00179507,0.0017979,0.00180271,0.00180094,0.00181233,0.00180555,0.00180443,0.00180646,0.00181441,0.00181446,0.00181223,0.00181456,0.00181567,0.00181501,0.00181127,0.00181177,0.00181623,0.00181603,0.00181815,0.00181896,0.00182074,0.00182534,0.00182327,0.00181856,0.00181775,0.00181957,0.00182038,0.00182215,0.00182286,0.0018262,0.00182241,0.00182716,0.00182413,0.00182311,0.00182524,0.00182357,0.00182737,0.00182716,0.00182646,0.00182924,0.00182929,0.00182529,0.00182539,0.00182676,0.00183051,0.00183121,0.00183081,0.00183243,0.00183202,0.00183648,0.00183177,0.00183274,0.00182975,0.00183653,0.00183749,0.00183582,0.00183866,0.00183461,0.00183977,0.00183526,0.0018343,0.00183825,0.00184149,0.001838,0.00184169,0.00184063,0.00184088,0.00184332,0.00183982,0.00183957,0.00184326,0.00184478,0.00184696,0.00184174,0.00184367,0.00184954,0.0018458,0.00184296,0.00184645,0.00184883,0.00184797,0.00184802,0.00184666,0.0018503,0.00184863,0.00185101,0.0018463,0.00184807,0.00184979,0.00185076,0.0018503,0.00185,0.00185056,0.00185319,0.00185086,0.00184747,0.00185066,0.00185278,0.00185263,0.00185729,0.00185081,0.00185162,0.00185663,0.00185298,0.00185344]},"J":{"unit":"A\/cm2","value":[-0.106397,-0.106398,-0.106398,-0.106396,-0.106399,-0.106396,-0.106394,-0.106397,-0.106398,-0.106399,-0.106397,-0.106399,-0.106397,-0.106397,-0.106401,-0.106397,-0.106399,-0.106398,-0.106399,-0.106397,-0.106401,-0.106398,-0.106399,-0.106399,-0.106025,-0.0982679,-0.0907277,-0.0833797,-0.0762169,-0.0692325,-0.0624548,-0.0558779,-0.0494853,-0.043385,-0.0374167,-0.0318916,-0.0264876,-0.0212948,-0.0164789,-0.0119505,-0.00774204,-0.00390731,-0.000376829,0.00282597,0.00547731,0.00791161,0.0100066,0.0118598,0.0133392,0.0145833,0.0155495,0.0163811,0.0168975,0.0173677,0.0177371,0.0180382,0.0183166,0.0184804,0.0186312,0.0187717,0.0188821,0.0188493,0.0189128,0.0189775,0.0190776,0.0190965,0.0191266,0.0191778,0.0191589,0.0192801,0.019208,0.0191961,0.0192177,0.0193022,0.0193028,0.0192791,0.0193038,0.0193157,0.0193087,0.0192688,0.0192742,0.0193216,0.0193194,0.0193421,0.0193507,0.0193695,0.0194185,0.0193965,0.0193464,0.0193378,0.0193571,0.0193658,0.0193846,0.0193922,0.0194277,0.0193873,0.0194379,0.0194056,0.0193948,0.0194175,0.0193997,0.0194401,0.0194379,0.0194304,0.01946,0.0194605,0.019418,0.0194191,0.0194336,0.0194735,0.019481,0.0194767,0.0194939,0.0194896,0.019537,0.0194869,0.0194972,0.0194654,0.0195376,0.0195478,0.01953,0.0195602,0.0195171,0.019572,0.0195241,0.0195139,0.0195559,0.0195903,0.0195532,0.0195925,0.0195812,0.0195839,0.0196097,0.0195726,0.0195699,0.0196092,0.0196253,0.0196485,0.019593,0.0196135,0.019676,0.0196361,0.019606,0.0196431,0.0196684,0.0196593,0.0196598,0.0196453,0.0196841,0.0196663,0.0196916,0.0196415,0.0196604,0.0196787,0.0196889,0.0196841,0.0196808,0.0196868,0.0197148,0.01969,0.0196539,0.0196878,0.0197104,0.0197088,0.0197584,0.0196894,0.019698,0.0197514,0.0197126,0.0197174]},"pv_cell_parameters":{"voc":{"unit":"V","value":1.08},"isc":{"unit":"mA","value":1.85},"jsc":{"unit":"mA\/cm2","value":19.67},"vopt":{"unit":"mV","value":936.7},"iopt":{"unit":"mA","value":1.72},"pmax":{"unit":"W","value":0.00161},"fill_factor":{"unit":"%","value":80.97},"efficiency":{"unit":"%","value":17.16},"cell_dimension":{"unit":"cm2","value":0.094},"irradiance":{"unit":"mW\/cm2","value":100}},"calculations":{"fitted_isc":{"unit":"mA","value":1.85},"fitted_voc":{"unit":"V","value":1.07},"rshunt":{"unit":"Kohm","value":25.97},"rseries":{"unit":"ohm","value":30.71}},"measurement_conditions":{"sweep_direction":{"unit":"","value":"Reverse"},"nplc":{"unit":"","value":0.01},"voltage_settling_time":{"unit":"s","value":0.01},"configuration_file":{"unit":"","value":"Configuration for I-V meas.conf"},"sample_id":{"unit":"","value":"R 4-1"},"note":{"unit":"","value":"\uc2dc\ub8cc\uc5d0 \uad00\ud55c \ubd80\uac00\uc801\uc778 \uc124\uba85\uc744 \uc774\uacf3\uc5d0 \uc801\uc73c\uc138\uc694. ^^"}},"key":"R 4-1_20220527"},{"V":{"unit":"V","value":[1.5,1.48995,1.4799,1.4698,1.45975,1.4497,1.43965,1.4296,1.41955,1.40945,1.3994,1.38935,1.3793,1.36925,1.35915,1.3491,1.33905,1.329,1.31895,1.3089,1.2988,1.28875,1.2787,1.26865,1.2586,1.2485,1.23845,1.2284,1.21835,1.2083,1.19825,1.18815,1.1781,1.16805,1.158,1.14795,1.13785,1.1278,1.11775,1.1077,1.09765,1.0876,1.0775,1.06745,1.0574,1.04735,1.0373,1.0272,1.01715,1.0071,0.99705,0.987,0.97695,0.96685,0.9568,0.94675,0.9367,0.92665,0.91655,0.9065,0.89645,0.8864,0.87635,0.86625,0.8562,0.84615,0.8361,0.82605,0.816,0.8059,0.79585,0.7858,0.77575,0.7657,0.7556,0.74555,0.7355,0.72545,0.7154,0.70535,0.69525,0.6852,0.67515,0.6651,0.65505,0.64495,0.6349,0.62485,0.6148,0.60475,0.5947,0.5846,0.57455,0.5645,0.55445,0.5444,0.5343,0.52425,0.5142,0.50415,0.4941,0.48405,0.47395,0.4639,0.45385,0.4438,0.43375,0.42365,0.4136,0.40355,0.3935,0.38345,0.3734,0.3633,0.35325,0.3432,0.33315,0.3231,0.313,0.30295,0.2929,0.28285,0.2728,0.2627,0.25265,0.2426,0.23255,0.2225,0.21245,0.20235,0.1923,0.18225,0.1722,0.16215,0.15205,0.142,0.13195,0.1219,0.11185,0.1018,0.0917,0.08165,0.0716,0.06155,0.0515,0.0414,0.03135,0.0213,0.01125,0.0012,-0.00885,-0.01895,-0.029,-0.03905,-0.0491,-0.05915,-0.06925,-0.0793,-0.08935,-0.0994,-0.10945,-0.1195,-0.1296,-0.13965,-0.1497,-0.15975,-0.1698,-0.1799,-0.18995,-0.2]},"I":{"unit":"A","value":[-0.0100016,-0.0100014,-0.0100016,-0.0100015,-0.0100014,-0.0100014,-0.0100014,-0.0100014,-0.0100015,-0.0100014,-0.0100015,-0.0100014,-0.0100017,-0.0100015,-0.0100015,-0.0100017,-0.0100014,-0.0100012,-0.0100015,-0.0100015,-0.0100012,-0.0100014,-0.0100015,-0.0100014,-0.0100014,-0.00989501,-0.00919054,-0.00850975,-0.00784836,-0.00720053,-0.00656748,-0.00595265,-0.00535144,-0.00476866,-0.0042124,-0.00366829,-0.00314195,-0.00263104,-0.00215193,-0.00169494,-0.00126553,-0.000858345,-0.000495757,-0.000155795,0.000155884,0.00043432,0.000681416,0.000896976,0.00107917,0.00121586,0.00133994,0.00144428,0.00152052,0.00158263,0.0016282,0.00166449,0.00169041,0.00171431,0.00172438,0.0017301,0.00174463,0.00175486,0.00176306,0.00176873,0.0017702,0.00177885,0.00178088,0.0017782,0.00177728,0.00178351,0.00178559,0.0017866,0.0017908,0.00179192,0.00179333,0.00179657,0.0017902,0.00178933,0.00178939,0.00179009,0.00179389,0.00179308,0.00179774,0.00179738,0.00180017,0.00179369,0.00179075,0.00179485,0.00179946,0.00179991,0.0017989,0.00179926,0.00180341,0.00180523,0.00179703,0.00179819,0.0018032,0.00180209,0.00180407,0.00180366,0.00180467,0.00180326,0.00181034,0.00180295,0.00180093,0.00180498,0.00180432,0.00180305,0.00180867,0.00180913,0.00180984,0.00181353,0.00180999,0.00180649,0.00180847,0.00181211,0.00181252,0.00181287,0.00181313,0.00181186,0.00181546,0.00181348,0.0018109,0.00181414,0.00181429,0.00181804,0.00181551,0.00181292,0.00181738,0.00181941,0.00181399,0.00181444,0.00181773,0.00181814,0.00181758,0.00182006,0.00181773,0.00181804,0.00182189,0.00181768,0.00181703,0.00182133,0.0018189,0.0018234,0.00182366,0.00182194,0.00182533,0.00182482,0.00182376,0.0018229,0.00182011,0.00182396,0.0018274,0.00182675,0.00182553,0.00182568,0.00182756,0.00182563,0.0018229,0.0018272,0.00182578,0.00182791,0.00182831,0.00182761,0.00182983,0.00182735,0.00182634,0.00182705,0.00183004,0.00183004]},"J":{"unit":"A\/cm2","value":[-0.1064,-0.106398,-0.1064,-0.106399,-0.106397,-0.106397,-0.106397,-0.106397,-0.106399,-0.106397,-0.106399,-0.106398,-0.106401,-0.106399,-0.106399,-0.106401,-0.106398,-0.106396,-0.106399,-0.106399,-0.106395,-0.106398,-0.106399,-0.106398,-0.106398,-0.105266,-0.0977717,-0.0905293,-0.0834932,-0.0766014,-0.0698668,-0.0633261,-0.0569303,-0.0507304,-0.0448128,-0.0390244,-0.033425,-0.0279898,-0.0228929,-0.0180312,-0.0134631,-0.00913133,-0.00527401,-0.0016574,0.00165834,0.00462042,0.00724911,0.0095423,0.0114806,0.0129347,0.0142547,0.0153646,0.0161757,0.0168365,0.0173212,0.0177074,0.0179831,0.0182373,0.0183445,0.0184054,0.0185599,0.0186687,0.018756,0.0188163,0.0188319,0.018924,0.0189455,0.018917,0.0189073,0.0189735,0.0189956,0.0190064,0.0190511,0.0190629,0.019078,0.0191125,0.0190446,0.0190355,0.019036,0.0190435,0.0190839,0.0190753,0.0191249,0.0191211,0.0191507,0.0190818,0.0190506,0.0190942,0.0191432,0.019148,0.0191373,0.019141,0.0191852,0.0192046,0.0191173,0.0191297,0.019183,0.0191712,0.0191922,0.0191879,0.0191986,0.0191836,0.019259,0.0191803,0.0191588,0.0192019,0.0191949,0.0191814,0.0192412,0.0192461,0.0192536,0.0192929,0.0192552,0.019218,0.019239,0.0192778,0.0192821,0.0192859,0.0192886,0.0192751,0.0193134,0.0192924,0.0192649,0.0192994,0.019301,0.0193408,0.0193139,0.0192864,0.0193338,0.0193554,0.0192977,0.0193026,0.0193376,0.0193419,0.019336,0.0193624,0.0193376,0.0193408,0.0193818,0.0193371,0.0193301,0.0193758,0.01935,0.0193979,0.0194006,0.0193823,0.0194184,0.019413,0.0194017,0.0193925,0.0193629,0.0194038,0.0194405,0.0194335,0.0194205,0.0194221,0.0194421,0.0194216,0.0193925,0.0194383,0.0194232,0.0194459,0.0194501,0.0194426,0.0194663,0.0194399,0.0194291,0.0194367,0.0194685,0.0194685]},"pv_cell_parameters":{"voc":{"unit":"V","value":1.07},"isc":{"unit":"mA","value":1.82},"jsc":{"unit":"mA\/cm2","value":19.39},"vopt":{"unit":"mV","value":926.65},"iopt":{"unit":"mA","value":1.71},"pmax":{"unit":"W","value":0.00159},"fill_factor":{"unit":"%","value":81.64},"efficiency":{"unit":"%","value":16.9},"cell_dimension":{"unit":"cm2","value":0.094},"irradiance":{"unit":"mW\/cm2","value":100}},"calculations":{"fitted_isc":{"unit":"mA","value":1.82},"fitted_voc":{"unit":"V","value":1.06},"rshunt":{"unit":"Kohm","value":33.03},"rseries":{"unit":"ohm","value":29.66}},"measurement_conditions":{"sweep_direction":{"unit":"","value":"Reverse"},"nplc":{"unit":"","value":0.01},"voltage_settling_time":{"unit":"s","value":0.01},"configuration_file":{"unit":"","value":"Configuration for I-V meas.conf"},"sample_id":{"unit":"","value":"R 3-4"},"note":{"unit":"","value":"\uc2dc\ub8cc\uc5d0 \uad00\ud55c \ubd80\uac00\uc801\uc778 \uc124\uba85\uc744 \uc774\uacf3\uc5d0 \uc801\uc73c\uc138\uc694. ^^"}},"key":"R 3-4_20220527"},{"V":{"unit":"V","value":[1.5,1.48995,1.4799,1.4698,1.45975,1.4497,1.43965,1.4296,1.41955,1.40945,1.3994,1.38935,1.3793,1.36925,1.35915,1.3491,1.33905,1.329,1.31895,1.3089,1.2988,1.28875,1.2787,1.26865,1.2586,1.2485,1.23845,1.2284,1.21835,1.2083,1.19825,1.18815,1.1781,1.16805,1.158,1.14795,1.13785,1.1278,1.11775,1.1077,1.09765,1.0876,1.0775,1.06745,1.0574,1.04735,1.0373,1.0272,1.01715,1.0071,0.99705,0.987,0.97695,0.96685,0.9568,0.94675,0.9367,0.92665,0.91655,0.9065,0.89645,0.8864,0.87635,0.86625,0.8562,0.84615,0.8361,0.82605,0.816,0.8059,0.79585,0.7858,0.77575,0.7657,0.7556,0.74555,0.7355,0.72545,0.7154,0.70535,0.69525,0.6852,0.67515,0.6651,0.65505,0.64495,0.6349,0.62485,0.6148,0.60475,0.5947,0.5846,0.57455,0.5645,0.55445,0.5444,0.5343,0.52425,0.5142,0.50415,0.4941,0.48405,0.47395,0.4639,0.45385,0.4438,0.43375,0.42365,0.4136,0.40355,0.3935,0.38345,0.3734,0.3633,0.35325,0.3432,0.33315,0.3231,0.313,0.30295,0.2929,0.28285,0.2728,0.2627,0.25265,0.2426,0.23255,0.2225,0.21245,0.20235,0.1923,0.18225,0.1722,0.16215,0.15205,0.142,0.13195,0.1219,0.11185,0.1018,0.0917,0.08165,0.0716,0.06155,0.0515,0.0414,0.03135,0.0213,0.01125,0.0012,-0.00885,-0.01895,-0.029,-0.03905,-0.0491,-0.05915,-0.06925,-0.0793,-0.08935,-0.0994,-0.10945,-0.1195,-0.1296,-0.13965,-0.1497,-0.15975,-0.1698,-0.1799,-0.18995,-0.2]},"I":{"unit":"A","value":[-0.0100021,-0.0100019,-0.010002,-0.010002,-0.0100019,-0.0100022,-0.0100018,-0.010002,-0.0100019,-0.0100018,-0.0100019,-0.0100018,-0.0100019,-0.0100021,-0.0100019,-0.010002,-0.0100019,-0.0100019,-0.0100019,-0.0100021,-0.0100019,-0.0100022,-0.00954843,-0.00889306,-0.00825051,-0.00761372,-0.00699795,-0.00638819,-0.00580269,-0.00522235,-0.00465891,-0.00411006,-0.00358196,-0.00307614,-0.00258667,-0.00211835,-0.00168416,-0.00126961,-0.000873486,-0.000511026,-0.000179598,0.0001241,0.000394706,0.000633161,0.000843165,0.00101236,0.00116207,0.00128565,0.00139303,0.00147146,0.00153864,0.00158669,0.00163645,0.00165868,0.00167837,0.00170146,0.00171518,0.00173108,0.00174161,0.00174819,0.00175781,0.00176495,0.00176464,0.00176925,0.00177507,0.00178044,0.0017856,0.00178844,0.00178864,0.00179041,0.00179593,0.00179446,0.00179406,0.00179568,0.00180008,0.00179993,0.00179932,0.0018017,0.0018055,0.001806,0.00180363,0.00180307,0.00180621,0.00180418,0.00180767,0.00180859,0.00180838,0.00181041,0.00180788,0.00180864,0.00180859,0.00180778,0.00181314,0.00181243,0.0018134,0.00181279,0.00181122,0.00181866,0.00180975,0.00181294,0.00181527,0.00181532,0.00181501,0.00181446,0.0018176,0.00182084,0.00181937,0.00181593,0.00181684,0.00182119,0.00181562,0.00182028,0.00182286,0.00182215,0.00182129,0.00182545,0.00182312,0.00181851,0.0018216,0.00182626,0.00182388,0.00182545,0.00182565,0.00182595,0.00182732,0.00182545,0.00182464,0.00182782,0.00182858,0.00182889,0.00183076,0.0018299,0.00183198,0.00183218,0.00183,0.0018296,0.00183005,0.00182939,0.00183233,0.0018337,0.0018335,0.00183253,0.00183537,0.00183299,0.00183218,0.00183274,0.00183593,0.00183547,0.00183425,0.00183425,0.00183567,0.00183856,0.00183547,0.00183486,0.00183744,0.00183633,0.00183765,0.00183704,0.00183431,0.00184053,0.00183836,0.00184018,0.00183891,0.00183901,0.00184139,0.00183962,0.0018417,0.00184159,0.00184271,0.00184473]},"J":{"unit":"A\/cm2","value":[-0.106405,-0.106403,-0.106404,-0.106404,-0.106403,-0.106406,-0.106402,-0.106404,-0.106403,-0.106402,-0.106403,-0.106402,-0.106403,-0.106405,-0.106403,-0.106404,-0.106403,-0.106403,-0.106403,-0.106405,-0.106403,-0.106406,-0.101579,-0.0946071,-0.0877714,-0.080997,-0.0744462,-0.0679595,-0.0617307,-0.0555569,-0.0495629,-0.0437241,-0.038106,-0.0327249,-0.0275177,-0.0225357,-0.0179166,-0.0135065,-0.00929241,-0.00543645,-0.00191062,0.00132021,0.004199,0.00673576,0.00896984,0.0107698,0.0123625,0.0136771,0.0148195,0.0156538,0.0163685,0.0168796,0.0174091,0.0176455,0.017855,0.0181006,0.0182466,0.0184157,0.0185277,0.0185977,0.0187001,0.018776,0.0187728,0.0188218,0.0188837,0.0189408,0.0189958,0.0190259,0.0190281,0.0190469,0.0191056,0.01909,0.0190857,0.0191029,0.0191498,0.0191482,0.0191417,0.019167,0.0192074,0.0192128,0.0191875,0.0191816,0.019215,0.0191934,0.0192306,0.0192403,0.0192381,0.0192597,0.0192327,0.0192408,0.0192403,0.0192317,0.0192888,0.0192812,0.0192915,0.019285,0.0192683,0.0193475,0.0192527,0.0192866,0.0193114,0.0193119,0.0193087,0.0193028,0.0193362,0.0193706,0.019355,0.0193184,0.0193281,0.0193744,0.0193152,0.0193647,0.0193922,0.0193846,0.0193755,0.0194196,0.0193949,0.0193459,0.0193787,0.0194283,0.0194029,0.0194196,0.0194218,0.019425,0.0194396,0.0194196,0.019411,0.0194449,0.019453,0.0194563,0.0194762,0.019467,0.0194891,0.0194913,0.0194681,0.0194638,0.0194686,0.0194616,0.0194929,0.0195074,0.0195053,0.019495,0.0195252,0.0194999,0.0194913,0.0194972,0.0195311,0.0195263,0.0195134,0.0195134,0.0195284,0.0195591,0.0195263,0.0195198,0.0195473,0.0195354,0.0195494,0.019543,0.0195139,0.0195801,0.019557,0.0195764,0.0195629,0.019564,0.0195893,0.0195704,0.0195925,0.0195914,0.0196033,0.0196248]},"pv_cell_parameters":{"voc":{"unit":"V","value":1.09},"isc":{"unit":"mA","value":1.83},"jsc":{"unit":"mA\/cm2","value":19.51},"vopt":{"unit":"mV","value":946.75},"iopt":{"unit":"mA","value":1.7},"pmax":{"unit":"W","value":0.00161},"fill_factor":{"unit":"%","value":80.75},"efficiency":{"unit":"%","value":17.14},"cell_dimension":{"unit":"cm2","value":0.094},"irradiance":{"unit":"mW\/cm2","value":100}},"calculations":{"fitted_isc":{"unit":"mA","value":1.84},"fitted_voc":{"unit":"V","value":1.09},"rshunt":{"unit":"Kohm","value":155.78},"rseries":{"unit":"ohm","value":33.45}},"measurement_conditions":{"sweep_direction":{"unit":"","value":"Reverse"},"nplc":{"unit":"","value":0.01},"voltage_settling_time":{"unit":"s","value":0.01},"configuration_file":{"unit":"","value":"Configuration for I-V meas.conf"},"sample_id":{"unit":"","value":"R 3-3"},"note":{"unit":"","value":"\uc2dc\ub8cc\uc5d0 \uad00\ud55c \ubd80\uac00\uc801\uc778 \uc124\uba85\uc744 \uc774\uacf3\uc5d0 \uc801\uc73c\uc138\uc694. ^^"}},"key":"R 3-3_20220527"},{"V":{"unit":"V","value":[1.5,1.48995,1.4799,1.4698,1.45975,1.4497,1.43965,1.4296,1.41955,1.40945,1.3994,1.38935,1.3793,1.36925,1.35915,1.3491,1.33905,1.329,1.31895,1.3089,1.2988,1.28875,1.2787,1.26865,1.2586,1.2485,1.23845,1.2284,1.21835,1.2083,1.19825,1.18815,1.1781,1.16805,1.158,1.14795,1.13785,1.1278,1.11775,1.1077,1.09765,1.0876,1.0775,1.06745,1.0574,1.04735,1.0373,1.0272,1.01715,1.0071,0.99705,0.987,0.97695,0.96685,0.9568,0.94675,0.9367,0.92665,0.91655,0.9065,0.89645,0.8864,0.87635,0.86625,0.8562,0.84615,0.8361,0.82605,0.816,0.8059,0.79585,0.7858,0.77575,0.7657,0.7556,0.74555,0.7355,0.72545,0.7154,0.70535,0.69525,0.6852,0.67515,0.6651,0.65505,0.64495,0.6349,0.62485,0.6148,0.60475,0.5947,0.5846,0.57455,0.5645,0.55445,0.5444,0.5343,0.52425,0.5142,0.50415,0.4941,0.48405,0.47395,0.4639,0.45385,0.4438,0.43375,0.42365,0.4136,0.40355,0.3935,0.38345,0.3734,0.3633,0.35325,0.3432,0.33315,0.3231,0.313,0.30295,0.2929,0.28285,0.2728,0.2627,0.25265,0.2426,0.23255,0.2225,0.21245,0.20235,0.1923,0.18225,0.1722,0.16215,0.15205,0.142,0.13195,0.1219,0.11185,0.1018,0.0917,0.08165,0.0716,0.06155,0.0515,0.0414,0.03135,0.0213,0.01125,0.0012,-0.00885,-0.01895,-0.029,-0.03905,-0.0491,-0.05915,-0.06925,-0.0793,-0.08935,-0.0994,-0.10945,-0.1195,-0.1296,-0.13965,-0.1497,-0.15975,-0.1698,-0.1799,-0.18995,-0.2]},"I":{"unit":"A","value":[-0.0100015,-0.0100013,-0.0100014,-0.0100014,-0.0100014,-0.0100017,-0.0100014,-0.0100015,-0.0100015,-0.0100016,-0.0100013,-0.0100016,-0.0100013,-0.0100013,-0.0100013,-0.0100015,-0.0100016,-0.0100013,-0.0100015,-0.0100013,-0.0100014,-0.0100014,-0.0100013,-0.0100016,-0.0100015,-0.0100014,-0.0100014,-0.0100013,-0.00919183,-0.0083894,-0.00761142,-0.00685404,-0.00612076,-0.00541243,-0.00472992,-0.00408265,-0.00345592,-0.00285926,-0.00229277,-0.0017599,-0.00126701,-0.000811833,-0.000389054,-3.00575e-5,0.00029242,0.000584679,0.000835068,0.00104147,0.00121147,0.00135256,0.00146069,0.00155065,0.0016075,0.00165352,0.00169179,0.00172146,0.00174627,0.00176404,0.0017771,0.00178828,0.00179765,0.00179917,0.00179897,0.00180626,0.00180935,0.0018138,0.00181957,0.00181846,0.00182241,0.00182828,0.00182003,0.00182241,0.00182549,0.00182788,0.00182914,0.00182833,0.00183121,0.00183294,0.00183415,0.00183,0.00182894,0.00183101,0.00183127,0.00183132,0.00183375,0.00183461,0.00183673,0.00183653,0.00183111,0.00183268,0.00183193,0.00183678,0.00183729,0.0018378,0.00183663,0.00183451,0.00184225,0.00183688,0.00183643,0.00183759,0.00184114,0.00184291,0.00183734,0.00184134,0.00184337,0.00184413,0.00184159,0.00184063,0.00184261,0.00184498,0.00184276,0.00184595,0.00184696,0.00184706,0.00185268,0.00184494,0.00184509,0.00184721,0.00185111,0.00184873,0.00185126,0.00185309,0.00185147,0.0018547,0.00185101,0.00184691,0.00184944,0.00185182,0.00185293,0.00185314,0.00184984,0.00185658,0.00185202,0.00185309,0.00184919,0.00185374,0.00185536,0.00185111,0.0018546,0.00185572,0.00185521,0.0018583,0.00185384,0.00185506,0.00185627,0.00185526,0.00185967,0.00185658,0.0018586,0.00185698,0.00186088,0.00185653,0.00185658,0.00185876,0.00186114,0.00186195,0.00186098,0.00186108,0.00186114,0.0018579,0.00185673,0.00185719,0.00186296,0.00186336,0.00186174,0.00186199,0.00186159,0.00186427,0.00185865,0.00186529]},"J":{"unit":"A\/cm2","value":[-0.106399,-0.106397,-0.106398,-0.106398,-0.106398,-0.106401,-0.106398,-0.106399,-0.106399,-0.1064,-0.106397,-0.1064,-0.106397,-0.106397,-0.106397,-0.106399,-0.1064,-0.106397,-0.106399,-0.106397,-0.106398,-0.106398,-0.106397,-0.1064,-0.106399,-0.106398,-0.106398,-0.106397,-0.0977854,-0.0892489,-0.0809725,-0.0729153,-0.0651145,-0.0575791,-0.0503183,-0.0434324,-0.0367651,-0.0304177,-0.0243912,-0.0187223,-0.0134788,-0.00863652,-0.00413888,-0.000319761,0.00311086,0.00621999,0.00888371,0.0110794,0.0128879,0.0143889,0.0155393,0.0164963,0.0171011,0.0175907,0.0179978,0.0183134,0.0185773,0.0187664,0.0189053,0.0190243,0.019124,0.0191401,0.0191379,0.0192155,0.0192484,0.0192958,0.0193571,0.0193453,0.0193873,0.0194498,0.019362,0.0193873,0.0194202,0.0194455,0.0194589,0.0194503,0.019481,0.0194993,0.0195123,0.0194681,0.0194568,0.0194789,0.0194815,0.0194821,0.0195079,0.0195171,0.0195397,0.0195376,0.0194799,0.0194966,0.0194886,0.0195403,0.0195456,0.019551,0.0195386,0.019516,0.0195984,0.0195413,0.0195365,0.0195489,0.0195866,0.0196054,0.0195462,0.0195887,0.0196103,0.0196184,0.0195914,0.0195812,0.0196022,0.0196275,0.0196038,0.0196377,0.0196485,0.0196496,0.0197094,0.019627,0.0196286,0.0196512,0.0196927,0.0196674,0.0196943,0.0197137,0.0196964,0.0197309,0.0196916,0.019648,0.0196749,0.0197002,0.0197121,0.0197142,0.0196792,0.0197508,0.0197024,0.0197137,0.0196722,0.0197207,0.0197379,0.0196927,0.0197298,0.0197417,0.0197363,0.0197691,0.0197217,0.0197347,0.0197476,0.0197368,0.0197837,0.0197508,0.0197724,0.0197551,0.0197966,0.0197503,0.0197508,0.019774,0.0197993,0.0198079,0.0197977,0.0197988,0.0197993,0.0197648,0.0197525,0.0197573,0.0198187,0.019823,0.0198058,0.0198085,0.0198042,0.0198327,0.0197729,0.0198435]},"pv_cell_parameters":{"voc":{"unit":"V","value":1.07},"isc":{"unit":"mA","value":1.86},"jsc":{"unit":"mA\/cm2","value":19.76},"vopt":{"unit":"mV","value":936.7},"iopt":{"unit":"mA","value":1.75},"pmax":{"unit":"W","value":0.00164},"fill_factor":{"unit":"%","value":82.52},"efficiency":{"unit":"%","value":17.4},"cell_dimension":{"unit":"cm2","value":0.094},"irradiance":{"unit":"mW\/cm2","value":100}},"calculations":{"fitted_isc":{"unit":"mA","value":1.86},"fitted_voc":{"unit":"V","value":1.06},"rshunt":{"unit":"Kohm","value":20.88},"rseries":{"unit":"ohm","value":27.17}},"measurement_conditions":{"sweep_direction":{"unit":"","value":"Reverse"},"nplc":{"unit":"","value":0.01},"voltage_settling_time":{"unit":"s","value":0.01},"configuration_file":{"unit":"","value":"Configuration for I-V meas.conf"},"sample_id":{"unit":"","value":"R 3-2"},"note":{"unit":"","value":"\uc2dc\ub8cc\uc5d0 \uad00\ud55c \ubd80\uac00\uc801\uc778 \uc124\uba85\uc744 \uc774\uacf3\uc5d0 \uc801\uc73c\uc138\uc694. ^^"}},"key":"R 3-2_20220527"}]},"jvcnt":7,"analysisInfo":{"JV":[{"efficiency":16.78,"fill_factor":80.45,"jsc":19.18,"voc":1.09,"key":"R 4-4_20220527","cell_dimension":0.094},{"efficiency":17.17,"fill_factor":80.7,"jsc":19.74,"voc":1.08,"key":"R 4-3_20220527","cell_dimension":0.094},{"efficiency":17.24,"fill_factor":82.14,"jsc":19.66,"voc":1.07,"key":"R 4-2_20220527","cell_dimension":0.094},{"efficiency":17.16,"fill_factor":80.97,"jsc":19.67,"voc":1.08,"key":"R 4-1_20220527","cell_dimension":0.094},{"efficiency":16.9,"fill_factor":81.64,"jsc":19.39,"voc":1.07,"key":"R 3-4_20220527","cell_dimension":0.094},{"efficiency":17.14,"fill_factor":80.75,"jsc":19.51,"voc":1.09,"key":"R 3-3_20220527","cell_dimension":0.094},{"efficiency":17.4,"fill_factor":82.52,"jsc":19.76,"voc":1.07,"key":"R 3-2_20220527","cell_dimension":0.094}]},"public":2,"analysis":{"JV":[{"V":{"unit":"V","value":[1.5,1.48995,1.4799,1.4698,1.45975,1.4497,1.43965,1.4296,1.41955,1.40945,1.3994,1.38935,1.3793,1.36925,1.35915,1.3491,1.33905,1.329,1.31895,1.3089,1.2988,1.28875,1.2787,1.26865,1.2586,1.2485,1.23845,1.2284,1.21835,1.2083,1.19825,1.18815,1.1781,1.16805,1.158,1.14795,1.13785,1.1278,1.11775,1.1077,1.09765,1.0876,1.0775,1.06745,1.0574,1.04735,1.0373,1.0272,1.01715,1.0071,0.99705,0.987,0.97695,0.96685,0.9568,0.94675,0.9367,0.92665,0.91655,0.9065,0.89645,0.8864,0.87635,0.86625,0.8562,0.84615,0.8361,0.82605,0.816,0.8059,0.79585,0.7858,0.77575,0.7657,0.7556,0.74555,0.7355,0.72545,0.7154,0.70535,0.69525,0.6852,0.67515,0.6651,0.65505,0.64495,0.6349,0.62485,0.6148,0.60475,0.5947,0.5846,0.57455,0.5645,0.55445,0.5444,0.5343,0.52425,0.5142,0.50415,0.4941,0.48405,0.47395,0.4639,0.45385,0.4438,0.43375,0.42365,0.4136,0.40355,0.3935,0.38345,0.3734,0.3633,0.35325,0.3432,0.33315,0.3231,0.313,0.30295,0.2929,0.28285,0.2728,0.2627,0.25265,0.2426,0.23255,0.2225,0.21245,0.20235,0.1923,0.18225,0.1722,0.16215,0.15205,0.142,0.13195,0.1219,0.11185,0.1018,0.0917,0.08165,0.0716,0.06155,0.0515,0.0414,0.03135,0.0213,0.01125,0.0012,-0.00885,-0.01895,-0.029,-0.03905,-0.0491,-0.05915,-0.06925,-0.0793,-0.08935,-0.0994,-0.10945,-0.1195,-0.1296,-0.13965,-0.1497,-0.15975,-0.1698,-0.1799,-0.18995,-0.2]},"I":{"unit":"A","value":[-0.0100013,-0.010001,-0.010001,-0.0100009,-0.0100012,-0.0100013,-0.0100012,-0.0100013,-0.0100012,-0.010001,-0.010001,-0.0100009,-0.010001,-0.0100012,-0.0100012,-0.010001,-0.010001,-0.0100012,-0.0100012,-0.0100011,-0.0100012,-0.0100014,-0.00991935,-0.0092443,-0.0085862,-0.00794102,-0.00731086,-0.00669083,-0.00608735,-0.00549886,-0.0049255,-0.00436961,-0.00383239,-0.00331238,-0.00283419,-0.00235558,-0.00190022,-0.00146469,-0.00106622,-0.000690834,-0.00034455,-2.66647e-5,0.000247967,0.000498351,0.000718664,0.000916148,0.00107652,0.00121305,0.00132002,0.00141454,0.00148065,0.00153583,0.00157836,0.00162103,0.00164457,0.00166563,0.00168396,0.0016995,0.00170309,0.00170937,0.0017196,0.00172952,0.00173235,0.00173909,0.00174476,0.00174881,0.00175625,0.00175159,0.00175306,0.00175478,0.00175979,0.00176389,0.00176602,0.00176577,0.00176582,0.00177194,0.00176738,0.00176713,0.00177133,0.00177381,0.00177316,0.00177275,0.00177549,0.00177447,0.00177989,0.00177746,0.00177159,0.00177685,0.00177893,0.0017765,0.00178019,0.0017813,0.00178166,0.00178424,0.00178176,0.00177979,0.00178232,0.00178343,0.00178612,0.00178591,0.001785,0.00178348,0.00178941,0.00178591,0.00178283,0.00178591,0.00178956,0.00178799,0.0017892,0.00178845,0.00179006,0.00179153,0.00178849,0.00178824,0.00179351,0.00179138,0.00179194,0.00179275,0.00179113,0.00179609,0.00179477,0.00179138,0.00179113,0.00179452,0.00179325,0.0017969,0.00179528,0.00179675,0.00179943,0.00180181,0.00180039,0.0017972,0.00179599,0.00180262,0.00180075,0.0018012,0.00180075,0.00179912,0.00180196,0.00179781,0.00179938,0.00180272,0.00180151,0.00180378,0.00180242,0.00180388,0.00180505,0.00180353,0.00180338,0.00180277,0.00180181,0.00180611,0.00180768,0.00180307,0.00180793,0.00180778,0.00181158,0.0018055,0.00180702,0.00180839,0.00180884,0.00180748,0.00180874,0.00181057,0.00181143,0.00181117,0.00180935,0.00180879,0.00181057,0.00180986]},"J":{"unit":"A\/cm2","value":[-0.106397,-0.106394,-0.106394,-0.106393,-0.106396,-0.106397,-0.106395,-0.106397,-0.106395,-0.106394,-0.106394,-0.106393,-0.106394,-0.106395,-0.106395,-0.106394,-0.106394,-0.106396,-0.106395,-0.106395,-0.106395,-0.106397,-0.105525,-0.0983436,-0.0913426,-0.0844789,-0.0777751,-0.0711791,-0.0647591,-0.0584985,-0.052399,-0.0464852,-0.0407701,-0.0352381,-0.0301509,-0.0250594,-0.0202151,-0.0155819,-0.0113428,-0.00734929,-0.00366543,-0.000283667,0.00263794,0.0053016,0.00764537,0.00974625,0.0114524,0.0129048,0.0140428,0.0150483,0.0157516,0.0163386,0.016791,0.017245,0.0174954,0.0177195,0.0179144,0.0180798,0.018118,0.0181848,0.0182936,0.0183991,0.0184293,0.0185009,0.0185612,0.0186043,0.0186835,0.0186339,0.0186496,0.0186679,0.0187212,0.0187648,0.0187874,0.0187847,0.0187853,0.0188504,0.018802,0.0187993,0.018844,0.0188704,0.0188634,0.018859,0.0188881,0.0188774,0.018935,0.0189091,0.0188467,0.0189027,0.0189248,0.0188989,0.0189382,0.0189501,0.0189538,0.0189813,0.0189549,0.0189339,0.0189608,0.0189727,0.0190012,0.0189991,0.0189894,0.0189732,0.0190362,0.0189991,0.0189662,0.0189991,0.0190378,0.0190211,0.0190341,0.019026,0.0190432,0.0190588,0.0190265,0.0190239,0.0190799,0.0190572,0.0190632,0.0190718,0.0190545,0.0191073,0.0190933,0.0190572,0.0190545,0.0190906,0.0190771,0.0191159,0.0190987,0.0191143,0.0191429,0.0191682,0.0191531,0.0191192,0.0191062,0.0191768,0.0191569,0.0191617,0.0191569,0.0191396,0.0191698,0.0191256,0.0191423,0.0191779,0.019165,0.0191892,0.0191746,0.0191903,0.0192026,0.0191865,0.0191849,0.0191784,0.0191682,0.019214,0.0192306,0.0191816,0.0192333,0.0192317,0.0192721,0.0192075,0.0192236,0.0192382,0.019243,0.0192285,0.019242,0.0192613,0.0192705,0.0192678,0.0192484,0.0192425,0.0192613,0.0192538]},"pv_cell_parameters":{"voc":{"unit":"V","value":1.09},"isc":{"unit":"mA","value":1.8000000000000003},"jsc":{"unit":"mA\/cm2","value":19.18},"vopt":{"unit":"mV","value":936.7},"iopt":{"unit":"mA","value":1.6800000000000002},"pmax":{"unit":"W","value":0.00158},"fill_factor":{"unit":"%","value":80.45},"efficiency":{"unit":"%","value":16.78},"cell_dimension":{"unit":"cm2","value":0.094},"irradiance":{"unit":"mW\/cm2","value":100}},"calculations":{"fitted_isc":{"unit":"mA","value":1.8000000000000003},"fitted_voc":{"unit":"V","value":1.08},"rshunt":{"unit":"Kohm","value":17.17},"rseries":{"unit":"ohm","value":32.17}},"measurement_conditions":{"sweep_direction":{"unit":"","value":"Reverse"},"nplc":{"unit":"","value":0.01},"voltage_settling_time":{"unit":"s","value":0.01},"configuration_file":{"unit":"","value":"Configuration for I-V meas.conf"},"sample_id":{"unit":"","value":"R 4-4"},"note":{"unit":"","value":"\uc2dc\ub8cc\uc5d0 \uad00\ud55c \ubd80\uac00\uc801\uc778 \uc124\uba85\uc744 \uc774\uacf3\uc5d0 \uc801\uc73c\uc138\uc694. ^^"}},"key":"R 4-4_20220527","sweep_direction":{"unit":"","value":"Reverse"},"jsc":{"unit":"mA\/cm2","value":19.18},"voc":{"unit":"V","value":1.09},"efficiency":{"unit":"%","value":16.78},"fill_factor":{"unit":"%","value":80.45},"cell_dimension":{"unit":"cm2","value":0.094}},{"V":{"unit":"V","value":[1.5,1.48995,1.4799,1.4698,1.45975,1.4497,1.43965,1.4296,1.41955,1.40945,1.3994,1.38935,1.3793,1.36925,1.35915,1.3491,1.33905,1.329,1.31895,1.3089,1.2988,1.28875,1.2787,1.26865,1.2586,1.2485,1.23845,1.2284,1.21835,1.2083,1.19825,1.18815,1.1781,1.16805,1.158,1.14795,1.13785,1.1278,1.11775,1.1077,1.09765,1.0876,1.0775,1.06745,1.0574,1.04735,1.0373,1.0272,1.01715,1.0071,0.99705,0.987,0.97695,0.96685,0.9568,0.94675,0.9367,0.92665,0.91655,0.9065,0.89645,0.8864,0.87635,0.86625,0.8562,0.84615,0.8361,0.82605,0.816,0.8059,0.79585,0.7858,0.77575,0.7657,0.7556,0.74555,0.7355,0.72545,0.7154,0.70535,0.69525,0.6852,0.67515,0.6651,0.65505,0.64495,0.6349,0.62485,0.6148,0.60475,0.5947,0.5846,0.57455,0.5645,0.55445,0.5444,0.5343,0.52425,0.5142,0.50415,0.4941,0.48405,0.47395,0.4639,0.45385,0.4438,0.43375,0.42365,0.4136,0.40355,0.3935,0.38345,0.3734,0.3633,0.35325,0.3432,0.33315,0.3231,0.313,0.30295,0.2929,0.28285,0.2728,0.2627,0.25265,0.2426,0.23255,0.2225,0.21245,0.20235,0.1923,0.18225,0.1722,0.16215,0.15205,0.142,0.13195,0.1219,0.11185,0.1018,0.0917,0.08165,0.0716,0.06155,0.0515,0.0414,0.03135,0.0213,0.01125,0.0012,-0.00885,-0.01895,-0.029,-0.03905,-0.0491,-0.05915,-0.06925,-0.0793,-0.08935,-0.0994,-0.10945,-0.1195,-0.1296,-0.13965,-0.1497,-0.15975,-0.1698,-0.1799,-0.18995,-0.2]},"I":{"unit":"A","value":[-0.0100016,-0.0100016,-0.0100017,-0.0100015,-0.0100014,-0.0100017,-0.0100018,-0.0100014,-0.0100015,-0.0100017,-0.0100015,-0.0100016,-0.0100015,-0.0100016,-0.0100015,-0.0100016,-0.0100015,-0.0100016,-0.0100016,-0.00959859,-0.00909653,-0.00859943,-0.00810683,-0.00762952,-0.00714705,-0.00667283,-0.00620762,-0.00575092,-0.00529639,-0.00485538,-0.0044176,-0.00398515,-0.00356129,-0.00315425,-0.0027511,-0.00236046,-0.00198161,-0.00161799,-0.00126851,-0.000933141,-0.000615189,-0.000310398,-3.61316e-5,0.00022388,0.000462278,0.000683515,0.000874528,0.00104367,0.00118972,0.00131614,0.00140924,0.00149125,0.00155813,0.00161387,0.00165761,0.00169194,0.00171816,0.00174145,0.00174747,0.0017575,0.00177172,0.00178033,0.00178848,0.0017944,0.00179967,0.00180483,0.00181131,0.00180741,0.00180671,0.00181157,0.00181663,0.00181815,0.00182063,0.0018225,0.00182134,0.00182665,0.0018227,0.00182017,0.00182387,0.00182605,0.00182665,0.0018302,0.00182807,0.00183288,0.00183242,0.00182635,0.00182589,0.00183248,0.00183121,0.00183308,0.00183288,0.00183541,0.00183566,0.0018388,0.00183708,0.00183445,0.00183582,0.00183799,0.00183516,0.00183916,0.00184133,0.00183906,0.00184351,0.0018384,0.00183845,0.00183855,0.00183875,0.00184002,0.00184159,0.00184285,0.00184143,0.00184847,0.00184214,0.00184042,0.00184113,0.00184478,0.00184584,0.00184503,0.00184493,0.00184645,0.00184827,0.0018466,0.00184321,0.00184422,0.00184655,0.00184579,0.0018508,0.00185019,0.0018464,0.0018549,0.00184766,0.00184544,0.0018505,0.00185384,0.001851,0.00185288,0.00185115,0.0018551,0.00185318,0.00184994,0.00185237,0.00185673,0.00185475,0.00185662,0.00185505,0.00185516,0.00185961,0.00185693,0.00185429,0.00185586,0.00185794,0.00185748,0.00185718,0.00185794,0.00185698,0.00185738,0.00186057,0.00185465,0.00185586,0.00185946,0.00185956,0.00185951,0.00186174,0.00185789,0.00186118,0.0018627,0.00185845,0.00185976,0.0018625,0.00186184]},"J":{"unit":"A\/cm2","value":[-0.1064,-0.1064,-0.106401,-0.106399,-0.106398,-0.106401,-0.106403,-0.106398,-0.106399,-0.106401,-0.106399,-0.1064,-0.106399,-0.1064,-0.106399,-0.1064,-0.106399,-0.1064,-0.1064,-0.102113,-0.0967716,-0.0914833,-0.0862429,-0.0811651,-0.0760325,-0.0709876,-0.0660385,-0.06118,-0.0563446,-0.0516529,-0.0469958,-0.0423952,-0.0378861,-0.0335558,-0.029267,-0.0251113,-0.0210809,-0.0172127,-0.0134947,-0.00992703,-0.00654456,-0.0033021,-0.000384379,0.0023817,0.00491785,0.00727144,0.00930349,0.0111029,0.0126566,0.0140015,0.0149919,0.0158644,0.0165759,0.0171688,0.0176342,0.0179993,0.0182783,0.0185261,0.0185901,0.0186968,0.0188481,0.0189397,0.0190264,0.0190894,0.0191454,0.0192004,0.0192693,0.0192278,0.0192203,0.019272,0.0193258,0.019342,0.0193684,0.0193883,0.0193759,0.0194325,0.0193905,0.0193635,0.0194029,0.019426,0.0194325,0.0194702,0.0194476,0.0194987,0.0194939,0.0194292,0.0194244,0.0194944,0.0194809,0.0195009,0.0194987,0.0195256,0.0195283,0.0195617,0.0195434,0.0195154,0.01953,0.0195531,0.0195229,0.0195655,0.0195887,0.0195644,0.0196118,0.0195574,0.019558,0.019559,0.0195612,0.0195746,0.0195914,0.0196048,0.0195897,0.0196646,0.0195973,0.019579,0.0195865,0.0196253,0.0196366,0.019628,0.0196269,0.0196431,0.0196624,0.0196447,0.0196086,0.0196194,0.0196441,0.0196361,0.0196894,0.0196829,0.0196425,0.019733,0.019656,0.0196323,0.0196861,0.0197217,0.0196915,0.0197115,0.0196931,0.0197351,0.0197147,0.0196802,0.0197061,0.0197524,0.0197314,0.0197513,0.0197346,0.0197357,0.0197831,0.0197545,0.0197265,0.0197432,0.0197653,0.0197605,0.0197572,0.0197653,0.0197551,0.0197594,0.0197933,0.0197303,0.0197432,0.0197815,0.0197826,0.019782,0.0198057,0.0197648,0.0197998,0.0198159,0.0197707,0.0197847,0.0198138,0.0198068]},"pv_cell_parameters":{"voc":{"unit":"V","value":1.08},"isc":{"unit":"mA","value":1.86},"jsc":{"unit":"mA\/cm2","value":19.74},"vopt":{"unit":"mV","value":926.65},"iopt":{"unit":"mA","value":1.74},"pmax":{"unit":"W","value":0.00161},"fill_factor":{"unit":"%","value":80.7},"efficiency":{"unit":"%","value":17.17},"cell_dimension":{"unit":"cm2","value":0.094},"irradiance":{"unit":"mW\/cm2","value":100}},"calculations":{"fitted_isc":{"unit":"mA","value":1.86},"fitted_voc":{"unit":"V","value":1.07},"rshunt":{"unit":"Kohm","value":209.1},"rseries":{"unit":"ohm","value":36.18}},"measurement_conditions":{"sweep_direction":{"unit":"","value":"Reverse"},"nplc":{"unit":"","value":0.01},"voltage_settling_time":{"unit":"s","value":0.01},"configuration_file":{"unit":"","value":"Configuration for I-V meas.conf"},"sample_id":{"unit":"","value":"R 4-3"},"note":{"unit":"","value":"\uc2dc\ub8cc\uc5d0 \uad00\ud55c \ubd80\uac00\uc801\uc778 \uc124\uba85\uc744 \uc774\uacf3\uc5d0 \uc801\uc73c\uc138\uc694. ^^"}},"key":"R 4-3_20220527","sweep_direction":{"unit":"","value":"Reverse"},"jsc":{"unit":"mA\/cm2","value":19.74},"voc":{"unit":"V","value":1.08},"efficiency":{"unit":"%","value":17.17},"fill_factor":{"unit":"%","value":80.7},"cell_dimension":{"unit":"cm2","value":0.094}},{"V":{"unit":"V","value":[1.5,1.48995,1.4799,1.4698,1.45975,1.4497,1.43965,1.4296,1.41955,1.40945,1.3994,1.38935,1.3793,1.36925,1.35915,1.3491,1.33905,1.329,1.31895,1.3089,1.2988,1.28875,1.2787,1.26865,1.2586,1.2485,1.23845,1.2284,1.21835,1.2083,1.19825,1.18815,1.1781,1.16805,1.158,1.14795,1.13785,1.1278,1.11775,1.1077,1.09765,1.0876,1.0775,1.06745,1.0574,1.04735,1.0373,1.0272,1.01715,1.0071,0.99705,0.987,0.97695,0.96685,0.9568,0.94675,0.9367,0.92665,0.91655,0.9065,0.89645,0.8864,0.87635,0.86625,0.8562,0.84615,0.8361,0.82605,0.816,0.8059,0.79585,0.7858,0.77575,0.7657,0.7556,0.74555,0.7355,0.72545,0.7154,0.70535,0.69525,0.6852,0.67515,0.6651,0.65505,0.64495,0.6349,0.62485,0.6148,0.60475,0.5947,0.5846,0.57455,0.5645,0.55445,0.5444,0.5343,0.52425,0.5142,0.50415,0.4941,0.48405,0.47395,0.4639,0.45385,0.4438,0.43375,0.42365,0.4136,0.40355,0.3935,0.38345,0.3734,0.3633,0.35325,0.3432,0.33315,0.3231,0.313,0.30295,0.2929,0.28285,0.2728,0.2627,0.25265,0.2426,0.23255,0.2225,0.21245,0.20235,0.1923,0.18225,0.1722,0.16215,0.15205,0.142,0.13195,0.1219,0.11185,0.1018,0.0917,0.08165,0.0716,0.06155,0.0515,0.0414,0.03135,0.0213,0.01125,0.0012,-0.00885,-0.01895,-0.029,-0.03905,-0.0491,-0.05915,-0.06925,-0.0793,-0.08935,-0.0994,-0.10945,-0.1195,-0.1296,-0.13965,-0.1497,-0.15975,-0.1698,-0.1799,-0.18995,-0.2]},"I":{"unit":"A","value":[-0.0100016,-0.0100012,-0.0100015,-0.0100012,-0.0100012,-0.0100013,-0.0100013,-0.0100015,-0.0100015,-0.0100016,-0.0100013,-0.0100013,-0.0100014,-0.0100012,-0.0100015,-0.0100013,-0.0100013,-0.0100013,-0.0100015,-0.0100016,-0.0100013,-0.0100014,-0.0100012,-0.0100013,-0.0100012,-0.0100013,-0.0100011,-0.00927689,-0.00848191,-0.00771209,-0.00696737,-0.00624189,-0.00554891,-0.00487618,-0.00423199,-0.00361145,-0.00302021,-0.00245585,-0.0019455,-0.00145556,-0.000998056,-0.000574622,-0.000193102,0.000144443,0.00044323,0.000706982,0.000908922,0.00109725,0.00124689,0.00136692,0.001462,0.00153905,0.00159792,0.00164657,0.0016815,0.00170383,0.0017297,0.00174402,0.00175643,0.0017665,0.00177399,0.00178118,0.00179136,0.0017866,0.00178994,0.00179374,0.00180138,0.00180361,0.00180508,0.00180771,0.00181034,0.00181328,0.00180903,0.00180837,0.00181439,0.00181662,0.00181454,0.00181556,0.0018193,0.00181743,0.00182543,0.00181799,0.00181505,0.00181971,0.00181844,0.00181961,0.00182264,0.00182386,0.00182472,0.00182421,0.0018231,0.00182148,0.0018234,0.00182416,0.00182472,0.00182675,0.00182629,0.00182735,0.00182801,0.00182518,0.00182401,0.00182685,0.00182816,0.00182796,0.00183257,0.00182857,0.00183029,0.00183409,0.00182892,0.00182872,0.00182852,0.00182968,0.00183353,0.00183424,0.0018315,0.0018314,0.00183682,0.00183069,0.00182771,0.00183201,0.00183702,0.0018353,0.00183641,0.00183667,0.00183454,0.00184183,0.00183682,0.00183581,0.00183763,0.00183814,0.00183758,0.00183935,0.00183697,0.0018432,0.00184497,0.00183874,0.00183975,0.00184578,0.00184249,0.00184472,0.00184538,0.00184608,0.00184699,0.0018472,0.00184502,0.00184527,0.00184461,0.00184781,0.00184684,0.00184781,0.0018477,0.00184826,0.00184897,0.00184649,0.00184573,0.00184725,0.00185018,0.00184745,0.00184882,0.00184851,0.00184846,0.00185312,0.00184922,0.00184629,0.00184968,0.00184872,0.00184927,0.00185175,0.00185434,0.00185368]},"J":{"unit":"A\/cm2","value":[-0.1064,-0.106396,-0.106399,-0.106395,-0.106396,-0.106396,-0.106397,-0.106399,-0.106399,-0.1064,-0.106396,-0.106397,-0.106397,-0.106396,-0.106399,-0.106397,-0.106397,-0.106396,-0.106399,-0.1064,-0.106396,-0.106398,-0.106395,-0.106397,-0.106396,-0.106397,-0.106395,-0.0986904,-0.0902331,-0.0820435,-0.074121,-0.0664031,-0.059031,-0.0518742,-0.0450212,-0.0384196,-0.0321299,-0.0261261,-0.0206968,-0.0154846,-0.0106176,-0.006113,-0.00205428,0.00153662,0.00471521,0.00752108,0.00966939,0.0116728,0.0132648,0.0145417,0.0155531,0.0163728,0.0169992,0.0175167,0.0178883,0.0181258,0.0184011,0.0185534,0.0186854,0.0187926,0.0188723,0.0189487,0.019057,0.0190064,0.0190419,0.0190823,0.0191636,0.0191873,0.019203,0.019231,0.019259,0.0192902,0.019245,0.019238,0.0193021,0.0193258,0.0193037,0.0193144,0.0193543,0.0193344,0.0194195,0.0193403,0.0193091,0.0193586,0.0193451,0.0193575,0.0193898,0.0194028,0.0194119,0.0194065,0.0193947,0.0193775,0.0193979,0.019406,0.0194119,0.0194335,0.0194286,0.0194399,0.0194469,0.0194168,0.0194044,0.0194345,0.0194485,0.0194464,0.0194954,0.0194529,0.0194712,0.0195115,0.0194566,0.0194545,0.0194523,0.0194647,0.0195056,0.0195132,0.0194841,0.019483,0.0195406,0.0194755,0.0194437,0.0194895,0.0195428,0.0195245,0.0195363,0.019539,0.0195164,0.019594,0.0195406,0.0195299,0.0195493,0.0195546,0.0195487,0.0195676,0.0195422,0.0196085,0.0196274,0.0195611,0.0195719,0.019636,0.0196009,0.0196246,0.0196316,0.0196392,0.0196489,0.019651,0.0196279,0.0196306,0.0196236,0.0196575,0.0196473,0.0196575,0.0196564,0.0196623,0.0196699,0.0196435,0.0196354,0.0196516,0.0196828,0.0196537,0.0196683,0.019665,0.0196645,0.019714,0.0196726,0.0196413,0.0196774,0.0196672,0.0196731,0.0196995,0.019727,0.01972]},"pv_cell_parameters":{"voc":{"unit":"V","value":1.07},"isc":{"unit":"mA","value":1.85},"jsc":{"unit":"mA\/cm2","value":19.66},"vopt":{"unit":"mV","value":936.7},"iopt":{"unit":"mA","value":1.73},"pmax":{"unit":"W","value":0.0016200000000000001},"fill_factor":{"unit":"%","value":82.14},"efficiency":{"unit":"%","value":17.24},"cell_dimension":{"unit":"cm2","value":0.094},"irradiance":{"unit":"mW\/cm2","value":100}},"calculations":{"fitted_isc":{"unit":"mA","value":1.85},"fitted_voc":{"unit":"V","value":1.07},"rshunt":{"unit":"Kohm","value":150.20000000000002},"rseries":{"unit":"ohm","value":29.72}},"measurement_conditions":{"sweep_direction":{"unit":"","value":"Reverse"},"nplc":{"unit":"","value":0.01},"voltage_settling_time":{"unit":"s","value":0.01},"configuration_file":{"unit":"","value":"Configuration for I-V meas.conf"},"sample_id":{"unit":"","value":"R 4-2"},"note":{"unit":"","value":"\uc2dc\ub8cc\uc5d0 \uad00\ud55c \ubd80\uac00\uc801\uc778 \uc124\uba85\uc744 \uc774\uacf3\uc5d0 \uc801\uc73c\uc138\uc694. ^^"}},"key":"R 4-2_20220527","sweep_direction":{"unit":"","value":"Reverse"},"jsc":{"unit":"mA\/cm2","value":19.66},"voc":{"unit":"V","value":1.07},"efficiency":{"unit":"%","value":17.24},"fill_factor":{"unit":"%","value":82.14},"cell_dimension":{"unit":"cm2","value":0.094}},{"V":{"unit":"V","value":[1.5,1.48995,1.4799,1.4698,1.45975,1.4497,1.43965,1.4296,1.41955,1.40945,1.3994,1.38935,1.3793,1.36925,1.35915,1.3491,1.33905,1.329,1.31895,1.3089,1.2988,1.28875,1.2787,1.26865,1.2586,1.2485,1.23845,1.2284,1.21835,1.2083,1.19825,1.18815,1.1781,1.16805,1.158,1.14795,1.13785,1.1278,1.11775,1.1077,1.09765,1.0876,1.0775,1.06745,1.0574,1.04735,1.0373,1.0272,1.01715,1.0071,0.99705,0.987,0.97695,0.96685,0.9568,0.94675,0.9367,0.92665,0.91655,0.9065,0.89645,0.8864,0.87635,0.86625,0.8562,0.84615,0.8361,0.82605,0.816,0.8059,0.79585,0.7858,0.77575,0.7657,0.7556,0.74555,0.7355,0.72545,0.7154,0.70535,0.69525,0.6852,0.67515,0.6651,0.65505,0.64495,0.6349,0.62485,0.6148,0.60475,0.5947,0.5846,0.57455,0.5645,0.55445,0.5444,0.5343,0.52425,0.5142,0.50415,0.4941,0.48405,0.47395,0.4639,0.45385,0.4438,0.43375,0.42365,0.4136,0.40355,0.3935,0.38345,0.3734,0.3633,0.35325,0.3432,0.33315,0.3231,0.313,0.30295,0.2929,0.28285,0.2728,0.2627,0.25265,0.2426,0.23255,0.2225,0.21245,0.20235,0.1923,0.18225,0.1722,0.16215,0.15205,0.142,0.13195,0.1219,0.11185,0.1018,0.0917,0.08165,0.0716,0.06155,0.0515,0.0414,0.03135,0.0213,0.01125,0.0012,-0.00885,-0.01895,-0.029,-0.03905,-0.0491,-0.05915,-0.06925,-0.0793,-0.08935,-0.0994,-0.10945,-0.1195,-0.1296,-0.13965,-0.1497,-0.15975,-0.1698,-0.1799,-0.18995,-0.2]},"I":{"unit":"A","value":[-0.0100013,-0.0100014,-0.0100014,-0.0100012,-0.0100015,-0.0100012,-0.010001,-0.0100013,-0.0100014,-0.0100015,-0.0100013,-0.0100015,-0.0100013,-0.0100013,-0.0100017,-0.0100013,-0.0100015,-0.0100014,-0.0100015,-0.0100013,-0.0100017,-0.0100014,-0.0100015,-0.0100015,-0.00996636,-0.00923718,-0.0085284,-0.00783769,-0.00716439,-0.00650785,-0.00587075,-0.00525252,-0.00465161,-0.00407819,-0.00351717,-0.00299781,-0.00248984,-0.00200171,-0.00154901,-0.00112335,-0.000727752,-0.000367288,-3.54219e-5,0.000265641,0.000514867,0.000743691,0.000940623,0.00111482,0.00125389,0.00137083,0.00146165,0.00153982,0.00158837,0.00163256,0.00166729,0.00169559,0.00172176,0.00173715,0.00175133,0.00176454,0.00177492,0.00177183,0.0017778,0.00178388,0.0017933,0.00179507,0.0017979,0.00180271,0.00180094,0.00181233,0.00180555,0.00180443,0.00180646,0.00181441,0.00181446,0.00181223,0.00181456,0.00181567,0.00181501,0.00181127,0.00181177,0.00181623,0.00181603,0.00181815,0.00181896,0.00182074,0.00182534,0.00182327,0.00181856,0.00181775,0.00181957,0.00182038,0.00182215,0.00182286,0.0018262,0.00182241,0.00182716,0.00182413,0.00182311,0.00182524,0.00182357,0.00182737,0.00182716,0.00182646,0.00182924,0.00182929,0.00182529,0.00182539,0.00182676,0.00183051,0.00183121,0.00183081,0.00183243,0.00183202,0.00183648,0.00183177,0.00183274,0.00182975,0.00183653,0.00183749,0.00183582,0.00183866,0.00183461,0.00183977,0.00183526,0.0018343,0.00183825,0.00184149,0.001838,0.00184169,0.00184063,0.00184088,0.00184332,0.00183982,0.00183957,0.00184326,0.00184478,0.00184696,0.00184174,0.00184367,0.00184954,0.0018458,0.00184296,0.00184645,0.00184883,0.00184797,0.00184802,0.00184666,0.0018503,0.00184863,0.00185101,0.0018463,0.00184807,0.00184979,0.00185076,0.0018503,0.00185,0.00185056,0.00185319,0.00185086,0.00184747,0.00185066,0.00185278,0.00185263,0.00185729,0.00185081,0.00185162,0.00185663,0.00185298,0.00185344]},"J":{"unit":"A\/cm2","value":[-0.106397,-0.106398,-0.106398,-0.106396,-0.106399,-0.106396,-0.106394,-0.106397,-0.106398,-0.106399,-0.106397,-0.106399,-0.106397,-0.106397,-0.106401,-0.106397,-0.106399,-0.106398,-0.106399,-0.106397,-0.106401,-0.106398,-0.106399,-0.106399,-0.106025,-0.0982679,-0.0907277,-0.0833797,-0.0762169,-0.0692325,-0.0624548,-0.0558779,-0.0494853,-0.043385,-0.0374167,-0.0318916,-0.0264876,-0.0212948,-0.0164789,-0.0119505,-0.00774204,-0.00390731,-0.000376829,0.00282597,0.00547731,0.00791161,0.0100066,0.0118598,0.0133392,0.0145833,0.0155495,0.0163811,0.0168975,0.0173677,0.0177371,0.0180382,0.0183166,0.0184804,0.0186312,0.0187717,0.0188821,0.0188493,0.0189128,0.0189775,0.0190776,0.0190965,0.0191266,0.0191778,0.0191589,0.0192801,0.019208,0.0191961,0.0192177,0.0193022,0.0193028,0.0192791,0.0193038,0.0193157,0.0193087,0.0192688,0.0192742,0.0193216,0.0193194,0.0193421,0.0193507,0.0193695,0.0194185,0.0193965,0.0193464,0.0193378,0.0193571,0.0193658,0.0193846,0.0193922,0.0194277,0.0193873,0.0194379,0.0194056,0.0193948,0.0194175,0.0193997,0.0194401,0.0194379,0.0194304,0.01946,0.0194605,0.019418,0.0194191,0.0194336,0.0194735,0.019481,0.0194767,0.0194939,0.0194896,0.019537,0.0194869,0.0194972,0.0194654,0.0195376,0.0195478,0.01953,0.0195602,0.0195171,0.019572,0.0195241,0.0195139,0.0195559,0.0195903,0.0195532,0.0195925,0.0195812,0.0195839,0.0196097,0.0195726,0.0195699,0.0196092,0.0196253,0.0196485,0.019593,0.0196135,0.019676,0.0196361,0.019606,0.0196431,0.0196684,0.0196593,0.0196598,0.0196453,0.0196841,0.0196663,0.0196916,0.0196415,0.0196604,0.0196787,0.0196889,0.0196841,0.0196808,0.0196868,0.0197148,0.01969,0.0196539,0.0196878,0.0197104,0.0197088,0.0197584,0.0196894,0.019698,0.0197514,0.0197126,0.0197174]},"pv_cell_parameters":{"voc":{"unit":"V","value":1.08},"isc":{"unit":"mA","value":1.85},"jsc":{"unit":"mA\/cm2","value":19.67},"vopt":{"unit":"mV","value":936.7},"iopt":{"unit":"mA","value":1.72},"pmax":{"unit":"W","value":0.00161},"fill_factor":{"unit":"%","value":80.97},"efficiency":{"unit":"%","value":17.16},"cell_dimension":{"unit":"cm2","value":0.094},"irradiance":{"unit":"mW\/cm2","value":100}},"calculations":{"fitted_isc":{"unit":"mA","value":1.85},"fitted_voc":{"unit":"V","value":1.07},"rshunt":{"unit":"Kohm","value":25.97},"rseries":{"unit":"ohm","value":30.71}},"measurement_conditions":{"sweep_direction":{"unit":"","value":"Reverse"},"nplc":{"unit":"","value":0.01},"voltage_settling_time":{"unit":"s","value":0.01},"configuration_file":{"unit":"","value":"Configuration for I-V meas.conf"},"sample_id":{"unit":"","value":"R 4-1"},"note":{"unit":"","value":"\uc2dc\ub8cc\uc5d0 \uad00\ud55c \ubd80\uac00\uc801\uc778 \uc124\uba85\uc744 \uc774\uacf3\uc5d0 \uc801\uc73c\uc138\uc694. ^^"}},"key":"R 4-1_20220527","sweep_direction":{"unit":"","value":"Reverse"},"jsc":{"unit":"mA\/cm2","value":19.67},"voc":{"unit":"V","value":1.08},"efficiency":{"unit":"%","value":17.16},"fill_factor":{"unit":"%","value":80.97},"cell_dimension":{"unit":"cm2","value":0.094}},{"V":{"unit":"V","value":[1.5,1.48995,1.4799,1.4698,1.45975,1.4497,1.43965,1.4296,1.41955,1.40945,1.3994,1.38935,1.3793,1.36925,1.35915,1.3491,1.33905,1.329,1.31895,1.3089,1.2988,1.28875,1.2787,1.26865,1.2586,1.2485,1.23845,1.2284,1.21835,1.2083,1.19825,1.18815,1.1781,1.16805,1.158,1.14795,1.13785,1.1278,1.11775,1.1077,1.09765,1.0876,1.0775,1.06745,1.0574,1.04735,1.0373,1.0272,1.01715,1.0071,0.99705,0.987,0.97695,0.96685,0.9568,0.94675,0.9367,0.92665,0.91655,0.9065,0.89645,0.8864,0.87635,0.86625,0.8562,0.84615,0.8361,0.82605,0.816,0.8059,0.79585,0.7858,0.77575,0.7657,0.7556,0.74555,0.7355,0.72545,0.7154,0.70535,0.69525,0.6852,0.67515,0.6651,0.65505,0.64495,0.6349,0.62485,0.6148,0.60475,0.5947,0.5846,0.57455,0.5645,0.55445,0.5444,0.5343,0.52425,0.5142,0.50415,0.4941,0.48405,0.47395,0.4639,0.45385,0.4438,0.43375,0.42365,0.4136,0.40355,0.3935,0.38345,0.3734,0.3633,0.35325,0.3432,0.33315,0.3231,0.313,0.30295,0.2929,0.28285,0.2728,0.2627,0.25265,0.2426,0.23255,0.2225,0.21245,0.20235,0.1923,0.18225,0.1722,0.16215,0.15205,0.142,0.13195,0.1219,0.11185,0.1018,0.0917,0.08165,0.0716,0.06155,0.0515,0.0414,0.03135,0.0213,0.01125,0.0012,-0.00885,-0.01895,-0.029,-0.03905,-0.0491,-0.05915,-0.06925,-0.0793,-0.08935,-0.0994,-0.10945,-0.1195,-0.1296,-0.13965,-0.1497,-0.15975,-0.1698,-0.1799,-0.18995,-0.2]},"I":{"unit":"A","value":[-0.0100016,-0.0100014,-0.0100016,-0.0100015,-0.0100014,-0.0100014,-0.0100014,-0.0100014,-0.0100015,-0.0100014,-0.0100015,-0.0100014,-0.0100017,-0.0100015,-0.0100015,-0.0100017,-0.0100014,-0.0100012,-0.0100015,-0.0100015,-0.0100012,-0.0100014,-0.0100015,-0.0100014,-0.0100014,-0.00989501,-0.00919054,-0.00850975,-0.00784836,-0.00720053,-0.00656748,-0.00595265,-0.00535144,-0.00476866,-0.0042124,-0.00366829,-0.00314195,-0.00263104,-0.00215193,-0.00169494,-0.00126553,-0.000858345,-0.000495757,-0.000155795,0.000155884,0.00043432,0.000681416,0.000896976,0.00107917,0.00121586,0.00133994,0.00144428,0.00152052,0.00158263,0.0016282,0.00166449,0.00169041,0.00171431,0.00172438,0.0017301,0.00174463,0.00175486,0.00176306,0.00176873,0.0017702,0.00177885,0.00178088,0.0017782,0.00177728,0.00178351,0.00178559,0.0017866,0.0017908,0.00179192,0.00179333,0.00179657,0.0017902,0.00178933,0.00178939,0.00179009,0.00179389,0.00179308,0.00179774,0.00179738,0.00180017,0.00179369,0.00179075,0.00179485,0.00179946,0.00179991,0.0017989,0.00179926,0.00180341,0.00180523,0.00179703,0.00179819,0.0018032,0.00180209,0.00180407,0.00180366,0.00180467,0.00180326,0.00181034,0.00180295,0.00180093,0.00180498,0.00180432,0.00180305,0.00180867,0.00180913,0.00180984,0.00181353,0.00180999,0.00180649,0.00180847,0.00181211,0.00181252,0.00181287,0.00181313,0.00181186,0.00181546,0.00181348,0.0018109,0.00181414,0.00181429,0.00181804,0.00181551,0.00181292,0.00181738,0.00181941,0.00181399,0.00181444,0.00181773,0.00181814,0.00181758,0.00182006,0.00181773,0.00181804,0.00182189,0.00181768,0.00181703,0.00182133,0.0018189,0.0018234,0.00182366,0.00182194,0.00182533,0.00182482,0.00182376,0.0018229,0.00182011,0.00182396,0.0018274,0.00182675,0.00182553,0.00182568,0.00182756,0.00182563,0.0018229,0.0018272,0.00182578,0.00182791,0.00182831,0.00182761,0.00182983,0.00182735,0.00182634,0.00182705,0.00183004,0.00183004]},"J":{"unit":"A\/cm2","value":[-0.1064,-0.106398,-0.1064,-0.106399,-0.106397,-0.106397,-0.106397,-0.106397,-0.106399,-0.106397,-0.106399,-0.106398,-0.106401,-0.106399,-0.106399,-0.106401,-0.106398,-0.106396,-0.106399,-0.106399,-0.106395,-0.106398,-0.106399,-0.106398,-0.106398,-0.105266,-0.0977717,-0.0905293,-0.0834932,-0.0766014,-0.0698668,-0.0633261,-0.0569303,-0.0507304,-0.0448128,-0.0390244,-0.033425,-0.0279898,-0.0228929,-0.0180312,-0.0134631,-0.00913133,-0.00527401,-0.0016574,0.00165834,0.00462042,0.00724911,0.0095423,0.0114806,0.0129347,0.0142547,0.0153646,0.0161757,0.0168365,0.0173212,0.0177074,0.0179831,0.0182373,0.0183445,0.0184054,0.0185599,0.0186687,0.018756,0.0188163,0.0188319,0.018924,0.0189455,0.018917,0.0189073,0.0189735,0.0189956,0.0190064,0.0190511,0.0190629,0.019078,0.0191125,0.0190446,0.0190355,0.019036,0.0190435,0.0190839,0.0190753,0.0191249,0.0191211,0.0191507,0.0190818,0.0190506,0.0190942,0.0191432,0.019148,0.0191373,0.019141,0.0191852,0.0192046,0.0191173,0.0191297,0.019183,0.0191712,0.0191922,0.0191879,0.0191986,0.0191836,0.019259,0.0191803,0.0191588,0.0192019,0.0191949,0.0191814,0.0192412,0.0192461,0.0192536,0.0192929,0.0192552,0.019218,0.019239,0.0192778,0.0192821,0.0192859,0.0192886,0.0192751,0.0193134,0.0192924,0.0192649,0.0192994,0.019301,0.0193408,0.0193139,0.0192864,0.0193338,0.0193554,0.0192977,0.0193026,0.0193376,0.0193419,0.019336,0.0193624,0.0193376,0.0193408,0.0193818,0.0193371,0.0193301,0.0193758,0.01935,0.0193979,0.0194006,0.0193823,0.0194184,0.019413,0.0194017,0.0193925,0.0193629,0.0194038,0.0194405,0.0194335,0.0194205,0.0194221,0.0194421,0.0194216,0.0193925,0.0194383,0.0194232,0.0194459,0.0194501,0.0194426,0.0194663,0.0194399,0.0194291,0.0194367,0.0194685,0.0194685]},"pv_cell_parameters":{"voc":{"unit":"V","value":1.07},"isc":{"unit":"mA","value":1.82},"jsc":{"unit":"mA\/cm2","value":19.39},"vopt":{"unit":"mV","value":926.65},"iopt":{"unit":"mA","value":1.71},"pmax":{"unit":"W","value":0.00159},"fill_factor":{"unit":"%","value":81.64},"efficiency":{"unit":"%","value":16.9},"cell_dimension":{"unit":"cm2","value":0.094},"irradiance":{"unit":"mW\/cm2","value":100}},"calculations":{"fitted_isc":{"unit":"mA","value":1.82},"fitted_voc":{"unit":"V","value":1.06},"rshunt":{"unit":"Kohm","value":33.03},"rseries":{"unit":"ohm","value":29.66}},"measurement_conditions":{"sweep_direction":{"unit":"","value":"Reverse"},"nplc":{"unit":"","value":0.01},"voltage_settling_time":{"unit":"s","value":0.01},"configuration_file":{"unit":"","value":"Configuration for I-V meas.conf"},"sample_id":{"unit":"","value":"R 3-4"},"note":{"unit":"","value":"\uc2dc\ub8cc\uc5d0 \uad00\ud55c \ubd80\uac00\uc801\uc778 \uc124\uba85\uc744 \uc774\uacf3\uc5d0 \uc801\uc73c\uc138\uc694. ^^"}},"key":"R 3-4_20220527","sweep_direction":{"unit":"","value":"Reverse"},"jsc":{"unit":"mA\/cm2","value":19.39},"voc":{"unit":"V","value":1.07},"efficiency":{"unit":"%","value":16.9},"fill_factor":{"unit":"%","value":81.64},"cell_dimension":{"unit":"cm2","value":0.094}},{"V":{"unit":"V","value":[1.5,1.48995,1.4799,1.4698,1.45975,1.4497,1.43965,1.4296,1.41955,1.40945,1.3994,1.38935,1.3793,1.36925,1.35915,1.3491,1.33905,1.329,1.31895,1.3089,1.2988,1.28875,1.2787,1.26865,1.2586,1.2485,1.23845,1.2284,1.21835,1.2083,1.19825,1.18815,1.1781,1.16805,1.158,1.14795,1.13785,1.1278,1.11775,1.1077,1.09765,1.0876,1.0775,1.06745,1.0574,1.04735,1.0373,1.0272,1.01715,1.0071,0.99705,0.987,0.97695,0.96685,0.9568,0.94675,0.9367,0.92665,0.91655,0.9065,0.89645,0.8864,0.87635,0.86625,0.8562,0.84615,0.8361,0.82605,0.816,0.8059,0.79585,0.7858,0.77575,0.7657,0.7556,0.74555,0.7355,0.72545,0.7154,0.70535,0.69525,0.6852,0.67515,0.6651,0.65505,0.64495,0.6349,0.62485,0.6148,0.60475,0.5947,0.5846,0.57455,0.5645,0.55445,0.5444,0.5343,0.52425,0.5142,0.50415,0.4941,0.48405,0.47395,0.4639,0.45385,0.4438,0.43375,0.42365,0.4136,0.40355,0.3935,0.38345,0.3734,0.3633,0.35325,0.3432,0.33315,0.3231,0.313,0.30295,0.2929,0.28285,0.2728,0.2627,0.25265,0.2426,0.23255,0.2225,0.21245,0.20235,0.1923,0.18225,0.1722,0.16215,0.15205,0.142,0.13195,0.1219,0.11185,0.1018,0.0917,0.08165,0.0716,0.06155,0.0515,0.0414,0.03135,0.0213,0.01125,0.0012,-0.00885,-0.01895,-0.029,-0.03905,-0.0491,-0.05915,-0.06925,-0.0793,-0.08935,-0.0994,-0.10945,-0.1195,-0.1296,-0.13965,-0.1497,-0.15975,-0.1698,-0.1799,-0.18995,-0.2]},"I":{"unit":"A","value":[-0.0100021,-0.0100019,-0.010002,-0.010002,-0.0100019,-0.0100022,-0.0100018,-0.010002,-0.0100019,-0.0100018,-0.0100019,-0.0100018,-0.0100019,-0.0100021,-0.0100019,-0.010002,-0.0100019,-0.0100019,-0.0100019,-0.0100021,-0.0100019,-0.0100022,-0.00954843,-0.00889306,-0.00825051,-0.00761372,-0.00699795,-0.00638819,-0.00580269,-0.00522235,-0.00465891,-0.00411006,-0.00358196,-0.00307614,-0.00258667,-0.00211835,-0.00168416,-0.00126961,-0.000873486,-0.000511026,-0.000179598,0.0001241,0.000394706,0.000633161,0.000843165,0.00101236,0.00116207,0.00128565,0.00139303,0.00147146,0.00153864,0.00158669,0.00163645,0.00165868,0.00167837,0.00170146,0.00171518,0.00173108,0.00174161,0.00174819,0.00175781,0.00176495,0.00176464,0.00176925,0.00177507,0.00178044,0.0017856,0.00178844,0.00178864,0.00179041,0.00179593,0.00179446,0.00179406,0.00179568,0.00180008,0.00179993,0.00179932,0.0018017,0.0018055,0.001806,0.00180363,0.00180307,0.00180621,0.00180418,0.00180767,0.00180859,0.00180838,0.00181041,0.00180788,0.00180864,0.00180859,0.00180778,0.00181314,0.00181243,0.0018134,0.00181279,0.00181122,0.00181866,0.00180975,0.00181294,0.00181527,0.00181532,0.00181501,0.00181446,0.0018176,0.00182084,0.00181937,0.00181593,0.00181684,0.00182119,0.00181562,0.00182028,0.00182286,0.00182215,0.00182129,0.00182545,0.00182312,0.00181851,0.0018216,0.00182626,0.00182388,0.00182545,0.00182565,0.00182595,0.00182732,0.00182545,0.00182464,0.00182782,0.00182858,0.00182889,0.00183076,0.0018299,0.00183198,0.00183218,0.00183,0.0018296,0.00183005,0.00182939,0.00183233,0.0018337,0.0018335,0.00183253,0.00183537,0.00183299,0.00183218,0.00183274,0.00183593,0.00183547,0.00183425,0.00183425,0.00183567,0.00183856,0.00183547,0.00183486,0.00183744,0.00183633,0.00183765,0.00183704,0.00183431,0.00184053,0.00183836,0.00184018,0.00183891,0.00183901,0.00184139,0.00183962,0.0018417,0.00184159,0.00184271,0.00184473]},"J":{"unit":"A\/cm2","value":[-0.106405,-0.106403,-0.106404,-0.106404,-0.106403,-0.106406,-0.106402,-0.106404,-0.106403,-0.106402,-0.106403,-0.106402,-0.106403,-0.106405,-0.106403,-0.106404,-0.106403,-0.106403,-0.106403,-0.106405,-0.106403,-0.106406,-0.101579,-0.0946071,-0.0877714,-0.080997,-0.0744462,-0.0679595,-0.0617307,-0.0555569,-0.0495629,-0.0437241,-0.038106,-0.0327249,-0.0275177,-0.0225357,-0.0179166,-0.0135065,-0.00929241,-0.00543645,-0.00191062,0.00132021,0.004199,0.00673576,0.00896984,0.0107698,0.0123625,0.0136771,0.0148195,0.0156538,0.0163685,0.0168796,0.0174091,0.0176455,0.017855,0.0181006,0.0182466,0.0184157,0.0185277,0.0185977,0.0187001,0.018776,0.0187728,0.0188218,0.0188837,0.0189408,0.0189958,0.0190259,0.0190281,0.0190469,0.0191056,0.01909,0.0190857,0.0191029,0.0191498,0.0191482,0.0191417,0.019167,0.0192074,0.0192128,0.0191875,0.0191816,0.019215,0.0191934,0.0192306,0.0192403,0.0192381,0.0192597,0.0192327,0.0192408,0.0192403,0.0192317,0.0192888,0.0192812,0.0192915,0.019285,0.0192683,0.0193475,0.0192527,0.0192866,0.0193114,0.0193119,0.0193087,0.0193028,0.0193362,0.0193706,0.019355,0.0193184,0.0193281,0.0193744,0.0193152,0.0193647,0.0193922,0.0193846,0.0193755,0.0194196,0.0193949,0.0193459,0.0193787,0.0194283,0.0194029,0.0194196,0.0194218,0.019425,0.0194396,0.0194196,0.019411,0.0194449,0.019453,0.0194563,0.0194762,0.019467,0.0194891,0.0194913,0.0194681,0.0194638,0.0194686,0.0194616,0.0194929,0.0195074,0.0195053,0.019495,0.0195252,0.0194999,0.0194913,0.0194972,0.0195311,0.0195263,0.0195134,0.0195134,0.0195284,0.0195591,0.0195263,0.0195198,0.0195473,0.0195354,0.0195494,0.019543,0.0195139,0.0195801,0.019557,0.0195764,0.0195629,0.019564,0.0195893,0.0195704,0.0195925,0.0195914,0.0196033,0.0196248]},"pv_cell_parameters":{"voc":{"unit":"V","value":1.09},"isc":{"unit":"mA","value":1.83},"jsc":{"unit":"mA\/cm2","value":19.51},"vopt":{"unit":"mV","value":946.75},"iopt":{"unit":"mA","value":1.7},"pmax":{"unit":"W","value":0.00161},"fill_factor":{"unit":"%","value":80.75},"efficiency":{"unit":"%","value":17.14},"cell_dimension":{"unit":"cm2","value":0.094},"irradiance":{"unit":"mW\/cm2","value":100}},"calculations":{"fitted_isc":{"unit":"mA","value":1.84},"fitted_voc":{"unit":"V","value":1.09},"rshunt":{"unit":"Kohm","value":155.78},"rseries":{"unit":"ohm","value":33.45}},"measurement_conditions":{"sweep_direction":{"unit":"","value":"Reverse"},"nplc":{"unit":"","value":0.01},"voltage_settling_time":{"unit":"s","value":0.01},"configuration_file":{"unit":"","value":"Configuration for I-V meas.conf"},"sample_id":{"unit":"","value":"R 3-3"},"note":{"unit":"","value":"\uc2dc\ub8cc\uc5d0 \uad00\ud55c \ubd80\uac00\uc801\uc778 \uc124\uba85\uc744 \uc774\uacf3\uc5d0 \uc801\uc73c\uc138\uc694. ^^"}},"key":"R 3-3_20220527","sweep_direction":{"unit":"","value":"Reverse"},"jsc":{"unit":"mA\/cm2","value":19.51},"voc":{"unit":"V","value":1.09},"efficiency":{"unit":"%","value":17.14},"fill_factor":{"unit":"%","value":80.75},"cell_dimension":{"unit":"cm2","value":0.094}},{"V":{"unit":"V","value":[1.5,1.48995,1.4799,1.4698,1.45975,1.4497,1.43965,1.4296,1.41955,1.40945,1.3994,1.38935,1.3793,1.36925,1.35915,1.3491,1.33905,1.329,1.31895,1.3089,1.2988,1.28875,1.2787,1.26865,1.2586,1.2485,1.23845,1.2284,1.21835,1.2083,1.19825,1.18815,1.1781,1.16805,1.158,1.14795,1.13785,1.1278,1.11775,1.1077,1.09765,1.0876,1.0775,1.06745,1.0574,1.04735,1.0373,1.0272,1.01715,1.0071,0.99705,0.987,0.97695,0.96685,0.9568,0.94675,0.9367,0.92665,0.91655,0.9065,0.89645,0.8864,0.87635,0.86625,0.8562,0.84615,0.8361,0.82605,0.816,0.8059,0.79585,0.7858,0.77575,0.7657,0.7556,0.74555,0.7355,0.72545,0.7154,0.70535,0.69525,0.6852,0.67515,0.6651,0.65505,0.64495,0.6349,0.62485,0.6148,0.60475,0.5947,0.5846,0.57455,0.5645,0.55445,0.5444,0.5343,0.52425,0.5142,0.50415,0.4941,0.48405,0.47395,0.4639,0.45385,0.4438,0.43375,0.42365,0.4136,0.40355,0.3935,0.38345,0.3734,0.3633,0.35325,0.3432,0.33315,0.3231,0.313,0.30295,0.2929,0.28285,0.2728,0.2627,0.25265,0.2426,0.23255,0.2225,0.21245,0.20235,0.1923,0.18225,0.1722,0.16215,0.15205,0.142,0.13195,0.1219,0.11185,0.1018,0.0917,0.08165,0.0716,0.06155,0.0515,0.0414,0.03135,0.0213,0.01125,0.0012,-0.00885,-0.01895,-0.029,-0.03905,-0.0491,-0.05915,-0.06925,-0.0793,-0.08935,-0.0994,-0.10945,-0.1195,-0.1296,-0.13965,-0.1497,-0.15975,-0.1698,-0.1799,-0.18995,-0.2]},"I":{"unit":"A","value":[-0.0100015,-0.0100013,-0.0100014,-0.0100014,-0.0100014,-0.0100017,-0.0100014,-0.0100015,-0.0100015,-0.0100016,-0.0100013,-0.0100016,-0.0100013,-0.0100013,-0.0100013,-0.0100015,-0.0100016,-0.0100013,-0.0100015,-0.0100013,-0.0100014,-0.0100014,-0.0100013,-0.0100016,-0.0100015,-0.0100014,-0.0100014,-0.0100013,-0.00919183,-0.0083894,-0.00761142,-0.00685404,-0.00612076,-0.00541243,-0.00472992,-0.00408265,-0.00345592,-0.00285926,-0.00229277,-0.0017599,-0.00126701,-0.000811833,-0.000389054,-3.00575e-5,0.00029242,0.000584679,0.000835068,0.00104147,0.00121147,0.00135256,0.00146069,0.00155065,0.0016075,0.00165352,0.00169179,0.00172146,0.00174627,0.00176404,0.0017771,0.00178828,0.00179765,0.00179917,0.00179897,0.00180626,0.00180935,0.0018138,0.00181957,0.00181846,0.00182241,0.00182828,0.00182003,0.00182241,0.00182549,0.00182788,0.00182914,0.00182833,0.00183121,0.00183294,0.00183415,0.00183,0.00182894,0.00183101,0.00183127,0.00183132,0.00183375,0.00183461,0.00183673,0.00183653,0.00183111,0.00183268,0.00183193,0.00183678,0.00183729,0.0018378,0.00183663,0.00183451,0.00184225,0.00183688,0.00183643,0.00183759,0.00184114,0.00184291,0.00183734,0.00184134,0.00184337,0.00184413,0.00184159,0.00184063,0.00184261,0.00184498,0.00184276,0.00184595,0.00184696,0.00184706,0.00185268,0.00184494,0.00184509,0.00184721,0.00185111,0.00184873,0.00185126,0.00185309,0.00185147,0.0018547,0.00185101,0.00184691,0.00184944,0.00185182,0.00185293,0.00185314,0.00184984,0.00185658,0.00185202,0.00185309,0.00184919,0.00185374,0.00185536,0.00185111,0.0018546,0.00185572,0.00185521,0.0018583,0.00185384,0.00185506,0.00185627,0.00185526,0.00185967,0.00185658,0.0018586,0.00185698,0.00186088,0.00185653,0.00185658,0.00185876,0.00186114,0.00186195,0.00186098,0.00186108,0.00186114,0.0018579,0.00185673,0.00185719,0.00186296,0.00186336,0.00186174,0.00186199,0.00186159,0.00186427,0.00185865,0.00186529]},"J":{"unit":"A\/cm2","value":[-0.106399,-0.106397,-0.106398,-0.106398,-0.106398,-0.106401,-0.106398,-0.106399,-0.106399,-0.1064,-0.106397,-0.1064,-0.106397,-0.106397,-0.106397,-0.106399,-0.1064,-0.106397,-0.106399,-0.106397,-0.106398,-0.106398,-0.106397,-0.1064,-0.106399,-0.106398,-0.106398,-0.106397,-0.0977854,-0.0892489,-0.0809725,-0.0729153,-0.0651145,-0.0575791,-0.0503183,-0.0434324,-0.0367651,-0.0304177,-0.0243912,-0.0187223,-0.0134788,-0.00863652,-0.00413888,-0.000319761,0.00311086,0.00621999,0.00888371,0.0110794,0.0128879,0.0143889,0.0155393,0.0164963,0.0171011,0.0175907,0.0179978,0.0183134,0.0185773,0.0187664,0.0189053,0.0190243,0.019124,0.0191401,0.0191379,0.0192155,0.0192484,0.0192958,0.0193571,0.0193453,0.0193873,0.0194498,0.019362,0.0193873,0.0194202,0.0194455,0.0194589,0.0194503,0.019481,0.0194993,0.0195123,0.0194681,0.0194568,0.0194789,0.0194815,0.0194821,0.0195079,0.0195171,0.0195397,0.0195376,0.0194799,0.0194966,0.0194886,0.0195403,0.0195456,0.019551,0.0195386,0.019516,0.0195984,0.0195413,0.0195365,0.0195489,0.0195866,0.0196054,0.0195462,0.0195887,0.0196103,0.0196184,0.0195914,0.0195812,0.0196022,0.0196275,0.0196038,0.0196377,0.0196485,0.0196496,0.0197094,0.019627,0.0196286,0.0196512,0.0196927,0.0196674,0.0196943,0.0197137,0.0196964,0.0197309,0.0196916,0.019648,0.0196749,0.0197002,0.0197121,0.0197142,0.0196792,0.0197508,0.0197024,0.0197137,0.0196722,0.0197207,0.0197379,0.0196927,0.0197298,0.0197417,0.0197363,0.0197691,0.0197217,0.0197347,0.0197476,0.0197368,0.0197837,0.0197508,0.0197724,0.0197551,0.0197966,0.0197503,0.0197508,0.019774,0.0197993,0.0198079,0.0197977,0.0197988,0.0197993,0.0197648,0.0197525,0.0197573,0.0198187,0.019823,0.0198058,0.0198085,0.0198042,0.0198327,0.0197729,0.0198435]},"pv_cell_parameters":{"voc":{"unit":"V","value":1.07},"isc":{"unit":"mA","value":1.86},"jsc":{"unit":"mA\/cm2","value":19.76},"vopt":{"unit":"mV","value":936.7},"iopt":{"unit":"mA","value":1.75},"pmax":{"unit":"W","value":0.00164},"fill_factor":{"unit":"%","value":82.52},"efficiency":{"unit":"%","value":17.4},"cell_dimension":{"unit":"cm2","value":0.094},"irradiance":{"unit":"mW\/cm2","value":100}},"calculations":{"fitted_isc":{"unit":"mA","value":1.86},"fitted_voc":{"unit":"V","value":1.06},"rshunt":{"unit":"Kohm","value":20.88},"rseries":{"unit":"ohm","value":27.17}},"measurement_conditions":{"sweep_direction":{"unit":"","value":"Reverse"},"nplc":{"unit":"","value":0.01},"voltage_settling_time":{"unit":"s","value":0.01},"configuration_file":{"unit":"","value":"Configuration for I-V meas.conf"},"sample_id":{"unit":"","value":"R 3-2"},"note":{"unit":"","value":"\uc2dc\ub8cc\uc5d0 \uad00\ud55c \ubd80\uac00\uc801\uc778 \uc124\uba85\uc744 \uc774\uacf3\uc5d0 \uc801\uc73c\uc138\uc694. ^^"}},"key":"R 3-2_20220527","sweep_direction":{"unit":"","value":"Reverse"},"jsc":{"unit":"mA\/cm2","value":19.76},"voc":{"unit":"V","value":1.07},"efficiency":{"unit":"%","value":17.4},"fill_factor":{"unit":"%","value":82.52},"cell_dimension":{"unit":"cm2","value":0.094}}]}}