{"_id":"6295b1e332261313aa4c7c80","id":"KRICT-SC-00445","author":39,"input":[{"tco":{"unit":"","value":"ITO"}},{"htl":[{"material":{"unit":"","value":"NiO_4PACz"},"concentration":{"unit":"mg\/ml","value":""},"conc_unit":{"unit":"","value":"mg\/ml"},"quantity":{"unit":"ml","value":null}}],"htl_doping":[{"material":{"unit":"","value":"none"},"volume":{"unit":"ul","value":0}},{"material":{"unit":"","value":"none"},"volume":{"unit":"ul","value":0}},{"material":{"unit":"","value":"none"},"volume":{"unit":"ul","value":0}}],"spin_coating":[{"type":{"unit":"","value":null},"rpm":{"unit":"","value":0},"time":{"unit":"","value":null}}]},{"htl_treatment":[{"material":{"value":"none","unit":""},"concentration":{"value":0,"unit":"mg\/ml"},"conc_unit":{"unit":"","value":"mg\/ml"},"quantity":{"unit":"ml","value":null}}],"annealing":[{"temperature":{"value":0,"unit":"oC"},"time":{"value":0,"unit":"time"}}],"spin_coating":[{"type":{"unit":"","value":null},"rpm":{"value":0,"unit":""},"time":{"unit":"","value":null}}]},{"perovskite":{"method":{"unit":"","value":"1step"},"molarity":{"unit":"M","value":1.5},"a_site":[{"material":{"unit":"","value":"MA"},"ratio":{"unit":"%","value":15}},{"material":{"unit":"","value":"FA"},"ratio":{"unit":"%","value":80}},{"material":{"unit":"","value":"Cs"},"ratio":{"unit":"%","value":5}}],"b_site":[{"material":{"unit":"","value":"Pb"},"ratio":{"unit":"%","value":100}},{"material":{"unit":"","value":"Sn"},"ratio":{"unit":"%","value":0}}],"x_site":[{"material":{"unit":"","value":"I"},"ratio":{"unit":"%","value":80}},{"material":{"unit":"","value":"Br"},"ratio":{"unit":"%","value":20}},{"material":{"unit":"","value":"Cl"},"ratio":{"unit":"%","value":0}}],"solvent":[{"material":{"unit":"","value":"DMF"},"volume":{"unit":"ml","value":0.8}},{"material":{"unit":"","value":"DMSO"},"volume":{"unit":"ml","value":0.2}},{"material":{"unit":"","value":"none"},"volume":{"unit":"ml","value":0}}],"antisolvent":[{"material":{"unit":"","value":"none"},"quantity":{"unit":"ul","value":0},"dripping_time":{"unit":"s","value":null}}],"annealing":[{"temperature":{"unit":"oC","value":0},"time":{"unit":"min","value":0}},{"temperature":{"unit":"oC","value":0},"time":{"unit":"min","value":0}}],"spin_coating":[{"type":{"unit":"","value":null},"rpm":{"unit":"","value":0},"time":{"unit":"","value":null}}],"additive":[{"material":{"unit":"","value":"none"},"quantity":{"unit":"mol%","value":0}},{"material":{"unit":"","value":"none"},"quantity":{"unit":"mol%","value":0}},{"material":{"unit":"","value":"none"},"quantity":{"unit":"mol%","value":0}}]}},{"perovskite_treatment":[{"material":{"unit":"","value":"FAI"},"concentration":{"unit":"mg\/ml","value":100},"conc_unit":{"unit":"","value":"mg\/ml"},"quantity":{"unit":"ml","value":null}}],"annealing":[{"temperature":{"unit":"oC","value":100},"time":{"unit":"min","value":10}}],"spin_coating":[{"type":{"unit":"","value":null},"rpm":{"unit":"","value":5000},"time":{"unit":"","value":null}}]},{"etl":[{"material":{"unit":"","value":"C60"},"concentration":{"unit":"","value":""},"conc_unit":{"unit":"","value":"mg\/ml"},"quantity":{"unit":"ml","value":null}}],"annealing":[{"temperature":{"unit":"oC","value":0},"time":{"unit":"min","value":0}}],"spin_coating":[{"type":{"unit":"","value":null},"rpm":{"unit":"","value":0},"time":{"unit":"","value":null}}]},{"etl_treatment":[{"material":{"unit":"","value":"NONE"},"concentration":{"unit":"mg\/ml","value":""},"conc_unit":{"unit":"","value":"mg\/ml"},"quantity":{"unit":"ml","value":null}}],"annealing":[{"temperature":{"unit":"oC","value":0},"time":{"unit":"min","value":0}}],"spin_coating":[{"type":{"unit":"","value":null},"rpm":{"unit":"","value":0},"time":{"unit":"","value":null}}]},{"surface_treatment":{"unit":"","value":"none"}},{"annealing":[{"temperature":{"unit":"oC","value":0},"time":{"unit":"min","value":0}}],"blocking_buffer_layer":[{"material":{"unit":"","value":"BCP"},"concentration":{"unit":"","value":""},"conc_unit":{"unit":"","value":"mg\/ml"},"quantity":{"unit":"ml","value":null}}]},{"surface_treatment":{"unit":"","value":"none"}},{"anode_metal":{"unit":"","value":"Ag"}},{"note":{"unit":"","value":"-"},"ar":{"unit":"","value":0},"type":{"unit":"","value":"p-i-n"}}],"fileinfo":[{"key":"R 11-1_20220531","uploadType":"JV","original_name":"R 11-1_20220531-144145.txt","save_name":"KRICT-SC-00445\/R 11-1_20220531","uploader":39},{"key":"R 11-2_20220531","uploadType":"JV","original_name":"R 11-2_20220531-144149.txt","save_name":"KRICT-SC-00445\/R 11-2_20220531","uploader":39},{"key":"R 11-3_20220531","uploadType":"JV","original_name":"R 11-3_20220531-144153.txt","save_name":"KRICT-SC-00445\/R 11-3_20220531","uploader":39},{"key":"R 12-1_20220531","uploadType":"JV","original_name":"R 12-1_20220531-144315.txt","save_name":"KRICT-SC-00445\/R 12-1_20220531","uploader":39},{"key":"R 12-2_20220531","uploadType":"JV","original_name":"R 12-2_20220531-144319.txt","save_name":"KRICT-SC-00445\/R 12-2_20220531","uploader":39},{"key":"R 12-3_20220531","uploadType":"JV","original_name":"R 12-3_20220531-144323.txt","save_name":"KRICT-SC-00445\/R 12-3_20220531","uploader":39},{"key":"R 12-4_20220531","uploadType":"JV","original_name":"R 12-4_20220531-144327.txt","save_name":"KRICT-SC-00445\/R 12-4_20220531","uploader":39},{"key":"InputFile","uploadType":"InputFile","original_name":"input.xlsx","save_name":"KRICT-SC-00445\/InputFile","uploader":39}],"updated_at":"2024-10-25 07:08:02","created_at":"2022-05-31 06:12:51","group":2,"analysis_old":{"JV":[{"V":{"unit":"V","value":[1.5,1.48995,1.4799,1.4698,1.45975,1.4497,1.43965,1.4296,1.41955,1.40945,1.3994,1.38935,1.3793,1.36925,1.35915,1.3491,1.33905,1.329,1.31895,1.3089,1.2988,1.28875,1.2787,1.26865,1.2586,1.2485,1.23845,1.2284,1.21835,1.2083,1.19825,1.18815,1.1781,1.16805,1.158,1.14795,1.13785,1.1278,1.11775,1.1077,1.09765,1.0876,1.0775,1.06745,1.0574,1.04735,1.0373,1.0272,1.01715,1.0071,0.99705,0.987,0.97695,0.96685,0.9568,0.94675,0.9367,0.92665,0.91655,0.9065,0.89645,0.8864,0.87635,0.86625,0.8562,0.84615,0.8361,0.82605,0.816,0.8059,0.79585,0.7858,0.77575,0.7657,0.7556,0.74555,0.7355,0.72545,0.7154,0.70535,0.69525,0.6852,0.67515,0.6651,0.65505,0.64495,0.6349,0.62485,0.6148,0.60475,0.5947,0.5846,0.57455,0.5645,0.55445,0.5444,0.5343,0.52425,0.5142,0.50415,0.4941,0.48405,0.47395,0.4639,0.45385,0.4438,0.43375,0.42365,0.4136,0.40355,0.3935,0.38345,0.3734,0.3633,0.35325,0.3432,0.33315,0.3231,0.313,0.30295,0.2929,0.28285,0.2728,0.2627,0.25265,0.2426,0.23255,0.2225,0.21245,0.20235,0.1923,0.18225,0.1722,0.16215,0.15205,0.142,0.13195,0.1219,0.11185,0.1018,0.0917,0.08165,0.0716,0.06155,0.0515,0.0414,0.03135,0.0213,0.01125,0.0012,-0.00885,-0.01895,-0.029,-0.03905,-0.0491,-0.05915,-0.06925,-0.0793,-0.08935,-0.0994,-0.10945,-0.1195,-0.1296,-0.13965,-0.1497,-0.15975,-0.1698,-0.1799,-0.18995,-0.2]},"I":{"unit":"A","value":[-0.0100011,-0.010001,-0.010001,-0.00937626,-0.00869705,-0.00808667,-0.00752206,-0.00700397,-0.0065244,-0.00604559,-0.00562094,-0.00521766,-0.00483214,-0.00446611,-0.00411136,-0.0037751,-0.00344901,-0.00314129,-0.00284147,-0.00255557,-0.00227873,-0.00201895,-0.00177001,-0.00153493,-0.00130709,-0.0010999,-0.000896866,-0.000698488,-0.000514941,-0.000338026,-0.000172551,-1.30478e-5,0.000136646,0.000282495,0.000401058,0.000524684,0.000641526,0.000760189,0.000865082,0.000963547,0.00105194,0.00114088,0.00120482,0.00127271,0.00134343,0.00139968,0.00145101,0.0014986,0.00153894,0.00157651,0.00161174,0.00163579,0.00166105,0.00168434,0.00170383,0.00172793,0.00174387,0.00175835,0.00177425,0.00178822,0.00179262,0.00180184,0.00181125,0.00181763,0.00182477,0.00182983,0.00183525,0.00184127,0.00184563,0.00184775,0.00184953,0.00185272,0.00185636,0.00185763,0.00185975,0.0018634,0.00186203,0.00186664,0.00186466,0.00186603,0.00186922,0.00186861,0.00186831,0.00187287,0.0018714,0.00187302,0.00187722,0.00187398,0.00187798,0.00187474,0.00187737,0.00187752,0.00187838,0.00187934,0.0018798,0.00188066,0.00187985,0.00188016,0.00188502,0.00188436,0.00188481,0.00188755,0.00188694,0.00188668,0.0018878,0.00188679,0.00188805,0.0018876,0.0018916,0.00188689,0.00188947,0.00188967,0.00188942,0.00189073,0.00188982,0.00188694,0.00189068,0.00189271,0.00189306,0.00189154,0.00189276,0.00189549,0.00189352,0.00189716,0.001896,0.00189418,0.0018965,0.00189777,0.00189387,0.00189838,0.00189701,0.00189696,0.00189747,0.00189772,0.00189671,0.00190015,0.00189975,0.00190233,0.00189807,0.0019,0.00189924,0.00190076,0.00190192,0.00190309,0.00189959,0.00190299,0.0019002,0.00190395,0.00189909,0.00190395,0.00190445,0.00190349,0.0019002,0.00190592,0.00190395,0.00190288,0.00190623,0.00190319,0.00190218,0.00190076,0.0019041,0.00190577,0.00190526,0.00190612,0.00190714,0.0019039,0.00190673,0.00190952,0.00190557,0.00190967]},"J":{"unit":"A\/cm2","value":[-0.106395,-0.106394,-0.106393,-0.0997474,-0.0925218,-0.0860285,-0.0800219,-0.0745103,-0.0694085,-0.0643148,-0.0597973,-0.055507,-0.0514057,-0.0475118,-0.0437379,-0.0401606,-0.0366916,-0.033418,-0.0302284,-0.0271869,-0.0242418,-0.0214782,-0.0188298,-0.016329,-0.0139052,-0.0117011,-0.00954113,-0.00743073,-0.0054781,-0.00359602,-0.00183565,-0.000138807,0.00145369,0.00300527,0.00426658,0.00558174,0.00682474,0.00808712,0.009203,0.0102505,0.0111908,0.0121371,0.0128173,0.0135395,0.0142919,0.0148902,0.0154363,0.0159425,0.0163717,0.0167714,0.0171462,0.017402,0.0176708,0.0179185,0.0181259,0.0183822,0.0185518,0.0187059,0.018875,0.0190236,0.0190705,0.0191685,0.0192687,0.0193365,0.0194125,0.0194663,0.0195239,0.019588,0.0196344,0.019657,0.0196758,0.0197097,0.0197485,0.019762,0.0197846,0.0198234,0.0198088,0.0198579,0.0198368,0.0198514,0.0198853,0.0198789,0.0198756,0.0199241,0.0199085,0.0199257,0.0199704,0.0199359,0.0199785,0.019944,0.019972,0.0199736,0.0199828,0.019993,0.0199979,0.020007,0.0199984,0.0200016,0.0200534,0.0200463,0.0200512,0.0200803,0.0200738,0.0200711,0.020083,0.0200722,0.0200857,0.0200808,0.0201234,0.0200733,0.0201007,0.0201029,0.0201002,0.0201142,0.0201045,0.0200738,0.0201137,0.0201352,0.020139,0.0201228,0.0201357,0.0201648,0.0201438,0.0201826,0.0201702,0.0201508,0.0201756,0.0201891,0.0201476,0.0201955,0.020181,0.0201804,0.0201858,0.0201885,0.0201777,0.0202144,0.0202101,0.0202375,0.0201923,0.0202128,0.0202047,0.0202208,0.0202332,0.0202456,0.0202084,0.0202445,0.0202149,0.0202548,0.0202031,0.0202548,0.0202601,0.0202499,0.0202149,0.0202758,0.0202548,0.0202435,0.020279,0.0202467,0.0202359,0.0202208,0.0202564,0.0202741,0.0202688,0.0202779,0.0202887,0.0202542,0.0202844,0.020314,0.020272,0.0203156]},"pv_cell_parameters":{"voc":{"unit":"V","value":1.19},"isc":{"unit":"mA","value":1.9},"jsc":{"unit":"mA\/cm2","value":20.25},"vopt":{"unit":"mV","value":946.75},"iopt":{"unit":"mA","value":1.73},"pmax":{"unit":"W","value":0.00164},"fill_factor":{"unit":"%","value":72.32},"efficiency":{"unit":"%","value":17.4},"cell_dimension":{"unit":"cm2","value":0.094},"irradiance":{"unit":"mW\/cm2","value":100}},"calculations":{"fitted_isc":{"unit":"mA","value":1.9},"fitted_voc":{"unit":"V","value":1.18},"rshunt":{"unit":"Kohm","value":327.83},"rseries":{"unit":"ohm","value":63.68}},"measurement_conditions":{"sweep_direction":{"unit":"","value":"Reverse"},"nplc":{"unit":"","value":0.01},"voltage_settling_time":{"unit":"s","value":0.01},"configuration_file":{"unit":"","value":"Configuration for I-V meas.conf"},"sample_id":{"unit":"","value":"R 12-4"},"note":{"unit":"","value":"\uc2dc\ub8cc\uc5d0 \uad00\ud55c \ubd80\uac00\uc801\uc778 \uc124\uba85\uc744 \uc774\uacf3\uc5d0 \uc801\uc73c\uc138\uc694. ^^"}},"key":"R 12-4_20220531"},{"V":{"unit":"V","value":[1.5,1.48995,1.4799,1.4698,1.45975,1.4497,1.43965,1.4296,1.41955,1.40945,1.3994,1.38935,1.3793,1.36925,1.35915,1.3491,1.33905,1.329,1.31895,1.3089,1.2988,1.28875,1.2787,1.26865,1.2586,1.2485,1.23845,1.2284,1.21835,1.2083,1.19825,1.18815,1.1781,1.16805,1.158,1.14795,1.13785,1.1278,1.11775,1.1077,1.09765,1.0876,1.0775,1.06745,1.0574,1.04735,1.0373,1.0272,1.01715,1.0071,0.99705,0.987,0.97695,0.96685,0.9568,0.94675,0.9367,0.92665,0.91655,0.9065,0.89645,0.8864,0.87635,0.86625,0.8562,0.84615,0.8361,0.82605,0.816,0.8059,0.79585,0.7858,0.77575,0.7657,0.7556,0.74555,0.7355,0.72545,0.7154,0.70535,0.69525,0.6852,0.67515,0.6651,0.65505,0.64495,0.6349,0.62485,0.6148,0.60475,0.5947,0.5846,0.57455,0.5645,0.55445,0.5444,0.5343,0.52425,0.5142,0.50415,0.4941,0.48405,0.47395,0.4639,0.45385,0.4438,0.43375,0.42365,0.4136,0.40355,0.3935,0.38345,0.3734,0.3633,0.35325,0.3432,0.33315,0.3231,0.313,0.30295,0.2929,0.28285,0.2728,0.2627,0.25265,0.2426,0.23255,0.2225,0.21245,0.20235,0.1923,0.18225,0.1722,0.16215,0.15205,0.142,0.13195,0.1219,0.11185,0.1018,0.0917,0.08165,0.0716,0.06155,0.0515,0.0414,0.03135,0.0213,0.01125,0.0012,-0.00885,-0.01895,-0.029,-0.03905,-0.0491,-0.05915,-0.06925,-0.0793,-0.08935,-0.0994,-0.10945,-0.1195,-0.1296,-0.13965,-0.1497,-0.15975,-0.1698,-0.1799,-0.18995,-0.2]},"I":{"unit":"A","value":[-0.00860159,-0.008476,-0.0080573,-0.00766154,-0.0072763,-0.00693329,-0.0066212,-0.00631089,-0.00599379,-0.00564911,-0.00533723,-0.00503289,-0.00474307,-0.00444916,-0.00415692,-0.00388751,-0.00361314,-0.00333943,-0.00308211,-0.00282617,-0.00257923,-0.00234845,-0.00212414,-0.00190459,-0.00169208,-0.00149121,-0.00128837,-0.00109201,-0.000899492,-0.000719075,-0.000544581,-0.000377831,-0.000213057,-7.33398e-5,7.31172e-5,0.000212442,0.000354806,0.00048431,0.000606675,0.000727015,0.000841482,0.000937371,0.00102875,0.00112175,0.00120747,0.00128214,0.0013517,0.00141655,0.00147569,0.00152849,0.0015655,0.00160696,0.00163962,0.00167556,0.00170361,0.00172639,0.00174462,0.00176937,0.00178061,0.00179276,0.00180405,0.00181772,0.00182486,0.00183585,0.00184263,0.00185063,0.00185751,0.00186131,0.00186187,0.00186977,0.00187508,0.00188004,0.00187984,0.00188349,0.00188733,0.00189052,0.00188906,0.00189118,0.00189331,0.00189609,0.00189584,0.00190065,0.00190141,0.00190237,0.00190622,0.00190738,0.00190728,0.00190769,0.00190986,0.00191189,0.00191082,0.00191224,0.00191513,0.00191528,0.00191665,0.00191766,0.00191629,0.00192034,0.00192141,0.0019212,0.00192237,0.00192353,0.00192378,0.00192556,0.00192541,0.00192839,0.00192708,0.00192728,0.00193305,0.00193082,0.00193092,0.00193153,0.00193184,0.00193057,0.00193325,0.00193457,0.00193482,0.00193669,0.00193644,0.00193573,0.00193913,0.00193715,0.001937,0.00193923,0.00193816,0.00193811,0.00194059,0.00193811,0.00194029,0.00194272,0.00194287,0.00194014,0.00194353,0.00194434,0.00194434,0.00194454,0.00194626,0.00194454,0.00194667,0.00194692,0.00194166,0.00194793,0.00194976,0.00194824,0.00194966,0.00195092,0.00195031,0.00195042,0.00195036,0.00195285,0.00195067,0.00195285,0.00195209,0.00195411,0.00195062,0.00195082,0.001953,0.00195219,0.0019529,0.00195659,0.00195421,0.0019529,0.00195679,0.00195629,0.00195436,0.00195497,0.0019536,0.00195725,0.00195669,0.00195816]},"J":{"unit":"A\/cm2","value":[-0.0915063,-0.0901702,-0.085716,-0.0815057,-0.0774075,-0.0737584,-0.0704383,-0.0671371,-0.0637638,-0.0600969,-0.056779,-0.0535413,-0.0504582,-0.0473315,-0.0442226,-0.0413565,-0.0384376,-0.0355258,-0.0327884,-0.0300656,-0.0274387,-0.0249835,-0.0225972,-0.0202616,-0.0180009,-0.015864,-0.0137061,-0.0116171,-0.00956906,-0.00764974,-0.00579341,-0.00401948,-0.00226656,-0.000780211,0.000777843,0.00226002,0.00377453,0.00515224,0.00645399,0.0077342,0.00895193,0.00997203,0.0109442,0.0119336,0.0128454,0.0136398,0.0143798,0.0150697,0.0156988,0.0162605,0.0166542,0.0170953,0.0174427,0.0178251,0.0181235,0.0183659,0.0185598,0.0188231,0.0189427,0.0190719,0.019192,0.0193375,0.0194134,0.0195303,0.0196024,0.0196875,0.0197608,0.0198012,0.0198071,0.0198911,0.0199477,0.0200005,0.0199983,0.0200371,0.020078,0.0201119,0.0200963,0.0201189,0.0201416,0.0201712,0.0201685,0.0202197,0.0202278,0.020238,0.0202789,0.0202913,0.0202902,0.0202945,0.0203177,0.0203392,0.0203279,0.020343,0.0203737,0.0203753,0.0203899,0.0204006,0.0203861,0.0204292,0.0204405,0.0204383,0.0204507,0.0204631,0.0204658,0.0204847,0.020483,0.0205148,0.0205008,0.020503,0.0205644,0.0205407,0.0205417,0.0205482,0.0205514,0.020538,0.0205665,0.0205805,0.0205832,0.0206031,0.0206004,0.0205929,0.020629,0.020608,0.0206064,0.0206301,0.0206187,0.0206182,0.0206446,0.0206182,0.0206414,0.0206672,0.0206688,0.0206398,0.0206758,0.0206845,0.0206845,0.0206866,0.0207049,0.0206866,0.0207092,0.0207119,0.0206559,0.0207227,0.0207421,0.0207259,0.020741,0.0207545,0.020748,0.0207491,0.0207486,0.020775,0.0207518,0.020775,0.0207669,0.0207884,0.0207513,0.0207534,0.0207766,0.0207679,0.0207755,0.0208148,0.0207895,0.0207755,0.020817,0.0208116,0.0207911,0.0207976,0.020783,0.0208218,0.0208159,0.0208315]},"pv_cell_parameters":{"voc":{"unit":"V","value":1.16},"isc":{"unit":"mA","value":1.95},"jsc":{"unit":"mA\/cm2","value":20.77},"vopt":{"unit":"mV","value":926.65},"iopt":{"unit":"mA","value":1.77},"pmax":{"unit":"W","value":0.00164},"fill_factor":{"unit":"%","value":72.5},"efficiency":{"unit":"%","value":17.44},"cell_dimension":{"unit":"cm2","value":0.094},"irradiance":{"unit":"mW\/cm2","value":100}},"calculations":{"fitted_isc":{"unit":"mA","value":1.95},"fitted_voc":{"unit":"V","value":1.16},"rshunt":{"unit":"Kohm","value":364.75},"rseries":{"unit":"ohm","value":68.54}},"measurement_conditions":{"sweep_direction":{"unit":"","value":"Reverse"},"nplc":{"unit":"","value":0.01},"voltage_settling_time":{"unit":"s","value":0.01},"configuration_file":{"unit":"","value":"Configuration for I-V meas.conf"},"sample_id":{"unit":"","value":"R 12-3"},"note":{"unit":"","value":"\uc2dc\ub8cc\uc5d0 \uad00\ud55c \ubd80\uac00\uc801\uc778 \uc124\uba85\uc744 \uc774\uacf3\uc5d0 \uc801\uc73c\uc138\uc694. ^^"}},"key":"R 12-3_20220531"},{"V":{"unit":"V","value":[1.5,1.48995,1.4799,1.4698,1.45975,1.4497,1.43965,1.4296,1.41955,1.40945,1.3994,1.38935,1.3793,1.36925,1.35915,1.3491,1.33905,1.329,1.31895,1.3089,1.2988,1.28875,1.2787,1.26865,1.2586,1.2485,1.23845,1.2284,1.21835,1.2083,1.19825,1.18815,1.1781,1.16805,1.158,1.14795,1.13785,1.1278,1.11775,1.1077,1.09765,1.0876,1.0775,1.06745,1.0574,1.04735,1.0373,1.0272,1.01715,1.0071,0.99705,0.987,0.97695,0.96685,0.9568,0.94675,0.9367,0.92665,0.91655,0.9065,0.89645,0.8864,0.87635,0.86625,0.8562,0.84615,0.8361,0.82605,0.816,0.8059,0.79585,0.7858,0.77575,0.7657,0.7556,0.74555,0.7355,0.72545,0.7154,0.70535,0.69525,0.6852,0.67515,0.6651,0.65505,0.64495,0.6349,0.62485,0.6148,0.60475,0.5947,0.5846,0.57455,0.5645,0.55445,0.5444,0.5343,0.52425,0.5142,0.50415,0.4941,0.48405,0.47395,0.4639,0.45385,0.4438,0.43375,0.42365,0.4136,0.40355,0.3935,0.38345,0.3734,0.3633,0.35325,0.3432,0.33315,0.3231,0.313,0.30295,0.2929,0.28285,0.2728,0.2627,0.25265,0.2426,0.23255,0.2225,0.21245,0.20235,0.1923,0.18225,0.1722,0.16215,0.15205,0.142,0.13195,0.1219,0.11185,0.1018,0.0917,0.08165,0.0716,0.06155,0.0515,0.0414,0.03135,0.0213,0.01125,0.0012,-0.00885,-0.01895,-0.029,-0.03905,-0.0491,-0.05915,-0.06925,-0.0793,-0.08935,-0.0994,-0.10945,-0.1195,-0.1296,-0.13965,-0.1497,-0.15975,-0.1698,-0.1799,-0.18995,-0.2]},"I":{"unit":"A","value":[-0.0100007,-0.0100007,-0.0100007,-0.0100007,-0.0100007,-0.0100009,-0.0100008,-0.0100007,-0.0100007,-0.0100008,-0.0100007,-0.010001,-0.0100006,-0.0100007,-0.00939992,-0.00864966,-0.00793761,-0.00726191,-0.00659379,-0.0059722,-0.00538452,-0.00483572,-0.00431414,-0.0038194,-0.00335153,-0.00290639,-0.00247867,-0.00211412,-0.00174906,-0.00140693,-0.00106804,-0.000764023,-0.000485773,-0.000228581,1.95513e-5,0.000211718,0.000397504,0.000585266,0.000749893,0.000898979,0.00103485,0.0011482,0.00125172,0.00134801,0.00141311,0.00147953,0.00154544,0.00159869,0.00164198,0.00168475,0.0017207,0.00175304,0.00177912,0.00180149,0.00181764,0.00182868,0.0018465,0.00185859,0.00186452,0.00187378,0.00188421,0.00188461,0.00189211,0.00189828,0.00190233,0.00190309,0.00191013,0.00191428,0.00191352,0.00191813,0.00191868,0.00191888,0.00192202,0.00192638,0.00192456,0.00192719,0.00192845,0.00193256,0.00193159,0.00192926,0.00193159,0.00193397,0.00193149,0.00193736,0.00193858,0.00193853,0.00193919,0.00194151,0.0019406,0.00193666,0.00194308,0.00194273,0.00194116,0.00194374,0.00194303,0.0019442,0.00194683,0.0019446,0.00194334,0.00194734,0.00194956,0.00195063,0.00194369,0.00195012,0.00194769,0.00195063,0.00194845,0.00194405,0.00194992,0.00194855,0.00194941,0.00195154,0.00195068,0.00195214,0.0019527,0.00195123,0.00195108,0.00195549,0.00195371,0.00195427,0.0019524,0.00195584,0.00195544,0.0019568,0.00195837,0.00195781,0.00195564,0.00195812,0.00195695,0.00195594,0.00195599,0.00195827,0.00195873,0.00195827,0.00195852,0.00195604,0.00196014,0.00195908,0.00195766,0.00195893,0.00195969,0.00195933,0.00195817,0.00195817,0.00195994,0.00196136,0.00196009,0.00196257,0.00196085,0.00196166,0.00196323,0.00196085,0.00196374,0.00196181,0.00196313,0.00195999,0.00196131,0.00196303,0.00196101,0.00196541,0.00196455,0.00196333,0.0019647,0.00196536,0.00196753,0.00196495,0.00196566,0.00196804,0.0019651,0.00196531]},"J":{"unit":"A\/cm2","value":[-0.106391,-0.106391,-0.10639,-0.10639,-0.106391,-0.106393,-0.106391,-0.106391,-0.106391,-0.106391,-0.106391,-0.106394,-0.106389,-0.106391,-0.0999992,-0.0920176,-0.0844427,-0.0772543,-0.0701467,-0.063534,-0.0572821,-0.0514438,-0.0458951,-0.0406319,-0.0356546,-0.0309191,-0.0263688,-0.0224906,-0.018607,-0.0149673,-0.0113621,-0.0081279,-0.0051678,-0.00243171,0.000207992,0.00225232,0.00422877,0.00622624,0.00797758,0.0095636,0.0110091,0.0122149,0.0133162,0.0143405,0.0150331,0.0157396,0.0164408,0.0170074,0.0174678,0.0179229,0.0183053,0.0186494,0.0189268,0.0191648,0.0193366,0.019454,0.0196436,0.0197723,0.0198353,0.0199338,0.0200448,0.0200491,0.0201288,0.0201945,0.0202376,0.0202457,0.0203205,0.0203647,0.0203566,0.0204056,0.0204115,0.0204137,0.0204471,0.0204934,0.020474,0.020502,0.0205155,0.0205591,0.0205489,0.0205241,0.0205489,0.0205741,0.0205478,0.0206102,0.0206232,0.0206226,0.0206296,0.0206544,0.0206447,0.0206027,0.0206711,0.0206673,0.0206506,0.0206781,0.0206706,0.0206829,0.020711,0.0206873,0.0206738,0.0207164,0.02074,0.0207513,0.0206776,0.020746,0.0207201,0.0207513,0.0207282,0.0206813,0.0207438,0.0207293,0.0207384,0.020761,0.0207519,0.0207675,0.0207734,0.0207578,0.0207562,0.020803,0.0207842,0.0207901,0.0207702,0.0208068,0.0208025,0.0208171,0.0208337,0.0208278,0.0208047,0.020831,0.0208187,0.0208079,0.0208084,0.0208327,0.0208375,0.0208327,0.0208354,0.020809,0.0208526,0.0208413,0.0208262,0.0208397,0.0208477,0.020844,0.0208316,0.0208316,0.0208504,0.0208655,0.020852,0.0208784,0.0208601,0.0208687,0.0208854,0.0208601,0.0208908,0.0208704,0.0208844,0.020851,0.020865,0.0208833,0.0208618,0.0209086,0.0208994,0.0208865,0.0209011,0.0209081,0.0209312,0.0209038,0.0209113,0.0209366,0.0209054,0.0209075]},"pv_cell_parameters":{"voc":{"unit":"V","value":1.16},"isc":{"unit":"mA","value":1.96},"jsc":{"unit":"mA\/cm2","value":20.870000000000005},"vopt":{"unit":"mV","value":966.8500000000001},"iopt":{"unit":"mA","value":1.8000000000000003},"pmax":{"unit":"W","value":0.00174},"fill_factor":{"unit":"%","value":76.68},"efficiency":{"unit":"%","value":18.53},"cell_dimension":{"unit":"cm2","value":0.094},"irradiance":{"unit":"mW\/cm2","value":100}},"calculations":{"fitted_isc":{"unit":"mA","value":1.96},"fitted_voc":{"unit":"V","value":1.15},"rshunt":{"unit":"Kohm","value":111.03},"rseries":{"unit":"ohm","value":42.42}},"measurement_conditions":{"sweep_direction":{"unit":"","value":"Reverse"},"nplc":{"unit":"","value":0.01},"voltage_settling_time":{"unit":"s","value":0.01},"configuration_file":{"unit":"","value":"Configuration for I-V meas.conf"},"sample_id":{"unit":"","value":"R 12-2"},"note":{"unit":"","value":"\uc2dc\ub8cc\uc5d0 \uad00\ud55c \ubd80\uac00\uc801\uc778 \uc124\uba85\uc744 \uc774\uacf3\uc5d0 \uc801\uc73c\uc138\uc694. ^^"}},"key":"R 12-2_20220531"},{"V":{"unit":"V","value":[1.5,1.48995,1.4799,1.4698,1.45975,1.4497,1.43965,1.4296,1.41955,1.40945,1.3994,1.38935,1.3793,1.36925,1.35915,1.3491,1.33905,1.329,1.31895,1.3089,1.2988,1.28875,1.2787,1.26865,1.2586,1.2485,1.23845,1.2284,1.21835,1.2083,1.19825,1.18815,1.1781,1.16805,1.158,1.14795,1.13785,1.1278,1.11775,1.1077,1.09765,1.0876,1.0775,1.06745,1.0574,1.04735,1.0373,1.0272,1.01715,1.0071,0.99705,0.987,0.97695,0.96685,0.9568,0.94675,0.9367,0.92665,0.91655,0.9065,0.89645,0.8864,0.87635,0.86625,0.8562,0.84615,0.8361,0.82605,0.816,0.8059,0.79585,0.7858,0.77575,0.7657,0.7556,0.74555,0.7355,0.72545,0.7154,0.70535,0.69525,0.6852,0.67515,0.6651,0.65505,0.64495,0.6349,0.62485,0.6148,0.60475,0.5947,0.5846,0.57455,0.5645,0.55445,0.5444,0.5343,0.52425,0.5142,0.50415,0.4941,0.48405,0.47395,0.4639,0.45385,0.4438,0.43375,0.42365,0.4136,0.40355,0.3935,0.38345,0.3734,0.3633,0.35325,0.3432,0.33315,0.3231,0.313,0.30295,0.2929,0.28285,0.2728,0.2627,0.25265,0.2426,0.23255,0.2225,0.21245,0.20235,0.1923,0.18225,0.1722,0.16215,0.15205,0.142,0.13195,0.1219,0.11185,0.1018,0.0917,0.08165,0.0716,0.06155,0.0515,0.0414,0.03135,0.0213,0.01125,0.0012,-0.00885,-0.01895,-0.029,-0.03905,-0.0491,-0.05915,-0.06925,-0.0793,-0.08935,-0.0994,-0.10945,-0.1195,-0.1296,-0.13965,-0.1497,-0.15975,-0.1698,-0.1799,-0.18995,-0.2]},"I":{"unit":"A","value":[-0.0100013,-0.0100014,-0.0100013,-0.0100014,-0.0100014,-0.0100014,-0.0100015,-0.0100013,-0.0100015,-0.00993092,-0.00922328,-0.00855777,-0.00792728,-0.00732671,-0.00675423,-0.00621592,-0.00567929,-0.0051829,-0.00471475,-0.00426944,-0.00384751,-0.00344208,-0.00306455,-0.00270023,-0.002384,-0.00206301,-0.00176221,-0.00146198,-0.00118852,-0.000935672,-0.000693804,-0.000457655,-0.000267927,-8.40193e-5,0.000106478,0.000284479,0.000447039,0.000597551,0.000736318,0.000862124,0.000984942,0.00107445,0.00116259,0.001256,0.00133518,0.00140995,0.00147389,0.00152953,0.00158284,0.00163048,0.00165427,0.00168885,0.00171715,0.00174904,0.0017699,0.00178453,0.00180377,0.00181794,0.00182751,0.0018343,0.0018423,0.00185288,0.00186523,0.00187019,0.00187297,0.00187859,0.00188452,0.00188578,0.00189014,0.00189444,0.00189449,0.00190077,0.00190512,0.00190467,0.00190781,0.00190826,0.00191099,0.00190897,0.00191145,0.00191155,0.00191444,0.00191424,0.00191763,0.00191464,0.00191712,0.00191763,0.00191839,0.00191986,0.0019155,0.00191899,0.00192163,0.00191833,0.00191925,0.00192223,0.00191864,0.0019234,0.00192532,0.00192558,0.00192137,0.00192502,0.00192826,0.00192385,0.00192917,0.00192618,0.00192411,0.00192598,0.00192988,0.00192715,0.00192983,0.00193038,0.00193125,0.00192988,0.00192917,0.00192821,0.00193201,0.00192922,0.00193332,0.00193094,0.0019315,0.00193282,0.00193211,0.00193292,0.00193013,0.00193266,0.00193373,0.00193251,0.00193236,0.00193611,0.0019353,0.00193509,0.00193449,0.00193636,0.00193221,0.00193676,0.00193874,0.00193641,0.00193666,0.00193661,0.00193833,0.00193813,0.00193666,0.00193899,0.00193398,0.001936,0.00194041,0.00193808,0.00193656,0.00193844,0.00194,0.0019393,0.00194076,0.00193919,0.00193884,0.00194173,0.00194061,0.00193849,0.00194243,0.00194213,0.00193874,0.00194071,0.00193914,0.00194249,0.00194198,0.00194258,0.0019437,0.00194411,0.00194188,0.00194461,0.00194127,0.00194086]},"J":{"unit":"A\/cm2","value":[-0.106397,-0.106398,-0.106397,-0.106398,-0.106398,-0.106398,-0.106399,-0.106397,-0.106399,-0.105648,-0.09812,-0.0910401,-0.0843327,-0.0779437,-0.0718535,-0.0661268,-0.060418,-0.0551372,-0.0501569,-0.0454195,-0.0409309,-0.0366179,-0.0326016,-0.0287258,-0.0253617,-0.0219469,-0.018747,-0.015553,-0.0126439,-0.00995396,-0.00738089,-0.00486867,-0.00285028,-0.000893822,0.00113275,0.00302637,0.00475574,0.00635692,0.00783317,0.00917154,0.0104781,0.0114303,0.012368,0.0133617,0.014204,0.0149995,0.0156797,0.0162716,0.0168387,0.0173455,0.0175986,0.0179665,0.0182675,0.0186068,0.0188287,0.0189844,0.019189,0.0193398,0.0194416,0.0195138,0.0195989,0.0197115,0.0198429,0.0198957,0.0199253,0.019985,0.0200481,0.0200615,0.0201078,0.0201536,0.0201542,0.0202209,0.0202673,0.0202624,0.0202958,0.0203007,0.0203297,0.0203082,0.0203346,0.0203357,0.0203664,0.0203642,0.0204003,0.0203685,0.0203949,0.0204003,0.0204084,0.020424,0.0203777,0.0204148,0.0204428,0.0204078,0.0204175,0.0204493,0.0204111,0.0204617,0.0204821,0.0204849,0.0204401,0.0204789,0.0205134,0.0204665,0.0205231,0.0204913,0.0204692,0.0204892,0.0205306,0.0205016,0.0205301,0.020536,0.0205452,0.0205306,0.0205231,0.0205128,0.0205532,0.0205236,0.0205673,0.0205419,0.0205479,0.0205619,0.0205543,0.0205629,0.0205333,0.0205602,0.0205716,0.0205586,0.020557,0.0205969,0.0205883,0.0205861,0.0205796,0.0205996,0.0205554,0.0206039,0.0206249,0.0206001,0.0206028,0.0206023,0.0206206,0.0206184,0.0206028,0.0206276,0.0205743,0.0205958,0.0206427,0.0206179,0.0206017,0.0206216,0.0206383,0.0206308,0.0206464,0.0206297,0.0206259,0.0206566,0.0206448,0.0206222,0.0206642,0.020661,0.0206249,0.0206459,0.0206292,0.0206647,0.0206593,0.0206658,0.0206776,0.020682,0.0206583,0.0206874,0.0206518,0.0206475]},"pv_cell_parameters":{"voc":{"unit":"V","value":1.17},"isc":{"unit":"mA","value":1.94},"jsc":{"unit":"mA\/cm2","value":20.63},"vopt":{"unit":"mV","value":956.8},"iopt":{"unit":"mA","value":1.77},"pmax":{"unit":"W","value":0.0016899999999999999},"fill_factor":{"unit":"%","value":74.76},"efficiency":{"unit":"%","value":18.02},"cell_dimension":{"unit":"cm2","value":0.094},"irradiance":{"unit":"mW\/cm2","value":100}},"calculations":{"fitted_isc":{"unit":"mA","value":1.94},"fitted_voc":{"unit":"V","value":1.16},"rshunt":{"unit":"Kohm","value":89.27},"rseries":{"unit":"ohm","value":51.05}},"measurement_conditions":{"sweep_direction":{"unit":"","value":"Reverse"},"nplc":{"unit":"","value":0.01},"voltage_settling_time":{"unit":"s","value":0.01},"configuration_file":{"unit":"","value":"Configuration for I-V meas.conf"},"sample_id":{"unit":"","value":"R 12-1"},"note":{"unit":"","value":"\uc2dc\ub8cc\uc5d0 \uad00\ud55c \ubd80\uac00\uc801\uc778 \uc124\uba85\uc744 \uc774\uacf3\uc5d0 \uc801\uc73c\uc138\uc694. ^^"}},"key":"R 12-1_20220531"},{"V":{"unit":"V","value":[1.5,1.48995,1.4799,1.4698,1.45975,1.4497,1.43965,1.4296,1.41955,1.40945,1.3994,1.38935,1.3793,1.36925,1.35915,1.3491,1.33905,1.329,1.31895,1.3089,1.2988,1.28875,1.2787,1.26865,1.2586,1.2485,1.23845,1.2284,1.21835,1.2083,1.19825,1.18815,1.1781,1.16805,1.158,1.14795,1.13785,1.1278,1.11775,1.1077,1.09765,1.0876,1.0775,1.06745,1.0574,1.04735,1.0373,1.0272,1.01715,1.0071,0.99705,0.987,0.97695,0.96685,0.9568,0.94675,0.9367,0.92665,0.91655,0.9065,0.89645,0.8864,0.87635,0.86625,0.8562,0.84615,0.8361,0.82605,0.816,0.8059,0.79585,0.7858,0.77575,0.7657,0.7556,0.74555,0.7355,0.72545,0.7154,0.70535,0.69525,0.6852,0.67515,0.6651,0.65505,0.64495,0.6349,0.62485,0.6148,0.60475,0.5947,0.5846,0.57455,0.5645,0.55445,0.5444,0.5343,0.52425,0.5142,0.50415,0.4941,0.48405,0.47395,0.4639,0.45385,0.4438,0.43375,0.42365,0.4136,0.40355,0.3935,0.38345,0.3734,0.3633,0.35325,0.3432,0.33315,0.3231,0.313,0.30295,0.2929,0.28285,0.2728,0.2627,0.25265,0.2426,0.23255,0.2225,0.21245,0.20235,0.1923,0.18225,0.1722,0.16215,0.15205,0.142,0.13195,0.1219,0.11185,0.1018,0.0917,0.08165,0.0716,0.06155,0.0515,0.0414,0.03135,0.0213,0.01125,0.0012,-0.00885,-0.01895,-0.029,-0.03905,-0.0491,-0.05915,-0.06925,-0.0793,-0.08935,-0.0994,-0.10945,-0.1195,-0.1296,-0.13965,-0.1497,-0.15975,-0.1698,-0.1799,-0.18995,-0.2]},"I":{"unit":"A","value":[-0.0100002,-0.0100002,-0.00948501,-0.00874646,-0.00797942,-0.00730652,-0.00700079,-0.00657997,-0.00614502,-0.00561374,-0.00536354,-0.00509492,-0.00480954,-0.00459493,-0.00419774,-0.00373545,-0.00352853,-0.00353613,-0.00336499,-0.00309961,-0.00286667,-0.00269725,-0.00245419,-0.00220248,-0.00193719,-0.00169388,-0.00146114,-0.00118938,-0.000946269,-0.00073464,-0.00056391,-0.000387106,-0.000219817,-5.53131e-5,7.53868e-5,0.000214798,0.000355527,0.000481069,0.000598967,0.000704868,0.000798011,0.000885788,0.000963239,0.00104707,0.00112604,0.00119919,0.00128413,0.00136928,0.00142607,0.00147006,0.00151491,0.0015667,0.00158857,0.00160456,0.00162092,0.00164046,0.00164451,0.00166572,0.00166698,0.00171153,0.00175299,0.00178665,0.00181444,0.00183793,0.00185671,0.00186704,0.00186871,0.00187762,0.00189174,0.00189453,0.00190278,0.00190901,0.00191143,0.00191523,0.00192227,0.00192525,0.00192773,0.00192809,0.00193244,0.00193057,0.00193335,0.00193416,0.00193533,0.00193021,0.00193563,0.00193609,0.00193528,0.00193907,0.00193345,0.00193695,0.0019417,0.00194044,0.00193922,0.0019417,0.00193902,0.00194449,0.00194125,0.00194034,0.001941,0.00194292,0.00194307,0.0019457,0.00194348,0.00194879,0.00194788,0.00195178,0.00195239,0.00195122,0.00194601,0.0019536,0.00195229,0.00195122,0.00194894,0.00195244,0.00194905,0.00195163,0.0019533,0.00195026,0.00195046,0.00195289,0.00195335,0.00195249,0.00195208,0.00195628,0.0019495,0.0019532,0.00195664,0.00195456,0.00195269,0.00195664,0.00195497,0.00195466,0.00195578,0.00195391,0.00195229,0.00195016,0.0019574,0.00196018,0.00195198,0.00195679,0.00195735,0.00195872,0.0019579,0.00196023,0.00195861,0.00195836,0.00196104,0.00195917,0.00196049,0.00196089,0.00196124,0.00195689,0.00195679,0.00196044,0.00196089,0.00195547,0.00195942,0.00196003,0.00195963,0.00196428,0.00196054,0.00196023,0.00196464,0.00195882,0.0019618,0.00195041,0.0019617,0.00196514,0.00195973,0.00196433]},"J":{"unit":"A\/cm2","value":[-0.106385,-0.106385,-0.100904,-0.0930475,-0.0848874,-0.0777289,-0.0744765,-0.0699996,-0.0653725,-0.0597206,-0.057059,-0.0542013,-0.0511654,-0.0488822,-0.0446568,-0.0397389,-0.0375376,-0.0376184,-0.0357978,-0.0329745,-0.0304965,-0.0286942,-0.0261084,-0.0234306,-0.0206084,-0.01802,-0.0155441,-0.012653,-0.0100667,-0.00781532,-0.00599904,-0.00411815,-0.00233848,-0.000588437,0.000801988,0.00228509,0.0037822,0.00511776,0.00637199,0.00749859,0.00848948,0.00942328,0.0102472,0.011139,0.0119791,0.0127573,0.013661,0.0145668,0.015171,0.015639,0.0161161,0.016667,0.0168997,0.0170698,0.0172438,0.0174517,0.0174947,0.0177204,0.0177339,0.0182078,0.0186488,0.0190069,0.0193026,0.0195525,0.0197522,0.0198621,0.0198799,0.0199747,0.0201249,0.0201545,0.0202423,0.0203086,0.0203344,0.0203748,0.0204496,0.0204814,0.0205078,0.0205116,0.0205579,0.020538,0.0205676,0.0205762,0.0205886,0.0205342,0.0205918,0.0205967,0.0205881,0.0206284,0.0205687,0.0206058,0.0206564,0.020643,0.02063,0.0206564,0.0206279,0.0206861,0.0206516,0.0206419,0.0206489,0.0206694,0.020671,0.020699,0.0206753,0.0207318,0.0207221,0.0207636,0.0207701,0.0207577,0.0207022,0.020783,0.020769,0.0207577,0.0207334,0.0207706,0.0207345,0.020762,0.0207798,0.0207474,0.0207496,0.0207754,0.0207803,0.0207711,0.0207668,0.0208115,0.0207394,0.0207787,0.0208153,0.0207932,0.0207733,0.0208153,0.0207975,0.0207943,0.0208061,0.0207862,0.020769,0.0207464,0.0208234,0.020853,0.0207658,0.0208169,0.0208229,0.0208374,0.0208288,0.0208535,0.0208363,0.0208336,0.0208622,0.0208422,0.0208562,0.0208605,0.0208643,0.020818,0.0208169,0.0208557,0.0208605,0.0208029,0.0208449,0.0208514,0.0208471,0.0208966,0.0208568,0.0208535,0.0209004,0.0208385,0.0208702,0.0207491,0.0208692,0.0209058,0.0208481,0.0208972]},"pv_cell_parameters":{"voc":{"unit":"V","value":1.17},"isc":{"unit":"mA","value":1.96},"jsc":{"unit":"mA\/cm2","value":20.86},"vopt":{"unit":"mV","value":866.25},"iopt":{"unit":"mA","value":1.84},"pmax":{"unit":"W","value":0.00159},"fill_factor":{"unit":"%","value":69.51},"efficiency":{"unit":"%","value":16.94},"cell_dimension":{"unit":"cm2","value":0.094},"irradiance":{"unit":"mW\/cm2","value":100}},"calculations":{"fitted_isc":{"unit":"mA","value":1.96},"fitted_voc":{"unit":"V","value":1.16},"rshunt":{"unit":"Kohm","value":154.84},"rseries":{"unit":"ohm","value":64.04}},"measurement_conditions":{"sweep_direction":{"unit":"","value":"Reverse"},"nplc":{"unit":"","value":0.01},"voltage_settling_time":{"unit":"s","value":0.01},"configuration_file":{"unit":"","value":"Configuration for I-V meas.conf"},"sample_id":{"unit":"","value":"R 11-3"},"note":{"unit":"","value":"\uc2dc\ub8cc\uc5d0 \uad00\ud55c \ubd80\uac00\uc801\uc778 \uc124\uba85\uc744 \uc774\uacf3\uc5d0 \uc801\uc73c\uc138\uc694. ^^"}},"key":"R 11-3_20220531"},{"V":{"unit":"V","value":[1.5,1.48995,1.4799,1.4698,1.45975,1.4497,1.43965,1.4296,1.41955,1.40945,1.3994,1.38935,1.3793,1.36925,1.35915,1.3491,1.33905,1.329,1.31895,1.3089,1.2988,1.28875,1.2787,1.26865,1.2586,1.2485,1.23845,1.2284,1.21835,1.2083,1.19825,1.18815,1.1781,1.16805,1.158,1.14795,1.13785,1.1278,1.11775,1.1077,1.09765,1.0876,1.0775,1.06745,1.0574,1.04735,1.0373,1.0272,1.01715,1.0071,0.99705,0.987,0.97695,0.96685,0.9568,0.94675,0.9367,0.92665,0.91655,0.9065,0.89645,0.8864,0.87635,0.86625,0.8562,0.84615,0.8361,0.82605,0.816,0.8059,0.79585,0.7858,0.77575,0.7657,0.7556,0.74555,0.7355,0.72545,0.7154,0.70535,0.69525,0.6852,0.67515,0.6651,0.65505,0.64495,0.6349,0.62485,0.6148,0.60475,0.5947,0.5846,0.57455,0.5645,0.55445,0.5444,0.5343,0.52425,0.5142,0.50415,0.4941,0.48405,0.47395,0.4639,0.45385,0.4438,0.43375,0.42365,0.4136,0.40355,0.3935,0.38345,0.3734,0.3633,0.35325,0.3432,0.33315,0.3231,0.313,0.30295,0.2929,0.28285,0.2728,0.2627,0.25265,0.2426,0.23255,0.2225,0.21245,0.20235,0.1923,0.18225,0.1722,0.16215,0.15205,0.142,0.13195,0.1219,0.11185,0.1018,0.0917,0.08165,0.0716,0.06155,0.0515,0.0414,0.03135,0.0213,0.01125,0.0012,-0.00885,-0.01895,-0.029,-0.03905,-0.0491,-0.05915,-0.06925,-0.0793,-0.08935,-0.0994,-0.10945,-0.1195,-0.1296,-0.13965,-0.1497,-0.15975,-0.1698,-0.1799,-0.18995,-0.2]},"I":{"unit":"A","value":[-0.0100014,-0.0100012,-0.0100012,-0.0100012,-0.0100012,-0.0100012,-0.0100015,-0.0100014,-0.0100012,-0.0100011,-0.0100014,-0.0100011,-0.0100012,-0.0100015,-0.0100012,-0.0100012,-0.0100012,-0.0100012,-0.00995756,-0.00905737,-0.00826632,-0.00752306,-0.00683446,-0.0061849,-0.00555932,-0.00495977,-0.00439428,-0.00385679,-0.00334668,-0.00288548,-0.00243207,-0.00200827,-0.00159176,-0.00122193,-0.000876034,-0.000555199,-0.000254156,-1.39093e-5,0.000225954,0.000447391,0.000658501,0.00084126,0.000998149,0.00113808,0.0012652,0.00135344,0.00144507,0.00152678,0.00159092,0.00164763,0.0017025,0.00173931,0.00177323,0.00180051,0.0018197,0.00183793,0.00185398,0.00186845,0.00187984,0.00188865,0.00189483,0.00190242,0.00190506,0.00190982,0.00191275,0.00191478,0.00191786,0.00191928,0.00192202,0.00192465,0.00192576,0.00192465,0.00192566,0.00192824,0.00192829,0.00192688,0.00193204,0.0019289,0.00193133,0.0019327,0.00193088,0.00193047,0.00193229,0.00193447,0.00193432,0.00193245,0.00193665,0.00193412,0.00193761,0.00193619,0.00193315,0.00193366,0.00193781,0.00193523,0.00193716,0.00193629,0.00194034,0.00193908,0.00193614,0.00193837,0.00193452,0.00193903,0.00194222,0.00193771,0.00193801,0.00193994,0.00193817,0.00193817,0.00193796,0.00194049,0.00193908,0.00193943,0.00194201,0.00194065,0.00193725,0.00194308,0.00193857,0.00194146,0.00194171,0.00194156,0.00193837,0.00194049,0.00194222,0.00194034,0.00194009,0.00194222,0.00193958,0.00194141,0.00194136,0.00194358,0.00193867,0.00194181,0.00194617,0.00194622,0.00194368,0.00194475,0.00194404,0.00194541,0.00194632,0.00194819,0.00194951,0.00194677,0.0019489,0.00194956,0.00194996,0.00194662,0.00194981,0.0019488,0.00195047,0.00194971,0.00194885,0.00195295,0.00195012,0.00195416,0.00195335,0.00195148,0.00195442,0.00195523,0.00195391,0.00195508,0.00195619,0.00195583,0.00195821,0.00195477,0.00195816,0.00195796,0.00195705,0.00195907,0.0019573,0.0019574]},"J":{"unit":"A\/cm2","value":[-0.106397,-0.106395,-0.106396,-0.106396,-0.106396,-0.106396,-0.106398,-0.106398,-0.106396,-0.106395,-0.106397,-0.106395,-0.106396,-0.106399,-0.106396,-0.106395,-0.106396,-0.106396,-0.105932,-0.0963551,-0.0879396,-0.0800325,-0.072707,-0.0657968,-0.0591417,-0.0527635,-0.0467477,-0.0410297,-0.035603,-0.0306966,-0.0258731,-0.0213646,-0.0169336,-0.0129992,-0.00931951,-0.00590637,-0.00270379,-0.000147971,0.00240376,0.00475947,0.00700533,0.00894957,0.0106186,0.0121072,0.0134596,0.0143983,0.0153731,0.0162424,0.0169247,0.0175279,0.0181117,0.0185033,0.0188641,0.0191544,0.0193585,0.0195524,0.0197231,0.0198772,0.0199984,0.0200921,0.0201578,0.0202386,0.0202666,0.0203172,0.0203484,0.02037,0.0204028,0.0204179,0.020447,0.020475,0.0204868,0.020475,0.0204858,0.0205132,0.0205138,0.0204987,0.0205536,0.0205202,0.0205461,0.0205606,0.0205412,0.0205369,0.0205563,0.0205795,0.0205779,0.0205579,0.0206026,0.0205757,0.0206129,0.0205978,0.0205655,0.0205709,0.020615,0.0205876,0.020608,0.0205989,0.020642,0.0206285,0.0205972,0.0206209,0.02058,0.0206279,0.0206619,0.020614,0.0206172,0.0206376,0.0206188,0.0206188,0.0206166,0.0206436,0.0206285,0.0206323,0.0206597,0.0206452,0.0206091,0.020671,0.0206231,0.0206538,0.0206565,0.0206549,0.0206209,0.0206436,0.0206619,0.020642,0.0206393,0.0206619,0.0206339,0.0206533,0.0206527,0.0206764,0.0206242,0.0206576,0.0207039,0.0207044,0.0206775,0.0206888,0.0206813,0.0206958,0.0207055,0.0207254,0.0207394,0.0207104,0.020733,0.02074,0.0207443,0.0207087,0.0207426,0.0207319,0.0207497,0.0207416,0.0207324,0.0207761,0.0207459,0.020789,0.0207804,0.0207604,0.0207917,0.0208003,0.0207863,0.0207987,0.0208105,0.0208068,0.0208321,0.0207954,0.0208315,0.0208294,0.0208197,0.0208412,0.0208224,0.0208234]},"pv_cell_parameters":{"voc":{"unit":"V","value":1.13},"isc":{"unit":"mA","value":1.95},"jsc":{"unit":"mA\/cm2","value":20.74},"vopt":{"unit":"mV","value":956.8},"iopt":{"unit":"mA","value":1.82},"pmax":{"unit":"W","value":0.00174},"fill_factor":{"unit":"%","value":79.18},"efficiency":{"unit":"%","value":18.52},"cell_dimension":{"unit":"cm2","value":0.094},"irradiance":{"unit":"mW\/cm2","value":100}},"calculations":{"fitted_isc":{"unit":"mA","value":1.95},"fitted_voc":{"unit":"V","value":1.12},"rshunt":{"unit":"Kohm","value":17.830000000000002},"rseries":{"unit":"ohm","value":37.49}},"measurement_conditions":{"sweep_direction":{"unit":"","value":"Reverse"},"nplc":{"unit":"","value":0.01},"voltage_settling_time":{"unit":"s","value":0.01},"configuration_file":{"unit":"","value":"Configuration for I-V meas.conf"},"sample_id":{"unit":"","value":"R 11-2"},"note":{"unit":"","value":"\uc2dc\ub8cc\uc5d0 \uad00\ud55c \ubd80\uac00\uc801\uc778 \uc124\uba85\uc744 \uc774\uacf3\uc5d0 \uc801\uc73c\uc138\uc694. ^^"}},"key":"R 11-2_20220531"},{"V":{"unit":"V","value":[1.5,1.48995,1.4799,1.4698,1.45975,1.4497,1.43965,1.4296,1.41955,1.40945,1.3994,1.38935,1.3793,1.36925,1.35915,1.3491,1.33905,1.329,1.31895,1.3089,1.2988,1.28875,1.2787,1.26865,1.2586,1.2485,1.23845,1.2284,1.21835,1.2083,1.19825,1.18815,1.1781,1.16805,1.158,1.14795,1.13785,1.1278,1.11775,1.1077,1.09765,1.0876,1.0775,1.06745,1.0574,1.04735,1.0373,1.0272,1.01715,1.0071,0.99705,0.987,0.97695,0.96685,0.9568,0.94675,0.9367,0.92665,0.91655,0.9065,0.89645,0.8864,0.87635,0.86625,0.8562,0.84615,0.8361,0.82605,0.816,0.8059,0.79585,0.7858,0.77575,0.7657,0.7556,0.74555,0.7355,0.72545,0.7154,0.70535,0.69525,0.6852,0.67515,0.6651,0.65505,0.64495,0.6349,0.62485,0.6148,0.60475,0.5947,0.5846,0.57455,0.5645,0.55445,0.5444,0.5343,0.52425,0.5142,0.50415,0.4941,0.48405,0.47395,0.4639,0.45385,0.4438,0.43375,0.42365,0.4136,0.40355,0.3935,0.38345,0.3734,0.3633,0.35325,0.3432,0.33315,0.3231,0.313,0.30295,0.2929,0.28285,0.2728,0.2627,0.25265,0.2426,0.23255,0.2225,0.21245,0.20235,0.1923,0.18225,0.1722,0.16215,0.15205,0.142,0.13195,0.1219,0.11185,0.1018,0.0917,0.08165,0.0716,0.06155,0.0515,0.0414,0.03135,0.0213,0.01125,0.0012,-0.00885,-0.01895,-0.029,-0.03905,-0.0491,-0.05915,-0.06925,-0.0793,-0.08935,-0.0994,-0.10945,-0.1195,-0.1296,-0.13965,-0.1497,-0.15975,-0.1698,-0.1799,-0.18995,-0.2]},"I":{"unit":"A","value":[-0.0100016,-0.0100015,-0.0100016,-0.0100015,-0.0100014,-0.0100016,-0.0100016,-0.0100016,-0.0100016,-0.0100015,-0.0100017,-0.0100015,-0.0100015,-0.0100016,-0.00930136,-0.00860647,-0.00792438,-0.00727889,-0.00666909,-0.00609048,-0.00553692,-0.00501227,-0.00451481,-0.00403956,-0.00358031,-0.00317331,-0.00276975,-0.00238821,-0.0020138,-0.0016722,-0.00135419,-0.00105359,-0.000763679,-0.000536434,-0.000297244,-7.61244e-5,0.000131694,0.000319571,0.000509474,0.000674014,0.000826907,0.000933935,0.00105048,0.00115538,0.00125061,0.00133698,0.00142016,0.00148785,0.00155108,0.00159305,0.00163517,0.00167547,0.00170949,0.00173997,0.00176124,0.00178356,0.00180164,0.00181733,0.0018272,0.00184133,0.00184963,0.00185844,0.00186325,0.00187287,0.00187667,0.00188254,0.00188603,0.0018875,0.00188806,0.0018953,0.00189489,0.00190319,0.00190173,0.00190117,0.00190385,0.00190654,0.00190547,0.00190942,0.00190527,0.00191241,0.00191023,0.00190967,0.00191114,0.00191008,0.00191079,0.00191423,0.00191398,0.001912,0.00191555,0.00191697,0.00191676,0.00191565,0.00192107,0.00191519,0.00191595,0.00191914,0.00191858,0.00191778,0.00191798,0.00192152,0.00191717,0.00192243,0.00192177,0.00192162,0.00192046,0.00192071,0.00192071,0.00192132,0.00192253,0.00192339,0.00192172,0.00192172,0.00192132,0.00192593,0.00192269,0.00192476,0.00192253,0.0019236,0.00192476,0.00192658,0.00192679,0.00192355,0.00192658,0.00192831,0.00192785,0.00192598,0.00193038,0.00192724,0.00193028,0.00192861,0.0019279,0.00192547,0.00192724,0.00192891,0.0019279,0.00192856,0.00192993,0.00193322,0.00193134,0.00193008,0.00193312,0.00192891,0.00193124,0.0019319,0.00192891,0.00193276,0.00192851,0.00193119,0.00193094,0.00193337,0.00192891,0.00193241,0.00193408,0.00193322,0.00192765,0.00193322,0.00193084,0.00193347,0.00192795,0.00193246,0.00193347,0.00193114,0.00193337,0.00193155,0.00193139,0.00193048,0.0019315,0.00193403,0.00192987,0.00193296]},"J":{"unit":"A\/cm2","value":[-0.1064,-0.106399,-0.1064,-0.106399,-0.106398,-0.1064,-0.1064,-0.1064,-0.1064,-0.106399,-0.106401,-0.106399,-0.106399,-0.1064,-0.0989507,-0.0915582,-0.0843019,-0.077435,-0.0709478,-0.0647923,-0.0589034,-0.053322,-0.0480298,-0.0429741,-0.0380884,-0.0337586,-0.0294654,-0.0254064,-0.0214234,-0.0177894,-0.0144063,-0.0112084,-0.00812424,-0.00570675,-0.00316217,-0.000809834,0.001401,0.00339969,0.00541993,0.00717036,0.00879689,0.00993548,0.0111753,0.0122912,0.0133044,0.0142232,0.0151081,0.0158282,0.0165009,0.0169474,0.0173955,0.0178242,0.0181861,0.0185103,0.0187366,0.0189741,0.0191664,0.0193333,0.0194383,0.0195886,0.0196769,0.0197706,0.0198218,0.0199241,0.0199645,0.020027,0.0200642,0.0200798,0.0200857,0.0201627,0.0201584,0.0202467,0.0202311,0.0202252,0.0202538,0.0202823,0.020271,0.020313,0.0202688,0.0203448,0.0203216,0.0203157,0.0203313,0.02032,0.0203275,0.0203642,0.0203615,0.0203405,0.0203782,0.0203932,0.0203911,0.0203793,0.0204369,0.0203744,0.0203825,0.0204164,0.0204105,0.0204019,0.020404,0.0204417,0.0203954,0.0204514,0.0204444,0.0204428,0.0204304,0.0204331,0.0204331,0.0204396,0.0204525,0.0204616,0.0204439,0.0204439,0.0204396,0.0204886,0.0204541,0.0204762,0.0204525,0.0204638,0.0204762,0.0204956,0.0204977,0.0204633,0.0204956,0.0205139,0.020509,0.0204891,0.020536,0.0205026,0.0205349,0.0205171,0.0205096,0.0204837,0.0205026,0.0205204,0.0205096,0.0205166,0.0205311,0.0205661,0.0205462,0.0205327,0.0205651,0.0205204,0.0205451,0.0205521,0.0205204,0.0205613,0.020516,0.0205446,0.0205419,0.0205678,0.0205204,0.0205575,0.0205753,0.0205661,0.0205069,0.0205661,0.0205408,0.0205688,0.0205101,0.0205581,0.0205688,0.0205441,0.0205678,0.0205484,0.0205467,0.0205371,0.0205478,0.0205747,0.0205306,0.0205634]},"pv_cell_parameters":{"voc":{"unit":"V","value":1.15},"isc":{"unit":"mA","value":1.9300000000000002},"jsc":{"unit":"mA\/cm2","value":20.57},"vopt":{"unit":"mV","value":946.75},"iopt":{"unit":"mA","value":1.78},"pmax":{"unit":"W","value":0.0016899999999999999},"fill_factor":{"unit":"%","value":76.08},"efficiency":{"unit":"%","value":17.96},"cell_dimension":{"unit":"cm2","value":0.094},"irradiance":{"unit":"mW\/cm2","value":100}},"calculations":{"fitted_isc":{"unit":"mA","value":1.9300000000000002},"fitted_voc":{"unit":"V","value":1.14},"rshunt":{"unit":"Kohm","value":50.54},"rseries":{"unit":"ohm","value":45.06}},"measurement_conditions":{"sweep_direction":{"unit":"","value":"Reverse"},"nplc":{"unit":"","value":0.01},"voltage_settling_time":{"unit":"s","value":0.01},"configuration_file":{"unit":"","value":"Configuration for I-V meas.conf"},"sample_id":{"unit":"","value":"R 11-1"},"note":{"unit":"","value":"\uc2dc\ub8cc\uc5d0 \uad00\ud55c \ubd80\uac00\uc801\uc778 \uc124\uba85\uc744 \uc774\uacf3\uc5d0 \uc801\uc73c\uc138\uc694. ^^"}},"key":"R 11-1_20220531"}]},"jvcnt":7,"analysisInfo":{"JV":[{"efficiency":17.4,"fill_factor":72.32,"jsc":20.25,"voc":1.19,"key":"R 12-4_20220531","cell_dimension":0.094},{"efficiency":17.44,"fill_factor":72.5,"jsc":20.77,"voc":1.16,"key":"R 12-3_20220531","cell_dimension":0.094},{"efficiency":18.53,"fill_factor":76.68,"jsc":20.870000000000005,"voc":1.16,"key":"R 12-2_20220531","cell_dimension":0.094},{"efficiency":18.02,"fill_factor":74.76,"jsc":20.63,"voc":1.17,"key":"R 12-1_20220531","cell_dimension":0.094},{"efficiency":16.94,"fill_factor":69.51,"jsc":20.86,"voc":1.17,"key":"R 11-3_20220531","cell_dimension":0.094},{"efficiency":18.52,"fill_factor":79.18,"jsc":20.74,"voc":1.13,"key":"R 11-2_20220531","cell_dimension":0.094},{"efficiency":17.96,"fill_factor":76.08,"jsc":20.57,"voc":1.15,"key":"R 11-1_20220531","cell_dimension":0.094}]},"public":2,"analysis":{"JV":[{"V":{"unit":"V","value":[1.5,1.48995,1.4799,1.4698,1.45975,1.4497,1.43965,1.4296,1.41955,1.40945,1.3994,1.38935,1.3793,1.36925,1.35915,1.3491,1.33905,1.329,1.31895,1.3089,1.2988,1.28875,1.2787,1.26865,1.2586,1.2485,1.23845,1.2284,1.21835,1.2083,1.19825,1.18815,1.1781,1.16805,1.158,1.14795,1.13785,1.1278,1.11775,1.1077,1.09765,1.0876,1.0775,1.06745,1.0574,1.04735,1.0373,1.0272,1.01715,1.0071,0.99705,0.987,0.97695,0.96685,0.9568,0.94675,0.9367,0.92665,0.91655,0.9065,0.89645,0.8864,0.87635,0.86625,0.8562,0.84615,0.8361,0.82605,0.816,0.8059,0.79585,0.7858,0.77575,0.7657,0.7556,0.74555,0.7355,0.72545,0.7154,0.70535,0.69525,0.6852,0.67515,0.6651,0.65505,0.64495,0.6349,0.62485,0.6148,0.60475,0.5947,0.5846,0.57455,0.5645,0.55445,0.5444,0.5343,0.52425,0.5142,0.50415,0.4941,0.48405,0.47395,0.4639,0.45385,0.4438,0.43375,0.42365,0.4136,0.40355,0.3935,0.38345,0.3734,0.3633,0.35325,0.3432,0.33315,0.3231,0.313,0.30295,0.2929,0.28285,0.2728,0.2627,0.25265,0.2426,0.23255,0.2225,0.21245,0.20235,0.1923,0.18225,0.1722,0.16215,0.15205,0.142,0.13195,0.1219,0.11185,0.1018,0.0917,0.08165,0.0716,0.06155,0.0515,0.0414,0.03135,0.0213,0.01125,0.0012,-0.00885,-0.01895,-0.029,-0.03905,-0.0491,-0.05915,-0.06925,-0.0793,-0.08935,-0.0994,-0.10945,-0.1195,-0.1296,-0.13965,-0.1497,-0.15975,-0.1698,-0.1799,-0.18995,-0.2]},"I":{"unit":"A","value":[-0.0100011,-0.010001,-0.010001,-0.00937626,-0.00869705,-0.00808667,-0.00752206,-0.00700397,-0.0065244,-0.00604559,-0.00562094,-0.00521766,-0.00483214,-0.00446611,-0.00411136,-0.0037751,-0.00344901,-0.00314129,-0.00284147,-0.00255557,-0.00227873,-0.00201895,-0.00177001,-0.00153493,-0.00130709,-0.0010999,-0.000896866,-0.000698488,-0.000514941,-0.000338026,-0.000172551,-1.30478e-5,0.000136646,0.000282495,0.000401058,0.000524684,0.000641526,0.000760189,0.000865082,0.000963547,0.00105194,0.00114088,0.00120482,0.00127271,0.00134343,0.00139968,0.00145101,0.0014986,0.00153894,0.00157651,0.00161174,0.00163579,0.00166105,0.00168434,0.00170383,0.00172793,0.00174387,0.00175835,0.00177425,0.00178822,0.00179262,0.00180184,0.00181125,0.00181763,0.00182477,0.00182983,0.00183525,0.00184127,0.00184563,0.00184775,0.00184953,0.00185272,0.00185636,0.00185763,0.00185975,0.0018634,0.00186203,0.00186664,0.00186466,0.00186603,0.00186922,0.00186861,0.00186831,0.00187287,0.0018714,0.00187302,0.00187722,0.00187398,0.00187798,0.00187474,0.00187737,0.00187752,0.00187838,0.00187934,0.0018798,0.00188066,0.00187985,0.00188016,0.00188502,0.00188436,0.00188481,0.00188755,0.00188694,0.00188668,0.0018878,0.00188679,0.00188805,0.0018876,0.0018916,0.00188689,0.00188947,0.00188967,0.00188942,0.00189073,0.00188982,0.00188694,0.00189068,0.00189271,0.00189306,0.00189154,0.00189276,0.00189549,0.00189352,0.00189716,0.001896,0.00189418,0.0018965,0.00189777,0.00189387,0.00189838,0.00189701,0.00189696,0.00189747,0.00189772,0.00189671,0.00190015,0.00189975,0.00190233,0.00189807,0.0019,0.00189924,0.00190076,0.00190192,0.00190309,0.00189959,0.00190299,0.0019002,0.00190395,0.00189909,0.00190395,0.00190445,0.00190349,0.0019002,0.00190592,0.00190395,0.00190288,0.00190623,0.00190319,0.00190218,0.00190076,0.0019041,0.00190577,0.00190526,0.00190612,0.00190714,0.0019039,0.00190673,0.00190952,0.00190557,0.00190967]},"J":{"unit":"A\/cm2","value":[-0.106395,-0.106394,-0.106393,-0.0997474,-0.0925218,-0.0860285,-0.0800219,-0.0745103,-0.0694085,-0.0643148,-0.0597973,-0.055507,-0.0514057,-0.0475118,-0.0437379,-0.0401606,-0.0366916,-0.033418,-0.0302284,-0.0271869,-0.0242418,-0.0214782,-0.0188298,-0.016329,-0.0139052,-0.0117011,-0.00954113,-0.00743073,-0.0054781,-0.00359602,-0.00183565,-0.000138807,0.00145369,0.00300527,0.00426658,0.00558174,0.00682474,0.00808712,0.009203,0.0102505,0.0111908,0.0121371,0.0128173,0.0135395,0.0142919,0.0148902,0.0154363,0.0159425,0.0163717,0.0167714,0.0171462,0.017402,0.0176708,0.0179185,0.0181259,0.0183822,0.0185518,0.0187059,0.018875,0.0190236,0.0190705,0.0191685,0.0192687,0.0193365,0.0194125,0.0194663,0.0195239,0.019588,0.0196344,0.019657,0.0196758,0.0197097,0.0197485,0.019762,0.0197846,0.0198234,0.0198088,0.0198579,0.0198368,0.0198514,0.0198853,0.0198789,0.0198756,0.0199241,0.0199085,0.0199257,0.0199704,0.0199359,0.0199785,0.019944,0.019972,0.0199736,0.0199828,0.019993,0.0199979,0.020007,0.0199984,0.0200016,0.0200534,0.0200463,0.0200512,0.0200803,0.0200738,0.0200711,0.020083,0.0200722,0.0200857,0.0200808,0.0201234,0.0200733,0.0201007,0.0201029,0.0201002,0.0201142,0.0201045,0.0200738,0.0201137,0.0201352,0.020139,0.0201228,0.0201357,0.0201648,0.0201438,0.0201826,0.0201702,0.0201508,0.0201756,0.0201891,0.0201476,0.0201955,0.020181,0.0201804,0.0201858,0.0201885,0.0201777,0.0202144,0.0202101,0.0202375,0.0201923,0.0202128,0.0202047,0.0202208,0.0202332,0.0202456,0.0202084,0.0202445,0.0202149,0.0202548,0.0202031,0.0202548,0.0202601,0.0202499,0.0202149,0.0202758,0.0202548,0.0202435,0.020279,0.0202467,0.0202359,0.0202208,0.0202564,0.0202741,0.0202688,0.0202779,0.0202887,0.0202542,0.0202844,0.020314,0.020272,0.0203156]},"pv_cell_parameters":{"voc":{"unit":"V","value":1.19},"isc":{"unit":"mA","value":1.9},"jsc":{"unit":"mA\/cm2","value":20.25},"vopt":{"unit":"mV","value":946.75},"iopt":{"unit":"mA","value":1.73},"pmax":{"unit":"W","value":0.00164},"fill_factor":{"unit":"%","value":72.32},"efficiency":{"unit":"%","value":17.4},"cell_dimension":{"unit":"cm2","value":0.094},"irradiance":{"unit":"mW\/cm2","value":100}},"calculations":{"fitted_isc":{"unit":"mA","value":1.9},"fitted_voc":{"unit":"V","value":1.18},"rshunt":{"unit":"Kohm","value":327.83},"rseries":{"unit":"ohm","value":63.68}},"measurement_conditions":{"sweep_direction":{"unit":"","value":"Reverse"},"nplc":{"unit":"","value":0.01},"voltage_settling_time":{"unit":"s","value":0.01},"configuration_file":{"unit":"","value":"Configuration for I-V meas.conf"},"sample_id":{"unit":"","value":"R 12-4"},"note":{"unit":"","value":"\uc2dc\ub8cc\uc5d0 \uad00\ud55c \ubd80\uac00\uc801\uc778 \uc124\uba85\uc744 \uc774\uacf3\uc5d0 \uc801\uc73c\uc138\uc694. ^^"}},"key":"R 12-4_20220531","sweep_direction":{"unit":"","value":"Reverse"},"jsc":{"unit":"mA\/cm2","value":20.25},"voc":{"unit":"V","value":1.19},"efficiency":{"unit":"%","value":17.4},"fill_factor":{"unit":"%","value":72.32},"cell_dimension":{"unit":"cm2","value":0.094}},{"V":{"unit":"V","value":[1.5,1.48995,1.4799,1.4698,1.45975,1.4497,1.43965,1.4296,1.41955,1.40945,1.3994,1.38935,1.3793,1.36925,1.35915,1.3491,1.33905,1.329,1.31895,1.3089,1.2988,1.28875,1.2787,1.26865,1.2586,1.2485,1.23845,1.2284,1.21835,1.2083,1.19825,1.18815,1.1781,1.16805,1.158,1.14795,1.13785,1.1278,1.11775,1.1077,1.09765,1.0876,1.0775,1.06745,1.0574,1.04735,1.0373,1.0272,1.01715,1.0071,0.99705,0.987,0.97695,0.96685,0.9568,0.94675,0.9367,0.92665,0.91655,0.9065,0.89645,0.8864,0.87635,0.86625,0.8562,0.84615,0.8361,0.82605,0.816,0.8059,0.79585,0.7858,0.77575,0.7657,0.7556,0.74555,0.7355,0.72545,0.7154,0.70535,0.69525,0.6852,0.67515,0.6651,0.65505,0.64495,0.6349,0.62485,0.6148,0.60475,0.5947,0.5846,0.57455,0.5645,0.55445,0.5444,0.5343,0.52425,0.5142,0.50415,0.4941,0.48405,0.47395,0.4639,0.45385,0.4438,0.43375,0.42365,0.4136,0.40355,0.3935,0.38345,0.3734,0.3633,0.35325,0.3432,0.33315,0.3231,0.313,0.30295,0.2929,0.28285,0.2728,0.2627,0.25265,0.2426,0.23255,0.2225,0.21245,0.20235,0.1923,0.18225,0.1722,0.16215,0.15205,0.142,0.13195,0.1219,0.11185,0.1018,0.0917,0.08165,0.0716,0.06155,0.0515,0.0414,0.03135,0.0213,0.01125,0.0012,-0.00885,-0.01895,-0.029,-0.03905,-0.0491,-0.05915,-0.06925,-0.0793,-0.08935,-0.0994,-0.10945,-0.1195,-0.1296,-0.13965,-0.1497,-0.15975,-0.1698,-0.1799,-0.18995,-0.2]},"I":{"unit":"A","value":[-0.00860159,-0.008476,-0.0080573,-0.00766154,-0.0072763,-0.00693329,-0.0066212,-0.00631089,-0.00599379,-0.00564911,-0.00533723,-0.00503289,-0.00474307,-0.00444916,-0.00415692,-0.00388751,-0.00361314,-0.00333943,-0.00308211,-0.00282617,-0.00257923,-0.00234845,-0.00212414,-0.00190459,-0.00169208,-0.00149121,-0.00128837,-0.00109201,-0.000899492,-0.000719075,-0.000544581,-0.000377831,-0.000213057,-7.33398e-5,7.31172e-5,0.000212442,0.000354806,0.00048431,0.000606675,0.000727015,0.000841482,0.000937371,0.00102875,0.00112175,0.00120747,0.00128214,0.0013517,0.00141655,0.00147569,0.00152849,0.0015655,0.00160696,0.00163962,0.00167556,0.00170361,0.00172639,0.00174462,0.00176937,0.00178061,0.00179276,0.00180405,0.00181772,0.00182486,0.00183585,0.00184263,0.00185063,0.00185751,0.00186131,0.00186187,0.00186977,0.00187508,0.00188004,0.00187984,0.00188349,0.00188733,0.00189052,0.00188906,0.00189118,0.00189331,0.00189609,0.00189584,0.00190065,0.00190141,0.00190237,0.00190622,0.00190738,0.00190728,0.00190769,0.00190986,0.00191189,0.00191082,0.00191224,0.00191513,0.00191528,0.00191665,0.00191766,0.00191629,0.00192034,0.00192141,0.0019212,0.00192237,0.00192353,0.00192378,0.00192556,0.00192541,0.00192839,0.00192708,0.00192728,0.00193305,0.00193082,0.00193092,0.00193153,0.00193184,0.00193057,0.00193325,0.00193457,0.00193482,0.00193669,0.00193644,0.00193573,0.00193913,0.00193715,0.001937,0.00193923,0.00193816,0.00193811,0.00194059,0.00193811,0.00194029,0.00194272,0.00194287,0.00194014,0.00194353,0.00194434,0.00194434,0.00194454,0.00194626,0.00194454,0.00194667,0.00194692,0.00194166,0.00194793,0.00194976,0.00194824,0.00194966,0.00195092,0.00195031,0.00195042,0.00195036,0.00195285,0.00195067,0.00195285,0.00195209,0.00195411,0.00195062,0.00195082,0.001953,0.00195219,0.0019529,0.00195659,0.00195421,0.0019529,0.00195679,0.00195629,0.00195436,0.00195497,0.0019536,0.00195725,0.00195669,0.00195816]},"J":{"unit":"A\/cm2","value":[-0.0915063,-0.0901702,-0.085716,-0.0815057,-0.0774075,-0.0737584,-0.0704383,-0.0671371,-0.0637638,-0.0600969,-0.056779,-0.0535413,-0.0504582,-0.0473315,-0.0442226,-0.0413565,-0.0384376,-0.0355258,-0.0327884,-0.0300656,-0.0274387,-0.0249835,-0.0225972,-0.0202616,-0.0180009,-0.015864,-0.0137061,-0.0116171,-0.00956906,-0.00764974,-0.00579341,-0.00401948,-0.00226656,-0.000780211,0.000777843,0.00226002,0.00377453,0.00515224,0.00645399,0.0077342,0.00895193,0.00997203,0.0109442,0.0119336,0.0128454,0.0136398,0.0143798,0.0150697,0.0156988,0.0162605,0.0166542,0.0170953,0.0174427,0.0178251,0.0181235,0.0183659,0.0185598,0.0188231,0.0189427,0.0190719,0.019192,0.0193375,0.0194134,0.0195303,0.0196024,0.0196875,0.0197608,0.0198012,0.0198071,0.0198911,0.0199477,0.0200005,0.0199983,0.0200371,0.020078,0.0201119,0.0200963,0.0201189,0.0201416,0.0201712,0.0201685,0.0202197,0.0202278,0.020238,0.0202789,0.0202913,0.0202902,0.0202945,0.0203177,0.0203392,0.0203279,0.020343,0.0203737,0.0203753,0.0203899,0.0204006,0.0203861,0.0204292,0.0204405,0.0204383,0.0204507,0.0204631,0.0204658,0.0204847,0.020483,0.0205148,0.0205008,0.020503,0.0205644,0.0205407,0.0205417,0.0205482,0.0205514,0.020538,0.0205665,0.0205805,0.0205832,0.0206031,0.0206004,0.0205929,0.020629,0.020608,0.0206064,0.0206301,0.0206187,0.0206182,0.0206446,0.0206182,0.0206414,0.0206672,0.0206688,0.0206398,0.0206758,0.0206845,0.0206845,0.0206866,0.0207049,0.0206866,0.0207092,0.0207119,0.0206559,0.0207227,0.0207421,0.0207259,0.020741,0.0207545,0.020748,0.0207491,0.0207486,0.020775,0.0207518,0.020775,0.0207669,0.0207884,0.0207513,0.0207534,0.0207766,0.0207679,0.0207755,0.0208148,0.0207895,0.0207755,0.020817,0.0208116,0.0207911,0.0207976,0.020783,0.0208218,0.0208159,0.0208315]},"pv_cell_parameters":{"voc":{"unit":"V","value":1.16},"isc":{"unit":"mA","value":1.95},"jsc":{"unit":"mA\/cm2","value":20.77},"vopt":{"unit":"mV","value":926.65},"iopt":{"unit":"mA","value":1.77},"pmax":{"unit":"W","value":0.00164},"fill_factor":{"unit":"%","value":72.5},"efficiency":{"unit":"%","value":17.44},"cell_dimension":{"unit":"cm2","value":0.094},"irradiance":{"unit":"mW\/cm2","value":100}},"calculations":{"fitted_isc":{"unit":"mA","value":1.95},"fitted_voc":{"unit":"V","value":1.16},"rshunt":{"unit":"Kohm","value":364.75},"rseries":{"unit":"ohm","value":68.54}},"measurement_conditions":{"sweep_direction":{"unit":"","value":"Reverse"},"nplc":{"unit":"","value":0.01},"voltage_settling_time":{"unit":"s","value":0.01},"configuration_file":{"unit":"","value":"Configuration for I-V meas.conf"},"sample_id":{"unit":"","value":"R 12-3"},"note":{"unit":"","value":"\uc2dc\ub8cc\uc5d0 \uad00\ud55c \ubd80\uac00\uc801\uc778 \uc124\uba85\uc744 \uc774\uacf3\uc5d0 \uc801\uc73c\uc138\uc694. ^^"}},"key":"R 12-3_20220531","sweep_direction":{"unit":"","value":"Reverse"},"jsc":{"unit":"mA\/cm2","value":20.77},"voc":{"unit":"V","value":1.16},"efficiency":{"unit":"%","value":17.44},"fill_factor":{"unit":"%","value":72.5},"cell_dimension":{"unit":"cm2","value":0.094}},{"V":{"unit":"V","value":[1.5,1.48995,1.4799,1.4698,1.45975,1.4497,1.43965,1.4296,1.41955,1.40945,1.3994,1.38935,1.3793,1.36925,1.35915,1.3491,1.33905,1.329,1.31895,1.3089,1.2988,1.28875,1.2787,1.26865,1.2586,1.2485,1.23845,1.2284,1.21835,1.2083,1.19825,1.18815,1.1781,1.16805,1.158,1.14795,1.13785,1.1278,1.11775,1.1077,1.09765,1.0876,1.0775,1.06745,1.0574,1.04735,1.0373,1.0272,1.01715,1.0071,0.99705,0.987,0.97695,0.96685,0.9568,0.94675,0.9367,0.92665,0.91655,0.9065,0.89645,0.8864,0.87635,0.86625,0.8562,0.84615,0.8361,0.82605,0.816,0.8059,0.79585,0.7858,0.77575,0.7657,0.7556,0.74555,0.7355,0.72545,0.7154,0.70535,0.69525,0.6852,0.67515,0.6651,0.65505,0.64495,0.6349,0.62485,0.6148,0.60475,0.5947,0.5846,0.57455,0.5645,0.55445,0.5444,0.5343,0.52425,0.5142,0.50415,0.4941,0.48405,0.47395,0.4639,0.45385,0.4438,0.43375,0.42365,0.4136,0.40355,0.3935,0.38345,0.3734,0.3633,0.35325,0.3432,0.33315,0.3231,0.313,0.30295,0.2929,0.28285,0.2728,0.2627,0.25265,0.2426,0.23255,0.2225,0.21245,0.20235,0.1923,0.18225,0.1722,0.16215,0.15205,0.142,0.13195,0.1219,0.11185,0.1018,0.0917,0.08165,0.0716,0.06155,0.0515,0.0414,0.03135,0.0213,0.01125,0.0012,-0.00885,-0.01895,-0.029,-0.03905,-0.0491,-0.05915,-0.06925,-0.0793,-0.08935,-0.0994,-0.10945,-0.1195,-0.1296,-0.13965,-0.1497,-0.15975,-0.1698,-0.1799,-0.18995,-0.2]},"I":{"unit":"A","value":[-0.0100007,-0.0100007,-0.0100007,-0.0100007,-0.0100007,-0.0100009,-0.0100008,-0.0100007,-0.0100007,-0.0100008,-0.0100007,-0.010001,-0.0100006,-0.0100007,-0.00939992,-0.00864966,-0.00793761,-0.00726191,-0.00659379,-0.0059722,-0.00538452,-0.00483572,-0.00431414,-0.0038194,-0.00335153,-0.00290639,-0.00247867,-0.00211412,-0.00174906,-0.00140693,-0.00106804,-0.000764023,-0.000485773,-0.000228581,1.95513e-5,0.000211718,0.000397504,0.000585266,0.000749893,0.000898979,0.00103485,0.0011482,0.00125172,0.00134801,0.00141311,0.00147953,0.00154544,0.00159869,0.00164198,0.00168475,0.0017207,0.00175304,0.00177912,0.00180149,0.00181764,0.00182868,0.0018465,0.00185859,0.00186452,0.00187378,0.00188421,0.00188461,0.00189211,0.00189828,0.00190233,0.00190309,0.00191013,0.00191428,0.00191352,0.00191813,0.00191868,0.00191888,0.00192202,0.00192638,0.00192456,0.00192719,0.00192845,0.00193256,0.00193159,0.00192926,0.00193159,0.00193397,0.00193149,0.00193736,0.00193858,0.00193853,0.00193919,0.00194151,0.0019406,0.00193666,0.00194308,0.00194273,0.00194116,0.00194374,0.00194303,0.0019442,0.00194683,0.0019446,0.00194334,0.00194734,0.00194956,0.00195063,0.00194369,0.00195012,0.00194769,0.00195063,0.00194845,0.00194405,0.00194992,0.00194855,0.00194941,0.00195154,0.00195068,0.00195214,0.0019527,0.00195123,0.00195108,0.00195549,0.00195371,0.00195427,0.0019524,0.00195584,0.00195544,0.0019568,0.00195837,0.00195781,0.00195564,0.00195812,0.00195695,0.00195594,0.00195599,0.00195827,0.00195873,0.00195827,0.00195852,0.00195604,0.00196014,0.00195908,0.00195766,0.00195893,0.00195969,0.00195933,0.00195817,0.00195817,0.00195994,0.00196136,0.00196009,0.00196257,0.00196085,0.00196166,0.00196323,0.00196085,0.00196374,0.00196181,0.00196313,0.00195999,0.00196131,0.00196303,0.00196101,0.00196541,0.00196455,0.00196333,0.0019647,0.00196536,0.00196753,0.00196495,0.00196566,0.00196804,0.0019651,0.00196531]},"J":{"unit":"A\/cm2","value":[-0.106391,-0.106391,-0.10639,-0.10639,-0.106391,-0.106393,-0.106391,-0.106391,-0.106391,-0.106391,-0.106391,-0.106394,-0.106389,-0.106391,-0.0999992,-0.0920176,-0.0844427,-0.0772543,-0.0701467,-0.063534,-0.0572821,-0.0514438,-0.0458951,-0.0406319,-0.0356546,-0.0309191,-0.0263688,-0.0224906,-0.018607,-0.0149673,-0.0113621,-0.0081279,-0.0051678,-0.00243171,0.000207992,0.00225232,0.00422877,0.00622624,0.00797758,0.0095636,0.0110091,0.0122149,0.0133162,0.0143405,0.0150331,0.0157396,0.0164408,0.0170074,0.0174678,0.0179229,0.0183053,0.0186494,0.0189268,0.0191648,0.0193366,0.019454,0.0196436,0.0197723,0.0198353,0.0199338,0.0200448,0.0200491,0.0201288,0.0201945,0.0202376,0.0202457,0.0203205,0.0203647,0.0203566,0.0204056,0.0204115,0.0204137,0.0204471,0.0204934,0.020474,0.020502,0.0205155,0.0205591,0.0205489,0.0205241,0.0205489,0.0205741,0.0205478,0.0206102,0.0206232,0.0206226,0.0206296,0.0206544,0.0206447,0.0206027,0.0206711,0.0206673,0.0206506,0.0206781,0.0206706,0.0206829,0.020711,0.0206873,0.0206738,0.0207164,0.02074,0.0207513,0.0206776,0.020746,0.0207201,0.0207513,0.0207282,0.0206813,0.0207438,0.0207293,0.0207384,0.020761,0.0207519,0.0207675,0.0207734,0.0207578,0.0207562,0.020803,0.0207842,0.0207901,0.0207702,0.0208068,0.0208025,0.0208171,0.0208337,0.0208278,0.0208047,0.020831,0.0208187,0.0208079,0.0208084,0.0208327,0.0208375,0.0208327,0.0208354,0.020809,0.0208526,0.0208413,0.0208262,0.0208397,0.0208477,0.020844,0.0208316,0.0208316,0.0208504,0.0208655,0.020852,0.0208784,0.0208601,0.0208687,0.0208854,0.0208601,0.0208908,0.0208704,0.0208844,0.020851,0.020865,0.0208833,0.0208618,0.0209086,0.0208994,0.0208865,0.0209011,0.0209081,0.0209312,0.0209038,0.0209113,0.0209366,0.0209054,0.0209075]},"pv_cell_parameters":{"voc":{"unit":"V","value":1.16},"isc":{"unit":"mA","value":1.96},"jsc":{"unit":"mA\/cm2","value":20.870000000000005},"vopt":{"unit":"mV","value":966.8500000000001},"iopt":{"unit":"mA","value":1.8000000000000003},"pmax":{"unit":"W","value":0.00174},"fill_factor":{"unit":"%","value":76.68},"efficiency":{"unit":"%","value":18.53},"cell_dimension":{"unit":"cm2","value":0.094},"irradiance":{"unit":"mW\/cm2","value":100}},"calculations":{"fitted_isc":{"unit":"mA","value":1.96},"fitted_voc":{"unit":"V","value":1.15},"rshunt":{"unit":"Kohm","value":111.03},"rseries":{"unit":"ohm","value":42.42}},"measurement_conditions":{"sweep_direction":{"unit":"","value":"Reverse"},"nplc":{"unit":"","value":0.01},"voltage_settling_time":{"unit":"s","value":0.01},"configuration_file":{"unit":"","value":"Configuration for I-V meas.conf"},"sample_id":{"unit":"","value":"R 12-2"},"note":{"unit":"","value":"\uc2dc\ub8cc\uc5d0 \uad00\ud55c \ubd80\uac00\uc801\uc778 \uc124\uba85\uc744 \uc774\uacf3\uc5d0 \uc801\uc73c\uc138\uc694. ^^"}},"key":"R 12-2_20220531","sweep_direction":{"unit":"","value":"Reverse"},"jsc":{"unit":"mA\/cm2","value":20.870000000000005},"voc":{"unit":"V","value":1.16},"efficiency":{"unit":"%","value":18.53},"fill_factor":{"unit":"%","value":76.68},"cell_dimension":{"unit":"cm2","value":0.094}},{"V":{"unit":"V","value":[1.5,1.48995,1.4799,1.4698,1.45975,1.4497,1.43965,1.4296,1.41955,1.40945,1.3994,1.38935,1.3793,1.36925,1.35915,1.3491,1.33905,1.329,1.31895,1.3089,1.2988,1.28875,1.2787,1.26865,1.2586,1.2485,1.23845,1.2284,1.21835,1.2083,1.19825,1.18815,1.1781,1.16805,1.158,1.14795,1.13785,1.1278,1.11775,1.1077,1.09765,1.0876,1.0775,1.06745,1.0574,1.04735,1.0373,1.0272,1.01715,1.0071,0.99705,0.987,0.97695,0.96685,0.9568,0.94675,0.9367,0.92665,0.91655,0.9065,0.89645,0.8864,0.87635,0.86625,0.8562,0.84615,0.8361,0.82605,0.816,0.8059,0.79585,0.7858,0.77575,0.7657,0.7556,0.74555,0.7355,0.72545,0.7154,0.70535,0.69525,0.6852,0.67515,0.6651,0.65505,0.64495,0.6349,0.62485,0.6148,0.60475,0.5947,0.5846,0.57455,0.5645,0.55445,0.5444,0.5343,0.52425,0.5142,0.50415,0.4941,0.48405,0.47395,0.4639,0.45385,0.4438,0.43375,0.42365,0.4136,0.40355,0.3935,0.38345,0.3734,0.3633,0.35325,0.3432,0.33315,0.3231,0.313,0.30295,0.2929,0.28285,0.2728,0.2627,0.25265,0.2426,0.23255,0.2225,0.21245,0.20235,0.1923,0.18225,0.1722,0.16215,0.15205,0.142,0.13195,0.1219,0.11185,0.1018,0.0917,0.08165,0.0716,0.06155,0.0515,0.0414,0.03135,0.0213,0.01125,0.0012,-0.00885,-0.01895,-0.029,-0.03905,-0.0491,-0.05915,-0.06925,-0.0793,-0.08935,-0.0994,-0.10945,-0.1195,-0.1296,-0.13965,-0.1497,-0.15975,-0.1698,-0.1799,-0.18995,-0.2]},"I":{"unit":"A","value":[-0.0100013,-0.0100014,-0.0100013,-0.0100014,-0.0100014,-0.0100014,-0.0100015,-0.0100013,-0.0100015,-0.00993092,-0.00922328,-0.00855777,-0.00792728,-0.00732671,-0.00675423,-0.00621592,-0.00567929,-0.0051829,-0.00471475,-0.00426944,-0.00384751,-0.00344208,-0.00306455,-0.00270023,-0.002384,-0.00206301,-0.00176221,-0.00146198,-0.00118852,-0.000935672,-0.000693804,-0.000457655,-0.000267927,-8.40193e-5,0.000106478,0.000284479,0.000447039,0.000597551,0.000736318,0.000862124,0.000984942,0.00107445,0.00116259,0.001256,0.00133518,0.00140995,0.00147389,0.00152953,0.00158284,0.00163048,0.00165427,0.00168885,0.00171715,0.00174904,0.0017699,0.00178453,0.00180377,0.00181794,0.00182751,0.0018343,0.0018423,0.00185288,0.00186523,0.00187019,0.00187297,0.00187859,0.00188452,0.00188578,0.00189014,0.00189444,0.00189449,0.00190077,0.00190512,0.00190467,0.00190781,0.00190826,0.00191099,0.00190897,0.00191145,0.00191155,0.00191444,0.00191424,0.00191763,0.00191464,0.00191712,0.00191763,0.00191839,0.00191986,0.0019155,0.00191899,0.00192163,0.00191833,0.00191925,0.00192223,0.00191864,0.0019234,0.00192532,0.00192558,0.00192137,0.00192502,0.00192826,0.00192385,0.00192917,0.00192618,0.00192411,0.00192598,0.00192988,0.00192715,0.00192983,0.00193038,0.00193125,0.00192988,0.00192917,0.00192821,0.00193201,0.00192922,0.00193332,0.00193094,0.0019315,0.00193282,0.00193211,0.00193292,0.00193013,0.00193266,0.00193373,0.00193251,0.00193236,0.00193611,0.0019353,0.00193509,0.00193449,0.00193636,0.00193221,0.00193676,0.00193874,0.00193641,0.00193666,0.00193661,0.00193833,0.00193813,0.00193666,0.00193899,0.00193398,0.001936,0.00194041,0.00193808,0.00193656,0.00193844,0.00194,0.0019393,0.00194076,0.00193919,0.00193884,0.00194173,0.00194061,0.00193849,0.00194243,0.00194213,0.00193874,0.00194071,0.00193914,0.00194249,0.00194198,0.00194258,0.0019437,0.00194411,0.00194188,0.00194461,0.00194127,0.00194086]},"J":{"unit":"A\/cm2","value":[-0.106397,-0.106398,-0.106397,-0.106398,-0.106398,-0.106398,-0.106399,-0.106397,-0.106399,-0.105648,-0.09812,-0.0910401,-0.0843327,-0.0779437,-0.0718535,-0.0661268,-0.060418,-0.0551372,-0.0501569,-0.0454195,-0.0409309,-0.0366179,-0.0326016,-0.0287258,-0.0253617,-0.0219469,-0.018747,-0.015553,-0.0126439,-0.00995396,-0.00738089,-0.00486867,-0.00285028,-0.000893822,0.00113275,0.00302637,0.00475574,0.00635692,0.00783317,0.00917154,0.0104781,0.0114303,0.012368,0.0133617,0.014204,0.0149995,0.0156797,0.0162716,0.0168387,0.0173455,0.0175986,0.0179665,0.0182675,0.0186068,0.0188287,0.0189844,0.019189,0.0193398,0.0194416,0.0195138,0.0195989,0.0197115,0.0198429,0.0198957,0.0199253,0.019985,0.0200481,0.0200615,0.0201078,0.0201536,0.0201542,0.0202209,0.0202673,0.0202624,0.0202958,0.0203007,0.0203297,0.0203082,0.0203346,0.0203357,0.0203664,0.0203642,0.0204003,0.0203685,0.0203949,0.0204003,0.0204084,0.020424,0.0203777,0.0204148,0.0204428,0.0204078,0.0204175,0.0204493,0.0204111,0.0204617,0.0204821,0.0204849,0.0204401,0.0204789,0.0205134,0.0204665,0.0205231,0.0204913,0.0204692,0.0204892,0.0205306,0.0205016,0.0205301,0.020536,0.0205452,0.0205306,0.0205231,0.0205128,0.0205532,0.0205236,0.0205673,0.0205419,0.0205479,0.0205619,0.0205543,0.0205629,0.0205333,0.0205602,0.0205716,0.0205586,0.020557,0.0205969,0.0205883,0.0205861,0.0205796,0.0205996,0.0205554,0.0206039,0.0206249,0.0206001,0.0206028,0.0206023,0.0206206,0.0206184,0.0206028,0.0206276,0.0205743,0.0205958,0.0206427,0.0206179,0.0206017,0.0206216,0.0206383,0.0206308,0.0206464,0.0206297,0.0206259,0.0206566,0.0206448,0.0206222,0.0206642,0.020661,0.0206249,0.0206459,0.0206292,0.0206647,0.0206593,0.0206658,0.0206776,0.020682,0.0206583,0.0206874,0.0206518,0.0206475]},"pv_cell_parameters":{"voc":{"unit":"V","value":1.17},"isc":{"unit":"mA","value":1.94},"jsc":{"unit":"mA\/cm2","value":20.63},"vopt":{"unit":"mV","value":956.8},"iopt":{"unit":"mA","value":1.77},"pmax":{"unit":"W","value":0.0016899999999999999},"fill_factor":{"unit":"%","value":74.76},"efficiency":{"unit":"%","value":18.02},"cell_dimension":{"unit":"cm2","value":0.094},"irradiance":{"unit":"mW\/cm2","value":100}},"calculations":{"fitted_isc":{"unit":"mA","value":1.94},"fitted_voc":{"unit":"V","value":1.16},"rshunt":{"unit":"Kohm","value":89.27},"rseries":{"unit":"ohm","value":51.05}},"measurement_conditions":{"sweep_direction":{"unit":"","value":"Reverse"},"nplc":{"unit":"","value":0.01},"voltage_settling_time":{"unit":"s","value":0.01},"configuration_file":{"unit":"","value":"Configuration for I-V meas.conf"},"sample_id":{"unit":"","value":"R 12-1"},"note":{"unit":"","value":"\uc2dc\ub8cc\uc5d0 \uad00\ud55c \ubd80\uac00\uc801\uc778 \uc124\uba85\uc744 \uc774\uacf3\uc5d0 \uc801\uc73c\uc138\uc694. ^^"}},"key":"R 12-1_20220531","sweep_direction":{"unit":"","value":"Reverse"},"jsc":{"unit":"mA\/cm2","value":20.63},"voc":{"unit":"V","value":1.17},"efficiency":{"unit":"%","value":18.02},"fill_factor":{"unit":"%","value":74.76},"cell_dimension":{"unit":"cm2","value":0.094}},{"V":{"unit":"V","value":[1.5,1.48995,1.4799,1.4698,1.45975,1.4497,1.43965,1.4296,1.41955,1.40945,1.3994,1.38935,1.3793,1.36925,1.35915,1.3491,1.33905,1.329,1.31895,1.3089,1.2988,1.28875,1.2787,1.26865,1.2586,1.2485,1.23845,1.2284,1.21835,1.2083,1.19825,1.18815,1.1781,1.16805,1.158,1.14795,1.13785,1.1278,1.11775,1.1077,1.09765,1.0876,1.0775,1.06745,1.0574,1.04735,1.0373,1.0272,1.01715,1.0071,0.99705,0.987,0.97695,0.96685,0.9568,0.94675,0.9367,0.92665,0.91655,0.9065,0.89645,0.8864,0.87635,0.86625,0.8562,0.84615,0.8361,0.82605,0.816,0.8059,0.79585,0.7858,0.77575,0.7657,0.7556,0.74555,0.7355,0.72545,0.7154,0.70535,0.69525,0.6852,0.67515,0.6651,0.65505,0.64495,0.6349,0.62485,0.6148,0.60475,0.5947,0.5846,0.57455,0.5645,0.55445,0.5444,0.5343,0.52425,0.5142,0.50415,0.4941,0.48405,0.47395,0.4639,0.45385,0.4438,0.43375,0.42365,0.4136,0.40355,0.3935,0.38345,0.3734,0.3633,0.35325,0.3432,0.33315,0.3231,0.313,0.30295,0.2929,0.28285,0.2728,0.2627,0.25265,0.2426,0.23255,0.2225,0.21245,0.20235,0.1923,0.18225,0.1722,0.16215,0.15205,0.142,0.13195,0.1219,0.11185,0.1018,0.0917,0.08165,0.0716,0.06155,0.0515,0.0414,0.03135,0.0213,0.01125,0.0012,-0.00885,-0.01895,-0.029,-0.03905,-0.0491,-0.05915,-0.06925,-0.0793,-0.08935,-0.0994,-0.10945,-0.1195,-0.1296,-0.13965,-0.1497,-0.15975,-0.1698,-0.1799,-0.18995,-0.2]},"I":{"unit":"A","value":[-0.0100002,-0.0100002,-0.00948501,-0.00874646,-0.00797942,-0.00730652,-0.00700079,-0.00657997,-0.00614502,-0.00561374,-0.00536354,-0.00509492,-0.00480954,-0.00459493,-0.00419774,-0.00373545,-0.00352853,-0.00353613,-0.00336499,-0.00309961,-0.00286667,-0.00269725,-0.00245419,-0.00220248,-0.00193719,-0.00169388,-0.00146114,-0.00118938,-0.000946269,-0.00073464,-0.00056391,-0.000387106,-0.000219817,-5.53131e-5,7.53868e-5,0.000214798,0.000355527,0.000481069,0.000598967,0.000704868,0.000798011,0.000885788,0.000963239,0.00104707,0.00112604,0.00119919,0.00128413,0.00136928,0.00142607,0.00147006,0.00151491,0.0015667,0.00158857,0.00160456,0.00162092,0.00164046,0.00164451,0.00166572,0.00166698,0.00171153,0.00175299,0.00178665,0.00181444,0.00183793,0.00185671,0.00186704,0.00186871,0.00187762,0.00189174,0.00189453,0.00190278,0.00190901,0.00191143,0.00191523,0.00192227,0.00192525,0.00192773,0.00192809,0.00193244,0.00193057,0.00193335,0.00193416,0.00193533,0.00193021,0.00193563,0.00193609,0.00193528,0.00193907,0.00193345,0.00193695,0.0019417,0.00194044,0.00193922,0.0019417,0.00193902,0.00194449,0.00194125,0.00194034,0.001941,0.00194292,0.00194307,0.0019457,0.00194348,0.00194879,0.00194788,0.00195178,0.00195239,0.00195122,0.00194601,0.0019536,0.00195229,0.00195122,0.00194894,0.00195244,0.00194905,0.00195163,0.0019533,0.00195026,0.00195046,0.00195289,0.00195335,0.00195249,0.00195208,0.00195628,0.0019495,0.0019532,0.00195664,0.00195456,0.00195269,0.00195664,0.00195497,0.00195466,0.00195578,0.00195391,0.00195229,0.00195016,0.0019574,0.00196018,0.00195198,0.00195679,0.00195735,0.00195872,0.0019579,0.00196023,0.00195861,0.00195836,0.00196104,0.00195917,0.00196049,0.00196089,0.00196124,0.00195689,0.00195679,0.00196044,0.00196089,0.00195547,0.00195942,0.00196003,0.00195963,0.00196428,0.00196054,0.00196023,0.00196464,0.00195882,0.0019618,0.00195041,0.0019617,0.00196514,0.00195973,0.00196433]},"J":{"unit":"A\/cm2","value":[-0.106385,-0.106385,-0.100904,-0.0930475,-0.0848874,-0.0777289,-0.0744765,-0.0699996,-0.0653725,-0.0597206,-0.057059,-0.0542013,-0.0511654,-0.0488822,-0.0446568,-0.0397389,-0.0375376,-0.0376184,-0.0357978,-0.0329745,-0.0304965,-0.0286942,-0.0261084,-0.0234306,-0.0206084,-0.01802,-0.0155441,-0.012653,-0.0100667,-0.00781532,-0.00599904,-0.00411815,-0.00233848,-0.000588437,0.000801988,0.00228509,0.0037822,0.00511776,0.00637199,0.00749859,0.00848948,0.00942328,0.0102472,0.011139,0.0119791,0.0127573,0.013661,0.0145668,0.015171,0.015639,0.0161161,0.016667,0.0168997,0.0170698,0.0172438,0.0174517,0.0174947,0.0177204,0.0177339,0.0182078,0.0186488,0.0190069,0.0193026,0.0195525,0.0197522,0.0198621,0.0198799,0.0199747,0.0201249,0.0201545,0.0202423,0.0203086,0.0203344,0.0203748,0.0204496,0.0204814,0.0205078,0.0205116,0.0205579,0.020538,0.0205676,0.0205762,0.0205886,0.0205342,0.0205918,0.0205967,0.0205881,0.0206284,0.0205687,0.0206058,0.0206564,0.020643,0.02063,0.0206564,0.0206279,0.0206861,0.0206516,0.0206419,0.0206489,0.0206694,0.020671,0.020699,0.0206753,0.0207318,0.0207221,0.0207636,0.0207701,0.0207577,0.0207022,0.020783,0.020769,0.0207577,0.0207334,0.0207706,0.0207345,0.020762,0.0207798,0.0207474,0.0207496,0.0207754,0.0207803,0.0207711,0.0207668,0.0208115,0.0207394,0.0207787,0.0208153,0.0207932,0.0207733,0.0208153,0.0207975,0.0207943,0.0208061,0.0207862,0.020769,0.0207464,0.0208234,0.020853,0.0207658,0.0208169,0.0208229,0.0208374,0.0208288,0.0208535,0.0208363,0.0208336,0.0208622,0.0208422,0.0208562,0.0208605,0.0208643,0.020818,0.0208169,0.0208557,0.0208605,0.0208029,0.0208449,0.0208514,0.0208471,0.0208966,0.0208568,0.0208535,0.0209004,0.0208385,0.0208702,0.0207491,0.0208692,0.0209058,0.0208481,0.0208972]},"pv_cell_parameters":{"voc":{"unit":"V","value":1.17},"isc":{"unit":"mA","value":1.96},"jsc":{"unit":"mA\/cm2","value":20.86},"vopt":{"unit":"mV","value":866.25},"iopt":{"unit":"mA","value":1.84},"pmax":{"unit":"W","value":0.00159},"fill_factor":{"unit":"%","value":69.51},"efficiency":{"unit":"%","value":16.94},"cell_dimension":{"unit":"cm2","value":0.094},"irradiance":{"unit":"mW\/cm2","value":100}},"calculations":{"fitted_isc":{"unit":"mA","value":1.96},"fitted_voc":{"unit":"V","value":1.16},"rshunt":{"unit":"Kohm","value":154.84},"rseries":{"unit":"ohm","value":64.04}},"measurement_conditions":{"sweep_direction":{"unit":"","value":"Reverse"},"nplc":{"unit":"","value":0.01},"voltage_settling_time":{"unit":"s","value":0.01},"configuration_file":{"unit":"","value":"Configuration for I-V meas.conf"},"sample_id":{"unit":"","value":"R 11-3"},"note":{"unit":"","value":"\uc2dc\ub8cc\uc5d0 \uad00\ud55c \ubd80\uac00\uc801\uc778 \uc124\uba85\uc744 \uc774\uacf3\uc5d0 \uc801\uc73c\uc138\uc694. ^^"}},"key":"R 11-3_20220531","sweep_direction":{"unit":"","value":"Reverse"},"jsc":{"unit":"mA\/cm2","value":20.86},"voc":{"unit":"V","value":1.17},"efficiency":{"unit":"%","value":16.94},"fill_factor":{"unit":"%","value":69.51},"cell_dimension":{"unit":"cm2","value":0.094}},{"V":{"unit":"V","value":[1.5,1.48995,1.4799,1.4698,1.45975,1.4497,1.43965,1.4296,1.41955,1.40945,1.3994,1.38935,1.3793,1.36925,1.35915,1.3491,1.33905,1.329,1.31895,1.3089,1.2988,1.28875,1.2787,1.26865,1.2586,1.2485,1.23845,1.2284,1.21835,1.2083,1.19825,1.18815,1.1781,1.16805,1.158,1.14795,1.13785,1.1278,1.11775,1.1077,1.09765,1.0876,1.0775,1.06745,1.0574,1.04735,1.0373,1.0272,1.01715,1.0071,0.99705,0.987,0.97695,0.96685,0.9568,0.94675,0.9367,0.92665,0.91655,0.9065,0.89645,0.8864,0.87635,0.86625,0.8562,0.84615,0.8361,0.82605,0.816,0.8059,0.79585,0.7858,0.77575,0.7657,0.7556,0.74555,0.7355,0.72545,0.7154,0.70535,0.69525,0.6852,0.67515,0.6651,0.65505,0.64495,0.6349,0.62485,0.6148,0.60475,0.5947,0.5846,0.57455,0.5645,0.55445,0.5444,0.5343,0.52425,0.5142,0.50415,0.4941,0.48405,0.47395,0.4639,0.45385,0.4438,0.43375,0.42365,0.4136,0.40355,0.3935,0.38345,0.3734,0.3633,0.35325,0.3432,0.33315,0.3231,0.313,0.30295,0.2929,0.28285,0.2728,0.2627,0.25265,0.2426,0.23255,0.2225,0.21245,0.20235,0.1923,0.18225,0.1722,0.16215,0.15205,0.142,0.13195,0.1219,0.11185,0.1018,0.0917,0.08165,0.0716,0.06155,0.0515,0.0414,0.03135,0.0213,0.01125,0.0012,-0.00885,-0.01895,-0.029,-0.03905,-0.0491,-0.05915,-0.06925,-0.0793,-0.08935,-0.0994,-0.10945,-0.1195,-0.1296,-0.13965,-0.1497,-0.15975,-0.1698,-0.1799,-0.18995,-0.2]},"I":{"unit":"A","value":[-0.0100014,-0.0100012,-0.0100012,-0.0100012,-0.0100012,-0.0100012,-0.0100015,-0.0100014,-0.0100012,-0.0100011,-0.0100014,-0.0100011,-0.0100012,-0.0100015,-0.0100012,-0.0100012,-0.0100012,-0.0100012,-0.00995756,-0.00905737,-0.00826632,-0.00752306,-0.00683446,-0.0061849,-0.00555932,-0.00495977,-0.00439428,-0.00385679,-0.00334668,-0.00288548,-0.00243207,-0.00200827,-0.00159176,-0.00122193,-0.000876034,-0.000555199,-0.000254156,-1.39093e-5,0.000225954,0.000447391,0.000658501,0.00084126,0.000998149,0.00113808,0.0012652,0.00135344,0.00144507,0.00152678,0.00159092,0.00164763,0.0017025,0.00173931,0.00177323,0.00180051,0.0018197,0.00183793,0.00185398,0.00186845,0.00187984,0.00188865,0.00189483,0.00190242,0.00190506,0.00190982,0.00191275,0.00191478,0.00191786,0.00191928,0.00192202,0.00192465,0.00192576,0.00192465,0.00192566,0.00192824,0.00192829,0.00192688,0.00193204,0.0019289,0.00193133,0.0019327,0.00193088,0.00193047,0.00193229,0.00193447,0.00193432,0.00193245,0.00193665,0.00193412,0.00193761,0.00193619,0.00193315,0.00193366,0.00193781,0.00193523,0.00193716,0.00193629,0.00194034,0.00193908,0.00193614,0.00193837,0.00193452,0.00193903,0.00194222,0.00193771,0.00193801,0.00193994,0.00193817,0.00193817,0.00193796,0.00194049,0.00193908,0.00193943,0.00194201,0.00194065,0.00193725,0.00194308,0.00193857,0.00194146,0.00194171,0.00194156,0.00193837,0.00194049,0.00194222,0.00194034,0.00194009,0.00194222,0.00193958,0.00194141,0.00194136,0.00194358,0.00193867,0.00194181,0.00194617,0.00194622,0.00194368,0.00194475,0.00194404,0.00194541,0.00194632,0.00194819,0.00194951,0.00194677,0.0019489,0.00194956,0.00194996,0.00194662,0.00194981,0.0019488,0.00195047,0.00194971,0.00194885,0.00195295,0.00195012,0.00195416,0.00195335,0.00195148,0.00195442,0.00195523,0.00195391,0.00195508,0.00195619,0.00195583,0.00195821,0.00195477,0.00195816,0.00195796,0.00195705,0.00195907,0.0019573,0.0019574]},"J":{"unit":"A\/cm2","value":[-0.106397,-0.106395,-0.106396,-0.106396,-0.106396,-0.106396,-0.106398,-0.106398,-0.106396,-0.106395,-0.106397,-0.106395,-0.106396,-0.106399,-0.106396,-0.106395,-0.106396,-0.106396,-0.105932,-0.0963551,-0.0879396,-0.0800325,-0.072707,-0.0657968,-0.0591417,-0.0527635,-0.0467477,-0.0410297,-0.035603,-0.0306966,-0.0258731,-0.0213646,-0.0169336,-0.0129992,-0.00931951,-0.00590637,-0.00270379,-0.000147971,0.00240376,0.00475947,0.00700533,0.00894957,0.0106186,0.0121072,0.0134596,0.0143983,0.0153731,0.0162424,0.0169247,0.0175279,0.0181117,0.0185033,0.0188641,0.0191544,0.0193585,0.0195524,0.0197231,0.0198772,0.0199984,0.0200921,0.0201578,0.0202386,0.0202666,0.0203172,0.0203484,0.02037,0.0204028,0.0204179,0.020447,0.020475,0.0204868,0.020475,0.0204858,0.0205132,0.0205138,0.0204987,0.0205536,0.0205202,0.0205461,0.0205606,0.0205412,0.0205369,0.0205563,0.0205795,0.0205779,0.0205579,0.0206026,0.0205757,0.0206129,0.0205978,0.0205655,0.0205709,0.020615,0.0205876,0.020608,0.0205989,0.020642,0.0206285,0.0205972,0.0206209,0.02058,0.0206279,0.0206619,0.020614,0.0206172,0.0206376,0.0206188,0.0206188,0.0206166,0.0206436,0.0206285,0.0206323,0.0206597,0.0206452,0.0206091,0.020671,0.0206231,0.0206538,0.0206565,0.0206549,0.0206209,0.0206436,0.0206619,0.020642,0.0206393,0.0206619,0.0206339,0.0206533,0.0206527,0.0206764,0.0206242,0.0206576,0.0207039,0.0207044,0.0206775,0.0206888,0.0206813,0.0206958,0.0207055,0.0207254,0.0207394,0.0207104,0.020733,0.02074,0.0207443,0.0207087,0.0207426,0.0207319,0.0207497,0.0207416,0.0207324,0.0207761,0.0207459,0.020789,0.0207804,0.0207604,0.0207917,0.0208003,0.0207863,0.0207987,0.0208105,0.0208068,0.0208321,0.0207954,0.0208315,0.0208294,0.0208197,0.0208412,0.0208224,0.0208234]},"pv_cell_parameters":{"voc":{"unit":"V","value":1.13},"isc":{"unit":"mA","value":1.95},"jsc":{"unit":"mA\/cm2","value":20.74},"vopt":{"unit":"mV","value":956.8},"iopt":{"unit":"mA","value":1.82},"pmax":{"unit":"W","value":0.00174},"fill_factor":{"unit":"%","value":79.18},"efficiency":{"unit":"%","value":18.52},"cell_dimension":{"unit":"cm2","value":0.094},"irradiance":{"unit":"mW\/cm2","value":100}},"calculations":{"fitted_isc":{"unit":"mA","value":1.95},"fitted_voc":{"unit":"V","value":1.12},"rshunt":{"unit":"Kohm","value":17.830000000000002},"rseries":{"unit":"ohm","value":37.49}},"measurement_conditions":{"sweep_direction":{"unit":"","value":"Reverse"},"nplc":{"unit":"","value":0.01},"voltage_settling_time":{"unit":"s","value":0.01},"configuration_file":{"unit":"","value":"Configuration for I-V meas.conf"},"sample_id":{"unit":"","value":"R 11-2"},"note":{"unit":"","value":"\uc2dc\ub8cc\uc5d0 \uad00\ud55c \ubd80\uac00\uc801\uc778 \uc124\uba85\uc744 \uc774\uacf3\uc5d0 \uc801\uc73c\uc138\uc694. ^^"}},"key":"R 11-2_20220531","sweep_direction":{"unit":"","value":"Reverse"},"jsc":{"unit":"mA\/cm2","value":20.74},"voc":{"unit":"V","value":1.13},"efficiency":{"unit":"%","value":18.52},"fill_factor":{"unit":"%","value":79.18},"cell_dimension":{"unit":"cm2","value":0.094}},{"V":{"unit":"V","value":[1.5,1.48995,1.4799,1.4698,1.45975,1.4497,1.43965,1.4296,1.41955,1.40945,1.3994,1.38935,1.3793,1.36925,1.35915,1.3491,1.33905,1.329,1.31895,1.3089,1.2988,1.28875,1.2787,1.26865,1.2586,1.2485,1.23845,1.2284,1.21835,1.2083,1.19825,1.18815,1.1781,1.16805,1.158,1.14795,1.13785,1.1278,1.11775,1.1077,1.09765,1.0876,1.0775,1.06745,1.0574,1.04735,1.0373,1.0272,1.01715,1.0071,0.99705,0.987,0.97695,0.96685,0.9568,0.94675,0.9367,0.92665,0.91655,0.9065,0.89645,0.8864,0.87635,0.86625,0.8562,0.84615,0.8361,0.82605,0.816,0.8059,0.79585,0.7858,0.77575,0.7657,0.7556,0.74555,0.7355,0.72545,0.7154,0.70535,0.69525,0.6852,0.67515,0.6651,0.65505,0.64495,0.6349,0.62485,0.6148,0.60475,0.5947,0.5846,0.57455,0.5645,0.55445,0.5444,0.5343,0.52425,0.5142,0.50415,0.4941,0.48405,0.47395,0.4639,0.45385,0.4438,0.43375,0.42365,0.4136,0.40355,0.3935,0.38345,0.3734,0.3633,0.35325,0.3432,0.33315,0.3231,0.313,0.30295,0.2929,0.28285,0.2728,0.2627,0.25265,0.2426,0.23255,0.2225,0.21245,0.20235,0.1923,0.18225,0.1722,0.16215,0.15205,0.142,0.13195,0.1219,0.11185,0.1018,0.0917,0.08165,0.0716,0.06155,0.0515,0.0414,0.03135,0.0213,0.01125,0.0012,-0.00885,-0.01895,-0.029,-0.03905,-0.0491,-0.05915,-0.06925,-0.0793,-0.08935,-0.0994,-0.10945,-0.1195,-0.1296,-0.13965,-0.1497,-0.15975,-0.1698,-0.1799,-0.18995,-0.2]},"I":{"unit":"A","value":[-0.0100016,-0.0100015,-0.0100016,-0.0100015,-0.0100014,-0.0100016,-0.0100016,-0.0100016,-0.0100016,-0.0100015,-0.0100017,-0.0100015,-0.0100015,-0.0100016,-0.00930136,-0.00860647,-0.00792438,-0.00727889,-0.00666909,-0.00609048,-0.00553692,-0.00501227,-0.00451481,-0.00403956,-0.00358031,-0.00317331,-0.00276975,-0.00238821,-0.0020138,-0.0016722,-0.00135419,-0.00105359,-0.000763679,-0.000536434,-0.000297244,-7.61244e-5,0.000131694,0.000319571,0.000509474,0.000674014,0.000826907,0.000933935,0.00105048,0.00115538,0.00125061,0.00133698,0.00142016,0.00148785,0.00155108,0.00159305,0.00163517,0.00167547,0.00170949,0.00173997,0.00176124,0.00178356,0.00180164,0.00181733,0.0018272,0.00184133,0.00184963,0.00185844,0.00186325,0.00187287,0.00187667,0.00188254,0.00188603,0.0018875,0.00188806,0.0018953,0.00189489,0.00190319,0.00190173,0.00190117,0.00190385,0.00190654,0.00190547,0.00190942,0.00190527,0.00191241,0.00191023,0.00190967,0.00191114,0.00191008,0.00191079,0.00191423,0.00191398,0.001912,0.00191555,0.00191697,0.00191676,0.00191565,0.00192107,0.00191519,0.00191595,0.00191914,0.00191858,0.00191778,0.00191798,0.00192152,0.00191717,0.00192243,0.00192177,0.00192162,0.00192046,0.00192071,0.00192071,0.00192132,0.00192253,0.00192339,0.00192172,0.00192172,0.00192132,0.00192593,0.00192269,0.00192476,0.00192253,0.0019236,0.00192476,0.00192658,0.00192679,0.00192355,0.00192658,0.00192831,0.00192785,0.00192598,0.00193038,0.00192724,0.00193028,0.00192861,0.0019279,0.00192547,0.00192724,0.00192891,0.0019279,0.00192856,0.00192993,0.00193322,0.00193134,0.00193008,0.00193312,0.00192891,0.00193124,0.0019319,0.00192891,0.00193276,0.00192851,0.00193119,0.00193094,0.00193337,0.00192891,0.00193241,0.00193408,0.00193322,0.00192765,0.00193322,0.00193084,0.00193347,0.00192795,0.00193246,0.00193347,0.00193114,0.00193337,0.00193155,0.00193139,0.00193048,0.0019315,0.00193403,0.00192987,0.00193296]},"J":{"unit":"A\/cm2","value":[-0.1064,-0.106399,-0.1064,-0.106399,-0.106398,-0.1064,-0.1064,-0.1064,-0.1064,-0.106399,-0.106401,-0.106399,-0.106399,-0.1064,-0.0989507,-0.0915582,-0.0843019,-0.077435,-0.0709478,-0.0647923,-0.0589034,-0.053322,-0.0480298,-0.0429741,-0.0380884,-0.0337586,-0.0294654,-0.0254064,-0.0214234,-0.0177894,-0.0144063,-0.0112084,-0.00812424,-0.00570675,-0.00316217,-0.000809834,0.001401,0.00339969,0.00541993,0.00717036,0.00879689,0.00993548,0.0111753,0.0122912,0.0133044,0.0142232,0.0151081,0.0158282,0.0165009,0.0169474,0.0173955,0.0178242,0.0181861,0.0185103,0.0187366,0.0189741,0.0191664,0.0193333,0.0194383,0.0195886,0.0196769,0.0197706,0.0198218,0.0199241,0.0199645,0.020027,0.0200642,0.0200798,0.0200857,0.0201627,0.0201584,0.0202467,0.0202311,0.0202252,0.0202538,0.0202823,0.020271,0.020313,0.0202688,0.0203448,0.0203216,0.0203157,0.0203313,0.02032,0.0203275,0.0203642,0.0203615,0.0203405,0.0203782,0.0203932,0.0203911,0.0203793,0.0204369,0.0203744,0.0203825,0.0204164,0.0204105,0.0204019,0.020404,0.0204417,0.0203954,0.0204514,0.0204444,0.0204428,0.0204304,0.0204331,0.0204331,0.0204396,0.0204525,0.0204616,0.0204439,0.0204439,0.0204396,0.0204886,0.0204541,0.0204762,0.0204525,0.0204638,0.0204762,0.0204956,0.0204977,0.0204633,0.0204956,0.0205139,0.020509,0.0204891,0.020536,0.0205026,0.0205349,0.0205171,0.0205096,0.0204837,0.0205026,0.0205204,0.0205096,0.0205166,0.0205311,0.0205661,0.0205462,0.0205327,0.0205651,0.0205204,0.0205451,0.0205521,0.0205204,0.0205613,0.020516,0.0205446,0.0205419,0.0205678,0.0205204,0.0205575,0.0205753,0.0205661,0.0205069,0.0205661,0.0205408,0.0205688,0.0205101,0.0205581,0.0205688,0.0205441,0.0205678,0.0205484,0.0205467,0.0205371,0.0205478,0.0205747,0.0205306,0.0205634]},"pv_cell_parameters":{"voc":{"unit":"V","value":1.15},"isc":{"unit":"mA","value":1.9300000000000002},"jsc":{"unit":"mA\/cm2","value":20.57},"vopt":{"unit":"mV","value":946.75},"iopt":{"unit":"mA","value":1.78},"pmax":{"unit":"W","value":0.0016899999999999999},"fill_factor":{"unit":"%","value":76.08},"efficiency":{"unit":"%","value":17.96},"cell_dimension":{"unit":"cm2","value":0.094},"irradiance":{"unit":"mW\/cm2","value":100}},"calculations":{"fitted_isc":{"unit":"mA","value":1.9300000000000002},"fitted_voc":{"unit":"V","value":1.14},"rshunt":{"unit":"Kohm","value":50.54},"rseries":{"unit":"ohm","value":45.06}},"measurement_conditions":{"sweep_direction":{"unit":"","value":"Reverse"},"nplc":{"unit":"","value":0.01},"voltage_settling_time":{"unit":"s","value":0.01},"configuration_file":{"unit":"","value":"Configuration for I-V meas.conf"},"sample_id":{"unit":"","value":"R 11-1"},"note":{"unit":"","value":"\uc2dc\ub8cc\uc5d0 \uad00\ud55c \ubd80\uac00\uc801\uc778 \uc124\uba85\uc744 \uc774\uacf3\uc5d0 \uc801\uc73c\uc138\uc694. ^^"}},"key":"R 11-1_20220531","sweep_direction":{"unit":"","value":"Reverse"},"jsc":{"unit":"mA\/cm2","value":20.57},"voc":{"unit":"V","value":1.15},"efficiency":{"unit":"%","value":17.96},"fill_factor":{"unit":"%","value":76.08},"cell_dimension":{"unit":"cm2","value":0.094}}]}}