{"_id":"6352841907c72430266cf8a6","id":"KRICT-SC-00619","author":36,"input":[{"tco":{"unit":"","value":"ITO"}},{"htl":[{"material":{"unit":"","value":"NiO_4PACz"},"concentration":{"unit":"mg\/ml","value":""},"conc_unit":{"unit":"","value":"mg\/ml"},"quantity":{"unit":"ml","value":null}}],"htl_doping":[{"material":{"unit":"","value":"none"},"volume":{"unit":"ul","value":0}},{"material":{"unit":"","value":"none"},"volume":{"unit":"ul","value":0}},{"material":{"unit":"","value":"none"},"volume":{"unit":"ul","value":0}}],"spin_coating":[{"type":{"unit":"","value":null},"rpm":{"unit":"","value":0},"time":{"unit":"","value":null}}]},{"htl_treatment":[{"material":{"value":"none","unit":""},"concentration":{"value":0,"unit":"mg\/ml"},"conc_unit":{"unit":"","value":"mg\/ml"},"quantity":{"unit":"ml","value":null}}],"annealing":[{"temperature":{"value":0,"unit":"oC"},"time":{"value":0,"unit":"time"}}],"spin_coating":[{"type":{"unit":"","value":null},"rpm":{"value":0,"unit":""},"time":{"unit":"","value":null}}]},{"perovskite":{"method":{"unit":"","value":"1-step"},"molarity":{"unit":"M","value":0},"a_site":[{"material":{"unit":"","value":"Cs"},"ratio":{"unit":"%","value":5}},{"material":{"unit":"","value":"MA"},"ratio":{"unit":"%","value":15}},{"material":{"unit":"","value":"FA"},"ratio":{"unit":"%","value":85}}],"b_site":[{"material":{"unit":"","value":"Pb"},"ratio":{"unit":"%","value":100}},{"material":{"unit":"","value":"Sn"},"ratio":{"unit":"%","value":0}}],"x_site":[{"material":{"unit":"","value":"I"},"ratio":{"unit":"%","value":78}},{"material":{"unit":"","value":"Br"},"ratio":{"unit":"%","value":22}},{"material":{"unit":"","value":"Cl"},"ratio":{"unit":"%","value":0}}],"solvent":[{"material":{"unit":"","value":"DMF"},"volume":{"unit":"ml","value":0.8}},{"material":{"unit":"","value":"DMSO"},"volume":{"unit":"ml","value":0.2}},{"material":{"unit":"","value":"none"},"volume":{"unit":"ml","value":0}}],"antisolvent":[{"material":{"unit":"","value":"DEE"},"quantity":{"unit":"ul","value":1000},"dripping_time":{"unit":"s","value":null}}],"annealing":[{"temperature":{"unit":"oC","value":100},"time":{"unit":"min","value":80}},{"temperature":{"unit":"oC","value":0},"time":{"unit":"min","value":0}}],"spin_coating":[{"type":{"unit":"","value":null},"rpm":{"unit":"","value":5000},"time":{"unit":"","value":null}}],"additive":[{"material":{"unit":"","value":"MACl"},"quantity":{"unit":"mol%","value":5}},{"material":{"unit":"","value":"none"},"quantity":{"unit":"mol%","value":0}},{"material":{"unit":"","value":"none"},"quantity":{"unit":"mol%","value":0}}]}},{"etl":[{"material":{"unit":"","value":"C60"},"concentration":{"unit":"","value":""},"conc_unit":{"unit":"","value":"mg\/ml"},"quantity":{"unit":"ml","value":null}}],"annealing":[{"temperature":{"unit":"oC","value":0},"time":{"unit":"min","value":0}}],"spin_coating":[{"type":{"unit":"","value":null},"rpm":{"unit":"","value":0},"time":{"unit":"","value":null}}]},{"etl_treatment":[{"material":{"unit":"","value":"NONE"},"concentration":{"unit":"mg\/ml","value":""},"conc_unit":{"unit":"","value":"mg\/ml"},"quantity":{"unit":"ml","value":null}}],"annealing":[{"temperature":{"unit":"oC","value":0},"time":{"unit":"min","value":0}}],"spin_coating":[{"type":{"unit":"","value":null},"rpm":{"unit":"","value":0},"time":{"unit":"","value":null}}]},{"surface_treatment":{"unit":"","value":"none"}},{"annealing":[{"temperature":{"unit":"oC","value":0},"time":{"unit":"min","value":0}}],"blocking_buffer_layer":[{"material":{"unit":"","value":"BCP"},"concentration":{"unit":"","value":""},"conc_unit":{"unit":"","value":"mg\/ml"},"quantity":{"unit":"ml","value":null}}]},{"surface_treatment":{"unit":"","value":"none"}},{"anode_metal":{"unit":"","value":"Ag"}},{"note":{"unit":"","value":"ST_0.1:1"},"ar":{"unit":"","value":0},"type":{"unit":"","value":"p-i-n"}}],"fileinfo":[{"key":"9-1_20221021","uploadType":"JV","original_name":"9-1_20221021-195938.txt","save_name":"KRICT-SC-00619\/9-1_20221021","uploader":36},{"key":"9-2_20221021","uploadType":"JV","original_name":"9-2_20221021-195946.txt","save_name":"KRICT-SC-00619\/9-2_20221021","uploader":36},{"key":"9-3_20221021","uploadType":"JV","original_name":"9-3_20221021-195957.txt","save_name":"KRICT-SC-00619\/9-3_20221021","uploader":36},{"key":"9-4_20221021","uploadType":"JV","original_name":"9-4_20221021-200004.txt","save_name":"KRICT-SC-00619\/9-4_20221021","uploader":36},{"key":"11-2_20221021","uploadType":"JV","original_name":"11-2_20221021-200214.txt","save_name":"KRICT-SC-00619\/11-2_20221021","uploader":36},{"key":"11-3_20221021","uploadType":"JV","original_name":"11-3_20221021-200221.txt","save_name":"KRICT-SC-00619\/11-3_20221021","uploader":36},{"key":"11-4_20221021","uploadType":"JV","original_name":"11-4_20221021-200233.txt","save_name":"KRICT-SC-00619\/11-4_20221021","uploader":36},{"key":"11-1_20221021","uploadType":"JV","original_name":"11-1_20221021-200210.txt","save_name":"KRICT-SC-00619\/11-1_20221021","uploader":36},{"key":"InputFile","uploadType":"InputFile","original_name":"input.xlsx","save_name":"KRICT-SC-00619\/InputFile","uploader":36}],"updated_at":"2024-10-25 07:08:01","created_at":"2022-10-21 11:35:53","group":2,"analysis_old":{"JV":[{"V":{"unit":"V","value":[1.3,1.28385,1.2677,1.2515,1.23535,1.2192,1.20305,1.18685,1.1707,1.15455,1.1384,1.1222,1.10605,1.0899,1.07375,1.0576,1.0414,1.02525,1.0091,0.99295,0.97675,0.9606,0.94445,0.9283,0.9121,0.89595,0.8798,0.86365,0.8475,0.8313,0.81515,0.799,0.78285,0.76665,0.7505,0.73435,0.7182,0.702,0.68585,0.6697,0.65355,0.63735,0.6212,0.60505,0.5889,0.57275,0.55655,0.5404,0.52425,0.5081,0.4919,0.47575,0.4596,0.44345,0.42725,0.4111,0.39495,0.3788,0.36265,0.34645,0.3303,0.31415,0.298,0.2818,0.26565,0.2495,0.23335,0.21715,0.201,0.18485,0.1687,0.15255,0.13635,0.1202,0.10405,0.0879,0.0717,0.05555,0.0394,0.02325,0.00705,-0.0091,-0.02525,-0.0414,-0.0576,-0.07375,-0.0899,-0.10605,-0.1222,-0.1384,-0.15455,-0.1707,-0.18685,-0.20305,-0.2192,-0.23535,-0.2515,-0.2677,-0.28385,-0.3]},"I":{"unit":"A","value":[-0.00460412,-0.00467345,-0.00432029,-0.00386174,-0.00342862,-0.00298464,-0.00253883,-0.00210051,-0.00167823,-0.00126666,-0.000888571,-0.000531822,-0.000198692,0.000109315,0.000383541,0.000626683,0.00083223,0.00100015,0.00113712,0.0012314,0.0013101,0.00137053,0.00141196,0.00144605,0.00147069,0.00148955,0.00150195,0.00151722,0.00152506,0.00153066,0.00153805,0.00154544,0.00154933,0.00155231,0.00155571,0.0015588,0.00155985,0.00156254,0.00156642,0.0015637,0.00156835,0.00157189,0.0015724,0.00157639,0.00157726,0.00157447,0.00157902,0.00157978,0.00157918,0.00157872,0.00158018,0.00158504,0.00158246,0.00158434,0.00158438,0.00158645,0.00158706,0.00158626,0.00158727,0.00158641,0.00158919,0.00158949,0.00158863,0.00159086,0.00158903,0.00159,0.00159355,0.00159273,0.0015938,0.00159414,0.00159095,0.00159121,0.00159682,0.00159439,0.00159435,0.00159804,0.00159642,0.00159566,0.00159971,0.00159946,0.00159703,0.00159895,0.00160041,0.00159946,0.00160158,0.00160208,0.00160012,0.00160345,0.00160314,0.00160158,0.00160107,0.00160299,0.00160527,0.0016039,0.00160451,0.0016069,0.00160567,0.00160755,0.00160624,0.00160796]},"J":{"unit":"A\/cm2","value":[-0.0500447,-0.0507984,-0.0469597,-0.0419754,-0.0372676,-0.0324418,-0.027596,-0.0228317,-0.0182416,-0.013768,-0.00965838,-0.00578068,-0.0021597,0.00118821,0.00416892,0.00681177,0.00904598,0.0108712,0.01236,0.0133848,0.0142402,0.0148971,0.0153474,0.015718,0.0159857,0.0161908,0.0163255,0.0164915,0.0165767,0.0166376,0.016718,0.0167983,0.0168406,0.016873,0.0169099,0.0169434,0.0169549,0.0169841,0.0170264,0.0169967,0.0170472,0.0170858,0.0170913,0.0171347,0.0171441,0.0171138,0.0171632,0.0171715,0.017165,0.01716,0.0171759,0.0172287,0.0172006,0.017221,0.0172215,0.017244,0.0172507,0.0172419,0.017253,0.0172436,0.0172738,0.0172771,0.0172677,0.017292,0.0172721,0.0172826,0.0173211,0.0173122,0.0173239,0.0173276,0.017293,0.0172957,0.0173568,0.0173304,0.0173299,0.0173701,0.0173524,0.0173441,0.0173882,0.0173854,0.017359,0.0173799,0.0173958,0.0173854,0.0174084,0.0174139,0.0173926,0.0174288,0.0174254,0.0174084,0.0174029,0.0174238,0.0174486,0.0174337,0.0174403,0.0174663,0.017453,0.0174734,0.0174591,0.0174778]},"pv_cell_parameters":{"voc":{"unit":"V","value":1.09},"isc":{"unit":"mA","value":1.6},"jsc":{"unit":"mA\/cm2","value":17.36},"vopt":{"unit":"mV","value":928.3000000000001},"iopt":{"unit":"mA","value":1.45},"pmax":{"unit":"W","value":0.00134},"fill_factor":{"unit":"%","value":77.12},"efficiency":{"unit":"%","value":14.59},"cell_dimension":{"unit":"cm2","value":0.092},"irradiance":{"unit":"mW\/cm2","value":100}},"calculations":{"fitted_isc":{"unit":"mA","value":1.6},"fitted_voc":{"unit":"V","value":1.09},"rshunt":{"unit":"Kohm","value":30.34},"rseries":{"unit":"ohm","value":53.95}},"measurement_conditions":{"sweep_direction":{"unit":"","value":"Reverse"},"nplc":{"unit":"","value":0.1},"voltage_settling_time":{"unit":"s","value":0.01},"configuration_file":{"unit":"","value":"Configuration for I-V meas_R.conf"},"sample_id":{"unit":"","value":"9-4"},"note":{"unit":"","value":"\uc2dc\ub8cc\uc5d0 \uad00\ud55c \ubd80\uac00\uc801\uc778 \uc124\uba85\uc744 \uc774\uacf3\uc5d0 \uc801\uc73c\uc138\uc694. ^^"}},"key":"9-4_20221021"},{"V":{"unit":"V","value":[1.3,1.28385,1.2677,1.2515,1.23535,1.2192,1.20305,1.18685,1.1707,1.15455,1.1384,1.1222,1.10605,1.0899,1.07375,1.0576,1.0414,1.02525,1.0091,0.99295,0.97675,0.9606,0.94445,0.9283,0.9121,0.89595,0.8798,0.86365,0.8475,0.8313,0.81515,0.799,0.78285,0.76665,0.7505,0.73435,0.7182,0.702,0.68585,0.6697,0.65355,0.63735,0.6212,0.60505,0.5889,0.57275,0.55655,0.5404,0.52425,0.5081,0.4919,0.47575,0.4596,0.44345,0.42725,0.4111,0.39495,0.3788,0.36265,0.34645,0.3303,0.31415,0.298,0.2818,0.26565,0.2495,0.23335,0.21715,0.201,0.18485,0.1687,0.15255,0.13635,0.1202,0.10405,0.0879,0.0717,0.05555,0.0394,0.02325,0.00705,-0.0091,-0.02525,-0.0414,-0.0576,-0.07375,-0.0899,-0.10605,-0.1222,-0.1384,-0.15455,-0.1707,-0.18685,-0.20305,-0.2192,-0.23535,-0.2515,-0.2677,-0.28385,-0.3]},"I":{"unit":"A","value":[-0.0055044,-0.00557196,-0.00505803,-0.00449702,-0.00393802,-0.00339557,-0.00287031,-0.00236259,-0.00187679,-0.00141551,-0.000981778,-0.000575215,-0.000202134,0.000135615,0.000430897,0.000686362,0.000899404,0.00106899,0.00120263,0.00129397,0.00136736,0.00141996,0.00146128,0.00148889,0.00150438,0.00152294,0.00153326,0.001542,0.00154904,0.00155567,0.00155985,0.00156219,0.00156669,0.00156735,0.00156957,0.00157356,0.00157189,0.00157559,0.00157548,0.00157417,0.00157377,0.00157407,0.00157614,0.00157554,0.00157464,0.0015765,0.0015762,0.00157675,0.00157624,0.00157483,0.00157554,0.0015765,0.00157443,0.00157741,0.00157817,0.0015754,0.00157772,0.00157994,0.00157766,0.00157544,0.00157706,0.00157696,0.0015762,0.00157812,0.00157802,0.00157565,0.00157867,0.00157736,0.00157797,0.00157777,0.00157928,0.00157766,0.0015761,0.00158106,0.00157899,0.00157701,0.00157998,0.00157797,0.00157781,0.00157751,0.00157923,0.00157701,0.00157781,0.00157857,0.00157747,0.0015799,0.00158024,0.00157756,0.00158146,0.00157939,0.00157928,0.00157823,0.00157857,0.00157969,0.00157903,0.00157781,0.00157918,0.00157787,0.00157998,0.00158085]},"J":{"unit":"A\/cm2","value":[-0.0598304,-0.0605648,-0.0549786,-0.0488807,-0.0428046,-0.0369084,-0.031199,-0.0256804,-0.0203998,-0.0153859,-0.0106715,-0.00625233,-0.00219711,0.00147408,0.00468366,0.00746046,0.00977613,0.0116195,0.013072,0.0140649,0.0148626,0.0154344,0.0158835,0.0161836,0.0163519,0.0165537,0.0166658,0.0167609,0.0168373,0.0169094,0.0169549,0.0169804,0.0170293,0.0170364,0.0170605,0.0171039,0.0170858,0.017126,0.0171248,0.0171106,0.0171062,0.0171094,0.017132,0.0171255,0.0171156,0.0171358,0.0171326,0.0171386,0.0171331,0.0171177,0.0171255,0.0171358,0.0171133,0.0171457,0.017154,0.0171239,0.0171491,0.0171733,0.0171485,0.0171243,0.017142,0.0171409,0.0171326,0.0171535,0.0171524,0.0171266,0.0171595,0.0171452,0.0171519,0.0171496,0.0171661,0.0171485,0.0171315,0.0171854,0.0171629,0.0171414,0.0171737,0.0171519,0.0171501,0.0171469,0.0171655,0.0171414,0.0171501,0.0171584,0.0171464,0.0171728,0.0171765,0.0171473,0.0171898,0.0171673,0.0171661,0.0171546,0.0171584,0.0171705,0.0171634,0.0171501,0.017165,0.0171507,0.0171737,0.0171831]},"pv_cell_parameters":{"voc":{"unit":"V","value":1.09},"isc":{"unit":"mA","value":1.58},"jsc":{"unit":"mA\/cm2","value":17.17},"vopt":{"unit":"mV","value":928.3000000000001},"iopt":{"unit":"mA","value":1.49},"pmax":{"unit":"W","value":0.00138},"fill_factor":{"unit":"%","value":80.3},"efficiency":{"unit":"%","value":15.02},"cell_dimension":{"unit":"cm2","value":0.092},"irradiance":{"unit":"mW\/cm2","value":100}},"calculations":{"fitted_isc":{"unit":"mA","value":1.58},"fitted_voc":{"unit":"V","value":1.09},"rshunt":{"unit":"Kohm","value":68.67},"rseries":{"unit":"ohm","value":49.01}},"measurement_conditions":{"sweep_direction":{"unit":"","value":"Reverse"},"nplc":{"unit":"","value":0.1},"voltage_settling_time":{"unit":"s","value":0.01},"configuration_file":{"unit":"","value":"Configuration for I-V meas_R.conf"},"sample_id":{"unit":"","value":"9-3"},"note":{"unit":"","value":"\uc2dc\ub8cc\uc5d0 \uad00\ud55c \ubd80\uac00\uc801\uc778 \uc124\uba85\uc744 \uc774\uacf3\uc5d0 \uc801\uc73c\uc138\uc694. ^^"}},"key":"9-3_20221021"},{"V":{"unit":"V","value":[1.3,1.28385,1.2677,1.2515,1.23535,1.2192,1.20305,1.18685,1.1707,1.15455,1.1384,1.1222,1.10605,1.0899,1.07375,1.0576,1.0414,1.02525,1.0091,0.99295,0.97675,0.9606,0.94445,0.9283,0.9121,0.89595,0.8798,0.86365,0.8475,0.8313,0.81515,0.799,0.78285,0.76665,0.7505,0.73435,0.7182,0.702,0.68585,0.6697,0.65355,0.63735,0.6212,0.60505,0.5889,0.57275,0.55655,0.5404,0.52425,0.5081,0.4919,0.47575,0.4596,0.44345,0.42725,0.4111,0.39495,0.3788,0.36265,0.34645,0.3303,0.31415,0.298,0.2818,0.26565,0.2495,0.23335,0.21715,0.201,0.18485,0.1687,0.15255,0.13635,0.1202,0.10405,0.0879,0.0717,0.05555,0.0394,0.02325,0.00705,-0.0091,-0.02525,-0.0414,-0.0576,-0.07375,-0.0899,-0.10605,-0.1222,-0.1384,-0.15455,-0.1707,-0.18685,-0.20305,-0.2192,-0.23535,-0.2515,-0.2677,-0.28385,-0.3]},"I":{"unit":"A","value":[-0.00695077,-0.00722639,-0.00656144,-0.00577796,-0.00499548,-0.00424087,-0.00351745,-0.00283511,-0.00219893,-0.00160839,-0.00106765,-0.000575215,-0.000139222,0.000237182,0.000553504,0.000812158,0.00101371,0.00116934,0.00128341,0.00135694,0.00141506,0.00145851,0.00148758,0.00150473,0.00152305,0.00153391,0.00153872,0.00154802,0.00155279,0.0015543,0.00155905,0.00156219,0.00156391,0.00156371,0.00156847,0.00156614,0.00156796,0.00156999,0.00157039,0.0015709,0.00157155,0.00157286,0.00157094,0.0015714,0.00157312,0.00157291,0.00157383,0.0015754,0.00157569,0.00157417,0.0015763,0.00157423,0.00157601,0.00157812,0.00157493,0.00157701,0.00157808,0.00157575,0.00157726,0.00157767,0.00157812,0.00157569,0.00157721,0.00157726,0.00157681,0.0015799,0.00157732,0.00157706,0.00157964,0.00157696,0.00157863,0.0015765,0.00157964,0.00157717,0.00157681,0.00158152,0.00157873,0.00157833,0.00158045,0.00157924,0.00157802,0.0015796,0.0015811,0.00157742,0.00158051,0.00158055,0.00157918,0.00157884,0.00158095,0.00157909,0.00157793,0.00158015,0.00157863,0.00158081,0.00157994,0.00157964,0.00158121,0.0015803,0.00157782,0.00157888]},"J":{"unit":"A\/cm2","value":[-0.0755518,-0.0785477,-0.07132,-0.0628039,-0.0542987,-0.0460964,-0.0382331,-0.0308164,-0.0239015,-0.0174825,-0.0116049,-0.00625233,-0.00151328,0.00257806,0.00601634,0.0088278,0.0110186,0.0127102,0.0139501,0.0147494,0.0153811,0.0158534,0.0161694,0.0163558,0.0165549,0.0166729,0.0167253,0.0168263,0.0168782,0.0168945,0.0169462,0.0169804,0.016999,0.0169969,0.0170485,0.0170233,0.017043,0.0170651,0.0170694,0.0170749,0.0170821,0.0170963,0.0170754,0.0170805,0.0170991,0.0170968,0.0171069,0.0171239,0.0171271,0.0171106,0.0171337,0.0171112,0.0171305,0.0171535,0.0171188,0.0171414,0.017153,0.0171278,0.0171441,0.0171486,0.0171535,0.0171271,0.0171436,0.0171441,0.0171393,0.0171728,0.0171448,0.017142,0.01717,0.0171409,0.017159,0.0171358,0.01717,0.0171431,0.0171393,0.0171904,0.0171601,0.0171558,0.0171788,0.0171657,0.0171524,0.0171695,0.0171859,0.0171459,0.0171794,0.0171799,0.017165,0.0171613,0.0171843,0.017164,0.0171514,0.0171755,0.017159,0.0171827,0.0171733,0.01717,0.017187,0.0171772,0.0171503,0.0171618]},"pv_cell_parameters":{"voc":{"unit":"V","value":1.11},"isc":{"unit":"mA","value":1.58},"jsc":{"unit":"mA\/cm2","value":17.15},"vopt":{"unit":"mV","value":944.45},"iopt":{"unit":"mA","value":1.49},"pmax":{"unit":"W","value":0.0014},"fill_factor":{"unit":"%","value":80.5},"efficiency":{"unit":"%","value":15.27},"cell_dimension":{"unit":"cm2","value":0.092},"irradiance":{"unit":"mW\/cm2","value":100}},"calculations":{"fitted_isc":{"unit":"mA","value":1.58},"fitted_voc":{"unit":"V","value":1.09},"rshunt":{"unit":"Kohm","value":202.87},"rseries":{"unit":"ohm","value":37.62}},"measurement_conditions":{"sweep_direction":{"unit":"","value":"Reverse"},"nplc":{"unit":"","value":0.1},"voltage_settling_time":{"unit":"s","value":0.01},"configuration_file":{"unit":"","value":"Configuration for I-V meas_R.conf"},"sample_id":{"unit":"","value":"9-2"},"note":{"unit":"","value":"\uc2dc\ub8cc\uc5d0 \uad00\ud55c \ubd80\uac00\uc801\uc778 \uc124\uba85\uc744 \uc774\uacf3\uc5d0 \uc801\uc73c\uc138\uc694. ^^"}},"key":"9-2_20221021"},{"V":{"unit":"V","value":[1.3,1.28385,1.2677,1.2515,1.23535,1.2192,1.20305,1.18685,1.1707,1.15455,1.1384,1.1222,1.10605,1.0899,1.07375,1.0576,1.0414,1.02525,1.0091,0.99295,0.97675,0.9606,0.94445,0.9283,0.9121,0.89595,0.8798,0.86365,0.8475,0.8313,0.81515,0.799,0.78285,0.76665,0.7505,0.73435,0.7182,0.702,0.68585,0.6697,0.65355,0.63735,0.6212,0.60505,0.5889,0.57275,0.55655,0.5404,0.52425,0.5081,0.4919,0.47575,0.4596,0.44345,0.42725,0.4111,0.39495,0.3788,0.36265,0.34645,0.3303,0.31415,0.298,0.2818,0.26565,0.2495,0.23335,0.21715,0.201,0.18485,0.1687,0.15255,0.13635,0.1202,0.10405,0.0879,0.0717,0.05555,0.0394,0.02325,0.00705,-0.0091,-0.02525,-0.0414,-0.0576,-0.07375,-0.0899,-0.10605,-0.1222,-0.1384,-0.15455,-0.1707,-0.18685,-0.20305,-0.2192,-0.23535,-0.2515,-0.2677,-0.28385,-0.3]},"I":{"unit":"A","value":[-0.00508958,-0.00536673,-0.00492208,-0.00434361,-0.00375135,-0.00317112,-0.00261298,-0.00207725,-0.00157034,-0.00109586,-0.000658497,-0.000259072,9.799e-5,0.000406116,0.000667051,0.000884339,0.00105666,0.00118811,0.0012878,0.00135305,0.00140494,0.00144409,0.00147302,0.00149259,0.00150953,0.00152005,0.00152774,0.00153477,0.00153989,0.00154272,0.00154525,0.00154737,0.00154859,0.00155269,0.001554,0.00155193,0.00155486,0.00155596,0.00155546,0.00155461,0.00155638,0.00155713,0.00155643,0.0015581,0.00155613,0.00155769,0.00155905,0.00155687,0.00155835,0.00155951,0.00156042,0.00155854,0.00155754,0.00156209,0.00155865,0.00155789,0.00156133,0.00155835,0.00155871,0.00155875,0.00156052,0.00156078,0.00156148,0.00156128,0.00156017,0.00156198,0.00156057,0.00156023,0.00156356,0.00156082,0.00156239,0.00156118,0.00156154,0.00156325,0.0015631,0.00156198,0.00156179,0.00156441,0.00156306,0.00156088,0.00156067,0.00156356,0.00156259,0.0015628,0.00156447,0.00156331,0.00156245,0.00156416,0.00156507,0.00156315,0.00156274,0.00156659,0.00156477,0.00156431,0.00156583,0.0015634,0.00156549,0.00156765,0.00156331,0.001563]},"J":{"unit":"A\/cm2","value":[-0.0553215,-0.058334,-0.0535008,-0.0472132,-0.0407756,-0.0344687,-0.0284019,-0.0225788,-0.017069,-0.0119115,-0.00715758,-0.002816,0.00106511,0.00441431,0.00725055,0.00961238,0.0114854,0.0129143,0.0139979,0.0147071,0.0152711,0.0156966,0.0160111,0.0162238,0.016408,0.0165223,0.0166059,0.0166823,0.0167379,0.0167687,0.0167962,0.0168192,0.0168325,0.016877,0.0168913,0.0168688,0.0169007,0.0169127,0.0169072,0.0168979,0.0169172,0.0169253,0.0169177,0.0169358,0.0169144,0.0169314,0.0169462,0.0169225,0.0169386,0.0169512,0.0169611,0.0169407,0.0169298,0.0169792,0.0169418,0.0169336,0.016971,0.0169386,0.0169425,0.0169429,0.0169622,0.016965,0.0169726,0.0169705,0.0169583,0.0169781,0.0169627,0.016959,0.0169953,0.0169655,0.0169825,0.0169693,0.0169732,0.0169919,0.0169902,0.0169781,0.016976,0.0170045,0.0169898,0.0169661,0.0169638,0.0169953,0.0169847,0.016987,0.0170051,0.0169925,0.0169831,0.0170017,0.0170116,0.0169907,0.0169863,0.0170281,0.0170084,0.0170034,0.0170199,0.0169935,0.0170162,0.0170396,0.0169925,0.0169891]},"pv_cell_parameters":{"voc":{"unit":"V","value":1.11},"isc":{"unit":"mA","value":1.5600000000000003},"jsc":{"unit":"mA\/cm2","value":16.960000000000004},"vopt":{"unit":"mV","value":944.45},"iopt":{"unit":"mA","value":1.47},"pmax":{"unit":"W","value":0.00139},"fill_factor":{"unit":"%","value":80.59},"efficiency":{"unit":"%","value":15.12},"cell_dimension":{"unit":"cm2","value":0.092},"irradiance":{"unit":"mW\/cm2","value":100}},"calculations":{"fitted_isc":{"unit":"mA","value":1.5600000000000003},"fitted_voc":{"unit":"V","value":1.1},"rshunt":{"unit":"Kohm","value":69.46000000000001},"rseries":{"unit":"ohm","value":46.17}},"measurement_conditions":{"sweep_direction":{"unit":"","value":"Reverse"},"nplc":{"unit":"","value":0.1},"voltage_settling_time":{"unit":"s","value":0.01},"configuration_file":{"unit":"","value":"Configuration for I-V meas_R.conf"},"sample_id":{"unit":"","value":"9-1"},"note":{"unit":"","value":"\uc2dc\ub8cc\uc5d0 \uad00\ud55c \ubd80\uac00\uc801\uc778 \uc124\uba85\uc744 \uc774\uacf3\uc5d0 \uc801\uc73c\uc138\uc694. ^^"}},"key":"9-1_20221021"},{"V":{"unit":"V","value":[1.3,1.28385,1.2677,1.2515,1.23535,1.2192,1.20305,1.18685,1.1707,1.15455,1.1384,1.1222,1.10605,1.0899,1.07375,1.0576,1.0414,1.02525,1.0091,0.99295,0.97675,0.9606,0.94445,0.9283,0.9121,0.89595,0.8798,0.86365,0.8475,0.8313,0.81515,0.799,0.78285,0.76665,0.7505,0.73435,0.7182,0.702,0.68585,0.6697,0.65355,0.63735,0.6212,0.60505,0.5889,0.57275,0.55655,0.5404,0.52425,0.5081,0.4919,0.47575,0.4596,0.44345,0.42725,0.4111,0.39495,0.3788,0.36265,0.34645,0.3303,0.31415,0.298,0.2818,0.26565,0.2495,0.23335,0.21715,0.201,0.18485,0.1687,0.15255,0.13635,0.1202,0.10405,0.0879,0.0717,0.05555,0.0394,0.02325,0.00705,-0.0091,-0.02525,-0.0414,-0.0576,-0.07375,-0.0899,-0.10605,-0.1222,-0.1384,-0.15455,-0.1707,-0.18685,-0.20305,-0.2192,-0.23535,-0.2515,-0.2677,-0.28385,-0.3]},"I":{"unit":"A","value":[-0.00713281,-0.00715668,-0.00654291,-0.00587842,-0.0052246,-0.00458489,-0.00397432,-0.00338185,-0.00281416,-0.00227636,-0.00176333,-0.00127748,-0.000827163,-0.000414133,-4.22597e-5,0.000283912,0.000563621,0.000797689,0.000984639,0.00112459,0.00123732,0.00132847,0.00139482,0.00144157,0.00148384,0.00151046,0.00153033,0.00155127,0.0015623,0.00157094,0.00158384,0.00159173,0.00160033,0.00160645,0.00161201,0.00161418,0.00161853,0.00162233,0.00162061,0.00162253,0.00162502,0.00162455,0.00162552,0.00162652,0.00162937,0.00162749,0.00162734,0.00162774,0.00162865,0.00162688,0.00163053,0.00162607,0.0016288,0.00162992,0.00162815,0.00162937,0.00162926,0.00162977,0.00163002,0.00163068,0.00163098,0.00162911,0.00162946,0.00163098,0.00162952,0.0016322,0.00162844,0.00162956,0.00163203,0.00162996,0.00162977,0.00162794,0.00163113,0.00163087,0.00162865,0.00163239,0.0016292,0.00163169,0.00163245,0.00163129,0.00163083,0.00163311,0.00163062,0.00163022,0.00163229,0.00163387,0.00162794,0.00163195,0.00163381,0.00163022,0.00163133,0.00163351,0.00163189,0.0016325,0.00163245,0.00163195,0.00163174,0.00163442,0.00163129,0.00163007]},"J":{"unit":"A\/cm2","value":[-0.0775305,-0.07779,-0.0711185,-0.0638959,-0.0567891,-0.0498358,-0.0431991,-0.0367592,-0.0305887,-0.0247431,-0.0191666,-0.0138856,-0.00899091,-0.00450145,-0.000459344,0.003086,0.00612632,0.00867053,0.0107026,0.0122238,0.0134491,0.0144399,0.0151611,0.0156692,0.0161287,0.016418,0.0166341,0.0168616,0.0169815,0.0170754,0.0172157,0.0173014,0.0173948,0.0174614,0.0175218,0.0175455,0.0175928,0.0176341,0.0176153,0.0176362,0.0176632,0.0176582,0.0176687,0.0176796,0.0177105,0.0176901,0.0176885,0.0176929,0.0177027,0.0176835,0.0177232,0.0176747,0.0177044,0.0177165,0.0176972,0.0177105,0.0177094,0.0177149,0.0177176,0.0177248,0.017728,0.0177078,0.0177115,0.017728,0.0177121,0.0177413,0.0177005,0.0177126,0.0177395,0.017717,0.0177149,0.017695,0.0177296,0.0177269,0.0177027,0.0177434,0.0177087,0.0177358,0.017744,0.0177314,0.0177264,0.0177512,0.0177241,0.0177197,0.0177423,0.0177594,0.017695,0.0177385,0.0177588,0.0177197,0.0177319,0.0177555,0.0177379,0.0177445,0.017744,0.0177385,0.0177363,0.0177654,0.0177314,0.0177181]},"pv_cell_parameters":{"voc":{"unit":"V","value":1.07},"isc":{"unit":"mA","value":1.63},"jsc":{"unit":"mA\/cm2","value":17.73},"vopt":{"unit":"mV","value":912.1},"iopt":{"unit":"mA","value":1.48},"pmax":{"unit":"W","value":0.00135},"fill_factor":{"unit":"%","value":77.29},"efficiency":{"unit":"%","value":14.71},"cell_dimension":{"unit":"cm2","value":0.092},"irradiance":{"unit":"mW\/cm2","value":100}},"calculations":{"fitted_isc":{"unit":"mA","value":1.63},"fitted_voc":{"unit":"V","value":1.06},"rshunt":{"unit":"Kohm","value":0.00346},"rseries":{"unit":"ohm","value":44.31}},"measurement_conditions":{"sweep_direction":{"unit":"","value":"Reverse"},"nplc":{"unit":"","value":0.1},"voltage_settling_time":{"unit":"s","value":0.01},"configuration_file":{"unit":"","value":"Configuration for I-V meas_R.conf"},"sample_id":{"unit":"","value":"11-4"},"note":{"unit":"","value":"\uc2dc\ub8cc\uc5d0 \uad00\ud55c \ubd80\uac00\uc801\uc778 \uc124\uba85\uc744 \uc774\uacf3\uc5d0 \uc801\uc73c\uc138\uc694. ^^"}},"key":"11-4_20221021"},{"V":{"unit":"V","value":[1.3,1.28385,1.2677,1.2515,1.23535,1.2192,1.20305,1.18685,1.1707,1.15455,1.1384,1.1222,1.10605,1.0899,1.07375,1.0576,1.0414,1.02525,1.0091,0.99295,0.97675,0.9606,0.94445,0.9283,0.9121,0.89595,0.8798,0.86365,0.8475,0.8313,0.81515,0.799,0.78285,0.76665,0.7505,0.73435,0.7182,0.702,0.68585,0.6697,0.65355,0.63735,0.6212,0.60505,0.5889,0.57275,0.55655,0.5404,0.52425,0.5081,0.4919,0.47575,0.4596,0.44345,0.42725,0.4111,0.39495,0.3788,0.36265,0.34645,0.3303,0.31415,0.298,0.2818,0.26565,0.2495,0.23335,0.21715,0.201,0.18485,0.1687,0.15255,0.13635,0.1202,0.10405,0.0879,0.0717,0.05555,0.0394,0.02325,0.00705,-0.0091,-0.02525,-0.0414,-0.0576,-0.07375,-0.0899,-0.10605,-0.1222,-0.1384,-0.15455,-0.1707,-0.18685,-0.20305,-0.2192,-0.23535,-0.2515,-0.2677,-0.28385,-0.3]},"I":{"unit":"A","value":[-0.00630431,-0.00642158,-0.00588687,-0.00527477,-0.00466242,-0.00406981,-0.00350444,-0.00296265,-0.00244756,-0.0019626,-0.00151078,-0.00108874,-0.000700891,-0.000348598,-3.22014e-5,0.000248596,0.000493661,0.000702903,0.000874966,0.00102206,0.00114319,0.00124182,0.00131774,0.00137782,0.00142375,0.00145991,0.00148581,0.00150751,0.00151969,0.00153159,0.00154498,0.0015547,0.00155899,0.00156765,0.0015731,0.00157234,0.00158049,0.00158252,0.00158155,0.00158337,0.00158626,0.0015863,0.00158671,0.00159061,0.00158812,0.00158894,0.00159243,0.00158975,0.00158954,0.00159004,0.00159288,0.00159045,0.00159131,0.00159475,0.00159353,0.0015907,0.00159562,0.00159283,0.00159146,0.00159501,0.00159268,0.00159587,0.00159556,0.00159571,0.00159471,0.00159587,0.00159501,0.00159515,0.00159809,0.00159849,0.00159682,0.00159647,0.00159743,0.00159657,0.00159971,0.00159621,0.00159657,0.001599,0.00159875,0.00159885,0.00159647,0.00159997,0.00159976,0.00159875,0.00159951,0.0015998,0.00159881,0.00160067,0.00160027,0.00159784,0.00159971,0.00160138,0.00159779,0.00160006,0.00160183,0.00159986,0.00159875,0.00160238,0.00160047,0.00159965]},"J":{"unit":"A\/cm2","value":[-0.0685251,-0.0697998,-0.0639877,-0.0573345,-0.0506785,-0.044237,-0.0380917,-0.0322027,-0.0266039,-0.0213326,-0.0164216,-0.0118341,-0.00761838,-0.00378911,-0.000350015,0.00270213,0.00536588,0.00764025,0.0095105,0.0111093,0.0124259,0.013498,0.0143233,0.0149763,0.0154755,0.0158686,0.0161501,0.0163859,0.0165184,0.0166477,0.0167933,0.0168989,0.0169455,0.0170396,0.0170989,0.0170907,0.0171793,0.0172013,0.0171908,0.0172105,0.0172419,0.0172424,0.0172468,0.0172892,0.0172622,0.0172711,0.017309,0.0172798,0.0172776,0.0172831,0.0173139,0.0172875,0.0172968,0.0173343,0.017321,0.0172902,0.0173437,0.0173134,0.0172985,0.017337,0.0173118,0.0173464,0.017343,0.0173446,0.0173338,0.0173464,0.017337,0.0173386,0.0173705,0.0173749,0.0173568,0.0173529,0.0173634,0.017354,0.0173882,0.0173501,0.017354,0.0173804,0.0173777,0.0173788,0.0173529,0.0173909,0.0173887,0.0173777,0.0173859,0.0173892,0.0173783,0.0173986,0.0173942,0.0173678,0.0173882,0.0174063,0.0173673,0.0173919,0.0174112,0.0173898,0.0173777,0.0174172,0.0173965,0.0173876]},"pv_cell_parameters":{"voc":{"unit":"V","value":1.07},"isc":{"unit":"mA","value":1.6},"jsc":{"unit":"mA\/cm2","value":17.35},"vopt":{"unit":"mV","value":895.95},"iopt":{"unit":"mA","value":1.46},"pmax":{"unit":"W","value":0.0013100000000000002},"fill_factor":{"unit":"%","value":76.3},"efficiency":{"unit":"%","value":14.22},"cell_dimension":{"unit":"cm2","value":0.092},"irradiance":{"unit":"mW\/cm2","value":100}},"calculations":{"fitted_isc":{"unit":"mA","value":1.6},"fitted_voc":{"unit":"V","value":1.06},"rshunt":{"unit":"Kohm","value":137.14000000000001},"rseries":{"unit":"ohm","value":51.17}},"measurement_conditions":{"sweep_direction":{"unit":"","value":"Reverse"},"nplc":{"unit":"","value":0.1},"voltage_settling_time":{"unit":"s","value":0.01},"configuration_file":{"unit":"","value":"Configuration for I-V meas_R.conf"},"sample_id":{"unit":"","value":"11-3"},"note":{"unit":"","value":"\uc2dc\ub8cc\uc5d0 \uad00\ud55c \ubd80\uac00\uc801\uc778 \uc124\uba85\uc744 \uc774\uacf3\uc5d0 \uc801\uc73c\uc138\uc694. ^^"}},"key":"11-3_20221021"},{"V":{"unit":"V","value":[1.3,1.28385,1.2677,1.2515,1.23535,1.2192,1.20305,1.18685,1.1707,1.15455,1.1384,1.1222,1.10605,1.0899,1.07375,1.0576,1.0414,1.02525,1.0091,0.99295,0.97675,0.9606,0.94445,0.9283,0.9121,0.89595,0.8798,0.86365,0.8475,0.8313,0.81515,0.799,0.78285,0.76665,0.7505,0.73435,0.7182,0.702,0.68585,0.6697,0.65355,0.63735,0.6212,0.60505,0.5889,0.57275,0.55655,0.5404,0.52425,0.5081,0.4919,0.47575,0.4596,0.44345,0.42725,0.4111,0.39495,0.3788,0.36265,0.34645,0.3303,0.31415,0.298,0.2818,0.26565,0.2495,0.23335,0.21715,0.201,0.18485,0.1687,0.15255,0.13635,0.1202,0.10405,0.0879,0.0717,0.05555,0.0394,0.02325,0.00705,-0.0091,-0.02525,-0.0414,-0.0576,-0.07375,-0.0899,-0.10605,-0.1222,-0.1384,-0.15455,-0.1707,-0.18685,-0.20305,-0.2192,-0.23535,-0.2515,-0.2677,-0.28385,-0.3]},"I":{"unit":"A","value":[-0.0058195,-0.00632176,-0.00589249,-0.00533137,-0.00475989,-0.00418724,-0.00364372,-0.00312221,-0.00263938,-0.00222068,-0.00180441,-0.00141312,-0.00104292,-0.000712365,-0.000430167,-0.000166282,4.03225e-5,0.000224978,0.000388712,0.000514746,0.000627533,0.000728741,0.000814423,0.000881031,0.000935614,0.000977129,0.00102079,0.00105508,0.00107884,0.00110246,0.00112316,0.00114435,0.00116357,0.00117196,0.00118951,0.00120808,0.00121495,0.00122912,0.00123939,0.00124712,0.00126022,0.00126311,0.00127874,0.00128734,0.0012937,0.001306,0.00131297,0.00132355,0.00133185,0.00133832,0.0013458,0.00135289,0.00136107,0.00137119,0.00138029,0.00138505,0.00139491,0.00140533,0.00140993,0.00141838,0.00142658,0.0014379,0.00144474,0.00145233,0.00146067,0.00146876,0.00147554,0.00148323,0.00148925,0.00149658,0.00150628,0.0015123,0.00151752,0.00152865,0.0015341,0.00153983,0.00155085,0.00155899,0.00156385,0.00157063,0.00158034,0.0015863,0.00159313,0.00160234,0.00160815,0.00161767,0.00162318,0.00163203,0.00164114,0.00164781,0.00165616,0.00166085,0.00166976,0.00168012,0.00168645,0.00169444,0.00170526,0.00171153,0.00172196,0.00173081]},"J":{"unit":"A\/cm2","value":[-0.0632554,-0.0687148,-0.0640488,-0.0579496,-0.051738,-0.0455135,-0.0396057,-0.0339371,-0.0286889,-0.0241378,-0.0196132,-0.01536,-0.0113361,-0.0077431,-0.00467573,-0.00180741,0.000438288,0.00244541,0.00422513,0.00559506,0.00682101,0.0079211,0.00885242,0.00957643,0.0101697,0.010621,0.0110955,0.0114682,0.0117266,0.0119833,0.0122083,0.0124386,0.0126475,0.0127387,0.0129295,0.0131313,0.013206,0.01336,0.0134716,0.0135557,0.0136981,0.0137295,0.0138994,0.0139928,0.014062,0.0141956,0.0142714,0.0143864,0.0144766,0.0145469,0.0146282,0.0147053,0.0147943,0.0149042,0.0150032,0.0150549,0.0151621,0.0152753,0.0153254,0.0154172,0.0155063,0.0156294,0.0157037,0.0157862,0.0158769,0.0159648,0.0160385,0.0161221,0.0161875,0.0162672,0.0163727,0.0164381,0.0164948,0.0166158,0.016675,0.0167372,0.0168571,0.0169455,0.0169983,0.017072,0.0171776,0.0172424,0.0173166,0.0174167,0.0174799,0.0175834,0.0176433,0.0177395,0.0178385,0.017911,0.0180017,0.0180528,0.0181496,0.0182622,0.018331,0.0184178,0.0185354,0.0186036,0.018717,0.0188132]},"pv_cell_parameters":{"voc":{"unit":"V","value":1.04},"isc":{"unit":"mA","value":1.58},"jsc":{"unit":"mA\/cm2","value":17.18},"vopt":{"unit":"mV","value":831.3},"iopt":{"unit":"mA","value":1.1},"pmax":{"unit":"W","value":0.00091648},"fill_factor":{"unit":"%","value":55.69},"efficiency":{"unit":"%","value":9.96},"cell_dimension":{"unit":"cm2","value":0.092},"irradiance":{"unit":"mW\/cm2","value":100}},"calculations":{"fitted_isc":{"unit":"mA","value":1.58},"fitted_voc":{"unit":"V","value":1.04},"rshunt":{"unit":"Kohm","value":2.12},"rseries":{"unit":"ohm","value":72.17}},"measurement_conditions":{"sweep_direction":{"unit":"","value":"Reverse"},"nplc":{"unit":"","value":0.1},"voltage_settling_time":{"unit":"s","value":0.01},"configuration_file":{"unit":"","value":"Configuration for I-V meas_R.conf"},"sample_id":{"unit":"","value":"11-2"},"note":{"unit":"","value":"\uc2dc\ub8cc\uc5d0 \uad00\ud55c \ubd80\uac00\uc801\uc778 \uc124\uba85\uc744 \uc774\uacf3\uc5d0 \uc801\uc73c\uc138\uc694. ^^"}},"key":"11-2_20221021"},{"V":{"unit":"V","value":[1.3,1.28385,1.2677,1.2515,1.23535,1.2192,1.20305,1.18685,1.1707,1.15455,1.1384,1.1222,1.10605,1.0899,1.07375,1.0576,1.0414,1.02525,1.0091,0.99295,0.97675,0.9606,0.94445,0.9283,0.9121,0.89595,0.8798,0.86365,0.8475,0.8313,0.81515,0.799,0.78285,0.76665,0.7505,0.73435,0.7182,0.702,0.68585,0.6697,0.65355,0.63735,0.6212,0.60505,0.5889,0.57275,0.55655,0.5404,0.52425,0.5081,0.4919,0.47575,0.4596,0.44345,0.42725,0.4111,0.39495,0.3788,0.36265,0.34645,0.3303,0.31415,0.298,0.2818,0.26565,0.2495,0.23335,0.21715,0.201,0.18485,0.1687,0.15255,0.13635,0.1202,0.10405,0.0879,0.0717,0.05555,0.0394,0.02325,0.00705,-0.0091,-0.02525,-0.0414,-0.0576,-0.07375,-0.0899,-0.10605,-0.1222,-0.1384,-0.15455,-0.1707,-0.18685,-0.20305,-0.2192,-0.23535,-0.2515,-0.2677,-0.28385,-0.3]},"I":{"unit":"A","value":[-0.00923698,-0.00892701,-0.00861452,-0.00830885,-0.0080132,-0.00772705,-0.00744555,-0.00716274,-0.00688747,-0.00660841,-0.00634699,-0.00608057,-0.00581267,-0.00555955,-0.00531897,-0.00508249,-0.00485825,-0.00463568,-0.00441229,-0.00419109,-0.00398848,-0.00378569,-0.0035976,-0.00340982,-0.00321875,-0.00300892,-0.00280288,-0.00274751,-0.00257798,-0.00249584,-0.00233254,-0.00216788,-0.00201844,-0.00186323,-0.00172217,-0.00157611,-0.00143749,-0.00129689,-0.00117244,-0.0010466,-0.000933275,-0.000817612,-0.000704676,-0.000596851,-0.000495404,-0.000399515,-0.000304639,-0.000216886,-0.000127837,-4.62085e-5,2.98023e-5,0.000109971,0.000182152,0.000256002,0.000315174,0.000384972,0.000449762,0.000509649,0.000570401,0.00062497,0.000677928,0.000732303,0.000781611,0.00083001,0.000879526,0.000924185,0.000966534,0.00101255,0.00105104,0.00108843,0.00112468,0.00116687,0.00120182,0.00123662,0.00126934,0.00130232,0.00133651,0.00136685,0.00139847,0.00142746,0.00145593,0.0014886,0.00151555,0.00154565,0.00157701,0.00160407,0.00163619,0.0016683,0.00169875,0.00173189,0.00176567,0.00180219,0.00183891,0.00187679,0.00191443,0.00195499,0.00200045,0.00204451,0.00208588,0.00213514]},"J":{"unit":"A\/cm2","value":[-0.100402,-0.0970327,-0.0936361,-0.0903136,-0.0871,-0.0839897,-0.0809299,-0.0778559,-0.0748638,-0.0718306,-0.068989,-0.0660931,-0.0631812,-0.0604299,-0.0578149,-0.0552444,-0.0528071,-0.0503878,-0.0479597,-0.0455553,-0.043353,-0.0411487,-0.0391044,-0.0370632,-0.0349865,-0.0327056,-0.0304661,-0.0298642,-0.0280215,-0.0271287,-0.0253537,-0.0235639,-0.0219395,-0.0202525,-0.0187193,-0.0171316,-0.0156248,-0.0140967,-0.0127439,-0.0113761,-0.0101443,-0.00888708,-0.00765952,-0.00648751,-0.00538483,-0.00434255,-0.0033113,-0.00235746,-0.00138953,-0.000502266,0.000323938,0.00119533,0.00197991,0.00278263,0.00342581,0.00418447,0.00488871,0.00553967,0.00620002,0.00679315,0.00736879,0.00795981,0.00849577,0.00902184,0.00956007,0.0100455,0.0105058,0.011006,0.0114243,0.0118307,0.0122248,0.0126833,0.0130633,0.0134415,0.0137972,0.0141556,0.0145273,0.0148571,0.0152008,0.0155158,0.0158254,0.0161804,0.0164734,0.0168006,0.0171414,0.0174355,0.0177847,0.0181337,0.0184646,0.0188249,0.019192,0.019589,0.0199881,0.0203998,0.020809,0.0212499,0.021744,0.022223,0.0226726,0.0232081]},"pv_cell_parameters":{"voc":{"unit":"V","value":0.4919},"isc":{"unit":"mA","value":1.46},"jsc":{"unit":"mA\/cm2","value":15.83},"vopt":{"unit":"mV","value":281.8},"iopt":{"unit":"mA","value":0.8300099999999999},"pmax":{"unit":"W","value":0.0002339},"fill_factor":{"unit":"%","value":32.66},"efficiency":{"unit":"%","value":2.54},"cell_dimension":{"unit":"cm2","value":0.092},"irradiance":{"unit":"mW\/cm2","value":100}},"calculations":{"fitted_isc":{"unit":"mA","value":1.47},"fitted_voc":{"unit":"V","value":0.4959},"rshunt":{"unit":"Kohm","value":0.53146},"rseries":{"unit":"ohm","value":202.94}},"measurement_conditions":{"sweep_direction":{"unit":"","value":"Reverse"},"nplc":{"unit":"","value":0.1},"voltage_settling_time":{"unit":"s","value":0.01},"configuration_file":{"unit":"","value":"Configuration for I-V meas_R.conf"},"sample_id":{"unit":"","value":"11-1"},"note":{"unit":"","value":"\uc2dc\ub8cc\uc5d0 \uad00\ud55c \ubd80\uac00\uc801\uc778 \uc124\uba85\uc744 \uc774\uacf3\uc5d0 \uc801\uc73c\uc138\uc694. ^^"}},"key":"11-1_20221021"}]},"jvcnt":8,"analysisInfo":{"JV":[{"efficiency":14.59,"fill_factor":77.12,"jsc":17.36,"voc":1.09,"key":"9-4_20221021","cell_dimension":0.092},{"efficiency":15.02,"fill_factor":80.3,"jsc":17.17,"voc":1.09,"key":"9-3_20221021","cell_dimension":0.092},{"efficiency":15.27,"fill_factor":80.5,"jsc":17.15,"voc":1.11,"key":"9-2_20221021","cell_dimension":0.092},{"efficiency":15.12,"fill_factor":80.59,"jsc":16.960000000000004,"voc":1.11,"key":"9-1_20221021","cell_dimension":0.092},{"efficiency":14.71,"fill_factor":77.29,"jsc":17.73,"voc":1.07,"key":"11-4_20221021","cell_dimension":0.092},{"efficiency":14.22,"fill_factor":76.3,"jsc":17.35,"voc":1.07,"key":"11-3_20221021","cell_dimension":0.092},{"efficiency":9.96,"fill_factor":55.69,"jsc":17.18,"voc":1.04,"key":"11-2_20221021","cell_dimension":0.092},{"efficiency":2.54,"fill_factor":32.66,"jsc":15.83,"voc":0.4919,"key":"11-1_20221021","cell_dimension":0.092}]},"tags":[],"public":2,"analysis":{"JV":[{"V":{"unit":"V","value":[1.3,1.28385,1.2677,1.2515,1.23535,1.2192,1.20305,1.18685,1.1707,1.15455,1.1384,1.1222,1.10605,1.0899,1.07375,1.0576,1.0414,1.02525,1.0091,0.99295,0.97675,0.9606,0.94445,0.9283,0.9121,0.89595,0.8798,0.86365,0.8475,0.8313,0.81515,0.799,0.78285,0.76665,0.7505,0.73435,0.7182,0.702,0.68585,0.6697,0.65355,0.63735,0.6212,0.60505,0.5889,0.57275,0.55655,0.5404,0.52425,0.5081,0.4919,0.47575,0.4596,0.44345,0.42725,0.4111,0.39495,0.3788,0.36265,0.34645,0.3303,0.31415,0.298,0.2818,0.26565,0.2495,0.23335,0.21715,0.201,0.18485,0.1687,0.15255,0.13635,0.1202,0.10405,0.0879,0.0717,0.05555,0.0394,0.02325,0.00705,-0.0091,-0.02525,-0.0414,-0.0576,-0.07375,-0.0899,-0.10605,-0.1222,-0.1384,-0.15455,-0.1707,-0.18685,-0.20305,-0.2192,-0.23535,-0.2515,-0.2677,-0.28385,-0.3]},"I":{"unit":"A","value":[-0.00460412,-0.00467345,-0.00432029,-0.00386174,-0.00342862,-0.00298464,-0.00253883,-0.00210051,-0.00167823,-0.00126666,-0.000888571,-0.000531822,-0.000198692,0.000109315,0.000383541,0.000626683,0.00083223,0.00100015,0.00113712,0.0012314,0.0013101,0.00137053,0.00141196,0.00144605,0.00147069,0.00148955,0.00150195,0.00151722,0.00152506,0.00153066,0.00153805,0.00154544,0.00154933,0.00155231,0.00155571,0.0015588,0.00155985,0.00156254,0.00156642,0.0015637,0.00156835,0.00157189,0.0015724,0.00157639,0.00157726,0.00157447,0.00157902,0.00157978,0.00157918,0.00157872,0.00158018,0.00158504,0.00158246,0.00158434,0.00158438,0.00158645,0.00158706,0.00158626,0.00158727,0.00158641,0.00158919,0.00158949,0.00158863,0.00159086,0.00158903,0.00159,0.00159355,0.00159273,0.0015938,0.00159414,0.00159095,0.00159121,0.00159682,0.00159439,0.00159435,0.00159804,0.00159642,0.00159566,0.00159971,0.00159946,0.00159703,0.00159895,0.00160041,0.00159946,0.00160158,0.00160208,0.00160012,0.00160345,0.00160314,0.00160158,0.00160107,0.00160299,0.00160527,0.0016039,0.00160451,0.0016069,0.00160567,0.00160755,0.00160624,0.00160796]},"J":{"unit":"A\/cm2","value":[-0.0500447,-0.0507984,-0.0469597,-0.0419754,-0.0372676,-0.0324418,-0.027596,-0.0228317,-0.0182416,-0.013768,-0.00965838,-0.00578068,-0.0021597,0.00118821,0.00416892,0.00681177,0.00904598,0.0108712,0.01236,0.0133848,0.0142402,0.0148971,0.0153474,0.015718,0.0159857,0.0161908,0.0163255,0.0164915,0.0165767,0.0166376,0.016718,0.0167983,0.0168406,0.016873,0.0169099,0.0169434,0.0169549,0.0169841,0.0170264,0.0169967,0.0170472,0.0170858,0.0170913,0.0171347,0.0171441,0.0171138,0.0171632,0.0171715,0.017165,0.01716,0.0171759,0.0172287,0.0172006,0.017221,0.0172215,0.017244,0.0172507,0.0172419,0.017253,0.0172436,0.0172738,0.0172771,0.0172677,0.017292,0.0172721,0.0172826,0.0173211,0.0173122,0.0173239,0.0173276,0.017293,0.0172957,0.0173568,0.0173304,0.0173299,0.0173701,0.0173524,0.0173441,0.0173882,0.0173854,0.017359,0.0173799,0.0173958,0.0173854,0.0174084,0.0174139,0.0173926,0.0174288,0.0174254,0.0174084,0.0174029,0.0174238,0.0174486,0.0174337,0.0174403,0.0174663,0.017453,0.0174734,0.0174591,0.0174778]},"pv_cell_parameters":{"voc":{"unit":"V","value":1.09},"isc":{"unit":"mA","value":1.6},"jsc":{"unit":"mA\/cm2","value":17.36},"vopt":{"unit":"mV","value":928.3000000000001},"iopt":{"unit":"mA","value":1.45},"pmax":{"unit":"W","value":0.00134},"fill_factor":{"unit":"%","value":77.12},"efficiency":{"unit":"%","value":14.59},"cell_dimension":{"unit":"cm2","value":0.092},"irradiance":{"unit":"mW\/cm2","value":100}},"calculations":{"fitted_isc":{"unit":"mA","value":1.6},"fitted_voc":{"unit":"V","value":1.09},"rshunt":{"unit":"Kohm","value":30.34},"rseries":{"unit":"ohm","value":53.95}},"measurement_conditions":{"sweep_direction":{"unit":"","value":"Reverse"},"nplc":{"unit":"","value":0.1},"voltage_settling_time":{"unit":"s","value":0.01},"configuration_file":{"unit":"","value":"Configuration for I-V meas_R.conf"},"sample_id":{"unit":"","value":"9-4"},"note":{"unit":"","value":"\uc2dc\ub8cc\uc5d0 \uad00\ud55c \ubd80\uac00\uc801\uc778 \uc124\uba85\uc744 \uc774\uacf3\uc5d0 \uc801\uc73c\uc138\uc694. ^^"}},"key":"9-4_20221021","sweep_direction":{"unit":"","value":"Reverse"},"jsc":{"unit":"mA\/cm2","value":17.36},"voc":{"unit":"V","value":1.09},"efficiency":{"unit":"%","value":14.59},"fill_factor":{"unit":"%","value":77.12},"cell_dimension":{"unit":"cm2","value":0.092}},{"V":{"unit":"V","value":[1.3,1.28385,1.2677,1.2515,1.23535,1.2192,1.20305,1.18685,1.1707,1.15455,1.1384,1.1222,1.10605,1.0899,1.07375,1.0576,1.0414,1.02525,1.0091,0.99295,0.97675,0.9606,0.94445,0.9283,0.9121,0.89595,0.8798,0.86365,0.8475,0.8313,0.81515,0.799,0.78285,0.76665,0.7505,0.73435,0.7182,0.702,0.68585,0.6697,0.65355,0.63735,0.6212,0.60505,0.5889,0.57275,0.55655,0.5404,0.52425,0.5081,0.4919,0.47575,0.4596,0.44345,0.42725,0.4111,0.39495,0.3788,0.36265,0.34645,0.3303,0.31415,0.298,0.2818,0.26565,0.2495,0.23335,0.21715,0.201,0.18485,0.1687,0.15255,0.13635,0.1202,0.10405,0.0879,0.0717,0.05555,0.0394,0.02325,0.00705,-0.0091,-0.02525,-0.0414,-0.0576,-0.07375,-0.0899,-0.10605,-0.1222,-0.1384,-0.15455,-0.1707,-0.18685,-0.20305,-0.2192,-0.23535,-0.2515,-0.2677,-0.28385,-0.3]},"I":{"unit":"A","value":[-0.0055044,-0.00557196,-0.00505803,-0.00449702,-0.00393802,-0.00339557,-0.00287031,-0.00236259,-0.00187679,-0.00141551,-0.000981778,-0.000575215,-0.000202134,0.000135615,0.000430897,0.000686362,0.000899404,0.00106899,0.00120263,0.00129397,0.00136736,0.00141996,0.00146128,0.00148889,0.00150438,0.00152294,0.00153326,0.001542,0.00154904,0.00155567,0.00155985,0.00156219,0.00156669,0.00156735,0.00156957,0.00157356,0.00157189,0.00157559,0.00157548,0.00157417,0.00157377,0.00157407,0.00157614,0.00157554,0.00157464,0.0015765,0.0015762,0.00157675,0.00157624,0.00157483,0.00157554,0.0015765,0.00157443,0.00157741,0.00157817,0.0015754,0.00157772,0.00157994,0.00157766,0.00157544,0.00157706,0.00157696,0.0015762,0.00157812,0.00157802,0.00157565,0.00157867,0.00157736,0.00157797,0.00157777,0.00157928,0.00157766,0.0015761,0.00158106,0.00157899,0.00157701,0.00157998,0.00157797,0.00157781,0.00157751,0.00157923,0.00157701,0.00157781,0.00157857,0.00157747,0.0015799,0.00158024,0.00157756,0.00158146,0.00157939,0.00157928,0.00157823,0.00157857,0.00157969,0.00157903,0.00157781,0.00157918,0.00157787,0.00157998,0.00158085]},"J":{"unit":"A\/cm2","value":[-0.0598304,-0.0605648,-0.0549786,-0.0488807,-0.0428046,-0.0369084,-0.031199,-0.0256804,-0.0203998,-0.0153859,-0.0106715,-0.00625233,-0.00219711,0.00147408,0.00468366,0.00746046,0.00977613,0.0116195,0.013072,0.0140649,0.0148626,0.0154344,0.0158835,0.0161836,0.0163519,0.0165537,0.0166658,0.0167609,0.0168373,0.0169094,0.0169549,0.0169804,0.0170293,0.0170364,0.0170605,0.0171039,0.0170858,0.017126,0.0171248,0.0171106,0.0171062,0.0171094,0.017132,0.0171255,0.0171156,0.0171358,0.0171326,0.0171386,0.0171331,0.0171177,0.0171255,0.0171358,0.0171133,0.0171457,0.017154,0.0171239,0.0171491,0.0171733,0.0171485,0.0171243,0.017142,0.0171409,0.0171326,0.0171535,0.0171524,0.0171266,0.0171595,0.0171452,0.0171519,0.0171496,0.0171661,0.0171485,0.0171315,0.0171854,0.0171629,0.0171414,0.0171737,0.0171519,0.0171501,0.0171469,0.0171655,0.0171414,0.0171501,0.0171584,0.0171464,0.0171728,0.0171765,0.0171473,0.0171898,0.0171673,0.0171661,0.0171546,0.0171584,0.0171705,0.0171634,0.0171501,0.017165,0.0171507,0.0171737,0.0171831]},"pv_cell_parameters":{"voc":{"unit":"V","value":1.09},"isc":{"unit":"mA","value":1.58},"jsc":{"unit":"mA\/cm2","value":17.17},"vopt":{"unit":"mV","value":928.3000000000001},"iopt":{"unit":"mA","value":1.49},"pmax":{"unit":"W","value":0.00138},"fill_factor":{"unit":"%","value":80.3},"efficiency":{"unit":"%","value":15.02},"cell_dimension":{"unit":"cm2","value":0.092},"irradiance":{"unit":"mW\/cm2","value":100}},"calculations":{"fitted_isc":{"unit":"mA","value":1.58},"fitted_voc":{"unit":"V","value":1.09},"rshunt":{"unit":"Kohm","value":68.67},"rseries":{"unit":"ohm","value":49.01}},"measurement_conditions":{"sweep_direction":{"unit":"","value":"Reverse"},"nplc":{"unit":"","value":0.1},"voltage_settling_time":{"unit":"s","value":0.01},"configuration_file":{"unit":"","value":"Configuration for I-V meas_R.conf"},"sample_id":{"unit":"","value":"9-3"},"note":{"unit":"","value":"\uc2dc\ub8cc\uc5d0 \uad00\ud55c \ubd80\uac00\uc801\uc778 \uc124\uba85\uc744 \uc774\uacf3\uc5d0 \uc801\uc73c\uc138\uc694. ^^"}},"key":"9-3_20221021","sweep_direction":{"unit":"","value":"Reverse"},"jsc":{"unit":"mA\/cm2","value":17.17},"voc":{"unit":"V","value":1.09},"efficiency":{"unit":"%","value":15.02},"fill_factor":{"unit":"%","value":80.3},"cell_dimension":{"unit":"cm2","value":0.092}},{"V":{"unit":"V","value":[1.3,1.28385,1.2677,1.2515,1.23535,1.2192,1.20305,1.18685,1.1707,1.15455,1.1384,1.1222,1.10605,1.0899,1.07375,1.0576,1.0414,1.02525,1.0091,0.99295,0.97675,0.9606,0.94445,0.9283,0.9121,0.89595,0.8798,0.86365,0.8475,0.8313,0.81515,0.799,0.78285,0.76665,0.7505,0.73435,0.7182,0.702,0.68585,0.6697,0.65355,0.63735,0.6212,0.60505,0.5889,0.57275,0.55655,0.5404,0.52425,0.5081,0.4919,0.47575,0.4596,0.44345,0.42725,0.4111,0.39495,0.3788,0.36265,0.34645,0.3303,0.31415,0.298,0.2818,0.26565,0.2495,0.23335,0.21715,0.201,0.18485,0.1687,0.15255,0.13635,0.1202,0.10405,0.0879,0.0717,0.05555,0.0394,0.02325,0.00705,-0.0091,-0.02525,-0.0414,-0.0576,-0.07375,-0.0899,-0.10605,-0.1222,-0.1384,-0.15455,-0.1707,-0.18685,-0.20305,-0.2192,-0.23535,-0.2515,-0.2677,-0.28385,-0.3]},"I":{"unit":"A","value":[-0.00695077,-0.00722639,-0.00656144,-0.00577796,-0.00499548,-0.00424087,-0.00351745,-0.00283511,-0.00219893,-0.00160839,-0.00106765,-0.000575215,-0.000139222,0.000237182,0.000553504,0.000812158,0.00101371,0.00116934,0.00128341,0.00135694,0.00141506,0.00145851,0.00148758,0.00150473,0.00152305,0.00153391,0.00153872,0.00154802,0.00155279,0.0015543,0.00155905,0.00156219,0.00156391,0.00156371,0.00156847,0.00156614,0.00156796,0.00156999,0.00157039,0.0015709,0.00157155,0.00157286,0.00157094,0.0015714,0.00157312,0.00157291,0.00157383,0.0015754,0.00157569,0.00157417,0.0015763,0.00157423,0.00157601,0.00157812,0.00157493,0.00157701,0.00157808,0.00157575,0.00157726,0.00157767,0.00157812,0.00157569,0.00157721,0.00157726,0.00157681,0.0015799,0.00157732,0.00157706,0.00157964,0.00157696,0.00157863,0.0015765,0.00157964,0.00157717,0.00157681,0.00158152,0.00157873,0.00157833,0.00158045,0.00157924,0.00157802,0.0015796,0.0015811,0.00157742,0.00158051,0.00158055,0.00157918,0.00157884,0.00158095,0.00157909,0.00157793,0.00158015,0.00157863,0.00158081,0.00157994,0.00157964,0.00158121,0.0015803,0.00157782,0.00157888]},"J":{"unit":"A\/cm2","value":[-0.0755518,-0.0785477,-0.07132,-0.0628039,-0.0542987,-0.0460964,-0.0382331,-0.0308164,-0.0239015,-0.0174825,-0.0116049,-0.00625233,-0.00151328,0.00257806,0.00601634,0.0088278,0.0110186,0.0127102,0.0139501,0.0147494,0.0153811,0.0158534,0.0161694,0.0163558,0.0165549,0.0166729,0.0167253,0.0168263,0.0168782,0.0168945,0.0169462,0.0169804,0.016999,0.0169969,0.0170485,0.0170233,0.017043,0.0170651,0.0170694,0.0170749,0.0170821,0.0170963,0.0170754,0.0170805,0.0170991,0.0170968,0.0171069,0.0171239,0.0171271,0.0171106,0.0171337,0.0171112,0.0171305,0.0171535,0.0171188,0.0171414,0.017153,0.0171278,0.0171441,0.0171486,0.0171535,0.0171271,0.0171436,0.0171441,0.0171393,0.0171728,0.0171448,0.017142,0.01717,0.0171409,0.017159,0.0171358,0.01717,0.0171431,0.0171393,0.0171904,0.0171601,0.0171558,0.0171788,0.0171657,0.0171524,0.0171695,0.0171859,0.0171459,0.0171794,0.0171799,0.017165,0.0171613,0.0171843,0.017164,0.0171514,0.0171755,0.017159,0.0171827,0.0171733,0.01717,0.017187,0.0171772,0.0171503,0.0171618]},"pv_cell_parameters":{"voc":{"unit":"V","value":1.11},"isc":{"unit":"mA","value":1.58},"jsc":{"unit":"mA\/cm2","value":17.15},"vopt":{"unit":"mV","value":944.45},"iopt":{"unit":"mA","value":1.49},"pmax":{"unit":"W","value":0.0014},"fill_factor":{"unit":"%","value":80.5},"efficiency":{"unit":"%","value":15.27},"cell_dimension":{"unit":"cm2","value":0.092},"irradiance":{"unit":"mW\/cm2","value":100}},"calculations":{"fitted_isc":{"unit":"mA","value":1.58},"fitted_voc":{"unit":"V","value":1.09},"rshunt":{"unit":"Kohm","value":202.87},"rseries":{"unit":"ohm","value":37.62}},"measurement_conditions":{"sweep_direction":{"unit":"","value":"Reverse"},"nplc":{"unit":"","value":0.1},"voltage_settling_time":{"unit":"s","value":0.01},"configuration_file":{"unit":"","value":"Configuration for I-V meas_R.conf"},"sample_id":{"unit":"","value":"9-2"},"note":{"unit":"","value":"\uc2dc\ub8cc\uc5d0 \uad00\ud55c \ubd80\uac00\uc801\uc778 \uc124\uba85\uc744 \uc774\uacf3\uc5d0 \uc801\uc73c\uc138\uc694. ^^"}},"key":"9-2_20221021","sweep_direction":{"unit":"","value":"Reverse"},"jsc":{"unit":"mA\/cm2","value":17.15},"voc":{"unit":"V","value":1.11},"efficiency":{"unit":"%","value":15.27},"fill_factor":{"unit":"%","value":80.5},"cell_dimension":{"unit":"cm2","value":0.092}},{"V":{"unit":"V","value":[1.3,1.28385,1.2677,1.2515,1.23535,1.2192,1.20305,1.18685,1.1707,1.15455,1.1384,1.1222,1.10605,1.0899,1.07375,1.0576,1.0414,1.02525,1.0091,0.99295,0.97675,0.9606,0.94445,0.9283,0.9121,0.89595,0.8798,0.86365,0.8475,0.8313,0.81515,0.799,0.78285,0.76665,0.7505,0.73435,0.7182,0.702,0.68585,0.6697,0.65355,0.63735,0.6212,0.60505,0.5889,0.57275,0.55655,0.5404,0.52425,0.5081,0.4919,0.47575,0.4596,0.44345,0.42725,0.4111,0.39495,0.3788,0.36265,0.34645,0.3303,0.31415,0.298,0.2818,0.26565,0.2495,0.23335,0.21715,0.201,0.18485,0.1687,0.15255,0.13635,0.1202,0.10405,0.0879,0.0717,0.05555,0.0394,0.02325,0.00705,-0.0091,-0.02525,-0.0414,-0.0576,-0.07375,-0.0899,-0.10605,-0.1222,-0.1384,-0.15455,-0.1707,-0.18685,-0.20305,-0.2192,-0.23535,-0.2515,-0.2677,-0.28385,-0.3]},"I":{"unit":"A","value":[-0.00508958,-0.00536673,-0.00492208,-0.00434361,-0.00375135,-0.00317112,-0.00261298,-0.00207725,-0.00157034,-0.00109586,-0.000658497,-0.000259072,9.799e-5,0.000406116,0.000667051,0.000884339,0.00105666,0.00118811,0.0012878,0.00135305,0.00140494,0.00144409,0.00147302,0.00149259,0.00150953,0.00152005,0.00152774,0.00153477,0.00153989,0.00154272,0.00154525,0.00154737,0.00154859,0.00155269,0.001554,0.00155193,0.00155486,0.00155596,0.00155546,0.00155461,0.00155638,0.00155713,0.00155643,0.0015581,0.00155613,0.00155769,0.00155905,0.00155687,0.00155835,0.00155951,0.00156042,0.00155854,0.00155754,0.00156209,0.00155865,0.00155789,0.00156133,0.00155835,0.00155871,0.00155875,0.00156052,0.00156078,0.00156148,0.00156128,0.00156017,0.00156198,0.00156057,0.00156023,0.00156356,0.00156082,0.00156239,0.00156118,0.00156154,0.00156325,0.0015631,0.00156198,0.00156179,0.00156441,0.00156306,0.00156088,0.00156067,0.00156356,0.00156259,0.0015628,0.00156447,0.00156331,0.00156245,0.00156416,0.00156507,0.00156315,0.00156274,0.00156659,0.00156477,0.00156431,0.00156583,0.0015634,0.00156549,0.00156765,0.00156331,0.001563]},"J":{"unit":"A\/cm2","value":[-0.0553215,-0.058334,-0.0535008,-0.0472132,-0.0407756,-0.0344687,-0.0284019,-0.0225788,-0.017069,-0.0119115,-0.00715758,-0.002816,0.00106511,0.00441431,0.00725055,0.00961238,0.0114854,0.0129143,0.0139979,0.0147071,0.0152711,0.0156966,0.0160111,0.0162238,0.016408,0.0165223,0.0166059,0.0166823,0.0167379,0.0167687,0.0167962,0.0168192,0.0168325,0.016877,0.0168913,0.0168688,0.0169007,0.0169127,0.0169072,0.0168979,0.0169172,0.0169253,0.0169177,0.0169358,0.0169144,0.0169314,0.0169462,0.0169225,0.0169386,0.0169512,0.0169611,0.0169407,0.0169298,0.0169792,0.0169418,0.0169336,0.016971,0.0169386,0.0169425,0.0169429,0.0169622,0.016965,0.0169726,0.0169705,0.0169583,0.0169781,0.0169627,0.016959,0.0169953,0.0169655,0.0169825,0.0169693,0.0169732,0.0169919,0.0169902,0.0169781,0.016976,0.0170045,0.0169898,0.0169661,0.0169638,0.0169953,0.0169847,0.016987,0.0170051,0.0169925,0.0169831,0.0170017,0.0170116,0.0169907,0.0169863,0.0170281,0.0170084,0.0170034,0.0170199,0.0169935,0.0170162,0.0170396,0.0169925,0.0169891]},"pv_cell_parameters":{"voc":{"unit":"V","value":1.11},"isc":{"unit":"mA","value":1.5600000000000003},"jsc":{"unit":"mA\/cm2","value":16.960000000000004},"vopt":{"unit":"mV","value":944.45},"iopt":{"unit":"mA","value":1.47},"pmax":{"unit":"W","value":0.00139},"fill_factor":{"unit":"%","value":80.59},"efficiency":{"unit":"%","value":15.12},"cell_dimension":{"unit":"cm2","value":0.092},"irradiance":{"unit":"mW\/cm2","value":100}},"calculations":{"fitted_isc":{"unit":"mA","value":1.5600000000000003},"fitted_voc":{"unit":"V","value":1.1},"rshunt":{"unit":"Kohm","value":69.46000000000001},"rseries":{"unit":"ohm","value":46.17}},"measurement_conditions":{"sweep_direction":{"unit":"","value":"Reverse"},"nplc":{"unit":"","value":0.1},"voltage_settling_time":{"unit":"s","value":0.01},"configuration_file":{"unit":"","value":"Configuration for I-V meas_R.conf"},"sample_id":{"unit":"","value":"9-1"},"note":{"unit":"","value":"\uc2dc\ub8cc\uc5d0 \uad00\ud55c \ubd80\uac00\uc801\uc778 \uc124\uba85\uc744 \uc774\uacf3\uc5d0 \uc801\uc73c\uc138\uc694. ^^"}},"key":"9-1_20221021","sweep_direction":{"unit":"","value":"Reverse"},"jsc":{"unit":"mA\/cm2","value":16.960000000000004},"voc":{"unit":"V","value":1.11},"efficiency":{"unit":"%","value":15.12},"fill_factor":{"unit":"%","value":80.59},"cell_dimension":{"unit":"cm2","value":0.092}},{"V":{"unit":"V","value":[1.3,1.28385,1.2677,1.2515,1.23535,1.2192,1.20305,1.18685,1.1707,1.15455,1.1384,1.1222,1.10605,1.0899,1.07375,1.0576,1.0414,1.02525,1.0091,0.99295,0.97675,0.9606,0.94445,0.9283,0.9121,0.89595,0.8798,0.86365,0.8475,0.8313,0.81515,0.799,0.78285,0.76665,0.7505,0.73435,0.7182,0.702,0.68585,0.6697,0.65355,0.63735,0.6212,0.60505,0.5889,0.57275,0.55655,0.5404,0.52425,0.5081,0.4919,0.47575,0.4596,0.44345,0.42725,0.4111,0.39495,0.3788,0.36265,0.34645,0.3303,0.31415,0.298,0.2818,0.26565,0.2495,0.23335,0.21715,0.201,0.18485,0.1687,0.15255,0.13635,0.1202,0.10405,0.0879,0.0717,0.05555,0.0394,0.02325,0.00705,-0.0091,-0.02525,-0.0414,-0.0576,-0.07375,-0.0899,-0.10605,-0.1222,-0.1384,-0.15455,-0.1707,-0.18685,-0.20305,-0.2192,-0.23535,-0.2515,-0.2677,-0.28385,-0.3]},"I":{"unit":"A","value":[-0.00713281,-0.00715668,-0.00654291,-0.00587842,-0.0052246,-0.00458489,-0.00397432,-0.00338185,-0.00281416,-0.00227636,-0.00176333,-0.00127748,-0.000827163,-0.000414133,-4.22597e-5,0.000283912,0.000563621,0.000797689,0.000984639,0.00112459,0.00123732,0.00132847,0.00139482,0.00144157,0.00148384,0.00151046,0.00153033,0.00155127,0.0015623,0.00157094,0.00158384,0.00159173,0.00160033,0.00160645,0.00161201,0.00161418,0.00161853,0.00162233,0.00162061,0.00162253,0.00162502,0.00162455,0.00162552,0.00162652,0.00162937,0.00162749,0.00162734,0.00162774,0.00162865,0.00162688,0.00163053,0.00162607,0.0016288,0.00162992,0.00162815,0.00162937,0.00162926,0.00162977,0.00163002,0.00163068,0.00163098,0.00162911,0.00162946,0.00163098,0.00162952,0.0016322,0.00162844,0.00162956,0.00163203,0.00162996,0.00162977,0.00162794,0.00163113,0.00163087,0.00162865,0.00163239,0.0016292,0.00163169,0.00163245,0.00163129,0.00163083,0.00163311,0.00163062,0.00163022,0.00163229,0.00163387,0.00162794,0.00163195,0.00163381,0.00163022,0.00163133,0.00163351,0.00163189,0.0016325,0.00163245,0.00163195,0.00163174,0.00163442,0.00163129,0.00163007]},"J":{"unit":"A\/cm2","value":[-0.0775305,-0.07779,-0.0711185,-0.0638959,-0.0567891,-0.0498358,-0.0431991,-0.0367592,-0.0305887,-0.0247431,-0.0191666,-0.0138856,-0.00899091,-0.00450145,-0.000459344,0.003086,0.00612632,0.00867053,0.0107026,0.0122238,0.0134491,0.0144399,0.0151611,0.0156692,0.0161287,0.016418,0.0166341,0.0168616,0.0169815,0.0170754,0.0172157,0.0173014,0.0173948,0.0174614,0.0175218,0.0175455,0.0175928,0.0176341,0.0176153,0.0176362,0.0176632,0.0176582,0.0176687,0.0176796,0.0177105,0.0176901,0.0176885,0.0176929,0.0177027,0.0176835,0.0177232,0.0176747,0.0177044,0.0177165,0.0176972,0.0177105,0.0177094,0.0177149,0.0177176,0.0177248,0.017728,0.0177078,0.0177115,0.017728,0.0177121,0.0177413,0.0177005,0.0177126,0.0177395,0.017717,0.0177149,0.017695,0.0177296,0.0177269,0.0177027,0.0177434,0.0177087,0.0177358,0.017744,0.0177314,0.0177264,0.0177512,0.0177241,0.0177197,0.0177423,0.0177594,0.017695,0.0177385,0.0177588,0.0177197,0.0177319,0.0177555,0.0177379,0.0177445,0.017744,0.0177385,0.0177363,0.0177654,0.0177314,0.0177181]},"pv_cell_parameters":{"voc":{"unit":"V","value":1.07},"isc":{"unit":"mA","value":1.63},"jsc":{"unit":"mA\/cm2","value":17.73},"vopt":{"unit":"mV","value":912.1},"iopt":{"unit":"mA","value":1.48},"pmax":{"unit":"W","value":0.00135},"fill_factor":{"unit":"%","value":77.29},"efficiency":{"unit":"%","value":14.71},"cell_dimension":{"unit":"cm2","value":0.092},"irradiance":{"unit":"mW\/cm2","value":100}},"calculations":{"fitted_isc":{"unit":"mA","value":1.63},"fitted_voc":{"unit":"V","value":1.06},"rshunt":{"unit":"Kohm","value":0.00346},"rseries":{"unit":"ohm","value":44.31}},"measurement_conditions":{"sweep_direction":{"unit":"","value":"Reverse"},"nplc":{"unit":"","value":0.1},"voltage_settling_time":{"unit":"s","value":0.01},"configuration_file":{"unit":"","value":"Configuration for I-V meas_R.conf"},"sample_id":{"unit":"","value":"11-4"},"note":{"unit":"","value":"\uc2dc\ub8cc\uc5d0 \uad00\ud55c \ubd80\uac00\uc801\uc778 \uc124\uba85\uc744 \uc774\uacf3\uc5d0 \uc801\uc73c\uc138\uc694. ^^"}},"key":"11-4_20221021","sweep_direction":{"unit":"","value":"Reverse"},"jsc":{"unit":"mA\/cm2","value":17.73},"voc":{"unit":"V","value":1.07},"efficiency":{"unit":"%","value":14.71},"fill_factor":{"unit":"%","value":77.29},"cell_dimension":{"unit":"cm2","value":0.092}},{"V":{"unit":"V","value":[1.3,1.28385,1.2677,1.2515,1.23535,1.2192,1.20305,1.18685,1.1707,1.15455,1.1384,1.1222,1.10605,1.0899,1.07375,1.0576,1.0414,1.02525,1.0091,0.99295,0.97675,0.9606,0.94445,0.9283,0.9121,0.89595,0.8798,0.86365,0.8475,0.8313,0.81515,0.799,0.78285,0.76665,0.7505,0.73435,0.7182,0.702,0.68585,0.6697,0.65355,0.63735,0.6212,0.60505,0.5889,0.57275,0.55655,0.5404,0.52425,0.5081,0.4919,0.47575,0.4596,0.44345,0.42725,0.4111,0.39495,0.3788,0.36265,0.34645,0.3303,0.31415,0.298,0.2818,0.26565,0.2495,0.23335,0.21715,0.201,0.18485,0.1687,0.15255,0.13635,0.1202,0.10405,0.0879,0.0717,0.05555,0.0394,0.02325,0.00705,-0.0091,-0.02525,-0.0414,-0.0576,-0.07375,-0.0899,-0.10605,-0.1222,-0.1384,-0.15455,-0.1707,-0.18685,-0.20305,-0.2192,-0.23535,-0.2515,-0.2677,-0.28385,-0.3]},"I":{"unit":"A","value":[-0.00630431,-0.00642158,-0.00588687,-0.00527477,-0.00466242,-0.00406981,-0.00350444,-0.00296265,-0.00244756,-0.0019626,-0.00151078,-0.00108874,-0.000700891,-0.000348598,-3.22014e-5,0.000248596,0.000493661,0.000702903,0.000874966,0.00102206,0.00114319,0.00124182,0.00131774,0.00137782,0.00142375,0.00145991,0.00148581,0.00150751,0.00151969,0.00153159,0.00154498,0.0015547,0.00155899,0.00156765,0.0015731,0.00157234,0.00158049,0.00158252,0.00158155,0.00158337,0.00158626,0.0015863,0.00158671,0.00159061,0.00158812,0.00158894,0.00159243,0.00158975,0.00158954,0.00159004,0.00159288,0.00159045,0.00159131,0.00159475,0.00159353,0.0015907,0.00159562,0.00159283,0.00159146,0.00159501,0.00159268,0.00159587,0.00159556,0.00159571,0.00159471,0.00159587,0.00159501,0.00159515,0.00159809,0.00159849,0.00159682,0.00159647,0.00159743,0.00159657,0.00159971,0.00159621,0.00159657,0.001599,0.00159875,0.00159885,0.00159647,0.00159997,0.00159976,0.00159875,0.00159951,0.0015998,0.00159881,0.00160067,0.00160027,0.00159784,0.00159971,0.00160138,0.00159779,0.00160006,0.00160183,0.00159986,0.00159875,0.00160238,0.00160047,0.00159965]},"J":{"unit":"A\/cm2","value":[-0.0685251,-0.0697998,-0.0639877,-0.0573345,-0.0506785,-0.044237,-0.0380917,-0.0322027,-0.0266039,-0.0213326,-0.0164216,-0.0118341,-0.00761838,-0.00378911,-0.000350015,0.00270213,0.00536588,0.00764025,0.0095105,0.0111093,0.0124259,0.013498,0.0143233,0.0149763,0.0154755,0.0158686,0.0161501,0.0163859,0.0165184,0.0166477,0.0167933,0.0168989,0.0169455,0.0170396,0.0170989,0.0170907,0.0171793,0.0172013,0.0171908,0.0172105,0.0172419,0.0172424,0.0172468,0.0172892,0.0172622,0.0172711,0.017309,0.0172798,0.0172776,0.0172831,0.0173139,0.0172875,0.0172968,0.0173343,0.017321,0.0172902,0.0173437,0.0173134,0.0172985,0.017337,0.0173118,0.0173464,0.017343,0.0173446,0.0173338,0.0173464,0.017337,0.0173386,0.0173705,0.0173749,0.0173568,0.0173529,0.0173634,0.017354,0.0173882,0.0173501,0.017354,0.0173804,0.0173777,0.0173788,0.0173529,0.0173909,0.0173887,0.0173777,0.0173859,0.0173892,0.0173783,0.0173986,0.0173942,0.0173678,0.0173882,0.0174063,0.0173673,0.0173919,0.0174112,0.0173898,0.0173777,0.0174172,0.0173965,0.0173876]},"pv_cell_parameters":{"voc":{"unit":"V","value":1.07},"isc":{"unit":"mA","value":1.6},"jsc":{"unit":"mA\/cm2","value":17.35},"vopt":{"unit":"mV","value":895.95},"iopt":{"unit":"mA","value":1.46},"pmax":{"unit":"W","value":0.0013100000000000002},"fill_factor":{"unit":"%","value":76.3},"efficiency":{"unit":"%","value":14.22},"cell_dimension":{"unit":"cm2","value":0.092},"irradiance":{"unit":"mW\/cm2","value":100}},"calculations":{"fitted_isc":{"unit":"mA","value":1.6},"fitted_voc":{"unit":"V","value":1.06},"rshunt":{"unit":"Kohm","value":137.14000000000001},"rseries":{"unit":"ohm","value":51.17}},"measurement_conditions":{"sweep_direction":{"unit":"","value":"Reverse"},"nplc":{"unit":"","value":0.1},"voltage_settling_time":{"unit":"s","value":0.01},"configuration_file":{"unit":"","value":"Configuration for I-V meas_R.conf"},"sample_id":{"unit":"","value":"11-3"},"note":{"unit":"","value":"\uc2dc\ub8cc\uc5d0 \uad00\ud55c \ubd80\uac00\uc801\uc778 \uc124\uba85\uc744 \uc774\uacf3\uc5d0 \uc801\uc73c\uc138\uc694. ^^"}},"key":"11-3_20221021","sweep_direction":{"unit":"","value":"Reverse"},"jsc":{"unit":"mA\/cm2","value":17.35},"voc":{"unit":"V","value":1.07},"efficiency":{"unit":"%","value":14.22},"fill_factor":{"unit":"%","value":76.3},"cell_dimension":{"unit":"cm2","value":0.092}},{"V":{"unit":"V","value":[1.3,1.28385,1.2677,1.2515,1.23535,1.2192,1.20305,1.18685,1.1707,1.15455,1.1384,1.1222,1.10605,1.0899,1.07375,1.0576,1.0414,1.02525,1.0091,0.99295,0.97675,0.9606,0.94445,0.9283,0.9121,0.89595,0.8798,0.86365,0.8475,0.8313,0.81515,0.799,0.78285,0.76665,0.7505,0.73435,0.7182,0.702,0.68585,0.6697,0.65355,0.63735,0.6212,0.60505,0.5889,0.57275,0.55655,0.5404,0.52425,0.5081,0.4919,0.47575,0.4596,0.44345,0.42725,0.4111,0.39495,0.3788,0.36265,0.34645,0.3303,0.31415,0.298,0.2818,0.26565,0.2495,0.23335,0.21715,0.201,0.18485,0.1687,0.15255,0.13635,0.1202,0.10405,0.0879,0.0717,0.05555,0.0394,0.02325,0.00705,-0.0091,-0.02525,-0.0414,-0.0576,-0.07375,-0.0899,-0.10605,-0.1222,-0.1384,-0.15455,-0.1707,-0.18685,-0.20305,-0.2192,-0.23535,-0.2515,-0.2677,-0.28385,-0.3]},"I":{"unit":"A","value":[-0.0058195,-0.00632176,-0.00589249,-0.00533137,-0.00475989,-0.00418724,-0.00364372,-0.00312221,-0.00263938,-0.00222068,-0.00180441,-0.00141312,-0.00104292,-0.000712365,-0.000430167,-0.000166282,4.03225e-5,0.000224978,0.000388712,0.000514746,0.000627533,0.000728741,0.000814423,0.000881031,0.000935614,0.000977129,0.00102079,0.00105508,0.00107884,0.00110246,0.00112316,0.00114435,0.00116357,0.00117196,0.00118951,0.00120808,0.00121495,0.00122912,0.00123939,0.00124712,0.00126022,0.00126311,0.00127874,0.00128734,0.0012937,0.001306,0.00131297,0.00132355,0.00133185,0.00133832,0.0013458,0.00135289,0.00136107,0.00137119,0.00138029,0.00138505,0.00139491,0.00140533,0.00140993,0.00141838,0.00142658,0.0014379,0.00144474,0.00145233,0.00146067,0.00146876,0.00147554,0.00148323,0.00148925,0.00149658,0.00150628,0.0015123,0.00151752,0.00152865,0.0015341,0.00153983,0.00155085,0.00155899,0.00156385,0.00157063,0.00158034,0.0015863,0.00159313,0.00160234,0.00160815,0.00161767,0.00162318,0.00163203,0.00164114,0.00164781,0.00165616,0.00166085,0.00166976,0.00168012,0.00168645,0.00169444,0.00170526,0.00171153,0.00172196,0.00173081]},"J":{"unit":"A\/cm2","value":[-0.0632554,-0.0687148,-0.0640488,-0.0579496,-0.051738,-0.0455135,-0.0396057,-0.0339371,-0.0286889,-0.0241378,-0.0196132,-0.01536,-0.0113361,-0.0077431,-0.00467573,-0.00180741,0.000438288,0.00244541,0.00422513,0.00559506,0.00682101,0.0079211,0.00885242,0.00957643,0.0101697,0.010621,0.0110955,0.0114682,0.0117266,0.0119833,0.0122083,0.0124386,0.0126475,0.0127387,0.0129295,0.0131313,0.013206,0.01336,0.0134716,0.0135557,0.0136981,0.0137295,0.0138994,0.0139928,0.014062,0.0141956,0.0142714,0.0143864,0.0144766,0.0145469,0.0146282,0.0147053,0.0147943,0.0149042,0.0150032,0.0150549,0.0151621,0.0152753,0.0153254,0.0154172,0.0155063,0.0156294,0.0157037,0.0157862,0.0158769,0.0159648,0.0160385,0.0161221,0.0161875,0.0162672,0.0163727,0.0164381,0.0164948,0.0166158,0.016675,0.0167372,0.0168571,0.0169455,0.0169983,0.017072,0.0171776,0.0172424,0.0173166,0.0174167,0.0174799,0.0175834,0.0176433,0.0177395,0.0178385,0.017911,0.0180017,0.0180528,0.0181496,0.0182622,0.018331,0.0184178,0.0185354,0.0186036,0.018717,0.0188132]},"pv_cell_parameters":{"voc":{"unit":"V","value":1.04},"isc":{"unit":"mA","value":1.58},"jsc":{"unit":"mA\/cm2","value":17.18},"vopt":{"unit":"mV","value":831.3},"iopt":{"unit":"mA","value":1.1},"pmax":{"unit":"W","value":0.00091648},"fill_factor":{"unit":"%","value":55.69},"efficiency":{"unit":"%","value":9.96},"cell_dimension":{"unit":"cm2","value":0.092},"irradiance":{"unit":"mW\/cm2","value":100}},"calculations":{"fitted_isc":{"unit":"mA","value":1.58},"fitted_voc":{"unit":"V","value":1.04},"rshunt":{"unit":"Kohm","value":2.12},"rseries":{"unit":"ohm","value":72.17}},"measurement_conditions":{"sweep_direction":{"unit":"","value":"Reverse"},"nplc":{"unit":"","value":0.1},"voltage_settling_time":{"unit":"s","value":0.01},"configuration_file":{"unit":"","value":"Configuration for I-V meas_R.conf"},"sample_id":{"unit":"","value":"11-2"},"note":{"unit":"","value":"\uc2dc\ub8cc\uc5d0 \uad00\ud55c \ubd80\uac00\uc801\uc778 \uc124\uba85\uc744 \uc774\uacf3\uc5d0 \uc801\uc73c\uc138\uc694. ^^"}},"key":"11-2_20221021","sweep_direction":{"unit":"","value":"Reverse"},"jsc":{"unit":"mA\/cm2","value":17.18},"voc":{"unit":"V","value":1.04},"efficiency":{"unit":"%","value":9.96},"fill_factor":{"unit":"%","value":55.69},"cell_dimension":{"unit":"cm2","value":0.092}},{"V":{"unit":"V","value":[1.3,1.28385,1.2677,1.2515,1.23535,1.2192,1.20305,1.18685,1.1707,1.15455,1.1384,1.1222,1.10605,1.0899,1.07375,1.0576,1.0414,1.02525,1.0091,0.99295,0.97675,0.9606,0.94445,0.9283,0.9121,0.89595,0.8798,0.86365,0.8475,0.8313,0.81515,0.799,0.78285,0.76665,0.7505,0.73435,0.7182,0.702,0.68585,0.6697,0.65355,0.63735,0.6212,0.60505,0.5889,0.57275,0.55655,0.5404,0.52425,0.5081,0.4919,0.47575,0.4596,0.44345,0.42725,0.4111,0.39495,0.3788,0.36265,0.34645,0.3303,0.31415,0.298,0.2818,0.26565,0.2495,0.23335,0.21715,0.201,0.18485,0.1687,0.15255,0.13635,0.1202,0.10405,0.0879,0.0717,0.05555,0.0394,0.02325,0.00705,-0.0091,-0.02525,-0.0414,-0.0576,-0.07375,-0.0899,-0.10605,-0.1222,-0.1384,-0.15455,-0.1707,-0.18685,-0.20305,-0.2192,-0.23535,-0.2515,-0.2677,-0.28385,-0.3]},"I":{"unit":"A","value":[-0.00923698,-0.00892701,-0.00861452,-0.00830885,-0.0080132,-0.00772705,-0.00744555,-0.00716274,-0.00688747,-0.00660841,-0.00634699,-0.00608057,-0.00581267,-0.00555955,-0.00531897,-0.00508249,-0.00485825,-0.00463568,-0.00441229,-0.00419109,-0.00398848,-0.00378569,-0.0035976,-0.00340982,-0.00321875,-0.00300892,-0.00280288,-0.00274751,-0.00257798,-0.00249584,-0.00233254,-0.00216788,-0.00201844,-0.00186323,-0.00172217,-0.00157611,-0.00143749,-0.00129689,-0.00117244,-0.0010466,-0.000933275,-0.000817612,-0.000704676,-0.000596851,-0.000495404,-0.000399515,-0.000304639,-0.000216886,-0.000127837,-4.62085e-5,2.98023e-5,0.000109971,0.000182152,0.000256002,0.000315174,0.000384972,0.000449762,0.000509649,0.000570401,0.00062497,0.000677928,0.000732303,0.000781611,0.00083001,0.000879526,0.000924185,0.000966534,0.00101255,0.00105104,0.00108843,0.00112468,0.00116687,0.00120182,0.00123662,0.00126934,0.00130232,0.00133651,0.00136685,0.00139847,0.00142746,0.00145593,0.0014886,0.00151555,0.00154565,0.00157701,0.00160407,0.00163619,0.0016683,0.00169875,0.00173189,0.00176567,0.00180219,0.00183891,0.00187679,0.00191443,0.00195499,0.00200045,0.00204451,0.00208588,0.00213514]},"J":{"unit":"A\/cm2","value":[-0.100402,-0.0970327,-0.0936361,-0.0903136,-0.0871,-0.0839897,-0.0809299,-0.0778559,-0.0748638,-0.0718306,-0.068989,-0.0660931,-0.0631812,-0.0604299,-0.0578149,-0.0552444,-0.0528071,-0.0503878,-0.0479597,-0.0455553,-0.043353,-0.0411487,-0.0391044,-0.0370632,-0.0349865,-0.0327056,-0.0304661,-0.0298642,-0.0280215,-0.0271287,-0.0253537,-0.0235639,-0.0219395,-0.0202525,-0.0187193,-0.0171316,-0.0156248,-0.0140967,-0.0127439,-0.0113761,-0.0101443,-0.00888708,-0.00765952,-0.00648751,-0.00538483,-0.00434255,-0.0033113,-0.00235746,-0.00138953,-0.000502266,0.000323938,0.00119533,0.00197991,0.00278263,0.00342581,0.00418447,0.00488871,0.00553967,0.00620002,0.00679315,0.00736879,0.00795981,0.00849577,0.00902184,0.00956007,0.0100455,0.0105058,0.011006,0.0114243,0.0118307,0.0122248,0.0126833,0.0130633,0.0134415,0.0137972,0.0141556,0.0145273,0.0148571,0.0152008,0.0155158,0.0158254,0.0161804,0.0164734,0.0168006,0.0171414,0.0174355,0.0177847,0.0181337,0.0184646,0.0188249,0.019192,0.019589,0.0199881,0.0203998,0.020809,0.0212499,0.021744,0.022223,0.0226726,0.0232081]},"pv_cell_parameters":{"voc":{"unit":"V","value":0.4919},"isc":{"unit":"mA","value":1.46},"jsc":{"unit":"mA\/cm2","value":15.83},"vopt":{"unit":"mV","value":281.8},"iopt":{"unit":"mA","value":0.8300099999999999},"pmax":{"unit":"W","value":0.0002339},"fill_factor":{"unit":"%","value":32.66},"efficiency":{"unit":"%","value":2.54},"cell_dimension":{"unit":"cm2","value":0.092},"irradiance":{"unit":"mW\/cm2","value":100}},"calculations":{"fitted_isc":{"unit":"mA","value":1.47},"fitted_voc":{"unit":"V","value":0.4959},"rshunt":{"unit":"Kohm","value":0.53146},"rseries":{"unit":"ohm","value":202.94}},"measurement_conditions":{"sweep_direction":{"unit":"","value":"Reverse"},"nplc":{"unit":"","value":0.1},"voltage_settling_time":{"unit":"s","value":0.01},"configuration_file":{"unit":"","value":"Configuration for I-V meas_R.conf"},"sample_id":{"unit":"","value":"11-1"},"note":{"unit":"","value":"\uc2dc\ub8cc\uc5d0 \uad00\ud55c \ubd80\uac00\uc801\uc778 \uc124\uba85\uc744 \uc774\uacf3\uc5d0 \uc801\uc73c\uc138\uc694. ^^"}},"key":"11-1_20221021","sweep_direction":{"unit":"","value":"Reverse"},"jsc":{"unit":"mA\/cm2","value":15.83},"voc":{"unit":"V","value":0.4919},"efficiency":{"unit":"%","value":2.54},"fill_factor":{"unit":"%","value":32.66},"cell_dimension":{"unit":"cm2","value":0.092}}]}}