{"_id":"627cb3b77489323bfd634848","id":"KRICT-SC-00422","author":39,"input":[{"tco":{"unit":"","value":"ITO"}},{"htl":[{"material":{"unit":"","value":"NiO_4PACz"},"concentration":{"unit":"mg\/ml","value":""},"conc_unit":{"unit":"","value":"mg\/ml"},"quantity":{"unit":"ml","value":null}}],"htl_doping":[{"material":{"unit":"","value":"none"},"volume":{"unit":"ul","value":0}},{"material":{"unit":"","value":"none"},"volume":{"unit":"ul","value":0}},{"material":{"unit":"","value":"none"},"volume":{"unit":"ul","value":0}}],"spin_coating":[{"type":{"unit":"","value":null},"rpm":{"unit":"","value":0},"time":{"unit":"","value":null}}]},{"htl_treatment":[{"material":{"value":"none","unit":""},"concentration":{"value":0,"unit":"mg\/ml"},"conc_unit":{"unit":"","value":"mg\/ml"},"quantity":{"unit":"ml","value":null}}],"annealing":[{"temperature":{"value":0,"unit":"oC"},"time":{"value":0,"unit":"time"}}],"spin_coating":[{"type":{"unit":"","value":null},"rpm":{"value":0,"unit":""},"time":{"unit":"","value":null}}]},{"perovskite":{"method":{"unit":"","value":"1step"},"molarity":{"unit":"M","value":1.5},"a_site":[{"material":{"unit":"","value":"MA"},"ratio":{"unit":"%","value":15}},{"material":{"unit":"","value":"FA"},"ratio":{"unit":"%","value":80}},{"material":{"unit":"","value":"Cs"},"ratio":{"unit":"%","value":5}}],"b_site":[{"material":{"unit":"","value":"Pb"},"ratio":{"unit":"%","value":100}},{"material":{"unit":"","value":"Sn"},"ratio":{"unit":"%","value":0}}],"x_site":[{"material":{"unit":"","value":"I"},"ratio":{"unit":"%","value":80}},{"material":{"unit":"","value":"Br"},"ratio":{"unit":"%","value":20}},{"material":{"unit":"","value":"Cl"},"ratio":{"unit":"%","value":0}}],"solvent":[{"material":{"unit":"","value":"DMF"},"volume":{"unit":"ml","value":0.8}},{"material":{"unit":"","value":"DMSO"},"volume":{"unit":"ml","value":0.2}},{"material":{"unit":"","value":"none"},"volume":{"unit":"ml","value":0}}],"antisolvent":[{"material":{"unit":"","value":"none"},"quantity":{"unit":"ul","value":0},"dripping_time":{"unit":"s","value":null}}],"annealing":[{"temperature":{"unit":"oC","value":0},"time":{"unit":"min","value":0}},{"temperature":{"unit":"oC","value":0},"time":{"unit":"min","value":0}}],"spin_coating":[{"type":{"unit":"","value":null},"rpm":{"unit":"","value":0},"time":{"unit":"","value":null}}],"additive":[{"material":{"unit":"","value":"none"},"quantity":{"unit":"mol%","value":0}},{"material":{"unit":"","value":"none"},"quantity":{"unit":"mol%","value":0}},{"material":{"unit":"","value":"none"},"quantity":{"unit":"mol%","value":0}}]}},{"perovskite_treatment":[{"material":{"unit":"","value":"FAI"},"concentration":{"unit":"mg\/ml","value":100},"conc_unit":{"unit":"","value":"mg\/ml"},"quantity":{"unit":"ml","value":null}}],"annealing":[{"temperature":{"unit":"oC","value":100},"time":{"unit":"min","value":10}}],"spin_coating":[{"type":{"unit":"","value":null},"rpm":{"unit":"","value":5000},"time":{"unit":"","value":null}}]},{"etl":[{"material":{"unit":"","value":"C60"},"concentration":{"unit":"","value":""},"conc_unit":{"unit":"","value":"mg\/ml"},"quantity":{"unit":"ml","value":null}}],"annealing":[{"temperature":{"unit":"oC","value":0},"time":{"unit":"min","value":0}}],"spin_coating":[{"type":{"unit":"","value":null},"rpm":{"unit":"","value":0},"time":{"unit":"","value":null}}]},{"etl_treatment":[{"material":{"unit":"","value":"NONE"},"concentration":{"unit":"mg\/ml","value":""},"conc_unit":{"unit":"","value":"mg\/ml"},"quantity":{"unit":"ml","value":null}}],"annealing":[{"temperature":{"unit":"oC","value":0},"time":{"unit":"min","value":0}}],"spin_coating":[{"type":{"unit":"","value":null},"rpm":{"unit":"","value":0},"time":{"unit":"","value":null}}]},{"surface_treatment":{"unit":"","value":"none"}},{"annealing":[{"temperature":{"unit":"oC","value":0},"time":{"unit":"min","value":0}}],"blocking_buffer_layer":[{"material":{"unit":"","value":"BCP"},"concentration":{"unit":"","value":""},"conc_unit":{"unit":"","value":"mg\/ml"},"quantity":{"unit":"ml","value":null}}]},{"surface_treatment":{"unit":"","value":"none"}},{"anode_metal":{"unit":"","value":"Ag"}},{"note":{"unit":"","value":"-"},"ar":{"unit":"","value":0},"type":{"unit":"","value":"p-i-n"}}],"fileinfo":[{"key":"R 13-1_20220512","uploadType":"JV","original_name":"R 13-1_20220512-153053.txt","save_name":"KRICT-SC-00422\/R 13-1_20220512","uploader":39},{"key":"R 13-2_20220512","uploadType":"JV","original_name":"R 13-2_20220512-153059.txt","save_name":"KRICT-SC-00422\/R 13-2_20220512","uploader":39},{"key":"R 14-1_20220512","uploadType":"JV","original_name":"R 14-1_20220512-153230.txt","save_name":"KRICT-SC-00422\/R 14-1_20220512","uploader":39},{"key":"R 14-2_20220512","uploadType":"JV","original_name":"R 14-2_20220512-153235.txt","save_name":"KRICT-SC-00422\/R 14-2_20220512","uploader":39},{"key":"R 15-1_20220512","uploadType":"JV","original_name":"R 15-1_20220512-153358.txt","save_name":"KRICT-SC-00422\/R 15-1_20220512","uploader":39},{"key":"R 15-2_20220512","uploadType":"JV","original_name":"R 15-2_20220512-153403.txt","save_name":"KRICT-SC-00422\/R 15-2_20220512","uploader":39},{"key":"R 15-3_20220512","uploadType":"JV","original_name":"R 15-3_20220512-153408.txt","save_name":"KRICT-SC-00422\/R 15-3_20220512","uploader":39},{"key":"InputFile","uploadType":"InputFile","original_name":"input.xlsx","save_name":"KRICT-SC-00422\/InputFile","uploader":39}],"updated_at":"2024-10-25 07:08:02","created_at":"2022-05-12 07:13:59","group":2,"analysis_old":{"JV":[{"V":{"unit":"V","value":[1.5,1.48995,1.4799,1.4698,1.45975,1.4497,1.43965,1.4296,1.41955,1.40945,1.3994,1.38935,1.3793,1.36925,1.35915,1.3491,1.33905,1.329,1.31895,1.3089,1.2988,1.28875,1.2787,1.26865,1.2586,1.2485,1.23845,1.2284,1.21835,1.2083,1.19825,1.18815,1.1781,1.16805,1.158,1.14795,1.13785,1.1278,1.11775,1.1077,1.09765,1.0876,1.0775,1.06745,1.0574,1.04735,1.0373,1.0272,1.01715,1.0071,0.99705,0.987,0.97695,0.96685,0.9568,0.94675,0.9367,0.92665,0.91655,0.9065,0.89645,0.8864,0.87635,0.86625,0.8562,0.84615,0.8361,0.82605,0.816,0.8059,0.79585,0.7858,0.77575,0.7657,0.7556,0.74555,0.7355,0.72545,0.7154,0.70535,0.69525,0.6852,0.67515,0.6651,0.65505,0.64495,0.6349,0.62485,0.6148,0.60475,0.5947,0.5846,0.57455,0.5645,0.55445,0.5444,0.5343,0.52425,0.5142,0.50415,0.4941,0.48405,0.47395,0.4639,0.45385,0.4438,0.43375,0.42365,0.4136,0.40355,0.3935,0.38345,0.3734,0.3633,0.35325,0.3432,0.33315,0.3231,0.313,0.30295,0.2929,0.28285,0.2728,0.2627,0.25265,0.2426,0.23255,0.2225,0.21245,0.20235,0.1923,0.18225,0.1722,0.16215,0.15205,0.142,0.13195,0.1219,0.11185,0.1018,0.0917,0.08165,0.0716,0.06155,0.0515,0.0414,0.03135,0.0213,0.01125,0.0012,-0.00885,-0.01895,-0.029,-0.03905,-0.0491,-0.05915,-0.06925,-0.0793,-0.08935,-0.0994,-0.10945,-0.1195,-0.1296,-0.13965,-0.1497,-0.15975,-0.1698,-0.1799,-0.18995,-0.2]},"I":{"unit":"A","value":[-0.0115271,-0.0118604,-0.011466,-0.0109833,-0.010447,-0.00991122,-0.00938353,-0.00887401,-0.00837611,-0.00789185,-0.00739344,-0.00690058,-0.00640875,-0.00593811,-0.00547455,-0.00502664,-0.00458984,-0.00417224,-0.00376371,-0.00337589,-0.00300069,-0.00263207,-0.00227809,-0.00194481,-0.00161506,-0.00130652,-0.00101212,-0.000735909,-0.000470295,-0.000223354,9.93907e-6,0.000228107,0.000427589,0.000610411,0.000774041,0.000932112,0.0010619,0.00118563,0.00128967,0.00137703,0.00145985,0.00152348,0.00157954,0.001626,0.00166136,0.00169569,0.00171641,0.00174165,0.00175175,0.00177145,0.00178054,0.0017866,0.00180176,0.00180832,0.00181085,0.00182043,0.00182499,0.00183003,0.00183457,0.00184114,0.00184417,0.0018467,0.00185074,0.00185277,0.00185427,0.00185882,0.00185882,0.00185932,0.00186387,0.00186135,0.00186539,0.00186589,0.0018664,0.00186993,0.00186689,0.0018679,0.00187346,0.00187346,0.00187448,0.00187498,0.00187245,0.00187498,0.00187649,0.00188154,0.00187902,0.00187902,0.00188054,0.00188054,0.00188458,0.00188407,0.00188609,0.00188509,0.00188761,0.00187953,0.0018871,0.00188761,0.0018871,0.00188912,0.00188811,0.00188811,0.00189215,0.00188761,0.00188862,0.00188963,0.00189568,0.00189114,0.00189316,0.00189468,0.00189568,0.00189619,0.0018972,0.0018972,0.00189771,0.00189821,0.00189923,0.00190124,0.00190377,0.00189872,0.00190124,0.00190073,0.00190477,0.00190225,0.00190225,0.00190377,0.00190327,0.00190528,0.00190426,0.0019068,0.00191134,0.00191084,0.0019073,0.00191033,0.00190781,0.00190982,0.00191084,0.00190982,0.00191487,0.00191335,0.00191185,0.00191134,0.00191235,0.00191791,0.00191589,0.00191386,0.00192043,0.0019184,0.00191487,0.0019169,0.00191386,0.0019184,0.0019184,0.00192295,0.00192195,0.00192144,0.00191942,0.00191993,0.00192295,0.00192295,0.00192195,0.00192599,0.00192447,0.00192548,0.00192599,0.00192952,0.001928,0.00192749,0.00192749,0.001927,0.00193003,0.00192952]},"J":{"unit":"A\/cm2","value":[-0.122629,-0.126174,-0.121979,-0.116843,-0.111138,-0.105439,-0.0998248,-0.0944044,-0.0891075,-0.0839558,-0.0786536,-0.0734104,-0.0681782,-0.0631714,-0.0582399,-0.0534749,-0.0488281,-0.0443855,-0.0400394,-0.0359137,-0.0319223,-0.0280007,-0.024235,-0.0206895,-0.0171815,-0.0138991,-0.0107672,-0.00782882,-0.00500314,-0.0023761,0.000105735,0.00242667,0.00454882,0.00649374,0.00823448,0.00991609,0.0112968,0.012613,0.0137199,0.0146493,0.0155303,0.0162072,0.0168036,0.0172979,0.017674,0.0180393,0.0182596,0.0185282,0.0186356,0.0188452,0.0189419,0.0190064,0.0191676,0.0192374,0.0192644,0.0193663,0.0194148,0.0194684,0.0195167,0.0195866,0.0196188,0.0196458,0.0196887,0.0197103,0.0197263,0.0197746,0.0197746,0.01978,0.0198284,0.0198016,0.0198445,0.0198499,0.0198553,0.0198929,0.0198606,0.0198713,0.0199305,0.0199305,0.0199412,0.0199466,0.0199197,0.0199466,0.0199626,0.0200164,0.0199896,0.0199896,0.0200058,0.0200058,0.0200487,0.0200433,0.0200647,0.0200541,0.0200809,0.019995,0.0200755,0.0200809,0.0200755,0.0200971,0.0200863,0.0200863,0.0201292,0.0200809,0.0200917,0.0201025,0.0201668,0.0201185,0.02014,0.0201562,0.0201668,0.0201722,0.020183,0.020183,0.0201884,0.0201938,0.0202045,0.0202259,0.0202529,0.0201992,0.0202259,0.0202206,0.0202635,0.0202367,0.0202367,0.0202529,0.0202475,0.0202689,0.0202581,0.0202851,0.0203334,0.020328,0.0202905,0.0203226,0.0202959,0.0203173,0.020328,0.0203173,0.020371,0.0203548,0.0203388,0.0203334,0.0203442,0.0204033,0.0203818,0.0203602,0.0204301,0.0204086,0.020371,0.0203926,0.0203602,0.0204086,0.0204086,0.0204569,0.0204463,0.0204409,0.0204194,0.0204247,0.0204569,0.0204569,0.0204463,0.0204893,0.0204731,0.0204839,0.0204893,0.0205268,0.0205107,0.0205053,0.0205053,0.0205,0.0205322,0.0205268]},"pv_cell_parameters":{"voc":{"unit":"V","value":1.2},"isc":{"unit":"mA","value":1.9200000000000002},"jsc":{"unit":"mA\/cm2","value":20.41},"vopt":{"unit":"mV","value":1030},"iopt":{"unit":"mA","value":1.74},"pmax":{"unit":"W","value":0.0017900000000000001},"fill_factor":{"unit":"%","value":77.83},"efficiency":{"unit":"%","value":19.03},"cell_dimension":{"unit":"cm2","value":0.094},"irradiance":{"unit":"mW\/cm2","value":100}},"calculations":{"fitted_isc":{"unit":"mA","value":1.9200000000000002},"fitted_voc":{"unit":"V","value":1.2},"rshunt":{"unit":"Kohm","value":29.82},"rseries":{"unit":"ohm","value":43.41}},"measurement_conditions":{"sweep_direction":{"unit":"","value":"Reverse"},"nplc":{"unit":"","value":0.01},"voltage_settling_time":{"unit":"s","value":0.01},"configuration_file":{"unit":"","value":"Configuration for I-V meas.conf"},"sample_id":{"unit":"","value":"R 15-3"},"note":{"unit":"","value":"\uc2dc\ub8cc\uc5d0 \uad00\ud55c \ubd80\uac00\uc801\uc778 \uc124\uba85\uc744 \uc774\uacf3\uc5d0 \uc801\uc73c\uc138\uc694. ^^"}},"key":"R 15-3_20220512"},{"V":{"unit":"V","value":[1.5,1.48995,1.4799,1.4698,1.45975,1.4497,1.43965,1.4296,1.41955,1.40945,1.3994,1.38935,1.3793,1.36925,1.35915,1.3491,1.33905,1.329,1.31895,1.3089,1.2988,1.28875,1.2787,1.26865,1.2586,1.2485,1.23845,1.2284,1.21835,1.2083,1.19825,1.18815,1.1781,1.16805,1.158,1.14795,1.13785,1.1278,1.11775,1.1077,1.09765,1.0876,1.0775,1.06745,1.0574,1.04735,1.0373,1.0272,1.01715,1.0071,0.99705,0.987,0.97695,0.96685,0.9568,0.94675,0.9367,0.92665,0.91655,0.9065,0.89645,0.8864,0.87635,0.86625,0.8562,0.84615,0.8361,0.82605,0.816,0.8059,0.79585,0.7858,0.77575,0.7657,0.7556,0.74555,0.7355,0.72545,0.7154,0.70535,0.69525,0.6852,0.67515,0.6651,0.65505,0.64495,0.6349,0.62485,0.6148,0.60475,0.5947,0.5846,0.57455,0.5645,0.55445,0.5444,0.5343,0.52425,0.5142,0.50415,0.4941,0.48405,0.47395,0.4639,0.45385,0.4438,0.43375,0.42365,0.4136,0.40355,0.3935,0.38345,0.3734,0.3633,0.35325,0.3432,0.33315,0.3231,0.313,0.30295,0.2929,0.28285,0.2728,0.2627,0.25265,0.2426,0.23255,0.2225,0.21245,0.20235,0.1923,0.18225,0.1722,0.16215,0.15205,0.142,0.13195,0.1219,0.11185,0.1018,0.0917,0.08165,0.0716,0.06155,0.0515,0.0414,0.03135,0.0213,0.01125,0.0012,-0.00885,-0.01895,-0.029,-0.03905,-0.0491,-0.05915,-0.06925,-0.0793,-0.08935,-0.0994,-0.10945,-0.1195,-0.1296,-0.13965,-0.1497,-0.15975,-0.1698,-0.1799,-0.18995,-0.2]},"I":{"unit":"A","value":[-0.0117353,-0.0120808,-0.0116697,-0.0111667,-0.0106445,-0.0101254,-0.00961839,-0.00911085,-0.00861242,-0.00811146,-0.0076201,-0.0071464,-0.00667423,-0.00621469,-0.00576675,-0.00532842,-0.0049037,-0.00449465,-0.00408915,-0.00368969,-0.00330892,-0.00293724,-0.00258273,-0.00223377,-0.00189896,-0.0015793,-0.00127074,-0.000979871,-0.000700593,-0.00043951,-0.000189036,4.57913e-5,0.000266999,0.000467509,0.000652358,0.000827104,0.000976101,0.00111851,0.0012372,0.00134832,0.00143973,0.00152104,0.00159024,0.00164074,0.0016872,0.00172205,0.00174881,0.00177862,0.00179428,0.00180893,0.00182003,0.00183165,0.0018377,0.0018473,0.00185437,0.00185689,0.00186448,0.0018675,0.00186801,0.00187154,0.00187659,0.00187458,0.00187811,0.00188316,0.00188418,0.00188923,0.00189124,0.00188872,0.00189175,0.00189225,0.00189023,0.00189175,0.00189528,0.00189528,0.00189528,0.00190134,0.0018973,0.00189932,0.00190134,0.00189982,0.00190033,0.00189932,0.00189982,0.00190286,0.00190033,0.00190538,0.00189982,0.00190589,0.00190639,0.00190842,0.00190741,0.00191094,0.00190842,0.00190538,0.00190741,0.00191246,0.00190993,0.00191599,0.00190993,0.00191851,0.00191346,0.00191701,0.00191498,0.00191701,0.00191447,0.00191851,0.00192155,0.00191952,0.00192206,0.00192407,0.00192003,0.00192407,0.00192407,0.00192356,0.00192155,0.00192356,0.00192206,0.00192559,0.00192256,0.00192508,0.00192356,0.00192811,0.00192508,0.00192811,0.0019276,0.00193316,0.00193115,0.00193165,0.00193265,0.00192407,0.00193216,0.00193569,0.00193064,0.00193316,0.00193216,0.00193165,0.00193417,0.0019367,0.00193468,0.00193518,0.00193569,0.0019367,0.0019377,0.00193821,0.00194125,0.00193366,0.00193973,0.00194074,0.00193973,0.00194125,0.00194024,0.00193569,0.00194377,0.00193872,0.0019473,0.00194074,0.00194427,0.00194579,0.00194326,0.00194427,0.00194478,0.00194427,0.00194831,0.0019473,0.0019478,0.00195235,0.00194679,0.00194933,0.00194933,0.00194679]},"J":{"unit":"A\/cm2","value":[-0.124844,-0.128519,-0.124146,-0.118795,-0.11324,-0.107717,-0.102323,-0.096924,-0.0916215,-0.0862921,-0.0810649,-0.0760256,-0.0710024,-0.0661138,-0.0613484,-0.0566853,-0.0521671,-0.0478154,-0.0435016,-0.039252,-0.0352013,-0.0312473,-0.0274758,-0.0237635,-0.0202017,-0.0168011,-0.0135185,-0.0104242,-0.00745312,-0.00467564,-0.00201102,0.000487141,0.00284041,0.0049735,0.00693998,0.00879898,0.010384,0.0118991,0.0131617,0.0143438,0.0153163,0.0161812,0.0169174,0.0174546,0.0179489,0.0183197,0.0186044,0.0189215,0.0190881,0.0192439,0.019362,0.0194856,0.01955,0.0196521,0.0197274,0.0197542,0.0198349,0.0198671,0.0198724,0.01991,0.0199638,0.0199424,0.0199799,0.0200337,0.0200444,0.0200982,0.0201196,0.0200928,0.020125,0.0201304,0.0201088,0.020125,0.0201625,0.0201625,0.0201625,0.0202271,0.0201841,0.0202055,0.0202271,0.0202109,0.0202163,0.0202055,0.0202109,0.0202432,0.0202163,0.02027,0.0202109,0.0202754,0.0202808,0.0203024,0.0202916,0.0203291,0.0203024,0.02027,0.0202916,0.0203453,0.0203184,0.0203829,0.0203184,0.0204097,0.0203559,0.0203937,0.0203721,0.0203937,0.0203667,0.0204097,0.020442,0.0204205,0.0204474,0.0204688,0.0204259,0.0204688,0.0204688,0.0204634,0.020442,0.0204634,0.0204474,0.020485,0.0204528,0.0204796,0.0204634,0.0205118,0.0204796,0.0205118,0.0205064,0.0205655,0.0205441,0.0205495,0.0205601,0.0204688,0.0205549,0.0205925,0.0205387,0.0205655,0.0205549,0.0205495,0.0205763,0.0206032,0.0205817,0.0205871,0.0205925,0.0206032,0.0206139,0.0206192,0.0206516,0.0205709,0.0206354,0.0206462,0.0206354,0.0206516,0.0206408,0.0205925,0.0206784,0.0206246,0.0207159,0.0206462,0.0206838,0.0206999,0.020673,0.0206838,0.0206891,0.0206838,0.0207267,0.0207159,0.0207213,0.0207697,0.0207106,0.0207375,0.0207375,0.0207106]},"pv_cell_parameters":{"voc":{"unit":"V","value":1.19},"isc":{"unit":"mA","value":1.94},"jsc":{"unit":"mA\/cm2","value":20.65},"vopt":{"unit":"mV","value":1030},"iopt":{"unit":"mA","value":1.78},"pmax":{"unit":"W","value":0.00183},"fill_factor":{"unit":"%","value":79.21},"efficiency":{"unit":"%","value":19.44},"cell_dimension":{"unit":"cm2","value":0.094},"irradiance":{"unit":"mW\/cm2","value":100}},"calculations":{"fitted_isc":{"unit":"mA","value":1.94},"fitted_voc":{"unit":"V","value":1.19},"rshunt":{"unit":"Kohm","value":16.7},"rseries":{"unit":"ohm","value":43.1}},"measurement_conditions":{"sweep_direction":{"unit":"","value":"Reverse"},"nplc":{"unit":"","value":0.01},"voltage_settling_time":{"unit":"s","value":0.01},"configuration_file":{"unit":"","value":"Configuration for I-V meas.conf"},"sample_id":{"unit":"","value":"R 15-2"},"note":{"unit":"","value":"\uc2dc\ub8cc\uc5d0 \uad00\ud55c \ubd80\uac00\uc801\uc778 \uc124\uba85\uc744 \uc774\uacf3\uc5d0 \uc801\uc73c\uc138\uc694. ^^"}},"key":"R 15-2_20220512"},{"V":{"unit":"V","value":[1.5,1.48995,1.4799,1.4698,1.45975,1.4497,1.43965,1.4296,1.41955,1.40945,1.3994,1.38935,1.3793,1.36925,1.35915,1.3491,1.33905,1.329,1.31895,1.3089,1.2988,1.28875,1.2787,1.26865,1.2586,1.2485,1.23845,1.2284,1.21835,1.2083,1.19825,1.18815,1.1781,1.16805,1.158,1.14795,1.13785,1.1278,1.11775,1.1077,1.09765,1.0876,1.0775,1.06745,1.0574,1.04735,1.0373,1.0272,1.01715,1.0071,0.99705,0.987,0.97695,0.96685,0.9568,0.94675,0.9367,0.92665,0.91655,0.9065,0.89645,0.8864,0.87635,0.86625,0.8562,0.84615,0.8361,0.82605,0.816,0.8059,0.79585,0.7858,0.77575,0.7657,0.7556,0.74555,0.7355,0.72545,0.7154,0.70535,0.69525,0.6852,0.67515,0.6651,0.65505,0.64495,0.6349,0.62485,0.6148,0.60475,0.5947,0.5846,0.57455,0.5645,0.55445,0.5444,0.5343,0.52425,0.5142,0.50415,0.4941,0.48405,0.47395,0.4639,0.45385,0.4438,0.43375,0.42365,0.4136,0.40355,0.3935,0.38345,0.3734,0.3633,0.35325,0.3432,0.33315,0.3231,0.313,0.30295,0.2929,0.28285,0.2728,0.2627,0.25265,0.2426,0.23255,0.2225,0.21245,0.20235,0.1923,0.18225,0.1722,0.16215,0.15205,0.142,0.13195,0.1219,0.11185,0.1018,0.0917,0.08165,0.0716,0.06155,0.0515,0.0414,0.03135,0.0213,0.01125,0.0012,-0.00885,-0.01895,-0.029,-0.03905,-0.0491,-0.05915,-0.06925,-0.0793,-0.08935,-0.0994,-0.10945,-0.1195,-0.1296,-0.13965,-0.1497,-0.15975,-0.1698,-0.1799,-0.18995,-0.2]},"I":{"unit":"A","value":[-0.0125105,-0.0136382,-0.0134039,-0.0129069,-0.012358,-0.0117979,-0.0112324,-0.0106683,-0.0101128,-0.00955979,-0.00901642,-0.00849021,-0.00796603,-0.00744839,-0.0069444,-0.00644699,-0.00596875,-0.00550214,-0.00503905,-0.00459768,-0.00415833,-0.0037422,-0.00333417,-0.00294431,-0.00256707,-0.00220498,-0.00185402,-0.00152071,-0.00120862,-0.000906631,-0.000620305,-0.000350639,-9.71258e-5,0.00013721,0.000354886,0.000558928,0.000745296,0.000912964,0.00106448,0.0011968,0.001316,0.00141801,0.0015064,0.00157912,0.00163923,0.00168821,0.00172964,0.00176095,0.0017862,0.00180185,0.00181903,0.00183216,0.00184277,0.00185286,0.0018564,0.00186245,0.00186296,0.00187054,0.00187205,0.0018761,0.00187913,0.00188266,0.00188164,0.00188266,0.00188872,0.00188519,0.00189024,0.00188974,0.00189327,0.00189124,0.00188974,0.00189276,0.00189579,0.00189479,0.00189933,0.00190033,0.00190134,0.00189984,0.00190337,0.00190488,0.00190286,0.00190286,0.00190084,0.00190792,0.00190589,0.00190538,0.00191043,0.00190589,0.00191195,0.00190993,0.00191043,0.00191145,0.00191599,0.00191043,0.00191094,0.00191447,0.00191599,0.00191599,0.00191802,0.00191447,0.0019165,0.00191599,0.00192104,0.00192206,0.00191852,0.00192104,0.00192256,0.00192812,0.00192206,0.00192861,0.00192711,0.00192711,0.00192711,0.00192104,0.00193569,0.00192812,0.00193267,0.00192861,0.00192609,0.00193317,0.00193267,0.00193115,0.00193216,0.00193366,0.00192812,0.0019362,0.00193366,0.00193267,0.00193518,0.00193267,0.00193721,0.0019367,0.00193267,0.00193973,0.00193366,0.00194176,0.00193922,0.00193973,0.00194125,0.00194074,0.00194275,0.00194074,0.00194579,0.00194275,0.00194326,0.00194226,0.00194176,0.00194882,0.00194176,0.0019463,0.00194176,0.00194681,0.00194933,0.00194579,0.00194831,0.0019478,0.00194882,0.00194831,0.00194983,0.00195186,0.00194882,0.00195488,0.00194326,0.0019559,0.00195235,0.00194983,0.00195539,0.00194983,0.00195488,0.00195186]},"J":{"unit":"A\/cm2","value":[-0.133091,-0.145087,-0.142594,-0.137308,-0.131468,-0.12551,-0.119493,-0.113492,-0.107583,-0.1017,-0.0959194,-0.0903213,-0.084745,-0.0792382,-0.0738766,-0.068585,-0.0634973,-0.0585334,-0.0536069,-0.0489115,-0.0442376,-0.0398107,-0.0354698,-0.0313224,-0.0273092,-0.0234573,-0.0197236,-0.0161777,-0.0128576,-0.00964501,-0.00659899,-0.0037302,-0.00103325,0.00145968,0.00377538,0.00594604,0.00792869,0.00971239,0.0113242,0.0127319,0.014,0.0150852,0.0160256,0.0167992,0.0174386,0.0179597,0.0184004,0.0187335,0.0190021,0.0191686,0.0193514,0.019491,0.0196039,0.0197112,0.019749,0.0198133,0.0198187,0.0198994,0.0199154,0.0199585,0.0199907,0.0200283,0.0200175,0.0200283,0.0200928,0.0200552,0.020109,0.0201036,0.0201411,0.0201196,0.0201036,0.0201357,0.0201679,0.0201573,0.0202057,0.0202163,0.0202271,0.020211,0.0202486,0.0202646,0.0202432,0.0202432,0.0202217,0.020297,0.0202754,0.02027,0.0203238,0.0202754,0.0203399,0.0203184,0.0203238,0.0203345,0.0203829,0.0203238,0.0203291,0.0203667,0.0203829,0.0203829,0.0204044,0.0203667,0.0203883,0.0203829,0.0204366,0.0204474,0.0204098,0.0204366,0.0204528,0.0205119,0.0204474,0.0205172,0.0205011,0.0205011,0.0205011,0.0204366,0.0205925,0.0205119,0.0205603,0.0205172,0.0204904,0.0205657,0.0205603,0.0205441,0.0205549,0.0205709,0.0205119,0.0205978,0.0205709,0.0205603,0.0205871,0.0205603,0.0206086,0.0206032,0.0205603,0.0206354,0.0205709,0.020657,0.02063,0.0206354,0.0206516,0.0206462,0.0206676,0.0206462,0.0206999,0.0206676,0.020673,0.0206624,0.020657,0.0207321,0.020657,0.0207053,0.020657,0.0207107,0.0207375,0.0206999,0.0207267,0.0207213,0.0207321,0.0207267,0.0207429,0.0207644,0.0207321,0.0207966,0.020673,0.0208074,0.0207697,0.0207429,0.020802,0.0207429,0.0207966,0.0207644]},"pv_cell_parameters":{"voc":{"unit":"V","value":1.18},"isc":{"unit":"mA","value":1.95},"jsc":{"unit":"mA\/cm2","value":20.710000000000004},"vopt":{"unit":"mV","value":1020},"iopt":{"unit":"mA","value":1.79},"pmax":{"unit":"W","value":0.00182},"fill_factor":{"unit":"%","value":79.24},"efficiency":{"unit":"%","value":19.33},"cell_dimension":{"unit":"cm2","value":0.094},"irradiance":{"unit":"mW\/cm2","value":100}},"calculations":{"fitted_isc":{"unit":"mA","value":1.95},"fitted_voc":{"unit":"V","value":1.17},"rshunt":{"unit":"Kohm","value":19.37},"rseries":{"unit":"ohm","value":39.9}},"measurement_conditions":{"sweep_direction":{"unit":"","value":"Reverse"},"nplc":{"unit":"","value":0.01},"voltage_settling_time":{"unit":"s","value":0.01},"configuration_file":{"unit":"","value":"Configuration for I-V meas.conf"},"sample_id":{"unit":"","value":"R 15-1"},"note":{"unit":"","value":"\uc2dc\ub8cc\uc5d0 \uad00\ud55c \ubd80\uac00\uc801\uc778 \uc124\uba85\uc744 \uc774\uacf3\uc5d0 \uc801\uc73c\uc138\uc694. ^^"}},"key":"R 15-1_20220512"},{"V":{"unit":"V","value":[1.5,1.48995,1.4799,1.4698,1.45975,1.4497,1.43965,1.4296,1.41955,1.40945,1.3994,1.38935,1.3793,1.36925,1.35915,1.3491,1.33905,1.329,1.31895,1.3089,1.2988,1.28875,1.2787,1.26865,1.2586,1.2485,1.23845,1.2284,1.21835,1.2083,1.19825,1.18815,1.1781,1.16805,1.158,1.14795,1.13785,1.1278,1.11775,1.1077,1.09765,1.0876,1.0775,1.06745,1.0574,1.04735,1.0373,1.0272,1.01715,1.0071,0.99705,0.987,0.97695,0.96685,0.9568,0.94675,0.9367,0.92665,0.91655,0.9065,0.89645,0.8864,0.87635,0.86625,0.8562,0.84615,0.8361,0.82605,0.816,0.8059,0.79585,0.7858,0.77575,0.7657,0.7556,0.74555,0.7355,0.72545,0.7154,0.70535,0.69525,0.6852,0.67515,0.6651,0.65505,0.64495,0.6349,0.62485,0.6148,0.60475,0.5947,0.5846,0.57455,0.5645,0.55445,0.5444,0.5343,0.52425,0.5142,0.50415,0.4941,0.48405,0.47395,0.4639,0.45385,0.4438,0.43375,0.42365,0.4136,0.40355,0.3935,0.38345,0.3734,0.3633,0.35325,0.3432,0.33315,0.3231,0.313,0.30295,0.2929,0.28285,0.2728,0.2627,0.25265,0.2426,0.23255,0.2225,0.21245,0.20235,0.1923,0.18225,0.1722,0.16215,0.15205,0.142,0.13195,0.1219,0.11185,0.1018,0.0917,0.08165,0.0716,0.06155,0.0515,0.0414,0.03135,0.0213,0.01125,0.0012,-0.00885,-0.01895,-0.029,-0.03905,-0.0491,-0.05915,-0.06925,-0.0793,-0.08935,-0.0994,-0.10945,-0.1195,-0.1296,-0.13965,-0.1497,-0.15975,-0.1698,-0.1799,-0.18995,-0.2]},"I":{"unit":"A","value":[-0.0113253,-0.01155,-0.0111072,-0.01058,-0.0100634,-0.00955184,-0.00904281,-0.00852975,-0.00804043,-0.00754757,-0.00707138,-0.00660579,-0.0061508,-0.00570339,-0.00526609,-0.00484088,-0.00442226,-0.00402534,-0.003636,-0.00325626,-0.00288561,-0.00252707,-0.00218268,-0.00185494,-0.0015353,-0.00122777,-0.000937909,-0.00065966,-0.000398084,-0.000149131,8.16584e-5,0.000300333,0.000499815,0.00068365,0.000846267,0.0010003,0.00113413,0.00125129,0.00135785,0.00144473,0.00152552,0.00158866,0.00164421,0.00168765,0.00172098,0.0017533,0.00177249,0.00179672,0.00181086,0.0018245,0.00183561,0.00184219,0.00185229,0.00185885,0.00186339,0.00186895,0.00187451,0.00187804,0.00188056,0.0018836,0.00188915,0.00188865,0.00189015,0.00189421,0.00189218,0.00189622,0.00189924,0.00189723,0.00190178,0.00189875,0.00189774,0.00190379,0.00190632,0.00190279,0.00190733,0.00190228,0.00191036,0.00190531,0.0019033,0.00191188,0.00190379,0.00191289,0.00190581,0.00190581,0.00191541,0.00190784,0.00191188,0.00191238,0.00190835,0.0019144,0.00191793,0.00190985,0.0019149,0.00191289,0.00191541,0.00192097,0.00191894,0.00192046,0.00192046,0.00191945,0.00192147,0.00191844,0.00192147,0.00192551,0.00191693,0.0019245,0.00192046,0.00192349,0.00192653,0.00192247,0.0019245,0.00192653,0.00192551,0.00192753,0.00192653,0.00192854,0.00192753,0.00193107,0.00192854,0.00192753,0.00193107,0.00192904,0.00193258,0.00193006,0.00193207,0.0019346,0.00193056,0.0019341,0.0019346,0.00193612,0.00193511,0.00193207,0.0019341,0.0019346,0.00193712,0.00193612,0.00193813,0.00193763,0.00193763,0.00194067,0.00193612,0.00194016,0.00193965,0.00194067,0.00194369,0.00194621,0.00194116,0.00194268,0.0019442,0.00194319,0.00194369,0.00194167,0.00194067,0.00194319,0.00194067,0.00194268,0.00194369,0.00194319,0.00194067,0.0019442,0.0019442,0.00194521,0.00194217,0.00194672,0.00194369,0.00194572,0.00194217,0.00194722,0.00194572,0.00194217]},"J":{"unit":"A\/cm2","value":[-0.120482,-0.122873,-0.118161,-0.112553,-0.107057,-0.101615,-0.0962001,-0.090742,-0.0855365,-0.0802933,-0.0752274,-0.0702744,-0.065434,-0.0606744,-0.0560222,-0.0514987,-0.0470453,-0.0428228,-0.0386809,-0.0346411,-0.030698,-0.0268838,-0.02322,-0.0197334,-0.0163329,-0.0130613,-0.00997775,-0.00701765,-0.00423494,-0.0015865,0.000868706,0.00319503,0.00531718,0.00727288,0.00900284,0.0106415,0.0120652,0.0133116,0.0144452,0.0153694,0.0162289,0.0169006,0.0174916,0.0179537,0.0183083,0.0186521,0.0188563,0.0191141,0.0192645,0.0194096,0.0195278,0.0195977,0.0197052,0.0197749,0.0198233,0.0198824,0.0199416,0.0199791,0.0200059,0.0200383,0.0200974,0.020092,0.020108,0.0201511,0.0201296,0.0201725,0.0202047,0.0201833,0.0202317,0.0201995,0.0201887,0.0202531,0.02028,0.0202424,0.0202908,0.020237,0.020323,0.0202692,0.0202478,0.0203391,0.0202531,0.0203499,0.0202746,0.0202746,0.0203767,0.0202962,0.0203391,0.0203445,0.0203016,0.0203659,0.0204035,0.0203176,0.0203713,0.0203499,0.0203767,0.0204358,0.0204143,0.0204304,0.0204304,0.0204197,0.0204412,0.0204089,0.0204412,0.0204842,0.0203929,0.0204734,0.0204304,0.0204626,0.020495,0.0204518,0.0204734,0.020495,0.0204842,0.0205056,0.020495,0.0205164,0.0205056,0.0205433,0.0205164,0.0205056,0.0205433,0.0205218,0.0205593,0.0205325,0.0205539,0.0205809,0.0205379,0.0205755,0.0205809,0.0205971,0.0205863,0.0205539,0.0205755,0.0205809,0.0206077,0.0205971,0.0206184,0.0206131,0.0206131,0.0206454,0.0205971,0.02064,0.0206346,0.0206454,0.0206776,0.0207044,0.0206506,0.0206668,0.020683,0.0206722,0.0206776,0.020656,0.0206454,0.0206722,0.0206454,0.0206668,0.0206776,0.0206722,0.0206454,0.020683,0.020683,0.0206937,0.0206614,0.0207098,0.0206776,0.0206991,0.0206614,0.0207151,0.0206991,0.0206614]},"pv_cell_parameters":{"voc":{"unit":"V","value":1.2},"isc":{"unit":"mA","value":1.94},"jsc":{"unit":"mA\/cm2","value":20.67},"vopt":{"unit":"mV","value":1030},"iopt":{"unit":"mA","value":1.8000000000000003},"pmax":{"unit":"W","value":0.00185},"fill_factor":{"unit":"%","value":79.26},"efficiency":{"unit":"%","value":19.63},"cell_dimension":{"unit":"cm2","value":0.094},"irradiance":{"unit":"mW\/cm2","value":100}},"calculations":{"fitted_isc":{"unit":"mA","value":1.94},"fitted_voc":{"unit":"V","value":1.2},"rshunt":{"unit":"Kohm","value":132.14000000000001},"rseries":{"unit":"ohm","value":43.51}},"measurement_conditions":{"sweep_direction":{"unit":"","value":"Reverse"},"nplc":{"unit":"","value":0.01},"voltage_settling_time":{"unit":"s","value":0.01},"configuration_file":{"unit":"","value":"Configuration for I-V meas.conf"},"sample_id":{"unit":"","value":"R 14-2"},"note":{"unit":"","value":"\uc2dc\ub8cc\uc5d0 \uad00\ud55c \ubd80\uac00\uc801\uc778 \uc124\uba85\uc744 \uc774\uacf3\uc5d0 \uc801\uc73c\uc138\uc694. ^^"}},"key":"R 14-2_20220512"},{"V":{"unit":"V","value":[1.5,1.48995,1.4799,1.4698,1.45975,1.4497,1.43965,1.4296,1.41955,1.40945,1.3994,1.38935,1.3793,1.36925,1.35915,1.3491,1.33905,1.329,1.31895,1.3089,1.2988,1.28875,1.2787,1.26865,1.2586,1.2485,1.23845,1.2284,1.21835,1.2083,1.19825,1.18815,1.1781,1.16805,1.158,1.14795,1.13785,1.1278,1.11775,1.1077,1.09765,1.0876,1.0775,1.06745,1.0574,1.04735,1.0373,1.0272,1.01715,1.0071,0.99705,0.987,0.97695,0.96685,0.9568,0.94675,0.9367,0.92665,0.91655,0.9065,0.89645,0.8864,0.87635,0.86625,0.8562,0.84615,0.8361,0.82605,0.816,0.8059,0.79585,0.7858,0.77575,0.7657,0.7556,0.74555,0.7355,0.72545,0.7154,0.70535,0.69525,0.6852,0.67515,0.6651,0.65505,0.64495,0.6349,0.62485,0.6148,0.60475,0.5947,0.5846,0.57455,0.5645,0.55445,0.5444,0.5343,0.52425,0.5142,0.50415,0.4941,0.48405,0.47395,0.4639,0.45385,0.4438,0.43375,0.42365,0.4136,0.40355,0.3935,0.38345,0.3734,0.3633,0.35325,0.3432,0.33315,0.3231,0.313,0.30295,0.2929,0.28285,0.2728,0.2627,0.25265,0.2426,0.23255,0.2225,0.21245,0.20235,0.1923,0.18225,0.1722,0.16215,0.15205,0.142,0.13195,0.1219,0.11185,0.1018,0.0917,0.08165,0.0716,0.06155,0.0515,0.0414,0.03135,0.0213,0.01125,0.0012,-0.00885,-0.01895,-0.029,-0.03905,-0.0491,-0.05915,-0.06925,-0.0793,-0.08935,-0.0994,-0.10945,-0.1195,-0.1296,-0.13965,-0.1497,-0.15975,-0.1698,-0.1799,-0.18995,-0.2]},"I":{"unit":"A","value":[-0.0125464,-0.0127504,-0.0122979,-0.0117581,-0.0112,-0.0106652,-0.0101204,-0.00959364,-0.00907399,-0.00856546,-0.00806045,-0.00757363,-0.00709237,-0.00662121,-0.00613691,-0.00567888,-0.00524963,-0.00482392,-0.00440679,-0.00399774,-0.00359979,-0.00321399,-0.00283825,-0.00247668,-0.00212874,-0.00179291,-0.0014687,-0.00116217,-0.000868767,-0.000587985,-0.000322357,-7.44015e-5,0.000162959,0.000380635,0.0005766,0.000764474,0.000934675,0.00108518,0.00121801,0.0013357,0.00143619,0.00152357,0.00159679,0.0016564,0.00170791,0.0017468,0.00177963,0.00180487,0.00183216,0.0018468,0.00185791,0.00186549,0.00187205,0.00188266,0.00188619,0.00189073,0.00189023,0.00189781,0.00189883,0.0018973,0.00190639,0.00190437,0.00190741,0.0019069,0.0019069,0.00191195,0.00191396,0.00191094,0.00190842,0.00191145,0.00191346,0.00191396,0.00191246,0.00191599,0.00190942,0.00191599,0.0019165,0.00191548,0.00191751,0.00191447,0.001918,0.00192054,0.00191851,0.00191952,0.00192457,0.00192003,0.00192559,0.00192457,0.00192104,0.0019276,0.00192155,0.00192457,0.00192407,0.001918,0.00193064,0.00192256,0.00192609,0.00192508,0.00192609,0.0019276,0.00192457,0.00192508,0.00192811,0.00192609,0.00193265,0.00192811,0.00193265,0.00193216,0.00193165,0.00193316,0.00193316,0.00193165,0.00193417,0.00193518,0.00193216,0.0019362,0.00193115,0.0019362,0.00194024,0.00193569,0.00193922,0.0019367,0.00193821,0.0019377,0.0019377,0.00193468,0.00193973,0.00193821,0.00194125,0.0019372,0.00194074,0.00194125,0.00194174,0.00194377,0.00194074,0.00194174,0.00194326,0.00194275,0.00194427,0.00194427,0.00194529,0.00194579,0.00194427,0.00194478,0.00194679,0.00194983,0.00194478,0.00194679,0.00194427,0.00194275,0.0019463,0.0019463,0.0019473,0.00194579,0.0019478,0.00194579,0.00194882,0.00194679,0.00194882,0.00194529,0.00194882,0.00194831,0.00194679,0.00195034,0.0019478,0.00194933,0.00194933,0.00195134,0.00195286,0.00195438]},"J":{"unit":"A\/cm2","value":[-0.133472,-0.135642,-0.130829,-0.125086,-0.119149,-0.11346,-0.107663,-0.10206,-0.0965318,-0.0911219,-0.0857495,-0.0805706,-0.0754508,-0.0704384,-0.0652863,-0.0604136,-0.0558472,-0.0513183,-0.0468808,-0.0425292,-0.0382957,-0.0341914,-0.0301942,-0.0263476,-0.0226461,-0.0190735,-0.0156245,-0.0123635,-0.00924221,-0.00625516,-0.00342933,-0.000791505,0.00173361,0.00404931,0.00613405,0.00813271,0.00994335,0.0115444,0.0129575,0.0142095,0.0152786,0.0162082,0.0169872,0.0176213,0.0181693,0.018583,0.0189322,0.0192008,0.019491,0.0196469,0.019765,0.0198456,0.0199154,0.0200283,0.0200658,0.0201142,0.0201088,0.0201895,0.0202003,0.0201841,0.0202808,0.0202592,0.0202916,0.0202862,0.0202862,0.0203399,0.0203613,0.0203291,0.0203024,0.0203345,0.0203559,0.0203613,0.0203453,0.0203829,0.020313,0.0203829,0.0203883,0.0203775,0.0203991,0.0203667,0.0204043,0.0204312,0.0204097,0.0204205,0.0204742,0.0204259,0.020485,0.0204742,0.0204366,0.0205064,0.020442,0.0204742,0.0204688,0.0204043,0.0205387,0.0204528,0.0204904,0.0204796,0.0204904,0.0205064,0.0204742,0.0204796,0.0205118,0.0204904,0.0205601,0.0205118,0.0205601,0.0205549,0.0205495,0.0205655,0.0205655,0.0205495,0.0205763,0.0205871,0.0205549,0.0205978,0.0205441,0.0205978,0.0206408,0.0205925,0.02063,0.0206032,0.0206192,0.0206139,0.0206139,0.0205817,0.0206354,0.0206192,0.0206516,0.0206085,0.0206462,0.0206516,0.0206568,0.0206784,0.0206462,0.0206568,0.020673,0.0206676,0.0206838,0.0206838,0.0206945,0.0206999,0.0206838,0.0206891,0.0207106,0.0207429,0.0206891,0.0207106,0.0206838,0.0206676,0.0207053,0.0207053,0.0207159,0.0206999,0.0207213,0.0206999,0.0207321,0.0207106,0.0207321,0.0206945,0.0207321,0.0207267,0.0207106,0.0207483,0.0207213,0.0207375,0.0207375,0.0207589,0.0207751,0.0207912]},"pv_cell_parameters":{"voc":{"unit":"V","value":1.19},"isc":{"unit":"mA","value":1.94},"jsc":{"unit":"mA\/cm2","value":20.67},"vopt":{"unit":"mV","value":1020},"iopt":{"unit":"mA","value":1.83},"pmax":{"unit":"W","value":0.00186},"fill_factor":{"unit":"%","value":80.73},"efficiency":{"unit":"%","value":19.83},"cell_dimension":{"unit":"cm2","value":0.094},"irradiance":{"unit":"mW\/cm2","value":100}},"calculations":{"fitted_isc":{"unit":"mA","value":1.94},"fitted_voc":{"unit":"V","value":1.18},"rshunt":{"unit":"Kohm","value":24.37},"rseries":{"unit":"ohm","value":40.46}},"measurement_conditions":{"sweep_direction":{"unit":"","value":"Reverse"},"nplc":{"unit":"","value":0.01},"voltage_settling_time":{"unit":"s","value":0.01},"configuration_file":{"unit":"","value":"Configuration for I-V meas.conf"},"sample_id":{"unit":"","value":"R 14-1"},"note":{"unit":"","value":"\uc2dc\ub8cc\uc5d0 \uad00\ud55c \ubd80\uac00\uc801\uc778 \uc124\uba85\uc744 \uc774\uacf3\uc5d0 \uc801\uc73c\uc138\uc694. ^^"}},"key":"R 14-1_20220512"},{"V":{"unit":"V","value":[1.5,1.48995,1.4799,1.4698,1.45975,1.4497,1.43965,1.4296,1.41955,1.40945,1.3994,1.38935,1.3793,1.36925,1.35915,1.3491,1.33905,1.329,1.31895,1.3089,1.2988,1.28875,1.2787,1.26865,1.2586,1.2485,1.23845,1.2284,1.21835,1.2083,1.19825,1.18815,1.1781,1.16805,1.158,1.14795,1.13785,1.1278,1.11775,1.1077,1.09765,1.0876,1.0775,1.06745,1.0574,1.04735,1.0373,1.0272,1.01715,1.0071,0.99705,0.987,0.97695,0.96685,0.9568,0.94675,0.9367,0.92665,0.91655,0.9065,0.89645,0.8864,0.87635,0.86625,0.8562,0.84615,0.8361,0.82605,0.816,0.8059,0.79585,0.7858,0.77575,0.7657,0.7556,0.74555,0.7355,0.72545,0.7154,0.70535,0.69525,0.6852,0.67515,0.6651,0.65505,0.64495,0.6349,0.62485,0.6148,0.60475,0.5947,0.5846,0.57455,0.5645,0.55445,0.5444,0.5343,0.52425,0.5142,0.50415,0.4941,0.48405,0.47395,0.4639,0.45385,0.4438,0.43375,0.42365,0.4136,0.40355,0.3935,0.38345,0.3734,0.3633,0.35325,0.3432,0.33315,0.3231,0.313,0.30295,0.2929,0.28285,0.2728,0.2627,0.25265,0.2426,0.23255,0.2225,0.21245,0.20235,0.1923,0.18225,0.1722,0.16215,0.15205,0.142,0.13195,0.1219,0.11185,0.1018,0.0917,0.08165,0.0716,0.06155,0.0515,0.0414,0.03135,0.0213,0.01125,0.0012,-0.00885,-0.01895,-0.029,-0.03905,-0.0491,-0.05915,-0.06925,-0.0793,-0.08935,-0.0994,-0.10945,-0.1195,-0.1296,-0.13965,-0.1497,-0.15975,-0.1698,-0.1799,-0.18995,-0.2]},"I":{"unit":"A","value":[-0.0110061,-0.0114621,-0.0110768,-0.0105794,-0.0100618,-0.00955378,-0.00903972,-0.00853676,-0.00804138,-0.00755054,-0.00707182,-0.00660473,-0.00614469,-0.00569273,-0.00524987,-0.00482015,-0.00440152,-0.00399502,-0.00359659,-0.0032118,-0.00283711,-0.00247656,-0.00212863,-0.00179635,-0.00147267,-0.00117019,-0.000875786,-0.000599563,-0.000339508,-9.1061e-5,0.000140235,0.000355884,0.000552326,0.000729591,0.000892714,0.00104119,0.00116594,0.0012826,0.00137956,0.00146239,0.00153309,0.00159067,0.00163762,0.00167854,0.00170782,0.00173156,0.00175177,0.00176793,0.00178307,0.00178863,0.00179924,0.00180681,0.00181237,0.00181994,0.00181943,0.00182448,0.00182903,0.00183257,0.00183862,0.00183611,0.00183862,0.00184116,0.00184418,0.00184672,0.00185075,0.00184166,0.00185226,0.00184722,0.00185025,0.00185429,0.00184974,0.0018568,0.00185581,0.00185226,0.00186185,0.00185327,0.00185984,0.00185984,0.00185731,0.00186035,0.00185832,0.00186287,0.00186135,0.00186086,0.00186135,0.00186388,0.00186287,0.00186185,0.0018649,0.0018654,0.00186741,0.00186893,0.0018649,0.00187094,0.00186843,0.00187045,0.00187752,0.00186843,0.00188003,0.00187399,0.00187297,0.00187348,0.00187549,0.00187954,0.001876,0.001876,0.001875,0.00187701,0.001875,0.0018765,0.00188257,0.00188054,0.00188307,0.00188105,0.00188559,0.00188257,0.00188307,0.00188409,0.00188409,0.00188358,0.0018861,0.00188458,0.00188762,0.00188762,0.00188863,0.00188813,0.00188963,0.00189115,0.00189166,0.00189318,0.00189014,0.00189166,0.00189368,0.0018957,0.00189267,0.00189166,0.00189318,0.00189468,0.00189722,0.00189872,0.00189772,0.00190024,0.00189418,0.00190024,0.00190176,0.00190176,0.00190277,0.00189923,0.00190377,0.00190125,0.00189923,0.00189973,0.00190277,0.00190529,0.00190075,0.0019058,0.0019058,0.00190479,0.0019058,0.00190479,0.00190479,0.00190782,0.00190782,0.00190984,0.00190933,0.00190984,0.00190984,0.00190984,0.00190882,0.00190832]},"J":{"unit":"A\/cm2","value":[-0.117086,-0.121937,-0.117838,-0.112547,-0.10704,-0.101636,-0.0961672,-0.0908166,-0.0855466,-0.0803249,-0.0752322,-0.0702631,-0.065369,-0.060561,-0.0558497,-0.0512782,-0.0468247,-0.0425002,-0.0382616,-0.034168,-0.030182,-0.0263464,-0.022645,-0.0191101,-0.0156667,-0.0124488,-0.00931687,-0.00637833,-0.00361179,-0.000968734,0.00149186,0.003786,0.00587581,0.0077616,0.00949695,0.0110765,0.0124036,0.0136447,0.0146762,0.0155573,0.0163095,0.016922,0.0174215,0.0178568,0.0181683,0.0184209,0.0186358,0.0188078,0.0189689,0.019028,0.0191409,0.0192214,0.0192805,0.019361,0.0193557,0.0194094,0.0194577,0.0194955,0.0195598,0.019533,0.0195598,0.0195868,0.019619,0.0196459,0.0196889,0.0195922,0.0197049,0.0196513,0.0196835,0.0197264,0.0196781,0.0197532,0.0197426,0.0197049,0.019807,0.0197157,0.0197856,0.0197856,0.0197586,0.019791,0.0197694,0.0198178,0.0198016,0.0197964,0.0198016,0.0198285,0.0198178,0.019807,0.0198393,0.0198447,0.0198661,0.0198823,0.0198393,0.0199037,0.0198769,0.0198984,0.0199736,0.0198769,0.0200004,0.019936,0.0199252,0.0199306,0.019952,0.0199951,0.0199574,0.0199574,0.0199468,0.0199682,0.0199468,0.0199628,0.0200273,0.0200058,0.0200327,0.0200111,0.0200595,0.0200273,0.0200327,0.0200435,0.0200435,0.0200381,0.0200649,0.0200487,0.0200811,0.0200811,0.0200918,0.0200864,0.0201025,0.0201186,0.020124,0.0201402,0.0201079,0.020124,0.0201456,0.020167,0.0201348,0.020124,0.0201402,0.0201562,0.0201831,0.0201992,0.0201885,0.0202153,0.0201508,0.0202153,0.0202315,0.0202315,0.0202423,0.0202045,0.0202529,0.0202261,0.0202045,0.0202099,0.0202423,0.0202691,0.0202207,0.0202745,0.0202745,0.0202637,0.0202745,0.0202637,0.0202637,0.020296,0.020296,0.0203174,0.020312,0.0203174,0.0203174,0.0203174,0.0203066,0.0203012]},"pv_cell_parameters":{"voc":{"unit":"V","value":1.21},"isc":{"unit":"mA","value":1.9},"jsc":{"unit":"mA\/cm2","value":20.23},"vopt":{"unit":"mV","value":1040},"iopt":{"unit":"mA","value":1.75},"pmax":{"unit":"W","value":0.00182},"fill_factor":{"unit":"%","value":79.1},"efficiency":{"unit":"%","value":19.33},"cell_dimension":{"unit":"cm2","value":0.094},"irradiance":{"unit":"mW\/cm2","value":100}},"calculations":{"fitted_isc":{"unit":"mA","value":1.9},"fitted_voc":{"unit":"V","value":1.2},"rshunt":{"unit":"Kohm","value":14.48},"rseries":{"unit":"ohm","value":40.98}},"measurement_conditions":{"sweep_direction":{"unit":"","value":"Reverse"},"nplc":{"unit":"","value":0.01},"voltage_settling_time":{"unit":"s","value":0.01},"configuration_file":{"unit":"","value":"Configuration for I-V meas.conf"},"sample_id":{"unit":"","value":"R 13-2"},"note":{"unit":"","value":"\uc2dc\ub8cc\uc5d0 \uad00\ud55c \ubd80\uac00\uc801\uc778 \uc124\uba85\uc744 \uc774\uacf3\uc5d0 \uc801\uc73c\uc138\uc694. ^^"}},"key":"R 13-2_20220512"},{"V":{"unit":"V","value":[1.5,1.48995,1.4799,1.4698,1.45975,1.4497,1.43965,1.4296,1.41955,1.40945,1.3994,1.38935,1.3793,1.36925,1.35915,1.3491,1.33905,1.329,1.31895,1.3089,1.2988,1.28875,1.2787,1.26865,1.2586,1.2485,1.23845,1.2284,1.21835,1.2083,1.19825,1.18815,1.1781,1.16805,1.158,1.14795,1.13785,1.1278,1.11775,1.1077,1.09765,1.0876,1.0775,1.06745,1.0574,1.04735,1.0373,1.0272,1.01715,1.0071,0.99705,0.987,0.97695,0.96685,0.9568,0.94675,0.9367,0.92665,0.91655,0.9065,0.89645,0.8864,0.87635,0.86625,0.8562,0.84615,0.8361,0.82605,0.816,0.8059,0.79585,0.7858,0.77575,0.7657,0.7556,0.74555,0.7355,0.72545,0.7154,0.70535,0.69525,0.6852,0.67515,0.6651,0.65505,0.64495,0.6349,0.62485,0.6148,0.60475,0.5947,0.5846,0.57455,0.5645,0.55445,0.5444,0.5343,0.52425,0.5142,0.50415,0.4941,0.48405,0.47395,0.4639,0.45385,0.4438,0.43375,0.42365,0.4136,0.40355,0.3935,0.38345,0.3734,0.3633,0.35325,0.3432,0.33315,0.3231,0.313,0.30295,0.2929,0.28285,0.2728,0.2627,0.25265,0.2426,0.23255,0.2225,0.21245,0.20235,0.1923,0.18225,0.1722,0.16215,0.15205,0.142,0.13195,0.1219,0.11185,0.1018,0.0917,0.08165,0.0716,0.06155,0.0515,0.0414,0.03135,0.0213,0.01125,0.0012,-0.00885,-0.01895,-0.029,-0.03905,-0.0491,-0.05915,-0.06925,-0.0793,-0.08935,-0.0994,-0.10945,-0.1195,-0.1296,-0.13965,-0.1497,-0.15975,-0.1698,-0.1799,-0.18995,-0.2]},"I":{"unit":"A","value":[-0.0120799,-0.0129812,-0.0127611,-0.0122369,-0.0116653,-0.0110866,-0.0105346,-0.00997055,-0.00941254,-0.00886767,-0.00833592,-0.0078072,-0.00730322,-0.00679874,-0.00630538,-0.00582161,-0.00535601,-0.00489546,-0.00445867,-0.00402084,-0.00360271,-0.0031952,-0.00280383,-0.00242813,-0.00206757,-0.00171609,-0.00138432,-0.00106668,-0.000767231,-0.000482932,-0.00021933,3.56883e-5,0.000265479,0.000477091,0.000673041,0.000848293,0.00100888,0.00114727,0.00126696,0.00137453,0.00146191,0.00153513,0.00159977,0.00165583,0.00169221,0.00171795,0.00174573,0.00176241,0.00177655,0.00178663,0.00179674,0.00180078,0.00180532,0.0018124,0.00181441,0.00182048,0.0018225,0.00182451,0.00182806,0.00182906,0.00183007,0.0018326,0.00183563,0.00183865,0.00183614,0.00183512,0.00183715,0.00184017,0.00184119,0.00183865,0.00183715,0.00184068,0.00184068,0.0018422,0.00184068,0.0018422,0.00184068,0.00184017,0.0018422,0.0018432,0.0018422,0.00184169,0.00184624,0.00184724,0.00184774,0.00185078,0.00184774,0.00184774,0.00184977,0.00185028,0.00185078,0.00184926,0.00185129,0.00184724,0.00184825,0.00184977,0.00184977,0.00185078,0.00184774,0.0018533,0.00185229,0.00185381,0.00185078,0.00186188,0.00184926,0.00185835,0.00185482,0.00185432,0.00186138,0.00185937,0.00185683,0.00186442,0.00186038,0.0018629,0.0018629,0.00186442,0.00186543,0.00186239,0.00186138,0.00186391,0.00186138,0.00186391,0.00186592,0.00186492,0.00186795,0.00186341,0.00186643,0.001873,0.00186492,0.00186947,0.00186744,0.00186896,0.0018725,0.00187097,0.001873,0.0018725,0.00187047,0.00187401,0.001873,0.00187401,0.00187148,0.00187351,0.00187755,0.00187603,0.00187653,0.00187907,0.00187704,0.00187552,0.00187503,0.00187503,0.00187452,0.00187907,0.00187856,0.00187957,0.00188159,0.00187856,0.00187957,0.00187805,0.00188057,0.00188006,0.0018826,0.00188108,0.00188108,0.00187957,0.00188057,0.00188159,0.00188209,0.00188108,0.00188866,0.00188412]},"J":{"unit":"A\/cm2","value":[-0.128509,-0.138098,-0.135756,-0.13018,-0.124099,-0.117942,-0.11207,-0.10607,-0.100133,-0.0943369,-0.08868,-0.0830553,-0.0776939,-0.0723271,-0.0670785,-0.0619321,-0.0569789,-0.0520794,-0.0474326,-0.0427749,-0.0383267,-0.0339914,-0.029828,-0.0258312,-0.0219954,-0.0182563,-0.0147268,-0.0113477,-0.00816203,-0.00513757,-0.0023333,0.000379663,0.00282425,0.00507543,0.00716001,0.0090244,0.0107328,0.012205,0.0134783,0.0146226,0.0155522,0.0163312,0.0170189,0.0176152,0.0180022,0.0182761,0.0185716,0.018749,0.0188994,0.0190067,0.0191142,0.0191572,0.0192055,0.0192808,0.0193022,0.0193668,0.0193883,0.0194097,0.0194474,0.0194581,0.0194688,0.0194958,0.019528,0.0195601,0.0195334,0.0195226,0.0195441,0.0195763,0.0195871,0.0195601,0.0195441,0.0195817,0.0195817,0.0195979,0.0195817,0.0195979,0.0195817,0.0195763,0.0195979,0.0196085,0.0195979,0.0195925,0.0196408,0.0196515,0.0196569,0.0196892,0.0196569,0.0196569,0.0196784,0.0196838,0.0196892,0.019673,0.0196946,0.0196515,0.0196622,0.0196784,0.0196784,0.0196892,0.0196569,0.019716,0.0197052,0.0197214,0.0196892,0.0198073,0.019673,0.0197697,0.0197321,0.0197268,0.0198019,0.0197805,0.0197536,0.0198342,0.0197913,0.0198181,0.0198181,0.0198342,0.019845,0.0198127,0.0198019,0.0198289,0.0198019,0.0198289,0.0198502,0.0198396,0.0198718,0.0198235,0.0198556,0.0199255,0.0198396,0.019888,0.0198664,0.0198826,0.0199202,0.019904,0.0199255,0.0199202,0.0198986,0.0199363,0.0199255,0.0199363,0.0199094,0.0199309,0.0199739,0.0199577,0.0199631,0.0199901,0.0199685,0.0199523,0.0199471,0.0199471,0.0199417,0.0199901,0.0199847,0.0199955,0.0200169,0.0199847,0.0199955,0.0199793,0.0200061,0.0200007,0.0200276,0.0200115,0.0200115,0.0199955,0.0200061,0.0200169,0.0200222,0.0200115,0.0200922,0.0200438]},"pv_cell_parameters":{"voc":{"unit":"V","value":1.19},"isc":{"unit":"mA","value":1.88},"jsc":{"unit":"mA\/cm2","value":19.95},"vopt":{"unit":"mV","value":1040},"iopt":{"unit":"mA","value":1.75},"pmax":{"unit":"W","value":0.0018100000000000002},"fill_factor":{"unit":"%","value":81.28},"efficiency":{"unit":"%","value":19.26},"cell_dimension":{"unit":"cm2","value":0.094},"irradiance":{"unit":"mW\/cm2","value":100}},"calculations":{"fitted_isc":{"unit":"mA","value":1.88},"fitted_voc":{"unit":"V","value":1.19},"rshunt":{"unit":"Kohm","value":20.97},"rseries":{"unit":"ohm","value":40.48}},"measurement_conditions":{"sweep_direction":{"unit":"","value":"Reverse"},"nplc":{"unit":"","value":0.01},"voltage_settling_time":{"unit":"s","value":0.01},"configuration_file":{"unit":"","value":"Configuration for I-V meas.conf"},"sample_id":{"unit":"","value":"R 13-1"},"note":{"unit":"","value":"\uc2dc\ub8cc\uc5d0 \uad00\ud55c \ubd80\uac00\uc801\uc778 \uc124\uba85\uc744 \uc774\uacf3\uc5d0 \uc801\uc73c\uc138\uc694. ^^"}},"key":"R 13-1_20220512"}]},"jvcnt":7,"analysisInfo":{"JV":[{"efficiency":19.03,"fill_factor":77.83,"jsc":20.41,"voc":1.2,"key":"R 15-3_20220512","cell_dimension":0.094},{"efficiency":19.44,"fill_factor":79.21,"jsc":20.65,"voc":1.19,"key":"R 15-2_20220512","cell_dimension":0.094},{"efficiency":19.33,"fill_factor":79.24,"jsc":20.710000000000004,"voc":1.18,"key":"R 15-1_20220512","cell_dimension":0.094},{"efficiency":19.63,"fill_factor":79.26,"jsc":20.67,"voc":1.2,"key":"R 14-2_20220512","cell_dimension":0.094},{"efficiency":19.83,"fill_factor":80.73,"jsc":20.67,"voc":1.19,"key":"R 14-1_20220512","cell_dimension":0.094},{"efficiency":19.33,"fill_factor":79.1,"jsc":20.23,"voc":1.21,"key":"R 13-2_20220512","cell_dimension":0.094},{"efficiency":19.26,"fill_factor":81.28,"jsc":19.95,"voc":1.19,"key":"R 13-1_20220512","cell_dimension":0.094}]},"public":2,"analysis":{"JV":[{"V":{"unit":"V","value":[1.5,1.48995,1.4799,1.4698,1.45975,1.4497,1.43965,1.4296,1.41955,1.40945,1.3994,1.38935,1.3793,1.36925,1.35915,1.3491,1.33905,1.329,1.31895,1.3089,1.2988,1.28875,1.2787,1.26865,1.2586,1.2485,1.23845,1.2284,1.21835,1.2083,1.19825,1.18815,1.1781,1.16805,1.158,1.14795,1.13785,1.1278,1.11775,1.1077,1.09765,1.0876,1.0775,1.06745,1.0574,1.04735,1.0373,1.0272,1.01715,1.0071,0.99705,0.987,0.97695,0.96685,0.9568,0.94675,0.9367,0.92665,0.91655,0.9065,0.89645,0.8864,0.87635,0.86625,0.8562,0.84615,0.8361,0.82605,0.816,0.8059,0.79585,0.7858,0.77575,0.7657,0.7556,0.74555,0.7355,0.72545,0.7154,0.70535,0.69525,0.6852,0.67515,0.6651,0.65505,0.64495,0.6349,0.62485,0.6148,0.60475,0.5947,0.5846,0.57455,0.5645,0.55445,0.5444,0.5343,0.52425,0.5142,0.50415,0.4941,0.48405,0.47395,0.4639,0.45385,0.4438,0.43375,0.42365,0.4136,0.40355,0.3935,0.38345,0.3734,0.3633,0.35325,0.3432,0.33315,0.3231,0.313,0.30295,0.2929,0.28285,0.2728,0.2627,0.25265,0.2426,0.23255,0.2225,0.21245,0.20235,0.1923,0.18225,0.1722,0.16215,0.15205,0.142,0.13195,0.1219,0.11185,0.1018,0.0917,0.08165,0.0716,0.06155,0.0515,0.0414,0.03135,0.0213,0.01125,0.0012,-0.00885,-0.01895,-0.029,-0.03905,-0.0491,-0.05915,-0.06925,-0.0793,-0.08935,-0.0994,-0.10945,-0.1195,-0.1296,-0.13965,-0.1497,-0.15975,-0.1698,-0.1799,-0.18995,-0.2]},"I":{"unit":"A","value":[-0.0115271,-0.0118604,-0.011466,-0.0109833,-0.010447,-0.00991122,-0.00938353,-0.00887401,-0.00837611,-0.00789185,-0.00739344,-0.00690058,-0.00640875,-0.00593811,-0.00547455,-0.00502664,-0.00458984,-0.00417224,-0.00376371,-0.00337589,-0.00300069,-0.00263207,-0.00227809,-0.00194481,-0.00161506,-0.00130652,-0.00101212,-0.000735909,-0.000470295,-0.000223354,9.93907e-6,0.000228107,0.000427589,0.000610411,0.000774041,0.000932112,0.0010619,0.00118563,0.00128967,0.00137703,0.00145985,0.00152348,0.00157954,0.001626,0.00166136,0.00169569,0.00171641,0.00174165,0.00175175,0.00177145,0.00178054,0.0017866,0.00180176,0.00180832,0.00181085,0.00182043,0.00182499,0.00183003,0.00183457,0.00184114,0.00184417,0.0018467,0.00185074,0.00185277,0.00185427,0.00185882,0.00185882,0.00185932,0.00186387,0.00186135,0.00186539,0.00186589,0.0018664,0.00186993,0.00186689,0.0018679,0.00187346,0.00187346,0.00187448,0.00187498,0.00187245,0.00187498,0.00187649,0.00188154,0.00187902,0.00187902,0.00188054,0.00188054,0.00188458,0.00188407,0.00188609,0.00188509,0.00188761,0.00187953,0.0018871,0.00188761,0.0018871,0.00188912,0.00188811,0.00188811,0.00189215,0.00188761,0.00188862,0.00188963,0.00189568,0.00189114,0.00189316,0.00189468,0.00189568,0.00189619,0.0018972,0.0018972,0.00189771,0.00189821,0.00189923,0.00190124,0.00190377,0.00189872,0.00190124,0.00190073,0.00190477,0.00190225,0.00190225,0.00190377,0.00190327,0.00190528,0.00190426,0.0019068,0.00191134,0.00191084,0.0019073,0.00191033,0.00190781,0.00190982,0.00191084,0.00190982,0.00191487,0.00191335,0.00191185,0.00191134,0.00191235,0.00191791,0.00191589,0.00191386,0.00192043,0.0019184,0.00191487,0.0019169,0.00191386,0.0019184,0.0019184,0.00192295,0.00192195,0.00192144,0.00191942,0.00191993,0.00192295,0.00192295,0.00192195,0.00192599,0.00192447,0.00192548,0.00192599,0.00192952,0.001928,0.00192749,0.00192749,0.001927,0.00193003,0.00192952]},"J":{"unit":"A\/cm2","value":[-0.122629,-0.126174,-0.121979,-0.116843,-0.111138,-0.105439,-0.0998248,-0.0944044,-0.0891075,-0.0839558,-0.0786536,-0.0734104,-0.0681782,-0.0631714,-0.0582399,-0.0534749,-0.0488281,-0.0443855,-0.0400394,-0.0359137,-0.0319223,-0.0280007,-0.024235,-0.0206895,-0.0171815,-0.0138991,-0.0107672,-0.00782882,-0.00500314,-0.0023761,0.000105735,0.00242667,0.00454882,0.00649374,0.00823448,0.00991609,0.0112968,0.012613,0.0137199,0.0146493,0.0155303,0.0162072,0.0168036,0.0172979,0.017674,0.0180393,0.0182596,0.0185282,0.0186356,0.0188452,0.0189419,0.0190064,0.0191676,0.0192374,0.0192644,0.0193663,0.0194148,0.0194684,0.0195167,0.0195866,0.0196188,0.0196458,0.0196887,0.0197103,0.0197263,0.0197746,0.0197746,0.01978,0.0198284,0.0198016,0.0198445,0.0198499,0.0198553,0.0198929,0.0198606,0.0198713,0.0199305,0.0199305,0.0199412,0.0199466,0.0199197,0.0199466,0.0199626,0.0200164,0.0199896,0.0199896,0.0200058,0.0200058,0.0200487,0.0200433,0.0200647,0.0200541,0.0200809,0.019995,0.0200755,0.0200809,0.0200755,0.0200971,0.0200863,0.0200863,0.0201292,0.0200809,0.0200917,0.0201025,0.0201668,0.0201185,0.02014,0.0201562,0.0201668,0.0201722,0.020183,0.020183,0.0201884,0.0201938,0.0202045,0.0202259,0.0202529,0.0201992,0.0202259,0.0202206,0.0202635,0.0202367,0.0202367,0.0202529,0.0202475,0.0202689,0.0202581,0.0202851,0.0203334,0.020328,0.0202905,0.0203226,0.0202959,0.0203173,0.020328,0.0203173,0.020371,0.0203548,0.0203388,0.0203334,0.0203442,0.0204033,0.0203818,0.0203602,0.0204301,0.0204086,0.020371,0.0203926,0.0203602,0.0204086,0.0204086,0.0204569,0.0204463,0.0204409,0.0204194,0.0204247,0.0204569,0.0204569,0.0204463,0.0204893,0.0204731,0.0204839,0.0204893,0.0205268,0.0205107,0.0205053,0.0205053,0.0205,0.0205322,0.0205268]},"pv_cell_parameters":{"voc":{"unit":"V","value":1.2},"isc":{"unit":"mA","value":1.9200000000000002},"jsc":{"unit":"mA\/cm2","value":20.41},"vopt":{"unit":"mV","value":1030},"iopt":{"unit":"mA","value":1.74},"pmax":{"unit":"W","value":0.0017900000000000001},"fill_factor":{"unit":"%","value":77.83},"efficiency":{"unit":"%","value":19.03},"cell_dimension":{"unit":"cm2","value":0.094},"irradiance":{"unit":"mW\/cm2","value":100}},"calculations":{"fitted_isc":{"unit":"mA","value":1.9200000000000002},"fitted_voc":{"unit":"V","value":1.2},"rshunt":{"unit":"Kohm","value":29.82},"rseries":{"unit":"ohm","value":43.41}},"measurement_conditions":{"sweep_direction":{"unit":"","value":"Reverse"},"nplc":{"unit":"","value":0.01},"voltage_settling_time":{"unit":"s","value":0.01},"configuration_file":{"unit":"","value":"Configuration for I-V meas.conf"},"sample_id":{"unit":"","value":"R 15-3"},"note":{"unit":"","value":"\uc2dc\ub8cc\uc5d0 \uad00\ud55c \ubd80\uac00\uc801\uc778 \uc124\uba85\uc744 \uc774\uacf3\uc5d0 \uc801\uc73c\uc138\uc694. ^^"}},"key":"R 15-3_20220512","sweep_direction":{"unit":"","value":"Reverse"},"jsc":{"unit":"mA\/cm2","value":20.41},"voc":{"unit":"V","value":1.2},"efficiency":{"unit":"%","value":19.03},"fill_factor":{"unit":"%","value":77.83},"cell_dimension":{"unit":"cm2","value":0.094}},{"V":{"unit":"V","value":[1.5,1.48995,1.4799,1.4698,1.45975,1.4497,1.43965,1.4296,1.41955,1.40945,1.3994,1.38935,1.3793,1.36925,1.35915,1.3491,1.33905,1.329,1.31895,1.3089,1.2988,1.28875,1.2787,1.26865,1.2586,1.2485,1.23845,1.2284,1.21835,1.2083,1.19825,1.18815,1.1781,1.16805,1.158,1.14795,1.13785,1.1278,1.11775,1.1077,1.09765,1.0876,1.0775,1.06745,1.0574,1.04735,1.0373,1.0272,1.01715,1.0071,0.99705,0.987,0.97695,0.96685,0.9568,0.94675,0.9367,0.92665,0.91655,0.9065,0.89645,0.8864,0.87635,0.86625,0.8562,0.84615,0.8361,0.82605,0.816,0.8059,0.79585,0.7858,0.77575,0.7657,0.7556,0.74555,0.7355,0.72545,0.7154,0.70535,0.69525,0.6852,0.67515,0.6651,0.65505,0.64495,0.6349,0.62485,0.6148,0.60475,0.5947,0.5846,0.57455,0.5645,0.55445,0.5444,0.5343,0.52425,0.5142,0.50415,0.4941,0.48405,0.47395,0.4639,0.45385,0.4438,0.43375,0.42365,0.4136,0.40355,0.3935,0.38345,0.3734,0.3633,0.35325,0.3432,0.33315,0.3231,0.313,0.30295,0.2929,0.28285,0.2728,0.2627,0.25265,0.2426,0.23255,0.2225,0.21245,0.20235,0.1923,0.18225,0.1722,0.16215,0.15205,0.142,0.13195,0.1219,0.11185,0.1018,0.0917,0.08165,0.0716,0.06155,0.0515,0.0414,0.03135,0.0213,0.01125,0.0012,-0.00885,-0.01895,-0.029,-0.03905,-0.0491,-0.05915,-0.06925,-0.0793,-0.08935,-0.0994,-0.10945,-0.1195,-0.1296,-0.13965,-0.1497,-0.15975,-0.1698,-0.1799,-0.18995,-0.2]},"I":{"unit":"A","value":[-0.0117353,-0.0120808,-0.0116697,-0.0111667,-0.0106445,-0.0101254,-0.00961839,-0.00911085,-0.00861242,-0.00811146,-0.0076201,-0.0071464,-0.00667423,-0.00621469,-0.00576675,-0.00532842,-0.0049037,-0.00449465,-0.00408915,-0.00368969,-0.00330892,-0.00293724,-0.00258273,-0.00223377,-0.00189896,-0.0015793,-0.00127074,-0.000979871,-0.000700593,-0.00043951,-0.000189036,4.57913e-5,0.000266999,0.000467509,0.000652358,0.000827104,0.000976101,0.00111851,0.0012372,0.00134832,0.00143973,0.00152104,0.00159024,0.00164074,0.0016872,0.00172205,0.00174881,0.00177862,0.00179428,0.00180893,0.00182003,0.00183165,0.0018377,0.0018473,0.00185437,0.00185689,0.00186448,0.0018675,0.00186801,0.00187154,0.00187659,0.00187458,0.00187811,0.00188316,0.00188418,0.00188923,0.00189124,0.00188872,0.00189175,0.00189225,0.00189023,0.00189175,0.00189528,0.00189528,0.00189528,0.00190134,0.0018973,0.00189932,0.00190134,0.00189982,0.00190033,0.00189932,0.00189982,0.00190286,0.00190033,0.00190538,0.00189982,0.00190589,0.00190639,0.00190842,0.00190741,0.00191094,0.00190842,0.00190538,0.00190741,0.00191246,0.00190993,0.00191599,0.00190993,0.00191851,0.00191346,0.00191701,0.00191498,0.00191701,0.00191447,0.00191851,0.00192155,0.00191952,0.00192206,0.00192407,0.00192003,0.00192407,0.00192407,0.00192356,0.00192155,0.00192356,0.00192206,0.00192559,0.00192256,0.00192508,0.00192356,0.00192811,0.00192508,0.00192811,0.0019276,0.00193316,0.00193115,0.00193165,0.00193265,0.00192407,0.00193216,0.00193569,0.00193064,0.00193316,0.00193216,0.00193165,0.00193417,0.0019367,0.00193468,0.00193518,0.00193569,0.0019367,0.0019377,0.00193821,0.00194125,0.00193366,0.00193973,0.00194074,0.00193973,0.00194125,0.00194024,0.00193569,0.00194377,0.00193872,0.0019473,0.00194074,0.00194427,0.00194579,0.00194326,0.00194427,0.00194478,0.00194427,0.00194831,0.0019473,0.0019478,0.00195235,0.00194679,0.00194933,0.00194933,0.00194679]},"J":{"unit":"A\/cm2","value":[-0.124844,-0.128519,-0.124146,-0.118795,-0.11324,-0.107717,-0.102323,-0.096924,-0.0916215,-0.0862921,-0.0810649,-0.0760256,-0.0710024,-0.0661138,-0.0613484,-0.0566853,-0.0521671,-0.0478154,-0.0435016,-0.039252,-0.0352013,-0.0312473,-0.0274758,-0.0237635,-0.0202017,-0.0168011,-0.0135185,-0.0104242,-0.00745312,-0.00467564,-0.00201102,0.000487141,0.00284041,0.0049735,0.00693998,0.00879898,0.010384,0.0118991,0.0131617,0.0143438,0.0153163,0.0161812,0.0169174,0.0174546,0.0179489,0.0183197,0.0186044,0.0189215,0.0190881,0.0192439,0.019362,0.0194856,0.01955,0.0196521,0.0197274,0.0197542,0.0198349,0.0198671,0.0198724,0.01991,0.0199638,0.0199424,0.0199799,0.0200337,0.0200444,0.0200982,0.0201196,0.0200928,0.020125,0.0201304,0.0201088,0.020125,0.0201625,0.0201625,0.0201625,0.0202271,0.0201841,0.0202055,0.0202271,0.0202109,0.0202163,0.0202055,0.0202109,0.0202432,0.0202163,0.02027,0.0202109,0.0202754,0.0202808,0.0203024,0.0202916,0.0203291,0.0203024,0.02027,0.0202916,0.0203453,0.0203184,0.0203829,0.0203184,0.0204097,0.0203559,0.0203937,0.0203721,0.0203937,0.0203667,0.0204097,0.020442,0.0204205,0.0204474,0.0204688,0.0204259,0.0204688,0.0204688,0.0204634,0.020442,0.0204634,0.0204474,0.020485,0.0204528,0.0204796,0.0204634,0.0205118,0.0204796,0.0205118,0.0205064,0.0205655,0.0205441,0.0205495,0.0205601,0.0204688,0.0205549,0.0205925,0.0205387,0.0205655,0.0205549,0.0205495,0.0205763,0.0206032,0.0205817,0.0205871,0.0205925,0.0206032,0.0206139,0.0206192,0.0206516,0.0205709,0.0206354,0.0206462,0.0206354,0.0206516,0.0206408,0.0205925,0.0206784,0.0206246,0.0207159,0.0206462,0.0206838,0.0206999,0.020673,0.0206838,0.0206891,0.0206838,0.0207267,0.0207159,0.0207213,0.0207697,0.0207106,0.0207375,0.0207375,0.0207106]},"pv_cell_parameters":{"voc":{"unit":"V","value":1.19},"isc":{"unit":"mA","value":1.94},"jsc":{"unit":"mA\/cm2","value":20.65},"vopt":{"unit":"mV","value":1030},"iopt":{"unit":"mA","value":1.78},"pmax":{"unit":"W","value":0.00183},"fill_factor":{"unit":"%","value":79.21},"efficiency":{"unit":"%","value":19.44},"cell_dimension":{"unit":"cm2","value":0.094},"irradiance":{"unit":"mW\/cm2","value":100}},"calculations":{"fitted_isc":{"unit":"mA","value":1.94},"fitted_voc":{"unit":"V","value":1.19},"rshunt":{"unit":"Kohm","value":16.7},"rseries":{"unit":"ohm","value":43.1}},"measurement_conditions":{"sweep_direction":{"unit":"","value":"Reverse"},"nplc":{"unit":"","value":0.01},"voltage_settling_time":{"unit":"s","value":0.01},"configuration_file":{"unit":"","value":"Configuration for I-V meas.conf"},"sample_id":{"unit":"","value":"R 15-2"},"note":{"unit":"","value":"\uc2dc\ub8cc\uc5d0 \uad00\ud55c \ubd80\uac00\uc801\uc778 \uc124\uba85\uc744 \uc774\uacf3\uc5d0 \uc801\uc73c\uc138\uc694. ^^"}},"key":"R 15-2_20220512","sweep_direction":{"unit":"","value":"Reverse"},"jsc":{"unit":"mA\/cm2","value":20.65},"voc":{"unit":"V","value":1.19},"efficiency":{"unit":"%","value":19.44},"fill_factor":{"unit":"%","value":79.21},"cell_dimension":{"unit":"cm2","value":0.094}},{"V":{"unit":"V","value":[1.5,1.48995,1.4799,1.4698,1.45975,1.4497,1.43965,1.4296,1.41955,1.40945,1.3994,1.38935,1.3793,1.36925,1.35915,1.3491,1.33905,1.329,1.31895,1.3089,1.2988,1.28875,1.2787,1.26865,1.2586,1.2485,1.23845,1.2284,1.21835,1.2083,1.19825,1.18815,1.1781,1.16805,1.158,1.14795,1.13785,1.1278,1.11775,1.1077,1.09765,1.0876,1.0775,1.06745,1.0574,1.04735,1.0373,1.0272,1.01715,1.0071,0.99705,0.987,0.97695,0.96685,0.9568,0.94675,0.9367,0.92665,0.91655,0.9065,0.89645,0.8864,0.87635,0.86625,0.8562,0.84615,0.8361,0.82605,0.816,0.8059,0.79585,0.7858,0.77575,0.7657,0.7556,0.74555,0.7355,0.72545,0.7154,0.70535,0.69525,0.6852,0.67515,0.6651,0.65505,0.64495,0.6349,0.62485,0.6148,0.60475,0.5947,0.5846,0.57455,0.5645,0.55445,0.5444,0.5343,0.52425,0.5142,0.50415,0.4941,0.48405,0.47395,0.4639,0.45385,0.4438,0.43375,0.42365,0.4136,0.40355,0.3935,0.38345,0.3734,0.3633,0.35325,0.3432,0.33315,0.3231,0.313,0.30295,0.2929,0.28285,0.2728,0.2627,0.25265,0.2426,0.23255,0.2225,0.21245,0.20235,0.1923,0.18225,0.1722,0.16215,0.15205,0.142,0.13195,0.1219,0.11185,0.1018,0.0917,0.08165,0.0716,0.06155,0.0515,0.0414,0.03135,0.0213,0.01125,0.0012,-0.00885,-0.01895,-0.029,-0.03905,-0.0491,-0.05915,-0.06925,-0.0793,-0.08935,-0.0994,-0.10945,-0.1195,-0.1296,-0.13965,-0.1497,-0.15975,-0.1698,-0.1799,-0.18995,-0.2]},"I":{"unit":"A","value":[-0.0125105,-0.0136382,-0.0134039,-0.0129069,-0.012358,-0.0117979,-0.0112324,-0.0106683,-0.0101128,-0.00955979,-0.00901642,-0.00849021,-0.00796603,-0.00744839,-0.0069444,-0.00644699,-0.00596875,-0.00550214,-0.00503905,-0.00459768,-0.00415833,-0.0037422,-0.00333417,-0.00294431,-0.00256707,-0.00220498,-0.00185402,-0.00152071,-0.00120862,-0.000906631,-0.000620305,-0.000350639,-9.71258e-5,0.00013721,0.000354886,0.000558928,0.000745296,0.000912964,0.00106448,0.0011968,0.001316,0.00141801,0.0015064,0.00157912,0.00163923,0.00168821,0.00172964,0.00176095,0.0017862,0.00180185,0.00181903,0.00183216,0.00184277,0.00185286,0.0018564,0.00186245,0.00186296,0.00187054,0.00187205,0.0018761,0.00187913,0.00188266,0.00188164,0.00188266,0.00188872,0.00188519,0.00189024,0.00188974,0.00189327,0.00189124,0.00188974,0.00189276,0.00189579,0.00189479,0.00189933,0.00190033,0.00190134,0.00189984,0.00190337,0.00190488,0.00190286,0.00190286,0.00190084,0.00190792,0.00190589,0.00190538,0.00191043,0.00190589,0.00191195,0.00190993,0.00191043,0.00191145,0.00191599,0.00191043,0.00191094,0.00191447,0.00191599,0.00191599,0.00191802,0.00191447,0.0019165,0.00191599,0.00192104,0.00192206,0.00191852,0.00192104,0.00192256,0.00192812,0.00192206,0.00192861,0.00192711,0.00192711,0.00192711,0.00192104,0.00193569,0.00192812,0.00193267,0.00192861,0.00192609,0.00193317,0.00193267,0.00193115,0.00193216,0.00193366,0.00192812,0.0019362,0.00193366,0.00193267,0.00193518,0.00193267,0.00193721,0.0019367,0.00193267,0.00193973,0.00193366,0.00194176,0.00193922,0.00193973,0.00194125,0.00194074,0.00194275,0.00194074,0.00194579,0.00194275,0.00194326,0.00194226,0.00194176,0.00194882,0.00194176,0.0019463,0.00194176,0.00194681,0.00194933,0.00194579,0.00194831,0.0019478,0.00194882,0.00194831,0.00194983,0.00195186,0.00194882,0.00195488,0.00194326,0.0019559,0.00195235,0.00194983,0.00195539,0.00194983,0.00195488,0.00195186]},"J":{"unit":"A\/cm2","value":[-0.133091,-0.145087,-0.142594,-0.137308,-0.131468,-0.12551,-0.119493,-0.113492,-0.107583,-0.1017,-0.0959194,-0.0903213,-0.084745,-0.0792382,-0.0738766,-0.068585,-0.0634973,-0.0585334,-0.0536069,-0.0489115,-0.0442376,-0.0398107,-0.0354698,-0.0313224,-0.0273092,-0.0234573,-0.0197236,-0.0161777,-0.0128576,-0.00964501,-0.00659899,-0.0037302,-0.00103325,0.00145968,0.00377538,0.00594604,0.00792869,0.00971239,0.0113242,0.0127319,0.014,0.0150852,0.0160256,0.0167992,0.0174386,0.0179597,0.0184004,0.0187335,0.0190021,0.0191686,0.0193514,0.019491,0.0196039,0.0197112,0.019749,0.0198133,0.0198187,0.0198994,0.0199154,0.0199585,0.0199907,0.0200283,0.0200175,0.0200283,0.0200928,0.0200552,0.020109,0.0201036,0.0201411,0.0201196,0.0201036,0.0201357,0.0201679,0.0201573,0.0202057,0.0202163,0.0202271,0.020211,0.0202486,0.0202646,0.0202432,0.0202432,0.0202217,0.020297,0.0202754,0.02027,0.0203238,0.0202754,0.0203399,0.0203184,0.0203238,0.0203345,0.0203829,0.0203238,0.0203291,0.0203667,0.0203829,0.0203829,0.0204044,0.0203667,0.0203883,0.0203829,0.0204366,0.0204474,0.0204098,0.0204366,0.0204528,0.0205119,0.0204474,0.0205172,0.0205011,0.0205011,0.0205011,0.0204366,0.0205925,0.0205119,0.0205603,0.0205172,0.0204904,0.0205657,0.0205603,0.0205441,0.0205549,0.0205709,0.0205119,0.0205978,0.0205709,0.0205603,0.0205871,0.0205603,0.0206086,0.0206032,0.0205603,0.0206354,0.0205709,0.020657,0.02063,0.0206354,0.0206516,0.0206462,0.0206676,0.0206462,0.0206999,0.0206676,0.020673,0.0206624,0.020657,0.0207321,0.020657,0.0207053,0.020657,0.0207107,0.0207375,0.0206999,0.0207267,0.0207213,0.0207321,0.0207267,0.0207429,0.0207644,0.0207321,0.0207966,0.020673,0.0208074,0.0207697,0.0207429,0.020802,0.0207429,0.0207966,0.0207644]},"pv_cell_parameters":{"voc":{"unit":"V","value":1.18},"isc":{"unit":"mA","value":1.95},"jsc":{"unit":"mA\/cm2","value":20.710000000000004},"vopt":{"unit":"mV","value":1020},"iopt":{"unit":"mA","value":1.79},"pmax":{"unit":"W","value":0.00182},"fill_factor":{"unit":"%","value":79.24},"efficiency":{"unit":"%","value":19.33},"cell_dimension":{"unit":"cm2","value":0.094},"irradiance":{"unit":"mW\/cm2","value":100}},"calculations":{"fitted_isc":{"unit":"mA","value":1.95},"fitted_voc":{"unit":"V","value":1.17},"rshunt":{"unit":"Kohm","value":19.37},"rseries":{"unit":"ohm","value":39.9}},"measurement_conditions":{"sweep_direction":{"unit":"","value":"Reverse"},"nplc":{"unit":"","value":0.01},"voltage_settling_time":{"unit":"s","value":0.01},"configuration_file":{"unit":"","value":"Configuration for I-V meas.conf"},"sample_id":{"unit":"","value":"R 15-1"},"note":{"unit":"","value":"\uc2dc\ub8cc\uc5d0 \uad00\ud55c \ubd80\uac00\uc801\uc778 \uc124\uba85\uc744 \uc774\uacf3\uc5d0 \uc801\uc73c\uc138\uc694. ^^"}},"key":"R 15-1_20220512","sweep_direction":{"unit":"","value":"Reverse"},"jsc":{"unit":"mA\/cm2","value":20.710000000000004},"voc":{"unit":"V","value":1.18},"efficiency":{"unit":"%","value":19.33},"fill_factor":{"unit":"%","value":79.24},"cell_dimension":{"unit":"cm2","value":0.094}},{"V":{"unit":"V","value":[1.5,1.48995,1.4799,1.4698,1.45975,1.4497,1.43965,1.4296,1.41955,1.40945,1.3994,1.38935,1.3793,1.36925,1.35915,1.3491,1.33905,1.329,1.31895,1.3089,1.2988,1.28875,1.2787,1.26865,1.2586,1.2485,1.23845,1.2284,1.21835,1.2083,1.19825,1.18815,1.1781,1.16805,1.158,1.14795,1.13785,1.1278,1.11775,1.1077,1.09765,1.0876,1.0775,1.06745,1.0574,1.04735,1.0373,1.0272,1.01715,1.0071,0.99705,0.987,0.97695,0.96685,0.9568,0.94675,0.9367,0.92665,0.91655,0.9065,0.89645,0.8864,0.87635,0.86625,0.8562,0.84615,0.8361,0.82605,0.816,0.8059,0.79585,0.7858,0.77575,0.7657,0.7556,0.74555,0.7355,0.72545,0.7154,0.70535,0.69525,0.6852,0.67515,0.6651,0.65505,0.64495,0.6349,0.62485,0.6148,0.60475,0.5947,0.5846,0.57455,0.5645,0.55445,0.5444,0.5343,0.52425,0.5142,0.50415,0.4941,0.48405,0.47395,0.4639,0.45385,0.4438,0.43375,0.42365,0.4136,0.40355,0.3935,0.38345,0.3734,0.3633,0.35325,0.3432,0.33315,0.3231,0.313,0.30295,0.2929,0.28285,0.2728,0.2627,0.25265,0.2426,0.23255,0.2225,0.21245,0.20235,0.1923,0.18225,0.1722,0.16215,0.15205,0.142,0.13195,0.1219,0.11185,0.1018,0.0917,0.08165,0.0716,0.06155,0.0515,0.0414,0.03135,0.0213,0.01125,0.0012,-0.00885,-0.01895,-0.029,-0.03905,-0.0491,-0.05915,-0.06925,-0.0793,-0.08935,-0.0994,-0.10945,-0.1195,-0.1296,-0.13965,-0.1497,-0.15975,-0.1698,-0.1799,-0.18995,-0.2]},"I":{"unit":"A","value":[-0.0113253,-0.01155,-0.0111072,-0.01058,-0.0100634,-0.00955184,-0.00904281,-0.00852975,-0.00804043,-0.00754757,-0.00707138,-0.00660579,-0.0061508,-0.00570339,-0.00526609,-0.00484088,-0.00442226,-0.00402534,-0.003636,-0.00325626,-0.00288561,-0.00252707,-0.00218268,-0.00185494,-0.0015353,-0.00122777,-0.000937909,-0.00065966,-0.000398084,-0.000149131,8.16584e-5,0.000300333,0.000499815,0.00068365,0.000846267,0.0010003,0.00113413,0.00125129,0.00135785,0.00144473,0.00152552,0.00158866,0.00164421,0.00168765,0.00172098,0.0017533,0.00177249,0.00179672,0.00181086,0.0018245,0.00183561,0.00184219,0.00185229,0.00185885,0.00186339,0.00186895,0.00187451,0.00187804,0.00188056,0.0018836,0.00188915,0.00188865,0.00189015,0.00189421,0.00189218,0.00189622,0.00189924,0.00189723,0.00190178,0.00189875,0.00189774,0.00190379,0.00190632,0.00190279,0.00190733,0.00190228,0.00191036,0.00190531,0.0019033,0.00191188,0.00190379,0.00191289,0.00190581,0.00190581,0.00191541,0.00190784,0.00191188,0.00191238,0.00190835,0.0019144,0.00191793,0.00190985,0.0019149,0.00191289,0.00191541,0.00192097,0.00191894,0.00192046,0.00192046,0.00191945,0.00192147,0.00191844,0.00192147,0.00192551,0.00191693,0.0019245,0.00192046,0.00192349,0.00192653,0.00192247,0.0019245,0.00192653,0.00192551,0.00192753,0.00192653,0.00192854,0.00192753,0.00193107,0.00192854,0.00192753,0.00193107,0.00192904,0.00193258,0.00193006,0.00193207,0.0019346,0.00193056,0.0019341,0.0019346,0.00193612,0.00193511,0.00193207,0.0019341,0.0019346,0.00193712,0.00193612,0.00193813,0.00193763,0.00193763,0.00194067,0.00193612,0.00194016,0.00193965,0.00194067,0.00194369,0.00194621,0.00194116,0.00194268,0.0019442,0.00194319,0.00194369,0.00194167,0.00194067,0.00194319,0.00194067,0.00194268,0.00194369,0.00194319,0.00194067,0.0019442,0.0019442,0.00194521,0.00194217,0.00194672,0.00194369,0.00194572,0.00194217,0.00194722,0.00194572,0.00194217]},"J":{"unit":"A\/cm2","value":[-0.120482,-0.122873,-0.118161,-0.112553,-0.107057,-0.101615,-0.0962001,-0.090742,-0.0855365,-0.0802933,-0.0752274,-0.0702744,-0.065434,-0.0606744,-0.0560222,-0.0514987,-0.0470453,-0.0428228,-0.0386809,-0.0346411,-0.030698,-0.0268838,-0.02322,-0.0197334,-0.0163329,-0.0130613,-0.00997775,-0.00701765,-0.00423494,-0.0015865,0.000868706,0.00319503,0.00531718,0.00727288,0.00900284,0.0106415,0.0120652,0.0133116,0.0144452,0.0153694,0.0162289,0.0169006,0.0174916,0.0179537,0.0183083,0.0186521,0.0188563,0.0191141,0.0192645,0.0194096,0.0195278,0.0195977,0.0197052,0.0197749,0.0198233,0.0198824,0.0199416,0.0199791,0.0200059,0.0200383,0.0200974,0.020092,0.020108,0.0201511,0.0201296,0.0201725,0.0202047,0.0201833,0.0202317,0.0201995,0.0201887,0.0202531,0.02028,0.0202424,0.0202908,0.020237,0.020323,0.0202692,0.0202478,0.0203391,0.0202531,0.0203499,0.0202746,0.0202746,0.0203767,0.0202962,0.0203391,0.0203445,0.0203016,0.0203659,0.0204035,0.0203176,0.0203713,0.0203499,0.0203767,0.0204358,0.0204143,0.0204304,0.0204304,0.0204197,0.0204412,0.0204089,0.0204412,0.0204842,0.0203929,0.0204734,0.0204304,0.0204626,0.020495,0.0204518,0.0204734,0.020495,0.0204842,0.0205056,0.020495,0.0205164,0.0205056,0.0205433,0.0205164,0.0205056,0.0205433,0.0205218,0.0205593,0.0205325,0.0205539,0.0205809,0.0205379,0.0205755,0.0205809,0.0205971,0.0205863,0.0205539,0.0205755,0.0205809,0.0206077,0.0205971,0.0206184,0.0206131,0.0206131,0.0206454,0.0205971,0.02064,0.0206346,0.0206454,0.0206776,0.0207044,0.0206506,0.0206668,0.020683,0.0206722,0.0206776,0.020656,0.0206454,0.0206722,0.0206454,0.0206668,0.0206776,0.0206722,0.0206454,0.020683,0.020683,0.0206937,0.0206614,0.0207098,0.0206776,0.0206991,0.0206614,0.0207151,0.0206991,0.0206614]},"pv_cell_parameters":{"voc":{"unit":"V","value":1.2},"isc":{"unit":"mA","value":1.94},"jsc":{"unit":"mA\/cm2","value":20.67},"vopt":{"unit":"mV","value":1030},"iopt":{"unit":"mA","value":1.8000000000000003},"pmax":{"unit":"W","value":0.00185},"fill_factor":{"unit":"%","value":79.26},"efficiency":{"unit":"%","value":19.63},"cell_dimension":{"unit":"cm2","value":0.094},"irradiance":{"unit":"mW\/cm2","value":100}},"calculations":{"fitted_isc":{"unit":"mA","value":1.94},"fitted_voc":{"unit":"V","value":1.2},"rshunt":{"unit":"Kohm","value":132.14000000000001},"rseries":{"unit":"ohm","value":43.51}},"measurement_conditions":{"sweep_direction":{"unit":"","value":"Reverse"},"nplc":{"unit":"","value":0.01},"voltage_settling_time":{"unit":"s","value":0.01},"configuration_file":{"unit":"","value":"Configuration for I-V meas.conf"},"sample_id":{"unit":"","value":"R 14-2"},"note":{"unit":"","value":"\uc2dc\ub8cc\uc5d0 \uad00\ud55c \ubd80\uac00\uc801\uc778 \uc124\uba85\uc744 \uc774\uacf3\uc5d0 \uc801\uc73c\uc138\uc694. ^^"}},"key":"R 14-2_20220512","sweep_direction":{"unit":"","value":"Reverse"},"jsc":{"unit":"mA\/cm2","value":20.67},"voc":{"unit":"V","value":1.2},"efficiency":{"unit":"%","value":19.63},"fill_factor":{"unit":"%","value":79.26},"cell_dimension":{"unit":"cm2","value":0.094}},{"V":{"unit":"V","value":[1.5,1.48995,1.4799,1.4698,1.45975,1.4497,1.43965,1.4296,1.41955,1.40945,1.3994,1.38935,1.3793,1.36925,1.35915,1.3491,1.33905,1.329,1.31895,1.3089,1.2988,1.28875,1.2787,1.26865,1.2586,1.2485,1.23845,1.2284,1.21835,1.2083,1.19825,1.18815,1.1781,1.16805,1.158,1.14795,1.13785,1.1278,1.11775,1.1077,1.09765,1.0876,1.0775,1.06745,1.0574,1.04735,1.0373,1.0272,1.01715,1.0071,0.99705,0.987,0.97695,0.96685,0.9568,0.94675,0.9367,0.92665,0.91655,0.9065,0.89645,0.8864,0.87635,0.86625,0.8562,0.84615,0.8361,0.82605,0.816,0.8059,0.79585,0.7858,0.77575,0.7657,0.7556,0.74555,0.7355,0.72545,0.7154,0.70535,0.69525,0.6852,0.67515,0.6651,0.65505,0.64495,0.6349,0.62485,0.6148,0.60475,0.5947,0.5846,0.57455,0.5645,0.55445,0.5444,0.5343,0.52425,0.5142,0.50415,0.4941,0.48405,0.47395,0.4639,0.45385,0.4438,0.43375,0.42365,0.4136,0.40355,0.3935,0.38345,0.3734,0.3633,0.35325,0.3432,0.33315,0.3231,0.313,0.30295,0.2929,0.28285,0.2728,0.2627,0.25265,0.2426,0.23255,0.2225,0.21245,0.20235,0.1923,0.18225,0.1722,0.16215,0.15205,0.142,0.13195,0.1219,0.11185,0.1018,0.0917,0.08165,0.0716,0.06155,0.0515,0.0414,0.03135,0.0213,0.01125,0.0012,-0.00885,-0.01895,-0.029,-0.03905,-0.0491,-0.05915,-0.06925,-0.0793,-0.08935,-0.0994,-0.10945,-0.1195,-0.1296,-0.13965,-0.1497,-0.15975,-0.1698,-0.1799,-0.18995,-0.2]},"I":{"unit":"A","value":[-0.0125464,-0.0127504,-0.0122979,-0.0117581,-0.0112,-0.0106652,-0.0101204,-0.00959364,-0.00907399,-0.00856546,-0.00806045,-0.00757363,-0.00709237,-0.00662121,-0.00613691,-0.00567888,-0.00524963,-0.00482392,-0.00440679,-0.00399774,-0.00359979,-0.00321399,-0.00283825,-0.00247668,-0.00212874,-0.00179291,-0.0014687,-0.00116217,-0.000868767,-0.000587985,-0.000322357,-7.44015e-5,0.000162959,0.000380635,0.0005766,0.000764474,0.000934675,0.00108518,0.00121801,0.0013357,0.00143619,0.00152357,0.00159679,0.0016564,0.00170791,0.0017468,0.00177963,0.00180487,0.00183216,0.0018468,0.00185791,0.00186549,0.00187205,0.00188266,0.00188619,0.00189073,0.00189023,0.00189781,0.00189883,0.0018973,0.00190639,0.00190437,0.00190741,0.0019069,0.0019069,0.00191195,0.00191396,0.00191094,0.00190842,0.00191145,0.00191346,0.00191396,0.00191246,0.00191599,0.00190942,0.00191599,0.0019165,0.00191548,0.00191751,0.00191447,0.001918,0.00192054,0.00191851,0.00191952,0.00192457,0.00192003,0.00192559,0.00192457,0.00192104,0.0019276,0.00192155,0.00192457,0.00192407,0.001918,0.00193064,0.00192256,0.00192609,0.00192508,0.00192609,0.0019276,0.00192457,0.00192508,0.00192811,0.00192609,0.00193265,0.00192811,0.00193265,0.00193216,0.00193165,0.00193316,0.00193316,0.00193165,0.00193417,0.00193518,0.00193216,0.0019362,0.00193115,0.0019362,0.00194024,0.00193569,0.00193922,0.0019367,0.00193821,0.0019377,0.0019377,0.00193468,0.00193973,0.00193821,0.00194125,0.0019372,0.00194074,0.00194125,0.00194174,0.00194377,0.00194074,0.00194174,0.00194326,0.00194275,0.00194427,0.00194427,0.00194529,0.00194579,0.00194427,0.00194478,0.00194679,0.00194983,0.00194478,0.00194679,0.00194427,0.00194275,0.0019463,0.0019463,0.0019473,0.00194579,0.0019478,0.00194579,0.00194882,0.00194679,0.00194882,0.00194529,0.00194882,0.00194831,0.00194679,0.00195034,0.0019478,0.00194933,0.00194933,0.00195134,0.00195286,0.00195438]},"J":{"unit":"A\/cm2","value":[-0.133472,-0.135642,-0.130829,-0.125086,-0.119149,-0.11346,-0.107663,-0.10206,-0.0965318,-0.0911219,-0.0857495,-0.0805706,-0.0754508,-0.0704384,-0.0652863,-0.0604136,-0.0558472,-0.0513183,-0.0468808,-0.0425292,-0.0382957,-0.0341914,-0.0301942,-0.0263476,-0.0226461,-0.0190735,-0.0156245,-0.0123635,-0.00924221,-0.00625516,-0.00342933,-0.000791505,0.00173361,0.00404931,0.00613405,0.00813271,0.00994335,0.0115444,0.0129575,0.0142095,0.0152786,0.0162082,0.0169872,0.0176213,0.0181693,0.018583,0.0189322,0.0192008,0.019491,0.0196469,0.019765,0.0198456,0.0199154,0.0200283,0.0200658,0.0201142,0.0201088,0.0201895,0.0202003,0.0201841,0.0202808,0.0202592,0.0202916,0.0202862,0.0202862,0.0203399,0.0203613,0.0203291,0.0203024,0.0203345,0.0203559,0.0203613,0.0203453,0.0203829,0.020313,0.0203829,0.0203883,0.0203775,0.0203991,0.0203667,0.0204043,0.0204312,0.0204097,0.0204205,0.0204742,0.0204259,0.020485,0.0204742,0.0204366,0.0205064,0.020442,0.0204742,0.0204688,0.0204043,0.0205387,0.0204528,0.0204904,0.0204796,0.0204904,0.0205064,0.0204742,0.0204796,0.0205118,0.0204904,0.0205601,0.0205118,0.0205601,0.0205549,0.0205495,0.0205655,0.0205655,0.0205495,0.0205763,0.0205871,0.0205549,0.0205978,0.0205441,0.0205978,0.0206408,0.0205925,0.02063,0.0206032,0.0206192,0.0206139,0.0206139,0.0205817,0.0206354,0.0206192,0.0206516,0.0206085,0.0206462,0.0206516,0.0206568,0.0206784,0.0206462,0.0206568,0.020673,0.0206676,0.0206838,0.0206838,0.0206945,0.0206999,0.0206838,0.0206891,0.0207106,0.0207429,0.0206891,0.0207106,0.0206838,0.0206676,0.0207053,0.0207053,0.0207159,0.0206999,0.0207213,0.0206999,0.0207321,0.0207106,0.0207321,0.0206945,0.0207321,0.0207267,0.0207106,0.0207483,0.0207213,0.0207375,0.0207375,0.0207589,0.0207751,0.0207912]},"pv_cell_parameters":{"voc":{"unit":"V","value":1.19},"isc":{"unit":"mA","value":1.94},"jsc":{"unit":"mA\/cm2","value":20.67},"vopt":{"unit":"mV","value":1020},"iopt":{"unit":"mA","value":1.83},"pmax":{"unit":"W","value":0.00186},"fill_factor":{"unit":"%","value":80.73},"efficiency":{"unit":"%","value":19.83},"cell_dimension":{"unit":"cm2","value":0.094},"irradiance":{"unit":"mW\/cm2","value":100}},"calculations":{"fitted_isc":{"unit":"mA","value":1.94},"fitted_voc":{"unit":"V","value":1.18},"rshunt":{"unit":"Kohm","value":24.37},"rseries":{"unit":"ohm","value":40.46}},"measurement_conditions":{"sweep_direction":{"unit":"","value":"Reverse"},"nplc":{"unit":"","value":0.01},"voltage_settling_time":{"unit":"s","value":0.01},"configuration_file":{"unit":"","value":"Configuration for I-V meas.conf"},"sample_id":{"unit":"","value":"R 14-1"},"note":{"unit":"","value":"\uc2dc\ub8cc\uc5d0 \uad00\ud55c \ubd80\uac00\uc801\uc778 \uc124\uba85\uc744 \uc774\uacf3\uc5d0 \uc801\uc73c\uc138\uc694. ^^"}},"key":"R 14-1_20220512","sweep_direction":{"unit":"","value":"Reverse"},"jsc":{"unit":"mA\/cm2","value":20.67},"voc":{"unit":"V","value":1.19},"efficiency":{"unit":"%","value":19.83},"fill_factor":{"unit":"%","value":80.73},"cell_dimension":{"unit":"cm2","value":0.094}},{"V":{"unit":"V","value":[1.5,1.48995,1.4799,1.4698,1.45975,1.4497,1.43965,1.4296,1.41955,1.40945,1.3994,1.38935,1.3793,1.36925,1.35915,1.3491,1.33905,1.329,1.31895,1.3089,1.2988,1.28875,1.2787,1.26865,1.2586,1.2485,1.23845,1.2284,1.21835,1.2083,1.19825,1.18815,1.1781,1.16805,1.158,1.14795,1.13785,1.1278,1.11775,1.1077,1.09765,1.0876,1.0775,1.06745,1.0574,1.04735,1.0373,1.0272,1.01715,1.0071,0.99705,0.987,0.97695,0.96685,0.9568,0.94675,0.9367,0.92665,0.91655,0.9065,0.89645,0.8864,0.87635,0.86625,0.8562,0.84615,0.8361,0.82605,0.816,0.8059,0.79585,0.7858,0.77575,0.7657,0.7556,0.74555,0.7355,0.72545,0.7154,0.70535,0.69525,0.6852,0.67515,0.6651,0.65505,0.64495,0.6349,0.62485,0.6148,0.60475,0.5947,0.5846,0.57455,0.5645,0.55445,0.5444,0.5343,0.52425,0.5142,0.50415,0.4941,0.48405,0.47395,0.4639,0.45385,0.4438,0.43375,0.42365,0.4136,0.40355,0.3935,0.38345,0.3734,0.3633,0.35325,0.3432,0.33315,0.3231,0.313,0.30295,0.2929,0.28285,0.2728,0.2627,0.25265,0.2426,0.23255,0.2225,0.21245,0.20235,0.1923,0.18225,0.1722,0.16215,0.15205,0.142,0.13195,0.1219,0.11185,0.1018,0.0917,0.08165,0.0716,0.06155,0.0515,0.0414,0.03135,0.0213,0.01125,0.0012,-0.00885,-0.01895,-0.029,-0.03905,-0.0491,-0.05915,-0.06925,-0.0793,-0.08935,-0.0994,-0.10945,-0.1195,-0.1296,-0.13965,-0.1497,-0.15975,-0.1698,-0.1799,-0.18995,-0.2]},"I":{"unit":"A","value":[-0.0110061,-0.0114621,-0.0110768,-0.0105794,-0.0100618,-0.00955378,-0.00903972,-0.00853676,-0.00804138,-0.00755054,-0.00707182,-0.00660473,-0.00614469,-0.00569273,-0.00524987,-0.00482015,-0.00440152,-0.00399502,-0.00359659,-0.0032118,-0.00283711,-0.00247656,-0.00212863,-0.00179635,-0.00147267,-0.00117019,-0.000875786,-0.000599563,-0.000339508,-9.1061e-5,0.000140235,0.000355884,0.000552326,0.000729591,0.000892714,0.00104119,0.00116594,0.0012826,0.00137956,0.00146239,0.00153309,0.00159067,0.00163762,0.00167854,0.00170782,0.00173156,0.00175177,0.00176793,0.00178307,0.00178863,0.00179924,0.00180681,0.00181237,0.00181994,0.00181943,0.00182448,0.00182903,0.00183257,0.00183862,0.00183611,0.00183862,0.00184116,0.00184418,0.00184672,0.00185075,0.00184166,0.00185226,0.00184722,0.00185025,0.00185429,0.00184974,0.0018568,0.00185581,0.00185226,0.00186185,0.00185327,0.00185984,0.00185984,0.00185731,0.00186035,0.00185832,0.00186287,0.00186135,0.00186086,0.00186135,0.00186388,0.00186287,0.00186185,0.0018649,0.0018654,0.00186741,0.00186893,0.0018649,0.00187094,0.00186843,0.00187045,0.00187752,0.00186843,0.00188003,0.00187399,0.00187297,0.00187348,0.00187549,0.00187954,0.001876,0.001876,0.001875,0.00187701,0.001875,0.0018765,0.00188257,0.00188054,0.00188307,0.00188105,0.00188559,0.00188257,0.00188307,0.00188409,0.00188409,0.00188358,0.0018861,0.00188458,0.00188762,0.00188762,0.00188863,0.00188813,0.00188963,0.00189115,0.00189166,0.00189318,0.00189014,0.00189166,0.00189368,0.0018957,0.00189267,0.00189166,0.00189318,0.00189468,0.00189722,0.00189872,0.00189772,0.00190024,0.00189418,0.00190024,0.00190176,0.00190176,0.00190277,0.00189923,0.00190377,0.00190125,0.00189923,0.00189973,0.00190277,0.00190529,0.00190075,0.0019058,0.0019058,0.00190479,0.0019058,0.00190479,0.00190479,0.00190782,0.00190782,0.00190984,0.00190933,0.00190984,0.00190984,0.00190984,0.00190882,0.00190832]},"J":{"unit":"A\/cm2","value":[-0.117086,-0.121937,-0.117838,-0.112547,-0.10704,-0.101636,-0.0961672,-0.0908166,-0.0855466,-0.0803249,-0.0752322,-0.0702631,-0.065369,-0.060561,-0.0558497,-0.0512782,-0.0468247,-0.0425002,-0.0382616,-0.034168,-0.030182,-0.0263464,-0.022645,-0.0191101,-0.0156667,-0.0124488,-0.00931687,-0.00637833,-0.00361179,-0.000968734,0.00149186,0.003786,0.00587581,0.0077616,0.00949695,0.0110765,0.0124036,0.0136447,0.0146762,0.0155573,0.0163095,0.016922,0.0174215,0.0178568,0.0181683,0.0184209,0.0186358,0.0188078,0.0189689,0.019028,0.0191409,0.0192214,0.0192805,0.019361,0.0193557,0.0194094,0.0194577,0.0194955,0.0195598,0.019533,0.0195598,0.0195868,0.019619,0.0196459,0.0196889,0.0195922,0.0197049,0.0196513,0.0196835,0.0197264,0.0196781,0.0197532,0.0197426,0.0197049,0.019807,0.0197157,0.0197856,0.0197856,0.0197586,0.019791,0.0197694,0.0198178,0.0198016,0.0197964,0.0198016,0.0198285,0.0198178,0.019807,0.0198393,0.0198447,0.0198661,0.0198823,0.0198393,0.0199037,0.0198769,0.0198984,0.0199736,0.0198769,0.0200004,0.019936,0.0199252,0.0199306,0.019952,0.0199951,0.0199574,0.0199574,0.0199468,0.0199682,0.0199468,0.0199628,0.0200273,0.0200058,0.0200327,0.0200111,0.0200595,0.0200273,0.0200327,0.0200435,0.0200435,0.0200381,0.0200649,0.0200487,0.0200811,0.0200811,0.0200918,0.0200864,0.0201025,0.0201186,0.020124,0.0201402,0.0201079,0.020124,0.0201456,0.020167,0.0201348,0.020124,0.0201402,0.0201562,0.0201831,0.0201992,0.0201885,0.0202153,0.0201508,0.0202153,0.0202315,0.0202315,0.0202423,0.0202045,0.0202529,0.0202261,0.0202045,0.0202099,0.0202423,0.0202691,0.0202207,0.0202745,0.0202745,0.0202637,0.0202745,0.0202637,0.0202637,0.020296,0.020296,0.0203174,0.020312,0.0203174,0.0203174,0.0203174,0.0203066,0.0203012]},"pv_cell_parameters":{"voc":{"unit":"V","value":1.21},"isc":{"unit":"mA","value":1.9},"jsc":{"unit":"mA\/cm2","value":20.23},"vopt":{"unit":"mV","value":1040},"iopt":{"unit":"mA","value":1.75},"pmax":{"unit":"W","value":0.00182},"fill_factor":{"unit":"%","value":79.1},"efficiency":{"unit":"%","value":19.33},"cell_dimension":{"unit":"cm2","value":0.094},"irradiance":{"unit":"mW\/cm2","value":100}},"calculations":{"fitted_isc":{"unit":"mA","value":1.9},"fitted_voc":{"unit":"V","value":1.2},"rshunt":{"unit":"Kohm","value":14.48},"rseries":{"unit":"ohm","value":40.98}},"measurement_conditions":{"sweep_direction":{"unit":"","value":"Reverse"},"nplc":{"unit":"","value":0.01},"voltage_settling_time":{"unit":"s","value":0.01},"configuration_file":{"unit":"","value":"Configuration for I-V meas.conf"},"sample_id":{"unit":"","value":"R 13-2"},"note":{"unit":"","value":"\uc2dc\ub8cc\uc5d0 \uad00\ud55c \ubd80\uac00\uc801\uc778 \uc124\uba85\uc744 \uc774\uacf3\uc5d0 \uc801\uc73c\uc138\uc694. ^^"}},"key":"R 13-2_20220512","sweep_direction":{"unit":"","value":"Reverse"},"jsc":{"unit":"mA\/cm2","value":20.23},"voc":{"unit":"V","value":1.21},"efficiency":{"unit":"%","value":19.33},"fill_factor":{"unit":"%","value":79.1},"cell_dimension":{"unit":"cm2","value":0.094}},{"V":{"unit":"V","value":[1.5,1.48995,1.4799,1.4698,1.45975,1.4497,1.43965,1.4296,1.41955,1.40945,1.3994,1.38935,1.3793,1.36925,1.35915,1.3491,1.33905,1.329,1.31895,1.3089,1.2988,1.28875,1.2787,1.26865,1.2586,1.2485,1.23845,1.2284,1.21835,1.2083,1.19825,1.18815,1.1781,1.16805,1.158,1.14795,1.13785,1.1278,1.11775,1.1077,1.09765,1.0876,1.0775,1.06745,1.0574,1.04735,1.0373,1.0272,1.01715,1.0071,0.99705,0.987,0.97695,0.96685,0.9568,0.94675,0.9367,0.92665,0.91655,0.9065,0.89645,0.8864,0.87635,0.86625,0.8562,0.84615,0.8361,0.82605,0.816,0.8059,0.79585,0.7858,0.77575,0.7657,0.7556,0.74555,0.7355,0.72545,0.7154,0.70535,0.69525,0.6852,0.67515,0.6651,0.65505,0.64495,0.6349,0.62485,0.6148,0.60475,0.5947,0.5846,0.57455,0.5645,0.55445,0.5444,0.5343,0.52425,0.5142,0.50415,0.4941,0.48405,0.47395,0.4639,0.45385,0.4438,0.43375,0.42365,0.4136,0.40355,0.3935,0.38345,0.3734,0.3633,0.35325,0.3432,0.33315,0.3231,0.313,0.30295,0.2929,0.28285,0.2728,0.2627,0.25265,0.2426,0.23255,0.2225,0.21245,0.20235,0.1923,0.18225,0.1722,0.16215,0.15205,0.142,0.13195,0.1219,0.11185,0.1018,0.0917,0.08165,0.0716,0.06155,0.0515,0.0414,0.03135,0.0213,0.01125,0.0012,-0.00885,-0.01895,-0.029,-0.03905,-0.0491,-0.05915,-0.06925,-0.0793,-0.08935,-0.0994,-0.10945,-0.1195,-0.1296,-0.13965,-0.1497,-0.15975,-0.1698,-0.1799,-0.18995,-0.2]},"I":{"unit":"A","value":[-0.0120799,-0.0129812,-0.0127611,-0.0122369,-0.0116653,-0.0110866,-0.0105346,-0.00997055,-0.00941254,-0.00886767,-0.00833592,-0.0078072,-0.00730322,-0.00679874,-0.00630538,-0.00582161,-0.00535601,-0.00489546,-0.00445867,-0.00402084,-0.00360271,-0.0031952,-0.00280383,-0.00242813,-0.00206757,-0.00171609,-0.00138432,-0.00106668,-0.000767231,-0.000482932,-0.00021933,3.56883e-5,0.000265479,0.000477091,0.000673041,0.000848293,0.00100888,0.00114727,0.00126696,0.00137453,0.00146191,0.00153513,0.00159977,0.00165583,0.00169221,0.00171795,0.00174573,0.00176241,0.00177655,0.00178663,0.00179674,0.00180078,0.00180532,0.0018124,0.00181441,0.00182048,0.0018225,0.00182451,0.00182806,0.00182906,0.00183007,0.0018326,0.00183563,0.00183865,0.00183614,0.00183512,0.00183715,0.00184017,0.00184119,0.00183865,0.00183715,0.00184068,0.00184068,0.0018422,0.00184068,0.0018422,0.00184068,0.00184017,0.0018422,0.0018432,0.0018422,0.00184169,0.00184624,0.00184724,0.00184774,0.00185078,0.00184774,0.00184774,0.00184977,0.00185028,0.00185078,0.00184926,0.00185129,0.00184724,0.00184825,0.00184977,0.00184977,0.00185078,0.00184774,0.0018533,0.00185229,0.00185381,0.00185078,0.00186188,0.00184926,0.00185835,0.00185482,0.00185432,0.00186138,0.00185937,0.00185683,0.00186442,0.00186038,0.0018629,0.0018629,0.00186442,0.00186543,0.00186239,0.00186138,0.00186391,0.00186138,0.00186391,0.00186592,0.00186492,0.00186795,0.00186341,0.00186643,0.001873,0.00186492,0.00186947,0.00186744,0.00186896,0.0018725,0.00187097,0.001873,0.0018725,0.00187047,0.00187401,0.001873,0.00187401,0.00187148,0.00187351,0.00187755,0.00187603,0.00187653,0.00187907,0.00187704,0.00187552,0.00187503,0.00187503,0.00187452,0.00187907,0.00187856,0.00187957,0.00188159,0.00187856,0.00187957,0.00187805,0.00188057,0.00188006,0.0018826,0.00188108,0.00188108,0.00187957,0.00188057,0.00188159,0.00188209,0.00188108,0.00188866,0.00188412]},"J":{"unit":"A\/cm2","value":[-0.128509,-0.138098,-0.135756,-0.13018,-0.124099,-0.117942,-0.11207,-0.10607,-0.100133,-0.0943369,-0.08868,-0.0830553,-0.0776939,-0.0723271,-0.0670785,-0.0619321,-0.0569789,-0.0520794,-0.0474326,-0.0427749,-0.0383267,-0.0339914,-0.029828,-0.0258312,-0.0219954,-0.0182563,-0.0147268,-0.0113477,-0.00816203,-0.00513757,-0.0023333,0.000379663,0.00282425,0.00507543,0.00716001,0.0090244,0.0107328,0.012205,0.0134783,0.0146226,0.0155522,0.0163312,0.0170189,0.0176152,0.0180022,0.0182761,0.0185716,0.018749,0.0188994,0.0190067,0.0191142,0.0191572,0.0192055,0.0192808,0.0193022,0.0193668,0.0193883,0.0194097,0.0194474,0.0194581,0.0194688,0.0194958,0.019528,0.0195601,0.0195334,0.0195226,0.0195441,0.0195763,0.0195871,0.0195601,0.0195441,0.0195817,0.0195817,0.0195979,0.0195817,0.0195979,0.0195817,0.0195763,0.0195979,0.0196085,0.0195979,0.0195925,0.0196408,0.0196515,0.0196569,0.0196892,0.0196569,0.0196569,0.0196784,0.0196838,0.0196892,0.019673,0.0196946,0.0196515,0.0196622,0.0196784,0.0196784,0.0196892,0.0196569,0.019716,0.0197052,0.0197214,0.0196892,0.0198073,0.019673,0.0197697,0.0197321,0.0197268,0.0198019,0.0197805,0.0197536,0.0198342,0.0197913,0.0198181,0.0198181,0.0198342,0.019845,0.0198127,0.0198019,0.0198289,0.0198019,0.0198289,0.0198502,0.0198396,0.0198718,0.0198235,0.0198556,0.0199255,0.0198396,0.019888,0.0198664,0.0198826,0.0199202,0.019904,0.0199255,0.0199202,0.0198986,0.0199363,0.0199255,0.0199363,0.0199094,0.0199309,0.0199739,0.0199577,0.0199631,0.0199901,0.0199685,0.0199523,0.0199471,0.0199471,0.0199417,0.0199901,0.0199847,0.0199955,0.0200169,0.0199847,0.0199955,0.0199793,0.0200061,0.0200007,0.0200276,0.0200115,0.0200115,0.0199955,0.0200061,0.0200169,0.0200222,0.0200115,0.0200922,0.0200438]},"pv_cell_parameters":{"voc":{"unit":"V","value":1.19},"isc":{"unit":"mA","value":1.88},"jsc":{"unit":"mA\/cm2","value":19.95},"vopt":{"unit":"mV","value":1040},"iopt":{"unit":"mA","value":1.75},"pmax":{"unit":"W","value":0.0018100000000000002},"fill_factor":{"unit":"%","value":81.28},"efficiency":{"unit":"%","value":19.26},"cell_dimension":{"unit":"cm2","value":0.094},"irradiance":{"unit":"mW\/cm2","value":100}},"calculations":{"fitted_isc":{"unit":"mA","value":1.88},"fitted_voc":{"unit":"V","value":1.19},"rshunt":{"unit":"Kohm","value":20.97},"rseries":{"unit":"ohm","value":40.48}},"measurement_conditions":{"sweep_direction":{"unit":"","value":"Reverse"},"nplc":{"unit":"","value":0.01},"voltage_settling_time":{"unit":"s","value":0.01},"configuration_file":{"unit":"","value":"Configuration for I-V meas.conf"},"sample_id":{"unit":"","value":"R 13-1"},"note":{"unit":"","value":"\uc2dc\ub8cc\uc5d0 \uad00\ud55c \ubd80\uac00\uc801\uc778 \uc124\uba85\uc744 \uc774\uacf3\uc5d0 \uc801\uc73c\uc138\uc694. ^^"}},"key":"R 13-1_20220512","sweep_direction":{"unit":"","value":"Reverse"},"jsc":{"unit":"mA\/cm2","value":19.95},"voc":{"unit":"V","value":1.19},"efficiency":{"unit":"%","value":19.26},"fill_factor":{"unit":"%","value":81.28},"cell_dimension":{"unit":"cm2","value":0.094}}]}}