{"_id":"630ec683a09b2a661734fd43","id":"KRICT-SC-00573","author":43,"input":[{"tco":{"unit":"","value":"ITO"}},{"htl":[{"material":{"unit":"","value":"NiO_4PACz"},"concentration":{"unit":"mg\/ml","value":""},"conc_unit":{"unit":"","value":"mg\/ml"},"quantity":{"unit":"ml","value":null}}],"htl_doping":[{"material":{"unit":"","value":"none"},"volume":{"unit":"ul","value":0}},{"material":{"unit":"","value":"none"},"volume":{"unit":"ul","value":0}},{"material":{"unit":"","value":"none"},"volume":{"unit":"ul","value":0}}],"spin_coating":[{"type":{"unit":"","value":null},"rpm":{"unit":"","value":0},"time":{"unit":"","value":null}}]},{"htl_treatment":[{"material":{"value":"none","unit":""},"concentration":{"value":0,"unit":"mg\/ml"},"conc_unit":{"unit":"","value":"mg\/ml"},"quantity":{"unit":"ml","value":null}}],"annealing":[{"temperature":{"value":0,"unit":"oC"},"time":{"value":0,"unit":"time"}}],"spin_coating":[{"type":{"unit":"","value":null},"rpm":{"value":0,"unit":""},"time":{"unit":"","value":null}}]},{"perovskite":{"method":{"unit":"","value":"1step"},"molarity":{"unit":"M","value":1.5},"a_site":[{"material":{"unit":"","value":"FA"},"ratio":{"unit":"%","value":80}},{"material":{"unit":"","value":"Cs"},"ratio":{"unit":"%","value":5}},{"material":{"unit":"","value":"MA"},"ratio":{"unit":"%","value":15}}],"b_site":[{"material":{"unit":"","value":"Pb"},"ratio":{"unit":"%","value":100}},{"material":{"unit":"","value":"Sn"},"ratio":{"unit":"%","value":0}}],"x_site":[{"material":{"unit":"","value":"I"},"ratio":{"unit":"%","value":78}},{"material":{"unit":"","value":"Br"},"ratio":{"unit":"%","value":22}},{"material":{"unit":"","value":"Cl"},"ratio":{"unit":"%","value":0}}],"solvent":[{"material":{"unit":"","value":"DMF"},"volume":{"unit":"ml","value":0.8}},{"material":{"unit":"","value":"DMSO"},"volume":{"unit":"ml","value":0.2}},{"material":{"unit":"","value":"none"},"volume":{"unit":"ml","value":0}}],"antisolvent":[{"material":{"unit":"","value":"DEE"},"quantity":{"unit":"ul","value":1000},"dripping_time":{"unit":"s","value":null}}],"annealing":[{"temperature":{"unit":"oC","value":100},"time":{"unit":"min","value":20}},{"temperature":{"unit":"oC","value":0},"time":{"unit":"min","value":0}}],"spin_coating":[{"type":{"unit":"","value":null},"rpm":{"unit":"","value":5000},"time":{"unit":"","value":null}}],"additive":[{"material":{"unit":"","value":"MACl"},"quantity":{"unit":"mol%","value":10}},{"material":{"unit":"","value":"none"},"quantity":{"unit":"mol%","value":0}},{"material":{"unit":"","value":"none"},"quantity":{"unit":"mol%","value":0}}]}},{"perovskite_treatment":[{"material":{"unit":"","value":"none"},"concentration":{"unit":"mg\/ml","value":0},"conc_unit":{"unit":"","value":"mg\/ml"},"quantity":{"unit":"ml","value":null}}],"annealing":[{"temperature":{"unit":"oC","value":0},"time":{"unit":"min","value":0}}],"spin_coating":[{"type":{"unit":"","value":null},"rpm":{"unit":"","value":0},"time":{"unit":"","value":null}}]},{"etl":[{"material":{"unit":"","value":"C60"},"concentration":{"unit":"","value":""},"conc_unit":{"unit":"","value":"mg\/ml"},"quantity":{"unit":"ml","value":null}}],"annealing":[{"temperature":{"unit":"oC","value":0},"time":{"unit":"min","value":0}}],"spin_coating":[{"type":{"unit":"","value":null},"rpm":{"unit":"","value":0},"time":{"unit":"","value":null}}]},{"etl_treatment":[{"material":{"unit":"","value":"NONE"},"concentration":{"unit":"mg\/ml","value":""},"conc_unit":{"unit":"","value":"mg\/ml"},"quantity":{"unit":"ml","value":null}}],"annealing":[{"temperature":{"unit":"oC","value":0},"time":{"unit":"min","value":0}}],"spin_coating":[{"type":{"unit":"","value":null},"rpm":{"unit":"","value":0},"time":{"unit":"","value":null}}]},{"surface_treatment":{"unit":"","value":"none"}},{"annealing":[{"temperature":{"unit":"oC","value":0},"time":{"unit":"min","value":0}}],"blocking_buffer_layer":[{"material":{"unit":"","value":"BCP"},"concentration":{"unit":"","value":""},"conc_unit":{"unit":"","value":"mg\/ml"},"quantity":{"unit":"ml","value":null}}]},{"surface_treatment":{"unit":"","value":"none"}},{"anode_metal":{"unit":"","value":"Ag"}},{"note":{"unit":"","value":"MACl20\/20\/wo"},"ar":{"unit":"","value":0},"type":{"unit":"","value":"p-i-n"}}],"fileinfo":[{"key":"20220830_sample-09_nio_4pacz_64 macl 20_20min_c60_bcp_ag-2_20220830","uploadType":"JV","original_name":"20220830_sample-09_nio_4pacz_64 macl 20_20min_c60_bcp_ag-2_20220830-194705.txt","save_name":"KRICT-SC-00573\/20220830_sample-09_nio_4pacz_64 macl 20_20min_c60_bcp_ag-2_20220830","uploader":43},{"key":"20220830_sample-09_nio_4pacz_64 macl 20_20min_c60_bcp_ag-3_20220830","uploadType":"JV","original_name":"20220830_sample-09_nio_4pacz_64 macl 20_20min_c60_bcp_ag-3_20220830-194709.txt","save_name":"KRICT-SC-00573\/20220830_sample-09_nio_4pacz_64 macl 20_20min_c60_bcp_ag-3_20220830","uploader":43},{"key":"20220830_sample-09_nio_4pacz_64 macl 20_20min_c60_bcp_ag-4_20220830","uploadType":"JV","original_name":"20220830_sample-09_nio_4pacz_64 macl 20_20min_c60_bcp_ag-4_20220830-194713.txt","save_name":"KRICT-SC-00573\/20220830_sample-09_nio_4pacz_64 macl 20_20min_c60_bcp_ag-4_20220830","uploader":43},{"key":"20220830_sample-09_nio_4pacz_64 macl 20_20min_c60_bcp_ag-1_20220830","uploadType":"JV","original_name":"20220830_sample-09_nio_4pacz_64 macl 20_20min_c60_bcp_ag-1_20220830-194700.txt","save_name":"KRICT-SC-00573\/20220830_sample-09_nio_4pacz_64 macl 20_20min_c60_bcp_ag-1_20220830","uploader":43},{"key":"InputFile","uploadType":"InputFile","original_name":"input.xlsx","save_name":"KRICT-SC-00573\/InputFile","uploader":43}],"updated_at":"2024-10-25 07:08:02","created_at":"2022-08-31 02:25:07","group":2,"analysis_old":{"JV":[{"V":{"unit":"V","value":[1.2,1.1917,1.18345,1.17515,1.16685,1.1586,1.1503,1.142,1.13375,1.12545,1.11715,1.1089,1.1006,1.0923,1.084,1.07575,1.06745,1.05915,1.0509,1.0426,1.0343,1.02605,1.01775,1.00945,1.0012,0.9929,0.9846,0.97635,0.96805,0.95975,0.9515,0.9432,0.9349,0.92665,0.91835,0.91005,0.9018,0.8935,0.8852,0.8769,0.86865,0.86035,0.85205,0.8438,0.8355,0.8272,0.81895,0.81065,0.80235,0.7941,0.7858,0.7775,0.76925,0.76095,0.75265,0.7444,0.7361,0.7278,0.71955,0.71125,0.70295,0.6947,0.6864,0.6781,0.6698,0.66155,0.65325,0.64495,0.6367,0.6284,0.6201,0.61185,0.60355,0.59525,0.587,0.5787,0.5704,0.56215,0.55385,0.54555,0.5373,0.529,0.5207,0.51245,0.50415,0.49585,0.48755,0.4793,0.471,0.4627,0.45445,0.44615,0.43785,0.4296,0.4213,0.413,0.40475,0.39645,0.38815,0.3799,0.3716,0.3633,0.35505,0.34675,0.33845,0.3302,0.3219,0.3136,0.30535,0.29705,0.28875,0.28045,0.2722,0.2639,0.2556,0.24735,0.23905,0.23075,0.2225,0.2142,0.2059,0.19765,0.18935,0.18105,0.1728,0.1645,0.1562,0.14795,0.13965,0.13135,0.1231,0.1148,0.1065,0.09825,0.08995,0.08165,0.07335,0.0651,0.0568,0.0485,0.04025,0.03195,0.02365,0.0154,0.0071,-0.0012,-0.00945,-0.01775,-0.02605,-0.0343,-0.0426,-0.0509,-0.05915,-0.06745,-0.07575,-0.084,-0.0923,-0.1006,-0.1089,-0.11715,-0.12545,-0.13375,-0.142,-0.1503,-0.1586,-0.16685,-0.17515,-0.18345,-0.1917,-0.2]},"I":{"unit":"A","value":[-0.000327483,-0.000281273,-0.000246837,-0.000217597,-0.000192335,-0.000169778,-0.000149017,-0.000129478,-0.000110845,-9.44367e-5,-7.44408e-5,-5.49282e-5,-3.38634e-5,-1.177e-5,1.21878e-5,3.79658e-5,6.60915e-5,9.56818e-5,0.000126959,0.000160076,0.000194611,0.00022902,0.00026367,0.000298356,0.000332533,0.000367093,0.00039776,0.000429624,0.000461343,0.000490727,0.000519075,0.000545622,0.000571772,0.000595574,0.000617333,0.000640208,0.000658462,0.000678173,0.000699475,0.000718131,0.000736233,0.00075351,0.000770919,0.000786491,0.000802179,0.000817812,0.000829843,0.000843846,0.000858689,0.00087071,0.000881861,0.000896121,0.000906965,0.000913494,0.00092466,0.000938684,0.000938191,0.000949045,0.000958179,0.000960362,0.000967922,0.000975316,0.000978339,0.000983595,0.000987906,0.000989616,0.0009937,0.000995123,0.00099803,0.0010019,0.00100383,0.00100361,0.00100746,0.00100825,0.00100878,0.00101146,0.00101147,0.00101228,0.00101377,0.0010137,0.00101599,0.00101685,0.0010156,0.00101696,0.00101826,0.00101789,0.00101832,0.00101894,0.00101962,0.0010185,0.00101905,0.0010207,0.00101966,0.00101898,0.00102119,0.00102104,0.00102046,0.00102242,0.00102086,0.00102127,0.00102217,0.00102097,0.00102035,0.00102197,0.00102215,0.00102195,0.00102187,0.00102178,0.00102137,0.00102295,0.00102213,0.00102169,0.00102317,0.00102219,0.00102159,0.00102391,0.00102225,0.00102197,0.00102536,0.00102344,0.00102174,0.00102432,0.00102267,0.00102414,0.0010238,0.00102166,0.00102427,0.00102258,0.00102129,0.00102472,0.0010233,0.00102264,0.00102468,0.00102378,0.00102366,0.0010236,0.00102388,0.00102425,0.00102272,0.00102354,0.00102511,0.00102312,0.00102352,0.00102589,0.00102298,0.00102189,0.00102547,0.00102329,0.00102201,0.0010254,0.00102377,0.001023,0.00102397,0.0010246,0.00102429,0.00102356,0.00102601,0.00102454,0.00102242,0.00102507,0.00102445,0.00102388,0.00102512,0.00102348,0.001023,0.00102461,0.00102375,0.00102318,0.0010244,0.00102325]},"J":{"unit":"A\/cm2","value":[-0.00348386,-0.00299227,-0.00262593,-0.00231486,-0.00204611,-0.00180615,-0.00158529,-0.00137743,-0.0011792,-0.00100465,-0.000791924,-0.000584343,-0.000360249,-0.000125213,0.000129657,0.000403891,0.000703101,0.00101789,0.00135063,0.00170293,0.00207033,0.00243638,0.002805,0.003174,0.00353759,0.00390525,0.00423149,0.00457047,0.0049079,0.0052205,0.00552207,0.00580449,0.00608269,0.00633589,0.00656737,0.00681073,0.00700491,0.00721461,0.00744122,0.00763969,0.00783226,0.00801607,0.00820126,0.00836693,0.00853382,0.00870012,0.00882812,0.00897709,0.00913499,0.00926288,0.0093815,0.0095332,0.00964857,0.00971802,0.00983681,0.00998599,0.00998075,0.0100962,0.0101934,0.0102166,0.010297,0.0103757,0.0104079,0.0104638,0.0105096,0.0105278,0.0105713,0.0105864,0.0106173,0.0106586,0.010679,0.0106767,0.0107177,0.010726,0.0107317,0.0107602,0.0107603,0.0107689,0.0107848,0.0107841,0.0108084,0.0108176,0.0108043,0.0108187,0.0108325,0.0108286,0.0108331,0.0108398,0.0108471,0.0108351,0.010841,0.0108585,0.0108474,0.0108402,0.0108637,0.0108621,0.010856,0.0108769,0.0108602,0.0108646,0.0108741,0.0108614,0.0108548,0.010872,0.010874,0.0108718,0.0108709,0.01087,0.0108656,0.0108824,0.0108737,0.010869,0.0108848,0.0108744,0.010868,0.0108926,0.010875,0.010872,0.0109081,0.0108877,0.0108696,0.010897,0.0108794,0.0108952,0.0108915,0.0108687,0.0108964,0.0108785,0.0108648,0.0109013,0.0108862,0.0108792,0.0109008,0.0108913,0.01089,0.0108893,0.0108923,0.0108962,0.01088,0.0108887,0.0109054,0.0108842,0.0108885,0.0109137,0.0108827,0.0108712,0.0109092,0.010886,0.0108724,0.0109085,0.0108911,0.010883,0.0108933,0.0109,0.0108967,0.0108889,0.010915,0.0108993,0.0108768,0.010905,0.0108984,0.0108923,0.0109055,0.010888,0.010883,0.0109001,0.010891,0.0108848,0.0108979,0.0108856]},"pv_cell_parameters":{"voc":{"unit":"V","value":1.09},"isc":{"unit":"mA","value":1.02},"jsc":{"unit":"mA\/cm2","value":10.87},"vopt":{"unit":"mV","value":744.4},"iopt":{"unit":"mA","value":0.9386799999999998},"pmax":{"unit":"W","value":0.00069876},"fill_factor":{"unit":"%","value":62.6},"efficiency":{"unit":"%","value":7.43},"cell_dimension":{"unit":"cm2","value":0.094},"irradiance":{"unit":"mW\/cm2","value":100}},"calculations":{"fitted_isc":{"unit":"mA","value":1.02},"fitted_voc":{"unit":"V","value":1.09},"rshunt":{"unit":"Kohm","value":67.51},"rseries":{"unit":"ohm","value":362.91}},"measurement_conditions":{"sweep_direction":{"unit":"","value":"Reverse"},"nplc":{"unit":"","value":0.01},"voltage_settling_time":{"unit":"s","value":0.01},"configuration_file":{"unit":"","value":"Configuration for I-V meas.conf"},"sample_id":{"unit":"","value":"20220830_sample-09_nio_4pacz_64 macl 20_20min_c60_bcp_ag-4"},"note":{"unit":"","value":"\uc2dc\ub8cc\uc5d0 \uad00\ud55c \ubd80\uac00\uc801\uc778 \uc124\uba85\uc744 \uc774\uacf3\uc5d0 \uc801\uc73c\uc138\uc694. ^^"}},"key":"20220830_sample-09_nio_4pacz_64 macl 20_20min_c60_bcp_ag-4_20220830"},{"V":{"unit":"V","value":[1.2,1.1917,1.18345,1.17515,1.16685,1.1586,1.1503,1.142,1.13375,1.12545,1.11715,1.1089,1.1006,1.0923,1.084,1.07575,1.06745,1.05915,1.0509,1.0426,1.0343,1.02605,1.01775,1.00945,1.0012,0.9929,0.9846,0.97635,0.96805,0.95975,0.9515,0.9432,0.9349,0.92665,0.91835,0.91005,0.9018,0.8935,0.8852,0.8769,0.86865,0.86035,0.85205,0.8438,0.8355,0.8272,0.81895,0.81065,0.80235,0.7941,0.7858,0.7775,0.76925,0.76095,0.75265,0.7444,0.7361,0.7278,0.71955,0.71125,0.70295,0.6947,0.6864,0.6781,0.6698,0.66155,0.65325,0.64495,0.6367,0.6284,0.6201,0.61185,0.60355,0.59525,0.587,0.5787,0.5704,0.56215,0.55385,0.54555,0.5373,0.529,0.5207,0.51245,0.50415,0.49585,0.48755,0.4793,0.471,0.4627,0.45445,0.44615,0.43785,0.4296,0.4213,0.413,0.40475,0.39645,0.38815,0.3799,0.3716,0.3633,0.35505,0.34675,0.33845,0.3302,0.3219,0.3136,0.30535,0.29705,0.28875,0.28045,0.2722,0.2639,0.2556,0.24735,0.23905,0.23075,0.2225,0.2142,0.2059,0.19765,0.18935,0.18105,0.1728,0.1645,0.1562,0.14795,0.13965,0.13135,0.1231,0.1148,0.1065,0.09825,0.08995,0.08165,0.07335,0.0651,0.0568,0.0485,0.04025,0.03195,0.02365,0.0154,0.0071,-0.0012,-0.00945,-0.01775,-0.02605,-0.0343,-0.0426,-0.0509,-0.05915,-0.06745,-0.07575,-0.084,-0.0923,-0.1006,-0.1089,-0.11715,-0.12545,-0.13375,-0.142,-0.1503,-0.1586,-0.16685,-0.17515,-0.18345,-0.1917,-0.2]},"I":{"unit":"A","value":[-0.000381149,-0.000333399,-0.000296609,-0.000265688,-0.000238549,-0.000214745,-0.000192062,-0.000170044,-0.000149302,-0.000128606,-0.000106889,-8.60491e-5,-6.03845e-5,-3.34534e-5,-5.84097e-6,2.60509e-5,6.21101e-5,9.91823e-5,0.000138476,0.000179238,0.000220262,0.000261342,0.000303664,0.000342973,0.000382332,0.000421706,0.000456368,0.000491884,0.000525434,0.000557464,0.00058775,0.000615354,0.000640901,0.000666307,0.000689083,0.000711778,0.000730525,0.000750725,0.000772841,0.000792423,0.00081043,0.000829569,0.000847053,0.000864517,0.000882373,0.000897388,0.000912206,0.000927537,0.000942159,0.000958818,0.000972168,0.000984033,0.000996684,0.00100788,0.00101915,0.00103024,0.00103657,0.00104617,0.00107376,0.00106827,0.00107058,0.00107452,0.00108072,0.00108526,0.00108849,0.00109419,0.00109792,0.00109908,0.00110397,0.0011078,0.00110801,0.00111068,0.0011133,0.00111537,0.00111804,0.00111809,0.00111955,0.00112243,0.00112233,0.00112309,0.00112566,0.0011254,0.00112682,0.00112783,0.00112904,0.00112888,0.00112909,0.00112873,0.00112989,0.0011307,0.00113151,0.00113156,0.00113196,0.00113216,0.00113272,0.00113373,0.00113181,0.00113393,0.00113337,0.00113367,0.00113463,0.00113493,0.00113403,0.00113398,0.00113383,0.00113549,0.00113453,0.00113514,0.00113524,0.00113529,0.00113503,0.0011368,0.00113665,0.00113272,0.0011362,0.0011364,0.00113292,0.00113589,0.00113746,0.00113529,0.00113589,0.00113478,0.00113549,0.00113731,0.00113695,0.00113761,0.00113751,0.00113675,0.001137,0.00113877,0.00113675,0.00113786,0.00113721,0.00113746,0.00113746,0.00113847,0.00113761,0.00113695,0.00113988,0.00113811,0.00113761,0.00113978,0.00113771,0.00113842,0.00113932,0.00113958,0.00113756,0.00114003,0.00114089,0.00113887,0.00113857,0.00114139,0.00113806,0.00113958,0.00114119,0.00113922,0.00113766,0.00114129,0.00113963,0.00114028,0.00114038,0.00114048,0.00114038,0.00114094,0.00114094,0.00114073,0.00114033,0.00114018,0.00114149,0.00114235]},"J":{"unit":"A\/cm2","value":[-0.00405477,-0.0035468,-0.00315541,-0.00282647,-0.00253776,-0.00228452,-0.00204322,-0.00180897,-0.00158832,-0.00136815,-0.00113712,-0.000915415,-0.000642388,-0.000355887,-6.2138e-5,0.000277137,0.000660745,0.00105513,0.00147314,0.00190679,0.00234322,0.00278023,0.00323047,0.00364865,0.00406736,0.00448624,0.00485497,0.00523281,0.00558972,0.00593047,0.00625266,0.00654632,0.0068181,0.00708838,0.00733067,0.00757211,0.00777154,0.00798643,0.00822172,0.00843003,0.0086216,0.0088252,0.0090112,0.00919699,0.00938695,0.00954668,0.00970432,0.00986742,0.010023,0.0102002,0.0103422,0.0104684,0.010603,0.0107221,0.010842,0.01096,0.0110273,0.0111295,0.011423,0.0113645,0.0113892,0.011431,0.0114971,0.0115453,0.0115797,0.0116403,0.01168,0.0116923,0.0117444,0.0117851,0.0117873,0.0118157,0.0118436,0.0118656,0.0118941,0.0118946,0.0119101,0.0119407,0.0119397,0.0119477,0.0119751,0.0119724,0.0119874,0.0119981,0.012011,0.0120094,0.0120116,0.0120078,0.0120201,0.0120287,0.0120373,0.0120378,0.0120421,0.0120443,0.0120502,0.0120609,0.0120405,0.0120631,0.0120571,0.0120604,0.0120706,0.0120738,0.0120641,0.0120636,0.012062,0.0120797,0.0120695,0.0120759,0.012077,0.0120775,0.0120748,0.0120936,0.012092,0.0120502,0.0120872,0.0120894,0.0120523,0.012084,0.0121006,0.0120775,0.012084,0.0120722,0.0120797,0.012099,0.0120952,0.0121022,0.0121011,0.0120931,0.0120958,0.0121146,0.0120931,0.0121049,0.0120979,0.0121006,0.0121006,0.0121113,0.0121022,0.0120952,0.0121264,0.0121076,0.0121022,0.0121253,0.0121033,0.0121108,0.0121205,0.0121231,0.0121017,0.012128,0.0121371,0.0121156,0.0121124,0.0121425,0.012107,0.0121231,0.0121403,0.0121194,0.0121027,0.0121414,0.0121237,0.0121306,0.0121317,0.0121328,0.0121317,0.0121376,0.0121376,0.0121355,0.0121312,0.0121296,0.0121435,0.0121526]},"pv_cell_parameters":{"voc":{"unit":"V","value":1.08},"isc":{"unit":"mA","value":1.14},"jsc":{"unit":"mA\/cm2","value":12.12},"vopt":{"unit":"mV","value":719.5500000000001},"iopt":{"unit":"mA","value":1.07},"pmax":{"unit":"W","value":0.00077263},"fill_factor":{"unit":"%","value":62.55},"efficiency":{"unit":"%","value":8.22},"cell_dimension":{"unit":"cm2","value":0.094},"irradiance":{"unit":"mW\/cm2","value":100}},"calculations":{"fitted_isc":{"unit":"mA","value":1.14},"fitted_voc":{"unit":"V","value":1.09},"rshunt":{"unit":"Kohm","value":68.09},"rseries":{"unit":"ohm","value":280.48}},"measurement_conditions":{"sweep_direction":{"unit":"","value":"Reverse"},"nplc":{"unit":"","value":0.01},"voltage_settling_time":{"unit":"s","value":0.01},"configuration_file":{"unit":"","value":"Configuration for I-V meas.conf"},"sample_id":{"unit":"","value":"20220830_sample-09_nio_4pacz_64 macl 20_20min_c60_bcp_ag-3"},"note":{"unit":"","value":"\uc2dc\ub8cc\uc5d0 \uad00\ud55c \ubd80\uac00\uc801\uc778 \uc124\uba85\uc744 \uc774\uacf3\uc5d0 \uc801\uc73c\uc138\uc694. ^^"}},"key":"20220830_sample-09_nio_4pacz_64 macl 20_20min_c60_bcp_ag-3_20220830"},{"V":{"unit":"V","value":[1.2,1.1917,1.18345,1.17515,1.16685,1.1586,1.1503,1.142,1.13375,1.12545,1.11715,1.1089,1.1006,1.0923,1.084,1.07575,1.06745,1.05915,1.0509,1.0426,1.0343,1.02605,1.01775,1.00945,1.0012,0.9929,0.9846,0.97635,0.96805,0.95975,0.9515,0.9432,0.9349,0.92665,0.91835,0.91005,0.9018,0.8935,0.8852,0.8769,0.86865,0.86035,0.85205,0.8438,0.8355,0.8272,0.81895,0.81065,0.80235,0.7941,0.7858,0.7775,0.76925,0.76095,0.75265,0.7444,0.7361,0.7278,0.71955,0.71125,0.70295,0.6947,0.6864,0.6781,0.6698,0.66155,0.65325,0.64495,0.6367,0.6284,0.6201,0.61185,0.60355,0.59525,0.587,0.5787,0.5704,0.56215,0.55385,0.54555,0.5373,0.529,0.5207,0.51245,0.50415,0.49585,0.48755,0.4793,0.471,0.4627,0.45445,0.44615,0.43785,0.4296,0.4213,0.413,0.40475,0.39645,0.38815,0.3799,0.3716,0.3633,0.35505,0.34675,0.33845,0.3302,0.3219,0.3136,0.30535,0.29705,0.28875,0.28045,0.2722,0.2639,0.2556,0.24735,0.23905,0.23075,0.2225,0.2142,0.2059,0.19765,0.18935,0.18105,0.1728,0.1645,0.1562,0.14795,0.13965,0.13135,0.1231,0.1148,0.1065,0.09825,0.08995,0.08165,0.07335,0.0651,0.0568,0.0485,0.04025,0.03195,0.02365,0.0154,0.0071,-0.0012,-0.00945,-0.01775,-0.02605,-0.0343,-0.0426,-0.0509,-0.05915,-0.06745,-0.07575,-0.084,-0.0923,-0.1006,-0.1089,-0.11715,-0.12545,-0.13375,-0.142,-0.1503,-0.1586,-0.16685,-0.17515,-0.18345,-0.1917,-0.2]},"I":{"unit":"A","value":[-0.00041538,-0.00033904,-0.000299288,-0.000265411,-0.000235838,-0.0002095,-0.000185404,-0.000162843,-0.000142268,-0.000120461,-0.000100412,-7.5919e-5,-5.12639e-5,-2.50153e-5,1.82932e-6,3.20108e-5,6.64543e-5,0.000102097,0.000138241,0.000176805,0.000215504,0.000253314,0.00029237,0.000330089,0.000367244,0.000403454,0.000437702,0.000469566,0.000501088,0.000531705,0.000558886,0.000583643,0.00061008,0.000635827,0.000660645,0.000683319,0.000705948,0.000727551,0.000748666,0.000768373,0.000788281,0.000804563,0.000824255,0.000843987,0.000861028,0.000878481,0.000895337,0.000911236,0.000927356,0.000940821,0.000955926,0.000967082,0.000978203,0.000990767,0.00100365,0.00101189,0.00102248,0.0010325,0.00103821,0.00104628,0.00107117,0.001069,0.00106754,0.00107086,0.00107737,0.00107833,0.0010808,0.00108473,0.0010872,0.00109063,0.00109366,0.00109537,0.0010983,0.00109906,0.00110284,0.00110359,0.0011045,0.00110677,0.00110733,0.00110773,0.00111101,0.00111075,0.00111161,0.00111328,0.00111222,0.00111358,0.00111328,0.00111449,0.00111575,0.00111595,0.00111524,0.00111721,0.00111731,0.00111706,0.00111958,0.00111625,0.00111882,0.00111923,0.00111827,0.00111857,0.00111998,0.00111978,0.00111822,0.00112099,0.0011224,0.00112104,0.00112044,0.001122,0.00112084,0.00112074,0.00112245,0.00112251,0.00112119,0.00112276,0.00112427,0.00112407,0.00112392,0.00112483,0.00112306,0.00112266,0.00112351,0.00112462,0.00112397,0.00112377,0.00112351,0.00112351,0.00112402,0.00112382,0.00112407,0.00112412,0.00112427,0.00112387,0.00112513,0.00112442,0.00112447,0.00112462,0.00112553,0.00112407,0.00112624,0.00112599,0.00112442,0.00112578,0.00112528,0.00112533,0.00112619,0.00112538,0.00112493,0.00112548,0.00112599,0.00112533,0.00112674,0.00112669,0.00112634,0.00112624,0.00112634,0.00112593,0.00112619,0.00112538,0.00112397,0.00112624,0.0011278,0.00112452,0.00112634,0.00112911,0.00112412,0.00112846,0.00112881,0.00112276,0.00113098,0.00113037]},"J":{"unit":"A\/cm2","value":[-0.00441894,-0.00360681,-0.00318392,-0.00282352,-0.00250892,-0.00222872,-0.00197239,-0.00173237,-0.00151349,-0.0012815,-0.00106821,-0.000807649,-0.000545361,-0.00026612,1.94609e-5,0.00034054,0.000706961,0.00108614,0.00147065,0.0018809,0.0022926,0.00269483,0.00311032,0.00351159,0.00390686,0.00429207,0.00465641,0.00499539,0.00533072,0.00565644,0.0059456,0.00620897,0.00649021,0.00676412,0.00702813,0.00726935,0.00751009,0.00773991,0.00796454,0.00817419,0.00838597,0.00855918,0.00876867,0.00897858,0.00915987,0.00934555,0.00952486,0.009694,0.00986549,0.0100087,0.0101694,0.0102881,0.0104064,0.0105401,0.0106771,0.0107648,0.0108774,0.0109841,0.0110448,0.0111307,0.0113954,0.0113723,0.0113568,0.0113922,0.0114614,0.0114716,0.0114979,0.0115397,0.011566,0.0116025,0.0116347,0.0116529,0.011684,0.0116921,0.0117323,0.0117404,0.01175,0.0117742,0.0117801,0.0117844,0.0118192,0.0118165,0.0118257,0.0118434,0.0118321,0.0118466,0.0118434,0.0118563,0.0118697,0.0118718,0.0118643,0.0118852,0.0118863,0.0118836,0.0119104,0.011875,0.0119024,0.0119067,0.0118965,0.0118997,0.0119147,0.0119126,0.0118959,0.0119254,0.0119405,0.011926,0.0119196,0.0119362,0.0119238,0.0119228,0.011941,0.0119416,0.0119276,0.0119442,0.0119603,0.0119582,0.0119566,0.0119662,0.0119474,0.0119432,0.0119523,0.0119641,0.0119571,0.0119549,0.0119523,0.0119523,0.0119576,0.0119555,0.0119582,0.0119587,0.0119603,0.011956,0.0119694,0.0119619,0.0119625,0.0119641,0.0119737,0.0119582,0.0119812,0.0119786,0.0119619,0.0119764,0.0119711,0.0119716,0.0119807,0.0119721,0.0119673,0.0119732,0.0119786,0.0119716,0.0119866,0.0119861,0.0119823,0.0119812,0.0119823,0.011978,0.0119807,0.0119721,0.0119571,0.0119812,0.0119979,0.011963,0.0119823,0.0120118,0.0119587,0.0120049,0.0120086,0.0119442,0.0120317,0.0120252]},"pv_cell_parameters":{"voc":{"unit":"V","value":1.08},"isc":{"unit":"mA","value":1.13},"jsc":{"unit":"mA\/cm2","value":11.97},"vopt":{"unit":"mV","value":752.6500000000001},"iopt":{"unit":"mA","value":1},"pmax":{"unit":"W","value":0.0007553999999999999},"fill_factor":{"unit":"%","value":61.92},"efficiency":{"unit":"%","value":8.04},"cell_dimension":{"unit":"cm2","value":0.094},"irradiance":{"unit":"mW\/cm2","value":100}},"calculations":{"fitted_isc":{"unit":"mA","value":1.13},"fitted_voc":{"unit":"V","value":1.09},"rshunt":{"unit":"Kohm","value":53.35},"rseries":{"unit":"ohm","value":288.75}},"measurement_conditions":{"sweep_direction":{"unit":"","value":"Reverse"},"nplc":{"unit":"","value":0.01},"voltage_settling_time":{"unit":"s","value":0.01},"configuration_file":{"unit":"","value":"Configuration for I-V meas.conf"},"sample_id":{"unit":"","value":"20220830_sample-09_nio_4pacz_64 macl 20_20min_c60_bcp_ag-2"},"note":{"unit":"","value":"\uc2dc\ub8cc\uc5d0 \uad00\ud55c \ubd80\uac00\uc801\uc778 \uc124\uba85\uc744 \uc774\uacf3\uc5d0 \uc801\uc73c\uc138\uc694. ^^"}},"key":"20220830_sample-09_nio_4pacz_64 macl 20_20min_c60_bcp_ag-2_20220830"},{"V":{"unit":"V","value":[1.2,1.1917,1.18345,1.17515,1.16685,1.1586,1.1503,1.142,1.13375,1.12545,1.11715,1.1089,1.1006,1.0923,1.084,1.07575,1.06745,1.05915,1.0509,1.0426,1.0343,1.02605,1.01775,1.00945,1.0012,0.9929,0.9846,0.97635,0.96805,0.95975,0.9515,0.9432,0.9349,0.92665,0.91835,0.91005,0.9018,0.8935,0.8852,0.8769,0.86865,0.86035,0.85205,0.8438,0.8355,0.8272,0.81895,0.81065,0.80235,0.7941,0.7858,0.7775,0.76925,0.76095,0.75265,0.7444,0.7361,0.7278,0.71955,0.71125,0.70295,0.6947,0.6864,0.6781,0.6698,0.66155,0.65325,0.64495,0.6367,0.6284,0.6201,0.61185,0.60355,0.59525,0.587,0.5787,0.5704,0.56215,0.55385,0.54555,0.5373,0.529,0.5207,0.51245,0.50415,0.49585,0.48755,0.4793,0.471,0.4627,0.45445,0.44615,0.43785,0.4296,0.4213,0.413,0.40475,0.39645,0.38815,0.3799,0.3716,0.3633,0.35505,0.34675,0.33845,0.3302,0.3219,0.3136,0.30535,0.29705,0.28875,0.28045,0.2722,0.2639,0.2556,0.24735,0.23905,0.23075,0.2225,0.2142,0.2059,0.19765,0.18935,0.18105,0.1728,0.1645,0.1562,0.14795,0.13965,0.13135,0.1231,0.1148,0.1065,0.09825,0.08995,0.08165,0.07335,0.0651,0.0568,0.0485,0.04025,0.03195,0.02365,0.0154,0.0071,-0.0012,-0.00945,-0.01775,-0.02605,-0.0343,-0.0426,-0.0509,-0.05915,-0.06745,-0.07575,-0.084,-0.0923,-0.1006,-0.1089,-0.11715,-0.12545,-0.13375,-0.142,-0.1503,-0.1586,-0.16685,-0.17515,-0.18345,-0.1917,-0.2]},"I":{"unit":"A","value":[-0.000288831,-0.000222534,-0.000190759,-0.000166626,-0.0001471,-0.000129148,-0.000112438,-9.86877e-5,-8.45152e-5,-7.0325e-5,-5.79634e-5,-4.67528e-5,-3.3141e-5,-1.91932e-5,-6.00982e-6,7.28517e-6,2.65701e-5,4.47782e-5,6.22984e-5,8.51866e-5,0.000104325,0.000123868,0.000146645,0.000168356,0.000189503,0.000210616,0.00023217,0.000252438,0.000271845,0.000292585,0.000312093,0.000332265,0.000351783,0.000370999,0.000388324,0.000408939,0.000426978,0.000445455,0.000461151,0.000478853,0.000498039,0.000516335,0.000532449,0.000549221,0.000566093,0.000580924,0.000596846,0.000612904,0.000623576,0.000636501,0.000651141,0.000664071,0.000677699,0.000689186,0.000700924,0.000712848,0.000722926,0.000733794,0.000739573,0.000750023,0.000757225,0.000764638,0.000773464,0.000780796,0.00078572,0.000791875,0.00079707,0.000802663,0.000806087,0.000809633,0.000812027,0.000818701,0.000820853,0.000821612,0.000825882,0.000829423,0.000828578,0.00083163,0.000833506,0.000833446,0.000837509,0.000838385,0.000837474,0.000840391,0.000841211,0.000840175,0.000840819,0.000841437,0.000840416,0.000841181,0.000840618,0.000841382,0.000840774,0.000840366,0.00084014,0.000842182,0.000841739,0.000840366,0.000841593,0.000840602,0.000841462,0.000842202,0.00084189,0.000842161,0.000841885,0.000841402,0.000842101,0.000842916,0.000840351,0.000842373,0.00084271,0.000839868,0.000841955,0.000842393,0.000840899,0.000841669,0.000840944,0.000841608,0.000840607,0.000842176,0.000840854,0.000840406,0.00084112,0.000842131,0.000840341,0.000841126,0.000841981,0.000840633,0.000841618,0.000840688,0.000840411,0.000841281,0.000840135,0.00084026,0.000841397,0.000840104,0.000840975,0.000841347,0.0008402,0.000839617,0.000840462,0.000839023,0.000840155,0.000840019,0.00083939,0.000840426,0.000839848,0.0008402,0.000838943,0.000839481,0.000840572,0.000839129,0.00083846,0.000841648,0.000840452,0.000838943,0.000841166,0.000840602,0.000840049,0.000840748,0.000840673,0.000839426,0.000840819,0.000840301,0.000840537,0.00084112,0.00084106,0.000840864,0.000840824,0.000840517]},"J":{"unit":"A\/cm2","value":[-0.00307267,-0.00236739,-0.00202935,-0.00177262,-0.0015649,-0.00137392,-0.00119615,-0.00104987,-0.000899098,-0.000748138,-0.000616632,-0.00049737,-0.000352564,-0.000204183,-6.39342e-5,7.75018e-5,0.000282661,0.000476364,0.000662749,0.00090624,0.00110984,0.00131775,0.00156006,0.00179102,0.00201599,0.00224059,0.0024699,0.00268551,0.00289197,0.00311261,0.00332014,0.00353473,0.00374237,0.0039468,0.00413111,0.00435041,0.00454232,0.00473888,0.00490586,0.00509419,0.00529829,0.00549293,0.00566435,0.00584277,0.00602227,0.00618004,0.00634943,0.00652026,0.00663379,0.00677129,0.00692703,0.00706458,0.00720957,0.00733176,0.00745664,0.00758349,0.0076907,0.00780632,0.00786779,0.00797897,0.00805558,0.00813444,0.00822834,0.00830634,0.00835872,0.00842421,0.00847947,0.00853897,0.0085754,0.00861312,0.00863859,0.00870958,0.00873248,0.00874056,0.00878598,0.00882365,0.00881466,0.00884713,0.00886709,0.00886645,0.00890967,0.00891899,0.0089093,0.00894033,0.00894905,0.00893803,0.00894488,0.00895146,0.0089406,0.00894873,0.00894274,0.00895087,0.0089444,0.00894006,0.00893766,0.00895938,0.00895467,0.00894006,0.00895312,0.00894258,0.00895173,0.00895959,0.00895628,0.00895916,0.00895622,0.00895109,0.00895852,0.00896719,0.0089399,0.00896141,0.008965,0.00893477,0.00895697,0.00896163,0.00894574,0.00895392,0.00894622,0.00895328,0.00894263,0.00895932,0.00894525,0.00894049,0.00894809,0.00895884,0.0089398,0.00894814,0.00895724,0.0089429,0.00895339,0.00894349,0.00894055,0.0089498,0.0089376,0.00893894,0.00895103,0.00893728,0.00894654,0.0089505,0.0089383,0.00893209,0.00894108,0.00892578,0.00893782,0.00893637,0.00892969,0.00894071,0.00893455,0.0089383,0.00892492,0.00893065,0.00894226,0.0089269,0.00891979,0.00895371,0.00894097,0.00892492,0.00894857,0.00894258,0.00893669,0.00894413,0.00894333,0.00893006,0.00894488,0.00893937,0.00894188,0.00894809,0.00894745,0.00894536,0.00894493,0.00894167]},"pv_cell_parameters":{"voc":{"unit":"V","value":1.08},"isc":{"unit":"mA","value":0.8404299999999999},"jsc":{"unit":"mA\/cm2","value":8.94},"vopt":{"unit":"mV","value":727.8},"iopt":{"unit":"mA","value":0.7337899999999999},"pmax":{"unit":"W","value":0.0005340599999999999},"fill_factor":{"unit":"%","value":58.62},"efficiency":{"unit":"%","value":5.68},"cell_dimension":{"unit":"cm2","value":0.094},"irradiance":{"unit":"mW\/cm2","value":100}},"calculations":{"fitted_isc":{"unit":"mA","value":0.83975},"fitted_voc":{"unit":"V","value":1.08},"rshunt":{"unit":"Kohm","value":236.26},"rseries":{"unit":"ohm","value":566.33}},"measurement_conditions":{"sweep_direction":{"unit":"","value":"Reverse"},"nplc":{"unit":"","value":0.01},"voltage_settling_time":{"unit":"s","value":0.01},"configuration_file":{"unit":"","value":"Configuration for I-V meas.conf"},"sample_id":{"unit":"","value":"20220830_sample-09_nio_4pacz_64 macl 20_20min_c60_bcp_ag-1"},"note":{"unit":"","value":"\uc2dc\ub8cc\uc5d0 \uad00\ud55c \ubd80\uac00\uc801\uc778 \uc124\uba85\uc744 \uc774\uacf3\uc5d0 \uc801\uc73c\uc138\uc694. ^^"}},"key":"20220830_sample-09_nio_4pacz_64 macl 20_20min_c60_bcp_ag-1_20220830"}]},"jvcnt":4,"analysisInfo":{"JV":[{"efficiency":7.43,"fill_factor":62.6,"jsc":10.87,"voc":1.09,"key":"20220830_sample-09_nio_4pacz_64 macl 20_20min_c60_bcp_ag-4_20220830","cell_dimension":0.094},{"efficiency":8.22,"fill_factor":62.55,"jsc":12.12,"voc":1.08,"key":"20220830_sample-09_nio_4pacz_64 macl 20_20min_c60_bcp_ag-3_20220830","cell_dimension":0.094},{"efficiency":8.04,"fill_factor":61.92,"jsc":11.97,"voc":1.08,"key":"20220830_sample-09_nio_4pacz_64 macl 20_20min_c60_bcp_ag-2_20220830","cell_dimension":0.094},{"efficiency":5.68,"fill_factor":58.62,"jsc":8.94,"voc":1.08,"key":"20220830_sample-09_nio_4pacz_64 macl 20_20min_c60_bcp_ag-1_20220830","cell_dimension":0.094}]},"public":2,"analysis":{"JV":[{"V":{"unit":"V","value":[1.2,1.1917,1.18345,1.17515,1.16685,1.1586,1.1503,1.142,1.13375,1.12545,1.11715,1.1089,1.1006,1.0923,1.084,1.07575,1.06745,1.05915,1.0509,1.0426,1.0343,1.02605,1.01775,1.00945,1.0012,0.9929,0.9846,0.97635,0.96805,0.95975,0.9515,0.9432,0.9349,0.92665,0.91835,0.91005,0.9018,0.8935,0.8852,0.8769,0.86865,0.86035,0.85205,0.8438,0.8355,0.8272,0.81895,0.81065,0.80235,0.7941,0.7858,0.7775,0.76925,0.76095,0.75265,0.7444,0.7361,0.7278,0.71955,0.71125,0.70295,0.6947,0.6864,0.6781,0.6698,0.66155,0.65325,0.64495,0.6367,0.6284,0.6201,0.61185,0.60355,0.59525,0.587,0.5787,0.5704,0.56215,0.55385,0.54555,0.5373,0.529,0.5207,0.51245,0.50415,0.49585,0.48755,0.4793,0.471,0.4627,0.45445,0.44615,0.43785,0.4296,0.4213,0.413,0.40475,0.39645,0.38815,0.3799,0.3716,0.3633,0.35505,0.34675,0.33845,0.3302,0.3219,0.3136,0.30535,0.29705,0.28875,0.28045,0.2722,0.2639,0.2556,0.24735,0.23905,0.23075,0.2225,0.2142,0.2059,0.19765,0.18935,0.18105,0.1728,0.1645,0.1562,0.14795,0.13965,0.13135,0.1231,0.1148,0.1065,0.09825,0.08995,0.08165,0.07335,0.0651,0.0568,0.0485,0.04025,0.03195,0.02365,0.0154,0.0071,-0.0012,-0.00945,-0.01775,-0.02605,-0.0343,-0.0426,-0.0509,-0.05915,-0.06745,-0.07575,-0.084,-0.0923,-0.1006,-0.1089,-0.11715,-0.12545,-0.13375,-0.142,-0.1503,-0.1586,-0.16685,-0.17515,-0.18345,-0.1917,-0.2]},"I":{"unit":"A","value":[-0.000327483,-0.000281273,-0.000246837,-0.000217597,-0.000192335,-0.000169778,-0.000149017,-0.000129478,-0.000110845,-9.44367e-5,-7.44408e-5,-5.49282e-5,-3.38634e-5,-1.177e-5,1.21878e-5,3.79658e-5,6.60915e-5,9.56818e-5,0.000126959,0.000160076,0.000194611,0.00022902,0.00026367,0.000298356,0.000332533,0.000367093,0.00039776,0.000429624,0.000461343,0.000490727,0.000519075,0.000545622,0.000571772,0.000595574,0.000617333,0.000640208,0.000658462,0.000678173,0.000699475,0.000718131,0.000736233,0.00075351,0.000770919,0.000786491,0.000802179,0.000817812,0.000829843,0.000843846,0.000858689,0.00087071,0.000881861,0.000896121,0.000906965,0.000913494,0.00092466,0.000938684,0.000938191,0.000949045,0.000958179,0.000960362,0.000967922,0.000975316,0.000978339,0.000983595,0.000987906,0.000989616,0.0009937,0.000995123,0.00099803,0.0010019,0.00100383,0.00100361,0.00100746,0.00100825,0.00100878,0.00101146,0.00101147,0.00101228,0.00101377,0.0010137,0.00101599,0.00101685,0.0010156,0.00101696,0.00101826,0.00101789,0.00101832,0.00101894,0.00101962,0.0010185,0.00101905,0.0010207,0.00101966,0.00101898,0.00102119,0.00102104,0.00102046,0.00102242,0.00102086,0.00102127,0.00102217,0.00102097,0.00102035,0.00102197,0.00102215,0.00102195,0.00102187,0.00102178,0.00102137,0.00102295,0.00102213,0.00102169,0.00102317,0.00102219,0.00102159,0.00102391,0.00102225,0.00102197,0.00102536,0.00102344,0.00102174,0.00102432,0.00102267,0.00102414,0.0010238,0.00102166,0.00102427,0.00102258,0.00102129,0.00102472,0.0010233,0.00102264,0.00102468,0.00102378,0.00102366,0.0010236,0.00102388,0.00102425,0.00102272,0.00102354,0.00102511,0.00102312,0.00102352,0.00102589,0.00102298,0.00102189,0.00102547,0.00102329,0.00102201,0.0010254,0.00102377,0.001023,0.00102397,0.0010246,0.00102429,0.00102356,0.00102601,0.00102454,0.00102242,0.00102507,0.00102445,0.00102388,0.00102512,0.00102348,0.001023,0.00102461,0.00102375,0.00102318,0.0010244,0.00102325]},"J":{"unit":"A\/cm2","value":[-0.00348386,-0.00299227,-0.00262593,-0.00231486,-0.00204611,-0.00180615,-0.00158529,-0.00137743,-0.0011792,-0.00100465,-0.000791924,-0.000584343,-0.000360249,-0.000125213,0.000129657,0.000403891,0.000703101,0.00101789,0.00135063,0.00170293,0.00207033,0.00243638,0.002805,0.003174,0.00353759,0.00390525,0.00423149,0.00457047,0.0049079,0.0052205,0.00552207,0.00580449,0.00608269,0.00633589,0.00656737,0.00681073,0.00700491,0.00721461,0.00744122,0.00763969,0.00783226,0.00801607,0.00820126,0.00836693,0.00853382,0.00870012,0.00882812,0.00897709,0.00913499,0.00926288,0.0093815,0.0095332,0.00964857,0.00971802,0.00983681,0.00998599,0.00998075,0.0100962,0.0101934,0.0102166,0.010297,0.0103757,0.0104079,0.0104638,0.0105096,0.0105278,0.0105713,0.0105864,0.0106173,0.0106586,0.010679,0.0106767,0.0107177,0.010726,0.0107317,0.0107602,0.0107603,0.0107689,0.0107848,0.0107841,0.0108084,0.0108176,0.0108043,0.0108187,0.0108325,0.0108286,0.0108331,0.0108398,0.0108471,0.0108351,0.010841,0.0108585,0.0108474,0.0108402,0.0108637,0.0108621,0.010856,0.0108769,0.0108602,0.0108646,0.0108741,0.0108614,0.0108548,0.010872,0.010874,0.0108718,0.0108709,0.01087,0.0108656,0.0108824,0.0108737,0.010869,0.0108848,0.0108744,0.010868,0.0108926,0.010875,0.010872,0.0109081,0.0108877,0.0108696,0.010897,0.0108794,0.0108952,0.0108915,0.0108687,0.0108964,0.0108785,0.0108648,0.0109013,0.0108862,0.0108792,0.0109008,0.0108913,0.01089,0.0108893,0.0108923,0.0108962,0.01088,0.0108887,0.0109054,0.0108842,0.0108885,0.0109137,0.0108827,0.0108712,0.0109092,0.010886,0.0108724,0.0109085,0.0108911,0.010883,0.0108933,0.0109,0.0108967,0.0108889,0.010915,0.0108993,0.0108768,0.010905,0.0108984,0.0108923,0.0109055,0.010888,0.010883,0.0109001,0.010891,0.0108848,0.0108979,0.0108856]},"pv_cell_parameters":{"voc":{"unit":"V","value":1.09},"isc":{"unit":"mA","value":1.02},"jsc":{"unit":"mA\/cm2","value":10.87},"vopt":{"unit":"mV","value":744.4},"iopt":{"unit":"mA","value":0.9386799999999998},"pmax":{"unit":"W","value":0.00069876},"fill_factor":{"unit":"%","value":62.6},"efficiency":{"unit":"%","value":7.43},"cell_dimension":{"unit":"cm2","value":0.094},"irradiance":{"unit":"mW\/cm2","value":100}},"calculations":{"fitted_isc":{"unit":"mA","value":1.02},"fitted_voc":{"unit":"V","value":1.09},"rshunt":{"unit":"Kohm","value":67.51},"rseries":{"unit":"ohm","value":362.91}},"measurement_conditions":{"sweep_direction":{"unit":"","value":"Reverse"},"nplc":{"unit":"","value":0.01},"voltage_settling_time":{"unit":"s","value":0.01},"configuration_file":{"unit":"","value":"Configuration for I-V meas.conf"},"sample_id":{"unit":"","value":"20220830_sample-09_nio_4pacz_64 macl 20_20min_c60_bcp_ag-4"},"note":{"unit":"","value":"\uc2dc\ub8cc\uc5d0 \uad00\ud55c \ubd80\uac00\uc801\uc778 \uc124\uba85\uc744 \uc774\uacf3\uc5d0 \uc801\uc73c\uc138\uc694. ^^"}},"key":"20220830_sample-09_nio_4pacz_64 macl 20_20min_c60_bcp_ag-4_20220830","sweep_direction":{"unit":"","value":"Reverse"},"jsc":{"unit":"mA\/cm2","value":10.87},"voc":{"unit":"V","value":1.09},"efficiency":{"unit":"%","value":7.43},"fill_factor":{"unit":"%","value":62.6},"cell_dimension":{"unit":"cm2","value":0.094}},{"V":{"unit":"V","value":[1.2,1.1917,1.18345,1.17515,1.16685,1.1586,1.1503,1.142,1.13375,1.12545,1.11715,1.1089,1.1006,1.0923,1.084,1.07575,1.06745,1.05915,1.0509,1.0426,1.0343,1.02605,1.01775,1.00945,1.0012,0.9929,0.9846,0.97635,0.96805,0.95975,0.9515,0.9432,0.9349,0.92665,0.91835,0.91005,0.9018,0.8935,0.8852,0.8769,0.86865,0.86035,0.85205,0.8438,0.8355,0.8272,0.81895,0.81065,0.80235,0.7941,0.7858,0.7775,0.76925,0.76095,0.75265,0.7444,0.7361,0.7278,0.71955,0.71125,0.70295,0.6947,0.6864,0.6781,0.6698,0.66155,0.65325,0.64495,0.6367,0.6284,0.6201,0.61185,0.60355,0.59525,0.587,0.5787,0.5704,0.56215,0.55385,0.54555,0.5373,0.529,0.5207,0.51245,0.50415,0.49585,0.48755,0.4793,0.471,0.4627,0.45445,0.44615,0.43785,0.4296,0.4213,0.413,0.40475,0.39645,0.38815,0.3799,0.3716,0.3633,0.35505,0.34675,0.33845,0.3302,0.3219,0.3136,0.30535,0.29705,0.28875,0.28045,0.2722,0.2639,0.2556,0.24735,0.23905,0.23075,0.2225,0.2142,0.2059,0.19765,0.18935,0.18105,0.1728,0.1645,0.1562,0.14795,0.13965,0.13135,0.1231,0.1148,0.1065,0.09825,0.08995,0.08165,0.07335,0.0651,0.0568,0.0485,0.04025,0.03195,0.02365,0.0154,0.0071,-0.0012,-0.00945,-0.01775,-0.02605,-0.0343,-0.0426,-0.0509,-0.05915,-0.06745,-0.07575,-0.084,-0.0923,-0.1006,-0.1089,-0.11715,-0.12545,-0.13375,-0.142,-0.1503,-0.1586,-0.16685,-0.17515,-0.18345,-0.1917,-0.2]},"I":{"unit":"A","value":[-0.000381149,-0.000333399,-0.000296609,-0.000265688,-0.000238549,-0.000214745,-0.000192062,-0.000170044,-0.000149302,-0.000128606,-0.000106889,-8.60491e-5,-6.03845e-5,-3.34534e-5,-5.84097e-6,2.60509e-5,6.21101e-5,9.91823e-5,0.000138476,0.000179238,0.000220262,0.000261342,0.000303664,0.000342973,0.000382332,0.000421706,0.000456368,0.000491884,0.000525434,0.000557464,0.00058775,0.000615354,0.000640901,0.000666307,0.000689083,0.000711778,0.000730525,0.000750725,0.000772841,0.000792423,0.00081043,0.000829569,0.000847053,0.000864517,0.000882373,0.000897388,0.000912206,0.000927537,0.000942159,0.000958818,0.000972168,0.000984033,0.000996684,0.00100788,0.00101915,0.00103024,0.00103657,0.00104617,0.00107376,0.00106827,0.00107058,0.00107452,0.00108072,0.00108526,0.00108849,0.00109419,0.00109792,0.00109908,0.00110397,0.0011078,0.00110801,0.00111068,0.0011133,0.00111537,0.00111804,0.00111809,0.00111955,0.00112243,0.00112233,0.00112309,0.00112566,0.0011254,0.00112682,0.00112783,0.00112904,0.00112888,0.00112909,0.00112873,0.00112989,0.0011307,0.00113151,0.00113156,0.00113196,0.00113216,0.00113272,0.00113373,0.00113181,0.00113393,0.00113337,0.00113367,0.00113463,0.00113493,0.00113403,0.00113398,0.00113383,0.00113549,0.00113453,0.00113514,0.00113524,0.00113529,0.00113503,0.0011368,0.00113665,0.00113272,0.0011362,0.0011364,0.00113292,0.00113589,0.00113746,0.00113529,0.00113589,0.00113478,0.00113549,0.00113731,0.00113695,0.00113761,0.00113751,0.00113675,0.001137,0.00113877,0.00113675,0.00113786,0.00113721,0.00113746,0.00113746,0.00113847,0.00113761,0.00113695,0.00113988,0.00113811,0.00113761,0.00113978,0.00113771,0.00113842,0.00113932,0.00113958,0.00113756,0.00114003,0.00114089,0.00113887,0.00113857,0.00114139,0.00113806,0.00113958,0.00114119,0.00113922,0.00113766,0.00114129,0.00113963,0.00114028,0.00114038,0.00114048,0.00114038,0.00114094,0.00114094,0.00114073,0.00114033,0.00114018,0.00114149,0.00114235]},"J":{"unit":"A\/cm2","value":[-0.00405477,-0.0035468,-0.00315541,-0.00282647,-0.00253776,-0.00228452,-0.00204322,-0.00180897,-0.00158832,-0.00136815,-0.00113712,-0.000915415,-0.000642388,-0.000355887,-6.2138e-5,0.000277137,0.000660745,0.00105513,0.00147314,0.00190679,0.00234322,0.00278023,0.00323047,0.00364865,0.00406736,0.00448624,0.00485497,0.00523281,0.00558972,0.00593047,0.00625266,0.00654632,0.0068181,0.00708838,0.00733067,0.00757211,0.00777154,0.00798643,0.00822172,0.00843003,0.0086216,0.0088252,0.0090112,0.00919699,0.00938695,0.00954668,0.00970432,0.00986742,0.010023,0.0102002,0.0103422,0.0104684,0.010603,0.0107221,0.010842,0.01096,0.0110273,0.0111295,0.011423,0.0113645,0.0113892,0.011431,0.0114971,0.0115453,0.0115797,0.0116403,0.01168,0.0116923,0.0117444,0.0117851,0.0117873,0.0118157,0.0118436,0.0118656,0.0118941,0.0118946,0.0119101,0.0119407,0.0119397,0.0119477,0.0119751,0.0119724,0.0119874,0.0119981,0.012011,0.0120094,0.0120116,0.0120078,0.0120201,0.0120287,0.0120373,0.0120378,0.0120421,0.0120443,0.0120502,0.0120609,0.0120405,0.0120631,0.0120571,0.0120604,0.0120706,0.0120738,0.0120641,0.0120636,0.012062,0.0120797,0.0120695,0.0120759,0.012077,0.0120775,0.0120748,0.0120936,0.012092,0.0120502,0.0120872,0.0120894,0.0120523,0.012084,0.0121006,0.0120775,0.012084,0.0120722,0.0120797,0.012099,0.0120952,0.0121022,0.0121011,0.0120931,0.0120958,0.0121146,0.0120931,0.0121049,0.0120979,0.0121006,0.0121006,0.0121113,0.0121022,0.0120952,0.0121264,0.0121076,0.0121022,0.0121253,0.0121033,0.0121108,0.0121205,0.0121231,0.0121017,0.012128,0.0121371,0.0121156,0.0121124,0.0121425,0.012107,0.0121231,0.0121403,0.0121194,0.0121027,0.0121414,0.0121237,0.0121306,0.0121317,0.0121328,0.0121317,0.0121376,0.0121376,0.0121355,0.0121312,0.0121296,0.0121435,0.0121526]},"pv_cell_parameters":{"voc":{"unit":"V","value":1.08},"isc":{"unit":"mA","value":1.14},"jsc":{"unit":"mA\/cm2","value":12.12},"vopt":{"unit":"mV","value":719.5500000000001},"iopt":{"unit":"mA","value":1.07},"pmax":{"unit":"W","value":0.00077263},"fill_factor":{"unit":"%","value":62.55},"efficiency":{"unit":"%","value":8.22},"cell_dimension":{"unit":"cm2","value":0.094},"irradiance":{"unit":"mW\/cm2","value":100}},"calculations":{"fitted_isc":{"unit":"mA","value":1.14},"fitted_voc":{"unit":"V","value":1.09},"rshunt":{"unit":"Kohm","value":68.09},"rseries":{"unit":"ohm","value":280.48}},"measurement_conditions":{"sweep_direction":{"unit":"","value":"Reverse"},"nplc":{"unit":"","value":0.01},"voltage_settling_time":{"unit":"s","value":0.01},"configuration_file":{"unit":"","value":"Configuration for I-V meas.conf"},"sample_id":{"unit":"","value":"20220830_sample-09_nio_4pacz_64 macl 20_20min_c60_bcp_ag-3"},"note":{"unit":"","value":"\uc2dc\ub8cc\uc5d0 \uad00\ud55c \ubd80\uac00\uc801\uc778 \uc124\uba85\uc744 \uc774\uacf3\uc5d0 \uc801\uc73c\uc138\uc694. ^^"}},"key":"20220830_sample-09_nio_4pacz_64 macl 20_20min_c60_bcp_ag-3_20220830","sweep_direction":{"unit":"","value":"Reverse"},"jsc":{"unit":"mA\/cm2","value":12.12},"voc":{"unit":"V","value":1.08},"efficiency":{"unit":"%","value":8.22},"fill_factor":{"unit":"%","value":62.55},"cell_dimension":{"unit":"cm2","value":0.094}},{"V":{"unit":"V","value":[1.2,1.1917,1.18345,1.17515,1.16685,1.1586,1.1503,1.142,1.13375,1.12545,1.11715,1.1089,1.1006,1.0923,1.084,1.07575,1.06745,1.05915,1.0509,1.0426,1.0343,1.02605,1.01775,1.00945,1.0012,0.9929,0.9846,0.97635,0.96805,0.95975,0.9515,0.9432,0.9349,0.92665,0.91835,0.91005,0.9018,0.8935,0.8852,0.8769,0.86865,0.86035,0.85205,0.8438,0.8355,0.8272,0.81895,0.81065,0.80235,0.7941,0.7858,0.7775,0.76925,0.76095,0.75265,0.7444,0.7361,0.7278,0.71955,0.71125,0.70295,0.6947,0.6864,0.6781,0.6698,0.66155,0.65325,0.64495,0.6367,0.6284,0.6201,0.61185,0.60355,0.59525,0.587,0.5787,0.5704,0.56215,0.55385,0.54555,0.5373,0.529,0.5207,0.51245,0.50415,0.49585,0.48755,0.4793,0.471,0.4627,0.45445,0.44615,0.43785,0.4296,0.4213,0.413,0.40475,0.39645,0.38815,0.3799,0.3716,0.3633,0.35505,0.34675,0.33845,0.3302,0.3219,0.3136,0.30535,0.29705,0.28875,0.28045,0.2722,0.2639,0.2556,0.24735,0.23905,0.23075,0.2225,0.2142,0.2059,0.19765,0.18935,0.18105,0.1728,0.1645,0.1562,0.14795,0.13965,0.13135,0.1231,0.1148,0.1065,0.09825,0.08995,0.08165,0.07335,0.0651,0.0568,0.0485,0.04025,0.03195,0.02365,0.0154,0.0071,-0.0012,-0.00945,-0.01775,-0.02605,-0.0343,-0.0426,-0.0509,-0.05915,-0.06745,-0.07575,-0.084,-0.0923,-0.1006,-0.1089,-0.11715,-0.12545,-0.13375,-0.142,-0.1503,-0.1586,-0.16685,-0.17515,-0.18345,-0.1917,-0.2]},"I":{"unit":"A","value":[-0.00041538,-0.00033904,-0.000299288,-0.000265411,-0.000235838,-0.0002095,-0.000185404,-0.000162843,-0.000142268,-0.000120461,-0.000100412,-7.5919e-5,-5.12639e-5,-2.50153e-5,1.82932e-6,3.20108e-5,6.64543e-5,0.000102097,0.000138241,0.000176805,0.000215504,0.000253314,0.00029237,0.000330089,0.000367244,0.000403454,0.000437702,0.000469566,0.000501088,0.000531705,0.000558886,0.000583643,0.00061008,0.000635827,0.000660645,0.000683319,0.000705948,0.000727551,0.000748666,0.000768373,0.000788281,0.000804563,0.000824255,0.000843987,0.000861028,0.000878481,0.000895337,0.000911236,0.000927356,0.000940821,0.000955926,0.000967082,0.000978203,0.000990767,0.00100365,0.00101189,0.00102248,0.0010325,0.00103821,0.00104628,0.00107117,0.001069,0.00106754,0.00107086,0.00107737,0.00107833,0.0010808,0.00108473,0.0010872,0.00109063,0.00109366,0.00109537,0.0010983,0.00109906,0.00110284,0.00110359,0.0011045,0.00110677,0.00110733,0.00110773,0.00111101,0.00111075,0.00111161,0.00111328,0.00111222,0.00111358,0.00111328,0.00111449,0.00111575,0.00111595,0.00111524,0.00111721,0.00111731,0.00111706,0.00111958,0.00111625,0.00111882,0.00111923,0.00111827,0.00111857,0.00111998,0.00111978,0.00111822,0.00112099,0.0011224,0.00112104,0.00112044,0.001122,0.00112084,0.00112074,0.00112245,0.00112251,0.00112119,0.00112276,0.00112427,0.00112407,0.00112392,0.00112483,0.00112306,0.00112266,0.00112351,0.00112462,0.00112397,0.00112377,0.00112351,0.00112351,0.00112402,0.00112382,0.00112407,0.00112412,0.00112427,0.00112387,0.00112513,0.00112442,0.00112447,0.00112462,0.00112553,0.00112407,0.00112624,0.00112599,0.00112442,0.00112578,0.00112528,0.00112533,0.00112619,0.00112538,0.00112493,0.00112548,0.00112599,0.00112533,0.00112674,0.00112669,0.00112634,0.00112624,0.00112634,0.00112593,0.00112619,0.00112538,0.00112397,0.00112624,0.0011278,0.00112452,0.00112634,0.00112911,0.00112412,0.00112846,0.00112881,0.00112276,0.00113098,0.00113037]},"J":{"unit":"A\/cm2","value":[-0.00441894,-0.00360681,-0.00318392,-0.00282352,-0.00250892,-0.00222872,-0.00197239,-0.00173237,-0.00151349,-0.0012815,-0.00106821,-0.000807649,-0.000545361,-0.00026612,1.94609e-5,0.00034054,0.000706961,0.00108614,0.00147065,0.0018809,0.0022926,0.00269483,0.00311032,0.00351159,0.00390686,0.00429207,0.00465641,0.00499539,0.00533072,0.00565644,0.0059456,0.00620897,0.00649021,0.00676412,0.00702813,0.00726935,0.00751009,0.00773991,0.00796454,0.00817419,0.00838597,0.00855918,0.00876867,0.00897858,0.00915987,0.00934555,0.00952486,0.009694,0.00986549,0.0100087,0.0101694,0.0102881,0.0104064,0.0105401,0.0106771,0.0107648,0.0108774,0.0109841,0.0110448,0.0111307,0.0113954,0.0113723,0.0113568,0.0113922,0.0114614,0.0114716,0.0114979,0.0115397,0.011566,0.0116025,0.0116347,0.0116529,0.011684,0.0116921,0.0117323,0.0117404,0.01175,0.0117742,0.0117801,0.0117844,0.0118192,0.0118165,0.0118257,0.0118434,0.0118321,0.0118466,0.0118434,0.0118563,0.0118697,0.0118718,0.0118643,0.0118852,0.0118863,0.0118836,0.0119104,0.011875,0.0119024,0.0119067,0.0118965,0.0118997,0.0119147,0.0119126,0.0118959,0.0119254,0.0119405,0.011926,0.0119196,0.0119362,0.0119238,0.0119228,0.011941,0.0119416,0.0119276,0.0119442,0.0119603,0.0119582,0.0119566,0.0119662,0.0119474,0.0119432,0.0119523,0.0119641,0.0119571,0.0119549,0.0119523,0.0119523,0.0119576,0.0119555,0.0119582,0.0119587,0.0119603,0.011956,0.0119694,0.0119619,0.0119625,0.0119641,0.0119737,0.0119582,0.0119812,0.0119786,0.0119619,0.0119764,0.0119711,0.0119716,0.0119807,0.0119721,0.0119673,0.0119732,0.0119786,0.0119716,0.0119866,0.0119861,0.0119823,0.0119812,0.0119823,0.011978,0.0119807,0.0119721,0.0119571,0.0119812,0.0119979,0.011963,0.0119823,0.0120118,0.0119587,0.0120049,0.0120086,0.0119442,0.0120317,0.0120252]},"pv_cell_parameters":{"voc":{"unit":"V","value":1.08},"isc":{"unit":"mA","value":1.13},"jsc":{"unit":"mA\/cm2","value":11.97},"vopt":{"unit":"mV","value":752.6500000000001},"iopt":{"unit":"mA","value":1},"pmax":{"unit":"W","value":0.0007553999999999999},"fill_factor":{"unit":"%","value":61.92},"efficiency":{"unit":"%","value":8.04},"cell_dimension":{"unit":"cm2","value":0.094},"irradiance":{"unit":"mW\/cm2","value":100}},"calculations":{"fitted_isc":{"unit":"mA","value":1.13},"fitted_voc":{"unit":"V","value":1.09},"rshunt":{"unit":"Kohm","value":53.35},"rseries":{"unit":"ohm","value":288.75}},"measurement_conditions":{"sweep_direction":{"unit":"","value":"Reverse"},"nplc":{"unit":"","value":0.01},"voltage_settling_time":{"unit":"s","value":0.01},"configuration_file":{"unit":"","value":"Configuration for I-V meas.conf"},"sample_id":{"unit":"","value":"20220830_sample-09_nio_4pacz_64 macl 20_20min_c60_bcp_ag-2"},"note":{"unit":"","value":"\uc2dc\ub8cc\uc5d0 \uad00\ud55c \ubd80\uac00\uc801\uc778 \uc124\uba85\uc744 \uc774\uacf3\uc5d0 \uc801\uc73c\uc138\uc694. ^^"}},"key":"20220830_sample-09_nio_4pacz_64 macl 20_20min_c60_bcp_ag-2_20220830","sweep_direction":{"unit":"","value":"Reverse"},"jsc":{"unit":"mA\/cm2","value":11.97},"voc":{"unit":"V","value":1.08},"efficiency":{"unit":"%","value":8.04},"fill_factor":{"unit":"%","value":61.92},"cell_dimension":{"unit":"cm2","value":0.094}},{"V":{"unit":"V","value":[1.2,1.1917,1.18345,1.17515,1.16685,1.1586,1.1503,1.142,1.13375,1.12545,1.11715,1.1089,1.1006,1.0923,1.084,1.07575,1.06745,1.05915,1.0509,1.0426,1.0343,1.02605,1.01775,1.00945,1.0012,0.9929,0.9846,0.97635,0.96805,0.95975,0.9515,0.9432,0.9349,0.92665,0.91835,0.91005,0.9018,0.8935,0.8852,0.8769,0.86865,0.86035,0.85205,0.8438,0.8355,0.8272,0.81895,0.81065,0.80235,0.7941,0.7858,0.7775,0.76925,0.76095,0.75265,0.7444,0.7361,0.7278,0.71955,0.71125,0.70295,0.6947,0.6864,0.6781,0.6698,0.66155,0.65325,0.64495,0.6367,0.6284,0.6201,0.61185,0.60355,0.59525,0.587,0.5787,0.5704,0.56215,0.55385,0.54555,0.5373,0.529,0.5207,0.51245,0.50415,0.49585,0.48755,0.4793,0.471,0.4627,0.45445,0.44615,0.43785,0.4296,0.4213,0.413,0.40475,0.39645,0.38815,0.3799,0.3716,0.3633,0.35505,0.34675,0.33845,0.3302,0.3219,0.3136,0.30535,0.29705,0.28875,0.28045,0.2722,0.2639,0.2556,0.24735,0.23905,0.23075,0.2225,0.2142,0.2059,0.19765,0.18935,0.18105,0.1728,0.1645,0.1562,0.14795,0.13965,0.13135,0.1231,0.1148,0.1065,0.09825,0.08995,0.08165,0.07335,0.0651,0.0568,0.0485,0.04025,0.03195,0.02365,0.0154,0.0071,-0.0012,-0.00945,-0.01775,-0.02605,-0.0343,-0.0426,-0.0509,-0.05915,-0.06745,-0.07575,-0.084,-0.0923,-0.1006,-0.1089,-0.11715,-0.12545,-0.13375,-0.142,-0.1503,-0.1586,-0.16685,-0.17515,-0.18345,-0.1917,-0.2]},"I":{"unit":"A","value":[-0.000288831,-0.000222534,-0.000190759,-0.000166626,-0.0001471,-0.000129148,-0.000112438,-9.86877e-5,-8.45152e-5,-7.0325e-5,-5.79634e-5,-4.67528e-5,-3.3141e-5,-1.91932e-5,-6.00982e-6,7.28517e-6,2.65701e-5,4.47782e-5,6.22984e-5,8.51866e-5,0.000104325,0.000123868,0.000146645,0.000168356,0.000189503,0.000210616,0.00023217,0.000252438,0.000271845,0.000292585,0.000312093,0.000332265,0.000351783,0.000370999,0.000388324,0.000408939,0.000426978,0.000445455,0.000461151,0.000478853,0.000498039,0.000516335,0.000532449,0.000549221,0.000566093,0.000580924,0.000596846,0.000612904,0.000623576,0.000636501,0.000651141,0.000664071,0.000677699,0.000689186,0.000700924,0.000712848,0.000722926,0.000733794,0.000739573,0.000750023,0.000757225,0.000764638,0.000773464,0.000780796,0.00078572,0.000791875,0.00079707,0.000802663,0.000806087,0.000809633,0.000812027,0.000818701,0.000820853,0.000821612,0.000825882,0.000829423,0.000828578,0.00083163,0.000833506,0.000833446,0.000837509,0.000838385,0.000837474,0.000840391,0.000841211,0.000840175,0.000840819,0.000841437,0.000840416,0.000841181,0.000840618,0.000841382,0.000840774,0.000840366,0.00084014,0.000842182,0.000841739,0.000840366,0.000841593,0.000840602,0.000841462,0.000842202,0.00084189,0.000842161,0.000841885,0.000841402,0.000842101,0.000842916,0.000840351,0.000842373,0.00084271,0.000839868,0.000841955,0.000842393,0.000840899,0.000841669,0.000840944,0.000841608,0.000840607,0.000842176,0.000840854,0.000840406,0.00084112,0.000842131,0.000840341,0.000841126,0.000841981,0.000840633,0.000841618,0.000840688,0.000840411,0.000841281,0.000840135,0.00084026,0.000841397,0.000840104,0.000840975,0.000841347,0.0008402,0.000839617,0.000840462,0.000839023,0.000840155,0.000840019,0.00083939,0.000840426,0.000839848,0.0008402,0.000838943,0.000839481,0.000840572,0.000839129,0.00083846,0.000841648,0.000840452,0.000838943,0.000841166,0.000840602,0.000840049,0.000840748,0.000840673,0.000839426,0.000840819,0.000840301,0.000840537,0.00084112,0.00084106,0.000840864,0.000840824,0.000840517]},"J":{"unit":"A\/cm2","value":[-0.00307267,-0.00236739,-0.00202935,-0.00177262,-0.0015649,-0.00137392,-0.00119615,-0.00104987,-0.000899098,-0.000748138,-0.000616632,-0.00049737,-0.000352564,-0.000204183,-6.39342e-5,7.75018e-5,0.000282661,0.000476364,0.000662749,0.00090624,0.00110984,0.00131775,0.00156006,0.00179102,0.00201599,0.00224059,0.0024699,0.00268551,0.00289197,0.00311261,0.00332014,0.00353473,0.00374237,0.0039468,0.00413111,0.00435041,0.00454232,0.00473888,0.00490586,0.00509419,0.00529829,0.00549293,0.00566435,0.00584277,0.00602227,0.00618004,0.00634943,0.00652026,0.00663379,0.00677129,0.00692703,0.00706458,0.00720957,0.00733176,0.00745664,0.00758349,0.0076907,0.00780632,0.00786779,0.00797897,0.00805558,0.00813444,0.00822834,0.00830634,0.00835872,0.00842421,0.00847947,0.00853897,0.0085754,0.00861312,0.00863859,0.00870958,0.00873248,0.00874056,0.00878598,0.00882365,0.00881466,0.00884713,0.00886709,0.00886645,0.00890967,0.00891899,0.0089093,0.00894033,0.00894905,0.00893803,0.00894488,0.00895146,0.0089406,0.00894873,0.00894274,0.00895087,0.0089444,0.00894006,0.00893766,0.00895938,0.00895467,0.00894006,0.00895312,0.00894258,0.00895173,0.00895959,0.00895628,0.00895916,0.00895622,0.00895109,0.00895852,0.00896719,0.0089399,0.00896141,0.008965,0.00893477,0.00895697,0.00896163,0.00894574,0.00895392,0.00894622,0.00895328,0.00894263,0.00895932,0.00894525,0.00894049,0.00894809,0.00895884,0.0089398,0.00894814,0.00895724,0.0089429,0.00895339,0.00894349,0.00894055,0.0089498,0.0089376,0.00893894,0.00895103,0.00893728,0.00894654,0.0089505,0.0089383,0.00893209,0.00894108,0.00892578,0.00893782,0.00893637,0.00892969,0.00894071,0.00893455,0.0089383,0.00892492,0.00893065,0.00894226,0.0089269,0.00891979,0.00895371,0.00894097,0.00892492,0.00894857,0.00894258,0.00893669,0.00894413,0.00894333,0.00893006,0.00894488,0.00893937,0.00894188,0.00894809,0.00894745,0.00894536,0.00894493,0.00894167]},"pv_cell_parameters":{"voc":{"unit":"V","value":1.08},"isc":{"unit":"mA","value":0.8404299999999999},"jsc":{"unit":"mA\/cm2","value":8.94},"vopt":{"unit":"mV","value":727.8},"iopt":{"unit":"mA","value":0.7337899999999999},"pmax":{"unit":"W","value":0.0005340599999999999},"fill_factor":{"unit":"%","value":58.62},"efficiency":{"unit":"%","value":5.68},"cell_dimension":{"unit":"cm2","value":0.094},"irradiance":{"unit":"mW\/cm2","value":100}},"calculations":{"fitted_isc":{"unit":"mA","value":0.83975},"fitted_voc":{"unit":"V","value":1.08},"rshunt":{"unit":"Kohm","value":236.26},"rseries":{"unit":"ohm","value":566.33}},"measurement_conditions":{"sweep_direction":{"unit":"","value":"Reverse"},"nplc":{"unit":"","value":0.01},"voltage_settling_time":{"unit":"s","value":0.01},"configuration_file":{"unit":"","value":"Configuration for I-V meas.conf"},"sample_id":{"unit":"","value":"20220830_sample-09_nio_4pacz_64 macl 20_20min_c60_bcp_ag-1"},"note":{"unit":"","value":"\uc2dc\ub8cc\uc5d0 \uad00\ud55c \ubd80\uac00\uc801\uc778 \uc124\uba85\uc744 \uc774\uacf3\uc5d0 \uc801\uc73c\uc138\uc694. ^^"}},"key":"20220830_sample-09_nio_4pacz_64 macl 20_20min_c60_bcp_ag-1_20220830","sweep_direction":{"unit":"","value":"Reverse"},"jsc":{"unit":"mA\/cm2","value":8.94},"voc":{"unit":"V","value":1.08},"efficiency":{"unit":"%","value":5.68},"fill_factor":{"unit":"%","value":58.62},"cell_dimension":{"unit":"cm2","value":0.094}}]}}