{"_id":"630ec6c21e2012234a3722da","id":"KRICT-SC-00576","author":43,"input":[{"tco":{"unit":"","value":"ITO"}},{"htl":[{"material":{"unit":"","value":"NiO_4PACz"},"concentration":{"unit":"mg\/ml","value":""},"conc_unit":{"unit":"","value":"mg\/ml"},"quantity":{"unit":"ml","value":null}}],"htl_doping":[{"material":{"unit":"","value":"none"},"volume":{"unit":"ul","value":0}},{"material":{"unit":"","value":"none"},"volume":{"unit":"ul","value":0}},{"material":{"unit":"","value":"none"},"volume":{"unit":"ul","value":0}}],"spin_coating":[{"type":{"unit":"","value":null},"rpm":{"unit":"","value":0},"time":{"unit":"","value":null}}]},{"htl_treatment":[{"material":{"value":"none","unit":""},"concentration":{"value":0,"unit":"mg\/ml"},"conc_unit":{"unit":"","value":"mg\/ml"},"quantity":{"unit":"ml","value":null}}],"annealing":[{"temperature":{"value":0,"unit":"oC"},"time":{"value":0,"unit":"time"}}],"spin_coating":[{"type":{"unit":"","value":null},"rpm":{"value":0,"unit":""},"time":{"unit":"","value":null}}]},{"perovskite":{"method":{"unit":"","value":"1step"},"molarity":{"unit":"M","value":1.5},"a_site":[{"material":{"unit":"","value":"FA"},"ratio":{"unit":"%","value":80}},{"material":{"unit":"","value":"Cs"},"ratio":{"unit":"%","value":5}},{"material":{"unit":"","value":"MA"},"ratio":{"unit":"%","value":15}}],"b_site":[{"material":{"unit":"","value":"Pb"},"ratio":{"unit":"%","value":100}},{"material":{"unit":"","value":"Sn"},"ratio":{"unit":"%","value":0}}],"x_site":[{"material":{"unit":"","value":"I"},"ratio":{"unit":"%","value":78}},{"material":{"unit":"","value":"Br"},"ratio":{"unit":"%","value":22}},{"material":{"unit":"","value":"Cl"},"ratio":{"unit":"%","value":0}}],"solvent":[{"material":{"unit":"","value":"DMF"},"volume":{"unit":"ml","value":0.8}},{"material":{"unit":"","value":"DMSO"},"volume":{"unit":"ml","value":0.2}},{"material":{"unit":"","value":"none"},"volume":{"unit":"ml","value":0}}],"antisolvent":[{"material":{"unit":"","value":"DEE"},"quantity":{"unit":"ul","value":1000},"dripping_time":{"unit":"s","value":null}}],"annealing":[{"temperature":{"unit":"oC","value":100},"time":{"unit":"min","value":30}},{"temperature":{"unit":"oC","value":0},"time":{"unit":"min","value":0}}],"spin_coating":[{"type":{"unit":"","value":null},"rpm":{"unit":"","value":5000},"time":{"unit":"","value":null}}],"additive":[{"material":{"unit":"","value":"MACl"},"quantity":{"unit":"mol%","value":10}},{"material":{"unit":"","value":"none"},"quantity":{"unit":"mol%","value":0}},{"material":{"unit":"","value":"none"},"quantity":{"unit":"mol%","value":0}}]}},{"perovskite_treatment":[{"material":{"unit":"","value":"none"},"concentration":{"unit":"mg\/ml","value":0},"conc_unit":{"unit":"","value":"mg\/ml"},"quantity":{"unit":"ml","value":null}}],"annealing":[{"temperature":{"unit":"oC","value":0},"time":{"unit":"min","value":0}}],"spin_coating":[{"type":{"unit":"","value":null},"rpm":{"unit":"","value":0},"time":{"unit":"","value":null}}]},{"etl":[{"material":{"unit":"","value":"C60"},"concentration":{"unit":"","value":""},"conc_unit":{"unit":"","value":"mg\/ml"},"quantity":{"unit":"ml","value":null}}],"annealing":[{"temperature":{"unit":"oC","value":0},"time":{"unit":"min","value":0}}],"spin_coating":[{"type":{"unit":"","value":null},"rpm":{"unit":"","value":0},"time":{"unit":"","value":null}}]},{"etl_treatment":[{"material":{"unit":"","value":"NONE"},"concentration":{"unit":"mg\/ml","value":""},"conc_unit":{"unit":"","value":"mg\/ml"},"quantity":{"unit":"ml","value":null}}],"annealing":[{"temperature":{"unit":"oC","value":0},"time":{"unit":"min","value":0}}],"spin_coating":[{"type":{"unit":"","value":null},"rpm":{"unit":"","value":0},"time":{"unit":"","value":null}}]},{"surface_treatment":{"unit":"","value":"none"}},{"annealing":[{"temperature":{"unit":"oC","value":0},"time":{"unit":"min","value":0}}],"blocking_buffer_layer":[{"material":{"unit":"","value":"BCP"},"concentration":{"unit":"","value":""},"conc_unit":{"unit":"","value":"mg\/ml"},"quantity":{"unit":"ml","value":null}}]},{"surface_treatment":{"unit":"","value":"none"}},{"anode_metal":{"unit":"","value":"Ag"}},{"note":{"unit":"","value":"MACl20\/30\/st"},"ar":{"unit":"","value":0},"type":{"unit":"","value":"p-i-n"}}],"fileinfo":[{"key":"20220830_sample-12_nio_4pacz_64 macl 20_30min_mabrmacl_c60_bcp_ag-2_20220830","uploadType":"JV","original_name":"20220830_sample-12_nio_4pacz_64 macl 20_30min_mabrmacl_c60_bcp_ag-2_20220830-195132.txt","save_name":"KRICT-SC-00576\/20220830_sample-12_nio_4pacz_64 macl 20_30min_mabrmacl_c60_bcp_ag-2_20220830","uploader":43},{"key":"20220830_sample-12_nio_4pacz_64 macl 20_30min_mabrmacl_c60_bcp_ag-3_20220830","uploadType":"JV","original_name":"20220830_sample-12_nio_4pacz_64 macl 20_30min_mabrmacl_c60_bcp_ag-3_20220830-195137.txt","save_name":"KRICT-SC-00576\/20220830_sample-12_nio_4pacz_64 macl 20_30min_mabrmacl_c60_bcp_ag-3_20220830","uploader":43},{"key":"20220830_sample-12_nio_4pacz_64 macl 20_30min_mabrmacl_c60_bcp_ag-4_20220830","uploadType":"JV","original_name":"20220830_sample-12_nio_4pacz_64 macl 20_30min_mabrmacl_c60_bcp_ag-4_20220830-195141.txt","save_name":"KRICT-SC-00576\/20220830_sample-12_nio_4pacz_64 macl 20_30min_mabrmacl_c60_bcp_ag-4_20220830","uploader":43},{"key":"20220830_sample-12_nio_4pacz_64 macl 20_30min_mabrmacl_c60_bcp_ag-1_20220830","uploadType":"JV","original_name":"20220830_sample-12_nio_4pacz_64 macl 20_30min_mabrmacl_c60_bcp_ag-1_20220830-195128.txt","save_name":"KRICT-SC-00576\/20220830_sample-12_nio_4pacz_64 macl 20_30min_mabrmacl_c60_bcp_ag-1_20220830","uploader":43},{"key":"InputFile","uploadType":"InputFile","original_name":"input.xlsx","save_name":"KRICT-SC-00576\/InputFile","uploader":43}],"updated_at":"2024-10-25 07:08:02","created_at":"2022-08-31 02:26:10","group":2,"analysis_old":{"JV":[{"V":{"unit":"V","value":[1.2,1.1917,1.18345,1.17515,1.16685,1.1586,1.1503,1.142,1.13375,1.12545,1.11715,1.1089,1.1006,1.0923,1.084,1.07575,1.06745,1.05915,1.0509,1.0426,1.0343,1.02605,1.01775,1.00945,1.0012,0.9929,0.9846,0.97635,0.96805,0.95975,0.9515,0.9432,0.9349,0.92665,0.91835,0.91005,0.9018,0.8935,0.8852,0.8769,0.86865,0.86035,0.85205,0.8438,0.8355,0.8272,0.81895,0.81065,0.80235,0.7941,0.7858,0.7775,0.76925,0.76095,0.75265,0.7444,0.7361,0.7278,0.71955,0.71125,0.70295,0.6947,0.6864,0.6781,0.6698,0.66155,0.65325,0.64495,0.6367,0.6284,0.6201,0.61185,0.60355,0.59525,0.587,0.5787,0.5704,0.56215,0.55385,0.54555,0.5373,0.529,0.5207,0.51245,0.50415,0.49585,0.48755,0.4793,0.471,0.4627,0.45445,0.44615,0.43785,0.4296,0.4213,0.413,0.40475,0.39645,0.38815,0.3799,0.3716,0.3633,0.35505,0.34675,0.33845,0.3302,0.3219,0.3136,0.30535,0.29705,0.28875,0.28045,0.2722,0.2639,0.2556,0.24735,0.23905,0.23075,0.2225,0.2142,0.2059,0.19765,0.18935,0.18105,0.1728,0.1645,0.1562,0.14795,0.13965,0.13135,0.1231,0.1148,0.1065,0.09825,0.08995,0.08165,0.07335,0.0651,0.0568,0.0485,0.04025,0.03195,0.02365,0.0154,0.0071,-0.0012,-0.00945,-0.01775,-0.02605,-0.0343,-0.0426,-0.0509,-0.05915,-0.06745,-0.07575,-0.084,-0.0923,-0.1006,-0.1089,-0.11715,-0.12545,-0.13375,-0.142,-0.1503,-0.1586,-0.16685,-0.17515,-0.18345,-0.1917,-0.2]},"I":{"unit":"A","value":[-0.00152112,-0.00158929,-0.00153781,-0.00140268,-0.00127608,-0.00115547,-0.00102221,-0.000866209,-0.000738677,-0.000584154,-0.000434771,-0.000309335,-0.000175451,-3.42924e-5,7.18916e-5,0.000212277,0.000323342,0.000408982,0.000493974,0.000594914,0.000670596,0.000741823,0.000801371,0.00086198,0.000922077,0.000970505,0.00100551,0.00105948,0.00108822,0.00112347,0.00116038,0.00118852,0.00121005,0.00124131,0.00126658,0.00129108,0.00130868,0.00133354,0.00135644,0.00137449,0.00139259,0.0014048,0.00142522,0.00144226,0.00145411,0.00147408,0.00149354,0.00150101,0.00151936,0.00153026,0.00154276,0.00155285,0.00156308,0.00157196,0.00157473,0.00158497,0.00159424,0.00160156,0.00161079,0.00161845,0.00161815,0.00162485,0.00163338,0.00164044,0.00164619,0.00165042,0.00166066,0.00166257,0.00166535,0.00167422,0.00167402,0.00168229,0.00168496,0.00168839,0.00169495,0.00169883,0.00170054,0.00170685,0.00170856,0.00171118,0.00171688,0.00171734,0.00172318,0.00172873,0.00172616,0.00173317,0.00173741,0.00173998,0.00174376,0.00174855,0.00174986,0.0017539,0.00175793,0.00176206,0.00176484,0.00176408,0.00177185,0.00177356,0.00177533,0.00177815,0.00178218,0.0017845,0.00178708,0.00179126,0.00179797,0.00179787,0.00180034,0.00180659,0.00180704,0.00180709,0.00181688,0.00181597,0.00181758,0.00182328,0.00182782,0.00182994,0.0018317,0.00183594,0.00183901,0.00184269,0.00184401,0.00184658,0.00185101,0.00185016,0.00185399,0.00186115,0.0018611,0.00186312,0.00186619,0.00186836,0.00187018,0.00187623,0.00187966,0.00188178,0.00188566,0.00189201,0.00189105,0.00189378,0.00189983,0.00190043,0.00190205,0.00190865,0.00190951,0.00191203,0.0019198,0.00191944,0.00192242,0.00192761,0.00193311,0.00193417,0.00193982,0.00194138,0.00194521,0.00194839,0.00195353,0.00195656,0.00195883,0.00196331,0.00196725,0.00197012,0.00197547,0.00198253,0.00198333,0.00198792,0.0019909,0.00199609,0.00200048,0.0020032,0.00201006,0.00201546]},"J":{"unit":"A\/cm2","value":[-0.0161821,-0.0169074,-0.0163597,-0.0149222,-0.0135753,-0.0122922,-0.0108745,-0.00921499,-0.00785826,-0.00621441,-0.00462522,-0.0032908,-0.0018665,-0.000364813,0.000764804,0.00225827,0.0034398,0.00435087,0.00525504,0.00632887,0.007134,0.00789173,0.00852522,0.00917,0.00980932,0.0103245,0.010697,0.011271,0.0115768,0.0119518,0.0123445,0.0126438,0.0128729,0.0132055,0.0134742,0.0137349,0.0139222,0.0141866,0.0144302,0.0146222,0.0148148,0.0149446,0.0151619,0.0153432,0.0154693,0.0156817,0.0158888,0.0159682,0.0161634,0.0162793,0.0164124,0.0165196,0.0166285,0.0167229,0.0167525,0.0168614,0.0169601,0.0170379,0.017136,0.0172176,0.0172144,0.0172857,0.0173763,0.0174515,0.0175126,0.0175577,0.0176666,0.0176869,0.0177164,0.0178109,0.0178087,0.0178967,0.0179251,0.0179616,0.0180314,0.0180726,0.0180909,0.018158,0.0181762,0.0182041,0.0182647,0.0182695,0.0183318,0.0183908,0.0183634,0.018438,0.018483,0.0185104,0.0185506,0.0186016,0.0186155,0.0186585,0.0187014,0.0187454,0.0187749,0.0187668,0.0188494,0.0188677,0.0188864,0.0189165,0.0189594,0.0189841,0.0190114,0.019056,0.0191273,0.0191262,0.0191525,0.0192191,0.0192239,0.0192244,0.0193285,0.0193188,0.019336,0.0193966,0.0194449,0.0194674,0.0194862,0.0195313,0.019564,0.0196031,0.0196171,0.0196444,0.0196916,0.0196825,0.0197233,0.0197995,0.0197989,0.0198204,0.0198531,0.0198762,0.0198955,0.0199599,0.0199964,0.0200189,0.0200602,0.0201278,0.0201176,0.0201466,0.0202109,0.0202174,0.0202345,0.0203048,0.0203139,0.0203408,0.0204234,0.0204196,0.0204513,0.0205065,0.020565,0.0205762,0.0206363,0.020653,0.0206937,0.0207275,0.0207822,0.0208144,0.0208386,0.0208863,0.0209282,0.0209587,0.0210156,0.0210907,0.0210993,0.0211481,0.0211798,0.021235,0.0212817,0.0213106,0.0213836,0.021441]},"pv_cell_parameters":{"voc":{"unit":"V","value":1.09},"isc":{"unit":"mA","value":1.9200000000000002},"jsc":{"unit":"mA\/cm2","value":20.42},"vopt":{"unit":"mV","value":818.95},"iopt":{"unit":"mA","value":1.49},"pmax":{"unit":"W","value":0.00122},"fill_factor":{"unit":"%","value":58.34},"efficiency":{"unit":"%","value":13.01},"cell_dimension":{"unit":"cm2","value":0.094},"irradiance":{"unit":"mW\/cm2","value":100}},"calculations":{"fitted_isc":{"unit":"mA","value":1.9200000000000002},"fitted_voc":{"unit":"V","value":1.09},"rshunt":{"unit":"Kohm","value":2.25},"rseries":{"unit":"ohm","value":64.5}},"measurement_conditions":{"sweep_direction":{"unit":"","value":"Reverse"},"nplc":{"unit":"","value":0.01},"voltage_settling_time":{"unit":"s","value":0.01},"configuration_file":{"unit":"","value":"Configuration for I-V meas.conf"},"sample_id":{"unit":"","value":"20220830_sample-12_nio_4pacz_64 macl 20_30min_mabrmacl_c60_bcp_ag-4"},"note":{"unit":"","value":"\uc2dc\ub8cc\uc5d0 \uad00\ud55c \ubd80\uac00\uc801\uc778 \uc124\uba85\uc744 \uc774\uacf3\uc5d0 \uc801\uc73c\uc138\uc694. ^^"}},"key":"20220830_sample-12_nio_4pacz_64 macl 20_30min_mabrmacl_c60_bcp_ag-4_20220830"},{"V":{"unit":"V","value":[1.2,1.1917,1.18345,1.17515,1.16685,1.1586,1.1503,1.142,1.13375,1.12545,1.11715,1.1089,1.1006,1.0923,1.084,1.07575,1.06745,1.05915,1.0509,1.0426,1.0343,1.02605,1.01775,1.00945,1.0012,0.9929,0.9846,0.97635,0.96805,0.95975,0.9515,0.9432,0.9349,0.92665,0.91835,0.91005,0.9018,0.8935,0.8852,0.8769,0.86865,0.86035,0.85205,0.8438,0.8355,0.8272,0.81895,0.81065,0.80235,0.7941,0.7858,0.7775,0.76925,0.76095,0.75265,0.7444,0.7361,0.7278,0.71955,0.71125,0.70295,0.6947,0.6864,0.6781,0.6698,0.66155,0.65325,0.64495,0.6367,0.6284,0.6201,0.61185,0.60355,0.59525,0.587,0.5787,0.5704,0.56215,0.55385,0.54555,0.5373,0.529,0.5207,0.51245,0.50415,0.49585,0.48755,0.4793,0.471,0.4627,0.45445,0.44615,0.43785,0.4296,0.4213,0.413,0.40475,0.39645,0.38815,0.3799,0.3716,0.3633,0.35505,0.34675,0.33845,0.3302,0.3219,0.3136,0.30535,0.29705,0.28875,0.28045,0.2722,0.2639,0.2556,0.24735,0.23905,0.23075,0.2225,0.2142,0.2059,0.19765,0.18935,0.18105,0.1728,0.1645,0.1562,0.14795,0.13965,0.13135,0.1231,0.1148,0.1065,0.09825,0.08995,0.08165,0.07335,0.0651,0.0568,0.0485,0.04025,0.03195,0.02365,0.0154,0.0071,-0.0012,-0.00945,-0.01775,-0.02605,-0.0343,-0.0426,-0.0509,-0.05915,-0.06745,-0.07575,-0.084,-0.0923,-0.1006,-0.1089,-0.11715,-0.12545,-0.13375,-0.142,-0.1503,-0.1586,-0.16685,-0.17515,-0.18345,-0.1917,-0.2]},"I":{"unit":"A","value":[-0.0016837,-0.00184266,-0.00174815,-0.00161532,-0.00147422,-0.00129913,-0.00112374,-0.000956932,-0.000799678,-0.000624654,-0.000460796,-0.000293171,-0.000129483,9.9797e-6,0.000149937,0.000258872,0.000353299,0.000454326,0.000545384,0.000630505,0.000698544,0.000754923,0.000817881,0.000873641,0.000930005,0.00097995,0.00103244,0.00107816,0.00112542,0.00115321,0.00118367,0.00122079,0.00124419,0.0012743,0.00130022,0.00133291,0.00135837,0.00137845,0.00140301,0.00142591,0.00144734,0.00146731,0.00148557,0.00150443,0.00151422,0.0015302,0.0015466,0.00155749,0.00157146,0.00158271,0.00159632,0.00160475,0.00161035,0.00163163,0.0016344,0.00163647,0.00165014,0.00165508,0.00165488,0.00167041,0.00167435,0.00167051,0.00168166,0.00168726,0.00168943,0.00169336,0.00170612,0.00170652,0.00171384,0.00171474,0.00172004,0.00172145,0.00173068,0.00173224,0.00173467,0.00174067,0.00174183,0.00174314,0.00175171,0.00175403,0.00175403,0.00175812,0.00176321,0.00176427,0.00176931,0.00177244,0.00177219,0.00177814,0.00178051,0.00178238,0.00178646,0.00178692,0.00179156,0.00179135,0.0017971,0.00179836,0.0018032,0.00180588,0.00180789,0.00181143,0.00181319,0.00181662,0.00181758,0.00182101,0.00182514,0.00182464,0.00183074,0.00183054,0.00183266,0.00183483,0.0018371,0.00184355,0.00184567,0.00184451,0.00185046,0.00185202,0.00185394,0.00186156,0.00186045,0.00186166,0.00186736,0.00186695,0.00187114,0.00187512,0.00187573,0.0018783,0.00188087,0.00188456,0.00188849,0.00188915,0.00189101,0.00189585,0.00189666,0.00189964,0.00190105,0.00190639,0.00190594,0.00190816,0.0019131,0.00191537,0.00191497,0.00192026,0.00192319,0.00192324,0.00192748,0.00192864,0.00193353,0.00193428,0.00193877,0.0019422,0.00194538,0.00194755,0.00195199,0.00195728,0.00195784,0.00195794,0.00196666,0.00196994,0.00196626,0.0019764,0.00197776,0.00197751,0.00198437,0.00198653,0.00199022,0.00199768,0.00199803,0.00200464,0.00200777,0.00200837]},"J":{"unit":"A\/cm2","value":[-0.0179117,-0.0196027,-0.0185974,-0.0171843,-0.0156832,-0.0138205,-0.0119547,-0.0101801,-0.00850721,-0.00664525,-0.00490208,-0.00311884,-0.00137748,0.000106167,0.00159508,0.00275396,0.0037585,0.00483326,0.00580195,0.0067075,0.00743132,0.00803109,0.00870086,0.00929405,0.00989367,0.010425,0.0109834,0.0114698,0.0119725,0.0122682,0.0125922,0.0129871,0.0132361,0.0135564,0.0138322,0.0141799,0.0144508,0.0146643,0.0149256,0.0151692,0.0153972,0.0156097,0.0158039,0.0160046,0.0161087,0.0162788,0.0164531,0.016569,0.0167177,0.0168373,0.0169822,0.0170718,0.0171313,0.0173577,0.0173872,0.0174092,0.0175546,0.0176072,0.0176051,0.0177703,0.0178122,0.0177714,0.01789,0.0179496,0.0179726,0.0180145,0.0181502,0.0181545,0.0182323,0.0182419,0.0182983,0.0183133,0.0184115,0.0184281,0.0184539,0.0185177,0.0185301,0.018544,0.0186352,0.0186599,0.0186599,0.0187034,0.0187576,0.0187688,0.0188225,0.0188557,0.0188531,0.0189164,0.0189416,0.0189614,0.0190049,0.0190097,0.0190591,0.0190569,0.0191181,0.0191315,0.019183,0.0192115,0.0192329,0.0192705,0.0192893,0.0193257,0.0193359,0.0193724,0.0194164,0.0194111,0.019476,0.0194739,0.0194964,0.0195194,0.0195436,0.0196123,0.0196348,0.0196225,0.0196858,0.0197024,0.0197228,0.0198038,0.019792,0.0198049,0.0198655,0.0198612,0.0199057,0.0199481,0.0199546,0.0199819,0.0200093,0.0200485,0.0200903,0.0200973,0.0201171,0.0201686,0.0201772,0.0202089,0.0202239,0.0202808,0.020276,0.0202996,0.0203521,0.0203763,0.020372,0.0204283,0.0204595,0.02046,0.0205051,0.0205174,0.0205694,0.0205775,0.0206252,0.0206617,0.0206955,0.0207186,0.0207658,0.0208221,0.0208281,0.0208291,0.020922,0.0209568,0.0209176,0.0210255,0.02104,0.0210373,0.0211103,0.0211333,0.0211725,0.0212519,0.0212557,0.0213259,0.0213592,0.0213657]},"pv_cell_parameters":{"voc":{"unit":"V","value":1.09},"isc":{"unit":"mA","value":1.9300000000000002},"jsc":{"unit":"mA\/cm2","value":20.52},"vopt":{"unit":"mV","value":843.8},"iopt":{"unit":"mA","value":1.5},"pmax":{"unit":"W","value":0.00127},"fill_factor":{"unit":"%","value":60.26},"efficiency":{"unit":"%","value":13.5},"cell_dimension":{"unit":"cm2","value":0.094},"irradiance":{"unit":"mW\/cm2","value":100}},"calculations":{"fitted_isc":{"unit":"mA","value":1.9300000000000002},"fitted_voc":{"unit":"V","value":1.09},"rshunt":{"unit":"Kohm","value":2.5},"rseries":{"unit":"ohm","value":58.94}},"measurement_conditions":{"sweep_direction":{"unit":"","value":"Reverse"},"nplc":{"unit":"","value":0.01},"voltage_settling_time":{"unit":"s","value":0.01},"configuration_file":{"unit":"","value":"Configuration for I-V meas.conf"},"sample_id":{"unit":"","value":"20220830_sample-12_nio_4pacz_64 macl 20_30min_mabrmacl_c60_bcp_ag-3"},"note":{"unit":"","value":"\uc2dc\ub8cc\uc5d0 \uad00\ud55c \ubd80\uac00\uc801\uc778 \uc124\uba85\uc744 \uc774\uacf3\uc5d0 \uc801\uc73c\uc138\uc694. ^^"}},"key":"20220830_sample-12_nio_4pacz_64 macl 20_30min_mabrmacl_c60_bcp_ag-3_20220830"},{"V":{"unit":"V","value":[1.2,1.1917,1.18345,1.17515,1.16685,1.1586,1.1503,1.142,1.13375,1.12545,1.11715,1.1089,1.1006,1.0923,1.084,1.07575,1.06745,1.05915,1.0509,1.0426,1.0343,1.02605,1.01775,1.00945,1.0012,0.9929,0.9846,0.97635,0.96805,0.95975,0.9515,0.9432,0.9349,0.92665,0.91835,0.91005,0.9018,0.8935,0.8852,0.8769,0.86865,0.86035,0.85205,0.8438,0.8355,0.8272,0.81895,0.81065,0.80235,0.7941,0.7858,0.7775,0.76925,0.76095,0.75265,0.7444,0.7361,0.7278,0.71955,0.71125,0.70295,0.6947,0.6864,0.6781,0.6698,0.66155,0.65325,0.64495,0.6367,0.6284,0.6201,0.61185,0.60355,0.59525,0.587,0.5787,0.5704,0.56215,0.55385,0.54555,0.5373,0.529,0.5207,0.51245,0.50415,0.49585,0.48755,0.4793,0.471,0.4627,0.45445,0.44615,0.43785,0.4296,0.4213,0.413,0.40475,0.39645,0.38815,0.3799,0.3716,0.3633,0.35505,0.34675,0.33845,0.3302,0.3219,0.3136,0.30535,0.29705,0.28875,0.28045,0.2722,0.2639,0.2556,0.24735,0.23905,0.23075,0.2225,0.2142,0.2059,0.19765,0.18935,0.18105,0.1728,0.1645,0.1562,0.14795,0.13965,0.13135,0.1231,0.1148,0.1065,0.09825,0.08995,0.08165,0.07335,0.0651,0.0568,0.0485,0.04025,0.03195,0.02365,0.0154,0.0071,-0.0012,-0.00945,-0.01775,-0.02605,-0.0343,-0.0426,-0.0509,-0.05915,-0.06745,-0.07575,-0.084,-0.0923,-0.1006,-0.1089,-0.11715,-0.12545,-0.13375,-0.142,-0.1503,-0.1586,-0.16685,-0.17515,-0.18345,-0.1917,-0.2]},"I":{"unit":"A","value":[-0.00171103,-0.00224521,-0.00232488,-0.00227925,-0.0021667,-0.00203364,-0.00187254,-0.00168859,-0.00152502,-0.00134884,-0.00119097,-0.00103445,-0.000850535,-0.00069748,-0.000559486,-0.00043822,-0.000310108,-0.000181951,-5.1049e-5,6.41185e-5,0.000199305,0.000285613,0.000369568,0.000444338,0.000524389,0.000607141,0.000672531,0.000731162,0.000793177,0.000848337,0.000895253,0.000940962,0.00097795,0.00103395,0.00108993,0.00114248,0.00118045,0.00122659,0.00126592,0.00130244,0.00133083,0.00137621,0.0014099,0.00144752,0.00147419,0.00148927,0.00150854,0.00153133,0.00156007,0.00158524,0.00159648,0.00160949,0.0016223,0.00162719,0.00163254,0.0016457,0.0016462,0.00165251,0.00165942,0.00166184,0.00166814,0.00167505,0.00167621,0.00167934,0.00168629,0.00168796,0.00169093,0.00169583,0.00170324,0.00170026,0.00170586,0.00171443,0.00171282,0.001716,0.00172684,0.00172865,0.00173324,0.00173556,0.00173602,0.00174025,0.00174509,0.00174454,0.00174822,0.00175296,0.00175397,0.0017578,0.00176219,0.00176466,0.00176895,0.00176945,0.00177202,0.00177646,0.00177747,0.00177974,0.00178332,0.00178569,0.00178887,0.00179028,0.00179482,0.00179477,0.00180263,0.00180218,0.00180415,0.00180949,0.00181378,0.00181136,0.00181463,0.00182089,0.00182341,0.00181993,0.00182724,0.00183042,0.00183143,0.00183556,0.00183718,0.00184096,0.0018453,0.00184363,0.00184893,0.00185074,0.00185246,0.00185614,0.00185992,0.00185957,0.0018633,0.00186849,0.00187016,0.00187399,0.00187475,0.00187858,0.00188135,0.00188302,0.00188599,0.00188962,0.00189033,0.00189577,0.00189729,0.00190036,0.00190374,0.00190465,0.00190823,0.00191121,0.00191413,0.00191816,0.00191892,0.0019226,0.0019289,0.00192835,0.00193208,0.00193536,0.00193677,0.00193944,0.00194398,0.00194666,0.00195271,0.00195331,0.00195508,0.00196249,0.00196622,0.00196869,0.00197293,0.0019756,0.00197984,0.00198221,0.00198604,0.00199194,0.00199335,0.00199729,0.00200268,0.00200697]},"J":{"unit":"A\/cm2","value":[-0.0182024,-0.0238852,-0.0247328,-0.0242473,-0.02305,-0.0216344,-0.0199206,-0.0179637,-0.0162236,-0.0143494,-0.0126699,-0.0110048,-0.00904825,-0.00742,-0.00595198,-0.00466191,-0.00329902,-0.00193565,-0.000543075,0.000682112,0.00212027,0.00303844,0.00393157,0.004727,0.00557861,0.00645895,0.00715459,0.00777832,0.00843805,0.00902486,0.00952397,0.0100102,0.0104037,0.0109995,0.011595,0.012154,0.012558,0.0130489,0.0134673,0.0138557,0.0141577,0.0146406,0.0149989,0.0153991,0.0156829,0.0158433,0.0160482,0.0162907,0.0165965,0.0168642,0.0169839,0.0171223,0.0172585,0.0173106,0.0173674,0.0175074,0.0175128,0.0175799,0.0176534,0.0176791,0.0177462,0.0178197,0.017832,0.0178653,0.0179393,0.017957,0.0179887,0.0180407,0.0181196,0.0180879,0.0181475,0.0182387,0.0182215,0.0182553,0.0183706,0.0183899,0.0184388,0.0184634,0.0184683,0.0185133,0.0185648,0.0185589,0.0185981,0.0186485,0.0186593,0.0187,0.0187467,0.018773,0.0188186,0.0188239,0.0188513,0.0188985,0.0189092,0.0189334,0.0189715,0.0189967,0.0190305,0.0190455,0.0190938,0.0190933,0.019177,0.0191721,0.019193,0.0192499,0.0192955,0.0192697,0.0193046,0.0193711,0.019398,0.019361,0.0194387,0.0194725,0.0194833,0.0195273,0.0195444,0.0195846,0.0196308,0.0196131,0.0196694,0.0196887,0.019707,0.0197461,0.0197864,0.0197826,0.0198223,0.0198776,0.0198953,0.019936,0.0199441,0.0199849,0.0200144,0.0200321,0.0200637,0.0201024,0.0201099,0.0201678,0.0201839,0.0202166,0.0202526,0.0202622,0.0203003,0.020332,0.0203631,0.020406,0.020414,0.0204532,0.0205203,0.0205144,0.0205541,0.0205889,0.020604,0.0206324,0.0206807,0.0207091,0.0207735,0.0207799,0.0207987,0.0208775,0.0209173,0.0209435,0.0209886,0.021017,0.0210621,0.0210873,0.0211281,0.0211909,0.0212059,0.0212477,0.0213051,0.0213507]},"pv_cell_parameters":{"voc":{"unit":"V","value":1.05},"isc":{"unit":"mA","value":1.9200000000000002},"jsc":{"unit":"mA\/cm2","value":20.45},"vopt":{"unit":"mV","value":794.1},"iopt":{"unit":"mA","value":1.59},"pmax":{"unit":"W","value":0.00126},"fill_factor":{"unit":"%","value":62.3},"efficiency":{"unit":"%","value":13.39},"cell_dimension":{"unit":"cm2","value":0.094},"irradiance":{"unit":"mW\/cm2","value":100}},"calculations":{"fitted_isc":{"unit":"mA","value":1.9200000000000002},"fitted_voc":{"unit":"V","value":1.05},"rshunt":{"unit":"Kohm","value":2.75},"rseries":{"unit":"ohm","value":68.47}},"measurement_conditions":{"sweep_direction":{"unit":"","value":"Reverse"},"nplc":{"unit":"","value":0.01},"voltage_settling_time":{"unit":"s","value":0.01},"configuration_file":{"unit":"","value":"Configuration for I-V meas.conf"},"sample_id":{"unit":"","value":"20220830_sample-12_nio_4pacz_64 macl 20_30min_mabrmacl_c60_bcp_ag-2"},"note":{"unit":"","value":"\uc2dc\ub8cc\uc5d0 \uad00\ud55c \ubd80\uac00\uc801\uc778 \uc124\uba85\uc744 \uc774\uacf3\uc5d0 \uc801\uc73c\uc138\uc694. ^^"}},"key":"20220830_sample-12_nio_4pacz_64 macl 20_30min_mabrmacl_c60_bcp_ag-2_20220830"},{"V":{"unit":"V","value":[1.2,1.1917,1.18345,1.17515,1.16685,1.1586,1.1503,1.142,1.13375,1.12545,1.11715,1.1089,1.1006,1.0923,1.084,1.07575,1.06745,1.05915,1.0509,1.0426,1.0343,1.02605,1.01775,1.00945,1.0012,0.9929,0.9846,0.97635,0.96805,0.95975,0.9515,0.9432,0.9349,0.92665,0.91835,0.91005,0.9018,0.8935,0.8852,0.8769,0.86865,0.86035,0.85205,0.8438,0.8355,0.8272,0.81895,0.81065,0.80235,0.7941,0.7858,0.7775,0.76925,0.76095,0.75265,0.7444,0.7361,0.7278,0.71955,0.71125,0.70295,0.6947,0.6864,0.6781,0.6698,0.66155,0.65325,0.64495,0.6367,0.6284,0.6201,0.61185,0.60355,0.59525,0.587,0.5787,0.5704,0.56215,0.55385,0.54555,0.5373,0.529,0.5207,0.51245,0.50415,0.49585,0.48755,0.4793,0.471,0.4627,0.45445,0.44615,0.43785,0.4296,0.4213,0.413,0.40475,0.39645,0.38815,0.3799,0.3716,0.3633,0.35505,0.34675,0.33845,0.3302,0.3219,0.3136,0.30535,0.29705,0.28875,0.28045,0.2722,0.2639,0.2556,0.24735,0.23905,0.23075,0.2225,0.2142,0.2059,0.19765,0.18935,0.18105,0.1728,0.1645,0.1562,0.14795,0.13965,0.13135,0.1231,0.1148,0.1065,0.09825,0.08995,0.08165,0.07335,0.0651,0.0568,0.0485,0.04025,0.03195,0.02365,0.0154,0.0071,-0.0012,-0.00945,-0.01775,-0.02605,-0.0343,-0.0426,-0.0509,-0.05915,-0.06745,-0.07575,-0.084,-0.0923,-0.1006,-0.1089,-0.11715,-0.12545,-0.13375,-0.142,-0.1503,-0.1586,-0.16685,-0.17515,-0.18345,-0.1917,-0.2]},"I":{"unit":"A","value":[-0.000871974,-0.000701312,-0.000551431,-0.000405689,-0.000266818,-0.000135611,-3.74118e-6,0.000120558,0.000239108,0.000359151,0.000470614,0.000579366,0.000684451,0.000783751,0.000879797,0.000970184,0.00105273,0.00113205,0.00121062,0.00128148,0.00134866,0.00141018,0.00146571,0.00151589,0.00156445,0.00160742,0.00164398,0.00168125,0.00170833,0.00173314,0.00175331,0.00177248,0.00178967,0.00180616,0.00181842,0.00182815,0.001839,0.00184686,0.0018515,0.00185932,0.0018634,0.00187016,0.00187359,0.00187919,0.00188015,0.00188766,0.00188746,0.00188938,0.00189502,0.00189538,0.00189628,0.00189725,0.001898,0.00189926,0.00190088,0.00190309,0.00190012,0.00190279,0.00190486,0.00189966,0.00190274,0.00190788,0.00190188,0.00190647,0.00190481,0.00190178,0.00190668,0.00190541,0.00190209,0.00190531,0.00190441,0.0019045,0.00190647,0.00190491,0.00190385,0.00190385,0.0019043,0.00190511,0.00190718,0.0019037,0.00190592,0.00190763,0.00190592,0.00190662,0.00190809,0.00190602,0.00190622,0.00190748,0.00190688,0.00190678,0.00190708,0.00190678,0.00190607,0.00190501,0.00191061,0.00190602,0.00190309,0.00190854,0.00190844,0.00190577,0.00190698,0.00190824,0.00190632,0.00190617,0.00190693,0.00190834,0.00190602,0.00190577,0.00191036,0.00190698,0.00190632,0.00190884,0.00190889,0.00190894,0.00191096,0.00190743,0.0019099,0.00191061,0.00191106,0.00190894,0.00190849,0.00191046,0.00191061,0.00191005,0.00191116,0.00191182,0.00190688,0.00191132,0.0019099,0.00191051,0.0019092,0.00190809,0.00190955,0.00190829,0.00190854,0.00191091,0.0019095,0.0019093,0.00191227,0.00191005,0.00191046,0.00191358,0.00191121,0.00190799,0.00191308,0.00191081,0.00191071,0.00191162,0.00191121,0.00190839,0.00191051,0.00191227,0.00191015,0.00191076,0.0019098,0.00191172,0.00191091,0.00191257,0.00191172,0.00190854,0.00191429,0.00191323,0.00191026,0.00191288,0.00191182,0.00191459,0.00191116,0.00191318,0.00191389,0.00191202]},"J":{"unit":"A\/cm2","value":[-0.00927632,-0.00746076,-0.00586629,-0.00431584,-0.00283849,-0.00144267,-3.97998e-5,0.00128253,0.0025437,0.00382076,0.00500653,0.00616346,0.00728139,0.00833777,0.00935954,0.0103211,0.0111992,0.0120431,0.012879,0.0136328,0.0143474,0.0150019,0.0155926,0.0161264,0.0166431,0.0171002,0.0174891,0.0178856,0.0181737,0.0184377,0.0186523,0.0188561,0.0190391,0.0192145,0.0193449,0.0194484,0.0195638,0.0196475,0.0196969,0.01978,0.0198234,0.0198953,0.0199318,0.0199914,0.0200016,0.0200815,0.0200794,0.0200998,0.0201598,0.0201636,0.0201732,0.0201835,0.0201915,0.0202049,0.0202221,0.0202457,0.020214,0.0202425,0.0202645,0.0202092,0.0202419,0.0202966,0.0202328,0.0202816,0.0202639,0.0202317,0.0202838,0.0202704,0.020235,0.0202693,0.0202596,0.0202607,0.0202816,0.020265,0.0202537,0.0202537,0.0202586,0.0202671,0.0202891,0.0202521,0.0202757,0.020294,0.0202757,0.0202832,0.0202988,0.0202768,0.0202789,0.0202924,0.0202859,0.0202849,0.0202881,0.0202849,0.0202773,0.0202661,0.0203256,0.0202768,0.0202457,0.0203036,0.0203025,0.0202741,0.020287,0.0203004,0.02028,0.0202784,0.0202865,0.0203015,0.0202768,0.0202741,0.0203229,0.020287,0.02028,0.0203068,0.0203074,0.0203079,0.0203294,0.0202918,0.0203181,0.0203256,0.0203304,0.0203079,0.0203031,0.020324,0.0203256,0.0203197,0.0203315,0.0203385,0.0202859,0.0203331,0.0203181,0.0203245,0.0203106,0.0202988,0.0203144,0.0203009,0.0203036,0.0203288,0.0203138,0.0203117,0.0203433,0.0203197,0.020324,0.0203573,0.0203321,0.0202977,0.0203519,0.0203278,0.0203267,0.0203364,0.0203321,0.020302,0.0203245,0.0203433,0.0203208,0.0203272,0.020317,0.0203374,0.0203288,0.0203465,0.0203374,0.0203036,0.0203648,0.0203535,0.0203219,0.0203498,0.0203385,0.020368,0.0203315,0.020353,0.0203605,0.0203406]},"pv_cell_parameters":{"voc":{"unit":"V","value":1.15},"isc":{"unit":"mA","value":1.91},"jsc":{"unit":"mA\/cm2","value":20.33},"vopt":{"unit":"mV","value":926.65},"iopt":{"unit":"mA","value":1.8100000000000003},"pmax":{"unit":"W","value":0.00167},"fill_factor":{"unit":"%","value":76.15},"efficiency":{"unit":"%","value":17.81},"cell_dimension":{"unit":"cm2","value":0.094},"irradiance":{"unit":"mW\/cm2","value":100}},"calculations":{"fitted_isc":{"unit":"mA","value":1.91},"fitted_voc":{"unit":"V","value":1.15},"rshunt":{"unit":"Kohm","value":127.43},"rseries":{"unit":"ohm","value":63.75}},"measurement_conditions":{"sweep_direction":{"unit":"","value":"Reverse"},"nplc":{"unit":"","value":0.01},"voltage_settling_time":{"unit":"s","value":0.01},"configuration_file":{"unit":"","value":"Configuration for I-V meas.conf"},"sample_id":{"unit":"","value":"20220830_sample-12_nio_4pacz_64 macl 20_30min_mabrmacl_c60_bcp_ag-1"},"note":{"unit":"","value":"\uc2dc\ub8cc\uc5d0 \uad00\ud55c \ubd80\uac00\uc801\uc778 \uc124\uba85\uc744 \uc774\uacf3\uc5d0 \uc801\uc73c\uc138\uc694. ^^"}},"key":"20220830_sample-12_nio_4pacz_64 macl 20_30min_mabrmacl_c60_bcp_ag-1_20220830"}]},"jvcnt":4,"analysisInfo":{"JV":[{"efficiency":13.01,"fill_factor":58.34,"jsc":20.42,"voc":1.09,"key":"20220830_sample-12_nio_4pacz_64 macl 20_30min_mabrmacl_c60_bcp_ag-4_20220830","cell_dimension":0.094},{"efficiency":13.5,"fill_factor":60.26,"jsc":20.52,"voc":1.09,"key":"20220830_sample-12_nio_4pacz_64 macl 20_30min_mabrmacl_c60_bcp_ag-3_20220830","cell_dimension":0.094},{"efficiency":13.39,"fill_factor":62.3,"jsc":20.45,"voc":1.05,"key":"20220830_sample-12_nio_4pacz_64 macl 20_30min_mabrmacl_c60_bcp_ag-2_20220830","cell_dimension":0.094},{"efficiency":17.81,"fill_factor":76.15,"jsc":20.33,"voc":1.15,"key":"20220830_sample-12_nio_4pacz_64 macl 20_30min_mabrmacl_c60_bcp_ag-1_20220830","cell_dimension":0.094}]},"public":2,"analysis":{"JV":[{"V":{"unit":"V","value":[1.2,1.1917,1.18345,1.17515,1.16685,1.1586,1.1503,1.142,1.13375,1.12545,1.11715,1.1089,1.1006,1.0923,1.084,1.07575,1.06745,1.05915,1.0509,1.0426,1.0343,1.02605,1.01775,1.00945,1.0012,0.9929,0.9846,0.97635,0.96805,0.95975,0.9515,0.9432,0.9349,0.92665,0.91835,0.91005,0.9018,0.8935,0.8852,0.8769,0.86865,0.86035,0.85205,0.8438,0.8355,0.8272,0.81895,0.81065,0.80235,0.7941,0.7858,0.7775,0.76925,0.76095,0.75265,0.7444,0.7361,0.7278,0.71955,0.71125,0.70295,0.6947,0.6864,0.6781,0.6698,0.66155,0.65325,0.64495,0.6367,0.6284,0.6201,0.61185,0.60355,0.59525,0.587,0.5787,0.5704,0.56215,0.55385,0.54555,0.5373,0.529,0.5207,0.51245,0.50415,0.49585,0.48755,0.4793,0.471,0.4627,0.45445,0.44615,0.43785,0.4296,0.4213,0.413,0.40475,0.39645,0.38815,0.3799,0.3716,0.3633,0.35505,0.34675,0.33845,0.3302,0.3219,0.3136,0.30535,0.29705,0.28875,0.28045,0.2722,0.2639,0.2556,0.24735,0.23905,0.23075,0.2225,0.2142,0.2059,0.19765,0.18935,0.18105,0.1728,0.1645,0.1562,0.14795,0.13965,0.13135,0.1231,0.1148,0.1065,0.09825,0.08995,0.08165,0.07335,0.0651,0.0568,0.0485,0.04025,0.03195,0.02365,0.0154,0.0071,-0.0012,-0.00945,-0.01775,-0.02605,-0.0343,-0.0426,-0.0509,-0.05915,-0.06745,-0.07575,-0.084,-0.0923,-0.1006,-0.1089,-0.11715,-0.12545,-0.13375,-0.142,-0.1503,-0.1586,-0.16685,-0.17515,-0.18345,-0.1917,-0.2]},"I":{"unit":"A","value":[-0.00152112,-0.00158929,-0.00153781,-0.00140268,-0.00127608,-0.00115547,-0.00102221,-0.000866209,-0.000738677,-0.000584154,-0.000434771,-0.000309335,-0.000175451,-3.42924e-5,7.18916e-5,0.000212277,0.000323342,0.000408982,0.000493974,0.000594914,0.000670596,0.000741823,0.000801371,0.00086198,0.000922077,0.000970505,0.00100551,0.00105948,0.00108822,0.00112347,0.00116038,0.00118852,0.00121005,0.00124131,0.00126658,0.00129108,0.00130868,0.00133354,0.00135644,0.00137449,0.00139259,0.0014048,0.00142522,0.00144226,0.00145411,0.00147408,0.00149354,0.00150101,0.00151936,0.00153026,0.00154276,0.00155285,0.00156308,0.00157196,0.00157473,0.00158497,0.00159424,0.00160156,0.00161079,0.00161845,0.00161815,0.00162485,0.00163338,0.00164044,0.00164619,0.00165042,0.00166066,0.00166257,0.00166535,0.00167422,0.00167402,0.00168229,0.00168496,0.00168839,0.00169495,0.00169883,0.00170054,0.00170685,0.00170856,0.00171118,0.00171688,0.00171734,0.00172318,0.00172873,0.00172616,0.00173317,0.00173741,0.00173998,0.00174376,0.00174855,0.00174986,0.0017539,0.00175793,0.00176206,0.00176484,0.00176408,0.00177185,0.00177356,0.00177533,0.00177815,0.00178218,0.0017845,0.00178708,0.00179126,0.00179797,0.00179787,0.00180034,0.00180659,0.00180704,0.00180709,0.00181688,0.00181597,0.00181758,0.00182328,0.00182782,0.00182994,0.0018317,0.00183594,0.00183901,0.00184269,0.00184401,0.00184658,0.00185101,0.00185016,0.00185399,0.00186115,0.0018611,0.00186312,0.00186619,0.00186836,0.00187018,0.00187623,0.00187966,0.00188178,0.00188566,0.00189201,0.00189105,0.00189378,0.00189983,0.00190043,0.00190205,0.00190865,0.00190951,0.00191203,0.0019198,0.00191944,0.00192242,0.00192761,0.00193311,0.00193417,0.00193982,0.00194138,0.00194521,0.00194839,0.00195353,0.00195656,0.00195883,0.00196331,0.00196725,0.00197012,0.00197547,0.00198253,0.00198333,0.00198792,0.0019909,0.00199609,0.00200048,0.0020032,0.00201006,0.00201546]},"J":{"unit":"A\/cm2","value":[-0.0161821,-0.0169074,-0.0163597,-0.0149222,-0.0135753,-0.0122922,-0.0108745,-0.00921499,-0.00785826,-0.00621441,-0.00462522,-0.0032908,-0.0018665,-0.000364813,0.000764804,0.00225827,0.0034398,0.00435087,0.00525504,0.00632887,0.007134,0.00789173,0.00852522,0.00917,0.00980932,0.0103245,0.010697,0.011271,0.0115768,0.0119518,0.0123445,0.0126438,0.0128729,0.0132055,0.0134742,0.0137349,0.0139222,0.0141866,0.0144302,0.0146222,0.0148148,0.0149446,0.0151619,0.0153432,0.0154693,0.0156817,0.0158888,0.0159682,0.0161634,0.0162793,0.0164124,0.0165196,0.0166285,0.0167229,0.0167525,0.0168614,0.0169601,0.0170379,0.017136,0.0172176,0.0172144,0.0172857,0.0173763,0.0174515,0.0175126,0.0175577,0.0176666,0.0176869,0.0177164,0.0178109,0.0178087,0.0178967,0.0179251,0.0179616,0.0180314,0.0180726,0.0180909,0.018158,0.0181762,0.0182041,0.0182647,0.0182695,0.0183318,0.0183908,0.0183634,0.018438,0.018483,0.0185104,0.0185506,0.0186016,0.0186155,0.0186585,0.0187014,0.0187454,0.0187749,0.0187668,0.0188494,0.0188677,0.0188864,0.0189165,0.0189594,0.0189841,0.0190114,0.019056,0.0191273,0.0191262,0.0191525,0.0192191,0.0192239,0.0192244,0.0193285,0.0193188,0.019336,0.0193966,0.0194449,0.0194674,0.0194862,0.0195313,0.019564,0.0196031,0.0196171,0.0196444,0.0196916,0.0196825,0.0197233,0.0197995,0.0197989,0.0198204,0.0198531,0.0198762,0.0198955,0.0199599,0.0199964,0.0200189,0.0200602,0.0201278,0.0201176,0.0201466,0.0202109,0.0202174,0.0202345,0.0203048,0.0203139,0.0203408,0.0204234,0.0204196,0.0204513,0.0205065,0.020565,0.0205762,0.0206363,0.020653,0.0206937,0.0207275,0.0207822,0.0208144,0.0208386,0.0208863,0.0209282,0.0209587,0.0210156,0.0210907,0.0210993,0.0211481,0.0211798,0.021235,0.0212817,0.0213106,0.0213836,0.021441]},"pv_cell_parameters":{"voc":{"unit":"V","value":1.09},"isc":{"unit":"mA","value":1.9200000000000002},"jsc":{"unit":"mA\/cm2","value":20.42},"vopt":{"unit":"mV","value":818.95},"iopt":{"unit":"mA","value":1.49},"pmax":{"unit":"W","value":0.00122},"fill_factor":{"unit":"%","value":58.34},"efficiency":{"unit":"%","value":13.01},"cell_dimension":{"unit":"cm2","value":0.094},"irradiance":{"unit":"mW\/cm2","value":100}},"calculations":{"fitted_isc":{"unit":"mA","value":1.9200000000000002},"fitted_voc":{"unit":"V","value":1.09},"rshunt":{"unit":"Kohm","value":2.25},"rseries":{"unit":"ohm","value":64.5}},"measurement_conditions":{"sweep_direction":{"unit":"","value":"Reverse"},"nplc":{"unit":"","value":0.01},"voltage_settling_time":{"unit":"s","value":0.01},"configuration_file":{"unit":"","value":"Configuration for I-V meas.conf"},"sample_id":{"unit":"","value":"20220830_sample-12_nio_4pacz_64 macl 20_30min_mabrmacl_c60_bcp_ag-4"},"note":{"unit":"","value":"\uc2dc\ub8cc\uc5d0 \uad00\ud55c \ubd80\uac00\uc801\uc778 \uc124\uba85\uc744 \uc774\uacf3\uc5d0 \uc801\uc73c\uc138\uc694. ^^"}},"key":"20220830_sample-12_nio_4pacz_64 macl 20_30min_mabrmacl_c60_bcp_ag-4_20220830","sweep_direction":{"unit":"","value":"Reverse"},"jsc":{"unit":"mA\/cm2","value":20.42},"voc":{"unit":"V","value":1.09},"efficiency":{"unit":"%","value":13.01},"fill_factor":{"unit":"%","value":58.34},"cell_dimension":{"unit":"cm2","value":0.094}},{"V":{"unit":"V","value":[1.2,1.1917,1.18345,1.17515,1.16685,1.1586,1.1503,1.142,1.13375,1.12545,1.11715,1.1089,1.1006,1.0923,1.084,1.07575,1.06745,1.05915,1.0509,1.0426,1.0343,1.02605,1.01775,1.00945,1.0012,0.9929,0.9846,0.97635,0.96805,0.95975,0.9515,0.9432,0.9349,0.92665,0.91835,0.91005,0.9018,0.8935,0.8852,0.8769,0.86865,0.86035,0.85205,0.8438,0.8355,0.8272,0.81895,0.81065,0.80235,0.7941,0.7858,0.7775,0.76925,0.76095,0.75265,0.7444,0.7361,0.7278,0.71955,0.71125,0.70295,0.6947,0.6864,0.6781,0.6698,0.66155,0.65325,0.64495,0.6367,0.6284,0.6201,0.61185,0.60355,0.59525,0.587,0.5787,0.5704,0.56215,0.55385,0.54555,0.5373,0.529,0.5207,0.51245,0.50415,0.49585,0.48755,0.4793,0.471,0.4627,0.45445,0.44615,0.43785,0.4296,0.4213,0.413,0.40475,0.39645,0.38815,0.3799,0.3716,0.3633,0.35505,0.34675,0.33845,0.3302,0.3219,0.3136,0.30535,0.29705,0.28875,0.28045,0.2722,0.2639,0.2556,0.24735,0.23905,0.23075,0.2225,0.2142,0.2059,0.19765,0.18935,0.18105,0.1728,0.1645,0.1562,0.14795,0.13965,0.13135,0.1231,0.1148,0.1065,0.09825,0.08995,0.08165,0.07335,0.0651,0.0568,0.0485,0.04025,0.03195,0.02365,0.0154,0.0071,-0.0012,-0.00945,-0.01775,-0.02605,-0.0343,-0.0426,-0.0509,-0.05915,-0.06745,-0.07575,-0.084,-0.0923,-0.1006,-0.1089,-0.11715,-0.12545,-0.13375,-0.142,-0.1503,-0.1586,-0.16685,-0.17515,-0.18345,-0.1917,-0.2]},"I":{"unit":"A","value":[-0.0016837,-0.00184266,-0.00174815,-0.00161532,-0.00147422,-0.00129913,-0.00112374,-0.000956932,-0.000799678,-0.000624654,-0.000460796,-0.000293171,-0.000129483,9.9797e-6,0.000149937,0.000258872,0.000353299,0.000454326,0.000545384,0.000630505,0.000698544,0.000754923,0.000817881,0.000873641,0.000930005,0.00097995,0.00103244,0.00107816,0.00112542,0.00115321,0.00118367,0.00122079,0.00124419,0.0012743,0.00130022,0.00133291,0.00135837,0.00137845,0.00140301,0.00142591,0.00144734,0.00146731,0.00148557,0.00150443,0.00151422,0.0015302,0.0015466,0.00155749,0.00157146,0.00158271,0.00159632,0.00160475,0.00161035,0.00163163,0.0016344,0.00163647,0.00165014,0.00165508,0.00165488,0.00167041,0.00167435,0.00167051,0.00168166,0.00168726,0.00168943,0.00169336,0.00170612,0.00170652,0.00171384,0.00171474,0.00172004,0.00172145,0.00173068,0.00173224,0.00173467,0.00174067,0.00174183,0.00174314,0.00175171,0.00175403,0.00175403,0.00175812,0.00176321,0.00176427,0.00176931,0.00177244,0.00177219,0.00177814,0.00178051,0.00178238,0.00178646,0.00178692,0.00179156,0.00179135,0.0017971,0.00179836,0.0018032,0.00180588,0.00180789,0.00181143,0.00181319,0.00181662,0.00181758,0.00182101,0.00182514,0.00182464,0.00183074,0.00183054,0.00183266,0.00183483,0.0018371,0.00184355,0.00184567,0.00184451,0.00185046,0.00185202,0.00185394,0.00186156,0.00186045,0.00186166,0.00186736,0.00186695,0.00187114,0.00187512,0.00187573,0.0018783,0.00188087,0.00188456,0.00188849,0.00188915,0.00189101,0.00189585,0.00189666,0.00189964,0.00190105,0.00190639,0.00190594,0.00190816,0.0019131,0.00191537,0.00191497,0.00192026,0.00192319,0.00192324,0.00192748,0.00192864,0.00193353,0.00193428,0.00193877,0.0019422,0.00194538,0.00194755,0.00195199,0.00195728,0.00195784,0.00195794,0.00196666,0.00196994,0.00196626,0.0019764,0.00197776,0.00197751,0.00198437,0.00198653,0.00199022,0.00199768,0.00199803,0.00200464,0.00200777,0.00200837]},"J":{"unit":"A\/cm2","value":[-0.0179117,-0.0196027,-0.0185974,-0.0171843,-0.0156832,-0.0138205,-0.0119547,-0.0101801,-0.00850721,-0.00664525,-0.00490208,-0.00311884,-0.00137748,0.000106167,0.00159508,0.00275396,0.0037585,0.00483326,0.00580195,0.0067075,0.00743132,0.00803109,0.00870086,0.00929405,0.00989367,0.010425,0.0109834,0.0114698,0.0119725,0.0122682,0.0125922,0.0129871,0.0132361,0.0135564,0.0138322,0.0141799,0.0144508,0.0146643,0.0149256,0.0151692,0.0153972,0.0156097,0.0158039,0.0160046,0.0161087,0.0162788,0.0164531,0.016569,0.0167177,0.0168373,0.0169822,0.0170718,0.0171313,0.0173577,0.0173872,0.0174092,0.0175546,0.0176072,0.0176051,0.0177703,0.0178122,0.0177714,0.01789,0.0179496,0.0179726,0.0180145,0.0181502,0.0181545,0.0182323,0.0182419,0.0182983,0.0183133,0.0184115,0.0184281,0.0184539,0.0185177,0.0185301,0.018544,0.0186352,0.0186599,0.0186599,0.0187034,0.0187576,0.0187688,0.0188225,0.0188557,0.0188531,0.0189164,0.0189416,0.0189614,0.0190049,0.0190097,0.0190591,0.0190569,0.0191181,0.0191315,0.019183,0.0192115,0.0192329,0.0192705,0.0192893,0.0193257,0.0193359,0.0193724,0.0194164,0.0194111,0.019476,0.0194739,0.0194964,0.0195194,0.0195436,0.0196123,0.0196348,0.0196225,0.0196858,0.0197024,0.0197228,0.0198038,0.019792,0.0198049,0.0198655,0.0198612,0.0199057,0.0199481,0.0199546,0.0199819,0.0200093,0.0200485,0.0200903,0.0200973,0.0201171,0.0201686,0.0201772,0.0202089,0.0202239,0.0202808,0.020276,0.0202996,0.0203521,0.0203763,0.020372,0.0204283,0.0204595,0.02046,0.0205051,0.0205174,0.0205694,0.0205775,0.0206252,0.0206617,0.0206955,0.0207186,0.0207658,0.0208221,0.0208281,0.0208291,0.020922,0.0209568,0.0209176,0.0210255,0.02104,0.0210373,0.0211103,0.0211333,0.0211725,0.0212519,0.0212557,0.0213259,0.0213592,0.0213657]},"pv_cell_parameters":{"voc":{"unit":"V","value":1.09},"isc":{"unit":"mA","value":1.9300000000000002},"jsc":{"unit":"mA\/cm2","value":20.52},"vopt":{"unit":"mV","value":843.8},"iopt":{"unit":"mA","value":1.5},"pmax":{"unit":"W","value":0.00127},"fill_factor":{"unit":"%","value":60.26},"efficiency":{"unit":"%","value":13.5},"cell_dimension":{"unit":"cm2","value":0.094},"irradiance":{"unit":"mW\/cm2","value":100}},"calculations":{"fitted_isc":{"unit":"mA","value":1.9300000000000002},"fitted_voc":{"unit":"V","value":1.09},"rshunt":{"unit":"Kohm","value":2.5},"rseries":{"unit":"ohm","value":58.94}},"measurement_conditions":{"sweep_direction":{"unit":"","value":"Reverse"},"nplc":{"unit":"","value":0.01},"voltage_settling_time":{"unit":"s","value":0.01},"configuration_file":{"unit":"","value":"Configuration for I-V meas.conf"},"sample_id":{"unit":"","value":"20220830_sample-12_nio_4pacz_64 macl 20_30min_mabrmacl_c60_bcp_ag-3"},"note":{"unit":"","value":"\uc2dc\ub8cc\uc5d0 \uad00\ud55c \ubd80\uac00\uc801\uc778 \uc124\uba85\uc744 \uc774\uacf3\uc5d0 \uc801\uc73c\uc138\uc694. ^^"}},"key":"20220830_sample-12_nio_4pacz_64 macl 20_30min_mabrmacl_c60_bcp_ag-3_20220830","sweep_direction":{"unit":"","value":"Reverse"},"jsc":{"unit":"mA\/cm2","value":20.52},"voc":{"unit":"V","value":1.09},"efficiency":{"unit":"%","value":13.5},"fill_factor":{"unit":"%","value":60.26},"cell_dimension":{"unit":"cm2","value":0.094}},{"V":{"unit":"V","value":[1.2,1.1917,1.18345,1.17515,1.16685,1.1586,1.1503,1.142,1.13375,1.12545,1.11715,1.1089,1.1006,1.0923,1.084,1.07575,1.06745,1.05915,1.0509,1.0426,1.0343,1.02605,1.01775,1.00945,1.0012,0.9929,0.9846,0.97635,0.96805,0.95975,0.9515,0.9432,0.9349,0.92665,0.91835,0.91005,0.9018,0.8935,0.8852,0.8769,0.86865,0.86035,0.85205,0.8438,0.8355,0.8272,0.81895,0.81065,0.80235,0.7941,0.7858,0.7775,0.76925,0.76095,0.75265,0.7444,0.7361,0.7278,0.71955,0.71125,0.70295,0.6947,0.6864,0.6781,0.6698,0.66155,0.65325,0.64495,0.6367,0.6284,0.6201,0.61185,0.60355,0.59525,0.587,0.5787,0.5704,0.56215,0.55385,0.54555,0.5373,0.529,0.5207,0.51245,0.50415,0.49585,0.48755,0.4793,0.471,0.4627,0.45445,0.44615,0.43785,0.4296,0.4213,0.413,0.40475,0.39645,0.38815,0.3799,0.3716,0.3633,0.35505,0.34675,0.33845,0.3302,0.3219,0.3136,0.30535,0.29705,0.28875,0.28045,0.2722,0.2639,0.2556,0.24735,0.23905,0.23075,0.2225,0.2142,0.2059,0.19765,0.18935,0.18105,0.1728,0.1645,0.1562,0.14795,0.13965,0.13135,0.1231,0.1148,0.1065,0.09825,0.08995,0.08165,0.07335,0.0651,0.0568,0.0485,0.04025,0.03195,0.02365,0.0154,0.0071,-0.0012,-0.00945,-0.01775,-0.02605,-0.0343,-0.0426,-0.0509,-0.05915,-0.06745,-0.07575,-0.084,-0.0923,-0.1006,-0.1089,-0.11715,-0.12545,-0.13375,-0.142,-0.1503,-0.1586,-0.16685,-0.17515,-0.18345,-0.1917,-0.2]},"I":{"unit":"A","value":[-0.00171103,-0.00224521,-0.00232488,-0.00227925,-0.0021667,-0.00203364,-0.00187254,-0.00168859,-0.00152502,-0.00134884,-0.00119097,-0.00103445,-0.000850535,-0.00069748,-0.000559486,-0.00043822,-0.000310108,-0.000181951,-5.1049e-5,6.41185e-5,0.000199305,0.000285613,0.000369568,0.000444338,0.000524389,0.000607141,0.000672531,0.000731162,0.000793177,0.000848337,0.000895253,0.000940962,0.00097795,0.00103395,0.00108993,0.00114248,0.00118045,0.00122659,0.00126592,0.00130244,0.00133083,0.00137621,0.0014099,0.00144752,0.00147419,0.00148927,0.00150854,0.00153133,0.00156007,0.00158524,0.00159648,0.00160949,0.0016223,0.00162719,0.00163254,0.0016457,0.0016462,0.00165251,0.00165942,0.00166184,0.00166814,0.00167505,0.00167621,0.00167934,0.00168629,0.00168796,0.00169093,0.00169583,0.00170324,0.00170026,0.00170586,0.00171443,0.00171282,0.001716,0.00172684,0.00172865,0.00173324,0.00173556,0.00173602,0.00174025,0.00174509,0.00174454,0.00174822,0.00175296,0.00175397,0.0017578,0.00176219,0.00176466,0.00176895,0.00176945,0.00177202,0.00177646,0.00177747,0.00177974,0.00178332,0.00178569,0.00178887,0.00179028,0.00179482,0.00179477,0.00180263,0.00180218,0.00180415,0.00180949,0.00181378,0.00181136,0.00181463,0.00182089,0.00182341,0.00181993,0.00182724,0.00183042,0.00183143,0.00183556,0.00183718,0.00184096,0.0018453,0.00184363,0.00184893,0.00185074,0.00185246,0.00185614,0.00185992,0.00185957,0.0018633,0.00186849,0.00187016,0.00187399,0.00187475,0.00187858,0.00188135,0.00188302,0.00188599,0.00188962,0.00189033,0.00189577,0.00189729,0.00190036,0.00190374,0.00190465,0.00190823,0.00191121,0.00191413,0.00191816,0.00191892,0.0019226,0.0019289,0.00192835,0.00193208,0.00193536,0.00193677,0.00193944,0.00194398,0.00194666,0.00195271,0.00195331,0.00195508,0.00196249,0.00196622,0.00196869,0.00197293,0.0019756,0.00197984,0.00198221,0.00198604,0.00199194,0.00199335,0.00199729,0.00200268,0.00200697]},"J":{"unit":"A\/cm2","value":[-0.0182024,-0.0238852,-0.0247328,-0.0242473,-0.02305,-0.0216344,-0.0199206,-0.0179637,-0.0162236,-0.0143494,-0.0126699,-0.0110048,-0.00904825,-0.00742,-0.00595198,-0.00466191,-0.00329902,-0.00193565,-0.000543075,0.000682112,0.00212027,0.00303844,0.00393157,0.004727,0.00557861,0.00645895,0.00715459,0.00777832,0.00843805,0.00902486,0.00952397,0.0100102,0.0104037,0.0109995,0.011595,0.012154,0.012558,0.0130489,0.0134673,0.0138557,0.0141577,0.0146406,0.0149989,0.0153991,0.0156829,0.0158433,0.0160482,0.0162907,0.0165965,0.0168642,0.0169839,0.0171223,0.0172585,0.0173106,0.0173674,0.0175074,0.0175128,0.0175799,0.0176534,0.0176791,0.0177462,0.0178197,0.017832,0.0178653,0.0179393,0.017957,0.0179887,0.0180407,0.0181196,0.0180879,0.0181475,0.0182387,0.0182215,0.0182553,0.0183706,0.0183899,0.0184388,0.0184634,0.0184683,0.0185133,0.0185648,0.0185589,0.0185981,0.0186485,0.0186593,0.0187,0.0187467,0.018773,0.0188186,0.0188239,0.0188513,0.0188985,0.0189092,0.0189334,0.0189715,0.0189967,0.0190305,0.0190455,0.0190938,0.0190933,0.019177,0.0191721,0.019193,0.0192499,0.0192955,0.0192697,0.0193046,0.0193711,0.019398,0.019361,0.0194387,0.0194725,0.0194833,0.0195273,0.0195444,0.0195846,0.0196308,0.0196131,0.0196694,0.0196887,0.019707,0.0197461,0.0197864,0.0197826,0.0198223,0.0198776,0.0198953,0.019936,0.0199441,0.0199849,0.0200144,0.0200321,0.0200637,0.0201024,0.0201099,0.0201678,0.0201839,0.0202166,0.0202526,0.0202622,0.0203003,0.020332,0.0203631,0.020406,0.020414,0.0204532,0.0205203,0.0205144,0.0205541,0.0205889,0.020604,0.0206324,0.0206807,0.0207091,0.0207735,0.0207799,0.0207987,0.0208775,0.0209173,0.0209435,0.0209886,0.021017,0.0210621,0.0210873,0.0211281,0.0211909,0.0212059,0.0212477,0.0213051,0.0213507]},"pv_cell_parameters":{"voc":{"unit":"V","value":1.05},"isc":{"unit":"mA","value":1.9200000000000002},"jsc":{"unit":"mA\/cm2","value":20.45},"vopt":{"unit":"mV","value":794.1},"iopt":{"unit":"mA","value":1.59},"pmax":{"unit":"W","value":0.00126},"fill_factor":{"unit":"%","value":62.3},"efficiency":{"unit":"%","value":13.39},"cell_dimension":{"unit":"cm2","value":0.094},"irradiance":{"unit":"mW\/cm2","value":100}},"calculations":{"fitted_isc":{"unit":"mA","value":1.9200000000000002},"fitted_voc":{"unit":"V","value":1.05},"rshunt":{"unit":"Kohm","value":2.75},"rseries":{"unit":"ohm","value":68.47}},"measurement_conditions":{"sweep_direction":{"unit":"","value":"Reverse"},"nplc":{"unit":"","value":0.01},"voltage_settling_time":{"unit":"s","value":0.01},"configuration_file":{"unit":"","value":"Configuration for I-V meas.conf"},"sample_id":{"unit":"","value":"20220830_sample-12_nio_4pacz_64 macl 20_30min_mabrmacl_c60_bcp_ag-2"},"note":{"unit":"","value":"\uc2dc\ub8cc\uc5d0 \uad00\ud55c \ubd80\uac00\uc801\uc778 \uc124\uba85\uc744 \uc774\uacf3\uc5d0 \uc801\uc73c\uc138\uc694. ^^"}},"key":"20220830_sample-12_nio_4pacz_64 macl 20_30min_mabrmacl_c60_bcp_ag-2_20220830","sweep_direction":{"unit":"","value":"Reverse"},"jsc":{"unit":"mA\/cm2","value":20.45},"voc":{"unit":"V","value":1.05},"efficiency":{"unit":"%","value":13.39},"fill_factor":{"unit":"%","value":62.3},"cell_dimension":{"unit":"cm2","value":0.094}},{"V":{"unit":"V","value":[1.2,1.1917,1.18345,1.17515,1.16685,1.1586,1.1503,1.142,1.13375,1.12545,1.11715,1.1089,1.1006,1.0923,1.084,1.07575,1.06745,1.05915,1.0509,1.0426,1.0343,1.02605,1.01775,1.00945,1.0012,0.9929,0.9846,0.97635,0.96805,0.95975,0.9515,0.9432,0.9349,0.92665,0.91835,0.91005,0.9018,0.8935,0.8852,0.8769,0.86865,0.86035,0.85205,0.8438,0.8355,0.8272,0.81895,0.81065,0.80235,0.7941,0.7858,0.7775,0.76925,0.76095,0.75265,0.7444,0.7361,0.7278,0.71955,0.71125,0.70295,0.6947,0.6864,0.6781,0.6698,0.66155,0.65325,0.64495,0.6367,0.6284,0.6201,0.61185,0.60355,0.59525,0.587,0.5787,0.5704,0.56215,0.55385,0.54555,0.5373,0.529,0.5207,0.51245,0.50415,0.49585,0.48755,0.4793,0.471,0.4627,0.45445,0.44615,0.43785,0.4296,0.4213,0.413,0.40475,0.39645,0.38815,0.3799,0.3716,0.3633,0.35505,0.34675,0.33845,0.3302,0.3219,0.3136,0.30535,0.29705,0.28875,0.28045,0.2722,0.2639,0.2556,0.24735,0.23905,0.23075,0.2225,0.2142,0.2059,0.19765,0.18935,0.18105,0.1728,0.1645,0.1562,0.14795,0.13965,0.13135,0.1231,0.1148,0.1065,0.09825,0.08995,0.08165,0.07335,0.0651,0.0568,0.0485,0.04025,0.03195,0.02365,0.0154,0.0071,-0.0012,-0.00945,-0.01775,-0.02605,-0.0343,-0.0426,-0.0509,-0.05915,-0.06745,-0.07575,-0.084,-0.0923,-0.1006,-0.1089,-0.11715,-0.12545,-0.13375,-0.142,-0.1503,-0.1586,-0.16685,-0.17515,-0.18345,-0.1917,-0.2]},"I":{"unit":"A","value":[-0.000871974,-0.000701312,-0.000551431,-0.000405689,-0.000266818,-0.000135611,-3.74118e-6,0.000120558,0.000239108,0.000359151,0.000470614,0.000579366,0.000684451,0.000783751,0.000879797,0.000970184,0.00105273,0.00113205,0.00121062,0.00128148,0.00134866,0.00141018,0.00146571,0.00151589,0.00156445,0.00160742,0.00164398,0.00168125,0.00170833,0.00173314,0.00175331,0.00177248,0.00178967,0.00180616,0.00181842,0.00182815,0.001839,0.00184686,0.0018515,0.00185932,0.0018634,0.00187016,0.00187359,0.00187919,0.00188015,0.00188766,0.00188746,0.00188938,0.00189502,0.00189538,0.00189628,0.00189725,0.001898,0.00189926,0.00190088,0.00190309,0.00190012,0.00190279,0.00190486,0.00189966,0.00190274,0.00190788,0.00190188,0.00190647,0.00190481,0.00190178,0.00190668,0.00190541,0.00190209,0.00190531,0.00190441,0.0019045,0.00190647,0.00190491,0.00190385,0.00190385,0.0019043,0.00190511,0.00190718,0.0019037,0.00190592,0.00190763,0.00190592,0.00190662,0.00190809,0.00190602,0.00190622,0.00190748,0.00190688,0.00190678,0.00190708,0.00190678,0.00190607,0.00190501,0.00191061,0.00190602,0.00190309,0.00190854,0.00190844,0.00190577,0.00190698,0.00190824,0.00190632,0.00190617,0.00190693,0.00190834,0.00190602,0.00190577,0.00191036,0.00190698,0.00190632,0.00190884,0.00190889,0.00190894,0.00191096,0.00190743,0.0019099,0.00191061,0.00191106,0.00190894,0.00190849,0.00191046,0.00191061,0.00191005,0.00191116,0.00191182,0.00190688,0.00191132,0.0019099,0.00191051,0.0019092,0.00190809,0.00190955,0.00190829,0.00190854,0.00191091,0.0019095,0.0019093,0.00191227,0.00191005,0.00191046,0.00191358,0.00191121,0.00190799,0.00191308,0.00191081,0.00191071,0.00191162,0.00191121,0.00190839,0.00191051,0.00191227,0.00191015,0.00191076,0.0019098,0.00191172,0.00191091,0.00191257,0.00191172,0.00190854,0.00191429,0.00191323,0.00191026,0.00191288,0.00191182,0.00191459,0.00191116,0.00191318,0.00191389,0.00191202]},"J":{"unit":"A\/cm2","value":[-0.00927632,-0.00746076,-0.00586629,-0.00431584,-0.00283849,-0.00144267,-3.97998e-5,0.00128253,0.0025437,0.00382076,0.00500653,0.00616346,0.00728139,0.00833777,0.00935954,0.0103211,0.0111992,0.0120431,0.012879,0.0136328,0.0143474,0.0150019,0.0155926,0.0161264,0.0166431,0.0171002,0.0174891,0.0178856,0.0181737,0.0184377,0.0186523,0.0188561,0.0190391,0.0192145,0.0193449,0.0194484,0.0195638,0.0196475,0.0196969,0.01978,0.0198234,0.0198953,0.0199318,0.0199914,0.0200016,0.0200815,0.0200794,0.0200998,0.0201598,0.0201636,0.0201732,0.0201835,0.0201915,0.0202049,0.0202221,0.0202457,0.020214,0.0202425,0.0202645,0.0202092,0.0202419,0.0202966,0.0202328,0.0202816,0.0202639,0.0202317,0.0202838,0.0202704,0.020235,0.0202693,0.0202596,0.0202607,0.0202816,0.020265,0.0202537,0.0202537,0.0202586,0.0202671,0.0202891,0.0202521,0.0202757,0.020294,0.0202757,0.0202832,0.0202988,0.0202768,0.0202789,0.0202924,0.0202859,0.0202849,0.0202881,0.0202849,0.0202773,0.0202661,0.0203256,0.0202768,0.0202457,0.0203036,0.0203025,0.0202741,0.020287,0.0203004,0.02028,0.0202784,0.0202865,0.0203015,0.0202768,0.0202741,0.0203229,0.020287,0.02028,0.0203068,0.0203074,0.0203079,0.0203294,0.0202918,0.0203181,0.0203256,0.0203304,0.0203079,0.0203031,0.020324,0.0203256,0.0203197,0.0203315,0.0203385,0.0202859,0.0203331,0.0203181,0.0203245,0.0203106,0.0202988,0.0203144,0.0203009,0.0203036,0.0203288,0.0203138,0.0203117,0.0203433,0.0203197,0.020324,0.0203573,0.0203321,0.0202977,0.0203519,0.0203278,0.0203267,0.0203364,0.0203321,0.020302,0.0203245,0.0203433,0.0203208,0.0203272,0.020317,0.0203374,0.0203288,0.0203465,0.0203374,0.0203036,0.0203648,0.0203535,0.0203219,0.0203498,0.0203385,0.020368,0.0203315,0.020353,0.0203605,0.0203406]},"pv_cell_parameters":{"voc":{"unit":"V","value":1.15},"isc":{"unit":"mA","value":1.91},"jsc":{"unit":"mA\/cm2","value":20.33},"vopt":{"unit":"mV","value":926.65},"iopt":{"unit":"mA","value":1.8100000000000003},"pmax":{"unit":"W","value":0.00167},"fill_factor":{"unit":"%","value":76.15},"efficiency":{"unit":"%","value":17.81},"cell_dimension":{"unit":"cm2","value":0.094},"irradiance":{"unit":"mW\/cm2","value":100}},"calculations":{"fitted_isc":{"unit":"mA","value":1.91},"fitted_voc":{"unit":"V","value":1.15},"rshunt":{"unit":"Kohm","value":127.43},"rseries":{"unit":"ohm","value":63.75}},"measurement_conditions":{"sweep_direction":{"unit":"","value":"Reverse"},"nplc":{"unit":"","value":0.01},"voltage_settling_time":{"unit":"s","value":0.01},"configuration_file":{"unit":"","value":"Configuration for I-V meas.conf"},"sample_id":{"unit":"","value":"20220830_sample-12_nio_4pacz_64 macl 20_30min_mabrmacl_c60_bcp_ag-1"},"note":{"unit":"","value":"\uc2dc\ub8cc\uc5d0 \uad00\ud55c \ubd80\uac00\uc801\uc778 \uc124\uba85\uc744 \uc774\uacf3\uc5d0 \uc801\uc73c\uc138\uc694. ^^"}},"key":"20220830_sample-12_nio_4pacz_64 macl 20_30min_mabrmacl_c60_bcp_ag-1_20220830","sweep_direction":{"unit":"","value":"Reverse"},"jsc":{"unit":"mA\/cm2","value":20.33},"voc":{"unit":"V","value":1.15},"efficiency":{"unit":"%","value":17.81},"fill_factor":{"unit":"%","value":76.15},"cell_dimension":{"unit":"cm2","value":0.094}}]}}