{"_id":"63b291b94cbf7603dd58c5ec","id":"KRICT-SC-00745","author":56,"input":[{"tco":{"unit":"","value":"FTO"}},{"annealing":[{"temperature":{"unit":"oC","value":0},"time":{"unit":"min","value":0}}],"blocking_buffer_layer":[{"material":{"unit":"","value":"none"},"concentration":{"unit":"","value":""},"conc_unit":{"unit":"","value":"mg\/ml"},"quantity":{"unit":"ml","value":null}}]},{"surface_treatment":{"unit":"","value":"none"}},{"etl":[{"material":{"unit":"","value":"SnO2_CBD"},"concentration":{"unit":"","value":""},"conc_unit":{"unit":"","value":"mg\/ml"},"quantity":{"unit":"ml","value":null}}],"annealing":[{"temperature":{"unit":"oC","value":150},"time":{"unit":"min","value":60}}],"spin_coating":[{"type":{"unit":"","value":null},"rpm":{"unit":"","value":0},"time":{"unit":"","value":null}}]},{"etl_treatment":[{"material":{"unit":"","value":"none"},"concentration":{"unit":"mg\/ml","value":""},"conc_unit":{"unit":"","value":"mg\/ml"},"quantity":{"unit":"ml","value":null}}],"annealing":[{"temperature":{"unit":"oC","value":0},"time":{"unit":"min","value":0}}],"spin_coating":[{"type":{"unit":"","value":null},"rpm":{"unit":"","value":0},"time":{"unit":"","value":null}}]},{"surface_treatment":{"unit":"","value":"none"}},{"perovskite":{"method":{"unit":"","value":"1step"},"molarity":{"unit":"M","value":1.5},"a_site":[{"material":{"unit":"","value":"FA"},"ratio":{"unit":"%","value":100}},{"material":{"unit":"","value":"MA"},"ratio":{"unit":"%","value":0}},{"material":{"unit":"","value":"FA"},"ratio":{"unit":"%","value":0}}],"b_site":[{"material":{"unit":"","value":"Pb"},"ratio":{"unit":"%","value":100}},{"material":{"unit":"","value":"Sn"},"ratio":{"unit":"%","value":0}}],"x_site":[{"material":{"unit":"","value":"I"},"ratio":{"unit":"%","value":97.2}},{"material":{"unit":"","value":"Br"},"ratio":{"unit":"%","value":2.8}},{"material":{"unit":"","value":"Cl"},"ratio":{"unit":"%","value":0}}],"solvent":[{"material":{"unit":"","value":"DMF"},"volume":{"unit":"ml","value":0.89}},{"material":{"unit":"","value":"DMSO"},"volume":{"unit":"ml","value":0.11}},{"material":{"unit":"","value":"none"},"volume":{"unit":"ml","value":0}}],"antisolvent":[{"material":{"unit":"","value":"DEE"},"quantity":{"unit":"ul","value":1000},"dripping_time":{"unit":"s","value":null}}],"annealing":[{"temperature":{"unit":"oC","value":100},"time":{"unit":"min","value":40}},{"temperature":{"unit":"oC","value":150},"time":{"unit":"min","value":5}}],"spin_coating":[{"type":{"unit":"","value":null},"rpm":{"unit":"","value":5000},"time":{"unit":"","value":null}}],"additive":[{"material":{"unit":"","value":"MACl"},"quantity":{"unit":"mol%","value":33}},{"material":{"unit":"","value":"none"},"quantity":{"unit":"mol%","value":0}},{"material":{"unit":"","value":"none"},"quantity":{"unit":"mol%","value":0}}]}},{"perovskite_treatment":[{"material":{"unit":"","value":"PEAI"},"concentration":{"unit":"mg\/ml","value":0},"conc_unit":{"unit":"","value":"mg\/ml"},"quantity":{"unit":"ml","value":null}}],"annealing":[{"temperature":{"unit":"oC","value":100},"time":{"unit":"min","value":1}}],"spin_coating":[{"type":{"unit":"","value":null},"rpm":{"unit":"","value":0},"time":{"unit":"","value":null}}]},{"htl":[{"material":{"unit":"","value":"Spiro-OMeTAD"},"concentration":{"unit":"mg\/ml","value":""},"conc_unit":{"unit":"","value":"mg\/ml"},"quantity":{"unit":"ml","value":null}}],"htl_doping":[{"material":{"unit":"","value":"none"},"volume":{"unit":"ul","value":0}},{"material":{"unit":"","value":"none"},"volume":{"unit":"ul","value":0}},{"material":{"unit":"","value":"none"},"volume":{"unit":"ul","value":0}}],"spin_coating":[{"type":{"unit":"","value":null},"rpm":{"unit":"","value":3000},"time":{"unit":"","value":null}}]},{"htl_treatment":[{"material":{"value":"none","unit":""},"concentration":{"value":0,"unit":"mg\/ml"},"conc_unit":{"unit":"","value":"mg\/ml"},"quantity":{"unit":"ml","value":null}}],"annealing":[{"temperature":{"value":0,"unit":"oC"},"time":{"value":0,"unit":"time"}}],"spin_coating":[{"type":{"unit":"","value":null},"rpm":{"value":0,"unit":""},"time":{"unit":"","value":null}}]},{"anode_metal":{"unit":"","value":"Au"}},{"note":{"unit":"","value":"20221228_NSS 15&16"},"ar":{"unit":"","value":0},"type":{"unit":"","value":"n-i-p"}}],"fileinfo":[{"key":"Forward_20221228 kbs 16-F_20221229","uploadType":"JV","original_name":"20221228 kbs 16-F_20221229-134957.txt","save_name":"KRICT-SC-00745\/Forward_20221228 kbs 16-F_20221229","uploader":56},{"key":"Reverse_20221228 kbs 16-R_20221229","uploadType":"JV","original_name":"20221228 kbs 16-R_20221229-135044.txt","save_name":"KRICT-SC-00745\/Reverse_20221228 kbs 16-R_20221229","uploader":56},{"key":"Forward_20221228 kbs 15-F_20221229","uploadType":"JV","original_name":"20221228 kbs 15-F_20221229-134751.txt","save_name":"KRICT-SC-00745\/Forward_20221228 kbs 15-F_20221229","uploader":56},{"key":"Reverse_20221228 kbs 15-R_20221229","uploadType":"JV","original_name":"20221228 kbs 15-R_20221229-134855.txt","save_name":"KRICT-SC-00745\/Reverse_20221228 kbs 15-R_20221229","uploader":56},{"key":"InputFile","uploadType":"InputFile","original_name":"input.xlsx","save_name":"KRICT-SC-00745\/InputFile","uploader":56}],"updated_at":"2024-10-25 07:06:53","created_at":"2023-01-02 08:11:37","group":2,"analysis_old":{"JV":[{"V":{"unit":"V","value":[1.5,1.48285,1.46565,1.4485,1.4313,1.41415,1.39695,1.3798,1.36265,1.34545,1.3283,1.3111,1.29395,1.27675,1.2596,1.2424,1.22525,1.2081,1.1909,1.17375,1.15655,1.1394,1.1222,1.10505,1.0879,1.0707,1.05355,1.03635,1.0192,1.002,0.98485,0.9677,0.9505,0.93335,0.91615,0.899,0.8818,0.86465,0.84745,0.8303,0.81315,0.79595,0.7788,0.7616,0.74445,0.72725,0.7101,0.69295,0.67575,0.6586,0.6414,0.62425,0.60705,0.5899,0.57275,0.55555,0.5384,0.5212,0.50405,0.48685,0.4697,0.4525,0.43535,0.4182,0.401,0.38385,0.36665,0.3495,0.3323,0.31515,0.298,0.2808,0.26365,0.24645,0.2293,0.2121,0.19495,0.1778,0.1606,0.14345,0.12625,0.1091,0.0919,0.07475,0.05755,0.0404,0.02325,0.00605,-0.0111,-0.0283,-0.04545,-0.06265,-0.0798,-0.09695,-0.11415,-0.1313,-0.1485,-0.16565,-0.18285,-0.2]},"I":{"unit":"A","value":[-0.0165834,-0.0159224,-0.0150124,-0.014038,-0.0130338,-0.012013,-0.0109719,-0.00994062,-0.00891618,-0.00789909,-0.00689647,-0.00591134,-0.0049613,-0.00403827,-0.00316116,-0.00232522,-0.00154032,-0.000820443,-0.000170767,0.000393167,0.000869021,0.00125039,0.00154187,0.00175238,0.00190032,0.00200011,0.0020695,0.00211509,0.00214568,0.00216587,0.00218216,0.00219443,0.00220208,0.00220622,0.00221311,0.0022175,0.00221862,0.00222494,0.00222504,0.00222726,0.00222675,0.00223126,0.00223368,0.00223415,0.00223637,0.00223734,0.00223809,0.00223945,0.00224344,0.0022393,0.0022431,0.00224264,0.00224441,0.00224511,0.00224598,0.00224395,0.002248,0.0022483,0.00224699,0.00224805,0.00224993,0.00225119,0.0022479,0.00225088,0.00225079,0.00224841,0.00225286,0.00225028,0.00225119,0.00224917,0.00225204,0.00225145,0.00225377,0.00225457,0.00225048,0.00225523,0.00225397,0.0022523,0.0022558,0.00225422,0.00225413,0.00225246,0.00225489,0.00225504,0.00225428,0.00225472,0.00225559,0.00225529,0.00225529,0.00225538,0.00225413,0.00225781,0.00225766,0.00225493,0.00225639,0.00225954,0.00225538,0.00225913,0.00225685,0.00225447]},"J":{"unit":"A\/cm2","value":[-0.180615,-0.173417,-0.163505,-0.152892,-0.141956,-0.130838,-0.119499,-0.108267,-0.0971093,-0.0860317,-0.0751118,-0.0643824,-0.0540352,-0.0439822,-0.0344293,-0.0253248,-0.0167761,-0.00893573,-0.00185989,0.00428212,0.00946481,0.0136184,0.016793,0.0190857,0.020697,0.0217839,0.0225397,0.0230361,0.0233693,0.0235892,0.0237666,0.0239003,0.0239836,0.0240287,0.0241037,0.0241516,0.0241638,0.0242326,0.0242337,0.0242579,0.0242524,0.0243014,0.0243278,0.0243329,0.024357,0.0243676,0.0243759,0.0243906,0.0244341,0.024389,0.0244304,0.0244254,0.0244447,0.0244523,0.0244617,0.0244397,0.0244838,0.024487,0.0244728,0.0244843,0.0245047,0.0245185,0.0244827,0.0245151,0.0245141,0.0244882,0.0245367,0.0245086,0.0245185,0.0244964,0.0245278,0.0245213,0.0245466,0.0245554,0.0245107,0.0245625,0.0245487,0.0245305,0.0245687,0.0245515,0.0245505,0.0245323,0.0245588,0.0245604,0.0245521,0.024557,0.0245664,0.0245632,0.0245632,0.0245641,0.0245505,0.0245906,0.024589,0.0245593,0.0245752,0.0246094,0.0245641,0.024605,0.0245802,0.0245542]},"pv_cell_parameters":{"voc":{"unit":"V","value":1.19},"isc":{"unit":"mA","value":2.26},"jsc":{"unit":"mA\/cm2","value":24.56},"vopt":{"unit":"mV","value":1040},"iopt":{"unit":"mA","value":2.1200000000000006},"pmax":{"unit":"W","value":0.00219},"fill_factor":{"unit":"%","value":81.61},"efficiency":{"unit":"%","value":23.87},"cell_dimension":{"unit":"cm2","value":0.09182},"irradiance":{"unit":"mW\/cm2","value":100}},"calculations":{"fitted_isc":{"unit":"mA","value":2.26},"fitted_voc":{"unit":"V","value":1.18},"rshunt":{"unit":"Kohm","value":74.83},"rseries":{"unit":"ohm","value":27.37}},"measurement_conditions":{"sweep_direction":{"unit":"","value":"Reverse"},"nplc":{"unit":"","value":0.1},"voltage_settling_time":{"unit":"s","value":0.01},"configuration_file":{"unit":"","value":"Configuration for I-V meas.conf"},"sample_id":{"unit":"","value":"20221228 kbs 16-R"},"note":{"unit":"","value":"\uc2dc\ub8cc\uc5d0 \uad00\ud55c \ubd80\uac00\uc801\uc778 \uc124\uba85\uc744 \uc774\uacf3\uc5d0 \uc801\uc73c\uc138\uc694. ^^"}},"key":"Reverse_20221228 kbs 16-R_20221229"},{"V":{"unit":"V","value":[1.5,1.48285,1.46565,1.4485,1.4313,1.41415,1.39695,1.3798,1.36265,1.34545,1.3283,1.3111,1.29395,1.27675,1.2596,1.2424,1.22525,1.2081,1.1909,1.17375,1.15655,1.1394,1.1222,1.10505,1.0879,1.0707,1.05355,1.03635,1.0192,1.002,0.98485,0.9677,0.9505,0.93335,0.91615,0.899,0.8818,0.86465,0.84745,0.8303,0.81315,0.79595,0.7788,0.7616,0.74445,0.72725,0.7101,0.69295,0.67575,0.6586,0.6414,0.62425,0.60705,0.5899,0.57275,0.55555,0.5384,0.5212,0.50405,0.48685,0.4697,0.4525,0.43535,0.4182,0.401,0.38385,0.36665,0.3495,0.3323,0.31515,0.298,0.2808,0.26365,0.24645,0.2293,0.2121,0.19495,0.1778,0.1606,0.14345,0.12625,0.1091,0.0919,0.07475,0.05755,0.0404,0.02325,0.00605,-0.0111,-0.0283,-0.04545,-0.06265,-0.0798,-0.09695,-0.11415,-0.1313,-0.1485,-0.16565,-0.18285,-0.2]},"I":{"unit":"A","value":[-0.0155577,-0.0149306,-0.0140513,-0.0131112,-0.0121498,-0.0111807,-0.0102094,-0.00924595,-0.00829294,-0.00734873,-0.00642218,-0.00551514,-0.00463127,-0.0037742,-0.00295196,-0.00216763,-0.00143108,-0.000751168,-0.000134066,0.00040172,0.000861272,0.0012352,0.0015206,0.00173198,0.00188483,0.00198932,0.00205983,0.00210848,0.00214125,0.00216189,0.00218056,0.00219017,0.00219972,0.00220676,0.00221232,0.00221465,0.00221764,0.0022195,0.00222573,0.00222795,0.00222845,0.00222684,0.00223185,0.0022357,0.00223336,0.00223675,0.00223963,0.00223887,0.0022417,0.00224161,0.00224318,0.0022413,0.00224358,0.00224237,0.0022414,0.00224362,0.00224267,0.00224408,0.00224605,0.00224818,0.00224575,0.0022459,0.00224753,0.00224677,0.00224899,0.00225051,0.00224742,0.00224934,0.0022492,0.00225086,0.00225203,0.0022492,0.00225055,0.00225329,0.00225314,0.00225106,0.00225359,0.00225329,0.00225258,0.00225389,0.00225532,0.00225507,0.00225247,0.00225501,0.00225374,0.00225314,0.00225592,0.00225446,0.00225435,0.00225127,0.00225253,0.00225547,0.00225349,0.00225532,0.00225323,0.00225334,0.00225541,0.00225247,0.0022534,0.00225729]},"J":{"unit":"A\/cm2","value":[-0.169445,-0.162614,-0.153038,-0.142799,-0.132327,-0.121773,-0.111194,-0.100701,-0.0903213,-0.0800376,-0.0699462,-0.0600673,-0.0504407,-0.0411061,-0.0321509,-0.0236084,-0.0155864,-0.00818123,-0.00146016,0.00437528,0.00938042,0.013453,0.0165614,0.0188636,0.0205284,0.0216664,0.0224343,0.0229642,0.0233211,0.0235459,0.0237492,0.0238539,0.023958,0.0240346,0.0240951,0.0241206,0.024153,0.0241733,0.0242412,0.0242653,0.0242709,0.0242533,0.0243079,0.0243497,0.0243243,0.0243613,0.0243926,0.0243843,0.0244151,0.0244142,0.0244312,0.0244108,0.0244356,0.0244224,0.0244119,0.0244361,0.0244257,0.0244411,0.0244625,0.0244857,0.0244593,0.0244609,0.0244786,0.0244703,0.0244945,0.0245111,0.0244775,0.0244984,0.0244968,0.024515,0.0245276,0.0244968,0.0245115,0.0245414,0.0245398,0.0245171,0.0245447,0.0245414,0.0245336,0.0245479,0.0245635,0.0245607,0.0245325,0.0245601,0.0245463,0.0245398,0.02457,0.0245541,0.0245529,0.0245193,0.0245331,0.0245651,0.0245435,0.0245635,0.0245408,0.0245419,0.0245645,0.0245325,0.0245425,0.0245849]},"pv_cell_parameters":{"voc":{"unit":"V","value":1.19},"isc":{"unit":"mA","value":2.2500000000000004},"jsc":{"unit":"mA\/cm2","value":24.55},"vopt":{"unit":"mV","value":1040},"iopt":{"unit":"mA","value":2.11},"pmax":{"unit":"W","value":0.00219},"fill_factor":{"unit":"%","value":81.39},"efficiency":{"unit":"%","value":23.8},"cell_dimension":{"unit":"cm2","value":0.09182},"irradiance":{"unit":"mW\/cm2","value":100}},"calculations":{"fitted_isc":{"unit":"mA","value":2.2500000000000004},"fitted_voc":{"unit":"V","value":1.18},"rshunt":{"unit":"Kohm","value":159.99},"rseries":{"unit":"ohm","value":28.85}},"measurement_conditions":{"sweep_direction":{"unit":"","value":"Reverse"},"nplc":{"unit":"","value":0.1},"voltage_settling_time":{"unit":"s","value":0.01},"configuration_file":{"unit":"","value":"Configuration for I-V meas.conf"},"sample_id":{"unit":"","value":"20221228 kbs 15-R"},"note":{"unit":"","value":"\uc2dc\ub8cc\uc5d0 \uad00\ud55c \ubd80\uac00\uc801\uc778 \uc124\uba85\uc744 \uc774\uacf3\uc5d0 \uc801\uc73c\uc138\uc694. ^^"}},"key":"Reverse_20221228 kbs 15-R_20221229"},{"V":{"unit":"V","value":[-0.2,-0.18285,-0.16565,-0.1485,-0.1313,-0.11415,-0.09695,-0.0798,-0.06265,-0.04545,-0.0283,-0.0111,0.00605,0.02325,0.0404,0.0576,0.07475,0.0919,0.1091,0.12625,0.14345,0.1606,0.1778,0.19495,0.2121,0.2293,0.24645,0.26365,0.2808,0.298,0.31515,0.3323,0.3495,0.36665,0.38385,0.401,0.4182,0.43535,0.45255,0.4697,0.48685,0.50405,0.5212,0.5384,0.55555,0.57275,0.5899,0.60705,0.62425,0.6414,0.6586,0.67575,0.69295,0.7101,0.72725,0.74445,0.7616,0.7788,0.79595,0.81315,0.8303,0.8475,0.86465,0.8818,0.899,0.91615,0.93335,0.9505,0.9677,0.98485,1.002,1.0192,1.03635,1.05355,1.0707,1.0879,1.10505,1.1222,1.1394,1.15655,1.17375,1.1909,1.2081,1.22525,1.24245,1.2596,1.27675,1.29395,1.3111,1.3283,1.34545,1.36265,1.3798,1.39695,1.41415,1.4313,1.4485,1.46565,1.48285,1.5]},"I":{"unit":"A","value":[0.00227141,0.00226818,0.00226732,0.0022696,0.00226717,0.00226808,0.00226782,0.0022662,0.0022701,0.00226702,0.00226641,0.00226782,0.00226711,0.00226945,0.00226651,0.00226995,0.00226666,0.00226586,0.00227127,0.0022662,0.00226717,0.00226717,0.00226803,0.00226736,0.00226368,0.00226736,0.00226641,0.00226419,0.00226858,0.00226677,0.00226282,0.00226387,0.0022613,0.0022621,0.00226398,0.00226089,0.00226003,0.00226039,0.00225988,0.00226094,0.00225775,0.0022613,0.00225872,0.0022572,0.00225861,0.00225604,0.00225543,0.00225589,0.00225709,0.00225426,0.00225513,0.00225437,0.00225331,0.00225426,0.00225063,0.00225088,0.00225274,0.00224663,0.00224566,0.00224566,0.00224648,0.00224309,0.00223823,0.0022393,0.00223575,0.00222999,0.00222883,0.0022178,0.00221244,0.00220515,0.00218856,0.00216712,0.00213607,0.002091,0.00202768,0.0019298,0.00179173,0.00159876,0.00133115,0.000982866,0.000534177,-5.75185e-6,-0.000639796,-0.00135391,-0.00214221,-0.00299163,-0.00389473,-0.00485033,-0.00584123,-0.00687651,-0.00793872,-0.00902662,-0.010137,-0.0112675,-0.0124258,-0.0135951,-0.0147855,-0.0159892,-0.0172102,-0.018457]},"J":{"unit":"A\/cm2","value":[0.0247388,0.0247035,0.0246941,0.024719,0.0246925,0.0247024,0.0246996,0.024682,0.0247245,0.0246909,0.0246842,0.0246996,0.0246919,0.0247173,0.0246854,0.0247228,0.024687,0.0246782,0.0247371,0.024682,0.0246925,0.0246925,0.0247019,0.0246946,0.0246545,0.0246946,0.0246842,0.02466,0.0247079,0.0246881,0.0246451,0.0246566,0.0246286,0.0246373,0.0246578,0.0246242,0.0246148,0.0246187,0.0246131,0.0246247,0.0245899,0.0246286,0.0246005,0.0245839,0.0245994,0.0245713,0.0245646,0.0245697,0.0245828,0.024552,0.0245614,0.0245531,0.0245416,0.024552,0.0245124,0.0245151,0.0245354,0.0244689,0.0244583,0.0244583,0.0244672,0.0244302,0.0243773,0.024389,0.0243504,0.0242876,0.0242749,0.0241548,0.0240964,0.024017,0.0238364,0.0236029,0.0232646,0.0227739,0.0220841,0.0210182,0.0195144,0.0174127,0.014498,0.0107047,0.00581791,-6.26454e-5,-0.00696824,-0.0147459,-0.0233315,-0.0325829,-0.0424189,-0.0528266,-0.0636188,-0.0748945,-0.0864634,-0.098312,-0.110406,-0.122718,-0.135334,-0.148069,-0.161034,-0.174144,-0.187443,-0.201022]},"pv_cell_parameters":{"voc":{"unit":"V","value":1.19},"isc":{"unit":"mA","value":2.27},"jsc":{"unit":"mA\/cm2","value":24.69},"vopt":{"unit":"mV","value":1040},"iopt":{"unit":"mA","value":2.14},"pmax":{"unit":"W","value":0.00221},"fill_factor":{"unit":"%","value":81.99},"efficiency":{"unit":"%","value":24.11},"cell_dimension":{"unit":"cm2","value":0.09182},"irradiance":{"unit":"mW\/cm2","value":100}},"calculations":{"fitted_isc":{"unit":"mA","value":2.27},"fitted_voc":{"unit":"V","value":1.18},"rshunt":{"unit":"Kohm","value":204.82},"rseries":{"unit":"ohm","value":32.18}},"measurement_conditions":{"sweep_direction":{"unit":"","value":"Forward"},"nplc":{"unit":"","value":0.1},"voltage_settling_time":{"unit":"s","value":0.01},"configuration_file":{"unit":"","value":"Configuration for I-V meas.conf"},"sample_id":{"unit":"","value":"20221228 kbs 16-F"},"note":{"unit":"","value":"\uc2dc\ub8cc\uc5d0 \uad00\ud55c \ubd80\uac00\uc801\uc778 \uc124\uba85\uc744 \uc774\uacf3\uc5d0 \uc801\uc73c\uc138\uc694. ^^"}},"key":"Forward_20221228 kbs 16-F_20221229"},{"V":{"unit":"V","value":[-0.2,-0.18285,-0.16565,-0.1485,-0.1313,-0.11415,-0.09695,-0.0798,-0.06265,-0.04545,-0.0283,-0.0111,0.00605,0.02325,0.0404,0.0576,0.07475,0.0919,0.1091,0.12625,0.14345,0.1606,0.1778,0.19495,0.2121,0.2293,0.24645,0.26365,0.2808,0.298,0.31515,0.3323,0.3495,0.36665,0.38385,0.401,0.4182,0.43535,0.45255,0.4697,0.48685,0.50405,0.5212,0.5384,0.55555,0.57275,0.5899,0.60705,0.62425,0.6414,0.6586,0.67575,0.69295,0.7101,0.72725,0.74445,0.7616,0.7788,0.79595,0.81315,0.8303,0.8475,0.86465,0.8818,0.899,0.91615,0.93335,0.9505,0.9677,0.98485,1.002,1.0192,1.03635,1.05355,1.0707,1.0879,1.10505,1.1222,1.1394,1.15655,1.17375,1.1909,1.2081,1.22525,1.24245,1.2596,1.27675,1.29395,1.3111,1.3283,1.34545,1.36265,1.3798,1.39695,1.41415,1.4313,1.4485,1.46565,1.48285,1.5]},"I":{"unit":"A","value":[0.00227129,0.00226472,0.00227155,0.00226912,0.00226593,0.00226806,0.00226578,0.00226912,0.00226603,0.00226735,0.00226933,0.00226694,0.00226861,0.00226523,0.00226715,0.00226891,0.00226513,0.00226842,0.00226694,0.00226523,0.0022665,0.00226715,0.00226781,0.00226462,0.00226574,0.00226568,0.00226224,0.00226432,0.00226204,0.00226198,0.00226325,0.00226133,0.00226153,0.0022631,0.00226073,0.00225961,0.00226082,0.00226224,0.00225931,0.00225698,0.00225921,0.00226098,0.00225689,0.00225814,0.00225784,0.00225516,0.00225708,0.00225663,0.00225279,0.00225025,0.00225288,0.00225066,0.00225015,0.0022492,0.00224626,0.00224894,0.00224586,0.0022414,0.00224322,0.00223959,0.00223731,0.00223266,0.00223038,0.00222824,0.00222214,0.00222062,0.00221172,0.00220271,0.0021981,0.00218314,0.00216457,0.00214197,0.002105,0.00205649,0.00198643,0.00188564,0.00174381,0.00155298,0.00129588,0.000972137,0.000570029,9.83924e-5,-0.000445142,-0.00104397,-0.00169547,-0.00239348,-0.00312813,-0.00389932,-0.0046996,-0.00553063,-0.00638051,-0.00725038,-0.00813785,-0.0090413,-0.00996386,-0.0108994,-0.0118471,-0.0128112,-0.0137894,-0.0147876]},"J":{"unit":"A\/cm2","value":[0.0247375,0.0246659,0.0247402,0.0247138,0.024679,0.0247022,0.0246774,0.0247138,0.0246802,0.0246945,0.024716,0.0246901,0.0247082,0.0246714,0.0246923,0.0247115,0.0246703,0.0247061,0.0246901,0.0246714,0.0246852,0.0246923,0.0246995,0.0246648,0.0246769,0.0246763,0.0246388,0.0246615,0.0246367,0.024636,0.0246498,0.0246289,0.0246312,0.0246482,0.0246224,0.0246102,0.0246234,0.0246388,0.024607,0.0245815,0.0246058,0.0246252,0.0245805,0.0245942,0.0245909,0.0245617,0.0245826,0.0245778,0.0245359,0.0245083,0.0245369,0.0245127,0.0245072,0.0244968,0.0244648,0.024494,0.0244604,0.0244119,0.0244317,0.0243921,0.0243673,0.0243166,0.0242918,0.0242686,0.0242021,0.0241855,0.0240886,0.0239904,0.0239403,0.0237773,0.0235751,0.0233289,0.0229263,0.022398,0.0216349,0.0205371,0.0189924,0.0169141,0.0141139,0.0105879,0.00620838,0.00107163,-0.0048482,-0.0113703,-0.0184659,-0.0260683,-0.0340695,-0.0424689,-0.051185,-0.060236,-0.0694924,-0.0789664,-0.0886322,-0.098472,-0.10852,-0.118709,-0.129031,-0.139531,-0.150185,-0.161057]},"pv_cell_parameters":{"voc":{"unit":"V","value":1.19},"isc":{"unit":"mA","value":2.27},"jsc":{"unit":"mA\/cm2","value":24.710000000000004},"vopt":{"unit":"mV","value":1020},"iopt":{"unit":"mA","value":2.14},"pmax":{"unit":"W","value":0.00218},"fill_factor":{"unit":"%","value":80.8},"efficiency":{"unit":"%","value":23.78},"cell_dimension":{"unit":"cm2","value":0.09182},"irradiance":{"unit":"mW\/cm2","value":100}},"calculations":{"fitted_isc":{"unit":"mA","value":2.27},"fitted_voc":{"unit":"V","value":1.18},"rshunt":{"unit":"Kohm","value":171.72},"rseries":{"unit":"ohm","value":37.09}},"measurement_conditions":{"sweep_direction":{"unit":"","value":"Forward"},"nplc":{"unit":"","value":0.1},"voltage_settling_time":{"unit":"s","value":0.01},"configuration_file":{"unit":"","value":"Configuration for I-V meas.conf"},"sample_id":{"unit":"","value":"20221228 kbs 15-F"},"note":{"unit":"","value":"\uc2dc\ub8cc\uc5d0 \uad00\ud55c \ubd80\uac00\uc801\uc778 \uc124\uba85\uc744 \uc774\uacf3\uc5d0 \uc801\uc73c\uc138\uc694. ^^"}},"key":"Forward_20221228 kbs 15-F_20221229"}]},"jvcnt":4,"analysisInfo":{"JV":[{"efficiency":23.87,"fill_factor":81.61,"jsc":24.56,"voc":1.19,"key":"Reverse_20221228 kbs 16-R_20221229","cell_dimension":0.09182},{"efficiency":23.8,"fill_factor":81.39,"jsc":24.55,"voc":1.19,"key":"Reverse_20221228 kbs 15-R_20221229","cell_dimension":0.09182},{"efficiency":24.11,"fill_factor":81.99,"jsc":24.69,"voc":1.19,"key":"Forward_20221228 kbs 16-F_20221229","cell_dimension":0.09182},{"efficiency":23.78,"fill_factor":80.8,"jsc":24.710000000000004,"voc":1.19,"key":"Forward_20221228 kbs 15-F_20221229","cell_dimension":0.09182}]},"public":2,"analysis":{"JV":[{"V":{"unit":"V","value":[1.5,1.48285,1.46565,1.4485,1.4313,1.41415,1.39695,1.3798,1.36265,1.34545,1.3283,1.3111,1.29395,1.27675,1.2596,1.2424,1.22525,1.2081,1.1909,1.17375,1.15655,1.1394,1.1222,1.10505,1.0879,1.0707,1.05355,1.03635,1.0192,1.002,0.98485,0.9677,0.9505,0.93335,0.91615,0.899,0.8818,0.86465,0.84745,0.8303,0.81315,0.79595,0.7788,0.7616,0.74445,0.72725,0.7101,0.69295,0.67575,0.6586,0.6414,0.62425,0.60705,0.5899,0.57275,0.55555,0.5384,0.5212,0.50405,0.48685,0.4697,0.4525,0.43535,0.4182,0.401,0.38385,0.36665,0.3495,0.3323,0.31515,0.298,0.2808,0.26365,0.24645,0.2293,0.2121,0.19495,0.1778,0.1606,0.14345,0.12625,0.1091,0.0919,0.07475,0.05755,0.0404,0.02325,0.00605,-0.0111,-0.0283,-0.04545,-0.06265,-0.0798,-0.09695,-0.11415,-0.1313,-0.1485,-0.16565,-0.18285,-0.2]},"I":{"unit":"A","value":[-0.0165834,-0.0159224,-0.0150124,-0.014038,-0.0130338,-0.012013,-0.0109719,-0.00994062,-0.00891618,-0.00789909,-0.00689647,-0.00591134,-0.0049613,-0.00403827,-0.00316116,-0.00232522,-0.00154032,-0.000820443,-0.000170767,0.000393167,0.000869021,0.00125039,0.00154187,0.00175238,0.00190032,0.00200011,0.0020695,0.00211509,0.00214568,0.00216587,0.00218216,0.00219443,0.00220208,0.00220622,0.00221311,0.0022175,0.00221862,0.00222494,0.00222504,0.00222726,0.00222675,0.00223126,0.00223368,0.00223415,0.00223637,0.00223734,0.00223809,0.00223945,0.00224344,0.0022393,0.0022431,0.00224264,0.00224441,0.00224511,0.00224598,0.00224395,0.002248,0.0022483,0.00224699,0.00224805,0.00224993,0.00225119,0.0022479,0.00225088,0.00225079,0.00224841,0.00225286,0.00225028,0.00225119,0.00224917,0.00225204,0.00225145,0.00225377,0.00225457,0.00225048,0.00225523,0.00225397,0.0022523,0.0022558,0.00225422,0.00225413,0.00225246,0.00225489,0.00225504,0.00225428,0.00225472,0.00225559,0.00225529,0.00225529,0.00225538,0.00225413,0.00225781,0.00225766,0.00225493,0.00225639,0.00225954,0.00225538,0.00225913,0.00225685,0.00225447]},"J":{"unit":"A\/cm2","value":[-0.180615,-0.173417,-0.163505,-0.152892,-0.141956,-0.130838,-0.119499,-0.108267,-0.0971093,-0.0860317,-0.0751118,-0.0643824,-0.0540352,-0.0439822,-0.0344293,-0.0253248,-0.0167761,-0.00893573,-0.00185989,0.00428212,0.00946481,0.0136184,0.016793,0.0190857,0.020697,0.0217839,0.0225397,0.0230361,0.0233693,0.0235892,0.0237666,0.0239003,0.0239836,0.0240287,0.0241037,0.0241516,0.0241638,0.0242326,0.0242337,0.0242579,0.0242524,0.0243014,0.0243278,0.0243329,0.024357,0.0243676,0.0243759,0.0243906,0.0244341,0.024389,0.0244304,0.0244254,0.0244447,0.0244523,0.0244617,0.0244397,0.0244838,0.024487,0.0244728,0.0244843,0.0245047,0.0245185,0.0244827,0.0245151,0.0245141,0.0244882,0.0245367,0.0245086,0.0245185,0.0244964,0.0245278,0.0245213,0.0245466,0.0245554,0.0245107,0.0245625,0.0245487,0.0245305,0.0245687,0.0245515,0.0245505,0.0245323,0.0245588,0.0245604,0.0245521,0.024557,0.0245664,0.0245632,0.0245632,0.0245641,0.0245505,0.0245906,0.024589,0.0245593,0.0245752,0.0246094,0.0245641,0.024605,0.0245802,0.0245542]},"pv_cell_parameters":{"voc":{"unit":"V","value":1.19},"isc":{"unit":"mA","value":2.26},"jsc":{"unit":"mA\/cm2","value":24.56},"vopt":{"unit":"mV","value":1040},"iopt":{"unit":"mA","value":2.1200000000000006},"pmax":{"unit":"W","value":0.00219},"fill_factor":{"unit":"%","value":81.61},"efficiency":{"unit":"%","value":23.87},"cell_dimension":{"unit":"cm2","value":0.09182},"irradiance":{"unit":"mW\/cm2","value":100}},"calculations":{"fitted_isc":{"unit":"mA","value":2.26},"fitted_voc":{"unit":"V","value":1.18},"rshunt":{"unit":"Kohm","value":74.83},"rseries":{"unit":"ohm","value":27.37}},"measurement_conditions":{"sweep_direction":{"unit":"","value":"Reverse"},"nplc":{"unit":"","value":0.1},"voltage_settling_time":{"unit":"s","value":0.01},"configuration_file":{"unit":"","value":"Configuration for I-V meas.conf"},"sample_id":{"unit":"","value":"20221228 kbs 16-R"},"note":{"unit":"","value":"\uc2dc\ub8cc\uc5d0 \uad00\ud55c \ubd80\uac00\uc801\uc778 \uc124\uba85\uc744 \uc774\uacf3\uc5d0 \uc801\uc73c\uc138\uc694. ^^"}},"key":"Reverse_20221228 kbs 16-R_20221229","sweep_direction":{"unit":"","value":"Reverse"},"jsc":{"unit":"mA\/cm2","value":24.56},"voc":{"unit":"V","value":1.19},"efficiency":{"unit":"%","value":23.87},"fill_factor":{"unit":"%","value":81.61},"cell_dimension":{"unit":"cm2","value":0.09182}},{"V":{"unit":"V","value":[1.5,1.48285,1.46565,1.4485,1.4313,1.41415,1.39695,1.3798,1.36265,1.34545,1.3283,1.3111,1.29395,1.27675,1.2596,1.2424,1.22525,1.2081,1.1909,1.17375,1.15655,1.1394,1.1222,1.10505,1.0879,1.0707,1.05355,1.03635,1.0192,1.002,0.98485,0.9677,0.9505,0.93335,0.91615,0.899,0.8818,0.86465,0.84745,0.8303,0.81315,0.79595,0.7788,0.7616,0.74445,0.72725,0.7101,0.69295,0.67575,0.6586,0.6414,0.62425,0.60705,0.5899,0.57275,0.55555,0.5384,0.5212,0.50405,0.48685,0.4697,0.4525,0.43535,0.4182,0.401,0.38385,0.36665,0.3495,0.3323,0.31515,0.298,0.2808,0.26365,0.24645,0.2293,0.2121,0.19495,0.1778,0.1606,0.14345,0.12625,0.1091,0.0919,0.07475,0.05755,0.0404,0.02325,0.00605,-0.0111,-0.0283,-0.04545,-0.06265,-0.0798,-0.09695,-0.11415,-0.1313,-0.1485,-0.16565,-0.18285,-0.2]},"I":{"unit":"A","value":[-0.0155577,-0.0149306,-0.0140513,-0.0131112,-0.0121498,-0.0111807,-0.0102094,-0.00924595,-0.00829294,-0.00734873,-0.00642218,-0.00551514,-0.00463127,-0.0037742,-0.00295196,-0.00216763,-0.00143108,-0.000751168,-0.000134066,0.00040172,0.000861272,0.0012352,0.0015206,0.00173198,0.00188483,0.00198932,0.00205983,0.00210848,0.00214125,0.00216189,0.00218056,0.00219017,0.00219972,0.00220676,0.00221232,0.00221465,0.00221764,0.0022195,0.00222573,0.00222795,0.00222845,0.00222684,0.00223185,0.0022357,0.00223336,0.00223675,0.00223963,0.00223887,0.0022417,0.00224161,0.00224318,0.0022413,0.00224358,0.00224237,0.0022414,0.00224362,0.00224267,0.00224408,0.00224605,0.00224818,0.00224575,0.0022459,0.00224753,0.00224677,0.00224899,0.00225051,0.00224742,0.00224934,0.0022492,0.00225086,0.00225203,0.0022492,0.00225055,0.00225329,0.00225314,0.00225106,0.00225359,0.00225329,0.00225258,0.00225389,0.00225532,0.00225507,0.00225247,0.00225501,0.00225374,0.00225314,0.00225592,0.00225446,0.00225435,0.00225127,0.00225253,0.00225547,0.00225349,0.00225532,0.00225323,0.00225334,0.00225541,0.00225247,0.0022534,0.00225729]},"J":{"unit":"A\/cm2","value":[-0.169445,-0.162614,-0.153038,-0.142799,-0.132327,-0.121773,-0.111194,-0.100701,-0.0903213,-0.0800376,-0.0699462,-0.0600673,-0.0504407,-0.0411061,-0.0321509,-0.0236084,-0.0155864,-0.00818123,-0.00146016,0.00437528,0.00938042,0.013453,0.0165614,0.0188636,0.0205284,0.0216664,0.0224343,0.0229642,0.0233211,0.0235459,0.0237492,0.0238539,0.023958,0.0240346,0.0240951,0.0241206,0.024153,0.0241733,0.0242412,0.0242653,0.0242709,0.0242533,0.0243079,0.0243497,0.0243243,0.0243613,0.0243926,0.0243843,0.0244151,0.0244142,0.0244312,0.0244108,0.0244356,0.0244224,0.0244119,0.0244361,0.0244257,0.0244411,0.0244625,0.0244857,0.0244593,0.0244609,0.0244786,0.0244703,0.0244945,0.0245111,0.0244775,0.0244984,0.0244968,0.024515,0.0245276,0.0244968,0.0245115,0.0245414,0.0245398,0.0245171,0.0245447,0.0245414,0.0245336,0.0245479,0.0245635,0.0245607,0.0245325,0.0245601,0.0245463,0.0245398,0.02457,0.0245541,0.0245529,0.0245193,0.0245331,0.0245651,0.0245435,0.0245635,0.0245408,0.0245419,0.0245645,0.0245325,0.0245425,0.0245849]},"pv_cell_parameters":{"voc":{"unit":"V","value":1.19},"isc":{"unit":"mA","value":2.2500000000000004},"jsc":{"unit":"mA\/cm2","value":24.55},"vopt":{"unit":"mV","value":1040},"iopt":{"unit":"mA","value":2.11},"pmax":{"unit":"W","value":0.00219},"fill_factor":{"unit":"%","value":81.39},"efficiency":{"unit":"%","value":23.8},"cell_dimension":{"unit":"cm2","value":0.09182},"irradiance":{"unit":"mW\/cm2","value":100}},"calculations":{"fitted_isc":{"unit":"mA","value":2.2500000000000004},"fitted_voc":{"unit":"V","value":1.18},"rshunt":{"unit":"Kohm","value":159.99},"rseries":{"unit":"ohm","value":28.85}},"measurement_conditions":{"sweep_direction":{"unit":"","value":"Reverse"},"nplc":{"unit":"","value":0.1},"voltage_settling_time":{"unit":"s","value":0.01},"configuration_file":{"unit":"","value":"Configuration for I-V meas.conf"},"sample_id":{"unit":"","value":"20221228 kbs 15-R"},"note":{"unit":"","value":"\uc2dc\ub8cc\uc5d0 \uad00\ud55c \ubd80\uac00\uc801\uc778 \uc124\uba85\uc744 \uc774\uacf3\uc5d0 \uc801\uc73c\uc138\uc694. ^^"}},"key":"Reverse_20221228 kbs 15-R_20221229","sweep_direction":{"unit":"","value":"Reverse"},"jsc":{"unit":"mA\/cm2","value":24.55},"voc":{"unit":"V","value":1.19},"efficiency":{"unit":"%","value":23.8},"fill_factor":{"unit":"%","value":81.39},"cell_dimension":{"unit":"cm2","value":0.09182}},{"V":{"unit":"V","value":[-0.2,-0.18285,-0.16565,-0.1485,-0.1313,-0.11415,-0.09695,-0.0798,-0.06265,-0.04545,-0.0283,-0.0111,0.00605,0.02325,0.0404,0.0576,0.07475,0.0919,0.1091,0.12625,0.14345,0.1606,0.1778,0.19495,0.2121,0.2293,0.24645,0.26365,0.2808,0.298,0.31515,0.3323,0.3495,0.36665,0.38385,0.401,0.4182,0.43535,0.45255,0.4697,0.48685,0.50405,0.5212,0.5384,0.55555,0.57275,0.5899,0.60705,0.62425,0.6414,0.6586,0.67575,0.69295,0.7101,0.72725,0.74445,0.7616,0.7788,0.79595,0.81315,0.8303,0.8475,0.86465,0.8818,0.899,0.91615,0.93335,0.9505,0.9677,0.98485,1.002,1.0192,1.03635,1.05355,1.0707,1.0879,1.10505,1.1222,1.1394,1.15655,1.17375,1.1909,1.2081,1.22525,1.24245,1.2596,1.27675,1.29395,1.3111,1.3283,1.34545,1.36265,1.3798,1.39695,1.41415,1.4313,1.4485,1.46565,1.48285,1.5]},"I":{"unit":"A","value":[0.00227141,0.00226818,0.00226732,0.0022696,0.00226717,0.00226808,0.00226782,0.0022662,0.0022701,0.00226702,0.00226641,0.00226782,0.00226711,0.00226945,0.00226651,0.00226995,0.00226666,0.00226586,0.00227127,0.0022662,0.00226717,0.00226717,0.00226803,0.00226736,0.00226368,0.00226736,0.00226641,0.00226419,0.00226858,0.00226677,0.00226282,0.00226387,0.0022613,0.0022621,0.00226398,0.00226089,0.00226003,0.00226039,0.00225988,0.00226094,0.00225775,0.0022613,0.00225872,0.0022572,0.00225861,0.00225604,0.00225543,0.00225589,0.00225709,0.00225426,0.00225513,0.00225437,0.00225331,0.00225426,0.00225063,0.00225088,0.00225274,0.00224663,0.00224566,0.00224566,0.00224648,0.00224309,0.00223823,0.0022393,0.00223575,0.00222999,0.00222883,0.0022178,0.00221244,0.00220515,0.00218856,0.00216712,0.00213607,0.002091,0.00202768,0.0019298,0.00179173,0.00159876,0.00133115,0.000982866,0.000534177,-5.75185e-6,-0.000639796,-0.00135391,-0.00214221,-0.00299163,-0.00389473,-0.00485033,-0.00584123,-0.00687651,-0.00793872,-0.00902662,-0.010137,-0.0112675,-0.0124258,-0.0135951,-0.0147855,-0.0159892,-0.0172102,-0.018457]},"J":{"unit":"A\/cm2","value":[0.0247388,0.0247035,0.0246941,0.024719,0.0246925,0.0247024,0.0246996,0.024682,0.0247245,0.0246909,0.0246842,0.0246996,0.0246919,0.0247173,0.0246854,0.0247228,0.024687,0.0246782,0.0247371,0.024682,0.0246925,0.0246925,0.0247019,0.0246946,0.0246545,0.0246946,0.0246842,0.02466,0.0247079,0.0246881,0.0246451,0.0246566,0.0246286,0.0246373,0.0246578,0.0246242,0.0246148,0.0246187,0.0246131,0.0246247,0.0245899,0.0246286,0.0246005,0.0245839,0.0245994,0.0245713,0.0245646,0.0245697,0.0245828,0.024552,0.0245614,0.0245531,0.0245416,0.024552,0.0245124,0.0245151,0.0245354,0.0244689,0.0244583,0.0244583,0.0244672,0.0244302,0.0243773,0.024389,0.0243504,0.0242876,0.0242749,0.0241548,0.0240964,0.024017,0.0238364,0.0236029,0.0232646,0.0227739,0.0220841,0.0210182,0.0195144,0.0174127,0.014498,0.0107047,0.00581791,-6.26454e-5,-0.00696824,-0.0147459,-0.0233315,-0.0325829,-0.0424189,-0.0528266,-0.0636188,-0.0748945,-0.0864634,-0.098312,-0.110406,-0.122718,-0.135334,-0.148069,-0.161034,-0.174144,-0.187443,-0.201022]},"pv_cell_parameters":{"voc":{"unit":"V","value":1.19},"isc":{"unit":"mA","value":2.27},"jsc":{"unit":"mA\/cm2","value":24.69},"vopt":{"unit":"mV","value":1040},"iopt":{"unit":"mA","value":2.14},"pmax":{"unit":"W","value":0.00221},"fill_factor":{"unit":"%","value":81.99},"efficiency":{"unit":"%","value":24.11},"cell_dimension":{"unit":"cm2","value":0.09182},"irradiance":{"unit":"mW\/cm2","value":100}},"calculations":{"fitted_isc":{"unit":"mA","value":2.27},"fitted_voc":{"unit":"V","value":1.18},"rshunt":{"unit":"Kohm","value":204.82},"rseries":{"unit":"ohm","value":32.18}},"measurement_conditions":{"sweep_direction":{"unit":"","value":"Forward"},"nplc":{"unit":"","value":0.1},"voltage_settling_time":{"unit":"s","value":0.01},"configuration_file":{"unit":"","value":"Configuration for I-V meas.conf"},"sample_id":{"unit":"","value":"20221228 kbs 16-F"},"note":{"unit":"","value":"\uc2dc\ub8cc\uc5d0 \uad00\ud55c \ubd80\uac00\uc801\uc778 \uc124\uba85\uc744 \uc774\uacf3\uc5d0 \uc801\uc73c\uc138\uc694. ^^"}},"key":"Forward_20221228 kbs 16-F_20221229","sweep_direction":{"unit":"","value":"Forward"},"jsc":{"unit":"mA\/cm2","value":24.69},"voc":{"unit":"V","value":1.19},"efficiency":{"unit":"%","value":24.11},"fill_factor":{"unit":"%","value":81.99},"cell_dimension":{"unit":"cm2","value":0.09182}},{"V":{"unit":"V","value":[-0.2,-0.18285,-0.16565,-0.1485,-0.1313,-0.11415,-0.09695,-0.0798,-0.06265,-0.04545,-0.0283,-0.0111,0.00605,0.02325,0.0404,0.0576,0.07475,0.0919,0.1091,0.12625,0.14345,0.1606,0.1778,0.19495,0.2121,0.2293,0.24645,0.26365,0.2808,0.298,0.31515,0.3323,0.3495,0.36665,0.38385,0.401,0.4182,0.43535,0.45255,0.4697,0.48685,0.50405,0.5212,0.5384,0.55555,0.57275,0.5899,0.60705,0.62425,0.6414,0.6586,0.67575,0.69295,0.7101,0.72725,0.74445,0.7616,0.7788,0.79595,0.81315,0.8303,0.8475,0.86465,0.8818,0.899,0.91615,0.93335,0.9505,0.9677,0.98485,1.002,1.0192,1.03635,1.05355,1.0707,1.0879,1.10505,1.1222,1.1394,1.15655,1.17375,1.1909,1.2081,1.22525,1.24245,1.2596,1.27675,1.29395,1.3111,1.3283,1.34545,1.36265,1.3798,1.39695,1.41415,1.4313,1.4485,1.46565,1.48285,1.5]},"I":{"unit":"A","value":[0.00227129,0.00226472,0.00227155,0.00226912,0.00226593,0.00226806,0.00226578,0.00226912,0.00226603,0.00226735,0.00226933,0.00226694,0.00226861,0.00226523,0.00226715,0.00226891,0.00226513,0.00226842,0.00226694,0.00226523,0.0022665,0.00226715,0.00226781,0.00226462,0.00226574,0.00226568,0.00226224,0.00226432,0.00226204,0.00226198,0.00226325,0.00226133,0.00226153,0.0022631,0.00226073,0.00225961,0.00226082,0.00226224,0.00225931,0.00225698,0.00225921,0.00226098,0.00225689,0.00225814,0.00225784,0.00225516,0.00225708,0.00225663,0.00225279,0.00225025,0.00225288,0.00225066,0.00225015,0.0022492,0.00224626,0.00224894,0.00224586,0.0022414,0.00224322,0.00223959,0.00223731,0.00223266,0.00223038,0.00222824,0.00222214,0.00222062,0.00221172,0.00220271,0.0021981,0.00218314,0.00216457,0.00214197,0.002105,0.00205649,0.00198643,0.00188564,0.00174381,0.00155298,0.00129588,0.000972137,0.000570029,9.83924e-5,-0.000445142,-0.00104397,-0.00169547,-0.00239348,-0.00312813,-0.00389932,-0.0046996,-0.00553063,-0.00638051,-0.00725038,-0.00813785,-0.0090413,-0.00996386,-0.0108994,-0.0118471,-0.0128112,-0.0137894,-0.0147876]},"J":{"unit":"A\/cm2","value":[0.0247375,0.0246659,0.0247402,0.0247138,0.024679,0.0247022,0.0246774,0.0247138,0.0246802,0.0246945,0.024716,0.0246901,0.0247082,0.0246714,0.0246923,0.0247115,0.0246703,0.0247061,0.0246901,0.0246714,0.0246852,0.0246923,0.0246995,0.0246648,0.0246769,0.0246763,0.0246388,0.0246615,0.0246367,0.024636,0.0246498,0.0246289,0.0246312,0.0246482,0.0246224,0.0246102,0.0246234,0.0246388,0.024607,0.0245815,0.0246058,0.0246252,0.0245805,0.0245942,0.0245909,0.0245617,0.0245826,0.0245778,0.0245359,0.0245083,0.0245369,0.0245127,0.0245072,0.0244968,0.0244648,0.024494,0.0244604,0.0244119,0.0244317,0.0243921,0.0243673,0.0243166,0.0242918,0.0242686,0.0242021,0.0241855,0.0240886,0.0239904,0.0239403,0.0237773,0.0235751,0.0233289,0.0229263,0.022398,0.0216349,0.0205371,0.0189924,0.0169141,0.0141139,0.0105879,0.00620838,0.00107163,-0.0048482,-0.0113703,-0.0184659,-0.0260683,-0.0340695,-0.0424689,-0.051185,-0.060236,-0.0694924,-0.0789664,-0.0886322,-0.098472,-0.10852,-0.118709,-0.129031,-0.139531,-0.150185,-0.161057]},"pv_cell_parameters":{"voc":{"unit":"V","value":1.19},"isc":{"unit":"mA","value":2.27},"jsc":{"unit":"mA\/cm2","value":24.710000000000004},"vopt":{"unit":"mV","value":1020},"iopt":{"unit":"mA","value":2.14},"pmax":{"unit":"W","value":0.00218},"fill_factor":{"unit":"%","value":80.8},"efficiency":{"unit":"%","value":23.78},"cell_dimension":{"unit":"cm2","value":0.09182},"irradiance":{"unit":"mW\/cm2","value":100}},"calculations":{"fitted_isc":{"unit":"mA","value":2.27},"fitted_voc":{"unit":"V","value":1.18},"rshunt":{"unit":"Kohm","value":171.72},"rseries":{"unit":"ohm","value":37.09}},"measurement_conditions":{"sweep_direction":{"unit":"","value":"Forward"},"nplc":{"unit":"","value":0.1},"voltage_settling_time":{"unit":"s","value":0.01},"configuration_file":{"unit":"","value":"Configuration for I-V meas.conf"},"sample_id":{"unit":"","value":"20221228 kbs 15-F"},"note":{"unit":"","value":"\uc2dc\ub8cc\uc5d0 \uad00\ud55c \ubd80\uac00\uc801\uc778 \uc124\uba85\uc744 \uc774\uacf3\uc5d0 \uc801\uc73c\uc138\uc694. ^^"}},"key":"Forward_20221228 kbs 15-F_20221229","sweep_direction":{"unit":"","value":"Forward"},"jsc":{"unit":"mA\/cm2","value":24.710000000000004},"voc":{"unit":"V","value":1.19},"efficiency":{"unit":"%","value":23.78},"fill_factor":{"unit":"%","value":80.8},"cell_dimension":{"unit":"cm2","value":0.09182}}]}}