{"_id":"62d687218e518a3897178dc9","id":"KRICT-SC-00540","author":43,"input":[{"tco":{"unit":"","value":"ITO"}},{"htl":[{"material":{"unit":"","value":"BPBPA-MOO3"},"concentration":{"unit":"mg\/ml","value":""},"conc_unit":{"unit":"","value":"mg\/ml"},"quantity":{"unit":"ml","value":null}}],"htl_doping":[{"material":{"unit":"","value":"none"},"volume":{"unit":"ul","value":0}},{"material":{"unit":"","value":"none"},"volume":{"unit":"ul","value":0}},{"material":{"unit":"","value":"none"},"volume":{"unit":"ul","value":0}}],"spin_coating":[{"type":{"unit":"","value":null},"rpm":{"unit":"","value":500},"time":{"unit":"","value":null}}]},{"htl_treatment":[{"material":{"value":"none","unit":""},"concentration":{"value":0,"unit":"mg\/ml"},"conc_unit":{"unit":"","value":"mg\/ml"},"quantity":{"unit":"ml","value":null}}],"annealing":[{"temperature":{"value":0,"unit":"oC"},"time":{"value":0,"unit":"time"}}],"spin_coating":[{"type":{"unit":"","value":null},"rpm":{"value":0,"unit":""},"time":{"unit":"","value":null}}]},{"perovskite":{"method":{"unit":"","value":"1step"},"molarity":{"unit":"M","value":1.5},"a_site":[{"material":{"unit":"","value":"FA"},"ratio":{"unit":"%","value":80}},{"material":{"unit":"","value":"Cs"},"ratio":{"unit":"%","value":5}},{"material":{"unit":"","value":"MA"},"ratio":{"unit":"%","value":15}}],"b_site":[{"material":{"unit":"","value":"Pb"},"ratio":{"unit":"%","value":100}},{"material":{"unit":"","value":"Sn"},"ratio":{"unit":"%","value":0}}],"x_site":[{"material":{"unit":"","value":"I"},"ratio":{"unit":"%","value":78}},{"material":{"unit":"","value":"Br"},"ratio":{"unit":"%","value":22}},{"material":{"unit":"","value":"Cl"},"ratio":{"unit":"%","value":0}}],"solvent":[{"material":{"unit":"","value":"DMF"},"volume":{"unit":"ml","value":0.8}},{"material":{"unit":"","value":"DMSO"},"volume":{"unit":"ml","value":0.2}},{"material":{"unit":"","value":"none"},"volume":{"unit":"ml","value":0}}],"antisolvent":[{"material":{"unit":"","value":"DEE"},"quantity":{"unit":"ul","value":1000},"dripping_time":{"unit":"s","value":null}}],"annealing":[{"temperature":{"unit":"oC","value":100},"time":{"unit":"min","value":60}},{"temperature":{"unit":"oC","value":0},"time":{"unit":"min","value":0}}],"spin_coating":[{"type":{"unit":"","value":null},"rpm":{"unit":"","value":5000},"time":{"unit":"","value":null}}],"additive":[{"material":{"unit":"","value":"MACl"},"quantity":{"unit":"mol%","value":10}},{"material":{"unit":"","value":"none"},"quantity":{"unit":"mol%","value":0}},{"material":{"unit":"","value":"none"},"quantity":{"unit":"mol%","value":0}}]}},{"perovskite_treatment":[{"material":{"unit":"","value":"none"},"concentration":{"unit":"mg\/ml","value":0},"conc_unit":{"unit":"","value":"mg\/ml"},"quantity":{"unit":"ml","value":null}}],"annealing":[{"temperature":{"unit":"oC","value":0},"time":{"unit":"min","value":0}}],"spin_coating":[{"type":{"unit":"","value":null},"rpm":{"unit":"","value":0},"time":{"unit":"","value":null}}]},{"etl":[{"material":{"unit":"","value":"C60"},"concentration":{"unit":"","value":""},"conc_unit":{"unit":"","value":"mg\/ml"},"quantity":{"unit":"ml","value":null}}],"annealing":[{"temperature":{"unit":"oC","value":0},"time":{"unit":"min","value":0}}],"spin_coating":[{"type":{"unit":"","value":null},"rpm":{"unit":"","value":0},"time":{"unit":"","value":null}}]},{"etl_treatment":[{"material":{"unit":"","value":"NONE"},"concentration":{"unit":"mg\/ml","value":""},"conc_unit":{"unit":"","value":"mg\/ml"},"quantity":{"unit":"ml","value":null}}],"annealing":[{"temperature":{"unit":"oC","value":0},"time":{"unit":"min","value":0}}],"spin_coating":[{"type":{"unit":"","value":null},"rpm":{"unit":"","value":0},"time":{"unit":"","value":null}}]},{"surface_treatment":{"unit":"","value":"none"}},{"annealing":[{"temperature":{"unit":"oC","value":0},"time":{"unit":"min","value":0}}],"blocking_buffer_layer":[{"material":{"unit":"","value":"BCP"},"concentration":{"unit":"","value":""},"conc_unit":{"unit":"","value":"mg\/ml"},"quantity":{"unit":"ml","value":null}}]},{"surface_treatment":{"unit":"","value":"none"}},{"anode_metal":{"unit":"","value":"Ag"}},{"note":{"unit":"","value":"BPBPA-MoO_15 nm"},"ar":{"unit":"","value":0},"type":{"unit":"","value":"p-i-n"}}],"fileinfo":[{"key":"220719_sample-15_moo3_KBS 15 nm_64 Triple_c60_bcp_ag-1_20220719","uploadType":"JV","original_name":"220719_sample-15_moo3_KBS 15 nm_64 Triple_c60_bcp_ag-1_20220719-184456.txt","save_name":"KRICT-SC-00540\/220719_sample-15_moo3_KBS 15 nm_64 Triple_c60_bcp_ag-1_20220719","uploader":43},{"key":"220719_sample-15_moo3_KBS 15 nm_64 Triple_c60_bcp_ag-2_20220719","uploadType":"JV","original_name":"220719_sample-15_moo3_KBS 15 nm_64 Triple_c60_bcp_ag-2_20220719-184500.txt","save_name":"KRICT-SC-00540\/220719_sample-15_moo3_KBS 15 nm_64 Triple_c60_bcp_ag-2_20220719","uploader":43},{"key":"220719_sample-15_moo3_KBS 15 nm_64 Triple_c60_bcp_ag-3_20220719","uploadType":"JV","original_name":"220719_sample-15_moo3_KBS 15 nm_64 Triple_c60_bcp_ag-3_20220719-184504.txt","save_name":"KRICT-SC-00540\/220719_sample-15_moo3_KBS 15 nm_64 Triple_c60_bcp_ag-3_20220719","uploader":43},{"key":"220719_sample-15_moo3_KBS 15 nm_64 Triple_c60_bcp_ag-4_20220719","uploadType":"JV","original_name":"220719_sample-15_moo3_KBS 15 nm_64 Triple_c60_bcp_ag-4_20220719-184510.txt","save_name":"KRICT-SC-00540\/220719_sample-15_moo3_KBS 15 nm_64 Triple_c60_bcp_ag-4_20220719","uploader":43},{"key":"220719_sample-15_moo3_KBS 15 nm_64 Triple_c60_bcp_ag_20220719","uploadType":"JV","original_name":"220719_sample-15_moo3_KBS 15 nm_64 Triple_c60_bcp_ag_20220719-184440.txt","save_name":"KRICT-SC-00540\/220719_sample-15_moo3_KBS 15 nm_64 Triple_c60_bcp_ag_20220719","uploader":43},{"key":"InputFile","uploadType":"InputFile","original_name":"input.xlsx","save_name":"KRICT-SC-00540\/InputFile","uploader":43}],"updated_at":"2024-10-25 07:08:02","created_at":"2022-07-19 10:27:45","group":2,"analysis_old":{"JV":[{"V":{"unit":"V","value":[-0.2,-0.18995,-0.1799,-0.1698,-0.15975,-0.1497,-0.13965,-0.1296,-0.11955,-0.10945,-0.0994,-0.08935,-0.0793,-0.06925,-0.05915,-0.0491,-0.03905,-0.029,-0.01895,-0.0089,0.0012,0.01125,0.0213,0.03135,0.0414,0.0515,0.06155,0.0716,0.08165,0.0917,0.1018,0.11185,0.1219,0.13195,0.142,0.15205,0.16215,0.1722,0.18225,0.1923,0.20235,0.21245,0.2225,0.23255,0.2426,0.25265,0.2627,0.2728,0.28285,0.2929,0.30295,0.313,0.3231,0.33315,0.3432,0.35325,0.3633,0.37335,0.38345,0.3935,0.40355,0.4136,0.42365,0.43375,0.4438,0.45385,0.4639,0.47395,0.484,0.4941,0.50415,0.5142,0.52425,0.5343,0.5444,0.55445,0.5645,0.57455,0.5846,0.59465,0.60475,0.6148,0.62485,0.6349,0.64495,0.65505,0.6651,0.67515,0.6852,0.69525,0.70535,0.7154,0.72545,0.7355,0.74555,0.7556,0.7657,0.77575,0.7858,0.79585,0.8059,0.816,0.82605,0.8361,0.84615,0.8562,0.86625,0.87635,0.8864,0.89645,0.9065,0.91655,0.92665,0.9367,0.94675,0.9568,0.96685,0.9769,0.987,0.99705,1.0071,1.01715,1.0272,1.0373,1.04735,1.0574,1.06745,1.0775,1.08755,1.09765,1.1077,1.11775,1.1278,1.13785,1.14795,1.158,1.16805,1.1781,1.18815,1.1982,1.2083,1.21835,1.2284,1.23845,1.2485,1.2586,1.26865,1.2787,1.28875,1.2988,1.30885,1.31895,1.329,1.33905,1.3491,1.35915,1.36925,1.3793,1.38935,1.3994,1.40945,1.41955,1.4296,1.43965,1.4497,1.45975,1.4698,1.4799,1.48995,1.5]},"I":{"unit":"A","value":[0.00118113,0.000982064,0.000916959,0.000869471,0.000834388,0.000809275,0.000789835,0.000775254,0.00076265,0.000752018,0.000741235,0.00073278,0.00072554,0.000719768,0.000712327,0.000707618,0.000703518,0.000698202,0.000695872,0.000690556,0.000685747,0.000682711,0.000676989,0.000674306,0.000670712,0.000665852,0.000662764,0.000661244,0.000658561,0.000653396,0.000650511,0.000647473,0.00064236,0.000640842,0.0006374,0.000632691,0.000632285,0.000629907,0.000625097,0.000621959,0.000618718,0.000614415,0.000611984,0.000609049,0.00060434,0.000602569,0.000600695,0.000596595,0.000592594,0.000588494,0.000585406,0.000581254,0.000577406,0.000572446,0.000571382,0.000568091,0.000563636,0.000558929,0.00055346,0.000549511,0.000545208,0.000539742,0.000533665,0.000531438,0.00052759,0.000521212,0.000514124,0.000506834,0.000500404,0.000493518,0.00048476,0.000475041,0.000469926,0.00046208,0.000449828,0.000437425,0.000424008,0.000408973,0.000393379,0.000374748,0.000352523,0.000334046,0.000312883,0.000283216,0.000248942,0.000211478,0.000168799,0.000121464,6.80536e-5,1.83377e-6,-5.54696e-5,-0.000122037,-0.00020698,-0.000302756,-0.000407138,-0.000521442,-0.000648604,-0.000784928,-0.0009414,-0.00108152,-0.00123516,-0.00142377,-0.00162677,-0.00184398,-0.00207593,-0.00232211,-0.00258539,-0.00287737,-0.00313646,-0.00340723,-0.00372994,-0.00407078,-0.00441936,-0.004785,-0.00515773,-0.00555101,-0.00597481,-0.00632896,-0.00668448,-0.00709639,-0.00751472,-0.00794602,-0.00838395,-0.00883003,-0.00928218,-0.00977554,-0.0100014,-0.0100014,-0.0100017,-0.0100013,-0.0100016,-0.0100013,-0.0100014,-0.0100014,-0.0100013,-0.0100016,-0.0100014,-0.0100015,-0.0100012,-0.0100014,-0.0100015,-0.0100013,-0.0100013,-0.0100014,-0.0100017,-0.0100014,-0.0100014,-0.0100014,-0.0100016,-0.0100014,-0.0100013,-0.0100014,-0.0100015,-0.0100013,-0.0100015,-0.0100015,-0.0100016,-0.0100014,-0.0100013,-0.0100013,-0.0100013,-0.0100014,-0.0100015,-0.0100014,-0.0100014,-0.0100016,-0.0100013,-0.0100015,-0.0100016,-0.0100014]},"J":{"unit":"A\/cm2","value":[0.0128383,0.0106746,0.00996694,0.00945077,0.00906943,0.00879647,0.00858516,0.00842668,0.00828967,0.00817411,0.0080569,0.007965,0.00788631,0.00782357,0.00774268,0.0076915,0.00764694,0.00758916,0.00756383,0.00750604,0.00745377,0.00742077,0.00735857,0.00732942,0.00729034,0.00723752,0.00720395,0.00718743,0.00715828,0.00710213,0.00707077,0.00703775,0.00698218,0.00696568,0.00692826,0.00687708,0.00687266,0.00684681,0.00679453,0.00676042,0.00672519,0.00667842,0.006652,0.00662009,0.00656891,0.00654966,0.00652929,0.00648473,0.00644124,0.00639668,0.00636311,0.00631798,0.00627615,0.00622224,0.00621068,0.0061749,0.00612647,0.00607531,0.00601587,0.00597295,0.00592618,0.00586676,0.00580071,0.0057765,0.00573467,0.00566535,0.00558831,0.00550907,0.00543918,0.00536433,0.00526913,0.00516348,0.00510789,0.00502261,0.00488943,0.00475461,0.00460878,0.00444535,0.00427585,0.00407335,0.00383177,0.00363093,0.0034009,0.00307844,0.00270589,0.00229868,0.00183478,0.00132026,0.000739713,1.99323e-5,-0.00060293,-0.00132649,-0.00224978,-0.00329083,-0.00442541,-0.00566785,-0.00705004,-0.00853183,-0.0102326,-0.0117557,-0.0134256,-0.0154758,-0.0176822,-0.0200433,-0.0225645,-0.0252403,-0.0281021,-0.0312758,-0.0340919,-0.0370351,-0.0405429,-0.0442476,-0.0480365,-0.0520109,-0.0560623,-0.0603371,-0.0649436,-0.0687931,-0.0726574,-0.0771346,-0.0816818,-0.0863698,-0.0911299,-0.0959786,-0.100893,-0.106256,-0.10871,-0.10871,-0.108714,-0.108709,-0.108713,-0.10871,-0.10871,-0.108711,-0.10871,-0.108713,-0.108711,-0.108712,-0.108709,-0.10871,-0.108712,-0.10871,-0.108709,-0.10871,-0.108714,-0.10871,-0.108711,-0.108711,-0.108713,-0.10871,-0.108709,-0.10871,-0.108712,-0.10871,-0.108712,-0.108712,-0.108713,-0.10871,-0.10871,-0.10871,-0.108709,-0.10871,-0.108712,-0.108711,-0.10871,-0.108713,-0.10871,-0.108712,-0.108713,-0.10871]},"pv_cell_parameters":{"voc":{"unit":"V","value":0.69525},"isc":{"unit":"mA","value":0.68575},"jsc":{"unit":"mA\/cm2","value":7.45},"vopt":{"unit":"mV","value":534.3},"iopt":{"unit":"mA","value":0.46208},"pmax":{"unit":"W","value":0.00024689},"fill_factor":{"unit":"%","value":51.78},"efficiency":{"unit":"%","value":2.68},"cell_dimension":{"unit":"cm2","value":0.092},"irradiance":{"unit":"mW\/cm2","value":100}},"calculations":{"fitted_isc":{"unit":"mA","value":0.6854199999999999},"fitted_voc":{"unit":"V","value":0.69247},"rshunt":{"unit":"Kohm","value":2.87},"rseries":{"unit":"ohm","value":166.9}},"measurement_conditions":{"sweep_direction":{"unit":"","value":"Forward"},"nplc":{"unit":"","value":0.01},"voltage_settling_time":{"unit":"s","value":0.01},"configuration_file":{"unit":"","value":"Configuration for I-V meas_R.conf"},"sample_id":{"unit":"","value":"220719_sample-15_moo3_KBS 15 nm_64 Triple_c60_bcp_ag"},"note":{"unit":"","value":"\uc2dc\ub8cc\uc5d0 \uad00\ud55c \ubd80\uac00\uc801\uc778 \uc124\uba85\uc744 \uc774\uacf3\uc5d0 \uc801\uc73c\uc138\uc694. ^^"}},"key":"220719_sample-15_moo3_KBS 15 nm_64 Triple_c60_bcp_ag_20220719"},{"V":{"unit":"V","value":[1.5,1.48995,1.4799,1.4698,1.45975,1.4497,1.43965,1.4296,1.41955,1.40945,1.3994,1.38935,1.3793,1.36925,1.35915,1.3491,1.33905,1.329,1.31895,1.3089,1.2988,1.28875,1.2787,1.26865,1.2586,1.2485,1.23845,1.2284,1.21835,1.2083,1.19825,1.18815,1.1781,1.16805,1.158,1.14795,1.13785,1.1278,1.11775,1.1077,1.09765,1.0876,1.0775,1.06745,1.0574,1.04735,1.0373,1.0272,1.01715,1.0071,0.99705,0.987,0.97695,0.96685,0.9568,0.94675,0.9367,0.92665,0.91655,0.9065,0.89645,0.8864,0.87635,0.86625,0.8562,0.84615,0.8361,0.82605,0.816,0.8059,0.79585,0.7858,0.77575,0.7657,0.7556,0.74555,0.7355,0.72545,0.7154,0.70535,0.69525,0.6852,0.67515,0.6651,0.65505,0.64495,0.6349,0.62485,0.6148,0.60475,0.5947,0.5846,0.57455,0.5645,0.55445,0.5444,0.5343,0.52425,0.5142,0.50415,0.4941,0.48405,0.47395,0.4639,0.45385,0.4438,0.43375,0.42365,0.4136,0.40355,0.3935,0.38345,0.3734,0.3633,0.35325,0.3432,0.33315,0.3231,0.313,0.30295,0.2929,0.28285,0.2728,0.2627,0.25265,0.2426,0.23255,0.2225,0.21245,0.20235,0.1923,0.18225,0.1722,0.16215,0.15205,0.142,0.13195,0.1219,0.11185,0.1018,0.0917,0.08165,0.0716,0.06155,0.0515,0.0414,0.03135,0.0213,0.01125,0.0012,-0.00885,-0.01895,-0.029,-0.03905,-0.0491,-0.05915,-0.06925,-0.0793,-0.08935,-0.0994,-0.10945,-0.1195,-0.1296,-0.13965,-0.1497,-0.15975,-0.1698,-0.1799,-0.18995,-0.2]},"I":{"unit":"A","value":[-0.010001,-0.0100008,-0.0100011,-0.010001,-0.0100011,-0.0100009,-0.0100011,-0.0100008,-0.010001,-0.010001,-0.0100009,-0.010001,-0.0100011,-0.0100009,-0.010001,-0.0100009,-0.010001,-0.0100009,-0.010001,-0.0100011,-0.010001,-0.0100012,-0.010001,-0.0100009,-0.0100012,-0.010001,-0.0100011,-0.010001,-0.010001,-0.0100011,-0.0100009,-0.010001,-0.010001,-0.010001,-0.00929301,-0.00831878,-0.00746933,-0.00667353,-0.00597573,-0.00530623,-0.00468568,-0.00411125,-0.00358318,-0.00310188,-0.00267121,-0.00228356,-0.00194248,-0.00164423,-0.00138961,-0.00117052,-0.000975993,-0.000820944,-0.000681435,-0.000580651,-0.000491559,-0.000404999,-0.000329424,-0.000262909,-0.000204139,-0.00015195,-0.000101583,-5.07599e-5,-1.76551e-5,1.74772e-5,6.17234e-5,0.000103286,0.000144293,0.000183224,0.000221142,0.000260274,0.000301938,0.000328415,0.000358385,0.000395088,0.000429918,0.000461963,0.000490668,0.000520031,0.000546557,0.000574249,0.000586702,0.000598448,0.00061966,0.000636266,0.000647453,0.000660059,0.000668817,0.000678739,0.000689016,0.000686181,0.000688712,0.000693318,0.000698938,0.000702837,0.000707139,0.000711291,0.000712912,0.000720202,0.000717062,0.000716961,0.000720556,0.000723594,0.000726429,0.000730478,0.00073301,0.000737009,0.00073883,0.000739793,0.000738679,0.000742172,0.000744753,0.000748652,0.000751183,0.000753765,0.000757663,0.000761765,0.000760145,0.000760245,0.000765561,0.000769409,0.000769914,0.000773306,0.000776344,0.000778622,0.000783228,0.00078247,0.000782167,0.000786063,0.000789811,0.000793708,0.000796442,0.000798923,0.000802669,0.000805554,0.000805301,0.000806567,0.000809806,0.000813452,0.000814768,0.00081892,0.000820895,0.000822666,0.000828336,0.000826514,0.000828994,0.000833246,0.000835677,0.000838512,0.000841093,0.000843524,0.000845498,0.000849144,0.00084803,0.000849952,0.000852636,0.000853851,0.000858103,0.00086023,0.000862305,0.000863166,0.000867975,0.000865293,0.000869545,0.00087167,0.000874658,0.000885694,0.000886655,0.000890707,0.000890655,0.000895516]},"J":{"unit":"A\/cm2","value":[-0.108706,-0.108704,-0.108708,-0.108706,-0.108708,-0.108705,-0.108708,-0.108705,-0.108706,-0.108706,-0.108706,-0.108706,-0.108708,-0.108705,-0.108706,-0.108705,-0.108706,-0.108705,-0.108706,-0.108708,-0.108707,-0.108709,-0.108707,-0.108706,-0.108709,-0.108706,-0.108708,-0.108707,-0.108707,-0.108708,-0.108706,-0.108706,-0.108707,-0.108707,-0.101011,-0.0904216,-0.0811883,-0.0725384,-0.0649536,-0.0576764,-0.0509313,-0.0446874,-0.0389476,-0.0337161,-0.0290349,-0.0248213,-0.0211139,-0.017872,-0.0151045,-0.0127231,-0.0106086,-0.00892331,-0.0074069,-0.00631142,-0.00534304,-0.00440216,-0.00358069,-0.0028577,-0.0022189,-0.00165163,-0.00110416,-0.000551738,-0.000191903,0.00018997,0.000670907,0.00112268,0.0015684,0.00199156,0.00240371,0.00282906,0.00328193,0.00356973,0.00389549,0.00429444,0.00467302,0.00502134,0.00533335,0.00565251,0.00594084,0.00624183,0.0063772,0.00650487,0.00673544,0.00691593,0.00703753,0.00717455,0.00726975,0.0073776,0.0074893,0.00745849,0.007486,0.00753607,0.00759715,0.00763953,0.0076863,0.00773143,0.00774904,0.00782828,0.00779415,0.00779305,0.00783213,0.00786515,0.00789597,0.00793998,0.00796749,0.00801096,0.00803076,0.00804123,0.00802912,0.00806709,0.00809515,0.00813752,0.00816504,0.0081931,0.00823547,0.00828006,0.00826244,0.00826353,0.00832132,0.00836315,0.00836863,0.0084055,0.00843852,0.00846328,0.00851335,0.00850511,0.00850181,0.00854417,0.0085849,0.00862726,0.00865698,0.00868395,0.00872466,0.00875602,0.00875327,0.00876704,0.00880224,0.00884187,0.00885618,0.00890131,0.00892277,0.00894202,0.00900365,0.00898385,0.0090108,0.00905702,0.00908344,0.00911426,0.00914232,0.00916874,0.0091902,0.00922982,0.00921771,0.00923861,0.00926778,0.00928098,0.00932721,0.00935033,0.00937288,0.00938223,0.00943451,0.00940536,0.00945158,0.00947468,0.00950715,0.00962711,0.00963756,0.00968159,0.00968103,0.00973387]},"pv_cell_parameters":{"voc":{"unit":"V","value":0.86625},"isc":{"unit":"mA","value":0.8435199999999999},"jsc":{"unit":"mA\/cm2","value":9.17},"vopt":{"unit":"mV","value":644.95},"iopt":{"unit":"mA","value":0.66006},"pmax":{"unit":"W","value":0.00042570999999999993},"fill_factor":{"unit":"%","value":58.26},"efficiency":{"unit":"%","value":4.63},"cell_dimension":{"unit":"cm2","value":0.092},"irradiance":{"unit":"mW\/cm2","value":100}},"calculations":{"fitted_isc":{"unit":"mA","value":0.8433799999999999},"fitted_voc":{"unit":"V","value":0.87092},"rshunt":{"unit":"Kohm","value":4.92},"rseries":{"unit":"ohm","value":238.54}},"measurement_conditions":{"sweep_direction":{"unit":"","value":"Reverse"},"nplc":{"unit":"","value":0.01},"voltage_settling_time":{"unit":"s","value":0.01},"configuration_file":{"unit":"","value":"Configuration for I-V meas_R.conf"},"sample_id":{"unit":"","value":"220719_sample-15_moo3_KBS 15 nm_64 Triple_c60_bcp_ag-4"},"note":{"unit":"","value":"\uc2dc\ub8cc\uc5d0 \uad00\ud55c \ubd80\uac00\uc801\uc778 \uc124\uba85\uc744 \uc774\uacf3\uc5d0 \uc801\uc73c\uc138\uc694. ^^"}},"key":"220719_sample-15_moo3_KBS 15 nm_64 Triple_c60_bcp_ag-4_20220719"},{"V":{"unit":"V","value":[1.5,1.48995,1.4799,1.4698,1.45975,1.4497,1.43965,1.4296,1.41955,1.40945,1.3994,1.38935,1.3793,1.36925,1.35915,1.3491,1.33905,1.329,1.31895,1.3089,1.2988,1.28875,1.2787,1.26865,1.2586,1.2485,1.23845,1.2284,1.21835,1.2083,1.19825,1.18815,1.1781,1.16805,1.158,1.14795,1.13785,1.1278,1.11775,1.1077,1.09765,1.0876,1.0775,1.06745,1.0574,1.04735,1.0373,1.0272,1.01715,1.0071,0.99705,0.987,0.97695,0.96685,0.9568,0.94675,0.9367,0.92665,0.91655,0.9065,0.89645,0.8864,0.87635,0.86625,0.8562,0.84615,0.8361,0.82605,0.816,0.8059,0.79585,0.7858,0.77575,0.7657,0.7556,0.74555,0.7355,0.72545,0.7154,0.70535,0.69525,0.6852,0.67515,0.6651,0.65505,0.64495,0.6349,0.62485,0.6148,0.60475,0.5947,0.5846,0.57455,0.5645,0.55445,0.5444,0.5343,0.52425,0.5142,0.50415,0.4941,0.48405,0.47395,0.4639,0.45385,0.4438,0.43375,0.42365,0.4136,0.40355,0.3935,0.38345,0.3734,0.3633,0.35325,0.3432,0.33315,0.3231,0.313,0.30295,0.2929,0.28285,0.2728,0.2627,0.25265,0.2426,0.23255,0.2225,0.21245,0.20235,0.1923,0.18225,0.1722,0.16215,0.15205,0.142,0.13195,0.1219,0.11185,0.1018,0.0917,0.08165,0.0716,0.06155,0.0515,0.0414,0.03135,0.0213,0.01125,0.0012,-0.00885,-0.01895,-0.029,-0.03905,-0.0491,-0.05915,-0.06925,-0.0793,-0.08935,-0.0994,-0.10945,-0.1195,-0.1296,-0.13965,-0.1497,-0.15975,-0.1698,-0.1799,-0.18995,-0.2]},"I":{"unit":"A","value":[-0.0100011,-0.0100011,-0.010001,-0.010001,-0.0100011,-0.010001,-0.010001,-0.0100009,-0.0100011,-0.0100011,-0.010001,-0.0100009,-0.010001,-0.010001,-0.0100012,-0.0100009,-0.0100009,-0.010001,-0.0100009,-0.010001,-0.010001,-0.00957717,-0.00872427,-0.00792138,-0.00716562,-0.00646311,-0.00577386,-0.00515902,-0.00459587,-0.00408541,-0.00362001,-0.00319809,-0.00281712,-0.0024735,-0.00217328,-0.00189917,-0.00165153,-0.00143472,-0.00124399,-0.00107441,-0.000924267,-0.000792047,-0.000671165,-0.00056876,-0.00047653,-0.000391183,-0.000313633,-0.000243473,-0.000179084,-0.000120566,-6.49849e-5,-1.22385e-5,2.99821e-5,7.20015e-5,0.000116045,0.000158418,0.000198059,0.000236938,0.000275262,0.000310952,0.000349732,0.000377931,0.000406887,0.000440655,0.00047341,0.000504594,0.000532286,0.000562713,0.000589645,0.00061764,0.000633284,0.000650598,0.000672266,0.000689933,0.000706438,0.000719346,0.000732459,0.000742482,0.000754431,0.000753924,0.000754431,0.000763087,0.000766581,0.00076972,0.00077468,0.000776958,0.000779845,0.000783388,0.000779085,0.000776857,0.000779592,0.000782933,0.000782628,0.000783995,0.000786019,0.000786526,0.000789968,0.000786223,0.000782173,0.000785211,0.000787236,0.000786172,0.000788299,0.000788653,0.000789361,0.000791235,0.000787994,0.000787286,0.00078845,0.000788147,0.000789767,0.000791235,0.000790931,0.000793057,0.000793513,0.000790374,0.000790678,0.000791995,0.000793109,0.000792248,0.000795234,0.000795588,0.000795284,0.000798726,0.000795841,0.000795335,0.000796855,0.000798779,0.000798119,0.000801006,0.000801614,0.000801461,0.000804145,0.000803132,0.000802321,0.000803335,0.000804549,0.000806726,0.000806473,0.000808194,0.000810726,0.000810472,0.000809459,0.000809712,0.000810929,0.000812346,0.000814674,0.000815535,0.000815282,0.000817863,0.000817966,0.000817966,0.000817206,0.000820344,0.000820851,0.000821509,0.00082323,0.000822369,0.000825103,0.000826471,0.000826217,0.00082566,0.000826724,0.000830064,0.00083062,0.000831127,0.000832191,0.000834823,0.000835936,0.000835279]},"J":{"unit":"A\/cm2","value":[-0.108707,-0.108708,-0.108706,-0.108706,-0.108707,-0.108706,-0.108707,-0.108705,-0.108707,-0.108707,-0.108706,-0.108706,-0.108706,-0.108706,-0.108709,-0.108706,-0.108706,-0.108706,-0.108706,-0.108706,-0.108706,-0.1041,-0.094829,-0.0861019,-0.0778871,-0.0702511,-0.0627593,-0.0560763,-0.0499551,-0.0444067,-0.0393479,-0.0347618,-0.0306208,-0.0268859,-0.0236226,-0.0206431,-0.0179514,-0.0155948,-0.0135216,-0.0116783,-0.0100464,-0.00860921,-0.00729527,-0.00618217,-0.00517967,-0.00425199,-0.00340906,-0.00264644,-0.00194657,-0.0013105,-0.000706358,-0.000133027,0.000325892,0.000782625,0.00126136,0.00172193,0.00215281,0.00257541,0.00299197,0.00337991,0.00380144,0.00410794,0.00442269,0.00478973,0.00514576,0.00548472,0.00578572,0.00611644,0.00640918,0.00671348,0.00688353,0.00707171,0.00730724,0.00749927,0.00767867,0.00781898,0.00796151,0.00807046,0.00820034,0.00819483,0.00820034,0.00829442,0.0083324,0.00836652,0.00842043,0.00844519,0.00847657,0.00851508,0.00846831,0.0084441,0.00847382,0.00851014,0.00850682,0.00852168,0.00854369,0.0085492,0.00858661,0.0085459,0.00850188,0.0085349,0.00855691,0.00854535,0.00856847,0.00857232,0.00858001,0.00860038,0.00856515,0.00855746,0.00857011,0.00856681,0.00858442,0.00860038,0.00859708,0.00862018,0.00862514,0.00859103,0.00859433,0.00860864,0.00862075,0.00861139,0.00864385,0.00864769,0.00864439,0.00868181,0.00865045,0.00864494,0.00866146,0.00868238,0.00867521,0.00870659,0.00871319,0.00871153,0.00874071,0.00872969,0.00872088,0.0087319,0.0087451,0.00876877,0.00876601,0.00878472,0.00881223,0.00880948,0.00879847,0.00880122,0.00881444,0.00882985,0.00885516,0.00886451,0.00886176,0.00888982,0.00889093,0.00889093,0.00888267,0.00891679,0.00892229,0.00892944,0.00894815,0.00893879,0.00896852,0.00898338,0.00898062,0.00897457,0.00898613,0.00902243,0.00902848,0.00903399,0.00904555,0.00907416,0.00908627,0.00907912]},"pv_cell_parameters":{"voc":{"unit":"V","value":0.987},"isc":{"unit":"mA","value":0.81786},"jsc":{"unit":"mA\/cm2","value":8.89},"vopt":{"unit":"mV","value":715.4000000000001},"iopt":{"unit":"mA","value":0.7544299999999999},"pmax":{"unit":"W","value":0.00053972},"fill_factor":{"unit":"%","value":66.86},"efficiency":{"unit":"%","value":5.87},"cell_dimension":{"unit":"cm2","value":0.092},"irradiance":{"unit":"mW\/cm2","value":100}},"calculations":{"fitted_isc":{"unit":"mA","value":0.81684},"fitted_voc":{"unit":"V","value":0.98116},"rshunt":{"unit":"Kohm","value":12.23},"rseries":{"unit":"ohm","value":194.7}},"measurement_conditions":{"sweep_direction":{"unit":"","value":"Reverse"},"nplc":{"unit":"","value":0.01},"voltage_settling_time":{"unit":"s","value":0.01},"configuration_file":{"unit":"","value":"Configuration for I-V meas_R.conf"},"sample_id":{"unit":"","value":"220719_sample-15_moo3_KBS 15 nm_64 Triple_c60_bcp_ag-3"},"note":{"unit":"","value":"\uc2dc\ub8cc\uc5d0 \uad00\ud55c \ubd80\uac00\uc801\uc778 \uc124\uba85\uc744 \uc774\uacf3\uc5d0 \uc801\uc73c\uc138\uc694. ^^"}},"key":"220719_sample-15_moo3_KBS 15 nm_64 Triple_c60_bcp_ag-3_20220719"},{"V":{"unit":"V","value":[1.5,1.48995,1.4799,1.4698,1.45975,1.4497,1.43965,1.4296,1.41955,1.40945,1.3994,1.38935,1.3793,1.36925,1.35915,1.3491,1.33905,1.329,1.31895,1.3089,1.2988,1.28875,1.2787,1.26865,1.2586,1.2485,1.23845,1.2284,1.21835,1.2083,1.19825,1.18815,1.1781,1.16805,1.158,1.14795,1.13785,1.1278,1.11775,1.1077,1.09765,1.0876,1.0775,1.06745,1.0574,1.04735,1.0373,1.0272,1.01715,1.0071,0.99705,0.987,0.97695,0.96685,0.9568,0.94675,0.9367,0.92665,0.91655,0.9065,0.89645,0.8864,0.87635,0.86625,0.8562,0.84615,0.8361,0.82605,0.816,0.8059,0.79585,0.7858,0.77575,0.7657,0.7556,0.74555,0.7355,0.72545,0.7154,0.70535,0.69525,0.6852,0.67515,0.6651,0.65505,0.64495,0.6349,0.62485,0.6148,0.60475,0.5947,0.5846,0.57455,0.5645,0.55445,0.5444,0.5343,0.52425,0.5142,0.50415,0.4941,0.48405,0.47395,0.4639,0.45385,0.4438,0.43375,0.42365,0.4136,0.40355,0.3935,0.38345,0.3734,0.3633,0.35325,0.3432,0.33315,0.3231,0.313,0.30295,0.2929,0.28285,0.2728,0.2627,0.25265,0.2426,0.23255,0.2225,0.21245,0.20235,0.1923,0.18225,0.1722,0.16215,0.15205,0.142,0.13195,0.1219,0.11185,0.1018,0.0917,0.08165,0.0716,0.06155,0.0515,0.0414,0.03135,0.0213,0.01125,0.0012,-0.00885,-0.01895,-0.029,-0.03905,-0.0491,-0.05915,-0.06925,-0.0793,-0.08935,-0.0994,-0.10945,-0.1195,-0.1296,-0.13965,-0.1497,-0.15975,-0.1698,-0.1799,-0.18995,-0.2]},"I":{"unit":"A","value":[-0.0100012,-0.0100012,-0.0100011,-0.0100009,-0.0100008,-0.010001,-0.0100011,-0.0100009,-0.0100009,-0.0100009,-0.010001,-0.0100011,-0.010001,-0.010001,-0.0100009,-0.0100009,-0.0100009,-0.0100011,-0.0100008,-0.0100009,-0.0100012,-0.0100011,-0.0100008,-0.0100009,-0.0100009,-0.00994369,-0.00904604,-0.00815366,-0.00731327,-0.00654708,-0.00584159,-0.00517295,-0.00456541,-0.00400758,-0.00350289,-0.00304316,-0.00263461,-0.00227045,-0.00194952,-0.00167065,-0.0014255,-0.00120945,-0.00102155,-0.00086144,-0.000734485,-0.00061654,-0.000515958,-0.00042135,-0.000341421,-0.00027197,-0.000211985,-0.000148558,-0.000106443,-6.18966e-5,-1.30488e-5,3.04878e-5,7.47852e-5,0.000115892,0.000156747,0.000195069,0.000237239,0.000263717,0.000295408,0.000331808,0.000367094,0.000398429,0.000436653,0.000467077,0.000495276,0.000532433,0.000554152,0.000574604,0.000600321,0.000626648,0.000647403,0.000668766,0.000685928,0.000701927,0.00072,0.000722125,0.000726378,0.000736806,0.000744147,0.000749463,0.000757664,0.000760753,0.000765663,0.000770269,0.000766119,0.000765005,0.000770321,0.000774827,0.000776142,0.000778219,0.000780193,0.000780951,0.000787128,0.000783179,0.000781054,0.000783432,0.000788342,0.000787988,0.000791026,0.00078976,0.00079219,0.000794265,0.000793709,0.000793507,0.000794822,0.00079629,0.000798874,0.000800038,0.000800695,0.000803934,0.000805352,0.000803024,0.000802923,0.000805302,0.000807429,0.00080915,0.0008092,0.000811731,0.000813909,0.000816895,0.000815123,0.000814212,0.000817401,0.000819022,0.000819933,0.000824388,0.000824084,0.000825349,0.000829451,0.000827931,0.000828235,0.000830362,0.000833601,0.000833703,0.000835475,0.000838917,0.000838056,0.000843322,0.000841094,0.000842005,0.000844689,0.0008456,0.000848942,0.000851978,0.00085208,0.000854965,0.000856737,0.000855219,0.00085704,0.000860838,0.000861546,0.000864837,0.000866912,0.000870001,0.000869241,0.000874253,0.000873493,0.000874102,0.000878152,0.000880987,0.000881694,0.000885846,0.000887618,0.000888884,0.000893744,0.000892123]},"J":{"unit":"A\/cm2","value":[-0.108709,-0.108709,-0.108708,-0.108705,-0.108704,-0.108707,-0.108708,-0.108706,-0.108705,-0.108706,-0.108706,-0.108708,-0.108706,-0.108706,-0.108706,-0.108706,-0.108706,-0.108708,-0.108705,-0.108706,-0.108709,-0.108708,-0.108705,-0.108706,-0.108705,-0.108084,-0.0983265,-0.0886267,-0.079492,-0.0711639,-0.0634955,-0.0562277,-0.049624,-0.0435606,-0.0380749,-0.0330779,-0.0286371,-0.0246788,-0.0211904,-0.0181593,-0.0154946,-0.0131462,-0.0111038,-0.00936348,-0.00798353,-0.00670152,-0.00560824,-0.00457989,-0.0037111,-0.0029562,-0.00230418,-0.00161476,-0.00115699,-0.000672789,-0.000141834,0.000331389,0.000812883,0.00125969,0.00170377,0.00212032,0.00257869,0.00286649,0.00321096,0.00360661,0.00399015,0.00433075,0.00474622,0.00507692,0.00538343,0.00578732,0.00602339,0.00624569,0.00652523,0.00681139,0.00703699,0.0072692,0.00745574,0.00762964,0.00782609,0.00784919,0.00789541,0.00800877,0.00808856,0.00814634,0.00823548,0.00826905,0.00832242,0.00837249,0.00832738,0.00831527,0.00837306,0.00842203,0.00843632,0.0084589,0.00848036,0.0084886,0.00855574,0.00851282,0.00848971,0.00851557,0.00856894,0.00856509,0.00859811,0.00858434,0.00861077,0.00863332,0.00862727,0.00862508,0.00863937,0.00865533,0.00868341,0.00869606,0.00870321,0.00873842,0.00875382,0.00872852,0.00872742,0.00875328,0.0087764,0.00879511,0.00879565,0.00882317,0.00884684,0.00887929,0.00886004,0.00885014,0.0088848,0.00890241,0.00891231,0.00896074,0.00895744,0.00897119,0.00901577,0.00899925,0.00900255,0.00902567,0.00906088,0.00906199,0.00908125,0.00911866,0.00910931,0.00916654,0.00914233,0.00915223,0.0091814,0.0091913,0.00922762,0.00926063,0.00926174,0.0092931,0.00931236,0.00929585,0.00931566,0.00935694,0.00936463,0.00940041,0.00942296,0.00945653,0.00944827,0.00950275,0.00949449,0.00950111,0.00954512,0.00957594,0.00958363,0.00962876,0.00964802,0.00966178,0.00971461,0.00969699]},"pv_cell_parameters":{"voc":{"unit":"V","value":0.9568},"isc":{"unit":"mA","value":0.85497},"jsc":{"unit":"mA\/cm2","value":9.29},"vopt":{"unit":"mV","value":715.4000000000001},"iopt":{"unit":"mA","value":0.72},"pmax":{"unit":"W","value":0.0005150900000000001},"fill_factor":{"unit":"%","value":62.97},"efficiency":{"unit":"%","value":5.6},"cell_dimension":{"unit":"cm2","value":0.092},"irradiance":{"unit":"mW\/cm2","value":100}},"calculations":{"fitted_isc":{"unit":"mA","value":0.8536599999999999},"fitted_voc":{"unit":"V","value":0.95248},"rshunt":{"unit":"Kohm","value":5.46},"rseries":{"unit":"ohm","value":214.74}},"measurement_conditions":{"sweep_direction":{"unit":"","value":"Reverse"},"nplc":{"unit":"","value":0.01},"voltage_settling_time":{"unit":"s","value":0.01},"configuration_file":{"unit":"","value":"Configuration for I-V meas_R.conf"},"sample_id":{"unit":"","value":"220719_sample-15_moo3_KBS 15 nm_64 Triple_c60_bcp_ag-2"},"note":{"unit":"","value":"\uc2dc\ub8cc\uc5d0 \uad00\ud55c \ubd80\uac00\uc801\uc778 \uc124\uba85\uc744 \uc774\uacf3\uc5d0 \uc801\uc73c\uc138\uc694. ^^"}},"key":"220719_sample-15_moo3_KBS 15 nm_64 Triple_c60_bcp_ag-2_20220719"},{"V":{"unit":"V","value":[1.5,1.48995,1.4799,1.4698,1.45975,1.4497,1.43965,1.4296,1.41955,1.40945,1.3994,1.38935,1.3793,1.36925,1.35915,1.3491,1.33905,1.329,1.31895,1.3089,1.2988,1.28875,1.2787,1.26865,1.2586,1.2485,1.23845,1.2284,1.21835,1.2083,1.19825,1.18815,1.1781,1.16805,1.158,1.14795,1.13785,1.1278,1.11775,1.1077,1.09765,1.0876,1.0775,1.06745,1.0574,1.04735,1.0373,1.0272,1.01715,1.0071,0.99705,0.987,0.97695,0.96685,0.9568,0.94675,0.9367,0.92665,0.91655,0.9065,0.89645,0.8864,0.87635,0.86625,0.8562,0.84615,0.8361,0.82605,0.816,0.8059,0.79585,0.7858,0.77575,0.7657,0.7556,0.74555,0.7355,0.72545,0.7154,0.70535,0.69525,0.6852,0.67515,0.6651,0.65505,0.64495,0.6349,0.62485,0.6148,0.60475,0.5947,0.5846,0.57455,0.5645,0.55445,0.5444,0.5343,0.52425,0.5142,0.50415,0.4941,0.48405,0.47395,0.4639,0.45385,0.4438,0.43375,0.42365,0.4136,0.40355,0.3935,0.38345,0.3734,0.3633,0.35325,0.3432,0.33315,0.3231,0.313,0.30295,0.2929,0.28285,0.2728,0.2627,0.25265,0.2426,0.23255,0.2225,0.21245,0.20235,0.1923,0.18225,0.1722,0.16215,0.15205,0.142,0.13195,0.1219,0.11185,0.1018,0.0917,0.08165,0.0716,0.06155,0.0515,0.0414,0.03135,0.0213,0.01125,0.0012,-0.00885,-0.01895,-0.029,-0.03905,-0.0491,-0.05915,-0.06925,-0.0793,-0.08935,-0.0994,-0.10945,-0.1195,-0.1296,-0.13965,-0.1497,-0.15975,-0.1698,-0.1799,-0.18995,-0.2]},"I":{"unit":"A","value":[-0.0100004,-0.0100004,-0.0100004,-0.0100004,-0.0100005,-0.0100005,-0.0100004,-0.0100005,-0.0100004,-0.0100004,-0.0100003,-0.0100005,-0.0100004,-0.0100005,-0.0100003,-0.0100005,-0.0100009,-0.0100006,-0.0100004,-0.0100007,-0.0100004,-0.0100006,-0.0100006,-0.0100005,-0.0100006,-0.0095388,-0.0087818,-0.00804658,-0.00734203,-0.00667387,-0.00603441,-0.00543312,-0.00486483,-0.00431598,-0.00381532,-0.00335323,-0.00292935,-0.00254582,-0.00219893,-0.0018892,-0.00161166,-0.00138242,-0.00116936,-0.000985875,-0.000819848,-0.000680801,-0.000561088,-0.000456917,-0.00036383,-0.000296002,-0.000228579,-0.000169862,-0.00010993,-5.88568e-5,-1.25412e-5,3.02838e-5,7.40727e-5,0.000106927,0.000139983,0.000178559,0.000214804,0.000249988,0.000285776,0.000319289,0.000352144,0.000389453,0.000412587,0.00043962,0.000472575,0.000500873,0.000530032,0.000556355,0.000579389,0.000601968,0.000625962,0.000635885,0.000645654,0.000659728,0.000673801,0.000682812,0.000691267,0.000697948,0.000703264,0.000711262,0.000708781,0.000707971,0.000711616,0.000714704,0.000717742,0.000717944,0.000720425,0.000723056,0.000726651,0.000720778,0.000718856,0.000722652,0.000723666,0.000724019,0.000725841,0.000727208,0.000727715,0.000730397,0.000725741,0.000724474,0.000727158,0.000727665,0.000728879,0.000730297,0.000730196,0.000730854,0.000733385,0.000729689,0.000728372,0.000730246,0.000731664,0.000732828,0.000734396,0.000733739,0.000734346,0.000736928,0.000735257,0.000733536,0.000734599,0.00073703,0.000737738,0.000738295,0.000739662,0.000739915,0.000742041,0.000739509,0.000739509,0.000740117,0.000742447,0.000743104,0.000743965,0.000744725,0.000746293,0.000748064,0.000745483,0.000743965,0.000747711,0.000748117,0.000748977,0.000750799,0.000750698,0.00075176,0.000755405,0.000752064,0.000751862,0.000754494,0.000755759,0.000755152,0.000757633,0.00075819,0.000758897,0.000762189,0.000758139,0.000759557,0.000760771,0.000761531,0.000763303,0.000764163,0.000765834,0.000765428,0.000768922,0.000766998,0.000767453,0.000768922,0.000768669,0.000770237]},"J":{"unit":"A\/cm2","value":[-0.1087,-0.1087,-0.1087,-0.1087,-0.108701,-0.108701,-0.1087,-0.108701,-0.1087,-0.1087,-0.108699,-0.108701,-0.1087,-0.108701,-0.108699,-0.108701,-0.108706,-0.108703,-0.1087,-0.108703,-0.1087,-0.108703,-0.108703,-0.108701,-0.108702,-0.103683,-0.0954544,-0.0874628,-0.0798046,-0.0725421,-0.0655914,-0.0590557,-0.0528786,-0.0469128,-0.0414708,-0.0364481,-0.0318408,-0.027672,-0.0239015,-0.0205348,-0.0175181,-0.0150263,-0.0127105,-0.010716,-0.00891139,-0.00740001,-0.00609879,-0.00496649,-0.00395468,-0.00321742,-0.00248456,-0.00184633,-0.0011949,-0.000639748,-0.000136317,0.000329172,0.000805138,0.00116225,0.00152156,0.00194086,0.00233483,0.00271726,0.00310626,0.00347053,0.00382765,0.00423318,0.00448464,0.00477847,0.00513669,0.00544427,0.00576122,0.00604734,0.0062977,0.00654313,0.00680394,0.00691179,0.00701798,0.00717096,0.00732392,0.00742187,0.00751377,0.00758639,0.00764417,0.00773111,0.00770414,0.00769534,0.00773496,0.00776853,0.00780155,0.00780373,0.0078307,0.00785931,0.00789838,0.00783455,0.00781365,0.00785492,0.00786593,0.00786978,0.00788958,0.00790444,0.00790995,0.0079391,0.00788848,0.00787472,0.00790389,0.0079094,0.0079226,0.00793801,0.00793691,0.00794406,0.00797157,0.00793141,0.00791709,0.00793746,0.00795287,0.00796552,0.00798257,0.00797542,0.00798202,0.00801008,0.00799192,0.00797321,0.00798478,0.0080112,0.00801889,0.00802494,0.0080398,0.00804256,0.00806566,0.00803814,0.00803814,0.00804474,0.00807007,0.00807722,0.00808657,0.00809483,0.00811188,0.00813113,0.00810307,0.00808657,0.00812729,0.0081317,0.00814106,0.00816086,0.00815976,0.0081713,0.00821093,0.0081746,0.00817242,0.00820102,0.00821477,0.00820817,0.00823514,0.00824119,0.00824889,0.00828466,0.00824065,0.00825605,0.00826925,0.00827751,0.00829677,0.00830612,0.00832428,0.00831987,0.00835785,0.00833694,0.00834188,0.00835785,0.0083551,0.00837214]},"pv_cell_parameters":{"voc":{"unit":"V","value":0.9568},"isc":{"unit":"mA","value":0.75449},"jsc":{"unit":"mA\/cm2","value":8.2},"vopt":{"unit":"mV","value":715.4000000000001},"iopt":{"unit":"mA","value":0.6737999999999998},"pmax":{"unit":"W","value":0.00048204},"fill_factor":{"unit":"%","value":66.77},"efficiency":{"unit":"%","value":5.24},"cell_dimension":{"unit":"cm2","value":0.092},"irradiance":{"unit":"mW\/cm2","value":100}},"calculations":{"fitted_isc":{"unit":"mA","value":0.75509},"fitted_voc":{"unit":"V","value":0.9509},"rshunt":{"unit":"Kohm","value":14.77},"rseries":{"unit":"ohm","value":208.56}},"measurement_conditions":{"sweep_direction":{"unit":"","value":"Reverse"},"nplc":{"unit":"","value":0.01},"voltage_settling_time":{"unit":"s","value":0.01},"configuration_file":{"unit":"","value":"Configuration for I-V meas_R.conf"},"sample_id":{"unit":"","value":"220719_sample-15_moo3_KBS 15 nm_64 Triple_c60_bcp_ag-1"},"note":{"unit":"","value":"\uc2dc\ub8cc\uc5d0 \uad00\ud55c \ubd80\uac00\uc801\uc778 \uc124\uba85\uc744 \uc774\uacf3\uc5d0 \uc801\uc73c\uc138\uc694. ^^"}},"key":"220719_sample-15_moo3_KBS 15 nm_64 Triple_c60_bcp_ag-1_20220719"}]},"jvcnt":5,"analysisInfo":{"JV":[{"efficiency":2.68,"fill_factor":51.78,"jsc":7.45,"voc":0.69525,"key":"220719_sample-15_moo3_KBS 15 nm_64 Triple_c60_bcp_ag_20220719","cell_dimension":0.092},{"efficiency":4.63,"fill_factor":58.26,"jsc":9.17,"voc":0.86625,"key":"220719_sample-15_moo3_KBS 15 nm_64 Triple_c60_bcp_ag-4_20220719","cell_dimension":0.092},{"efficiency":5.87,"fill_factor":66.86,"jsc":8.89,"voc":0.987,"key":"220719_sample-15_moo3_KBS 15 nm_64 Triple_c60_bcp_ag-3_20220719","cell_dimension":0.092},{"efficiency":5.6,"fill_factor":62.97,"jsc":9.29,"voc":0.9568,"key":"220719_sample-15_moo3_KBS 15 nm_64 Triple_c60_bcp_ag-2_20220719","cell_dimension":0.092},{"efficiency":5.24,"fill_factor":66.77,"jsc":8.2,"voc":0.9568,"key":"220719_sample-15_moo3_KBS 15 nm_64 Triple_c60_bcp_ag-1_20220719","cell_dimension":0.092}]},"public":2,"analysis":{"JV":[{"V":{"unit":"V","value":[-0.2,-0.18995,-0.1799,-0.1698,-0.15975,-0.1497,-0.13965,-0.1296,-0.11955,-0.10945,-0.0994,-0.08935,-0.0793,-0.06925,-0.05915,-0.0491,-0.03905,-0.029,-0.01895,-0.0089,0.0012,0.01125,0.0213,0.03135,0.0414,0.0515,0.06155,0.0716,0.08165,0.0917,0.1018,0.11185,0.1219,0.13195,0.142,0.15205,0.16215,0.1722,0.18225,0.1923,0.20235,0.21245,0.2225,0.23255,0.2426,0.25265,0.2627,0.2728,0.28285,0.2929,0.30295,0.313,0.3231,0.33315,0.3432,0.35325,0.3633,0.37335,0.38345,0.3935,0.40355,0.4136,0.42365,0.43375,0.4438,0.45385,0.4639,0.47395,0.484,0.4941,0.50415,0.5142,0.52425,0.5343,0.5444,0.55445,0.5645,0.57455,0.5846,0.59465,0.60475,0.6148,0.62485,0.6349,0.64495,0.65505,0.6651,0.67515,0.6852,0.69525,0.70535,0.7154,0.72545,0.7355,0.74555,0.7556,0.7657,0.77575,0.7858,0.79585,0.8059,0.816,0.82605,0.8361,0.84615,0.8562,0.86625,0.87635,0.8864,0.89645,0.9065,0.91655,0.92665,0.9367,0.94675,0.9568,0.96685,0.9769,0.987,0.99705,1.0071,1.01715,1.0272,1.0373,1.04735,1.0574,1.06745,1.0775,1.08755,1.09765,1.1077,1.11775,1.1278,1.13785,1.14795,1.158,1.16805,1.1781,1.18815,1.1982,1.2083,1.21835,1.2284,1.23845,1.2485,1.2586,1.26865,1.2787,1.28875,1.2988,1.30885,1.31895,1.329,1.33905,1.3491,1.35915,1.36925,1.3793,1.38935,1.3994,1.40945,1.41955,1.4296,1.43965,1.4497,1.45975,1.4698,1.4799,1.48995,1.5]},"I":{"unit":"A","value":[0.00118113,0.000982064,0.000916959,0.000869471,0.000834388,0.000809275,0.000789835,0.000775254,0.00076265,0.000752018,0.000741235,0.00073278,0.00072554,0.000719768,0.000712327,0.000707618,0.000703518,0.000698202,0.000695872,0.000690556,0.000685747,0.000682711,0.000676989,0.000674306,0.000670712,0.000665852,0.000662764,0.000661244,0.000658561,0.000653396,0.000650511,0.000647473,0.00064236,0.000640842,0.0006374,0.000632691,0.000632285,0.000629907,0.000625097,0.000621959,0.000618718,0.000614415,0.000611984,0.000609049,0.00060434,0.000602569,0.000600695,0.000596595,0.000592594,0.000588494,0.000585406,0.000581254,0.000577406,0.000572446,0.000571382,0.000568091,0.000563636,0.000558929,0.00055346,0.000549511,0.000545208,0.000539742,0.000533665,0.000531438,0.00052759,0.000521212,0.000514124,0.000506834,0.000500404,0.000493518,0.00048476,0.000475041,0.000469926,0.00046208,0.000449828,0.000437425,0.000424008,0.000408973,0.000393379,0.000374748,0.000352523,0.000334046,0.000312883,0.000283216,0.000248942,0.000211478,0.000168799,0.000121464,6.80536e-5,1.83377e-6,-5.54696e-5,-0.000122037,-0.00020698,-0.000302756,-0.000407138,-0.000521442,-0.000648604,-0.000784928,-0.0009414,-0.00108152,-0.00123516,-0.00142377,-0.00162677,-0.00184398,-0.00207593,-0.00232211,-0.00258539,-0.00287737,-0.00313646,-0.00340723,-0.00372994,-0.00407078,-0.00441936,-0.004785,-0.00515773,-0.00555101,-0.00597481,-0.00632896,-0.00668448,-0.00709639,-0.00751472,-0.00794602,-0.00838395,-0.00883003,-0.00928218,-0.00977554,-0.0100014,-0.0100014,-0.0100017,-0.0100013,-0.0100016,-0.0100013,-0.0100014,-0.0100014,-0.0100013,-0.0100016,-0.0100014,-0.0100015,-0.0100012,-0.0100014,-0.0100015,-0.0100013,-0.0100013,-0.0100014,-0.0100017,-0.0100014,-0.0100014,-0.0100014,-0.0100016,-0.0100014,-0.0100013,-0.0100014,-0.0100015,-0.0100013,-0.0100015,-0.0100015,-0.0100016,-0.0100014,-0.0100013,-0.0100013,-0.0100013,-0.0100014,-0.0100015,-0.0100014,-0.0100014,-0.0100016,-0.0100013,-0.0100015,-0.0100016,-0.0100014]},"J":{"unit":"A\/cm2","value":[0.0128383,0.0106746,0.00996694,0.00945077,0.00906943,0.00879647,0.00858516,0.00842668,0.00828967,0.00817411,0.0080569,0.007965,0.00788631,0.00782357,0.00774268,0.0076915,0.00764694,0.00758916,0.00756383,0.00750604,0.00745377,0.00742077,0.00735857,0.00732942,0.00729034,0.00723752,0.00720395,0.00718743,0.00715828,0.00710213,0.00707077,0.00703775,0.00698218,0.00696568,0.00692826,0.00687708,0.00687266,0.00684681,0.00679453,0.00676042,0.00672519,0.00667842,0.006652,0.00662009,0.00656891,0.00654966,0.00652929,0.00648473,0.00644124,0.00639668,0.00636311,0.00631798,0.00627615,0.00622224,0.00621068,0.0061749,0.00612647,0.00607531,0.00601587,0.00597295,0.00592618,0.00586676,0.00580071,0.0057765,0.00573467,0.00566535,0.00558831,0.00550907,0.00543918,0.00536433,0.00526913,0.00516348,0.00510789,0.00502261,0.00488943,0.00475461,0.00460878,0.00444535,0.00427585,0.00407335,0.00383177,0.00363093,0.0034009,0.00307844,0.00270589,0.00229868,0.00183478,0.00132026,0.000739713,1.99323e-5,-0.00060293,-0.00132649,-0.00224978,-0.00329083,-0.00442541,-0.00566785,-0.00705004,-0.00853183,-0.0102326,-0.0117557,-0.0134256,-0.0154758,-0.0176822,-0.0200433,-0.0225645,-0.0252403,-0.0281021,-0.0312758,-0.0340919,-0.0370351,-0.0405429,-0.0442476,-0.0480365,-0.0520109,-0.0560623,-0.0603371,-0.0649436,-0.0687931,-0.0726574,-0.0771346,-0.0816818,-0.0863698,-0.0911299,-0.0959786,-0.100893,-0.106256,-0.10871,-0.10871,-0.108714,-0.108709,-0.108713,-0.10871,-0.10871,-0.108711,-0.10871,-0.108713,-0.108711,-0.108712,-0.108709,-0.10871,-0.108712,-0.10871,-0.108709,-0.10871,-0.108714,-0.10871,-0.108711,-0.108711,-0.108713,-0.10871,-0.108709,-0.10871,-0.108712,-0.10871,-0.108712,-0.108712,-0.108713,-0.10871,-0.10871,-0.10871,-0.108709,-0.10871,-0.108712,-0.108711,-0.10871,-0.108713,-0.10871,-0.108712,-0.108713,-0.10871]},"pv_cell_parameters":{"voc":{"unit":"V","value":0.69525},"isc":{"unit":"mA","value":0.68575},"jsc":{"unit":"mA\/cm2","value":7.45},"vopt":{"unit":"mV","value":534.3},"iopt":{"unit":"mA","value":0.46208},"pmax":{"unit":"W","value":0.00024689},"fill_factor":{"unit":"%","value":51.78},"efficiency":{"unit":"%","value":2.68},"cell_dimension":{"unit":"cm2","value":0.092},"irradiance":{"unit":"mW\/cm2","value":100}},"calculations":{"fitted_isc":{"unit":"mA","value":0.6854199999999999},"fitted_voc":{"unit":"V","value":0.69247},"rshunt":{"unit":"Kohm","value":2.87},"rseries":{"unit":"ohm","value":166.9}},"measurement_conditions":{"sweep_direction":{"unit":"","value":"Forward"},"nplc":{"unit":"","value":0.01},"voltage_settling_time":{"unit":"s","value":0.01},"configuration_file":{"unit":"","value":"Configuration for I-V meas_R.conf"},"sample_id":{"unit":"","value":"220719_sample-15_moo3_KBS 15 nm_64 Triple_c60_bcp_ag"},"note":{"unit":"","value":"\uc2dc\ub8cc\uc5d0 \uad00\ud55c \ubd80\uac00\uc801\uc778 \uc124\uba85\uc744 \uc774\uacf3\uc5d0 \uc801\uc73c\uc138\uc694. ^^"}},"key":"220719_sample-15_moo3_KBS 15 nm_64 Triple_c60_bcp_ag_20220719","sweep_direction":{"unit":"","value":"Forward"},"jsc":{"unit":"mA\/cm2","value":7.45},"voc":{"unit":"V","value":0.69525},"efficiency":{"unit":"%","value":2.68},"fill_factor":{"unit":"%","value":51.78},"cell_dimension":{"unit":"cm2","value":0.092}},{"V":{"unit":"V","value":[1.5,1.48995,1.4799,1.4698,1.45975,1.4497,1.43965,1.4296,1.41955,1.40945,1.3994,1.38935,1.3793,1.36925,1.35915,1.3491,1.33905,1.329,1.31895,1.3089,1.2988,1.28875,1.2787,1.26865,1.2586,1.2485,1.23845,1.2284,1.21835,1.2083,1.19825,1.18815,1.1781,1.16805,1.158,1.14795,1.13785,1.1278,1.11775,1.1077,1.09765,1.0876,1.0775,1.06745,1.0574,1.04735,1.0373,1.0272,1.01715,1.0071,0.99705,0.987,0.97695,0.96685,0.9568,0.94675,0.9367,0.92665,0.91655,0.9065,0.89645,0.8864,0.87635,0.86625,0.8562,0.84615,0.8361,0.82605,0.816,0.8059,0.79585,0.7858,0.77575,0.7657,0.7556,0.74555,0.7355,0.72545,0.7154,0.70535,0.69525,0.6852,0.67515,0.6651,0.65505,0.64495,0.6349,0.62485,0.6148,0.60475,0.5947,0.5846,0.57455,0.5645,0.55445,0.5444,0.5343,0.52425,0.5142,0.50415,0.4941,0.48405,0.47395,0.4639,0.45385,0.4438,0.43375,0.42365,0.4136,0.40355,0.3935,0.38345,0.3734,0.3633,0.35325,0.3432,0.33315,0.3231,0.313,0.30295,0.2929,0.28285,0.2728,0.2627,0.25265,0.2426,0.23255,0.2225,0.21245,0.20235,0.1923,0.18225,0.1722,0.16215,0.15205,0.142,0.13195,0.1219,0.11185,0.1018,0.0917,0.08165,0.0716,0.06155,0.0515,0.0414,0.03135,0.0213,0.01125,0.0012,-0.00885,-0.01895,-0.029,-0.03905,-0.0491,-0.05915,-0.06925,-0.0793,-0.08935,-0.0994,-0.10945,-0.1195,-0.1296,-0.13965,-0.1497,-0.15975,-0.1698,-0.1799,-0.18995,-0.2]},"I":{"unit":"A","value":[-0.010001,-0.0100008,-0.0100011,-0.010001,-0.0100011,-0.0100009,-0.0100011,-0.0100008,-0.010001,-0.010001,-0.0100009,-0.010001,-0.0100011,-0.0100009,-0.010001,-0.0100009,-0.010001,-0.0100009,-0.010001,-0.0100011,-0.010001,-0.0100012,-0.010001,-0.0100009,-0.0100012,-0.010001,-0.0100011,-0.010001,-0.010001,-0.0100011,-0.0100009,-0.010001,-0.010001,-0.010001,-0.00929301,-0.00831878,-0.00746933,-0.00667353,-0.00597573,-0.00530623,-0.00468568,-0.00411125,-0.00358318,-0.00310188,-0.00267121,-0.00228356,-0.00194248,-0.00164423,-0.00138961,-0.00117052,-0.000975993,-0.000820944,-0.000681435,-0.000580651,-0.000491559,-0.000404999,-0.000329424,-0.000262909,-0.000204139,-0.00015195,-0.000101583,-5.07599e-5,-1.76551e-5,1.74772e-5,6.17234e-5,0.000103286,0.000144293,0.000183224,0.000221142,0.000260274,0.000301938,0.000328415,0.000358385,0.000395088,0.000429918,0.000461963,0.000490668,0.000520031,0.000546557,0.000574249,0.000586702,0.000598448,0.00061966,0.000636266,0.000647453,0.000660059,0.000668817,0.000678739,0.000689016,0.000686181,0.000688712,0.000693318,0.000698938,0.000702837,0.000707139,0.000711291,0.000712912,0.000720202,0.000717062,0.000716961,0.000720556,0.000723594,0.000726429,0.000730478,0.00073301,0.000737009,0.00073883,0.000739793,0.000738679,0.000742172,0.000744753,0.000748652,0.000751183,0.000753765,0.000757663,0.000761765,0.000760145,0.000760245,0.000765561,0.000769409,0.000769914,0.000773306,0.000776344,0.000778622,0.000783228,0.00078247,0.000782167,0.000786063,0.000789811,0.000793708,0.000796442,0.000798923,0.000802669,0.000805554,0.000805301,0.000806567,0.000809806,0.000813452,0.000814768,0.00081892,0.000820895,0.000822666,0.000828336,0.000826514,0.000828994,0.000833246,0.000835677,0.000838512,0.000841093,0.000843524,0.000845498,0.000849144,0.00084803,0.000849952,0.000852636,0.000853851,0.000858103,0.00086023,0.000862305,0.000863166,0.000867975,0.000865293,0.000869545,0.00087167,0.000874658,0.000885694,0.000886655,0.000890707,0.000890655,0.000895516]},"J":{"unit":"A\/cm2","value":[-0.108706,-0.108704,-0.108708,-0.108706,-0.108708,-0.108705,-0.108708,-0.108705,-0.108706,-0.108706,-0.108706,-0.108706,-0.108708,-0.108705,-0.108706,-0.108705,-0.108706,-0.108705,-0.108706,-0.108708,-0.108707,-0.108709,-0.108707,-0.108706,-0.108709,-0.108706,-0.108708,-0.108707,-0.108707,-0.108708,-0.108706,-0.108706,-0.108707,-0.108707,-0.101011,-0.0904216,-0.0811883,-0.0725384,-0.0649536,-0.0576764,-0.0509313,-0.0446874,-0.0389476,-0.0337161,-0.0290349,-0.0248213,-0.0211139,-0.017872,-0.0151045,-0.0127231,-0.0106086,-0.00892331,-0.0074069,-0.00631142,-0.00534304,-0.00440216,-0.00358069,-0.0028577,-0.0022189,-0.00165163,-0.00110416,-0.000551738,-0.000191903,0.00018997,0.000670907,0.00112268,0.0015684,0.00199156,0.00240371,0.00282906,0.00328193,0.00356973,0.00389549,0.00429444,0.00467302,0.00502134,0.00533335,0.00565251,0.00594084,0.00624183,0.0063772,0.00650487,0.00673544,0.00691593,0.00703753,0.00717455,0.00726975,0.0073776,0.0074893,0.00745849,0.007486,0.00753607,0.00759715,0.00763953,0.0076863,0.00773143,0.00774904,0.00782828,0.00779415,0.00779305,0.00783213,0.00786515,0.00789597,0.00793998,0.00796749,0.00801096,0.00803076,0.00804123,0.00802912,0.00806709,0.00809515,0.00813752,0.00816504,0.0081931,0.00823547,0.00828006,0.00826244,0.00826353,0.00832132,0.00836315,0.00836863,0.0084055,0.00843852,0.00846328,0.00851335,0.00850511,0.00850181,0.00854417,0.0085849,0.00862726,0.00865698,0.00868395,0.00872466,0.00875602,0.00875327,0.00876704,0.00880224,0.00884187,0.00885618,0.00890131,0.00892277,0.00894202,0.00900365,0.00898385,0.0090108,0.00905702,0.00908344,0.00911426,0.00914232,0.00916874,0.0091902,0.00922982,0.00921771,0.00923861,0.00926778,0.00928098,0.00932721,0.00935033,0.00937288,0.00938223,0.00943451,0.00940536,0.00945158,0.00947468,0.00950715,0.00962711,0.00963756,0.00968159,0.00968103,0.00973387]},"pv_cell_parameters":{"voc":{"unit":"V","value":0.86625},"isc":{"unit":"mA","value":0.8435199999999999},"jsc":{"unit":"mA\/cm2","value":9.17},"vopt":{"unit":"mV","value":644.95},"iopt":{"unit":"mA","value":0.66006},"pmax":{"unit":"W","value":0.00042570999999999993},"fill_factor":{"unit":"%","value":58.26},"efficiency":{"unit":"%","value":4.63},"cell_dimension":{"unit":"cm2","value":0.092},"irradiance":{"unit":"mW\/cm2","value":100}},"calculations":{"fitted_isc":{"unit":"mA","value":0.8433799999999999},"fitted_voc":{"unit":"V","value":0.87092},"rshunt":{"unit":"Kohm","value":4.92},"rseries":{"unit":"ohm","value":238.54}},"measurement_conditions":{"sweep_direction":{"unit":"","value":"Reverse"},"nplc":{"unit":"","value":0.01},"voltage_settling_time":{"unit":"s","value":0.01},"configuration_file":{"unit":"","value":"Configuration for I-V meas_R.conf"},"sample_id":{"unit":"","value":"220719_sample-15_moo3_KBS 15 nm_64 Triple_c60_bcp_ag-4"},"note":{"unit":"","value":"\uc2dc\ub8cc\uc5d0 \uad00\ud55c \ubd80\uac00\uc801\uc778 \uc124\uba85\uc744 \uc774\uacf3\uc5d0 \uc801\uc73c\uc138\uc694. ^^"}},"key":"220719_sample-15_moo3_KBS 15 nm_64 Triple_c60_bcp_ag-4_20220719","sweep_direction":{"unit":"","value":"Reverse"},"jsc":{"unit":"mA\/cm2","value":9.17},"voc":{"unit":"V","value":0.86625},"efficiency":{"unit":"%","value":4.63},"fill_factor":{"unit":"%","value":58.26},"cell_dimension":{"unit":"cm2","value":0.092}},{"V":{"unit":"V","value":[1.5,1.48995,1.4799,1.4698,1.45975,1.4497,1.43965,1.4296,1.41955,1.40945,1.3994,1.38935,1.3793,1.36925,1.35915,1.3491,1.33905,1.329,1.31895,1.3089,1.2988,1.28875,1.2787,1.26865,1.2586,1.2485,1.23845,1.2284,1.21835,1.2083,1.19825,1.18815,1.1781,1.16805,1.158,1.14795,1.13785,1.1278,1.11775,1.1077,1.09765,1.0876,1.0775,1.06745,1.0574,1.04735,1.0373,1.0272,1.01715,1.0071,0.99705,0.987,0.97695,0.96685,0.9568,0.94675,0.9367,0.92665,0.91655,0.9065,0.89645,0.8864,0.87635,0.86625,0.8562,0.84615,0.8361,0.82605,0.816,0.8059,0.79585,0.7858,0.77575,0.7657,0.7556,0.74555,0.7355,0.72545,0.7154,0.70535,0.69525,0.6852,0.67515,0.6651,0.65505,0.64495,0.6349,0.62485,0.6148,0.60475,0.5947,0.5846,0.57455,0.5645,0.55445,0.5444,0.5343,0.52425,0.5142,0.50415,0.4941,0.48405,0.47395,0.4639,0.45385,0.4438,0.43375,0.42365,0.4136,0.40355,0.3935,0.38345,0.3734,0.3633,0.35325,0.3432,0.33315,0.3231,0.313,0.30295,0.2929,0.28285,0.2728,0.2627,0.25265,0.2426,0.23255,0.2225,0.21245,0.20235,0.1923,0.18225,0.1722,0.16215,0.15205,0.142,0.13195,0.1219,0.11185,0.1018,0.0917,0.08165,0.0716,0.06155,0.0515,0.0414,0.03135,0.0213,0.01125,0.0012,-0.00885,-0.01895,-0.029,-0.03905,-0.0491,-0.05915,-0.06925,-0.0793,-0.08935,-0.0994,-0.10945,-0.1195,-0.1296,-0.13965,-0.1497,-0.15975,-0.1698,-0.1799,-0.18995,-0.2]},"I":{"unit":"A","value":[-0.0100011,-0.0100011,-0.010001,-0.010001,-0.0100011,-0.010001,-0.010001,-0.0100009,-0.0100011,-0.0100011,-0.010001,-0.0100009,-0.010001,-0.010001,-0.0100012,-0.0100009,-0.0100009,-0.010001,-0.0100009,-0.010001,-0.010001,-0.00957717,-0.00872427,-0.00792138,-0.00716562,-0.00646311,-0.00577386,-0.00515902,-0.00459587,-0.00408541,-0.00362001,-0.00319809,-0.00281712,-0.0024735,-0.00217328,-0.00189917,-0.00165153,-0.00143472,-0.00124399,-0.00107441,-0.000924267,-0.000792047,-0.000671165,-0.00056876,-0.00047653,-0.000391183,-0.000313633,-0.000243473,-0.000179084,-0.000120566,-6.49849e-5,-1.22385e-5,2.99821e-5,7.20015e-5,0.000116045,0.000158418,0.000198059,0.000236938,0.000275262,0.000310952,0.000349732,0.000377931,0.000406887,0.000440655,0.00047341,0.000504594,0.000532286,0.000562713,0.000589645,0.00061764,0.000633284,0.000650598,0.000672266,0.000689933,0.000706438,0.000719346,0.000732459,0.000742482,0.000754431,0.000753924,0.000754431,0.000763087,0.000766581,0.00076972,0.00077468,0.000776958,0.000779845,0.000783388,0.000779085,0.000776857,0.000779592,0.000782933,0.000782628,0.000783995,0.000786019,0.000786526,0.000789968,0.000786223,0.000782173,0.000785211,0.000787236,0.000786172,0.000788299,0.000788653,0.000789361,0.000791235,0.000787994,0.000787286,0.00078845,0.000788147,0.000789767,0.000791235,0.000790931,0.000793057,0.000793513,0.000790374,0.000790678,0.000791995,0.000793109,0.000792248,0.000795234,0.000795588,0.000795284,0.000798726,0.000795841,0.000795335,0.000796855,0.000798779,0.000798119,0.000801006,0.000801614,0.000801461,0.000804145,0.000803132,0.000802321,0.000803335,0.000804549,0.000806726,0.000806473,0.000808194,0.000810726,0.000810472,0.000809459,0.000809712,0.000810929,0.000812346,0.000814674,0.000815535,0.000815282,0.000817863,0.000817966,0.000817966,0.000817206,0.000820344,0.000820851,0.000821509,0.00082323,0.000822369,0.000825103,0.000826471,0.000826217,0.00082566,0.000826724,0.000830064,0.00083062,0.000831127,0.000832191,0.000834823,0.000835936,0.000835279]},"J":{"unit":"A\/cm2","value":[-0.108707,-0.108708,-0.108706,-0.108706,-0.108707,-0.108706,-0.108707,-0.108705,-0.108707,-0.108707,-0.108706,-0.108706,-0.108706,-0.108706,-0.108709,-0.108706,-0.108706,-0.108706,-0.108706,-0.108706,-0.108706,-0.1041,-0.094829,-0.0861019,-0.0778871,-0.0702511,-0.0627593,-0.0560763,-0.0499551,-0.0444067,-0.0393479,-0.0347618,-0.0306208,-0.0268859,-0.0236226,-0.0206431,-0.0179514,-0.0155948,-0.0135216,-0.0116783,-0.0100464,-0.00860921,-0.00729527,-0.00618217,-0.00517967,-0.00425199,-0.00340906,-0.00264644,-0.00194657,-0.0013105,-0.000706358,-0.000133027,0.000325892,0.000782625,0.00126136,0.00172193,0.00215281,0.00257541,0.00299197,0.00337991,0.00380144,0.00410794,0.00442269,0.00478973,0.00514576,0.00548472,0.00578572,0.00611644,0.00640918,0.00671348,0.00688353,0.00707171,0.00730724,0.00749927,0.00767867,0.00781898,0.00796151,0.00807046,0.00820034,0.00819483,0.00820034,0.00829442,0.0083324,0.00836652,0.00842043,0.00844519,0.00847657,0.00851508,0.00846831,0.0084441,0.00847382,0.00851014,0.00850682,0.00852168,0.00854369,0.0085492,0.00858661,0.0085459,0.00850188,0.0085349,0.00855691,0.00854535,0.00856847,0.00857232,0.00858001,0.00860038,0.00856515,0.00855746,0.00857011,0.00856681,0.00858442,0.00860038,0.00859708,0.00862018,0.00862514,0.00859103,0.00859433,0.00860864,0.00862075,0.00861139,0.00864385,0.00864769,0.00864439,0.00868181,0.00865045,0.00864494,0.00866146,0.00868238,0.00867521,0.00870659,0.00871319,0.00871153,0.00874071,0.00872969,0.00872088,0.0087319,0.0087451,0.00876877,0.00876601,0.00878472,0.00881223,0.00880948,0.00879847,0.00880122,0.00881444,0.00882985,0.00885516,0.00886451,0.00886176,0.00888982,0.00889093,0.00889093,0.00888267,0.00891679,0.00892229,0.00892944,0.00894815,0.00893879,0.00896852,0.00898338,0.00898062,0.00897457,0.00898613,0.00902243,0.00902848,0.00903399,0.00904555,0.00907416,0.00908627,0.00907912]},"pv_cell_parameters":{"voc":{"unit":"V","value":0.987},"isc":{"unit":"mA","value":0.81786},"jsc":{"unit":"mA\/cm2","value":8.89},"vopt":{"unit":"mV","value":715.4000000000001},"iopt":{"unit":"mA","value":0.7544299999999999},"pmax":{"unit":"W","value":0.00053972},"fill_factor":{"unit":"%","value":66.86},"efficiency":{"unit":"%","value":5.87},"cell_dimension":{"unit":"cm2","value":0.092},"irradiance":{"unit":"mW\/cm2","value":100}},"calculations":{"fitted_isc":{"unit":"mA","value":0.81684},"fitted_voc":{"unit":"V","value":0.98116},"rshunt":{"unit":"Kohm","value":12.23},"rseries":{"unit":"ohm","value":194.7}},"measurement_conditions":{"sweep_direction":{"unit":"","value":"Reverse"},"nplc":{"unit":"","value":0.01},"voltage_settling_time":{"unit":"s","value":0.01},"configuration_file":{"unit":"","value":"Configuration for I-V meas_R.conf"},"sample_id":{"unit":"","value":"220719_sample-15_moo3_KBS 15 nm_64 Triple_c60_bcp_ag-3"},"note":{"unit":"","value":"\uc2dc\ub8cc\uc5d0 \uad00\ud55c \ubd80\uac00\uc801\uc778 \uc124\uba85\uc744 \uc774\uacf3\uc5d0 \uc801\uc73c\uc138\uc694. ^^"}},"key":"220719_sample-15_moo3_KBS 15 nm_64 Triple_c60_bcp_ag-3_20220719","sweep_direction":{"unit":"","value":"Reverse"},"jsc":{"unit":"mA\/cm2","value":8.89},"voc":{"unit":"V","value":0.987},"efficiency":{"unit":"%","value":5.87},"fill_factor":{"unit":"%","value":66.86},"cell_dimension":{"unit":"cm2","value":0.092}},{"V":{"unit":"V","value":[1.5,1.48995,1.4799,1.4698,1.45975,1.4497,1.43965,1.4296,1.41955,1.40945,1.3994,1.38935,1.3793,1.36925,1.35915,1.3491,1.33905,1.329,1.31895,1.3089,1.2988,1.28875,1.2787,1.26865,1.2586,1.2485,1.23845,1.2284,1.21835,1.2083,1.19825,1.18815,1.1781,1.16805,1.158,1.14795,1.13785,1.1278,1.11775,1.1077,1.09765,1.0876,1.0775,1.06745,1.0574,1.04735,1.0373,1.0272,1.01715,1.0071,0.99705,0.987,0.97695,0.96685,0.9568,0.94675,0.9367,0.92665,0.91655,0.9065,0.89645,0.8864,0.87635,0.86625,0.8562,0.84615,0.8361,0.82605,0.816,0.8059,0.79585,0.7858,0.77575,0.7657,0.7556,0.74555,0.7355,0.72545,0.7154,0.70535,0.69525,0.6852,0.67515,0.6651,0.65505,0.64495,0.6349,0.62485,0.6148,0.60475,0.5947,0.5846,0.57455,0.5645,0.55445,0.5444,0.5343,0.52425,0.5142,0.50415,0.4941,0.48405,0.47395,0.4639,0.45385,0.4438,0.43375,0.42365,0.4136,0.40355,0.3935,0.38345,0.3734,0.3633,0.35325,0.3432,0.33315,0.3231,0.313,0.30295,0.2929,0.28285,0.2728,0.2627,0.25265,0.2426,0.23255,0.2225,0.21245,0.20235,0.1923,0.18225,0.1722,0.16215,0.15205,0.142,0.13195,0.1219,0.11185,0.1018,0.0917,0.08165,0.0716,0.06155,0.0515,0.0414,0.03135,0.0213,0.01125,0.0012,-0.00885,-0.01895,-0.029,-0.03905,-0.0491,-0.05915,-0.06925,-0.0793,-0.08935,-0.0994,-0.10945,-0.1195,-0.1296,-0.13965,-0.1497,-0.15975,-0.1698,-0.1799,-0.18995,-0.2]},"I":{"unit":"A","value":[-0.0100012,-0.0100012,-0.0100011,-0.0100009,-0.0100008,-0.010001,-0.0100011,-0.0100009,-0.0100009,-0.0100009,-0.010001,-0.0100011,-0.010001,-0.010001,-0.0100009,-0.0100009,-0.0100009,-0.0100011,-0.0100008,-0.0100009,-0.0100012,-0.0100011,-0.0100008,-0.0100009,-0.0100009,-0.00994369,-0.00904604,-0.00815366,-0.00731327,-0.00654708,-0.00584159,-0.00517295,-0.00456541,-0.00400758,-0.00350289,-0.00304316,-0.00263461,-0.00227045,-0.00194952,-0.00167065,-0.0014255,-0.00120945,-0.00102155,-0.00086144,-0.000734485,-0.00061654,-0.000515958,-0.00042135,-0.000341421,-0.00027197,-0.000211985,-0.000148558,-0.000106443,-6.18966e-5,-1.30488e-5,3.04878e-5,7.47852e-5,0.000115892,0.000156747,0.000195069,0.000237239,0.000263717,0.000295408,0.000331808,0.000367094,0.000398429,0.000436653,0.000467077,0.000495276,0.000532433,0.000554152,0.000574604,0.000600321,0.000626648,0.000647403,0.000668766,0.000685928,0.000701927,0.00072,0.000722125,0.000726378,0.000736806,0.000744147,0.000749463,0.000757664,0.000760753,0.000765663,0.000770269,0.000766119,0.000765005,0.000770321,0.000774827,0.000776142,0.000778219,0.000780193,0.000780951,0.000787128,0.000783179,0.000781054,0.000783432,0.000788342,0.000787988,0.000791026,0.00078976,0.00079219,0.000794265,0.000793709,0.000793507,0.000794822,0.00079629,0.000798874,0.000800038,0.000800695,0.000803934,0.000805352,0.000803024,0.000802923,0.000805302,0.000807429,0.00080915,0.0008092,0.000811731,0.000813909,0.000816895,0.000815123,0.000814212,0.000817401,0.000819022,0.000819933,0.000824388,0.000824084,0.000825349,0.000829451,0.000827931,0.000828235,0.000830362,0.000833601,0.000833703,0.000835475,0.000838917,0.000838056,0.000843322,0.000841094,0.000842005,0.000844689,0.0008456,0.000848942,0.000851978,0.00085208,0.000854965,0.000856737,0.000855219,0.00085704,0.000860838,0.000861546,0.000864837,0.000866912,0.000870001,0.000869241,0.000874253,0.000873493,0.000874102,0.000878152,0.000880987,0.000881694,0.000885846,0.000887618,0.000888884,0.000893744,0.000892123]},"J":{"unit":"A\/cm2","value":[-0.108709,-0.108709,-0.108708,-0.108705,-0.108704,-0.108707,-0.108708,-0.108706,-0.108705,-0.108706,-0.108706,-0.108708,-0.108706,-0.108706,-0.108706,-0.108706,-0.108706,-0.108708,-0.108705,-0.108706,-0.108709,-0.108708,-0.108705,-0.108706,-0.108705,-0.108084,-0.0983265,-0.0886267,-0.079492,-0.0711639,-0.0634955,-0.0562277,-0.049624,-0.0435606,-0.0380749,-0.0330779,-0.0286371,-0.0246788,-0.0211904,-0.0181593,-0.0154946,-0.0131462,-0.0111038,-0.00936348,-0.00798353,-0.00670152,-0.00560824,-0.00457989,-0.0037111,-0.0029562,-0.00230418,-0.00161476,-0.00115699,-0.000672789,-0.000141834,0.000331389,0.000812883,0.00125969,0.00170377,0.00212032,0.00257869,0.00286649,0.00321096,0.00360661,0.00399015,0.00433075,0.00474622,0.00507692,0.00538343,0.00578732,0.00602339,0.00624569,0.00652523,0.00681139,0.00703699,0.0072692,0.00745574,0.00762964,0.00782609,0.00784919,0.00789541,0.00800877,0.00808856,0.00814634,0.00823548,0.00826905,0.00832242,0.00837249,0.00832738,0.00831527,0.00837306,0.00842203,0.00843632,0.0084589,0.00848036,0.0084886,0.00855574,0.00851282,0.00848971,0.00851557,0.00856894,0.00856509,0.00859811,0.00858434,0.00861077,0.00863332,0.00862727,0.00862508,0.00863937,0.00865533,0.00868341,0.00869606,0.00870321,0.00873842,0.00875382,0.00872852,0.00872742,0.00875328,0.0087764,0.00879511,0.00879565,0.00882317,0.00884684,0.00887929,0.00886004,0.00885014,0.0088848,0.00890241,0.00891231,0.00896074,0.00895744,0.00897119,0.00901577,0.00899925,0.00900255,0.00902567,0.00906088,0.00906199,0.00908125,0.00911866,0.00910931,0.00916654,0.00914233,0.00915223,0.0091814,0.0091913,0.00922762,0.00926063,0.00926174,0.0092931,0.00931236,0.00929585,0.00931566,0.00935694,0.00936463,0.00940041,0.00942296,0.00945653,0.00944827,0.00950275,0.00949449,0.00950111,0.00954512,0.00957594,0.00958363,0.00962876,0.00964802,0.00966178,0.00971461,0.00969699]},"pv_cell_parameters":{"voc":{"unit":"V","value":0.9568},"isc":{"unit":"mA","value":0.85497},"jsc":{"unit":"mA\/cm2","value":9.29},"vopt":{"unit":"mV","value":715.4000000000001},"iopt":{"unit":"mA","value":0.72},"pmax":{"unit":"W","value":0.0005150900000000001},"fill_factor":{"unit":"%","value":62.97},"efficiency":{"unit":"%","value":5.6},"cell_dimension":{"unit":"cm2","value":0.092},"irradiance":{"unit":"mW\/cm2","value":100}},"calculations":{"fitted_isc":{"unit":"mA","value":0.8536599999999999},"fitted_voc":{"unit":"V","value":0.95248},"rshunt":{"unit":"Kohm","value":5.46},"rseries":{"unit":"ohm","value":214.74}},"measurement_conditions":{"sweep_direction":{"unit":"","value":"Reverse"},"nplc":{"unit":"","value":0.01},"voltage_settling_time":{"unit":"s","value":0.01},"configuration_file":{"unit":"","value":"Configuration for I-V meas_R.conf"},"sample_id":{"unit":"","value":"220719_sample-15_moo3_KBS 15 nm_64 Triple_c60_bcp_ag-2"},"note":{"unit":"","value":"\uc2dc\ub8cc\uc5d0 \uad00\ud55c \ubd80\uac00\uc801\uc778 \uc124\uba85\uc744 \uc774\uacf3\uc5d0 \uc801\uc73c\uc138\uc694. ^^"}},"key":"220719_sample-15_moo3_KBS 15 nm_64 Triple_c60_bcp_ag-2_20220719","sweep_direction":{"unit":"","value":"Reverse"},"jsc":{"unit":"mA\/cm2","value":9.29},"voc":{"unit":"V","value":0.9568},"efficiency":{"unit":"%","value":5.6},"fill_factor":{"unit":"%","value":62.97},"cell_dimension":{"unit":"cm2","value":0.092}},{"V":{"unit":"V","value":[1.5,1.48995,1.4799,1.4698,1.45975,1.4497,1.43965,1.4296,1.41955,1.40945,1.3994,1.38935,1.3793,1.36925,1.35915,1.3491,1.33905,1.329,1.31895,1.3089,1.2988,1.28875,1.2787,1.26865,1.2586,1.2485,1.23845,1.2284,1.21835,1.2083,1.19825,1.18815,1.1781,1.16805,1.158,1.14795,1.13785,1.1278,1.11775,1.1077,1.09765,1.0876,1.0775,1.06745,1.0574,1.04735,1.0373,1.0272,1.01715,1.0071,0.99705,0.987,0.97695,0.96685,0.9568,0.94675,0.9367,0.92665,0.91655,0.9065,0.89645,0.8864,0.87635,0.86625,0.8562,0.84615,0.8361,0.82605,0.816,0.8059,0.79585,0.7858,0.77575,0.7657,0.7556,0.74555,0.7355,0.72545,0.7154,0.70535,0.69525,0.6852,0.67515,0.6651,0.65505,0.64495,0.6349,0.62485,0.6148,0.60475,0.5947,0.5846,0.57455,0.5645,0.55445,0.5444,0.5343,0.52425,0.5142,0.50415,0.4941,0.48405,0.47395,0.4639,0.45385,0.4438,0.43375,0.42365,0.4136,0.40355,0.3935,0.38345,0.3734,0.3633,0.35325,0.3432,0.33315,0.3231,0.313,0.30295,0.2929,0.28285,0.2728,0.2627,0.25265,0.2426,0.23255,0.2225,0.21245,0.20235,0.1923,0.18225,0.1722,0.16215,0.15205,0.142,0.13195,0.1219,0.11185,0.1018,0.0917,0.08165,0.0716,0.06155,0.0515,0.0414,0.03135,0.0213,0.01125,0.0012,-0.00885,-0.01895,-0.029,-0.03905,-0.0491,-0.05915,-0.06925,-0.0793,-0.08935,-0.0994,-0.10945,-0.1195,-0.1296,-0.13965,-0.1497,-0.15975,-0.1698,-0.1799,-0.18995,-0.2]},"I":{"unit":"A","value":[-0.0100004,-0.0100004,-0.0100004,-0.0100004,-0.0100005,-0.0100005,-0.0100004,-0.0100005,-0.0100004,-0.0100004,-0.0100003,-0.0100005,-0.0100004,-0.0100005,-0.0100003,-0.0100005,-0.0100009,-0.0100006,-0.0100004,-0.0100007,-0.0100004,-0.0100006,-0.0100006,-0.0100005,-0.0100006,-0.0095388,-0.0087818,-0.00804658,-0.00734203,-0.00667387,-0.00603441,-0.00543312,-0.00486483,-0.00431598,-0.00381532,-0.00335323,-0.00292935,-0.00254582,-0.00219893,-0.0018892,-0.00161166,-0.00138242,-0.00116936,-0.000985875,-0.000819848,-0.000680801,-0.000561088,-0.000456917,-0.00036383,-0.000296002,-0.000228579,-0.000169862,-0.00010993,-5.88568e-5,-1.25412e-5,3.02838e-5,7.40727e-5,0.000106927,0.000139983,0.000178559,0.000214804,0.000249988,0.000285776,0.000319289,0.000352144,0.000389453,0.000412587,0.00043962,0.000472575,0.000500873,0.000530032,0.000556355,0.000579389,0.000601968,0.000625962,0.000635885,0.000645654,0.000659728,0.000673801,0.000682812,0.000691267,0.000697948,0.000703264,0.000711262,0.000708781,0.000707971,0.000711616,0.000714704,0.000717742,0.000717944,0.000720425,0.000723056,0.000726651,0.000720778,0.000718856,0.000722652,0.000723666,0.000724019,0.000725841,0.000727208,0.000727715,0.000730397,0.000725741,0.000724474,0.000727158,0.000727665,0.000728879,0.000730297,0.000730196,0.000730854,0.000733385,0.000729689,0.000728372,0.000730246,0.000731664,0.000732828,0.000734396,0.000733739,0.000734346,0.000736928,0.000735257,0.000733536,0.000734599,0.00073703,0.000737738,0.000738295,0.000739662,0.000739915,0.000742041,0.000739509,0.000739509,0.000740117,0.000742447,0.000743104,0.000743965,0.000744725,0.000746293,0.000748064,0.000745483,0.000743965,0.000747711,0.000748117,0.000748977,0.000750799,0.000750698,0.00075176,0.000755405,0.000752064,0.000751862,0.000754494,0.000755759,0.000755152,0.000757633,0.00075819,0.000758897,0.000762189,0.000758139,0.000759557,0.000760771,0.000761531,0.000763303,0.000764163,0.000765834,0.000765428,0.000768922,0.000766998,0.000767453,0.000768922,0.000768669,0.000770237]},"J":{"unit":"A\/cm2","value":[-0.1087,-0.1087,-0.1087,-0.1087,-0.108701,-0.108701,-0.1087,-0.108701,-0.1087,-0.1087,-0.108699,-0.108701,-0.1087,-0.108701,-0.108699,-0.108701,-0.108706,-0.108703,-0.1087,-0.108703,-0.1087,-0.108703,-0.108703,-0.108701,-0.108702,-0.103683,-0.0954544,-0.0874628,-0.0798046,-0.0725421,-0.0655914,-0.0590557,-0.0528786,-0.0469128,-0.0414708,-0.0364481,-0.0318408,-0.027672,-0.0239015,-0.0205348,-0.0175181,-0.0150263,-0.0127105,-0.010716,-0.00891139,-0.00740001,-0.00609879,-0.00496649,-0.00395468,-0.00321742,-0.00248456,-0.00184633,-0.0011949,-0.000639748,-0.000136317,0.000329172,0.000805138,0.00116225,0.00152156,0.00194086,0.00233483,0.00271726,0.00310626,0.00347053,0.00382765,0.00423318,0.00448464,0.00477847,0.00513669,0.00544427,0.00576122,0.00604734,0.0062977,0.00654313,0.00680394,0.00691179,0.00701798,0.00717096,0.00732392,0.00742187,0.00751377,0.00758639,0.00764417,0.00773111,0.00770414,0.00769534,0.00773496,0.00776853,0.00780155,0.00780373,0.0078307,0.00785931,0.00789838,0.00783455,0.00781365,0.00785492,0.00786593,0.00786978,0.00788958,0.00790444,0.00790995,0.0079391,0.00788848,0.00787472,0.00790389,0.0079094,0.0079226,0.00793801,0.00793691,0.00794406,0.00797157,0.00793141,0.00791709,0.00793746,0.00795287,0.00796552,0.00798257,0.00797542,0.00798202,0.00801008,0.00799192,0.00797321,0.00798478,0.0080112,0.00801889,0.00802494,0.0080398,0.00804256,0.00806566,0.00803814,0.00803814,0.00804474,0.00807007,0.00807722,0.00808657,0.00809483,0.00811188,0.00813113,0.00810307,0.00808657,0.00812729,0.0081317,0.00814106,0.00816086,0.00815976,0.0081713,0.00821093,0.0081746,0.00817242,0.00820102,0.00821477,0.00820817,0.00823514,0.00824119,0.00824889,0.00828466,0.00824065,0.00825605,0.00826925,0.00827751,0.00829677,0.00830612,0.00832428,0.00831987,0.00835785,0.00833694,0.00834188,0.00835785,0.0083551,0.00837214]},"pv_cell_parameters":{"voc":{"unit":"V","value":0.9568},"isc":{"unit":"mA","value":0.75449},"jsc":{"unit":"mA\/cm2","value":8.2},"vopt":{"unit":"mV","value":715.4000000000001},"iopt":{"unit":"mA","value":0.6737999999999998},"pmax":{"unit":"W","value":0.00048204},"fill_factor":{"unit":"%","value":66.77},"efficiency":{"unit":"%","value":5.24},"cell_dimension":{"unit":"cm2","value":0.092},"irradiance":{"unit":"mW\/cm2","value":100}},"calculations":{"fitted_isc":{"unit":"mA","value":0.75509},"fitted_voc":{"unit":"V","value":0.9509},"rshunt":{"unit":"Kohm","value":14.77},"rseries":{"unit":"ohm","value":208.56}},"measurement_conditions":{"sweep_direction":{"unit":"","value":"Reverse"},"nplc":{"unit":"","value":0.01},"voltage_settling_time":{"unit":"s","value":0.01},"configuration_file":{"unit":"","value":"Configuration for I-V meas_R.conf"},"sample_id":{"unit":"","value":"220719_sample-15_moo3_KBS 15 nm_64 Triple_c60_bcp_ag-1"},"note":{"unit":"","value":"\uc2dc\ub8cc\uc5d0 \uad00\ud55c \ubd80\uac00\uc801\uc778 \uc124\uba85\uc744 \uc774\uacf3\uc5d0 \uc801\uc73c\uc138\uc694. ^^"}},"key":"220719_sample-15_moo3_KBS 15 nm_64 Triple_c60_bcp_ag-1_20220719","sweep_direction":{"unit":"","value":"Reverse"},"jsc":{"unit":"mA\/cm2","value":8.2},"voc":{"unit":"V","value":0.9568},"efficiency":{"unit":"%","value":5.24},"fill_factor":{"unit":"%","value":66.77},"cell_dimension":{"unit":"cm2","value":0.092}}]}}