{"_id":"6295b14d256af8667a78707d","id":"KRICT-SC-00442","author":39,"input":[{"tco":{"unit":"","value":"ITO"}},{"htl":[{"material":{"unit":"","value":"NiO_4PACz"},"concentration":{"unit":"mg\/ml","value":""},"conc_unit":{"unit":"","value":"mg\/ml"},"quantity":{"unit":"ml","value":null}}],"htl_doping":[{"material":{"unit":"","value":"none"},"volume":{"unit":"ul","value":0}},{"material":{"unit":"","value":"none"},"volume":{"unit":"ul","value":0}},{"material":{"unit":"","value":"none"},"volume":{"unit":"ul","value":0}}],"spin_coating":[{"type":{"unit":"","value":null},"rpm":{"unit":"","value":0},"time":{"unit":"","value":null}}]},{"htl_treatment":[{"material":{"value":"none","unit":""},"concentration":{"value":0,"unit":"mg\/ml"},"conc_unit":{"unit":"","value":"mg\/ml"},"quantity":{"unit":"ml","value":null}}],"annealing":[{"temperature":{"value":0,"unit":"oC"},"time":{"value":0,"unit":"time"}}],"spin_coating":[{"type":{"unit":"","value":null},"rpm":{"value":0,"unit":""},"time":{"unit":"","value":null}}]},{"perovskite":{"method":{"unit":"","value":"1step"},"molarity":{"unit":"M","value":1.5},"a_site":[{"material":{"unit":"","value":"MA"},"ratio":{"unit":"%","value":15}},{"material":{"unit":"","value":"FA"},"ratio":{"unit":"%","value":80}},{"material":{"unit":"","value":"Cs"},"ratio":{"unit":"%","value":5}}],"b_site":[{"material":{"unit":"","value":"Pb"},"ratio":{"unit":"%","value":100}},{"material":{"unit":"","value":"Sn"},"ratio":{"unit":"%","value":0}}],"x_site":[{"material":{"unit":"","value":"I"},"ratio":{"unit":"%","value":80}},{"material":{"unit":"","value":"Br"},"ratio":{"unit":"%","value":20}},{"material":{"unit":"","value":"Cl"},"ratio":{"unit":"%","value":0}}],"solvent":[{"material":{"unit":"","value":"DMF"},"volume":{"unit":"ml","value":0.8}},{"material":{"unit":"","value":"DMSO"},"volume":{"unit":"ml","value":0.2}},{"material":{"unit":"","value":"none"},"volume":{"unit":"ml","value":0}}],"antisolvent":[{"material":{"unit":"","value":"none"},"quantity":{"unit":"ul","value":0},"dripping_time":{"unit":"s","value":null}}],"annealing":[{"temperature":{"unit":"oC","value":0},"time":{"unit":"min","value":0}},{"temperature":{"unit":"oC","value":0},"time":{"unit":"min","value":0}}],"spin_coating":[{"type":{"unit":"","value":null},"rpm":{"unit":"","value":0},"time":{"unit":"","value":null}}],"additive":[{"material":{"unit":"","value":"none"},"quantity":{"unit":"mol%","value":0}},{"material":{"unit":"","value":"none"},"quantity":{"unit":"mol%","value":0}},{"material":{"unit":"","value":"none"},"quantity":{"unit":"mol%","value":0}}]}},{"perovskite_treatment":[{"material":{"unit":"","value":"FAI"},"concentration":{"unit":"mg\/ml","value":100},"conc_unit":{"unit":"","value":"mg\/ml"},"quantity":{"unit":"ml","value":null}}],"annealing":[{"temperature":{"unit":"oC","value":100},"time":{"unit":"min","value":10}}],"spin_coating":[{"type":{"unit":"","value":null},"rpm":{"unit":"","value":5000},"time":{"unit":"","value":null}}]},{"etl":[{"material":{"unit":"","value":"C60"},"concentration":{"unit":"","value":""},"conc_unit":{"unit":"","value":"mg\/ml"},"quantity":{"unit":"ml","value":null}}],"annealing":[{"temperature":{"unit":"oC","value":0},"time":{"unit":"min","value":0}}],"spin_coating":[{"type":{"unit":"","value":null},"rpm":{"unit":"","value":0},"time":{"unit":"","value":null}}]},{"etl_treatment":[{"material":{"unit":"","value":"NONE"},"concentration":{"unit":"mg\/ml","value":""},"conc_unit":{"unit":"","value":"mg\/ml"},"quantity":{"unit":"ml","value":null}}],"annealing":[{"temperature":{"unit":"oC","value":0},"time":{"unit":"min","value":0}}],"spin_coating":[{"type":{"unit":"","value":null},"rpm":{"unit":"","value":0},"time":{"unit":"","value":null}}]},{"surface_treatment":{"unit":"","value":"none"}},{"annealing":[{"temperature":{"unit":"oC","value":0},"time":{"unit":"min","value":0}}],"blocking_buffer_layer":[{"material":{"unit":"","value":"BCP"},"concentration":{"unit":"","value":""},"conc_unit":{"unit":"","value":"mg\/ml"},"quantity":{"unit":"ml","value":null}}]},{"surface_treatment":{"unit":"","value":"none"}},{"anode_metal":{"unit":"","value":"Ag"}},{"note":{"unit":"","value":"-"},"ar":{"unit":"","value":0},"type":{"unit":"","value":"p-i-n"}}],"fileinfo":[{"key":"R 5-2_20220531","uploadType":"JV","original_name":"R 5-2_20220531-143221.txt","save_name":"KRICT-SC-00442\/R 5-2_20220531","uploader":39},{"key":"R 5-3_20220531","uploadType":"JV","original_name":"R 5-3_20220531-143225.txt","save_name":"KRICT-SC-00442\/R 5-3_20220531","uploader":39},{"key":"R 5-4_20220531","uploadType":"JV","original_name":"R 5-4_20220531-143229.txt","save_name":"KRICT-SC-00442\/R 5-4_20220531","uploader":39},{"key":"R 6-1_20220531","uploadType":"JV","original_name":"R 6-1_20220531-143357.txt","save_name":"KRICT-SC-00442\/R 6-1_20220531","uploader":39},{"key":"R 6-2_20220531","uploadType":"JV","original_name":"R 6-2_20220531-143346.txt","save_name":"KRICT-SC-00442\/R 6-2_20220531","uploader":39},{"key":"R 6-3_20220531","uploadType":"JV","original_name":"R 6-3_20220531-143350.txt","save_name":"KRICT-SC-00442\/R 6-3_20220531","uploader":39},{"key":"R 6-4_20220531","uploadType":"JV","original_name":"R 6-4_20220531-143354.txt","save_name":"KRICT-SC-00442\/R 6-4_20220531","uploader":39},{"key":"InputFile","uploadType":"InputFile","original_name":"input.xlsx","save_name":"KRICT-SC-00442\/InputFile","uploader":39}],"updated_at":"2024-10-25 07:08:02","created_at":"2022-05-31 06:10:21","group":2,"analysis_old":{"JV":[{"V":{"unit":"V","value":[1.5,1.48995,1.4799,1.4698,1.45975,1.4497,1.43965,1.4296,1.41955,1.40945,1.3994,1.38935,1.3793,1.36925,1.35915,1.3491,1.33905,1.329,1.31895,1.3089,1.2988,1.28875,1.2787,1.26865,1.2586,1.2485,1.23845,1.2284,1.21835,1.2083,1.19825,1.18815,1.1781,1.16805,1.158,1.14795,1.13785,1.1278,1.11775,1.1077,1.09765,1.0876,1.0775,1.06745,1.0574,1.04735,1.0373,1.0272,1.01715,1.0071,0.99705,0.987,0.97695,0.96685,0.9568,0.94675,0.9367,0.92665,0.91655,0.9065,0.89645,0.8864,0.87635,0.86625,0.8562,0.84615,0.8361,0.82605,0.816,0.8059,0.79585,0.7858,0.77575,0.7657,0.7556,0.74555,0.7355,0.72545,0.7154,0.70535,0.69525,0.6852,0.67515,0.6651,0.65505,0.64495,0.6349,0.62485,0.6148,0.60475,0.5947,0.5846,0.57455,0.5645,0.55445,0.5444,0.5343,0.52425,0.5142,0.50415,0.4941,0.48405,0.47395,0.4639,0.45385,0.4438,0.43375,0.42365,0.4136,0.40355,0.3935,0.38345,0.3734,0.3633,0.35325,0.3432,0.33315,0.3231,0.313,0.30295,0.2929,0.28285,0.2728,0.2627,0.25265,0.2426,0.23255,0.2225,0.21245,0.20235,0.1923,0.18225,0.1722,0.16215,0.15205,0.142,0.13195,0.1219,0.11185,0.1018,0.0917,0.08165,0.0716,0.06155,0.0515,0.0414,0.03135,0.0213,0.01125,0.0012,-0.00885,-0.01895,-0.029,-0.03905,-0.0491,-0.05915,-0.06925,-0.0793,-0.08935,-0.0994,-0.10945,-0.1195,-0.1296,-0.13965,-0.1497,-0.15975,-0.1698,-0.1799,-0.18995,-0.2]},"I":{"unit":"A","value":[-0.0100014,-0.0100015,-0.0100014,-0.0100014,-0.0100014,-0.0100016,-0.0100014,-0.0100015,-0.0100015,-0.0100015,-0.0100016,-0.0100014,-0.0100015,-0.0100014,-0.0100014,-0.009565,-0.00889189,-0.00823877,-0.0076105,-0.00699798,-0.00641036,-0.00584406,-0.00529815,-0.00477381,-0.00426603,-0.00376968,-0.00332462,-0.0028792,-0.00244254,-0.00203569,-0.00165542,-0.0012915,-0.000953144,-0.000638581,-0.000333687,-8.9488e-5,0.000156549,0.000381331,0.000596392,0.000781736,0.000942576,0.00108296,0.00121778,0.00131104,0.00140262,0.00148003,0.00155258,0.00161059,0.00165813,0.00169408,0.00172926,0.00174987,0.00177422,0.00179315,0.00181062,0.00182024,0.00183487,0.00184348,0.00185097,0.00185831,0.00185993,0.00186433,0.00187137,0.00187233,0.0018774,0.00188195,0.00188064,0.00188504,0.00188671,0.00188818,0.0018856,0.00188712,0.00189344,0.00189253,0.00188924,0.00189273,0.00189279,0.00189461,0.00189299,0.00189355,0.00189436,0.00189547,0.00189613,0.00189597,0.00189329,0.00189623,0.0018979,0.00189597,0.00189597,0.00189527,0.00189871,0.00189704,0.00189957,0.00189592,0.00190003,0.00189597,0.00189765,0.00189825,0.00190089,0.00189861,0.00190256,0.00190023,0.00189876,0.00190291,0.00190175,0.0019022,0.0019024,0.00190134,0.00190139,0.00190235,0.00190413,0.0019057,0.00189846,0.00190443,0.00190129,0.00190084,0.00190646,0.00190337,0.00190251,0.00190342,0.00190311,0.00190489,0.00190382,0.00190129,0.00190392,0.00190215,0.00190261,0.0019017,0.00190605,0.0019019,0.00190286,0.00190514,0.0019017,0.00190149,0.00190448,0.00190235,0.00190423,0.00190448,0.00190559,0.00190504,0.00190529,0.00190615,0.0019017,0.00190428,0.00190757,0.00190362,0.00190382,0.0019057,0.00190635,0.001906,0.00190433,0.00190979,0.00190868,0.00190848,0.00190777,0.00190721,0.00190813,0.00190747,0.00190777,0.0019062,0.0019102,0.00190575,0.00190549,0.00190929,0.00190802,0.00190752,0.0019101,0.00190701,0.00191076,0.00191111]},"J":{"unit":"A\/cm2","value":[-0.106398,-0.106399,-0.106398,-0.106397,-0.106397,-0.1064,-0.106397,-0.106399,-0.106399,-0.106399,-0.1064,-0.106398,-0.106399,-0.106398,-0.106397,-0.101755,-0.0945945,-0.0876464,-0.0809628,-0.0744466,-0.0681953,-0.0621708,-0.0563633,-0.0507853,-0.0453833,-0.040103,-0.0353683,-0.0306298,-0.0259844,-0.0216563,-0.0176108,-0.0137394,-0.0101398,-0.00679341,-0.00354986,-0.000952,0.00166541,0.00405671,0.0063446,0.00831634,0.0100274,0.0115209,0.0129551,0.0139472,0.0149215,0.015745,0.0165168,0.017134,0.0176397,0.0180221,0.0183964,0.0186156,0.0188747,0.0190761,0.0192619,0.0193642,0.0195199,0.0196114,0.0196911,0.0197692,0.0197865,0.0198333,0.0199082,0.0199184,0.0199723,0.0200208,0.0200068,0.0200536,0.0200714,0.020087,0.0200595,0.0200757,0.020143,0.0201333,0.0200983,0.0201355,0.020136,0.0201554,0.0201382,0.0201441,0.0201527,0.0201646,0.0201716,0.0201699,0.0201414,0.0201726,0.0201904,0.0201699,0.0201699,0.0201624,0.020199,0.0201813,0.0202082,0.0201694,0.020213,0.0201699,0.0201877,0.0201942,0.0202222,0.020198,0.02024,0.0202152,0.0201996,0.0202437,0.0202314,0.0202362,0.0202383,0.020227,0.0202276,0.0202378,0.0202566,0.0202734,0.0201963,0.0202599,0.0202265,0.0202217,0.0202814,0.0202486,0.0202394,0.0202491,0.0202459,0.0202647,0.0202534,0.0202265,0.0202545,0.0202356,0.0202405,0.0202308,0.0202771,0.020233,0.0202432,0.0202674,0.0202308,0.0202286,0.0202604,0.0202378,0.0202577,0.0202604,0.0202723,0.0202664,0.020269,0.0202782,0.0202308,0.0202583,0.0202933,0.0202513,0.0202534,0.0202734,0.0202804,0.0202766,0.0202588,0.020317,0.0203051,0.020303,0.0202954,0.0202895,0.0202992,0.0202922,0.0202954,0.0202787,0.0203213,0.0202739,0.0202712,0.0203116,0.0202981,0.0202927,0.0203202,0.0202874,0.0203272,0.020331]},"pv_cell_parameters":{"voc":{"unit":"V","value":1.15},"isc":{"unit":"mA","value":1.91},"jsc":{"unit":"mA\/cm2","value":20.28},"vopt":{"unit":"mV","value":966.8500000000001},"iopt":{"unit":"mA","value":1.79},"pmax":{"unit":"W","value":0.00173},"fill_factor":{"unit":"%","value":79.24},"efficiency":{"unit":"%","value":18.44},"cell_dimension":{"unit":"cm2","value":0.094},"irradiance":{"unit":"mW\/cm2","value":100}},"calculations":{"fitted_isc":{"unit":"mA","value":1.91},"fitted_voc":{"unit":"V","value":1.14},"rshunt":{"unit":"Kohm","value":67.79},"rseries":{"unit":"ohm","value":37.34}},"measurement_conditions":{"sweep_direction":{"unit":"","value":"Reverse"},"nplc":{"unit":"","value":0.01},"voltage_settling_time":{"unit":"s","value":0.01},"configuration_file":{"unit":"","value":"Configuration for I-V meas.conf"},"sample_id":{"unit":"","value":"R 6-4"},"note":{"unit":"","value":"\uc2dc\ub8cc\uc5d0 \uad00\ud55c \ubd80\uac00\uc801\uc778 \uc124\uba85\uc744 \uc774\uacf3\uc5d0 \uc801\uc73c\uc138\uc694. ^^"}},"key":"R 6-4_20220531"},{"V":{"unit":"V","value":[1.5,1.48995,1.4799,1.4698,1.45975,1.4497,1.43965,1.4296,1.41955,1.40945,1.3994,1.38935,1.3793,1.36925,1.35915,1.3491,1.33905,1.329,1.31895,1.3089,1.2988,1.28875,1.2787,1.26865,1.2586,1.2485,1.23845,1.2284,1.21835,1.2083,1.19825,1.18815,1.1781,1.16805,1.158,1.14795,1.13785,1.1278,1.11775,1.1077,1.09765,1.0876,1.0775,1.06745,1.0574,1.04735,1.0373,1.0272,1.01715,1.0071,0.99705,0.987,0.97695,0.96685,0.9568,0.94675,0.9367,0.92665,0.91655,0.9065,0.89645,0.8864,0.87635,0.86625,0.8562,0.84615,0.8361,0.82605,0.816,0.8059,0.79585,0.7858,0.77575,0.7657,0.7556,0.74555,0.7355,0.72545,0.7154,0.70535,0.69525,0.6852,0.67515,0.6651,0.65505,0.64495,0.6349,0.62485,0.6148,0.60475,0.5947,0.5846,0.57455,0.5645,0.55445,0.5444,0.5343,0.52425,0.5142,0.50415,0.4941,0.48405,0.47395,0.4639,0.45385,0.4438,0.43375,0.42365,0.4136,0.40355,0.3935,0.38345,0.3734,0.3633,0.35325,0.3432,0.33315,0.3231,0.313,0.30295,0.2929,0.28285,0.2728,0.2627,0.25265,0.2426,0.23255,0.2225,0.21245,0.20235,0.1923,0.18225,0.1722,0.16215,0.15205,0.142,0.13195,0.1219,0.11185,0.1018,0.0917,0.08165,0.0716,0.06155,0.0515,0.0414,0.03135,0.0213,0.01125,0.0012,-0.00885,-0.01895,-0.029,-0.03905,-0.0491,-0.05915,-0.06925,-0.0793,-0.08935,-0.0994,-0.10945,-0.1195,-0.1296,-0.13965,-0.1497,-0.15975,-0.1698,-0.1799,-0.18995,-0.2]},"I":{"unit":"A","value":[-0.0100012,-0.0100012,-0.0100011,-0.0100014,-0.0100011,-0.0100013,-0.0100011,-0.0100013,-0.0100012,-0.0100012,-0.0100011,-0.0100012,-0.00991522,-0.00934923,-0.00883381,-0.00832128,-0.00781801,-0.00732659,-0.0068459,-0.00636632,-0.00590349,-0.00545211,-0.00501045,-0.00458159,-0.0041618,-0.00374742,-0.00336417,-0.00297865,-0.00259747,-0.0022364,-0.00188909,-0.00155743,-0.00124044,-0.000937479,-0.000643425,-0.000388349,-0.000144813,0.000100654,0.000322595,0.000526566,0.000715651,0.000882259,0.00103429,0.00117427,0.0012782,0.00138061,0.00146992,0.00155178,0.00161724,0.00167308,0.00171798,0.00175772,0.00178445,0.00181225,0.00183229,0.00184951,0.00186191,0.00187826,0.00188747,0.00189486,0.00190246,0.00190545,0.00190762,0.00191663,0.00191998,0.00192048,0.00192251,0.00192706,0.00192681,0.00192752,0.00192868,0.00192691,0.00193334,0.0019341,0.00193354,0.00193294,0.00193466,0.00193724,0.00193618,0.00193724,0.00193861,0.00193354,0.00193623,0.0019381,0.00193638,0.00193395,0.00193587,0.001938,0.00193749,0.00193612,0.00193501,0.00193845,0.00193709,0.00193932,0.00193653,0.00194093,0.00193724,0.00193896,0.00194083,0.00193916,0.00194063,0.00194013,0.00194053,0.00194134,0.00194073,0.00194215,0.00194033,0.00193987,0.00194311,0.00193982,0.00194271,0.00194397,0.00194185,0.00194433,0.00193987,0.00194392,0.00194387,0.00194397,0.00194154,0.0019459,0.00194357,0.00194504,0.00194428,0.00194473,0.00194266,0.00194463,0.00194392,0.00194276,0.00194357,0.00194524,0.00194529,0.00194494,0.00194802,0.00194514,0.00194519,0.00194868,0.00194959,0.00194711,0.00194868,0.00195035,0.00194534,0.00194984,0.00194671,0.00194757,0.00194817,0.00194878,0.00194661,0.00194888,0.00194843,0.00194873,0.00195045,0.00194691,0.0019501,0.00194984,0.00194812,0.00195045,0.00194802,0.00195111,0.00194873,0.00195192,0.00195005,0.00194924,0.00194802,0.00195005,0.00195065,0.0019505,0.00194929,0.00195045,0.00194747,0.00195126]},"J":{"unit":"A\/cm2","value":[-0.106395,-0.106395,-0.106395,-0.106398,-0.106395,-0.106396,-0.106395,-0.106396,-0.106395,-0.106396,-0.106394,-0.106396,-0.105481,-0.0994599,-0.0939767,-0.0885243,-0.0831703,-0.0779424,-0.0728287,-0.0677268,-0.0628031,-0.0580012,-0.0533026,-0.0487404,-0.0442744,-0.0398662,-0.0357891,-0.0316877,-0.0276327,-0.0237915,-0.0200967,-0.0165684,-0.0131962,-0.00997318,-0.00684494,-0.00413137,-0.00154057,0.00107079,0.00343186,0.00560177,0.0076133,0.00938573,0.011003,0.0124922,0.0135979,0.0146874,0.0156374,0.0165083,0.0172046,0.0177987,0.0182764,0.0186992,0.0189835,0.0192792,0.0194925,0.0196756,0.0198075,0.0199815,0.0200795,0.0201581,0.0202389,0.0202707,0.0202939,0.0203897,0.0204253,0.0204307,0.0204522,0.0205007,0.020498,0.0205055,0.0205179,0.0204991,0.0205675,0.0205755,0.0205696,0.0205631,0.0205815,0.0206089,0.0205976,0.0206089,0.0206235,0.0205696,0.0205982,0.0206181,0.0205998,0.0205739,0.0205944,0.020617,0.0206116,0.0205971,0.0205852,0.0206219,0.0206073,0.020631,0.0206014,0.0206482,0.0206089,0.0206272,0.0206472,0.0206294,0.020645,0.0206396,0.0206439,0.0206526,0.0206461,0.0206612,0.0206418,0.0206369,0.0206714,0.0206364,0.0206671,0.0206806,0.0206579,0.0206843,0.0206369,0.02068,0.0206795,0.0206806,0.0206547,0.020701,0.0206763,0.0206919,0.0206838,0.0206886,0.0206666,0.0206876,0.02068,0.0206676,0.0206763,0.020694,0.0206946,0.0206908,0.0207236,0.0206929,0.0206935,0.0207306,0.0207403,0.0207139,0.0207306,0.0207484,0.0206951,0.020743,0.0207096,0.0207188,0.0207253,0.0207317,0.0207086,0.0207328,0.0207279,0.0207312,0.0207495,0.0207118,0.0207457,0.020743,0.0207247,0.0207495,0.0207236,0.0207565,0.0207312,0.0207651,0.0207452,0.0207366,0.0207236,0.0207452,0.0207516,0.02075,0.0207371,0.0207495,0.0207177,0.0207581]},"pv_cell_parameters":{"voc":{"unit":"V","value":1.13},"isc":{"unit":"mA","value":1.95},"jsc":{"unit":"mA\/cm2","value":20.73},"vopt":{"unit":"mV","value":956.8},"iopt":{"unit":"mA","value":1.83},"pmax":{"unit":"W","value":0.00175},"fill_factor":{"unit":"%","value":79.77},"efficiency":{"unit":"%","value":18.65},"cell_dimension":{"unit":"cm2","value":0.094},"irradiance":{"unit":"mW\/cm2","value":100}},"calculations":{"fitted_isc":{"unit":"mA","value":1.95},"fitted_voc":{"unit":"V","value":1.13},"rshunt":{"unit":"Kohm","value":174.6},"rseries":{"unit":"ohm","value":42.65}},"measurement_conditions":{"sweep_direction":{"unit":"","value":"Reverse"},"nplc":{"unit":"","value":0.01},"voltage_settling_time":{"unit":"s","value":0.01},"configuration_file":{"unit":"","value":"Configuration for I-V meas.conf"},"sample_id":{"unit":"","value":"R 6-3"},"note":{"unit":"","value":"\uc2dc\ub8cc\uc5d0 \uad00\ud55c \ubd80\uac00\uc801\uc778 \uc124\uba85\uc744 \uc774\uacf3\uc5d0 \uc801\uc73c\uc138\uc694. ^^"}},"key":"R 6-3_20220531"},{"V":{"unit":"V","value":[1.5,1.48995,1.4799,1.4698,1.45975,1.4497,1.43965,1.4296,1.41955,1.40945,1.3994,1.38935,1.3793,1.36925,1.35915,1.3491,1.33905,1.329,1.31895,1.3089,1.2988,1.28875,1.2787,1.26865,1.2586,1.2485,1.23845,1.2284,1.21835,1.2083,1.19825,1.18815,1.1781,1.16805,1.158,1.14795,1.13785,1.1278,1.11775,1.1077,1.09765,1.0876,1.0775,1.06745,1.0574,1.04735,1.0373,1.0272,1.01715,1.0071,0.99705,0.987,0.97695,0.96685,0.9568,0.94675,0.9367,0.92665,0.91655,0.9065,0.89645,0.8864,0.87635,0.86625,0.8562,0.84615,0.8361,0.82605,0.816,0.8059,0.79585,0.7858,0.77575,0.7657,0.7556,0.74555,0.7355,0.72545,0.7154,0.70535,0.69525,0.6852,0.67515,0.6651,0.65505,0.64495,0.6349,0.62485,0.6148,0.60475,0.5947,0.5846,0.57455,0.5645,0.55445,0.5444,0.5343,0.52425,0.5142,0.50415,0.4941,0.48405,0.47395,0.4639,0.45385,0.4438,0.43375,0.42365,0.4136,0.40355,0.3935,0.38345,0.3734,0.3633,0.35325,0.3432,0.33315,0.3231,0.313,0.30295,0.2929,0.28285,0.2728,0.2627,0.25265,0.2426,0.23255,0.2225,0.21245,0.20235,0.1923,0.18225,0.1722,0.16215,0.15205,0.142,0.13195,0.1219,0.11185,0.1018,0.0917,0.08165,0.0716,0.06155,0.0515,0.0414,0.03135,0.0213,0.01125,0.0012,-0.00885,-0.01895,-0.029,-0.03905,-0.0491,-0.05915,-0.06925,-0.0793,-0.08935,-0.0994,-0.10945,-0.1195,-0.1296,-0.13965,-0.1497,-0.15975,-0.1698,-0.1799,-0.18995,-0.2]},"I":{"unit":"A","value":[-0.0100018,-0.0100017,-0.0100017,-0.0100017,-0.0100016,-0.0100016,-0.0100018,-0.0100016,-0.0100017,-0.0100018,-0.0100017,-0.0100016,-0.0100017,-0.0100018,-0.0100016,-0.0100019,-0.0100017,-0.0100018,-0.0100015,-0.0100016,-0.00940241,-0.00861678,-0.00786366,-0.00714557,-0.00645107,-0.00578856,-0.00515096,-0.00453897,-0.00398014,-0.00343139,-0.00291402,-0.00242545,-0.00196772,-0.00154126,-0.00113881,-0.000762021,-0.000419351,-0.000108372,0.000173463,0.000423415,0.000648405,0.000844995,0.00101703,0.00116871,0.00130176,0.00139735,0.00148995,0.00157414,0.00163697,0.00169033,0.00173661,0.00176698,0.00179701,0.00182015,0.00183579,0.00185037,0.00186556,0.00187178,0.00188313,0.00188783,0.00189492,0.00189659,0.00190206,0.00190186,0.00190798,0.00190783,0.00191047,0.00191401,0.00191624,0.00191684,0.00191639,0.00192297,0.00191492,0.00192024,0.00192429,0.00192267,0.00192226,0.0019252,0.0019254,0.00192186,0.0019256,0.00192737,0.00192667,0.00192631,0.0019298,0.00192621,0.00192859,0.00192894,0.00192991,0.00192904,0.00192697,0.00193178,0.00193031,0.0019294,0.00193122,0.00193137,0.0019335,0.00193335,0.00193456,0.00193133,0.00193188,0.00193507,0.00193705,0.00193072,0.00193755,0.0019373,0.00193416,0.00193618,0.00193806,0.00193862,0.00193583,0.00193553,0.00193578,0.00193532,0.00193618,0.00193705,0.00193689,0.00193674,0.00193725,0.00193689,0.00194084,0.0019378,0.00193887,0.00193786,0.00193973,0.00193745,0.00193669,0.00193674,0.00193765,0.00193927,0.0019415,0.00193867,0.00194196,0.00194018,0.0019415,0.00194216,0.0019414,0.00194089,0.00194357,0.00194074,0.00194145,0.00194261,0.0019418,0.0019457,0.00194155,0.00194282,0.00194418,0.0019418,0.00194226,0.00194499,0.00194368,0.00194322,0.00194484,0.00194494,0.00194429,0.0019456,0.0019455,0.00194373,0.00194631,0.00194575,0.00194925,0.00194429,0.00194216,0.0019457,0.00194494,0.0019456,0.0019455,0.00194773,0.00194646,0.00194611]},"J":{"unit":"A\/cm2","value":[-0.106402,-0.106401,-0.106401,-0.106401,-0.1064,-0.1064,-0.106403,-0.1064,-0.106401,-0.106402,-0.106401,-0.1064,-0.106401,-0.106402,-0.1064,-0.106404,-0.106401,-0.106402,-0.106399,-0.1064,-0.100026,-0.0916679,-0.0836559,-0.0760167,-0.0686284,-0.0615804,-0.0547974,-0.048287,-0.042342,-0.0365041,-0.0310002,-0.0258027,-0.0209331,-0.0163964,-0.012115,-0.00810661,-0.00446118,-0.0011529,0.00184535,0.00450441,0.00689793,0.0089893,0.0108195,0.0124331,0.0138485,0.0148654,0.0158505,0.0167462,0.0174146,0.0179823,0.0184745,0.0187977,0.0191171,0.0193632,0.0195297,0.0196848,0.0198464,0.0199126,0.0200332,0.0200833,0.0201588,0.0201765,0.0202347,0.0202325,0.0202977,0.0202961,0.0203241,0.0203618,0.0203855,0.020392,0.0203871,0.0204571,0.0203715,0.020428,0.0204711,0.0204539,0.0204496,0.0204808,0.020483,0.0204453,0.0204851,0.020504,0.0204964,0.0204927,0.0205298,0.0204916,0.0205169,0.0205207,0.0205309,0.0205218,0.0204997,0.0205508,0.0205352,0.0205255,0.0205449,0.0205465,0.0205691,0.0205675,0.0205805,0.020546,0.0205519,0.0205859,0.0206069,0.0205395,0.0206122,0.0206096,0.0205762,0.0205977,0.0206176,0.0206236,0.0205939,0.0205907,0.0205934,0.0205886,0.0205977,0.0206069,0.0206052,0.0206036,0.020609,0.0206052,0.0206473,0.0206149,0.0206263,0.0206155,0.0206354,0.0206112,0.0206031,0.0206036,0.0206133,0.0206306,0.0206543,0.0206241,0.0206591,0.0206402,0.0206543,0.0206613,0.0206532,0.0206478,0.0206763,0.0206462,0.0206537,0.0206661,0.0206575,0.020699,0.0206548,0.0206683,0.0206828,0.0206575,0.0206623,0.0206914,0.0206774,0.0206726,0.0206898,0.0206909,0.0206839,0.0206979,0.0206968,0.020678,0.0207054,0.0206995,0.0207367,0.0206839,0.0206613,0.020699,0.0206909,0.0206979,0.0206968,0.0207205,0.020707,0.0207033]},"pv_cell_parameters":{"voc":{"unit":"V","value":1.13},"isc":{"unit":"mA","value":1.94},"jsc":{"unit":"mA\/cm2","value":20.69},"vopt":{"unit":"mV","value":966.8500000000001},"iopt":{"unit":"mA","value":1.82},"pmax":{"unit":"W","value":0.00176},"fill_factor":{"unit":"%","value":80.23},"efficiency":{"unit":"%","value":18.72},"cell_dimension":{"unit":"cm2","value":0.094},"irradiance":{"unit":"mW\/cm2","value":100}},"calculations":{"fitted_isc":{"unit":"mA","value":1.94},"fitted_voc":{"unit":"V","value":1.12},"rshunt":{"unit":"Kohm","value":65.85},"rseries":{"unit":"ohm","value":32.18}},"measurement_conditions":{"sweep_direction":{"unit":"","value":"Reverse"},"nplc":{"unit":"","value":0.01},"voltage_settling_time":{"unit":"s","value":0.01},"configuration_file":{"unit":"","value":"Configuration for I-V meas.conf"},"sample_id":{"unit":"","value":"R 6-2"},"note":{"unit":"","value":"\uc2dc\ub8cc\uc5d0 \uad00\ud55c \ubd80\uac00\uc801\uc778 \uc124\uba85\uc744 \uc774\uacf3\uc5d0 \uc801\uc73c\uc138\uc694. ^^"}},"key":"R 6-2_20220531"},{"V":{"unit":"V","value":[1.5,1.48995,1.4799,1.4698,1.45975,1.4497,1.43965,1.4296,1.41955,1.40945,1.3994,1.38935,1.3793,1.36925,1.35915,1.3491,1.33905,1.329,1.31895,1.3089,1.2988,1.28875,1.2787,1.26865,1.2586,1.2485,1.23845,1.2284,1.21835,1.2083,1.19825,1.18815,1.1781,1.16805,1.158,1.14795,1.13785,1.1278,1.11775,1.1077,1.09765,1.0876,1.0775,1.06745,1.0574,1.04735,1.0373,1.0272,1.01715,1.0071,0.99705,0.987,0.97695,0.96685,0.9568,0.94675,0.9367,0.92665,0.91655,0.9065,0.89645,0.8864,0.87635,0.86625,0.8562,0.84615,0.8361,0.82605,0.816,0.8059,0.79585,0.7858,0.77575,0.7657,0.7556,0.74555,0.7355,0.72545,0.7154,0.70535,0.69525,0.6852,0.67515,0.6651,0.65505,0.64495,0.6349,0.62485,0.6148,0.60475,0.5947,0.5846,0.57455,0.5645,0.55445,0.5444,0.5343,0.52425,0.5142,0.50415,0.4941,0.48405,0.47395,0.4639,0.45385,0.4438,0.43375,0.42365,0.4136,0.40355,0.3935,0.38345,0.3734,0.3633,0.35325,0.3432,0.33315,0.3231,0.313,0.30295,0.2929,0.28285,0.2728,0.2627,0.25265,0.2426,0.23255,0.2225,0.21245,0.20235,0.1923,0.18225,0.1722,0.16215,0.15205,0.142,0.13195,0.1219,0.11185,0.1018,0.0917,0.08165,0.0716,0.06155,0.0515,0.0414,0.03135,0.0213,0.01125,0.0012,-0.00885,-0.01895,-0.029,-0.03905,-0.0491,-0.05915,-0.06925,-0.0793,-0.08935,-0.0994,-0.10945,-0.1195,-0.1296,-0.13965,-0.1497,-0.15975,-0.1698,-0.1799,-0.18995,-0.2]},"I":{"unit":"A","value":[-0.0100014,-0.0100014,-0.0100017,-0.0100015,-0.0100013,-0.0100013,-0.0100015,-0.0100017,-0.0100016,-0.0100014,-0.0100015,-0.0100014,-0.0100016,-0.0100015,-0.0100017,-0.0100016,-0.0100015,-0.00955141,-0.00882995,-0.00814493,-0.00748335,-0.00684895,-0.00624508,-0.0056565,-0.00510968,-0.00456524,-0.00404611,-0.00354855,-0.00307771,-0.0026128,-0.00218104,-0.0017666,-0.00141396,-0.00106143,-0.000730566,-0.000406585,-0.000117735,0.000139539,0.000376069,0.000594423,0.000759617,0.000928459,0.00107776,0.00120321,0.00131545,0.00141934,0.00149892,0.00156843,0.0016178,0.00166275,0.00170179,0.00173692,0.0017599,0.00178532,0.00180294,0.00182101,0.00182972,0.00183924,0.00185022,0.00185893,0.00186126,0.00186885,0.00187068,0.00187478,0.00188065,0.00187969,0.00187933,0.00188592,0.00188475,0.0018889,0.00188824,0.00189078,0.001893,0.00189214,0.00189346,0.0018925,0.00189326,0.00189594,0.00189852,0.00189766,0.0018971,0.00189984,0.00189979,0.00189786,0.00189786,0.00190085,0.00190131,0.00189523,0.00190227,0.00190338,0.00189999,0.00190227,0.00190115,0.00190257,0.00190217,0.00190166,0.00190141,0.00190404,0.00190455,0.00190242,0.00190207,0.00190151,0.0019045,0.00190374,0.00190308,0.00190586,0.00190677,0.0019048,0.00190546,0.00190445,0.00190551,0.0019049,0.0019045,0.00190728,0.0019051,0.0019088,0.00191032,0.00190789,0.00190931,0.00190905,0.00190743,0.00190991,0.00190743,0.00191108,0.00190784,0.00191082,0.00191017,0.00191093,0.00190971,0.00190956,0.00191128,0.00190753,0.00191214,0.00191254,0.00191336,0.00191153,0.00191219,0.00191249,0.00191406,0.00191513,0.00191204,0.00191396,0.00191437,0.00191751,0.00191219,0.00191578,0.00191685,0.00191437,0.00191715,0.0019169,0.00191482,0.00191482,0.00191908,0.00191862,0.00191902,0.00191766,0.00191619,0.00192029,0.00191842,0.00191801,0.00191958,0.00191938,0.00191639,0.00191857,0.00191943,0.0019129,0.00191913,0.00192029,0.00191796,0.00191796]},"J":{"unit":"A\/cm2","value":[-0.106398,-0.106398,-0.106401,-0.106399,-0.106397,-0.106397,-0.106399,-0.106401,-0.1064,-0.106398,-0.106399,-0.106398,-0.1064,-0.106399,-0.106401,-0.1064,-0.106399,-0.101611,-0.0939356,-0.0866482,-0.0796101,-0.0728612,-0.066437,-0.0601755,-0.0543583,-0.0485664,-0.0430437,-0.0377505,-0.0327416,-0.0277957,-0.0232026,-0.0187936,-0.0150422,-0.0112918,-0.00777198,-0.00432537,-0.0012525,0.00148446,0.00400073,0.00632365,0.00808104,0.00987722,0.0114655,0.0128001,0.0139942,0.0150993,0.015946,0.0166855,0.0172106,0.0176889,0.0181041,0.0184779,0.0187224,0.0189928,0.0191802,0.0193725,0.0194651,0.0195664,0.0196832,0.0197759,0.0198006,0.0198814,0.0199008,0.0199444,0.0200069,0.0199967,0.0199929,0.0200629,0.0200506,0.0200947,0.0200877,0.0201146,0.0201383,0.0201292,0.0201432,0.0201329,0.020141,0.0201696,0.020197,0.0201879,0.0201819,0.020211,0.0202105,0.02019,0.02019,0.0202218,0.0202266,0.020162,0.0202369,0.0202487,0.0202127,0.0202369,0.020225,0.0202401,0.0202358,0.0202304,0.0202277,0.0202557,0.0202611,0.0202385,0.0202347,0.0202288,0.0202606,0.0202525,0.0202455,0.0202751,0.0202848,0.0202638,0.0202708,0.0202601,0.0202714,0.0202649,0.0202606,0.0202902,0.0202671,0.0203064,0.0203225,0.0202967,0.0203118,0.0203091,0.0202918,0.0203182,0.0202918,0.0203306,0.0202961,0.0203279,0.0203209,0.020329,0.0203161,0.0203145,0.0203328,0.0202929,0.0203419,0.0203462,0.0203548,0.0203355,0.0203425,0.0203457,0.0203624,0.0203737,0.0203409,0.0203613,0.0203656,0.020399,0.0203425,0.0203807,0.020392,0.0203656,0.0203952,0.0203925,0.0203705,0.0203705,0.0204157,0.0204109,0.0204152,0.0204006,0.020385,0.0204286,0.0204087,0.0204044,0.0204211,0.0204189,0.0203872,0.0204103,0.0204195,0.02035,0.0204162,0.0204286,0.0204039,0.0204039]},"pv_cell_parameters":{"voc":{"unit":"V","value":1.14},"isc":{"unit":"mA","value":1.9200000000000002},"jsc":{"unit":"mA\/cm2","value":20.39},"vopt":{"unit":"mV","value":966.8500000000001},"iopt":{"unit":"mA","value":1.79},"pmax":{"unit":"W","value":0.00173},"fill_factor":{"unit":"%","value":79.14},"efficiency":{"unit":"%","value":18.36},"cell_dimension":{"unit":"cm2","value":0.094},"irradiance":{"unit":"mW\/cm2","value":100}},"calculations":{"fitted_isc":{"unit":"mA","value":1.9200000000000002},"fitted_voc":{"unit":"V","value":1.13},"rshunt":{"unit":"Kohm","value":30.240000000000002},"rseries":{"unit":"ohm","value":35.4}},"measurement_conditions":{"sweep_direction":{"unit":"","value":"Reverse"},"nplc":{"unit":"","value":0.01},"voltage_settling_time":{"unit":"s","value":0.01},"configuration_file":{"unit":"","value":"Configuration for I-V meas.conf"},"sample_id":{"unit":"","value":"R 6-1"},"note":{"unit":"","value":"\uc2dc\ub8cc\uc5d0 \uad00\ud55c \ubd80\uac00\uc801\uc778 \uc124\uba85\uc744 \uc774\uacf3\uc5d0 \uc801\uc73c\uc138\uc694. ^^"}},"key":"R 6-1_20220531"},{"V":{"unit":"V","value":[1.5,1.48995,1.4799,1.4698,1.45975,1.4497,1.43965,1.4296,1.41955,1.40945,1.3994,1.38935,1.3793,1.36925,1.35915,1.3491,1.33905,1.329,1.31895,1.3089,1.2988,1.28875,1.2787,1.26865,1.2586,1.2485,1.23845,1.2284,1.21835,1.2083,1.19825,1.18815,1.1781,1.16805,1.158,1.14795,1.13785,1.1278,1.11775,1.1077,1.09765,1.0876,1.0775,1.06745,1.0574,1.04735,1.0373,1.0272,1.01715,1.0071,0.99705,0.987,0.97695,0.96685,0.9568,0.94675,0.9367,0.92665,0.91655,0.9065,0.89645,0.8864,0.87635,0.86625,0.8562,0.84615,0.8361,0.82605,0.816,0.8059,0.79585,0.7858,0.77575,0.7657,0.7556,0.74555,0.7355,0.72545,0.7154,0.70535,0.69525,0.6852,0.67515,0.6651,0.65505,0.64495,0.6349,0.62485,0.6148,0.60475,0.5947,0.5846,0.57455,0.5645,0.55445,0.5444,0.5343,0.52425,0.5142,0.50415,0.4941,0.48405,0.47395,0.4639,0.45385,0.4438,0.43375,0.42365,0.4136,0.40355,0.3935,0.38345,0.3734,0.3633,0.35325,0.3432,0.33315,0.3231,0.313,0.30295,0.2929,0.28285,0.2728,0.2627,0.25265,0.2426,0.23255,0.2225,0.21245,0.20235,0.1923,0.18225,0.1722,0.16215,0.15205,0.142,0.13195,0.1219,0.11185,0.1018,0.0917,0.08165,0.0716,0.06155,0.0515,0.0414,0.03135,0.0213,0.01125,0.0012,-0.00885,-0.01895,-0.029,-0.03905,-0.0491,-0.05915,-0.06925,-0.0793,-0.08935,-0.0994,-0.10945,-0.1195,-0.1296,-0.13965,-0.1497,-0.15975,-0.1698,-0.1799,-0.18995,-0.2]},"I":{"unit":"A","value":[-0.0100015,-0.0100011,-0.0100016,-0.0100015,-0.0100013,-0.0100018,-0.0100015,-0.0100018,-0.0100015,-0.0100016,-0.0100015,-0.0100014,-0.00948661,-0.00887035,-0.00826963,-0.00769163,-0.00714113,-0.00661072,-0.00609408,-0.00558361,-0.00509421,-0.00462156,-0.00416344,-0.00372019,-0.00329037,-0.00286905,-0.00249455,-0.00211788,-0.00176232,-0.00140675,-0.00108247,-0.000775304,-0.00048818,-0.00021194,1.56555e-5,0.00023264,0.000452052,0.000646609,0.00081651,0.000975072,0.00111374,0.00122987,0.00134125,0.00141679,0.00149556,0.00156689,0.00162309,0.00166916,0.00170748,0.00174201,0.0017659,0.00178924,0.00180407,0.00181708,0.00183207,0.00184204,0.0018504,0.00185981,0.00186194,0.0018671,0.00187348,0.00187293,0.00187905,0.00188082,0.00188143,0.00188492,0.00188791,0.00188766,0.00188634,0.00189019,0.00188649,0.00189085,0.0018914,0.00189267,0.00189287,0.00189307,0.00189383,0.00189535,0.00189419,0.00189363,0.00189348,0.0018949,0.00189662,0.00189551,0.00189829,0.001899,0.00189758,0.00190006,0.00189611,0.00189591,0.00190173,0.00189935,0.00190041,0.0019029,0.00189915,0.00190082,0.0018991,0.00190209,0.00190143,0.00189814,0.00190153,0.00190148,0.00190168,0.00190366,0.00190345,0.00190588,0.0019033,0.00190041,0.00190467,0.0019028,0.00190163,0.00190563,0.00190598,0.00190391,0.00190715,0.00190548,0.00190133,0.00190538,0.00190609,0.00190482,0.00190694,0.0019071,0.0019077,0.00190715,0.00190603,0.0019076,0.00190745,0.00190639,0.00191095,0.00190694,0.00190826,0.00190776,0.00190766,0.00190776,0.00191084,0.00190553,0.00191206,0.00190983,0.00190902,0.00190988,0.00190928,0.00191029,0.00190872,0.00190938,0.00191049,0.00191115,0.00191003,0.00190912,0.00190867,0.00191054,0.00191115,0.00190958,0.00191191,0.00191034,0.00190745,0.00190841,0.00191292,0.00191363,0.00191176,0.00191358,0.00191287,0.00190745,0.00191216,0.00191191,0.00191135,0.00191069,0.00191176,0.00191277,0.00191084,0.00191464]},"J":{"unit":"A\/cm2","value":[-0.106399,-0.106394,-0.1064,-0.106399,-0.106397,-0.106402,-0.106399,-0.106403,-0.106399,-0.1064,-0.106399,-0.106398,-0.100921,-0.0943654,-0.0879748,-0.0818259,-0.0759695,-0.0703268,-0.0648306,-0.0594001,-0.0541937,-0.0491655,-0.0442919,-0.0395765,-0.0350039,-0.0305218,-0.0265378,-0.0225306,-0.0187481,-0.0149655,-0.0115157,-0.00824791,-0.0051934,-0.00225468,0.000166548,0.00247489,0.00480906,0.00687882,0.00868628,0.0103731,0.0118483,0.0130837,0.0142686,0.0150722,0.0159102,0.016669,0.0172669,0.017757,0.0181647,0.018532,0.0187862,0.0190345,0.0191923,0.0193307,0.0194901,0.0195962,0.0196851,0.0197852,0.0198079,0.0198628,0.0199307,0.0199247,0.0199899,0.0200088,0.0200152,0.0200524,0.0200842,0.0200815,0.0200675,0.0201084,0.0200691,0.0201154,0.0201213,0.0201348,0.0201369,0.0201391,0.0201472,0.0201633,0.0201509,0.020145,0.0201434,0.0201585,0.0201768,0.0201649,0.0201946,0.0202021,0.020187,0.0202134,0.0201714,0.0201692,0.0202312,0.0202059,0.0202172,0.0202436,0.0202037,0.0202215,0.0202032,0.020235,0.020228,0.0201929,0.020229,0.0202285,0.0202307,0.0202517,0.0202495,0.0202754,0.0202479,0.0202172,0.0202624,0.0202425,0.0202301,0.0202727,0.0202764,0.0202544,0.0202888,0.020271,0.0202269,0.02027,0.0202775,0.020264,0.0202866,0.0202883,0.0202947,0.0202888,0.020277,0.0202937,0.020292,0.0202807,0.0203292,0.0202866,0.0203007,0.0202953,0.0202942,0.0202953,0.0203281,0.0202716,0.020341,0.0203174,0.0203087,0.0203179,0.0203114,0.0203222,0.0203055,0.0203125,0.0203244,0.0203314,0.0203195,0.0203098,0.020305,0.0203249,0.0203314,0.0203147,0.0203394,0.0203227,0.020292,0.0203023,0.0203502,0.0203578,0.0203378,0.0203572,0.0203497,0.020292,0.0203421,0.0203394,0.0203335,0.0203265,0.0203378,0.0203486,0.0203281,0.0203685]},"pv_cell_parameters":{"voc":{"unit":"V","value":1.16},"isc":{"unit":"mA","value":1.91},"jsc":{"unit":"mA\/cm2","value":20.32},"vopt":{"unit":"mV","value":987},"iopt":{"unit":"mA","value":1.79},"pmax":{"unit":"W","value":0.00177},"fill_factor":{"unit":"%","value":79.82},"efficiency":{"unit":"%","value":18.79},"cell_dimension":{"unit":"cm2","value":0.094},"irradiance":{"unit":"mW\/cm2","value":100}},"calculations":{"fitted_isc":{"unit":"mA","value":1.91},"fitted_voc":{"unit":"V","value":1.16},"rshunt":{"unit":"Kohm","value":52.4},"rseries":{"unit":"ohm","value":40.85}},"measurement_conditions":{"sweep_direction":{"unit":"","value":"Reverse"},"nplc":{"unit":"","value":0.01},"voltage_settling_time":{"unit":"s","value":0.01},"configuration_file":{"unit":"","value":"Configuration for I-V meas.conf"},"sample_id":{"unit":"","value":"R 5-4"},"note":{"unit":"","value":"\uc2dc\ub8cc\uc5d0 \uad00\ud55c \ubd80\uac00\uc801\uc778 \uc124\uba85\uc744 \uc774\uacf3\uc5d0 \uc801\uc73c\uc138\uc694. ^^"}},"key":"R 5-4_20220531"},{"V":{"unit":"V","value":[1.5,1.48995,1.4799,1.4698,1.45975,1.4497,1.43965,1.4296,1.41955,1.40945,1.3994,1.38935,1.3793,1.36925,1.35915,1.3491,1.33905,1.329,1.31895,1.3089,1.2988,1.28875,1.2787,1.26865,1.2586,1.2485,1.23845,1.2284,1.21835,1.2083,1.19825,1.18815,1.1781,1.16805,1.158,1.14795,1.13785,1.1278,1.11775,1.1077,1.09765,1.0876,1.0775,1.06745,1.0574,1.04735,1.0373,1.0272,1.01715,1.0071,0.99705,0.987,0.97695,0.96685,0.9568,0.94675,0.9367,0.92665,0.91655,0.9065,0.89645,0.8864,0.87635,0.86625,0.8562,0.84615,0.8361,0.82605,0.816,0.8059,0.79585,0.7858,0.77575,0.7657,0.7556,0.74555,0.7355,0.72545,0.7154,0.70535,0.69525,0.6852,0.67515,0.6651,0.65505,0.64495,0.6349,0.62485,0.6148,0.60475,0.5947,0.5846,0.57455,0.5645,0.55445,0.5444,0.5343,0.52425,0.5142,0.50415,0.4941,0.48405,0.47395,0.4639,0.45385,0.4438,0.43375,0.42365,0.4136,0.40355,0.3935,0.38345,0.3734,0.3633,0.35325,0.3432,0.33315,0.3231,0.313,0.30295,0.2929,0.28285,0.2728,0.2627,0.25265,0.2426,0.23255,0.2225,0.21245,0.20235,0.1923,0.18225,0.1722,0.16215,0.15205,0.142,0.13195,0.1219,0.11185,0.1018,0.0917,0.08165,0.0716,0.06155,0.0515,0.0414,0.03135,0.0213,0.01125,0.0012,-0.00885,-0.01895,-0.029,-0.03905,-0.0491,-0.05915,-0.06925,-0.0793,-0.08935,-0.0994,-0.10945,-0.1195,-0.1296,-0.13965,-0.1497,-0.15975,-0.1698,-0.1799,-0.18995,-0.2]},"I":{"unit":"A","value":[-0.00952288,-0.00928892,-0.00887881,-0.00847675,-0.00808607,-0.00772668,-0.007413,-0.00707583,-0.00681039,-0.00646446,-0.00615043,-0.00585072,-0.00558431,-0.00530211,-0.0050304,-0.0047693,-0.00450417,-0.00424551,-0.00397348,-0.0036883,-0.00341678,-0.00315767,-0.00290412,-0.00265568,-0.00240188,-0.00214084,-0.00191519,-0.00166862,-0.0014252,-0.00118735,-0.000952424,-0.000717758,-0.000495948,-0.000277074,-8.9786e-5,0.000104954,0.000289222,0.000463771,0.000626879,0.000776269,0.000918975,0.00104817,0.00116263,0.00126954,0.00136107,0.00144278,0.00151304,0.00157485,0.00162841,0.00167124,0.00171168,0.00173781,0.00176064,0.00178711,0.00179942,0.00182123,0.00183404,0.00184123,0.00185014,0.00185525,0.00186042,0.00186654,0.00187211,0.00187479,0.00187879,0.00188021,0.00188532,0.00188309,0.00189003,0.00188487,0.00189094,0.00189195,0.00189352,0.00189494,0.00189859,0.00189606,0.00190031,0.00189914,0.00189919,0.00189864,0.00189939,0.0019035,0.00190436,0.00190233,0.00190486,0.00190562,0.00190633,0.00190664,0.00190547,0.00190674,0.00190927,0.00190851,0.00191154,0.00190917,0.00191195,0.00190937,0.00191038,0.00191251,0.00190861,0.00191094,0.00191317,0.00191266,0.00191104,0.00191154,0.00191372,0.00191261,0.00191251,0.00191656,0.00191393,0.00191408,0.00191195,0.00191706,0.00191615,0.00191342,0.00191534,0.00191752,0.00191686,0.00191559,0.00191716,0.00191909,0.0019164,0.00191387,0.00192015,0.00191711,0.00191803,0.00192208,0.00192035,0.00191671,0.00192056,0.0019198,0.00191929,0.00191995,0.00192268,0.00191818,0.00191858,0.00192268,0.00192162,0.00191939,0.00192319,0.00192456,0.00192496,0.00192278,0.00192192,0.00192137,0.00192597,0.00192597,0.00192501,0.00192066,0.00192557,0.00192709,0.00192567,0.00192425,0.00192542,0.00192132,0.00192365,0.00192602,0.00192496,0.00192521,0.00192481,0.00192263,0.00192461,0.00192643,0.00192891,0.00192461,0.00192597,0.00192678,0.0019283,0.00192779,0.00192688,0.00192759]},"J":{"unit":"A\/cm2","value":[-0.101307,-0.0988183,-0.0944554,-0.0901782,-0.0860221,-0.0821988,-0.0788617,-0.0752748,-0.072451,-0.0687709,-0.0654301,-0.0622417,-0.0594076,-0.0564055,-0.0535148,-0.0507373,-0.0479167,-0.045165,-0.0422711,-0.0392372,-0.0363487,-0.0335922,-0.0308949,-0.0282519,-0.0255519,-0.0227749,-0.0203743,-0.0177513,-0.0151617,-0.0126313,-0.0101322,-0.00763573,-0.00527604,-0.0029476,-0.00095517,0.00111653,0.00307683,0.00493373,0.00666892,0.00825818,0.00977633,0.0111507,0.0123684,0.0135058,0.0144794,0.0153487,0.0160962,0.0167537,0.0173235,0.0177791,0.0182094,0.0184873,0.0187302,0.0190118,0.0191427,0.0193748,0.0195111,0.0195876,0.0196823,0.0197367,0.0197917,0.0198568,0.0199161,0.0199446,0.0199871,0.0200022,0.0200566,0.0200329,0.0201067,0.0200518,0.0201164,0.0201272,0.0201439,0.020159,0.0201977,0.0201708,0.020216,0.0202037,0.0202042,0.0201983,0.0202063,0.02025,0.0202591,0.0202376,0.0202645,0.0202726,0.0202801,0.0202834,0.020271,0.0202844,0.0203114,0.0203033,0.0203356,0.0203103,0.0203399,0.0203124,0.0203232,0.0203458,0.0203044,0.0203291,0.0203528,0.0203474,0.0203302,0.0203356,0.0203588,0.0203469,0.0203458,0.0203889,0.0203609,0.0203625,0.0203399,0.0203943,0.0203846,0.0203555,0.020376,0.0203991,0.0203921,0.0203787,0.0203954,0.0204158,0.0203873,0.0203604,0.0204271,0.0203948,0.0204045,0.0204476,0.0204293,0.0203905,0.0204315,0.0204234,0.020418,0.020425,0.0204541,0.0204061,0.0204104,0.0204541,0.0204428,0.0204191,0.0204595,0.020474,0.0204783,0.0204551,0.020446,0.0204401,0.0204891,0.0204891,0.0204789,0.0204325,0.0204848,0.0205009,0.0204859,0.0204708,0.0204831,0.0204395,0.0204643,0.0204896,0.0204783,0.020481,0.0204767,0.0204535,0.0204745,0.0204939,0.0205203,0.0204745,0.0204891,0.0204977,0.0205139,0.0205085,0.0204988,0.0205063]},"pv_cell_parameters":{"voc":{"unit":"V","value":1.16},"isc":{"unit":"mA","value":1.9300000000000002},"jsc":{"unit":"mA\/cm2","value":20.5},"vopt":{"unit":"mV","value":966.8500000000001},"iopt":{"unit":"mA","value":1.79},"pmax":{"unit":"W","value":0.00173},"fill_factor":{"unit":"%","value":77.43},"efficiency":{"unit":"%","value":18.38},"cell_dimension":{"unit":"cm2","value":0.094},"irradiance":{"unit":"mW\/cm2","value":100}},"calculations":{"fitted_isc":{"unit":"mA","value":1.9300000000000002},"fitted_voc":{"unit":"V","value":1.15},"rshunt":{"unit":"Kohm","value":103.65},"rseries":{"unit":"ohm","value":49.9}},"measurement_conditions":{"sweep_direction":{"unit":"","value":"Reverse"},"nplc":{"unit":"","value":0.01},"voltage_settling_time":{"unit":"s","value":0.01},"configuration_file":{"unit":"","value":"Configuration for I-V meas.conf"},"sample_id":{"unit":"","value":"R 5-3"},"note":{"unit":"","value":"\uc2dc\ub8cc\uc5d0 \uad00\ud55c \ubd80\uac00\uc801\uc778 \uc124\uba85\uc744 \uc774\uacf3\uc5d0 \uc801\uc73c\uc138\uc694. ^^"}},"key":"R 5-3_20220531"},{"V":{"unit":"V","value":[1.5,1.48995,1.4799,1.4698,1.45975,1.4497,1.43965,1.4296,1.41955,1.40945,1.3994,1.38935,1.3793,1.36925,1.35915,1.3491,1.33905,1.329,1.31895,1.3089,1.2988,1.28875,1.2787,1.26865,1.2586,1.2485,1.23845,1.2284,1.21835,1.2083,1.19825,1.18815,1.1781,1.16805,1.158,1.14795,1.13785,1.1278,1.11775,1.1077,1.09765,1.0876,1.0775,1.06745,1.0574,1.04735,1.0373,1.0272,1.01715,1.0071,0.99705,0.987,0.97695,0.96685,0.9568,0.94675,0.9367,0.92665,0.91655,0.9065,0.89645,0.8864,0.87635,0.86625,0.8562,0.84615,0.8361,0.82605,0.816,0.8059,0.79585,0.7858,0.77575,0.7657,0.7556,0.74555,0.7355,0.72545,0.7154,0.70535,0.69525,0.6852,0.67515,0.6651,0.65505,0.64495,0.6349,0.62485,0.6148,0.60475,0.5947,0.5846,0.57455,0.5645,0.55445,0.5444,0.5343,0.52425,0.5142,0.50415,0.4941,0.48405,0.47395,0.4639,0.45385,0.4438,0.43375,0.42365,0.4136,0.40355,0.3935,0.38345,0.3734,0.3633,0.35325,0.3432,0.33315,0.3231,0.313,0.30295,0.2929,0.28285,0.2728,0.2627,0.25265,0.2426,0.23255,0.2225,0.21245,0.20235,0.1923,0.18225,0.1722,0.16215,0.15205,0.142,0.13195,0.1219,0.11185,0.1018,0.0917,0.08165,0.0716,0.06155,0.0515,0.0414,0.03135,0.0213,0.01125,0.0012,-0.00885,-0.01895,-0.029,-0.03905,-0.0491,-0.05915,-0.06925,-0.0793,-0.08935,-0.0994,-0.10945,-0.1195,-0.1296,-0.13965,-0.1497,-0.15975,-0.1698,-0.1799,-0.18995,-0.2]},"I":{"unit":"A","value":[-0.0100015,-0.0100015,-0.0100015,-0.0100014,-0.0100015,-0.0100014,-0.0100015,-0.0100014,-0.0100014,-0.0100014,-0.0100014,-0.0100014,-0.0100016,-0.0100014,-0.0100014,-0.0100014,-0.0100016,-0.00932688,-0.00853733,-0.00778849,-0.00707467,-0.00639659,-0.00574904,-0.00514047,-0.00454683,-0.00401054,-0.00348291,-0.00298434,-0.00249528,-0.00205088,-0.00163633,-0.00124513,-0.00087463,-0.000579658,-0.000277447,7.19912e-7,0.000265143,0.000494582,0.000692836,0.00087499,0.00103877,0.00116159,0.00127307,0.00138009,0.00147097,0.00154615,0.00160745,0.00166031,0.00170233,0.00173817,0.00176217,0.00178374,0.0018013,0.00181933,0.00182743,0.001841,0.00184884,0.00185598,0.00186292,0.0018613,0.00186854,0.00187304,0.0018778,0.00187704,0.00188215,0.00188246,0.00188423,0.00188626,0.00188393,0.00188651,0.00188919,0.00189385,0.00189162,0.00189511,0.0018981,0.00189916,0.00189825,0.00189861,0.00190134,0.00190119,0.00190068,0.00190357,0.00190585,0.00190382,0.0019061,0.00190646,0.00190397,0.00190772,0.00190899,0.0019104,0.00190833,0.00191142,0.00191349,0.00191172,0.0019141,0.00191162,0.00191288,0.00191643,0.00191582,0.00191724,0.00191562,0.00191916,0.00192129,0.0019179,0.00192058,0.00192301,0.00192159,0.00192417,0.00191871,0.00192554,0.00192473,0.00192468,0.00192504,0.00192291,0.00192205,0.00192584,0.00192534,0.00192752,0.00192686,0.00192807,0.00192994,0.00192787,0.00193005,0.00192716,0.00192812,0.0019306,0.00193162,0.00192787,0.00193096,0.00192949,0.00193268,0.00193045,0.00193091,0.00193308,0.00193561,0.00193506,0.00193612,0.00193552,0.0019341,0.00193349,0.0019341,0.00193643,0.00193172,0.00193926,0.00193886,0.00193653,0.00193435,0.00194083,0.00193399,0.00193835,0.00193673,0.00193875,0.00193633,0.00194108,0.00193881,0.00193774,0.00194058,0.00193906,0.00193789,0.001938,0.0019387,0.00193855,0.00194088,0.00193896,0.00194154,0.00193744,0.00194129,0.00194078,0.00193972,0.00193744]},"J":{"unit":"A\/cm2","value":[-0.106399,-0.106399,-0.106399,-0.106398,-0.106399,-0.106397,-0.106399,-0.106398,-0.106397,-0.106397,-0.106398,-0.106398,-0.1064,-0.106398,-0.106398,-0.106398,-0.1064,-0.0992221,-0.0908227,-0.0828562,-0.0752624,-0.0680489,-0.06116,-0.0546858,-0.0483705,-0.0426653,-0.0370523,-0.0317483,-0.0265456,-0.0218178,-0.0174078,-0.0132461,-0.00930458,-0.00616657,-0.00295156,7.65864e-6,0.00282067,0.00526151,0.0073706,0.0093084,0.0110507,0.0123573,0.0135433,0.0146818,0.0156486,0.0164484,0.0171006,0.0176629,0.0181099,0.0184912,0.0187465,0.0189759,0.0191628,0.0193545,0.0194407,0.0195851,0.0196685,0.0197445,0.0198183,0.019801,0.019878,0.019926,0.0199766,0.0199685,0.0200229,0.0200261,0.020045,0.0200665,0.0200418,0.0200692,0.0200978,0.0201473,0.0201236,0.0201608,0.0201926,0.0202039,0.0201942,0.020198,0.020227,0.0202254,0.02022,0.0202507,0.020275,0.0202534,0.0202777,0.0202814,0.020255,0.0202949,0.0203084,0.0203234,0.0203014,0.0203342,0.0203563,0.0203374,0.0203628,0.0203364,0.0203498,0.0203875,0.0203811,0.0203961,0.0203789,0.0204166,0.0204392,0.0204031,0.0204317,0.0204575,0.0204425,0.0204699,0.0204118,0.0204845,0.0204759,0.0204753,0.0204791,0.0204565,0.0204473,0.0204877,0.0204823,0.0205055,0.0204985,0.0205114,0.0205313,0.0205093,0.0205324,0.0205017,0.020512,0.0205383,0.0205491,0.0205093,0.0205421,0.0205265,0.0205604,0.0205367,0.0205416,0.0205647,0.0205916,0.0205857,0.020597,0.0205906,0.0205755,0.020569,0.0205755,0.0206003,0.0205502,0.0206304,0.0206261,0.0206013,0.0205782,0.0206471,0.0205744,0.0206207,0.0206035,0.020625,0.0205992,0.0206498,0.0206256,0.0206143,0.0206444,0.0206283,0.0206159,0.020617,0.0206245,0.0206229,0.0206477,0.0206272,0.0206547,0.0206111,0.020652,0.0206466,0.0206353,0.0206111]},"pv_cell_parameters":{"voc":{"unit":"V","value":1.15},"isc":{"unit":"mA","value":1.94},"jsc":{"unit":"mA\/cm2","value":20.620000000000005},"vopt":{"unit":"mV","value":987},"iopt":{"unit":"mA","value":1.78},"pmax":{"unit":"W","value":0.00176},"fill_factor":{"unit":"%","value":79.12},"efficiency":{"unit":"%","value":18.73},"cell_dimension":{"unit":"cm2","value":0.094},"irradiance":{"unit":"mW\/cm2","value":100}},"calculations":{"fitted_isc":{"unit":"mA","value":1.94},"fitted_voc":{"unit":"V","value":1.14},"rshunt":{"unit":"Kohm","value":71.3},"rseries":{"unit":"ohm","value":36.22}},"measurement_conditions":{"sweep_direction":{"unit":"","value":"Reverse"},"nplc":{"unit":"","value":0.01},"voltage_settling_time":{"unit":"s","value":0.01},"configuration_file":{"unit":"","value":"Configuration for I-V meas.conf"},"sample_id":{"unit":"","value":"R 5-2"},"note":{"unit":"","value":"\uc2dc\ub8cc\uc5d0 \uad00\ud55c \ubd80\uac00\uc801\uc778 \uc124\uba85\uc744 \uc774\uacf3\uc5d0 \uc801\uc73c\uc138\uc694. ^^"}},"key":"R 5-2_20220531"}]},"jvcnt":7,"analysisInfo":{"JV":[{"efficiency":18.44,"fill_factor":79.24,"jsc":20.28,"voc":1.15,"key":"R 6-4_20220531","cell_dimension":0.094},{"efficiency":18.65,"fill_factor":79.77,"jsc":20.73,"voc":1.13,"key":"R 6-3_20220531","cell_dimension":0.094},{"efficiency":18.72,"fill_factor":80.23,"jsc":20.69,"voc":1.13,"key":"R 6-2_20220531","cell_dimension":0.094},{"efficiency":18.36,"fill_factor":79.14,"jsc":20.39,"voc":1.14,"key":"R 6-1_20220531","cell_dimension":0.094},{"efficiency":18.79,"fill_factor":79.82,"jsc":20.32,"voc":1.16,"key":"R 5-4_20220531","cell_dimension":0.094},{"efficiency":18.38,"fill_factor":77.43,"jsc":20.5,"voc":1.16,"key":"R 5-3_20220531","cell_dimension":0.094},{"efficiency":18.73,"fill_factor":79.12,"jsc":20.620000000000005,"voc":1.15,"key":"R 5-2_20220531","cell_dimension":0.094}]},"public":2,"analysis":{"JV":[{"V":{"unit":"V","value":[1.5,1.48995,1.4799,1.4698,1.45975,1.4497,1.43965,1.4296,1.41955,1.40945,1.3994,1.38935,1.3793,1.36925,1.35915,1.3491,1.33905,1.329,1.31895,1.3089,1.2988,1.28875,1.2787,1.26865,1.2586,1.2485,1.23845,1.2284,1.21835,1.2083,1.19825,1.18815,1.1781,1.16805,1.158,1.14795,1.13785,1.1278,1.11775,1.1077,1.09765,1.0876,1.0775,1.06745,1.0574,1.04735,1.0373,1.0272,1.01715,1.0071,0.99705,0.987,0.97695,0.96685,0.9568,0.94675,0.9367,0.92665,0.91655,0.9065,0.89645,0.8864,0.87635,0.86625,0.8562,0.84615,0.8361,0.82605,0.816,0.8059,0.79585,0.7858,0.77575,0.7657,0.7556,0.74555,0.7355,0.72545,0.7154,0.70535,0.69525,0.6852,0.67515,0.6651,0.65505,0.64495,0.6349,0.62485,0.6148,0.60475,0.5947,0.5846,0.57455,0.5645,0.55445,0.5444,0.5343,0.52425,0.5142,0.50415,0.4941,0.48405,0.47395,0.4639,0.45385,0.4438,0.43375,0.42365,0.4136,0.40355,0.3935,0.38345,0.3734,0.3633,0.35325,0.3432,0.33315,0.3231,0.313,0.30295,0.2929,0.28285,0.2728,0.2627,0.25265,0.2426,0.23255,0.2225,0.21245,0.20235,0.1923,0.18225,0.1722,0.16215,0.15205,0.142,0.13195,0.1219,0.11185,0.1018,0.0917,0.08165,0.0716,0.06155,0.0515,0.0414,0.03135,0.0213,0.01125,0.0012,-0.00885,-0.01895,-0.029,-0.03905,-0.0491,-0.05915,-0.06925,-0.0793,-0.08935,-0.0994,-0.10945,-0.1195,-0.1296,-0.13965,-0.1497,-0.15975,-0.1698,-0.1799,-0.18995,-0.2]},"I":{"unit":"A","value":[-0.0100014,-0.0100015,-0.0100014,-0.0100014,-0.0100014,-0.0100016,-0.0100014,-0.0100015,-0.0100015,-0.0100015,-0.0100016,-0.0100014,-0.0100015,-0.0100014,-0.0100014,-0.009565,-0.00889189,-0.00823877,-0.0076105,-0.00699798,-0.00641036,-0.00584406,-0.00529815,-0.00477381,-0.00426603,-0.00376968,-0.00332462,-0.0028792,-0.00244254,-0.00203569,-0.00165542,-0.0012915,-0.000953144,-0.000638581,-0.000333687,-8.9488e-5,0.000156549,0.000381331,0.000596392,0.000781736,0.000942576,0.00108296,0.00121778,0.00131104,0.00140262,0.00148003,0.00155258,0.00161059,0.00165813,0.00169408,0.00172926,0.00174987,0.00177422,0.00179315,0.00181062,0.00182024,0.00183487,0.00184348,0.00185097,0.00185831,0.00185993,0.00186433,0.00187137,0.00187233,0.0018774,0.00188195,0.00188064,0.00188504,0.00188671,0.00188818,0.0018856,0.00188712,0.00189344,0.00189253,0.00188924,0.00189273,0.00189279,0.00189461,0.00189299,0.00189355,0.00189436,0.00189547,0.00189613,0.00189597,0.00189329,0.00189623,0.0018979,0.00189597,0.00189597,0.00189527,0.00189871,0.00189704,0.00189957,0.00189592,0.00190003,0.00189597,0.00189765,0.00189825,0.00190089,0.00189861,0.00190256,0.00190023,0.00189876,0.00190291,0.00190175,0.0019022,0.0019024,0.00190134,0.00190139,0.00190235,0.00190413,0.0019057,0.00189846,0.00190443,0.00190129,0.00190084,0.00190646,0.00190337,0.00190251,0.00190342,0.00190311,0.00190489,0.00190382,0.00190129,0.00190392,0.00190215,0.00190261,0.0019017,0.00190605,0.0019019,0.00190286,0.00190514,0.0019017,0.00190149,0.00190448,0.00190235,0.00190423,0.00190448,0.00190559,0.00190504,0.00190529,0.00190615,0.0019017,0.00190428,0.00190757,0.00190362,0.00190382,0.0019057,0.00190635,0.001906,0.00190433,0.00190979,0.00190868,0.00190848,0.00190777,0.00190721,0.00190813,0.00190747,0.00190777,0.0019062,0.0019102,0.00190575,0.00190549,0.00190929,0.00190802,0.00190752,0.0019101,0.00190701,0.00191076,0.00191111]},"J":{"unit":"A\/cm2","value":[-0.106398,-0.106399,-0.106398,-0.106397,-0.106397,-0.1064,-0.106397,-0.106399,-0.106399,-0.106399,-0.1064,-0.106398,-0.106399,-0.106398,-0.106397,-0.101755,-0.0945945,-0.0876464,-0.0809628,-0.0744466,-0.0681953,-0.0621708,-0.0563633,-0.0507853,-0.0453833,-0.040103,-0.0353683,-0.0306298,-0.0259844,-0.0216563,-0.0176108,-0.0137394,-0.0101398,-0.00679341,-0.00354986,-0.000952,0.00166541,0.00405671,0.0063446,0.00831634,0.0100274,0.0115209,0.0129551,0.0139472,0.0149215,0.015745,0.0165168,0.017134,0.0176397,0.0180221,0.0183964,0.0186156,0.0188747,0.0190761,0.0192619,0.0193642,0.0195199,0.0196114,0.0196911,0.0197692,0.0197865,0.0198333,0.0199082,0.0199184,0.0199723,0.0200208,0.0200068,0.0200536,0.0200714,0.020087,0.0200595,0.0200757,0.020143,0.0201333,0.0200983,0.0201355,0.020136,0.0201554,0.0201382,0.0201441,0.0201527,0.0201646,0.0201716,0.0201699,0.0201414,0.0201726,0.0201904,0.0201699,0.0201699,0.0201624,0.020199,0.0201813,0.0202082,0.0201694,0.020213,0.0201699,0.0201877,0.0201942,0.0202222,0.020198,0.02024,0.0202152,0.0201996,0.0202437,0.0202314,0.0202362,0.0202383,0.020227,0.0202276,0.0202378,0.0202566,0.0202734,0.0201963,0.0202599,0.0202265,0.0202217,0.0202814,0.0202486,0.0202394,0.0202491,0.0202459,0.0202647,0.0202534,0.0202265,0.0202545,0.0202356,0.0202405,0.0202308,0.0202771,0.020233,0.0202432,0.0202674,0.0202308,0.0202286,0.0202604,0.0202378,0.0202577,0.0202604,0.0202723,0.0202664,0.020269,0.0202782,0.0202308,0.0202583,0.0202933,0.0202513,0.0202534,0.0202734,0.0202804,0.0202766,0.0202588,0.020317,0.0203051,0.020303,0.0202954,0.0202895,0.0202992,0.0202922,0.0202954,0.0202787,0.0203213,0.0202739,0.0202712,0.0203116,0.0202981,0.0202927,0.0203202,0.0202874,0.0203272,0.020331]},"pv_cell_parameters":{"voc":{"unit":"V","value":1.15},"isc":{"unit":"mA","value":1.91},"jsc":{"unit":"mA\/cm2","value":20.28},"vopt":{"unit":"mV","value":966.8500000000001},"iopt":{"unit":"mA","value":1.79},"pmax":{"unit":"W","value":0.00173},"fill_factor":{"unit":"%","value":79.24},"efficiency":{"unit":"%","value":18.44},"cell_dimension":{"unit":"cm2","value":0.094},"irradiance":{"unit":"mW\/cm2","value":100}},"calculations":{"fitted_isc":{"unit":"mA","value":1.91},"fitted_voc":{"unit":"V","value":1.14},"rshunt":{"unit":"Kohm","value":67.79},"rseries":{"unit":"ohm","value":37.34}},"measurement_conditions":{"sweep_direction":{"unit":"","value":"Reverse"},"nplc":{"unit":"","value":0.01},"voltage_settling_time":{"unit":"s","value":0.01},"configuration_file":{"unit":"","value":"Configuration for I-V meas.conf"},"sample_id":{"unit":"","value":"R 6-4"},"note":{"unit":"","value":"\uc2dc\ub8cc\uc5d0 \uad00\ud55c \ubd80\uac00\uc801\uc778 \uc124\uba85\uc744 \uc774\uacf3\uc5d0 \uc801\uc73c\uc138\uc694. ^^"}},"key":"R 6-4_20220531","sweep_direction":{"unit":"","value":"Reverse"},"jsc":{"unit":"mA\/cm2","value":20.28},"voc":{"unit":"V","value":1.15},"efficiency":{"unit":"%","value":18.44},"fill_factor":{"unit":"%","value":79.24},"cell_dimension":{"unit":"cm2","value":0.094}},{"V":{"unit":"V","value":[1.5,1.48995,1.4799,1.4698,1.45975,1.4497,1.43965,1.4296,1.41955,1.40945,1.3994,1.38935,1.3793,1.36925,1.35915,1.3491,1.33905,1.329,1.31895,1.3089,1.2988,1.28875,1.2787,1.26865,1.2586,1.2485,1.23845,1.2284,1.21835,1.2083,1.19825,1.18815,1.1781,1.16805,1.158,1.14795,1.13785,1.1278,1.11775,1.1077,1.09765,1.0876,1.0775,1.06745,1.0574,1.04735,1.0373,1.0272,1.01715,1.0071,0.99705,0.987,0.97695,0.96685,0.9568,0.94675,0.9367,0.92665,0.91655,0.9065,0.89645,0.8864,0.87635,0.86625,0.8562,0.84615,0.8361,0.82605,0.816,0.8059,0.79585,0.7858,0.77575,0.7657,0.7556,0.74555,0.7355,0.72545,0.7154,0.70535,0.69525,0.6852,0.67515,0.6651,0.65505,0.64495,0.6349,0.62485,0.6148,0.60475,0.5947,0.5846,0.57455,0.5645,0.55445,0.5444,0.5343,0.52425,0.5142,0.50415,0.4941,0.48405,0.47395,0.4639,0.45385,0.4438,0.43375,0.42365,0.4136,0.40355,0.3935,0.38345,0.3734,0.3633,0.35325,0.3432,0.33315,0.3231,0.313,0.30295,0.2929,0.28285,0.2728,0.2627,0.25265,0.2426,0.23255,0.2225,0.21245,0.20235,0.1923,0.18225,0.1722,0.16215,0.15205,0.142,0.13195,0.1219,0.11185,0.1018,0.0917,0.08165,0.0716,0.06155,0.0515,0.0414,0.03135,0.0213,0.01125,0.0012,-0.00885,-0.01895,-0.029,-0.03905,-0.0491,-0.05915,-0.06925,-0.0793,-0.08935,-0.0994,-0.10945,-0.1195,-0.1296,-0.13965,-0.1497,-0.15975,-0.1698,-0.1799,-0.18995,-0.2]},"I":{"unit":"A","value":[-0.0100012,-0.0100012,-0.0100011,-0.0100014,-0.0100011,-0.0100013,-0.0100011,-0.0100013,-0.0100012,-0.0100012,-0.0100011,-0.0100012,-0.00991522,-0.00934923,-0.00883381,-0.00832128,-0.00781801,-0.00732659,-0.0068459,-0.00636632,-0.00590349,-0.00545211,-0.00501045,-0.00458159,-0.0041618,-0.00374742,-0.00336417,-0.00297865,-0.00259747,-0.0022364,-0.00188909,-0.00155743,-0.00124044,-0.000937479,-0.000643425,-0.000388349,-0.000144813,0.000100654,0.000322595,0.000526566,0.000715651,0.000882259,0.00103429,0.00117427,0.0012782,0.00138061,0.00146992,0.00155178,0.00161724,0.00167308,0.00171798,0.00175772,0.00178445,0.00181225,0.00183229,0.00184951,0.00186191,0.00187826,0.00188747,0.00189486,0.00190246,0.00190545,0.00190762,0.00191663,0.00191998,0.00192048,0.00192251,0.00192706,0.00192681,0.00192752,0.00192868,0.00192691,0.00193334,0.0019341,0.00193354,0.00193294,0.00193466,0.00193724,0.00193618,0.00193724,0.00193861,0.00193354,0.00193623,0.0019381,0.00193638,0.00193395,0.00193587,0.001938,0.00193749,0.00193612,0.00193501,0.00193845,0.00193709,0.00193932,0.00193653,0.00194093,0.00193724,0.00193896,0.00194083,0.00193916,0.00194063,0.00194013,0.00194053,0.00194134,0.00194073,0.00194215,0.00194033,0.00193987,0.00194311,0.00193982,0.00194271,0.00194397,0.00194185,0.00194433,0.00193987,0.00194392,0.00194387,0.00194397,0.00194154,0.0019459,0.00194357,0.00194504,0.00194428,0.00194473,0.00194266,0.00194463,0.00194392,0.00194276,0.00194357,0.00194524,0.00194529,0.00194494,0.00194802,0.00194514,0.00194519,0.00194868,0.00194959,0.00194711,0.00194868,0.00195035,0.00194534,0.00194984,0.00194671,0.00194757,0.00194817,0.00194878,0.00194661,0.00194888,0.00194843,0.00194873,0.00195045,0.00194691,0.0019501,0.00194984,0.00194812,0.00195045,0.00194802,0.00195111,0.00194873,0.00195192,0.00195005,0.00194924,0.00194802,0.00195005,0.00195065,0.0019505,0.00194929,0.00195045,0.00194747,0.00195126]},"J":{"unit":"A\/cm2","value":[-0.106395,-0.106395,-0.106395,-0.106398,-0.106395,-0.106396,-0.106395,-0.106396,-0.106395,-0.106396,-0.106394,-0.106396,-0.105481,-0.0994599,-0.0939767,-0.0885243,-0.0831703,-0.0779424,-0.0728287,-0.0677268,-0.0628031,-0.0580012,-0.0533026,-0.0487404,-0.0442744,-0.0398662,-0.0357891,-0.0316877,-0.0276327,-0.0237915,-0.0200967,-0.0165684,-0.0131962,-0.00997318,-0.00684494,-0.00413137,-0.00154057,0.00107079,0.00343186,0.00560177,0.0076133,0.00938573,0.011003,0.0124922,0.0135979,0.0146874,0.0156374,0.0165083,0.0172046,0.0177987,0.0182764,0.0186992,0.0189835,0.0192792,0.0194925,0.0196756,0.0198075,0.0199815,0.0200795,0.0201581,0.0202389,0.0202707,0.0202939,0.0203897,0.0204253,0.0204307,0.0204522,0.0205007,0.020498,0.0205055,0.0205179,0.0204991,0.0205675,0.0205755,0.0205696,0.0205631,0.0205815,0.0206089,0.0205976,0.0206089,0.0206235,0.0205696,0.0205982,0.0206181,0.0205998,0.0205739,0.0205944,0.020617,0.0206116,0.0205971,0.0205852,0.0206219,0.0206073,0.020631,0.0206014,0.0206482,0.0206089,0.0206272,0.0206472,0.0206294,0.020645,0.0206396,0.0206439,0.0206526,0.0206461,0.0206612,0.0206418,0.0206369,0.0206714,0.0206364,0.0206671,0.0206806,0.0206579,0.0206843,0.0206369,0.02068,0.0206795,0.0206806,0.0206547,0.020701,0.0206763,0.0206919,0.0206838,0.0206886,0.0206666,0.0206876,0.02068,0.0206676,0.0206763,0.020694,0.0206946,0.0206908,0.0207236,0.0206929,0.0206935,0.0207306,0.0207403,0.0207139,0.0207306,0.0207484,0.0206951,0.020743,0.0207096,0.0207188,0.0207253,0.0207317,0.0207086,0.0207328,0.0207279,0.0207312,0.0207495,0.0207118,0.0207457,0.020743,0.0207247,0.0207495,0.0207236,0.0207565,0.0207312,0.0207651,0.0207452,0.0207366,0.0207236,0.0207452,0.0207516,0.02075,0.0207371,0.0207495,0.0207177,0.0207581]},"pv_cell_parameters":{"voc":{"unit":"V","value":1.13},"isc":{"unit":"mA","value":1.95},"jsc":{"unit":"mA\/cm2","value":20.73},"vopt":{"unit":"mV","value":956.8},"iopt":{"unit":"mA","value":1.83},"pmax":{"unit":"W","value":0.00175},"fill_factor":{"unit":"%","value":79.77},"efficiency":{"unit":"%","value":18.65},"cell_dimension":{"unit":"cm2","value":0.094},"irradiance":{"unit":"mW\/cm2","value":100}},"calculations":{"fitted_isc":{"unit":"mA","value":1.95},"fitted_voc":{"unit":"V","value":1.13},"rshunt":{"unit":"Kohm","value":174.6},"rseries":{"unit":"ohm","value":42.65}},"measurement_conditions":{"sweep_direction":{"unit":"","value":"Reverse"},"nplc":{"unit":"","value":0.01},"voltage_settling_time":{"unit":"s","value":0.01},"configuration_file":{"unit":"","value":"Configuration for I-V meas.conf"},"sample_id":{"unit":"","value":"R 6-3"},"note":{"unit":"","value":"\uc2dc\ub8cc\uc5d0 \uad00\ud55c \ubd80\uac00\uc801\uc778 \uc124\uba85\uc744 \uc774\uacf3\uc5d0 \uc801\uc73c\uc138\uc694. ^^"}},"key":"R 6-3_20220531","sweep_direction":{"unit":"","value":"Reverse"},"jsc":{"unit":"mA\/cm2","value":20.73},"voc":{"unit":"V","value":1.13},"efficiency":{"unit":"%","value":18.65},"fill_factor":{"unit":"%","value":79.77},"cell_dimension":{"unit":"cm2","value":0.094}},{"V":{"unit":"V","value":[1.5,1.48995,1.4799,1.4698,1.45975,1.4497,1.43965,1.4296,1.41955,1.40945,1.3994,1.38935,1.3793,1.36925,1.35915,1.3491,1.33905,1.329,1.31895,1.3089,1.2988,1.28875,1.2787,1.26865,1.2586,1.2485,1.23845,1.2284,1.21835,1.2083,1.19825,1.18815,1.1781,1.16805,1.158,1.14795,1.13785,1.1278,1.11775,1.1077,1.09765,1.0876,1.0775,1.06745,1.0574,1.04735,1.0373,1.0272,1.01715,1.0071,0.99705,0.987,0.97695,0.96685,0.9568,0.94675,0.9367,0.92665,0.91655,0.9065,0.89645,0.8864,0.87635,0.86625,0.8562,0.84615,0.8361,0.82605,0.816,0.8059,0.79585,0.7858,0.77575,0.7657,0.7556,0.74555,0.7355,0.72545,0.7154,0.70535,0.69525,0.6852,0.67515,0.6651,0.65505,0.64495,0.6349,0.62485,0.6148,0.60475,0.5947,0.5846,0.57455,0.5645,0.55445,0.5444,0.5343,0.52425,0.5142,0.50415,0.4941,0.48405,0.47395,0.4639,0.45385,0.4438,0.43375,0.42365,0.4136,0.40355,0.3935,0.38345,0.3734,0.3633,0.35325,0.3432,0.33315,0.3231,0.313,0.30295,0.2929,0.28285,0.2728,0.2627,0.25265,0.2426,0.23255,0.2225,0.21245,0.20235,0.1923,0.18225,0.1722,0.16215,0.15205,0.142,0.13195,0.1219,0.11185,0.1018,0.0917,0.08165,0.0716,0.06155,0.0515,0.0414,0.03135,0.0213,0.01125,0.0012,-0.00885,-0.01895,-0.029,-0.03905,-0.0491,-0.05915,-0.06925,-0.0793,-0.08935,-0.0994,-0.10945,-0.1195,-0.1296,-0.13965,-0.1497,-0.15975,-0.1698,-0.1799,-0.18995,-0.2]},"I":{"unit":"A","value":[-0.0100018,-0.0100017,-0.0100017,-0.0100017,-0.0100016,-0.0100016,-0.0100018,-0.0100016,-0.0100017,-0.0100018,-0.0100017,-0.0100016,-0.0100017,-0.0100018,-0.0100016,-0.0100019,-0.0100017,-0.0100018,-0.0100015,-0.0100016,-0.00940241,-0.00861678,-0.00786366,-0.00714557,-0.00645107,-0.00578856,-0.00515096,-0.00453897,-0.00398014,-0.00343139,-0.00291402,-0.00242545,-0.00196772,-0.00154126,-0.00113881,-0.000762021,-0.000419351,-0.000108372,0.000173463,0.000423415,0.000648405,0.000844995,0.00101703,0.00116871,0.00130176,0.00139735,0.00148995,0.00157414,0.00163697,0.00169033,0.00173661,0.00176698,0.00179701,0.00182015,0.00183579,0.00185037,0.00186556,0.00187178,0.00188313,0.00188783,0.00189492,0.00189659,0.00190206,0.00190186,0.00190798,0.00190783,0.00191047,0.00191401,0.00191624,0.00191684,0.00191639,0.00192297,0.00191492,0.00192024,0.00192429,0.00192267,0.00192226,0.0019252,0.0019254,0.00192186,0.0019256,0.00192737,0.00192667,0.00192631,0.0019298,0.00192621,0.00192859,0.00192894,0.00192991,0.00192904,0.00192697,0.00193178,0.00193031,0.0019294,0.00193122,0.00193137,0.0019335,0.00193335,0.00193456,0.00193133,0.00193188,0.00193507,0.00193705,0.00193072,0.00193755,0.0019373,0.00193416,0.00193618,0.00193806,0.00193862,0.00193583,0.00193553,0.00193578,0.00193532,0.00193618,0.00193705,0.00193689,0.00193674,0.00193725,0.00193689,0.00194084,0.0019378,0.00193887,0.00193786,0.00193973,0.00193745,0.00193669,0.00193674,0.00193765,0.00193927,0.0019415,0.00193867,0.00194196,0.00194018,0.0019415,0.00194216,0.0019414,0.00194089,0.00194357,0.00194074,0.00194145,0.00194261,0.0019418,0.0019457,0.00194155,0.00194282,0.00194418,0.0019418,0.00194226,0.00194499,0.00194368,0.00194322,0.00194484,0.00194494,0.00194429,0.0019456,0.0019455,0.00194373,0.00194631,0.00194575,0.00194925,0.00194429,0.00194216,0.0019457,0.00194494,0.0019456,0.0019455,0.00194773,0.00194646,0.00194611]},"J":{"unit":"A\/cm2","value":[-0.106402,-0.106401,-0.106401,-0.106401,-0.1064,-0.1064,-0.106403,-0.1064,-0.106401,-0.106402,-0.106401,-0.1064,-0.106401,-0.106402,-0.1064,-0.106404,-0.106401,-0.106402,-0.106399,-0.1064,-0.100026,-0.0916679,-0.0836559,-0.0760167,-0.0686284,-0.0615804,-0.0547974,-0.048287,-0.042342,-0.0365041,-0.0310002,-0.0258027,-0.0209331,-0.0163964,-0.012115,-0.00810661,-0.00446118,-0.0011529,0.00184535,0.00450441,0.00689793,0.0089893,0.0108195,0.0124331,0.0138485,0.0148654,0.0158505,0.0167462,0.0174146,0.0179823,0.0184745,0.0187977,0.0191171,0.0193632,0.0195297,0.0196848,0.0198464,0.0199126,0.0200332,0.0200833,0.0201588,0.0201765,0.0202347,0.0202325,0.0202977,0.0202961,0.0203241,0.0203618,0.0203855,0.020392,0.0203871,0.0204571,0.0203715,0.020428,0.0204711,0.0204539,0.0204496,0.0204808,0.020483,0.0204453,0.0204851,0.020504,0.0204964,0.0204927,0.0205298,0.0204916,0.0205169,0.0205207,0.0205309,0.0205218,0.0204997,0.0205508,0.0205352,0.0205255,0.0205449,0.0205465,0.0205691,0.0205675,0.0205805,0.020546,0.0205519,0.0205859,0.0206069,0.0205395,0.0206122,0.0206096,0.0205762,0.0205977,0.0206176,0.0206236,0.0205939,0.0205907,0.0205934,0.0205886,0.0205977,0.0206069,0.0206052,0.0206036,0.020609,0.0206052,0.0206473,0.0206149,0.0206263,0.0206155,0.0206354,0.0206112,0.0206031,0.0206036,0.0206133,0.0206306,0.0206543,0.0206241,0.0206591,0.0206402,0.0206543,0.0206613,0.0206532,0.0206478,0.0206763,0.0206462,0.0206537,0.0206661,0.0206575,0.020699,0.0206548,0.0206683,0.0206828,0.0206575,0.0206623,0.0206914,0.0206774,0.0206726,0.0206898,0.0206909,0.0206839,0.0206979,0.0206968,0.020678,0.0207054,0.0206995,0.0207367,0.0206839,0.0206613,0.020699,0.0206909,0.0206979,0.0206968,0.0207205,0.020707,0.0207033]},"pv_cell_parameters":{"voc":{"unit":"V","value":1.13},"isc":{"unit":"mA","value":1.94},"jsc":{"unit":"mA\/cm2","value":20.69},"vopt":{"unit":"mV","value":966.8500000000001},"iopt":{"unit":"mA","value":1.82},"pmax":{"unit":"W","value":0.00176},"fill_factor":{"unit":"%","value":80.23},"efficiency":{"unit":"%","value":18.72},"cell_dimension":{"unit":"cm2","value":0.094},"irradiance":{"unit":"mW\/cm2","value":100}},"calculations":{"fitted_isc":{"unit":"mA","value":1.94},"fitted_voc":{"unit":"V","value":1.12},"rshunt":{"unit":"Kohm","value":65.85},"rseries":{"unit":"ohm","value":32.18}},"measurement_conditions":{"sweep_direction":{"unit":"","value":"Reverse"},"nplc":{"unit":"","value":0.01},"voltage_settling_time":{"unit":"s","value":0.01},"configuration_file":{"unit":"","value":"Configuration for I-V meas.conf"},"sample_id":{"unit":"","value":"R 6-2"},"note":{"unit":"","value":"\uc2dc\ub8cc\uc5d0 \uad00\ud55c \ubd80\uac00\uc801\uc778 \uc124\uba85\uc744 \uc774\uacf3\uc5d0 \uc801\uc73c\uc138\uc694. ^^"}},"key":"R 6-2_20220531","sweep_direction":{"unit":"","value":"Reverse"},"jsc":{"unit":"mA\/cm2","value":20.69},"voc":{"unit":"V","value":1.13},"efficiency":{"unit":"%","value":18.72},"fill_factor":{"unit":"%","value":80.23},"cell_dimension":{"unit":"cm2","value":0.094}},{"V":{"unit":"V","value":[1.5,1.48995,1.4799,1.4698,1.45975,1.4497,1.43965,1.4296,1.41955,1.40945,1.3994,1.38935,1.3793,1.36925,1.35915,1.3491,1.33905,1.329,1.31895,1.3089,1.2988,1.28875,1.2787,1.26865,1.2586,1.2485,1.23845,1.2284,1.21835,1.2083,1.19825,1.18815,1.1781,1.16805,1.158,1.14795,1.13785,1.1278,1.11775,1.1077,1.09765,1.0876,1.0775,1.06745,1.0574,1.04735,1.0373,1.0272,1.01715,1.0071,0.99705,0.987,0.97695,0.96685,0.9568,0.94675,0.9367,0.92665,0.91655,0.9065,0.89645,0.8864,0.87635,0.86625,0.8562,0.84615,0.8361,0.82605,0.816,0.8059,0.79585,0.7858,0.77575,0.7657,0.7556,0.74555,0.7355,0.72545,0.7154,0.70535,0.69525,0.6852,0.67515,0.6651,0.65505,0.64495,0.6349,0.62485,0.6148,0.60475,0.5947,0.5846,0.57455,0.5645,0.55445,0.5444,0.5343,0.52425,0.5142,0.50415,0.4941,0.48405,0.47395,0.4639,0.45385,0.4438,0.43375,0.42365,0.4136,0.40355,0.3935,0.38345,0.3734,0.3633,0.35325,0.3432,0.33315,0.3231,0.313,0.30295,0.2929,0.28285,0.2728,0.2627,0.25265,0.2426,0.23255,0.2225,0.21245,0.20235,0.1923,0.18225,0.1722,0.16215,0.15205,0.142,0.13195,0.1219,0.11185,0.1018,0.0917,0.08165,0.0716,0.06155,0.0515,0.0414,0.03135,0.0213,0.01125,0.0012,-0.00885,-0.01895,-0.029,-0.03905,-0.0491,-0.05915,-0.06925,-0.0793,-0.08935,-0.0994,-0.10945,-0.1195,-0.1296,-0.13965,-0.1497,-0.15975,-0.1698,-0.1799,-0.18995,-0.2]},"I":{"unit":"A","value":[-0.0100014,-0.0100014,-0.0100017,-0.0100015,-0.0100013,-0.0100013,-0.0100015,-0.0100017,-0.0100016,-0.0100014,-0.0100015,-0.0100014,-0.0100016,-0.0100015,-0.0100017,-0.0100016,-0.0100015,-0.00955141,-0.00882995,-0.00814493,-0.00748335,-0.00684895,-0.00624508,-0.0056565,-0.00510968,-0.00456524,-0.00404611,-0.00354855,-0.00307771,-0.0026128,-0.00218104,-0.0017666,-0.00141396,-0.00106143,-0.000730566,-0.000406585,-0.000117735,0.000139539,0.000376069,0.000594423,0.000759617,0.000928459,0.00107776,0.00120321,0.00131545,0.00141934,0.00149892,0.00156843,0.0016178,0.00166275,0.00170179,0.00173692,0.0017599,0.00178532,0.00180294,0.00182101,0.00182972,0.00183924,0.00185022,0.00185893,0.00186126,0.00186885,0.00187068,0.00187478,0.00188065,0.00187969,0.00187933,0.00188592,0.00188475,0.0018889,0.00188824,0.00189078,0.001893,0.00189214,0.00189346,0.0018925,0.00189326,0.00189594,0.00189852,0.00189766,0.0018971,0.00189984,0.00189979,0.00189786,0.00189786,0.00190085,0.00190131,0.00189523,0.00190227,0.00190338,0.00189999,0.00190227,0.00190115,0.00190257,0.00190217,0.00190166,0.00190141,0.00190404,0.00190455,0.00190242,0.00190207,0.00190151,0.0019045,0.00190374,0.00190308,0.00190586,0.00190677,0.0019048,0.00190546,0.00190445,0.00190551,0.0019049,0.0019045,0.00190728,0.0019051,0.0019088,0.00191032,0.00190789,0.00190931,0.00190905,0.00190743,0.00190991,0.00190743,0.00191108,0.00190784,0.00191082,0.00191017,0.00191093,0.00190971,0.00190956,0.00191128,0.00190753,0.00191214,0.00191254,0.00191336,0.00191153,0.00191219,0.00191249,0.00191406,0.00191513,0.00191204,0.00191396,0.00191437,0.00191751,0.00191219,0.00191578,0.00191685,0.00191437,0.00191715,0.0019169,0.00191482,0.00191482,0.00191908,0.00191862,0.00191902,0.00191766,0.00191619,0.00192029,0.00191842,0.00191801,0.00191958,0.00191938,0.00191639,0.00191857,0.00191943,0.0019129,0.00191913,0.00192029,0.00191796,0.00191796]},"J":{"unit":"A\/cm2","value":[-0.106398,-0.106398,-0.106401,-0.106399,-0.106397,-0.106397,-0.106399,-0.106401,-0.1064,-0.106398,-0.106399,-0.106398,-0.1064,-0.106399,-0.106401,-0.1064,-0.106399,-0.101611,-0.0939356,-0.0866482,-0.0796101,-0.0728612,-0.066437,-0.0601755,-0.0543583,-0.0485664,-0.0430437,-0.0377505,-0.0327416,-0.0277957,-0.0232026,-0.0187936,-0.0150422,-0.0112918,-0.00777198,-0.00432537,-0.0012525,0.00148446,0.00400073,0.00632365,0.00808104,0.00987722,0.0114655,0.0128001,0.0139942,0.0150993,0.015946,0.0166855,0.0172106,0.0176889,0.0181041,0.0184779,0.0187224,0.0189928,0.0191802,0.0193725,0.0194651,0.0195664,0.0196832,0.0197759,0.0198006,0.0198814,0.0199008,0.0199444,0.0200069,0.0199967,0.0199929,0.0200629,0.0200506,0.0200947,0.0200877,0.0201146,0.0201383,0.0201292,0.0201432,0.0201329,0.020141,0.0201696,0.020197,0.0201879,0.0201819,0.020211,0.0202105,0.02019,0.02019,0.0202218,0.0202266,0.020162,0.0202369,0.0202487,0.0202127,0.0202369,0.020225,0.0202401,0.0202358,0.0202304,0.0202277,0.0202557,0.0202611,0.0202385,0.0202347,0.0202288,0.0202606,0.0202525,0.0202455,0.0202751,0.0202848,0.0202638,0.0202708,0.0202601,0.0202714,0.0202649,0.0202606,0.0202902,0.0202671,0.0203064,0.0203225,0.0202967,0.0203118,0.0203091,0.0202918,0.0203182,0.0202918,0.0203306,0.0202961,0.0203279,0.0203209,0.020329,0.0203161,0.0203145,0.0203328,0.0202929,0.0203419,0.0203462,0.0203548,0.0203355,0.0203425,0.0203457,0.0203624,0.0203737,0.0203409,0.0203613,0.0203656,0.020399,0.0203425,0.0203807,0.020392,0.0203656,0.0203952,0.0203925,0.0203705,0.0203705,0.0204157,0.0204109,0.0204152,0.0204006,0.020385,0.0204286,0.0204087,0.0204044,0.0204211,0.0204189,0.0203872,0.0204103,0.0204195,0.02035,0.0204162,0.0204286,0.0204039,0.0204039]},"pv_cell_parameters":{"voc":{"unit":"V","value":1.14},"isc":{"unit":"mA","value":1.9200000000000002},"jsc":{"unit":"mA\/cm2","value":20.39},"vopt":{"unit":"mV","value":966.8500000000001},"iopt":{"unit":"mA","value":1.79},"pmax":{"unit":"W","value":0.00173},"fill_factor":{"unit":"%","value":79.14},"efficiency":{"unit":"%","value":18.36},"cell_dimension":{"unit":"cm2","value":0.094},"irradiance":{"unit":"mW\/cm2","value":100}},"calculations":{"fitted_isc":{"unit":"mA","value":1.9200000000000002},"fitted_voc":{"unit":"V","value":1.13},"rshunt":{"unit":"Kohm","value":30.240000000000002},"rseries":{"unit":"ohm","value":35.4}},"measurement_conditions":{"sweep_direction":{"unit":"","value":"Reverse"},"nplc":{"unit":"","value":0.01},"voltage_settling_time":{"unit":"s","value":0.01},"configuration_file":{"unit":"","value":"Configuration for I-V meas.conf"},"sample_id":{"unit":"","value":"R 6-1"},"note":{"unit":"","value":"\uc2dc\ub8cc\uc5d0 \uad00\ud55c \ubd80\uac00\uc801\uc778 \uc124\uba85\uc744 \uc774\uacf3\uc5d0 \uc801\uc73c\uc138\uc694. ^^"}},"key":"R 6-1_20220531","sweep_direction":{"unit":"","value":"Reverse"},"jsc":{"unit":"mA\/cm2","value":20.39},"voc":{"unit":"V","value":1.14},"efficiency":{"unit":"%","value":18.36},"fill_factor":{"unit":"%","value":79.14},"cell_dimension":{"unit":"cm2","value":0.094}},{"V":{"unit":"V","value":[1.5,1.48995,1.4799,1.4698,1.45975,1.4497,1.43965,1.4296,1.41955,1.40945,1.3994,1.38935,1.3793,1.36925,1.35915,1.3491,1.33905,1.329,1.31895,1.3089,1.2988,1.28875,1.2787,1.26865,1.2586,1.2485,1.23845,1.2284,1.21835,1.2083,1.19825,1.18815,1.1781,1.16805,1.158,1.14795,1.13785,1.1278,1.11775,1.1077,1.09765,1.0876,1.0775,1.06745,1.0574,1.04735,1.0373,1.0272,1.01715,1.0071,0.99705,0.987,0.97695,0.96685,0.9568,0.94675,0.9367,0.92665,0.91655,0.9065,0.89645,0.8864,0.87635,0.86625,0.8562,0.84615,0.8361,0.82605,0.816,0.8059,0.79585,0.7858,0.77575,0.7657,0.7556,0.74555,0.7355,0.72545,0.7154,0.70535,0.69525,0.6852,0.67515,0.6651,0.65505,0.64495,0.6349,0.62485,0.6148,0.60475,0.5947,0.5846,0.57455,0.5645,0.55445,0.5444,0.5343,0.52425,0.5142,0.50415,0.4941,0.48405,0.47395,0.4639,0.45385,0.4438,0.43375,0.42365,0.4136,0.40355,0.3935,0.38345,0.3734,0.3633,0.35325,0.3432,0.33315,0.3231,0.313,0.30295,0.2929,0.28285,0.2728,0.2627,0.25265,0.2426,0.23255,0.2225,0.21245,0.20235,0.1923,0.18225,0.1722,0.16215,0.15205,0.142,0.13195,0.1219,0.11185,0.1018,0.0917,0.08165,0.0716,0.06155,0.0515,0.0414,0.03135,0.0213,0.01125,0.0012,-0.00885,-0.01895,-0.029,-0.03905,-0.0491,-0.05915,-0.06925,-0.0793,-0.08935,-0.0994,-0.10945,-0.1195,-0.1296,-0.13965,-0.1497,-0.15975,-0.1698,-0.1799,-0.18995,-0.2]},"I":{"unit":"A","value":[-0.0100015,-0.0100011,-0.0100016,-0.0100015,-0.0100013,-0.0100018,-0.0100015,-0.0100018,-0.0100015,-0.0100016,-0.0100015,-0.0100014,-0.00948661,-0.00887035,-0.00826963,-0.00769163,-0.00714113,-0.00661072,-0.00609408,-0.00558361,-0.00509421,-0.00462156,-0.00416344,-0.00372019,-0.00329037,-0.00286905,-0.00249455,-0.00211788,-0.00176232,-0.00140675,-0.00108247,-0.000775304,-0.00048818,-0.00021194,1.56555e-5,0.00023264,0.000452052,0.000646609,0.00081651,0.000975072,0.00111374,0.00122987,0.00134125,0.00141679,0.00149556,0.00156689,0.00162309,0.00166916,0.00170748,0.00174201,0.0017659,0.00178924,0.00180407,0.00181708,0.00183207,0.00184204,0.0018504,0.00185981,0.00186194,0.0018671,0.00187348,0.00187293,0.00187905,0.00188082,0.00188143,0.00188492,0.00188791,0.00188766,0.00188634,0.00189019,0.00188649,0.00189085,0.0018914,0.00189267,0.00189287,0.00189307,0.00189383,0.00189535,0.00189419,0.00189363,0.00189348,0.0018949,0.00189662,0.00189551,0.00189829,0.001899,0.00189758,0.00190006,0.00189611,0.00189591,0.00190173,0.00189935,0.00190041,0.0019029,0.00189915,0.00190082,0.0018991,0.00190209,0.00190143,0.00189814,0.00190153,0.00190148,0.00190168,0.00190366,0.00190345,0.00190588,0.0019033,0.00190041,0.00190467,0.0019028,0.00190163,0.00190563,0.00190598,0.00190391,0.00190715,0.00190548,0.00190133,0.00190538,0.00190609,0.00190482,0.00190694,0.0019071,0.0019077,0.00190715,0.00190603,0.0019076,0.00190745,0.00190639,0.00191095,0.00190694,0.00190826,0.00190776,0.00190766,0.00190776,0.00191084,0.00190553,0.00191206,0.00190983,0.00190902,0.00190988,0.00190928,0.00191029,0.00190872,0.00190938,0.00191049,0.00191115,0.00191003,0.00190912,0.00190867,0.00191054,0.00191115,0.00190958,0.00191191,0.00191034,0.00190745,0.00190841,0.00191292,0.00191363,0.00191176,0.00191358,0.00191287,0.00190745,0.00191216,0.00191191,0.00191135,0.00191069,0.00191176,0.00191277,0.00191084,0.00191464]},"J":{"unit":"A\/cm2","value":[-0.106399,-0.106394,-0.1064,-0.106399,-0.106397,-0.106402,-0.106399,-0.106403,-0.106399,-0.1064,-0.106399,-0.106398,-0.100921,-0.0943654,-0.0879748,-0.0818259,-0.0759695,-0.0703268,-0.0648306,-0.0594001,-0.0541937,-0.0491655,-0.0442919,-0.0395765,-0.0350039,-0.0305218,-0.0265378,-0.0225306,-0.0187481,-0.0149655,-0.0115157,-0.00824791,-0.0051934,-0.00225468,0.000166548,0.00247489,0.00480906,0.00687882,0.00868628,0.0103731,0.0118483,0.0130837,0.0142686,0.0150722,0.0159102,0.016669,0.0172669,0.017757,0.0181647,0.018532,0.0187862,0.0190345,0.0191923,0.0193307,0.0194901,0.0195962,0.0196851,0.0197852,0.0198079,0.0198628,0.0199307,0.0199247,0.0199899,0.0200088,0.0200152,0.0200524,0.0200842,0.0200815,0.0200675,0.0201084,0.0200691,0.0201154,0.0201213,0.0201348,0.0201369,0.0201391,0.0201472,0.0201633,0.0201509,0.020145,0.0201434,0.0201585,0.0201768,0.0201649,0.0201946,0.0202021,0.020187,0.0202134,0.0201714,0.0201692,0.0202312,0.0202059,0.0202172,0.0202436,0.0202037,0.0202215,0.0202032,0.020235,0.020228,0.0201929,0.020229,0.0202285,0.0202307,0.0202517,0.0202495,0.0202754,0.0202479,0.0202172,0.0202624,0.0202425,0.0202301,0.0202727,0.0202764,0.0202544,0.0202888,0.020271,0.0202269,0.02027,0.0202775,0.020264,0.0202866,0.0202883,0.0202947,0.0202888,0.020277,0.0202937,0.020292,0.0202807,0.0203292,0.0202866,0.0203007,0.0202953,0.0202942,0.0202953,0.0203281,0.0202716,0.020341,0.0203174,0.0203087,0.0203179,0.0203114,0.0203222,0.0203055,0.0203125,0.0203244,0.0203314,0.0203195,0.0203098,0.020305,0.0203249,0.0203314,0.0203147,0.0203394,0.0203227,0.020292,0.0203023,0.0203502,0.0203578,0.0203378,0.0203572,0.0203497,0.020292,0.0203421,0.0203394,0.0203335,0.0203265,0.0203378,0.0203486,0.0203281,0.0203685]},"pv_cell_parameters":{"voc":{"unit":"V","value":1.16},"isc":{"unit":"mA","value":1.91},"jsc":{"unit":"mA\/cm2","value":20.32},"vopt":{"unit":"mV","value":987},"iopt":{"unit":"mA","value":1.79},"pmax":{"unit":"W","value":0.00177},"fill_factor":{"unit":"%","value":79.82},"efficiency":{"unit":"%","value":18.79},"cell_dimension":{"unit":"cm2","value":0.094},"irradiance":{"unit":"mW\/cm2","value":100}},"calculations":{"fitted_isc":{"unit":"mA","value":1.91},"fitted_voc":{"unit":"V","value":1.16},"rshunt":{"unit":"Kohm","value":52.4},"rseries":{"unit":"ohm","value":40.85}},"measurement_conditions":{"sweep_direction":{"unit":"","value":"Reverse"},"nplc":{"unit":"","value":0.01},"voltage_settling_time":{"unit":"s","value":0.01},"configuration_file":{"unit":"","value":"Configuration for I-V meas.conf"},"sample_id":{"unit":"","value":"R 5-4"},"note":{"unit":"","value":"\uc2dc\ub8cc\uc5d0 \uad00\ud55c \ubd80\uac00\uc801\uc778 \uc124\uba85\uc744 \uc774\uacf3\uc5d0 \uc801\uc73c\uc138\uc694. ^^"}},"key":"R 5-4_20220531","sweep_direction":{"unit":"","value":"Reverse"},"jsc":{"unit":"mA\/cm2","value":20.32},"voc":{"unit":"V","value":1.16},"efficiency":{"unit":"%","value":18.79},"fill_factor":{"unit":"%","value":79.82},"cell_dimension":{"unit":"cm2","value":0.094}},{"V":{"unit":"V","value":[1.5,1.48995,1.4799,1.4698,1.45975,1.4497,1.43965,1.4296,1.41955,1.40945,1.3994,1.38935,1.3793,1.36925,1.35915,1.3491,1.33905,1.329,1.31895,1.3089,1.2988,1.28875,1.2787,1.26865,1.2586,1.2485,1.23845,1.2284,1.21835,1.2083,1.19825,1.18815,1.1781,1.16805,1.158,1.14795,1.13785,1.1278,1.11775,1.1077,1.09765,1.0876,1.0775,1.06745,1.0574,1.04735,1.0373,1.0272,1.01715,1.0071,0.99705,0.987,0.97695,0.96685,0.9568,0.94675,0.9367,0.92665,0.91655,0.9065,0.89645,0.8864,0.87635,0.86625,0.8562,0.84615,0.8361,0.82605,0.816,0.8059,0.79585,0.7858,0.77575,0.7657,0.7556,0.74555,0.7355,0.72545,0.7154,0.70535,0.69525,0.6852,0.67515,0.6651,0.65505,0.64495,0.6349,0.62485,0.6148,0.60475,0.5947,0.5846,0.57455,0.5645,0.55445,0.5444,0.5343,0.52425,0.5142,0.50415,0.4941,0.48405,0.47395,0.4639,0.45385,0.4438,0.43375,0.42365,0.4136,0.40355,0.3935,0.38345,0.3734,0.3633,0.35325,0.3432,0.33315,0.3231,0.313,0.30295,0.2929,0.28285,0.2728,0.2627,0.25265,0.2426,0.23255,0.2225,0.21245,0.20235,0.1923,0.18225,0.1722,0.16215,0.15205,0.142,0.13195,0.1219,0.11185,0.1018,0.0917,0.08165,0.0716,0.06155,0.0515,0.0414,0.03135,0.0213,0.01125,0.0012,-0.00885,-0.01895,-0.029,-0.03905,-0.0491,-0.05915,-0.06925,-0.0793,-0.08935,-0.0994,-0.10945,-0.1195,-0.1296,-0.13965,-0.1497,-0.15975,-0.1698,-0.1799,-0.18995,-0.2]},"I":{"unit":"A","value":[-0.00952288,-0.00928892,-0.00887881,-0.00847675,-0.00808607,-0.00772668,-0.007413,-0.00707583,-0.00681039,-0.00646446,-0.00615043,-0.00585072,-0.00558431,-0.00530211,-0.0050304,-0.0047693,-0.00450417,-0.00424551,-0.00397348,-0.0036883,-0.00341678,-0.00315767,-0.00290412,-0.00265568,-0.00240188,-0.00214084,-0.00191519,-0.00166862,-0.0014252,-0.00118735,-0.000952424,-0.000717758,-0.000495948,-0.000277074,-8.9786e-5,0.000104954,0.000289222,0.000463771,0.000626879,0.000776269,0.000918975,0.00104817,0.00116263,0.00126954,0.00136107,0.00144278,0.00151304,0.00157485,0.00162841,0.00167124,0.00171168,0.00173781,0.00176064,0.00178711,0.00179942,0.00182123,0.00183404,0.00184123,0.00185014,0.00185525,0.00186042,0.00186654,0.00187211,0.00187479,0.00187879,0.00188021,0.00188532,0.00188309,0.00189003,0.00188487,0.00189094,0.00189195,0.00189352,0.00189494,0.00189859,0.00189606,0.00190031,0.00189914,0.00189919,0.00189864,0.00189939,0.0019035,0.00190436,0.00190233,0.00190486,0.00190562,0.00190633,0.00190664,0.00190547,0.00190674,0.00190927,0.00190851,0.00191154,0.00190917,0.00191195,0.00190937,0.00191038,0.00191251,0.00190861,0.00191094,0.00191317,0.00191266,0.00191104,0.00191154,0.00191372,0.00191261,0.00191251,0.00191656,0.00191393,0.00191408,0.00191195,0.00191706,0.00191615,0.00191342,0.00191534,0.00191752,0.00191686,0.00191559,0.00191716,0.00191909,0.0019164,0.00191387,0.00192015,0.00191711,0.00191803,0.00192208,0.00192035,0.00191671,0.00192056,0.0019198,0.00191929,0.00191995,0.00192268,0.00191818,0.00191858,0.00192268,0.00192162,0.00191939,0.00192319,0.00192456,0.00192496,0.00192278,0.00192192,0.00192137,0.00192597,0.00192597,0.00192501,0.00192066,0.00192557,0.00192709,0.00192567,0.00192425,0.00192542,0.00192132,0.00192365,0.00192602,0.00192496,0.00192521,0.00192481,0.00192263,0.00192461,0.00192643,0.00192891,0.00192461,0.00192597,0.00192678,0.0019283,0.00192779,0.00192688,0.00192759]},"J":{"unit":"A\/cm2","value":[-0.101307,-0.0988183,-0.0944554,-0.0901782,-0.0860221,-0.0821988,-0.0788617,-0.0752748,-0.072451,-0.0687709,-0.0654301,-0.0622417,-0.0594076,-0.0564055,-0.0535148,-0.0507373,-0.0479167,-0.045165,-0.0422711,-0.0392372,-0.0363487,-0.0335922,-0.0308949,-0.0282519,-0.0255519,-0.0227749,-0.0203743,-0.0177513,-0.0151617,-0.0126313,-0.0101322,-0.00763573,-0.00527604,-0.0029476,-0.00095517,0.00111653,0.00307683,0.00493373,0.00666892,0.00825818,0.00977633,0.0111507,0.0123684,0.0135058,0.0144794,0.0153487,0.0160962,0.0167537,0.0173235,0.0177791,0.0182094,0.0184873,0.0187302,0.0190118,0.0191427,0.0193748,0.0195111,0.0195876,0.0196823,0.0197367,0.0197917,0.0198568,0.0199161,0.0199446,0.0199871,0.0200022,0.0200566,0.0200329,0.0201067,0.0200518,0.0201164,0.0201272,0.0201439,0.020159,0.0201977,0.0201708,0.020216,0.0202037,0.0202042,0.0201983,0.0202063,0.02025,0.0202591,0.0202376,0.0202645,0.0202726,0.0202801,0.0202834,0.020271,0.0202844,0.0203114,0.0203033,0.0203356,0.0203103,0.0203399,0.0203124,0.0203232,0.0203458,0.0203044,0.0203291,0.0203528,0.0203474,0.0203302,0.0203356,0.0203588,0.0203469,0.0203458,0.0203889,0.0203609,0.0203625,0.0203399,0.0203943,0.0203846,0.0203555,0.020376,0.0203991,0.0203921,0.0203787,0.0203954,0.0204158,0.0203873,0.0203604,0.0204271,0.0203948,0.0204045,0.0204476,0.0204293,0.0203905,0.0204315,0.0204234,0.020418,0.020425,0.0204541,0.0204061,0.0204104,0.0204541,0.0204428,0.0204191,0.0204595,0.020474,0.0204783,0.0204551,0.020446,0.0204401,0.0204891,0.0204891,0.0204789,0.0204325,0.0204848,0.0205009,0.0204859,0.0204708,0.0204831,0.0204395,0.0204643,0.0204896,0.0204783,0.020481,0.0204767,0.0204535,0.0204745,0.0204939,0.0205203,0.0204745,0.0204891,0.0204977,0.0205139,0.0205085,0.0204988,0.0205063]},"pv_cell_parameters":{"voc":{"unit":"V","value":1.16},"isc":{"unit":"mA","value":1.9300000000000002},"jsc":{"unit":"mA\/cm2","value":20.5},"vopt":{"unit":"mV","value":966.8500000000001},"iopt":{"unit":"mA","value":1.79},"pmax":{"unit":"W","value":0.00173},"fill_factor":{"unit":"%","value":77.43},"efficiency":{"unit":"%","value":18.38},"cell_dimension":{"unit":"cm2","value":0.094},"irradiance":{"unit":"mW\/cm2","value":100}},"calculations":{"fitted_isc":{"unit":"mA","value":1.9300000000000002},"fitted_voc":{"unit":"V","value":1.15},"rshunt":{"unit":"Kohm","value":103.65},"rseries":{"unit":"ohm","value":49.9}},"measurement_conditions":{"sweep_direction":{"unit":"","value":"Reverse"},"nplc":{"unit":"","value":0.01},"voltage_settling_time":{"unit":"s","value":0.01},"configuration_file":{"unit":"","value":"Configuration for I-V meas.conf"},"sample_id":{"unit":"","value":"R 5-3"},"note":{"unit":"","value":"\uc2dc\ub8cc\uc5d0 \uad00\ud55c \ubd80\uac00\uc801\uc778 \uc124\uba85\uc744 \uc774\uacf3\uc5d0 \uc801\uc73c\uc138\uc694. ^^"}},"key":"R 5-3_20220531","sweep_direction":{"unit":"","value":"Reverse"},"jsc":{"unit":"mA\/cm2","value":20.5},"voc":{"unit":"V","value":1.16},"efficiency":{"unit":"%","value":18.38},"fill_factor":{"unit":"%","value":77.43},"cell_dimension":{"unit":"cm2","value":0.094}},{"V":{"unit":"V","value":[1.5,1.48995,1.4799,1.4698,1.45975,1.4497,1.43965,1.4296,1.41955,1.40945,1.3994,1.38935,1.3793,1.36925,1.35915,1.3491,1.33905,1.329,1.31895,1.3089,1.2988,1.28875,1.2787,1.26865,1.2586,1.2485,1.23845,1.2284,1.21835,1.2083,1.19825,1.18815,1.1781,1.16805,1.158,1.14795,1.13785,1.1278,1.11775,1.1077,1.09765,1.0876,1.0775,1.06745,1.0574,1.04735,1.0373,1.0272,1.01715,1.0071,0.99705,0.987,0.97695,0.96685,0.9568,0.94675,0.9367,0.92665,0.91655,0.9065,0.89645,0.8864,0.87635,0.86625,0.8562,0.84615,0.8361,0.82605,0.816,0.8059,0.79585,0.7858,0.77575,0.7657,0.7556,0.74555,0.7355,0.72545,0.7154,0.70535,0.69525,0.6852,0.67515,0.6651,0.65505,0.64495,0.6349,0.62485,0.6148,0.60475,0.5947,0.5846,0.57455,0.5645,0.55445,0.5444,0.5343,0.52425,0.5142,0.50415,0.4941,0.48405,0.47395,0.4639,0.45385,0.4438,0.43375,0.42365,0.4136,0.40355,0.3935,0.38345,0.3734,0.3633,0.35325,0.3432,0.33315,0.3231,0.313,0.30295,0.2929,0.28285,0.2728,0.2627,0.25265,0.2426,0.23255,0.2225,0.21245,0.20235,0.1923,0.18225,0.1722,0.16215,0.15205,0.142,0.13195,0.1219,0.11185,0.1018,0.0917,0.08165,0.0716,0.06155,0.0515,0.0414,0.03135,0.0213,0.01125,0.0012,-0.00885,-0.01895,-0.029,-0.03905,-0.0491,-0.05915,-0.06925,-0.0793,-0.08935,-0.0994,-0.10945,-0.1195,-0.1296,-0.13965,-0.1497,-0.15975,-0.1698,-0.1799,-0.18995,-0.2]},"I":{"unit":"A","value":[-0.0100015,-0.0100015,-0.0100015,-0.0100014,-0.0100015,-0.0100014,-0.0100015,-0.0100014,-0.0100014,-0.0100014,-0.0100014,-0.0100014,-0.0100016,-0.0100014,-0.0100014,-0.0100014,-0.0100016,-0.00932688,-0.00853733,-0.00778849,-0.00707467,-0.00639659,-0.00574904,-0.00514047,-0.00454683,-0.00401054,-0.00348291,-0.00298434,-0.00249528,-0.00205088,-0.00163633,-0.00124513,-0.00087463,-0.000579658,-0.000277447,7.19912e-7,0.000265143,0.000494582,0.000692836,0.00087499,0.00103877,0.00116159,0.00127307,0.00138009,0.00147097,0.00154615,0.00160745,0.00166031,0.00170233,0.00173817,0.00176217,0.00178374,0.0018013,0.00181933,0.00182743,0.001841,0.00184884,0.00185598,0.00186292,0.0018613,0.00186854,0.00187304,0.0018778,0.00187704,0.00188215,0.00188246,0.00188423,0.00188626,0.00188393,0.00188651,0.00188919,0.00189385,0.00189162,0.00189511,0.0018981,0.00189916,0.00189825,0.00189861,0.00190134,0.00190119,0.00190068,0.00190357,0.00190585,0.00190382,0.0019061,0.00190646,0.00190397,0.00190772,0.00190899,0.0019104,0.00190833,0.00191142,0.00191349,0.00191172,0.0019141,0.00191162,0.00191288,0.00191643,0.00191582,0.00191724,0.00191562,0.00191916,0.00192129,0.0019179,0.00192058,0.00192301,0.00192159,0.00192417,0.00191871,0.00192554,0.00192473,0.00192468,0.00192504,0.00192291,0.00192205,0.00192584,0.00192534,0.00192752,0.00192686,0.00192807,0.00192994,0.00192787,0.00193005,0.00192716,0.00192812,0.0019306,0.00193162,0.00192787,0.00193096,0.00192949,0.00193268,0.00193045,0.00193091,0.00193308,0.00193561,0.00193506,0.00193612,0.00193552,0.0019341,0.00193349,0.0019341,0.00193643,0.00193172,0.00193926,0.00193886,0.00193653,0.00193435,0.00194083,0.00193399,0.00193835,0.00193673,0.00193875,0.00193633,0.00194108,0.00193881,0.00193774,0.00194058,0.00193906,0.00193789,0.001938,0.0019387,0.00193855,0.00194088,0.00193896,0.00194154,0.00193744,0.00194129,0.00194078,0.00193972,0.00193744]},"J":{"unit":"A\/cm2","value":[-0.106399,-0.106399,-0.106399,-0.106398,-0.106399,-0.106397,-0.106399,-0.106398,-0.106397,-0.106397,-0.106398,-0.106398,-0.1064,-0.106398,-0.106398,-0.106398,-0.1064,-0.0992221,-0.0908227,-0.0828562,-0.0752624,-0.0680489,-0.06116,-0.0546858,-0.0483705,-0.0426653,-0.0370523,-0.0317483,-0.0265456,-0.0218178,-0.0174078,-0.0132461,-0.00930458,-0.00616657,-0.00295156,7.65864e-6,0.00282067,0.00526151,0.0073706,0.0093084,0.0110507,0.0123573,0.0135433,0.0146818,0.0156486,0.0164484,0.0171006,0.0176629,0.0181099,0.0184912,0.0187465,0.0189759,0.0191628,0.0193545,0.0194407,0.0195851,0.0196685,0.0197445,0.0198183,0.019801,0.019878,0.019926,0.0199766,0.0199685,0.0200229,0.0200261,0.020045,0.0200665,0.0200418,0.0200692,0.0200978,0.0201473,0.0201236,0.0201608,0.0201926,0.0202039,0.0201942,0.020198,0.020227,0.0202254,0.02022,0.0202507,0.020275,0.0202534,0.0202777,0.0202814,0.020255,0.0202949,0.0203084,0.0203234,0.0203014,0.0203342,0.0203563,0.0203374,0.0203628,0.0203364,0.0203498,0.0203875,0.0203811,0.0203961,0.0203789,0.0204166,0.0204392,0.0204031,0.0204317,0.0204575,0.0204425,0.0204699,0.0204118,0.0204845,0.0204759,0.0204753,0.0204791,0.0204565,0.0204473,0.0204877,0.0204823,0.0205055,0.0204985,0.0205114,0.0205313,0.0205093,0.0205324,0.0205017,0.020512,0.0205383,0.0205491,0.0205093,0.0205421,0.0205265,0.0205604,0.0205367,0.0205416,0.0205647,0.0205916,0.0205857,0.020597,0.0205906,0.0205755,0.020569,0.0205755,0.0206003,0.0205502,0.0206304,0.0206261,0.0206013,0.0205782,0.0206471,0.0205744,0.0206207,0.0206035,0.020625,0.0205992,0.0206498,0.0206256,0.0206143,0.0206444,0.0206283,0.0206159,0.020617,0.0206245,0.0206229,0.0206477,0.0206272,0.0206547,0.0206111,0.020652,0.0206466,0.0206353,0.0206111]},"pv_cell_parameters":{"voc":{"unit":"V","value":1.15},"isc":{"unit":"mA","value":1.94},"jsc":{"unit":"mA\/cm2","value":20.620000000000005},"vopt":{"unit":"mV","value":987},"iopt":{"unit":"mA","value":1.78},"pmax":{"unit":"W","value":0.00176},"fill_factor":{"unit":"%","value":79.12},"efficiency":{"unit":"%","value":18.73},"cell_dimension":{"unit":"cm2","value":0.094},"irradiance":{"unit":"mW\/cm2","value":100}},"calculations":{"fitted_isc":{"unit":"mA","value":1.94},"fitted_voc":{"unit":"V","value":1.14},"rshunt":{"unit":"Kohm","value":71.3},"rseries":{"unit":"ohm","value":36.22}},"measurement_conditions":{"sweep_direction":{"unit":"","value":"Reverse"},"nplc":{"unit":"","value":0.01},"voltage_settling_time":{"unit":"s","value":0.01},"configuration_file":{"unit":"","value":"Configuration for I-V meas.conf"},"sample_id":{"unit":"","value":"R 5-2"},"note":{"unit":"","value":"\uc2dc\ub8cc\uc5d0 \uad00\ud55c \ubd80\uac00\uc801\uc778 \uc124\uba85\uc744 \uc774\uacf3\uc5d0 \uc801\uc73c\uc138\uc694. ^^"}},"key":"R 5-2_20220531","sweep_direction":{"unit":"","value":"Reverse"},"jsc":{"unit":"mA\/cm2","value":20.620000000000005},"voc":{"unit":"V","value":1.15},"efficiency":{"unit":"%","value":18.73},"fill_factor":{"unit":"%","value":79.12},"cell_dimension":{"unit":"cm2","value":0.094}}]}}