{"_id":"6538bc2026db9e48202e73f8","id":"CNU_EEML-SC-00196","author":62,"group":6,"input":[{"tco":{"unit":"","value":"ITO"}},[],{"etl":[{"material":{"unit":"","value":"SnO2_NP"},"concentration":{"unit":"","value":"1:5 ratio (in H2O)"},"conc_unit":{"unit":"","value":"none"},"quantity":{"unit":"ml","value":"0.2"}}],"spin_coating":[{"type":{"unit":"","value":"drop&run"},"rpm":{"unit":"","value":"3000"},"time":{"unit":"s","value":"30"}}],"annealing":[{"temperature":{"unit":"oC","value":"100"},"time":{"unit":"m","value":"10"}}]},{"etl_treatment":[{"material":{"unit":"","value":"MACl"},"concentration":{"unit":"","value":"1.6"},"conc_unit":{"unit":"","value":"mg\/ml"},"quantity":{"unit":"ml","value":"0.1"}}]},[],{"perovskite":{"method":{"unit":"","value":"1step"},"molarity":{"unit":"M","value":"1.4"},"a_site":[{"material":{"unit":"","value":"FA"},"ratio":{"unit":"%","value":"95"}},{"material":{"unit":"","value":"MA"},"ratio":{"unit":"%","value":"5"}}],"b_site":[{"material":{"unit":"","value":"Pb"},"ratio":{"unit":"%","value":"100"}},{"material":{"unit":"","value":"Sn"},"ratio":{"unit":"%","value":"0"}}],"x_site":[{"material":{"unit":"","value":"I"},"ratio":{"unit":"%","value":"95"}},{"material":{"unit":"","value":"Br"},"ratio":{"unit":"%","value":"5"}}],"solvent":[{"material":{"unit":"","value":"DMF"},"volume":{"unit":"ml","value":"0.8"}},{"material":{"unit":"","value":"DMSO"},"volume":{"unit":"ml","value":"0.1"}}],"antisolvent":[{"material":{"unit":"","value":"DEE"},"quantity":{"unit":"ul","value":"1000"},"dripping_time":{"unit":"s","value":"12"}}],"spin_coating":[{"type":{"unit":"","value":"drop&run"},"rpm":{"unit":"","value":"5000"},"time":{"unit":"s","value":"50"}}],"annealing":[{"temperature":{"unit":"oC","value":"100"},"time":{"unit":"m","value":"60"}}],"atmosphere":[{"type":{"unit":"","value":"air"},"temperature":{"unit":"oC","value":"25"},"humidity":{"unit":"RH%","value":"18"}}]}},{"htl":[{"material":{"unit":"","value":"Spiro-OMeTAD"},"concentration":{"unit":"","value":"91"},"conc_unit":{"unit":"","value":"mg\/ml"},"quantity":{"unit":"ml","value":"0.07"}}],"solvent":[{"material":{"unit":"","value":"CB"},"volume":{"unit":"ml","value":"1.1"}}],"spin_coating":[{"type":{"unit":"","value":"drop&run"},"rpm":{"unit":"","value":"2000"},"time":{"unit":"s","value":"30"}}],"htl_doping":[{"material":{"unit":"","value":"Li-TFSI"},"volume":{"unit":"ul","value":"23"}},{"material":{"unit":"","value":"Co-TFSI"},"volume":{"unit":"ul","value":"10"}},{"material":{"unit":"","value":"tBP"},"volume":{"unit":"ul","value":"39"}}]},{"anode_metal":{"unit":"","value":"Ag"}},{"note":{"unit":"","value":"NIP ETL Surface"},"ar":{"unit":"","value":"0"},"type":{"unit":"","value":"unit_cell"},"device_type":{"unit":"","value":"n-i-p"},"temperature":{"unit":"\u2103","value":"24"},"humidity":{"unit":"%","value":"22"},"cell_dimension":{"unit":"cm2","value":"0.0804"}}],"fileinfo":[{"key":"Reverse_rev_230218","uploadType":"JV","original_name":"rev_230218-165710_REV.dat","save_name":"CNU_EEML-SC-00196\/Reverse_rev_230218","uploader":62,"fileType":""},{"key":"Forward_fwd_230218","uploadType":"JV","original_name":"fwd_230218-165710_FWD_D.dat","save_name":"CNU_EEML-SC-00196\/Forward_fwd_230218","uploader":62,"fileType":""}],"jvcnt":2,"updated_at":"2024-08-23 08:08:05","created_at":"2023-10-25 06:56:32","analysisInfo":{"JV":[{"efficiency":18.7557,"fill_factor":74.60707605923727,"jsc":22.6483,"voc":1.1099863769477092,"key":"Reverse_rev_230218","cell_dimension":0.0804},{"efficiency":18.017,"fill_factor":75.45328133725322,"jsc":22.527,"voc":1.059988096501725,"key":"Forward_fwd_230218","cell_dimension":0.0804}]},"public":2,"tags":[],"analysis":{"JV":[{"V":{"value":[1.5,1.49,1.48,1.47,1.46,1.45,1.44,1.43,1.42,1.41,1.4,1.39,1.38,1.37,1.36,1.35,1.34,1.33,1.32,1.31,1.3,1.29,1.28,1.27,1.26,1.25,1.24,1.23,1.22,1.21,1.2,1.19,1.18,1.17,1.16,1.15,1.14,1.13,1.12,1.11,1.1,1.09,1.08,1.07,1.06,1.05,1.04,1.03,1.02,1.01,1,0.99,0.98,0.97,0.96,0.95,0.94,0.93,0.92,0.91,0.9,0.89,0.88,0.87,0.86,0.85,0.84,0.83,0.82,0.81,0.8,0.79,0.78,0.77,0.76,0.75,0.74,0.73,0.72,0.71,0.7,0.69,0.68,0.67,0.66,0.65,0.64,0.63,0.62,0.61,0.6,0.59,0.58,0.57,0.56,0.55,0.54,0.53,0.52,0.51,0.5,0.49,0.48,0.47,0.46,0.45,0.44,0.43,0.42,0.41,0.4,0.39,0.38,0.37,0.36,0.35,0.34,0.33,0.32,0.31,0.3,0.29,0.28,0.27,0.26,0.25,0.24,0.23,0.22,0.21,0.2,0.19,0.18,0.17,0.16,0.15,0.14,0.13,0.12,0.11,0.1,0.09,0.08,0.07,0.06,0.05,0.04,0.03,0.02,0.01,0,-0.01,-0.02,-0.03,-0.04,-0.05,-0.06,-0.07,-0.08,-0.09,-0.1,-0.11,-0.12,-0.13,-0.14,-0.15,-0.16,-0.17,-0.18,-0.19,-0.2],"unit":"V"},"J":{"value":[-0.10295399999999999,-0.101032,-0.0985533,-0.09593840000000001,-0.0931128,-0.0902708,-0.0874816,-0.08463,-0.08179739999999999,-0.07893729999999999,-0.07613930000000001,-0.07329730000000001,-0.0705172,-0.06763849999999999,-0.0648565,-0.0620757,-0.0593117,-0.056538899999999996,-0.0537749,-0.051045499999999994,-0.0483248,-0.0456127,-0.042935299999999996,-0.040266199999999995,-0.0375975,-0.034964100000000005,-0.032364,-0.0297906,-0.0272438,-0.0246876,-0.0221662,-0.0197138,-0.017279,-0.0148876,-0.0125221,-0.010199999999999999,-0.0079472,-0.00571162,-0.0035801699999999997,-0.00150058,0.000535656,0.00251124,0.00433952,0.00614181,0.007822869999999999,0.009495110000000001,0.0108989,0.012250500000000001,0.013576399999999999,0.014728699999999999,0.0157426,0.016660900000000003,0.017475400000000002,0.0181513,0.0187753,0.0192781,0.0196936,0.0200662,0.0203866,0.0206038,0.0208027,0.0210024,0.021140899999999997,0.021236,0.021270800000000003,0.0214355,0.0214788,0.021565,0.021686499999999997,0.0217734,0.0218601,0.021868500000000003,0.021851199999999998,0.0218598,0.0218947,0.0218772,0.021868500000000003,0.021981200000000003,0.0219552,0.0219985,0.0220503,0.0219814,0.02199,0.0219898,0.0219905,0.022058900000000003,0.0220245,0.0221113,0.0220591,0.0219898,0.022076699999999998,0.0222413,0.022319500000000003,0.0224575,0.0223797,0.0222584,0.022146000000000002,0.022206700000000003,0.0221891,0.0222411,0.0223018,0.0222929,0.0223277,0.022319099999999998,0.022344899999999997,0.022345300000000002,0.0223626,0.022319299999999997,0.0223797,0.0222933,0.0222413,0.0222235,0.0222673,0.0222413,0.0222409,0.0222931,0.0222502,0.0221893,0.0221631,0.0221113,0.0221889,0.0221978,0.0221804,0.022224,0.022223800000000002,0.0222675,0.022353500000000002,0.022397300000000002,0.0224404,0.0224575,0.022466200000000002,0.0224666,0.0224233,0.022448799999999998,0.0224404,0.0224233,0.0224924,0.022449300000000002,0.0224664,0.0225364,0.0225186,0.022509699999999997,0.0225355,0.022613499999999998,0.022613499999999998,0.0226226,0.022726299999999998,0.022752300000000003,0.022752500000000002,0.022752099999999997,0.0226483,0.0227006,0.022726299999999998,0.0226919,0.0227266,0.0226399,0.022561699999999997,0.022492599999999998,0.0225528,0.0225184,0.022475000000000002,0.022561900000000003,0.0225706,0.0224404,0.022553,0.022544599999999998,0.0225792,0.0225186,0.0225186,0.0225275,0.022587700000000002],"unit":"A\/cm2"},"P":{"value":[154.431,150.538,145.859,141.03,135.945,130.893,125.973,121.021,116.152,111.302,106.595,101.883,97.3138,92.6647,88.2048,83.8022,79.4776,75.1968,70.9829,66.8696,62.8222,58.8404,54.9572,51.1381,47.3728,43.7051,40.1314,36.6425,33.2374,29.872,26.5994,23.4595,20.3893,17.4185,14.5256,11.7299,9.05981,6.45414,4.00979,1.66564,-0.589221,-2.73725,-4.68669,-6.57174,-8.29224,-9.96986,-11.3349,-12.618,-13.8479,-14.876,-15.7426,-16.4943,-17.1259,-17.6068,-18.0243,-18.3142,-18.512,-18.6616,-18.7557,-18.7495,-18.7225,-18.6922,-18.604,-18.4753,-18.2929,-18.2202,-18.0422,-17.899,-17.783,-17.6365,-17.4881,-17.2761,-17.0439,-16.8321,-16.64,-16.4079,-16.1827,-16.0462,-15.8077,-15.6189,-15.4352,-15.1671,-14.9532,-14.7332,-14.5137,-14.3383,-14.0957,-13.9301,-13.6767,-13.4138,-13.246,-13.1224,-12.9453,-12.8008,-12.5327,-12.2421,-11.9588,-11.7695,-11.5383,-11.343,-11.1509,-10.9235,-10.7173,-10.49,-10.2786,-10.0554,-9.83955,-9.5973,-9.39949,-9.14026,-8.89653,-8.66718,-8.46158,-8.22929,-8.00672,-7.80258,-7.56507,-7.32248,-7.0922,-6.85452,-6.65667,-6.43735,-6.21053,-6.00047,-5.77818,-5.56688,-5.36484,-5.15137,-4.93688,-4.71608,-4.49323,-4.26865,-4.03619,-3.8163,-3.59046,-3.36349,-3.14893,-2.9184,-2.69597,-2.479,-2.25186,-2.02587,-1.80284,-1.58294,-1.35681,-1.13113,-0.909053,-0.68257,-0.455051,-0.227521,0,0.227006,0.454527,0.680757,0.909062,1.132,1.3537,1.57448,1.80422,2.02665,2.2475,2.48181,2.70847,2.91725,3.15742,3.38169,3.61268,3.82816,4.05335,4.28022,4.51754],"unit":"mW\/cm2"},"efficiency":{"unit":"%","value":18.7557},"I":{"unit":"A","value":[-1.2805223880597014,-1.2566169154228854,-1.2257873134328359,-1.1932636815920399,-1.1581194029850745,-1.122771144278607,-1.0880796019900498,-1.0526119402985075,-1.0173805970149252,-0.9818072139303481,-0.9470062189054728,-0.9116579601990051,-0.8770796019900498,-0.8412748756218904,-0.8066728855721392,-0.7720858208955224,-0.7377077114427861,-0.7032201492537313,-0.668842039800995,-0.6348942786069651,-0.6010547263681593,-0.5673221393034826,-0.5340211442786069,-0.5008233830845771,-0.4676305970149254,-0.43487686567164185,-0.4025373134328358,-0.37052985074626865,-0.33885323383084576,-0.3070597014925373,-0.2756990049751244,-0.24519651741293533,-0.21491293532338307,-0.18516915422885574,-0.15574751243781093,-0.12686567164179102,-0.0988457711442786,-0.07104004975124378,-0.044529477611940295,-0.01866393034825871,0.006662388059701493,0.031234328358208958,0.053974129353233834,0.07639067164179104,0.09729937810945273,0.11809838308457712,0.1355584577114428,0.15236940298507465,0.16886069651741292,0.18319278606965173,0.19580348258706468,0.2072251243781095,0.21735572139303486,0.22576243781094527,0.23352363184079605,0.2397773631840796,0.2449452736318408,0.24957960199004975,0.25356467661691545,0.25626616915422884,0.25874004975124376,0.26122388059701496,0.2629465174129353,0.26412935323383085,0.2645621890547264,0.2666106965174129,0.2671492537313433,0.2682213930348259,0.26973258706467657,0.2708134328358209,0.2718917910447761,0.27199626865671644,0.27178109452736315,0.27188805970149255,0.2723221393034826,0.2721044776119403,0.27199626865671644,0.2733980099502488,0.27307462686567163,0.273613184079602,0.27425746268656714,0.27340049751243783,0.27350746268656717,0.2735049751243781,0.2735136815920398,0.27436442786069654,0.2739365671641791,0.2750161691542289,0.2743669154228856,0.2735049751243781,0.27458582089552236,0.2766330845771144,0.27760572139303485,0.27932213930348254,0.27835447761194027,0.2768457711442786,0.27544776119402986,0.27620273631840797,0.27598383084577116,0.2766305970149254,0.2773855721393035,0.27727487562189057,0.27770771144278605,0.2776007462686567,0.2779216417910447,0.2779266169154229,0.2781417910447761,0.27760323383084573,0.27835447761194027,0.27727985074626865,0.2766330845771144,0.27641169154228856,0.2769564676616916,0.2766330845771144,0.27662810945273636,0.2772773631840796,0.2767437810945274,0.2759863184079602,0.275660447761194,0.2750161691542289,0.2759813432835821,0.276092039800995,0.27587562189054726,0.2764179104477612,0.2764154228855722,0.2769589552238806,0.2780286069651742,0.27857338308457713,0.2791094527363184,0.27932213930348254,0.2794303482587065,0.2794353233830846,0.2788967661691542,0.2792139303482587,0.2791094527363184,0.2788967661691542,0.27975621890547264,0.27922014925373134,0.27943283582089556,0.2803034825870647,0.2800820895522388,0.2799713930348258,0.28029228855721394,0.28126243781094523,0.28126243781094523,0.28137562189054727,0.2826654228855721,0.2829888059701493,0.2829912935323383,0.2829863184079602,0.28169527363184077,0.2823457711442786,0.2826654228855721,0.2822375621890547,0.28266915422885575,0.2815907960199005,0.2806181592039801,0.27975870646766166,0.2805074626865672,0.2800796019900498,0.2795398009950249,0.2806206467661692,0.28072885572139306,0.2791094527363184,0.28050995024875625,0.2804054726368159,0.2808358208955224,0.2800820895522388,0.2800820895522388,0.28019278606965176,0.2809415422885572]},"voc":{"unit":"V","value":1.1099863769477092},"jsc":{"unit":"mA\/cm2","value":22.6483},"fill_factor":{"unit":"%","value":74.60707605923727},"cell_dimension":{"value":0.0804,"unit":"cm2"},"sweep_direction":{"unit":"","value":"Reverse"},"key":"Reverse_rev_230218"},{"V":{"value":[-0.2,-0.19,-0.18,-0.17,-0.16,-0.15,-0.14,-0.13,-0.12,-0.11,-0.1,-0.09,-0.08,-0.07,-0.06,-0.05,-0.04,-0.03,-0.02,-0.01,0,0.01,0.02,0.03,0.04,0.05,0.06,0.07,0.08,0.09,0.1,0.11,0.12,0.13,0.14,0.15,0.16,0.17,0.18,0.19,0.2,0.21,0.22,0.23,0.24,0.25,0.26,0.27,0.28,0.29,0.3,0.31,0.32,0.33,0.34,0.35,0.36,0.37,0.38,0.39,0.4,0.41,0.42,0.43,0.44,0.45,0.46,0.47,0.48,0.49,0.5,0.51,0.52,0.53,0.54,0.55,0.56,0.57,0.58,0.59,0.6,0.61,0.62,0.63,0.64,0.65,0.66,0.67,0.68,0.69,0.7,0.71,0.72,0.73,0.74,0.75,0.76,0.77,0.78,0.79,0.8,0.81,0.82,0.83,0.84,0.85,0.86,0.87,0.88,0.89,0.9,0.91,0.92,0.93,0.94,0.95,0.96,0.97,0.98,0.99,1,1.01,1.02,1.03,1.04,1.05,1.06,1.07,1.08,1.09,1.1,1.11,1.12,1.13,1.14,1.15,1.16,1.17,1.18,1.19,1.2,1.21,1.22,1.23,1.24,1.25,1.26,1.27,1.28,1.29,1.3,1.31,1.32,1.33,1.34,1.35,1.36,1.37,1.38,1.39,1.4,1.41,1.42,1.43,1.44,1.45,1.46,1.47,1.48,1.49,1.5],"unit":"V"},"J":{"value":[0.0230729,0.0229347,0.0228739,0.0227528,0.0227439,0.022701,0.0226399,0.0225275,0.0225879,0.022587700000000002,0.022579000000000002,0.022648599999999998,0.0226226,0.0225879,0.0226132,0.022639700000000002,0.0225792,0.0225792,0.0225704,0.0225188,0.022527000000000002,0.0224579,0.022449300000000002,0.022483899999999998,0.0224575,0.022527000000000002,0.0224317,0.0224753,0.0223802,0.022449100000000003,0.0224404,0.0223888,0.0224231,0.0224406,0.0224231,0.0223366,0.0223797,0.0224577,0.022509699999999997,0.022579000000000002,0.0226052,0.0225186,0.0225704,0.022553,0.0225099,0.0224753,0.0223713,0.022397300000000002,0.0223368,0.022371500000000002,0.0224406,0.0224057,0.0224148,0.022431899999999998,0.0224575,0.0223795,0.0224057,0.0224146,0.022449300000000002,0.022431899999999998,0.0224055,0.0223713,0.0224144,0.022448799999999998,0.022509699999999997,0.0225008,0.022527000000000002,0.0225708,0.0225792,0.022587700000000002,0.0225879,0.0226308,0.022622399999999997,0.0224582,0.022449100000000003,0.022336400000000003,0.0223455,0.022397300000000002,0.0224055,0.0224233,0.0224315,0.0224406,0.0224148,0.022414,0.0223708,0.022344899999999997,0.022354,0.0223537,0.022362200000000002,0.022336400000000003,0.0223626,0.022275800000000002,0.022301500000000002,0.0222673,0.0222673,0.022267099999999998,0.022284400000000003,0.022267099999999998,0.0221978,0.022094000000000003,0.0219729,0.0218772,0.0217647,0.0216428,0.0213662,0.021183800000000003,0.02095,0.0207078,0.0204557,0.020092199999999998,0.0197543,0.0192777,0.0187409,0.018142600000000002,0.0173716,0.0165658,0.0156388,0.0145899,0.013472099999999999,0.0122592,0.0109335,0.00953852,0.00801342,0.0064364800000000005,0.004781430000000001,0.00308318,0.00127216,-0.000599437,-0.00249696,-0.00445524,-0.0064827899999999996,-0.008553739999999999,-0.010641999999999999,-0.012808,-0.0150002,-0.0172272,-0.019462700000000003,-0.021723600000000003,-0.0240635,-0.0264035,-0.0287165,-0.031099,-0.0335084,-0.0359429,-0.0383611,-0.0408211,-0.0432473,-0.045759999999999995,-0.0482473,-0.0507418,-0.0532555,-0.055802500000000005,-0.058325,-0.060880000000000004,-0.0634187,-0.06600149999999999,-0.0685043,-0.0710957,-0.07369440000000001,-0.0762945,-0.07885930000000001,-0.0814674,-0.0841015,-0.0867026,-0.0893176,-0.0919613,-0.0945511,-0.09718429999999999,-0.0997663,-0.102393,-0.105044],"unit":"A\/cm2"},"P":{"value":[4.61458,4.3576,4.11729,3.86797,3.63902,3.40515,3.16959,2.92857,2.71055,2.48465,2.2579,2.03837,1.80981,1.58115,1.35679,1.13198,0.90317,0.677377,0.451407,0.225188,0,-0.224579,-0.448985,-0.674518,-0.8983,-1.12635,-1.3459,-1.57327,-1.79041,-2.02041,-2.24404,-2.46277,-2.69077,-2.91728,-3.13923,-3.35049,-3.58076,-3.81781,-4.05175,-4.29002,-4.52105,-4.7289,-4.96548,-5.1872,-5.40238,-5.61882,-5.81653,-6.04726,-6.25432,-6.48774,-6.73218,-6.94578,-7.17274,-7.40254,-7.63555,-7.83283,-8.06606,-8.29341,-8.53072,-8.74846,-8.9622,-9.17223,-9.41404,-9.653,-9.90427,-10.1254,-10.3624,-10.6083,-10.838,-11.068,-11.294,-11.5417,-11.7636,-11.9028,-12.1225,-12.285,-12.5135,-12.7664,-12.9952,-13.2297,-13.4589,-13.6888,-13.8972,-14.1208,-14.3173,-14.5242,-14.7536,-14.977,-15.2063,-15.4121,-15.6538,-15.8158,-16.0571,-16.2551,-16.4778,-16.7003,-16.9362,-17.1457,-17.3143,-17.4543,-17.5783,-17.7205,-17.8471,-17.9635,-17.9476,-18.0062,-18.017,-18.0158,-18.001,-17.8821,-17.7789,-17.5427,-17.2416,-16.8726,-16.3293,-15.7375,-15.0132,-14.1522,-13.2027,-12.1366,-10.9335,-9.63391,-8.17369,-6.62957,-4.97269,-3.23734,-1.34848,0.641398,2.69672,4.85621,7.13106,9.49465,11.919,14.4731,17.1002,19.8113,22.5768,25.4166,28.395,31.4202,34.4598,37.6298,40.8803,44.2097,47.5677,51.0264,54.4915,58.1152,61.7565,65.4569,69.2322,73.1012,76.989,80.9704,84.9811,89.102,93.1658,97.4011,101.698,106.049,110.403,114.869,119.424,123.985,128.617,133.344,138.045,142.861,147.654,152.565,157.566],"unit":"mW\/cm2"},"efficiency":{"unit":"%","value":18.017},"I":{"unit":"A","value":[0.28697636815920397,0.28525746268656715,0.28450124378109454,0.2829950248756219,0.282884328358209,0.2823507462686567,0.2815907960199005,0.28019278606965176,0.2809440298507463,0.2809415422885572,0.2808333333333334,0.28169900497512435,0.28137562189054727,0.2809440298507463,0.2812587064676617,0.2815883084577115,0.2808358208955224,0.2808358208955224,0.280726368159204,0.28008457711442786,0.2801865671641791,0.2793271144278607,0.27922014925373134,0.27965049751243776,0.27932213930348254,0.2801865671641791,0.27900124378109453,0.2795435323383085,0.2783606965174129,0.27921766169154233,0.2791094527363184,0.2784676616915423,0.2788942786069652,0.2791119402985075,0.2788942786069652,0.277818407960199,0.27835447761194027,0.27932462686567167,0.2799713930348258,0.2808333333333334,0.28115920398009947,0.2800820895522388,0.280726368159204,0.28050995024875625,0.27997388059701495,0.2795435323383085,0.27825,0.27857338308457713,0.2778208955223881,0.27825248756218907,0.2791119402985075,0.2786778606965174,0.2787910447761194,0.27900373134328355,0.27932213930348254,0.27835199004975125,0.2786778606965174,0.27878855721393037,0.27922014925373134,0.27900373134328355,0.27867537313432833,0.27825,0.2787860696517413,0.2792139303482587,0.2799713930348258,0.27986069651741297,0.2801865671641791,0.28073134328358207,0.2808358208955224,0.2809415422885572,0.2809440298507463,0.2814776119402985,0.2813731343283582,0.2793308457711443,0.27921766169154233,0.27781592039801,0.27792910447761193,0.27857338308457713,0.27867537313432833,0.2788967661691542,0.27899875621890546,0.2791119402985075,0.2787910447761194,0.27878109452736316,0.27824378109452735,0.2779216417910447,0.27803482587064676,0.2780310945273632,0.278136815920398,0.27781592039801,0.2781417910447761,0.2770621890547264,0.2773818407960199,0.2769564676616916,0.2769564676616916,0.27695398009950245,0.27716915422885574,0.27695398009950245,0.276092039800995,0.27480099502487565,0.273294776119403,0.2721044776119403,0.27070522388059703,0.26918905472636817,0.2657487562189055,0.2634800995024876,0.2605721393034826,0.2575597014925373,0.25442412935323383,0.24990298507462683,0.2457002487562189,0.23977238805970147,0.23309577114427862,0.22565422885572142,0.21606467661691545,0.2060422885572139,0.1945124378109453,0.18146641791044776,0.1675634328358209,0.1524776119402985,0.13598880597014926,0.11863830845771145,0.09966940298507464,0.08005572139303484,0.05947052238805971,0.03834800995024876,0.015822885572139303,-0.00745568407960199,-0.031056716417910447,-0.0554134328358209,-0.08063171641791045,-0.10638980099502486,-0.132363184079602,-0.15930348258706467,-0.18656965174129353,-0.21426865671641793,-0.24207338308457715,-0.2701940298507463,-0.29929726368159204,-0.32840174129353233,-0.35717039800995026,-0.3868034825870647,-0.41677114427860695,-0.4470509950248756,-0.47712810945273637,-0.5077251243781095,-0.5379017412935324,-0.5691542288557213,-0.6000907960199005,-0.6311169154228855,-0.6623818407960199,-0.6940609452736319,-0.7254353233830846,-0.7572139303482588,-0.7887898009950248,-0.8209141791044775,-0.8520435323383085,-0.8842748756218906,-0.9165970149253733,-0.9489365671641792,-0.980837064676617,-1.0132761194029851,-1.0460385572139304,-1.0783905472636817,-1.1109154228855722,-1.143797263681592,-1.1760087064676616,-1.208759950248756,-1.2408743781094527,-1.273544776119403,-1.3065174129353234]},"voc":{"unit":"V","value":1.059988096501725},"jsc":{"unit":"mA\/cm2","value":22.527},"fill_factor":{"unit":"%","value":75.45328133725322},"cell_dimension":{"value":0.0804,"unit":"cm2"},"sweep_direction":{"unit":"","value":"Forward"},"key":"Forward_fwd_230218"}]}}