{"_id":"6538c8f61ef06452ee7934c9","id":"CNU_EEML-SC-00268","author":62,"group":6,"input":[{"tco":{"unit":"","value":"ITO"}},[],{"etl":[{"material":{"unit":"","value":"SnO2_NP"},"concentration":{"unit":"","value":"1:5 ratio (in H2O)"},"conc_unit":{"unit":"","value":"none"},"quantity":{"unit":"ml","value":"0.2"}}],"spin_coating":[{"type":{"unit":"","value":"drop&run"},"rpm":{"unit":"","value":"3000"},"time":{"unit":"s","value":"30"}}],"annealing":[{"temperature":{"unit":"oC","value":"100"},"time":{"unit":"m","value":"10"}}]},{"etl_treatment":[{"material":{"unit":"","value":"2PACz"},"concentration":{"unit":"","value":"1.0"},"conc_unit":{"unit":"","value":"mg\/ml"},"quantity":{"unit":"ml","value":"0.2"}}],"solvent":[{"material":{"unit":"","value":"Ethanol"},"volume":{"unit":"ml","value":"1"}}],"spin_coating":[{"type":{"unit":"","value":"drop&run"},"rpm":{"unit":"","value":"3000"},"time":{"unit":"s","value":"30"}}],"annealing":[{"temperature":{"unit":"oC","value":"100"},"time":{"unit":"m","value":"10"}}]},[],{"perovskite":{"method":{"unit":"","value":"1step"},"molarity":{"unit":"M","value":"1.4"},"a_site":[{"material":{"unit":"","value":"FA"},"ratio":{"unit":"%","value":"95"}},{"material":{"unit":"","value":"MA"},"ratio":{"unit":"%","value":"5"}}],"b_site":[{"material":{"unit":"","value":"Pb"},"ratio":{"unit":"%","value":"100"}},{"material":{"unit":"","value":"Sn"},"ratio":{"unit":"%","value":"0"}}],"x_site":[{"material":{"unit":"","value":"I"},"ratio":{"unit":"%","value":"95"}},{"material":{"unit":"","value":"Br"},"ratio":{"unit":"%","value":"5"}}],"solvent":[{"material":{"unit":"","value":"DMF"},"volume":{"unit":"ml","value":"0.8"}},{"material":{"unit":"","value":"DMSO"},"volume":{"unit":"ml","value":"0.1"}}],"antisolvent":[{"material":{"unit":"","value":"DEE"},"quantity":{"unit":"ul","value":"1000"},"dripping_time":{"unit":"s","value":"12"}}],"spin_coating":[{"type":{"unit":"","value":"drop&run"},"rpm":{"unit":"","value":"5000"},"time":{"unit":"s","value":"50"}}],"annealing":[{"temperature":{"unit":"oC","value":"100"},"time":{"unit":"m","value":"60"}}],"atmosphere":[{"type":{"unit":"","value":"air"},"temperature":{"unit":"oC","value":"25"},"humidity":{"unit":"RH%","value":"18"}}]}},{"htl":[{"material":{"unit":"","value":"Spiro-OMeTAD"},"concentration":{"unit":"","value":"91"},"conc_unit":{"unit":"","value":"mg\/ml"},"quantity":{"unit":"ml","value":"0.07"}}],"solvent":[{"material":{"unit":"","value":"CB"},"volume":{"unit":"ml","value":"1.1"}}],"spin_coating":[{"type":{"unit":"","value":"drop&run"},"rpm":{"unit":"","value":"2000"},"time":{"unit":"s","value":"30"}}],"htl_doping":[{"material":{"unit":"","value":"Li-TFSI"},"volume":{"unit":"ul","value":"23"}},{"material":{"unit":"","value":"Co-TFSI"},"volume":{"unit":"ul","value":"10"}},{"material":{"unit":"","value":"tBP"},"volume":{"unit":"ul","value":"39"}}]},{"anode_metal":{"unit":"","value":"Ag"}},{"note":{"unit":"","value":"NIP ETL Surface"},"ar":{"unit":"","value":"0"},"type":{"unit":"","value":"unit_cell"},"device_type":{"unit":"","value":"n-i-p"},"temperature":{"unit":"\u2103","value":"24"},"humidity":{"unit":"%","value":"22"},"cell_dimension":{"unit":"cm2","value":"0.0804"}}],"fileinfo":[{"key":"Forward_fwd2pacz 4_2_230616","uploadType":"JV","original_name":"fwd2pacz 4_2_230616-103645_FWD_D.dat","save_name":"CNU_EEML-SC-00268\/Forward_fwd2pacz 4_2_230616","uploader":62,"fileType":""},{"key":"Reverse_rev2pacz 4_2_230616","uploadType":"JV","original_name":"rev2pacz 4_2_230616-103645_REV.dat","save_name":"CNU_EEML-SC-00268\/Reverse_rev2pacz 4_2_230616","uploader":62,"fileType":""},{"key":"Forward_fwd2pacz 5_3_230616","uploadType":"JV","original_name":"fwd2pacz 5_3_230616-103917_FWD_D.dat","save_name":"CNU_EEML-SC-00268\/Forward_fwd2pacz 5_3_230616","uploader":62,"fileType":""},{"key":"Reverse_rev2pacz 5_3_230616","uploadType":"JV","original_name":"rev2pacz 5_3_230616-103917_REV.dat","save_name":"CNU_EEML-SC-00268\/Reverse_rev2pacz 5_3_230616","uploader":62,"fileType":""}],"jvcnt":4,"updated_at":"2024-08-23 08:17:07","created_at":"2023-10-25 07:51:18","analysisInfo":{"JV":[{"efficiency":15.1128,"fill_factor":64.83610444910441,"jsc":22.1993,"voc":1.0499986520182685,"key":"Reverse_rev2pacz 5_3_230616","cell_dimension":0.0804},{"efficiency":14.0559,"fill_factor":60.3628175773808,"jsc":22.3901,"voc":1.039999480061016,"key":"Reverse_rev2pacz 4_2_230616","cell_dimension":0.0804},{"efficiency":12.4353,"fill_factor":55.93058921309415,"jsc":22.2335,"voc":0.9999977843210667,"key":"Forward_fwd2pacz 5_3_230616","cell_dimension":0.0804},{"efficiency":10.1748,"fill_factor":46.38957863417335,"jsc":22.381,"voc":0.979999753215122,"key":"Forward_fwd2pacz 4_2_230616","cell_dimension":0.0804}]},"public":2,"tags":[],"analysis":{"JV":[{"V":{"value":[1.5,1.49,1.48,1.47,1.46,1.45,1.44,1.43,1.42,1.41,1.4,1.39,1.38,1.37,1.36,1.35,1.34,1.33,1.32,1.31,1.3,1.29,1.28,1.27,1.26,1.25,1.24,1.23,1.22,1.21,1.2,1.19,1.18,1.17,1.16,1.15,1.14,1.13,1.12,1.11,1.1,1.09,1.08,1.07,1.06,1.05,1.04,1.03,1.02,1.01,1,0.99,0.98,0.97,0.96,0.95,0.94,0.93,0.92,0.91,0.9,0.89,0.88,0.87,0.86,0.85,0.84,0.83,0.82,0.81,0.8,0.79,0.78,0.77,0.76,0.75,0.74,0.73,0.72,0.71,0.7,0.69,0.68,0.67,0.66,0.65,0.64,0.63,0.62,0.61,0.6,0.59,0.58,0.57,0.56,0.55,0.54,0.53,0.52,0.51,0.5,0.49,0.48,0.47,0.46,0.45,0.44,0.43,0.42,0.41,0.4,0.39,0.38,0.37,0.36,0.35,0.34,0.33,0.32,0.31,0.3,0.29,0.28,0.27,0.26,0.25,0.24,0.23,0.22,0.21,0.2,0.19,0.18,0.17,0.16,0.15,0.14,0.13,0.12,0.11,0.1,0.09,0.08,0.07,0.06,0.05,0.04,0.03,0.02,0.01,0,-0.01,-0.02,-0.03,-0.04,-0.05,-0.06,-0.07,-0.08,-0.09,-0.1,-0.11,-0.12,-0.13,-0.14,-0.15,-0.16,-0.17,-0.18,-0.19,-0.2],"unit":"V"},"J":{"value":[-0.0400949,-0.03916770000000001,-0.038275199999999995,-0.037443699999999996,-0.0365252,-0.035641,-0.0347402,-0.033865,-0.0329982,-0.03208,-0.0311958,-0.0303132,-0.0294374,-0.028535900000000003,-0.0276174,-0.0267422,-0.0258319,-0.0249748,-0.0240654,-0.023138000000000002,-0.022271,-0.0213525,-0.0204949,-0.0195762,-0.0186575,-0.017799600000000002,-0.016898800000000002,-0.016014800000000003,-0.0151051,-0.014177799999999999,-0.0133288,-0.0124186,-0.011552199999999999,-0.01066,-0.009749869999999999,-0.00886576,-0.00799084,-0.00711573,-0.00623181,-0.005321920000000001,-0.00446403,-0.0035716100000000002,-0.00271373,-0.00182991,-0.000963407,-0.000140209,0.000752299,0.0015668,0.0024160400000000004,0.00326524,0.00407111,0.00490293,0.005743509999999999,0.00654071,0.00732918,0.00810046,0.00889767,0.00968621,0.010388,0.011167999999999999,0.0119044,0.012597899999999999,0.0133167,0.013984199999999999,0.0146859,0.0153186,0.0159337,0.0165144,0.0170865,0.017606100000000003,0.0181002,0.018594100000000002,0.0190191,0.0194258,0.0197726,0.020127700000000002,0.0204227,0.0206738,0.020907699999999998,0.0212024,0.0212805,0.0214359,0.0215403,0.0216618,0.021696100000000003,0.0217656,0.021843599999999998,0.0218434,0.0219042,0.0219391,0.0219304,0.0220169,0.0220084,0.0220084,0.021999300000000003,0.0219905,0.0219909,0.0219911,0.022034199999999997,0.0220693,0.022138,0.022051300000000003,0.0220949,0.022121099999999998,0.0221817,0.022259499999999998,0.0223375,0.0223899,0.0223977,0.0223984,0.0223806,0.022328800000000003,0.0223548,0.0223719,0.0223204,0.022328800000000003,0.022294,0.022268200000000002,0.0223031,0.0222853,0.0222937,0.022259499999999998,0.0223464,0.0222853,0.022311499999999998,0.0223028,0.0222942,0.0223031,0.0223028,0.0222684,0.0222077,0.0220773,0.0221473,0.022268200000000002,0.022363499999999998,0.022311699999999997,0.0222164,0.022164200000000002,0.0221986,0.0222077,0.0221817,0.0221731,0.0220777,0.0220777,0.0219998,0.0218869,0.021973299999999998,0.022034199999999997,0.022129799999999998,0.0222337,0.0221993,0.0221815,0.022095300000000002,0.022086400000000003,0.0220429,0.0221815,0.0221993,0.0221817,0.022198899999999997,0.022164200000000002,0.0221035,0.022095300000000002,0.0220693,0.022146899999999997,0.0221124,0.022164000000000003,0.0221555,0.0222164,0.022242599999999998,0.0222511,0.0222855],"unit":"A\/cm2"},"P":{"value":[60.1423,58.3599,56.6473,55.0422,53.3268,51.6795,50.0259,48.4269,46.8574,45.2328,43.6741,42.1353,40.6236,39.0942,37.5597,36.102,34.6147,33.2165,31.7663,30.3108,28.9523,27.5447,26.2334,24.8617,23.5084,22.2495,20.9545,19.6982,18.4282,17.1551,15.9946,14.7781,13.6316,12.4722,11.3098,10.1956,9.10956,8.04077,6.97963,5.90733,4.91044,3.89305,2.93083,1.95801,1.02121,0.147219,-0.782391,-1.61381,-2.46437,-3.29789,-4.07111,-4.8539,-5.62864,-6.34449,-7.03601,-7.69544,-8.36381,-9.00817,-9.55695,-10.1628,-10.714,-11.2121,-11.7187,-12.1662,-12.6299,-13.0208,-13.3843,-13.707,-14.0109,-14.2609,-14.4801,-14.6893,-14.8349,-14.9578,-15.0272,-15.0957,-15.1128,-15.0919,-15.0536,-15.0537,-14.8964,-14.7908,-14.6474,-14.5134,-14.3194,-14.1476,-13.9799,-13.7613,-13.5806,-13.3829,-13.1583,-12.99,-12.7649,-12.5448,-12.3196,-12.0948,-11.8751,-11.6553,-11.4578,-11.2553,-11.069,-10.8052,-10.6055,-10.3969,-10.2036,-10.0168,-9.8285,-9.62767,-9.40704,-9.18333,-8.95224,-8.70824,-8.49483,-8.27762,-8.03534,-7.81509,-7.57994,-7.3485,-7.13698,-6.90844,-6.68812,-6.45526,-6.25699,-6.01703,-5.80099,-5.57571,-5.3506,-5.1297,-4.90662,-4.67636,-4.44155,-4.19469,-3.98651,-3.78559,-3.57816,-3.34676,-3.1103,-2.88134,-2.66384,-2.44285,-2.21817,-1.99558,-1.76622,-1.54544,-1.31999,-1.09435,-0.878934,-0.661026,-0.442595,-0.222337,0,0.221815,0.441906,0.662593,0.881715,1.10908,1.33196,1.55272,1.77591,1.99478,2.21035,2.43048,2.64832,2.87909,3.09574,3.3246,3.54488,3.77679,4.00367,4.2277,4.4571],"unit":"mW\/cm2"},"efficiency":{"unit":"%","value":15.1128},"I":{"unit":"A","value":[-0.4986927860696518,-0.4871604477611941,-0.47605970149253724,-0.4657176616915423,-0.4542935323383085,-0.4432960199004975,-0.43209203980099503,-0.42120646766169156,-0.41042537313432836,-0.3990049751243781,-0.38800746268656716,-0.37702985074626866,-0.366136815920398,-0.35492412935323386,-0.3435,-0.3326144278606965,-0.3212922885572139,-0.3106318407960199,-0.29932089552238805,-0.2877860696517413,-0.27700248756218904,-0.2655783582089552,-0.25491169154228854,-0.24348507462686567,-0.2320584577114428,-0.22138805970149256,-0.21018407960199006,-0.1991890547263682,-0.18787437810945273,-0.1763407960199005,-0.1657810945273632,-0.15446019900497512,-0.14368407960199003,-0.1325870646766169,-0.12126703980099501,-0.11027064676616916,-0.09938855721393036,-0.08850410447761194,-0.07751007462686567,-0.06619303482587066,-0.05552276119402985,-0.04442300995024876,-0.033752860696517416,-0.022760074626865672,-0.011982674129353233,-0.0017438930348258708,0.009356952736318407,0.019487562189054727,0.030050248756218912,0.04061243781094527,0.05063569651741294,0.06098171641791045,0.07143669154228854,0.0813521144278607,0.0911589552238806,0.10075199004975124,0.11066753731343283,0.12047524875621891,0.12920398009950249,0.1389054726368159,0.14806467661691544,0.15669029850746266,0.16563059701492538,0.1739328358208955,0.18266044776119403,0.19052985074626866,0.19818034825870645,0.20540298507462684,0.21251865671641793,0.21898134328358212,0.2251268656716418,0.23126990049751248,0.23655597014925375,0.2416144278606965,0.24592786069651743,0.2503445273631841,0.2540136815920398,0.257136815920398,0.26004601990049747,0.26371144278606967,0.2646828358208955,0.26661567164179106,0.26791417910447757,0.26942537313432835,0.2698519900497513,0.27071641791044776,0.2716865671641791,0.27168407960199004,0.27244029850746265,0.27287437810945275,0.27276616915422885,0.27384203980099503,0.2737363184079602,0.2737363184079602,0.2736231343283583,0.2735136815920398,0.2735186567164179,0.27352114427860696,0.2740572139303482,0.2744937810945274,0.2753482587064677,0.2742699004975125,0.2748121890547264,0.2751380597014925,0.2758917910447761,0.2768594527363184,0.27782960199004975,0.2784813432835821,0.2785783582089552,0.2785870646766169,0.27836567164179105,0.2777213930348259,0.278044776119403,0.27825746268656715,0.2776169154228856,0.2777213930348259,0.27728855721393036,0.2769676616915423,0.27740174129353234,0.27718034825870647,0.2772848258706468,0.2768594527363184,0.27794029850746266,0.27718034825870647,0.2775062189054726,0.27739800995024877,0.27729104477611943,0.27740174129353234,0.27739800995024877,0.27697014925373137,0.27621517412935326,0.27459328358208956,0.2754639303482587,0.2769676616915423,0.2781529850746268,0.2775087064676617,0.2763233830845771,0.2756741293532339,0.2761019900497512,0.27621517412935326,0.2758917910447761,0.2757848258706468,0.27459825870646765,0.27459825870646765,0.27362935323383086,0.2722251243781095,0.2732997512437811,0.2740572139303482,0.2752462686567164,0.27653855721393034,0.27611069651741293,0.27588930348258706,0.2748171641791045,0.2747064676616916,0.27416542288557216,0.27588930348258706,0.27611069651741293,0.2758917910447761,0.2761057213930348,0.2756741293532339,0.27491915422885577,0.2748171641791045,0.2744937810945274,0.2754589552238806,0.2750298507462687,0.2756716417910448,0.27556592039801,0.2763233830845771,0.27664925373134325,0.2767549751243781,0.27718283582089553]},"voc":{"unit":"V","value":1.0499986520182685},"jsc":{"unit":"mA\/cm2","value":22.1993},"fill_factor":{"unit":"%","value":64.83610444910441},"cell_dimension":{"value":0.0804,"unit":"cm2"},"sweep_direction":{"unit":"","value":"Reverse"},"key":"Reverse_rev2pacz 5_3_230616"},{"V":{"value":[1.5,1.49,1.48,1.47,1.46,1.45,1.44,1.43,1.42,1.41,1.4,1.39,1.38,1.37,1.36,1.35,1.34,1.33,1.32,1.31,1.3,1.29,1.28,1.27,1.26,1.25,1.24,1.23,1.22,1.21,1.2,1.19,1.18,1.17,1.16,1.15,1.14,1.13,1.12,1.11,1.1,1.09,1.08,1.07,1.06,1.05,1.04,1.03,1.02,1.01,1,0.99,0.98,0.97,0.96,0.95,0.94,0.93,0.92,0.91,0.9,0.89,0.88,0.87,0.86,0.85,0.84,0.83,0.82,0.81,0.8,0.79,0.78,0.77,0.76,0.75,0.74,0.73,0.72,0.71,0.7,0.69,0.68,0.67,0.66,0.65,0.64,0.63,0.62,0.61,0.6,0.59,0.58,0.57,0.56,0.55,0.54,0.53,0.52,0.51,0.5,0.49,0.48,0.47,0.46,0.45,0.44,0.43,0.42,0.41,0.4,0.39,0.38,0.37,0.36,0.35,0.34,0.33,0.32,0.31,0.3,0.29,0.28,0.27,0.26,0.25,0.24,0.23,0.22,0.21,0.2,0.19,0.18,0.17,0.16,0.15,0.14,0.13,0.12,0.11,0.1,0.09,0.08,0.07,0.06,0.05,0.04,0.03,0.02,0.01,0,-0.01,-0.02,-0.03,-0.04,-0.05,-0.06,-0.07,-0.08,-0.09,-0.1,-0.11,-0.12,-0.13,-0.14,-0.15,-0.16,-0.17,-0.18,-0.19,-0.2],"unit":"V"},"J":{"value":[-0.0317423,-0.0312834,-0.0306768,-0.0300093,-0.029316400000000003,-0.028587900000000003,-0.027834599999999998,-0.0271587,-0.0263959,-0.0256767,-0.0249488,-0.024212,-0.0234841,-0.022799800000000002,-0.0220724,-0.0213354,-0.020633500000000003,-0.0199056,-0.019186599999999998,-0.0184497,-0.017774,-0.0170636,-0.016344400000000002,-0.015650999999999998,-0.0149491,-0.014256,-0.01358,-0.012878,-0.0121849,-0.0115349,-0.0108331,-0.0101399,-0.0094901,-0.00880536,-0.00812082,-0.007453820000000001,-0.00676899,-0.00611068,-0.0054173400000000005,-0.00477616,-0.00408289,-0.003407,-0.00275711,-0.00206391,-0.00138802,-0.0006947839999999999,-5.35565e-5,0.000639671,0.0012982599999999999,0.00196547,0.0026500599999999997,0.0033346,0.00398454,0.0046603899999999995,0.0053104,0.00596031,0.0066447599999999996,0.00730347,0.00797923,0.0085773,0.009244730000000001,0.009894360000000001,0.0105182,0.0111593,0.0117833,0.0123984,0.0129965,0.0135945,0.014183600000000001,0.0147729,0.0153186,0.0158475,0.016384799999999998,0.0169132,0.017415800000000002,0.017935700000000002,0.018386299999999998,0.0188281,0.0192442,0.0196172,0.0200239,0.020370899999999997,0.020665299999999998,0.0209249,0.0210814,0.0213239,0.0214799,0.0216618,0.021800899999999998,0.0219047,0.0219909,0.0221382,0.022199100000000003,0.022242599999999998,0.0222771,0.0223206,0.0223206,0.0223031,0.0223379,0.022311900000000003,0.0223293,0.022311900000000003,0.0223381,0.022389700000000002,0.0224506,0.0224506,0.0224588,0.022493700000000002,0.022554400000000002,0.0225197,0.0224768,0.0225112,0.0225106,0.022484999999999998,0.0224935,0.0224768,0.0225028,0.0225368,0.0225115,0.0224848,0.0225457,0.0225372,0.0226066,0.0225977,0.0226932,0.0226843,0.022727900000000002,0.022745,0.0226846,0.022684100000000002,0.0226063,0.0225803,0.022563,0.0225715,0.0225457,0.022536999999999998,0.0225199,0.0225635,0.0225197,0.022503,0.0225284,0.022484999999999998,0.0224848,0.0224933,0.022502099999999997,0.0225019,0.0224333,0.0224248,0.0223899,0.0223984,0.0223901,0.022398599999999998,0.0224161,0.022389700000000002,0.022355299999999998,0.022363900000000003,0.0223808,0.0223806,0.022373,0.0223901,0.022424399999999997,0.0224501,0.022441700000000002,0.0224677,0.022459299999999998,0.0224157,0.0223122,0.0223726,0.0224764,0.0225803,0.0225979],"unit":"A\/cm2"},"P":{"value":[47.6135,46.6122,45.4017,44.1137,42.8019,41.4525,40.0818,38.8369,37.4822,36.2041,34.9283,33.6547,32.4081,31.2357,30.0184,28.8028,27.6489,26.4745,25.3263,24.1691,23.1062,22.012,20.9208,19.8768,18.8359,17.82,16.8392,15.8399,14.8656,13.9572,12.9997,12.0665,11.1983,10.3023,9.42015,8.57189,7.71664,6.90507,6.06742,5.30154,4.49118,3.71364,2.97768,2.20839,1.4713,0.729524,0.0556988,-0.658861,-1.32423,-1.98512,-2.65006,-3.30125,-3.90485,-4.52058,-5.09798,-5.6623,-6.24608,-6.79223,-7.34089,-7.80534,-8.32025,-8.80598,-9.25599,-9.70859,-10.1337,-10.5387,-10.917,-11.2834,-11.6306,-11.966,-12.2549,-12.5195,-12.7801,-13.0232,-13.236,-13.4518,-13.6059,-13.7445,-13.8558,-13.9282,-14.0167,-14.0559,-14.0524,-14.0197,-13.9138,-13.8605,-13.7471,-13.6469,-13.5165,-13.3618,-13.1945,-13.0615,-12.8755,-12.6783,-12.4751,-12.2763,-12.0531,-11.8206,-11.6157,-11.3791,-11.1646,-10.9329,-10.7223,-10.5232,-10.3273,-10.1028,-9.88187,-9.67229,-9.47283,-9.23307,-8.99072,-8.77939,-8.55402,-8.31946,-8.09765,-7.86688,-7.65095,-7.43715,-7.20367,-6.97029,-6.76371,-6.5358,-6.32984,-6.10137,-5.90024,-5.67108,-5.45469,-5.23135,-4.9906,-4.76366,-4.52127,-4.29027,-4.06134,-3.83715,-3.60731,-3.38055,-3.15279,-2.93325,-2.70236,-2.47533,-2.25284,-2.02365,-1.79878,-1.57453,-1.35013,-1.1251,-0.89733,-0.672744,-0.447799,-0.223984,0,0.223986,0.448323,0.671691,0.89421,1.1182,1.34285,1.56664,1.78984,2.01511,2.24244,2.46952,2.693,2.9208,3.1443,3.36236,3.56994,3.80334,4.04575,4.29027,4.51958],"unit":"mW\/cm2"},"efficiency":{"unit":"%","value":14.0559},"I":{"unit":"A","value":[-0.3948047263681592,-0.3890970149253732,-0.38155223880597017,-0.37324999999999997,-0.36463184079601996,-0.3555708955223881,-0.3462014925373134,-0.337794776119403,-0.3283072139303483,-0.31936194029850745,-0.3103084577114428,-0.3011442786069652,-0.2920907960199005,-0.2835796019900498,-0.2745323383084577,-0.26536567164179103,-0.2566355721393035,-0.2475820895522388,-0.23863930348258705,-0.22947388059701493,-0.22106965174129356,-0.21223383084577116,-0.20328855721393038,-0.19466417910447759,-0.18593407960199004,-0.1773134328358209,-0.16890547263681593,-0.16017412935323383,-0.1515534825870647,-0.14346890547263683,-0.1347400497512438,-0.12611815920398012,-0.1180360696517413,-0.10951940298507462,-0.10100522388059703,-0.09270920398009952,-0.08419141791044776,-0.07600348258706469,-0.06737985074626866,-0.05940497512437811,-0.050782213930348256,-0.04237562189054726,-0.03429241293532338,-0.0256705223880597,-0.017263930348258707,-0.008641592039800994,-0.0006661256218905472,0.007956106965174129,0.016147512437810943,0.024446144278606963,0.03296094527363184,0.041475124378109456,0.049558955223880596,0.05796504975124377,0.0660497512437811,0.07413320895522388,0.08264626865671641,0.09083917910447761,0.09924415422885573,0.10668283582089552,0.11498420398009952,0.12306417910447763,0.1308233830845771,0.13879726368159204,0.1465584577114428,0.15420895522388062,0.16164800995024875,0.1690858208955224,0.1764129353233831,0.18374253731343285,0.19052985074626866,0.19710820895522388,0.20379104477611937,0.210363184079602,0.21661442786069654,0.22308084577114431,0.22868532338308456,0.23418034825870648,0.23935572139303482,0.2439950248756219,0.2490534825870647,0.2533694029850746,0.25703109452736317,0.2602599502487562,0.26220646766169153,0.2652226368159204,0.2671629353233831,0.26942537313432835,0.2711554726368159,0.2724465174129353,0.2735186567164179,0.27535074626865674,0.2761082089552239,0.27664925373134325,0.27707835820895527,0.27761940298507465,0.27761940298507465,0.27740174129353234,0.2778345771144279,0.2775111940298508,0.2777276119402985,0.2775111940298508,0.2778370646766169,0.2784788557213931,0.2792363184079602,0.2792363184079602,0.27933830845771146,0.2797723880597015,0.2805273631840796,0.28009577114427864,0.2795621890547264,0.27999004975124375,0.2799825870646766,0.2796641791044776,0.27976990049751244,0.2795621890547264,0.2798855721393035,0.2803084577114428,0.2799937810945274,0.27966169154228854,0.2804191542288557,0.2803134328358209,0.2811766169154229,0.2810659203980099,0.2822537313432836,0.28214303482587066,0.2826853233830846,0.2828980099502488,0.28214676616915424,0.2821405472636816,0.2811728855721393,0.2808495024875622,0.28063432835820895,0.2807400497512438,0.2804191542288557,0.2803109452736318,0.28009825870646765,0.2806405472636816,0.28009577114427864,0.2798880597014925,0.2802039800995025,0.2796641791044776,0.27966169154228854,0.2797674129353234,0.2798768656716418,0.2798743781094527,0.27902114427860697,0.27891542288557214,0.2784813432835821,0.2785870646766169,0.27848383084577116,0.27858955223880594,0.2788072139303483,0.2784788557213931,0.2780509950248756,0.278157960199005,0.2783681592039801,0.27836567164179105,0.278271144278607,0.27848383084577116,0.278910447761194,0.27923009950248756,0.2791256218905473,0.27944900497512437,0.27934452736318405,0.27880223880597016,0.2775149253731343,0.27826616915422886,0.27955721393034827,0.2808495024875622,0.281068407960199]},"voc":{"unit":"V","value":1.039999480061016},"jsc":{"unit":"mA\/cm2","value":22.3901},"fill_factor":{"unit":"%","value":60.3628175773808},"cell_dimension":{"value":0.0804,"unit":"cm2"},"sweep_direction":{"unit":"","value":"Reverse"},"key":"Reverse_rev2pacz 4_2_230616"},{"V":{"value":[-0.2,-0.19,-0.18,-0.17,-0.16,-0.15,-0.14,-0.13,-0.12,-0.11,-0.1,-0.09,-0.08,-0.07,-0.06,-0.05,-0.04,-0.03,-0.02,-0.01,0,0.01,0.02,0.03,0.04,0.05,0.06,0.07,0.08,0.09,0.1,0.11,0.12,0.13,0.14,0.15,0.16,0.17,0.18,0.19,0.2,0.21,0.22,0.23,0.24,0.25,0.26,0.27,0.28,0.29,0.3,0.31,0.32,0.33,0.34,0.35,0.36,0.37,0.38,0.39,0.4,0.41,0.42,0.43,0.44,0.45,0.46,0.47,0.48,0.49,0.5,0.51,0.52,0.53,0.54,0.55,0.56,0.57,0.58,0.59,0.6,0.61,0.62,0.63,0.64,0.65,0.66,0.67,0.68,0.69,0.7,0.71,0.72,0.73,0.74,0.75,0.76,0.77,0.78,0.79,0.8,0.81,0.82,0.83,0.84,0.85,0.86,0.87,0.88,0.89,0.9,0.91,0.92,0.93,0.94,0.95,0.96,0.97,0.98,0.99,1,1.01,1.02,1.03,1.04,1.05,1.06,1.07,1.08,1.09,1.1,1.11,1.12,1.13,1.14,1.15,1.16,1.17,1.18,1.19,1.2,1.21,1.22,1.23,1.24,1.25,1.26,1.27,1.28,1.29,1.3,1.31,1.32,1.33,1.34,1.35,1.36,1.37,1.38,1.39,1.4,1.41,1.42,1.43,1.44,1.45,1.46,1.47,1.48,1.49,1.5],"unit":"V"},"J":{"value":[0.022276800000000003,0.022216200000000002,0.0221817,0.022328800000000003,0.0222335,0.022198899999999997,0.0221382,0.0221557,0.022189800000000003,0.0221729,0.022224900000000002,0.0222506,0.022224599999999997,0.0221986,0.0221731,0.022216,0.022112200000000002,0.0221213,0.0221209,0.022198899999999997,0.0222335,0.0222855,0.0222942,0.022121099999999998,0.0222506,0.0222337,0.022337700000000002,0.0222853,0.0222335,0.0222422,0.0221471,0.0221731,0.0221986,0.0221817,0.0221986,0.0222424,0.022276800000000003,0.0222771,0.0221902,0.022216200000000002,0.0221731,0.0221557,0.0221729,0.022129799999999998,0.0220951,0.0220775,0.0220689,0.022086400000000003,0.0220775,0.0221204,0.0220775,0.022112200000000002,0.0220687,0.0220515,0.0220255,0.022034400000000003,0.0219822,0.0220169,0.0219818,0.0219647,0.0219996,0.0219045,0.021938700000000002,0.021878,0.0218525,0.021826,0.0218262,0.0217745,0.021679200000000003,0.021626899999999998,0.0216354,0.021497,0.0214188,0.0214103,0.0212541,0.021107,0.0209944,0.0208384,0.020630199999999998,0.020465399999999998,0.020232,0.0200581,0.019885200000000002,0.019607600000000003,0.019399999999999997,0.0191312,0.0187847,0.0184379,0.0180652,0.0176321,0.017250599999999998,0.0169044,0.0164451,0.0159684,0.0154658,0.0149548,0.0144609,0.0139321,0.0133776,0.0128317,0.0122857,0.0117051,0.0110986,0.0105092,0.0099374,0.00934826,0.00872436,0.008109209999999999,0.0075458800000000005,0.0069047200000000005,0.00628936,0.005717399999999999,0.0050929700000000005,0.00447834,0.0038371499999999997,0.00328254,0.00266734,0.00205212,0.00143687,0.000838974,0.00022373399999999998,-0.000374163,-0.000963388,-0.0015873,-0.0022372200000000003,-0.00284374,-0.0034416000000000004,-0.00408277,-0.0047326899999999995,-0.00538268,-0.00604984,-0.006734390000000001,-0.0074363400000000005,-0.00809474,-0.00879653,-0.00954181,-0.0102178,-0.010971700000000001,-0.0116995,-0.0124098,-0.0131639,-0.0139438,-0.014654299999999999,-0.015443,-0.0162057,-0.0169418,-0.017695799999999998,-0.018501899999999998,-0.019264,-0.0200263,-0.0207808,-0.021560700000000002,-0.0223232,-0.023077100000000003,-0.023857,-0.024627700000000002,-0.0253642,-0.0261614,-0.0269326,-0.0276957,-0.028466599999999998,-0.0292465,-0.029974,-0.030736899999999998,-0.0314904,-0.0322183,-0.0329555,-0.0337094,-0.0344102,-0.035191099999999996,-0.035892600000000004],"unit":"A\/cm2"},"P":{"value":[4.45537,4.22107,3.99271,3.7959,3.55736,3.32983,3.09935,2.88025,2.66277,2.43901,2.22249,2.00256,1.77797,1.55391,1.33038,1.1108,0.884488,0.663639,0.442417,0.221989,0,-0.222855,-0.445883,-0.663632,-0.890025,-1.11169,-1.34026,-1.55997,-1.77868,-2.0018,-2.21471,-2.43904,-2.66384,-2.88363,-3.10781,-3.33636,-3.56429,-3.7871,-3.99423,-4.22107,-4.43461,-4.65271,-4.87803,-5.08984,-5.30282,-5.51938,-5.73791,-5.96333,-6.18171,-6.41493,-6.62326,-6.85478,-7.06197,-7.27701,-7.48869,-7.71205,-7.9136,-8.14624,-8.35308,-8.56622,-8.79982,-8.98083,-9.21425,-9.40755,-9.61508,-9.82171,-10.0401,-10.234,-10.406,-10.5972,-10.8177,-10.9635,-11.1378,-11.3475,-11.4772,-11.6089,-11.7569,-11.8779,-11.9655,-12.0746,-12.1392,-12.2355,-12.3288,-12.3528,-12.416,-12.4353,-12.3979,-12.3534,-12.2843,-12.1661,-12.0755,-12.0021,-11.8405,-11.6569,-11.4447,-11.2161,-10.9903,-10.7277,-10.4345,-10.137,-9.82853,-9.48113,-9.10089,-8.72264,-8.34742,-7.94602,-7.50295,-7.05501,-6.64038,-6.1452,-5.66042,-5.20283,-4.68553,-4.16485,-3.60692,-3.11841,-2.56064,-1.99056,-1.40813,-0.830584,-0.223734,0.377905,0.982655,1.63492,2.32671,2.98592,3.64809,4.36857,5.11131,5.86712,6.65483,7.47517,8.3287,9.14706,10.028,10.9731,11.8526,12.8368,13.8054,14.7677,15.7967,16.872,17.8783,18.9949,20.0951,21.1772,22.2967,23.4974,24.6579,25.834,27.0151,28.2445,29.4667,30.6925,31.9683,33.2474,34.4954,35.8411,37.167,38.497,39.8532,41.2375,42.5631,43.9537,45.3462,46.7165,48.115,49.5527,50.9271,52.4347,53.839],"unit":"mW\/cm2"},"efficiency":{"unit":"%","value":12.4353},"I":{"unit":"A","value":[0.2770746268656717,0.2763208955223881,0.2758917910447761,0.2777213930348259,0.27653606965174127,0.2761057213930348,0.27535074626865674,0.275568407960199,0.2759925373134329,0.2757823383084577,0.276429104477612,0.27674875621890543,0.2764253731343283,0.2761019900497512,0.2757848258706468,0.276318407960199,0.2750273631840796,0.2751405472636816,0.27513557213930345,0.2761057213930348,0.27653606965174127,0.27718283582089553,0.27729104477611943,0.2751380597014925,0.27674875621890543,0.27653855721393034,0.2778320895522388,0.27718034825870647,0.27653606965174127,0.27664427860696517,0.27546144278606965,0.2757848258706468,0.2761019900497512,0.2758917910447761,0.2761019900497512,0.27664676616915423,0.2770746268656717,0.27707835820895527,0.27599751243781095,0.2763208955223881,0.2757848258706468,0.275568407960199,0.2757823383084577,0.2752462686567164,0.27481467661691544,0.27459577114427863,0.27448880597014924,0.2747064676616916,0.27459577114427863,0.2751293532338308,0.27459577114427863,0.2750273631840796,0.27448631840796023,0.2742723880597015,0.27394900497512437,0.27405970149253733,0.27341044776119405,0.27384203980099503,0.2734054726368159,0.27319278606965175,0.2736268656716418,0.2724440298507463,0.27286940298507467,0.27211442786069656,0.27179726368159207,0.2714676616915423,0.27147014925373136,0.27082711442786067,0.26964179104477615,0.2689912935323383,0.26909701492537313,0.26737562189054725,0.2664029850746269,0.26629726368159207,0.2643544776119403,0.2625248756218906,0.2611243781094527,0.25918407960199,0.25659452736318406,0.25454477611940296,0.25164179104477613,0.24947885572139303,0.24732835820895524,0.2438756218905473,0.24129353233830841,0.23795024875621892,0.2336405472636816,0.2293271144278607,0.22469154228855723,0.21930472636815923,0.21455970149253728,0.2102537313432836,0.20454104477611942,0.19861194029850748,0.19236069651741294,0.1860049751243781,0.17986194029850747,0.17328482587064675,0.16638805970149254,0.15959825870646765,0.15280721393034827,0.14558582089552238,0.13804228855721393,0.13071144278606964,0.1235995024875622,0.1162718905472637,0.10851194029850747,0.10086082089552237,0.0938542288557214,0.08587960199004976,0.07822587064676617,0.07111194029850745,0.06334539800995026,0.05570074626865672,0.047725746268656714,0.040827611940298505,0.033175870646766165,0.025523880597014926,0.017871517412935325,0.010435,0.0027827611940298507,-0.004653768656716418,-0.011982437810945275,-0.019742537313432836,-0.02782611940298508,-0.03536990049751244,-0.04280597014925373,-0.05078072139303483,-0.05886430348258706,-0.06694875621890548,-0.07524676616915423,-0.08376106965174131,-0.09249179104477613,-0.10068084577114428,-0.10940957711442786,-0.1186792288557214,-0.12708706467661693,-0.1364639303482587,-0.14551616915422885,-0.15435074626865672,-0.16373009950248754,-0.17343034825870646,-0.18226741293532336,-0.1920771144278607,-0.2015634328358209,-0.21071890547263683,-0.22009701492537312,-0.23012313432835818,-0.23960199004975125,-0.24908333333333335,-0.2584676616915423,-0.2681679104477612,-0.2776517412935324,-0.2870286069651742,-0.296728855721393,-0.30631467661691547,-0.31547512437810943,-0.3253905472636816,-0.33498258706467665,-0.34447388059701495,-0.35406218905472636,-0.3637624378109453,-0.37281094527363184,-0.38229975124378107,-0.3916716417910448,-0.4007251243781094,-0.40989427860696515,-0.41927114427860696,-0.42798756218905476,-0.4377002487562189,-0.4464253731343284]},"voc":{"unit":"V","value":0.9999977843210667},"jsc":{"unit":"mA\/cm2","value":22.2335},"fill_factor":{"unit":"%","value":55.93058921309415},"cell_dimension":{"value":0.0804,"unit":"cm2"},"sweep_direction":{"unit":"","value":"Forward"},"key":"Forward_fwd2pacz 5_3_230616"},{"V":{"value":[-0.2,-0.19,-0.18,-0.17,-0.16,-0.15,-0.14,-0.13,-0.12,-0.11,-0.1,-0.09,-0.08,-0.07,-0.06,-0.05,-0.04,-0.03,-0.02,-0.01,0,0.01,0.02,0.03,0.04,0.05,0.06,0.07,0.08,0.09,0.1,0.11,0.12,0.13,0.14,0.15,0.16,0.17,0.18,0.19,0.2,0.21,0.22,0.23,0.24,0.25,0.26,0.27,0.28,0.29,0.3,0.31,0.32,0.33,0.34,0.35,0.36,0.37,0.38,0.39,0.4,0.41,0.42,0.43,0.44,0.45,0.46,0.47,0.48,0.49,0.5,0.51,0.52,0.53,0.54,0.55,0.56,0.57,0.58,0.59,0.6,0.61,0.62,0.63,0.64,0.65,0.66,0.67,0.68,0.69,0.7,0.71,0.72,0.73,0.74,0.75,0.76,0.77,0.78,0.79,0.8,0.81,0.82,0.83,0.84,0.85,0.86,0.87,0.88,0.89,0.9,0.91,0.92,0.93,0.94,0.95,0.96,0.97,0.98,0.99,1,1.01,1.02,1.03,1.04,1.05,1.06,1.07,1.08,1.09,1.1,1.11,1.12,1.13,1.14,1.15,1.16,1.17,1.18,1.19,1.2,1.21,1.22,1.23,1.24,1.25,1.26,1.27,1.28,1.29,1.3,1.31,1.32,1.33,1.34,1.35,1.36,1.37,1.38,1.39,1.4,1.41,1.42,1.43,1.44,1.45,1.46,1.47,1.48,1.49,1.5],"unit":"V"},"J":{"value":[0.0225372,0.0225377,0.0225546,0.022554099999999997,0.0225717,0.022554099999999997,0.022511,0.0224935,0.0224075,0.022441700000000002,0.022389500000000003,0.0223641,0.0223899,0.022389700000000002,0.022398599999999998,0.0224159,0.0223984,0.022407,0.0224075,0.0223726,0.022381,0.0223988,0.0223984,0.0224504,0.022441700000000002,0.0223984,0.0223722,0.0223291,0.022302600000000002,0.0222513,0.022233899999999997,0.0222077,0.0222424,0.0222855,0.022355,0.0223899,0.022389500000000003,0.0222944,0.0221733,0.0221644,0.0221993,0.022121099999999998,0.0221213,0.0220602,0.022017099999999998,0.0219824,0.0219478,0.021896000000000002,0.021826699999999997,0.0217743,0.021792000000000002,0.0217487,0.021713999999999997,0.0217225,0.0216796,0.0215838,0.021514500000000002,0.021471399999999998,0.021358699999999998,0.021263200000000003,0.0211766,0.0210899,0.020933900000000002,0.0208213,0.020700399999999997,0.020518,0.0203796,0.0202056,0.0200847,0.0198768,0.019677299999999998,0.019426,0.0192184,0.018967300000000003,0.0187329,0.0184296,0.0181693,0.017849399999999998,0.0175024,0.017182,0.0168526,0.0164714,0.016064,0.0156741,0.015249599999999999,0.014851000000000001,0.014409100000000001,0.0139671,0.013516400000000001,0.0130311,0.012598000000000002,0.012147,0.0116446,0.011125,0.0106482,0.010154199999999999,0.00965173,0.0091578,0.0086637,0.008187110000000001,0.00767601,0.0071906800000000005,0.00667942,0.00620277,0.00576095,0.00524969,0.00479904,0.0043484,0.0038978100000000003,0.00347321,0.00304861,0.00261537,0.00223407,0.0018441199999999999,0.00148021,0.00112492,0.000752321,0.00040570600000000004,2.44311e-5,-0.00033084799999999996,-0.000694791,-0.00105873,-0.00146599,-0.00188192,-0.00231516,-0.0028091,-0.003251,-0.00372755,-0.00426491,-0.00479344,-0.0053133600000000005,-0.00589387,-0.0064745,-0.00706374,-0.007626750000000001,-0.00823346,-0.00887477,-0.0094901,-0.0101053,-0.0107378,-0.0113877,-0.012011599999999999,-0.012652799999999999,-0.013311199999999999,-0.013987399999999999,-0.0146114,-0.0152957,-0.0159719,-0.0166042,-0.017271599999999998,-0.0179384,-0.0185885,-0.019273099999999998,-0.019957799999999998,-0.0206075,-0.0212487,-0.021951000000000002,-0.0226181,-0.023224,-0.0239092,-0.024584599999999998,-0.0252177,-0.0258846,-0.0265435,-0.027149999999999997,-0.027817,-0.0284328,-0.029055499999999998,-0.029688700000000002,-0.0303389,-0.0309538],"unit":"A\/cm2"},"P":{"value":[4.50745,4.28216,4.05982,3.8342,3.61147,3.38312,3.15154,2.92415,2.6889,2.46859,2.23895,2.01277,1.79119,1.56728,1.34392,1.1208,0.895935,0.672211,0.448149,0.223726,0,-0.223988,-0.447967,-0.673511,-0.897668,-1.11992,-1.34233,-1.56303,-1.78421,-2.00262,-2.22339,-2.44285,-2.66909,-2.89712,-3.12971,-3.35849,-3.58232,-3.79005,-3.99119,-4.21124,-4.43986,-4.64543,-4.86668,-5.07385,-5.2841,-5.49561,-5.70642,-5.91192,-6.11147,-6.31453,-6.5376,-6.74209,-6.94849,-7.16842,-7.37106,-7.55434,-7.74522,-7.94442,-8.11632,-8.29265,-8.47062,-8.64686,-8.79225,-8.95315,-9.10816,-9.2331,-9.37459,-9.49665,-9.64067,-9.73961,-9.83863,-9.90724,-9.99356,-10.0526,-10.1158,-10.1363,-10.1748,-10.1742,-10.1514,-10.1374,-10.1115,-10.0476,-9.95968,-9.87465,-9.75975,-9.65315,-9.50998,-9.35797,-9.19114,-8.99148,-8.81859,-8.62439,-8.38408,-8.12122,-7.87963,-7.61567,-7.33532,-7.05151,-6.75769,-6.46782,-6.14081,-5.82445,-5.47713,-5.1483,-4.8392,-4.46224,-4.12717,-3.78311,-3.43007,-3.09115,-2.74375,-2.37999,-2.05535,-1.71503,-1.3914,-1.06867,-0.722228,-0.393535,-0.0239424,0.327539,0.694791,1.06932,1.49531,1.93838,2.40777,2.94956,3.44606,3.98847,4.6061,5.22485,5.84469,6.5422,7.25144,7.98202,8.6945,9.46848,10.2947,11.1034,11.9243,12.778,13.6652,14.534,15.4364,16.3728,17.3444,18.2643,19.2726,20.2843,21.2533,22.2803,23.32,24.3509,25.4404,26.5439,27.614,28.6858,29.8534,30.9867,32.0491,33.2338,34.4185,35.5569,36.7562,37.9571,39.096,40.3346,41.5119,42.7117,43.9392,45.2049,46.4307],"unit":"mW\/cm2"},"efficiency":{"unit":"%","value":10.1748},"I":{"unit":"A","value":[0.2803134328358209,0.28031965174129353,0.2805298507462687,0.280523631840796,0.28074253731343285,0.280523631840796,0.27998756218905474,0.27976990049751244,0.2787002487562189,0.2791256218905473,0.278476368159204,0.27816044776119403,0.2784813432835821,0.2784788557213931,0.27858955223880594,0.2788047263681592,0.2785870646766169,0.27869402985074626,0.2787002487562189,0.27826616915422886,0.2783706467661692,0.278592039800995,0.2785870646766169,0.27923383084577114,0.2791256218905473,0.2785870646766169,0.2782611940298507,0.2777251243781095,0.27739552238805976,0.2767574626865672,0.27654104477611935,0.27621517412935326,0.27664676616915423,0.27718283582089553,0.27804726368159205,0.2784813432835821,0.278476368159204,0.27729353233830845,0.2757873134328358,0.2756766169154229,0.27611069651741293,0.2751380597014925,0.2751405472636816,0.27438059701492534,0.27384452736318404,0.27341293532338307,0.2729825870646766,0.27233830845771145,0.27147636815920395,0.27082462686567166,0.27104477611940303,0.2705062189054726,0.27007462686567163,0.27018034825870646,0.26964676616915423,0.268455223880597,0.26759328358208956,0.26705721393034826,0.2656554726368159,0.26446766169154234,0.2633905472636816,0.2623121890547264,0.26037189054726373,0.25897139303482586,0.2574676616915423,0.2551990049751244,0.2534776119402985,0.2513134328358209,0.2498097014925373,0.24722388059701492,0.24474253731343282,0.24161691542288555,0.23903482587064676,0.23591169154228858,0.2329962686567164,0.22922388059701493,0.22598631840796018,0.22200746268656715,0.21769154228855722,0.21370646766169155,0.2096094527363184,0.2048681592039801,0.1998009950248756,0.19495149253731342,0.18967164179104476,0.18471393034825873,0.1792176616915423,0.17372014925373133,0.16811442786069652,0.16207835820895522,0.15669154228855722,0.1510820895522388,0.14483333333333334,0.13837064676616914,0.1324402985074627,0.1262960199004975,0.12004639303482588,0.11390298507462687,0.10775746268656716,0.10182972636815922,0.09547276119402985,0.08943631840796021,0.0830773631840796,0.07714888059701493,0.07165360696517413,0.06529465174129354,0.059689552238805975,0.05408457711442786,0.04848022388059702,0.043199129353233834,0.03791803482587065,0.0325294776119403,0.02778694029850746,0.022936815920398007,0.018410572139303482,0.013991542288557214,0.009357226368159204,0.0050460945273631845,0.00030386940298507463,-0.00411502487562189,-0.008641679104477613,-0.013168283582089551,-0.01823370646766169,-0.023406965174129355,-0.028795522388059703,-0.034939054726368164,-0.04043532338308458,-0.046362562189054726,-0.05304614427860697,-0.059619900497512444,-0.06608656716417911,-0.0733068407960199,-0.08052860696517414,-0.08785746268656716,-0.09486007462686569,-0.10240621890547263,-0.11038271144278608,-0.1180360696517413,-0.12568781094527362,-0.1335547263681592,-0.14163805970149254,-0.14939800995024874,-0.1573731343283582,-0.16556218905472636,-0.17397263681592037,-0.18173383084577116,-0.1902450248756219,-0.19865547263681593,-0.20651990049751243,-0.21482089552238803,-0.22311442786069652,-0.23120024875621892,-0.2397151741293532,-0.24823134328358207,-0.25631218905472636,-0.2642873134328358,-0.2730223880597015,-0.28131965174129353,-0.28885572139303484,-0.2973781094527363,-0.3057786069651741,-0.31365298507462686,-0.32194776119402985,-0.33014303482587065,-0.33768656716417905,-0.34598258706467666,-0.3536417910447761,-0.361386815920398,-0.3692624378109453,-0.37734950248756216,-0.38499751243781094]},"voc":{"unit":"V","value":0.979999753215122},"jsc":{"unit":"mA\/cm2","value":22.381},"fill_factor":{"unit":"%","value":46.38957863417335},"cell_dimension":{"value":0.0804,"unit":"cm2"},"sweep_direction":{"unit":"","value":"Forward"},"key":"Forward_fwd2pacz 4_2_230616"}]}}