{"_id":"6536667401eab232eb4c8b9d","id":"CNU_EEML-SC-00044","author":62,"group":6,"input":[{"tco":{"unit":"","value":"ITO"}},{"blocking_buffer_layer":[{"material":{"unit":"","value":"BCP"},"concentration":{"unit":"","value":"0.5"},"conc_unit":{"unit":"","value":"mg\/ml"},"quantity":{"unit":"ml","value":"0.1"}}],"solvent":[{"material":{"unit":"","value":"IPA"},"volume":{"unit":"ml","value":"1"}}],"spin_coating":[{"type":{"unit":"","value":"drop&run"},"rpm":{"unit":"","value":"5000"},"time":{"unit":"s","value":"30"}}],"annealing":[{"temperature":{"unit":"oC","value":"100"},"time":{"unit":"m","value":"5"}}]},[],{"etl":[{"material":{"unit":"","value":"C60"},"concentration":{"unit":"","value":""},"conc_unit":{"unit":"","value":"none"},"quantity":{"unit":"ml","value":""}}],"thermal_evaporation":[{"vacuum_evaporation_thickness":{"unit":"nm","value":"20"},"evaporation_rate":{"unit":"\u00c5\/s","value":"15"},"vacuum_pressure":{"unit":"uTorr","value":"2.0"}}],"sputtering":[],"chemical_bath_deposition":[]},[],{"perovskite":{"method":{"unit":"","value":"1step"},"molarity":{"unit":"M","value":"1.3"},"a_site":[{"material":{"unit":"","value":"FA"},"ratio":{"unit":"","value":"83"}},{"material":{"unit":"","value":"Cs"},"ratio":{"unit":"","value":"5"}},{"material":{"unit":"","value":"MA"},"ratio":{"unit":"","value":"17"}}],"b_site":[{"material":{"unit":"","value":"Pb"},"ratio":{"unit":"","value":"100"}},{"material":{"unit":"","value":"Sn"},"ratio":{"unit":"","value":"0"}}],"x_site":[{"material":{"unit":"","value":"I"},"ratio":{"unit":"","value":"83"}},{"material":{"unit":"","value":"Br"},"ratio":{"unit":"","value":"17"}}],"solvent":[{"material":{"unit":"","value":"DMF"},"volume":{"unit":"ml","value":"0.85"}},{"material":{"unit":"","value":"DMSO"},"volume":{"unit":"ml","value":"0.15"}}],"additive":[{"material":{"unit":"","value":"6M-SCN"},"solvent":{"unit":"","value":"none"},"concentration":{"unit":"","value":"0.708"},"conc_unit":{"unit":"","value":"mg\/ml"},"quantity":{"unit":"mol%","value":"0.25"}}],"antisolvent":[{"material":{"unit":"","value":"DEE"},"quantity":{"unit":"ul","value":"1000"},"dripping_time":{"unit":"s","value":"30"}}],"spin_coating":[{"type":{"unit":"","value":"drop&run"},"rpm":{"unit":"","value":"5000"},"time":{"unit":"s","value":"50"}}],"annealing":[{"temperature":{"unit":"oC","value":"100"},"time":{"unit":"m","value":"60"}}],"atmosphere":[{"type":{"unit":"","value":"N2"},"temperature":{"unit":"oC","value":"18.6"},"humidity":{"unit":"RH%","value":"17"}}]}},{"perovskite_treatment":[{"material":{"unit":"","value":"PEAI"},"concentration":{"unit":"","value":"1"},"conc_unit":{"unit":"","value":"mg\/ml"},"quantity":{"unit":"ml","value":"0.1"}}],"solvent":[{"material":{"unit":"","value":"IPA"},"volume":{"unit":"ml","value":"1"}}],"spin_coating":[{"type":{"unit":"","value":"dynamic"},"rpm":{"unit":"","value":"5000"},"time":{"unit":"s","value":"30"}}]},{"htl":[{"material":{"unit":"","value":"NIOx_NPs"},"concentration":{"unit":"","value":""},"conc_unit":{"unit":"","value":"none"},"quantity":{"unit":"ml","value":"0.2"}}],"spin_coating":[{"type":{"unit":"","value":"dynamic"},"rpm":{"unit":"","value":"4000"},"time":{"unit":"s","value":"30"}}],"annealing":[{"temperature":{"unit":"oC","value":"300"},"time":{"unit":"m","value":"90"}}]},{"htl_treatment":[{"material":{"unit":"","value":"4PACz"},"concentration":{"unit":"","value":"1.5"},"conc_unit":{"unit":"","value":"mg\/ml"},"quantity":{"unit":"ml","value":"0.2"}}],"solvent":[{"material":{"unit":"","value":"Ethanol"},"volume":{"unit":"ml","value":"1"}}],"spin_coating":[{"type":{"unit":"","value":"dynamic"},"rpm":{"unit":"","value":"3000"},"time":{"unit":"s","value":"30"}}],"annealing":[{"temperature":{"unit":"oC","value":"100"},"time":{"unit":"m","value":"10"}}]},{"anode_metal":{"unit":"","value":"Ag"}},{"note":{"unit":"","value":"MS NiOx 6M-SCN"},"ar":{"unit":"","value":"0"},"type":{"unit":"","value":"unit_cell"},"device_type":{"unit":"","value":"p-i-n"},"temperature":{"unit":"\u2103","value":"23"},"humidity":{"unit":"%","value":"17"},"cell_dimension":{"unit":"cm2","value":"0.0804"}}],"fileinfo":[{"key":"Reverse_REV1_20230316","uploadType":"JV","original_name":"REV1_20230316-173222MMP.txt","save_name":"CNU_EEML-SC-00044\/Reverse_REV1_20230316","uploader":62,"fileType":""},{"key":"Reverse_REV2_20230316","uploadType":"JV","original_name":"REV2_20230316-173351MMP.txt","save_name":"CNU_EEML-SC-00044\/Reverse_REV2_20230316","uploader":62,"fileType":""},{"key":"Forward_FOR3_20230316","uploadType":"JV","original_name":"FOR3_20230316-173413MMP.txt","save_name":"CNU_EEML-SC-00044\/Forward_FOR3_20230316","uploader":62,"fileType":""},{"key":"Reverse_REV3_20230316","uploadType":"JV","original_name":"REV3_20230316-173217MMP.txt","save_name":"CNU_EEML-SC-00044\/Reverse_REV3_20230316","uploader":62,"fileType":""},{"key":"Forward_FOR4_20230316","uploadType":"JV","original_name":"FOR4_20230316-173409MMP.txt","save_name":"CNU_EEML-SC-00044\/Forward_FOR4_20230316","uploader":62,"fileType":""},{"key":"Reverse_REV4_20230316","uploadType":"JV","original_name":"REV4_20230316-173356MMP.txt","save_name":"CNU_EEML-SC-00044\/Reverse_REV4_20230316","uploader":62,"fileType":""},{"key":"Reverse_FOR1_20230316","uploadType":"JV","original_name":"FOR1_20230316-173403MMP.txt","save_name":"CNU_EEML-SC-00044\/Reverse_FOR1_20230316","uploader":62,"fileType":""}],"jvcnt":7,"updated_at":"2024-08-23 07:47:10","created_at":"2023-10-23 12:26:28","analysisInfo":{"JV":[{"efficiency":20.19,"fill_factor":85.18,"jsc":21.01,"voc":1.13,"key":"Reverse_REV4_20230316","cell_dimension":0.08040000000000001},{"efficiency":20.38,"fill_factor":84.45,"jsc":21.09,"voc":1.14,"key":"Reverse_REV3_20230316","cell_dimension":0.08040000000000001},{"efficiency":20.18,"fill_factor":84.02,"jsc":20.99,"voc":1.14,"key":"Reverse_REV2_20230316","cell_dimension":0.08040000000000001},{"efficiency":20.25,"fill_factor":83.92,"jsc":21.08,"voc":1.14,"key":"Reverse_REV1_20230316","cell_dimension":0.08040000000000001},{"efficiency":19.95,"fill_factor":83.26,"jsc":20.94,"voc":1.14,"key":"Reverse_FOR1_20230316","cell_dimension":0.08040000000000001},{"efficiency":19.04,"fill_factor":80.42,"jsc":20.99,"voc":1.13,"key":"Forward_FOR4_20230316","cell_dimension":0.08040000000000001},{"efficiency":19.14,"fill_factor":81.48,"jsc":20.82,"voc":1.13,"key":"Forward_FOR3_20230316","cell_dimension":0.08040000000000001}]},"public":2,"tags":[],"analysis":{"JV":[{"V":{"unit":"V","value":[1.5,1.48385,1.4677,1.4515,1.43535,1.4192,1.40305,1.38685,1.3707,1.35455,1.3384,1.3222,1.30605,1.2899,1.27375,1.2576,1.2414,1.22525,1.2091,1.19295,1.17675,1.1606,1.14445,1.1283,1.1121,1.09595,1.0798,1.06365,1.0475,1.0313,1.01515,0.999,0.98285,0.96665,0.9505,0.93435,0.9182,0.902,0.88585,0.8697,0.85355,0.8374,0.8212,0.80505,0.7889,0.77275,0.75655,0.7404,0.72425,0.7081,0.6919,0.67575,0.6596,0.64345,0.62725,0.6111,0.59495,0.5788,0.56265,0.54645,0.5303,0.51415,0.498,0.4818,0.46565,0.4495,0.43335,0.41715,0.401,0.38485,0.3687,0.35255,0.33635,0.3202,0.30405,0.2879,0.2717,0.25555,0.2394,0.22325,0.20705,0.1909,0.17475,0.1586,0.14245,0.12625,0.1101,0.09395,0.0778,0.0616,0.04545,0.0293,0.01315,-0.00305,-0.0192,-0.03535,-0.0515,-0.0677,-0.08385,-0.1]},"I":{"unit":"A","value":[-0.0191667,-0.0188633,-0.0178099,-0.0166972,-0.015601,-0.0145289,-0.0134801,-0.0124441,-0.0114344,-0.010445,-0.00947435,-0.00852395,-0.0075981,-0.00669628,-0.00582498,-0.00497873,-0.00416636,-0.0033917,-0.00265828,-0.00196679,-0.0013337,-0.000752673,-0.000230238,0.000222862,0.000604883,0.000912398,0.00115255,0.00132966,0.00145389,0.00153628,0.0015927,0.00162527,0.00164534,0.0016593,0.00166555,0.00167327,0.00167604,0.00167972,0.00167735,0.00167978,0.0016838,0.00168416,0.00167978,0.00168441,0.00168587,0.00168315,0.00168401,0.00168517,0.00168355,0.00168361,0.00168456,0.00168501,0.00168386,0.0016835,0.00168583,0.00168602,0.00168598,0.00168572,0.00168794,0.00168835,0.00168613,0.00168477,0.00168703,0.00168824,0.00168511,0.00168391,0.00168794,0.00168759,0.00168703,0.00168446,0.00168769,0.00168945,0.00168835,0.00168788,0.00168849,0.00168698,0.00168794,0.00168829,0.00168763,0.00168794,0.00168794,0.00168845,0.00168911,0.00168985,0.00168911,0.00168657,0.00168905,0.00169036,0.00168835,0.0016901,0.0016897,0.00169086,0.00168966,0.0016894,0.00168935,0.00168911,0.00168774,0.00168875,0.00168733,0.00168517]},"J":{"unit":"A\/cm2","value":[-0.238392,-0.234618,-0.221516,-0.207677,-0.194043,-0.180707,-0.167664,-0.154778,-0.142219,-0.129913,-0.11784,-0.106019,-0.0945037,-0.0832871,-0.07245,-0.0619245,-0.0518205,-0.0421853,-0.0330632,-0.0244625,-0.0165883,-0.0093616,-0.00286365,0.00277191,0.00752342,0.0113482,0.0143351,0.0165381,0.0180832,0.019108,0.0198097,0.0202148,0.0204645,0.0206381,0.0207158,0.0208118,0.0208462,0.020892,0.0208625,0.0208928,0.0209428,0.0209473,0.0208928,0.0209504,0.0209686,0.0209347,0.0209454,0.0209599,0.0209397,0.0209404,0.0209523,0.0209578,0.0209435,0.0209391,0.020968,0.0209704,0.0209699,0.0209667,0.0209943,0.0209993,0.0209717,0.0209549,0.020983,0.020998,0.0209591,0.0209441,0.0209943,0.0209899,0.020983,0.020951,0.0209912,0.021013,0.0209993,0.0209936,0.0210012,0.0209823,0.0209943,0.0209986,0.0209904,0.0209943,0.0209943,0.0210006,0.0210088,0.021018,0.0210088,0.0209773,0.021008,0.0210244,0.0209993,0.0210212,0.0210162,0.0210307,0.0210156,0.0210125,0.0210118,0.0210088,0.0209917,0.0210043,0.0209867,0.0209599]},"pv_cell_parameters":{"voc":{"unit":"V","value":1.13},"isc":{"unit":"mA","value":1.69},"jsc":{"unit":"mA\/cm2","value":21.01},"vopt":{"unit":"mV","value":999},"iopt":{"unit":"mA","value":1.63},"pmax":{"unit":"W","value":0.0016200000000000001},"fill_factor":{"unit":"%","value":85.18},"efficiency":{"unit":"%","value":20.19},"cell_dimension":{"unit":"cm2","value":0.08040000000000001},"irradiance":{"unit":"mW\/cm2","value":100}},"calculations":{"fitted_isc":{"unit":"mA","value":0.67131},"fitted_voc":{"unit":"V","value":1.13},"rshunt":{"unit":"Kohm","value":0.07066},"rseries":{"unit":"ohm","value":36.29}},"measurement_conditions":{"sweep_direction":{"unit":"","value":"Reverse"},"nplc":{"unit":"","value":0.1},"voltage_settling_time":{"unit":"s","value":0.01},"configuration_file":{"unit":"","value":""},"sample_id":{"unit":"","value":"6\u00b9\u00f8_3_REV"},"note":{"unit":"","value":"\u00bd\u00c3\u00b7\u00e1\u00bf\u00a1 \u00b0\u00fc\u00c7\u00d1 \u00ba\u00ce\u00b0\u00a1\u00c0\u00fb\u00c0\u00ce \u00bc\u00b3\u00b8\u00ed\u00c0\u00bb \u00c0\u00cc\u00b0\u00f7\u00bf\u00a1 \u00c0\u00fb\u00c0\u00b8\u00bc\u00bc\u00bf\u00e4. ^^"}},"fill_factor":{"unit":"%","value":85.18},"efficiency":{"unit":"%","value":20.19},"voc":{"unit":"V","value":1.13},"jsc":{"unit":"mA\/cm2","value":21.01},"cell_dimension":{"unit":"cm2","value":0.08040000000000001},"sweep_direction":{"unit":"","value":"Reverse"},"key":"Reverse_REV4_20230316"},{"V":{"unit":"V","value":[1.5,1.48385,1.4677,1.4515,1.43535,1.4192,1.40305,1.38685,1.3707,1.35455,1.3384,1.3222,1.30605,1.2899,1.27375,1.2576,1.2414,1.22525,1.2091,1.19295,1.17675,1.1606,1.14445,1.1283,1.1121,1.09595,1.0798,1.06365,1.0475,1.0313,1.01515,0.999,0.98285,0.96665,0.9505,0.93435,0.9182,0.902,0.88585,0.8697,0.85355,0.8374,0.8212,0.80505,0.7889,0.77275,0.75655,0.7404,0.72425,0.7081,0.6919,0.67575,0.6596,0.64345,0.62725,0.6111,0.59495,0.5788,0.56265,0.54645,0.5303,0.51415,0.498,0.4818,0.46565,0.4495,0.43335,0.41715,0.401,0.38485,0.3687,0.35255,0.33635,0.3202,0.30405,0.2879,0.2717,0.25555,0.2394,0.22325,0.20705,0.1909,0.17475,0.1586,0.14245,0.12625,0.1101,0.09395,0.0778,0.0616,0.04545,0.0293,0.01315,-0.00305,-0.0192,-0.03535,-0.0515,-0.0677,-0.08385,-0.1]},"I":{"unit":"A","value":[-0.0184377,-0.0178508,-0.016762,-0.0156637,-0.0145951,-0.0135541,-0.0125396,-0.01154,-0.0105679,-0.00961538,-0.00868317,-0.00777157,-0.00688669,-0.00602464,-0.00519356,-0.00439016,-0.00362053,-0.00288901,-0.00219955,-0.001555,-0.000971287,-0.000435188,3.89665e-5,0.000443235,0.000780597,0.00104818,0.00125207,0.00139915,0.00150184,0.00156871,0.00161408,0.0016387,0.00165613,0.00167085,0.00167705,0.00167948,0.00168382,0.0016883,0.00168885,0.00168699,0.00168932,0.00169088,0.00168921,0.00168982,0.00169249,0.00169355,0.00169122,0.00169154,0.00169471,0.00169359,0.00169092,0.00169304,0.0016941,0.00169198,0.00169213,0.00169274,0.00169395,0.0016934,0.00169319,0.00169194,0.00169253,0.00169243,0.00169177,0.00169213,0.00169279,0.00169158,0.00169168,0.00169471,0.00169712,0.00168932,0.00169048,0.00169501,0.00169602,0.00169048,0.00169219,0.00169799,0.00169022,0.00169016,0.00169803,0.00169702,0.00169274,0.00169465,0.00169773,0.00169516,0.00169531,0.00169592,0.00169501,0.00169526,0.00169526,0.00169672,0.00169496,0.00169571,0.00169632,0.00169531,0.00169693,0.00169682,0.00169697,0.00169505,0.00169526,0.00169545]},"J":{"unit":"A\/cm2","value":[-0.229325,-0.222024,-0.208482,-0.194822,-0.181532,-0.168583,-0.155965,-0.143532,-0.131441,-0.119594,-0.108,-0.0966613,-0.0856554,-0.0749334,-0.0645965,-0.054604,-0.0450315,-0.0359329,-0.0273575,-0.0193407,-0.0120807,-0.00541279,0.000484658,0.00551287,0.00970892,0.013037,0.015573,0.0174023,0.0186796,0.0195113,0.0200756,0.0203818,0.0205986,0.0207817,0.0208588,0.0208891,0.020943,0.0209988,0.0210056,0.0209825,0.0210114,0.0210308,0.0210101,0.0210177,0.0210509,0.021064,0.0210351,0.021039,0.0210785,0.0210646,0.0210314,0.0210577,0.0210709,0.0210446,0.0210464,0.021054,0.021069,0.0210622,0.0210596,0.021044,0.0210514,0.0210501,0.021042,0.0210464,0.0210546,0.0210396,0.0210408,0.0210785,0.0211085,0.0210114,0.0210258,0.0210822,0.0210948,0.0210258,0.0210472,0.0211192,0.0210227,0.0210219,0.0211198,0.0211072,0.021054,0.0210777,0.0211161,0.021084,0.0210859,0.0210935,0.0210822,0.0210853,0.0210853,0.0211035,0.0210816,0.0210909,0.0210985,0.0210859,0.0211061,0.0211048,0.0211066,0.0210827,0.0210853,0.0210877]},"pv_cell_parameters":{"voc":{"unit":"V","value":1.14},"isc":{"unit":"mA","value":1.7},"jsc":{"unit":"mA\/cm2","value":21.09},"vopt":{"unit":"mV","value":1020},"iopt":{"unit":"mA","value":1.61},"pmax":{"unit":"W","value":0.00164},"fill_factor":{"unit":"%","value":84.45},"efficiency":{"unit":"%","value":20.38},"cell_dimension":{"unit":"cm2","value":0.08040000000000001},"irradiance":{"unit":"mW\/cm2","value":100}},"calculations":{"fitted_isc":{"unit":"mA","value":0.67387},"fitted_voc":{"unit":"V","value":1.14},"rshunt":{"unit":"Kohm","value":0.07026},"rseries":{"unit":"ohm","value":34.91}},"measurement_conditions":{"sweep_direction":{"unit":"","value":"Reverse"},"nplc":{"unit":"","value":0.1},"voltage_settling_time":{"unit":"s","value":0.01},"configuration_file":{"unit":"","value":""},"sample_id":{"unit":"","value":"5\u00b9\u00f8_2_REV"},"note":{"unit":"","value":"\u00bd\u00c3\u00b7\u00e1\u00bf\u00a1 \u00b0\u00fc\u00c7\u00d1 \u00ba\u00ce\u00b0\u00a1\u00c0\u00fb\u00c0\u00ce \u00bc\u00b3\u00b8\u00ed\u00c0\u00bb \u00c0\u00cc\u00b0\u00f7\u00bf\u00a1 \u00c0\u00fb\u00c0\u00b8\u00bc\u00bc\u00bf\u00e4. ^^"}},"fill_factor":{"unit":"%","value":84.45},"efficiency":{"unit":"%","value":20.38},"voc":{"unit":"V","value":1.14},"jsc":{"unit":"mA\/cm2","value":21.09},"cell_dimension":{"unit":"cm2","value":0.08040000000000001},"sweep_direction":{"unit":"","value":"Reverse"},"key":"Reverse_REV3_20230316"},{"V":{"unit":"V","value":[1.5,1.48385,1.4677,1.4515,1.43535,1.4192,1.40305,1.38685,1.3707,1.35455,1.3384,1.3222,1.30605,1.2899,1.27375,1.2576,1.2414,1.22525,1.2091,1.19295,1.17675,1.1606,1.14445,1.1283,1.1121,1.09595,1.0798,1.06365,1.0475,1.0313,1.01515,0.999,0.98285,0.96665,0.9505,0.93435,0.9182,0.902,0.88585,0.8697,0.85355,0.8374,0.8212,0.80505,0.7889,0.77275,0.75655,0.7404,0.72425,0.7081,0.6919,0.67575,0.6596,0.64345,0.62725,0.6111,0.59495,0.5788,0.56265,0.54645,0.5303,0.51415,0.498,0.4818,0.46565,0.4495,0.43335,0.41715,0.401,0.38485,0.3687,0.35255,0.33635,0.3202,0.30405,0.2879,0.2717,0.25555,0.2394,0.22325,0.20705,0.1909,0.17475,0.1586,0.14245,0.12625,0.1101,0.09395,0.0778,0.0616,0.04545,0.0293,0.01315,-0.00305,-0.0192,-0.03535,-0.0515,-0.0677,-0.08385,-0.1]},"I":{"unit":"A","value":[-0.018531,-0.0182127,-0.017185,-0.0161084,-0.0150496,-0.0140136,-0.0129998,-0.0119988,-0.0110227,-0.0100669,-0.00912805,-0.00820839,-0.00731292,-0.00644101,-0.00559661,-0.00477798,-0.00399151,-0.00324039,-0.00252859,-0.00185908,-0.00124563,-0.0006807,-0.000172824,0.000265405,0.000636652,0.000935987,0.00116888,0.0013395,0.00146055,0.00153981,0.00159134,0.00162406,0.00164409,0.00165659,0.00166435,0.00166964,0.00167151,0.0016747,0.00167514,0.00167711,0.00167817,0.00167762,0.00167736,0.00168054,0.00167993,0.00168094,0.0016817,0.0016823,0.00167988,0.00168306,0.00168276,0.00168472,0.00168401,0.00168261,0.00168316,0.00168367,0.00168361,0.00168447,0.00168382,0.00168326,0.00168312,0.00168528,0.00168432,0.00168447,0.00168411,0.00168487,0.00168528,0.00168286,0.00168532,0.00168517,0.00168528,0.00168352,0.00168361,0.00168437,0.00168502,0.00168432,0.00168341,0.00168508,0.00168614,0.0016832,0.00168487,0.00168553,0.00168851,0.00168487,0.00168779,0.0016882,0.00168623,0.00168593,0.00168669,0.00168644,0.00168523,0.0016882,0.00168805,0.00168729,0.00168942,0.00168987,0.00168703,0.00168885,0.00169002,0.00168574]},"J":{"unit":"A\/cm2","value":[-0.230485,-0.226527,-0.213744,-0.200353,-0.187185,-0.174298,-0.161689,-0.149239,-0.137099,-0.12521,-0.113533,-0.102094,-0.0909568,-0.0801121,-0.0696096,-0.0594276,-0.0496457,-0.0403034,-0.0314502,-0.0231229,-0.0154929,-0.00846642,-0.00214955,0.00330105,0.00791856,0.0116416,0.0145383,0.0166604,0.0181661,0.0191519,0.0197928,0.0201998,0.0204489,0.0206044,0.0207009,0.0207667,0.0207899,0.0208296,0.0208351,0.0208596,0.0208727,0.0208659,0.0208627,0.0209022,0.0208946,0.0209072,0.0209167,0.0209241,0.0208941,0.0209335,0.0209298,0.0209543,0.0209454,0.020928,0.0209348,0.0209411,0.0209404,0.0209511,0.020943,0.0209361,0.0209343,0.0209612,0.0209493,0.0209511,0.0209467,0.0209561,0.0209612,0.0209311,0.0209617,0.0209599,0.0209612,0.0209393,0.0209404,0.0209499,0.020958,0.0209493,0.020938,0.0209587,0.0209719,0.0209354,0.0209561,0.0209643,0.0210014,0.0209561,0.0209925,0.0209975,0.020973,0.0209693,0.0209788,0.0209756,0.0209606,0.0209975,0.0209956,0.0209862,0.0210127,0.0210182,0.020983,0.0210056,0.0210201,0.0209669]},"pv_cell_parameters":{"voc":{"unit":"V","value":1.14},"isc":{"unit":"mA","value":1.69},"jsc":{"unit":"mA\/cm2","value":20.99},"vopt":{"unit":"mV","value":999},"iopt":{"unit":"mA","value":1.62},"pmax":{"unit":"W","value":0.0016200000000000001},"fill_factor":{"unit":"%","value":84.02},"efficiency":{"unit":"%","value":20.18},"cell_dimension":{"unit":"cm2","value":0.08040000000000001},"irradiance":{"unit":"mW\/cm2","value":100}},"calculations":{"fitted_isc":{"unit":"mA","value":0.6708200000000001},"fitted_voc":{"unit":"V","value":1.13},"rshunt":{"unit":"Kohm","value":0.07058},"rseries":{"unit":"ohm","value":32.74}},"measurement_conditions":{"sweep_direction":{"unit":"","value":"Reverse"},"nplc":{"unit":"","value":0.1},"voltage_settling_time":{"unit":"s","value":0.01},"configuration_file":{"unit":"","value":""},"sample_id":{"unit":"","value":"6\u00b9\u00f8_2_REV"},"note":{"unit":"","value":"\u00bd\u00c3\u00b7\u00e1\u00bf\u00a1 \u00b0\u00fc\u00c7\u00d1 \u00ba\u00ce\u00b0\u00a1\u00c0\u00fb\u00c0\u00ce \u00bc\u00b3\u00b8\u00ed\u00c0\u00bb \u00c0\u00cc\u00b0\u00f7\u00bf\u00a1 \u00c0\u00fb\u00c0\u00b8\u00bc\u00bc\u00bf\u00e4. ^^"}},"fill_factor":{"unit":"%","value":84.02},"efficiency":{"unit":"%","value":20.18},"voc":{"unit":"V","value":1.14},"jsc":{"unit":"mA\/cm2","value":20.99},"cell_dimension":{"unit":"cm2","value":0.08040000000000001},"sweep_direction":{"unit":"","value":"Reverse"},"key":"Reverse_REV2_20230316"},{"V":{"unit":"V","value":[1.5,1.48385,1.4677,1.4515,1.43535,1.4192,1.40305,1.38685,1.3707,1.35455,1.3384,1.3222,1.30605,1.2899,1.27375,1.2576,1.2414,1.22525,1.2091,1.19295,1.17675,1.1606,1.14445,1.1283,1.1121,1.09595,1.0798,1.06365,1.0475,1.0313,1.01515,0.999,0.98285,0.96665,0.9505,0.93435,0.9182,0.902,0.88585,0.8697,0.85355,0.8374,0.8212,0.80505,0.7889,0.77275,0.75655,0.7404,0.72425,0.7081,0.6919,0.67575,0.6596,0.64345,0.62725,0.6111,0.59495,0.5788,0.56265,0.54645,0.5303,0.51415,0.498,0.4818,0.46565,0.4495,0.43335,0.41715,0.401,0.38485,0.3687,0.35255,0.33635,0.3202,0.30405,0.2879,0.2717,0.25555,0.2394,0.22325,0.20705,0.1909,0.17475,0.1586,0.14245,0.12625,0.1101,0.09395,0.0778,0.0616,0.04545,0.0293,0.01315,-0.00305,-0.0192,-0.03535,-0.0515,-0.0677,-0.08385,-0.1]},"I":{"unit":"A","value":[-0.0197093,-0.0190317,-0.0178379,-0.0166618,-0.0155336,-0.0144402,-0.0133755,-0.0123244,-0.0113032,-0.0103021,-0.00932165,-0.00836357,-0.00743286,-0.00652872,-0.00565533,-0.00481266,-0.00400451,-0.00323609,-0.00251141,-0.00183333,-0.00121732,-0.000648841,-0.000144333,0.000290513,0.000656769,0.000951871,0.00117896,0.00134505,0.00146399,0.00154541,0.00159851,0.00162937,0.00165135,0.00166607,0.00167212,0.00167954,0.00168227,0.0016868,0.0016862,0.00168891,0.00169109,0.00169215,0.00169052,0.00169189,0.00169396,0.001693,0.00169346,0.00169462,0.00169462,0.0016938,0.00169456,0.00169612,0.00169446,0.00169335,0.00169663,0.00169481,0.00169577,0.00169568,0.00169678,0.00169608,0.00169572,0.00169568,0.00169542,0.00169612,0.00169648,0.00169557,0.00169527,0.00169633,0.00169633,0.00169617,0.00169598,0.00169456,0.00169602,0.00169456,0.00169794,0.00169456,0.00169502,0.00169693,0.00169729,0.00169557,0.00169577,0.00169724,0.0016983,0.00169733,0.00169754,0.00169638,0.00169693,0.00170067,0.00169896,0.00169642,0.00169769,0.00170152,0.00169845,0.00169477,0.00169849,0.00170127,0.00169824,0.00169551,0.00169733,0.00169915]},"J":{"unit":"A\/cm2","value":[-0.24514,-0.236712,-0.221864,-0.207237,-0.193204,-0.179605,-0.166362,-0.153289,-0.140587,-0.128135,-0.115941,-0.104024,-0.0924485,-0.081203,-0.07034,-0.0598589,-0.0498073,-0.0402498,-0.0312365,-0.0228027,-0.0151408,-0.00807017,-0.00179518,0.00361335,0.00816876,0.0118392,0.0146637,0.0167295,0.0182089,0.0192216,0.0198819,0.0202658,0.0205391,0.0207223,0.0207975,0.0208898,0.0209237,0.0209801,0.0209726,0.0210064,0.0210334,0.0210466,0.0210264,0.0210434,0.0210692,0.0210572,0.0210629,0.0210774,0.0210774,0.0210672,0.0210766,0.0210961,0.0210753,0.0210616,0.0211024,0.0210798,0.0210916,0.0210905,0.0211042,0.0210955,0.0210911,0.0210905,0.0210874,0.0210961,0.0211005,0.0210892,0.0210855,0.0210987,0.0210987,0.0210966,0.0210942,0.0210766,0.0210948,0.0210766,0.0211187,0.0210766,0.0210824,0.0211061,0.0211105,0.0210892,0.0210916,0.02111,0.0211231,0.0211111,0.0211137,0.0210992,0.0211061,0.0211526,0.0211313,0.0210998,0.0211155,0.0211632,0.021125,0.0210792,0.0211255,0.02116,0.0211224,0.0210885,0.0211111,0.0211337]},"pv_cell_parameters":{"voc":{"unit":"V","value":1.14},"isc":{"unit":"mA","value":1.69},"jsc":{"unit":"mA\/cm2","value":21.08},"vopt":{"unit":"mV","value":999},"iopt":{"unit":"mA","value":1.63},"pmax":{"unit":"W","value":0.00163},"fill_factor":{"unit":"%","value":83.92},"efficiency":{"unit":"%","value":20.25},"cell_dimension":{"unit":"cm2","value":0.08040000000000001},"irradiance":{"unit":"mW\/cm2","value":100}},"calculations":{"fitted_isc":{"unit":"mA","value":0.6741699999999999},"fitted_voc":{"unit":"V","value":1.13},"rshunt":{"unit":"Kohm","value":0.07012},"rseries":{"unit":"ohm","value":32.74}},"measurement_conditions":{"sweep_direction":{"unit":"","value":"Reverse"},"nplc":{"unit":"","value":0.1},"voltage_settling_time":{"unit":"s","value":0.01},"configuration_file":{"unit":"","value":""},"sample_id":{"unit":"","value":"5\u00b9\u00f8_3_REV"},"note":{"unit":"","value":"\u00bd\u00c3\u00b7\u00e1\u00bf\u00a1 \u00b0\u00fc\u00c7\u00d1 \u00ba\u00ce\u00b0\u00a1\u00c0\u00fb\u00c0\u00ce \u00bc\u00b3\u00b8\u00ed\u00c0\u00bb \u00c0\u00cc\u00b0\u00f7\u00bf\u00a1 \u00c0\u00fb\u00c0\u00b8\u00bc\u00bc\u00bf\u00e4. ^^"}},"fill_factor":{"unit":"%","value":83.92},"efficiency":{"unit":"%","value":20.25},"voc":{"unit":"V","value":1.14},"jsc":{"unit":"mA\/cm2","value":21.08},"cell_dimension":{"unit":"cm2","value":0.08040000000000001},"sweep_direction":{"unit":"","value":"Reverse"},"key":"Reverse_REV1_20230316"},{"V":{"unit":"V","value":[1.5,1.48385,1.4677,1.4515,1.43535,1.4192,1.40305,1.38685,1.3707,1.35455,1.3384,1.3222,1.30605,1.2899,1.27375,1.2576,1.2414,1.22525,1.2091,1.19295,1.17675,1.1606,1.14445,1.1283,1.1121,1.09595,1.0798,1.06365,1.0475,1.0313,1.01515,0.999,0.98285,0.96665,0.9505,0.93435,0.9182,0.902,0.88585,0.8697,0.85355,0.8374,0.8212,0.80505,0.7889,0.77275,0.75655,0.7404,0.72425,0.7081,0.6919,0.67575,0.6596,0.64345,0.62725,0.6111,0.59495,0.5788,0.56265,0.54645,0.5303,0.51415,0.498,0.4818,0.46565,0.4495,0.43335,0.41715,0.401,0.38485,0.3687,0.35255,0.33635,0.3202,0.30405,0.2879,0.2717,0.25555,0.2394,0.22325,0.20705,0.1909,0.17475,0.1586,0.14245,0.12625,0.1101,0.09395,0.0778,0.0616,0.04545,0.0293,0.01315,-0.00305,-0.0192,-0.03535,-0.0515,-0.0677,-0.08385,-0.1]},"I":{"unit":"A","value":[-0.0165713,-0.0161267,-0.0152008,-0.014253,-0.0133258,-0.0124183,-0.011532,-0.0106546,-0.00979977,-0.00896127,-0.00813749,-0.00732964,-0.00654221,-0.00577323,-0.00502734,-0.00430332,-0.00360371,-0.00293551,-0.00229898,-0.00169697,-0.001141,-0.000624791,-0.000157759,0.000253052,0.00060685,0.000896722,0.00112653,0.00129958,0.00142457,0.00151209,0.00157018,0.00160563,0.00162841,0.00164318,0.00165206,0.00166048,0.0016619,0.00166522,0.00166698,0.00167127,0.00166971,0.00167157,0.00167142,0.00167213,0.00167404,0.00167319,0.00167455,0.0016752,0.00167571,0.00167626,0.00167692,0.00167812,0.00167717,0.00167717,0.00167853,0.00167884,0.00168024,0.00167969,0.00168166,0.00168104,0.00168216,0.00167943,0.00168212,0.00168231,0.00167964,0.00168186,0.00168216,0.00168161,0.00168121,0.00168034,0.00168267,0.0016811,0.00168246,0.00168195,0.00168267,0.00168081,0.00168166,0.00168286,0.00168206,0.00168307,0.00168337,0.00168403,0.00168267,0.00168271,0.00168231,0.00168195,0.00168257,0.00168257,0.00168252,0.00168479,0.00168318,0.00168498,0.00168468,0.00168326,0.00168322,0.00168483,0.00168519,0.00168472,0.00168544,0.00168645]},"J":{"unit":"A\/cm2","value":[-0.206111,-0.200581,-0.189065,-0.177276,-0.165744,-0.154456,-0.143433,-0.13252,-0.121888,-0.111459,-0.101213,-0.0911646,-0.0813707,-0.0718064,-0.0625291,-0.0535239,-0.0448223,-0.0365114,-0.0285943,-0.0211066,-0.0141915,-0.00777103,-0.00196217,0.00314741,0.00754788,0.0111533,0.0140115,0.0161639,0.0177185,0.0188072,0.0195296,0.0199705,0.0202539,0.0204376,0.020548,0.0206527,0.0206704,0.0207117,0.0207336,0.0207869,0.0207675,0.0207906,0.0207888,0.0207977,0.0208214,0.0208108,0.0208277,0.0208359,0.0208422,0.020849,0.0208572,0.0208722,0.0208603,0.0208603,0.0208772,0.0208811,0.0208985,0.0208917,0.0209161,0.0209085,0.0209224,0.0208885,0.0209219,0.0209243,0.0208911,0.0209187,0.0209224,0.0209156,0.0209106,0.0208998,0.0209287,0.0209093,0.0209261,0.0209198,0.0209287,0.0209055,0.0209161,0.0209311,0.0209211,0.0209337,0.0209374,0.0209456,0.0209287,0.0209293,0.0209243,0.0209198,0.0209274,0.0209274,0.0209269,0.020955,0.020935,0.0209575,0.0209537,0.0209361,0.0209356,0.0209556,0.02096,0.0209543,0.0209632,0.0209758]},"pv_cell_parameters":{"voc":{"unit":"V","value":1.14},"isc":{"unit":"mA","value":1.6800000000000002},"jsc":{"unit":"mA\/cm2","value":20.94},"vopt":{"unit":"mV","value":999},"iopt":{"unit":"mA","value":1.61},"pmax":{"unit":"W","value":0.0016},"fill_factor":{"unit":"%","value":83.26},"efficiency":{"unit":"%","value":19.95},"cell_dimension":{"unit":"cm2","value":0.08040000000000001},"irradiance":{"unit":"mW\/cm2","value":100}},"calculations":{"fitted_isc":{"unit":"mA","value":0.6685700000000001},"fitted_voc":{"unit":"V","value":1.13},"rshunt":{"unit":"Kohm","value":0.07061},"rseries":{"unit":"ohm","value":35.51}},"measurement_conditions":{"sweep_direction":{"unit":"","value":"Reverse"},"nplc":{"unit":"","value":0.1},"voltage_settling_time":{"unit":"s","value":0.01},"configuration_file":{"unit":"","value":""},"sample_id":{"unit":"","value":"6\u00b9\u00f8_4_REV"},"note":{"unit":"","value":"\u00bd\u00c3\u00b7\u00e1\u00bf\u00a1 \u00b0\u00fc\u00c7\u00d1 \u00ba\u00ce\u00b0\u00a1\u00c0\u00fb\u00c0\u00ce \u00bc\u00b3\u00b8\u00ed\u00c0\u00bb \u00c0\u00cc\u00b0\u00f7\u00bf\u00a1 \u00c0\u00fb\u00c0\u00b8\u00bc\u00bc\u00bf\u00e4. ^^"}},"fill_factor":{"unit":"%","value":83.26},"efficiency":{"unit":"%","value":19.95},"voc":{"unit":"V","value":1.14},"jsc":{"unit":"mA\/cm2","value":20.94},"cell_dimension":{"unit":"cm2","value":0.08040000000000001},"sweep_direction":{"unit":"","value":"Reverse"},"key":"Reverse_FOR1_20230316"},{"V":{"unit":"V","value":[-0.1,-0.08385,-0.0677,-0.0515,-0.03535,-0.0192,-0.00305,0.01315,0.0293,0.04545,0.0616,0.0778,0.09395,0.1101,0.12625,0.1424,0.1586,0.17475,0.1909,0.20705,0.22325,0.2394,0.25555,0.2717,0.2879,0.30405,0.3202,0.33635,0.35255,0.3687,0.38485,0.401,0.41715,0.43335,0.4495,0.46565,0.4818,0.498,0.51415,0.5303,0.54645,0.56265,0.5788,0.59495,0.6111,0.62725,0.64345,0.6596,0.67575,0.6919,0.7081,0.72425,0.7404,0.75655,0.77275,0.7889,0.80505,0.8212,0.83735,0.85355,0.8697,0.88585,0.902,0.9182,0.93435,0.9505,0.96665,0.98285,0.999,1.01515,1.0313,1.04745,1.06365,1.0798,1.09595,1.1121,1.1283,1.14445,1.1606,1.17675,1.19295,1.2091,1.22525,1.2414,1.2576,1.27375,1.2899,1.30605,1.3222,1.3384,1.35455,1.3707,1.38685,1.40305,1.4192,1.43535,1.4515,1.4677,1.48385,1.5]},"I":{"unit":"A","value":[0.00170839,0.00170133,0.00169735,0.00169678,0.00169189,0.00168569,0.00168741,0.00168614,0.00168328,0.00168297,0.00168216,0.00167939,0.00167753,0.00167829,0.00167723,0.00167626,0.00167455,0.00167309,0.00167224,0.00167097,0.00167027,0.0016693,0.00166871,0.00167002,0.00166714,0.00166799,0.00166613,0.00166613,0.00166446,0.00166406,0.00166291,0.00166291,0.00166266,0.00166023,0.00165892,0.00165822,0.00165686,0.0016564,0.001656,0.00165504,0.00165257,0.00165293,0.00165363,0.0016513,0.00164889,0.00164793,0.00164793,0.00164571,0.00164445,0.00164294,0.00164188,0.00164026,0.00163865,0.00163683,0.00163366,0.00163281,0.00163169,0.00162655,0.00162488,0.00162302,0.00161989,0.00161506,0.00160986,0.00160517,0.00159892,0.00158954,0.00157467,0.00155789,0.00153217,0.00149329,0.00143178,0.00135121,0.00122833,0.00105923,0.000830025,0.000551596,0.000200421,-0.000213757,-0.000680536,-0.00119765,-0.00176218,-0.00236793,-0.00300577,-0.00367679,-0.00437731,-0.00510372,-0.00584473,-0.00661531,-0.0074038,-0.00820988,-0.00903063,-0.00986555,-0.010711,-0.011575,-0.0124436,-0.0133244,-0.0142156,-0.015117,-0.0160282,-0.0169468]},"J":{"unit":"A\/cm2","value":[0.0212486,0.0211608,0.0211113,0.0211042,0.0210434,0.0209663,0.0209876,0.0209719,0.0209363,0.0209324,0.0209224,0.0208879,0.0208648,0.0208742,0.0208611,0.020849,0.0208277,0.0208095,0.020799,0.0207832,0.0207745,0.0207625,0.0207551,0.0207714,0.0207356,0.0207462,0.020723,0.020723,0.0207022,0.0206972,0.020683,0.020683,0.0206798,0.0206496,0.0206333,0.0206246,0.0206077,0.020602,0.020597,0.0205851,0.0205543,0.0205588,0.0205675,0.0205386,0.0205086,0.0204967,0.0204967,0.0204691,0.0204533,0.0204346,0.0204214,0.0204012,0.0203812,0.0203586,0.0203191,0.0203086,0.0202947,0.0202307,0.02021,0.0201868,0.0201479,0.0200878,0.0200232,0.0199648,0.0198871,0.0197704,0.0195854,0.0193767,0.0190568,0.0185733,0.0178082,0.0168061,0.0152778,0.0131746,0.0103237,0.00686065,0.00249279,-0.00265867,-0.00846438,-0.0148962,-0.0219177,-0.0294519,-0.0373852,-0.0457312,-0.0544441,-0.0634791,-0.0726956,-0.08228,-0.092087,-0.102113,-0.112321,-0.122706,-0.133221,-0.143968,-0.154771,-0.165726,-0.176811,-0.188022,-0.199356,-0.210782]},"pv_cell_parameters":{"voc":{"unit":"V","value":1.13},"isc":{"unit":"mA","value":1.69},"jsc":{"unit":"mA\/cm2","value":20.99},"vopt":{"unit":"mV","value":982.85},"iopt":{"unit":"mA","value":1.5600000000000003},"pmax":{"unit":"W","value":0.0015300000000000001},"fill_factor":{"unit":"%","value":80.42},"efficiency":{"unit":"%","value":19.04},"cell_dimension":{"unit":"cm2","value":0.08040000000000001},"irradiance":{"unit":"mW\/cm2","value":100}},"calculations":{"fitted_isc":{"unit":"mA","value":1.69},"fitted_voc":{"unit":"V","value":1.13},"rshunt":{"unit":"Kohm","value":12.9},"rseries":{"unit":"ohm","value":46.64}},"measurement_conditions":{"sweep_direction":{"unit":"","value":"Forward"},"nplc":{"unit":"","value":0.1},"voltage_settling_time":{"unit":"s","value":0.01},"configuration_file":{"unit":"","value":""},"sample_id":{"unit":"","value":"6\u00b9\u00f8_4_FOR"},"note":{"unit":"","value":"\u00bd\u00c3\u00b7\u00e1\u00bf\u00a1 \u00b0\u00fc\u00c7\u00d1 \u00ba\u00ce\u00b0\u00a1\u00c0\u00fb\u00c0\u00ce \u00bc\u00b3\u00b8\u00ed\u00c0\u00bb \u00c0\u00cc\u00b0\u00f7\u00bf\u00a1 \u00c0\u00fb\u00c0\u00b8\u00bc\u00bc\u00bf\u00e4. ^^"}},"fill_factor":{"unit":"%","value":80.42},"efficiency":{"unit":"%","value":19.04},"voc":{"unit":"V","value":1.13},"jsc":{"unit":"mA\/cm2","value":20.99},"cell_dimension":{"unit":"cm2","value":0.08040000000000001},"sweep_direction":{"unit":"","value":"Forward"},"key":"Forward_FOR4_20230316"},{"V":{"unit":"V","value":[-0.1,-0.08385,-0.0677,-0.0515,-0.03535,-0.0192,-0.00305,0.01315,0.0293,0.04545,0.0616,0.0778,0.09395,0.1101,0.12625,0.1424,0.1586,0.17475,0.1909,0.20705,0.22325,0.2394,0.25555,0.2717,0.2879,0.30405,0.3202,0.33635,0.35255,0.3687,0.38485,0.401,0.41715,0.43335,0.4495,0.46565,0.4818,0.498,0.51415,0.5303,0.54645,0.56265,0.5788,0.59495,0.6111,0.62725,0.64345,0.6596,0.67575,0.6919,0.7081,0.72425,0.7404,0.75655,0.77275,0.7889,0.80505,0.8212,0.83735,0.85355,0.8697,0.88585,0.902,0.9182,0.93435,0.9505,0.96665,0.98285,0.999,1.01515,1.0313,1.04745,1.06365,1.0798,1.09595,1.1121,1.1283,1.14445,1.1606,1.17675,1.19295,1.2091,1.22525,1.2414,1.2576,1.27375,1.2899,1.30605,1.3222,1.3384,1.35455,1.3707,1.38685,1.40305,1.4192,1.43535,1.4515,1.4677,1.48385,1.5]},"I":{"unit":"A","value":[0.00169072,0.00168432,0.00167787,0.00167792,0.00167792,0.00167656,0.00167394,0.00167333,0.00167525,0.00167398,0.00166994,0.00167388,0.00167172,0.00166994,0.0016699,0.00167227,0.00167011,0.00166874,0.00166859,0.00166914,0.00166814,0.00166768,0.00166592,0.00166607,0.00166567,0.0016644,0.00166315,0.00166315,0.00166269,0.0016637,0.00166152,0.00165981,0.00166184,0.00165921,0.00165896,0.00165831,0.00165628,0.00165699,0.00165397,0.00165382,0.00165194,0.00165164,0.0016527,0.00165331,0.00165255,0.0016461,0.00164957,0.0016522,0.00164595,0.00164227,0.00164409,0.00164494,0.00164287,0.00164187,0.00164031,0.0016396,0.00163698,0.00163688,0.00163229,0.00162992,0.00162791,0.00162286,0.00161892,0.00161272,0.00160561,0.00159603,0.00158404,0.00156574,0.00153412,0.00149424,0.00143625,0.00134928,0.00121461,0.00103356,0.000791743,0.000482514,8.8945e-5,-0.000375047,-0.000907362,-0.00150533,-0.00216022,-0.00286593,-0.0036158,-0.00440745,-0.00523631,-0.00609739,-0.00697985,-0.00789775,-0.00883995,-0.00980418,-0.0107857,-0.0117859,-0.0128008,-0.0138384,-0.0148802,-0.015938,-0.0170093,-0.0180945,-0.0191904,-0.0202949]},"J":{"unit":"A\/cm2","value":[0.0210288,0.0209493,0.020869,0.0208696,0.0208696,0.0208527,0.0208201,0.0208125,0.0208364,0.0208207,0.0207704,0.0208194,0.0207925,0.0207704,0.0207699,0.0207994,0.0207725,0.0207554,0.0207536,0.0207604,0.020748,0.0207423,0.0207204,0.0207223,0.0207173,0.0207015,0.0206859,0.0206859,0.0206802,0.0206928,0.0206657,0.0206444,0.0206696,0.020637,0.0206338,0.0206257,0.0206005,0.0206094,0.0205718,0.0205699,0.0205466,0.0205428,0.020556,0.0205636,0.0205542,0.0204739,0.0205171,0.0205497,0.020472,0.0204263,0.0204489,0.0204594,0.0204337,0.0204213,0.0204018,0.0203931,0.0203605,0.0203592,0.0203021,0.0202726,0.0202476,0.0201848,0.0201358,0.0200587,0.0199703,0.0198512,0.019702,0.0194744,0.0190811,0.0185851,0.0178638,0.0167822,0.0151071,0.0128552,0.00984755,0.00600142,0.00110628,-0.00466477,-0.0112856,-0.018723,-0.0268684,-0.0356458,-0.0449726,-0.054819,-0.0651283,-0.0758382,-0.0868141,-0.0982307,-0.10995,-0.121943,-0.13415,-0.146591,-0.159214,-0.172119,-0.185077,-0.198234,-0.211559,-0.225056,-0.238687,-0.252424]},"pv_cell_parameters":{"voc":{"unit":"V","value":1.13},"isc":{"unit":"mA","value":1.6700000000000002},"jsc":{"unit":"mA\/cm2","value":20.82},"vopt":{"unit":"mV","value":982.85},"iopt":{"unit":"mA","value":1.57},"pmax":{"unit":"W","value":0.0015400000000000001},"fill_factor":{"unit":"%","value":81.48},"efficiency":{"unit":"%","value":19.14},"cell_dimension":{"unit":"cm2","value":0.08040000000000001},"irradiance":{"unit":"mW\/cm2","value":100}},"calculations":{"fitted_isc":{"unit":"mA","value":1.6700000000000002},"fitted_voc":{"unit":"V","value":1.12},"rshunt":{"unit":"Kohm","value":38.99},"rseries":{"unit":"ohm","value":41.53}},"measurement_conditions":{"sweep_direction":{"unit":"","value":"Forward"},"nplc":{"unit":"","value":0.1},"voltage_settling_time":{"unit":"s","value":0.01},"configuration_file":{"unit":"","value":""},"sample_id":{"unit":"","value":"6\u00b9\u00f8_3_FOR"},"note":{"unit":"","value":"\u00bd\u00c3\u00b7\u00e1\u00bf\u00a1 \u00b0\u00fc\u00c7\u00d1 \u00ba\u00ce\u00b0\u00a1\u00c0\u00fb\u00c0\u00ce \u00bc\u00b3\u00b8\u00ed\u00c0\u00bb \u00c0\u00cc\u00b0\u00f7\u00bf\u00a1 \u00c0\u00fb\u00c0\u00b8\u00bc\u00bc\u00bf\u00e4. ^^"}},"fill_factor":{"unit":"%","value":81.48},"efficiency":{"unit":"%","value":19.14},"voc":{"unit":"V","value":1.13},"jsc":{"unit":"mA\/cm2","value":20.82},"cell_dimension":{"unit":"cm2","value":0.08040000000000001},"sweep_direction":{"unit":"","value":"Forward"},"key":"Forward_FOR3_20230316"}]}}