{"_id":"6583f33fe66ef8618a0fbfd7","id":"CNU_EEML-SC-00366","author":62,"group":6,"input":[{"tco":{"unit":"","value":"ITO"}},[],{"etl":[{"material":{"unit":"","value":"SnO2_NP"},"concentration":{"unit":"","value":"1:5 ratio (in H2O)"},"conc_unit":{"unit":"","value":"none"},"quantity":{"unit":"ml","value":"0.2"}}],"spin_coating":[{"type":{"unit":"","value":"drop&run"},"rpm":{"unit":"","value":"3000"},"time":{"unit":"s","value":"30"}}],"annealing":[{"temperature":{"unit":"oC","value":"100"},"time":{"unit":"m","value":"10"}}]},{"etl_treatment":[{"material":{"unit":"","value":"KCl"},"concentration":{"unit":"","value":"1.3"},"conc_unit":{"unit":"","value":"mg\/ml"},"quantity":{"unit":"ml","value":"0.2"}}],"solvent":[{"material":{"unit":"","value":"DI-Water"},"volume":{"unit":"ml","value":"1"}}],"spin_coating":[{"type":{"unit":"","value":"drop&run"},"rpm":{"unit":"","value":"5000"},"time":{"unit":"s","value":"30"}}],"annealing":[{"temperature":{"unit":"oC","value":"150"},"time":{"unit":"m","value":"15"}}]},[],{"perovskite":{"method":{"unit":"","value":"1step"},"molarity":{"unit":"M","value":"1.4"},"a_site":[{"material":{"unit":"","value":"FA"},"ratio":{"unit":"%","value":"95"}},{"material":{"unit":"","value":"MA"},"ratio":{"unit":"%","value":"5"}}],"b_site":[{"material":{"unit":"","value":"Pb"},"ratio":{"unit":"%","value":"100"}}],"x_site":[{"material":{"unit":"","value":"I"},"ratio":{"unit":"%","value":"95"}},{"material":{"unit":"","value":"Br"},"ratio":{"unit":"%","value":"5"}}],"solvent":[{"material":{"unit":"","value":"DMF"},"volume":{"unit":"ml","value":"0.8"}},{"material":{"unit":"","value":"DMSO"},"volume":{"unit":"ml","value":"0.1"}}],"antisolvent":[{"material":{"unit":"","value":"DEE"},"quantity":{"unit":"ul","value":"1000"},"dripping_time":{"unit":"s","value":"30"}}],"spin_coating":[{"type":{"unit":"","value":"drop&run"},"rpm":{"unit":"","value":"5000"},"time":{"unit":"s","value":"50"}}],"annealing":[{"temperature":{"unit":"oC","value":"100"},"time":{"unit":"m","value":"60"}}]}},{"perovskite_treatment":[{"material":{"unit":"","value":"5M-NTF2"},"concentration":{"unit":"","value":"1.5"},"conc_unit":{"unit":"","value":"mg\/ml"},"quantity":{"unit":"ml","value":"0.1"}}],"solvent":[{"material":{"unit":"","value":"IPA"},"volume":{"unit":"ml","value":"1"}}],"spin_coating":[{"type":{"unit":"","value":"dynamic"},"rpm":{"unit":"","value":"5000"},"time":{"unit":"s","value":"30"}}]},{"htl":[{"material":{"unit":"","value":"Spiro-OMeTAD"},"concentration":{"unit":"","value":"91"},"conc_unit":{"unit":"","value":"mg\/ml"},"quantity":{"unit":"ml","value":"0.07"}}],"solvent":[{"material":{"unit":"","value":"CB"},"volume":{"unit":"ml","value":"1.1"}}],"htl_doping":[{"material":{"unit":"","value":"Li-TFSI"},"volume":{"unit":"ul","value":"23"}},{"material":{"unit":"","value":"Co-TFSI"},"volume":{"unit":"ul","value":"10"}},{"material":{"unit":"","value":"tBP"},"volume":{"unit":"ul","value":"39"}}],"spin_coating":[{"type":{"unit":"","value":"drop&run"},"rpm":{"unit":"","value":"3000"},"time":{"unit":"s","value":"30"}}]},{"anode_metal":{"unit":"","value":"Ag"}},{"note":{"unit":"","value":"NIP perovskite treatment IL 5M NTf2 0.5"},"ar":{"unit":"","value":"0"},"type":{"unit":"","value":"unit_cell"},"device_type":{"unit":"","value":"n-i-p"},"temperature":{"unit":"\u2103","value":"24.3"},"humidity":{"unit":"%","value":"22"},"cell_dimension":{"unit":"cm2","value":"0.84"}}],"fileinfo":[{"key":"Forward_FWD1 5m ntf2 1.5_231123","uploadType":"JV","original_name":"FWD1 5m ntf2 1.5_231123-144712_FWD_D.dat","save_name":"CNU_EEML-SC-00366\/Forward_FWD1 5m ntf2 1.5_231123","uploader":62,"fileType":""},{"key":"Forward_FWD2 5m ntf2 1.5_231123","uploadType":"JV","original_name":"FWD2 5m ntf2 1.5_231123-144712.dat","save_name":"CNU_EEML-SC-00366\/Forward_FWD2 5m ntf2 1.5_231123","uploader":62,"fileType":""},{"key":"Forward_FWD3 5m ntf2 1.5_231123","uploadType":"JV","original_name":"FWD3 5m ntf2 1.5_231123-144712.dat","save_name":"CNU_EEML-SC-00366\/Forward_FWD3 5m ntf2 1.5_231123","uploader":62,"fileType":""},{"key":"Forward_FWD4 5m ntf2 1.5_231123","uploadType":"JV","original_name":"FWD4 5m ntf2 1.5_231123-144712.dat","save_name":"CNU_EEML-SC-00366\/Forward_FWD4 5m ntf2 1.5_231123","uploader":62,"fileType":""},{"key":"Reverse_REV1 5m ntf2 1.5_231123","uploadType":"JV","original_name":"REV1 5m ntf2 1.5_231123-144712.dat","save_name":"CNU_EEML-SC-00366\/Reverse_REV1 5m ntf2 1.5_231123","uploader":62,"fileType":""},{"key":"Reverse_REV2 5m ntf2 1.5_231123","uploadType":"JV","original_name":"REV2 5m ntf2 1.5_231123-144712.dat","save_name":"CNU_EEML-SC-00366\/Reverse_REV2 5m ntf2 1.5_231123","uploader":62,"fileType":""},{"key":"Reverse_REV3 5m ntf2 1.5_231123","uploadType":"JV","original_name":"REV3 5m ntf2 1.5_231123-144712.dat","save_name":"CNU_EEML-SC-00366\/Reverse_REV3 5m ntf2 1.5_231123","uploader":62,"fileType":""},{"key":"Reverse_REV4 5m ntf2 1.5_231123","uploadType":"JV","original_name":"REV4 5m ntf2 1.5_231123-144712.dat","save_name":"CNU_EEML-SC-00366\/Reverse_REV4 5m ntf2 1.5_231123","uploader":62,"fileType":""},{"key":"Reverse_REV5 5m ntf2 1.5_231123","uploadType":"JV","original_name":"REV5 5m ntf2 1.5_231123-144712.dat","save_name":"CNU_EEML-SC-00366\/Reverse_REV5 5m ntf2 1.5_231123","uploader":62,"fileType":""}],"jvcnt":9,"updated_at":"2024-08-27 05:55:16","created_at":"2023-12-21 08:11:43","analysisInfo":{"JV":[{"efficiency":17.0957,"fill_factor":75.92797146541633,"jsc":22.7432,"voc":0.9899961836610819,"key":"Reverse_REV5 5m ntf2 1.5_231123","cell_dimension":0.84},{"efficiency":19.2916,"fill_factor":80.14514358784311,"jsc":22.7088,"voc":1.0599780005993074,"key":"Reverse_REV4 5m ntf2 1.5_231123","cell_dimension":0.84},{"efficiency":19.6486,"fill_factor":80.8537905211148,"jsc":22.9263,"voc":1.0599789860610769,"key":"Reverse_REV3 5m ntf2 1.5_231123","cell_dimension":0.84},{"efficiency":17.3166,"fill_factor":74.17613011452859,"jsc":22.6657,"voc":1.0299812463145837,"key":"Reverse_REV2 5m ntf2 1.5_231123","cell_dimension":0.84},{"efficiency":17.9592,"fill_factor":77.69113971233294,"jsc":22.0154,"voc":1.0499990685906067,"key":"Reverse_REV1 5m ntf2 1.5_231123","cell_dimension":0.84},{"efficiency":12.3656,"fill_factor":55.415797474005934,"jsc":22.7697,"voc":0.9799959882194899,"key":"Forward_FWD4 5m ntf2 1.5_231123","cell_dimension":0.84},{"efficiency":13.2382,"fill_factor":56.208705408302585,"jsc":22.8659,"voc":1.0299995984434915,"key":"Forward_FWD3 5m ntf2 1.5_231123","cell_dimension":0.84},{"efficiency":14.351,"fill_factor":62.57026396304043,"jsc":22.7088,"voc":1.009996786261638,"key":"Forward_FWD2 5m ntf2 1.5_231123","cell_dimension":0.84},{"efficiency":12.8611,"fill_factor":58.1602241907145,"jsc":21.8943,"voc":1.0099990808194401,"key":"Forward_FWD1 5m ntf2 1.5_231123","cell_dimension":0.84}]},"public":2,"tags":[],"analysis":{"JV":[{"V":{"value":[1.5,1.49,1.48,1.47,1.46,1.45,1.44,1.43,1.42,1.41,1.4,1.39,1.38,1.37,1.36,1.35,1.34,1.33,1.32,1.31,1.3,1.29,1.28,1.27,1.26,1.25,1.24,1.23,1.22,1.21,1.2,1.19,1.18,1.17,1.16,1.15,1.14,1.13,1.12,1.11,1.1,1.09,1.08,1.07,1.06,1.05,1.04,1.03,1.02,1.01,1,0.99,0.98,0.97,0.96,0.95,0.94,0.93,0.92,0.91,0.9,0.89,0.88,0.87,0.86,0.85,0.84,0.83,0.82,0.81,0.8,0.79,0.78,0.77,0.76,0.75,0.74,0.73,0.72,0.71,0.7,0.69,0.68,0.67,0.66,0.65,0.64,0.63,0.62,0.61,0.6,0.59,0.58,0.57,0.56,0.55,0.54,0.53,0.52,0.51,0.5,0.49,0.48,0.47,0.46,0.45,0.44,0.43,0.42,0.41,0.4,0.39,0.38,0.37,0.36,0.35,0.34,0.33,0.32,0.31,0.3,0.29,0.28,0.27,0.26,0.25,0.24,0.23,0.22,0.21,0.2,0.19,0.18,0.17,0.16,0.15,0.14,0.13,0.12,0.11,0.1,0.09,0.08,0.07,0.06,0.05,0.04,0.03,0.02,0.01,0,-0.01,-0.02,-0.03,-0.04,-0.05,-0.06,-0.07,-0.08,-0.09,-0.1,-0.11,-0.12,-0.13,-0.14,-0.15,-0.16,-0.17,-0.18,-0.19,-0.2],"unit":"V"},"J":{"value":[-0.0390098,-0.0390094,-0.038870800000000004,-0.0386195,-0.038489600000000006,-0.0382824,-0.0381,-0.0379181,-0.0377105,-0.037457700000000003,-0.0372765,-0.0370603,-0.0368863,-0.0367047,-0.036583399999999995,-0.0364014,-0.0362021,-0.0360548,-0.035985500000000004,-0.035820500000000005,-0.0356739,-0.0355523,-0.035405,-0.0352753,-0.035084699999999996,-0.0349544,-0.0347631,-0.0345988,-0.0342962,-0.0340973,-0.033733,-0.0332825,-0.0328056,-0.032190399999999994,-0.0313759,-0.0303189,-0.029114499999999998,-0.0276591,-0.026003699999999998,-0.0241759,-0.022139700000000002,-0.0200165,-0.0178596,-0.015606400000000001,-0.013379799999999999,-0.0111787,-0.0091166,-0.00715849,-0.00527834,-0.00351075,-0.00187309,-0.000374144,0.00109886,0.00240726,0.00373291,0.00509326,0.0064623499999999995,0.00792669,0.00947759,0.0111067,0.0127616,0.0144079,0.0158461,0.0171112,0.0182376,0.0191129,0.0197888,0.020343299999999998,0.0207592,0.021105799999999997,0.0213484,0.021538799999999997,0.0217643,0.0219027,0.0219723,0.0220676,0.0221625,0.0222235,0.0222235,0.0222411,0.0223273,0.0222755,0.0223366,0.022465699999999998,0.0223273,0.0224228,0.022491900000000002,0.0225357,0.022561699999999997,0.022587299999999998,0.022587,0.022501,0.0226308,0.0225008,0.0225355,0.0225441,0.0226568,0.0228034,0.0227088,0.0226914,0.0226477,0.0226481,0.022700099999999997,0.022604600000000002,0.0226914,0.022717400000000002,0.0227697,0.022812699999999998,0.022769400000000002,0.0227865,0.0227605,0.0227086,0.0227781,0.0226914,0.022639500000000003,0.022561499999999998,0.0225613,0.0225524,0.0225701,0.022526599999999997,0.022561499999999998,0.022552600000000003,0.0225875,0.022509499999999998,0.022543900000000002,0.0225008,0.022509499999999998,0.022509499999999998,0.0224755,0.0225784,0.0225441,0.0226048,0.0226048,0.022587299999999998,0.0225788,0.0225528,0.022683,0.0227261,0.022761,0.022830100000000002,0.0228734,0.0229769,0.0229423,0.0229252,0.022882100000000002,0.0228387,0.022812100000000002,0.022830100000000002,0.0227346,0.0227172,0.0227432,0.0227519,0.0227088,0.0227868,0.022786999999999998,0.0227605,0.0227865,0.0228561,0.022813,0.0227952,0.0228039,0.022786999999999998,0.0227519,0.0227865,0.022890999999999998,0.0229165,0.0228645,0.022830100000000002,0.0228561,0.0228387,0.022830100000000002],"unit":"A\/cm2"},"P":{"value":[58.5147,58.124,57.5288,56.7707,56.1947,55.5094,54.864,54.2228,53.5489,52.8154,52.1871,51.5138,50.903,50.2854,49.7534,49.1419,48.5108,47.9529,47.5009,46.9249,46.3761,45.8624,45.3184,44.7997,44.2068,43.693,43.1063,42.5566,41.8414,41.2577,40.4797,39.6061,38.7106,37.6628,36.3961,34.8667,33.1905,31.2548,29.1241,26.8353,24.3537,21.818,19.2883,16.6989,14.1826,11.7377,9.48126,7.37325,5.3839,3.54585,1.87309,0.370403,-1.07688,-2.33504,-3.5836,-4.8386,-6.07461,-7.37182,-8.71938,-10.1071,-11.4855,-12.8231,-13.9446,-14.8867,-15.6843,-16.246,-16.6226,-16.8849,-17.0225,-17.0957,-17.0787,-17.0157,-16.9762,-16.8651,-16.6989,-16.5507,-16.4002,-16.2232,-16.001,-15.7912,-15.6291,-15.3701,-15.1889,-15.052,-14.736,-14.5748,-14.3948,-14.1975,-13.9882,-13.7782,-13.5522,-13.2756,-13.1259,-12.8255,-12.6199,-12.3993,-12.2347,-12.0858,-11.8086,-11.5726,-11.3238,-11.0976,-10.8961,-10.6242,-10.4381,-10.2228,-10.0186,-9.80948,-9.56316,-9.34248,-9.10422,-8.85634,-8.65568,-8.39583,-8.1502,-7.89652,-7.67083,-7.44228,-7.22244,-6.98324,-6.76844,-6.54025,-6.32449,-6.07756,-5.86142,-5.62521,-5.40228,-5.17718,-4.94461,-4.74146,-4.50883,-4.29491,-4.06886,-3.83983,-3.61261,-3.38292,-3.17562,-2.95439,-2.73132,-2.51131,-2.28734,-2.06792,-1.83538,-1.60476,-1.37292,-1.14194,-0.912484,-0.684903,-0.454691,-0.227172,0,0.227519,0.454176,0.683603,0.911479,1.13803,1.36719,1.59993,1.82504,2.05157,2.28039,2.50657,2.73023,2.96225,3.20473,3.43748,3.65832,3.88111,4.11409,4.33936,4.56602],"unit":"mW\/cm2"},"efficiency":{"unit":"%","value":17.0957},"I":{"unit":"A","value":[-0.0464402380952381,-0.04643976190476191,-0.04627476190476191,-0.04597559523809524,-0.04582095238095239,-0.04557428571428572,-0.04535714285714286,-0.045140595238095244,-0.04489345238095238,-0.04459250000000001,-0.044376785714285716,-0.04411940476190476,-0.043912261904761905,-0.04369607142857143,-0.04355166666666666,-0.043335000000000005,-0.0430977380952381,-0.042922380952380955,-0.042839880952380956,-0.042643452380952386,-0.042468928571428574,-0.04232416666666667,-0.042148809523809526,-0.04199440476190477,-0.0417675,-0.04161238095238095,-0.041384642857142856,-0.04118904761904762,-0.040828809523809524,-0.04059202380952381,-0.04015833333333333,-0.03962202380952381,-0.039054285714285715,-0.03832190476190476,-0.0373522619047619,-0.036093928571428575,-0.034660119047619044,-0.0329275,-0.03095678571428571,-0.028780833333333335,-0.026356785714285718,-0.02382916666666667,-0.021261428571428573,-0.01857904761904762,-0.015928333333333333,-0.013307976190476191,-0.01085309523809524,-0.008522011904761905,-0.006283738095238096,-0.0041794642857142855,-0.002229869047619048,-0.00044540952380952377,0.0013081666666666667,0.0028657857142857144,0.004443940476190476,0.006063404761904762,0.00769327380952381,0.009436535714285715,0.011282845238095238,0.013222261904761907,0.015192380952380952,0.017152261904761906,0.01886440476190476,0.020370476190476192,0.021711428571428572,0.02275345238095238,0.02355809523809524,0.024218214285714284,0.024713333333333334,0.025125952380952377,0.025414761904761905,0.02564142857142857,0.025909880952380955,0.02607464285714286,0.0261575,0.02627095238095238,0.026383928571428576,0.02645654761904762,0.02645654761904762,0.0264775,0.02658011904761905,0.026518452380952382,0.02659119047619048,0.02674488095238095,0.02658011904761905,0.026693809523809526,0.026776071428571434,0.026828214285714285,0.026859166666666663,0.026889642857142855,0.026889285714285716,0.026786904761904762,0.02694142857142857,0.02678666666666667,0.02682797619047619,0.026838214285714288,0.026972380952380956,0.027146904761904764,0.027034285714285716,0.02701357142857143,0.02696154761904762,0.02696202380952381,0.02702392857142857,0.026910238095238098,0.02701357142857143,0.027044523809523813,0.027106785714285715,0.02715797619047619,0.027106428571428576,0.027126785714285718,0.027095833333333333,0.027034047619047617,0.027116785714285715,0.02701357142857143,0.02695178571428572,0.026858928571428572,0.026858690476190477,0.02684809523809524,0.026869166666666666,0.02681738095238095,0.026858928571428572,0.02684833333333334,0.026889880952380953,0.02679702380952381,0.026837976190476193,0.02678666666666667,0.02679702380952381,0.02679702380952381,0.026756547619047617,0.02687904761904762,0.026838214285714288,0.026910476190476193,0.026910476190476193,0.026889642857142855,0.02687952380952381,0.02684857142857143,0.02700357142857143,0.027054880952380952,0.027096428571428573,0.02717869047619048,0.027230238095238096,0.027353452380952385,0.027312261904761905,0.027291904761904764,0.02724059523809524,0.027188928571428572,0.027157261904761906,0.02717869047619048,0.027065000000000002,0.027044285714285715,0.027075238095238097,0.02708559523809524,0.027034285714285716,0.027127142857142857,0.02712738095238095,0.027095833333333333,0.027126785714285718,0.02720964285714286,0.027158333333333333,0.02713714285714286,0.027147499999999998,0.02712738095238095,0.02708559523809524,0.027126785714285718,0.027251190476190474,0.02728154761904762,0.02721964285714286,0.02717869047619048,0.02720964285714286,0.027188928571428572,0.02717869047619048]},"voc":{"unit":"V","value":0.9899961836610819},"jsc":{"unit":"mA\/cm2","value":22.7432},"fill_factor":{"unit":"%","value":75.92797146541633},"cell_dimension":{"value":0.84,"unit":"cm2"},"sweep_direction":{"unit":"","value":"Reverse"},"key":"Reverse_REV5 5m ntf2 1.5_231123"},{"V":{"value":[1.5,1.49,1.48,1.47,1.46,1.45,1.44,1.43,1.42,1.41,1.4,1.39,1.38,1.37,1.36,1.35,1.34,1.33,1.32,1.31,1.3,1.29,1.28,1.27,1.26,1.25,1.24,1.23,1.22,1.21,1.2,1.19,1.18,1.17,1.16,1.15,1.14,1.13,1.12,1.11,1.1,1.09,1.08,1.07,1.06,1.05,1.04,1.03,1.02,1.01,1,0.99,0.98,0.97,0.96,0.95,0.94,0.93,0.92,0.91,0.9,0.89,0.88,0.87,0.86,0.85,0.84,0.83,0.82,0.81,0.8,0.79,0.78,0.77,0.76,0.75,0.74,0.73,0.72,0.71,0.7,0.69,0.68,0.67,0.66,0.65,0.64,0.63,0.62,0.61,0.6,0.59,0.58,0.57,0.56,0.55,0.54,0.53,0.52,0.51,0.5,0.49,0.48,0.47,0.46,0.45,0.44,0.43,0.42,0.41,0.4,0.39,0.38,0.37,0.36,0.35,0.34,0.33,0.32,0.31,0.3,0.29,0.28,0.27,0.26,0.25,0.24,0.23,0.22,0.21,0.2,0.19,0.18,0.17,0.16,0.15,0.14,0.13,0.12,0.11,0.1,0.09,0.08,0.07,0.06,0.05,0.04,0.03,0.02,0.01,0,-0.01,-0.02,-0.03,-0.04,-0.05,-0.06,-0.07,-0.08,-0.09,-0.1,-0.11,-0.12,-0.13,-0.14,-0.15,-0.16,-0.17,-0.18,-0.19,-0.2],"unit":"V"},"J":{"value":[-0.050655099999999995,-0.0506459,-0.0498921,-0.049130099999999996,-0.048488500000000004,-0.0479508,-0.047544499999999996,-0.0470419,-0.0466516,-0.0461659,-0.0458544,-0.0455078,-0.045195900000000004,-0.044797800000000006,-0.0446241,-0.0443208,-0.0440522,-0.043887999999999996,-0.043801400000000004,-0.0435583,-0.0434981,-0.0433326,-0.0431598,-0.042969099999999996,-0.042761600000000004,-0.0425008,-0.042171999999999994,-0.0417734,-0.0411582,-0.0404911,-0.039564,-0.0384809,-0.0371029,-0.0354573,-0.0335081,-0.0312376,-0.0286296,-0.0257526,-0.0226767,-0.0194015,-0.016031,-0.0124959,-0.009030129999999999,-0.0056162,-0.00231503,0.000908244,0.00385425,0.00658353,0.0090791,0.011228,0.013117,0.014763,0.0162012,0.0173886,0.0183849,0.019121600000000002,0.019840299999999998,0.0203691,0.0208545,0.0211751,0.0214351,0.0215997,0.021816299999999997,0.022006900000000003,0.0220676,0.0221109,0.0221627,0.022223299999999998,0.0222582,0.02231,0.0224575,0.0225091,0.0225528,0.0225961,0.0225613,0.022543900000000002,0.0225528,0.0225786,0.0225784,0.0225441,0.0225706,0.0225093,0.022526599999999997,0.022509499999999998,0.0225704,0.0225179,0.022535,0.0225699,0.0225093,0.0226217,0.022613499999999998,0.0227608,0.022743,0.022761,0.0227086,0.0227432,0.0226563,0.022717400000000002,0.0226308,0.0225786,0.022639199999999998,0.0225701,0.0226137,0.022553,0.0225701,0.0225786,0.022639500000000003,0.022735,0.0226481,0.0227779,0.0228036,0.0228387,0.0228472,0.0228216,0.0227952,0.0228643,0.0227003,0.0228996,0.0228036,0.0228474,0.022917,0.0228563,0.0227781,0.022804099999999997,0.0227781,0.0227781,0.0228992,0.0228819,0.0227605,0.0227868,0.0227952,0.022743700000000002,0.022735,0.0227519,0.022691199999999998,0.022691199999999998,0.022656600000000002,0.022527000000000002,0.022535,0.022604600000000002,0.0225701,0.022552600000000003,0.022639,0.022587299999999998,0.022613499999999998,0.0225699,0.022543900000000002,0.0226308,0.022717400000000002,0.0227605,0.0227088,0.022752099999999997,0.0227865,0.022683,0.0226826,0.0227003,0.0226914,0.0227088,0.0227083,0.022665400000000002,0.022735,0.0226826,0.022717400000000002,0.0226483,0.022717400000000002,0.0226221,0.0226568,0.022657,0.0226659,0.022691700000000002,0.022726299999999998],"unit":"A\/cm2"},"P":{"value":[75.9826,75.4625,73.8403,72.2213,70.7932,69.5287,68.4641,67.27,66.2452,65.0939,64.1962,63.2559,62.3704,61.373,60.6887,59.8331,59.0299,58.3711,57.8178,57.0614,56.5475,55.8991,55.2445,54.5708,53.8796,53.126,52.2933,51.3813,50.2131,48.9942,47.4768,45.7923,43.7814,41.485,38.8694,35.9233,32.6377,29.1005,25.3979,21.5357,17.6341,13.6205,9.75254,6.00934,2.45393,-0.953656,-4.00842,-6.78103,-9.26069,-11.3402,-13.117,-14.6154,-15.8772,-16.8669,-17.6495,-18.1655,-18.6499,-18.9433,-19.1862,-19.2694,-19.2916,-19.2237,-19.1983,-19.146,-18.9781,-18.7943,-18.6166,-18.4454,-18.2517,-18.0711,-17.966,-17.7822,-17.5912,-17.399,-17.1466,-16.9079,-16.6891,-16.4824,-16.2564,-16.0063,-15.7994,-15.5314,-15.3181,-15.0814,-14.8964,-14.6367,-14.4224,-14.2191,-13.9557,-13.7992,-13.5681,-13.4289,-13.1909,-12.9738,-12.7168,-12.5088,-12.2344,-12.0402,-11.768,-11.5151,-11.3196,-11.0594,-10.8546,-10.5999,-10.3823,-10.1604,-9.96136,-9.77604,-9.51221,-9.33893,-9.12146,-8.90711,-8.68193,-8.44401,-8.20627,-8.0025,-7.71811,-7.55688,-7.29717,-7.0827,-6.87509,-6.62833,-6.37787,-6.1571,-5.92231,-5.69452,-5.4958,-5.26283,-5.00732,-4.78522,-4.55904,-4.32129,-4.0923,-3.86782,-3.6306,-3.40368,-3.17192,-2.92852,-2.7042,-2.4865,-2.25701,-2.02973,-1.81112,-1.58111,-1.35681,-1.1285,-0.901757,-0.678924,-0.454349,-0.227605,0,0.227521,0.455731,0.68049,0.907302,1.13502,1.36149,1.58961,1.81667,2.03989,2.2735,2.49508,2.72609,2.94428,3.18044,3.39332,3.62509,3.85169,4.07986,4.31142,4.54527],"unit":"mW\/cm2"},"efficiency":{"unit":"%","value":19.2916},"I":{"unit":"A","value":[-0.06030369047619047,-0.0602927380952381,-0.059395357142857146,-0.05848821428571428,-0.05772440476190477,-0.05708428571428572,-0.056600595238095235,-0.0560022619047619,-0.05553761904761905,-0.054959404761904765,-0.054588571428571424,-0.05417595238095239,-0.05380464285714286,-0.053330714285714294,-0.05312392857142857,-0.052762857142857146,-0.05244309523809524,-0.05224761904761904,-0.052144523809523814,-0.05185511904761905,-0.05178345238095238,-0.051586428571428575,-0.051380714285714287,-0.05115369047619047,-0.050906666666666676,-0.050596190476190475,-0.0502047619047619,-0.0497302380952381,-0.04899785714285714,-0.04820369047619048,-0.0471,-0.04581059523809524,-0.04417011904761905,-0.042211071428571424,-0.03989059523809524,-0.03718761904761905,-0.034082857142857144,-0.030657857142857143,-0.026996071428571432,-0.02309702380952381,-0.01908452380952381,-0.01487607142857143,-0.010750154761904761,-0.006685952380952381,-0.002755988095238095,0.0010812428571428572,0.004588392857142858,0.007837535714285714,0.01080845238095238,0.013366666666666667,0.015615476190476192,0.017575,0.019287142857142857,0.020700714285714288,0.021886785714285713,0.022763809523809526,0.02361940476190476,0.024248928571428574,0.024826785714285718,0.02520845238095238,0.025517976190476188,0.02571392857142857,0.02597178571428571,0.02619869047619048,0.02627095238095238,0.0263225,0.026384166666666667,0.02645630952380952,0.026497857142857142,0.02655952380952381,0.026735119047619046,0.02679654761904762,0.02684857142857143,0.02690011904761905,0.026858690476190477,0.026837976190476193,0.02684857142857143,0.026879285714285717,0.02687904761904762,0.026838214285714288,0.026869761904761907,0.026796785714285714,0.02681738095238095,0.02679702380952381,0.026869523809523812,0.026807023809523812,0.026827380952380953,0.02686892857142857,0.026796785714285714,0.02693059523809524,0.02692083333333333,0.02709619047619048,0.027075000000000002,0.027096428571428573,0.027034047619047617,0.027075238095238097,0.026971785714285716,0.027044523809523813,0.02694142857142857,0.026879285714285717,0.02695142857142857,0.026869166666666666,0.02692107142857143,0.026848809523809525,0.026869166666666666,0.026879285714285717,0.02695178571428572,0.02706547619047619,0.02696202380952381,0.02711654761904762,0.02714714285714286,0.027188928571428572,0.027199047619047623,0.02716857142857143,0.02713714285714286,0.027219404761904764,0.02702416666666667,0.027261428571428572,0.02714714285714286,0.027199285714285714,0.02728214285714286,0.027209880952380954,0.027116785714285715,0.027147738095238093,0.027116785714285715,0.027116785714285715,0.027260952380952382,0.027240357142857143,0.027095833333333333,0.027127142857142857,0.02713714285714286,0.027075833333333337,0.02706547619047619,0.02708559523809524,0.027013333333333334,0.027013333333333334,0.02697214285714286,0.026817857142857147,0.026827380952380953,0.026910238095238098,0.026869166666666666,0.02684833333333334,0.026951190476190476,0.026889642857142855,0.02692083333333333,0.02686892857142857,0.026837976190476193,0.02694142857142857,0.027044523809523813,0.027095833333333333,0.027034285714285716,0.02708583333333333,0.027126785714285718,0.02700357142857143,0.02700309523809524,0.02702416666666667,0.02701357142857143,0.027034285714285716,0.02703369047619048,0.02698261904761905,0.02706547619047619,0.02700309523809524,0.027044523809523813,0.026962261904761906,0.027044523809523813,0.02693107142857143,0.026972380952380956,0.026972619047619047,0.026983214285714287,0.027013928571428574,0.027055119047619047]},"voc":{"unit":"V","value":1.0599780005993074},"jsc":{"unit":"mA\/cm2","value":22.7088},"fill_factor":{"unit":"%","value":80.14514358784311},"cell_dimension":{"value":0.84,"unit":"cm2"},"sweep_direction":{"unit":"","value":"Reverse"},"key":"Reverse_REV4 5m ntf2 1.5_231123"},{"V":{"value":[1.5,1.49,1.48,1.47,1.46,1.45,1.44,1.43,1.42,1.41,1.4,1.39,1.38,1.37,1.36,1.35,1.34,1.33,1.32,1.31,1.3,1.29,1.28,1.27,1.26,1.25,1.24,1.23,1.22,1.21,1.2,1.19,1.18,1.17,1.16,1.15,1.14,1.13,1.12,1.11,1.1,1.09,1.08,1.07,1.06,1.05,1.04,1.03,1.02,1.01,1,0.99,0.98,0.97,0.96,0.95,0.94,0.93,0.92,0.91,0.9,0.89,0.88,0.87,0.86,0.85,0.84,0.83,0.82,0.81,0.8,0.79,0.78,0.77,0.76,0.75,0.74,0.73,0.72,0.71,0.7,0.69,0.68,0.67,0.66,0.65,0.64,0.63,0.62,0.61,0.6,0.59,0.58,0.57,0.56,0.55,0.54,0.53,0.52,0.51,0.5,0.49,0.48,0.47,0.46,0.45,0.44,0.43,0.42,0.41,0.4,0.39,0.38,0.37,0.36,0.35,0.34,0.33,0.32,0.31,0.3,0.29,0.28,0.27,0.26,0.25,0.24,0.23,0.22,0.21,0.2,0.19,0.18,0.17,0.16,0.15,0.14,0.13,0.12,0.11,0.1,0.09,0.08,0.07,0.06,0.05,0.04,0.03,0.02,0.01,0,-0.01,-0.02,-0.03,-0.04,-0.05,-0.06,-0.07,-0.08,-0.09,-0.1,-0.11,-0.12,-0.13,-0.14,-0.15,-0.16,-0.17,-0.18,-0.19,-0.2],"unit":"V"},"J":{"value":[-0.136881,-0.18138900000000002,-0.20048500000000002,-0.209846,-0.214811,-0.21765700000000002,-0.219319,-0.220292,-0.22037,-0.219832,-0.218712,-0.216971,-0.214627,-0.211477,-0.20782499999999998,-0.203613,-0.198774,-0.193524,-0.187774,-0.18162999999999999,-0.175112,-0.16817,-0.161094,-0.153734,-0.146023,-0.138181,-0.130236,-0.122194,-0.113981,-0.105707,-0.09745569999999999,-0.0893012,-0.0810279,-0.07294339999999999,-0.0649103,-0.057329099999999994,-0.0497294,-0.04246,-0.035545,-0.0290117,-0.0226861,-0.016794299999999998,-0.0115174,-0.00663895,-0.00221111,0.00168811,0.00520611,0.0082042,0.010751799999999999,0.0128402,0.0146513,0.0160725,0.0173463,0.0184206,0.0192176,0.019850000000000003,0.020430700000000003,0.020872699999999998,0.0212799,0.0215919,0.021695799999999998,0.0219647,0.0221029,0.022164000000000003,0.0223108,0.022319299999999997,0.022406600000000002,0.0224584,0.022493,0.0225188,0.0225104,0.0225275,0.0226401,0.0226406,0.0226575,0.0226495,0.022753,0.022674600000000003,0.022761700000000003,0.022744499999999997,0.022770099999999998,0.022787199999999997,0.022744800000000003,0.0227357,0.022727,0.0227272,0.022822299999999997,0.022805,0.0227708,0.0228659,0.0228656,0.022778800000000002,0.0229176,0.0228136,0.0229261,0.022908500000000002,0.022909,0.0229438,0.0228916,0.023047599999999998,0.023012499999999998,0.0230823,0.0230823,0.0231083,0.0231598,0.0230736,0.0230912,0.0230303,0.0230558,0.022952300000000002,0.0230129,0.023039200000000003,0.0230216,0.0230651,0.023142700000000002,0.0231345,0.023116900000000003,0.0230736,0.023064699999999997,0.0231172,0.0230654,0.0230914,0.023082000000000002,0.0229432,0.0228914,0.0228921,0.022987200000000003,0.0230218,0.022987200000000003,0.0229263,0.0228656,0.0228132,0.022805199999999998,0.022857199999999998,0.0229263,0.022917200000000002,0.0229696,0.0229609,0.0228654,0.022900300000000002,0.0228485,0.0228392,0.022883,0.0228743,0.0227965,0.022822099999999998,0.0228396,0.022839400000000003,0.022883,0.0228656,0.0229263,0.022900300000000002,0.0229614,0.022874500000000002,0.0228048,0.0228656,0.022865200000000002,0.0228827,0.0228396,0.0227532,0.0226577,0.0226663,0.022727,0.0227359,0.022736100000000002,0.022709700000000003,0.022761399999999998,0.0228139,0.022831,0.0228743,0.022909199999999998],"unit":"A\/cm2"},"P":{"value":[205.321,270.27,296.718,308.474,313.624,315.603,315.819,315.017,312.925,309.964,306.197,301.589,296.185,289.724,282.641,274.878,266.358,257.386,247.861,237.935,227.646,216.939,206.2,195.242,183.988,172.726,161.493,150.299,139.057,127.905,116.947,106.268,95.6129,85.3438,75.296,65.9285,56.6916,47.9798,39.8104,32.2029,24.9547,18.3058,12.4388,7.10367,2.34378,-1.77252,-5.41435,-8.45033,-10.9669,-12.9686,-14.6513,-15.9118,-16.9994,-17.868,-18.4489,-18.8575,-19.2049,-19.4116,-19.5775,-19.6486,-19.5263,-19.5486,-19.4505,-19.2827,-19.1873,-18.9714,-18.8215,-18.6404,-18.4443,-18.2402,-18.0083,-17.7967,-17.6593,-17.4332,-17.2197,-16.9871,-16.8372,-16.5524,-16.3884,-16.1486,-15.9391,-15.7232,-15.4664,-15.2329,-14.9998,-14.7727,-14.6063,-14.3671,-14.1179,-13.9482,-13.7194,-13.4395,-13.2922,-13.0038,-12.8386,-12.5997,-12.3708,-12.1602,-11.9036,-11.7543,-11.5062,-11.3103,-11.0795,-10.8609,-10.6535,-10.3831,-10.1601,-9.90302,-9.68344,-9.41044,-9.20517,-8.98527,-8.74821,-8.53411,-8.33137,-8.09707,-7.85975,-7.61429,-7.3807,-7.16632,-6.91962,-6.6965,-6.46297,-6.19466,-5.95177,-5.72302,-5.51692,-5.29502,-5.05718,-4.81452,-4.57313,-4.33451,-4.10494,-3.88572,-3.66821,-3.43758,-3.21575,-2.98492,-2.74385,-2.51903,-2.28485,-2.05553,-1.83064,-1.6012,-1.36779,-1.1411,-0.913586,-0.685182,-0.457659,-0.228656,0,0.229003,0.459228,0.686236,0.91219,1.14328,1.37191,1.60179,1.82717,2.04779,2.26577,2.4933,2.72724,2.95566,3.18305,3.40645,3.64183,3.87836,4.10957,4.34612,4.58184],"unit":"mW\/cm2"},"efficiency":{"unit":"%","value":19.6486},"I":{"unit":"A","value":[-0.16295357142857145,-0.21593928571428575,-0.23867261904761908,-0.2498166666666667,-0.25572738095238096,-0.2591154761904762,-0.2610940476190476,-0.26225238095238096,-0.26234523809523813,-0.26170476190476194,-0.2603714285714286,-0.2582988095238095,-0.25550833333333334,-0.25175833333333336,-0.24741071428571426,-0.24239642857142857,-0.2366357142857143,-0.2303857142857143,-0.2235404761904762,-0.21622619047619046,-0.20846666666666666,-0.20020238095238094,-0.1917785714285714,-0.1830166666666667,-0.17383690476190475,-0.16450119047619047,-0.15504285714285715,-0.1454690476190476,-0.13569166666666668,-0.12584166666666666,-0.11601869047619047,-0.10631095238095238,-0.09646178571428572,-0.08683738095238094,-0.07727416666666667,-0.06824892857142857,-0.059201666666666666,-0.05054761904761905,-0.042315476190476195,-0.0345377380952381,-0.027007261904761905,-0.019993214285714284,-0.013711190476190478,-0.007903511904761905,-0.0026322738095238096,0.002009654761904762,0.00619775,0.009766904761904763,0.012799761904761904,0.015285952380952381,0.01744202380952381,0.019133928571428573,0.02065035714285714,0.021929285714285714,0.02287809523809524,0.023630952380952384,0.02432226190476191,0.024848452380952377,0.02533321428571429,0.02570464285714286,0.02582833333333333,0.026148452380952383,0.026312976190476192,0.02638571428571429,0.02656047619047619,0.026570595238095237,0.026674523809523815,0.026736190476190476,0.026777380952380952,0.02680809523809524,0.02679809523809524,0.02681845238095238,0.0269525,0.026953095238095238,0.026973214285714288,0.026963690476190478,0.02708690476190476,0.026993571428571433,0.02709726190476191,0.027076785714285713,0.027107261904761905,0.027127619047619046,0.027077142857142862,0.027066309523809527,0.027055952380952382,0.027056190476190477,0.02716940476190476,0.027148809523809523,0.02710809523809524,0.027221309523809526,0.02722095238095238,0.02711761904761905,0.027282857142857143,0.02715904761904762,0.027292976190476194,0.027272023809523812,0.027272619047619046,0.02731404761904762,0.027251904761904765,0.027437619047619047,0.02739583333333333,0.02747892857142857,0.02747892857142857,0.027509880952380952,0.02757119047619048,0.02746857142857143,0.02748952380952381,0.02741702380952381,0.027447380952380956,0.02732416666666667,0.027396309523809524,0.02742761904761905,0.027406666666666666,0.027458452380952385,0.027550833333333337,0.02754107142857143,0.02752011904761905,0.02746857142857143,0.02745797619047619,0.027520476190476192,0.027458809523809524,0.02748976190476191,0.027478571428571432,0.027313333333333335,0.027251666666666667,0.0272525,0.02736571428571429,0.02740690476190476,0.02736571428571429,0.027293214285714285,0.02722095238095238,0.027158571428571428,0.027149047619047618,0.02721095238095238,0.027293214285714285,0.027282380952380957,0.027344761904761906,0.02733440476190476,0.02722071428571429,0.027262261904761907,0.02720059523809524,0.027189523809523813,0.027241666666666668,0.027231309523809526,0.02713869047619048,0.027169166666666664,0.027190000000000002,0.027189761904761908,0.027241666666666668,0.02722095238095238,0.027293214285714285,0.027262261904761907,0.027335,0.027231547619047624,0.027148571428571428,0.02722095238095238,0.027220476190476194,0.027241309523809522,0.027190000000000002,0.027087142857142858,0.026973452380952383,0.026983690476190477,0.027055952380952382,0.02706654761904762,0.027066785714285717,0.027035357142857146,0.02709690476190476,0.027159404761904763,0.027179761904761908,0.027231309523809526,0.02727285714285714]},"voc":{"unit":"V","value":1.0599789860610769},"jsc":{"unit":"mA\/cm2","value":22.9263},"fill_factor":{"unit":"%","value":80.8537905211148},"cell_dimension":{"value":0.84,"unit":"cm2"},"sweep_direction":{"unit":"","value":"Reverse"},"key":"Reverse_REV3 5m ntf2 1.5_231123"},{"V":{"value":[1.5,1.49,1.48,1.47,1.46,1.45,1.44,1.43,1.42,1.41,1.4,1.39,1.38,1.37,1.36,1.35,1.34,1.33,1.32,1.31,1.3,1.29,1.28,1.27,1.26,1.25,1.24,1.23,1.22,1.21,1.2,1.19,1.18,1.17,1.16,1.15,1.14,1.13,1.12,1.11,1.1,1.09,1.08,1.07,1.06,1.05,1.04,1.03,1.02,1.01,1,0.99,0.98,0.97,0.96,0.95,0.94,0.93,0.92,0.91,0.9,0.89,0.88,0.87,0.86,0.85,0.84,0.83,0.82,0.81,0.8,0.79,0.78,0.77,0.76,0.75,0.74,0.73,0.72,0.71,0.7,0.69,0.68,0.67,0.66,0.65,0.64,0.63,0.62,0.61,0.6,0.59,0.58,0.57,0.56,0.55,0.54,0.53,0.52,0.51,0.5,0.49,0.48,0.47,0.46,0.45,0.44,0.43,0.42,0.41,0.4,0.39,0.38,0.37,0.36,0.35,0.34,0.33,0.32,0.31,0.3,0.29,0.28,0.27,0.26,0.25,0.24,0.23,0.22,0.21,0.2,0.19,0.18,0.17,0.16,0.15,0.14,0.13,0.12,0.11,0.1,0.09,0.08,0.07,0.06,0.05,0.04,0.03,0.02,0.01,0,-0.01,-0.02,-0.03,-0.04,-0.05,-0.06,-0.07,-0.08,-0.09,-0.1,-0.11,-0.12,-0.13,-0.14,-0.15,-0.16,-0.17,-0.18,-0.19,-0.2],"unit":"V"},"J":{"value":[-0.192684,-0.216808,-0.218829,-0.217378,-0.21587299999999998,-0.214848,-0.21414,-0.213691,-0.213392,-0.212968,-0.212387,-0.21147300000000002,-0.210061,-0.20836000000000002,-0.206186,-0.203456,-0.20024799999999998,-0.19656800000000002,-0.192549,-0.18796600000000002,-0.182916,-0.177464,-0.17013,-0.163912,-0.157246,-0.15034899999999998,-0.143264,-0.135855,-0.12812700000000002,-0.120354,-0.112462,-0.104462,-0.0963785,-0.08830299999999999,-0.0804276,-0.0725066,-0.06470050000000001,-0.0571715,-0.0499359,-0.04297,-0.0362025,-0.0299555,-0.0241499,-0.01883,-0.013856299999999998,-0.00942879,-0.00545158,-0.00191647,0.00115952,0.00383696,0.00615042,0.00815205,0.00992825,0.0114707,0.0127531,0.013931599999999999,0.0149018,0.015855,0.0166784,0.0173628,0.0179692,0.0185065,0.018974599999999998,0.019468199999999998,0.0198669,0.0201613,0.0205428,0.020863399999999997,0.0210971,0.021218599999999997,0.021461099999999997,0.021625699999999998,0.021738499999999997,0.0219027,0.022041799999999997,0.022041599999999998,0.0221025,0.0221978,0.022197500000000002,0.0222753,0.022284199999999997,0.0223018,0.0223533,0.022414200000000002,0.022475000000000002,0.022474599999999997,0.022509699999999997,0.0224664,0.0225528,0.0225359,0.022561499999999998,0.0225961,0.0226226,0.0225701,0.022587299999999998,0.0225528,0.022656600000000002,0.022509499999999998,0.0225441,0.022561499999999998,0.022561499999999998,0.0225355,0.022639500000000003,0.0226139,0.0226132,0.022631000000000002,0.022587700000000002,0.0225528,0.022501,0.0225706,0.0225359,0.022561499999999998,0.022631000000000002,0.0226481,0.022700099999999997,0.0227432,0.022674600000000003,0.022743700000000002,0.0227868,0.0227434,0.0227177,0.0226741,0.0226739,0.022657,0.022674299999999998,0.022656600000000002,0.0226137,0.022631000000000002,0.022674299999999998,0.022604600000000002,0.0226828,0.022717400000000002,0.022579000000000002,0.0226657,0.022613499999999998,0.022604600000000002,0.0226048,0.0226048,0.0226306,0.0225701,0.022674299999999998,0.0225961,0.022648599999999998,0.022657,0.022587700000000002,0.0226481,0.0226137,0.0226137,0.0226221,0.0226137,0.0226657,0.0226919,0.022579000000000002,0.022700099999999997,0.022639500000000003,0.0226741,0.0227956,0.0227352,0.022804500000000002,0.0227434,0.022639700000000002,0.0226221,0.022553,0.0225357,0.0225359,0.022622399999999997,0.022657,0.022674600000000003,0.022717400000000002,0.0226914,0.022631000000000002],"unit":"A\/cm2"},"P":{"value":[289.026,323.045,323.867,319.546,315.174,311.53,308.361,305.578,303.017,300.285,297.342,293.947,289.884,285.454,280.412,274.666,268.333,261.435,254.165,246.235,237.791,228.928,217.767,208.169,198.13,187.936,177.648,167.101,156.315,145.628,134.955,124.309,113.727,103.315,93.296,83.3826,73.7586,64.6038,55.9282,47.6967,39.8227,32.6515,26.0819,20.1481,14.6877,9.90023,5.66964,1.97396,-1.18272,-3.87533,-6.15042,-8.07053,-9.72969,-11.1266,-12.243,-13.2351,-14.0077,-14.7451,-15.3442,-15.8001,-16.1722,-16.4708,-16.6977,-16.9373,-17.0856,-17.1371,-17.2559,-17.3166,-17.2996,-17.1871,-17.1688,-17.0843,-16.9561,-16.8651,-16.7518,-16.5312,-16.3558,-16.2044,-15.9822,-15.8155,-15.5989,-15.3882,-15.2003,-15.0175,-14.8335,-14.6085,-14.4062,-14.1538,-13.9827,-13.7469,-13.5369,-13.3317,-13.1211,-12.865,-12.6489,-12.404,-12.2345,-11.93,-11.723,-11.5064,-11.2807,-11.0424,-10.8669,-10.6285,-10.4021,-10.184,-9.93858,-9.69771,-9.45044,-9.25394,-9.01437,-8.79898,-8.59979,-8.37981,-8.17204,-7.96012,-7.70935,-7.50541,-7.29176,-7.05046,-6.8153,-6.57549,-6.34869,-6.11739,-5.89533,-5.66414,-5.42728,-5.20513,-4.98836,-4.74696,-4.53656,-4.31631,-4.06423,-3.85316,-3.61815,-3.39069,-3.16467,-2.93862,-2.71567,-2.48271,-2.26743,-2.03365,-1.81188,-1.58599,-1.35526,-1.13241,-0.904547,-0.67841,-0.452443,-0.226137,0,0.226919,0.451581,0.681003,0.905578,1.13371,1.36774,1.59146,1.82436,2.04691,2.26397,2.48843,2.70636,2.92964,3.15503,3.39335,3.62512,3.85468,4.08914,4.31137,4.5262],"unit":"mW\/cm2"},"efficiency":{"unit":"%","value":17.3166},"I":{"unit":"A","value":[-0.22938571428571428,-0.2581047619047619,-0.2605107142857143,-0.2587833333333333,-0.2569916666666667,-0.2557714285714286,-0.25492857142857145,-0.2543940476190476,-0.25403809523809523,-0.25353333333333333,-0.2528416666666667,-0.25175357142857147,-0.25007261904761907,-0.24804761904761907,-0.24545952380952382,-0.24220952380952382,-0.23839047619047618,-0.23400952380952383,-0.229225,-0.22376904761904765,-0.21775714285714287,-0.21126666666666669,-0.2025357142857143,-0.19513333333333335,-0.18719761904761906,-0.17898690476190474,-0.17055238095238096,-0.16173214285714288,-0.1525321428571429,-0.14327857142857145,-0.13388333333333335,-0.12435952380952381,-0.11473630952380953,-0.10512261904761905,-0.09574714285714286,-0.08631738095238096,-0.07702440476190478,-0.06806130952380952,-0.0594475,-0.05115476190476191,-0.04309821428571429,-0.035661309523809526,-0.02874988095238095,-0.022416666666666668,-0.016495595238095236,-0.01122475,-0.006489976190476191,-0.0022815119047619047,0.0013803809523809524,0.004567809523809524,0.007321928571428572,0.009704821428571427,0.011819345238095238,0.01365559523809524,0.015182261904761905,0.016585238095238094,0.017740238095238097,0.018875000000000003,0.019855238095238096,0.02067,0.021391904761904765,0.022031547619047617,0.02258880952380952,0.02317642857142857,0.023651071428571428,0.02400154761904762,0.024455714285714285,0.02483738095238095,0.02511559523809524,0.025260238095238093,0.02554892857142857,0.02574488095238095,0.025879166666666665,0.02607464285714286,0.02624023809523809,0.02624,0.026312500000000003,0.026425952380952383,0.02642559523809524,0.026518214285714287,0.02652880952380952,0.026549761904761906,0.02661107142857143,0.02668357142857143,0.026755952380952384,0.026755476190476187,0.026797261904761904,0.02674571428571429,0.02684857142857143,0.026828452380952383,0.026858928571428572,0.02690011904761905,0.026931666666666666,0.026869166666666666,0.026889642857142855,0.02684857142857143,0.02697214285714286,0.02679702380952381,0.026838214285714288,0.026858928571428572,0.026858928571428572,0.02682797619047619,0.02695178571428572,0.026921309523809524,0.026920476190476193,0.02694166666666667,0.02689011904761905,0.02684857142857143,0.026786904761904762,0.026869761904761907,0.026828452380952383,0.026858928571428572,0.02694166666666667,0.02696202380952381,0.02702392857142857,0.027075238095238097,0.026993571428571433,0.027075833333333337,0.027127142857142857,0.02707547619047619,0.027044880952380952,0.02699297619047619,0.026992738095238097,0.026972619047619047,0.026993214285714284,0.02697214285714286,0.02692107142857143,0.02694166666666667,0.026993214285714284,0.026910238095238098,0.027003333333333334,0.027044523809523813,0.026879761904761906,0.026982976190476193,0.02692083333333333,0.026910238095238098,0.026910476190476193,0.026910476190476193,0.02694119047619048,0.026869166666666666,0.026993214285714284,0.02690011904761905,0.026962619047619048,0.026972619047619047,0.02689011904761905,0.02696202380952381,0.02692107142857143,0.02692107142857143,0.02693107142857143,0.02692107142857143,0.026982976190476193,0.02701416666666667,0.026879761904761906,0.02702392857142857,0.02695178571428572,0.02699297619047619,0.02713761904761905,0.027065714285714287,0.02714821428571429,0.02707547619047619,0.026952023809523815,0.02693107142857143,0.026848809523809525,0.026828214285714285,0.026828452380952383,0.026931428571428568,0.026972619047619047,0.026993571428571433,0.027044523809523813,0.02701357142857143,0.02694166666666667]},"voc":{"unit":"V","value":1.0299812463145837},"jsc":{"unit":"mA\/cm2","value":22.6657},"fill_factor":{"unit":"%","value":74.17613011452859},"cell_dimension":{"value":0.84,"unit":"cm2"},"sweep_direction":{"unit":"","value":"Reverse"},"key":"Reverse_REV2 5m ntf2 1.5_231123"},{"V":{"value":[1.5,1.49,1.48,1.47,1.46,1.45,1.44,1.43,1.42,1.41,1.4,1.39,1.38,1.37,1.36,1.35,1.34,1.33,1.32,1.31,1.3,1.29,1.28,1.27,1.26,1.25,1.24,1.23,1.22,1.21,1.2,1.19,1.18,1.17,1.16,1.15,1.14,1.13,1.12,1.11,1.1,1.09,1.08,1.07,1.06,1.05,1.04,1.03,1.02,1.01,1,0.99,0.98,0.97,0.96,0.95,0.94,0.93,0.92,0.91,0.9,0.89,0.88,0.87,0.86,0.85,0.84,0.83,0.82,0.81,0.8,0.79,0.78,0.77,0.76,0.75,0.74,0.73,0.72,0.71,0.7,0.69,0.68,0.67,0.66,0.65,0.64,0.63,0.62,0.61,0.6,0.59,0.58,0.57,0.56,0.55,0.54,0.53,0.52,0.51,0.5,0.49,0.48,0.47,0.46,0.45,0.44,0.43,0.42,0.41,0.4,0.39,0.38,0.37,0.36,0.35,0.34,0.33,0.32,0.31,0.3,0.29,0.28,0.27,0.26,0.25,0.24,0.23,0.22,0.21,0.2,0.19,0.18,0.17,0.16,0.15,0.14,0.13,0.12,0.11,0.1,0.09,0.08,0.07,0.06,0.05,0.04,0.03,0.02,0.01,0,-0.01,-0.02,-0.03,-0.04,-0.05,-0.06,-0.07,-0.08,-0.09,-0.1,-0.11,-0.12,-0.13,-0.14,-0.15,-0.16,-0.17,-0.18,-0.19,-0.2],"unit":"V"},"J":{"value":[-0.138741,-0.14707699999999999,-0.146607,-0.144734,-0.142406,-0.14008400000000001,-0.137742,-0.135483,-0.133046,-0.130881,-0.128751,-0.126556,-0.124277,-0.122006,-0.119783,-0.117487,-0.11506699999999999,-0.112705,-0.110122,-0.10757299999999999,-0.104877,-0.101994,-0.09900289999999999,-0.0958604,-0.092488,-0.0889606,-0.0853484,-0.0814241,-0.0772635,-0.07295,-0.06849630000000001,-0.0638687,-0.0590592,-0.0541984,-0.049312600000000005,-0.044313000000000005,-0.0392528,-0.0343132,-0.0294617,-0.0246876,-0.0199909,-0.0155288,-0.0113087,-0.00732348,-0.00351075,-9.687560000000001e-5,0.0029964699999999998,0.005803829999999999,0.00827336,0.0104048,0.0121983,0.0138103,0.0150926,0.0161842,0.017042,0.0178049,0.018411200000000003,0.018887599999999997,0.019311599999999998,0.0196239,0.019927800000000002,0.0201789,0.0203435,0.0204303,0.0205722,0.0206988,0.020776700000000002,0.020863,0.0209756,0.0211145,0.0211233,0.0212271,0.0212795,0.0213744,0.0214004,0.0214177,0.0214782,0.0214957,0.0214875,0.0215048,0.0215219,0.021521699999999998,0.0215395,0.021513,0.021591000000000003,0.021617,0.021617,0.0216086,0.0216952,0.0217123,0.0216428,0.0216952,0.0216779,0.0217127,0.021773,0.021799199999999998,0.0216432,0.0217819,0.0216952,0.0217123,0.021720800000000002,0.021712099999999998,0.0217299,0.0216603,0.0217468,0.0217123,0.0217299,0.021720800000000002,0.0217907,0.0217647,0.0217905,0.021825,0.021799199999999998,0.0218425,0.0218767,0.021929200000000003,0.0218683,0.021886299999999997,0.0219205,0.0219027,0.0218683,0.0218598,0.0218598,0.0218947,0.0218856,0.021903199999999998,0.0219378,0.021928899999999998,0.0219203,0.0219374,0.021929200000000003,0.0219378,0.0219467,0.0219378,0.0219205,0.0219294,0.021946300000000002,0.0218856,0.0219549,0.0219207,0.021980899999999998,0.0218601,0.0218421,0.0218334,0.0218078,0.021842300000000002,0.0218425,0.0218772,0.021946300000000002,0.0220071,0.0220154,0.0220762,0.0220851,0.0221458,0.0221542,0.022093599999999998,0.022041799999999997,0.0220156,0.0219547,0.0218338,0.021816299999999997,0.0218336,0.0218687,0.0219118,0.0220071,0.0220154,0.022041599999999998,0.022006900000000003,0.021989599999999998,0.0219636,0.0219636],"unit":"A\/cm2"},"P":{"value":[208.112,219.144,216.979,212.76,207.913,203.122,198.349,193.741,188.925,184.542,180.251,175.913,171.503,167.148,162.905,158.607,154.19,149.897,145.361,140.921,136.341,131.572,126.724,121.743,116.535,111.201,105.832,100.152,94.2614,88.2694,82.1955,76.0037,69.6899,63.4122,57.2026,50.96,44.7482,38.774,32.9971,27.4033,21.99,16.9264,12.2134,7.83612,3.72139,0.101719,-3.11633,-5.97794,-8.43883,-10.5089,-12.1983,-13.6722,-14.7907,-15.6987,-16.3603,-16.9146,-17.3066,-17.5655,-17.7667,-17.8578,-17.935,-17.9592,-17.9023,-17.7744,-17.6921,-17.5939,-17.4525,-17.3163,-17.2,-17.1027,-16.8987,-16.7694,-16.598,-16.4583,-16.2643,-16.0633,-15.8938,-15.6919,-15.471,-15.2684,-15.0653,-14.85,-14.6468,-14.4137,-14.2501,-14.0511,-13.8349,-13.6134,-13.451,-13.2445,-12.9857,-12.8002,-12.5732,-12.3763,-12.1929,-11.9896,-11.6873,-11.5444,-11.2815,-11.0733,-10.8604,-10.6389,-10.4303,-10.1804,-10.0035,-9.77055,-9.56115,-9.33994,-9.15211,-8.92354,-8.71621,-8.51174,-8.28369,-8.08173,-7.87563,-7.67521,-7.43522,-7.22247,-7.01456,-6.78985,-6.56049,-6.33935,-6.12075,-5.91157,-5.69026,-5.47579,-5.26508,-5.04366,-4.82246,-4.60685,-4.38583,-4.16819,-3.95041,-3.72943,-3.50728,-3.28941,-3.07248,-2.84513,-2.63459,-2.41128,-2.19809,-1.96741,-1.74737,-1.52834,-1.30847,-1.09211,-0.8737,-0.656315,-0.438926,-0.220071,0,0.220762,0.441702,0.664374,0.886169,1.10468,1.32251,1.54109,1.75638,1.96505,2.18163,2.4017,2.62425,2.84854,3.081,3.30231,3.52665,3.74118,3.95813,4.17309,4.39272],"unit":"mW\/cm2"},"efficiency":{"unit":"%","value":17.9592},"I":{"unit":"A","value":[-0.16516785714285714,-0.17509166666666665,-0.17453214285714286,-0.17230238095238096,-0.1695309523809524,-0.1667666666666667,-0.16397857142857145,-0.16128928571428572,-0.15838809523809524,-0.15581071428571427,-0.15327500000000002,-0.15066190476190477,-0.14794880952380954,-0.1452452380952381,-0.14259880952380952,-0.13986547619047618,-0.1369845238095238,-0.13417261904761904,-0.13109761904761905,-0.12806309523809523,-0.12485357142857142,-0.12142142857142858,-0.11786059523809524,-0.11411952380952381,-0.11010476190476191,-0.10590547619047619,-0.10160523809523811,-0.09693345238095238,-0.09198035714285714,-0.0868452380952381,-0.0815432142857143,-0.07603416666666667,-0.07030857142857143,-0.06452190476190477,-0.0587054761904762,-0.052753571428571434,-0.04672952380952381,-0.040849047619047625,-0.035073452380952386,-0.029390000000000003,-0.023798690476190477,-0.01848666666666667,-0.013462738095238095,-0.008718428571428571,-0.0041794642857142855,-0.00011532809523809526,0.0035672261904761905,0.006909321428571428,0.009849238095238097,0.012386666666666667,0.014521785714285716,0.01644083333333333,0.017967380952380953,0.019266904761904763,0.02028809523809524,0.021196309523809524,0.021918095238095243,0.022485238095238093,0.02299,0.023361785714285713,0.02372357142857143,0.0240225,0.024218452380952382,0.024321785714285712,0.024490714285714286,0.02464142857142857,0.02473416666666667,0.02483690476190476,0.024970952380952382,0.025136309523809526,0.025146785714285715,0.025270357142857143,0.025332738095238096,0.02544571428571429,0.02547666666666667,0.025497261904761908,0.025569285714285715,0.02559011904761905,0.025580357142857144,0.025600952380952384,0.025621309523809525,0.025621071428571427,0.025642261904761904,0.02561071428571429,0.025703571428571433,0.02573452380952381,0.02573452380952381,0.025724523809523808,0.02582761904761905,0.025847976190476192,0.025765238095238098,0.02582761904761905,0.02580702380952381,0.025848452380952385,0.025920238095238097,0.02595142857142857,0.025765714285714288,0.025930833333333334,0.02582761904761905,0.025847976190476192,0.025858095238095243,0.025847738095238094,0.025868928571428574,0.02578607142857143,0.02588904761904762,0.025847976190476192,0.025868928571428574,0.025858095238095243,0.025941309523809523,0.025910357142857145,0.02594107142857143,0.02598214285714286,0.02595142857142857,0.02600297619047619,0.026043690476190477,0.02610619047619048,0.026033690476190478,0.026055119047619046,0.026095833333333332,0.02607464285714286,0.026033690476190478,0.026023571428571427,0.026023571428571427,0.02606511904761905,0.026054285714285717,0.026075238095238092,0.02611642857142857,0.02610583333333333,0.02609559523809524,0.026115952380952382,0.02610619047619048,0.02611642857142857,0.02612702380952381,0.02611642857142857,0.026095833333333332,0.026106428571428576,0.026126547619047622,0.026054285714285717,0.026136785714285713,0.02609607142857143,0.026167738095238095,0.026023928571428573,0.0260025,0.025992142857142856,0.025961666666666668,0.0260027380952381,0.02600297619047619,0.026044285714285714,0.026126547619047622,0.026198928571428574,0.026208809523809527,0.02628119047619048,0.026291785714285715,0.02636404761904762,0.02637404761904762,0.02630190476190476,0.02624023809523809,0.02620904761904762,0.026136547619047622,0.02599261904761905,0.02597178571428571,0.025992380952380954,0.02603416666666667,0.02608547619047619,0.026198928571428574,0.026208809523809527,0.02624,0.02619869047619048,0.026178095238095236,0.02614714285714286,0.02614714285714286]},"voc":{"unit":"V","value":1.0499990685906067},"jsc":{"unit":"mA\/cm2","value":22.0154},"fill_factor":{"unit":"%","value":77.69113971233294},"cell_dimension":{"value":0.84,"unit":"cm2"},"sweep_direction":{"unit":"","value":"Reverse"},"key":"Reverse_REV1 5m ntf2 1.5_231123"},{"V":{"value":[-0.2,-0.19,-0.18,-0.17,-0.16,-0.15,-0.14,-0.13,-0.12,-0.11,-0.1,-0.09,-0.08,-0.07,-0.06,-0.05,-0.04,-0.03,-0.02,-0.01,0,0.01,0.02,0.03,0.04,0.05,0.06,0.07,0.08,0.09,0.1,0.11,0.12,0.13,0.14,0.15,0.16,0.17,0.18,0.19,0.2,0.21,0.22,0.23,0.24,0.25,0.26,0.27,0.28,0.29,0.3,0.31,0.32,0.33,0.34,0.35,0.36,0.37,0.38,0.39,0.4,0.41,0.42,0.43,0.44,0.45,0.46,0.47,0.48,0.49,0.5,0.51,0.52,0.53,0.54,0.55,0.56,0.57,0.58,0.59,0.6,0.61,0.62,0.63,0.64,0.65,0.66,0.67,0.68,0.69,0.7,0.71,0.72,0.73,0.74,0.75,0.76,0.77,0.78,0.79,0.8,0.81,0.82,0.83,0.84,0.85,0.86,0.87,0.88,0.89,0.9,0.91,0.92,0.93,0.94,0.95,0.96,0.97,0.98,0.99,1,1.01,1.02,1.03,1.04,1.05,1.06,1.07,1.08,1.09,1.1,1.11,1.12,1.13,1.14,1.15,1.16,1.17,1.18,1.19,1.2,1.21,1.22,1.23,1.24,1.25,1.26,1.27,1.28,1.29,1.3,1.31,1.32,1.33,1.34,1.35,1.36,1.37,1.38,1.39,1.4,1.41,1.42,1.43,1.44,1.45,1.46,1.47,1.48,1.49,1.5],"unit":"V"},"J":{"value":[0.0228212,0.0228212,0.0228385,0.022821400000000002,0.0227779,0.0227781,0.0227779,0.0227348,0.0227605,0.0227177,0.0226997,0.0227779,0.022761,0.0227954,0.022786999999999998,0.0228216,0.0227776,0.022804099999999997,0.022821400000000002,0.0228559,0.0227697,0.0228559,0.0227865,0.0227434,0.0227692,0.0226826,0.0226306,0.022613499999999998,0.0226219,0.0225613,0.0226221,0.022561499999999998,0.0225441,0.0226479,0.0226488,0.022691,0.0227172,0.0227346,0.0227348,0.0226306,0.0225008,0.0225093,0.0224053,0.0223884,0.0223102,0.0223189,0.022335999999999998,0.022344899999999997,0.0222673,0.0222926,0.0222669,0.022284199999999997,0.022283999999999998,0.022249300000000003,0.0222322,0.0222058,0.022249300000000003,0.0221973,0.0222149,0.0222753,0.0221889,0.0222147,0.022197099999999997,0.022171299999999998,0.022084700000000002,0.0220758,0.022041599999999998,0.021946300000000002,0.0219025,0.021877,0.0218159,0.021703700000000003,0.0215735,0.021538599999999998,0.0215046,0.0213829,0.021261600000000002,0.0210967,0.0209408,0.0207503,0.0205337,0.020256299999999998,0.0199445,0.0196155,0.0192862,0.018861799999999998,0.0184632,0.0179951,0.017492399999999998,0.0169119,0.016435500000000002,0.0158291,0.015179,0.0145121,0.0138359,0.0131168,0.0124582,0.011722,0.0111325,0.0104915,0.00998024,0.00943427,0.00887115,0.00832535,0.00783146,0.007458719999999999,0.00702549,0.0065663200000000005,0.006107090000000001,0.0056911800000000005,0.0052319,0.00478134,0.00428749,0.00377627,0.0032390599999999998,0.0026151900000000003,0.00195665,0.00119415,0.000397007,-0.000556091,-0.00155252,-0.0027308799999999998,-0.00396997,-0.00538231,-0.00688989,-0.00853608,-0.0103125,-0.0122185,-0.014220100000000001,-0.0162998,-0.0183878,-0.0205019,-0.0225641,-0.0245656,-0.0263765,-0.0280834,-0.029591000000000003,-0.030891,-0.0320518,-0.0330745,-0.033932000000000004,-0.0346428,-0.0352487,-0.0357169,-0.0360548,-0.0365577,-0.036731,-0.036947299999999995,-0.037085900000000005,-0.037285200000000004,-0.0374238,-0.0375368,-0.0376751,-0.037718800000000004,-0.037909,-0.038039,-0.0381343,-0.038143,-0.0383159,-0.0384466,-0.038654600000000004,-0.0387672,-0.0388538,-0.0389925,-0.0392174,-0.039320999999999995,-0.039486400000000005,-0.0396585,-0.0397806,-0.040015300000000004,-0.0401441],"unit":"A\/cm2"},"P":{"value":[4.56424,4.33603,4.11093,3.87964,3.64446,3.41671,3.1889,2.95552,2.73127,2.49894,2.26997,2.05001,1.82088,1.59568,1.36722,1.14108,0.911106,0.684123,0.456428,0.228559,0,-0.228559,-0.455731,-0.682303,-0.910768,-1.13413,-1.35783,-1.58294,-1.80975,-2.03051,-2.26221,-2.48176,-2.7053,-2.94423,-3.17083,-3.40365,-3.63475,-3.86487,-4.09226,-4.29981,-4.50016,-4.72695,-4.92916,-5.14933,-5.35445,-5.57971,-5.80735,-6.03311,-6.23485,-6.46487,-6.68006,-6.9081,-7.13087,-7.34228,-7.55895,-7.77202,-8.00976,-8.21302,-8.44166,-8.68738,-8.87556,-9.10801,-9.32279,-9.53368,-9.71727,-9.93412,-10.1391,-10.3148,-10.5132,-10.7197,-10.9079,-11.0689,-11.2182,-11.4155,-11.6125,-11.7606,-11.9065,-12.0251,-12.1456,-12.2427,-12.3202,-12.3563,-12.3656,-12.3577,-12.3432,-12.2602,-12.1857,-12.0567,-11.8948,-11.6692,-11.5048,-11.2387,-10.9288,-10.5938,-10.2386,-9.83757,-9.46827,-9.02592,-8.68338,-8.28825,-7.98419,-7.64176,-7.27434,-6.91004,-6.57842,-6.33991,-6.04192,-5.7127,-5.37424,-5.06515,-4.70871,-4.35102,-3.94449,-3.51193,-3.04471,-2.48443,-1.87839,-1.15832,-0.389067,0.55053,1.55252,2.75818,4.04937,5.54378,7.16549,8.96288,10.9312,13.0738,15.3577,17.7667,20.2266,22.7571,25.2718,27.7591,30.0692,32.2959,34.3256,36.1425,37.8211,39.3587,40.7184,41.9178,43.0034,43.9318,44.708,45.6972,46.2811,46.923,47.4699,48.0979,48.651,49.1732,49.7311,50.166,50.7981,51.3527,51.8627,52.2559,52.8759,53.4408,54.1164,54.6618,55.1725,55.7593,56.473,57.0154,57.6501,58.298,58.8752,59.6228,60.2161],"unit":"mW\/cm2"},"efficiency":{"unit":"%","value":12.3656},"I":{"unit":"A","value":[0.027168095238095238,0.027168095238095238,0.027188690476190477,0.027168333333333336,0.02711654761904762,0.027116785714285715,0.02711654761904762,0.027065238095238097,0.027095833333333333,0.027044880952380952,0.02702345238095238,0.02711654761904762,0.027096428571428573,0.027137380952380954,0.02712738095238095,0.02716857142857143,0.027116190476190474,0.027147738095238093,0.027168333333333336,0.02720940476190476,0.027106785714285715,0.02720940476190476,0.027126785714285718,0.02707547619047619,0.027106190476190478,0.02700309523809524,0.02694119047619048,0.02692083333333333,0.026930833333333334,0.026858690476190477,0.02693107142857143,0.026858928571428572,0.026838214285714288,0.026961785714285712,0.026962857142857143,0.02701309523809524,0.027044285714285715,0.027065000000000002,0.027065238095238097,0.02694119047619048,0.02678666666666667,0.026796785714285714,0.02667297619047619,0.02665285714285714,0.026559761904761905,0.026570119047619047,0.02659047619047619,0.026601071428571425,0.026508690476190477,0.026538809523809524,0.026508214285714284,0.02652880952380952,0.02652857142857143,0.02648726190476191,0.026466904761904764,0.026435476190476193,0.02648726190476191,0.026425357142857143,0.026446309523809525,0.026518214285714287,0.026415357142857147,0.02644607142857143,0.026425119047619045,0.02639440476190476,0.026291309523809526,0.026280714285714286,0.02624,0.026126547619047622,0.02607440476190476,0.02604404761904762,0.025971309523809525,0.0258377380952381,0.025682738095238095,0.025641190476190474,0.025600714285714286,0.025455833333333334,0.025311428571428575,0.02511511904761905,0.024929523809523808,0.024702738095238097,0.02444488095238095,0.024114642857142855,0.023743452380952382,0.023351785714285717,0.022959761904761906,0.02245452380952381,0.02198,0.021422738095238095,0.020824285714285712,0.020133214285714286,0.019566071428571433,0.018844166666666665,0.018070238095238094,0.017276309523809524,0.016471309523809523,0.015615238095238095,0.014831190476190475,0.013954761904761906,0.013252976190476192,0.012489880952380954,0.011881238095238096,0.011231273809523809,0.010560892857142857,0.009911130952380953,0.009323166666666667,0.008879428571428571,0.00836367857142857,0.00781704761904762,0.007270345238095239,0.006775214285714286,0.006228452380952381,0.005692071428571429,0.005104154761904762,0.004495559523809524,0.003856023809523809,0.0031133214285714293,0.002329345238095238,0.0014216071428571429,0.00047262738095238096,-0.0006620130952380952,-0.0018482380952380953,-0.0032510476190476187,-0.004726154761904762,-0.0064075119047619054,-0.008202250000000001,-0.010162000000000001,-0.012276785714285716,-0.014545833333333334,-0.01692869047619048,-0.01940452380952381,-0.021890238095238095,-0.02440702380952381,-0.02686202380952381,-0.029244761904761905,-0.03140059523809524,-0.03343261904761905,-0.035227380952380954,-0.036775,-0.03815690476190476,-0.03937440476190476,-0.0403952380952381,-0.041241428571428575,-0.041962738095238095,-0.04252011904761905,-0.042922380952380955,-0.04352107142857143,-0.043727380952380955,-0.04398488095238095,-0.04414988095238096,-0.04438714285714286,-0.04455214285714286,-0.04468666666666667,-0.04485130952380953,-0.04490333333333334,-0.0451297619047619,-0.045284523809523816,-0.0453979761904762,-0.04540833333333334,-0.04561416666666667,-0.0457697619047619,-0.04601738095238096,-0.04615142857142857,-0.046254523809523815,-0.04641964285714286,-0.04668738095238095,-0.04681071428571428,-0.047007619047619055,-0.0472125,-0.047357857142857146,-0.04763726190476191,-0.04779059523809524]},"voc":{"unit":"V","value":0.9799959882194899},"jsc":{"unit":"mA\/cm2","value":22.7697},"fill_factor":{"unit":"%","value":55.415797474005934},"cell_dimension":{"value":0.84,"unit":"cm2"},"sweep_direction":{"unit":"","value":"Forward"},"key":"Forward_FWD4 5m ntf2 1.5_231123"},{"V":{"value":[-0.2,-0.19,-0.18,-0.17,-0.16,-0.15,-0.14,-0.13,-0.12,-0.11,-0.1,-0.09,-0.08,-0.07,-0.06,-0.05,-0.04,-0.03,-0.02,-0.01,0,0.01,0.02,0.03,0.04,0.05,0.06,0.07,0.08,0.09,0.1,0.11,0.12,0.13,0.14,0.15,0.16,0.17,0.18,0.19,0.2,0.21,0.22,0.23,0.24,0.25,0.26,0.27,0.28,0.29,0.3,0.31,0.32,0.33,0.34,0.35,0.36,0.37,0.38,0.39,0.4,0.41,0.42,0.43,0.44,0.45,0.46,0.47,0.48,0.49,0.5,0.51,0.52,0.53,0.54,0.55,0.56,0.57,0.58,0.59,0.6,0.61,0.62,0.63,0.64,0.65,0.66,0.67,0.68,0.69,0.7,0.71,0.72,0.73,0.74,0.75,0.76,0.77,0.78,0.79,0.8,0.81,0.82,0.83,0.84,0.85,0.86,0.87,0.88,0.89,0.9,0.91,0.92,0.93,0.94,0.95,0.96,0.97,0.98,0.99,1,1.01,1.02,1.03,1.04,1.05,1.06,1.07,1.08,1.09,1.1,1.11,1.12,1.13,1.14,1.15,1.16,1.17,1.18,1.19,1.2,1.21,1.22,1.23,1.24,1.25,1.26,1.27,1.28,1.29,1.3,1.31,1.32,1.33,1.34,1.35,1.36,1.37,1.38,1.39,1.4,1.41,1.42,1.43,1.44,1.45,1.46,1.47,1.48,1.49,1.5],"unit":"V"},"J":{"value":[0.0228919,0.022900300000000002,0.0229261,0.022874500000000002,0.0229258,0.022822299999999997,0.0229436,0.0230129,0.0229607,0.0230127,0.0229436,0.0229698,0.023056300000000002,0.0229352,0.0229609,0.0229614,0.0229345,0.0229954,0.022909,0.0229178,0.0228659,0.0229525,0.0229352,0.0229176,0.0228914,0.022822500000000003,0.022778800000000002,0.022631900000000003,0.0226401,0.0225715,0.0224844,0.022527699999999998,0.0225883,0.022597000000000003,0.0225795,0.0225626,0.0226057,0.0225795,0.0225537,0.0225537,0.0225535,0.0225104,0.0225108,0.0225621,0.0225188,0.022527699999999998,0.0225361,0.0224326,0.0225188,0.0225455,0.022432200000000003,0.022389299999999997,0.0223713,0.022241700000000003,0.022268,0.0222244,0.0221809,0.0220249,0.022051300000000003,0.0219905,0.0219038,0.0219731,0.0218951,0.021903600000000002,0.0218432,0.0218,0.021756499999999998,0.0216956,0.021609200000000002,0.021531199999999997,0.0214879,0.021496300000000003,0.021453399999999997,0.0213144,0.0211933,0.021158200000000002,0.0211235,0.0209851,0.0208815,0.020734000000000002,0.0206385,0.020517,0.0203441,0.020249,0.0200843,0.0199024,0.0197113,0.019564,0.0193131,0.0191135,0.018896999999999997,0.0186454,0.018351299999999997,0.0180132,0.0177446,0.0174151,0.0170079,0.0166009,0.0161675,0.015699400000000002,0.0153965,0.014971700000000001,0.0144518,0.0139058,0.013273400000000001,0.0126755,0.0121469,0.0115922,0.011003299999999999,0.010448299999999999,0.00985065,0.00926134,0.00868078,0.00803965,0.00745909,0.00686986,0.00618532,0.005544100000000001,0.004833560000000001,0.004045040000000001,0.00320452,0.00225136,0.00123753,4.17602e-5,-0.00127532,-0.0027657,-0.004429420000000001,-0.00625756,-0.008320029999999999,-0.010538,-0.012964600000000001,-0.0155639,-0.0183455,-0.021196100000000002,-0.0241593,-0.027235600000000002,-0.030302700000000002,-0.0334054,-0.0364292,-0.039436700000000005,-0.0423556,-0.0451635,-0.0477803,-0.050336,-0.0526587,-0.0549202,-0.057034,-0.059061,-0.0610984,-0.0629428,-0.06483240000000001,-0.066652,-0.0685689,-0.0703613,-0.0722069,-0.0741565,-0.07616679999999999,-0.0781164,-0.0801771,-0.08227559999999999,-0.0844332,-0.0866844,-0.0890074,-0.09134610000000001,-0.09378270000000001,-0.09620699999999999,-0.0986958,-0.10151099999999999,-0.104102,-0.106911,-0.109734],"unit":"A\/cm2"},"P":{"value":[4.57837,4.35106,4.12669,3.88867,3.66814,3.42335,3.21211,2.99168,2.75529,2.5314,2.29436,2.06729,1.8445,1.60546,1.37766,1.14807,0.91738,0.689862,0.458179,0.229178,0,-0.229525,-0.458703,-0.687529,-0.915656,-1.14113,-1.36673,-1.58423,-1.81121,-2.03143,-2.24844,-2.47805,-2.7106,-2.93761,-3.16113,-3.38439,-3.61691,-3.83851,-4.05966,-4.2852,-4.51069,-4.72718,-4.95238,-5.18929,-5.40451,-5.63192,-5.8594,-6.0568,-6.30527,-6.53818,-6.72965,-6.94068,-7.15881,-7.33977,-7.57111,-7.77855,-7.98511,-8.14921,-8.37951,-8.57628,-8.76152,-9.00899,-9.19596,-9.41855,-9.61099,-9.81002,-10.008,-10.1969,-10.3724,-10.5503,-10.7439,-10.9631,-11.1558,-11.2966,-11.4444,-11.637,-11.8292,-11.9615,-12.1113,-12.2331,-12.3831,-12.5154,-12.6133,-12.7569,-12.854,-12.9365,-13.0095,-13.1079,-13.1329,-13.1883,-13.2279,-13.2382,-13.2129,-13.1496,-13.131,-13.0613,-12.926,-12.7827,-12.6107,-12.4026,-12.3172,-12.1271,-11.8505,-11.5418,-11.1496,-10.7742,-10.4463,-10.0852,-9.68293,-9.29902,-8.86559,-8.42782,-7.98632,-7.47687,-7.01154,-6.52637,-5.9379,-5.37778,-4.73689,-4.00459,-3.20452,-2.27387,-1.26228,-0.0430131,1.32633,2.90398,4.69518,6.69559,8.98564,11.4864,14.2611,17.2759,20.547,23.9516,27.5416,31.321,35.1512,39.0843,42.9864,46.9297,50.8267,54.6478,58.292,61.9133,65.2968,68.6503,71.8628,75.0074,78.2059,81.1962,84.2821,87.3141,90.511,93.5805,96.7572,100.111,103.587,107.019,110.644,114.363,118.206,122.225,126.391,130.625,135.047,139.5,144.096,149.221,154.071,159.298,164.601],"unit":"mW\/cm2"},"efficiency":{"unit":"%","value":13.2382},"I":{"unit":"A","value":[0.027252261904761904,0.027262261904761907,0.027292976190476194,0.027231547619047624,0.027292619047619048,0.02716940476190476,0.027313809523809525,0.027396309523809524,0.02733416666666667,0.02739607142857143,0.027313809523809525,0.027344999999999998,0.027447976190476193,0.027303809523809525,0.02733440476190476,0.027335,0.02730297619047619,0.02737547619047619,0.027272619047619046,0.027283095238095238,0.027221309523809526,0.027324404761904765,0.027303809523809525,0.027282857142857143,0.027251666666666667,0.02716964285714286,0.02711761904761905,0.0269427380952381,0.0269525,0.026870833333333337,0.02676714285714286,0.026818690476190475,0.026890833333333333,0.02690119047619048,0.026880357142857143,0.026860238095238093,0.02691154761904762,0.026880357142857143,0.026849642857142857,0.026849642857142857,0.026849404761904765,0.02679809523809524,0.026798571428571432,0.02685964285714286,0.02680809523809524,0.026818690476190475,0.026828690476190478,0.026705476190476193,0.02680809523809524,0.026839880952380952,0.026705000000000003,0.026653928571428568,0.0266325,0.02647821428571429,0.02650952380952381,0.026457619047619046,0.026405833333333333,0.026220119047619048,0.026251547619047622,0.026179166666666667,0.026075952380952384,0.02615845238095238,0.02606559523809524,0.02607571428571429,0.026003809523809526,0.025952380952380952,0.025900595238095236,0.025828095238095237,0.0257252380952381,0.025632380952380948,0.025580833333333334,0.025590833333333337,0.025539761904761902,0.025374285714285717,0.02523011904761905,0.025188333333333337,0.02514702380952381,0.024982261904761906,0.024858928571428573,0.02468333333333334,0.02456964285714286,0.024425000000000002,0.024219166666666667,0.02410595238095238,0.023909880952380953,0.023693333333333334,0.023465833333333335,0.023290476190476195,0.022991785714285715,0.022754166666666666,0.02249642857142857,0.02219690476190476,0.02184678571428571,0.021444285714285714,0.02112452380952381,0.020732261904761906,0.0202475,0.01976297619047619,0.01924702380952381,0.018689761904761907,0.018329166666666667,0.017823452380952384,0.017204523809523812,0.01655452380952381,0.01580166666666667,0.015089880952380952,0.01446059523809524,0.013800238095238096,0.013099166666666665,0.01243845238095238,0.011726964285714287,0.011025404761904762,0.010334261904761907,0.009571011904761905,0.008879869047619048,0.008178404761904762,0.007363476190476191,0.006600119047619048,0.005754238095238096,0.00481552380952381,0.0038149047619047624,0.002680190476190476,0.00147325,4.971452380952381e-5,-0.0015182380952380953,-0.0032925,-0.005273119047619049,-0.00744947619047619,-0.009904797619047619,-0.012545238095238097,-0.015434047619047622,-0.01852845238095238,-0.021839880952380954,-0.025233452380952384,-0.02876107142857143,-0.03242333333333334,-0.03607464285714286,-0.039768333333333336,-0.04336809523809524,-0.04694845238095239,-0.050423333333333334,-0.053766071428571434,-0.05688130952380952,-0.059923809523809525,-0.06268892857142858,-0.06538119047619048,-0.06789761904761905,-0.0703107142857143,-0.07273619047619048,-0.07493190476190476,-0.0771814285714286,-0.07934761904761906,-0.08162964285714286,-0.08376345238095238,-0.08596059523809525,-0.08828154761904762,-0.0906747619047619,-0.09299571428571429,-0.09544892857142857,-0.09794714285714284,-0.10051571428571429,-0.10319571428571428,-0.10596119047619049,-0.10874535714285716,-0.11164607142857144,-0.11453214285714285,-0.117495,-0.12084642857142856,-0.12393095238095239,-0.127275,-0.1306357142857143]},"voc":{"unit":"V","value":1.0299995984434915},"jsc":{"unit":"mA\/cm2","value":22.8659},"fill_factor":{"unit":"%","value":56.208705408302585},"cell_dimension":{"value":0.84,"unit":"cm2"},"sweep_direction":{"unit":"","value":"Forward"},"key":"Forward_FWD3 5m ntf2 1.5_231123"},{"V":{"value":[-0.2,-0.19,-0.18,-0.17,-0.16,-0.15,-0.14,-0.13,-0.12,-0.11,-0.1,-0.09,-0.08,-0.07,-0.06,-0.05,-0.04,-0.03,-0.02,-0.01,0,0.01,0.02,0.03,0.04,0.05,0.06,0.07,0.08,0.09,0.1,0.11,0.12,0.13,0.14,0.15,0.16,0.17,0.18,0.19,0.2,0.21,0.22,0.23,0.24,0.25,0.26,0.27,0.28,0.29,0.3,0.31,0.32,0.33,0.34,0.35,0.36,0.37,0.38,0.39,0.4,0.41,0.42,0.43,0.44,0.45,0.46,0.47,0.48,0.49,0.5,0.51,0.52,0.53,0.54,0.55,0.56,0.57,0.58,0.59,0.6,0.61,0.62,0.63,0.64,0.65,0.66,0.67,0.68,0.69,0.7,0.71,0.72,0.73,0.74,0.75,0.76,0.77,0.78,0.79,0.8,0.81,0.82,0.83,0.84,0.85,0.86,0.87,0.88,0.89,0.9,0.91,0.92,0.93,0.94,0.95,0.96,0.97,0.98,0.99,1,1.01,1.02,1.03,1.04,1.05,1.06,1.07,1.08,1.09,1.1,1.11,1.12,1.13,1.14,1.15,1.16,1.17,1.18,1.19,1.2,1.21,1.22,1.23,1.24,1.25,1.26,1.27,1.28,1.29,1.3,1.31,1.32,1.33,1.34,1.35,1.36,1.37,1.38,1.39,1.4,1.41,1.42,1.43,1.44,1.45,1.46,1.47,1.48,1.49,1.5],"unit":"V"},"J":{"value":[0.022934100000000002,0.022934100000000002,0.0228305,0.0227608,0.0227954,0.0227781,0.0227868,0.022838999999999998,0.0228736,0.0228992,0.0229083,0.0228994,0.022865,0.022752099999999997,0.022761,0.022622399999999997,0.0226741,0.0226399,0.0226221,0.0227608,0.0227088,0.0226828,0.0226741,0.0226828,0.0226481,0.022665400000000002,0.0226914,0.022639700000000002,0.022622399999999997,0.0226137,0.022544599999999998,0.0225101,0.0225699,0.022561499999999998,0.022543900000000002,0.022527000000000002,0.0225181,0.0225879,0.022501,0.0224577,0.0224575,0.0224404,0.0224402,0.0224228,0.0224577,0.022414200000000002,0.0223971,0.022371099999999998,0.0224402,0.0223797,0.0224402,0.0223971,0.0224057,0.022396799999999998,0.022414200000000002,0.0224664,0.022449100000000003,0.022344899999999997,0.022319299999999997,0.0222849,0.022284199999999997,0.022284199999999997,0.0222322,0.0223189,0.0222578,0.022223800000000002,0.022197500000000002,0.022058900000000003,0.0220245,0.0219549,0.0218683,0.0218336,0.0218076,0.0218076,0.0217559,0.0217643,0.021651700000000003,0.0216172,0.0215739,0.0215564,0.0215304,0.0215562,0.0213395,0.0212533,0.021184,0.021110499999999997,0.0209496,0.0208372,0.0206641,0.0204213,0.020257,0.020066,0.0199012,0.019659,0.0193904,0.0190867,0.0187235,0.018463,0.0180126,0.017622699999999998,0.017206700000000002,0.016712900000000003,0.0161839,0.0156555,0.015023300000000002,0.0143821,0.013688800000000001,0.0129436,0.012250299999999999,0.0114534,0.0106735,0.00991092,0.00905329,0.008238619999999999,0.00739821,0.00658359,0.00569974,0.00476401,0.00375028,0.0027278899999999997,0.00156676,0.000327696,-0.00109331,-0.00262698,-0.00434255,-0.00619685,-0.00821565,-0.010373100000000001,-0.0126693,-0.0150607,-0.017478200000000003,-0.0199996,-0.022434799999999998,-0.0248518,-0.027104299999999998,-0.029271000000000002,-0.0312382,-0.0330309,-0.0345649,-0.0359422,-0.037120600000000004,-0.0382824,-0.0390618,-0.0398499,-0.040491900000000004,-0.0409767,-0.0415403,-0.0421464,-0.042684,-0.0432468,-0.0435332,-0.043991999999999996,-0.0445114,-0.0449538,-0.0453979,-0.045786,-0.0462886,-0.0468345,-0.047284599999999996,-0.0477351,-0.0481765,-0.0486536,-0.0492076,-0.0497458,-0.050335,-0.0509844,-0.051729500000000005,-0.0523962,-0.0530649,-0.0538524,-0.0546327],"unit":"A\/cm2"},"P":{"value":[4.58681,4.35747,4.1095,3.86933,3.64727,3.41671,3.19015,2.96907,2.74484,2.51891,2.29083,2.06095,1.8292,1.59265,1.36566,1.13112,0.906965,0.679197,0.452443,0.227608,0,-0.226828,-0.453482,-0.680484,-0.905925,-1.13327,-1.36149,-1.58478,-1.80979,-2.03523,-2.25446,-2.47612,-2.70839,-2.93299,-3.15615,-3.37906,-3.6029,-3.83994,-4.05019,-4.26697,-4.4915,-4.71248,-4.93684,-5.15725,-5.38985,-5.60354,-5.82324,-6.04019,-6.28325,-6.49012,-6.73205,-6.94309,-7.16983,-7.39096,-7.62082,-7.86323,-8.08166,-8.26759,-8.48134,-8.69109,-8.91368,-9.13652,-9.33753,-9.59711,-9.79342,-10.0007,-10.2109,-10.3677,-10.5717,-10.7579,-10.9341,-11.1352,-11.34,-11.558,-11.7482,-11.9704,-12.1249,-12.3218,-12.5129,-12.7183,-12.9182,-13.1493,-13.2305,-13.3896,-13.5577,-13.7219,-13.8268,-13.9609,-14.0516,-14.0907,-14.1799,-14.2469,-14.3289,-14.351,-14.3489,-14.315,-14.2299,-14.2165,-14.0499,-13.922,-13.7653,-13.5375,-13.2708,-12.9941,-12.6196,-12.2248,-11.7723,-11.2609,-10.7803,-10.1935,-9.60617,-9.01894,-8.32902,-7.66192,-6.95432,-6.25441,-5.47175,-4.62109,-3.67527,-2.70061,-1.56676,-0.330973,1.11518,2.70579,4.51626,6.50669,8.70859,11.0993,13.6828,16.4162,19.226,22.1995,25.1269,28.0825,30.8989,33.6617,36.2364,38.6461,40.7865,42.7712,44.5447,46.3216,47.6554,49.0154,50.2099,51.2209,52.3408,53.526,54.6356,55.7884,56.5931,57.6295,58.7551,59.7885,60.8332,61.8111,62.9525,64.1632,65.2527,66.3518,67.4472,68.6015,69.8748,71.1365,72.4824,73.9273,75.5251,77.0224,78.5361,80.24,81.9491],"unit":"mW\/cm2"},"efficiency":{"unit":"%","value":14.351},"I":{"unit":"A","value":[0.027302500000000004,0.027302500000000004,0.027179166666666667,0.02709619047619048,0.027137380952380954,0.027116785714285715,0.027127142857142857,0.027189285714285714,0.027230476190476194,0.027260952380952382,0.027271785714285714,0.027261190476190477,0.027220238095238096,0.02708583333333333,0.027096428571428573,0.026931428571428568,0.02699297619047619,0.026952261904761906,0.02693107142857143,0.02709619047619048,0.027034285714285716,0.027003333333333334,0.02699297619047619,0.027003333333333334,0.02696202380952381,0.02698261904761905,0.02701357142857143,0.026952023809523815,0.026931428571428568,0.02692107142857143,0.02683880952380952,0.026797738095238097,0.02686892857142857,0.026858928571428572,0.026837976190476193,0.026817857142857147,0.026807261904761903,0.026890357142857146,0.026786904761904762,0.026735357142857144,0.026735119047619046,0.026714761904761904,0.02671452380952381,0.026693809523809526,0.026735357142857144,0.02668357142857143,0.026663214285714287,0.0266322619047619,0.02671452380952381,0.0266425,0.02671452380952381,0.026663214285714287,0.02667345238095238,0.02666285714285714,0.02668357142857143,0.02674571428571429,0.026725119047619053,0.026601071428571425,0.026570595238095237,0.02652964285714286,0.02652880952380952,0.02652880952380952,0.026466904761904764,0.026570119047619047,0.026497380952380956,0.026456904761904765,0.02642559523809524,0.026260595238095243,0.026219642857142858,0.026136785714285713,0.026033690476190478,0.025992380952380954,0.025961428571428573,0.025961428571428573,0.025899880952380955,0.025909880952380955,0.025775833333333338,0.025734761904761906,0.02568321428571429,0.025662380952380954,0.025631428571428576,0.02566214285714286,0.02540416666666667,0.02530154761904762,0.02521904761904762,0.025131547619047616,0.02494,0.024806190476190478,0.02460011904761905,0.02431107142857143,0.02411547619047619,0.02388809523809524,0.023691904761904765,0.02340357142857143,0.023083809523809524,0.02272226190476191,0.022289880952380953,0.021979761904761905,0.02144357142857143,0.02097940476190476,0.02048416666666667,0.019896309523809528,0.01926654761904762,0.0186375,0.017884880952380954,0.01712154761904762,0.016296190476190478,0.015409047619047619,0.014583690476190476,0.013635000000000001,0.01270654761904762,0.011798714285714286,0.010777726190476192,0.009807880952380952,0.008807392857142857,0.007837607142857143,0.0067854047619047625,0.005671440476190477,0.004464619047619048,0.003247488095238095,0.0018651904761904762,0.0003901142857142857,-0.0013015595238095238,-0.003127357142857143,-0.005169702380952381,-0.007377202380952382,-0.009780535714285714,-0.012348928571428573,-0.0150825,-0.01792940476190476,-0.020807380952380956,-0.02380904761904762,-0.026708095238095236,-0.029585476190476193,-0.03226702380952381,-0.03484642857142858,-0.03718833333333334,-0.0393225,-0.04114869047619048,-0.04278833333333334,-0.04419119047619048,-0.04557428571428572,-0.04650214285714286,-0.047440357142857145,-0.04820464285714286,-0.048781785714285715,-0.0494527380952381,-0.05017428571428572,-0.050814285714285715,-0.05148428571428572,-0.0518252380952381,-0.05237142857142857,-0.05298976190476191,-0.053516428571428576,-0.05404511904761905,-0.05450714285714286,-0.05510547619047619,-0.05575535714285715,-0.056291190476190474,-0.0568275,-0.05735297619047619,-0.05792095238095238,-0.05858047619047619,-0.059221190476190476,-0.059922619047619044,-0.06069571428571429,-0.0615827380952381,-0.06237642857142857,-0.0631725,-0.06411,-0.06503892857142857]},"voc":{"unit":"V","value":1.009996786261638},"jsc":{"unit":"mA\/cm2","value":22.7088},"fill_factor":{"unit":"%","value":62.57026396304043},"cell_dimension":{"value":0.84,"unit":"cm2"},"sweep_direction":{"unit":"","value":"Forward"},"key":"Forward_FWD2 5m ntf2 1.5_231123"},{"V":{"value":[-0.2,-0.19,-0.18,-0.17,-0.16,-0.15,-0.14,-0.13,-0.12,-0.11,-0.1,-0.09,-0.08,-0.07,-0.06,-0.05,-0.04,-0.03,-0.02,-0.01,0,0.01,0.02,0.03,0.04,0.05,0.06,0.07,0.08,0.09,0.1,0.11,0.12,0.13,0.14,0.15,0.16,0.17,0.18,0.19,0.2,0.21,0.22,0.23,0.24,0.25,0.26,0.27,0.28,0.29,0.3,0.31,0.32,0.33,0.34,0.35,0.36,0.37,0.38,0.39,0.4,0.41,0.42,0.43,0.44,0.45,0.46,0.47,0.48,0.49,0.5,0.51,0.52,0.53,0.54,0.55,0.56,0.57,0.58,0.59,0.6,0.61,0.62,0.63,0.64,0.65,0.66,0.67,0.68,0.69,0.7,0.71,0.72,0.73,0.74,0.75,0.76,0.77,0.78,0.79,0.8,0.81,0.82,0.83,0.84,0.85,0.86,0.87,0.88,0.89,0.9,0.91,0.92,0.93,0.94,0.95,0.96,0.97,0.98,0.99,1,1.01,1.02,1.03,1.04,1.05,1.06,1.07,1.08,1.09,1.1,1.11,1.12,1.13,1.14,1.15,1.16,1.17,1.18,1.19,1.2,1.21,1.22,1.23,1.24,1.25,1.26,1.27,1.28,1.29,1.3,1.31,1.32,1.33,1.34,1.35,1.36,1.37,1.38,1.39,1.4,1.41,1.42,1.43,1.44,1.45,1.46,1.47,1.48,1.49,1.5],"unit":"V"},"J":{"value":[0.0223106,0.022267099999999998,0.022249099999999997,0.0222409,0.0222322,0.022198,0.0221456,0.0220338,0.0220503,0.0220331,0.022041599999999998,0.0219727,0.0219723,0.021946300000000002,0.0219467,0.021929200000000003,0.0219116,0.0219118,0.0219725,0.0219552,0.021894300000000002,0.0219898,0.021903199999999998,0.021851,0.0218078,0.0218341,0.0218421,0.0217907,0.0218425,0.0217905,0.0217905,0.021816500000000003,0.0218341,0.021868099999999998,0.0218081,0.021842300000000002,0.0218248,0.0218081,0.021747199999999998,0.0217559,0.0217039,0.021721,0.0216432,0.0216432,0.0216081,0.0216432,0.0215826,0.0216172,0.0216081,0.0215739,0.021582399999999998,0.0215477,0.0214957,0.0215302,0.0214524,0.0214351,0.0214351,0.0214372,0.0213917,0.0213397,0.021331299999999997,0.0212968,0.0212791,0.0212531,0.0212271,0.0212011,0.0211405,0.0211751,0.021123100000000002,0.0210885,0.0210367,0.0209589,0.020940999999999998,0.020932700000000002,0.0208201,0.020767900000000002,0.0206812,0.020637899999999997,0.0204733,0.0203348,0.0202395,0.0201355,0.0199971,0.0198407,0.0196763,0.019485299999999997,0.0192773,0.0190432,0.0189134,0.0186019,0.0183159,0.0180558,0.017744,0.0174581,0.0171632,0.0167822,0.016487500000000002,0.0160544,0.015699,0.015274699999999999,0.0148068,0.014373100000000001,0.0138362,0.0133682,0.0128223,0.0122591,0.011696,0.0111586,0.0105521,0.00998891,0.00935647,0.00877592,0.008091319999999999,0.00745887,0.00678301,0.0060117799999999996,0.005258,0.00439151,0.00343838,0.0024765100000000003,0.00131547,9.374780000000001e-5,-0.0012839499999999998,-0.0028089400000000002,-0.00448985,-0.006300760000000001,-0.00826764,-0.010347,-0.0125826,-0.0149046,-0.0173049,-0.0197223,-0.0222004,-0.0246525,-0.027060999999999998,-0.029443999999999998,-0.0319138,-0.034122900000000005,-0.035968200000000006,-0.037909399999999996,-0.03981560000000001,-0.041574599999999996,-0.043229500000000004,-0.0447714,-0.046262099999999994,-0.0476571,-0.049018,-0.050334000000000004,-0.0516954,-0.0530043,-0.054207099999999994,-0.0555593,-0.056842199999999996,-0.0580726,-0.0592932,-0.0606541,-0.0618585,-0.0632195,-0.0645959,-0.0660169,-0.0674912,-0.0689888,-0.0704805,-0.0722369,-0.0735984,-0.07528,-0.0769003,-0.0787026,-0.0804513,-0.0823252,-0.0841968],"unit":"A\/cm2"},"P":{"value":[4.46213,4.23075,4.00484,3.78095,3.55715,3.3297,3.10038,2.86439,2.64603,2.42364,2.20416,1.97754,1.75778,1.53624,1.3168,1.09646,0.876465,0.657355,0.43945,0.219552,0,-0.219898,-0.438063,-0.655529,-0.872314,-1.0917,-1.31053,-1.52535,-1.7474,-1.96115,-2.17905,-2.39982,-2.62009,-2.84285,-3.05313,-3.27635,-3.49196,-3.70737,-3.9145,-4.13362,-4.34078,-4.56141,-4.76151,-4.97794,-5.18595,-5.41081,-5.61147,-5.83665,-6.05028,-6.25643,-6.47471,-6.67979,-6.87863,-7.10495,-7.29381,-7.50227,-7.71662,-7.93175,-8.12886,-8.3225,-8.53252,-8.7317,-8.93722,-9.13883,-9.33992,-9.5405,-9.72461,-9.9523,-10.1391,-10.3333,-10.5183,-10.689,-10.8893,-11.0943,-11.2428,-11.4223,-11.5815,-11.7636,-11.8745,-11.9975,-12.1437,-12.2827,-12.3982,-12.4997,-12.5928,-12.6654,-12.723,-12.759,-12.8611,-12.8353,-12.8211,-12.8196,-12.7757,-12.7444,-12.7007,-12.5867,-12.5305,-12.3619,-12.2452,-12.067,-11.8454,-11.6422,-11.3457,-11.0956,-10.7707,-10.4202,-10.0585,-9.70802,-9.28586,-8.89013,-8.42082,-7.98609,-7.44402,-6.93675,-6.37603,-5.71119,-5.04768,-4.25977,-3.36961,-2.45174,-1.31547,-0.0946853,1.30962,2.89321,4.66945,6.6158,8.7637,11.0712,13.5892,16.246,19.0354,21.8918,24.8644,27.8573,30.8495,33.8606,37.02,39.9238,42.4424,45.1122,47.7787,50.3052,52.74,55.0688,57.365,59.5714,61.7626,63.9242,66.1701,68.3755,70.4692,72.7827,75.0317,77.2366,79.4529,81.883,84.1276,86.6107,89.1423,91.7635,94.4876,97.2743,100.082,103.299,105.982,109.156,112.274,115.693,119.068,122.665,126.295],"unit":"mW\/cm2"},"efficiency":{"unit":"%","value":12.8611},"I":{"unit":"A","value":[0.026560238095238095,0.02650845238095238,0.026487023809523808,0.026477261904761906,0.026466904761904764,0.026426190476190475,0.026363809523809525,0.026230714285714284,0.02625035714285714,0.026229880952380952,0.02624,0.026157976190476193,0.0261575,0.026126547619047622,0.02612702380952381,0.02610619047619048,0.026085238095238095,0.02608547619047619,0.026157738095238095,0.02613714285714286,0.02606464285714286,0.026178333333333335,0.026075238095238092,0.026013095238095238,0.025961666666666668,0.02599297619047619,0.0260025,0.025941309523809523,0.02600297619047619,0.02594107142857143,0.02594107142857143,0.025972023809523813,0.02599297619047619,0.02603345238095238,0.02596202380952381,0.0260027380952381,0.02598190476190476,0.02596202380952381,0.025889523809523807,0.025899880952380955,0.025837976190476192,0.025858333333333334,0.025765714285714288,0.025765714285714288,0.025723928571428575,0.025765714285714288,0.02569357142857143,0.025734761904761906,0.025723928571428575,0.02568321428571429,0.025693333333333332,0.02565202380952381,0.02559011904761905,0.025631190476190478,0.025538571428571428,0.025517976190476188,0.025517976190476188,0.02552047619047619,0.025466309523809523,0.025404404761904763,0.02539440476190476,0.025353333333333335,0.025332261904761903,0.025301309523809525,0.025270357142857143,0.025239404761904765,0.025167261904761904,0.02520845238095238,0.025146547619047624,0.025105357142857145,0.025043690476190476,0.02495107142857143,0.024929761904761902,0.024919880952380957,0.024785833333333337,0.02472369047619048,0.024620476190476193,0.024568928571428568,0.02437297619047619,0.02420809523809524,0.02409464285714286,0.023970833333333334,0.02380607142857143,0.02361988095238095,0.02342416666666667,0.02319678571428571,0.02294916666666667,0.022670476190476192,0.022515952380952383,0.02214511904761905,0.021804642857142856,0.021495,0.021123809523809524,0.02078345238095238,0.020432380952380952,0.019978809523809524,0.019627976190476192,0.019112380952380954,0.018689285714285717,0.018184166666666664,0.01762714285714286,0.017110833333333336,0.016471666666666666,0.01591452380952381,0.015264642857142859,0.014594166666666667,0.013923809523809524,0.013284047619047619,0.01256202380952381,0.011891559523809525,0.011138654761904763,0.01044752380952381,0.00963252380952381,0.008879607142857144,0.008075011904761904,0.007156880952380952,0.0062595238095238094,0.005227988095238096,0.004093309523809524,0.0029482261904761908,0.0015660357142857143,0.00011160452380952383,-0.0015285119047619047,-0.003343976190476191,-0.0053450595238095245,-0.007500904761904763,-0.009842428571428571,-0.012317857142857144,-0.014979285714285714,-0.01774357142857143,-0.02060107142857143,-0.023478928571428574,-0.02642904761904762,-0.029348214285714287,-0.03221547619047619,-0.03505238095238095,-0.037992619047619046,-0.040622500000000006,-0.04281928571428572,-0.04513023809523809,-0.04739952380952382,-0.04949357142857143,-0.05146369047619048,-0.05329928571428572,-0.055073928571428565,-0.05673464285714286,-0.05835476190476191,-0.05992142857142858,-0.061542142857142865,-0.06310035714285714,-0.0645322619047619,-0.06614202380952382,-0.06766928571428571,-0.06913404761904762,-0.07058714285714286,-0.07220726190476191,-0.07364107142857143,-0.07526130952380952,-0.07689988095238096,-0.07859154761904763,-0.08034666666666668,-0.08212952380952382,-0.08390535714285714,-0.08599630952380953,-0.08761714285714285,-0.08961904761904763,-0.0915479761904762,-0.09369357142857143,-0.09577535714285715,-0.09800619047619048,-0.10023428571428572]},"voc":{"unit":"V","value":1.0099990808194401},"jsc":{"unit":"mA\/cm2","value":21.8943},"fill_factor":{"unit":"%","value":58.1602241907145},"cell_dimension":{"value":0.84,"unit":"cm2"},"sweep_direction":{"unit":"","value":"Forward"},"key":"Forward_FWD1 5m ntf2 1.5_231123"}]}}