{"_id":"655caba252c39b1845288f3c","id":"CNU_EEML-SC-00320","author":62,"group":6,"input":[{"tco":{"unit":"","value":"ITO"}},{"etl":[{"material":{"unit":"","value":"SnO2_NP"},"concentration":{"unit":"","value":"1:5 ratio (in H2O)"},"conc_unit":{"unit":"","value":"None"},"quantity":{"unit":"ml","value":"0.2"}}],"spin_coating":[{"type":{"unit":"","value":"drop&run"},"rpm":{"unit":"","value":"3000"},"time":{"unit":"s","value":"30"}}],"annealing":[{"temperature":{"unit":"oC","value":"100"},"time":{"unit":"m","value":"10"}}]},[],{"perovskite":{"method":{"unit":"","value":"1step"},"molarity":{"unit":"M","value":"1.4"},"a_site":[{"material":{"unit":"","value":"FA"},"ratio":{"unit":"%","value":"95"}},{"material":{"unit":"","value":"MA"},"ratio":{"unit":"%","value":"5"}}],"b_site":[{"material":{"unit":"","value":"Pb"},"ratio":{"unit":"%","value":"100"}}],"x_site":[{"material":{"unit":"","value":"I"},"ratio":{"unit":"%","value":"95"}},{"material":{"unit":"","value":"Br"},"ratio":{"unit":"%","value":"5"}}],"solvent":[{"material":{"unit":"","value":"DMF"},"volume":{"unit":"ml","value":"0.8"}},{"material":{"unit":"","value":"DMSO"},"volume":{"unit":"ml","value":"0.1"}}],"additive":[{"material":{"unit":"","value":"6E-NTF2"},"solvent":{"unit":"","value":"none"},"concentration":{"unit":"","value":""},"conc_unit":{"unit":"","value":"none"},"quantity":{"unit":"mol%","value":"0.25"}}],"antisolvent":[{"material":{"unit":"","value":"DEE"},"quantity":{"unit":"ul","value":"1000"},"dripping_time":{"unit":"s","value":"12"}}],"spin_coating":[{"type":{"unit":"","value":"dynamic"},"rpm":{"unit":"","value":"5000"},"time":{"unit":"s","value":"30"}}],"annealing":[{"temperature":{"unit":"oC","value":"100"},"time":{"unit":"m","value":"60"}}]}},{"htl":[{"material":{"unit":"","value":"Spiro-OMeTAD"},"concentration":{"unit":"","value":"91"},"conc_unit":{"unit":"","value":"mg\/ml"},"quantity":{"unit":"ml","value":"0.07"}}],"solvent":[{"material":{"unit":"","value":"CB"},"volume":{"unit":"ml","value":"1.1"}}],"htl_doping":[{"material":{"unit":"","value":"Li-TFSI"},"volume":{"unit":"ul","value":"23"}},{"material":{"unit":"","value":"Co-TFSI"},"volume":{"unit":"ul","value":"10"}},{"material":{"unit":"","value":"tBP"},"volume":{"unit":"ul","value":"39"}}],"spin_coating":[{"type":{"unit":"","value":"dynamic"},"rpm":{"unit":"","value":"2000"},"time":{"unit":"s","value":"30"}}]},{"anode_metal":{"unit":"","value":"Ag"}},{"note":{"unit":"","value":"n-i-p TEST"},"ar":{"unit":"","value":"0"},"type":{"unit":"","value":"unit_cell"},"device_type":{"unit":"","value":"n-i-p"},"temperature":{"unit":"\u2103","value":"23.4"},"humidity":{"unit":"%","value":"21"},"cell_dimension":{"unit":"cm2","value":"0.0804"}}],"fileinfo":[{"key":"Forward_FWD1_231116","uploadType":"JV","original_name":"FWD1_231116-2.dat","save_name":"CNU_EEML-SC-00320\/Forward_FWD1_231116","uploader":62,"fileType":""},{"key":"Reverse_REV1_231116","uploadType":"JV","original_name":"REV1_231116-2.dat","save_name":"CNU_EEML-SC-00320\/Reverse_REV1_231116","uploader":62,"fileType":""},{"key":"Forward_FWD2_231116","uploadType":"JV","original_name":"FWD2_231116-2.dat","save_name":"CNU_EEML-SC-00320\/Forward_FWD2_231116","uploader":62,"fileType":""},{"key":"Reverse_REV2_231116","uploadType":"JV","original_name":"REV2_231116-2.dat","save_name":"CNU_EEML-SC-00320\/Reverse_REV2_231116","uploader":62,"fileType":""}],"jvcnt":4,"updated_at":"2024-08-27 05:38:08","created_at":"2023-11-21 13:07:46","analysisInfo":{"JV":[{"efficiency":15.1441,"fill_factor":69.13620081941205,"jsc":20.2823,"voc":1.0799925411190454,"key":"Reverse_REV2_231116","cell_dimension":0.0804},{"efficiency":15.5471,"fill_factor":71.53289114301087,"jsc":19.5806,"voc":1.1099862989793696,"key":"Reverse_REV1_231116","cell_dimension":0.0804},{"efficiency":12.7753,"fill_factor":66.63542031550557,"jsc":19.9709,"voc":0.9599935804382675,"key":"Forward_FWD2_231116","cell_dimension":0.0804},{"efficiency":13.3959,"fill_factor":69.04510672399589,"jsc":19.5979,"voc":0.9899869148001299,"key":"Forward_FWD1_231116","cell_dimension":0.0804}]},"public":2,"tags":[],"analysis":{"JV":[{"V":{"value":[1.5,1.49,1.48,1.47,1.46,1.45,1.44,1.43,1.42,1.41,1.4,1.39,1.38,1.37,1.36,1.35,1.34,1.33,1.32,1.31,1.3,1.29,1.28,1.27,1.26,1.25,1.24,1.23,1.22,1.21,1.2,1.19,1.18,1.17,1.16,1.15,1.14,1.13,1.12,1.11,1.1,1.09,1.08,1.07,1.06,1.05,1.04,1.03,1.02,1.01,1,0.99,0.98,0.97,0.96,0.95,0.94,0.93,0.92,0.91,0.9,0.89,0.88,0.87,0.86,0.85,0.84,0.83,0.82,0.81,0.8,0.79,0.78,0.77,0.76,0.75,0.74,0.73,0.72,0.71,0.7,0.69,0.68,0.67,0.66,0.65,0.64,0.63,0.62,0.61,0.6,0.59,0.58,0.57,0.56,0.55,0.54,0.53,0.52,0.51,0.5,0.49,0.48,0.47,0.46,0.45,0.44,0.43,0.42,0.41,0.4,0.39,0.38,0.37,0.36,0.35,0.34,0.33,0.32,0.31,0.3,0.29,0.28,0.27,0.26,0.25,0.24,0.23,0.22,0.21,0.2,0.19,0.18,0.17,0.16,0.15,0.14,0.13,0.12,0.11,0.1,0.09,0.08,0.07,0.06,0.05,0.04,0.03,0.02,0.01,0,-0.01,-0.02,-0.03,-0.04,-0.05,-0.06,-0.07,-0.08,-0.09,-0.1,-0.11,-0.12,-0.13,-0.14,-0.15,-0.16,-0.17,-0.18,-0.19,-0.2],"unit":"V"},"J":{"value":[-0.316565,-0.298291,-0.285753,-0.274904,-0.2647,-0.254896,-0.24530600000000002,-0.235894,-0.226502,-0.217309,-0.208284,-0.199252,-0.190298,-0.181554,-0.17282,-0.16426400000000002,-0.155782,-0.147446,-0.139225,-0.13108799999999998,-0.12309300000000001,-0.115328,-0.107722,-0.100172,-0.09280089999999999,-0.0857028,-0.07876319999999999,-0.0719875,-0.0653943,-0.0590598,-0.052942100000000006,-0.0470593,-0.041393,-0.0360371,-0.0309687,-0.0261252,-0.0215417,-0.017348199999999998,-0.0134576,-0.009835940000000001,-0.00648266,-0.00350212,-0.000798696,0.00164474,0.00382822,0.0057864399999999995,0.0074588,0.00892314,0.010171099999999999,0.011262600000000001,0.0122159,0.012943699999999999,0.0136454,0.0142088,0.014702400000000001,0.0151616,0.0155605,0.0159156,0.0162102,0.016496,0.0167559,0.017015899999999997,0.017198,0.0173886,0.017536100000000002,0.017744,0.0179605,0.0180211,0.0182379,0.0183332,0.018454599999999998,0.0185582,0.0187317,0.0187836,0.018879,0.0189309,0.019035299999999998,0.019052600000000003,0.0191996,0.0192342,0.0193384,0.019347,0.0194165,0.0194685,0.0196932,0.0197889,0.0199189,0.0199449,0.0199967,0.0200485,0.020100899999999998,0.0202047,0.0202825,0.0202218,0.020144,0.0201789,0.02017,0.020212900000000002,0.0201877,0.020152899999999998,0.0201875,0.020196000000000002,0.0202568,0.0202305,0.0202222,0.0202482,0.020231000000000002,0.020308800000000002,0.0203435,0.020360800000000002,0.020334599999999998,0.0203348,0.020308800000000002,0.020343299999999998,0.0203695,0.0203524,0.020395700000000003,0.0204042,0.020378399999999998,0.020378,0.020395299999999998,0.0204298,0.020404,0.020360800000000002,0.0203786,0.020395299999999998,0.02043,0.0204213,0.020421500000000002,0.020447299999999998,0.0204213,0.0204733,0.0204908,0.0204733,0.020464800000000002,0.0204563,0.0204475,0.02043,0.0204733,0.0205166,0.0204646,0.020456099999999998,0.020447700000000003,0.0204819,0.020473500000000002,0.0204908,0.0205426,0.020560099999999998,0.020439,0.020326399999999998,0.0202823,0.0202133,0.020300000000000002,0.0202742,0.0202828,0.0202655,0.0202308,0.020196000000000002,0.0201787,0.0202222,0.0202047,0.0202653,0.0202482,0.020274,0.0203262,0.0203002,0.0203695,0.0203175,0.020291299999999998,0.020360600000000003,0.020317699999999998],"unit":"A\/cm2"},"P":{"value":[474.847,444.453,422.914,404.109,386.463,369.599,353.241,337.329,321.633,306.405,291.598,276.96,262.612,248.729,235.035,221.757,208.748,196.104,183.777,171.725,160.021,148.773,137.884,127.218,116.929,107.128,97.6664,88.5446,79.781,71.4624,63.5305,56.0005,48.8437,42.1635,35.9237,30.044,24.5575,19.6035,15.0726,10.9179,7.13092,3.81731,0.862592,-1.75987,-4.05792,-6.07576,-7.75715,-9.19083,-10.3745,-11.3753,-12.2159,-12.8143,-13.3725,-13.7825,-14.1143,-14.4035,-14.6269,-14.8015,-14.9134,-15.0113,-15.0803,-15.1441,-15.1342,-15.1281,-15.081,-15.0824,-15.0868,-14.9575,-14.9551,-14.8499,-14.7637,-14.661,-14.6107,-14.4634,-14.348,-14.1982,-14.0861,-13.9084,-13.8237,-13.6563,-13.5369,-13.3495,-13.2032,-13.0439,-12.9975,-12.8628,-12.7481,-12.5653,-12.398,-12.2296,-12.0605,-11.9208,-11.7638,-11.5264,-11.2806,-11.0984,-10.8918,-10.7129,-10.4976,-10.278,-10.0938,-9.89604,-9.72328,-9.50832,-9.30221,-9.11168,-8.90166,-8.7328,-8.54427,-8.34794,-8.13385,-7.93058,-7.71736,-7.52702,-7.33302,-7.12333,-6.93453,-6.73337,-6.52107,-6.31717,-6.11859,-5.92463,-5.71311,-5.49742,-5.29842,-5.09882,-4.90319,-4.69689,-4.49273,-4.29393,-4.08426,-3.88992,-3.68834,-3.48046,-3.27437,-3.06845,-2.86265,-2.65589,-2.45679,-2.25683,-2.04646,-1.84105,-1.63581,-1.43373,-1.22841,-1.02454,-0.821703,-0.616803,-0.40878,-0.203264,0,0.202133,0.406,0.608225,0.811313,1.01328,1.21385,1.41372,1.61429,1.82,2.02047,2.22918,2.42978,2.63562,2.84566,3.04503,3.25912,3.45397,3.65244,3.86852,4.06354],"unit":"mW\/cm2"},"efficiency":{"unit":"%","value":15.1441},"I":{"unit":"A","value":[-3.937375621890547,-3.7100870646766166,-3.554141791044776,-3.4192039800995024,-3.29228855721393,-3.170348258706468,-3.051069651741294,-2.934004975124378,-2.8171890547263683,-2.7028482587064677,-2.590597014925373,-2.478258706467662,-2.3668905472636816,-2.2581343283582087,-2.1495024875621893,-2.043084577114428,-1.937587064676617,-1.8339054726368158,-1.7316542288557213,-1.6304477611940296,-1.5310074626865673,-1.4344278606965175,-1.339825870646766,-1.2459203980099502,-1.1542400497512437,-1.065955223880597,-0.979641791044776,-0.8953669154228855,-0.8133619402985075,-0.7345746268656717,-0.6584838308457712,-0.5853146766169154,-0.5148383084577114,-0.44822263681592045,-0.3851828358208955,-0.3249402985074627,-0.267931592039801,-0.21577363184079598,-0.16738308457711443,-0.12233756218905474,-0.08063009950248756,-0.04355870646766169,-0.009934029850746269,0.020456965174129354,0.04761467661691542,0.07197064676616916,0.09277114427860696,0.11098432835820896,0.12650621890547262,0.14008208955223883,0.15193905472636815,0.1609912935323383,0.16971890547263682,0.17672636815920398,0.18286567164179104,0.1885771144278607,0.19353855721393035,0.197955223880597,0.20161940298507464,0.20517412935323384,0.20840671641791045,0.21164054726368156,0.21390547263681595,0.21627611940298508,0.21811069651741297,0.2206965174129353,0.22338930348258706,0.22414303482587067,0.226839552238806,0.22802487562189055,0.22953482587064675,0.23082338308457712,0.2329813432835821,0.23362686567164181,0.2348134328358209,0.2354589552238806,0.23675746268656714,0.23697263681592043,0.23880099502487565,0.2392313432835821,0.24052736318407958,0.24063432835820894,0.24149875621890546,0.2421455223880597,0.2449402985074627,0.2461305970149254,0.24774751243781096,0.2480708955223881,0.24871517412935323,0.2493594527363184,0.2500111940298507,0.25130223880597014,0.2522699004975124,0.25151492537313436,0.250547263681592,0.25098134328358207,0.25087064676616916,0.25140422885572145,0.2510907960199005,0.25065796019900494,0.25108830845771146,0.2511940298507463,0.2519502487562189,0.2516231343283582,0.25151990049751244,0.25184328358208957,0.2516293532338309,0.2525970149253732,0.25302860696517415,0.2532437810945274,0.2529179104477612,0.25292039800995025,0.2525970149253732,0.25302611940298503,0.25335199004975123,0.25313930348258706,0.25367786069651743,0.25378358208955226,0.25346268656716414,0.25345771144278606,0.2536728855721393,0.25410199004975126,0.2537810945273632,0.2532437810945274,0.25346517412935327,0.2536728855721393,0.2541044776119403,0.25399626865671643,0.2539987562189055,0.2543196517412935,0.25399626865671643,0.25464303482587064,0.25486069651741294,0.25464303482587064,0.25453731343283587,0.254431592039801,0.2543221393034826,0.2541044776119403,0.25464303482587064,0.255181592039801,0.25453482587064674,0.2544291044776119,0.2543246268656717,0.25475000000000003,0.2546455223880597,0.25486069651741294,0.25550497512437814,0.2557226368159204,0.25421641791044775,0.25281592039800993,0.2522674129353234,0.2514092039800995,0.25248756218905477,0.25216666666666665,0.25227363184079604,0.25205845771144275,0.2516268656716418,0.2511940298507463,0.25097885572139306,0.25151990049751244,0.25130223880597014,0.25205597014925374,0.25184328358208957,0.25216417910447764,0.25281343283582086,0.2524900497512438,0.25335199004975123,0.252705223880597,0.2523793532338308,0.2532412935323384,0.25270771144278603]},"voc":{"unit":"V","value":1.0799925411190454},"jsc":{"unit":"mA\/cm2","value":20.2823},"fill_factor":{"unit":"%","value":69.13620081941205},"cell_dimension":{"value":0.0804,"unit":"cm2"},"sweep_direction":{"unit":"","value":"Reverse"},"key":"Reverse_REV2_231116"},{"V":{"value":[1.5,1.49,1.48,1.47,1.46,1.45,1.44,1.43,1.42,1.41,1.4,1.39,1.38,1.37,1.36,1.35,1.34,1.33,1.32,1.31,1.3,1.29,1.28,1.27,1.26,1.25,1.24,1.23,1.22,1.21,1.2,1.19,1.18,1.17,1.16,1.15,1.14,1.13,1.12,1.11,1.1,1.09,1.08,1.07,1.06,1.05,1.04,1.03,1.02,1.01,1,0.99,0.98,0.97,0.96,0.95,0.94,0.93,0.92,0.91,0.9,0.89,0.88,0.87,0.86,0.85,0.84,0.83,0.82,0.81,0.8,0.79,0.78,0.77,0.76,0.75,0.74,0.73,0.72,0.71,0.7,0.69,0.68,0.67,0.66,0.65,0.64,0.63,0.62,0.61,0.6,0.59,0.58,0.57,0.56,0.55,0.54,0.53,0.52,0.51,0.5,0.49,0.48,0.47,0.46,0.45,0.44,0.43,0.42,0.41,0.4,0.39,0.38,0.37,0.36,0.35,0.34,0.33,0.32,0.31,0.3,0.29,0.28,0.27,0.26,0.25,0.24,0.23,0.22,0.21,0.2,0.19,0.18,0.17,0.16,0.15,0.14,0.13,0.12,0.11,0.1,0.09,0.08,0.07,0.06,0.05,0.04,0.03,0.02,0.01,0,-0.01,-0.02,-0.03,-0.04,-0.05,-0.06,-0.07,-0.08,-0.09,-0.1,-0.11,-0.12,-0.13,-0.14,-0.15,-0.16,-0.17,-0.18,-0.19,-0.2],"unit":"V"},"J":{"value":[-0.346813,-0.32146199999999997,-0.30556,-0.292587,-0.280127,-0.268274,-0.256652,-0.24538,-0.234222,-0.223177,-0.212346,-0.201713,-0.19131499999999999,-0.180961,-0.170789,-0.160928,-0.151285,-0.141721,-0.132397,-0.123342,-0.114564,-0.105917,-0.0975559,-0.0895498,-0.08175249999999999,-0.0742229,-0.066918,-0.060064900000000004,-0.0534181,-0.0470848,-0.041054299999999995,-0.035361699999999996,-0.0300072,-0.0249124,-0.020137799999999997,-0.0157277,-0.011690099999999998,-0.00792964,-0.00455051,-0.00150918,0.0011595,0.00356828,0.005682459999999999,0.00751078,0.00903569,0.0103874,0.0115571,0.012492900000000001,0.0133767,0.0139832,0.014555199999999999,0.0150491,0.0154564,0.0158028,0.0160801,0.0163403,0.0165395,0.0166693,0.0168774,0.0169985,0.017094,0.0173016,0.017371300000000003,0.0174664,0.0175617,0.0176571,0.017726400000000003,0.0178217,0.0178825,0.017951599999999998,0.0180385,0.018159400000000003,0.0182116,0.0183071,0.0184455,0.0185235,0.0186015,0.0186706,0.01874,0.0187488,0.0188874,0.0189309,0.0189999,0.0189221,0.0189481,0.019000299999999998,0.0190609,0.019095400000000002,0.0190956,0.019147400000000002,0.0192342,0.0193212,0.019346699999999998,0.019424800000000002,0.019355499999999998,0.0193902,0.0194073,0.019372800000000003,0.0193642,0.0194333,0.019424800000000002,0.0194077,0.0194335,0.019459499999999998,0.019424800000000002,0.01939,0.019451,0.0194591,0.019407499999999998,0.0194942,0.0194508,0.019441800000000002,0.0195286,0.0193815,0.0193985,0.0194593,0.019468,0.0195113,0.019494,0.0195113,0.019537299999999997,0.0195897,0.019563300000000002,0.0195456,0.019537500000000003,0.019485299999999997,0.0196064,0.0195981,0.019650099999999997,0.019589500000000003,0.0195548,0.0196586,0.0195544,0.0195806,0.0196415,0.0195806,0.0196241,0.0196674,0.0196674,0.0195808,0.019554600000000002,0.0195288,0.01952,0.0195284,0.0195115,0.0194943,0.0195458,0.0195201,0.0195721,0.0195463,0.0195806,0.0196155,0.019597899999999998,0.019684999999999998,0.0196848,0.0196932,0.0196332,0.019667300000000002,0.019649899999999998,0.0196155,0.0196413,0.0195548,0.0196068,0.0195981,0.0196155,0.019607,0.0195635,0.0195115,0.0194943,0.019485099999999998,0.0194077],"unit":"A\/cm2"},"P":{"value":[520.219,478.979,452.229,430.102,408.985,388.997,369.579,350.893,332.595,314.68,297.285,280.381,264.015,247.917,232.273,217.253,202.722,188.488,174.765,161.578,148.934,136.633,124.872,113.728,103.008,92.7787,82.9783,73.8798,65.1701,56.9726,49.2651,42.0804,35.4085,29.1475,23.3599,18.0869,13.3267,8.96049,5.09657,1.67519,-1.27545,-3.88943,-6.13706,-8.03654,-9.57784,-10.9068,-12.0194,-12.8677,-13.6442,-14.1231,-14.5552,-14.8986,-15.1472,-15.3287,-15.4369,-15.5233,-15.5471,-15.5024,-15.5272,-15.4687,-15.3846,-15.3985,-15.2867,-15.1958,-15.1031,-15.0085,-14.8901,-14.792,-14.6637,-14.5408,-14.4308,-14.3459,-14.205,-14.0964,-14.0186,-13.8926,-13.7651,-13.6296,-13.4928,-13.3116,-13.2212,-13.0624,-12.9199,-12.6778,-12.5057,-12.3502,-12.199,-12.0301,-11.8393,-11.6799,-11.5405,-11.3995,-11.2211,-11.0722,-10.8391,-10.6646,-10.4799,-10.2676,-10.0694,-9.91099,-9.71241,-9.50977,-9.32808,-9.14596,-8.93542,-8.72549,-8.55845,-8.36741,-8.15115,-7.9926,-7.78033,-7.58229,-7.42088,-7.17116,-6.98344,-6.81076,-6.61911,-6.43873,-6.23807,-6.0485,-5.86119,-5.681,-5.47772,-5.2773,-5.07974,-4.87132,-4.70554,-4.50757,-4.32302,-4.11379,-3.91096,-3.73513,-3.51979,-3.3287,-3.14263,-2.93709,-2.74738,-2.55677,-2.36009,-2.15389,-1.95546,-1.75759,-1.5616,-1.36699,-1.17069,-0.974717,-0.78183,-0.585604,-0.391443,-0.195463,0,0.196155,0.391959,0.590549,0.787391,0.984662,1.17799,1.37671,1.57199,1.76539,1.96413,2.15103,2.35281,2.54776,2.74616,2.94105,3.13016,3.31695,3.50898,3.70217,3.88154],"unit":"mW\/cm2"},"efficiency":{"unit":"%","value":15.5471},"I":{"unit":"A","value":[-4.3135945273631835,-3.998283582089552,-3.800497512437811,-3.639141791044776,-3.484166666666667,-3.3367412935323384,-3.1921890547263683,-3.0519900497512435,-2.913208955223881,-2.7758333333333334,-2.641119402985075,-2.5088681592039803,-2.379539800995025,-2.250758706467662,-2.1242412935323385,-2.001592039800995,-1.8816542288557214,-1.7626990049751246,-1.6467288557213928,-1.5341044776119401,-1.4249253731343283,-1.3173756218905472,-1.21338184079602,-1.1138034825870646,-1.0168221393034824,-0.9231703980099502,-0.8323134328358209,-0.7470758706467663,-0.6644042288557215,-0.5856318407960199,-0.5106256218905472,-0.4398221393034825,-0.37322388059701495,-0.30985572139303486,-0.2504701492537313,-0.1956181592039801,-0.14539925373134327,-0.09862736318407961,-0.05659838308457711,-0.01877089552238806,0.014421641791044775,0.04438159203980099,0.07067736318407959,0.0934176616915423,0.11238420398009952,0.1291965174129353,0.1437450248756219,0.15538432835820898,0.16637686567164178,0.17392039800995024,0.18103482587064676,0.1871778606965174,0.19224378109452736,0.19655223880597014,0.20000124378109452,0.2032375621890547,0.20571517412935322,0.20732960199004977,0.2099179104477612,0.21142412935323382,0.2126119402985075,0.2151940298507463,0.21606094527363187,0.21724378109452736,0.21842910447761194,0.21961567164179102,0.22047761194029855,0.22166293532338308,0.22241915422885572,0.2232786069651741,0.2243594527363184,0.22586318407960201,0.2265124378109453,0.22770024875621891,0.22942164179104477,0.2303917910447761,0.23136194029850746,0.23222139303482586,0.23308457711442787,0.23319402985074628,0.23491791044776117,0.2354589552238806,0.23631716417910448,0.2353495024875622,0.2356728855721393,0.23632213930348256,0.23707587064676616,0.23750497512437813,0.23750746268656717,0.23815174129353237,0.2392313432835821,0.2403134328358209,0.24063059701492534,0.24160199004975128,0.24074004975124375,0.24117164179104478,0.24138432835820894,0.24095522388059704,0.24084825870646767,0.24170771144278608,0.24160199004975128,0.24138930348258705,0.24171019900497512,0.24203358208955222,0.24160199004975128,0.24116915422885574,0.24192786069651742,0.24202860696517414,0.24138681592039798,0.24246517412935323,0.24192537313432838,0.24181343283582094,0.24289303482587066,0.24106343283582088,0.24127487562189054,0.24203109452736318,0.24213930348258705,0.2426778606965174,0.2424626865671642,0.2426778606965174,0.2430012437810945,0.24365298507462688,0.24332462686567166,0.2431044776119403,0.24300373134328362,0.24235447761194026,0.24386069651741293,0.24375746268656717,0.24440422885572136,0.24365049751243784,0.24321890547263683,0.2445099502487562,0.2432139303482587,0.24353980099502487,0.24429726368159202,0.24353980099502487,0.24408084577114425,0.24461940298507465,0.24461940298507465,0.2435422885572139,0.2432164179104478,0.2428955223880597,0.2427860696517413,0.24289054726368162,0.2426803482587065,0.24246641791044776,0.24310696517412933,0.2427873134328358,0.24343407960199004,0.24311318407960197,0.24353980099502487,0.24397388059701494,0.24375497512437808,0.24483830845771143,0.2448358208955224,0.2449402985074627,0.24419402985074626,0.24461815920398014,0.24440174129353232,0.24397388059701494,0.244294776119403,0.24321890547263683,0.24386567164179104,0.24375746268656717,0.24397388059701494,0.24386815920398008,0.2433271144278607,0.2426803482587065,0.24246641791044776,0.24235199004975122,0.24138930348258705]},"voc":{"unit":"V","value":1.1099862989793696},"jsc":{"unit":"mA\/cm2","value":19.5806},"fill_factor":{"unit":"%","value":71.53289114301087},"cell_dimension":{"value":0.0804,"unit":"cm2"},"sweep_direction":{"unit":"","value":"Reverse"},"key":"Reverse_REV1_231116"},{"V":{"value":[-0.2,-0.19,-0.18,-0.17,-0.16,-0.15,-0.14,-0.13,-0.12,-0.11,-0.1,-0.09,-0.08,-0.07,-0.06,-0.05,-0.04,-0.03,-0.02,-0.01,0,0.01,0.02,0.03,0.04,0.05,0.06,0.07,0.08,0.09,0.1,0.11,0.12,0.13,0.14,0.15,0.16,0.17,0.18,0.19,0.2,0.21,0.22,0.23,0.24,0.25,0.26,0.27,0.28,0.29,0.3,0.31,0.32,0.33,0.34,0.35,0.36,0.37,0.38,0.39,0.4,0.41,0.42,0.43,0.44,0.45,0.46,0.47,0.48,0.49,0.5,0.51,0.52,0.53,0.54,0.55,0.56,0.57,0.58,0.59,0.6,0.61,0.62,0.63,0.64,0.65,0.66,0.67,0.68,0.69,0.7,0.71,0.72,0.73,0.74,0.75,0.76,0.77,0.78,0.79,0.8,0.81,0.82,0.83,0.84,0.85,0.86,0.87,0.88,0.89,0.9,0.91,0.92,0.93,0.94,0.95,0.96,0.97,0.98,0.99,1,1.01,1.02,1.03,1.04,1.05,1.06,1.07,1.08,1.09,1.1,1.11,1.12,1.13,1.14,1.15,1.16,1.17,1.18,1.19,1.2,1.21,1.22,1.23,1.24,1.25,1.26,1.27,1.28,1.29,1.3,1.31,1.32,1.33,1.34,1.35,1.36,1.37,1.38,1.39,1.4,1.41,1.42,1.43,1.44,1.45,1.46,1.47,1.48,1.49,1.5],"unit":"V"},"J":{"value":[0.0204737,0.0202917,0.0202135,0.020204999999999997,0.0202224,0.0202825,0.0202828,0.020274,0.0202653,0.0201791,0.020187300000000002,0.0201184,0.0200924,0.0200227,0.019979399999999998,0.020005400000000003,0.0199364,0.0199534,0.019988,0.019988,0.0199709,0.0199362,0.020014,0.0199969,0.0200142,0.020005400000000003,0.0199621,0.0199362,0.0199449,0.0199099,0.0198059,0.0198059,0.019823399999999998,0.0197539,0.0197974,0.0197889,0.0197541,0.019727900000000003,0.0197283,0.0197285,0.0196848,0.0196415,0.0195983,0.0195981,0.019607,0.019615300000000002,0.0196155,0.0195808,0.0195463,0.0195981,0.0196328,0.0195458,0.0195461,0.0195808,0.019537299999999997,0.0194942,0.0194597,0.019502600000000002,0.0193815,0.0193988,0.019347,0.0193988,0.0193642,0.0193037,0.0192777,0.019217400000000003,0.0192084,0.019182200000000003,0.0191302,0.0191564,0.019052399999999997,0.0190611,0.0190261,0.018956900000000002,0.018879100000000003,0.0188183,0.018775,0.0187232,0.01868,0.0186015,0.018567,0.018471900000000003,0.0184024,0.0182724,0.0182118,0.0182031,0.0181078,0.018021000000000002,0.0179345,0.017848,0.0177094,0.017639600000000002,0.0174321,0.0173366,0.017172,0.016973,0.016747699999999997,0.0165913,0.0163662,0.0160199,0.0156558,0.015231199999999999,0.0147805,0.0142086,0.0136365,0.0129351,0.0122591,0.0114619,0.010595499999999999,0.009711629999999999,0.008654529999999999,0.007554109999999999,0.00632371,0.005067370000000001,0.0036636700000000004,0.00219064,0.000622298,-0.0010586500000000002,-0.0028609300000000002,-0.00474117,-0.00666468,-0.00870945,-0.010867100000000001,-0.0131025,-0.0154853,-0.0180154,-0.0206841,-0.0234221,-0.0263683,-0.0294876,-0.0327716,-0.0362285,-0.0398337,-0.0436718,-0.0477009,-0.0519023,-0.0562963,-0.0609308,-0.0658269,-0.0708271,-0.0760339,-0.0815265,-0.0871584,-0.0929828,-0.0989336,-0.105208,-0.111602,-0.118092,-0.124773,-0.131676,-0.138687,-0.145768,-0.153055,-0.16056600000000001,-0.168097,-0.17572900000000002,-0.183458,-0.191456,-0.199451,-0.20747900000000002,-0.215725,-0.22410400000000003,-0.232506,-0.240954,-0.249535,-0.258321,-0.26703699999999997,-0.275823,-0.284708,-0.29384899999999997,-0.30291199999999996],"unit":"A\/cm2"},"P":{"value":[4.09473,3.85542,3.63843,3.43486,3.23558,3.04237,2.8396,2.63562,2.43184,2.2197,2.01873,1.81066,1.60739,1.40159,1.19876,1.00027,0.797458,0.598601,0.399761,0.19988,0,-0.199362,-0.400281,-0.599907,-0.800569,-1.00027,-1.19772,-1.39554,-1.59559,-1.79189,-1.98059,-2.17865,-2.37881,-2.56801,-2.77164,-2.96834,-3.16065,-3.35374,-3.55109,-3.74841,-3.93696,-4.12471,-4.31163,-4.50757,-4.70567,-4.90382,-5.10002,-5.28681,-5.47297,-5.68346,-5.88984,-6.05919,-6.25477,-6.46166,-6.64268,-6.82295,-7.00548,-7.21597,-7.36497,-7.56554,-7.73882,-7.95352,-8.13296,-8.3006,-8.4822,-8.64785,-8.83586,-9.01564,-9.18251,-9.38664,-9.52622,-9.72116,-9.89356,-10.0472,-10.1947,-10.3501,-10.514,-10.6722,-10.8344,-10.9749,-11.1402,-11.2679,-11.4095,-11.5116,-11.6555,-11.832,-11.9511,-12.074,-12.1955,-12.3151,-12.3966,-12.5241,-12.5511,-12.6557,-12.7073,-12.7298,-12.7283,-12.7753,-12.7656,-12.6557,-12.5246,-12.3373,-12.12,-11.7932,-11.4547,-10.9948,-10.5428,-9.97187,-9.32408,-8.64335,-7.78908,-6.87424,-5.81781,-4.71265,-3.44385,-2.08111,-0.597406,1.02689,2.80371,4.69376,6.66468,8.79655,11.0845,13.4956,16.1047,18.9161,21.9251,25.0617,28.4778,32.1415,36.0488,40.2136,44.6138,49.3492,54.379,59.6876,65.3037,71.289,77.6757,84.2842,91.2406,98.647,106.333,114.369,122.678,131.51,140.619,149.977,159.709,169.862,180.293,190.957,202.033,213.553,225.25,237.235,249.503,262.294,275.243,288.395,302.016,315.987,330.159,344.565,359.33,374.565,389.875,405.46,421.367,437.834,454.368],"unit":"mW\/cm2"},"efficiency":{"unit":"%","value":12.7753},"I":{"unit":"A","value":[0.2546480099502488,0.25238432835820895,0.25141169154228854,0.2513059701492537,0.2515223880597015,0.2522699004975124,0.25227363184079604,0.25216417910447764,0.25205597014925374,0.25098383084577114,0.2510858208955224,0.2502288557213931,0.24990547263681592,0.24903855721393037,0.24849999999999997,0.24882338308457716,0.24796517412935323,0.2481766169154229,0.24860696517412934,0.24860696517412934,0.24839427860696517,0.2479626865671642,0.24893034825870647,0.2487176616915423,0.2489328358208955,0.24882338308457716,0.24828482587064676,0.2479626865671642,0.2480708955223881,0.2476355721393035,0.24634203980099503,0.24634203980099503,0.24655970149253728,0.24569527363184082,0.2462363184079602,0.2461305970149254,0.24569776119402986,0.24537189054726372,0.2453768656716418,0.24537935323383084,0.2448358208955224,0.24429726368159202,0.2437599502487562,0.24375746268656717,0.24386815920398008,0.2439713930348259,0.24397388059701494,0.2435422885572139,0.24311318407960197,0.24375746268656717,0.24418905472636815,0.24310696517412933,0.24311069651741293,0.2435422885572139,0.2430012437810945,0.24246517412935323,0.2420360696517413,0.24256965174129355,0.24106343283582088,0.24127860696517414,0.24063432835820894,0.24127860696517414,0.24084825870646767,0.2400957711442786,0.23977238805970147,0.23902238805970152,0.23891044776119405,0.2385845771144279,0.23793781094527364,0.2382636815920398,0.2369701492537313,0.23707835820895523,0.23664303482587065,0.23578233830845774,0.23481467661691546,0.2340584577114428,0.23351990049751245,0.23287562189054725,0.23233830845771142,0.23136194029850746,0.23093283582089552,0.22975000000000004,0.22888557213930347,0.22726865671641794,0.22651492537313433,0.22640671641791044,0.22522139303482588,0.22414179104477616,0.22306592039800993,0.22199004975124378,0.22026616915422886,0.21939800995024877,0.21681716417910446,0.21562935323383087,0.2135820895522388,0.21110696517412933,0.20830472636815917,0.2063594527363184,0.20355970149253733,0.19925248756218905,0.19472388059701493,0.18944278606965173,0.18383706467661692,0.17672388059701494,0.16960820895522388,0.16088432835820896,0.15247636815920398,0.14256094527363186,0.13178482587064674,0.12079141791044774,0.10764340796019899,0.09395659203980099,0.07865310945273632,0.06302699004975125,0.04556803482587065,0.02724676616915423,0.00774002487562189,-0.013167288557213932,-0.035583706467661694,-0.05896977611940299,-0.08289402985074627,-0.10832649253731344,-0.1351629353233831,-0.16296641791044775,-0.19260323383084577,-0.2240721393034826,-0.25726492537313433,-0.29131965174129354,-0.3279639303482587,-0.36676119402985075,-0.4076069651741293,-0.4506032338308457,-0.49544402985074626,-0.543181592039801,-0.593294776119403,-0.6455509950248756,-0.700202736318408,-0.7578457711442786,-0.8187425373134327,-0.8809340796019901,-0.9456952736318408,-1.0140111940298508,-1.0840597014925373,-1.1565024875621892,-1.2305174129353234,-1.3085572139303483,-1.388084577114428,-1.4688059701492537,-1.5519029850746269,-1.6377611940298507,-1.7249626865671643,-1.8130348258706468,-1.9036691542288557,-1.9970895522388061,-2.090758706467662,-2.1856840796019905,-2.28181592039801,-2.3812935323383084,-2.480733830845771,-2.5805845771144282,-2.683146766169154,-2.7873631840796023,-2.8918656716417908,-2.9969402985074627,-3.103669154228856,-3.2129477611940302,-3.3213557213930343,-3.4306343283582086,-3.5411442786069656,-3.654838308457711,-3.767562189054726]},"voc":{"unit":"V","value":0.9599935804382675},"jsc":{"unit":"mA\/cm2","value":19.9709},"fill_factor":{"unit":"%","value":66.63542031550557},"cell_dimension":{"value":0.0804,"unit":"cm2"},"sweep_direction":{"unit":"","value":"Forward"},"key":"Forward_FWD2_231116"},{"V":{"value":[-0.2,-0.19,-0.18,-0.17,-0.16,-0.15,-0.14,-0.13,-0.12,-0.11,-0.1,-0.09,-0.08,-0.07,-0.06,-0.05,-0.04,-0.03,-0.02,-0.01,0,0.01,0.02,0.03,0.04,0.05,0.06,0.07,0.08,0.09,0.1,0.11,0.12,0.13,0.14,0.15,0.16,0.17,0.18,0.19,0.2,0.21,0.22,0.23,0.24,0.25,0.26,0.27,0.28,0.29,0.3,0.31,0.32,0.33,0.34,0.35,0.36,0.37,0.38,0.39,0.4,0.41,0.42,0.43,0.44,0.45,0.46,0.47,0.48,0.49,0.5,0.51,0.52,0.53,0.54,0.55,0.56,0.57,0.58,0.59,0.6,0.61,0.62,0.63,0.64,0.65,0.66,0.67,0.68,0.69,0.7,0.71,0.72,0.73,0.74,0.75,0.76,0.77,0.78,0.79,0.8,0.81,0.82,0.83,0.84,0.85,0.86,0.87,0.88,0.89,0.9,0.91,0.92,0.93,0.94,0.95,0.96,0.97,0.98,0.99,1,1.01,1.02,1.03,1.04,1.05,1.06,1.07,1.08,1.09,1.1,1.11,1.12,1.13,1.14,1.15,1.16,1.17,1.18,1.19,1.2,1.21,1.22,1.23,1.24,1.25,1.26,1.27,1.28,1.29,1.3,1.31,1.32,1.33,1.34,1.35,1.36,1.37,1.38,1.39,1.4,1.41,1.42,1.43,1.44,1.45,1.46,1.47,1.48,1.49,1.5],"unit":"V"},"J":{"value":[0.019884100000000002,0.019650099999999997,0.0196328,0.0195893,0.0195897,0.0195461,0.0195286,0.019529,0.0195113,0.019485299999999997,0.0194855,0.0194855,0.019520299999999997,0.0195284,0.0195635,0.019537299999999997,0.0195635,0.0195548,0.019597899999999998,0.0195719,0.019597899999999998,0.0196239,0.019615300000000002,0.0196415,0.0196586,0.0196328,0.0196068,0.019615300000000002,0.0196239,0.0195286,0.0195721,0.019494,0.0194593,0.019502600000000002,0.019485099999999998,0.019476800000000002,0.019468,0.019442,0.019502600000000002,0.019468,0.0195109,0.0194504,0.0194071,0.0193469,0.019372599999999997,0.0193985,0.01939,0.019364,0.019320900000000002,0.0193813,0.0192777,0.0193469,0.019294699999999998,0.0192082,0.019260000000000003,0.0192689,0.0192685,0.0192602,0.019320499999999997,0.0192429,0.0192689,0.0192773,0.0192254,0.0191389,0.0192082,0.0191734,0.019156199999999998,0.019069600000000003,0.0191997,0.0190351,0.019147400000000002,0.0191127,0.0190782,0.0191214,0.019000299999999998,0.0189829,0.0189221,0.0188959,0.018826799999999998,0.0188008,0.0187659,0.018723,0.0186708,0.018645,0.0186102,0.018567,0.0185495,0.0184629,0.018419699999999997,0.0183246,0.018281099999999998,0.018168399999999998,0.0180989,0.0179778,0.0178477,0.0177177,0.0175359,0.0173973,0.01712,0.0169464,0.016625800000000003,0.016374800000000002,0.0160456,0.0157422,0.0152916,0.014823600000000001,0.0143383,0.0138186,0.0132034,0.012484199999999999,0.0117392,0.0109852,0.0100495,0.009130919999999999,0.0080046,0.0069389099999999995,0.005595869999999999,0.00425283,0.0028577499999999996,0.00130681,-0.00036548,-0.00211574,-0.00396127,-0.0059108599999999996,-0.00804236,-0.0103213,-0.012721099999999999,-0.015207700000000001,-0.017963899999999998,-0.0208225,-0.0239247,-0.0271826,-0.030700099999999998,-0.0344432,-0.0384297,-0.042597,-0.0470588,-0.0517545,-0.0566164,-0.061727899999999995,-0.0671259,-0.0727319,-0.0784931,-0.08446290000000001,-0.09066759999999999,-0.09710339999999999,-0.103639,-0.11035500000000001,-0.117475,-0.124494,-0.13172,-0.139224,-0.14671,-0.154465,-0.162282,-0.17022700000000002,-0.178422,-0.186742,-0.195084,-0.203541,-0.212233,-0.22098500000000001,-0.22984000000000002,-0.23878,-0.24784899999999999,-0.25709699999999996,-0.266339,-0.27566199999999996,-0.285176,-0.29471499999999995,-0.30449200000000004],"unit":"A\/cm2"},"P":{"value":[3.97681,3.73352,3.5339,3.33018,3.13434,2.93192,2.73401,2.53877,2.34136,2.14338,1.94855,1.75369,1.56163,1.36699,1.17381,0.976864,0.782539,0.586644,0.391959,0.195719,0,-0.196239,-0.392305,-0.589244,-0.786343,-0.981639,-1.17641,-1.37307,-1.56991,-1.75758,-1.95721,-2.14434,-2.33512,-2.53534,-2.72791,-2.92152,-3.11487,-3.30514,-3.51047,-3.69891,-3.90218,-4.08459,-4.26957,-4.44978,-4.64944,-4.84961,-5.0414,-5.22828,-5.40984,-5.62058,-5.78332,-5.99752,-6.1743,-6.33871,-6.5484,-6.7441,-6.93666,-7.12627,-7.34178,-7.50472,-7.70755,-7.90371,-8.07465,-8.22972,-8.45161,-8.62802,-8.81186,-8.9627,-9.21587,-9.3272,-9.57369,-9.74748,-9.92068,-10.1343,-10.2601,-10.4406,-10.5964,-10.7707,-10.9195,-11.0925,-11.2596,-11.421,-11.5759,-11.7463,-11.9105,-12.0686,-12.2427,-12.3701,-12.5254,-12.644,-12.7968,-12.8996,-13.0312,-13.1238,-13.2073,-13.2883,-13.3273,-13.3959,-13.3536,-13.3876,-13.3006,-13.2636,-13.1574,-13.066,-12.8449,-12.6,-12.331,-12.0222,-11.619,-11.111,-10.5653,-9.99657,-9.2455,-8.49175,-7.52432,-6.59196,-5.37204,-4.12525,-2.8006,-1.29375,0.36548,2.1369,4.0405,6.08818,8.36405,10.8373,13.4844,16.2723,19.401,22.6965,26.3171,30.1726,34.3841,38.9208,43.8098,48.9865,54.5882,60.5528,66.8073,73.4562,80.5511,88.0056,95.7616,103.889,112.428,121.379,130.586,140.15,150.367,160.597,171.236,182.383,193.657,205.438,217.458,229.807,242.654,255.837,269.216,282.922,297.127,311.589,326.373,341.455,356.903,372.79,388.855,405.223,422.06,439.126,456.738],"unit":"mW\/cm2"},"efficiency":{"unit":"%","value":13.3959},"I":{"unit":"A","value":[0.24731467661691545,0.24440422885572136,0.24418905472636815,0.24364800995024877,0.24365298507462688,0.24311069651741293,0.24289303482587066,0.24289800995024877,0.2426778606965174,0.24235447761194026,0.24235696517412936,0.24235696517412936,0.24278980099502484,0.24289054726368162,0.2433271144278607,0.2430012437810945,0.2433271144278607,0.24321890547263683,0.24375497512437808,0.243431592039801,0.24375497512437808,0.2440783582089552,0.2439713930348259,0.24429726368159202,0.2445099502487562,0.24418905472636815,0.24386567164179104,0.2439713930348259,0.2440783582089552,0.24289303482587066,0.24343407960199004,0.2424626865671642,0.24203109452736318,0.24256965174129355,0.24235199004975122,0.24224875621890551,0.24213930348258705,0.24181592039800998,0.24256965174129355,0.24213930348258705,0.2426728855721393,0.24192039800995024,0.2413818407960199,0.24063308457711444,0.2409527363184079,0.24127487562189054,0.24116915422885574,0.2408457711442786,0.24030970149253733,0.24106094527363184,0.23977238805970147,0.24063308457711444,0.23998383084577113,0.238907960199005,0.23955223880597018,0.23966293532338306,0.23965796019900498,0.23955472636815922,0.24030472636815917,0.23933955223880599,0.23966293532338306,0.2397674129353234,0.23912189054726368,0.2380460199004975,0.238907960199005,0.23847512437810944,0.23826119402985071,0.2371840796019901,0.23880223880597015,0.2367549751243781,0.23815174129353237,0.23772014925373133,0.2372910447761194,0.23782835820895523,0.23632213930348256,0.23610572139303485,0.2353495024875622,0.23502363184079603,0.2341641791044776,0.2338407960199005,0.23340671641791044,0.2328731343283582,0.23222388059701493,0.23190298507462684,0.23147014925373136,0.23093283582089552,0.23071517412935325,0.22963805970149254,0.22910074626865667,0.2279179104477612,0.22737686567164178,0.22597512437810943,0.22511069651741294,0.22360447761194027,0.2219863184079602,0.22036940298507462,0.21810820895522387,0.21638432835820898,0.21293532338308457,0.21077611940298507,0.20678855721393039,0.2036666666666667,0.19957213930348258,0.1957985074626866,0.19019402985074627,0.18437313432835822,0.17833706467661692,0.1718731343283582,0.16422139303482589,0.15527611940298505,0.1460099502487562,0.13663184079601992,0.12499378109452736,0.1135686567164179,0.09955970149253732,0.08630485074626865,0.06960037313432835,0.05289589552238806,0.035544154228855714,0.016253855721393037,-0.004545771144278607,-0.026315174129353237,-0.04926952736318408,-0.0735181592039801,-0.10002935323383084,-0.12837437810945274,-0.1582226368159204,-0.18915049751243782,-0.22343159203980098,-0.2589863184079602,-0.2975708955223881,-0.33809203980099506,-0.381842039800995,-0.42839800995024874,-0.47798134328358205,-0.5298134328358209,-0.5853084577114428,-0.6437126865671642,-0.70418407960199,-0.7677599502487562,-0.8348992537313433,-0.9046256218905473,-0.9762823383084577,-1.0505335820895523,-1.1277064676616915,-1.2077537313432836,-1.289042288557214,-1.3725746268656718,-1.4611318407960199,-1.5484328358208954,-1.6383084577114428,-1.731641791044776,-1.8247512437810947,-1.9212064676616913,-2.018432835820896,-2.117251243781095,-2.219179104477612,-2.3226616915422884,-2.4264179104477615,-2.5316044776119404,-2.639713930348259,-2.7485696517412936,-2.858706467661692,-2.969900497512438,-3.082699004975124,-3.1977238805970147,-3.312674129353234,-3.4286318407960197,-3.546965174129353,-3.6656094527363177,-3.7872139303482593]},"voc":{"unit":"V","value":0.9899869148001299},"jsc":{"unit":"mA\/cm2","value":19.5979},"fill_factor":{"unit":"%","value":69.04510672399589},"cell_dimension":{"value":0.0804,"unit":"cm2"},"sweep_direction":{"unit":"","value":"Forward"},"key":"Forward_FWD1_231116"}]}}