{"_id":"64f55793b9b715759f020684","id":"CNU_EEML-SC-00013","author":62,"group":6,"input":[{"tco":{"unit":"","value":"ITO"}},[],{"etl":[{"material":{"unit":"","value":"SnO2_NP"},"concentration":{"unit":"","value":"1:5 ratio (in H2O)"},"conc_unit":{"unit":"","value":"none"},"quantity":{"unit":"ml","value":"0.2"}}],"spin_coating":[{"type":{"unit":"","value":"drop&run"},"rpm":{"unit":"","value":"3000"},"time":{"unit":"s","value":"30"}}],"annealing":[{"temperature":{"unit":"oC","value":"100"},"time":{"unit":"m","value":"10"}}]},[],{"perovskite":{"method":{"unit":"","value":"1step"},"molarity":{"unit":"M","value":"1.6"},"a_site":[{"material":{"unit":"","value":"FA"},"ratio":{"unit":"","value":"100"}}],"b_site":[{"material":{"unit":"","value":"Pb"},"ratio":{"unit":"","value":"100"}}],"x_site":[{"material":{"unit":"","value":"I"},"ratio":{"unit":"","value":"100"}},{"material":{"unit":"","value":"none"},"ratio":{"unit":"","value":"5"}}],"solvent":[{"material":{"unit":"","value":"DMF"},"volume":{"unit":"ml","value":"0.8"}},{"material":{"unit":"","value":"DMSO"},"volume":{"unit":"ml","value":"0.2"}}],"additive":[{"material":{"unit":"","value":"MaCl"},"solvent":{"unit":"","value":"none"},"concentration":{"unit":"","value":""},"conc_unit":{"unit":"","value":"none"},"quantity":{"unit":"mol%","value":"40"}}],"antisolvent":[{"material":{"unit":"","value":"DEE"},"quantity":{"unit":"ul","value":"1000"},"dripping_time":{"unit":"s","value":"8"}}],"spin_coating":[{"type":{"unit":"","value":"drop&run"},"rpm":{"unit":"","value":"5000"},"time":{"unit":"s","value":"30"}}],"annealing":[{"temperature":{"unit":"oC","value":"150"},"time":{"unit":"m","value":"10"}}],"atmosphere":[{"type":{"unit":"","value":"air"},"temperature":{"unit":"oC","value":"26"},"humidity":{"unit":"RH%","value":"18"}}]}},{"htl":[{"material":{"unit":"","value":"Spiro-OMeTAD"},"concentration":{"unit":"","value":"91"},"conc_unit":{"unit":"","value":"mg\/ml"},"quantity":{"unit":"ml","value":"0.07"}}],"solvent":[{"material":{"unit":"","value":"CB"},"volume":{"unit":"ml","value":"1.1"}}],"htl_doping":[{"material":{"unit":"","value":"Li-TFSI"},"volume":{"unit":"ul","value":"23"}},{"material":{"unit":"","value":"Co-TFSI"},"volume":{"unit":"ul","value":"10"}},{"material":{"unit":"","value":"tBP"},"volume":{"unit":"ul","value":"39"}}],"spin_coating":[{"type":{"unit":"","value":"dynamic"},"rpm":{"unit":"","value":"2000"},"time":{"unit":"s","value":"30"}}]},{"anode_metal":{"unit":"","value":"Ag"}},{"note":{"unit":"","value":"NIP FAPbI3 1.6M 5000RPM"},"ar":{"unit":"","value":"0"},"type":{"unit":"","value":"unit_cell"},"device_type":{"unit":"","value":"n-i-p"},"temperature":{"unit":"oC","value":"26"},"humidity":{"unit":"%","value":"18"},"cell_dimension":{"unit":"cm2","value":"0.0804"}}],"fileinfo":[{"key":"Forward_FWD1.6M500RPM4_230901","uploadType":"JV","original_name":"FWD1.6M500RPM4_230901-164035_FWD_D.dat","save_name":"CNU_EEML-SC-00013\/Forward_FWD1.6M500RPM4_230901","uploader":62,"fileType":""},{"key":"Reverse_rev1.6M500RPM4_230901","uploadType":"JV","original_name":"rev1.6M500RPM4_230901-164035_REV.dat","save_name":"CNU_EEML-SC-00013\/Reverse_rev1.6M500RPM4_230901","uploader":62,"fileType":""},{"key":"Forward_FWD1.6M500RPM5_230901","uploadType":"JV","original_name":"FWD1.6M500RPM5_230901-164210_FWD_D.dat","save_name":"CNU_EEML-SC-00013\/Forward_FWD1.6M500RPM5_230901","uploader":62,"fileType":""},{"key":"Reverse_rev1.6M500RPM5_230901","uploadType":"JV","original_name":"rev1.6M500RPM5_230901-164210_REV.dat","save_name":"CNU_EEML-SC-00013\/Reverse_rev1.6M500RPM5_230901","uploader":62,"fileType":""},{"key":"Forward_FWD1.6M500RPM6_230901","uploadType":"JV","original_name":"FWD1.6M500RPM6_230901-164236_FWD_D.dat","save_name":"CNU_EEML-SC-00013\/Forward_FWD1.6M500RPM6_230901","uploader":62,"fileType":""},{"key":"Reverse_rev1.6M500RPM6_230901","uploadType":"JV","original_name":"rev1.6M500RPM6_230901-164236_REV.dat","save_name":"CNU_EEML-SC-00013\/Reverse_rev1.6M500RPM6_230901","uploader":62,"fileType":""},{"key":"Forward_FWD1.6M500RPM7_230901","uploadType":"JV","original_name":"FWD1.6M500RPM7_230901-164307_FWD_D.dat","save_name":"CNU_EEML-SC-00013\/Forward_FWD1.6M500RPM7_230901","uploader":62,"fileType":""},{"key":"Reverse_rev1.6M500RPM7_230901","uploadType":"JV","original_name":"rev1.6M500RPM7_230901-164307_REV.dat","save_name":"CNU_EEML-SC-00013\/Reverse_rev1.6M500RPM7_230901","uploader":62,"fileType":""},{"key":"Forward_FWD1.6M500RPM11_230901","uploadType":"JV","original_name":"FWD1.6M500RPM11_230901-164540_FWD_D.dat","save_name":"CNU_EEML-SC-00013\/Forward_FWD1.6M500RPM11_230901","uploader":62,"fileType":""},{"key":"Reverse_rev1.6M500RPM11_230901","uploadType":"JV","original_name":"rev1.6M500RPM11_230901-164540_REV.dat","save_name":"CNU_EEML-SC-00013\/Reverse_rev1.6M500RPM11_230901","uploader":62,"fileType":""}],"updated_at":"2024-08-23 07:41:43","created_at":"2023-09-04 04:05:39","jvcnt":10,"analysisInfo":{"JV":[{"efficiency":17.8314,"fill_factor":78.3633455399116,"jsc":22.5295,"voc":1.0099989446113962,"key":"Reverse_rev1.6M500RPM7_230901","cell_dimension":0.804},{"efficiency":17.3585,"fill_factor":77.28667265007064,"jsc":22.4599,"voc":0.9999994590242165,"key":"Reverse_rev1.6M500RPM6_230901","cell_dimension":0.804},{"efficiency":17.4908,"fill_factor":76.48796072481086,"jsc":22.8674,"voc":0.9999995465740958,"key":"Reverse_rev1.6M500RPM5_230901","cell_dimension":0.804},{"efficiency":17.1928,"fill_factor":79.56673528371677,"jsc":21.3942,"voc":1.0099945281857143,"key":"Reverse_rev1.6M500RPM4_230901","cell_dimension":0.804},{"efficiency":17.7997,"fill_factor":76.25830480258158,"jsc":22.8839,"voc":1.019989015050479,"key":"Reverse_rev1.6M500RPM11_230901","cell_dimension":0.804},{"efficiency":15.561,"fill_factor":72.53583546092567,"jsc":22.347,"voc":0.9599876724507297,"key":"Forward_FWD1.6M500RPM7_230901","cell_dimension":0.804},{"efficiency":14.5238,"fill_factor":69.34755736868742,"jsc":22.5201,"voc":0.9299910663345965,"key":"Forward_FWD1.6M500RPM6_230901","cell_dimension":0.804},{"efficiency":13.1817,"fill_factor":64.5139277537815,"jsc":22.7028,"voc":0.8999917255766346,"key":"Forward_FWD1.6M500RPM5_230901","cell_dimension":0.804},{"efficiency":14.0043,"fill_factor":70.41035256867475,"jsc":21.3868,"voc":0.9299917127761769,"key":"Forward_FWD1.6M500RPM4_230901","cell_dimension":0.804},{"efficiency":14.1575,"fill_factor":65.06039490553971,"jsc":22.6674,"voc":0.95999322213081,"key":"Forward_FWD1.6M500RPM11_230901","cell_dimension":0.804}]},"public":2,"tags":[],"analysis":{"JV":[{"V":{"value":[1.5,1.49,1.48,1.47,1.46,1.45,1.44,1.43,1.42,1.41,1.4,1.39,1.38,1.37,1.36,1.35,1.34,1.33,1.32,1.31,1.3,1.29,1.28,1.27,1.26,1.25,1.24,1.23,1.22,1.21,1.2,1.19,1.18,1.17,1.16,1.15,1.14,1.13,1.12,1.11,1.1,1.09,1.08,1.07,1.06,1.05,1.04,1.03,1.02,1.01,1,0.99,0.98,0.97,0.96,0.95,0.94,0.93,0.92,0.91,0.9,0.89,0.88,0.87,0.86,0.85,0.84,0.83,0.82,0.81,0.8,0.79,0.78,0.77,0.76,0.75,0.74,0.73,0.72,0.71,0.7,0.69,0.68,0.67,0.66,0.65,0.64,0.63,0.62,0.61,0.6,0.59,0.58,0.57,0.56,0.55,0.54,0.53,0.52,0.51,0.5,0.49,0.48,0.47,0.46,0.45,0.44,0.43,0.42,0.41,0.4,0.39,0.38,0.37,0.36,0.35,0.34,0.33,0.32,0.31,0.3,0.29,0.28,0.27,0.26,0.25,0.24,0.23,0.22,0.21,0.2,0.19,0.18,0.17,0.16,0.15,0.14,0.13,0.12,0.11,0.1,0.09,0.08,0.07,0.06,0.05,0.04,0.03,0.02,0.01,0,-0.01,-0.02,-0.03,-0.04,-0.05,-0.06,-0.07,-0.08,-0.09,-0.1,-0.11,-0.12,-0.13,-0.14,-0.15,-0.16,-0.17,-0.18,-0.19,-0.2],"unit":"V"},"J":{"value":[-0.162289,-0.163684,-0.160702,-0.15696000000000002,-0.152745,-0.148564,-0.144375,-0.14016599999999999,-0.135957,-0.131759,-0.12767799999999999,-0.123606,-0.119524,-0.115505,-0.111508,-0.10756600000000001,-0.103587,-0.0997327,-0.0958834,-0.09206199999999999,-0.08831069999999999,-0.0845916,-0.0809546,-0.0773064,-0.0736583,-0.070164,-0.0667345,-0.0632578,-0.0599148,-0.0566138,-0.053424900000000004,-0.050201300000000004,-0.0470712,-0.0440045,-0.0410075,-0.038043799999999996,-0.0350265,-0.0321323,-0.0292912,-0.026396100000000002,-0.0236061,-0.0207377,-0.0181123,-0.015295999999999999,-0.0126357,-0.00999249,-0.00744515,-0.00491485,-0.00242783,-0.00010555,0.0021994799999999998,0.00443523,0.00655824,0.008542719999999998,0.0103972,0.0121646,0.0137506,0.015128,0.0163246,0.0173901,0.0182825,0.019079699999999998,0.019729299999999998,0.020197600000000003,0.0206397,0.020978100000000003,0.021168500000000003,0.021445799999999998,0.021679200000000003,0.021765999999999997,0.0218353,0.0220089,0.0220346,0.0221044,0.0221306,0.022199899999999998,0.0222424,0.0222866,0.0222264,0.0222784,0.0223206,0.0222948,0.022294599999999998,0.0223126,0.022407,0.022459700000000003,0.0224946,0.0225377,0.022598299999999998,0.0225897,0.022633,0.022547,0.0224941,0.022459499999999997,0.022493700000000002,0.0223988,0.0223808,0.0223295,0.0222602,0.0222261,0.0222781,0.022346800000000003,0.022364799999999997,0.022407299999999998,0.022425,0.0224506,0.0224515,0.022494399999999998,0.0225028,0.0225637,0.0225632,0.0226159,0.0225463,0.0225197,0.022572099999999998,0.022537500000000002,0.0224855,0.0224512,0.0223646,0.0225206,0.0224857,0.0224508,0.022416799999999997,0.0224512,0.0224421,0.0224684,0.0225028,0.0225639,0.022588999999999998,0.0226503,0.022520099999999998,0.0223988,0.0223473,0.0222859,0.0222944,0.0221384,0.0222001,0.0223561,0.0224339,0.022581,0.0226154,0.0226588,0.0226326,0.022572099999999998,0.022459499999999997,0.022441700000000002,0.022424600000000003,0.0224686,0.022425,0.0224857,0.022529499999999997,0.0224772,0.022503,0.0225123,0.0225639,0.0225032,0.0225637,0.022555,0.0225377,0.0224857,0.0225288,0.0225119,0.0225203,0.0225377,0.0225026,0.022520099999999998,0.0225206,0.022502099999999997,0.0225119,0.0224508,0.0224599],"unit":"A\/cm2"},"P":{"value":[243.433,243.889,237.838,230.731,223.008,215.418,207.899,200.437,193.059,185.78,178.749,171.813,164.943,158.242,151.651,145.215,138.806,132.645,126.566,120.601,114.804,109.123,103.622,98.1792,92.8094,87.705,82.7508,77.8071,73.096,68.5027,64.1098,59.7395,55.544,51.4853,47.5687,43.7504,39.9302,36.3095,32.8062,29.2997,25.9668,22.6041,19.5613,16.3667,13.3939,10.4921,7.74296,5.0623,2.47639,0.106606,-2.19948,-4.39087,-6.42707,-8.28644,-9.98128,-11.5564,-12.9256,-14.069,-15.0186,-15.825,-16.4543,-16.981,-17.3617,-17.5719,-17.7502,-17.8314,-17.7815,-17.8,-17.7769,-17.6305,-17.4683,-17.387,-17.187,-17.0204,-16.8193,-16.65,-16.4594,-16.2692,-16.003,-15.8176,-15.6244,-15.3834,-15.1603,-14.9494,-14.7886,-14.5988,-14.3965,-14.1987,-14.011,-13.7797,-13.5798,-13.3027,-13.0466,-12.8019,-12.5965,-12.3193,-12.0856,-11.8346,-11.5753,-11.3353,-11.1391,-10.9499,-10.7351,-10.5314,-10.3155,-10.1028,-9.87864,-9.67257,-9.45118,-9.25111,-9.02529,-8.82019,-8.56761,-8.33229,-8.12596,-7.88811,-7.64506,-7.40891,-7.15667,-6.98138,-6.74571,-6.51073,-6.2767,-6.06184,-5.83496,-5.61709,-5.40067,-5.1897,-4.96958,-4.75657,-4.50402,-4.25577,-4.02251,-3.78861,-3.5671,-3.32076,-3.10802,-2.9063,-2.69207,-2.48391,-2.26154,-2.03929,-1.81061,-1.58005,-1.34757,-1.12209,-0.896984,-0.674057,-0.448501,-0.224857,0,0.224772,0.45006,0.67537,0.902556,1.12516,1.35382,1.57885,1.80301,2.02371,2.25288,2.47631,2.70244,2.9299,3.15036,3.37802,3.60329,3.82536,4.05214,4.26565,4.49198],"unit":"mW\/cm2"},"efficiency":{"unit":"%","value":17.8314},"I":{"unit":"A","value":[-0.2018519900497512,-0.20358706467661689,-0.19987810945273632,-0.19522388059701493,-0.18998134328358207,-0.1847810945273632,-0.17957089552238806,-0.17433582089552235,-0.1691007462686567,-0.16387935323383082,-0.15880348258706464,-0.15373880597014924,-0.14866169154228856,-0.14366293532338306,-0.1386915422885572,-0.13378855721393035,-0.12883955223880597,-0.12404564676616914,-0.11925796019900496,-0.11450497512437809,-0.1098391791044776,-0.1052134328358209,-0.10068980099502488,-0.09615223880597014,-0.09161480099502486,-0.08726865671641791,-0.08300310945273631,-0.07867885572139303,-0.07452089552238805,-0.07041517412935323,-0.06644888059701493,-0.06243942786069652,-0.058546268656716416,-0.05473196517412935,-0.051004353233830846,-0.04731815920398009,-0.043565298507462685,-0.039965547263681594,-0.036431840796019896,-0.032830970149253735,-0.029360820895522388,-0.0257931592039801,-0.02252773631840796,-0.019024875621890546,-0.015716044776119403,-0.01242847014925373,-0.009260136815920398,-0.006112997512437811,-0.0030196890547263683,-0.00013128109452736317,0.002735671641791044,0.005516455223880597,0.008157014925373133,0.010625273631840794,0.012931840796019901,0.015130099502487561,0.01710273631840796,0.01881592039800995,0.020304228855721394,0.021629477611940295,0.022739427860696517,0.023730970149253728,0.024538930348258704,0.025121393034825874,0.025671268656716418,0.02609216417910448,0.02632898009950249,0.02667388059701492,0.026964179104477612,0.02707213930348258,0.02715833333333333,0.027374253731343282,0.027406218905472637,0.027493034825870646,0.02752562189054726,0.027611815920398006,0.02766467661691542,0.02771965174129353,0.027644776119402983,0.027709452736318408,0.02776194029850746,0.027729850746268655,0.027729601990049747,0.02775199004975124,0.027869402985074624,0.02793495024875622,0.027978358208955223,0.028031965174129352,0.028107338308457706,0.028096641791044777,0.02815049751243781,0.028043532338308457,0.02797773631840796,0.02793470149253731,0.02797723880597015,0.0278592039800995,0.02783681592039801,0.027773009950248752,0.027686815920398008,0.027644402985074625,0.027709079601990046,0.027794527363184083,0.027816915422885568,0.02786977611940298,0.02789179104477612,0.02792363184079602,0.02792475124378109,0.027978109452736315,0.027988557213930346,0.028064303482587063,0.0280636815920398,0.028129228855721392,0.028042661691542285,0.02800957711442786,0.02807475124378109,0.028031716417910447,0.027967039800995023,0.027924378109452735,0.027816666666666663,0.028010696517412937,0.02796728855721393,0.027923880597014925,0.02788159203980099,0.027924378109452735,0.027913059701492535,0.027945771144278604,0.027988557213930346,0.02806455223880597,0.0280957711442786,0.028172014925373134,0.028010074626865666,0.0278592039800995,0.027795149253731343,0.027718781094527363,0.027729353233830842,0.027535323383084575,0.027612064676616914,0.027806094527363184,0.02790286069651741,0.028085820895522386,0.02812860696517413,0.028182587064676613,0.028149999999999998,0.02807475124378109,0.02793470149253731,0.02791256218905473,0.02789129353233831,0.02794601990049751,0.02789179104477612,0.02796728855721393,0.028021766169154225,0.027956716417910445,0.02798880597014925,0.028000373134328356,0.02806455223880597,0.02798905472636816,0.028064303482587063,0.028053482587064672,0.028031965174129352,0.02796728855721393,0.02802089552238806,0.027999875621890546,0.028010323383084575,0.028031965174129352,0.02798830845771144,0.028010074626865666,0.028010696517412937,0.027987686567164174,0.027999875621890546,0.027923880597014925,0.027935199004975125]},"voc":{"unit":"V","value":1.0099989446113962},"jsc":{"unit":"mA\/cm2","value":22.5295},"fill_factor":{"unit":"%","value":78.3633455399116},"cell_dimension":{"value":0.804,"unit":"cm2"},"sweep_direction":{"unit":"","value":"Reverse"},"key":"Reverse_rev1.6M500RPM7_230901"},{"V":{"value":[1.5,1.49,1.48,1.47,1.46,1.45,1.44,1.43,1.42,1.41,1.4,1.39,1.38,1.37,1.36,1.35,1.34,1.33,1.32,1.31,1.3,1.29,1.28,1.27,1.26,1.25,1.24,1.23,1.22,1.21,1.2,1.19,1.18,1.17,1.16,1.15,1.14,1.13,1.12,1.11,1.1,1.09,1.08,1.07,1.06,1.05,1.04,1.03,1.02,1.01,1,0.99,0.98,0.97,0.96,0.95,0.94,0.93,0.92,0.91,0.9,0.89,0.88,0.87,0.86,0.85,0.84,0.83,0.82,0.81,0.8,0.79,0.78,0.77,0.76,0.75,0.74,0.73,0.72,0.71,0.7,0.69,0.68,0.67,0.66,0.65,0.64,0.63,0.62,0.61,0.6,0.59,0.58,0.57,0.56,0.55,0.54,0.53,0.52,0.51,0.5,0.49,0.48,0.47,0.46,0.45,0.44,0.43,0.42,0.41,0.4,0.39,0.38,0.37,0.36,0.35,0.34,0.33,0.32,0.31,0.3,0.29,0.28,0.27,0.26,0.25,0.24,0.23,0.22,0.21,0.2,0.19,0.18,0.17,0.16,0.15,0.14,0.13,0.12,0.11,0.1,0.09,0.08,0.07,0.06,0.05,0.04,0.03,0.02,0.01,0,-0.01,-0.02,-0.03,-0.04,-0.05,-0.06,-0.07,-0.08,-0.09,-0.1,-0.11,-0.12,-0.13,-0.14,-0.15,-0.16,-0.17,-0.18,-0.19,-0.2],"unit":"V"},"J":{"value":[-0.16473500000000002,-0.16697499999999998,-0.164346,-0.160809,-0.15685400000000002,-0.15278999999999998,-0.148687,-0.14453200000000002,-0.140404,-0.136284,-0.132179,-0.128131,-0.124068,-0.119999,-0.11597199999999999,-0.111979,-0.10802500000000001,-0.10405500000000001,-0.100104,-0.0962347,-0.0923698,-0.0884659,-0.0846911,-0.0808861,-0.0771158,-0.0733701,-0.0696108,-0.06597929999999999,-0.062349800000000004,-0.0587548,-0.0551916,-0.0516739,-0.048284799999999996,-0.0448542,-0.0415782,-0.0383113,-0.0352084,-0.032089,-0.0291523,-0.02631,-0.0235548,-0.0208336,-0.0182681,-0.0158679,-0.0134416,-0.0111544,-0.00884895,-0.0065958100000000006,-0.00440372,-0.00221129,-5.35595e-5,0.00202615,0.00400195,0.00595153,0.007762590000000001,0.00945243,0.0110472,0.0125727,0.0139846,0.0151631,0.016332799999999998,0.017295500000000002,0.0181524,0.0189588,0.019513000000000003,0.019912,0.020388200000000002,0.020804800000000002,0.0211689,0.0213765,0.0216878,0.021783300000000002,0.021966,0.0220704,0.0221477,0.0222088,0.022329699999999997,0.022295000000000002,0.0222688,0.0222688,0.0223646,0.0224079,0.022424399999999997,0.0224508,0.0224421,0.022407299999999998,0.022399000000000002,0.0223813,0.0223901,0.0223561,0.022381,0.0223475,0.0223561,0.022425,0.0224157,0.0224419,0.022373,0.0224164,0.022425,0.0224432,0.0224508,0.022434100000000002,0.0224768,0.0225206,0.022520099999999998,0.022442399999999998,0.022459700000000003,0.0224939,0.022442399999999998,0.0224681,0.0224428,0.0224506,0.0224684,0.0224506,0.0224337,0.0224681,0.0224761,0.0225119,0.022477,0.0224772,0.0225028,0.0225121,0.0224252,0.0224603,0.0224679,0.022520099999999998,0.022511,0.022494399999999998,0.0224081,0.0225119,0.0224426,0.0223908,0.0224419,0.022416799999999997,0.0224504,0.0224161,0.0223381,0.0223217,0.0222953,0.0222864,0.022346599999999998,0.0224337,0.022399699999999998,0.022381900000000003,0.0223979,0.022494800000000002,0.0224335,0.0224679,0.0224506,0.0225119,0.0224599,0.0224684,0.022477,0.0225212,0.0225461,0.0225979,0.0225643,0.022667200000000002,0.0226239,0.022632799999999998,0.0225284,0.0225554,0.0225806,0.0225641,0.0225466,0.0225203,0.0225377,0.0224939,0.0225203,0.022459700000000003,0.0224857],"unit":"A\/cm2"},"P":{"value":[247.102,248.793,243.232,236.389,229.007,221.546,214.109,206.681,199.374,192.16,185.051,178.102,171.214,164.399,157.722,151.172,144.753,138.393,132.138,126.067,120.081,114.121,108.405,102.725,97.1659,91.7127,86.3174,81.1546,76.0667,71.0932,66.2299,61.4919,56.976,52.4794,48.2307,44.058,40.1376,36.2605,32.6506,29.2041,25.9103,22.7086,19.7295,16.9787,14.2481,11.7121,9.20291,6.79369,4.4918,2.2334,0.0535595,-2.00589,-3.92191,-5.77299,-7.45209,-8.97981,-10.3844,-11.6926,-12.8658,-13.7984,-14.6995,-15.393,-15.9741,-16.4941,-16.7812,-16.9252,-17.1261,-17.268,-17.3585,-17.315,-17.3502,-17.2088,-17.1334,-16.9942,-16.8323,-16.6566,-16.524,-16.2754,-16.0336,-15.8109,-15.6552,-15.4615,-15.2486,-15.042,-14.8118,-14.5647,-14.3354,-14.1002,-13.8819,-13.6372,-13.4286,-13.185,-12.9666,-12.7823,-12.5528,-12.3431,-12.0814,-11.8807,-11.661,-11.446,-11.2254,-10.9927,-10.7889,-10.5847,-10.3593,-10.0991,-9.88226,-9.67238,-9.42579,-9.21194,-8.97712,-8.75573,-8.53798,-8.30672,-8.07613,-7.86385,-7.64189,-7.42893,-7.19264,-6.96794,-6.75084,-6.52852,-6.27907,-6.06429,-5.84166,-5.63003,-5.40264,-5.1737,-4.92979,-4.7275,-4.48851,-4.25425,-4.03954,-3.81086,-3.59206,-3.36242,-3.12734,-2.90182,-2.67543,-2.4515,-2.23466,-2.01903,-1.79198,-1.56673,-1.34388,-1.12474,-0.897339,-0.674037,-0.449012,-0.225119,0,0.224684,0.44954,0.675637,0.901845,1.12989,1.35386,1.58671,1.80991,2.03695,2.25284,2.4811,2.70967,2.93334,3.15652,3.37805,3.60603,3.82397,4.05366,4.26734,4.49714],"unit":"mW\/cm2"},"efficiency":{"unit":"%","value":17.3585},"I":{"unit":"A","value":[-0.20489427860696519,-0.20768034825870643,-0.20441044776119402,-0.20001119402985074,-0.19509203980099504,-0.19003731343283578,-0.18493407960199004,-0.17976616915422888,-0.1746318407960199,-0.16950746268656713,-0.16440174129353233,-0.15936691542288556,-0.15431343283582089,-0.14925248756218903,-0.14424378109452735,-0.1392773631840796,-0.1343594527363184,-0.1294216417910448,-0.12450746268656715,-0.11969490049751244,-0.11488781094527363,-0.11003221393034825,-0.10533718905472637,-0.10060460199004975,-0.09591517412935323,-0.09125634328358208,-0.08658059701492536,-0.08206380597014924,-0.07754950248756219,-0.07307810945273632,-0.06864626865671641,-0.06427101990049751,-0.06005572139303482,-0.05578880597014925,-0.05171417910447761,-0.047650870646766166,-0.043791542288557216,-0.039911691542288553,-0.03625907960199005,-0.03272388059701492,-0.029297014925373132,-0.025912437810945273,-0.02272151741293532,-0.019736194029850745,-0.016718407960199005,-0.013873631840796019,-0.011006156716417909,-0.008203743781094527,-0.005477263681592039,-0.0027503606965174126,-6.66162935323383e-5,0.0025200870646766168,0.00497754975124378,0.0074024004975124374,0.009654962686567164,0.011756753731343283,0.013740298507462686,0.015637686567164178,0.017393781094527362,0.018859577114427862,0.020314427860696514,0.02151181592039801,0.022577611940298507,0.02358059701492537,0.024269900497512438,0.024766169154228853,0.025358457711442788,0.025876616915422885,0.026329477611940297,0.026587686567164176,0.026974875621890545,0.027093656716417912,0.027320895522388058,0.027450746268656716,0.02754689054726368,0.027622885572139304,0.027773258706467657,0.027730099502487563,0.02769751243781094,0.02769751243781094,0.027816666666666663,0.0278705223880597,0.027891044776119398,0.027923880597014925,0.027913059701492535,0.02786977611940298,0.02785945273631841,0.027837437810945272,0.027848383084577114,0.027806094527363184,0.027837064676616917,0.027795398009950248,0.027806094527363184,0.02789179104477612,0.027880223880597015,0.02791281094527363,0.027827114427860695,0.027881094527363183,0.02789179104477612,0.027914427860696516,0.027923880597014925,0.02790310945273632,0.027956218905472636,0.028010696517412937,0.028010074626865666,0.02791343283582089,0.02793495024875622,0.027977487562189055,0.02791343283582089,0.02794539800995025,0.027913930348258703,0.02792363184079602,0.027945771144278604,0.02792363184079602,0.027902611940298506,0.02794539800995025,0.027955348258706464,0.027999875621890546,0.02795646766169154,0.027956716417910445,0.027988557213930346,0.02800012437810945,0.02789203980099502,0.02793569651741293,0.02794514925373134,0.028010074626865666,0.02799875621890547,0.027978109452736315,0.027870771144278605,0.027999875621890546,0.0279136815920398,0.027849253731343282,0.02791281094527363,0.02788159203980099,0.027923383084577112,0.027880721393034824,0.02778370646766169,0.027763308457711442,0.02773047263681592,0.027719402985074627,0.02779427860696517,0.027902611940298506,0.027860323383084574,0.027838184079601994,0.027858084577114424,0.02797860696517413,0.027902363184079598,0.02794514925373134,0.02792363184079602,0.027999875621890546,0.027935199004975125,0.027945771144278604,0.02795646766169154,0.02801144278606965,0.02804241293532338,0.0281068407960199,0.028065049751243777,0.02819303482587065,0.028139179104477607,0.028150248756218903,0.028020398009950247,0.028053980099502485,0.028085323383084573,0.028064800995024872,0.028043034825870644,0.028010323383084575,0.028031965174129352,0.027977487562189055,0.028010323383084575,0.02793495024875622,0.02796728855721393]},"voc":{"unit":"V","value":0.9999994590242165},"jsc":{"unit":"mA\/cm2","value":22.4599},"fill_factor":{"unit":"%","value":77.28667265007064},"cell_dimension":{"value":0.804,"unit":"cm2"},"sweep_direction":{"unit":"","value":"Reverse"},"key":"Reverse_rev1.6M500RPM6_230901"},{"V":{"value":[1.5,1.49,1.48,1.47,1.46,1.45,1.44,1.43,1.42,1.41,1.4,1.39,1.38,1.37,1.36,1.35,1.34,1.33,1.32,1.31,1.3,1.29,1.28,1.27,1.26,1.25,1.24,1.23,1.22,1.21,1.2,1.19,1.18,1.17,1.16,1.15,1.14,1.13,1.12,1.11,1.1,1.09,1.08,1.07,1.06,1.05,1.04,1.03,1.02,1.01,1,0.99,0.98,0.97,0.96,0.95,0.94,0.93,0.92,0.91,0.9,0.89,0.88,0.87,0.86,0.85,0.84,0.83,0.82,0.81,0.8,0.79,0.78,0.77,0.76,0.75,0.74,0.73,0.72,0.71,0.7,0.69,0.68,0.67,0.66,0.65,0.64,0.63,0.62,0.61,0.6,0.59,0.58,0.57,0.56,0.55,0.54,0.53,0.52,0.51,0.5,0.49,0.48,0.47,0.46,0.45,0.44,0.43,0.42,0.41,0.4,0.39,0.38,0.37,0.36,0.35,0.34,0.33,0.32,0.31,0.3,0.29,0.28,0.27,0.26,0.25,0.24,0.23,0.22,0.21,0.2,0.19,0.18,0.17,0.16,0.15,0.14,0.13,0.12,0.11,0.1,0.09,0.08,0.07,0.06,0.05,0.04,0.03,0.02,0.01,0,-0.01,-0.02,-0.03,-0.04,-0.05,-0.06,-0.07,-0.08,-0.09,-0.1,-0.11,-0.12,-0.13,-0.14,-0.15,-0.16,-0.17,-0.18,-0.19,-0.2],"unit":"V"},"J":{"value":[-0.150235,-0.153542,-0.151414,-0.148283,-0.14461600000000002,-0.14091700000000001,-0.137192,-0.133416,-0.129619,-0.125833,-0.122116,-0.11838800000000001,-0.114645,-0.110997,-0.107288,-0.103651,-0.10002599999999999,-0.09642440000000001,-0.0928879,-0.0892761,-0.0856991,-0.082226,-0.07871810000000001,-0.075252,-0.0718226,-0.068399,-0.06501810000000001,-0.061682499999999994,-0.058363700000000004,-0.0551136,-0.0518671,-0.0487276,-0.045513599999999994,-0.0424881,-0.0394024,-0.036389000000000005,-0.0334677,-0.030643899999999998,-0.027835699999999998,-0.0250364,-0.0224105,-0.0198457,-0.0173497,-0.014923299999999999,-0.0125577,-0.0102959,-0.00812972,-0.00598076,-0.00393578,-0.00196,-4.48912e-5,0.00181819,0.00368139,0.00537127,0.00698271,0.008533889999999999,0.0100502,0.011454,0.012823000000000001,0.014080299999999999,0.0152929,0.016385300000000002,0.0173643,0.0182832,0.0190974,0.0197988,0.0203106,0.020804800000000002,0.021263400000000002,0.021593499999999998,0.0218349,0.022026599999999997,0.0222166,0.022373,0.022502400000000002,0.0225897,0.0226932,0.022598299999999998,0.0224255,0.022719,0.022771,0.022823,0.0228232,0.022841,0.022883900000000002,0.0228843,0.0228841,0.0228063,0.0228061,0.0228494,0.022823899999999998,0.022833,0.022944500000000003,0.0229634,0.0229878,0.0230321,0.023048700000000002,0.0230314,0.0230661,0.0230747,0.023005400000000002,0.0229712,0.0228508,0.0227805,0.0227543,0.022736999999999997,0.022831900000000002,0.0228232,0.0227545,0.022771899999999998,0.0228581,0.0228759,0.022979600000000003,0.0229456,0.0229972,0.022944700000000002,0.0229972,0.022989000000000002,0.022997,0.0229539,0.0229701,0.022927399999999997,0.022910299999999998,0.0229279,0.0228501,0.0228325,0.022781199999999998,0.0228501,0.022867000000000002,0.0228408,0.0228152,0.022688800000000002,0.0228152,0.022824300000000002,0.0228752,0.0229361,0.0230141,0.0230138,0.0230665,0.0230665,0.022979199999999998,0.0229878,0.022979399999999997,0.0230232,0.0230838,0.023048700000000002,0.023057400000000002,0.0230396,0.022945,0.0229539,0.0228674,0.0228841,0.022859,0.0228328,0.0228061,0.0228139,0.0227885,0.0227805,0.022927399999999997,0.0229878,0.0229885,0.0229716,0.0230658,0.023127199999999997,0.022944700000000002,0.022771899999999998,0.022788799999999998,0.022797599999999998,0.0228852,0.022945399999999998,0.0229801],"unit":"A\/cm2"},"P":{"value":[225.353,228.778,224.092,217.975,211.139,204.33,197.557,190.784,184.059,177.425,170.962,164.56,158.21,152.066,145.912,139.928,134.035,128.244,122.612,116.952,111.409,106.072,100.759,95.57,90.4965,85.4987,80.6225,75.8695,71.2037,66.6874,62.2405,57.9859,53.7061,49.711,45.7068,41.8474,38.1532,34.6277,31.176,27.7904,24.6516,21.6319,18.7377,15.9679,13.3112,10.8107,8.45491,6.16018,4.01449,1.97961,0.0448912,-1.80001,-3.60776,-5.21013,-6.7034,-8.1072,-9.44723,-10.6522,-11.7972,-12.8131,-13.7636,-14.5829,-15.2806,-15.9064,-16.4238,-16.829,-17.0609,-17.268,-17.436,-17.4908,-17.4679,-17.401,-17.329,-17.2272,-17.1018,-16.9423,-16.793,-16.4968,-16.1463,-16.1305,-15.9397,-15.7479,-15.5198,-15.3034,-15.1033,-14.8748,-14.6458,-14.368,-14.1398,-13.9381,-13.6943,-13.4715,-13.3078,-13.0891,-12.8732,-12.6676,-12.4463,-12.2066,-11.9944,-11.7681,-11.5027,-11.2559,-10.9684,-10.7069,-10.467,-10.2316,-10.046,-9.81397,-9.55691,-9.33647,-9.14323,-8.92158,-8.73226,-8.48988,-8.27898,-8.03066,-7.81904,-7.58636,-7.35902,-7.1157,-6.89102,-6.64895,-6.41488,-6.19052,-5.94102,-5.70813,-5.46749,-5.25552,-5.03074,-4.79656,-4.56304,-4.31086,-4.10674,-3.88013,-3.66003,-3.44041,-3.22197,-2.9918,-2.76798,-2.53732,-2.29792,-2.06891,-1.83835,-1.61162,-1.38503,-1.15244,-0.922296,-0.691188,-0.458899,-0.229539,0,0.228841,0.45718,0.684983,0.912244,1.14069,1.36731,1.59464,1.83419,2.06891,2.29885,2.52688,2.7679,3.00653,3.21226,3.41578,3.6462,3.8756,4.11934,4.35963,4.59601],"unit":"mW\/cm2"},"efficiency":{"unit":"%","value":17.4908},"I":{"unit":"A","value":[-0.1868594527363184,-0.1909726368159204,-0.18832587064676615,-0.18443159203980097,-0.17987064676616918,-0.17526990049751245,-0.170636815920398,-0.1659402985074627,-0.16121766169154228,-0.15650870646766168,-0.15188557213930348,-0.14724875621890549,-0.14259328358208953,-0.13805597014925372,-0.13344278606965174,-0.1289191542288557,-0.124410447761194,-0.11993084577114428,-0.11553221393034825,-0.11103992537313431,-0.10659092039800995,-0.10227114427860695,-0.09790808457711443,-0.09359701492537313,-0.08933159203980098,-0.08507338308457711,-0.08086828358208956,-0.07671952736318406,-0.07259166666666667,-0.06854925373134328,-0.06451131840796019,-0.06060646766169154,-0.05660895522388058,-0.05284589552238806,-0.04900796019900497,-0.045259950248756224,-0.04162649253731343,-0.03811430348258706,-0.034621517412935315,-0.031139800995024874,-0.02787375621890547,-0.02468370646766169,-0.021579228855721392,-0.018561318407960197,-0.015619029850746268,-0.012805845771144278,-0.010111592039800995,-0.007438756218905472,-0.004895248756218905,-0.002437810945273632,-5.583482587064677e-5,0.002261430348258706,0.004578843283582089,0.00668068407960199,0.008684962686567163,0.010614291044776116,0.012500248756218905,0.014246268656716419,0.01594900497512438,0.01751281094527363,0.01902101990049751,0.020379726368159205,0.02159738805970149,0.022740298507462686,0.023752985074626864,0.024625373134328353,0.025261940298507462,0.025876616915422885,0.026447014925373134,0.026857587064676613,0.027157835820895523,0.027396268656716412,0.027632587064676615,0.027827114427860695,0.027988059701492537,0.028096641791044777,0.028225373134328356,0.028107338308457706,0.027892412935323383,0.02825746268656716,0.028322139303482586,0.028386815920398007,0.028387064676616912,0.028409203980099502,0.028462562189054727,0.028463059701492537,0.028462810945273632,0.028366044776119405,0.028365796019900497,0.02841965174129353,0.02838793532338308,0.02839925373134328,0.028537935323383088,0.02856144278606965,0.028591791044776115,0.02864689054726368,0.028667537313432835,0.02864601990049751,0.02868917910447761,0.028699875621890546,0.0286136815920398,0.028571144278606964,0.02842139303482587,0.028333955223880592,0.02830136815920398,0.02827985074626865,0.028397885572139306,0.028387064676616912,0.028301616915422885,0.028323258706467656,0.028430472636815918,0.02845261194029851,0.028581592039800995,0.028539303482587063,0.028603482587064674,0.02853818407960199,0.028603482587064674,0.028593283582089554,0.02860323383084577,0.02854962686567164,0.028569776119402982,0.028516666666666662,0.028495398009950244,0.02851728855721393,0.028420522388059703,0.028398631840796017,0.02833482587064676,0.028420522388059703,0.028441542288557213,0.028408955223880598,0.028377114427860697,0.02821990049751244,0.028377114427860697,0.028388432835820897,0.028451741293532333,0.028527487562189053,0.028624502487562185,0.02862412935323383,0.028689676616915422,0.028689676616915422,0.02858109452736318,0.028591791044776115,0.028581343283582084,0.028635820895522388,0.028711194029850746,0.028667537313432835,0.028678358208955226,0.028656218905472635,0.028538557213930348,0.02854962686567164,0.028442039800995023,0.028462810945273632,0.028431592039800994,0.028399004975124376,0.028365796019900497,0.02837549751243781,0.028343905472636814,0.028333955223880592,0.028516666666666662,0.028591791044776115,0.028592661691542284,0.028571641791044773,0.028688805970149254,0.028765174129353227,0.02853818407960199,0.028323258706467656,0.02834427860696517,0.02835522388059701,0.028464179104477613,0.028539054726368154,0.028582213930348255]},"voc":{"unit":"V","value":0.9999995465740958},"jsc":{"unit":"mA\/cm2","value":22.8674},"fill_factor":{"unit":"%","value":76.48796072481086},"cell_dimension":{"value":0.804,"unit":"cm2"},"sweep_direction":{"unit":"","value":"Reverse"},"key":"Reverse_rev1.6M500RPM5_230901"},{"V":{"value":[1.5,1.49,1.48,1.47,1.46,1.45,1.44,1.43,1.42,1.41,1.4,1.39,1.38,1.37,1.36,1.35,1.34,1.33,1.32,1.31,1.3,1.29,1.28,1.27,1.26,1.25,1.24,1.23,1.22,1.21,1.2,1.19,1.18,1.17,1.16,1.15,1.14,1.13,1.12,1.11,1.1,1.09,1.08,1.07,1.06,1.05,1.04,1.03,1.02,1.01,1,0.99,0.98,0.97,0.96,0.95,0.94,0.93,0.92,0.91,0.9,0.89,0.88,0.87,0.86,0.85,0.84,0.83,0.82,0.81,0.8,0.79,0.78,0.77,0.76,0.75,0.74,0.73,0.72,0.71,0.7,0.69,0.68,0.67,0.66,0.65,0.64,0.63,0.62,0.61,0.6,0.59,0.58,0.57,0.56,0.55,0.54,0.53,0.52,0.51,0.5,0.49,0.48,0.47,0.46,0.45,0.44,0.43,0.42,0.41,0.4,0.39,0.38,0.37,0.36,0.35,0.34,0.33,0.32,0.31,0.3,0.29,0.28,0.27,0.26,0.25,0.24,0.23,0.22,0.21,0.2,0.19,0.18,0.17,0.16,0.15,0.14,0.13,0.12,0.11,0.1,0.09,0.08,0.07,0.06,0.05,0.04,0.03,0.02,0.01,0,-0.01,-0.02,-0.03,-0.04,-0.05,-0.06,-0.07,-0.08,-0.09,-0.1,-0.11,-0.12,-0.13,-0.14,-0.15,-0.16,-0.17,-0.18,-0.19,-0.2],"unit":"V"},"J":{"value":[-0.208417,-0.208783,-0.204234,-0.19866999999999999,-0.192698,-0.186851,-0.18105000000000002,-0.175244,-0.169464,-0.163843,-0.158237,-0.152738,-0.147254,-0.141906,-0.136502,-0.13122,-0.125961,-0.120803,-0.11563599999999999,-0.110558,-0.10553499999999999,-0.10054300000000001,-0.095633,-0.0907684,-0.0859666,-0.0812091,-0.0766147,-0.0720306,-0.0675244,-0.0631124,-0.0588149,-0.0545942,-0.050558,-0.046657,-0.0429148,-0.0391609,-0.0356864,-0.0323659,-0.029239499999999998,-0.026249300000000003,-0.0234253,-0.020721399999999997,-0.0181218,-0.0155995,-0.0130951,-0.010626,-0.00812113,-0.00553026,-0.00303452,-0.0005474809999999999,0.00187889,0.00421858,0.00643729,0.00855147,0.0104581,0.0122168,0.0137424,0.015154899999999999,0.0162639,0.017277999999999998,0.0181097,0.0187514,0.0192792,0.0196097,0.0198178,0.0201115,0.020467600000000002,0.0206915,0.0207792,0.020848299999999997,0.0209265,0.020934499999999998,0.021003900000000002,0.021038699999999997,0.0211252,0.0211865,0.0212465,0.0213158,0.0213329,0.021445799999999998,0.021471800000000003,0.0214206,0.0214291,0.0214891,0.021498200000000002,0.021506900000000002,0.0214894,0.0215151,0.0214202,0.02142,0.021411799999999998,0.0213429,0.021315999999999998,0.0212898,0.0212896,0.021273499999999997,0.0212554,0.021238499999999997,0.021203399999999997,0.0212902,0.0212729,0.0213427,0.0213594,0.021411100000000002,0.0213445,0.021351099999999998,0.0213687,0.0213596,0.021428899999999997,0.0213947,0.021471800000000003,0.021446200000000002,0.0213856,0.0213338,0.021394,0.021385400000000002,0.0213503,0.02136,0.021351299999999997,0.0214029,0.0213775,0.0213602,0.0214109,0.0213338,0.0213771,0.0213682,0.021412,0.021498200000000002,0.021438199999999998,0.021428899999999997,0.0214984,0.0214204,0.0214027,0.021446200000000002,0.0214374,0.021471,0.0214033,0.0214027,0.021394200000000002,0.0214116,0.0213691,0.0214198,0.021334199999999998,0.0214553,0.0213856,0.0213771,0.0213765,0.0213949,0.0214196,0.021445799999999998,0.021394200000000002,0.0214202,0.0214109,0.021464200000000003,0.0214287,0.021471800000000003,0.0214896,0.0215327,0.021498,0.021584299999999997,0.0214904,0.021524599999999998,0.0214378,0.0213934,0.0213856,0.021394,0.021316199999999997,0.021315999999999998,0.0212898,0.0212989,0.021299099999999998],"unit":"A\/cm2"},"P":{"value":[312.626,311.087,302.266,292.044,281.339,270.933,260.712,250.599,240.639,231.019,221.531,212.306,203.211,194.411,185.642,177.147,168.787,160.668,152.64,144.831,137.196,129.7,122.41,115.276,108.318,101.511,95.0022,88.5976,82.3798,76.366,70.5778,64.9671,59.6585,54.5887,49.7811,45.0351,40.6825,36.5735,32.7483,29.1368,25.7678,22.5863,19.5716,16.6914,13.8808,11.1573,8.44598,5.69617,3.09521,0.552955,-1.87889,-4.1764,-6.30855,-8.29493,-10.0398,-11.606,-12.9178,-14.094,-14.9628,-15.723,-16.2988,-16.6887,-16.9657,-17.0604,-17.0433,-17.0948,-17.1928,-17.1739,-17.0389,-16.8871,-16.7412,-16.5383,-16.383,-16.1998,-16.0551,-15.8899,-15.7224,-15.5606,-15.3597,-15.2265,-15.0303,-14.7802,-14.5718,-14.3977,-14.1888,-13.9795,-13.7532,-13.5545,-13.2805,-13.0662,-12.8471,-12.5923,-12.3633,-12.1352,-11.9222,-11.7004,-11.4779,-11.2564,-11.0258,-10.858,-10.6365,-10.4579,-10.2525,-10.0632,-9.81848,-9.608,-9.40221,-9.18462,-9.00014,-8.77181,-8.58873,-8.36403,-8.12652,-7.8935,-7.70185,-7.48488,-7.2591,-7.0488,-6.83242,-6.6349,-6.41326,-6.19446,-5.99506,-5.76012,-5.55805,-5.34206,-5.13888,-4.94459,-4.7164,-4.50007,-4.29969,-4.06989,-3.85249,-3.64586,-3.42998,-3.22065,-2.99646,-2.78235,-2.56731,-2.35527,-2.13691,-1.92778,-1.70674,-1.50187,-1.28313,-1.06886,-0.85506,-0.641846,-0.428392,-0.214458,0,0.214202,0.428219,0.643926,0.857148,1.07359,1.28937,1.50729,1.71984,1.94258,2.14904,2.36771,2.57253,2.78114,2.99398,3.2091,3.4106,3.62373,3.83217,4.04679,4.25982],"unit":"mW\/cm2"},"efficiency":{"unit":"%","value":17.1928},"I":{"unit":"A","value":[-0.2592251243781094,-0.25968034825870645,-0.25402238805970145,-0.24710199004975122,-0.23967412935323382,-0.2324017412935323,-0.22518656716417912,-0.21796517412935323,-0.21077611940298507,-0.20378482587064675,-0.19681218905472633,-0.18997263681592041,-0.18315174129353232,-0.1765,-0.16977860696517413,-0.1632089552238806,-0.15666791044776118,-0.15025248756218904,-0.14382587064676614,-0.1375099502487562,-0.13126243781094526,-0.12505348258706467,-0.11894651741293531,-0.11289601990049751,-0.10692363184079602,-0.10100634328358209,-0.09529191542288556,-0.08959029850746268,-0.08398557213930348,-0.07849800995024875,-0.07315286069651741,-0.06790323383084577,-0.06288308457711442,-0.05803109452736318,-0.053376616915422885,-0.048707587064676615,-0.04438606965174129,-0.04025609452736319,-0.036367537313432834,-0.03264838308457712,-0.02913594527363184,-0.0257728855721393,-0.02253955223880597,-0.0194023631840796,-0.016287437810945275,-0.01321641791044776,-0.010100907960199005,-0.006878432835820895,-0.003774278606965174,-0.0006809465174129352,0.0023369278606965175,0.005246990049751244,0.00800657960199005,0.01063615671641791,0.013007587064676616,0.015195024875621889,0.017092537313432837,0.018849378109452735,0.020228731343283582,0.021490049751243776,0.022524502487562187,0.023322636815920398,0.023979104477611937,0.024390174129353234,0.024649004975124376,0.025014303482587066,0.02545721393034826,0.025735696517412934,0.025844776119402984,0.02593072139303482,0.026027985074626864,0.026037935323383082,0.026124253731343285,0.02616753731343283,0.02627512437810945,0.02635136815920398,0.026425995024875623,0.026512189054726364,0.026533457711442783,0.02667388059701492,0.026706218905472638,0.026642537313432836,0.026653109452736315,0.026727736318407958,0.026739054726368162,0.02674987562189055,0.026728109452736314,0.02676007462686567,0.026642039800995023,0.02664179104477612,0.02663159203980099,0.02654589552238806,0.02651243781094527,0.026479850746268657,0.02647960199004975,0.026459577114427854,0.026437064676616915,0.026416044776119398,0.026372388059701487,0.026480348258706463,0.026458830845771143,0.02654564676616915,0.02656641791044776,0.026630721393034826,0.0265478855721393,0.02655609452736318,0.026577985074626866,0.026566666666666666,0.026652860696517407,0.026610323383084576,0.026706218905472638,0.026674378109452737,0.02659900497512438,0.02653457711442786,0.026609452736318408,0.026598756218905475,0.02655509950248756,0.026567164179104475,0.026556343283582085,0.0266205223880597,0.026588930348258707,0.02656741293532338,0.026630472636815918,0.02653457711442786,0.026588432835820894,0.026577363184079602,0.0266318407960199,0.026739054726368162,0.02666442786069651,0.026652860696517407,0.026739303482587063,0.026642288557213928,0.026620273631840795,0.026674378109452737,0.026663432835820892,0.026705223880597016,0.026621019900497513,0.026620273631840795,0.026609701492537316,0.026631343283582087,0.02657848258706467,0.02664154228855721,0.026535074626865666,0.026685696517412934,0.02659900497512438,0.026588432835820894,0.026587686567164176,0.026610572139303484,0.02664129353233831,0.02667388059701492,0.026609701492537316,0.026642039800995023,0.026630472636815918,0.02669676616915423,0.026652611940298505,0.026706218905472638,0.026728358208955225,0.02678196517412935,0.026738805970149254,0.02684614427860696,0.026729353233830844,0.02677189054726368,0.026663930348258705,0.02660870646766169,0.02659900497512438,0.026609452736318408,0.026512686567164174,0.02651243781094527,0.026479850746268657,0.026491169154228854,0.02649141791044776]},"voc":{"unit":"V","value":1.0099945281857143},"jsc":{"unit":"mA\/cm2","value":21.3942},"fill_factor":{"unit":"%","value":79.56673528371677},"cell_dimension":{"value":0.804,"unit":"cm2"},"sweep_direction":{"unit":"","value":"Reverse"},"key":"Reverse_rev1.6M500RPM4_230901"},{"V":{"value":[1.5,1.49,1.48,1.47,1.46,1.45,1.44,1.43,1.42,1.41,1.4,1.39,1.38,1.37,1.36,1.35,1.34,1.33,1.32,1.31,1.3,1.29,1.28,1.27,1.26,1.25,1.24,1.23,1.22,1.21,1.2,1.19,1.18,1.17,1.16,1.15,1.14,1.13,1.12,1.11,1.1,1.09,1.08,1.07,1.06,1.05,1.04,1.03,1.02,1.01,1,0.99,0.98,0.97,0.96,0.95,0.94,0.93,0.92,0.91,0.9,0.89,0.88,0.87,0.86,0.85,0.84,0.83,0.82,0.81,0.8,0.79,0.78,0.77,0.76,0.75,0.74,0.73,0.72,0.71,0.7,0.69,0.68,0.67,0.66,0.65,0.64,0.63,0.62,0.61,0.6,0.59,0.58,0.57,0.56,0.55,0.54,0.53,0.52,0.51,0.5,0.49,0.48,0.47,0.46,0.45,0.44,0.43,0.42,0.41,0.4,0.39,0.38,0.37,0.36,0.35,0.34,0.33,0.32,0.31,0.3,0.29,0.28,0.27,0.26,0.25,0.24,0.23,0.22,0.21,0.2,0.19,0.18,0.17,0.16,0.15,0.14,0.13,0.12,0.11,0.1,0.09,0.08,0.07,0.06,0.05,0.04,0.03,0.02,0.01,0,-0.01,-0.02,-0.03,-0.04,-0.05,-0.06,-0.07,-0.08,-0.09,-0.1,-0.11,-0.12,-0.13,-0.14,-0.15,-0.16,-0.17,-0.18,-0.19,-0.2],"unit":"V"},"J":{"value":[-0.117912,-0.11900100000000001,-0.117164,-0.114713,-0.11197700000000001,-0.109131,-0.106301,-0.103447,-0.10059,-0.0976935,-0.0948426,-0.0919995,-0.0892293,-0.0863498,-0.08356050000000001,-0.0808238,-0.0780501,-0.0752527,-0.072539,-0.0698087,-0.0671412,-0.06452290000000001,-0.0619159,-0.059299,-0.0566901,-0.0541247,-0.0516556,-0.0492115,-0.0467688,-0.0443247,-0.0419331,-0.0395851,-0.0372282,-0.0348878,-0.0326178,-0.030295000000000002,-0.0279906,-0.0256586,-0.023371700000000002,-0.0210925,-0.018822500000000002,-0.016526199999999998,-0.0142472,-0.012037800000000001,-0.009750149999999999,-0.0075315899999999995,-0.00538278,-0.00321637,-0.0011107,0.000986285,0.00295335,0.00485113,0.00668815,0.00841249,0.0100938,0.0115844,0.013005300000000001,0.0143743,0.0155787,0.0166276,0.0176241,0.018473299999999998,0.0192188,0.0197988,0.0203794,0.0208039,0.0211679,0.0214454,0.0216711,0.021896000000000002,0.022034400000000003,0.0221817,0.0222599,0.022441700000000002,0.022536999999999998,0.022520099999999998,0.0225368,0.0225457,0.022493700000000002,0.0225632,0.0225461,0.0225028,0.022536999999999998,0.022537500000000002,0.0225197,0.0226326,0.0226412,0.0226581,0.0227103,0.0226417,0.0226412,0.022667200000000002,0.0226763,0.0226852,0.022779399999999998,0.0228152,0.0227714,0.0228059,0.0227797,0.0227363,0.0228054,0.0228403,0.0229012,0.022901900000000003,0.0228752,0.0229185,0.0227974,0.0229185,0.022892700000000002,0.022883900000000002,0.0228759,0.0228752,0.022866499999999998,0.022883,0.022883900000000002,0.022823,0.0227452,0.0227972,0.0227545,0.022771200000000002,0.022814499999999998,0.022822500000000003,0.0227623,0.022719200000000002,0.0227103,0.0227017,0.022693,0.0226412,0.0227628,0.0227194,0.0227803,0.0227974,0.022866499999999998,0.022849900000000003,0.0229183,0.022919000000000002,0.0228659,0.0229354,0.0228232,0.022849900000000003,0.022892700000000002,0.0229363,0.0228752,0.022875,0.022892299999999997,0.022892299999999997,0.022909600000000002,0.0228494,0.0228752,0.022866499999999998,0.022883900000000002,0.022849,0.022849,0.0228403,0.022883900000000002,0.0228663,0.022866499999999998,0.022901,0.022831900000000002,0.0227452,0.0227974,0.022823,0.0228752,0.022831900000000002,0.022831900000000002,0.0228061,0.0228227,0.022815000000000002,0.0227885,0.0227979,0.022814499999999998],"unit":"A\/cm2"},"P":{"value":[176.868,177.312,173.403,168.628,163.487,158.239,153.074,147.929,142.837,137.748,132.78,127.879,123.136,118.299,113.642,109.112,104.587,100.086,95.7515,91.4495,87.2835,83.2346,79.2524,75.3097,71.4295,67.6558,64.0529,60.5301,57.0579,53.6329,50.3197,47.1063,43.9292,40.8188,37.8367,34.8392,31.9092,28.9942,26.1763,23.4127,20.7047,18.0135,15.387,12.8805,10.3352,7.90817,5.5981,3.31286,1.13292,-0.996148,-2.95335,-4.80262,-6.55439,-8.16012,-9.69002,-11.0051,-12.2249,-13.3681,-14.3324,-15.1311,-15.8617,-16.4413,-16.9125,-17.2249,-17.5262,-17.6834,-17.781,-17.7997,-17.7703,-17.7358,-17.6275,-17.5236,-17.3628,-17.2801,-17.1281,-16.8901,-16.6772,-16.4583,-16.1955,-16.0199,-15.7823,-15.5269,-15.3252,-15.1001,-14.863,-14.7112,-14.4904,-14.2746,-14.0804,-13.8114,-13.5847,-13.3737,-13.1523,-12.9306,-12.7565,-12.5484,-12.2966,-12.0871,-11.8454,-11.5955,-11.4027,-11.1918,-10.9926,-10.7639,-10.5226,-10.3133,-10.0309,-9.85496,-9.61495,-9.38238,-9.15034,-8.92132,-8.68928,-8.4667,-8.23819,-7.98804,-7.73337,-7.52308,-7.28145,-7.05907,-6.84436,-6.61854,-6.37345,-6.13419,-5.90468,-5.67542,-5.44632,-5.20748,-5.00781,-4.77108,-4.55606,-4.33151,-4.11598,-3.88448,-3.66693,-3.43785,-3.20122,-2.9816,-2.73878,-2.51349,-2.28927,-2.06427,-1.83001,-1.60125,-1.37354,-1.14461,-0.916385,-0.685482,-0.457504,-0.228665,0,0.22849,0.456979,0.685209,0.915354,1.14332,1.37199,1.60307,1.82655,2.04707,2.27974,2.51053,2.74502,2.96814,3.19646,3.42091,3.65164,3.87855,4.10194,4.3316,4.56291],"unit":"mW\/cm2"},"efficiency":{"unit":"%","value":17.7997},"I":{"unit":"A","value":[-0.14665671641791045,-0.14801119402985075,-0.14572636815920398,-0.1426778606965174,-0.13927487562189056,-0.13573507462686568,-0.13221517412935324,-0.12866542288557212,-0.12511194029850745,-0.12150932835820895,-0.11796343283582089,-0.11442723880597014,-0.11098171641791044,-0.10740024875621891,-0.10393097014925373,-0.10052711442786069,-0.09707723880597013,-0.0935978855721393,-0.0902226368159204,-0.08682674129353234,-0.08350895522388059,-0.0802523631840796,-0.07700982587064677,-0.0737549751243781,-0.07051007462686566,-0.06731927860696517,-0.06424825870646766,-0.06120833333333333,-0.05817014925373134,-0.05513022388059701,-0.05215559701492537,-0.04923519900497512,-0.04630373134328358,-0.04339278606965173,-0.04056940298507463,-0.03768034825870647,-0.03481417910447761,-0.0319136815920398,-0.029069278606965177,-0.026234452736318407,-0.023411069651741296,-0.020554975124378105,-0.017720398009950247,-0.014972388059701493,-0.012127052238805969,-0.009367649253731342,-0.0066949999999999996,-0.004000460199004975,-0.0013814676616915422,0.0012267226368159203,0.003673320895522388,0.006033743781094528,0.008318594527363185,0.010463296019900497,0.012554477611940298,0.014408457711442784,0.016175746268656716,0.017878482587064676,0.019376492537313432,0.02068109452736318,0.0219205223880597,0.022976741293532336,0.023903980099502488,0.024625373134328353,0.025347512437810943,0.025875497512437808,0.02632823383084577,0.02667338308457711,0.026954104477611936,0.027233830845771145,0.027405970149253733,0.02758917910447761,0.02768644278606965,0.02791256218905473,0.02803109452736318,0.028010074626865666,0.028030845771144276,0.028041915422885567,0.02797723880597015,0.0280636815920398,0.02804241293532338,0.027988557213930346,0.02803109452736318,0.028031716417910447,0.02800957711442786,0.028149999999999998,0.028160696517412934,0.02818171641791045,0.028246641791044774,0.028161318407960198,0.028160696517412934,0.02819303482587065,0.028204353233830845,0.028215422885572137,0.028332587064676614,0.028377114427860697,0.028322636815920395,0.028365547263681592,0.028332960199004973,0.02827898009950249,0.028364925373134328,0.028408333333333334,0.028484079601990047,0.028484950248756222,0.028451741293532333,0.028505597014925374,0.028354975124378106,0.028505597014925374,0.028473507462686568,0.028462562189054727,0.02845261194029851,0.028451741293532333,0.028440920398009946,0.02846144278606965,0.028462562189054727,0.028386815920398007,0.02829004975124378,0.0283547263681592,0.028301616915422885,0.028322388059701494,0.028376243781094525,0.028386194029850747,0.028311318407960195,0.02825771144278607,0.028246641791044774,0.028235945273631838,0.028225124378109454,0.028160696517412934,0.02831194029850746,0.028257960199004974,0.02833370646766169,0.028354975124378106,0.028440920398009946,0.028420273631840798,0.028505348258706466,0.028506218905472638,0.028440174129353235,0.028526616915422884,0.028387064676616912,0.028420273631840798,0.028473507462686568,0.028527736318407958,0.028451741293532333,0.02845149253731343,0.02847300995024875,0.02847300995024875,0.028494527363184082,0.02841965174129353,0.028451741293532333,0.028440920398009946,0.028462562189054727,0.02841915422885572,0.02841915422885572,0.028408333333333334,0.028462562189054727,0.02844067164179104,0.028440920398009946,0.028483830845771146,0.028397885572139306,0.02829004975124378,0.028354975124378106,0.028386815920398007,0.028451741293532333,0.028397885572139306,0.028397885572139306,0.028365796019900497,0.02838644278606965,0.028376865671641792,0.028343905472636814,0.02835559701492537,0.028376243781094525]},"voc":{"unit":"V","value":1.019989015050479},"jsc":{"unit":"mA\/cm2","value":22.8839},"fill_factor":{"unit":"%","value":76.25830480258158},"cell_dimension":{"value":0.804,"unit":"cm2"},"sweep_direction":{"unit":"","value":"Reverse"},"key":"Reverse_rev1.6M500RPM11_230901"},{"V":{"value":[-0.2,-0.19,-0.18,-0.17,-0.16,-0.15,-0.14,-0.13,-0.12,-0.11,-0.1,-0.09,-0.08,-0.07,-0.06,-0.05,-0.04,-0.03,-0.02,-0.01,0,0.01,0.02,0.03,0.04,0.05,0.06,0.07,0.08,0.09,0.1,0.11,0.12,0.13,0.14,0.15,0.16,0.17,0.18,0.19,0.2,0.21,0.22,0.23,0.24,0.25,0.26,0.27,0.28,0.29,0.3,0.31,0.32,0.33,0.34,0.35,0.36,0.37,0.38,0.39,0.4,0.41,0.42,0.43,0.44,0.45,0.46,0.47,0.48,0.49,0.5,0.51,0.52,0.53,0.54,0.55,0.56,0.57,0.58,0.59,0.6,0.61,0.62,0.63,0.64,0.65,0.66,0.67,0.68,0.69,0.7,0.71,0.72,0.73,0.74,0.75,0.76,0.77,0.78,0.79,0.8,0.81,0.82,0.83,0.84,0.85,0.86,0.87,0.88,0.89,0.9,0.91,0.92,0.93,0.94,0.95,0.96,0.97,0.98,0.99,1,1.01,1.02,1.03,1.04,1.05,1.06,1.07,1.08,1.09,1.1,1.11,1.12,1.13,1.14,1.15,1.16,1.17,1.18,1.19,1.2,1.21,1.22,1.23,1.24,1.25,1.26,1.27,1.28,1.29,1.3,1.31,1.32,1.33,1.34,1.35,1.36,1.37,1.38,1.39,1.4,1.41,1.42,1.43,1.44,1.45,1.46,1.47,1.48,1.49,1.5],"unit":"V"},"J":{"value":[0.022667899999999998,0.022537500000000002,0.0225284,0.022511700000000003,0.022459299999999998,0.022382100000000002,0.0224508,0.0223381,0.022347000000000002,0.022251899999999998,0.0222435,0.0223386,0.0224075,0.022459299999999998,0.0224857,0.0223566,0.0223299,0.0223644,0.022363900000000003,0.0223293,0.022347000000000002,0.0224161,0.022407,0.022373,0.022321300000000002,0.022355,0.0224161,0.0222522,0.0224248,0.022459299999999998,0.0224077,0.022407,0.0224515,0.0224601,0.0224852,0.0225032,0.0224772,0.0225892,0.0224759,0.022476600000000003,0.022529,0.0224335,0.022529,0.0224428,0.022433,0.022311900000000003,0.022329699999999997,0.022286200000000003,0.0222428,0.0222253,0.0222522,0.0222781,0.022294599999999998,0.0223206,0.0223031,0.0221761,0.0222597,0.022217300000000002,0.0222604,0.0222953,0.0222775,0.0222604,0.0222779,0.0222686,0.0223128,0.0222868,0.022242599999999998,0.0222433,0.0223037,0.0222515,0.022286200000000003,0.0222335,0.0221826,0.022207499999999998,0.022234200000000003,0.0221739,0.0220964,0.02213,0.0220357,0.0220433,0.0220435,0.0219653,0.0219135,0.0218878,0.0217745,0.0217571,0.0216796,0.021653600000000002,0.021584,0.0214543,0.021385400000000002,0.021280999999999998,0.021168299999999998,0.0210641,0.020848500000000002,0.020700399999999997,0.0204751,0.0201893,0.019886,0.0195047,0.019157900000000002,0.0185596,0.017996400000000003,0.0173125,0.0166098,0.0157867,0.0148942,0.013855000000000001,0.0127626,0.0115755,0.0102843,0.00888943,0.0074336,0.00596892,0.004383270000000001,0.0028147000000000003,0.0011943,-0.000391505,-0.00195128,-0.00359764,-0.00517481,-0.0068127100000000005,-0.00845067,-0.010148899999999999,-0.0119423,-0.0138232,-0.015798299999999998,-0.0178695,-0.0200187,-0.0222546,-0.024532599999999998,-0.0268811,-0.0293247,-0.0317343,-0.0342569,-0.0367862,-0.0393677,-0.041943,-0.0445331,-0.047158700000000005,-0.049810299999999995,-0.0524354,-0.0550697,-0.0577414,-0.060355,-0.0629378,-0.0655554,-0.068199,-0.0708246,-0.07338750000000001,-0.07590340000000001,-0.0784228,-0.0809522,-0.0834297,-0.0859373,-0.0883965,-0.0908211,-0.0932491,-0.0956937,-0.09805929999999999,-0.100417,-0.102729,-0.10509600000000001,-0.107416,-0.10975,-0.112011,-0.114298,-0.11662600000000001,-0.118907,-0.12135800000000001,-0.123656],"unit":"A\/cm2"},"P":{"value":[4.53358,4.28212,4.0551,3.82699,3.59348,3.35732,3.14311,2.90396,2.68164,2.44771,2.22435,2.01047,1.7926,1.57215,1.34914,1.11783,0.893197,0.670931,0.447279,0.223293,0,-0.224161,-0.448141,-0.671191,-0.89285,-1.11775,-1.34497,-1.55765,-1.79399,-2.02133,-2.24077,-2.46477,-2.69417,-2.91982,-3.14793,-3.37549,-3.59636,-3.84017,-4.04567,-4.27055,-4.5058,-4.71103,-4.95638,-5.16184,-5.38393,-5.57799,-5.80572,-6.01726,-6.22799,-6.44533,-6.67565,-6.90623,-7.13427,-7.3658,-7.58304,-7.76164,-8.0135,-8.22039,-8.45894,-8.69515,-8.91099,-9.12675,-9.35673,-9.5755,-9.81764,-10.0291,-10.2316,-10.4543,-10.7058,-10.9032,-11.1431,-11.3391,-11.535,-11.77,-12.0064,-12.1957,-12.374,-12.6141,-12.7807,-13.0056,-13.2261,-13.3988,-13.5864,-13.7893,-13.9357,-14.1421,-14.3085,-14.5079,-14.6771,-14.8034,-14.9698,-15.1095,-15.2412,-15.3768,-15.4279,-15.5253,-15.561,-15.5458,-15.5111,-15.4087,-15.3263,-15.0333,-14.757,-14.3694,-13.9522,-13.4187,-12.809,-12.0539,-11.2311,-10.3022,-9.25588,-8.08938,-6.83891,-5.5511,-4.12028,-2.67397,-1.14653,0.37976,1.91226,3.56166,5.17481,6.88084,8.61968,10.4533,12.42,14.5143,16.7462,19.1203,21.6201,24.2575,26.9859,29.8381,32.8437,35.8597,39.0529,42.3042,45.6666,49.0733,52.5491,56.1189,59.7724,63.4469,67.185,71.022,74.8402,78.6723,82.5998,86.6127,90.6555,94.6699,98.6744,102.734,106.857,110.961,115.156,119.335,123.517,127.751,132.057,136.302,140.584,144.848,149.236,153.605,158.04,162.415,166.876,171.44,175.983,180.824,185.484],"unit":"mW\/cm2"},"efficiency":{"unit":"%","value":15.561},"I":{"unit":"A","value":[0.02819390547263681,0.028031716417910447,0.028020398009950247,0.02799962686567164,0.027934452736318404,0.027838432835820895,0.027923880597014925,0.02778370646766169,0.027794776119402988,0.02767649253731343,0.027666044776119402,0.027784328358208953,0.027870024875621888,0.027934452736318404,0.02796728855721393,0.027806716417910448,0.027773507462686566,0.02781641791044776,0.027815796019900498,0.027772761194029848,0.027794776119402988,0.027880721393034824,0.027869402985074624,0.027827114427860695,0.027762810945273633,0.027804726368159203,0.027880721393034824,0.02767686567164179,0.027891542288557215,0.027934452736318404,0.027870273631840792,0.027869402985074624,0.02792475124378109,0.02793544776119403,0.027966666666666664,0.02798905472636816,0.027956716417910445,0.02809601990049751,0.02795509950248756,0.027955970149253734,0.028021144278606965,0.027902363184079598,0.028021144278606965,0.027913930348258703,0.027901741293532338,0.027751119402985077,0.027773258706467657,0.027719154228855722,0.027665174129353234,0.027643407960199002,0.02767686567164179,0.027709079601990046,0.027729601990049747,0.02776194029850746,0.027740174129353232,0.027582213930348258,0.027686194029850744,0.027633457711442787,0.027687064676616913,0.02773047263681592,0.02770833333333333,0.027687064676616913,0.02770883084577114,0.027697263681592036,0.027752238805970147,0.027719900497512436,0.027664925373134325,0.027665796019900497,0.027740920398009947,0.02767599502487562,0.027719154228855722,0.02765360696517413,0.027590298507462686,0.027621268656716415,0.0276544776119403,0.027579477611940295,0.027483084577114424,0.027524875621890547,0.027407587064676612,0.02741703980099502,0.02741728855721393,0.02732002487562189,0.02725559701492537,0.027223631840796018,0.027082711442786067,0.027061069651741293,0.02696467661691542,0.02693233830845771,0.026845771144278604,0.026684452736318406,0.026598756218905475,0.026468905472636813,0.026328731343283576,0.02619912935323383,0.025930970149253732,0.025746766169154223,0.02546654228855721,0.025111069651741293,0.024733830845771142,0.02425957711442786,0.02382823383084577,0.02308407960199005,0.02238358208955224,0.021532960199004976,0.020658955223880598,0.019635199004975123,0.01852512437810945,0.01723258706467662,0.015873880597014924,0.014397388059701493,0.01279141791044776,0.011056504975124377,0.009245771144278606,0.007424029850746268,0.005451828358208956,0.0035008706467661694,0.0014854477611940297,-0.0004869465174129353,-0.002426965174129353,-0.004474676616915423,-0.006436330845771144,-0.008473519900497512,-0.010510783582089553,-0.012623009950248754,-0.014853606965174128,-0.017193034825870646,-0.01964962686567164,-0.022225746268656716,-0.024898880597014925,-0.027679850746268653,-0.030513184079601987,-0.033434203980099504,-0.036473507462686565,-0.039470522388059696,-0.04260808457711442,-0.04575398009950248,-0.04896480099502487,-0.052167910447761194,-0.05538942786069651,-0.05865509950248757,-0.061953109452736306,-0.0652181592039801,-0.06849465174129353,-0.07181766169154229,-0.075068407960199,-0.07828084577114428,-0.0815365671641791,-0.08482462686567163,-0.08809029850746268,-0.09127798507462687,-0.09440721393034826,-0.0975407960199005,-0.100686815920398,-0.10376828358208955,-0.10688718905472636,-0.10994589552238805,-0.1129615671641791,-0.11598146766169154,-0.11902201492537313,-0.12196430348258704,-0.12489676616915422,-0.12777238805970148,-0.13071641791044777,-0.13360199004975123,-0.1365049751243781,-0.13931716417910447,-0.14216169154228855,-0.14505721393034826,-0.14789427860696516,-0.15094278606965175,-0.15380099502487563]},"voc":{"unit":"V","value":0.9599876724507297},"jsc":{"unit":"mA\/cm2","value":22.347},"fill_factor":{"unit":"%","value":72.53583546092567},"cell_dimension":{"value":0.804,"unit":"cm2"},"sweep_direction":{"unit":"","value":"Forward"},"key":"Forward_FWD1.6M500RPM7_230901"},{"V":{"value":[-0.2,-0.19,-0.18,-0.17,-0.16,-0.15,-0.14,-0.13,-0.12,-0.11,-0.1,-0.09,-0.08,-0.07,-0.06,-0.05,-0.04,-0.03,-0.02,-0.01,0,0.01,0.02,0.03,0.04,0.05,0.06,0.07,0.08,0.09,0.1,0.11,0.12,0.13,0.14,0.15,0.16,0.17,0.18,0.19,0.2,0.21,0.22,0.23,0.24,0.25,0.26,0.27,0.28,0.29,0.3,0.31,0.32,0.33,0.34,0.35,0.36,0.37,0.38,0.39,0.4,0.41,0.42,0.43,0.44,0.45,0.46,0.47,0.48,0.49,0.5,0.51,0.52,0.53,0.54,0.55,0.56,0.57,0.58,0.59,0.6,0.61,0.62,0.63,0.64,0.65,0.66,0.67,0.68,0.69,0.7,0.71,0.72,0.73,0.74,0.75,0.76,0.77,0.78,0.79,0.8,0.81,0.82,0.83,0.84,0.85,0.86,0.87,0.88,0.89,0.9,0.91,0.92,0.93,0.94,0.95,0.96,0.97,0.98,0.99,1,1.01,1.02,1.03,1.04,1.05,1.06,1.07,1.08,1.09,1.1,1.11,1.12,1.13,1.14,1.15,1.16,1.17,1.18,1.19,1.2,1.21,1.22,1.23,1.24,1.25,1.26,1.27,1.28,1.29,1.3,1.31,1.32,1.33,1.34,1.35,1.36,1.37,1.38,1.39,1.4,1.41,1.42,1.43,1.44,1.45,1.46,1.47,1.48,1.49,1.5],"unit":"V"},"J":{"value":[0.0226154,0.0225463,0.0225203,0.0225206,0.022503,0.0224939,0.0224935,0.0224772,0.0225119,0.022477499999999997,0.0225641,0.0224859,0.022502099999999997,0.0225886,0.0225377,0.022503,0.022494399999999998,0.022598299999999998,0.0226419,0.0225372,0.022520099999999998,0.0226666,0.0226588,0.022659199999999997,0.022588999999999998,0.0225461,0.0225115,0.0224688,0.0223982,0.022303899999999998,0.0223462,0.0223557,0.0223724,0.022425,0.0223988,0.0223644,0.0223904,0.0223379,0.022321,0.022346599999999998,0.0223475,0.022424600000000003,0.022330100000000002,0.0223122,0.0223379,0.022233899999999997,0.022174199999999998,0.022173500000000002,0.0222082,0.022311499999999998,0.0222775,0.022346800000000003,0.022399000000000002,0.0224166,0.0224157,0.022398599999999998,0.022355299999999998,0.0223304,0.022337700000000002,0.0222177,0.0221733,0.022207499999999998,0.0221306,0.0221479,0.022104600000000002,0.0221044,0.0220613,0.022104,0.0220349,0.0220442,0.0220177,0.0220173,0.0220006,0.0219655,0.0219218,0.0219045,0.0218362,0.0218017,0.0218527,0.021826699999999997,0.0217931,0.0217402,0.021637299999999998,0.021523599999999997,0.021410699999999998,0.0212985,0.0211085,0.0210123,0.0209426,0.020700800000000002,0.020631,0.020440200000000002,0.020172,0.0198951,0.0195563,0.0191581,0.0187075,0.0182486,0.0176931,0.017069400000000002,0.0162899,0.0154323,0.0145481,0.0135858,0.012520400000000001,0.011411099999999999,0.010189199999999999,0.008932589999999999,0.00760699,0.006263670000000001,0.00493783,0.0035426000000000003,0.0021821899999999997,0.0008390149999999999,-0.00044350099999999995,-0.0016913,-0.00293042,-0.00423916,-0.0054778399999999994,-0.00688203,-0.00832044,-0.00987156,-0.011543699999999999,-0.013364000000000001,-0.0152528,-0.0172807,-0.0193861,-0.021587099999999998,-0.0238403,-0.026118600000000002,-0.028553799999999997,-0.031022200000000003,-0.0335287,-0.035989,-0.0385091,-0.0411552,-0.043719,-0.046300400000000005,-0.048927399999999996,-0.0514904,-0.0540834,-0.0567016,-0.059238900000000004,-0.0618212,-0.064349,-0.06688190000000001,-0.06930750000000001,-0.0717404,-0.0742381,-0.0765959,-0.07897180000000001,-0.0812634,-0.0836008,-0.0857858,-0.0880438,-0.090244,-0.0923844,-0.0945316,-0.0966825,-0.0987439,-0.10079099999999999,-0.10280800000000001,-0.104845,-0.106881,-0.108864,-0.110751,-0.112749,-0.114743,-0.116602,-0.118552,-0.120422],"unit":"A\/cm2"},"P":{"value":[4.52309,4.28381,4.05366,3.8285,3.60048,3.37409,3.14909,2.92204,2.70143,2.47252,2.25641,2.02373,1.80017,1.5812,1.35226,1.12515,0.899774,0.67795,0.452838,0.225372,0,-0.226666,-0.453176,-0.679776,-0.90356,-1.12731,-1.35069,-1.57282,-1.79185,-2.00735,-2.23462,-2.45913,-2.68469,-2.91525,-3.13583,-3.35465,-3.58246,-3.79745,-4.01779,-4.24585,-4.4695,-4.70916,-4.91263,-5.13179,-5.3611,-5.55849,-5.76528,-5.98685,-6.21829,-6.47034,-6.68325,-6.92751,-7.16769,-7.39747,-7.62134,-7.83951,-8.04789,-8.26223,-8.48833,-8.6649,-8.86932,-9.10509,-9.29486,-9.52362,-9.72603,-9.94698,-10.1482,-10.3889,-10.5767,-10.8016,-11.0089,-11.2288,-11.4403,-11.6417,-11.8378,-12.0474,-12.2283,-12.427,-12.6746,-12.8777,-13.0758,-13.2615,-13.4151,-13.5599,-13.7029,-13.844,-13.9316,-14.0783,-14.241,-14.2835,-14.4417,-14.5125,-14.5238,-14.5234,-14.4717,-14.3686,-14.2177,-14.0514,-13.8006,-13.4848,-13.032,-12.5002,-11.9295,-11.2763,-10.5171,-9.69948,-8.7627,-7.77135,-6.69415,-5.57466,-4.44405,-3.22376,-2.00761,-0.780284,0.416891,1.60674,2.8132,4.11198,5.36828,6.81321,8.32044,9.97028,11.7745,13.7649,15.8629,18.1448,20.5492,23.0982,25.7476,28.4693,31.4092,34.4347,37.5521,40.6676,43.9004,47.3285,50.714,54.1715,57.7344,61.2736,64.9001,68.6089,72.2714,76.0401,79.7928,83.6023,87.3275,91.1103,95.0248,98.8087,102.663,106.455,110.353,114.095,117.979,121.829,125.643,129.508,133.422,137.254,141.107,144.959,148.88,152.839,156.764,160.589,164.614,168.671,172.571,176.642,180.634],"unit":"mW\/cm2"},"efficiency":{"unit":"%","value":14.5238},"I":{"unit":"A","value":[0.02812860696517413,0.028042661691542285,0.028010323383084575,0.028010696517412937,0.02798880597014925,0.027977487562189055,0.02797699004975124,0.027956716417910445,0.027999875621890546,0.0279570895522388,0.028064800995024872,0.027967537313432832,0.027987686567164174,0.028095273631840795,0.028031965174129352,0.02798880597014925,0.027978109452736315,0.028107338308457706,0.028161567164179103,0.02803134328358209,0.028010074626865666,0.028192288557213927,0.028182587064676613,0.028183084577114423,0.0280957711442786,0.02804241293532338,0.027999378109452733,0.027946268656716417,0.027858457711442783,0.02774116915422885,0.02779378109452736,0.02780559701492537,0.02782636815920398,0.02789179104477612,0.0278592039800995,0.02781641791044776,0.027848756218905472,0.027783457711442784,0.027762437810945274,0.02779427860696517,0.027795398009950248,0.02789129353233831,0.027773756218905474,0.027751492537313432,0.027783457711442784,0.027654104477611935,0.027579850746268654,0.02757898009950249,0.027622139303482587,0.02775062189054726,0.02770833333333333,0.027794527363184083,0.02785945273631841,0.027881343283582084,0.027880223880597015,0.027858955223880592,0.02780509950248756,0.02777412935323383,0.027783208955223883,0.027633955223880596,0.02757873134328358,0.027621268656716415,0.02752562189054726,0.027547139303482588,0.027493283582089554,0.027493034825870646,0.027439427860696513,0.027492537313432833,0.027406592039800993,0.027418159203980098,0.027385199004975123,0.02738470149253731,0.027363930348258705,0.027320273631840794,0.02726592039800995,0.027244402985074627,0.027159452736318406,0.027116542288557213,0.027179975124378107,0.027147636815920393,0.027105845771144277,0.027040049751243782,0.02691206467661691,0.026770646766169148,0.02663022388059701,0.026490671641791044,0.02625435323383084,0.026134701492537313,0.02604800995024875,0.02574726368159204,0.025660447761194027,0.02542313432835821,0.025089552238805966,0.02474514925373134,0.02432375621890547,0.023828482587064676,0.023268034825870643,0.02269726368159204,0.02200634328358209,0.021230597014925374,0.020261069651741292,0.019194402985074625,0.01809465174129353,0.01689776119402985,0.015572636815920398,0.014192910447761192,0.012673134328358206,0.011110186567164178,0.009461430348258706,0.007790634328358209,0.006141579601990049,0.004406218905472637,0.002714166666666666,0.0010435509950248755,-0.00055161815920398,-0.002103606965174129,-0.0036448009950248756,-0.005272587064676616,-0.00681323383084577,-0.008559738805970149,-0.010348805970149253,-0.012278059701492537,-0.01435783582089552,-0.016621890547263683,-0.018971144278606966,-0.021493407960199003,-0.024112064676616914,-0.026849626865671637,-0.02965211442786069,-0.03248582089552239,-0.03551467661691542,-0.038584825870646766,-0.0417023631840796,-0.04476243781094527,-0.047896890547263676,-0.05118805970149254,-0.05437686567164179,-0.05758756218905473,-0.060854975124378104,-0.06404278606965173,-0.06726791044776119,-0.07052437810945272,-0.07368022388059701,-0.07689203980099502,-0.08003606965174129,-0.08318644278606965,-0.08620335820895522,-0.08922935323383084,-0.09233594527363184,-0.09526853233830844,-0.09822363184079602,-0.10107388059701491,-0.10398109452736318,-0.10669875621890546,-0.10950721393034826,-0.11224378109452736,-0.11490597014925373,-0.11757661691542287,-0.12025186567164178,-0.12281579601990049,-0.12536194029850745,-0.12787064676616916,-0.13040422885572137,-0.1329365671641791,-0.13540298507462686,-0.13774999999999998,-0.14023507462686566,-0.14271517412935322,-0.14502736318407958,-0.14745273631840797,-0.14977860696517412]},"voc":{"unit":"V","value":0.9299910663345965},"jsc":{"unit":"mA\/cm2","value":22.5201},"fill_factor":{"unit":"%","value":69.34755736868742},"cell_dimension":{"value":0.804,"unit":"cm2"},"sweep_direction":{"unit":"","value":"Forward"},"key":"Forward_FWD1.6M500RPM6_230901"},{"V":{"value":[-0.2,-0.19,-0.18,-0.17,-0.16,-0.15,-0.14,-0.13,-0.12,-0.11,-0.1,-0.09,-0.08,-0.07,-0.06,-0.05,-0.04,-0.03,-0.02,-0.01,0,0.01,0.02,0.03,0.04,0.05,0.06,0.07,0.08,0.09,0.1,0.11,0.12,0.13,0.14,0.15,0.16,0.17,0.18,0.19,0.2,0.21,0.22,0.23,0.24,0.25,0.26,0.27,0.28,0.29,0.3,0.31,0.32,0.33,0.34,0.35,0.36,0.37,0.38,0.39,0.4,0.41,0.42,0.43,0.44,0.45,0.46,0.47,0.48,0.49,0.5,0.51,0.52,0.53,0.54,0.55,0.56,0.57,0.58,0.59,0.6,0.61,0.62,0.63,0.64,0.65,0.66,0.67,0.68,0.69,0.7,0.71,0.72,0.73,0.74,0.75,0.76,0.77,0.78,0.79,0.8,0.81,0.82,0.83,0.84,0.85,0.86,0.87,0.88,0.89,0.9,0.91,0.92,0.93,0.94,0.95,0.96,0.97,0.98,0.99,1,1.01,1.02,1.03,1.04,1.05,1.06,1.07,1.08,1.09,1.1,1.11,1.12,1.13,1.14,1.15,1.16,1.17,1.18,1.19,1.2,1.21,1.22,1.23,1.24,1.25,1.26,1.27,1.28,1.29,1.3,1.31,1.32,1.33,1.34,1.35,1.36,1.37,1.38,1.39,1.4,1.41,1.42,1.43,1.44,1.45,1.46,1.47,1.48,1.49,1.5],"unit":"V"},"J":{"value":[0.0231012,0.0230747,0.0230403,0.023056899999999998,0.0229883,0.0230832,0.0229883,0.0229707,0.022927399999999997,0.0229618,0.0229194,0.022927399999999997,0.022909600000000002,0.022771899999999998,0.022651,0.022754999999999997,0.022746099999999998,0.022694500000000003,0.022719200000000002,0.0227454,0.0227028,0.022685,0.0226934,0.0226852,0.0226246,0.022771200000000002,0.0227201,0.0228061,0.022772300000000002,0.022789,0.022833,0.0227717,0.022781,0.0227628,0.0227634,0.0227803,0.0227621,0.0227805,0.0227365,0.0227285,0.022754100000000003,0.022667899999999998,0.022581,0.0225806,0.0225981,0.022736100000000002,0.022822500000000003,0.0228494,0.0228414,0.0228154,0.0226766,0.0227972,0.022736799999999998,0.0227623,0.0226683,0.0226501,0.0226066,0.0225206,0.0223988,0.0224859,0.0225557,0.022469000000000003,0.0223995,0.0224506,0.0223899,0.0223381,0.0223906,0.0223388,0.0223293,0.0222855,0.0222166,0.0221906,0.0220873,0.022017099999999998,0.021931100000000002,0.0217929,0.021749300000000003,0.0215849,0.0215325,0.021411100000000002,0.0212123,0.0210819,0.0209257,0.0207104,0.0205275,0.0202667,0.019972300000000002,0.0196176,0.019279599999999997,0.018829000000000002,0.018394999999999998,0.0177546,0.0172173,0.016584599999999998,0.015830999999999998,0.0151027,0.014270699999999999,0.0133871,0.0125205,0.0115327,0.010570499999999998,0.00953042,0.00853397,0.0075027,0.00644571,0.005449099999999999,0.0044526,0.00349067,0.00252879,0.00167083,0.0007523499999999999,-7.955729999999999e-5,-0.0009114689999999999,-0.00177801,-0.0026272099999999996,-0.00354582,-0.00455961,-0.00562569,-0.0068471700000000005,-0.00815564,-0.00962893,-0.0112323,-0.012887299999999999,-0.0146981,-0.016613600000000003,-0.0186149,-0.0206944,-0.0228436,-0.0251233,-0.027349900000000003,-0.0297164,-0.0320803,-0.034508899999999995,-0.0369267,-0.0393504,-0.0418204,-0.0443264,-0.046751,-0.049229300000000004,-0.0516999,-0.0541176,-0.056499499999999994,-0.058961,-0.0613793,-0.06374490000000001,-0.0660487,-0.0683883,-0.0707307,-0.07299169999999999,-0.07518340000000001,-0.07735840000000001,-0.0795146,-0.0815675,-0.0836904,-0.0857128,-0.0877302,-0.0896799,-0.0915229,-0.09354649999999999,-0.095374,-0.0972794,-0.0990655,-0.100877,-0.102664,-0.104355,-0.106093,-0.107791,-0.109501,-0.111163,-0.112846,-0.114481],"unit":"A\/cm2"},"P":{"value":[4.62023,4.3842,4.14725,3.91968,3.67813,3.46247,3.21836,2.9862,2.75129,2.5258,2.29194,2.06347,1.83277,1.59403,1.35906,1.13775,0.909844,0.680836,0.454384,0.227454,0,-0.22685,-0.453869,-0.680556,-0.904982,-1.13856,-1.36321,-1.59643,-1.82179,-2.05101,-2.2833,-2.50488,-2.73372,-2.95916,-3.18688,-3.41705,-3.64194,-3.87269,-4.09258,-4.31842,-4.55082,-4.76026,-4.96782,-5.19353,-5.42355,-5.68402,-5.93386,-6.16934,-6.3956,-6.61647,-6.80297,-7.06713,-7.27577,-7.51156,-7.70723,-7.92754,-8.13836,-8.33261,-8.51155,-8.7695,-9.02227,-9.21229,-9.40778,-9.65375,-9.85157,-10.0522,-10.2997,-10.4992,-10.718,-10.9199,-11.1083,-11.3172,-11.4854,-11.6691,-11.8428,-11.9861,-12.1796,-12.3034,-12.4888,-12.6326,-12.7274,-12.8599,-12.9739,-13.0476,-13.1376,-13.1733,-13.1817,-13.1438,-13.1101,-12.992,-12.8765,-12.6058,-12.3965,-12.1067,-11.7149,-11.3271,-10.8457,-10.308,-9.76598,-9.11083,-8.45638,-7.71964,-6.99786,-6.22724,-5.4144,-4.63174,-3.82924,-3.03689,-2.22534,-1.48704,-0.677115,0.0723971,0.838552,1.65355,2.46958,3.36853,4.37723,5.45692,6.71023,8.07408,9.62893,11.3446,13.145,15.139,17.2782,19.5456,21.936,24.4426,27.1332,29.8114,32.6881,35.6091,38.65,41.7271,44.8595,48.0935,51.4187,54.6987,58.0905,61.5229,64.9411,68.3644,71.9324,75.4965,79.0437,82.5608,86.1693,89.828,93.4294,96.9866,100.566,104.164,107.669,111.308,114.855,118.436,121.965,125.386,129.094,132.57,136.191,139.682,143.245,146.809,150.27,153.835,157.374,160.966,164.521,168.14,171.722],"unit":"mW\/cm2"},"efficiency":{"unit":"%","value":13.1817},"I":{"unit":"A","value":[0.02873283582089552,0.028699875621890546,0.028657089552238803,0.028677736318407955,0.028592412935323382,0.02871044776119403,0.028592412935323382,0.0285705223880597,0.028516666666666662,0.028559452736318408,0.028506716417910444,0.028516666666666662,0.028494527363184082,0.028323258706467656,0.028172885572139303,0.028302238805970145,0.028291169154228853,0.028226990049751245,0.02825771144278607,0.028290298507462685,0.02823731343283582,0.028215174129353232,0.02822562189054726,0.028215422885572137,0.028140049751243783,0.028322388059701494,0.028258830845771143,0.028365796019900497,0.028323756218905472,0.028344527363184078,0.02839925373134328,0.028323009950248754,0.02833457711442786,0.02831194029850746,0.028312686567164177,0.02833370646766169,0.02831106965174129,0.028333955223880592,0.02827922885572139,0.02826927860696517,0.028301119402985075,0.02819390547263681,0.028085820895522386,0.028085323383084573,0.028107089552238805,0.028278731343283584,0.028386194029850747,0.02841965174129353,0.028409701492537312,0.0283773631840796,0.028204726368159204,0.0283547263681592,0.02827960199004975,0.028311318407960195,0.028194402985074623,0.028171766169154226,0.028117661691542287,0.028010696517412937,0.0278592039800995,0.027967537313432832,0.028054353233830844,0.027946517412935325,0.02786007462686567,0.02792363184079602,0.02784813432835821,0.02778370646766169,0.027849004975124377,0.027784577114427857,0.027772761194029848,0.02771828358208955,0.027632587064676615,0.027600248756218904,0.027471766169154227,0.027384452736318402,0.027277487562189055,0.027105597014925372,0.027051368159203983,0.02684689054726368,0.026781716417910446,0.026630721393034826,0.026383457711442786,0.026221268656716416,0.02602699004975124,0.025759203980099503,0.025531716417910445,0.025207338308457707,0.024841169154228855,0.024399999999999998,0.023979601990049747,0.023419154228855724,0.02287935323383084,0.02208283582089552,0.02141455223880597,0.020627611940298503,0.01969029850746268,0.018784452736318406,0.01774962686567164,0.016650621890547265,0.01557276119402985,0.01434415422885572,0.01314738805970149,0.011853756218905472,0.010614390547263682,0.009331716417910448,0.00801705223880597,0.0067774875621890536,0.005538059701492537,0.004341629353233831,0.0031452611940298507,0.002078146766169154,0.0009357587064676616,-9.895186567164177e-5,-0.0011336679104477611,-0.002211455223880597,-0.0032676741293532333,-0.004410223880597014,-0.00567115671641791,-0.006997126865671641,-0.008516380597014926,-0.010143830845771144,-0.011976281094527363,-0.013970522388059702,-0.016028980099502484,-0.018281218905472636,-0.020663681592039802,-0.02315286069651741,-0.025739303482587066,-0.02841243781094527,-0.031247885572139304,-0.034017288557213934,-0.03696069651741293,-0.039900870646766166,-0.04292151741293532,-0.04592873134328358,-0.04894328358208955,-0.052015422885572135,-0.055132338308457714,-0.058148009950248755,-0.06123047263681592,-0.06430335820895522,-0.06731044776119403,-0.07027300995024874,-0.07333457711442785,-0.07634241293532337,-0.07928470149253732,-0.08215012437810945,-0.08506007462686567,-0.08797350746268655,-0.09078569651741292,-0.09351169154228857,-0.09621691542288557,-0.09889875621890547,-0.10145211442786069,-0.10409253731343283,-0.10660796019900498,-0.10911716417910447,-0.11154216417910448,-0.11383445273631841,-0.11635136815920397,-0.11862437810945273,-0.12099427860696517,-0.12321579601990049,-0.1254689054726368,-0.12769154228855722,-0.129794776119403,-0.13195646766169156,-0.134068407960199,-0.13619527363184078,-0.13826243781094527,-0.14035572139303482,-0.14238930348258705]},"voc":{"unit":"V","value":0.8999917255766346},"jsc":{"unit":"mA\/cm2","value":22.7028},"fill_factor":{"unit":"%","value":64.5139277537815},"cell_dimension":{"value":0.804,"unit":"cm2"},"sweep_direction":{"unit":"","value":"Forward"},"key":"Forward_FWD1.6M500RPM5_230901"},{"V":{"value":[-0.2,-0.19,-0.18,-0.17,-0.16,-0.15,-0.14,-0.13,-0.12,-0.11,-0.1,-0.09,-0.08,-0.07,-0.06,-0.05,-0.04,-0.03,-0.02,-0.01,0,0.01,0.02,0.03,0.04,0.05,0.06,0.07,0.08,0.09,0.1,0.11,0.12,0.13,0.14,0.15,0.16,0.17,0.18,0.19,0.2,0.21,0.22,0.23,0.24,0.25,0.26,0.27,0.28,0.29,0.3,0.31,0.32,0.33,0.34,0.35,0.36,0.37,0.38,0.39,0.4,0.41,0.42,0.43,0.44,0.45,0.46,0.47,0.48,0.49,0.5,0.51,0.52,0.53,0.54,0.55,0.56,0.57,0.58,0.59,0.6,0.61,0.62,0.63,0.64,0.65,0.66,0.67,0.68,0.69,0.7,0.71,0.72,0.73,0.74,0.75,0.76,0.77,0.78,0.79,0.8,0.81,0.82,0.83,0.84,0.85,0.86,0.87,0.88,0.89,0.9,0.91,0.92,0.93,0.94,0.95,0.96,0.97,0.98,0.99,1,1.01,1.02,1.03,1.04,1.05,1.06,1.07,1.08,1.09,1.1,1.11,1.12,1.13,1.14,1.15,1.16,1.17,1.18,1.19,1.2,1.21,1.22,1.23,1.24,1.25,1.26,1.27,1.28,1.29,1.3,1.31,1.32,1.33,1.34,1.35,1.36,1.37,1.38,1.39,1.4,1.41,1.42,1.43,1.44,1.45,1.46,1.47,1.48,1.49,1.5],"unit":"V"},"J":{"value":[0.0216022,0.0215411,0.0215156,0.021515999999999997,0.0215071,0.0214986,0.0215321,0.021506900000000002,0.0214898,0.021436499999999997,0.021438,0.0214898,0.0215073,0.0215151,0.021594000000000002,0.0215667,0.0215318,0.0215061,0.0215156,0.0214204,0.0213868,0.0214206,0.021385400000000002,0.0213678,0.0212822,0.0213596,0.02142,0.0213771,0.021272700000000002,0.0213247,0.0212987,0.0212467,0.021299099999999998,0.0212209,0.021281400000000002,0.021247099999999998,0.0212211,0.0211951,0.0212209,0.021238,0.0212294,0.021152,0.021280999999999998,0.0212209,0.021238499999999997,0.0212294,0.021281400000000002,0.0212636,0.0212643,0.0212116,0.0212729,0.021272700000000002,0.0211943,0.0212211,0.0212721,0.0211955,0.0212294,0.0211516,0.0211949,0.0211429,0.021160699999999998,0.0211339,0.0211427,0.0211078,0.021099,0.021090499999999998,0.021038900000000003,0.020986499999999998,0.0209872,0.0209176,0.020926300000000002,0.0210127,0.0210383,0.0209958,0.020918,0.020822900000000002,0.0207872,0.0208136,0.0207272,0.020709599999999998,0.0206659,0.0206054,0.0205791,0.0204843,0.0203291,0.0203116,0.020258400000000003,0.020145800000000002,0.0200247,0.0198689,0.0197046,0.019575199999999997,0.019400300000000002,0.0191839,0.0188902,0.018578,0.0181621,0.0178063,0.0173123,0.0166975,0.0160216,0.0153277,0.0145223,0.013594799999999999,0.0125727,0.011437099999999999,0.0102502,0.00895027,0.00770201,0.00631566,0.00489455,0.00350807,0.0021042,0.000778354,-0.000556173,-0.0018560200000000001,-0.0031644100000000003,-0.0045165100000000005,-0.0058681,-0.00741937,-0.009152329999999998,-0.0111194,-0.0131907,-0.0154179,-0.0178873,-0.0204263,-0.0231562,-0.026007699999999998,-0.028996300000000003,-0.0320131,-0.0351838,-0.0383558,-0.0416842,-0.045019199999999995,-0.0484185,-0.0517799,-0.0553161,-0.0587484,-0.0622482,-0.06572,-0.0693269,-0.0728863,-0.07637999999999999,-0.0799415,-0.0835369,-0.0871001,-0.0905655,-0.0941002,-0.09766939999999999,-0.101147,-0.10457599999999999,-0.108043,-0.11151699999999999,-0.114897,-0.117988,-0.121651,-0.12494799999999999,-0.128298,-0.13153299999999998,-0.134783,-0.13797399999999999,-0.141183,-0.144298,-0.147475,-0.15054599999999999,-0.153644,-0.156697,-0.159765,-0.162676,-0.165693,-0.168649],"unit":"A\/cm2"},"P":{"value":[4.32044,4.09281,3.8728,3.65771,3.44114,3.2248,3.01449,2.7959,2.57877,2.35802,2.1438,1.93408,1.72059,1.50606,1.29564,1.07834,0.861274,0.645182,0.430311,0.214204,0,-0.214206,-0.427707,-0.641035,-0.851288,-1.06798,-1.2852,-1.4964,-1.70182,-1.91922,-2.12987,-2.33714,-2.55589,-2.75872,-2.97939,-3.18707,-3.39538,-3.60317,-3.81977,-4.03523,-4.24588,-4.44192,-4.68181,-4.88081,-5.09723,-5.30734,-5.53316,-5.74118,-5.95399,-6.15137,-6.38187,-6.59454,-6.78218,-7.00297,-7.23251,-7.41844,-7.64258,-7.82609,-8.05407,-8.24574,-8.46427,-8.66488,-8.87994,-9.07637,-9.28355,-9.49074,-9.67791,-9.86367,-10.0738,-10.2496,-10.4631,-10.7165,-10.9399,-11.1278,-11.2957,-11.4526,-11.6408,-11.8638,-12.0218,-12.2187,-12.3995,-12.5693,-12.759,-12.9051,-13.0107,-13.2025,-13.3706,-13.4977,-13.6168,-13.7095,-13.7932,-13.8984,-13.9683,-14.0043,-13.9787,-13.9335,-13.8032,-13.7108,-13.5036,-13.1911,-12.8173,-12.4155,-11.9083,-11.2837,-10.5611,-9.72157,-8.81521,-7.78673,-6.77777,-5.62094,-4.40509,-3.19235,-1.93586,-0.723869,0.522803,1.76322,3.03783,4.38101,5.75074,7.34518,9.15233,11.2306,13.4545,15.8805,18.6028,21.4476,24.5456,27.8283,31.316,34.8943,38.7022,42.5749,46.6863,50.8717,55.1971,59.5469,64.1667,68.7356,73.4529,78.2068,83.1922,88.1924,93.1836,98.3281,103.586,108.875,114.113,119.507,125.017,130.48,135.948,141.536,147.202,152.813,158.104,164.229,169.929,175.768,181.515,187.348,193.163,199.067,204.903,210.89,216.786,222.783,228.778,234.854,240.76,246.882,252.974],"unit":"mW\/cm2"},"efficiency":{"unit":"%","value":14.0043},"I":{"unit":"A","value":[0.026868407960199,0.026792412935323383,0.026760696517412932,0.026761194029850742,0.026750124378109454,0.026739552238805968,0.026781218905472633,0.02674987562189055,0.026728606965174127,0.026662313432835816,0.02666417910447761,0.026728606965174127,0.02675037313432836,0.02676007462686567,0.02685820895522388,0.026824253731343284,0.026780845771144278,0.026748880597014923,0.026760696517412932,0.026642288557213928,0.02660049751243781,0.026642537313432836,0.026598756218905475,0.02657686567164179,0.026470398009950248,0.026566666666666666,0.02664179104477612,0.026588432835820894,0.02645858208955224,0.02652325870646766,0.02649092039800995,0.026426243781094528,0.02649141791044776,0.026394154228855722,0.02646940298507463,0.026426741293532334,0.026394402985074623,0.026362064676616916,0.026394154228855722,0.026415422885572137,0.0264047263681592,0.026308457711442787,0.026468905472636813,0.026394154228855722,0.026416044776119398,0.0264047263681592,0.02646940298507463,0.02644726368159204,0.026448134328358207,0.026382587064676617,0.026458830845771143,0.02645858208955224,0.02636106965174129,0.026394402985074623,0.02645783582089552,0.026362562189054722,0.0264047263681592,0.026307960199004974,0.026361815920398008,0.026297139303482583,0.02631927860696517,0.02628594527363184,0.026296890547263682,0.026253482587064673,0.026242537313432835,0.02623196517412935,0.026167786069651745,0.026102611940298504,0.026103482587064675,0.026016915422885572,0.026027736318407962,0.026135199004975122,0.026167039800995023,0.02611417910447761,0.02601741293532338,0.02589912935323383,0.025854726368159203,0.025887562189054726,0.025780099502487563,0.025758208955223877,0.025703855721393033,0.025628606965174126,0.025595895522388057,0.025477985074626865,0.025284950248756217,0.025263184079601986,0.025197014925373136,0.025056965174129354,0.024906343283582086,0.024712562189054724,0.02450820895522388,0.024347263681592034,0.024129726368159205,0.023860572139303482,0.023495273631840796,0.023106965174129353,0.02258967661691542,0.022147139303482586,0.021532711442786068,0.020768034825870647,0.019927363184079602,0.019064303482587062,0.018062562189054724,0.016908955223880594,0.015637686567164178,0.014225248756218903,0.012749004975124377,0.011132176616915422,0.009579614427860695,0.007855298507462687,0.006087748756218906,0.004363271144278607,0.0026171641791044777,0.0009681019900497511,-0.0006917574626865671,-0.0023084825870646765,-0.003935833333333334,-0.005617549751243781,-0.0072986318407960195,-0.009228072139303482,-0.01138349502487562,-0.01383009950248756,-0.01640634328358209,-0.019176492537313433,-0.0222478855721393,-0.02540584577114428,-0.028801243781094523,-0.0323478855721393,-0.036065049751243784,-0.039817288557213934,-0.04376094527363184,-0.047706218905472636,-0.0518460199004975,-0.05599402985074626,-0.06022201492537314,-0.0644028606965174,-0.06880111940298507,-0.07307014925373134,-0.0774231343283582,-0.0817412935323383,-0.08622748756218905,-0.09065460199004975,-0.09499999999999999,-0.0994297263681592,-0.10390161691542288,-0.10833345771144277,-0.11264365671641789,-0.11704004975124377,-0.12147935323383083,-0.1258047263681592,-0.1300696517412935,-0.1343818407960199,-0.13870273631840793,-0.14290671641791045,-0.14675124378109453,-0.15130721393034824,-0.15540796019900496,-0.15957462686567161,-0.16359825870646763,-0.16764054726368158,-0.1716094527363184,-0.1756007462686567,-0.17947512437810945,-0.18342661691542286,-0.1872462686567164,-0.1910995024875622,-0.19489676616915422,-0.19871268656716415,-0.2023333333333333,-0.20608582089552238,-0.20976243781094525]},"voc":{"unit":"V","value":0.9299917127761769},"jsc":{"unit":"mA\/cm2","value":21.3868},"fill_factor":{"unit":"%","value":70.41035256867475},"cell_dimension":{"value":0.804,"unit":"cm2"},"sweep_direction":{"unit":"","value":"Forward"},"key":"Forward_FWD1.6M500RPM4_230901"},{"V":{"value":[-0.2,-0.19,-0.18,-0.17,-0.16,-0.15,-0.14,-0.13,-0.12,-0.11,-0.1,-0.09,-0.08,-0.07,-0.06,-0.05,-0.04,-0.03,-0.02,-0.01,0,0.01,0.02,0.03,0.04,0.05,0.06,0.07,0.08,0.09,0.1,0.11,0.12,0.13,0.14,0.15,0.16,0.17,0.18,0.19,0.2,0.21,0.22,0.23,0.24,0.25,0.26,0.27,0.28,0.29,0.3,0.31,0.32,0.33,0.34,0.35,0.36,0.37,0.38,0.39,0.4,0.41,0.42,0.43,0.44,0.45,0.46,0.47,0.48,0.49,0.5,0.51,0.52,0.53,0.54,0.55,0.56,0.57,0.58,0.59,0.6,0.61,0.62,0.63,0.64,0.65,0.66,0.67,0.68,0.69,0.7,0.71,0.72,0.73,0.74,0.75,0.76,0.77,0.78,0.79,0.8,0.81,0.82,0.83,0.84,0.85,0.86,0.87,0.88,0.89,0.9,0.91,0.92,0.93,0.94,0.95,0.96,0.97,0.98,0.99,1,1.01,1.02,1.03,1.04,1.05,1.06,1.07,1.08,1.09,1.1,1.11,1.12,1.13,1.14,1.15,1.16,1.17,1.18,1.19,1.2,1.21,1.22,1.23,1.24,1.25,1.26,1.27,1.28,1.29,1.3,1.31,1.32,1.33,1.34,1.35,1.36,1.37,1.38,1.39,1.4,1.41,1.42,1.43,1.44,1.45,1.46,1.47,1.48,1.49,1.5],"unit":"V"},"J":{"value":[0.0230747,0.023031199999999998,0.0229532,0.0229358,0.0229614,0.022823,0.0228487,0.022849,0.0228316,0.022814499999999998,0.0227974,0.022831399999999998,0.0228574,0.0228579,0.0228408,0.0228668,0.0228316,0.0227452,0.0227539,0.0227365,0.0226674,0.0226323,0.0227288,0.0228487,0.0228056,0.022857199999999998,0.022875,0.0228321,0.0228574,0.0227974,0.022710499999999998,0.022607,0.022588999999999998,0.0225981,0.0225981,0.0226237,0.0226583,0.0226323,0.0226759,0.0226586,0.0225632,0.0226146,0.0225892,0.022553899999999998,0.0225112,0.0225197,0.0223906,0.022424399999999997,0.0223808,0.022389500000000003,0.022311499999999998,0.0223637,0.0223899,0.022389700000000002,0.0223379,0.022381,0.022363900000000003,0.022347000000000002,0.022355299999999998,0.022337700000000002,0.0223202,0.0223035,0.0222855,0.022233899999999997,0.022233899999999997,0.022199100000000003,0.022198899999999997,0.0221646,0.02213,0.022052,0.0220167,0.02187,0.0218184,0.0217398,0.021714400000000002,0.0216356,0.021626899999999998,0.021557800000000002,0.0214974,0.021428100000000002,0.0213843,0.0212719,0.021202600000000002,0.0211596,0.021072399999999998,0.0209773,0.0208301,0.0206655,0.0204839,0.0202586,0.020110700000000002,0.0198854,0.0195912,0.019374500000000003,0.019131699999999998,0.0187503,0.018334299999999998,0.0179104,0.017416,0.0169129,0.0163416,0.0156826,0.0149548,0.0142615,0.0134384,0.0126237,0.0116709,0.0107262,0.009772949999999999,0.00872453,0.0076758600000000005,0.00652345,0.0054058299999999995,0.00423583,0.0030573,0.00183551,0.000657008,-0.000582125,-0.00175193,-0.0029998,-0.0042562,-0.005512769999999999,-0.0068559,-0.00822488,-0.009611409999999999,-0.0110755,-0.012626799999999999,-0.0142299,-0.0158594,-0.017557800000000002,-0.0192902,-0.0211101,-0.0229213,-0.0248099,-0.026725699999999998,-0.0286841,-0.0306326,-0.0326175,-0.0346542,-0.0366638,-0.0386926,-0.0407278,-0.0428165,-0.0449144,-0.0469681,-0.0490473,-0.051128,-0.0531899,-0.055251100000000004,-0.0573227,-0.059385,-0.0614566,-0.0634831,-0.0655461,-0.0676344,-0.0696781,-0.07174320000000001,-0.07382290000000001,-0.0759445,-0.07799809999999999,-0.0800518,-0.0821228,-0.0842199,-0.0863342,-0.0884225,-0.090602,-0.0927128,-0.094808,-0.0969579,-0.0991752,-0.101471],"unit":"A\/cm2"},"P":{"value":[4.61495,4.37592,4.13157,3.89909,3.67382,3.42345,3.19882,2.97037,2.7398,2.5096,2.27974,2.05483,1.82859,1.60005,1.37045,1.14334,0.913266,0.682356,0.455077,0.227365,0,-0.226323,-0.454575,-0.685462,-0.912226,-1.14286,-1.3725,-1.59825,-1.82859,-2.05177,-2.27105,-2.48677,-2.71068,-2.93776,-3.16374,-3.39355,-3.62533,-3.8475,-4.08166,-4.30513,-4.51265,-4.74906,-4.96963,-5.1874,-5.4027,-5.62992,-5.82155,-6.05458,-6.26663,-6.49295,-6.69345,-6.93275,-7.16478,-7.3886,-7.5949,-7.83337,-8.05101,-8.2684,-8.495,-8.71171,-8.92806,-9.14443,-9.35991,-9.5606,-9.78293,-9.98958,-10.2115,-10.4174,-10.6224,-10.8055,-11.0083,-11.1537,-11.3456,-11.5221,-11.7258,-11.8996,-12.1111,-12.288,-12.4685,-12.6426,-12.8306,-12.9758,-13.1456,-13.3306,-13.4863,-13.6352,-13.7479,-13.8459,-13.9291,-13.9784,-14.0775,-14.1187,-14.1057,-14.1434,-14.1575,-14.0627,-13.9341,-13.791,-13.5845,-13.3612,-13.0733,-12.7029,-12.263,-11.837,-11.2883,-10.7302,-10.037,-9.33184,-8.6002,-7.76483,-6.90828,-5.93634,-4.97336,-3.93933,-2.87387,-1.74373,-0.630728,0.564661,1.71689,2.9698,4.2562,5.56789,6.99302,8.47162,9.99587,11.6293,13.3844,15.226,17.1282,19.1381,21.2192,23.4322,25.6719,28.0352,30.4673,32.9867,35.5338,38.1625,40.8919,43.63,46.4311,49.2806,52.2362,55.2447,58.2404,61.3091,64.4213,67.5511,70.7214,73.9463,77.2005,80.5082,83.7977,87.1763,90.6301,94.0654,97.5707,101.137,104.803,108.417,112.073,115.793,119.592,123.458,127.328,131.373,135.361,139.368,143.498,147.771,152.206],"unit":"mW\/cm2"},"efficiency":{"unit":"%","value":14.1575},"I":{"unit":"A","value":[0.028699875621890546,0.028645771144278603,0.02854875621890547,0.028527114427860694,0.028558955223880595,0.028386815920398007,0.028418781094527362,0.02841915422885572,0.028397512437810944,0.028376243781094525,0.028354975124378106,0.028397263681592035,0.02842960199004975,0.028430223880597013,0.028408955223880598,0.028441293532338305,0.028397512437810944,0.02829004975124378,0.028300870646766167,0.02827922885572139,0.028193283582089553,0.028149626865671643,0.02826965174129353,0.028418781094527362,0.02836517412935323,0.02842935323383084,0.02845149253731343,0.028398134328358207,0.02842960199004975,0.028354975124378106,0.02824689054726368,0.028118159203980097,0.0280957711442786,0.028107089552238805,0.028107089552238805,0.028138930348258706,0.02818196517412935,0.028149626865671643,0.028203855721393032,0.028182338308457712,0.0280636815920398,0.028127611940298503,0.02809601990049751,0.028052114427860694,0.027999004975124375,0.02800957711442786,0.027849004975124377,0.027891044776119398,0.02783681592039801,0.0278476368159204,0.02775062189054726,0.02781554726368159,0.02784813432835821,0.027847885572139304,0.027783457711442784,0.027837064676616917,0.027815796019900498,0.027794776119402988,0.02780509950248756,0.027783208955223883,0.027761442786069648,0.027740671641791042,0.02771828358208955,0.027654104477611935,0.027654104477611935,0.02761082089552239,0.02761057213930348,0.02756791044776119,0.027524875621890547,0.027427860696517408,0.027383955223880596,0.02720149253731343,0.027137313432835822,0.02703955223880597,0.027007960199004977,0.02690995024875622,0.026899129353233825,0.026813184079601992,0.026738059701492536,0.02665186567164179,0.02659738805970149,0.026457587064676616,0.02637139303482587,0.026317910447761193,0.026209452736318403,0.026091169154228856,0.025908084577114427,0.025703358208955224,0.025477487562189052,0.02519726368159204,0.025013308457711443,0.024733084577114428,0.024367164179104474,0.0240976368159204,0.02379564676616915,0.023321268656716417,0.02280385572139303,0.022276616915422886,0.021661691542288558,0.02103594527363184,0.020325373134328358,0.019505721393034827,0.01860049751243781,0.01773818407960199,0.016714427860696515,0.015701119402985072,0.014516044776119402,0.013341044776119403,0.012155410447761193,0.010851405472636815,0.009547089552238807,0.008113743781094527,0.006723669154228854,0.005268445273631841,0.0038026119402985075,0.00228297263681592,0.0008171741293532338,-0.0007240360696517412,-0.002179017412935323,-0.003731094527363184,-0.0052937810945273625,-0.006856679104477611,-0.008527238805970148,-0.010229950248756219,-0.011954490049751241,-0.01377549751243781,-0.015704975124378108,-0.017698880597014924,-0.019725621890547263,-0.021838059701492538,-0.02399278606965174,-0.026256343283582086,-0.028509079601990048,-0.030858084577114427,-0.033240920398009945,-0.035676741293532335,-0.0381002487562189,-0.040569029850746265,-0.04310223880597015,-0.04560174129353234,-0.04812512437810945,-0.05065646766169154,-0.05325435323383084,-0.0558636815920398,-0.05841803482587064,-0.06100410447761194,-0.06359203980099502,-0.06615659203980098,-0.0687202736318408,-0.07129689054726368,-0.07386194029850746,-0.07643855721393035,-0.07895907960199004,-0.08152499999999999,-0.08412238805970149,-0.08666430348258707,-0.08923283582089553,-0.09181952736318409,-0.09445833333333332,-0.0970125621890547,-0.09956691542288558,-0.10214278606965173,-0.10475111940298507,-0.10738084577114428,-0.10997823383084576,-0.11268905472636816,-0.11531442786069651,-0.11792039800995024,-0.12059440298507462,-0.12335223880597015,-0.12620771144278606]},"voc":{"unit":"V","value":0.95999322213081},"jsc":{"unit":"mA\/cm2","value":22.6674},"fill_factor":{"unit":"%","value":65.06039490553971},"cell_dimension":{"value":0.804,"unit":"cm2"},"sweep_direction":{"unit":"","value":"Forward"},"key":"Forward_FWD1.6M500RPM11_230901"}]}}