{"_id":"655cabf1e66ef8618a0fbfa4","id":"CNU_EEML-SC-00321","author":62,"group":6,"input":[{"tco":{"unit":"","value":"ITO"}},{"etl":[{"material":{"unit":"","value":"SnO2_NP"},"concentration":{"unit":"","value":"1:5 ratio (in H2O)"},"conc_unit":{"unit":"","value":"None"},"quantity":{"unit":"ml","value":"0.2"}}],"spin_coating":[{"type":{"unit":"","value":"drop&run"},"rpm":{"unit":"","value":"3000"},"time":{"unit":"s","value":"30"}}],"annealing":[{"temperature":{"unit":"oC","value":"100"},"time":{"unit":"m","value":"10"}}]},[],{"perovskite":{"method":{"unit":"","value":"1step"},"molarity":{"unit":"M","value":"1.4"},"a_site":[{"material":{"unit":"","value":"FA"},"ratio":{"unit":"%","value":"95"}},{"material":{"unit":"","value":"MA"},"ratio":{"unit":"%","value":"5"}}],"b_site":[{"material":{"unit":"","value":"Pb"},"ratio":{"unit":"%","value":"100"}}],"x_site":[{"material":{"unit":"","value":"I"},"ratio":{"unit":"%","value":"95"}},{"material":{"unit":"","value":"Br"},"ratio":{"unit":"%","value":"5"}}],"solvent":[{"material":{"unit":"","value":"DMF"},"volume":{"unit":"ml","value":"0.8"}},{"material":{"unit":"","value":"DMSO"},"volume":{"unit":"ml","value":"0.1"}}],"additive":[{"material":{"unit":"","value":"5E-NTF2"},"solvent":{"unit":"","value":"none"},"concentration":{"unit":"","value":""},"conc_unit":{"unit":"","value":"none"},"quantity":{"unit":"mol%","value":"0.25"}}],"antisolvent":[{"material":{"unit":"","value":"DEE"},"quantity":{"unit":"ul","value":"1000"},"dripping_time":{"unit":"s","value":"12"}}],"spin_coating":[{"type":{"unit":"","value":"dynamic"},"rpm":{"unit":"","value":"5000"},"time":{"unit":"s","value":"30"}}],"annealing":[{"temperature":{"unit":"oC","value":"100"},"time":{"unit":"m","value":"60"}}]}},{"htl":[{"material":{"unit":"","value":"Spiro-OMeTAD"},"concentration":{"unit":"","value":"91"},"conc_unit":{"unit":"","value":"mg\/ml"},"quantity":{"unit":"ml","value":"0.07"}}],"solvent":[{"material":{"unit":"","value":"CB"},"volume":{"unit":"ml","value":"1.1"}}],"htl_doping":[{"material":{"unit":"","value":"Li-TFSI"},"volume":{"unit":"ul","value":"23"}},{"material":{"unit":"","value":"Co-TFSI"},"volume":{"unit":"ul","value":"10"}},{"material":{"unit":"","value":"tBP"},"volume":{"unit":"ul","value":"39"}}],"spin_coating":[{"type":{"unit":"","value":"dynamic"},"rpm":{"unit":"","value":"2000"},"time":{"unit":"s","value":"30"}}]},{"anode_metal":{"unit":"","value":"Ag"}},{"note":{"unit":"","value":"n-i-p TEST"},"ar":{"unit":"","value":"0"},"type":{"unit":"","value":"unit_cell"},"device_type":{"unit":"","value":"n-i-p"},"temperature":{"unit":"\u2103","value":"23.4"},"humidity":{"unit":"%","value":"21"},"cell_dimension":{"unit":"cm2","value":"0.0804"}}],"fileinfo":[{"key":"Reverse_REV1_231116","uploadType":"JV","original_name":"REV1_231116-1.dat","save_name":"CNU_EEML-SC-00321\/Reverse_REV1_231116","uploader":62,"fileType":""},{"key":"Reverse_REV2_231116","uploadType":"JV","original_name":"REV2_231116-1.dat","save_name":"CNU_EEML-SC-00321\/Reverse_REV2_231116","uploader":62,"fileType":""},{"key":"Reverse_REV3_231116","uploadType":"JV","original_name":"REV3_231116-1.dat","save_name":"CNU_EEML-SC-00321\/Reverse_REV3_231116","uploader":62,"fileType":""},{"key":"Forward_FWD1_231116","uploadType":"JV","original_name":"FWD1_231116-1.dat","save_name":"CNU_EEML-SC-00321\/Forward_FWD1_231116","uploader":62,"fileType":""},{"key":"Forward_FWD2_231116","uploadType":"JV","original_name":"FWD2_231116-1.dat","save_name":"CNU_EEML-SC-00321\/Forward_FWD2_231116","uploader":62,"fileType":""},{"key":"Forward_FWD3_231116","uploadType":"JV","original_name":"FWD3_231116-1.dat","save_name":"CNU_EEML-SC-00321\/Forward_FWD3_231116","uploader":62,"fileType":""}],"jvcnt":6,"updated_at":"2024-08-27 05:38:28","created_at":"2023-11-21 13:09:05","analysisInfo":{"JV":[{"efficiency":18.016,"fill_factor":78.3697217797901,"jsc":20.5255,"voc":1.1199956164269187,"key":"Reverse_REV3_231116","cell_dimension":0.0804},{"efficiency":18.3487,"fill_factor":77.15069381245695,"jsc":20.6812,"voc":1.1499785228925608,"key":"Reverse_REV2_231116","cell_dimension":0.0804},{"efficiency":18.9311,"fill_factor":78.12705211928747,"jsc":20.8894,"voc":1.159974509403972,"key":"Reverse_REV1_231116","cell_dimension":0.0804},{"efficiency":15.7368,"fill_factor":73.70431305829082,"jsc":20.3348,"voc":1.0499862630422785,"key":"Forward_FWD3_231116","cell_dimension":0.0804},{"efficiency":16.3397,"fill_factor":74.19392011713846,"jsc":20.7767,"voc":1.0599837111741148,"key":"Forward_FWD2_231116","cell_dimension":0.0804},{"efficiency":16.8744,"fill_factor":76.09462609345233,"jsc":20.7251,"voc":1.0699850693147728,"key":"Forward_FWD1_231116","cell_dimension":0.0804}]},"public":2,"tags":[],"analysis":{"JV":[{"V":{"value":[1.5,1.49,1.48,1.47,1.46,1.45,1.44,1.43,1.42,1.41,1.4,1.39,1.38,1.37,1.36,1.35,1.34,1.33,1.32,1.31,1.3,1.29,1.28,1.27,1.26,1.25,1.24,1.23,1.22,1.21,1.2,1.19,1.18,1.17,1.16,1.15,1.14,1.13,1.12,1.11,1.1,1.09,1.08,1.07,1.06,1.05,1.04,1.03,1.02,1.01,1,0.99,0.98,0.97,0.96,0.95,0.94,0.93,0.92,0.91,0.9,0.89,0.88,0.87,0.86,0.85,0.84,0.83,0.82,0.81,0.8,0.79,0.78,0.77,0.76,0.75,0.74,0.73,0.72,0.71,0.7,0.69,0.68,0.67,0.66,0.65,0.64,0.63,0.62,0.61,0.6,0.59,0.58,0.57,0.56,0.55,0.54,0.53,0.52,0.51,0.5,0.49,0.48,0.47,0.46,0.45,0.44,0.43,0.42,0.41,0.4,0.39,0.38,0.37,0.36,0.35,0.34,0.33,0.32,0.31,0.3,0.29,0.28,0.27,0.26,0.25,0.24,0.23,0.22,0.21,0.2,0.19,0.18,0.17,0.16,0.15,0.14,0.13,0.12,0.11,0.1,0.09,0.08,0.07,0.06,0.05,0.04,0.03,0.02,0.01,0,-0.01,-0.02,-0.03,-0.04,-0.05,-0.06,-0.07,-0.08,-0.09,-0.1,-0.11,-0.12,-0.13,-0.14,-0.15,-0.16,-0.17,-0.18,-0.19,-0.2],"unit":"V"},"J":{"value":[-0.401287,-0.377295,-0.362002,-0.347991,-0.334252,-0.321013,-0.307631,-0.294499,-0.281548,-0.268927,-0.256142,-0.243435,-0.231185,-0.21915,-0.207089,-0.195103,-0.18308600000000003,-0.170986,-0.15919,-0.14796199999999998,-0.137154,-0.125275,-0.114955,-0.104964,-0.0951837,-0.086823,-0.0776722,-0.06879089999999999,-0.060359499999999996,-0.0522158,-0.0445903,-0.0373292,-0.0307007,-0.0244104,-0.018604399999999997,-0.013354,-0.008579739999999999,-0.0043079799999999994,-0.00048679,0.0027798799999999998,0.005630639999999999,0.00808282,0.0101623,0.011895200000000002,0.0132903,0.0144773,0.015448,0.0162362,0.0167994,0.017354099999999997,0.0177704,0.018029800000000002,0.0183508,0.0185587,0.0187667,0.0189223,0.0190871,0.0191477,0.0193124,0.0194164,0.019451,0.0195898,0.019641600000000002,0.0196934,0.0197372,0.019832100000000002,0.0198843,0.019884100000000002,0.0199707,0.0199971,0.0200574,0.0200489,0.0201442,0.020117799999999998,0.020144600000000002,0.0201357,0.0201962,0.0201613,0.020170200000000003,0.0201357,0.02017,0.0201271,0.020204899999999998,0.0201875,0.0201958,0.0202222,0.020231000000000002,0.0202655,0.0202224,0.020283000000000002,0.0202915,0.0202742,0.0202742,0.020308800000000002,0.0203258,0.020352000000000002,0.0203522,0.0203175,0.020309,0.0203435,0.020378399999999998,0.0203348,0.020343299999999998,0.020404,0.020343299999999998,0.0203437,0.0203524,0.0203435,0.020326399999999998,0.020412800000000002,0.020404,0.020352000000000002,0.0204043,0.0203786,0.020456099999999998,0.020413,0.0204821,0.020473500000000002,0.020412800000000002,0.0204043,0.020412800000000002,0.0204301,0.0204042,0.020343299999999998,0.0203348,0.0203868,0.020378,0.0204303,0.020447299999999998,0.020465,0.0204126,0.0203872,0.020387,0.020360800000000002,0.020447700000000003,0.0204219,0.020413,0.0203697,0.020378399999999998,0.0203175,0.020308800000000002,0.020308800000000002,0.020343299999999998,0.0203959,0.020421500000000002,0.020395499999999997,0.020326399999999998,0.020326,0.0203782,0.020464800000000002,0.020525500000000002,0.0205428,0.0204908,0.020491,0.020464800000000002,0.020439,0.020464800000000002,0.0204388,0.0204563,0.0204559,0.0203866,0.020464800000000002,0.0204821,0.020464800000000002,0.020569,0.0204906,0.020491199999999998,0.0204995,0.0205079,0.0204995,0.020491],"unit":"A\/cm2"},"P":{"value":[601.93,562.17,535.763,511.547,488.008,465.468,442.989,421.133,399.798,379.187,358.599,338.374,319.036,300.236,281.641,263.39,245.335,227.411,210.131,193.83,178.3,161.605,147.143,133.304,119.931,108.529,96.3136,84.6128,73.6386,63.1811,53.5083,44.4218,36.2268,28.5601,21.5811,15.3571,9.7809,4.86802,0.545204,-3.08566,-6.1937,-8.81027,-10.9753,-12.7278,-14.0877,-15.2011,-16.0659,-16.7233,-17.1354,-17.5277,-17.7704,-17.8495,-17.9837,-18.002,-18.016,-17.9762,-17.9419,-17.8074,-17.7674,-17.6689,-17.5059,-17.435,-17.2846,-17.1333,-16.9739,-16.8573,-16.7028,-16.5038,-16.376,-16.1976,-16.0459,-15.8386,-15.7125,-15.4907,-15.3099,-15.1018,-14.9452,-14.7178,-14.5225,-14.2964,-14.119,-13.8877,-13.7393,-13.5256,-13.3292,-13.1444,-12.9479,-12.7673,-12.5379,-12.3727,-12.1749,-11.9618,-11.759,-11.576,-11.3824,-11.1936,-10.9902,-10.7683,-10.5607,-10.3752,-10.1892,-9.96406,-9.76478,-9.58986,-9.35792,-9.15466,-8.95504,-8.7477,-8.53707,-8.36925,-8.16158,-7.93727,-7.75365,-7.54007,-7.36421,-7.14455,-6.96392,-6.75625,-6.5321,-6.32535,-6.12384,-5.92474,-5.71316,-5.49269,-5.28705,-5.0967,-4.89071,-4.69898,-4.4984,-4.29765,-4.08252,-3.87357,-3.66966,-3.46134,-3.27163,-3.06328,-2.85782,-2.64806,-2.4454,-2.23493,-2.03088,-1.82779,-1.62746,-1.42771,-1.22529,-1.01977,-0.813055,-0.609779,-0.407563,-0.204648,0,0.205428,0.409816,0.61473,0.818592,1.02195,1.22789,1.43072,1.63651,1.84103,2.03866,2.25113,2.45786,2.66042,2.87966,3.07359,3.27859,3.48491,3.69143,3.8949,4.0982],"unit":"mW\/cm2"},"efficiency":{"unit":"%","value":18.016},"I":{"unit":"A","value":[-4.99113184079602,-4.692723880597015,-4.502512437810945,-4.3282462686567165,-4.157363184079602,-3.9926990049751243,-3.8262562189054727,-3.6629228855721396,-3.5018407960199007,-3.3448631840796024,-3.1858457711442782,-3.0277985074626868,-2.8754353233830847,-2.7257462686567164,-2.575733830845771,-2.4266542288557216,-2.2771890547263687,-2.1266915422885573,-1.9799751243781094,-1.8403233830845769,-1.7058955223880596,-1.5581467661691542,-1.4297885572139304,-1.3055223880597016,-1.1838768656716419,-1.0798880597014926,-0.9660721393034826,-0.8556082089552237,-0.7507400497512438,-0.6494502487562189,-0.5546057213930349,-0.46429353233830845,-0.3818495024875622,-0.30361194029850747,-0.23139800995024873,-0.16609452736318409,-0.10671318407960198,-0.053581840796019894,-0.006054601990049751,0.03457562189054726,0.07003283582089552,0.1005325870646766,0.12639676616915424,0.14795024875621893,0.16530223880597014,0.18006592039800995,0.19213930348258706,0.20194278606965174,0.20894776119402983,0.21584701492537312,0.22102487562189052,0.22425124378109457,0.22824378109452736,0.23082960199004976,0.2334166666666667,0.23535199004975124,0.23740174129353234,0.2381554726368159,0.2402039800995025,0.24149751243781095,0.24192786069651742,0.2436542288557214,0.2442985074626866,0.24494278606965175,0.24548756218905474,0.2466679104477612,0.2473171641791045,0.24731467661691545,0.24839179104477613,0.24872014925373134,0.24947014925373134,0.24936442786069654,0.2505497512437811,0.2502213930348258,0.25055472636815923,0.25044402985074626,0.25119651741293536,0.25076243781094526,0.2508731343283582,0.25044402985074626,0.25087064676616916,0.25033706467661687,0.2513047263681592,0.25108830845771146,0.2511915422885572,0.25151990049751244,0.2516293532338309,0.25205845771144275,0.2515223880597015,0.2522761194029851,0.2523818407960199,0.25216666666666665,0.25216666666666665,0.2525970149253732,0.2528084577114428,0.253134328358209,0.25313681592039805,0.252705223880597,0.2525995024875622,0.25302860696517415,0.25346268656716414,0.25292039800995025,0.25302611940298503,0.2537810945273632,0.25302611940298503,0.25303109452736317,0.25313930348258706,0.25302860696517415,0.25281592039800993,0.2538905472636816,0.2537810945273632,0.253134328358209,0.25378482587064677,0.25346517412935327,0.2544291044776119,0.25389303482587067,0.25475248756218905,0.2546455223880597,0.2538905472636816,0.25378482587064677,0.2538905472636816,0.25410572139303483,0.25378358208955226,0.25302611940298503,0.25292039800995025,0.25356716417910447,0.25345771144278606,0.25410820895522385,0.2543196517412935,0.2545398009950249,0.25388805970149253,0.2535721393034826,0.25356965174129353,0.2532437810945274,0.2543246268656717,0.2540037313432836,0.25389303482587067,0.2533544776119403,0.25346268656716414,0.252705223880597,0.2525970149253732,0.2525970149253732,0.25302611940298503,0.2536803482587065,0.2539987562189055,0.2536753731343283,0.25281592039800993,0.25281094527363185,0.25346019900497513,0.25453731343283587,0.255292288557214,0.25550746268656715,0.25486069651741294,0.25486318407960196,0.25453731343283587,0.25421641791044775,0.25453731343283587,0.25421393034825873,0.254431592039801,0.2544266169154229,0.25356467661691545,0.25453731343283587,0.25475248756218905,0.25453731343283587,0.25583333333333336,0.2548582089552239,0.254865671641791,0.25496890547263684,0.2550733830845771,0.25496890547263684,0.25486318407960196]},"voc":{"unit":"V","value":1.1199956164269187},"jsc":{"unit":"mA\/cm2","value":20.5255},"fill_factor":{"unit":"%","value":78.3697217797901},"cell_dimension":{"value":0.0804,"unit":"cm2"},"sweep_direction":{"unit":"","value":"Reverse"},"key":"Reverse_REV3_231116"},{"V":{"value":[1.5,1.49,1.48,1.47,1.46,1.45,1.44,1.43,1.42,1.41,1.4,1.39,1.38,1.37,1.36,1.35,1.34,1.33,1.32,1.31,1.3,1.29,1.28,1.27,1.26,1.25,1.24,1.23,1.22,1.21,1.2,1.19,1.18,1.17,1.16,1.15,1.14,1.13,1.12,1.11,1.1,1.09,1.08,1.07,1.06,1.05,1.04,1.03,1.02,1.01,1,0.99,0.98,0.97,0.96,0.95,0.94,0.93,0.92,0.91,0.9,0.89,0.88,0.87,0.86,0.85,0.84,0.83,0.82,0.81,0.8,0.79,0.78,0.77,0.76,0.75,0.74,0.73,0.72,0.71,0.7,0.69,0.68,0.67,0.66,0.65,0.64,0.63,0.62,0.61,0.6,0.59,0.58,0.57,0.56,0.55,0.54,0.53,0.52,0.51,0.5,0.49,0.48,0.47,0.46,0.45,0.44,0.43,0.42,0.41,0.4,0.39,0.38,0.37,0.36,0.35,0.34,0.33,0.32,0.31,0.3,0.29,0.28,0.27,0.26,0.25,0.24,0.23,0.22,0.21,0.2,0.19,0.18,0.17,0.16,0.15,0.14,0.13,0.12,0.11,0.1,0.09,0.08,0.07,0.06,0.05,0.04,0.03,0.02,0.01,0,-0.01,-0.02,-0.03,-0.04,-0.05,-0.06,-0.07,-0.08,-0.09,-0.1,-0.11,-0.12,-0.13,-0.14,-0.15,-0.16,-0.17,-0.18,-0.19,-0.2],"unit":"V"},"J":{"value":[-0.391258,-0.360605,-0.341661,-0.32604700000000003,-0.311147,-0.296977,-0.283266,-0.26987900000000004,-0.256512,-0.243355,-0.23055,-0.217935,-0.205416,-0.19306,-0.181077,-0.169423,-0.157841,-0.146505,-0.135535,-0.12485399999999999,-0.114324,-0.104117,-0.09430849999999999,-0.08480410000000001,-0.0755667,-0.0667207,-0.058228,-0.0501781,-0.0424839,-0.0351984,-0.0284479,-0.022226600000000003,-0.016507400000000002,-0.0111792,-0.00656956,-0.0024536600000000003,0.00122017,0.004330860000000001,0.00699963,0.0092265,0.0110548,0.0125626,0.0138449,0.014832399999999999,0.015656,0.0163318,0.0168429,0.0172938,0.0177096,0.0179953,0.018220800000000002,0.018506699999999997,0.0187232,0.0188963,0.019017600000000003,0.0191391,0.0192779,0.019373,0.0194427,0.019572500000000003,0.0196418,0.0196765,0.0197283,0.019728100000000002,0.0197287,0.0197718,0.0197805,0.019910399999999998,0.0199709,0.0200491,0.020040400000000003,0.020092199999999998,0.0201791,0.020213699999999998,0.0201355,0.020118200000000003,0.020239899999999998,0.0201444,0.020205200000000003,0.020170200000000003,0.0201789,0.020213699999999998,0.0202742,0.020378,0.0204303,0.0204823,0.0205519,0.0206119,0.0206554,0.020768699999999998,0.0206472,0.0206901,0.020672799999999998,0.0206556,0.0206034,0.020620999999999997,0.0205515,0.0206643,0.0207074,0.0206988,0.0206899,0.0206296,0.0206988,0.020681599999999998,0.0206468,0.0206643,0.0206472,0.0206554,0.0206643,0.020681599999999998,0.020672799999999998,0.0207076,0.020724799999999998,0.020707200000000002,0.020690300000000002,0.0207161,0.020802900000000003,0.0208031,0.020767900000000002,0.020802900000000003,0.020776700000000002,0.020794299999999998,0.020802499999999998,0.020750900000000003,0.0207596,0.0207421,0.0208378,0.0208632,0.0208896,0.0208896,0.0208721,0.0209242,0.0209065,0.020915600000000003,0.020863800000000002,0.020785599999999998,0.0208027,0.020785599999999998,0.0207594,0.0207774,0.0207769,0.020802900000000003,0.0207941,0.020750699999999997,0.0207685,0.020724799999999998,0.020673200000000003,0.020655999999999997,0.0206905,0.0206905,0.0206812,0.0206558,0.0206385,0.020681599999999998,0.0207074,0.0207683,0.0207165,0.020750499999999998,0.0207769,0.0207941,0.0207683,0.020828299999999998,0.020776700000000002,0.0208027,0.0208723,0.020837599999999998,0.0208461,0.020863600000000003,0.0208114,0.0208114,0.0207945],"unit":"A\/cm2"},"P":{"value":[586.886,537.302,505.658,479.289,454.274,430.616,407.903,385.927,364.247,343.131,322.771,302.929,283.475,264.493,246.265,228.721,211.507,194.851,178.907,163.559,148.621,134.311,120.715,107.701,95.214,83.4008,72.2027,61.719,51.8304,42.5901,34.1375,26.4497,19.4787,13.0796,7.62069,2.82171,-1.39099,-4.89387,-7.83959,-10.2414,-12.1603,-13.6932,-14.9525,-15.8706,-16.5953,-17.1484,-17.5166,-17.8126,-18.0637,-18.1753,-18.2208,-18.3217,-18.3487,-18.3294,-18.2569,-18.1821,-18.1212,-18.0169,-17.8873,-17.811,-17.6776,-17.5121,-17.3609,-17.1634,-16.9667,-16.806,-16.6156,-16.5257,-16.3761,-16.2398,-16.0323,-15.8728,-15.7397,-15.5646,-15.303,-15.0887,-14.9775,-14.7054,-14.5478,-14.3208,-14.1252,-13.9475,-13.7864,-13.6532,-13.484,-13.3135,-13.1532,-12.9855,-12.8064,-12.6689,-12.3883,-12.2072,-11.9902,-11.7737,-11.5379,-11.3415,-11.0978,-10.9521,-10.7679,-10.5564,-10.3449,-10.1085,-9.9354,-9.72037,-9.49751,-9.29893,-9.08475,-8.88184,-8.679,-8.47947,-8.2691,-8.07597,-7.87541,-7.66167,-7.4485,-7.25063,-7.073,-6.86503,-6.64572,-6.44891,-6.23302,-6.03034,-5.82471,-5.60276,-5.3975,-5.18552,-5.00107,-4.79853,-4.59571,-4.38681,-4.17441,-3.97561,-3.76317,-3.55565,-3.33821,-3.11784,-2.91238,-2.70213,-2.49113,-2.28551,-2.07769,-1.87226,-1.66353,-1.45255,-1.24611,-1.03624,-0.826926,-0.619681,-0.41381,-0.206905,0,0.206558,0.41277,0.620449,0.828297,1.03841,1.24299,1.45254,1.66216,1.87147,2.07683,2.29112,2.49321,2.70436,2.92212,3.12564,3.33537,3.54681,3.74605,3.95416,4.1589],"unit":"mW\/cm2"},"efficiency":{"unit":"%","value":18.3487},"I":{"unit":"A","value":[-4.866393034825871,-4.485136815920399,-4.249514925373134,-4.055310945273632,-3.869987562189055,-3.6937437810945273,-3.523208955223881,-3.356703980099503,-3.1904477611940303,-3.0268034825870647,-2.8675373134328357,-2.710634328358209,-2.554925373134328,-2.4012437810945273,-2.2522014925373135,-2.1072512437810946,-1.9631965174129355,-1.8222014925373133,-1.6857587064676616,-1.552910447761194,-1.4219402985074627,-1.2949875621890548,-1.172991293532338,-1.0547773631840798,-0.939884328358209,-0.8298594527363183,-0.7242288557213931,-0.6241057213930349,-0.5284067164179105,-0.43779104477611935,-0.35382960199004976,-0.27645024875621893,-0.20531592039800997,-0.139044776119403,-0.08171094527363185,-0.030518159203980103,0.015176243781094528,0.05386641791044777,0.08706007462686567,0.11475746268656717,0.13749751243781094,0.15625124378109453,0.17220024875621892,0.1844825870646766,0.19472636815920397,0.2031318407960199,0.20948880597014927,0.21509701492537314,0.2202686567164179,0.22382213930348258,0.2266268656716418,0.2301828358208955,0.23287562189054725,0.23502860696517414,0.23653731343283585,0.23804850746268655,0.23977487562189057,0.24095771144278608,0.24182462686567166,0.2434390547263682,0.24430099502487562,0.24473258706467663,0.2453768656716418,0.24537437810945276,0.24538184079601988,0.24591791044776118,0.24602611940298508,0.2476417910447761,0.24839427860696517,0.24936691542288558,0.24925870646766174,0.24990298507462683,0.25098383084577114,0.2514141791044776,0.25044154228855725,0.250226368159204,0.25174004975124376,0.25055223880597016,0.25130845771144283,0.2508731343283582,0.25098134328358207,0.2514141791044776,0.25216666666666665,0.25345771144278606,0.25410820895522385,0.2547549751243781,0.2556206467661692,0.2563669154228856,0.25690796019900497,0.25831716417910444,0.25680597014925377,0.25733955223880595,0.2571243781094527,0.25691044776119404,0.25626119402985076,0.2564800995024875,0.25561567164179105,0.25701865671641794,0.25755472636815924,0.25744776119402984,0.25733706467661693,0.25658706467661696,0.25744776119402984,0.2572338308457711,0.25680099502487563,0.25701865671641794,0.25680597014925377,0.25690796019900497,0.25701865671641794,0.2572338308457711,0.2571243781094527,0.25755721393034825,0.2577711442786069,0.25755223880597017,0.25734203980099507,0.2576629353233831,0.2587425373134329,0.2587450248756219,0.2583072139303483,0.2587425373134329,0.2584166666666667,0.25863557213930344,0.2587375621890547,0.2580957711442786,0.25820398009950246,0.2579863184079602,0.2591766169154229,0.2594925373134328,0.2598208955223881,0.2598208955223881,0.25960323383084577,0.26025124378109454,0.2600310945273632,0.2601442786069652,0.2595,0.2585273631840796,0.25874004975124376,0.2585273631840796,0.25820149253731345,0.2584253731343284,0.25841915422885575,0.2587425373134329,0.2586330845771144,0.2580932835820895,0.25831467661691543,0.2577711442786069,0.2571293532338309,0.2569154228855721,0.2573445273631841,0.2573445273631841,0.25722885572139303,0.25691293532338305,0.25669776119402987,0.2572338308457711,0.25755472636815924,0.25831218905472636,0.25766791044776116,0.2580907960199005,0.25841915422885575,0.2586330845771144,0.25831218905472636,0.25905845771144276,0.2584166666666667,0.25874004975124376,0.25960572139303484,0.2591741293532338,0.25927985074626864,0.259497512437811,0.25884825870646766,0.25884825870646766,0.25863805970149256]},"voc":{"unit":"V","value":1.1499785228925608},"jsc":{"unit":"mA\/cm2","value":20.6812},"fill_factor":{"unit":"%","value":77.15069381245695},"cell_dimension":{"value":0.0804,"unit":"cm2"},"sweep_direction":{"unit":"","value":"Reverse"},"key":"Reverse_REV2_231116"},{"V":{"value":[1.5,1.49,1.48,1.47,1.46,1.45,1.44,1.43,1.42,1.41,1.4,1.39,1.38,1.37,1.36,1.35,1.34,1.33,1.32,1.31,1.3,1.29,1.28,1.27,1.26,1.25,1.24,1.23,1.22,1.21,1.2,1.19,1.18,1.17,1.16,1.15,1.14,1.13,1.12,1.11,1.1,1.09,1.08,1.07,1.06,1.05,1.04,1.03,1.02,1.01,1,0.99,0.98,0.97,0.96,0.95,0.94,0.93,0.92,0.91,0.9,0.89,0.88,0.87,0.86,0.85,0.84,0.83,0.82,0.81,0.8,0.79,0.78,0.77,0.76,0.75,0.74,0.73,0.72,0.71,0.7,0.69,0.68,0.67,0.66,0.65,0.64,0.63,0.62,0.61,0.6,0.59,0.58,0.57,0.56,0.55,0.54,0.53,0.52,0.51,0.5,0.49,0.48,0.47,0.46,0.45,0.44,0.43,0.42,0.41,0.4,0.39,0.38,0.37,0.36,0.35,0.34,0.33,0.32,0.31,0.3,0.29,0.28,0.27,0.26,0.25,0.24,0.23,0.22,0.21,0.2,0.19,0.18,0.17,0.16,0.15,0.14,0.13,0.12,0.11,0.1,0.09,0.08,0.07,0.06,0.05,0.04,0.03,0.02,0.01,0,-0.01,-0.02,-0.03,-0.04,-0.05,-0.06,-0.07,-0.08,-0.09,-0.1,-0.11,-0.12,-0.13,-0.14,-0.15,-0.16,-0.17,-0.18,-0.19,-0.2],"unit":"V"},"J":{"value":[-0.377226,-0.34882100000000005,-0.330457,-0.315424,-0.30091,-0.287431,-0.274154,-0.26081299999999996,-0.24792599999999998,-0.235292,-0.222742,-0.210273,-0.198136,-0.186233,-0.174405,-0.16278399999999998,-0.151418,-0.140457,-0.129594,-0.118831,-0.108545,-0.0985889,-0.08879000000000001,-0.07925,-0.0701686,-0.0614351,-0.0530705,-0.045024,-0.0375195,-0.0304931,-0.023855599999999998,-0.0177644,-0.0122883,-0.00736659,-0.00293891,0.000934257,0.00426146,0.00701696,0.0093738,0.0113408,0.0129004,0.0142263,0.015292,0.0161325,0.0168344,0.0173108,0.017752900000000002,0.0180822,0.0184457,0.0186454,0.0189311,0.0191133,0.0192777,0.019399200000000002,0.0194947,0.0196243,0.019659199999999998,0.0197891,0.019797799999999997,0.0198931,0.019962399999999998,0.0200835,0.0200751,0.0201184,0.020135899999999998,0.0201875,0.020213699999999998,0.0202917,0.0203262,0.0203695,0.0204046,0.0203437,0.020395299999999998,0.0203697,0.0204217,0.020387,0.0204737,0.0204997,0.020464800000000002,0.0204821,0.020595,0.0205861,0.0205948,0.0205778,0.0205861,0.0205865,0.0205776,0.0205686,0.020586300000000002,0.0206036,0.0205692,0.0206034,0.020595,0.0206643,0.0206296,0.0206641,0.0206643,0.0207074,0.0207769,0.0208031,0.0207945,0.0208289,0.0208205,0.020863600000000003,0.0208461,0.0208374,0.0208896,0.0208811,0.0208809,0.020811800000000002,0.0207683,0.020750699999999997,0.020750900000000003,0.020733599999999998,0.0207421,0.0207598,0.0208114,0.020811800000000002,0.0208378,0.0209502,0.020898,0.0209329,0.0208723,0.0208289,0.020785599999999998,0.020724799999999998,0.0207334,0.0207334,0.0207163,0.020750699999999997,0.0207074,0.020776700000000002,0.0207596,0.0207169,0.0207769,0.0208116,0.0208549,0.0208114,0.0209585,0.020976400000000003,0.0209676,0.0209587,0.0210196,0.020993400000000002,0.0209849,0.0209502,0.0209418,0.021011099999999998,0.020923999999999998,0.0209242,0.0208894,0.020880700000000002,0.0209587,0.020932700000000002,0.0208205,0.020811800000000002,0.0207685,0.0207683,0.0207511,0.020733599999999998,0.0207683,0.0207334,0.0207165,0.0207425,0.020750900000000003,0.0207769,0.020932700000000002,0.0209242,0.020898,0.0208465,0.0208894],"unit":"A\/cm2"},"P":{"value":[565.839,519.744,489.077,463.673,439.329,416.775,394.781,372.962,352.054,331.762,311.838,292.279,273.428,255.139,237.191,219.759,202.9,186.808,171.064,155.668,141.108,127.18,113.651,100.647,88.4124,76.7939,65.8074,55.3795,45.7738,36.8966,28.6267,21.1397,14.5002,8.61891,3.40913,-1.0744,-4.85806,-7.92917,-10.4987,-12.5883,-14.1904,-15.5066,-16.5154,-17.2618,-17.8445,-18.1763,-18.463,-18.6246,-18.8146,-18.8318,-18.9311,-18.9221,-18.8922,-18.8172,-18.7149,-18.6431,-18.4796,-18.4039,-18.214,-18.1027,-17.9662,-17.8744,-17.6661,-17.503,-17.3169,-17.1594,-16.9795,-16.8421,-16.6675,-16.4993,-16.3236,-16.0715,-15.9083,-15.6847,-15.5205,-15.2903,-15.1505,-14.9648,-14.7347,-14.5423,-14.4165,-14.2044,-14.0044,-13.7872,-13.5868,-13.3812,-13.1697,-12.9582,-12.7635,-12.5682,-12.3415,-12.156,-11.9451,-11.7786,-11.5526,-11.3653,-11.1587,-10.9749,-10.804,-10.6096,-10.3972,-10.2062,-9.99383,-9.80589,-9.58919,-9.37682,-9.19142,-8.97888,-8.76999,-8.53284,-8.30731,-8.09279,-7.88536,-7.67144,-7.46715,-7.26593,-7.07587,-6.8679,-6.6681,-6.49457,-6.26941,-6.07054,-5.84423,-5.62381,-5.40426,-5.18119,-4.97602,-4.76868,-4.55758,-4.35766,-4.14148,-3.94758,-3.73673,-3.52187,-3.32431,-3.12174,-2.91969,-2.70548,-2.51502,-2.30741,-2.09676,-1.88628,-1.68156,-1.46954,-1.25909,-1.04751,-0.837671,-0.630333,-0.418481,-0.209242,0,0.208807,0.419174,0.627981,0.832819,1.04059,1.24611,1.45378,1.66009,1.86603,2.07683,2.28067,2.48598,2.69652,2.90513,3.11654,3.34923,3.55712,3.76165,3.96083,4.17788],"unit":"mW\/cm2"},"efficiency":{"unit":"%","value":18.9311},"I":{"unit":"A","value":[-4.691865671641791,-4.338569651741294,-4.110161691542289,-3.92318407960199,-3.742661691542289,-3.5750124378109454,-3.4098756218905475,-3.2439427860696513,-3.0836567164179103,-2.9265174129353233,-2.770422885572139,-2.615335820895522,-2.4643781094527366,-2.3163308457711445,-2.169216417910448,-2.0246766169154227,-1.8833084577114427,-1.7469776119402984,-1.611865671641791,-1.477997512437811,-1.3500621890547264,-1.2262300995024875,-1.104353233830846,-0.9856965174129353,-0.8727437810945273,-0.7641181592039801,-0.6600808457711442,-0.56,-0.466660447761194,-0.37926741293532334,-0.29671144278606965,-0.2209502487562189,-0.15283955223880596,-0.09162425373134328,-0.03655360696517413,0.011620111940298506,0.05300323383084577,0.08727562189054726,0.11658955223880597,0.14105472636815922,0.16045273631840795,0.17694402985074628,0.19019900497512437,0.2006529850746269,0.2093830845771144,0.2153084577114428,0.22080721393034827,0.22490298507462686,0.2294241293532338,0.23190796019900498,0.23546144278606965,0.2377276119402985,0.23977238805970147,0.24128358208955225,0.24247139303482587,0.24408333333333335,0.24451741293532336,0.24613308457711444,0.24624129353233828,0.2474266169154229,0.24828855721393034,0.24979477611940298,0.24969029850746266,0.2502288557213931,0.2504465174129353,0.25108830845771146,0.2514141791044776,0.25238432835820895,0.25281343283582086,0.25335199004975123,0.25378855721393034,0.25303109452736317,0.2536728855721393,0.2533544776119403,0.25400124378109457,0.25356965174129353,0.2546480099502488,0.25497139303482586,0.25453731343283587,0.25475248756218905,0.25615671641791044,0.2560460199004975,0.2561542288557214,0.25594278606965176,0.2560460199004975,0.2560509950248756,0.2559402985074627,0.2558283582089552,0.2560485074626866,0.2562636815920398,0.25583582089552237,0.25626119402985076,0.25615671641791044,0.25701865671641794,0.25658706467661696,0.25701616915422887,0.25701865671641794,0.25755472636815924,0.25841915422885575,0.2587450248756219,0.25863805970149256,0.25906592039800996,0.25896144278606964,0.259497512437811,0.25927985074626864,0.2591716417910448,0.2598208955223881,0.25971517412935324,0.2597126865671642,0.2588532338308458,0.25831218905472636,0.2580932835820895,0.2580957711442786,0.25788059701492533,0.2579863184079602,0.25820646766169153,0.25884825870646766,0.2588532338308458,0.2591766169154229,0.2605746268656716,0.25992537313432834,0.26035945273631844,0.25960572139303484,0.25906592039800996,0.2585273631840796,0.2577711442786069,0.2578781094527363,0.2578781094527363,0.25766542288557215,0.2580932835820895,0.25755472636815924,0.2584166666666667,0.25820398009950246,0.2576728855721393,0.25841915422885575,0.25885074626865673,0.25938930348258704,0.25884825870646766,0.26067786069651744,0.2609004975124378,0.2607910447761194,0.26068034825870645,0.26143781094527363,0.2611119402985075,0.26100621890547265,0.2605746268656716,0.26047014925373135,0.2613320895522388,0.2602487562189055,0.26025124378109454,0.259818407960199,0.25971019900497516,0.26068034825870645,0.2603569651741294,0.25896144278606964,0.2588532338308458,0.25831467661691543,0.25831218905472636,0.2580982587064677,0.25788059701492533,0.25831218905472636,0.2578781094527363,0.25766791044776116,0.2579912935323383,0.2580957711442786,0.25841915422885575,0.2603569651741294,0.26025124378109454,0.25992537313432834,0.2592848258706468,0.259818407960199]},"voc":{"unit":"V","value":1.159974509403972},"jsc":{"unit":"mA\/cm2","value":20.8894},"fill_factor":{"unit":"%","value":78.12705211928747},"cell_dimension":{"value":0.0804,"unit":"cm2"},"sweep_direction":{"unit":"","value":"Reverse"},"key":"Reverse_REV1_231116"},{"V":{"value":[-0.2,-0.19,-0.18,-0.17,-0.16,-0.15,-0.14,-0.13,-0.12,-0.11,-0.1,-0.09,-0.08,-0.07,-0.06,-0.05,-0.04,-0.03,-0.02,-0.01,0,0.01,0.02,0.03,0.04,0.05,0.06,0.07,0.08,0.09,0.1,0.11,0.12,0.13,0.14,0.15,0.16,0.17,0.18,0.19,0.2,0.21,0.22,0.23,0.24,0.25,0.26,0.27,0.28,0.29,0.3,0.31,0.32,0.33,0.34,0.35,0.36,0.37,0.38,0.39,0.4,0.41,0.42,0.43,0.44,0.45,0.46,0.47,0.48,0.49,0.5,0.51,0.52,0.53,0.54,0.55,0.56,0.57,0.58,0.59,0.6,0.61,0.62,0.63,0.64,0.65,0.66,0.67,0.68,0.69,0.7,0.71,0.72,0.73,0.74,0.75,0.76,0.77,0.78,0.79,0.8,0.81,0.82,0.83,0.84,0.85,0.86,0.87,0.88,0.89,0.9,0.91,0.92,0.93,0.94,0.95,0.96,0.97,0.98,0.99,1,1.01,1.02,1.03,1.04,1.05,1.06,1.07,1.08,1.09,1.1,1.11,1.12,1.13,1.14,1.15,1.16,1.17,1.18,1.19,1.2,1.21,1.22,1.23,1.24,1.25,1.26,1.27,1.28,1.29,1.3,1.31,1.32,1.33,1.34,1.35,1.36,1.37,1.38,1.39,1.4,1.41,1.42,1.43,1.44,1.45,1.46,1.47,1.48,1.49,1.5],"unit":"V"},"J":{"value":[0.0206643,0.0205861,0.0205776,0.0205513,0.0204821,0.0204997,0.020395499999999997,0.0204303,0.0203524,0.020404,0.020404,0.020326399999999998,0.020395499999999997,0.0203695,0.0203524,0.020395499999999997,0.0203872,0.020360600000000003,0.0203695,0.0203786,0.0203348,0.020360800000000002,0.0203004,0.0203262,0.0203348,0.020360600000000003,0.020361,0.020413,0.020360800000000002,0.020335000000000002,0.0203173,0.020361,0.020395499999999997,0.0204219,0.0204993,0.0204301,0.0203695,0.0203786,0.0204042,0.020404,0.020447700000000003,0.0204906,0.020447700000000003,0.0204388,0.020439,0.020439,0.0204301,0.020439,0.0203782,0.0203866,0.020317699999999998,0.0203524,0.020352000000000002,0.0203782,0.020352000000000002,0.0203439,0.020387,0.020309,0.020326399999999998,0.020291299999999998,0.020317900000000003,0.020308800000000002,0.020274,0.020239899999999998,0.0203173,0.020265699999999998,0.020343299999999998,0.0203262,0.0204301,0.0204042,0.020326399999999998,0.0203002,0.0202828,0.0202224,0.0201789,0.020187300000000002,0.0201444,0.020092199999999998,0.020135100000000003,0.02004,0.0200316,0.020014,0.0200142,0.0200749,0.0200664,0.0200834,0.0200664,0.0200664,0.0200664,0.0199796,0.0199449,0.0199018,0.0198063,0.019746,0.019702300000000002,0.0197021,0.0196156,0.019537500000000003,0.019459499999999998,0.019295000000000003,0.019173700000000002,0.019069600000000003,0.0189485,0.0188183,0.0186627,0.0184459,0.0182986,0.0180562,0.0178049,0.0175448,0.017215499999999998,0.016808399999999998,0.016453,0.015976399999999998,0.0154477,0.014728699999999999,0.0140267,0.013143,0.0122073,0.0111153,0.00987636,0.0085593,0.00701696,0.00475534,0.0034384100000000003,0.0014541200000000002,-0.000746732,-0.0031815199999999997,-0.0058762499999999995,-0.00877894,-0.0119589,-0.0154769,-0.0192808,-0.023353000000000002,-0.0278933,-0.0328582,-0.0381354,-0.043784,-0.049710700000000003,-0.0559498,-0.0628388,-0.069892,-0.07717829999999999,-0.0848891,-0.09292220000000001,-0.101152,-0.109556,-0.118363,-0.127467,-0.1366,-0.14594200000000002,-0.155523,-0.16541,-0.175376,-0.185338,-0.19570300000000002,-0.206153,-0.216661,-0.22734000000000001,-0.238178,-0.249288,-0.260206,-0.27144799999999997,-0.28281799999999996,-0.294308,-0.305786,-0.317295,-0.329123,-0.340973,-0.352899,-0.364882],"unit":"A\/cm2"},"P":{"value":[4.13286,3.91136,3.70398,3.49371,3.27714,3.07495,2.85537,2.65594,2.44228,2.24444,2.0404,1.82937,1.63164,1.42586,1.22114,1.01977,0.815489,0.610819,0.40739,0.203786,0,-0.203608,-0.406007,-0.609785,-0.813393,-1.01803,-1.22166,-1.42891,-1.62887,-1.83015,-2.03173,-2.23971,-2.44746,-2.65484,-2.8699,-3.06452,-3.25912,-3.46435,-3.67275,-3.87675,-4.08953,-4.30303,-4.49849,-4.70093,-4.90536,-5.10975,-5.31184,-5.51853,-5.70588,-5.91212,-6.09531,-6.30923,-6.51263,-6.72479,-6.91967,-7.12036,-7.33933,-7.51434,-7.72402,-7.91361,-8.12716,-8.32662,-8.51507,-8.70316,-8.93961,-9.11957,-9.35792,-9.5533,-9.80647,-9.99804,-10.1632,-10.3531,-10.5471,-10.7179,-10.8966,-11.103,-11.2809,-11.4526,-11.6784,-11.8236,-12.0189,-12.2086,-12.4088,-12.6472,-12.8425,-13.0542,-13.2438,-13.4445,-13.6452,-13.7859,-13.9614,-14.1303,-14.2605,-14.4146,-14.5797,-14.7766,-14.9079,-15.0439,-15.1784,-15.2431,-15.339,-15.4464,-15.5377,-15.6192,-15.6767,-15.679,-15.7368,-15.7089,-15.6683,-15.6148,-15.4939,-15.2957,-15.1367,-14.8581,-14.5208,-13.9922,-13.4656,-12.7487,-11.9632,-11.0042,-9.87636,-8.6449,-7.1573,-4.898,-3.57595,-1.52682,0.791535,3.40423,6.34635,9.56904,13.1548,17.1794,21.5945,26.3889,31.7984,37.787,44.2371,51.2273,58.6586,66.5802,75.4066,84.5693,94.1576,104.414,115.223,126.44,138.041,150.321,163.158,176.214,189.724,203.736,218.341,233.25,248.353,264.199,280.368,296.826,313.73,331.067,349.004,366.891,385.456,404.43,423.803,443.389,463.251,483.81,504.64,525.819,547.323],"unit":"mW\/cm2"},"efficiency":{"unit":"%","value":15.7368},"I":{"unit":"A","value":[0.25701865671641794,0.2560460199004975,0.2559402985074627,0.255613184079602,0.25475248756218905,0.25497139303482586,0.2536753731343283,0.25410820895522385,0.25313930348258706,0.2537810945273632,0.2537810945273632,0.25281592039800993,0.2536753731343283,0.25335199004975123,0.25313930348258706,0.2536753731343283,0.2535721393034826,0.2532412935323384,0.25335199004975123,0.25346517412935327,0.25292039800995025,0.2532437810945274,0.25249253731343285,0.25281343283582086,0.25292039800995025,0.2532412935323384,0.25324626865671646,0.25389303482587067,0.2532437810945274,0.2529228855721393,0.25270273631840795,0.25324626865671646,0.2536753731343283,0.2540037313432836,0.2549664179104478,0.25410572139303483,0.25335199004975123,0.25346517412935327,0.25378358208955226,0.2537810945273632,0.2543246268656717,0.2548582089552239,0.2543246268656717,0.25421393034825873,0.25421641791044775,0.25421641791044775,0.25410572139303483,0.25421641791044775,0.25346019900497513,0.25356467661691545,0.25270771144278603,0.25313930348258706,0.253134328358209,0.25346019900497513,0.253134328358209,0.25303358208955223,0.25356965174129353,0.2525995024875622,0.25281592039800993,0.2523793532338308,0.25271019900497516,0.2525970149253732,0.25216417910447764,0.25174004975124376,0.25270273631840795,0.2520609452736318,0.25302611940298503,0.25281343283582086,0.25410572139303483,0.25378358208955226,0.25281592039800993,0.2524900497512438,0.25227363184079604,0.2515223880597015,0.25098134328358207,0.2510858208955224,0.25055223880597016,0.24990298507462683,0.25043656716417917,0.24925373134328357,0.24914925373134328,0.24893034825870647,0.2489328358208955,0.24968781094527362,0.24958208955223882,0.24979353233830848,0.24958208955223882,0.24958208955223882,0.24958208955223882,0.24850248756218907,0.2480708955223881,0.2475348258706468,0.24634701492537311,0.24559701492537314,0.24505348258706472,0.24505099502487562,0.24397512437810945,0.24300373134328362,0.24203358208955222,0.23998756218905476,0.23847885572139307,0.2371840796019901,0.23567786069651742,0.2340584577114428,0.2321231343283582,0.2294266169154229,0.2275945273631841,0.22457960199004978,0.22145398009950248,0.2182189054726368,0.2141231343283582,0.20905970149253728,0.20463930348258705,0.19871144278606964,0.1921355721393035,0.18319278606965173,0.17446144278606965,0.16347014925373135,0.1518320895522388,0.13825,0.1228402985074627,0.1064589552238806,0.08727562189054726,0.05914601990049752,0.04276629353233831,0.018086069651741296,-0.009287711442786069,-0.03957114427860696,-0.07308768656716418,-0.1091907960199005,-0.14874253731343284,-0.19249875621890547,-0.23981094527363186,-0.29046019900497516,-0.346931592039801,-0.40868407960199,-0.47432089552238804,-0.5445771144278606,-0.618292288557214,-0.6958930348258706,-0.7815771144278607,-0.8693034825870646,-0.9599291044776118,-1.0558345771144277,-1.1557487562189057,-1.2581094527363186,-1.362636815920398,-1.472176616915423,-1.585410447761194,-1.699004975124378,-1.8151990049751245,-1.934365671641791,-2.0573383084577115,-2.1812935323383087,-2.3051990049751243,-2.434116915422886,-2.564092039800995,-2.69478855721393,-2.8276119402985076,-2.9624129353233832,-3.1005970149253734,-3.2363930348258707,-3.3762189054726366,-3.5176368159203975,-3.6605472636815923,-3.803308457711443,-3.946455223880597,-4.093569651741293,-4.240957711442786,-4.38929104477612,-4.538333333333333]},"voc":{"unit":"V","value":1.0499862630422785},"jsc":{"unit":"mA\/cm2","value":20.3348},"fill_factor":{"unit":"%","value":73.70431305829082},"cell_dimension":{"value":0.0804,"unit":"cm2"},"sweep_direction":{"unit":"","value":"Forward"},"key":"Forward_FWD3_231116"},{"V":{"value":[-0.2,-0.19,-0.18,-0.17,-0.16,-0.15,-0.14,-0.13,-0.12,-0.11,-0.1,-0.09,-0.08,-0.07,-0.06,-0.05,-0.04,-0.03,-0.02,-0.01,0,0.01,0.02,0.03,0.04,0.05,0.06,0.07,0.08,0.09,0.1,0.11,0.12,0.13,0.14,0.15,0.16,0.17,0.18,0.19,0.2,0.21,0.22,0.23,0.24,0.25,0.26,0.27,0.28,0.29,0.3,0.31,0.32,0.33,0.34,0.35,0.36,0.37,0.38,0.39,0.4,0.41,0.42,0.43,0.44,0.45,0.46,0.47,0.48,0.49,0.5,0.51,0.52,0.53,0.54,0.55,0.56,0.57,0.58,0.59,0.6,0.61,0.62,0.63,0.64,0.65,0.66,0.67,0.68,0.69,0.7,0.71,0.72,0.73,0.74,0.75,0.76,0.77,0.78,0.79,0.8,0.81,0.82,0.83,0.84,0.85,0.86,0.87,0.88,0.89,0.9,0.91,0.92,0.93,0.94,0.95,0.96,0.97,0.98,0.99,1,1.01,1.02,1.03,1.04,1.05,1.06,1.07,1.08,1.09,1.1,1.11,1.12,1.13,1.14,1.15,1.16,1.17,1.18,1.19,1.2,1.21,1.22,1.23,1.24,1.25,1.26,1.27,1.28,1.29,1.3,1.31,1.32,1.33,1.34,1.35,1.36,1.37,1.38,1.39,1.4,1.41,1.42,1.43,1.44,1.45,1.46,1.47,1.48,1.49,1.5],"unit":"V"},"J":{"value":[0.0210107,0.020837599999999998,0.0207854,0.0207421,0.0207074,0.0206726,0.0206643,0.0206814,0.020707200000000002,0.0206647,0.020681599999999998,0.020690300000000002,0.0206814,0.0207165,0.0207163,0.0207421,0.0207163,0.0207941,0.0207939,0.0207683,0.020776700000000002,0.020733599999999998,0.0207074,0.0207683,0.0207939,0.020724799999999998,0.0207765,0.0207683,0.020880700000000002,0.020863399999999997,0.0208894,0.020898,0.020880700000000002,0.0208811,0.0208549,0.020811800000000002,0.020811800000000002,0.020828700000000002,0.0208201,0.0208547,0.0208892,0.0209067,0.0209245,0.0209067,0.0208978,0.020785599999999998,0.0207941,0.020776700000000002,0.020672799999999998,0.0206468,0.0206121,0.0205686,0.0204995,0.0205257,0.020508500000000002,0.0205257,0.0205428,0.020413,0.020439,0.0204821,0.020464800000000002,0.0204737,0.0204733,0.020430499999999997,0.020525500000000002,0.0204475,0.0204821,0.0204219,0.0204821,0.0204217,0.020361,0.0204475,0.0204388,0.020412800000000002,0.0204475,0.0204132,0.0204043,0.020387,0.0204126,0.0203868,0.020378399999999998,0.0203786,0.020412800000000002,0.0204563,0.020456099999999998,0.020464800000000002,0.020387,0.0204213,0.020387,0.0203437,0.020335000000000002,0.020309,0.020213699999999998,0.0201095,0.0200142,0.020005600000000002,0.019884699999999998,0.0199018,0.0199622,0.0200229,0.0199973,0.019797799999999997,0.0195812,0.019381699999999998,0.019139299999999998,0.019035299999999998,0.0188793,0.0187493,0.0185676,0.018359200000000003,0.018116599999999997,0.0178567,0.0174844,0.0171117,0.0166526,0.0161324,0.015543,0.014798,0.0140008,0.0130302,0.0119475,0.0106649,0.009287150000000001,0.00774481,0.00590792,0.00393224,0.00174007,-0.000651413,-0.00321618,-0.00612759,-0.00927301,-0.012661,-0.0163261,-0.0203373,-0.024679,-0.029348700000000002,-0.034313899999999994,-0.039659999999999994,-0.045396099999999995,-0.0513834,-0.057682699999999996,-0.0643972,-0.07144299999999999,-0.0786521,-0.08624949999999999,-0.0941275,-0.102253,-0.110359,-0.119098,-0.127988,-0.137078,-0.14621,-0.155639,-0.16530899999999998,-0.175142,-0.18507200000000001,-0.195114,-0.205475,-0.216005,-0.226496,-0.237264,-0.248084,-0.259146,-0.270139,-0.281444,-0.29292399999999996,-0.304382,-0.31595,-0.32756599999999997,-0.339526,-0.35144],"unit":"A\/cm2"},"P":{"value":[4.20214,3.95914,3.74137,3.52615,3.31319,3.10088,2.893,2.68859,2.48487,2.27312,2.06816,1.86213,1.65451,1.45015,1.24298,1.0371,0.828651,0.623822,0.415877,0.207683,0,-0.207336,-0.414148,-0.623048,-0.831755,-1.03624,-1.24659,-1.45378,-1.67046,-1.8777,-2.08894,-2.29879,-2.50569,-2.71455,-2.91969,-3.12177,-3.32989,-3.54088,-3.74761,-3.9624,-4.17784,-4.39041,-4.60338,-4.80854,-5.01548,-5.1964,-5.40646,-5.60972,-5.78837,-5.98756,-6.18363,-6.37626,-6.55983,-6.77347,-6.9729,-7.18398,-7.3954,-7.55281,-7.76682,-7.98803,-8.18592,-8.3942,-8.59877,-8.78514,-9.0312,-9.20136,-9.42178,-9.59828,-9.83142,-10.0066,-10.1805,-10.4282,-10.6282,-10.8188,-11.0416,-11.2273,-11.4264,-11.6206,-11.8393,-12.0282,-12.227,-12.4309,-12.6559,-12.8875,-13.0919,-13.3021,-13.4554,-13.6823,-13.8632,-14.0371,-14.2345,-14.4194,-14.5539,-14.68,-14.8105,-15.0042,-15.1123,-15.3244,-15.5705,-15.8181,-15.9978,-16.0362,-16.0566,-16.0868,-16.077,-16.18,-16.2362,-16.3119,-16.3395,-16.3397,-16.305,-16.2496,-16.0857,-15.9139,-15.6534,-15.3258,-14.9213,-14.3541,-13.7208,-12.8999,-11.9475,-10.7715,-9.47289,-7.97715,-6.14423,-4.12885,-1.84447,0.697012,3.47347,6.67907,10.2003,14.0537,18.2852,22.9811,28.134,33.751,39.8041,46.4023,53.5674,61.1463,69.2192,77.9206,87.1604,96.7421,106.949,117.659,128.839,140.156,152.446,165.105,178.201,191.536,205.444,219.861,234.69,249.847,265.355,281.501,298.087,314.829,332.17,349.798,367.988,386.298,405.279,424.74,444.398,464.446,484.798,505.894,527.16],"unit":"mW\/cm2"},"efficiency":{"unit":"%","value":16.3397},"I":{"unit":"A","value":[0.2613271144278607,0.2591741293532338,0.2585248756218905,0.2579863184079602,0.25755472636815924,0.2571218905472637,0.25701865671641794,0.2572313432835821,0.25755223880597017,0.257023631840796,0.2572338308457711,0.25734203980099507,0.2572313432835821,0.25766791044776116,0.25766542288557215,0.2579863184079602,0.25766542288557215,0.2586330845771144,0.25863059701492536,0.25831218905472636,0.2584166666666667,0.25788059701492533,0.25755472636815924,0.25831218905472636,0.25863059701492536,0.2577711442786069,0.2584141791044776,0.25831218905472636,0.25971019900497516,0.25949502487562187,0.259818407960199,0.25992537313432834,0.25971019900497516,0.25971517412935324,0.25938930348258704,0.2588532338308458,0.2588532338308458,0.25906343283582095,0.25895646766169156,0.25938681592039803,0.25981592039800994,0.26003358208955224,0.2602549751243781,0.26003358208955224,0.25992288557213933,0.2585273631840796,0.2586330845771144,0.2584166666666667,0.2571243781094527,0.25680099502487563,0.25636940298507466,0.2558283582089552,0.25496890547263684,0.255294776119403,0.2550808457711443,0.255294776119403,0.25550746268656715,0.25389303482587067,0.25421641791044775,0.25475248756218905,0.25453731343283587,0.2546480099502488,0.25464303482587064,0.2541106965174129,0.255292288557214,0.2543221393034826,0.25475248756218905,0.2540037313432836,0.25475248756218905,0.25400124378109457,0.25324626865671646,0.2543221393034826,0.25421393034825873,0.2538905472636816,0.2543221393034826,0.2538955223880597,0.25378482587064677,0.25356965174129353,0.25388805970149253,0.25356716417910447,0.25346268656716414,0.25346517412935327,0.2538905472636816,0.254431592039801,0.2544291044776119,0.25453731343283587,0.25356965174129353,0.25399626865671643,0.25356965174129353,0.25303109452736317,0.2529228855721393,0.2525995024875622,0.2514141791044776,0.25011815920398006,0.2489328358208955,0.2488258706467662,0.24732213930348257,0.2475348258706468,0.2482860696517413,0.2490410447761194,0.24872263681592038,0.24624129353233828,0.24354726368159205,0.24106592039800992,0.2380509950248756,0.23675746268656714,0.2348171641791045,0.23320024875621892,0.2309402985074627,0.2283482587064677,0.22533084577114423,0.22209825870646765,0.2174676616915423,0.2128320895522388,0.20712189054726368,0.20065174129353236,0.19332089552238804,0.1840547263681592,0.17413930348258708,0.1620671641791045,0.1486007462686567,0.13264800995024875,0.11551181592039803,0.09632848258706468,0.073481592039801,0.04890845771144279,0.02164266169154229,-0.008102151741293532,-0.04000223880597015,-0.07621380597014925,-0.11533594527363183,-0.15747512437810945,-0.20306094527363183,-0.2529514925373134,-0.30695273631840797,-0.3650335820895523,-0.42678980099502484,-0.49328358208955214,-0.5646281094527362,-0.6390970149253732,-0.7174465174129353,-0.8009601990049752,-0.888594527363184,-0.9782599502487562,-1.0727549751243781,-1.170740049751244,-1.2718034825870645,-1.3726243781094527,-1.4813184079601989,-1.5918905472636815,-1.704950248756219,-1.8185323383084577,-1.9358084577114427,-2.0560820895522385,-2.1783830845771144,-2.3018905472636817,-2.4267910447761194,-2.5556592039800994,-2.686629353233831,-2.8171144278606968,-2.951044776119403,-3.0856218905472637,-3.2232089552238805,-3.359937810945274,-3.5005472636815926,-3.643333333333333,-3.7858457711442783,-3.929726368159204,-4.074203980099502,-4.222960199004975,-4.371144278606965]},"voc":{"unit":"V","value":1.0599837111741148},"jsc":{"unit":"mA\/cm2","value":20.7767},"fill_factor":{"unit":"%","value":74.19392011713846},"cell_dimension":{"value":0.0804,"unit":"cm2"},"sweep_direction":{"unit":"","value":"Forward"},"key":"Forward_FWD2_231116"},{"V":{"value":[-0.2,-0.19,-0.18,-0.17,-0.16,-0.15,-0.14,-0.13,-0.12,-0.11,-0.1,-0.09,-0.08,-0.07,-0.06,-0.05,-0.04,-0.03,-0.02,-0.01,0,0.01,0.02,0.03,0.04,0.05,0.06,0.07,0.08,0.09,0.1,0.11,0.12,0.13,0.14,0.15,0.16,0.17,0.18,0.19,0.2,0.21,0.22,0.23,0.24,0.25,0.26,0.27,0.28,0.29,0.3,0.31,0.32,0.33,0.34,0.35,0.36,0.37,0.38,0.39,0.4,0.41,0.42,0.43,0.44,0.45,0.46,0.47,0.48,0.49,0.5,0.51,0.52,0.53,0.54,0.55,0.56,0.57,0.58,0.59,0.6,0.61,0.62,0.63,0.64,0.65,0.66,0.67,0.68,0.69,0.7,0.71,0.72,0.73,0.74,0.75,0.76,0.77,0.78,0.79,0.8,0.81,0.82,0.83,0.84,0.85,0.86,0.87,0.88,0.89,0.9,0.91,0.92,0.93,0.94,0.95,0.96,0.97,0.98,0.99,1,1.01,1.02,1.03,1.04,1.05,1.06,1.07,1.08,1.09,1.1,1.11,1.12,1.13,1.14,1.15,1.16,1.17,1.18,1.19,1.2,1.21,1.22,1.23,1.24,1.25,1.26,1.27,1.28,1.29,1.3,1.31,1.32,1.33,1.34,1.35,1.36,1.37,1.38,1.39,1.4,1.41,1.42,1.43,1.44,1.45,1.46,1.47,1.48,1.49,1.5],"unit":"V"},"J":{"value":[0.021141100000000003,0.021028199999999997,0.02095,0.020880700000000002,0.0209416,0.0208805,0.0208461,0.0208549,0.020846299999999998,0.020837599999999998,0.0208027,0.0207594,0.020794299999999998,0.0207941,0.0208203,0.0207425,0.0206814,0.020750900000000003,0.0206901,0.0207425,0.0207251,0.020776700000000002,0.0207594,0.0207334,0.0207338,0.0207594,0.0207598,0.020776700000000002,0.0208114,0.0208116,0.0207249,0.0207765,0.020785599999999998,0.020863399999999997,0.020802900000000003,0.020750900000000003,0.0208205,0.0208378,0.0208811,0.0209331,0.0209847,0.0209331,0.020898,0.0209329,0.0208723,0.0207771,0.020647,0.020785599999999998,0.020846299999999998,0.0208721,0.0208982,0.0208114,0.0209242,0.020863399999999997,0.020785599999999998,0.020828700000000002,0.020923999999999998,0.0208811,0.0209502,0.02095,0.0208725,0.0208982,0.0208547,0.020828700000000002,0.020802900000000003,0.0207423,0.0206643,0.0206038,0.0206034,0.0205778,0.0205776,0.0205515,0.0205083,0.020603200000000002,0.0206036,0.0206468,0.0206641,0.0206643,0.020586300000000002,0.0206641,0.020638300000000002,0.020638100000000003,0.0206034,0.0205517,0.020543199999999998,0.020568799999999998,0.020534300000000002,0.0205603,0.020525500000000002,0.020543199999999998,0.020491,0.0204043,0.0204301,0.0204043,0.0203866,0.0203262,0.0202744,0.0202139,0.0201361,0.020092199999999998,0.0200316,0.019979800000000002,0.019910399999999998,0.0196852,0.0196676,0.019477,0.0193557,0.019217099999999997,0.0190698,0.0189485,0.0187493,0.0184461,0.018117,0.0176576,0.017301999999999998,0.0168431,0.016384,0.015777,0.0150059,0.0142003,0.0132556,0.0121032,0.0107949,0.0093738,0.00771881,0.005821209999999999,0.00380234,0.0016101099999999999,-0.00084206,-0.0035281099999999997,-0.00646546,-0.00961094,-0.013050599999999999,-0.0168201,-0.0209098,-0.0252855,-0.0300075,-0.035327700000000004,-0.040552500000000005,-0.0462804,-0.0524237,-0.0589298,-0.0657242,-0.072786,-0.080211,-0.0879477,-0.09591150000000001,-0.104131,-0.11264400000000001,-0.121404,-0.13032,-0.139391,-0.148782,-0.15836699999999998,-0.168047,-0.177792,-0.18795900000000001,-0.198249,-0.208538,-0.218942,-0.229663,-0.24049500000000001,-0.251353,-0.26229199999999997,-0.273443,-0.284797,-0.29607,-0.307504,-0.319101,-0.33082999999999996,-0.342543],"unit":"A\/cm2"},"P":{"value":[4.22821,3.99536,3.77101,3.54972,3.35065,3.13208,2.91845,2.71114,2.50155,2.29214,2.08027,1.86835,1.66354,1.45558,1.24922,1.03712,0.827257,0.622528,0.413802,0.207425,0,-0.207767,-0.415188,-0.622002,-0.829353,-1.03797,-1.24559,-1.45437,-1.66491,-1.87304,-2.07249,-2.28542,-2.49427,-2.71224,-2.91241,-3.11264,-3.33128,-3.54243,-3.7586,-3.97729,-4.19694,-4.39595,-4.59757,-4.81457,-5.00934,-5.19428,-5.36821,-5.61211,-5.83695,-6.0529,-6.26947,-6.45153,-6.69576,-6.88492,-7.06711,-7.29006,-7.53266,-7.72601,-7.96109,-8.17051,-8.34899,-8.56828,-8.75899,-8.95635,-9.15329,-9.33402,-9.50557,-9.68381,-9.88965,-10.0831,-10.2888,-10.4812,-10.6643,-10.9197,-11.126,-11.3557,-11.5719,-11.7786,-11.9401,-12.1918,-12.383,-12.5892,-12.7741,-12.9475,-13.1476,-13.3697,-13.5526,-13.7754,-13.9573,-14.1748,-14.3437,-14.4871,-14.7097,-14.8952,-15.0861,-15.2446,-15.4085,-15.5647,-15.7062,-15.8728,-16.0252,-16.1836,-16.3266,-16.3387,-16.5208,-16.5555,-16.6459,-16.7188,-16.7814,-16.8641,-16.8744,-16.7859,-16.6676,-16.4215,-16.2638,-16.0009,-15.7286,-15.3037,-14.7058,-14.0583,-13.2556,-12.2243,-11.0108,-9.65501,-8.02757,-6.11227,-4.03048,-1.72282,0.909425,3.84564,7.112,10.6681,14.6167,19.0068,23.8371,29.0783,34.8087,41.3334,47.852,55.0736,62.9085,71.3051,80.1835,89.5268,99.4616,109.935,120.848,132.247,144.185,156.612,169.417,182.602,196.393,210.628,225.183,240.019,255.624,271.601,287.783,304.329,321.528,339.098,356.921,375.077,393.758,412.955,432.262,452.031,472.269,492.936,513.815],"unit":"mW\/cm2"},"efficiency":{"unit":"%","value":16.8744},"I":{"unit":"A","value":[0.2629490049751244,0.26154477611940297,0.2605721393034826,0.25971019900497516,0.2604676616915423,0.2597077114427861,0.25927985074626864,0.25938930348258704,0.2592823383084577,0.2591741293532338,0.25874004975124376,0.25820149253731345,0.25863557213930344,0.2586330845771144,0.25895895522388057,0.2579912935323383,0.2572313432835821,0.2580957711442786,0.25733955223880595,0.2579912935323383,0.25777487562189055,0.2584166666666667,0.25820149253731345,0.2578781094527363,0.25788308457711445,0.25820149253731345,0.25820646766169153,0.2584166666666667,0.25884825870646766,0.25885074626865673,0.2577723880597015,0.2584141791044776,0.2585273631840796,0.25949502487562187,0.2587425373134329,0.2580957711442786,0.25896144278606964,0.2591766169154229,0.25971517412935324,0.26036194029850745,0.2610037313432836,0.26036194029850745,0.25992537313432834,0.26035945273631844,0.25960572139303484,0.25842164179104476,0.25680348258706465,0.2585273631840796,0.2592823383084577,0.25960323383084577,0.2599278606965174,0.25884825870646766,0.26025124378109454,0.25949502487562187,0.2585273631840796,0.25906343283582095,0.2602487562189055,0.25971517412935324,0.2605746268656716,0.2605721393034826,0.25960820895522385,0.2599278606965174,0.25938681592039803,0.25906343283582095,0.2587425373134329,0.2579888059701493,0.25701865671641794,0.25626616915422884,0.25626119402985076,0.25594278606965176,0.2559402985074627,0.25561567164179105,0.25507835820895525,0.25625870646766175,0.2562636815920398,0.25680099502487563,0.25701616915422887,0.25701865671641794,0.2560485074626866,0.25701616915422887,0.2566952736318408,0.2566927860696518,0.25626119402985076,0.25561815920398007,0.25551243781094524,0.25583084577114423,0.2554017412935324,0.25572512437810946,0.255292288557214,0.25551243781094524,0.25486318407960196,0.25378482587064677,0.25410572139303483,0.25378482587064677,0.25356467661691545,0.25281343283582086,0.2521691542288557,0.2514166666666667,0.2504490049751244,0.24990298507462683,0.24914925373134328,0.24850497512437814,0.2476417910447761,0.2448407960199005,0.2446218905472637,0.24225124378109456,0.24074253731343284,0.2390186567164179,0.23718656716417913,0.23567786069651742,0.23320024875621892,0.22942910447761194,0.2253358208955224,0.21962189054726367,0.21519900497512434,0.2094912935323383,0.20378109452736318,0.19623134328358208,0.1866405472636816,0.17662064676616918,0.16487064676616914,0.15053731343283583,0.13426492537313434,0.11658955223880597,0.09600509950248756,0.07240310945273631,0.04729278606965174,0.020026243781094525,-0.010473383084577115,-0.04388196517412935,-0.08041616915422886,-0.11953905472636817,-0.16232089552238804,-0.20920522388059704,-0.26007213930348255,-0.3144962686567164,-0.3732276119402985,-0.4393992537313433,-0.504384328358209,-0.5756268656716418,-0.6520360696517412,-0.7329577114427861,-0.8174651741293532,-0.9052985074626866,-0.9976492537313434,-1.0938768656716418,-1.192929104477612,-1.2951616915422886,-1.4010447761194031,-1.51,-1.6208955223880597,-1.7337189054726367,-1.8505223880597015,-1.969738805970149,-2.090136815920398,-2.2113432835820896,-2.337798507462687,-2.465783582089552,-2.593756218905473,-2.7231592039800994,-2.8565049751243783,-2.9912313432835824,-3.126281094527363,-3.262338308457711,-3.4010323383084575,-3.5422512437810947,-3.682462686567164,-3.824676616915423,-3.9689179104477614,-4.114800995024875,-4.260485074626866]},"voc":{"unit":"V","value":1.0699850693147728},"jsc":{"unit":"mA\/cm2","value":20.7251},"fill_factor":{"unit":"%","value":76.09462609345233},"cell_dimension":{"value":0.0804,"unit":"cm2"},"sweep_direction":{"unit":"","value":"Forward"},"key":"Forward_FWD1_231116"}]}}