{"_id":"656ea8c9e66ef8618a0fbfbb","id":"CNU_EEML-SC-00350","author":62,"group":6,"input":[{"tco":{"unit":"","value":"ITO"}},[],{"etl":[{"material":{"unit":"","value":"SnO2_NP"},"concentration":{"unit":"","value":"1:5 ratio (in H2O)"},"conc_unit":{"unit":"","value":"none"},"quantity":{"unit":"ml","value":"0.2"}}],"spin_coating":[{"type":{"unit":"","value":"drop&run"},"rpm":{"unit":"","value":"3000"},"time":{"unit":"s","value":"30"}}],"annealing":[{"temperature":{"unit":"oC","value":"100"},"time":{"unit":"m","value":"10"}}],"sputtering":[],"chemical_bath_deposition":[]},{"etl_treatment":[{"material":{"unit":"","value":"KCl"},"concentration":{"unit":"","value":"1.3"},"conc_unit":{"unit":"","value":"mg\/ml"},"quantity":{"unit":"ml","value":"0.2"}}],"solvent":[{"material":{"unit":"","value":"DI-Water"},"volume":{"unit":"ml","value":"1"}}],"spin_coating":[{"type":{"unit":"","value":"drop&run"},"rpm":{"unit":"","value":"5000"},"time":{"unit":"s","value":"30"}}],"annealing":[{"temperature":{"unit":"oC","value":"150"},"time":{"unit":"m","value":"15"}}]},[],{"perovskite":{"method":{"unit":"","value":"1step"},"molarity":{"unit":"M","value":"1.3"},"a_site":[{"material":{"unit":"","value":"FA"},"ratio":{"unit":"","value":"83"}},{"material":{"unit":"","value":"Cs"},"ratio":{"unit":"","value":"17"}},{"material":{"unit":"","value":"MA"},"ratio":{"unit":"","value":"5"}}],"b_site":[{"material":{"unit":"","value":"Pb"},"ratio":{"unit":"","value":"100"}}],"x_site":[{"material":{"unit":"","value":"I"},"ratio":{"unit":"","value":"77"}},{"material":{"unit":"","value":"Br"},"ratio":{"unit":"","value":"23"}}],"solvent":[{"material":{"unit":"","value":"DMF"},"volume":{"unit":"ml","value":"0.8"}},{"material":{"unit":"","value":"DMSO"},"volume":{"unit":"ml","value":"0.2"}}],"antisolvent":[{"material":{"unit":"","value":"DEE"},"quantity":{"unit":"ul","value":"1000"},"dripping_time":{"unit":"s","value":"8"}}],"spin_coating":[{"type":{"unit":"","value":"drop&run"},"rpm":{"unit":"","value":"5000"},"time":{"unit":"s","value":"50"}}],"annealing":[{"temperature":{"unit":"oC","value":"100"},"time":{"unit":"m","value":"60"}}]}},{"htl":[{"material":{"unit":"","value":"Spiro-OMeTAD"},"concentration":{"unit":"","value":"91"},"conc_unit":{"unit":"","value":"mg\/ml"},"quantity":{"unit":"ml","value":"0.07"}}],"solvent":[{"material":{"unit":"","value":"CB"},"volume":{"unit":"ml","value":"1.1"}}],"htl_doping":[{"material":{"unit":"","value":"Li-TFSI"},"volume":{"unit":"ul","value":"23"}},{"material":{"unit":"","value":"Co-TFSI"},"volume":{"unit":"ul","value":"10"}},{"material":{"unit":"","value":"tBP"},"volume":{"unit":"ul","value":"39"}}],"spin_coating":[{"type":{"unit":"","value":"dynamic"},"rpm":{"unit":"","value":"2000"},"time":{"unit":"s","value":"30"}}]},{"anode_metal":{"unit":"","value":"Ag"}},{"note":{"unit":"","value":"nip ref BR23"},"ar":{"unit":"","value":"0"},"type":{"unit":"","value":"unit_cell"},"device_type":{"unit":"","value":"n-i-p"},"temperature":{"unit":"\u2103","value":"23"},"humidity":{"unit":"%","value":"21"},"cell_dimension":{"unit":"cm2","value":"0.0804"}}],"fileinfo":[{"key":"Forward_FWD BR23_230926","uploadType":"JV","original_name":"FWD BR23_230926-133514_FWD_D.dat","save_name":"CNU_EEML-SC-00350\/Forward_FWD BR23_230926","uploader":62,"fileType":""},{"key":"Forward_FWD2 BR23_230926","uploadType":"JV","original_name":"FWD2 BR23_230926-134814_FWD_D.dat","save_name":"CNU_EEML-SC-00350\/Forward_FWD2 BR23_230926","uploader":62,"fileType":""},{"key":"Forward_FWD3 BR23_230926","uploadType":"JV","original_name":"FWD3 BR23_230926-134826_FWD_D.dat","save_name":"CNU_EEML-SC-00350\/Forward_FWD3 BR23_230926","uploader":62,"fileType":""},{"key":"Forward_FWD4 BR23_230926","uploadType":"JV","original_name":"FWD4 BR23_230926-134842_FWD_D.dat","save_name":"CNU_EEML-SC-00350\/Forward_FWD4 BR23_230926","uploader":62,"fileType":""},{"key":"Reverse_REV BR23_230926","uploadType":"JV","original_name":"REV BR23_230926-133514_REV.dat","save_name":"CNU_EEML-SC-00350\/Reverse_REV BR23_230926","uploader":62,"fileType":""},{"key":"Reverse_REV2 BR23_230926","uploadType":"JV","original_name":"REV2 BR23_230926-134814_REV.dat","save_name":"CNU_EEML-SC-00350\/Reverse_REV2 BR23_230926","uploader":62,"fileType":""},{"key":"Reverse_REV3 BR23_230926","uploadType":"JV","original_name":"REV3 BR23_230926-134826_REV.dat","save_name":"CNU_EEML-SC-00350\/Reverse_REV3 BR23_230926","uploader":62,"fileType":""},{"key":"Reverse_REV4 BR23_230926","uploadType":"JV","original_name":"REV4 BR23_230926-134842_REV.dat","save_name":"CNU_EEML-SC-00350\/Reverse_REV4 BR23_230926","uploader":62,"fileType":""}],"jvcnt":8,"updated_at":"2024-08-27 05:42:14","created_at":"2023-12-05 04:36:25","analysisInfo":{"JV":[{"efficiency":14.8424,"fill_factor":69.14485591480508,"jsc":19.6934,"voc":1.0899926099837915,"key":"Reverse_REV4 BR23_230926","cell_dimension":0.0804},{"efficiency":14.8341,"fill_factor":67.52625647993983,"jsc":19.9709,"voc":1.0999954565698016,"key":"Reverse_REV3 BR23_230926","cell_dimension":0.0804},{"efficiency":15.8129,"fill_factor":72.1374371789219,"jsc":19.928,"voc":1.099985855905437,"key":"Reverse_REV2 BR23_230926","cell_dimension":0.0804},{"efficiency":14.9899,"fill_factor":70.82505907866877,"jsc":19.7801,"voc":1.0699988410116994,"key":"Reverse_REV BR23_230926","cell_dimension":0.0804},{"efficiency":6.51857,"fill_factor":32.65937496625368,"jsc":19.0089,"voc":1.0499955986580107,"key":"Forward_FWD4 BR23_230926","cell_dimension":0.0804},{"efficiency":6.02328,"fill_factor":29.650629367503917,"jsc":19.3469,"voc":1.0499962531438025,"key":"Forward_FWD3 BR23_230926","cell_dimension":0.0804},{"efficiency":6.9241,"fill_factor":33.627425629770755,"jsc":19.4252,"voc":1.0599959639230674,"key":"Forward_FWD2 BR23_230926","cell_dimension":0.0804},{"efficiency":9.08587,"fill_factor":52.23575274418793,"jsc":19.5458,"voc":0.889908204127697,"key":"Forward_FWD BR23_230926","cell_dimension":0.0804}]},"public":2,"tags":[],"analysis":{"JV":[{"V":{"value":[1.5,1.49,1.48,1.47,1.46,1.45,1.44,1.43,1.42,1.41,1.4,1.39,1.38,1.37,1.36,1.35,1.34,1.33,1.32,1.31,1.3,1.29,1.28,1.27,1.26,1.25,1.24,1.23,1.22,1.21,1.2,1.19,1.18,1.17,1.16,1.15,1.14,1.13,1.12,1.11,1.1,1.09,1.08,1.07,1.06,1.05,1.04,1.03,1.02,1.01,1,0.99,0.98,0.97,0.96,0.95,0.94,0.93,0.92,0.91,0.9,0.89,0.88,0.87,0.86,0.85,0.84,0.83,0.82,0.81,0.8,0.79,0.78,0.77,0.76,0.75,0.74,0.73,0.72,0.71,0.7,0.69,0.68,0.67,0.66,0.65,0.64,0.63,0.62,0.61,0.6,0.59,0.58,0.57,0.56,0.55,0.54,0.53,0.52,0.51,0.5,0.49,0.48,0.47,0.46,0.45,0.44,0.43,0.42,0.41,0.4,0.39,0.38,0.37,0.36,0.35,0.34,0.33,0.32,0.31,0.3,0.29,0.28,0.27,0.26,0.25,0.24,0.23,0.22,0.21,0.2,0.19,0.18,0.17,0.16,0.15,0.14,0.13,0.12,0.11,0.1,0.09,0.08,0.07,0.06,0.05,0.04,0.03,0.02,0.01,0,-0.01,-0.02,-0.03,-0.04,-0.05,-0.06,-0.07,-0.08,-0.09,-0.1,-0.11,-0.12,-0.13,-0.14,-0.15,-0.16,-0.17,-0.18,-0.19,-0.2],"unit":"V"},"J":{"value":[-0.047726399999999995,-0.056461,-0.060646,-0.0628029,-0.0637393,-0.0640092,-0.0637827,-0.0631848,-0.062292900000000005,-0.0612272,-0.0599788,-0.0585746,-0.0570242,-0.055411999999999996,-0.053722900000000004,-0.051998600000000006,-0.0501444,-0.0482819,-0.0463401,-0.0443654,-0.0423548,-0.0403272,-0.038326099999999995,-0.036255899999999994,-0.034149900000000004,-0.0320871,-0.0300078,-0.027849699999999998,-0.0257618,-0.0237087,-0.0216201,-0.0195669,-0.0175218,-0.015520099999999998,-0.0135445,-0.0115951,-0.00965417,-0.00781715,-0.0059629,-0.0041953,-0.00243633,-0.0007987119999999999,0.000830261,0.00236394,0.0038022999999999998,0.0051887800000000005,0.00648841,0.00771889,0.008845420000000001,0.00989369,0.010812200000000001,0.0116961,0.0125105,0.013186199999999999,0.013793,0.0143734,0.0148848,0.0153092,0.015734,0.016114899999999998,0.0163663,0.0165655,0.016834099999999998,0.017050999999999997,0.017258600000000002,0.0174321,0.017571100000000003,0.0176231,0.0177702,0.0178828,0.017943300000000002,0.017986699999999998,0.0180473,0.0182901,0.018429099999999997,0.0185759,0.0186282,0.0187058,0.0187147,0.018732199999999997,0.018749199999999997,0.018732199999999997,0.01868,0.018749199999999997,0.0186974,0.0187318,0.018758,0.0188358,0.0189051,0.0189488,0.019017600000000003,0.0190093,0.0190351,0.0190784,0.0191041,0.0191391,0.0191911,0.0191479,0.019191299999999998,0.0191566,0.0191911,0.019217099999999997,0.0192257,0.019156199999999998,0.019182200000000003,0.019295000000000003,0.019217099999999997,0.0191479,0.0191911,0.019234400000000002,0.0192691,0.019347200000000002,0.0193124,0.0193384,0.0193474,0.0193387,0.0193386,0.019425,0.019451,0.0194772,0.019476800000000002,0.0194772,0.0194859,0.019511900000000002,0.0194685,0.0194943,0.0195205,0.0195377,0.0194165,0.019451,0.0195117,0.0194857,0.0194424,0.0194942,0.0194857,0.0195463,0.0195548,0.0195292,0.0196156,0.019641600000000002,0.019659,0.0196588,0.0196243,0.0195987,0.0196158,0.0196763,0.0196505,0.0196676,0.0196936,0.0197025,0.0196934,0.019702300000000002,0.0196852,0.0197112,0.0196676,0.0196942,0.019727900000000003,0.0197025,0.0197113,0.0196418,0.0197196,0.0197196,0.0197287,0.0197633,0.0197891,0.0198411,0.0198061,0.0197807,0.0197541,0.0197805,0.0198238],"unit":"A\/cm2"},"P":{"value":[71.5897,84.1268,89.7561,92.3203,93.0594,92.8133,91.847,90.3543,88.456,86.3303,83.9704,81.4187,78.6934,75.9144,73.0632,70.1982,67.1935,64.215,61.1689,58.1187,55.0612,52.0221,49.0574,46.045,43.0289,40.1088,37.2097,34.2552,31.4294,28.6876,25.9441,23.2846,20.6758,18.1585,15.7117,13.3344,11.0058,8.83338,6.67845,4.65678,2.67996,0.870596,-0.896681,-2.52941,-4.03044,-5.44822,-6.74794,-7.95045,-9.02232,-9.99263,-10.8122,-11.5791,-12.2603,-12.7906,-13.2413,-13.6547,-13.9917,-14.2376,-14.4752,-14.6645,-14.7297,-14.7433,-14.814,-14.8344,-14.8424,-14.8173,-14.7597,-14.6272,-14.5716,-14.4851,-14.3547,-14.2095,-14.0769,-14.0834,-14.0061,-13.9319,-13.7849,-13.6553,-13.4746,-13.2999,-13.1244,-12.9252,-12.7024,-12.5619,-12.3403,-12.1757,-12.0051,-11.8666,-11.7212,-11.5588,-11.4106,-11.2155,-11.0404,-10.8747,-10.6983,-10.5265,-10.3632,-10.1484,-9.97945,-9.76987,-9.59553,-9.41636,-9.22835,-9.00342,-8.82382,-8.68277,-8.45551,-8.23361,-8.06025,-7.8861,-7.70762,-7.54542,-7.3387,-7.1552,-6.96507,-6.76856,-6.57511,-6.41026,-6.22433,-6.03793,-5.84304,-5.64839,-5.45604,-5.2682,-5.06182,-4.87359,-4.68493,-4.49366,-4.27164,-4.08471,-3.90233,-3.70228,-3.49962,-3.31401,-3.11771,-2.93195,-2.73767,-2.53879,-2.35388,-2.16058,-1.9659,-1.76929,-1.56995,-1.37191,-1.17695,-0.983815,-0.78602,-0.590029,-0.393873,-0.197025,0,0.197023,0.393703,0.591335,0.786705,0.98471,1.18367,1.37917,1.57691,1.76776,1.97196,2.16916,2.36744,2.56923,2.77048,2.97617,3.16897,3.36271,3.55574,3.75829,3.96476],"unit":"mW\/cm2"},"efficiency":{"unit":"%","value":14.8424},"I":{"unit":"A","value":[-0.5936119402985074,-0.7022512437810945,-0.7543034825870647,-0.7811305970149253,-0.7927773631840795,-0.796134328358209,-0.7933171641791045,-0.7858805970149254,-0.7747873134328359,-0.7615323383084578,-0.7460049751243781,-0.7285398009950248,-0.7092562189054726,-0.6892039800995025,-0.6681952736318408,-0.6467487562189056,-0.6236865671641791,-0.600521144278607,-0.5763694029850747,-0.5518084577114428,-0.5268009950248757,-0.5015820895522388,-0.4766927860696517,-0.4509440298507462,-0.42475000000000007,-0.39909328358208956,-0.3732313432835821,-0.34638930348258706,-0.32042039800995026,-0.29488432835820894,-0.2689067164179105,-0.24336940298507465,-0.21793283582089554,-0.19303606965174128,-0.1684639303482587,-0.1442176616915423,-0.12007674129353234,-0.09722823383084578,-0.07416542288557214,-0.05218034825870647,-0.03030261194029851,-0.009934228855721393,0.010326629353233831,0.029402238805970152,0.04729228855721393,0.06453706467661692,0.08070161691542288,0.09600609452736318,0.11001766169154231,0.12305584577114428,0.13448009950248757,0.1454738805970149,0.1556032338308458,0.16400746268656716,0.1715547263681592,0.178773631840796,0.18513432835820895,0.19041293532338308,0.19569651741293534,0.20043407960199003,0.20356094527363183,0.20603855721393036,0.2093793532338308,0.21207711442786065,0.21465920398009952,0.21681716417910446,0.21854601990049755,0.21919278606965173,0.22102238805970148,0.22242288557213932,0.2231753731343284,0.2237151741293532,0.22446890547263681,0.22748880597014925,0.22921766169154226,0.23104353233830846,0.23169402985074627,0.23265920398009954,0.23276990049751245,0.2329875621890547,0.23319900497512436,0.2329875621890547,0.23233830845771142,0.23319900497512436,0.2325547263681592,0.23298258706467662,0.2333084577114428,0.23427611940298507,0.23513805970149254,0.23568159203980096,0.23653731343283585,0.23643407960199006,0.2367549751243781,0.23729353233830844,0.23761318407960197,0.23804850746268655,0.2386952736318408,0.23815796019900495,0.23869776119402983,0.23826616915422885,0.2386952736318408,0.2390186567164179,0.23912562189054726,0.23826119402985071,0.2385845771144279,0.23998756218905476,0.2390186567164179,0.23815796019900495,0.2386952736318408,0.23923383084577118,0.23966542288557216,0.24063681592039804,0.2402039800995025,0.24052736318407958,0.24063930348258708,0.24053109452736318,0.24052985074626868,0.24160447761194032,0.24192786069651742,0.2422537313432836,0.24224875621890551,0.2422537313432836,0.24236194029850747,0.2426853233830846,0.2421455223880597,0.24246641791044776,0.24279228855721394,0.24300621890547267,0.24149875621890546,0.24192786069651742,0.24268283582089553,0.24235945273631843,0.24182089552238806,0.24246517412935323,0.24235945273631843,0.24311318407960197,0.24321890547263683,0.2429004975124378,0.24397512437810945,0.2442985074626866,0.24451492537313432,0.24451243781094528,0.24408333333333335,0.24376492537313432,0.2439776119402985,0.24473009950248759,0.24440920398009952,0.2446218905472637,0.2449452736318408,0.24505597014925376,0.24494278606965175,0.24505348258706472,0.2448407960199005,0.24516417910447763,0.2446218905472637,0.24495273631840794,0.24537189054726372,0.24505597014925376,0.24516542288557217,0.24430099502487562,0.24526865671641793,0.24526865671641793,0.24538184079601988,0.24581218905472638,0.24613308457711444,0.24677985074626865,0.24634452736318407,0.24602860696517412,0.24569776119402986,0.24602611940298508,0.24656467661691542]},"voc":{"unit":"V","value":1.0899926099837915},"jsc":{"unit":"mA\/cm2","value":19.6934},"fill_factor":{"unit":"%","value":69.14485591480508},"cell_dimension":{"value":0.0804,"unit":"cm2"},"sweep_direction":{"unit":"","value":"Reverse"},"key":"Reverse_REV4 BR23_230926"},{"V":{"value":[1.5,1.49,1.48,1.47,1.46,1.45,1.44,1.43,1.42,1.41,1.4,1.39,1.38,1.37,1.36,1.35,1.34,1.33,1.32,1.31,1.3,1.29,1.28,1.27,1.26,1.25,1.24,1.23,1.22,1.21,1.2,1.19,1.18,1.17,1.16,1.15,1.14,1.13,1.12,1.11,1.1,1.09,1.08,1.07,1.06,1.05,1.04,1.03,1.02,1.01,1,0.99,0.98,0.97,0.96,0.95,0.94,0.93,0.92,0.91,0.9,0.89,0.88,0.87,0.86,0.85,0.84,0.83,0.82,0.81,0.8,0.79,0.78,0.77,0.76,0.75,0.74,0.73,0.72,0.71,0.7,0.69,0.68,0.67,0.66,0.65,0.64,0.63,0.62,0.61,0.6,0.59,0.58,0.57,0.56,0.55,0.54,0.53,0.52,0.51,0.5,0.49,0.48,0.47,0.46,0.45,0.44,0.43,0.42,0.41,0.4,0.39,0.38,0.37,0.36,0.35,0.34,0.33,0.32,0.31,0.3,0.29,0.28,0.27,0.26,0.25,0.24,0.23,0.22,0.21,0.2,0.19,0.18,0.17,0.16,0.15,0.14,0.13,0.12,0.11,0.1,0.09,0.08,0.07,0.06,0.05,0.04,0.03,0.02,0.01,0,-0.01,-0.02,-0.03,-0.04,-0.05,-0.06,-0.07,-0.08,-0.09,-0.1,-0.11,-0.12,-0.13,-0.14,-0.15,-0.16,-0.17,-0.18,-0.19,-0.2],"unit":"V"},"J":{"value":[-0.0449195,-0.0493472,-0.0509935,-0.051704,-0.051963999999999996,-0.051886,-0.0515659,-0.0510725,-0.0503085,-0.049520499999999995,-0.0485761,-0.047501600000000005,-0.0463232,-0.0450491,-0.043706,-0.042319699999999995,-0.040847499999999995,-0.039313499999999994,-0.037754199999999995,-0.0361248,-0.0344352,-0.0327196,-0.031055700000000002,-0.029366299999999998,-0.0275901,-0.0258227,-0.024054600000000002,-0.0222961,-0.0205112,-0.018760699999999998,-0.01695,-0.015217000000000001,-0.0134494,-0.011742200000000001,-0.010061299999999999,-0.008371779999999999,-0.0066993999999999995,-0.00510504,-0.00350212,-0.00197714,-0.000495459,0.000968898,0.00232932,0.0036809599999999996,0.004963390000000001,0.00616781,0.0072942400000000004,0.008334099999999999,0.00936532,0.0102577,0.0111154,0.011895300000000001,0.0125886,0.0132298,0.0137929,0.0143214,0.0147461,0.0151709,0.0155952,0.0160024,0.016305700000000003,0.0166001,0.016825399999999997,0.0170507,0.0172328,0.0174238,0.0176576,0.017796199999999998,0.0179607,0.018064800000000002,0.018116800000000002,0.0182206,0.0182901,0.0183854,0.0184632,0.0185676,0.0186277,0.0187147,0.018757799999999998,0.0187925,0.0188012,0.018939800000000003,0.0189311,0.0189485,0.0189831,0.0190268,0.019087299999999998,0.0191566,0.0191826,0.0191826,0.019243200000000002,0.019347200000000002,0.019320900000000002,0.019347200000000002,0.019347200000000002,0.0194073,0.0193037,0.0193212,0.0193646,0.019373,0.019381699999999998,0.0193734,0.019373,0.0193557,0.019407900000000002,0.0194165,0.019477599999999998,0.0194943,0.019572299999999997,0.0195635,0.0195552,0.0195465,0.019520700000000002,0.0194772,0.0195121,0.019538,0.019520700000000002,0.019572700000000002,0.019641600000000002,0.0196418,0.019659,0.019728100000000002,0.0196594,0.019659,0.0196852,0.0196934,0.0197285,0.0197285,0.0197285,0.019736999999999998,0.0198583,0.0198238,0.0198236,0.0198323,0.0197543,0.0197456,0.0197283,0.0195898,0.0196243,0.0195985,0.019659,0.0197893,0.0198673,0.020006,0.020040199999999998,0.020006,0.0199189,0.0199189,0.0199012,0.0199538,0.0199709,0.0199276,0.019902,0.019902,0.0199796,0.0199622,0.0199707,0.0199189,0.0199796,0.0200142,0.0200142,0.0198931,0.0200231,0.019851,0.0198756,0.0198323,0.0197803,0.0197543,0.0197456,0.019849799999999997,0.019876],"unit":"A\/cm2"},"P":{"value":[67.3793,73.5274,75.4704,76.0049,75.8674,75.2347,74.2549,73.0337,71.4381,69.8239,68.0065,66.0273,63.9261,61.7172,59.4402,57.1316,54.7357,52.2869,49.8355,47.3235,44.7658,42.2083,39.7512,37.2953,34.7635,32.2784,29.8277,27.4243,25.0237,22.7005,20.3399,18.1082,15.8703,13.7383,11.6711,9.62755,7.63732,5.7687,3.92237,2.19463,0.545005,-1.0561,-2.51567,-3.93863,-5.2612,-6.4762,-7.58601,-8.58412,-9.55262,-10.3603,-11.1154,-11.7763,-12.3368,-12.8329,-13.2412,-13.6054,-13.8614,-14.1089,-14.3475,-14.5622,-14.6751,-14.7741,-14.8064,-14.8341,-14.8202,-14.8102,-14.8324,-14.7709,-14.7277,-14.6325,-14.4934,-14.3943,-14.2663,-14.1568,-14.032,-13.9257,-13.7845,-13.6617,-13.5056,-13.3427,-13.1608,-13.0685,-12.8732,-12.6955,-12.5289,-12.3674,-12.2159,-12.0687,-11.8932,-11.7014,-11.5459,-11.4149,-11.2061,-11.0279,-10.8344,-10.674,-10.424,-10.2403,-10.0696,-9.88025,-9.69085,-9.49297,-9.29906,-9.09718,-8.92763,-8.73744,-8.57013,-8.38257,-8.22038,-8.02102,-7.82207,-7.62314,-7.41787,-7.20656,-7.02434,-6.83832,-6.63705,-6.45899,-6.28533,-6.08897,-5.89769,-5.72115,-5.50462,-5.30792,-5.11814,-4.92336,-4.73484,-4.53755,-4.34027,-4.14476,-3.97165,-3.76652,-3.56825,-3.37148,-3.16069,-2.96184,-2.76196,-2.54668,-2.35492,-2.15584,-1.9659,-1.78104,-1.58939,-1.40042,-1.20241,-1.0003,-0.796757,-0.597568,-0.398024,-0.199538,0,0.199276,0.39804,0.597059,0.799183,0.998112,1.19824,1.39432,1.59837,1.80128,2.00142,2.18824,2.40277,2.58062,2.78258,2.97484,3.16484,3.35823,3.55421,3.77146,3.9752],"unit":"mW\/cm2"},"efficiency":{"unit":"%","value":14.8341},"I":{"unit":"A","value":[-0.5587002487562189,-0.613771144278607,-0.634247512437811,-0.6430845771144279,-0.646318407960199,-0.6453482587064677,-0.6413669154228856,-0.6352300995024875,-0.6257276119402985,-0.6159266169154228,-0.6041803482587065,-0.59081592039801,-0.5761592039800996,-0.5603121890547264,-0.5436069651741294,-0.5263644278606965,-0.5080534825870646,-0.48897388059701485,-0.46957960199004967,-0.44931343283582087,-0.42829850746268655,-0.40696019900497515,-0.38626492537313434,-0.36525248756218903,-0.34316044776119403,-0.32117786069651744,-0.29918656716417913,-0.2773146766169154,-0.25511442786069655,-0.233342039800995,-0.21082089552238806,-0.18926616915422886,-0.1672810945273632,-0.14604726368159204,-0.12514054726368157,-0.10412661691542287,-0.08332587064676616,-0.06349552238805971,-0.04355870646766169,-0.02459129353233831,-0.006162425373134328,0.012050970149253732,0.028971641791044778,0.04578308457711442,0.0617337064676617,0.07671405472636816,0.09072437810945275,0.10365796019900496,0.11648407960199005,0.12758333333333333,0.13825124378109452,0.14795149253731343,0.15657462686567164,0.1645497512437811,0.17155348258706468,0.1781268656716418,0.1834092039800995,0.18869278606965173,0.19397014925373135,0.19903482587064678,0.20280721393034828,0.2064689054726368,0.20927114427860694,0.2120733830845771,0.21433830845771143,0.2167139303482587,0.21962189054726367,0.22134577114427859,0.2233917910447761,0.22468656716417915,0.22533333333333336,0.22662437810945274,0.22748880597014925,0.22867412935323383,0.2296417910447761,0.2309402985074627,0.23168781094527363,0.23276990049751245,0.23330597014925372,0.23373756218905473,0.23384577114427862,0.23556965174129357,0.23546144278606965,0.23567786069651742,0.23610820895522389,0.23665174129353234,0.23740422885572138,0.23826616915422885,0.23858955223880599,0.23858955223880599,0.2393432835820896,0.24063681592039804,0.24030970149253733,0.24063681592039804,0.24063681592039804,0.24138432835820894,0.2400957711442786,0.2403134328358209,0.24085323383084575,0.24095771144278608,0.24106592039800992,0.24096268656716416,0.24095771144278608,0.24074253731343284,0.24139179104477615,0.24149875621890546,0.24225870646766168,0.24246641791044776,0.24343656716417908,0.2433271144278607,0.2432238805970149,0.24311567164179107,0.242794776119403,0.2422537313432836,0.24268781094527364,0.2430099502487562,0.242794776119403,0.24344154228855724,0.2442985074626866,0.24430099502487562,0.24451492537313432,0.24537437810945276,0.24451990049751243,0.24451492537313432,0.2448407960199005,0.24494278606965175,0.24537935323383084,0.24537935323383084,0.24537935323383084,0.24548507462686564,0.24699378109452735,0.24656467661691542,0.24656218905472638,0.24667039800995025,0.2457002487562189,0.245592039800995,0.2453768656716418,0.2436542288557214,0.24408333333333335,0.24376243781094528,0.24451492537313432,0.24613557213930348,0.24710572139303483,0.24883084577114428,0.24925621890547262,0.24883084577114428,0.24774751243781096,0.24774751243781096,0.2475273631840796,0.248181592039801,0.24839427860696517,0.24785572139303483,0.2475373134328358,0.2475373134328358,0.24850248756218907,0.2482860696517413,0.24839179104477613,0.24774751243781096,0.24850248756218907,0.2489328358208955,0.2489328358208955,0.2474266169154229,0.24904353233830845,0.24690298507462688,0.2472089552238806,0.24667039800995025,0.24602363184079604,0.2457002487562189,0.245592039800995,0.2468880597014925,0.24721393034825873]},"voc":{"unit":"V","value":1.0999954565698016},"jsc":{"unit":"mA\/cm2","value":19.9709},"fill_factor":{"unit":"%","value":67.52625647993983},"cell_dimension":{"value":0.0804,"unit":"cm2"},"sweep_direction":{"unit":"","value":"Reverse"},"key":"Reverse_REV3 BR23_230926"},{"V":{"value":[1.5,1.49,1.48,1.47,1.46,1.45,1.44,1.43,1.42,1.41,1.4,1.39,1.38,1.37,1.36,1.35,1.34,1.33,1.32,1.31,1.3,1.29,1.28,1.27,1.26,1.25,1.24,1.23,1.22,1.21,1.2,1.19,1.18,1.17,1.16,1.15,1.14,1.13,1.12,1.11,1.1,1.09,1.08,1.07,1.06,1.05,1.04,1.03,1.02,1.01,1,0.99,0.98,0.97,0.96,0.95,0.94,0.93,0.92,0.91,0.9,0.89,0.88,0.87,0.86,0.85,0.84,0.83,0.82,0.81,0.8,0.79,0.78,0.77,0.76,0.75,0.74,0.73,0.72,0.71,0.7,0.69,0.68,0.67,0.66,0.65,0.64,0.63,0.62,0.61,0.6,0.59,0.58,0.57,0.56,0.55,0.54,0.53,0.52,0.51,0.5,0.49,0.48,0.47,0.46,0.45,0.44,0.43,0.42,0.41,0.4,0.39,0.38,0.37,0.36,0.35,0.34,0.33,0.32,0.31,0.3,0.29,0.28,0.27,0.26,0.25,0.24,0.23,0.22,0.21,0.2,0.19,0.18,0.17,0.16,0.15,0.14,0.13,0.12,0.11,0.1,0.09,0.08,0.07,0.06,0.05,0.04,0.03,0.02,0.01,0,-0.01,-0.02,-0.03,-0.04,-0.05,-0.06,-0.07,-0.08,-0.09,-0.1,-0.11,-0.12,-0.13,-0.14,-0.15,-0.16,-0.17,-0.18,-0.19,-0.2],"unit":"V"},"J":{"value":[-0.0541561,-0.060576099999999994,-0.0637208,-0.0654903,-0.0662168,-0.06635540000000001,-0.06594889999999999,-0.065187,-0.0640346,-0.0626816,-0.0612439,-0.059623600000000006,-0.0578727,-0.0560629,-0.0542168,-0.052240699999999994,-0.0502667,-0.048289700000000005,-0.046237499999999994,-0.044131000000000004,-0.0420519,-0.0399113,-0.0378145,-0.035665999999999996,-0.0334994,-0.0313766,-0.0292624,-0.0271484,-0.0250077,-0.0229111,-0.020822900000000002,-0.0187434,-0.016724199999999998,-0.0146881,-0.0127128,-0.0107633,-0.008831009999999999,-0.0069594800000000005,-0.00508776,-0.0033115199999999997,-0.00154389,0.000137074,0.00174873,0.0033171,0.00481604,0.00617659,0.00750219,0.008732509999999999,0.00987607,0.0109855,0.0119645,0.0128141,0.0136198,0.0142956,0.0149453,0.0155,0.0160286,0.016453299999999997,0.0168689,0.0172068,0.017518799999999998,0.017761199999999998,0.0179692,0.0181513,0.0183076,0.0184723,0.018593,0.0186802,0.0187407,0.018827200000000002,0.0189051,0.018914200000000003,0.0190008,0.019018,0.0190869,0.0190698,0.0191477,0.0191741,0.0192257,0.019191299999999998,0.019286400000000002,0.0192689,0.019234400000000002,0.0192515,0.019295000000000003,0.0192431,0.0193732,0.0193988,0.0193384,0.0193212,0.019329899999999997,0.0192779,0.0193212,0.019399,0.019459499999999998,0.0195465,0.0195639,0.0195808,0.019442499999999998,0.0194337,0.0194164,0.019451,0.0194685,0.0194424,0.0195377,0.0195552,0.019572700000000002,0.019572500000000003,0.019607199999999998,0.0197285,0.019711,0.0197283,0.019684999999999998,0.0196852,0.019684999999999998,0.0196505,0.0196765,0.0196158,0.0196156,0.0196938,0.0197112,0.0197458,0.0197283,0.0198232,0.0198411,0.019798,0.0198323,0.0197629,0.0197716,0.0197629,0.0197198,0.0197974,0.019684999999999998,0.0197545,0.0197803,0.0197545,0.0198411,0.0198323,0.019849799999999997,0.0198583,0.0198929,0.019867100000000002,0.0199276,0.019875800000000002,0.0198756,0.0199276,0.0199451,0.019927800000000002,0.0199451,0.0199538,0.019928,0.0199187,0.0198845,0.019850200000000002,0.019875399999999998,0.0198845,0.0199101,0.0198929,0.0199711,0.0200489,0.0200749,0.020152899999999998,0.0201527,0.0201355,0.020092600000000002,0.0201092,0.0201097,0.020057500000000002,0.020032,0.020040400000000003,0.0199971],"unit":"A\/cm2"},"P":{"value":[81.2342,90.2584,94.3067,96.2707,96.6765,96.2154,94.9664,93.2174,90.9291,88.3811,85.7415,82.8768,79.8644,76.8062,73.7349,70.525,67.3573,64.2252,61.0335,57.8117,54.6675,51.4856,48.4025,45.2958,42.2093,39.2207,36.2853,33.3926,30.5094,27.7225,24.9875,22.3046,19.7345,17.1851,14.7469,12.3778,10.0674,7.86421,5.6983,3.67579,1.69828,-0.149411,-1.88863,-3.5493,-5.105,-6.48542,-7.80228,-8.99449,-10.0736,-11.0953,-11.9645,-12.686,-13.3474,-13.8667,-14.3475,-14.725,-15.0668,-15.3016,-15.5194,-15.6582,-15.7669,-15.8075,-15.8129,-15.7916,-15.7445,-15.7014,-15.6181,-15.5046,-15.3674,-15.25,-15.1241,-14.9422,-14.8206,-14.6438,-14.506,-14.3023,-14.1693,-13.9971,-13.8425,-13.6258,-13.5005,-13.2955,-13.0794,-12.8985,-12.7347,-12.508,-12.3989,-12.2213,-11.9898,-11.786,-11.5979,-11.374,-11.2063,-11.0574,-10.8973,-10.7506,-10.5645,-10.3778,-10.1101,-9.91118,-9.70818,-9.531,-9.3449,-9.1379,-8.98732,-8.79983,-8.61199,-8.41618,-8.23501,-8.08868,-7.88438,-7.69404,-7.48029,-7.28351,-7.08659,-6.87767,-6.69001,-6.47323,-6.27701,-6.10508,-5.91335,-5.72628,-5.52392,-5.35227,-5.15869,-4.9495,-4.75974,-4.54548,-4.34976,-4.15022,-3.94396,-3.76151,-3.54329,-3.35826,-3.16484,-2.96317,-2.77776,-2.57819,-2.38197,-2.18441,-1.98929,-1.78804,-1.59421,-1.3913,-1.19254,-0.996379,-0.797804,-0.597833,-0.398902,-0.199538,0,0.199187,0.397689,0.595505,0.795016,0.994223,1.1946,1.3925,1.59769,1.8044,2.00749,2.21682,2.41832,2.61762,2.81297,3.01637,3.21756,3.40978,3.60575,3.80768,3.99942],"unit":"mW\/cm2"},"efficiency":{"unit":"%","value":15.8129},"I":{"unit":"A","value":[-0.6735833333333333,-0.7534340796019899,-0.792547263681592,-0.8145559701492537,-0.8235920398009952,-0.82531592039801,-0.8202599502487561,-0.8107835820895521,-0.7964502487562188,-0.7796218905472637,-0.7617400497512438,-0.741587064676617,-0.7198097014925373,-0.6972997512437811,-0.6743383084577115,-0.6497599502487561,-0.6252077114427861,-0.6006181592039802,-0.5750932835820894,-0.5488930348258707,-0.5230335820895523,-0.49640920398009947,-0.47032960199004975,-0.4436069651741293,-0.4166592039800995,-0.39025621890547263,-0.3639601990049751,-0.33766666666666667,-0.31104104477611944,-0.28496393034825873,-0.25899129353233835,-0.2331268656716418,-0.20801243781094525,-0.18268781094527364,-0.15811940298507463,-0.13387189054726367,-0.10983843283582088,-0.08656069651741294,-0.06328059701492537,-0.04118805970149254,-0.019202611940298507,0.0017049004975124378,0.021750373134328357,0.041257462686567166,0.05990099502487562,0.07682325870646767,0.09331082089552238,0.10861330845771143,0.12283669154228857,0.1366355721393035,0.14881218905472637,0.15937935323383084,0.1694004975124378,0.17780597014925373,0.18588681592039802,0.1927860696517413,0.19936069651741295,0.20464303482587062,0.20981218905472637,0.21401492537313435,0.21789552238805968,0.220910447761194,0.22349751243781096,0.22576243781094527,0.22770646766169156,0.22975497512437812,0.23125621890547263,0.23234079601990051,0.23309328358208956,0.23416915422885576,0.23513805970149254,0.23525124378109455,0.23632835820895526,0.23654228855721393,0.2373992537313433,0.23718656716417913,0.2381554726368159,0.23848383084577113,0.23912562189054726,0.23869776119402983,0.2398805970149254,0.23966293532338306,0.23923383084577118,0.23944651741293535,0.23998756218905476,0.23934203980099503,0.24096019900497512,0.24127860696517414,0.24052736318407958,0.2403134328358209,0.24042164179104475,0.23977487562189057,0.2403134328358209,0.24128109452736318,0.24203358208955222,0.24311567164179107,0.24333208955223878,0.2435422885572139,0.24182213930348256,0.24171268656716421,0.24149751243781095,0.24192786069651742,0.2421455223880597,0.24182089552238806,0.24300621890547267,0.2432238805970149,0.24344154228855724,0.2434390547263682,0.24387064676616912,0.24537935323383084,0.24516169154228856,0.2453768656716418,0.24483830845771143,0.2448407960199005,0.24483830845771143,0.24440920398009952,0.24473258706467663,0.2439776119402985,0.24397512437810945,0.24494776119402986,0.24516417910447763,0.2455945273631841,0.2453768656716418,0.24655721393034824,0.24677985074626865,0.24624378109452735,0.24667039800995025,0.24580721393034827,0.24591542288557214,0.24580721393034827,0.24527114427860697,0.2462363184079602,0.24483830845771143,0.24570273631840797,0.24602363184079604,0.24570273631840797,0.24677985074626865,0.24667039800995025,0.2468880597014925,0.24699378109452735,0.24742412935323385,0.2471032338308458,0.24785572139303483,0.24721144278606969,0.2472089552238806,0.24785572139303483,0.24807338308457713,0.24785820895522392,0.24807338308457713,0.248181592039801,0.24786069651741297,0.24774502487562192,0.24731965174129353,0.24689303482587066,0.24720646766169152,0.24731965174129353,0.24763805970149255,0.24742412935323385,0.2483967661691542,0.24936442786069654,0.24968781094527362,0.25065796019900494,0.2506554726368159,0.25044154228855725,0.249907960199005,0.25011442786069654,0.2501206467661692,0.2494713930348259,0.24915422885572142,0.24925870646766174,0.24872014925373134]},"voc":{"unit":"V","value":1.099985855905437},"jsc":{"unit":"mA\/cm2","value":19.928},"fill_factor":{"unit":"%","value":72.1374371789219},"cell_dimension":{"value":0.0804,"unit":"cm2"},"sweep_direction":{"unit":"","value":"Reverse"},"key":"Reverse_REV2 BR23_230926"},{"V":{"value":[1.5,1.49,1.48,1.47,1.46,1.45,1.44,1.43,1.42,1.41,1.4,1.39,1.38,1.37,1.36,1.35,1.34,1.33,1.32,1.31,1.3,1.29,1.28,1.27,1.26,1.25,1.24,1.23,1.22,1.21,1.2,1.19,1.18,1.17,1.16,1.15,1.14,1.13,1.12,1.11,1.1,1.09,1.08,1.07,1.06,1.05,1.04,1.03,1.02,1.01,1,0.99,0.98,0.97,0.96,0.95,0.94,0.93,0.92,0.91,0.9,0.89,0.88,0.87,0.86,0.85,0.84,0.83,0.82,0.81,0.8,0.79,0.78,0.77,0.76,0.75,0.74,0.73,0.72,0.71,0.7,0.69,0.68,0.67,0.66,0.65,0.64,0.63,0.62,0.61,0.6,0.59,0.58,0.57,0.56,0.55,0.54,0.53,0.52,0.51,0.5,0.49,0.48,0.47,0.46,0.45,0.44,0.43,0.42,0.41,0.4,0.39,0.38,0.37,0.36,0.35,0.34,0.33,0.32,0.31,0.3,0.29,0.28,0.27,0.26,0.25,0.24,0.23,0.22,0.21,0.2,0.19,0.18,0.17,0.16,0.15,0.14,0.13,0.12,0.11,0.1,0.09,0.08,0.07,0.06,0.05,0.04,0.03,0.02,0.01,0,-0.01,-0.02,-0.03,-0.04,-0.05,-0.06,-0.07,-0.08,-0.09,-0.1,-0.11,-0.12,-0.13,-0.14,-0.15,-0.16,-0.17,-0.18,-0.19,-0.2],"unit":"V"},"J":{"value":[-0.034243899999999994,-0.050923699999999995,-0.0686496,-0.0792571,-0.08413280000000001,-0.0860658,-0.0864636,-0.08590819999999999,-0.0848623,-0.0833279,-0.0814737,-0.07949890000000001,-0.0772202,-0.0749074,-0.072524,-0.0714582,-0.0673246,-0.0646732,-0.06200460000000001,-0.0593879,-0.0574135,-0.0548564,-0.0511485,-0.0484013,-0.0456634,-0.0429865,-0.040646999999999996,-0.0375278,-0.0349024,-0.0323031,-0.029703399999999998,-0.0270957,-0.0245567,-0.0220875,-0.019600799999999998,-0.0171746,-0.014809300000000001,-0.0125304,-0.0102863,-0.00809419,-0.0060407099999999995,-0.00398726,-0.00199439,-0.000122867,0.00161873,0.00327365,0.00484199,0.00633225,0.00770992,0.00898362,0.0101274,0.011167199999999999,0.0121203,0.012952,0.013887600000000002,0.0144856,0.014988300000000001,0.0155081,0.0159241,0.0163139,0.016599799999999998,0.0168426,0.0169899,0.0172151,0.0173451,0.0175009,0.0177177,0.0179081,0.018081600000000003,0.0181856,0.0182982,0.0183849,0.0184453,0.0184713,0.018557999999999998,0.0185582,0.0186535,0.0186706,0.0187573,0.0188012,0.018869900000000002,0.0188874,0.0189306,0.018939599999999997,0.0189394,0.0189309,0.0189827,0.0190781,0.0191042,0.019147400000000002,0.0191042,0.019017199999999998,0.0190432,0.019034500000000003,0.0190521,0.0190867,0.019181999999999998,0.019234,0.019277000000000002,0.0192254,0.019260000000000003,0.019312000000000003,0.0193035,0.019312000000000003,0.019320499999999997,0.0193122,0.019329,0.019346699999999998,0.0193988,0.0194246,0.0194333,0.019450600000000002,0.019537500000000003,0.019563300000000002,0.019615100000000003,0.0196407,0.0196239,0.0195719,0.019597899999999998,0.0195461,0.0196237,0.0195544,0.0195808,0.019675699999999997,0.019692900000000003,0.0197364,0.019744900000000003,0.0197886,0.0197714,0.0197535,0.0196326,0.0196586,0.0196411,0.019823,0.0198144,0.019727699999999997,0.0197541,0.0197108,0.019727900000000003,0.0198575,0.0197968,0.019823,0.019805700000000002,0.0197886,0.019814599999999998,0.019780100000000002,0.0198059,0.019779900000000003,0.019779699999999997,0.019840499999999997,0.019780100000000002,0.019762599999999998,0.0198059,0.019805700000000002,0.0197624,0.0197714,0.0197712,0.0198059,0.019788399999999998,0.0197972,0.0198319,0.0198579,0.0198492,0.019875,0.0198579,0.0198663,0.019875,0.0198837,0.019892299999999998,0.0199187,0.019953],"unit":"A\/cm2"},"P":{"value":[51.3659,75.8763,101.601,116.508,122.834,124.795,124.508,122.849,120.504,117.492,114.063,110.504,106.564,102.623,98.6326,96.4686,90.2149,86.0154,81.846,77.7982,74.6376,70.7647,65.4701,61.4697,57.5358,53.7331,50.4023,46.1592,42.581,39.0867,35.6441,32.2438,28.9769,25.8424,22.7369,19.7507,16.8826,14.1593,11.5207,8.98455,6.64478,4.34612,2.15395,0.131468,-1.71585,-3.43733,-5.03567,-6.52222,-7.86412,-9.07345,-10.1274,-11.0555,-11.8779,-12.5634,-13.3321,-13.7614,-14.089,-14.4225,-14.6502,-14.8456,-14.9398,-14.9899,-14.9511,-14.9772,-14.9168,-14.8758,-14.8829,-14.8638,-14.8269,-14.7303,-14.6386,-14.5241,-14.3874,-14.2229,-14.1041,-13.9186,-13.8036,-13.6296,-13.5052,-13.3488,-13.2089,-13.0323,-12.8728,-12.6895,-12.5,-12.3051,-12.149,-12.0192,-11.8446,-11.6799,-11.4625,-11.2202,-11.0451,-10.8497,-10.6692,-10.4977,-10.3583,-10.194,-10.024,-9.80493,-9.63001,-9.46288,-9.26569,-9.07664,-8.88742,-8.69049,-8.50474,-8.31906,-8.14751,-7.9641,-7.77332,-7.58575,-7.42424,-7.23841,-7.06143,-6.87424,-6.67214,-6.45874,-6.27134,-6.0593,-5.88712,-5.67078,-5.48262,-5.31244,-5.12014,-4.9341,-4.73876,-4.55137,-4.34971,-4.14824,-3.92652,-3.73513,-3.53539,-3.36991,-3.1703,-2.95916,-2.76557,-2.5624,-2.36735,-2.18432,-1.97968,-1.78407,-1.58446,-1.3852,-1.18887,-0.989004,-0.792235,-0.593397,-0.395594,-0.198405,0,0.197626,0.396118,0.594171,0.790495,0.988571,1.18627,1.38641,1.58307,1.78175,1.98319,2.18437,2.38191,2.58375,2.7801,2.97995,3.18,3.38023,3.58062,3.78456,3.9906],"unit":"mW\/cm2"},"efficiency":{"unit":"%","value":14.9899},"I":{"unit":"A","value":[-0.4259191542288556,-0.6333793532338308,-0.8538507462686568,-0.9857848258706468,-1.0464278606965176,-1.0704701492537314,-1.0754179104477612,-1.068509950248756,-1.0555012437810947,-1.0364166666666665,-1.0133544776119403,-0.9887922885572141,-0.960450248756219,-0.9316840796019901,-0.9020398009950249,-0.8887835820895522,-0.8373706467661691,-0.8043930348258707,-0.7712014925373135,-0.738655472636816,-0.7140982587064677,-0.6822935323383085,-0.6361753731343284,-0.6020062189054727,-0.5679527363184079,-0.5346579601990049,-0.5055597014925373,-0.4667636815920398,-0.4341094527363184,-0.40177985074626865,-0.36944527363184076,-0.33701119402985075,-0.305431592039801,-0.27472014925373134,-0.24379104477611938,-0.21361442786069654,-0.18419527363184082,-0.15585074626865672,-0.12793905472636816,-0.10067400497512437,-0.07513320895522388,-0.04959278606965174,-0.024805845771144277,-0.0015281965174129353,0.020133457711442787,0.040717039800995024,0.06022375621890547,0.07875932835820895,0.09589452736318409,0.1117365671641791,0.12596268656716417,0.1388955223880597,0.15075,0.16109452736318408,0.1727313432835821,0.1801691542288557,0.18642164179104478,0.19288681592039802,0.19806094527363186,0.20290920398009948,0.2064651741293532,0.20948507462686566,0.21131716417910446,0.2141181592039801,0.21573507462686567,0.2176728855721393,0.22036940298507462,0.22273756218905472,0.22489552238805974,0.22618905472636816,0.22758955223880598,0.2286679104477612,0.22941915422885573,0.22974253731343283,0.23082089552238805,0.23082338308457712,0.2320087064676617,0.23222139303482586,0.2332997512437811,0.23384577114427862,0.23470024875621892,0.23491791044776117,0.235455223880597,0.23556716417910445,0.2355646766169154,0.2354589552238806,0.2361032338308458,0.2372898009950249,0.2376144278606965,0.23815174129353237,0.2376144278606965,0.23653233830845768,0.23685572139303482,0.23674751243781098,0.23696641791044776,0.23739676616915426,0.23858208955223878,0.23922885572139305,0.23976368159203984,0.23912189054726368,0.23955223880597018,0.24019900497512442,0.24009328358208956,0.24019900497512442,0.24030472636815917,0.24020149253731346,0.24041044776119402,0.24063059701492534,0.24127860696517414,0.2415995024875622,0.24170771144278608,0.24192288557213934,0.24300373134328362,0.24332462686567166,0.24396890547263686,0.24428731343283583,0.2440783582089552,0.243431592039801,0.24375497512437808,0.24311069651741293,0.24407587064676617,0.2432139303482587,0.2435422885572139,0.24472263681592038,0.24493656716417914,0.24547761194029852,0.24558333333333338,0.2461268656716418,0.2459129353233831,0.24569029850746268,0.2441865671641791,0.2445099502487562,0.24429228855721397,0.2465547263681592,0.24644776119402984,0.2453694029850746,0.24569776119402986,0.24515920398009952,0.24537189054726372,0.24698383084577114,0.24622885572139303,0.2465547263681592,0.246339552238806,0.2461268656716418,0.24645024875621888,0.246021144278607,0.24634203980099503,0.24601865671641795,0.24601616915422883,0.24677238805970145,0.246021144278607,0.24580348258706466,0.24634203980099503,0.246339552238806,0.24580099502487562,0.2459129353233831,0.24591044776119403,0.24634203980099503,0.2461243781094527,0.24623383084577116,0.24666542288557214,0.24698880597014927,0.24688059701492537,0.24720149253731344,0.24698880597014927,0.24709328358208954,0.24720149253731344,0.24730970149253734,0.24741666666666665,0.24774502487562192,0.24817164179104476]},"voc":{"unit":"V","value":1.0699988410116994},"jsc":{"unit":"mA\/cm2","value":19.7801},"fill_factor":{"unit":"%","value":70.82505907866877},"cell_dimension":{"value":0.0804,"unit":"cm2"},"sweep_direction":{"unit":"","value":"Reverse"},"key":"Reverse_REV BR23_230926"},{"V":{"value":[-0.2,-0.19,-0.18,-0.17,-0.16,-0.15,-0.14,-0.13,-0.12,-0.11,-0.1,-0.09,-0.08,-0.07,-0.06,-0.05,-0.04,-0.03,-0.02,-0.01,0,0.01,0.02,0.03,0.04,0.05,0.06,0.07,0.08,0.09,0.1,0.11,0.12,0.13,0.14,0.15,0.16,0.17,0.18,0.19,0.2,0.21,0.22,0.23,0.24,0.25,0.26,0.27,0.28,0.29,0.3,0.31,0.32,0.33,0.34,0.35,0.36,0.37,0.38,0.39,0.4,0.41,0.42,0.43,0.44,0.45,0.46,0.47,0.48,0.49,0.5,0.51,0.52,0.53,0.54,0.55,0.56,0.57,0.58,0.59,0.6,0.61,0.62,0.63,0.64,0.65,0.66,0.67,0.68,0.69,0.7,0.71,0.72,0.73,0.74,0.75,0.76,0.77,0.78,0.79,0.8,0.81,0.82,0.83,0.84,0.85,0.86,0.87,0.88,0.89,0.9,0.91,0.92,0.93,0.94,0.95,0.96,0.97,0.98,0.99,1,1.01,1.02,1.03,1.04,1.05,1.06,1.07,1.08,1.09,1.1,1.11,1.12,1.13,1.14,1.15,1.16,1.17,1.18,1.19,1.2,1.21,1.22,1.23,1.24,1.25,1.26,1.27,1.28,1.29,1.3,1.31,1.32,1.33,1.34,1.35,1.36,1.37,1.38,1.39,1.4,1.41,1.42,1.43,1.44,1.45,1.46,1.47,1.48,1.49,1.5],"unit":"V"},"J":{"value":[0.0198845,0.0197889,0.0197198,0.0196765,0.0196332,0.019581,0.0195637,0.0195032,0.019581,0.0194855,0.0194512,0.0193732,0.019373,0.019295200000000002,0.019260799999999998,0.019217300000000003,0.0192084,0.0191566,0.0191133,0.0190351,0.019008900000000002,0.0189309,0.0188705,0.018775200000000002,0.0187324,0.018654,0.018584399999999997,0.018549700000000002,0.018419699999999997,0.018307300000000002,0.0181775,0.018142600000000002,0.018004000000000003,0.017925999999999997,0.017821999999999998,0.017752900000000002,0.0176057,0.0175103,0.0174321,0.017293500000000003,0.0172153,0.0170685,0.0169902,0.0168517,0.0166698,0.0165653,0.016418500000000003,0.016314699999999998,0.0162105,0.016037199999999998,0.0159246,0.0158204,0.0156645,0.0155693,0.0154393,0.015318199999999999,0.0151622,0.0150496,0.014901999999999999,0.0147463,0.014564299999999999,0.0143822,0.0142086,0.0140531,0.0138795,0.013706099999999999,0.0135592,0.0133943,0.0131949,0.0130045,0.0128137,0.012623200000000001,0.012415200000000001,0.0122332,0.0120426,0.0118519,0.0116181,0.0114274,0.0111936,0.0110027,0.010794600000000001,0.010561,0.0103443,0.010119,0.00990235,0.00968583,0.00947778,0.009261160000000001,0.00905329,0.00883667,0.00860279,0.008386089999999999,0.00822137,0.00800475,0.00779672,0.0076235,0.00738955,0.00717293,0.00695624,0.00673975,0.00654906,0.00633244,0.0061331499999999995,0.005916579999999999,0.005734619999999999,0.0055525999999999995,0.005396690000000001,0.00520601,0.005006719999999999,0.00483347,0.00463413,0.00446083,0.0042702,0.00407958,0.0038629600000000004,0.0036636299999999998,0.00342971,0.0032304499999999997,0.0029704799999999997,0.00270189,0.00241595,0.00210399,0.00176605,0.00134149,0.0009429039999999999,0.000466337,-8.82119e-5,-0.0006860849999999999,-0.00130994,-0.00204648,-0.0028262900000000004,-0.00366678,-0.0045853000000000005,-0.00558165,-0.0066040299999999994,-0.00773043,-0.00890882,-0.0101481,-0.011491099999999999,-0.0128427,-0.014298700000000001,-0.0157714,-0.0173399,-0.018968699999999998,-0.0206325,-0.0223917,-0.0241675,-0.0260213,-0.0279283,-0.0299206,-0.0319831,-0.0340366,-0.0362025,-0.0384123,-0.0406734,-0.0429786,-0.045335,-0.0477534,-0.050196399999999995,-0.052691800000000004,-0.055230600000000005,-0.057830599999999996,-0.0604641,-0.06311549999999999,-0.0657589,-0.068497,-0.07120829999999999,-0.0739464,-0.0766852,-0.07948319999999999,-0.08227240000000001],"unit":"A\/cm2"},"P":{"value":[3.97689,3.7599,3.54957,3.345,3.14131,2.93715,2.73891,2.53542,2.34972,2.1434,1.94512,1.74359,1.54984,1.35067,1.15565,0.960863,0.768336,0.574698,0.382265,0.190351,0,-0.189309,-0.377409,-0.563255,-0.749295,-0.932701,-1.11506,-1.29848,-1.47358,-1.64765,-1.81775,-1.99569,-2.16048,-2.33038,-2.49508,-2.66293,-2.81692,-2.97674,-3.13778,-3.28576,-3.44306,-3.58439,-3.73784,-3.8759,-4.00074,-4.14132,-4.26881,-4.40496,-4.53895,-4.6508,-4.77737,-4.90434,-5.01263,-5.13787,-5.24938,-5.36136,-5.4584,-5.56834,-5.66275,-5.75105,-5.82573,-5.89671,-5.96763,-6.04283,-6.10699,-6.16774,-6.23722,-6.29532,-6.33353,-6.37221,-6.40687,-6.43785,-6.45588,-6.4836,-6.50299,-6.51857,-6.50614,-6.5136,-6.49231,-6.49158,-6.47677,-6.4422,-6.41344,-6.37495,-6.33751,-6.29579,-6.25533,-6.20497,-6.15624,-6.0973,-6.02196,-5.95412,-5.91939,-5.84347,-5.76957,-5.71762,-5.61606,-5.52315,-5.42587,-5.3244,-5.23925,-5.12927,-5.02918,-4.91076,-4.81708,-4.71971,-4.64115,-4.52923,-4.40591,-4.30179,-4.17072,-4.05936,-3.92859,-3.79401,-3.63118,-3.48045,-3.29253,-3.13354,-2.91107,-2.67488,-2.41595,-2.12503,-1.80137,-1.38173,-0.98062,-0.489654,0.0935046,0.734111,1.41473,2.23066,3.10892,4.07013,5.13553,6.30727,7.52859,8.89,10.3342,11.8732,13.5595,15.2828,17.1584,19.0834,21.1546,23.3315,25.5843,27.9896,30.451,33.047,35.7482,38.5976,41.578,44.588,47.7873,51.0884,54.5024,58.0212,61.6556,65.4221,69.271,73.2416,77.3228,81.5411,85.859,90.2551,94.6928,99.3206,103.964,108.701,113.494,118.43,123.409],"unit":"mW\/cm2"},"efficiency":{"unit":"%","value":6.51857},"I":{"unit":"A","value":[0.24731965174129353,0.2461305970149254,0.24527114427860697,0.24473258706467663,0.24419402985074626,0.243544776119403,0.24332960199004974,0.24257711442786067,0.243544776119403,0.24235696517412936,0.24193034825870646,0.24096019900497512,0.24095771144278608,0.2399900497512438,0.23956218905472634,0.23902114427860702,0.23891044776119405,0.23826616915422885,0.2377276119402985,0.2367549751243781,0.23642910447761198,0.2354589552238806,0.23470771144278604,0.23352238805970152,0.23299004975124377,0.23201492537313434,0.23114925373134326,0.23071766169154231,0.22910074626865667,0.22770273631840798,0.22608830845771144,0.22565422885572142,0.2239303482587065,0.2229601990049751,0.22166666666666665,0.22080721393034827,0.21897636815920396,0.21778980099502487,0.21681716417910446,0.2150932835820896,0.21412064676616915,0.21229477611940298,0.21132089552238806,0.20959825870646767,0.20733582089552238,0.20603606965174132,0.20421019900497517,0.2029191542288557,0.2016231343283582,0.19946766169154226,0.1980671641791045,0.19677114427860695,0.19483208955223882,0.19364800995024875,0.1920310945273632,0.19052487562189052,0.18858457711442786,0.18718407960199004,0.18534825870646765,0.18341169154228856,0.18114800995024874,0.1788830845771144,0.17672388059701494,0.1747898009950249,0.17263059701492536,0.1704738805970149,0.16864676616915422,0.1665957711442786,0.16411567164179106,0.16174751243781096,0.15937437810945274,0.15700497512437814,0.1544179104477612,0.15215422885572139,0.14978358208955225,0.14741169154228856,0.14450373134328356,0.1421318407960199,0.13922388059701493,0.1368495024875622,0.13426119402985076,0.1313557213930348,0.12866044776119404,0.12585820895522387,0.12316355721393035,0.12047052238805969,0.11788283582089552,0.11518855721393036,0.11260310945273633,0.10990883084577115,0.10699987562189056,0.10430460199004973,0.10225584577114429,0.0995615671641791,0.09697412935323384,0.09481965174129353,0.09190982587064676,0.0892155472636816,0.08652039800995025,0.08382773631840797,0.08145597014925372,0.07876169154228856,0.07628296019900498,0.07358930348258706,0.07132611940298507,0.06906218905472636,0.06712300995024877,0.06475136815920397,0.062272636815920386,0.06011778606965174,0.0576384328358209,0.05548296019900498,0.053111940298507465,0.050741044776119404,0.04804676616915424,0.045567537313432833,0.042658084577114425,0.0401797263681592,0.036946268656716415,0.033605597014925374,0.030049129353233832,0.02616902985074627,0.021965796019900497,0.016685199004975126,0.011727661691542287,0.0058002114427860695,-0.001097162935323383,-0.008533395522388059,-0.016292786069651743,-0.02545373134328358,-0.03515286069651742,-0.04560671641791045,-0.05703109452736319,-0.06942350746268657,-0.08213967661691542,-0.09614962686567165,-0.11080621890547264,-0.12622014925373135,-0.14292412935323381,-0.15973507462686568,-0.1778445273631841,-0.19616169154228857,-0.21567039800995022,-0.23592910447761192,-0.2566231343283582,-0.2785037313432836,-0.3005907960199005,-0.3236480099502488,-0.34736691542288556,-0.3721467661691542,-0.3977997512437811,-0.4233407960199005,-0.45027985074626864,-0.47776492537313436,-0.5058880597014925,-0.5345597014925373,-0.5638681592039801,-0.5939477611940299,-0.6243333333333333,-0.6553706467661692,-0.6869477611940299,-0.7192860696517412,-0.7520410447761194,-0.7850186567164178,-0.8178967661691542,-0.851952736318408,-0.8856753731343282,-0.9197313432835821,-0.9537960199004974,-0.988597014925373,-1.0232885572139305]},"voc":{"unit":"V","value":1.0499955986580107},"jsc":{"unit":"mA\/cm2","value":19.0089},"fill_factor":{"unit":"%","value":32.65937496625368},"cell_dimension":{"value":0.0804,"unit":"cm2"},"sweep_direction":{"unit":"","value":"Forward"},"key":"Forward_FWD4 BR23_230926"},{"V":{"value":[-0.2,-0.19,-0.18,-0.17,-0.16,-0.15,-0.14,-0.13,-0.12,-0.11,-0.1,-0.09,-0.08,-0.07,-0.06,-0.05,-0.04,-0.03,-0.02,-0.01,0,0.01,0.02,0.03,0.04,0.05,0.06,0.07,0.08,0.09,0.1,0.11,0.12,0.13,0.14,0.15,0.16,0.17,0.18,0.19,0.2,0.21,0.22,0.23,0.24,0.25,0.26,0.27,0.28,0.29,0.3,0.31,0.32,0.33,0.34,0.35,0.36,0.37,0.38,0.39,0.4,0.41,0.42,0.43,0.44,0.45,0.46,0.47,0.48,0.49,0.5,0.51,0.52,0.53,0.54,0.55,0.56,0.57,0.58,0.59,0.6,0.61,0.62,0.63,0.64,0.65,0.66,0.67,0.68,0.69,0.7,0.71,0.72,0.73,0.74,0.75,0.76,0.77,0.78,0.79,0.8,0.81,0.82,0.83,0.84,0.85,0.86,0.87,0.88,0.89,0.9,0.91,0.92,0.93,0.94,0.95,0.96,0.97,0.98,0.99,1,1.01,1.02,1.03,1.04,1.05,1.06,1.07,1.08,1.09,1.1,1.11,1.12,1.13,1.14,1.15,1.16,1.17,1.18,1.19,1.2,1.21,1.22,1.23,1.24,1.25,1.26,1.27,1.28,1.29,1.3,1.31,1.32,1.33,1.34,1.35,1.36,1.37,1.38,1.39,1.4,1.41,1.42,1.43,1.44,1.45,1.46,1.47,1.48,1.49,1.5],"unit":"V"},"J":{"value":[0.0201099,0.0201097,0.0200485,0.0200231,0.019962399999999998,0.0199451,0.0199969,0.0199538,0.019954,0.019927800000000002,0.0198065,0.019824,0.0197458,0.019642,0.0197021,0.0197196,0.0195897,0.0195635,0.0194597,0.019399200000000002,0.0193469,0.0192431,0.0191219,0.019035299999999998,0.018966,0.018861999999999997,0.018766500000000002,0.0187493,0.0186708,0.0185154,0.0184804,0.0183421,0.0182551,0.0181686,0.0180562,0.0179865,0.0178655,0.017761399999999997,0.017648900000000002,0.0175709,0.0174059,0.017198699999999997,0.0171203,0.017050899999999997,0.016937999999999998,0.016756399999999998,0.01654,0.0163143,0.0161155,0.016002600000000002,0.0159073,0.0158031,0.0156734,0.0155172,0.0153094,0.0151449,0.0149453,0.014746,0.0145207,0.0143562,0.0141397,0.013931599999999999,0.0137234,0.0135069,0.0132991,0.013091100000000001,0.012857200000000001,0.0126404,0.0124326,0.0121987,0.012016299999999999,0.011800000000000001,0.0115832,0.011340600000000001,0.0111068,0.0108644,0.010613,0.0103789,0.0101449,0.0098935,0.00968583,0.009451689999999999,0.00917451,0.00894056,0.00866328,0.008438079999999999,0.008178050000000001,0.00796151,0.00777088,0.00756299,0.00736355,0.00712094,0.00686099,0.006644440000000001,0.00641055,0.006185260000000001,0.00599457,0.005795219999999999,0.00559593,0.00543135,0.0052493800000000005,0.00504133,0.00486817,0.00468616,0.00450416,0.00434823,0.004192179999999999,0.00399293,0.00383692,0.00365496,0.00349907,0.00332577,0.00322173,0.0030745200000000003,0.00292712,0.00278849,0.00261524,0.00245061,0.0022686,0.00207802,0.00186138,0.0016014299999999998,0.0013674800000000001,0.0010642199999999998,0.0007696140000000001,0.00039701799999999996,-1.8894000000000002e-5,-0.00047813,-0.000997999,-0.00153524,-0.00217643,-0.00289564,-0.00359743,-0.00443791,-0.00533914,-0.0062575,-0.00727987,-0.00833712,-0.009454879999999999,-0.010624499999999999,-0.0118724,-0.0131286,-0.014471999999999999,-0.0157974,-0.0172361,-0.0186825,-0.0201644,-0.021689399999999998,-0.023292100000000003,-0.024921600000000002,-0.026585499999999998,-0.0282659,-0.0300679,-0.0318878,-0.033724699999999996,-0.035657299999999996,-0.0375722,-0.0396081,-0.041669899999999996,-0.0438538,-0.046080199999999995,-0.0483681,-0.0507071,-0.0531153,-0.0555604,-0.058064500000000005,-0.0606299,-0.0632888,-0.0659408,-0.06861830000000001,-0.07132959999999999],"unit":"A\/cm2"},"P":{"value":[4.02199,3.82085,3.60873,3.40392,3.19399,2.99177,2.79957,2.59399,2.39448,2.19206,1.98065,1.78416,1.57966,1.37494,1.18213,0.985981,0.783586,0.586904,0.389194,0.193992,0,-0.192431,-0.382439,-0.571059,-0.758639,-0.943099,-1.12599,-1.31245,-1.49367,-1.66639,-1.84804,-2.01763,-2.19061,-2.36192,-2.52786,-2.69797,-2.85848,-3.01943,-3.1768,-3.33847,-3.48119,-3.61172,-3.76647,-3.9217,-4.06513,-4.1891,-4.30039,-4.40487,-4.51235,-4.64074,-4.77218,-4.89897,-5.0155,-5.12067,-5.20518,-5.30071,-5.38031,-5.45602,-5.51787,-5.59893,-5.6559,-5.71197,-5.76384,-5.80798,-5.85161,-5.89101,-5.91431,-5.94101,-5.96765,-5.97734,-6.00817,-6.01798,-6.02328,-6.01052,-5.99765,-5.9754,-5.94327,-5.91599,-5.88403,-5.83716,-5.8115,-5.76553,-5.68819,-5.63255,-5.5445,-5.48475,-5.39751,-5.33421,-5.2842,-5.21846,-5.15449,-5.05587,-4.93992,-4.85044,-4.7438,-4.63894,-4.55587,-4.46232,-4.36482,-4.29076,-4.19951,-4.08347,-3.9919,-3.88952,-3.78349,-3.696,-3.60528,-3.47385,-3.37649,-3.25292,-3.14916,-3.02645,-2.96399,-2.8593,-2.7515,-2.64906,-2.51064,-2.37709,-2.22323,-2.05724,-1.86138,-1.61745,-1.39483,-1.09615,-0.800399,-0.416869,0.0200276,0.511599,1.07784,1.67341,2.39408,3.21416,4.02912,5.01484,6.08662,7.19613,8.44465,9.75443,11.1568,12.6432,14.2468,15.8856,17.6558,19.4308,21.3727,23.3532,25.4071,27.5455,29.8139,32.1488,34.5611,37.0284,39.6896,42.4108,45.1911,48.1373,51.0982,54.263,57.5044,60.9568,64.5122,68.199,72.0041,75.9549,80.0069,84.1935,88.5196,93.0345,97.5924,102.241,106.994],"unit":"mW\/cm2"},"efficiency":{"unit":"%","value":6.02328},"I":{"unit":"A","value":[0.2501231343283582,0.2501206467661692,0.2493594527363184,0.24904353233830845,0.24828855721393034,0.24807338308457713,0.2487176616915423,0.248181592039801,0.24818407960199004,0.24785820895522392,0.2463495024875622,0.2465671641791045,0.2455945273631841,0.24430348258706466,0.24505099502487562,0.24526865671641793,0.24365298507462688,0.2433271144278607,0.2420360696517413,0.24128358208955225,0.24063308457711444,0.23934203980099503,0.23783457711442788,0.23675746268656714,0.23589552238805972,0.2346019900497512,0.23341417910447765,0.23320024875621892,0.23222388059701493,0.23029104477611942,0.22985572139303484,0.2281355721393035,0.22705348258706468,0.2259776119402985,0.22457960199004978,0.22371268656716417,0.22220771144278606,0.22091293532338305,0.21951368159203982,0.21854353233830848,0.21649129353233829,0.21391417910447758,0.21293905472636818,0.21207587064676614,0.21067164179104475,0.20841293532338306,0.20572139303482587,0.20291417910447762,0.20044154228855723,0.19903731343283584,0.19785199004975124,0.19655597014925374,0.19494278606965176,0.193,0.19041542288557214,0.18836940298507462,0.18588681592039802,0.183407960199005,0.18060572139303482,0.1785597014925373,0.17586691542288557,0.1732786069651741,0.17068905472636817,0.16799626865671644,0.16541169154228855,0.16282462686567167,0.15991542288557214,0.1572189054726368,0.15463432835820895,0.15172512437810945,0.14945646766169152,0.14676616915422888,0.14406965174129355,0.14105223880597018,0.13814427860696518,0.13512935323383085,0.13200248756218905,0.1290907960199005,0.12618034825870647,0.12305348258706467,0.12047052238805969,0.11755833333333332,0.1141108208955224,0.11120099502487563,0.10775223880597015,0.10495124378109451,0.10171703980099504,0.09902375621890547,0.09665273631840796,0.09406703980099503,0.09158644278606966,0.08856890547263682,0.08533569651741293,0.08264228855721394,0.07973320895522389,0.07693109452736319,0.07455932835820896,0.07207985074626864,0.06960111940298508,0.06755410447761194,0.06529079601990051,0.06270310945273631,0.06054937810945273,0.058285572139303486,0.056021890547263684,0.05408246268656716,0.052141542288557205,0.049663308457711434,0.04772288557213931,0.045459701492537315,0.04352077114427861,0.041365298507462685,0.04007126865671642,0.03824029850746269,0.036406965174129356,0.03468271144278607,0.03252786069651741,0.030480223880597016,0.02821641791044776,0.02584601990049751,0.023151492537313433,0.01991828358208955,0.017008457711442788,0.013236567164179102,0.009572313432835822,0.004938034825870646,-0.00023500000000000002,-0.005946890547263682,-0.01241292288557214,-0.01909502487562189,-0.027070024875621893,-0.03601542288557214,-0.04474415422885572,-0.0551978855721393,-0.06640721393034826,-0.07782960199004975,-0.09054564676616915,-0.10369552238805971,-0.11759800995024874,-0.13214552238805968,-0.14766666666666667,-0.16329104477611942,-0.18,-0.19648507462686568,-0.21437935323383087,-0.23236940298507464,-0.25080099502487563,-0.26976865671641787,-0.289702736318408,-0.3099701492537314,-0.3306654228855721,-0.35156592039800993,-0.37397885572139306,-0.3966144278606965,-0.4194614427860696,-0.44349875621890544,-0.46731592039800995,-0.49263805970149255,-0.5182823383084577,-0.5454452736318408,-0.573136815920398,-0.6015932835820895,-0.6306853233830846,-0.6606380597014925,-0.6910497512437811,-0.7221952736318409,-0.7541032338308458,-0.7871741293532339,-0.8201592039800994,-0.8534614427860697,-0.88718407960199]},"voc":{"unit":"V","value":1.0499962531438025},"jsc":{"unit":"mA\/cm2","value":19.3469},"fill_factor":{"unit":"%","value":29.650629367503917},"cell_dimension":{"value":0.0804,"unit":"cm2"},"sweep_direction":{"unit":"","value":"Forward"},"key":"Forward_FWD3 BR23_230926"},{"V":{"value":[-0.2,-0.19,-0.18,-0.17,-0.16,-0.15,-0.14,-0.13,-0.12,-0.11,-0.1,-0.09,-0.08,-0.07,-0.06,-0.05,-0.04,-0.03,-0.02,-0.01,0,0.01,0.02,0.03,0.04,0.05,0.06,0.07,0.08,0.09,0.1,0.11,0.12,0.13,0.14,0.15,0.16,0.17,0.18,0.19,0.2,0.21,0.22,0.23,0.24,0.25,0.26,0.27,0.28,0.29,0.3,0.31,0.32,0.33,0.34,0.35,0.36,0.37,0.38,0.39,0.4,0.41,0.42,0.43,0.44,0.45,0.46,0.47,0.48,0.49,0.5,0.51,0.52,0.53,0.54,0.55,0.56,0.57,0.58,0.59,0.6,0.61,0.62,0.63,0.64,0.65,0.66,0.67,0.68,0.69,0.7,0.71,0.72,0.73,0.74,0.75,0.76,0.77,0.78,0.79,0.8,0.81,0.82,0.83,0.84,0.85,0.86,0.87,0.88,0.89,0.9,0.91,0.92,0.93,0.94,0.95,0.96,0.97,0.98,0.99,1,1.01,1.02,1.03,1.04,1.05,1.06,1.07,1.08,1.09,1.1,1.11,1.12,1.13,1.14,1.15,1.16,1.17,1.18,1.19,1.2,1.21,1.22,1.23,1.24,1.25,1.26,1.27,1.28,1.29,1.3,1.31,1.32,1.33,1.34,1.35,1.36,1.37,1.38,1.39,1.4,1.41,1.42,1.43,1.44,1.45,1.46,1.47,1.48,1.49,1.5],"unit":"V"},"J":{"value":[0.020204899999999998,0.020204899999999998,0.020135300000000002,0.020117999999999997,0.0200749,0.020040400000000003,0.0200664,0.020005600000000002,0.0199538,0.0199709,0.0199621,0.0199191,0.019798,0.0197629,0.019736999999999998,0.0196326,0.019581,0.0195461,0.0194685,0.019459900000000002,0.0194252,0.0193644,0.0193384,0.019286400000000002,0.0191477,0.0191826,0.0191734,0.019069600000000003,0.018974599999999998,0.0188705,0.0187667,0.018732,0.0186452,0.0186019,0.018506699999999997,0.018454699999999997,0.0183856,0.0182813,0.018177099999999998,0.0180906,0.0179865,0.0178484,0.017761500000000003,0.0176229,0.017510400000000002,0.017380299999999998,0.017233000000000002,0.017120200000000002,0.0170249,0.0168951,0.0167652,0.0166351,0.0165396,0.0163751,0.0162537,0.0160979,0.0159681,0.0158033,0.0156298,0.0154825,0.0153267,0.0151537,0.015023400000000001,0.0148589,0.0146943,0.0145207,0.0143561,0.0141915,0.014035299999999999,0.0138363,0.0136282,0.013463699999999999,0.013273,0.0130479,0.0128224,0.0125886,0.012302500000000001,0.0120859,0.0118694,0.011687300000000001,0.0114879,0.0112975,0.0110809,0.010898699999999999,0.0106563,0.0104397,0.0102142,0.0099891,0.009789899999999999,0.00957318,0.0093478,0.00910519,0.00887124,0.00862862,0.00838617,0.00814347,0.007900850000000001,0.00766697,0.00747627,0.00724225,0.00700836,0.0068089399999999994,0.0065837199999999995,0.0063671,0.00615914,0.005942459999999999,0.005725839999999999,0.0055266099999999995,0.005344649999999999,0.00512807,0.00494606,0.00473806,0.00453886,0.00434815,0.004140189999999999,0.0038629600000000004,0.003655,0.00342105,0.00323039,0.00296184,0.00270187,0.00238996,0.00206071,0.00171407,0.00131552,0.0009169089999999999,0.00043168600000000003,-6.22177e-5,-0.000660091,-0.0012579499999999999,-0.0019511300000000001,-0.00273096,-0.00351941,-0.00438592,-0.0053564699999999995,-0.00633555,-0.0074185,-0.00851908,-0.00972349,-0.0109365,-0.0122623,-0.0135793,-0.014974399999999999,-0.0164386,-0.017946200000000002,-0.0194714,-0.021100400000000002,-0.0227469,-0.0244193,-0.026125699999999998,-0.0278931,-0.0297906,-0.0316619,-0.0335944,-0.035579700000000006,-0.0375888,-0.0396687,-0.0417569,-0.0439231,-0.046150399999999994,-0.0483763,-0.0506556,-0.0529696,-0.055334600000000005,-0.057726,-0.060116300000000004,-0.0625702,-0.065057,-0.0675785,-0.0707838,-0.07359109999999999],"unit":"A\/cm2"},"P":{"value":[4.04097,3.83892,3.62436,3.42006,3.21198,3.00606,2.8093,2.60072,2.39445,2.1968,1.99621,1.79272,1.58384,1.38341,1.18422,0.98163,0.783239,0.586384,0.389371,0.194599,0,-0.193644,-0.386767,-0.578591,-0.76591,-0.959129,-1.1504,-1.33487,-1.51797,-1.69834,-1.87667,-2.06052,-2.23742,-2.41824,-2.59094,-2.76821,-2.9417,-3.10781,-3.27188,-3.43722,-3.5973,-3.74816,-3.90754,-4.05327,-4.2025,-4.34507,-4.48058,-4.62245,-4.76696,-4.89956,-5.02957,-5.15688,-5.29268,-5.4038,-5.52625,-5.63426,-5.7485,-5.84721,-5.93933,-6.03818,-6.13068,-6.21301,-6.30984,-6.38935,-6.46549,-6.53432,-6.6038,-6.66998,-6.73697,-6.7798,-6.81412,-6.86651,-6.90195,-6.91541,-6.9241,-6.92372,-6.88941,-6.88896,-6.88425,-6.89551,-6.89275,-6.89148,-6.87015,-6.86618,-6.82003,-6.78579,-6.74136,-6.6927,-6.65713,-6.6055,-6.54346,-6.46468,-6.38729,-6.29889,-6.20577,-6.1076,-6.00465,-5.90357,-5.83149,-5.72138,-5.60669,-5.51524,-5.39865,-5.28469,-5.17368,-5.05109,-4.92422,-4.80815,-4.70329,-4.56399,-4.45146,-4.31163,-4.17575,-4.04378,-3.89178,-3.66981,-3.5088,-3.31842,-3.16578,-2.93222,-2.70187,-2.41386,-2.10192,-1.7655,-1.36814,-0.962755,-0.457587,0.0665729,0.712898,1.37117,2.14624,3.03136,3.94174,4.95609,6.10638,7.28588,8.60546,9.96732,11.4737,13.0144,14.7147,16.431,18.2687,20.2194,22.2533,24.3393,26.5865,28.8886,31.2566,33.7022,36.261,39.0257,41.7937,44.6806,47.6767,50.7449,53.9495,57.207,60.6139,64.149,67.7268,71.4244,75.2168,79.1284,83.1255,87.1686,91.3525,95.6338,100.016,105.468,110.387],"unit":"mW\/cm2"},"efficiency":{"unit":"%","value":6.9241},"I":{"unit":"A","value":[0.2513047263681592,0.2513047263681592,0.2504390547263682,0.2502238805970149,0.24968781094527362,0.24925870646766174,0.24958208955223882,0.2488258706467662,0.248181592039801,0.24839427860696517,0.24828482587064676,0.24775,0.24624378109452735,0.24580721393034827,0.24548507462686564,0.2441865671641791,0.243544776119403,0.24311069651741293,0.2421455223880597,0.2420385572139304,0.24160696517412936,0.2408507462686567,0.24052736318407958,0.2398805970149254,0.2381554726368159,0.23858955223880599,0.23847512437810944,0.2371840796019901,0.23600248756218903,0.23470771144278604,0.2334166666666667,0.23298507462686566,0.23190547263681593,0.2313669154228856,0.2301828358208955,0.22953606965174125,0.22867661691542288,0.22737935323383085,0.2260833333333333,0.22500746268656716,0.22371268656716417,0.2219950248756219,0.22091417910447766,0.2191902985074627,0.21779104477611944,0.2161728855721393,0.21434079601990053,0.21293781094527367,0.21175248756218903,0.21013805970149255,0.2085223880597015,0.2069042288557214,0.20571641791044779,0.20367039800995027,0.20216044776119402,0.20022263681592037,0.19860820895522388,0.19655845771144279,0.1944004975124378,0.192568407960199,0.19063059701492538,0.18847885572139306,0.1868582089552239,0.18481218905472638,0.18276492537313432,0.18060572139303482,0.1785584577114428,0.17651119402985074,0.17456840796019898,0.17209328358208956,0.16950497512437812,0.16745895522388057,0.1650870646766169,0.1622873134328358,0.1594825870646766,0.15657462686567164,0.15301616915422886,0.1503221393034826,0.14762935323383086,0.14536442786069653,0.14288432835820897,0.14051616915422885,0.13782213930348258,0.13555597014925372,0.13254104477611942,0.12984701492537312,0.12704228855721392,0.12424253731343285,0.12176492537313431,0.11906940298507464,0.11626616915422885,0.11324863184079603,0.11033880597014926,0.10732114427860696,0.10430559701492538,0.10128694029850746,0.09826927860696519,0.09536032338308459,0.0929884328358209,0.09007773631840797,0.08716865671641791,0.08468830845771144,0.08188706467661691,0.07919278606965174,0.07660621890547263,0.07391119402985073,0.07121691542288557,0.0687389303482587,0.06647574626865671,0.06378196517412936,0.061518159203980106,0.05893109452736318,0.056453482587064674,0.05408146766169154,0.05149490049751243,0.04804676616915424,0.045460199004975124,0.04255037313432836,0.040178980099502486,0.036838805970149255,0.033605348258706466,0.02972587064676617,0.025630721393034826,0.021319278606965177,0.01636218905472637,0.0114043407960199,0.005369228855721393,-0.0007738519900497513,-0.008210087064676618,-0.015646144278606965,-0.024267786069651742,-0.03396716417910448,-0.043773756218905474,-0.05455124378109452,-0.06662276119402985,-0.07880037313432836,-0.09226990049751244,-0.10595870646766169,-0.1209389303482587,-0.13602611940298506,-0.15251616915422886,-0.16889676616915425,-0.18624875621890546,-0.20446019900497514,-0.2232114427860697,-0.242181592039801,-0.26244278606965177,-0.2829216417910448,-0.30372263681592043,-0.3249465174129353,-0.34692910447761194,-0.37052985074626865,-0.3938047263681592,-0.41784079601990054,-0.4425335820895523,-0.4675223880597015,-0.49339179104477615,-0.5193644278606965,-0.5463072139303483,-0.5740099502487561,-0.6016952736318407,-0.630044776119403,-0.6588258706467661,-0.6882412935323384,-0.7179850746268657,-0.7477151741293533,-0.7782363184079603,-0.8091666666666667,-0.8405286069651742,-0.8803955223880596,-0.9153121890547263]},"voc":{"unit":"V","value":1.0599959639230674},"jsc":{"unit":"mA\/cm2","value":19.4252},"fill_factor":{"unit":"%","value":33.627425629770755},"cell_dimension":{"value":0.0804,"unit":"cm2"},"sweep_direction":{"unit":"","value":"Forward"},"key":"Forward_FWD2 BR23_230926"},{"V":{"value":[-0.2,-0.19,-0.18,-0.17,-0.16,-0.15,-0.14,-0.13,-0.12,-0.11,-0.1,-0.09,-0.08,-0.07,-0.06,-0.05,-0.04,-0.03,-0.02,-0.01,0,0.01,0.02,0.03,0.04,0.05,0.06,0.07,0.08,0.09,0.1,0.11,0.12,0.13,0.14,0.15,0.16,0.17,0.18,0.19,0.2,0.21,0.22,0.23,0.24,0.25,0.26,0.27,0.28,0.29,0.3,0.31,0.32,0.33,0.34,0.35,0.36,0.37,0.38,0.39,0.4,0.41,0.42,0.43,0.44,0.45,0.46,0.47,0.48,0.49,0.5,0.51,0.52,0.53,0.54,0.55,0.56,0.57,0.58,0.59,0.6,0.61,0.62,0.63,0.64,0.65,0.66,0.67,0.68,0.69,0.7,0.71,0.72,0.73,0.74,0.75,0.76,0.77,0.78,0.79,0.8,0.81,0.82,0.83,0.84,0.85,0.86,0.87,0.88,0.89,0.9,0.91,0.92,0.93,0.94,0.95,0.96,0.97,0.98,0.99,1,1.01,1.02,1.03,1.04,1.05,1.06,1.07,1.08,1.09,1.1,1.11,1.12,1.13,1.14,1.15,1.16,1.17,1.18,1.19,1.2,1.21,1.22,1.23,1.24,1.25,1.26,1.27,1.28,1.29,1.3,1.31,1.32,1.33,1.34,1.35,1.36,1.37,1.38,1.39,1.4,1.41,1.42,1.43,1.44,1.45,1.46,1.47,1.48,1.49,1.5],"unit":"V"},"J":{"value":[0.019823399999999998,0.0197712,0.0197537,0.0197017,0.019667300000000002,0.019676100000000002,0.0196846,0.019641600000000002,0.0197452,0.019736999999999998,0.019701899999999998,0.019659,0.0196413,0.0196068,0.019589500000000003,0.019537299999999997,0.0195631,0.019563300000000002,0.019545899999999998,0.019494,0.0195458,0.019502600000000002,0.0195113,0.0195115,0.0194331,0.0193813,0.0193382,0.0192689,0.019208,0.019121600000000002,0.0190347,0.0190086,0.0189309,0.0188961,0.018826799999999998,0.0188183,0.0187663,0.01874,0.0186795,0.0185842,0.018506,0.0184195,0.0183416,0.0182984,0.0182202,0.018159199999999997,0.018081600000000003,0.0180643,0.0152569,0.014191200000000001,0.0155167,0.015612299999999999,0.015317399999999998,0.0144687,0.014840899999999999,0.014771900000000001,0.015577500000000001,0.014737199999999999,0.0157336,0.016088599999999998,0.0161755,0.0161151,0.016054099999999998,0.016807700000000002,0.016738399999999997,0.0166864,0.0166,0.016496,0.0164267,0.0163487,0.016262000000000002,0.0161841,0.016027899999999998,0.0158983,-0.0313586,0.015196300000000001,0.015239599999999999,0.015239599999999999,0.0151096,0.0149967,0.0148407,0.0146763,0.014494300000000002,0.0143386,0.014156499999999999,0.0139571,0.013766500000000001,0.0135327,0.0133591,0.0131425,0.0129348,0.0127181,0.012466900000000001,0.012232699999999999,0.0119902,0.0117911,0.011617800000000001,0.0114097,0.011193199999999999,0.010915900000000001,0.0106647,0.0103959,0.0101448,0.00991092,0.00963346,0.00937371,0.00911368,0.00879317,0.00848124,0.00818648,-0.141095,-0.158336,-0.159255,-0.16122999999999998,-0.166491,-0.171905,-0.17388900000000002,-0.175144,-0.177261,-0.171524,-0.181018,-0.184501,-0.18431899999999998,-0.185777,-0.191762,-0.19238999999999998,-0.193828,-0.19961600000000002,-0.200515,-0.199486,-0.187154,-0.211205,-0.214629,-0.215894,-0.218479,-0.221266,-0.223192,-0.22314699999999998,-0.223075,-0.210455,-0.221697,-0.222555,-0.231326,-0.22775,-0.217933,-0.233041,-0.234317,-0.206095,-0.209667,-0.209615,-0.21637299999999998,-0.203612,-0.22728800000000002,-0.239328,-0.23751499999999998,-0.233076,-0.22096100000000002,-0.221275,-0.223478,-0.224988,-0.235485,-0.222081,-0.214792,-0.249504,-0.246827,-0.244071,-0.240374,-0.247087,-0.253717,-0.250396,-0.249368],"unit":"A\/cm2"},"P":{"value":[3.96468,3.75653,3.55567,3.34929,3.14676,2.95142,2.75584,2.55341,2.36943,2.17106,1.97019,1.76931,1.5713,1.37248,1.17537,0.976864,0.782523,0.586898,0.390919,0.19494,0,-0.195026,-0.390226,-0.585344,-0.777325,-0.969066,-1.16029,-1.34882,-1.53664,-1.72094,-1.90347,-2.09094,-2.27171,-2.45649,-2.63575,-2.82274,-3.00261,-3.18579,-3.36231,-3.53099,-3.7012,-3.8681,-4.03514,-4.20863,-4.37286,-4.53981,-4.70122,-4.87736,-4.27194,-4.11544,-4.65501,-4.83982,-4.90158,-4.77468,-5.0459,-5.17015,-5.60791,-5.45276,-5.97878,-6.27455,-6.47022,-6.60717,-6.74271,-7.22733,-7.36491,-7.5089,-7.63598,-7.75311,-7.8848,-8.01085,-8.13102,-8.25387,-8.33453,-8.42608,16.9337,-8.35795,-8.53418,-8.68657,-8.76358,-8.84806,-8.90444,-8.95252,-8.98647,-9.03333,-9.06017,-9.07211,-9.08587,-9.06688,-9.08419,-9.06832,-9.05436,-9.02982,-8.97617,-8.92989,-8.87277,-8.8433,-8.8295,-8.78547,-8.73069,-8.62358,-8.53172,-8.42072,-8.31871,-8.22607,-8.09211,-7.96765,-7.83776,-7.65006,-7.46349,-7.28596,126.986,144.086,146.514,149.944,156.502,163.31,166.933,169.889,173.716,169.808,181.018,186.346,188.006,191.35,199.432,202.009,205.458,213.589,216.556,217.44,205.87,234.437,240.385,243.961,249.066,254.456,258.903,261.082,263.229,250.442,266.037,269.292,282.218,280.132,270.237,291.302,295.24,261.741,268.373,270.403,281.285,266.732,300.02,318.306,318.27,314.653,300.507,303.147,308.4,312.733,329.679,313.134,305.005,356.791,355.43,353.903,350.946,363.217,375.502,373.091,374.052],"unit":"mW\/cm2"},"efficiency":{"unit":"%","value":9.08587},"I":{"unit":"A","value":[0.24655970149253728,0.24591044776119403,0.24569278606965173,0.2450460199004975,0.24461815920398014,0.24472761194029855,0.24483333333333335,0.2442985074626866,0.24558706467661692,0.24548507462686564,0.24504850746268655,0.24451492537313432,0.244294776119403,0.24386567164179104,0.24365049751243784,0.2430012437810945,0.2433221393034826,0.24332462686567166,0.24310820895522386,0.2424626865671642,0.24310696517412933,0.24256965174129355,0.2426778606965174,0.2426803482587065,0.241705223880597,0.24106094527363184,0.24052487562189054,0.23966293532338306,0.2389054726368159,0.2378308457711443,0.23675000000000002,0.23642537313432838,0.2354589552238806,0.23502611940298507,0.2341641791044776,0.2340584577114428,0.23341169154228855,0.23308457711442787,0.23233208955223883,0.23114676616915422,0.23017412935323386,0.22909825870646763,0.22812935323383085,0.22759203980099502,0.2266194029850746,0.2258606965174129,0.22489552238805974,0.22468034825870645,0.1897624378109453,0.17650746268656717,0.19299378109452736,0.19418283582089552,0.1905149253731343,0.17995895522388058,0.18458830845771143,0.1837300995024876,0.19375,0.18329850746268656,0.19569154228855723,0.20010696517412932,0.20118781094527363,0.2004365671641791,0.19967786069651738,0.20905099502487565,0.20818905472636812,0.20754228855721393,0.2064676616915423,0.20517412935323384,0.20431218905472637,0.20334203980099502,0.20226368159203983,0.201294776119403,0.1993519900497512,0.1977400497512438,-0.39003233830845774,0.1890087064676617,0.18954726368159203,0.18954726368159203,0.18793034825870647,0.18652611940298508,0.1845858208955224,0.1825410447761194,0.18027736318407964,0.1783407960199005,0.17607587064676616,0.1735957711442786,0.17122512437810947,0.16831716417910447,0.16615796019900497,0.1634639303482587,0.16088059701492538,0.15818532338308458,0.15506094527363184,0.15214800995024874,0.1491318407960199,0.14665547263681594,0.14450000000000002,0.14191169154228855,0.1392189054726368,0.13576990049751245,0.13264552238805968,0.12930223880597014,0.12617910447761194,0.12327014925373135,0.11981915422885572,0.1165884328358209,0.1133542288557214,0.10936778606965174,0.10548805970149253,0.10182189054726368,-1.754912935323383,-1.969353233830846,-1.9807835820895523,-2.0053482587064675,-2.070783582089552,-2.138121890547264,-2.162798507462687,-2.1784079601990047,-2.204738805970149,-2.1333830845771145,-2.2514676616915423,-2.29478855721393,-2.2925248756218903,-2.3106592039800993,-2.385099502487562,-2.392910447761194,-2.4107960199004976,-2.4827860696517416,-2.4939676616915425,-2.481169154228856,-2.327786069651741,-2.6269278606965174,-2.669514925373134,-2.6852487562189054,-2.717400497512438,-2.7520646766169152,-2.7760199004975123,-2.775460199004975,-2.774564676616915,-2.6175995024875625,-2.7574253731343283,-2.7680970149253734,-2.8771890547263683,-2.83271144278607,-2.7106094527363185,-2.8985199004975124,-2.9143905472636815,-2.563370646766169,-2.6077985074626864,-2.6071517412935323,-2.6912064676616914,-2.5324875621890546,-2.8269651741293536,-2.976716417910448,-2.9541666666666666,-2.898955223880597,-2.748271144278607,-2.7521766169154227,-2.7795771144278607,-2.7983582089552237,-2.9289179104477614,-2.7622014925373133,-2.671542288557214,-3.1032835820895524,-3.0699875621890547,-3.035708955223881,-2.989726368159204,-3.0732213930348258,-3.1556840796019903,-3.1143781094527365,-3.101592039800995]},"voc":{"unit":"V","value":0.889908204127697},"jsc":{"unit":"mA\/cm2","value":19.5458},"fill_factor":{"unit":"%","value":52.23575274418793},"cell_dimension":{"value":0.0804,"unit":"cm2"},"sweep_direction":{"unit":"","value":"Forward"},"key":"Forward_FWD BR23_230926"}]}}