{"_id":"656713937964ad10715fd359","id":"CNU_HEMD-SC-00160","author":112,"group":9,"input":[{"tco":{"unit":null,"value":"ITO"}},{"etl":[{"material":{"unit":null,"value":"SnCl2\u22192H2O"},"concentration":{"unit":null,"value":"7.5"},"conc_unit":{"unit":null,"value":"mg\/ml"},"quantity":{"unit":"ml","value":"0.1"}}],"solvent":[{"material":{"unit":null,"value":"IPA"},"volume":{"unit":"ml","value":"1"}}],"spin_coating":[{"type":{"unit":null,"value":"drop&run"},"rpm":{"unit":null,"value":"3000"},"time":{"unit":"s","value":"30"}}],"annealing":[{"temperature":{"unit":"oC","value":"195"},"time":{"unit":"m","value":"1"}}]},{"etl":[{"material":{"unit":null,"value":"SnO2"},"concentration":{"unit":null,"value":"15"},"conc_unit":{"unit":null,"value":"wt%"},"quantity":{"unit":"ml","value":"0.01"}}],"solvent":[{"material":{"unit":null,"value":"DI-Water"},"volume":{"unit":"ml","value":"0.05"}}],"spin_coating":[{"type":{"unit":null,"value":"drop&run"},"rpm":{"unit":null,"value":"3000"},"time":{"unit":"s","value":"30"}}],"annealing":[{"temperature":{"unit":"oC","value":"105"},"time":{"unit":"m","value":"30"}}]},{"perovskite":{"method":{"unit":null,"value":"1step"},"molarity":{"unit":"M","value":"1.27M"},"a_site":[{"material":{"unit":null,"value":"FA"},"ratio":{"unit":"%","value":"97"}},{"material":{"unit":null,"value":"MA"},"ratio":{"unit":"%","value":"3"}}],"b_site":[{"material":{"unit":null,"value":"Pb"},"ratio":{"unit":"%","value":"110"}}],"x_site":[{"material":{"unit":null,"value":"I"},"ratio":{"unit":"%","value":"97"}},{"material":{"unit":null,"value":"Br"},"ratio":{"unit":"%","value":"3"}}],"solvent":[{"material":{"unit":null,"value":"DMF"},"volume":{"unit":"ml","value":"0.88"}},{"material":{"unit":null,"value":"DMSO"},"volume":{"unit":"ml","value":"0.11"}}],"additive":[{"material":{"unit":null,"value":"MACl"},"solvent":{"unit":null,"value":"DMF+DMSO"},"concentration":{"unit":null,"value":"0.167"},"conc_unit":{"unit":null,"value":"M"},"quantity":{"unit":"mol%","value":"44"}}],"antisolvent":[{"material":{"unit":null,"value":"DEE"},"quantity":{"unit":"ul","value":"1000"},"dripping_time":{"unit":"s","value":"12"}}],"spin_coating":[{"type":{"unit":null,"value":"drop&run"},"rpm":{"unit":null,"value":"5000"},"time":{"unit":"s","value":"14"}}],"annealing":[{"temperature":{"unit":"oC","value":"105"},"time":{"unit":"m","value":"60"}}],"atmosphere":[{"type":{"unit":null,"value":"air"},"temperature":{"unit":"oC","value":"24"},"humidity":{"unit":"RH%","value":"24"}}]}},{"htl":[{"material":{"unit":null,"value":"Spiro-OMeTAD_Lumtec"},"concentration":{"unit":null,"value":"0.091"},"conc_unit":{"unit":null,"value":"mg\/ml"},"quantity":{"unit":"ml","value":"0.08"}}],"solvent":[{"material":{"unit":null,"value":"CB"},"volume":{"unit":"ml","value":"1"}}],"htl_doping":[{"material":{"unit":null,"value":"tBP"},"volume":{"unit":"ul","value":"0.0354"}},{"material":{"unit":null,"value":"Li-TFSI"},"volume":{"unit":"ul","value":"0.0209"}},{"material":{"unit":null,"value":"Co-TFSI"},"volume":{"unit":"ul","value":"0.00909"}}],"spin_coating":[{"type":{"unit":null,"value":"dynamic"},"rpm":{"unit":null,"value":"5000"},"time":{"unit":"s","value":"30"}}]},{"anode_metal":{"unit":null,"value":"Ag"}},{"type":{"unit":null,"value":"unit_cell"},"device_type":{"unit":null,"value":"n-i-p"},"cell_dimension":{"unit":"cm2","value":"0.0937"}}],"fileinfo":[{"key":"Reverse_[G2#C2]_Group-2_Dynamic","uploadType":"JV","original_name":"[G2#C2]_Group-2_Dynamic-IV_[230921_192159].csv","save_name":"CNU_HEMD-SC-00160\/Reverse_[G2#C2]_Group-2_Dynamic","uploader":112,"fileType":""},{"key":"Reverse_[G2#C1]_Group-2_Dynamic","uploadType":"JV","original_name":"[G2#C1]_Group-2_Dynamic-IV_[230921_192159].csv","save_name":"CNU_HEMD-SC-00160\/Reverse_[G2#C1]_Group-2_Dynamic","uploader":112,"fileType":""},{"key":"Reverse_[G2#C3]_Group-2_Dynamic","uploadType":"JV","original_name":"[G2#C3]_Group-2_Dynamic-IV_[230921_192253].csv","save_name":"CNU_HEMD-SC-00160\/Reverse_[G2#C3]_Group-2_Dynamic","uploader":112,"fileType":""}],"jvcnt":3,"updated_at":"2024-08-30 12:44:10","created_at":"2023-11-29 10:33:55","analysisInfo":{"JV":[{"efficiency":15.289,"fill_factor":71.064,"jsc":21.782,"voc":0.988,"key":"Reverse_[G2#C3]_Group-2_Dynamic","cell_dimension":0.09370000021708418},{"efficiency":14.438,"fill_factor":70.867,"jsc":21.251,"voc":0.959,"key":"Reverse_[G2#C2]_Group-2_Dynamic","cell_dimension":0.09370000069738278},{"efficiency":13.543,"fill_factor":69.98,"jsc":20.597,"voc":0.94,"key":"Reverse_[G2#C1]_Group-2_Dynamic","cell_dimension":0.09370000067409252}]},"public":2,"tags":[],"analysis":{"JV":[{"V":{"value":[1.2,1.15,1.1,1.05,1,0.95,0.9,0.85,0.8,0.75,0.7,0.65,0.6,0.55,0.5,0.45,0.4,0.35,0.3,0.25,0.2,0.15,0.1,0.05,0,-0.05,-0.1,-0.15,-0.2],"unit":"V"},"J":{"value":[-0.048368335,-0.040379082,-0.027731366,-0.014575411,-0.002362697,0.007244358,0.013611739999999999,0.017222156,0.019111056999999997,0.020112359,0.020568335,0.020714621000000003,0.020789093,0.020920308999999998,0.021069872,0.021182391,0.021281323,0.021357407,0.021425015999999998,0.021498366999999997,0.021562967,0.021632529,0.021672188,0.021730288,0.021782231,0.021863394,0.021910212999999998,0.021965101,0.022040416],"unit":"A\/cm2"},"power_density":{"value":[-58.042002,-46.436591,-30.504669,-15.304269,-2.362716,6.882173,12.250654,14.638863,15.288981,15.08438,14.397876,13.464477,12.473439,11.506045,10.534776,9.532512,8.512846,7.475458,6.427704,5.374684,4.312703,3.244866,2.167082,1.086316,-0.000311597204,-1.092538,-2.190617,-3.293988,-4.407664],"unit":"mW\/cm2"},"I":{"value":[-0.004532113,-0.0037835200000000003,-0.0025984289999999998,-0.001365716,-0.0002213847,0.0006787963000000001,0.00127542,0.0016137159999999998,0.001790706,0.001884528,0.001927253,0.00194096,0.001947938,0.001960233,0.001974247,0.00198479,0.0019940599999999998,0.002001189,0.002007524,0.0020143970000000002,0.00202045,0.002026968,0.002030684,0.0020361280000000003,0.0020409950000000003,0.0020486,0.002052987,0.0020581299999999996,0.002065187],"unit":"A"},"power":{"value":[-5.438536,-4.351109,-2.858287,-1.43401,-0.221386471,0.644859607,1.147886,1.371662,1.432578,1.413406,1.349081,1.261621,1.168761,1.078116,0.987108496,0.893196387,0.797653711,0.70045037,0.60227587,0.503607912,0.404100304,0.304043984,0.203055627,0.101787851,-2.9196658e-5,-0.102370795,-0.205260822,-0.308646642,-0.412998161],"unit":"mW"},"resistance":{"value":[-264.777158,-303.95399,-423.335023,-768.83188,-4517.06,1399.543,705.655,526.735683,446.755135,397.980555,363.212303,334.88516,308.017606,280.57583,253.257267,226.734617,200.603242,174.904569,149.442448,124.108753,98.990373,74.001859,49.241394,24.551939,-0.00700889,-24.392805,-48.700528,-72.864493,-96.83433],"unit":"ohms"},"conductance":{"value":[-0.003776761,-0.003289972,-0.002362195,-0.001300674,-0.000221382929,0.000714518961,0.001417123,0.001898485,0.002238363,0.002512686,0.002753211,0.002986098,0.003246568,0.003564099,0.003948554,0.004410443,0.004984964,0.005717404,0.006691539,0.008057449,0.010101992,0.013513174,0.020308117,0.040729981,-142.675939,-0.040995696,-0.020533658,-0.013724106,-0.010326916],"unit":"S"},"timestamps":{"value":[0.02,0.054,0.08800001,0.122,0.156,0.191,0.225,0.259,0.293,0.327,0.362,0.396,0.43,0.464,0.498,0.5330001,0.567,0.601,0.6350001,0.669,0.7040001,0.738,0.772,0.8060001,0.84,0.8750001,0.909,0.943,0.9770001],"unit":"s"},"sweep_direction":{"unit":"","value":"Reverse"},"p_max":{"unit":"mW","value":1.433},"v_p_max":{"unit":"V","value":0.8},"i_p_max":{"unit":"mA","value":1.791},"isc":{"unit":"mA","value":2.041},"voc":{"unit":"V","value":0.988},"jsc":{"unit":"mA\/cm2","value":21.782},"fill_factor":{"unit":"%","value":71.064},"efficiency":{"unit":"%","value":15.289},"r_s":{"unit":"ohms","value":51.842},"r_sh":{"unit":"ohms","value":4240.646},"temperature":{"unit":"oC","value":21.166},"cell_dimension":{"value":0.09370000021708418,"unit":"cm2"},"key":"Reverse_[G2#C3]_Group-2_Dynamic"},{"V":{"value":[1.2,1.15,1.1,1.05,1,0.95,0.9,0.85,0.8,0.75,0.7,0.65,0.6,0.55,0.5,0.45,0.4,0.35,0.3,0.25,0.2,0.15,0.1,0.05,0,-0.05,-0.1,-0.15,-0.2],"unit":"V"},"J":{"value":[-0.048466926,-0.049153830999999995,-0.037004407999999996,-0.022712882,-0.009238699999999999,0.001952716,0.010102693000000001,0.015146660000000001,0.017878291999999997,0.019250843,0.019859552,0.020050096,0.020147417,0.02028588,0.020438879,0.020564771,0.020671505,0.020766371,0.020854728000000003,0.020931953,0.021009082,0.021061985,0.021127823,0.021175806000000002,0.021250832,0.021329829,0.021374557,0.021456105,0.021530406],"unit":"A\/cm2"},"power_density":{"value":[-58.159827,-56.527496,-40.705144,-23.848662,-9.238774,1.85507,9.092477,12.874667,14.302752,14.438215,13.901706,13.03253,12.08842,11.157108,10.219278,9.254564,8.268885,7.268571,6.256602,5.233064,4.201888,3.159239,2.112634,1.058587,-0.000309062119,-1.065885,-2.137061,-3.21763,-4.305646],"unit":"mW\/cm2"},"I":{"value":[-0.004541351,-0.0046057139999999995,-0.003467313,-0.002128197,-0.0008656662,0.0001829695,0.0009466223,0.0014192419999999998,0.0016751959999999999,0.001803804,0.00186084,0.001878694,0.001887813,0.001900787,0.001915123,0.001926919,0.00193692,0.001945809,0.001954088,0.001961324,0.001968551,0.001973508,0.001979677,0.001984173,0.001991203,0.001998605,0.002002796,0.002010437,0.002017399],"unit":"A"},"power":{"value":[-5.449576,-5.296626,-3.814072,-2.23462,-0.865673125,0.173820074,0.851965087,1.206356,1.340168,1.352861,1.30259,1.221148,1.132685,1.045421,0.957546371,0.867152666,0.774794536,0.681065061,0.586243596,0.490338061,0.393716893,0.296020674,0.197953822,0.099189642,-2.8959121e-5,-0.09987345,-0.200242648,-0.301491968,-0.403439049],"unit":"mW"},"resistance":{"value":[-264.236347,-249.692447,-317.250851,-493.378198,-1155.189,5192.094,950.754382,598.911532,477.559999,415.790352,376.174738,345.984178,317.827295,289.350569,261.075712,233.543963,206.520507,179.882198,153.528807,127.466752,101.599298,76.005367,50.50975,25.194587,-0.007303891,-25.00323,-49.920985,-74.592439,-99.12754],"unit":"ohms"},"conductance":{"value":[-0.003784491,-0.004004927,-0.00315208,-0.002026843,-0.000865659275,0.000192600528,0.001051796,0.001669696,0.002093978,0.002405058,0.002658339,0.002890306,0.003146363,0.003456015,0.003830307,0.004281849,0.004842134,0.005559194,0.006513436,0.007845183,0.009842588,0.013156966,0.019798158,0.039691065,-136.913322,-0.039994833,-0.020031656,-0.013406184,-0.010088014],"unit":"S"},"timestamps":{"value":[0.019,0.053,0.08800001,0.122,0.156,0.19,0.224,0.259,0.293,0.327,0.361,0.395,0.43,0.464,0.498,0.532,0.566,0.601,0.6350001,0.669,0.703,0.737,0.772,0.8060001,0.84,0.8750001,0.909,0.943,0.9770001],"unit":"s"},"sweep_direction":{"unit":"","value":"Reverse"},"p_max":{"unit":"mW","value":1.353},"v_p_max":{"unit":"V","value":0.75},"i_p_max":{"unit":"mA","value":1.804},"isc":{"unit":"mA","value":1.991},"voc":{"unit":"V","value":0.959},"jsc":{"unit":"mA\/cm2","value":21.251},"fill_factor":{"unit":"%","value":70.867},"efficiency":{"unit":"%","value":14.438},"r_s":{"unit":"ohms","value":53.558},"r_sh":{"unit":"ohms","value":5040.018},"temperature":{"unit":"oC","value":21.135},"cell_dimension":{"value":0.09370000069738278,"unit":"cm2"},"key":"Reverse_[G2#C2]_Group-2_Dynamic"},{"V":{"value":[1.2,1.15,1.1,1.05,1,0.95,0.9,0.85,0.8,0.75,0.7,0.65,0.6,0.55,0.5,0.45,0.4,0.35,0.3,0.25,0.2,0.15,0.1,0.05,0,-0.05,-0.1,-0.15,-0.2],"unit":"V"},"J":{"value":[-0.040350544,-0.042495101,-0.034314963,-0.023347631,-0.012014696,-0.001725919,0.006569333,0.012475848,0.016083372000000002,0.018057364,0.019046852,0.019423789,0.019480202999999998,0.019528676999999998,0.019623159,0.019747791,0.019868484999999998,0.019985229,0.020088026,0.020189979,0.020273287,0.020352871,0.02045,0.020525656,0.020597076000000002,0.02068174,0.020726531000000003,0.020793596999999997,0.020856062],"unit":"A\/cm2"},"power_density":{"value":[-48.420492,-48.869962,-37.746733,-24.515199,-12.014816,-1.639628,5.912438,10.604494,12.866804,13.543139,13.332802,12.625422,11.688087,10.740659,9.811434,8.886907,7.94768,6.995162,6.026588,5.047571,4.054765,3.052888,2.044842,1.026086,-0.000289732886,-1.033529,-2.0723,-3.118303,-4.170816],"unit":"mW\/cm2"},"I":{"value":[-0.003780846,-0.003981791,-0.003215312,-0.0021876730000000002,-0.0011257770000000001,-0.0001617186,0.0006155465,0.001168987,0.001507012,0.001691975,0.00178469,0.001820009,0.0018252949999999998,0.001829837,0.00183869,0.001850368,0.001861677,0.0018726160000000001,0.001882248,0.001891801,0.001899607,0.0019070640000000002,0.0019161649999999998,0.0019232540000000001,0.0019299459999999999,0.001937879,0.0019420759999999998,0.0019483600000000001,0.001954213],"unit":"A"},"power":{"value":[-4.537,-4.579115,-3.536869,-2.297074,-1.125788,-0.153633139,0.55399542,0.993641054,1.20562,1.268992,1.249284,1.183002,1.095174,1.0064,0.919331394,0.832703162,0.744697608,0.655446685,0.56469134,0.472957439,0.379931468,0.286055595,0.191601707,0.096144275,-2.7147971e-5,-0.096841647,-0.194174546,-0.292185028,-0.39080547],"unit":"mW"},"resistance":{"value":[-317.388225,-288.818273,-342.115477,-479.965699,-888.284269,-5874.42,1462.125,727.12682,530.856158,443.272743,392.225148,357.139937,328.713003,300.570051,271.92871,243.205838,214.867778,186.913174,159.388667,132.151215,105.287725,78.653836,52.183544,25.992625,-0.00728865,-25.787477,-51.482527,-76.969657,-102.333267],"unit":"ohms"},"conductance":{"value":[-0.003150716,-0.003462385,-0.00292299,-0.002083482,-0.001125766,-0.000170229586,0.000683936148,0.001375276,0.001883749,0.002255947,0.002549556,0.002800023,0.003042167,0.003327011,0.003677434,0.004111743,0.004654025,0.005350078,0.006273972,0.007567089,0.009497783,0.012713938,0.019163129,0.038472451,-137.199627,-0.038778513,-0.019424066,-0.012992133,-0.009771993],"unit":"S"},"timestamps":{"value":[0.02,0.054,0.08800001,0.122,0.156,0.191,0.225,0.259,0.293,0.327,0.362,0.396,0.43,0.464,0.498,0.5330001,0.567,0.601,0.6350001,0.669,0.703,0.738,0.772,0.8060001,0.84,0.8750001,0.909,0.943,0.9770001],"unit":"s"},"sweep_direction":{"unit":"","value":"Reverse"},"p_max":{"unit":"mW","value":1.269},"v_p_max":{"unit":"V","value":0.75},"i_p_max":{"unit":"mA","value":1.692},"isc":{"unit":"mA","value":1.93},"voc":{"unit":"V","value":0.94},"jsc":{"unit":"mA\/cm2","value":20.597},"fill_factor":{"unit":"%","value":69.98},"efficiency":{"unit":"%","value":13.543},"r_s":{"unit":"ohms","value":62.997},"r_sh":{"unit":"ohms","value":4259.127},"temperature":{"unit":"oC","value":21.125},"cell_dimension":{"value":0.09370000067409252,"unit":"cm2"},"key":"Reverse_[G2#C1]_Group-2_Dynamic"}]}}