{"_id":"6567133bb3b99550162d90b0","id":"CNU_HEMD-SC-00158","author":112,"group":9,"input":[{"tco":{"unit":null,"value":"ITO"}},{"etl":[{"material":{"unit":null,"value":"SnCl2\u22192H2O"},"concentration":{"unit":null,"value":"7.5"},"conc_unit":{"unit":null,"value":"mg\/ml"},"quantity":{"unit":"ml","value":"0.1"}}],"solvent":[{"material":{"unit":null,"value":"IPA"},"volume":{"unit":"ml","value":"1"}}],"spin_coating":[{"type":{"unit":null,"value":"drop&run"},"rpm":{"unit":null,"value":"3000"},"time":{"unit":"s","value":"30"}}],"annealing":[{"temperature":{"unit":"oC","value":"195"},"time":{"unit":"m","value":"1"}}]},{"etl":[{"material":{"unit":null,"value":"SnO2"},"concentration":{"unit":null,"value":"15"},"conc_unit":{"unit":null,"value":"wt%"},"quantity":{"unit":"ml","value":"0.01"}}],"solvent":[{"material":{"unit":null,"value":"DI-Water"},"volume":{"unit":"ml","value":"0.05"}}],"spin_coating":[{"type":{"unit":null,"value":"drop&run"},"rpm":{"unit":null,"value":"3000"},"time":{"unit":"s","value":"30"}}],"annealing":[{"temperature":{"unit":"oC","value":"105"},"time":{"unit":"m","value":"30"}}]},{"perovskite":{"method":{"unit":null,"value":"1step"},"molarity":{"unit":"M","value":"1.27M"},"a_site":[{"material":{"unit":null,"value":"FA"},"ratio":{"unit":"%","value":"97"}},{"material":{"unit":null,"value":"MA"},"ratio":{"unit":"%","value":"3"}}],"b_site":[{"material":{"unit":null,"value":"Pb"},"ratio":{"unit":"%","value":"110"}}],"x_site":[{"material":{"unit":null,"value":"I"},"ratio":{"unit":"%","value":"97"}},{"material":{"unit":null,"value":"Br"},"ratio":{"unit":"%","value":"3"}}],"solvent":[{"material":{"unit":null,"value":"DMF"},"volume":{"unit":"ml","value":"0.88"}},{"material":{"unit":null,"value":"DMSO"},"volume":{"unit":"ml","value":"0.11"}}],"additive":[{"material":{"unit":null,"value":"MACl"},"solvent":{"unit":null,"value":"DMF+DMSO"},"concentration":{"unit":null,"value":"0.167"},"conc_unit":{"unit":null,"value":"M"},"quantity":{"unit":"mol%","value":"44"}}],"antisolvent":[{"material":{"unit":null,"value":"DEE"},"quantity":{"unit":"ul","value":"1000"},"dripping_time":{"unit":"s","value":"12"}}],"spin_coating":[{"type":{"unit":null,"value":"drop&run"},"rpm":{"unit":null,"value":"5000"},"time":{"unit":"s","value":"14"}}],"annealing":[{"temperature":{"unit":"oC","value":"105"},"time":{"unit":"m","value":"60"}}],"atmosphere":[{"type":{"unit":null,"value":"air"},"temperature":{"unit":"oC","value":"24"},"humidity":{"unit":"RH%","value":"24"}}]}},{"htl":[{"material":{"unit":null,"value":"Spiro-OMeTAD_Lumtec"},"concentration":{"unit":null,"value":"0.091"},"conc_unit":{"unit":null,"value":"mg\/ml"},"quantity":{"unit":"ml","value":"0.08"}}],"solvent":[{"material":{"unit":null,"value":"CB"},"volume":{"unit":"ml","value":"1"}}],"htl_doping":[{"material":{"unit":null,"value":"tBP"},"volume":{"unit":"ul","value":"0.0354"}},{"material":{"unit":null,"value":"Li-TFSI"},"volume":{"unit":"ul","value":"0.0209"}},{"material":{"unit":null,"value":"Co-TFSI"},"volume":{"unit":"ul","value":"0.00909"}}],"spin_coating":[{"type":{"unit":null,"value":"dynamic"},"rpm":{"unit":null,"value":"3000"},"time":{"unit":"s","value":"30"}}]},{"anode_metal":{"unit":null,"value":"Ag"}},{"type":{"unit":null,"value":"unit_cell"},"device_type":{"unit":null,"value":"n-i-p"},"cell_dimension":{"unit":"cm2","value":"0.0937"}}],"fileinfo":[{"key":"Reverse_[G2#C2]_Group-2_Dynamic","uploadType":"JV","original_name":"[G2#C2]_Group-2_Dynamic-IV_[230919_144813].csv","save_name":"CNU_HEMD-SC-00158\/Reverse_[G2#C2]_Group-2_Dynamic","uploader":112,"fileType":""},{"key":"Reverse_[G2#C3]_Group-2_Dynamic","uploadType":"JV","original_name":"[G2#C3]_Group-2_Dynamic-IV_[230919_144813].csv","save_name":"CNU_HEMD-SC-00158\/Reverse_[G2#C3]_Group-2_Dynamic","uploader":112,"fileType":""},{"key":"Reverse_[G2#C4]_Group-2_Dynamic","uploadType":"JV","original_name":"[G2#C4]_Group-2_Dynamic-IV_[230919_145056].csv","save_name":"CNU_HEMD-SC-00158\/Reverse_[G2#C4]_Group-2_Dynamic","uploader":112,"fileType":""},{"key":"Reverse_[G2#C1]_Group-2_Dynamic","uploadType":"JV","original_name":"[G2#C1]_Group-2_Dynamic-IV_[230919_145241].csv","save_name":"CNU_HEMD-SC-00158\/Reverse_[G2#C1]_Group-2_Dynamic","uploader":112,"fileType":""}],"jvcnt":4,"updated_at":"2024-08-30 12:43:16","created_at":"2023-11-29 10:32:27","analysisInfo":{"JV":[{"efficiency":19.935,"fill_factor":81.088,"jsc":22.453,"voc":1.095,"key":"Reverse_[G2#C4]_Group-2_Dynamic","cell_dimension":0.09369999908017586},{"efficiency":19.993,"fill_factor":79.794,"jsc":22.538,"voc":1.112,"key":"Reverse_[G2#C3]_Group-2_Dynamic","cell_dimension":0.09370000031753209},{"efficiency":20.18,"fill_factor":80.325,"jsc":22.525,"voc":1.115,"key":"Reverse_[G2#C2]_Group-2_Dynamic","cell_dimension":0.09370000112109599},{"efficiency":19.882,"fill_factor":80.324,"jsc":22.263,"voc":1.112,"key":"Reverse_[G2#C1]_Group-2_Dynamic","cell_dimension":0.09369999908800067}]},"public":2,"tags":[],"analysis":{"JV":[{"V":{"value":[1.2,1.15,1.1,1.05,1,0.95,0.9,0.85,0.8,0.75,0.7,0.65,0.6,0.55,0.5,0.45,0.4,0.35,0.3,0.25,0.2,0.15,0.1,0.05,0,-0.05,-0.1,-0.15,-0.2,-0.2,-0.15,-0.1,-0.05,0,0.05,0.1,0.15,0.2,0.25,0.3,0.35,0.4,0.45,0.5,0.55,0.6,0.65,0.7,0.75,0.8,0.85,0.9,0.95,1,1.05,1.1,1.15,1.2],"unit":"V"},"J":{"value":[-0.043051708,-0.020267683999999998,-0.0013316220000000002,0.011807439000000001,0.01858254,0.020983842,0.0217581,0.022059189,0.022153725000000003,0.022209829,0.022244856,0.022274536,0.022336936999999998,0.022355358,0.022366329,0.022383052,0.02239905,0.022409466,0.022425635,0.022427962,0.022431813999999998,0.022440639999999998,0.022445986999999997,0.022448356,0.022452625,0.022470021,0.022465923,0.022482721,0.02247539,0.022695741999999998,0.022534803,0.022501473,0.022478131999999998,0.022486062,0.022431974,0.022397459999999998,0.022364899,0.022309541,0.022257791000000002,0.022186413999999998,0.022117032999999998,0.022025315,0.02191349,0.02176492,0.021597225,0.021374461,0.021084109,0.020681846,0.020206062,0.019565272,0.018680864,0.017382914,0.015286713,0.011562657,0.004711598,-0.006885366,-0.024397492,-0.047297193],"unit":"A\/cm2"},"power_density":{"value":[-51.662437,-23.308181,-1.464799,12.397952,18.5828,19.934856,19.582514,18.750423,17.723186,16.657541,15.571468,14.478435,13.402156,12.295324,11.182979,10.072808,8.959927,7.843658,6.727861,5.60706,4.486466,3.36604,2.244415,1.122192,-0.000337246741,-1.122884,-2.246205,-3.371606,-4.494655,-4.538765,-3.37945,-2.249786,-1.123305,-0.000359193252,1.121378,2.239546,3.354657,4.462,5.564517,6.656086,7.741298,8.810428,9.861504,10.882299,11.878364,12.824674,13.704662,14.477363,15.15471,15.652407,15.878849,15.644836,14.522567,11.562854,4.947253,-7.574013,-28.057579,-56.757057],"unit":"mW\/cm2"},"I":{"value":[-0.004033945,-0.0018990819999999999,-0.000124773,0.001106357,0.001741184,0.001966186,0.002038734,0.002066946,0.002075804,0.002081061,0.0020843430000000002,0.002087124,0.002092971,0.002094697,0.0020957249999999997,0.0020972919999999997,0.002098791,0.0020997669999999998,0.002101282,0.0021015,0.002101861,0.002102688,0.002103189,0.002103411,0.0021038109999999997,0.002105441,0.002105057,0.0021066310000000003,0.0021059440000000002,0.0021265909999999997,0.002111511,0.002108388,0.002106201,0.002106944,0.002101876,0.002098642,0.0020955910000000004,0.002090404,0.002085555,0.002078867,0.002072366,0.002063772,0.002053294,0.0020393729999999997,0.00202366,0.0020027870000000002,0.001975581,0.001937889,0.001893308,0.001833266,0.0017503969999999999,0.001628779,0.0014323650000000001,0.001083421,0.0004414767,-0.0006451588,-0.002286045,-0.004431747],"unit":"A"},"power":{"value":[-4.84077,-2.183977,-0.137251673,1.161688,1.741208,1.867896,1.834882,1.756915,1.660663,1.560812,1.459047,1.356629,1.255782,1.152072,1.047845,0.943822087,0.839545153,0.734950786,0.63040057,0.525381515,0.420381869,0.315397943,0.210301654,0.10514939,-3.160002e-5,-0.105214214,-0.210469367,-0.315919443,-0.421149208,-0.425282261,-0.316654436,-0.210804918,-0.105253709,-3.3656408e-5,0.10507316,0.20984548,0.314331315,0.418089371,0.521395215,0.623675276,0.7253596,0.825537074,0.924022955,1.019671,1.113003,1.201672,1.284127,1.356529,1.419996,1.466631,1.487848,1.465921,1.360765,1.083439,0.463557599,-0.709685003,-2.628995,-5.318136],"unit":"mW"},"resistance":{"value":[-297.477779,-605.564689,-8816.098,949.071593,574.329881,483.173921,441.455482,411.237207,385.397321,360.39674,335.838727,311.433053,286.673681,262.565182,238.57696,214.571648,190.592441,166.692495,142.773602,118.964121,95.155959,71.336071,47.542945,23.76613,-0.0071396,-23.734947,-47.496453,-71.186791,-94.96036,-94.039286,-71.022978,-47.421978,-23.726724,-0.007581616,23.783601,47.645611,71.577183,95.677247,119.873655,144.312888,168.896421,193.826498,219.169685,245.169765,271.782266,299.582482,329.016932,361.219554,396.136339,436.384955,485.607608,552.568703,663.247426,923.017922,2378.418,-1705.031,-503.060526,-270.775611],"unit":"ohms"},"conductance":{"value":[-0.003361596,-0.001651351,-0.000113428866,0.001053661,0.00174116,0.002069648,0.002265234,0.002431687,0.002594725,0.00277472,0.00297762,0.003210963,0.003488287,0.003808578,0.00419152,0.004660448,0.005246798,0.00599907,0.007004096,0.008405896,0.010509063,0.014018154,0.021033615,0.042076686,-140.06386,-0.042131967,-0.021054204,-0.01404755,-0.01053071,-0.010633854,-0.01407995,-0.021087269,-0.042146568,-131.898005,0.042045778,0.020988292,0.013970933,0.010451806,0.008342117,0.006929388,0.005920789,0.005159253,0.004562675,0.004078806,0.003679416,0.003337979,0.003039357,0.002768399,0.002524383,0.002291555,0.002059276,0.00180973,0.001507733,0.001083403,0.000420447593,-0.000586499469,-0.001987832,-0.003693095],"unit":"S"},"timestamps":{"value":[0.019,0.053,0.087,0.122,0.156,0.19,0.224,0.258,0.293,0.327,0.361,0.395,0.429,0.464,0.498,0.532,0.566,0.6,0.6350001,0.669,0.703,0.737,0.771,0.8060001,0.84,0.874,0.9080001,0.943,0.9770001,0.019,0.053,0.08800001,0.122,0.156,0.19,0.225,0.259,0.293,0.327,0.361,0.396,0.43,0.464,0.498,0.532,0.567,0.601,0.6350001,0.669,0.703,0.738,0.772,0.8060001,0.84,0.874,0.909,0.943,0.9770001],"unit":"s"},"sweep_direction":{"unit":"","value":"Reverse"},"p_max":{"unit":"mW","value":1.868},"v_p_max":{"unit":"V","value":0.95},"i_p_max":{"unit":"mA","value":1.966},"isc":{"unit":"mA","value":2.104},"voc":{"unit":"V","value":1.095},"jsc":{"unit":"mA\/cm2","value":22.453},"fill_factor":{"unit":"%","value":81.088},"efficiency":{"unit":"%","value":19.935},"r_s":{"unit":"ohms","value":32.947},"r_sh":{"unit":"ohms","value":8058.841},"temperature":{"unit":"oC","value":22.525},"cell_dimension":{"value":0.09369999908017586,"unit":"cm2"},"key":"Reverse_[G2#C4]_Group-2_Dynamic"},{"V":{"value":[1.2,1.15,1.1,1.05,1,0.95,0.9,0.85,0.8,0.75,0.7,0.65,0.6,0.55,0.5,0.45,0.4,0.35,0.3,0.25,0.2,0.15,0.1,0.05,0,-0.05,-0.1,-0.15,-0.2],"unit":"V"},"J":{"value":[-0.034957097,-0.013191483,0.00402566,0.014389381,0.019172124,0.021045283,0.021784301,0.022086435,0.02224809,0.022341323,0.02236794,0.022399136,0.022395133,0.022394663999999998,0.022398453,0.022397801000000002,0.022421515,0.022433522,0.022455155,0.022470555,0.022491451000000003,0.022492818,0.022507833999999997,0.022535101000000002,0.022538367,0.022564642,0.022554407999999998,0.022556713,0.022559691],"unit":"A\/cm2"},"power_density":{"value":[-41.948971,-15.170483,4.428274,15.109023,19.172392,19.993214,19.606117,18.773589,17.798699,16.756136,15.657628,14.559452,13.437089,12.316951,11.199065,10.079461,8.968929,7.852125,6.736744,5.617724,4.498405,3.373871,2.250604,1.12655,-0.000376149571,-1.127634,-2.255067,-3.382713,-4.511521],"unit":"mW\/cm2"},"I":{"value":[-0.00327548,-0.0012360420000000001,0.0003772043,0.0013482849999999998,0.0017964279999999999,0.001971943,0.002041189,0.002069499,0.0020846460000000003,0.002093382,0.002095876,0.002098799,0.002098424,0.00209838,0.002098735,0.002098674,0.002100896,0.002102021,0.0021040480000000003,0.0021054909999999997,0.002107449,0.0021075770000000002,0.002108984,0.002111539,0.002111845,0.002114307,0.0021133479999999997,0.002113564,0.0021138430000000002],"unit":"A"},"power":{"value":[-3.930619,-1.421474,0.414929256,1.415715,1.796453,1.873364,1.837093,1.759085,1.667738,1.57005,1.46712,1.364221,1.259055,1.154098,1.049352,0.944445483,0.840388653,0.735744135,0.631232916,0.526380751,0.421500548,0.316131703,0.210881612,0.105557714,-3.5245215e-5,-0.1056593,-0.211299824,-0.316960203,-0.422729494],"unit":"mW"},"resistance":{"value":[-366.362487,-930.406087,2916.223,778.776001,556.66801,481.763063,440.92502,410.730037,383.763095,358.274983,333.990704,309.701215,285.929059,262.104528,238.235318,214.430683,190.40181,166.514749,142.586481,118.738954,94.903886,71.170686,47.412422,23.675097,-0.007902711,-23.635872,-47.310452,-70.953517,-94.605654],"unit":"ohms"},"conductance":{"value":[-0.002729537,-0.0010748,0.000342909259,0.001284066,0.001796403,0.002075709,0.002267959,0.002434689,0.002605774,0.002791152,0.002994095,0.003228919,0.003497371,0.003815272,0.00419753,0.004663512,0.005252051,0.006005474,0.007013288,0.008421836,0.010536976,0.014050729,0.021091519,0.042238476,-126.53886,-0.042308572,-0.021136978,-0.014093734,-0.010570193],"unit":"S"},"timestamps":{"value":[0.019,0.053,0.087,0.121,0.156,0.19,0.224,0.258,0.292,0.327,0.361,0.395,0.429,0.463,0.498,0.532,0.566,0.6,0.634,0.669,0.703,0.737,0.771,0.8050001,0.839,0.874,0.9080001,0.942,0.9770001],"unit":"s"},"sweep_direction":{"unit":"","value":"Reverse"},"p_max":{"unit":"mW","value":1.873},"v_p_max":{"unit":"V","value":0.95},"i_p_max":{"unit":"mA","value":1.972},"isc":{"unit":"mA","value":2.112},"voc":{"unit":"V","value":1.112},"jsc":{"unit":"mA\/cm2","value":22.538},"fill_factor":{"unit":"%","value":79.794},"efficiency":{"unit":"%","value":19.993},"r_s":{"unit":"ohms","value":36.898},"r_sh":{"unit":"ohms","value":7996.125},"temperature":{"unit":"oC","value":22.224},"cell_dimension":{"value":0.09370000031753209,"unit":"cm2"},"key":"Reverse_[G2#C3]_Group-2_Dynamic"},{"V":{"value":[1.2,1.15,1.1,1.05,1,0.95,0.9,0.85,0.8,0.75,0.7,0.65,0.6,0.55,0.5,0.45,0.4,0.35,0.3,0.25,0.2,0.15,0.1,0.05,0,-0.05,-0.1,-0.15,-0.2],"unit":"V"},"J":{"value":[-0.034965784,-0.011869381,0.005250254,0.015125955,0.019542006,0.021241964,0.021887993999999997,0.022148558999999998,0.022280971,0.022342199,0.022372689,0.022384045,0.022387727000000003,0.022389157,0.022388282,0.022405795000000003,0.022419168,0.022444417999999997,0.022468751000000002,0.022481985000000003,0.022495827,0.022496265,0.022502679,0.02251588,0.022524930999999998,0.022563308,0.022554568,0.022562839,0.022568954000000002],"unit":"A\/cm2"},"power_density":{"value":[-41.959466,-13.650037,5.775342,15.882434,19.54228,20.180074,19.699453,18.826399,17.825004,16.756845,15.660974,14.549643,13.432623,12.313902,11.193955,10.083036,8.967985,7.85593,6.740812,5.620597,4.49928,3.374399,2.250089,1.125573,-0.00034907358,-1.127556,-2.255083,-3.383636,-4.513405],"unit":"mW\/cm2"},"I":{"value":[-0.003276294,-0.001112161,0.0004919488,0.001417302,0.001831086,0.0019903720000000002,0.002050905,0.00207532,0.002087727,0.002093464,0.002096321,0.0020973850000000002,0.00209773,0.002097864,0.002097782,0.002099423,0.002100676,0.002103042,0.002105322,0.0021065619999999998,0.002107859,0.0021079,0.002108501,0.0021097380000000003,0.0021105860000000002,0.002114182,0.002113363,0.002114138,0.0021147109999999996],"unit":"A"},"power":{"value":[-3.931602,-1.279009,0.541149583,1.488184,1.831112,1.890873,1.845839,1.764034,1.670203,1.570116,1.467433,1.363302,1.258637,1.153813,1.048874,0.944780449,0.84030023,0.736100662,0.631614074,0.52664998,0.42158255,0.316181206,0.210833316,0.105466182,-3.2708194e-5,-0.105652038,-0.211301324,-0.317046705,-0.422906038],"unit":"mW"},"resistance":{"value":[-366.272074,-1034.042,2236.029,740.852691,546.13164,477.302635,438.836416,409.578089,383.196749,358.262096,333.920282,309.910007,286.023177,262.168568,238.343021,214.353706,190.421655,166.433718,142.49996,118.678919,94.885426,71.160017,47.423283,23.694971,-0.00734261,-23.637043,-47.310117,-70.934348,-94.567485],"unit":"ohms"},"conductance":{"value":[-0.002730211,-0.000967078862,0.000447221303,0.001349796,0.00183106,0.002095107,0.002278753,0.002441537,0.002609625,0.002791253,0.002994727,0.003226743,0.00349622,0.00381434,0.004195634,0.004665186,0.005251504,0.006008398,0.007017546,0.008426096,0.010539026,0.014052835,0.021086689,0.042203049,-136.191353,-0.042306477,-0.021137128,-0.014097543,-0.010574459],"unit":"S"},"timestamps":{"value":[0.019,0.053,0.087,0.122,0.156,0.19,0.224,0.258,0.292,0.327,0.361,0.395,0.429,0.463,0.498,0.532,0.566,0.6,0.634,0.669,0.703,0.737,0.771,0.8050001,0.84,0.874,0.9080001,0.942,0.9770001],"unit":"s"},"sweep_direction":{"unit":"","value":"Reverse"},"p_max":{"unit":"mW","value":1.891},"v_p_max":{"unit":"V","value":0.95},"i_p_max":{"unit":"mA","value":1.99},"isc":{"unit":"mA","value":2.111},"voc":{"unit":"V","value":1.115},"jsc":{"unit":"mA\/cm2","value":22.525},"fill_factor":{"unit":"%","value":80.325},"efficiency":{"unit":"%","value":20.18},"r_s":{"unit":"ohms","value":36.432},"r_sh":{"unit":"ohms","value":9510.871},"temperature":{"unit":"oC","value":22.215},"cell_dimension":{"value":0.09370000112109599,"unit":"cm2"},"key":"Reverse_[G2#C2]_Group-2_Dynamic"},{"V":{"value":[1.2,1.15,1.1,1.05,1,0.95,0.9,0.85,0.8,0.75,0.7,0.65,0.6,0.55,0.5,0.45,0.4,0.35,0.3,0.25,0.2,0.15,0.1,0.05,0,-0.05,-0.1,-0.15,-0.2,-0.2,-0.15,-0.1,-0.05,0,0.05,0.1,0.15,0.2,0.25,0.3,0.35,0.4,0.45,0.5,0.55,0.6,0.65,0.7,0.75,0.8,0.85,0.9,0.95,1,1.05,1.1,1.15,1.2],"unit":"V"},"J":{"value":[-0.038706169000000006,-0.01372429,0.004247169,0.014502252,0.019126937,0.020928399,0.021591953,0.021876019,0.021999648,0.022058046999999997,0.022107236,0.02212063,0.022132038,0.022139434000000003,0.022146329000000003,0.022164877,0.022182155999999998,0.022199413,0.022208175,0.022235710000000002,0.022235133,0.022248111,0.022253063,0.022248826000000003,0.022262785,0.022282145,0.022291227,0.022304525000000002,0.022295528000000002,0.022636467,0.022367129,0.022309615999999997,0.022269637,0.022243244000000002,0.02214715,0.022070694,0.021980523000000002,0.021871932,0.021772774999999998,0.021644856,0.021523671,0.021383084,0.021242785,0.021085464,0.020917619999999998,0.020722657000000002,0.020507247,0.020218602000000002,0.019792369,0.019171345,0.018184461,0.016632743000000002,0.014173394,0.010146347,0.003491714,-0.007093995,-0.022667096999999997,-0.043291601],"unit":"A\/cm2"},"power_density":{"value":[-46.447906,-15.783195,4.671928,15.227495,19.127186,19.882145,19.432961,18.594697,17.599905,16.543687,15.475118,14.3784,13.27919,12.176545,11.072954,9.974618,8.873155,7.770152,6.662632,5.558985,4.447113,3.337145,2.225108,1.112201,-0.000366242412,-1.113511,-2.228754,-3.344905,-4.458709,-4.526911,-3.354298,-2.230598,-1.112891,-0.000376527413,1.107114,2.206883,3.296997,4.374465,5.443215,6.493606,7.533621,8.55352,9.55967,10.542557,11.504561,12.433588,13.329698,14.153084,14.844433,15.337258,15.456916,14.969685,13.464914,10.14654,3.66637,-7.80355,-26.067706,-51.950484],"unit":"mW\/cm2"},"I":{"value":[-0.0036267680000000003,-0.001285966,0.00039795970000000005,0.001358861,0.001792194,0.001960991,0.002023166,0.0020497830000000003,0.002061367,0.002066839,0.002071448,0.0020727030000000004,0.0020737719999999998,0.002074465,0.002075111,0.002076849,0.002078468,0.0020800849999999997,0.002080906,0.0020834860000000003,0.002083432,0.002084648,0.002085112,0.002084715,0.002086023,0.002087837,0.002088688,0.002089934,0.002089091,0.0021210369999999997,0.0020958,0.002090411,0.002086665,0.002084192,0.002075188,0.002068024,0.002059575,0.0020494,0.002040109,0.0020281229999999997,0.002016768,0.002003595,0.001990449,0.001975708,0.001959981,0.001941713,0.001921529,0.001894483,0.0018545450000000002,0.001796355,0.001703884,0.001558488,0.001328047,0.0009507127,0.00032717360000000003,-0.0006647073,-0.002123907,-0.004056423],"unit":"A"},"power":{"value":[-4.352169,-1.478885,0.43775965,1.426816,1.792217,1.862957,1.820868,1.742323,1.649111,1.550144,1.450019,1.347256,1.24426,1.140942,1.037536,0.934621718,0.831414636,0.728063239,0.624288655,0.520876917,0.416694525,0.312690529,0.208492601,0.104213277,-3.4316914e-5,-0.104336,-0.208834232,-0.313417579,-0.417781014,-0.424171554,-0.314297695,-0.209007005,-0.104277933,-3.5280619e-5,0.103736552,0.206784946,0.30892863,0.409887378,0.51002929,0.608450894,0.705900262,0.801464848,0.895741063,0.987837602,1.077977,1.165027,1.248993,1.326144,1.390923,1.437101,1.448313,1.402659,1.261662,0.950730764,0.343538823,-0.731192654,-2.442544,-4.86776],"unit":"mW"},"resistance":{"value":[-330.876692,-894.284141,2764.124,772.712588,557.982562,484.452963,444.85198,414.679847,388.096103,362.876305,337.929024,313.599971,289.32713,265.125466,240.946388,216.683591,192.45579,168.270095,144.171866,119.992455,95.997326,71.953059,47.954777,23.978923,-0.007886241,-23.935417,-47.869021,-71.755998,-95.726897,-94.285531,-71.555253,-47.82968,-23.948976,-0.008121958,24.088897,48.351257,72.828763,97.591295,122.542962,147.923425,173.552734,199.647833,226.08949,253.069634,280.611802,309.005347,338.27197,369.495583,404.416124,445.351559,498.864242,577.491132,715.346219,1051.862,3209.367,-1654.897,-541.466269,-295.830341],"unit":"ohms"},"conductance":{"value":[-0.003022274,-0.001118213,0.000361778257,0.001294142,0.001792171,0.002064184,0.002247939,0.002411499,0.002576681,0.00275576,0.002959201,0.003188776,0.003456295,0.003771799,0.004150301,0.004615024,0.005195999,0.005942827,0.006936166,0.008333857,0.010416957,0.01389795,0.02085298,0.041703291,-126.803125,-0.041779092,-0.020890337,-0.013936117,-0.010446385,-0.010606081,-0.013975214,-0.02090752,-0.041755439,-123.12302,0.041512901,0.020681986,0.013730839,0.010246816,0.008160403,0.006760255,0.005761937,0.00500882,0.004423027,0.003951482,0.003563642,0.00323619,0.002956201,0.002706392,0.002472701,0.002245417,0.002004553,0.001731628,0.001397924,0.000950694637,0.00031158797,-0.000604267278,-0.001846837,-0.003380316],"unit":"S"},"timestamps":{"value":[0.019,0.053,0.08800001,0.122,0.156,0.19,0.224,0.258,0.293,0.327,0.361,0.395,0.429,0.464,0.498,0.532,0.566,0.6,0.6350001,0.669,0.703,0.737,0.771,0.8060001,0.84,0.874,0.909,0.943,0.9770001,0.019,0.053,0.087,0.121,0.156,0.19,0.224,0.258,0.293,0.327,0.361,0.395,0.429,0.464,0.498,0.532,0.566,0.6,0.634,0.669,0.703,0.737,0.771,0.8050001,0.84,0.874,0.9080001,0.942,0.9760001],"unit":"s"},"sweep_direction":{"unit":"","value":"Reverse"},"p_max":{"unit":"mW","value":1.863},"v_p_max":{"unit":"V","value":0.95},"i_p_max":{"unit":"mA","value":1.961},"isc":{"unit":"mA","value":2.086},"voc":{"unit":"V","value":1.112},"jsc":{"unit":"mA\/cm2","value":22.263},"fill_factor":{"unit":"%","value":80.324},"efficiency":{"unit":"%","value":19.882},"r_s":{"unit":"ohms","value":34.304},"r_sh":{"unit":"ohms","value":8994.516},"temperature":{"unit":"oC","value":22.733},"cell_dimension":{"value":0.09369999908800067,"unit":"cm2"},"key":"Reverse_[G2#C1]_Group-2_Dynamic"}]}}