{"_id":"65670a3e52c39b1845288f50","id":"CNU_HEMD-SC-00129","author":112,"group":9,"input":[{"tco":{"unit":null,"value":"ITO"}},{"etl":[{"material":{"unit":null,"value":"SnO2"},"concentration":{"unit":null,"value":"15"},"conc_unit":{"unit":null,"value":"wt%"},"quantity":{"unit":"ml","value":"0.01"}}],"solvent":[{"material":{"unit":null,"value":"DI-Water"},"volume":{"unit":"ml","value":"0.05"}}],"spin_coating":[{"type":{"unit":null,"value":"drop&run"},"rpm":{"unit":null,"value":"3000"},"time":{"unit":"s","value":"30"}}],"annealing":[{"temperature":{"unit":"oC","value":"105"},"time":{"unit":"m","value":"30"}}]},{"perovskite":{"method":{"unit":null,"value":"1step"},"molarity":{"unit":"M","value":"1.27M"},"a_site":[{"material":{"unit":null,"value":"FA"},"ratio":{"unit":"%","value":"95"}},{"material":{"unit":null,"value":"MA"},"ratio":{"unit":"%","value":"5"}}],"b_site":[{"material":{"unit":null,"value":"Pb"},"ratio":{"unit":"%","value":"110"}}],"x_site":[{"material":{"unit":null,"value":"I"},"ratio":{"unit":"%","value":"95"}},{"material":{"unit":null,"value":"Br"},"ratio":{"unit":"%","value":"5"}}],"solvent":[{"material":{"unit":null,"value":"DMF"},"volume":{"unit":"ml","value":"0.8"}},{"material":{"unit":null,"value":"DMSO"},"volume":{"unit":"ml","value":"0.1"}}],"additive":[{"material":{"unit":null,"value":"MACl"},"solvent":{"unit":null,"value":"DMF+DMSO"},"concentration":{"unit":null,"value":"0.167"},"conc_unit":{"unit":null,"value":"M"},"quantity":{"unit":"mol%","value":"44"}}],"antisolvent":[{"material":{"unit":null,"value":"DEE"},"quantity":{"unit":"ul","value":"1000"},"dripping_time":{"unit":"s","value":"12"}}],"spin_coating":[{"type":{"unit":null,"value":"drop&run"},"rpm":{"unit":null,"value":"5000"},"time":{"unit":"s","value":"14"}}],"annealing":[{"temperature":{"unit":"oC","value":"105"},"time":{"unit":"m","value":"60"}}],"atmosphere":[{"type":{"unit":null,"value":"air"},"temperature":{"unit":"oC","value":"22"},"humidity":{"unit":"RH%","value":"18"}}]}},{"htl":[{"material":{"unit":null,"value":"Spiro-OMeTAD_Lumtec"},"concentration":{"unit":null,"value":"0.091"},"conc_unit":{"unit":null,"value":"mg\/ml"},"quantity":{"unit":"ml","value":"0.08"}}],"solvent":[{"material":{"unit":null,"value":"CB"},"volume":{"unit":"ml","value":"1"}}],"htl_doping":[{"material":{"unit":null,"value":"tBP"},"volume":{"unit":"ul","value":"0.0354"}},{"material":{"unit":null,"value":"Li-TFSI"},"volume":{"unit":"ul","value":"0.0209"}},{"material":{"unit":null,"value":"Co-TFSI"},"volume":{"unit":"ul","value":"0.00909"}}],"spin_coating":[{"type":{"unit":null,"value":"dynamic"},"rpm":{"unit":null,"value":"3000"},"time":{"unit":"s","value":"30"}}]},{"anode_metal":{"unit":null,"value":"Ag"}},{"type":{"unit":null,"value":"unit_cell"},"device_type":{"unit":null,"value":"n-i-p"},"cell_dimension":{"unit":"cm2","value":"0.0937"}}],"fileinfo":[{"key":"Reverse_[G3#C4]_Group-3_Dynamic","uploadType":"JV","original_name":"[G3#C4]_Group-3_Dynamic-IV_[231122_141650].csv","save_name":"CNU_HEMD-SC-00129\/Reverse_[G3#C4]_Group-3_Dynamic","uploader":112,"fileType":""},{"key":"Reverse_[G1#C1]_Group-1_Dynamic","uploadType":"JV","original_name":"[G1#C1]_Group-1_Dynamic-IV_[231122_141650].csv","save_name":"CNU_HEMD-SC-00129\/Reverse_[G1#C1]_Group-1_Dynamic","uploader":112,"fileType":""},{"key":"Reverse_[G1#C2]_Group-1_Dynamic","uploadType":"JV","original_name":"[G1#C2]_Group-1_Dynamic-IV_[231122_141650].csv","save_name":"CNU_HEMD-SC-00129\/Reverse_[G1#C2]_Group-1_Dynamic","uploader":112,"fileType":""},{"key":"Reverse_[G1#C3]_Group-1_Dynamic","uploadType":"JV","original_name":"[G1#C3]_Group-1_Dynamic-IV_[231122_141650].csv","save_name":"CNU_HEMD-SC-00129\/Reverse_[G1#C3]_Group-1_Dynamic","uploader":112,"fileType":""},{"key":"Reverse_[G2#C1]_Group-2_Dynamic","uploadType":"JV","original_name":"[G2#C1]_Group-2_Dynamic-IV_[231122_141650].csv","save_name":"CNU_HEMD-SC-00129\/Reverse_[G2#C1]_Group-2_Dynamic","uploader":112,"fileType":""},{"key":"Reverse_[G2#C2]_Group-2_Dynamic","uploadType":"JV","original_name":"[G2#C2]_Group-2_Dynamic-IV_[231122_141650].csv","save_name":"CNU_HEMD-SC-00129\/Reverse_[G2#C2]_Group-2_Dynamic","uploader":112,"fileType":""},{"key":"Reverse_[G2#C3]_Group-2_Dynamic","uploadType":"JV","original_name":"[G2#C3]_Group-2_Dynamic-IV_[231122_141650].csv","save_name":"CNU_HEMD-SC-00129\/Reverse_[G2#C3]_Group-2_Dynamic","uploader":112,"fileType":""},{"key":"Reverse_[G2#C4]_Group-2_Dynamic","uploadType":"JV","original_name":"[G2#C4]_Group-2_Dynamic-IV_[231122_141650].csv","save_name":"CNU_HEMD-SC-00129\/Reverse_[G2#C4]_Group-2_Dynamic","uploader":112,"fileType":""},{"key":"Reverse_[G3#C1]_Group-3_Dynamic","uploadType":"JV","original_name":"[G3#C1]_Group-3_Dynamic-IV_[231122_141650].csv","save_name":"CNU_HEMD-SC-00129\/Reverse_[G3#C1]_Group-3_Dynamic","uploader":112,"fileType":""},{"key":"Reverse_[G3#C2]_Group-3_Dynamic","uploadType":"JV","original_name":"[G3#C2]_Group-3_Dynamic-IV_[231122_141650].csv","save_name":"CNU_HEMD-SC-00129\/Reverse_[G3#C2]_Group-3_Dynamic","uploader":112,"fileType":""},{"key":"Reverse_[G3#C3]_Group-3_Dynamic","uploadType":"JV","original_name":"[G3#C3]_Group-3_Dynamic-IV_[231122_141650].csv","save_name":"CNU_HEMD-SC-00129\/Reverse_[G3#C3]_Group-3_Dynamic","uploader":112,"fileType":""}],"jvcnt":11,"updated_at":"2024-08-30 12:13:42","created_at":"2023-11-29 09:54:06","analysisInfo":{"JV":[{"efficiency":19.97,"fill_factor":81.869,"jsc":22.939,"voc":1.063,"key":"Reverse_[G3#C4]_Group-3_Dynamic","cell_dimension":0.09370000040524655},{"efficiency":12.128,"fill_factor":52.759,"jsc":22.986,"voc":1,"key":"Reverse_[G3#C3]_Group-3_Dynamic","cell_dimension":0.09369999670813345},{"efficiency":20.106,"fill_factor":81.978,"jsc":23.035,"voc":1.065,"key":"Reverse_[G3#C2]_Group-3_Dynamic","cell_dimension":0.09369999965634636},{"efficiency":20.217,"fill_factor":81.968,"jsc":22.804,"voc":1.082,"key":"Reverse_[G3#C1]_Group-3_Dynamic","cell_dimension":0.09370000041618587},{"efficiency":17.225,"fill_factor":70.998,"jsc":22.89,"voc":1.06,"key":"Reverse_[G2#C4]_Group-2_Dynamic","cell_dimension":0.09370000088677438},{"efficiency":19.757,"fill_factor":81.42,"jsc":22.983,"voc":1.056,"key":"Reverse_[G2#C3]_Group-2_Dynamic","cell_dimension":0.09369999965513773},{"efficiency":17.294,"fill_factor":71.537,"jsc":22.831,"voc":1.059,"key":"Reverse_[G2#C2]_Group-2_Dynamic","cell_dimension":0.09369999893930994},{"efficiency":14.871,"fill_factor":64.559,"jsc":22.601,"voc":1.019,"key":"Reverse_[G2#C1]_Group-2_Dynamic","cell_dimension":0.09370000073673841},{"efficiency":19.32,"fill_factor":80.158,"jsc":22.821,"voc":1.056,"key":"Reverse_[G1#C3]_Group-1_Dynamic","cell_dimension":0.09369999986887577},{"efficiency":18.68,"fill_factor":78.021,"jsc":22.814,"voc":1.049,"key":"Reverse_[G1#C2]_Group-1_Dynamic","cell_dimension":0.09370000050980218},{"efficiency":14.989,"fill_factor":66.562,"jsc":22.107,"voc":1.019,"key":"Reverse_[G1#C1]_Group-1_Dynamic","cell_dimension":0.09370000021828007}]},"public":2,"tags":[],"analysis":{"JV":[{"V":{"value":[1.2,1.15,1.1,1.05,1,0.95,0.9,0.85,0.8,0.75,0.7,0.65,0.6,0.55,0.5,0.45,0.4,0.35,0.3,0.25,0.2,0.15,0.1,0.05,0,-0.05,-0.1,-0.15,-0.2],"unit":"V"},"J":{"value":[-0.057002337,-0.037307225,-0.013639348999999999,0.004994772000000001,0.016212368999999997,0.020780875,0.022189072,0.022616606,0.022772775,0.022828697999999998,0.022868227999999997,0.022883244,0.022887651999999998,0.022894568,0.02291079,0.022912102,0.022956553,0.022956596000000003,0.022952262999999997,0.022951387,0.022961547,0.022952743,0.02295063,0.022947652000000002,0.022938622999999998,0.022965197,0.022940534,0.022938581,0.022951942],"unit":"A\/cm2"},"power_density":{"value":[-68.402805,-42.903906,-15.003448,5.24456,16.212612,19.742066,19.970442,19.224292,18.218507,17.121752,16.007913,14.874155,13.732612,12.59193,11.455269,10.310966,9.183018,8.035238,6.885924,5.737966,4.59247,3.442914,2.294929,1.147212,-0.000295325599,-1.147706,-2.293745,-3.440106,-4.590095],"unit":"mW\/cm2"},"I":{"value":[-0.005341119,-0.0034956870000000004,-0.0012780069999999998,0.00046801009999999997,0.0015190989999999999,0.001947168,0.0020791159999999998,0.002119176,0.002133809,0.002139049,0.002142753,0.00214416,0.002144573,0.0021452209999999997,0.002146741,0.002146864,0.002151029,0.002151033,0.002150627,0.0021505450000000002,0.002151497,0.002150672,0.002150474,0.002150195,0.002149349,0.002151839,0.002149528,0.002149345,0.0021505969999999998],"unit":"A"},"power":{"value":[-6.409343,-4.020096,-1.405823,0.491415285,1.519122,1.849832,1.87123,1.801316,1.707074,1.604308,1.499941,1.393708,1.286746,1.179864,1.073359,0.966137534,0.860448813,0.752901774,0.645211112,0.537647433,0.43031446,0.322601015,0.215034884,0.107493753,-2.7672009e-5,-0.107540026,-0.214923889,-0.322337914,-0.430091872],"unit":"mW"},"resistance":{"value":[-224.672021,-328.981399,-860.72455,2243.563,658.294818,487.893854,432.882292,401.102976,374.92231,350.627779,326.68567,303.149951,279.776394,256.382163,232.908628,209.618634,185.965554,162.721213,139.499179,116.25202,92.961784,69.745689,46.49867,23.250245,-0.00599,-23.224725,-46.515584,-69.774885,-92.991481],"unit":"ohms"},"conductance":{"value":[-0.004450933,-0.003039686,-0.001161812,0.00044571966,0.001519076,0.002049626,0.002310097,0.002493125,0.002667219,0.002852027,0.003061046,0.003298698,0.003574283,0.003900427,0.004293529,0.004770568,0.00537734,0.00614548,0.007168501,0.008602001,0.010757109,0.014337804,0.021505992,0.0430103,-166.944915,-0.04305756,-0.021498172,-0.014331804,-0.010753673],"unit":"S"},"timestamps":{"value":[0.019,0.053,0.087,0.121,0.155,0.19,0.224,0.258,0.292,0.326,0.361,0.395,0.429,0.463,0.497,0.532,0.566,0.6,0.634,0.668,0.702,0.737,0.771,0.8050001,0.839,0.874,0.9080001,0.942,0.9760001],"unit":"s"},"sweep_direction":{"unit":"","value":"Reverse"},"p_max":{"unit":"mW","value":1.871},"v_p_max":{"unit":"V","value":0.9},"i_p_max":{"unit":"mA","value":2.079},"isc":{"unit":"mA","value":2.149},"voc":{"unit":"V","value":1.063},"jsc":{"unit":"mA\/cm2","value":22.939},"fill_factor":{"unit":"%","value":81.869},"efficiency":{"unit":"%","value":19.97},"r_s":{"unit":"ohms","value":31.436},"r_sh":{"unit":"ohms","value":13454.986},"temperature":{"unit":"oC","value":100},"cell_dimension":{"value":0.09370000040524655,"unit":"cm2"},"key":"Reverse_[G3#C4]_Group-3_Dynamic"},{"V":{"value":[1.2,1.15,1.1,1.05,1,0.95,0.9,0.85,0.8,0.75,0.7,0.65,0.6,0.55,0.5,0.45,0.4,0.35,0.3,0.25,0.2,0.15,0.1,0.05,0,-0.05,-0.1,-0.15,-0.2],"unit":"V"},"J":{"value":[-0.012394183999999999,-0.00918127,-0.005243574,-0.002017124,2.246306e-6,0.001209129,0.002097693,0.0030370460000000003,0.004378588,0.0067238309999999996,0.011018228000000001,0.016677097,0.020213276,0.021618527000000002,0.022209349,0.022494098,0.022662604000000003,0.022776628,0.022840726,0.022897834,0.022926596,0.022944152,0.022968975,0.022987449,0.022985955,0.023011996,0.022998399,0.023015699,0.023016585],"unit":"A\/cm2"},"power_density":{"value":[-14.873045,-10.558617,-5.768,-2.118002,0.002246349,1.148684,1.887943,2.581502,3.502916,5.042937,7.712841,10.840146,12.127978,11.890101,11.104532,10.122808,9.065372,7.972225,6.852451,5.724561,4.585461,3.441609,2.296748,1.149174,-0.000306895601,-1.150061,-2.299525,-3.451644,-4.603006],"unit":"mW\/cm2"},"I":{"value":[-0.001161335,-0.0008602849999999999,-0.0004913229,-0.0001890045,2.104789e-7,0.0001132954,0.0001965538,0.0002845712,0.00041027370000000003,0.000630023,0.001032408,0.001562644,0.0018939839999999998,0.0020256560000000002,0.0020810159999999998,0.002107697,0.0021234860000000004,0.0021341700000000003,0.0021401759999999997,0.002145527,0.002148222,0.002149867,0.002152193,0.0021539239999999998,0.0021537839999999997,0.002156224,0.00215495,0.002156571,0.002156654],"unit":"A"},"power":{"value":[-1.393604,-0.989342375,-0.540461577,-0.198456804,0.000210482899,0.107631661,0.176900268,0.241886772,0.328223227,0.472523235,0.72269324,1.015722,1.136392,1.114102,1.040495,0.948507069,0.849425403,0.746997488,0.64207463,0.536391405,0.429657719,0.32247876,0.215205246,0.107677612,-2.8756118e-5,-0.107760723,-0.215465499,-0.323419012,-0.431301685],"unit":"mW"},"resistance":{"value":[-1033.295,-1336.786,-2238.88,-5555.481,4751160,8385.24,4578.947,2986.966,1949.943,1190.448,678.033684,415.962945,316.792856,271.514956,240.264179,213.512948,188.376377,164.006522,140.180153,116.523586,93.103134,69.771479,46.4612,23.20944,-0.006199062,-23.177828,-46.398436,-69.540534,-92.729988],"unit":"ohms"},"conductance":{"value":[-0.000967777554,-0.000748062855,-0.000446651903,-0.0001800024,2.10474901e-7,0.000119257173,0.00021839083,0.000334787914,0.000512835458,0.000840020026,0.001474853,0.00240406,0.003156637,0.003683038,0.004162085,0.004683557,0.005308521,0.006097318,0.007133677,0.008581954,0.010740777,0.014332504,0.021523335,0.043085917,-161.314735,-0.04314468,-0.021552451,-0.014380102,-0.010783998],"unit":"S"},"timestamps":{"value":[0.019,0.054,0.08800001,0.122,0.156,0.19,0.224,0.259,0.293,0.327,0.361,0.395,0.43,0.464,0.498,0.532,0.566,0.601,0.6350001,0.669,0.703,0.737,0.772,0.8060001,0.84,0.8750001,0.909,0.943,0.9770001],"unit":"s"},"sweep_direction":{"unit":"","value":"Reverse"},"p_max":{"unit":"mW","value":1.136},"v_p_max":{"unit":"V","value":0.6},"i_p_max":{"unit":"mA","value":1.894},"isc":{"unit":"mA","value":2.154},"voc":{"unit":"V","value":1},"jsc":{"unit":"mA\/cm2","value":22.986},"fill_factor":{"unit":"%","value":52.759},"efficiency":{"unit":"%","value":12.128},"r_s":{"unit":"ohms","value":230.449},"r_sh":{"unit":"ohms","value":2674.248},"temperature":{"unit":"oC","value":100},"cell_dimension":{"value":0.09369999670813345,"unit":"cm2"},"key":"Reverse_[G3#C3]_Group-3_Dynamic"},{"V":{"value":[1.2,1.15,1.1,1.05,1,0.95,0.9,0.85,0.8,0.75,0.7,0.65,0.6,0.55,0.5,0.45,0.4,0.35,0.3,0.25,0.2,0.15,0.1,0.05,0,-0.05,-0.1,-0.15,-0.2],"unit":"V"},"J":{"value":[-0.054415251,-0.034958655,-0.012627684,0.0052756,0.016348078999999998,0.020958570000000003,0.022339552000000002,0.022756531,0.022880534,0.022935486,0.02296492,0.022989776,0.023002337,0.023016948,0.023010587000000002,0.022995293,0.02300206,0.023010907,0.023002295,0.023017588,0.023034803,0.023035219000000003,0.023036542,0.023050576,0.023034503999999997,0.023060224,0.023030043,0.023025977,0.023022529],"unit":"A\/cm2"},"power_density":{"value":[-65.298464,-40.203083,-13.890617,5.539433,16.348324,19.910878,20.105887,19.343218,18.30472,17.201827,16.075582,14.943416,13.801451,12.659238,11.505155,10.348388,9.20121,8.054239,6.900907,5.754501,4.607131,3.455274,2.303509,1.15233,-0.000318527567,-1.152482,-2.3027,-3.453224,-4.6042],"unit":"mW\/cm2"},"I":{"value":[-0.005098709000000001,-0.003275626,-0.001183214,0.0004943237,0.001531815,0.001963818,0.002093216,0.0021322869999999996,0.0021439059999999997,0.002149055,0.0021518130000000002,0.002154142,0.002155319,0.002156688,0.002156092,0.002154659,0.002155293,0.002156122,0.0021553149999999997,0.002156748,0.002158361,0.0021584,0.0021585239999999998,0.0021598389999999998,0.0021583329999999997,0.002160743,0.002157915,0.002157534,0.002157211],"unit":"A"},"power":{"value":[-6.118466,-3.767029,-1.301551,0.519044828,1.531838,1.865649,1.883922,1.81246,1.715152,1.611811,1.506282,1.400198,1.293196,1.186171,1.078033,0.969643952,0.862153409,0.754682157,0.646614975,0.539196705,0.431688172,0.323759137,0.215838823,0.107973311,-2.9846033e-5,-0.107987583,-0.215762994,-0.3235671,-0.431413509],"unit":"mW"},"resistance":{"value":[-235.354283,-351.083426,-929.682205,2124.134,652.830139,483.757303,429.966616,398.636441,373.156659,348.99493,325.309867,301.745521,278.38204,255.018992,231.898268,208.859963,185.597411,162.336964,139.195199,115.917344,92.666333,69.495738,46.32504,23.145878,-0.006406926,-23.129572,-46.334907,-69.510283,-92.706138],"unit":"ohms"},"conductance":{"value":[-0.004248914,-0.002848326,-0.001075636,0.000470779993,0.001531792,0.002067152,0.002325762,0.002508551,0.00267984,0.002865371,0.003073992,0.003314051,0.003592186,0.003921277,0.004312236,0.004787897,0.005388006,0.006160026,0.007184156,0.008626837,0.010791406,0.014389372,0.021586598,0.043204237,-156.081089,-0.043234696,-0.021582001,-0.014386361,-0.010786772],"unit":"S"},"timestamps":{"value":[0.019,0.053,0.087,0.121,0.155,0.189,0.224,0.258,0.292,0.326,0.36,0.395,0.429,0.463,0.497,0.531,0.566,0.6,0.634,0.668,0.702,0.737,0.771,0.8050001,0.839,0.874,0.9080001,0.942,0.9760001],"unit":"s"},"sweep_direction":{"unit":"","value":"Reverse"},"p_max":{"unit":"mW","value":1.884},"v_p_max":{"unit":"V","value":0.9},"i_p_max":{"unit":"mA","value":2.093},"isc":{"unit":"mA","value":2.158},"voc":{"unit":"V","value":1.065},"jsc":{"unit":"mA\/cm2","value":23.035},"fill_factor":{"unit":"%","value":81.978},"efficiency":{"unit":"%","value":20.106},"r_s":{"unit":"ohms","value":32.615},"r_sh":{"unit":"ohms","value":14537.55},"temperature":{"unit":"oC","value":100},"cell_dimension":{"value":0.09369999965634636,"unit":"cm2"},"key":"Reverse_[G3#C2]_Group-3_Dynamic"},{"V":{"value":[1.2,1.15,1.1,1.05,1,0.95,0.9,0.85,0.8,0.75,0.7,0.65,0.6,0.55,0.5,0.45,0.4,0.35,0.3,0.25,0.2,0.15,0.1,0.05,0,-0.05,-0.1,-0.15,-0.2],"unit":"V"},"J":{"value":[-0.046373511,-0.026496574,-0.005693372,0.009743582999999998,0.018171804000000003,0.021280373999999998,0.022185496,0.022484792,0.022594556999999998,0.022645250999999998,0.022689936,0.022732102,0.022743469000000002,0.022757769,0.022746201,0.02275222,0.022763714,0.022779947,0.02278556,0.022786051,0.022806628,0.022801644,0.022804461,0.022808613000000002,0.022803841999999998,0.022824802999999998,0.02282048,0.022811579999999998,0.022820961],"unit":"A\/cm2"},"power_density":{"value":[-55.648538,-30.471564,-6.262789,10.230879,18.172076,20.216595,19.967186,19.112222,18.075919,16.984153,15.88308,14.775901,13.646133,12.516691,11.372964,10.239004,9.105857,7.973391,6.835885,5.696606,4.561474,3.42021,2.280286,1.140228,-0.000326211469,-1.140722,-2.281763,-3.421075,-4.563905],"unit":"mW\/cm2"},"I":{"value":[-0.004345198,-0.002482729,-0.000533469,0.0009129737,0.001702698,0.0019939709999999998,0.002078781,0.002106825,0.0021171099999999997,0.0021218599999999997,0.002126047,0.002129998,0.0021310630000000003,0.002132403,0.002131319,0.002131883,0.00213296,0.002134481,0.002135007,0.002135053,0.002136981,0.002136514,0.002136778,0.0021371669999999997,0.00213672,0.002138684,0.002138279,0.002137445,0.002138324],"unit":"A"},"power":{"value":[-5.214268,-2.855186,-0.586823369,0.958633341,1.702724,1.894295,1.870925,1.790815,1.693714,1.591415,1.488245,1.384502,1.278643,1.172814,1.065647,0.959394678,0.853218767,0.747106771,0.640522383,0.533772004,0.42741009,0.320473682,0.213662821,0.106839393,-3.0566015e-5,-0.106885652,-0.213801193,-0.320554764,-0.427637857],"unit":"mW"},"resistance":{"value":[-276.168543,-463.207624,-2062.002,1150.101,587.312019,476.441884,432.951234,403.453823,377.879326,353.467948,329.252128,305.16531,281.55071,257.923291,234.593695,211.091415,187.54046,163.98272,140.519211,117.095032,93.593017,70.207076,46.796153,23.391307,-0.006694892,-23.368249,-46.760741,-70.163677,-93.525303],"unit":"ohms"},"conductance":{"value":[-0.003620977,-0.002158859,-0.000484965646,0.000869488825,0.001702672,0.002098892,0.002309729,0.002478598,0.002646347,0.002829111,0.003037186,0.003276912,0.003551758,0.003877122,0.004262689,0.004737284,0.005332183,0.006098204,0.007116465,0.008540072,0.010684558,0.014243579,0.021369278,0.042750924,-149.367604,-0.042793108,-0.021385461,-0.014252389,-0.010692294],"unit":"S"},"timestamps":{"value":[0.02,0.054,0.08800001,0.122,0.156,0.191,0.225,0.259,0.293,0.327,0.362,0.396,0.43,0.464,0.498,0.5330001,0.567,0.601,0.6350001,0.669,0.7040001,0.738,0.772,0.8060001,0.84,0.8750001,0.909,0.943,0.9770001],"unit":"s"},"sweep_direction":{"unit":"","value":"Reverse"},"p_max":{"unit":"mW","value":1.894},"v_p_max":{"unit":"V","value":0.95},"i_p_max":{"unit":"mA","value":1.994},"isc":{"unit":"mA","value":2.137},"voc":{"unit":"V","value":1.082},"jsc":{"unit":"mA\/cm2","value":22.804},"fill_factor":{"unit":"%","value":81.968},"efficiency":{"unit":"%","value":20.217},"r_s":{"unit":"ohms","value":31.541},"r_sh":{"unit":"ohms","value":7012.133},"temperature":{"unit":"oC","value":100},"cell_dimension":{"value":0.09370000041618587,"unit":"cm2"},"key":"Reverse_[G3#C1]_Group-3_Dynamic"},{"V":{"value":[1.2,1.15,1.1,1.05,1,0.95,0.9,0.85,0.8,0.75,0.7,0.65,0.6,0.55,0.5,0.45,0.4,0.35,0.3,0.25,0.2,0.15,0.1,0.05,0,-0.05,-0.1,-0.15,-0.2],"unit":"V"},"J":{"value":[-0.025147321,-0.017430875000000002,-0.006141859,0.0015178869999999999,0.008211442,0.013411345000000002,0.017935144,0.02026445,0.020508196000000003,0.021499296,0.021608388000000003,0.021852028,0.021980747000000002,0.022170662,0.022309424,0.022363275999999998,0.022497279,0.022575699,0.022632667999999998,0.022699604999999998,0.022754609999999998,0.022791163,0.022835966,0.022868356,0.022890395,0.022918303,0.022907193,0.022893917,0.024382679],"unit":"A\/cm2"},"power_density":{"value":[-30.176962,-20.045872,-6.756113,1.593739,8.211326,12.740902,16.141802,17.225105,16.406762,16.124594,15.125982,14.203836,13.188472,12.193777,11.154578,10.063955,8.999267,7.901901,6.790011,5.674994,4.551063,3.418649,2.283458,1.143215,-0.000349279728,-1.145411,-2.290422,-3.433424,-4.875909],"unit":"mW\/cm2"},"I":{"value":[-0.002356304,-0.001633273,-0.0005754922,0.000142226,0.0007694121000000001,0.001256643,0.001680523,0.001898779,0.0019216180000000002,0.002014484,0.0020247060000000002,0.002047535,0.002059596,0.002077391,0.0020903930000000003,0.0020954389999999997,0.0021079949999999997,0.002115343,0.0021206809999999997,0.002126953,0.002132107,0.002135532,0.0021397300000000003,0.0021427649999999996,0.00214483,0.002147445,0.002146404,0.00214516,0.0022846570000000003],"unit":"A"},"power":{"value":[-2.827581,-1.878298,-0.63304775,0.149333318,0.769401251,1.193823,1.512487,1.613992,1.537314,1.510874,1.417305,1.330899,1.23576,1.142557,1.045184,0.942992602,0.843231306,0.740408126,0.636224022,0.531746971,0.426434619,0.320327451,0.213960033,0.107119244,-3.2727511e-5,-0.107325049,-0.214612561,-0.32171179,-0.456872684],"unit":"mW"},"resistance":{"value":[-509.275119,-704.120499,-1911.426,7382.42,1299.675,755.989808,535.553277,447.664473,416.321038,372.306606,345.731726,317.455282,291.319803,264.753289,239.186603,214.762396,189.761266,165.46631,141.468377,117.540961,93.806831,70.239594,46.732036,23.330197,-0.007114219,-23.273248,-46.583509,-69.911335,-87.529244],"unit":"ohms"},"conductance":{"value":[-0.001963575,-0.001420211,-0.000523169496,0.000135456946,0.000769422949,0.001322769,0.001867228,0.002233816,0.002401992,0.002685958,0.002892416,0.00315005,0.003432654,0.003777101,0.004180836,0.004656309,0.005269779,0.006043526,0.007068718,0.008507672,0.010660205,0.014236984,0.021398597,0.042862904,-140.56357,-0.042967789,-0.021466824,-0.014303832,-0.011424753],"unit":"S"},"timestamps":{"value":[0.019,0.053,0.087,0.122,0.156,0.19,0.224,0.258,0.292,0.327,0.361,0.395,0.429,0.463,0.498,0.532,0.566,0.6,0.634,0.669,0.703,0.737,0.771,0.8050001,0.84,0.874,0.9080001,0.942,0.9770001],"unit":"s"},"sweep_direction":{"unit":"","value":"Reverse"},"p_max":{"unit":"mW","value":1.614},"v_p_max":{"unit":"V","value":0.85},"i_p_max":{"unit":"mA","value":1.899},"isc":{"unit":"mA","value":2.145},"voc":{"unit":"V","value":1.06},"jsc":{"unit":"mA\/cm2","value":22.89},"fill_factor":{"unit":"%","value":70.998},"efficiency":{"unit":"%","value":17.225},"r_s":{"unit":"ohms","value":71.281},"r_sh":{"unit":"ohms","value":3531.637},"temperature":{"unit":"oC","value":100},"cell_dimension":{"value":0.09370000088677438,"unit":"cm2"},"key":"Reverse_[G2#C4]_Group-2_Dynamic"},{"V":{"value":[1.2,1.15,1.1,1.05,1,0.95,0.9,0.85,0.8,0.75,0.7,0.65,0.6,0.55,0.5,0.45,0.4,0.35,0.3,0.25,0.2,0.15,0.1,0.05,0,-0.05,-0.1,-0.15,-0.2],"unit":"V"},"J":{"value":[-0.053354632,-0.037226275,-0.015896073,0.002089243,0.014297480999999999,0.020033297999999998,0.021952273,0.022534226,0.022750832,0.022832625,0.022877343,0.022914845,0.02293413,0.022942166,0.022965144,0.022961526,0.022962102,0.022954386,0.022954194,0.022940672,0.022954963,0.022954034,0.022969413,0.022981964,0.022982935000000003,0.022997503,0.02298429,0.022990511999999998,0.022991025000000002],"unit":"A\/cm2"},"power_density":{"value":[-64.025612,-42.810775,-17.485823,2.193735,14.297681,19.031835,19.757305,19.154241,18.20093,17.124659,16.014261,14.894679,13.760476,12.618109,11.482446,10.333176,9.185227,8.034448,6.886492,5.735278,4.591153,3.443103,2.296802,1.1489,-0.000317814459,-1.149337,-2.298114,-3.447906,-4.597927],"unit":"mW\/cm2"},"I":{"value":[-0.004999329,-0.003488102,-0.001489462,0.0001957621,0.0013396740000000001,0.00187712,0.002056928,0.002111457,0.0021317529999999997,0.002139417,0.0021436069999999996,0.0021471209999999997,0.002148928,0.002149681,0.002151834,0.0021514950000000002,0.002151549,0.0021508259999999998,0.002150808,0.002149541,0.00215088,0.0021507930000000002,0.002152234,0.00215341,0.002153501,0.002154866,0.002153628,0.002154211,0.002154259],"unit":"A"},"power":{"value":[-5.9992,-4.01137,-1.638422,0.205552946,1.339693,1.783283,1.851259,1.794752,1.705427,1.604581,1.500536,1.395631,1.289357,1.182317,1.075905,0.968218577,0.860655746,0.752827815,0.645264338,0.537395568,0.430191056,0.322618735,0.215210357,0.107651916,-2.9779215e-5,-0.107692855,-0.215333317,-0.323068747,-0.430825733],"unit":"mW"},"resistance":{"value":[-240.032412,-329.696494,-738.527737,5363.725,746.460706,506.099823,437.551436,402.568748,375.28344,350.566673,326.554868,302.731565,279.208936,255.85024,232.357375,209.166789,185.920376,162.736549,139.487207,116.306132,92.988451,69.741672,46.460534,23.21498,-0.006421302,-23.192435,-46.426918,-69.617507,-92.833731],"unit":"ohms"},"conductance":{"value":[-0.004166104,-0.003033093,-0.001354045,0.000186437609,0.001339655,0.001975895,0.002285446,0.002484048,0.002664653,0.002852524,0.003062273,0.003303256,0.003581547,0.003908536,0.004303715,0.004780874,0.005378647,0.006144901,0.007169116,0.008597999,0.010754024,0.01433863,0.021523644,0.043075635,-155.73166,-0.043117508,-0.021539229,-0.014364203,-0.010771947],"unit":"S"},"timestamps":{"value":[0.019,0.053,0.087,0.121,0.156,0.19,0.224,0.258,0.292,0.327,0.361,0.395,0.429,0.463,0.498,0.532,0.566,0.6,0.634,0.669,0.703,0.737,0.771,0.8050001,0.839,0.874,0.9080001,0.942,0.9760001],"unit":"s"},"sweep_direction":{"unit":"","value":"Reverse"},"p_max":{"unit":"mW","value":1.851},"v_p_max":{"unit":"V","value":0.9},"i_p_max":{"unit":"mA","value":2.057},"isc":{"unit":"mA","value":2.154},"voc":{"unit":"V","value":1.056},"jsc":{"unit":"mA\/cm2","value":22.983},"fill_factor":{"unit":"%","value":81.42},"efficiency":{"unit":"%","value":19.757},"r_s":{"unit":"ohms","value":33.651},"r_sh":{"unit":"ohms","value":9757.477},"temperature":{"unit":"oC","value":100},"cell_dimension":{"value":0.09369999965513773,"unit":"cm2"},"key":"Reverse_[G2#C3]_Group-2_Dynamic"},{"V":{"value":[1.2,1.15,1.1,1.05,1,0.95,0.9,0.85,0.8,0.75,0.7,0.65,0.6,0.55,0.5,0.45,0.4,0.35,0.3,0.25,0.2,0.15,0.1,0.05,0,-0.05,-0.1,-0.15,-0.2],"unit":"V"},"J":{"value":[-0.032337439,-0.019193074,-0.007847501,0.001683776,0.009810514,0.015647866,0.018904739,0.020345229,0.021032327,0.02143048,0.021663458,0.02185334,0.022014258000000002,0.022112956,0.022234300999999998,0.022321089000000002,0.022409712,0.022474973,0.022534428999999998,0.022574300999999998,0.02265175,0.02268555,0.022742699999999998,0.022790192,0.022830960999999997,0.022865486,0.022859967999999998,0.02287334,0.022885486],"unit":"A\/cm2"},"power_density":{"value":[-38.80525,-22.072399,-8.63236,1.767983,9.810652,14.865618,17.014459,17.293565,16.826091,16.073044,15.164535,14.204689,13.208595,12.162035,11.117002,10.044939,8.964246,7.866652,6.760547,5.643684,4.530509,3.402819,2.274132,1.139302,-0.000304826199,-1.142739,-2.285684,-3.430294,-4.576788],"unit":"mW\/cm2"},"I":{"value":[-0.003030018,-0.001798391,-0.0007353108,0.0001577698,0.0009192452,0.001466205,0.001771374,0.001906348,0.001970729,0.0020080360000000004,0.002029866,0.0020476580000000004,0.002062736,0.0020719840000000002,0.002083354,0.002091486,0.0020997900000000003,0.002105905,0.002111476,0.002115212,0.002122469,0.002125636,0.002130991,0.002135441,0.002139261,0.002142496,0.002141979,0.0021432319999999997,0.00214437],"unit":"A"},"power":{"value":[-3.636052,-2.068184,-0.808852174,0.165660025,0.919258069,1.392908,1.594255,1.620407,1.576605,1.506044,1.420917,1.330979,1.237645,1.139583,1.041663,0.941210739,0.839949807,0.737105288,0.633463281,0.528813153,0.424508657,0.318844125,0.213086186,0.106752596,-2.8562215e-5,-0.107074644,-0.214168576,-0.321418574,-0.428845051],"unit":"mW"},"resistance":{"value":[-396.040552,-639.471061,-1495.985,6655.336,1087.864,647.937567,508.085983,445.881812,405.946683,373.503563,344.852961,317.436212,290.87668,265.444086,239.994403,215.167637,190.502907,166.20802,142.0853,118.193732,94.233178,70.566833,46.92368,23.410101,-0.006241146,-23.32634,-46.679407,-69.973339,-93.261191],"unit":"ohms"},"conductance":{"value":[-0.002524994,-0.001563792,-0.000668455856,0.000150255378,0.000919232331,0.001543359,0.001968171,0.002242747,0.002463378,0.002677351,0.002899787,0.003150239,0.003437883,0.003767272,0.004166764,0.004647539,0.005249264,0.006016557,0.007038026,0.008460686,0.010611974,0.014170963,0.021311201,0.042716603,-160.226987,-0.042869992,-0.021422723,-0.014291157,-0.010722574],"unit":"S"},"timestamps":{"value":[0.019,0.053,0.087,0.122,0.156,0.19,0.224,0.258,0.293,0.327,0.361,0.395,0.429,0.464,0.498,0.532,0.566,0.6,0.634,0.669,0.703,0.737,0.771,0.8050001,0.84,0.874,0.9080001,0.942,0.9770001],"unit":"s"},"sweep_direction":{"unit":"","value":"Reverse"},"p_max":{"unit":"mW","value":1.62},"v_p_max":{"unit":"V","value":0.85},"i_p_max":{"unit":"mA","value":1.906},"isc":{"unit":"mA","value":2.139},"voc":{"unit":"V","value":1.059},"jsc":{"unit":"mA\/cm2","value":22.831},"fill_factor":{"unit":"%","value":71.537},"efficiency":{"unit":"%","value":17.294},"r_s":{"unit":"ohms","value":59.787},"r_sh":{"unit":"ohms","value":4639.115},"temperature":{"unit":"oC","value":100},"cell_dimension":{"value":0.09369999893930994,"unit":"cm2"},"key":"Reverse_[G2#C2]_Group-2_Dynamic"},{"V":{"value":[1.2,1.15,1.1,1.05,1,0.95,0.9,0.85,0.8,0.75,0.7,0.65,0.6,0.55,0.5,0.45,0.4,0.35,0.3,0.25,0.2,0.15,0.1,0.05,0,-0.05,-0.1,-0.15,-0.2],"unit":"V"},"J":{"value":[-0.025517876000000002,-0.017781462,-0.009125411,-0.002451774,0.001522578,0.005249597999999999,0.009805724,0.014578613,0.017941846,0.019827172,0.020762764,0.021296916,0.021601697000000003,0.021822348000000002,0.022006009,0.022121483,0.022291345,0.022377022,0.022464151999999998,0.022529957,0.022564781,0.022579915,0.022591515,0.022599552,0.022600939,0.022632177,0.02263476,0.022633084,0.022638773],"unit":"A\/cm2"},"power_density":{"value":[-30.621656,-20.449055,-10.038089,-2.574387,1.522603,4.987171,8.825257,12.391892,14.353664,14.870536,14.53403,13.843012,12.961046,12.002217,11.002883,9.955159,8.916912,7.832367,6.739475,5.632597,4.513107,3.386994,2.259025,1.129809,-0.000301755083,-1.131079,-2.263182,-3.394279,-4.527458],"unit":"mW\/cm2"},"I":{"value":[-0.0023910249999999997,-0.001666123,-0.000855051,-0.0002297312,0.0001426656,0.0004918873,0.0009187963,0.0013660159999999998,0.001681151,0.001857806,0.001945471,0.001995521,0.002024079,0.002044754,0.002061963,0.002072783,0.0020886990000000003,0.002096727,0.002104891,0.0021110570000000004,0.0021143200000000003,0.002115738,0.002116825,0.002117578,0.002117708,0.002120635,0.002120877,0.00212072,0.002121253],"unit":"A"},"power":{"value":[-2.869249,-1.916076,-0.940568926,-0.241220057,0.142667883,0.467297903,0.826926593,1.16112,1.344938,1.393369,1.361839,1.29709,1.21445,1.124608,1.03097,0.932798366,0.83551469,0.73389282,0.63148877,0.527774383,0.422878166,0.317361335,0.211670688,0.105863145,-2.8274451e-5,-0.105982106,-0.212060192,-0.318043954,-0.424222812],"unit":"mW"},"resistance":{"value":[-501.880156,-690.237756,-1286.491,-4570.603,7009.51,1931.357,979.554228,622.251057,475.870639,403.706254,359.812405,325.729872,296.43176,268.979349,242.48471,217.110136,191.514814,166.935562,142.530041,118.426362,94.59623,70.897389,47.237925,23.608368,-0.006304665,-23.566804,-47.144191,-70.716455,-94.277722],"unit":"ohms"},"conductance":{"value":[-0.001992508,-0.001448776,-0.000777308491,-0.000218789535,0.000142663317,0.000517770601,0.001020873,0.001607068,0.002101411,0.002477049,0.002779226,0.003070029,0.003373458,0.003717758,0.004123971,0.004605957,0.005221528,0.005990335,0.007016065,0.008444066,0.010571246,0.014104892,0.021169431,0.042357863,-158.612704,-0.042432567,-0.021211521,-0.01414098,-0.01060696],"unit":"S"},"timestamps":{"value":[0.019,0.053,0.087,0.122,0.156,0.19,0.224,0.258,0.293,0.327,0.361,0.395,0.429,0.464,0.498,0.532,0.566,0.6,0.6350001,0.669,0.703,0.737,0.771,0.8050001,0.84,0.874,0.9080001,0.943,0.9770001],"unit":"s"},"sweep_direction":{"unit":"","value":"Reverse"},"p_max":{"unit":"mW","value":1.393},"v_p_max":{"unit":"V","value":0.75},"i_p_max":{"unit":"mA","value":1.858},"isc":{"unit":"mA","value":2.118},"voc":{"unit":"V","value":1.019},"jsc":{"unit":"mA\/cm2","value":22.601},"fill_factor":{"unit":"%","value":64.559},"efficiency":{"unit":"%","value":14.871},"r_s":{"unit":"ohms","value":98.567},"r_sh":{"unit":"ohms","value":3446.268},"temperature":{"unit":"oC","value":100},"cell_dimension":{"value":0.09370000073673841,"unit":"cm2"},"key":"Reverse_[G2#C1]_Group-2_Dynamic"},{"V":{"value":[1.2,1.15,1.1,1.05,1,0.95,0.9,0.85,0.8,0.75,0.7,0.65,0.6,0.55,0.5,0.45,0.4,0.35,0.3,0.25,0.2,0.15,0.1,0.05,0,-0.05,-0.1,-0.15,-0.2],"unit":"V"},"J":{"value":[-0.044995507000000004,-0.030103190999999998,-0.012921014,0.001811179,0.013042038,0.019154995,0.021466553000000003,0.022222508000000002,0.022479221,0.022577108,0.022647641,0.022685411,0.022722657,0.022741206,0.022759338,0.022775742,0.022803607,0.022802272999999998,0.022826446,0.022832017,0.022846564,0.022835496,0.022832668,0.022823629,0.022820896,0.022833052,0.022830064,0.022833927,0.022831025],"unit":"A\/cm2"},"power_density":{"value":[-53.994788,-34.619181,-14.21327,1.901755,13.042221,18.197429,19.32014,18.889272,17.983644,16.932993,15.853474,14.74554,13.633642,12.507581,11.379533,10.249573,9.12181,7.981206,6.848155,5.708123,4.569466,3.425315,2.283134,1.140979,-0.000342778309,-1.14108,-2.282716,-3.424427,-4.565913],"unit":"mW\/cm2"},"I":{"value":[-0.004216078999999999,-0.002820669,-0.001210699,0.00016970750000000001,0.001222039,0.001794823,0.0020114160000000002,0.002082249,0.002106303,0.002115475,0.002122084,0.002125623,0.0021291129999999998,0.002130851,0.00213255,0.0021340870000000002,0.002136698,0.0021365729999999997,0.0021388379999999997,0.00213936,0.0021407229999999998,0.002139686,0.002139421,0.0021385740000000003,0.0021383179999999997,0.002139457,0.002139177,0.002139539,0.002139267],"unit":"A"},"power":{"value":[-5.059312,-3.243817,-1.331783,0.178194402,1.222056,1.705099,1.810297,1.769925,1.685067,1.586621,1.48547,1.381657,1.277472,1.17196,1.066262,0.960385033,0.854713601,0.747839008,0.641672147,0.534851125,0.428158943,0.320952044,0.213929649,0.106909731,-3.2118328e-5,-0.106919192,-0.213890468,-0.320868803,-0.427826017],"unit":"mW"},"resistance":{"value":[-284.625596,-407.710724,-908.575955,6187.169,818.315946,529.305452,447.451596,408.215492,379.818051,354.53371,329.867008,305.793172,281.808481,258.111149,234.458278,210.873081,187.212278,163.822158,140.267613,116.859809,93.42951,70.103557,46.738898,23.375918,-0.007024386,-23.358693,-46.740999,-70.095006,-93.483983],"unit":"ohms"},"conductance":{"value":[-0.003513387,-0.002452719,-0.001100623,0.000161624805,0.001222022,0.001889268,0.002234879,0.002449687,0.00263284,0.002820606,0.003031525,0.003270184,0.003548509,0.0038743,0.004265151,0.004742189,0.00534153,0.00610418,0.007129229,0.008557262,0.010703256,0.014264611,0.021395455,0.042779069,-142.361207,-0.042810614,-0.021394494,-0.014266351,-0.01069702],"unit":"S"},"timestamps":{"value":[0.02,0.054,0.08800001,0.122,0.156,0.19,0.225,0.259,0.293,0.327,0.361,0.396,0.43,0.464,0.498,0.532,0.567,0.601,0.6350001,0.669,0.703,0.738,0.772,0.8060001,0.84,0.8750001,0.909,0.943,0.9770001],"unit":"s"},"sweep_direction":{"unit":"","value":"Reverse"},"p_max":{"unit":"mW","value":1.81},"v_p_max":{"unit":"V","value":0.9},"i_p_max":{"unit":"mA","value":2.011},"isc":{"unit":"mA","value":2.138},"voc":{"unit":"V","value":1.056},"jsc":{"unit":"mA\/cm2","value":22.821},"fill_factor":{"unit":"%","value":80.158},"efficiency":{"unit":"%","value":19.32},"r_s":{"unit":"ohms","value":39.356},"r_sh":{"unit":"ohms","value":7782.249},"temperature":{"unit":"oC","value":100},"cell_dimension":{"value":0.09369999986887577,"unit":"cm2"},"key":"Reverse_[G1#C3]_Group-1_Dynamic"},{"V":{"value":[1.2,1.15,1.1,1.05,1,0.95,0.9,0.85,0.8,0.75,0.7,0.65,0.6,0.55,0.5,0.45,0.4,0.35,0.3,0.25,0.2,0.15,0.1,0.05,0,-0.05,-0.1,-0.15,-0.2],"unit":"V"},"J":{"value":[-0.042761686,-0.02863889,-0.012899765,-0.00012615101400000002,0.010508737,0.017561366,0.020754952,0.021889285,0.022294962999999998,0.022469978999999998,0.022574184,0.022631718,0.0226673,0.022702763999999997,0.022720832,0.02273254,0.022760192,0.022762999,0.022771836,0.022782592999999997,0.022780683,0.022780683,0.022797161,0.022798122,0.022814440000000002,0.022832988000000002,0.022807247,0.022815218999999998,0.022818591000000003],"unit":"A\/cm2"},"power_density":{"value":[-51.31428,-32.93521,-14.189897,-0.132459321,10.508885,16.683454,18.679681,18.606015,17.836224,16.852655,15.802048,14.710624,13.600378,12.486411,11.360253,10.230127,9.104443,7.967443,6.831762,5.695735,4.556262,3.417082,2.279567,1.139693,-0.000331802488,-1.14112,-2.28044,-3.421633,-4.563442],"unit":"mW\/cm2"},"I":{"value":[-0.004006770000000001,-0.002683464,-0.001208708,-1.1820350000000001e-5,0.0009846687,0.0016455,0.001944739,0.0020510259999999996,0.002089038,0.002105437,0.0021152009999999997,0.0021205919999999997,0.002123926,0.002127249,0.002128942,0.002130039,0.00213263,0.0021328930000000003,0.002133721,0.002134729,0.00213455,0.00213455,0.002136094,0.002136184,0.0021377130000000003,0.002139451,0.0021370390000000003,0.002137786,0.002138102],"unit":"A"},"power":{"value":[-4.808148,-3.086029,-1.329593,-0.012411438,0.984682485,1.56324,1.750286,1.743384,1.671254,1.579094,1.480652,1.378385,1.274355,1.169977,1.064456,0.95856292,0.853086335,0.746549449,0.640136144,0.533690362,0.42692174,0.320180579,0.213595451,0.106789227,-3.1089893e-5,-0.106922979,-0.213677208,-0.320606973,-0.427594529],"unit":"mW"},"resistance":{"value":[-299.494605,-428.556895,-910.072573,-88830.365,1015.584,577.337527,462.792591,414.429461,382.956844,356.224195,330.940322,306.518321,282.495671,258.547636,234.855059,211.273737,187.569386,164.104482,140.603809,117.112664,93.69914,70.272001,46.811362,23.401846,-0.006803313,-23.359652,-46.787873,-70.152719,-93.535248],"unit":"ohms"},"conductance":{"value":[-0.003338958,-0.002333412,-0.001098813,-1.1257412e-5,0.000984654915,0.001732089,0.002160795,0.002412956,0.00261126,0.002807221,0.003021693,0.003262448,0.003539877,0.003867759,0.004257945,0.004733196,0.00533136,0.006093679,0.007112183,0.008538786,0.010672457,0.014230419,0.021362335,0.042731671,-146.987217,-0.042808858,-0.021373059,-0.014254615,-0.010691157],"unit":"S"},"timestamps":{"value":[0.02,0.054,0.08800001,0.122,0.156,0.191,0.225,0.259,0.293,0.327,0.362,0.396,0.43,0.464,0.498,0.532,0.567,0.601,0.6350001,0.669,0.703,0.738,0.772,0.8060001,0.84,0.8750001,0.909,0.943,0.9770001],"unit":"s"},"sweep_direction":{"unit":"","value":"Reverse"},"p_max":{"unit":"mW","value":1.75},"v_p_max":{"unit":"V","value":0.9},"i_p_max":{"unit":"mA","value":1.945},"isc":{"unit":"mA","value":2.138},"voc":{"unit":"V","value":1.049},"jsc":{"unit":"mA\/cm2","value":22.814},"fill_factor":{"unit":"%","value":78.021},"efficiency":{"unit":"%","value":18.68},"r_s":{"unit":"ohms","value":42.599},"r_sh":{"unit":"ohms","value":5075.091},"temperature":{"unit":"oC","value":100},"cell_dimension":{"value":0.09370000050980218,"unit":"cm2"},"key":"Reverse_[G1#C2]_Group-1_Dynamic"},{"V":{"value":[1.2,1.15,1.1,1.05,1,0.95,0.9,0.85,0.8,0.75,0.7,0.65,0.6,0.55,0.5,0.45,0.4,0.35,0.3,0.25,0.2,0.15,0.1,0.05,0,-0.05,-0.1,-0.15,-0.2],"unit":"V"},"J":{"value":[-0.026571366000000003,-0.017434098,-0.008866688,-0.002550492,0.001516257,0.004385585,0.007412851,0.011879338000000001,0.016981238000000003,0.019985646,0.021148794,0.021582647,0.02179682,0.021897673,0.021961142,0.022004951999999998,0.022028986,0.022043682000000002,0.022055571,0.022053981,0.022063991,0.02208032,0.022093202000000003,0.022089455999999997,0.022106915999999997,0.02212572,0.022110993,0.022104013,0.022100276999999998],"unit":"A\/cm2"},"power_density":{"value":[-31.885985,-20.049562,-9.753472,-2.678045,1.51628,4.166348,6.671651,10.097524,13.585187,14.989392,14.804243,14.028727,13.078116,12.043626,10.98043,9.902671,8.811949,7.715681,6.616885,5.51359,4.412931,3.312024,2.209176,1.104272,-0.000316241861,-1.105773,-2.210807,-3.314941,-4.419766],"unit":"mW\/cm2"},"I":{"value":[-0.0024897369999999997,-0.001633575,-0.0008308087,-0.00023898110000000001,0.00014207330000000001,0.0004109293,0.0006945841000000001,0.001113094,0.001591142,0.001872655,0.001981642,0.002022294,0.002042362,0.002051812,0.0020577589999999997,0.002061864,0.002064116,0.002065493,0.002066607,0.0020664579999999997,0.002067396,0.002068926,0.0020701329999999996,0.002069782,0.002071418,0.00207318,0.0020718,0.0020711460000000003,0.002070796],"unit":"A"},"power":{"value":[-2.987717,-1.878644,-0.913900371,-0.250932784,0.142075431,0.39038678,0.625133678,0.946138026,1.272932,1.404506,1.387158,1.314492,1.225419,1.128488,1.028866,0.927880243,0.825679632,0.722959316,0.620002146,0.516623386,0.413491604,0.310336624,0.206999782,0.103470244,-2.9631862e-5,-0.103610964,-0.207152632,-0.310609973,-0.414132073],"unit":"mW"},"resistance":{"value":[-481.98384,-703.989716,-1324.027,-4393.699,7038.726,2311.857,1295.756,763.643771,502.790826,400.505112,353.244481,321.417311,293.778037,268.053652,242.979669,218.258867,193.795358,169.459688,145.170175,120.982038,96.742956,72.500853,48.302921,24.152732,-0.00690595,-24.106363,-48.260831,-72.409236,-96.574892],"unit":"ohms"},"conductance":{"value":[-0.002074758,-0.001420475,-0.00075527171,-0.000227598663,0.000142071169,0.000432552787,0.00077175025,0.001309511,0.001988899,0.002496847,0.002830901,0.00311122,0.00340393,0.003730596,0.004115571,0.004581715,0.005160082,0.005901108,0.006888467,0.00826569,0.01033667,0.013792941,0.020702682,0.041403184,-144.802661,-0.041482823,-0.020720737,-0.013810393,-0.010354658],"unit":"S"},"timestamps":{"value":[0.019,0.053,0.087,0.121,0.156,0.19,0.224,0.258,0.292,0.326,0.361,0.395,0.429,0.463,0.497,0.532,0.566,0.6,0.634,0.668,0.703,0.737,0.771,0.8050001,0.839,0.874,0.9080001,0.942,0.9760001],"unit":"s"},"sweep_direction":{"unit":"","value":"Reverse"},"p_max":{"unit":"mW","value":1.405},"v_p_max":{"unit":"V","value":0.75},"i_p_max":{"unit":"mA","value":1.873},"isc":{"unit":"mA","value":2.071},"voc":{"unit":"V","value":1.019},"jsc":{"unit":"mA\/cm2","value":22.107},"fill_factor":{"unit":"%","value":66.562},"efficiency":{"unit":"%","value":14.989},"r_s":{"unit":"ohms","value":101.776},"r_sh":{"unit":"ohms","value":4077.646},"temperature":{"unit":"oC","value":100},"cell_dimension":{"value":0.09370000021828007,"unit":"cm2"},"key":"Reverse_[G1#C1]_Group-1_Dynamic"}]}}