{"_id":"65671050a4d59d307a7a8be2","id":"CNU_HEMD-SC-00147","author":112,"group":9,"input":[{"tco":{"unit":null,"value":"ITO"}},{"etl":[{"material":{"unit":null,"value":"SnCl2\u22192H2O"},"concentration":{"unit":null,"value":"7.5"},"conc_unit":{"unit":null,"value":"mg\/ml"},"quantity":{"unit":"ml","value":"0.1"}}],"solvent":[{"material":{"unit":null,"value":"IPA"},"volume":{"unit":"ml","value":"1"}}],"spin_coating":[{"type":{"unit":null,"value":"drop&run"},"rpm":{"unit":null,"value":"3000"},"time":{"unit":"s","value":"30"}}],"annealing":[{"temperature":{"unit":"oC","value":"195"},"time":{"unit":"m","value":"1"}}]},{"etl":[{"material":{"unit":null,"value":"SnO2"},"concentration":{"unit":null,"value":"15"},"conc_unit":{"unit":null,"value":"wt%"},"quantity":{"unit":"ml","value":"0.01"}}],"solvent":[{"material":{"unit":null,"value":"DI-Water"},"volume":{"unit":"ml","value":"0.05"}}],"spin_coating":[{"type":{"unit":null,"value":"drop&run"},"rpm":{"unit":null,"value":"3000"},"time":{"unit":"s","value":"30"}}],"annealing":[{"temperature":{"unit":"oC","value":"105"},"time":{"unit":"m","value":"30"}}]},{"perovskite":{"method":{"unit":null,"value":"1step"},"molarity":{"unit":"M","value":"1.27M"},"a_site":[{"material":{"unit":null,"value":"FA"},"ratio":{"unit":"%","value":"97"}},{"material":{"unit":null,"value":"MA"},"ratio":{"unit":"%","value":"3"}}],"b_site":[{"material":{"unit":null,"value":"Pb"},"ratio":{"unit":"%","value":"110"}}],"x_site":[{"material":{"unit":null,"value":"I"},"ratio":{"unit":"%","value":"97"}},{"material":{"unit":null,"value":"Br"},"ratio":{"unit":"%","value":"3"}}],"solvent":[{"material":{"unit":null,"value":"DMF"},"volume":{"unit":"ml","value":"0.88"}},{"material":{"unit":null,"value":"DMSO"},"volume":{"unit":"ml","value":"0.11"}}],"additive":[{"material":{"unit":null,"value":"MACl"},"solvent":{"unit":null,"value":"DMF+DMSO"},"concentration":{"unit":null,"value":"0.167"},"conc_unit":{"unit":null,"value":"M"},"quantity":{"unit":"mol%","value":"44"}}],"antisolvent":[{"material":{"unit":null,"value":"DEE"},"quantity":{"unit":"ul","value":"1000"},"dripping_time":{"unit":"s","value":"12"}}],"spin_coating":[{"type":{"unit":null,"value":"drop&run"},"rpm":{"unit":null,"value":"5000"},"time":{"unit":"s","value":"14"}}],"annealing":[{"temperature":{"unit":"oC","value":"105"},"time":{"unit":"m","value":"60"}}],"atmosphere":[{"type":{"unit":null,"value":"air"},"temperature":{"unit":"oC","value":"26"},"humidity":{"unit":"RH%","value":"28"}}]}},{"htl":[{"material":{"unit":null,"value":"Spiro-OMeTAD_Lumtec"},"concentration":{"unit":null,"value":"0.091"},"conc_unit":{"unit":null,"value":"mg\/ml"},"quantity":{"unit":"ml","value":"0.08"}}],"solvent":[{"material":{"unit":null,"value":"CB"},"volume":{"unit":"ml","value":"1"}}],"htl_doping":[{"material":{"unit":null,"value":"tBP"},"volume":{"unit":"ul","value":"0.0354"}},{"material":{"unit":null,"value":"Li-TFSI"},"volume":{"unit":"ul","value":"0.0209"}},{"material":{"unit":null,"value":"Co-TFSI"},"volume":{"unit":"ul","value":"0.00909"}}],"spin_coating":[{"type":{"unit":null,"value":"dynamic"},"rpm":{"unit":null,"value":"5000"},"time":{"unit":"s","value":"30"}}]},{"anode_metal":{"unit":null,"value":"Ag"}},{"type":{"unit":null,"value":"unit_cell"},"device_type":{"unit":null,"value":"n-i-p"},"cell_dimension":{"unit":"cm2","value":"0.0937"}}],"fileinfo":[{"key":"Reverse_[G1#C3]_Group-1_Dynamic","uploadType":"JV","original_name":"[G1#C3]_Group-1_Dynamic-IV_[230718_174412].csv","save_name":"CNU_HEMD-SC-00147\/Reverse_[G1#C3]_Group-1_Dynamic","uploader":112,"fileType":""},{"key":"Reverse_[G2#C2]_Group-2_Dynamic","uploadType":"JV","original_name":"[G2#C2]_Group-2_Dynamic-IV_[230718_174412].csv","save_name":"CNU_HEMD-SC-00147\/Reverse_[G2#C2]_Group-2_Dynamic","uploader":112,"fileType":""},{"key":"Reverse_[G2#C3]_Group-2_Dynamic","uploadType":"JV","original_name":"[G2#C3]_Group-2_Dynamic-IV_[230718_174412].csv","save_name":"CNU_HEMD-SC-00147\/Reverse_[G2#C3]_Group-2_Dynamic","uploader":112,"fileType":""}],"jvcnt":3,"updated_at":"2024-08-30 12:36:36","created_at":"2023-11-29 10:20:00","analysisInfo":{"JV":[{"efficiency":13.752,"fill_factor":58.655,"jsc":22.543,"voc":1.04,"key":"Reverse_[G2#C3]_Group-2_Dynamic","cell_dimension":0.09399999967851945},{"efficiency":12.689,"fill_factor":55.312,"jsc":22.37,"voc":1.026,"key":"Reverse_[G2#C2]_Group-2_Dynamic","cell_dimension":0.09400000033319912},{"efficiency":18.688,"fill_factor":79.181,"jsc":21.818,"voc":1.082,"key":"Reverse_[G1#C3]_Group-1_Dynamic","cell_dimension":0.0940000013213798}]},"public":2,"tags":[],"analysis":{"JV":[{"V":{"value":[1.2,1.15,1.1,1.05,1,0.95,0.9,0.85,0.8,0.75,0.7,0.65,0.6,0.55,0.5,0.45,0.4,0.35,0.3,0.25,0.2,0.15,0.1,0.05,0,-0.05,-0.1,-0.15,-0.2],"unit":"V"},"J":{"value":[-0.037327298,-0.023584319,-0.009913472999999999,-0.001165382,0.004661804,0.009061986,0.012478073999999999,0.015077978999999998,0.016982393999999998,0.018335362,0.01930866,0.020016638,0.020559894,0.021001798000000002,0.021363766,0.021651266,0.021897872,0.022074489,0.022193415,0.022307872,0.02236983,0.022435957,0.022485181,0.022516468,0.022543,0.022576543,0.022569255,0.022579362,0.022596543],"unit":"A\/cm2"},"power_density":{"value":[-44.792981,-27.122415,-10.90495,-1.22366,4.661856,8.608939,11.230354,12.816317,13.586012,13.751631,13.516118,13.010803,12.33593,11.550903,10.681729,9.743546,8.75951,7.726464,6.658251,5.577091,4.474127,3.365412,2.248398,1.125624,-0.000300981512,-1.128218,-2.256536,-3.386125,-4.51889],"unit":"mW\/cm2"},"I":{"value":[-0.003508766,-0.002216926,-0.0009318665,-0.0001095459,0.0004382096,0.0008518267,0.001172939,0.00141733,0.0015963449999999999,0.0017235240000000001,0.001815014,0.001881564,0.00193263,0.001974169,0.002008194,0.002035219,0.0020583999999999997,0.002075002,0.002086181,0.00209694,0.002102764,0.00210898,0.002113607,0.0021165479999999998,0.002119042,0.002122195,0.0021215099999999996,0.0021224599999999996,0.002124075],"unit":"A"},"power":{"value":[-4.21054,-2.549507,-1.025065,-0.115024071,0.43821442,0.809240306,1.055653,1.204734,1.277085,1.292653,1.270515,1.223015,1.159577,1.085785,1.004083,0.915893325,0.823393964,0.726287635,0.625875579,0.524246533,0.42056794,0.316348687,0.211349413,0.105808626,-2.8292262e-5,-0.106052472,-0.212114383,-0.318295775,-0.424775705],"unit":"mW"},"resistance":{"value":[-342.002288,-518.744875,-1180.441,-9585.096,2282.038,1115.257,767.309297,599.720813,501.148373,435.158431,385.673554,345.456971,310.457615,278.596159,248.976344,221.117236,194.333706,168.683115,143.808327,119.223964,95.116333,71.124809,47.309959,23.619181,-0.006300696,-23.547794,-47.128102,-70.656455,-94.149924],"unit":"ohms"},"conductance":{"value":[-0.002923957,-0.00192773,-0.000847141352,-0.000104328634,0.00043820478,0.00089665421,0.001303255,0.001667443,0.001995417,0.002298014,0.002592866,0.002894717,0.003221052,0.003589425,0.004016446,0.004522488,0.005145788,0.005928276,0.0069537,0.008387575,0.010513442,0.014059792,0.021137199,0.042338471,-158.712618,-0.042466824,-0.021218762,-0.014152989,-0.010621357],"unit":"S"},"timestamps":{"value":[0.019,0.053,0.087,0.122,0.156,0.19,0.224,0.258,0.293,0.327,0.361,0.395,0.429,0.464,0.498,0.532,0.566,0.6,0.634,0.669,0.703,0.737,0.771,0.8050001,0.84,0.874,0.9080001,0.943,0.9770001],"unit":"s"},"sweep_direction":{"unit":"","value":"Reverse"},"p_max":{"unit":"mW","value":1.293},"v_p_max":{"unit":"V","value":0.75},"i_p_max":{"unit":"mA","value":1.724},"isc":{"unit":"mA","value":2.119},"voc":{"unit":"V","value":1.04},"jsc":{"unit":"mA\/cm2","value":22.543},"fill_factor":{"unit":"%","value":58.655},"efficiency":{"unit":"%","value":13.752},"r_s":{"unit":"ohms","value":73.661},"r_sh":{"unit":"ohms","value":2209.856},"temperature":{"unit":"oC","value":24.799},"cell_dimension":{"value":0.09399999967851945,"unit":"cm2"},"key":"Reverse_[G2#C3]_Group-2_Dynamic"},{"V":{"value":[1.2,1.15,1.1,1.05,1,0.95,0.9,0.85,0.8,0.75,0.7,0.65,0.6,0.55,0.5,0.45,0.4,0.35,0.3,0.25,0.2,0.15,0.1,0.05,0,-0.05,-0.1,-0.15,-0.2],"unit":"V"},"J":{"value":[-0.030012084999999997,-0.021341488999999998,-0.010454769000000001,-0.002687817,0.0028023690000000003,0.007587129,0.011092840000000001,0.013722585,0.015604745,0.016918680999999998,0.017896298,0.018662319,0.019316043,0.019886904,0.020395585,0.020839690999999997,0.021204968,0.021518032000000003,0.021735681,0.021919882999999998,0.022075776999999998,0.022184159999999998,0.022263032,0.022336564,0.022369691,0.022417606,0.022434766,0.022455298,0.022491277],"unit":"A\/cm2"},"power_density":{"value":[-36.014622,-24.543118,-11.500361,-2.822229,2.802397,7.207809,9.983624,11.664199,12.483885,12.689083,12.527423,12.130468,11.589591,10.937654,10.197613,9.378284,8.482314,7.531683,6.520922,5.480065,4.415292,3.327626,2.226168,1.116651,-0.00028800083,-1.12027,-2.243084,-3.367515,-4.497864],"unit":"mW\/cm2"},"I":{"value":[-0.002821136,-0.0020061,-0.0009827483,-0.0002526548,0.0002634227,0.0007131901000000001,0.001042727,0.001289923,0.0014668460000000002,0.001590356,0.0016822520000000002,0.001754258,0.001815708,0.001869369,0.0019171849999999999,0.001958931,0.001993267,0.002022695,0.0020431539999999997,0.0020604689999999997,0.002075123,0.002085311,0.002092725,0.002099637,0.002102751,0.0021072549999999997,0.0021088680000000003,0.002110798,0.0021141800000000002],"unit":"A"},"power":{"value":[-3.385374,-2.307053,-1.081034,-0.265289561,0.263425334,0.677534018,0.938460661,1.096435,1.173485,1.192774,1.177578,1.140264,1.089422,1.028139,0.958575629,0.881558716,0.797337496,0.707978243,0.612966632,0.51512611,0.415037466,0.312796859,0.209259818,0.104965221,-2.7072078e-5,-0.105305369,-0.210849895,-0.316546455,-0.422799213],"unit":"mW"},"resistance":{"value":[-425.361982,-573.261054,-1119.321,-4155.9,3796.218,1332.05,863.127261,658.954139,545.391745,471.595228,416.109358,370.525829,330.448618,294.213074,260.794446,229.727489,200.6833,173.045022,146.836704,121.333687,96.382817,71.931765,47.781691,23.809868,-0.006122741,-23.714629,-47.410506,-71.046732,-94.591094],"unit":"ohms"},"conductance":{"value":[-0.002350939,-0.001744406,-0.000893398611,-0.000240621786,0.000263420066,0.000750722628,0.001158578,0.001517556,0.001833544,0.002120463,0.002403214,0.002698867,0.003026189,0.003398897,0.003834437,0.004352984,0.004982976,0.005778843,0.006810286,0.008241734,0.010375293,0.013902064,0.020928518,0.041999393,-163.32554,-0.042168065,-0.021092371,-0.014075243,-0.01057182],"unit":"S"},"timestamps":{"value":[0.019,0.053,0.08800001,0.122,0.156,0.19,0.224,0.259,0.293,0.327,0.361,0.395,0.43,0.464,0.498,0.532,0.566,0.6,0.6350001,0.669,0.703,0.737,0.771,0.8060001,0.84,0.874,0.909,0.943,0.9770001],"unit":"s"},"sweep_direction":{"unit":"","value":"Reverse"},"p_max":{"unit":"mW","value":1.193},"v_p_max":{"unit":"V","value":0.75},"i_p_max":{"unit":"mA","value":1.59},"isc":{"unit":"mA","value":2.103},"voc":{"unit":"V","value":1.026},"jsc":{"unit":"mA\/cm2","value":22.37},"fill_factor":{"unit":"%","value":55.312},"efficiency":{"unit":"%","value":12.689},"r_s":{"unit":"ohms","value":87.542},"r_sh":{"unit":"ohms","value":1681.506},"temperature":{"unit":"oC","value":24.797},"cell_dimension":{"value":0.09400000033319912,"unit":"cm2"},"key":"Reverse_[G2#C2]_Group-2_Dynamic"},{"V":{"value":[1.2,1.15,1.1,1.05,1,0.95,0.9,0.85,0.8,0.75,0.7,0.65,0.6,0.55,0.5,0.45,0.4,0.35,0.3,0.25,0.2,0.15,0.1,0.05,0,-0.05,-0.1,-0.15,-0.2],"unit":"V"},"J":{"value":[-0.031784956999999996,-0.017706606,-0.004215582000000001,0.007325565,0.0154185,0.019377926,0.020764234,0.021235979000000002,0.021427734,0.021523637999999998,0.021586117000000002,0.021644468,0.021673723,0.021695989000000002,0.021726095999999997,0.021724351,0.021724798,0.021738691,0.021746872,0.021762989,0.021775585,0.021800319,0.021800138,0.021814649,0.021818138,0.021848298,0.021840426,0.021836702,0.021837627999999998],"unit":"A\/cm2"},"power_density":{"value":[-38.142267,-20.362934,-4.637195,7.691924,15.418731,18.409225,18.688045,18.050722,17.142427,16.142907,15.110386,14.068926,13.004254,11.932683,10.862902,9.776429,8.690269,7.608933,6.524294,5.440867,4.355274,3.270065,2.179903,1.090565,-0.000286101684,-1.091825,-2.183676,-3.274789,-4.367137],"unit":"mW\/cm2"},"I":{"value":[-0.0029877859999999997,-0.001664421,-0.00039626470000000003,0.0006886031,0.001449339,0.001821525,0.001951838,0.001996182,0.002014207,0.002023222,0.002029095,0.0020345800000000002,0.00203733,0.0020394230000000003,0.002042253,0.002042089,0.002042131,0.002043437,0.002044206,0.002045721,0.0020469050000000003,0.00204923,0.002049213,0.002050577,0.002050905,0.00205374,0.002053,0.00205265,0.0020527370000000002],"unit":"A"},"power":{"value":[-3.585373,-1.914116,-0.435896321,0.72304083,1.449361,1.730467,1.756676,1.696768,1.611388,1.517433,1.420376,1.322479,1.2224,1.121672,1.021113,0.918984363,0.816885278,0.715239732,0.613283673,0.511441501,0.409395738,0.307386139,0.204910849,0.102513102,-2.6893558e-5,-0.10263157,-0.205265551,-0.307830173,-0.410510861],"unit":"mW"},"resistance":{"value":[-401.638538,-690.942376,-2775.955,1524.842,689.980053,521.546561,461.109631,425.816183,397.184202,370.699953,344.983749,319.476747,294.503541,269.681621,244.824368,220.373206,195.881704,171.288863,146.761481,122.208991,97.712009,73.198616,48.796733,24.379636,-0.006393773,-24.332686,-48.701033,-73.060288,-97.422222],"unit":"ohms"},"conductance":{"value":[-0.002489801,-0.001447299,-0.000360236379,0.000655805606,0.001449317,0.001917374,0.002168682,0.002348431,0.002517724,0.002697599,0.002898687,0.003130118,0.003395545,0.003708076,0.004084561,0.004537757,0.005105122,0.005838091,0.006813777,0.008182704,0.010234157,0.01366146,0.020493175,0.04101784,-156.402187,-0.041096984,-0.020533446,-0.013687326,-0.010264599],"unit":"S"},"timestamps":{"value":[0.019,0.053,0.087,0.121,0.156,0.19,0.224,0.258,0.292,0.327,0.361,0.395,0.429,0.463,0.498,0.532,0.566,0.6,0.634,0.669,0.703,0.737,0.771,0.8050001,0.84,0.874,0.9080001,0.942,0.9770001],"unit":"s"},"sweep_direction":{"unit":"","value":"Reverse"},"p_max":{"unit":"mW","value":1.757},"v_p_max":{"unit":"V","value":0.9},"i_p_max":{"unit":"mA","value":1.952},"isc":{"unit":"mA","value":2.051},"voc":{"unit":"V","value":1.082},"jsc":{"unit":"mA\/cm2","value":21.818},"fill_factor":{"unit":"%","value":79.181},"efficiency":{"unit":"%","value":18.688},"r_s":{"unit":"ohms","value":49.109},"r_sh":{"unit":"ohms","value":11224.367},"temperature":{"unit":"oC","value":24.789},"cell_dimension":{"value":0.0940000013213798,"unit":"cm2"},"key":"Reverse_[G1#C3]_Group-1_Dynamic"}]}}