{"_id":"6568369e7964ad10715fd366","id":"CNU_HEMD-SC-00247","author":118,"group":9,"input":[{"tco":{"unit":null,"value":"ITO"}},{"etl":[{"material":{"unit":null,"value":"SnO2"},"concentration":{"unit":null,"value":"15"},"conc_unit":{"unit":null,"value":"wt%"},"quantity":{"unit":"ml","value":"0.1"}}],"solvent":[{"material":{"unit":null,"value":"DI-Water"},"volume":{"unit":"ml","value":"0.5"}}],"spin_coating":[{"type":{"unit":null,"value":"drop&run"},"rpm":{"unit":null,"value":"3000"},"time":{"unit":"s","value":"30"}}],"annealing":[{"temperature":{"unit":"oC","value":"105"},"time":{"unit":"m","value":"30"}}]},{"perovskite":{"a_site":[{"material":{"unit":null,"value":"FA"},"ratio":{"unit":null,"value":"95"}},{"material":{"unit":null,"value":"MA"},"ratio":{"unit":null,"value":"5"}}],"b_site":[{"material":{"unit":null,"value":"Pb"},"ratio":{"unit":null,"value":"110"}}],"x_site":[{"material":{"unit":null,"value":"I"},"ratio":{"unit":null,"value":"95"}},{"material":{"unit":null,"value":"Br"},"ratio":{"unit":null,"value":"5"}}],"solvent":[{"material":{"unit":null,"value":"DMF"},"volume":{"unit":"ml","value":"0.84"}},{"material":{"unit":null,"value":"DMSO"},"volume":{"unit":"ml","value":"0.105"}}],"antisolvent":[{"material":{"unit":null,"value":"DEE"},"quantity":{"unit":"ul","value":"1000"},"dripping_time":{"unit":"s","value":"10"}}],"annealing":[{"temperature":{"unit":"oC","value":"105"},"time":{"unit":"m","value":"60"}}],"additive":[{"material":{"unit":null,"value":"MACl"},"solvent":{"unit":null,"value":"DMF+DMSO"},"concentration":{"unit":null,"value":"30"},"conc_unit":{"unit":null,"value":"mg"},"quantity":{"unit":"mol%","value":"44"}}]}},{"htl":[{"material":{"unit":null,"value":"Spiro-OMeTAD_Lumtec"},"concentration":{"unit":null,"value":"0.091"},"conc_unit":{"unit":null,"value":"mg\/ml"},"quantity":{"unit":"ml","value":"0.1"}}],"spin_coating":[{"type":{"unit":null,"value":"dynamic"},"rpm":{"unit":null,"value":"3000"},"time":{"unit":"s","value":"30"}}],"solvent":[{"material":{"unit":null,"value":"CB"},"volume":{"unit":"ml","value":"0.8"}}],"htl_doping":[{"material":{"unit":null,"value":"tBP"},"volume":{"unit":"ul","value":"0.0354"}},{"material":{"unit":null,"value":"Li-TFSI"},"volume":{"unit":"ul","value":"0.0209"}},{"material":{"unit":null,"value":"Co-TFSI"},"volume":{"unit":"ul","value":"0.00909"}}]},{"anode_metal":{"unit":null,"value":"Ag"}},{"note":{"unit":null,"value":"-"},"ar":{"unit":null,"value":"0"},"type":{"unit":null,"value":"unit_cell"},"device_type":{"unit":null,"value":"n-i-p"},"temperature":{"unit":"\u2103","value":"26"},"humidity":{"unit":"%","value":"25"},"cell_dimension":{"unit":"cm2","value":"0.0937"}}],"fileinfo":[{"key":"Forward_[G4#C4]_Group-4_Dynamic","uploadType":"JV","original_name":"[G4#C4]_Group-4_Dynamic-IV_[220722_121625].csv","save_name":"CNU_HEMD-SC-00247\/Forward_[G4#C4]_Group-4_Dynamic","uploader":118,"fileType":""},{"key":"Forward_[G5#C1]_Group-5_Dynamic","uploadType":"JV","original_name":"[G5#C1]_Group-5_Dynamic-IV_[220722_121625].csv","save_name":"CNU_HEMD-SC-00247\/Forward_[G5#C1]_Group-5_Dynamic","uploader":118,"fileType":""},{"key":"Forward_[G5#C2]_Group-5_Dynamic","uploadType":"JV","original_name":"[G5#C2]_Group-5_Dynamic-IV_[220722_121625].csv","save_name":"CNU_HEMD-SC-00247\/Forward_[G5#C2]_Group-5_Dynamic","uploader":118,"fileType":""},{"key":"Forward_[G5#C3]_Group-5_Dynamic","uploadType":"JV","original_name":"[G5#C3]_Group-5_Dynamic-IV_[220722_121625].csv","save_name":"CNU_HEMD-SC-00247\/Forward_[G5#C3]_Group-5_Dynamic","uploader":118,"fileType":""},{"key":"Forward_[G5#C4]_Group-5_Dynamic","uploadType":"JV","original_name":"[G5#C4]_Group-5_Dynamic-IV_[220722_121625].csv","save_name":"CNU_HEMD-SC-00247\/Forward_[G5#C4]_Group-5_Dynamic","uploader":118,"fileType":""},{"key":"Forward_[G6#C2]_Group-6_Dynamic","uploadType":"JV","original_name":"[G6#C2]_Group-6_Dynamic-IV_[220722_121625].csv","save_name":"CNU_HEMD-SC-00247\/Forward_[G6#C2]_Group-6_Dynamic","uploader":118,"fileType":""},{"key":"Forward_[G6#C3]_Group-6_Dynamic","uploadType":"JV","original_name":"[G6#C3]_Group-6_Dynamic-IV_[220722_121625].csv","save_name":"CNU_HEMD-SC-00247\/Forward_[G6#C3]_Group-6_Dynamic","uploader":118,"fileType":""},{"key":"Forward_[G1#C1]_Group-1_Dynamic","uploadType":"JV","original_name":"[G1#C1]_Group-1_Dynamic-IV_[220722_092211].csv","save_name":"CNU_HEMD-SC-00247\/Forward_[G1#C1]_Group-1_Dynamic","uploader":118,"fileType":""},{"key":"Forward_[G1#C2]_Group-1_Dynamic","uploadType":"JV","original_name":"[G1#C2]_Group-1_Dynamic-IV_[220722_092211].csv","save_name":"CNU_HEMD-SC-00247\/Forward_[G1#C2]_Group-1_Dynamic","uploader":118,"fileType":""},{"key":"Forward_[G1#C3]_Group-1_Dynamic","uploadType":"JV","original_name":"[G1#C3]_Group-1_Dynamic-IV_[220722_092211].csv","save_name":"CNU_HEMD-SC-00247\/Forward_[G1#C3]_Group-1_Dynamic","uploader":118,"fileType":""},{"key":"Forward_[G1#C4]_Group-1_Dynamic","uploadType":"JV","original_name":"[G1#C4]_Group-1_Dynamic-IV_[220722_092211].csv","save_name":"CNU_HEMD-SC-00247\/Forward_[G1#C4]_Group-1_Dynamic","uploader":118,"fileType":""},{"key":"Forward_[G2#C1]_Group-2_Dynamic","uploadType":"JV","original_name":"[G2#C1]_Group-2_Dynamic-IV_[220722_121625].csv","save_name":"CNU_HEMD-SC-00247\/Forward_[G2#C1]_Group-2_Dynamic","uploader":118,"fileType":""},{"key":"Forward_[G2#C2]_Group-2_Dynamic","uploadType":"JV","original_name":"[G2#C2]_Group-2_Dynamic-IV_[220722_121625].csv","save_name":"CNU_HEMD-SC-00247\/Forward_[G2#C2]_Group-2_Dynamic","uploader":118,"fileType":""},{"key":"Forward_[G2#C3]_Group-2_Dynamic","uploadType":"JV","original_name":"[G2#C3]_Group-2_Dynamic-IV_[220722_121625].csv","save_name":"CNU_HEMD-SC-00247\/Forward_[G2#C3]_Group-2_Dynamic","uploader":118,"fileType":""},{"key":"Forward_[G2#C4]_Group-2_Dynamic","uploadType":"JV","original_name":"[G2#C4]_Group-2_Dynamic-IV_[220722_121625].csv","save_name":"CNU_HEMD-SC-00247\/Forward_[G2#C4]_Group-2_Dynamic","uploader":118,"fileType":""},{"key":"Forward_[G3#C1]_Group-3_Dynamic","uploadType":"JV","original_name":"[G3#C1]_Group-3_Dynamic-IV_[220722_121625].csv","save_name":"CNU_HEMD-SC-00247\/Forward_[G3#C1]_Group-3_Dynamic","uploader":118,"fileType":""},{"key":"Forward_[G3#C2]_Group-3_Dynamic","uploadType":"JV","original_name":"[G3#C2]_Group-3_Dynamic-IV_[220722_121625].csv","save_name":"CNU_HEMD-SC-00247\/Forward_[G3#C2]_Group-3_Dynamic","uploader":118,"fileType":""},{"key":"Forward_[G3#C3]_Group-3_Dynamic","uploadType":"JV","original_name":"[G3#C3]_Group-3_Dynamic-IV_[220722_121625].csv","save_name":"CNU_HEMD-SC-00247\/Forward_[G3#C3]_Group-3_Dynamic","uploader":118,"fileType":""},{"key":"Forward_[G3#C4]_Group-3_Dynamic","uploadType":"JV","original_name":"[G3#C4]_Group-3_Dynamic-IV_[220722_121625].csv","save_name":"CNU_HEMD-SC-00247\/Forward_[G3#C4]_Group-3_Dynamic","uploader":118,"fileType":""},{"key":"Forward_[G4#C1]_Group-4_Dynamic","uploadType":"JV","original_name":"[G4#C1]_Group-4_Dynamic-IV_[220722_121625].csv","save_name":"CNU_HEMD-SC-00247\/Forward_[G4#C1]_Group-4_Dynamic","uploader":118,"fileType":""},{"key":"Forward_[G4#C2]_Group-4_Dynamic","uploadType":"JV","original_name":"[G4#C2]_Group-4_Dynamic-IV_[220722_121625].csv","save_name":"CNU_HEMD-SC-00247\/Forward_[G4#C2]_Group-4_Dynamic","uploader":118,"fileType":""},{"key":"Forward_[G4#C3]_Group-4_Dynamic","uploadType":"JV","original_name":"[G4#C3]_Group-4_Dynamic-IV_[220722_121625].csv","save_name":"CNU_HEMD-SC-00247\/Forward_[G4#C3]_Group-4_Dynamic","uploader":118,"fileType":""}],"jvcnt":22,"updated_at":"2024-09-13 08:14:15","created_at":"2023-11-30 07:15:42","analysisInfo":{"JV":[{"efficiency":0.0019121,"fill_factor":37.4597,"jsc":0.0046567,"voc":0.0004377309,"key":"Forward_[G6#C3]_Group-6_Dynamic","cell_dimension":0.09399999954121949},{"efficiency":17.0679,"fill_factor":64.3548,"jsc":24.1167,"voc":2.267,"key":"Forward_[G6#C2]_Group-6_Dynamic","cell_dimension":0.09400000138837908},{"efficiency":14.0021,"fill_factor":64.082,"jsc":21.1973,"voc":1.9925,"key":"Forward_[G5#C4]_Group-5_Dynamic","cell_dimension":0.09399999944156952},{"efficiency":1.2434,"fill_factor":20.0826,"jsc":20.6123,"voc":1.9376,"key":"Forward_[G5#C3]_Group-5_Dynamic","cell_dimension":0.09399999994872438},{"efficiency":15.327,"fill_factor":68.4168,"jsc":21.8735,"voc":2.0561,"key":"Forward_[G5#C2]_Group-5_Dynamic","cell_dimension":0.09400000081396206},{"efficiency":4.5493,"fill_factor":28.159,"jsc":20.2877,"voc":1.907,"key":"Forward_[G5#C1]_Group-5_Dynamic","cell_dimension":0.09399999916965349},{"efficiency":2.3138,"fill_factor":35.8759,"jsc":21.6081,"voc":2.0312,"key":"Forward_[G4#C4]_Group-4_Dynamic","cell_dimension":0.09400000054892393},{"efficiency":15.3475,"fill_factor":61.6352,"jsc":23.5377,"voc":2.2125,"key":"Forward_[G4#C3]_Group-4_Dynamic","cell_dimension":0.09399999999999999},{"efficiency":15.8276,"fill_factor":62.9356,"jsc":23.5137,"voc":2.2103,"key":"Forward_[G4#C2]_Group-4_Dynamic","cell_dimension":0.0940000007584519},{"efficiency":14.9098,"fill_factor":61.6764,"jsc":22.9637,"voc":2.1586,"key":"Forward_[G4#C1]_Group-4_Dynamic","cell_dimension":0.09399999956812626},{"efficiency":0.008475,"fill_factor":25.4774,"jsc":0.0326369,"voc":0.0030679,"key":"Forward_[G3#C4]_Group-3_Dynamic","cell_dimension":0.0940000001995487},{"efficiency":9.0045,"fill_factor":59.5396,"jsc":23.0286,"voc":2.1647,"key":"Forward_[G3#C3]_Group-3_Dynamic","cell_dimension":0.0939999988951306},{"efficiency":1.5216,"fill_factor":31.9274,"jsc":21.3498,"voc":2.0069,"key":"Forward_[G3#C2]_Group-3_Dynamic","cell_dimension":0.09399999958166723},{"efficiency":1.3921,"fill_factor":32.6193,"jsc":20.7403,"voc":1.9496,"key":"Forward_[G3#C1]_Group-3_Dynamic","cell_dimension":0.09399999886346254},{"efficiency":1.7875,"fill_factor":36.1627,"jsc":20.8714,"voc":1.9619,"key":"Forward_[G2#C4]_Group-2_Dynamic","cell_dimension":0.09400000089217575},{"efficiency":10.3439,"fill_factor":48.5941,"jsc":21.8013,"voc":2.0493,"key":"Forward_[G2#C3]_Group-2_Dynamic","cell_dimension":0.09399999878422355},{"efficiency":10.5768,"fill_factor":52.1854,"jsc":19.9219,"voc":1.8727,"key":"Forward_[G2#C2]_Group-2_Dynamic","cell_dimension":0.09400000019846454},{"efficiency":10.752,"fill_factor":59.1916,"jsc":17.6183,"voc":1.6561,"key":"Forward_[G2#C1]_Group-2_Dynamic","cell_dimension":0.09400000144939484},{"efficiency":16.9392,"fill_factor":68.9004,"jsc":22.369,"voc":2.1027,"key":"Forward_[G1#C4]_Group-1_Dynamic","cell_dimension":0.09399999815230653},{"efficiency":15.7518,"fill_factor":66.9631,"jsc":21.9492,"voc":2.0632,"key":"Forward_[G1#C3]_Group-1_Dynamic","cell_dimension":0.0940000016155737},{"efficiency":13.6416,"fill_factor":65.0996,"jsc":20.1399,"voc":1.8931,"key":"Forward_[G1#C2]_Group-1_Dynamic","cell_dimension":0.09400000185259912},{"efficiency":11.3327,"fill_factor":62.7384,"jsc":17.2332,"voc":1.6199,"key":"Forward_[G1#C1]_Group-1_Dynamic","cell_dimension":0.09400000091591153}]},"public":2,"tags":[],"analysis":{"JV":[{"V":{"value":[-0.2,-0.15,-0.1,-0.05,0,0.05,0.1,0.15,0.2,0.25,0.3,0.35,0.4,0.45,0.5,0.55,0.6,0.65,0.7,0.75,0.8,0.85,0.9,0.95,1,1.05,1.1,1.15,1.2,1.25,1.3],"unit":"V"},"J":{"value":[1.3078149e-5,4.597167e-6,4.775505000000001e-6,4.775505000000001e-6,4.656613e-6,2.1004298000000003e-5,4.6962439999999996e-6,4.53772e-6,3.94326e-6,4.220674e-6,4.161228999999999e-6,4.101782e-6,3.269536e-6,3.546952e-6,3.824367e-6,2.833599e-6,2.1202450000000002e-6,1.9220909999999997e-6,1.862645e-6,1.624861e-6,1.169107e-6,1.505968e-6,7.3316883e-7,6.737227659999999e-7,5.35015106e-7,1.18892234e-7,4.75568936e-7,-1.3870766e-7,-2.57599894e-7,-5.54830426e-7,-3.76492128e-7],"unit":"A\/cm2"},"power_density":{"value":[-0.002615377,-0.000689409095,-0.000477465814,-0.000238641838,1.94289019e-7,0.001050034,0.000469593695,0.00068065304,0.000788670054,0.001055185,0.001248403,0.001435692,0.001307859,0.001596196,0.001912149,0.001558461,0.00127214,0.001249355,0.001303856,0.001218654,0.000935294843,0.001280077,0.000659858105,0.000640041344,0.000535022062,0.000124838154,0.000523132488,-0.00015951686,-0.000309123994,-0.000693545245,-0.000489447296],"unit":"mW\/cm2"},"I":{"value":[1.229346e-6,4.3213369999999997e-7,4.488975e-7,4.488975e-7,4.377216e-7,1.974404e-6,4.414469e-7,4.265457e-7,3.706664e-7,3.967434e-7,3.9115550000000005e-7,3.855675e-7,3.0733639999999996e-7,3.334135e-7,3.594905e-7,2.663583e-7,1.9930300000000002e-7,1.806766e-7,1.750886e-7,1.527369e-7,1.098961e-7,1.41561e-7,6.891787e-8,6.332994e-8,5.029142e-8,1.117587e-8,4.470348e-8,-1.3038520000000001e-8,-2.421439e-8,-5.215406e-8,-3.5390260000000005e-8],"unit":"A"},"power":{"value":[-0.000245845474,-6.4804455e-5,-4.4881787e-5,-2.2432333e-5,1.8263168e-8,9.8703161e-5,4.4141807e-5,6.3981386e-5,7.4134985e-5,9.9187358e-5,0.000117349897,0.000134955025,0.000122938771,0.000150042443,0.000179741979,0.000146495334,0.000119581162,0.000117439374,0.00012256244,0.000114553515,8.7917715e-5,0.000120327275,6.2026662e-5,6.0163886e-5,5.0292074e-5,1.1734786e-5,4.9174454e-5,-1.4994585e-5,-2.9057655e-5,-6.5193253e-5,-4.6008046e-5],"unit":"mW"},"resistance":{"value":[-162672.429,-347031.254,-222728.485,-111321.761,95.319148,25319.727,226513.019,351659.623,539581.144,630139.783,766979.628,907795.911,1301550,1349733,1390832,2064863,3010476,3597575,3997990,4910441,7279672,6004500,13059144,15000914,19884366,93953401,24606899,-88201882,-49557969,-23967703,-36733836],"unit":"ohms"},"conductance":{"value":[-6.147323e-6,-2.881585e-6,-4.489771e-6,-8.98297e-6,0.010491072,3.9494897e-5,4.414757e-6,2.843659e-6,1.853289e-6,1.586949e-6,1.303816e-6,1.101569e-6,7.68314685e-7,7.40887442e-7,7.18994086e-7,4.84293542e-7,3.32173438e-7,2.77964984e-7,2.50125714e-7,2.03647707e-7,1.3736882e-7,1.66541765e-7,7.6574696e-8,6.6662604e-8,5.0290766e-8,1.0643574e-8,4.063901e-8,-1.1337627e-8,-2.0178389e-8,-4.1722814e-8,-2.7222858e-8],"unit":"S"},"timestamps":{"value":[0.019,0.053,0.087,0.121,0.156,0.19,0.224,0.258,0.293,0.327,0.361,0.395,0.429,0.464,0.498,0.532,0.566,0.6,0.6350001,0.669,0.703,0.737,0.771,0.8060001,0.84,0.874,0.9080001,0.942,0.9770001,1.011,1.045],"unit":"s"},"sweep_direction":{"unit":"","value":"Forward"},"p_max":{"unit":"mW","value":0.000179742},"v_p_max":{"unit":"V","value":0.5},"i_p_max":{"unit":"mA","value":0.0003594905},"isc":{"unit":"mA","value":1.096},"voc":{"unit":"V","value":0.0004377309},"jsc":{"unit":"mA\/cm2","value":0.0046567},"fill_factor":{"unit":"%","value":37.4597},"efficiency":{"unit":"%","value":0.0019121},"r_s":{"unit":"ohms","value":171679.3},"r_sh":{"unit":"ohms","value":2135400},"temperature":{"unit":"oC","value":100},"cell_dimension":{"value":0.09399999954121949,"unit":"cm2"},"key":"Forward_[G6#C3]_Group-6_Dynamic"},{"V":{"value":[-0.2,-0.15,-0.1,-0.05,0,0.05,0.1,0.15,0.2,0.25,0.3,0.35,0.4,0.45,0.5,0.55,0.6,0.65,0.7,0.75,0.8,0.85,0.9,0.95,1,1.05,1.1,1.15,1.2,1.25,1.3],"unit":"V"},"J":{"value":[0.024488989,0.024219543000000003,0.024153489,0.024141468,0.024116681,0.024117999999999997,0.024073063999999998,0.024033628,0.02400934,0.023978978999999997,0.023920383,0.023832585000000003,0.023721543,0.023564702,0.023346457,0.023109043,0.022814468,0.022481596,0.022093830000000002,0.021595531999999997,0.020959553,0.020079649,0.018838989,0.016917479,0.013806223,0.008588459,-5.2748521e-5,-0.013387777,-0.031578628,-0.053046617,-0.07583217],"unit":"A\/cm2"},"power_density":{"value":[-4.897291,-3.632016,-2.41484,-1.206307,0.001092474,1.205813,2.407235,3.605138,4.802127,5.994956,7.17645,8.341931,9.489077,10.604707,11.673156,12.709962,13.688772,14.613114,15.465844,16.196902,16.767911,17.067866,16.955343,16.071811,13.806472,9.01801,-0.058024481,-15.396211,-37.894637,-66.308324,-98.581973],"unit":"mW\/cm2"},"I":{"value":[0.002301965,0.002276637,0.0022704279999999997,0.002269298,0.002266968,0.002267092,0.002262868,0.002259161,0.002256878,0.002254024,0.002248516,0.002240263,0.002229825,0.002215082,0.002194567,0.00217225,0.0021445599999999998,0.00211327,0.00207682,0.0020299800000000002,0.001970198,0.001887487,0.001770865,0.001590243,0.0012977849999999999,0.0008073151,-4.958361e-6,-0.001258451,-0.002968391,-0.004986382,-0.007128224000000001],"unit":"A"},"power":{"value":[-0.460345349,-0.341409493,-0.226994939,-0.113392827,0.000102692585,0.113346393,0.226280102,0.338882961,0.451399974,0.563525835,0.674586279,0.78414156,0.891973259,0.996842499,1.097277,1.194736,1.286745,1.373633,1.453789,1.522509,1.576184,1.604379,1.593802,1.51075,1.297808,0.847692965,-0.005454301,-1.447244,-3.562096,-6.232982,-9.266705],"unit":"mW"},"resistance":{"value":[-86.873302,-65.870053,-44.035274,-22.01925,0.01998243,22.053088,44.190399,66.398057,88.622779,110.916654,133.427558,156.241522,179.394975,203.164082,227.833965,253.193463,279.779535,307.581805,337.057328,369.467532,406.057056,450.338572,508.233773,597.400649,770.557527,1300.626,-221851.737,-913.837726,-404.262444,-250.68296,-182.373898],"unit":"ohms"},"conductance":{"value":[-0.011511016,-0.015181406,-0.022709067,-0.045414807,50.043963,0.045345123,0.02262935,0.015060682,0.011283781,0.009015779,0.007494704,0.006400347,0.005574292,0.00492213,0.004389161,0.003949549,0.003574243,0.003251168,0.002966854,0.002706598,0.002462708,0.002220552,0.001967598,0.001673919,0.001297762,0.00076886054,-4.507515e-6,-0.001094286,-0.002473641,-0.003989102,-0.005483241],"unit":"S"},"timestamps":{"value":[0.019,0.053,0.087,0.122,0.156,0.19,0.224,0.259,0.293,0.327,0.361,0.395,0.43,0.464,0.498,0.532,0.566,0.601,0.6350001,0.669,0.703,0.737,0.772,0.8060001,0.84,0.874,0.9080001,0.943,0.9770001,1.011,1.045],"unit":"s"},"sweep_direction":{"unit":"","value":"Forward"},"p_max":{"unit":"mW","value":1.6044},"v_p_max":{"unit":"V","value":0.85},"i_p_max":{"unit":"mA","value":1.8875},"isc":{"unit":"mA","value":1.1},"voc":{"unit":"V","value":2.267},"jsc":{"unit":"mA\/cm2","value":24.1167},"fill_factor":{"unit":"%","value":64.3548},"efficiency":{"unit":"%","value":17.0679},"r_s":{"unit":"ohms","value":44.5885},"r_sh":{"unit":"ohms","value":3056.4},"temperature":{"unit":"oC","value":100},"cell_dimension":{"value":0.09400000138837908,"unit":"cm2"},"key":"Forward_[G6#C2]_Group-6_Dynamic"},{"V":{"value":[-0.2,-0.15,-0.1,-0.05,0,0.05,0.1,0.15,0.2,0.25,0.3,0.35,0.4,0.45,0.5,0.55,0.6,0.65,0.7,0.75,0.8,0.85,0.9,0.95,1,1.05,1.1,1.15,1.2,1.25,1.3],"unit":"V"},"J":{"value":[0.021488798,0.021272691,0.021210649,0.021201043,0.021197277,0.021194128,0.021169553,0.021161606,0.021147426,0.021059521,0.020970766000000002,0.020876351,0.020764489,0.020633298,0.020515053000000002,0.020341744999999998,0.020083479,0.019756745,0.019259734,0.018558862000000002,0.017502404,0.015896128,0.013369138,0.009421359,0.004082185,-0.002545522,-0.012463181,-0.026986223,-0.044492085,-0.061820467999999996,-0.076387021],"unit":"A\/cm2"},"power_density":{"value":[-4.297336,-3.190125,-2.120643,-1.059409,0.000929903751,1.059609,2.116878,3.174304,4.229688,5.265032,6.291479,7.307159,8.306184,9.285481,10.257428,11.187915,12.050129,12.84191,13.48192,13.919332,14.002123,13.511813,12.032385,8.950381,4.082242,-2.672824,-13.709624,-31.034535,-53.390769,-77.275461,-99.30328],"unit":"mW\/cm2"},"I":{"value":[0.0020199470000000002,0.001999633,0.001993801,0.001992898,0.001992544,0.001992248,0.001989938,0.001989191,0.001987858,0.001979595,0.001971252,0.001962377,0.001951862,0.00193953,0.001928415,0.0019121239999999999,0.001887847,0.001857134,0.0018104150000000001,0.001744533,0.001645226,0.001494236,0.001256699,0.0008856077,0.0003837254,-0.0002392791,-0.001171539,-0.0025367049999999998,-0.004182256,-0.005811124,-0.00718038],"unit":"A"},"power":{"value":[-0.403949607,-0.299871763,-0.199340463,-0.099584455,8.7410953e-5,0.099603276,0.198986497,0.298384618,0.397590683,0.494913003,0.591399058,0.686872964,0.7807813,0.872835243,0.964198244,1.051664,1.132712,1.20714,1.2673,1.308417,1.3162,1.27011,1.131044,0.841335817,0.383730772,-0.251245448,-1.288705,-2.917246,-5.018732,-7.263893,-9.334508],"unit":"mW"},"resistance":{"value":[-99.002746,-74.995462,-50.145486,-25.073872,0.022016588,25.094978,50.250978,75.409048,100.615638,126.292095,152.193581,178.365778,204.942101,232.027398,259.277801,287.637099,317.823478,350.002369,386.654717,429.920214,486.262313,568.856994,716.171494,1072.721,2606.067,-4388.223,-938.944414,-453.349522,-286.927916,-215.104341,-181.049192],"unit":"ohms"},"conductance":{"value":[-0.01010073,-0.01333414,-0.019941974,-0.039882153,45.420299,0.03984861,0.01990011,0.013261008,0.009938813,0.007918152,0.006570579,0.005606457,0.004879427,0.004309836,0.003856867,0.003476603,0.003146401,0.002857124,0.002586287,0.002326013,0.002056503,0.001757911,0.001396314,0.000932209211,0.000383720028,-0.000227882687,-0.001065026,-0.002205804,-0.003485196,-0.004648907,-0.005523361],"unit":"S"},"timestamps":{"value":[0.019,0.053,0.08800001,0.122,0.156,0.191,0.225,0.259,0.293,0.327,0.361,0.396,0.43,0.464,0.498,0.532,0.567,0.601,0.6350001,0.669,0.703,0.738,0.772,0.8060001,0.84,0.874,0.909,0.943,0.9770001,1.011,1.045],"unit":"s"},"sweep_direction":{"unit":"","value":"Forward"},"p_max":{"unit":"mW","value":1.3162},"v_p_max":{"unit":"V","value":0.8},"i_p_max":{"unit":"mA","value":1.6452},"isc":{"unit":"mA","value":1.031},"voc":{"unit":"V","value":1.9925},"jsc":{"unit":"mA\/cm2","value":21.1973},"fill_factor":{"unit":"%","value":64.082},"efficiency":{"unit":"%","value":14.0021},"r_s":{"unit":"ohms","value":50.8542},"r_sh":{"unit":"ohms","value":3614.1},"temperature":{"unit":"oC","value":100},"cell_dimension":{"value":0.09399999944156952,"unit":"cm2"},"key":"Forward_[G5#C4]_Group-5_Dynamic"},{"V":{"value":[-0.2,-0.15,-0.1,-0.05,0,0.05,0.1,0.15,0.2,0.25,0.3,0.35,0.4,0.45,0.5,0.545,0.497,0.487,0.463,0.488,0.445,0.457,0.449,0.519,0.538,0.546,0.521,0.46,0.975,1.248,1.3],"unit":"V"},"J":{"value":[0.039004883,0.033818064,0.029243606,0.024852595999999998,0.020608521,0.01643033,0.012434862000000001,0.00796259,0.002079663,-0.004676507,-0.012731096,-0.021907426,-0.0020640489999999997,-0.007847166,-0.065528904,-0.08281470199999999,-0.10638170200000001,-0.106370436,-0.106384149,-0.106209021,-0.106383723,-0.10638393600000001,-0.10638404300000001,-0.098569074,-0.10627516,-0.106383723,-0.10638383,-0.106384468,-0.10638393600000001,-0.032327543,-0.037044096000000006],"unit":"A\/cm2"},"power_density":{"value":[-7.800189,-5.071421,-2.923779,-1.24184,0.000918815877,0.821410021,1.243438,1.194397,0.415941496,-1.169128,-3.81938,-7.667669,-0.825644962,-3.53109,-32.763122,-45.17523,-52.827441,-51.801668,-49.220084,-51.861823,-47.299427,-48.632353,-47.749552,-51.172815,-57.193858,-58.072066,-55.426092,-48.89328,-103.769072,-40.359999,-48.157769],"unit":"mW\/cm2"},"I":{"value":[0.003666459,0.003178898,0.0027488990000000004,0.002336144,0.001937201,0.001544451,0.001168877,0.0007484834999999999,0.0001954883,-0.0004395917,-0.001196723,-0.002059298,-0.00019402059999999998,-0.0007376336,-0.0061597169999999994,-0.007784582,-0.00999988,-0.009998821,-0.01000011,-0.009983648000000001,-0.01000007,-0.01000009,-0.0100001,-0.009265493,-0.009989865,-0.01000007,-0.01000008,-0.01000014,-0.01000009,-0.003038789,-0.003482145],"unit":"A"},"power":{"value":[-0.733217738,-0.476713584,-0.274835252,-0.116733004,8.6368692e-5,0.077212542,0.11688313,0.112273273,0.039098501,-0.109898013,-0.359021687,-0.72076089,-0.077610626,-0.331922506,-3.079733,-4.246472,-4.965779,-4.869357,-4.626688,-4.875011,-4.446146,-4.571441,-4.488458,-4.810245,-5.376223,-5.458774,-5.210053,-4.595968,-9.754293,-3.79384,-4.52683],"unit":"mW"},"resistance":{"value":[-54.543035,-47.174178,-36.370969,-21.389195,0.023014788,32.369768,85.548856,200.406555,1023.101,-568.71001,-250.68792,-169.962385,-2061.7,-610.035796,-81.169265,-70.074116,-49.658986,-48.705052,-46.265861,-48.909938,-44.460839,-45.713589,-44.883681,-56.031223,-53.871369,-54.586978,-52.099693,-45.958397,-97.541172,-410.844912,-373.33655],"unit":"ohms"},"conductance":{"value":[-0.018334147,-0.021198038,-0.027494456,-0.046752577,43.450325,0.030893024,0.011689227,0.004989857,0.000977420485,-0.001758365,-0.003989023,-0.005883655,-0.000485036585,-0.001639248,-0.012319934,-0.014270605,-0.020137342,-0.020531751,-0.021614209,-0.020445743,-0.022491703,-0.021875334,-0.022279812,-0.017847192,-0.018562736,-0.018319387,-0.019193971,-0.02175881,-0.010252081,-0.002434008,-0.002678548],"unit":"S"},"timestamps":{"value":[0.02,0.054,0.08800001,0.122,0.156,0.191,0.225,0.259,0.293,0.328,0.362,0.396,0.43,0.464,0.498,0.5330001,0.567,0.601,0.6350001,0.669,0.7040001,0.738,0.772,0.8060001,0.84,0.8750001,0.909,0.943,0.9770001,1.011,1.046],"unit":"s"},"sweep_direction":{"unit":"","value":"Forward"},"p_max":{"unit":"mW","value":0.1168831},"v_p_max":{"unit":"V","value":0.1},"i_p_max":{"unit":"mA","value":1.1689},"isc":{"unit":"mA","value":0.3},"voc":{"unit":"V","value":1.9376},"jsc":{"unit":"mA\/cm2","value":20.6123},"fill_factor":{"unit":"%","value":20.0826},"efficiency":{"unit":"%","value":1.2434},"r_s":{"unit":"ohms","value":16.5878},"r_sh":{"unit":"ohms","value":118.4753},"temperature":{"unit":"oC","value":100},"cell_dimension":{"value":0.09399999994872438,"unit":"cm2"},"key":"Forward_[G5#C3]_Group-5_Dynamic"},{"V":{"value":[-0.2,-0.15,-0.1,-0.05,0,0.05,0.1,0.15,0.2,0.25,0.3,0.35,0.4,0.45,0.5,0.55,0.6,0.65,0.7,0.75,0.8,0.85,0.9,0.95,1,1.05,1.1,1.15,1.2,1.25,1.279],"unit":"V"},"J":{"value":[0.022114052999999998,0.021944415,0.021902882999999998,0.021889011,0.0218735,0.021883957,0.021859862,0.021859978999999998,0.021842085,0.021819979,0.021816128,0.021790213000000003,0.021752309,0.021690936,0.02159434,0.021464883,0.021275723,0.020982914999999998,0.020593883,0.019991371999999997,0.019158394000000002,0.01793216,0.015923095999999998,0.012288489,0.005504988,-0.005887247,-0.022522722999999998,-0.043144616999999996,-0.066281266,-0.091704723,-0.106378415],"unit":"A\/cm2"},"power_density":{"value":[-4.422357,-3.290837,-2.189832,-1.093776,0.000969999169,1.094113,2.185932,3.279093,4.368631,5.455167,6.545113,7.627023,8.70133,9.761435,10.797082,11.805653,12.765513,13.638972,14.415862,14.993743,15.326966,15.242497,14.331027,11.67423,5.505093,-6.18168,-24.775243,-49.616957,-79.537784,-114.630537,-136.053099],"unit":"mW\/cm2"},"I":{"value":[0.002078721,0.0020627749999999998,0.002058871,0.002057567,0.002056109,0.002057092,0.002054827,0.0020548380000000002,0.002053156,0.002051078,0.002050716,0.00204828,0.0020447169999999997,0.002038948,0.002029868,0.002017699,0.0019999180000000003,0.001972394,0.001935825,0.001879189,0.001800889,0.001685623,0.001496771,0.0011551180000000001,0.0005174689,-0.0005534012000000001,-0.002117136,-0.004055594,-0.006230439,-0.008620243999999999,-0.009999570999999999],"unit":"A"},"power":{"value":[-0.415701586,-0.30933869,-0.205844193,-0.102814977,9.1179922e-5,0.10284666,0.205477604,0.308234741,0.410651321,0.512785704,0.615240639,0.716940195,0.817925036,0.917574923,1.014926,1.109731,1.199958,1.282063,1.355091,1.409412,1.440735,1.432795,1.347117,1.097378,0.517478732,-0.581077901,-2.328873,-4.663994,-7.476552,-10.775271,-12.788991],"unit":"mW"},"resistance":{"value":[-96.203146,-72.699349,-48.560187,-24.285576,0.021567855,24.30428,48.664691,73.000597,97.415783,121.890976,146.296513,170.885133,195.635239,220.713672,246.319416,272.586991,300.014151,329.550637,361.60655,399.114033,444.232321,504.269935,601.304475,822.4384,1932.52,-1897.379,-519.57503,-283.562654,-192.603443,-145.007032,-127.900887],"unit":"ohms"},"conductance":{"value":[-0.01039467,-0.013755281,-0.020593002,-0.041176705,46.365298,0.041145016,0.02054878,0.013698518,0.010265277,0.008204053,0.006835433,0.005851884,0.005111554,0.004530757,0.004059769,0.003668554,0.003333176,0.003034435,0.002765437,0.00250555,0.002251074,0.001983065,0.001663051,0.001215897,0.000517459068,-0.000527042739,-0.00192465,-0.003526557,-0.005192015,-0.006896217,-0.007818554],"unit":"S"},"timestamps":{"value":[0.02,0.054,0.08800001,0.122,0.156,0.191,0.225,0.259,0.294,0.328,0.362,0.396,0.43,0.465,0.499,0.5330001,0.567,0.601,0.6350001,0.67,0.7040001,0.738,0.772,0.8060001,0.841,0.8750001,0.909,0.943,0.9770001,1.012,1.046],"unit":"s"},"sweep_direction":{"unit":"","value":"Forward"},"p_max":{"unit":"mW","value":1.4407},"v_p_max":{"unit":"V","value":0.8},"i_p_max":{"unit":"mA","value":1.8009},"isc":{"unit":"mA","value":1.024},"voc":{"unit":"V","value":2.0561},"jsc":{"unit":"mA\/cm2","value":21.8735},"fill_factor":{"unit":"%","value":68.4168},"efficiency":{"unit":"%","value":15.327},"r_s":{"unit":"ohms","value":35.4595},"r_sh":{"unit":"ohms","value":4834},"temperature":{"unit":"oC","value":100},"cell_dimension":{"value":0.09400000081396206,"unit":"cm2"},"key":"Forward_[G5#C2]_Group-5_Dynamic"},{"V":{"value":[-0.2,-0.15,-0.1,-0.05,0,0.05,0.1,0.15,0.2,0.25,0.3,0.35,0.4,0.45,0.5,0.55,0.601,0.65,0.7,0.75,0.8,0.85,0.9,0.95,1,1.05,1.1,1.15,1.2,1.25,1.3],"unit":"V"},"J":{"value":[0.028903596,0.025710213,0.023740521,0.021972181,0.020286191,0.018649638,0.016994436,0.015479468000000001,0.014062255000000001,0.010577367,0.00020853702099999998,-0.008995941,-0.015389606,0.009812593,0.009098506000000001,0.005107769,0.00094959234,0.0030417589999999998,0.002113944,0.001275317,-1.5455989999999998e-6,0.0009708344679999999,0.000559130426,-0.00042329606400000005,-0.00291825,-0.008465187,-0.017032862000000003,-0.026621117000000003,-0.03463366,-0.040073754999999996,-0.044165787000000005],"unit":"A\/cm2"},"power_density":{"value":[-5.780196,-3.855578,-2.373563,-1.097932,0.000885098706,0.932387734,1.699393,2.321973,2.812562,2.64432,0.062563275,-3.148709,-6.156361,4.41591,4.549266,2.809242,0.57035868,1.977141,1.479767,0.956879416,-0.001236491,0.825213181,0.503222527,-0.402134097,-2.918282,-8.888531,-18.736318,-30.614711,-41.560669,-50.092314,-57.415921],"unit":"mW\/cm2"},"I":{"value":[0.002716938,0.00241676,0.0022316090000000003,0.002065385,0.001906902,0.001753066,0.0015974770000000001,0.0014550700000000001,0.001321852,0.0009942725,1.960248e-5,-0.0008456185000000001,-0.001446623,0.0009223837000000001,0.0008552596,0.0004801303,8.926167999999999e-5,0.0002859253,0.0001987107,0.0001198798,-1.452863e-7,9.125843999999999e-5,5.2558260000000005e-5,-3.978983e-5,-0.00027431549999999997,-0.0007957276,-0.001601089,-0.0025023849999999998,-0.0032555640000000003,-0.0037669329999999997,-0.004151584],"unit":"A"},"power":{"value":[-0.543338423,-0.362424338,-0.223114929,-0.103205636,8.3199278e-5,0.087644447,0.159742971,0.218265447,0.264380843,0.248566037,0.005880948,-0.295978652,-0.578697951,0.41509554,0.427630997,0.264068784,0.053613716,0.185851273,0.139098106,0.089946665,-0.000116230173,0.077570039,0.047302918,-0.037800605,-0.274318517,-0.835521937,-1.761214,-2.877783,-3.906703,-4.708678,-5.397097],"unit":"mW"},"resistance":{"value":[-73.605618,-62.051217,-44.801486,-24.193649,0.022880358,28.518578,62.596857,103.090161,151.308845,251.438011,15304.717,-413.915258,-276.529338,487.89327,584.619454,1145.51,6728.927,2273.319,3522.725,6258.828,-5506423,9314.251,17124.03,-23875.616,-3645.478,-1319.56,-687.038634,-459.567972,-368.602184,-331.83574,-313.135661],"unit":"ohms"},"conductance":{"value":[-0.01358592,-0.016115719,-0.022320688,-0.041333161,43.70561,0.035064862,0.015975243,0.009700247,0.006608999,0.003977123,6.5339335e-5,-0.002415953,-0.003616253,0.002049629,0.001710514,0.000872973705,0.000148612111,0.000439885483,0.000283871171,0.000159774311,-1.81606104e-7,0.000107362365,5.839747e-5,-4.1883736e-5,-0.000274312483,-0.000757828592,-0.001455522,-0.002175957,-0.002712952,-0.003013539,-0.003193504],"unit":"S"},"timestamps":{"value":[0.019,0.053,0.087,0.121,0.155,0.19,0.224,0.258,0.292,0.327,0.361,0.395,0.429,0.463,0.498,0.532,0.566,0.6,0.634,0.669,0.703,0.737,0.771,0.8050001,0.84,0.874,0.9080001,0.942,0.9760001,1.011,1.045],"unit":"s"},"sweep_direction":{"unit":"","value":"Forward"},"p_max":{"unit":"mW","value":0.427631},"v_p_max":{"unit":"V","value":0.5},"i_p_max":{"unit":"mA","value":0.8552596},"isc":{"unit":"mA","value":0.796},"voc":{"unit":"V","value":1.907},"jsc":{"unit":"mA\/cm2","value":20.2877},"fill_factor":{"unit":"%","value":28.159},"efficiency":{"unit":"%","value":4.5493},"r_s":{"unit":"ohms","value":140.2326},"r_sh":{"unit":"ohms","value":147.2084},"temperature":{"unit":"oC","value":100},"cell_dimension":{"value":0.09399999916965349,"unit":"cm2"},"key":"Forward_[G5#C1]_Group-5_Dynamic"},{"V":{"value":[-0.2,-0.15,-0.1,-0.05,0,0.05,0.1,0.15,0.2,0.25,0.3,0.35,0.4,0.438,0.43,0.426,0.426,0.425,0.424,0.423,0.423,0.422,0.42,0.42,0.42,0.419,0.418,0.418,0.419,0.418,0.418],"unit":"V"},"J":{"value":[0.029147936000000003,0.02670984,0.024815085,0.023147681,0.021606722999999998,0.02013183,0.018373904,0.01542484,0.011338202,0.00625924,-0.000196667553,-0.008173426,-0.018818862,-0.07843926600000001,-0.106384681,-0.106384468,-0.106384362,-0.106384362,-0.106384362,-0.106384149,-0.106384255,-0.106384149,-0.10638404300000001,-0.10638393600000001,-0.10638393600000001,-0.10638383,-0.10638393600000001,-0.10638383,-0.10638383,-0.106383617,-0.106383723],"unit":"A\/cm2"},"power_density":{"value":[-5.828998,-4.005448,-2.480997,-1.156666,0.000942714306,1.006576,1.837358,2.313768,2.267749,1.564843,-0.058998811,-2.860801,-7.527317,-34.366329,-45.730072,-45.37238,-45.286674,-45.201375,-45.117576,-44.959239,-45.001434,-44.851164,-44.711032,-44.645423,-44.671955,-44.570601,-44.505847,-44.516505,-44.546814,-44.504139,-44.494194],"unit":"mW\/cm2"},"I":{"value":[0.002739906,0.0025107249999999997,0.0023326180000000003,0.002175882,0.0020310320000000003,0.0018923920000000001,0.001727147,0.001449935,0.001065791,0.0005883686,-1.848675e-5,-0.000768302,-0.0017689729999999999,-0.007373291,-0.01000016,-0.01000014,-0.010000130000000001,-0.010000130000000001,-0.010000130000000001,-0.01000011,-0.010000120000000001,-0.01000011,-0.0100001,-0.01000009,-0.01000009,-0.01000008,-0.01000009,-0.01000008,-0.01000008,-0.01000006,-0.01000007],"unit":"A"},"power":{"value":[-0.547925854,-0.376512087,-0.233213748,-0.108726561,8.8615145e-5,0.094618162,0.17271166,0.217494165,0.213168432,0.14709521,-0.005545888,-0.268915304,-0.707567795,-3.230435,-4.298627,-4.265004,-4.256947,-4.248929,-4.241052,-4.226168,-4.230135,-4.216009,-4.202837,-4.19667,-4.199164,-4.189637,-4.18355,-4.184551,-4.1874,-4.183389,-4.182454],"unit":"mW"},"resistance":{"value":[-72.987832,-59.728365,-42.861454,-22.964922,0.021481986,26.421185,57.897932,103.454776,187.66306,424.912546,-16227.439,-455.566301,-226.113061,-59.420766,-42.984892,-42.648843,-42.568367,-42.488188,-42.409419,-42.260755,-42.300332,-42.159166,-42.02753,-41.965942,-41.990882,-41.895695,-41.834743,-41.844845,-41.873335,-41.833389,-41.823957],"unit":"ohms"},"conductance":{"value":[-0.013700914,-0.016742464,-0.023330986,-0.043544673,46.550632,0.037848415,0.017271774,0.009666059,0.005328699,0.002353425,-6.162402e-5,-0.00219507,-0.004422566,-0.016829133,-0.023263988,-0.023447295,-0.023491623,-0.023535953,-0.023579668,-0.023662616,-0.023640476,-0.023719634,-0.023793928,-0.023828847,-0.023814694,-0.023868801,-0.023903577,-0.023897806,-0.023881547,-0.023904351,-0.023909741],"unit":"S"},"timestamps":{"value":[0.019,0.053,0.087,0.122,0.156,0.19,0.225,0.259,0.293,0.327,0.361,0.396,0.43,0.464,0.498,0.532,0.566,0.601,0.6350001,0.669,0.703,0.737,0.772,0.8060001,0.84,0.874,0.9080001,0.943,0.9770001,1.011,1.045],"unit":"s"},"sweep_direction":{"unit":"","value":"Forward"},"p_max":{"unit":"mW","value":0.2174942},"v_p_max":{"unit":"V","value":0.15},"i_p_max":{"unit":"mA","value":1.4499},"isc":{"unit":"mA","value":0.298},"voc":{"unit":"V","value":2.0312},"jsc":{"unit":"mA\/cm2","value":21.6081},"fill_factor":{"unit":"%","value":35.8759},"efficiency":{"unit":"%","value":2.3138},"r_s":{"unit":"ohms","value":15.5189},"r_sh":{"unit":"ohms","value":303.8753},"temperature":{"unit":"oC","value":100},"cell_dimension":{"value":0.09400000054892393,"unit":"cm2"},"key":"Forward_[G4#C4]_Group-4_Dynamic"},{"V":{"value":[-0.2,-0.15,-0.1,-0.05,0,0.05,0.1,0.15,0.2,0.25,0.3,0.35,0.4,0.45,0.5,0.55,0.6,0.65,0.7,0.75,0.8,0.85,0.9,0.95,1,1.05,1.1,1.15,1.2,1.25,1.3],"unit":"V"},"J":{"value":[0.0238135,0.023604862,0.023565180999999998,0.023545245000000003,0.023537691,0.023533297999999998,0.02348516,0.023471117,0.023434532,0.023398255,0.023338605999999998,0.023240755,0.023108968,0.022932298,0.022704787,0.022414660000000003,0.022057702,0.021582128000000003,0.02099467,0.020206468,0.019184031999999997,0.017791532,0.015829713,0.012912309,0.008442241,0.001616994,-0.008637601,-0.023645426,-0.043357660000000006,-0.065627979,-0.087987819],"unit":"A\/cm2"},"power_density":{"value":[-4.762195,-3.53983,-2.356027,-1.176531,0.001060635,1.17658,2.348469,3.520776,4.687159,5.849753,7.001881,8.134762,9.244031,10.320094,11.352323,12.32804,13.23471,14.028452,14.696435,15.155098,15.34749,15.122957,14.246973,12.266844,8.442385,1.697868,-9.501482,-27.192641,-52.029452,-82.034842,-114.384429],"unit":"mW\/cm2"},"I":{"value":[0.002238469,0.002218857,0.002215127,0.002213253,0.002212543,0.00221213,0.002207605,0.0022062849999999997,0.002202846,0.002199436,0.002193829,0.002184631,0.002172243,0.002155636,0.0021342500000000003,0.002106978,0.0020734240000000004,0.00202872,0.001973499,0.001899408,0.001803299,0.001672404,0.001487993,0.001213757,0.0007935707,0.00015199740000000002,-0.0008119345,-0.00222267,-0.004075619999999999,-0.00616903,-0.008270854999999999],"unit":"A"},"power":{"value":[-0.447646344,-0.332744012,-0.221466537,-0.110593951,9.9699644e-5,0.110598492,0.220756085,0.330952899,0.440592991,0.549876815,0.658176781,0.764667601,0.868938907,0.970088798,1.067118,1.158836,1.244063,1.318674,1.381465,1.424579,1.442664,1.421558,1.339215,1.153083,0.793584191,0.15959955,-0.893139317,-2.556108,-4.890768,-7.711275,-10.752136],"unit":"mW"},"resistance":{"value":[-89.33731,-67.585203,-45.13473,-22.577157,0.020366208,22.601014,45.297053,67.989675,90.796542,113.669186,136.753047,160.219918,184.1503,208.766415,234.272883,261.036897,289.378342,320.400647,354.703955,394.866295,443.639019,508.255601,604.851367,782.703375,1260.149,6908.112,-1354.806,-517.403393,-294.435202,-202.624724,-157.178792],"unit":"ohms"},"conductance":{"value":[-0.011193532,-0.014796138,-0.022155887,-0.044292557,49.100943,0.044245803,0.022076492,0.014708116,0.011013635,0.008797459,0.007312451,0.006241421,0.005430347,0.004790042,0.004268526,0.003830876,0.003455684,0.003121092,0.002819252,0.002532503,0.002254085,0.001967514,0.001653299,0.001277623,0.00079355721,0.000144757361,-0.000738112879,-0.001932728,-0.003396333,-0.004935232,-0.006362181],"unit":"S"},"timestamps":{"value":[0.02,0.054,0.08800001,0.122,0.156,0.191,0.225,0.259,0.293,0.328,0.362,0.396,0.43,0.464,0.499,0.5330001,0.567,0.601,0.6350001,0.67,0.7040001,0.738,0.772,0.8060001,0.841,0.8750001,0.909,0.943,0.9770001,1.012,1.046],"unit":"s"},"sweep_direction":{"unit":"","value":"Forward"},"p_max":{"unit":"mW","value":1.4427},"v_p_max":{"unit":"V","value":0.8},"i_p_max":{"unit":"mA","value":1.8033},"isc":{"unit":"mA","value":1.058},"voc":{"unit":"V","value":2.2125},"jsc":{"unit":"mA\/cm2","value":23.5377},"fill_factor":{"unit":"%","value":61.6352},"efficiency":{"unit":"%","value":15.3475},"r_s":{"unit":"ohms","value":44.4903},"r_sh":{"unit":"ohms","value":2755.2},"temperature":{"unit":"oC","value":100},"cell_dimension":{"value":0.09399999999999999,"unit":"cm2"},"key":"Forward_[G4#C3]_Group-4_Dynamic"},{"V":{"value":[-0.2,-0.15,-0.1,-0.05,0,0.05,0.1,0.15,0.2,0.25,0.3,0.35,0.4,0.45,0.5,0.55,0.6,0.65,0.7,0.75,0.8,0.85,0.9,0.95,1,1.05,1.1,1.15,1.2,1.25,1.3],"unit":"V"},"J":{"value":[0.023732553,0.023552734000000002,0.023532979000000002,0.023531213000000002,0.023513713,0.023509553,0.023464191,0.023449117000000002,0.023429265999999997,0.023394106,0.022200713,0.021512021,0.020451882999999997,0.019586809,0.01862366,0.018677713000000002,0.015832936,0.019982021,0.021137851000000003,0.020477723,0.019716138,0.018620564000000003,0.016994734,0.014284521,0.010432378999999999,0.003927704,-0.006129094,-0.020977786999999998,-0.040429681,-0.062968394,-0.085389606],"unit":"A\/cm2"},"power_density":{"value":[-4.746036,-3.53202,-2.352813,-1.175836,0.001031524,1.175376,2.34635,3.517443,4.686078,5.848615,6.660489,7.529636,8.181125,8.814499,9.311733,10.272604,9.49979,12.988378,14.796644,15.358518,15.773187,15.827632,15.295497,13.570489,10.432567,4.124148,-6.742083,-24.124833,-48.5159,-78.710429,-111.006744],"unit":"mW\/cm2"},"I":{"value":[0.00223086,0.0022139570000000003,0.0022121,0.002211934,0.002210289,0.002209898,0.0022056339999999997,0.002204217,0.002202351,0.002199046,0.0020868669999999996,0.00202213,0.001922477,0.0018411599999999999,0.0017506239999999999,0.001755705,0.001488296,0.00187831,0.001986958,0.001924906,0.0018533170000000002,0.001750333,0.001597505,0.001342745,0.0009806436,0.0003692042,-0.0005761347999999999,-0.001971912,-0.0038003900000000003,-0.005919029,-0.008026623],"unit":"A"},"power":{"value":[-0.446127383,-0.332009862,-0.221164431,-0.110528572,9.6963212e-5,0.110485309,0.220556871,0.330639603,0.440491343,0.549769856,0.626085977,0.70778574,0.769025789,0.828562874,0.875302897,0.965624758,0.892980279,1.220908,1.390885,1.443701,1.48268,1.487797,1.437777,1.275626,0.980661252,0.387669948,-0.63375577,-2.267734,-4.560495,-7.39878,-10.434634],"unit":"mW"},"resistance":{"value":[-89.642559,-67.73492,-45.196601,-22.590728,0.01984764,22.623515,45.337096,68.052828,90.816405,113.68739,143.762108,173.094658,208.074375,244.42319,285.609474,313.260257,403.14682,346.057467,352.300854,389.63513,431.666034,485.626564,563.387219,707.516021,1019.757,2843.995,-1909.298,-583.199453,-315.758909,-211.183118,-161.961388],"unit":"ohms"},"conductance":{"value":[-0.011155416,-0.014763434,-0.022125558,-0.044265948,50.383824,0.044201797,0.022056993,0.014694467,0.011011226,0.00879605,0.006955936,0.005777186,0.004805974,0.004091265,0.003501284,0.003192234,0.002480486,0.002889693,0.002838483,0.002566504,0.002316606,0.002059195,0.001774978,0.001413396,0.000980625949,0.000351618025,-0.000523752719,-0.001714679,-0.003166973,-0.004735227,-0.006174311],"unit":"S"},"timestamps":{"value":[0.019,0.053,0.08800001,0.122,0.156,0.191,0.225,0.259,0.293,0.327,0.361,0.396,0.43,0.464,0.498,0.532,0.567,0.601,0.6350001,0.669,0.703,0.738,0.772,0.8060001,0.84,0.874,0.9080001,0.943,0.9770001,1.011,1.045],"unit":"s"},"sweep_direction":{"unit":"","value":"Forward"},"p_max":{"unit":"mW","value":1.4878},"v_p_max":{"unit":"V","value":0.85},"i_p_max":{"unit":"mA","value":1.7503},"isc":{"unit":"mA","value":1.07},"voc":{"unit":"V","value":2.2103},"jsc":{"unit":"mA\/cm2","value":23.5137},"fill_factor":{"unit":"%","value":62.9356},"efficiency":{"unit":"%","value":15.8276},"r_s":{"unit":"ohms","value":41.4111},"r_sh":{"unit":"ohms","value":1167.5},"temperature":{"unit":"oC","value":100},"cell_dimension":{"value":0.0940000007584519,"unit":"cm2"},"key":"Forward_[G4#C2]_Group-4_Dynamic"},{"V":{"value":[-0.2,-0.15,-0.1,-0.05,0,0.05,0.1,0.15,0.2,0.25,0.3,0.35,0.4,0.45,0.5,0.55,0.6,0.65,0.7,0.75,0.8,0.85,0.9,0.95,1,1.05,1.1,1.15,1.2,1.25,1.3],"unit":"V"},"J":{"value":[0.023154914999999998,0.023024595999999998,0.022987755,0.022982979,0.022963681,0.022964052999999998,0.022935032,0.022918043000000003,0.022887255,0.022869734000000003,0.02281233,0.022740563999999998,0.022621606,0.022443723,0.022217628,0.021921989,0.021529245,0.021047489,0.020435734,0.01965233,0.018636957,0.017260819,0.015281915,0.012318032000000001,0.0076961930000000005,0.000556217553,-0.009746349999999999,-0.023595096000000003,-0.040917181,-0.060755223000000004,-0.081174223],"unit":"A\/cm2"},"power_density":{"value":[-4.630504,-3.452819,-2.298296,-1.148463,0.001023819,1.148109,2.293446,3.437784,4.577687,5.717646,6.844018,7.959689,9.049081,10.100223,11.108734,12.057083,12.917626,13.680946,14.305151,14.739454,14.909823,14.671852,13.753951,11.702295,7.696331,0.584037887,-10.721112,-27.134832,-49.101026,-75.944212,-105.527059],"unit":"mW\/cm2"},"I":{"value":[0.002176562,0.002164312,0.002160849,0.0021604000000000003,0.002158586,0.0021586210000000003,0.002155893,0.002154296,0.002151402,0.0021497549999999997,0.002144359,0.002137613,0.0021264310000000002,0.0021097100000000003,0.002088457,0.002060667,0.002023749,0.001978464,0.001920959,0.0018473189999999998,0.0017518739999999998,0.001622517,0.0014365,0.001157895,0.0007234421,5.228445e-5,-0.0009161569000000001,-0.002217939,-0.003846215,-0.005710991,-0.007630377],"unit":"A"},"power":{"value":[-0.435267345,-0.324564989,-0.216039868,-0.107955512,9.6238981e-5,0.1079222,0.215583953,0.323151725,0.430302559,0.537458743,0.643337721,0.748210722,0.850613653,0.949420977,1.044221,1.133366,1.214257,1.286009,1.344684,1.385509,1.401523,1.379154,1.292871,1.100016,0.723455122,0.054899561,-1.007785,-2.550674,-4.615496,-7.138756,-9.919544],"unit":"mW"},"resistance":{"value":[-91.878522,-69.288624,-46.268462,-23.130045,0.020654387,23.161037,46.383341,69.629893,92.967423,116.296648,139.908476,163.744139,188.117743,213.311024,239.409478,266.903629,296.481283,328.539564,364.40481,405.999451,456.661723,523.882955,626.533171,820.465932,1382.306,20082.778,-1200.682,-518.508399,-311.997639,-218.876724,-170.372578],"unit":"ohms"},"conductance":{"value":[-0.010883936,-0.014432384,-0.021612994,-0.043233811,48.415865,0.04317596,0.021559465,0.014361648,0.010756456,0.0085987,0.00714753,0.006107089,0.00531582,0.00468799,0.004176944,0.003746671,0.003372894,0.003043773,0.002744201,0.002463058,0.002189805,0.001908823,0.001596085,0.00121882,0.000723429078,4.9793908e-5,-0.000832860066,-0.001928609,-0.003205152,-0.004568782,-0.005869489],"unit":"S"},"timestamps":{"value":[0.019,0.053,0.087,0.121,0.156,0.19,0.224,0.258,0.293,0.327,0.361,0.395,0.429,0.464,0.498,0.532,0.566,0.6,0.6350001,0.669,0.703,0.737,0.771,0.8060001,0.84,0.874,0.9080001,0.942,0.9760001,1.011,1.045],"unit":"s"},"sweep_direction":{"unit":"","value":"Forward"},"p_max":{"unit":"mW","value":1.4015},"v_p_max":{"unit":"V","value":0.8},"i_p_max":{"unit":"mA","value":1.7519},"isc":{"unit":"mA","value":1.053},"voc":{"unit":"V","value":2.1586},"jsc":{"unit":"mA\/cm2","value":22.9637},"fill_factor":{"unit":"%","value":61.6764},"efficiency":{"unit":"%","value":14.9098},"r_s":{"unit":"ohms","value":48.1868},"r_sh":{"unit":"ohms","value":2714.2},"temperature":{"unit":"oC","value":100},"cell_dimension":{"value":0.09399999956812626,"unit":"cm2"},"key":"Forward_[G4#C1]_Group-4_Dynamic"},{"V":{"value":[-0.2,-0.15,-0.1,-0.05,0,0.05,0.1,0.15,0.2,0.25,0.3,0.35,0.4,0.45,0.5,0.55,0.6,0.65,0.7,0.75,0.8,0.85,0.9,0.95,1,1.05,1.1,1.15,1.2,1.25,1.3],"unit":"V"},"J":{"value":[5.0113085e-5,3.677733e-5,3.5410074e-5,3.3725765999999995e-5,3.2635926e-5,4.9558255e-5,2.9128596e-5,2.7583e-5,2.6394074e-5,2.4471989e-5,2.3025468e-5,2.1757277e-5,2.0845777e-5,1.8071617e-5,1.6526020999999998e-5,1.5238021e-5,1.3553713000000001e-5,1.3038521000000001e-5,1.0125656e-5,9.214149e-6,7.192981e-6,5.548304000000001e-6,3.963074e-6,2.833599e-6,6.93538085e-7,-1.1096610000000001e-6,-2.754337e-6,-4.101782e-6,-5.8851659999999995e-6,-7.688365e-6,-8.639502999999999e-6],"unit":"A\/cm2"},"power_density":{"value":[-0.010021675,-0.005515272,-0.003540346,-0.001685298,1.400582e-6,0.002477449,0.002912669,0.00413742,0.005278923,0.006118068,0.006907843,0.007615397,0.008338607,0.00813256,0.00826286,0.008380805,0.008132198,0.008475002,0.007087968,0.006910653,0.005754432,0.004716067,0.003566791,0.002691935,0.000693545714,-0.001165155,-0.003029807,-0.004717139,-0.007062293,-0.009610556,-0.011231527],"unit":"mW\/cm2"},"I":{"value":[4.710630000000001e-6,3.457069e-6,3.328547e-6,3.170222e-6,3.0677769999999997e-6,4.658476e-6,2.738088e-6,2.592802e-6,2.481043e-6,2.300367e-6,2.1643940000000002e-6,2.045184e-6,1.959503e-6,1.6987320000000002e-6,1.553446e-6,1.432374e-6,1.2740489999999999e-6,1.2256210000000001e-6,9.518117e-7,8.6613e-7,6.761401999999999e-7,5.215406e-7,3.7252900000000004e-7,2.663583e-7,6.519257999999999e-8,-1.043081e-7,-2.5890769999999995e-7,-3.855675e-7,-5.532055999999999e-7,-7.227063000000001e-7,-8.121133e-7],"unit":"A"},"power":{"value":[-0.00094203744,-0.00051843555,-0.000332792489,-0.000158417991,1.31654693e-7,0.000232880243,0.00027379092,0.000388917448,0.000496218772,0.000575098421,0.000649337247,0.000715847327,0.000783829025,0.000764460657,0.000776708864,0.000787795673,0.000764426597,0.000796650218,0.000666268951,0.000649601398,0.000540916623,0.000443310344,0.000335278372,0.00025304193,6.5193297e-5,-0.000109524548,-0.000284801836,-0.000443411107,-0.000663855571,-0.00090339227,-0.001055764],"unit":"mW"},"resistance":{"value":[-42453.175,-43378.914,-30037.524,-15762.502,13.989068,10731.117,36519.451,57852.046,80612.912,108679.572,138610.992,171141.619,204140.642,264914.301,321859.208,383973.041,470937.774,530341.109,735440.424,865926.016,1183196,1629790,2415936,3566646,15339338,-10066428,-4248669,-2982674,-2169204,-1729628,-1600786],"unit":"ohms"},"conductance":{"value":[-2.3555364e-5,-2.3052675e-5,-3.3291692e-5,-6.3441706e-5,0.071484392,9.3186946e-5,2.7382668e-5,1.7285473e-5,1.2404961e-5,9.201361e-6,7.214435e-6,5.843114e-6,4.898584e-6,3.774806e-6,3.106949e-6,2.60435e-6,2.123423e-6,1.885579e-6,1.359729e-6,1.154833e-6,8.45168277e-7,6.13576022e-7,4.13918306e-7,2.80375446e-7,6.5191863e-8,-9.9340102e-8,-2.35367855e-7,-3.35269673e-7,-4.6099852e-7,-5.78159027e-7,-6.24692928e-7],"unit":"S"},"timestamps":{"value":[0.019,0.053,0.087,0.121,0.155,0.19,0.224,0.258,0.292,0.327,0.361,0.395,0.429,0.463,0.498,0.532,0.566,0.6,0.634,0.669,0.703,0.737,0.771,0.8050001,0.84,0.874,0.9080001,0.942,0.9760001,1.01,1.045],"unit":"s"},"sweep_direction":{"unit":"","value":"Forward"},"p_max":{"unit":"mW","value":0.0007966502},"v_p_max":{"unit":"V","value":0.65},"i_p_max":{"unit":"mA","value":0.0012256},"isc":{"unit":"mA","value":1.019},"voc":{"unit":"V","value":0.0030679},"jsc":{"unit":"mA\/cm2","value":0.0326369},"fill_factor":{"unit":"%","value":25.4774},"efficiency":{"unit":"%","value":0.008475},"r_s":{"unit":"ohms","value":221702.4},"r_sh":{"unit":"ohms","value":321246.2},"temperature":{"unit":"oC","value":100},"cell_dimension":{"value":0.0940000001995487,"unit":"cm2"},"key":"Forward_[G3#C4]_Group-3_Dynamic"},{"V":{"value":[-0.2,-0.15,-0.1,-0.05,0,0.05,0.1,0.15,0.2,0.25,0.3,0.35,0.4,0.45,0.501,0.55,0.601,0.65,0.7,0.75,0.8,0.85,0.9,0.95,1,1.05,1.1,1.15,1.2,1.25,1.3],"unit":"V"},"J":{"value":[0.025342362,0.023347032,0.023106968,0.023053999999999998,0.023028596000000002,0.022990862,0.022922777,0.022752585,0.022531649,0.022135479,0.021394319,0.019970309,0.0178225,0.005005541,0.0006436032980000001,0.016371883,0.014650871999999999,0.012762149,0.010976309,0.009173408999999999,0.0073861809999999995,0.005462623,0.003358448,0.001106589,-0.0014157290000000001,-0.0048494359999999995,-0.010070926000000001,-0.017165468,-0.024140436,-0.029955745,-0.034191979000000004],"unit":"A\/cm2"},"power_density":{"value":[-5.068021,-3.501189,-2.310237,-1.151984,0.001032204,1.149454,2.292221,3.412972,4.506566,5.534049,6.418565,6.990029,7.129159,2.253206,0.322232348,9.004503,8.799538,8.295422,7.683472,6.880133,5.909015,4.643253,3.022635,1.051268,-1.415746,-5.091956,-11.078129,-19.74058,-28.968765,-37.444891,-44.450017],"unit":"mW\/cm2"},"I":{"value":[0.0023821819999999996,0.0021946210000000003,0.002172055,0.002167076,0.002164688,0.002161141,0.002154741,0.002138743,0.002117975,0.002080735,0.002011066,0.001877209,0.0016753150000000001,0.0004705209,6.049871e-5,0.0015389569999999999,0.0013771819999999998,0.0011996420000000001,0.0010317730000000002,0.0008623004,0.0006943009999999999,0.0005134866,0.00031569409999999997,0.0001040194,-0.0001330785,-0.000455847,-0.000946667,-0.001613554,-0.0022692009999999998,-0.00281584,-0.0032140460000000004],"unit":"A"},"power":{"value":[-0.476393997,-0.32911173,-0.21716232,-0.108286534,9.7027139e-5,0.108048708,0.215468756,0.320819363,0.423617239,0.520200604,0.603345139,0.657062759,0.67014091,0.211801407,0.030289841,0.846423272,0.82715658,0.779769699,0.722246362,0.646732457,0.555447396,0.436465767,0.284127721,0.098819231,-0.133080097,-0.478643908,-1.041344,-1.855615,-2.723064,-3.51982,-4.178302],"unit":"mW"},"resistance":{"value":[-83.949169,-68.332026,-46.030197,-23.058241,0.020706305,23.134141,46.408139,70.136384,94.434779,120.153744,149.180882,186.458247,238.766381,956.68949,8275.7,357.383605,436.119046,541.829979,678.448748,869.776124,1152.252,1655.358,2850.891,9132.986,-7514.452,-2303.426,-1161.983,-712.722971,-528.824904,-443.919754,-404.478654],"unit":"ohms"},"conductance":{"value":[-0.01191197,-0.014634426,-0.021724869,-0.043368443,48.294469,0.043226157,0.021547944,0.014257935,0.010589319,0.00832267,0.006703272,0.005363131,0.004188194,0.001045271,0.000120835694,0.002798114,0.002292952,0.001845597,0.001473951,0.001149721,0.000867865944,0.000604098897,0.000350767481,0.000109493218,-0.000133076903,-0.000434135865,-0.000860597758,-0.00140307,-0.001890985,-0.002252659,-0.002472318],"unit":"S"},"timestamps":{"value":[0.019,0.053,0.087,0.122,0.156,0.19,0.224,0.259,0.293,0.327,0.361,0.395,0.43,0.464,0.498,0.532,0.566,0.601,0.6350001,0.669,0.703,0.737,0.772,0.8060001,0.84,0.874,0.9080001,0.942,0.9770001,1.011,1.045],"unit":"s"},"sweep_direction":{"unit":"","value":"Forward"},"p_max":{"unit":"mW","value":0.8464233},"v_p_max":{"unit":"V","value":0.55},"i_p_max":{"unit":"mA","value":1.539},"isc":{"unit":"mA","value":0.657},"voc":{"unit":"V","value":2.1647},"jsc":{"unit":"mA\/cm2","value":23.0286},"fill_factor":{"unit":"%","value":59.5396},"efficiency":{"unit":"%","value":9.0045},"r_s":{"unit":"ohms","value":150.5286},"r_sh":{"unit":"ohms","value":246.7895},"temperature":{"unit":"oC","value":100},"cell_dimension":{"value":0.0939999988951306,"unit":"cm2"},"key":"Forward_[G3#C3]_Group-3_Dynamic"},{"V":{"value":[-0.2,-0.15,-0.1,-0.05,0,0.05,0.1,0.15,0.2,0.25,0.3,0.35,0.4,0.45,0.5,0.545,0.505,0.494,0.482,0.455,0.449,0.465,0.453,0.458,0.451,0.454,0.453,0.447,0.449,0.447,0.432],"unit":"V"},"J":{"value":[0.038247064000000004,0.032991489,0.028382850999999997,0.024610596000000002,0.021346882999999997,0.018302233999999997,0.015216766,0.010003118,0.0033383759999999997,-0.00384878,-0.012573862,-0.023299872,-0.037288404,-0.051672181000000005,-0.069043862,-0.09198592600000001,-0.106384468,-0.106384468,-0.106384574,-0.106384468,-0.10638404300000001,-0.10638404300000001,-0.10638404300000001,-0.10638383,-0.10638393600000001,-0.10638383,-0.10638383,-0.106383723,-0.10638383,-0.106383617,-0.10638383],"unit":"A\/cm2"},"power_density":{"value":[-7.648621,-4.947506,-2.837755,-1.22976,0.000951735194,0.915036663,1.521628,1.500469,0.667694469,-0.962211497,-3.772211,-8.155142,-14.915418,-23.252507,-34.519197,-50.092316,-53.677113,-52.510044,-51.306365,-48.360283,-47.80767,-49.451984,-48.214376,-48.752199,-48.018294,-48.271344,-48.174758,-47.605599,-47.801638,-47.54136,-45.947229],"unit":"mW\/cm2"},"I":{"value":[0.003595224,0.0031012,0.0026679879999999996,0.002313396,0.0020066069999999997,0.00172041,0.0014303760000000001,0.0009402931,0.00031380730000000003,-0.0003617853,-0.001181943,-0.002190188,-0.00350511,-0.004857185,-0.0064901229999999996,-0.008646677,-0.01000014,-0.01000014,-0.01000015,-0.01000014,-0.0100001,-0.0100001,-0.0100001,-0.01000008,-0.01000009,-0.01000008,-0.01000008,-0.01000007,-0.01000008,-0.01000006,-0.01000008],"unit":"A"},"power":{"value":[-0.718970379,-0.465065566,-0.266748935,-0.115597437,8.9463108e-5,0.086013446,0.143033037,0.141044059,0.06276328,-0.090447881,-0.354587864,-0.766583322,-1.402049,-2.185736,-3.244804,-4.708678,-5.045649,-4.935944,-4.822798,-4.545867,-4.493921,-4.648486,-4.532151,-4.582707,-4.51372,-4.537506,-4.528427,-4.474926,-4.493354,-4.468888,-4.31904],"unit":"mW"},"resistance":{"value":[-55.6236,-48.356475,-37.474423,-21.599726,0.022218735,29.060457,69.909457,159.524833,637.352286,-691.029459,-253.8229,-159.807286,-114.119528,-92.646358,-77.034041,-62.979686,-50.455074,-49.358059,-48.226537,-45.457394,-44.938311,-46.483935,-45.320607,-45.826333,-45.136384,-45.374337,-45.283548,-44.748637,-44.932821,-44.688342,-43.189704],"unit":"ohms"},"conductance":{"value":[-0.017977981,-0.020679754,-0.026684867,-0.046296883,45.007062,0.034411022,0.014304216,0.006268616,0.001568991,-0.001447116,-0.003939755,-0.006257537,-0.008762742,-0.010793732,-0.012981274,-0.015878136,-0.019819612,-0.020260116,-0.020735472,-0.021998622,-0.022252728,-0.021512809,-0.022065018,-0.021821515,-0.022155076,-0.02203889,-0.022083075,-0.022347049,-0.022255447,-0.022377201,-0.023153666],"unit":"S"},"timestamps":{"value":[0.019,0.053,0.087,0.122,0.156,0.19,0.224,0.259,0.293,0.327,0.361,0.395,0.43,0.464,0.498,0.532,0.566,0.601,0.6350001,0.669,0.703,0.737,0.772,0.8060001,0.84,0.874,0.9080001,0.943,0.9770001,1.011,1.045],"unit":"s"},"sweep_direction":{"unit":"","value":"Forward"},"p_max":{"unit":"mW","value":0.143033},"v_p_max":{"unit":"V","value":0.1},"i_p_max":{"unit":"mA","value":1.4304},"isc":{"unit":"mA","value":0.223},"voc":{"unit":"V","value":2.0069},"jsc":{"unit":"mA\/cm2","value":21.3498},"fill_factor":{"unit":"%","value":31.9274},"efficiency":{"unit":"%","value":1.5216},"r_s":{"unit":"ohms","value":23.8143},"r_sh":{"unit":"ohms","value":132.8895},"temperature":{"unit":"oC","value":100},"cell_dimension":{"value":0.09399999958166723,"unit":"cm2"},"key":"Forward_[G3#C2]_Group-3_Dynamic"},{"V":{"value":[-0.2,-0.15,-0.1,-0.05,0,0.05,0.1,0.15,0.2,0.25,0.3,0.35,0.4,0.409,0.398,0.393,0.388,0.384,0.382,0.381,0.38,0.38,0.38,0.379,0.379,0.379,0.376,0.377,0.377,0.376,0.377],"unit":"V"},"J":{"value":[0.040473809,0.035148553,0.029657872000000002,0.024963266,0.020736489,0.017158074,0.013471106,0.009280748,0.001403979,-0.010738787,-0.027312213,-0.047264020999999996,-0.07615602099999999,-0.106300074,-0.106384681,-0.106384468,-0.106384468,-0.106384468,-0.106384362,-0.106384255,-0.106384255,-0.10638404300000001,-0.10638393600000001,-0.10638393600000001,-0.10638393600000001,-0.10638393600000001,-0.10638393600000001,-0.10638383,-0.10638383,-0.106383723,-0.106383723],"unit":"A\/cm2"},"power_density":{"value":[-8.093722,-5.270961,-2.965204,-1.247394,0.000944297216,0.857841611,1.347084,1.392102,0.280777774,-2.684625,-8.193585,-16.54201,-30.460581,-43.461689,-42.293677,-41.778798,-41.248386,-40.858359,-40.678465,-40.57687,-40.396889,-40.439851,-40.384874,-40.308501,-40.318108,-40.32415,-40.053063,-40.152545,-40.130374,-40.003035,-40.158387],"unit":"mW\/cm2"},"I":{"value":[0.003804538,0.003303964,0.00278784,0.002346547,0.00194923,0.0016128590000000001,0.001266284,0.0008723902999999999,0.000131974,-0.001009446,-0.002567348,-0.004442818,-0.007158666,-0.009992207000000001,-0.01000016,-0.01000014,-0.01000014,-0.01000014,-0.010000130000000001,-0.010000120000000001,-0.010000120000000001,-0.0100001,-0.01000009,-0.01000009,-0.01000009,-0.01000009,-0.01000009,-0.01000008,-0.01000008,-0.01000007,-0.01000007],"unit":"A"},"power":{"value":[-0.760809823,-0.495470371,-0.278729219,-0.117255076,8.8763938e-5,0.080637111,0.126625867,0.130857585,0.026393111,-0.252354737,-0.770196955,-1.554949,-2.863295,-4.085399,-3.975606,-3.927207,-3.877348,-3.840686,-3.823776,-3.814226,-3.797308,-3.801346,-3.796178,-3.788999,-3.789902,-3.79047,-3.764988,-3.774339,-3.772255,-3.760285,-3.774888],"unit":"mW"},"resistance":{"value":[-52.562046,-45.38863,-35.863016,-21.294779,0.02336202,30.998606,78.969647,171.940128,1515.353,-247.653961,-116.850968,-78.776938,-55.87298,-40.917737,-39.754784,-39.27097,-38.772397,-38.405782,-38.236763,-38.141342,-37.972164,-38.0127,-37.961098,-37.889309,-37.898339,-37.904019,-37.649201,-37.742788,-37.721948,-37.602327,-37.748356],"unit":"ohms"},"conductance":{"value":[-0.019025135,-0.022031949,-0.027883879,-0.046959867,42.804518,0.032259516,0.012663093,0.005815978,0.000659912234,-0.004037892,-0.008557909,-0.01269407,-0.017897739,-0.024439279,-0.025154205,-0.025464102,-0.025791544,-0.026037746,-0.026152841,-0.02621827,-0.02633508,-0.026306997,-0.026342757,-0.026392669,-0.026386381,-0.026382427,-0.026560989,-0.026495128,-0.026509765,-0.026594099,-0.02649122],"unit":"S"},"timestamps":{"value":[0.019,0.053,0.087,0.122,0.156,0.19,0.225,0.259,0.293,0.327,0.361,0.395,0.43,0.464,0.498,0.532,0.566,0.601,0.6350001,0.669,0.703,0.737,0.772,0.8060001,0.84,0.874,0.9080001,0.943,0.9770001,1.011,1.045],"unit":"s"},"sweep_direction":{"unit":"","value":"Forward"},"p_max":{"unit":"mW","value":0.1308576},"v_p_max":{"unit":"V","value":0.15},"i_p_max":{"unit":"mA","value":0.8723903},"isc":{"unit":"mA","value":0.206},"voc":{"unit":"V","value":1.9496},"jsc":{"unit":"mA\/cm2","value":20.7403},"fill_factor":{"unit":"%","value":32.6193},"efficiency":{"unit":"%","value":1.3921},"r_s":{"unit":"ohms","value":16.5421},"r_sh":{"unit":"ohms","value":117.3884},"temperature":{"unit":"oC","value":100},"cell_dimension":{"value":0.09399999886346254,"unit":"cm2"},"key":"Forward_[G3#C1]_Group-3_Dynamic"},{"V":{"value":[-0.2,-0.15,-0.1,-0.05,0,0.05,0.1,0.15,0.2,0.25,0.3,0.35,0.4,0.45,0.5,0.488,0.476,0.469,0.462,0.459,0.457,0.45,0.449,0.445,0.444,0.446,0.442,0.439,0.439,0.437,0.436],"unit":"V"},"J":{"value":[0.035867372,0.030572266,0.026562032,0.023277362,0.020869277,0.018713021,0.016041893999999998,0.011916330000000001,0.006040419,-0.002161699,-0.011982457,-0.024910011,-0.040595766,-0.06130634,-0.08749415999999999,-0.10638542599999999,-0.106384362,-0.106384362,-0.106384362,-0.106384149,-0.106384255,-0.10638404300000001,-0.10638393600000001,-0.10638383,-0.10638393600000001,-0.10638383,-0.10638393600000001,-0.106383723,-0.106383723,-0.106383617,-0.106383723],"unit":"A\/cm2"},"power_density":{"value":[-7.172793,-4.584727,-2.655694,-1.163151,0.000925466018,0.935569849,1.604146,1.787461,1.208101,-0.540424302,-3.594742,-8.718526,-16.23775,-27.586455,-43.742696,-51.961355,-50.643552,-49.872595,-49.201863,-48.865059,-48.663158,-47.826127,-47.7976,-47.377624,-47.230712,-47.414454,-46.989019,-46.746019,-46.669295,-46.502907,-46.335931],"unit":"mW\/cm2"},"I":{"value":[0.003371533,0.002873793,0.0024968309999999997,0.002188072,0.001961712,0.0017590239999999999,0.001507938,0.0011201350000000002,0.0005677993999999999,-0.0002031997,-0.001126351,-0.002341541,-0.003816002,-0.005762796,-0.008224451,-0.01000023,-0.010000130000000001,-0.010000130000000001,-0.010000130000000001,-0.01000011,-0.010000120000000001,-0.0100001,-0.01000009,-0.01000008,-0.01000009,-0.01000008,-0.01000009,-0.01000007,-0.01000007,-0.01000006,-0.01000007],"unit":"A"},"power":{"value":[-0.674242541,-0.430964344,-0.249635236,-0.109336207,8.6993806e-5,0.087943566,0.150789698,0.16802137,0.113561527,-0.050799884,-0.337905751,-0.819541457,-1.526349,-2.593127,-4.111813,-4.884367,-4.760494,-4.688024,-4.624975,-4.593316,-4.574337,-4.495656,-4.492974,-4.453497,-4.439687,-4.456959,-4.416968,-4.394126,-4.386914,-4.371273,-4.355577],"unit":"mW"},"resistance":{"value":[-59.314561,-52.18316,-40.043091,-22.837091,0.022605693,28.422387,66.31392,133.913323,352.242183,-1230.316,-266.347169,-149.474598,-104.818158,-78.083139,-60.78824,-48.841427,-47.603701,-46.879021,-46.248549,-45.932145,-45.742271,-44.95566,-44.928936,-44.534254,-44.39607,-44.568873,-44.168882,-43.940642,-43.868523,-43.712208,-43.555165],"unit":"ohms"},"conductance":{"value":[-0.016859267,-0.01916327,-0.024973097,-0.043788414,44.236644,0.035183534,0.01507979,0.007467517,0.002838956,-0.00081279945,-0.003754498,-0.0066901,-0.009540332,-0.012806862,-0.01645055,-0.020474422,-0.02100677,-0.021331504,-0.0216223,-0.021771246,-0.021861617,-0.02224414,-0.022257371,-0.022454626,-0.022524516,-0.022437184,-0.022640374,-0.022757974,-0.022795388,-0.022876904,-0.022959389],"unit":"S"},"timestamps":{"value":[0.019,0.053,0.08800001,0.122,0.156,0.191,0.225,0.259,0.293,0.327,0.362,0.396,0.43,0.464,0.498,0.532,0.567,0.601,0.6350001,0.669,0.703,0.738,0.772,0.8060001,0.84,0.8750001,0.909,0.943,0.9770001,1.011,1.045],"unit":"s"},"sweep_direction":{"unit":"","value":"Forward"},"p_max":{"unit":"mW","value":0.1680214},"v_p_max":{"unit":"V","value":0.15},"i_p_max":{"unit":"mA","value":1.1201},"isc":{"unit":"mA","value":0.237},"voc":{"unit":"V","value":1.9619},"jsc":{"unit":"mA\/cm2","value":20.8714},"fill_factor":{"unit":"%","value":36.1627},"efficiency":{"unit":"%","value":1.7875},"r_s":{"unit":"ohms","value":20.8049},"r_sh":{"unit":"ohms","value":163.0117},"temperature":{"unit":"oC","value":100},"cell_dimension":{"value":0.09400000089217575,"unit":"cm2"},"key":"Forward_[G2#C4]_Group-2_Dynamic"},{"V":{"value":[-0.2,-0.15,-0.1,-0.05,0,0.05,0.1,0.15,0.2,0.25,0.3,0.35,0.4,0.45,0.5,0.55,0.6,0.65,0.7,0.75,0.8,0.85,0.9,0.95,1,1.05,1.1,1.15,1.2,1.25,1.3],"unit":"V"},"J":{"value":[0.026320628,0.023625,0.022729265999999998,0.022151979000000002,0.021801011,0.021582255,0.021238138,0.020755074000000002,0.020082979,0.019042213,0.017494691,0.014186713,0.008372313,0.009756298,0.01864617,0.018284043,0.017215755000000003,0.01591367,0.014286053,0.012147914999999999,0.009411332,0.006334876000000001,0.003520499,0.001282729,-0.001149728,-0.00520106,-0.011847989,-0.020552309,-0.029451851,-0.035699362,-0.039245223],"unit":"A\/cm2"},"power_density":{"value":[-5.263657,-3.542902,-2.272496,-1.106948,0.000971982145,1.079024,2.123746,3.113313,4.016778,4.760667,5.248582,4.965558,3.348888,4.390572,9.323009,10.056192,10.329476,10.343902,10.000323,9.111047,7.529157,5.384674,3.16848,1.218602,-1.149743,-5.461159,-13.032907,-23.635504,-35.342516,-44.624381,-51.019379],"unit":"mW\/cm2"},"I":{"value":[0.002474139,0.0022207499999999996,0.002136551,0.002082286,0.002049295,0.002028732,0.0019963850000000003,0.001950977,0.0018878,0.001789968,0.001644501,0.0013335509999999999,0.0007869973999999999,0.000917092,0.00175274,0.0017186999999999999,0.001618281,0.001495885,0.001342889,0.001141904,0.0008846652,0.0005954783,0.00033092690000000003,0.0001205765,-0.0001080744,-0.0004888996,-0.0011137109999999999,-0.001931917,-0.002768474,-0.00335574,-0.003689051],"unit":"A"},"power":{"value":[-0.49478376,-0.333032775,-0.213614655,-0.104053143,9.1366322e-5,0.101428282,0.199632132,0.292651427,0.377577179,0.44750274,0.493366745,0.466762453,0.314795497,0.412713777,0.876362814,0.945282078,0.970970704,0.972326746,0.940030357,0.856438391,0.707740741,0.506159354,0.297837155,0.114548543,-0.108075805,-0.51334898,-1.225093,-2.221737,-3.322196,-4.194692,-4.795822],"unit":"mW"},"resistance":{"value":[-80.829008,-67.528583,-46.795546,-23.997967,0.021755906,24.643916,50.088941,76.885837,105.948247,139.670653,182.432239,262.468177,508.2553,490.708021,285.265299,320.00832,370.764595,434.52605,521.268698,656.805738,904.307867,1427.432,2719.661,7878.875,-9253.005,-2147.699,-987.697886,-595.272468,-433.455398,-372.497571,-352.398218],"unit":"ohms"},"conductance":{"value":[-0.012371796,-0.014808544,-0.021369555,-0.041670197,45.96453,0.040577967,0.019964487,0.013006297,0.009438571,0.0071597,0.005481487,0.003809986,0.001967515,0.002037872,0.003505509,0.003124919,0.002697129,0.002301358,0.001918396,0.00152252,0.001105818,0.000700558832,0.000367692919,0.00012692167,-0.000108072995,-0.000465614676,-0.001012455,-0.001679903,-0.002307042,-0.002684581,-0.002837699],"unit":"S"},"timestamps":{"value":[0.019,0.054,0.08800001,0.122,0.156,0.191,0.225,0.259,0.293,0.327,0.362,0.396,0.43,0.464,0.498,0.5330001,0.567,0.601,0.6350001,0.669,0.7040001,0.738,0.772,0.8060001,0.84,0.8750001,0.909,0.943,0.9770001,1.011,1.045],"unit":"s"},"sweep_direction":{"unit":"","value":"Forward"},"p_max":{"unit":"mW","value":0.9723267},"v_p_max":{"unit":"V","value":0.65},"i_p_max":{"unit":"mA","value":1.4959},"isc":{"unit":"mA","value":0.976},"voc":{"unit":"V","value":2.0493},"jsc":{"unit":"mA\/cm2","value":21.8013},"fill_factor":{"unit":"%","value":48.5941},"efficiency":{"unit":"%","value":10.3439},"r_s":{"unit":"ohms","value":114.9112},"r_sh":{"unit":"ohms","value":427.9624},"temperature":{"unit":"oC","value":100},"cell_dimension":{"value":0.09399999878422355,"unit":"cm2"},"key":"Forward_[G2#C3]_Group-2_Dynamic"},{"V":{"value":[-0.2,-0.15,-0.1,-0.05,0,0.05,0.1,0.15,0.2,0.25,0.3,0.35,0.4,0.45,0.5,0.55,0.6,0.65,0.7,0.75,0.8,0.85,0.9,0.95,1,1.05,1.1,1.15,1.2,1.25,1.3],"unit":"V"},"J":{"value":[0.020154734,0.02049217,0.020109926,0.019958755,0.019921819,0.019912394,0.019869947,0.019842064,0.019791957,0.019736255,0.019659404,0.019518404,0.01928833,0.018968745,0.018091117,0.0176855,0.017119596,0.016200394,0.015109543,0.013896915,0.012527202000000001,0.010976468000000001,0.008987084,0.006104661,0.001919753,-0.003614423,-0.011096574,-0.02133266,-0.033315351,-0.044563298,-0.054002191000000005],"unit":"A\/cm2"},"power_density":{"value":[-4.030467,-3.073051,-2.010597,-0.997332417,0.000878700443,0.995519123,1.986912,2.976339,3.958576,4.934214,5.898069,6.831853,7.715689,8.536388,9.045378,9.726983,10.271809,10.5303,10.57677,10.422839,10.021892,9.330076,8.088483,5.799495,1.919784,-3.795184,-12.206387,-24.532964,-39.978788,-55.704345,-70.203335],"unit":"mW\/cm2"},"I":{"value":[0.0018945449999999999,0.001926264,0.0018903330000000001,0.001876123,0.0018726510000000001,0.0018717649999999998,0.001867775,0.001865154,0.001860444,0.001855208,0.001847984,0.00183473,0.001813103,0.001783062,0.001700565,0.001662437,0.001609242,0.001522837,0.0014202969999999998,0.00130631,0.0011775569999999999,0.0010317879999999998,0.0008447859,0.0005738381,0.0001804568,-0.0003397558,-0.001043078,-0.00200527,-0.003131643,-0.00418895,-0.005076206],"unit":"A"},"power":{"value":[-0.37886391,-0.288866787,-0.188996155,-0.093749247,8.2597842e-5,0.093578798,0.186769749,0.279775898,0.372106102,0.4638161,0.554418485,0.642194213,0.725274742,0.802420515,0.850265494,0.91433636,0.965550028,0.989848162,0.994216422,0.979746869,0.942057847,0.877027126,0.760317447,0.545152507,0.180459687,-0.356747327,-1.1474,-2.306099,-3.758006,-5.236208,-6.599113],"unit":"mW"},"resistance":{"value":[-105.553682,-77.851323,-52.890337,-26.634538,0.023553476,26.710057,53.537418,80.423118,107.506219,134.759876,162.345886,190.775264,220.626462,252.388251,294.014048,330.838161,372.848211,426.836687,492.858888,574.144728,679.381465,823.819525,1065.373,1655.538,5541.581,-3090.487,-1054.585,-573.498332,-383.188952,-298.405328,-256.098551],"unit":"ohms"},"conductance":{"value":[-0.009473852,-0.012844997,-0.018907045,-0.037545235,42.456579,0.037439081,0.018678525,0.012434236,0.009301787,0.007420606,0.006159688,0.00524177,0.004532548,0.00396215,0.003401198,0.003022626,0.002682057,0.002342816,0.002028978,0.001741721,0.001471927,0.001213858,0.000938638485,0.000604033111,0.000180453913,-0.000323573563,-0.000948240659,-0.001743684,-0.002609679,-0.003351147,-0.003904747],"unit":"S"},"timestamps":{"value":[0.02,0.054,0.08800001,0.122,0.156,0.191,0.225,0.259,0.293,0.328,0.362,0.396,0.43,0.464,0.498,0.5330001,0.567,0.601,0.6350001,0.669,0.7040001,0.738,0.772,0.8060001,0.84,0.8750001,0.909,0.943,0.9770001,1.011,1.046],"unit":"s"},"sweep_direction":{"unit":"","value":"Forward"},"p_max":{"unit":"mW","value":0.9942164},"v_p_max":{"unit":"V","value":0.7},"i_p_max":{"unit":"mA","value":1.4203},"isc":{"unit":"mA","value":1.017},"voc":{"unit":"V","value":1.8727},"jsc":{"unit":"mA\/cm2","value":19.9219},"fill_factor":{"unit":"%","value":52.1854},"efficiency":{"unit":"%","value":10.5768},"r_s":{"unit":"ohms","value":82.5986},"r_sh":{"unit":"ohms","value":2077.5},"temperature":{"unit":"oC","value":100},"cell_dimension":{"value":0.09400000019846454,"unit":"cm2"},"key":"Forward_[G2#C2]_Group-2_Dynamic"},{"V":{"value":[-0.2,-0.15,-0.1,-0.05,0,0.05,0.1,0.15,0.2,0.25,0.3,0.35,0.4,0.45,0.5,0.55,0.6,0.65,0.7,0.75,0.8,0.85,0.9,0.95,1,1.05,1.1,1.15,1.2,1.25,1.3],"unit":"V"},"J":{"value":[0.017938521000000002,0.017710383,0.017665053,0.017651532,0.017618223,0.017603169999999998,0.017567202,0.017496797999999997,0.017471394,0.017370339999999998,0.017305734,0.017182862,0.017044787,0.016871797999999997,0.016633617,0.016377521000000003,0.016016191,0.015584830000000001,0.015035011000000001,0.014335851,0.013437223,0.012209723,0.01047185,0.007835771,0.0037640489999999998,-0.002305479,-0.010943894000000001,-0.023127872,-0.039334809,-0.056685202,-0.072629745],"unit":"A\/cm2"},"power_density":{"value":[-3.587342,-2.655897,-1.766141,-0.882041225,0.000768693658,0.880061165,1.756652,2.624563,3.494434,4.342701,5.1919,6.014337,6.818201,7.592704,8.316729,9.007592,9.609752,10.130167,10.524605,10.752042,10.749955,10.378365,9.424805,7.444078,3.764117,-2.420783,-12.038414,-26.597446,-47.202085,-70.856503,-94.418959],"unit":"mW\/cm2"},"I":{"value":[0.001686221,0.001664776,0.001660515,0.001659244,0.0016561129999999999,0.001654698,0.001651317,0.001644699,0.001642311,0.001632812,0.0016267389999999999,0.001615189,0.00160221,0.0015859490000000001,0.00156356,0.001539487,0.001505522,0.001464974,0.0014132910000000001,0.00134757,0.001263099,0.001147714,0.0009843539,0.0007365625,0.0003538206,-0.000216715,-0.001028726,-0.00217402,-0.003697472,-0.005328409,-0.006827196],"unit":"A"},"power":{"value":[-0.337210138,-0.249654304,-0.166017293,-0.082911875,7.2257204e-5,0.08272575,0.165125243,0.246708962,0.328476817,0.40821394,0.488038618,0.565347646,0.640910917,0.713714161,0.781772495,0.846713693,0.903316663,0.952235737,0.989312886,1.010692,1.010496,0.975566311,0.8859317,0.699743361,0.353826969,-0.227553567,-1.131611,-2.50016,-4.436996,-6.660511,-8.875382],"unit":"mW"},"resistance":{"value":[-118.596435,-90.079807,-60.209875,-30.115926,0.026345183,30.213652,60.555357,91.203618,121.785033,153.114198,184.424422,216.70498,249.665649,283.756539,319.779989,357.260113,398.534395,443.69511,495.302454,556.565299,633.373235,740.609769,914.318925,1289.792,2826.342,-4845.133,-1069.295,-528.981794,-324.548232,-234.591601,-190.415509],"unit":"ohms"},"conductance":{"value":[-0.008431957,-0.011101267,-0.016608571,-0.033205022,37.957603,0.033097621,0.016513816,0.010964477,0.00821119,0.006531073,0.005422275,0.004614569,0.004005357,0.003524148,0.00312715,0.002799081,0.002509194,0.0022538,0.002018968,0.001796734,0.001578848,0.001350239,0.00109371,0.000775318991,0.000353814231,-0.000206392683,-0.000935195252,-0.001890424,-0.003081206,-0.004262727,-0.005251673],"unit":"S"},"timestamps":{"value":[0.02,0.054,0.08800001,0.122,0.156,0.191,0.225,0.259,0.294,0.328,0.362,0.396,0.43,0.464,0.499,0.5330001,0.567,0.601,0.6350001,0.67,0.7040001,0.738,0.772,0.8060001,0.841,0.8750001,0.909,0.943,0.9770001,1.012,1.046],"unit":"s"},"sweep_direction":{"unit":"","value":"Forward"},"p_max":{"unit":"mW","value":1.0107},"v_p_max":{"unit":"V","value":0.75},"i_p_max":{"unit":"mA","value":1.3476},"isc":{"unit":"mA","value":1.031},"voc":{"unit":"V","value":1.6561},"jsc":{"unit":"mA\/cm2","value":17.6183},"fill_factor":{"unit":"%","value":59.1916},"efficiency":{"unit":"%","value":10.752},"r_s":{"unit":"ohms","value":59.6651},"r_sh":{"unit":"ohms","value":3397.3},"temperature":{"unit":"oC","value":100},"cell_dimension":{"value":0.09400000144939484,"unit":"cm2"},"key":"Forward_[G2#C1]_Group-2_Dynamic"},{"V":{"value":[-0.2,-0.15,-0.1,-0.05,0,0.05,0.1,0.15,0.2,0.25,0.3,0.35,0.4,0.45,0.5,0.55,0.6,0.65,0.7,0.75,0.8,0.85,0.9,0.95,1,1.05,1.1,1.15,1.2,1.25,1.3],"unit":"V"},"J":{"value":[0.022731043,0.022458511,0.022406734,0.022378488999999998,0.022368947,0.022350926,0.022316585,0.022281691,0.022243032,0.02221066,0.022141957,0.022091309,0.022022862,0.021927915,0.021840862000000003,0.021707467999999997,0.021553871999999998,0.021377181,0.02114766,0.020840447,0.020425255,0.019806574,0.018821096000000002,0.01717434,0.014165894,0.008807200999999999,-0.000169956489,-0.013747191,-0.031988,-0.053546894000000005,-0.07670827699999999],"unit":"A\/cm2"},"power_density":{"value":[-4.545777,-3.367975,-2.24026,-1.118273,0.000965304162,1.117417,2.231561,3.342298,4.448789,5.552807,6.642844,7.732371,8.809526,9.868055,10.920295,11.939029,12.932321,13.895174,14.803453,15.630504,16.340417,16.835705,16.939199,16.315792,14.166106,9.247658,-0.186955028,-15.80949,-38.385792,-66.93351,-99.720683],"unit":"mW\/cm2"},"I":{"value":[0.002136718,0.0021111,0.002106233,0.002103578,0.002102681,0.002100987,0.002097759,0.0020944790000000002,0.002090845,0.002087802,0.002081344,0.002076583,0.002070149,0.002061224,0.002053041,0.002040502,0.0020260639999999997,0.002009455,0.00198788,0.001959002,0.001919974,0.001861818,0.001769183,0.001614388,0.001331594,0.0008278769,-1.5975909999999998e-5,-0.001292236,-0.003006872,-0.005033408,-0.007210578],"unit":"A"},"power":{"value":[-0.427303002,-0.316589634,-0.21058444,-0.105117623,9.0738591e-5,0.105037227,0.209766691,0.314176039,0.418186145,0.521963862,0.624427344,0.726842882,0.828095414,0.927597178,1.026508,1.122269,1.215638,1.306146,1.391525,1.469267,1.535999,1.582556,1.592285,1.533684,1.331614,0.869279852,-0.017573773,-1.486092,-3.608264,-6.29175,-9.373744],"unit":"mW"},"resistance":{"value":[-93.592603,-71.036095,-47.469368,-23.755178,0.020523208,23.795592,47.667826,71.61781,95.659028,119.746221,144.143207,168.555122,193.231164,218.327799,243.538147,269.539751,296.140645,323.470941,352.136095,382.852136,416.677726,456.546182,508.715774,588.464359,750.990918,1268.318,-68854.732,-889.942704,-399.087823,-248.34029,-180.29054],"unit":"ohms"},"conductance":{"value":[-0.010684605,-0.01407735,-0.021066217,-0.042096085,48.725325,0.04202459,0.020978511,0.013963007,0.010453796,0.008350994,0.006937545,0.005932777,0.005175149,0.004580269,0.004106133,0.003710028,0.003376774,0.003091468,0.002839811,0.002611974,0.002399936,0.002190359,0.001965734,0.001699338,0.001331574,0.000788445931,-1.452333e-5,-0.001123668,-0.002505714,-0.004026733,-0.005546603],"unit":"S"},"timestamps":{"value":[0.02,0.054,0.08800001,0.122,0.156,0.191,0.225,0.259,0.293,0.328,0.362,0.396,0.43,0.464,0.498,0.5330001,0.567,0.601,0.6350001,0.669,0.7040001,0.738,0.772,0.8060001,0.84,0.8750001,0.909,0.943,0.9770001,1.011,1.046],"unit":"s"},"sweep_direction":{"unit":"","value":"Forward"},"p_max":{"unit":"mW","value":1.5923},"v_p_max":{"unit":"V","value":0.9},"i_p_max":{"unit":"mA","value":1.7692},"isc":{"unit":"mA","value":1.099},"voc":{"unit":"V","value":2.1027},"jsc":{"unit":"mA\/cm2","value":22.369},"fill_factor":{"unit":"%","value":68.9004},"efficiency":{"unit":"%","value":16.9392},"r_s":{"unit":"ohms","value":40.2758},"r_sh":{"unit":"ohms","value":4226.2},"temperature":{"unit":"oC","value":100},"cell_dimension":{"value":0.09399999815230653,"unit":"cm2"},"key":"Forward_[G1#C4]_Group-1_Dynamic"},{"V":{"value":[-0.2,-0.15,-0.1,-0.05,0,0.05,0.1,0.15,0.2,0.25,0.3,0.35,0.4,0.45,0.5,0.55,0.6,0.65,0.7,0.75,0.8,0.85,0.9,0.95,1,1.05,1.1,1.15,1.2,1.25,1.3],"unit":"V"},"J":{"value":[0.022283106,0.022019617000000002,0.021981489,0.021968415,0.021949213,0.021953138,0.021919287,0.021874809,0.021861394,0.021808564,0.021749713,0.021677404,0.021598127999999998,0.02147483,0.021352117,0.021206532,0.021005862,0.020787968,0.020469755,0.020051617,0.019449585,0.018531372,0.017066489,0.014607457,0.010475258999999999,0.004069979,-0.005311906999999999,-0.019277765999999998,-0.037824936,-0.058912064,-0.080347713],"unit":"A\/cm2"},"power_density":{"value":[-4.456187,-3.302137,-2.197707,-1.09777,0.000952424191,1.09753,2.191801,3.281261,4.372458,5.452287,6.525162,7.587514,8.639644,9.664172,10.675937,11.66352,12.603544,13.512206,14.328933,15.038865,15.559886,15.751754,15.36003,13.877235,10.475416,4.273522,-5.843157,-22.16972,-45.390075,-73.639844,-104.451786],"unit":"mW\/cm2"},"I":{"value":[0.002094612,0.002069844,0.0020662600000000003,0.0020650309999999997,0.0020632259999999996,0.0020635949999999997,0.002060413,0.002056232,0.002054971,0.002050005,0.0020444729999999998,0.002037676,0.002030224,0.002018634,0.002007099,0.001993414,0.0019745509999999997,0.001954069,0.001924157,0.001884852,0.0018282609999999999,0.001741949,0.00160425,0.0013731009999999998,0.0009846743,0.00038257799999999995,-0.0004993193,-0.00181211,-0.003555544,-0.005537734000000001,-0.007552685],"unit":"A"},"power":{"value":[-0.418881555,-0.310400844,-0.206584427,-0.103190404,8.9527874e-5,0.103167843,0.206029308,0.308438501,0.411011051,0.512514985,0.613365207,0.713226335,0.81212655,0.908432132,1.003538,1.096371,1.184733,1.270147,1.34692,1.413653,1.462629,1.480665,1.443843,1.30446,0.98468907,0.401711108,-0.549256723,-2.083954,-4.266667,-6.922145,-9.818468],"unit":"mW"},"resistance":{"value":[-95.473768,-72.451547,-48.386883,-24.198373,0.02103123,24.226764,48.531134,72.949842,97.328965,121.95419,146.742657,171.773874,197.031559,222.934519,249.112924,275.906861,303.867208,332.639891,363.798328,397.913258,437.580411,487.961875,561.016737,691.87212,1015.579,2744.567,-2203.021,-634.627589,-337.502222,-225.723373,-172.123821],"unit":"ohms"},"conductance":{"value":[-0.010474081,-0.013802328,-0.020666758,-0.041325093,47.548337,0.041276663,0.020605329,0.013708049,0.010274434,0.0081998,0.006814651,0.005821607,0.005075329,0.004485622,0.004014244,0.003624411,0.003290911,0.003006254,0.002748776,0.002513111,0.002285294,0.00204934,0.001782478,0.001445354,0.00098465953,0.000364356183,-0.000453922097,-0.001575727,-0.002962943,-0.004430201,-0.005809771],"unit":"S"},"timestamps":{"value":[0.019,0.053,0.08800001,0.122,0.156,0.191,0.225,0.259,0.293,0.327,0.362,0.396,0.43,0.464,0.498,0.532,0.567,0.601,0.6350001,0.669,0.703,0.738,0.772,0.8060001,0.84,0.874,0.909,0.943,0.9770001,1.011,1.045],"unit":"s"},"sweep_direction":{"unit":"","value":"Forward"},"p_max":{"unit":"mW","value":1.4807},"v_p_max":{"unit":"V","value":0.85},"i_p_max":{"unit":"mA","value":1.7419},"isc":{"unit":"mA","value":1.072},"voc":{"unit":"V","value":2.0632},"jsc":{"unit":"mA\/cm2","value":21.9492},"fill_factor":{"unit":"%","value":66.9631},"efficiency":{"unit":"%","value":15.7518},"r_s":{"unit":"ohms","value":43.6668},"r_sh":{"unit":"ohms","value":4026.8},"temperature":{"unit":"oC","value":100},"cell_dimension":{"value":0.0940000016155737,"unit":"cm2"},"key":"Forward_[G1#C3]_Group-1_Dynamic"},{"V":{"value":[-0.2,-0.15,-0.1,-0.05,0,0.05,0.1,0.15,0.2,0.25,0.3,0.35,0.4,0.45,0.5,0.55,0.6,0.65,0.7,0.75,0.8,0.85,0.9,0.95,1,1.05,1.1,1.15,1.2,1.25,1.3],"unit":"V"},"J":{"value":[0.020511723,0.020248318999999997,0.020200680999999998,0.020172085,0.02013983,0.020119319,0.020069032,0.020013032,0.019983606,0.019929766,0.019862511000000003,0.019794904,0.019706552999999998,0.019604872,0.019485351,0.01931567,0.01909433,0.018821117000000002,0.018440223,0.017884128,0.017051819,0.015700234,0.013469617,0.009929741,0.005026447,-0.001183889,-0.009997272,-0.022706085,-0.038962394000000004,-0.057300085,-0.07621238300000001],"unit":"A\/cm2"},"power_density":{"value":[-4.101959,-3.036507,-2.019671,-1.008002,0.000878712858,1.005836,2.00682,3.001999,3.996879,4.982575,5.95896,6.928587,7.882956,8.822634,9.742574,10.623549,11.456638,12.233741,12.90825,13.413253,13.64165,13.345292,12.122801,9.433345,5.026512,-1.243092,-10.9971,-26.112338,-46.755106,-71.624934,-99.076098],"unit":"mW\/cm2"},"I":{"value":[0.001928102,0.0019033420000000001,0.001898864,0.001896176,0.001893144,0.001891216,0.001886489,0.0018812249999999998,0.001878459,0.0018733979999999999,0.001867076,0.001860721,0.001852416,0.0018428580000000002,0.001831623,0.001815673,0.001794867,0.001769185,0.001733381,0.001681108,0.0016028709999999999,0.001475822,0.0012661439999999999,0.0009333957000000001,0.00047248600000000004,-0.0001112856,-0.0009397436,-0.002134372,-0.003662465,-0.005386208,-0.007163964],"unit":"A"},"power":{"value":[-0.385584152,-0.285431638,-0.189849087,-0.094752199,8.2599009e-5,0.094548545,0.188641071,0.282187889,0.37570664,0.468362052,0.560142218,0.651287145,0.740997891,0.829327564,0.915801976,0.998613614,1.076924,1.149972,1.213376,1.260846,1.282315,1.254457,1.139543,0.886734409,0.472492142,-0.116850659,-1.033727,-2.45456,-4.39498,-6.732744,-9.313153],"unit":"mW"},"resistance":{"value":[-103.719202,-78.789519,-52.652718,-26.353118,0.023046636,26.43459,53.006326,79.736448,106.474456,133.450927,160.684621,188.109179,215.943395,244.198142,272.979101,302.915999,334.287777,367.401261,403.837991,446.13957,499.111532,575.954214,710.828152,1017.799,2116.492,-9435.246,-1170.543,-538.807199,-327.649821,-232.073659,-181.463782],"unit":"ohms"},"conductance":{"value":[-0.009641416,-0.012692044,-0.018992372,-0.037946174,43.390281,0.037829223,0.018865673,0.012541316,0.009391924,0.007493391,0.006223371,0.005316062,0.004630843,0.004095035,0.003663284,0.003301245,0.002991435,0.00272182,0.002476241,0.002241451,0.00200356,0.001736249,0.00140681,0.000982512378,0.000472479858,-0.000105985579,-0.000854304597,-0.001855951,-0.003052039,-0.004308977,-0.005510742],"unit":"S"},"timestamps":{"value":[0.019,0.054,0.08800001,0.122,0.156,0.191,0.225,0.259,0.293,0.327,0.362,0.396,0.43,0.464,0.498,0.5330001,0.567,0.601,0.6350001,0.669,0.7040001,0.738,0.772,0.8060001,0.84,0.874,0.909,0.943,0.9770001,1.011,1.045],"unit":"s"},"sweep_direction":{"unit":"","value":"Forward"},"p_max":{"unit":"mW","value":1.2823},"v_p_max":{"unit":"V","value":0.8},"i_p_max":{"unit":"mA","value":1.6029},"isc":{"unit":"mA","value":1.04},"voc":{"unit":"V","value":1.8931},"jsc":{"unit":"mA\/cm2","value":20.1399},"fill_factor":{"unit":"%","value":65.0996},"efficiency":{"unit":"%","value":13.6416},"r_s":{"unit":"ohms","value":52.1749},"r_sh":{"unit":"ohms","value":4284.8},"temperature":{"unit":"oC","value":100},"cell_dimension":{"value":0.09400000185259912,"unit":"cm2"},"key":"Forward_[G1#C2]_Group-1_Dynamic"},{"V":{"value":[-0.2,-0.15,-0.1,-0.05,0,0.05,0.1,0.15,0.2,0.25,0.3,0.35,0.4,0.45,0.5,0.55,0.6,0.65,0.7,0.75,0.8,0.85,0.9,0.95,1,1.05,1.1,1.15,1.2,1.25,1.3],"unit":"V"},"J":{"value":[0.017468936,0.017269415,0.017258818999999998,0.017241872000000002,0.017233191000000002,0.017230691,0.017183234,0.017148862,0.017107979,0.017039521000000002,0.016984628,0.016907404,0.016808330000000003,0.016709511,0.016581149,0.016402713,0.016211628000000002,0.015930628,0.015554138,0.015005883000000001,0.01416567,0.012831839999999999,0.010693745,0.007610352,0.004047785,-0.00015390595700000002,-0.006423153,-0.015670095999999998,-0.02704267,-0.03880120200000001,-0.049509989],"unit":"A\/cm2"},"power_density":{"value":[-3.493476,-2.589796,-1.725547,-0.861578947,0.000747785747,0.86142292,1.718236,2.572352,3.421736,4.259977,5.095573,5.917892,6.723606,7.519642,8.290468,9.021413,9.726975,10.354902,10.887953,11.254531,11.332668,10.907121,9.624476,7.229893,4.04783,-0.161601871,-7.06552,-18.020845,-32.451394,-48.501541,-64.363184],"unit":"mW\/cm2"},"I":{"value":[0.00164208,0.001623325,0.0016223289999999998,0.001620736,0.00161992,0.001619685,0.001615224,0.001611993,0.00160815,0.001601715,0.001596555,0.001589296,0.0015799829999999999,0.001570694,0.0015586279999999998,0.001541855,0.001523893,0.001497479,0.001462089,0.001410553,0.001331573,0.0012061930000000002,0.001005212,0.0007153731,0.0003804918,-1.446716e-5,-0.0006037764,-0.001472989,-0.002542011,-0.003647313,-0.004653939],"unit":"A"},"power":{"value":[-0.328386771,-0.243440797,-0.162201411,-0.080988421,7.029186e-5,0.080973754,0.161514162,0.241801046,0.321643187,0.40043788,0.478983902,0.556281889,0.632018954,0.706846384,0.779304025,0.848012849,0.914335648,0.973360751,1.023468,1.057926,1.065271,1.025269,0.904700752,0.679609953,0.380495985,-0.015190576,-0.66415887,-1.693959,-3.050431,-4.559145,-6.050139],"unit":"mW"},"resistance":{"value":[-121.785906,-92.380947,-61.627814,-30.831764,0.026786619,30.866199,61.90776,93.05332,124.371607,156.086258,187.911409,220.234494,253.177597,286.511376,320.790849,356.710067,393.728365,434.062581,478.769487,531.71196,600.800181,704.70016,895.34337,1327.989,2628.206,-72578.447,-1821.88,-780.735633,-472.069948,-342.718324,-279.33413],"unit":"ohms"},"conductance":{"value":[-0.008211131,-0.010824743,-0.01622644,-0.032434083,37.332072,0.032397899,0.016153064,0.010746527,0.00804042,0.006406714,0.005321657,0.004540615,0.003949797,0.003490263,0.003117296,0.002803397,0.002539822,0.002303815,0.002088688,0.001880718,0.001664447,0.001419043,0.00111689,0.000753018212,0.000380487615,-1.3778195e-5,-0.000548883644,-0.001280843,-0.00211833,-0.002917848,-0.003579942],"unit":"S"},"timestamps":{"value":[0.019,0.053,0.087,0.122,0.156,0.19,0.224,0.259,0.293,0.327,0.361,0.395,0.43,0.464,0.498,0.532,0.566,0.601,0.6350001,0.669,0.703,0.737,0.772,0.8060001,0.84,0.874,0.9080001,0.942,0.9770001,1.011,1.045],"unit":"s"},"sweep_direction":{"unit":"","value":"Forward"},"p_max":{"unit":"mW","value":1.0653},"v_p_max":{"unit":"V","value":0.8},"i_p_max":{"unit":"mA","value":1.3316},"isc":{"unit":"mA","value":1.048},"voc":{"unit":"V","value":1.6199},"jsc":{"unit":"mA\/cm2","value":17.2332},"fill_factor":{"unit":"%","value":62.7384},"efficiency":{"unit":"%","value":11.3327},"r_s":{"unit":"ohms","value":76.6996},"r_sh":{"unit":"ohms","value":4333.4},"temperature":{"unit":"oC","value":100},"cell_dimension":{"value":0.09400000091591153,"unit":"cm2"},"key":"Forward_[G1#C1]_Group-1_Dynamic"}]}}