{"_id":"6535146b5d0e997149349d05","id":"CNU_HEMD-SC-00106","author":118,"group":9,"input":[{"tco":{"unit":null,"value":"ITO"}},{"etl":[{"material":{"unit":null,"value":"SnO2"},"concentration":{"unit":null,"value":"15%"},"conc_unit":{"unit":null,"value":"mg\/ml"},"quantity":{"unit":"ml","value":"1"}}],"solvent":[{"material":{"unit":null,"value":"DI-Water"},"volume":{"unit":"ml","value":"1"}}],"spin_coating":[{"type":{"unit":null,"value":"drop&run"},"rpm":{"unit":null,"value":"3000"},"time":{"unit":"s","value":"30"}}],"annealing":[{"temperature":{"unit":"oC","value":"105"},"time":{"unit":"m","value":"30"}}]},{"perovskite":{"a_site":[{"material":{"unit":null,"value":"FA"},"ratio":{"unit":null,"value":"100"}}],"b_site":[{"material":{"unit":null,"value":"Pb"},"ratio":{"unit":null,"value":"100"}}],"x_site":[{"material":{"unit":null,"value":"I"},"ratio":{"unit":null,"value":"100"}}],"solvent":[{"material":{"unit":null,"value":"IPA"},"volume":{"unit":"ml","value":"2"}},{"material":{"unit":null,"value":"DMA"},"volume":{"unit":"ml","value":"1"}}],"antisolvent":[],"annealing":[{"temperature":{"unit":"oC","value":"150"},"time":{"unit":"m","value":"15"}}],"additive":[{"material":{"unit":null,"value":"MACl"},"solvent":{"unit":null,"value":"Ethanol+DMA"},"concentration":{"unit":null,"value":"25.6"},"conc_unit":{"unit":null,"value":"mg"},"quantity":{"unit":"mol%","value":"30"}},{"material":{"unit":null,"value":"PACl"},"solvent":{"unit":null,"value":"Ethanol+DMA"},"concentration":{"unit":null,"value":"24.2"},"conc_unit":{"unit":null,"value":"mg"},"quantity":{"unit":"mol%","value":"20"}},{"material":{"unit":null,"value":"PenACl"},"solvent":{"unit":null,"value":"Ethanol+DMA"},"concentration":{"unit":null,"value":"15.6"},"conc_unit":{"unit":null,"value":"mg"},"quantity":{"unit":"mol%","value":"10"}}]}},{"htl":[{"material":{"unit":null,"value":"Spiro-OMeTAD_Lumtec"},"concentration":{"unit":null,"value":"0.091"},"conc_unit":{"unit":null,"value":"mg\/ml"},"quantity":{"unit":"ml","value":"0.1"}}],"spin_coating":[{"type":{"unit":null,"value":"dynamic"},"rpm":{"unit":null,"value":"3000"},"time":{"unit":"s","value":"30"}}],"solvent":[{"material":{"unit":null,"value":"CB"},"volume":{"unit":"ml","value":"0.8"}}],"htl_doping":[{"material":{"unit":null,"value":"tBP"},"volume":{"unit":"ul","value":"0.0354"}},{"material":{"unit":null,"value":"Li-TFSI"},"volume":{"unit":"ul","value":"0.0209"}},{"material":{"unit":null,"value":"Co-TFSI"},"volume":{"unit":"ul","value":"0.00909"}}]},{"anode_metal":{"unit":null,"value":"Ag"}},{"note":{"unit":null,"value":"-"},"ar":{"unit":null,"value":"0"},"type":{"unit":null,"value":"unit_cell"},"device_type":{"unit":null,"value":"n-i-p"},"temperature":{"unit":"\u2103","value":"21"},"humidity":{"unit":"%","value":"26"},"cell_dimension":{"unit":"cm2","value":"0.0937"}}],"fileinfo":[{"key":"Reverse_[G1#C1]_Group-1_Dynamic","uploadType":"JV","original_name":"[G1#C1]_Group-1_Dynamic-IV_[230406_160226].csv","save_name":"CNU_HEMD-SC-00106\/Reverse_[G1#C1]_Group-1_Dynamic","uploader":118,"fileType":""},{"key":"Reverse_[G1#C2]_Group-1_Dynamic","uploadType":"JV","original_name":"[G1#C2]_Group-1_Dynamic-IV_[230406_160536].csv","save_name":"CNU_HEMD-SC-00106\/Reverse_[G1#C2]_Group-1_Dynamic","uploader":118,"fileType":""},{"key":"Reverse_[G1#C3]_Group-1_Dynamic","uploadType":"JV","original_name":"[G1#C3]_Group-1_Dynamic-IV_[230406_160536].csv","save_name":"CNU_HEMD-SC-00106\/Reverse_[G1#C3]_Group-1_Dynamic","uploader":118,"fileType":""},{"key":"Reverse_[G1#C4]_Group-1_Dynamic","uploadType":"JV","original_name":"[G1#C4]_Group-1_Dynamic-IV_[230406_160226].csv","save_name":"CNU_HEMD-SC-00106\/Reverse_[G1#C4]_Group-1_Dynamic","uploader":118,"fileType":""},{"key":"Reverse_[G2#C1]_Group-2_Dynamic","uploadType":"JV","original_name":"[G2#C1]_Group-2_Dynamic-IV_[230406_160226].csv","save_name":"CNU_HEMD-SC-00106\/Reverse_[G2#C1]_Group-2_Dynamic","uploader":118,"fileType":""},{"key":"Reverse_[G2#C2]_Group-2_Dynamic","uploadType":"JV","original_name":"[G2#C2]_Group-2_Dynamic-IV_[230406_160226].csv","save_name":"CNU_HEMD-SC-00106\/Reverse_[G2#C2]_Group-2_Dynamic","uploader":118,"fileType":""},{"key":"Reverse_[G2#C3]_Group-2_Dynamic","uploadType":"JV","original_name":"[G2#C3]_Group-2_Dynamic-IV_[230406_160226].csv","save_name":"CNU_HEMD-SC-00106\/Reverse_[G2#C3]_Group-2_Dynamic","uploader":118,"fileType":""},{"key":"Reverse_[G5#C3]_Group-5_Dynamic","uploadType":"JV","original_name":"[G5#C3]_Group-5_Dynamic-IV_[230406_160226].csv","save_name":"CNU_HEMD-SC-00106\/Reverse_[G5#C3]_Group-5_Dynamic","uploader":118,"fileType":""},{"key":"Reverse_[G5#C4]_Group-5_Dynamic","uploadType":"JV","original_name":"[G5#C4]_Group-5_Dynamic-IV_[230406_160226].csv","save_name":"CNU_HEMD-SC-00106\/Reverse_[G5#C4]_Group-5_Dynamic","uploader":118,"fileType":""},{"key":"Reverse_[G3#C2]_Group-3_Dynamic","uploadType":"JV","original_name":"[G3#C2]_Group-3_Dynamic-IV_[230310_103623].csv","save_name":"CNU_HEMD-SC-00106\/Reverse_[G3#C2]_Group-3_Dynamic","uploader":118,"fileType":""},{"key":"Reverse_[G3#C3]_Group-3_Dynamic","uploadType":"JV","original_name":"[G3#C3]_Group-3_Dynamic-IV_[230310_103623].csv","save_name":"CNU_HEMD-SC-00106\/Reverse_[G3#C3]_Group-3_Dynamic","uploader":118,"fileType":""},{"key":"Reverse_[G3#C4]_Group-3_Dynamic","uploadType":"JV","original_name":"[G3#C4]_Group-3_Dynamic-IV_[230310_103623].csv","save_name":"CNU_HEMD-SC-00106\/Reverse_[G3#C4]_Group-3_Dynamic","uploader":118,"fileType":""},{"key":"Reverse_[G3#C1]_Group-3_Dynamic","uploadType":"JV","original_name":"[G3#C1]_Group-3_Dynamic-IV_[230310_103623].csv","save_name":"CNU_HEMD-SC-00106\/Reverse_[G3#C1]_Group-3_Dynamic","uploader":118,"fileType":""},{"key":"Reverse_[G2#C4]_Group-2_Dynamic","uploadType":"JV","original_name":"[G2#C4]_Group-2_Dynamic-IV_[230308_102752].csv","save_name":"CNU_HEMD-SC-00106\/Reverse_[G2#C4]_Group-2_Dynamic","uploader":118,"fileType":""},{"key":"Reverse_[G4#C1]_Group-4_Dynamic","uploadType":"JV","original_name":"[G4#C1]_Group-4_Dynamic-IV_[230308_102752].csv","save_name":"CNU_HEMD-SC-00106\/Reverse_[G4#C1]_Group-4_Dynamic","uploader":118,"fileType":""},{"key":"Reverse_[G4#C2]_Group-4_Dynamic","uploadType":"JV","original_name":"[G4#C2]_Group-4_Dynamic-IV_[230308_102752].csv","save_name":"CNU_HEMD-SC-00106\/Reverse_[G4#C2]_Group-4_Dynamic","uploader":118,"fileType":""},{"key":"Reverse_[G5#C2]_Group-5_Dynamic","uploadType":"JV","original_name":"[G5#C2]_Group-5_Dynamic-IV_[230308_102752].csv","save_name":"CNU_HEMD-SC-00106\/Reverse_[G5#C2]_Group-5_Dynamic","uploader":118,"fileType":""},{"key":"Reverse_[G6#C2]_Group-6_Dynamic","uploadType":"JV","original_name":"[G6#C2]_Group-6_Dynamic-IV_[230308_102752].csv","save_name":"CNU_HEMD-SC-00106\/Reverse_[G6#C2]_Group-6_Dynamic","uploader":118,"fileType":""},{"key":"Reverse_[G6#C3]_Group-6_Dynamic","uploadType":"JV","original_name":"[G6#C3]_Group-6_Dynamic-IV_[230308_102752].csv","save_name":"CNU_HEMD-SC-00106\/Reverse_[G6#C3]_Group-6_Dynamic","uploader":118,"fileType":""}],"jvcnt":19,"updated_at":"2024-09-13 08:46:07","created_at":"2023-10-22 12:24:11","analysisInfo":{"JV":[{"efficiency":15.753,"fill_factor":70.676,"jsc":21.427,"voc":1.04,"key":"Reverse_[G6#C3]_Group-6_Dynamic","cell_dimension":0.09370000038555625},{"efficiency":15.931,"fill_factor":69.176,"jsc":22.21,"voc":1.037,"key":"Reverse_[G6#C2]_Group-6_Dynamic","cell_dimension":0.09370000086532965},{"efficiency":18.441,"fill_factor":75.035,"jsc":22.262,"voc":1.104,"key":"Reverse_[G5#C4]_Group-5_Dynamic","cell_dimension":0.09369999983715882},{"efficiency":19.586,"fill_factor":76.064,"jsc":23.285,"voc":1.106,"key":"Reverse_[G5#C3]_Group-5_Dynamic","cell_dimension":0.09370000125335377},{"efficiency":15.034,"fill_factor":70.333,"jsc":20.313,"voc":1.052,"key":"Reverse_[G5#C2]_Group-5_Dynamic","cell_dimension":0.093699999190202},{"efficiency":14.662,"fill_factor":67.035,"jsc":21.845,"voc":1.001,"key":"Reverse_[G4#C2]_Group-4_Dynamic","cell_dimension":0.09369999956108772},{"efficiency":14.451,"fill_factor":67.053,"jsc":21.625,"voc":0.997,"key":"Reverse_[G4#C1]_Group-4_Dynamic","cell_dimension":0.09369999945152067},{"efficiency":9.145,"fill_factor":62.554,"jsc":19.488,"voc":0.75,"key":"Reverse_[G3#C4]_Group-3_Dynamic","cell_dimension":0.0937000005511788},{"efficiency":10.368,"fill_factor":68.697,"jsc":19.804,"voc":0.762,"key":"Reverse_[G3#C3]_Group-3_Dynamic","cell_dimension":0.09370000027382352},{"efficiency":10.811,"fill_factor":70.59,"jsc":19.695,"voc":0.778,"key":"Reverse_[G3#C2]_Group-3_Dynamic","cell_dimension":0.09369999955034673},{"efficiency":1.175,"fill_factor":36.829,"jsc":18.967,"voc":0.168,"key":"Reverse_[G3#C1]_Group-3_Dynamic","cell_dimension":0.09370000041103749},{"efficiency":14.085,"fill_factor":63.899,"jsc":21.459,"voc":1.027,"key":"Reverse_[G2#C4]_Group-2_Dynamic","cell_dimension":0.09370000040083383},{"efficiency":16.382,"fill_factor":68.287,"jsc":22.361,"voc":1.073,"key":"Reverse_[G2#C3]_Group-2_Dynamic","cell_dimension":0.09370000034491903},{"efficiency":19.211,"fill_factor":75.632,"jsc":23.132,"voc":1.098,"key":"Reverse_[G2#C2]_Group-2_Dynamic","cell_dimension":0.09369999965849476},{"efficiency":19.112,"fill_factor":77.074,"jsc":22.613,"voc":1.097,"key":"Reverse_[G2#C1]_Group-2_Dynamic","cell_dimension":0.09369999877155752},{"efficiency":19.107,"fill_factor":77.211,"jsc":22.949,"voc":1.078,"key":"Reverse_[G1#C4]_Group-1_Dynamic","cell_dimension":0.09369999953545545},{"efficiency":18.626,"fill_factor":76.746,"jsc":23.295,"voc":1.042,"key":"Reverse_[G1#C3]_Group-1_Dynamic","cell_dimension":0.09370000067827625},{"efficiency":19.03,"fill_factor":78.254,"jsc":23.012,"voc":1.057,"key":"Reverse_[G1#C2]_Group-1_Dynamic","cell_dimension":0.09370000035219958},{"efficiency":17.2,"fill_factor":77.11,"jsc":22.027,"voc":1.013,"key":"Reverse_[G1#C1]_Group-1_Dynamic","cell_dimension":0.09369999924652923}]},"public":2,"tags":[],"analysis":{"JV":[{"V":{"value":[1.2,1.15,1.1,1.05,1,0.95,0.9,0.85,0.8,0.75,0.7,0.65,0.6,0.55,0.5,0.45,0.4,0.35,0.3,0.25,0.2,0.15,0.1,0.05,0,-0.05,-0.1,-0.15,-0.2],"unit":"V"},"J":{"value":[-0.056541686,-0.035221996,-0.016309573,-0.001897055,0.007770172,0.013529861,0.016740032,0.018532721,0.019553661000000003,0.020150981999999998,0.020510406,0.020737321000000003,0.020891280999999998,0.020990245,0.021061088999999998,0.021142199,0.021172487,0.021218666,0.021249541,0.021285560000000002,0.021322337,0.021347919,0.021386425,0.021404237,0.02142746,0.021462720999999997,0.021471708,0.021497192999999998,0.021507801],"unit":"A\/cm2"},"power_density":{"value":[-67.850363,-40.505894,-17.940726,-1.991931,7.770296,12.853526,15.066253,15.752974,15.643192,15.113462,14.357446,13.47934,12.534871,11.544625,10.530454,9.514499,8.46942,7.427006,6.375149,5.321577,4.264676,3.20226,2.138589,1.070124,-0.000204348179,-1.072567,-2.146841,-3.223874,-4.301223],"unit":"mW\/cm2"},"I":{"value":[-0.005297956,-0.0033003010000000003,-0.0015282070000000002,-0.0001777541,0.0007280651,0.0012677480000000002,0.001568541,0.001736516,0.001832178,0.001888147,0.0019218249999999998,0.001943087,0.001957513,0.001966786,0.001973424,0.001981024,0.001983862,0.001988189,0.001991082,0.001994457,0.001997903,0.0020003,0.002003908,0.002005577,0.002007753,0.002011057,0.002011899,0.002014287,0.002015281],"unit":"A"},"power":{"value":[-6.357579,-3.795402,-1.681046,-0.186643938,0.728076749,1.204375,1.411708,1.476054,1.465767,1.416131,1.345293,1.263014,1.174517,1.081731,0.986703514,0.891508543,0.793584676,0.695910487,0.59735148,0.498631801,0.399600179,0.300051801,0.20038583,0.100270627,-1.9147424e-5,-0.100499537,-0.201159017,-0.302076981,-0.40302456],"unit":"mW"},"resistance":{"value":[-226.50358,-348.458216,-719.805628,-5907.104,1373.526,749.369512,573.790166,489.490854,436.646166,397.220767,364.241229,334.521254,306.513878,279.643794,253.364558,227.167414,201.637059,176.050818,150.678626,125.351813,100.109865,74.990451,49.901253,24.928437,-0.004749958,-24.849365,-49.696655,-74.451754,-99.233953],"unit":"ohms"},"conductance":{"value":[-0.004414941,-0.002869785,-0.001389264,-0.000169287684,0.000728053451,0.001334455,0.001742797,0.002042939,0.002290184,0.002517492,0.002745433,0.002989347,0.003262495,0.003575978,0.003946882,0.00440204,0.004959406,0.005680178,0.006636641,0.007977547,0.009989026,0.013335031,0.020039577,0.040114829,-210.528165,-0.040242477,-0.020122079,-0.013431517,-0.010077196],"unit":"S"},"timestamps":{"value":[0.02,0.054,0.08800001,0.122,0.156,0.191,0.225,0.259,0.293,0.327,0.361,0.396,0.43,0.464,0.498,0.532,0.567,0.601,0.6350001,0.669,0.703,0.738,0.772,0.8060001,0.84,0.8750001,0.909,0.943,0.9770001],"unit":"s"},"sweep_direction":{"unit":"","value":"Reverse"},"p_max":{"unit":"mW","value":1.476},"v_p_max":{"unit":"V","value":0.85},"i_p_max":{"unit":"mA","value":1.737},"isc":{"unit":"mA","value":2.008},"voc":{"unit":"V","value":1.04},"jsc":{"unit":"mA\/cm2","value":21.427},"fill_factor":{"unit":"%","value":70.676},"efficiency":{"unit":"%","value":15.753},"r_s":{"unit":"ohms","value":40.562},"r_sh":{"unit":"ohms","value":3785.64},"temperature":{"unit":"oC","value":20.639},"cell_dimension":{"value":0.09370000038555625,"unit":"cm2"},"key":"Reverse_[G6#C3]_Group-6_Dynamic"},{"V":{"value":[1.2,1.15,1.1,1.05,1,0.95,0.9,0.85,0.8,0.75,0.7,0.65,0.6,0.55,0.5,0.45,0.4,0.35,0.3,0.25,0.2,0.15,0.1,0.05,0,-0.05,-0.1,-0.15,-0.2],"unit":"V"},"J":{"value":[-0.054083436,-0.03435285,-0.016459979,-0.002542938,0.007174305000000001,0.013248613000000001,0.016761419,0.01874238,0.019892081000000002,0.02059857,0.021023458000000002,0.021319797,0.021508122,0.021634418,0.021746969,0.021817812,0.021898324,0.021963191,0.022018196,0.022068324,0.02211159,0.022136969,0.022169573,0.022204258,0.022209669,0.022258773000000003,0.022258527,0.022273105999999997,0.02230191],"unit":"A\/cm2"},"power_density":{"value":[-64.900502,-39.506361,-18.106174,-2.67011,7.174406,12.586321,15.085495,15.93116,15.913925,15.449154,14.716572,13.857911,12.904953,11.898893,10.873395,9.818552,8.759755,7.687576,6.605741,5.517229,4.422519,3.320612,2.216881,1.110122,-0.000227693528,-1.112375,-2.225516,-3.340246,-4.460021],"unit":"mW\/cm2"},"I":{"value":[-0.005067618,-0.0032188620000000003,-0.0015423,-0.0002382733,0.0006722324,0.001241395,0.001570545,0.001756161,0.001863888,0.001930086,0.001969898,0.001997665,0.002015311,0.002027145,0.0020376910000000003,0.0020443289999999997,0.002051873,0.002057951,0.002063105,0.002067802,0.002071856,0.0020742340000000003,0.002077289,0.0020805389999999997,0.002081046,0.002085647,0.0020856240000000003,0.00208699,0.002089689],"unit":"A"},"power":{"value":[-6.081177,-3.701746,-1.696549,-0.250189348,0.672241811,1.179338,1.413511,1.49275,1.491135,1.447586,1.378943,1.298486,1.209194,1.114926,1.018837,0.91999834,0.820789006,0.720325861,0.618957908,0.516964354,0.414390054,0.311141323,0.207721775,0.10401842,-2.1334884e-5,-0.104229541,-0.208530865,-0.31298109,-0.417903947],"unit":"mW"},"resistance":{"value":[-236.799025,-357.274403,-713.228295,-4406.746,1487.602,765.276564,573.05776,484.01445,429.217367,388.58942,355.352003,325.380882,297.722634,271.316704,245.373759,220.133159,194.953294,170.082232,145.418096,120.904564,96.536197,72.317299,48.138015,24.030263,-0.004926369,-23.961236,-47.940031,-71.85837,-95.700269],"unit":"ohms"},"conductance":{"value":[-0.00422299,-0.002798969,-0.001402076,-0.000226924791,0.000672222989,0.001306717,0.001745025,0.002066054,0.002329822,0.00257341,0.002814111,0.003073321,0.003358831,0.00368573,0.004075415,0.004542705,0.005129434,0.005879509,0.006876723,0.008270986,0.010358809,0.01382795,0.020773603,0.041614192,-202.98927,-0.041734074,-0.020859394,-0.013916263,-0.010449291],"unit":"S"},"timestamps":{"value":[0.019,0.053,0.08800001,0.122,0.156,0.19,0.224,0.259,0.293,0.327,0.361,0.395,0.43,0.464,0.498,0.532,0.566,0.6,0.6350001,0.669,0.703,0.737,0.771,0.8060001,0.84,0.874,0.9080001,0.943,0.9770001],"unit":"s"},"sweep_direction":{"unit":"","value":"Reverse"},"p_max":{"unit":"mW","value":1.493},"v_p_max":{"unit":"V","value":0.85},"i_p_max":{"unit":"mA","value":1.756},"isc":{"unit":"mA","value":2.081},"voc":{"unit":"V","value":1.037},"jsc":{"unit":"mA\/cm2","value":22.21},"fill_factor":{"unit":"%","value":69.176},"efficiency":{"unit":"%","value":15.931},"r_s":{"unit":"ohms","value":42.248},"r_sh":{"unit":"ohms","value":3147.938},"temperature":{"unit":"oC","value":20.644},"cell_dimension":{"value":0.09370000086532965,"unit":"cm2"},"key":"Reverse_[G6#C2]_Group-6_Dynamic"},{"V":{"value":[1.2,1.15,1.1,1.05,1,0.95,0.9,0.85,0.8,0.75,0.7,0.65,0.6,0.55,0.5,0.45,0.4,0.35,0.3,0.25,0.2,0.15,0.1,0.05,0,-0.05,-0.1,-0.15,-0.2],"unit":"V"},"J":{"value":[-0.033161142,-0.015003874,0.0012890809999999999,0.012023127,0.017148676999999998,0.019403095000000002,0.020489434,0.021082145,0.021420181,0.021654013,0.021816286,0.021904354,0.021989552,0.022038847,0.022078645,0.02210365,0.022123511000000002,0.022152678999999998,0.022171761,0.022215432,0.022216606,0.02224,0.022250661999999997,0.022252230999999997,0.022261772,0.022286221999999998,0.022271825,0.022266617,0.022287908000000002],"unit":"A\/cm2"},"power_density":{"value":[-39.793735,-17.254785,1.41801,12.624464,17.148985,18.4332,18.440782,17.920022,17.136451,16.240752,15.271573,14.23787,13.193793,12.121366,11.039243,9.947186,8.849838,7.753901,6.651834,5.554049,4.44355,3.336087,2.225006,1.112504,-0.000206997188,-1.113837,-2.226915,-3.339342,-4.457305],"unit":"mW\/cm2"},"I":{"value":[-0.003107199,-0.001405863,0.0001207869,0.0011265670000000002,0.001606831,0.00181807,0.0019198599999999998,0.0019753970000000003,0.002007071,0.002028981,0.002044186,0.002052438,0.0020604209999999998,0.00206504,0.0020687690000000003,0.002071112,0.002072973,0.0020757059999999996,0.002077494,0.0020815860000000003,0.002081696,0.002083888,0.002084887,0.002085034,0.002085928,0.002088219,0.00208687,0.002086382,0.0020883769999999998],"unit":"A"},"power":{"value":[-3.728673,-1.616773,0.132867523,1.182912,1.60686,1.727191,1.727901,1.679106,1.605686,1.521758,1.430946,1.334088,1.236258,1.135772,1.034377,0.932051349,0.82922983,0.726540482,0.623276869,0.520414402,0.416360641,0.312591327,0.208483029,0.10424165,-1.9395636e-5,-0.104366534,-0.208661916,-0.312896378,-0.417649504],"unit":"mW"},"resistance":{"value":[-386.203458,-818.018541,9107.08,932.048427,622.354187,522.539506,468.791579,430.298011,398.597907,369.649198,342.438457,316.697411,291.203982,266.338667,241.687883,217.286463,192.969035,168.627397,144.411392,120.104862,96.080456,71.982707,47.962926,23.978113,-0.004457644,-23.933663,-47.912893,-71.880797,-95.762212],"unit":"ohms"},"conductance":{"value":[-0.002589309,-0.001222466,0.000109804676,0.001072906,0.001606802,0.001913731,0.002133144,0.002323971,0.002508794,0.002705268,0.002920233,0.003157588,0.003434019,0.003754618,0.004137568,0.00460222,0.005182179,0.005930234,0.006924661,0.008326058,0.010407944,0.013892225,0.020849437,0.0417047,-224.333738,-0.041782154,-0.020871209,-0.013911922,-0.010442532],"unit":"S"},"timestamps":{"value":[0.019,0.053,0.087,0.122,0.156,0.19,0.224,0.258,0.293,0.327,0.361,0.395,0.429,0.464,0.498,0.532,0.566,0.6,0.6350001,0.669,0.703,0.737,0.771,0.8050001,0.84,0.874,0.9080001,0.942,0.9770001],"unit":"s"},"sweep_direction":{"unit":"","value":"Reverse"},"p_max":{"unit":"mW","value":1.728},"v_p_max":{"unit":"V","value":0.9},"i_p_max":{"unit":"mA","value":1.92},"isc":{"unit":"mA","value":2.086},"voc":{"unit":"V","value":1.104},"jsc":{"unit":"mA\/cm2","value":22.262},"fill_factor":{"unit":"%","value":75.035},"efficiency":{"unit":"%","value":18.441},"r_s":{"unit":"ohms","value":46.109},"r_sh":{"unit":"ohms","value":6411.03},"temperature":{"unit":"oC","value":20.825},"cell_dimension":{"value":0.09369999983715882,"unit":"cm2"},"key":"Reverse_[G5#C4]_Group-5_Dynamic"},{"V":{"value":[1.2,1.15,1.1,1.05,1,0.95,0.9,0.85,0.8,0.75,0.7,0.65,0.6,0.55,0.5,0.45,0.4,0.35,0.3,0.25,0.2,0.15,0.1,0.05,0,-0.05,-0.1,-0.15,-0.2],"unit":"V"},"J":{"value":[-0.034387737,-0.015331856999999999,0.002015136,0.013285155,0.018444717,0.020616285999999998,0.021636564,0.022172337,0.022486499,0.022687214999999997,0.022818058000000002,0.022920075,0.022980011,0.02304285,0.023090095999999997,0.023119658,0.023153789,0.023186137,0.023215518,0.023241601,0.023262134,0.023269509,0.023280342000000002,0.023282903,0.023284952,0.023324172999999997,0.023313799,0.023303501,0.023324013],"unit":"A\/cm2"},"power_density":{"value":[-41.265663,-17.631942,2.216681,13.949625,18.445068,19.585744,19.47324,18.846695,17.989526,17.015676,15.972832,14.898133,13.788108,12.67356,11.544976,10.404399,9.261969,8.115665,6.964992,5.810612,4.652671,3.490517,2.327993,1.164033,-0.000222062603,-1.165679,-2.331061,-3.494833,-4.664513],"unit":"mW\/cm2"},"I":{"value":[-0.003222131,-0.0014365950000000001,0.00018881819999999998,0.0012448189999999999,0.00172827,0.001931746,0.002027346,0.0020775480000000002,0.002106985,0.002125792,0.002138052,0.002147611,0.0021532269999999997,0.002159115,0.002163542,0.002166312,0.00216951,0.0021725409999999996,0.002175294,0.0021777380000000002,0.002179662,0.0021803530000000003,0.002181368,0.0021816080000000002,0.0021818,0.0021854749999999997,0.002184503,0.002183538,0.0021854599999999997],"unit":"A"},"power":{"value":[-3.866593,-1.652113,0.207703041,1.30708,1.728303,1.835184,1.824643,1.765935,1.685619,1.594369,1.496654,1.395955,1.291946,1.187513,1.081764,0.974892175,0.867846522,0.760437798,0.652619742,0.544454317,0.435955286,0.327061453,0.218132961,0.109069885,-2.0807266e-5,-0.10922414,-0.218420394,-0.327465849,-0.4370649],"unit":"mW"},"resistance":{"value":[-372.42775,-800.517891,5825.794,843.508976,578.624289,491.789914,443.937739,409.140679,379.696343,352.815186,327.404759,302.663611,278.653574,254.733861,231.101083,207.737343,184.382464,161.111942,137.919058,114.802194,91.762163,68.797988,45.841985,22.916665,-0.004371044,-22.867935,-45.770736,-68.682249,-91.508241],"unit":"ohms"},"conductance":{"value":[-0.002685085,-0.001249191,0.000171650412,0.001185524,0.001728237,0.002033389,0.002252568,0.002444147,0.002633684,0.002834345,0.003054323,0.003303998,0.003588685,0.003925666,0.004327111,0.004813771,0.005423509,0.006206865,0.00725063,0.008710635,0.010897738,0.014535309,0.021814064,0.043636367,-228.778316,-0.043729353,-0.021848021,-0.014559803,-0.010927978],"unit":"S"},"timestamps":{"value":[0.019,0.053,0.087,0.121,0.156,0.19,0.224,0.258,0.292,0.326,0.361,0.395,0.429,0.463,0.497,0.532,0.566,0.6,0.634,0.668,0.703,0.737,0.771,0.8050001,0.839,0.874,0.9080001,0.942,0.9760001],"unit":"s"},"sweep_direction":{"unit":"","value":"Reverse"},"p_max":{"unit":"mW","value":1.835},"v_p_max":{"unit":"V","value":0.95},"i_p_max":{"unit":"mA","value":1.932},"isc":{"unit":"mA","value":2.182},"voc":{"unit":"V","value":1.106},"jsc":{"unit":"mA\/cm2","value":23.285},"fill_factor":{"unit":"%","value":76.064},"efficiency":{"unit":"%","value":19.586},"r_s":{"unit":"ohms","value":37.966},"r_sh":{"unit":"ohms","value":4452.518},"temperature":{"unit":"oC","value":20.819},"cell_dimension":{"value":0.09370000125335377,"unit":"cm2"},"key":"Reverse_[G5#C3]_Group-5_Dynamic"},{"V":{"value":[1.2,1.15,1.1,1.05,1,0.95,0.9,0.85,0.8,0.75,0.7,0.65,0.6,0.55,0.5,0.45,0.4,0.35,0.3,0.25,0.2,0.15,0.1,0.05,0,-0.05,-0.1,-0.15,-0.2],"unit":"V"},"J":{"value":[-0.047419232,-0.028168111,-0.011719819,0.000557580896,0.00869247,0.013473426,0.016154141,0.01768666,0.018571546999999997,0.019100598,0.019431825,0.0196581,0.019802240999999998,0.019897759,0.019992561,0.020028441999999997,0.020081782,0.020122529,0.020154973,0.020182049,0.0202292,0.020244429,0.020276179,0.020298953999999998,0.020313212,0.020336649000000002,0.020340875,0.020353746000000002,0.020376499],"unit":"A\/cm2"},"power_density":{"value":[-56.903552,-32.393891,-12.891976,0.58546496,8.692617,12.799922,14.538943,15.033811,14.857476,14.325649,13.602421,12.777832,11.881428,10.943743,9.996223,9.013288,8.033103,7.04331,6.04678,5.045672,4.046044,3.036729,2.027534,1.01486,-0.000198564942,-1.016298,-2.033751,-3.05238,-4.074962],"unit":"mW\/cm2"},"I":{"value":[-0.004443182,-0.002639352,-0.001098147,5.224533e-5,0.0008144844,0.00126246,0.001513643,0.0016572400000000001,0.001740154,0.001789726,0.001820762,0.001841964,0.00185547,0.0018644199999999999,0.001873303,0.001876665,0.001881663,0.001885481,0.001888521,0.001891058,0.0018954759999999999,0.001896903,0.001899878,0.001902012,0.001903348,0.001905544,0.00190594,0.001907146,0.001909278],"unit":"A"},"power":{"value":[-5.331863,-3.035308,-1.207978,0.054858067,0.814498246,1.199353,1.362299,1.408668,1.392145,1.342313,1.274547,1.197283,1.11329,1.025429,0.936646067,0.844545041,0.752701704,0.659958134,0.566583306,0.472779439,0.379114344,0.28454152,0.189979916,0.095092345,-1.8605535e-5,-0.095227141,-0.190562457,-0.286008011,-0.381823906],"unit":"mW"},"resistance":{"value":[-270.078966,-435.720586,-1001.701,20097.662,1227.791,752.508911,594.60084,512.906097,459.736782,419.064427,384.458485,352.88605,323.370467,294.997265,266.906688,239.800071,212.588226,185.640216,158.862041,132.205305,105.519722,79.07795,52.632774,26.28567,-0.005135772,-26.22544,-52.458865,-78.63399,-104.742945],"unit":"ohms"},"conductance":{"value":[-0.003702621,-0.002295049,-0.000998301841,4.9757031e-5,0.000814470554,0.001328888,0.001681801,0.001949675,0.002175158,0.002386268,0.002601061,0.002833776,0.003092428,0.003389862,0.003746628,0.004170141,0.004703929,0.005386764,0.00629477,0.007563993,0.009476901,0.01264575,0.018999568,0.038043542,-194.712681,-0.038130914,-0.019062555,-0.012717147,-0.009547182],"unit":"S"},"timestamps":{"value":[0.019,0.053,0.087,0.122,0.156,0.19,0.224,0.258,0.293,0.327,0.361,0.395,0.429,0.464,0.498,0.532,0.566,0.6,0.6350001,0.669,0.703,0.737,0.771,0.8050001,0.84,0.874,0.9080001,0.943,0.9770001],"unit":"s"},"sweep_direction":{"unit":"","value":"Reverse"},"p_max":{"unit":"mW","value":1.409},"v_p_max":{"unit":"V","value":0.85},"i_p_max":{"unit":"mA","value":1.657},"isc":{"unit":"mA","value":1.903},"voc":{"unit":"V","value":1.052},"jsc":{"unit":"mA\/cm2","value":20.313},"fill_factor":{"unit":"%","value":70.333},"efficiency":{"unit":"%","value":15.034},"r_s":{"unit":"ohms","value":46.72},"r_sh":{"unit":"ohms","value":4149.955},"temperature":{"unit":"oC","value":20.666},"cell_dimension":{"value":0.093699999190202,"unit":"cm2"},"key":"Reverse_[G5#C2]_Group-5_Dynamic"},{"V":{"value":[1.2,1.15,1.1,1.05,1,0.95,0.9,0.85,0.8,0.75,0.7,0.65,0.6,0.55,0.5,0.45,0.4,0.35,0.3,0.25,0.2,0.15,0.1,0.05,0,-0.05,-0.1,-0.15,-0.2],"unit":"V"},"J":{"value":[-0.06151571,-0.042026126,-0.02486619,-0.010668324,0.000272558485,0.008107556,0.013266521,0.016490331,0.018327449000000003,0.019375027,0.019986158,0.020394493,0.020677225,0.020876456999999998,0.021063095,0.021193083999999997,0.021305859000000003,0.021402967000000002,0.021496137000000002,0.02156714,0.021618175,0.021698506,0.021748335,0.021791098999999998,0.021844973,0.021868783,0.021893618,0.021912956,0.021945101],"unit":"A\/cm2"},"power_density":{"value":[-73.819221,-48.330717,-27.353107,-11.201858,0.272560938,7.702279,11.940053,14.016921,14.662216,14.531497,13.990478,13.256525,12.406418,11.482026,10.531493,9.537439,8.522797,7.491505,6.449153,5.39197,4.323858,3.254887,2.174795,1.089471,-0.000182288657,-1.092844,-2.189031,-3.286203,-4.388638],"unit":"mW\/cm2"},"I":{"value":[-0.005764022,-0.003937848,-0.002329962,-0.000999622,2.553873e-5,0.000759678,0.0012430730000000001,0.001545144,0.0017172819999999999,0.00181544,0.001872703,0.001910964,0.0019374560000000002,0.001956124,0.001973612,0.001985792,0.001996359,0.002005458,0.0020141879999999997,0.002020841,0.002025623,0.00203315,0.0020378189999999997,0.002041826,0.0020468739999999997,0.002049105,0.002051432,0.0020532439999999996,0.002056256],"unit":"A"},"power":{"value":[-6.916861,-4.528588,-2.562986,-1.049614,0.02553896,0.72170352,1.118783,1.313386,1.37385,1.361601,1.310908,1.242136,1.162481,1.075866,0.986800869,0.893658031,0.798586122,0.701954019,0.604285606,0.505227629,0.405145464,0.304982869,0.203778313,0.102083419,-1.7080447e-5,-0.102399453,-0.205112182,-0.3079172,-0.411215421],"unit":"mW"},"resistance":{"value":[-208.189004,-292.041745,-472.115854,-1050.408,39156.567,1250.546,724.023368,550.116041,465.860587,413.129434,373.795738,340.145131,309.686517,281.167656,253.341285,226.622929,200.375433,174.534595,148.950594,123.715127,98.740141,73.779652,49.071208,24.485994,-0.004076778,-24.387608,-48.739066,-73.038665,-97.255692],"unit":"ohms"},"conductance":{"value":[-0.004803328,-0.003424168,-0.002118124,-0.000952010979,2.55385e-5,0.000799650615,0.001381171,0.001817798,0.002146565,0.002420549,0.002675258,0.002939922,0.003229072,0.003556597,0.003947245,0.004412616,0.004990632,0.005729523,0.006713636,0.008083086,0.010127593,0.013553873,0.020378549,0.040839673,-245.291774,-0.041004431,-0.020517422,-0.013691378,-0.010282175],"unit":"S"},"timestamps":{"value":[0.019,0.053,0.087,0.121,0.155,0.19,0.224,0.258,0.292,0.326,0.361,0.395,0.429,0.463,0.497,0.532,0.566,0.6,0.634,0.668,0.703,0.737,0.771,0.8050001,0.839,0.874,0.9080001,0.942,0.9760001],"unit":"s"},"sweep_direction":{"unit":"","value":"Reverse"},"p_max":{"unit":"mW","value":1.374},"v_p_max":{"unit":"V","value":0.8},"i_p_max":{"unit":"mA","value":1.717},"isc":{"unit":"mA","value":2.047},"voc":{"unit":"V","value":1.001},"jsc":{"unit":"mA\/cm2","value":21.845},"fill_factor":{"unit":"%","value":67.035},"efficiency":{"unit":"%","value":14.662},"r_s":{"unit":"ohms","value":45.044},"r_sh":{"unit":"ohms","value":3036.707},"temperature":{"unit":"oC","value":20.683},"cell_dimension":{"value":0.09369999956108772,"unit":"cm2"},"key":"Reverse_[G4#C2]_Group-4_Dynamic"},{"V":{"value":[1.2,1.15,1.1,1.05,1,0.95,0.9,0.85,0.8,0.75,0.7,0.65,0.6,0.55,0.5,0.45,0.4,0.35,0.3,0.25,0.2,0.15,0.1,0.05,0,-0.05,-0.1,-0.15,-0.2],"unit":"V"},"J":{"value":[-0.062901185,-0.043529776,-0.026174535999999998,-0.011748442000000001,-0.000541220704,0.007531866,0.012899701,0.016188292,0.018064023,0.019108815,0.019732945999999998,0.020145987,0.020431451,0.020656382,0.020833532999999998,0.020976659999999998,0.021107727,0.021208773,0.021278303000000002,0.021357524000000003,0.021416083,0.021481622000000002,0.021534578,0.021588314,0.021624631999999998,0.021671984999999998,0.021684013,0.021705464,0.021733094999999997],"unit":"A\/cm2"},"power_density":{"value":[-75.481673,-50.059808,-28.792199,-12.335958,-0.54122774,7.155348,11.60989,13.760159,14.451437,14.331793,13.81318,13.09496,12.258957,11.360985,10.416691,9.440017,8.443481,7.423533,6.383778,5.339554,4.283437,3.222323,2.153404,1.079327,-0.000190761408,-1.083025,-2.168042,-3.255112,-4.346267],"unit":"mW\/cm2"},"I":{"value":[-0.005893841,-0.00407874,-0.002452554,-0.001100829,-5.0712380000000005e-5,0.0007057358,0.0012087019999999999,0.001516843,0.001692599,0.0017904960000000001,0.0018489770000000001,0.0018876790000000002,0.001914427,0.0019355029999999999,0.001952102,0.001965513,0.001977794,0.001987262,0.001993777,0.0020012,0.002006687,0.002012828,0.00201779,0.0020228250000000002,0.002026228,0.002030665,0.0020317919999999997,0.002033802,0.0020363910000000002],"unit":"A"},"power":{"value":[-7.072633,-4.690604,-2.697829,-1.155879,-0.050713039,0.670456138,1.087847,1.289327,1.3541,1.342889,1.294295,1.226998,1.148664,1.064524,0.976043972,0.884529595,0.791154189,0.695585022,0.598160016,0.50031621,0.401358069,0.301931647,0.201773996,0.101132956,-1.7874344e-5,-0.101479417,-0.203145574,-0.305003998,-0.40724521],"unit":"mW"},"resistance":{"value":[-203.603049,-281.953005,-448.515303,-953.833883,-19719.307,1346.127,744.610582,560.378892,472.653062,418.88365,378.590972,344.340007,313.411898,284.163238,256.132313,228.96048,202.254886,176.132689,150.474953,124.929093,99.671897,74.523854,49.557942,24.71588,-0.00435365,-24.609421,-49.209491,-73.737463,-98.205011],"unit":"ohms"},"conductance":{"value":[-0.004911518,-0.00354669,-0.002229578,-0.001048401,-5.0711721e-5,0.000742871892,0.001342984,0.001784507,0.002115717,0.002387298,0.002641373,0.002904106,0.003190689,0.003519104,0.003904232,0.004367566,0.004944256,0.005677538,0.006645624,0.008004541,0.010032918,0.013418522,0.0201784,0.040459818,-229.692341,-0.040634845,-0.020321283,-0.013561627,-0.01018278],"unit":"S"},"timestamps":{"value":[0.019,0.053,0.087,0.121,0.156,0.19,0.224,0.258,0.292,0.326,0.361,0.395,0.429,0.463,0.497,0.532,0.566,0.6,0.634,0.668,0.703,0.737,0.771,0.8050001,0.839,0.874,0.9080001,0.942,0.9760001],"unit":"s"},"sweep_direction":{"unit":"","value":"Reverse"},"p_max":{"unit":"mW","value":1.354},"v_p_max":{"unit":"V","value":0.8},"i_p_max":{"unit":"mA","value":1.693},"isc":{"unit":"mA","value":2.026},"voc":{"unit":"V","value":0.997},"jsc":{"unit":"mA\/cm2","value":21.625},"fill_factor":{"unit":"%","value":67.053},"efficiency":{"unit":"%","value":14.451},"r_s":{"unit":"ohms","value":44.421},"r_sh":{"unit":"ohms","value":2976.328},"temperature":{"unit":"oC","value":20.689},"cell_dimension":{"value":0.09369999945152067,"unit":"cm2"},"key":"Reverse_[G4#C1]_Group-4_Dynamic"},{"V":{"value":[1.2,1.15,1.1,1.05,1,0.95,0.9,0.85,0.8,0.75,0.7,0.65,0.6,0.55,0.5,0.45,0.4,0.35,0.3,0.25,0.2,0.15,0.1,0.05,0,-0.05,-0.1,-0.15,-0.2],"unit":"V"},"J":{"value":[-0.07801461,-0.07688642500000001,-0.06495896500000001,-0.053307161,-0.04242285,-0.032400128,-0.023318869,-0.015278997,-0.007881573000000001,2.3297972e-5,0.007347688,0.0123619,0.015130342000000001,0.016626777000000002,0.017516254,0.018079284999999997,0.018457321,0.01873952,0.018922166,0.019056628,0.019157535,0.019250224,0.019341537,0.019415645999999998,0.019487577000000002,0.019550459,0.019603479,0.019664642,0.019695730999999998],"unit":"A\/cm2"},"power_density":{"value":[-93.616674,-88.420004,-71.455056,-55.972679,-42.423104,-30.780193,-20.987096,-12.987167,-6.305318,0.017473812,5.143403,8.035242,9.078225,9.144656,8.75801,8.136085,7.383239,6.559197,5.676866,4.764275,3.831658,2.887568,1.934073,0.970665596,-0.000213725133,-0.977013852,-1.960042,-2.949061,-3.938847],"unit":"mW\/cm2"},"I":{"value":[-0.0073099689999999995,-0.007204258,-0.006086655000000001,-0.0049948810000000005,-0.003975021,-0.003035892,-0.002184978,-0.0014316420000000001,-0.0007385034000000001,2.18302e-6,0.0006884784000000001,0.0011583099999999999,0.001417713,0.001557929,0.001641273,0.001694029,0.0017294510000000001,0.001755893,0.001773007,0.0017856060000000001,0.001795061,0.0018037460000000002,0.001812302,0.0018192459999999998,0.0018259860000000001,0.001831878,0.001836846,0.001842577,0.00184549],"unit":"A"},"power":{"value":[-8.771882,-8.284954,-6.695339,-5.24464,-3.975045,-2.884104,-1.966491,-1.216898,-0.590808333,0.001637296,0.481936877,0.752902195,0.850629643,0.856854251,0.820625503,0.762351166,0.691809455,0.61459679,0.531922312,0.446412571,0.359026381,0.270565147,0.181222679,0.090951366,-2.0026045e-5,-0.091546198,-0.183655964,-0.276327035,-0.369069949],"unit":"mW"},"resistance":{"value":[-164.157878,-159.628931,-180.723731,-210.215819,-251.572507,-312.923582,-411.905703,-593.724758,-1083.282,343567.306,1016.739,561.162901,423.217746,353.030016,304.637498,265.652182,231.296984,199.33988,169.210499,140.011962,111.421227,83.161265,55.176152,27.48061,-0.006006207,-27.280179,-54.432658,-81.390194,-108.364066],"unit":"ohms"},"conductance":{"value":[-0.006091697,-0.006264529,-0.005533308,-0.004757016,-0.003974997,-0.003195668,-0.00242774,-0.001684282,-0.00092312048,2.910638e-6,0.000983536497,0.001782014,0.00236285,0.00283262,0.00328259,0.003764321,0.004323446,0.005016558,0.005909799,0.007142247,0.00897495,0.012024829,0.018123772,0.036389294,-166.494427,-0.036656651,-0.018371324,-0.012286492,-0.009228151],"unit":"S"},"timestamps":{"value":[0.019,0.053,0.087,0.121,0.156,0.19,0.224,0.258,0.292,0.327,0.361,0.395,0.429,0.463,0.498,0.532,0.566,0.6,0.634,0.669,0.703,0.737,0.771,0.8050001,0.84,0.874,0.9080001,0.942,0.9770001],"unit":"s"},"sweep_direction":{"unit":"","value":"Reverse"},"p_max":{"unit":"mW","value":0.857},"v_p_max":{"unit":"V","value":0.55},"i_p_max":{"unit":"mA","value":1.558},"isc":{"unit":"mA","value":1.826},"voc":{"unit":"V","value":0.75},"jsc":{"unit":"mA\/cm2","value":19.488},"fill_factor":{"unit":"%","value":62.554},"efficiency":{"unit":"%","value":9.145},"r_s":{"unit":"ohms","value":62.106},"r_sh":{"unit":"ohms","value":2617.728},"temperature":{"unit":"oC","value":21.735},"cell_dimension":{"value":0.0937000005511788,"unit":"cm2"},"key":"Reverse_[G3#C4]_Group-3_Dynamic"},{"V":{"value":[1.192,1.15,1.1,1.05,1,0.95,0.9,0.85,0.8,0.75,0.7,0.65,0.6,0.55,0.5,0.45,0.4,0.35,0.3,0.25,0.2,0.15,0.1,0.05,0,-0.05,-0.1,-0.15,-0.2],"unit":"V"},"J":{"value":[-0.091664877,-0.095390886,-0.080032455,-0.064533917,-0.050021697000000004,-0.036816756,-0.025233606999999998,-0.015558132,-0.00697168,0.002217243,0.010219362000000001,0.014973778,0.017279819,0.018395902,0.019006638,0.019361131,0.019586574,0.019718933,0.01978698,0.019825582,0.019838207,0.019841089,0.019833469,0.019819957,0.019804194,0.019781195,0.019732807,0.019687086,0.019644013000000002],"unit":"A\/cm2"},"power_density":{"value":[-109.289833,-109.699614,-88.03554,-67.760484,-50.021847,-34.975929,-22.710332,-13.224411,-5.57739,1.662947,7.153578,9.732942,10.367898,10.117652,9.503188,8.712925,7.834949,6.901995,5.936278,4.956491,3.967784,2.976189,1.98325,0.990859919,-0.000231362697,-0.988554158,-1.972987,-2.952435,-3.928504],"unit":"mW\/cm2"},"I":{"value":[-0.008588999,-0.008938126000000001,-0.007499041,-0.006046828,-0.004687032999999999,-0.0034497300000000002,-0.002364389,-0.001457797,-0.0006532464,0.0002077557,0.0009575542000000001,0.001403043,0.001619119,0.0017236959999999998,0.0017809219999999999,0.001814138,0.001835262,0.001847664,0.00185404,0.001857657,0.00185884,0.00185911,0.001858396,0.00185713,0.001855653,0.001853498,0.001848964,0.00184468,0.001840644],"unit":"A"},"power":{"value":[-10.240457,-10.278854,-8.24893,-6.349157,-4.687047,-3.277245,-2.127958,-1.239127,-0.522601431,0.155818105,0.670290238,0.911976687,0.971472048,0.948024009,0.890448712,0.816401104,0.734134715,0.646716951,0.556229243,0.464423167,0.371781384,0.278868917,0.185830568,0.092843574,-2.1678685e-5,-0.092627525,-0.184868887,-0.276643155,-0.368100822],"unit":"mW"},"resistance":{"value":[-138.814314,-128.662429,-146.685156,-173.64443,-213.355229,-275.383958,-380.649462,-583.071511,-1224.663,3610.04,731.031622,463.278103,370.572144,319.078828,280.749578,248.063543,217.961414,189.438502,161.813823,134.580711,107.597857,80.684467,53.807229,26.919516,-0.006295633,-26.96223,-54.076294,-81.297623,-108.649364],"unit":"ohms"},"conductance":{"value":[-0.007203868,-0.007772277,-0.006817322,-0.005758895,-0.004687019,-0.003631294,-0.002627089,-0.001715055,-0.000816551263,0.000277005236,0.00136793,0.002158531,0.00269853,0.003134022,0.003561893,0.004031225,0.004587968,0.005278758,0.006179942,0.007430485,0.009293865,0.012393959,0.018584863,0.037147771,-158.840266,-0.03708892,-0.018492392,-0.012300483,-0.009203919],"unit":"S"},"timestamps":{"value":[0.019,0.053,0.087,0.122,0.156,0.19,0.224,0.258,0.293,0.327,0.361,0.395,0.429,0.464,0.498,0.532,0.566,0.6,0.634,0.669,0.703,0.737,0.771,0.8050001,0.84,0.874,0.9080001,0.942,0.9770001],"unit":"s"},"sweep_direction":{"unit":"","value":"Reverse"},"p_max":{"unit":"mW","value":0.971},"v_p_max":{"unit":"V","value":0.6},"i_p_max":{"unit":"mA","value":1.619},"isc":{"unit":"mA","value":1.856},"voc":{"unit":"V","value":0.762},"jsc":{"unit":"mA\/cm2","value":19.804},"fill_factor":{"unit":"%","value":68.697},"efficiency":{"unit":"%","value":10.368},"r_s":{"unit":"ohms","value":48.012},"r_sh":{"unit":"ohms","value":2586.826},"temperature":{"unit":"oC","value":21.733},"cell_dimension":{"value":0.09370000027382352,"unit":"cm2"},"key":"Reverse_[G3#C3]_Group-3_Dynamic"},{"V":{"value":[1.188,1.15,1.1,1.05,1,0.95,0.9,0.85,0.8,0.75,0.7,0.65,0.6,0.55,0.5,0.45,0.4,0.35,0.3,0.25,0.2,0.15,0.1,0.05,0,-0.05,-0.1,-0.15,-0.2],"unit":"V"},"J":{"value":[-0.091848549,-0.096223202,-0.08002512299999999,-0.063673917,-0.048420107000000004,-0.034675027,-0.022862871,-0.013167289,-0.004193734,0.005173323,0.012401322999999999,0.016275645999999998,0.01801842,0.018828762000000002,0.019254439999999998,0.019492593,0.019625699,0.019731974,0.019762785,0.019776659999999998,0.019781708,0.019772231,0.01974873,0.019712433,0.019695155,0.019658463,0.019594269,0.01955461,0.019497267999999998],"unit":"A\/cm2"},"power_density":{"value":[-109.131047,-110.656971,-88.027715,-66.857676,-48.420397,-32.941345,-20.576705,-11.192208,-3.355027,3.880031,8.680965,10.579163,10.811076,10.355761,9.62711,8.7721,7.850609,6.90657,5.929051,4.944284,3.956484,2.965864,1.974758,0.985489197,-0.000220697405,-0.982425407,-1.959145,-2.932564,-3.899157],"unit":"mW\/cm2"},"I":{"value":[-0.008606209,-0.009016114,-0.007498354,-0.005966246,-0.004536964,-0.00324905,-0.002142251,-0.001233775,-0.0003929529,0.0004847404,0.0011620040000000001,0.001525028,0.001688326,0.001764255,0.001804141,0.0018264560000000002,0.0018389279999999999,0.001848886,0.001851773,0.001853073,0.001853546,0.0018526579999999999,0.001850456,0.0018470549999999998,0.001845436,0.001841998,0.001835983,0.001832267,0.001826894],"unit":"A"},"power":{"value":[-10.225579,-10.368558,-8.248197,-6.264564,-4.536991,-3.086604,-1.928037,-1.04871,-0.314366053,0.363558887,0.813406402,0.99126759,1.012998,0.970334781,0.902060216,0.821945747,0.735602094,0.647145599,0.555552084,0.463279368,0.370722546,0.277901479,0.18503483,0.092340338,-2.0679347e-5,-0.092053261,-0.183571862,-0.274781234,-0.365351031],"unit":"mW"},"resistance":{"value":[-138.058813,-127.54974,-146.698996,-175.990229,-220.413034,-292.393777,-420.121312,-688.943203,-2035.892,1547.235,602.410233,426.22142,355.382373,311.744561,277.137042,246.390934,217.527168,189.313565,162.012785,134.914275,107.905172,80.965564,54.037589,27.066482,-0.006072099,-27.130692,-54.458892,-81.848279,-109.467106],"unit":"ohms"},"conductance":{"value":[-0.00724329,-0.007840079,-0.006816679,-0.005682134,-0.004536937,-0.003420045,-0.002380265,-0.001451498,-0.000491185292,0.000646314156,0.001659998,0.002346198,0.002813871,0.003207754,0.003608323,0.004058591,0.004597127,0.005282242,0.006172352,0.007412114,0.009267396,0.01235093,0.018505637,0.036946066,-164.687698,-0.036858625,-0.018362474,-0.012217728,-0.009135164],"unit":"S"},"timestamps":{"value":[0.019,0.053,0.08800001,0.122,0.156,0.19,0.224,0.259,0.293,0.327,0.361,0.395,0.43,0.464,0.498,0.532,0.566,0.601,0.6350001,0.669,0.703,0.737,0.772,0.8060001,0.84,0.8750001,0.909,0.943,0.9770001],"unit":"s"},"sweep_direction":{"unit":"","value":"Reverse"},"p_max":{"unit":"mW","value":1.013},"v_p_max":{"unit":"V","value":0.6},"i_p_max":{"unit":"mA","value":1.688},"isc":{"unit":"mA","value":1.845},"voc":{"unit":"V","value":0.778},"jsc":{"unit":"mA\/cm2","value":19.695},"fill_factor":{"unit":"%","value":70.59},"efficiency":{"unit":"%","value":10.811},"r_s":{"unit":"ohms","value":46.526},"r_sh":{"unit":"ohms","value":3271.5},"temperature":{"unit":"oC","value":21.726},"cell_dimension":{"value":0.09369999955034673,"unit":"cm2"},"key":"Reverse_[G3#C2]_Group-3_Dynamic"},{"V":{"value":[0.557,0.523,0.507,0.498,0.491,0.486,0.482,0.479,0.476,0.474,0.472,0.471,0.469,0.468,0.467,0.45,0.4,0.35,0.3,0.25,0.2,0.15,0.1,0.05,0,-0.05,-0.1,-0.15,-0.2],"unit":"V"},"J":{"value":[-0.10655962599999999,-0.10672508,-0.106725187,-0.10672508,-0.10672508,-0.10672508,-0.106725187,-0.106725187,-0.1067254,-0.1067254,-0.106725507,-0.106725507,-0.106725614,-0.106725614,-0.10672572,-0.09965555000000001,-0.07844959400000001,-0.057614963000000005,-0.03830873,-0.021281227,-0.007046702,0.004047029000000001,0.011752679,0.016448485000000002,0.018967279,0.020200299,0.020773106,0.021172316,0.021850459],"unit":"A\/cm2"},"power_density":{"value":[-59.376953,-55.801998,-54.108752,-53.100252,-52.423231,-51.892519,-51.479417,-51.093381,-50.838804,-50.590817,-50.386745,-50.239207,-50.08839,-49.921087,-49.798648,-44.844928,-31.379995,-20.165755,-11.492837,-5.320394,-1.409405,0.607072129,1.175236,0.822341161,-0.000212541064,-1.009484,-2.077011,-3.175189,-4.369771],"unit":"mW\/cm2"},"I":{"value":[-0.009984637,-0.01000014,-0.01000015,-0.01000014,-0.01000014,-0.01000014,-0.01000015,-0.01000015,-0.010000170000000001,-0.010000170000000001,-0.010000180000000001,-0.010000180000000001,-0.010000189999999999,-0.010000189999999999,-0.010000199999999999,-0.009337725000000002,-0.007350727,-0.005398522,-0.0035895280000000002,-0.001994051,-0.000660276,0.00037920660000000003,0.001101226,0.001541223,0.001777234,0.001892768,0.00194644,0.001983846,0.0020473880000000002],"unit":"A"},"power":{"value":[-5.56362,-5.228647,-5.06999,-4.975494,-4.912057,-4.862329,-4.823621,-4.78745,-4.763596,-4.74036,-4.721238,-4.707414,-4.693282,-4.677606,-4.666133,-4.20197,-2.940306,-1.889531,-1.076879,-0.498520926,-0.132061209,0.056882659,0.110119605,0.077053367,-1.9915098e-5,-0.094588677,-0.194615971,-0.297515202,-0.409447503],"unit":"mW"},"resistance":{"value":[-55.807547,-52.285008,-50.69838,-49.753543,-49.119192,-48.621929,-48.234766,-47.873062,-47.63434,-47.401984,-47.21068,-47.072443,-46.931038,-46.774281,-46.659467,-48.191535,-54.416658,-64.834227,-83.578036,-125.374978,-302.917416,395.574339,90.805411,32.438492,-0.006305118,-26.402459,-51.368447,-75.595031,-97.678261],"unit":"ohms"},"conductance":{"value":[-0.017918723,-0.019125941,-0.019724496,-0.020099071,-0.020358641,-0.020566852,-0.020731934,-0.020888574,-0.020993258,-0.021096163,-0.021181648,-0.021243852,-0.02130786,-0.02137927,-0.021431878,-0.020750532,-0.018376726,-0.015423952,-0.011964866,-0.007976073,-0.00330123,0.00252797,0.01101256,0.030827574,-158.601315,-0.03787526,-0.019467203,-0.013228383,-0.010237692],"unit":"S"},"timestamps":{"value":[0.019,0.054,0.08800001,0.122,0.156,0.19,0.225,0.259,0.293,0.327,0.361,0.395,0.43,0.464,0.498,0.532,0.566,0.601,0.6350001,0.669,0.703,0.737,0.772,0.8060001,0.84,0.8750001,0.909,0.943,0.9770001],"unit":"s"},"sweep_direction":{"unit":"","value":"Reverse"},"p_max":{"unit":"mW","value":0.11},"v_p_max":{"unit":"V","value":0.1},"i_p_max":{"unit":"mA","value":1.101},"isc":{"unit":"mA","value":1.777},"voc":{"unit":"V","value":0.168},"jsc":{"unit":"mA\/cm2","value":18.967},"fill_factor":{"unit":"%","value":36.829},"efficiency":{"unit":"%","value":1.175},"r_s":{"unit":"ohms","value":30.941},"r_sh":{"unit":"ohms","value":291.749},"temperature":{"unit":"oC","value":21.723},"cell_dimension":{"value":0.09370000041103749,"unit":"cm2"},"key":"Reverse_[G3#C1]_Group-3_Dynamic"},{"V":{"value":[1.2,1.15,1.1,1.05,1,0.95,0.9,0.85,0.8,0.75,0.7,0.65,0.6,0.55,0.5,0.45,0.4,0.35,0.3,0.25,0.2,0.15,0.1,0.05,0,-0.05,-0.1,-0.15,-0.2],"unit":"V"},"J":{"value":[-0.04241159,-0.027180608,-0.014147396000000001,-0.0036303489999999997,0.004323723,0.009993698,0.013733874,0.016110491,0.017605774,0.018557215,0.019223116000000002,0.019681025,0.020015005,0.020278485,0.020482657,0.020628388,0.020773938000000002,0.020888346,0.020981398,0.021090075,0.021175934,0.021264685,0.021338878999999998,0.021404739,0.021458741,0.021529712,0.02153667,0.021583010000000003,0.02437715],"unit":"A\/cm2"},"power_density":{"value":[-50.89429,-31.258162,-15.562305,-3.811903,4.323783,9.494111,12.360642,13.694016,14.084829,13.91808,13.456274,12.792695,12.009053,11.153112,10.24123,9.283264,8.309964,7.311343,6.294684,5.272664,4.235369,3.18976,2.133815,1.070124,-0.000214878816,-1.075935,-2.153331,-3.236754,-4.875077],"unit":"mW\/cm2"},"I":{"value":[-0.003973966,-0.0025468229999999997,-0.0013256110000000002,-0.0003401637,0.0004051328,0.0009364095,0.001286864,0.0015095529999999998,0.001649661,0.001738811,0.001801206,0.001844112,0.0018754059999999998,0.001900094,0.0019192249999999999,0.0019328799999999999,0.001946518,0.001957238,0.001965957,0.00197614,0.0019841850000000003,0.0019925010000000003,0.001999453,0.002005624,0.002010684,0.002017334,0.0020179860000000003,0.002022328,0.002284139],"unit":"A"},"power":{"value":[-4.768795,-2.92889,-1.458188,-0.357175287,0.405138472,0.889598202,1.158192,1.283129,1.319748,1.304124,1.260853,1.198676,1.125248,1.045047,0.959603288,0.869841809,0.7786436,0.685072836,0.589811871,0.494048635,0.396854064,0.29888053,0.199938442,0.10027059,-2.0134145e-5,-0.100815137,-0.20176714,-0.303283879,-0.45679468],"unit":"mW"},"resistance":{"value":[-301.967606,-451.549637,-829.815081,-3086.779,2468.361,1014.524,699.383385,563.084635,484.955333,431.334458,388.631173,352.473982,319.932057,289.457943,260.519324,232.825473,205.504753,178.833744,152.603846,126.512747,100.801387,75.283626,50.011963,24.92726,-0.004980186,-24.772517,-49.546632,-74.155973,-87.553997],"unit":"ohms"},"conductance":{"value":[-0.003311613,-0.002214596,-0.001205088,-0.000323962343,0.000405127128,0.000985684042,0.001429831,0.001775932,0.002062046,0.002318387,0.002573134,0.002837089,0.003125664,0.003454733,0.003838487,0.004295063,0.004866068,0.005591786,0.006552915,0.007904342,0.009920498,0.013283101,0.019995216,0.040116724,-200.795719,-0.040367316,-0.020183007,-0.01348509,-0.011421523],"unit":"S"},"timestamps":{"value":[0.019,0.053,0.087,0.121,0.156,0.19,0.224,0.258,0.292,0.327,0.361,0.395,0.429,0.463,0.498,0.532,0.566,0.6,0.634,0.669,0.703,0.737,0.771,0.8050001,0.84,0.874,0.9080001,0.942,0.9770001],"unit":"s"},"sweep_direction":{"unit":"","value":"Reverse"},"p_max":{"unit":"mW","value":1.32},"v_p_max":{"unit":"V","value":0.8},"i_p_max":{"unit":"mA","value":1.65},"isc":{"unit":"mA","value":2.011},"voc":{"unit":"V","value":1.027},"jsc":{"unit":"mA\/cm2","value":21.459},"fill_factor":{"unit":"%","value":63.899},"efficiency":{"unit":"%","value":14.085},"r_s":{"unit":"ohms","value":60.089},"r_sh":{"unit":"ohms","value":2178.951},"temperature":{"unit":"oC","value":20.713},"cell_dimension":{"value":0.09370000040083383,"unit":"cm2"},"key":"Reverse_[G2#C4]_Group-2_Dynamic"},{"V":{"value":[1.2,1.15,1.1,1.05,1,0.95,0.9,0.85,0.8,0.75,0.7,0.65,0.6,0.55,0.5,0.45,0.4,0.35,0.3,0.25,0.2,0.15,0.1,0.05,0,-0.05,-0.1,-0.15,-0.2],"unit":"V"},"J":{"value":[-0.029862081,-0.017417224999999998,-0.005352133,0.0044947,0.011258762,0.015327108,0.017746948,0.019272849999999998,0.0202746,0.020976606000000002,0.021443682,0.021771355,0.021944428999999998,0.022080875,0.022144065999999997,0.022214781,0.022256958,0.0222927,0.02230952,0.022326830000000002,0.022327449000000003,0.022345422,0.022349968,0.022350864,0.022361259,0.022395432,0.022386073,0.022392945999999997,0.022409509],"unit":"A\/cm2"},"power_density":{"value":[-35.834886,-20.030192,-5.887432,4.719503,11.258976,14.560958,15.972508,16.382113,16.219984,15.732725,15.010768,14.151477,13.166728,12.144486,11.071976,9.997229,8.903264,7.802942,6.693179,5.581911,4.465731,3.351912,2.234952,1.117462,-0.000191928232,-1.119226,-2.238312,-3.358324,-4.481662],"unit":"mW\/cm2"},"I":{"value":[-0.002798077,-0.001631994,-0.0005014949,0.0004211534,0.001054946,0.00143615,0.001662889,0.001805866,0.0018997299999999999,0.001965508,0.002009273,0.0020399759999999998,0.002056193,0.002068978,0.002074899,0.002081525,0.002085477,0.0020888260000000002,0.002090402,0.002092024,0.002092082,0.002093766,0.002094192,0.002094276,0.00209525,0.0020984519999999998,0.002097575,0.0020982189999999997,0.002099771],"unit":"A"},"power":{"value":[-3.357729,-1.876829,-0.551652414,0.442217387,1.054966,1.364362,1.496624,1.535004,1.519812,1.474156,1.406509,1.325993,1.233722,1.137938,1.037444,0.93674037,0.834235846,0.731135681,0.627150911,0.523025037,0.418438994,0.314074113,0.209415012,0.104706219,-1.7983675e-5,-0.104871461,-0.209729791,-0.314674939,-0.419931732],"unit":"mW"},"resistance":{"value":[-428.870614,-704.672934,-2193.474,2493.189,947.933828,661.500122,541.235404,470.693783,421.12037,381.587305,348.389144,318.633356,291.802958,265.831826,240.974332,216.200142,191.813,167.568912,143.520002,119.505847,95.60371,71.643345,47.750159,23.872871,-0.004096441,-23.815474,-47.667802,-71.476047,-95.243386],"unit":"ohms"},"conductance":{"value":[-0.002331706,-0.001419098,-0.000455897823,0.000401092746,0.001054926,0.001511716,0.001847625,0.002124523,0.002374618,0.002620632,0.002870354,0.003138403,0.00342697,0.003761777,0.00414982,0.004625344,0.005213411,0.005967694,0.00696767,0.008367791,0.010459845,0.013958031,0.020942339,0.041888553,-244.114314,-0.041989506,-0.020978521,-0.013990701,-0.010499417],"unit":"S"},"timestamps":{"value":[0.019,0.054,0.08800001,0.122,0.156,0.19,0.225,0.259,0.293,0.327,0.361,0.396,0.43,0.464,0.498,0.532,0.566,0.601,0.6350001,0.669,0.703,0.737,0.772,0.8060001,0.84,0.8750001,0.909,0.943,0.9770001],"unit":"s"},"sweep_direction":{"unit":"","value":"Reverse"},"p_max":{"unit":"mW","value":1.535},"v_p_max":{"unit":"V","value":0.85},"i_p_max":{"unit":"mA","value":1.806},"isc":{"unit":"mA","value":2.095},"voc":{"unit":"V","value":1.073},"jsc":{"unit":"mA\/cm2","value":22.361},"fill_factor":{"unit":"%","value":68.287},"efficiency":{"unit":"%","value":16.382},"r_s":{"unit":"ohms","value":62.562},"r_sh":{"unit":"ohms","value":3208.269},"temperature":{"unit":"oC","value":20.72},"cell_dimension":{"value":0.09370000034491903,"unit":"cm2"},"key":"Reverse_[G2#C3]_Group-2_Dynamic"},{"V":{"value":[1.2,1.15,1.1,1.05,1,0.95,0.9,0.85,0.8,0.75,0.7,0.65,0.6,0.55,0.5,0.45,0.4,0.35,0.3,0.25,0.2,0.15,0.1,0.05,0,-0.05,-0.1,-0.15,-0.2],"unit":"V"},"J":{"value":[-0.033967267999999995,-0.01655667,-0.000445504162,0.011126969,0.017278367,0.020051942,0.0213454,0.021999296,0.022367866,0.022589018,0.02274793,0.022853362000000002,0.022925069,0.022980448,0.023000566,0.023030459,0.023053148,0.023053746,0.023078942999999998,0.023090085,0.023096883999999998,0.023110918,0.023120043,0.023127257000000002,0.023131708,0.023146158,0.023139424000000002,0.02313334,0.023144888000000002],"unit":"A\/cm2"},"power_density":{"value":[-40.760993,-19.040485,-0.490061261,11.683473,17.278661,19.049572,19.211138,18.699573,17.89459,16.942012,15.923719,14.854754,13.755115,12.639219,11.500184,10.364268,9.221711,8.069277,6.92399,5.772708,4.619619,3.466707,2.311958,1.156268,-0.000226116189,-1.156755,-2.313637,-3.469319,-4.62867],"unit":"mW\/cm2"},"I":{"value":[-0.0031827329999999997,-0.0015513600000000001,-4.174374e-5,0.001042597,0.001618983,0.001878867,0.002000064,0.002061334,0.0020958689999999998,0.002116591,0.002131481,0.00214136,0.0021480790000000002,0.0021532680000000003,0.002155153,0.002157954,0.00216008,0.002160136,0.002162497,0.0021635409999999997,0.002164178,0.002165493,0.0021663480000000002,0.002167024,0.002167441,0.002168795,0.0021681639999999998,0.0021675939999999997,0.002168676],"unit":"A"},"power":{"value":[-3.819305,-1.784093,-0.04591874,1.094741,1.619011,1.784945,1.800084,1.75215,1.676723,1.587467,1.492052,1.39189,1.288854,1.184295,1.077567,0.971131954,0.864074338,0.756091235,0.648777861,0.540902775,0.432858324,0.324830446,0.216630467,0.108342315,-2.1187087e-5,-0.108387937,-0.216787759,-0.325075156,-0.433706357],"unit":"mW"},"resistance":{"value":[-377.036968,-741.297313,-26351.616,1007.114,617.682212,505.629882,449.9921,412.358114,381.709592,354.348573,328.413624,303.546811,279.320826,255.425149,232.000095,208.542165,185.1874,162.036187,138.734666,115.555055,92.418692,69.269677,46.159712,23.071226,-0.004510001,-23.043261,-46.11588,-69.187542,-92.216034],"unit":"ohms"},"conductance":{"value":[-0.00265226,-0.001348986,-3.7948337e-5,0.000992936285,0.001618955,0.001977731,0.002222261,0.002425077,0.002619793,0.00282208,0.003044941,0.003294385,0.003580113,0.003915041,0.004310343,0.004795193,0.005399935,0.006171461,0.007208004,0.008653884,0.010820322,0.014436331,0.021663913,0.043344034,-221.72942,-0.043396635,-0.021684505,-0.014453469,-0.010844101],"unit":"S"},"timestamps":{"value":[0.019,0.054,0.08800001,0.122,0.156,0.19,0.225,0.259,0.293,0.327,0.361,0.396,0.43,0.464,0.498,0.532,0.566,0.601,0.6350001,0.669,0.703,0.737,0.772,0.8060001,0.84,0.8750001,0.909,0.943,0.9770001],"unit":"s"},"sweep_direction":{"unit":"","value":"Reverse"},"p_max":{"unit":"mW","value":1.8},"v_p_max":{"unit":"V","value":0.9},"i_p_max":{"unit":"mA","value":2},"isc":{"unit":"mA","value":2.167},"voc":{"unit":"V","value":1.098},"jsc":{"unit":"mA\/cm2","value":23.132},"fill_factor":{"unit":"%","value":75.632},"efficiency":{"unit":"%","value":19.211},"r_s":{"unit":"ohms","value":45.407},"r_sh":{"unit":"ohms","value":6135.638},"temperature":{"unit":"oC","value":20.71},"cell_dimension":{"value":0.09369999965849476,"unit":"cm2"},"key":"Reverse_[G2#C2]_Group-2_Dynamic"},{"V":{"value":[1.2,1.15,1.1,1.05,1,0.95,0.9,0.85,0.8,0.75,0.7,0.65,0.6,0.55,0.5,0.45,0.4,0.35,0.3,0.25,0.2,0.15,0.1,0.05,0,-0.05,-0.1,-0.15,-0.2],"unit":"V"},"J":{"value":[-0.035573501,-0.017201761000000003,-0.0008201204909999999,0.011044888000000001,0.017398335,0.020098420000000002,0.021234835,0.021795474999999998,0.022070918,0.02223968,0.022357887,0.022425507,0.022475987,0.022514226000000002,0.022542423,0.022558559,0.022592476,0.022588463,0.022603031000000003,0.022605752,0.022607439,0.022602476,0.022616980000000002,0.022610309000000002,0.022612914,0.022637759,0.022611878000000002,0.022608303,0.022601973999999997],"unit":"A\/cm2"},"power_density":{"value":[-42.688556,-19.782386,-0.902145662,11.597298,17.398648,19.093745,19.111646,18.526317,17.657028,16.679993,15.650697,14.576651,13.48566,12.382806,11.271119,10.151907,9.037429,7.906427,6.78121,5.651601,4.521716,3.390417,2.261631,1.130401,-0.000215653545,-1.131374,-2.2609,-3.39059,-4.520137],"unit":"mW\/cm2"},"I":{"value":[-0.003333237,-0.001611805,-7.684529e-5,0.0010349060000000002,0.001630224,0.001883222,0.001989704,0.002042236,0.002068045,0.002083858,0.0020949339999999997,0.00210127,0.002106,0.0021095830000000004,0.002112225,0.002113737,0.002116915,0.0021165389999999997,0.002117904,0.002118159,0.0021183169999999998,0.002117852,0.0021192109999999998,0.002118586,0.00211883,0.0021211579999999997,0.0021187330000000002,0.002118398,0.002117805],"unit":"A"},"power":{"value":[-3.999918,-1.85361,-0.084531049,1.086667,1.630253,1.789084,1.790761,1.735916,1.654464,1.562915,1.46647,1.365832,1.263606,1.160269,1.056104,0.951233648,0.846807068,0.740832251,0.635399368,0.529555001,0.423684795,0.317682036,0.211914827,0.105918601,-2.0206737e-5,-0.10600975,-0.211846329,-0.317698266,-0.423536857],"unit":"mW"},"resistance":{"value":[-360.013404,-713.498841,-14314.683,1014.599,613.423677,504.461078,452.335574,416.21414,386.845209,359.914399,334.143176,309.338257,284.901709,260.714653,236.715265,212.904728,188.963374,165.374038,141.65576,118.030422,94.419343,70.827423,47.185976,23.598263,-0.004500948,-23.561328,-47.192011,-70.794534,-94.432018],"unit":"ohms"},"conductance":{"value":[-0.002777674,-0.001401544,-6.9858338e-5,0.000985610682,0.001630195,0.001982313,0.002210748,0.002402609,0.002585013,0.002778438,0.002992729,0.003232707,0.003509982,0.003835611,0.004224485,0.004696937,0.005292031,0.006046898,0.007059367,0.008472392,0.01059105,0.014118825,0.021192737,0.042376,-222.175432,-0.042442429,-0.021190027,-0.014125384,-0.010589629],"unit":"S"},"timestamps":{"value":[0.019,0.053,0.08800001,0.122,0.156,0.19,0.224,0.259,0.293,0.327,0.361,0.395,0.43,0.464,0.498,0.532,0.566,0.6,0.6350001,0.669,0.703,0.737,0.771,0.8060001,0.84,0.874,0.9080001,0.943,0.9770001],"unit":"s"},"sweep_direction":{"unit":"","value":"Reverse"},"p_max":{"unit":"mW","value":1.791},"v_p_max":{"unit":"V","value":0.9},"i_p_max":{"unit":"mA","value":1.99},"isc":{"unit":"mA","value":2.119},"voc":{"unit":"V","value":1.097},"jsc":{"unit":"mA\/cm2","value":22.613},"fill_factor":{"unit":"%","value":77.074},"efficiency":{"unit":"%","value":19.112},"r_s":{"unit":"ohms","value":44.053},"r_sh":{"unit":"ohms","value":7726.879},"temperature":{"unit":"oC","value":20.708},"cell_dimension":{"value":0.09369999877155752,"unit":"cm2"},"key":"Reverse_[G2#C1]_Group-2_Dynamic"},{"V":{"value":[1.2,1.15,1.1,1.05,1,0.95,0.9,0.85,0.8,0.75,0.7,0.65,0.6,0.55,0.5,0.45,0.4,0.35,0.3,0.25,0.2,0.15,0.1,0.05,0,-0.05,-0.1,-0.15,-0.2],"unit":"V"},"J":{"value":[-0.030782839,-0.017918453,-0.00498366,0.006509756,0.014970736,0.019412977999999997,0.021229658000000002,0.021997983000000002,0.022358239000000002,0.022554312,0.022665783999999998,0.022732743,0.022781206000000002,0.022809808,0.022844055000000002,0.022879819000000003,0.022878291999999998,0.022894856,0.022919498,0.022932881999999998,0.022956553,0.022955123,0.022949082,0.022938645,0.022948879000000002,0.022980927999999998,0.022962700000000003,0.022975442999999998,0.022973991000000003],"unit":"A\/cm2"},"power_density":{"value":[-36.939807,-20.606633,-5.482105,6.835341,14.971021,18.442589,19.107024,18.698499,17.886915,16.915991,15.866244,14.776333,13.668803,12.545388,11.421968,10.296509,9.151784,8.013694,6.876177,5.73339,4.591536,3.443358,2.294868,1.146822,-0.000202443241,-1.148525,-2.296022,-3.44565,-4.594532],"unit":"mW\/cm2"},"I":{"value":[-0.0028843519999999997,-0.001678959,-0.00046696890000000004,0.0006099641,0.001402758,0.001818996,0.001989219,0.0020612110000000003,0.002094967,0.0021133389999999997,0.002123784,0.002130058,0.002134599,0.0021372789999999997,0.002140488,0.002143839,0.0021436959999999996,0.002145248,0.002147557,0.0021488109999999996,0.002151029,0.002150895,0.0021503290000000003,0.002149351,0.0021503100000000003,0.002153313,0.002151605,0.002152799,0.002152663],"unit":"A"},"power":{"value":[-3.46126,-1.930841,-0.513673262,0.640471454,1.402785,1.728071,1.790328,1.752049,1.676004,1.585028,1.486667,1.384542,1.280767,1.175503,1.070238,0.964782861,0.857522131,0.750883137,0.64429781,0.537218651,0.43022688,0.322642638,0.215029115,0.10745719,-1.8968932e-5,-0.10761677,-0.21513722,-0.322857419,-0.430507629],"unit":"mW"},"resistance":{"value":[-416.042494,-684.961932,-2355.652,1721.437,712.894883,522.273496,452.446714,412.383642,381.874512,354.894033,329.604423,305.157043,281.084878,257.336408,233.590378,209.915857,186.603138,163.161369,139.700273,116.346854,92.983312,69.740224,46.503693,23.260594,-0.004102426,-23.209492,-46.471904,-69.663262,-92.902791],"unit":"ohms"},"conductance":{"value":[-0.002403601,-0.001459935,-0.000424511007,0.000580909892,0.001402731,0.001914706,0.002210205,0.002424926,0.002618661,0.002817743,0.00303394,0.003277001,0.003557644,0.003885964,0.004280998,0.004763814,0.005358967,0.006128902,0.007158182,0.00859499,0.010754618,0.014338927,0.021503668,0.042991164,-243.758224,-0.043085821,-0.021518378,-0.014354769,-0.010763939],"unit":"S"},"timestamps":{"value":[0.019,0.053,0.087,0.121,0.156,0.19,0.224,0.258,0.292,0.327,0.361,0.395,0.429,0.463,0.497,0.532,0.566,0.6,0.634,0.668,0.703,0.737,0.771,0.8050001,0.839,0.874,0.9080001,0.942,0.9760001],"unit":"s"},"sweep_direction":{"unit":"","value":"Reverse"},"p_max":{"unit":"mW","value":1.79},"v_p_max":{"unit":"V","value":0.9},"i_p_max":{"unit":"mA","value":1.989},"isc":{"unit":"mA","value":2.15},"voc":{"unit":"V","value":1.078},"jsc":{"unit":"mA\/cm2","value":22.949},"fill_factor":{"unit":"%","value":77.211},"efficiency":{"unit":"%","value":19.107},"r_s":{"unit":"ohms","value":50.459},"r_sh":{"unit":"ohms","value":6356.916},"temperature":{"unit":"oC","value":20.699},"cell_dimension":{"value":0.09369999953545545,"unit":"cm2"},"key":"Reverse_[G1#C4]_Group-1_Dynamic"},{"V":{"value":[1.2,1.15,1.1,1.05,1,0.95,0.9,0.85,0.8,0.75,0.7,0.65,0.6,0.55,0.5,0.45,0.4,0.35,0.3,0.25,0.2,0.15,0.1,0.05,0,-0.05,-0.1,-0.15,-0.2],"unit":"V"},"J":{"value":[-0.042460576,-0.029090406000000003,-0.015551163000000002,-0.002056345,0.010495896,0.017795977,0.020694642000000003,0.021878645,0.022461290999999998,0.022758814999999998,0.022940191999999998,0.023050181,0.023113575,0.023164621,0.023180928,0.023204461,0.023229552,0.023229465999999997,0.023232038,0.023243084,0.023252188,0.023259253,0.023276105000000002,0.023274237,0.023294674,0.023296937,0.023288474,0.023263981,0.023282743],"unit":"A\/cm2"},"power_density":{"value":[-50.952989,-33.454548,-17.106528,-2.159195,10.496096,16.906425,18.625501,18.597071,17.969386,17.069382,16.058327,14.982731,13.86827,12.740551,11.59042,10.442629,9.292315,8.130838,6.969981,5.81101,4.65071,3.489007,2.327569,1.163622,-0.000199939799,-1.164279,-2.328557,-3.488911,-4.656267],"unit":"mW\/cm2"},"I":{"value":[-0.003978556,-0.002725771,-0.001457144,-0.0001926795,0.0009834655,0.001667483,0.0019390879999999998,0.002050029,0.0021046230000000003,0.002132501,0.002149496,0.002159802,0.002165742,0.002170525,0.002172053,0.002174258,0.002176609,0.002176601,0.002176842,0.002177877,0.00217873,0.002179392,0.002180971,0.002180796,0.002182711,0.0021829230000000002,0.00218213,0.002179835,0.002181593],"unit":"A"},"power":{"value":[-4.774295,-3.134691,-1.602882,-0.202316558,0.983484186,1.584132,1.745209,1.742546,1.683731,1.599401,1.504665,1.403882,1.299457,1.19379,1.086022,0.97847437,0.870689962,0.761859541,0.653087212,0.544491682,0.435771491,0.326919915,0.218093261,0.109031382,-1.8734359e-5,-0.109092952,-0.218185745,-0.326910945,-0.436292203],"unit":"mW"},"resistance":{"value":[-301.618728,-421.906316,-754.912349,-5449.547,1016.832,569.729287,464.143762,414.633256,380.123043,351.705298,325.661643,300.955782,277.043803,253.3951,230.196086,206.979484,183.781883,160.811559,137.821624,114.795418,91.801967,68.828875,45.85033,22.925638,-0.003932297,-22.893904,-45.82106,-68.799015,-91.670582],"unit":"ohms"},"conductance":{"value":[-0.003315444,-0.002370194,-0.001324657,-0.00018350149,0.000983446815,0.00175522,0.002154505,0.00241177,0.002630727,0.00284329,0.003070672,0.003322747,0.003609538,0.003946406,0.004344123,0.004831397,0.005441233,0.006218458,0.007255755,0.008711149,0.010893013,0.014528786,0.021810094,0.043619287,-254.304259,-0.04367975,-0.021824026,-0.014535092,-0.010908625],"unit":"S"},"timestamps":{"value":[0.019,0.053,0.087,0.121,0.155,0.19,0.224,0.258,0.292,0.326,0.361,0.395,0.429,0.463,0.497,0.532,0.566,0.6,0.634,0.668,0.703,0.737,0.771,0.8050001,0.839,0.874,0.9080001,0.942,0.9760001],"unit":"s"},"sweep_direction":{"unit":"","value":"Reverse"},"p_max":{"unit":"mW","value":1.745},"v_p_max":{"unit":"V","value":0.9},"i_p_max":{"unit":"mA","value":1.939},"isc":{"unit":"mA","value":2.183},"voc":{"unit":"V","value":1.042},"jsc":{"unit":"mA\/cm2","value":23.295},"fill_factor":{"unit":"%","value":76.746},"efficiency":{"unit":"%","value":18.626},"r_s":{"unit":"ohms","value":42.767},"r_sh":{"unit":"ohms","value":3986.49},"temperature":{"unit":"oC","value":20.726},"cell_dimension":{"value":0.09370000067827625,"unit":"cm2"},"key":"Reverse_[G1#C3]_Group-1_Dynamic"},{"V":{"value":[1.2,1.15,1.1,1.05,1,0.95,0.9,0.85,0.8,0.75,0.7,0.65,0.6,0.55,0.5,0.45,0.4,0.35,0.3,0.25,0.2,0.15,0.1,0.05,0,-0.05,-0.1,-0.15,-0.2],"unit":"V"},"J":{"value":[-0.038898399,-0.02541809,-0.011626286,0.001818316,0.013031622,0.018889989,0.021144322,0.022030683,0.022419989,0.022622273,0.022748857999999997,0.022819434,0.022873703,0.02290191,0.022927652,0.022965304,0.022970171,0.022980075,0.022989274,0.022990406,0.022998282,0.022994162,0.023013426,0.023005998000000003,0.023012080999999997,0.023032017,0.023016948,0.023021899999999998,0.023024098],"unit":"A\/cm2"},"power_density":{"value":[-46.678429,-29.231311,-12.789112,1.909261,13.03187,17.945762,19.030216,18.726299,17.936348,16.96697,15.924408,14.832737,13.724346,12.596044,11.463755,10.334975,9.188553,8.043545,6.89712,5.747811,4.599898,3.44923,2.301286,1.150217,-0.000208487292,-1.151067,-2.301374,-3.452606,-4.604569],"unit":"mW\/cm2"},"I":{"value":[-0.00364478,-0.002381675,-0.001089383,0.0001703762,0.001221063,0.001769992,0.001981223,0.002064275,0.002100753,0.002119707,0.002131568,0.002138181,0.002143266,0.002145909,0.0021483210000000003,0.002151849,0.002152305,0.002153233,0.002154095,0.002154201,0.0021549390000000002,0.002154553,0.002156358,0.002155662,0.002156232,0.0021581,0.002156688,0.002157152,0.002157358],"unit":"A"},"power":{"value":[-4.373769,-2.738974,-1.19834,0.178897736,1.221086,1.681518,1.783131,1.754654,1.680636,1.589805,1.492117,1.389827,1.285971,1.180249,1.074154,0.968387137,0.860967414,0.753680213,0.646260165,0.538569853,0.431010427,0.323192861,0.215630452,0.107775297,-1.9535259e-5,-0.107854997,-0.215638779,-0.323509164,-0.431448085],"unit":"mW"},"resistance":{"value":[-329.240448,-482.861851,-1009.761,6162.927,818.974123,536.733725,454.272639,411.771639,380.8234,353.828005,328.401017,303.998866,279.949106,256.301502,232.73845,209.134377,185.85707,162.556769,139.276448,116.056533,92.814924,69.622144,46.373339,23.193052,-0.004201731,-23.157792,-46.360939,-69.522454,-92.700933],"unit":"ohms"},"conductance":{"value":[-0.003037294,-0.002070986,-0.000990332877,0.000162260575,0.00122104,0.001863121,0.002201321,0.002428531,0.002625889,0.002826232,0.003045058,0.003289486,0.003572078,0.003901655,0.004296669,0.004781615,0.005380479,0.006151697,0.007179965,0.00861649,0.010774129,0.014363246,0.021564115,0.043116362,-237.997171,-0.043182011,-0.021569883,-0.014383842,-0.010787378],"unit":"S"},"timestamps":{"value":[0.019,0.053,0.087,0.121,0.155,0.19,0.224,0.258,0.292,0.326,0.36,0.395,0.429,0.463,0.497,0.531,0.566,0.6,0.634,0.668,0.702,0.737,0.771,0.8050001,0.839,0.874,0.9080001,0.942,0.9760001],"unit":"s"},"sweep_direction":{"unit":"","value":"Reverse"},"p_max":{"unit":"mW","value":1.783},"v_p_max":{"unit":"V","value":0.9},"i_p_max":{"unit":"mA","value":1.981},"isc":{"unit":"mA","value":2.156},"voc":{"unit":"V","value":1.057},"jsc":{"unit":"mA\/cm2","value":23.012},"fill_factor":{"unit":"%","value":78.254},"efficiency":{"unit":"%","value":19.03},"r_s":{"unit":"ohms","value":44.097},"r_sh":{"unit":"ohms","value":5647.721},"temperature":{"unit":"oC","value":20.731},"cell_dimension":{"value":0.09370000035219958,"unit":"cm2"},"key":"Reverse_[G1#C2]_Group-1_Dynamic"},{"V":{"value":[1.2,1.15,1.1,1.05,1,0.95,0.9,0.85,0.8,0.75,0.7,0.65,0.6,0.55,0.5,0.45,0.4,0.35,0.3,0.25,0.2,0.15,0.1,0.05,0,-0.05,-0.1,-0.15,-0.2],"unit":"V"},"J":{"value":[-0.043133725,-0.032327951,-0.018814867,-0.007595279,0.002576315,0.012203511,0.017894589,0.020235261,0.021138911,0.021543927,0.021720864,0.021834002,0.021890213,0.021928815,0.021964578,0.021986553,0.022003191000000002,0.021998794,0.02200905,0.021996393,0.021986094,0.021999723,0.021992892,0.021994674,0.022026744999999997,0.022031814,0.022019072,0.022016169000000002,0.022035923],"unit":"A\/cm2"},"power_density":{"value":[-51.760728,-37.177758,-20.696617,-7.975149,2.576364,11.593502,16.105406,17.200173,16.911455,16.158223,15.204825,14.192182,13.134235,12.060884,10.982243,9.894542,8.801714,7.700079,6.603065,5.499298,4.397461,3.30006,2.199251,1.099638,-0.000189057072,-1.101106,-2.201627,-3.301771,-4.406903],"unit":"mW\/cm2"},"I":{"value":[-0.004041629999999999,-0.003029129,-0.001762953,-0.0007116776000000001,0.0002414007,0.001143469,0.001676723,0.0018960440000000002,0.001980716,0.002018666,0.002035245,0.002045846,0.002051113,0.0020547300000000003,0.0020580810000000002,0.0020601400000000002,0.0020616989999999997,0.002061287,0.002062248,0.0020610620000000002,0.002060097,0.002061374,0.0020607340000000003,0.002060901,0.002063906,0.002064381,0.002063187,0.002062915,0.002064766],"unit":"A"},"power":{"value":[-4.84998,-3.483556,-1.939273,-0.747271443,0.241405287,1.086311,1.509077,1.611656,1.584603,1.514026,1.424692,1.329807,1.230678,1.130105,1.029036,0.927118624,0.824720628,0.721497447,0.61870719,0.515284256,0.412042061,0.309215582,0.206069773,0.103036106,-1.7714648e-5,-0.103173675,-0.206292436,-0.309375981,-0.412926771],"unit":"mW"},"resistance":{"value":[-296.911395,-379.653359,-623.961047,-1475.407,4142.569,830.817101,536.770474,448.307054,403.902124,371.538878,343.943899,317.718782,292.526497,267.67585,242.943742,218.444863,194.024394,169.807892,145.48003,121.301106,97.088147,72.769231,48.525545,24.259127,-0.004158653,-24.209688,-48.462534,-72.698245,-96.857077],"unit":"ohms"},"conductance":{"value":[-0.003368008,-0.002633982,-0.001602664,-0.000677779153,0.000241396113,0.001203634,0.001862994,0.002230614,0.002475847,0.002691508,0.002907451,0.003147437,0.003418494,0.003735862,0.004116179,0.004577814,0.005153991,0.005889008,0.006873796,0.008243948,0.010299919,0.013742072,0.020607703,0.041221598,-240.462473,-0.041305778,-0.020634497,-0.01375549,-0.010324491],"unit":"S"},"timestamps":{"value":[0.019,0.053,0.087,0.122,0.156,0.19,0.224,0.258,0.292,0.327,0.361,0.395,0.429,0.463,0.498,0.532,0.566,0.6,0.634,0.669,0.703,0.737,0.771,0.8050001,0.84,0.874,0.9080001,0.942,0.9770001],"unit":"s"},"sweep_direction":{"unit":"","value":"Reverse"},"p_max":{"unit":"mW","value":1.612},"v_p_max":{"unit":"V","value":0.85},"i_p_max":{"unit":"mA","value":1.896},"isc":{"unit":"mA","value":2.064},"voc":{"unit":"V","value":1.013},"jsc":{"unit":"mA\/cm2","value":22.027},"fill_factor":{"unit":"%","value":77.11},"efficiency":{"unit":"%","value":17.2},"r_s":{"unit":"ohms","value":50.381},"r_sh":{"unit":"ohms","value":5331.647},"temperature":{"unit":"oC","value":20.68},"cell_dimension":{"value":0.09369999924652923,"unit":"cm2"},"key":"Reverse_[G1#C1]_Group-1_Dynamic"}]}}