{"_id":"65670aa7a4d59d307a7a8be0","id":"CNU_HEMD-SC-00131","author":112,"group":9,"input":[{"tco":{"unit":null,"value":"ITO"}},{"etl":[{"material":{"unit":null,"value":"SnCl2\u22192H2O"},"concentration":{"unit":null,"value":"7.5"},"conc_unit":{"unit":null,"value":"mg\/ml"},"quantity":{"unit":"ml","value":"0.1"}}],"solvent":[{"material":{"unit":null,"value":"IPA"},"volume":{"unit":"ml","value":"1"}}],"spin_coating":[{"type":{"unit":null,"value":"drop&run"},"rpm":{"unit":null,"value":"3000"},"time":{"unit":"s","value":"30"}}],"annealing":[{"temperature":{"unit":"oC","value":"195"},"time":{"unit":"m","value":"1"}}]},{"etl":[{"material":{"unit":null,"value":"SnO2"},"concentration":{"unit":null,"value":"15"},"conc_unit":{"unit":null,"value":"wt%"},"quantity":{"unit":"ml","value":"0.01"}}],"solvent":[{"material":{"unit":null,"value":"DI-Water"},"volume":{"unit":"ml","value":"0.05"}}],"spin_coating":[{"type":{"unit":null,"value":"drop&run"},"rpm":{"unit":null,"value":"3000"},"time":{"unit":"s","value":"30"}}],"annealing":[{"temperature":{"unit":"oC","value":"105"},"time":{"unit":"m","value":"30"}}]},{"perovskite":{"method":{"unit":null,"value":"1step"},"molarity":{"unit":"M","value":"1.27M"},"a_site":[{"material":{"unit":null,"value":"FA"},"ratio":{"unit":"%","value":"97"}},{"material":{"unit":null,"value":"MA"},"ratio":{"unit":"%","value":"3"}}],"b_site":[{"material":{"unit":null,"value":"Pb"},"ratio":{"unit":"%","value":"110"}}],"x_site":[{"material":{"unit":null,"value":"I"},"ratio":{"unit":"%","value":"97"}},{"material":{"unit":null,"value":"Br"},"ratio":{"unit":"%","value":"3"}}],"solvent":[{"material":{"unit":null,"value":"DMF"},"volume":{"unit":"ml","value":"0.88"}},{"material":{"unit":null,"value":"DMSO"},"volume":{"unit":"ml","value":"0.11"}}],"additive":[{"material":{"unit":null,"value":"MACl"},"solvent":{"unit":null,"value":"DMF+DMSO"},"concentration":{"unit":null,"value":"0.167"},"conc_unit":{"unit":null,"value":"M"},"quantity":{"unit":"mol%","value":"44"}}],"antisolvent":[{"material":{"unit":null,"value":"DEE"},"quantity":{"unit":"ul","value":"1000"},"dripping_time":{"unit":"s","value":"12"}}],"spin_coating":[{"type":{"unit":null,"value":"drop&run"},"rpm":{"unit":null,"value":"5000"},"time":{"unit":"s","value":"14"}}],"annealing":[{"temperature":{"unit":"oC","value":"105"},"time":{"unit":"m","value":"60"}}],"atmosphere":[{"type":{"unit":null,"value":"air"},"temperature":{"unit":"oC","value":"22"},"humidity":{"unit":"RH%","value":"18"}}]}},{"htl":[{"material":{"unit":null,"value":"Spiro-OMeTAD_Lumtec"},"concentration":{"unit":null,"value":"0.091"},"conc_unit":{"unit":null,"value":"mg\/ml"},"quantity":{"unit":"ml","value":"0.08"}}],"solvent":[{"material":{"unit":null,"value":"CB"},"volume":{"unit":"ml","value":"1"}}],"htl_doping":[{"material":{"unit":null,"value":"tBP"},"volume":{"unit":"ul","value":"0.0354"}},{"material":{"unit":null,"value":"Li-TFSI"},"volume":{"unit":"ul","value":"0.0209"}},{"material":{"unit":null,"value":"Co-TFSI"},"volume":{"unit":"ul","value":"0.00909"}}],"spin_coating":[{"type":{"unit":null,"value":"dynamic"},"rpm":{"unit":null,"value":"3000"},"time":{"unit":"s","value":"30"}}]},{"anode_metal":{"unit":null,"value":"Ag"}},{"type":{"unit":null,"value":"unit_cell"},"device_type":{"unit":null,"value":"n-i-p"},"cell_dimension":{"unit":"cm2","value":"0.0937"}}],"fileinfo":[{"key":"Reverse_[G3#C1]_Group-3_Dynamic","uploadType":"JV","original_name":"[G3#C1]_Group-3_Dynamic-IV_[231122_142305].csv","save_name":"CNU_HEMD-SC-00131\/Reverse_[G3#C1]_Group-3_Dynamic","uploader":112,"fileType":""},{"key":"Reverse_[G3#C2]_Group-3_Dynamic","uploadType":"JV","original_name":"[G3#C2]_Group-3_Dynamic-IV_[231122_142305].csv","save_name":"CNU_HEMD-SC-00131\/Reverse_[G3#C2]_Group-3_Dynamic","uploader":112,"fileType":""},{"key":"Reverse_[G3#C3]_Group-3_Dynamic","uploadType":"JV","original_name":"[G3#C3]_Group-3_Dynamic-IV_[231122_142305].csv","save_name":"CNU_HEMD-SC-00131\/Reverse_[G3#C3]_Group-3_Dynamic","uploader":112,"fileType":""},{"key":"Reverse_[G3#C4]_Group-3_Dynamic","uploadType":"JV","original_name":"[G3#C4]_Group-3_Dynamic-IV_[231122_142305].csv","save_name":"CNU_HEMD-SC-00131\/Reverse_[G3#C4]_Group-3_Dynamic","uploader":112,"fileType":""},{"key":"Reverse_[G4#C1]_Group-4_Dynamic","uploadType":"JV","original_name":"[G4#C1]_Group-4_Dynamic-IV_[231122_142305].csv","save_name":"CNU_HEMD-SC-00131\/Reverse_[G4#C1]_Group-4_Dynamic","uploader":112,"fileType":""},{"key":"Reverse_[G4#C2]_Group-4_Dynamic","uploadType":"JV","original_name":"[G4#C2]_Group-4_Dynamic-IV_[231122_142305].csv","save_name":"CNU_HEMD-SC-00131\/Reverse_[G4#C2]_Group-4_Dynamic","uploader":112,"fileType":""},{"key":"Reverse_[G4#C3]_Group-4_Dynamic","uploadType":"JV","original_name":"[G4#C3]_Group-4_Dynamic-IV_[231122_142305].csv","save_name":"CNU_HEMD-SC-00131\/Reverse_[G4#C3]_Group-4_Dynamic","uploader":112,"fileType":""},{"key":"Reverse_[G4#C4]_Group-4_Dynamic","uploadType":"JV","original_name":"[G4#C4]_Group-4_Dynamic-IV_[231122_142305].csv","save_name":"CNU_HEMD-SC-00131\/Reverse_[G4#C4]_Group-4_Dynamic","uploader":112,"fileType":""}],"jvcnt":8,"updated_at":"2024-08-30 12:14:44","created_at":"2023-11-29 09:55:51","analysisInfo":{"JV":[{"efficiency":10.776,"fill_factor":58.393,"jsc":23.246,"voc":0.794,"key":"Reverse_[G4#C4]_Group-4_Dynamic","cell_dimension":0.09369999844637569},{"efficiency":10.315,"fill_factor":51.784,"jsc":23.537,"voc":0.846,"key":"Reverse_[G4#C3]_Group-4_Dynamic","cell_dimension":0.0936999989574947},{"efficiency":18.781,"fill_factor":79.504,"jsc":23.512,"voc":1.005,"key":"Reverse_[G4#C2]_Group-4_Dynamic","cell_dimension":0.09370000162046477},{"efficiency":0.215,"fill_factor":18.288,"jsc":18.159,"voc":0.065,"key":"Reverse_[G4#C1]_Group-4_Dynamic","cell_dimension":0.09369999989960161},{"efficiency":19.834,"fill_factor":81.557,"jsc":23.254,"voc":1.046,"key":"Reverse_[G3#C4]_Group-3_Dynamic","cell_dimension":0.0937000006817332},{"efficiency":19.712,"fill_factor":81.537,"jsc":23.296,"voc":1.038,"key":"Reverse_[G3#C3]_Group-3_Dynamic","cell_dimension":0.09369999991737935},{"efficiency":18.345,"fill_factor":77.21,"jsc":23.235,"voc":1.023,"key":"Reverse_[G3#C2]_Group-3_Dynamic","cell_dimension":0.09369999927783149},{"efficiency":19.615,"fill_factor":81.32,"jsc":23.1,"voc":1.044,"key":"Reverse_[G3#C1]_Group-3_Dynamic","cell_dimension":0.09370000047370539}]},"public":2,"tags":[],"analysis":{"JV":[{"V":{"value":[1.2,1.15,1.1,1.05,1,0.95,0.9,0.85,0.8,0.648,0.701,0.65,0.6,0.55,0.5,0.45,0.4,0.35,0.3,0.25,0.2,0.15,0.1,0.05,0,-0.05,-0.1,-0.15,-0.2],"unit":"V"},"J":{"value":[-0.021819947,-0.021469957,-0.016679979,-0.012219349,-0.007274852,-0.003536581,-0.0010883050000000001,0.00038087812199999997,0.001103235,-0.000987877801,-0.06570123800000001,0.006958321,0.012047343,0.019031974,0.021552796,0.022550052999999997,0.022958089999999997,0.020726051,0.013676862,0.015600299,0.019755987000000003,0.021347044,0.022031558,0.022642348,0.023246489000000002,0.023459413000000002,0.023406756,0.023424664,0.059973095000000004],"unit":"A\/cm2"},"power_density":{"value":[-26.183849,-24.69073,-18.34816,-12.830414,-7.275164,-3.359757,-0.979587673,0.32374747,0.88259677,-0.640450564,-46.028415,4.522848,7.229048,10.467449,10.776198,10.147971,9.183578,7.254394,4.103127,3.900246,3.951231,3.202003,2.202991,1.131873,-0.000338086007,-1.172449,-2.3404,-3.511144,-11.993408],"unit":"mW\/cm2"},"I":{"value":[-0.002044529,-0.0020117349999999997,-0.0015629139999999999,-0.0011449530000000002,-0.0006816535999999999,-0.0003313776,-0.0001019742,3.568828e-5,0.0001033731,-9.256415e-5,-0.006156206,0.0006519947000000001,0.001128836,0.001783296,0.002019497,0.0021129400000000002,0.002151173,0.001942031,0.001281522,0.0014617480000000001,0.001851136,0.002000218,0.002064357,0.002121588,0.002178196,0.002198147,0.0021932130000000003,0.002194891,0.005619479],"unit":"A"},"power":{"value":[-2.453427,-2.313521,-1.719223,-1.20221,-0.681682911,-0.314809217,-0.091787365,0.030335138,0.082699317,-0.060010218,-4.312862,0.423790883,0.677361767,0.98079996,1.00973,0.950864836,0.860501252,0.679736679,0.384463008,0.365453079,0.370230347,0.300027699,0.206420238,0.106056529,-3.1678659e-5,-0.109858507,-0.219295464,-0.328994187,-1.123782],"unit":"mW"},"resistance":{"value":[-586.930291,-571.65233,-703.820556,-917.075199,-1467.084,-2866.825,-8826.78,23817.421,7739.036,-7003.894,-113.79923,996.927276,531.568182,308.413634,247.581799,212.982763,185.95199,180.230542,234.100546,171.035637,108.042683,74.990576,48.437606,23.562171,-0.006676869,-22.736323,-45.589836,-68.290817,-35.586893],"unit":"ohms"},"conductance":{"value":[-0.00170378,-0.001749315,-0.001420817,-0.001090423,-0.00068162429,-0.000348817976,-0.0001132916,4.1986073e-5,0.000129215067,-0.000142777717,-0.008787406,0.001003082,0.001881226,0.003242399,0.004039069,0.004695216,0.005377732,0.005548449,0.004271669,0.005846735,0.009255601,0.013335009,0.020645116,0.04244091,-149.770792,-0.043982486,-0.021934714,-0.014643257,-0.028100233],"unit":"S"},"timestamps":{"value":[0.019,0.053,0.087,0.122,0.156,0.19,0.224,0.258,0.293,0.327,0.361,0.395,0.429,0.464,0.498,0.532,0.566,0.6,0.634,0.669,0.703,0.737,0.771,0.8050001,0.84,0.874,0.9080001,0.943,0.9770001],"unit":"s"},"sweep_direction":{"unit":"","value":"Reverse"},"p_max":{"unit":"mW","value":1.01},"v_p_max":{"unit":"V","value":0.5},"i_p_max":{"unit":"mA","value":2.019},"isc":{"unit":"mA","value":2.178},"voc":{"unit":"V","value":0.794},"jsc":{"unit":"mA\/cm2","value":23.246},"fill_factor":{"unit":"%","value":58.393},"efficiency":{"unit":"%","value":10.776},"r_s":{"unit":"ohms","value":40.083},"r_sh":{"unit":"ohms","value":116.511},"temperature":{"unit":"oC","value":100},"cell_dimension":{"value":0.09369999844637569,"unit":"cm2"},"key":"Reverse_[G4#C4]_Group-4_Dynamic"},{"V":{"value":[1.2,1.15,1.1,1.05,1,0.95,0.9,0.85,0.8,0.75,0.7,0.65,0.6,0.55,0.5,0.45,0.4,0.35,0.3,0.25,0.2,0.15,0.1,0.05,0,-0.05,-0.1,-0.15,-0.2],"unit":"V"},"J":{"value":[-0.021198933,-0.018055091000000002,-0.013377609,-0.009406696,-0.006042226,-0.003174448,-0.001174719,-4.7729039e-5,0.000595966916,0.00125487,0.002811998,0.006786687,0.012642689,0.01764333,0.02063063,0.022074472,0.022745443,0.02306937,0.023242551,0.023358324,0.023426147,0.023463821,0.023492412,0.023526062,0.023537097,0.023573042000000002,0.023589317000000002,0.023592476,0.023607204],"unit":"A\/cm2"},"power_density":{"value":[-25.438889,-20.763661,-14.715504,-9.877115,-6.042293,-3.015746,-1.057257,-0.040569927,0.476777228,0.941158622,1.968407,4.411336,7.585582,9.703674,10.315109,9.933914,9.0985,8.074658,6.972981,5.83967,4.685375,3.519547,2.349065,1.176061,-0.000347924193,-1.178123,-2.358637,-3.538182,-4.721155],"unit":"mW\/cm2"},"I":{"value":[-0.00198634,-0.001691762,-0.001253482,-0.0008814074,-0.0005661566,-0.00029744579999999997,-0.0001100712,-4.472211e-6,5.58421e-5,0.0001175813,0.0002634842,0.0006359126000000001,0.00118462,0.0016531800000000002,0.00193309,0.002068378,0.0021312479999999996,0.0021616,0.0021778270000000002,0.0021886749999999997,0.00219503,0.00219856,0.0022012390000000002,0.002204392,0.002205426,0.002208794,0.002210319,0.0022106150000000004,0.002211995],"unit":"A"},"power":{"value":[-2.383624,-1.945555,-1.378843,-0.925485703,-0.566162828,-0.282575443,-0.099064983,-0.003801402,0.044674026,0.088186563,0.184439704,0.413342173,0.710769038,0.909234287,0.966525669,0.930807744,0.852529464,0.75659545,0.653368354,0.547177067,0.439019609,0.329781582,0.220107413,0.110196895,-3.2600497e-5,-0.11039009,-0.221004293,-0.3315277,-0.442372235],"unit":"mW"},"resistance":{"value":[-604.130209,-679.774696,-877.563459,-1191.287,-1766.315,-3193.881,-8176.6,-190063.729,14326.22,6378.608,2656.717,1022.151,506.489423,332.686761,258.648071,217.570579,187.690123,161.924685,137.756259,114.226096,91.117752,68.225975,45.425558,22.677319,-0.006702537,-22.626619,-45.236688,-67.841212,-90.410647],"unit":"ohms"},"conductance":{"value":[-0.001655272,-0.001471076,-0.001139519,-0.000839428424,-0.000566150372,-0.0003130987,-0.000122300219,-5.261393e-6,6.9802084e-5,0.000156774022,0.000376404441,0.000978329485,0.001974375,0.00300583,0.003866257,0.00459621,0.005327931,0.006175711,0.007259198,0.008754567,0.01097481,0.014657174,0.022014039,0.044096924,-149.19723,-0.044195733,-0.022105951,-0.014740303,-0.011060644],"unit":"S"},"timestamps":{"value":[0.02,0.054,0.08800001,0.122,0.156,0.191,0.225,0.259,0.293,0.327,0.362,0.396,0.43,0.464,0.498,0.5330001,0.567,0.601,0.6350001,0.669,0.7040001,0.738,0.772,0.8060001,0.84,0.8750001,0.909,0.943,0.9770001],"unit":"s"},"sweep_direction":{"unit":"","value":"Reverse"},"p_max":{"unit":"mW","value":0.967},"v_p_max":{"unit":"V","value":0.5},"i_p_max":{"unit":"mA","value":1.933},"isc":{"unit":"mA","value":2.205},"voc":{"unit":"V","value":0.846},"jsc":{"unit":"mA\/cm2","value":23.537},"fill_factor":{"unit":"%","value":51.784},"efficiency":{"unit":"%","value":10.315},"r_s":{"unit":"ohms","value":199.394},"r_sh":{"unit":"ohms","value":2201.822},"temperature":{"unit":"oC","value":100},"cell_dimension":{"value":0.0936999989574947,"unit":"cm2"},"key":"Reverse_[G4#C3]_Group-4_Dynamic"},{"V":{"value":[1.2,1.15,1.1,1.05,1,0.95,0.9,0.85,0.8,0.75,0.7,0.65,0.6,0.55,0.5,0.45,0.4,0.35,0.3,0.25,0.2,0.15,0.1,0.05,0,-0.05,-0.1,-0.15,-0.2],"unit":"V"},"J":{"value":[-0.028757182,-0.023074716999999998,-0.0158427,-0.007926838,0.000819027108,0.011828847,0.019447044,0.022094728,0.022888633999999998,0.023151622,0.023285176,0.023353671,0.023392316,0.023410982,0.023446724,0.023443607,0.023450843,0.023474343999999998,0.023485347,0.023502721,0.023524727999999998,0.023516126,0.023512999,0.023525303999999997,0.023511932000000003,0.023546756,0.023538303,0.023537289000000003,0.02354032],"unit":"A\/cm2"},"power_density":{"value":[-34.508849,-26.536317,-17.42716,-8.323259,0.819036936,11.237507,17.502555,18.780658,18.311164,17.363932,16.299747,15.179884,14.035404,12.875949,11.723216,10.550123,9.380719,8.216431,7.045848,5.875793,4.705103,3.527405,2.351152,1.176051,-0.000325129575,-1.176792,-2.353547,-3.529911,-4.707779],"unit":"mW\/cm2"},"I":{"value":[-0.002694548,-0.002162101,-0.001484461,-0.0007427447000000001,7.674284000000001e-5,0.001108363,0.001822188,0.002070276,0.002144665,0.0021693069999999997,0.0021818209999999996,0.002188239,0.0021918600000000003,0.002193609,0.002196958,0.002196666,0.0021973440000000004,0.0021995459999999997,0.002200577,0.002202205,0.002204267,0.002203461,0.0022031679999999997,0.0022043210000000004,0.002203068,0.002206331,0.002205539,0.002205444,0.002205728],"unit":"A"},"power":{"value":[-3.233479,-2.486453,-1.632925,-0.779889362,0.076743761,1.052954,1.639989,1.759748,1.715756,1.627,1.527286,1.422355,1.315117,1.206476,1.098465,0.988546489,0.878973417,0.769879592,0.660195986,0.550561821,0.440868169,0.330517828,0.220302942,0.110195969,-3.0464641e-5,-0.110265429,-0.220527389,-0.330752642,-0.441118911],"unit":"mW"},"resistance":{"value":[-445.346678,-531.897909,-741.017784,-1413.689,13030.688,857.127674,493.917807,410.576319,373.023852,345.736818,320.835348,297.042462,273.740385,250.726588,227.584597,204.865601,182.045369,159.131703,136.332607,113.524763,90.736149,68.074452,45.38633,22.678589,-0.006276828,-22.651556,-45.334941,-68.000366,-90.667526],"unit":"ohms"},"conductance":{"value":[-0.002245442,-0.00188006,-0.001349495,-0.000707369168,7.6741919e-5,0.001166687,0.002024628,0.002435601,0.002680794,0.002892373,0.003116864,0.003366522,0.003653096,0.003988408,0.00439397,0.004881249,0.005493136,0.006284103,0.007335002,0.008808651,0.011020966,0.014689799,0.022033066,0.044094454,-159.316126,-0.044147078,-0.022058041,-0.014705803,-0.011029307],"unit":"S"},"timestamps":{"value":[0.019,0.053,0.087,0.122,0.156,0.19,0.224,0.258,0.293,0.327,0.361,0.395,0.429,0.464,0.498,0.532,0.566,0.6,0.6350001,0.669,0.703,0.737,0.771,0.8050001,0.84,0.874,0.9080001,0.943,0.9770001],"unit":"s"},"sweep_direction":{"unit":"","value":"Reverse"},"p_max":{"unit":"mW","value":1.76},"v_p_max":{"unit":"V","value":0.85},"i_p_max":{"unit":"mA","value":2.07},"isc":{"unit":"mA","value":2.203},"voc":{"unit":"V","value":1.005},"jsc":{"unit":"mA\/cm2","value":23.512},"fill_factor":{"unit":"%","value":79.504},"efficiency":{"unit":"%","value":18.781},"r_s":{"unit":"ohms","value":64.17},"r_sh":{"unit":"ohms","value":7110.899},"temperature":{"unit":"oC","value":100},"cell_dimension":{"value":0.09370000162046477,"unit":"cm2"},"key":"Reverse_[G4#C2]_Group-4_Dynamic"},{"V":{"value":[0.407,0.386,0.377,0.38,0.377,0.375,0.374,0.372,0.37,0.371,0.371,0.367,0.364,0.364,0.363,0.363,0.363,0.35,0.3,0.25,0.2,0.15,0.1,0.05,0,-0.05,-0.1,-0.15,-0.2],"unit":"V"},"J":{"value":[-0.10657541100000001,-0.106725614,-0.106725614,-0.106725507,-0.106725507,-0.106725614,-0.10672572,-0.10672572,-0.106725934,-0.106725827,-0.106726041,-0.106726041,-0.106726041,-0.106726041,-0.10672625399999999,-0.10672625399999999,-0.10672636099999999,-0.10032791899999999,-0.079433447,-0.0596554,-0.042061163,-0.025820938999999998,-0.01033448,0.0042963490000000005,0.018163468999999998,0.030874642,0.041555133,0.049543276,0.051801131],"unit":"A\/cm2"},"power_density":{"value":[-43.345605,-41.226482,-40.262238,-40.582673,-40.268142,-40.024293,-39.921279,-39.733591,-39.484081,-39.609252,-39.571881,-39.19977,-38.87035,-38.810861,-38.787266,-38.705461,-38.756312,-35.114049,-23.829423,-14.91317,-8.411942,-3.872903,-1.033319,0.214768084,-0.000277152552,-1.543053,-4.155083,-7.430585,-10.359947],"unit":"mW\/cm2"},"I":{"value":[-0.009986116000000001,-0.010000189999999999,-0.010000189999999999,-0.010000180000000001,-0.010000180000000001,-0.010000189999999999,-0.010000199999999999,-0.010000199999999999,-0.01000022,-0.010000209999999999,-0.01000023,-0.01000023,-0.01000023,-0.01000023,-0.010000249999999999,-0.010000249999999999,-0.01000026,-0.009400726,-0.007442914,-0.005589711000000001,-0.003941131,-0.002419422,-0.0009683408,0.0004025679,0.0017019169999999998,0.002892954,0.0038937159999999998,0.004642205,0.004853766000000001],"unit":"A"},"power":{"value":[-4.061483,-3.862921,-3.772572,-3.802596,-3.773125,-3.750276,-3.740624,-3.723037,-3.699658,-3.711387,-3.707885,-3.673018,-3.642152,-3.636578,-3.634367,-3.626702,-3.631466,-3.290186,-2.232817,-1.397364,-0.788199006,-0.362891041,-0.096821985,0.020123769,-2.5969194e-5,-0.144584113,-0.3893313,-0.696245798,-0.97072699],"unit":"mW"},"resistance":{"value":[-40.727847,-38.627746,-37.724283,-38.024596,-37.729891,-37.501337,-37.404742,-37.228885,-36.994956,-37.112311,-37.077147,-36.728495,-36.419842,-36.364104,-36.341851,-36.265203,-36.312776,-37.230401,-40.305759,-44.722992,-50.745103,-61.994476,-103.256529,124.174108,-0.008965649,-17.275774,-25.679749,-32.308289,-41.204005],"unit":"ohms"},"conductance":{"value":[-0.024553225,-0.025888127,-0.026508125,-0.026298768,-0.026504185,-0.026665716,-0.026734578,-0.026860863,-0.027030712,-0.026945237,-0.026970791,-0.027226816,-0.02745756,-0.027499647,-0.027516485,-0.027574642,-0.027538517,-0.02685977,-0.02481035,-0.022359864,-0.019706335,-0.016130469,-0.009684618,0.008053209,-111.536826,-0.057884526,-0.03894119,-0.030951809,-0.024269485],"unit":"S"},"timestamps":{"value":[0.019,0.053,0.08800001,0.122,0.156,0.19,0.224,0.259,0.293,0.327,0.361,0.395,0.429,0.464,0.498,0.532,0.566,0.601,0.6350001,0.669,0.703,0.737,0.771,0.8060001,0.84,0.874,0.909,0.943,0.9770001],"unit":"s"},"sweep_direction":{"unit":"","value":"Reverse"},"p_max":{"unit":"mW","value":0.02},"v_p_max":{"unit":"V","value":0.05},"i_p_max":{"unit":"mA","value":0.403},"isc":{"unit":"mA","value":1.702},"voc":{"unit":"V","value":0.065},"jsc":{"unit":"mA\/cm2","value":18.159},"fill_factor":{"unit":"%","value":18.288},"efficiency":{"unit":"%","value":0.215},"r_s":{"unit":"ohms","value":29.479},"r_sh":{"unit":"ohms","value":52.237},"temperature":{"unit":"oC","value":100},"cell_dimension":{"value":0.09369999989960161,"unit":"cm2"},"key":"Reverse_[G4#C1]_Group-4_Dynamic"},{"V":{"value":[1.2,1.15,1.1,1.05,1,0.95,0.9,0.85,0.8,0.75,0.7,0.65,0.6,0.55,0.5,0.45,0.4,0.35,0.3,0.25,0.2,0.15,0.1,0.05,0,-0.05,-0.1,-0.15,-0.2],"unit":"V"},"J":{"value":[-0.054420117,-0.040988282,-0.020158196,-0.001157225,0.012621419,0.019609296000000002,0.022037182000000002,0.022770106999999998,0.023003052,0.023118602,0.023165144000000002,0.023182176999999998,0.023203533000000002,0.023204344,0.023210768000000003,0.023219049999999998,0.023252348000000003,0.023251814,0.023265272,0.023279744,0.023267086,0.023266948,0.023261996,0.023250587,0.023253639,0.02326334,0.023229465999999997,0.023232092000000003,0.023239744000000003],"unit":"A\/cm2"},"power_density":{"value":[-65.30376,-47.136975,-22.174197,-1.215096,12.621584,18.628999,19.833702,19.354734,18.402688,17.339155,16.215724,15.068413,13.922129,12.762282,11.605229,10.449072,9.301286,8.138488,6.979807,5.820048,4.653545,3.490021,2.326031,1.162312,-0.000321557835,-1.162645,-2.322645,-3.484124,-4.647644],"unit":"mW\/cm2"},"I":{"value":[-0.005099165,-0.0038406020000000003,-0.001888823,-0.000108432,0.0011826270000000001,0.001837391,0.0020648840000000003,0.002133559,0.002155386,0.0021662129999999997,0.0021705739999999998,0.0021721699999999997,0.002174171,0.002174247,0.002174849,0.002175625,0.002178745,0.002178695,0.002179956,0.0021813120000000004,0.002180126,0.002180113,0.002179649,0.0021785800000000003,0.0021788660000000002,0.0021797749999999997,0.002176601,0.002176847,0.002177564],"unit":"A"},"power":{"value":[-6.118962,-4.416735,-2.077722,-0.113854467,1.182642,1.745537,1.858418,1.813539,1.724332,1.624679,1.519413,1.41191,1.304503,1.195826,1.08741,0.979078026,0.871530463,0.762576366,0.654007946,0.54533847,0.436037191,0.327014988,0.217949098,0.10890863,-3.0129969e-5,-0.108939792,-0.217631869,-0.326462398,-0.435484274],"unit":"mW"},"resistance":{"value":[-235.331275,-299.435089,-582.378021,-9683.562,845.58614,517.042154,435.865066,398.39831,371.168181,346.230403,322.497782,299.239885,275.967438,252.959024,229.897938,206.846998,183.598769,160.653602,137.621906,114.612123,91.74034,68.80336,45.87562,22.946438,-0.006346549,-22.927843,-45.937234,-68.893358,-91.839735],"unit":"ohms"},"conductance":{"value":[-0.004249329,-0.003339622,-0.001717098,-0.000103267785,0.001182612,0.001934078,0.002294288,0.002510051,0.002694196,0.00288825,0.003100797,0.003341801,0.003623616,0.003953209,0.004349756,0.004834491,0.00544666,0.006224573,0.007266285,0.00872508,0.01090033,0.014534174,0.02179807,0.043579749,-157.565945,-0.043615092,-0.021768833,-0.014515187,-0.010888533],"unit":"S"},"timestamps":{"value":[0.019,0.053,0.087,0.122,0.156,0.19,0.224,0.258,0.293,0.327,0.361,0.395,0.429,0.464,0.498,0.532,0.566,0.6,0.6350001,0.669,0.703,0.737,0.771,0.8050001,0.84,0.874,0.9080001,0.942,0.9770001],"unit":"s"},"sweep_direction":{"unit":"","value":"Reverse"},"p_max":{"unit":"mW","value":1.858},"v_p_max":{"unit":"V","value":0.9},"i_p_max":{"unit":"mA","value":2.065},"isc":{"unit":"mA","value":2.179},"voc":{"unit":"V","value":1.046},"jsc":{"unit":"mA\/cm2","value":23.254},"fill_factor":{"unit":"%","value":81.557},"efficiency":{"unit":"%","value":19.834},"r_s":{"unit":"ohms","value":33.323},"r_sh":{"unit":"ohms","value":7807.501},"temperature":{"unit":"oC","value":100},"cell_dimension":{"value":0.0937000006817332,"unit":"cm2"},"key":"Reverse_[G3#C4]_Group-3_Dynamic"},{"V":{"value":[1.2,1.15,1.1,1.05,1,0.95,0.9,0.85,0.8,0.75,0.7,0.65,0.6,0.55,0.5,0.45,0.4,0.35,0.3,0.25,0.2,0.15,0.1,0.05,0,-0.05,-0.1,-0.15,-0.2],"unit":"V"},"J":{"value":[-0.055676158,-0.042696574,-0.022543767,-0.003577272,0.011025688,0.019003895,0.021902380000000003,0.022779413000000002,0.02303349,0.023170747,0.023217962,0.023248869,0.023269562,0.023266564,0.023270245,0.023269509,0.023277994,0.023276905,0.023293223000000002,0.023288356,0.023301708,0.023309082000000002,0.023301974,0.023296382,0.023296264999999997,0.02329825,0.023279392000000003,0.023284931000000002,0.023284002],"unit":"A\/cm2"},"power_density":{"value":[-66.811,-49.101573,-24.79837,-3.756168,11.025821,18.053847,19.712378,19.36264,18.42705,17.378253,16.252692,15.111779,13.96174,12.796515,11.634962,10.471784,9.311577,8.147315,6.98816,5.822185,4.660477,3.496337,2.330045,1.164596,-0.000338809924,-1.164384,-2.327648,-3.492048,-4.656507],"unit":"mW\/cm2"},"I":{"value":[-0.005216856,-0.004000669,-0.0021123509999999997,-0.0003351904,0.001033107,0.0017806649999999999,0.002052253,0.002134431,0.002158238,0.0021710989999999997,0.002175523,0.002178419,0.002180358,0.002180077,0.002180422,0.0021803530000000003,0.002181148,0.002181046,0.002182575,0.002182119,0.00218337,0.0021840609999999997,0.002183395,0.002182871,0.00218286,0.002183046,0.002181279,0.002181798,0.002181711],"unit":"A"},"power":{"value":[-6.260191,-4.600817,-2.323607,-0.351952937,1.033119,1.691645,1.84705,1.814279,1.726615,1.628342,1.522877,1.415974,1.308215,1.199033,1.090196,0.981206164,0.872494753,0.763403396,0.654790615,0.545538697,0.436686664,0.327606748,0.218325242,0.109122638,-3.174649e-5,-0.109102745,-0.218100656,-0.327204901,-0.43631471],"unit":"mW"},"resistance":{"value":[-230.022259,-287.454923,-520.751523,-3132.575,967.965564,533.512873,438.547684,398.235455,370.677933,345.45099,321.764054,298.381808,275.184213,252.282786,229.310244,206.398551,183.397138,160.481301,137.456124,114.569416,91.604172,68.678897,45.797242,22.901225,-0.006662603,-22.893379,-45.838937,-68.737023,-91.665395],"unit":"ohms"},"conductance":{"value":[-0.004347405,-0.003478806,-0.001920302,-0.000319226216,0.001033095,0.001874369,0.002280254,0.002511077,0.00269776,0.002894767,0.003107867,0.003351411,0.003633929,0.003963806,0.004360904,0.004844995,0.005452648,0.006231256,0.007275049,0.008728333,0.010916533,0.014560513,0.021835376,0.043665786,-150.091484,-0.043680751,-0.021815515,-0.014548201,-0.010909242],"unit":"S"},"timestamps":{"value":[0.019,0.053,0.08800001,0.122,0.156,0.19,0.224,0.258,0.293,0.327,0.361,0.395,0.429,0.464,0.498,0.532,0.566,0.6,0.6350001,0.669,0.703,0.737,0.771,0.8060001,0.84,0.874,0.9080001,0.943,0.9770001],"unit":"s"},"sweep_direction":{"unit":"","value":"Reverse"},"p_max":{"unit":"mW","value":1.847},"v_p_max":{"unit":"V","value":0.9},"i_p_max":{"unit":"mA","value":2.052},"isc":{"unit":"mA","value":2.183},"voc":{"unit":"V","value":1.038},"jsc":{"unit":"mA\/cm2","value":23.296},"fill_factor":{"unit":"%","value":81.537},"efficiency":{"unit":"%","value":19.712},"r_s":{"unit":"ohms","value":33.267},"r_sh":{"unit":"ohms","value":6568.674},"temperature":{"unit":"oC","value":100},"cell_dimension":{"value":0.09369999991737935,"unit":"cm2"},"key":"Reverse_[G3#C3]_Group-3_Dynamic"},{"V":{"value":[1.2,1.15,1.1,1.05,1,0.95,0.9,0.85,0.8,0.75,0.7,0.65,0.6,0.55,0.5,0.45,0.4,0.35,0.3,0.25,0.2,0.15,0.1,0.05,0,-0.05,-0.1,-0.15,-0.2],"unit":"V"},"J":{"value":[-0.047634312,-0.034536648999999996,-0.018519189000000002,-0.006157822,0.005068362999999999,0.014238538,0.019437524,0.021582038,0.02239063,0.022736137,0.022896147,0.022984802999999998,0.023063404,0.023098366999999998,0.023138506,0.023157428,0.023176073,0.023198058,0.023207684,0.02320587,0.023220309,0.023229465999999997,0.023216297,0.023226094,0.023234803,0.023231281,0.023232017,0.023241932,0.023239296],"unit":"A\/cm2"},"power_density":{"value":[-57.161222,-39.717699,-20.371312,-6.465774,5.068429,13.526716,17.493931,18.344838,17.912748,17.052303,16.027429,14.940135,13.838073,12.704012,11.569105,10.421352,9.270802,8.119726,6.962542,5.801579,4.644197,3.484378,2.321461,1.161082,-0.000337916048,-1.161042,-2.322912,-3.485611,-4.647566],"unit":"mW\/cm2"},"I":{"value":[-0.004463335,-0.0032360839999999997,-0.001735248,-0.0005769879,0.0004749056,0.001334151,0.001821296,0.002022237,0.0020980020000000003,0.0021303760000000002,0.0021453690000000003,0.0021536759999999998,0.002161041,0.0021643170000000002,0.002168078,0.002169851,0.002171598,0.002173658,0.00217456,0.00217439,0.0021757430000000004,0.002176601,0.002175367,0.002176285,0.002177101,0.002176771,0.0021768399999999998,0.002177769,0.0021775220000000003],"unit":"A"},"power":{"value":[-5.356006,-3.721548,-1.908792,-0.605843065,0.474911774,1.267453,1.639181,1.718911,1.678424,1.597801,1.50177,1.399891,1.296627,1.190366,1.084025,0.976480687,0.868674163,0.760818339,0.652390181,0.543607937,0.435161219,0.326486232,0.217520929,0.108793401,-3.1662734e-5,-0.10878966,-0.217656811,-0.326601759,-0.435476963],"unit":"mW"},"resistance":{"value":[-268.85748,-355.372728,-633.921491,-1819.813,2105.709,712.068874,494.158116,420.329022,381.320371,352.054661,326.28676,301.809836,277.64457,254.119937,230.616057,207.397651,184.203568,161.026942,137.963634,114.976982,91.925287,68.913963,45.965922,22.97053,-0.006680228,-22.959484,-45.932411,-68.86442,-91.841736],"unit":"ohms"},"conductance":{"value":[-0.003719443,-0.002813947,-0.001577482,-0.000549507052,0.000474899426,0.001404359,0.002023644,0.002379089,0.002622467,0.002840468,0.003064789,0.003313345,0.003601727,0.00393515,0.004336212,0.004821655,0.005428776,0.006210141,0.007248287,0.008697393,0.0108784,0.014510847,0.021755247,0.043534041,-149.6955,-0.043554985,-0.021771119,-0.014521287,-0.010888296],"unit":"S"},"timestamps":{"value":[0.019,0.053,0.08800001,0.122,0.156,0.19,0.224,0.259,0.293,0.327,0.361,0.395,0.43,0.464,0.498,0.532,0.566,0.601,0.6350001,0.669,0.703,0.737,0.772,0.8060001,0.84,0.874,0.909,0.943,0.9770001],"unit":"s"},"sweep_direction":{"unit":"","value":"Reverse"},"p_max":{"unit":"mW","value":1.719},"v_p_max":{"unit":"V","value":0.85},"i_p_max":{"unit":"mA","value":2.022},"isc":{"unit":"mA","value":2.177},"voc":{"unit":"V","value":1.023},"jsc":{"unit":"mA\/cm2","value":23.235},"fill_factor":{"unit":"%","value":77.21},"efficiency":{"unit":"%","value":18.345},"r_s":{"unit":"ohms","value":45.43},"r_sh":{"unit":"ohms","value":6129.565},"temperature":{"unit":"oC","value":100},"cell_dimension":{"value":0.09369999927783149,"unit":"cm2"},"key":"Reverse_[G3#C2]_Group-3_Dynamic"},{"V":{"value":[1.2,1.15,1.1,1.05,1,0.95,0.9,0.85,0.8,0.75,0.7,0.65,0.6,0.55,0.5,0.45,0.4,0.35,0.3,0.25,0.2,0.15,0.1,0.05,0,-0.05,-0.1,-0.15,-0.2],"unit":"V"},"J":{"value":[-0.050031098999999996,-0.037614055,-0.018926062,-0.001565676,0.011772615,0.019085016,0.021793607000000003,0.022613724999999998,0.022878067999999998,0.022977545,0.023032156,0.023049328,0.023063266,0.023075229,0.023078933,0.023078655,0.023106382,0.023090395,0.023097033,0.023087375,0.023081708,0.023078965,0.023082711,0.023083479,0.023100395,0.023125347,0.023106894,0.023127727,0.02312715],"unit":"A\/cm2"},"power_density":{"value":[-60.037119,-43.25669,-20.818876,-1.643973,11.772791,18.130952,19.614504,19.221815,18.302715,17.233345,16.122615,14.982065,13.83798,12.691277,11.539323,10.385891,9.242925,8.082042,6.929334,5.771948,4.616485,3.461835,2.308137,1.153969,-0.000335961286,-1.155737,-2.310384,-3.468472,-4.625134],"unit":"mW\/cm2"},"I":{"value":[-0.0046879140000000005,-0.0035244369999999996,-0.001773372,-0.00014670379999999998,0.001103094,0.001788266,0.002042061,0.002118906,0.002143675,0.002152996,0.002158113,0.0021597219999999998,0.0021610279999999997,0.002162149,0.002162496,0.00216247,0.002165068,0.00216357,0.0021641919999999997,0.002163287,0.002162756,0.002162499,0.00216285,0.002162922,0.002164507,0.0021668449999999997,0.002165116,0.002167068,0.002167014],"unit":"A"},"power":{"value":[-5.625478,-4.053152,-1.950729,-0.15404031,1.103111,1.69887,1.837879,1.801084,1.714964,1.614764,1.510689,1.40382,1.296619,1.189173,1.081235,0.973157993,0.866062058,0.757287362,0.649278593,0.540831485,0.432564609,0.324373985,0.216272412,0.108126915,-3.1479572e-5,-0.108292543,-0.216482999,-0.324995838,-0.433375062],"unit":"mW"},"resistance":{"value":[-255.976539,-326.297221,-620.29343,-7157.34,906.554654,531.246358,440.736981,401.15352,373.196217,348.355547,324.359568,300.964707,277.646055,254.37456,231.211433,208.105315,184.759139,161.777756,138.624346,115.566959,92.477469,69.364009,46.232601,23.112775,-0.006719096,-23.064437,-46.1808,-69.204243,-92.28699],"unit":"ohms"},"conductance":{"value":[-0.003906608,-0.003064691,-0.00161214,-0.000139716707,0.001103077,0.001882366,0.002268927,0.002492811,0.002679556,0.00287063,0.003082998,0.003322649,0.003601708,0.003931211,0.004325046,0.004805259,0.005412452,0.00618132,0.00721374,0.008652992,0.010813445,0.014416698,0.021629759,0.043266115,-148.829548,-0.043356792,-0.02165402,-0.014449981,-0.010835763],"unit":"S"},"timestamps":{"value":[0.019,0.054,0.08800001,0.122,0.156,0.19,0.224,0.259,0.293,0.327,0.361,0.395,0.43,0.464,0.498,0.532,0.566,0.601,0.6350001,0.669,0.703,0.737,0.772,0.8060001,0.84,0.8750001,0.909,0.943,0.9770001],"unit":"s"},"sweep_direction":{"unit":"","value":"Reverse"},"p_max":{"unit":"mW","value":1.838},"v_p_max":{"unit":"V","value":0.9},"i_p_max":{"unit":"mA","value":2.042},"isc":{"unit":"mA","value":2.165},"voc":{"unit":"V","value":1.044},"jsc":{"unit":"mA\/cm2","value":23.1},"fill_factor":{"unit":"%","value":81.32},"efficiency":{"unit":"%","value":19.615},"r_s":{"unit":"ohms","value":36.017},"r_sh":{"unit":"ohms","value":7160.385},"temperature":{"unit":"oC","value":100},"cell_dimension":{"value":0.09370000047370539,"unit":"cm2"},"key":"Reverse_[G3#C1]_Group-3_Dynamic"}]}}