{"_id":"653516f66499622b4e49ca33","id":"CNU_HEMD-SC-00108","author":118,"group":9,"input":[{"tco":{"unit":null,"value":"ITO"}},{"etl":[{"material":{"unit":null,"value":"SnO2"},"concentration":{"unit":null,"value":"15%"},"conc_unit":{"unit":null,"value":"mg\/ml"},"quantity":{"unit":"ml","value":"1"}}],"solvent":[{"material":{"unit":null,"value":"DI-Water"},"volume":{"unit":"ml","value":"1"}}],"spin_coating":[{"type":{"unit":null,"value":"drop&run"},"rpm":{"unit":null,"value":"3000"},"time":{"unit":"s","value":"30"}}],"annealing":[{"temperature":{"unit":"oC","value":"150"},"time":{"unit":"m","value":"15"}}]},{"perovskite":{"a_site":[{"material":{"unit":null,"value":"FA"},"ratio":{"unit":null,"value":"100"}}],"b_site":[{"material":{"unit":null,"value":"Pb"},"ratio":{"unit":null,"value":"100"}}],"x_site":[{"material":{"unit":null,"value":"I"},"ratio":{"unit":null,"value":"100"}}],"solvent":[{"material":{"unit":null,"value":"Ethanol"},"volume":{"unit":"ml","value":"2"}},{"material":{"unit":null,"value":"DMA"},"volume":{"unit":"ml","value":"1"}}],"antisolvent":[],"annealing":[{"temperature":{"unit":"oC","value":"150"},"time":{"unit":"m","value":"15"}}],"additive":[{"material":{"unit":null,"value":"MACl"},"solvent":{"unit":null,"value":"Ethanol+DMA"},"concentration":{"unit":null,"value":"25.6"},"conc_unit":{"unit":null,"value":"mg"},"quantity":{"unit":"mol%","value":"30"}},{"material":{"unit":null,"value":"PACl"},"solvent":{"unit":null,"value":"Ethanol+DMA"},"concentration":{"unit":null,"value":"24.2"},"conc_unit":{"unit":null,"value":"mg"},"quantity":{"unit":"mol%","value":"20"}},{"material":{"unit":null,"value":"PenACl"},"solvent":{"unit":null,"value":"Ethanol+DMA"},"concentration":{"unit":null,"value":"15.6"},"conc_unit":{"unit":null,"value":"mg"},"quantity":{"unit":"mol%","value":"10"}}]}},{"htl":[{"material":{"unit":null,"value":"Spiro-OMeTAD_Lumtec"},"concentration":{"unit":null,"value":"0.091"},"conc_unit":{"unit":null,"value":"mg\/ml"},"quantity":{"unit":"ml","value":"0.1"}}],"spin_coating":[{"type":{"unit":null,"value":"dynamic"},"rpm":{"unit":null,"value":"3000"},"time":{"unit":"s","value":"30"}}],"solvent":[{"material":{"unit":null,"value":"CB"},"volume":{"unit":"ml","value":"0.8"}}],"htl_doping":[{"material":{"unit":null,"value":"tBP"},"volume":{"unit":"ul","value":"0.0354"}},{"material":{"unit":null,"value":"Li-TFSI"},"volume":{"unit":"ul","value":"0.0209"}},{"material":{"unit":null,"value":"Co-TFSI"},"volume":{"unit":"ul","value":"0.00909"}}]},{"anode_metal":{"unit":null,"value":"Ag"}},{"note":{"unit":null,"value":"-"},"ar":{"unit":null,"value":"0"},"type":{"unit":null,"value":"unit_cell"},"device_type":{"unit":null,"value":"n-i-p"},"temperature":{"unit":"\u2103","value":"21"},"humidity":{"unit":"%","value":"26"},"cell_dimension":{"unit":"cm2","value":"0.0937"}}],"fileinfo":[{"key":"Reverse_[G2#C3]_Group-2_Dynamic","uploadType":"JV","original_name":"[G2#C3]_Group-2_Dynamic-IV_[230316_095306].csv","save_name":"CNU_HEMD-SC-00108\/Reverse_[G2#C3]_Group-2_Dynamic","uploader":118,"fileType":""},{"key":"Reverse_[G2#C4]_Group-2_Dynamic","uploadType":"JV","original_name":"[G2#C4]_Group-2_Dynamic-IV_[230316_095306].csv","save_name":"CNU_HEMD-SC-00108\/Reverse_[G2#C4]_Group-2_Dynamic","uploader":118,"fileType":""},{"key":"Reverse_[G6#C2]_Group-6_Dynamic","uploadType":"JV","original_name":"[G6#C2]_Group-6_Dynamic-IV_[230316_094848].csv","save_name":"CNU_HEMD-SC-00108\/Reverse_[G6#C2]_Group-6_Dynamic","uploader":118,"fileType":""},{"key":"Reverse_[G6#C3]_Group-6_Dynamic","uploadType":"JV","original_name":"[G6#C3]_Group-6_Dynamic-IV_[230316_094848].csv","save_name":"CNU_HEMD-SC-00108\/Reverse_[G6#C3]_Group-6_Dynamic","uploader":118,"fileType":""},{"key":"Reverse_[G1#C1]_Group-1_Dynamic","uploadType":"JV","original_name":"[G1#C1]_Group-1_Dynamic-IV_[230316_095306].csv","save_name":"CNU_HEMD-SC-00108\/Reverse_[G1#C1]_Group-1_Dynamic","uploader":118,"fileType":""},{"key":"Reverse_[G1#C2]_Group-1_Dynamic","uploadType":"JV","original_name":"[G1#C2]_Group-1_Dynamic-IV_[230316_095306].csv","save_name":"CNU_HEMD-SC-00108\/Reverse_[G1#C2]_Group-1_Dynamic","uploader":118,"fileType":""},{"key":"Reverse_[G1#C3]_Group-1_Dynamic","uploadType":"JV","original_name":"[G1#C3]_Group-1_Dynamic-IV_[230316_095306].csv","save_name":"CNU_HEMD-SC-00108\/Reverse_[G1#C3]_Group-1_Dynamic","uploader":118,"fileType":""},{"key":"Reverse_[G1#C4]_Group-1_Dynamic","uploadType":"JV","original_name":"[G1#C4]_Group-1_Dynamic-IV_[230316_095306].csv","save_name":"CNU_HEMD-SC-00108\/Reverse_[G1#C4]_Group-1_Dynamic","uploader":118,"fileType":""},{"key":"Reverse_[G2#C1]_Group-2_Dynamic","uploadType":"JV","original_name":"[G2#C1]_Group-2_Dynamic-IV_[230316_095306].csv","save_name":"CNU_HEMD-SC-00108\/Reverse_[G2#C1]_Group-2_Dynamic","uploader":118,"fileType":""},{"key":"Reverse_[G2#C2]_Group-2_Dynamic","uploadType":"JV","original_name":"[G2#C2]_Group-2_Dynamic-IV_[230316_095306].csv","save_name":"CNU_HEMD-SC-00108\/Reverse_[G2#C2]_Group-2_Dynamic","uploader":118,"fileType":""},{"key":"Reverse_[G3#C4]_Group-3_Dynamic","uploadType":"JV","original_name":"[G3#C4]_Group-3_Dynamic-IV_[230316_094848].csv","save_name":"CNU_HEMD-SC-00108\/Reverse_[G3#C4]_Group-3_Dynamic","uploader":118,"fileType":""},{"key":"Reverse_[G4#C1]_Group-4_Dynamic","uploadType":"JV","original_name":"[G4#C1]_Group-4_Dynamic-IV_[230316_094848].csv","save_name":"CNU_HEMD-SC-00108\/Reverse_[G4#C1]_Group-4_Dynamic","uploader":118,"fileType":""},{"key":"Reverse_[G4#C4]_Group-4_Dynamic","uploadType":"JV","original_name":"[G4#C4]_Group-4_Dynamic-IV_[230316_094848].csv","save_name":"CNU_HEMD-SC-00108\/Reverse_[G4#C4]_Group-4_Dynamic","uploader":118,"fileType":""},{"key":"Reverse_[G5#C1]_Group-5_Dynamic","uploadType":"JV","original_name":"[G5#C1]_Group-5_Dynamic-IV_[230316_094848].csv","save_name":"CNU_HEMD-SC-00108\/Reverse_[G5#C1]_Group-5_Dynamic","uploader":118,"fileType":""},{"key":"Reverse_[G5#C2]_Group-5_Dynamic","uploadType":"JV","original_name":"[G5#C2]_Group-5_Dynamic-IV_[230316_094848].csv","save_name":"CNU_HEMD-SC-00108\/Reverse_[G5#C2]_Group-5_Dynamic","uploader":118,"fileType":""},{"key":"Reverse_[G5#C3]_Group-5_Dynamic","uploadType":"JV","original_name":"[G5#C3]_Group-5_Dynamic-IV_[230316_094848].csv","save_name":"CNU_HEMD-SC-00108\/Reverse_[G5#C3]_Group-5_Dynamic","uploader":118,"fileType":""},{"key":"Reverse_[G5#C4]_Group-5_Dynamic","uploadType":"JV","original_name":"[G5#C4]_Group-5_Dynamic-IV_[230316_094848].csv","save_name":"CNU_HEMD-SC-00108\/Reverse_[G5#C4]_Group-5_Dynamic","uploader":118,"fileType":""}],"jvcnt":17,"updated_at":"2024-09-13 08:44:08","created_at":"2023-10-22 12:35:02","analysisInfo":{"JV":[{"efficiency":0.215,"fill_factor":17.987,"jsc":18.55,"voc":0.064,"key":"Reverse_[G6#C3]_Group-6_Dynamic","cell_dimension":0.09369999994464019},{"efficiency":18.433,"fill_factor":77.254,"jsc":22.606,"voc":1.056,"key":"Reverse_[G6#C2]_Group-6_Dynamic","cell_dimension":0.093699999392536},{"efficiency":0.418,"fill_factor":25.205,"jsc":17.427,"voc":0.095,"key":"Reverse_[G5#C4]_Group-5_Dynamic","cell_dimension":0.09370000010885608},{"efficiency":16.805,"fill_factor":73.582,"jsc":21.663,"voc":1.054,"key":"Reverse_[G5#C3]_Group-5_Dynamic","cell_dimension":0.09370000000351024},{"efficiency":16.937,"fill_factor":72.388,"jsc":22.145,"voc":1.057,"key":"Reverse_[G5#C2]_Group-5_Dynamic","cell_dimension":0.09370000021576556},{"efficiency":17.309,"fill_factor":73.788,"jsc":22.184,"voc":1.057,"key":"Reverse_[G5#C1]_Group-5_Dynamic","cell_dimension":0.09370000073365703},{"efficiency":0,"fill_factor":-0.025,"jsc":16.206,"voc":0.043,"key":"Reverse_[G4#C4]_Group-4_Dynamic","cell_dimension":0.09370000023354268},{"efficiency":0,"fill_factor":-0.022,"jsc":16.336,"voc":0.046,"key":"Reverse_[G4#C1]_Group-4_Dynamic","cell_dimension":0.09370000003659157},{"efficiency":17.853,"fill_factor":77.605,"jsc":21.744,"voc":1.058,"key":"Reverse_[G3#C4]_Group-3_Dynamic","cell_dimension":0.093699999454806},{"efficiency":13.492,"fill_factor":63.923,"jsc":22.043,"voc":0.958,"key":"Reverse_[G2#C4]_Group-2_Dynamic","cell_dimension":0.09370000091031018},{"efficiency":18.714,"fill_factor":77.934,"jsc":22.272,"voc":1.078,"key":"Reverse_[G2#C3]_Group-2_Dynamic","cell_dimension":0.09370000002526692},{"efficiency":18.538,"fill_factor":78.411,"jsc":22.018,"voc":1.074,"key":"Reverse_[G2#C2]_Group-2_Dynamic","cell_dimension":0.09369999997570973},{"efficiency":0,"fill_factor":-0.029,"jsc":15.666,"voc":0.046,"key":"Reverse_[G2#C1]_Group-2_Dynamic","cell_dimension":0.09369999973075041},{"efficiency":17.982,"fill_factor":78.821,"jsc":21.205,"voc":1.076,"key":"Reverse_[G1#C4]_Group-1_Dynamic","cell_dimension":0.09370000079003747},{"efficiency":16.452,"fill_factor":75.839,"jsc":20.265,"voc":1.071,"key":"Reverse_[G1#C3]_Group-1_Dynamic","cell_dimension":0.09370000074294833},{"efficiency":14.745,"fill_factor":77.566,"jsc":17.836,"voc":1.066,"key":"Reverse_[G1#C2]_Group-1_Dynamic","cell_dimension":0.09369999877084292},{"efficiency":11.505,"fill_factor":76.622,"jsc":14.305,"voc":1.05,"key":"Reverse_[G1#C1]_Group-1_Dynamic","cell_dimension":0.09369999856700262}]},"public":2,"tags":[],"analysis":{"JV":[{"V":{"value":[0.429,0.42,0.427,0.42,0.431,0.421,0.425,0.448,0.448,0.401,0.394,0.391,0.387,0.381,0.381,0.382,0.382,0.35,0.3,0.25,0.2,0.15,0.1,0.05,0,-0.05,-0.1,-0.15,-0.2],"unit":"V"},"J":{"value":[-0.106575507,-0.106724973,-0.106724653,-0.106724546,-0.106724226,-0.10672508,-0.106725187,-0.106725187,-0.10672508,-0.106725187,-0.106725187,-0.106725507,-0.106725614,-0.106725614,-0.10672572,-0.106725827,-0.106725934,-0.09501115299999999,-0.076781953,-0.059628922,-0.042554322,-0.026134835,-0.010710725999999999,0.004291042,0.018552582999999997,0.031717748,0.043159338,0.053091825,0.068509061],"unit":"A\/cm2"},"power_density":{"value":[-45.715947,-44.788416,-45.57878,-44.8059,-46.020201,-44.976297,-45.407586,-47.81156,-47.820616,-42.768123,-42.083193,-41.697357,-41.298085,-40.681552,-40.68235,-40.734068,-40.717246,-33.253438,-23.033887,-14.906831,-8.510745,-3.920071,-1.07099,0.214522215,-0.000185777771,-1.585054,-4.315281,-7.961942,-13.700558],"unit":"mW\/cm2"},"I":{"value":[-0.009986125,-0.010000130000000001,-0.0100001,-0.01000009,-0.01000006,-0.01000014,-0.01000015,-0.01000015,-0.01000014,-0.01000015,-0.01000015,-0.010000180000000001,-0.010000189999999999,-0.010000189999999999,-0.010000199999999999,-0.010000209999999999,-0.01000022,-0.008902545,-0.007194469,-0.00558723,-0.00398734,-0.002448834,-0.001003595,0.0004020706,0.0017383770000000002,0.0029719530000000003,0.0040440300000000005,0.004974704,0.006419299],"unit":"A"},"power":{"value":[-4.283584,-4.196675,-4.270732,-4.198313,-4.312093,-4.214279,-4.254691,-4.479943,-4.480792,-4.007373,-3.943195,-3.907042,-3.869631,-3.811861,-3.811936,-3.816782,-3.815206,-3.115847,-2.158275,-1.39677,-0.797456835,-0.367310652,-0.100351752,0.020100732,-1.7407377e-5,-0.148519577,-0.404341854,-0.746033973,-1.283742],"unit":"mW"},"resistance":{"value":[-42.95496,-41.965654,-42.706463,-41.982372,-43.120411,-42.14161,-42.545632,-44.798088,-44.806663,-40.072529,-39.430769,-39.069017,-38.694835,-38.117166,-38.117838,-38.166219,-38.150381,-39.31405,-41.697435,-44.743692,-50.15805,-61.251232,-99.634095,124.338959,-0.005760304,-16.815115,-24.72407,-30.145613,-31.153199],"unit":"ohms"},"conductance":{"value":[-0.023280199,-0.02382901,-0.02341566,-0.023819521,-0.023190873,-0.023729516,-0.023504176,-0.022322381,-0.022318109,-0.024954751,-0.025360906,-0.02559573,-0.025843243,-0.026234899,-0.026234437,-0.026201181,-0.026212058,-0.025436199,-0.023982291,-0.022349519,-0.019936979,-0.016326202,-0.010036725,0.008042532,-173.601949,-0.059470306,-0.040446415,-0.033172323,-0.032099432],"unit":"S"},"timestamps":{"value":[0.02,0.054,0.08800001,0.122,0.156,0.19,0.225,0.259,0.293,0.327,0.361,0.396,0.43,0.464,0.498,0.532,0.567,0.601,0.6350001,0.669,0.703,0.737,0.772,0.8060001,0.84,0.8750001,0.909,0.943,0.9770001],"unit":"s"},"sweep_direction":{"unit":"","value":"Reverse"},"p_max":{"unit":"mW","value":0.02},"v_p_max":{"unit":"V","value":0.05},"i_p_max":{"unit":"mA","value":0.402},"isc":{"unit":"mA","value":1.738},"voc":{"unit":"V","value":0.064},"jsc":{"unit":"mA\/cm2","value":18.55},"fill_factor":{"unit":"%","value":17.987},"efficiency":{"unit":"%","value":0.215},"r_s":{"unit":"ohms","value":34.755},"r_sh":{"unit":"ohms","value":42.673},"temperature":{"unit":"oC","value":21.683},"cell_dimension":{"value":0.09369999994464019,"unit":"cm2"},"key":"Reverse_[G6#C3]_Group-6_Dynamic"},{"V":{"value":[1.2,1.15,1.1,1.05,1,0.95,0.9,0.85,0.8,0.75,0.7,0.65,0.6,0.55,0.5,0.45,0.4,0.35,0.3,0.25,0.2,0.15,0.1,0.05,0,-0.05,-0.1,-0.15,-0.2],"unit":"V"},"J":{"value":[-0.06864604099999999,-0.040578869,-0.01616953,0.002001797,0.013033564999999999,0.018261857,0.020481206000000002,0.021449541,0.021948239,0.022254514,0.022405155,0.022503362,0.022559573,0.022584184,0.022596553,0.022604641999999998,0.022623661,0.022614674,0.022615272000000002,0.022612231,0.022601206000000002,0.022610128,0.022593447000000003,0.022605891,0.022605678,0.022636329,0.022645806,0.022624098,0.022646958000000002],"unit":"A\/cm2"},"power_density":{"value":[-82.375386,-46.666308,-17.786694,2.101913,13.033786,17.348987,18.43337,18.232256,17.558841,16.691135,15.68377,14.627268,13.53585,12.42129,11.298206,10.17265,9.049899,7.915609,6.784867,5.653252,4.520451,3.391587,2.259289,1.130202,-0.000204805315,-1.1312,-2.264222,-3.39285,-4.52902],"unit":"mW\/cm2"},"I":{"value":[-0.006432134,-0.0038022399999999997,-0.001515085,0.0001875684,0.001221245,0.001711136,0.0019190890000000001,0.002009822,0.0020565500000000003,0.002085248,0.002099363,0.002108565,0.002113832,0.002116138,0.002117297,0.002118055,0.002119837,0.002118995,0.002119051,0.002118766,0.0021177329999999997,0.002118569,0.002117006,0.0021181719999999998,0.002118152,0.002121024,0.002121912,0.002119878,0.00212202],"unit":"A"},"power":{"value":[-7.718574,-4.372633,-1.666613,0.196949258,1.221266,1.6256,1.727207,1.708362,1.645263,1.563959,1.469569,1.370575,1.268309,1.163875,1.058642,0.953177278,0.847975501,0.741692537,0.635742,0.529709721,0.423566295,0.317791706,0.21169535,0.105899915,-1.9190258e-5,-0.105993445,-0.21215761,-0.317910048,-0.424369199],"unit":"mW"},"resistance":{"value":[-186.563588,-302.457236,-726.040453,5598.027,818.850435,555.19386,468.979761,422.926408,389.00654,359.67482,333.437905,308.268277,283.846919,259.907199,236.148684,212.470781,188.702811,165.182504,141.578754,117.997268,94.445003,70.803925,47.23535,23.603324,-0.004277269,-23.560681,-47.119848,-70.742845,-94.24209],"unit":"ohms"},"conductance":{"value":[-0.005360103,-0.003306253,-0.001377334,0.00017863436,0.001221224,0.001801173,0.002132288,0.002364478,0.002570651,0.002780289,0.002999059,0.003243928,0.003523026,0.003847527,0.00423462,0.00470653,0.005299338,0.00605391,0.007063207,0.008474772,0.010588173,0.014123511,0.021170585,0.042366914,-233.794037,-0.042443595,-0.02122248,-0.014135705,-0.01061097],"unit":"S"},"timestamps":{"value":[0.019,0.053,0.087,0.122,0.156,0.19,0.224,0.258,0.292,0.327,0.361,0.395,0.429,0.463,0.498,0.532,0.566,0.6,0.634,0.669,0.703,0.737,0.771,0.8050001,0.84,0.874,0.9080001,0.942,0.9770001],"unit":"s"},"sweep_direction":{"unit":"","value":"Reverse"},"p_max":{"unit":"mW","value":1.727},"v_p_max":{"unit":"V","value":0.9},"i_p_max":{"unit":"mA","value":1.919},"isc":{"unit":"mA","value":2.118},"voc":{"unit":"V","value":1.056},"jsc":{"unit":"mA\/cm2","value":22.606},"fill_factor":{"unit":"%","value":77.254},"efficiency":{"unit":"%","value":18.433},"r_s":{"unit":"ohms","value":28.647},"r_sh":{"unit":"ohms","value":4514.647},"temperature":{"unit":"oC","value":21.681},"cell_dimension":{"value":0.093699999392536,"unit":"cm2"},"key":"Reverse_[G6#C2]_Group-6_Dynamic"},{"V":{"value":[0.546,0.535,0.531,0.53,0.527,0.528,0.529,0.526,0.519,0.522,0.526,0.525,0.521,0.523,0.5,0.45,0.4,0.35,0.3,0.25,0.2,0.15,0.1,0.05,0,-0.05,-0.1,-0.15,-0.2],"unit":"V"},"J":{"value":[-0.106562732,-0.106724973,-0.106724973,-0.106725187,-0.106725187,-0.106724973,-0.10672508,-0.106725187,-0.1067254,-0.106725293,-0.1067254,-0.106725507,-0.106725507,-0.106725507,-0.09448446099999999,-0.078828271,-0.063755283,-0.053141813999999996,-0.040053756999999995,-0.029623938,-0.019850726000000003,-0.010268621,-0.0008996954109999999,0.008358466,0.01742841,0.026316788,0.034733916999999996,0.041921985,0.046001217],"unit":"A\/cm2"},"power_density":{"value":[-58.217757,-57.132877,-56.660416,-56.557828,-56.271527,-56.3883,-56.440299,-56.093915,-55.438627,-55.661349,-56.10454,-56.050849,-55.652837,-55.831261,-47.238196,-35.473061,-25.501769,-18.600161,-12.016107,-7.405857,-3.970175,-1.540255,-0.089964521,0.417861132,-0.000182831339,-1.315148,-3.47285,-6.287111,-9.199553],"unit":"mW\/cm2"},"I":{"value":[-0.009984928,-0.010000130000000001,-0.010000130000000001,-0.01000015,-0.01000015,-0.010000130000000001,-0.01000014,-0.01000015,-0.010000170000000001,-0.01000016,-0.010000170000000001,-0.010000180000000001,-0.010000180000000001,-0.010000180000000001,-0.008853194,-0.007386209,-0.00597387,-0.004979388,-0.003753037,-0.002775763,-0.001860013,-0.0009621698,-8.430146e-5,0.0007831883,0.0016330420000000001,0.002465883,0.003254568,0.00392809,0.004310314],"unit":"A"},"power":{"value":[-5.455004,-5.353351,-5.309081,-5.299468,-5.272642,-5.283584,-5.288456,-5.256,-5.194599,-5.215468,-5.256995,-5.251965,-5.214671,-5.231389,-4.426219,-3.323826,-2.389516,-1.742835,-1.125909,-0.693928814,-0.37200539,-0.14432191,-0.008429676,0.039153588,-1.7131296e-5,-0.123229371,-0.325406061,-0.589102335,-0.861998145],"unit":"mW"},"resistance":{"value":[-54.714846,-53.532114,-53.08943,-52.993095,-52.724839,-52.834463,-52.88308,-52.558422,-51.944227,-52.153016,-52.568166,-52.517755,-52.144831,-52.312008,-56.471969,-60.924935,-66.957366,-70.291751,-79.93513,-90.063777,-107.526937,-155.893793,-1186.153,63.832108,-0.006423852,-20.266059,-30.721254,-38.179293,-46.396852],"unit":"ohms"},"conductance":{"value":[-0.018276575,-0.018680376,-0.018836141,-0.018870383,-0.018966393,-0.01892704,-0.01890964,-0.019026447,-0.019251418,-0.019174347,-0.01902292,-0.01904118,-0.019177356,-0.01911607,-0.0177079,-0.016413641,-0.014934877,-0.01422642,-0.012510144,-0.011103243,-0.009299995,-0.006414624,-0.000843061643,0.015666097,-155.66984,-0.049343585,-0.032550755,-0.026192208,-0.021553186],"unit":"S"},"timestamps":{"value":[0.019,0.053,0.08800001,0.122,0.156,0.19,0.224,0.259,0.293,0.327,0.361,0.395,0.429,0.464,0.498,0.532,0.566,0.6,0.6350001,0.669,0.703,0.737,0.771,0.8060001,0.84,0.874,0.9080001,0.943,0.9770001],"unit":"s"},"sweep_direction":{"unit":"","value":"Reverse"},"p_max":{"unit":"mW","value":0.039},"v_p_max":{"unit":"V","value":0.05},"i_p_max":{"unit":"mA","value":0.783},"isc":{"unit":"mA","value":1.633},"voc":{"unit":"V","value":0.095},"jsc":{"unit":"mA\/cm2","value":17.427},"fill_factor":{"unit":"%","value":25.205},"efficiency":{"unit":"%","value":0.418},"r_s":{"unit":"ohms","value":40.427},"r_sh":{"unit":"ohms","value":68.239},"temperature":{"unit":"oC","value":21.675},"cell_dimension":{"value":0.09370000010885608,"unit":"cm2"},"key":"Reverse_[G5#C4]_Group-5_Dynamic"},{"V":{"value":[1.2,1.15,1.1,1.05,1,0.95,0.9,0.85,0.8,0.75,0.7,0.65,0.6,0.55,0.5,0.45,0.4,0.35,0.3,0.25,0.2,0.15,0.1,0.05,0,-0.05,-0.1,-0.15,-0.2],"unit":"V"},"J":{"value":[-0.056976254,-0.033042305,-0.013122999,0.001222229,0.010207434,0.015344001999999999,0.018219018,0.019770342,0.020547021999999998,0.020999168000000002,0.021255187,0.021421952999999997,0.021526574,0.021584237000000003,0.021614397,0.021613757,0.021635742,0.021619029,0.021628986000000003,0.021645347000000002,0.021634557000000002,0.021656286,0.021646382,0.021649061,0.021662561,0.021673501,0.021657236,0.021644931,0.021654493],"unit":"A\/cm2"},"power_density":{"value":[-68.371847,-37.99918,-14.435469,1.283356,10.207598,14.576971,16.397322,16.804921,16.437881,15.749596,14.87878,13.924342,12.916005,11.871272,10.807106,9.726692,8.654706,7.567097,6.488964,5.411512,4.327108,3.248475,2.164554,1.082339,-0.000216919791,-1.0831,-2.165386,-3.246019,-4.330543],"unit":"mW\/cm2"},"I":{"value":[-0.005338675,-0.003096064,-0.001229625,0.0001145229,0.0009564366,0.0014377329999999998,0.001707122,0.001852481,0.001925256,0.001967622,0.001991611,0.002007237,0.0020170400000000003,0.002022443,0.002025269,0.0020252089999999996,0.002027269,0.0020257030000000002,0.002026636,0.0020281690000000002,0.002027158,0.002029194,0.002028266,0.002028517,0.002029782,0.002030807,0.0020292829999999998,0.00202813,0.002029026],"unit":"A"},"power":{"value":[-6.406442,-3.560523,-1.352603,0.120250419,0.956451903,1.365862,1.536429,1.574621,1.540229,1.475737,1.394142,1.304711,1.21023,1.112338,1.012626,0.911391035,0.810945915,0.709036969,0.60801593,0.507058678,0.405450047,0.304382144,0.202818669,0.101415119,-2.0325384e-5,-0.101486513,-0.202896663,-0.304151963,-0.405771924],"unit":"mW"},"resistance":{"value":[-224.775998,-371.444518,-894.592254,9168.577,1045.564,660.770115,527.209713,458.847675,415.535804,381.17611,351.477774,323.829921,297.466981,271.946997,246.878662,222.210745,197.319103,172.789496,148.034674,123.267883,98.664781,73.921715,49.30127,24.645941,-0.004933328,-24.6077,-49.270806,-73.943337,-98.561379],"unit":"ohms"},"conductance":{"value":[-0.004448874,-0.002692192,-0.001117828,0.000109068182,0.000956421297,0.001513386,0.001896778,0.002179372,0.002406531,0.002623459,0.00284513,0.003088041,0.003361718,0.003677187,0.004050573,0.004500232,0.005067933,0.005787389,0.006755174,0.008112413,0.010135329,0.013527825,0.020283453,0.040574633,-202.702929,-0.040637686,-0.020295994,-0.013523869,-0.010145962],"unit":"S"},"timestamps":{"value":[0.019,0.053,0.087,0.122,0.156,0.19,0.224,0.258,0.292,0.327,0.361,0.395,0.429,0.463,0.498,0.532,0.566,0.6,0.634,0.669,0.703,0.737,0.771,0.8050001,0.839,0.874,0.9080001,0.942,0.9770001],"unit":"s"},"sweep_direction":{"unit":"","value":"Reverse"},"p_max":{"unit":"mW","value":1.575},"v_p_max":{"unit":"V","value":0.85},"i_p_max":{"unit":"mA","value":1.852},"isc":{"unit":"mA","value":2.03},"voc":{"unit":"V","value":1.054},"jsc":{"unit":"mA\/cm2","value":21.663},"fill_factor":{"unit":"%","value":73.582},"efficiency":{"unit":"%","value":16.805},"r_s":{"unit":"ohms","value":39.245},"r_sh":{"unit":"ohms","value":4985.51},"temperature":{"unit":"oC","value":21.671},"cell_dimension":{"value":0.09370000000351024,"unit":"cm2"},"key":"Reverse_[G5#C3]_Group-5_Dynamic"},{"V":{"value":[1.2,1.15,1.1,1.05,1,0.95,0.9,0.85,0.8,0.75,0.7,0.65,0.6,0.55,0.5,0.45,0.4,0.35,0.3,0.25,0.2,0.15,0.1,0.05,0,-0.05,-0.1,-0.15,-0.2],"unit":"V"},"J":{"value":[-0.054688986,-0.03137127,-0.012032572,0.001810483,0.010404692,0.015377812000000001,0.018296041,0.019925528,0.020842327,0.021340726,0.021641291,0.021843042,0.021970907,0.022045069,0.02209063,0.022133394,0.022130171,0.022150148999999997,0.022153234,0.022121782,0.022168495,0.022128975000000002,0.022161525999999997,0.022141825,0.022145026999999998,0.022154088000000002,0.022099242,0.022134034,0.022091366],"unit":"A\/cm2"},"power_density":{"value":[-65.627111,-36.077494,-13.235974,1.901029,10.404848,14.60908,16.466665,16.936831,16.674109,16.005764,15.149034,14.198005,13.182595,12.124762,11.045204,9.960534,8.852467,7.753,6.646265,5.53062,4.433896,3.319413,2.216071,1.106963,-0.000248149861,-1.107164,-2.209585,-3.319399,-4.417906],"unit":"mW\/cm2"},"I":{"value":[-0.005124358,-0.002939488,-0.001127452,0.0001696423,0.0009749196,0.001440901,0.001714339,0.0018670219999999999,0.001952926,0.001999626,0.002027789,0.002046693,0.002058674,0.002065623,0.002069892,0.002073899,0.002073597,0.002075469,0.002075758,0.0020728110000000004,0.002077188,0.002073485,0.002076535,0.002074689,0.002074989,0.002075838,0.0020706989999999996,0.002073959,0.0020699610000000004],"unit":"A"},"power":{"value":[-6.14926,-3.380461,-1.240211,0.178126451,0.974934224,1.368871,1.542927,1.586981,1.562364,1.49974,1.419464,1.330353,1.235209,1.13609,1.034936,0.933302042,0.829476125,0.726456074,0.622755008,0.518219125,0.415456087,0.31102897,0.207645879,0.103722479,-2.3251642e-5,-0.103741312,-0.207038115,-0.311027691,-0.413957839],"unit":"mW"},"resistance":{"value":[-234.176847,-391.230378,-975.661935,6189.565,1025.741,659.316844,524.990973,455.274014,409.647831,375.075289,345.206528,317.586126,291.450856,266.262914,241.556081,216.993643,192.910194,168.646316,144.531925,120.612974,96.288299,72.343422,48.155379,24.097216,-0.005400352,-24.074918,-48.285458,-72.31006,-96.612158],"unit":"ohms"},"conductance":{"value":[-0.004270277,-0.002556039,-0.001024945,0.000161562249,0.000974904976,0.001516721,0.001904795,0.002196479,0.002441121,0.002666131,0.002896817,0.003148752,0.00343111,0.003755686,0.004139825,0.00460843,0.005183759,0.005929569,0.006918887,0.008290982,0.010385478,0.013822957,0.020766112,0.041498569,-185.173131,-0.041537005,-0.020710169,-0.013829334,-0.010350664],"unit":"S"},"timestamps":{"value":[0.019,0.053,0.087,0.121,0.156,0.19,0.224,0.258,0.292,0.327,0.361,0.395,0.429,0.463,0.498,0.532,0.566,0.6,0.634,0.669,0.703,0.737,0.771,0.8050001,0.84,0.874,0.9080001,0.942,0.9770001],"unit":"s"},"sweep_direction":{"unit":"","value":"Reverse"},"p_max":{"unit":"mW","value":1.587},"v_p_max":{"unit":"V","value":0.85},"i_p_max":{"unit":"mA","value":1.867},"isc":{"unit":"mA","value":2.075},"voc":{"unit":"V","value":1.057},"jsc":{"unit":"mA\/cm2","value":22.145},"fill_factor":{"unit":"%","value":72.388},"efficiency":{"unit":"%","value":16.937},"r_s":{"unit":"ohms","value":40.492},"r_sh":{"unit":"ohms","value":4177.81},"temperature":{"unit":"oC","value":21.671},"cell_dimension":{"value":0.09370000021576556,"unit":"cm2"},"key":"Reverse_[G5#C2]_Group-5_Dynamic"},{"V":{"value":[1.2,1.15,1.1,1.05,1,0.95,0.9,0.85,0.8,0.75,0.7,0.65,0.6,0.55,0.5,0.45,0.4,0.35,0.3,0.25,0.2,0.15,0.1,0.05,0,-0.05,-0.1,-0.15,-0.2],"unit":"V"},"J":{"value":[-0.057928975,-0.033527375,-0.012889381,0.0022389320000000003,0.011574344,0.016542241,0.01903333,0.020363126999999998,0.021033276,0.019478911,0.019687182,0.021415454,0.022043479,0.022086564,0.022154088000000002,0.022146094,0.022171814,0.022151206,0.022172892,0.022168623000000002,0.022178463000000002,0.022183404,0.022167065,0.022172059999999997,0.022184002,0.022200779,0.022194482,0.022812946,0.029974792],"unit":"A\/cm2"},"power_density":{"value":[-69.515002,-38.557017,-14.178474,2.350903,11.57454,15.715311,17.130248,17.308807,16.826579,14.609384,13.771852,13.920092,13.226158,12.147561,11.076933,9.966241,8.869136,7.753374,6.652147,5.542304,4.435874,3.327551,2.216641,1.108491,-0.000243297497,-1.109472,-2.219108,-3.421013,-5.994461],"unit":"mW\/cm2"},"I":{"value":[-0.005427945,-0.003141515,-0.001207735,0.0002097879,0.001084516,0.001550008,0.001783423,0.001908025,0.001970818,0.0018251740000000002,0.001844689,0.002006628,0.002065474,0.002069511,0.002075838,0.002075089,0.002077499,0.0020755680000000003,0.0020775999999999998,0.0020772,0.002078122,0.002078585,0.002077054,0.002077522,0.002078641,0.002080213,0.002079623,0.0021375730000000003,0.002808638],"unit":"A"},"power":{"value":[-6.513556,-3.612793,-1.328523,0.220279603,1.084534,1.472525,1.605104,1.621835,1.57665,1.368899,1.290422,1.304313,1.239291,1.138226,1.037909,0.93383674,0.831038034,0.726491142,0.623306178,0.519313917,0.415641441,0.311791491,0.207699252,0.103865609,-2.2796976e-5,-0.10395748,-0.207930378,-0.320548951,-0.561680977],"unit":"mW"},"resistance":{"value":[-221.07888,-366.070511,-910.805765,5005.108,922.085981,612.907159,504.654925,445.490651,405.921805,410.925369,379.215087,323.927604,290.491771,265.762202,240.864171,216.869011,192.548107,168.638368,144.403446,120.357549,96.244686,72.165343,48.143688,24.064703,-0.005276164,-24.023713,-48.078257,-70.154002,-71.202982],"unit":"ohms"},"conductance":{"value":[-0.004523272,-0.002731714,-0.001097929,0.000199795907,0.001084498,0.001631568,0.001981552,0.002244716,0.002463529,0.002433532,0.002637026,0.00308711,0.003442438,0.003762762,0.004151718,0.004611078,0.005193507,0.005929849,0.006925042,0.008308577,0.010390184,0.013857067,0.020771155,0.041554637,-189.531651,-0.041625539,-0.020799423,-0.014254354,-0.014044356],"unit":"S"},"timestamps":{"value":[0.019,0.054,0.08800001,0.122,0.156,0.19,0.224,0.259,0.293,0.327,0.361,0.395,0.43,0.464,0.498,0.532,0.566,0.601,0.6350001,0.669,0.703,0.737,0.772,0.8060001,0.84,0.8750001,0.909,0.943,0.9770001],"unit":"s"},"sweep_direction":{"unit":"","value":"Reverse"},"p_max":{"unit":"mW","value":1.622},"v_p_max":{"unit":"V","value":0.85},"i_p_max":{"unit":"mA","value":1.908},"isc":{"unit":"mA","value":2.079},"voc":{"unit":"V","value":1.057},"jsc":{"unit":"mA\/cm2","value":22.184},"fill_factor":{"unit":"%","value":73.788},"efficiency":{"unit":"%","value":17.309},"r_s":{"unit":"ohms","value":38.019},"r_sh":{"unit":"ohms","value":1109.004},"temperature":{"unit":"oC","value":21.663},"cell_dimension":{"value":0.09370000073365703,"unit":"cm2"},"key":"Reverse_[G5#C1]_Group-5_Dynamic"},{"V":{"value":[0.354,0.34,0.339,0.334,0.325,0.324,0.32,0.318,0.317,0.316,0.313,0.31,0.308,0.308,0.311,0.31,0.309,0.311,0.3,0.25,0.2,0.15,0.1,0.05,0,-0.05,-0.1,-0.15,-0.2],"unit":"V"},"J":{"value":[-0.106618623,-0.106724973,-0.106724973,-0.106724973,-0.10672508,-0.106724973,-0.10672508,-0.106725187,-0.106725293,-0.1067254,-0.106725507,-0.106725507,-0.106725614,-0.106725614,-0.10672572,-0.10672572,-0.106725827,-0.106725934,-0.102304237,-0.082581014,-0.062373586,-0.042348079,-0.022178174999999998,-0.00250481,0.016209605,0.033137844,0.042337343,0.042702582999999995,0.050114215999999996],"unit":"A\/cm2"},"power_density":{"value":[-37.689747,-36.320397,-36.184547,-35.618617,-34.719323,-34.583513,-34.156754,-33.9091,-33.87829,-33.692985,-33.406354,-33.127725,-32.871425,-32.900252,-33.204666,-33.09825,-33.006552,-33.138541,-30.690003,-20.644229,-12.474187,-6.351771,-2.217583,-0.125217683,-0.00017391026,-1.656179,-4.233559,-6.403944,-10.022247],"unit":"mW\/cm2"},"I":{"value":[-0.009990164999999999,-0.010000130000000001,-0.010000130000000001,-0.010000130000000001,-0.01000014,-0.010000130000000001,-0.01000014,-0.01000015,-0.01000016,-0.010000170000000001,-0.010000180000000001,-0.010000180000000001,-0.010000189999999999,-0.010000189999999999,-0.010000199999999999,-0.010000199999999999,-0.010000209999999999,-0.01000022,-0.009585907000000001,-0.0077378410000000005,-0.005844405,-0.003968015,-0.002078095,-0.0002347007,0.00151884,0.003105016,0.003967009,0.0040012319999999995,0.0046957019999999995],"unit":"A"},"power":{"value":[-3.531529,-3.403221,-3.390492,-3.337464,-3.253201,-3.240475,-3.200488,-3.177283,-3.174396,-3.157033,-3.130175,-3.104068,-3.080053,-3.082754,-3.111277,-3.101306,-3.092714,-3.105081,-2.875653,-1.934364,-1.168831,-0.595160983,-0.207787493,-0.011732897,-1.6295391e-5,-0.155184011,-0.396684437,-0.600049558,-0.939084521],"unit":"mW"},"resistance":{"value":[-35.384861,-34.031328,-33.904039,-33.373776,-32.531095,-32.403909,-32.003982,-31.771873,-31.742942,-31.569253,-31.300627,-31.039561,-30.799355,-30.826364,-31.111528,-31.01182,-30.925841,-31.049447,-31.29465,-32.307151,-34.219309,-37.799655,-48.115899,-212.99847,-0.007063838,-16.096049,-25.206862,-37.480006,-42.589606],"unit":"ohms"},"conductance":{"value":[-0.028260673,-0.02938469,-0.029495011,-0.029963646,-0.03073982,-0.030860475,-0.031246112,-0.031474379,-0.031503066,-0.031676391,-0.031948242,-0.03221695,-0.032468213,-0.032439765,-0.032142427,-0.03224577,-0.032335419,-0.032206693,-0.031954344,-0.030952899,-0.029223267,-0.026455268,-0.020783151,-0.004694869,-141.566097,-0.062127047,-0.039671736,-0.026680892,-0.023479907],"unit":"S"},"timestamps":{"value":[0.02,0.054,0.08800001,0.122,0.156,0.19,0.225,0.259,0.293,0.327,0.361,0.396,0.43,0.464,0.498,0.532,0.567,0.601,0.6350001,0.669,0.703,0.737,0.772,0.8060001,0.84,0.8750001,0.909,0.943,0.9770001],"unit":"s"},"sweep_direction":{"unit":"","value":"Reverse"},"p_max":{"unit":"mW","value":0},"v_p_max":{"unit":"V","value":0},"i_p_max":{"unit":"mA","value":1.519},"isc":{"unit":"mA","value":1.518},"voc":{"unit":"V","value":0.043},"jsc":{"unit":"mA\/cm2","value":16.206},"fill_factor":{"unit":"%","value":-0.025},"efficiency":{"unit":"%","value":0},"r_s":{"unit":"ohms","value":27.909},"r_sh":{"unit":"ohms","value":60.701},"temperature":{"unit":"oC","value":21.66},"cell_dimension":{"value":0.09370000023354268,"unit":"cm2"},"key":"Reverse_[G4#C4]_Group-4_Dynamic"},{"V":{"value":[0.379,0.368,0.355,0.351,0.346,0.344,0.346,0.343,0.342,0.34,0.341,0.336,0.336,0.331,0.331,0.331,0.331,0.331,0.3,0.25,0.2,0.15,0.1,0.05,0,-0.05,-0.1,-0.15,-0.2],"unit":"V"},"J":{"value":[-0.106581953,-0.106724973,-0.10672508,-0.10672508,-0.10672508,-0.10672508,-0.106725187,-0.106725293,-0.106725507,-0.1067254,-0.106725507,-0.106725614,-0.106725614,-0.106725614,-0.10672572,-0.106725827,-0.106725827,-0.106726041,-0.095026692,-0.075948175,-0.056963586,-0.038153885000000005,-0.01956555,-0.001233441,0.016339157,0.033111131,0.047903436,0.056787097,0.063929018],"unit":"A\/cm2"},"power_density":{"value":[-40.417529,-39.305911,-37.927479,-37.461859,-36.941072,-36.743033,-36.876604,-36.617224,-36.542771,-36.319785,-36.382085,-35.868632,-35.819805,-35.31034,-35.290674,-35.319087,-35.316611,-35.300759,-28.506981,-18.986178,-11.392353,-5.722758,-1.956367,-0.061661986,-0.000167509036,-1.654679,-4.789734,-8.516514,-12.784621],"unit":"mW\/cm2"},"I":{"value":[-0.009986729,-0.010000130000000001,-0.01000014,-0.01000014,-0.01000014,-0.01000014,-0.01000015,-0.01000016,-0.010000180000000001,-0.010000170000000001,-0.010000180000000001,-0.010000189999999999,-0.010000189999999999,-0.010000189999999999,-0.010000199999999999,-0.010000209999999999,-0.010000209999999999,-0.01000023,-0.008904001,-0.007116344,-0.005337488,-0.003575019,-0.0018332919999999998,-0.0001155734,0.001530979,0.003102513,0.004488552000000001,0.005320951,0.005990148999999999],"unit":"A"},"power":{"value":[-3.787122,-3.682964,-3.553805,-3.510176,-3.461378,-3.442822,-3.455338,-3.431034,-3.424058,-3.403164,-3.409001,-3.360891,-3.356316,-3.308579,-3.306736,-3.309398,-3.309166,-3.307681,-2.671104,-1.779005,-1.067463,-0.536222462,-0.183311545,-0.005777728,-1.5695597e-5,-0.155043402,-0.448798061,-0.797997388,-1.197919],"unit":"mW"},"resistance":{"value":[-37.971943,-36.828681,-35.537052,-35.100779,-34.612815,-34.427258,-34.552342,-34.309241,-34.239344,-34.030481,-34.088786,-33.607631,-33.561882,-33.084531,-33.066039,-33.092595,-33.090275,-33.075289,-33.691506,-35.128796,-37.469611,-41.955441,-54.541431,-432.554982,-0.006696369,-16.107423,-22.276064,-28.185319,-33.385063],"unit":"ohms"},"conductance":{"value":[-0.026335234,-0.027152751,-0.028139644,-0.028489397,-0.028891033,-0.029046751,-0.028941598,-0.029146666,-0.029206167,-0.02938542,-0.02933516,-0.029755147,-0.029795707,-0.030225606,-0.03024251,-0.030218241,-0.030220359,-0.030234052,-0.029681072,-0.028466674,-0.026688294,-0.023834811,-0.018334686,-0.002311845,-149.334666,-0.062083177,-0.044891235,-0.035479464,-0.029953516],"unit":"S"},"timestamps":{"value":[0.019,0.053,0.08800001,0.122,0.156,0.19,0.224,0.259,0.293,0.327,0.361,0.395,0.43,0.464,0.498,0.532,0.566,0.601,0.6350001,0.669,0.703,0.737,0.771,0.8060001,0.84,0.874,0.909,0.943,0.9770001],"unit":"s"},"sweep_direction":{"unit":"","value":"Reverse"},"p_max":{"unit":"mW","value":0},"v_p_max":{"unit":"V","value":0},"i_p_max":{"unit":"mA","value":1.531},"isc":{"unit":"mA","value":1.531},"voc":{"unit":"V","value":0.046},"jsc":{"unit":"mA\/cm2","value":16.336},"fill_factor":{"unit":"%","value":-0.022},"efficiency":{"unit":"%","value":0},"r_s":{"unit":"ohms","value":29.929},"r_sh":{"unit":"ohms","value":43.469},"temperature":{"unit":"oC","value":21.648},"cell_dimension":{"value":0.09370000003659157,"unit":"cm2"},"key":"Reverse_[G4#C1]_Group-4_Dynamic"},{"V":{"value":[1.2,1.15,1.1,1.05,1,0.95,0.9,0.85,0.8,0.75,0.7,0.65,0.6,0.55,0.5,0.45,0.4,0.35,0.3,0.25,0.2,0.15,0.1,0.05,0,-0.05,-0.1,-0.15,-0.2],"unit":"V"},"J":{"value":[-0.066948645,-0.038719423999999995,-0.01470571,0.002790251,0.013089979,0.017831185000000003,0.019836393,0.020753725,0.021218889999999997,0.021482999,0.021609232,0.021690534,0.021718698,0.021727503,0.021767321,0.02174476,0.021763586,0.021751483000000002,0.021758837,0.021757321,0.021754184,0.021759691,0.021747727,0.02176556,0.021744247999999997,0.021774002,0.021761996,0.021748911,0.021764322],"unit":"A\/cm2"},"power_density":{"value":[-80.338708,-44.527995,-16.176472,2.929802,13.090201,16.939855,17.853035,17.640853,16.975409,16.11246,15.126613,14.098936,13.031288,11.950116,10.883597,9.785677,8.705852,7.613478,6.527936,5.439502,4.351065,3.264019,2.174714,1.088173,-0.000212553543,-1.088128,-2.17585,-3.261608,-4.352503],"unit":"mW\/cm2"},"I":{"value":[-0.0062730880000000004,-0.00362801,-0.0013779250000000001,0.00026144650000000004,0.001226531,0.001670782,0.00185867,0.0019446239999999998,0.0019882100000000002,0.002012957,0.002024785,0.002032403,0.002035042,0.0020358670000000002,0.0020395979999999997,0.002037484,0.002039248,0.002038114,0.002038803,0.0020386609999999998,0.002038367,0.0020388829999999996,0.002037762,0.002039433,0.002037436,0.0020402239999999998,0.0020390990000000004,0.002037873,0.002039317],"unit":"A"},"power":{"value":[-7.527737,-4.172273,-1.515735,0.274522485,1.226552,1.587264,1.672829,1.652948,1.590596,1.509737,1.417364,1.32107,1.221032,1.119726,1.019793,0.916917922,0.815738354,0.713382904,0.611667608,0.509681355,0.407694803,0.305838567,0.203770657,0.10196182,-1.9916267e-5,-0.101957603,-0.203877132,-0.305612681,-0.407829547],"unit":"mW"},"resistance":{"value":[-191.294144,-316.982864,-798.311229,4016.172,815.321423,568.603744,484.224849,437.107122,402.379024,372.591069,345.719175,319.820479,294.835782,270.154927,245.144926,220.872704,196.160153,171.737744,147.151588,122.633385,98.122909,73.571166,49.07211,24.514255,-0.004797776,-24.494237,-49.033387,-73.589718,-98.063911],"unit":"ohms"},"conductance":{"value":[-0.005227552,-0.003154745,-0.001252644,0.000248993347,0.00122651,0.001758694,0.002065156,0.002287769,0.002485219,0.002683908,0.002892521,0.003126754,0.003391719,0.00370158,0.00407922,0.004527495,0.005097875,0.005822832,0.006795713,0.008154386,0.0101913,0.013592281,0.020378174,0.040792592,-208.429896,-0.04082593,-0.020394267,-0.013588855,-0.010197431],"unit":"S"},"timestamps":{"value":[0.02,0.054,0.08800001,0.122,0.156,0.191,0.225,0.259,0.293,0.327,0.362,0.396,0.43,0.464,0.498,0.532,0.567,0.601,0.6350001,0.669,0.703,0.738,0.772,0.8060001,0.84,0.8750001,0.909,0.943,0.9770001],"unit":"s"},"sweep_direction":{"unit":"","value":"Reverse"},"p_max":{"unit":"mW","value":1.673},"v_p_max":{"unit":"V","value":0.9},"i_p_max":{"unit":"mA","value":1.859},"isc":{"unit":"mA","value":2.037},"voc":{"unit":"V","value":1.058},"jsc":{"unit":"mA\/cm2","value":21.744},"fill_factor":{"unit":"%","value":77.605},"efficiency":{"unit":"%","value":17.853},"r_s":{"unit":"ohms","value":29.255},"r_sh":{"unit":"ohms","value":4864.302},"temperature":{"unit":"oC","value":21.647},"cell_dimension":{"value":0.093699999454806,"unit":"cm2"},"key":"Reverse_[G3#C4]_Group-3_Dynamic"},{"V":{"value":[1.2,1.15,1.1,1.05,1,0.95,0.9,0.85,0.8,0.75,0.7,0.65,0.6,0.55,0.5,0.45,0.4,0.35,0.3,0.25,0.2,0.15,0.1,0.05,0,-0.05,-0.1,-0.15,-0.2],"unit":"V"},"J":{"value":[-0.012413351000000001,-0.014834941,-0.01061988,-0.006108502,-0.002453682,0.000432543223,0.003401743,0.00743267,0.012390939,0.016680896,0.019274141,0.020629424,0.021308943,0.021600757999999998,0.021792508000000002,0.021864013,0.021934386,0.021979787,0.021988292,0.022011676,0.022024973,0.022036681000000002,0.022044034,0.022038271,0.022043266,0.022048154,0.022053159,0.022045891,0.022057033],"unit":"A\/cm2"},"power_density":{"value":[-14.895972,-17.06042,-11.681996,-6.413994,-2.453716,0.410921123,3.061606,6.317817,9.912899,12.510848,13.491991,13.409167,12.785419,11.880384,10.89616,9.839333,8.77416,7.693369,6.59676,5.503071,4.405211,3.305562,2.204328,1.101813,-0.000247009562,-1.101849,-2.204982,-3.30615,-4.411056],"unit":"mW\/cm2"},"I":{"value":[-0.001163131,-0.001390034,-0.0009950828,-0.0005723665999999999,-0.00022991,4.05293e-5,0.0003187433,0.0006964412,0.0011610309999999999,0.001563,0.001805987,0.001932977,0.001996648,0.002023991,0.002041958,0.002048658,0.002055252,0.002059506,0.0020603030000000003,0.0020624940000000002,0.00206374,0.002064837,0.0020655260000000003,0.0020649860000000004,0.002065454,0.002065912,0.002066381,0.0020657,0.0020667439999999997],"unit":"A"},"power":{"value":[-1.395753,-1.598561,-1.094603,-0.600991226,-0.229913219,0.038503309,0.286872508,0.591979408,0.928838616,1.172266,1.2642,1.256439,1.197994,1.113192,1.02097,0.921945473,0.822138822,0.720868702,0.618116448,0.515637731,0.412768225,0.309731125,0.206545515,0.103239842,-2.3144796e-5,-0.103243291,-0.206606856,-0.309786212,-0.413315939],"unit":"mW"},"resistance":{"value":[-1031.695,-827.329403,-1105.448,-1834.508,-4349.589,23440.121,2823.624,1220.5,689.053005,479.853167,387.602347,336.269909,300.504896,271.739598,244.860913,219.667753,194.632337,169.953474,145.615669,121.215819,96.916181,72.646267,48.412157,24.211021,-0.005425282,-24.19013,-48.386469,-72.59849,-96.762879],"unit":"ohms"},"conductance":{"value":[-0.000969279064,-0.001208708,-0.000904610859,-0.000545105337,-0.000229906781,4.2661896e-5,0.000354154854,0.000819336516,0.001451267,0.002083971,0.002579964,0.002973802,0.003327733,0.003679994,0.004083951,0.00455233,0.005137892,0.005883963,0.006867393,0.008249748,0.010318194,0.013765332,0.020655968,0.041303503,-184.322223,-0.041339174,-0.020666935,-0.013774391,-0.010334542],"unit":"S"},"timestamps":{"value":[0.019,0.053,0.087,0.121,0.155,0.19,0.224,0.258,0.292,0.326,0.361,0.395,0.429,0.463,0.497,0.531,0.566,0.6,0.634,0.668,0.702,0.737,0.771,0.8050001,0.839,0.874,0.9080001,0.942,0.9760001],"unit":"s"},"sweep_direction":{"unit":"","value":"Reverse"},"p_max":{"unit":"mW","value":1.264},"v_p_max":{"unit":"V","value":0.7},"i_p_max":{"unit":"mA","value":1.806},"isc":{"unit":"mA","value":2.065},"voc":{"unit":"V","value":0.958},"jsc":{"unit":"mA\/cm2","value":22.043},"fill_factor":{"unit":"%","value":63.923},"efficiency":{"unit":"%","value":13.492},"r_s":{"unit":"ohms","value":149.388},"r_sh":{"unit":"ohms","value":2899.989},"temperature":{"unit":"oC","value":21.814},"cell_dimension":{"value":0.09370000091031018,"unit":"cm2"},"key":"Reverse_[G2#C4]_Group-2_Dynamic"},{"V":{"value":[1.2,1.15,1.1,1.05,1,0.95,0.9,0.85,0.8,0.75,0.7,0.65,0.6,0.55,0.5,0.45,0.4,0.35,0.3,0.25,0.2,0.15,0.1,0.05,0,-0.05,-0.1,-0.15,-0.2],"unit":"V"},"J":{"value":[-0.051450651,-0.027524152,-0.006388714,0.008212635000000001,0.016077566999999997,0.019458655000000002,0.020792902999999998,0.021418569999999998,0.021755859000000002,0.021948559,0.022086681,0.022159733,0.022209648000000002,0.022244376,0.022253457999999997,0.022271825,0.022271708,0.022284237000000002,0.022283222999999998,0.022286756,0.022288409999999998,0.02228429,0.022292188,0.022284568,0.022272284,0.022306253999999998,0.022280352,0.022302188,0.022303394],"unit":"A\/cm2"},"power_density":{"value":[-61.740987,-31.653242,-7.027662,8.623374,16.077824,18.48595,18.713891,18.205966,17.404972,16.461654,15.460809,14.403897,13.32586,12.234384,11.126633,10.022816,8.909084,7.799949,6.685252,5.571858,4.457889,3.342704,2.229158,1.1141,-0.000212405047,-1.114727,-2.227698,-3.344597,-4.460335],"unit":"mW\/cm2"},"I":{"value":[-0.004820926,-0.0025790130000000002,-0.0005986225,0.0007695239,0.001506468,0.001823276,0.001948295,0.00200692,0.002038524,0.0020565799999999997,0.0020695220000000003,0.002076367,0.0020810439999999998,0.002084298,0.002085149,0.00208687,0.002086859,0.002088033,0.0020879379999999997,0.002088269,0.0020884239999999997,0.002088038,0.002088778,0.002088064,0.002086913,0.002090096,0.002087669,0.002089715,0.0020898279999999997],"unit":"A"},"power":{"value":[-5.78513,-2.965909,-0.658491933,0.808010099,1.506492,1.732134,1.753492,1.705899,1.630846,1.542457,1.448678,1.349645,1.248633,1.146362,1.042566,0.939137829,0.834781163,0.73085519,0.626408126,0.522083121,0.417704222,0.313211338,0.208872119,0.104391152,-1.9902353e-5,-0.104449893,-0.208735334,-0.313388707,-0.417933417],"unit":"mW"},"resistance":{"value":[-248.915665,-445.913611,-1837.572,1364.497,663.814963,521.046567,461.949243,423.538806,392.447231,364.688317,338.245257,313.048319,288.318363,263.877334,239.788955,215.644578,191.684249,167.631881,143.688558,119.720017,95.770447,71.839066,47.87358,23.942863,-0.004569785,-23.909777,-47.893071,-71.764427,-95.694287],"unit":"ohms"},"conductance":{"value":[-0.004017425,-0.002242587,-0.000544196336,0.000732870831,0.001506444,0.001919214,0.00216474,0.002361059,0.002548113,0.002742068,0.002956435,0.003194395,0.003468388,0.00378964,0.004170334,0.00463726,0.005216913,0.005965452,0.006959496,0.008352822,0.010441634,0.013920003,0.020888348,0.0417661,-218.828692,-0.041823894,-0.020879847,-0.01393448,-0.010449945],"unit":"S"},"timestamps":{"value":[0.019,0.053,0.087,0.121,0.156,0.19,0.224,0.258,0.292,0.327,0.361,0.395,0.429,0.463,0.498,0.532,0.566,0.6,0.634,0.669,0.703,0.737,0.771,0.8050001,0.84,0.874,0.9080001,0.942,0.9770001],"unit":"s"},"sweep_direction":{"unit":"","value":"Reverse"},"p_max":{"unit":"mW","value":1.753},"v_p_max":{"unit":"V","value":0.9},"i_p_max":{"unit":"mA","value":1.948},"isc":{"unit":"mA","value":2.087},"voc":{"unit":"V","value":1.078},"jsc":{"unit":"mA\/cm2","value":22.272},"fill_factor":{"unit":"%","value":77.934},"efficiency":{"unit":"%","value":18.714},"r_s":{"unit":"ohms","value":34.543},"r_sh":{"unit":"ohms","value":6706.517},"temperature":{"unit":"oC","value":21.811},"cell_dimension":{"value":0.09370000002526692,"unit":"cm2"},"key":"Reverse_[G2#C3]_Group-2_Dynamic"},{"V":{"value":[1.2,1.15,1.1,1.05,1,0.95,0.9,0.85,0.8,0.75,0.7,0.65,0.6,0.55,0.5,0.45,0.4,0.35,0.3,0.25,0.2,0.15,0.1,0.05,0,-0.05,-0.1,-0.15,-0.2],"unit":"V"},"J":{"value":[-0.053519349,-0.029448207,-0.007918388,0.007176969,0.015532935,0.019141514999999998,0.020597577000000002,0.021233105999999998,0.021558613,0.021743276000000002,0.021845207999999998,0.021915656,0.021943169999999998,0.021972134,0.021982337,0.021986628,0.021992337,0.021986329000000002,0.021995730999999998,0.022006564,0.022000064,0.022009882999999997,0.022010438,0.022021078,0.022017737,0.022048292,0.022033319,0.022035965999999997,0.022045027000000002],"unit":"A\/cm2"},"power_density":{"value":[-64.223486,-33.865968,-8.71033,7.535911,15.533199,18.184669,18.538081,18.048314,17.247188,16.307686,15.291792,14.245242,13.165972,12.084637,10.991078,9.894508,8.797342,7.695659,6.598992,5.501815,4.400209,3.301531,2.200974,1.100932,-0.000230975313,-1.101835,-2.203004,-3.304677,-4.408655],"unit":"mW\/cm2"},"I":{"value":[-0.005014763,-0.002759297,-0.000741953,0.0006724820000000001,0.001455436,0.00179356,0.001929993,0.001989542,0.002020042,0.0020373450000000003,0.002046896,0.002053497,0.002056075,0.002058789,0.002059745,0.002060147,0.002060682,0.002060119,0.002061,0.002062015,0.002061406,0.002062326,0.0020623779999999997,0.002063375,0.002063062,0.002065925,0.002064522,0.00206477,0.002065619],"unit":"A"},"power":{"value":[-6.017741,-3.173241,-0.816157945,0.706114842,1.455461,1.703904,1.737018,1.691127,1.616061,1.52803,1.432841,1.334779,1.233652,1.13233,1.029864,0.927115388,0.824310923,0.721083264,0.618325556,0.51552004,0.412299547,0.309353437,0.206231221,0.10315734,-2.1642387e-5,-0.103241978,-0.20642148,-0.309648188,-0.413090957],"unit":"mW"},"resistance":{"value":[-239.294459,-416.779346,-1482.591,1561.399,687.091016,529.67952,466.329515,427.238128,396.038201,368.131318,341.984498,316.534672,291.819705,267.146512,242.746505,218.442616,194.119471,169.902904,145.566424,121.244462,97.025477,72.734476,48.48617,24.229464,-0.005084879,-24.189518,-48.430155,-72.631528,-96.815579],"unit":"ohms"},"conductance":{"value":[-0.004178952,-0.002399351,-0.000674494756,0.000640451118,0.001455411,0.001887934,0.002144406,0.002340615,0.002525009,0.002716422,0.002924109,0.003159212,0.003426773,0.003743264,0.004119524,0.004577861,0.005151467,0.005885715,0.006869716,0.008247799,0.010306571,0.013748638,0.020624438,0.041272065,-196.661525,-0.04134022,-0.020648292,-0.013768126,-0.010328916],"unit":"S"},"timestamps":{"value":[0.019,0.054,0.08800001,0.122,0.156,0.19,0.225,0.259,0.293,0.327,0.361,0.395,0.43,0.464,0.498,0.532,0.566,0.601,0.6350001,0.669,0.703,0.737,0.772,0.8060001,0.84,0.8750001,0.909,0.943,0.9770001],"unit":"s"},"sweep_direction":{"unit":"","value":"Reverse"},"p_max":{"unit":"mW","value":1.737},"v_p_max":{"unit":"V","value":0.9},"i_p_max":{"unit":"mA","value":1.93},"isc":{"unit":"mA","value":2.063},"voc":{"unit":"V","value":1.074},"jsc":{"unit":"mA\/cm2","value":22.018},"fill_factor":{"unit":"%","value":78.411},"efficiency":{"unit":"%","value":18.538},"r_s":{"unit":"ohms","value":33.795},"r_sh":{"unit":"ohms","value":7168.916},"temperature":{"unit":"oC","value":21.807},"cell_dimension":{"value":0.09369999997570973,"unit":"cm2"},"key":"Reverse_[G2#C2]_Group-2_Dynamic"},{"V":{"value":[0.383,0.377,0.374,0.372,0.37,0.367,0.367,0.366,0.366,0.365,0.366,0.366,0.366,0.365,0.364,0.362,0.361,0.35,0.3,0.25,0.2,0.15,0.1,0.05,0,-0.05,-0.1,-0.15,-0.2],"unit":"V"},"J":{"value":[-0.106592551,-0.10672508,-0.10672508,-0.10672508,-0.106725187,-0.10672508,-0.106725293,-0.106725187,-0.106725507,-0.1067254,-0.106725614,-0.106725507,-0.106725614,-0.106725614,-0.106725827,-0.106725827,-0.106725934,-0.10297601899999999,-0.086402604,-0.069286169,-0.052224354,-0.03520842,-0.018188399,-0.0012336,0.015670811,0.032461547,0.048643063,0.063932487,0.078216649],"unit":"A\/cm2"},"power_density":{"value":[-40.84585,-40.218194,-39.95358,-39.717504,-39.490881,-39.160153,-39.132846,-39.097801,-39.083414,-38.965871,-39.019461,-39.034256,-39.081212,-39.002534,-38.837806,-38.589348,-38.503259,-36.040783,-25.920012,-17.32078,-10.444537,-5.280904,-1.818639,-0.061666691,-0.000209227894,-1.622186,-4.86349,-9.587699,-15.642157],"unit":"mW\/cm2"},"I":{"value":[-0.009987722,-0.01000014,-0.01000014,-0.01000014,-0.01000015,-0.01000014,-0.01000016,-0.01000015,-0.010000180000000001,-0.010000170000000001,-0.010000189999999999,-0.010000180000000001,-0.010000189999999999,-0.010000189999999999,-0.010000209999999999,-0.010000209999999999,-0.01000022,-0.009648853,-0.008095924000000001,-0.006492114,-0.004893422000000001,-0.003299029,-0.001704253,-0.0001155883,0.0014683550000000002,0.003041647,0.004557855,0.005990474,0.0073289],"unit":"A"},"power":{"value":[-3.827256,-3.768445,-3.74365,-3.72153,-3.700296,-3.669306,-3.666748,-3.663464,-3.662116,-3.651102,-3.656123,-3.65751,-3.66191,-3.654537,-3.639102,-3.615822,-3.607755,-3.377021,-2.428705,-1.622957,-0.978653082,-0.4948207,-0.170406451,-0.005778169,-1.9604654e-5,-0.151998796,-0.455709019,-0.898367424,-1.46567],"unit":"mW"},"resistance":{"value":[-38.366717,-37.683392,-37.435456,-37.214259,-37.001845,-36.692036,-36.666303,-36.63354,-36.619841,-36.509779,-36.559845,-36.573782,-36.617704,-36.543986,-36.389496,-36.156701,-36.075966,-36.272912,-37.054585,-38.506564,-40.869886,-45.464832,-58.670244,-432.47647,-0.009092788,-16.429431,-21.936464,-25.034079,-27.287178],"unit":"ohms"},"conductance":{"value":[-0.026064258,-0.026536889,-0.026712644,-0.02687142,-0.027025679,-0.02725387,-0.027272998,-0.027297389,-0.027307601,-0.027389922,-0.027352413,-0.027341991,-0.027309194,-0.027364284,-0.027480458,-0.027657391,-0.027719285,-0.027568782,-0.026987214,-0.025969599,-0.024467893,-0.021995022,-0.017044415,-0.002312265,-109.977276,-0.06086638,-0.045586199,-0.039945548,-0.036647249],"unit":"S"},"timestamps":{"value":[0.019,0.053,0.08800001,0.122,0.156,0.19,0.224,0.259,0.293,0.327,0.361,0.395,0.43,0.464,0.498,0.532,0.566,0.601,0.6350001,0.669,0.703,0.737,0.772,0.8060001,0.84,0.8750001,0.909,0.943,0.9770001],"unit":"s"},"sweep_direction":{"unit":"","value":"Reverse"},"p_max":{"unit":"mW","value":0},"v_p_max":{"unit":"V","value":0},"i_p_max":{"unit":"mA","value":1.468},"isc":{"unit":"mA","value":1.468},"voc":{"unit":"V","value":0.046},"jsc":{"unit":"mA\/cm2","value":15.666},"fill_factor":{"unit":"%","value":-0.029},"efficiency":{"unit":"%","value":0},"r_s":{"unit":"ohms","value":32.377},"r_sh":{"unit":"ohms","value":34.044},"temperature":{"unit":"oC","value":21.806},"cell_dimension":{"value":0.09369999973075041,"unit":"cm2"},"key":"Reverse_[G2#C1]_Group-2_Dynamic"},{"V":{"value":[1.2,1.15,1.1,1.05,1,0.95,0.9,0.85,0.8,0.75,0.7,0.65,0.6,0.55,0.5,0.45,0.4,0.35,0.3,0.25,0.2,0.15,0.1,0.05,0,-0.05,-0.1,-0.15,-0.2],"unit":"V"},"J":{"value":[-0.043668815,-0.024928154,-0.006575157,0.007021616,0.015018485,0.018584152,0.019979359999999998,0.020564792000000002,0.02084588,0.021000822,0.021090011,0.021122198999999998,0.021148773,0.021172807,0.021171910000000002,0.021192156,0.021192273,0.021190874999999998,0.021196425,0.021186073,0.021188933,0.021195411,0.021194077,0.02121191,0.021205091,0.021236681,0.021211537,0.021219764999999998,0.021225112],"unit":"A\/cm2"},"power_density":{"value":[-52.402797,-28.667801,-7.232758,7.372788,15.018725,17.655145,17.981663,17.480227,16.676963,15.750837,14.763134,13.729467,12.689308,11.645008,10.585828,9.536941,8.477284,7.417209,6.359158,5.296675,4.237943,3.179339,2.11931,1.060448,-0.000237617249,-1.061301,-2.120848,-3.182284,-4.244719],"unit":"mW\/cm2"},"I":{"value":[-0.004091768,-0.002335768,-0.0006160922,0.0006579254,0.001407232,0.001741335,0.001872066,0.001926921,0.001953259,0.001967777,0.001976134,0.00197915,0.0019816400000000002,0.001983892,0.001983808,0.001985705,0.0019857160000000002,0.0019855849999999998,0.001986105,0.0019851350000000003,0.001985403,0.00198601,0.0019858849999999997,0.001987556,0.001986917,0.0019898769999999997,0.001987521,0.001988292,0.001988793],"unit":"A"},"power":{"value":[-4.910142,-2.686173,-0.677709429,0.690830223,1.407255,1.654287,1.684882,1.637897,1.562631,1.475853,1.383306,1.286451,1.188988,1.091137,0.991892097,0.893611333,0.794321547,0.694992476,0.595853149,0.49629844,0.397095292,0.297904082,0.198579305,0.099363967,-2.2264736e-5,-0.099443944,-0.19872348,-0.298179976,-0.39773016],"unit":"mW"},"resistance":{"value":[-293.272981,-492.350696,-1785.468,1595.945,710.626251,545.564639,480.758691,441.122132,409.578248,381.146085,354.230027,328.424728,302.780576,277.231976,252.037496,226.630945,201.447589,176.280038,151.054904,125.939747,100.738943,75.528975,50.353052,25.153022,-0.005639727,-25.114577,-50.306689,-75.425491,-100.556317],"unit":"ohms"},"conductance":{"value":[-0.003409792,-0.002031073,-0.000560077199,0.000626587861,0.001407209,0.001832963,0.002080046,0.002266946,0.002441536,0.002623666,0.002823024,0.003044838,0.003302722,0.003607088,0.003967664,0.00441246,0.00496407,0.005672792,0.006620109,0.007940305,0.009926648,0.013239952,0.01985977,0.039756654,-177.313539,-0.039817512,-0.019878072,-0.013258117,-0.009944676],"unit":"S"},"timestamps":{"value":[0.02,0.054,0.08800001,0.122,0.156,0.19,0.225,0.259,0.293,0.327,0.361,0.396,0.43,0.464,0.498,0.532,0.567,0.601,0.6350001,0.669,0.703,0.738,0.772,0.8060001,0.84,0.8750001,0.909,0.943,0.9770001],"unit":"s"},"sweep_direction":{"unit":"","value":"Reverse"},"p_max":{"unit":"mW","value":1.685},"v_p_max":{"unit":"V","value":0.9},"i_p_max":{"unit":"mA","value":1.872},"isc":{"unit":"mA","value":1.987},"voc":{"unit":"V","value":1.076},"jsc":{"unit":"mA\/cm2","value":21.205},"fill_factor":{"unit":"%","value":78.821},"efficiency":{"unit":"%","value":17.982},"r_s":{"unit":"ohms","value":39.643},"r_sh":{"unit":"ohms","value":8147.784},"temperature":{"unit":"oC","value":21.805},"cell_dimension":{"value":0.09370000079003747,"unit":"cm2"},"key":"Reverse_[G1#C4]_Group-1_Dynamic"},{"V":{"value":[1.2,1.15,1.1,1.05,1,0.95,0.9,0.85,0.8,0.75,0.7,0.65,0.6,0.55,0.5,0.45,0.4,0.35,0.3,0.25,0.2,0.15,0.1,0.05,0,-0.05,-0.1,-0.15,-0.2],"unit":"V"},"J":{"value":[-0.031092337,-0.01891841,-0.0064960190000000004,0.0045146579999999995,0.012165816,0.016319776,0.018280299,0.019213906000000003,0.019667566999999997,0.019941835999999998,0.020068345999999997,0.020137855,0.020189285,0.020205090999999998,0.020222679,0.020214237,0.020221612,0.020224087999999998,0.020218485,0.020229723,0.020226776999999998,0.020242999,0.020245923000000002,0.020241824999999998,0.020264887999999998,0.020287727000000002,0.020285656,0.020276713000000002,0.020265123],"unit":"A\/cm2"},"power_density":{"value":[-37.311085,-21.75655,-7.145712,4.74045,12.165987,15.503963,16.452497,16.331964,15.734287,14.956582,14.047962,13.089646,12.113617,11.112759,10.111238,9.09687,8.089013,7.078829,6.06579,5.057552,4.045535,3.036476,2.024513,1.011979,-0.000202924077,-1.013863,-2.028249,-3.040846,-4.052702],"unit":"mW\/cm2"},"I":{"value":[-0.002913352,-0.0017726550000000002,-0.0006086770000000001,0.00042302349999999997,0.001139937,0.001529163,0.001712864,0.001800343,0.001842851,0.0018685499999999999,0.001880404,0.0018869169999999999,0.001891736,0.001893217,0.001894865,0.001894074,0.001894765,0.001894997,0.001894472,0.001895525,0.001895249,0.001896769,0.001897043,0.0018966590000000002,0.0018988199999999998,0.00190096,0.001900766,0.0018999280000000002,0.001898842],"unit":"A"},"power":{"value":[-3.496049,-2.038589,-0.669553221,0.444180174,1.139953,1.452721,1.541599,1.530305,1.474303,1.401432,1.316294,1.2265,1.135046,1.041266,0.947423026,0.852376674,0.757940485,0.663286281,0.568364523,0.473892623,0.379066668,0.284517816,0.189696883,0.094822461,-1.9013986e-5,-0.094998955,-0.190046967,-0.284927262,-0.379738208],"unit":"mW"},"resistance":{"value":[-411.899764,-648.75568,-1807.221,2482.162,877.253743,621.261958,525.443059,472.136421,434.116432,401.386262,372.26362,344.478321,317.170208,290.509751,263.868402,237.595205,211.117579,184.707258,158.361855,131.892747,105.531727,79.082535,52.711557,26.35923,-0.00527358,-26.288928,-52.602167,-78.933202,-105.318979],"unit":"ohms"},"conductance":{"value":[-0.002427775,-0.001541412,-0.000553335685,0.000402874536,0.001139921,0.001609627,0.001903156,0.002118032,0.002303529,0.002491366,0.002686268,0.00290294,0.003152881,0.003442225,0.003789768,0.004208839,0.004736697,0.005413972,0.006314652,0.007581918,0.009475823,0.012645017,0.018971172,0.037937376,-189.62449,-0.038038828,-0.019010624,-0.01266894,-0.009494965],"unit":"S"},"timestamps":{"value":[0.019,0.053,0.087,0.122,0.156,0.19,0.224,0.258,0.292,0.327,0.361,0.395,0.429,0.463,0.498,0.532,0.566,0.6,0.634,0.669,0.703,0.737,0.771,0.8050001,0.84,0.874,0.9080001,0.942,0.9770001],"unit":"s"},"sweep_direction":{"unit":"","value":"Reverse"},"p_max":{"unit":"mW","value":1.542},"v_p_max":{"unit":"V","value":0.9},"i_p_max":{"unit":"mA","value":1.713},"isc":{"unit":"mA","value":1.899},"voc":{"unit":"V","value":1.071},"jsc":{"unit":"mA\/cm2","value":20.265},"fill_factor":{"unit":"%","value":75.839},"efficiency":{"unit":"%","value":16.452},"r_s":{"unit":"ohms","value":53.273},"r_sh":{"unit":"ohms","value":5002.657},"temperature":{"unit":"oC","value":21.804},"cell_dimension":{"value":0.09370000074294833,"unit":"cm2"},"key":"Reverse_[G1#C3]_Group-1_Dynamic"},{"V":{"value":[1.2,1.15,1.1,1.05,1,0.95,0.9,0.85,0.8,0.75,0.7,0.65,0.6,0.55,0.5,0.45,0.4,0.35,0.3,0.25,0.2,0.15,0.1,0.05,0,-0.05,-0.1,-0.15,-0.2],"unit":"V"},"J":{"value":[-0.034657898000000006,-0.023039189,-0.008300917,0.003833411,0.011371003,0.014910843,0.016382946,0.017059861000000003,0.017403469,0.017603746,0.017726019000000003,0.017763885,0.017803394,0.017808302999999998,0.017793863,0.017812572,0.017799829,0.017799253,0.017808196,0.01780412,0.017819136,0.017826788,0.017824739000000003,0.017829093,0.017835795,0.017838259999999998,0.017826905,0.017820822,0.017815848],"unit":"A\/cm2"},"power_density":{"value":[-41.589685,-26.495505,-9.131125,4.025131,11.371185,14.165472,14.744859,14.500998,13.922982,13.20297,12.408307,11.546561,10.682074,9.794524,8.896839,8.016071,7.120243,6.230086,5.342674,4.45114,3.563977,2.674045,1.782396,0.891317715,-0.000208366855,-0.891465637,-1.78243,-2.67256,-3.562895],"unit":"mW\/cm2"},"I":{"value":[-0.003247445,-0.0021587719999999998,-0.0007777958999999999,0.00035919060000000005,0.001065463,0.001397146,0.0015350820000000001,0.001598509,0.001630705,0.001649471,0.0016609279999999999,0.001664476,0.001668178,0.001668638,0.001667285,0.001669038,0.0016678440000000001,0.0016677900000000002,0.001668628,0.001668246,0.0016696530000000001,0.00167037,0.001670178,0.001670586,0.001671214,0.0016714450000000001,0.0016703809999999999,0.001669811,0.001669345],"unit":"A"},"power":{"value":[-3.896953,-2.482629,-0.855586379,0.377154799,1.06548,1.327305,1.381593,1.358744,1.304583,1.237118,1.162658,1.081913,1.00091,0.917746895,0.83363383,0.751105822,0.667166787,0.583759022,0.50060859,0.417071843,0.333944625,0.250558006,0.167010468,0.08351647,-1.9523974e-5,-0.08353033,-0.167013646,-0.250418884,-0.333843292],"unit":"mW"},"resistance":{"value":[-369.523117,-532.719064,-1414.271,2923.275,938.574122,679.965802,586.296172,531.749774,490.592658,454.696748,421.454332,390.514492,359.675107,329.608699,299.885622,269.63029,239.841076,209.870247,179.795676,149.861711,119.7904,89.801361,59.871229,29.92502,-0.006990433,-29.899231,-59.857817,-89.811601,-119.798244],"unit":"ohms"},"conductance":{"value":[-0.002706191,-0.001877162,-0.000707078183,0.00034208205,0.001065446,0.001470662,0.001705623,0.001880584,0.002038351,0.002199268,0.002372736,0.002560724,0.002780287,0.003033901,0.003334605,0.003708782,0.004169428,0.004764849,0.005561869,0.006672819,0.008347914,0.011135689,0.016702513,0.033416853,-143.052649,-0.033445676,-0.016706256,-0.011134419,-0.008347368],"unit":"S"},"timestamps":{"value":[0.019,0.053,0.08800001,0.122,0.156,0.19,0.224,0.259,0.293,0.327,0.361,0.395,0.43,0.464,0.498,0.532,0.566,0.601,0.6350001,0.669,0.703,0.737,0.772,0.8060001,0.84,0.874,0.909,0.943,0.9770001],"unit":"s"},"sweep_direction":{"unit":"","value":"Reverse"},"p_max":{"unit":"mW","value":1.382},"v_p_max":{"unit":"V","value":0.9},"i_p_max":{"unit":"mA","value":1.535},"isc":{"unit":"mA","value":1.671},"voc":{"unit":"V","value":1.066},"jsc":{"unit":"mA\/cm2","value":17.836},"fill_factor":{"unit":"%","value":77.566},"efficiency":{"unit":"%","value":14.745},"r_s":{"unit":"ohms","value":49.629},"r_sh":{"unit":"ohms","value":6573.77},"temperature":{"unit":"oC","value":21.8},"cell_dimension":{"value":0.09369999877084292,"unit":"cm2"},"key":"Reverse_[G1#C2]_Group-1_Dynamic"},{"V":{"value":[1.2,1.15,1.1,1.05,1,0.95,0.9,0.85,0.8,0.75,0.7,0.65,0.6,0.55,0.5,0.45,0.4,0.35,0.3,0.25,0.2,0.15,0.1,0.05,0,-0.05,-0.1,-0.15,-0.2],"unit":"V"},"J":{"value":[-0.029727898,-0.020908239,-0.010089534,-5.5958869e-5,0.007154704,0.011054354,0.012783234000000001,0.01353461,0.013918495,0.014113778,0.014204867,0.014254088,0.01427651,0.014272593,0.014280288,0.014293842,0.014299605,0.014302092,0.0142981,0.014294674,0.014306862,0.014307117999999999,0.014308196,0.014319445,0.014305358,0.014335486,0.014315197,0.014312689,0.014319691],"unit":"A\/cm2"},"power_density":{"value":[-35.673655,-24.044851,-11.098628,-0.058757596,7.154805,10.501745,11.505055,11.504492,11.134941,10.585465,9.943468,9.265161,8.565939,7.849861,7.140066,6.432551,5.720075,5.006007,4.289583,3.57375,2.861475,2.146082,1.43075,0.715876025,-0.000170533166,-0.716424924,-1.431317,-2.146464,-2.86374],"unit":"mW\/cm2"},"I":{"value":[-0.002785504,-0.001959102,-0.0009453893,-5.243346e-6,0.0006703958,0.001035793,0.0011977889999999999,0.001268193,0.001304163,0.001322461,0.001330996,0.0013356079999999998,0.001337709,0.001337342,0.001338063,0.001339333,0.001339873,0.001340106,0.001339732,0.001339411,0.0013405530000000002,0.001340577,0.001340678,0.001341732,0.001340412,0.001343235,0.001341334,0.0013410990000000001,0.001341755],"unit":"A"},"power":{"value":[-3.342622,-2.253003,-1.039941,-0.005505587,0.670405186,0.984013501,1.078024,1.077971,1.043344,0.991858049,0.931702923,0.868145601,0.802628477,0.735531948,0.669024141,0.602729985,0.53597104,0.46906283,0.401933935,0.334860385,0.268120252,0.201087891,0.134061284,0.067077584,-1.5978958e-5,-0.067129015,-0.134114407,-0.201123678,-0.268332484],"unit":"mW"},"resistance":{"value":[-430.803905,-587.012825,-1163.557,-200256.477,1491.677,917.181136,751.39386,670.249244,613.428229,567.131507,525.925172,486.669966,448.529762,411.260097,373.670373,336.004937,298.547922,261.187697,223.933369,186.653462,149.197533,111.892864,74.585501,37.260258,-0.008893482,-37.205426,-74.54209,-111.825674,-149.048224],"unit":"ohms"},"conductance":{"value":[-0.002321242,-0.00170354,-0.00085943388,-4.993596e-6,0.000670386415,0.001090297,0.00133086,0.001491982,0.001630183,0.001763259,0.001901411,0.002054781,0.002229506,0.002431551,0.002676155,0.002976147,0.003349546,0.003828664,0.004465614,0.005357522,0.006702524,0.00893712,0.013407432,0.026838247,-112.441898,-0.0268778,-0.01341524,-0.00894249,-0.006709238],"unit":"S"},"timestamps":{"value":[0.019,0.053,0.087,0.121,0.156,0.19,0.224,0.258,0.292,0.327,0.361,0.395,0.429,0.463,0.498,0.532,0.566,0.6,0.634,0.668,0.703,0.737,0.771,0.8050001,0.839,0.874,0.9080001,0.942,0.9760001],"unit":"s"},"sweep_direction":{"unit":"","value":"Reverse"},"p_max":{"unit":"mW","value":1.078},"v_p_max":{"unit":"V","value":0.9},"i_p_max":{"unit":"mA","value":1.198},"isc":{"unit":"mA","value":1.34},"voc":{"unit":"V","value":1.05},"jsc":{"unit":"mA\/cm2","value":14.305},"fill_factor":{"unit":"%","value":76.622},"efficiency":{"unit":"%","value":11.505},"r_s":{"unit":"ohms","value":61.471},"r_sh":{"unit":"ohms","value":6212.376},"temperature":{"unit":"oC","value":21.801},"cell_dimension":{"value":0.09369999856700262,"unit":"cm2"},"key":"Reverse_[G1#C1]_Group-1_Dynamic"}]}}