{"_id":"6567180ca4d59d307a7a8be5","id":"CNU_HEMD-SC-00168","author":112,"group":9,"input":[{"tco":{"unit":"","value":"ITO"}},{"etl":[{"material":{"unit":"","value":"SnCl2\u22192H2O"},"concentration":{"unit":"","value":"7.5"},"conc_unit":{"unit":"","value":"mg\/ml"},"quantity":{"unit":"ml","value":"0.1"}}],"solvent":[{"material":{"unit":"","value":"IPA"},"volume":{"unit":"ml","value":"1"}}],"spin_coating":[{"type":{"unit":"","value":"drop&run"},"rpm":{"unit":"","value":"3000"},"time":{"unit":"s","value":"30"}}],"annealing":[{"temperature":{"unit":"oC","value":"195"},"time":{"unit":"m","value":"60"}}]},{"etl":[{"material":{"unit":"","value":"SnO2"},"concentration":{"unit":"","value":"15"},"conc_unit":{"unit":"","value":"wt%"},"quantity":{"unit":"ml","value":"0.01"}}],"solvent":[{"material":{"unit":"","value":"DI-Water"},"volume":{"unit":"ml","value":"0.05"}}],"spin_coating":[{"type":{"unit":"","value":"drop&run"},"rpm":{"unit":"","value":"3000"},"time":{"unit":"s","value":"30"}}],"annealing":[{"temperature":{"unit":"oC","value":"105"},"time":{"unit":"m","value":"30"}}]},{"perovskite":{"method":{"unit":"","value":"1step"},"molarity":{"unit":"M","value":"1.27M"},"a_site":[{"material":{"unit":"","value":"FA"},"ratio":{"unit":"%","value":"95"}},{"material":{"unit":"","value":"MA"},"ratio":{"unit":"%","value":"5"}}],"b_site":[{"material":{"unit":"","value":"Pb"},"ratio":{"unit":"%","value":"110"}}],"x_site":[{"material":{"unit":"","value":"I"},"ratio":{"unit":"%","value":"95"}},{"material":{"unit":"","value":"Br"},"ratio":{"unit":"%","value":"5"}}],"solvent":[{"material":{"unit":"","value":"DMF"},"volume":{"unit":"ml","value":"0.88"}},{"material":{"unit":"","value":"DMSO"},"volume":{"unit":"ml","value":"0.11"}}],"additive":[{"material":{"unit":"","value":"MACl"},"solvent":{"unit":"","value":"DMF+DMSO"},"concentration":{"unit":"","value":"0.167"},"conc_unit":{"unit":"","value":"M"},"quantity":{"unit":"mol%","value":"44"}}],"antisolvent":[{"material":{"unit":"","value":"DEE"},"quantity":{"unit":"ul","value":"1000"},"dripping_time":{"unit":"s","value":"12"}}],"spin_coating":[{"type":{"unit":"","value":"drop&run"},"rpm":{"unit":"","value":"5000"},"time":{"unit":"s","value":"14"}}],"annealing":[{"temperature":{"unit":"oC","value":"105"},"time":{"unit":"m","value":"60"}}],"atmosphere":[{"type":{"unit":"","value":"air"},"temperature":{"unit":"oC","value":"17"},"humidity":{"unit":"RH%","value":"24"}}]}},{"htl":[{"material":{"unit":"","value":"Spiro-OMeTAD_Lumtec"},"concentration":{"unit":"","value":"0.091"},"conc_unit":{"unit":"","value":"mg\/ml"},"quantity":{"unit":"ml","value":"0.08"}}],"solvent":[{"material":{"unit":"","value":"CB"},"volume":{"unit":"ml","value":"1"}}],"htl_doping":[{"material":{"unit":"","value":"tBP"},"volume":{"unit":"ul","value":"0.0354"}},{"material":{"unit":"","value":"Li-TFSI"},"volume":{"unit":"ul","value":"0.0209"}},{"material":{"unit":"","value":"Co-TFSI"},"volume":{"unit":"ul","value":"0.00909"}}],"spin_coating":[{"type":{"unit":"","value":"dynamic"},"rpm":{"unit":"","value":"5000"},"time":{"unit":"s","value":"30"}}]},{"perovskite_treatment":[{"material":{"unit":"","value":"MACl"},"concentration":{"unit":"","value":"10"},"conc_unit":{"unit":"","value":"mM"},"quantity":{"unit":"ml","value":"0.1"}}],"solvent":[{"material":{"unit":"","value":"IPA"},"volume":{"unit":"ml","value":"0.1"}}],"spin_coating":[{"type":{"unit":"","value":"dynamic"},"rpm":{"unit":"","value":"5000"},"time":{"unit":"s","value":"30"}}]},{"anode_metal":{"unit":"","value":"Ag"}},{"type":{"unit":"","value":"unit_cell"},"device_type":{"unit":"","value":"n-i-p"},"cell_dimension":{"unit":"cm2","value":"0.0937"}}],"fileinfo":[{"key":"Reverse_[G2#C3]_Group-2_Dynamic","uploadType":"JV","original_name":"[G2#C3]_Group-2_Dynamic-IV_[231012_142736].csv","save_name":"CNU_HEMD-SC-00168\/Reverse_[G2#C3]_Group-2_Dynamic","uploader":112,"fileType":""},{"key":"Reverse_[G2#C4]_Group-2_Dynamic","uploadType":"JV","original_name":"[G2#C4]_Group-2_Dynamic-IV_[231012_142736].csv","save_name":"CNU_HEMD-SC-00168\/Reverse_[G2#C4]_Group-2_Dynamic","uploader":112,"fileType":""},{"key":"Reverse_[G2#C2]_Group-2_Dynamic","uploadType":"JV","original_name":"[G2#C2]_Group-2_Dynamic-IV_[231012_142834].csv","save_name":"CNU_HEMD-SC-00168\/Reverse_[G2#C2]_Group-2_Dynamic","uploader":112,"fileType":""},{"key":"Reverse_[G2#C1]_Group-2_Dynamic","uploadType":"JV","original_name":"[G2#C1]_Group-2_Dynamic-IV_[231012_142834].csv","save_name":"CNU_HEMD-SC-00168\/Reverse_[G2#C1]_Group-2_Dynamic","uploader":112,"fileType":""}],"jvcnt":4,"updated_at":"2024-08-30 12:51:28","created_at":"2023-11-29 10:53:00","analysisInfo":{"JV":[{"efficiency":19.345,"fill_factor":81.008,"jsc":22.246,"voc":1.073,"key":"Reverse_[G2#C4]_Group-2_Dynamic","cell_dimension":0.09370000110759345},{"efficiency":19.254,"fill_factor":81.136,"jsc":22.286,"voc":1.065,"key":"Reverse_[G2#C3]_Group-2_Dynamic","cell_dimension":0.09369999959881722},{"efficiency":17.909,"fill_factor":78.556,"jsc":22.304,"voc":1.022,"key":"Reverse_[G2#C2]_Group-2_Dynamic","cell_dimension":0.09369999966993493},{"efficiency":16.926,"fill_factor":78.152,"jsc":21.711,"voc":0.998,"key":"Reverse_[G2#C1]_Group-2_Dynamic","cell_dimension":0.09370000103968956}]},"public":2,"tags":[],"analysis":{"JV":[{"V":{"value":[1.2,1.15,1.1,1.05,1,0.95,0.9,0.85,0.8,0.75,0.7,0.65,0.6,0.55,0.5,0.45,0.4,0.35,0.3,0.25,0.2,0.15,0.1,0.05,0,-0.05,-0.1,-0.15,-0.2,-0.2,-0.15,-0.1,-0.05,0,0.05,0.1,0.15,0.2,0.25,0.3,0.35,0.4,0.45,0.5,0.55,0.6,0.65,0.7,0.75,0.8,0.85,0.9,0.95,1,1.05,1.1,1.15,1.2],"unit":"V"},"J":{"value":[-0.040357768999999995,-0.024507801,-0.007494295,0.006598574,0.015926734,0.020091483,0.021493874000000003,0.021893159000000002,0.022064888,0.022138879,0.022163191000000002,0.022190768,0.022201676,0.022202871,0.022205528000000002,0.022203799,0.022211814,0.022201238,0.022212988,0.022200822,0.022211856999999998,0.022215091,0.022225091,0.022239007,0.022246478,0.022265155000000002,0.022248729999999998,0.022244674,0.022234397000000003,0.022331985,0.022277855,0.022264931,0.022241868,0.02224412,0.022215454000000003,0.022222529,0.022205390000000002,0.022214397,0.022223266,0.022209573,0.022214856,0.022191483,0.022158677,0.022114781,0.022033735,0.021908505999999998,0.02170222,0.021368655,0.020859039,0.019603394000000003,0.018766158,0.016734642,0.013467898,0.008321472,0.0006196028820000001,-0.009983261,-0.023162583,-0.03731048],"unit":"A\/cm2"},"power_density":{"value":[-48.429646,-28.184388,-8.243814,6.928582,15.926957,19.087088,19.344714,18.609308,17.65212,16.604328,15.514314,14.423991,13.320992,12.211424,11.102584,9.99216,8.885034,7.770786,6.664076,5.550259,4.442462,3.332197,2.222316,1.111706,-0.000376582153,-1.112731,-2.224558,-3.336003,-4.446584,-4.466069,-3.34099,-2.226188,-1.111557,-0.000360631898,1.110544,2.222065,3.330746,4.442939,5.555859,6.663056,7.775542,8.876909,9.971828,11.057227,12.118433,13.145097,14.106441,14.958151,15.644459,15.682939,15.951388,15.061411,12.79468,8.32163,0.650596037,-10.981747,-26.637387,-44.772949],"unit":"mW\/cm2"},"I":{"value":[-0.003781523,-0.0022963809999999997,-0.0007022154000000001,0.0006182864,0.001492335,0.0018825719999999999,0.002013976,0.002051389,0.00206748,0.0020744129999999998,0.002076691,0.002079275,0.002080297,0.002080409,0.002080658,0.0020804960000000003,0.002081247,0.002080256,0.0020813570000000003,0.002080217,0.002081251,0.002081554,0.002082491,0.002083795,0.002084495,0.002086245,0.002084706,0.002084326,0.002083363,0.002092507,0.0020874350000000003,0.0020862240000000002,0.002084063,0.002084274,0.002081588,0.002082251,0.002080645,0.0020814889999999997,0.0020823200000000004,0.002081037,0.002081532,0.002079342,0.0020762679999999996,0.002072155,0.002064561,0.002052827,0.002033498,0.002002243,0.001954492,0.001836838,0.001758389,0.001568036,0.0012619419999999998,0.0007797219,5.8056789999999995e-5,-0.0009354316,-0.002170334,-0.0034959920000000003],"unit":"A"},"power":{"value":[-4.537858,-2.640877,-0.772445367,0.649208139,1.492356,1.78846,1.8126,1.743692,1.654004,1.555826,1.453691,1.351528,1.248177,1.14421,1.040312,0.936265434,0.832527729,0.728122676,0.624423959,0.520059243,0.416258733,0.312226855,0.208231024,0.104166807,-3.5285748e-5,-0.10426291,-0.208441081,-0.312583452,-0.416644891,-0.41847064,-0.313050748,-0.20859384,-0.104152862,-3.3791209e-5,0.10405796,0.208207526,0.312090924,0.41630342,0.520583956,0.624328373,0.728568256,0.831766327,0.934360257,1.036062,1.135497,1.231696,1.321773,1.401579,1.465886,1.469491,1.494645,1.411254,1.198862,0.779736715,0.060960849,-1.02899,-2.495923,-4.195225],"unit":"mW"},"resistance":{"value":[-317.334577,-500.795382,-1566.488,1698.262,670.100212,504.633501,446.882485,414.356127,386.949088,361.551726,337.076436,312.60877,288.420067,264.367728,240.304702,216.304333,192.199148,168.256167,144.140626,120.180923,96.09802,72.060105,48.015247,23.989399,-0.008120777,-23.955168,-47.961602,-71.950645,-95.992249,-95.572106,-71.843722,-47.926929,-23.980019,-0.007778469,24.015175,48.020897,72.091683,96.086359,120.059309,144.162886,168.152784,192.375376,216.744226,241.29112,266.397796,292.27972,319.646196,349.610062,383.735825,435.537266,483.401682,573.975279,752.818434,1282.533,18086.102,-1175.945,-529.880654,-343.253074],"unit":"ohms"},"conductance":{"value":[-0.003151248,-0.001996824,-0.000638370672,0.000588837461,0.001492314,0.001981636,0.002237725,0.002413383,0.002584319,0.002765856,0.002966686,0.003198887,0.003467165,0.00378261,0.004161383,0.004623116,0.005202937,0.005943319,0.006937669,0.008320788,0.010406042,0.013877304,0.020826718,0.041685079,-123.140919,-0.041744645,-0.020850012,-0.013898416,-0.010417508,-0.010463304,-0.013919101,-0.020865096,-0.041701385,-128.560009,0.041640338,0.020824268,0.013871226,0.010407305,0.008329217,0.006936598,0.005946973,0.00519817,0.004613733,0.004144371,0.003753785,0.00342138,0.003128459,0.00286033,0.002605959,0.002296015,0.002068673,0.001742235,0.001328342,0.000779707086,5.5291075e-5,-0.000850379994,-0.001887217,-0.002913302],"unit":"S"},"timestamps":{"value":[0.019,0.053,0.08800001,0.122,0.156,0.19,0.224,0.259,0.293,0.327,0.361,0.395,0.43,0.464,0.498,0.532,0.566,0.601,0.6350001,0.669,0.703,0.737,0.772,0.8060001,0.84,0.8750001,0.909,0.943,0.9770001,0.019,0.053,0.087,0.121,0.156,0.19,0.224,0.259,0.293,0.327,0.361,0.395,0.429,0.464,0.498,0.532,0.566,0.6,0.6350001,0.669,0.703,0.737,0.771,0.8060001,0.84,0.874,0.9080001,0.942,0.9770001],"unit":"s"},"sweep_direction":{"unit":"","value":"Reverse"},"p_max":{"unit":"mW","value":1.813},"v_p_max":{"unit":"V","value":0.9},"i_p_max":{"unit":"mA","value":2.014},"isc":{"unit":"mA","value":2.084},"voc":{"unit":"V","value":1.073},"jsc":{"unit":"mA\/cm2","value":22.246},"fill_factor":{"unit":"%","value":81.008},"efficiency":{"unit":"%","value":19.345},"r_s":{"unit":"ohms","value":41.13},"r_sh":{"unit":"ohms","value":13744.22},"temperature":{"unit":"oC","value":25.062},"cell_dimension":{"value":0.09370000110759345,"unit":"cm2"},"key":"Reverse_[G2#C4]_Group-2_Dynamic"},{"V":{"value":[1.2,1.15,1.1,1.05,1,0.95,0.9,0.85,0.8,0.75,0.7,0.65,0.6,0.55,0.5,0.45,0.4,0.35,0.3,0.25,0.2,0.15,0.1,0.05,0,-0.05,-0.1,-0.15,-0.2,-0.2,-0.15,-0.1,-0.05,0,0.05,0.1,0.15,0.2,0.25,0.3,0.35,0.4,0.45,0.5,0.55,0.6,0.65,0.7,0.75,0.8,0.85,0.9,0.95,1,1.05,1.1,1.15,1.2],"unit":"V"},"J":{"value":[-0.039632807,-0.027070043,-0.010469517,0.004404529,0.014585806,0.018050543999999998,0.021393148,0.02194238,0.022093938,0.022235155,0.022258334999999997,0.022291014,0.022279007,0.021836062,0.021917033,0.022006425,0.021368591,0.020384696,0.020873436000000002,0.020124237,0.020724546,0.021600043,0.021970203,0.022201857000000002,0.022286265,0.022329242,0.022307994,0.022431889000000003,0.022609851,0.022428239000000003,0.022351547,0.022337886999999997,0.022318367,0.022346776999999998,0.022305902,0.022303339999999998,0.022305165,0.022293938,0.022280213,0.022282326999999998,0.022264888,0.022251846,0.022216542,0.022145539,0.022060075000000002,0.021694568,0.020973799,0.020922572,0.020618314000000002,0.01790412,0.017517416999999997,0.01598159,0.013485091000000001,0.008396434,0.00041157107799999997,-0.010773639,-0.024331868,-0.037388111],"unit":"A\/cm2"},"power_density":{"value":[-47.559606,-31.130982,-11.516709,4.624756,14.585995,17.148181,19.25405,18.651365,17.675349,16.676504,15.580888,14.489139,13.367333,12.009699,10.958324,9.9033,8.547734,7.134968,6.262175,5.031097,4.145019,3.239931,2.196819,1.109801,-0.000371942157,-1.115945,-2.230499,-3.364122,-4.521654,-4.485334,-3.352037,-2.233478,-1.115374,-0.000378279983,1.115028,2.23013,3.345708,4.458868,5.570096,6.684872,7.793058,8.901043,9.997864,11.072601,12.132909,13.016708,13.632942,14.645857,15.463739,14.323482,14.88982,14.383664,12.811024,8.396602,0.432158275,-11.851165,-27.982086,-44.866032],"unit":"mW\/cm2"},"I":{"value":[-0.003713594,-0.002536463,-0.0009809937,0.00041270440000000004,0.00136669,0.0016913359999999999,0.002004538,0.002056001,0.002070202,0.002083434,0.002085606,0.002088668,0.0020875430000000003,0.002046039,0.002053626,0.0020620020000000003,0.002002237,0.0019100459999999999,0.001955841,0.001885641,0.00194189,0.002023924,0.002058608,0.002080314,0.002088223,0.00209225,0.002090259,0.0021018680000000002,0.0021185429999999996,0.002101526,0.0020943399999999997,0.00209306,0.0020912310000000003,0.002093893,0.0020900629999999996,0.002089823,0.002089994,0.002088942,0.002087656,0.002087854,0.00208622,0.0020849980000000002,0.00208169,0.002075037,0.0020670289999999997,0.002032781,0.001965245,0.001960445,0.0019319360000000002,0.001677616,0.0016413819999999998,0.0014974749999999998,0.001263553,0.0007867459,3.856421e-5,-0.00100949,-0.002279896,-0.003503266],"unit":"A"},"power":{"value":[-4.456335,-2.916973,-1.079116,0.43333962,1.366708,1.606785,1.804104,1.747633,1.65618,1.562588,1.459929,1.357632,1.252519,1.125309,1.026795,0.927939253,0.800922631,0.66854647,0.586765795,0.471413833,0.388388292,0.303581516,0.205841943,0.103988323,-3.485098e-5,-0.104564023,-0.208997786,-0.315218195,-0.42367894,-0.420275779,-0.314085866,-0.209276865,-0.104510587,-3.5444834e-5,0.104478132,0.208963157,0.31349283,0.41779592,0.521917967,0.626372485,0.730209545,0.834027764,0.936799844,1.037503,1.136854,1.219666,1.277407,1.372317,1.448952,1.34211,1.395176,1.347749,1.200393,0.786761635,0.04049323,-1.110454,-2.621921,-4.203947],"unit":"mW"},"resistance":{"value":[-323.138717,-453.393564,-1121.335,2544.194,731.704337,561.691527,448.9863,413.431511,386.440067,359.985581,335.635014,311.20269,287.417696,268.80905,243.467506,218.243532,199.783492,183.249985,153.39023,132.581918,102.995175,74.111726,48.572064,24.028507,-0.007992106,-23.886644,-47.834527,-71.351055,-94.397895,-95.162277,-71.606759,-47.770288,-23.897709,-0.008084329,23.916997,47.846559,71.769106,95.74397,119.75244,143.691944,167.775019,191.853278,216.179594,240.955896,266.079479,295.161407,330.746904,357.063167,388.211721,476.873373,517.856843,601.021453,751.859162,1271.084,27227.862,-1089.674,-504.416868,-342.53979],"unit":"ohms"},"conductance":{"value":[-0.003094646,-0.002205589,-0.000891793808,0.00039305181,0.001366672,0.001780337,0.002227239,0.00241878,0.002587723,0.002777889,0.002979427,0.00321334,0.003479257,0.003720113,0.004107324,0.004582037,0.005005419,0.005457026,0.00651932,0.007542507,0.009709193,0.013493142,0.020587966,0.041617234,-125.123462,-0.0418644,-0.020905402,-0.01401521,-0.010593457,-0.010508366,-0.013965162,-0.020933514,-0.041845015,-123.696103,0.04181127,0.020900144,0.013933572,0.010444522,0.008350561,0.006959332,0.005960363,0.005212316,0.004625783,0.004150137,0.003758276,0.003387977,0.00302346,0.002800625,0.002575914,0.002096993,0.001931036,0.001663834,0.001330036,0.000786730165,3.6727085e-5,-0.000917705668,-0.001982487,-0.002919369],"unit":"S"},"timestamps":{"value":[0.019,0.053,0.087,0.122,0.156,0.19,0.224,0.258,0.293,0.327,0.361,0.395,0.429,0.464,0.498,0.532,0.566,0.6,0.634,0.669,0.703,0.737,0.771,0.8050001,0.84,0.874,0.9080001,0.943,0.9770001,0.019,0.053,0.08800001,0.122,0.156,0.19,0.225,0.259,0.293,0.327,0.361,0.396,0.43,0.464,0.498,0.532,0.566,0.601,0.6350001,0.669,0.703,0.737,0.772,0.8060001,0.84,0.874,0.9080001,0.943,0.9770001],"unit":"s"},"sweep_direction":{"unit":"","value":"Reverse"},"p_max":{"unit":"mW","value":1.804},"v_p_max":{"unit":"V","value":0.9},"i_p_max":{"unit":"mA","value":2.005},"isc":{"unit":"mA","value":2.088},"voc":{"unit":"V","value":1.065},"jsc":{"unit":"mA\/cm2","value":22.286},"fill_factor":{"unit":"%","value":81.136},"efficiency":{"unit":"%","value":19.254},"r_s":{"unit":"ohms","value":42.278},"r_sh":{"unit":"ohms","value":534.724},"temperature":{"unit":"oC","value":25.05},"cell_dimension":{"value":0.09369999959881722,"unit":"cm2"},"key":"Reverse_[G2#C3]_Group-2_Dynamic"},{"V":{"value":[1.2,1.15,1.1,1.05,1,0.95,0.9,0.85,0.8,0.75,0.7,0.65,0.6,0.55,0.5,0.45,0.4,0.35,0.3,0.25,0.2,0.15,0.1,0.05,0,-0.05,-0.1,-0.15,-0.2,-0.2,-0.15,-0.1,-0.05,0,0.05,0.1,0.15,0.2,0.25,0.3,0.35,0.4,0.45,0.5,0.55,0.6,0.65,0.7,0.75,0.8,0.85,0.9,0.95,1,1.05,1.1,1.15,1.2],"unit":"V"},"J":{"value":[-0.037265379,-0.033372295,-0.021218911,-0.00707167,0.005610955,0.014141932000000001,0.01938952,0.021069424,0.021661249,0.021409125,0.021369626,0.021558911,0.021358079,0.021713094999999998,0.021793959,0.021862647,0.021929061,0.02196556,0.022024493,0.022115027000000002,0.022096062,0.022210704,0.022247898,0.022292028,0.022304376,0.022288346,0.022305945,0.022271194999999997,0.022292946,0.022353767,0.022302465,0.022282444000000002,0.022281793,0.022299402,0.022271153000000002,0.022259658,0.022252561,0.022250831999999998,0.022258826,0.02223698,0.021992433,0.021838645,0.022161046,0.022085048,0.021949178,0.021260576,0.020407599000000002,0.019785688,0.018916564,0.017641153,0.015504739,0.012143159,0.007551068,-0.001153409,-0.007957232,-0.019404429,-0.029299904,-0.036093607],"unit":"A\/cm2"},"power_density":{"value":[-44.718604,-38.378573,-23.340887,-7.42531,5.611017,13.434934,17.45055,17.909103,17.3292,16.056914,14.958811,14.013264,12.814815,11.942057,10.896781,9.838615,8.771918,7.688273,6.60752,5.528799,4.419299,3.331512,2.224586,1.114345,-0.000372244417,-1.113879,-2.23031,-3.340013,-4.458281,-4.470429,-3.344665,-2.227934,-1.113536,-0.000372161416,1.113302,2.225762,3.337817,4.450227,5.564749,6.671263,7.697695,8.735799,9.972905,11.042345,12.071901,12.756314,13.264921,13.850077,14.187589,14.11312,13.179144,10.92905,7.173559,-1.153454,-8.355213,-21.345047,-33.695329,-43.312581],"unit":"mW\/cm2"},"I":{"value":[-0.0034917660000000003,-0.003126984,-0.001988212,-0.0006626155,0.0005257465,0.001325099,0.001816798,0.001974205,0.002029659,0.0020060349999999998,0.0020023339999999997,0.00202007,0.0020012520000000002,0.002034517,0.002042094,0.00204853,0.002054753,0.002058173,0.002063695,0.002072178,0.002070401,0.002081143,0.002084628,0.002088763,0.0020899200000000003,0.002088418,0.0020900669999999997,0.002086811,0.0020888490000000003,0.002094548,0.002089741,0.002087865,0.0020878040000000004,0.002089454,0.002086807,0.00208573,0.002085065,0.0020849030000000004,0.002085652,0.002083605,0.002060691,0.002046281,0.0020764900000000003,0.002069369,0.002056638,0.001992116,0.0019121919999999998,0.001853919,0.001772482,0.001652976,0.0014527939999999999,0.001137814,0.0007075351,-0.0001080744,-0.0007455926000000001,-0.001818195,-0.002745401,-0.003381971],"unit":"A"},"power":{"value":[-4.190133,-3.596072,-2.187041,-0.695751576,0.525752283,1.258853,1.635117,1.678083,1.623746,1.504533,1.401641,1.313043,1.200748,1.118971,1.021028,0.921878241,0.821928734,0.720391217,0.619124597,0.518048437,0.414088275,0.312162709,0.208443705,0.10441415,-3.4879302e-5,-0.104370506,-0.208980093,-0.312959254,-0.417740974,-0.418879229,-0.313395114,-0.208757437,-0.104338339,-3.4871525e-5,0.104316373,0.208553895,0.312753495,0.416986229,0.521416963,0.625097335,0.721273997,0.818544322,0.934461199,1.034668,1.131137,1.195267,1.242923,1.297752,1.329377,1.322399,1.234886,1.024052,0.672162449,-0.108078615,-0.782883414,-2.000031,-3.157252,-4.058389],"unit":"mW"},"resistance":{"value":[-343.666786,-367.77067,-553.262932,-1584.641,1902.078,716.932848,495.376536,430.555287,394.159462,373.873487,349.593724,321.770384,299.811568,270.33114,244.842255,219.679185,194.677122,170.060972,145.374098,120.646923,96.601528,72.073759,47.965795,23.932112,-0.007985617,-23.930013,-47.839265,-71.865684,-95.739903,-95.479072,-71.764109,-47.88915,-23.936711,-0.007987398,23.954544,47.940453,71.938764,95.929019,119.867504,143.984872,169.85351,195.484198,216.721294,241.615633,267.423484,301.186527,339.923554,377.581113,423.140432,483.982345,585.084671,791.005384,1342.698,-9253.246,-1408.296,-605.000564,-418.887805,-354.824746],"unit":"ohms"},"conductance":{"value":[-0.002909795,-0.002719086,-0.001807459,-0.000631057573,0.000525740717,0.001394831,0.002018666,0.002322582,0.002537044,0.002674702,0.002860463,0.003107806,0.003335428,0.003699167,0.004084262,0.004552093,0.00513671,0.005880244,0.006878804,0.008288649,0.010351803,0.013874675,0.02084819,0.041784862,-125.225144,-0.041788527,-0.020903331,-0.013914847,-0.010444966,-0.010473499,-0.013934542,-0.020881557,-0.041776835,-125.197222,0.041745733,0.020859211,0.013900711,0.010424374,0.008342545,0.006945174,0.005887426,0.005115503,0.004614221,0.004138805,0.003739387,0.003320202,0.002941838,0.002648438,0.002363282,0.002066191,0.001709154,0.001264214,0.000744769242,-0.000108070185,-0.000710078047,-0.001652891,-0.002387274,-0.002818293],"unit":"S"},"timestamps":{"value":[0.02,0.054,0.08800001,0.122,0.156,0.191,0.225,0.259,0.293,0.327,0.361,0.396,0.43,0.464,0.498,0.532,0.567,0.601,0.6350001,0.669,0.703,0.738,0.772,0.8060001,0.84,0.8750001,0.909,0.943,0.9770001,0.019,0.053,0.087,0.121,0.156,0.19,0.224,0.258,0.292,0.327,0.361,0.395,0.429,0.463,0.498,0.532,0.566,0.6,0.634,0.668,0.703,0.737,0.771,0.8050001,0.839,0.874,0.9080001,0.942,0.9760001],"unit":"s"},"sweep_direction":{"unit":"","value":"Reverse"},"p_max":{"unit":"mW","value":1.678},"v_p_max":{"unit":"V","value":0.85},"i_p_max":{"unit":"mA","value":1.974},"isc":{"unit":"mA","value":2.09},"voc":{"unit":"V","value":1.022},"jsc":{"unit":"mA\/cm2","value":22.304},"fill_factor":{"unit":"%","value":78.556},"efficiency":{"unit":"%","value":17.909},"r_s":{"unit":"ohms","value":50.242},"r_sh":{"unit":"ohms","value":8606.976},"temperature":{"unit":"oC","value":25.06},"cell_dimension":{"value":0.09369999966993493,"unit":"cm2"},"key":"Reverse_[G2#C2]_Group-2_Dynamic"},{"V":{"value":[1.2,1.15,1.1,1.05,1,0.95,0.9,0.85,0.8,0.75,0.7,0.65,0.6,0.55,0.5,0.45,0.4,0.35,0.3,0.25,0.2,0.15,0.1,0.05,0,-0.05,-0.1,-0.15,-0.2,-0.2,-0.15,-0.1,-0.05,0,0.05,0.1,0.15,0.2,0.25,0.3,0.35,0.4,0.45,0.5,0.55,0.6,0.65,0.7,0.75,0.8,0.85,0.9,0.95,1,1.05,1.1,1.15,1.2],"unit":"V"},"J":{"value":[-0.027700576,-0.026946169000000002,-0.021660256,-0.011819413,-0.000488999039,0.00945365,0.016511323,0.019912785,0.021063372,0.02140968,0.021548303,0.021589722999999998,0.021614653,0.021639328,0.02164286,0.021652839,0.021661153,0.021655208,0.021676798,0.021684290000000002,0.021692818,0.021703095000000002,0.021711569,0.021717214999999998,0.021710768000000002,0.021731248999999998,0.02172476,0.02171826,0.021715164999999998,0.021765080000000003,0.021708462999999997,0.021703138,0.021705123,0.021712519,0.021692284,0.021697108,0.021670907,0.021652625,0.021645624000000002,0.021639168,0.021628154,0.021608132000000002,0.021545079999999998,0.021464984,0.021303511,0.021048367,0.020667172,0.020051825000000002,0.019113981,0.017633778,0.015326211000000001,0.011835271999999999,0.006784064,-0.000216182177,-0.009153818,-0.018569956999999998,-0.02579333,-0.03000445],"unit":"A\/cm2"},"power_density":{"value":[-33.240885,-30.988498,-23.826455,-12.410466,-0.489003929,8.981024,14.860338,16.925947,16.850862,16.057403,15.083875,14.033281,12.968775,11.901505,10.821266,9.744198,8.664747,7.579656,6.503215,5.421125,4.338652,3.255399,2.170958,1.085611,-0.000346808683,-1.086023,-2.172179,-3.257064,-4.342729,-4.352711,-3.255594,-2.170012,-1.084763,-0.000315776667,1.084355,2.169502,3.250549,4.330584,5.411447,6.491915,7.570187,8.643534,9.695682,10.732297,11.716799,12.628999,13.433639,14.036336,14.335627,14.107227,13.027405,10.651909,6.444942,-0.216187366,-9.611591,-20.42712,-29.662716,-36.00561],"unit":"mW\/cm2"},"I":{"value":[-0.002595544,-0.0025248560000000002,-0.002029566,-0.0011074790000000002,-4.581921e-5,0.000885807,0.0015471109999999999,0.0018658280000000001,0.001973638,0.002006087,0.0020190760000000003,0.0020229569999999997,0.002025293,0.002027605,0.002027936,0.0020288710000000002,0.00202965,0.002029093,0.002031116,0.002031818,0.002032617,0.00203358,0.0020343740000000003,0.002034903,0.002034299,0.002036218,0.00203561,0.002035001,0.0020347110000000002,0.002039388,0.002034083,0.0020335839999999997,0.0020337700000000003,0.0020344630000000002,0.002032567,0.002033019,0.002030564,0.002028851,0.002028195,0.00202759,0.002026558,0.002024682,0.002018774,0.002011269,0.001996139,0.001972232,0.001936514,0.0018788560000000001,0.00179098,0.001652285,0.0014360660000000002,0.001108965,0.0006356668,-2.025627e-5,-0.0008577127,-0.001740005,-0.002416835,-0.002811417],"unit":"A"},"power":{"value":[-3.114671,-2.903622,-2.232539,-1.162861,-0.045819668,0.841521965,1.392414,1.585961,1.578926,1.504579,1.413359,1.314918,1.215174,1.115171,1.013953,0.91303131,0.811886791,0.710213798,0.609351252,0.507959376,0.406531734,0.305030899,0.203418765,0.101721769,-3.2495974e-5,-0.10176032,-0.203533132,-0.305186861,-0.406913714,-0.407849049,-0.30504919,-0.203330093,-0.101642333,-2.9588274e-5,0.10160402,0.203282322,0.304576478,0.405775678,0.507052604,0.60829241,0.709326509,0.809899121,0.908485445,1.005616,1.097864,1.183337,1.258732,1.315205,1.343248,1.321847,1.220668,0.998083915,0.603891088,-0.020256756,-0.900606054,-1.914021,-2.779397,-3.373726],"unit":"mW"},"resistance":{"value":[-462.333522,-455.477461,-541.991736,-948.105562,-21825.125,1072.475,581.735183,455.563964,405.346776,373.86549,346.694676,321.310932,296.253036,271.253129,246.552357,221.807794,197.084818,172.498451,147.706039,123.043698,98.397337,73.760068,49.150667,24.565549,-0.007852356,-24.543128,-49.118598,-73.694755,-98.287177,-98.061771,-73.728014,-49.167421,-24.573723,-0.007148584,24.593546,49.183195,73.869132,98.579294,123.263246,147.962655,172.714228,197.568309,222.916681,248.594743,275.528808,304.223337,335.654119,372.56868,418.769277,484.184992,591.900512,811.580077,1494.513,-49368.615,-1224.197,-632.187264,-475.835131,-426.834226],"unit":"ohms"},"conductance":{"value":[-0.002162941,-0.002195498,-0.001845047,-0.001054735,-4.5818752e-5,0.000932422532,0.001718995,0.002195081,0.002467023,0.002674759,0.002884382,0.00311225,0.003375493,0.003686593,0.004055934,0.004508408,0.005073958,0.005797153,0.006770204,0.008127194,0.010162877,0.013557471,0.020345604,0.040707415,-127.350313,-0.040744602,-0.020358887,-0.013569487,-0.010174267,-0.010197654,-0.013563365,-0.020338671,-0.040693875,-139.88784,0.040661074,0.020332148,0.013537454,0.010144118,0.008112718,0.006758462,0.005789911,0.00506154,0.004485981,0.004022611,0.003629385,0.003287059,0.002979257,0.002684069,0.00238795,0.002065326,0.001689473,0.001232164,0.000669114495,-2.0255784e-5,-0.000816862236,-0.00158181,-0.002101568,-0.00234283],"unit":"S"},"timestamps":{"value":[0.018,0.053,0.087,0.121,0.155,0.189,0.223,0.258,0.292,0.326,0.36,0.394,0.429,0.463,0.497,0.531,0.565,0.6,0.634,0.668,0.702,0.7360001,0.771,0.8050001,0.839,0.874,0.9080001,0.942,0.9760001,0.019,0.053,0.087,0.121,0.156,0.19,0.224,0.258,0.293,0.327,0.361,0.395,0.429,0.464,0.498,0.532,0.566,0.6,0.6350001,0.669,0.703,0.737,0.771,0.8050001,0.84,0.874,0.9080001,0.942,0.9760001],"unit":"s"},"sweep_direction":{"unit":"","value":"Reverse"},"p_max":{"unit":"mW","value":1.586},"v_p_max":{"unit":"V","value":0.85},"i_p_max":{"unit":"mA","value":1.866},"isc":{"unit":"mA","value":2.034},"voc":{"unit":"V","value":0.998},"jsc":{"unit":"mA\/cm2","value":21.711},"fill_factor":{"unit":"%","value":78.152},"efficiency":{"unit":"%","value":16.926},"r_s":{"unit":"ohms","value":63.517},"r_sh":{"unit":"ohms","value":5096.257},"temperature":{"unit":"oC","value":25.055},"cell_dimension":{"value":0.09370000103968956,"unit":"cm2"},"key":"Reverse_[G2#C1]_Group-2_Dynamic"}]}}