{"_id":"65670ca5b3b99550162d90ac","id":"CNU_HEMD-SC-00134","author":112,"group":9,"input":[{"tco":{"unit":null,"value":"ITO"}},{"etl":[{"material":{"unit":null,"value":"SnCl2\u22192H2O"},"concentration":{"unit":null,"value":"7.5"},"conc_unit":{"unit":null,"value":"mg\/ml"},"quantity":{"unit":"ml","value":"0.1"}}],"solvent":[{"material":{"unit":null,"value":"IPA"},"volume":{"unit":"ml","value":"1"}}],"spin_coating":[{"type":{"unit":null,"value":"drop&run"},"rpm":{"unit":null,"value":"3000"},"time":{"unit":"s","value":"30"}}],"annealing":[{"temperature":{"unit":"oC","value":"195"},"time":{"unit":"m","value":"1"}}]},{"etl":[{"material":{"unit":null,"value":"SnO2"},"concentration":{"unit":null,"value":"15"},"conc_unit":{"unit":null,"value":"wt%"},"quantity":{"unit":"ml","value":"0.01"}}],"solvent":[{"material":{"unit":null,"value":"DI-Water"},"volume":{"unit":"ml","value":"0.05"}}],"spin_coating":[{"type":{"unit":null,"value":"drop&run"},"rpm":{"unit":null,"value":"3000"},"time":{"unit":"s","value":"30"}}],"annealing":[{"temperature":{"unit":"oC","value":"105"},"time":{"unit":"m","value":"30"}}]},{"perovskite":{"method":{"unit":null,"value":"1step"},"molarity":{"unit":"M","value":"1.27M"},"a_site":[{"material":{"unit":null,"value":"FA"},"ratio":{"unit":"%","value":"97"}},{"material":{"unit":null,"value":"MA"},"ratio":{"unit":"%","value":"3"}}],"b_site":[{"material":{"unit":null,"value":"Pb"},"ratio":{"unit":"%","value":"110"}}],"x_site":[{"material":{"unit":null,"value":"I"},"ratio":{"unit":"%","value":"97"}},{"material":{"unit":null,"value":"Br"},"ratio":{"unit":"%","value":"3"}}],"solvent":[{"material":{"unit":null,"value":"DMF"},"volume":{"unit":"ml","value":"0.88"}},{"material":{"unit":null,"value":"DMSO"},"volume":{"unit":"ml","value":"0.11"}}],"additive":[{"material":{"unit":null,"value":"MACl"},"solvent":{"unit":null,"value":"DMF+DMSO"},"concentration":{"unit":null,"value":"0.167"},"conc_unit":{"unit":null,"value":"M"},"quantity":{"unit":"mol%","value":"44"}}],"antisolvent":[{"material":{"unit":null,"value":"DEE"},"quantity":{"unit":"ul","value":"1000"},"dripping_time":{"unit":"s","value":"12"}}],"spin_coating":[{"type":{"unit":null,"value":"drop&run"},"rpm":{"unit":null,"value":"5000"},"time":{"unit":"s","value":"14"}}],"annealing":[{"temperature":{"unit":"oC","value":"105"},"time":{"unit":"m","value":"60"}}],"atmosphere":[{"type":{"unit":null,"value":"air"},"temperature":{"unit":"oC","value":"22"},"humidity":{"unit":"RH%","value":"18"}}]}},{"htl":[{"material":{"unit":null,"value":"Spiro-OMeTAD_Lumtec"},"concentration":{"unit":null,"value":"0.091"},"conc_unit":{"unit":null,"value":"mg\/ml"},"quantity":{"unit":"ml","value":"0.08"}}],"solvent":[{"material":{"unit":null,"value":"CB"},"volume":{"unit":"ml","value":"1"}}],"htl_doping":[{"material":{"unit":null,"value":"tBP"},"volume":{"unit":"ul","value":"0.0354"}},{"material":{"unit":null,"value":"Li-TFSI"},"volume":{"unit":"ul","value":"0.0209"}},{"material":{"unit":null,"value":"Co-TFSI"},"volume":{"unit":"ul","value":"0.00909"}}],"spin_coating":[{"type":{"unit":null,"value":"dynamic"},"rpm":{"unit":null,"value":"5000"},"time":{"unit":"s","value":"30"}}]},{"anode_metal":{"unit":null,"value":"Ag"}},{"type":{"unit":null,"value":"unit_cell"},"device_type":{"unit":null,"value":"n-i-p"},"cell_dimension":{"unit":"cm2","value":"0.0937"}}],"fileinfo":[{"key":"Reverse_[G5#C4]_Group-5_Dynamic","uploadType":"JV","original_name":"[G5#C4]_Group-5_Dynamic-IV_[230314_105811].csv","save_name":"CNU_HEMD-SC-00134\/Reverse_[G5#C4]_Group-5_Dynamic","uploader":112,"fileType":""},{"key":"Reverse_[G1#C1]_Group-1_Dynamic","uploadType":"JV","original_name":"[G1#C1]_Group-1_Dynamic-IV_[230314_110101].csv","save_name":"CNU_HEMD-SC-00134\/Reverse_[G1#C1]_Group-1_Dynamic","uploader":112,"fileType":""},{"key":"Reverse_[G1#C2]_Group-1_Dynamic","uploadType":"JV","original_name":"[G1#C2]_Group-1_Dynamic-IV_[230314_110101].csv","save_name":"CNU_HEMD-SC-00134\/Reverse_[G1#C2]_Group-1_Dynamic","uploader":112,"fileType":""},{"key":"Reverse_[G1#C3]_Group-1_Dynamic","uploadType":"JV","original_name":"[G1#C3]_Group-1_Dynamic-IV_[230314_105811].csv","save_name":"CNU_HEMD-SC-00134\/Reverse_[G1#C3]_Group-1_Dynamic","uploader":112,"fileType":""},{"key":"Reverse_[G1#C4]_Group-1_Dynamic","uploadType":"JV","original_name":"[G1#C4]_Group-1_Dynamic-IV_[230314_105811].csv","save_name":"CNU_HEMD-SC-00134\/Reverse_[G1#C4]_Group-1_Dynamic","uploader":112,"fileType":""},{"key":"Reverse_[G2#C1]_Group-2_Dynamic","uploadType":"JV","original_name":"[G2#C1]_Group-2_Dynamic-IV_[230314_105811].csv","save_name":"CNU_HEMD-SC-00134\/Reverse_[G2#C1]_Group-2_Dynamic","uploader":112,"fileType":""},{"key":"Reverse_[G2#C2]_Group-2_Dynamic","uploadType":"JV","original_name":"[G2#C2]_Group-2_Dynamic-IV_[230314_110101].csv","save_name":"CNU_HEMD-SC-00134\/Reverse_[G2#C2]_Group-2_Dynamic","uploader":112,"fileType":""},{"key":"Reverse_[G2#C3]_Group-2_Dynamic","uploadType":"JV","original_name":"[G2#C3]_Group-2_Dynamic-IV_[230314_105811].csv","save_name":"CNU_HEMD-SC-00134\/Reverse_[G2#C3]_Group-2_Dynamic","uploader":112,"fileType":""},{"key":"Reverse_[G2#C4]_Group-2_Dynamic","uploadType":"JV","original_name":"[G2#C4]_Group-2_Dynamic-IV_[230314_105811].csv","save_name":"CNU_HEMD-SC-00134\/Reverse_[G2#C4]_Group-2_Dynamic","uploader":112,"fileType":""},{"key":"Reverse_[G3#C1]_Group-3_Dynamic","uploadType":"JV","original_name":"[G3#C1]_Group-3_Dynamic-IV_[230314_105811].csv","save_name":"CNU_HEMD-SC-00134\/Reverse_[G3#C1]_Group-3_Dynamic","uploader":112,"fileType":""},{"key":"Reverse_[G3#C2]_Group-3_Dynamic","uploadType":"JV","original_name":"[G3#C2]_Group-3_Dynamic-IV_[230314_105811].csv","save_name":"CNU_HEMD-SC-00134\/Reverse_[G3#C2]_Group-3_Dynamic","uploader":112,"fileType":""},{"key":"Reverse_[G3#C4]_Group-3_Dynamic","uploadType":"JV","original_name":"[G3#C4]_Group-3_Dynamic-IV_[230314_110101].csv","save_name":"CNU_HEMD-SC-00134\/Reverse_[G3#C4]_Group-3_Dynamic","uploader":112,"fileType":""},{"key":"Reverse_[G4#C1]_Group-4_Dynamic","uploadType":"JV","original_name":"[G4#C1]_Group-4_Dynamic-IV_[230314_105811].csv","save_name":"CNU_HEMD-SC-00134\/Reverse_[G4#C1]_Group-4_Dynamic","uploader":112,"fileType":""},{"key":"Reverse_[G4#C3]_Group-4_Dynamic","uploadType":"JV","original_name":"[G4#C3]_Group-4_Dynamic-IV_[230314_105811].csv","save_name":"CNU_HEMD-SC-00134\/Reverse_[G4#C3]_Group-4_Dynamic","uploader":112,"fileType":""},{"key":"Reverse_[G4#C4]_Group-4_Dynamic","uploadType":"JV","original_name":"[G4#C4]_Group-4_Dynamic-IV_[230314_105811].csv","save_name":"CNU_HEMD-SC-00134\/Reverse_[G4#C4]_Group-4_Dynamic","uploader":112,"fileType":""},{"key":"Reverse_[G5#C1]_Group-5_Dynamic","uploadType":"JV","original_name":"[G5#C1]_Group-5_Dynamic-IV_[230314_110101].csv","save_name":"CNU_HEMD-SC-00134\/Reverse_[G5#C1]_Group-5_Dynamic","uploader":112,"fileType":""},{"key":"Reverse_[G5#C2]_Group-5_Dynamic","uploadType":"JV","original_name":"[G5#C2]_Group-5_Dynamic-IV_[230314_105811].csv","save_name":"CNU_HEMD-SC-00134\/Reverse_[G5#C2]_Group-5_Dynamic","uploader":112,"fileType":""},{"key":"Reverse_[G5#C3]_Group-5_Dynamic","uploadType":"JV","original_name":"[G5#C3]_Group-5_Dynamic-IV_[230314_105811].csv","save_name":"CNU_HEMD-SC-00134\/Reverse_[G5#C3]_Group-5_Dynamic","uploader":112,"fileType":""}],"jvcnt":18,"updated_at":"2024-08-30 12:16:15","created_at":"2023-11-29 10:04:21","analysisInfo":{"JV":[{"efficiency":11.566,"fill_factor":83.521,"jsc":12.786,"voc":1.083,"key":"Reverse_[G5#C4]_Group-5_Dynamic","cell_dimension":0.09399999994787984},{"efficiency":14.843,"fill_factor":83.357,"jsc":16.286,"voc":1.093,"key":"Reverse_[G5#C3]_Group-5_Dynamic","cell_dimension":0.0940000000234703},{"efficiency":17.708,"fill_factor":82.747,"jsc":19.26,"voc":1.111,"key":"Reverse_[G5#C2]_Group-5_Dynamic","cell_dimension":0.09400000025391027},{"efficiency":19.24,"fill_factor":82.48,"jsc":21.229,"voc":1.099,"key":"Reverse_[G5#C1]_Group-5_Dynamic","cell_dimension":0.09399999970656313},{"efficiency":20.444,"fill_factor":79.675,"jsc":22.54,"voc":1.138,"key":"Reverse_[G4#C4]_Group-4_Dynamic","cell_dimension":0.09400000032203179},{"efficiency":20.573,"fill_factor":80.113,"jsc":22.623,"voc":1.135,"key":"Reverse_[G4#C3]_Group-4_Dynamic","cell_dimension":0.09399999963195317},{"efficiency":20.712,"fill_factor":80.358,"jsc":22.334,"voc":1.154,"key":"Reverse_[G4#C1]_Group-4_Dynamic","cell_dimension":0.09399999973622075},{"efficiency":21.004,"fill_factor":79.251,"jsc":23.183,"voc":1.143,"key":"Reverse_[G3#C4]_Group-3_Dynamic","cell_dimension":0.09400000009650748},{"efficiency":21.628,"fill_factor":80.68,"jsc":23.126,"voc":1.159,"key":"Reverse_[G3#C2]_Group-3_Dynamic","cell_dimension":0.09400000071680228},{"efficiency":22.106,"fill_factor":83.085,"jsc":23.033,"voc":1.155,"key":"Reverse_[G3#C1]_Group-3_Dynamic","cell_dimension":0.09400000033325108},{"efficiency":21.927,"fill_factor":82.84,"jsc":22.7,"voc":1.166,"key":"Reverse_[G2#C4]_Group-2_Dynamic","cell_dimension":0.09400000049119402},{"efficiency":21.372,"fill_factor":81.506,"jsc":22.801,"voc":1.15,"key":"Reverse_[G2#C3]_Group-2_Dynamic","cell_dimension":0.09400000057456033},{"efficiency":20.5,"fill_factor":80.635,"jsc":22.617,"voc":1.124,"key":"Reverse_[G2#C2]_Group-2_Dynamic","cell_dimension":0.09399999963501482},{"efficiency":20.267,"fill_factor":77.722,"jsc":22.709,"voc":1.148,"key":"Reverse_[G2#C1]_Group-2_Dynamic","cell_dimension":0.09400000099705953},{"efficiency":20.089,"fill_factor":81.017,"jsc":21.563,"voc":1.15,"key":"Reverse_[G1#C4]_Group-1_Dynamic","cell_dimension":0.09399999942849789},{"efficiency":18.575,"fill_factor":80.814,"jsc":20.068,"voc":1.145,"key":"Reverse_[G1#C3]_Group-1_Dynamic","cell_dimension":0.0940000008431442},{"efficiency":16.03,"fill_factor":80.62,"jsc":17.52,"voc":1.135,"key":"Reverse_[G1#C2]_Group-1_Dynamic","cell_dimension":0.09399999927772264},{"efficiency":13.422,"fill_factor":84.012,"jsc":14.098,"voc":1.133,"key":"Reverse_[G1#C1]_Group-1_Dynamic","cell_dimension":0.09399999993687046}]},"public":2,"tags":[],"analysis":{"JV":[{"V":{"value":[1.3,1.25,1.2,1.15,1.1,1.05,1,0.95,0.9,0.85,0.8,0.75,0.7,0.65,0.6,0.55,0.5,0.45,0.4,0.35,0.3,0.25,0.2,0.15,0.1,0.05,0,-0.05,-0.1,-0.15,-0.2],"unit":"V"},"J":{"value":[-0.076745766,-0.06867166000000001,-0.04500334,-0.02153866,-0.003475161,0.006807493,0.010909213,0.012174862,0.012547872,0.012673872,0.012715447,0.012734117,0.012749011,0.012751447,0.012759596,0.012752266,0.012753605999999999,0.012755872,0.012765819000000001,0.012768745,0.012771585,0.012772043,0.01277333,0.012777149,0.012782309,0.012784979,0.012785649,0.012796532,0.012783468,0.012769617,0.012770766],"unit":"A\/cm2"},"power_density":{"value":[-99.767424,-85.839231,-54.004369,-24.769889,-3.822722,7.147962,10.909387,11.566246,11.293242,10.77286,10.172496,9.550713,8.924378,8.288468,7.655778,7.013712,6.376742,5.740445,5.106545,4.469306,3.831621,3.193103,2.554767,1.91658,1.278156,0.639153816,-0.00015546518,-0.639481217,-1.278138,-1.915002,-2.553922],"unit":"mW\/cm2"},"I":{"value":[-0.007214101999999999,-0.006455136,-0.004230314,-0.002024634,-0.0003266651,0.0006399042999999999,0.001025466,0.0011444369999999999,0.0011795,0.001191344,0.001195252,0.001197007,0.001198407,0.001198636,0.001199402,0.001198713,0.001198839,0.001199052,0.001199987,0.001200262,0.0012005289999999999,0.001200572,0.001200693,0.001201052,0.0012015370000000001,0.001201788,0.001201851,0.001202874,0.001201646,0.001200344,0.001200452],"unit":"A"},"power":{"value":[-9.378138,-8.068888,-5.076411,-2.32837,-0.359335857,0.671908474,1.025482,1.087227,1.061565,1.012649,0.956214628,0.897766981,0.838891491,0.779116037,0.719643119,0.659288913,0.599413746,0.539601818,0.4800152,0.420114745,0.360172386,0.300151644,0.240148085,0.180158521,0.120146707,0.060080459,-1.4613727e-5,-0.060111234,-0.120145001,-0.180010188,-0.240068672],"unit":"mW"},"resistance":{"value":[-180.198866,-193.64348,-283.668777,-568.013774,-3367.403,1640.892,975.182015,830.111662,763.045782,713.484434,669.324042,626.570939,584.113327,542.284897,500.250625,458.823171,417.066178,375.31625,333.351111,291.618997,249.899336,208.240072,166.577052,124.891012,83.22189,41.598485,-0.010117186,-41.544676,-83.205611,-124.935435,-166.588835],"unit":"ohms"},"conductance":{"value":[-0.005549424,-0.005164129,-0.003525238,-0.001760521,-0.000296964763,0.000609424541,0.00102545,0.001204657,0.001310537,0.001401572,0.001494045,0.001595988,0.001711997,0.001844049,0.001998998,0.002179489,0.002397701,0.00266442,0.00299984,0.003429132,0.004001611,0.00480215,0.006003228,0.008006981,0.012016069,0.024039337,-98.841714,-0.024070473,-0.01201842,-0.008004134,-0.006002803],"unit":"S"},"timestamps":{"value":[0.019,0.053,0.087,0.121,0.156,0.19,0.224,0.258,0.292,0.327,0.361,0.395,0.429,0.463,0.498,0.532,0.566,0.6,0.634,0.669,0.703,0.737,0.771,0.8050001,0.839,0.874,0.9080001,0.942,0.9770001,1.011,1.045],"unit":"s"},"sweep_direction":{"unit":"","value":"Reverse"},"p_max":{"unit":"mW","value":1.087},"v_p_max":{"unit":"V","value":0.95},"i_p_max":{"unit":"mA","value":1.144},"isc":{"unit":"mA","value":1.202},"voc":{"unit":"V","value":1.083},"jsc":{"unit":"mA\/cm2","value":12.786},"fill_factor":{"unit":"%","value":83.521},"efficiency":{"unit":"%","value":11.566},"r_s":{"unit":"ohms","value":31.509},"r_sh":{"unit":"ohms","value":16790.339},"temperature":{"unit":"oC","value":20.861},"cell_dimension":{"value":0.09399999994787984,"unit":"cm2"},"key":"Reverse_[G5#C4]_Group-5_Dynamic"},{"V":{"value":[1.3,1.25,1.2,1.15,1.1,1.05,1,0.95,0.9,0.85,0.8,0.75,0.7,0.65,0.6,0.55,0.5,0.45,0.4,0.35,0.3,0.25,0.2,0.15,0.1,0.05,0,-0.05,-0.1,-0.15,-0.2],"unit":"V"},"J":{"value":[-0.085214117,-0.064090777,-0.040684894,-0.019175074,-0.001479772,0.009628944,0.014253574,0.015624245,0.01600466,0.016128383,0.016170511000000002,0.016192488999999997,0.01621217,0.016218053,0.016240606,0.016263309,0.016287723,0.016287064,0.016288415,0.016277616999999998,0.016280394,0.016290968,0.016282149,0.016285404,0.016290319,0.016279553,0.016286435999999998,0.016321011,0.01629333,0.016280989000000003,0.0162795],"unit":"A\/cm2"},"power_density":{"value":[-110.777841,-80.113407,-48.822239,-22.051719,-1.627769,10.110516,14.253803,14.843201,14.404408,13.70924,12.936596,12.144518,11.348602,10.541767,9.744393,8.944764,8.143761,7.329548,6.515648,5.697483,4.884312,4.072859,3.256563,2.44284,1.628968,0.813891541,-0.000178617417,-0.815606111,-1.629067,-2.441583,-3.25563],"unit":"mW\/cm2"},"I":{"value":[-0.008010127,-0.006024533,-0.00382438,-0.001802457,-0.00013909859999999998,0.0009051207,0.001339836,0.001468679,0.0015044379999999999,0.001516068,0.0015200279999999999,0.001522094,0.001523944,0.001524497,0.0015266169999999999,0.001528751,0.0015310459999999999,0.001530984,0.0015311110000000001,0.0015300959999999999,0.001530357,0.0015313509999999998,0.0015305219999999999,0.0015308280000000001,0.00153129,0.001530278,0.001530925,0.001534175,0.001531573,0.001530413,0.001530273],"unit":"A"},"power":{"value":[-10.413117,-7.53066,-4.58929,-2.072862,-0.153010268,0.950388502,1.339857,1.395261,1.354014,1.288669,1.21604,1.141585,1.066769,0.990926099,0.915972948,0.840807852,0.765513508,0.688977553,0.612470888,0.535563437,0.459125311,0.382848776,0.30611695,0.229626955,0.153123013,0.076505805,-1.6790037e-5,-0.076666974,-0.15313232,-0.229508845,-0.306029197],"unit":"mW"},"resistance":{"value":[-162.293806,-207.484796,-313.778704,-638.02909,-7908.153,1160.081,746.371944,646.847133,598.238944,560.665551,526.313726,492.748345,459.33781,426.371452,393.027066,359.768595,326.57007,293.943438,261.259504,228.756562,196.040466,163.25924,130.679729,97.987364,65.301863,32.670345,-0.007163806,-32.573057,-65.281701,-97.990085,-130.684786],"unit":"ohms"},"conductance":{"value":[-0.006161665,-0.00481963,-0.003186959,-0.001567327,-0.000126451778,0.000862009042,0.001339815,0.00154596,0.001671573,0.001783595,0.001900007,0.002029434,0.002177047,0.002345373,0.002544354,0.002779564,0.00306213,0.003402015,0.003827612,0.004371459,0.005100988,0.006125228,0.007652296,0.010205398,0.015313499,0.030608798,-139.590599,-0.030700219,-0.015318228,-0.010205114,-0.007652],"unit":"S"},"timestamps":{"value":[0.019,0.053,0.087,0.121,0.155,0.19,0.224,0.258,0.292,0.326,0.361,0.395,0.429,0.463,0.497,0.532,0.566,0.6,0.634,0.668,0.703,0.737,0.771,0.8050001,0.839,0.873,0.9080001,0.942,0.9760001,1.011,1.045],"unit":"s"},"sweep_direction":{"unit":"","value":"Reverse"},"p_max":{"unit":"mW","value":1.395},"v_p_max":{"unit":"V","value":0.95},"i_p_max":{"unit":"mA","value":1.469},"isc":{"unit":"mA","value":1.531},"voc":{"unit":"V","value":1.093},"jsc":{"unit":"mA\/cm2","value":16.286},"fill_factor":{"unit":"%","value":83.357},"efficiency":{"unit":"%","value":14.843},"r_s":{"unit":"ohms","value":29.629},"r_sh":{"unit":"ohms","value":16555.754},"temperature":{"unit":"oC","value":20.854},"cell_dimension":{"value":0.0940000000234703,"unit":"cm2"},"key":"Reverse_[G5#C3]_Group-5_Dynamic"},{"V":{"value":[1.3,1.25,1.2,1.15,1.1,1.05,1,0.95,0.9,0.85,0.8,0.75,0.7,0.65,0.6,0.55,0.5,0.45,0.4,0.35,0.3,0.25,0.2,0.15,0.1,0.05,0,-0.05,-0.1,-0.15,-0.2],"unit":"V"},"J":{"value":[-0.08664478699999999,-0.0662335,-0.038475096,-0.013932074000000001,0.0039620639999999995,0.01375417,0.017494713000000002,0.018639277,0.018984829999999998,0.019112617000000002,0.019173755,0.019181702000000002,0.019193191,0.01920583,0.019208096,0.019213894,0.019229574,0.019236904,0.019246649,0.019237777,0.019232925999999997,0.019232818999999998,0.019229436,0.019229691,0.019241479000000002,0.019235457,0.019260032,0.01927816,0.019276212999999997,0.01927116,0.01926883],"unit":"A\/cm2"},"power_density":{"value":[-112.63727,-82.791941,-46.170538,-16.022178,4.35833,14.442085,17.495028,17.707549,17.086588,16.245874,15.33925,14.386501,13.435382,12.483874,11.524934,10.567636,9.614728,8.65709,7.699016,6.733637,5.770133,4.80837,3.846053,2.884506,1.924105,0.961694007,-0.000183677975,-0.963355467,-1.927298,-2.889999,-3.853409],"unit":"mW\/cm2"},"I":{"value":[-0.00814461,-0.006225949,-0.003616659,-0.0013096149999999999,0.000372434,0.001292892,0.001644503,0.001752092,0.0017845740000000001,0.001796586,0.001802333,0.00180308,0.00180416,0.001805348,0.001805561,0.001806106,0.00180758,0.001808269,0.001809185,0.0018083510000000001,0.0018078950000000001,0.001807885,0.001807567,0.0018075909999999999,0.001808699,0.001808133,0.0018104430000000001,0.0018121469999999998,0.001811964,0.001811489,0.00181127],"unit":"A"},"power":{"value":[-10.587903,-7.782442,-4.340031,-1.506085,0.409682987,1.357556,1.644533,1.66451,1.606139,1.527112,1.441889,1.352331,1.262926,1.173484,1.083344,0.993357758,0.903784397,0.813766438,0.72370747,0.63296191,0.542392545,0.451986798,0.361528945,0.27114353,0.180865849,0.090399237,-1.726573e-5,-0.090555414,-0.181165995,-0.271659948,-0.362220492],"unit":"mW"},"resistance":{"value":[-159.613413,-200.772766,-331.80098,-878.136704,2953.584,812.144402,608.097401,542.216219,504.329156,473.123914,443.876243,415.96141,387.996464,360.043825,332.308906,304.522381,276.611215,248.87066,221.104254,193.558441,165.946197,138.287889,110.650726,82.984868,55.287121,27.650566,-0.00526763,-27.575765,-55.179474,-82.785488,-110.409547],"unit":"ohms"},"conductance":{"value":[-0.006265138,-0.004980755,-0.003013855,-0.001138775,0.000338571747,0.001231308,0.001644473,0.001844283,0.001982832,0.002113611,0.00225288,0.002404069,0.002577343,0.00277744,0.003009248,0.003283831,0.003615182,0.004018151,0.004522753,0.005166398,0.00602605,0.007231291,0.009037446,0.01205039,0.018087395,0.036165626,-189.838711,-0.036263726,-0.018122681,-0.012079412,-0.009057188],"unit":"S"},"timestamps":{"value":[0.019,0.053,0.087,0.122,0.156,0.19,0.224,0.258,0.293,0.327,0.361,0.395,0.429,0.464,0.498,0.532,0.566,0.6,0.6350001,0.669,0.703,0.737,0.771,0.8060001,0.84,0.874,0.9080001,0.943,0.9770001,1.011,1.045],"unit":"s"},"sweep_direction":{"unit":"","value":"Reverse"},"p_max":{"unit":"mW","value":1.665},"v_p_max":{"unit":"V","value":0.95},"i_p_max":{"unit":"mA","value":1.752},"isc":{"unit":"mA","value":1.81},"voc":{"unit":"V","value":1.111},"jsc":{"unit":"mA\/cm2","value":19.26},"fill_factor":{"unit":"%","value":82.747},"efficiency":{"unit":"%","value":17.708},"r_s":{"unit":"ohms","value":27.527},"r_sh":{"unit":"ohms","value":18186.531},"temperature":{"unit":"oC","value":20.854},"cell_dimension":{"value":0.09400000025391027,"unit":"cm2"},"key":"Reverse_[G5#C2]_Group-5_Dynamic"},{"V":{"value":[1.3,1.25,1.2,1.15,1.1,1.05,1,0.95,0.9,0.85,0.8,0.75,0.7,0.65,0.6,0.55,0.5,0.45,0.4,0.35,0.3,0.25,0.2,0.15,0.1,0.05,0,-0.05,-0.1,-0.15,-0.2],"unit":"V"},"J":{"value":[-0.095420862,-0.071573277,-0.044221043,-0.019773543,-0.000311438191,0.012295543,0.01824734,0.020251883,0.020864021,0.02105766,0.021128574,0.021163488999999997,0.021193596,0.021200309,0.021211649000000003,0.021213372,0.021208457,0.021216702,0.021217489,0.021219871999999997,0.021233436,0.021218479,0.021221394,0.021235776999999997,0.021224543000000002,0.021224979,0.02122934,0.021235702,0.021228745,0.021226032,0.021243426],"unit":"A\/cm2"},"power_density":{"value":[-124.046834,-89.466596,-53.065737,-22.739989,-0.342585125,12.910516,18.247669,19.239564,18.777924,17.899209,16.903155,15.872884,14.835699,13.780304,12.727089,11.667344,10.604142,9.548059,8.487412,7.427435,6.370328,5.304817,4.244502,3.185454,2.122412,1.061162,-0.000192335829,-1.061192,-2.122513,-3.183162,-4.248281],"unit":"mW\/cm2"},"I":{"value":[-0.008969561000000001,-0.0067278880000000004,-0.004156778,-0.0018587130000000001,-2.927519e-5,0.001155781,0.00171525,0.001903677,0.001961218,0.00197942,0.001986086,0.001989368,0.0019921979999999997,0.0019928289999999998,0.001993895,0.001994057,0.001993595,0.00199437,0.001994444,0.0019946680000000002,0.001995943,0.0019945370000000002,0.001994811,0.001996163,0.001995107,0.001995148,0.001995558,0.0019961560000000002,0.001995502,0.001995247,0.001996882],"unit":"A"},"power":{"value":[-11.660402,-8.40986,-4.988179,-2.137559,-0.032203002,1.213589,1.715281,1.808519,1.765125,1.682526,1.588897,1.492051,1.394556,1.295349,1.196346,1.09673,0.996789326,0.897517556,0.797816691,0.698178879,0.598810843,0.498652799,0.398983146,0.299432634,0.19950671,0.09974922,-1.8079568e-5,-0.099752027,-0.199516237,-0.299217216,-0.399338459],"unit":"mW"},"resistance":{"value":[-144.934295,-185.793818,-288.687777,-618.718974,-37574.82,908.490449,583.015887,499.041381,458.905945,429.423467,402.809345,377.010488,351.375014,326.171939,300.920911,275.819347,250.801141,225.647999,200.566975,175.479127,150.311908,125.347035,100.265389,75.146218,50.121623,25.058743,-0.004540036,-25.034146,-50.104174,-75.16112,-100.146629],"unit":"ohms"},"conductance":{"value":[-0.006899678,-0.00538231,-0.00346395,-0.001616243,-2.6613567e-5,0.001100727,0.001715219,0.002003842,0.002179096,0.002328704,0.002482564,0.002652446,0.002845962,0.003065868,0.003323132,0.003625561,0.003987223,0.004431681,0.004985866,0.005698683,0.006652833,0.007977851,0.009973531,0.01330739,0.019951469,0.039906232,-220.26255,-0.039945442,-0.019958417,-0.013304751,-0.009985359],"unit":"S"},"timestamps":{"value":[0.019,0.053,0.08800001,0.122,0.156,0.19,0.224,0.259,0.293,0.327,0.361,0.395,0.43,0.464,0.498,0.532,0.566,0.601,0.6350001,0.669,0.703,0.737,0.772,0.8060001,0.84,0.874,0.9080001,0.943,0.9770001,1.011,1.045],"unit":"s"},"sweep_direction":{"unit":"","value":"Reverse"},"p_max":{"unit":"mW","value":1.809},"v_p_max":{"unit":"V","value":0.95},"i_p_max":{"unit":"mA","value":1.904},"isc":{"unit":"mA","value":1.996},"voc":{"unit":"V","value":1.099},"jsc":{"unit":"mA\/cm2","value":21.229},"fill_factor":{"unit":"%","value":82.48},"efficiency":{"unit":"%","value":19.24},"r_s":{"unit":"ohms","value":26.01},"r_sh":{"unit":"ohms","value":10012.682},"temperature":{"unit":"oC","value":21.006},"cell_dimension":{"value":0.09399999970656313,"unit":"cm2"},"key":"Reverse_[G5#C1]_Group-5_Dynamic"},{"V":{"value":[1.3,1.25,1.2,1.15,1.1,1.05,1,0.95,0.9,0.85,0.8,0.75,0.7,0.65,0.6,0.55,0.5,0.45,0.4,0.35,0.3,0.25,0.2,0.15,0.1,0.05,0,-0.05,-0.1,-0.15,-0.2],"unit":"V"},"J":{"value":[-0.06210567,-0.043266255,-0.020973606,-0.002959664,0.009747182,0.017089053,0.020319755000000002,0.021519457,0.021984936,0.022147191,0.022235745,0.022274383000000002,0.022287574,0.022335298,0.022346372,0.022388839999999997,0.02239684,0.022442893999999998,0.022449255,0.022455809,0.022479745000000002,0.022496553,0.022503787,0.022522213,0.022524871999999998,0.022536722999999998,0.022539904,0.022561372,0.022549957,0.022551149,0.022562255],"unit":"A\/cm2"},"power_density":{"value":[-80.737433,-54.083035,-25.1686,-3.403676,10.722046,17.943745,20.32008,20.443728,19.786706,18.82527,17.788876,16.706021,15.601436,14.518015,13.407902,12.313817,11.19834,10.099823,8.980126,7.860007,6.744207,5.624316,4.500989,3.378393,2.252426,1.126738,-0.000214957274,-1.127444,-2.254607,-3.381863,-4.512016],"unit":"mW\/cm2"},"I":{"value":[-0.005837933,-0.0040670279999999994,-0.001971519,-0.00027820840000000003,0.0009162351,0.001606371,0.001910057,0.0020228290000000003,0.002066584,0.002081836,0.00209016,0.002093792,0.0020950319999999997,0.0020995180000000003,0.002100559,0.0021045509999999996,0.002105303,0.0021096319999999997,0.0021102300000000003,0.002110846,0.002113096,0.002114676,0.0021153559999999997,0.002117088,0.0021173380000000003,0.002118452,0.002118751,0.002120769,0.002119696,0.002119808,0.0021208520000000003],"unit":"A"},"power":{"value":[-7.589319,-5.083805,-2.365848,-0.319945502,1.007872,1.686712,1.910088,1.92171,1.85995,1.769575,1.672154,1.570366,1.466535,1.364693,1.260343,1.157499,1.052644,0.949383343,0.844131883,0.738840639,0.633955425,0.528685706,0.423092988,0.317568916,0.211728041,0.105913406,-2.0205984e-5,-0.105979705,-0.211933014,-0.317895099,-0.424129468],"unit":"mW"},"resistance":{"value":[-222.681727,-307.35097,-608.674327,-4133.667,1200.582,653.655974,523.552962,469.644888,435.507098,408.296859,382.751847,358.206785,334.126639,309.596393,285.639918,261.337454,237.493795,213.318342,189.561754,165.820292,141.977743,118.225156,94.551603,70.853314,47.22783,23.600091,-0.004501116,-23.563292,-47.168434,-70.74419,-94.292624],"unit":"ohms"},"conductance":{"value":[-0.004490714,-0.003253609,-0.001642915,-0.00024191593,0.000832929642,0.001529857,0.001910026,0.002129268,0.002296174,0.002449198,0.002612659,0.002791684,0.002992877,0.003230012,0.003500911,0.00382647,0.004210636,0.004687829,0.005275326,0.006030625,0.007043358,0.008458437,0.010576235,0.014113666,0.021173956,0.042372718,-222.167149,-0.042438891,-0.021200619,-0.014135436,-0.010605283],"unit":"S"},"timestamps":{"value":[0.019,0.053,0.087,0.121,0.156,0.19,0.224,0.258,0.292,0.327,0.361,0.395,0.429,0.463,0.498,0.532,0.566,0.6,0.634,0.668,0.703,0.737,0.771,0.8050001,0.839,0.874,0.9080001,0.942,0.9760001,1.011,1.045],"unit":"s"},"sweep_direction":{"unit":"","value":"Reverse"},"p_max":{"unit":"mW","value":1.922},"v_p_max":{"unit":"V","value":0.95},"i_p_max":{"unit":"mA","value":2.023},"isc":{"unit":"mA","value":2.119},"voc":{"unit":"V","value":1.138},"jsc":{"unit":"mA\/cm2","value":22.54},"fill_factor":{"unit":"%","value":79.675},"efficiency":{"unit":"%","value":20.444},"r_s":{"unit":"ohms","value":35.265},"r_sh":{"unit":"ohms","value":12915.803},"temperature":{"unit":"oC","value":20.845},"cell_dimension":{"value":0.09400000032203179,"unit":"cm2"},"key":"Reverse_[G4#C4]_Group-4_Dynamic"},{"V":{"value":[1.3,1.25,1.2,1.15,1.1,1.05,1,0.95,0.9,0.85,0.8,0.75,0.7,0.65,0.6,0.55,0.5,0.45,0.4,0.35,0.3,0.25,0.2,0.15,0.1,0.05,0,-0.05,-0.1,-0.15,-0.2],"unit":"V"},"J":{"value":[-0.06520909600000001,-0.046582947,-0.023244011000000002,-0.004041722,0.009507673999999999,0.0171965,0.020456521,0.021655096,0.022091128,0.022257245000000002,0.022335872,0.022390404,0.022395255,0.022425553,0.022446063999999998,0.022473266,0.022491894,0.022509713,0.022529936,0.022525319,0.02256466,0.022562479,0.022575797999999998,0.022597894,0.022598819,0.022626616999999998,0.022622872000000002,0.022660213,0.022644255000000002,0.022651053,0.022640926],"unit":"A\/cm2"},"power_density":{"value":[-84.771759,-58.22887,-27.893115,-4.648066,10.458575,18.056583,20.456869,20.57259,19.882306,18.918832,17.868968,16.793016,15.676829,14.576639,13.46769,12.360231,11.245873,10.129929,9.012407,7.884332,6.769702,5.640787,4.515392,3.389734,2.25982,1.131233,-0.000215748519,-1.132383,-2.264056,-3.396872,-4.527766],"unit":"mW\/cm2"},"I":{"value":[-0.0061296549999999995,-0.004378796999999999,-0.002184937,-0.0003799219,0.0008937214,0.001616471,0.001922913,0.0020355789999999996,0.002076566,0.0020921810000000002,0.002099572,0.002104698,0.002105154,0.002108002,0.00210993,0.0021124869999999997,0.002114238,0.002115913,0.002117814,0.00211738,0.0021210779999999998,0.002120873,0.002122125,0.002124202,0.002124289,0.002126902,0.00212655,0.00213006,0.00212856,0.002129199,0.002128247],"unit":"A"},"power":{"value":[-7.968545,-5.473514,-2.621953,-0.436918163,0.983106052,1.697319,1.922946,1.933823,1.868937,1.77837,1.679683,1.578543,1.473622,1.370204,1.265963,1.161862,1.057112,0.952213325,0.847166262,0.741127253,0.636352035,0.530233944,0.424446858,0.318634973,0.212423122,0.106335869,-2.0280361e-5,-0.106443997,-0.212821283,-0.319305967,-0.425610027],"unit":"mW"},"resistance":{"value":[-212.083551,-285.467447,-549.22087,-3026.993,1230.824,649.572433,520.053169,466.703331,433.414204,406.278329,381.035802,356.350175,332.520424,308.34947,284.370714,260.355259,236.490263,212.685871,188.883065,165.308494,141.443879,117.879477,94.250009,70.615789,47.073294,23.50633,-0.004484608,-23.460513,-46.972456,-70.432731,-93.965362],"unit":"ohms"},"conductance":{"value":[-0.004715123,-0.003503026,-0.001820761,-0.000330360837,0.00081246366,0.001539474,0.00192288,0.002142689,0.002307262,0.002461367,0.002624425,0.002806228,0.003007334,0.003243074,0.003516537,0.003840906,0.004228504,0.00470177,0.005294281,0.006049296,0.007069942,0.008483241,0.010610079,0.014161139,0.021243468,0.042541733,-222.984933,-0.042624814,-0.021289072,-0.014197944,-0.010642219],"unit":"S"},"timestamps":{"value":[0.019,0.053,0.08800001,0.122,0.156,0.19,0.224,0.259,0.293,0.327,0.361,0.395,0.429,0.464,0.498,0.532,0.566,0.6,0.6350001,0.669,0.703,0.737,0.771,0.8060001,0.84,0.874,0.9080001,0.943,0.9770001,1.011,1.045],"unit":"s"},"sweep_direction":{"unit":"","value":"Reverse"},"p_max":{"unit":"mW","value":1.934},"v_p_max":{"unit":"V","value":0.95},"i_p_max":{"unit":"mA","value":2.036},"isc":{"unit":"mA","value":2.127},"voc":{"unit":"V","value":1.135},"jsc":{"unit":"mA\/cm2","value":22.623},"fill_factor":{"unit":"%","value":80.113},"efficiency":{"unit":"%","value":20.573},"r_s":{"unit":"ohms","value":33.75},"r_sh":{"unit":"ohms","value":13694.807},"temperature":{"unit":"oC","value":20.843},"cell_dimension":{"value":0.09399999963195317,"unit":"cm2"},"key":"Reverse_[G4#C3]_Group-4_Dynamic"},{"V":{"value":[1.3,1.25,1.2,1.15,1.1,1.05,1,0.95,0.9,0.85,0.8,0.75,0.7,0.65,0.6,0.55,0.5,0.45,0.4,0.35,0.3,0.25,0.2,0.15,0.1,0.05,0,-0.05,-0.1,-0.15,-0.2],"unit":"V"},"J":{"value":[-0.053074681,-0.034466447000000004,-0.014478872,0.0012666980000000001,0.012185362,0.018188489000000002,0.020711287,0.021616669999999998,0.021939777,0.022076404,0.022149903999999998,0.022177330000000002,0.022191479,0.022226489000000002,0.022232649,0.022262511,0.022270734,0.022283021,0.022299862,0.022313436,0.022338489,0.022338074,0.022350617,0.022354936,0.022350894,0.022358872000000002,0.022333947,0.022383404,0.022350489,0.022374414999999998,0.022366499999999997],"unit":"A\/cm2"},"power_density":{"value":[-68.997457,-43.083369,-17.374878,1.456728,13.404105,19.098187,20.71166,20.536111,19.746089,18.7651,17.720198,16.633235,15.534142,14.447289,13.339661,12.244343,11.135302,10.027892,8.920362,7.810173,6.701824,5.584711,4.470342,3.353296,2.235018,1.117831,-0.000239617342,-1.11855,-2.234679,-3.355402,-4.472902],"unit":"mW\/cm2"},"I":{"value":[-0.00498902,-0.0032398460000000002,-0.001361014,0.0001190696,0.001145424,0.001709718,0.001946861,0.002031967,0.0020623390000000003,0.002075182,0.0020820910000000003,0.002084669,0.0020859990000000003,0.00208929,0.0020898690000000003,0.002092676,0.0020934490000000003,0.002094604,0.0020961870000000002,0.002097463,0.002099818,0.002099779,0.002100958,0.0021013639999999997,0.0021009839999999998,0.002101734,0.002099391,0.0021040399999999997,0.002100946,0.002103195,0.002102451],"unit":"A"},"power":{"value":[-6.485761,-4.049837,-1.633239,0.136932421,1.259986,1.79523,1.946896,1.930394,1.856132,1.763919,1.665699,1.563524,1.460209,1.358045,1.253928,1.150968,1.046718,0.942621861,0.838513999,0.734156306,0.629971438,0.524962808,0.420212189,0.315209853,0.210091698,0.105076086,-2.252403e-5,-0.105143718,-0.210059829,-0.315407741,-0.420452776],"unit":"mW"},"resistance":{"value":[-260.57362,-385.823585,-881.707315,9658.385,960.357911,614.14514,513.656599,467.533528,436.404102,409.606049,384.235079,359.774477,335.572932,311.112005,287.100866,262.82057,238.838921,214.849155,190.831591,166.878319,142.87543,119.064244,95.199333,71.383397,47.595227,23.787477,-0.005110453,-23.750642,-47.589729,-71.303897,-95.118602],"unit":"ohms"},"conductance":{"value":[-0.003837687,-0.002591858,-0.001134163,0.000103536982,0.001041278,0.00162828,0.001946826,0.002138884,0.002291454,0.00244137,0.002602573,0.002779519,0.002979978,0.003214276,0.003483096,0.003804877,0.004186922,0.004654428,0.005240223,0.00599239,0.006999104,0.008398827,0.010504275,0.01400886,0.02101051,0.042038926,-195.677352,-0.042104126,-0.021012938,-0.014024479,-0.010513191],"unit":"S"},"timestamps":{"value":[0.019,0.053,0.087,0.121,0.156,0.19,0.224,0.258,0.292,0.327,0.361,0.395,0.429,0.463,0.498,0.532,0.566,0.6,0.634,0.668,0.703,0.737,0.771,0.8050001,0.839,0.874,0.9080001,0.942,0.9760001,1.011,1.045],"unit":"s"},"sweep_direction":{"unit":"","value":"Reverse"},"p_max":{"unit":"mW","value":1.947},"v_p_max":{"unit":"V","value":1},"i_p_max":{"unit":"mA","value":1.947},"isc":{"unit":"mA","value":2.099},"voc":{"unit":"V","value":1.154},"jsc":{"unit":"mA\/cm2","value":22.334},"fill_factor":{"unit":"%","value":80.358},"efficiency":{"unit":"%","value":20.712},"r_s":{"unit":"ohms","value":35.187},"r_sh":{"unit":"ohms","value":7277.896},"temperature":{"unit":"oC","value":20.836},"cell_dimension":{"value":0.09399999973622075,"unit":"cm2"},"key":"Reverse_[G4#C1]_Group-4_Dynamic"},{"V":{"value":[1.3,1.25,1.2,1.15,1.1,1.05,1,0.95,0.9,0.85,0.8,0.75,0.7,0.65,0.6,0.55,0.5,0.45,0.4,0.35,0.3,0.25,0.2,0.15,0.1,0.05,0,-0.05,-0.1,-0.15,-0.2],"unit":"V"},"J":{"value":[-0.062171351,-0.038680073999999995,-0.017744883000000003,-0.001578632,0.010085233,0.017346457000000003,0.020772947,0.022109596,0.022625553,0.022852096,0.022973149,0.023019543,0.023045595999999998,0.023049479,0.023061787,0.023094010999999998,0.02311117,0.023126245,0.023140574,0.023148117,0.023160819,0.023153309,0.023178894,0.023161968,0.023173839999999998,0.023187180999999998,0.023182564,0.023213904,0.023188010999999998,0.023183649,0.023182979],"unit":"A\/cm2"},"power_density":{"value":[-80.82344,-48.35048,-21.294143,-1.815463,11.093928,18.214041,20.773321,21.004412,20.363346,19.424519,18.378852,17.264947,16.132115,14.982256,13.837174,12.701687,11.555525,10.407402,9.256695,8.102373,6.948565,5.78851,4.636034,3.474374,2.31736,1.159286,-0.000215559013,-1.160047,-2.318384,-3.476731,-4.636171],"unit":"mW\/cm2"},"I":{"value":[-0.005844107,-0.003635927,-0.001668019,-0.0001483914,0.0009480119,0.001630567,0.001952657,0.0020783019999999998,0.002126802,0.002148097,0.002159476,0.002163837,0.002166286,0.002166651,0.002167808,0.002170837,0.00217245,0.002173867,0.002175214,0.002175923,0.002177117,0.002176411,0.0021788159999999997,0.002177225,0.002178341,0.002179595,0.002179161,0.002182107,0.002179673,0.0021792630000000003,0.0021791999999999996],"unit":"A"},"power":{"value":[-7.597403,-4.544945,-2.001649,-0.170653523,1.042829,1.71212,1.952692,1.974415,1.914155,1.825905,1.727612,1.622905,1.516419,1.408332,1.300694,1.193959,1.086219,0.978295801,0.870129322,0.761623096,0.653165144,0.544119944,0.435787167,0.326591153,0.217831813,0.108972884,-2.0262547e-5,-0.109044382,-0.217928109,-0.32681274,-0.435800121],"unit":"mW"},"resistance":{"value":[-222.448186,-343.794031,-719.425858,-7749.93,1160.341,643.956979,512.131931,457.110372,423.177804,395.703918,370.466956,346.612337,323.137665,300.004062,276.779309,253.358129,230.153697,207.016161,183.899193,160.86185,137.803251,114.87164,91.798022,68.8966,45.906013,22.938596,-0.004266929,-22.900829,-45.870192,-68.814457,-91.768401],"unit":"ohms"},"conductance":{"value":[-0.004495429,-0.002908718,-0.001389997,-0.000129033419,0.000861815681,0.001552899,0.001952622,0.002187655,0.002363073,0.002527142,0.002699296,0.002885068,0.003094656,0.003333288,0.003612987,0.003946982,0.004344923,0.004830541,0.005437762,0.006216514,0.007256723,0.008705369,0.010893481,0.014514504,0.021783639,0.043594646,-234.360597,-0.043666541,-0.02180065,-0.01453183,-0.010896997],"unit":"S"},"timestamps":{"value":[0.019,0.053,0.087,0.122,0.156,0.19,0.224,0.258,0.293,0.327,0.361,0.395,0.429,0.463,0.498,0.532,0.566,0.6,0.634,0.669,0.703,0.737,0.771,0.8050001,0.84,0.874,0.9080001,0.943,0.9770001,1.011,1.045],"unit":"s"},"sweep_direction":{"unit":"","value":"Reverse"},"p_max":{"unit":"mW","value":1.974},"v_p_max":{"unit":"V","value":0.95},"i_p_max":{"unit":"mA","value":2.078},"isc":{"unit":"mA","value":2.179},"voc":{"unit":"V","value":1.143},"jsc":{"unit":"mA\/cm2","value":23.183},"fill_factor":{"unit":"%","value":79.251},"efficiency":{"unit":"%","value":21.004},"r_s":{"unit":"ohms","value":35.815},"r_sh":{"unit":"ohms","value":10913.161},"temperature":{"unit":"oC","value":20.986},"cell_dimension":{"value":0.09400000009650748,"unit":"cm2"},"key":"Reverse_[G3#C4]_Group-3_Dynamic"},{"V":{"value":[1.3,1.25,1.2,1.15,1.1,1.05,1,0.95,0.9,0.85,0.8,0.75,0.7,0.65,0.6,0.55,0.5,0.45,0.4,0.35,0.3,0.25,0.2,0.15,0.1,0.05,0,-0.05,-0.1,-0.15,-0.2],"unit":"V"},"J":{"value":[-0.053013223000000005,-0.03267134,-0.012703734000000001,0.002854266,0.013569862,0.019302669999999997,0.021627511,0.022452064,0.022766553,0.02288866,0.022954426,0.022982383,0.023002755,0.02300333,0.023021085,0.023023362,0.023064457,0.023076011,0.023089904,0.023107638,0.023113064000000003,0.023114436000000002,0.023121234,0.023114989000000002,0.023121213,0.023130787,0.023125596,0.023134447000000002,0.02312466,0.023124755,0.023131415],"unit":"A\/cm2"},"power_density":{"value":[-68.917668,-40.83947,-15.244697,3.282471,14.927065,20.268093,21.6279,21.329757,20.490221,19.45556,18.363841,17.237049,16.102083,14.952249,13.812743,12.662831,11.532146,10.384752,9.236405,8.088184,6.934227,5.778808,4.624508,3.467322,2.312069,1.15645,-0.000220542863,-1.156076,-2.312061,-3.467888,-4.625843],"unit":"mW\/cm2"},"I":{"value":[-0.004983243,-0.003071106,-0.001194151,0.00026830100000000003,0.0012755669999999998,0.0018144510000000001,0.002032986,0.002110494,0.002140056,0.0021515339999999997,0.002157716,0.002160344,0.002162259,0.0021623130000000003,0.002163982,0.002164196,0.002168059,0.002169145,0.002170451,0.0021721180000000002,0.002172628,0.002172757,0.0021733959999999997,0.002172809,0.002173394,0.0021742940000000002,0.002173806,0.002174638,0.002173718,0.002173727,0.002174353],"unit":"A"},"power":{"value":[-6.478261,-3.83891,-1.433002,0.308552321,1.403144,1.905201,2.033023,2.004997,1.926081,1.828823,1.726201,1.620283,1.513596,1.405511,1.298398,1.190306,1.084022,0.976166659,0.868222073,0.760289304,0.651817296,0.543207936,0.434703759,0.325928303,0.217334532,0.108706307,-2.0731029e-5,-0.108671141,-0.21733376,-0.325981448,-0.434829287],"unit":"mW"},"resistance":{"value":[-260.8761,-407.022421,-1004.912,4286.316,862.374144,578.695705,491.896157,450.137835,420.556378,395.071005,370.768489,347.17221,323.738599,300.60574,277.26848,254.135577,230.61937,207.465937,184.302341,161.143225,138.087744,115.065145,92.027086,69.036533,46.009955,22.994195,-0.004387118,-22.979484,-45.996077,-68.989482,-91.972647],"unit":"ohms"},"conductance":{"value":[-0.003833237,-0.002456867,-0.000995111736,0.000233300551,0.001159589,0.001728024,0.002032949,0.002221542,0.002377802,0.002531191,0.002697101,0.002880415,0.003088912,0.003326616,0.003606613,0.003934908,0.004336149,0.004820068,0.005425867,0.00620566,0.007241772,0.008690729,0.010866366,0.014485084,0.021734427,0.043489237,-227.940084,-0.043517077,-0.021740985,-0.014494963,-0.010872798],"unit":"S"},"timestamps":{"value":[0.019,0.053,0.087,0.122,0.156,0.19,0.224,0.258,0.293,0.327,0.361,0.395,0.429,0.464,0.498,0.532,0.566,0.6,0.6350001,0.669,0.703,0.737,0.771,0.8060001,0.84,0.874,0.9080001,0.943,0.9770001,1.011,1.045],"unit":"s"},"sweep_direction":{"unit":"","value":"Reverse"},"p_max":{"unit":"mW","value":2.033},"v_p_max":{"unit":"V","value":1},"i_p_max":{"unit":"mA","value":2.033},"isc":{"unit":"mA","value":2.174},"voc":{"unit":"V","value":1.159},"jsc":{"unit":"mA\/cm2","value":23.126},"fill_factor":{"unit":"%","value":80.68},"efficiency":{"unit":"%","value":21.628},"r_s":{"unit":"ohms","value":34.735},"r_sh":{"unit":"ohms","value":7792.996},"temperature":{"unit":"oC","value":20.831},"cell_dimension":{"value":0.09400000071680228,"unit":"cm2"},"key":"Reverse_[G3#C2]_Group-3_Dynamic"},{"V":{"value":[1.3,1.25,1.2,1.15,1.1,1.05,1,0.95,0.9,0.85,0.8,0.75,0.7,0.65,0.6,0.55,0.5,0.45,0.4,0.35,0.3,0.25,0.2,0.15,0.1,0.05,0,-0.05,-0.1,-0.15,-0.2],"unit":"V"},"J":{"value":[-0.066016287,-0.041352766,-0.017399915,0.001975454,0.014625585,0.020287213000000002,0.022105096,0.02263734,0.022831713,0.022915649,0.022966,0.022994851,0.022987574,0.022980766,0.022986979,0.022979617,0.022988702,0.023003415,0.023017734,0.023013871999999998,0.023012191,0.023012499999999998,0.023013511,0.023022967999999998,0.023038181,0.023030255,0.023032957,0.023037351,0.023038362,0.02304233,0.023056638],"unit":"A\/cm2"},"power_density":{"value":[-85.821768,-51.691288,-20.880176,2.271822,16.088422,21.301918,22.105538,21.505815,20.548909,19.478508,18.373117,17.246407,16.091491,14.93761,13.792272,12.638778,11.494296,10.352119,9.20754,8.055375,6.903987,5.753339,4.602944,3.453523,2.303728,1.151402,-0.000203184935,-1.151224,-2.30345,-3.455522,-4.610894],"unit":"mW\/cm2"},"I":{"value":[-0.006205530999999999,-0.00388716,-0.001635592,0.0001856927,0.001374805,0.001906998,0.002077879,0.00212791,0.002146181,0.002154071,0.002158804,0.002161516,0.002160832,0.002160192,0.0021607759999999997,0.002160084,0.002160938,0.002162321,0.0021636669999999998,0.002163304,0.002163146,0.002163175,0.0021632699999999997,0.002164159,0.0021655890000000003,0.002164844,0.002165098,0.002165511,0.002165606,0.002165979,0.002167324],"unit":"A"},"power":{"value":[-8.067246,-4.858981,-1.962737,0.213551247,1.512312,2.00238,2.077921,2.021547,1.931597,1.83098,1.727073,1.621162,1.5126,1.404135,1.296474,1.188045,1.080464,0.973099157,0.865508775,0.757205291,0.648974733,0.540813868,0.432676714,0.324631208,0.216550433,0.108231765,-1.9099384e-5,-0.108215046,-0.216524261,-0.324819091,-0.433424054],"unit":"mW"},"resistance":{"value":[-209.491984,-321.573591,-733.689086,6193.162,800.127291,550.612533,481.269602,446.454549,419.357035,394.605842,370.581952,346.984107,323.953088,300.901448,277.679732,254.619496,231.379892,208.121412,184.880298,161.800006,138.693505,115.575162,92.457483,69.31256,46.175008,23.094126,-0.004074405,-23.076336,-46.168703,-69.236174,-92.271022],"unit":"ohms"},"conductance":{"value":[-0.004773452,-0.003109708,-0.001362975,0.000161468403,0.001249801,0.001816159,0.002077837,0.00223987,0.002384603,0.002534174,0.002698458,0.002881976,0.003086867,0.003323347,0.003601271,0.003927429,0.004321897,0.004804888,0.005408905,0.006180469,0.007210143,0.008652378,0.010815782,0.0144274,0.021656737,0.043301054,-245.434585,-0.043334435,-0.021659694,-0.014443317,-0.010837639],"unit":"S"},"timestamps":{"value":[0.019,0.053,0.087,0.121,0.155,0.189,0.224,0.258,0.292,0.326,0.36,0.395,0.429,0.463,0.497,0.531,0.566,0.6,0.634,0.668,0.702,0.737,0.771,0.8050001,0.839,0.873,0.9080001,0.942,0.9760001,1.01,1.045],"unit":"s"},"sweep_direction":{"unit":"","value":"Reverse"},"p_max":{"unit":"mW","value":2.078},"v_p_max":{"unit":"V","value":1},"i_p_max":{"unit":"mA","value":2.078},"isc":{"unit":"mA","value":2.165},"voc":{"unit":"V","value":1.155},"jsc":{"unit":"mA\/cm2","value":23.033},"fill_factor":{"unit":"%","value":83.085},"efficiency":{"unit":"%","value":22.106},"r_s":{"unit":"ohms","value":28.806},"r_sh":{"unit":"ohms","value":11904.623},"temperature":{"unit":"oC","value":20.825},"cell_dimension":{"value":0.09400000033325108,"unit":"cm2"},"key":"Reverse_[G3#C1]_Group-3_Dynamic"},{"V":{"value":[1.3,1.25,1.2,1.15,1.1,1.05,1,0.95,0.9,0.85,0.8,0.75,0.7,0.65,0.6,0.55,0.5,0.45,0.4,0.35,0.3,0.25,0.2,0.15,0.1,0.05,0,-0.05,-0.1,-0.15,-0.2],"unit":"V"},"J":{"value":[-0.06514737200000001,-0.037885755,-0.012788287,0.006019594,0.016664138000000002,0.020712202000000002,0.021926426,0.022308202000000003,0.022431106,0.022514489000000002,0.022564936,0.022584596000000002,0.02259234,0.022588713,0.022604426,0.022596043000000003,0.022595309,0.022610553,0.022618755,0.022613181,0.022621191,0.022625138,0.022632628000000002,0.022662787,0.022680638,0.022692681,0.022700096,0.022704947,0.022685213000000003,0.022686309,0.022658521],"unit":"A\/cm2"},"power_density":{"value":[-84.692236,-47.357535,-15.346175,6.922689,18.330869,21.748185,21.926864,21.193118,20.188346,19.137539,18.052281,16.938731,15.814817,14.682763,13.56275,12.427828,11.297573,10.175328,9.047957,7.915129,6.786674,5.6565,4.526763,3.399518,2.26804,1.134546,-0.0002002486,-1.134608,-2.268141,-3.402143,-4.531274],"unit":"mW\/cm2"},"I":{"value":[-0.006123853,-0.003561261,-0.001202099,0.0005658417999999999,0.001566429,0.001946947,0.0020610840000000004,0.002096971,0.002108524,0.002116362,0.002121104,0.002122952,0.0021236799999999998,0.002123339,0.002124816,0.002124028,0.0021239590000000004,0.0021253920000000003,0.002126163,0.002125639,0.002126392,0.002126763,0.002127467,0.0021303019999999997,0.00213198,0.002133112,0.002133809,0.002134265,0.00213241,0.002132513,0.002129901],"unit":"A"},"power":{"value":[-7.96107,-4.451608,-1.44254,0.650732782,1.723102,2.044329,2.061125,1.992153,1.897704,1.798929,1.696914,1.592241,1.486593,1.38018,1.274899,1.168216,1.061972,0.95648081,0.850507936,0.744022115,0.637947369,0.531710954,0.425515738,0.319554673,0.213195761,0.106647366,-1.8823368e-5,-0.106653106,-0.213205218,-0.319801459,-0.425939732],"unit":"mW"},"resistance":{"value":[-212.286284,-351.001794,-998.268861,2032.416,702.246319,539.315143,485.191288,453.041363,426.846268,401.637291,377.169012,353.287592,329.620235,306.123704,282.379368,258.942067,235.407746,211.737694,188.141784,164.667095,141.090636,117.554001,94.013444,70.414617,46.904263,23.438122,-0.00413415,-23.414065,-46.887428,-70.322948,-93.892157],"unit":"ohms"},"conductance":{"value":[-0.00471062,-0.002848988,-0.001001734,0.000492025224,0.001424002,0.001854203,0.002061043,0.002207304,0.002342764,0.002489809,0.002651331,0.002830555,0.003033794,0.003266653,0.003541335,0.003861868,0.004247949,0.004722825,0.00531514,0.006072859,0.007087643,0.008506729,0.010636777,0.014201597,0.021320024,0.042665534,-241.887677,-0.042709371,-0.021327679,-0.014220109,-0.010650517],"unit":"S"},"timestamps":{"value":[0.019,0.053,0.08800001,0.122,0.156,0.19,0.224,0.258,0.293,0.327,0.361,0.395,0.429,0.464,0.498,0.532,0.566,0.6,0.6350001,0.669,0.703,0.737,0.771,0.8060001,0.84,0.874,0.9080001,0.943,0.9770001,1.011,1.045],"unit":"s"},"sweep_direction":{"unit":"","value":"Reverse"},"p_max":{"unit":"mW","value":2.061},"v_p_max":{"unit":"V","value":1},"i_p_max":{"unit":"mA","value":2.061},"isc":{"unit":"mA","value":2.134},"voc":{"unit":"V","value":1.166},"jsc":{"unit":"mA\/cm2","value":22.7},"fill_factor":{"unit":"%","value":82.84},"efficiency":{"unit":"%","value":21.927},"r_s":{"unit":"ohms","value":28.484},"r_sh":{"unit":"ohms","value":17120.449},"temperature":{"unit":"oC","value":20.825},"cell_dimension":{"value":0.09400000049119402,"unit":"cm2"},"key":"Reverse_[G2#C4]_Group-2_Dynamic"},{"V":{"value":[1.3,1.25,1.2,1.15,1.1,1.05,1,0.95,0.9,0.85,0.8,0.75,0.7,0.65,0.6,0.55,0.5,0.45,0.4,0.35,0.3,0.25,0.2,0.15,0.1,0.05,0,-0.05,-0.1,-0.15,-0.2],"unit":"V"},"J":{"value":[-0.06265660599999999,-0.042375021,-0.01898333,5.2907049999999995e-6,0.012700766,0.019034053,0.021371638000000002,0.022142883000000002,0.022419170000000002,0.022520511,0.022583319,0.022600701999999997,0.022638606,0.02263734,0.022660883,0.022668713,0.022687479,0.022693276999999998,0.02271417,0.022716011,0.022719394,0.02274484,0.022747394,0.022758628000000003,0.022763798000000002,0.022773830000000002,0.022800819,0.022812255,0.02280434,0.022821521,0.022811223],"unit":"A\/cm2"},"power_density":{"value":[-81.453714,-52.969031,-22.780299,0.00608438,13.971058,19.986041,21.372023,21.036009,20.177549,19.14261,18.06694,16.950784,15.847183,14.714355,13.596602,12.467753,11.343664,10.212537,9.086093,7.951083,6.816132,5.686433,4.549702,3.41384,2.276302,1.138593,-0.000217445552,-1.139997,-2.280057,-3.422429,-4.561827],"unit":"mW\/cm2"},"I":{"value":[-0.005889721,-0.003983252,-0.001784433,4.973263e-7,0.0011938720000000001,0.001789201,0.002008934,0.002081431,0.002107402,0.002116928,0.002122832,0.0021244659999999998,0.002128029,0.00212791,0.0021301230000000003,0.002130859,0.002132623,0.002133168,0.002135132,0.0021353049999999997,0.0021356229999999997,0.002138015,0.002138255,0.002139311,0.002139797,0.00214074,0.002143277,0.002144352,0.002143608,0.002145223,0.002144255],"unit":"A"},"power":{"value":[-7.656649,-4.979089,-2.141348,0.00057193171,1.313279,1.878688,2.00897,1.977385,1.89669,1.799405,1.698292,1.593374,1.489635,1.383149,1.278081,1.171969,1.066304,0.959978503,0.854092727,0.747401805,0.640716372,0.534524703,0.427671955,0.320900929,0.21397236,0.107027709,-2.0439882e-5,-0.107159724,-0.214325323,-0.321708367,-0.42881176],"unit":"mW"},"resistance":{"value":[-220.723868,-313.815445,-672.491486,2312391,921.386045,586.862516,497.785393,456.422625,427.072386,401.528914,376.861005,353.035257,328.946175,305.465786,281.675377,258.111072,234.451518,210.965475,187.350805,163.920892,140.480693,116.935475,93.538797,70.116968,46.731802,23.354382,-0.004449608,-23.304481,-46.6426,-69.906485,-93.263954],"unit":"ohms"},"conductance":{"value":[-0.004530548,-0.003186586,-0.001487008,4.32452764e-7,0.001085321,0.001703977,0.002008898,0.002190952,0.002341523,0.002490481,0.002653498,0.002832578,0.003040011,0.003273689,0.003550186,0.003874301,0.004265274,0.004740112,0.00533758,0.006100504,0.007118416,0.008551725,0.010690751,0.014261883,0.021398704,0.042818517,-224.738886,-0.042910203,-0.021439628,-0.014304824,-0.010722256],"unit":"S"},"timestamps":{"value":[0.019,0.054,0.08800001,0.122,0.156,0.19,0.225,0.259,0.293,0.327,0.361,0.395,0.43,0.464,0.498,0.532,0.566,0.601,0.6350001,0.669,0.703,0.737,0.772,0.8060001,0.84,0.874,0.9080001,0.943,0.9770001,1.011,1.045],"unit":"s"},"sweep_direction":{"unit":"","value":"Reverse"},"p_max":{"unit":"mW","value":2.009},"v_p_max":{"unit":"V","value":1},"i_p_max":{"unit":"mA","value":2.009},"isc":{"unit":"mA","value":2.143},"voc":{"unit":"V","value":1.15},"jsc":{"unit":"mA\/cm2","value":22.801},"fill_factor":{"unit":"%","value":81.506},"efficiency":{"unit":"%","value":21.372},"r_s":{"unit":"ohms","value":30.39},"r_sh":{"unit":"ohms","value":8927.034},"temperature":{"unit":"oC","value":20.823},"cell_dimension":{"value":0.09400000057456033,"unit":"cm2"},"key":"Reverse_[G2#C3]_Group-2_Dynamic"},{"V":{"value":[1.3,1.25,1.2,1.15,1.1,1.05,1,0.95,0.9,0.85,0.8,0.75,0.7,0.65,0.6,0.55,0.5,0.45,0.4,0.35,0.3,0.25,0.2,0.15,0.1,0.05,0,-0.05,-0.1,-0.15,-0.2],"unit":"V"},"J":{"value":[-0.065756096,-0.045234574,-0.02503566,-0.007282368,0.006730054,0.015810191,0.020059404,0.021578245,0.022135638,0.022342393999999998,0.022457809000000002,0.022486521,0.02254033,0.022509734,0.022542032,0.022519223,0.022539351,0.022526755000000002,0.022552447,0.022538521,0.022565988999999998,0.022571053,0.022587426,0.022587628,0.022607277,0.022595032,0.022617404,0.02262434,0.022606117000000002,0.022612596,0.022615521],"unit":"A\/cm2"},"power_density":{"value":[-85.483451,-56.543444,-30.043142,-8.374884,7.403174,16.600938,20.059765,20.499606,19.922378,18.991213,17.96655,16.865154,15.778393,14.63141,13.525287,12.385539,11.269583,10.137574,9.0214,7.888965,6.770108,5.642962,4.517702,3.388212,2.260672,1.129654,-0.000221088791,-1.130579,-2.260222,-3.391089,-4.522711],"unit":"mW\/cm2"},"I":{"value":[-0.006181073,-0.004252049999999999,-0.002353352,-0.0006845426,0.0006326251000000001,0.001486158,0.0018855839999999998,0.002028355,0.00208075,0.002100185,0.002111034,0.002113733,0.002118791,0.0021159150000000003,0.002118951,0.002116807,0.002118699,0.002117515,0.00211993,0.0021186210000000002,0.002121203,0.002121679,0.002123218,0.002123237,0.002125084,0.002123933,0.002126036,0.0021266880000000003,0.002124975,0.002125584,0.0021258590000000003],"unit":"A"},"power":{"value":[-8.035444,-5.315084,-2.824055,-0.78723905,0.695898365,1.560488,1.885618,1.926963,1.872704,1.785174,1.688856,1.585324,1.483169,1.375353,1.271377,1.164241,1.059341,0.952931935,0.848011643,0.741562688,0.636390173,0.530438421,0.424663983,0.31849192,0.21250313,0.106187432,-2.0782346e-5,-0.10627447,-0.212460823,-0.318762354,-0.42513481],"unit":"mW"},"resistance":{"value":[-210.320765,-293.977023,-509.916919,-1679.986,1738.813,706.529858,530.349218,468.36609,432.542929,404.730059,378.967605,354.828022,330.380486,307.197454,283.160394,259.824585,235.991946,212.524445,188.694297,165.2119,141.435685,117.835356,94.201161,70.64826,47.055796,23.539189,-0.004597835,-23.497485,-47.051255,-70.552187,-94.071432],"unit":"ohms"},"conductance":{"value":[-0.004754642,-0.003401626,-0.001961104,-0.000595243048,0.000575104839,0.001415368,0.00188555,0.002135082,0.002311909,0.002470783,0.002638748,0.002818267,0.003026813,0.003255235,0.003531567,0.00384875,0.004237433,0.004705341,0.005299577,0.006052833,0.007070351,0.008486417,0.01061558,0.01415463,0.021251367,0.042482347,-217.493685,-0.042557746,-0.021253418,-0.014173905,-0.01063022],"unit":"S"},"timestamps":{"value":[0.019,0.053,0.087,0.122,0.156,0.19,0.224,0.258,0.293,0.327,0.361,0.395,0.429,0.464,0.498,0.532,0.566,0.6,0.634,0.669,0.703,0.737,0.771,0.8050001,0.84,0.874,0.9080001,0.943,0.9770001,1.011,1.045],"unit":"s"},"sweep_direction":{"unit":"","value":"Reverse"},"p_max":{"unit":"mW","value":1.927},"v_p_max":{"unit":"V","value":0.95},"i_p_max":{"unit":"mA","value":2.028},"isc":{"unit":"mA","value":2.126},"voc":{"unit":"V","value":1.124},"jsc":{"unit":"mA\/cm2","value":22.617},"fill_factor":{"unit":"%","value":80.635},"efficiency":{"unit":"%","value":20.5},"r_s":{"unit":"ohms","value":34.733},"r_sh":{"unit":"ohms","value":10965.77},"temperature":{"unit":"oC","value":20.978},"cell_dimension":{"value":0.09399999963501482,"unit":"cm2"},"key":"Reverse_[G2#C2]_Group-2_Dynamic"},{"V":{"value":[1.3,1.25,1.2,1.15,1.1,1.05,1,0.95,0.9,0.85,0.8,0.75,0.7,0.65,0.6,0.55,0.5,0.45,0.4,0.35,0.3,0.25,0.2,0.15,0.1,0.05,0,-0.05,-0.1,-0.15,-0.2],"unit":"V"},"J":{"value":[-0.032094372,-0.021652968,-0.01050829,-0.000307732766,0.008457281,0.015190936,0.019376840000000003,0.021333426,0.022092989,0.02237217,0.022463,0.022521266,0.022532106,0.022558596,0.022563946999999997,0.02259484,0.022611521,0.022626457,0.022649394,0.022638787,0.022670096,0.022671957,0.022680266,0.022703128,0.022707309,0.022702926000000002,0.02270917,0.022732511,0.022714745,0.022730766,0.022733287],"unit":"A\/cm2"},"power_density":{"value":[-41.723165,-27.066448,-12.610127,-0.353899451,9.303153,15.950711,19.377189,20.267,19.883982,19.016535,17.970699,16.891202,15.772637,14.66318,13.538447,12.427135,11.305691,10.182467,9.060186,7.924069,6.801335,5.6682,4.536264,3.40553,2.27068,1.135042,-0.000205742947,-1.13599,-2.271093,-3.408826,-4.54623],"unit":"mW\/cm2"},"I":{"value":[-0.003016871,-0.002035379,-0.0009877793,-2.8926879999999998e-5,0.0007949844,0.001427948,0.001821423,0.0020053420000000002,0.002076741,0.002102984,0.002111522,0.002116999,0.002118018,0.002120508,0.0021210110000000003,0.002123915,0.002125483,0.002126887,0.0021290429999999997,0.0021280459999999998,0.0021309890000000002,0.002131164,0.002131945,0.002134094,0.002134487,0.002134075,0.002134662,0.002136856,0.002135186,0.002136692,0.0021369289999999997],"unit":"A"},"power":{"value":[-3.921978,-2.544246,-1.185352,-0.033266548,0.874496355,1.499367,1.821456,1.905098,1.869094,1.787554,1.689246,1.587773,1.482628,1.378339,1.272614,1.168151,1.062735,0.957151897,0.851657439,0.744862491,0.639325468,0.53281082,0.426408827,0.320119862,0.213443919,0.106693976,-1.9339837e-5,-0.106783096,-0.213482772,-0.320429657,-0.427345626],"unit":"mW"},"resistance":{"value":[-430.915011,-614.141641,-1214.863,-39756.171,1383.696,735.331399,549.03117,473.740389,433.377682,404.191615,378.879926,354.280375,330.501063,306.532255,282.885614,258.955184,235.23919,211.588486,187.886717,164.480373,140.786039,117.31115,93.815413,70.288703,46.848615,23.427209,-0.004244188,-23.385787,-46.826469,-70.185736,-93.583456],"unit":"ohms"},"conductance":{"value":[-0.002320643,-0.001628289,-0.000823137756,-2.5153328e-5,0.000722701922,0.001359931,0.00182139,0.002110861,0.002307456,0.002474074,0.002639359,0.002822623,0.003025709,0.003262299,0.003534998,0.003861672,0.004250992,0.004726155,0.005322356,0.006079753,0.007102977,0.008524339,0.010659229,0.014227037,0.021345348,0.04268541,-235.616352,-0.042761015,-0.021355443,-0.014247909,-0.010685649],"unit":"S"},"timestamps":{"value":[0.019,0.053,0.08800001,0.122,0.156,0.19,0.224,0.258,0.293,0.327,0.361,0.395,0.429,0.464,0.498,0.532,0.566,0.6,0.6350001,0.669,0.703,0.737,0.771,0.8060001,0.84,0.874,0.9080001,0.943,0.9770001,1.011,1.045],"unit":"s"},"sweep_direction":{"unit":"","value":"Reverse"},"p_max":{"unit":"mW","value":1.905},"v_p_max":{"unit":"V","value":0.95},"i_p_max":{"unit":"mA","value":2.005},"isc":{"unit":"mA","value":2.135},"voc":{"unit":"V","value":1.148},"jsc":{"unit":"mA\/cm2","value":22.709},"fill_factor":{"unit":"%","value":77.722},"efficiency":{"unit":"%","value":20.267},"r_s":{"unit":"ohms","value":59.173},"r_sh":{"unit":"ohms","value":8605.569},"temperature":{"unit":"oC","value":20.818},"cell_dimension":{"value":0.09400000099705953,"unit":"cm2"},"key":"Reverse_[G2#C1]_Group-2_Dynamic"},{"V":{"value":[1.3,1.25,1.2,1.15,1.1,1.05,1,0.95,0.9,0.85,0.8,0.75,0.7,0.65,0.6,0.55,0.5,0.45,0.4,0.35,0.3,0.25,0.2,0.15,0.1,0.05,0,-0.05,-0.1,-0.15,-0.2],"unit":"V"},"J":{"value":[-0.052493245,-0.035919956999999995,-0.016343447,-1.8349032e-5,0.011471520999999998,0.017643277000000002,0.020088723000000003,0.020900447,0.021194723,0.02128217,0.021334777,0.021369096,0.021412628000000003,0.021418713,0.021448819,0.021466011,0.021464722999999998,0.021495404,0.021502181,0.021508415,0.021527564000000003,0.021537745,0.021556159999999998,0.021556191,0.02156234,0.021551957,0.021563085000000003,0.021559936000000002,0.021540563999999998,0.021542426,0.021543872],"unit":"A\/cm2"},"power_density":{"value":[-68.241323,-44.900162,-19.612381,-0.021101625,12.618857,18.525687,20.089065,19.855669,19.075527,18.09,17.068079,16.027035,14.988968,13.922228,12.869311,11.806254,10.732274,9.673465,8.601279,7.528384,6.458566,5.384621,4.311432,3.233493,2.156186,1.077489,-0.000205641601,-1.0774,-2.15369,-3.230616,-4.30838],"unit":"mW\/cm2"},"I":{"value":[-0.004934365,-0.0033764759999999998,-0.001536284,-1.724809e-6,0.001078323,0.001658468,0.0018883399999999999,0.001964642,0.001992304,0.002000524,0.002005469,0.002008695,0.002012787,0.0020133589999999997,0.002016189,0.002017805,0.002017684,0.002020568,0.0020212050000000003,0.0020217909999999998,0.002023591,0.0020245479999999997,0.002026279,0.0020262820000000003,0.00202686,0.002025884,0.00202693,0.0020266340000000002,0.002024813,0.002024988,0.002025124],"unit":"A"},"power":{"value":[-6.414684,-4.220615,-1.843564,-0.001983553,1.186173,1.741415,1.888372,1.866433,1.793099,1.70046,1.604399,1.506541,1.408963,1.308689,1.209715,1.109788,1.008834,0.90930571,0.808520201,0.707668095,0.607105226,0.506154411,0.405274644,0.303948379,0.20268146,0.101283969,-1.933031e-5,-0.101275562,-0.202446838,-0.303677933,-0.40498774],"unit":"mW"},"resistance":{"value":[-263.458824,-370.210243,-781.115341,-666748.028,1020.117,633.122858,529.574653,483.554612,451.744814,424.892328,398.915216,373.381723,347.779472,322.845056,297.591595,272.572226,247.806842,222.721928,197.911098,173.123928,148.258121,123.488601,98.70768,74.028689,49.336294,24.678091,-0.004705018,-24.657782,-49.378871,-74.057377,-98.750348],"unit":"ohms"},"conductance":{"value":[-0.00379566,-0.002701168,-0.001280221,-1.499817e-6,0.000980279378,0.001579472,0.001888308,0.002068019,0.002213639,0.002353537,0.002506798,0.002678224,0.002875385,0.003097461,0.00336031,0.003668752,0.004035401,0.004489904,0.005052774,0.005776209,0.006744993,0.008097913,0.010130924,0.013508277,0.020269054,0.040521773,-212.539019,-0.040555148,-0.020251577,-0.013503044,-0.010126547],"unit":"S"},"timestamps":{"value":[0.019,0.053,0.087,0.121,0.155,0.19,0.224,0.258,0.292,0.326,0.361,0.395,0.429,0.463,0.497,0.532,0.566,0.6,0.634,0.668,0.703,0.737,0.771,0.8050001,0.839,0.873,0.9080001,0.942,0.9760001,1.011,1.045],"unit":"s"},"sweep_direction":{"unit":"","value":"Reverse"},"p_max":{"unit":"mW","value":1.888},"v_p_max":{"unit":"V","value":1},"i_p_max":{"unit":"mA","value":1.888},"isc":{"unit":"mA","value":2.027},"voc":{"unit":"V","value":1.15},"jsc":{"unit":"mA\/cm2","value":21.563},"fill_factor":{"unit":"%","value":81.017},"efficiency":{"unit":"%","value":20.089},"r_s":{"unit":"ohms","value":35.619},"r_sh":{"unit":"ohms","value":8247.099},"temperature":{"unit":"oC","value":20.817},"cell_dimension":{"value":0.09399999942849789,"unit":"cm2"},"key":"Reverse_[G1#C4]_Group-1_Dynamic"},{"V":{"value":[1.3,1.25,1.2,1.15,1.1,1.05,1,0.95,0.9,0.85,0.8,0.75,0.7,0.65,0.6,0.55,0.5,0.45,0.4,0.35,0.3,0.25,0.2,0.15,0.1,0.05,0,-0.05,-0.1,-0.15,-0.2],"unit":"V"},"J":{"value":[-0.054557691,-0.037832085,-0.017501138,-0.001047619,0.010204264000000001,0.016201904,0.018575149,0.019392628,0.019663233999999998,0.019774616999999998,0.019830372,0.019848926,0.019875926,0.019902106,0.019935829999999998,0.019982596000000002,0.019980394000000002,0.019998329999999998,0.020008638000000002,0.020014436,0.020012064,0.020039564,0.020048819000000002,0.020048245000000003,0.020056266,0.020062213,0.020068255,0.020088850999999998,0.020076085,0.020069106,0.020061638],"unit":"A\/cm2"},"power_density":{"value":[-70.925163,-47.290409,-21.001628,-1.204784,11.224864,17.012242,18.575428,18.423215,17.69716,16.808565,15.864524,14.886899,13.913281,12.936447,11.961578,10.990384,9.990131,8.999716,8.003809,7.005475,6.003875,5.010035,4.009932,3.007277,2.005563,1.003014,-0.000196170447,-1.003896,-2.007272,-3.00968,-4.011971],"unit":"mW\/cm2"},"I":{"value":[-0.005128423,-0.003556216,-0.001645107,-9.847619000000001e-5,0.0009592008,0.001522979,0.001746064,0.0018229070000000001,0.001848344,0.0018588139999999999,0.001864055,0.001865799,0.0018683369999999999,0.001870798,0.0018739680000000002,0.001878364,0.001878157,0.001879843,0.001880812,0.001881357,0.001881134,0.0018837189999999998,0.001884589,0.0018845350000000001,0.001885289,0.0018858479999999999,0.0018864160000000001,0.001888352,0.001887152,0.0018864959999999999,0.0018857939999999999],"unit":"A"},"power":{"value":[-6.666965,-4.445298,-1.974153,-0.113249686,1.055137,1.599151,1.74609,1.731782,1.663533,1.580005,1.491265,1.399368,1.307848,1.216026,1.124388,1.033096,0.939072302,0.845973338,0.75235809,0.658514647,0.564364279,0.470943313,0.376933631,0.282684019,0.188522886,0.09428331,-1.8440022e-5,-0.09436618,-0.188683534,-0.282909882,-0.377125233],"unit":"mW"},"resistance":{"value":[-253.489815,-351.499459,-729.444954,-11678.163,1146.806,689.448115,572.725284,521.15182,486.929219,457.284645,429.178002,401.97808,374.668328,347.447399,320.17836,292.806826,266.216669,239.394141,212.683511,186.047146,159.485077,132.720008,106.128392,79.596293,53.040574,26.510716,-0.00518187,-26.463694,-52.981011,-79.494364,-106.046684],"unit":"ohms"},"conductance":{"value":[-0.003944932,-0.002844955,-0.001370905,-8.5629906e-5,0.000871987251,0.001450435,0.001746038,0.001918827,0.002053687,0.002186822,0.002330036,0.002487698,0.002669027,0.002878134,0.003123259,0.003415221,0.003756339,0.004177212,0.004701822,0.005374982,0.006270179,0.007534659,0.009422549,0.012563399,0.018853491,0.037720596,-192.980536,-0.037787619,-0.018874687,-0.012579508,-0.009429809],"unit":"S"},"timestamps":{"value":[0.019,0.053,0.08800001,0.122,0.156,0.19,0.224,0.259,0.293,0.327,0.361,0.395,0.43,0.464,0.498,0.532,0.566,0.601,0.6350001,0.669,0.703,0.737,0.772,0.8060001,0.84,0.874,0.9080001,0.943,0.9770001,1.011,1.045],"unit":"s"},"sweep_direction":{"unit":"","value":"Reverse"},"p_max":{"unit":"mW","value":1.746},"v_p_max":{"unit":"V","value":1},"i_p_max":{"unit":"mA","value":1.746},"isc":{"unit":"mA","value":1.886},"voc":{"unit":"V","value":1.145},"jsc":{"unit":"mA\/cm2","value":20.068},"fill_factor":{"unit":"%","value":80.814},"efficiency":{"unit":"%","value":18.575},"r_s":{"unit":"ohms","value":35.157},"r_sh":{"unit":"ohms","value":8391.922},"temperature":{"unit":"oC","value":20.814},"cell_dimension":{"value":0.0940000008431442,"unit":"cm2"},"key":"Reverse_[G1#C3]_Group-1_Dynamic"},{"V":{"value":[1.3,1.25,1.2,1.15,1.1,1.05,1,0.95,0.9,0.85,0.8,0.75,0.7,0.65,0.6,0.55,0.5,0.45,0.4,0.35,0.3,0.25,0.2,0.15,0.1,0.05,0,-0.05,-0.1,-0.15,-0.2],"unit":"V"},"J":{"value":[-0.060918426,-0.04056916,-0.019304915000000002,-0.003259332,0.007507728,0.01348034,0.015984543,0.016873404,0.017201308999999998,0.017314968,0.017346394,0.017374277,0.017372234,0.017398,0.017415638,0.017419936,0.017437605999999998,0.017439138,0.017445553,0.017469883,0.017481915,0.017485340000000002,0.017487979,0.017502798,0.017499053,0.017498563999999998,0.017520021,0.017534468,0.017528596,0.017526064,0.017526755],"unit":"A\/cm2"},"power_density":{"value":[-79.19438,-50.711774,-23.166187,-3.748307,8.258628,14.15456,15.984814,16.029928,15.481408,14.717865,13.877333,13.030893,12.16068,11.308735,10.449427,9.580947,8.718732,7.848038,6.978539,6.114819,5.244803,4.371464,3.497758,2.625472,1.749854,0.874835624,-0.000171261046,-0.876229283,-1.752574,-2.628305,-3.50503],"unit":"mW\/cm2"},"I":{"value":[-0.005726332,-0.003813501,-0.001814662,-0.0003063772,0.0007057264,0.0012671520000000001,0.0015025470000000001,0.0015861,0.0016169230000000001,0.001627607,0.001630561,0.001633182,0.00163299,0.0016354120000000002,0.00163707,0.001637474,0.0016391350000000001,0.001639279,0.001639882,0.001642169,0.0016432999999999999,0.001643622,0.00164387,0.0016452629999999999,0.001644911,0.0016448650000000001,0.001646882,0.00164824,0.001647688,0.0016474500000000002,0.001647515],"unit":"A"},"power":{"value":[-7.444272,-4.766907,-2.177622,-0.352340827,0.776311037,1.330529,1.502573,1.506813,1.455252,1.383479,1.304469,1.224904,1.143104,1.063021,0.982246093,0.900609063,0.81956078,0.737715548,0.655982646,0.574792979,0.493011527,0.410917663,0.328789288,0.246794386,0.164486231,0.082234549,-1.6098538e-5,-0.082365553,-0.164741926,-0.247060663,-0.32947285],"unit":"mW"},"resistance":{"value":[-227.022639,-327.784888,-661.288438,-3753.618,1558.702,828.64171,665.5479,598.960658,556.621064,522.244129,490.636413,459.232774,428.665638,397.454586,366.509984,335.882585,305.036437,274.525813,243.931088,213.145297,182.567456,152.107601,121.669779,91.172658,60.791763,30.394415,-0.005935557,-30.318291,-60.681203,-91.028863,-121.383842],"unit":"ohms"},"conductance":{"value":[-0.004404847,-0.003050781,-0.001512199,-0.000266409628,0.00064155954,0.001206794,0.001502521,0.001669559,0.001796554,0.001914813,0.002038169,0.002177545,0.002332821,0.002516011,0.002728439,0.002977231,0.003278297,0.003642645,0.004099518,0.004691635,0.005477427,0.006574293,0.008218968,0.010968201,0.016449597,0.032900781,-168.476185,-0.032983389,-0.016479568,-0.010985527,-0.008238329],"unit":"S"},"timestamps":{"value":[0.019,0.053,0.08800001,0.122,0.156,0.19,0.224,0.258,0.293,0.327,0.361,0.395,0.429,0.464,0.498,0.532,0.566,0.6,0.6350001,0.669,0.703,0.737,0.771,0.8060001,0.84,0.874,0.9080001,0.943,0.9770001,1.011,1.045],"unit":"s"},"sweep_direction":{"unit":"","value":"Reverse"},"p_max":{"unit":"mW","value":1.507},"v_p_max":{"unit":"V","value":0.95},"i_p_max":{"unit":"mA","value":1.586},"isc":{"unit":"mA","value":1.647},"voc":{"unit":"V","value":1.135},"jsc":{"unit":"mA\/cm2","value":17.52},"fill_factor":{"unit":"%","value":80.62},"efficiency":{"unit":"%","value":16.03},"r_s":{"unit":"ohms","value":37.757},"r_sh":{"unit":"ohms","value":20581.174},"temperature":{"unit":"oC","value":20.973},"cell_dimension":{"value":0.09399999927772264,"unit":"cm2"},"key":"Reverse_[G1#C2]_Group-1_Dynamic"},{"V":{"value":[1.3,1.25,1.2,1.15,1.1,1.05,1,0.95,0.9,0.85,0.8,0.75,0.7,0.65,0.6,0.55,0.5,0.45,0.4,0.35,0.3,0.25,0.2,0.15,0.1,0.05,0,-0.05,-0.1,-0.15,-0.2],"unit":"V"},"J":{"value":[-0.063361766,-0.043007213,-0.021040734000000002,-0.003645018,0.007224566,0.011951085,0.013421787000000001,0.013819457,0.013959096,0.014024511,0.014036755,0.014039213,0.014053245,0.014051638,0.014045,0.014052552999999999,0.014048999999999999,0.014060777,0.014069074,0.014074543,0.014083202,0.014088787,0.014093266,0.014106543000000001,0.014092553,0.014108543,0.014097702,0.014120511,0.014091032,0.014098245,0.014087223],"unit":"A\/cm2"},"power_density":{"value":[-82.370739,-53.75936,-25.249196,-4.191858,7.947145,12.548807,13.422029,13.12865,12.563373,11.920949,11.229581,10.52955,9.837365,9.133607,8.427045,7.72888,7.024447,6.327688,5.627879,4.92637,4.225121,3.522294,2.818774,2.11601,1.409214,0.705349107,-0.00015125199,-0.705631005,-1.408884,-2.114247,-2.817197],"unit":"mW\/cm2"},"I":{"value":[-0.005956006000000001,-0.004042678,-0.001977829,-0.0003426317,0.0006791092,0.001123402,0.0012616480000000002,0.001299029,0.001312155,0.001318304,0.001319455,0.0013196859999999998,0.0013210049999999999,0.001320854,0.00132023,0.00132094,0.001320606,0.001321713,0.0013224929999999999,0.001323007,0.001323821,0.0013243460000000001,0.0013247670000000001,0.001326015,0.0013247,0.001326203,0.0013251839999999999,0.001327328,0.001324557,0.001325235,0.0013241989999999999],"unit":"A"},"power":{"value":[-7.742849,-5.05338,-2.373424,-0.394034678,0.747031665,1.179588,1.261671,1.234093,1.180957,1.120569,1.055581,0.989777697,0.924712351,0.858559063,0.792142225,0.726514754,0.660297982,0.594802703,0.529020608,0.463078778,0.397161392,0.331095638,0.264964793,0.198904902,0.132466079,0.066302816,-1.4217687e-5,-0.066329314,-0.13243505,-0.198739264,-0.264816494],"unit":"mW"},"resistance":{"value":[-218.268249,-309.202959,-606.733444,-3356.444,1619.794,934.673429,792.628372,731.324705,685.90479,644.774043,606.320488,568.324586,529.904656,492.108136,454.468691,416.368874,378.611183,340.485491,302.472452,264.563906,226.625352,188.777631,150.976436,113.122401,75.486555,37.697449,-0.008096113,-37.648614,-75.48517,-113.161288,-151.02141],"unit":"ohms"},"conductance":{"value":[-0.004581518,-0.003234122,-0.00164817,-0.000297934391,0.000617362459,0.001069892,0.001261625,0.001367382,0.001457928,0.001550931,0.001649293,0.001759558,0.001887132,0.002032074,0.002200372,0.002401717,0.002641232,0.002936983,0.003306086,0.003779805,0.004412569,0.005297238,0.00662355,0.008839982,0.013247392,0.026526994,-123.516056,-0.026561403,-0.013247635,-0.008836944,-0.006621578],"unit":"S"},"timestamps":{"value":[0.019,0.053,0.087,0.121,0.156,0.19,0.224,0.258,0.292,0.327,0.361,0.395,0.429,0.463,0.498,0.532,0.566,0.6,0.634,0.669,0.703,0.737,0.771,0.8050001,0.84,0.874,0.9080001,0.942,0.9770001,1.011,1.045],"unit":"s"},"sweep_direction":{"unit":"","value":"Reverse"},"p_max":{"unit":"mW","value":1.262},"v_p_max":{"unit":"V","value":1},"i_p_max":{"unit":"mA","value":1.262},"isc":{"unit":"mA","value":1.325},"voc":{"unit":"V","value":1.133},"jsc":{"unit":"mA\/cm2","value":14.098},"fill_factor":{"unit":"%","value":84.012},"efficiency":{"unit":"%","value":13.422},"r_s":{"unit":"ohms","value":32.703},"r_sh":{"unit":"ohms","value":16860.976},"temperature":{"unit":"oC","value":20.968},"cell_dimension":{"value":0.09399999993687046,"unit":"cm2"},"key":"Reverse_[G1#C1]_Group-1_Dynamic"}]}}