{"_id":"65672798dd2a793fd30314d2","id":"CNU_HEMD-SC-00206","author":112,"group":9,"input":[{"tco":{"unit":null,"value":"ITO"}},{"etl":[{"material":{"unit":null,"value":"SnO2"},"concentration":{"unit":null,"value":"15"},"conc_unit":{"unit":null,"value":"wt%"},"quantity":{"unit":"ml","value":"0.01"}}],"solvent":[{"material":{"unit":null,"value":"DI-Water"},"volume":{"unit":"ml","value":"0.05"}}],"spin_coating":[{"type":{"unit":null,"value":"drop&run"},"rpm":{"unit":null,"value":"3000"},"time":{"unit":"s","value":"30"}}],"annealing":[{"temperature":{"unit":"oC","value":"105"},"time":{"unit":"m","value":"30"}}]},{"perovskite":{"method":{"unit":null,"value":"1step"},"molarity":{"unit":"M","value":"1.27M"},"a_site":[{"material":{"unit":null,"value":"FA"},"ratio":{"unit":"%","value":"95"}},{"material":{"unit":null,"value":"MA"},"ratio":{"unit":"%","value":"5"}}],"b_site":[{"material":{"unit":null,"value":"Pb"},"ratio":{"unit":"%","value":"100"}}],"x_site":[{"material":{"unit":null,"value":"I"},"ratio":{"unit":"%","value":"95"}},{"material":{"unit":null,"value":"Br"},"ratio":{"unit":"%","value":"5"}}],"solvent":[{"material":{"unit":null,"value":"DMF"},"volume":{"unit":"ml","value":"0.88"}},{"material":{"unit":null,"value":"DMSO"},"volume":{"unit":"ml","value":"0.11"}}],"additive":[{"material":{"unit":null,"value":"MACl"},"solvent":{"unit":null,"value":"DMF+DMSO"},"concentration":{"unit":null,"value":"0.167"},"conc_unit":{"unit":null,"value":"M"},"quantity":{"unit":"mol%","value":"44"}}],"antisolvent":[{"material":{"unit":null,"value":"DEE"},"quantity":{"unit":"ul","value":"1000"},"dripping_time":{"unit":"s","value":"12"}}],"spin_coating":[{"type":{"unit":null,"value":"drop&run"},"rpm":{"unit":null,"value":"5000"},"time":{"unit":"s","value":"14"}}],"annealing":[{"temperature":{"unit":"oC","value":"105"},"time":{"unit":"m","value":"60"}}],"atmosphere":[{"type":{"unit":null,"value":"air"},"temperature":{"unit":"oC","value":"24"},"humidity":{"unit":"RH%","value":"32"}}]}},{"htl":[{"material":{"unit":null,"value":"Spiro-OMeTAD_Lumtec"},"concentration":{"unit":null,"value":"0.091"},"conc_unit":{"unit":null,"value":"mg\/ml"},"quantity":{"unit":"ml","value":"0.08"}}],"solvent":[{"material":{"unit":null,"value":"CB"},"volume":{"unit":"ml","value":"1"}}],"htl_doping":[{"material":{"unit":null,"value":"tBP"},"volume":{"unit":"ul","value":"0.0354"}},{"material":{"unit":null,"value":"Li-TFSI"},"volume":{"unit":"ul","value":"0.0209"}},{"material":{"unit":null,"value":"Co-TFSI"},"volume":{"unit":"ul","value":"0.00909"}}],"spin_coating":[{"type":{"unit":null,"value":"dynamic"},"rpm":{"unit":null,"value":"3000"},"time":{"unit":"s","value":"30"}}]},{"anode_metal":{"unit":null,"value":"Ag"}},{"type":{"unit":null,"value":"unit_cell"},"device_type":{"unit":null,"value":"n-i-p"},"cell_dimension":{"unit":"cm2","value":"0.0937"}}],"fileinfo":[{"key":"Reverse_[G1#C2]_Group-1_Dynamic","uploadType":"JV","original_name":"[G1#C2]_Group-1_Dynamic-IV_[220803_105436].csv","save_name":"CNU_HEMD-SC-00206\/Reverse_[G1#C2]_Group-1_Dynamic","uploader":112,"fileType":""},{"key":"Reverse_[G1#C3]_Group-1_Dynamic","uploadType":"JV","original_name":"[G1#C3]_Group-1_Dynamic-IV_[220803_105436].csv","save_name":"CNU_HEMD-SC-00206\/Reverse_[G1#C3]_Group-1_Dynamic","uploader":112,"fileType":""},{"key":"Reverse_[G1#C4]_Group-1_Dynamic","uploadType":"JV","original_name":"[G1#C4]_Group-1_Dynamic-IV_[220803_105436].csv","save_name":"CNU_HEMD-SC-00206\/Reverse_[G1#C4]_Group-1_Dynamic","uploader":112,"fileType":""},{"key":"Reverse_[G2#C1]_Group-2_Dynamic","uploadType":"JV","original_name":"[G2#C1]_Group-2_Dynamic-IV_[220803_105636].csv","save_name":"CNU_HEMD-SC-00206\/Reverse_[G2#C1]_Group-2_Dynamic","uploader":112,"fileType":""},{"key":"Reverse_[G2#C2]_Group-2_Dynamic","uploadType":"JV","original_name":"[G2#C2]_Group-2_Dynamic-IV_[220803_105539].csv","save_name":"CNU_HEMD-SC-00206\/Reverse_[G2#C2]_Group-2_Dynamic","uploader":112,"fileType":""},{"key":"Reverse_[G2#C3]_Group-2_Dynamic","uploadType":"JV","original_name":"[G2#C3]_Group-2_Dynamic-IV_[220803_105539].csv","save_name":"CNU_HEMD-SC-00206\/Reverse_[G2#C3]_Group-2_Dynamic","uploader":112,"fileType":""},{"key":"Reverse_[G2#C4]_Group-2_Dynamic","uploadType":"JV","original_name":"[G2#C4]_Group-2_Dynamic-IV_[220803_105436].csv","save_name":"CNU_HEMD-SC-00206\/Reverse_[G2#C4]_Group-2_Dynamic","uploader":112,"fileType":""},{"key":"Reverse_[G3#C1]_Group-3_Dynamic","uploadType":"JV","original_name":"[G3#C1]_Group-3_Dynamic-IV_[220803_105636].csv","save_name":"CNU_HEMD-SC-00206\/Reverse_[G3#C1]_Group-3_Dynamic","uploader":112,"fileType":""},{"key":"Reverse_[G3#C2]_Group-3_Dynamic","uploadType":"JV","original_name":"[G3#C2]_Group-3_Dynamic-IV_[220803_105539].csv","save_name":"CNU_HEMD-SC-00206\/Reverse_[G3#C2]_Group-3_Dynamic","uploader":112,"fileType":""},{"key":"Reverse_[G3#C3]_Group-3_Dynamic","uploadType":"JV","original_name":"[G3#C3]_Group-3_Dynamic-IV_[220803_105539].csv","save_name":"CNU_HEMD-SC-00206\/Reverse_[G3#C3]_Group-3_Dynamic","uploader":112,"fileType":""},{"key":"Reverse_[G3#C4]_Group-3_Dynamic","uploadType":"JV","original_name":"[G3#C4]_Group-3_Dynamic-IV_[220803_105539].csv","save_name":"CNU_HEMD-SC-00206\/Reverse_[G3#C4]_Group-3_Dynamic","uploader":112,"fileType":""},{"key":"Reverse_[G4#C1]_Group-4_Dynamic","uploadType":"JV","original_name":"[G4#C1]_Group-4_Dynamic-IV_[220803_105436].csv","save_name":"CNU_HEMD-SC-00206\/Reverse_[G4#C1]_Group-4_Dynamic","uploader":112,"fileType":""},{"key":"Reverse_[G4#C2]_Group-4_Dynamic","uploadType":"JV","original_name":"[G4#C2]_Group-4_Dynamic-IV_[220803_105436].csv","save_name":"CNU_HEMD-SC-00206\/Reverse_[G4#C2]_Group-4_Dynamic","uploader":112,"fileType":""},{"key":"Reverse_[G4#C3]_Group-4_Dynamic","uploadType":"JV","original_name":"[G4#C3]_Group-4_Dynamic-IV_[220803_105436].csv","save_name":"CNU_HEMD-SC-00206\/Reverse_[G4#C3]_Group-4_Dynamic","uploader":112,"fileType":""},{"key":"Reverse_[G4#C4]_Group-4_Dynamic","uploadType":"JV","original_name":"[G4#C4]_Group-4_Dynamic-IV_[220803_105436].csv","save_name":"CNU_HEMD-SC-00206\/Reverse_[G4#C4]_Group-4_Dynamic","uploader":112,"fileType":""},{"key":"Reverse_[G1#C1]_Group-1_Dynamic","uploadType":"JV","original_name":"[G1#C1]_Group-1_Dynamic-IV_[220803_105436].csv","save_name":"CNU_HEMD-SC-00206\/Reverse_[G1#C1]_Group-1_Dynamic","uploader":112,"fileType":""}],"jvcnt":16,"updated_at":"2024-08-30 13:06:14","created_at":"2023-11-29 11:59:20","analysisInfo":{"JV":[{"efficiency":19.2901,"fill_factor":74.5339,"jsc":22.9875,"voc":2.1608,"key":"Reverse_[G4#C4]_Group-4_Dynamic","cell_dimension":0.09399999967608755},{"efficiency":19.9647,"fill_factor":76.3598,"jsc":23.1233,"voc":2.1736,"key":"Reverse_[G4#C3]_Group-4_Dynamic","cell_dimension":0.09400000042150813},{"efficiency":19.822,"fill_factor":76.3566,"jsc":22.986,"voc":2.1607,"key":"Reverse_[G4#C2]_Group-4_Dynamic","cell_dimension":0.09399999932035785},{"efficiency":19.1594,"fill_factor":75.1558,"jsc":22.5898,"voc":2.1234,"key":"Reverse_[G4#C1]_Group-4_Dynamic","cell_dimension":0.09400000100166164},{"efficiency":17.7298,"fill_factor":68.3427,"jsc":23.268,"voc":2.1872,"key":"Reverse_[G3#C4]_Group-3_Dynamic","cell_dimension":0.09400000082511713},{"efficiency":18.391,"fill_factor":70.0554,"jsc":23.5875,"voc":2.2172,"key":"Reverse_[G3#C3]_Group-3_Dynamic","cell_dimension":0.09399999922701817},{"efficiency":17.5308,"fill_factor":68.3094,"jsc":23.2292,"voc":2.1835,"key":"Reverse_[G3#C2]_Group-3_Dynamic","cell_dimension":0.0940000002984243},{"efficiency":8.2637,"fill_factor":35.7416,"jsc":22.7332,"voc":2.1369,"key":"Reverse_[G3#C1]_Group-3_Dynamic","cell_dimension":0.09399999843788606},{"efficiency":7.6661,"fill_factor":34.5902,"jsc":22.2484,"voc":2.0913,"key":"Reverse_[G2#C4]_Group-2_Dynamic","cell_dimension":0.09399999808470719},{"efficiency":18.2287,"fill_factor":72.2201,"jsc":22.7662,"voc":2.14,"key":"Reverse_[G2#C3]_Group-2_Dynamic","cell_dimension":0.09399999946427076},{"efficiency":18.7328,"fill_factor":73.8553,"jsc":22.8071,"voc":2.1439,"key":"Reverse_[G2#C2]_Group-2_Dynamic","cell_dimension":0.09400000030558882},{"efficiency":10.7571,"fill_factor":56.296,"jsc":21.9683,"voc":2.065,"key":"Reverse_[G2#C1]_Group-2_Dynamic","cell_dimension":0.09400000059325561},{"efficiency":12.6502,"fill_factor":59.7693,"jsc":20.9232,"voc":1.9668,"key":"Reverse_[G1#C4]_Group-1_Dynamic","cell_dimension":0.09399999947799129},{"efficiency":17.0933,"fill_factor":69.0695,"jsc":22.5334,"voc":2.1181,"key":"Reverse_[G1#C3]_Group-1_Dynamic","cell_dimension":0.09400000016818572},{"efficiency":15.6582,"fill_factor":67.3686,"jsc":22.4122,"voc":2.1068,"key":"Reverse_[G1#C2]_Group-1_Dynamic","cell_dimension":0.09399999920585395},{"efficiency":11.6777,"fill_factor":56.9691,"jsc":20.3857,"voc":1.9163,"key":"Reverse_[G1#C1]_Group-1_Dynamic","cell_dimension":0.09400000048091577}]},"public":2,"tags":[],"analysis":{"JV":[{"V":{"value":[1.3,1.25,1.2,1.15,1.1,1.05,1,0.95,0.9,0.85,0.8,0.75,0.7,0.65,0.6,0.55,0.5,0.45,0.4,0.35,0.3,0.25,0.2,0.15,0.1,0.05,0,-0.05,-0.1,-0.15,-0.2],"unit":"V"},"J":{"value":[-0.049396064,-0.03399562800000001,-0.018258479,-0.0050012220000000005,0.005356096,0.012750978999999999,0.017456532,0.020139319,0.021433255,0.022135532000000003,0.022451415000000002,0.022574148999999998,0.022668574,0.022727798,0.022759882999999998,0.022797605999999998,0.022811319,0.022823521,0.022847479,0.022858798,0.02289484,0.022894190999999998,0.022929691,0.022928947,0.02297383,0.022969840000000002,0.022987552999999997,0.023017,0.022999403999999998,0.023020298,0.023027488999999998],"unit":"A\/cm2"},"power_density":{"value":[-64.215278,-42.494671,-21.910357,-5.751496,5.891764,13.388642,17.456741,19.132508,19.290127,18.815284,17.961287,16.930767,15.868084,14.773087,13.65595,12.53859,11.405518,10.271071,9.139368,8.000998,6.86869,5.723674,4.586103,3.439365,2.297277,1.148338,-0.000274033012,-1.150185,-2.299511,-3.452202,-4.605053],"unit":"mW\/cm2"},"I":{"value":[-0.00464323,-0.003195589,-0.0017162969999999999,-0.00047011490000000003,0.0005034729999999999,0.001198592,0.001640914,0.001893096,0.002014726,0.00208074,0.002110433,0.00212197,0.002130846,0.002136413,0.002139429,0.0021429749999999997,0.0021442640000000003,0.0021454110000000003,0.002147663,0.002148727,0.0021521149999999996,0.002152054,0.002155391,0.002155321,0.0021595399999999997,0.0021591649999999998,0.00216083,0.002163598,0.0021619440000000003,0.002163908,0.002164584],"unit":"A"},"power":{"value":[-6.036236,-3.994499,-2.059574,-0.540640597,0.553825838,1.258532,1.640934,1.798456,1.813272,1.768637,1.688361,1.591492,1.4916,1.38867,1.283659,1.178627,1.072119,0.965480647,0.859100636,0.752093772,0.645656882,0.538025336,0.431093719,0.323300305,0.215944001,0.10794374,-2.5759103e-5,-0.108117372,-0.216153993,-0.324507001,-0.432875024],"unit":"mW"},"resistance":{"value":[-279.979239,-391.165447,-699.185514,-2446.249,2184.846,876.035382,609.423772,501.827535,446.715434,408.51029,379.072399,353.448399,328.509709,304.248664,280.449082,256.650638,233.177351,209.759948,186.256643,162.895659,139.402588,116.170644,92.793929,69.595666,46.304014,23.153988,-0.005516829,-23.096296,-46.246022,-69.302115,-92.38759],"unit":"ohms"},"conductance":{"value":[-0.003571693,-0.002556463,-0.001430236,-0.000408789167,0.00045769815,0.001141506,0.001640894,0.001992716,0.002238562,0.002447919,0.002638018,0.002829267,0.00304405,0.003286785,0.00356571,0.003896347,0.004288581,0.004767354,0.005368936,0.006138899,0.007173468,0.008608027,0.010776567,0.014368711,0.0215964,0.043189105,-181.263542,-0.043296986,-0.021623481,-0.014429574,-0.010823965],"unit":"S"},"timestamps":{"value":[0.019,0.053,0.087,0.121,0.156,0.19,0.224,0.258,0.292,0.327,0.361,0.395,0.429,0.463,0.498,0.532,0.566,0.6,0.634,0.669,0.703,0.737,0.771,0.8050001,0.839,0.874,0.9080001,0.942,0.9770001,1.011,1.045],"unit":"s"},"sweep_direction":{"unit":"","value":"Reverse"},"p_max":{"unit":"mW","value":1.8133},"v_p_max":{"unit":"V","value":0.9},"i_p_max":{"unit":"mA","value":2.0147},"isc":{"unit":"mA","value":1.126},"voc":{"unit":"V","value":2.1608},"jsc":{"unit":"mA\/cm2","value":22.9875},"fill_factor":{"unit":"%","value":74.5339},"efficiency":{"unit":"%","value":19.2901},"r_s":{"unit":"ohms","value":49.7371},"r_sh":{"unit":"ohms","value":7694.2},"temperature":{"unit":"oC","value":100},"cell_dimension":{"value":0.09399999967608755,"unit":"cm2"},"key":"Reverse_[G4#C4]_Group-4_Dynamic"},{"V":{"value":[1.3,1.25,1.2,1.15,1.1,1.05,1,0.95,0.9,0.85,0.8,0.75,0.7,0.65,0.6,0.55,0.5,0.45,0.4,0.35,0.3,0.25,0.2,0.15,0.1,0.05,0,-0.05,-0.1,-0.15,-0.2],"unit":"V"},"J":{"value":[-0.056938404,-0.038771479,-0.019981309,-0.004483803,0.007126539,0.014749181,0.018973935999999997,0.021015350999999998,0.0219135,0.02234384,0.02253533,0.0226675,0.022740957000000003,0.022785478999999997,0.022831809,0.022861574000000003,0.02288216,0.022922052999999998,0.022951371999999998,0.022975148999999997,0.023003074000000002,0.023023404,0.023035436,0.023054074,0.023073298000000003,0.023116394,0.023123277,0.023156085,0.023148436,0.023166468,0.023168904],"unit":"A\/cm2"},"power_density":{"value":[-74.02021,-48.464465,-23.97775,-5.156454,7.839279,15.486773,18.974183,19.96475,19.722356,18.992347,18.028462,17.000788,15.918748,14.810559,13.699094,12.573749,11.440922,10.315433,9.180918,8.041739,6.90118,5.755994,4.607269,3.458141,2.307234,1.155686,-0.000275650962,-1.157146,-2.314422,-3.474171,-4.633345],"unit":"mW\/cm2"},"I":{"value":[-0.0053522100000000005,-0.0036445189999999997,-0.0018782430000000001,-0.0004214775,0.0006698947,0.001386423,0.00178355,0.001975443,0.0020598689999999998,0.002100321,0.002118321,0.0021307450000000003,0.0021376499999999996,0.002141835,0.0021461899999999996,0.002148988,0.0021509230000000003,0.0021546729999999997,0.002157429,0.002159664,0.002162289,0.0021642000000000002,0.002165331,0.0021670829999999998,0.00216889,0.002172941,0.002173588,0.002176672,0.002175953,0.002177648,0.002177877],"unit":"A"},"power":{"value":[-6.9579,-4.55566,-2.253909,-0.484706712,0.736892209,1.455757,1.783573,1.876686,1.853901,1.785281,1.694675,1.598074,1.496362,1.392193,1.287715,1.181932,1.075447,0.969650684,0.863006335,0.755923434,0.648710918,0.541063418,0.433083306,0.325065267,0.216879999,0.108634512,-2.591119e-5,-0.108771739,-0.217555654,-0.326572071,-0.435534456],"unit":"mW"},"resistance":{"value":[-242.891254,-342.981612,-638.899759,-2728.539,1642.067,757.351111,560.686832,480.908789,436.925552,404.701805,377.661742,351.992941,327.463991,303.478046,279.565369,255.932048,232.455137,208.858699,185.413332,162.071044,138.747041,115.518991,92.36828,69.218069,46.10462,23.007633,-0.005484448,-22.957791,-45.948502,-68.865813,-91.823918],"unit":"ohms"},"conductance":{"value":[-0.004117069,-0.002915608,-0.001565191,-0.000366496437,0.000608988538,0.001320392,0.001783527,0.002079396,0.002288719,0.002470955,0.002647872,0.002840966,0.003053771,0.003295131,0.003576981,0.003907287,0.004301905,0.004787926,0.005393355,0.006170134,0.007207361,0.008656585,0.010826227,0.014447095,0.0216898,0.043463836,-182.333761,-0.043558198,-0.021763495,-0.014520993,-0.010890409],"unit":"S"},"timestamps":{"value":[0.019,0.054,0.08800001,0.122,0.156,0.19,0.225,0.259,0.293,0.327,0.361,0.396,0.43,0.464,0.498,0.532,0.566,0.601,0.6350001,0.669,0.703,0.737,0.772,0.8060001,0.84,0.874,0.9080001,0.943,0.9770001,1.011,1.045],"unit":"s"},"sweep_direction":{"unit":"","value":"Reverse"},"p_max":{"unit":"mW","value":1.8767},"v_p_max":{"unit":"V","value":0.95},"i_p_max":{"unit":"mA","value":1.9754},"isc":{"unit":"mA","value":1.131},"voc":{"unit":"V","value":2.1736},"jsc":{"unit":"mA\/cm2","value":23.1233},"fill_factor":{"unit":"%","value":76.3598},"efficiency":{"unit":"%","value":19.9647},"r_s":{"unit":"ohms","value":39.3313},"r_sh":{"unit":"ohms","value":5996.7},"temperature":{"unit":"oC","value":100},"cell_dimension":{"value":0.09400000042150813,"unit":"cm2"},"key":"Reverse_[G4#C3]_Group-4_Dynamic"},{"V":{"value":[1.3,1.25,1.2,1.15,1.1,1.05,1,0.95,0.9,0.85,0.8,0.75,0.7,0.65,0.6,0.55,0.5,0.45,0.4,0.35,0.3,0.25,0.2,0.15,0.1,0.05,0,-0.05,-0.1,-0.15,-0.2],"unit":"V"},"J":{"value":[-0.055911777,-0.038118637999999996,-0.019943000000000002,-0.004769244,0.006783238,0.014494191,0.018806096,0.020865096,0.021763819,0.022185904,0.022384798,0.022485298,0.022568149,0.022622702,0.022668883,0.02270517,0.02273166,0.022765467999999997,0.022800202,0.022840233999999997,0.022858957,0.02288767,0.022889468,0.022921021,0.022936553,0.0229555,0.022986011,0.023025362,0.023017138,0.023041064,0.023059096],"unit":"A\/cm2"},"power_density":{"value":[-72.685645,-47.648412,-23.931779,-5.484711,7.46163,15.219017,18.806321,19.822002,19.587616,18.858101,17.908024,16.864124,15.797792,14.704759,13.601316,12.487719,11.365666,10.244934,9.120441,7.994516,6.857904,5.722055,4.578063,3.438183,2.293549,1.147632,-0.000268534299,-1.150608,-2.301289,-3.455321,-4.611374],"unit":"mW\/cm2"},"I":{"value":[-0.005255707,-0.003583152,-0.001874642,-0.0004483089,0.0006376244,0.0013624540000000001,0.001767773,0.001961319,0.002045799,0.0020854750000000003,0.002104171,0.0021136180000000003,0.0021214059999999997,0.002126534,0.002130875,0.002134286,0.002136776,0.002139954,0.002143219,0.002146982,0.002148742,0.002151441,0.00215161,0.002154576,0.0021560359999999996,0.0021578170000000002,0.002160685,0.002164384,0.0021636109999999997,0.00216586,0.0021675550000000003],"unit":"A"},"power":{"value":[-6.832451,-4.478951,-2.249587,-0.515562856,0.701393216,1.430588,1.767794,1.863268,1.841236,1.772661,1.683354,1.585228,1.484992,1.382247,1.278524,1.173846,1.068373,0.963023811,0.857321463,0.751484493,0.644643013,0.537873159,0.430337922,0.323189201,0.215593618,0.107877364,-2.5242224e-5,-0.108157169,-0.216321181,-0.324800163,-0.433469166],"unit":"mW"},"resistance":{"value":[-247.351308,-348.8557,-640.127022,-2565.233,1725.169,770.674092,565.690278,484.371844,439.929925,407.582781,380.201181,354.844963,329.971679,305.661748,281.574189,257.694845,233.994017,210.294614,186.642522,163.028381,139.620997,116.203977,92.957088,69.61987,46.379267,23.16867,-0.005406855,-23.08802,-46.210502,-69.239748,-92.260958],"unit":"ohms"},"conductance":{"value":[-0.004042833,-0.002866515,-0.00156219,-0.000389828063,0.000579653276,0.001297565,0.001767752,0.00206453,0.002273089,0.002453489,0.002630186,0.002818132,0.003030563,0.00327159,0.003551462,0.003880559,0.004273614,0.004755234,0.005357836,0.006133901,0.007162247,0.008605557,0.010757652,0.014363716,0.021561358,0.043161735,-184.950409,-0.043312507,-0.021640103,-0.014442571,-0.010838821],"unit":"S"},"timestamps":{"value":[0.019,0.053,0.087,0.121,0.156,0.19,0.224,0.258,0.292,0.327,0.361,0.395,0.429,0.463,0.498,0.532,0.566,0.6,0.634,0.669,0.703,0.737,0.771,0.8050001,0.839,0.874,0.9080001,0.942,0.9770001,1.011,1.045],"unit":"s"},"sweep_direction":{"unit":"","value":"Reverse"},"p_max":{"unit":"mW","value":1.8633},"v_p_max":{"unit":"V","value":0.95},"i_p_max":{"unit":"mA","value":1.9613},"isc":{"unit":"mA","value":1.129},"voc":{"unit":"V","value":2.1607},"jsc":{"unit":"mA\/cm2","value":22.986},"fill_factor":{"unit":"%","value":76.3566},"efficiency":{"unit":"%","value":19.822},"r_s":{"unit":"ohms","value":40.0833},"r_sh":{"unit":"ohms","value":6044.7},"temperature":{"unit":"oC","value":100},"cell_dimension":{"value":0.09399999932035785,"unit":"cm2"},"key":"Reverse_[G4#C2]_Group-4_Dynamic"},{"V":{"value":[1.3,1.25,1.2,1.15,1.1,1.05,1,0.95,0.9,0.85,0.8,0.75,0.7,0.65,0.6,0.55,0.5,0.45,0.4,0.35,0.3,0.25,0.2,0.15,0.1,0.05,0,-0.05,-0.1,-0.15,-0.2],"unit":"V"},"J":{"value":[-0.045923690999999996,-0.031807074,-0.017060936000000002,-0.004368933,0.005790548,0.013132223,0.017699287,0.020132021000000003,0.021287957,0.021818988999999997,0.022064499999999997,0.02217933,0.022263190999999998,0.022305394,0.022347362,0.022393436000000003,0.022403202,0.022443532000000002,0.022465403999999998,0.022480681,0.022506021,0.022525978999999998,0.022544979,0.022544467999999998,0.022551043,0.022574649000000002,0.022589766,0.022620456999999997,0.022612691,0.022637222999999998,0.022656426],"unit":"A\/cm2"},"power_density":{"value":[-59.701166,-39.75897,-20.473311,-5.024356,6.369672,13.788966,17.699517,19.125579,19.159362,18.546217,17.651799,16.634661,15.584314,14.498513,13.408419,12.316298,11.201458,10.100072,8.986532,7.868659,6.75204,5.63163,4.509169,3.381693,2.254989,1.128581,-0.000253133463,-1.130364,-2.260841,-3.39476,-4.530843],"unit":"mW\/cm2"},"I":{"value":[-0.004316827,-0.002989865,-0.001603728,-0.00041067969999999997,0.0005443115,0.001234429,0.001663733,0.00189241,0.002001068,0.002050985,0.002074063,0.002084857,0.00209274,0.0020967069999999997,0.002100652,0.002104983,0.002105901,0.002109692,0.002111748,0.002113184,0.0021155659999999997,0.002117442,0.002119228,0.00211918,0.002119798,0.002122017,0.002123438,0.0021263230000000003,0.002125593,0.0021278990000000004,0.0021297039999999996],"unit":"A"},"power":{"value":[-5.61191,-3.737343,-1.924491,-0.472289458,0.598749182,1.296163,1.663755,1.797804,1.80098,1.743344,1.659269,1.563658,1.464926,1.36286,1.260391,1.157732,1.052937,0.949406758,0.844734044,0.739653917,0.634691802,0.529373205,0.423861918,0.317879119,0.211968989,0.10608659,-2.3794545e-5,-0.10625421,-0.212519063,-0.319107394,-0.425899271],"unit":"mW"},"resistance":{"value":[-301.148969,-418.080415,-748.263421,-2800.282,2020.924,850.603801,601.065796,502.009554,449.764526,414.436722,385.720684,359.740452,334.491432,310.010078,285.625653,261.282823,237.425026,213.311469,189.424354,165.635695,141.810939,118.069822,94.377622,70.782567,47.1719,23.559321,-0.005277135,-23.501072,-47.036789,-70.474961,-93.900608],"unit":"ohms"},"conductance":{"value":[-0.003320616,-0.002391884,-0.001336428,-0.000357106883,0.000494823238,0.001175635,0.001663711,0.001991994,0.002223386,0.002412914,0.00259255,0.002779782,0.002989613,0.003225702,0.003501086,0.00382727,0.004211856,0.00468798,0.005279152,0.006037346,0.007051642,0.008469565,0.010595732,0.014127772,0.021199061,0.042446045,-189.496746,-0.04255125,-0.021259955,-0.014189437,-0.010649558],"unit":"S"},"timestamps":{"value":[0.019,0.053,0.08800001,0.122,0.156,0.19,0.224,0.258,0.293,0.327,0.361,0.395,0.429,0.464,0.498,0.532,0.566,0.6,0.6350001,0.669,0.703,0.737,0.771,0.8060001,0.84,0.874,0.9080001,0.943,0.9770001,1.011,1.045],"unit":"s"},"sweep_direction":{"unit":"","value":"Reverse"},"p_max":{"unit":"mW","value":1.801},"v_p_max":{"unit":"V","value":0.9},"i_p_max":{"unit":"mA","value":2.0011},"isc":{"unit":"mA","value":1.129},"voc":{"unit":"V","value":2.1234},"jsc":{"unit":"mA\/cm2","value":22.5898},"fill_factor":{"unit":"%","value":75.1558},"efficiency":{"unit":"%","value":19.1594},"r_s":{"unit":"ohms","value":52.1954},"r_sh":{"unit":"ohms","value":9380.4},"temperature":{"unit":"oC","value":100},"cell_dimension":{"value":0.09400000100166164,"unit":"cm2"},"key":"Reverse_[G4#C1]_Group-4_Dynamic"},{"V":{"value":[1.3,1.25,1.2,1.15,1.1,1.05,1,0.95,0.9,0.85,0.8,0.75,0.7,0.65,0.6,0.55,0.5,0.45,0.4,0.35,0.3,0.25,0.2,0.15,0.1,0.05,0,-0.05,-0.1,-0.15,-0.2],"unit":"V"},"J":{"value":[-0.038782372,-0.027595777,-0.015917606,-0.0058157930000000005,0.002477259,0.008942817,0.013701819,0.017093277,0.01940533,0.020858596,0.021760287000000003,0.022254149,0.022543734,0.022692489,0.022819500000000003,0.022883968,0.022935979,0.023004319,0.023021042999999998,0.023075202,0.02309533,0.023125021,0.023136011,0.023147245,0.023208043,0.023226468,0.023267968,0.023273234,0.023267606,0.023269468,0.023263511],"unit":"A\/cm2"},"power_density":{"value":[-50.417433,-34.494831,-19.101287,-6.68826,2.725009,9.390029,13.70197,16.238719,17.464952,17.72984,17.408384,16.690761,15.780679,14.750089,13.691686,12.586061,11.467831,10.352422,9.208765,8.076736,6.928839,5.781371,4.627364,3.472117,2.320675,1.161162,-0.000288470917,-1.163,-2.326337,-3.489596,-4.65226],"unit":"mW\/cm2"},"I":{"value":[-0.003645543,-0.0025940029999999997,-0.001496255,-0.0005466845,0.0002328623,0.0008406247999999999,0.001287971,0.001606768,0.001824101,0.001960708,0.002045467,0.00209189,0.0021191110000000003,0.002133094,0.002145033,0.0021510929999999998,0.002155982,0.002162406,0.002163978,0.002169069,0.0021709610000000003,0.0021737519999999997,0.002174785,0.002175841,0.002181556,0.0021832880000000002,0.002187189,0.002187684,0.002187155,0.0021873300000000004,0.00218677],"unit":"A"},"power":{"value":[-4.739239,-3.242514,-1.795521,-0.628696469,0.256150859,0.882662765,1.287985,1.52644,1.641705,1.666605,1.636388,1.568932,1.483384,1.386508,1.287019,1.18309,1.077976,0.973127678,0.865623876,0.759213193,0.651310878,0.543448869,0.434972223,0.326378979,0.218143427,0.109149204,-2.7116266e-5,-0.109322026,-0.21867565,-0.328022069,-0.437312451],"unit":"mW"},"resistance":{"value":[-356.602295,-481.882249,-802.009016,-2103.621,4723.865,1249.08,776.423537,591.252875,493.398118,433.517689,391.112201,358.530659,330.328567,304.721077,279.715697,255.681507,231.909682,208.11115,184.851741,161.36785,138.192441,115.01082,91.966332,68.939458,45.836284,22.898051,-0.005668358,-22.842229,-45.713166,-68.560574,-91.450404],"unit":"ohms"},"conductance":{"value":[-0.002804244,-0.002075196,-0.001246869,-0.000475370799,0.000211691076,0.000800588948,0.001287957,0.001691324,0.002026761,0.002306711,0.002556811,0.002789162,0.003027289,0.00328169,0.003575059,0.003911116,0.004312024,0.004805125,0.005409741,0.006197021,0.007236286,0.008694834,0.010873544,0.014505481,0.021816777,0.043671839,-176.417936,-0.043778564,-0.021875536,-0.014585642,-0.010934889],"unit":"S"},"timestamps":{"value":[0.02,0.054,0.08800001,0.122,0.156,0.19,0.225,0.259,0.293,0.327,0.361,0.396,0.43,0.464,0.498,0.532,0.566,0.601,0.6350001,0.669,0.703,0.737,0.772,0.8060001,0.84,0.874,0.9080001,0.943,0.9770001,1.011,1.045],"unit":"s"},"sweep_direction":{"unit":"","value":"Reverse"},"p_max":{"unit":"mW","value":1.6666},"v_p_max":{"unit":"V","value":0.85},"i_p_max":{"unit":"mA","value":1.9607},"isc":{"unit":"mA","value":1.115},"voc":{"unit":"V","value":2.1872},"jsc":{"unit":"mA\/cm2","value":23.268},"fill_factor":{"unit":"%","value":68.3427},"efficiency":{"unit":"%","value":17.7298},"r_s":{"unit":"ohms","value":68.6121},"r_sh":{"unit":"ohms","value":4617},"temperature":{"unit":"oC","value":100},"cell_dimension":{"value":0.09400000082511713,"unit":"cm2"},"key":"Reverse_[G3#C4]_Group-3_Dynamic"},{"V":{"value":[1.3,1.25,1.2,1.15,1.1,1.05,1,0.95,0.9,0.85,0.8,0.75,0.7,0.65,0.6,0.55,0.5,0.45,0.4,0.35,0.3,0.25,0.2,0.15,0.1,0.05,0,-0.05,-0.1,-0.15,-0.2],"unit":"V"},"J":{"value":[-0.043985511000000005,-0.031526883,-0.018352053,-0.006948578,0.002429365,0.009513737000000001,0.014669702,0.018163404,0.02039384,0.021636372,0.022355468,0.022704138,0.022933521,0.023070106,0.023158543,0.023240521,0.023282585,0.023347362,0.023377702,0.023422404,0.023438574,0.02347817,0.023491105999999998,0.023522713,0.023533255,0.023564319,0.023587543,0.023632489,0.023635862,0.023647862,0.023685181],"unit":"A\/cm2"},"power_density":{"value":[-57.181516,-39.40873,-22.022629,-7.990982,2.672321,9.9895,14.669863,17.255347,18.354628,18.390981,17.884538,17.028244,16.053527,14.995548,13.895056,12.782147,11.641132,10.506803,9.351434,8.198258,7.031816,5.86966,4.698386,3.528414,2.353194,1.178041,-0.000275561702,-1.180941,-2.363178,-3.546342,-4.736598],"unit":"mW\/cm2"},"I":{"value":[-0.0041346379999999995,-0.002963527,-0.001725093,-0.0006531662999999999,0.00022836029999999998,0.0008942913,0.001378952,0.00170736,0.001917021,0.0020338189999999996,0.0021014140000000002,0.0021341890000000003,0.002155751,0.00216859,0.002176903,0.002184609,0.0021885629999999997,0.002194652,0.002197504,0.0022017060000000003,0.002203226,0.0022069480000000002,0.002208164,0.002211135,0.002212126,0.002215046,0.0022172290000000002,0.002221454,0.002221771,0.002222899,0.002226407],"unit":"A"},"power":{"value":[-5.375062,-3.704421,-2.070127,-0.751152349,0.251198157,0.939013019,1.378967,1.622003,1.725335,1.728752,1.681147,1.600655,1.509032,1.409582,1.306135,1.201522,1.094266,0.987639488,0.879034782,0.77063629,0.660990714,0.551748035,0.441648257,0.331670913,0.221200256,0.11073582,-2.59028e-5,-0.1110085,-0.222138752,-0.333356159,-0.445240211],"unit":"mW"},"resistance":{"value":[-314.41882,-421.796056,-695.619888,-1760.68,4816.984,1174.123,725.196381,556.418213,469.482807,417.934438,380.699519,351.424452,324.714079,299.733513,275.619538,251.758553,228.457257,205.053466,182.031569,158.975722,136.168691,113.280875,90.576153,67.838599,45.202859,22.569536,-0.005268969,-22.494771,-45.001371,-67.463524,-89.822526],"unit":"ohms"},"conductance":{"value":[-0.003180471,-0.002370814,-0.001437567,-0.0005679623,0.000207598763,0.000851699511,0.001378937,0.001797209,0.002130003,0.00239272,0.002626744,0.002845562,0.003079632,0.003336297,0.00362819,0.00397206,0.004377186,0.004876777,0.005493553,0.006290269,0.007343832,0.008827615,0.011040434,0.014740871,0.022122494,0.044307513,-189.790465,-0.044454775,-0.022221545,-0.014822825,-0.011133065],"unit":"S"},"timestamps":{"value":[0.019,0.053,0.08800001,0.122,0.156,0.19,0.224,0.259,0.293,0.327,0.361,0.395,0.43,0.464,0.498,0.532,0.566,0.601,0.6350001,0.669,0.703,0.737,0.772,0.8060001,0.84,0.874,0.9080001,0.943,0.9770001,1.011,1.045],"unit":"s"},"sweep_direction":{"unit":"","value":"Reverse"},"p_max":{"unit":"mW","value":1.7288},"v_p_max":{"unit":"V","value":0.85},"i_p_max":{"unit":"mA","value":2.0338},"isc":{"unit":"mA","value":1.113},"voc":{"unit":"V","value":2.2172},"jsc":{"unit":"mA\/cm2","value":23.5875},"fill_factor":{"unit":"%","value":70.0554},"efficiency":{"unit":"%","value":18.391},"r_s":{"unit":"ohms","value":61.5021},"r_sh":{"unit":"ohms","value":5813.5},"temperature":{"unit":"oC","value":100},"cell_dimension":{"value":0.09399999922701817,"unit":"cm2"},"key":"Reverse_[G3#C3]_Group-3_Dynamic"},{"V":{"value":[1.3,1.25,1.2,1.15,1.1,1.05,1,0.95,0.9,0.85,0.8,0.75,0.7,0.65,0.6,0.55,0.5,0.45,0.4,0.35,0.3,0.25,0.2,0.15,0.1,0.05,0,-0.05,-0.1,-0.15,-0.2],"unit":"V"},"J":{"value":[-0.040211202,-0.029929414999999997,-0.018175394,-0.007820573,0.0008308190429999999,0.007663655,0.012779074,0.016487585,0.019018063999999998,0.020624457,0.021578883,0.022106808999999998,0.02240033,0.022574702,0.022688936000000003,0.022773212999999997,0.022843915,0.022896999999999997,0.022952777,0.023000596,0.023029213,0.023075415,0.023122936,0.023153511,0.023168552999999998,0.023220244999999997,0.023229245,0.023271053,0.023272011,0.02328033,0.023301691000000003],"unit":"A\/cm2"},"power_density":{"value":[-52.274925,-37.411888,-21.810636,-8.993792,0.913906763,8.046892,12.779215,15.663305,17.116423,17.53084,17.263281,16.580248,15.680296,14.673536,13.613355,12.525142,11.421804,10.304131,9.181446,8.050623,6.908994,5.768969,4.624758,3.47304,2.316743,1.160845,-0.000282452516,-1.162902,-2.326783,-3.491225,-4.659907],"unit":"mW\/cm2"},"I":{"value":[-0.003779853,-0.002813365,-0.001708487,-0.0007351339,7.809699000000001e-5,0.0007203836,0.001201233,0.001549833,0.001787698,0.0019386989999999999,0.002028415,0.00207804,0.0021056309999999997,0.002122022,0.00213276,0.002140682,0.002147328,0.0021523180000000003,0.0021575609999999997,0.0021620560000000003,0.002164746,0.002169089,0.002173556,0.00217643,0.002177844,0.0021827030000000002,0.0021835490000000003,0.002187479,0.002187569,0.002188351,0.002190359],"unit":"A"},"power":{"value":[-4.913843,-3.516718,-2.0502,-0.845416482,0.085907236,0.756407823,1.201246,1.472351,1.608944,1.647899,1.622748,1.558543,1.473948,1.379312,1.279655,1.177363,1.07365,0.968588299,0.8630559,0.756758517,0.649445447,0.542283095,0.434727284,0.326465806,0.217773816,0.109119435,-2.6550537e-5,-0.109312832,-0.218717568,-0.328175182,-0.438031278],"unit":"mW"},"resistance":{"value":[-343.9311,-444.309217,-702.381113,-1564.364,14085.14,1457.566,832.487119,612.97314,503.445604,438.439644,394.400603,360.920098,332.443291,306.311198,281.325466,256.924896,232.8444,209.086668,185.401293,161.891274,138.589008,115.258065,92.018517,68.92048,45.91474,22.904078,-0.005568618,-22.84459,-45.704625,-68.528586,-91.300787],"unit":"ohms"},"conductance":{"value":[-0.002907559,-0.002250685,-0.001423728,-0.00063923742,7.0996812e-5,0.000686075045,0.00120122,0.001631393,0.001986312,0.002280816,0.002535493,0.002770696,0.003008032,0.003264654,0.003554602,0.003892188,0.004294714,0.004782706,0.005393706,0.006176985,0.007215579,0.008676182,0.010867378,0.014509475,0.021779498,0.043660347,-179.577773,-0.043774041,-0.021879624,-0.01459245,-0.010952808],"unit":"S"},"timestamps":{"value":[0.02,0.054,0.08800001,0.122,0.156,0.191,0.225,0.259,0.293,0.327,0.361,0.396,0.43,0.464,0.498,0.532,0.567,0.601,0.6350001,0.669,0.703,0.738,0.772,0.8060001,0.84,0.874,0.909,0.943,0.9770001,1.011,1.046],"unit":"s"},"sweep_direction":{"unit":"","value":"Reverse"},"p_max":{"unit":"mW","value":1.6479},"v_p_max":{"unit":"V","value":0.85},"i_p_max":{"unit":"mA","value":1.9387},"isc":{"unit":"mA","value":1.105},"voc":{"unit":"V","value":2.1835},"jsc":{"unit":"mA\/cm2","value":23.2292},"fill_factor":{"unit":"%","value":68.3094},"efficiency":{"unit":"%","value":17.5308},"r_s":{"unit":"ohms","value":67.2329},"r_sh":{"unit":"ohms","value":4330.1},"temperature":{"unit":"oC","value":100},"cell_dimension":{"value":0.0940000002984243,"unit":"cm2"},"key":"Reverse_[G3#C2]_Group-3_Dynamic"},{"V":{"value":[1.3,1.25,1.2,1.15,1.1,1.05,1,0.95,0.9,0.85,0.8,0.75,0.7,0.65,0.6,0.55,0.5,0.45,0.4,0.35,0.3,0.25,0.2,0.15,0.1,0.05,0,-0.05,-0.1,-0.15,-0.2],"unit":"V"},"J":{"value":[-0.019204745,-0.019398436,-0.014846584999999999,-0.009067337,-0.004906187,-0.00221746,0.001149549,0.001846872,0.0031453139999999997,0.003875867,0.005739622,0.008096026999999999,0.008976285,0.009653912,0.013294096,0.013661488999999999,0.016362543,0.01836283,0.019433138,0.020295383,0.021017851,0.021455968,0.021852787,0.022156723,0.022417851,0.022606404,0.022733223,0.022844628,0.022833394,0.027364809,0.037777574],"unit":"A\/cm2"},"power_density":{"value":[-24.965707,-24.248026,-17.816095,-10.427565,-5.396688,-2.328404,1.149473,1.754532,2.830793,3.294354,4.591731,6.072028,6.2834,6.277531,7.976438,7.513747,8.181189,8.263652,7.773549,7.103749,6.305565,5.364104,4.37071,3.323526,2.241676,1.130174,-0.00026558111,-1.141588,-2.282918,-4.103509,-7.554733],"unit":"mW\/cm2"},"I":{"value":[-0.001805246,-0.001823453,-0.0013955789999999999,-0.0008523297,-0.0004611816,-0.0002084412,0.0001080576,0.000173606,0.00029565950000000004,0.00036433149999999997,0.0005395245,0.0007610265000000001,0.0008437708,0.0009074677,0.001249645,0.00128418,0.001538079,0.0017261059999999998,0.001826715,0.001907766,0.0019756780000000002,0.002016861,0.002054162,0.002082732,0.002107278,0.002125002,0.0021369229999999998,0.002147395,0.002146339,0.002572292,0.003551092],"unit":"A"},"power":{"value":[-2.346776,-2.279314,-1.674713,-0.980191088,-0.507288692,-0.21886993,0.108050436,0.164925995,0.266094496,0.309669242,0.431622675,0.570770636,0.59063956,0.59008795,0.749785126,0.706292194,0.76903181,0.776783258,0.730713583,0.66775244,0.592723157,0.504225738,0.410846779,0.312411466,0.210717559,0.10623633,-2.4964624e-5,-0.107309236,-0.2145943,-0.385729847,-0.710144892],"unit":"mW"},"resistance":{"value":[-720.110168,-685.512048,-859.867482,-1349.26,-2385.126,-5037.545,9253.71,5472.171,3044.053,2332.946,1482.798,985.512331,829.609178,716.563025,480.135158,428.284742,325.077581,260.714348,218.980574,183.47009,151.851668,123.957576,97.366712,72.021172,47.452277,23.52634,-0.005466978,-23.270903,-46.582367,-58.296531,-56.314874],"unit":"ohms"},"conductance":{"value":[-0.001388676,-0.001458764,-0.00116297,-0.000741147238,-0.000419265148,-0.000198509379,0.000108064765,0.000182742831,0.000328509388,0.000428642642,0.00067440082,0.001014701,0.001205387,0.001395551,0.002082747,0.002334895,0.003076189,0.003835616,0.004566615,0.00545048,0.006585374,0.008067276,0.010270451,0.013884806,0.021073804,0.042505549,-182.916428,-0.042972119,-0.021467351,-0.017153679,-0.017757298],"unit":"S"},"timestamps":{"value":[0.019,0.053,0.087,0.122,0.156,0.19,0.224,0.258,0.293,0.327,0.361,0.395,0.429,0.463,0.498,0.532,0.566,0.6,0.634,0.669,0.703,0.737,0.771,0.8050001,0.84,0.874,0.9080001,0.943,0.9770001,1.011,1.045],"unit":"s"},"sweep_direction":{"unit":"","value":"Reverse"},"p_max":{"unit":"mW","value":0.7767833},"v_p_max":{"unit":"V","value":0.45},"i_p_max":{"unit":"mA","value":1.7261},"isc":{"unit":"mA","value":1.017},"voc":{"unit":"V","value":2.1369},"jsc":{"unit":"mA\/cm2","value":22.7332},"fill_factor":{"unit":"%","value":35.7416},"efficiency":{"unit":"%","value":8.2637},"r_s":{"unit":"ohms","value":233.6451},"r_sh":{"unit":"ohms","value":354.9729},"temperature":{"unit":"oC","value":100},"cell_dimension":{"value":0.09399999843788606,"unit":"cm2"},"key":"Reverse_[G3#C1]_Group-3_Dynamic"},{"V":{"value":[1.3,1.247,1.197,1.15,1.099,1.05,0.509,0.53,0.526,0.522,0.8,0.75,0.7,0.65,0.6,0.55,0.5,0.45,0.4,0.35,0.3,0.25,0.2,0.15,0.1,0.05,0,-0.05,-0.1,-0.15,-0.2],"unit":"V"},"J":{"value":[-0.016707628,-0.015004680999999999,-0.010537143,-0.006564318,-0.003487367,-0.001145467,-0.022387882999999997,-0.106293638,-0.106384362,-0.106384149,-0.015664426000000002,0.005281927,0.0066911769999999995,0.008355409999999999,0.010283961,0.012500032,0.014854851,0.017035181,0.018670064,0.016713851,0.018431468,0.018772117,0.020569904,0.021109755,0.021535468000000002,0.021884637999999998,0.022248478999999998,0.022340979,0.022375818999999998,0.022805,0.034090010999999996],"unit":"A\/cm2"},"power_density":{"value":[-21.718696,-18.711977,-12.612528,-7.547384,-3.833621,-1.202218,-11.384673,-56.350807,-55.92678,-55.542877,-12.53558,3.96118,4.68383,5.431001,6.170322,6.874954,7.427313,7.666145,7.46796,5.850149,5.529669,4.693136,4.114119,3.166484,2.153442,1.094121,-0.000275831522,-1.116409,-2.237164,-3.419908,-6.816021],"unit":"mW\/cm2"},"I":{"value":[-0.001570517,-0.00141044,-0.0009904914,-0.0006170459000000001,-0.00032781250000000003,-0.0001076739,-0.002104461,-0.009991602,-0.010000130000000001,-0.01000011,-0.001472456,0.0004965010999999999,0.0006289706000000001,0.0007854085,0.0009666923,0.001175003,0.0013963559999999999,0.001601307,0.0017549859999999998,0.001571102,0.0017325580000000001,0.0017645789999999998,0.001933571,0.001984317,0.002024334,0.002057156,0.002091357,0.002100052,0.0021033270000000003,0.0021436700000000003,0.0032044609999999996],"unit":"A"},"power":{"value":[-2.041557,-1.758926,-1.185578,-0.709454077,-0.360360347,-0.113008496,-1.070159,-5.296976,-5.257117,-5.22103,-1.178345,0.37235095,0.440280049,0.510514111,0.580010257,0.646245657,0.698167388,0.720617614,0.701988258,0.54991398,0.519788884,0.441154808,0.386727155,0.297649534,0.202423562,0.102847411,-2.5928163e-5,-0.104942413,-0.210293389,-0.321471399,-0.640706021],"unit":"mW"},"resistance":{"value":[-827.706418,-884.175151,-1208.45,-1863.328,-3353.405,-9747.432,-241.638785,-53.058839,-52.569807,-52.209156,-543.485102,1510.47,1112.931,827.59252,620.667714,468.079571,358.069432,281.031932,227.920052,222.785026,173.161533,141.680083,103.439026,75.593265,49.396562,24.302945,-0.005928098,-23.795287,-47.534839,-69.956243,-62.394861],"unit":"ohms"},"conductance":{"value":[-0.001208158,-0.001130998,-0.000827506539,-0.00053667412,-0.000298204383,-0.000102591125,-0.004138408,-0.018847001,-0.019022326,-0.019153729,-0.001839977,0.000662045691,0.000898528145,0.001208324,0.001611168,0.002136389,0.002792754,0.003558315,0.004387503,0.004488632,0.005774955,0.007058155,0.009667531,0.013228692,0.020244324,0.041147276,-168.688159,-0.042025129,-0.021037202,-0.01429465,-0.016026961],"unit":"S"},"timestamps":{"value":[0.019,0.053,0.08800001,0.122,0.156,0.19,0.224,0.258,0.293,0.327,0.361,0.395,0.429,0.464,0.498,0.532,0.566,0.6,0.6350001,0.669,0.703,0.737,0.771,0.8060001,0.84,0.874,0.9080001,0.943,0.9770001,1.011,1.045],"unit":"s"},"sweep_direction":{"unit":"","value":"Reverse"},"p_max":{"unit":"mW","value":0.7206176},"v_p_max":{"unit":"V","value":0.45},"i_p_max":{"unit":"mA","value":1.6013},"isc":{"unit":"mA","value":0.996},"voc":{"unit":"V","value":2.0913},"jsc":{"unit":"mA\/cm2","value":22.2484},"fill_factor":{"unit":"%","value":34.5902},"efficiency":{"unit":"%","value":7.6661},"r_s":{"unit":"ohms","value":22.6019},"r_sh":{"unit":"ohms","value":423.3691},"temperature":{"unit":"oC","value":100},"cell_dimension":{"value":0.09399999808470719,"unit":"cm2"},"key":"Reverse_[G2#C4]_Group-2_Dynamic"},{"V":{"value":[1.3,1.25,1.2,1.15,1.1,1.05,1,0.95,0.9,0.85,0.8,0.75,0.7,0.65,0.6,0.55,0.5,0.45,0.4,0.35,0.3,0.25,0.2,0.15,0.1,0.05,0,-0.05,-0.1,-0.15,-0.2],"unit":"V"},"J":{"value":[-0.048531979,-0.03478116,-0.020545926000000003,-0.008265647,0.001734163,0.009338054,0.014674181000000001,0.018197649,0.020253872000000003,0.021400468,0.021986979,0.022271691,0.022393628,0.022494532,0.022546245,0.022576681,0.022605532,0.022637521,0.022665479000000002,0.022689851,0.022699201999999998,0.022711628,0.022747787,0.022747893999999998,0.022771606,0.022766414999999998,0.022766181,0.02279567,0.022803511000000002,0.022832744999999998,0.022865946999999998],"unit":"A\/cm2"},"power_density":{"value":[-63.091961,-43.476554,-24.655296,-9.505618,1.907593,9.805032,14.674357,17.287879,18.228661,18.190473,17.589765,16.703918,15.675593,14.621421,13.527733,12.417071,11.302583,10.187312,9.066534,7.941856,6.809997,5.678036,4.54971,3.412207,2.277034,1.138162,-0.00025511031,-1.139114,-2.27993,-3.424081,-4.572739],"unit":"mW\/cm2"},"I":{"value":[-0.004562006,-0.0032694290000000003,-0.0019313169999999999,-0.0007769707999999999,0.0001630113,0.0008777771,0.001379373,0.001710579,0.001903864,0.002011644,0.0020667759999999998,0.0020935389999999997,0.002105001,0.002114486,0.0021193469999999997,0.002122208,0.0021249199999999998,0.002127927,0.002130555,0.002132846,0.002133725,0.002134893,0.002138292,0.002138302,0.002140531,0.002140043,0.0021400209999999998,0.002142793,0.0021435300000000003,0.002146278,0.0021493989999999998],"unit":"A"},"power":{"value":[-5.930644,-4.086796,-2.317598,-0.893528075,0.179313734,0.921672977,1.37939,1.625061,1.713494,1.709904,1.653438,1.570168,1.473506,1.374414,1.271607,1.167205,1.062443,0.957607368,0.852254171,0.746534491,0.640139691,0.533735419,0.427672727,0.320747438,0.214041156,0.106987255,-2.3980369e-5,-0.107076716,-0.214313452,-0.321863575,-0.429837457],"unit":"mW"},"resistance":{"value":[-284.964114,-382.330676,-621.342328,-1480.126,6748.048,1196.213,724.975768,555.371135,472.727411,422.541712,387.080313,358.248258,332.54255,307.402792,283.105787,259.161873,235.299164,211.482302,187.751595,164.108426,140.604061,117.104557,93.535729,70.149586,46.714773,23.360764,-0.005236243,-23.320325,-46.643411,-69.871471,-93.040101],"unit":"ohms"},"conductance":{"value":[-0.003509214,-0.002615537,-0.001609419,-0.00067561797,0.000148191013,0.000835971821,0.001379356,0.001800598,0.002115384,0.00236663,0.002583443,0.00279136,0.003007134,0.003253061,0.003532249,0.003858592,0.004249909,0.004728528,0.005326186,0.006093532,0.00711217,0.008539377,0.010691102,0.014255252,0.021406504,0.042806819,-190.976622,-0.042881048,-0.021439256,-0.014311993,-0.010748054],"unit":"S"},"timestamps":{"value":[0.019,0.053,0.08800001,0.122,0.156,0.19,0.224,0.259,0.293,0.327,0.361,0.395,0.43,0.464,0.498,0.532,0.566,0.601,0.6350001,0.669,0.703,0.737,0.771,0.8060001,0.84,0.874,0.9080001,0.943,0.9770001,1.011,1.045],"unit":"s"},"sweep_direction":{"unit":"","value":"Reverse"},"p_max":{"unit":"mW","value":1.7135},"v_p_max":{"unit":"V","value":0.9},"i_p_max":{"unit":"mA","value":1.9039},"isc":{"unit":"mA","value":1.109},"voc":{"unit":"V","value":2.14},"jsc":{"unit":"mA\/cm2","value":22.7662},"fill_factor":{"unit":"%","value":72.2201},"efficiency":{"unit":"%","value":18.2287},"r_s":{"unit":"ohms","value":52.6609},"r_sh":{"unit":"ohms","value":4333},"temperature":{"unit":"oC","value":100},"cell_dimension":{"value":0.09399999946427076,"unit":"cm2"},"key":"Reverse_[G2#C3]_Group-2_Dynamic"},{"V":{"value":[1.3,1.25,1.2,1.15,1.1,1.05,1,0.95,0.9,0.85,0.8,0.75,0.7,0.65,0.6,0.55,0.5,0.45,0.4,0.35,0.3,0.25,0.2,0.15,0.1,0.05,0,-0.05,-0.1,-0.15,-0.2],"unit":"V"},"J":{"value":[-0.052357936,-0.036530351,-0.021063309,-0.008085743000000001,0.002584301,0.01051047,0.015813,0.019032904,0.020814063999999997,0.021703404,0.022149926,0.022349479,0.022466372,0.022525245000000003,0.022581862,0.022638277,0.022660426,0.02269734,0.022699085,0.022772584999999998,0.02278017,0.022792339999999998,0.022810511000000002,0.022775713,0.022825745,0.022820181000000002,0.022807064000000002,0.022813383000000003,0.022815011,0.022811713,0.022834914999999997],"unit":"A\/cm2"},"power_density":{"value":[-68.065788,-45.663048,-25.27616,-9.298749,2.84276,11.036099,15.813206,18.081383,18.732843,18.44798,17.720135,16.762279,15.726526,14.641389,13.549119,12.450948,11.330072,10.214271,9.080004,7.970826,6.834299,5.69821,4.562228,3.416375,2.282453,1.140856,-0.000266443751,-1.14001,-2.28108,-3.420927,-4.566533],"unit":"mW\/cm2"},"I":{"value":[-0.004921646,-0.003433853,-0.001979951,-0.0007600597999999999,0.00024292430000000001,0.0009879842,0.0014864219999999998,0.001789093,0.001956522,0.00204012,0.002082093,0.002100851,0.002111839,0.002117373,0.0021226950000000004,0.002127998,0.00213008,0.00213355,0.002133714,0.0021406230000000004,0.0021413359999999998,0.00214248,0.002144188,0.002140917,0.00214562,0.002145097,0.002143864,0.002144458,0.002144611,0.002144301,0.002146482],"unit":"A"},"power":{"value":[-6.398184,-4.292327,-2.375959,-0.874082451,0.267219402,1.037393,1.486441,1.69965,1.760887,1.73411,1.665693,1.575654,1.478293,1.376291,1.273617,1.170389,1.065027,0.960141451,0.85352038,0.749257652,0.642424141,0.535631784,0.428849393,0.321139263,0.214550542,0.107240435,-2.5045713e-5,-0.107160925,-0.214421532,-0.321567097,-0.429254114],"unit":"mW"},"resistance":{"value":[-264.141102,-364.023445,-606.08015,-1513.063,4528.205,1062.78,672.765204,530.998948,460.004488,416.644119,384.232981,357.001805,331.466035,306.983748,282.659591,258.456728,234.730057,210.925734,187.474188,163.512445,140.104542,116.689771,93.277968,70.063809,46.604086,23.305837,-0.005449278,-23.302438,-46.6199,-69.935891,-93.166539],"unit":"ohms"},"conductance":{"value":[-0.003785855,-0.002747076,-0.001649947,-0.000660911221,0.000220838064,0.000940928372,0.001486403,0.001883243,0.002173892,0.00240013,0.002602588,0.002801106,0.0030169,0.003257501,0.003537824,0.00386912,0.004260213,0.004741005,0.005334068,0.006115742,0.007137527,0.008569731,0.010720645,0.014272704,0.021457346,0.042907707,-183.510564,-0.042913964,-0.021450068,-0.01429881,-0.010733467],"unit":"S"},"timestamps":{"value":[0.019,0.053,0.087,0.122,0.156,0.19,0.224,0.258,0.292,0.327,0.361,0.395,0.429,0.463,0.498,0.532,0.566,0.6,0.634,0.669,0.703,0.737,0.771,0.8050001,0.84,0.874,0.9080001,0.943,0.9770001,1.011,1.045],"unit":"s"},"sweep_direction":{"unit":"","value":"Reverse"},"p_max":{"unit":"mW","value":1.7609},"v_p_max":{"unit":"V","value":0.9},"i_p_max":{"unit":"mA","value":1.9565},"isc":{"unit":"mA","value":1.112},"voc":{"unit":"V","value":2.1439},"jsc":{"unit":"mA\/cm2","value":22.8071},"fill_factor":{"unit":"%","value":73.8553},"efficiency":{"unit":"%","value":18.7328},"r_s":{"unit":"ohms","value":49.05},"r_sh":{"unit":"ohms","value":5521.2},"temperature":{"unit":"oC","value":100},"cell_dimension":{"value":0.09400000030558882,"unit":"cm2"},"key":"Reverse_[G2#C2]_Group-2_Dynamic"},{"V":{"value":[1.3,1.25,1.2,1.15,1.071,0.517,0.826,0.95,0.9,0.85,0.8,0.75,0.7,0.65,0.6,0.55,0.5,0.45,0.4,0.35,0.3,0.25,0.2,0.15,0.1,0.05,0,-0.05,-0.1,-0.15,-0.2],"unit":"V"},"J":{"value":[-0.030341053,-0.034269585,-0.026065936,-0.017442702,-0.009440461,-0.008830147,-0.106377936,0.002009001,0.003591556,0.004240709,0.007218919,0.00948124,0.012832394,0.015770723,0.017928617,0.019279723000000002,0.020204233999999998,0.020764511,0.021158681000000002,0.021401181000000002,0.021561191,0.021689032,0.021770499999999998,0.021843989,0.021887840000000002,0.021944691,0.02196833,0.02202067,0.022016362,0.022039872,0.0220575],"unit":"A\/cm2"},"power_density":{"value":[-39.442732,-42.836741,-31.279202,-20.059334,-10.114207,-4.567927,-87.818263,1.90856,3.232417,3.604594,5.77481,7.110994,8.98271,10.250937,10.757147,10.603699,10.101949,9.344451,8.463781,7.490779,6.468577,5.422351,4.354261,3.276601,2.188667,1.097077,-0.000246169854,-1.100402,-2.20123,-3.305201,-4.408247],"unit":"mW\/cm2"},"I":{"value":[-0.002852059,-0.003221341,-0.002450198,-0.001639614,-0.0008874033,-0.0008300338,-0.009999526,0.00018884609999999998,0.0003376063,0.0003986266,0.0006785784,0.0008912366000000001,0.001206245,0.001482448,0.0016852899999999999,0.001812294,0.001899198,0.001951864,0.001988916,0.0020117110000000002,0.002026752,0.0020387689999999997,0.002046427,0.0020533350000000003,0.002057457,0.002062801,0.002065023,0.002069943,0.002069538,0.002071748,0.002073405],"unit":"A"},"power":{"value":[-3.707617,-4.026654,-2.940245,-1.885577,-0.950735499,-0.429385117,-8.254917,0.179404664,0.303847223,0.338831813,0.542832116,0.668433421,0.844374757,0.963588087,1.011172,0.996747745,0.949583237,0.878378423,0.795595438,0.70413325,0.608046273,0.509701017,0.409300544,0.308000455,0.205734713,0.103125198,-2.3139966e-5,-0.103437825,-0.206915617,-0.31068886,-0.414375173],"unit":"mW"},"resistance":{"value":[-455.803684,-388.034983,-489.757562,-701.392523,-1207.307,-623.240162,-82.556993,5030.576,2665.841,2132.316,1178.869,841.534897,580.315525,438.46253,356.021041,303.478519,263.264652,230.55925,201.121918,173.989753,148.025116,122.625123,97.73493,73.051937,48.601093,24.235396,-0.005426414,-24.141409,-48.311048,-72.385541,-96.388549],"unit":"ohms"},"conductance":{"value":[-0.002193927,-0.002577087,-0.002041827,-0.001425735,-0.000828289906,-0.001604518,-0.012112844,0.000198784406,0.000375116194,0.000468973574,0.000848270821,0.001188305,0.0017232,0.002280697,0.002808823,0.003295126,0.003798459,0.00433728,0.004972109,0.005747465,0.00675561,0.008154936,0.010231756,0.013688891,0.020575669,0.041261962,-184.28376,-0.041422603,-0.020699199,-0.013814914,-0.010374676],"unit":"S"},"timestamps":{"value":[0.019,0.053,0.087,0.122,0.156,0.19,0.224,0.258,0.293,0.327,0.361,0.395,0.429,0.464,0.498,0.532,0.566,0.6,0.634,0.669,0.703,0.737,0.771,0.8050001,0.84,0.874,0.9080001,0.943,0.9770001,1.011,1.045],"unit":"s"},"sweep_direction":{"unit":"","value":"Reverse"},"p_max":{"unit":"mW","value":1.0112},"v_p_max":{"unit":"V","value":0.6},"i_p_max":{"unit":"mA","value":1.6853},"isc":{"unit":"mA","value":0.87},"voc":{"unit":"V","value":2.065},"jsc":{"unit":"mA\/cm2","value":21.9683},"fill_factor":{"unit":"%","value":56.296},"efficiency":{"unit":"%","value":10.7571},"r_s":{"unit":"ohms","value":25.9026},"r_sh":{"unit":"ohms","value":1900.1},"temperature":{"unit":"oC","value":100},"cell_dimension":{"value":0.09400000059325561,"unit":"cm2"},"key":"Reverse_[G2#C1]_Group-2_Dynamic"},{"V":{"value":[1.3,1.25,1.2,1.15,1.1,1.05,1,0.95,0.9,0.85,0.8,0.75,0.7,0.65,0.6,0.55,0.5,0.45,0.4,0.35,0.3,0.25,0.2,0.15,0.1,0.05,0,-0.05,-0.1,-0.15,-0.2],"unit":"V"},"J":{"value":[-0.06513301099999999,-0.054615862,-0.039252521,-0.025623255,-0.014179128000000001,-0.00517427,0.00155509,0.00653184,0.010178365,0.012971596,0.015121128000000001,0.016806766,0.018071702,0.018986691,0.019600733999999998,0.019986319000000002,0.020234053,0.020385999999999998,0.020506436,0.020561309,0.020659553,0.020710851000000002,0.020757372,0.020829957,0.020843138,0.020919809,0.020923191,0.020987351,0.020977128,0.021032298,0.021064968],"unit":"A\/cm2"},"power_density":{"value":[-84.672849,-68.269773,-47.103261,-29.467102,-15.597154,-5.43302,1.555103,6.20528,9.160598,11.025886,12.09702,12.605187,12.65024,12.341329,11.760415,10.992366,10.116873,9.17412,8.20288,7.196818,6.198062,5.177798,4.151599,3.124481,2.084193,1.04583,-0.000274366228,-1.048771,-2.097341,-3.154094,-4.212608],"unit":"mW\/cm2"},"I":{"value":[-0.006122503,-0.005133891,-0.0036897370000000002,-0.0024085860000000003,-0.001332838,-0.0004863814,0.0001461785,0.000613993,0.0009567663,0.00121933,0.001421386,0.001579836,0.00169874,0.001784749,0.001842469,0.001878714,0.001902001,0.001916284,0.001927605,0.001932763,0.001941998,0.00194682,0.001951193,0.001958016,0.001959255,0.001966462,0.00196678,0.001972811,0.0019718500000000003,0.001977036,0.001980107],"unit":"A"},"power":{"value":[-7.959248,-6.417359,-4.427707,-2.769908,-1.466132,-0.510703875,0.146179669,0.583296297,0.861096176,1.036433,1.13712,1.184888,1.189123,1.160085,1.105479,1.033282,0.950986045,0.862367275,0.771070721,0.676500873,0.582617849,0.486712982,0.390250307,0.293701225,0.195914097,0.098307998,-2.5790425e-5,-0.098584483,-0.197150019,-0.29648482,-0.395985164],"unit":"mW"},"resistance":{"value":[-212.331297,-243.479848,-325.228058,-477.464371,-825.312604,-2158.814,6841.006,1547.257,940.675691,697.106034,562.836415,474.737061,412.071712,364.196254,325.649278,292.75052,262.877044,234.840243,207.519123,181.096958,154.484969,128.416649,102.504468,76.607852,51.036838,25.422469,-0.006667253,-25.330141,-50.7048,-75.853095,-100.995401],"unit":"ohms"},"conductance":{"value":[-0.004709621,-0.004107116,-0.003074765,-0.002094397,-0.001211662,-0.000463217293,0.000146177331,0.000646305156,0.001063066,0.001434502,0.001776715,0.002106429,0.002426762,0.002745772,0.003070788,0.003415878,0.00380406,0.004258214,0.004818833,0.005521904,0.006473122,0.007787152,0.009755672,0.013053492,0.01959369,0.039335282,-149.986807,-0.03947866,-0.019721999,-0.013183378,-0.009901441],"unit":"S"},"timestamps":{"value":[0.02,0.054,0.08800001,0.122,0.156,0.19,0.225,0.259,0.293,0.327,0.361,0.396,0.43,0.464,0.498,0.532,0.567,0.601,0.6350001,0.669,0.703,0.738,0.772,0.8060001,0.84,0.874,0.9080001,0.943,0.9770001,1.011,1.046],"unit":"s"},"sweep_direction":{"unit":"","value":"Reverse"},"p_max":{"unit":"mW","value":1.1891},"v_p_max":{"unit":"V","value":0.7},"i_p_max":{"unit":"mA","value":1.6987},"isc":{"unit":"mA","value":1.012},"voc":{"unit":"V","value":1.9668},"jsc":{"unit":"mA\/cm2","value":20.9232},"fill_factor":{"unit":"%","value":59.7693},"efficiency":{"unit":"%","value":12.6502},"r_s":{"unit":"ohms","value":64.5572},"r_sh":{"unit":"ohms","value":3193.8},"temperature":{"unit":"oC","value":100},"cell_dimension":{"value":0.09399999947799129,"unit":"cm2"},"key":"Reverse_[G1#C4]_Group-1_Dynamic"},{"V":{"value":[1.3,1.25,1.2,1.15,1.1,1.05,1,0.95,0.9,0.85,0.8,0.75,0.7,0.65,0.6,0.55,0.5,0.45,0.4,0.35,0.3,0.25,0.2,0.15,0.1,0.05,0,-0.05,-0.1,-0.15,-0.2],"unit":"V"},"J":{"value":[-0.059458084999999994,-0.045249713,-0.027520617,-0.012204351,-0.000289958404,0.008120499,0.013418478999999999,0.016641286999999998,0.018701053000000002,0.020109712999999998,0.021084309000000002,0.021743585,0.022163532,0.022376010999999998,0.022515085,0.022573574,0.022602904,0.022649723,0.022617903999999998,0.022642947,0.022634926,0.022602213,0.02259666,0.022583723,0.022598383,0.022539596,0.022533372,0.022442691,0.022386894,0.022275436,0.022127032],"unit":"A\/cm2"},"power_density":{"value":[-77.29557,-56.562186,-33.024988,-14.035199,-0.318956274,8.526597,13.41864,15.809351,16.831111,17.09333,16.867626,16.307828,15.514521,14.544409,13.509065,12.415351,11.301301,10.192847,9.047515,7.92545,6.790731,5.650678,4.519506,3.387588,2.259745,1.126812,-0.000257873941,-1.121475,-2.238287,-3.340505,-4.424964],"unit":"mW\/cm2"},"I":{"value":[-0.00558906,-0.004253473,-0.002586938,-0.001147209,-2.725609e-5,0.0007633269,0.001261337,0.001564281,0.001757899,0.0018903129999999998,0.001981925,0.002043897,0.0020833719999999996,0.002103345,0.002116418,0.002121916,0.002124673,0.0021290740000000003,0.002126083,0.002128437,0.002127683,0.0021246079999999996,0.0021240860000000003,0.00212287,0.002124248,0.002118722,0.002118137,0.0021096129999999998,0.002104368,0.002093891,0.0020799409999999996],"unit":"A"},"power":{"value":[-7.265784,-5.316846,-3.104349,-1.319309,-0.02998189,0.801500115,1.261352,1.486079,1.582124,1.606773,1.585557,1.532936,1.458365,1.367174,1.269852,1.167043,1.062322,0.958127585,0.850466367,0.744992326,0.63832873,0.531163685,0.424833555,0.31843326,0.212415984,0.105920337,-2.424015e-5,-0.105418691,-0.210398963,-0.314007432,-0.415946601],"unit":"mW"},"resistance":{"value":[-232.597431,-293.877732,-463.872346,-1002.447,-40358.21,1375.569,792.819048,607.312689,511.979755,449.662939,403.652257,366.949215,335.99482,309.031614,283.498156,259.197301,235.327177,211.369262,188.146747,164.448607,141.003712,117.671354,94.161771,70.659673,47.073529,23.59562,-0.005402904,-23.687108,-47.511661,-71.619583,-96.146958],"unit":"ohms"},"conductance":{"value":[-0.004299274,-0.003402776,-0.002155765,-0.000997559164,-2.4778106e-5,0.000726971769,0.001261322,0.001646598,0.001953202,0.002223888,0.00247738,0.002725173,0.002976236,0.003235915,0.00352736,0.003858065,0.004249403,0.004731057,0.005315,0.006080927,0.007092012,0.008498245,0.010620021,0.014152344,0.021243362,0.042380746,-185.085664,-0.042217058,-0.021047464,-0.013962662,-0.010400745],"unit":"S"},"timestamps":{"value":[0.019,0.053,0.08800001,0.122,0.156,0.19,0.224,0.259,0.293,0.327,0.361,0.395,0.43,0.464,0.498,0.532,0.566,0.6,0.6350001,0.669,0.703,0.737,0.771,0.8060001,0.84,0.874,0.9080001,0.943,0.9770001,1.011,1.045],"unit":"s"},"sweep_direction":{"unit":"","value":"Reverse"},"p_max":{"unit":"mW","value":1.6068},"v_p_max":{"unit":"V","value":0.85},"i_p_max":{"unit":"mA","value":1.8903},"isc":{"unit":"mA","value":1.098},"voc":{"unit":"V","value":2.1181},"jsc":{"unit":"mA\/cm2","value":22.5334},"fill_factor":{"unit":"%","value":69.0695},"efficiency":{"unit":"%","value":17.0933},"r_s":{"unit":"ohms","value":49.1065},"r_sh":{"unit":"ohms","value":2805.5},"temperature":{"unit":"oC","value":100},"cell_dimension":{"value":0.09400000016818572,"unit":"cm2"},"key":"Reverse_[G1#C3]_Group-1_Dynamic"},{"V":{"value":[1.3,1.25,1.2,1.15,1.1,1.05,1,0.95,0.9,0.85,0.8,0.75,0.7,0.65,0.6,0.55,0.5,0.45,0.4,0.35,0.3,0.25,0.2,0.15,0.1,0.05,0,-0.05,-0.1,-0.15,-0.2],"unit":"V"},"J":{"value":[-0.055405426,-0.052971085,-0.037073681,-0.023309596,-0.011621755000000001,-0.001973077,0.005637473,0.011318265999999999,0.015317287,0.017892138,0.019572521,0.020629467999999998,0.021273447,0.021650915,0.0218385,0.021968947,0.022050287000000002,0.022103351,0.022152691000000002,0.022186914999999998,0.02222084,0.02225366,0.022298573999999998,0.022317287,0.022367372,0.022370723000000002,0.022412255,0.022424745000000003,0.022435978999999998,0.022442372,0.022499064],"unit":"A\/cm2"},"power_density":{"value":[-72.026776,-66.213856,-44.488639,-26.806408,-12.784047,-2.071746,5.637541,10.752423,13.785676,15.208371,15.658166,15.472239,14.891485,14.073082,13.103098,12.082774,11.024969,9.946972,8.861427,7.765815,6.666479,5.563548,4.45988,3.347615,2.236634,1.118386,-0.000261831397,-1.120568,-2.243162,-3.365519,-4.49939],"unit":"mW\/cm2"},"I":{"value":[-0.005208109999999999,-0.004979282000000001,-0.003484926,-0.002191102,-0.001092445,-0.0001854692,0.0005299225,0.001063917,0.0014398249999999998,0.001681861,0.001839817,0.00193917,0.0019997039999999997,0.002035186,0.002052819,0.0020650810000000003,0.002072727,0.002077715,0.002082353,0.00208557,0.002088759,0.002091844,0.002096066,0.0020978249999999998,0.002102533,0.002102848,0.0021067520000000004,0.002107926,0.002108982,0.0021095830000000004,0.002114912],"unit":"A"},"power":{"value":[-6.770517,-6.224102,-4.181932,-2.519802,-1.2017,-0.194744144,0.529928859,1.010728,1.295854,1.429587,1.471868,1.45439,1.3998,1.32287,1.231691,1.135781,1.036347,0.935015382,0.832974101,0.729986623,0.626649005,0.522973551,0.419228711,0.314675848,0.210243565,0.105128269,-2.4612151e-5,-0.105333378,-0.210857265,-0.316358763,-0.42294264],"unit":"mW"},"resistance":{"value":[-249.609743,-251.04021,-344.341888,-524.857355,-1006.925,-5661.36,1887.091,892.932625,625.081312,505.394322,434.829986,386.766864,350.053508,319.380833,292.280956,266.330134,241.224291,216.594191,192.097978,167.828363,143.630835,119.514648,95.420373,71.503104,47.559477,23.774082,-0.005545271,-23.705837,-47.407038,-71.086419,-94.557693],"unit":"ohms"},"conductance":{"value":[-0.004006254,-0.003983426,-0.00290409,-0.00190528,-0.00099312279,-0.000176635988,0.000529916141,0.001119905,0.001599792,0.001978653,0.002299749,0.002585537,0.002856706,0.003131058,0.003421366,0.003754738,0.004145519,0.004616929,0.005205677,0.005958468,0.006962293,0.008367175,0.010479942,0.013985407,0.021026304,0.042062613,-180.333849,-0.042183704,-0.021093914,-0.014067385,-0.010575554],"unit":"S"},"timestamps":{"value":[0.019,0.053,0.087,0.121,0.156,0.19,0.224,0.258,0.292,0.326,0.361,0.395,0.429,0.463,0.497,0.532,0.566,0.6,0.634,0.668,0.703,0.737,0.771,0.8050001,0.839,0.873,0.9080001,0.942,0.9760001,1.011,1.045],"unit":"s"},"sweep_direction":{"unit":"","value":"Reverse"},"p_max":{"unit":"mW","value":1.4719},"v_p_max":{"unit":"V","value":0.8},"i_p_max":{"unit":"mA","value":1.8398},"isc":{"unit":"mA","value":1.037},"voc":{"unit":"V","value":2.1068},"jsc":{"unit":"mA\/cm2","value":22.4122},"fill_factor":{"unit":"%","value":67.3686},"efficiency":{"unit":"%","value":15.6582},"r_s":{"unit":"ohms","value":56.899},"r_sh":{"unit":"ohms","value":3594.1},"temperature":{"unit":"oC","value":100},"cell_dimension":{"value":0.09399999920585395,"unit":"cm2"},"key":"Reverse_[G1#C2]_Group-1_Dynamic"},{"V":{"value":[1.3,1.25,1.2,1.15,1.1,1.05,1,0.95,0.9,0.85,0.8,0.75,0.7,0.65,0.6,0.55,0.5,0.45,0.4,0.35,0.3,0.25,0.2,0.15,0.1,0.05,0,-0.05,-0.1,-0.15,-0.2],"unit":"V"},"J":{"value":[-0.054063521,-0.046159255,-0.033829979,-0.022722447,-0.013174426000000001,-0.005387127,0.000667480851,0.005271385000000001,0.008738065000000001,0.011409691000000001,0.013542128,0.015264043,0.016682309,0.01775683,0.018535138,0.019078755,0.019412648999999997,0.019667872,0.019827404,0.019954681000000002,0.020038372,0.020096233999999998,0.020191287,0.020197734000000002,0.020285553,0.020267723,0.020385777,0.020403511000000003,0.020449351,0.020479585,0.020492638],"unit":"A\/cm2"},"power_density":{"value":[-70.282794,-57.699161,-40.596245,-26.131177,-14.492,-5.65651,0.667484188,5.00784,7.864318,9.698258,10.833801,11.448123,11.677656,11.54192,11.121055,10.493201,9.706177,8.850942,7.931267,6.984488,6.011678,5.024135,4.038383,3.029662,2.028447,1.01324,-0.00025273817,-1.019591,-2.044572,-3.071192,-4.098132],"unit":"mW\/cm2"},"I":{"value":[-0.005081971,-0.00433897,-0.003180018,-0.00213591,-0.0012383960000000001,-0.0005063899,6.274319999999999e-5,0.0004955102,0.0008213781,0.001072511,0.00127296,0.00143482,0.0015681369999999998,0.001669142,0.001742303,0.001793403,0.001824789,0.0018487800000000002,0.0018637760000000001,0.0018757399999999999,0.001883607,0.001889046,0.001897981,0.001898587,0.001906842,0.001905166,0.001916263,0.00191793,0.001922239,0.0019250810000000001,0.0019263079999999998],"unit":"A"},"power":{"value":[-6.606583,-5.423721,-3.816047,-2.456331,-1.362248,-0.531711927,0.062743514,0.470736969,0.739245875,0.911636281,1.018377,1.076124,1.0977,1.08494,1.045379,0.98636089,0.912380632,0.83198853,0.745539102,0.656541825,0.565097734,0.472268678,0.379607967,0.28478824,0.190674017,0.095244583,-2.3757388e-5,-0.095841532,-0.192189799,-0.288692077,-0.385224422],"unit":"mW"},"resistance":{"value":[-255.807048,-288.087265,-377.35887,-538.41969,-888.253838,-2073.511,15938.062,1917.225,1095.728,792.534342,628.462245,522.717832,446.3911,389.420972,344.370927,306.67619,274.000117,243.414738,214.626328,186.602354,159.273299,132.343945,105.378399,79.006177,52.439929,26.240653,-0.006469764,-26.05483,-52.013438,-77.899891,-103.815537],"unit":"ohms"},"conductance":{"value":[-0.003909196,-0.00347117,-0.002649997,-0.001857287,-0.001125804,-0.000482273799,6.2742886e-5,0.000521587159,0.000912635438,0.001261775,0.001591185,0.001913078,0.002240188,0.002567915,0.002903846,0.003260768,0.003649633,0.004108215,0.004659261,0.005358989,0.006278516,0.007556069,0.009489611,0.012657238,0.019069438,0.038108808,-154.565136,-0.0383806,-0.019225801,-0.012836988,-0.00963247],"unit":"S"},"timestamps":{"value":[0.019,0.053,0.08800001,0.122,0.156,0.19,0.224,0.258,0.293,0.327,0.361,0.395,0.429,0.464,0.498,0.532,0.566,0.6,0.6350001,0.669,0.703,0.737,0.771,0.8060001,0.84,0.874,0.9080001,0.943,0.9770001,1.011,1.045],"unit":"s"},"sweep_direction":{"unit":"","value":"Reverse"},"p_max":{"unit":"mW","value":1.0977},"v_p_max":{"unit":"V","value":0.7},"i_p_max":{"unit":"mA","value":1.5681},"isc":{"unit":"mA","value":1.006},"voc":{"unit":"V","value":1.9163},"jsc":{"unit":"mA\/cm2","value":20.3857},"fill_factor":{"unit":"%","value":56.9691},"efficiency":{"unit":"%","value":11.6777},"r_s":{"unit":"ohms","value":76.7568},"r_sh":{"unit":"ohms","value":2430},"temperature":{"unit":"oC","value":100},"cell_dimension":{"value":0.09400000048091577,"unit":"cm2"},"key":"Reverse_[G1#C1]_Group-1_Dynamic"}]}}