{"_id":"656710e0201538293307e60f","id":"CNU_HEMD-SC-00151","author":112,"group":9,"input":[{"tco":{"unit":null,"value":"ITO"}},{"etl":[{"material":{"unit":null,"value":"SnCl2\u22192H2O"},"concentration":{"unit":null,"value":"7.5"},"conc_unit":{"unit":null,"value":"mg\/ml"},"quantity":{"unit":"ml","value":"0.1"}}],"solvent":[{"material":{"unit":null,"value":"IPA"},"volume":{"unit":"ml","value":"1"}}],"spin_coating":[{"type":{"unit":null,"value":"drop&run"},"rpm":{"unit":null,"value":"3000"},"time":{"unit":"s","value":"30"}}],"annealing":[{"temperature":{"unit":"oC","value":"195"},"time":{"unit":"m","value":"1"}}]},{"etl":[{"material":{"unit":null,"value":"SnO2"},"concentration":{"unit":null,"value":"15"},"conc_unit":{"unit":null,"value":"wt%"},"quantity":{"unit":"ml","value":"0.01"}}],"solvent":[{"material":{"unit":null,"value":"DI-Water"},"volume":{"unit":"ml","value":"0.05"}}],"spin_coating":[{"type":{"unit":null,"value":"drop&run"},"rpm":{"unit":null,"value":"3000"},"time":{"unit":"s","value":"30"}}],"annealing":[{"temperature":{"unit":"oC","value":"105"},"time":{"unit":"m","value":"30"}}]},{"perovskite":{"method":{"unit":null,"value":"1step"},"molarity":{"unit":"M","value":"1.27M"},"a_site":[{"material":{"unit":null,"value":"FA"},"ratio":{"unit":"%","value":"97"}},{"material":{"unit":null,"value":"MA"},"ratio":{"unit":"%","value":"3"}}],"b_site":[{"material":{"unit":null,"value":"Pb"},"ratio":{"unit":"%","value":"110"}}],"x_site":[{"material":{"unit":null,"value":"I"},"ratio":{"unit":"%","value":"97"}},{"material":{"unit":null,"value":"Br"},"ratio":{"unit":"%","value":"3"}}],"solvent":[{"material":{"unit":null,"value":"DMF"},"volume":{"unit":"ml","value":"0.88"}},{"material":{"unit":null,"value":"DMSO"},"volume":{"unit":"ml","value":"0.11"}}],"additive":[{"material":{"unit":null,"value":"MACl"},"solvent":{"unit":null,"value":"DMF+DMSO"},"concentration":{"unit":null,"value":"0.167"},"conc_unit":{"unit":null,"value":"M"},"quantity":{"unit":"mol%","value":"44"}}],"antisolvent":[{"material":{"unit":null,"value":"DEE"},"quantity":{"unit":"ul","value":"1000"},"dripping_time":{"unit":"s","value":"12"}}],"spin_coating":[{"type":{"unit":null,"value":"drop&run"},"rpm":{"unit":null,"value":"5000"},"time":{"unit":"s","value":"14"}}],"annealing":[{"temperature":{"unit":"oC","value":"105"},"time":{"unit":"m","value":"60"}}],"atmosphere":[{"type":{"unit":null,"value":"air"},"temperature":{"unit":"oC","value":"26"},"humidity":{"unit":"RH%","value":"28"}}]}},{"htl":[{"material":{"unit":null,"value":"Spiro-OMeTAD_Lumtec"},"concentration":{"unit":null,"value":"0.091"},"conc_unit":{"unit":null,"value":"mg\/ml"},"quantity":{"unit":"ml","value":"0.08"}}],"solvent":[{"material":{"unit":null,"value":"CB"},"volume":{"unit":"ml","value":"1"}}],"htl_doping":[{"material":{"unit":null,"value":"tBP"},"volume":{"unit":"ul","value":"0.0354"}},{"material":{"unit":null,"value":"Li-TFSI"},"volume":{"unit":"ul","value":"0.0209"}},{"material":{"unit":null,"value":"Co-TFSI"},"volume":{"unit":"ul","value":"0.00909"}}],"spin_coating":[{"type":{"unit":null,"value":"dynamic"},"rpm":{"unit":null,"value":"5000"},"time":{"unit":"s","value":"30"}}]},{"anode_metal":{"unit":null,"value":"Ag"}},{"type":{"unit":null,"value":"unit_cell"},"device_type":{"unit":null,"value":"n-i-p"},"cell_dimension":{"unit":"cm2","value":"0.0937"}}],"fileinfo":[{"key":"Reverse_[G2#C2]_Group-2_Dynamic","uploadType":"JV","original_name":"[G2#C2]_Group-2_Dynamic-IV_[230814_115431].csv","save_name":"CNU_HEMD-SC-00151\/Reverse_[G2#C2]_Group-2_Dynamic","uploader":112,"fileType":""},{"key":"Reverse_[G2#C3]_Group-2_Dynamic","uploadType":"JV","original_name":"[G2#C3]_Group-2_Dynamic-IV_[230814_115419].csv","save_name":"CNU_HEMD-SC-00151\/Reverse_[G2#C3]_Group-2_Dynamic","uploader":112,"fileType":""},{"key":"Reverse_[G2#C1]_Group-2_Dynamic","uploadType":"JV","original_name":"[G2#C1]_Group-2_Dynamic-IV_[230814_115513].csv","save_name":"CNU_HEMD-SC-00151\/Reverse_[G2#C1]_Group-2_Dynamic","uploader":112,"fileType":""}],"jvcnt":3,"updated_at":"2024-08-30 12:38:31","created_at":"2023-11-29 10:22:24","analysisInfo":{"JV":[{"efficiency":17.619,"fill_factor":71.598,"jsc":23.726,"voc":1.037,"key":"Reverse_[G2#C3]_Group-2_Dynamic","cell_dimension":0.09400000053879062},{"efficiency":20.017,"fill_factor":77.228,"jsc":23.718,"voc":1.093,"key":"Reverse_[G2#C2]_Group-2_Dynamic","cell_dimension":0.09399999919391663},{"efficiency":19.306,"fill_factor":80.155,"jsc":22.32,"voc":1.079,"key":"Reverse_[G2#C1]_Group-2_Dynamic","cell_dimension":0.09400000031251869}]},"public":2,"tags":[],"analysis":{"JV":[{"V":{"value":[1.2,1.15,1.1,1.05,1,0.95,0.9,0.85,0.8,0.75,0.7,0.65,0.6,0.55,0.5,0.45,0.4,0.35,0.3,0.25,0.2,0.15,0.1,0.05,0,-0.05,-0.1,-0.15,-0.2],"unit":"V"},"J":{"value":[-0.018560085,-0.01319884,-0.007656918,-0.001587548,0.004597385,0.010427186000000001,0.015496479,0.019651755,0.022022925999999998,0.023100350999999998,0.023567894,0.023766106000000002,0.023867617,0.023927,0.023939787,0.023947372,0.023906968,0.023880117,0.023850989,0.023842297999999998,0.02382484,0.023802723,0.023786319,0.023749265999999998,0.023725606,0.023719457,0.02370684,0.023709309,0.023722415],"unit":"A\/cm2"},"power_density":{"value":[-22.272306,-15.178904,-8.422686,-1.666936,4.597431,9.905877,13.946961,16.704047,17.618508,17.32539,16.497561,15.447903,14.320527,13.159644,11.969654,10.776758,9.563091,8.358385,7.155445,5.960598,4.765037,3.570313,2.378414,1.187179,-0.000407277081,-1.185389,-2.370343,-3.555647,-4.744156],"unit":"mW\/cm2"},"I":{"value":[-0.001744648,-0.001240691,-0.0007197503,-0.0001492295,0.0004321542,0.0009801554999999999,0.001456669,0.0018472649999999998,0.002070155,0.002171433,0.002215382,0.0022340140000000003,0.002243556,0.002249138,0.00225034,0.0022510530000000003,0.002247255,0.002244731,0.002241993,0.0022411759999999997,0.002239535,0.002237456,0.0022359140000000003,0.002232431,0.002230207,0.002229629,0.002228443,0.002228675,0.0022299069999999997],"unit":"A"},"power":{"value":[-2.093597,-1.426817,-0.791732528,-0.15669202,0.432158522,0.93115243,1.311014,1.57018,1.65614,1.628587,1.550771,1.452103,1.34613,1.237007,1.125147,1.013015,0.89893054,0.785688174,0.6726118,0.560296241,0.447913495,0.33560945,0.223570919,0.111594828,-3.8284046e-5,-0.111426601,-0.22281221,-0.334230824,-0.445950627],"unit":"mW"},"resistance":{"value":[-687.824134,-926.917339,-1528.322,-7036.189,2314.012,969.238861,617.853747,460.141236,386.448165,345.396565,315.973272,290.954846,267.431791,244.534306,222.184203,199.914618,178.000583,155.927102,133.812282,111.549026,89.305548,67.038637,44.720343,22.391747,-0.007697106,-22.414222,-44.867919,-67.290386,-89.68365],"unit":"ohms"},"conductance":{"value":[-0.00145386,-0.001078845,-0.000654312506,-0.000142122386,0.000432149879,0.001031737,0.001618506,0.002173246,0.002587669,0.002895223,0.003164825,0.003436959,0.003739271,0.004089406,0.00450077,0.005002135,0.005617959,0.006413253,0.007473156,0.008964668,0.011197513,0.014916771,0.022361188,0.044659311,-129.918957,-0.04461453,-0.022287639,-0.014860964,-0.011150304],"unit":"S"},"timestamps":{"value":[0.019,0.053,0.087,0.121,0.155,0.19,0.224,0.258,0.292,0.326,0.361,0.395,0.429,0.463,0.497,0.531,0.566,0.6,0.634,0.668,0.702,0.737,0.771,0.8050001,0.839,0.874,0.9080001,0.942,0.9760001],"unit":"s"},"sweep_direction":{"unit":"","value":"Reverse"},"p_max":{"unit":"mW","value":1.656},"v_p_max":{"unit":"V","value":0.8},"i_p_max":{"unit":"mA","value":2.07},"isc":{"unit":"mA","value":2.23},"voc":{"unit":"V","value":1.037},"jsc":{"unit":"mA\/cm2","value":23.726},"fill_factor":{"unit":"%","value":71.598},"efficiency":{"unit":"%","value":17.619},"r_s":{"unit":"ohms","value":94.586},"r_sh":{"unit":"ohms","value":3043.176},"temperature":{"unit":"oC","value":25.372},"cell_dimension":{"value":0.09400000053879062,"unit":"cm2"},"key":"Reverse_[G2#C3]_Group-2_Dynamic"},{"V":{"value":[1.2,1.15,1.1,1.05,1,0.95,0.9,0.85,0.8,0.75,0.7,0.65,0.6,0.55,0.5,0.45,0.4,0.35,0.3,0.25,0.2,0.15,0.1,0.05,0,-0.05,-0.1,-0.15,-0.2],"unit":"V"},"J":{"value":[-0.024811330000000003,-0.012059979,-0.001465287,0.008706043,0.016352319,0.020470074,0.022240542999999998,0.022955319,0.023295351,0.023455596,0.023531787000000002,0.023590106,0.023619191,0.023648362,0.023650521,0.023665702,0.023675073999999997,0.023680862,0.023711138,0.023711691,0.023724032000000003,0.023731011,0.023727765999999997,0.023721138,0.023717638,0.023723681,0.023698457000000003,0.023698457000000003,0.023685967999999998],"unit":"A\/cm2"},"power_density":{"value":[-29.773844,-13.869181,-1.611832,9.141423,16.352515,19.446714,20.016682,19.512095,18.636425,17.591831,16.472286,15.333494,14.171463,13.006424,11.825012,10.649997,9.470321,8.28865,7.113505,5.927956,4.74487,3.559576,2.372548,1.185739,-0.000412795059,-1.185595,-2.369504,-3.554013,-4.736829],"unit":"mW\/cm2"},"I":{"value":[-0.002332265,-0.001133638,-0.000137737,0.000818368,0.001537118,0.0019241870000000002,0.002090611,0.0021578,0.002189763,0.002204826,0.002211988,0.00221747,0.002220204,0.002222946,0.002223149,0.002224576,0.002225457,0.002226001,0.002228847,0.0022288990000000003,0.002230059,0.002230715,0.00223041,0.002229787,0.002229458,0.002230026,0.002227655,0.002227655,0.002226481],"unit":"A"},"power":{"value":[-2.798741,-1.303703,-0.151512215,0.859293765,1.537136,1.827991,1.881568,1.834137,1.751824,1.653632,1.548395,1.441348,1.332118,1.222604,1.111551,1.0011,0.890210173,0.779133072,0.668669479,0.55722787,0.446017821,0.334600112,0.223019521,0.111459471,-3.8802736e-5,-0.111445906,-0.222733422,-0.334077188,-0.445261912],"unit":"mW"},"resistance":{"value":[-514.525579,-1014.448,-7986.314,1283.052,650.575948,493.718646,430.500318,393.921216,365.339171,340.165482,316.458091,293.125409,270.244446,247.416087,224.90148,202.29392,179.743891,157.239238,134.601837,112.163629,89.684937,67.241579,44.830489,22.417657,-0.007806633,-22.410124,-44.88379,-67.321062,-89.820933],"unit":"ohms"},"conductance":{"value":[-0.001943538,-0.000985757602,-0.000125214202,0.000779391415,0.0015371,0.002025445,0.002322879,0.002538579,0.002737183,0.002939746,0.003159976,0.003411509,0.003700354,0.004041774,0.004446391,0.004943302,0.005563471,0.006359736,0.007429319,0.008915546,0.011150144,0.014871751,0.022306248,0.044607695,-128.0962,-0.044622689,-0.022279758,-0.014854192,-0.011133262],"unit":"S"},"timestamps":{"value":[0.02,0.054,0.08800001,0.122,0.156,0.191,0.225,0.259,0.293,0.327,0.361,0.396,0.43,0.464,0.498,0.532,0.567,0.601,0.6350001,0.669,0.703,0.738,0.772,0.8060001,0.84,0.8750001,0.909,0.943,0.9770001],"unit":"s"},"sweep_direction":{"unit":"","value":"Reverse"},"p_max":{"unit":"mW","value":1.882},"v_p_max":{"unit":"V","value":0.9},"i_p_max":{"unit":"mA","value":2.091},"isc":{"unit":"mA","value":2.229},"voc":{"unit":"V","value":1.093},"jsc":{"unit":"mA\/cm2","value":23.718},"fill_factor":{"unit":"%","value":77.228},"efficiency":{"unit":"%","value":20.017},"r_s":{"unit":"ohms","value":56.429},"r_sh":{"unit":"ohms","value":6869.664},"temperature":{"unit":"oC","value":25.409},"cell_dimension":{"value":0.09399999919391663,"unit":"cm2"},"key":"Reverse_[G2#C2]_Group-2_Dynamic"},{"V":{"value":[1.2,1.15,1.1,1.05,1,0.95,0.9,0.85,0.8,0.75,0.7,0.65,0.6,0.55,0.5,0.45,0.4,0.35,0.3,0.25,0.2,0.15,0.1,0.05,0,-0.05,-0.1,-0.15,-0.2],"unit":"V"},"J":{"value":[-0.044797319,-0.026921914999999998,-0.00626471,0.008761467,0.017038149,0.020322489000000003,0.021440213,0.021815713,0.021980894,0.022061287,0.022078266,0.022136766000000002,0.022158755,0.022174989,0.022200415,0.02219633,0.022215096,0.022220223,0.022255552999999997,0.022262181000000002,0.022282106,0.022314074000000003,0.022320213,0.0223305,0.022319638000000003,0.022330277,0.022327489,0.022337255,0.022336479],"unit":"A\/cm2"},"power_density":{"value":[-53.756649,-30.960606,-6.891243,9.19961,17.038353,19.306473,19.296352,18.543406,17.584882,16.546076,15.454819,14.388836,13.295187,12.19608,11.09997,9.988746,8.886305,7.777398,6.676804,5.565534,4.456466,3.347002,2.231796,1.116247,-0.000399106157,-1.11597,-2.232443,-3.349898,-4.466983],"unit":"mW\/cm2"},"I":{"value":[-0.004210948,-0.00253066,-0.0005888827,0.0008235779,0.001601586,0.001910314,0.0020153799999999998,0.002050677,0.002066204,0.0020737610000000004,0.002075357,0.002080856,0.002082923,0.0020844490000000004,0.002086839,0.002086455,0.002088219,0.002088701,0.0020920220000000002,0.002092645,0.002094518,0.002097523,0.0020981,0.0020990669999999996,0.002098046,0.002099046,0.0020987840000000002,0.002099702,0.002099629],"unit":"A"},"power":{"value":[-5.053125,-2.910297,-0.647776859,0.864763384,1.601605,1.814808,1.813857,1.74308,1.652979,1.555331,1.452753,1.352551,1.249748,1.146432,1.043397,0.938942098,0.835312659,0.731075427,0.627619571,0.523160204,0.418907789,0.314618172,0.209788788,0.104927217,-3.7515979e-5,-0.104901146,-0.209849668,-0.314890419,-0.419896405],"unit":"mW"},"resistance":{"value":[-284.970748,-454.432836,-1867.961,1274.935,624.388575,497.303218,446.56963,414.498383,387.187132,361.664145,337.29209,312.370102,288.055295,263.855148,239.591698,215.685409,191.556537,167.575158,143.404897,119.465796,95.488318,71.510587,47.657352,23.814176,-0.008522878,-23.808735,-47.640114,-71.423993,-95.248256],"unit":"ohms"},"conductance":{"value":[-0.003509132,-0.002200545,-0.000535343042,0.000784353929,0.001601567,0.002010846,0.002239292,0.002412555,0.00258273,0.002764996,0.002964789,0.003201331,0.003471556,0.003789958,0.004173767,0.004636382,0.005220391,0.005967472,0.006973263,0.008370597,0.010472485,0.013983943,0.020983121,0.041991796,-117.331259,-0.042001391,-0.020990714,-0.014000898,-0.01049888],"unit":"S"},"timestamps":{"value":[0.019,0.053,0.08800001,0.122,0.156,0.19,0.224,0.259,0.293,0.327,0.361,0.395,0.43,0.464,0.498,0.532,0.566,0.601,0.6350001,0.669,0.703,0.737,0.772,0.8060001,0.84,0.8750001,0.909,0.943,0.9770001],"unit":"s"},"sweep_direction":{"unit":"","value":"Reverse"},"p_max":{"unit":"mW","value":1.815},"v_p_max":{"unit":"V","value":0.95},"i_p_max":{"unit":"mA","value":1.91},"isc":{"unit":"mA","value":2.098},"voc":{"unit":"V","value":1.079},"jsc":{"unit":"mA\/cm2","value":22.32},"fill_factor":{"unit":"%","value":80.155},"efficiency":{"unit":"%","value":19.306},"r_s":{"unit":"ohms","value":32.684},"r_sh":{"unit":"ohms","value":5802.827},"temperature":{"unit":"oC","value":25.45},"cell_dimension":{"value":0.09400000031251869,"unit":"cm2"},"key":"Reverse_[G2#C1]_Group-2_Dynamic"}]}}