{"_id":"656708ab7964ad10715fd356","id":"CNU_HEMD-SC-00127","author":112,"group":9,"input":[{"tco":{"unit":null,"value":"ITO"}},{"etl":[{"material":{"unit":null,"value":"SnO2"},"concentration":{"unit":null,"value":"15"},"conc_unit":{"unit":null,"value":"wt%"},"quantity":{"unit":"ml","value":"0.01"}}],"solvent":[{"material":{"unit":null,"value":"DI-Water"},"volume":{"unit":"ml","value":"0.05"}}],"spin_coating":[{"type":{"unit":null,"value":"drop&run"},"rpm":{"unit":null,"value":"3000"},"time":{"unit":"s","value":"30"}}],"annealing":[{"temperature":{"unit":"oC","value":"105"},"time":{"unit":"m","value":"30"}}]},{"perovskite":{"method":{"unit":null,"value":"1step"},"molarity":{"unit":"M","value":"1.27M"},"a_site":[{"material":{"unit":null,"value":"FA"},"ratio":{"unit":"%","value":"95"}},{"material":{"unit":null,"value":"MA"},"ratio":{"unit":"%","value":"5"}}],"b_site":[{"material":{"unit":null,"value":"Pb"},"ratio":{"unit":"%","value":"110"}}],"x_site":[{"material":{"unit":null,"value":"I"},"ratio":{"unit":"%","value":"95"}},{"material":{"unit":null,"value":"Br"},"ratio":{"unit":"%","value":"5"}}],"solvent":[{"material":{"unit":null,"value":"DMF"},"volume":{"unit":"ml","value":"0.8"}},{"material":{"unit":null,"value":"DMSO"},"volume":{"unit":"ml","value":"0.1"}}],"additive":[{"material":{"unit":null,"value":"MACl"},"solvent":{"unit":null,"value":"DMF+DMSO"},"concentration":{"unit":null,"value":"0.167"},"conc_unit":{"unit":null,"value":"M"},"quantity":{"unit":"mol%","value":"44"}}],"antisolvent":[{"material":{"unit":null,"value":"DEE"},"quantity":{"unit":"ul","value":"1000"},"dripping_time":{"unit":"s","value":"12"}}],"spin_coating":[{"type":{"unit":null,"value":"drop&run"},"rpm":{"unit":null,"value":"5000"},"time":{"unit":"s","value":"14"}}],"annealing":[{"temperature":{"unit":"oC","value":"105"},"time":{"unit":"m","value":"60"}}],"atmosphere":[{"type":{"unit":null,"value":"air"},"temperature":{"unit":"oC","value":"29"},"humidity":{"unit":"RH%","value":"34"}}]}},{"htl":[{"material":{"unit":null,"value":"Spiro-OMeTAD_Merck"},"concentration":{"unit":null,"value":"0.091"},"conc_unit":{"unit":null,"value":"mg\/ml"},"quantity":{"unit":"ml","value":"0.08"}}],"solvent":[{"material":{"unit":null,"value":"CB"},"volume":{"unit":"ml","value":"1"}}],"htl_doping":[{"material":{"unit":null,"value":"tBP"},"volume":{"unit":"ul","value":"0.0354"}},{"material":{"unit":null,"value":"Li-TFSI"},"volume":{"unit":"ul","value":"0.0209"}},{"material":{"unit":null,"value":"Co-TFSI"},"volume":{"unit":"ul","value":"0.00909"}}],"spin_coating":[{"type":{"unit":null,"value":"dynamic"},"rpm":{"unit":null,"value":"5000"},"time":{"unit":"s","value":"30"}}]},{"anode_metal":{"unit":null,"value":"Au"}},{"type":{"unit":null,"value":"unit_cell"},"device_type":{"unit":null,"value":"n-i-p"},"cell_dimension":{"unit":"cm2","value":"0.0937"}}],"fileinfo":[{"key":"Reverse_[G6#C3]_Group-6_Dynamic","uploadType":"JV","original_name":"[G6#C3]_Group-6_Dynamic-IV_[231117_095829].csv","save_name":"CNU_HEMD-SC-00127\/Reverse_[G6#C3]_Group-6_Dynamic","uploader":112,"fileType":""},{"key":"Reverse_[G4#C2]_Group-4_Dynamic","uploadType":"JV","original_name":"[G4#C2]_Group-4_Dynamic-IV_[231117_095929].csv","save_name":"CNU_HEMD-SC-00127\/Reverse_[G4#C2]_Group-4_Dynamic","uploader":112,"fileType":""},{"key":"Reverse_[G4#C3]_Group-4_Dynamic","uploadType":"JV","original_name":"[G4#C3]_Group-4_Dynamic-IV_[231117_095829].csv","save_name":"CNU_HEMD-SC-00127\/Reverse_[G4#C3]_Group-4_Dynamic","uploader":112,"fileType":""},{"key":"Reverse_[G4#C4]_Group-4_Dynamic","uploadType":"JV","original_name":"[G4#C4]_Group-4_Dynamic-IV_[231117_095829].csv","save_name":"CNU_HEMD-SC-00127\/Reverse_[G4#C4]_Group-4_Dynamic","uploader":112,"fileType":""},{"key":"Reverse_[G5#C2]_Group-5_Dynamic","uploadType":"JV","original_name":"[G5#C2]_Group-5_Dynamic-IV_[231117_095929].csv","save_name":"CNU_HEMD-SC-00127\/Reverse_[G5#C2]_Group-5_Dynamic","uploader":112,"fileType":""},{"key":"Reverse_[G5#C3]_Group-5_Dynamic","uploadType":"JV","original_name":"[G5#C3]_Group-5_Dynamic-IV_[231117_095929].csv","save_name":"CNU_HEMD-SC-00127\/Reverse_[G5#C3]_Group-5_Dynamic","uploader":112,"fileType":""},{"key":"Reverse_[G6#C1]_Group-6_Dynamic","uploadType":"JV","original_name":"[G6#C1]_Group-6_Dynamic-IV_[231117_095829].csv","save_name":"CNU_HEMD-SC-00127\/Reverse_[G6#C1]_Group-6_Dynamic","uploader":112,"fileType":""}],"jvcnt":7,"updated_at":"2024-08-30 12:09:09","created_at":"2023-11-29 09:47:23","analysisInfo":{"JV":[{"efficiency":19.642,"fill_factor":78.386,"jsc":23.719,"voc":1.056,"key":"Reverse_[G6#C3]_Group-6_Dynamic","cell_dimension":0.09370000043274308},{"efficiency":11.523,"fill_factor":73.807,"jsc":23.485,"voc":0.665,"key":"Reverse_[G6#C1]_Group-6_Dynamic","cell_dimension":0.09370000002536326},{"efficiency":20.621,"fill_factor":81.105,"jsc":23.832,"voc":1.067,"key":"Reverse_[G5#C3]_Group-5_Dynamic","cell_dimension":0.09369999972308024},{"efficiency":19.567,"fill_factor":77.292,"jsc":23.475,"voc":1.078,"key":"Reverse_[G5#C2]_Group-5_Dynamic","cell_dimension":0.09369999939303794},{"efficiency":17.828,"fill_factor":74.924,"jsc":22.964,"voc":1.036,"key":"Reverse_[G4#C4]_Group-4_Dynamic","cell_dimension":0.09369999957304666},{"efficiency":19.397,"fill_factor":77.503,"jsc":23.236,"voc":1.077,"key":"Reverse_[G4#C3]_Group-4_Dynamic","cell_dimension":0.09370000057761067},{"efficiency":20.336,"fill_factor":79.772,"jsc":23.054,"voc":1.106,"key":"Reverse_[G4#C2]_Group-4_Dynamic","cell_dimension":0.0936999992583158}]},"public":2,"tags":[],"analysis":{"JV":[{"V":{"value":[1.2,1.15,1.1,1.05,1,0.95,0.9,0.85,0.8,0.75,0.7,0.65,0.6,0.55,0.5,0.45,0.4,0.35,0.3,0.25,0.2,0.15,0.1,0.05,0,-0.05,-0.1,-0.15,-0.2],"unit":"V"},"J":{"value":[-0.042981622000000004,-0.049955144,-0.018405453999999998,0.002742203,0.014469455999999999,0.019788111,0.02182539,0.022629413,0.023013127,0.02318127,0.02329587,0.023371067,0.023407428,0.023450982,0.023490363,0.023509947,0.02355191,0.023593629,0.023609829000000002,0.02363715,0.023630566000000002,0.02364921,0.023674045,0.023682946,0.023718527000000003,0.023768858,0.023757972,0.023784824,0.023805603],"unit":"A\/cm2"},"power_density":{"value":[-51.576055,-57.449665,-20.24633,2.879346,14.469644,18.798872,19.642342,19.235107,18.410732,17.38614,16.307109,15.191201,14.044443,12.897916,11.745008,10.579949,9.42112,8.258138,7.083149,5.909373,4.726227,3.547332,2.367222,1.183926,-0.000361916026,-1.187864,-2.375467,-3.566972,-4.760759],"unit":"mW\/cm2"},"I":{"value":[-0.004027378,-0.004680797,-0.001724591,0.0002569444,0.001355788,0.001854146,0.0020450390000000002,0.0021203759999999998,0.00215633,0.0021720850000000002,0.002182823,0.0021898689999999997,0.002193276,0.0021973569999999996,0.002201047,0.0022028819999999998,0.002206814,0.0022107230000000004,0.002212241,0.002214801,0.002214184,0.002215931,0.002218258,0.0022190919999999998,0.002222426,0.002227142,0.002226122,0.0022286380000000002,0.002230585],"unit":"A"},"power":{"value":[-4.832676,-5.383034,-1.897081,0.269794703,1.355806,1.761454,1.840487,1.80233,1.725086,1.629081,1.527976,1.423416,1.315964,1.208535,1.100507,0.991341178,0.882758923,0.773787537,0.663691104,0.553708223,0.442847428,0.332384997,0.221808675,0.110933851,-3.3911532e-5,-0.111302825,-0.222581212,-0.334225275,-0.446083095],"unit":"mW"},"resistance":{"value":[-297.949683,-245.689997,-637.842828,4086.534,737.58803,512.369792,440.078013,400.874515,371.005366,345.294084,320.685644,296.821545,273.563108,250.29829,227.161256,204.286975,181.263623,158.326303,135.612937,112.878584,90.328898,67.690691,45.076939,22.527525,-0.006865826,-22.439355,-44.914915,-67.291503,-89.655763],"unit":"ohms"},"conductance":{"value":[-0.003356271,-0.00407017,-0.001567784,0.000244706156,0.00135577,0.001951715,0.002272324,0.002494546,0.002695379,0.002896082,0.003118319,0.003369028,0.003655464,0.003995233,0.004402159,0.004895075,0.005516827,0.00631607,0.007373928,0.008859076,0.011070654,0.01477308,0.022184293,0.044390141,-145.648901,-0.044564561,-0.022264319,-0.014860717,-0.011153773],"unit":"S"},"timestamps":{"value":[0.019,0.053,0.087,0.121,0.156,0.19,0.224,0.258,0.292,0.326,0.361,0.395,0.429,0.463,0.497,0.532,0.566,0.6,0.634,0.668,0.703,0.737,0.771,0.8050001,0.839,0.874,0.9080001,0.942,0.9760001],"unit":"s"},"sweep_direction":{"unit":"","value":"Reverse"},"p_max":{"unit":"mW","value":1.84},"v_p_max":{"unit":"V","value":0.9},"i_p_max":{"unit":"mA","value":2.045},"isc":{"unit":"mA","value":2.222},"voc":{"unit":"V","value":1.056},"jsc":{"unit":"mA\/cm2","value":23.719},"fill_factor":{"unit":"%","value":78.386},"efficiency":{"unit":"%","value":19.642},"r_s":{"unit":"ohms","value":32.258},"r_sh":{"unit":"ohms","value":6381.332},"temperature":{"unit":"oC","value":100},"cell_dimension":{"value":0.09370000043274308,"unit":"cm2"},"key":"Reverse_[G6#C3]_Group-6_Dynamic"},{"V":{"value":[0.794,0.797,0.792,0.76,0.851,0.877,0.864,0.85,0.8,0.75,0.7,0.65,0.6,0.55,0.5,0.45,0.4,0.35,0.3,0.25,0.2,0.15,0.1,0.05,0,-0.05,-0.1,-0.15,-0.2],"unit":"V"},"J":{"value":[-0.094625048,-0.106712689,-0.106556894,-0.106715069,-0.10666314800000001,-0.102354568,-0.100051355,-0.056067182,-0.077463212,-0.054742327,0.014804152000000001,0.009458342,0.011834739,0.020431644,0.023045987,0.023299188999999998,0.023342487,0.023353479,0.023391526,0.023421878,0.023421953,0.023434835,0.023441654,0.023456329,0.023485292999999997,0.023511354999999998,0.023494717000000002,0.023519605,0.02822873],"unit":"A\/cm2"},"power_density":{"value":[-75.161026,-85.00306,-84.376576,-81.058088,-90.746596,-89.808303,-86.478399,-47.649816,-61.976496,-41.07931,10.361893,6.147584,7.100903,11.237236,11.522795,10.485108,9.337335,8.174094,7.017636,5.855554,4.684487,3.515171,2.343968,1.172586,-0.000347158434,-1.174984,-2.349128,-3.527019,-5.645263],"unit":"mW\/cm2"},"I":{"value":[-0.008866367,-0.009998979,-0.009984381,-0.009999202,-0.009994336999999999,-0.009590623000000001,-0.009374812,-0.005253495,-0.007258303,-0.005129356,0.001387149,0.0008862466,0.001108915,0.0019144449999999999,0.002159409,0.0021831339999999998,0.002187191,0.002188221,0.002191786,0.00219463,0.002194637,0.002195844,0.0021964830000000004,0.002197858,0.002200572,0.002203014,0.002201455,0.002203787,0.002645032],"unit":"A"},"power":{"value":[-7.042588,-7.964787,-7.906085,-7.595143,-8.502956,-8.415038,-8.103026,-4.464788,-5.807198,-3.849131,0.970909419,0.576028651,0.665354655,1.052929,1.079686,0.982454618,0.874908333,0.76591258,0.657552458,0.548665401,0.438936398,0.32937155,0.219629762,0.109871317,-3.2528745e-5,-0.110095977,-0.220113271,-0.330481662,-0.52896117],"unit":"mW"},"resistance":{"value":[-89.586152,-79.664134,-79.308402,-75.963552,-85.125947,-91.487644,-92.198126,-161.772306,-110.22914,-146.297547,504.582853,733.389894,541.074023,287.285245,231.540852,206.134988,182.889652,159.954639,136.878144,113.916059,91.133112,68.309816,45.523485,22.744954,-0.006717322,-22.684904,-45.417853,-68.046867,-75.606987],"unit":"ohms"},"conductance":{"value":[-0.01116244,-0.0125527,-0.012609005,-0.013164208,-0.0117473,-0.010930438,-0.010846207,-0.006181528,-0.009072011,-0.006835385,0.001981835,0.001363531,0.001848176,0.003480861,0.004318892,0.00485119,0.005467778,0.006251772,0.007305768,0.008778394,0.01097296,0.014639184,0.021966684,0.043965795,-148.868857,-0.04408218,-0.022017773,-0.014695754,-0.013226291],"unit":"S"},"timestamps":{"value":[0.019,0.053,0.08800001,0.122,0.156,0.19,0.224,0.258,0.293,0.327,0.361,0.395,0.429,0.464,0.498,0.532,0.566,0.6,0.6350001,0.669,0.703,0.737,0.771,0.8060001,0.84,0.874,0.9080001,0.943,0.9770001],"unit":"s"},"sweep_direction":{"unit":"","value":"Reverse"},"p_max":{"unit":"mW","value":1.08},"v_p_max":{"unit":"V","value":0.5},"i_p_max":{"unit":"mA","value":2.159},"isc":{"unit":"mA","value":2.201},"voc":{"unit":"V","value":0.665},"jsc":{"unit":"mA\/cm2","value":23.485},"fill_factor":{"unit":"%","value":73.807},"efficiency":{"unit":"%","value":11.523},"r_s":{"unit":"ohms","value":17.545},"r_sh":{"unit":"ohms","value":957.374},"temperature":{"unit":"oC","value":100},"cell_dimension":{"value":0.09370000002536326,"unit":"cm2"},"key":"Reverse_[G6#C1]_Group-6_Dynamic"},{"V":{"value":[1.2,1.15,1.1,1.05,1,0.95,0.9,0.85,0.8,0.75,0.7,0.65,0.6,0.55,0.5,0.45,0.4,0.35,0.3,0.25,0.2,0.15,0.1,0.05,0,-0.05,-0.1,-0.15,-0.2,-0.2,-0.15,-0.1,-0.05,0,0.05,0.1,0.15,0.2,0.25,0.3,0.35,0.4,0.45,0.5,0.55,0.6,0.65,0.7,0.75,0.8,0.85,0.9,0.95,1,1.05,1.012,1.15,1.2],"unit":"V"},"J":{"value":[-0.047667236,-0.018969584,-0.015581772,0.007895309,0.01902667,0.021706041,0.022734269,0.023201505,0.023435196999999998,0.021585293,0.023621377,0.023683703,0.023718922,0.023746499,0.023721355,0.023734909,0.023750139,0.023766499,0.023776596,0.023789552000000002,0.023788741000000002,0.023804088,0.023816669999999998,0.023806553,0.02383238,0.023863074,0.023842593000000002,0.023839691,0.024841142,0.025003757,0.025458047,0.024795027,0.024139957,0.023496329,0.023646788000000002,0.023613906,0.023525987,0.023443682,0.023353351,0.023245571000000003,0.023126521,0.023018537999999998,0.022868826,0.02272063,0.022551462,0.022359114000000003,0.022136916,0.021855582,0.021408805,0.02083175,0.019490224,0.018740075000000002,0.016911451,-0.011450598,-0.003056269,-0.03640794000000001,-0.024488079,-0.038952891999999996],"unit":"A\/cm2"},"power_density":{"value":[-57.201207,-21.814225,-17.140136,8.290146,19.02688,20.620895,20.461044,19.721372,18.748357,16.1891,16.535011,15.394369,14.231301,13.060404,11.860452,10.68117,9.500381,8.318591,7.133147,5.947445,4.757817,3.57053,2.381472,1.190077,-0.000392063622,-1.192595,-2.383962,-3.575222,-4.967868,-5.000491,-3.817946,-2.479175,-1.206439,-0.000380933289,1.182068,2.361174,3.528804,4.688804,5.838387,6.973836,8.094634,9.207735,10.291415,11.360119,12.403153,13.415439,14.388993,15.298992,16.056788,16.665623,16.566813,16.866315,16.062065,-11.453334,-3.209018,-36.838464,-28.162123,-46.742731],"unit":"mW\/cm2"},"I":{"value":[-0.0044664200000000005,-0.00177745,-0.0014600120000000001,0.0007397905,0.001782799,0.002033856,0.002130201,0.0021739809999999997,0.002195878,0.002022542,0.002213323,0.002219163,0.002222463,0.002225047,0.002222691,0.002223961,0.002225388,0.0022269209999999998,0.0022278669999999997,0.002229081,0.002229005,0.0022304430000000004,0.0022316220000000004,0.002230674,0.0022330939999999997,0.00223597,0.002234051,0.002233779,0.0023276150000000003,0.0023428520000000003,0.002385419,0.002323294,0.002261914,0.002201606,0.002215704,0.002212623,0.0022043849999999997,0.002196673,0.002188209,0.00217811,0.0021669550000000004,0.002156837,0.0021428090000000003,0.002128923,0.0021130719999999997,0.002095049,0.002074229,0.002047868,0.002006005,0.001951935,0.001826234,0.001755945,0.001584603,-0.0010729210000000001,-0.00028637240000000004,-0.0034114239999999997,-0.002294533,-0.0036498859999999998],"unit":"A"},"power":{"value":[-5.359753,-2.043993,-1.606031,0.776786683,1.782819,1.932178,1.9172,1.847893,1.756721,1.516919,1.549331,1.442452,1.333473,1.22376,1.111324,1.000826,0.890185688,0.779451968,0.668375918,0.5572756,0.445807464,0.334558643,0.223143901,0.111510189,-3.6736361e-5,-0.111746156,-0.223377197,-0.334998273,-0.46548925,-0.468546034,-0.357741526,-0.232298709,-0.113043291,-3.5693449e-5,0.110759742,0.221242032,0.330648932,0.43934097,0.547056845,0.653448465,0.758467188,0.86276478,0.96430562,1.064443,1.162175,1.257027,1.348249,1.433516,1.504521,1.561569,1.55231,1.580374,1.505016,-1.073177,-0.300685006,-3.451764,-2.638791,-4.379794],"unit":"mW"},"resistance":{"value":[-268.674016,-646.97066,-753.426684,1419.333,560.921899,467.096589,422.49952,390.989618,364.322836,370.823449,316.26744,292.902504,269.969759,247.182554,224.948272,202.350401,179.750093,157.173649,134.661136,112.154919,89.727434,67.249645,44.806782,22.410025,-0.007366855,-22.35119,-44.756145,-67.137035,-85.918633,-85.361602,-62.8695,-43.03665,-22.094929,-0.007363924,22.561005,45.191088,68.044375,91.048099,114.249644,137.73735,161.523982,185.463204,210.013772,234.856498,260.281382,286.388863,313.369401,341.820811,373.88172,409.855195,465.442161,512.552045,599.376942,-932.257827,-3666.481,-296.599016,-501.206128,-328.772186],"unit":"ohms"},"conductance":{"value":[-0.003721983,-0.001545665,-0.001327269,0.000704556342,0.001782779,0.002140885,0.002366867,0.002557613,0.002744818,0.002696701,0.003161881,0.003414105,0.003704119,0.004045593,0.004445466,0.004941923,0.005563279,0.00636239,0.007426048,0.008916238,0.011144863,0.014869967,0.02231805,0.044622887,-135.743133,-0.044740347,-0.022343301,-0.014894908,-0.011638919,-0.011714869,-0.015905964,-0.023236009,-0.045259253,-135.797158,0.044324266,0.022128257,0.014696292,0.010983206,0.008752762,0.007260195,0.006191031,0.005391905,0.004761593,0.004257919,0.003841996,0.003491756,0.003191122,0.002925509,0.002674643,0.002439886,0.002148495,0.001951021,0.001668399,-0.001072665,-0.000272741074,-0.003371555,-0.001995187,-0.00304162],"unit":"S"},"timestamps":{"value":[0.019,0.053,0.087,0.121,0.156,0.19,0.224,0.258,0.292,0.327,0.361,0.395,0.429,0.463,0.498,0.532,0.566,0.6,0.634,0.668,0.703,0.737,0.771,0.8050001,0.839,0.874,0.9080001,0.942,0.9760001,0.019,0.053,0.087,0.121,0.156,0.19,0.224,0.258,0.293,0.327,0.361,0.395,0.429,0.464,0.498,0.532,0.566,0.6,0.6350001,0.669,0.703,0.737,0.771,0.8060001,0.84,0.874,0.9080001,0.942,0.9770001],"unit":"s"},"sweep_direction":{"unit":"","value":"Reverse"},"p_max":{"unit":"mW","value":1.932},"v_p_max":{"unit":"V","value":0.95},"i_p_max":{"unit":"mA","value":2.034},"isc":{"unit":"mA","value":2.233},"voc":{"unit":"V","value":1.067},"jsc":{"unit":"mA\/cm2","value":23.832},"fill_factor":{"unit":"%","value":81.105},"efficiency":{"unit":"%","value":20.621},"r_s":{"unit":"ohms","value":31.816},"r_sh":{"unit":"ohms","value":3844.417},"temperature":{"unit":"oC","value":100},"cell_dimension":{"value":0.09369999972308024,"unit":"cm2"},"key":"Reverse_[G5#C3]_Group-5_Dynamic"},{"V":{"value":[1.2,1.15,1.1,1.05,1,0.949,0.9,0.85,0.8,0.75,0.7,0.65,0.6,0.55,0.5,0.45,0.4,0.35,0.3,0.25,0.2,0.15,0.1,0.05,0,-0.05,-0.1,-0.15,-0.2,-0.2,-0.15,-0.1,-0.05,0,0.05,0.1,0.15,0.2,0.25,0.3,0.35,0.4,0.45,0.5,0.55,0.6,0.65,0.7,0.75,0.8,0.85,0.897,0.698,0.736,0.618,0.672,0.874,1.006],"unit":"V"},"J":{"value":[-0.047449424000000004,-0.024104322,-0.006885187,0.009059155000000001,0.016995816,0.016126467000000002,0.021743693,0.021540512,0.023218954,0.023343693,0.023431601,0.02348301,0.023520502000000002,0.023565656,0.023588025999999998,0.022918901000000002,0.023597428,0.01904333,0.01601936,0.018413703,0.018960181,0.020125059,0.021285678000000002,0.02239603,0.023475368,0.0238554,0.024163938000000003,0.024364632,0.02475841,0.029159604999999998,0.032306553,0.028736499,0.025184749,0.021619924999999998,0.017945422,0.013254482,0.008482271000000001,0.0038230749999999996,0.008468336,0.009064621,0.021467535000000003,0.023094098,0.022979968,0.021003159,0.021659006999999997,0.022679936,0.021673991,0.022175133,0.021775112,0.021204034,-0.05240191,-0.031390598,-0.106137257,-0.106724653,-0.106529701,-0.106725827,-0.1065181,-0.051547268],"unit":"A\/cm2"},"power_density":{"value":[-56.939688,-27.72161,-7.573692,9.511487,16.991188,15.307061,19.566505,18.309418,18.575333,17.507898,16.40216,15.263919,14.112266,12.960946,11.793793,10.313927,9.438922,6.665131,4.805949,4.603435,3.792074,3.01867,2.128322,1.119539,-0.00039738446,-1.192228,-2.416086,-3.653966,-4.950503,-5.830775,-4.844968,-2.873277,-1.258654,-0.000365976042,0.897009254,1.32528,1.27228,0.764616088,2.117084,2.719451,7.513946,9.237939,10.341397,10.501424,11.912298,13.607916,14.088066,15.522658,16.331491,16.963637,-44.547854,-28.143344,-74.128595,-78.54625,-65.783443,-71.713875,-93.121713,-51.833768],"unit":"mW\/cm2"},"I":{"value":[-0.004446011000000001,-0.002258575,-0.000645142,0.0008488428,0.001592508,0.0015110500000000001,0.0020373839999999997,0.0020183460000000003,0.002175616,0.002187304,0.002195541,0.002200358,0.002203871,0.002208102,0.002210198,0.002147501,0.002211079,0.00178436,0.0015010140000000002,0.0017253639999999998,0.001776569,0.001885718,0.001994468,0.002098508,0.002199642,0.0022352509999999997,0.002264161,0.002282966,0.0023198629999999997,0.002732255,0.003027124,0.0026926100000000002,0.0023598110000000003,0.002025787,0.001681486,0.0012419450000000002,0.0007947888,0.0003582221,0.0007934831,0.000849355,0.002011508,0.002163917,0.002153223,0.001967996,0.002029449,0.00212511,0.002030853,0.00207781,0.002040328,0.001986818,-0.0049100590000000005,-0.002941299,-0.009945061000000002,-0.0100001,-0.009981833,-0.010000209999999999,-0.009980746,-0.004829979],"unit":"A"},"power":{"value":[-5.335249,-2.597515,-0.70965491,0.89122637,1.592074,1.434272,1.833382,1.715592,1.740509,1.64049,1.536882,1.430229,1.322319,1.214441,1.105078,0.966414964,0.884426957,0.624522788,0.450317409,0.431341863,0.355317353,0.282849403,0.199423784,0.104900785,-3.7234924e-5,-0.11171181,-0.226387277,-0.342376639,-0.463862175,-0.546343622,-0.453973548,-0.269226077,-0.117935873,-3.4291955e-5,0.084049767,0.12417869,0.119212677,0.071644527,0.198370775,0.25481253,0.704056766,0.865594931,0.968988893,0.983983437,1.116182,1.275062,1.320052,1.454473,1.530261,1.589493,-4.174134,-2.637031,-6.945849,-7.359784,-6.163909,-6.71959,-8.725505,-4.856824],"unit":"mW"},"resistance":{"value":[-269.906665,-509.200713,-1705.048,1236.897,627.769342,628.164985,441.67933,421.136515,367.715305,342.89038,318.828799,295.405748,272.247559,249.079526,226.219868,209.554454,180.9062,196.14775,199.870754,144.897251,112.577671,79.542965,50.132898,23.820862,-0.00769567,-22.358697,-44.160848,-65.690904,-86.191469,-73.185226,-49.541611,-37.13387,-21.178319,-0.00835612,29.726926,80.508614,188.72045,558.313683,315.066572,353.217559,174.00597,184.855981,208.99735,254.061797,271.005973,282.337385,320.061915,336.894567,367.591485,402.663606,-173.138225,-304.815423,-70.228026,-73.596364,-61.863658,-67.193079,-87.59202,-208.190967],"unit":"ohms"},"conductance":{"value":[-0.003704984,-0.001963862,-0.000586493794,0.000808474843,0.001592942,0.001591938,0.002264086,0.002374527,0.002719495,0.002916384,0.00313648,0.003385174,0.003673128,0.004014782,0.004420478,0.004772029,0.005527727,0.005098198,0.005003233,0.006901442,0.008882756,0.012571822,0.019946982,0.041980009,-129.943194,-0.044725325,-0.022644493,-0.015222808,-0.011602076,-0.01366396,-0.020185052,-0.026929593,-0.047218101,-119.672762,0.033639536,0.012421031,0.005298843,0.001791108,0.003173932,0.002831116,0.005746929,0.005409617,0.00478475,0.00393605,0.003689956,0.003541862,0.003124395,0.002968288,0.002720411,0.002483463,-0.005775732,-0.003280674,-0.01423933,-0.013587628,-0.016164579,-0.014882485,-0.011416565,-0.004803282],"unit":"S"},"timestamps":{"value":[0.019,0.053,0.087,0.121,0.155,0.19,0.224,0.258,0.292,0.326,0.361,0.395,0.429,0.463,0.497,0.532,0.566,0.6,0.634,0.668,0.702,0.737,0.771,0.8050001,0.839,0.874,0.9080001,0.942,0.9760001,0.019,0.053,0.087,0.121,0.156,0.19,0.224,0.258,0.292,0.327,0.361,0.395,0.429,0.463,0.498,0.532,0.566,0.6,0.634,0.669,0.703,0.737,0.771,0.8050001,0.84,0.874,0.9080001,0.942,0.9760001],"unit":"s"},"sweep_direction":{"unit":"","value":"Reverse"},"p_max":{"unit":"mW","value":1.833},"v_p_max":{"unit":"V","value":0.9},"i_p_max":{"unit":"mA","value":2.037},"isc":{"unit":"mA","value":2.2},"voc":{"unit":"V","value":1.078},"jsc":{"unit":"mA\/cm2","value":23.475},"fill_factor":{"unit":"%","value":77.292},"efficiency":{"unit":"%","value":19.567},"r_s":{"unit":"ohms","value":37.139},"r_sh":{"unit":"ohms","value":59.061},"temperature":{"unit":"oC","value":100},"cell_dimension":{"value":0.09369999939303794,"unit":"cm2"},"key":"Reverse_[G5#C2]_Group-5_Dynamic"},{"V":{"value":[1.2,1.15,1.1,1.05,1,0.95,0.9,0.85,0.8,0.75,0.7,0.65,0.6,0.55,0.5,0.45,0.4,0.35,0.3,0.25,0.2,0.15,0.1,0.05,0,-0.05,-0.1,-0.15,-0.2],"unit":"V"},"J":{"value":[-0.082913042,-0.05083588,-0.024105368,-0.003745189,0.009801569000000001,0.016909018,0.019808741,0.020900053,0.021316596,0.021566788,0.021727800999999998,0.021841633000000003,0.021954460999999998,0.022044995,0.022114632,0.022213661,0.022304130000000002,0.022388356,0.022486339,0.022574407999999997,0.022659104,0.022751345,0.022815795,0.022874888,0.022963789,0.023037364,0.023087417,0.023145347,0.023193116],"unit":"A\/cm2"},"power_density":{"value":[-99.496562,-58.461873,-26.516074,-3.932475,9.801677,16.063657,17.828049,17.765133,17.053464,16.17525,15.209524,14.197026,13.172663,12.124619,11.057137,9.996587,8.921989,7.836285,6.746093,5.643688,4.531886,3.412654,2.281398,1.143525,-0.000350399629,-1.151318,-2.308404,-3.471047,-4.638266],"unit":"mW\/cm2"},"I":{"value":[-0.007768952,-0.0047633219999999995,-0.002258673,-0.00035092420000000003,0.000918407,0.001584375,0.001856079,0.001958335,0.001997365,0.0020208080000000002,0.002035895,0.002046561,0.002057133,0.0020656159999999997,0.002072141,0.00208142,0.0020898970000000003,0.002097789,0.00210697,0.0021152220000000004,0.002123158,0.002131801,0.0021378400000000002,0.002143377,0.002151707,0.002158601,0.002163291,0.002168719,0.002173195],"unit":"A"},"power":{"value":[-9.322828,-5.477877,-2.484556,-0.368472866,0.918417102,1.505165,1.670488,1.664593,1.59791,1.515621,1.425132,1.330261,1.234279,1.136077,1.036054,0.936680212,0.835990357,0.734259924,0.632108909,0.528813538,0.424637757,0.319765673,0.213766983,0.107148316,-3.2832445e-5,-0.107878481,-0.216297429,-0.32523715,-0.434605533],"unit":"mW"},"resistance":{"value":[-154.462404,-241.430665,-487.014721,-2992.119,1088.854,599.608868,484.89811,434.044328,400.532101,371.142335,343.830551,317.605192,291.667773,266.26159,241.292412,216.208069,191.404218,166.850003,142.388596,118.1927,94.200667,70.362055,46.772462,23.323204,-0.007091481,-23.152083,-46.219099,-69.150222,-92.023311],"unit":"ohms"},"conductance":{"value":[-0.006474067,-0.004141976,-0.002053326,-0.000334211296,0.000918396898,0.001667754,0.002062289,0.002303912,0.002496679,0.002694384,0.002908409,0.003148563,0.003428558,0.003755705,0.004144349,0.004625174,0.005224545,0.005993407,0.007023034,0.008460759,0.010615636,0.014212206,0.021380102,0.042875755,-141.014261,-0.043192657,-0.021636078,-0.01446127,-0.010866812],"unit":"S"},"timestamps":{"value":[0.02,0.054,0.08800001,0.122,0.156,0.19,0.225,0.259,0.293,0.327,0.361,0.396,0.43,0.464,0.498,0.532,0.567,0.601,0.6350001,0.669,0.703,0.738,0.772,0.8060001,0.84,0.8750001,0.909,0.943,0.9770001],"unit":"s"},"sweep_direction":{"unit":"","value":"Reverse"},"p_max":{"unit":"mW","value":1.67},"v_p_max":{"unit":"V","value":0.9},"i_p_max":{"unit":"mA","value":1.856},"isc":{"unit":"mA","value":2.152},"voc":{"unit":"V","value":1.036},"jsc":{"unit":"mA\/cm2","value":22.964},"fill_factor":{"unit":"%","value":74.924},"efficiency":{"unit":"%","value":17.828},"r_s":{"unit":"ohms","value":25.277},"r_sh":{"unit":"ohms","value":4106.036},"temperature":{"unit":"oC","value":100},"cell_dimension":{"value":0.09369999957304666,"unit":"cm2"},"key":"Reverse_[G4#C4]_Group-4_Dynamic"},{"V":{"value":[1.2,1.15,1.1,1.05,1,0.95,0.9,0.85,0.8,0.75,0.7,0.65,0.6,0.55,0.5,0.45,0.4,0.35,0.3,0.25,0.2,0.15,0.1,0.05,0,-0.05,-0.1,-0.15,-0.2],"unit":"V"},"J":{"value":[-0.041031098999999994,-0.021409285,-0.005467489999999999,0.00646634,0.014838901,0.019499349,0.021551644,0.022383586,0.022743905999999998,0.022912028,0.023003885,0.023064397,0.023065155,0.023090224,0.023108666,0.023120374000000003,0.023136457,0.023173649999999997,0.023179915000000002,0.023194600000000003,0.023228036,0.023220768,0.023241440999999998,0.023251718,0.023235539,0.023266382,0.023245912,0.023250203,0.023271793],"unit":"A\/cm2"},"power_density":{"value":[-49.237688,-24.621063,-6.014304,6.789722,14.839079,18.524512,19.396682,19.026126,18.195314,17.184174,16.102786,14.991837,13.83907,12.699473,11.554157,10.404633,9.254904,8.111151,6.954171,5.798722,4.645702,3.483078,2.323937,1.162358,-0.000365625844,-1.162741,-2.324251,-3.486789,-4.653993],"unit":"mW\/cm2"},"I":{"value":[-0.003844614,-0.00200605,-0.0005123037999999999,0.0006058961,0.001390405,0.001827089,0.002019389,0.002097342,0.002131104,0.002146857,0.0021554639999999997,0.0021611340000000003,0.002161205,0.002163554,0.002165282,0.002166379,0.0021678860000000004,0.002171371,0.002171958,0.0021733340000000003,0.002176467,0.002175786,0.002177723,0.002178686,0.00217717,0.00218006,0.0021781419999999997,0.002178544,0.002180567],"unit":"A"},"power":{"value":[-4.613571,-2.306994,-0.563540328,0.636196964,1.390422,1.735747,1.817469,1.782748,1.704901,1.610157,1.508831,1.404735,1.296721,1.189941,1.082625,0.974914094,0.867184534,0.760014809,0.651605862,0.543340237,0.435302324,0.326364419,0.217752875,0.108912905,-3.4259142e-5,-0.108948847,-0.217782312,-0.326712104,-0.436079165],"unit":"mW"},"resistance":{"value":[-312.127303,-573.274844,-2147.187,1732.987,719.223536,519.956444,445.684016,405.276536,375.39618,349.351028,324.757407,300.767606,277.622437,254.208353,230.913294,207.729165,184.517959,161.195899,138.128131,115.032066,91.893927,68.939868,45.915426,22.945105,-0.007227561,-22.923754,-45.903968,-68.838683,-91.712064],"unit":"ohms"},"conductance":{"value":[-0.003203821,-0.001744364,-0.000465725647,0.000577038409,0.001390388,0.001923238,0.002243742,0.002467451,0.002663852,0.00286245,0.003079222,0.003324826,0.003602014,0.003933781,0.00433063,0.004813961,0.005419527,0.006203632,0.007239655,0.008693228,0.010882112,0.014505395,0.021779173,0.04358228,-138.359252,-0.043622872,-0.021784609,-0.014526716,-0.010903691],"unit":"S"},"timestamps":{"value":[0.019,0.053,0.087,0.121,0.156,0.19,0.224,0.258,0.292,0.327,0.361,0.395,0.429,0.463,0.498,0.532,0.566,0.6,0.634,0.669,0.703,0.737,0.771,0.8050001,0.839,0.874,0.9080001,0.942,0.9770001],"unit":"s"},"sweep_direction":{"unit":"","value":"Reverse"},"p_max":{"unit":"mW","value":1.817},"v_p_max":{"unit":"V","value":0.9},"i_p_max":{"unit":"mA","value":2.019},"isc":{"unit":"mA","value":2.177},"voc":{"unit":"V","value":1.077},"jsc":{"unit":"mA\/cm2","value":23.236},"fill_factor":{"unit":"%","value":77.503},"efficiency":{"unit":"%","value":19.397},"r_s":{"unit":"ohms","value":41.964},"r_sh":{"unit":"ohms","value":6568.657},"temperature":{"unit":"oC","value":100},"cell_dimension":{"value":0.09370000057761067,"unit":"cm2"},"key":"Reverse_[G4#C3]_Group-4_Dynamic"},{"V":{"value":[1.2,1.15,1.1,1.05,1,0.95,0.9,0.85,0.8,0.75,0.7,0.65,0.6,0.55,0.5,0.45,0.4,0.35,0.3,0.25,0.2,0.15,0.1,0.05,0,-0.05,-0.1,-0.15,-0.2,-0.2,-0.15,-0.1,-0.05,0,0.05,0.1,0.15,0.2,0.25,0.3,0.35,0.4,0.45,0.5,0.55,0.6,0.65,0.7,0.75,0.8,0.85,0.9,0.95,1,1.05,1.1,1.15,1.2],"unit":"V"},"J":{"value":[-0.042201248999999996,-0.016132892,0.0021075919999999997,0.013594545999999999,0.019224749,0.02140635,0.022253895,0.022577086,0.022727076,0.022828634,0.022881813999999997,0.022893298000000003,0.022939018000000002,0.022942102,0.022946573999999997,0.022962796,0.022978538,0.022978698000000002,0.023005912,0.02299953,0.023011419,0.023016788,0.023008676999999998,0.023027962,0.023054194,0.023050822,0.02305159,0.023054493000000002,0.023047972,0.023358559,0.023110096,0.023076724,0.023052156,0.023026606,0.022979456,0.022970406000000002,0.022925090999999998,0.022916894,0.022876478,0.022835272,0.022782775,0.022739701,0.022668068000000003,0.022607481,0.022491665,0.022364664000000003,0.022180608,0.021927684,0.02160428,0.021140704,0.020461089000000002,0.019405304,0.017606051,0.014095357999999999,0.007463582,-0.00422735,-0.021220459,-0.044278986000000006],"unit":"A\/cm2"},"power_density":{"value":[-50.641963,-18.5531,2.318368,14.274396,19.22498,20.336182,20.028711,19.190602,18.181849,17.121622,16.017316,14.880591,13.763365,12.618003,11.473058,10.333681,9.191718,8.042903,6.901953,5.749942,4.602362,3.452438,2.300657,1.15115,-0.000379261783,-1.152001,-2.304855,-3.457473,-4.609293,-4.671368,-3.465784,-2.307356,-1.152035,-0.000378807935,1.148725,2.296836,3.438699,4.583457,5.719186,6.850744,7.974295,9.096185,10.201064,11.303558,12.370265,13.418776,14.417371,15.349438,16.203359,16.912764,17.392021,17.465012,16.725955,14.095611,7.836888,-4.650182,-24.403995,-53.13527],"unit":"mW\/cm2"},"I":{"value":[-0.003954257,-0.001511652,0.0001974814,0.0012738089999999999,0.001801359,0.002005775,0.00208519,0.002115473,0.002129527,0.002139043,0.0021440260000000003,0.002145102,0.0021493859999999997,0.0021496749999999998,0.002150094,0.002151614,0.002153089,0.002153104,0.0021556540000000003,0.0021550560000000002,0.00215617,0.002156673,0.0021559129999999998,0.0021577199999999997,0.002160178,0.002159862,0.0021599339999999996,0.002160206,0.002159595,0.002188697,0.002165416,0.002162289,0.002159987,0.0021575929999999998,0.0021531750000000002,0.002152327,0.002148081,0.002147313,0.002143526,0.002139665,0.002134746,0.00213071,0.0021239979999999998,0.002118321,0.002107469,0.002095569,0.002078323,0.002054624,0.002024321,0.001980884,0.0019172039999999998,0.0018182769999999999,0.001649687,0.001320735,0.0006993376,-0.0003961027,-0.001988357,-0.004148941],"unit":"A"},"power":{"value":[-4.745152,-1.738425,0.21723112,1.337511,1.801381,1.9055,1.87669,1.798159,1.703639,1.604296,1.500822,1.394311,1.289627,1.182307,1.075025,0.96826589,0.861264021,0.753619988,0.646713014,0.538769603,0.431241331,0.323493402,0.215571552,0.10786274,-3.5536829e-5,-0.107942538,-0.215964867,-0.32396523,-0.431890709,-0.437707226,-0.324743973,-0.216199298,-0.107945696,-3.5494304e-5,0.107635539,0.215213501,0.322206135,0.429469901,0.535887716,0.641914692,0.747191413,0.852312552,0.955839668,1.059143,1.159094,1.257339,1.350908,1.438242,1.518255,1.584726,1.629632,1.636472,1.567222,1.320759,0.734316369,-0.43572208,-2.286654,-4.978775],"unit":"mW"},"resistance":{"value":[-303.473194,-760.768351,5570.185,824.30647,555.143089,473.635876,431.619756,401.803048,375.674176,350.627079,326.489511,303.014822,279.148557,255.849512,232.543321,209.153872,185.785725,162.563258,139.17252,116.007473,92.758641,69.54995,46.379812,23.167612,-0.007615521,-23.138788,-46.291595,-69.423749,-92.603891,-91.371853,-69.256161,-46.240956,-23.136787,-0.007624645,23.216515,46.457197,69.828466,93.141242,116.631615,140.212183,163.960584,187.737139,211.873599,236.032169,260.973376,286.31794,312.751627,340.696254,370.498009,403.864891,443.356419,494.980853,575.873908,757.167789,1501.445,-2777.116,-578.378028,-289.233084],"unit":"ohms"},"conductance":{"value":[-0.003295184,-0.001314461,0.00017952724,0.001213141,0.001801337,0.002111327,0.002316854,0.002488782,0.002661881,0.002852033,0.003062886,0.003300169,0.003582322,0.003908548,0.004300274,0.004781169,0.005382545,0.006151452,0.007185327,0.008620134,0.010780667,0.014378155,0.021561105,0.043163706,-131.310787,-0.043217474,-0.021602194,-0.014404293,-0.010798682,-0.010944289,-0.014439149,-0.021625851,-0.043221212,-131.153653,0.043072786,0.02152519,0.014320807,0.010736382,0.008574005,0.007132048,0.006099027,0.005326597,0.004719795,0.004236711,0.003831808,0.003492621,0.003197425,0.002935166,0.00269907,0.002476076,0.002255522,0.00202028,0.001736491,0.001320711,0.000666025026,-0.000360085835,-0.001728973,-0.003457419],"unit":"S"},"timestamps":{"value":[0.019,0.053,0.087,0.121,0.156,0.19,0.224,0.258,0.292,0.327,0.361,0.395,0.429,0.463,0.498,0.532,0.566,0.6,0.634,0.669,0.703,0.737,0.771,0.8050001,0.839,0.874,0.9080001,0.942,0.9770001,0.019,0.053,0.087,0.121,0.156,0.19,0.224,0.258,0.293,0.327,0.361,0.395,0.429,0.464,0.498,0.532,0.566,0.6,0.6350001,0.669,0.703,0.737,0.771,0.8060001,0.84,0.874,0.9080001,0.942,0.9760001],"unit":"s"},"sweep_direction":{"unit":"","value":"Reverse"},"p_max":{"unit":"mW","value":1.906},"v_p_max":{"unit":"V","value":0.95},"i_p_max":{"unit":"mA","value":2.006},"isc":{"unit":"mA","value":2.16},"voc":{"unit":"V","value":1.106},"jsc":{"unit":"mA\/cm2","value":23.054},"fill_factor":{"unit":"%","value":79.772},"efficiency":{"unit":"%","value":20.336},"r_s":{"unit":"ohms","value":32.693},"r_sh":{"unit":"ohms","value":6954.698},"temperature":{"unit":"oC","value":100},"cell_dimension":{"value":0.0936999992583158,"unit":"cm2"},"key":"Reverse_[G4#C2]_Group-4_Dynamic"}]}}