{"_id":"6567243001ee2463e21d536b","id":"CNU_HEMD-SC-00198","author":112,"group":9,"input":[{"tco":{"unit":null,"value":"ITO"}},{"etl":[{"material":{"unit":null,"value":"SnO2"},"concentration":{"unit":null,"value":"15"},"conc_unit":{"unit":null,"value":"wt%"},"quantity":{"unit":"ml","value":"0.01"}}],"solvent":[{"material":{"unit":null,"value":"DI-Water"},"volume":{"unit":"ml","value":"0.05"}}],"spin_coating":[{"type":{"unit":null,"value":"drop&run"},"rpm":{"unit":null,"value":"3000"},"time":{"unit":"s","value":"30"}}],"annealing":[{"temperature":{"unit":"oC","value":"105"},"time":{"unit":"m","value":"30"}}]},{"perovskite":{"method":{"unit":null,"value":"1step"},"molarity":{"unit":"M","value":"1.27M"},"a_site":[{"material":{"unit":null,"value":"FA"},"ratio":{"unit":"%","value":"95"}},{"material":{"unit":null,"value":"MA"},"ratio":{"unit":"%","value":"5"}}],"b_site":[{"material":{"unit":null,"value":"Pb"},"ratio":{"unit":"%","value":"100"}}],"x_site":[{"material":{"unit":null,"value":"I"},"ratio":{"unit":"%","value":"95"}},{"material":{"unit":null,"value":"Br"},"ratio":{"unit":"%","value":"5"}}],"solvent":[{"material":{"unit":null,"value":"DMF"},"volume":{"unit":"ml","value":"0.88"}},{"material":{"unit":null,"value":"DMSO"},"volume":{"unit":"ml","value":"0.11"}}],"additive":[{"material":{"unit":null,"value":"MACl"},"solvent":{"unit":null,"value":"DMF+DMSO"},"concentration":{"unit":null,"value":"0.167"},"conc_unit":{"unit":null,"value":"M"},"quantity":{"unit":"mol%","value":"44"}}],"antisolvent":[{"material":{"unit":null,"value":"DEE"},"quantity":{"unit":"ul","value":"1000"},"dripping_time":{"unit":"s","value":"12"}}],"spin_coating":[{"type":{"unit":null,"value":"drop&run"},"rpm":{"unit":null,"value":"5000"},"time":{"unit":"s","value":"14"}}],"annealing":[{"temperature":{"unit":"oC","value":"105"},"time":{"unit":"m","value":"60"}}],"atmosphere":[{"type":{"unit":null,"value":"air"},"temperature":{"unit":"oC","value":"25"},"humidity":{"unit":"RH%","value":"24"}}]}},{"htl":[{"material":{"unit":null,"value":"Spiro-OMeTAD_Lumtec"},"concentration":{"unit":null,"value":"0.091"},"conc_unit":{"unit":null,"value":"mg\/ml"},"quantity":{"unit":"ml","value":"0.08"}}],"solvent":[{"material":{"unit":null,"value":"CB"},"volume":{"unit":"ml","value":"1"}}],"htl_doping":[{"material":{"unit":null,"value":"tBP"},"volume":{"unit":"ul","value":"0.0354"}},{"material":{"unit":null,"value":"Li-TFSI"},"volume":{"unit":"ul","value":"0.0209"}},{"material":{"unit":null,"value":"Co-TFSI"},"volume":{"unit":"ul","value":"0.00909"}}],"spin_coating":[{"type":{"unit":null,"value":"dynamic"},"rpm":{"unit":null,"value":"3000"},"time":{"unit":"s","value":"30"}}]},{"anode_metal":{"unit":null,"value":"Ag"}},{"type":{"unit":null,"value":"unit_cell"},"device_type":{"unit":null,"value":"n-i-p"},"cell_dimension":{"unit":"cm2","value":"0.0937"}}],"fileinfo":[{"key":"Forward_[G5#C3]_Group-5_Dynamic","uploadType":"JV","original_name":"[G5#C3]_Group-5_Dynamic-IV_[220714_144225].csv","save_name":"CNU_HEMD-SC-00198\/Forward_[G5#C3]_Group-5_Dynamic","uploader":112,"fileType":""},{"key":"Forward_[G5#C4]_Group-5_Dynamic","uploadType":"JV","original_name":"[G5#C4]_Group-5_Dynamic-IV_[220714_144225].csv","save_name":"CNU_HEMD-SC-00198\/Forward_[G5#C4]_Group-5_Dynamic","uploader":112,"fileType":""},{"key":"Forward_[G6#C3]_Group-6_Dynamic","uploadType":"JV","original_name":"[G6#C3]_Group-6_Dynamic-IV_[220714_144225].csv","save_name":"CNU_HEMD-SC-00198\/Forward_[G6#C3]_Group-6_Dynamic","uploader":112,"fileType":""},{"key":"Forward_[G4#C1]_Group-4_Dynamic","uploadType":"JV","original_name":"[G4#C1]_Group-4_Dynamic-IV_[220714_144341].csv","save_name":"CNU_HEMD-SC-00198\/Forward_[G4#C1]_Group-4_Dynamic","uploader":112,"fileType":""},{"key":"Forward_[G5#C1]_Group-5_Dynamic","uploadType":"JV","original_name":"[G5#C1]_Group-5_Dynamic-IV_[220714_144341].csv","save_name":"CNU_HEMD-SC-00198\/Forward_[G5#C1]_Group-5_Dynamic","uploader":112,"fileType":""}],"jvcnt":5,"updated_at":"2024-08-30 13:02:45","created_at":"2023-11-29 11:44:48","analysisInfo":{"JV":[{"efficiency":4.0596,"fill_factor":30.694,"jsc":21.4062,"voc":2.0122,"key":"Forward_[G6#C3]_Group-6_Dynamic","cell_dimension":0.09400000087713195},{"efficiency":0.295656,"fill_factor":4.6238,"jsc":9.1352,"voc":0.8587131,"key":"Forward_[G5#C4]_Group-5_Dynamic","cell_dimension":0.09400000190965885},{"efficiency":1.7208,"fill_factor":35.8127,"jsc":13.3856,"voc":1.2582,"key":"Forward_[G5#C3]_Group-5_Dynamic","cell_dimension":0.09399999781495169},{"efficiency":1.1475,"fill_factor":12.478,"jsc":15.3286,"voc":1.4409,"key":"Forward_[G4#C1]_Group-4_Dynamic","cell_dimension":0.09400000055916531},{"efficiency":0.4992617,"fill_factor":6.4988,"jsc":10.9843,"voc":1.0325,"key":"Forward_[G5#C1]_Group-5_Dynamic","cell_dimension":0.09399999915298747}]},"public":2,"tags":[],"analysis":{"JV":[{"V":{"value":[-0.2,-0.15,-0.1,-0.05,0,0.05,0.1,0.15,0.2,0.25,0.3,0.35,0.4,0.45,0.5,0.55,0.6,0.65,0.7,0.75,0.8,0.85,0.9,0.801,0.789,0.925,0.864,0.888,0.953,0.861,0.684],"unit":"V"},"J":{"value":[0.027361904,0.025324011,0.023857,0.022589106,0.021405085,0.020252755,0.01906217,0.017737479,0.016330861999999998,0.014878170000000001,0.013444766,0.011598276999999999,0.0094963,0.007162961,0.004653105,0.005649443,0.002224256,-0.003970287,-0.010564448,-0.018171277,-0.005228068000000001,-0.034026021000000004,-0.064793298,-0.096290362,-0.106362809,-0.106384255,-0.106359723,-0.10638262799999999,-0.106382809,-0.106381096,-0.10638393600000001],"unit":"A\/cm2"},"power_density":{"value":[-5.471814,-3.797649,-2.385197,-1.128743,0.000969640295,1.012545,1.906156,2.660648,3.266298,3.719645,4.03358,4.059611,3.798686,3.223476,2.326537,3.107136,1.334317,-2.580444,-7.395653,-13.628583,-4.183005,-28.916517,-58.305986,-77.175608,-83.898249,-98.447075,-91.85064,-94.487401,-101.43337,-91.580794,-72.725452],"unit":"mW\/cm2"},"I":{"value":[0.002572019,0.002380457,0.002242558,0.0021233759999999997,0.0020120779999999996,0.0019037589999999999,0.001791844,0.001667323,0.001535101,0.001398548,0.001263808,0.001090238,0.0008926522,0.0006733183,0.0004373919,0.0005310476,0.0002090801,-0.000373207,-0.0009930581,-0.0017081,-0.0004914384,-0.003198446,-0.00609057,-0.009051294,-0.009998103999999999,-0.010000120000000001,-0.009997814,-0.009999967,-0.009999984,-0.009999823,-0.01000009],"unit":"A"},"power":{"value":[-0.514350559,-0.356979045,-0.224208527,-0.106101871,9.1146188e-5,0.095179231,0.179178684,0.250100951,0.30703202,0.34964665,0.379156555,0.381603469,0.357076501,0.303006769,0.218694507,0.292070816,0.125425751,-0.24256171,-0.695191415,-1.281087,-0.393202468,-2.718153,-5.480763,-7.254507,-7.886435,-9.254025,-8.63396,-8.881816,-9.534737,-8.608595,-6.836193],"unit":"mW"},"resistance":{"value":[-77.751875,-62.997315,-44.582535,-23.532563,0.022513804,26.261423,55.806649,89.965472,130.289603,178.761759,237.386692,321.04779,448.12246,668.361605,1143.132,1035.67,2869.203,-1741.497,-704.944756,-439.088402,-1628.089,-265.702594,-147.749193,-88.549593,-78.894268,-92.53803,-86.377362,-88.818743,-95.347673,-86.088994,-68.360695],"unit":"ohms"},"conductance":{"value":[-0.012861426,-0.015873692,-0.022430308,-0.042494308,44.417194,0.038078668,0.017919012,0.011115376,0.00767521,0.005594038,0.004212536,0.003114801,0.002231533,0.001496196,0.000874789574,0.000965558822,0.000348528813,-0.00057421868,-0.001418551,-0.002277446,-0.000614217154,-0.003763606,-0.006768226,-0.011293107,-0.012675192,-0.010806368,-0.011577107,-0.011258885,-0.010487933,-0.011615887,-0.014628289],"unit":"S"},"timestamps":{"value":[0.019,0.053,0.08800001,0.122,0.156,0.191,0.225,0.259,0.293,0.327,0.362,0.396,0.43,0.464,0.498,0.532,0.567,0.601,0.6350001,0.669,0.703,0.738,0.772,0.8060001,0.84,0.874,0.909,0.943,0.9770001,1.011,1.045],"unit":"s"},"sweep_direction":{"unit":"","value":"Forward"},"p_max":{"unit":"mW","value":0.3816035},"v_p_max":{"unit":"V","value":0.35},"i_p_max":{"unit":"mA","value":1.0902},"isc":{"unit":"mA","value":0.618},"voc":{"unit":"V","value":2.0122},"jsc":{"unit":"mA\/cm2","value":21.4062},"fill_factor":{"unit":"%","value":30.694},"efficiency":{"unit":"%","value":4.0596},"r_s":{"unit":"ohms","value":29.4421},"r_sh":{"unit":"ohms","value":399.5083},"temperature":{"unit":"oC","value":100},"cell_dimension":{"value":0.09400000087713195,"unit":"cm2"},"key":"Forward_[G6#C3]_Group-6_Dynamic"},{"V":{"value":[-0.2,-0.15,-0.1,-0.05,0,0.05,0.1,0.15,0.2,0.25,0.3,0.35,0.4,0.45,0.5,0.55,0.6,0.651,0.7,0.75,0.8,0.85,0.9,0.95,0.985,1.05,1.101,1.15,1.2,1.251,1.301],"unit":"V"},"J":{"value":[0.021993457,0.018498777,0.015424585000000001,0.012301957,0.00913245,0.005914056,0.002590484,-0.000819524255,-0.004391939,-0.008058417,-0.011787734000000001,-0.017050074,-0.022908,-0.027349574,-0.036891404,-0.000356022872,-0.000323030213,-0.004389502,-2.17969149e-7,-5.151996810000001e-7,-5.54830426e-7,-2.57599894e-7,-2.3659553e-5,-0.00011649457400000001,-0.000206278085,-0.026912543,-0.000667877128,-0.032980968,-0.000150695957,-0.000283993936,-9.0813862e-5],"unit":"A\/cm2"},"power_density":{"value":[-4.398252,-2.774112,-1.542148,-0.614721802,0.00040280899,0.29565598,0.259027162,-0.122927901,-0.878408075,-2.014614,-3.536542,-5.967719,-9.163507,-12.307623,-18.444215,-0.195805175,-0.193811699,-2.858781,-0.000152578731,-0.000386402234,-0.000443868169,-0.000218960244,-0.021293763,-0.110683382,-0.203232534,-28.258197,-0.73553642,-37.928377,-0.180838916,-0.355259943,-0.11813494],"unit":"mW\/cm2"},"I":{"value":[0.0020673849999999997,0.001738885,0.001449911,0.001156384,0.0008584503,0.0005559212999999999,0.00024350550000000002,-7.703528e-5,-0.0004128423,-0.0007574912000000001,-0.001108047,-0.001602707,-0.002153352,-0.0025708600000000003,-0.0034677920000000004,-3.346615e-5,-3.036484e-5,-0.0004126132,-2.04891e-8,-4.8428769999999996e-8,-5.215406e-8,-2.421439e-8,-2.223998e-6,-1.095049e-5,-1.939014e-5,-0.002529779,-6.278045e-5,-0.003100211,-1.416542e-5,-2.669543e-5,-8.536503e-6],"unit":"A"},"power":{"value":[-0.413435652,-0.260766498,-0.144961928,-0.057783849,3.7864045e-5,0.027791662,0.024348553,-0.011555223,-0.082570359,-0.189373709,-0.332434931,-0.560965561,-0.861369655,-1.156917,-1.733756,-0.018405686,-0.0182183,-0.268725405,-1.4342401e-5,-3.632181e-5,-4.1723608e-5,-2.0582263e-5,-0.002001614,-0.010404238,-0.019103858,-2.65627,-0.069140423,-3.565267,-0.016998858,-0.033394435,-0.011104684],"unit":"mW"},"resistance":{"value":[-96.730894,-86.240263,-68.955874,-43.211796,0.051380307,89.926542,410.634667,-1947.148,-484.457625,-330.038422,-270.763605,-218.387578,-185.763127,-175.043176,-144.172344,-16433.895,-19759.04,-1578.42,-34164580,-15486761,-15339302,-35103147,-404679.77,-86764.72,-50811.17,-415.056414,-17542.165,-370.945074,-84715.102,-46859.781,-152386.405],"unit":"ohms"},"conductance":{"value":[-0.010337959,-0.011595512,-0.014502028,-0.023141829,19.46271,0.011120187,0.002435255,-0.000513571615,-0.002064164,-0.00302995,-0.003693259,-0.004579015,-0.0053832,-0.005712876,-0.006936143,-6.0849847e-5,-5.0609745e-5,-0.000633545061,-2.927008e-8,-6.457128e-8,-6.5192013e-8,-2.8487474e-8,-2.47109e-6,-1.1525422e-5,-1.9680712e-5,-0.002409311,-5.7005507e-5,-0.002695817,-1.1804271e-5,-2.1340262e-5,-6.562265e-6],"unit":"S"},"timestamps":{"value":[0.019,0.053,0.08800001,0.122,0.156,0.191,0.225,0.259,0.293,0.327,0.361,0.396,0.43,0.464,0.498,0.532,0.567,0.601,0.6350001,0.669,0.703,0.738,0.772,0.8060001,0.84,0.874,0.909,0.943,0.9770001,1.011,1.045],"unit":"s"},"sweep_direction":{"unit":"","value":"Forward"},"p_max":{"unit":"mW","value":0.0277917},"v_p_max":{"unit":"V","value":0.05},"i_p_max":{"unit":"mA","value":0.5559213},"isc":{"unit":"mA","value":0.7},"voc":{"unit":"V","value":0.8587131},"jsc":{"unit":"mA\/cm2","value":9.1352},"fill_factor":{"unit":"%","value":4.6238},"efficiency":{"unit":"%","value":0.295656},"r_s":{"unit":"ohms","value":9.5033},"r_sh":{"unit":"ohms","value":166.5766},"temperature":{"unit":"oC","value":100},"cell_dimension":{"value":0.09400000190965885,"unit":"cm2"},"key":"Forward_[G5#C4]_Group-5_Dynamic"},{"V":{"value":[-0.2,-0.15,-0.1,-0.05,0,0.05,0.1,0.15,0.2,0.25,0.3,0.35,0.4,0.45,0.5,0.55,0.6,0.65,0.7,0.659,0.687,0.759,0.632,0.693,0.576,0.654,0.524,0.491,0.487,0.478,0.473],"unit":"V"},"J":{"value":[0.019221543,0.016541478999999998,0.015306149,0.014319702,0.013384786999999999,0.012450415,0.011404,0.010291015,0.008603479,0.006541689,0.0038375840000000002,0.000609600213,-0.002799298,-0.005887029,-0.008528833999999999,-0.012549926,-0.024770032,-0.014056032,-0.02809983,-0.072371074,-0.10638393600000001,-0.10638259600000001,-0.105349202,-0.106367255,-0.106385106,-0.10638308499999999,-0.10638393600000001,-0.106383617,-0.106383617,-0.106383617,-0.106383617],"unit":"A\/cm2"},"power_density":{"value":[-3.843938,-2.480608,-1.530303,-0.715540623,0.000593559901,0.62244293,1.140345,1.543658,1.720758,1.635454,1.151309,0.213371047,-1.119754,-2.649268,-4.264295,-6.902183,-14.864179,-9.13539,-19.666815,-47.728543,-73.098222,-80.796901,-66.60028,-73.709849,-61.24447,-69.545804,-55.733714,-52.192271,-51.777821,-50.863943,-50.35043],"unit":"mW\/cm2"},"I":{"value":[0.001806825,0.001554899,0.001438778,0.001346052,0.00125817,0.001170339,0.001071976,0.0009673554,0.000808727,0.0006149187999999999,0.00036073290000000004,5.730242e-5,-0.000263134,-0.0005533806999999999,-0.0008017104,-0.001179693,-0.0023283830000000003,-0.0013212669999999999,-0.002641384,-0.006802881,-0.01000009,-0.009999964,-0.009902825,-0.009998522,-0.010000199999999999,-0.01000001,-0.01000009,-0.01000006,-0.01000006,-0.01000006,-0.01000006],"unit":"A"},"power":{"value":[-0.361330128,-0.233177163,-0.143848506,-0.067260819,5.5794631e-5,0.058509635,0.10719239,0.14510389,0.161751223,0.153732652,0.108223044,0.020056878,-0.105256837,-0.249031221,-0.400843736,-0.648805197,-1.397233,-0.858726701,-1.848681,-4.486483,-6.871233,-7.594909,-6.260426,-6.928726,-5.75698,-6.537306,-5.238969,-4.906073,-4.867115,-4.781211,-4.73294],"unit":"mW"},"resistance":{"value":[-110.680724,-96.445428,-69.489275,-37.122607,0.035246318,42.717324,93.281137,155.062555,247.311145,406.56555,831.664647,6108.259,-1520.185,-813.215748,-623.648764,-466.204343,-257.727015,-491.896566,-264.97128,-96.943854,-68.711092,-75.949633,-63.838945,-69.307744,-57.567499,-65.372925,-52.388749,-49.060146,-48.670568,-47.811533,-47.328836],"unit":"ohms"},"conductance":{"value":[-0.009034997,-0.010368558,-0.01439071,-0.026937763,28.371758,0.023409706,0.010720281,0.00644901,0.004043489,0.002459628,0.001202408,0.00016371278,-0.000657814772,-0.001229686,-0.001603467,-0.002144982,-0.003880074,-0.002032948,-0.003773994,-0.010315249,-0.014553691,-0.01316662,-0.015664419,-0.014428402,-0.017370913,-0.015296853,-0.019088068,-0.020383144,-0.020546298,-0.020915456,-0.021128768],"unit":"S"},"timestamps":{"value":[0.019,0.053,0.087,0.122,0.156,0.191,0.225,0.259,0.293,0.327,0.361,0.396,0.43,0.464,0.498,0.532,0.566,0.601,0.6350001,0.669,0.703,0.737,0.772,0.8060001,0.84,0.874,0.9080001,0.943,0.9770001,1.011,1.045],"unit":"s"},"sweep_direction":{"unit":"","value":"Forward"},"p_max":{"unit":"mW","value":0.1617512},"v_p_max":{"unit":"V","value":0.2},"i_p_max":{"unit":"mA","value":0.808727},"isc":{"unit":"mA","value":0.359},"voc":{"unit":"V","value":1.2582},"jsc":{"unit":"mA\/cm2","value":13.3856},"fill_factor":{"unit":"%","value":35.8127},"efficiency":{"unit":"%","value":1.7208},"r_s":{"unit":"ohms","value":18.2489},"r_sh":{"unit":"ohms","value":442.6219},"temperature":{"unit":"oC","value":100},"cell_dimension":{"value":0.09399999781495169,"unit":"cm2"},"key":"Forward_[G5#C3]_Group-5_Dynamic"},{"V":{"value":[-0.2,-0.15,-0.1,-0.05,0,0.05,0.1,0.15,0.2,0.25,0.3,0.35,0.4,0.45,0.5,0.55,0.6,0.65,0.7,0.75,0.8,0.85,0.9,0.95,1,1.05,1.1,1.151,1.2,1.25,1.106],"unit":"V"},"J":{"value":[0.025037319,0.022304106,0.019849553,0.017566447,0.015326574,0.013177564000000001,0.010570294000000001,0.0076503,0.004577332,0.001589134,-0.001727504,-0.005263419,-0.008896072,-0.012617266,-0.016533021000000002,-0.012333245,-1.58522979e-7,-2.391716e-5,-0.001303277,-1.98153723e-7,-2.37784468e-7,-1.98153723e-7,-0.000548826383,-0.001256711,-0.000245631383,-1.961722e-6,-0.016339979,-0.000260492872,-6.9948266e-5,-0.000326577128,-0.029535426],"unit":"A\/cm2"},"power_density":{"value":[-5.006946,-3.344784,-1.984532,-0.87776443,0.000690632458,0.658798994,1.056975,1.147547,0.915500255,0.397291456,-0.51826596,-1.842275,-3.558551,-5.677951,-8.266309,-6.783164,-9.5113359e-5,-0.01554562,-0.912294269,-0.000148616244,-0.000190229263,-0.000168427296,-0.493937378,-1.193882,-0.245635313,-0.002059812,-17.981362,-0.299708511,-0.083939668,-0.408214878,-32.675278],"unit":"mW\/cm2"},"I":{"value":[0.0023535080000000002,0.0020965859999999997,0.001865858,0.001651246,0.001440698,0.0012386909999999999,0.0009936076,0.0007191282,0.0004302692,0.0001493786,-0.00016238540000000003,-0.0004947614000000001,-0.0008362308,-0.001186023,-0.001554104,-0.001159325,-1.490116e-8,-2.248213e-6,-0.00012250800000000001,-1.862645e-8,-2.235174e-8,-1.862645e-8,-5.158968e-5,-0.0001181308,-2.3089350000000003e-5,-1.8440190000000002e-7,-0.001535958,-2.4486330000000002e-5,-6.575137e-6,-3.069825e-5,-0.00277633],"unit":"A"},"power":{"value":[-0.470652882,-0.314409697,-0.186546039,-0.082509856,6.4919451e-5,0.061927105,0.099355693,0.107869446,0.086057024,0.037345397,-0.048717,-0.173173862,-0.334503776,-0.533727429,-0.77703304,-0.637617389,-8.940656e-6,-0.001461288,-0.085755661,-1.3969927e-5,-1.7881551e-5,-1.5832166e-5,-0.046430114,-0.11222491,-0.023089719,-0.000193622364,-1.690248,-0.0281726,-0.007890329,-0.038372199,-3.071476],"unit":"mW"},"resistance":{"value":[-84.970733,-71.527092,-53.583226,-30.26093,0.031277277,40.36034,100.63822,208.586313,464.842475,1673.633,-1847.509,-707.441809,-478.353225,-379.431428,-321.72094,-474.405538,-40265140,-289108.594,-5713.917,-40265579,-35791715,-45633118,-17445.125,-8041.98,-43310.704,-5694095,-716.459695,-46987.197,-182509.505,-40718.282,-398.478567],"unit":"ohms"},"conductance":{"value":[-0.011768758,-0.013980717,-0.018662557,-0.033045911,31.972093,0.024776798,0.009936583,0.004794178,0.002151266,0.00059750245,-0.000541269331,-0.001413544,-0.002090505,-0.002635522,-0.003108284,-0.002107901,-2.4835378e-8,-3.458908e-6,-0.000175011304,-2.4835108e-8,-2.7939427e-8,-2.1913909e-8,-5.7322605e-5,-0.000124347491,-2.3088981e-5,-1.75620523e-7,-0.001395752,-2.1282393e-5,-5.479167e-6,-2.4558993e-5,-0.002509545],"unit":"S"},"timestamps":{"value":[0.019,0.053,0.087,0.121,0.155,0.19,0.224,0.258,0.293,0.327,0.361,0.395,0.429,0.463,0.498,0.532,0.566,0.6,0.634,0.669,0.703,0.737,0.771,0.8050001,0.84,0.874,0.9080001,0.942,0.9760001,1.011,1.045],"unit":"s"},"sweep_direction":{"unit":"","value":"Forward"},"p_max":{"unit":"mW","value":0.1078694},"v_p_max":{"unit":"V","value":0.15},"i_p_max":{"unit":"mA","value":0.7191282},"isc":{"unit":"mA","value":0.6},"voc":{"unit":"V","value":1.4409},"jsc":{"unit":"mA\/cm2","value":15.3286},"fill_factor":{"unit":"%","value":12.478},"efficiency":{"unit":"%","value":1.1475},"r_s":{"unit":"ohms","value":78.5424},"r_sh":{"unit":"ohms","value":224.7726},"temperature":{"unit":"oC","value":100},"cell_dimension":{"value":0.09400000055916531,"unit":"cm2"},"key":"Forward_[G4#C1]_Group-4_Dynamic"},{"V":{"value":[-0.2,-0.15,-0.1,-0.05,0,0.05,0.1,0.15,0.2,0.25,0.3,0.35,0.4,0.45,0.5,0.55,0.6,0.65,0.7,0.75,0.8,0.85,0.9,0.95,1,1.051,1.1,1.152,1.204,1.253,1.304],"unit":"V"},"J":{"value":[0.016528681,0.002630828,0.015132085,0.012989829999999999,0.010982511,0.008470516999999999,0.004993038,0.0013015330000000001,-0.0026034229999999997,-0.006471345000000001,-0.010322799,-0.009411668,-0.013935872,-0.014650202,-0.010364828,-0.011961234,-0.000959896383,-2.9088968e-5,-1.426707e-6,-0.0037051180000000003,-0.0026465209999999998,-0.000158998511,-0.000286431277,-0.002033434,-0.0007475745740000001,-0.001256691,-0.016640532,-0.036016244999999995,-0.01539316,-0.001512944,-0.003306968],"unit":"A\/cm2"},"power_density":{"value":[-3.305411,-0.394555484,-1.5129,-0.649088285,0.00049226567,0.423450718,0.499261689,0.195225782,-0.520694834,-1.617836,-3.096899,-3.294182,-5.574367,-6.593032,-5.182303,-6.577991,-0.575969122,-0.018907736,-0.000998697353,-2.777734,-2.117211,-0.135148639,-0.25777821,-1.931765,-0.747665779,-1.320962,-18.302455,-41.490282,-18.532487,-1.895505,-4.313242],"unit":"mW\/cm2"},"I":{"value":[0.001553696,0.0002472978,0.001422416,0.0012210440000000001,0.0010323560000000001,0.0007962285999999999,0.00046934559999999996,0.00012234409999999999,-0.0002447218,-0.0006083064,-0.0009703431000000001,-0.0008846968,-0.001309972,-0.001377119,-0.0009742937999999999,-0.001124356,-9.023026000000001e-5,-2.734363e-6,-1.3411050000000001e-7,-0.0003482811,-0.000248773,-1.494586e-5,-2.692454e-5,-0.0001911428,-7.027201e-5,-0.000118129,-0.0015642100000000001,-0.003385527,-0.001446957,-0.0001422167,-0.000310855],"unit":"A"},"power":{"value":[-0.310708592,-0.037088216,-0.14221264,-0.061014299,4.6272973e-5,0.039804367,0.046930599,0.018351223,-0.048945314,-0.1520766,-0.291108461,-0.309653081,-0.523990503,-0.619745001,-0.487136475,-0.61833115,-0.054141098,-0.001777327,-9.3877551e-5,-0.261107037,-0.199017803,-0.012703972,-0.024231152,-0.181585947,-0.070280583,-0.124170471,-1.720431,-3.900086,-1.742054,-0.178177473,-0.405444757],"unit":"mW"},"resistance":{"value":[-128.712631,-606.450603,-70.288608,-40.923144,0.043417862,62.784896,213.044631,1226.024,-817.270468,-410.9771,-309.174868,-395.627519,-305.35103,-326.791004,-513.18124,-489.117771,-6650.015,-237714.159,-5219588,-2152.577,-3215.773,-56871.896,-33425.466,-4970.114,-14232.153,-8898.264,-703.148554,-340.268443,-832.051678,-8809.507,-4195.812],"unit":"ohms"},"conductance":{"value":[-0.007769245,-0.001648939,-0.014227057,-0.02443605,23.031996,0.015927398,0.004693852,0.000815644734,-0.001223585,-0.002433226,-0.003234416,-0.00252763,-0.003274919,-0.00306006,-0.001948629,-0.002044497,-0.000150375596,-4.206733e-6,-1.91586018e-7,-0.000464559385,-0.000310967183,-1.7583377e-5,-2.9917309e-5,-0.00020120263,-7.0263438e-5,-0.000112381474,-0.001422175,-0.002938856,-0.001201848,-0.000113513731,-0.000238332915],"unit":"S"},"timestamps":{"value":[0.02,0.054,0.08800001,0.122,0.156,0.191,0.225,0.259,0.293,0.328,0.362,0.396,0.43,0.464,0.499,0.5330001,0.567,0.601,0.6350001,0.67,0.7040001,0.738,0.772,0.8060001,0.841,0.8750001,0.909,0.943,0.9770001,1.012,1.046],"unit":"s"},"sweep_direction":{"unit":"","value":"Forward"},"p_max":{"unit":"mW","value":0.0469306},"v_p_max":{"unit":"V","value":0.1},"i_p_max":{"unit":"mA","value":0.4693456},"isc":{"unit":"mA","value":0.699},"voc":{"unit":"V","value":1.0325},"jsc":{"unit":"mA\/cm2","value":10.9843},"fill_factor":{"unit":"%","value":6.4988},"efficiency":{"unit":"%","value":0.4992617},"r_s":{"unit":"ohms","value":36.1181},"r_sh":{"unit":"ohms","value":91.9856},"temperature":{"unit":"oC","value":100},"cell_dimension":{"value":0.09399999915298747,"unit":"cm2"},"key":"Forward_[G5#C1]_Group-5_Dynamic"}]}}