{"_id":"650bed8a956f56119d546326","id":"CNU_HEMD-SC-00068","author":112,"group":9,"input":[{"tco":{"unit":null,"value":"ITO"}},{"etl":[{"material":{"unit":null,"value":"SnCl2\u22192H2O"},"concentration":{"unit":null,"value":"7.5"},"conc_unit":{"unit":null,"value":"mg\/ml"},"quantity":{"unit":"ml","value":"0.1"}}],"solvent":[{"material":{"unit":null,"value":"IPA"},"volume":{"unit":"ml","value":"1"}}],"spin_coating":[{"type":{"unit":null,"value":"drop&run"},"rpm":{"unit":null,"value":"3000"},"time":{"unit":"s","value":"30"}}],"annealing":[{"temperature":{"unit":"oC","value":"195"},"time":{"unit":"m","value":"1"}}]},{"etl":[{"material":{"unit":null,"value":"SnO2"},"concentration":{"unit":null,"value":"15"},"conc_unit":{"unit":null,"value":"wt%"},"quantity":{"unit":"ml","value":"0.01"}}],"solvent":[{"material":{"unit":null,"value":"DI-Water"},"volume":{"unit":"ml","value":"0.05"}}],"spin_coating":[{"type":{"unit":null,"value":"drop&run"},"rpm":{"unit":null,"value":"3000"},"time":{"unit":"s","value":"30"}}],"annealing":[{"temperature":{"unit":"oC","value":"105"},"time":{"unit":"m","value":"30"}}]},{"perovskite":{"method":{"unit":null,"value":"1step"},"molarity":{"unit":"M","value":"1.27M"},"a_site":[{"material":{"unit":null,"value":"FA"},"ratio":{"unit":"%","value":"95"}},{"material":{"unit":null,"value":"MA"},"ratio":{"unit":"%","value":"5"}}],"b_site":[{"material":{"unit":null,"value":"Pb"},"ratio":{"unit":"%","value":"100"}}],"x_site":[{"material":{"unit":null,"value":"I"},"ratio":{"unit":"%","value":"95"}},{"material":{"unit":null,"value":"Br"},"ratio":{"unit":"%","value":"5"}}],"solvent":[{"material":{"unit":null,"value":"DMF"},"volume":{"unit":"ml","value":"0.88"}},{"material":{"unit":null,"value":"DMSO"},"volume":{"unit":"ml","value":"0.11"}}],"additive":[{"material":{"unit":null,"value":"MACl"},"solvent":{"unit":null,"value":"DMF+DMSO"},"concentration":{"unit":null,"value":"0.167"},"conc_unit":{"unit":null,"value":"M"},"quantity":{"unit":"mol%","value":"44"}}],"antisolvent":[{"material":{"unit":null,"value":"DEE"},"quantity":{"unit":"ul","value":"1000"},"dripping_time":{"unit":"s","value":"12"}}],"spin_coating":[{"type":{"unit":null,"value":"drop&run"},"rpm":{"unit":null,"value":"5000"},"time":{"unit":"s","value":"14"}}],"annealing":[{"temperature":{"unit":"oC","value":"105"},"time":{"unit":"m","value":"60"}}],"atmosphere":[{"type":{"unit":null,"value":"air"},"temperature":{"unit":"oC","value":"21"},"humidity":{"unit":"RH%","value":"26"}}]}},{"htl":[{"material":{"unit":null,"value":"Spiro-OMeTAD_Lumtec"},"concentration":{"unit":null,"value":"0.091"},"conc_unit":{"unit":null,"value":"mg\/ml"},"quantity":{"unit":"ml","value":"0.08"}}],"solvent":[{"material":{"unit":null,"value":"CB"},"volume":{"unit":"ml","value":"1"}}],"htl_doping":[{"material":{"unit":null,"value":"tBP"},"volume":{"unit":"ul","value":"0.0354"}},{"material":{"unit":null,"value":"Li-TFSI"},"volume":{"unit":"ul","value":"0.0209"}},{"material":{"unit":null,"value":"Co-TFSI"},"volume":{"unit":"ul","value":"0.00909"}}],"spin_coating":[{"type":{"unit":null,"value":"dynamic"},"rpm":{"unit":null,"value":"5000"},"time":{"unit":"s","value":"30"}}]},{"htl_treatment":[{"material":{"unit":null,"value":"TFMP"},"concentration":{"unit":null,"value":"1000"},"conc_unit":{"unit":null,"value":"mM"},"quantity":{"unit":"ml","value":"0.08"}}],"solvent":[{"material":{"unit":null,"value":"CB"},"volume":{"unit":"ml","value":"0.08"}}],"spin_coating":[{"type":{"unit":null,"value":"dynamic"},"rpm":{"unit":null,"value":"5000"},"time":{"unit":"s","value":"30"}}]},{"anode_metal":{"unit":null,"value":"Au"}},{"type":{"unit":null,"value":"unit_cell"},"device_type":{"unit":null,"value":"n-i-p"},"cell_dimension":{"unit":"cm2","value":"0.0937"}}],"fileinfo":[{"key":"Reverse_[G2#C3]_Group-2_Dynamic","uploadType":"JV","original_name":"[G2#C3]_Group-2_Dynamic-IV_[230915_121624].csv","save_name":"CNU_HEMD-SC-00068\/Reverse_[G2#C3]_Group-2_Dynamic","uploader":112,"fileType":""},{"key":"Reverse_[G2#C2]_Group-2_Dynamic","uploadType":"JV","original_name":"[G2#C2]_Group-2_Dynamic-IV_[230915_121851].csv","save_name":"CNU_HEMD-SC-00068\/Reverse_[G2#C2]_Group-2_Dynamic","uploader":112,"fileType":""},{"key":"Reverse_[G2#C4]_Group-2_Dynamic","uploadType":"JV","original_name":"[G2#C4]_Group-2_Dynamic-IV_[230915_121851].csv","save_name":"CNU_HEMD-SC-00068\/Reverse_[G2#C4]_Group-2_Dynamic","uploader":112,"fileType":""},{"key":"Reverse_[G2#C1]_Group-2_Dynamic","uploadType":"JV","original_name":"[G2#C1]_Group-2_Dynamic-IV_[230915_121851].csv","save_name":"CNU_HEMD-SC-00068\/Reverse_[G2#C1]_Group-2_Dynamic","uploader":112,"fileType":""}],"updated_at":"2024-08-30 11:54:09","created_at":"2023-09-21 07:15:22","jvcnt":4,"analysisInfo":{"JV":[{"efficiency":18.26,"fill_factor":81.966,"jsc":22.181,"voc":1.004,"key":"Reverse_[G2#C4]_Group-2_Dynamic","cell_dimension":0.0936999997753383},{"efficiency":17.248,"fill_factor":80.153,"jsc":22.218,"voc":0.968,"key":"Reverse_[G2#C3]_Group-2_Dynamic","cell_dimension":0.09370000035462986},{"efficiency":17.974,"fill_factor":80.823,"jsc":22.232,"voc":1,"key":"Reverse_[G2#C2]_Group-2_Dynamic","cell_dimension":0.09369999990252868},{"efficiency":17.803,"fill_factor":82.071,"jsc":21.755,"voc":0.997,"key":"Reverse_[G2#C1]_Group-2_Dynamic","cell_dimension":0.09370000015744512}]},"public":2,"tags":[],"analysis":{"JV":[{"V":{"value":[1.2,1.15,1.1,1.05,1,0.95,0.9,0.85,0.8,0.75,0.7,0.65,0.6,0.55,0.5,0.45,0.4,0.35,0.3,0.25,0.2,0.15,0.1,0.05,0,-0.05,-0.1,-0.15,-0.2,-0.2,-0.15,-0.1,-0.05,0,0.05,0.1,0.15,0.2,0.25,0.3,0.35,0.4,0.45,0.5,0.55,0.6,0.65,0.7,0.75,0.8,0.85,0.9,0.95,1,1.05,1.1,1.15,1.196],"unit":"V"},"J":{"value":[-0.09614456800000001,-0.071847215,-0.043905261,-0.01850334,0.001755339,0.014471942,0.019850832,0.021482188,0.021938954,0.022079562,0.022135763,0.022150747,0.02216206,0.022186852,0.022181718,0.022195656,0.022196489,0.022190662,0.022188591,0.022189456,0.022169947,0.022166467000000002,0.022168164,0.022177022,0.022181302,0.022207417,0.022187225,0.022196051,0.022194322,0.022287492,0.022217203999999997,0.022206585,0.022205614000000002,0.022207982999999997,0.022183703000000003,0.022175731,0.022175699,0.022172359,0.02216587,0.022147588,0.022127951,0.022102743,0.022043501,0.02196428,0.021830020999999998,0.021619488,0.021297215,0.020815326,0.020038922,0.018718709,0.016328538,0.011756713,0.003393175,-0.010127105,-0.029128634,-0.05267318,-0.079624418,-0.10668295600000001],"unit":"A\/cm2"},"power_density":{"value":[-115.373001,-82.624943,-48.296095,-19.428655,1.755359,13.748484,17.865987,18.260006,17.551418,16.559882,15.495156,14.398025,13.297265,12.202693,11.090733,9.988523,8.878957,7.767142,6.656804,5.547486,4.434145,3.324941,2.216677,1.10866,-0.000301440789,-1.109687,-2.218281,-3.328558,-4.438394,-4.457021,-3.331745,-2.220233,-1.109618,-0.000317687639,1.108994,2.217434,3.326353,4.43462,5.541583,6.644502,7.745197,8.841468,9.920065,10.982026,12.006448,12.971701,13.843217,14.570863,15.029426,14.975229,13.879435,10.581239,3.223569,-10.127277,-30.585328,-57.940867,-91.568798,-127.566892],"unit":"mW\/cm2"},"I":{"value":[-0.009008746,-0.006732084,-0.004113922999999999,-0.001733763,0.0001644753,0.001356021,0.001860023,0.0020128810000000002,0.0020556800000000003,0.002068855,0.002074121,0.002075525,0.002076585,0.0020789080000000004,0.002078427,0.002079733,0.002079811,0.002079265,0.002079071,0.002079152,0.0020773239999999998,0.002076998,0.002077157,0.002077987,0.002078388,0.002080835,0.002078943,0.00207977,0.0020796079999999997,0.002088338,0.0020817519999999996,0.0020807570000000004,0.002080666,0.002080888,0.002078613,0.0020778660000000003,0.0020778629999999997,0.00207755,0.002076942,0.002075229,0.002073389,0.002071027,0.0020654759999999997,0.0020580530000000002,0.002045473,0.0020257459999999997,0.001995549,0.001950396,0.001877647,0.001753943,0.001529984,0.001101604,0.0003179405,-0.0009489097,-0.0027293530000000003,-0.004935477,-0.007460808,-0.009996193],"unit":"A"},"power":{"value":[-10.81045,-7.741957,-4.525344,-1.820465,0.164477109,1.288233,1.674043,1.710963,1.644568,1.551661,1.451896,1.349095,1.245954,1.143392,1.039202,0.935924564,0.831958301,0.727781216,0.623742507,0.519799435,0.415479341,0.311547,0.207702635,0.103881417,-2.8245002e-5,-0.10397766,-0.207852971,-0.311885845,-0.415877512,-0.41762291,-0.312184526,-0.208035812,-0.103971192,-2.9767332e-5,0.103912712,0.20777353,0.311679242,0.41552392,0.5192463,0.622589867,0.725724922,0.828445593,0.929510054,1.029016,1.125004,1.215448,1.297109,1.36529,1.408257,1.403179,1.300503,0.991462107,0.302048403,-0.948925831,-2.865845,-5.429059,-8.579996,-11.953018],"unit":"mW"},"resistance":{"value":[-133.203334,-170.825112,-267.386385,-605.623721,6080.007,700.5862,483.871436,422.283682,389.171272,362.523956,337.495016,313.174643,288.936547,264.560336,240.563801,216.384267,192.333005,168.33761,144.300123,120.243974,96.281081,72.218991,48.139698,24.057595,-0.006538654,-24.014014,-48.091804,-72.104944,-96.161777,-95.75969,-72.036631,-48.050219,-24.016421,-0.006874522,24.05035,48.123272,72.189504,96.270463,120.371777,144.567274,168.814776,193.149003,217.878203,242.945541,268.885045,296.18738,325.725552,358.904807,399.442334,456.123147,555.56849,817.005748,2988.029,-1053.859,-384.709856,-222.877546,-154.140007,-119.62124],"unit":"ohms"},"conductance":{"value":[-0.00750732,-0.00585394,-0.003739906,-0.00165119,0.000164473491,0.001427376,0.002066665,0.002368076,0.002569563,0.002758438,0.002963007,0.003193107,0.003460968,0.003779856,0.004156901,0.004621408,0.005199316,0.005940443,0.006930001,0.008316425,0.010386256,0.013846773,0.020772877,0.041566914,-152.936675,-0.041642352,-0.020793564,-0.013868674,-0.010399142,-0.010442807,-0.013881826,-0.02081156,-0.041638178,-145.464663,0.041579437,0.020779967,0.013852429,0.010387402,0.008307595,0.006917195,0.005923652,0.00517735,0.00458972,0.004116149,0.003719061,0.003376241,0.003070069,0.002786254,0.00250349,0.00219239,0.001799958,0.001223982,0.00033466875,-0.000948893569,-0.002599362,-0.004486769,-0.006487608,-0.008359719],"unit":"S"},"timestamps":{"value":[0.019,0.053,0.087,0.121,0.156,0.19,0.224,0.258,0.292,0.326,0.361,0.395,0.429,0.463,0.497,0.532,0.566,0.6,0.634,0.668,0.703,0.737,0.771,0.8050001,0.839,0.874,0.9080001,0.942,0.9760001,0.019,0.053,0.087,0.122,0.156,0.19,0.224,0.259,0.293,0.327,0.361,0.395,0.43,0.464,0.498,0.532,0.566,0.601,0.6350001,0.669,0.703,0.737,0.771,0.8060001,0.84,0.874,0.9080001,0.942,0.9770001],"unit":"s"},"sweep_direction":{"unit":"","value":"Reverse"},"p_max":{"unit":"mW","value":1.711},"v_p_max":{"unit":"V","value":0.85},"i_p_max":{"unit":"mA","value":2.013},"isc":{"unit":"mA","value":2.078},"voc":{"unit":"V","value":1.004},"jsc":{"unit":"mA\/cm2","value":22.181},"fill_factor":{"unit":"%","value":81.966},"efficiency":{"unit":"%","value":18.26},"r_s":{"unit":"ohms","value":25.418},"r_sh":{"unit":"ohms","value":11916.571},"temperature":{"unit":"oC","value":26.115},"cell_dimension":{"value":0.0936999997753383,"unit":"cm2"},"key":"Reverse_[G2#C4]_Group-2_Dynamic"},{"V":{"value":[1.2,1.15,1.1,1.05,1,0.95,0.9,0.85,0.8,0.75,0.7,0.65,0.6,0.55,0.5,0.45,0.4,0.35,0.3,0.25,0.2,0.15,0.1,0.05,0,-0.05,-0.1,-0.15,-0.2,-0.2,-0.15,-0.1,-0.05,0,0.05,0.1,0.15,0.2,0.25,0.3,0.35,0.4,0.45,0.5,0.55,0.6,0.65,0.7,0.75,0.8,0.85,0.9,0.95,1,1.05,1.1,1.15,1.187],"unit":"V"},"J":{"value":[-0.09869445,-0.077815987,-0.057629178,-0.033746200999999997,-0.01069826,0.006276518,0.016411857000000002,0.020252679,0.021559328,0.021909296,0.02203746,0.022113191,0.022141761,0.022165144,0.022188474,0.022191877999999998,0.022187919,0.022198613000000002,0.022205379,0.022209167999999998,0.022216809,0.022217343,0.022216243,0.022231932,0.022218431,0.022225358,0.022229264000000002,0.02222191,0.022230993,0.022402689,0.022303554,0.022279765,0.022260224000000002,0.022265923,0.022228794,0.022210426999999998,0.02219699,0.022178719,0.022157332000000002,0.022128858,0.022097352999999997,0.022048131999999998,0.021990149,0.021910448,0.021825187,0.021629658,0.021349317,0.020921323000000002,0.020207887,0.018826211000000002,0.015994173,0.010082358,-0.000688721451,-0.017155475,-0.038919242,-0.064526158,-0.09209882600000001,-0.106720011],"unit":"A\/cm2"},"power_density":{"value":[-118.432847,-89.487607,-63.392154,-35.433814,-10.698389,5.962738,14.770826,17.214921,17.247723,16.432213,15.42637,14.373618,13.285107,12.190769,11.094115,9.986838,8.875518,7.769947,6.661856,5.55243,4.443526,3.332615,2.221495,1.111426,-0.000291350732,-1.110599,-2.222484,-3.332451,-4.445734,-4.480074,-3.344717,-2.227534,-1.112352,-0.000297282137,1.111248,2.220929,3.329551,4.435899,5.539444,6.638879,7.734505,8.819628,9.896066,10.95513,12.0038,12.977871,13.877109,14.645077,15.156166,15.061229,13.595216,9.074293,-0.654307074,-17.155749,-40.865594,-70.979354,-105.914571,-126.649546],"unit":"mW\/cm2"},"I":{"value":[-0.00924767,-0.0072913579999999995,-0.005399854000000001,-0.003162019,-0.001002427,0.0005881097,0.001537791,0.0018976759999999998,0.002020109,0.0020529009999999998,0.0020649099999999997,0.002072006,0.002074683,0.0020768740000000003,0.00207906,0.0020793789999999997,0.002079008,0.00208001,0.002080644,0.0020809989999999996,0.002081715,0.0020817649999999997,0.002081662,0.002083132,0.002081867,0.002082516,0.0020828820000000003,0.002082193,0.002083044,0.002099132,0.002089843,0.002087614,0.0020857830000000003,0.0020863170000000003,0.002082838,0.002081117,0.0020798580000000004,0.002078146,0.002076142,0.002073474,0.002070522,0.0020659100000000002,0.0020604770000000002,0.0020530089999999997,0.0020450200000000003,0.002026699,0.002000431,0.001960328,0.001893479,0.001764016,0.0014986539999999999,0.0009447168999999999,-6.45332e-5,-0.001607468,-0.0036467329999999997,-0.006046101,-0.008629659999999999,-0.009999665],"unit":"A"},"power":{"value":[-11.097158,-8.384989,-5.939845,-3.320148,-1.002439,0.558708567,1.384026,1.613038,1.616112,1.539698,1.445451,1.346808,1.244815,1.142275,1.039519,0.935766712,0.831636048,0.72804406,0.624215879,0.520262652,0.416358405,0.312265999,0.208154085,0.104140602,-2.7299564e-5,-0.104063137,-0.208246792,-0.31225066,-0.416565264,-0.419782948,-0.313399962,-0.208719898,-0.10422739,-2.7855336e-5,0.104123925,0.208101086,0.311978908,0.415643747,0.519045881,0.622062935,0.724723075,0.82639912,0.927261423,1.026496,1.124756,1.216026,1.300285,1.372244,1.420133,1.411237,1.273872,0.85026127,-0.061308573,-1.607494,-3.829106,-6.650766,-9.924195,-11.867062],"unit":"mW"},"resistance":{"value":[-129.761875,-157.719591,-203.709397,-332.069162,-997.590847,1615.357,585.261196,447.920035,396.024224,365.342021,339.00107,313.706621,289.201917,264.819772,240.490654,216.421441,192.407052,168.277797,144.191366,120.137588,96.078186,72.054531,48.035743,23.998633,-0.006298683,-23.994971,-48.000857,-72.021374,-96.003301,-95.267615,-71.758213,-47.892053,-23.957617,-0.006399526,24.001564,48.048668,72.120356,96.242997,120.418064,144.68954,169.048916,193.627506,218.407048,243.542868,268.944851,296.049635,324.931227,357.086773,396.102835,453.518449,567.182685,952.684344,-14721.593,-622.106319,-287.931691,-181.936921,-133.262492,-118.678576],"unit":"ohms"},"conductance":{"value":[-0.007706424,-0.006340366,-0.004908954,-0.003011421,-0.001002415,0.00061905802,0.001708639,0.002232541,0.002525098,0.002737161,0.002949843,0.003187692,0.003457792,0.003776153,0.004158166,0.004620614,0.005197315,0.005942555,0.006935228,0.00832379,0.01040819,0.013878378,0.020817832,0.04166904,-158.763351,-0.0416754,-0.020832962,-0.013884767,-0.010416309,-0.010496746,-0.013935687,-0.020880291,-0.041740379,-156.261572,0.041663951,0.020812231,0.013865711,0.010390366,0.008304402,0.00691135,0.005915448,0.005164556,0.004578607,0.004106053,0.003718234,0.003377812,0.003077574,0.00280044,0.002524597,0.002204982,0.0017631,0.001049666,-6.7927432e-5,-0.001607442,-0.003473046,-0.00549641,-0.007503987,-0.008426121],"unit":"S"},"timestamps":{"value":[0.019,0.053,0.087,0.121,0.155,0.19,0.224,0.258,0.292,0.326,0.361,0.395,0.429,0.463,0.497,0.532,0.566,0.6,0.634,0.668,0.703,0.737,0.771,0.8050001,0.839,0.874,0.9080001,0.942,0.9760001,0.019,0.053,0.087,0.122,0.156,0.19,0.225,0.259,0.293,0.327,0.361,0.396,0.43,0.464,0.498,0.532,0.567,0.601,0.6350001,0.669,0.703,0.737,0.772,0.8060001,0.84,0.874,0.9080001,0.943,0.9770001],"unit":"s"},"sweep_direction":{"unit":"","value":"Reverse"},"p_max":{"unit":"mW","value":1.616},"v_p_max":{"unit":"V","value":0.8},"i_p_max":{"unit":"mA","value":2.02},"isc":{"unit":"mA","value":2.082},"voc":{"unit":"V","value":0.968},"jsc":{"unit":"mA\/cm2","value":22.218},"fill_factor":{"unit":"%","value":80.153},"efficiency":{"unit":"%","value":17.248},"r_s":{"unit":"ohms","value":28.635},"r_sh":{"unit":"ohms","value":14246.341},"temperature":{"unit":"oC","value":26.101},"cell_dimension":{"value":0.09370000035462986,"unit":"cm2"},"key":"Reverse_[G2#C3]_Group-2_Dynamic"},{"V":{"value":[1.2,1.15,1.1,1.05,1,0.95,0.9,0.85,0.8,0.75,0.7,0.65,0.6,0.55,0.5,0.45,0.4,0.35,0.3,0.25,0.2,0.15,0.1,0.05,0,-0.05,-0.1,-0.15,-0.2,-0.2,-0.15,-0.1,-0.05,0,0.05,0.1,0.15,0.2,0.25,0.3,0.35,0.4,0.45,0.5,0.55,0.6,0.65,0.7,0.75,0.8,0.85,0.9,0.95,1,1.05,1.1,1.15,1.2],"unit":"V"},"J":{"value":[-0.08823107799999999,-0.07022530399999999,-0.044045827,-0.019638303,0.00010001033099999999,0.012187737,0.018736872999999998,0.021145155,0.021869178000000003,0.022060939,0.022111089,0.022155977,0.022179915,0.022174557,0.022187876,0.022189712,0.022197129,0.02221032,0.022208335000000003,0.022210619,0.022212711,0.022212326999999997,0.022232604,0.0222308,0.022232433,0.022260415999999998,0.022236105,0.022222828,0.022235048,0.022306819999999998,0.022232230999999998,0.022223362,0.022206606,0.022222156,0.022203266,0.022204995,0.022195133,0.022190747,0.022182231,0.022171398,0.022138783,0.022102978,0.022058591,0.021962593,0.021845945000000002,0.021649168,0.021334824000000002,0.020872144999999998,0.020112017000000003,0.018812699999999998,0.016614034,0.012276840999999998,0.004751256,-0.007130849999999999,-0.025858783,-0.048648964999999995,-0.069952764,-0.08692528299999999],"unit":"A\/cm2"},"power_density":{"value":[-105.876499,-80.759942,-48.45063,-20.620591,0.100010071,11.578451,16.863388,17.973525,17.495581,16.545899,15.477884,14.401418,13.307942,12.195927,11.093816,9.985863,8.879198,7.774027,6.662738,5.552781,4.442691,3.33184,2.223126,1.111354,-0.000280933029,-1.112356,-2.223158,-3.3326,-4.446549,-4.460891,-3.333988,-2.221878,-1.109646,-0.000275505177,1.109993,2.220386,3.329261,4.438314,5.54568,6.651668,7.749006,8.841562,9.926862,10.981198,12.01521,12.989561,13.867704,14.610652,15.084252,15.050429,14.122125,11.049372,4.513767,-7.130971,-27.152007,-53.514348,-80.446238,-104.306689],"unit":"mW\/cm2"},"I":{"value":[-0.008267252,-0.006580111,-0.0041270939999999996,-0.001840109,9.370968e-6,0.001141991,0.001755645,0.001981301,0.002049142,0.00206711,0.002071809,0.002076015,0.002078258,0.002077756,0.0020790039999999997,0.002079176,0.0020798709999999996,0.002081107,0.002080921,0.002081135,0.002081331,0.002081295,0.002083195,0.002083026,0.002083179,0.002085801,0.002083523,0.0020822790000000002,0.002083424,0.002090149,0.0020831599999999997,0.002082329,0.002080759,0.002082216,0.0020804459999999997,0.002080608,0.002079684,0.002079273,0.002078475,0.0020774599999999997,0.0020744039999999997,0.0020710489999999997,0.00206689,0.0020578949999999997,0.002046965,0.002028527,0.001999073,0.0019557199999999998,0.001884496,0.00176275,0.001556735,0.00115034,0.0004451927,-0.0006681606,-0.002422968,-0.004558408,-0.006554574,-0.008144899],"unit":"A"},"power":{"value":[-9.920628,-7.567207,-4.539824,-1.932149,0.009370944,1.084901,1.580099,1.684119,1.639336,1.550351,1.450278,1.349413,1.246954,1.142758,1.039491,0.935675358,0.831980846,0.728426367,0.624298566,0.520295612,0.416280145,0.312193417,0.208306876,0.104133823,-2.6323425e-5,-0.104227789,-0.208309879,-0.312264597,-0.416641673,-0.417985489,-0.312394632,-0.208190004,-0.103973863,-2.5814835e-5,0.104006322,0.208050189,0.311951768,0.415869987,0.519630182,0.623261268,0.726081851,0.828454394,0.930147005,1.028938,1.125825,1.217122,1.299404,1.369018,1.413394,1.410225,1.323243,1.035326,0.422939965,-0.668171959,-2.544143,-5.014294,-7.537813,-9.773537],"unit":"mW"},"resistance":{"value":[-145.149924,-174.770912,-266.532577,-570.628696,106712.284,831.887642,512.638261,429.014471,390.412621,362.829651,337.871638,313.10058,288.703183,264.706924,240.497132,216.442571,192.32712,168.188709,144.172076,120.129497,96.095575,72.070322,48.000278,23.999513,-0.006065816,-23.957295,-47.985859,-72.018639,-95.985887,-95.676815,-71.987701,-48.013258,-24.014891,-0.005954123,24.029617,48.060423,72.12615,96.191024,120.28314,144.412504,168.732561,193.146951,217.729294,242.964534,268.689157,295.782506,325.152308,357.928129,397.990709,453.844448,546.022155,782.392597,2133.942,-1496.672,-433.357353,-241.314512,-175.451219,-147.32632],"unit":"ohms"},"conductance":{"value":[-0.006889428,-0.005721776,-0.003751887,-0.001752453,9.370992e-6,0.001202085,0.001950693,0.002330924,0.002561393,0.002756114,0.002959704,0.003193862,0.003463765,0.003777763,0.004158054,0.004620163,0.005199475,0.005945702,0.006936156,0.00832435,0.010406306,0.013875337,0.020833212,0.041667512,-164.858288,-0.041740939,-0.020839473,-0.013885294,-0.010418198,-0.010451853,-0.013891262,-0.02082758,-0.041640831,-167.950849,0.041615312,0.020807141,0.013864597,0.01039598,0.008313717,0.006924608,0.005926538,0.005177405,0.004592859,0.004115827,0.003721773,0.003380863,0.003075482,0.002793857,0.002512621,0.002203398,0.001831428,0.001278131,0.000468616249,-0.000668149241,-0.002307564,-0.00414397,-0.00569959,-0.006787653],"unit":"S"},"timestamps":{"value":[0.019,0.053,0.087,0.122,0.156,0.19,0.224,0.258,0.293,0.327,0.361,0.395,0.429,0.464,0.498,0.532,0.566,0.6,0.6350001,0.669,0.703,0.737,0.771,0.8060001,0.84,0.874,0.9080001,0.943,0.9770001,0.019,0.053,0.087,0.122,0.156,0.19,0.224,0.259,0.293,0.327,0.361,0.395,0.43,0.464,0.498,0.532,0.566,0.601,0.6350001,0.669,0.703,0.737,0.772,0.8060001,0.84,0.874,0.9080001,0.943,0.9770001],"unit":"s"},"sweep_direction":{"unit":"","value":"Reverse"},"p_max":{"unit":"mW","value":1.684},"v_p_max":{"unit":"V","value":0.85},"i_p_max":{"unit":"mA","value":1.981},"isc":{"unit":"mA","value":2.083},"voc":{"unit":"V","value":1},"jsc":{"unit":"mA\/cm2","value":22.232},"fill_factor":{"unit":"%","value":80.823},"efficiency":{"unit":"%","value":17.974},"r_s":{"unit":"ohms","value":27.388},"r_sh":{"unit":"ohms","value":8482.861},"temperature":{"unit":"oC","value":26.1},"cell_dimension":{"value":0.09369999990252868,"unit":"cm2"},"key":"Reverse_[G2#C2]_Group-2_Dynamic"},{"V":{"value":[1.2,1.15,1.1,1.05,1,0.95,0.9,0.85,0.8,0.75,0.7,0.65,0.6,0.55,0.5,0.45,0.4,0.35,0.3,0.25,0.2,0.15,0.1,0.05,0,-0.05,-0.1,-0.15,-0.2,-0.2,-0.15,-0.1,-0.05,0,0.05,0.1,0.15,0.2,0.25,0.3,0.35,0.4,0.45,0.5,0.55,0.6,0.65,0.7,0.75,0.8,0.85,0.9,0.95,1,1.05,1.1,1.15,1.2],"unit":"V"},"J":{"value":[-0.08510901800000001,-0.070068004,-0.045418901,-0.021234931,-0.0007894275349999999,0.012815475,0.019023927,0.020944525,0.021463276,0.021623639,0.021686222,0.021711269999999998,0.021715336000000002,0.021732337,0.021738207,0.021747502999999998,0.02175079,0.021726275,0.021741696999999997,0.021739232,0.021738399000000002,0.021745635,0.021743725000000002,0.021750011,0.021755197,0.021767268000000003,0.021762081,0.021752732,0.021748815,0.021828015,0.021762231,0.021747385,0.021751899999999998,0.02176826,0.021730566,0.021738485000000002,0.021721708,0.021721558000000002,0.02170968,0.021697268000000002,0.021689039,0.021668986,0.021599947,0.021539232,0.021418474,0.021242369,0.020957598999999997,0.020515411,0.019804514000000002,0.018560438000000002,0.016315464,0.011995496,0.0040448820000000005,-0.00878274,-0.026836414000000003,-0.049375155,-0.07425222,-0.101411601],"unit":"A\/cm2"},"power_density":{"value":[-102.129886,-80.578836,-49.961109,-22.296847,-0.789436218,12.174815,17.121772,17.803003,17.17084,16.217941,15.180496,14.112369,13.02923,11.952712,10.86899,9.786848,8.700675,7.604598,6.522753,5.434938,4.347832,3.261858,2.174225,1.087313,-0.000269715934,-1.087698,-2.175775,-3.262088,-4.349287,-4.365132,-3.263512,-2.174291,-1.08694,-0.0003010176,1.086341,2.173717,3.258247,4.344453,5.427533,6.509402,7.591554,8.667943,9.720462,10.769508,11.780103,12.745466,13.62246,14.360921,14.853598,14.848606,13.868306,10.796142,3.842699,-8.782889,-28.178476,-54.313115,-85.39087,-121.693617],"unit":"mW\/cm2"},"I":{"value":[-0.007974715,-0.006565372,-0.004255751,-0.001989713,-7.396936e-5,0.0012008099999999999,0.001782542,0.001962502,0.0020111089999999996,0.002026135,0.002031999,0.0020343460000000002,0.002034727,0.00203632,0.00203687,0.002037741,0.002038049,0.002035752,0.002037197,0.002036966,0.0020368879999999997,0.002037566,0.002037387,0.002037976,0.002038462,0.002039593,0.002039107,0.002038231,0.002037864,0.002045285,0.002039121,0.0020377299999999997,0.002038153,0.002039686,0.0020361539999999997,0.002036896,0.0020353240000000002,0.00203531,0.0020341969999999997,0.002033034,0.002032263,0.002030384,0.0020239150000000003,0.0020182259999999997,0.002006911,0.00199041,0.001963727,0.001922294,0.001855683,0.0017391129999999998,0.001528759,0.0011239779999999999,0.0003790054,-0.0008229427,-0.0025145719999999996,-0.004626452,-0.006957433,-0.009502267],"unit":"A"},"power":{"value":[-9.56957,-7.550237,-4.681356,-2.089215,-0.073970174,1.14078,1.60431,1.668141,1.608908,1.519621,1.422413,1.322329,1.220839,1.119969,1.018424,0.917027669,0.815253228,0.712550861,0.611181917,0.509253722,0.407391858,0.305636123,0.203724907,0.101881212,-2.5272383e-5,-0.1019173,-0.203870163,-0.305657605,-0.407528171,-0.409012822,-0.305791071,-0.203731023,-0.101846322,-2.8205349e-5,0.101790128,0.203677256,0.305297786,0.40707523,0.508559828,0.609930937,0.711328631,0.812186289,0.910807288,1.009103,1.103796,1.19425,1.276425,1.345618,1.391782,1.391314,1.29946,1.011599,0.360060853,-0.82295669,-2.640323,-5.089139,-8.001124,-11.402692],"unit":"mW"},"resistance":{"value":[-150.474218,-175.162809,-258.475414,-527.718319,-13519.26,791.140064,504.903952,433.124399,397.795545,370.167733,344.491557,319.513986,294.880493,270.093404,245.472121,220.843424,196.274231,171.935727,147.266661,122.734498,98.192439,73.617542,49.079154,24.529911,-0.006081924,-24.499707,-49.031326,-73.574683,-98.13123,-97.775322,-73.542571,-49.064106,-24.517252,-0.006779612,24.551861,49.091333,73.698143,98.268323,122.901174,147.567724,172.230661,197.014998,222.35247,247.739847,274.051664,301.446486,331.00375,364.151633,404.169624,460.012547,556.013014,800.741918,2506.6,-1215.172,-417.56967,-237.765138,-165.292429,-126.285338],"unit":"ohms"},"conductance":{"value":[-0.006645657,-0.005708974,-0.00386884,-0.00189495,-7.3968546e-5,0.001263999,0.001980575,0.002308806,0.002513854,0.002701478,0.002902829,0.003129753,0.003391204,0.003702423,0.004073782,0.004528095,0.005094912,0.005816127,0.006790403,0.008147668,0.010184084,0.013583719,0.020375249,0.040766556,-164.421666,-0.040816815,-0.020395125,-0.013591632,-0.010190436,-0.01022753,-0.013597567,-0.020381499,-0.040787606,-147.501063,0.04073011,0.020370194,0.013568863,0.010176219,0.008136619,0.00677655,0.005806167,0.005075756,0.004497364,0.004036492,0.003648947,0.003317338,0.003021114,0.002746109,0.002474209,0.002173854,0.001798519,0.001248842,0.000398946711,-0.00082292871,-0.00239481,-0.004205831,-0.006049884,-0.007918576],"unit":"S"},"timestamps":{"value":[0.019,0.053,0.087,0.121,0.156,0.19,0.224,0.258,0.292,0.327,0.361,0.395,0.429,0.463,0.497,0.532,0.566,0.6,0.634,0.668,0.703,0.737,0.771,0.8050001,0.839,0.874,0.9080001,0.942,0.9760001,0.019,0.054,0.08800001,0.122,0.157,0.191,0.225,0.259,0.293,0.327,0.362,0.396,0.43,0.464,0.498,0.5330001,0.567,0.601,0.6350001,0.669,0.7040001,0.738,0.772,0.8060001,0.84,0.8750001,0.909,0.943,0.9770001],"unit":"s"},"sweep_direction":{"unit":"","value":"Reverse"},"p_max":{"unit":"mW","value":1.668},"v_p_max":{"unit":"V","value":0.85},"i_p_max":{"unit":"mA","value":1.963},"isc":{"unit":"mA","value":2.038},"voc":{"unit":"V","value":0.997},"jsc":{"unit":"mA\/cm2","value":21.755},"fill_factor":{"unit":"%","value":82.071},"efficiency":{"unit":"%","value":17.803},"r_s":{"unit":"ohms","value":27.912},"r_sh":{"unit":"ohms","value":10841.448},"temperature":{"unit":"oC","value":26.094},"cell_dimension":{"value":0.09370000015744512,"unit":"cm2"},"key":"Reverse_[G2#C1]_Group-2_Dynamic"}]}}