{"_id":"6567003252c39b1845288f4e","id":"CNU_HEMD-SC-00119","author":112,"group":9,"input":[{"tco":{"unit":null,"value":"ITO"}},{"etl":[{"material":{"unit":null,"value":"SnO2"},"concentration":{"unit":null,"value":"15"},"conc_unit":{"unit":null,"value":"wt%"},"quantity":{"unit":"ml","value":"0.01"}}],"solvent":[{"material":{"unit":null,"value":"DI-Water"},"volume":{"unit":"ml","value":"0.05"}}],"spin_coating":[{"type":{"unit":null,"value":"drop&run"},"rpm":{"unit":null,"value":"3000"},"time":{"unit":"s","value":"30"}}],"annealing":[{"temperature":{"unit":"oC","value":"105"},"time":{"unit":"m","value":"30"}}]},{"perovskite":{"method":{"unit":null,"value":"1step"},"molarity":{"unit":"M","value":"1.27M"},"a_site":[{"material":{"unit":null,"value":"FA"},"ratio":{"unit":"%","value":"95"}},{"material":{"unit":null,"value":"MA"},"ratio":{"unit":"%","value":"5"}}],"b_site":[{"material":{"unit":null,"value":"Pb"},"ratio":{"unit":"%","value":"110"}}],"x_site":[{"material":{"unit":null,"value":"I"},"ratio":{"unit":"%","value":"95"}},{"material":{"unit":null,"value":"Br"},"ratio":{"unit":"%","value":"5"}}],"solvent":[{"material":{"unit":null,"value":"DMF"},"volume":{"unit":"ml","value":"0.88"}},{"material":{"unit":null,"value":"DMSO"},"volume":{"unit":"ml","value":"0.11"}}],"additive":[{"material":{"unit":null,"value":"MACl"},"solvent":{"unit":null,"value":"DMF+DMSO"},"concentration":{"unit":null,"value":"0.167"},"conc_unit":{"unit":null,"value":"M"},"quantity":{"unit":"mol%","value":"44"}}],"antisolvent":[{"material":{"unit":null,"value":"DEE"},"quantity":{"unit":"ul","value":"1000"},"dripping_time":{"unit":"s","value":"12"}}],"spin_coating":[{"type":{"unit":null,"value":"drop&run"},"rpm":{"unit":null,"value":"5000"},"time":{"unit":"s","value":"14"}}],"annealing":[{"temperature":{"unit":"oC","value":"105"},"time":{"unit":"m","value":"60"}}],"atmosphere":[{"type":{"unit":null,"value":"air"},"temperature":{"unit":"oC","value":"22"},"humidity":{"unit":"RH%","value":"22"}}]}},{"htl":[{"material":{"unit":null,"value":"Spiro-OMeTAD_Merck"},"concentration":{"unit":null,"value":"0.091"},"conc_unit":{"unit":null,"value":"mg\/ml"},"quantity":{"unit":"ml","value":"0.08"}}],"solvent":[{"material":{"unit":null,"value":"CB"},"volume":{"unit":"ml","value":"1"}}],"htl_doping":[{"material":{"unit":null,"value":"tBP"},"volume":{"unit":"ul","value":"0.0354"}},{"material":{"unit":null,"value":"Li-TFSI"},"volume":{"unit":"ul","value":"0.0209"}},{"material":{"unit":null,"value":"Co-TFSI"},"volume":{"unit":"ul","value":"0.00909"}}],"spin_coating":[{"type":{"unit":null,"value":"dynamic"},"rpm":{"unit":null,"value":"5000"},"time":{"unit":"s","value":"30"}}]},{"anode_metal":{"unit":null,"value":"Ag"}},{"type":{"unit":null,"value":"unit_cell"},"device_type":{"unit":null,"value":"n-i-p"},"cell_dimension":{"unit":"cm2","value":"0.0937"}}],"fileinfo":[{"key":"unknown_4_1_231106","uploadType":"JV","original_name":"4_1_231106-093713_REV.dat","save_name":"CNU_HEMD-SC-00119\/unknown_4_1_231106","uploader":112,"fileType":""},{"key":"unknown_4_3_231106","uploadType":"JV","original_name":"4_3_231106-093735_REV.dat","save_name":"CNU_HEMD-SC-00119\/unknown_4_3_231106","uploader":112,"fileType":""},{"key":"unknown_4_4_231106","uploadType":"JV","original_name":"4_4_231106-093747_REV.dat","save_name":"CNU_HEMD-SC-00119\/unknown_4_4_231106","uploader":112,"fileType":""},{"key":"unknown_5_1_231106","uploadType":"JV","original_name":"5_1_231106-093842_REV.dat","save_name":"CNU_HEMD-SC-00119\/unknown_5_1_231106","uploader":112,"fileType":""},{"key":"unknown_5_2_231106","uploadType":"JV","original_name":"5_2_231106-093854_REV.dat","save_name":"CNU_HEMD-SC-00119\/unknown_5_2_231106","uploader":112,"fileType":""},{"key":"unknown_5_3_231106","uploadType":"JV","original_name":"5_3_231106-093905_REV.dat","save_name":"CNU_HEMD-SC-00119\/unknown_5_3_231106","uploader":112,"fileType":""}],"jvcnt":6,"updated_at":"2024-08-30 12:03:29","created_at":"2023-11-29 09:11:14","analysisInfo":{"JV":[{"efficiency":0.363992,"fill_factor":49.40477386786705,"jsc":12.2793,"voc":0.059999732327165066,"key":"unknown_5_3_231106","cell_dimension":0.0937},{"efficiency":19.0235,"fill_factor":77.16494464863763,"jsc":23.0408,"voc":1.0699730021423515,"key":"unknown_5_2_231106","cell_dimension":0.0937},{"efficiency":16.5319,"fill_factor":75.48545767121762,"jsc":22.122,"voc":0.9899997594710916,"key":"unknown_5_1_231106","cell_dimension":0.0937},{"efficiency":18.3174,"fill_factor":77.43242340014234,"jsc":22.5296,"voc":1.0499956420442367,"key":"unknown_4_4_231106","cell_dimension":0.0937},{"efficiency":17.0939,"fill_factor":75.3970960552027,"jsc":22.4476,"voc":1.0099889559106765,"key":"unknown_4_3_231106","cell_dimension":0.0937},{"efficiency":16.4691,"fill_factor":74.00796025417513,"jsc":22.7073,"voc":0.9799996805978309,"key":"unknown_4_1_231106","cell_dimension":0.0937}]},"public":2,"tags":[],"analysis":{"JV":[{"V":{"value":[1.5,1.49,1.48,1.47,1.46,1.45,1.44,1.43,1.42,1.41,1.4,1.39,1.38,1.37,1.36,1.35,1.34,1.33,1.32,1.31,1.3,1.29,1.28,1.27,1.26,1.25,1.24,1.23,1.22,1.21,1.2,1.19,1.18,1.17,1.16,1.15,1.14,1.13,1.12,1.11,1.1,1.09,1.08,1.07,1.06,1.05,1.04,1.03,1.02,1.01,1,0.99,0.98,0.97,0.96,0.95,0.94,0.93,0.92,0.91,0.9,0.89,0.88,0.87,0.86,0.85,0.84,0.83,0.82,0.81,0.8,0.79,0.78,0.77,0.76,0.75,0.74,0.73,0.72,0.71,0.7,0.69,0.68,0.67,0.66,0.65,0.64,0.63,0.62,0.61,0.6,0.59,0.58,0.57,0.56,0.55,0.54,0.53,0.52,0.51,0.5,0.49,0.48,0.47,0.46,0.45,0.44,0.43,0.42,0.41,0.4,0.39,0.38,0.37,0.36,0.35,0.34,0.33,0.32,0.31,0.3,0.29,0.28,0.27,0.26,0.25,0.24,0.23,0.22,0.21,0.2,0.19,0.18,0.17,0.16,0.15,0.14,0.13,0.12,0.11,0.1,0.09,0.08,0.07,0.06,0.05,0.04,0.03,0.02,0.01,0,-0.01,-0.02,-0.03,-0.04,-0.05,-0.06,-0.07,-0.08,-0.09,-0.1,-0.11,-0.12,-0.13,-0.14,-0.15,-0.16,-0.17,-0.18,-0.19,-0.2],"unit":"V"},"J":{"value":[-0.6164829999999999,-0.645246,-0.613321,-0.616765,-0.563929,-0.6389640000000001,-0.581118,-0.525598,-0.550078,-0.489984,-0.530605,-0.511188,-0.508495,-0.503534,-0.491526,-0.436683,-0.444739,-0.406968,-0.40762400000000004,-0.410403,-0.40069499999999997,-0.37611500000000003,-0.373773,-0.367778,-0.353622,-0.35921800000000004,-0.284608,-0.000142152,-0.203255,-0.194849,-0.182881,-0.17862,-0.180347,-0.144995,-0.142484,-0.138439,-0.167511,-0.124489,-0.122049,-0.10131399999999999,-0.10170799999999999,-0.11592100000000001,-0.108014,-0.0966441,-0.104961,-8.74987e-6,-8.74958e-6,6.0729299999999995e-6,-8.74973e-6,6.0729299999999995e-6,-8.74944e-6,-0.0417934,6.0729299999999995e-6,-1.61611e-5,-1.33833e-6,-1.33833e-6,-1.33833e-6,-8.74987e-6,-1.3384e-6,-1.33847e-6,-1.3384e-6,-1.3384e-6,-8.74958e-6,1.3484299999999999e-5,-1.3384e-6,-1.33825e-6,-1.61611e-5,-1.33833e-6,-1.33833e-6,-8.74973e-6,6.0729299999999995e-6,-1.33847e-6,6.0729299999999995e-6,-1.33825e-6,1.3484299999999999e-5,6.0729299999999995e-6,6.0729299999999995e-6,6.0729299999999995e-6,-1.3384e-6,-8.74973e-6,-1.33833e-6,1.34841e-5,-1.33833e-6,6.0729299999999995e-6,-1.33825e-6,-1.3384e-6,6.0729299999999995e-6,-1.3384e-6,1.3484299999999999e-5,-0.0654057,-0.0599806,6.0729299999999995e-6,-1.3384e-6,-1.33833e-6,1.3484299999999999e-5,6.0729299999999995e-6,-8.74973e-6,6.0729299999999995e-6,6.0729299999999995e-6,-1.33833e-6,6.0729299999999995e-6,6.0729299999999995e-6,6.0729299999999995e-6,-1.33833e-6,-8.74987e-6,-8.74973e-6,-8.74958e-6,-1.61608e-5,1.3484400000000001e-5,1.34841e-5,-1.33825e-6,-1.3384e-6,6.0729299999999995e-6,1.3484299999999999e-5,-1.3384e-6,-1.33833e-6,-1.3384e-6,-1.61611e-5,6.0729299999999995e-6,6.0729299999999995e-6,-8.74958e-6,-1.3384e-6,-8.74973e-6,6.0729299999999995e-6,6.0729299999999995e-6,6.0729299999999995e-6,6.0729299999999995e-6,-1.61613e-5,-8.74973e-6,6.0729299999999995e-6,6.0729299999999995e-6,6.0729299999999995e-6,-8.74973e-6,-1.3384e-6,-8.74973e-6,2.08955e-5,-8.74944e-6,1.34842e-5,6.0729299999999995e-6,-1.33854e-6,6.0729299999999995e-6,-1.33847e-6,-1.33833e-6,6.0729299999999995e-6,-1.3384e-6,0.007232280000000001,0.0090998,0.0100632,0.0107526,0.011582499999999999,0.0122793,0.0129614,0.0137021,0.0144063,0.015244,0.0159703,0.0166149,0.017275,0.0180605,0.0187346,0.019527799999999998,0.020210000000000002,0.0209209,0.021558499999999998,0.0260051,0.0266949,0.027264800000000002,0.027835699999999998,0.0283916,0.0289919,0.0294739],"unit":"A\/cm2"},"P":{"value":[924.725,961.417,907.716,906.644,823.337,926.498,836.81,751.605,781.11,690.877,742.847,710.551,701.723,689.842,668.475,589.522,595.95,541.268,538.064,537.628,520.903,485.189,478.43,467.077,445.564,449.022,352.914,0.174847,247.971,235.767,219.458,212.558,212.809,169.644,165.282,159.205,190.963,140.673,136.695,112.459,111.879,126.354,116.655,103.409,111.258,0.00918736,0.00909957,-0.00625512,0.00892472,-0.00613366,0.00874944,41.3755,-0.00595147,0.0156762,0.00128479,0.00127141,0.00125803,0.00813738,0.00123133,0.00121801,0.00120456,0.00119118,0.00769963,-0.0117313,0.00115102,0.00113752,0.0135753,0.00111081,0.00109743,0.00708728,-0.00485834,0.00105739,-0.00473689,0.00103046,-0.0102481,-0.0045547,-0.00449397,-0.00443324,0.000963647,0.00621231,0.000936829,-0.00930406,0.000910062,-0.00406886,0.000883248,0.000869959,-0.00388668,0.000843191,-0.00836026,39.8975,35.9884,-0.00358303,0.000776271,0.000762846,-0.0075512,-0.00334011,0.00472485,-0.00321865,-0.00315792,0.000682547,-0.00303646,-0.00297574,-0.00291501,0.000629014,0.00402494,0.00393738,0.00384982,0.00694916,-0.00566343,-0.00552847,0.000535302,0.000521976,-0.00230771,-0.00498919,0.000481824,0.000468414,0.000455056,0.00533315,-0.00194334,-0.00188261,0.00262488,0.000388136,0.00244992,-0.00163969,-0.00157896,-0.00151823,-0.0014575,0.00371709,0.00192494,-0.00127532,-0.00121459,-0.00115386,0.00157495,0.000227528,0.00139996,-0.00313432,0.00122492,-0.00175295,-0.000728752,0.00014724,-0.000607293,0.000120462,0.000107066,-0.000425105,8.03039e-5,-0.361614,-0.363992,-0.301895,-0.215053,-0.115825,0,0.129614,0.274042,0.43219,0.609759,0.798514,0.996895,1.20925,1.44484,1.68611,1.95278,2.2231,2.51051,2.8026,3.64071,4.00423,4.36236,4.73207,5.11048,5.50846,5.89478],"unit":"mW\/cm2"},"efficiency":{"unit":"%","value":0.363992},"I":{"unit":"A","value":[-6.579327641408749,-6.886296691568836,-6.545581643543223,-6.582337246531483,-6.018452508004269,-6.819252934898613,-6.201899679829242,-5.609370330843116,-5.870629669156883,-5.229284951974385,-5.662806830309498,-5.455581643543223,-5.426840981856991,-5.3738954108858055,-5.245741728922091,-4.660437566702241,-4.74641408751334,-4.343308431163287,-4.350309498399146,-4.379967982924226,-4.276360725720384,-4.014034151547492,-3.9890394877267874,-3.9250586979722515,-3.7739807897545354,-3.8337033084311636,-3.0374386339381005,-0.0015170971184631803,-2.1692102454642472,-2.0794983991462113,-1.951771611526147,-1.9062966915688366,-1.924727854855923,-1.5474386339381003,-1.5206403415154748,-1.477470651013874,-1.787737459978655,-1.328591248665955,-1.3025506937033084,-1.0812593383137672,-1.085464247598719,-1.2371504802561366,-1.1527641408751332,-1.0314204909284952,-1.120181430096051,-9.338175026680896e-5,-9.33786552828175e-5,6.481248665955176e-5,-9.338025613660619e-5,6.481248665955176e-5,-9.337716115261473e-5,-0.446034151547492,6.481248665955176e-5,-0.0001724770544290288,-1.4283137673425825e-5,-1.4283137673425825e-5,-1.4283137673425825e-5,-9.338175026680896e-5,-1.4283884738527214e-5,-1.42846318036286e-5,-1.4283884738527214e-5,-1.4283884738527214e-5,-9.33786552828175e-5,0.00014390928495197438,-1.4283884738527214e-5,-1.4282283884738526e-5,-0.0001724770544290288,-1.4283137673425825e-5,-1.4283137673425825e-5,-9.338025613660619e-5,6.481248665955176e-5,-1.42846318036286e-5,6.481248665955176e-5,-1.4282283884738526e-5,0.00014390928495197438,6.481248665955176e-5,6.481248665955176e-5,6.481248665955176e-5,-1.4283884738527214e-5,-9.338025613660619e-5,-1.4283137673425825e-5,0.00014390715048025613,-1.4283137673425825e-5,6.481248665955176e-5,-1.4282283884738526e-5,-1.4283884738527214e-5,6.481248665955176e-5,-1.4283884738527214e-5,0.00014390928495197438,-0.6980330843116328,-0.6401344717182497,6.481248665955176e-5,-1.4283884738527214e-5,-1.4283137673425825e-5,0.00014390928495197438,6.481248665955176e-5,-9.338025613660619e-5,6.481248665955176e-5,6.481248665955176e-5,-1.4283137673425825e-5,6.481248665955176e-5,6.481248665955176e-5,6.481248665955176e-5,-1.4283137673425825e-5,-9.338175026680896e-5,-9.338025613660619e-5,-9.33786552828175e-5,-0.00017247385272145142,0.0001439103521878335,0.00014390715048025613,-1.4282283884738526e-5,-1.4283884738527214e-5,6.481248665955176e-5,0.00014390928495197438,-1.4283884738527214e-5,-1.4283137673425825e-5,-1.4283884738527214e-5,-0.0001724770544290288,6.481248665955176e-5,6.481248665955176e-5,-9.33786552828175e-5,-1.4283884738527214e-5,-9.338025613660619e-5,6.481248665955176e-5,6.481248665955176e-5,6.481248665955176e-5,6.481248665955176e-5,-0.00017247918890074705,-9.338025613660619e-5,6.481248665955176e-5,6.481248665955176e-5,6.481248665955176e-5,-9.338025613660619e-5,-1.4283884738527214e-5,-9.338025613660619e-5,0.00022300426894343649,-9.337716115261473e-5,0.00014390821771611526,6.481248665955176e-5,-1.4285378868729988e-5,6.481248665955176e-5,-1.42846318036286e-5,-1.4283137673425825e-5,6.481248665955176e-5,-1.4283884738527214e-5,0.0771854855923159,0.0971163287086446,0.10739807897545356,0.11475560298826039,0.12361259338313765,0.13104909284951974,0.13832870864461044,0.14623372465314835,0.15374919957310565,0.16268943436499467,0.17044076840981856,0.17732017075773743,0.18436499466382067,0.19274813233724652,0.19994236926360726,0.20840768409818566,0.21568836712913556,0.2232753468516542,0.23008004268943433,0.27753575240128064,0.284897545357524,0.29097972251867665,0.29707257203842047,0.3030053361792956,0.30941195304162217,0.31455602988260406]},"voc":{"unit":"V","value":0.059999732327165066},"jsc":{"unit":"mA\/cm2","value":12.2793},"fill_factor":{"unit":"%","value":49.40477386786705},"cell_dimension":{"value":0.0937,"unit":"cm2"},"sweep_direction":{"unit":"","value":"unknown"},"key":"unknown_5_3_231106"},{"V":{"value":[1.5,1.49,1.48,1.47,1.46,1.45,1.44,1.43,1.42,1.41,1.4,1.39,1.38,1.37,1.36,1.35,1.34,1.33,1.32,1.31,1.3,1.29,1.28,1.27,1.26,1.25,1.24,1.23,1.22,1.21,1.2,1.19,1.18,1.17,1.16,1.15,1.14,1.13,1.12,1.11,1.1,1.09,1.08,1.07,1.06,1.05,1.04,1.03,1.02,1.01,1,0.99,0.98,0.97,0.96,0.95,0.94,0.93,0.92,0.91,0.9,0.89,0.88,0.87,0.86,0.85,0.84,0.83,0.82,0.81,0.8,0.79,0.78,0.77,0.76,0.75,0.74,0.73,0.72,0.71,0.7,0.69,0.68,0.67,0.66,0.65,0.64,0.63,0.62,0.61,0.6,0.59,0.58,0.57,0.56,0.55,0.54,0.53,0.52,0.51,0.5,0.49,0.48,0.47,0.46,0.45,0.44,0.43,0.42,0.41,0.4,0.39,0.38,0.37,0.36,0.35,0.34,0.33,0.32,0.31,0.3,0.29,0.28,0.27,0.26,0.25,0.24,0.23,0.22,0.21,0.2,0.19,0.18,0.17,0.16,0.15,0.14,0.13,0.12,0.11,0.1,0.09,0.08,0.07,0.06,0.05,0.04,0.03,0.02,0.01,0,-0.01,-0.02,-0.03,-0.04,-0.05,-0.06,-0.07,-0.08,-0.09,-0.1,-0.11,-0.12,-0.13,-0.14,-0.15,-0.16,-0.17,-0.18,-0.19,-0.2],"unit":"V"},"J":{"value":[-0.12431199999999999,-0.14924,-0.14962899999999998,-0.145292,-0.140215,-0.13527899999999998,-0.130521,-0.12620900000000002,-0.122147,-0.118321,-0.114751,-0.111319,-0.108094,-0.104916,-0.10184,-0.0988601,-0.0958669,-0.0929904,-0.0900111,-0.086979,-0.08402280000000001,-0.0809767,-0.0778418,-0.0746631,-0.0714095,-0.0680279,-0.0645453,-0.0610559,-0.0575133,-0.0539701,-0.0501237,-0.046351300000000005,-0.0431575,-0.039526000000000006,-0.0359163,-0.0311295,-0.0273341,-0.023562200000000002,-0.0198563,-0.0162025,-0.0127116,-0.009280229999999999,-0.00601934,-0.00286952,5.0540599999999995e-5,0.00282241,0.00537189,0.00769913,0.00979647,0.011642,0.013324299999999999,0.014710599999999999,0.0159925,0.0170894,0.017956499999999997,0.0187271,0.019298,0.0198611,0.0201798,0.020580400000000002,0.0209281,0.021262,0.0216176,0.021802600000000002,0.0218844,0.021943300000000002,0.0220623,0.0221294,0.022255,0.0224553,0.0225588,0.0225444,0.0225959,0.022603500000000002,0.0226704,0.0226781,0.022736899999999997,0.0227661,0.0227958,0.0228034,0.0228553,0.0228636,0.022892299999999997,0.0230107,0.022907399999999998,0.0230109,0.023048,0.023026,0.0230626,0.023055199999999998,0.0230778,0.023136900000000002,0.0230331,0.0231216,0.023092400000000003,0.0231221,0.0231219,0.02307,0.023084800000000003,0.0230482,0.023048,0.0230484,0.0230778,0.0231223,0.023122499999999997,0.0230778,0.023070399999999998,0.0230774,0.023070399999999998,0.0230855,0.0230482,0.023062799999999998,0.02307,0.023174,0.023152000000000002,0.023174,0.023174399999999998,0.0231515,0.023225799999999998,0.0232184,0.023189,0.0231371,0.0230853,0.023085,0.023100100000000002,0.0231302,0.0230776,0.0231374,0.0231591,0.0231666,0.0231443,0.0231809,0.023174399999999998,0.023167,0.0232036,0.023166799999999998,0.0232187,0.0232036,0.0232409,0.023174,0.0231594,0.0231441,0.0231816,0.023136900000000002,0.0231666,0.0231221,0.0230927,0.0230927,0.0230111,0.0230632,0.0230408,0.0230556,0.0230554,0.0230264,0.023047699999999997,0.0229889,0.0229741,0.0229372,0.0230556,0.0231221,0.0231598,0.0231964,0.0231816,0.0231966,0.023189,0.0231297,0.023262699999999997,0.0232782,0.0232629,0.0232483,0.0232036],"unit":"A\/cm2"},"P":{"value":[186.467,222.368,221.45,213.579,204.714,196.155,187.95,180.479,173.449,166.832,160.651,154.734,149.17,143.735,138.503,133.461,128.462,123.677,118.815,113.942,109.23,104.46,99.6375,94.8221,89.976,85.0349,80.0362,75.0987,70.1662,65.3038,60.1484,55.1581,50.9259,46.2454,41.6629,35.7989,31.1608,26.6253,22.239,17.9848,13.9828,10.1155,6.50088,3.07039,-0.0535731,-2.96354,-5.58677,-7.93011,-9.9924,-11.7584,-13.3243,-14.5635,-15.6727,-16.5767,-17.2383,-17.7908,-18.1401,-18.4708,-18.5654,-18.7282,-18.8353,-18.9232,-19.0235,-18.9683,-18.8206,-18.6518,-18.5323,-18.3674,-18.2491,-18.1888,-18.0471,-17.8101,-17.6248,-17.4047,-17.2295,-17.0085,-16.8253,-16.6193,-16.413,-16.1904,-15.9987,-15.7759,-15.5668,-15.4172,-15.1189,-14.9571,-14.7507,-14.5064,-14.2988,-14.0636,-13.8467,-13.6508,-13.3592,-13.1793,-12.9318,-12.7171,-12.4858,-12.2271,-12.0041,-11.7546,-11.524,-11.2937,-11.0774,-10.8675,-10.6364,-10.385,-10.151,-9.92328,-9.68958,-9.46505,-9.21928,-8.99449,-8.76659,-8.57437,-8.3347,-8.11089,-7.8793,-7.63999,-7.43227,-7.19772,-6.9567,-6.70977,-6.46387,-6.23296,-6.00602,-5.78254,-5.53863,-5.32159,-5.09501,-4.86498,-4.62886,-4.40438,-4.17139,-3.93839,-3.71258,-3.47502,-3.25061,-3.01647,-2.78891,-2.54914,-2.31594,-2.08297,-1.85453,-1.61958,-1.38999,-1.1561,-0.923706,-0.69278,-0.460223,-0.230632,0,0.230556,0.461108,0.690792,0.92191,1.14945,1.37845,1.60561,1.84445,2.08099,2.31598,2.55161,2.78179,3.01556,3.24646,3.46946,3.72203,3.95729,4.18732,4.41718,4.64072],"unit":"mW\/cm2"},"efficiency":{"unit":"%","value":19.0235},"I":{"unit":"A","value":[-1.326702241195304,-1.592742796157951,-1.5968943436499463,-1.550608324439701,-1.4964247598719316,-1.443745997865528,-1.392966915688367,-1.3469477054429029,-1.3035965848452509,-1.2627641408751333,-1.2246638207043756,-1.1880362860192102,-1.1536179295624331,-1.119701173959445,-1.0868729989327641,-1.0550704375667022,-1.0231259338313767,-0.99242689434365,-0.9606307363927427,-0.9282710779082177,-0.8967214514407684,-0.8642123799359658,-0.8307556029882603,-0.7968313767342582,-0.7621077908217716,-0.7260181430096051,-0.6888505869797225,-0.6516104589114194,-0.6138025613660619,-0.5759882604055496,-0.5349381003201708,-0.4946776947705443,-0.46059231590181426,-0.4218356456776948,-0.3833116328708644,-0.3322251867662753,-0.2917193169690501,-0.2514642475987193,-0.2119135538954109,-0.1729188900747065,-0.13566275346851653,-0.09904194236926359,-0.06424055496264675,-0.03062454642475987,0.0005393874066168623,0.030121771611526144,0.05733073639274279,0.08216787620064034,0.10455144076840982,0.12424759871931695,0.14220170757737458,0.1569967982924226,0.17067769477054429,0.18238420490928495,0.19163820704375661,0.19986232657417288,0.20595517609391673,0.21196478121664886,0.21536606189967983,0.21964140875133406,0.2233521878335112,0.2269156883671291,0.23071077908217716,0.23268516542155818,0.23355816435432228,0.23418676627534687,0.23545677694770542,0.23617289220917823,0.23751334044823905,0.23965101387406618,0.2407556029882604,0.2406019210245464,0.24115154749199572,0.24123265741728922,0.24194663820704373,0.24202881536819634,0.24265635005336175,0.24296798292422625,0.24328495197438635,0.24336606189967983,0.2439199573105656,0.244008537886873,0.2443148345784418,0.24557844183564564,0.24447598719316965,0.24558057630736393,0.24597652081109922,0.24574172892209178,0.24613233724653147,0.2460533617929562,0.24629455709711845,0.24692529348986125,0.24581750266808963,0.24676200640341514,0.2464503735325507,0.24676734258271077,0.24676520811099253,0.2462113127001067,0.24636926360725722,0.2459786552828175,0.24597652081109922,0.24598078975453574,0.24629455709711845,0.246769477054429,0.24677161152614724,0.24629455709711845,0.24621558164354318,0.24629028815368195,0.24621558164354318,0.24637673425827106,0.2459786552828175,0.2461344717182497,0.2462113127001067,0.24732123799359657,0.24708644610458913,0.24732123799359657,0.24732550693703304,0.24708110992529345,0.24787406616862323,0.24779509071504802,0.2474813233724653,0.24692742796157952,0.24637459978655282,0.24637139807897546,0.2465325506937033,0.24685378868729987,0.24629242262540021,0.24693062966915685,0.24716221985058695,0.24724226254002132,0.24700426894343647,0.2473948772678762,0.24732550693703304,0.24724653148345782,0.24763713980789753,0.24724439701173956,0.24779829242262535,0.24763713980789753,0.24803521878335108,0.24732123799359657,0.24716542155816434,0.24700213447171823,0.24740234791889007,0.24692529348986125,0.24724226254002132,0.24676734258271077,0.24645357524012806,0.24645357524012806,0.24558271077908217,0.2461387406616862,0.24589967982924224,0.24605763073639272,0.2460554962646745,0.24574599786552825,0.24597331910352183,0.24534578441835644,0.24518783351120596,0.2447940234791889,0.24605763073639272,0.24676734258271077,0.24716969050160084,0.24756029882604053,0.24740234791889007,0.24756243329775882,0.2474813233724653,0.24684845250800425,0.2482678762006403,0.24843329775880468,0.24827001067235857,0.24811419423692635,0.24763713980789753]},"voc":{"unit":"V","value":1.0699730021423515},"jsc":{"unit":"mA\/cm2","value":23.0408},"fill_factor":{"unit":"%","value":77.16494464863763},"cell_dimension":{"value":0.0937,"unit":"cm2"},"sweep_direction":{"unit":"","value":"unknown"},"key":"unknown_5_2_231106"},{"V":{"value":[1.5,1.49,1.48,1.47,1.46,1.45,1.44,1.43,1.42,1.41,1.4,1.39,1.38,1.37,1.36,1.35,1.34,1.33,1.32,1.31,1.3,1.29,1.28,1.27,1.26,1.25,1.24,1.23,1.22,1.21,1.2,1.19,1.18,1.17,1.16,1.15,1.14,1.13,1.12,1.11,1.1,1.09,1.08,1.07,1.06,1.05,1.04,1.03,1.02,1.01,1,0.99,0.98,0.97,0.96,0.95,0.94,0.93,0.92,0.91,0.9,0.89,0.88,0.87,0.86,0.85,0.84,0.83,0.82,0.81,0.8,0.79,0.78,0.77,0.76,0.75,0.74,0.73,0.72,0.71,0.7,0.69,0.68,0.67,0.66,0.65,0.64,0.63,0.62,0.61,0.6,0.59,0.58,0.57,0.56,0.55,0.54,0.53,0.52,0.51,0.5,0.49,0.48,0.47,0.46,0.45,0.44,0.43,0.42,0.41,0.4,0.39,0.38,0.37,0.36,0.35,0.34,0.33,0.32,0.31,0.3,0.29,0.28,0.27,0.26,0.25,0.24,0.23,0.22,0.21,0.2,0.19,0.18,0.17,0.16,0.15,0.14,0.13,0.12,0.11,0.1,0.09,0.08,0.07,0.06,0.05,0.04,0.03,0.02,0.01,0,-0.01,-0.02,-0.03,-0.04,-0.05,-0.06,-0.07,-0.08,-0.09,-0.1,-0.11,-0.12,-0.13,-0.14,-0.15,-0.16,-0.17,-0.18,-0.19,-0.2],"unit":"V"},"J":{"value":[-0.07104559999999999,-0.0742992,-0.0733142,-0.0716756,-0.06985240000000001,-0.0680973,-0.0663099,-0.0647022,-0.063241,-0.0618637,-0.0605297,-0.059157400000000006,-0.057935099999999996,-0.0566535,-0.055563499999999995,-0.0543693,-0.053280900000000006,-0.0522141,-0.0512433,-0.0502798,-0.049264,-0.0483603,-0.047345399999999996,-0.0464472,-0.0455514,-0.0445944,-0.043661099999999994,-0.0426758,-0.0417856,-0.0407562,-0.0397479,-0.0386585,-0.037412999999999995,-0.0362127,-0.034908,-0.033604300000000004,-0.0323444,-0.0306991,-0.0287573,-0.0269635,-0.0250516,-0.0230503,-0.020953199999999998,-0.0187516,-0.0164917,-0.0141794,-0.011807499999999999,-0.0093989,-0.00699029,-0.00458886,-0.00229881,-2.35724e-5,0.00208868,0.00425286,0.00623908,0.00804739,0.00974469,0.011278700000000001,0.012679399999999999,0.0139765,0.0151325,0.016148,0.017008099999999998,0.017808,0.0183935,0.0189126,0.0194014,0.019802,0.0201207,0.0204097,0.0206615,0.0208542,0.021068899999999998,0.0211288,0.0212248,0.021343599999999997,0.0214177,0.0214024,0.0214844,0.0215583,0.0215439,0.0216174,0.0217141,0.021855,0.021914000000000003,0.021988399999999998,0.0220178,0.0220845,0.0220182,0.02204,0.022128699999999998,0.022136199999999998,0.022143799999999998,0.0221885,0.0221586,0.019505500000000002,0.0222332,0.022262399999999998,0.0223587,0.0223661,0.0223888,0.0223962,0.0223147,0.022344100000000002,0.0223812,0.0223367,0.021913799999999997,0.0223585,0.0223435,0.022403199999999998,0.0223812,0.0223295,0.022425399999999998,0.0223807,0.022403,0.022403199999999998,0.0223659,0.022285,0.0223733,0.022299600000000003,0.022269999999999998,0.0222406,0.022240100000000002,0.0222621,0.0222772,0.0222628,0.0222999,0.0223291,0.0224104,0.0223884,0.0223219,0.0222922,0.0222253,0.0222478,0.0221957,0.022188700000000002,0.0221586,0.0222107,0.0222033,0.0222257,0.0222475,0.0222475,0.0221213,0.022017600000000002,0.0220178,0.0221957,0.022136600000000003,0.022113900000000002,0.0221662,0.0220993,0.022122,0.0221216,0.022143799999999998,0.0221436,0.0221959,0.022144200000000003,0.0221808,0.0222628,0.0222406,0.022166,0.0221732,0.022143799999999998,0.022129000000000003,0.0221292,0.022136600000000003,0.0220701,0.022143799999999998,0.022180599999999998,0.0221885,0.022203499999999998,0.0221739],"unit":"A\/cm2"},"P":{"value":[106.568,110.706,108.505,105.363,101.985,98.7411,95.4862,92.5242,89.8022,87.2278,84.7415,82.2288,79.9505,77.6153,75.5664,73.3985,71.3964,69.4448,67.6411,65.8665,64.0431,62.3847,60.6021,58.988,57.3947,55.743,54.1397,52.4912,50.9784,49.315,47.6975,46.0036,44.1473,42.3689,40.4933,38.6449,36.8726,34.6899,32.2082,29.9295,27.5568,25.1249,22.6294,20.0643,17.4812,14.8883,12.2798,9.68087,7.1301,4.63475,2.29881,0.0233367,-2.04691,-4.12528,-5.98952,-7.64502,-9.16,-10.4892,-11.665,-12.7186,-13.6192,-14.3717,-14.9671,-15.4929,-15.8184,-16.0757,-16.2972,-16.4357,-16.499,-16.5319,-16.5292,-16.4748,-16.4338,-16.2692,-16.1308,-16.0077,-15.8491,-15.6238,-15.4688,-15.3064,-15.0807,-14.916,-14.7656,-14.6428,-14.4633,-14.2924,-14.0914,-13.9132,-13.6513,-13.4444,-13.2772,-13.0603,-12.8434,-12.6474,-12.4088,-10.728,-12.0059,-11.7991,-11.6265,-11.4067,-11.1944,-10.9741,-10.711,-10.5017,-10.2953,-10.0515,-9.64208,-9.61416,-9.38425,-9.1853,-8.95247,-8.70851,-8.52166,-8.28087,-8.06507,-7.84111,-7.60441,-7.35406,-7.15946,-6.91289,-6.681,-6.44976,-6.22724,-6.01078,-5.79207,-5.5657,-5.35197,-5.13568,-4.93028,-4.70156,-4.46437,-4.23552,-4.00056,-3.78212,-3.55131,-3.3283,-3.1022,-2.88739,-2.66439,-2.44483,-2.22475,-2.00228,-1.76971,-1.54123,-1.32107,-1.10978,-0.885464,-0.663418,-0.443325,-0.220993,0,0.221216,0.442876,0.664307,0.887835,1.10721,1.33085,1.5584,1.77925,1.99494,2.21732,2.43582,2.65547,2.87679,3.09912,3.31052,3.54301,3.77071,3.99392,4.21867,4.43477],"unit":"mW\/cm2"},"efficiency":{"unit":"%","value":16.5319},"I":{"unit":"A","value":[-0.758224119530416,-0.7929477054429028,-0.7824354322305228,-0.7649477054429029,-0.7454898612593384,-0.7267588046958378,-0.70768303094984,-0.6905250800426894,-0.674930629669157,-0.6602315901814301,-0.6459946638207044,-0.6313489861259338,-0.6183041622198505,-0.6046264674493063,-0.5929935965848452,-0.5802486659551761,-0.5686328708644611,-0.557247598719317,-0.5468868729989327,-0.5366040554962647,-0.5257630736392743,-0.5161184631803628,-0.5052870864461045,-0.495701173959445,-0.4861408751334044,-0.4759274279615795,-0.46596691568836707,-0.45545144076840977,-0.44595090715048025,-0.43496478121664883,-0.42420384204909284,-0.4125773745997865,-0.39928495197438624,-0.38647491995731054,-0.3725506937033084,-0.3586371398078976,-0.34519103521878336,-0.3276318036286019,-0.30690821771611526,-0.2877641408751334,-0.2673596584845251,-0.2460010672358591,-0.22362006403415152,-0.2001237993596585,-0.17600533617929562,-0.15132764140875132,-0.1260138740661686,-0.10030843116328708,-0.07460288153681963,-0.04897395944503735,-0.024533724653148344,-0.00025157310565635004,0.02229114194236926,0.045388046958377795,0.06658569903948773,0.0858846318036286,0.10399882604055496,0.12037033084311632,0.13531910352187831,0.14916221985058697,0.16149946638207044,0.17233724653148344,0.18151654215581642,0.19005336179295623,0.19630202774813232,0.20184204909284953,0.20705869797225185,0.21133404482390608,0.214735325506937,0.21781963713980787,0.2205069370330843,0.22256350053361793,0.22485485592315899,0.22549413020277478,0.22651867662753467,0.22778655282817498,0.22857737459978655,0.2284140875133404,0.22928922091782283,0.2300779082177161,0.22992422625400213,0.23070864461045887,0.23174066168623264,0.23324439701173957,0.23387406616862327,0.23466808964781213,0.23498185699039487,0.23569370330843115,0.2349861259338314,0.2352187833511206,0.2361654215581643,0.23624546424759868,0.23632657417289218,0.236803628601921,0.23648452508004267,0.20816969050160086,0.23728068303094985,0.23759231590181426,0.2386200640341515,0.23869903948772678,0.23894130202774813,0.23902027748132337,0.23815048025613658,0.23846424759871931,0.23886019210245463,0.23838527214514407,0.23387193169690498,0.23861792956243327,0.23845784418356455,0.2390949839914621,0.23886019210245463,0.23830843116328707,0.2393319103521878,0.238854855923159,0.23909284951974386,0.2390949839914621,0.23869690501600854,0.2378335112059765,0.23877588046958376,0.23798932764140876,0.23767342582710776,0.23735965848452506,0.23735432230522946,0.23758911419423692,0.23775026680896477,0.23759658484525079,0.23799252934898613,0.2383041622198506,0.2391718249733191,0.2389370330843116,0.23822732123799356,0.23791035218783352,0.23719637139807895,0.23743649946638207,0.23688046958377798,0.2368057630736393,0.23648452508004267,0.23704055496264673,0.23696157950907148,0.23720064034151547,0.23743329775880467,0.23743329775880467,0.2360864461045891,0.23497972251867663,0.23498185699039487,0.23688046958377798,0.23624973319103523,0.23600747065101388,0.23656563500533617,0.23585165421558163,0.23609391675560296,0.2360896478121665,0.23632657417289218,0.23632443970117395,0.23688260405549627,0.23633084311632874,0.2367214514407684,0.23759658484525079,0.23735965848452506,0.23656350053361794,0.23664034151547492,0.23632657417289218,0.23616862326574176,0.23617075773746,0.23624973319103523,0.23554002134471716,0.23632657417289218,0.23671931696905013,0.236803628601921,0.23696371398078972,0.23664781216648878]},"voc":{"unit":"V","value":0.9899997594710916},"jsc":{"unit":"mA\/cm2","value":22.122},"fill_factor":{"unit":"%","value":75.48545767121762},"cell_dimension":{"value":0.0937,"unit":"cm2"},"sweep_direction":{"unit":"","value":"unknown"},"key":"unknown_5_1_231106"},{"V":{"value":[1.5,1.49,1.48,1.47,1.46,1.45,1.44,1.43,1.42,1.41,1.4,1.39,1.38,1.37,1.36,1.35,1.34,1.33,1.32,1.31,1.3,1.29,1.28,1.27,1.26,1.25,1.24,1.23,1.22,1.21,1.2,1.19,1.18,1.17,1.16,1.15,1.14,1.13,1.12,1.11,1.1,1.09,1.08,1.07,1.06,1.05,1.04,1.03,1.02,1.01,1,0.99,0.98,0.97,0.96,0.95,0.94,0.93,0.92,0.91,0.9,0.89,0.88,0.87,0.86,0.85,0.84,0.83,0.82,0.81,0.8,0.79,0.78,0.77,0.76,0.75,0.74,0.73,0.72,0.71,0.7,0.69,0.68,0.67,0.66,0.65,0.64,0.63,0.62,0.61,0.6,0.59,0.58,0.57,0.56,0.55,0.54,0.53,0.52,0.51,0.5,0.49,0.48,0.47,0.46,0.45,0.44,0.43,0.42,0.41,0.4,0.39,0.38,0.37,0.36,0.35,0.34,0.33,0.32,0.31,0.3,0.29,0.28,0.27,0.26,0.25,0.24,0.23,0.22,0.21,0.2,0.19,0.18,0.17,0.16,0.15,0.14,0.13,0.12,0.11,0.1,0.09,0.08,0.07,0.06,0.05,0.04,0.03,0.02,0.01,0,-0.01,-0.02,-0.03,-0.04,-0.05,-0.06,-0.07,-0.08,-0.09,-0.1,-0.11,-0.12,-0.13,-0.14,-0.15,-0.16,-0.17,-0.18,-0.19,-0.2],"unit":"V"},"J":{"value":[-0.111959,-0.166436,-0.174535,-0.170456,-0.163138,-0.155933,-0.149064,-0.142862,-0.137252,-0.132137,-0.127461,-0.123042,-0.118982,-0.11512,-0.11134000000000001,-0.107768,-0.10421899999999999,-0.100826,-0.0973862,-0.093851,-0.0903964,-0.0868613,-0.083401,-0.0797976,-0.0762343,-0.0726687,-0.06901560000000001,-0.06530190000000001,-0.0615747,-0.0578023,-0.0539632,-0.0501167,-0.0462624,-0.0424608,-0.038613999999999996,-0.0347675,-0.030988099999999998,-0.027259899999999997,-0.023524899999999998,-0.0198341,-0.0163063,-0.0128673,-0.00953981,-0.00631579,-0.00329935,-0.00045342500000000003,0.00224432,0.00480117,0.0070320999999999995,0.00907757,0.0109675,0.012605499999999999,0.014050700000000001,0.0152366,0.0163407,0.0172895,0.0180381,0.0186606,0.019283,0.0197425,0.0201431,0.0204913,0.0208099,0.0210545,0.0212176,0.0214101,0.0214844,0.0216032,0.0216254,0.0216398,0.0217584,0.0218399,0.0219068,0.0218776,0.021988399999999998,0.0220328,0.022114599999999998,0.022188700000000002,0.0221961,0.0222107,0.0222698,0.0222404,0.0222105,0.0222181,0.0221954,0.022306799999999998,0.0223886,0.0223731,0.022455100000000002,0.022425399999999998,0.0224106,0.0224923,0.0225366,0.0225438,0.0225887,0.0226033,0.0225736,0.0226257,0.0225885,0.0225813,0.0226257,0.0225959,0.022581700000000003,0.0225444,0.0225887,0.022529399999999998,0.0224849,0.0224773,0.0224405,0.0221368,0.022114599999999998,0.0221885,0.0221294,0.0205802,0.022729500000000003,0.0226253,0.0223735,0.022314,0.022248,0.0221813,0.0222626,0.0222475,0.0223812,0.0223587,0.022344100000000002,0.0223142,0.0223515,0.0222772,0.0223219,0.0223958,0.0224701,0.0224998,0.0224777,0.022529399999999998,0.0225366,0.0225074,0.0226327,0.0224921,0.0225887,0.022566199999999998,0.0225444,0.0225072,0.0224998,0.022551400000000003,0.022521999999999997,0.022506900000000003,0.0224701,0.022506900000000003,0.0225,0.0225736,0.022529599999999997,0.022529399999999998,0.0224921,0.0225074,0.022514399999999997,0.0225292,0.0225076,0.0225887,0.022551400000000003,0.0225368,0.0225516,0.0225,0.022506900000000003,0.0225963,0.022514399999999997,0.0225516,0.022559000000000003,0.022573899999999997,0.022574300000000002,0.022581499999999997,0.029325399999999998],"unit":"A\/cm2"},"P":{"value":[167.939,247.99,258.311,250.571,238.181,226.102,214.652,204.293,194.897,186.313,178.446,171.028,164.195,157.715,151.422,145.487,139.654,134.099,128.55,122.945,117.515,112.051,106.753,101.343,96.0552,90.8359,85.5794,80.3214,75.1211,69.9408,64.7559,59.6389,54.5896,49.6792,44.7922,39.9827,35.3264,30.8037,26.3479,22.0158,17.9369,14.0253,10.303,6.7579,3.49731,0.476096,-2.3341,-4.94521,-7.17275,-9.16834,-10.9675,-12.4794,-13.7697,-14.7795,-15.6871,-16.425,-16.9558,-17.3544,-17.7404,-17.9657,-18.1288,-18.2372,-18.3128,-18.3174,-18.2471,-18.1986,-18.0469,-17.9306,-17.7328,-17.5282,-17.4067,-17.2535,-17.0873,-16.8458,-16.7112,-16.5246,-16.3648,-16.1977,-15.9812,-15.7696,-15.5888,-15.3458,-15.1031,-14.8861,-14.649,-14.4994,-14.3287,-14.0951,-13.9221,-13.6795,-13.4464,-13.2705,-13.0712,-12.85,-12.6497,-12.4318,-12.1898,-11.9916,-11.746,-11.5165,-11.3129,-11.072,-10.8392,-10.5959,-10.3908,-10.1382,-9.89337,-9.66524,-9.42499,-9.07609,-8.84583,-8.6535,-8.40917,-7.61467,-8.18262,-7.91885,-7.607,-7.36363,-7.11935,-6.8762,-6.67878,-6.45179,-6.26673,-6.03685,-5.80947,-5.57856,-5.36437,-5.12375,-4.91081,-4.70311,-4.49402,-4.27495,-4.04599,-3.83,-3.60585,-3.37611,-3.16858,-2.92398,-2.71064,-2.48229,-2.25444,-2.02564,-1.79998,-1.5786,-1.35132,-1.12535,-0.898804,-0.675208,-0.449999,-0.225736,0,0.225294,0.449842,0.675221,0.900574,1.12646,1.35046,1.58121,1.80411,2.02831,2.25516,2.475,2.70083,2.93752,3.15201,3.38274,3.60945,3.83756,4.06338,4.29049,5.86508],"unit":"mW\/cm2"},"efficiency":{"unit":"%","value":18.3174},"I":{"unit":"A","value":[-1.1948665955176094,-1.7762646744930628,-1.8627001067235858,-1.8191675560298826,-1.7410672358591248,-1.664172892209178,-1.590864461045891,-1.5246744930629668,-1.464802561366062,-1.4102134471718248,-1.360309498399146,-1.3131483457844182,-1.2698185699039488,-1.2286019210245465,-1.1882604055496264,-1.150138740661686,-1.1122625400213446,-1.076051227321238,-1.039340448239061,-1.0016115261472784,-0.9647427961579509,-0.9270149413020278,-0.89008537886873,-0.8516286019210244,-0.8135997865528282,-0.7755464247598719,-0.7365592315901816,-0.6969252934898613,-0.6571472785485593,-0.6168868729989327,-0.57591462113127,-0.534863393810032,-0.49372892209178226,-0.4531568836712913,-0.4121024546424759,-0.37105122732123796,-0.33071611526147277,-0.29092742796157944,-0.2510661686232657,-0.21167662753468516,-0.1740266808964781,-0.13732443970117394,-0.10181227321237993,-0.06740437566702241,-0.03521184631803628,-0.004839114194236926,0.023952187833511208,0.05123980789754535,0.07504909284951973,0.09687908217716115,0.11704909284951974,0.13453041622198503,0.14995410885805763,0.1626104589114194,0.17439381003201707,0.1845197438633938,0.19250907150480256,0.19915261472785484,0.20579509071504803,0.21069903948772678,0.21497438633938099,0.2186905016008538,0.2220907150480256,0.22470117395944503,0.22644183564567769,0.22849626467449308,0.22928922091782283,0.23055709711846317,0.23079402347918887,0.23094770544290288,0.23221344717182496,0.23308324439701172,0.23379722518676627,0.2334855923159018,0.23466808964781213,0.2351419423692636,0.23601494130202771,0.2368057630736393,0.2368847385272145,0.23704055496264673,0.23767129135538953,0.23735752401280683,0.2370384204909285,0.23711953041622197,0.23687726787620064,0.2380661686232657,0.2389391675560299,0.23877374599786552,0.23964887940234791,0.2393319103521878,0.23917395944503733,0.24004589114194236,0.24051867662753468,0.24059551760939166,0.24107470651013874,0.24123052294557096,0.24091355389541086,0.24146958377801492,0.24107257203842047,0.24099573105656347,0.24146958377801492,0.24115154749199572,0.24100000000000002,0.2406019210245464,0.24107470651013874,0.24044183564567767,0.2399669156883671,0.2398858057630736,0.23949306296691567,0.23625186766275347,0.23601494130202771,0.236803628601921,0.23617289220917823,0.21963927427961577,0.24257737459978657,0.24146531483457845,0.23877801494130202,0.23814300960512272,0.2374386339381003,0.23672678762006402,0.23759445037353255,0.23743329775880467,0.23886019210245463,0.2386200640341515,0.23846424759871931,0.23814514407684095,0.23854322305229453,0.23775026680896477,0.23822732123799356,0.23901600853788688,0.23980896478121663,0.24012593383137673,0.2398900747065101,0.24044183564567767,0.24051867662753468,0.2402070437566702,0.24154429028815366,0.24004375667022412,0.24107470651013874,0.24083457844183562,0.2406019210245464,0.24020490928495197,0.24012593383137673,0.2406766275346852,0.2403628601921024,0.24020170757737463,0.23980896478121663,0.24020170757737463,0.24012806830309497,0.24091355389541086,0.2404439701173959,0.24044183564567767,0.24004375667022412,0.2402070437566702,0.24028175026680892,0.24043970117395944,0.24020917822838844,0.24107470651013874,0.2406766275346852,0.2405208110992529,0.24067876200640342,0.24012806830309497,0.24020170757737463,0.2411558164354322,0.24028175026680892,0.24067876200640342,0.24075773745997867,0.24091675560298823,0.24092102454642478,0.2409978655282817,0.31297118463180357]},"voc":{"unit":"V","value":1.0499956420442367},"jsc":{"unit":"mA\/cm2","value":22.5296},"fill_factor":{"unit":"%","value":77.43242340014234},"cell_dimension":{"value":0.0937,"unit":"cm2"},"sweep_direction":{"unit":"","value":"unknown"},"key":"unknown_4_4_231106"},{"V":{"value":[1.5,1.49,1.48,1.47,1.46,1.45,1.44,1.43,1.42,1.41,1.4,1.39,1.38,1.37,1.36,1.35,1.34,1.33,1.32,1.31,1.3,1.29,1.28,1.27,1.26,1.25,1.24,1.23,1.22,1.21,1.2,1.19,1.18,1.17,1.16,1.15,1.14,1.13,1.12,1.11,1.1,1.09,1.08,1.07,1.06,1.05,1.04,1.03,1.02,1.01,1,0.99,0.98,0.97,0.96,0.95,0.94,0.93,0.92,0.91,0.9,0.89,0.88,0.87,0.86,0.85,0.84,0.83,0.82,0.81,0.8,0.79,0.78,0.77,0.76,0.75,0.74,0.73,0.72,0.71,0.7,0.69,0.68,0.67,0.66,0.65,0.64,0.63,0.62,0.61,0.6,0.59,0.58,0.57,0.56,0.55,0.54,0.53,0.52,0.51,0.5,0.49,0.48,0.47,0.46,0.45,0.44,0.43,0.42,0.41,0.4,0.39,0.38,0.37,0.36,0.35,0.34,0.33,0.32,0.31,0.3,0.29,0.28,0.27,0.26,0.25,0.24,0.23,0.22,0.21,0.2,0.19,0.18,0.17,0.16,0.15,0.14,0.13,0.12,0.11,0.1,0.09,0.08,0.07,0.06,0.05,0.04,0.03,0.02,0.01,0,-0.01,-0.02,-0.03,-0.04,-0.05,-0.06,-0.07,-0.08,-0.09,-0.1,-0.11,-0.12,-0.13,-0.14,-0.15,-0.16,-0.17,-0.18,-0.19,-0.2],"unit":"V"},"J":{"value":[-0.09533230000000001,-0.105931,-0.103515,-0.0997272,-0.0959771,-0.0926355,-0.0894221,-0.08663979999999999,-0.0840442,-0.08164289999999999,-0.07937820000000001,-0.0772785,-0.0753605,-0.0735365,-0.0716904,-0.0701496,-0.06851170000000001,-0.0670078,-0.0656212,-0.0641909,-0.0629371,-0.061508,-0.0602406,-0.0588621,-0.0575281,-0.0561861,-0.054852,-0.0535328,-0.0520506,-0.050656799999999995,-0.0490347,-0.047418999999999996,-0.045714399999999995,-0.043935699999999994,-0.0419194,-0.039800199999999994,-0.0375323,-0.035174500000000004,-0.0326631,-0.0299873,-0.0272382,-0.024347300000000002,-0.0214347,-0.0184407,-0.0154614,-0.0124524,-0.009472920000000001,-0.0065972900000000004,-0.0038256600000000003,-0.0011056299999999998,0.00141423,0.0038304100000000002,0.00604639,0.008128999999999999,0.0100114,0.0116566,0.013139,0.0144508,0.015607300000000001,0.016518599999999998,0.017370999999999998,0.0180974,0.0186903,0.019186699999999998,0.0196462,0.0200097,0.0202613,0.020595,0.0208172,0.0210247,0.021172899999999998,0.0212847,0.021343599999999997,0.0214698,0.0215805,0.0215729,0.021603,0.0217957,0.0218105,0.0218922,0.0220252,0.0220845,0.0220773,0.0220773,0.0221141,0.0222181,0.0222031,0.0221662,0.0221,0.0220106,0.0220407,0.0220106,0.022143799999999998,0.022255,0.022299600000000003,0.0223884,0.0224553,0.0224034,0.022344100000000002,0.0223219,0.0222105,0.0222628,0.0222329,0.0222177,0.0223293,0.0223291,0.0223219,0.022262399999999998,0.0222478,0.0222033,0.0222628,0.0223295,0.0223958,0.022418399999999998,0.0224036,0.0223291,0.022299600000000003,0.0223371,0.0222846,0.0222922,0.0224333,0.0224256,0.0223888,0.022381599999999998,0.0224036,0.0223814,0.022373999999999998,0.022351299999999998,0.0223663,0.0223591,0.022411,0.0223661,0.022344100000000002,0.0224034,0.0224182,0.022455100000000002,0.0224405,0.022514600000000003,0.0224845,0.0224555,0.0223735,0.0224256,0.0224259,0.0225072,0.022478,0.0226107,0.0226257,0.022559000000000003,0.0225076,0.022521799999999998,0.0224476,0.0222621,0.0223295,0.0223219,0.0223735,0.0223515,0.022351700000000002,0.0223962,0.022285,0.022306799999999998,0.022366599999999997,0.022299399999999997,0.0223217,0.0223663,0.0235591,0.0237745,0.022380900000000002,0.0253309,0.0224034,0.026108899999999997,0.0266501],"unit":"A\/cm2"},"P":{"value":[142.998,157.838,153.203,146.599,140.127,134.322,128.768,123.895,119.343,115.117,111.13,107.417,103.997,100.745,97.499,94.7019,91.8056,89.1204,86.62,84.09,81.8183,79.3453,77.108,74.7549,72.4854,70.2326,68.0165,65.8454,63.5017,61.2947,58.8416,56.4286,53.943,51.4048,48.6265,45.7702,42.7868,39.7472,36.5826,33.2859,29.9621,26.5386,23.1495,19.7316,16.3891,13.075,9.85184,6.79521,3.90217,1.11668,-1.41423,-3.7921,-5.92546,-7.88513,-9.61094,-11.0738,-12.3506,-13.4392,-14.3587,-15.0319,-15.6339,-16.1067,-16.4474,-16.6924,-16.8957,-17.0082,-17.0195,-17.0939,-17.0701,-17.03,-16.9383,-16.8149,-16.648,-16.5317,-16.4012,-16.1797,-15.9862,-15.9108,-15.7036,-15.5435,-15.4176,-15.2383,-15.0126,-14.7918,-14.5953,-14.4418,-14.21,-13.9647,-13.702,-13.4265,-13.2244,-12.9863,-12.8434,-12.6853,-12.4878,-12.3136,-12.1259,-11.8738,-11.6189,-11.3842,-11.1052,-10.9088,-10.6718,-10.4423,-10.2715,-10.0481,-9.82162,-9.57282,-9.34406,-9.10335,-8.90512,-8.70851,-8.5104,-8.29483,-8.0653,-7.81517,-7.58188,-7.37126,-7.13107,-6.91059,-6.72998,-6.50344,-6.26886,-6.04303,-5.82494,-5.59535,-5.36975,-5.1408,-4.92059,-4.69542,-4.48221,-4.24956,-4.02194,-3.80858,-3.58692,-3.36826,-3.14166,-2.92689,-2.69814,-2.47011,-2.23735,-2.01831,-1.79407,-1.5755,-1.34868,-1.13054,-0.90503,-0.676771,-0.450152,-0.225218,0,0.222621,0.44659,0.669656,0.894942,1.11758,1.3411,1.56773,1.7828,2.00762,2.23666,2.45294,2.6786,2.90762,3.29828,3.56618,3.58095,4.30626,4.03261,4.96068,5.33003],"unit":"mW\/cm2"},"efficiency":{"unit":"%","value":17.0939},"I":{"unit":"A","value":[-1.0174204909284952,-1.1305336179295624,-1.1047491995731056,-1.064324439701174,-1.0243020277481323,-0.9886392742796157,-0.9543447171824974,-0.924651013874066,-0.8969498399146211,-0.8713223052294555,-0.8471526147278549,-0.82474386339381,-0.804274279615795,-0.7848078975453575,-0.7651056563500533,-0.7486616862326574,-0.7311814300960513,-0.7151312700106723,-0.7003329775880469,-0.6850683030949839,-0.6716872998932764,-0.6564354322305229,-0.6429092849519743,-0.6281974386339381,-0.6139605122732124,-0.5996382070437567,-0.5854002134471717,-0.5713212379935966,-0.5555026680896478,-0.5406275346851653,-0.523315901814301,-0.5060725720384204,-0.48788046958377795,-0.4688975453575239,-0.44737886872998933,-0.42476200640341505,-0.40055816435432223,-0.37539487726787624,-0.3485923159018143,-0.3200352187833511,-0.2906958377801494,-0.25984311632870866,-0.2287588046958378,-0.19680576307363928,-0.1650096051227321,-0.13289647812166488,-0.10109839914621131,-0.07040864461045891,-0.040828815368196374,-0.01179967982924226,0.0150931696905016,0.0408795090715048,0.06452924226254002,0.08675560298826039,0.1068452508004269,0.12440341515474919,0.14022411953041622,0.1542241195304162,0.1665667022411953,0.17629242262540018,0.18538954108858055,0.1931419423692636,0.19946958377801494,0.20476734258271073,0.2096712913553895,0.2135506937033084,0.21623585912486656,0.21979722518676625,0.22216862326574172,0.22438313767342583,0.22596478121664884,0.22715795090715046,0.22778655282817498,0.2291334044823906,0.23031483457844182,0.23023372465314831,0.23055496264674494,0.23261152614727854,0.23276947705442902,0.23364140875133405,0.23506083244397014,0.23569370330843115,0.23561686232657417,0.23561686232657417,0.2360096051227321,0.23711953041622197,0.23695944503735325,0.23656563500533617,0.23585912486659552,0.2349050160085379,0.23522625400213446,0.2349050160085379,0.23632657417289218,0.23751334044823905,0.23798932764140876,0.2389370330843116,0.23965101387406618,0.23909711846318035,0.23846424759871931,0.23822732123799356,0.2370384204909285,0.23759658484525079,0.23727748132337245,0.23711526147278547,0.23830629669156883,0.2383041622198506,0.23822732123799356,0.23759231590181426,0.23743649946638207,0.23696157950907148,0.23759658484525079,0.23830843116328707,0.23901600853788688,0.23925720384204907,0.2390992529348986,0.2383041622198506,0.23798932764140876,0.23838954108858054,0.23782924226254,0.23791035218783352,0.23941622198505869,0.23933404482390608,0.23894130202774813,0.2388644610458911,0.2390992529348986,0.23886232657417286,0.23878335112059762,0.23854108858057627,0.238701173959445,0.23862433297758803,0.23917822838847383,0.23869903948772678,0.23846424759871931,0.23909711846318035,0.2392550693703308,0.23964887940234791,0.23949306296691567,0.24028388473852724,0.23996264674493062,0.2396531483457844,0.23877801494130202,0.23933404482390608,0.23933724653148342,0.24020490928495197,0.2398932764140875,0.2413094983991462,0.24146958377801492,0.24075773745997867,0.24020917822838844,0.24036072572038417,0.23956883671291357,0.23758911419423692,0.23830843116328707,0.23822732123799356,0.23877801494130202,0.23854322305229453,0.23854535752401282,0.23902027748132337,0.2378335112059765,0.2380661686232657,0.23870437566702238,0.23798719316969044,0.23822518676627533,0.238701173959445,0.2514311632870864,0.2537299893276414,0.2388569903948773,0.27034044823906084,0.23909711846318035,0.27864354322305224,0.28441942369263606]},"voc":{"unit":"V","value":1.0099889559106765},"jsc":{"unit":"mA\/cm2","value":22.4476},"fill_factor":{"unit":"%","value":75.3970960552027},"cell_dimension":{"value":0.0937,"unit":"cm2"},"sweep_direction":{"unit":"","value":"unknown"},"key":"unknown_4_3_231106"},{"V":{"value":[1.5,1.49,1.48,1.47,1.46,1.45,1.44,1.43,1.42,1.41,1.4,1.39,1.38,1.37,1.36,1.35,1.34,1.33,1.32,1.31,1.3,1.29,1.28,1.27,1.26,1.25,1.24,1.23,1.22,1.21,1.2,1.19,1.18,1.17,1.16,1.15,1.14,1.13,1.12,1.11,1.1,1.09,1.08,1.07,1.06,1.05,1.04,1.03,1.02,1.01,1,0.99,0.98,0.97,0.96,0.95,0.94,0.93,0.92,0.91,0.9,0.89,0.88,0.87,0.86,0.85,0.84,0.83,0.82,0.81,0.8,0.79,0.78,0.77,0.76,0.75,0.74,0.73,0.72,0.71,0.7,0.69,0.68,0.67,0.66,0.65,0.64,0.63,0.62,0.61,0.6,0.59,0.58,0.57,0.56,0.55,0.54,0.53,0.52,0.51,0.5,0.49,0.48,0.47,0.46,0.45,0.44,0.43,0.42,0.41,0.4,0.39,0.38,0.37,0.36,0.35,0.34,0.33,0.32,0.31,0.3,0.29,0.28,0.27,0.26,0.25,0.24,0.23,0.22,0.21,0.2,0.19,0.18,0.17,0.16,0.15,0.14,0.13,0.12,0.11,0.1,0.09,0.08,0.07,0.06,0.05,0.04,0.03,0.02,0.01,0,-0.01,-0.02,-0.03,-0.04,-0.05,-0.06,-0.07,-0.08,-0.09,-0.1,-0.11,-0.12,-0.13,-0.14,-0.15,-0.16,-0.17,-0.18,-0.19,-0.2],"unit":"V"},"J":{"value":[-0.0786199,-0.0820011,-0.0810376,-0.0791922,-0.07719029999999999,-0.07526260000000001,-0.0733216,-0.0714028,-0.0696159,-0.0679855,-0.0664668,-0.0649542,-0.0635541,-0.0621299,-0.0608341,-0.059565,-0.0583872,-0.0573063,-0.0563349,-0.0549187,-0.05386,-0.052689,-0.0516885,-0.0505916,-0.0494794,-0.0484561,-0.047366700000000005,-0.0462995,-0.0450845,-0.043950899999999994,-0.0427795,-0.041578899999999995,-0.0402819,-0.0388441,-0.0374878,-0.0358058,-0.034234299999999995,-0.0324552,-0.0306991,-0.0288465,-0.026844899999999998,-0.0247851,-0.0226207,-0.0204344,-0.0181961,-0.0159059,-0.0135936,-0.011266700000000001,-0.0089244,-0.00664196,-0.00438139,-0.00218768,-3.0983e-5,0.00206643,0.0040748699999999995,0.0059278,0.00772129,0.00935929,0.0108934,0.0123019,0.0135841,0.014784599999999998,0.015836700000000002,0.016726099999999997,0.017556000000000002,0.0182454,0.0188235,0.019313,0.0198166,0.020210000000000002,0.020558,0.0207803,0.0211142,0.0212771,0.0214175,0.02164,0.0218179,0.0218696,0.0219363,0.021973299999999998,0.0220178,0.0220182,0.0220106,0.02204,0.0221144,0.0222029,0.022344100000000002,0.0224407,0.0225366,0.0225741,0.0225593,0.022551400000000003,0.0225361,0.0225516,0.022603500000000002,0.022603500000000002,0.0225959,0.0226257,0.0225736,0.022529399999999998,0.022566700000000002,0.0225889,0.022581499999999997,0.0225292,0.0225959,0.0225813,0.0225887,0.0225516,0.0225665,0.0226255,0.022677600000000003,0.0226552,0.0227071,0.022684799999999998,0.022626,0.0225887,0.022581499999999997,0.022499500000000002,0.022536999999999998,0.0226033,0.0226031,0.0226406,0.022647999999999998,0.0226552,0.0226628,0.0227515,0.022781199999999998,0.0228184,0.0228407,0.0228184,0.0228036,0.022722100000000002,0.0227591,0.0227663,0.0227668,0.0227962,0.0227666,0.0227886,0.0228551,0.0228553,0.0227962,0.022722100000000002,0.0226552,0.0226332,0.0226257,0.0225959,0.0225965,0.0226626,0.0226999,0.022692399999999998,0.0227073,0.022729500000000003,0.022751300000000002,0.0227374,0.0227591,0.022774000000000003,0.0228259,0.022736899999999997,0.0228184,0.022737100000000003,0.022722100000000002,0.0227814,0.0227962,0.0227443,0.022796399999999998,0.0227668,0.022796399999999998,0.0227441,0.0227214,0.0227591,0.0226927],"unit":"A\/cm2"},"P":{"value":[117.93,122.182,119.936,116.412,112.698,109.131,105.583,102.106,98.8546,95.8595,93.0535,90.2864,87.7047,85.118,82.7344,80.4128,78.2389,76.2174,74.362,71.9436,70.018,67.9688,66.1612,64.2513,62.344,60.5702,58.7347,56.9483,55.003,53.1806,51.3354,49.4789,47.5327,45.4476,43.4859,41.1767,39.0271,36.6744,34.383,32.0196,29.5294,27.0157,24.4304,21.8648,19.2879,16.7012,14.1373,11.6047,9.10289,6.70837,4.38139,2.1658,0.0303633,-2.00444,-3.91187,-5.63141,-7.25801,-8.70414,-10.0219,-11.1947,-12.2257,-13.1583,-13.9363,-14.5517,-15.0982,-15.5086,-15.8117,-16.0298,-16.2496,-16.3701,-16.4464,-16.4164,-16.4691,-16.3833,-16.2773,-16.23,-16.1452,-15.9648,-15.7941,-15.6011,-15.4125,-15.1926,-14.9672,-14.7668,-14.5955,-14.4319,-14.3002,-14.1376,-13.9727,-13.7702,-13.5356,-13.3053,-13.071,-12.8544,-12.658,-12.4319,-12.2018,-11.9916,-11.7383,-11.49,-11.2833,-11.0686,-10.8391,-10.5887,-10.3941,-10.1616,-9.93902,-9.6972,-9.47791,-9.27646,-9.07105,-8.83552,-8.62868,-8.39338,-8.14535,-7.90604,-7.67771,-7.42485,-7.21185,-7.00702,-6.78092,-6.56576,-6.34143,-6.1169,-5.89233,-5.68788,-5.46748,-5.24824,-5.02495,-4.79187,-4.56072,-4.3172,-4.09665,-3.87028,-3.64269,-3.41943,-3.18732,-2.96251,-2.74261,-2.51408,-2.27962,-2.04499,-1.81241,-1.58432,-1.35754,-1.12979,-0.903862,-0.679878,-0.453997,-0.226924,0,0.227295,0.455026,0.682121,0.910366,1.1387,1.36955,1.59158,1.82547,2.04634,2.27221,2.50595,2.73555,2.95676,3.1915,3.41502,3.64743,3.8665,4.08986,4.32424,4.53853],"unit":"mW\/cm2"},"efficiency":{"unit":"%","value":16.4691},"I":{"unit":"A","value":[-0.839059765208111,-0.8751451440768409,-0.8648623265741728,-0.8451675560298826,-0.8238025613660618,-0.8032294557097119,-0.7825144076840982,-0.7620362860192103,-0.7429658484525079,-0.7255656350053362,-0.7093575240128068,-0.6932145144076841,-0.6782721451440769,-0.6630725720384205,-0.6492433297758805,-0.6356990394877268,-0.6231291355389541,-0.6115933831376734,-0.6012262540021345,-0.5861120597652081,-0.5748132337246531,-0.5623159018143009,-0.5516382070437567,-0.539931696905016,-0.5280618996798292,-0.5171408751334045,-0.5055144076840982,-0.4941248665955176,-0.48115795090715047,-0.4690597652081109,-0.4565581643543223,-0.4437449306296691,-0.42990288153681966,-0.4145581643543223,-0.40008324439701176,-0.38213233724653145,-0.36536072572038414,-0.34637353255069364,-0.3276318036286019,-0.30786019210245463,-0.2864983991462113,-0.2645154749199573,-0.2414162219850587,-0.2180832443970117,-0.19419530416221983,-0.16975346851654216,-0.14507577374599787,-0.12024226254002135,-0.09524439701173959,-0.07088537886872998,-0.04675976520811099,-0.02334770544290288,-0.0003306616862326574,0.022053681963713982,0.04348847385272144,0.06326360725720384,0.0824043756670224,0.09988569903948771,0.1162582710779082,0.13129028815368196,0.144974386339381,0.157786552828175,0.16901494130202777,0.17850693703308426,0.1873639274279616,0.19472145144076838,0.20089114194236926,0.20611526147278547,0.2114898612593383,0.21568836712913556,0.21940234791889007,0.22177481323372467,0.22533831376734256,0.227076840981857,0.2285752401280683,0.23094983991462112,0.23284845250800426,0.2334002134471718,0.23411205976520807,0.23450693703308428,0.23498185699039487,0.2349861259338314,0.2349050160085379,0.2352187833511206,0.23601280683030948,0.23695731056563502,0.23846424759871931,0.23949519743863393,0.24051867662753468,0.2409188900747065,0.24076093916755603,0.2406766275346852,0.24051334044823905,0.24067876200640342,0.24123265741728922,0.24123265741728922,0.24115154749199572,0.24146958377801492,0.24091355389541086,0.24044183564567767,0.24083991462113127,0.24107684098185697,0.2409978655282817,0.24043970117395944,0.24115154749199572,0.24099573105656347,0.24107470651013874,0.24067876200640342,0.240837780149413,0.24146744930629668,0.24202347918890077,0.24178441835645675,0.24233831376734258,0.2421003201707577,0.2414727854855923,0.24107470651013874,0.2409978655282817,0.24012273212379937,0.24052294557097115,0.24123052294557096,0.24122838847385272,0.24162860192102453,0.24170757737459975,0.24178441835645675,0.24186552828175026,0.24281216648879403,0.24312913553895407,0.24352614727854854,0.24376414087513337,0.24352614727854854,0.24336819637139806,0.24249839914621132,0.2428932764140875,0.24297011739594448,0.2429754535752401,0.24328922091782282,0.24297331910352188,0.2432081109925293,0.24391782283884736,0.2439199573105656,0.24328922091782282,0.24249839914621132,0.24178441835645675,0.2415496264674493,0.24146958377801492,0.24115154749199572,0.24115795090715045,0.24186339381003202,0.24226147278548557,0.2421814300960512,0.2423404482390608,0.24257737459978657,0.2428100320170758,0.2426616862326574,0.2428932764140875,0.24305229455709712,0.24360618996798292,0.24265635005336175,0.24352614727854854,0.24265848452508007,0.24249839914621132,0.24313127001067233,0.24328922091782282,0.242735325506937,0.24329135538954105,0.2429754535752401,0.24329135538954105,0.24273319103521876,0.2424909284951974,0.2428932764140875,0.2421846318036286]},"voc":{"unit":"V","value":0.9799996805978309},"jsc":{"unit":"mA\/cm2","value":22.7073},"fill_factor":{"unit":"%","value":74.00796025417513},"cell_dimension":{"value":0.0937,"unit":"cm2"},"sweep_direction":{"unit":"","value":"unknown"},"key":"unknown_4_1_231106"}]}}