{"_id":"65671e0901ee2463e21d5369","id":"CNU_HEMD-SC-00184","author":112,"group":9,"input":[{"tco":{"unit":null,"value":"ITO"}},{"etl":[{"material":{"unit":null,"value":"SnCl2\u22192H2O"},"concentration":{"unit":null,"value":"7.5"},"conc_unit":{"unit":null,"value":"mg\/ml"},"quantity":{"unit":"ml","value":"0.1"}}],"solvent":[{"material":{"unit":null,"value":"IPA"},"volume":{"unit":"ml","value":"1"}}],"spin_coating":[{"type":{"unit":null,"value":"drop&run"},"rpm":{"unit":null,"value":"3000"},"time":{"unit":"s","value":"30"}}],"annealing":[{"temperature":{"unit":"oC","value":"195"},"time":{"unit":"m","value":"1"}}]},{"etl":[{"material":{"unit":null,"value":"SnO2"},"concentration":{"unit":null,"value":"15"},"conc_unit":{"unit":null,"value":"wt%"},"quantity":{"unit":"ml","value":"0.01"}}],"solvent":[{"material":{"unit":null,"value":"DI-Water"},"volume":{"unit":"ml","value":"0.05"}}],"spin_coating":[{"type":{"unit":null,"value":"drop&run"},"rpm":{"unit":null,"value":"3000"},"time":{"unit":"s","value":"30"}}],"annealing":[{"temperature":{"unit":"oC","value":"105"},"time":{"unit":"m","value":"30"}}]},{"perovskite":{"method":{"unit":null,"value":"1step"},"molarity":{"unit":"M","value":"1.27M"},"a_site":[{"material":{"unit":null,"value":"FA"},"ratio":{"unit":"%","value":"95"}},{"material":{"unit":null,"value":"MA"},"ratio":{"unit":"%","value":"5"}}],"b_site":[{"material":{"unit":null,"value":"Pb"},"ratio":{"unit":"%","value":"110"}}],"x_site":[{"material":{"unit":null,"value":"I"},"ratio":{"unit":"%","value":"95"}},{"material":{"unit":null,"value":"Br"},"ratio":{"unit":"%","value":"5"}}],"solvent":[{"material":{"unit":null,"value":"DMF"},"volume":{"unit":"ml","value":"0.88"}},{"material":{"unit":null,"value":"DMSO"},"volume":{"unit":"ml","value":"0.11"}}],"additive":[{"material":{"unit":null,"value":"MACl"},"solvent":{"unit":null,"value":"DMF+DMSO"},"concentration":{"unit":null,"value":"0.167"},"conc_unit":{"unit":null,"value":"M"},"quantity":{"unit":"mol%","value":"44"}}],"antisolvent":[{"material":{"unit":null,"value":"DEE"},"quantity":{"unit":"ul","value":"1000"},"dripping_time":{"unit":"s","value":"12"}}],"spin_coating":[{"type":{"unit":null,"value":"drop&run"},"rpm":{"unit":null,"value":"5000"},"time":{"unit":"s","value":"14"}}],"annealing":[{"temperature":{"unit":"oC","value":"105"},"time":{"unit":"m","value":"60"}}],"atmosphere":[{"type":{"unit":null,"value":"air"},"temperature":{"unit":"oC","value":"23"},"humidity":{"unit":"RH%","value":"18"}}]}},{"htl":[{"material":{"unit":null,"value":"Spiro-OMeTAD_Merck"},"concentration":{"unit":null,"value":"0.091"},"conc_unit":{"unit":null,"value":"mg\/ml"},"quantity":{"unit":"ml","value":"0.08"}}],"solvent":[{"material":{"unit":null,"value":"CB"},"volume":{"unit":"ml","value":"1"}}],"htl_doping":[{"material":{"unit":null,"value":"tBP"},"volume":{"unit":"ul","value":"0.0354"}},{"material":{"unit":null,"value":"Li-TFSI"},"volume":{"unit":"ul","value":"0.0209"}},{"material":{"unit":null,"value":"Co-TFSI"},"volume":{"unit":"ul","value":"0.00909"}}],"spin_coating":[{"type":{"unit":null,"value":"dynamic"},"rpm":{"unit":null,"value":"5000"},"time":{"unit":"s","value":"30"}}]},{"anode_metal":{"unit":null,"value":"Au"}},{"type":{"unit":null,"value":"unit_cell"},"device_type":{"unit":null,"value":"n-i-p"},"cell_dimension":{"unit":"cm2","value":"0.0937"}}],"fileinfo":[{"key":"Reverse_[G4#C4]_Group-4_Dynamic","uploadType":"JV","original_name":"[G4#C4]_Group-4_Dynamic-IV_[231118_131900].csv","save_name":"CNU_HEMD-SC-00184\/Reverse_[G4#C4]_Group-4_Dynamic","uploader":112,"fileType":""},{"key":"Reverse_[G1#C1]_Group-1_Dynamic","uploadType":"JV","original_name":"[G1#C1]_Group-1_Dynamic-IV_[231118_132012].csv","save_name":"CNU_HEMD-SC-00184\/Reverse_[G1#C1]_Group-1_Dynamic","uploader":112,"fileType":""},{"key":"Reverse_[G1#C2]_Group-1_Dynamic","uploadType":"JV","original_name":"[G1#C2]_Group-1_Dynamic-IV_[231118_132012].csv","save_name":"CNU_HEMD-SC-00184\/Reverse_[G1#C2]_Group-1_Dynamic","uploader":112,"fileType":""},{"key":"Reverse_[G1#C3]_Group-1_Dynamic","uploadType":"JV","original_name":"[G1#C3]_Group-1_Dynamic-IV_[231118_132012].csv","save_name":"CNU_HEMD-SC-00184\/Reverse_[G1#C3]_Group-1_Dynamic","uploader":112,"fileType":""},{"key":"Reverse_[G1#C4]_Group-1_Dynamic","uploadType":"JV","original_name":"[G1#C4]_Group-1_Dynamic-IV_[231118_132012].csv","save_name":"CNU_HEMD-SC-00184\/Reverse_[G1#C4]_Group-1_Dynamic","uploader":112,"fileType":""},{"key":"Reverse_[G2#C1]_Group-2_Dynamic","uploadType":"JV","original_name":"[G2#C1]_Group-2_Dynamic-IV_[231118_132012].csv","save_name":"CNU_HEMD-SC-00184\/Reverse_[G2#C1]_Group-2_Dynamic","uploader":112,"fileType":""},{"key":"Reverse_[G2#C2]_Group-2_Dynamic","uploadType":"JV","original_name":"[G2#C2]_Group-2_Dynamic-IV_[231118_132012].csv","save_name":"CNU_HEMD-SC-00184\/Reverse_[G2#C2]_Group-2_Dynamic","uploader":112,"fileType":""},{"key":"Reverse_[G2#C3]_Group-2_Dynamic","uploadType":"JV","original_name":"[G2#C3]_Group-2_Dynamic-IV_[231118_131900].csv","save_name":"CNU_HEMD-SC-00184\/Reverse_[G2#C3]_Group-2_Dynamic","uploader":112,"fileType":""},{"key":"Reverse_[G2#C4]_Group-2_Dynamic","uploadType":"JV","original_name":"[G2#C4]_Group-2_Dynamic-IV_[231118_131900].csv","save_name":"CNU_HEMD-SC-00184\/Reverse_[G2#C4]_Group-2_Dynamic","uploader":112,"fileType":""},{"key":"Reverse_[G3#C1]_Group-3_Dynamic","uploadType":"JV","original_name":"[G3#C1]_Group-3_Dynamic-IV_[231118_131900].csv","save_name":"CNU_HEMD-SC-00184\/Reverse_[G3#C1]_Group-3_Dynamic","uploader":112,"fileType":""},{"key":"Reverse_[G3#C2]_Group-3_Dynamic","uploadType":"JV","original_name":"[G3#C2]_Group-3_Dynamic-IV_[231118_131900].csv","save_name":"CNU_HEMD-SC-00184\/Reverse_[G3#C2]_Group-3_Dynamic","uploader":112,"fileType":""},{"key":"Reverse_[G3#C3]_Group-3_Dynamic","uploadType":"JV","original_name":"[G3#C3]_Group-3_Dynamic-IV_[231118_131900].csv","save_name":"CNU_HEMD-SC-00184\/Reverse_[G3#C3]_Group-3_Dynamic","uploader":112,"fileType":""},{"key":"Reverse_[G3#C4]_Group-3_Dynamic","uploadType":"JV","original_name":"[G3#C4]_Group-3_Dynamic-IV_[231118_131900].csv","save_name":"CNU_HEMD-SC-00184\/Reverse_[G3#C4]_Group-3_Dynamic","uploader":112,"fileType":""},{"key":"Reverse_[G4#C1]_Group-4_Dynamic","uploadType":"JV","original_name":"[G4#C1]_Group-4_Dynamic-IV_[231118_131900].csv","save_name":"CNU_HEMD-SC-00184\/Reverse_[G4#C1]_Group-4_Dynamic","uploader":112,"fileType":""},{"key":"Reverse_[G4#C2]_Group-4_Dynamic","uploadType":"JV","original_name":"[G4#C2]_Group-4_Dynamic-IV_[231118_131900].csv","save_name":"CNU_HEMD-SC-00184\/Reverse_[G4#C2]_Group-4_Dynamic","uploader":112,"fileType":""},{"key":"Reverse_[G4#C3]_Group-4_Dynamic","uploadType":"JV","original_name":"[G4#C3]_Group-4_Dynamic-IV_[231118_131900].csv","save_name":"CNU_HEMD-SC-00184\/Reverse_[G4#C3]_Group-4_Dynamic","uploader":112,"fileType":""}],"jvcnt":16,"updated_at":"2024-08-30 12:54:24","created_at":"2023-11-29 11:18:33","analysisInfo":{"JV":[{"efficiency":20.376,"fill_factor":80.643,"jsc":22.964,"voc":1.1,"key":"Reverse_[G4#C4]_Group-4_Dynamic","cell_dimension":0.09370000106433105},{"efficiency":21.184,"fill_factor":82.466,"jsc":23.188,"voc":1.108,"key":"Reverse_[G4#C3]_Group-4_Dynamic","cell_dimension":0.0937000002951517},{"efficiency":20.728,"fill_factor":81.331,"jsc":23.039,"voc":1.106,"key":"Reverse_[G4#C2]_Group-4_Dynamic","cell_dimension":0.09369999896222693},{"efficiency":20.005,"fill_factor":81.314,"jsc":22.799,"voc":1.079,"key":"Reverse_[G4#C1]_Group-4_Dynamic","cell_dimension":0.09370000107354283},{"efficiency":19.838,"fill_factor":81.085,"jsc":22.804,"voc":1.073,"key":"Reverse_[G3#C4]_Group-3_Dynamic","cell_dimension":0.09370000024671324},{"efficiency":20.401,"fill_factor":82.834,"jsc":22.66,"voc":1.087,"key":"Reverse_[G3#C3]_Group-3_Dynamic","cell_dimension":0.09369999949216627},{"efficiency":19.767,"fill_factor":81.326,"jsc":22.438,"voc":1.083,"key":"Reverse_[G3#C2]_Group-3_Dynamic","cell_dimension":0.09369999943917198},{"efficiency":19.294,"fill_factor":80.209,"jsc":22.322,"voc":1.078,"key":"Reverse_[G3#C1]_Group-3_Dynamic","cell_dimension":0.0936999995448176},{"efficiency":18.985,"fill_factor":79.241,"jsc":22.922,"voc":1.045,"key":"Reverse_[G2#C4]_Group-2_Dynamic","cell_dimension":0.09370000017308085},{"efficiency":19.515,"fill_factor":80.682,"jsc":22.996,"voc":1.052,"key":"Reverse_[G2#C3]_Group-2_Dynamic","cell_dimension":0.09370000098021194},{"efficiency":18.617,"fill_factor":77.959,"jsc":22.306,"voc":1.071,"key":"Reverse_[G2#C2]_Group-2_Dynamic","cell_dimension":0.09370000037356335},{"efficiency":17.095,"fill_factor":78.314,"jsc":20.446,"voc":1.068,"key":"Reverse_[G2#C1]_Group-2_Dynamic","cell_dimension":0.09369999981433938},{"efficiency":18.94,"fill_factor":77.319,"jsc":22.601,"voc":1.084,"key":"Reverse_[G1#C4]_Group-1_Dynamic","cell_dimension":0.0937000001158578},{"efficiency":19.895,"fill_factor":80.356,"jsc":22.741,"voc":1.089,"key":"Reverse_[G1#C3]_Group-1_Dynamic","cell_dimension":0.0937000004092592},{"efficiency":18.189,"fill_factor":77.259,"jsc":21.62,"voc":1.089,"key":"Reverse_[G1#C2]_Group-1_Dynamic","cell_dimension":0.09369999915509411},{"efficiency":11.956,"fill_factor":57.988,"jsc":19.348,"voc":1.066,"key":"Reverse_[G1#C1]_Group-1_Dynamic","cell_dimension":0.09369999880475093}]},"public":2,"tags":[],"analysis":{"JV":[{"V":{"value":[1.2,1.15,1.1,1.05,1,0.95,0.9,0.85,0.8,0.75,0.7,0.65,0.6,0.55,0.5,0.45,0.4,0.35,0.3,0.25,0.2,0.15,0.1,0.05,0,-0.05,-0.1,-0.15,-0.2],"unit":"V"},"J":{"value":[-0.034011974,-0.015642263,8.9653469e-5,0.012001772,0.018785443000000002,0.02144809,0.022296137,0.022598495,0.022732999,0.022790491,0.022833565,0.022855336,0.022867161,0.022881249,0.022891612,0.022893339999999998,0.022924952000000002,0.02292127,0.022920117,0.022947513,0.022937887,0.022957129,0.022966894,0.022957748,0.022963629,0.022982412,0.022958463,0.022963629,0.022977471000000003],"unit":"A\/cm2"},"power_density":{"value":[-40.814675,-17.988883,0.098619533,12.601992,18.785706,20.37588,20.066753,19.208827,18.186604,17.093037,15.98355,14.855966,13.720283,12.584533,11.445577,10.302429,9.170295,8.02282,6.876221,5.736961,4.587683,3.443505,2.296512,1.147656,-0.000366821922,-1.148555,-2.295516,-3.443796,-4.59514],"unit":"mW\/cm2"},"I":{"value":[-0.003186922,-0.00146568,8.400529999999999e-6,0.001124566,0.0017601960000000001,0.0020096859999999997,0.002089148,0.002117479,0.0021300819999999997,0.002135469,0.0021395050000000003,0.002141545,0.002142653,0.002143973,0.002144944,0.0021451060000000004,0.002148068,0.0021477230000000003,0.002147615,0.002150182,0.00214928,0.002151083,0.002151998,0.002151141,0.002151692,0.002153452,0.002151208,0.002151692,0.0021529889999999997],"unit":"A"},"power":{"value":[-3.824335,-1.685558,0.00924065,1.180807,1.760221,1.90922,1.880255,1.799867,1.704085,1.601618,1.497659,1.392004,1.285591,1.179171,1.072451,0.965337599,0.859256629,0.751738273,0.644301896,0.537553241,0.429865887,0.322656427,0.215183187,0.10753541,-3.4371214e-5,-0.107619625,-0.215089823,-0.322683655,-0.430564644],"unit":"mW"},"resistance":{"value":[-376.541691,-784.631025,130945.071,933.703313,568.126504,472.71519,430.802557,401.422966,375.576621,351.21437,327.179605,303.519142,280.026397,256.529956,233.101657,209.788514,186.220222,162.970923,139.693614,116.270902,93.056558,69.731015,46.464857,23.238802,-0.007423944,-23.207111,-46.478816,-69.697429,-92.886959],"unit":"ohms"},"conductance":{"value":[-0.002655748,-0.001274484,7.63679e-6,0.001071004,0.001760171,0.002115439,0.002321249,0.002491138,0.002662573,0.002847264,0.003056425,0.003294685,0.003571092,0.00389818,0.004289974,0.004766705,0.005369986,0.006136064,0.007158523,0.008600604,0.010746153,0.014340821,0.021521641,0.043031478,-134.6993,-0.04309024,-0.021515178,-0.014347732,-0.010765774],"unit":"S"},"timestamps":{"value":[0.02,0.054,0.08800001,0.122,0.156,0.191,0.225,0.259,0.293,0.327,0.361,0.396,0.43,0.464,0.498,0.532,0.567,0.601,0.6350001,0.669,0.703,0.738,0.772,0.8060001,0.84,0.8750001,0.909,0.943,0.9770001],"unit":"s"},"sweep_direction":{"unit":"","value":"Reverse"},"p_max":{"unit":"mW","value":1.909},"v_p_max":{"unit":"V","value":0.95},"i_p_max":{"unit":"mA","value":2.01},"isc":{"unit":"mA","value":2.152},"voc":{"unit":"V","value":1.1},"jsc":{"unit":"mA\/cm2","value":22.964},"fill_factor":{"unit":"%","value":80.643},"efficiency":{"unit":"%","value":20.376},"r_s":{"unit":"ohms","value":38.896},"r_sh":{"unit":"ohms","value":7288.952},"temperature":{"unit":"oC","value":100},"cell_dimension":{"value":0.09370000106433105,"unit":"cm2"},"key":"Reverse_[G4#C4]_Group-4_Dynamic"},{"V":{"value":[1.2,1.15,1.1,1.05,1,0.95,0.9,0.85,0.8,0.75,0.7,0.65,0.6,0.55,0.5,0.45,0.4,0.35,0.3,0.25,0.2,0.15,0.1,0.05,0,-0.05,-0.1,-0.15,-0.2],"unit":"V"},"J":{"value":[-0.044722764,-0.017862188,0.003320637,0.015922102,0.020844333,0.022299221,0.022747012,0.022913201999999997,0.022982017,0.023030288,0.023053767,0.023071708,0.023100672,0.023117855,0.023116681,0.023132796,0.023132465,0.023125986999999997,0.023123830999999997,0.023119029000000003,0.023141868,0.02315095,0.023157032999999997,0.023165026999999998,0.023187769,0.023201046000000003,0.023197663,0.023199498,0.023198419999999997],"unit":"A\/cm2"},"power_density":{"value":[-53.667719,-20.541873,3.652744,16.718415,20.844646,21.184494,20.472556,19.476357,18.385843,17.272903,16.13772,14.996601,13.860413,12.714702,11.558158,10.410228,9.253324,8.094456,6.937318,5.77984,4.628468,3.472601,2.315508,1.158035,-0.000353817305,-1.159498,-2.319449,-3.479185,-4.639331],"unit":"mW\/cm2"},"I":{"value":[-0.004190523,-0.0016736869999999999,0.0003111437,0.001491901,0.001953114,0.0020894370000000004,0.002131395,0.002146967,0.0021534149999999997,0.0021579380000000003,0.002160138,0.0021618189999999997,0.002164533,0.0021661429999999997,0.002166033,0.002167543,0.002167512,0.002166905,0.002166703,0.0021662530000000004,0.0021683930000000002,0.002169244,0.002169814,0.002170563,0.0021726939999999998,0.0021739380000000003,0.0021736209999999997,0.002173793,0.002173692],"unit":"A"},"power":{"value":[-5.028665,-1.924774,0.342262115,1.566515,1.953143,1.984987,1.918279,1.824935,1.722754,1.618471,1.512104,1.405181,1.298721,1.191368,1.082999,0.975438351,0.867036446,0.758450554,0.650026717,0.541571049,0.43368749,0.325382695,0.216963087,0.108507855,-3.3152681e-5,-0.108644965,-0.217332343,-0.325999606,-0.43470536],"unit":"mW"},"resistance":{"value":[-286.362585,-687.117723,3535.386,703.808765,512.010564,454.672957,422.263729,395.910091,371.507582,347.557761,324.055037,300.672535,277.196236,253.905167,230.833094,207.617704,184.55012,161.527893,138.462586,115.408311,92.236094,69.147685,46.08301,23.031191,-0.007022982,-22.988747,-45.999882,-68.989136,-92.002363],"unit":"ohms"},"conductance":{"value":[-0.003492076,-0.001455355,0.000282854566,0.001420841,0.001953085,0.002199383,0.002368188,0.002525826,0.002691735,0.00287722,0.003085896,0.003325877,0.003607553,0.003938478,0.004332134,0.004816545,0.005418582,0.006190881,0.007222168,0.008664887,0.010841743,0.0144618,0.021699971,0.043419379,-142.389665,-0.043499544,-0.021739186,-0.014495036,-0.010869286],"unit":"S"},"timestamps":{"value":[0.02,0.054,0.08800001,0.122,0.156,0.19,0.225,0.259,0.293,0.327,0.361,0.396,0.43,0.464,0.498,0.532,0.567,0.601,0.6350001,0.669,0.703,0.738,0.772,0.8060001,0.84,0.8750001,0.909,0.943,0.9770001],"unit":"s"},"sweep_direction":{"unit":"","value":"Reverse"},"p_max":{"unit":"mW","value":1.985},"v_p_max":{"unit":"V","value":0.95},"i_p_max":{"unit":"mA","value":2.089},"isc":{"unit":"mA","value":2.173},"voc":{"unit":"V","value":1.108},"jsc":{"unit":"mA\/cm2","value":23.188},"fill_factor":{"unit":"%","value":82.466},"efficiency":{"unit":"%","value":21.184},"r_s":{"unit":"ohms","value":30.169},"r_sh":{"unit":"ohms","value":13803.566},"temperature":{"unit":"oC","value":100},"cell_dimension":{"value":0.0937000002951517,"unit":"cm2"},"key":"Reverse_[G4#C3]_Group-4_Dynamic"},{"V":{"value":[1.2,1.15,1.1,1.05,1,0.95,0.9,0.85,0.8,0.75,0.7,0.65,0.6,0.55,0.5,0.45,0.4,0.35,0.3,0.25,0.2,0.15,0.1,0.05,0,-0.05,-0.1,-0.15,-0.2],"unit":"V"},"J":{"value":[-0.033822423,-0.014100640000000001,0.001990506,0.013569637,0.019600854,0.021818517,0.022518645,0.022767641,0.022879584,0.022917118,0.022946617,0.022963234,0.022962700000000003,0.022970544,0.022980170999999997,0.02297635,0.022991697,0.023003266,0.023008997,0.023021398000000002,0.023031120999999998,0.023017759000000002,0.023032551000000002,0.023037118,0.023038975,0.023073147999999998,0.023044899,0.023048378,0.023053404],"unit":"A\/cm2"},"power_density":{"value":[-40.587313,-16.216018,2.189582,14.248295,19.601148,20.727789,20.267023,19.352607,18.303896,17.188024,16.062703,14.926093,13.777622,12.633673,11.489915,10.339812,9.19701,8.051513,6.90289,5.755393,4.606323,3.452611,2.303066,1.151613,-0.000373518468,-1.153112,-2.304174,-3.456549,-4.610347],"unit":"mW\/cm2"},"I":{"value":[-0.0031691609999999998,-0.0013212299999999998,0.0001865104,0.001271475,0.0018366,0.002044395,0.0021099969999999997,0.0021333280000000003,0.0021438169999999997,0.002147334,0.002150098,0.0021516549999999997,0.002151605,0.00215234,0.002153242,0.002152884,0.002154322,0.0021554060000000003,0.002155943,0.002157105,0.002158016,0.002156764,0.00215815,0.002158578,0.002158752,0.0021619540000000002,0.002159307,0.0021596329999999998,0.002160104],"unit":"A"},"power":{"value":[-3.803031,-1.519441,0.205163865,1.335065,1.836628,1.942194,1.89902,1.813339,1.715075,1.610518,1.505075,1.398575,1.290963,1.183775,1.076605,0.968840427,0.861759822,0.754426802,0.646800794,0.539280348,0.431612479,0.323509639,0.215797303,0.107906149,-3.499868e-5,-0.10804657,-0.215901139,-0.323878649,-0.431989478],"unit":"mW"},"resistance":{"value":[-378.652899,-870.416203,5897.864,825.822765,544.492541,464.689603,426.546009,398.440793,373.170844,349.274077,325.567997,302.092854,278.86164,255.53328,232.204555,209.031141,185.679949,162.38987,139.154096,115.896954,92.679711,69.547572,46.332183,23.158515,-0.007510108,-23.116287,-46.304814,-69.44203,-92.581422],"unit":"ohms"},"conductance":{"value":[-0.002640941,-0.001148876,0.000169552905,0.001210914,0.001836572,0.002151974,0.002344413,0.002509783,0.002679738,0.002863081,0.003071555,0.00331024,0.003586008,0.003913385,0.004306548,0.004783976,0.005385611,0.00615802,0.007186278,0.008628354,0.010789848,0.014378647,0.02158327,0.043180662,-133.153883,-0.043259542,-0.021596026,-0.014400501,-0.010801303],"unit":"S"},"timestamps":{"value":[0.019,0.053,0.087,0.122,0.156,0.19,0.224,0.258,0.292,0.327,0.361,0.395,0.429,0.463,0.498,0.532,0.566,0.6,0.634,0.669,0.703,0.737,0.771,0.8050001,0.84,0.874,0.9080001,0.942,0.9770001],"unit":"s"},"sweep_direction":{"unit":"","value":"Reverse"},"p_max":{"unit":"mW","value":1.942},"v_p_max":{"unit":"V","value":0.95},"i_p_max":{"unit":"mA","value":2.044},"isc":{"unit":"mA","value":2.159},"voc":{"unit":"V","value":1.106},"jsc":{"unit":"mA\/cm2","value":23.039},"fill_factor":{"unit":"%","value":81.331},"efficiency":{"unit":"%","value":20.728},"r_s":{"unit":"ohms","value":38.13},"r_sh":{"unit":"ohms","value":8970.462},"temperature":{"unit":"oC","value":100},"cell_dimension":{"value":0.09369999896222693,"unit":"cm2"},"key":"Reverse_[G4#C2]_Group-4_Dynamic"},{"V":{"value":[1.2,1.15,1.1,1.05,1,0.95,0.9,0.85,0.8,0.75,0.7,0.65,0.6,0.55,0.5,0.45,0.4,0.35,0.3,0.25,0.2,0.15,0.1,0.05,0,-0.05,-0.1,-0.15,-0.2],"unit":"V"},"J":{"value":[-0.041358387999999996,-0.024207193000000002,-0.006173407,0.008571507,0.017500810999999998,0.02105793,0.022131900000000003,0.022468314,0.022590961,0.022643084,0.022684332999999997,0.022699402,0.022708687,0.022722304999999998,0.022739039,0.022739381000000003,0.022763905999999997,0.022768026,0.022769594,0.022786734,0.022777407,0.022789872,0.02279333,0.022777748,0.022799477,0.022813383000000003,0.022812967,0.022818218,0.022810704],"unit":"A\/cm2"},"power_density":{"value":[-49.630314,-27.838684,-6.790815,9.000177,17.501056,20.005225,19.918938,19.098134,18.072979,16.982485,15.879094,14.754591,13.62519,12.497143,11.369324,10.233151,9.105874,7.969155,6.831045,5.696743,4.555563,3.418401,2.279097,1.138642,-0.00036963561,-1.140135,-2.280995,-3.422028,-4.561799],"unit":"mW\/cm2"},"I":{"value":[-0.0038752810000000004,-0.002268214,-0.0005784481999999999,0.0008031502,0.001639826,0.001973128,0.002073759,0.002105281,0.0021167729999999997,0.002121657,0.0021255220000000003,0.002126934,0.0021278039999999996,0.00212908,0.0021306479999999997,0.00213068,0.0021329780000000002,0.002133364,0.002133511,0.002135117,0.002134243,0.002135411,0.002135735,0.002134275,0.002136311,0.002137614,0.002137575,0.002138067,0.002137363],"unit":"A"},"power":{"value":[-4.65036,-2.608485,-0.636299383,0.843316545,1.639849,1.87449,1.866404,1.789495,1.693438,1.591259,1.487871,1.382505,1.27668,1.170982,1.065306,0.95884627,0.853220422,0.746709827,0.640068875,0.533784801,0.426856283,0.320304176,0.213551395,0.106690743,-3.4634857e-5,-0.106830658,-0.213729263,-0.320643984,-0.42744054],"unit":"mW"},"resistance":{"value":[-309.656513,-507.014329,-1901.659,1307.366,609.829336,481.47363,433.999467,403.748003,377.938163,353.500872,329.332136,305.603794,281.980389,258.324957,234.666355,211.209051,187.537659,164.067267,140.616711,117.09082,93.711728,70.24245,46.817442,23.422108,-0.007588998,-23.379614,-46.775804,-70.142376,-93.566231],"unit":"ohms"},"conductance":{"value":[-0.003229385,-0.001972331,-0.000525856741,0.000764896939,0.001639803,0.002076957,0.00230415,0.002476792,0.002645935,0.002828847,0.003036448,0.003272211,0.003546346,0.003871093,0.004261369,0.004734646,0.005332262,0.006095061,0.00711153,0.008540379,0.010671023,0.014236406,0.021359561,0.042694705,-131.769701,-0.042772306,-0.021378574,-0.014256717,-0.010687617],"unit":"S"},"timestamps":{"value":[0.02,0.054,0.08800001,0.122,0.157,0.191,0.225,0.259,0.293,0.328,0.362,0.396,0.43,0.464,0.498,0.5330001,0.567,0.601,0.6350001,0.669,0.7040001,0.738,0.772,0.8060001,0.84,0.8750001,0.909,0.943,0.9770001],"unit":"s"},"sweep_direction":{"unit":"","value":"Reverse"},"p_max":{"unit":"mW","value":1.874},"v_p_max":{"unit":"V","value":0.95},"i_p_max":{"unit":"mA","value":1.973},"isc":{"unit":"mA","value":2.136},"voc":{"unit":"V","value":1.079},"jsc":{"unit":"mA\/cm2","value":22.799},"fill_factor":{"unit":"%","value":81.314},"efficiency":{"unit":"%","value":20.005},"r_s":{"unit":"ohms","value":34.957},"r_sh":{"unit":"ohms","value":6061.837},"temperature":{"unit":"oC","value":100},"cell_dimension":{"value":0.09370000107354283,"unit":"cm2"},"key":"Reverse_[G4#C1]_Group-4_Dynamic"},{"V":{"value":[1.2,1.15,1.1,1.05,1,0.95,0.9,0.85,0.8,0.75,0.7,0.65,0.6,0.55,0.5,0.45,0.4,0.35,0.3,0.25,0.2,0.15,0.1,0.05,0,-0.05,-0.1,-0.15,-0.2],"unit":"V"},"J":{"value":[-0.044180843000000004,-0.027298100000000002,-0.008555366,0.007222689,0.016977012,0.020874845,0.022042284,0.022399947,0.022540565999999998,0.022607065,0.022648686999999997,0.022681056999999998,0.022686381999999998,0.022712444000000002,0.022731921,0.022720971,0.022731185,0.022740288,0.022736083,0.02276794,0.022788122,0.022802038,0.022799157,0.022795315,0.022803629000000002,0.022831472999999998,0.02281174,0.022808239,0.022813767],"unit":"A\/cm2"},"power_density":{"value":[-53.017233,-31.393279,-9.410988,7.583903,16.977249,19.831303,19.838283,19.040076,18.032667,16.955471,15.854131,14.742666,13.611807,12.491708,11.365781,10.224887,9.092797,7.959474,6.820998,5.69206,4.557722,3.420237,2.279723,1.139542,-0.000358829462,-1.141012,-2.280845,-3.42052,-4.562411],"unit":"mW\/cm2"},"I":{"value":[-0.004139744999999999,-0.002557832,-0.0008016378,0.000676766,0.001590746,0.001955973,0.002065362,0.002098875,0.002112051,0.0021182820000000004,0.002122182,0.0021252149999999997,0.002125714,0.002128156,0.002129981,0.002128955,0.002129912,0.0021307649999999997,0.002130371,0.002133356,0.0021352470000000003,0.002136551,0.002136281,0.0021359210000000003,0.0021366999999999996,0.002139309,0.00213746,0.002137132,0.0021376499999999996],"unit":"A"},"power":{"value":[-4.967715,-2.94155,-0.881809596,0.710611744,1.590768,1.858193,1.858847,1.784055,1.689661,1.588728,1.485532,1.381388,1.275426,1.170473,1.064974,0.958071903,0.851995045,0.745802695,0.639127491,0.53334604,0.427058582,0.32047624,0.21361007,0.106775075,-3.3622321e-5,-0.106912823,-0.213715221,-0.320502694,-0.427497935],"unit":"mW"},"resistance":{"value":[-289.874135,-449.606151,-1372.203,1551.513,628.644674,485.696684,435.763948,404.981431,378.78323,354.064095,329.85022,305.850984,282.257632,258.436882,234.740169,211.380607,187.807853,164.267951,140.82411,117.187802,93.667993,70.205205,46.806371,23.404508,-0.007364455,-23.360534,-46.777764,-70.17283,-93.553669],"unit":"ohms"},"conductance":{"value":[-0.003449773,-0.002224169,-0.000728755011,0.000644532295,0.001590724,0.002058898,0.00229482,0.002469249,0.002640032,0.002824347,0.003031679,0.003269566,0.003542863,0.003869417,0.004260029,0.004730803,0.005324591,0.006087615,0.007101057,0.008533311,0.010676005,0.014243958,0.021364613,0.042726812,-135.787382,-0.042807241,-0.021377678,-0.01425053,-0.010689052],"unit":"S"},"timestamps":{"value":[0.019,0.053,0.087,0.122,0.156,0.19,0.224,0.258,0.293,0.327,0.361,0.395,0.429,0.463,0.498,0.532,0.566,0.6,0.634,0.669,0.703,0.737,0.771,0.8050001,0.84,0.874,0.9080001,0.943,0.9770001],"unit":"s"},"sweep_direction":{"unit":"","value":"Reverse"},"p_max":{"unit":"mW","value":1.859},"v_p_max":{"unit":"V","value":0.9},"i_p_max":{"unit":"mA","value":2.065},"isc":{"unit":"mA","value":2.137},"voc":{"unit":"V","value":1.073},"jsc":{"unit":"mA\/cm2","value":22.804},"fill_factor":{"unit":"%","value":81.085},"efficiency":{"unit":"%","value":19.838},"r_s":{"unit":"ohms","value":37.823},"r_sh":{"unit":"ohms","value":15699.181},"temperature":{"unit":"oC","value":100},"cell_dimension":{"value":0.09370000024671324,"unit":"cm2"},"key":"Reverse_[G3#C4]_Group-3_Dynamic"},{"V":{"value":[1.2,1.15,1.1,1.05,1,0.95,0.9,0.85,0.8,0.75,0.7,0.65,0.6,0.55,0.5,0.45,0.4,0.35,0.3,0.25,0.2,0.15,0.1,0.05,0,-0.05,-0.1,-0.15,-0.2],"unit":"V"},"J":{"value":[-0.047062647,-0.025662144999999997,-0.004100682,0.011488762,0.019036297,0.021474088,0.022191376999999998,0.022419808,0.022512956,0.022552582999999998,0.022581996,0.022586649,0.02261794,0.02262191,0.022630245,0.02264,0.022643446999999997,0.022641974000000002,0.022670064,0.022660993,0.022668869,0.022680043,0.022657321,0.022654792,0.022660043,0.022665272,0.022661708,0.022665527999999997,0.022677278999999998],"unit":"A\/cm2"},"power_density":{"value":[-56.475411,-29.511903,-4.510799,12.063326,19.036563,20.400574,19.972474,19.056951,18.010563,16.914599,15.807462,14.681297,13.570735,12.441888,11.314917,10.188444,9.057694,7.925044,6.801207,5.665314,4.533855,3.401934,2.265546,1.132501,-0.000367375036,-1.132711,-2.265844,-3.399133,-4.535111],"unit":"mW\/cm2"},"I":{"value":[-0.00440977,-0.002404543,-0.00038423390000000003,0.001076497,0.001783701,0.0020121220000000003,0.002079332,0.0021007359999999997,0.002109464,0.002113177,0.002115933,0.0021163690000000003,0.002119301,0.0021196730000000003,0.002120454,0.0021213679999999998,0.002121691,0.002121553,0.0021241850000000002,0.002123335,0.002124073,0.00212512,0.002122991,0.002122754,0.002123246,0.002123736,0.002123402,0.0021237599999999997,0.002124861],"unit":"A"},"power":{"value":[-5.291746,-2.765265,-0.422661901,1.130334,1.783726,1.911534,1.871421,1.785636,1.68759,1.584898,1.481159,1.375638,1.271578,1.165805,1.060208,0.954657179,0.848705892,0.742576646,0.637273131,0.530839908,0.424822247,0.3187612,0.212281691,0.106115326,-3.4423041e-5,-0.106135045,-0.212309623,-0.318498801,-0.424939902],"unit":"mW"},"resistance":{"value":[-272.12417,-478.268428,-2862.871,975.396123,560.639928,472.142793,432.836411,404.622523,379.24743,354.919252,330.8247,307.129286,283.111601,259.470588,235.794269,212.136508,188.535418,164.980842,141.234544,117.740677,94.160417,70.582744,47.099493,23.549342,-0.007635696,-23.531941,-47.087457,-70.614994,-94.11665],"unit":"ohms"},"conductance":{"value":[-0.003674793,-0.002090876,-0.000349299735,0.001025224,0.001783676,0.002118003,0.002310342,0.002471439,0.002636801,0.002817542,0.003022749,0.003255958,0.003532176,0.003854001,0.004240985,0.004713946,0.005304043,0.00606131,0.007080421,0.008493241,0.010620174,0.014167769,0.021231651,0.042464031,-130.963839,-0.042495432,-0.021237078,-0.014161298,-0.010625113],"unit":"S"},"timestamps":{"value":[0.019,0.053,0.087,0.122,0.156,0.19,0.224,0.258,0.293,0.327,0.361,0.395,0.429,0.464,0.498,0.532,0.566,0.6,0.634,0.669,0.703,0.737,0.771,0.8050001,0.84,0.874,0.9080001,0.943,0.9770001],"unit":"s"},"sweep_direction":{"unit":"","value":"Reverse"},"p_max":{"unit":"mW","value":1.912},"v_p_max":{"unit":"V","value":0.95},"i_p_max":{"unit":"mA","value":2.012},"isc":{"unit":"mA","value":2.123},"voc":{"unit":"V","value":1.087},"jsc":{"unit":"mA\/cm2","value":22.66},"fill_factor":{"unit":"%","value":82.834},"efficiency":{"unit":"%","value":20.401},"r_s":{"unit":"ohms","value":30.571},"r_sh":{"unit":"ohms","value":8802.468},"temperature":{"unit":"oC","value":100},"cell_dimension":{"value":0.09369999949216627,"unit":"cm2"},"key":"Reverse_[G3#C3]_Group-3_Dynamic"},{"V":{"value":[1.2,1.15,1.1,1.05,1,0.95,0.9,0.85,0.8,0.75,0.7,0.65,0.6,0.55,0.5,0.45,0.4,0.35,0.3,0.25,0.2,0.15,0.1,0.05,0,-0.05,-0.1,-0.15,-0.2],"unit":"V"},"J":{"value":[-0.04101079,-0.022973372000000002,-0.004780955,0.009510821,0.017706041,0.020807396000000002,0.021742134,0.022048783,0.022166713,0.022220085,0.022265986999999998,0.022291889000000002,0.022311749999999998,0.02233127,0.022343276,0.022355101000000002,0.022384184,0.022381505,0.022389733,0.022400523,0.022408581,0.022412038,0.022425571000000002,0.022422571999999998,0.022437556,0.022450683000000003,0.0224408,0.022442134,0.022430203],"unit":"A\/cm2"},"power_density":{"value":[-49.213276,-26.419792,-5.259108,9.986485,17.706306,19.767245,19.568178,18.741616,17.733596,16.665255,15.586293,14.489741,13.387059,12.282085,11.171473,10.060223,8.954007,7.833883,6.717117,5.600223,4.481812,3.361765,2.242405,1.120914,-0.000347719518,-1.121971,-2.243757,-3.365589,-4.485704],"unit":"mW\/cm2"},"I":{"value":[-0.003842711,-0.0021526049999999997,-0.00044797550000000004,0.0008911639,0.0016590560000000001,0.001949653,0.002037238,0.0020659709999999998,0.0020770209999999996,0.0020820219999999998,0.002086323,0.00208875,0.002090611,0.0020924399999999997,0.002093565,0.0020946729999999996,0.002097398,0.002097147,0.002097918,0.0020989290000000002,0.002099684,0.002100008,0.002101276,0.002100995,0.002102399,0.002103629,0.002102703,0.002102828,0.00210171],"unit":"A"},"power":{"value":[-4.611284,-2.475534,-0.492778426,0.93573368,1.659081,1.852191,1.833538,1.756089,1.661638,1.561534,1.460436,1.357689,1.254367,1.150831,1.046767,0.942642858,0.838990451,0.734034795,0.629393862,0.524740856,0.419945829,0.31499742,0.210113374,0.105029622,-3.2581319e-5,-0.105128691,-0.210240021,-0.315355648,-0.420310474],"unit":"mW"},"resistance":{"value":[-312.281616,-534.244787,-2455.518,1178.249,602.76145,487.271581,441.780391,411.432106,385.171936,360.230872,335.520722,311.191191,286.997629,262.848588,238.823538,214.839786,190.719596,166.900985,143.003111,119.110318,95.254476,71.427442,47.586909,23.793688,-0.007371203,-23.756527,-47.550986,-71.317007,-95.15347],"unit":"ohms"},"conductance":{"value":[-0.003202238,-0.001871801,-0.000407246012,0.000848717016,0.001659031,0.002052244,0.002263568,0.002430535,0.002596243,0.002775998,0.002980442,0.003213459,0.003484349,0.003804472,0.004187192,0.004654631,0.0052433,0.005991576,0.006992855,0.008395578,0.010498194,0.014000221,0.021014183,0.042027953,-135.663065,-0.042093694,-0.021030058,-0.014021901,-0.010509338],"unit":"S"},"timestamps":{"value":[0.02,0.054,0.08800001,0.122,0.156,0.19,0.225,0.259,0.293,0.327,0.361,0.396,0.43,0.464,0.498,0.532,0.567,0.601,0.6350001,0.669,0.703,0.738,0.772,0.8060001,0.84,0.8750001,0.909,0.943,0.9770001],"unit":"s"},"sweep_direction":{"unit":"","value":"Reverse"},"p_max":{"unit":"mW","value":1.852},"v_p_max":{"unit":"V","value":0.95},"i_p_max":{"unit":"mA","value":1.95},"isc":{"unit":"mA","value":2.102},"voc":{"unit":"V","value":1.083},"jsc":{"unit":"mA\/cm2","value":22.438},"fill_factor":{"unit":"%","value":81.326},"efficiency":{"unit":"%","value":19.767},"r_s":{"unit":"ohms","value":34.915},"r_sh":{"unit":"ohms","value":6980.851},"temperature":{"unit":"oC","value":100},"cell_dimension":{"value":0.09369999943917198,"unit":"cm2"},"key":"Reverse_[G3#C2]_Group-3_Dynamic"},{"V":{"value":[1.2,1.15,1.1,1.05,1,0.95,0.9,0.85,0.8,0.75,0.7,0.65,0.6,0.55,0.5,0.45,0.4,0.35,0.3,0.25,0.2,0.15,0.1,0.05,0,-0.05,-0.1,-0.15,-0.2],"unit":"V"},"J":{"value":[-0.041302124,-0.024802028,-0.006618931,0.008150255,0.016845047999999998,0.020308933,0.021435464,0.021798154,0.02195349,0.022057279000000003,0.022113693,0.022152124000000002,0.022179392,0.022194877000000002,0.022221302000000002,0.022236243000000003,0.022248505999999998,0.022271313,0.022283853,0.022296499,0.022315998,0.022324845,0.022319136,0.022327054,0.0223219,0.022347524,0.022357471,0.02237285,0.022390822],"unit":"A\/cm2"},"power_density":{"value":[-49.562796,-28.522778,-7.280897,8.557849,16.845301,19.293675,19.292149,18.528548,17.562985,16.543149,15.479664,14.398872,13.307633,12.207045,11.110475,10.006772,8.899718,7.795318,6.685303,5.574183,4.463296,3.34868,2.231731,1.116139,-0.000356570918,-1.116842,-2.235446,-3.355205,-4.477824],"unit":"mW\/cm2"},"I":{"value":[-0.003870009,-0.00232395,-0.0006201938000000001,0.0007636789,0.001578381,0.0019029469999999999,0.002008503,0.002042487,0.0020570420000000002,0.002066767,0.002072053,0.002075654,0.002078209,0.00207966,0.002082136,0.002083536,0.0020846849999999998,0.0020868220000000003,0.0020879970000000003,0.002089182,0.002091009,0.002091838,0.002091303,0.0020920450000000003,0.002091562,0.002093963,0.0020948950000000003,0.002096336,0.00209802],"unit":"A"},"power":{"value":[-4.644034,-2.672584,-0.682220002,0.801870482,1.578405,1.807817,1.807674,1.736125,1.645652,1.550093,1.450445,1.349174,1.246925,1.1438,1.041052,0.937634538,0.833903603,0.730421298,0.626412881,0.522300932,0.418210791,0.313771307,0.209113151,0.104582208,-3.3410695e-5,-0.104648125,-0.209461324,-0.314382688,-0.41957211],"unit":"mW"},"resistance":{"value":[-310.078349,-494.854881,-1773.657,1374.937,633.570095,499.230562,448.100302,416.161963,388.912234,362.889769,337.830934,313.154119,288.710086,264.463326,240.134218,215.988973,191.882323,167.726859,143.681528,119.665304,95.64966,71.70627,47.813158,23.89548,-0.007637373,-23.866759,-47.728669,-71.538007,-95.320731],"unit":"ohms"},"conductance":{"value":[-0.003224991,-0.002020794,-0.000563806907,0.000727306311,0.001578357,0.002003082,0.002231643,0.002402911,0.002571274,0.002755658,0.00296006,0.003193316,0.003463682,0.003781243,0.004164338,0.004629866,0.005211527,0.005962074,0.006959837,0.008356641,0.01045482,0.013945782,0.020914745,0.041848918,-130.935067,-0.041899279,-0.020951768,-0.013978583,-0.010490897],"unit":"S"},"timestamps":{"value":[0.02,0.054,0.08800001,0.122,0.156,0.191,0.225,0.259,0.293,0.327,0.361,0.396,0.43,0.464,0.498,0.532,0.567,0.601,0.6350001,0.669,0.703,0.738,0.772,0.8060001,0.84,0.8750001,0.909,0.943,0.9770001],"unit":"s"},"sweep_direction":{"unit":"","value":"Reverse"},"p_max":{"unit":"mW","value":1.808},"v_p_max":{"unit":"V","value":0.95},"i_p_max":{"unit":"mA","value":1.903},"isc":{"unit":"mA","value":2.092},"voc":{"unit":"V","value":1.078},"jsc":{"unit":"mA\/cm2","value":22.322},"fill_factor":{"unit":"%","value":80.209},"efficiency":{"unit":"%","value":19.294},"r_s":{"unit":"ohms","value":35.248},"r_sh":{"unit":"ohms","value":5747.939},"temperature":{"unit":"oC","value":100},"cell_dimension":{"value":0.0936999995448176,"unit":"cm2"},"key":"Reverse_[G3#C1]_Group-3_Dynamic"},{"V":{"value":[1.2,1.15,1.1,1.05,1,0.95,0.9,0.85,0.8,0.75,0.7,0.65,0.6,0.55,0.5,0.45,0.4,0.35,0.3,0.25,0.2,0.15,0.1,0.05,0,-0.05,-0.1,-0.15,-0.2],"unit":"V"},"J":{"value":[-0.039865763,-0.030892582999999998,-0.016436724000000003,-0.001189588,0.011120331,0.018278869,0.021093853,0.022014461,0.02232206,0.022470341999999997,0.022550971,0.022620747,0.022671868,0.022714098,0.022742102,0.02276445,0.022799776,0.022798719,0.022807321000000002,0.022828591,0.022854514000000003,0.022864578,0.02289889,0.022905411,0.022922444,0.022962561,0.022943671,0.022963575,0.022971163],"unit":"A\/cm2"},"power_density":{"value":[-47.839115,-35.526995,-18.080577,-1.249081,11.120487,17.365082,18.98468,18.7124,17.857875,16.852934,15.785768,14.703504,13.603123,12.492638,11.370894,10.244472,9.120271,7.979946,6.84239,5.707235,4.570969,3.42963,2.289712,1.145062,-0.000349768759,-1.147558,-2.294042,-3.443795,-4.593867],"unit":"mW\/cm2"},"I":{"value":[-0.003735422,-0.002894635,-0.001540121,-0.0001114644,0.001041975,0.00171273,0.001976494,0.0020627550000000003,0.002091577,0.0021054710000000003,0.002113026,0.002119564,0.0021243539999999997,0.002128311,0.002130935,0.0021330290000000003,0.002136339,0.0021362399999999998,0.0021370459999999997,0.0021390389999999997,0.002141468,0.002142411,0.002145626,0.002146237,0.002147833,0.002151592,0.002149822,0.002151687,0.002152398],"unit":"A"},"power":{"value":[-4.482525,-3.328879,-1.69415,-0.117038846,1.04199,1.627108,1.778865,1.753352,1.673283,1.57912,1.479126,1.377718,1.274613,1.17056,1.065453,0.95990699,0.854569354,0.747720957,0.641131965,0.534767878,0.42829981,0.321356294,0.214546036,0.107292298,-3.2773333e-5,-0.107526154,-0.214951759,-0.322683551,-0.430445377],"unit":"mW"},"resistance":{"value":[-321.250183,-397.292577,-714.236739,-9420.147,959.72936,554.675051,455.356859,412.072641,382.491393,356.218585,331.280306,306.66722,282.43885,258.418483,234.635547,210.977253,187.243598,163.847367,140.384671,116.876691,93.395232,70.01341,46.602847,23.292344,-0.007104272,-23.227062,-46.508892,-69.69773,-92.912231],"unit":"ohms"},"conductance":{"value":[-0.003112839,-0.002517037,-0.001400096,-0.000106155459,0.00104196,0.001802857,0.00219608,0.002426757,0.002614438,0.002807265,0.003018592,0.003260864,0.003540589,0.003869692,0.004261929,0.004739847,0.005340637,0.006103241,0.007123285,0.008556026,0.010707185,0.014282978,0.021457917,0.042932562,-140.760375,-0.043053229,-0.021501265,-0.01434767,-0.010762846],"unit":"S"},"timestamps":{"value":[0.019,0.053,0.087,0.121,0.155,0.19,0.224,0.258,0.292,0.326,0.36,0.395,0.429,0.463,0.497,0.531,0.566,0.6,0.634,0.668,0.702,0.737,0.771,0.8050001,0.839,0.874,0.9080001,0.942,0.9760001],"unit":"s"},"sweep_direction":{"unit":"","value":"Reverse"},"p_max":{"unit":"mW","value":1.779},"v_p_max":{"unit":"V","value":0.9},"i_p_max":{"unit":"mA","value":1.976},"isc":{"unit":"mA","value":2.148},"voc":{"unit":"V","value":1.045},"jsc":{"unit":"mA\/cm2","value":22.922},"fill_factor":{"unit":"%","value":79.241},"efficiency":{"unit":"%","value":18.985},"r_s":{"unit":"ohms","value":42.799},"r_sh":{"unit":"ohms","value":6545.934},"temperature":{"unit":"oC","value":100},"cell_dimension":{"value":0.09370000017308085,"unit":"cm2"},"key":"Reverse_[G2#C4]_Group-2_Dynamic"},{"V":{"value":[1.2,1.15,1.1,1.05,1,0.95,0.9,0.85,0.8,0.75,0.7,0.65,0.6,0.55,0.5,0.45,0.4,0.35,0.3,0.25,0.2,0.15,0.1,0.05,0,-0.05,-0.1,-0.15,-0.2],"unit":"V"},"J":{"value":[-0.039583276,-0.030322870999999998,-0.015166307,0.000560821131,0.012782038,0.019300598000000002,0.021682998999999998,0.022374205,0.022619093,0.022733533,0.022796073,0.022834653,0.022854237000000003,0.022860203,0.022885549999999998,0.022894333,0.022895666999999998,0.022929317,0.022928228000000002,0.022940256000000003,0.022964088,0.022975218999999998,0.022974568,0.022999850999999998,0.022996456999999998,0.023004684999999997,0.022992017,0.022993074,0.022990811],"unit":"A\/cm2"},"power_density":{"value":[-47.50013,-34.871817,-16.683105,0.588868357,12.782217,18.335763,19.514948,19.018211,18.095478,17.050349,15.957349,14.842543,13.712544,12.572995,11.442601,10.302915,9.158608,8.025653,6.87867,5.735147,4.592928,3.446241,2.297285,1.149761,-0.00036734632,-1.149657,-2.298876,-3.448234,-4.597801],"unit":"mW\/cm2"},"I":{"value":[-0.003708953,-0.002841253,-0.001421083,5.2548940000000004e-5,0.001197677,0.001808466,0.002031697,0.002096463,0.002119409,0.0021301320000000003,0.0021359919999999998,0.002139607,0.002141442,0.002142001,0.002144376,0.002145199,0.002145324,0.002148477,0.002148375,0.002149502,0.002151735,0.002152778,0.002152717,0.0021550859999999996,0.0021547679999999996,0.002155539,0.002154352,0.002154451,0.002154239],"unit":"A"},"power":{"value":[-4.450762,-3.267489,-1.563207,0.055176965,1.197694,1.718061,1.828551,1.782006,1.695546,1.597618,1.495204,1.390746,1.284865,1.17809,1.072172,0.965383098,0.858161565,0.752003689,0.644531406,0.537383238,0.430357328,0.322912825,0.215255576,0.10773262,-3.442035e-5,-0.107722889,-0.215404694,-0.323099569,-0.430813978],"unit":"mW"},"resistance":{"value":[-323.54279,-404.756986,-774.065273,19981.583,834.961346,525.312668,442.985101,405.447699,377.467964,352.094988,327.718596,303.794482,280.185081,256.766874,233.16452,209.780212,186.458968,162.914055,139.644522,116.307684,92.950479,69.676576,46.449445,23.196262,-0.007413346,-23.184419,-46.411097,-69.608638,-92.832922],"unit":"ohms"},"conductance":{"value":[-0.003090781,-0.002470618,-0.001291881,5.0046085e-5,0.00119766,0.001903628,0.002257412,0.002466409,0.002649231,0.002840143,0.003051398,0.003291699,0.003569069,0.003894583,0.004288817,0.004766894,0.00536311,0.006138206,0.00716104,0.008597884,0.010758417,0.014352026,0.021528783,0.043110394,-134.891862,-0.043132415,-0.021546571,-0.014366033,-0.010772041],"unit":"S"},"timestamps":{"value":[0.019,0.053,0.08800001,0.122,0.156,0.19,0.224,0.259,0.293,0.327,0.361,0.395,0.429,0.464,0.498,0.532,0.566,0.6,0.6350001,0.669,0.703,0.737,0.771,0.8060001,0.84,0.874,0.9080001,0.943,0.9770001],"unit":"s"},"sweep_direction":{"unit":"","value":"Reverse"},"p_max":{"unit":"mW","value":1.829},"v_p_max":{"unit":"V","value":0.9},"i_p_max":{"unit":"mA","value":2.032},"isc":{"unit":"mA","value":2.155},"voc":{"unit":"V","value":1.052},"jsc":{"unit":"mA\/cm2","value":22.996},"fill_factor":{"unit":"%","value":80.682},"efficiency":{"unit":"%","value":19.515},"r_s":{"unit":"ohms","value":41.959},"r_sh":{"unit":"ohms","value":8634.916},"temperature":{"unit":"oC","value":100},"cell_dimension":{"value":0.09370000098021194,"unit":"cm2"},"key":"Reverse_[G2#C3]_Group-2_Dynamic"},{"V":{"value":[1.2,1.15,1.1,1.05,1,0.95,0.9,0.85,0.8,0.75,0.7,0.65,0.6,0.55,0.5,0.45,0.4,0.35,0.3,0.25,0.2,0.15,0.1,0.05,0,-0.05,-0.1,-0.15,-0.2,-0.2,-0.15,-0.1,-0.05,0,0.05,0.1,0.15,0.2,0.25,0.3,0.35,0.4,0.45,0.5,0.55,0.6,0.65,0.7,0.75,0.8,0.85,0.9,0.95,1,1.05,1.1,1.15,1.2],"unit":"V"},"J":{"value":[-0.049255367999999994,-0.029884995,-0.00927305,0.0064599589999999995,0.015345079999999999,0.019137834000000003,0.020684823999999997,0.021317663,0.021630245,0.021803958999999998,0.021914045,0.021976371,0.022055411,0.022084707000000002,0.022124888,0.02215174,0.02216715,0.022197503,0.022211974000000002,0.02223857,0.022277769,0.022281665,0.022295069,0.022294098000000002,0.022306457000000002,0.022342593,0.022349242000000002,0.022366969,0.022393031,0.02251699,0.022412251999999997,0.022364087999999997,0.022338761999999998,0.022358901,0.02230381,0.022287513000000002,0.022280779,0.022238826,0.022221057,0.022174247999999997,0.022118687,0.022067076,0.022009232,0.021915603000000002,0.021812028,0.021667396,0.021485538999999998,0.021252049,0.020911782,0.020400043,0.019670928,0.018498058,0.016492978000000002,0.012848356,0.005990799,-0.006104606,-0.024687705,-0.048540011],"unit":"A\/cm2"},"power_density":{"value":[-59.106639,-34.368252,-10.200466,6.783028,15.345295,18.181116,18.616571,18.120118,17.304406,16.353131,15.339906,14.284633,13.23324,12.14646,11.062265,9.968721,8.867175,7.769483,6.663777,5.559716,4.455641,3.342198,2.229287,1.114475,-0.000356324233,-1.11658,-2.234613,-3.35435,-4.478277,-4.50306,-3.361118,-2.236092,-1.116399,-0.000351831389,1.114945,2.228569,3.342061,4.447868,5.555329,6.652463,7.741908,8.827164,9.904608,10.957639,11.996495,13.000446,13.965602,14.876521,15.684017,16.320232,16.720399,16.648483,15.668515,12.848575,6.290429,-6.715152,-28.391306,-58.248304],"unit":"mW\/cm2"},"I":{"value":[-0.004615228,-0.002800224,-0.0008688848,0.0006052982000000001,0.001437834,0.001793215,0.0019381679999999999,0.001997465,0.002026754,0.002043031,0.0020533459999999997,0.002059186,0.002066592,0.002069337,0.002073102,0.002075618,0.002077062,0.002079906,0.002081262,0.0020837539999999997,0.0020874269999999998,0.0020877919999999998,0.002089048,0.0020889570000000002,0.002090115,0.0020935009999999998,0.0020941239999999997,0.0020957849999999997,0.0020982270000000003,0.002109842,0.002100028,0.0020955149999999996,0.0020931419999999997,0.002095029,0.002089867,0.00208834,0.0020877089999999997,0.002083778,0.002082113,0.0020777269999999997,0.002072521,0.002067685,0.002062265,0.002053492,0.002043787,0.0020302349999999996,0.002013195,0.001991317,0.001959434,0.001911484,0.001843166,0.001733268,0.001545392,0.0012038910000000001,0.0005613379,-0.0005720016,-0.002313238,-0.004548199],"unit":"A"},"power":{"value":[-5.538292,-3.220305,-0.955783707,0.635569768,1.437854,1.703571,1.744373,1.697855,1.621423,1.532288,1.437349,1.33847,1.239955,1.138123,1.036534,0.934069197,0.830854294,0.728000586,0.624395874,0.520945376,0.417493541,0.313163998,0.208884181,0.104426334,-3.3387581e-5,-0.10462355,-0.20938325,-0.314302571,-0.419614556,-0.421936752,-0.314936789,-0.209521828,-0.104606592,-3.2966601e-5,0.104470341,0.208816876,0.313151131,0.416765185,0.520534288,0.623335761,0.725416754,0.827105222,0.928061733,1.026731,1.124072,1.218142,1.308577,1.39393,1.469592,1.529206,1.566701,1.559963,1.46814,1.203911,0.589413215,-0.629209768,-2.660265,-5.457866],"unit":"mW"},"resistance":{"value":[-260.00969,-410.687502,-1266.004,1734.7,695.500315,529.779809,464.361758,425.541824,394.724619,367.105247,340.908644,315.658517,290.332925,265.782809,241.180559,216.812439,192.586548,168.284576,144.147301,119.977358,95.813602,71.845136,47.86397,23.930459,-0.007642661,-23.871687,-47.746017,-71.557388,-95.311565,-94.786719,-71.412334,-47.714209,-23.876006,-0.007510937,23.919699,47.880996,71.847896,95.981722,120.071725,144.392646,168.884465,193.460368,218.21667,243.484075,269.105587,295.532488,322.869916,351.52821,382.767983,418.528065,461.166059,519.257553,614.738073,830.654104,1870.558,-1923.096,-497.146424,-263.842017],"unit":"ohms"},"conductance":{"value":[-0.003846011,-0.002434941,-0.000789886656,0.000576468437,0.001437814,0.001887577,0.002153493,0.002349945,0.002533412,0.002724014,0.002933337,0.00316798,0.003444322,0.003762471,0.004146271,0.004612282,0.005192471,0.005942315,0.006937348,0.008334906,0.010436931,0.013918827,0.020892542,0.041787748,-130.844483,-0.04189063,-0.020944155,-0.013974797,-0.010491906,-0.010550001,-0.014003183,-0.020958118,-0.041883053,-133.139188,0.041806546,0.020885113,0.013918292,0.01041865,0.008328355,0.00692556,0.005921208,0.005169017,0.004582601,0.004107045,0.003716014,0.003383723,0.003097223,0.002844722,0.002612549,0.002389326,0.002168416,0.001925827,0.001626709,0.001203871,0.000534599887,-0.000519994836,-0.00201148,-0.003790147],"unit":"S"},"timestamps":{"value":[0.019,0.053,0.087,0.121,0.155,0.19,0.224,0.258,0.292,0.326,0.361,0.395,0.429,0.463,0.497,0.532,0.566,0.6,0.634,0.668,0.703,0.737,0.771,0.8050001,0.839,0.874,0.9080001,0.942,0.9760001,0.019,0.053,0.087,0.122,0.156,0.19,0.224,0.259,0.293,0.327,0.361,0.395,0.43,0.464,0.498,0.532,0.566,0.601,0.6350001,0.669,0.703,0.737,0.772,0.8060001,0.84,0.874,0.9080001,0.942,0.9770001],"unit":"s"},"sweep_direction":{"unit":"","value":"Reverse"},"p_max":{"unit":"mW","value":1.744},"v_p_max":{"unit":"V","value":0.9},"i_p_max":{"unit":"mA","value":1.938},"isc":{"unit":"mA","value":2.09},"voc":{"unit":"V","value":1.071},"jsc":{"unit":"mA\/cm2","value":22.306},"fill_factor":{"unit":"%","value":77.959},"efficiency":{"unit":"%","value":18.617},"r_s":{"unit":"ohms","value":35.839},"r_sh":{"unit":"ohms","value":7317.643},"temperature":{"unit":"oC","value":100},"cell_dimension":{"value":0.09370000037356335,"unit":"cm2"},"key":"Reverse_[G2#C2]_Group-2_Dynamic"},{"V":{"value":[1.2,1.15,1.1,1.05,1,0.95,0.9,0.85,0.8,0.75,0.7,0.65,0.6,0.55,0.5,0.45,0.4,0.35,0.3,0.25,0.2,0.15,0.1,0.05,0,-0.05,-0.1,-0.15,-0.2,-0.2,-0.15,-0.1,-0.05,0,0.05,0.1,0.15,0.2,0.25,0.3,0.35,0.4,0.45,0.5,0.55,0.6,0.65,0.7,0.75,0.8,0.85,0.9,0.95,1,1.05,1.1,1.15,1.2],"unit":"V"},"J":{"value":[-0.046321078,-0.028593917,-0.009520761,0.005174555,0.013689072,0.017458217999999998,0.018994226,0.019642871,0.019930084999999997,0.020067524,0.020150736,0.020197471,0.020247791,0.020299626,0.020317044,0.020349274,0.020371451,0.020377022,0.020398186,0.020404408,0.02039873,0.020418825999999998,0.020423479,0.020422487,0.020446393,0.020465923,0.020457823,0.020485859000000002,0.020496466999999997,0.02061397,0.020488900999999997,0.020448741,0.020443575,0.020448858,0.020414428999999998,0.020405966,0.020393778,0.020383436,0.020345272,0.020305016,0.020259434,0.020213533000000002,0.020159946999999998,0.020096169,0.020012465,0.019900181,0.019752924,0.019541515,0.019233095,0.01879238,0.018104396999999998,0.017016265,0.015124599999999998,0.011611281,0.0050413870000000005,-0.006455486999999999,-0.023955304,-0.046200288],"unit":"A\/cm2"},"power_density":{"value":[-55.585525,-32.88349,-10.472942,5.433334,13.689263,16.585462,17.095005,16.696536,15.944244,15.050777,14.10556,13.128334,12.148648,11.164648,10.158337,9.157562,8.14886,7.132282,6.119601,5.101161,4.079819,3.062767,2.042166,1.020885,-0.000326611496,-1.022807,-2.045493,-3.072225,-4.099007,-4.122485,-3.072688,-2.044599,-1.021681,-0.000341277127,1.020506,2.040419,3.058991,4.076767,5.086377,6.091639,7.091114,8.08569,9.072361,10.047918,11.006726,11.940103,12.839383,13.679118,14.424973,15.034086,15.388844,15.314839,14.368526,11.611466,5.293527,-7.101126,-27.549031,-55.440669],"unit":"mW\/cm2"},"I":{"value":[-0.004340285,-0.00267925,-0.0008920953000000001,0.0004848558,0.001282666,0.001635835,0.0017797590000000001,0.0018405370000000002,0.001867449,0.001880327,0.001888124,0.001892503,0.001897218,0.001902075,0.0019037070000000001,0.001906727,0.0019088050000000002,0.001909327,0.00191131,0.001911893,0.001911361,0.001913244,0.00191368,0.001913587,0.001915827,0.001917657,0.001916898,0.0019195249999999998,0.001920519,0.001931529,0.00191981,0.0019160470000000001,0.001915563,0.001916058,0.0019128320000000002,0.0019120390000000001,0.0019108970000000002,0.001909928,0.001906352,0.0019025799999999999,0.001898309,0.001894008,0.001888987,0.001883011,0.001875168,0.0018646469999999999,0.001850849,0.00183104,0.001802141,0.001760846,0.001696382,0.001594424,0.0014171750000000001,0.001087977,0.000472378,-0.0006048791,-0.002244612,-0.0043289669999999995],"unit":"A"},"power":{"value":[-5.208364,-3.081183,-0.981314643,0.509103439,1.282684,1.554058,1.601802,1.564465,1.493976,1.410258,1.321691,1.230125,1.138328,1.046128,0.951836176,0.858063568,0.763548151,0.668294808,0.57340657,0.477978794,0.382279081,0.286981243,0.19135093,0.095656904,-3.0603497e-5,-0.095837037,-0.191662657,-0.287867517,-0.384076913,-0.386276827,-0.287910834,-0.191578929,-0.095731468,-3.1977667e-5,0.095621439,0.191187304,0.28662748,0.381993049,0.476593528,0.570786557,0.664437384,0.757629148,0.85008023,0.941489871,1.03133,1.118788,1.20305,1.281733,1.35162,1.408694,1.441935,1.435,1.346331,1.087994,0.496003513,-0.665375478,-2.581344,-5.194791],"unit":"mW"},"resistance":{"value":[-276.480692,-429.230941,-1233.064,2165.613,779.6371,580.748609,505.6924,461.824402,428.396599,398.870356,370.739528,343.459905,316.251849,289.154108,262.640679,236.016535,209.56237,183.318991,156.964124,130.761973,104.639364,78.39941,52.250679,26.12281,-0.008337934,-26.061027,-52.16023,-78.127714,-104.131227,-103.537146,-78.116272,-52.183767,-26.089265,-0.008710227,26.133743,52.295649,78.49523,104.718031,131.142045,157.684092,184.382732,211.199583,238.233032,265.527764,293.303587,321.776561,351.189697,382.297984,416.176037,454.332577,501.069865,564.474569,670.354967,919.151784,2222.826,-1818.568,-512.346009,-277.204007],"unit":"ohms"},"conductance":{"value":[-0.003616889,-0.002329748,-0.000810987617,0.000461763031,0.001282648,0.001721915,0.001977487,0.002165325,0.002334286,0.00250708,0.002697312,0.002911548,0.003162037,0.003458363,0.003807483,0.004236991,0.004771849,0.005454972,0.006370883,0.007647483,0.009556633,0.012755198,0.019138507,0.038280721,-119.93378,-0.038371474,-0.019171695,-0.012799555,-0.009603267,-0.009658369,-0.01280143,-0.019163047,-0.038329942,-114.807571,0.038264706,0.01912205,0.012739628,0.009549454,0.00762532,0.006341794,0.005423501,0.004734858,0.004197571,0.003766085,0.003409437,0.003107747,0.002847464,0.002615761,0.002402829,0.002201031,0.00199573,0.001771559,0.001491747,0.00108796,0.000449877811,-0.000549883092,-0.001951806,-0.003607451],"unit":"S"},"timestamps":{"value":[0.019,0.053,0.087,0.121,0.155,0.189,0.224,0.258,0.292,0.326,0.36,0.395,0.429,0.463,0.497,0.531,0.566,0.6,0.634,0.668,0.702,0.737,0.771,0.8050001,0.839,0.874,0.9080001,0.942,0.9760001,0.019,0.053,0.087,0.121,0.156,0.19,0.224,0.258,0.293,0.327,0.361,0.395,0.429,0.464,0.498,0.532,0.566,0.6,0.6350001,0.669,0.703,0.737,0.771,0.8050001,0.84,0.874,0.9080001,0.942,0.9760001],"unit":"s"},"sweep_direction":{"unit":"","value":"Reverse"},"p_max":{"unit":"mW","value":1.602},"v_p_max":{"unit":"V","value":0.9},"i_p_max":{"unit":"mA","value":1.78},"isc":{"unit":"mA","value":1.916},"voc":{"unit":"V","value":1.068},"jsc":{"unit":"mA\/cm2","value":20.446},"fill_factor":{"unit":"%","value":78.314},"efficiency":{"unit":"%","value":17.095},"r_s":{"unit":"ohms","value":38.546},"r_sh":{"unit":"ohms","value":7985.401},"temperature":{"unit":"oC","value":100},"cell_dimension":{"value":0.09369999981433938,"unit":"cm2"},"key":"Reverse_[G2#C1]_Group-2_Dynamic"},{"V":{"value":[1.2,1.15,1.1,1.05,1,0.95,0.9,0.85,0.8,0.75,0.7,0.65,0.6,0.55,0.5,0.45,0.4,0.35,0.3,0.25,0.2,0.15,0.1,0.05,0,-0.05,-0.1,-0.15,-0.2,-0.2,-0.15,-0.1,-0.05,0,0.05,0.1,0.15,0.2,0.25,0.3,0.35,0.4,0.45,0.5,0.55,0.6,0.65,0.7,0.75,0.8,0.85,0.9,0.95,1,1.05,1.1,1.15,1.2],"unit":"V"},"J":{"value":[-0.044019477,-0.023912668,-0.004560737,0.009553163,0.017061409,0.019937086,0.02094301,0.021366745000000003,0.021576542,0.021704920000000003,0.021831846,0.021916809000000002,0.021985432,0.022064034,0.022123831,0.022187982999999998,0.022253821,0.022303949,0.022370170999999998,0.022420085,0.022450822,0.02250222,0.022532401,0.022570682999999998,0.022601302,0.022649626000000003,0.022658965,0.022686179,0.022720949999999997,0.022897417,0.022745347,0.022695091,0.022668218,0.022617545,0.022569552000000003,0.02252,0.02247539,0.022432871,0.022397428,0.022335304,0.022275549999999998,0.022194258,0.022112679,0.022033543000000003,0.02189682,0.021751345000000002,0.021565954999999998,0.021320843,0.020996681,0.020539872,0.019848047,0.018781547,0.016934589,0.013493266,0.006835411,-0.004999026,-0.023091686,-0.046372668],"unit":"A\/cm2"},"power_density":{"value":[-52.823637,-27.499999,-5.01687,10.030917,17.061648,18.940433,18.84892,18.161838,17.261443,16.278861,15.28236,14.245917,13.191253,12.135091,11.061736,9.985043,8.90186,7.806748,6.711199,5.60508,4.490252,3.37527,2.253071,1.128313,-0.000371811308,-1.131935,-2.265597,-3.402221,-4.543856,-4.579135,-3.411099,-2.269215,-1.132842,-0.000345116375,1.128251,2.251837,3.371268,4.486671,5.599431,6.700772,7.796812,8.878038,9.951154,11.016609,12.043093,13.050805,14.017877,14.924673,15.747691,16.432128,16.870971,16.903624,16.08807,13.493509,7.177284,-5.499008,-26.555878,-55.647573],"unit":"mW\/cm2"},"I":{"value":[-0.004124625,-0.002240617,-0.00042734109999999995,0.0008951314,0.001598654,0.001868105,0.0019623600000000002,0.002002064,0.002021722,0.002033751,0.0020456439999999997,0.002053605,0.002060035,0.0020674,0.002073003,0.002079014,0.002085183,0.00208988,0.002096085,0.002100762,0.0021036419999999998,0.002108458,0.0021112860000000004,0.0021148729999999998,0.0021177419999999997,0.00212227,0.002123145,0.002125695,0.0021289530000000003,0.0021454879999999996,0.002131239,0.0021265299999999997,0.002124012,0.0021192639999999996,0.002114767,0.0021101239999999997,0.0021059440000000002,0.00210196,0.002098639,0.0020928179999999998,0.002087219,0.002079602,0.002071958,0.002064543,0.0020517319999999997,0.002038101,0.00202073,0.001997763,0.001967389,0.0019245859999999998,0.0018597619999999998,0.001759831,0.0015867709999999998,0.001264319,0.000640478,-0.0004684087,-0.002163691,-0.004345119000000001],"unit":"A"},"power":{"value":[-4.949575,-2.57675,-0.470080765,0.939896921,1.598676,1.774719,1.766144,1.701764,1.617397,1.525329,1.431957,1.334842,1.23602,1.137058,1.036485,0.935598504,0.834104269,0.731492274,0.628839334,0.525195962,0.420736604,0.316262796,0.211112786,0.105722882,-3.483872e-5,-0.10606229,-0.212286453,-0.318788141,-0.425759304,-0.429064989,-0.319619995,-0.212625419,-0.10614733,-3.2337404e-5,0.105717075,0.210997102,0.315887809,0.420401038,0.524666676,0.627862352,0.730561298,0.831872202,0.932423161,1.032256,1.128438,1.22286,1.313475,1.398442,1.475559,1.53969,1.58081,1.58387,1.507452,1.264342,0.672511507,-0.515257065,-2.488286,-5.214178],"unit":"mW"},"resistance":{"value":[-290.936994,-513.259517,-2574.087,1173.023,625.534981,508.542132,458.636591,424.5643,395.707075,368.780593,342.192043,316.51637,291.257042,266.031827,241.192077,216.458523,191.836832,167.481578,143.127116,119.005675,95.075065,71.14071,47.36095,23.637438,-0.007768123,-23.548309,-47.093717,-70.550526,-93.935986,-93.211801,-70.367096,-47.018866,-23.528549,-0.007200042,23.63851,47.387144,71.22611,95.151335,119.126396,143.351261,167.695196,192.351758,217.195667,242.180763,268.06269,294.391642,321.666081,350.393866,381.220287,415.679632,457.051279,511.419733,598.707942,790.953865,1639.424,-2348.411,-531.507965,-276.173794],"unit":"ohms"},"conductance":{"value":[-0.00343717,-0.001948332,-0.000388487318,0.000852497976,0.001598632,0.001966405,0.002180376,0.002355356,0.002527122,0.002711639,0.002922336,0.003159394,0.003433393,0.003758949,0.004146073,0.004619823,0.005212763,0.005970806,0.006986796,0.008402961,0.010518005,0.014056649,0.021114441,0.042305769,-128.731229,-0.042465894,-0.021234255,-0.014174239,-0.010645547,-0.010728255,-0.014211188,-0.021268058,-0.042501559,-138.888077,0.042303852,0.02110277,0.014039795,0.010509574,0.008394445,0.006975872,0.0059632,0.005198809,0.004604143,0.004129147,0.003730471,0.003396836,0.003108814,0.002853931,0.002623155,0.002405699,0.002187938,0.001955341,0.001670263,0.001264296,0.000609970334,-0.000425819897,-0.001881439,-0.003620908],"unit":"S"},"timestamps":{"value":[0.019,0.053,0.08800001,0.122,0.156,0.19,0.224,0.259,0.293,0.327,0.361,0.395,0.43,0.464,0.498,0.532,0.566,0.601,0.6350001,0.669,0.703,0.737,0.771,0.8060001,0.84,0.874,0.909,0.943,0.9770001,0.018,0.053,0.087,0.121,0.156,0.19,0.224,0.258,0.292,0.326,0.361,0.395,0.429,0.463,0.497,0.532,0.566,0.6,0.634,0.668,0.702,0.737,0.771,0.8050001,0.839,0.873,0.9080001,0.942,0.9760001],"unit":"s"},"sweep_direction":{"unit":"","value":"Reverse"},"p_max":{"unit":"mW","value":1.775},"v_p_max":{"unit":"V","value":0.95},"i_p_max":{"unit":"mA","value":1.868},"isc":{"unit":"mA","value":2.118},"voc":{"unit":"V","value":1.084},"jsc":{"unit":"mA\/cm2","value":22.601},"fill_factor":{"unit":"%","value":77.319},"efficiency":{"unit":"%","value":18.94},"r_s":{"unit":"ohms","value":33.328},"r_sh":{"unit":"ohms","value":5055.387},"temperature":{"unit":"oC","value":100},"cell_dimension":{"value":0.0937000001158578,"unit":"cm2"},"key":"Reverse_[G1#C4]_Group-1_Dynamic"},{"V":{"value":[1.2,1.15,1.1,1.05,1,0.95,0.9,0.85,0.8,0.75,0.7,0.65,0.6,0.55,0.5,0.45,0.4,0.35,0.3,0.25,0.2,0.15,0.1,0.05,0,-0.05,-0.1,-0.15,-0.2,-0.2,-0.15,-0.1,-0.05,0,0.05,0.1,0.15,0.2,0.25,0.3,0.35,0.4,0.45,0.5,0.55,0.6,0.65,0.7,0.75,0.8,0.85,0.9,0.95,1,1.05,1.1,1.15,1.2],"unit":"V"},"J":{"value":[-0.046181003,-0.02408953,-0.00329555,0.011313394000000001,0.018450502,0.020941996,0.021742519000000002,0.022030544,0.022178121999999998,0.022249744,0.02231461,0.022369573,0.022411003000000002,0.022457204,0.02248175,0.022516756000000002,0.022563447,0.02259508,0.02261365,0.022650704,0.022681473,0.022707866,0.022721612,0.022741708,0.022740715,0.02279349,0.022781537,0.022804717,0.022830918000000002,0.022968207,0.022833586,0.022782796,0.022767823,0.022757727,0.022718303,0.022700693999999997,0.022655945,0.022628613000000002,0.022616905,0.022574760000000003,0.02255651,0.022529594,0.02246285,0.022413426,0.022331323,0.022252903,0.022140672,0.021967704999999997,0.021731665,0.021437076000000003,0.020942038,0.020109253,0.018624546,0.015748399,0.009836755,-0.0013868860000000002,-0.019616499000000003,-0.043976916000000005],"unit":"A\/cm2"},"power_density":{"value":[-55.417527,-27.703394,-3.625147,11.879211,18.450778,19.895116,19.568517,18.726086,17.742692,16.687477,15.620308,14.540229,13.446604,12.351339,11.240693,10.132997,9.025708,7.908649,6.784287,5.662762,4.536399,3.406128,2.27198,1.13684,-0.000363261092,-1.139103,-2.277837,-3.419987,-4.565837,-4.593292,-3.424294,-2.277946,-1.137826,-0.000352681271,1.135687,2.269878,3.398328,4.52582,5.654301,6.772615,7.895148,9.012167,10.108718,11.206547,12.282105,13.351735,14.391428,15.377484,16.298936,17.149843,17.800856,18.098579,17.693543,15.748683,10.32875,-1.525619,-22.559367,-52.772695],"unit":"mW\/cm2"},"I":{"value":[-0.00432716,-0.0022571889999999997,-0.00030879299999999997,0.001060065,0.001728812,0.001962265,0.002037274,0.002064262,0.00207809,0.0020848010000000003,0.0020908790000000003,0.002096029,0.002099911,0.00210424,0.00210654,0.00210982,0.002114195,0.002117159,0.002118899,0.0021223709999999996,0.002125254,0.0021277270000000003,0.0021290149999999997,0.002130898,0.002130805,0.0021357499999999996,0.00213463,0.0021368019999999997,0.0021392570000000003,0.0021521210000000003,0.002139507,0.002134748,0.002133345,0.002132399,0.0021287050000000003,0.002127055,0.002122862,0.0021203009999999998,0.002119204,0.002115255,0.0021135449999999997,0.002111023,0.0021047690000000003,0.0021001379999999997,0.002092445,0.002085097,0.002074581,0.002058374,0.002036257,0.002008654,0.001962269,0.001884237,0.00174512,0.001475625,0.0009217039,-0.0001299512,-0.001838066,-0.004120637],"unit":"A"},"power":{"value":[-5.192622,-2.595808,-0.339676314,1.113082,1.728838,1.864172,1.83357,1.754634,1.66249,1.563617,1.463623,1.362419,1.259947,1.15732,1.053253,0.949461829,0.845708867,0.741040371,0.635687711,0.530600815,0.425060576,0.319154156,0.212884553,0.106521929,-3.4037564e-5,-0.106733935,-0.213433286,-0.320452777,-0.427818883,-0.430391488,-0.320856302,-0.213443547,-0.106614258,-3.3046235e-5,0.106413835,0.212687548,0.318423356,0.424069317,0.529807993,0.634594057,0.739775412,0.844440021,0.947186883,1.050053,1.150833,1.251058,1.348477,1.44087,1.52721,1.60694,1.66794,1.695837,1.657885,1.475652,0.967803842,-0.142950478,-2.113813,-4.944801],"unit":"mW"},"resistance":{"value":[-277.319766,-509.49123,-3562.299,990.517563,578.440571,484.139757,441.772437,411.772149,384.973124,359.750211,334.789148,310.110356,285.726443,261.374415,237.352198,213.297959,189.204212,165.323625,141.586975,117.79458,94.108563,70.496685,46.966339,23.459227,-0.007496716,-23.399237,-46.840005,-70.183573,-93.483298,-92.924515,-70.094372,-46.837079,-23.425728,-0.0072675,23.483733,47.009391,70.658008,94.328258,117.970379,141.830796,165.606315,189.488509,213.809401,238.076069,262.847769,287.756253,313.316086,340.076245,368.327082,398.280889,433.175013,477.653554,544.382048,677.691148,1139.212,-8464.962,-625.668502,-291.219294],"unit":"ohms"},"conductance":{"value":[-0.003605946,-0.001962742,-0.000280717592,0.001009573,0.001728786,0.002065519,0.002263609,0.002428528,0.002597584,0.002779706,0.002986955,0.003224659,0.003499851,0.003825929,0.004213148,0.004688277,0.005285295,0.006048742,0.007062797,0.008489355,0.010626026,0.014185064,0.021291845,0.04262715,-133.391741,-0.042736437,-0.021349272,-0.014248348,-0.010697098,-0.010761423,-0.014266481,-0.021350606,-0.042688107,-137.598897,0.042582668,0.021272345,0.014152678,0.010601277,0.008476704,0.007050655,0.006038417,0.005277365,0.004677063,0.004200338,0.003804483,0.003475163,0.003191665,0.002940517,0.002714978,0.002510791,0.002308536,0.002093568,0.001836945,0.001475598,0.000877799862,-0.000118134018,-0.00159829,-0.003433838],"unit":"S"},"timestamps":{"value":[0.019,0.053,0.087,0.121,0.155,0.19,0.224,0.258,0.292,0.326,0.361,0.395,0.429,0.463,0.497,0.532,0.566,0.6,0.634,0.668,0.703,0.737,0.771,0.8050001,0.839,0.874,0.9080001,0.942,0.9760001,0.019,0.053,0.08800001,0.122,0.156,0.19,0.225,0.259,0.293,0.327,0.361,0.396,0.43,0.464,0.498,0.532,0.567,0.601,0.6350001,0.669,0.703,0.738,0.772,0.8060001,0.84,0.874,0.909,0.943,0.9770001],"unit":"s"},"sweep_direction":{"unit":"","value":"Reverse"},"p_max":{"unit":"mW","value":1.864},"v_p_max":{"unit":"V","value":0.95},"i_p_max":{"unit":"mA","value":1.962},"isc":{"unit":"mA","value":2.131},"voc":{"unit":"V","value":1.089},"jsc":{"unit":"mA\/cm2","value":22.741},"fill_factor":{"unit":"%","value":80.356},"efficiency":{"unit":"%","value":19.895},"r_s":{"unit":"ohms","value":31.285},"r_sh":{"unit":"ohms","value":7406.623},"temperature":{"unit":"oC","value":100},"cell_dimension":{"value":0.0937000004092592,"unit":"cm2"},"key":"Reverse_[G1#C3]_Group-1_Dynamic"},{"V":{"value":[1.2,1.15,1.1,1.05,1,0.95,0.9,0.85,0.8,0.75,0.7,0.65,0.6,0.55,0.5,0.45,0.4,0.35,0.3,0.25,0.2,0.15,0.1,0.05,0,-0.05,-0.1,-0.15,-0.2,-0.2,-0.15,-0.1,-0.05,0,0.05,0.1,0.15,0.2,0.25,0.3,0.35,0.4,0.45,0.5,0.55,0.6,0.65,0.7,0.75,0.8,0.85,0.9,0.95,1,1.05,1.1,1.15,1.2],"unit":"V"},"J":{"value":[-0.046277343,-0.023555443,-0.003060165,0.010736329,0.017043682,0.019145827,0.019805528,0.020103234,0.020298602,0.020448644999999998,0.020573501,0.020706233,0.020805986999999998,0.020914023,0.020998613,0.021091505,0.02117555,0.021258186,0.021305379,0.021370543999999998,0.021432721000000002,0.021469776,0.021542177,0.021571259000000002,0.021619947,0.021680971,0.021714845,0.021762315999999997,0.021811333999999998,0.021931526000000003,0.021773682000000003,0.021698996999999998,0.021651612,0.021628388000000002,0.02155603,0.021516158,0.021469264,0.021409967999999998,0.021360703999999998,0.021303255,0.021245827,0.021178847,0.021095795,0.021012946,0.020905101,0.020786638,0.020644653000000002,0.020472199,0.020264248,0.019995667,0.019606573999999998,0.018966019,0.017826371,0.01544175,0.010415188,9.0070918e-5,-0.017376137,-0.041294941],"unit":"A\/cm2"},"power_density":{"value":[-55.533181,-27.089183,-3.366222,11.273274,17.043921,18.18872,17.825195,17.087847,16.239078,15.336649,14.401524,13.459057,12.483594,11.502573,10.499151,9.491601,8.470521,7.440714,6.391786,5.342724,4.286643,3.220417,2.154046,1.078351,-0.000340203481,-1.08352,-2.171187,-3.263649,-4.361955,-4.385972,-3.265349,-2.169603,-1.082053,-0.000345492743,1.07759,2.15145,3.220351,4.282096,5.340257,6.391158,7.436367,8.471844,9.493542,10.506307,11.497695,12.471985,13.419022,14.330623,15.198354,15.996734,16.665708,17.069645,16.935249,15.442013,10.936093,0.099079991,-19.982922,-49.554301],"unit":"mW\/cm2"},"I":{"value":[-0.004336187,-0.002207145,-0.00028673749999999997,0.001005994,0.0015969930000000001,0.0017939639999999999,0.001855778,0.001883673,0.001901979,0.001916038,0.0019277370000000001,0.001940174,0.001949521,0.001959644,0.00196757,0.001976274,0.001984149,0.001991892,0.001996314,0.00200242,0.002008246,0.002011718,0.0020185019999999997,0.002021227,0.002025789,0.002031507,0.002034681,0.0020391289999999998,0.002043722,0.002054984,0.002040194,0.0020331959999999997,0.002028756,0.00202658,0.0020198,0.002016064,0.00201167,0.0020061140000000002,0.0020014980000000004,0.001996115,0.001990734,0.001984458,0.001976676,0.001968913,0.0019588080000000003,0.001947708,0.001934404,0.001918245,0.00189876,0.001873594,0.001837136,0.001777116,0.001670331,0.001446892,0.0009759031,8.439645000000001e-6,-0.001628144,-0.003869336],"unit":"A"},"power":{"value":[-5.203459,-2.538256,-0.315414978,1.056306,1.597015,1.704283,1.670221,1.601131,1.521602,1.437044,1.349423,1.261114,1.169713,1.077791,0.98377044,0.889363023,0.793687775,0.697194867,0.59891037,0.50061321,0.401658438,0.301753073,0.201834133,0.101041502,-3.1877066e-5,-0.101525842,-0.203440245,-0.305803894,-0.408715175,-0.410965564,-0.305963202,-0.203291766,-0.101388359,-3.237267e-5,0.100970166,0.201590836,0.301746879,0.401232429,0.500382106,0.598851467,0.696787557,0.793811776,0.88954492,0.984440946,1.077334,1.168625,1.257362,1.342779,1.424086,1.498894,1.561577,1.599426,1.586833,1.446917,1.024712,0.009283795,-1.8724,-4.643238],"unit":"mW"},"resistance":{"value":[-276.742677,-521.043248,-3836.307,1043.756,626.185588,529.558899,484.977783,451.248651,420.619628,391.436965,363.12194,335.021653,307.767959,280.659804,254.116804,227.71139,201.60492,175.720571,150.281018,124.85098,99.591683,74.561991,49.537746,24.732591,-0.007767655,-24.600275,-49.141025,-73.545077,-97.853671,-97.316962,-73.506588,-49.176917,-24.633633,-0.007882265,24.750064,49.597771,74.564019,99.697624,124.908344,150.2962,175.822285,201.573629,227.665333,253.943216,280.780301,308.054441,336.020759,364.919028,394.998999,426.992187,462.680008,506.445274,568.756133,691.148337,1075.941,130339.842,-706.338629,-310.133056],"unit":"ohms"},"conductance":{"value":[-0.003613465,-0.001919226,-0.000260667374,0.000958078574,0.001596971,0.001888364,0.00206195,0.002216073,0.002377445,0.00255469,0.002753896,0.002984882,0.003249201,0.003563032,0.003935198,0.004391524,0.004960196,0.005690853,0.0066542,0.008009549,0.010040999,0.013411659,0.020186627,0.040432481,-128.738983,-0.040649953,-0.020349596,-0.013597103,-0.010219341,-0.010275701,-0.013604223,-0.020334744,-0.040594906,-126.867092,0.040403935,0.020162197,0.013411294,0.010030329,0.00800587,0.006653528,0.005687561,0.004960966,0.004392412,0.003937888,0.003561503,0.003246179,0.002976007,0.002740334,0.002531652,0.002341963,0.002161321,0.001974547,0.001758223,0.001446867,0.000929419132,7.672251e-6,-0.001415752,-0.003224422],"unit":"S"},"timestamps":{"value":[0.019,0.053,0.08800001,0.122,0.156,0.19,0.224,0.259,0.293,0.327,0.361,0.395,0.429,0.464,0.498,0.532,0.566,0.6,0.6350001,0.669,0.703,0.737,0.771,0.8060001,0.84,0.874,0.9080001,0.943,0.9770001,0.019,0.053,0.087,0.121,0.156,0.19,0.224,0.258,0.293,0.327,0.361,0.395,0.429,0.464,0.498,0.532,0.566,0.6,0.6350001,0.669,0.703,0.737,0.771,0.8060001,0.84,0.874,0.9080001,0.942,0.9760001],"unit":"s"},"sweep_direction":{"unit":"","value":"Reverse"},"p_max":{"unit":"mW","value":1.704},"v_p_max":{"unit":"V","value":0.95},"i_p_max":{"unit":"mA","value":1.794},"isc":{"unit":"mA","value":2.026},"voc":{"unit":"V","value":1.089},"jsc":{"unit":"mA\/cm2","value":21.62},"fill_factor":{"unit":"%","value":77.259},"efficiency":{"unit":"%","value":18.189},"r_s":{"unit":"ohms","value":31.753},"r_sh":{"unit":"ohms","value":5185.127},"temperature":{"unit":"oC","value":100},"cell_dimension":{"value":0.09369999915509411,"unit":"cm2"},"key":"Reverse_[G1#C2]_Group-1_Dynamic"},{"V":{"value":[1.2,1.15,1.1,1.05,1,0.95,0.9,0.85,0.8,0.75,0.7,0.65,0.6,0.55,0.5,0.45,0.4,0.35,0.3,0.25,0.2,0.15,0.1,0.05,0,-0.05,-0.1,-0.15,-0.2,-0.2,-0.15,-0.1,-0.05,0,0.05,0.1,0.15,0.2,0.25,0.3,0.35,0.4,0.45,0.5,0.55,0.6,0.65,0.7,0.75,0.8,0.85,0.9,0.95,1,1.05,1.1,1.15,1.2],"unit":"V"},"J":{"value":[-0.035724770999999995,-0.023825304,-0.00734898,0.003347255,0.009236155999999999,0.012030918,0.013233308,0.014066094,0.01441952,0.015132251999999999,0.014918239,0.015354931,0.015251184999999999,0.015404397,0.016727449,0.016972391,0.017315368,0.017618122,0.0179819,0.018292689,0.018559584,0.0187754,0.019004482,0.019178581,0.019348452999999998,0.019550875000000002,0.019697599,0.020407577,0.022387866,0.021493853,0.021536073,0.02069699,0.019849829,0.019143106,0.019094760000000002,0.019086073,0.018929082,0.0187527,0.018561387,0.018327033,0.018088869,0.017803094999999998,0.017509477,0.017190245,0.016843383,0.015507503,0.015953244,0.014785719999999999,0.013279508999999998,0.014133841999999999,0.013342401,0.012094749,0.010550901,0.0073441489999999995,0.001232904,-0.009561572,-0.024974653,-0.044367215],"unit":"A\/cm2"},"power_density":{"value":[-42.869868,-27.399529,-8.083959,3.514608,9.236267,11.429453,11.910099,11.956239,11.535733,11.34928,10.442854,9.980765,9.150654,8.472363,8.363552,7.637897,6.926372,6.166614,5.394689,4.57322,3.711971,2.816235,1.90027,0.958717873,-0.000322912128,-0.977071994,-1.969495,-3.060496,-4.477222,-4.298455,-3.229745,-2.069441,-0.992003156,-0.000301228828,0.954541318,1.908432,2.839306,3.750608,4.640391,5.498249,6.331386,7.121485,7.879608,8.594975,9.263763,9.304486,10.369591,10.350164,9.959737,11.307208,11.3407,10.88539,10.023462,7.344267,1.294566,-10.517873,-28.721351,-53.241101],"unit":"mW\/cm2"},"I":{"value":[-0.0033474110000000002,-0.002232431,-0.0006885993999999999,0.0003136378,0.0008654277999999999,0.001127297,0.0012399610000000001,0.001317993,0.0013511089999999999,0.001417892,0.0013978390000000001,0.0014387570000000001,0.001429036,0.001443392,0.0015673619999999999,0.001590313,0.0016224499999999999,0.0016508179999999999,0.0016849039999999999,0.0017140249999999999,0.001739033,0.001759255,0.0017807200000000002,0.0017970330000000002,0.00181295,0.001831917,0.0018456649999999998,0.00191219,0.002097743,0.002013974,0.00201793,0.001939308,0.001859929,0.001793709,0.0017891790000000001,0.0017883649999999999,0.001773655,0.001757128,0.001739202,0.001717243,0.0016949270000000002,0.00166815,0.001640638,0.001610726,0.001578225,0.001453053,0.0014948189999999999,0.0013854219999999999,0.00124429,0.001324341,0.001250183,0.001133278,0.0009886194,0.0006881468,0.0001155231,-0.0008959193,-0.002340125,-0.004157208],"unit":"A"},"power":{"value":[-4.016907,-2.567336,-0.757466915,0.329318749,0.865438185,1.07094,1.115976,1.1203,1.080898,1.063428,0.978495407,0.935197661,0.857416313,0.793860404,0.783664856,0.715670907,0.649001092,0.577811723,0.50548232,0.428510706,0.347811643,0.263881213,0.178055279,0.089831865,-3.0256866e-5,-0.091551646,-0.184541676,-0.286768457,-0.419515665,-0.402765195,-0.302627146,-0.193906578,-0.092950696,-2.8225141e-5,0.089440521,0.178820119,0.266042929,0.351431926,0.434804674,0.515185951,0.593250891,0.667283187,0.738319257,0.805349148,0.868014596,0.871830347,0.971630706,0.969810363,0.93322733,1.059485,1.062624,1.019961,0.939198415,0.68815781,0.121300872,-0.985524669,-2.691191,-4.988691],"unit":"mW"},"resistance":{"value":[-358.487201,-515.141565,-1597.461,3347.801,1155.512,842.729733,725.8367,644.923152,592.112183,528.958482,500.777128,451.781573,419.860871,381.044373,319.00078,282.97505,246.548738,212.025432,178.055604,145.857032,115.008111,85.261091,56.151787,27.817514,-0.009205604,-27.280641,-54.173726,-78.427667,-95.333079,-99.298849,-74.318287,-51.558345,-26.86952,-0.008772677,27.940022,55.911875,84.569434,113.824149,143.745465,174.703056,206.507773,239.794923,274.295487,310.413689,348.489094,412.922997,434.834518,505.269008,602.759726,604.0812,679.879986,794.164892,960.946245,1453.202,9089.212,-1227.806,-491.435287,-288.657676],"unit":"ohms"},"conductance":{"value":[-0.0027895,-0.001941214,-0.000625993195,0.00029870352,0.000865417415,0.00118662,0.00137772,0.001550572,0.001688869,0.001890508,0.001996896,0.002213459,0.002381741,0.002624366,0.003134789,0.00353388,0.004055993,0.004716415,0.005616223,0.006856029,0.008695039,0.011728679,0.017808872,0.035948576,-108.629481,-0.03665603,-0.018459133,-0.012750602,-0.010489538,-0.01007061,-0.013455639,-0.019395502,-0.037216891,-113.990288,0.035790953,0.017885288,0.011824603,0.008785482,0.006956741,0.005723998,0.004842433,0.00417023,0.003645703,0.003221507,0.00286953,0.002421759,0.002299725,0.001979144,0.001659036,0.001655407,0.001470848,0.001259184,0.001040641,0.00068813579,0.000110020533,-0.000814460985,-0.002034856,-0.003464311],"unit":"S"},"timestamps":{"value":[0.02,0.054,0.08800001,0.122,0.156,0.19,0.225,0.259,0.293,0.327,0.361,0.396,0.43,0.464,0.498,0.532,0.567,0.601,0.6350001,0.669,0.703,0.738,0.772,0.8060001,0.84,0.8750001,0.909,0.943,0.9770001,0.019,0.053,0.087,0.121,0.156,0.19,0.224,0.258,0.292,0.327,0.361,0.395,0.429,0.463,0.498,0.532,0.566,0.6,0.634,0.669,0.703,0.737,0.771,0.8050001,0.84,0.874,0.9080001,0.942,0.9760001],"unit":"s"},"sweep_direction":{"unit":"","value":"Reverse"},"p_max":{"unit":"mW","value":1.12},"v_p_max":{"unit":"V","value":0.85},"i_p_max":{"unit":"mA","value":1.318},"isc":{"unit":"mA","value":1.813},"voc":{"unit":"V","value":1.066},"jsc":{"unit":"mA\/cm2","value":19.348},"fill_factor":{"unit":"%","value":57.988},"efficiency":{"unit":"%","value":11.956},"r_s":{"unit":"ohms","value":57.206},"r_sh":{"unit":"ohms","value":1540.994},"temperature":{"unit":"oC","value":100},"cell_dimension":{"value":0.09369999880475093,"unit":"cm2"},"key":"Reverse_[G1#C1]_Group-1_Dynamic"}]}}