{"_id":"655ac20aa4d59d307a7a8bca","id":"JBNU-SC-00314","author":98,"group":10,"input":[{"tco":{"unit":"","value":"ITO"}},{"htl":[{"material":{"unit":"","value":"NiO_Sputter"},"concentration":{"unit":"","value":"None"},"conc_unit":{"unit":"","value":"None"},"quantity":{"unit":"ml","value":"None"}}],"solvent":[{"material":{"unit":"","value":"None"},"volume":{"unit":"ml","value":"None"}},{"material":{"unit":"","value":"None"},"volume":{"unit":"ml","value":"None"}}],"htl_doping":[{"material":{"unit":"","value":"None"},"volume":{"unit":"ul","value":"None"}}],"spin_coating":[{"type":{"unit":"","value":"None"},"rpm":{"unit":"","value":"None"},"time":{"unit":"s","value":"None"}}],"vacuum_suction":[{"unit":"s","value":"None"}],"annealing":[{"temperature":{"unit":"oC","value":"300"},"time":{"unit":"m","value":"30"}}],"module":[{"type":{"unit":"","value":"None"},"gap":{"unit":"um","value":"None"},"coating_speed":{"unit":"mm\/s","value":"None"},"feeding_amount":{"unit":"ul","value":"None"}}],"thermal_evaporation":[{"vacuum_evaporation_thickness":{"unit":"nm","value":"None"},"evaporation_rate":{"unit":"\u00c5\/s","value":"None"},"vacuum_pressure":{"unit":"uTorr","value":"None"}}]},{"htl_treatment":[{"material":{"unit":"","value":"MeO-2PACz"},"concentration":{"unit":"","value":"0.33"},"conc_unit":{"unit":"","value":"mg\/ml"},"quantity":{"unit":"ml","value":"1"}}],"solvent":[{"material":{"unit":"","value":"Ethanol"},"volume":{"unit":"ml","value":"1"}},{"material":{"unit":"","value":"None"},"volume":{"unit":"ml","value":"None"}}],"spin_coating":[{"type":{"unit":"","value":"drop&run"},"rpm":{"unit":"","value":"3000"},"time":{"unit":"s","value":"50"}}],"vacuum_suction":[{"unit":"s","value":"None"}],"annealing":[{"temperature":{"unit":"oC","value":"None"},"time":{"unit":"m","value":"None"}}],"module":[{"type":{"unit":"","value":"None"},"gap":{"unit":"um","value":"None"},"coating_speed":{"unit":"mm\/s","value":"None"},"feeding_amount":{"unit":"ul","value":"None"}}],"thermal_evaporation":[{"vacuum_evaporation_thickness":{"unit":"nm","value":"None"},"evaporation_rate":{"unit":"\u00c5\/s","value":"None"},"vacuum_pressure":{"unit":"uTorr","value":"None"}}]},{"perovskite":{"method":{"unit":"","value":"1-step"},"molarity":{"unit":"M","value":"1.45"},"a_site":[{"material":{"unit":"","value":"Cs"},"ratio":{"unit":"","value":"0.175"}},{"material":{"unit":"","value":"FA"},"ratio":{"unit":"","value":"0.825"}}],"b_site":[{"material":{"unit":"","value":"Pb"},"ratio":{"unit":"","value":"1"}},{"material":{"unit":"","value":"None"},"ratio":{"unit":"","value":"0"}}],"x_site":[{"material":{"unit":"","value":"I"},"ratio":{"unit":"","value":"2.55"}},{"material":{"unit":"","value":"Br"},"ratio":{"unit":"","value":"0.45"}}],"solvent":[{"material":{"unit":"","value":"DMF"},"volume":{"unit":"ml","value":"0.8"}},{"material":{"unit":"","value":"DMSO"},"volume":{"unit":"ml","value":"0.2"}}],"additive":[{"material":{"unit":"","value":"OAI"},"solvent":{"unit":"","value":"DMF"},"concentration":{"unit":"","value":"100"},"conc_unit":{"unit":"","value":"mg\/ml"},"quantity":{"unit":"mol%","value":"1"}}],"stirring_time":[{"unit":"m","value":"120"}],"antisolvent":[{"material":{"unit":"","value":"None"},"quantity":{"unit":"ul","value":"None"},"dripping_time":{"unit":"s","value":"None"}}],"spin_coating":[{"type":{"unit":"","value":"drop&run"},"rpm":{"unit":"","value":"4000"},"time":{"unit":"s","value":"10"}}],"vacuum_suction":[{"unit":"s","value":"60"}],"annealing":[{"temperature":{"unit":"oC","value":"100"},"time":{"unit":"m","value":"30"}}],"atmosphere":[{"type":{"unit":"","value":"N2"},"temperature":{"unit":"oC","value":"28"},"humidity":{"unit":"RH%","value":"0"}}],"assist":[{"type":{"unit":"","value":"None"},"temperature":{"unit":"oC","value":"None"},"assist_start_time":{"value":null,"unit":"s"},"total_assist_time":{"value":"None","unit":"s"}}],"module":[{"type":{"unit":"","value":"None"},"gap":{"unit":"um","value":"None"},"coating_speed":{"unit":"mm\/s","value":"None"},"feeding_amount":{"unit":"ul","value":"None"}}],"thermal_evaporation":[{"vacuum_evaporation_thickness":{"unit":"nm","value":"None"},"evaporation_rate":{"unit":"\u00c5\/s","value":"None"},"vacuum_pressure":{"unit":"uTorr","value":"None"}}]}},{"perovskite_treatment":[{"material":{"unit":"","value":"None"},"concentration":{"unit":"","value":"None"},"conc_unit":{"unit":"","value":"None"},"quantity":{"unit":"ml","value":"None"}}],"solvent":[{"material":{"unit":"","value":"None"},"volume":{"unit":"ml","value":"None"}},{"material":{"unit":"","value":"None"},"volume":{"unit":"ml","value":"None"}}],"spin_coating":[{"type":{"unit":"","value":"None"},"rpm":{"unit":"","value":"None"},"time":{"unit":"s","value":"None"}}],"vacuum_suction":[{"unit":"s","value":"None"}],"annealing":[{"temperature":{"unit":"oC","value":"None"},"time":{"unit":"m","value":"None"}}],"module":[{"type":{"unit":"","value":"None"},"gap":{"unit":"um","value":"None"},"coating_speed":{"unit":"mm\/s","value":"None"},"feeding_amount":{"unit":"ul","value":"None"}}],"thermal_evaporation":[{"vacuum_evaporation_thickness":{"unit":"nm","value":"None"},"evaporation_rate":{"unit":"\u00c5\/s","value":"None"},"vacuum_pressure":{"unit":"uTorr","value":"None"}}]},{"etl":[{"material":{"unit":"","value":"C60"},"concentration":{"unit":"","value":"None"},"conc_unit":{"unit":"","value":"None"},"quantity":{"unit":"ml","value":"None"}}],"solvent":[{"material":{"unit":"","value":"None"},"volume":{"unit":"ml","value":"None"}},{"material":{"unit":"","value":"None"},"volume":{"unit":"ml","value":"None"}}],"spin_coating":[{"type":{"unit":"","value":"None"},"rpm":{"unit":"","value":"None"},"time":{"unit":"s","value":"None"}}],"vacuum_suction":[{"unit":"s","value":"None"}],"annealing":[{"temperature":{"unit":"oC","value":"None"},"time":{"unit":"m","value":"None"}}],"etl_doping":[{"material":{"unit":"","value":"None"},"volume":{"unit":"ul","value":"None"}}],"module":[{"type":{"unit":"","value":"None"},"gap":{"unit":"um","value":"None"},"coating_speed":{"unit":"mm\/s","value":"None"},"feeding_amount":{"unit":"ul","value":"None"}}],"thermal_evaporation":[{"vacuum_evaporation_thickness":{"unit":"nm","value":"30"},"evaporation_rate":{"unit":"\u00c5\/s","value":"0.6"},"vacuum_pressure":{"unit":"uTorr","value":"2x10-6"}}]},{"blocking_buffer_layer":[{"material":{"unit":"","value":"BCP"},"concentration":{"unit":"","value":"None"},"conc_unit":{"unit":"","value":"None"},"quantity":{"unit":"ml","value":"None"}}],"solvent":[{"material":{"unit":"","value":"None"},"volume":{"unit":"ml","value":"None"}},{"material":{"unit":"","value":"None"},"volume":{"unit":"ml","value":"None"}}],"spin_coating":[{"type":{"unit":"","value":"None"},"rpm":{"unit":"","value":"None"},"time":{"unit":"s","value":"None"}}],"vacuum_suction":[{"unit":"s","value":"0"}],"annealing":[{"temperature":{"unit":"oC","value":"None"},"time":{"unit":"m","value":"None"}}],"module":[{"type":{"unit":"","value":"None"},"gap":{"unit":"um","value":"None"},"coating_speed":{"unit":"mm\/s","value":"None"},"feeding_amount":{"unit":"ul","value":"None"}}],"thermal_evaporation":[{"vacuum_evaporation_thickness":{"unit":"nm","value":"6"},"evaporation_rate":{"unit":"\u00c5\/s","value":"0.6"},"vacuum_pressure":{"unit":"uTorr","value":"2x10-6"}}]},{"anode_metal":{"unit":"","value":"Ag"}},{"note":{"unit":"","value":"-"},"ar":{"unit":"","value":"0"},"type":{"unit":"","value":"unit_cell"},"device_type":{"unit":"","value":"p-i-n"},"temperature":{"unit":"\u2103","value":"25"},"humidity":{"unit":"%","value":"40"},"cell_dimension":{"unit":"cm2","value":"0.0464"}}],"fileinfo":[{"key":"FORWARD 74 MeO AN OAI 1_20230404","uploadType":"JV","original_name":"FORWARD 74 MeO AN OAI 1_20230404-233043.txt","save_name":"JBNU-SC-00314\/FORWARD 74 MeO AN OAI 1_20230404","uploader":98,"fileType":""},{"key":"FORWARD 81 MeO AN OAI 1_20230404","uploadType":"JV","original_name":"FORWARD 81 MeO AN OAI 1_20230404-233134.txt","save_name":"JBNU-SC-00314\/FORWARD 81 MeO AN OAI 1_20230404","uploader":98,"fileType":""},{"key":"FORWARD 82 MeO AN OAI 1_20230404","uploadType":"JV","original_name":"FORWARD 82 MeO AN OAI 1_20230404-233152.txt","save_name":"JBNU-SC-00314\/FORWARD 82 MeO AN OAI 1_20230404","uploader":98,"fileType":""},{"key":"FORWARD 83 MeO AN OAI 1_20230404","uploadType":"JV","original_name":"FORWARD 83 MeO AN OAI 1_20230404-233214.txt","save_name":"JBNU-SC-00314\/FORWARD 83 MeO AN OAI 1_20230404","uploader":98,"fileType":""},{"key":"FORWARD 84 MeO AN OAI 1_20230404","uploadType":"JV","original_name":"FORWARD 84 MeO AN OAI 1_20230404-233237.txt","save_name":"JBNU-SC-00314\/FORWARD 84 MeO AN OAI 1_20230404","uploader":98,"fileType":""},{"key":"FORWARD 71 MeO AN OAI 1_20230404","uploadType":"JV","original_name":"FORWARD 71 MeO AN OAI 1_20230404-232919.txt","save_name":"JBNU-SC-00314\/FORWARD 71 MeO AN OAI 1_20230404","uploader":98,"fileType":""},{"key":"FORWARD 72 MeO AN OAI 1_20230404","uploadType":"JV","original_name":"FORWARD 72 MeO AN OAI 1_20230404-232941.txt","save_name":"JBNU-SC-00314\/FORWARD 72 MeO AN OAI 1_20230404","uploader":98,"fileType":""},{"key":"FORWARD 73 MeO AN OAI 1_20230404","uploadType":"JV","original_name":"FORWARD 73 MeO AN OAI 1_20230404-233005.txt","save_name":"JBNU-SC-00314\/FORWARD 73 MeO AN OAI 1_20230404","uploader":98,"fileType":""}],"jvcnt":8,"updated_at":"2024-08-07 02:33:50","created_at":"2023-11-20 02:18:50","analysisInfo":{"JV":[{"efficiency":19.6433,"fill_factor":79.3692,"jsc":21.76882053,"voc":1.13691562,"key":"FORWARD 84 MeO AN OAI 1_20230404","cell_dimension":0.0464},{"efficiency":19.4754,"fill_factor":77.2559,"jsc":22.11226979,"voc":1.14004162,"key":"FORWARD 83 MeO AN OAI 1_20230404","cell_dimension":0.0464},{"efficiency":19.2856,"fill_factor":77.1664,"jsc":21.86653409,"voc":1.14294145,"key":"FORWARD 82 MeO AN OAI 1_20230404","cell_dimension":0.0464},{"efficiency":19.7769,"fill_factor":77.8065,"jsc":21.93139205,"voc":1.15898185,"key":"FORWARD 81 MeO AN OAI 1_20230404","cell_dimension":0.0464},{"efficiency":18.0085,"fill_factor":74.4485,"jsc":21.29039062,"voc":1.13615781,"key":"FORWARD 74 MeO AN OAI 1_20230404","cell_dimension":0.0464},{"efficiency":19.0845,"fill_factor":78.7551,"jsc":21.26125713,"voc":1.13975966,"key":"FORWARD 73 MeO AN OAI 1_20230404","cell_dimension":0.0464},{"efficiency":18.8766,"fill_factor":77.6565,"jsc":21.22769346,"voc":1.14509862,"key":"FORWARD 72 MeO AN OAI 1_20230404","cell_dimension":0.0464},{"efficiency":19.3156,"fill_factor":78.1153,"jsc":21.28426693,"voc":1.16175225,"key":"FORWARD 71 MeO AN OAI 1_20230404","cell_dimension":0.0464}]},"public":2,"analysis":{"JV":[{"sample_area":{"value":0.0464,"unit":"cm2"},"irradiance":{"value":1,"unit":""},"pre_sweep_delay":{"value":1,"unit":""},"bias_direction":{"value":0,"unit":""},"max_reverse_bias":{"value":-0.2,"unit":""},"max_forward_bias":{"value":1.3,"unit":""},"num_sweep_points":{"value":31,"unit":""},"dwell_time":{"value":0,"unit":""},"current_limit":{"value":100,"unit":""},"pviv_10a_i_amp":{"value":0,"unit":""},"average":{"value":1,"unit":""},"dark_current":{"value":0,"unit":""},"rshunt_v_lo":{"value":-0.2,"unit":""},"rshunt_v_hi":{"value":0.2,"unit":""},"voc":{"value":1.13691562,"unit":"V"},"isc":{"value":0.00101007,"unit":"A"},"jsc":{"value":21.76882053,"unit":"mA\/cm2"},"imax":{"value":0.00093666,"unit":"A"},"vmax":{"value":0.97308044,"unit":"V"},"pmax":{"value":0.91145031,"unit":"mW"},"fill_factor":{"value":79.3692,"unit":"%"},"efficiency":{"value":19.6433,"unit":"%"},"r_at_voc":{"value":78.086469,"unit":""},"r_at_isc":{"value":49959.124,"unit":""},"power":{"value":0.0010756,"unit":"W"},"rshunt":{"value":"NaN","unit":"ohm"},"cell_temp_start":{"value":"NaN","unit":""},"cell_temp_end":{"value":"NaN","unit":""},"exposure":{"value":3.73,"unit":""},"time":{"value":"23:32:37","unit":""},"date":{"value":"04\/04\/2023","unit":""},"V":{"value":[1.3,1.25,1.2,1.15,1.1,1.05,1,0.95,0.9,0.85,0.8,0.75,0.7,0.65,0.6,0.55,0.5,0.45,0.4,0.35,0.3,0.25,0.2,0.15,0.1,0.05,0,-0.05,-0.1,-0.15,-0.2],"unit":"V"},"I":{"value":[-0.00393513,-0.0023378,-0.00104393,-0.00016756,0.00047275,0.00076674,0.00090195,0.00095413,0.00097249,0.00098275,0.00098873,0.0009926,0.00099586,0.00099721,0.00099756,0.00099841,0.00100075,0.00100192,0.0010028,0.00100308,0.00100378,0.00100527,0.00100625,0.00100652,0.00100841,0.00100872,0.00101033,0.00101166,0.00101277,0.00101218,0.00101392],"unit":"A"},"J":{"unit":"A\/cm2","value":[-0.08480883620689657,-0.05038362068965518,-0.022498491379310346,-0.0036112068965517244,0.010188577586206898,0.016524568965517242,0.019438577586206898,0.02056314655172414,0.020958836206896553,0.021179956896551725,0.021308836206896553,0.021392241379310346,0.021462500000000002,0.021491594827586207,0.021499137931034484,0.021517456896551723,0.021567887931034483,0.02159310344827586,0.021612068965517244,0.021618103448275864,0.021633189655172413,0.02166530172413793,0.021686422413793104,0.021692241379310345,0.021732974137931033,0.021739655172413795,0.021774353448275864,0.02180301724137931,0.021826939655172416,0.021814224137931035,0.021851724137931034]},"cell_dimension":{"value":0.0464,"unit":"cm2"},"sweep_direction":{"unit":"","value":"Forward"},"key":"FORWARD 84 MeO AN OAI 1_20230404"},{"sample_area":{"value":0.0464,"unit":"cm2"},"irradiance":{"value":1,"unit":""},"pre_sweep_delay":{"value":1,"unit":""},"bias_direction":{"value":0,"unit":""},"max_reverse_bias":{"value":-0.2,"unit":""},"max_forward_bias":{"value":1.3,"unit":""},"num_sweep_points":{"value":31,"unit":""},"dwell_time":{"value":0,"unit":""},"current_limit":{"value":100,"unit":""},"pviv_10a_i_amp":{"value":0,"unit":""},"average":{"value":1,"unit":""},"dark_current":{"value":0,"unit":""},"rshunt_v_lo":{"value":-0.2,"unit":""},"rshunt_v_hi":{"value":0.2,"unit":""},"voc":{"value":1.14004162,"unit":"V"},"isc":{"value":0.00102601,"unit":"A"},"jsc":{"value":22.11226979,"unit":"mA\/cm2"},"imax":{"value":0.00094312,"unit":"A"},"vmax":{"value":0.95816148,"unit":"V"},"pmax":{"value":0.90365655,"unit":"mW"},"fill_factor":{"value":77.2559,"unit":"%"},"efficiency":{"value":19.4754,"unit":"%"},"r_at_voc":{"value":94.000865,"unit":""},"r_at_isc":{"value":58038.305,"unit":""},"power":{"value":0.00108492,"unit":"W"},"rshunt":{"value":"NaN","unit":"ohm"},"cell_temp_start":{"value":"NaN","unit":""},"cell_temp_end":{"value":"NaN","unit":""},"exposure":{"value":3.72,"unit":""},"time":{"value":"23:32:14","unit":""},"date":{"value":"04\/04\/2023","unit":""},"V":{"value":[1.3,1.25,1.2,1.15,1.1,1.05,1,0.95,0.9,0.85,0.8,0.75,0.7,0.65,0.6,0.55,0.5,0.45,0.4,0.35,0.3,0.25,0.2,0.15,0.1,0.05,0,-0.05,-0.1,-0.15,-0.2],"unit":"V"},"I":{"value":[-0.00286306,-0.0017767,-0.00087416,-0.00010594,0.00042597,0.00072965,0.00088742,0.00095068,0.00098058,0.00099285,0.00099874,0.00100377,0.00100851,0.0010106,0.00101346,0.0010144,0.00101739,0.00101794,0.00101898,0.00101938,0.0010216,0.00102115,0.00102294,0.00102302,0.00102416,0.00102504,0.00102523,0.00102744,0.00102748,0.00102894,0.00102962],"unit":"A"},"J":{"unit":"A\/cm2","value":[-0.061703879310344836,-0.038290948275862075,-0.018839655172413795,-0.002283189655172414,0.009180387931034484,0.01572521551724138,0.01912543103448276,0.020488793103448276,0.021133189655172416,0.021397629310344828,0.02152456896551724,0.021632974137931034,0.02173512931034483,0.021780172413793104,0.02184181034482759,0.02186206896551724,0.021926508620689657,0.021938362068965517,0.021960775862068967,0.02196939655172414,0.022017241379310343,0.022007543103448275,0.022046120689655172,0.02204784482758621,0.02207241379310345,0.02209137931034483,0.022095474137931035,0.02214310344827586,0.022143965517241383,0.022175431034482763,0.022190086206896553]},"cell_dimension":{"value":0.0464,"unit":"cm2"},"sweep_direction":{"unit":"","value":"Forward"},"key":"FORWARD 83 MeO AN OAI 1_20230404"},{"sample_area":{"value":0.0464,"unit":"cm2"},"irradiance":{"value":1,"unit":""},"pre_sweep_delay":{"value":1,"unit":""},"bias_direction":{"value":0,"unit":""},"max_reverse_bias":{"value":-0.2,"unit":""},"max_forward_bias":{"value":1.3,"unit":""},"num_sweep_points":{"value":31,"unit":""},"dwell_time":{"value":0,"unit":""},"current_limit":{"value":100,"unit":""},"pviv_10a_i_amp":{"value":0,"unit":""},"average":{"value":1,"unit":""},"dark_current":{"value":0,"unit":""},"rshunt_v_lo":{"value":-0.2,"unit":""},"rshunt_v_hi":{"value":0.2,"unit":""},"voc":{"value":1.14294145,"unit":"V"},"isc":{"value":0.00101461,"unit":"A"},"jsc":{"value":21.86653409,"unit":"mA\/cm2"},"imax":{"value":0.00093182,"unit":"A"},"vmax":{"value":0.96032878,"unit":"V"},"pmax":{"value":0.89485026,"unit":"mW"},"fill_factor":{"value":77.1664,"unit":"%"},"efficiency":{"value":19.2856,"unit":"%"},"r_at_voc":{"value":102.568721,"unit":""},"r_at_isc":{"value":55115.743,"unit":""},"power":{"value":0.00107322,"unit":"W"},"rshunt":{"value":"NaN","unit":"ohm"},"cell_temp_start":{"value":"NaN","unit":""},"cell_temp_end":{"value":"NaN","unit":""},"exposure":{"value":3.903,"unit":""},"time":{"value":"23:31:52","unit":""},"date":{"value":"04\/04\/2023","unit":""},"V":{"value":[1.3,1.25,1.2,1.15,1.1,1.05,1,0.95,0.9,0.85,0.8,0.75,0.7,0.65,0.6,0.55,0.5,0.45,0.4,0.35,0.3,0.25,0.2,0.15,0.1,0.05,0,-0.05,-0.1,-0.15,-0.2],"unit":"V"},"I":{"value":[-0.00274523,-0.00161377,-0.00076212,-6.882e-5,0.00041866,0.00073555,0.00087741,0.00094102,0.00096853,0.0009802,0.00098774,0.00099252,0.00099586,0.00099728,0.00100013,0.00100103,0.00100271,0.001005,0.00100657,0.00100749,0.00100935,0.00100996,0.00101143,0.00101054,0.00101318,0.00101427,0.0010151,0.00101486,0.00101628,0.00101738,0.00101835],"unit":"A"},"J":{"unit":"A\/cm2","value":[-0.059164439655172416,-0.03477952586206897,-0.016425000000000002,-0.0014831896551724137,0.009022844827586208,0.015852370689655174,0.018909698275862072,0.020280603448275862,0.020873491379310345,0.021125000000000005,0.0212875,0.02139051724137931,0.021462500000000002,0.02149310344827586,0.021554525862068966,0.021573922413793103,0.02161012931034483,0.02165948275862069,0.021693318965517242,0.021713146551724138,0.02175323275862069,0.021766379310344832,0.021798060344827588,0.02177887931034483,0.021835775862068967,0.021859267241379314,0.021877155172413794,0.021871982758620692,0.021902586206896554,0.021926293103448277,0.021947198275862067]},"cell_dimension":{"value":0.0464,"unit":"cm2"},"sweep_direction":{"unit":"","value":"Forward"},"key":"FORWARD 82 MeO AN OAI 1_20230404"},{"sample_area":{"value":0.0464,"unit":"cm2"},"irradiance":{"value":1,"unit":""},"pre_sweep_delay":{"value":1,"unit":""},"bias_direction":{"value":0,"unit":""},"max_reverse_bias":{"value":-0.2,"unit":""},"max_forward_bias":{"value":1.3,"unit":""},"num_sweep_points":{"value":31,"unit":""},"dwell_time":{"value":0,"unit":""},"current_limit":{"value":100,"unit":""},"pviv_10a_i_amp":{"value":0,"unit":""},"average":{"value":1,"unit":""},"dark_current":{"value":0,"unit":""},"rshunt_v_lo":{"value":-0.2,"unit":""},"rshunt_v_hi":{"value":0.2,"unit":""},"voc":{"value":1.15898185,"unit":"V"},"isc":{"value":0.00101762,"unit":"A"},"jsc":{"value":21.93139205,"unit":"mA\/cm2"},"imax":{"value":0.00093473,"unit":"A"},"vmax":{"value":0.98172277,"unit":"V"},"pmax":{"value":0.91764909,"unit":"mW"},"fill_factor":{"value":77.8065,"unit":"%"},"efficiency":{"value":19.7769,"unit":"%"},"r_at_voc":{"value":66.926816,"unit":""},"r_at_isc":{"value":50782.512,"unit":""},"power":{"value":0.0010954,"unit":"W"},"rshunt":{"value":"NaN","unit":"ohm"},"cell_temp_start":{"value":"NaN","unit":""},"cell_temp_end":{"value":"NaN","unit":""},"exposure":{"value":3.733,"unit":""},"time":{"value":"23:31:34","unit":""},"date":{"value":"04\/04\/2023","unit":""},"V":{"value":[1.3,1.25,1.2,1.15,1.1,1.05,1,0.95,0.9,0.85,0.8,0.75,0.7,0.65,0.6,0.55,0.5,0.45,0.4,0.35,0.3,0.25,0.2,0.15,0.1,0.05,0,-0.05,-0.1,-0.15,-0.2],"unit":"V"},"I":{"value":[-0.00277922,-0.00156906,-0.00061288,0.0001342,0.00057791,0.00080536,0.00091397,0.00095749,0.00097508,0.00098373,0.00099147,0.00099451,0.00099826,0.00100036,0.0010025,0.00100355,0.00100634,0.00100717,0.00100806,0.00100952,0.00101095,0.00101272,0.00101422,0.00101417,0.00101568,0.00101697,0.00101786,0.00101967,0.00102,0.0010201,0.00102061],"unit":"A"},"J":{"unit":"A\/cm2","value":[-0.059896982758620695,-0.03381594827586207,-0.013208620689655174,0.002892241379310345,0.012454956896551723,0.01735689655172414,0.019697629310344827,0.020635560344827587,0.021014655172413795,0.021201077586206898,0.021367887931034484,0.021433405172413798,0.021514224137931033,0.021559482758620692,0.021605603448275862,0.02162823275862069,0.02168836206896552,0.02170625,0.02172543103448276,0.02175689655172414,0.02178771551724138,0.02182586206896552,0.021858189655172413,0.02185711206896552,0.021889655172413792,0.021917456896551727,0.021936637931034484,0.02197564655172414,0.021982758620689657,0.02198491379310345,0.02199590517241379]},"cell_dimension":{"value":0.0464,"unit":"cm2"},"sweep_direction":{"unit":"","value":"Forward"},"key":"FORWARD 81 MeO AN OAI 1_20230404"},{"sample_area":{"value":0.0464,"unit":"cm2"},"irradiance":{"value":1,"unit":""},"pre_sweep_delay":{"value":1,"unit":""},"bias_direction":{"value":0,"unit":""},"max_reverse_bias":{"value":-0.2,"unit":""},"max_forward_bias":{"value":1.3,"unit":""},"num_sweep_points":{"value":31,"unit":""},"dwell_time":{"value":0,"unit":""},"current_limit":{"value":100,"unit":""},"pviv_10a_i_amp":{"value":0,"unit":""},"average":{"value":1,"unit":""},"dark_current":{"value":0,"unit":""},"rshunt_v_lo":{"value":-0.2,"unit":""},"rshunt_v_hi":{"value":0.2,"unit":""},"voc":{"value":1.13615781,"unit":"V"},"isc":{"value":0.00098787,"unit":"A"},"jsc":{"value":21.29039062,"unit":"mA\/cm2"},"imax":{"value":0.00088836,"unit":"A"},"vmax":{"value":0.94060649,"unit":"V"},"pmax":{"value":0.83559591,"unit":"mW"},"fill_factor":{"value":74.4485,"unit":"%"},"efficiency":{"value":18.0085,"unit":"%"},"r_at_voc":{"value":110.112222,"unit":""},"r_at_isc":{"value":46451.643,"unit":""},"power":{"value":0.00102524,"unit":"W"},"rshunt":{"value":"NaN","unit":"ohm"},"cell_temp_start":{"value":"NaN","unit":""},"cell_temp_end":{"value":"NaN","unit":""},"exposure":{"value":3.733,"unit":""},"time":{"value":"23:30:43","unit":""},"date":{"value":"04\/04\/2023","unit":""},"V":{"value":[1.3,1.25,1.2,1.15,1.1,1.05,1,0.95,0.9,0.85,0.8,0.75,0.7,0.65,0.6,0.55,0.5,0.45,0.4,0.35,0.3,0.25,0.2,0.15,0.1,0.05,0,-0.05,-0.1,-0.15,-0.2],"unit":"V"},"I":{"value":[-0.0025103,-0.00155493,-0.00077112,-0.00012571,0.00032837,0.00061989,0.00079307,0.00087877,0.00091694,0.00093762,0.00094894,0.00095541,0.00096094,0.00096499,0.00096818,0.00097123,0.00097317,0.00097599,0.00097787,0.00098065,0.0009817,0.00098229,0.00098326,0.00098399,0.00098581,0.00098686,0.00098851,0.00098998,0.00099008,0.00099062,0.00099168],"unit":"A"},"J":{"unit":"A\/cm2","value":[-0.05410129310344828,-0.0335114224137931,-0.01661896551724138,-0.00270926724137931,0.007076939655172414,0.01335969827586207,0.017092025862068965,0.018939008620689656,0.019761637931034484,0.0202073275862069,0.020451293103448277,0.02059073275862069,0.020709913793103447,0.02079719827586207,0.02086594827586207,0.02093168103448276,0.020973491379310347,0.02103426724137931,0.021074784482758624,0.02113469827586207,0.0211573275862069,0.021170043103448277,0.021190948275862067,0.02120668103448276,0.021245905172413794,0.021268534482758623,0.021304094827586207,0.021335775862068966,0.021337931034482758,0.021349568965517242,0.02137241379310345]},"cell_dimension":{"value":0.0464,"unit":"cm2"},"sweep_direction":{"unit":"","value":"Forward"},"key":"FORWARD 74 MeO AN OAI 1_20230404"},{"sample_area":{"value":0.0464,"unit":"cm2"},"irradiance":{"value":1,"unit":""},"pre_sweep_delay":{"value":1,"unit":""},"bias_direction":{"value":0,"unit":""},"max_reverse_bias":{"value":-0.2,"unit":""},"max_forward_bias":{"value":1.3,"unit":""},"num_sweep_points":{"value":31,"unit":""},"dwell_time":{"value":0,"unit":""},"current_limit":{"value":100,"unit":""},"pviv_10a_i_amp":{"value":0,"unit":""},"average":{"value":1,"unit":""},"dark_current":{"value":0,"unit":""},"rshunt_v_lo":{"value":-0.2,"unit":""},"rshunt_v_hi":{"value":0.2,"unit":""},"voc":{"value":1.13975966,"unit":"V"},"isc":{"value":0.00098652,"unit":"A"},"jsc":{"value":21.26125713,"unit":"mA\/cm2"},"imax":{"value":0.00091552,"unit":"A"},"vmax":{"value":0.96722714,"unit":"V"},"pmax":{"value":0.88552053,"unit":"mW"},"fill_factor":{"value":78.7551,"unit":"%"},"efficiency":{"value":19.0845,"unit":"%"},"r_at_voc":{"value":91.581147,"unit":""},"r_at_isc":{"value":59889.107,"unit":""},"power":{"value":0.00104896,"unit":"W"},"rshunt":{"value":"NaN","unit":"ohm"},"cell_temp_start":{"value":"NaN","unit":""},"cell_temp_end":{"value":"NaN","unit":""},"exposure":{"value":3.909,"unit":""},"time":{"value":"23:30:05","unit":""},"date":{"value":"04\/04\/2023","unit":""},"V":{"value":[1.3,1.25,1.2,1.15,1.1,1.05,1,0.95,0.9,0.85,0.8,0.75,0.7,0.65,0.6,0.55,0.5,0.45,0.4,0.35,0.3,0.25,0.2,0.15,0.1,0.05,0,-0.05,-0.1,-0.15,-0.2],"unit":"V"},"I":{"value":[-0.00296477,-0.00179429,-0.00083674,-0.00011182,0.00043415,0.00073211,0.00087246,0.00092939,0.00095145,0.00096135,0.00096676,0.00096899,0.00097304,0.00097296,0.00097489,0.00097631,0.00097668,0.0009781,0.00097998,0.00098094,0.00098112,0.00098233,0.00098403,0.00098405,0.0009844,0.00098497,0.00098662,0.00098776,0.00098908,0.00098902,0.00098918],"unit":"A"},"J":{"unit":"A\/cm2","value":[-0.0638959051724138,-0.03867004310344828,-0.018033189655172414,-0.0024099137931034484,0.009356681034482759,0.01577823275862069,0.01880301724137931,0.020029956896551727,0.020505387931034482,0.02071875,0.020835344827586207,0.020883405172413796,0.020970689655172414,0.02096896551724138,0.021010560344827588,0.02104116379310345,0.021049137931034485,0.021079741379310346,0.02112025862068966,0.021140948275862072,0.0211448275862069,0.021170905172413795,0.02120754310344828,0.021207974137931036,0.021215517241379312,0.02122780172413793,0.021263362068965518,0.02128793103448276,0.02131637931034483,0.021315086206896552,0.021318534482758625]},"cell_dimension":{"value":0.0464,"unit":"cm2"},"sweep_direction":{"unit":"","value":"Forward"},"key":"FORWARD 73 MeO AN OAI 1_20230404"},{"sample_area":{"value":0.0464,"unit":"cm2"},"irradiance":{"value":1,"unit":""},"pre_sweep_delay":{"value":1,"unit":""},"bias_direction":{"value":0,"unit":""},"max_reverse_bias":{"value":-0.2,"unit":""},"max_forward_bias":{"value":1.3,"unit":""},"num_sweep_points":{"value":31,"unit":""},"dwell_time":{"value":0,"unit":""},"current_limit":{"value":100,"unit":""},"pviv_10a_i_amp":{"value":0,"unit":""},"average":{"value":1,"unit":""},"dark_current":{"value":0,"unit":""},"rshunt_v_lo":{"value":-0.2,"unit":""},"rshunt_v_hi":{"value":0.2,"unit":""},"voc":{"value":1.14509862,"unit":"V"},"isc":{"value":0.00098496,"unit":"A"},"jsc":{"value":21.22769346,"unit":"mA\/cm2"},"imax":{"value":0.00091031,"unit":"A"},"vmax":{"value":0.96217321,"unit":"V"},"pmax":{"value":0.87587349,"unit":"mW"},"fill_factor":{"value":77.6565,"unit":"%"},"efficiency":{"value":18.8766,"unit":"%"},"r_at_voc":{"value":106.838401,"unit":""},"r_at_isc":{"value":62632.097,"unit":""},"power":{"value":0.00104388,"unit":"W"},"rshunt":{"value":"NaN","unit":"ohm"},"cell_temp_start":{"value":"NaN","unit":""},"cell_temp_end":{"value":"NaN","unit":""},"exposure":{"value":4.037,"unit":""},"time":{"value":"23:29:41","unit":""},"date":{"value":"04\/04\/2023","unit":""},"V":{"value":[1.3,1.25,1.2,1.15,1.1,1.05,1,0.95,0.9,0.85,0.8,0.75,0.7,0.65,0.6,0.55,0.5,0.45,0.4,0.35,0.3,0.25,0.2,0.15,0.1,0.05,0,-0.05,-0.1,-0.15,-0.2],"unit":"V"},"I":{"value":[-0.00260316,-0.00155519,-0.00069793,-4.588e-5,0.00042212,0.00071748,0.00085818,0.00092052,0.00094383,0.00095521,0.00095995,0.00096376,0.00096615,0.0009676,0.00096876,0.0009707,0.00097221,0.00097505,0.00097492,0.00097625,0.00097947,0.00098067,0.00098208,0.00098321,0.00098323,0.00098439,0.00098523,0.00098697,0.00098548,0.0009874,0.0009877],"unit":"A"},"J":{"unit":"A\/cm2","value":[-0.05610258620689656,-0.033517025862068964,-0.015041594827586208,-0.000988793103448276,0.00909741379310345,0.015462931034482761,0.018495258620689656,0.019838793103448278,0.02034116379310345,0.020586422413793104,0.0206885775862069,0.020770689655172415,0.020822198275862073,0.02085344827586207,0.02087844827586207,0.020920258620689657,0.020952801724137934,0.021014008620689657,0.021011206896551726,0.021039870689655175,0.021109267241379313,0.021135129310344825,0.02116551724137931,0.021189870689655173,0.021190301724137935,0.02121530172413793,0.021233405172413792,0.021270905172413795,0.021238793103448277,0.021280172413793107,0.021286637931034483]},"cell_dimension":{"value":0.0464,"unit":"cm2"},"sweep_direction":{"unit":"","value":"Forward"},"key":"FORWARD 72 MeO AN OAI 1_20230404"},{"sample_area":{"value":0.0464,"unit":"cm2"},"irradiance":{"value":1,"unit":""},"pre_sweep_delay":{"value":1,"unit":""},"bias_direction":{"value":0,"unit":""},"max_reverse_bias":{"value":-0.2,"unit":""},"max_forward_bias":{"value":1.3,"unit":""},"num_sweep_points":{"value":31,"unit":""},"dwell_time":{"value":0,"unit":""},"current_limit":{"value":100,"unit":""},"pviv_10a_i_amp":{"value":0,"unit":""},"average":{"value":1,"unit":""},"dark_current":{"value":0,"unit":""},"rshunt_v_lo":{"value":-0.2,"unit":""},"rshunt_v_hi":{"value":0.2,"unit":""},"voc":{"value":1.16175225,"unit":"V"},"isc":{"value":0.00098759,"unit":"A"},"jsc":{"value":21.28426693,"unit":"mA\/cm2"},"imax":{"value":0.00092093,"unit":"A"},"vmax":{"value":0.9731999,"unit":"V"},"pmax":{"value":0.89624458,"unit":"mW"},"fill_factor":{"value":78.1153,"unit":"%"},"efficiency":{"value":19.3156,"unit":"%"},"r_at_voc":{"value":73.96616,"unit":""},"r_at_isc":{"value":80922.338,"unit":""},"power":{"value":0.00106842,"unit":"W"},"rshunt":{"value":"NaN","unit":"ohm"},"cell_temp_start":{"value":"NaN","unit":""},"cell_temp_end":{"value":"NaN","unit":""},"exposure":{"value":3.734,"unit":""},"time":{"value":"23:29:19","unit":""},"date":{"value":"04\/04\/2023","unit":""},"V":{"value":[1.3,1.25,1.2,1.15,1.1,1.05,1,0.95,0.9,0.85,0.8,0.75,0.7,0.65,0.6,0.55,0.5,0.45,0.4,0.35,0.3,0.25,0.2,0.15,0.1,0.05,0,-0.05,-0.1,-0.15,-0.2],"unit":"V"},"I":{"value":[-0.00247955,-0.001382,-0.0005171,0.00015889,0.00056783,0.0007769,0.0008887,0.00093882,0.00095822,0.00096537,0.00097037,0.00097168,0.00097353,0.00097524,0.00097702,0.00097783,0.00097967,0.00098019,0.00098093,0.00098122,0.00098306,0.0009844,0.00098553,0.00098516,0.00098671,0.00098779,0.00098836,0.00098925,0.00098797,0.00098862,0.00098985],"unit":"A"},"J":{"unit":"A\/cm2","value":[-0.0534385775862069,-0.02978448275862069,-0.01114439655172414,0.003424353448275862,0.01223771551724138,0.016743534482758622,0.01915301724137931,0.020233189655172415,0.020651293103448275,0.020805387931034484,0.02091314655172414,0.02094137931034483,0.020981250000000003,0.021018103448275864,0.02105646551724138,0.021073922413793106,0.021113577586206897,0.021124784482758622,0.021140732758620693,0.021146982758620692,0.021186637931034483,0.021215517241379312,0.021239870689655174,0.02123189655172414,0.021265301724137934,0.021288577586206895,0.021300862068965518,0.021320043103448275,0.021292456896551723,0.02130646551724138,0.021332974137931036]},"cell_dimension":{"value":0.0464,"unit":"cm2"},"sweep_direction":{"unit":"","value":"Forward"},"key":"FORWARD 71 MeO AN OAI 1_20230404"}]}}