{"_id":"65365e239d8aa506476d210c","id":"JBNU-SC-00242","author":98,"group":10,"input":[{"tco":{"unit":"","value":"ITO"}},{"htl":[{"material":{"unit":"","value":"NiO_Sputter"},"concentration":{"unit":"","value":"None"},"conc_unit":{"unit":"","value":"None"},"quantity":{"unit":"ml","value":"None"}}],"solvent":[{"material":{"unit":"","value":"None"},"volume":{"unit":"ml","value":"None"}},{"material":{"unit":"","value":"None"},"volume":{"unit":"ml","value":"None"}}],"htl_doping":[{"material":{"unit":"","value":"None"},"volume":{"unit":"ul","value":"None"}}],"spin_coating":[{"type":{"unit":"","value":"None"},"rpm":{"unit":"","value":"None"},"time":{"unit":"s","value":"None"}}],"vacuum_suction":[{"unit":"s","value":"None"}],"annealing":[{"temperature":{"unit":"oC","value":"300"},"time":{"unit":"m","value":"30"}}],"module":[{"type":{"unit":"","value":"None"},"gap":{"unit":"um","value":"None"},"coating_speed":{"unit":"mm\/s","value":"None"},"feeding_amount":{"unit":"ul","value":"None"}}],"thermal_evaporation":[{"vacuum_evaporation_thickness":{"unit":"nm","value":"None"},"evaporation_rate":{"unit":"\u00c5\/s","value":"None"},"vacuum_pressure":{"unit":"uTorr","value":"None"}}]},{"htl_treatment":[{"material":{"unit":"","value":"MeO-2PACz"},"concentration":{"unit":"","value":"1"},"conc_unit":{"unit":"","value":"mg\/ml"},"quantity":{"unit":"ml","value":"0.5"}},{"material":{"unit":"","value":"Me-4PACz"},"concentration":{"unit":"","value":"1"},"conc_unit":{"unit":"","value":"mg\/ml"},"quantity":{"unit":"ml","value":"0.5"}}],"solvent":[{"material":{"unit":"","value":"Ethanol"},"volume":{"unit":"ml","value":"1"}},{"material":{"unit":"","value":"None"},"volume":{"unit":"ml","value":"None"}},{"material":{"unit":"","value":"Ethanol"},"volume":{"unit":"ml","value":"1"}},{"material":{"unit":"","value":"None"},"volume":{"unit":"ml","value":"None"}}],"spin_coating":[{"type":{"unit":"","value":"drop&run"},"rpm":{"unit":"","value":"3000"},"time":{"unit":"s","value":"50"}}],"vacuum_suction":[{"unit":"s","value":"10"}],"annealing":[{"temperature":{"unit":"oC","value":"None"},"time":{"unit":"m","value":"None"}}],"module":[{"type":{"unit":"","value":"None"},"gap":{"unit":"um","value":"None"},"coating_speed":{"unit":"mm\/s","value":"None"},"feeding_amount":{"unit":"ul","value":"None"}}],"thermal_evaporation":[{"vacuum_evaporation_thickness":{"unit":"nm","value":"None"},"evaporation_rate":{"unit":"\u00c5\/s","value":"None"},"vacuum_pressure":{"unit":"uTorr","value":"None"}}]},{"perovskite":{"method":{"unit":"","value":"1-step"},"molarity":{"unit":"M","value":"1.45"},"a_site":[{"material":{"unit":"","value":"Cs"},"ratio":{"unit":"","value":"0.175"}},{"material":{"unit":"","value":"FA"},"ratio":{"unit":"","value":"0.825"}}],"b_site":[{"material":{"unit":"","value":"Pb"},"ratio":{"unit":"","value":"1"}},{"material":{"unit":"","value":"None"},"ratio":{"unit":"","value":"0"}}],"x_site":[{"material":{"unit":"","value":"I"},"ratio":{"unit":"","value":"2.55"}},{"material":{"unit":"","value":"Br"},"ratio":{"unit":"","value":"0.45"}}],"solvent":[{"material":{"unit":"","value":"DMF"},"volume":{"unit":"ml","value":"0.72"}},{"material":{"unit":"","value":"DMSO"},"volume":{"unit":"ml","value":"0.18"}}],"additive":[{"material":{"unit":"","value":"None"},"solvent":{"unit":"","value":"None"},"concentration":{"unit":"","value":"None"},"conc_unit":{"unit":"","value":"None"},"quantity":{"unit":"mol%","value":"None"}}],"stirring_time":[{"unit":"m","value":"120"}],"antisolvent":[{"material":{"unit":"","value":"None"},"quantity":{"unit":"ul","value":"None"},"dripping_time":{"unit":"s","value":"None"}}],"spin_coating":[{"type":{"unit":"","value":"drop&run"},"rpm":{"unit":"","value":"4000"},"time":{"unit":"s","value":"10"}}],"vacuum_suction":[{"unit":"s","value":"60"}],"annealing":[{"temperature":{"unit":"oC","value":"100"},"time":{"unit":"m","value":"30"}}],"atmosphere":[{"type":{"unit":"","value":"N2"},"temperature":{"unit":"oC","value":"28"},"humidity":{"unit":"RH%","value":"0"}}],"assist":[{"type":{"unit":"","value":"None"},"temperature":{"unit":"oC","value":"None"},"assist_start_time":{"value":null,"unit":"s"},"total_assist_time":{"value":"None","unit":"s"}}],"module":[{"type":{"unit":"","value":"None"},"gap":{"unit":"um","value":"None"},"coating_speed":{"unit":"mm\/s","value":"None"},"feeding_amount":{"unit":"ul","value":"None"}}],"thermal_evaporation":[{"vacuum_evaporation_thickness":{"unit":"nm","value":"None"},"evaporation_rate":{"unit":"\u00c5\/s","value":"None"},"vacuum_pressure":{"unit":"uTorr","value":"None"}}]}},{"perovskite_treatment":[{"material":{"unit":"","value":"None"},"concentration":{"unit":"","value":"None"},"conc_unit":{"unit":"","value":"None"},"quantity":{"unit":"ml","value":"None"}}],"solvent":[{"material":{"unit":"","value":"None"},"volume":{"unit":"ml","value":"None"}},{"material":{"unit":"","value":"None"},"volume":{"unit":"ml","value":"None"}}],"spin_coating":[{"type":{"unit":"","value":"None"},"rpm":{"unit":"","value":"None"},"time":{"unit":"s","value":"None"}}],"vacuum_suction":[{"unit":"s","value":"None"}],"annealing":[{"temperature":{"unit":"oC","value":"None"},"time":{"unit":"m","value":"None"}}],"module":[{"type":{"unit":"","value":"None"},"gap":{"unit":"um","value":"None"},"coating_speed":{"unit":"mm\/s","value":"None"},"feeding_amount":{"unit":"ul","value":"None"}}],"thermal_evaporation":[{"vacuum_evaporation_thickness":{"unit":"nm","value":"None"},"evaporation_rate":{"unit":"\u00c5\/s","value":"None"},"vacuum_pressure":{"unit":"uTorr","value":"None"}}]},{"etl":[{"material":{"unit":"","value":"C60"},"concentration":{"unit":"","value":"None"},"conc_unit":{"unit":"","value":"None"},"quantity":{"unit":"ml","value":"None"}}],"solvent":[{"material":{"unit":"","value":"None"},"volume":{"unit":"ml","value":"None"}},{"material":{"unit":"","value":"None"},"volume":{"unit":"ml","value":"None"}}],"spin_coating":[{"type":{"unit":"","value":"None"},"rpm":{"unit":"","value":"None"},"time":{"unit":"s","value":"None"}}],"vacuum_suction":[{"unit":"s","value":"None"}],"annealing":[{"temperature":{"unit":"oC","value":"None"},"time":{"unit":"m","value":"None"}}],"etl_doping":[{"material":{"unit":"","value":"None"},"volume":{"unit":"ul","value":"None"}}],"module":[{"type":{"unit":"","value":"None"},"gap":{"unit":"um","value":"None"},"coating_speed":{"unit":"mm\/s","value":"None"},"feeding_amount":{"unit":"ul","value":"None"}}],"thermal_evaporation":[{"vacuum_evaporation_thickness":{"unit":"nm","value":"30"},"evaporation_rate":{"unit":"\u00c5\/s","value":"0.6"},"vacuum_pressure":{"unit":"uTorr","value":"2x10-6"}}]},{"blocking_buffer_layer":[{"material":{"unit":"","value":"BCP"},"concentration":{"unit":"","value":"None"},"conc_unit":{"unit":"","value":"None"},"quantity":{"unit":"ml","value":"None"}}],"solvent":[{"material":{"unit":"","value":"None"},"volume":{"unit":"ml","value":"None"}},{"material":{"unit":"","value":"None"},"volume":{"unit":"ml","value":"None"}}],"spin_coating":[{"type":{"unit":"","value":"None"},"rpm":{"unit":"","value":"None"},"time":{"unit":"s","value":"None"}}],"vacuum_suction":[{"unit":"s","value":"0"}],"annealing":[{"temperature":{"unit":"oC","value":"None"},"time":{"unit":"m","value":"None"}}],"module":[{"type":{"unit":"","value":"None"},"gap":{"unit":"um","value":"None"},"coating_speed":{"unit":"mm\/s","value":"None"},"feeding_amount":{"unit":"ul","value":"None"}}],"thermal_evaporation":[{"vacuum_evaporation_thickness":{"unit":"nm","value":"6"},"evaporation_rate":{"unit":"\u00c5\/s","value":"0.6"},"vacuum_pressure":{"unit":"uTorr","value":"2x10-6"}}]},{"anode_metal":{"unit":"","value":"Ag"}},{"note":{"unit":"","value":"-"},"ar":{"unit":"","value":"0"},"type":{"unit":"","value":"unit_cell"},"device_type":{"unit":"","value":"p-i-n"},"temperature":{"unit":"\u2103","value":"25"},"humidity":{"unit":"%","value":"40"},"cell_dimension":{"unit":"cm2","value":"0.0464"}}],"fileinfo":[{"key":"forward 131 MeO-Me 1-1 cleaning O_20230707","uploadType":"JV","original_name":"forward 131 MeO-Me 1-1 cleaning O_20230707-171206.txt","save_name":"JBNU-SC-00242\/forward 131 MeO-Me 1-1 cleaning O_20230707","uploader":98,"fileType":""},{"key":"forward 132 MeO-Me 1-1 cleaning O_20230707","uploadType":"JV","original_name":"forward 132 MeO-Me 1-1 cleaning O_20230707-171222.txt","save_name":"JBNU-SC-00242\/forward 132 MeO-Me 1-1 cleaning O_20230707","uploader":98,"fileType":""},{"key":"forward 133 MeO-Me 1-1 cleaning O_20230707","uploadType":"JV","original_name":"forward 133 MeO-Me 1-1 cleaning O_20230707-171238.txt","save_name":"JBNU-SC-00242\/forward 133 MeO-Me 1-1 cleaning O_20230707","uploader":98,"fileType":""},{"key":"forward 134 MeO-Me 1-1 cleaning O_20230707","uploadType":"JV","original_name":"forward 134 MeO-Me 1-1 cleaning O_20230707-171305.txt","save_name":"JBNU-SC-00242\/forward 134 MeO-Me 1-1 cleaning O_20230707","uploader":98,"fileType":""}],"jvcnt":4,"updated_at":"2024-08-07 02:33:50","created_at":"2023-10-23 11:50:59","analysisInfo":{"JV":[{"efficiency":18.7348,"fill_factor":77.9783,"jsc":21.98768417,"voc":1.09268974,"key":"forward 134 MeO-Me 1-1 cleaning O_20230707","cell_dimension":0.0464},{"efficiency":18.9403,"fill_factor":77.9835,"jsc":22.08461991,"voc":1.09975128,"key":"forward 133 MeO-Me 1-1 cleaning O_20230707","cell_dimension":0.0464},{"efficiency":19.4047,"fill_factor":77.4456,"jsc":22.71546375,"voc":1.10303087,"key":"forward 132 MeO-Me 1-1 cleaning O_20230707","cell_dimension":0.0464},{"efficiency":19.5799,"fill_factor":77.6196,"jsc":22.62405055,"voc":1.11498537,"key":"forward 131 MeO-Me 1-1 cleaning O_20230707","cell_dimension":0.0464}]},"public":2,"analysis":{"JV":[{"sample_area":{"value":0.0464,"unit":"cm2"},"irradiance":{"value":1,"unit":""},"pre_sweep_delay":{"value":1,"unit":""},"bias_direction":{"value":0,"unit":""},"max_reverse_bias":{"value":-0.2,"unit":""},"max_forward_bias":{"value":1.3,"unit":""},"num_sweep_points":{"value":31,"unit":""},"dwell_time":{"value":0,"unit":""},"current_limit":{"value":100,"unit":""},"pviv_10a_i_amp":{"value":0,"unit":""},"average":{"value":1,"unit":""},"dark_current":{"value":0,"unit":""},"rshunt_v_lo":{"value":-0.2,"unit":""},"rshunt_v_hi":{"value":0.2,"unit":""},"voc":{"value":1.09268974,"unit":"V"},"isc":{"value":0.00102023,"unit":"A"},"jsc":{"value":21.98768417,"unit":"mA\/cm2"},"imax":{"value":0.00095005,"unit":"A"},"vmax":{"value":0.91499899,"unit":"V"},"pmax":{"value":0.86929702,"unit":"mW"},"fill_factor":{"value":77.9783,"unit":"%"},"efficiency":{"value":18.7348,"unit":"%"},"r_at_voc":{"value":111.804843,"unit":""},"r_at_isc":{"value":63138.56,"unit":""},"power":{"value":0.00103062,"unit":"W"},"rshunt":{"value":"NaN","unit":"ohm"},"cell_temp_start":{"value":"NaN","unit":""},"cell_temp_end":{"value":"NaN","unit":""},"exposure":{"value":3.914,"unit":""},"time":{"value":"17:13:05","unit":""},"date":{"value":"07\/07\/2023","unit":""},"V":{"value":[1.3,1.25,1.2,1.15,1.1,1.05,1,0.95,0.9,0.85,0.8,0.75,0.7,0.65,0.6,0.55,0.5,0.45,0.4,0.35,0.3,0.25,0.2,0.15,0.1,0.05,0,-0.05,-0.1,-0.15,-0.2],"unit":"V"},"I":{"value":[-0.00330109,-0.00218592,-0.00128217,-0.00060743,-6.538e-5,0.00038182,0.00072579,0.00089455,0.00096309,0.00098395,0.00099426,0.00099946,0.001003,0.00100651,0.0010093,0.0010105,0.00101204,0.00101278,0.00101441,0.00101497,0.00101546,0.00101715,0.0010164,0.00101761,0.00101916,0.00101877,0.00101887,0.00102225,0.00102225,0.00102299,0.00102291],"unit":"A"},"J":{"unit":"A\/cm2","value":[-0.07114418103448276,-0.04711034482758621,-0.027632974137931036,-0.013091163793103449,-0.0014090517241379312,0.008228879310344828,0.01564202586206897,0.019279094827586208,0.02075625,0.02120581896551724,0.021428017241379313,0.021540086206896552,0.021616379310344828,0.021692025862068965,0.021752155172413797,0.02177801724137931,0.02181120689655173,0.021827155172413796,0.021862284482758624,0.021874353448275864,0.02188491379310345,0.021921336206896555,0.021905172413793104,0.02193125,0.021964655172413795,0.02195625,0.021958405172413795,0.02203125,0.02203125,0.022047198275862073,0.022045474137931034]},"cell_dimension":{"value":0.0464,"unit":"cm2"},"sweep_direction":{"unit":"","value":"Forward"},"key":"forward 134 MeO-Me 1-1 cleaning O_20230707"},{"sample_area":{"value":0.0464,"unit":"cm2"},"irradiance":{"value":1,"unit":""},"pre_sweep_delay":{"value":1,"unit":""},"bias_direction":{"value":0,"unit":""},"max_reverse_bias":{"value":-0.2,"unit":""},"max_forward_bias":{"value":1.3,"unit":""},"num_sweep_points":{"value":31,"unit":""},"dwell_time":{"value":0,"unit":""},"current_limit":{"value":100,"unit":""},"pviv_10a_i_amp":{"value":0,"unit":""},"average":{"value":1,"unit":""},"dark_current":{"value":0,"unit":""},"rshunt_v_lo":{"value":-0.2,"unit":""},"rshunt_v_hi":{"value":0.2,"unit":""},"voc":{"value":1.09975128,"unit":"V"},"isc":{"value":0.00102473,"unit":"A"},"jsc":{"value":22.08461991,"unit":"mA\/cm2"},"imax":{"value":0.00094668,"unit":"A"},"vmax":{"value":0.92832427,"unit":"V"},"pmax":{"value":0.87883017,"unit":"mW"},"fill_factor":{"value":77.9835,"unit":"%"},"efficiency":{"value":18.9403,"unit":"%"},"r_at_voc":{"value":107.764154,"unit":""},"r_at_isc":{"value":62379.494,"unit":""},"power":{"value":0.00104283,"unit":"W"},"rshunt":{"value":"NaN","unit":"ohm"},"cell_temp_start":{"value":"NaN","unit":""},"cell_temp_end":{"value":"NaN","unit":""},"exposure":{"value":4.165,"unit":""},"time":{"value":"17:12:38","unit":""},"date":{"value":"07\/07\/2023","unit":""},"V":{"value":[1.3,1.25,1.2,1.15,1.1,1.05,1,0.95,0.9,0.85,0.8,0.75,0.7,0.65,0.6,0.55,0.5,0.45,0.4,0.35,0.3,0.25,0.2,0.15,0.1,0.05,0,-0.05,-0.1,-0.15,-0.2],"unit":"V"},"I":{"value":[-0.00313442,-0.00210555,-0.00124414,-0.00056842,-2.31e-6,0.00046167,0.00077601,0.00091837,0.00096837,0.0009883,0.00099487,0.00100081,0.00100421,0.00100893,0.00100969,0.00101369,0.00101562,0.00101727,0.00101725,0.00101873,0.00101946,0.00102122,0.00102079,0.00102223,0.00102246,0.00102466,0.0010263,0.00102542,0.00102623,0.0010281,0.00102629],"unit":"A"},"J":{"unit":"A\/cm2","value":[-0.06755215517241381,-0.04537823275862069,-0.026813362068965518,-0.01225043103448276,-4.978448275862069e-5,0.009949784482758621,0.016724353448275865,0.019792456896551725,0.020870043103448276,0.02129956896551724,0.021441163793103447,0.02156918103448276,0.021642456896551726,0.021744181034482758,0.021760560344827585,0.021846767241379312,0.02188836206896552,0.021923922413793106,0.021923491379310343,0.021955387931034485,0.021971120689655173,0.022009051724137932,0.02199978448275862,0.022030818965517243,0.022035775862068965,0.022083189655172412,0.02211853448275862,0.022099568965517243,0.022117025862068967,0.0221573275862069,0.022118318965517244]},"cell_dimension":{"value":0.0464,"unit":"cm2"},"sweep_direction":{"unit":"","value":"Forward"},"key":"forward 133 MeO-Me 1-1 cleaning O_20230707"},{"sample_area":{"value":0.0464,"unit":"cm2"},"irradiance":{"value":1,"unit":""},"pre_sweep_delay":{"value":1,"unit":""},"bias_direction":{"value":0,"unit":""},"max_reverse_bias":{"value":-0.2,"unit":""},"max_forward_bias":{"value":1.3,"unit":""},"num_sweep_points":{"value":31,"unit":""},"dwell_time":{"value":0,"unit":""},"current_limit":{"value":100,"unit":""},"pviv_10a_i_amp":{"value":0,"unit":""},"average":{"value":1,"unit":""},"dark_current":{"value":0,"unit":""},"rshunt_v_lo":{"value":-0.2,"unit":""},"rshunt_v_hi":{"value":0.2,"unit":""},"voc":{"value":1.10303087,"unit":"V"},"isc":{"value":0.001054,"unit":"A"},"jsc":{"value":22.71546375,"unit":"mA\/cm2"},"imax":{"value":0.00097533,"unit":"A"},"vmax":{"value":0.92315409,"unit":"V"},"pmax":{"value":0.90037599,"unit":"mW"},"fill_factor":{"value":77.4456,"unit":"%"},"efficiency":{"value":19.4047,"unit":"%"},"r_at_voc":{"value":97.671439,"unit":""},"r_at_isc":{"value":55389.387,"unit":""},"power":{"value":0.00107119,"unit":"W"},"rshunt":{"value":"NaN","unit":"ohm"},"cell_temp_start":{"value":"NaN","unit":""},"cell_temp_end":{"value":"NaN","unit":""},"exposure":{"value":4.021,"unit":""},"time":{"value":"17:12:22","unit":""},"date":{"value":"07\/07\/2023","unit":""},"V":{"value":[1.3,1.25,1.2,1.15,1.1,1.05,1,0.95,0.9,0.85,0.8,0.75,0.7,0.65,0.6,0.55,0.5,0.45,0.4,0.35,0.3,0.25,0.2,0.15,0.1,0.05,0,-0.05,-0.1,-0.15,-0.2],"unit":"V"},"I":{"value":[-0.00272869,-0.00183235,-0.00108045,-0.00048089,3.103e-5,0.00046192,0.00078349,0.00093687,0.00099432,0.00101347,0.00102425,0.00102893,0.00103362,0.0010372,0.0010398,0.0010408,0.00104277,0.00104476,0.00104698,0.00104778,0.0010492,0.00104976,0.00104993,0.00105103,0.00105115,0.00105221,0.0010542,0.00105711,0.00105546,0.00105748,0.00105652],"unit":"A"},"J":{"unit":"A\/cm2","value":[-0.05880797413793104,-0.039490301724137936,-0.023285560344827587,-0.010364008620689655,0.0006687500000000001,0.009955172413793104,0.016885560344827587,0.02019116379310345,0.021429310344827587,0.02184202586206897,0.022074353448275862,0.02217521551724138,0.02227629310344828,0.02235344827586207,0.022409482758620692,0.02243103448275862,0.022473491379310345,0.02251637931034483,0.02256422413793104,0.02258146551724138,0.02261206896551724,0.022624137931034485,0.02262780172413793,0.02265150862068966,0.02265409482758621,0.022676939655172416,0.022719827586206897,0.022782543103448277,0.022746982758620693,0.022790517241379312,0.0227698275862069]},"cell_dimension":{"value":0.0464,"unit":"cm2"},"sweep_direction":{"unit":"","value":"Forward"},"key":"forward 132 MeO-Me 1-1 cleaning O_20230707"},{"sample_area":{"value":0.0464,"unit":"cm2"},"irradiance":{"value":1,"unit":""},"pre_sweep_delay":{"value":1,"unit":""},"bias_direction":{"value":0,"unit":""},"max_reverse_bias":{"value":-0.2,"unit":""},"max_forward_bias":{"value":1.3,"unit":""},"num_sweep_points":{"value":31,"unit":""},"dwell_time":{"value":0,"unit":""},"current_limit":{"value":100,"unit":""},"pviv_10a_i_amp":{"value":0,"unit":""},"average":{"value":1,"unit":""},"dark_current":{"value":0,"unit":""},"rshunt_v_lo":{"value":-0.2,"unit":""},"rshunt_v_hi":{"value":0.2,"unit":""},"voc":{"value":1.11498537,"unit":"V"},"isc":{"value":0.00104976,"unit":"A"},"jsc":{"value":22.62405055,"unit":"mA\/cm2"},"imax":{"value":0.00097044,"unit":"A"},"vmax":{"value":0.93617867,"unit":"V"},"pmax":{"value":0.90850858,"unit":"mW"},"fill_factor":{"value":77.6196,"unit":"%"},"efficiency":{"value":19.5799,"unit":"%"},"r_at_voc":{"value":97.895865,"unit":""},"r_at_isc":{"value":61739.482,"unit":""},"power":{"value":0.001079,"unit":"W"},"rshunt":{"value":"NaN","unit":"ohm"},"cell_temp_start":{"value":"NaN","unit":""},"cell_temp_end":{"value":"NaN","unit":""},"exposure":{"value":3.845,"unit":""},"time":{"value":"17:12:06","unit":""},"date":{"value":"07\/07\/2023","unit":""},"V":{"value":[1.3,1.25,1.2,1.15,1.1,1.05,1,0.95,0.9,0.85,0.8,0.75,0.7,0.65,0.6,0.55,0.5,0.45,0.4,0.35,0.3,0.25,0.2,0.15,0.1,0.05,0,-0.05,-0.1,-0.15,-0.2],"unit":"V"},"I":{"value":[-0.00248877,-0.00165305,-0.00095969,-0.00035767,0.00015307,0.00055611,0.00083025,0.00095354,0.00099525,0.00100881,0.0010197,0.00102452,0.00102724,0.001031,0.00103419,0.00103484,0.00103743,0.00103877,0.00104004,0.00104164,0.00104516,0.00104479,0.00104631,0.00104759,0.00104929,0.00104953,0.00104894,0.00104979,0.001052,0.00105217,0.00105285],"unit":"A"},"J":{"unit":"A\/cm2","value":[-0.053637284482758625,-0.0356260775862069,-0.020682974137931038,-0.007708405172413793,0.0032989224137931037,0.011985129310344827,0.017893318965517244,0.02055043103448276,0.021449353448275865,0.021741594827586207,0.021976293103448275,0.022080172413793103,0.022138793103448278,0.0222198275862069,0.022288577586206896,0.02230258620689655,0.022358405172413793,0.022387284482758625,0.022414655172413797,0.022449137931034483,0.022525000000000003,0.022517025862068968,0.02254978448275862,0.022577370689655173,0.022614008620689657,0.02261918103448276,0.02260646551724138,0.022624784482758623,0.02267241379310345,0.0226760775862069,0.02269073275862069]},"cell_dimension":{"value":0.0464,"unit":"cm2"},"sweep_direction":{"unit":"","value":"Forward"},"key":"forward 131 MeO-Me 1-1 cleaning O_20230707"}]}}