{"_id":"655abcad201538293307e5f3","id":"JBNU-SC-00277","author":98,"group":10,"input":[{"tco":{"unit":"","value":"ITO"}},{"htl":[{"material":{"unit":"","value":"NiO_Sputter"},"concentration":{"unit":"","value":"None"},"conc_unit":{"unit":"","value":"None"},"quantity":{"unit":"ml","value":"None"}}],"solvent":[{"material":{"unit":"","value":"None"},"volume":{"unit":"ml","value":"None"}},{"material":{"unit":"","value":"None"},"volume":{"unit":"ml","value":"None"}}],"htl_doping":[{"material":{"unit":"","value":"None"},"volume":{"unit":"ul","value":"None"}}],"spin_coating":[{"type":{"unit":"","value":"None"},"rpm":{"unit":"","value":"None"},"time":{"unit":"s","value":"None"}}],"vacuum_suction":[{"unit":"s","value":"None"}],"annealing":[{"temperature":{"unit":"oC","value":"300"},"time":{"unit":"m","value":"30"}}],"module":[{"type":{"unit":"","value":"None"},"gap":{"unit":"um","value":"None"},"coating_speed":{"unit":"mm\/s","value":"None"},"feeding_amount":{"unit":"ul","value":"None"}}],"thermal_evaporation":[{"vacuum_evaporation_thickness":{"unit":"nm","value":"None"},"evaporation_rate":{"unit":"\u00c5\/s","value":"None"},"vacuum_pressure":{"unit":"uTorr","value":"None"}}]},{"htl_treatment":[{"material":{"unit":"","value":"MeO-2PACz"},"concentration":{"unit":"","value":"0.33"},"conc_unit":{"unit":"","value":"mg\/ml"},"quantity":{"unit":"ml","value":"1"}}],"solvent":[{"material":{"unit":"","value":"Ethanol"},"volume":{"unit":"ml","value":"1"}},{"material":{"unit":"","value":"None"},"volume":{"unit":"ml","value":"None"}}],"spin_coating":[{"type":{"unit":"","value":"drop&run"},"rpm":{"unit":"","value":"3000"},"time":{"unit":"s","value":"50"}}],"vacuum_suction":[{"unit":"s","value":"None"}],"annealing":[{"temperature":{"unit":"oC","value":"None"},"time":{"unit":"m","value":"None"}}],"module":[{"type":{"unit":"","value":"None"},"gap":{"unit":"um","value":"None"},"coating_speed":{"unit":"mm\/s","value":"None"},"feeding_amount":{"unit":"ul","value":"None"}}],"thermal_evaporation":[{"vacuum_evaporation_thickness":{"unit":"nm","value":"None"},"evaporation_rate":{"unit":"\u00c5\/s","value":"None"},"vacuum_pressure":{"unit":"uTorr","value":"None"}}]},{"perovskite":{"method":{"unit":"","value":"1-step"},"molarity":{"unit":"M","value":"1.45"},"a_site":[{"material":{"unit":"","value":"Cs"},"ratio":{"unit":"","value":"0.175"}},{"material":{"unit":"","value":"FA"},"ratio":{"unit":"","value":"0.825"}}],"b_site":[{"material":{"unit":"","value":"Pb"},"ratio":{"unit":"","value":"1"}},{"material":{"unit":"","value":"None"},"ratio":{"unit":"","value":"0"}}],"x_site":[{"material":{"unit":"","value":"I"},"ratio":{"unit":"","value":"2.55"}},{"material":{"unit":"","value":"Br"},"ratio":{"unit":"","value":"0.45"}}],"solvent":[{"material":{"unit":"","value":"DMF"},"volume":{"unit":"ml","value":"0.8"}},{"material":{"unit":"","value":"DMSO"},"volume":{"unit":"ml","value":"0.2"}}],"additive":[{"material":{"unit":"","value":"None"},"solvent":{"unit":"","value":"None"},"concentration":{"unit":"","value":"None"},"conc_unit":{"unit":"","value":"None"},"quantity":{"unit":"mol%","value":"None"}}],"stirring_time":[{"unit":"m","value":"120"}],"antisolvent":[{"material":{"unit":"","value":"None"},"quantity":{"unit":"ul","value":"None"},"dripping_time":{"unit":"s","value":"None"}}],"spin_coating":[{"type":{"unit":"","value":"drop&run"},"rpm":{"unit":"","value":"2000"},"time":{"unit":"s","value":"30"}}],"vacuum_suction":[{"unit":"s","value":"60"}],"annealing":[{"temperature":{"unit":"oC","value":"100"},"time":{"unit":"m","value":"30"}}],"atmosphere":[{"type":{"unit":"","value":"N2"},"temperature":{"unit":"oC","value":"28"},"humidity":{"unit":"RH%","value":"0"}}],"assist":[{"type":{"unit":"","value":"None"},"temperature":{"unit":"oC","value":"None"},"assist_start_time":{"value":null,"unit":"s"},"total_assist_time":{"value":"None","unit":"s"}}],"module":[{"type":{"unit":"","value":"None"},"gap":{"unit":"um","value":"None"},"coating_speed":{"unit":"mm\/s","value":"None"},"feeding_amount":{"unit":"ul","value":"None"}}],"thermal_evaporation":[{"vacuum_evaporation_thickness":{"unit":"nm","value":"None"},"evaporation_rate":{"unit":"\u00c5\/s","value":"None"},"vacuum_pressure":{"unit":"uTorr","value":"None"}}]}},{"perovskite_treatment":[{"material":{"unit":"","value":"None"},"concentration":{"unit":"","value":"None"},"conc_unit":{"unit":"","value":"None"},"quantity":{"unit":"ml","value":"None"}}],"solvent":[{"material":{"unit":"","value":"None"},"volume":{"unit":"ml","value":"None"}},{"material":{"unit":"","value":"None"},"volume":{"unit":"ml","value":"None"}}],"spin_coating":[{"type":{"unit":"","value":"None"},"rpm":{"unit":"","value":"None"},"time":{"unit":"s","value":"None"}}],"vacuum_suction":[{"unit":"s","value":"None"}],"annealing":[{"temperature":{"unit":"oC","value":"None"},"time":{"unit":"m","value":"None"}}],"module":[{"type":{"unit":"","value":"None"},"gap":{"unit":"um","value":"None"},"coating_speed":{"unit":"mm\/s","value":"None"},"feeding_amount":{"unit":"ul","value":"None"}}],"thermal_evaporation":[{"vacuum_evaporation_thickness":{"unit":"nm","value":"None"},"evaporation_rate":{"unit":"\u00c5\/s","value":"None"},"vacuum_pressure":{"unit":"uTorr","value":"None"}}]},{"etl":[{"material":{"unit":"","value":"C60"},"concentration":{"unit":"","value":"None"},"conc_unit":{"unit":"","value":"None"},"quantity":{"unit":"ml","value":"None"}}],"solvent":[{"material":{"unit":"","value":"None"},"volume":{"unit":"ml","value":"None"}},{"material":{"unit":"","value":"None"},"volume":{"unit":"ml","value":"None"}}],"spin_coating":[{"type":{"unit":"","value":"None"},"rpm":{"unit":"","value":"None"},"time":{"unit":"s","value":"None"}}],"vacuum_suction":[{"unit":"s","value":"None"}],"annealing":[{"temperature":{"unit":"oC","value":"None"},"time":{"unit":"m","value":"None"}}],"etl_doping":[{"material":{"unit":"","value":"None"},"volume":{"unit":"ul","value":"None"}}],"module":[{"type":{"unit":"","value":"None"},"gap":{"unit":"um","value":"None"},"coating_speed":{"unit":"mm\/s","value":"None"},"feeding_amount":{"unit":"ul","value":"None"}}],"thermal_evaporation":[{"vacuum_evaporation_thickness":{"unit":"nm","value":"30"},"evaporation_rate":{"unit":"\u00c5\/s","value":"0.6"},"vacuum_pressure":{"unit":"uTorr","value":"2x10-6"}}]},{"blocking_buffer_layer":[{"material":{"unit":"","value":"BCP"},"concentration":{"unit":"","value":"None"},"conc_unit":{"unit":"","value":"None"},"quantity":{"unit":"ml","value":"None"}}],"solvent":[{"material":{"unit":"","value":"None"},"volume":{"unit":"ml","value":"None"}},{"material":{"unit":"","value":"None"},"volume":{"unit":"ml","value":"None"}}],"spin_coating":[{"type":{"unit":"","value":"None"},"rpm":{"unit":"","value":"None"},"time":{"unit":"s","value":"None"}}],"vacuum_suction":[{"unit":"s","value":"0"}],"annealing":[{"temperature":{"unit":"oC","value":"None"},"time":{"unit":"m","value":"None"}}],"module":[{"type":{"unit":"","value":"None"},"gap":{"unit":"um","value":"None"},"coating_speed":{"unit":"mm\/s","value":"None"},"feeding_amount":{"unit":"ul","value":"None"}}],"thermal_evaporation":[{"vacuum_evaporation_thickness":{"unit":"nm","value":"6"},"evaporation_rate":{"unit":"\u00c5\/s","value":"0.6"},"vacuum_pressure":{"unit":"uTorr","value":"2x10-6"}}]},{"anode_metal":{"unit":"","value":"Ag"}},{"note":{"unit":"","value":"-"},"ar":{"unit":"","value":"0"},"type":{"unit":"","value":"unit_cell"},"device_type":{"unit":"","value":"p-i-n"},"temperature":{"unit":"\u2103","value":"25"},"humidity":{"unit":"%","value":"40"},"cell_dimension":{"unit":"cm2","value":"0.0464"}}],"fileinfo":[{"key":"forward 51 20H 2RPM 30S_20230315","uploadType":"JV","original_name":"forward 51 20H 2RPM 30S_20230315-151457.txt","save_name":"JBNU-SC-00277\/forward 51 20H 2RPM 30S_20230315","uploader":98,"fileType":""},{"key":"forward 52 20H 2RPM 30S_20230315","uploadType":"JV","original_name":"forward 52 20H 2RPM 30S_20230315-151524.txt","save_name":"JBNU-SC-00277\/forward 52 20H 2RPM 30S_20230315","uploader":98,"fileType":""},{"key":"forward 53 20H 2RPM 30S_20230315","uploadType":"JV","original_name":"forward 53 20H 2RPM 30S_20230315-151552.txt","save_name":"JBNU-SC-00277\/forward 53 20H 2RPM 30S_20230315","uploader":98,"fileType":""},{"key":"forward 54 20H 2RPM 30S_20230315","uploadType":"JV","original_name":"forward 54 20H 2RPM 30S_20230315-151617.txt","save_name":"JBNU-SC-00277\/forward 54 20H 2RPM 30S_20230315","uploader":98,"fileType":""},{"key":"forward 61 20H 2RPM 30S_20230315","uploadType":"JV","original_name":"forward 61 20H 2RPM 30S_20230315-151706.txt","save_name":"JBNU-SC-00277\/forward 61 20H 2RPM 30S_20230315","uploader":98,"fileType":""},{"key":"forward 62 20H 2RPM 30S_20230315","uploadType":"JV","original_name":"forward 62 20H 2RPM 30S_20230315-151735.txt","save_name":"JBNU-SC-00277\/forward 62 20H 2RPM 30S_20230315","uploader":98,"fileType":""},{"key":"forward 63 20H 2RPM 30S_20230315","uploadType":"JV","original_name":"forward 63 20H 2RPM 30S_20230315-151812.txt","save_name":"JBNU-SC-00277\/forward 63 20H 2RPM 30S_20230315","uploader":98,"fileType":""},{"key":"forward 64 20H 2RPM 30S_20230315","uploadType":"JV","original_name":"forward 64 20H 2RPM 30S_20230315-151831.txt","save_name":"JBNU-SC-00277\/forward 64 20H 2RPM 30S_20230315","uploader":98,"fileType":""}],"jvcnt":8,"updated_at":"2024-08-07 02:33:50","created_at":"2023-11-20 01:55:57","analysisInfo":{"JV":[{"efficiency":17.1379,"fill_factor":75.7856,"jsc":20.8813518,"voc":1.08296125,"key":"forward 64 20H 2RPM 30S_20230315","cell_dimension":0.0464},{"efficiency":17.3968,"fill_factor":76.8972,"jsc":20.92638037,"voc":1.08109817,"key":"forward 63 20H 2RPM 30S_20230315","cell_dimension":0.0464},{"efficiency":17.9747,"fill_factor":76.5569,"jsc":21.42172516,"voc":1.09602762,"key":"forward 62 20H 2RPM 30S_20230315","cell_dimension":0.0464},{"efficiency":17.9221,"fill_factor":75.1147,"jsc":21.42423809,"voc":1.11367416,"key":"forward 61 20H 2RPM 30S_20230315","cell_dimension":0.0464},{"efficiency":18.0895,"fill_factor":73.5804,"jsc":22.66339244,"voc":1.08477271,"key":"forward 54 20H 2RPM 30S_20230315","cell_dimension":0.0464},{"efficiency":18.4,"fill_factor":73.78,"jsc":22.88582739,"voc":1.08971382,"key":"forward 53 20H 2RPM 30S_20230315","cell_dimension":0.0464},{"efficiency":18.6725,"fill_factor":73.1953,"jsc":23.11929134,"voc":1.10342801,"key":"forward 52 20H 2RPM 30S_20230315","cell_dimension":0.0464},{"efficiency":18.5817,"fill_factor":72.5734,"jsc":23.05516908,"voc":1.11055189,"key":"forward 51 20H 2RPM 30S_20230315","cell_dimension":0.0464}]},"public":2,"analysis":{"JV":[{"sample_area":{"value":0.0464,"unit":"cm2"},"irradiance":{"value":1,"unit":""},"pre_sweep_delay":{"value":0.5,"unit":""},"bias_direction":{"value":0,"unit":""},"max_reverse_bias":{"value":-0.2,"unit":""},"max_forward_bias":{"value":1.3,"unit":""},"num_sweep_points":{"value":31,"unit":""},"dwell_time":{"value":0,"unit":""},"current_limit":{"value":100,"unit":""},"pviv_10a_i_amp":{"value":0,"unit":""},"average":{"value":1,"unit":""},"dark_current":{"value":0,"unit":""},"rshunt_v_lo":{"value":-0.2,"unit":""},"rshunt_v_hi":{"value":0.2,"unit":""},"voc":{"value":1.08296125,"unit":"V"},"isc":{"value":0.00096889,"unit":"A"},"jsc":{"value":20.8813518,"unit":"mA\/cm2"},"imax":{"value":0.0008793,"unit":"A"},"vmax":{"value":0.90435709,"unit":"V"},"pmax":{"value":0.79519979,"unit":"mW"},"fill_factor":{"value":75.7856,"unit":"%"},"efficiency":{"value":17.1379,"unit":"%"},"r_at_voc":{"value":96.890512,"unit":""},"r_at_isc":{"value":70554.792,"unit":""},"power":{"value":0.00096725,"unit":"W"},"rshunt":{"value":"NaN","unit":"ohm"},"cell_temp_start":{"value":"NaN","unit":""},"cell_temp_end":{"value":"NaN","unit":""},"exposure":{"value":3.232,"unit":""},"time":{"value":"15:18:31","unit":""},"date":{"value":"03\/15\/2023","unit":""},"V":{"value":[1.3,1.25,1.2,1.15,1.1,1.05,1,0.95,0.9,0.85,0.8,0.75,0.7,0.65,0.6,0.55,0.5,0.45,0.4,0.35,0.3,0.25,0.2,0.15,0.1,0.05,0,-0.05,-0.1,-0.15,-0.2],"unit":"V"},"I":{"value":[-0.00444249,-0.00303605,-0.0018596,-0.00093552,-0.00017586,0.00034019,0.00065457,0.00081257,0.00088338,0.00091344,0.00092814,0.0009389,0.0009455,0.00094978,0.00095372,0.00095637,0.00095793,0.00095988,0.00096185,0.00096304,0.0009644,0.00096487,0.00096665,0.00096687,0.00096766,0.00096846,0.00096944,0.00096866,0.00097019,0.00097084,0.00097201],"unit":"A"},"J":{"unit":"A\/cm2","value":[-0.09574331896551726,-0.06543211206896553,-0.040077586206896554,-0.020162068965517244,-0.0037900862068965518,0.007331681034482758,0.014107112068965519,0.01751228448275862,0.01903836206896552,0.019686206896551723,0.020003017241379314,0.02023491379310345,0.020377155172413796,0.02046939655172414,0.02055431034482759,0.020611422413793105,0.020645043103448276,0.020687068965517242,0.020729525862068967,0.020755172413793103,0.02078448275862069,0.02079461206896552,0.020832974137931035,0.02083771551724138,0.020854741379310347,0.02087198275862069,0.020893103448275864,0.02087629310344828,0.02090926724137931,0.020923275862068966,0.020948491379310347]},"cell_dimension":{"value":0.0464,"unit":"cm2"},"sweep_direction":{"unit":"","value":"Forward"},"key":"forward 64 20H 2RPM 30S_20230315"},{"sample_area":{"value":0.0464,"unit":"cm2"},"irradiance":{"value":1,"unit":""},"pre_sweep_delay":{"value":0.5,"unit":""},"bias_direction":{"value":0,"unit":""},"max_reverse_bias":{"value":-0.2,"unit":""},"max_forward_bias":{"value":1.3,"unit":""},"num_sweep_points":{"value":31,"unit":""},"dwell_time":{"value":0,"unit":""},"current_limit":{"value":100,"unit":""},"pviv_10a_i_amp":{"value":0,"unit":""},"average":{"value":1,"unit":""},"dark_current":{"value":0,"unit":""},"rshunt_v_lo":{"value":-0.2,"unit":""},"rshunt_v_hi":{"value":0.2,"unit":""},"voc":{"value":1.08109817,"unit":"V"},"isc":{"value":0.00097098,"unit":"A"},"jsc":{"value":20.92638037,"unit":"mA\/cm2"},"imax":{"value":0.00088815,"unit":"A"},"vmax":{"value":0.90886751,"unit":"V"},"pmax":{"value":0.80721198,"unit":"mW"},"fill_factor":{"value":76.8972,"unit":"%"},"efficiency":{"value":17.3968,"unit":"%"},"r_at_voc":{"value":90.819477,"unit":""},"r_at_isc":{"value":91829.818,"unit":""},"power":{"value":0.00097229,"unit":"W"},"rshunt":{"value":"NaN","unit":"ohm"},"cell_temp_start":{"value":"NaN","unit":""},"cell_temp_end":{"value":"NaN","unit":""},"exposure":{"value":3.229,"unit":""},"time":{"value":"15:18:12","unit":""},"date":{"value":"03\/15\/2023","unit":""},"V":{"value":[1.3,1.25,1.2,1.15,1.1,1.05,1,0.95,0.9,0.85,0.8,0.75,0.7,0.65,0.6,0.55,0.5,0.45,0.4,0.35,0.3,0.25,0.2,0.15,0.1,0.05,0,-0.05,-0.1,-0.15,-0.2],"unit":"V"},"I":{"value":[-0.00490101,-0.0033254,-0.00202067,-0.00102059,-0.00020813,0.00034242,0.00066094,0.00082435,0.00089603,0.00092152,0.00093581,0.00094439,0.0009514,0.00095519,0.00095834,0.00096082,0.00096227,0.00096433,0.00096588,0.00096681,0.00096762,0.00096832,0.00096892,0.00096982,0.00096939,0.00097032,0.00097106,0.00097138,0.00097194,0.0009729,0.00097317],"unit":"A"},"J":{"unit":"A\/cm2","value":[-0.10562521551724138,-0.07166810344827587,-0.04354892241379311,-0.021995474137931036,-0.004485560344827586,0.007379741379310346,0.01424439655172414,0.01776616379310345,0.019310991379310347,0.01986034482758621,0.020168318965517244,0.020353232758620693,0.020504310344827588,0.020585991379310345,0.02065387931034483,0.0207073275862069,0.020738577586206897,0.020782974137931037,0.02081637931034483,0.020836422413793104,0.02085387931034483,0.02086896551724138,0.02088189655172414,0.02090129310344828,0.020892025862068966,0.02091206896551724,0.020928017241379313,0.02093491379310345,0.02094698275862069,0.020967672413793104,0.020973491379310347]},"cell_dimension":{"value":0.0464,"unit":"cm2"},"sweep_direction":{"unit":"","value":"Forward"},"key":"forward 63 20H 2RPM 30S_20230315"},{"sample_area":{"value":0.0464,"unit":"cm2"},"irradiance":{"value":1,"unit":""},"pre_sweep_delay":{"value":0.5,"unit":""},"bias_direction":{"value":0,"unit":""},"max_reverse_bias":{"value":-0.2,"unit":""},"max_forward_bias":{"value":1.3,"unit":""},"num_sweep_points":{"value":31,"unit":""},"dwell_time":{"value":0,"unit":""},"current_limit":{"value":100,"unit":""},"pviv_10a_i_amp":{"value":0,"unit":""},"average":{"value":1,"unit":""},"dark_current":{"value":0,"unit":""},"rshunt_v_lo":{"value":-0.2,"unit":""},"rshunt_v_hi":{"value":0.2,"unit":""},"voc":{"value":1.09602762,"unit":"V"},"isc":{"value":0.00099397,"unit":"A"},"jsc":{"value":21.42172516,"unit":"mA\/cm2"},"imax":{"value":0.00091579,"unit":"A"},"vmax":{"value":0.91071068,"unit":"V"},"pmax":{"value":0.83402389,"unit":"mW"},"fill_factor":{"value":76.5569,"unit":"%"},"efficiency":{"value":17.9747,"unit":"%"},"r_at_voc":{"value":114.471684,"unit":""},"r_at_isc":{"value":93286.43,"unit":""},"power":{"value":0.0010042,"unit":"W"},"rshunt":{"value":"NaN","unit":"ohm"},"cell_temp_start":{"value":"NaN","unit":""},"cell_temp_end":{"value":"NaN","unit":""},"exposure":{"value":3.407,"unit":""},"time":{"value":"15:17:35","unit":""},"date":{"value":"03\/15\/2023","unit":""},"V":{"value":[1.3,1.25,1.2,1.15,1.1,1.05,1,0.95,0.9,0.85,0.8,0.75,0.7,0.65,0.6,0.55,0.5,0.45,0.4,0.35,0.3,0.25,0.2,0.15,0.1,0.05,0,-0.05,-0.1,-0.15,-0.2],"unit":"V"},"I":{"value":[-0.00368462,-0.00243442,-0.00140759,-0.00063406,-3.47e-5,0.00040209,0.00070638,0.00085313,0.00092536,0.00095054,0.00096578,0.00097224,0.0009767,0.00098,0.00098302,0.00098429,0.00098627,0.00098722,0.00098793,0.00098913,0.00099011,0.00099081,0.00099221,0.00099257,0.00099359,0.00099347,0.00099426,0.00099496,0.00099502,0.00099481,0.00099593],"unit":"A"},"J":{"unit":"A\/cm2","value":[-0.07940991379310346,-0.052465948275862075,-0.030335991379310347,-0.013665086206896552,-0.000747844827586207,0.008665732758620691,0.015223706896551727,0.018386422413793103,0.01994310344827586,0.02048577586206897,0.020814224137931034,0.02095344827586207,0.021049568965517244,0.021120689655172414,0.02118577586206897,0.02121314655172414,0.021255818965517242,0.02127629310344828,0.02129159482758621,0.021317456896551724,0.021338577586206896,0.02135366379310345,0.021383836206896555,0.021391594827586208,0.021413577586206895,0.021410991379310344,0.021428017241379313,0.021443103448275862,0.021444396551724143,0.021439870689655176,0.021464008620689656]},"cell_dimension":{"value":0.0464,"unit":"cm2"},"sweep_direction":{"unit":"","value":"Forward"},"key":"forward 62 20H 2RPM 30S_20230315"},{"sample_area":{"value":0.0464,"unit":"cm2"},"irradiance":{"value":1,"unit":""},"pre_sweep_delay":{"value":0.5,"unit":""},"bias_direction":{"value":0,"unit":""},"max_reverse_bias":{"value":-0.2,"unit":""},"max_forward_bias":{"value":1.3,"unit":""},"num_sweep_points":{"value":31,"unit":""},"dwell_time":{"value":0,"unit":""},"current_limit":{"value":100,"unit":""},"pviv_10a_i_amp":{"value":0,"unit":""},"average":{"value":1,"unit":""},"dark_current":{"value":0,"unit":""},"rshunt_v_lo":{"value":-0.2,"unit":""},"rshunt_v_hi":{"value":0.2,"unit":""},"voc":{"value":1.11367416,"unit":"V"},"isc":{"value":0.00099408,"unit":"A"},"jsc":{"value":21.42423809,"unit":"mA\/cm2"},"imax":{"value":0.00091885,"unit":"A"},"vmax":{"value":0.90502871,"unit":"V"},"pmax":{"value":0.83158441,"unit":"mW"},"fill_factor":{"value":75.1147,"unit":"%"},"efficiency":{"value":17.9221,"unit":"%"},"r_at_voc":{"value":96.400985,"unit":""},"r_at_isc":{"value":83336.869,"unit":""},"power":{"value":0.00101542,"unit":"W"},"rshunt":{"value":"NaN","unit":"ohm"},"cell_temp_start":{"value":"NaN","unit":""},"cell_temp_end":{"value":"NaN","unit":""},"exposure":{"value":3.241,"unit":""},"time":{"value":"15:17:06","unit":""},"date":{"value":"03\/15\/2023","unit":""},"V":{"value":[1.3,1.25,1.2,1.15,1.1,1.05,1,0.95,0.9,0.85,0.8,0.75,0.7,0.65,0.6,0.55,0.5,0.45,0.4,0.35,0.3,0.25,0.2,0.15,0.1,0.05,0,-0.05,-0.1,-0.15,-0.2],"unit":"V"},"I":{"value":[-0.00294263,-0.00187245,-0.00100631,-0.00037682,0.00014185,0.00048826,0.000725,0.00085276,0.00092373,0.00095351,0.00096597,0.00097348,0.00097844,0.0009812,0.00098425,0.00098649,0.0009876,0.00098916,0.00098942,0.00098991,0.00099004,0.00099129,0.00099172,0.00099182,0.00099334,0.0009935,0.00099421,0.00099522,0.00099564,0.00099582,0.00099573],"unit":"A"},"J":{"unit":"A\/cm2","value":[-0.06341875,-0.04035452586206897,-0.02168771551724138,-0.008121120689655172,0.0030571120689655176,0.010522844827586208,0.015625,0.01837844827586207,0.019907974137931037,0.020549784482758623,0.020818318965517245,0.020980172413793106,0.02108706896551724,0.021146551724137933,0.021212284482758623,0.021260560344827588,0.02128448275862069,0.021318103448275862,0.021323706896551727,0.021334267241379313,0.021337068965517243,0.021364008620689656,0.021373275862068965,0.02137543103448276,0.021408189655172417,0.021411637931034486,0.021426939655172415,0.021448706896551727,0.021457758620689653,0.02146163793103448,0.021459698275862072]},"cell_dimension":{"value":0.0464,"unit":"cm2"},"sweep_direction":{"unit":"","value":"Forward"},"key":"forward 61 20H 2RPM 30S_20230315"},{"sample_area":{"value":0.0464,"unit":"cm2"},"irradiance":{"value":1,"unit":""},"pre_sweep_delay":{"value":0.5,"unit":""},"bias_direction":{"value":0,"unit":""},"max_reverse_bias":{"value":-0.2,"unit":""},"max_forward_bias":{"value":1.3,"unit":""},"num_sweep_points":{"value":31,"unit":""},"dwell_time":{"value":0,"unit":""},"current_limit":{"value":100,"unit":""},"pviv_10a_i_amp":{"value":0,"unit":""},"average":{"value":1,"unit":""},"dark_current":{"value":0,"unit":""},"rshunt_v_lo":{"value":-0.2,"unit":""},"rshunt_v_hi":{"value":0.2,"unit":""},"voc":{"value":1.08477271,"unit":"V"},"isc":{"value":0.00105158,"unit":"A"},"jsc":{"value":22.66339244,"unit":"mA\/cm2"},"imax":{"value":0.00093677,"unit":"A"},"vmax":{"value":0.89600995,"unit":"V"},"pmax":{"value":0.83935086,"unit":"mW"},"fill_factor":{"value":73.5804,"unit":"%"},"efficiency":{"value":18.0895,"unit":"%"},"r_at_voc":{"value":99.987322,"unit":""},"r_at_isc":{"value":30626.166,"unit":""},"power":{"value":0.00103677,"unit":"W"},"rshunt":{"value":"NaN","unit":"ohm"},"cell_temp_start":{"value":"NaN","unit":""},"cell_temp_end":{"value":"NaN","unit":""},"exposure":{"value":3.351,"unit":""},"time":{"value":"15:16:17","unit":""},"date":{"value":"03\/15\/2023","unit":""},"V":{"value":[1.3,1.25,1.2,1.15,1.1,1.05,1,0.95,0.9,0.85,0.8,0.75,0.7,0.65,0.6,0.55,0.5,0.45,0.4,0.35,0.3,0.25,0.2,0.15,0.1,0.05,0,-0.05,-0.1,-0.15,-0.2],"unit":"V"},"I":{"value":[-0.00441066,-0.00301109,-0.00183615,-0.00091971,-0.00015229,0.00034777,0.00066965,0.00084744,0.00093246,0.00097193,0.0009941,0.00100435,0.00101286,0.00101913,0.0010231,0.00102677,0.00103077,0.00103294,0.00103574,0.00103795,0.00104144,0.00104238,0.00104493,0.00104684,0.00104936,0.00105036,0.00105201,0.00105404,0.00105523,0.00105588,0.00105697],"unit":"A"},"J":{"unit":"A\/cm2","value":[-0.09505732758620691,-0.06489418103448276,-0.03957219827586207,-0.019821336206896554,-0.0032821120689655175,0.007495043103448277,0.01443211206896552,0.018263793103448278,0.020096120689655172,0.02094676724137931,0.02142456896551724,0.021645474137931036,0.02182887931034483,0.021964008620689656,0.022049568965517245,0.02212866379310345,0.022214870689655174,0.022261637931034483,0.02232198275862069,0.022369612068965518,0.0224448275862069,0.022465086206896554,0.022520043103448274,0.022561206896551726,0.022615517241379314,0.022637068965517242,0.022672629310344826,0.022716379310344828,0.02274202586206897,0.02275603448275862,0.022779525862068967]},"cell_dimension":{"value":0.0464,"unit":"cm2"},"sweep_direction":{"unit":"","value":"Forward"},"key":"forward 54 20H 2RPM 30S_20230315"},{"sample_area":{"value":0.0464,"unit":"cm2"},"irradiance":{"value":1,"unit":""},"pre_sweep_delay":{"value":0.5,"unit":""},"bias_direction":{"value":0,"unit":""},"max_reverse_bias":{"value":-0.2,"unit":""},"max_forward_bias":{"value":1.3,"unit":""},"num_sweep_points":{"value":31,"unit":""},"dwell_time":{"value":0,"unit":""},"current_limit":{"value":100,"unit":""},"pviv_10a_i_amp":{"value":0,"unit":""},"average":{"value":1,"unit":""},"dark_current":{"value":0,"unit":""},"rshunt_v_lo":{"value":-0.2,"unit":""},"rshunt_v_hi":{"value":0.2,"unit":""},"voc":{"value":1.08971382,"unit":"V"},"isc":{"value":0.0010619,"unit":"A"},"jsc":{"value":22.88582739,"unit":"mA\/cm2"},"imax":{"value":0.0009459,"unit":"A"},"vmax":{"value":0.90259119,"unit":"V"},"pmax":{"value":0.85375959,"unit":"mW"},"fill_factor":{"value":73.78,"unit":"%"},"efficiency":{"value":18.4,"unit":"%"},"r_at_voc":{"value":104.745302,"unit":""},"r_at_isc":{"value":29157.146,"unit":""},"power":{"value":0.00105092,"unit":"W"},"rshunt":{"value":"NaN","unit":"ohm"},"cell_temp_start":{"value":"NaN","unit":""},"cell_temp_end":{"value":"NaN","unit":""},"exposure":{"value":3.528,"unit":""},"time":{"value":"15:15:52","unit":""},"date":{"value":"03\/15\/2023","unit":""},"V":{"value":[1.3,1.25,1.2,1.15,1.1,1.05,1,0.95,0.9,0.85,0.8,0.75,0.7,0.65,0.6,0.55,0.5,0.45,0.4,0.35,0.3,0.25,0.2,0.15,0.1,0.05,0,-0.05,-0.1,-0.15,-0.2],"unit":"V"},"I":{"value":[-0.00392455,-0.00266408,-0.00159701,-0.00075768,-9.82e-5,0.00037915,0.00070425,0.00086613,0.00094855,0.00098214,0.00100153,0.00101367,0.00102109,0.00102716,0.00103271,0.00103548,0.00103987,0.00104325,0.00104665,0.00104928,0.00105097,0.00105297,0.00105559,0.00105701,0.00105831,0.00106032,0.00106276,0.00106377,0.0010654,0.00106691,0.00106806],"unit":"A"},"J":{"unit":"A\/cm2","value":[-0.08458081896551724,-0.05741551724137932,-0.034418318965517246,-0.01632931034482759,-0.002116379310344828,0.008171336206896552,0.015177801724137933,0.01866659482758621,0.020442887931034485,0.021166810344827588,0.021584698275862072,0.021846336206896553,0.022006250000000005,0.022137068965517245,0.02225668103448276,0.02231637931034483,0.02241099137931035,0.022483836206896552,0.02255711206896552,0.022613793103448278,0.022650215517241383,0.022693318965517243,0.02274978448275862,0.02278038793103448,0.022808405172413795,0.022851724137931035,0.022904310344827587,0.022926077586206895,0.022961206896551727,0.02299375,0.02301853448275862]},"cell_dimension":{"value":0.0464,"unit":"cm2"},"sweep_direction":{"unit":"","value":"Forward"},"key":"forward 53 20H 2RPM 30S_20230315"},{"sample_area":{"value":0.0464,"unit":"cm2"},"irradiance":{"value":1,"unit":""},"pre_sweep_delay":{"value":0.5,"unit":""},"bias_direction":{"value":0,"unit":""},"max_reverse_bias":{"value":-0.2,"unit":""},"max_forward_bias":{"value":1.3,"unit":""},"num_sweep_points":{"value":31,"unit":""},"dwell_time":{"value":0,"unit":""},"current_limit":{"value":100,"unit":""},"pviv_10a_i_amp":{"value":0,"unit":""},"average":{"value":1,"unit":""},"dark_current":{"value":0,"unit":""},"rshunt_v_lo":{"value":-0.2,"unit":""},"rshunt_v_hi":{"value":0.2,"unit":""},"voc":{"value":1.10342801,"unit":"V"},"isc":{"value":0.00107274,"unit":"A"},"jsc":{"value":23.11929134,"unit":"mA\/cm2"},"imax":{"value":0.00095208,"unit":"A"},"vmax":{"value":0.91001352,"unit":"V"},"pmax":{"value":0.86640197,"unit":"mW"},"fill_factor":{"value":73.1953,"unit":"%"},"efficiency":{"value":18.6725,"unit":"%"},"r_at_voc":{"value":80.773824,"unit":""},"r_at_isc":{"value":28687.221,"unit":""},"power":{"value":0.00107192,"unit":"W"},"rshunt":{"value":"NaN","unit":"ohm"},"cell_temp_start":{"value":"NaN","unit":""},"cell_temp_end":{"value":"NaN","unit":""},"exposure":{"value":3.523,"unit":""},"time":{"value":"15:15:24","unit":""},"date":{"value":"03\/15\/2023","unit":""},"V":{"value":[1.3,1.25,1.2,1.15,1.1,1.05,1,0.95,0.9,0.85,0.8,0.75,0.7,0.65,0.6,0.55,0.5,0.45,0.4,0.35,0.3,0.25,0.2,0.15,0.1,0.05,0,-0.05,-0.1,-0.15,-0.2],"unit":"V"},"I":{"value":[-0.00391515,-0.00254944,-0.00141318,-0.00057657,4.244e-5,0.00047159,0.00075598,0.00089392,0.00096176,0.00099327,0.00101194,0.00102114,0.00103027,0.00103557,0.00104148,0.00104538,0.00104964,0.00105349,0.00105576,0.00105761,0.00106079,0.00106392,0.00106602,0.00106788,0.00106971,0.00107189,0.00107339,0.0010749,0.00107638,0.00107765,0.0010784],"unit":"A"},"J":{"unit":"A\/cm2","value":[-0.08437823275862069,-0.054944827586206904,-0.03045646551724138,-0.012426077586206898,0.0009146551724137932,0.010163577586206897,0.016292672413793105,0.019265517241379312,0.02072758620689655,0.02140668103448276,0.021809051724137933,0.0220073275862069,0.02220409482758621,0.022318318965517243,0.022445689655172414,0.022529741379310346,0.02262155172413793,0.022704525862068968,0.022753448275862072,0.022793318965517246,0.022861853448275866,0.02292931034482759,0.022974568965517243,0.023014655172413793,0.02305409482758621,0.0231010775862069,0.023133405172413794,0.023165948275862068,0.02319784482758621,0.023225215517241382,0.02324137931034483]},"cell_dimension":{"value":0.0464,"unit":"cm2"},"sweep_direction":{"unit":"","value":"Forward"},"key":"forward 52 20H 2RPM 30S_20230315"},{"sample_area":{"value":0.0464,"unit":"cm2"},"irradiance":{"value":1,"unit":""},"pre_sweep_delay":{"value":0.5,"unit":""},"bias_direction":{"value":0,"unit":""},"max_reverse_bias":{"value":-0.2,"unit":""},"max_forward_bias":{"value":1.3,"unit":""},"num_sweep_points":{"value":31,"unit":""},"dwell_time":{"value":0,"unit":""},"current_limit":{"value":100,"unit":""},"pviv_10a_i_amp":{"value":0,"unit":""},"average":{"value":1,"unit":""},"dark_current":{"value":0,"unit":""},"rshunt_v_lo":{"value":-0.2,"unit":""},"rshunt_v_hi":{"value":0.2,"unit":""},"voc":{"value":1.11055189,"unit":"V"},"isc":{"value":0.00106976,"unit":"A"},"jsc":{"value":23.05516908,"unit":"mA\/cm2"},"imax":{"value":0.00095268,"unit":"A"},"vmax":{"value":0.90501443,"unit":"V"},"pmax":{"value":0.86218951,"unit":"mW"},"fill_factor":{"value":72.5734,"unit":"%"},"efficiency":{"value":18.5817,"unit":"%"},"r_at_voc":{"value":80.139841,"unit":""},"r_at_isc":{"value":36121.71,"unit":""},"power":{"value":0.00107547,"unit":"W"},"rshunt":{"value":"NaN","unit":"ohm"},"cell_temp_start":{"value":"NaN","unit":""},"cell_temp_end":{"value":"NaN","unit":""},"exposure":{"value":3.351,"unit":""},"time":{"value":"15:14:57","unit":""},"date":{"value":"03\/15\/2023","unit":""},"V":{"value":[1.3,1.25,1.2,1.15,1.1,1.05,1,0.95,0.9,0.85,0.8,0.75,0.7,0.65,0.6,0.55,0.5,0.45,0.4,0.35,0.3,0.25,0.2,0.15,0.1,0.05,0,-0.05,-0.1,-0.15,-0.2],"unit":"V"},"I":{"value":[-0.00391072,-0.00246868,-0.00131635,-0.00049224,0.00013167,0.00051551,0.00075671,0.00088461,0.00095774,0.00099067,0.00101066,0.00102171,0.00103013,0.00103573,0.00104056,0.00104507,0.00104945,0.00105316,0.00105491,0.00105786,0.00106081,0.00106219,0.0010641,0.00106581,0.00106779,0.00106919,0.00107041,0.00107143,0.00107273,0.00107307,0.00107461],"unit":"A"},"J":{"unit":"A\/cm2","value":[-0.08428275862068967,-0.05320431034482759,-0.02836961206896552,-0.010608620689655174,0.0028377155172413793,0.011110129310344828,0.016308405172413793,0.019064870689655174,0.020640948275862072,0.021350646551724136,0.02178146551724138,0.022019612068965515,0.0222010775862069,0.022321767241379308,0.02242586206896552,0.022523060344827588,0.022617456896551726,0.02269741379310345,0.02273512931034483,0.022798706896551727,0.02286228448275862,0.022892025862068965,0.022933189655172413,0.022970043103448277,0.023012715517241385,0.023042887931034484,0.023069181034482758,0.02309116379310345,0.02311918103448276,0.023126508620689656,0.02315969827586207]},"cell_dimension":{"value":0.0464,"unit":"cm2"},"sweep_direction":{"unit":"","value":"Forward"},"key":"forward 51 20H 2RPM 30S_20230315"}]}}