{"_id":"65365c4c8803a07c13565ea4","id":"JBNU-SC-00206","author":98,"group":10,"input":[{"tco":{"unit":"","value":"ITO"}},{"htl":[{"material":{"unit":"","value":"NiO_Sputter"},"concentration":{"unit":"","value":"None"},"conc_unit":{"unit":"","value":"None"},"quantity":{"unit":"ml","value":"None"}}],"solvent":[{"material":{"unit":"","value":"None"},"volume":{"unit":"ml","value":"None"}},{"material":{"unit":"","value":"None"},"volume":{"unit":"ml","value":"None"}}],"htl_doping":[{"material":{"unit":"","value":"None"},"volume":{"unit":"ul","value":"None"}}],"spin_coating":[{"type":{"unit":"","value":"None"},"rpm":{"unit":"","value":"None"},"time":{"unit":"s","value":"None"}}],"vacuum_suction":[{"unit":"s","value":"None"}],"annealing":[{"temperature":{"unit":"oC","value":"300"},"time":{"unit":"m","value":"30"}}],"module":[{"type":{"unit":"","value":"None"},"gap":{"unit":"um","value":"None"},"coating_speed":{"unit":"mm\/s","value":"None"},"feeding_amount":{"unit":"ul","value":"None"}}],"thermal_evaporation":[{"vacuum_evaporation_thickness":{"unit":"nm","value":"None"},"evaporation_rate":{"unit":"\u00c5\/s","value":"None"},"vacuum_pressure":{"unit":"uTorr","value":"None"}}]},{"htl_treatment":[{"material":{"unit":"","value":"MeO-2PACz"},"concentration":{"unit":"","value":"1"},"conc_unit":{"unit":"","value":"mg\/ml"},"quantity":{"unit":"ml","value":"0.25"}},{"material":{"unit":"","value":"Me-4PACz"},"concentration":{"unit":"","value":"1"},"conc_unit":{"unit":"","value":"mg\/ml"},"quantity":{"unit":"ml","value":"0.75"}}],"solvent":[{"material":{"unit":"","value":"Ethanol"},"volume":{"unit":"ml","value":"1"}},{"material":{"unit":"","value":"None"},"volume":{"unit":"ml","value":"None"}},{"material":{"unit":"","value":"Ethanol"},"volume":{"unit":"ml","value":"1"}},{"material":{"unit":"","value":"None"},"volume":{"unit":"ml","value":"None"}}],"spin_coating":[{"type":{"unit":"","value":"drop&run"},"rpm":{"unit":"","value":"3000"},"time":{"unit":"s","value":"50"}}],"vacuum_suction":[{"unit":"s","value":"10"}],"annealing":[{"temperature":{"unit":"oC","value":"None"},"time":{"unit":"m","value":"None"}}],"module":[{"type":{"unit":"","value":"None"},"gap":{"unit":"um","value":"None"},"coating_speed":{"unit":"mm\/s","value":"None"},"feeding_amount":{"unit":"ul","value":"None"}}],"thermal_evaporation":[{"vacuum_evaporation_thickness":{"unit":"nm","value":"None"},"evaporation_rate":{"unit":"\u00c5\/s","value":"None"},"vacuum_pressure":{"unit":"uTorr","value":"None"}}]},{"perovskite":{"method":{"unit":"","value":"1-step"},"molarity":{"unit":"M","value":"1.45"},"a_site":[{"material":{"unit":"","value":"Cs"},"ratio":{"unit":"","value":"0.175"}},{"material":{"unit":"","value":"FA"},"ratio":{"unit":"","value":"0.825"}}],"b_site":[{"material":{"unit":"","value":"Pb"},"ratio":{"unit":"","value":"1"}},{"material":{"unit":"","value":"None"},"ratio":{"unit":"","value":"0"}}],"x_site":[{"material":{"unit":"","value":"I"},"ratio":{"unit":"","value":"2.55"}},{"material":{"unit":"","value":"Br"},"ratio":{"unit":"","value":"0.45"}}],"solvent":[{"material":{"unit":"","value":"DMF"},"volume":{"unit":"ml","value":"0.8"}},{"material":{"unit":"","value":"DMSO"},"volume":{"unit":"ml","value":"0.2"}}],"additive":[{"material":{"unit":"","value":"None"},"solvent":{"unit":"","value":"None"},"concentration":{"unit":"","value":"None"},"conc_unit":{"unit":"","value":"None"},"quantity":{"unit":"mol%","value":"None"}}],"stirring_time":[{"unit":"m","value":"120"}],"antisolvent":[{"material":{"unit":"","value":"None"},"quantity":{"unit":"ul","value":"None"},"dripping_time":{"unit":"s","value":"None"}}],"spin_coating":[{"type":{"unit":"","value":"drop&run"},"rpm":{"unit":"","value":"4000"},"time":{"unit":"s","value":"10"}}],"vacuum_suction":[{"unit":"s","value":"60"}],"annealing":[{"temperature":{"unit":"oC","value":"100"},"time":{"unit":"m","value":"30"}}],"atmosphere":[{"type":{"unit":"","value":"N2"},"temperature":{"unit":"oC","value":"28"},"humidity":{"unit":"RH%","value":"0"}}],"assist":[{"type":{"unit":"","value":"None"},"temperature":{"unit":"oC","value":"None"},"assist_start_time":{"value":null,"unit":"s"},"total_assist_time":{"value":"None","unit":"s"}}],"module":[{"type":{"unit":"","value":"None"},"gap":{"unit":"um","value":"None"},"coating_speed":{"unit":"mm\/s","value":"None"},"feeding_amount":{"unit":"ul","value":"None"}}],"thermal_evaporation":[{"vacuum_evaporation_thickness":{"unit":"nm","value":"None"},"evaporation_rate":{"unit":"\u00c5\/s","value":"None"},"vacuum_pressure":{"unit":"uTorr","value":"None"}}]}},{"perovskite_treatment":[{"material":{"unit":"","value":"None"},"concentration":{"unit":"","value":"None"},"conc_unit":{"unit":"","value":"None"},"quantity":{"unit":"ml","value":"None"}}],"solvent":[{"material":{"unit":"","value":"None"},"volume":{"unit":"ml","value":"None"}},{"material":{"unit":"","value":"None"},"volume":{"unit":"ml","value":"None"}}],"spin_coating":[{"type":{"unit":"","value":"None"},"rpm":{"unit":"","value":"None"},"time":{"unit":"s","value":"None"}}],"vacuum_suction":[{"unit":"s","value":"None"}],"annealing":[{"temperature":{"unit":"oC","value":"None"},"time":{"unit":"m","value":"None"}}],"module":[{"type":{"unit":"","value":"None"},"gap":{"unit":"um","value":"None"},"coating_speed":{"unit":"mm\/s","value":"None"},"feeding_amount":{"unit":"ul","value":"None"}}],"thermal_evaporation":[{"vacuum_evaporation_thickness":{"unit":"nm","value":"None"},"evaporation_rate":{"unit":"\u00c5\/s","value":"None"},"vacuum_pressure":{"unit":"uTorr","value":"None"}}]},{"etl":[{"material":{"unit":"","value":"C60"},"concentration":{"unit":"","value":"None"},"conc_unit":{"unit":"","value":"None"},"quantity":{"unit":"ml","value":"None"}}],"solvent":[{"material":{"unit":"","value":"None"},"volume":{"unit":"ml","value":"None"}},{"material":{"unit":"","value":"None"},"volume":{"unit":"ml","value":"None"}}],"spin_coating":[{"type":{"unit":"","value":"None"},"rpm":{"unit":"","value":"None"},"time":{"unit":"s","value":"None"}}],"vacuum_suction":[{"unit":"s","value":"None"}],"annealing":[{"temperature":{"unit":"oC","value":"None"},"time":{"unit":"m","value":"None"}}],"etl_doping":[{"material":{"unit":"","value":"None"},"volume":{"unit":"ul","value":"None"}}],"module":[{"type":{"unit":"","value":"None"},"gap":{"unit":"um","value":"None"},"coating_speed":{"unit":"mm\/s","value":"None"},"feeding_amount":{"unit":"ul","value":"None"}}],"thermal_evaporation":[{"vacuum_evaporation_thickness":{"unit":"nm","value":"30"},"evaporation_rate":{"unit":"\u00c5\/s","value":"0.6"},"vacuum_pressure":{"unit":"uTorr","value":"2x10-6"}}]},{"blocking_buffer_layer":[{"material":{"unit":"","value":"BCP"},"concentration":{"unit":"","value":"None"},"conc_unit":{"unit":"","value":"None"},"quantity":{"unit":"ml","value":"None"}}],"solvent":[{"material":{"unit":"","value":"None"},"volume":{"unit":"ml","value":"None"}},{"material":{"unit":"","value":"None"},"volume":{"unit":"ml","value":"None"}}],"spin_coating":[{"type":{"unit":"","value":"None"},"rpm":{"unit":"","value":"None"},"time":{"unit":"s","value":"None"}}],"vacuum_suction":[{"unit":"s","value":"0"}],"annealing":[{"temperature":{"unit":"oC","value":"None"},"time":{"unit":"m","value":"None"}}],"module":[{"type":{"unit":"","value":"None"},"gap":{"unit":"um","value":"None"},"coating_speed":{"unit":"mm\/s","value":"None"},"feeding_amount":{"unit":"ul","value":"None"}}],"thermal_evaporation":[{"vacuum_evaporation_thickness":{"unit":"nm","value":"6"},"evaporation_rate":{"unit":"\u00c5\/s","value":"0.6"},"vacuum_pressure":{"unit":"uTorr","value":"2x10-6"}}]},{"anode_metal":{"unit":"","value":"Ag"}},{"note":{"unit":"","value":"-"},"ar":{"unit":"","value":"0"},"type":{"unit":"","value":"unit_cell"},"device_type":{"unit":"","value":"p-i-n"},"temperature":{"unit":"\u2103","value":"25"},"humidity":{"unit":"%","value":"40"},"cell_dimension":{"unit":"cm2","value":"0.0464"}}],"fileinfo":[{"key":"forward 91 MeO-Me 1-3_20230527","uploadType":"JV","original_name":"forward 91 MeO-Me 1-3_20230527-150407.txt","save_name":"JBNU-SC-00206\/forward 91 MeO-Me 1-3_20230527","uploader":98,"fileType":""},{"key":"forward 92 MeO-Me 1-3_20230527","uploadType":"JV","original_name":"forward 92 MeO-Me 1-3_20230527-150429.txt","save_name":"JBNU-SC-00206\/forward 92 MeO-Me 1-3_20230527","uploader":98,"fileType":""},{"key":"forward 93 MeO-Me 1-3_20230527","uploadType":"JV","original_name":"forward 93 MeO-Me 1-3_20230527-150447.txt","save_name":"JBNU-SC-00206\/forward 93 MeO-Me 1-3_20230527","uploader":98,"fileType":""},{"key":"forward 94 MeO-Me 1-3_20230527","uploadType":"JV","original_name":"forward 94 MeO-Me 1-3_20230527-150513.txt","save_name":"JBNU-SC-00206\/forward 94 MeO-Me 1-3_20230527","uploader":98,"fileType":""},{"key":"forward 101 MeO-Me 1-3_20230527","uploadType":"JV","original_name":"forward 101 MeO-Me 1-3_20230527-150616.txt","save_name":"JBNU-SC-00206\/forward 101 MeO-Me 1-3_20230527","uploader":98,"fileType":""},{"key":"forward 102 MeO-Me 1-3_20230527","uploadType":"JV","original_name":"forward 102 MeO-Me 1-3_20230527-150642.txt","save_name":"JBNU-SC-00206\/forward 102 MeO-Me 1-3_20230527","uploader":98,"fileType":""},{"key":"forward 103 MeO-Me 1-3_20230527","uploadType":"JV","original_name":"forward 103 MeO-Me 1-3_20230527-150654.txt","save_name":"JBNU-SC-00206\/forward 103 MeO-Me 1-3_20230527","uploader":98,"fileType":""},{"key":"forward 104 MeO-Me 1-3_20230527","uploadType":"JV","original_name":"forward 104 MeO-Me 1-3_20230527-150718.txt","save_name":"JBNU-SC-00206\/forward 104 MeO-Me 1-3_20230527","uploader":98,"fileType":""}],"jvcnt":8,"updated_at":"2024-08-07 02:33:50","created_at":"2023-10-23 11:43:08","analysisInfo":{"JV":[{"efficiency":19.9441,"fill_factor":77.7669,"jsc":22.80920004,"voc":1.12437237,"key":"forward 94 MeO-Me 1-3_20230527","cell_dimension":0.0464},{"efficiency":19.5212,"fill_factor":76.8874,"jsc":22.6035719,"voc":1.12324263,"key":"forward 93 MeO-Me 1-3_20230527","cell_dimension":0.0464},{"efficiency":19.511,"fill_factor":76.4997,"jsc":22.64464224,"voc":1.12630167,"key":"forward 92 MeO-Me 1-3_20230527","cell_dimension":0.0464},{"efficiency":18.5837,"fill_factor":75.2273,"jsc":22.01788715,"voc":1.1219697,"key":"forward 91 MeO-Me 1-3_20230527","cell_dimension":0.0464},{"efficiency":19.6488,"fill_factor":77.2881,"jsc":22.67833033,"voc":1.12101789,"key":"forward 104 MeO-Me 1-3_20230527","cell_dimension":0.0464},{"efficiency":19.0723,"fill_factor":73.1305,"jsc":22.70329232,"voc":1.14872183,"key":"forward 103 MeO-Me 1-3_20230527","cell_dimension":0.0464},{"efficiency":20.0493,"fill_factor":76.7653,"jsc":23.12246297,"voc":1.12953634,"key":"forward 102 MeO-Me 1-3_20230527","cell_dimension":0.0464},{"efficiency":20.4439,"fill_factor":77.3009,"jsc":23.4114951,"voc":1.12966425,"key":"forward 101 MeO-Me 1-3_20230527","cell_dimension":0.0464}]},"public":2,"analysis":{"JV":[{"sample_area":{"value":0.0464,"unit":"cm2"},"irradiance":{"value":1,"unit":""},"pre_sweep_delay":{"value":1,"unit":""},"bias_direction":{"value":0,"unit":""},"max_reverse_bias":{"value":-0.2,"unit":""},"max_forward_bias":{"value":1.3,"unit":""},"num_sweep_points":{"value":31,"unit":""},"dwell_time":{"value":0,"unit":""},"current_limit":{"value":100,"unit":""},"pviv_10a_i_amp":{"value":0,"unit":""},"average":{"value":1,"unit":""},"dark_current":{"value":0,"unit":""},"rshunt_v_lo":{"value":-0.2,"unit":""},"rshunt_v_hi":{"value":0.2,"unit":""},"voc":{"value":1.12437237,"unit":"V"},"isc":{"value":0.00105835,"unit":"A"},"jsc":{"value":22.80920004,"unit":"mA\/cm2"},"imax":{"value":0.00098117,"unit":"A"},"vmax":{"value":0.94317162,"unit":"V"},"pmax":{"value":0.92540756,"unit":"mW"},"fill_factor":{"value":77.7669,"unit":"%"},"efficiency":{"value":19.9441,"unit":"%"},"r_at_voc":{"value":90.791277,"unit":""},"r_at_isc":{"value":62226.346,"unit":""},"power":{"value":0.00110333,"unit":"W"},"rshunt":{"value":"NaN","unit":"ohm"},"cell_temp_start":{"value":"NaN","unit":""},"cell_temp_end":{"value":"NaN","unit":""},"exposure":{"value":3.846,"unit":""},"time":{"value":"15:05:13","unit":""},"date":{"value":"05\/27\/2023","unit":""},"V":{"value":[1.3,1.25,1.2,1.15,1.1,1.05,1,0.95,0.9,0.85,0.8,0.75,0.7,0.65,0.6,0.55,0.5,0.45,0.4,0.35,0.3,0.25,0.2,0.15,0.1,0.05,0,-0.05,-0.1,-0.15,-0.2],"unit":"V"},"I":{"value":[-0.00268883,-0.00177297,-0.00097441,-0.00028227,0.00026844,0.00064967,0.00087477,0.00097355,0.00101082,0.00102563,0.00103525,0.00104108,0.00104475,0.0010468,0.00104948,0.00104985,0.00104987,0.00104949,0.00105197,0.00105256,0.00105401,0.00105457,0.00105485,0.00105544,0.00105715,0.00105665,0.00105734,0.001061,0.00105963,0.00106067,0.00106168],"unit":"A"},"J":{"unit":"A\/cm2","value":[-0.05794892241379311,-0.03821056034482759,-0.02100021551724138,-0.006083405172413793,0.0057853448275862075,0.014001508620689655,0.018852801724137933,0.02098168103448276,0.021784913793103447,0.02210409482758621,0.022311422413793105,0.022437068965517244,0.022516163793103453,0.02256034482758621,0.022618103448275865,0.022626077586206897,0.02262650862068966,0.02261831896551724,0.02267176724137931,0.02268448275862069,0.02271573275862069,0.02272780172413793,0.022733836206896552,0.02274655172413793,0.022783405172413795,0.02277262931034483,0.0227875,0.022866379310344832,0.022836853448275865,0.022859267241379315,0.022881034482758623]},"cell_dimension":{"value":0.0464,"unit":"cm2"},"sweep_direction":{"unit":"","value":"Forward"},"key":"forward 94 MeO-Me 1-3_20230527"},{"sample_area":{"value":0.0464,"unit":"cm2"},"irradiance":{"value":1,"unit":""},"pre_sweep_delay":{"value":1,"unit":""},"bias_direction":{"value":0,"unit":""},"max_reverse_bias":{"value":-0.2,"unit":""},"max_forward_bias":{"value":1.3,"unit":""},"num_sweep_points":{"value":31,"unit":""},"dwell_time":{"value":0,"unit":""},"current_limit":{"value":100,"unit":""},"pviv_10a_i_amp":{"value":0,"unit":""},"average":{"value":1,"unit":""},"dark_current":{"value":0,"unit":""},"rshunt_v_lo":{"value":-0.2,"unit":""},"rshunt_v_hi":{"value":0.2,"unit":""},"voc":{"value":1.12324263,"unit":"V"},"isc":{"value":0.00104881,"unit":"A"},"jsc":{"value":22.6035719,"unit":"mA\/cm2"},"imax":{"value":0.00096512,"unit":"A"},"vmax":{"value":0.93851707,"unit":"V"},"pmax":{"value":0.90578201,"unit":"mW"},"fill_factor":{"value":76.8874,"unit":"%"},"efficiency":{"value":19.5212,"unit":"%"},"r_at_voc":{"value":97.367798,"unit":""},"r_at_isc":{"value":84705.303,"unit":""},"power":{"value":0.00108655,"unit":"W"},"rshunt":{"value":"NaN","unit":"ohm"},"cell_temp_start":{"value":"NaN","unit":""},"cell_temp_end":{"value":"NaN","unit":""},"exposure":{"value":3.855,"unit":""},"time":{"value":"15:04:47","unit":""},"date":{"value":"05\/27\/2023","unit":""},"V":{"value":[1.3,1.25,1.2,1.15,1.1,1.05,1,0.95,0.9,0.85,0.8,0.75,0.7,0.65,0.6,0.55,0.5,0.45,0.4,0.35,0.3,0.25,0.2,0.15,0.1,0.05,0,-0.05,-0.1,-0.15,-0.2],"unit":"V"},"I":{"value":[-0.00244891,-0.0016277,-0.00090683,-0.00027481,0.00023871,0.00061239,0.00084224,0.00095179,0.00099247,0.00100938,0.00101823,0.00102593,0.00102981,0.00103233,0.00103623,0.00103731,0.00103902,0.00103955,0.00104072,0.0010423,0.0010425,0.00104591,0.00104751,0.00104778,0.00104869,0.00104922,0.00104987,0.00105,0.00104859,0.00104934,0.00105097],"unit":"A"},"J":{"unit":"A\/cm2","value":[-0.05277823275862069,-0.035079741379310345,-0.019543750000000002,-0.005922629310344828,0.005144612068965517,0.013198060344827586,0.018151724137931036,0.02051271551724138,0.021389439655172416,0.02175387931034483,0.02194461206896552,0.022110560344827588,0.022194181034482757,0.022248491379310346,0.022332543103448278,0.022355818965517246,0.022392672413793106,0.022404094827586207,0.022429310344827588,0.022463362068965518,0.022467672413793105,0.022541163793103447,0.02257564655172414,0.02258146551724138,0.022601077586206896,0.0226125,0.02262650862068966,0.022629310344827586,0.022598922413793108,0.02261508620689655,0.022650215517241383]},"cell_dimension":{"value":0.0464,"unit":"cm2"},"sweep_direction":{"unit":"","value":"Forward"},"key":"forward 93 MeO-Me 1-3_20230527"},{"sample_area":{"value":0.0464,"unit":"cm2"},"irradiance":{"value":1,"unit":""},"pre_sweep_delay":{"value":1,"unit":""},"bias_direction":{"value":0,"unit":""},"max_reverse_bias":{"value":-0.2,"unit":""},"max_forward_bias":{"value":1.3,"unit":""},"num_sweep_points":{"value":31,"unit":""},"dwell_time":{"value":0,"unit":""},"current_limit":{"value":100,"unit":""},"pviv_10a_i_amp":{"value":0,"unit":""},"average":{"value":1,"unit":""},"dark_current":{"value":0,"unit":""},"rshunt_v_lo":{"value":-0.2,"unit":""},"rshunt_v_hi":{"value":0.2,"unit":""},"voc":{"value":1.12630167,"unit":"V"},"isc":{"value":0.00105071,"unit":"A"},"jsc":{"value":22.64464224,"unit":"mA\/cm2"},"imax":{"value":0.00097178,"unit":"A"},"vmax":{"value":0.9316023,"unit":"V"},"pmax":{"value":0.90531179,"unit":"mW"},"fill_factor":{"value":76.4997,"unit":"%"},"efficiency":{"value":19.511,"unit":"%"},"r_at_voc":{"value":103.537289,"unit":""},"r_at_isc":{"value":75441.677,"unit":""},"power":{"value":0.00108866,"unit":"W"},"rshunt":{"value":"NaN","unit":"ohm"},"cell_temp_start":{"value":"NaN","unit":""},"cell_temp_end":{"value":"NaN","unit":""},"exposure":{"value":3.851,"unit":""},"time":{"value":"15:04:29","unit":""},"date":{"value":"05\/27\/2023","unit":""},"V":{"value":[1.3,1.25,1.2,1.15,1.1,1.05,1,0.95,0.9,0.85,0.8,0.75,0.7,0.65,0.6,0.55,0.5,0.45,0.4,0.35,0.3,0.25,0.2,0.15,0.1,0.05,0,-0.05,-0.1,-0.15,-0.2],"unit":"V"},"I":{"value":[-0.00221394,-0.00146682,-0.0008097,-0.00022889,0.00025403,0.00060932,0.00083757,0.00094889,0.00099605,0.00101201,0.00102166,0.00102787,0.00103249,0.00103417,0.00103634,0.00103774,0.00104118,0.00104239,0.00104229,0.00104407,0.00104642,0.00104733,0.00104814,0.00104894,0.00104928,0.00104994,0.00105062,0.00105283,0.00105168,0.00105223,0.00105313],"unit":"A"},"J":{"unit":"A\/cm2","value":[-0.04771422413793104,-0.0316125,-0.01745043103448276,-0.004932974137931035,0.00547478448275862,0.01313189655172414,0.018051077586206898,0.02045021551724138,0.02146659482758621,0.02181056034482759,0.02201853448275862,0.022152370689655174,0.022251939655172418,0.02228814655172414,0.02233491379310345,0.022365086206896555,0.02243922413793104,0.022465301724137934,0.02246314655172414,0.022501508620689656,0.022552155172413792,0.022571767241379312,0.022589224137931033,0.02260646551724138,0.022613793103448278,0.022628017241379313,0.022642672413793103,0.022690301724137933,0.022665517241379312,0.022677370689655172,0.022696767241379312]},"cell_dimension":{"value":0.0464,"unit":"cm2"},"sweep_direction":{"unit":"","value":"Forward"},"key":"forward 92 MeO-Me 1-3_20230527"},{"sample_area":{"value":0.0464,"unit":"cm2"},"irradiance":{"value":1,"unit":""},"pre_sweep_delay":{"value":1,"unit":""},"bias_direction":{"value":0,"unit":""},"max_reverse_bias":{"value":-0.2,"unit":""},"max_forward_bias":{"value":1.3,"unit":""},"num_sweep_points":{"value":31,"unit":""},"dwell_time":{"value":0,"unit":""},"current_limit":{"value":100,"unit":""},"pviv_10a_i_amp":{"value":0,"unit":""},"average":{"value":1,"unit":""},"dark_current":{"value":0,"unit":""},"rshunt_v_lo":{"value":-0.2,"unit":""},"rshunt_v_hi":{"value":0.2,"unit":""},"voc":{"value":1.1219697,"unit":"V"},"isc":{"value":0.00102163,"unit":"A"},"jsc":{"value":22.01788715,"unit":"mA\/cm2"},"imax":{"value":0.00091527,"unit":"A"},"vmax":{"value":0.9421057,"unit":"V"},"pmax":{"value":0.86228431,"unit":"mW"},"fill_factor":{"value":75.2273,"unit":"%"},"efficiency":{"value":18.5837,"unit":"%"},"r_at_voc":{"value":88.312339,"unit":""},"r_at_isc":{"value":31770.605,"unit":""},"power":{"value":0.00105032,"unit":"W"},"rshunt":{"value":"NaN","unit":"ohm"},"cell_temp_start":{"value":"NaN","unit":""},"cell_temp_end":{"value":"NaN","unit":""},"exposure":{"value":3.736,"unit":""},"time":{"value":"15:04:07","unit":""},"date":{"value":"05\/27\/2023","unit":""},"V":{"value":[1.3,1.25,1.2,1.15,1.1,1.05,1,0.95,0.9,0.85,0.8,0.75,0.7,0.65,0.6,0.55,0.5,0.45,0.4,0.35,0.3,0.25,0.2,0.15,0.1,0.05,0,-0.05,-0.1,-0.15,-0.2],"unit":"V"},"I":{"value":[-0.00289659,-0.00190291,-0.00103506,-0.0003174,0.00024877,0.00061983,0.00081742,0.00090703,0.00094423,0.00096268,0.00097489,0.00098426,0.00098974,0.00099392,0.00099753,0.00100099,0.00100437,0.0010058,0.00100752,0.00100938,0.00101083,0.00101349,0.00101558,0.00101677,0.00101977,0.00102047,0.0010217,0.00102409,0.00102566,0.00102685,0.00102541],"unit":"A"},"J":{"unit":"A\/cm2","value":[-0.062426508620689665,-0.04101099137931035,-0.022307327586206897,-0.0068405172413793115,0.005361422413793103,0.013358405172413795,0.017616810344827587,0.019548060344827586,0.02034978448275862,0.02074741379310345,0.021010560344827588,0.021212500000000002,0.021330603448275864,0.021420689655172413,0.021498491379310345,0.021573060344827588,0.021645905172413795,0.021676724137931036,0.021713793103448276,0.02175387931034483,0.02178512931034483,0.021842456896551725,0.021887500000000004,0.02191314655172414,0.021977801724137932,0.021992887931034485,0.02201939655172414,0.022070905172413797,0.022104741379310348,0.022130387931034484,0.022099353448275863]},"cell_dimension":{"value":0.0464,"unit":"cm2"},"sweep_direction":{"unit":"","value":"Forward"},"key":"forward 91 MeO-Me 1-3_20230527"},{"sample_area":{"value":0.0464,"unit":"cm2"},"irradiance":{"value":1,"unit":""},"pre_sweep_delay":{"value":1,"unit":""},"bias_direction":{"value":0,"unit":""},"max_reverse_bias":{"value":-0.2,"unit":""},"max_forward_bias":{"value":1.3,"unit":""},"num_sweep_points":{"value":31,"unit":""},"dwell_time":{"value":0,"unit":""},"current_limit":{"value":100,"unit":""},"pviv_10a_i_amp":{"value":0,"unit":""},"average":{"value":1,"unit":""},"dark_current":{"value":0,"unit":""},"rshunt_v_lo":{"value":-0.2,"unit":""},"rshunt_v_hi":{"value":0.2,"unit":""},"voc":{"value":1.12101789,"unit":"V"},"isc":{"value":0.00105227,"unit":"A"},"jsc":{"value":22.67833033,"unit":"mA\/cm2"},"imax":{"value":0.00097365,"unit":"A"},"vmax":{"value":0.93637533,"unit":"V"},"pmax":{"value":0.91170498,"unit":"mW"},"fill_factor":{"value":77.2881,"unit":"%"},"efficiency":{"value":19.6488,"unit":"%"},"r_at_voc":{"value":88.475234,"unit":""},"r_at_isc":{"value":76882.216,"unit":""},"power":{"value":0.0010922,"unit":"W"},"rshunt":{"value":"NaN","unit":"ohm"},"cell_temp_start":{"value":"NaN","unit":""},"cell_temp_end":{"value":"NaN","unit":""},"exposure":{"value":3.848,"unit":""},"time":{"value":"15:07:18","unit":""},"date":{"value":"05\/27\/2023","unit":""},"V":{"value":[1.3,1.25,1.2,1.15,1.1,1.05,1,0.95,0.9,0.85,0.8,0.75,0.7,0.65,0.6,0.55,0.5,0.45,0.4,0.35,0.3,0.25,0.2,0.15,0.1,0.05,0,-0.05,-0.1,-0.15,-0.2],"unit":"V"},"I":{"value":[-0.00274759,-0.00183445,-0.00101709,-0.00032757,0.00023756,0.00062411,0.00085359,0.00095754,0.00100072,0.00101667,0.00102415,0.0010304,0.00103645,0.00103776,0.0010407,0.00104269,0.00104498,0.00104559,0.00104685,0.00104758,0.00104829,0.00104938,0.00104948,0.00104994,0.00105104,0.00105175,0.0010514,0.00105383,0.00105431,0.00105419,0.00105423],"unit":"A"},"J":{"unit":"A\/cm2","value":[-0.059215301724137935,-0.03953556034482759,-0.021920043103448278,-0.00705969827586207,0.005119827586206897,0.013450646551724139,0.01839633620689655,0.020636637931034485,0.021567241379310348,0.021910991379310345,0.02207219827586207,0.02220689655172414,0.02233728448275862,0.02236551724137931,0.022428879310344832,0.022471767241379313,0.022521120689655175,0.022534267241379313,0.022561422413793105,0.022577155172413793,0.022592456896551722,0.02261594827586207,0.022618103448275865,0.022628017241379313,0.022651724137931036,0.022667025862068965,0.022659482758620692,0.02271185344827586,0.02272219827586207,0.022719612068965517,0.022720474137931036]},"cell_dimension":{"value":0.0464,"unit":"cm2"},"sweep_direction":{"unit":"","value":"Forward"},"key":"forward 104 MeO-Me 1-3_20230527"},{"sample_area":{"value":0.0464,"unit":"cm2"},"irradiance":{"value":1,"unit":""},"pre_sweep_delay":{"value":1,"unit":""},"bias_direction":{"value":0,"unit":""},"max_reverse_bias":{"value":-0.2,"unit":""},"max_forward_bias":{"value":1.3,"unit":""},"num_sweep_points":{"value":31,"unit":""},"dwell_time":{"value":0,"unit":""},"current_limit":{"value":100,"unit":""},"pviv_10a_i_amp":{"value":0,"unit":""},"average":{"value":1,"unit":""},"dark_current":{"value":0,"unit":""},"rshunt_v_lo":{"value":-0.2,"unit":""},"rshunt_v_hi":{"value":0.2,"unit":""},"voc":{"value":1.14872183,"unit":"V"},"isc":{"value":0.00105343,"unit":"A"},"jsc":{"value":22.70329232,"unit":"mA\/cm2"},"imax":{"value":0.0009703,"unit":"A"},"vmax":{"value":0.91204221,"unit":"V"},"pmax":{"value":0.88495297,"unit":"mW"},"fill_factor":{"value":73.1305,"unit":"%"},"efficiency":{"value":19.0723,"unit":"%"},"r_at_voc":{"value":259.513438,"unit":""},"r_at_isc":{"value":55609.48,"unit":""},"power":{"value":0.00108067,"unit":"W"},"rshunt":{"value":"NaN","unit":"ohm"},"cell_temp_start":{"value":"NaN","unit":""},"cell_temp_end":{"value":"NaN","unit":""},"exposure":{"value":3.968,"unit":""},"time":{"value":"15:06:54","unit":""},"date":{"value":"05\/27\/2023","unit":""},"V":{"value":[1.3,1.25,1.2,1.15,1.1,1.05,1,0.95,0.9,0.85,0.8,0.75,0.7,0.65,0.6,0.55,0.5,0.45,0.4,0.35,0.3,0.25,0.2,0.15,0.1,0.05,0,-0.05,-0.1,-0.15,-0.2],"unit":"V"},"I":{"value":[-0.00054846,-0.0003425,-0.00019759,-0.00022914,0.00018774,0.00052577,0.00077058,0.00091497,0.00098193,0.00101105,0.00102166,0.00102995,0.00103604,0.00103907,0.00104043,0.00104317,0.00104516,0.00104597,0.00104751,0.0010476,0.00104894,0.00104867,0.00104994,0.00105039,0.0010498,0.00105261,0.00105361,0.00105595,0.00105539,0.00105587,0.00105671],"unit":"A"},"J":{"unit":"A\/cm2","value":[-0.011820258620689654,-0.007381465517241379,-0.004258405172413794,-0.004938362068965517,0.004046120689655173,0.01133125,0.016607327586206897,0.01971918103448276,0.02116228448275862,0.021789870689655176,0.02201853448275862,0.02219719827586207,0.02232844827586207,0.02239375,0.022423060344827588,0.02248211206896552,0.022525000000000003,0.022542456896551728,0.02257564655172414,0.022577586206896556,0.02260646551724138,0.02260064655172414,0.022628017241379313,0.02263771551724138,0.022625000000000003,0.022685560344827587,0.02270711206896552,0.022757543103448276,0.022745474137931036,0.022755818965517243,0.022773922413793106]},"cell_dimension":{"value":0.0464,"unit":"cm2"},"sweep_direction":{"unit":"","value":"Forward"},"key":"forward 103 MeO-Me 1-3_20230527"},{"sample_area":{"value":0.0464,"unit":"cm2"},"irradiance":{"value":1,"unit":""},"pre_sweep_delay":{"value":1,"unit":""},"bias_direction":{"value":0,"unit":""},"max_reverse_bias":{"value":-0.2,"unit":""},"max_forward_bias":{"value":1.3,"unit":""},"num_sweep_points":{"value":31,"unit":""},"dwell_time":{"value":0,"unit":""},"current_limit":{"value":100,"unit":""},"pviv_10a_i_amp":{"value":0,"unit":""},"average":{"value":1,"unit":""},"dark_current":{"value":0,"unit":""},"rshunt_v_lo":{"value":-0.2,"unit":""},"rshunt_v_hi":{"value":0.2,"unit":""},"voc":{"value":1.12953634,"unit":"V"},"isc":{"value":0.00107288,"unit":"A"},"jsc":{"value":23.12246297,"unit":"mA\/cm2"},"imax":{"value":0.00099908,"unit":"A"},"vmax":{"value":0.93114552,"unit":"V"},"pmax":{"value":0.93028711,"unit":"mW"},"fill_factor":{"value":76.7653,"unit":"%"},"efficiency":{"value":20.0493,"unit":"%"},"r_at_voc":{"value":105.286365,"unit":""},"r_at_isc":{"value":67187.061,"unit":""},"power":{"value":0.00111597,"unit":"W"},"rshunt":{"value":"NaN","unit":"ohm"},"cell_temp_start":{"value":"NaN","unit":""},"cell_temp_end":{"value":"NaN","unit":""},"exposure":{"value":3.85,"unit":""},"time":{"value":"15:06:42","unit":""},"date":{"value":"05\/27\/2023","unit":""},"V":{"value":[1.3,1.25,1.2,1.15,1.1,1.05,1,0.95,0.9,0.85,0.8,0.75,0.7,0.65,0.6,0.55,0.5,0.45,0.4,0.35,0.3,0.25,0.2,0.15,0.1,0.05,0,-0.05,-0.1,-0.15,-0.2],"unit":"V"},"I":{"value":[-0.00212074,-0.00140218,-0.00076175,-0.00019436,0.00028053,0.00063653,0.00085846,0.00097485,0.00102392,0.00104106,0.00104926,0.00105296,0.00105553,0.00105837,0.00106104,0.00106256,0.00106438,0.00106565,0.00106655,0.00106762,0.00106775,0.00106975,0.00106948,0.00107138,0.00107119,0.00107169,0.00107253,0.00107503,0.00107457,0.00107504,0.00107511],"unit":"A"},"J":{"unit":"A\/cm2","value":[-0.045705603448275865,-0.03021939655172414,-0.016417025862068967,-0.0041887931034482765,0.006045905172413794,0.013718318965517241,0.018501293103448276,0.02100969827586207,0.022067241379310345,0.02243663793103448,0.02261336206896552,0.022693103448275864,0.022748491379310346,0.022809698275862073,0.022867241379310347,0.0229,0.022939224137931036,0.022966594827586208,0.022985991379310348,0.023009051724137933,0.023011853448275863,0.023054956896551723,0.023049137931034486,0.023090086206896555,0.023085991379310347,0.02309676724137931,0.023114870689655172,0.023168750000000002,0.02315883620689655,0.02316896551724138,0.023170474137931035]},"cell_dimension":{"value":0.0464,"unit":"cm2"},"sweep_direction":{"unit":"","value":"Forward"},"key":"forward 102 MeO-Me 1-3_20230527"},{"sample_area":{"value":0.0464,"unit":"cm2"},"irradiance":{"value":1,"unit":""},"pre_sweep_delay":{"value":1,"unit":""},"bias_direction":{"value":0,"unit":""},"max_reverse_bias":{"value":-0.2,"unit":""},"max_forward_bias":{"value":1.3,"unit":""},"num_sweep_points":{"value":31,"unit":""},"dwell_time":{"value":0,"unit":""},"current_limit":{"value":100,"unit":""},"pviv_10a_i_amp":{"value":0,"unit":""},"average":{"value":1,"unit":""},"dark_current":{"value":0,"unit":""},"rshunt_v_lo":{"value":-0.2,"unit":""},"rshunt_v_hi":{"value":0.2,"unit":""},"voc":{"value":1.12966425,"unit":"V"},"isc":{"value":0.00108629,"unit":"A"},"jsc":{"value":23.4114951,"unit":"mA\/cm2"},"imax":{"value":0.00101301,"unit":"A"},"vmax":{"value":0.9364155,"unit":"V"},"pmax":{"value":0.94859504,"unit":"mW"},"fill_factor":{"value":77.3009,"unit":"%"},"efficiency":{"value":20.4439,"unit":"%"},"r_at_voc":{"value":99.282604,"unit":""},"r_at_isc":{"value":62407.099,"unit":""},"power":{"value":0.0011328,"unit":"W"},"rshunt":{"value":"NaN","unit":"ohm"},"cell_temp_start":{"value":"NaN","unit":""},"cell_temp_end":{"value":"NaN","unit":""},"exposure":{"value":3.851,"unit":""},"time":{"value":"15:06:16","unit":""},"date":{"value":"05\/27\/2023","unit":""},"V":{"value":[1.3,1.25,1.2,1.15,1.1,1.05,1,0.95,0.9,0.85,0.8,0.75,0.7,0.65,0.6,0.55,0.5,0.45,0.4,0.35,0.3,0.25,0.2,0.15,0.1,0.05,0,-0.05,-0.1,-0.15,-0.2],"unit":"V"},"I":{"value":[-0.00230006,-0.00151593,-0.00081793,-0.00020483,0.00029879,0.00066545,0.00089183,0.00099624,0.00103999,0.00105105,0.0010602,0.00106535,0.00106874,0.00107138,0.00107408,0.00107558,0.00107718,0.00107786,0.00107978,0.00107959,0.00108172,0.00108211,0.00108329,0.00108371,0.0010844,0.00108561,0.00108553,0.00108813,0.00108745,0.00108956,0.0010889],"unit":"A"},"J":{"unit":"A\/cm2","value":[-0.04957025862068966,-0.03267090517241379,-0.017627801724137932,-0.004414439655172414,0.0064394396551724145,0.014341594827586209,0.019220474137931036,0.021470689655172414,0.022413577586206896,0.022651939655172416,0.022849137931034488,0.02296012931034483,0.02303318965517242,0.023090086206896555,0.023148275862068968,0.023180603448275865,0.023215086206896555,0.023229741379310345,0.023271120689655176,0.02326702586206897,0.02331293103448276,0.023321336206896554,0.023346767241379313,0.023355818965517246,0.023370689655172413,0.023396767241379315,0.023395043103448275,0.0234510775862069,0.023436422413793106,0.02348189655172414,0.023467672413793106]},"cell_dimension":{"value":0.0464,"unit":"cm2"},"sweep_direction":{"unit":"","value":"Forward"},"key":"forward 101 MeO-Me 1-3_20230527"}]}}