{"_id":"655ac2c7e66ef8618a0fbf94","id":"JBNU-SC-00321","author":98,"group":10,"input":[{"tco":{"unit":"","value":"ITO"}},{"htl":[{"material":{"unit":"","value":"NiO_Sputter"},"concentration":{"unit":"","value":"None"},"conc_unit":{"unit":"","value":"None"},"quantity":{"unit":"ml","value":"None"}}],"solvent":[{"material":{"unit":"","value":"None"},"volume":{"unit":"ml","value":"None"}},{"material":{"unit":"","value":"None"},"volume":{"unit":"ml","value":"None"}}],"htl_doping":[{"material":{"unit":"","value":"None"},"volume":{"unit":"ul","value":"None"}}],"spin_coating":[{"type":{"unit":"","value":"None"},"rpm":{"unit":"","value":"None"},"time":{"unit":"s","value":"None"}}],"vacuum_suction":[{"unit":"s","value":"None"}],"annealing":[{"temperature":{"unit":"oC","value":"300"},"time":{"unit":"m","value":"30"}}],"module":[{"type":{"unit":"","value":"None"},"gap":{"unit":"um","value":"None"},"coating_speed":{"unit":"mm\/s","value":"None"},"feeding_amount":{"unit":"ul","value":"None"}}],"thermal_evaporation":[{"vacuum_evaporation_thickness":{"unit":"nm","value":"None"},"evaporation_rate":{"unit":"\u00c5\/s","value":"None"},"vacuum_pressure":{"unit":"uTorr","value":"None"}}]},{"htl_treatment":[{"material":{"unit":"","value":"MeO-2PACz"},"concentration":{"unit":"","value":"0.33"},"conc_unit":{"unit":"","value":"mg\/ml"},"quantity":{"unit":"ml","value":"1"}}],"solvent":[{"material":{"unit":"","value":"Ethanol"},"volume":{"unit":"ml","value":"1"}},{"material":{"unit":"","value":"None"},"volume":{"unit":"ml","value":"None"}}],"spin_coating":[{"type":{"unit":"","value":"drop&run"},"rpm":{"unit":"","value":"3000"},"time":{"unit":"s","value":"50"}}],"vacuum_suction":[{"unit":"s","value":"None"}],"annealing":[{"temperature":{"unit":"oC","value":"None"},"time":{"unit":"m","value":"None"}}],"module":[{"type":{"unit":"","value":"None"},"gap":{"unit":"um","value":"None"},"coating_speed":{"unit":"mm\/s","value":"None"},"feeding_amount":{"unit":"ul","value":"None"}}],"thermal_evaporation":[{"vacuum_evaporation_thickness":{"unit":"nm","value":"None"},"evaporation_rate":{"unit":"\u00c5\/s","value":"None"},"vacuum_pressure":{"unit":"uTorr","value":"None"}}]},{"perovskite":{"method":{"unit":"","value":"1-step"},"molarity":{"unit":"M","value":"1.45"},"a_site":[{"material":{"unit":"","value":"Cs"},"ratio":{"unit":"","value":"0.175"}},{"material":{"unit":"","value":"FA"},"ratio":{"unit":"","value":"0.825"}}],"b_site":[{"material":{"unit":"","value":"Pb"},"ratio":{"unit":"","value":"1"}},{"material":{"unit":"","value":"None"},"ratio":{"unit":"","value":"0"}}],"x_site":[{"material":{"unit":"","value":"I"},"ratio":{"unit":"","value":"2.55"}},{"material":{"unit":"","value":"Br"},"ratio":{"unit":"","value":"0.45"}}],"solvent":[{"material":{"unit":"","value":"DMF"},"volume":{"unit":"ml","value":"0.8"}},{"material":{"unit":"","value":"DMSO"},"volume":{"unit":"ml","value":"0.2"}}],"additive":[{"material":{"unit":"","value":"OLAI"},"solvent":{"unit":"","value":"DMF"},"concentration":{"unit":"","value":"100"},"conc_unit":{"unit":"","value":"mg\/ml"},"quantity":{"unit":"mol%","value":"0.5"}}],"stirring_time":[{"unit":"m","value":"120"}],"antisolvent":[{"material":{"unit":"","value":"None"},"quantity":{"unit":"ul","value":"None"},"dripping_time":{"unit":"s","value":"None"}}],"spin_coating":[{"type":{"unit":"","value":"drop&run"},"rpm":{"unit":"","value":"4000"},"time":{"unit":"s","value":"10"}}],"vacuum_suction":[{"unit":"s","value":"60"}],"annealing":[{"temperature":{"unit":"oC","value":"100"},"time":{"unit":"m","value":"30"}}],"atmosphere":[{"type":{"unit":"","value":"N2"},"temperature":{"unit":"oC","value":"28"},"humidity":{"unit":"RH%","value":"0"}}],"assist":[{"type":{"unit":"","value":"None"},"temperature":{"unit":"oC","value":"None"},"assist_start_time":{"value":null,"unit":"s"},"total_assist_time":{"value":"None","unit":"s"}}],"module":[{"type":{"unit":"","value":"None"},"gap":{"unit":"um","value":"None"},"coating_speed":{"unit":"mm\/s","value":"None"},"feeding_amount":{"unit":"ul","value":"None"}}],"thermal_evaporation":[{"vacuum_evaporation_thickness":{"unit":"nm","value":"None"},"evaporation_rate":{"unit":"\u00c5\/s","value":"None"},"vacuum_pressure":{"unit":"uTorr","value":"None"}}]}},{"perovskite_treatment":[{"material":{"unit":"","value":"None"},"concentration":{"unit":"","value":"None"},"conc_unit":{"unit":"","value":"None"},"quantity":{"unit":"ml","value":"None"}}],"solvent":[{"material":{"unit":"","value":"None"},"volume":{"unit":"ml","value":"None"}},{"material":{"unit":"","value":"None"},"volume":{"unit":"ml","value":"None"}}],"spin_coating":[{"type":{"unit":"","value":"None"},"rpm":{"unit":"","value":"None"},"time":{"unit":"s","value":"None"}}],"vacuum_suction":[{"unit":"s","value":"None"}],"annealing":[{"temperature":{"unit":"oC","value":"None"},"time":{"unit":"m","value":"None"}}],"module":[{"type":{"unit":"","value":"None"},"gap":{"unit":"um","value":"None"},"coating_speed":{"unit":"mm\/s","value":"None"},"feeding_amount":{"unit":"ul","value":"None"}}],"thermal_evaporation":[{"vacuum_evaporation_thickness":{"unit":"nm","value":"None"},"evaporation_rate":{"unit":"\u00c5\/s","value":"None"},"vacuum_pressure":{"unit":"uTorr","value":"None"}}]},{"etl":[{"material":{"unit":"","value":"C60"},"concentration":{"unit":"","value":"None"},"conc_unit":{"unit":"","value":"None"},"quantity":{"unit":"ml","value":"None"}}],"solvent":[{"material":{"unit":"","value":"None"},"volume":{"unit":"ml","value":"None"}},{"material":{"unit":"","value":"None"},"volume":{"unit":"ml","value":"None"}}],"spin_coating":[{"type":{"unit":"","value":"None"},"rpm":{"unit":"","value":"None"},"time":{"unit":"s","value":"None"}}],"vacuum_suction":[{"unit":"s","value":"None"}],"annealing":[{"temperature":{"unit":"oC","value":"None"},"time":{"unit":"m","value":"None"}}],"etl_doping":[{"material":{"unit":"","value":"None"},"volume":{"unit":"ul","value":"None"}}],"module":[{"type":{"unit":"","value":"None"},"gap":{"unit":"um","value":"None"},"coating_speed":{"unit":"mm\/s","value":"None"},"feeding_amount":{"unit":"ul","value":"None"}}],"thermal_evaporation":[{"vacuum_evaporation_thickness":{"unit":"nm","value":"30"},"evaporation_rate":{"unit":"\u00c5\/s","value":"0.6"},"vacuum_pressure":{"unit":"uTorr","value":"2x10-6"}}]},{"blocking_buffer_layer":[{"material":{"unit":"","value":"BCP"},"concentration":{"unit":"","value":"None"},"conc_unit":{"unit":"","value":"None"},"quantity":{"unit":"ml","value":"None"}}],"solvent":[{"material":{"unit":"","value":"None"},"volume":{"unit":"ml","value":"None"}},{"material":{"unit":"","value":"None"},"volume":{"unit":"ml","value":"None"}}],"spin_coating":[{"type":{"unit":"","value":"None"},"rpm":{"unit":"","value":"None"},"time":{"unit":"s","value":"None"}}],"vacuum_suction":[{"unit":"s","value":"0"}],"annealing":[{"temperature":{"unit":"oC","value":"None"},"time":{"unit":"m","value":"None"}}],"module":[{"type":{"unit":"","value":"None"},"gap":{"unit":"um","value":"None"},"coating_speed":{"unit":"mm\/s","value":"None"},"feeding_amount":{"unit":"ul","value":"None"}}],"thermal_evaporation":[{"vacuum_evaporation_thickness":{"unit":"nm","value":"6"},"evaporation_rate":{"unit":"\u00c5\/s","value":"0.6"},"vacuum_pressure":{"unit":"uTorr","value":"2x10-6"}}]},{"anode_metal":{"unit":"","value":"Ag"}},{"note":{"unit":"","value":"-"},"ar":{"unit":"","value":"0"},"type":{"unit":"","value":"unit_cell"},"device_type":{"unit":"","value":"p-i-n"},"temperature":{"unit":"\u2103","value":"25"},"humidity":{"unit":"%","value":"40"},"cell_dimension":{"unit":"cm2","value":"0.0464"}}],"fileinfo":[{"key":"Forward 102 MeO AN OLAI 0.5_20230405","uploadType":"JV","original_name":"Forward 102 MeO AN OLAI 0.5_20230405-161657.txt","save_name":"JBNU-SC-00321\/Forward 102 MeO AN OLAI 0.5_20230405","uploader":98,"fileType":""},{"key":"Forward 103 MeO AN OLAI 0.5_20230405","uploadType":"JV","original_name":"Forward 103 MeO AN OLAI 0.5_20230405-161712.txt","save_name":"JBNU-SC-00321\/Forward 103 MeO AN OLAI 0.5_20230405","uploader":98,"fileType":""},{"key":"Forward 104 MeO AN OLAI 0.5_20230405","uploadType":"JV","original_name":"Forward 104 MeO AN OLAI 0.5_20230405-161728.txt","save_name":"JBNU-SC-00321\/Forward 104 MeO AN OLAI 0.5_20230405","uploader":98,"fileType":""},{"key":"Forward 91 MeO AN OLAI 0.5_20230405","uploadType":"JV","original_name":"Forward 91 MeO AN OLAI 0.5_20230405-161446.txt","save_name":"JBNU-SC-00321\/Forward 91 MeO AN OLAI 0.5_20230405","uploader":98,"fileType":""},{"key":"Forward 92 MeO AN OLAI 0.5_20230405","uploadType":"JV","original_name":"Forward 92 MeO AN OLAI 0.5_20230405-161504.txt","save_name":"JBNU-SC-00321\/Forward 92 MeO AN OLAI 0.5_20230405","uploader":98,"fileType":""},{"key":"Forward 93 MeO AN OLAI 0.5_20230405","uploadType":"JV","original_name":"Forward 93 MeO AN OLAI 0.5_20230405-161520.txt","save_name":"JBNU-SC-00321\/Forward 93 MeO AN OLAI 0.5_20230405","uploader":98,"fileType":""},{"key":"Forward 94 MeO AN OLAI 0.5_20230405","uploadType":"JV","original_name":"Forward 94 MeO AN OLAI 0.5_20230405-161548.txt","save_name":"JBNU-SC-00321\/Forward 94 MeO AN OLAI 0.5_20230405","uploader":98,"fileType":""},{"key":"Forward 101 MeO AN OLAI 0.5_20230405","uploadType":"JV","original_name":"Forward 101 MeO AN OLAI 0.5_20230405-161641.txt","save_name":"JBNU-SC-00321\/Forward 101 MeO AN OLAI 0.5_20230405","uploader":98,"fileType":""}],"jvcnt":8,"updated_at":"2024-08-07 02:33:50","created_at":"2023-11-20 02:21:59","analysisInfo":{"JV":[{"efficiency":19.0536,"fill_factor":79.9115,"jsc":21.69626705,"voc":1.09896319,"key":"Forward 94 MeO AN OLAI 0.5_20230405","cell_dimension":0.0464},{"efficiency":15.4185,"fill_factor":69.0976,"jsc":20.409106,"voc":1.0933409,"key":"Forward 93 MeO AN OLAI 0.5_20230405","cell_dimension":0.0464},{"efficiency":19.1594,"fill_factor":80.0319,"jsc":21.50976326,"voc":1.11296973,"key":"Forward 92 MeO AN OLAI 0.5_20230405","cell_dimension":0.0464},{"efficiency":18.8459,"fill_factor":79.5822,"jsc":21.12979007,"voc":1.12074152,"key":"Forward 91 MeO AN OLAI 0.5_20230405","cell_dimension":0.0464},{"efficiency":19.8658,"fill_factor":79.066,"jsc":22.71813578,"voc":1.10596975,"key":"Forward 104 MeO AN OLAI 0.5_20230405","cell_dimension":0.0464},{"efficiency":20.0723,"fill_factor":78.5162,"jsc":23.00898589,"voc":1.1110683,"key":"Forward 103 MeO AN OLAI 0.5_20230405","cell_dimension":0.0464},{"efficiency":20.2445,"fill_factor":79.221,"jsc":22.90191477,"voc":1.11581895,"key":"Forward 102 MeO AN OLAI 0.5_20230405","cell_dimension":0.0464},{"efficiency":20.6701,"fill_factor":80.1502,"jsc":22.98348374,"voc":1.12207796,"key":"Forward 101 MeO AN OLAI 0.5_20230405","cell_dimension":0.0464}]},"public":2,"analysis":{"JV":[{"sample_area":{"value":0.0464,"unit":"cm2"},"irradiance":{"value":1,"unit":""},"pre_sweep_delay":{"value":1,"unit":""},"bias_direction":{"value":0,"unit":""},"max_reverse_bias":{"value":-0.2,"unit":""},"max_forward_bias":{"value":1.3,"unit":""},"num_sweep_points":{"value":31,"unit":""},"dwell_time":{"value":0,"unit":""},"current_limit":{"value":100,"unit":""},"pviv_10a_i_amp":{"value":0,"unit":""},"average":{"value":1,"unit":""},"dark_current":{"value":0,"unit":""},"rshunt_v_lo":{"value":-0.2,"unit":""},"rshunt_v_hi":{"value":0.2,"unit":""},"voc":{"value":1.09896319,"unit":"V"},"isc":{"value":0.00100671,"unit":"A"},"jsc":{"value":21.69626705,"unit":"mA\/cm2"},"imax":{"value":0.00094633,"unit":"A"},"vmax":{"value":0.93423202,"unit":"V"},"pmax":{"value":0.88408749,"unit":"mW"},"fill_factor":{"value":79.9115,"unit":"%"},"efficiency":{"value":19.0536,"unit":"%"},"r_at_voc":{"value":92.353075,"unit":""},"r_at_isc":{"value":77001.694,"unit":""},"power":{"value":0.0010369,"unit":"W"},"rshunt":{"value":"NaN","unit":"ohm"},"cell_temp_start":{"value":"NaN","unit":""},"cell_temp_end":{"value":"NaN","unit":""},"exposure":{"value":4.212,"unit":""},"time":{"value":"16:15:48","unit":""},"date":{"value":"04\/05\/2023","unit":""},"V":{"value":[1.3,1.25,1.2,1.15,1.1,1.05,1,0.95,0.9,0.85,0.8,0.75,0.7,0.65,0.6,0.55,0.5,0.45,0.4,0.35,0.3,0.25,0.2,0.15,0.1,0.05,0,-0.05,-0.1,-0.15,-0.2],"unit":"V"},"I":{"value":[-0.00556735,-0.00360108,-0.0019913,-0.00083641,-1.123e-5,0.00053017,0.0008145,0.00092746,0.00097065,0.00098455,0.00099102,0.00099445,0.00099749,0.00099833,0.00099789,0.00100021,0.0010017,0.00100086,0.00100281,0.00100111,0.00100274,0.00100295,0.00100404,0.0010041,0.00100641,0.00100655,0.00100689,0.00100797,0.00100798,0.00100803,0.00100895],"unit":"A"},"J":{"unit":"A\/cm2","value":[-0.11998599137931036,-0.0776094827586207,-0.04291594827586207,-0.018026077586206897,-0.00024202586206896552,0.011426077586206897,0.017553879310344828,0.019988362068965516,0.02091918103448276,0.02121875,0.021358189655172416,0.02143211206896552,0.021497629310344827,0.02151573275862069,0.02150625,0.021556250000000002,0.021588362068965517,0.021570258620689654,0.021612284482758624,0.02157564655172414,0.021610775862068967,0.021615301724137934,0.02163879310344828,0.02164008620689655,0.021689870689655173,0.021692887931034483,0.021700215517241384,0.021723491379310345,0.021723706896551724,0.02172478448275862,0.021744612068965517]},"cell_dimension":{"value":0.0464,"unit":"cm2"},"sweep_direction":{"unit":"","value":"Forward"},"key":"Forward 94 MeO AN OLAI 0.5_20230405"},{"sample_area":{"value":0.0464,"unit":"cm2"},"irradiance":{"value":1,"unit":""},"pre_sweep_delay":{"value":1,"unit":""},"bias_direction":{"value":0,"unit":""},"max_reverse_bias":{"value":-0.2,"unit":""},"max_forward_bias":{"value":1.3,"unit":""},"num_sweep_points":{"value":31,"unit":""},"dwell_time":{"value":0,"unit":""},"current_limit":{"value":100,"unit":""},"pviv_10a_i_amp":{"value":0,"unit":""},"average":{"value":1,"unit":""},"dark_current":{"value":0,"unit":""},"rshunt_v_lo":{"value":-0.2,"unit":""},"rshunt_v_hi":{"value":0.2,"unit":""},"voc":{"value":1.0933409,"unit":"V"},"isc":{"value":0.00094698,"unit":"A"},"jsc":{"value":20.409106,"unit":"mA\/cm2"},"imax":{"value":0.0007846,"unit":"A"},"vmax":{"value":0.91183178,"unit":"V"},"pmax":{"value":0.71541897,"unit":"mW"},"fill_factor":{"value":69.0976,"unit":"%"},"efficiency":{"value":15.4185,"unit":"%"},"r_at_voc":{"value":121.646273,"unit":""},"r_at_isc":{"value":15462.381,"unit":""},"power":{"value":0.00091098,"unit":"W"},"rshunt":{"value":"NaN","unit":"ohm"},"cell_temp_start":{"value":"NaN","unit":""},"cell_temp_end":{"value":"NaN","unit":""},"exposure":{"value":3.914,"unit":""},"time":{"value":"16:15:20","unit":""},"date":{"value":"04\/05\/2023","unit":""},"V":{"value":[1.3,1.25,1.2,1.15,1.1,1.05,1,0.95,0.9,0.85,0.8,0.75,0.7,0.65,0.6,0.55,0.5,0.45,0.4,0.35,0.3,0.25,0.2,0.15,0.1,0.05,0,-0.05,-0.1,-0.15,-0.2],"unit":"V"},"I":{"value":[-0.00334696,-0.00228234,-0.00136254,-0.00063225,-5.474e-5,0.00035629,0.00061383,0.00073882,0.00079388,0.00081975,0.00083604,0.00084897,0.00086091,0.00087234,0.00088138,0.000891,0.00089969,0.00090763,0.00091342,0.00091961,0.0009237,0.00092874,0.00093521,0.00093954,0.00094282,0.00094543,0.0009486,0.00095227,0.00095296,0.00095513,0.00095683],"unit":"A"},"J":{"unit":"A\/cm2","value":[-0.07213275862068966,-0.04918836206896552,-0.029365086206896554,-0.013626077586206898,-0.0011797413793103448,0.007678663793103449,0.013229094827586208,0.015922844827586206,0.01710948275862069,0.017667025862068964,0.018018103448275865,0.01829676724137931,0.018554094827586208,0.01880043103448276,0.018995258620689657,0.019202586206896553,0.019389870689655173,0.019560991379310347,0.019685775862068967,0.01981918103448276,0.019907327586206898,0.020015948275862068,0.020155387931034486,0.020248706896551727,0.02031939655172414,0.02037564655172414,0.02044396551724138,0.020523060344827586,0.02053793103448276,0.02058469827586207,0.020621336206896553]},"cell_dimension":{"value":0.0464,"unit":"cm2"},"sweep_direction":{"unit":"","value":"Forward"},"key":"Forward 93 MeO AN OLAI 0.5_20230405"},{"sample_area":{"value":0.0464,"unit":"cm2"},"irradiance":{"value":1,"unit":""},"pre_sweep_delay":{"value":1,"unit":""},"bias_direction":{"value":0,"unit":""},"max_reverse_bias":{"value":-0.2,"unit":""},"max_forward_bias":{"value":1.3,"unit":""},"num_sweep_points":{"value":31,"unit":""},"dwell_time":{"value":0,"unit":""},"current_limit":{"value":100,"unit":""},"pviv_10a_i_amp":{"value":0,"unit":""},"average":{"value":1,"unit":""},"dark_current":{"value":0,"unit":""},"rshunt_v_lo":{"value":-0.2,"unit":""},"rshunt_v_hi":{"value":0.2,"unit":""},"voc":{"value":1.11296973,"unit":"V"},"isc":{"value":0.00099805,"unit":"A"},"jsc":{"value":21.50976326,"unit":"mA\/cm2"},"imax":{"value":0.00094368,"unit":"A"},"vmax":{"value":0.94205705,"unit":"V"},"pmax":{"value":0.88899677,"unit":"mW"},"fill_factor":{"value":80.0319,"unit":"%"},"efficiency":{"value":19.1594,"unit":"%"},"r_at_voc":{"value":72.713862,"unit":""},"r_at_isc":{"value":65181.554,"unit":""},"power":{"value":0.00104039,"unit":"W"},"rshunt":{"value":"NaN","unit":"ohm"},"cell_temp_start":{"value":"NaN","unit":""},"cell_temp_end":{"value":"NaN","unit":""},"exposure":{"value":3.73,"unit":""},"time":{"value":"16:15:04","unit":""},"date":{"value":"04\/05\/2023","unit":""},"V":{"value":[1.3,1.25,1.2,1.15,1.1,1.05,1,0.95,0.9,0.85,0.8,0.75,0.7,0.65,0.6,0.55,0.5,0.45,0.4,0.35,0.3,0.25,0.2,0.15,0.1,0.05,0,-0.05,-0.1,-0.15,-0.2],"unit":"V"},"I":{"value":[-0.00387495,-0.00250376,-0.00136126,-0.00050926,0.00017837,0.0005967,0.00083727,0.00093501,0.00097051,0.00098032,0.00098511,0.00098653,0.00098979,0.00098998,0.0009913,0.00099173,0.00099105,0.00099251,0.00099299,0.00099362,0.00099438,0.00099377,0.00099492,0.00099521,0.0009966,0.00099763,0.00099694,0.00099895,0.00099975,0.00100097,0.00100103],"unit":"A"},"J":{"unit":"A\/cm2","value":[-0.08351185344827586,-0.05396034482758621,-0.029337500000000002,-0.01097543103448276,0.0038441810344827586,0.01285991379310345,0.01804461206896552,0.0201510775862069,0.02091616379310345,0.021127586206896552,0.02123081896551724,0.021261422413793106,0.02133168103448276,0.021335775862068966,0.02136422413793104,0.021373491379310345,0.021358836206896555,0.021390301724137934,0.02140064655172414,0.021414224137931034,0.021430603448275864,0.021417456896551723,0.021442241379310348,0.021448491379310347,0.02147844827586207,0.02150064655172414,0.021485775862068967,0.021529094827586207,0.02154633620689655,0.021572629310344826,0.021573922413793103]},"cell_dimension":{"value":0.0464,"unit":"cm2"},"sweep_direction":{"unit":"","value":"Forward"},"key":"Forward 92 MeO AN OLAI 0.5_20230405"},{"sample_area":{"value":0.0464,"unit":"cm2"},"irradiance":{"value":1,"unit":""},"pre_sweep_delay":{"value":1,"unit":""},"bias_direction":{"value":0,"unit":""},"max_reverse_bias":{"value":-0.2,"unit":""},"max_forward_bias":{"value":1.3,"unit":""},"num_sweep_points":{"value":31,"unit":""},"dwell_time":{"value":0,"unit":""},"current_limit":{"value":100,"unit":""},"pviv_10a_i_amp":{"value":0,"unit":""},"average":{"value":1,"unit":""},"dark_current":{"value":0,"unit":""},"rshunt_v_lo":{"value":-0.2,"unit":""},"rshunt_v_hi":{"value":0.2,"unit":""},"voc":{"value":1.12074152,"unit":"V"},"isc":{"value":0.00098042,"unit":"A"},"jsc":{"value":21.12979007,"unit":"mA\/cm2"},"imax":{"value":0.00092175,"unit":"A"},"vmax":{"value":0.94867998,"unit":"V"},"pmax":{"value":0.87444914,"unit":"mW"},"fill_factor":{"value":79.5822,"unit":"%"},"efficiency":{"value":18.8459,"unit":"%"},"r_at_voc":{"value":80.122517,"unit":""},"r_at_isc":{"value":68401.579,"unit":""},"power":{"value":0.00102788,"unit":"W"},"rshunt":{"value":"NaN","unit":"ohm"},"cell_temp_start":{"value":"NaN","unit":""},"cell_temp_end":{"value":"NaN","unit":""},"exposure":{"value":3.727,"unit":""},"time":{"value":"16:14:46","unit":""},"date":{"value":"04\/05\/2023","unit":""},"V":{"value":[1.3,1.25,1.2,1.15,1.1,1.05,1,0.95,0.9,0.85,0.8,0.75,0.7,0.65,0.6,0.55,0.5,0.45,0.4,0.35,0.3,0.25,0.2,0.15,0.1,0.05,0,-0.05,-0.1,-0.15,-0.2],"unit":"V"},"I":{"value":[-0.00347761,-0.00220862,-0.00114383,-0.00036517,0.00025887,0.00063094,0.00083709,0.00092045,0.00095116,0.00096184,0.00096494,0.00096842,0.00097042,0.00097082,0.0009724,0.00097196,0.00097298,0.00097392,0.00097444,0.00097581,0.00097709,0.00097638,0.00097646,0.00097805,0.00097901,0.00097976,0.00098013,0.00098158,0.00098255,0.00098303,0.00098256],"unit":"A"},"J":{"unit":"A\/cm2","value":[-0.07494849137931035,-0.047599568965517244,-0.024651508620689655,-0.007870043103448276,0.005579094827586208,0.013597844827586207,0.01804073275862069,0.01983728448275862,0.020499137931034486,0.020729310344827587,0.020796120689655175,0.020871120689655173,0.020914224137931037,0.020922844827586207,0.020956896551724138,0.02094741379310345,0.02096939655172414,0.020989655172413794,0.02100086206896552,0.021030387931034483,0.021057974137931035,0.021042672413793106,0.02104439655172414,0.021078663793103452,0.021099353448275862,0.021115517241379313,0.021123491379310348,0.021154741379310345,0.021175646551724138,0.021185991379310345,0.021175862068965517]},"cell_dimension":{"value":0.0464,"unit":"cm2"},"sweep_direction":{"unit":"","value":"Forward"},"key":"Forward 91 MeO AN OLAI 0.5_20230405"},{"sample_area":{"value":0.0464,"unit":"cm2"},"irradiance":{"value":1,"unit":""},"pre_sweep_delay":{"value":1,"unit":""},"bias_direction":{"value":0,"unit":""},"max_reverse_bias":{"value":-0.2,"unit":""},"max_forward_bias":{"value":1.3,"unit":""},"num_sweep_points":{"value":31,"unit":""},"dwell_time":{"value":0,"unit":""},"current_limit":{"value":100,"unit":""},"pviv_10a_i_amp":{"value":0,"unit":""},"average":{"value":1,"unit":""},"dark_current":{"value":0,"unit":""},"rshunt_v_lo":{"value":-0.2,"unit":""},"rshunt_v_hi":{"value":0.2,"unit":""},"voc":{"value":1.10596975,"unit":"V"},"isc":{"value":0.00105412,"unit":"A"},"jsc":{"value":22.71813578,"unit":"mA\/cm2"},"imax":{"value":0.00098524,"unit":"A"},"vmax":{"value":0.9355802,"unit":"V"},"pmax":{"value":0.92177243,"unit":"mW"},"fill_factor":{"value":79.066,"unit":"%"},"efficiency":{"value":19.8658,"unit":"%"},"r_at_voc":{"value":58.028054,"unit":""},"r_at_isc":{"value":46600.297,"unit":""},"power":{"value":0.0010875,"unit":"W"},"rshunt":{"value":"NaN","unit":"ohm"},"cell_temp_start":{"value":"NaN","unit":""},"cell_temp_end":{"value":"NaN","unit":""},"exposure":{"value":3.854,"unit":""},"time":{"value":"16:17:28","unit":""},"date":{"value":"04\/05\/2023","unit":""},"V":{"value":[1.3,1.25,1.2,1.15,1.1,1.05,1,0.95,0.9,0.85,0.8,0.75,0.7,0.65,0.6,0.55,0.5,0.45,0.4,0.35,0.3,0.25,0.2,0.15,0.1,0.05,0,-0.05,-0.1,-0.15,-0.2],"unit":"V"},"I":{"value":[-0.00536394,-0.00346631,-0.00190702,-0.00075878,0.00010288,0.0005918,0.00085189,0.00096751,0.00101093,0.00102438,0.00103224,0.00103602,0.00103878,0.00103956,0.00104233,0.00104349,0.00104608,0.00104579,0.00104675,0.00104648,0.00104768,0.00104908,0.00104982,0.00105079,0.00105161,0.00105231,0.00105425,0.00105597,0.00105674,0.00105754,0.00105776],"unit":"A"},"J":{"unit":"A\/cm2","value":[-0.1156021551724138,-0.07470495689655172,-0.041099568965517246,-0.016353017241379313,0.0022172413793103453,0.012754310344827586,0.01835969827586207,0.020851508620689657,0.021787284482758622,0.022077155172413796,0.022246551724137933,0.02232801724137931,0.0223875,0.022404310344827587,0.022464008620689657,0.022489008620689657,0.0225448275862069,0.0225385775862069,0.02255926724137931,0.02255344827586207,0.02257931034482759,0.02260948275862069,0.02262543103448276,0.022646336206896555,0.022664008620689655,0.02267909482758621,0.022720905172413795,0.02275797413793104,0.022774568965517245,0.02279181034482759,0.022796551724137932]},"cell_dimension":{"value":0.0464,"unit":"cm2"},"sweep_direction":{"unit":"","value":"Forward"},"key":"Forward 104 MeO AN OLAI 0.5_20230405"},{"sample_area":{"value":0.0464,"unit":"cm2"},"irradiance":{"value":1,"unit":""},"pre_sweep_delay":{"value":1,"unit":""},"bias_direction":{"value":0,"unit":""},"max_reverse_bias":{"value":-0.2,"unit":""},"max_forward_bias":{"value":1.3,"unit":""},"num_sweep_points":{"value":31,"unit":""},"dwell_time":{"value":0,"unit":""},"current_limit":{"value":100,"unit":""},"pviv_10a_i_amp":{"value":0,"unit":""},"average":{"value":1,"unit":""},"dark_current":{"value":0,"unit":""},"rshunt_v_lo":{"value":-0.2,"unit":""},"rshunt_v_hi":{"value":0.2,"unit":""},"voc":{"value":1.1110683,"unit":"V"},"isc":{"value":0.00106762,"unit":"A"},"jsc":{"value":23.00898589,"unit":"mA\/cm2"},"imax":{"value":0.00100137,"unit":"A"},"vmax":{"value":0.93008069,"unit":"V"},"pmax":{"value":0.9313556,"unit":"mW"},"fill_factor":{"value":78.5162,"unit":"%"},"efficiency":{"value":20.0723,"unit":"%"},"r_at_voc":{"value":74.424487,"unit":""},"r_at_isc":{"value":44743.093,"unit":""},"power":{"value":0.00110166,"unit":"W"},"rshunt":{"value":"NaN","unit":"ohm"},"cell_temp_start":{"value":"NaN","unit":""},"cell_temp_end":{"value":"NaN","unit":""},"exposure":{"value":3.852,"unit":""},"time":{"value":"16:17:12","unit":""},"date":{"value":"04\/05\/2023","unit":""},"V":{"value":[1.3,1.25,1.2,1.15,1.1,1.05,1,0.95,0.9,0.85,0.8,0.75,0.7,0.65,0.6,0.55,0.5,0.45,0.4,0.35,0.3,0.25,0.2,0.15,0.1,0.05,0,-0.05,-0.1,-0.15,-0.2],"unit":"V"},"I":{"value":[-0.00347618,-0.00231662,-0.00131548,-0.0005231,0.00014872,0.00058352,0.00084375,0.00097481,0.00102501,0.00104144,0.00104878,0.00105138,0.00105357,0.00105422,0.00105621,0.00105625,0.00105857,0.00105959,0.00105959,0.00106029,0.00106128,0.00106267,0.00106198,0.00106422,0.0010643,0.00106687,0.00106825,0.00106959,0.00106975,0.00107078,0.00107179],"unit":"A"},"J":{"unit":"A\/cm2","value":[-0.07491767241379312,-0.0499271551724138,-0.02835086206896552,-0.011273706896551725,0.0032051724137931036,0.01257586206896552,0.018184267241379313,0.02100883620689655,0.022090732758620692,0.0224448275862069,0.022603017241379312,0.022659051724137933,0.02270625,0.022720258620689656,0.022763146551724137,0.022764008620689655,0.022814008620689656,0.022835991379310347,0.022835991379310347,0.022851077586206896,0.02287241379310345,0.02290237068965517,0.022887499999999998,0.022935775862068967,0.022937500000000003,0.022992887931034482,0.02302262931034483,0.023051508620689658,0.023054956896551723,0.023077155172413794,0.023098922413793105]},"cell_dimension":{"value":0.0464,"unit":"cm2"},"sweep_direction":{"unit":"","value":"Forward"},"key":"Forward 103 MeO AN OLAI 0.5_20230405"},{"sample_area":{"value":0.0464,"unit":"cm2"},"irradiance":{"value":1,"unit":""},"pre_sweep_delay":{"value":1,"unit":""},"bias_direction":{"value":0,"unit":""},"max_reverse_bias":{"value":-0.2,"unit":""},"max_forward_bias":{"value":1.3,"unit":""},"num_sweep_points":{"value":31,"unit":""},"dwell_time":{"value":0,"unit":""},"current_limit":{"value":100,"unit":""},"pviv_10a_i_amp":{"value":0,"unit":""},"average":{"value":1,"unit":""},"dark_current":{"value":0,"unit":""},"rshunt_v_lo":{"value":-0.2,"unit":""},"rshunt_v_hi":{"value":0.2,"unit":""},"voc":{"value":1.11581895,"unit":"V"},"isc":{"value":0.00106265,"unit":"A"},"jsc":{"value":22.90191477,"unit":"mA\/cm2"},"imax":{"value":0.00099677,"unit":"A"},"vmax":{"value":0.94238338,"unit":"V"},"pmax":{"value":0.93934257,"unit":"mW"},"fill_factor":{"value":79.221,"unit":"%"},"efficiency":{"value":20.2445,"unit":"%"},"r_at_voc":{"value":71.42798,"unit":""},"r_at_isc":{"value":33018.556,"unit":""},"power":{"value":0.00110407,"unit":"W"},"rshunt":{"value":"NaN","unit":"ohm"},"cell_temp_start":{"value":"NaN","unit":""},"cell_temp_end":{"value":"NaN","unit":""},"exposure":{"value":3.854,"unit":""},"time":{"value":"16:16:57","unit":""},"date":{"value":"04\/05\/2023","unit":""},"V":{"value":[1.3,1.25,1.2,1.15,1.1,1.05,1,0.95,0.9,0.85,0.8,0.75,0.7,0.65,0.6,0.55,0.5,0.45,0.4,0.35,0.3,0.25,0.2,0.15,0.1,0.05,0,-0.05,-0.1,-0.15,-0.2],"unit":"V"},"I":{"value":[-0.00381653,-0.00244798,-0.00132985,-0.00047854,0.00022147,0.00064176,0.00088295,0.00098801,0.00102526,0.00103664,0.0010421,0.00104473,0.00104709,0.00104697,0.00104845,0.00104997,0.00105046,0.00105133,0.00105143,0.00105319,0.00105413,0.00105438,0.00105618,0.00105654,0.00105878,0.00106324,0.00106392,0.00106602,0.00106524,0.00106686,0.00106721],"unit":"A"},"J":{"unit":"A\/cm2","value":[-0.08225280172413793,-0.05275818965517242,-0.028660560344827588,-0.010313362068965519,0.004773060344827587,0.013831034482758622,0.019029094827586208,0.021293318965517245,0.022096120689655174,0.022341379310344828,0.022459051724137934,0.02251573275862069,0.02256659482758621,0.022564008620689656,0.022595905172413795,0.022628663793103448,0.022639224137931038,0.02265797413793104,0.022660129310344827,0.02269806034482759,0.02271831896551724,0.022723706896551725,0.022762500000000005,0.022770258620689654,0.022818534482758623,0.022914655172413794,0.02292931034482759,0.022974568965517243,0.022957758620689658,0.022992672413793106,0.023000215517241383]},"cell_dimension":{"value":0.0464,"unit":"cm2"},"sweep_direction":{"unit":"","value":"Forward"},"key":"Forward 102 MeO AN OLAI 0.5_20230405"},{"sample_area":{"value":0.0464,"unit":"cm2"},"irradiance":{"value":1,"unit":""},"pre_sweep_delay":{"value":1,"unit":""},"bias_direction":{"value":0,"unit":""},"max_reverse_bias":{"value":-0.2,"unit":""},"max_forward_bias":{"value":1.3,"unit":""},"num_sweep_points":{"value":31,"unit":""},"dwell_time":{"value":0,"unit":""},"current_limit":{"value":100,"unit":""},"pviv_10a_i_amp":{"value":0,"unit":""},"average":{"value":1,"unit":""},"dark_current":{"value":0,"unit":""},"rshunt_v_lo":{"value":-0.2,"unit":""},"rshunt_v_hi":{"value":0.2,"unit":""},"voc":{"value":1.12207796,"unit":"V"},"isc":{"value":0.00106643,"unit":"A"},"jsc":{"value":22.98348374,"unit":"mA\/cm2"},"imax":{"value":0.00100359,"unit":"A"},"vmax":{"value":0.9556679,"unit":"V"},"pmax":{"value":0.95909456,"unit":"mW"},"fill_factor":{"value":80.1502,"unit":"%"},"efficiency":{"value":20.6701,"unit":"%"},"r_at_voc":{"value":68.108858,"unit":""},"r_at_isc":{"value":56595.425,"unit":""},"power":{"value":0.00112065,"unit":"W"},"rshunt":{"value":"NaN","unit":"ohm"},"cell_temp_start":{"value":"NaN","unit":""},"cell_temp_end":{"value":"NaN","unit":""},"exposure":{"value":3.851,"unit":""},"time":{"value":"16:16:41","unit":""},"date":{"value":"04\/05\/2023","unit":""},"V":{"value":[1.3,1.25,1.2,1.15,1.1,1.05,1,0.95,0.9,0.85,0.8,0.75,0.7,0.65,0.6,0.55,0.5,0.45,0.4,0.35,0.3,0.25,0.2,0.15,0.1,0.05,0,-0.05,-0.1,-0.15,-0.2],"unit":"V"},"I":{"value":[-0.00458041,-0.00278891,-0.00136807,-0.00040996,0.00032416,0.000721,0.00092626,0.00100916,0.00103517,0.00104305,0.00104711,0.00104925,0.00105043,0.00105117,0.00105364,0.00105349,0.00105562,0.0010559,0.00105699,0.00105791,0.00106136,0.00106194,0.00106244,0.00106374,0.00106555,0.00106514,0.00106611,0.00106723,0.00106869,0.00106872,0.00107012],"unit":"A"},"J":{"unit":"A\/cm2","value":[-0.0987157327586207,-0.06010581896551724,-0.029484267241379314,-0.008835344827586208,0.006986206896551724,0.015538793103448276,0.0199625,0.021749137931034484,0.02230969827586207,0.02247952586206897,0.022567025862068966,0.02261314655172414,0.0226385775862069,0.022654525862068967,0.022707758620689657,0.022704525862068968,0.02275043103448276,0.02275646551724138,0.022779956896551726,0.02279978448275862,0.02287413793103448,0.022886637931034483,0.02289741379310345,0.022925431034482763,0.022964439655172416,0.022955603448275862,0.02297650862068966,0.023000646551724138,0.023032112068965518,0.023032758620689656,0.02306293103448276]},"cell_dimension":{"value":0.0464,"unit":"cm2"},"sweep_direction":{"unit":"","value":"Forward"},"key":"Forward 101 MeO AN OLAI 0.5_20230405"}]}}