{"_id":"655ac1887964ad10715fd33f","id":"JBNU-SC-00309","author":98,"group":10,"input":[{"tco":{"unit":"","value":"ITO"}},{"htl":[{"material":{"unit":"","value":"NiO_Sputter"},"concentration":{"unit":"","value":"None"},"conc_unit":{"unit":"","value":"None"},"quantity":{"unit":"ml","value":"None"}}],"solvent":[{"material":{"unit":"","value":"None"},"volume":{"unit":"ml","value":"None"}},{"material":{"unit":"","value":"None"},"volume":{"unit":"ml","value":"None"}}],"htl_doping":[{"material":{"unit":"","value":"None"},"volume":{"unit":"ul","value":"None"}}],"spin_coating":[{"type":{"unit":"","value":"None"},"rpm":{"unit":"","value":"None"},"time":{"unit":"s","value":"None"}}],"vacuum_suction":[{"unit":"s","value":"None"}],"annealing":[{"temperature":{"unit":"oC","value":"300"},"time":{"unit":"m","value":"30"}}],"module":[{"type":{"unit":"","value":"None"},"gap":{"unit":"um","value":"None"},"coating_speed":{"unit":"mm\/s","value":"None"},"feeding_amount":{"unit":"ul","value":"None"}}],"thermal_evaporation":[{"vacuum_evaporation_thickness":{"unit":"nm","value":"None"},"evaporation_rate":{"unit":"\u00c5\/s","value":"None"},"vacuum_pressure":{"unit":"uTorr","value":"None"}}]},{"htl_treatment":[{"material":{"unit":"","value":"MeO-2PACz"},"concentration":{"unit":"","value":"0.33"},"conc_unit":{"unit":"","value":"mg\/ml"},"quantity":{"unit":"ml","value":"1"}}],"solvent":[{"material":{"unit":"","value":"Ethanol"},"volume":{"unit":"ml","value":"1"}},{"material":{"unit":"","value":"None"},"volume":{"unit":"ml","value":"None"}}],"spin_coating":[{"type":{"unit":"","value":"drop&run"},"rpm":{"unit":"","value":"3000"},"time":{"unit":"s","value":"50"}}],"vacuum_suction":[{"unit":"s","value":"None"}],"annealing":[{"temperature":{"unit":"oC","value":"None"},"time":{"unit":"m","value":"None"}}],"module":[{"type":{"unit":"","value":"None"},"gap":{"unit":"um","value":"None"},"coating_speed":{"unit":"mm\/s","value":"None"},"feeding_amount":{"unit":"ul","value":"None"}}],"thermal_evaporation":[{"vacuum_evaporation_thickness":{"unit":"nm","value":"None"},"evaporation_rate":{"unit":"\u00c5\/s","value":"None"},"vacuum_pressure":{"unit":"uTorr","value":"None"}}]},{"perovskite":{"method":{"unit":"","value":"1-step"},"molarity":{"unit":"M","value":"1.45"},"a_site":[{"material":{"unit":"","value":"Cs"},"ratio":{"unit":"","value":"0.175"}},{"material":{"unit":"","value":"FA"},"ratio":{"unit":"","value":"0.825"}}],"b_site":[{"material":{"unit":"","value":"Pb"},"ratio":{"unit":"","value":"1"}},{"material":{"unit":"","value":"None"},"ratio":{"unit":"","value":"0"}}],"x_site":[{"material":{"unit":"","value":"I"},"ratio":{"unit":"","value":"2.55"}},{"material":{"unit":"","value":"Br"},"ratio":{"unit":"","value":"0.45"}}],"solvent":[{"material":{"unit":"","value":"DMF"},"volume":{"unit":"ml","value":"0.8"}},{"material":{"unit":"","value":"DMSO"},"volume":{"unit":"ml","value":"0.2"}}],"additive":[{"material":{"unit":"","value":"None"},"solvent":{"unit":"","value":"None"},"concentration":{"unit":"","value":"None"},"conc_unit":{"unit":"","value":"None"},"quantity":{"unit":"mol%","value":"None"}}],"stirring_time":[{"unit":"m","value":"120"}],"antisolvent":[{"material":{"unit":"","value":"None"},"quantity":{"unit":"ul","value":"None"},"dripping_time":{"unit":"s","value":"None"}}],"spin_coating":[{"type":{"unit":"","value":"drop&run"},"rpm":{"unit":"","value":"4000"},"time":{"unit":"s","value":"10"}}],"vacuum_suction":[{"unit":"s","value":"60"}],"annealing":[{"temperature":{"unit":"oC","value":"100"},"time":{"unit":"m","value":"30"}}],"atmosphere":[{"type":{"unit":"","value":"N2"},"temperature":{"unit":"oC","value":"28"},"humidity":{"unit":"RH%","value":"0"}}],"assist":[{"type":{"unit":"","value":"None"},"temperature":{"unit":"oC","value":"None"},"assist_start_time":{"value":null,"unit":"s"},"total_assist_time":{"value":"None","unit":"s"}}],"module":[{"type":{"unit":"","value":"None"},"gap":{"unit":"um","value":"None"},"coating_speed":{"unit":"mm\/s","value":"None"},"feeding_amount":{"unit":"ul","value":"None"}}],"thermal_evaporation":[{"vacuum_evaporation_thickness":{"unit":"nm","value":"None"},"evaporation_rate":{"unit":"\u00c5\/s","value":"None"},"vacuum_pressure":{"unit":"uTorr","value":"None"}}]}},{"perovskite_treatment":[{"material":{"unit":"","value":"None"},"concentration":{"unit":"","value":"None"},"conc_unit":{"unit":"","value":"None"},"quantity":{"unit":"ml","value":"None"}}],"solvent":[{"material":{"unit":"","value":"None"},"volume":{"unit":"ml","value":"None"}},{"material":{"unit":"","value":"None"},"volume":{"unit":"ml","value":"None"}}],"spin_coating":[{"type":{"unit":"","value":"None"},"rpm":{"unit":"","value":"None"},"time":{"unit":"s","value":"None"}}],"vacuum_suction":[{"unit":"s","value":"None"}],"annealing":[{"temperature":{"unit":"oC","value":"None"},"time":{"unit":"m","value":"None"}}],"module":[{"type":{"unit":"","value":"None"},"gap":{"unit":"um","value":"None"},"coating_speed":{"unit":"mm\/s","value":"None"},"feeding_amount":{"unit":"ul","value":"None"}}],"thermal_evaporation":[{"vacuum_evaporation_thickness":{"unit":"nm","value":"None"},"evaporation_rate":{"unit":"\u00c5\/s","value":"None"},"vacuum_pressure":{"unit":"uTorr","value":"None"}}]},{"etl":[{"material":{"unit":"","value":"C60"},"concentration":{"unit":"","value":"None"},"conc_unit":{"unit":"","value":"None"},"quantity":{"unit":"ml","value":"None"}}],"solvent":[{"material":{"unit":"","value":"None"},"volume":{"unit":"ml","value":"None"}},{"material":{"unit":"","value":"None"},"volume":{"unit":"ml","value":"None"}}],"spin_coating":[{"type":{"unit":"","value":"None"},"rpm":{"unit":"","value":"None"},"time":{"unit":"s","value":"None"}}],"vacuum_suction":[{"unit":"s","value":"None"}],"annealing":[{"temperature":{"unit":"oC","value":"None"},"time":{"unit":"m","value":"None"}}],"etl_doping":[{"material":{"unit":"","value":"None"},"volume":{"unit":"ul","value":"None"}}],"module":[{"type":{"unit":"","value":"None"},"gap":{"unit":"um","value":"None"},"coating_speed":{"unit":"mm\/s","value":"None"},"feeding_amount":{"unit":"ul","value":"None"}}],"thermal_evaporation":[{"vacuum_evaporation_thickness":{"unit":"nm","value":"30"},"evaporation_rate":{"unit":"\u00c5\/s","value":"0.6"},"vacuum_pressure":{"unit":"uTorr","value":"2x10-6"}}]},{"blocking_buffer_layer":[{"material":{"unit":"","value":"BCP"},"concentration":{"unit":"","value":"None"},"conc_unit":{"unit":"","value":"None"},"quantity":{"unit":"ml","value":"None"}}],"solvent":[{"material":{"unit":"","value":"None"},"volume":{"unit":"ml","value":"None"}},{"material":{"unit":"","value":"None"},"volume":{"unit":"ml","value":"None"}}],"spin_coating":[{"type":{"unit":"","value":"None"},"rpm":{"unit":"","value":"None"},"time":{"unit":"s","value":"None"}}],"vacuum_suction":[{"unit":"s","value":"0"}],"annealing":[{"temperature":{"unit":"oC","value":"None"},"time":{"unit":"m","value":"None"}}],"module":[{"type":{"unit":"","value":"None"},"gap":{"unit":"um","value":"None"},"coating_speed":{"unit":"mm\/s","value":"None"},"feeding_amount":{"unit":"ul","value":"None"}}],"thermal_evaporation":[{"vacuum_evaporation_thickness":{"unit":"nm","value":"6"},"evaporation_rate":{"unit":"\u00c5\/s","value":"0.6"},"vacuum_pressure":{"unit":"uTorr","value":"2x10-6"}}]},{"anode_metal":{"unit":"","value":"Ag"}},{"note":{"unit":"","value":"-"},"ar":{"unit":"","value":"0"},"type":{"unit":"","value":"unit_cell"},"device_type":{"unit":"","value":"p-i-n"},"temperature":{"unit":"\u2103","value":"25"},"humidity":{"unit":"%","value":"40"},"cell_dimension":{"unit":"cm2","value":"0.0464"}}],"fileinfo":[{"key":"FORWARD 33 MeO VAC REF_20230403","uploadType":"JV","original_name":"FORWARD 33 MeO VAC REF_20230403- 192111.txt","save_name":"JBNU-SC-00309\/FORWARD 33 MeO VAC REF_20230403","uploader":98,"fileType":""},{"key":"FORWARD 34 MeO VAC REF_20230403","uploadType":"JV","original_name":"FORWARD 34 MeO VAC REF_20230403- 192123.txt","save_name":"JBNU-SC-00309\/FORWARD 34 MeO VAC REF_20230403","uploader":98,"fileType":""},{"key":"FORWARD 41 MeO VAC REF_20230403","uploadType":"JV","original_name":"FORWARD 41 MeO VAC REF_20230403- 192208.txt","save_name":"JBNU-SC-00309\/FORWARD 41 MeO VAC REF_20230403","uploader":98,"fileType":""},{"key":"FORWARD 42 MeO VAC REF_20230403","uploadType":"JV","original_name":"FORWARD 42 MeO VAC REF_20230403- 192225.txt","save_name":"JBNU-SC-00309\/FORWARD 42 MeO VAC REF_20230403","uploader":98,"fileType":""},{"key":"FORWARD 43 MeO VAC REF_20230403","uploadType":"JV","original_name":"FORWARD 43 MeO VAC REF_20230403- 192243.txt","save_name":"JBNU-SC-00309\/FORWARD 43 MeO VAC REF_20230403","uploader":98,"fileType":""},{"key":"FORWARD 44 MeO VAC REF_20230403","uploadType":"JV","original_name":"FORWARD 44 MeO VAC REF_20230403- 192310.txt","save_name":"JBNU-SC-00309\/FORWARD 44 MeO VAC REF_20230403","uploader":98,"fileType":""},{"key":"FORWARD 31 MeO VAC REF_20230403","uploadType":"JV","original_name":"FORWARD 31 MeO VAC REF_20230403- 191943.txt","save_name":"JBNU-SC-00309\/FORWARD 31 MeO VAC REF_20230403","uploader":98,"fileType":""},{"key":"FORWARD 32 MeO VAC REF_20230403","uploadType":"JV","original_name":"FORWARD 32 MeO VAC REF_20230403- 192020.txt","save_name":"JBNU-SC-00309\/FORWARD 32 MeO VAC REF_20230403","uploader":98,"fileType":""}],"jvcnt":8,"updated_at":"2024-08-07 02:33:50","created_at":"2023-11-20 02:16:40","analysisInfo":{"JV":[{"efficiency":19.6293,"fill_factor":78.4538,"jsc":22.63861383,"voc":1.10519865,"key":"FORWARD 44 MeO VAC REF_20230403","cell_dimension":0.0464},{"efficiency":19.165,"fill_factor":77.0736,"jsc":22.68747864,"voc":1.09601432,"key":"FORWARD 43 MeO VAC REF_20230403","cell_dimension":0.0464},{"efficiency":19.354,"fill_factor":77.1262,"jsc":22.95235756,"voc":1.09330416,"key":"FORWARD 42 MeO VAC REF_20230403","cell_dimension":0.0464},{"efficiency":19.6818,"fill_factor":77.9912,"jsc":23.15621434,"voc":1.08981482,"key":"FORWARD 41 MeO VAC REF_20230403","cell_dimension":0.0464},{"efficiency":18.7438,"fill_factor":78.5272,"jsc":21.74316418,"voc":1.09777709,"key":"FORWARD 34 MeO VAC REF_20230403","cell_dimension":0.0464},{"efficiency":18.4694,"fill_factor":77.3771,"jsc":21.72341987,"voc":1.09878319,"key":"FORWARD 33 MeO VAC REF_20230403","cell_dimension":0.0464},{"efficiency":18.5604,"fill_factor":78.3156,"jsc":21.67960266,"voc":1.09317217,"key":"FORWARD 32 MeO VAC REF_20230403","cell_dimension":0.0464},{"efficiency":18.9761,"fill_factor":79.3979,"jsc":21.90393456,"voc":1.09112639,"key":"FORWARD 31 MeO VAC REF_20230403","cell_dimension":0.0464}]},"public":2,"analysis":{"JV":[{"sample_area":{"value":0.0464,"unit":"cm2"},"irradiance":{"value":1,"unit":""},"pre_sweep_delay":{"value":1,"unit":""},"bias_direction":{"value":0,"unit":""},"max_reverse_bias":{"value":-0.2,"unit":""},"max_forward_bias":{"value":1.3,"unit":""},"num_sweep_points":{"value":31,"unit":""},"dwell_time":{"value":0,"unit":""},"current_limit":{"value":100,"unit":""},"pviv_10a_i_amp":{"value":0,"unit":""},"average":{"value":1,"unit":""},"dark_current":{"value":0,"unit":""},"rshunt_v_lo":{"value":-0.2,"unit":""},"rshunt_v_hi":{"value":0.2,"unit":""},"voc":{"value":1.10519865,"unit":"V"},"isc":{"value":0.00105043,"unit":"A"},"jsc":{"value":22.63861383,"unit":"mA\/cm2"},"imax":{"value":0.00096796,"unit":"A"},"vmax":{"value":0.9409467,"unit":"V"},"pmax":{"value":0.91079768,"unit":"mW"},"fill_factor":{"value":78.4538,"unit":"%"},"efficiency":{"value":19.6293,"unit":"%"},"r_at_voc":{"value":50.018067,"unit":""},"r_at_isc":{"value":37383.178,"unit":""},"power":{"value":0.00108046,"unit":"W"},"rshunt":{"value":"NaN","unit":"ohm"},"cell_temp_start":{"value":"NaN","unit":""},"cell_temp_end":{"value":"NaN","unit":""},"exposure":{"value":3.849,"unit":""},"time":{"value":"19:23:10","unit":""},"date":{"value":"04\/03\/2023","unit":""},"V":{"value":[1.3,1.25,1.2,1.15,1.1,1.05,1,0.95,0.9,0.85,0.8,0.75,0.7,0.65,0.6,0.55,0.5,0.45,0.4,0.35,0.3,0.25,0.2,0.15,0.1,0.05,0,-0.05,-0.1,-0.15,-0.2],"unit":"V"},"I":{"value":[-0.00606519,-0.00391732,-0.00215837,-0.0008957,0.00010394,0.0006148,0.00086113,0.0009578,0.0009967,0.00101076,0.00101757,0.00102301,0.00102757,0.00102831,0.00103014,0.00103308,0.00103676,0.0010368,0.00103776,0.00104021,0.00104213,0.00104323,0.00104448,0.00104518,0.00104741,0.00104963,0.00105466,0.0010535,0.0010525,0.00105379,0.00105353],"unit":"A"},"J":{"unit":"A\/cm2","value":[-0.13071530172413792,-0.08442500000000001,-0.046516594827586216,-0.01930387931034483,0.0022400862068965516,0.013250000000000001,0.018558836206896554,0.020642241379310346,0.021480603448275865,0.021783620689655177,0.021930387931034485,0.02204762931034483,0.022145905172413795,0.022161853448275863,0.022201293103448275,0.022264655172413796,0.022343965517241382,0.0223448275862069,0.02236551724137931,0.022418318965517242,0.022459698275862073,0.022483405172413796,0.02251034482758621,0.02252543103448276,0.022573491379310345,0.02262133620689655,0.022729741379310348,0.022704741379310344,0.022683189655172416,0.022710991379310347,0.022705387931034486]},"cell_dimension":{"value":0.0464,"unit":"cm2"},"sweep_direction":{"unit":"","value":"Forward"},"key":"FORWARD 44 MeO VAC REF_20230403"},{"sample_area":{"value":0.0464,"unit":"cm2"},"irradiance":{"value":1,"unit":""},"pre_sweep_delay":{"value":1,"unit":""},"bias_direction":{"value":0,"unit":""},"max_reverse_bias":{"value":-0.2,"unit":""},"max_forward_bias":{"value":1.3,"unit":""},"num_sweep_points":{"value":31,"unit":""},"dwell_time":{"value":0,"unit":""},"current_limit":{"value":100,"unit":""},"pviv_10a_i_amp":{"value":0,"unit":""},"average":{"value":1,"unit":""},"dark_current":{"value":0,"unit":""},"rshunt_v_lo":{"value":-0.2,"unit":""},"rshunt_v_hi":{"value":0.2,"unit":""},"voc":{"value":1.09601432,"unit":"V"},"isc":{"value":0.0010527,"unit":"A"},"jsc":{"value":22.68747864,"unit":"mA\/cm2"},"imax":{"value":0.00095834,"unit":"A"},"vmax":{"value":0.92790925,"unit":"V"},"pmax":{"value":0.88925504,"unit":"mW"},"fill_factor":{"value":77.0736,"unit":"%"},"efficiency":{"value":19.165,"unit":"%"},"r_at_voc":{"value":93.803007,"unit":""},"r_at_isc":{"value":43208.082,"unit":""},"power":{"value":0.00106547,"unit":"W"},"rshunt":{"value":"NaN","unit":"ohm"},"cell_temp_start":{"value":"NaN","unit":""},"cell_temp_end":{"value":"NaN","unit":""},"exposure":{"value":4.024,"unit":""},"time":{"value":"19:22:43","unit":""},"date":{"value":"04\/03\/2023","unit":""},"V":{"value":[1.3,1.25,1.2,1.15,1.1,1.05,1,0.95,0.9,0.85,0.8,0.75,0.7,0.65,0.6,0.55,0.5,0.45,0.4,0.35,0.3,0.25,0.2,0.15,0.1,0.05,0,-0.05,-0.1,-0.15,-0.2],"unit":"V"},"I":{"value":[-0.00467721,-0.00316208,-0.00186281,-0.00084405,-4.249e-5,0.00049054,0.00080139,0.00092975,0.00098043,0.0010005,0.00101148,0.00101829,0.00102391,0.00102819,0.00103262,0.00103379,0.00103612,0.00103845,0.00104258,0.0010427,0.00104445,0.00104711,0.00104862,0.0010494,0.0010524,0.00105056,0.00105121,0.00105562,0.00105437,0.00105654,0.00105666],"unit":"A"},"J":{"unit":"A\/cm2","value":[-0.10080193965517242,-0.06814827586206897,-0.04014676724137931,-0.01819073275862069,-0.0009157327586206898,0.010571982758620691,0.017271336206896554,0.020037715517241383,0.021129956896551727,0.021562500000000002,0.021799137931034482,0.021945905172413797,0.02206702586206897,0.022159267241379312,0.022254741379310345,0.022279956896551725,0.022330172413793103,0.022380387931034484,0.022469396551724138,0.02247198275862069,0.022509698275862067,0.022567025862068966,0.022599568965517246,0.02261637931034483,0.02268103448275862,0.02264137931034483,0.02265538793103448,0.02275043103448276,0.022723491379310345,0.022770258620689654,0.02277284482758621]},"cell_dimension":{"value":0.0464,"unit":"cm2"},"sweep_direction":{"unit":"","value":"Forward"},"key":"FORWARD 43 MeO VAC REF_20230403"},{"sample_area":{"value":0.0464,"unit":"cm2"},"irradiance":{"value":1,"unit":""},"pre_sweep_delay":{"value":1,"unit":""},"bias_direction":{"value":0,"unit":""},"max_reverse_bias":{"value":-0.2,"unit":""},"max_forward_bias":{"value":1.3,"unit":""},"num_sweep_points":{"value":31,"unit":""},"dwell_time":{"value":0,"unit":""},"current_limit":{"value":100,"unit":""},"pviv_10a_i_amp":{"value":0,"unit":""},"average":{"value":1,"unit":""},"dark_current":{"value":0,"unit":""},"rshunt_v_lo":{"value":-0.2,"unit":""},"rshunt_v_hi":{"value":0.2,"unit":""},"voc":{"value":1.09330416,"unit":"V"},"isc":{"value":0.00106499,"unit":"A"},"jsc":{"value":22.95235756,"unit":"mA\/cm2"},"imax":{"value":0.00096961,"unit":"A"},"vmax":{"value":0.92617092,"unit":"V"},"pmax":{"value":0.89802453,"unit":"mW"},"fill_factor":{"value":77.1262,"unit":"%"},"efficiency":{"value":19.354,"unit":"%"},"r_at_voc":{"value":90.440227,"unit":""},"r_at_isc":{"value":39805.172,"unit":""},"power":{"value":0.00107506,"unit":"W"},"rshunt":{"value":"NaN","unit":"ohm"},"cell_temp_start":{"value":"NaN","unit":""},"cell_temp_end":{"value":"NaN","unit":""},"exposure":{"value":4.022,"unit":""},"time":{"value":"19:22:25","unit":""},"date":{"value":"04\/03\/2023","unit":""},"V":{"value":[1.3,1.25,1.2,1.15,1.1,1.05,1,0.95,0.9,0.85,0.8,0.75,0.7,0.65,0.6,0.55,0.5,0.45,0.4,0.35,0.3,0.25,0.2,0.15,0.1,0.05,0,-0.05,-0.1,-0.15,-0.2],"unit":"V"},"I":{"value":[-0.00466253,-0.00317865,-0.00189784,-0.00088572,-7.404e-5,0.00047882,0.00080313,0.00093765,0.00099074,0.00101029,0.00102139,0.00102796,0.00103345,0.00103893,0.00104396,0.00104586,0.00104841,0.00104994,0.00104994,0.00105616,0.00105773,0.00105834,0.00105851,0.00106131,0.00106253,0.00106502,0.00106635,0.00106664,0.00106624,0.00106945,0.00106894],"unit":"A"},"J":{"unit":"A\/cm2","value":[-0.10048556034482758,-0.06850538793103449,-0.040901724137931035,-0.019088793103448277,-0.001595689655172414,0.010319396551724138,0.017308836206896553,0.020207974137931038,0.021352155172413793,0.021773491379310346,0.022012715517241384,0.02215431034482759,0.02227262931034483,0.02239073275862069,0.022499137931034485,0.022540086206896553,0.02259504310344828,0.022628017241379313,0.022628017241379313,0.022762068965517242,0.022795905172413793,0.022809051724137934,0.02281271551724138,0.022873060344827587,0.02289935344827586,0.022953017241379315,0.02298168103448276,0.02298793103448276,0.022979310344827586,0.023048491379310348,0.023037500000000002]},"cell_dimension":{"value":0.0464,"unit":"cm2"},"sweep_direction":{"unit":"","value":"Forward"},"key":"FORWARD 42 MeO VAC REF_20230403"},{"sample_area":{"value":0.0464,"unit":"cm2"},"irradiance":{"value":1,"unit":""},"pre_sweep_delay":{"value":1,"unit":""},"bias_direction":{"value":0,"unit":""},"max_reverse_bias":{"value":-0.2,"unit":""},"max_forward_bias":{"value":1.3,"unit":""},"num_sweep_points":{"value":31,"unit":""},"dwell_time":{"value":0,"unit":""},"current_limit":{"value":100,"unit":""},"pviv_10a_i_amp":{"value":0,"unit":""},"average":{"value":1,"unit":""},"dark_current":{"value":0,"unit":""},"rshunt_v_lo":{"value":-0.2,"unit":""},"rshunt_v_hi":{"value":0.2,"unit":""},"voc":{"value":1.08981482,"unit":"V"},"isc":{"value":0.00107445,"unit":"A"},"jsc":{"value":23.15621434,"unit":"mA\/cm2"},"imax":{"value":0.0009799,"unit":"A"},"vmax":{"value":0.93196701,"unit":"V"},"pmax":{"value":0.91323741,"unit":"mW"},"fill_factor":{"value":77.9912,"unit":"%"},"efficiency":{"value":19.6818,"unit":"%"},"r_at_voc":{"value":72.271923,"unit":""},"r_at_isc":{"value":41140.566,"unit":""},"power":{"value":0.00109054,"unit":"W"},"rshunt":{"value":"NaN","unit":"ohm"},"cell_temp_start":{"value":"NaN","unit":""},"cell_temp_end":{"value":"NaN","unit":""},"exposure":{"value":3.955,"unit":""},"time":{"value":"19:22:08","unit":""},"date":{"value":"04\/03\/2023","unit":""},"V":{"value":[1.3,1.25,1.2,1.15,1.1,1.05,1,0.95,0.9,0.85,0.8,0.75,0.7,0.65,0.6,0.55,0.5,0.45,0.4,0.35,0.3,0.25,0.2,0.15,0.1,0.05,0,-0.05,-0.1,-0.15,-0.2],"unit":"V"},"I":{"value":[-0.00700259,-0.00452847,-0.00254854,-0.00104686,-0.00014093,0.0005509,0.00083793,0.00095727,0.00100512,0.00102571,0.00103724,0.00104196,0.00104773,0.00104994,0.00105538,0.00105517,0.00105822,0.00106071,0.00106191,0.00106394,0.00106538,0.00106891,0.00107108,0.00107179,0.00107089,0.00107267,0.00107422,0.00107823,0.00107568,0.0010773,0.00107941],"unit":"A"},"J":{"unit":"A\/cm2","value":[-0.1509178879310345,-0.09759633620689655,-0.05492543103448277,-0.022561637931034485,-0.0030372844827586207,0.011872844827586208,0.018058836206896554,0.02063081896551724,0.021662068965517242,0.022105818965517242,0.02235431034482759,0.02245603448275862,0.022580387931034483,0.022628017241379313,0.022745258620689657,0.02274073275862069,0.02280646551724138,0.02286012931034483,0.022885991379310345,0.022929741379310347,0.02296077586206897,0.023036853448275864,0.023083620689655176,0.023098922413793105,0.023079525862068965,0.023117887931034482,0.023151293103448278,0.023237715517241377,0.023182758620689657,0.023217672413793106,0.02326314655172414]},"cell_dimension":{"value":0.0464,"unit":"cm2"},"sweep_direction":{"unit":"","value":"Forward"},"key":"FORWARD 41 MeO VAC REF_20230403"},{"sample_area":{"value":0.0464,"unit":"cm2"},"irradiance":{"value":1,"unit":""},"pre_sweep_delay":{"value":1,"unit":""},"bias_direction":{"value":0,"unit":""},"max_reverse_bias":{"value":-0.2,"unit":""},"max_forward_bias":{"value":1.3,"unit":""},"num_sweep_points":{"value":31,"unit":""},"dwell_time":{"value":0,"unit":""},"current_limit":{"value":100,"unit":""},"pviv_10a_i_amp":{"value":0,"unit":""},"average":{"value":1,"unit":""},"dark_current":{"value":0,"unit":""},"rshunt_v_lo":{"value":-0.2,"unit":""},"rshunt_v_hi":{"value":0.2,"unit":""},"voc":{"value":1.09777709,"unit":"V"},"isc":{"value":0.00100888,"unit":"A"},"jsc":{"value":21.74316418,"unit":"mA\/cm2"},"imax":{"value":0.00092181,"unit":"A"},"vmax":{"value":0.94348635,"unit":"V"},"pmax":{"value":0.86971121,"unit":"mW"},"fill_factor":{"value":78.5272,"unit":"%"},"efficiency":{"value":18.7438,"unit":"%"},"r_at_voc":{"value":91.25613,"unit":""},"r_at_isc":{"value":56065.24,"unit":""},"power":{"value":0.00102928,"unit":"W"},"rshunt":{"value":"NaN","unit":"ohm"},"cell_temp_start":{"value":"NaN","unit":""},"cell_temp_end":{"value":"NaN","unit":""},"exposure":{"value":3.9,"unit":""},"time":{"value":"19:21:23","unit":""},"date":{"value":"04\/03\/2023","unit":""},"V":{"value":[1.3,1.25,1.2,1.15,1.1,1.05,1,0.95,0.9,0.85,0.8,0.75,0.7,0.65,0.6,0.55,0.5,0.45,0.4,0.35,0.3,0.25,0.2,0.15,0.1,0.05,0,-0.05,-0.1,-0.15,-0.2],"unit":"V"},"I":{"value":[-0.00577771,-0.00379049,-0.00214278,-0.00092518,-2.436e-5,0.00052355,0.00081502,0.00091496,0.00094932,0.00096493,0.00097428,0.00097923,0.00098311,0.00098595,0.00099016,0.00099058,0.00099311,0.00099638,0.00099876,0.00099922,0.00100308,0.00100476,0.00100526,0.00100744,0.00100573,0.00100738,0.00101015,0.00101033,0.00100986,0.00101092,0.00101298],"unit":"A"},"J":{"unit":"A\/cm2","value":[-0.12451961206896553,-0.08169159482758621,-0.04618060344827586,-0.019939224137931033,-0.0005250000000000001,0.011283405172413795,0.017565086206896553,0.019718965517241383,0.02045948275862069,0.020795905172413795,0.02099741379310345,0.021104094827586208,0.02118771551724138,0.021248922413793104,0.021339655172413794,0.021348706896551727,0.021403232758620692,0.021473706896551727,0.021525000000000002,0.02153491379310345,0.021618103448275864,0.021654310344827586,0.021665086206896552,0.021712068965517244,0.021675215517241383,0.021710775862068966,0.021770474137931036,0.021774353448275864,0.021764224137931037,0.021787068965517242,0.02183146551724138]},"cell_dimension":{"value":0.0464,"unit":"cm2"},"sweep_direction":{"unit":"","value":"Forward"},"key":"FORWARD 34 MeO VAC REF_20230403"},{"sample_area":{"value":0.0464,"unit":"cm2"},"irradiance":{"value":1,"unit":""},"pre_sweep_delay":{"value":1,"unit":""},"bias_direction":{"value":0,"unit":""},"max_reverse_bias":{"value":-0.2,"unit":""},"max_forward_bias":{"value":1.3,"unit":""},"num_sweep_points":{"value":31,"unit":""},"dwell_time":{"value":0,"unit":""},"current_limit":{"value":100,"unit":""},"pviv_10a_i_amp":{"value":0,"unit":""},"average":{"value":1,"unit":""},"dark_current":{"value":0,"unit":""},"rshunt_v_lo":{"value":-0.2,"unit":""},"rshunt_v_hi":{"value":0.2,"unit":""},"voc":{"value":1.09878319,"unit":"V"},"isc":{"value":0.00100797,"unit":"A"},"jsc":{"value":21.72341987,"unit":"mA\/cm2"},"imax":{"value":0.00092048,"unit":"A"},"vmax":{"value":0.93101594,"unit":"V"},"pmax":{"value":0.85697989,"unit":"mW"},"fill_factor":{"value":77.3771,"unit":"%"},"efficiency":{"value":18.4694,"unit":"%"},"r_at_voc":{"value":101.605575,"unit":""},"r_at_isc":{"value":38242.513,"unit":""},"power":{"value":0.00102192,"unit":"W"},"rshunt":{"value":"NaN","unit":"ohm"},"cell_temp_start":{"value":"NaN","unit":""},"cell_temp_end":{"value":"NaN","unit":""},"exposure":{"value":4.099,"unit":""},"time":{"value":"19:21:11","unit":""},"date":{"value":"04\/03\/2023","unit":""},"V":{"value":[1.3,1.25,1.2,1.15,1.1,1.05,1,0.95,0.9,0.85,0.8,0.75,0.7,0.65,0.6,0.55,0.5,0.45,0.4,0.35,0.3,0.25,0.2,0.15,0.1,0.05,0,-0.05,-0.1,-0.15,-0.2],"unit":"V"},"I":{"value":[-0.00374554,-0.00257331,-0.00154397,-0.00070249,-1.198e-5,0.00048012,0.00077648,0.00089749,0.00094304,0.00096071,0.00096985,0.00097761,0.00098082,0.00098273,0.00098527,0.00098914,0.00099055,0.00099373,0.00099442,0.00099737,0.00099889,0.00100339,0.00100262,0.0010036,0.00100468,0.00100788,0.00100766,0.00100945,0.0010094,0.00101158,0.00101409],"unit":"A"},"J":{"unit":"A\/cm2","value":[-0.08072284482758621,-0.05545926724137932,-0.03327521551724138,-0.015139870689655173,-0.0002581896551724138,0.010347413793103449,0.01673448275862069,0.019342456896551726,0.020324137931034485,0.020704956896551725,0.020901939655172414,0.021069181034482763,0.02113836206896552,0.021179525862068966,0.02123426724137931,0.021317672413793103,0.02134806034482759,0.02141659482758621,0.021431465517241382,0.02149504310344828,0.021527801724137936,0.021624784482758622,0.021608189655172416,0.02162931034482759,0.021652586206896553,0.021721551724137932,0.02171681034482759,0.021755387931034487,0.021754310344827586,0.021801293103448277,0.021855387931034486]},"cell_dimension":{"value":0.0464,"unit":"cm2"},"sweep_direction":{"unit":"","value":"Forward"},"key":"FORWARD 33 MeO VAC REF_20230403"},{"sample_area":{"value":0.0464,"unit":"cm2"},"irradiance":{"value":1,"unit":""},"pre_sweep_delay":{"value":1,"unit":""},"bias_direction":{"value":0,"unit":""},"max_reverse_bias":{"value":-0.2,"unit":""},"max_forward_bias":{"value":1.3,"unit":""},"num_sweep_points":{"value":31,"unit":""},"dwell_time":{"value":0,"unit":""},"current_limit":{"value":100,"unit":""},"pviv_10a_i_amp":{"value":0,"unit":""},"average":{"value":1,"unit":""},"dark_current":{"value":0,"unit":""},"rshunt_v_lo":{"value":-0.2,"unit":""},"rshunt_v_hi":{"value":0.2,"unit":""},"voc":{"value":1.09317217,"unit":"V"},"isc":{"value":0.00100593,"unit":"A"},"jsc":{"value":21.67960266,"unit":"mA\/cm2"},"imax":{"value":0.00092152,"unit":"A"},"vmax":{"value":0.9345429,"unit":"V"},"pmax":{"value":0.86120425,"unit":"mW"},"fill_factor":{"value":78.3156,"unit":"%"},"efficiency":{"value":18.5604,"unit":"%"},"r_at_voc":{"value":89.890948,"unit":""},"r_at_isc":{"value":44866.461,"unit":""},"power":{"value":0.00102183,"unit":"W"},"rshunt":{"value":"NaN","unit":"ohm"},"cell_temp_start":{"value":"NaN","unit":""},"cell_temp_end":{"value":"NaN","unit":""},"exposure":{"value":3.902,"unit":""},"time":{"value":"19:20:20","unit":""},"date":{"value":"04\/03\/2023","unit":""},"V":{"value":[1.3,1.25,1.2,1.15,1.1,1.05,1,0.95,0.9,0.85,0.8,0.75,0.7,0.65,0.6,0.55,0.5,0.45,0.4,0.35,0.3,0.25,0.2,0.15,0.1,0.05,0,-0.05,-0.1,-0.15,-0.2],"unit":"V"},"I":{"value":[-0.00483166,-0.00330201,-0.00197642,-0.00091409,-7.596e-5,0.00048027,0.00078827,0.00090345,0.00094542,0.00096152,0.000973,0.0009788,0.00098111,0.00098453,0.00098809,0.00098934,0.00099205,0.0009948,0.00099732,0.00099687,0.00099928,0.00100126,0.00100052,0.00100191,0.00100449,0.00100382,0.00100639,0.00100918,0.00100673,0.00100811,0.00101131],"unit":"A"},"J":{"unit":"A\/cm2","value":[-0.10413060344827586,-0.07116400862068967,-0.042595258620689656,-0.019700215517241382,-0.0016370689655172414,0.010350646551724138,0.016988577586206897,0.019470905172413795,0.02037543103448276,0.02072241379310345,0.0209698275862069,0.021094827586206896,0.02114461206896552,0.021218318965517242,0.021295043103448277,0.02132198275862069,0.021380387931034483,0.021439655172413793,0.021493965517241382,0.02148426724137931,0.021536206896551724,0.02157887931034483,0.02156293103448276,0.021592887931034484,0.021648491379310346,0.021634051724137935,0.021689439655172414,0.021749568965517243,0.02169676724137931,0.021726508620689658,0.021795474137931037]},"cell_dimension":{"value":0.0464,"unit":"cm2"},"sweep_direction":{"unit":"","value":"Forward"},"key":"FORWARD 32 MeO VAC REF_20230403"},{"sample_area":{"value":0.0464,"unit":"cm2"},"irradiance":{"value":1,"unit":""},"pre_sweep_delay":{"value":1,"unit":""},"bias_direction":{"value":0,"unit":""},"max_reverse_bias":{"value":-0.2,"unit":""},"max_forward_bias":{"value":1.3,"unit":""},"num_sweep_points":{"value":31,"unit":""},"dwell_time":{"value":0,"unit":""},"current_limit":{"value":100,"unit":""},"pviv_10a_i_amp":{"value":0,"unit":""},"average":{"value":1,"unit":""},"dark_current":{"value":0,"unit":""},"rshunt_v_lo":{"value":-0.2,"unit":""},"rshunt_v_hi":{"value":0.2,"unit":""},"voc":{"value":1.09112639,"unit":"V"},"isc":{"value":0.00101634,"unit":"A"},"jsc":{"value":21.90393456,"unit":"mA\/cm2"},"imax":{"value":0.00094058,"unit":"A"},"vmax":{"value":0.93611458,"unit":"V"},"pmax":{"value":0.88048951,"unit":"mW"},"fill_factor":{"value":79.3979,"unit":"%"},"efficiency":{"value":18.9761,"unit":"%"},"r_at_voc":{"value":75.475059,"unit":""},"r_at_isc":{"value":58273.823,"unit":""},"power":{"value":0.00104002,"unit":"W"},"rshunt":{"value":"NaN","unit":"ohm"},"cell_temp_start":{"value":"NaN","unit":""},"cell_temp_end":{"value":"NaN","unit":""},"exposure":{"value":3.859,"unit":""},"time":{"value":"19:19:43","unit":""},"date":{"value":"04\/03\/2023","unit":""},"V":{"value":[1.3,1.25,1.2,1.15,1.1,1.05,1,0.95,0.9,0.85,0.8,0.75,0.7,0.65,0.6,0.55,0.5,0.45,0.4,0.35,0.3,0.25,0.2,0.15,0.1,0.05,0,-0.05,-0.1,-0.15,-0.2],"unit":"V"},"I":{"value":[-0.00677809,-0.00442748,-0.00251001,-0.00102904,-0.00011757,0.0005449,0.00081556,0.00092449,0.00096627,0.00098266,0.00099016,0.00099642,0.000999,0.00100258,0.00100198,0.00100449,0.00100811,0.00100793,0.00100828,0.00100942,0.00101176,0.0010119,0.00101211,0.00101351,0.00101406,0.00101502,0.0010162,0.0010193,0.00102076,0.00101749,0.00101823],"unit":"A"},"J":{"unit":"A\/cm2","value":[-0.14607952586206896,-0.0954198275862069,-0.05409504310344828,-0.02217758620689655,-0.002533836206896552,0.011743534482758621,0.017576724137931037,0.019924353448275863,0.02082478448275862,0.021178017241379313,0.021339655172413794,0.021474568965517242,0.021530172413793108,0.0216073275862069,0.02159439655172414,0.021648491379310346,0.021726508620689658,0.02172262931034483,0.021730172413793106,0.021754741379310348,0.021805172413793105,0.021808189655172415,0.02181271551724138,0.021842887931034484,0.021854741379310347,0.021875431034482758,0.02190086206896552,0.0219676724137931,0.02199913793103448,0.02192866379310345,0.02194461206896552]},"cell_dimension":{"value":0.0464,"unit":"cm2"},"sweep_direction":{"unit":"","value":"Forward"},"key":"FORWARD 31 MeO VAC REF_20230403"}]}}