{"_id":"65364e9b01eab232eb4c8b91","id":"JBNU-SC-00190","author":98,"group":10,"input":[{"tco":{"unit":"","value":"ITO"}},{"htl":[{"material":{"unit":"","value":"NiO_Sputter"},"concentration":{"unit":"","value":"None"},"conc_unit":{"unit":"","value":"None"},"quantity":{"unit":"ml","value":"None"}}],"solvent":[{"material":{"unit":"","value":"None"},"volume":{"unit":"ml","value":"None"}},{"material":{"unit":"","value":"None"},"volume":{"unit":"ml","value":"None"}}],"htl_doping":[{"material":{"unit":"","value":"None"},"volume":{"unit":"ul","value":"None"}}],"spin_coating":[{"type":{"unit":"","value":"None"},"rpm":{"unit":"","value":"None"},"time":{"unit":"s","value":"None"}}],"vacuum_suction":[{"unit":"s","value":"None"}],"annealing":[{"temperature":{"unit":"oC","value":"300"},"time":{"unit":"m","value":"30"}}],"module":[{"type":{"unit":"","value":"None"},"gap":{"unit":"um","value":"None"},"coating_speed":{"unit":"mm\/s","value":"None"},"feeding_amount":{"unit":"ul","value":"None"}}],"thermal_evaporation":[{"vacuum_evaporation_thickness":{"unit":"nm","value":"None"},"evaporation_rate":{"unit":"\u00c5\/s","value":"None"},"vacuum_pressure":{"unit":"uTorr","value":"None"}}]},{"htl":[{"material":{"unit":"","value":"2PACz"},"concentration":{"unit":"","value":"1"},"conc_unit":{"unit":"","value":"mg\/ml"},"quantity":{"unit":"ml","value":"None"}}],"solvent":[{"material":{"unit":"","value":"Ethanol"},"volume":{"unit":"ml","value":"1"}},{"material":{"unit":"","value":"None"},"volume":{"unit":"ml","value":"None"}}],"htl_doping":[{"material":{"unit":"","value":"None"},"volume":{"unit":"ul","value":"None"}}],"spin_coating":[{"type":{"unit":"","value":"drop&run"},"rpm":{"unit":"","value":"3000"},"time":{"unit":"s","value":"50"}}],"vacuum_suction":[{"unit":"s","value":"None"}],"annealing":[{"temperature":{"unit":"oC","value":"100"},"time":{"unit":"m","value":"20"}}],"module":[{"type":{"unit":"","value":"None"},"gap":{"unit":"um","value":"None"},"coating_speed":{"unit":"mm\/s","value":"None"},"feeding_amount":{"unit":"ul","value":"None"}}],"thermal_evaporation":[{"vacuum_evaporation_thickness":{"unit":"nm","value":"None"},"evaporation_rate":{"unit":"\u00c5\/s","value":"None"},"vacuum_pressure":{"unit":"uTorr","value":"None"}}]},{"perovskite":{"method":{"unit":"","value":"1-step"},"molarity":{"unit":"M","value":"1.45"},"a_site":[{"material":{"unit":"","value":"Cs"},"ratio":{"unit":"","value":"0.175"}},{"material":{"unit":"","value":"FA"},"ratio":{"unit":"","value":"0.825"}}],"b_site":[{"material":{"unit":"","value":"Pb"},"ratio":{"unit":"","value":"1"}}],"x_site":[{"material":{"unit":"","value":"I"},"ratio":{"unit":"","value":"2.55"}},{"material":{"unit":"","value":"Br"},"ratio":{"unit":"","value":"0.45"}}],"solvent":[{"material":{"unit":"","value":"DMF"},"volume":{"unit":"ml","value":"0.8"}},{"material":{"unit":"","value":"DMSO"},"volume":{"unit":"ml","value":"0.2"}}],"additive":[{"material":{"unit":"","value":"None"},"solvent":{"unit":"","value":"None"},"concentration":{"unit":"","value":"None"},"conc_unit":{"unit":"","value":"None"},"quantity":{"unit":"mol%","value":"None"}}],"stirring_time":[{"unit":"m","value":"120"}],"antisolvent":[{"material":{"unit":"","value":"DCB"},"quantity":{"unit":"ul","value":"200"},"dripping_time":{"unit":"s","value":"15"}}],"spin_coating":[{"type":{"unit":"","value":"drop&run"},"rpm":{"unit":"","value":"1000\/5000"},"time":{"unit":"s","value":"15\/45"}}],"vacuum_suction":[{"unit":"s","value":"None"}],"annealing":[{"temperature":{"unit":"oC","value":"100"},"time":{"unit":"m","value":"30"}}],"atmosphere":[{"type":{"unit":"","value":"N2"},"temperature":{"unit":"oC","value":"28"},"humidity":{"unit":"RH%","value":"0"}}],"assist":[{"type":{"unit":"","value":"None"},"temperature":{"unit":"oC","value":"None"},"assist_start_time":{"value":null,"unit":"s"},"total_assist_time":{"value":"None","unit":"s"}}],"module":[{"type":{"unit":"","value":"None"},"gap":{"unit":"um","value":"None"},"coating_speed":{"unit":"mm\/s","value":"None"},"feeding_amount":{"unit":"ul","value":"None"}}],"thermal_evaporation":[{"vacuum_evaporation_thickness":{"unit":"nm","value":"None"},"evaporation_rate":{"unit":"\u00c5\/s","value":"None"},"vacuum_pressure":{"unit":"uTorr","value":"None"}}]}},{"perovskite_treatment":[{"material":{"unit":"","value":"None"},"concentration":{"unit":"","value":"None"},"conc_unit":{"unit":"","value":"None"},"quantity":{"unit":"ml","value":"None"}}],"solvent":[{"material":{"unit":"","value":"None"},"volume":{"unit":"ml","value":"None"}},{"material":{"unit":"","value":"None"},"volume":{"unit":"ml","value":"None"}}],"spin_coating":[{"type":{"unit":"","value":"None"},"rpm":{"unit":"","value":"None"},"time":{"unit":"s","value":"None"}}],"vacuum_suction":[{"unit":"s","value":"None"}],"annealing":[{"temperature":{"unit":"oC","value":"None"},"time":{"unit":"m","value":"None"}}],"module":[{"type":{"unit":"","value":"None"},"gap":{"unit":"um","value":"None"},"coating_speed":{"unit":"mm\/s","value":"None"},"feeding_amount":{"unit":"ul","value":"None"}}],"thermal_evaporation":[{"vacuum_evaporation_thickness":{"unit":"nm","value":"None"},"evaporation_rate":{"unit":"\u00c5\/s","value":"None"},"vacuum_pressure":{"unit":"uTorr","value":"None"}}]},{"etl":[{"material":{"unit":"","value":"PC60BM"},"concentration":{"unit":"","value":"20"},"conc_unit":{"unit":"","value":"mg\/ml"},"quantity":{"unit":"ml","value":"0.03"}}],"solvent":[{"material":{"unit":"","value":"DCB"},"volume":{"unit":"ml","value":"1"}},{"material":{"unit":"","value":"None"},"volume":{"unit":"ml","value":"None"}}],"spin_coating":[{"type":{"unit":"","value":"drop&run"},"rpm":{"unit":"","value":"6000"},"time":{"unit":"s","value":"50"}}],"vacuum_suction":[{"unit":"s","value":"None"}],"annealing":[{"temperature":{"unit":"oC","value":"100"},"time":{"unit":"m","value":"10"}}],"etl_doping":[{"material":{"unit":"","value":"None"},"volume":{"unit":"ul","value":"None"}}],"module":[{"type":{"unit":"","value":"None"},"gap":{"unit":"um","value":"None"},"coating_speed":{"unit":"mm\/s","value":"None"},"feeding_amount":{"unit":"ul","value":"None"}}],"thermal_evaporation":[{"vacuum_evaporation_thickness":{"unit":"nm","value":"None"},"evaporation_rate":{"unit":"\u00c5\/s","value":"None"},"vacuum_pressure":{"unit":"uTorr","value":"None"}}]},{"blocking_buffer_layer":[{"material":{"unit":"","value":"ZnO"},"concentration":{"unit":"","value":"2.5"},"conc_unit":{"unit":"","value":"wt%"},"quantity":{"unit":"ml","value":"0.03"}}],"solvent":[{"material":{"unit":"","value":"IPA"},"volume":{"unit":"ml","value":"1"}},{"material":{"unit":"","value":"None"},"volume":{"unit":"ml","value":"None"}}],"spin_coating":[{"type":{"unit":"","value":"drop&run"},"rpm":{"unit":"","value":"1000\/8000"},"time":{"unit":"s","value":"15\/40"}}],"vacuum_suction":[{"unit":"s","value":"None"}],"annealing":[{"temperature":{"unit":"oC","value":"100"},"time":{"unit":"m","value":"10"}}],"module":[{"type":{"unit":"","value":"None"},"gap":{"unit":"um","value":"None"},"coating_speed":{"unit":"mm\/s","value":"None"},"feeding_amount":{"unit":"ul","value":"None"}}],"thermal_evaporation":[{"vacuum_evaporation_thickness":{"unit":"nm","value":"None"},"evaporation_rate":{"unit":"\u00c5\/s","value":"None"},"vacuum_pressure":{"unit":"uTorr","value":"None"}}]},{"anode_metal":{"unit":"","value":"Ag"}},{"note":{"unit":"","value":"-"},"ar":{"unit":"","value":"0"},"type":{"unit":"","value":"unit_cell"},"device_type":{"unit":"","value":"p-i-n"},"temperature":{"unit":"\u2103","value":"25"},"humidity":{"unit":"%","value":"40"},"cell_dimension":{"unit":"cm2","value":"0.0464"}}],"fileinfo":[{"key":"Forward 31 2PACz_20230315","uploadType":"JV","original_name":"Forward 31 2PACz_20230315-172236.txt","save_name":"JBNU-SC-00190\/Forward 31 2PACz_20230315","uploader":98,"fileType":""},{"key":"Forward 32 2PACz_20230315","uploadType":"JV","original_name":"Forward 32 2PACz_20230315-172259.txt","save_name":"JBNU-SC-00190\/Forward 32 2PACz_20230315","uploader":98,"fileType":""},{"key":"Forward 33 2PACz_20230315","uploadType":"JV","original_name":"Forward 33 2PACz_20230315-172321.txt","save_name":"JBNU-SC-00190\/Forward 33 2PACz_20230315","uploader":98,"fileType":""},{"key":"Forward 34 2PACz_20230315","uploadType":"JV","original_name":"Forward 34 2PACz_20230315-172347.txt","save_name":"JBNU-SC-00190\/Forward 34 2PACz_20230315","uploader":98,"fileType":""},{"key":"Forward 41 2PACz_20230315","uploadType":"JV","original_name":"Forward 41 2PACz_20230315-172429.txt","save_name":"JBNU-SC-00190\/Forward 41 2PACz_20230315","uploader":98,"fileType":""},{"key":"Forward 42 2PACz_20230315","uploadType":"JV","original_name":"Forward 42 2PACz_20230315-172502.txt","save_name":"JBNU-SC-00190\/Forward 42 2PACz_20230315","uploader":98,"fileType":""},{"key":"Forward 43 2PACz_20230315","uploadType":"JV","original_name":"Forward 43 2PACz_20230315-172518.txt","save_name":"JBNU-SC-00190\/Forward 43 2PACz_20230315","uploader":98,"fileType":""},{"key":"Forward 44 2PACz_20230315","uploadType":"JV","original_name":"Forward 44 2PACz_20230315-172533.txt","save_name":"JBNU-SC-00190\/Forward 44 2PACz_20230315","uploader":98,"fileType":""}],"jvcnt":8,"updated_at":"2024-08-07 02:33:50","created_at":"2023-10-23 10:44:43","analysisInfo":{"JV":[{"efficiency":10.8374,"fill_factor":44.6564,"jsc":21.62025696,"voc":1.12248789,"key":"Forward 44 2PACz_20230315","cell_dimension":0.0464},{"efficiency":9.8879,"fill_factor":44.6243,"jsc":19.8023988,"voc":1.11896657,"key":"Forward 43 2PACz_20230315","cell_dimension":0.0464},{"efficiency":10.0828,"fill_factor":43.7034,"jsc":20.48960251,"voc":1.12598525,"key":"Forward 42 2PACz_20230315","cell_dimension":0.0464},{"efficiency":"NaN","fill_factor":"NaN","jsc":-9.2e-7,"voc":1.20281367,"key":"Forward 41 2PACz_20230315","cell_dimension":0.0464},{"efficiency":9.0561,"fill_factor":40.4898,"jsc":20.73938759,"voc":1.07845078,"key":"Forward 34 2PACz_20230315","cell_dimension":0.0464},{"efficiency":10.8049,"fill_factor":46.9295,"jsc":20.64112431,"voc":1.11542809,"key":"Forward 33 2PACz_20230315","cell_dimension":0.0464},{"efficiency":7.0457,"fill_factor":33.8363,"jsc":20.0504259,"voc":1.038524,"key":"Forward 32 2PACz_20230315","cell_dimension":0.0464},{"efficiency":10.859,"fill_factor":46.2531,"jsc":20.86880558,"voc":1.12499882,"key":"Forward 31 2PACz_20230315","cell_dimension":0.0464}]},"public":2,"tags":[],"analysis":{"JV":[{"sample_area":{"value":0.0464,"unit":"cm2"},"irradiance":{"value":1,"unit":""},"pre_sweep_delay":{"value":0.5,"unit":""},"bias_direction":{"value":0,"unit":""},"max_reverse_bias":{"value":-0.2,"unit":""},"max_forward_bias":{"value":1.3,"unit":""},"num_sweep_points":{"value":31,"unit":""},"dwell_time":{"value":0,"unit":""},"current_limit":{"value":100,"unit":""},"pviv_10a_i_amp":{"value":0,"unit":""},"average":{"value":1,"unit":""},"dark_current":{"value":0,"unit":""},"rshunt_v_lo":{"value":-0.2,"unit":""},"rshunt_v_hi":{"value":0.2,"unit":""},"voc":{"value":1.12248789,"unit":"V"},"isc":{"value":0.00100318,"unit":"A"},"jsc":{"value":21.62025696,"unit":"mA\/cm2"},"imax":{"value":0.00071449,"unit":"A"},"vmax":{"value":0.70380068,"unit":"V"},"pmax":{"value":0.50285668,"unit":"mW"},"fill_factor":{"value":44.6564,"unit":"%"},"efficiency":{"value":10.8374,"unit":"%"},"r_at_voc":{"value":499.048391,"unit":""},"r_at_isc":{"value":11964.624,"unit":""},"power":{"value":0.0008137,"unit":"W"},"rshunt":{"value":"NaN","unit":"ohm"},"cell_temp_start":{"value":"NaN","unit":""},"cell_temp_end":{"value":"NaN","unit":""},"exposure":{"value":3.356,"unit":""},"time":{"value":"17:25:33","unit":""},"date":{"value":"03\/15\/2023","unit":""},"V":{"value":[1.3,1.25,1.2,1.15,1.1,1.05,1,0.95,0.9,0.85,0.8,0.75,0.7,0.65,0.6,0.55,0.5,0.45,0.4,0.35,0.3,0.25,0.2,0.15,0.1,0.05,0,-0.05,-0.1,-0.15,-0.2],"unit":"V"},"I":{"value":[-0.00040401,-0.0002751,-0.00015998,-5.206e-5,5.482e-5,0.00013708,0.00024132,0.00034191,0.00042932,0.00051408,0.00059046,0.00066344,0.00071834,0.00077027,0.00082107,0.00086093,0.00089045,0.00091798,0.0009397,0.00095841,0.00096986,0.00098025,0.00098841,0.00099443,0.00099958,0.00100228,0.00100589,0.00100946,0.00101106,0.00101325,0.00101454],"unit":"A"},"J":{"unit":"A\/cm2","value":[-0.008707112068965519,-0.005928879310344829,-0.003447844827586207,-0.0011219827586206898,0.0011814655172413793,0.0029543103448275865,0.005200862068965518,0.007368750000000001,0.009252586206896552,0.011079310344827587,0.01272543103448276,0.014298275862068966,0.015481465517241381,0.01660064655172414,0.017695474137931037,0.018554525862068967,0.01919073275862069,0.01978405172413793,0.020252155172413796,0.020655387931034486,0.020902155172413794,0.0211260775862069,0.021301939655172412,0.021431681034482758,0.021542672413793103,0.021600862068965516,0.02167866379310345,0.021755603448275863,0.021790086206896556,0.021837284482758623,0.021865086206896554]},"cell_dimension":{"value":0.0464,"unit":"cm2"},"sweep_direction":{"unit":"","value":"Forward"},"key":"Forward 44 2PACz_20230315"},{"sample_area":{"value":0.0464,"unit":"cm2"},"irradiance":{"value":1,"unit":""},"pre_sweep_delay":{"value":0.5,"unit":""},"bias_direction":{"value":0,"unit":""},"max_reverse_bias":{"value":-0.2,"unit":""},"max_forward_bias":{"value":1.3,"unit":""},"num_sweep_points":{"value":31,"unit":""},"dwell_time":{"value":0,"unit":""},"current_limit":{"value":100,"unit":""},"pviv_10a_i_amp":{"value":0,"unit":""},"average":{"value":1,"unit":""},"dark_current":{"value":0,"unit":""},"rshunt_v_lo":{"value":-0.2,"unit":""},"rshunt_v_hi":{"value":0.2,"unit":""},"voc":{"value":1.11896657,"unit":"V"},"isc":{"value":0.00091883,"unit":"A"},"jsc":{"value":19.8023988,"unit":"mA\/cm2"},"imax":{"value":0.00068069,"unit":"A"},"vmax":{"value":0.67402391,"unit":"V"},"pmax":{"value":0.45880058,"unit":"mW"},"fill_factor":{"value":44.6243,"unit":"%"},"efficiency":{"value":9.8879,"unit":"%"},"r_at_voc":{"value":545.660071,"unit":""},"r_at_isc":{"value":13372.933,"unit":""},"power":{"value":0.00074019,"unit":"W"},"rshunt":{"value":"NaN","unit":"ohm"},"cell_temp_start":{"value":"NaN","unit":""},"cell_temp_end":{"value":"NaN","unit":""},"exposure":{"value":3.359,"unit":""},"time":{"value":"17:25:18","unit":""},"date":{"value":"03\/15\/2023","unit":""},"V":{"value":[1.3,1.25,1.2,1.15,1.1,1.05,1,0.95,0.9,0.85,0.8,0.75,0.7,0.65,0.6,0.55,0.5,0.45,0.4,0.35,0.3,0.25,0.2,0.15,0.1,0.05,0,-0.05,-0.1,-0.15,-0.2],"unit":"V"},"I":{"value":[-0.00037499,-0.00025776,-0.00015309,-5.353e-5,4.372e-5,0.00011868,0.00021235,0.00029932,0.00038042,0.00045676,0.00052733,0.00059619,0.00065338,0.00070381,0.00074405,0.00078266,0.00081761,0.00084282,0.00086092,0.00087716,0.00088875,0.00089856,0.00090537,0.00091043,0.00091578,0.00091894,0.00092175,0.00092433,0.00092576,0.00092746,0.00092889],"unit":"A"},"J":{"unit":"A\/cm2","value":[-0.008081681034482759,-0.005555172413793104,-0.0032993534482758627,-0.0011536637931034482,0.0009422413793103449,0.0025577586206896553,0.004576508620689656,0.006450862068965518,0.008198706896551725,0.00984396551724138,0.011364870689655174,0.012848922413793104,0.01408146551724138,0.015168318965517243,0.016035560344827587,0.016867672413793104,0.017620905172413794,0.018164224137931034,0.018554310344827588,0.018904310344827587,0.019154094827586208,0.01936551724137931,0.019512284482758623,0.019621336206896555,0.019736637931034483,0.019804741379310348,0.019865301724137932,0.019920905172413794,0.019951724137931035,0.019988362068965516,0.02001918103448276]},"cell_dimension":{"value":0.0464,"unit":"cm2"},"sweep_direction":{"unit":"","value":"Forward"},"key":"Forward 43 2PACz_20230315"},{"sample_area":{"value":0.0464,"unit":"cm2"},"irradiance":{"value":1,"unit":""},"pre_sweep_delay":{"value":0.5,"unit":""},"bias_direction":{"value":0,"unit":""},"max_reverse_bias":{"value":-0.2,"unit":""},"max_forward_bias":{"value":1.3,"unit":""},"num_sweep_points":{"value":31,"unit":""},"dwell_time":{"value":0,"unit":""},"current_limit":{"value":100,"unit":""},"pviv_10a_i_amp":{"value":0,"unit":""},"average":{"value":1,"unit":""},"dark_current":{"value":0,"unit":""},"rshunt_v_lo":{"value":-0.2,"unit":""},"rshunt_v_hi":{"value":0.2,"unit":""},"voc":{"value":1.12598525,"unit":"V"},"isc":{"value":0.00095072,"unit":"A"},"jsc":{"value":20.48960251,"unit":"mA\/cm2"},"imax":{"value":0.00069709,"unit":"A"},"vmax":{"value":0.67113952,"unit":"V"},"pmax":{"value":0.46784182,"unit":"mW"},"fill_factor":{"value":43.7034,"unit":"%"},"efficiency":{"value":10.0828,"unit":"%"},"r_at_voc":{"value":569.122088,"unit":""},"r_at_isc":{"value":12436.568,"unit":""},"power":{"value":0.0007638,"unit":"W"},"rshunt":{"value":"NaN","unit":"ohm"},"cell_temp_start":{"value":"NaN","unit":""},"cell_temp_end":{"value":"NaN","unit":""},"exposure":{"value":3.359,"unit":""},"time":{"value":"17:25:02","unit":""},"date":{"value":"03\/15\/2023","unit":""},"V":{"value":[1.3,1.25,1.2,1.15,1.1,1.05,1,0.95,0.9,0.85,0.8,0.75,0.7,0.65,0.6,0.55,0.5,0.45,0.4,0.35,0.3,0.25,0.2,0.15,0.1,0.05,0,-0.05,-0.1,-0.15,-0.2],"unit":"V"},"I":{"value":[-0.0003469,-0.00023361,-0.000134,-3.986e-5,5.459e-5,0.0001262,0.00022001,0.00030757,0.00039039,0.0004743,0.00054741,0.00060844,0.00066642,0.00071815,0.00076409,0.00080818,0.00084156,0.00086571,0.00088723,0.00090672,0.00091795,0.0009287,0.00093615,0.00094316,0.00094684,0.00095084,0.00095396,0.00095652,0.00095821,0.00095992,0.00096142],"unit":"A"},"J":{"unit":"A\/cm2","value":[-0.007476293103448276,-0.005034698275862069,-0.002887931034482759,-0.0008590517241379311,0.0011765086206896552,0.002719827586206897,0.004741594827586207,0.006628663793103449,0.008413577586206897,0.01022198275862069,0.011797629310344828,0.01311293103448276,0.014362500000000002,0.015477370689655172,0.016467456896551727,0.017417672413793106,0.018137068965517242,0.018657543103448276,0.019121336206896555,0.019541379310344827,0.019783405172413792,0.020015086206896553,0.020175646551724137,0.020326724137931036,0.02040603448275862,0.020492241379310345,0.02055948275862069,0.020614655172413794,0.0206510775862069,0.02068793103448276,0.020720258620689658]},"cell_dimension":{"value":0.0464,"unit":"cm2"},"sweep_direction":{"unit":"","value":"Forward"},"key":"Forward 42 2PACz_20230315"},{"sample_area":{"value":0.0464,"unit":"cm2"},"irradiance":{"value":1,"unit":""},"pre_sweep_delay":{"value":0.5,"unit":""},"bias_direction":{"value":0,"unit":""},"max_reverse_bias":{"value":-0.2,"unit":""},"max_forward_bias":{"value":1.3,"unit":""},"num_sweep_points":{"value":31,"unit":""},"dwell_time":{"value":0,"unit":""},"current_limit":{"value":100,"unit":""},"pviv_10a_i_amp":{"value":0,"unit":""},"average":{"value":1,"unit":""},"dark_current":{"value":0,"unit":""},"rshunt_v_lo":{"value":-0.2,"unit":""},"rshunt_v_hi":{"value":0.2,"unit":""},"voc":{"value":1.20281367,"unit":"V"},"isc":{"value":0,"unit":"A"},"jsc":{"value":-9.2e-7,"unit":"mA\/cm2"},"imax":{"value":0,"unit":"A"},"vmax":{"value":"NaN","unit":"V"},"pmax":{"value":"NaN","unit":"mW"},"fill_factor":{"value":"NaN","unit":"%"},"efficiency":{"value":"NaN","unit":"%"},"r_at_voc":{"value":321376613.545098,"unit":""},"r_at_isc":{"value":1343692305.212,"unit":""},"power":{"value":0,"unit":"W"},"rshunt":{"value":"NaN","unit":"ohm"},"cell_temp_start":{"value":"NaN","unit":""},"cell_temp_end":{"value":"NaN","unit":""},"exposure":{"value":3.139,"unit":""},"time":{"value":"17:24:29","unit":""},"date":{"value":"03\/15\/2023","unit":""},"V":{"value":[1.3,1.25,1.2,1.15,1.1,1.05,1,0.95,0.9,0.85,0.8,0.75,0.7,0.65,0.6,0.55,0.5,0.45,0.4,0.35,0.3,0.25,0.2,0.15,0.1,0.05,0,-0.05,-0.1,-0.15,-0.2],"unit":"V"},"I":{"value":[0,0,1.0e-8,0,0,0,0,0,0,1.0e-8,0,0,0,0,0,0,0,0,0,0,0,0,0,0,0,0,0,1.0e-8,0,0,0],"unit":"A"},"J":{"unit":"A\/cm2","value":[0,0,2.1551724137931036e-7,0,0,0,0,0,0,2.1551724137931036e-7,0,0,0,0,0,0,0,0,0,0,0,0,0,0,0,0,0,2.1551724137931036e-7,0,0,0]},"cell_dimension":{"value":0.0464,"unit":"cm2"},"sweep_direction":{"unit":"","value":"Forward"},"key":"Forward 41 2PACz_20230315"},{"sample_area":{"value":0.0464,"unit":"cm2"},"irradiance":{"value":1,"unit":""},"pre_sweep_delay":{"value":0.5,"unit":""},"bias_direction":{"value":0,"unit":""},"max_reverse_bias":{"value":-0.2,"unit":""},"max_forward_bias":{"value":1.3,"unit":""},"num_sweep_points":{"value":31,"unit":""},"dwell_time":{"value":0,"unit":""},"current_limit":{"value":100,"unit":""},"pviv_10a_i_amp":{"value":0,"unit":""},"average":{"value":1,"unit":""},"dark_current":{"value":0,"unit":""},"rshunt_v_lo":{"value":-0.2,"unit":""},"rshunt_v_hi":{"value":0.2,"unit":""},"voc":{"value":1.07845078,"unit":"V"},"isc":{"value":0.00096231,"unit":"A"},"jsc":{"value":20.73938759,"unit":"mA\/cm2"},"imax":{"value":0.00070693,"unit":"A"},"vmax":{"value":0.59440701,"unit":"V"},"pmax":{"value":0.42020343,"unit":"mW"},"fill_factor":{"value":40.4898,"unit":"%"},"efficiency":{"value":9.0561,"unit":"%"},"r_at_voc":{"value":844.559208,"unit":""},"r_at_isc":{"value":10312.152,"unit":""},"power":{"value":0.0006985,"unit":"W"},"rshunt":{"value":"NaN","unit":"ohm"},"cell_temp_start":{"value":"NaN","unit":""},"cell_temp_end":{"value":"NaN","unit":""},"exposure":{"value":3.352,"unit":""},"time":{"value":"17:23:47","unit":""},"date":{"value":"03\/15\/2023","unit":""},"V":{"value":[1.3,1.25,1.2,1.15,1.1,1.05,1,0.95,0.9,0.85,0.8,0.75,0.7,0.65,0.6,0.55,0.5,0.45,0.4,0.35,0.3,0.25,0.2,0.15,0.1,0.05,0,-0.05,-0.1,-0.15,-0.2],"unit":"V"},"I":{"value":[-0.00032575,-0.00021899,-0.0001405,-8.161e-5,-2.772e-5,2.951e-5,9.617e-5,0.00015689,0.00025099,0.00033884,0.00041782,0.00050221,0.00056983,0.00063526,0.00070019,0.00075359,0.00079464,0.0008339,0.00086593,0.00089496,0.00091228,0.00092855,0.00094069,0.00095104,0.00095782,0.00096297,0.00096613,0.00097037,0.0009721,0.00097338,0.00097578],"unit":"A"},"J":{"unit":"A\/cm2","value":[-0.007020474137931034,-0.004719612068965517,-0.0030280172413793107,-0.001758836206896552,-0.0005974137931034482,0.0006359913793103449,0.002072629310344828,0.00338125,0.00540926724137931,0.007302586206896552,0.009004741379310345,0.010823491379310346,0.012280818965517243,0.01369094827586207,0.01509030172413793,0.01624116379310345,0.01712586206896552,0.01797198275862069,0.018662284482758622,0.019287931034482758,0.019661206896551726,0.020011853448275864,0.020273491379310345,0.020496551724137932,0.020642672413793105,0.02075366379310345,0.020821767241379314,0.02091314655172414,0.020950431034482762,0.020978017241379314,0.021029741379310345]},"cell_dimension":{"value":0.0464,"unit":"cm2"},"sweep_direction":{"unit":"","value":"Forward"},"key":"Forward 34 2PACz_20230315"},{"sample_area":{"value":0.0464,"unit":"cm2"},"irradiance":{"value":1,"unit":""},"pre_sweep_delay":{"value":0.5,"unit":""},"bias_direction":{"value":0,"unit":""},"max_reverse_bias":{"value":-0.2,"unit":""},"max_forward_bias":{"value":1.3,"unit":""},"num_sweep_points":{"value":31,"unit":""},"dwell_time":{"value":0,"unit":""},"current_limit":{"value":100,"unit":""},"pviv_10a_i_amp":{"value":0,"unit":""},"average":{"value":1,"unit":""},"dark_current":{"value":0,"unit":""},"rshunt_v_lo":{"value":-0.2,"unit":""},"rshunt_v_hi":{"value":0.2,"unit":""},"voc":{"value":1.11542809,"unit":"V"},"isc":{"value":0.00095775,"unit":"A"},"jsc":{"value":20.64112431,"unit":"mA\/cm2"},"imax":{"value":0.00072913,"unit":"A"},"vmax":{"value":0.68759926,"unit":"V"},"pmax":{"value":0.50134788,"unit":"mW"},"fill_factor":{"value":46.9295,"unit":"%"},"efficiency":{"value":10.8049,"unit":"%"},"r_at_voc":{"value":483.763278,"unit":""},"r_at_isc":{"value":17990.23,"unit":""},"power":{"value":0.00079238,"unit":"W"},"rshunt":{"value":"NaN","unit":"ohm"},"cell_temp_start":{"value":"NaN","unit":""},"cell_temp_end":{"value":"NaN","unit":""},"exposure":{"value":3.358,"unit":""},"time":{"value":"17:23:21","unit":""},"date":{"value":"03\/15\/2023","unit":""},"V":{"value":[1.3,1.25,1.2,1.15,1.1,1.05,1,0.95,0.9,0.85,0.8,0.75,0.7,0.65,0.6,0.55,0.5,0.45,0.4,0.35,0.3,0.25,0.2,0.15,0.1,0.05,0,-0.05,-0.1,-0.15,-0.2],"unit":"V"},"I":{"value":[-0.00043333,-0.00029606,-0.0001784,-6.956e-5,4.002e-5,0.00012879,0.00023727,0.00033657,0.00042767,0.00051704,0.0005886,0.00065685,0.00071577,0.00076725,0.00081098,0.00084733,0.00087764,0.00089881,0.00091325,0.00092589,0.00093528,0.00094303,0.0009485,0.00095151,0.00095478,0.00095758,0.00095961,0.0009613,0.00096271,0.0009645,0.00096584],"unit":"A"},"J":{"unit":"A\/cm2","value":[-0.009339008620689655,-0.006380603448275863,-0.0038448275862068967,-0.001499137931034483,0.0008625000000000001,0.002775646551724138,0.0051135775862068975,0.007253663793103449,0.009217025862068967,0.011143103448275862,0.012685344827586207,0.01415625,0.015426077586206897,0.016535560344827588,0.01747801724137931,0.018261422413793103,0.018914655172413794,0.019370905172413796,0.01968211206896552,0.019954525862068966,0.02015689655172414,0.020323922413793105,0.020441810344827588,0.02050668103448276,0.020577155172413795,0.0206375,0.02068125,0.020717672413793103,0.02074806034482759,0.020786637931034482,0.02081551724137931]},"cell_dimension":{"value":0.0464,"unit":"cm2"},"sweep_direction":{"unit":"","value":"Forward"},"key":"Forward 33 2PACz_20230315"},{"sample_area":{"value":0.0464,"unit":"cm2"},"irradiance":{"value":1,"unit":""},"pre_sweep_delay":{"value":0.5,"unit":""},"bias_direction":{"value":0,"unit":""},"max_reverse_bias":{"value":-0.2,"unit":""},"max_forward_bias":{"value":1.3,"unit":""},"num_sweep_points":{"value":31,"unit":""},"dwell_time":{"value":0,"unit":""},"current_limit":{"value":100,"unit":""},"pviv_10a_i_amp":{"value":0,"unit":""},"average":{"value":1,"unit":""},"dark_current":{"value":0,"unit":""},"rshunt_v_lo":{"value":-0.2,"unit":""},"rshunt_v_hi":{"value":0.2,"unit":""},"voc":{"value":1.038524,"unit":"V"},"isc":{"value":0.00093034,"unit":"A"},"jsc":{"value":20.0504259,"unit":"mA\/cm2"},"imax":{"value":0.00060367,"unit":"A"},"vmax":{"value":0.5415541,"unit":"V"},"pmax":{"value":0.32691919,"unit":"mW"},"fill_factor":{"value":33.8363,"unit":"%"},"efficiency":{"value":7.0457,"unit":"%"},"r_at_voc":{"value":1359.112993,"unit":""},"r_at_isc":{"value":6828.804,"unit":""},"power":{"value":0.00057806,"unit":"W"},"rshunt":{"value":"NaN","unit":"ohm"},"cell_temp_start":{"value":"NaN","unit":""},"cell_temp_end":{"value":"NaN","unit":""},"exposure":{"value":3.357,"unit":""},"time":{"value":"17:22:59","unit":""},"date":{"value":"03\/15\/2023","unit":""},"V":{"value":[1.3,1.25,1.2,1.15,1.1,1.05,1,0.95,0.9,0.85,0.8,0.75,0.7,0.65,0.6,0.55,0.5,0.45,0.4,0.35,0.3,0.25,0.2,0.15,0.1,0.05,0,-0.05,-0.1,-0.15,-0.2],"unit":"V"},"I":{"value":[-0.00023393,-0.00016442,-0.00011323,-7.486e-5,-4.23e-5,-1.093e-5,2.534e-5,6.769e-5,0.0001064,0.00017247,0.00024355,0.00031554,0.00038303,0.00045326,0.00052845,0.00059407,0.00064727,0.00070767,0.00074981,0.00079214,0.00082726,0.00085737,0.00088427,0.0009004,0.00091493,0.00092609,0.00093598,0.00094495,0.00094648,0.00094992,0.00095325],"unit":"A"},"J":{"unit":"A\/cm2","value":[-0.005041594827586207,-0.003543534482758621,-0.0024403017241379312,-0.0016133620689655172,-0.0009116379310344828,-0.00023556034482758622,0.0005461206896551725,0.0014588362068965518,0.002293103448275862,0.003717025862068966,0.005248922413793104,0.0068004310344827595,0.008254956896551726,0.00976853448275862,0.011389008620689655,0.012803232758620692,0.013949784482758623,0.015251508620689656,0.01615969827586207,0.01707198275862069,0.01782887931034483,0.018477801724137932,0.019057543103448277,0.019405172413793106,0.01971831896551724,0.019958836206896553,0.020171982758620692,0.020365301724137932,0.020398275862068965,0.02047241379310345,0.02054418103448276]},"cell_dimension":{"value":0.0464,"unit":"cm2"},"sweep_direction":{"unit":"","value":"Forward"},"key":"Forward 32 2PACz_20230315"},{"sample_area":{"value":0.0464,"unit":"cm2"},"irradiance":{"value":1,"unit":""},"pre_sweep_delay":{"value":0.5,"unit":""},"bias_direction":{"value":0,"unit":""},"max_reverse_bias":{"value":-0.2,"unit":""},"max_forward_bias":{"value":1.3,"unit":""},"num_sweep_points":{"value":31,"unit":""},"dwell_time":{"value":0,"unit":""},"current_limit":{"value":100,"unit":""},"pviv_10a_i_amp":{"value":0,"unit":""},"average":{"value":1,"unit":""},"dark_current":{"value":0,"unit":""},"rshunt_v_lo":{"value":-0.2,"unit":""},"rshunt_v_hi":{"value":0.2,"unit":""},"voc":{"value":1.12499882,"unit":"V"},"isc":{"value":0.00096831,"unit":"A"},"jsc":{"value":20.86880558,"unit":"mA\/cm2"},"imax":{"value":0.00073524,"unit":"A"},"vmax":{"value":0.68529444,"unit":"V"},"pmax":{"value":0.5038579,"unit":"mW"},"fill_factor":{"value":46.2531,"unit":"%"},"efficiency":{"value":10.859,"unit":"%"},"r_at_voc":{"value":562.947728,"unit":""},"r_at_isc":{"value":17196.491,"unit":""},"power":{"value":0.00079649,"unit":"W"},"rshunt":{"value":"NaN","unit":"ohm"},"cell_temp_start":{"value":"NaN","unit":""},"cell_temp_end":{"value":"NaN","unit":""},"exposure":{"value":3.352,"unit":""},"time":{"value":"17:22:36","unit":""},"date":{"value":"03\/15\/2023","unit":""},"V":{"value":[1.3,1.25,1.2,1.15,1.1,1.05,1,0.95,0.9,0.85,0.8,0.75,0.7,0.65,0.6,0.55,0.5,0.45,0.4,0.35,0.3,0.25,0.2,0.15,0.1,0.05,0,-0.05,-0.1,-0.15,-0.2],"unit":"V"},"I":{"value":[-0.000365,-0.00023971,-0.00013592,-4.346e-5,5.159e-5,0.00012779,0.00023102,0.00033183,0.00042007,0.00050642,0.0005911,0.00066117,0.00071652,0.00077253,0.00081144,0.00085185,0.00087771,0.00090071,0.00091842,0.0009344,0.00094457,0.00095166,0.00095857,0.00096315,0.00096584,0.0009683,0.00097002,0.00097258,0.00097351,0.00097479,0.00097646],"unit":"A"},"J":{"unit":"A\/cm2","value":[-0.007866379310344828,-0.005166163793103449,-0.0029293103448275867,-0.0009366379310344828,0.001111853448275862,0.002754094827586207,0.004978879310344827,0.007151508620689656,0.00905323275862069,0.010914224137931037,0.012739224137931035,0.014249353448275862,0.015442241379310346,0.016649353448275863,0.01748793103448276,0.018358836206896552,0.018916163793103447,0.019411853448275864,0.019793534482758623,0.02013793103448276,0.02035711206896552,0.02050991379310345,0.020658836206896552,0.020757543103448278,0.02081551724137931,0.020868534482758622,0.020905603448275863,0.020960775862068966,0.020980818965517244,0.021008405172413796,0.02104439655172414]},"cell_dimension":{"value":0.0464,"unit":"cm2"},"sweep_direction":{"unit":"","value":"Forward"},"key":"Forward 31 2PACz_20230315"}]}}