{"_id":"655ac2b2201538293307e5f5","id":"JBNU-SC-00320","author":98,"group":10,"input":[{"tco":{"unit":"","value":"ITO"}},{"htl":[{"material":{"unit":"","value":"NiO_Sputter"},"concentration":{"unit":"","value":"None"},"conc_unit":{"unit":"","value":"None"},"quantity":{"unit":"ml","value":"None"}}],"solvent":[{"material":{"unit":"","value":"None"},"volume":{"unit":"ml","value":"None"}},{"material":{"unit":"","value":"None"},"volume":{"unit":"ml","value":"None"}}],"htl_doping":[{"material":{"unit":"","value":"None"},"volume":{"unit":"ul","value":"None"}}],"spin_coating":[{"type":{"unit":"","value":"None"},"rpm":{"unit":"","value":"None"},"time":{"unit":"s","value":"None"}}],"vacuum_suction":[{"unit":"s","value":"None"}],"annealing":[{"temperature":{"unit":"oC","value":"300"},"time":{"unit":"m","value":"30"}}],"module":[{"type":{"unit":"","value":"None"},"gap":{"unit":"um","value":"None"},"coating_speed":{"unit":"mm\/s","value":"None"},"feeding_amount":{"unit":"ul","value":"None"}}],"thermal_evaporation":[{"vacuum_evaporation_thickness":{"unit":"nm","value":"None"},"evaporation_rate":{"unit":"\u00c5\/s","value":"None"},"vacuum_pressure":{"unit":"uTorr","value":"None"}}]},{"htl_treatment":[{"material":{"unit":"","value":"MeO-2PACz"},"concentration":{"unit":"","value":"0.33"},"conc_unit":{"unit":"","value":"mg\/ml"},"quantity":{"unit":"ml","value":"1"}}],"solvent":[{"material":{"unit":"","value":"Ethanol"},"volume":{"unit":"ml","value":"1"}},{"material":{"unit":"","value":"None"},"volume":{"unit":"ml","value":"None"}}],"spin_coating":[{"type":{"unit":"","value":"drop&run"},"rpm":{"unit":"","value":"3000"},"time":{"unit":"s","value":"50"}}],"vacuum_suction":[{"unit":"s","value":"None"}],"annealing":[{"temperature":{"unit":"oC","value":"None"},"time":{"unit":"m","value":"None"}}],"module":[{"type":{"unit":"","value":"None"},"gap":{"unit":"um","value":"None"},"coating_speed":{"unit":"mm\/s","value":"None"},"feeding_amount":{"unit":"ul","value":"None"}}],"thermal_evaporation":[{"vacuum_evaporation_thickness":{"unit":"nm","value":"None"},"evaporation_rate":{"unit":"\u00c5\/s","value":"None"},"vacuum_pressure":{"unit":"uTorr","value":"None"}}]},{"perovskite":{"method":{"unit":"","value":"1-step"},"molarity":{"unit":"M","value":"1.45"},"a_site":[{"material":{"unit":"","value":"Cs"},"ratio":{"unit":"","value":"0.175"}},{"material":{"unit":"","value":"FA"},"ratio":{"unit":"","value":"0.825"}}],"b_site":[{"material":{"unit":"","value":"Pb"},"ratio":{"unit":"","value":"1"}},{"material":{"unit":"","value":"None"},"ratio":{"unit":"","value":"0"}}],"x_site":[{"material":{"unit":"","value":"I"},"ratio":{"unit":"","value":"2.55"}},{"material":{"unit":"","value":"Br"},"ratio":{"unit":"","value":"0.45"}}],"solvent":[{"material":{"unit":"","value":"DMF"},"volume":{"unit":"ml","value":"0.8"}},{"material":{"unit":"","value":"DMSO"},"volume":{"unit":"ml","value":"0.2"}}],"additive":[{"material":{"unit":"","value":"DAP"},"solvent":{"unit":"","value":"DMF"},"concentration":{"unit":"","value":"100"},"conc_unit":{"unit":"","value":"mg\/ml"},"quantity":{"unit":"mol%","value":"2"}}],"stirring_time":[{"unit":"m","value":"120"}],"antisolvent":[{"material":{"unit":"","value":"None"},"quantity":{"unit":"ul","value":"None"},"dripping_time":{"unit":"s","value":"None"}}],"spin_coating":[{"type":{"unit":"","value":"drop&run"},"rpm":{"unit":"","value":"4000"},"time":{"unit":"s","value":"10"}}],"vacuum_suction":[{"unit":"s","value":"60"}],"annealing":[{"temperature":{"unit":"oC","value":"100"},"time":{"unit":"m","value":"30"}}],"atmosphere":[{"type":{"unit":"","value":"N2"},"temperature":{"unit":"oC","value":"28"},"humidity":{"unit":"RH%","value":"0"}}],"assist":[{"type":{"unit":"","value":"None"},"temperature":{"unit":"oC","value":"None"},"assist_start_time":{"value":null,"unit":"s"},"total_assist_time":{"value":"None","unit":"s"}}],"module":[{"type":{"unit":"","value":"None"},"gap":{"unit":"um","value":"None"},"coating_speed":{"unit":"mm\/s","value":"None"},"feeding_amount":{"unit":"ul","value":"None"}}],"thermal_evaporation":[{"vacuum_evaporation_thickness":{"unit":"nm","value":"None"},"evaporation_rate":{"unit":"\u00c5\/s","value":"None"},"vacuum_pressure":{"unit":"uTorr","value":"None"}}]}},{"perovskite_treatment":[{"material":{"unit":"","value":"None"},"concentration":{"unit":"","value":"None"},"conc_unit":{"unit":"","value":"None"},"quantity":{"unit":"ml","value":"None"}}],"solvent":[{"material":{"unit":"","value":"None"},"volume":{"unit":"ml","value":"None"}},{"material":{"unit":"","value":"None"},"volume":{"unit":"ml","value":"None"}}],"spin_coating":[{"type":{"unit":"","value":"None"},"rpm":{"unit":"","value":"None"},"time":{"unit":"s","value":"None"}}],"vacuum_suction":[{"unit":"s","value":"None"}],"annealing":[{"temperature":{"unit":"oC","value":"None"},"time":{"unit":"m","value":"None"}}],"module":[{"type":{"unit":"","value":"None"},"gap":{"unit":"um","value":"None"},"coating_speed":{"unit":"mm\/s","value":"None"},"feeding_amount":{"unit":"ul","value":"None"}}],"thermal_evaporation":[{"vacuum_evaporation_thickness":{"unit":"nm","value":"None"},"evaporation_rate":{"unit":"\u00c5\/s","value":"None"},"vacuum_pressure":{"unit":"uTorr","value":"None"}}]},{"etl":[{"material":{"unit":"","value":"C60"},"concentration":{"unit":"","value":"None"},"conc_unit":{"unit":"","value":"None"},"quantity":{"unit":"ml","value":"None"}}],"solvent":[{"material":{"unit":"","value":"None"},"volume":{"unit":"ml","value":"None"}},{"material":{"unit":"","value":"None"},"volume":{"unit":"ml","value":"None"}}],"spin_coating":[{"type":{"unit":"","value":"None"},"rpm":{"unit":"","value":"None"},"time":{"unit":"s","value":"None"}}],"vacuum_suction":[{"unit":"s","value":"None"}],"annealing":[{"temperature":{"unit":"oC","value":"None"},"time":{"unit":"m","value":"None"}}],"etl_doping":[{"material":{"unit":"","value":"None"},"volume":{"unit":"ul","value":"None"}}],"module":[{"type":{"unit":"","value":"None"},"gap":{"unit":"um","value":"None"},"coating_speed":{"unit":"mm\/s","value":"None"},"feeding_amount":{"unit":"ul","value":"None"}}],"thermal_evaporation":[{"vacuum_evaporation_thickness":{"unit":"nm","value":"30"},"evaporation_rate":{"unit":"\u00c5\/s","value":"0.6"},"vacuum_pressure":{"unit":"uTorr","value":"2x10-6"}}]},{"blocking_buffer_layer":[{"material":{"unit":"","value":"BCP"},"concentration":{"unit":"","value":"None"},"conc_unit":{"unit":"","value":"None"},"quantity":{"unit":"ml","value":"None"}}],"solvent":[{"material":{"unit":"","value":"None"},"volume":{"unit":"ml","value":"None"}},{"material":{"unit":"","value":"None"},"volume":{"unit":"ml","value":"None"}}],"spin_coating":[{"type":{"unit":"","value":"None"},"rpm":{"unit":"","value":"None"},"time":{"unit":"s","value":"None"}}],"vacuum_suction":[{"unit":"s","value":"0"}],"annealing":[{"temperature":{"unit":"oC","value":"None"},"time":{"unit":"m","value":"None"}}],"module":[{"type":{"unit":"","value":"None"},"gap":{"unit":"um","value":"None"},"coating_speed":{"unit":"mm\/s","value":"None"},"feeding_amount":{"unit":"ul","value":"None"}}],"thermal_evaporation":[{"vacuum_evaporation_thickness":{"unit":"nm","value":"6"},"evaporation_rate":{"unit":"\u00c5\/s","value":"0.6"},"vacuum_pressure":{"unit":"uTorr","value":"2x10-6"}}]},{"anode_metal":{"unit":"","value":"Ag"}},{"note":{"unit":"","value":"-"},"ar":{"unit":"","value":"0"},"type":{"unit":"","value":"unit_cell"},"device_type":{"unit":"","value":"p-i-n"},"temperature":{"unit":"\u2103","value":"25"},"humidity":{"unit":"%","value":"40"},"cell_dimension":{"unit":"cm2","value":"0.0464"}}],"fileinfo":[{"key":"Forward 73 MeO AN DAP 2_20230405","uploadType":"JV","original_name":"Forward 73 MeO AN DAP 2_20230405-161159.txt","save_name":"JBNU-SC-00320\/Forward 73 MeO AN DAP 2_20230405","uploader":98,"fileType":""},{"key":"Forward 74 MeO AN DAP 2_20230405","uploadType":"JV","original_name":"Forward 74 MeO AN DAP 2_20230405-161226.txt","save_name":"JBNU-SC-00320\/Forward 74 MeO AN DAP 2_20230405","uploader":98,"fileType":""},{"key":"Forward 81 MeO AN DAP 2_20230405","uploadType":"JV","original_name":"Forward 81 MeO AN DAP 2_20230405-161306.txt","save_name":"JBNU-SC-00320\/Forward 81 MeO AN DAP 2_20230405","uploader":98,"fileType":""},{"key":"Forward 82 MeO AN DAP 2_20230405","uploadType":"JV","original_name":"Forward 82 MeO AN DAP 2_20230405-161322.txt","save_name":"JBNU-SC-00320\/Forward 82 MeO AN DAP 2_20230405","uploader":98,"fileType":""},{"key":"Forward 83 MeO AN DAP 2_20230405","uploadType":"JV","original_name":"Forward 83 MeO AN DAP 2_20230405-161337.txt","save_name":"JBNU-SC-00320\/Forward 83 MeO AN DAP 2_20230405","uploader":98,"fileType":""},{"key":"Forward 84 MeO AN DAP 2_20230405","uploadType":"JV","original_name":"Forward 84 MeO AN DAP 2_20230405-161354.txt","save_name":"JBNU-SC-00320\/Forward 84 MeO AN DAP 2_20230405","uploader":98,"fileType":""},{"key":"Forward 71 MeO AN DAP 2_20230405","uploadType":"JV","original_name":"Forward 71 MeO AN DAP 2_20230405-161106.txt","save_name":"JBNU-SC-00320\/Forward 71 MeO AN DAP 2_20230405","uploader":98,"fileType":""},{"key":"Forward 72 MeO AN DAP 2_20230405","uploadType":"JV","original_name":"Forward 72 MeO AN DAP 2_20230405-161136.txt","save_name":"JBNU-SC-00320\/Forward 72 MeO AN DAP 2_20230405","uploader":98,"fileType":""}],"jvcnt":8,"updated_at":"2024-08-07 02:33:50","created_at":"2023-11-20 02:21:38","analysisInfo":{"JV":[{"efficiency":17.2991,"fill_factor":76.6593,"jsc":20.69547134,"voc":1.09039129,"key":"Forward 84 MeO AN DAP 2_20230405","cell_dimension":0.0464},{"efficiency":18.6093,"fill_factor":77.301,"jsc":21.84589381,"voc":1.10198328,"key":"Forward 83 MeO AN DAP 2_20230405","cell_dimension":0.0464},{"efficiency":18.5423,"fill_factor":76.7145,"jsc":21.79814577,"voc":1.1088353,"key":"Forward 82 MeO AN DAP 2_20230405","cell_dimension":0.0464},{"efficiency":18.5407,"fill_factor":76.5141,"jsc":21.75565772,"voc":1.11381178,"key":"Forward 81 MeO AN DAP 2_20230405","cell_dimension":0.0464},{"efficiency":17.8729,"fill_factor":76.7364,"jsc":21.2135685,"voc":1.09794036,"key":"Forward 74 MeO AN DAP 2_20230405","cell_dimension":0.0464},{"efficiency":17.8078,"fill_factor":77.0358,"jsc":21.04829679,"voc":1.0982474,"key":"Forward 73 MeO AN DAP 2_20230405","cell_dimension":0.0464},{"efficiency":15.3696,"fill_factor":77.1106,"jsc":18.2248107,"voc":1.09366982,"key":"Forward 72 MeO AN DAP 2_20230405","cell_dimension":0.0464},{"efficiency":11.4139,"fill_factor":54.2396,"jsc":20.66304199,"voc":1.01840934,"key":"Forward 71 MeO AN DAP 2_20230405","cell_dimension":0.0464}]},"public":2,"analysis":{"JV":[{"sample_area":{"value":0.0464,"unit":"cm2"},"irradiance":{"value":1,"unit":""},"pre_sweep_delay":{"value":1,"unit":""},"bias_direction":{"value":0,"unit":""},"max_reverse_bias":{"value":-0.2,"unit":""},"max_forward_bias":{"value":1.3,"unit":""},"num_sweep_points":{"value":31,"unit":""},"dwell_time":{"value":0,"unit":""},"current_limit":{"value":100,"unit":""},"pviv_10a_i_amp":{"value":0,"unit":""},"average":{"value":1,"unit":""},"dark_current":{"value":0,"unit":""},"rshunt_v_lo":{"value":-0.2,"unit":""},"rshunt_v_hi":{"value":0.2,"unit":""},"voc":{"value":1.09039129,"unit":"V"},"isc":{"value":0.00096027,"unit":"A"},"jsc":{"value":20.69547134,"unit":"mA\/cm2"},"imax":{"value":0.00086974,"unit":"A"},"vmax":{"value":0.92289307,"unit":"V"},"pmax":{"value":0.80267597,"unit":"mW"},"fill_factor":{"value":76.6593,"unit":"%"},"efficiency":{"value":17.2991,"unit":"%"},"r_at_voc":{"value":88.270166,"unit":""},"r_at_isc":{"value":45478.337,"unit":""},"power":{"value":0.00097086,"unit":"W"},"rshunt":{"value":"NaN","unit":"ohm"},"cell_temp_start":{"value":"NaN","unit":""},"cell_temp_end":{"value":"NaN","unit":""},"exposure":{"value":3.901,"unit":""},"time":{"value":"16:13:54","unit":""},"date":{"value":"04\/05\/2023","unit":""},"V":{"value":[1.3,1.25,1.2,1.15,1.1,1.05,1,0.95,0.9,0.85,0.8,0.75,0.7,0.65,0.6,0.55,0.5,0.45,0.4,0.35,0.3,0.25,0.2,0.15,0.1,0.05,0,-0.05,-0.1,-0.15,-0.2],"unit":"V"},"I":{"value":[-0.00621275,-0.00409752,-0.002337,-0.00101838,-0.00010886,0.00045759,0.00072156,0.00083728,0.00088768,0.00091111,0.00092552,0.00093315,0.00093804,0.00094017,0.00094401,0.00094559,0.00094767,0.00094975,0.00095145,0.00095153,0.00095267,0.00095497,0.00095619,0.00095724,0.00095817,0.00095946,0.00096072,0.00096218,0.00096165,0.00096287,0.00096476],"unit":"A"},"J":{"unit":"A\/cm2","value":[-0.13389547413793104,-0.08830862068965518,-0.050366379310344836,-0.021947844827586206,-0.0023461206896551725,0.009861853448275863,0.015550862068965518,0.0180448275862069,0.01913103448275862,0.019635991379310345,0.019946551724137934,0.020110991379310345,0.02021637931034483,0.020262284482758623,0.020345043103448278,0.02037909482758621,0.020423922413793105,0.02046875,0.020505387931034482,0.02050711206896552,0.02053168103448276,0.020581250000000002,0.020607543103448277,0.020630172413793106,0.02065021551724138,0.020678017241379312,0.020705172413793105,0.020736637931034484,0.02072521551724138,0.020751508620689658,0.020792241379310347]},"cell_dimension":{"value":0.0464,"unit":"cm2"},"sweep_direction":{"unit":"","value":"Forward"},"key":"Forward 84 MeO AN DAP 2_20230405"},{"sample_area":{"value":0.0464,"unit":"cm2"},"irradiance":{"value":1,"unit":""},"pre_sweep_delay":{"value":1,"unit":""},"bias_direction":{"value":0,"unit":""},"max_reverse_bias":{"value":-0.2,"unit":""},"max_forward_bias":{"value":1.3,"unit":""},"num_sweep_points":{"value":31,"unit":""},"dwell_time":{"value":0,"unit":""},"current_limit":{"value":100,"unit":""},"pviv_10a_i_amp":{"value":0,"unit":""},"average":{"value":1,"unit":""},"dark_current":{"value":0,"unit":""},"rshunt_v_lo":{"value":-0.2,"unit":""},"rshunt_v_hi":{"value":0.2,"unit":""},"voc":{"value":1.10198328,"unit":"V"},"isc":{"value":0.00101365,"unit":"A"},"jsc":{"value":21.84589381,"unit":"mA\/cm2"},"imax":{"value":0.00093417,"unit":"A"},"vmax":{"value":0.92431639,"unit":"V"},"pmax":{"value":0.86347179,"unit":"mW"},"fill_factor":{"value":77.301,"unit":"%"},"efficiency":{"value":18.6093,"unit":"%"},"r_at_voc":{"value":76.030629,"unit":""},"r_at_isc":{"value":93837.439,"unit":""},"power":{"value":0.00103374,"unit":"W"},"rshunt":{"value":"NaN","unit":"ohm"},"cell_temp_start":{"value":"NaN","unit":""},"cell_temp_end":{"value":"NaN","unit":""},"exposure":{"value":3.91,"unit":""},"time":{"value":"16:13:37","unit":""},"date":{"value":"04\/05\/2023","unit":""},"V":{"value":[1.3,1.25,1.2,1.15,1.1,1.05,1,0.95,0.9,0.85,0.8,0.75,0.7,0.65,0.6,0.55,0.5,0.45,0.4,0.35,0.3,0.25,0.2,0.15,0.1,0.05,0,-0.05,-0.1,-0.15,-0.2],"unit":"V"},"I":{"value":[-0.00379329,-0.00254867,-0.00147524,-0.00063154,2.609e-5,0.00047435,0.00076279,0.00090086,0.00095418,0.00097767,0.00098882,0.00099589,0.00099896,0.00100005,0.00100162,0.00100267,0.00100384,0.00100528,0.00100861,0.00100998,0.00101116,0.00101213,0.00101147,0.00101109,0.00101215,0.00101112,0.00101327,0.00101592,0.00101414,0.00101503,0.0010168],"unit":"A"},"J":{"unit":"A\/cm2","value":[-0.08175193965517241,-0.05492823275862069,-0.03179396551724138,-0.013610775862068967,0.0005622844827586208,0.010223060344827587,0.016439439655172413,0.019415086206896554,0.020564224137931037,0.021070474137931033,0.02131077586206897,0.021463146551724138,0.021529310344827586,0.02155280172413793,0.021586637931034484,0.02160926724137931,0.02163448275862069,0.021665517241379315,0.021737284482758624,0.021766810344827588,0.021792241379310347,0.02181314655172414,0.021798922413793106,0.021790732758620694,0.0218135775862069,0.021791379310344826,0.02183771551724138,0.021894827586206898,0.02185646551724138,0.02187564655172414,0.02191379310344828]},"cell_dimension":{"value":0.0464,"unit":"cm2"},"sweep_direction":{"unit":"","value":"Forward"},"key":"Forward 83 MeO AN DAP 2_20230405"},{"sample_area":{"value":0.0464,"unit":"cm2"},"irradiance":{"value":1,"unit":""},"pre_sweep_delay":{"value":1,"unit":""},"bias_direction":{"value":0,"unit":""},"max_reverse_bias":{"value":-0.2,"unit":""},"max_forward_bias":{"value":1.3,"unit":""},"num_sweep_points":{"value":31,"unit":""},"dwell_time":{"value":0,"unit":""},"current_limit":{"value":100,"unit":""},"pviv_10a_i_amp":{"value":0,"unit":""},"average":{"value":1,"unit":""},"dark_current":{"value":0,"unit":""},"rshunt_v_lo":{"value":-0.2,"unit":""},"rshunt_v_hi":{"value":0.2,"unit":""},"voc":{"value":1.1088353,"unit":"V"},"isc":{"value":0.00101143,"unit":"A"},"jsc":{"value":21.79814577,"unit":"mA\/cm2"},"imax":{"value":0.00093265,"unit":"A"},"vmax":{"value":0.92249586,"unit":"V"},"pmax":{"value":0.86036386,"unit":"mW"},"fill_factor":{"value":76.7145,"unit":"%"},"efficiency":{"value":18.5423,"unit":"%"},"r_at_voc":{"value":66.320509,"unit":""},"r_at_isc":{"value":59161.414,"unit":""},"power":{"value":0.00103856,"unit":"W"},"rshunt":{"value":"NaN","unit":"ohm"},"cell_temp_start":{"value":"NaN","unit":""},"cell_temp_end":{"value":"NaN","unit":""},"exposure":{"value":3.731,"unit":""},"time":{"value":"16:13:22","unit":""},"date":{"value":"04\/05\/2023","unit":""},"V":{"value":[1.3,1.25,1.2,1.15,1.1,1.05,1,0.95,0.9,0.85,0.8,0.75,0.7,0.65,0.6,0.55,0.5,0.45,0.4,0.35,0.3,0.25,0.2,0.15,0.1,0.05,0,-0.05,-0.1,-0.15,-0.2],"unit":"V"},"I":{"value":[-0.00426771,-0.00279025,-0.00154439,-0.00062069,0.00013322,0.00055171,0.00078218,0.00089656,0.00095087,0.00097099,0.00098502,0.00098976,0.00099605,0.00099763,0.00099988,0.00100122,0.00100099,0.00100344,0.00100562,0.00100526,0.00100685,0.00100687,0.00100694,0.00100906,0.00101057,0.00100998,0.00101072,0.00101385,0.00101411,0.00101421,0.00101332],"unit":"A"},"J":{"unit":"A\/cm2","value":[-0.09197650862068966,-0.06013469827586208,-0.03328426724137931,-0.013376939655172415,0.002871120689655173,0.01189030172413793,0.016857327586206897,0.01932241379310345,0.020492887931034483,0.020926508620689656,0.021228879310344832,0.02133103448275862,0.02146659482758621,0.02150064655172414,0.021549137931034485,0.02157801724137931,0.021573060344827588,0.021625862068965516,0.021672844827586208,0.021665086206896552,0.021699353448275865,0.02169978448275862,0.021701293103448278,0.021746982758620692,0.021779525862068966,0.021766810344827588,0.02178275862068966,0.02185021551724138,0.02185581896551724,0.021857974137931037,0.02183879310344828]},"cell_dimension":{"value":0.0464,"unit":"cm2"},"sweep_direction":{"unit":"","value":"Forward"},"key":"Forward 82 MeO AN DAP 2_20230405"},{"sample_area":{"value":0.0464,"unit":"cm2"},"irradiance":{"value":1,"unit":""},"pre_sweep_delay":{"value":1,"unit":""},"bias_direction":{"value":0,"unit":""},"max_reverse_bias":{"value":-0.2,"unit":""},"max_forward_bias":{"value":1.3,"unit":""},"num_sweep_points":{"value":31,"unit":""},"dwell_time":{"value":0,"unit":""},"current_limit":{"value":100,"unit":""},"pviv_10a_i_amp":{"value":0,"unit":""},"average":{"value":1,"unit":""},"dark_current":{"value":0,"unit":""},"rshunt_v_lo":{"value":-0.2,"unit":""},"rshunt_v_hi":{"value":0.2,"unit":""},"voc":{"value":1.11381178,"unit":"V"},"isc":{"value":0.00100946,"unit":"A"},"jsc":{"value":21.75565772,"unit":"mA\/cm2"},"imax":{"value":0.00092457,"unit":"A"},"vmax":{"value":0.93046957,"unit":"V"},"pmax":{"value":0.86028676,"unit":"mW"},"fill_factor":{"value":76.5141,"unit":"%"},"efficiency":{"value":18.5407,"unit":"%"},"r_at_voc":{"value":69.920379,"unit":""},"r_at_isc":{"value":45964.716,"unit":""},"power":{"value":0.00104125,"unit":"W"},"rshunt":{"value":"NaN","unit":"ohm"},"cell_temp_start":{"value":"NaN","unit":""},"cell_temp_end":{"value":"NaN","unit":""},"exposure":{"value":3.734,"unit":""},"time":{"value":"16:13:06","unit":""},"date":{"value":"04\/05\/2023","unit":""},"V":{"value":[1.3,1.25,1.2,1.15,1.1,1.05,1,0.95,0.9,0.85,0.8,0.75,0.7,0.65,0.6,0.55,0.5,0.45,0.4,0.35,0.3,0.25,0.2,0.15,0.1,0.05,0,-0.05,-0.1,-0.15,-0.2],"unit":"V"},"I":{"value":[-0.00411371,-0.00262721,-0.0014038,-0.00051756,0.00019754,0.00059217,0.00079928,0.00090166,0.0009482,0.00096884,0.00098197,0.00098779,0.00099095,0.0009935,0.00099757,0.00099872,0.00099834,0.00099939,0.0010016,0.00100073,0.00100236,0.00100413,0.00100606,0.00100567,0.00100768,0.00100819,0.00100843,0.00101206,0.0010117,0.00101166,0.00101418],"unit":"A"},"J":{"unit":"A\/cm2","value":[-0.08865754310344827,-0.0566209051724138,-0.030254310344827586,-0.011154310344827587,0.004257327586206897,0.012762284482758622,0.01722586206896552,0.019432327586206898,0.02043534482758621,0.020880172413793106,0.02116314655172414,0.021288577586206895,0.02135668103448276,0.021411637931034486,0.021499353448275863,0.021524137931034484,0.02151594827586207,0.0215385775862069,0.021586206896551725,0.021567456896551727,0.021602586206896555,0.02164073275862069,0.0216823275862069,0.021673922413793106,0.021717241379310345,0.02172823275862069,0.021733405172413796,0.021811637931034484,0.021803879310344828,0.02180301724137931,0.0218573275862069]},"cell_dimension":{"value":0.0464,"unit":"cm2"},"sweep_direction":{"unit":"","value":"Forward"},"key":"Forward 81 MeO AN DAP 2_20230405"},{"sample_area":{"value":0.0464,"unit":"cm2"},"irradiance":{"value":1,"unit":""},"pre_sweep_delay":{"value":1,"unit":""},"bias_direction":{"value":0,"unit":""},"max_reverse_bias":{"value":-0.2,"unit":""},"max_forward_bias":{"value":1.3,"unit":""},"num_sweep_points":{"value":31,"unit":""},"dwell_time":{"value":0,"unit":""},"current_limit":{"value":100,"unit":""},"pviv_10a_i_amp":{"value":0,"unit":""},"average":{"value":1,"unit":""},"dark_current":{"value":0,"unit":""},"rshunt_v_lo":{"value":-0.2,"unit":""},"rshunt_v_hi":{"value":0.2,"unit":""},"voc":{"value":1.09794036,"unit":"V"},"isc":{"value":0.00098431,"unit":"A"},"jsc":{"value":21.2135685,"unit":"mA\/cm2"},"imax":{"value":0.00090884,"unit":"A"},"vmax":{"value":0.91248361,"unit":"V"},"pmax":{"value":0.82930075,"unit":"mW"},"fill_factor":{"value":76.7364,"unit":"%"},"efficiency":{"value":17.8729,"unit":"%"},"r_at_voc":{"value":109.215046,"unit":""},"r_at_isc":{"value":69274.233,"unit":""},"power":{"value":0.00100043,"unit":"W"},"rshunt":{"value":"NaN","unit":"ohm"},"cell_temp_start":{"value":"NaN","unit":""},"cell_temp_end":{"value":"NaN","unit":""},"exposure":{"value":3.912,"unit":""},"time":{"value":"16:12:26","unit":""},"date":{"value":"04\/05\/2023","unit":""},"V":{"value":[1.3,1.25,1.2,1.15,1.1,1.05,1,0.95,0.9,0.85,0.8,0.75,0.7,0.65,0.6,0.55,0.5,0.45,0.4,0.35,0.3,0.25,0.2,0.15,0.1,0.05,0,-0.05,-0.1,-0.15,-0.2],"unit":"V"},"I":{"value":[-0.00458713,-0.00300911,-0.00169183,-0.00072752,-1.886e-5,0.00043895,0.0007338,0.00085646,0.0009199,0.00094512,0.00096043,0.00096778,0.00097205,0.00097391,0.0009761,0.00097729,0.00097708,0.00097791,0.00097878,0.00097915,0.00097983,0.00098025,0.00098202,0.00098176,0.00098281,0.00098348,0.00098558,0.00098508,0.00098572,0.00098561,0.00098732],"unit":"A"},"J":{"unit":"A\/cm2","value":[-0.0988605603448276,-0.06485150862068967,-0.03646185344827586,-0.015679310344827585,-0.0004064655172413793,0.009460129310344829,0.015814655172413792,0.018458189655172413,0.019825431034482758,0.02036896551724138,0.020698922413793105,0.020857327586206897,0.020949353448275865,0.020989439655172415,0.021036637931034486,0.021062284482758622,0.021057758620689655,0.02107564655172414,0.02109439655172414,0.021102370689655175,0.021117025862068966,0.0211260775862069,0.021164224137931033,0.021158620689655173,0.021181250000000002,0.021195689655172413,0.021240948275862072,0.021230172413793102,0.021243965517241382,0.02124159482758621,0.02127844827586207]},"cell_dimension":{"value":0.0464,"unit":"cm2"},"sweep_direction":{"unit":"","value":"Forward"},"key":"Forward 74 MeO AN DAP 2_20230405"},{"sample_area":{"value":0.0464,"unit":"cm2"},"irradiance":{"value":1,"unit":""},"pre_sweep_delay":{"value":1,"unit":""},"bias_direction":{"value":0,"unit":""},"max_reverse_bias":{"value":-0.2,"unit":""},"max_forward_bias":{"value":1.3,"unit":""},"num_sweep_points":{"value":31,"unit":""},"dwell_time":{"value":0,"unit":""},"current_limit":{"value":100,"unit":""},"pviv_10a_i_amp":{"value":0,"unit":""},"average":{"value":1,"unit":""},"dark_current":{"value":0,"unit":""},"rshunt_v_lo":{"value":-0.2,"unit":""},"rshunt_v_hi":{"value":0.2,"unit":""},"voc":{"value":1.0982474,"unit":"V"},"isc":{"value":0.00097664,"unit":"A"},"jsc":{"value":21.04829679,"unit":"mA\/cm2"},"imax":{"value":0.00090853,"unit":"A"},"vmax":{"value":0.90947435,"unit":"V"},"pmax":{"value":0.82628131,"unit":"mW"},"fill_factor":{"value":77.0358,"unit":"%"},"efficiency":{"value":17.8078,"unit":"%"},"r_at_voc":{"value":116.180379,"unit":""},"r_at_isc":{"value":70446.168,"unit":""},"power":{"value":0.00099121,"unit":"W"},"rshunt":{"value":"NaN","unit":"ohm"},"cell_temp_start":{"value":"NaN","unit":""},"cell_temp_end":{"value":"NaN","unit":""},"exposure":{"value":3.903,"unit":""},"time":{"value":"16:11:59","unit":""},"date":{"value":"04\/05\/2023","unit":""},"V":{"value":[1.3,1.25,1.2,1.15,1.1,1.05,1,0.95,0.9,0.85,0.8,0.75,0.7,0.65,0.6,0.55,0.5,0.45,0.4,0.35,0.3,0.25,0.2,0.15,0.1,0.05,0,-0.05,-0.1,-0.15,-0.2],"unit":"V"},"I":{"value":[-0.00333486,-0.00228845,-0.00135908,-0.00061296,-1.509e-5,0.00041528,0.0007103,0.00084793,0.00091708,0.00094135,0.00095449,0.00096039,0.00096473,0.00096592,0.00096802,0.00096885,0.00096972,0.00097068,0.00097117,0.00097159,0.00097175,0.0009727,0.00097464,0.00097544,0.00097549,0.00097571,0.00097653,0.00097649,0.0009773,0.00097938,0.0009798],"unit":"A"},"J":{"unit":"A\/cm2","value":[-0.0718719827586207,-0.04932004310344828,-0.02929051724137931,-0.013210344827586207,-0.00032521551724137935,0.008950000000000001,0.015308189655172414,0.018274353448275864,0.019764655172413794,0.02028771551724138,0.020570905172413795,0.020698060344827587,0.020791594827586208,0.020817241379310347,0.020862500000000003,0.020880387931034486,0.020899137931034484,0.020919827586206897,0.020930387931034484,0.020939439655172417,0.020942887931034482,0.020963362068965517,0.021005172413793106,0.02102241379310345,0.021023491379310345,0.02102823275862069,0.021045905172413795,0.021045043103448277,0.0210625,0.021107327586206898,0.02111637931034483]},"cell_dimension":{"value":0.0464,"unit":"cm2"},"sweep_direction":{"unit":"","value":"Forward"},"key":"Forward 73 MeO AN DAP 2_20230405"},{"sample_area":{"value":0.0464,"unit":"cm2"},"irradiance":{"value":1,"unit":""},"pre_sweep_delay":{"value":1,"unit":""},"bias_direction":{"value":0,"unit":""},"max_reverse_bias":{"value":-0.2,"unit":""},"max_forward_bias":{"value":1.3,"unit":""},"num_sweep_points":{"value":31,"unit":""},"dwell_time":{"value":0,"unit":""},"current_limit":{"value":100,"unit":""},"pviv_10a_i_amp":{"value":0,"unit":""},"average":{"value":1,"unit":""},"dark_current":{"value":0,"unit":""},"rshunt_v_lo":{"value":-0.2,"unit":""},"rshunt_v_hi":{"value":0.2,"unit":""},"voc":{"value":1.09366982,"unit":"V"},"isc":{"value":0.00084563,"unit":"A"},"jsc":{"value":18.2248107,"unit":"mA\/cm2"},"imax":{"value":0.00077633,"unit":"A"},"vmax":{"value":0.91862228,"unit":"V"},"pmax":{"value":0.71315106,"unit":"mW"},"fill_factor":{"value":77.1106,"unit":"%"},"efficiency":{"value":15.3696,"unit":"%"},"r_at_voc":{"value":116.983441,"unit":""},"r_at_isc":{"value":58684.319,"unit":""},"power":{"value":0.0008556,"unit":"W"},"rshunt":{"value":"NaN","unit":"ohm"},"cell_temp_start":{"value":"NaN","unit":""},"cell_temp_end":{"value":"NaN","unit":""},"exposure":{"value":3.901,"unit":""},"time":{"value":"16:11:36","unit":""},"date":{"value":"04\/05\/2023","unit":""},"V":{"value":[1.3,1.25,1.2,1.15,1.1,1.05,1,0.95,0.9,0.85,0.8,0.75,0.7,0.65,0.6,0.55,0.5,0.45,0.4,0.35,0.3,0.25,0.2,0.15,0.1,0.05,0,-0.05,-0.1,-0.15,-0.2],"unit":"V"},"I":{"value":[-0.00404443,-0.00272325,-0.00159592,-0.00071166,-5.411e-5,0.0003733,0.00062495,0.00074006,0.00078944,0.00080797,0.00081836,0.00082441,0.00082839,0.00083066,0.00083265,0.00083394,0.00083556,0.00083736,0.0008393,0.00084064,0.00084023,0.00084114,0.00084212,0.00084376,0.00084413,0.0008446,0.00084535,0.00084737,0.00084705,0.00084789,0.00084893],"unit":"A"},"J":{"unit":"A\/cm2","value":[-0.08716443965517241,-0.058690732758620696,-0.0343948275862069,-0.015337500000000002,-0.0011661637931034484,0.008045258620689655,0.01346875,0.01594956896551724,0.017013793103448277,0.01741314655172414,0.01763706896551724,0.017767456896551726,0.01785323275862069,0.017902155172413795,0.01794504310344828,0.01797284482758621,0.018007758620689655,0.01804655172413793,0.018088362068965518,0.018117241379310346,0.018108405172413793,0.018128017241379312,0.018149137931034485,0.018184482758620692,0.018192456896551724,0.018202586206896555,0.018218750000000002,0.01826228448275862,0.018255387931034484,0.018273491379310346,0.018295905172413796]},"cell_dimension":{"value":0.0464,"unit":"cm2"},"sweep_direction":{"unit":"","value":"Forward"},"key":"Forward 72 MeO AN DAP 2_20230405"},{"sample_area":{"value":0.0464,"unit":"cm2"},"irradiance":{"value":1,"unit":""},"pre_sweep_delay":{"value":1,"unit":""},"bias_direction":{"value":0,"unit":""},"max_reverse_bias":{"value":-0.2,"unit":""},"max_forward_bias":{"value":1.3,"unit":""},"num_sweep_points":{"value":31,"unit":""},"dwell_time":{"value":0,"unit":""},"current_limit":{"value":100,"unit":""},"pviv_10a_i_amp":{"value":0,"unit":""},"average":{"value":1,"unit":""},"dark_current":{"value":0,"unit":""},"rshunt_v_lo":{"value":-0.2,"unit":""},"rshunt_v_hi":{"value":0.2,"unit":""},"voc":{"value":1.01840934,"unit":"V"},"isc":{"value":0.00095877,"unit":"A"},"jsc":{"value":20.66304199,"unit":"mA\/cm2"},"imax":{"value":0.00071627,"unit":"A"},"vmax":{"value":0.73939113,"unit":"V"},"pmax":{"value":0.52960381,"unit":"mW"},"fill_factor":{"value":54.2396,"unit":"%"},"efficiency":{"value":11.4139,"unit":"%"},"r_at_voc":{"value":177.773164,"unit":""},"r_at_isc":{"value":8146.805,"unit":""},"power":{"value":0.00077824,"unit":"W"},"rshunt":{"value":"NaN","unit":"ohm"},"cell_temp_start":{"value":"NaN","unit":""},"cell_temp_end":{"value":"NaN","unit":""},"exposure":{"value":3.737,"unit":""},"time":{"value":"16:11:06","unit":""},"date":{"value":"04\/05\/2023","unit":""},"V":{"value":[1.3,1.25,1.2,1.15,1.1,1.05,1,0.95,0.9,0.85,0.8,0.75,0.7,0.65,0.6,0.55,0.5,0.45,0.4,0.35,0.3,0.25,0.2,0.15,0.1,0.05,0,-0.05,-0.1,-0.15,-0.2],"unit":"V"},"I":{"value":[-0.00326237,-0.00239757,-0.00164909,-0.00103385,-0.0005678,-0.0001777,0.00010356,0.0003047,0.00045281,0.0005594,0.00064356,0.00070561,0.00074986,0.0007842,0.00081422,0.00083801,0.00085858,0.00087836,0.0008927,0.00090597,0.0009175,0.00092719,0.00093578,0.00094222,0.00094862,0.00095469,0.00095991,0.00096679,0.00096903,0.00097471,0.00098248],"unit":"A"},"J":{"unit":"A\/cm2","value":[-0.07030969827586207,-0.05167176724137931,-0.03554073275862069,-0.022281250000000002,-0.012237068965517243,-0.0038297413793103455,0.0022318965517241383,0.006566810344827586,0.009758836206896552,0.012056034482758623,0.013869827586206898,0.015207112068965517,0.016160775862068967,0.016900862068965516,0.017547844827586208,0.01806056034482759,0.018503879310344827,0.018930172413793106,0.019239224137931034,0.01952521551724138,0.019773706896551727,0.01998254310344828,0.020167672413793105,0.02030646551724138,0.02044439655172414,0.020575215517241383,0.02068771551724138,0.02083599137931035,0.02088426724137931,0.02100668103448276,0.021174137931034485]},"cell_dimension":{"value":0.0464,"unit":"cm2"},"sweep_direction":{"unit":"","value":"Forward"},"key":"Forward 71 MeO AN DAP 2_20230405"}]}}