{"_id":"655ac6d9dd2a793fd30314b7","id":"JBNU-SC-00361","author":98,"group":10,"input":[{"tco":{"unit":"","value":"ITO"}},{"htl":[{"material":{"unit":"","value":"NiO_Sputter"},"concentration":{"unit":"","value":"None"},"conc_unit":{"unit":"","value":"None"},"quantity":{"unit":"ml","value":"None"}}],"solvent":[{"material":{"unit":"","value":"None"},"volume":{"unit":"ml","value":"None"}},{"material":{"unit":"","value":"None"},"volume":{"unit":"ml","value":"None"}}],"htl_doping":[{"material":{"unit":"","value":"None"},"volume":{"unit":"ul","value":"None"}}],"spin_coating":[{"type":{"unit":"","value":"None"},"rpm":{"unit":"","value":"None"},"time":{"unit":"s","value":"None"}}],"vacuum_suction":[{"unit":"s","value":"None"}],"annealing":[{"temperature":{"unit":"oC","value":"300"},"time":{"unit":"m","value":"30"}}],"module":[{"type":{"unit":"","value":"None"},"gap":{"unit":"um","value":"None"},"coating_speed":{"unit":"mm\/s","value":"None"},"feeding_amount":{"unit":"ul","value":"None"}}],"thermal_evaporation":[{"vacuum_evaporation_thickness":{"unit":"nm","value":"None"},"evaporation_rate":{"unit":"\u00c5\/s","value":"None"},"vacuum_pressure":{"unit":"uTorr","value":"None"}}]},{"htl_treatment":[{"material":{"unit":"","value":"MeO-2PACz"},"concentration":{"unit":"","value":"0.33"},"conc_unit":{"unit":"","value":"mg\/ml"},"quantity":{"unit":"ml","value":"1"}}],"solvent":[{"material":{"unit":"","value":"Ethanol"},"volume":{"unit":"ml","value":"1"}},{"material":{"unit":"","value":"None"},"volume":{"unit":"ml","value":"None"}}],"spin_coating":[{"type":{"unit":"","value":"drop&run"},"rpm":{"unit":"","value":"3000"},"time":{"unit":"s","value":"50"}}],"vacuum_suction":[{"unit":"s","value":"None"}],"annealing":[{"temperature":{"unit":"oC","value":"None"},"time":{"unit":"m","value":"None"}}],"module":[{"type":{"unit":"","value":"None"},"gap":{"unit":"um","value":"None"},"coating_speed":{"unit":"mm\/s","value":"None"},"feeding_amount":{"unit":"ul","value":"None"}}],"thermal_evaporation":[{"vacuum_evaporation_thickness":{"unit":"nm","value":"None"},"evaporation_rate":{"unit":"\u00c5\/s","value":"None"},"vacuum_pressure":{"unit":"uTorr","value":"None"}}]},{"perovskite":{"method":{"unit":"","value":"1-step"},"molarity":{"unit":"M","value":"1.45"},"a_site":[{"material":{"unit":"","value":"Cs"},"ratio":{"unit":"","value":"0.175"}},{"material":{"unit":"","value":"FA"},"ratio":{"unit":"","value":"0.825"}}],"b_site":[{"material":{"unit":"","value":"Pb"},"ratio":{"unit":"","value":"1"}},{"material":{"unit":"","value":"None"},"ratio":{"unit":"","value":"0"}}],"x_site":[{"material":{"unit":"","value":"I"},"ratio":{"unit":"","value":"2.55"}},{"material":{"unit":"","value":"Br"},"ratio":{"unit":"","value":"0.45"}}],"solvent":[{"material":{"unit":"","value":"DMF"},"volume":{"unit":"ml","value":"0.8"}},{"material":{"unit":"","value":"DMSO"},"volume":{"unit":"ml","value":"0.2"}}],"additive":[{"material":{"unit":"","value":"OLAI"},"solvent":{"unit":"","value":"DMF"},"concentration":{"unit":"","value":"100"},"conc_unit":{"unit":"","value":"mg\/ml"},"quantity":{"unit":"mol%","value":"1"}}],"stirring_time":[{"unit":"m","value":"120"}],"antisolvent":[{"material":{"unit":"","value":"None"},"quantity":{"unit":"ul","value":"None"},"dripping_time":{"unit":"s","value":"None"}}],"spin_coating":[{"type":{"unit":"","value":"drop&run"},"rpm":{"unit":"","value":"4000"},"time":{"unit":"s","value":"10"}}],"vacuum_suction":[{"unit":"s","value":"60"}],"annealing":[{"temperature":{"unit":"oC","value":"100"},"time":{"unit":"m","value":"30"}}],"atmosphere":[{"type":{"unit":"","value":"N2"},"temperature":{"unit":"oC","value":"28"},"humidity":{"unit":"RH%","value":"0"}}],"assist":[{"type":{"unit":"","value":"None"},"temperature":{"unit":"oC","value":"None"},"assist_start_time":{"value":null,"unit":"s"},"total_assist_time":{"value":"None","unit":"s"}}],"module":[{"type":{"unit":"","value":"None"},"gap":{"unit":"um","value":"None"},"coating_speed":{"unit":"mm\/s","value":"None"},"feeding_amount":{"unit":"ul","value":"None"}}],"thermal_evaporation":[{"vacuum_evaporation_thickness":{"unit":"nm","value":"None"},"evaporation_rate":{"unit":"\u00c5\/s","value":"None"},"vacuum_pressure":{"unit":"uTorr","value":"None"}}]}},{"perovskite_treatment":[{"material":{"unit":"","value":"OA"},"concentration":{"unit":"","value":"None"},"conc_unit":{"unit":"","value":"None"},"quantity":{"unit":"ml","value":"0.1"}}],"solvent":[{"material":{"unit":"","value":"None"},"volume":{"unit":"ml","value":"None"}},{"material":{"unit":"","value":"None"},"volume":{"unit":"ml","value":"None"}}],"spin_coating":[{"type":{"unit":"","value":"None"},"rpm":{"unit":"","value":"None"},"time":{"unit":"s","value":"None"}}],"vacuum_suction":[{"unit":"s","value":"None"}],"annealing":[{"temperature":{"unit":"oC","value":"0"},"time":{"unit":"m","value":"0.08"}}],"module":[{"type":{"unit":"","value":"None"},"gap":{"unit":"um","value":"None"},"coating_speed":{"unit":"mm\/s","value":"None"},"feeding_amount":{"unit":"ul","value":"None"}}],"thermal_evaporation":[{"vacuum_evaporation_thickness":{"unit":"nm","value":"None"},"evaporation_rate":{"unit":"\u00c5\/s","value":"None"},"vacuum_pressure":{"unit":"uTorr","value":"None"}}]},{"etl":[{"material":{"unit":"","value":"C60"},"concentration":{"unit":"","value":"None"},"conc_unit":{"unit":"","value":"None"},"quantity":{"unit":"ml","value":"None"}}],"solvent":[{"material":{"unit":"","value":"None"},"volume":{"unit":"ml","value":"None"}},{"material":{"unit":"","value":"None"},"volume":{"unit":"ml","value":"None"}}],"spin_coating":[{"type":{"unit":"","value":"None"},"rpm":{"unit":"","value":"None"},"time":{"unit":"s","value":"None"}}],"vacuum_suction":[{"unit":"s","value":"None"}],"annealing":[{"temperature":{"unit":"oC","value":"None"},"time":{"unit":"m","value":"None"}}],"etl_doping":[{"material":{"unit":"","value":"None"},"volume":{"unit":"ul","value":"None"}}],"module":[{"type":{"unit":"","value":"None"},"gap":{"unit":"um","value":"None"},"coating_speed":{"unit":"mm\/s","value":"None"},"feeding_amount":{"unit":"ul","value":"None"}}],"thermal_evaporation":[{"vacuum_evaporation_thickness":{"unit":"nm","value":"30"},"evaporation_rate":{"unit":"\u00c5\/s","value":"0.6"},"vacuum_pressure":{"unit":"uTorr","value":"2x10-6"}}]},{"blocking_buffer_layer":[{"material":{"unit":"","value":"BCP"},"concentration":{"unit":"","value":"None"},"conc_unit":{"unit":"","value":"None"},"quantity":{"unit":"ml","value":"None"}}],"solvent":[{"material":{"unit":"","value":"None"},"volume":{"unit":"ml","value":"None"}},{"material":{"unit":"","value":"None"},"volume":{"unit":"ml","value":"None"}}],"spin_coating":[{"type":{"unit":"","value":"None"},"rpm":{"unit":"","value":"None"},"time":{"unit":"s","value":"None"}}],"vacuum_suction":[{"unit":"s","value":"0"}],"annealing":[{"temperature":{"unit":"oC","value":"None"},"time":{"unit":"m","value":"None"}}],"module":[{"type":{"unit":"","value":"None"},"gap":{"unit":"um","value":"None"},"coating_speed":{"unit":"mm\/s","value":"None"},"feeding_amount":{"unit":"ul","value":"None"}}],"thermal_evaporation":[{"vacuum_evaporation_thickness":{"unit":"nm","value":"6"},"evaporation_rate":{"unit":"\u00c5\/s","value":"0.6"},"vacuum_pressure":{"unit":"uTorr","value":"2x10-6"}}]},{"anode_metal":{"unit":"","value":"Ag"}},{"note":{"unit":"","value":"-"},"ar":{"unit":"","value":"0"},"type":{"unit":"","value":"unit_cell"},"device_type":{"unit":"","value":"p-i-n"},"temperature":{"unit":"\u2103","value":"25"},"humidity":{"unit":"%","value":"40"},"cell_dimension":{"unit":"cm2","value":"0.0464"}}],"fileinfo":[{"key":"Forward 72 OLAI + OA 10S_20230809","uploadType":"JV","original_name":"Forward 72 OLAI + OA 10S_20230809-182855.txt","save_name":"JBNU-SC-00361\/Forward 72 OLAI + OA 10S_20230809","uploader":98,"fileType":""},{"key":"Forward 73 OLAI + OA 10S_20230809","uploadType":"JV","original_name":"Forward 73 OLAI + OA 10S_20230809-182934.txt","save_name":"JBNU-SC-00361\/Forward 73 OLAI + OA 10S_20230809","uploader":98,"fileType":""},{"key":"Forward 74 OLAI + OA 10S_20230809","uploadType":"JV","original_name":"Forward 74 OLAI + OA 10S_20230809-182952.txt","save_name":"JBNU-SC-00361\/Forward 74 OLAI + OA 10S_20230809","uploader":98,"fileType":""},{"key":"Forward 81 OLAI + OA 10S_20230809","uploadType":"JV","original_name":"Forward 81 OLAI + OA 10S_20230809-183117.txt","save_name":"JBNU-SC-00361\/Forward 81 OLAI + OA 10S_20230809","uploader":98,"fileType":""},{"key":"Forward 82 OLAI + OA 10S_20230809","uploadType":"JV","original_name":"Forward 82 OLAI + OA 10S_20230809-183139.txt","save_name":"JBNU-SC-00361\/Forward 82 OLAI + OA 10S_20230809","uploader":98,"fileType":""},{"key":"Forward 83 OLAI + OA 10S_20230809","uploadType":"JV","original_name":"Forward 83 OLAI + OA 10S_20230809-183224.txt","save_name":"JBNU-SC-00361\/Forward 83 OLAI + OA 10S_20230809","uploader":98,"fileType":""},{"key":"Forward 84 OLAI + OA 10S_20230809","uploadType":"JV","original_name":"Forward 84 OLAI + OA 10S_20230809-183246.txt","save_name":"JBNU-SC-00361\/Forward 84 OLAI + OA 10S_20230809","uploader":98,"fileType":""},{"key":"Forward 71 OLAI + OA 10S_20230809","uploadType":"JV","original_name":"Forward 71 OLAI + OA 10S_20230809-182830.txt","save_name":"JBNU-SC-00361\/Forward 71 OLAI + OA 10S_20230809","uploader":98,"fileType":""}],"jvcnt":8,"updated_at":"2024-08-07 02:33:50","created_at":"2023-11-20 02:39:21","analysisInfo":{"JV":[{"efficiency":18.9806,"fill_factor":78.9864,"jsc":21.184726,"voc":1.13431882,"key":"Forward 84 OLAI + OA 10S_20230809","cell_dimension":0.0464},{"efficiency":18.6692,"fill_factor":78.9088,"jsc":20.89667882,"voc":1.1321966,"key":"Forward 83 OLAI + OA 10S_20230809","cell_dimension":0.0464},{"efficiency":18.4149,"fill_factor":77.9688,"jsc":20.73491019,"voc":1.13906134,"key":"Forward 82 OLAI + OA 10S_20230809","cell_dimension":0.0464},{"efficiency":18.4489,"fill_factor":77.9722,"jsc":20.70332161,"voc":1.14285647,"key":"Forward 81 OLAI + OA 10S_20230809","cell_dimension":0.0464},{"efficiency":19.494,"fill_factor":78.1244,"jsc":22.00874177,"voc":1.13375638,"key":"Forward 74 OLAI + OA 10S_20230809","cell_dimension":0.0464},{"efficiency":19.2755,"fill_factor":77.3928,"jsc":22.05024765,"voc":1.12951574,"key":"Forward 73 OLAI + OA 10S_20230809","cell_dimension":0.0464},{"efficiency":19.2116,"fill_factor":76.708,"jsc":22.05437441,"voc":1.13560559,"key":"Forward 72 OLAI + OA 10S_20230809","cell_dimension":0.0464},{"efficiency":19.4507,"fill_factor":77.2001,"jsc":22.09289361,"voc":1.1404169,"key":"Forward 71 OLAI + OA 10S_20230809","cell_dimension":0.0464}]},"public":2,"analysis":{"JV":[{"sample_area":{"value":0.0464,"unit":"cm2"},"irradiance":{"value":1,"unit":""},"pre_sweep_delay":{"value":1,"unit":""},"bias_direction":{"value":0,"unit":""},"max_reverse_bias":{"value":-0.2,"unit":""},"max_forward_bias":{"value":1.3,"unit":""},"num_sweep_points":{"value":31,"unit":""},"dwell_time":{"value":0,"unit":""},"current_limit":{"value":100,"unit":""},"pviv_10a_i_amp":{"value":0,"unit":""},"average":{"value":1,"unit":""},"dark_current":{"value":0,"unit":""},"rshunt_v_lo":{"value":-0.2,"unit":""},"rshunt_v_hi":{"value":0.2,"unit":""},"voc":{"value":1.13431882,"unit":"V"},"isc":{"value":0.00098297,"unit":"A"},"jsc":{"value":21.184726,"unit":"mA\/cm2"},"imax":{"value":0.0009217,"unit":"A"},"vmax":{"value":0.95551237,"unit":"V"},"pmax":{"value":0.88070035,"unit":"mW"},"fill_factor":{"value":78.9864,"unit":"%"},"efficiency":{"value":18.9806,"unit":"%"},"r_at_voc":{"value":99.227593,"unit":""},"r_at_isc":{"value":71715.901,"unit":""},"power":{"value":0.0010386,"unit":"W"},"rshunt":{"value":"NaN","unit":"ohm"},"cell_temp_start":{"value":"NaN","unit":""},"cell_temp_end":{"value":"NaN","unit":""},"exposure":{"value":3.74,"unit":""},"time":{"value":"18:32:46","unit":""},"date":{"value":"08\/09\/2023","unit":""},"V":{"value":[1.3,1.25,1.2,1.15,1.1,1.05,1,0.95,0.9,0.85,0.8,0.75,0.7,0.65,0.6,0.55,0.5,0.45,0.4,0.35,0.3,0.25,0.2,0.15,0.1,0.05,0,-0.05,-0.1,-0.15,-0.2],"unit":"V"},"I":{"value":[-0.00253417,-0.00161233,-0.00083515,-0.00015803,0.00034586,0.00067782,0.00085334,0.00092672,0.0009526,0.0009618,0.00096636,0.00096884,0.00097059,0.00097267,0.00097369,0.00097484,0.00097499,0.00097629,0.00097695,0.00097771,0.00097796,0.00097886,0.00098001,0.00098186,0.00098219,0.00098283,0.00098302,0.00098483,0.00098369,0.00098464,0.00098511],"unit":"A"},"J":{"unit":"A\/cm2","value":[-0.054615732758620694,-0.034748491379310346,-0.017998922413793104,-0.003405818965517242,0.007453879310344829,0.014608189655172415,0.01839094827586207,0.01997241379310345,0.020530172413793103,0.02072844827586207,0.020826724137931036,0.020880172413793106,0.020917887931034485,0.02096271551724138,0.020984698275862072,0.021009482758620694,0.02101271551724138,0.02104073275862069,0.02105495689655173,0.02107133620689655,0.021076724137931036,0.021096120689655173,0.021120905172413794,0.021160775862068968,0.021167887931034482,0.02118168103448276,0.02118577586206897,0.02122478448275862,0.02120021551724138,0.021220689655172414,0.02123081896551724]},"cell_dimension":{"value":0.0464,"unit":"cm2"},"sweep_direction":{"unit":"","value":"Forward"},"key":"Forward 84 OLAI + OA 10S_20230809"},{"sample_area":{"value":0.0464,"unit":"cm2"},"irradiance":{"value":1,"unit":""},"pre_sweep_delay":{"value":1,"unit":""},"bias_direction":{"value":0,"unit":""},"max_reverse_bias":{"value":-0.2,"unit":""},"max_forward_bias":{"value":1.3,"unit":""},"num_sweep_points":{"value":31,"unit":""},"dwell_time":{"value":0,"unit":""},"current_limit":{"value":100,"unit":""},"pviv_10a_i_amp":{"value":0,"unit":""},"average":{"value":1,"unit":""},"dark_current":{"value":0,"unit":""},"rshunt_v_lo":{"value":-0.2,"unit":""},"rshunt_v_hi":{"value":0.2,"unit":""},"voc":{"value":1.1321966,"unit":"V"},"isc":{"value":0.00096961,"unit":"A"},"jsc":{"value":20.89667882,"unit":"mA\/cm2"},"imax":{"value":0.00090807,"unit":"A"},"vmax":{"value":0.95394981,"unit":"V"},"pmax":{"value":0.86624859,"unit":"mW"},"fill_factor":{"value":78.9088,"unit":"%"},"efficiency":{"value":18.6692,"unit":"%"},"r_at_voc":{"value":99.930988,"unit":""},"r_at_isc":{"value":65976.75,"unit":""},"power":{"value":0.00102208,"unit":"W"},"rshunt":{"value":"NaN","unit":"ohm"},"cell_temp_start":{"value":"NaN","unit":""},"cell_temp_end":{"value":"NaN","unit":""},"exposure":{"value":3.729,"unit":""},"time":{"value":"18:32:24","unit":""},"date":{"value":"08\/09\/2023","unit":""},"V":{"value":[1.3,1.25,1.2,1.15,1.1,1.05,1,0.95,0.9,0.85,0.8,0.75,0.7,0.65,0.6,0.55,0.5,0.45,0.4,0.35,0.3,0.25,0.2,0.15,0.1,0.05,0,-0.05,-0.1,-0.15,-0.2],"unit":"V"},"I":{"value":[-0.0024805,-0.00158875,-0.00083398,-0.00017816,0.00032219,0.00065915,0.0008396,0.00091168,0.0009385,0.00094687,0.00095178,0.00095408,0.00095677,0.00095796,0.00095957,0.00096079,0.00096205,0.00096312,0.00096366,0.00096449,0.00096462,0.00096602,0.00096631,0.00096678,0.00096864,0.00096897,0.00097065,0.00097086,0.00097071,0.00097162,0.00097215],"unit":"A"},"J":{"unit":"A\/cm2","value":[-0.05345905172413794,-0.03424030172413794,-0.017973706896551724,-0.0038396551724137933,0.00694375,0.014205818965517241,0.0180948275862069,0.019648275862068968,0.020226293103448277,0.02040668103448276,0.020512500000000003,0.020562068965517245,0.02062004310344828,0.020645689655172415,0.020680387931034484,0.02070668103448276,0.020733836206896554,0.02075689655172414,0.020768534482758623,0.020786422413793106,0.020789224137931037,0.02081939655172414,0.02082564655172414,0.020835775862068966,0.02087586206896552,0.020882974137931037,0.02091918103448276,0.020923706896551725,0.020920474137931036,0.020940086206896552,0.020951508620689657]},"cell_dimension":{"value":0.0464,"unit":"cm2"},"sweep_direction":{"unit":"","value":"Forward"},"key":"Forward 83 OLAI + OA 10S_20230809"},{"sample_area":{"value":0.0464,"unit":"cm2"},"irradiance":{"value":1,"unit":""},"pre_sweep_delay":{"value":1,"unit":""},"bias_direction":{"value":0,"unit":""},"max_reverse_bias":{"value":-0.2,"unit":""},"max_forward_bias":{"value":1.3,"unit":""},"num_sweep_points":{"value":31,"unit":""},"dwell_time":{"value":0,"unit":""},"current_limit":{"value":100,"unit":""},"pviv_10a_i_amp":{"value":0,"unit":""},"average":{"value":1,"unit":""},"dark_current":{"value":0,"unit":""},"rshunt_v_lo":{"value":-0.2,"unit":""},"rshunt_v_hi":{"value":0.2,"unit":""},"voc":{"value":1.13906134,"unit":"V"},"isc":{"value":0.0009621,"unit":"A"},"jsc":{"value":20.73491019,"unit":"mA\/cm2"},"imax":{"value":0.00090315,"unit":"A"},"vmax":{"value":0.94608136,"unit":"V"},"pmax":{"value":0.854453,"unit":"mW"},"fill_factor":{"value":77.9688,"unit":"%"},"efficiency":{"value":18.4149,"unit":"%"},"r_at_voc":{"value":120.575704,"unit":""},"r_at_isc":{"value":99042.707,"unit":""},"power":{"value":0.0010144,"unit":"W"},"rshunt":{"value":"NaN","unit":"ohm"},"cell_temp_start":{"value":"NaN","unit":""},"cell_temp_end":{"value":"NaN","unit":""},"exposure":{"value":3.899,"unit":""},"time":{"value":"18:31:39","unit":""},"date":{"value":"08\/09\/2023","unit":""},"V":{"value":[1.3,1.25,1.2,1.15,1.1,1.05,1,0.95,0.9,0.85,0.8,0.75,0.7,0.65,0.6,0.55,0.5,0.45,0.4,0.35,0.3,0.25,0.2,0.15,0.1,0.05,0,-0.05,-0.1,-0.15,-0.2],"unit":"V"},"I":{"value":[-0.00192638,-0.00121428,-0.00060586,-9.072e-5,0.00032396,0.00063715,0.0008168,0.00089926,0.00093126,0.00094136,0.00094661,0.00094862,0.00095026,0.0009512,0.00095369,0.00095452,0.00095515,0.00095627,0.00095699,0.00095793,0.00095853,0.00095953,0.00096036,0.0009608,0.00096075,0.00096112,0.00096275,0.00096438,0.00096265,0.0009631,0.00096358],"unit":"A"},"J":{"unit":"A\/cm2","value":[-0.04151681034482759,-0.0261698275862069,-0.013057327586206896,-0.0019551724137931038,0.006981896551724138,0.01373168103448276,0.01760344827586207,0.019380603448275864,0.020070258620689656,0.02028793103448276,0.020401077586206896,0.02044439655172414,0.020479741379310346,0.0205,0.02055366379310345,0.020571551724137934,0.02058512931034483,0.02060926724137931,0.02062478448275862,0.020645043103448276,0.020657974137931034,0.020679525862068966,0.02069741379310345,0.02070689655172414,0.020705818965517243,0.020713793103448275,0.020748922413793103,0.02078405172413793,0.02074676724137931,0.020756465517241383,0.020766810344827587]},"cell_dimension":{"value":0.0464,"unit":"cm2"},"sweep_direction":{"unit":"","value":"Forward"},"key":"Forward 82 OLAI + OA 10S_20230809"},{"sample_area":{"value":0.0464,"unit":"cm2"},"irradiance":{"value":1,"unit":""},"pre_sweep_delay":{"value":1,"unit":""},"bias_direction":{"value":0,"unit":""},"max_reverse_bias":{"value":-0.2,"unit":""},"max_forward_bias":{"value":1.3,"unit":""},"num_sweep_points":{"value":31,"unit":""},"dwell_time":{"value":0,"unit":""},"current_limit":{"value":100,"unit":""},"pviv_10a_i_amp":{"value":0,"unit":""},"average":{"value":1,"unit":""},"dark_current":{"value":0,"unit":""},"rshunt_v_lo":{"value":-0.2,"unit":""},"rshunt_v_hi":{"value":0.2,"unit":""},"voc":{"value":1.14285647,"unit":"V"},"isc":{"value":0.00096063,"unit":"A"},"jsc":{"value":20.70332161,"unit":"mA\/cm2"},"imax":{"value":0.00090088,"unit":"A"},"vmax":{"value":0.95021353,"unit":"V"},"pmax":{"value":0.85603072,"unit":"mW"},"fill_factor":{"value":77.9722,"unit":"%"},"efficiency":{"value":18.4489,"unit":"%"},"r_at_voc":{"value":120.213637,"unit":""},"r_at_isc":{"value":87506.464,"unit":""},"power":{"value":0.00101632,"unit":"W"},"rshunt":{"value":"NaN","unit":"ohm"},"cell_temp_start":{"value":"NaN","unit":""},"cell_temp_end":{"value":"NaN","unit":""},"exposure":{"value":3.908,"unit":""},"time":{"value":"18:31:17","unit":""},"date":{"value":"08\/09\/2023","unit":""},"V":{"value":[1.3,1.25,1.2,1.15,1.1,1.05,1,0.95,0.9,0.85,0.8,0.75,0.7,0.65,0.6,0.55,0.5,0.45,0.4,0.35,0.3,0.25,0.2,0.15,0.1,0.05,0,-0.05,-0.1,-0.15,-0.2],"unit":"V"},"I":{"value":[-0.00215289,-0.00130353,-0.00060832,-5.942e-5,0.0003565,0.0006542,0.00082427,0.00090108,0.00093044,0.00094056,0.00094561,0.00094801,0.00094859,0.00094982,0.00095103,0.00095186,0.00095313,0.00095378,0.00095559,0.00095631,0.00095739,0.00095788,0.00095847,0.00095898,0.00095875,0.00095949,0.0009601,0.00096252,0.00096217,0.00096292,0.00096203],"unit":"A"},"J":{"unit":"A\/cm2","value":[-0.046398491379310354,-0.028093318965517245,-0.013110344827586207,-0.0012806034482758621,0.007683189655172415,0.014099137931034483,0.017764439655172416,0.019419827586206896,0.020052586206896553,0.020270689655172414,0.020379525862068967,0.02043125,0.020443750000000004,0.020470258620689658,0.020496336206896552,0.020514224137931036,0.020541594827586208,0.020555603448275863,0.02059461206896552,0.02061012931034483,0.020633405172413796,0.020643965517241382,0.02065668103448276,0.020667672413793105,0.02066271551724138,0.02067866379310345,0.020691810344827588,0.02074396551724138,0.020736422413793105,0.020752586206896555,0.020733405172413795]},"cell_dimension":{"value":0.0464,"unit":"cm2"},"sweep_direction":{"unit":"","value":"Forward"},"key":"Forward 81 OLAI + OA 10S_20230809"},{"sample_area":{"value":0.0464,"unit":"cm2"},"irradiance":{"value":1,"unit":""},"pre_sweep_delay":{"value":1,"unit":""},"bias_direction":{"value":0,"unit":""},"max_reverse_bias":{"value":-0.2,"unit":""},"max_forward_bias":{"value":1.3,"unit":""},"num_sweep_points":{"value":31,"unit":""},"dwell_time":{"value":0,"unit":""},"current_limit":{"value":100,"unit":""},"pviv_10a_i_amp":{"value":0,"unit":""},"average":{"value":1,"unit":""},"dark_current":{"value":0,"unit":""},"rshunt_v_lo":{"value":-0.2,"unit":""},"rshunt_v_hi":{"value":0.2,"unit":""},"voc":{"value":1.13375638,"unit":"V"},"isc":{"value":0.00102121,"unit":"A"},"jsc":{"value":22.00874177,"unit":"mA\/cm2"},"imax":{"value":0.00094683,"unit":"A"},"vmax":{"value":0.955321,"unit":"V"},"pmax":{"value":0.9045227,"unit":"mW"},"fill_factor":{"value":78.1244,"unit":"%"},"efficiency":{"value":19.494,"unit":"%"},"r_at_voc":{"value":96.620617,"unit":""},"r_at_isc":{"value":33420.835,"unit":""},"power":{"value":0.00107089,"unit":"W"},"rshunt":{"value":"NaN","unit":"ohm"},"cell_temp_start":{"value":"NaN","unit":""},"cell_temp_end":{"value":"NaN","unit":""},"exposure":{"value":3.725,"unit":""},"time":{"value":"18:29:52","unit":""},"date":{"value":"08\/09\/2023","unit":""},"V":{"value":[1.3,1.25,1.2,1.15,1.1,1.05,1,0.95,0.9,0.85,0.8,0.75,0.7,0.65,0.6,0.55,0.5,0.45,0.4,0.35,0.3,0.25,0.2,0.15,0.1,0.05,0,-0.05,-0.1,-0.15,-0.2],"unit":"V"},"I":{"value":[-0.00253403,-0.0016169,-0.00083852,-0.00016812,0.00034937,0.0006919,0.00087663,0.00095182,0.00097839,0.00098733,0.00099267,0.00099679,0.00099893,0.00100095,0.00100304,0.0010036,0.00100715,0.0010082,0.00101018,0.00101169,0.00101275,0.00101377,0.00101422,0.00101645,0.00101861,0.00101953,0.00102119,0.00102405,0.00102374,0.00102545,0.00102704],"unit":"A"},"J":{"unit":"A\/cm2","value":[-0.05461271551724138,-0.03484698275862069,-0.018071551724137932,-0.003623275862068966,0.007529525862068966,0.014911637931034482,0.018892887931034483,0.02051336206896552,0.021085991379310345,0.02127866379310345,0.02139375,0.021482543103448277,0.02152866379310345,0.02157219827586207,0.021617241379310346,0.02162931034482759,0.021705818965517244,0.021728448275862067,0.021771120689655175,0.02180366379310345,0.021826508620689657,0.021848491379310345,0.021858189655172413,0.02190625,0.021952801724137935,0.02197262931034483,0.022008405172413793,0.02207004310344828,0.022063362068965517,0.02210021551724138,0.022134482758620688]},"cell_dimension":{"value":0.0464,"unit":"cm2"},"sweep_direction":{"unit":"","value":"Forward"},"key":"Forward 74 OLAI + OA 10S_20230809"},{"sample_area":{"value":0.0464,"unit":"cm2"},"irradiance":{"value":1,"unit":""},"pre_sweep_delay":{"value":1,"unit":""},"bias_direction":{"value":0,"unit":""},"max_reverse_bias":{"value":-0.2,"unit":""},"max_forward_bias":{"value":1.3,"unit":""},"num_sweep_points":{"value":31,"unit":""},"dwell_time":{"value":0,"unit":""},"current_limit":{"value":100,"unit":""},"pviv_10a_i_amp":{"value":0,"unit":""},"average":{"value":1,"unit":""},"dark_current":{"value":0,"unit":""},"rshunt_v_lo":{"value":-0.2,"unit":""},"rshunt_v_hi":{"value":0.2,"unit":""},"voc":{"value":1.12951574,"unit":"V"},"isc":{"value":0.00102313,"unit":"A"},"jsc":{"value":22.05024765,"unit":"mA\/cm2"},"imax":{"value":0.00094147,"unit":"A"},"vmax":{"value":0.94998473,"unit":"V"},"pmax":{"value":0.89438425,"unit":"mW"},"fill_factor":{"value":77.3928,"unit":"%"},"efficiency":{"value":19.2755,"unit":"%"},"r_at_voc":{"value":97.845022,"unit":""},"r_at_isc":{"value":36825.261,"unit":""},"power":{"value":0.00106559,"unit":"W"},"rshunt":{"value":"NaN","unit":"ohm"},"cell_temp_start":{"value":"NaN","unit":""},"cell_temp_end":{"value":"NaN","unit":""},"exposure":{"value":3.733,"unit":""},"time":{"value":"18:29:34","unit":""},"date":{"value":"08\/09\/2023","unit":""},"V":{"value":[1.3,1.25,1.2,1.15,1.1,1.05,1,0.95,0.9,0.85,0.8,0.75,0.7,0.65,0.6,0.55,0.5,0.45,0.4,0.35,0.3,0.25,0.2,0.15,0.1,0.05,0,-0.05,-0.1,-0.15,-0.2],"unit":"V"},"I":{"value":[-0.00250316,-0.00162313,-0.00086662,-0.00020935,0.00030166,0.00065603,0.00085514,0.00094146,0.00097203,0.00098555,0.00099151,0.00099595,0.00099968,0.00100089,0.00100412,0.00100561,0.00100862,0.00101001,0.00101079,0.00101327,0.00101516,0.00101642,0.00101709,0.00101879,0.00102077,0.00102149,0.00102323,0.00102597,0.00102568,0.00102642,0.00102851],"unit":"A"},"J":{"unit":"A\/cm2","value":[-0.05394741379310345,-0.03498125,-0.018677155172413796,-0.004511853448275862,0.006501293103448276,0.014138577586206898,0.018429741379310347,0.020290086206896554,0.020948922413793106,0.021240301724137933,0.02136875,0.021464439655172415,0.021544827586206898,0.021570905172413793,0.021640517241379314,0.021672629310344832,0.0217375,0.021767456896551726,0.02178426724137931,0.02183771551724138,0.02187844827586207,0.021905603448275867,0.021920043103448278,0.021956681034482763,0.021999353448275864,0.022014870689655172,0.022052370689655175,0.022111422413793103,0.022105172413793103,0.02212112068965517,0.02216616379310345]},"cell_dimension":{"value":0.0464,"unit":"cm2"},"sweep_direction":{"unit":"","value":"Forward"},"key":"Forward 73 OLAI + OA 10S_20230809"},{"sample_area":{"value":0.0464,"unit":"cm2"},"irradiance":{"value":1,"unit":""},"pre_sweep_delay":{"value":1,"unit":""},"bias_direction":{"value":0,"unit":""},"max_reverse_bias":{"value":-0.2,"unit":""},"max_forward_bias":{"value":1.3,"unit":""},"num_sweep_points":{"value":31,"unit":""},"dwell_time":{"value":0,"unit":""},"current_limit":{"value":100,"unit":""},"pviv_10a_i_amp":{"value":0,"unit":""},"average":{"value":1,"unit":""},"dark_current":{"value":0,"unit":""},"rshunt_v_lo":{"value":-0.2,"unit":""},"rshunt_v_hi":{"value":0.2,"unit":""},"voc":{"value":1.13560559,"unit":"V"},"isc":{"value":0.00102332,"unit":"A"},"jsc":{"value":22.05437441,"unit":"mA\/cm2"},"imax":{"value":0.00094608,"unit":"A"},"vmax":{"value":0.94221914,"unit":"V"},"pmax":{"value":0.89141755,"unit":"mW"},"fill_factor":{"value":76.708,"unit":"%"},"efficiency":{"value":19.2116,"unit":"%"},"r_at_voc":{"value":110.83808,"unit":""},"r_at_isc":{"value":43383.264,"unit":""},"power":{"value":0.0010676,"unit":"W"},"rshunt":{"value":"NaN","unit":"ohm"},"cell_temp_start":{"value":"NaN","unit":""},"cell_temp_end":{"value":"NaN","unit":""},"exposure":{"value":3.735,"unit":""},"time":{"value":"18:28:55","unit":""},"date":{"value":"08\/09\/2023","unit":""},"V":{"value":[1.3,1.25,1.2,1.15,1.1,1.05,1,0.95,0.9,0.85,0.8,0.75,0.7,0.65,0.6,0.55,0.5,0.45,0.4,0.35,0.3,0.25,0.2,0.15,0.1,0.05,0,-0.05,-0.1,-0.15,-0.2],"unit":"V"},"I":{"value":[-0.00213541,-0.00136726,-0.0007061,-0.00012987,0.00032124,0.0006463,0.00084438,0.00093766,0.00097476,0.00098851,0.00099374,0.0009974,0.00100108,0.00100352,0.00100541,0.00100794,0.00101061,0.00101159,0.00101274,0.00101414,0.00101617,0.00101736,0.00101863,0.00101973,0.00102123,0.00102269,0.0010229,0.00102607,0.00102517,0.00102648,0.00102743],"unit":"A"},"J":{"unit":"A\/cm2","value":[-0.04602176724137931,-0.029466810344827586,-0.015217672413793104,-0.0027989224137931036,0.006923275862068965,0.01392887931034483,0.01819784482758621,0.020208189655172414,0.021007758620689657,0.021304094827586207,0.021416810344827585,0.021495689655172418,0.021575,0.021627586206896553,0.02166831896551724,0.021722844827586206,0.02178038793103448,0.021801508620689657,0.021826293103448278,0.02185646551724138,0.021900215517241382,0.021925862068965518,0.02195323275862069,0.021976939655172414,0.02200926724137931,0.02204073275862069,0.022045258620689658,0.022113577586206898,0.022094181034482758,0.022122413793103448,0.022142887931034482]},"cell_dimension":{"value":0.0464,"unit":"cm2"},"sweep_direction":{"unit":"","value":"Forward"},"key":"Forward 72 OLAI + OA 10S_20230809"},{"sample_area":{"value":0.0464,"unit":"cm2"},"irradiance":{"value":1,"unit":""},"pre_sweep_delay":{"value":1,"unit":""},"bias_direction":{"value":0,"unit":""},"max_reverse_bias":{"value":-0.2,"unit":""},"max_forward_bias":{"value":1.3,"unit":""},"num_sweep_points":{"value":31,"unit":""},"dwell_time":{"value":0,"unit":""},"current_limit":{"value":100,"unit":""},"pviv_10a_i_amp":{"value":0,"unit":""},"average":{"value":1,"unit":""},"dark_current":{"value":0,"unit":""},"rshunt_v_lo":{"value":-0.2,"unit":""},"rshunt_v_hi":{"value":0.2,"unit":""},"voc":{"value":1.1404169,"unit":"V"},"isc":{"value":0.00102511,"unit":"A"},"jsc":{"value":22.09289361,"unit":"mA\/cm2"},"imax":{"value":0.00094968,"unit":"A"},"vmax":{"value":0.95032616,"unit":"V"},"pmax":{"value":0.90251018,"unit":"mW"},"fill_factor":{"value":77.2001,"unit":"%"},"efficiency":{"value":19.4507,"unit":"%"},"r_at_voc":{"value":109.003105,"unit":""},"r_at_isc":{"value":40184.41,"unit":""},"power":{"value":0.00107652,"unit":"W"},"rshunt":{"value":"NaN","unit":"ohm"},"cell_temp_start":{"value":"NaN","unit":""},"cell_temp_end":{"value":"NaN","unit":""},"exposure":{"value":3.903,"unit":""},"time":{"value":"18:28:30","unit":""},"date":{"value":"08\/09\/2023","unit":""},"V":{"value":[1.3,1.25,1.2,1.15,1.1,1.05,1,0.95,0.9,0.85,0.8,0.75,0.7,0.65,0.6,0.55,0.5,0.45,0.4,0.35,0.3,0.25,0.2,0.15,0.1,0.05,0,-0.05,-0.1,-0.15,-0.2],"unit":"V"},"I":{"value":[-0.00247836,-0.00149553,-0.00070388,-8.792e-5,0.00037079,0.00069159,0.00087077,0.00095001,0.00098107,0.00099144,0.00099766,0.00099995,0.00100201,0.00100487,0.00100723,0.00100859,0.00101104,0.00101187,0.00101503,0.00101504,0.0010171,0.0010186,0.00102106,0.00102168,0.00102223,0.00102362,0.00102544,0.00102632,0.00102827,0.00102836,0.00102985],"unit":"A"},"J":{"unit":"A\/cm2","value":[-0.05341293103448277,-0.03223125,-0.0151698275862069,-0.0018948275862068966,0.00799116379310345,0.014904956896551724,0.01876659482758621,0.020474353448275865,0.02114375,0.021367241379310346,0.02150129310344828,0.021550646551724142,0.02159504310344828,0.021656681034482757,0.021707543103448277,0.02173685344827586,0.021789655172413793,0.021807543103448276,0.02187564655172414,0.02187586206896552,0.021920258620689654,0.02195258620689655,0.022005603448275866,0.022018965517241383,0.022030818965517243,0.02206077586206897,0.0221,0.022118965517241383,0.022160991379310345,0.02216293103448276,0.022195043103448275]},"cell_dimension":{"value":0.0464,"unit":"cm2"},"sweep_direction":{"unit":"","value":"Forward"},"key":"Forward 71 OLAI + OA 10S_20230809"}]}}