{"_id":"655ac767b3b99550162d9093","id":"JBNU-SC-00367","author":98,"group":10,"input":[{"tco":{"unit":"","value":"ITO"}},{"htl":[{"material":{"unit":"","value":"NiO_Sputter"},"concentration":{"unit":"","value":"None"},"conc_unit":{"unit":"","value":"None"},"quantity":{"unit":"ml","value":"None"}}],"solvent":[{"material":{"unit":"","value":"None"},"volume":{"unit":"ml","value":"None"}},{"material":{"unit":"","value":"None"},"volume":{"unit":"ml","value":"None"}}],"htl_doping":[{"material":{"unit":"","value":"None"},"volume":{"unit":"ul","value":"None"}}],"spin_coating":[{"type":{"unit":"","value":"None"},"rpm":{"unit":"","value":"None"},"time":{"unit":"s","value":"None"}}],"vacuum_suction":[{"unit":"s","value":"None"}],"annealing":[{"temperature":{"unit":"oC","value":"300"},"time":{"unit":"m","value":"30"}}],"module":[{"type":{"unit":"","value":"None"},"gap":{"unit":"um","value":"None"},"coating_speed":{"unit":"mm\/s","value":"None"},"feeding_amount":{"unit":"ul","value":"None"}}],"thermal_evaporation":[{"vacuum_evaporation_thickness":{"unit":"nm","value":"None"},"evaporation_rate":{"unit":"\u00c5\/s","value":"None"},"vacuum_pressure":{"unit":"uTorr","value":"None"}}]},{"htl_treatment":[{"material":{"unit":"","value":"MeO-2PACz"},"concentration":{"unit":"","value":"0.33"},"conc_unit":{"unit":"","value":"mg\/ml"},"quantity":{"unit":"ml","value":"1"}}],"solvent":[{"material":{"unit":"","value":"Ethanol"},"volume":{"unit":"ml","value":"1"}},{"material":{"unit":"","value":"None"},"volume":{"unit":"ml","value":"None"}}],"spin_coating":[{"type":{"unit":"","value":"drop&run"},"rpm":{"unit":"","value":"3000"},"time":{"unit":"s","value":"50"}}],"vacuum_suction":[{"unit":"s","value":"None"}],"annealing":[{"temperature":{"unit":"oC","value":"None"},"time":{"unit":"m","value":"None"}}],"module":[{"type":{"unit":"","value":"None"},"gap":{"unit":"um","value":"None"},"coating_speed":{"unit":"mm\/s","value":"None"},"feeding_amount":{"unit":"ul","value":"None"}}],"thermal_evaporation":[{"vacuum_evaporation_thickness":{"unit":"nm","value":"None"},"evaporation_rate":{"unit":"\u00c5\/s","value":"None"},"vacuum_pressure":{"unit":"uTorr","value":"None"}}]},{"perovskite":{"method":{"unit":"","value":"1-step"},"molarity":{"unit":"M","value":"1.45"},"a_site":[{"material":{"unit":"","value":"Cs"},"ratio":{"unit":"","value":"0.175"}},{"material":{"unit":"","value":"FA"},"ratio":{"unit":"","value":"0.825"}}],"b_site":[{"material":{"unit":"","value":"Pb"},"ratio":{"unit":"","value":"1"}},{"material":{"unit":"","value":"None"},"ratio":{"unit":"","value":"0"}}],"x_site":[{"material":{"unit":"","value":"I"},"ratio":{"unit":"","value":"2.55"}},{"material":{"unit":"","value":"Br"},"ratio":{"unit":"","value":"0.45"}}],"solvent":[{"material":{"unit":"","value":"DMF"},"volume":{"unit":"ml","value":"0.8"}},{"material":{"unit":"","value":"DMSO"},"volume":{"unit":"ml","value":"0.2"}}],"additive":[{"material":{"unit":"","value":"None"},"solvent":{"unit":"","value":"None"},"concentration":{"unit":"","value":"None"},"conc_unit":{"unit":"","value":"None"},"quantity":{"unit":"mol%","value":"None"}}],"stirring_time":[{"unit":"m","value":"120"}],"antisolvent":[{"material":{"unit":"","value":"None"},"quantity":{"unit":"ul","value":"None"},"dripping_time":{"unit":"s","value":"None"}}],"spin_coating":[{"type":{"unit":"","value":"drop&run"},"rpm":{"unit":"","value":"4000"},"time":{"unit":"s","value":"10"}}],"vacuum_suction":[{"unit":"s","value":"60"}],"annealing":[{"temperature":{"unit":"oC","value":"100"},"time":{"unit":"m","value":"30"}}],"atmosphere":[{"type":{"unit":"","value":"N2"},"temperature":{"unit":"oC","value":"28"},"humidity":{"unit":"RH%","value":"0"}}],"assist":[{"type":{"unit":"","value":"None"},"temperature":{"unit":"oC","value":"None"},"assist_start_time":{"value":null,"unit":"s"},"total_assist_time":{"value":"None","unit":"s"}}],"module":[{"type":{"unit":"","value":"None"},"gap":{"unit":"um","value":"None"},"coating_speed":{"unit":"mm\/s","value":"None"},"feeding_amount":{"unit":"ul","value":"None"}}],"thermal_evaporation":[{"vacuum_evaporation_thickness":{"unit":"nm","value":"None"},"evaporation_rate":{"unit":"\u00c5\/s","value":"None"},"vacuum_pressure":{"unit":"uTorr","value":"None"}}]}},{"perovskite_treatment":[{"material":{"unit":"","value":"OA"},"concentration":{"unit":"","value":"None"},"conc_unit":{"unit":"","value":"None"},"quantity":{"unit":"ml","value":"0.1"}}],"solvent":[{"material":{"unit":"","value":"None"},"volume":{"unit":"ml","value":"None"}},{"material":{"unit":"","value":"None"},"volume":{"unit":"ml","value":"None"}}],"spin_coating":[{"type":{"unit":"","value":"None"},"rpm":{"unit":"","value":"None"},"time":{"unit":"s","value":"None"}}],"vacuum_suction":[{"unit":"s","value":"None"}],"annealing":[{"temperature":{"unit":"oC","value":"0"},"time":{"unit":"m","value":"0.5"}}],"module":[{"type":{"unit":"","value":"None"},"gap":{"unit":"um","value":"None"},"coating_speed":{"unit":"mm\/s","value":"None"},"feeding_amount":{"unit":"ul","value":"None"}}],"thermal_evaporation":[{"vacuum_evaporation_thickness":{"unit":"nm","value":"None"},"evaporation_rate":{"unit":"\u00c5\/s","value":"None"},"vacuum_pressure":{"unit":"uTorr","value":"None"}}]},{"etl":[{"material":{"unit":"","value":"C60"},"concentration":{"unit":"","value":"None"},"conc_unit":{"unit":"","value":"None"},"quantity":{"unit":"ml","value":"None"}}],"solvent":[{"material":{"unit":"","value":"None"},"volume":{"unit":"ml","value":"None"}},{"material":{"unit":"","value":"None"},"volume":{"unit":"ml","value":"None"}}],"spin_coating":[{"type":{"unit":"","value":"None"},"rpm":{"unit":"","value":"None"},"time":{"unit":"s","value":"None"}}],"vacuum_suction":[{"unit":"s","value":"None"}],"annealing":[{"temperature":{"unit":"oC","value":"None"},"time":{"unit":"m","value":"None"}}],"etl_doping":[{"material":{"unit":"","value":"None"},"volume":{"unit":"ul","value":"None"}}],"module":[{"type":{"unit":"","value":"None"},"gap":{"unit":"um","value":"None"},"coating_speed":{"unit":"mm\/s","value":"None"},"feeding_amount":{"unit":"ul","value":"None"}}],"thermal_evaporation":[{"vacuum_evaporation_thickness":{"unit":"nm","value":"30"},"evaporation_rate":{"unit":"\u00c5\/s","value":"0.6"},"vacuum_pressure":{"unit":"uTorr","value":"2x10-6"}}]},{"blocking_buffer_layer":[{"material":{"unit":"","value":"BCP"},"concentration":{"unit":"","value":"None"},"conc_unit":{"unit":"","value":"None"},"quantity":{"unit":"ml","value":"None"}}],"solvent":[{"material":{"unit":"","value":"None"},"volume":{"unit":"ml","value":"None"}},{"material":{"unit":"","value":"None"},"volume":{"unit":"ml","value":"None"}}],"spin_coating":[{"type":{"unit":"","value":"None"},"rpm":{"unit":"","value":"None"},"time":{"unit":"s","value":"None"}}],"vacuum_suction":[{"unit":"s","value":"0"}],"annealing":[{"temperature":{"unit":"oC","value":"None"},"time":{"unit":"m","value":"None"}}],"module":[{"type":{"unit":"","value":"None"},"gap":{"unit":"um","value":"None"},"coating_speed":{"unit":"mm\/s","value":"None"},"feeding_amount":{"unit":"ul","value":"None"}}],"thermal_evaporation":[{"vacuum_evaporation_thickness":{"unit":"nm","value":"6"},"evaporation_rate":{"unit":"\u00c5\/s","value":"0.6"},"vacuum_pressure":{"unit":"uTorr","value":"2x10-6"}}]},{"anode_metal":{"unit":"","value":"Ag"}},{"note":{"unit":"","value":"-"},"ar":{"unit":"","value":"0"},"type":{"unit":"","value":"unit_cell"},"device_type":{"unit":"","value":"p-i-n"},"temperature":{"unit":"\u2103","value":"25"},"humidity":{"unit":"%","value":"40"},"cell_dimension":{"unit":"cm2","value":"0.0464"}}],"fileinfo":[{"key":"Forward 134 OA 30S_20230811","uploadType":"JV","original_name":"Forward 134 OA 30S_20230811-172450.txt","save_name":"JBNU-SC-00367\/Forward 134 OA 30S_20230811","uploader":98,"fileType":""},{"key":"Forward 141 OA 30S_20230811","uploadType":"JV","original_name":"Forward 141 OA 30S_20230811-172525.txt","save_name":"JBNU-SC-00367\/Forward 141 OA 30S_20230811","uploader":98,"fileType":""},{"key":"Forward 142 OA 30S_20230811","uploadType":"JV","original_name":"Forward 142 OA 30S_20230811-172548.txt","save_name":"JBNU-SC-00367\/Forward 142 OA 30S_20230811","uploader":98,"fileType":""},{"key":"Forward 143 OA 30S_20230811","uploadType":"JV","original_name":"Forward 143 OA 30S_20230811-172609.txt","save_name":"JBNU-SC-00367\/Forward 143 OA 30S_20230811","uploader":98,"fileType":""},{"key":"Forward 144 OA 30S_20230811","uploadType":"JV","original_name":"Forward 144 OA 30S_20230811-172628.txt","save_name":"JBNU-SC-00367\/Forward 144 OA 30S_20230811","uploader":98,"fileType":""},{"key":"Forward 131 OA 30S_20230811","uploadType":"JV","original_name":"Forward 131 OA 30S_20230811-172339.txt","save_name":"JBNU-SC-00367\/Forward 131 OA 30S_20230811","uploader":98,"fileType":""},{"key":"Forward 132 OA 30S_20230811","uploadType":"JV","original_name":"Forward 132 OA 30S_20230811-172403.txt","save_name":"JBNU-SC-00367\/Forward 132 OA 30S_20230811","uploader":98,"fileType":""},{"key":"Forward 133 OA 30S_20230811","uploadType":"JV","original_name":"Forward 133 OA 30S_20230811-172427.txt","save_name":"JBNU-SC-00367\/Forward 133 OA 30S_20230811","uploader":98,"fileType":""}],"jvcnt":8,"updated_at":"2024-08-07 02:33:50","created_at":"2023-11-20 02:41:43","analysisInfo":{"JV":[{"efficiency":16.2954,"fill_factor":72.2543,"jsc":20.44011969,"voc":1.10335925,"key":"Forward 144 OA 30S_20230811","cell_dimension":0.0464},{"efficiency":14.4726,"fill_factor":67.742,"jsc":19.56400654,"voc":1.09202055,"key":"Forward 143 OA 30S_20230811","cell_dimension":0.0464},{"efficiency":14.7392,"fill_factor":68.0989,"jsc":19.47002077,"voc":1.11164791,"key":"Forward 142 OA 30S_20230811","cell_dimension":0.0464},{"efficiency":17.685,"fill_factor":71.3288,"jsc":21.75233895,"voc":1.13981611,"key":"Forward 141 OA 30S_20230811","cell_dimension":0.0464},{"efficiency":16.3805,"fill_factor":72.589,"jsc":20.15215298,"voc":1.11978768,"key":"Forward 134 OA 30S_20230811","cell_dimension":0.0464},{"efficiency":17.1958,"fill_factor":75.2504,"jsc":20.439894,"voc":1.11798485,"key":"Forward 133 OA 30S_20230811","cell_dimension":0.0464},{"efficiency":16.185,"fill_factor":72.0605,"jsc":19.91609822,"voc":1.12774822,"key":"Forward 132 OA 30S_20230811","cell_dimension":0.0464},{"efficiency":16.1774,"fill_factor":67.2813,"jsc":21.01352028,"voc":1.14423372,"key":"Forward 131 OA 30S_20230811","cell_dimension":0.0464}]},"public":2,"analysis":{"JV":[{"sample_area":{"value":0.0464,"unit":"cm2"},"irradiance":{"value":1,"unit":""},"pre_sweep_delay":{"value":1,"unit":""},"bias_direction":{"value":0,"unit":""},"max_reverse_bias":{"value":-0.2,"unit":""},"max_forward_bias":{"value":1.3,"unit":""},"num_sweep_points":{"value":31,"unit":""},"dwell_time":{"value":0,"unit":""},"current_limit":{"value":100,"unit":""},"pviv_10a_i_amp":{"value":0,"unit":""},"average":{"value":1,"unit":""},"dark_current":{"value":0,"unit":""},"rshunt_v_lo":{"value":-0.2,"unit":""},"rshunt_v_hi":{"value":0.2,"unit":""},"voc":{"value":1.10335925,"unit":"V"},"isc":{"value":0.00094842,"unit":"A"},"jsc":{"value":20.44011969,"unit":"mA\/cm2"},"imax":{"value":0.00081309,"unit":"A"},"vmax":{"value":0.92991025,"unit":"V"},"pmax":{"value":0.75610482,"unit":"mW"},"fill_factor":{"value":72.2543,"unit":"%"},"efficiency":{"value":16.2954,"unit":"%"},"r_at_voc":{"value":91.967346,"unit":""},"r_at_isc":{"value":11536.713,"unit":""},"power":{"value":0.0009308,"unit":"W"},"rshunt":{"value":"NaN","unit":"ohm"},"cell_temp_start":{"value":"NaN","unit":""},"cell_temp_end":{"value":"NaN","unit":""},"exposure":{"value":3.924,"unit":""},"time":{"value":"17:26:28","unit":""},"date":{"value":"08\/11\/2023","unit":""},"V":{"value":[1.3,1.25,1.2,1.15,1.1,1.05,1,0.95,0.9,0.85,0.8,0.75,0.7,0.65,0.6,0.55,0.5,0.45,0.4,0.35,0.3,0.25,0.2,0.15,0.1,0.05,0,-0.05,-0.1,-0.15,-0.2],"unit":"V"},"I":{"value":[-0.00316319,-0.00208284,-0.00117229,-0.00050714,3.653e-5,0.00042616,0.00068842,0.00079168,0.00083315,0.00085271,0.00087077,0.0008723,0.00087934,0.00088495,0.00089204,0.00089708,0.00090125,0.00090733,0.00091108,0.00091637,0.00092051,0.00092441,0.00092969,0.00094158,0.00093887,0.00094317,0.00094717,0.00096248,0.00095514,0.00095926,0.00096269],"unit":"A"},"J":{"unit":"A\/cm2","value":[-0.06817219827586207,-0.044888793103448274,-0.025264870689655175,-0.010929741379310345,0.0007872844827586207,0.009184482758620691,0.014836637931034484,0.017062068965517242,0.01795581896551724,0.018377370689655174,0.01876659482758621,0.01879956896551724,0.01895129310344828,0.01907219827586207,0.019225000000000003,0.019333620689655173,0.019423491379310348,0.019554525862068968,0.019635344827586207,0.019749353448275865,0.0198385775862069,0.019922629310344827,0.020036422413793106,0.020292672413793105,0.020234267241379313,0.020326939655172415,0.02041314655172414,0.020743103448275863,0.02058491379310345,0.020673706896551725,0.02074762931034483]},"cell_dimension":{"value":0.0464,"unit":"cm2"},"sweep_direction":{"unit":"","value":"Forward"},"key":"Forward 144 OA 30S_20230811"},{"sample_area":{"value":0.0464,"unit":"cm2"},"irradiance":{"value":1,"unit":""},"pre_sweep_delay":{"value":1,"unit":""},"bias_direction":{"value":0,"unit":""},"max_reverse_bias":{"value":-0.2,"unit":""},"max_forward_bias":{"value":1.3,"unit":""},"num_sweep_points":{"value":31,"unit":""},"dwell_time":{"value":0,"unit":""},"current_limit":{"value":100,"unit":""},"pviv_10a_i_amp":{"value":0,"unit":""},"average":{"value":1,"unit":""},"dark_current":{"value":0,"unit":""},"rshunt_v_lo":{"value":-0.2,"unit":""},"rshunt_v_hi":{"value":0.2,"unit":""},"voc":{"value":1.09202055,"unit":"V"},"isc":{"value":0.00090777,"unit":"A"},"jsc":{"value":19.56400654,"unit":"mA\/cm2"},"imax":{"value":0.00073871,"unit":"A"},"vmax":{"value":0.90905266,"unit":"V"},"pmax":{"value":0.67152852,"unit":"mW"},"fill_factor":{"value":67.742,"unit":"%"},"efficiency":{"value":14.4726,"unit":"%"},"r_at_voc":{"value":154.667859,"unit":""},"r_at_isc":{"value":8095.6,"unit":""},"power":{"value":0.00085467,"unit":"W"},"rshunt":{"value":"NaN","unit":"ohm"},"cell_temp_start":{"value":"NaN","unit":""},"cell_temp_end":{"value":"NaN","unit":""},"exposure":{"value":3.898,"unit":""},"time":{"value":"17:26:09","unit":""},"date":{"value":"08\/11\/2023","unit":""},"V":{"value":[1.3,1.25,1.2,1.15,1.1,1.05,1,0.95,0.9,0.85,0.8,0.75,0.7,0.65,0.6,0.55,0.5,0.45,0.4,0.35,0.3,0.25,0.2,0.15,0.1,0.05,0,-0.05,-0.1,-0.15,-0.2],"unit":"V"},"I":{"value":[-0.00225184,-0.00154229,-0.00096686,-0.0004181,-5.159e-5,0.00027168,0.00054313,0.00068672,0.00074552,0.00077342,0.00079844,0.00080257,0.0008124,0.0008201,0.0008381,0.00084627,0.00084152,0.0008491,0.00086569,0.00086157,0.00086667,0.00088221,0.00088836,0.00088443,0.00088863,0.0008944,0.00090815,0.00093608,0.00091841,0.00092232,0.00092787],"unit":"A"},"J":{"unit":"A\/cm2","value":[-0.048531034482758625,-0.03323900862068966,-0.020837500000000002,-0.009010775862068967,-0.001111853448275862,0.005855172413793104,0.011705387931034483,0.014800000000000002,0.016067241379310346,0.016668534482758623,0.017207758620689656,0.01729676724137931,0.017508620689655172,0.017674568965517244,0.018062500000000002,0.018238577586206898,0.018136206896551727,0.01829956896551724,0.018657112068965517,0.018568318965517243,0.018678232758620694,0.01901314655172414,0.019145689655172417,0.019060991379310346,0.019151508620689657,0.01927586206896552,0.019572198275862072,0.020174137931034484,0.019793318965517243,0.019877586206896555,0.01999719827586207]},"cell_dimension":{"value":0.0464,"unit":"cm2"},"sweep_direction":{"unit":"","value":"Forward"},"key":"Forward 143 OA 30S_20230811"},{"sample_area":{"value":0.0464,"unit":"cm2"},"irradiance":{"value":1,"unit":""},"pre_sweep_delay":{"value":1,"unit":""},"bias_direction":{"value":0,"unit":""},"max_reverse_bias":{"value":-0.2,"unit":""},"max_forward_bias":{"value":1.3,"unit":""},"num_sweep_points":{"value":31,"unit":""},"dwell_time":{"value":0,"unit":""},"current_limit":{"value":100,"unit":""},"pviv_10a_i_amp":{"value":0,"unit":""},"average":{"value":1,"unit":""},"dark_current":{"value":0,"unit":""},"rshunt_v_lo":{"value":-0.2,"unit":""},"rshunt_v_hi":{"value":0.2,"unit":""},"voc":{"value":1.11164791,"unit":"V"},"isc":{"value":0.00090341,"unit":"A"},"jsc":{"value":19.47002077,"unit":"mA\/cm2"},"imax":{"value":0.00075442,"unit":"A"},"vmax":{"value":0.90652864,"unit":"V"},"pmax":{"value":0.68389912,"unit":"mW"},"fill_factor":{"value":68.0989,"unit":"%"},"efficiency":{"value":14.7392,"unit":"%"},"r_at_voc":{"value":112.274071,"unit":""},"r_at_isc":{"value":8009.973,"unit":""},"power":{"value":0.00086586,"unit":"W"},"rshunt":{"value":"NaN","unit":"ohm"},"cell_temp_start":{"value":"NaN","unit":""},"cell_temp_end":{"value":"NaN","unit":""},"exposure":{"value":3.728,"unit":""},"time":{"value":"17:25:48","unit":""},"date":{"value":"08\/11\/2023","unit":""},"V":{"value":[1.3,1.25,1.2,1.15,1.1,1.05,1,0.95,0.9,0.85,0.8,0.75,0.7,0.65,0.6,0.55,0.5,0.45,0.4,0.35,0.3,0.25,0.2,0.15,0.1,0.05,0,-0.05,-0.1,-0.15,-0.2],"unit":"V"},"I":{"value":[-0.00259531,-0.00166883,-0.00096158,-0.00034159,0.00010375,0.00039241,0.00059432,0.00070208,0.00075953,0.00078099,0.00078524,0.00079641,0.00081612,0.00082425,0.00082127,0.00082967,0.0008373,0.00085551,0.00085043,0.00086773,0.00086379,0.00087095,0.00087694,0.00088358,0.00089908,0.00089512,0.00090112,0.00091502,0.00092126,0.00091836,0.00092361],"unit":"A"},"J":{"unit":"A\/cm2","value":[-0.0559334051724138,-0.03596616379310345,-0.020723706896551723,-0.007361853448275863,0.002235991379310345,0.008457112068965518,0.012808620689655173,0.015131034482758621,0.01636918103448276,0.016831681034482758,0.016923275862068966,0.017164008620689657,0.01758879310344828,0.017764008620689657,0.01769978448275862,0.017880818965517242,0.018045258620689657,0.01843771551724138,0.01832823275862069,0.0187010775862069,0.01861616379310345,0.018770474137931037,0.01889956896551724,0.019042672413793104,0.019376724137931036,0.01929137931034483,0.019420689655172418,0.019720258620689657,0.019854741379310346,0.019792241379310346,0.019905387931034482]},"cell_dimension":{"value":0.0464,"unit":"cm2"},"sweep_direction":{"unit":"","value":"Forward"},"key":"Forward 142 OA 30S_20230811"},{"sample_area":{"value":0.0464,"unit":"cm2"},"irradiance":{"value":1,"unit":""},"pre_sweep_delay":{"value":1,"unit":""},"bias_direction":{"value":0,"unit":""},"max_reverse_bias":{"value":-0.2,"unit":""},"max_forward_bias":{"value":1.3,"unit":""},"num_sweep_points":{"value":31,"unit":""},"dwell_time":{"value":0,"unit":""},"current_limit":{"value":100,"unit":""},"pviv_10a_i_amp":{"value":0,"unit":""},"average":{"value":1,"unit":""},"dark_current":{"value":0,"unit":""},"rshunt_v_lo":{"value":-0.2,"unit":""},"rshunt_v_hi":{"value":0.2,"unit":""},"voc":{"value":1.13981611,"unit":"V"},"isc":{"value":0.00100931,"unit":"A"},"jsc":{"value":21.75233895,"unit":"mA\/cm2"},"imax":{"value":0.00091027,"unit":"A"},"vmax":{"value":0.90147162,"unit":"V"},"pmax":{"value":0.82058543,"unit":"mW"},"fill_factor":{"value":71.3288,"unit":"%"},"efficiency":{"value":17.685,"unit":"%"},"r_at_voc":{"value":148.926156,"unit":""},"r_at_isc":{"value":17773.986,"unit":""},"power":{"value":0.00102594,"unit":"W"},"rshunt":{"value":"NaN","unit":"ohm"},"cell_temp_start":{"value":"NaN","unit":""},"cell_temp_end":{"value":"NaN","unit":""},"exposure":{"value":3.904,"unit":""},"time":{"value":"17:25:25","unit":""},"date":{"value":"08\/11\/2023","unit":""},"V":{"value":[1.3,1.25,1.2,1.15,1.1,1.05,1,0.95,0.9,0.85,0.8,0.75,0.7,0.65,0.6,0.55,0.5,0.45,0.4,0.35,0.3,0.25,0.2,0.15,0.1,0.05,0,-0.05,-0.1,-0.15,-0.2],"unit":"V"},"I":{"value":[-0.00184585,-0.0011026,-0.00052132,-6.838e-5,0.00026735,0.00055184,0.00073272,0.00084264,0.00091174,0.00094702,0.00096534,0.00097115,0.00097478,0.00097275,0.00098127,0.00097833,0.00098105,0.00098951,0.00099213,0.00098866,0.00099124,0.00099382,0.00100134,0.00099843,0.00100004,0.00100793,0.00100975,0.00102617,0.00101031,0.00101318,0.00101923],"unit":"A"},"J":{"unit":"A\/cm2","value":[-0.039781250000000004,-0.02376293103448276,-0.01123534482758621,-0.0014737068965517243,0.0057618534482758626,0.011893103448275861,0.015791379310344827,0.018160344827586206,0.019649568965517242,0.02040991379310345,0.020804741379310345,0.020929956896551728,0.021008189655172413,0.020964439655172414,0.021148060344827586,0.021084698275862068,0.021143318965517244,0.021325646551724142,0.021382112068965516,0.021307327586206896,0.02136293103448276,0.021418534482758624,0.021580603448275865,0.021517887931034485,0.021552586206896554,0.02172262931034483,0.021761853448275865,0.022115732758620693,0.021773922413793105,0.021835775862068967,0.02196616379310345]},"cell_dimension":{"value":0.0464,"unit":"cm2"},"sweep_direction":{"unit":"","value":"Forward"},"key":"Forward 141 OA 30S_20230811"},{"sample_area":{"value":0.0464,"unit":"cm2"},"irradiance":{"value":1,"unit":""},"pre_sweep_delay":{"value":1,"unit":""},"bias_direction":{"value":0,"unit":""},"max_reverse_bias":{"value":-0.2,"unit":""},"max_forward_bias":{"value":1.3,"unit":""},"num_sweep_points":{"value":31,"unit":""},"dwell_time":{"value":0,"unit":""},"current_limit":{"value":100,"unit":""},"pviv_10a_i_amp":{"value":0,"unit":""},"average":{"value":1,"unit":""},"dark_current":{"value":0,"unit":""},"rshunt_v_lo":{"value":-0.2,"unit":""},"rshunt_v_hi":{"value":0.2,"unit":""},"voc":{"value":1.11978768,"unit":"V"},"isc":{"value":0.00093506,"unit":"A"},"jsc":{"value":20.15215298,"unit":"mA\/cm2"},"imax":{"value":0.00083337,"unit":"A"},"vmax":{"value":0.9120246,"unit":"V"},"pmax":{"value":0.76005652,"unit":"mW"},"fill_factor":{"value":72.589,"unit":"%"},"efficiency":{"value":16.3805,"unit":"%"},"r_at_voc":{"value":125.507364,"unit":""},"r_at_isc":{"value":18578.269,"unit":""},"power":{"value":0.00093395,"unit":"W"},"rshunt":{"value":"NaN","unit":"ohm"},"cell_temp_start":{"value":"NaN","unit":""},"cell_temp_end":{"value":"NaN","unit":""},"exposure":{"value":3.726,"unit":""},"time":{"value":"17:24:50","unit":""},"date":{"value":"08\/11\/2023","unit":""},"V":{"value":[1.3,1.25,1.2,1.15,1.1,1.05,1,0.95,0.9,0.85,0.8,0.75,0.7,0.65,0.6,0.55,0.5,0.45,0.4,0.35,0.3,0.25,0.2,0.15,0.1,0.05,0,-0.05,-0.1,-0.15,-0.2],"unit":"V"},"I":{"value":[-0.00201218,-0.0013097,-0.00074994,-0.00024072,0.00015766,0.00045575,0.00065755,0.00078134,0.0008429,0.00086118,0.00087143,0.00087962,0.00088994,0.00088975,0.00089465,0.00089765,0.000907,0.00090531,0.00090786,0.00091168,0.00091983,0.00092241,0.00092066,0.0009284,0.00093006,0.00092853,0.00093097,0.00094929,0.0009423,0.00094074,0.00094286],"unit":"A"},"J":{"unit":"A\/cm2","value":[-0.04336594827586208,-0.028226293103448277,-0.016162500000000003,-0.005187931034482759,0.003397844827586207,0.00982219827586207,0.014171336206896553,0.016839224137931038,0.01816594827586207,0.01855991379310345,0.01878081896551724,0.0189573275862069,0.019179741379310347,0.01917564655172414,0.01928125,0.019345905172413795,0.01954741379310345,0.019510991379310345,0.019565948275862072,0.019648275862068968,0.019823922413793105,0.019879525862068967,0.019841810344827588,0.020008620689655175,0.02004439655172414,0.020011422413793105,0.020064008620689657,0.020458836206896553,0.020308189655172414,0.020274568965517242,0.020320258620689657]},"cell_dimension":{"value":0.0464,"unit":"cm2"},"sweep_direction":{"unit":"","value":"Forward"},"key":"Forward 134 OA 30S_20230811"},{"sample_area":{"value":0.0464,"unit":"cm2"},"irradiance":{"value":1,"unit":""},"pre_sweep_delay":{"value":1,"unit":""},"bias_direction":{"value":0,"unit":""},"max_reverse_bias":{"value":-0.2,"unit":""},"max_forward_bias":{"value":1.3,"unit":""},"num_sweep_points":{"value":31,"unit":""},"dwell_time":{"value":0,"unit":""},"current_limit":{"value":100,"unit":""},"pviv_10a_i_amp":{"value":0,"unit":""},"average":{"value":1,"unit":""},"dark_current":{"value":0,"unit":""},"rshunt_v_lo":{"value":-0.2,"unit":""},"rshunt_v_hi":{"value":0.2,"unit":""},"voc":{"value":1.11798485,"unit":"V"},"isc":{"value":0.00094841,"unit":"A"},"jsc":{"value":20.439894,"unit":"mA\/cm2"},"imax":{"value":0.00086004,"unit":"A"},"vmax":{"value":0.92773143,"unit":"V"},"pmax":{"value":0.79788722,"unit":"mW"},"fill_factor":{"value":75.2504,"unit":"%"},"efficiency":{"value":17.1958,"unit":"%"},"r_at_voc":{"value":111.256164,"unit":""},"r_at_isc":{"value":27606.284,"unit":""},"power":{"value":0.00096562,"unit":"W"},"rshunt":{"value":"NaN","unit":"ohm"},"cell_temp_start":{"value":"NaN","unit":""},"cell_temp_end":{"value":"NaN","unit":""},"exposure":{"value":3.735,"unit":""},"time":{"value":"17:24:27","unit":""},"date":{"value":"08\/11\/2023","unit":""},"V":{"value":[1.3,1.25,1.2,1.15,1.1,1.05,1,0.95,0.9,0.85,0.8,0.75,0.7,0.65,0.6,0.55,0.5,0.45,0.4,0.35,0.3,0.25,0.2,0.15,0.1,0.05,0,-0.05,-0.1,-0.15,-0.2],"unit":"V"},"I":{"value":[-0.00221019,-0.00147671,-0.00085181,-0.00028776,0.00016165,0.00050913,0.00072626,0.00083435,0.00087966,0.00089573,0.0009055,0.00091245,0.00091599,0.00091921,0.00092307,0.00092556,0.00092864,0.00093262,0.00093259,0.00093516,0.00093689,0.00093951,0.00094108,0.00094308,0.00094617,0.00094591,0.00094773,0.00095063,0.00095277,0.00095415,0.00095468],"unit":"A"},"J":{"unit":"A\/cm2","value":[-0.047633405172413795,-0.03182564655172414,-0.018357974137931037,-0.006201724137931035,0.003483836206896552,0.010972629310344829,0.015652155172413793,0.01798168103448276,0.018958189655172417,0.019304525862068968,0.019515086206896553,0.019664870689655174,0.01974116379310345,0.019810560344827588,0.01989375,0.019947413793103448,0.020013793103448276,0.020099568965517244,0.020098922413793106,0.02015431034482759,0.020191594827586208,0.020248060344827585,0.02028189655172414,0.020325000000000003,0.020391594827586207,0.020385991379310346,0.02042521551724138,0.020487715517241382,0.020533836206896555,0.0205635775862069,0.020575]},"cell_dimension":{"value":0.0464,"unit":"cm2"},"sweep_direction":{"unit":"","value":"Forward"},"key":"Forward 133 OA 30S_20230811"},{"sample_area":{"value":0.0464,"unit":"cm2"},"irradiance":{"value":1,"unit":""},"pre_sweep_delay":{"value":1,"unit":""},"bias_direction":{"value":0,"unit":""},"max_reverse_bias":{"value":-0.2,"unit":""},"max_forward_bias":{"value":1.3,"unit":""},"num_sweep_points":{"value":31,"unit":""},"dwell_time":{"value":0,"unit":""},"current_limit":{"value":100,"unit":""},"pviv_10a_i_amp":{"value":0,"unit":""},"average":{"value":1,"unit":""},"dark_current":{"value":0,"unit":""},"rshunt_v_lo":{"value":-0.2,"unit":""},"rshunt_v_hi":{"value":0.2,"unit":""},"voc":{"value":1.12774822,"unit":"V"},"isc":{"value":0.00092411,"unit":"A"},"jsc":{"value":19.91609822,"unit":"mA\/cm2"},"imax":{"value":0.00082755,"unit":"A"},"vmax":{"value":0.90747594,"unit":"V"},"pmax":{"value":0.75098543,"unit":"mW"},"fill_factor":{"value":72.0605,"unit":"%"},"efficiency":{"value":16.185,"unit":"%"},"r_at_voc":{"value":148.090711,"unit":""},"r_at_isc":{"value":18028.336,"unit":""},"power":{"value":0.00092541,"unit":"W"},"rshunt":{"value":"NaN","unit":"ohm"},"cell_temp_start":{"value":"NaN","unit":""},"cell_temp_end":{"value":"NaN","unit":""},"exposure":{"value":3.729,"unit":""},"time":{"value":"17:24:03","unit":""},"date":{"value":"08\/11\/2023","unit":""},"V":{"value":[1.3,1.25,1.2,1.15,1.1,1.05,1,0.95,0.9,0.85,0.8,0.75,0.7,0.65,0.6,0.55,0.5,0.45,0.4,0.35,0.3,0.25,0.2,0.15,0.1,0.05,0,-0.05,-0.1,-0.15,-0.2],"unit":"V"},"I":{"value":[-0.00160928,-0.00103987,-0.00057611,-0.00015026,0.00018737,0.00045059,0.0006476,0.00076647,0.00083377,0.00085332,0.00086374,0.00087043,0.00088108,0.00087912,0.00088323,0.00088705,0.00089721,0.00089451,0.00090475,0.00090121,0.00091043,0.00090758,0.00091018,0.00091324,0.00092174,0.00092419,0.00092217,0.00092842,0.00093266,0.00093098,0.00093308],"unit":"A"},"J":{"unit":"A\/cm2","value":[-0.03468275862068966,-0.02241099137931035,-0.01241616379310345,-0.003238362068965517,0.004038146551724138,0.009710991379310346,0.013956896551724138,0.016518750000000002,0.017969181034482758,0.01839051724137931,0.01861508620689655,0.018759267241379312,0.018988793103448278,0.018946551724137933,0.01903512931034483,0.019117456896551727,0.019336422413793103,0.019278232758620693,0.019498922413793102,0.01942262931034483,0.019621336206896555,0.01955991379310345,0.01961594827586207,0.01968189655172414,0.019865086206896553,0.019917887931034484,0.019874353448275865,0.020009051724137934,0.02010043103448276,0.020064224137931037,0.020109482758620692]},"cell_dimension":{"value":0.0464,"unit":"cm2"},"sweep_direction":{"unit":"","value":"Forward"},"key":"Forward 132 OA 30S_20230811"},{"sample_area":{"value":0.0464,"unit":"cm2"},"irradiance":{"value":1,"unit":""},"pre_sweep_delay":{"value":1,"unit":""},"bias_direction":{"value":0,"unit":""},"max_reverse_bias":{"value":-0.2,"unit":""},"max_forward_bias":{"value":1.3,"unit":""},"num_sweep_points":{"value":31,"unit":""},"dwell_time":{"value":0,"unit":""},"current_limit":{"value":100,"unit":""},"pviv_10a_i_amp":{"value":0,"unit":""},"average":{"value":1,"unit":""},"dark_current":{"value":0,"unit":""},"rshunt_v_lo":{"value":-0.2,"unit":""},"rshunt_v_hi":{"value":0.2,"unit":""},"voc":{"value":1.14423372,"unit":"V"},"isc":{"value":0.00097503,"unit":"A"},"jsc":{"value":21.01352028,"unit":"mA\/cm2"},"imax":{"value":0.00087826,"unit":"A"},"vmax":{"value":0.85468159,"unit":"V"},"pmax":{"value":0.75062965,"unit":"mW"},"fill_factor":{"value":67.2813,"unit":"%"},"efficiency":{"value":16.1774,"unit":"%"},"r_at_voc":{"value":213.319007,"unit":""},"r_at_isc":{"value":23564.342,"unit":""},"power":{"value":0.00096901,"unit":"W"},"rshunt":{"value":"NaN","unit":"ohm"},"cell_temp_start":{"value":"NaN","unit":""},"cell_temp_end":{"value":"NaN","unit":""},"exposure":{"value":4.026,"unit":""},"time":{"value":"17:23:39","unit":""},"date":{"value":"08\/11\/2023","unit":""},"V":{"value":[1.3,1.25,1.2,1.15,1.1,1.05,1,0.95,0.9,0.85,0.8,0.75,0.7,0.65,0.6,0.55,0.5,0.45,0.4,0.35,0.3,0.25,0.2,0.15,0.1,0.05,0,-0.05,-0.1,-0.15,-0.2],"unit":"V"},"I":{"value":[-0.00109297,-0.00066209,-0.00029486,-2.703e-5,0.00020736,0.00042984,0.00059806,0.00072204,0.00081516,0.0008829,0.00091516,0.0009316,0.00093847,0.00094623,0.00094616,0.00094928,0.00095108,0.0009571,0.00095484,0.00095764,0.00096412,0.00096563,0.00096379,0.0009657,0.00097084,0.00097314,0.00097204,0.0009858,0.00097875,0.0009805,0.00098165],"unit":"A"},"J":{"unit":"A\/cm2","value":[-0.023555387931034483,-0.014269181034482761,-0.006354741379310345,-0.0005825431034482759,0.004468965517241379,0.009263793103448277,0.012889224137931034,0.015561206896551725,0.017568103448275862,0.019028017241379314,0.019723275862068967,0.020077586206896553,0.02022564655172414,0.020392887931034484,0.02039137931034483,0.020458620689655174,0.02049741379310345,0.020627155172413796,0.02057844827586207,0.020638793103448277,0.02077844827586207,0.020810991379310344,0.020771336206896553,0.0208125,0.020923275862068966,0.02097284482758621,0.020949137931034485,0.021245689655172414,0.02109375,0.02113146551724138,0.02115625]},"cell_dimension":{"value":0.0464,"unit":"cm2"},"sweep_direction":{"unit":"","value":"Forward"},"key":"Forward 131 OA 30S_20230811"}]}}