{"_id":"655af4d7b3b99550162d9097","id":"JBNU-SC-00388","author":98,"group":10,"input":[{"tco":{"unit":"","value":"ITO"}},{"htl":[{"material":{"unit":"","value":"NiO_Sputter"},"concentration":{"unit":"","value":"None"},"conc_unit":{"unit":"","value":"None"},"quantity":{"unit":"ml","value":"None"}}],"solvent":[{"material":{"unit":"","value":"None"},"volume":{"unit":"ml","value":"None"}},{"material":{"unit":"","value":"None"},"volume":{"unit":"ml","value":"None"}}],"htl_doping":[{"material":{"unit":"","value":"None"},"volume":{"unit":"ul","value":"None"}}],"spin_coating":[{"type":{"unit":"","value":"None"},"rpm":{"unit":"","value":"None"},"time":{"unit":"s","value":"None"}}],"vacuum_suction":[{"unit":"s","value":"None"}],"annealing":[{"temperature":{"unit":"oC","value":"300"},"time":{"unit":"m","value":"30"}}],"module":[{"type":{"unit":"","value":"None"},"gap":{"unit":"um","value":"None"},"coating_speed":{"unit":"mm\/s","value":"None"},"feeding_amount":{"unit":"ul","value":"None"}}],"thermal_evaporation":[{"vacuum_evaporation_thickness":{"unit":"nm","value":"None"},"evaporation_rate":{"unit":"\u00c5\/s","value":"None"},"vacuum_pressure":{"unit":"uTorr","value":"None"}}]},{"perovskite":{"method":{"unit":"","value":"1-step"},"molarity":{"unit":"M","value":"1.45"},"a_site":[{"material":{"unit":"","value":"Cs"},"ratio":{"unit":"","value":"0.175"}},{"material":{"unit":"","value":"FA"},"ratio":{"unit":"","value":"0.825"}}],"b_site":[{"material":{"unit":"","value":"Pb"},"ratio":{"unit":"","value":"1"}},{"material":{"unit":"","value":"None"},"ratio":{"unit":"","value":"None"}}],"x_site":[{"material":{"unit":"","value":"I"},"ratio":{"unit":"","value":"2.55"}},{"material":{"unit":"","value":"Br"},"ratio":{"unit":"","value":"0.45"}}],"solvent":[{"material":{"unit":"","value":"DMF"},"volume":{"unit":"ml","value":"0.8"}},{"material":{"unit":"","value":"DMSO"},"volume":{"unit":"ml","value":"0.2"}}],"additive":[{"material":{"unit":"","value":"None"},"solvent":{"unit":"","value":"None"},"concentration":{"unit":"","value":"None"},"conc_unit":{"unit":"","value":"None"},"quantity":{"unit":"mol%","value":"None"}}],"stirring_time":[{"unit":"m","value":"120"}],"antisolvent":[{"material":{"unit":"","value":"None"},"quantity":{"unit":"ul","value":"None"},"dripping_time":{"unit":"s","value":"None"}}],"spin_coating":[{"type":{"unit":"","value":"drop&run"},"rpm":{"unit":"","value":"4000"},"time":{"unit":"s","value":"10"}}],"vacuum_suction":[{"unit":"s","value":"60"}],"annealing":[{"temperature":{"unit":"oC","value":"100"},"time":{"unit":"m","value":"30"}}],"atmosphere":[{"type":{"unit":"","value":"N2"},"temperature":{"unit":"oC","value":"28"},"humidity":{"unit":"RH%","value":"0"}}],"assist":[{"type":{"unit":"","value":"None"},"temperature":{"unit":"oC","value":"None"},"assist_start_time":{"value":null,"unit":"s"},"total_assist_time":{"value":"None","unit":"s"}}],"module":[{"type":{"unit":"","value":"None"},"gap":{"unit":"um","value":"None"},"coating_speed":{"unit":"mm\/s","value":"None"},"feeding_amount":{"unit":"ul","value":"None"}}],"thermal_evaporation":[{"vacuum_evaporation_thickness":{"unit":"nm","value":"None"},"evaporation_rate":{"unit":"\u00c5\/s","value":"None"},"vacuum_pressure":{"unit":"uTorr","value":"None"}}]}},{"perovskite_treatment":[{"material":{"unit":"","value":"None"},"concentration":{"unit":"","value":"None"},"conc_unit":{"unit":"","value":"None"},"quantity":{"unit":"ml","value":"None"}}],"solvent":[{"material":{"unit":"","value":"None"},"volume":{"unit":"ml","value":"None"}},{"material":{"unit":"","value":"None"},"volume":{"unit":"ml","value":"None"}}],"spin_coating":[{"type":{"unit":"","value":"None"},"rpm":{"unit":"","value":"None"},"time":{"unit":"s","value":"None"}}],"vacuum_suction":[{"unit":"s","value":"None"}],"annealing":[{"temperature":{"unit":"oC","value":"None"},"time":{"unit":"m","value":"None"}}],"module":[{"type":{"unit":"","value":"None"},"gap":{"unit":"um","value":"None"},"coating_speed":{"unit":"mm\/s","value":"None"},"feeding_amount":{"unit":"ul","value":"None"}}],"thermal_evaporation":[{"vacuum_evaporation_thickness":{"unit":"nm","value":"None"},"evaporation_rate":{"unit":"\u00c5\/s","value":"None"},"vacuum_pressure":{"unit":"uTorr","value":"None"}}]},{"etl":[{"material":{"unit":"","value":"C60"},"concentration":{"unit":"","value":"None"},"conc_unit":{"unit":"","value":"None"},"quantity":{"unit":"ml","value":"None"}}],"solvent":[{"material":{"unit":"","value":"None"},"volume":{"unit":"ml","value":"None"}},{"material":{"unit":"","value":"None"},"volume":{"unit":"ml","value":"None"}}],"spin_coating":[{"type":{"unit":"","value":"None"},"rpm":{"unit":"","value":"None"},"time":{"unit":"s","value":"None"}}],"vacuum_suction":[{"unit":"s","value":"None"}],"annealing":[{"temperature":{"unit":"oC","value":"None"},"time":{"unit":"m","value":"None"}}],"etl_doping":[{"material":{"unit":"","value":"None"},"volume":{"unit":"ul","value":"None"}}],"module":[{"type":{"unit":"","value":"None"},"gap":{"unit":"um","value":"None"},"coating_speed":{"unit":"mm\/s","value":"None"},"feeding_amount":{"unit":"ul","value":"None"}}],"thermal_evaporation":[{"vacuum_evaporation_thickness":{"unit":"nm","value":"30"},"evaporation_rate":{"unit":"\u00c5\/s","value":"0.6"},"vacuum_pressure":{"unit":"uTorr","value":"2x10-6"}}]},{"blocking_buffer_layer":[{"material":{"unit":"","value":"BCP"},"concentration":{"unit":"","value":"None"},"conc_unit":{"unit":"","value":"None"},"quantity":{"unit":"ml","value":"None"}}],"solvent":[{"material":{"unit":"","value":"None"},"volume":{"unit":"ml","value":"None"}},{"material":{"unit":"","value":"None"},"volume":{"unit":"ml","value":"None"}}],"spin_coating":[{"type":{"unit":"","value":"None"},"rpm":{"unit":"","value":"None"},"time":{"unit":"s","value":"None"}}],"vacuum_suction":[{"unit":"s","value":"0"}],"annealing":[{"temperature":{"unit":"oC","value":"None"},"time":{"unit":"m","value":"None"}}],"module":[{"type":{"unit":"","value":"None"},"gap":{"unit":"um","value":"None"},"coating_speed":{"unit":"mm\/s","value":"None"},"feeding_amount":{"unit":"ul","value":"None"}}],"thermal_evaporation":[{"vacuum_evaporation_thickness":{"unit":"nm","value":"6"},"evaporation_rate":{"unit":"\u00c5\/s","value":"0.6"},"vacuum_pressure":{"unit":"uTorr","value":"2x10-6"}}]},[],{"note":{"unit":"","value":"-"},"ar":{"unit":"","value":"0"},"type":{"unit":"","value":"unit_cell"},"device_type":{"unit":"","value":"p-i-n"},"temperature":{"unit":"\u2103","value":"25"},"humidity":{"unit":"%","value":"40"},"cell_dimension":{"unit":"cm2","value":"0.0464"}},{"anode_metal":{"unit":"","value":"Ag"}}],"fileinfo":[{"key":"Forward13 ITO_20230708","uploadType":"JV","original_name":"Forward13 ITO_20230708-161647.txt","save_name":"JBNU-SC-00388\/Forward13 ITO_20230708","uploader":98,"fileType":""},{"key":"Forward14 ITO_20230708","uploadType":"JV","original_name":"Forward14 ITO_20230708-161717.txt","save_name":"JBNU-SC-00388\/Forward14 ITO_20230708","uploader":98,"fileType":""},{"key":"Forward21 ITO_20230708","uploadType":"JV","original_name":"Forward21 ITO_20230708-161813.txt","save_name":"JBNU-SC-00388\/Forward21 ITO_20230708","uploader":98,"fileType":""},{"key":"Forward22 ITO_20230708","uploadType":"JV","original_name":"Forward22 ITO_20230708-161835.txt","save_name":"JBNU-SC-00388\/Forward22 ITO_20230708","uploader":98,"fileType":""},{"key":"Forward23 ITO_20230708","uploadType":"JV","original_name":"Forward23 ITO_20230708-161902.txt","save_name":"JBNU-SC-00388\/Forward23 ITO_20230708","uploader":98,"fileType":""},{"key":"Forward24 ITO_20230708","uploadType":"JV","original_name":"Forward24 ITO_20230708-161913.txt","save_name":"JBNU-SC-00388\/Forward24 ITO_20230708","uploader":98,"fileType":""},{"key":"Forward11 ITO_20230708","uploadType":"JV","original_name":"Forward11 ITO_20230708-161510.txt","save_name":"JBNU-SC-00388\/Forward11 ITO_20230708","uploader":98,"fileType":""},{"key":"Forward12 ITO_20230708","uploadType":"JV","original_name":"Forward12 ITO_20230708-162006.txt","save_name":"JBNU-SC-00388\/Forward12 ITO_20230708","uploader":98,"fileType":""}],"jvcnt":8,"updated_at":"2024-08-07 02:33:50","created_at":"2023-11-20 05:55:35","analysisInfo":{"JV":[{"efficiency":13.7471,"fill_factor":74.7497,"jsc":20.63088239,"voc":0.89142178,"key":"Forward24 ITO_20230708","cell_dimension":0.0464},{"efficiency":13.2975,"fill_factor":73.3318,"jsc":19.92744246,"voc":0.90996694,"key":"Forward23 ITO_20230708","cell_dimension":0.0464},{"efficiency":12.6697,"fill_factor":71.6296,"jsc":19.85750396,"voc":0.89073663,"key":"Forward22 ITO_20230708","cell_dimension":0.0464},{"efficiency":13.7523,"fill_factor":73.6488,"jsc":20.34357119,"voc":0.91787356,"key":"Forward21 ITO_20230708","cell_dimension":0.0464},{"efficiency":10.0464,"fill_factor":59.4648,"jsc":19.09078255,"voc":0.88496392,"key":"Forward14 ITO_20230708","cell_dimension":0.0464},{"efficiency":10.8676,"fill_factor":57.5685,"jsc":19.34967512,"voc":0.97561209,"key":"Forward13 ITO_20230708","cell_dimension":0.0464},{"efficiency":8.6758,"fill_factor":48.5115,"jsc":17.8590393,"voc":1.00139696,"key":"Forward12 ITO_20230708","cell_dimension":0.0464},{"efficiency":"NaN","fill_factor":"NaN","jsc":10.96182328,"voc":0.02712652,"key":"Forward11 ITO_20230708","cell_dimension":0.0464}]},"public":2,"analysis":{"JV":[{"sample_area":{"value":0.0464,"unit":"cm2"},"irradiance":{"value":1,"unit":""},"pre_sweep_delay":{"value":1,"unit":""},"bias_direction":{"value":0,"unit":""},"max_reverse_bias":{"value":-0.2,"unit":""},"max_forward_bias":{"value":1.3,"unit":""},"num_sweep_points":{"value":31,"unit":""},"dwell_time":{"value":0,"unit":""},"current_limit":{"value":100,"unit":""},"pviv_10a_i_amp":{"value":0,"unit":""},"average":{"value":1,"unit":""},"dark_current":{"value":0,"unit":""},"rshunt_v_lo":{"value":-0.2,"unit":""},"rshunt_v_hi":{"value":0.2,"unit":""},"voc":{"value":0.89142178,"unit":"V"},"isc":{"value":0.00095727,"unit":"A"},"jsc":{"value":20.63088239,"unit":"mA\/cm2"},"imax":{"value":0.0008609,"unit":"A"},"vmax":{"value":0.7409259,"unit":"V"},"pmax":{"value":0.63786439,"unit":"mW"},"fill_factor":{"value":74.7497,"unit":"%"},"efficiency":{"value":13.7471,"unit":"%"},"r_at_voc":{"value":103.755783,"unit":""},"r_at_isc":{"value":21321.725,"unit":""},"power":{"value":0.00077477,"unit":"W"},"rshunt":{"value":"NaN","unit":"ohm"},"cell_temp_start":{"value":"NaN","unit":""},"cell_temp_end":{"value":"NaN","unit":""},"exposure":{"value":4.033,"unit":""},"time":{"value":"16:19:13","unit":""},"date":{"value":"07\/08\/2023","unit":""},"V":{"value":[1.3,1.25,1.2,1.15,1.1,1.05,1,0.95,0.9,0.85,0.8,0.75,0.7,0.65,0.6,0.55,0.5,0.45,0.4,0.35,0.3,0.25,0.2,0.15,0.1,0.05,0,-0.05,-0.1,-0.15,-0.2],"unit":"V"},"I":{"value":[-0.01329698,-0.01133106,-0.00921813,-0.00719049,-0.00528077,-0.003523,-0.00199872,-0.00085749,-8.268e-5,0.00039922,0.00072225,0.00084907,0.00088963,0.00091008,0.00091747,0.00092482,0.00093266,0.00093727,0.000938,0.00094033,0.00094198,0.00094691,0.00094657,0.00094926,0.00095185,0.00095411,0.00095643,0.00096468,0.00096378,0.0009626,0.00096483],"unit":"A"},"J":{"unit":"A\/cm2","value":[-0.2865728448275862,-0.24420387931034485,-0.19866659482758622,-0.15496745689655173,-0.11380969827586207,-0.07592672413793104,-0.04307586206896551,-0.018480387931034483,-0.001781896551724138,0.008603879310344828,0.015565732758620691,0.018298922413793103,0.019173060344827585,0.019613793103448275,0.01977306034482759,0.01993146551724138,0.02010043103448276,0.020199784482758623,0.02021551724137931,0.02026573275862069,0.02030129310344828,0.020407543103448278,0.02040021551724138,0.020458189655172414,0.020514008620689656,0.02056271551724138,0.020612715517241382,0.02079051724137931,0.020771120689655174,0.020745689655172414,0.02079375]},"cell_dimension":{"value":0.0464,"unit":"cm2"},"sweep_direction":{"unit":"","value":"Forward"},"key":"Forward24 ITO_20230708"},{"sample_area":{"value":0.0464,"unit":"cm2"},"irradiance":{"value":1,"unit":""},"pre_sweep_delay":{"value":1,"unit":""},"bias_direction":{"value":0,"unit":""},"max_reverse_bias":{"value":-0.2,"unit":""},"max_forward_bias":{"value":1.3,"unit":""},"num_sweep_points":{"value":31,"unit":""},"dwell_time":{"value":0,"unit":""},"current_limit":{"value":100,"unit":""},"pviv_10a_i_amp":{"value":0,"unit":""},"average":{"value":1,"unit":""},"dark_current":{"value":0,"unit":""},"rshunt_v_lo":{"value":-0.2,"unit":""},"rshunt_v_hi":{"value":0.2,"unit":""},"voc":{"value":0.90996694,"unit":"V"},"isc":{"value":0.00092463,"unit":"A"},"jsc":{"value":19.92744246,"unit":"mA\/cm2"},"imax":{"value":0.00082888,"unit":"A"},"vmax":{"value":0.74437886,"unit":"V"},"pmax":{"value":0.61700322,"unit":"mW"},"fill_factor":{"value":73.3318,"unit":"%"},"efficiency":{"value":13.2975,"unit":"%"},"r_at_voc":{"value":72.347404,"unit":""},"r_at_isc":{"value":19966.133,"unit":""},"power":{"value":0.00076013,"unit":"W"},"rshunt":{"value":"NaN","unit":"ohm"},"cell_temp_start":{"value":"NaN","unit":""},"cell_temp_end":{"value":"NaN","unit":""},"exposure":{"value":3.727,"unit":""},"time":{"value":"16:19:02","unit":""},"date":{"value":"07\/08\/2023","unit":""},"V":{"value":[1.3,1.25,1.2,1.15,1.1,1.05,1,0.95,0.9,0.85,0.8,0.75,0.7,0.65,0.6,0.55,0.5,0.45,0.4,0.35,0.3,0.25,0.2,0.15,0.1,0.05,0,-0.05,-0.1,-0.15,-0.2],"unit":"V"},"I":{"value":[-0.01180426,-0.00986156,-0.00791986,-0.00609967,-0.00438849,-0.00283815,-0.00151075,-0.00055334,0.00013777,0.00050954,0.00071907,0.00082222,0.00085887,0.00087112,0.00088115,0.00088939,0.00089747,0.00090206,0.00090324,0.00090786,0.0009106,0.00091161,0.00091362,0.00091646,0.00092063,0.00092352,0.00092306,0.0009305,0.00093017,0.00093132,0.0009329],"unit":"A"},"J":{"unit":"A\/cm2","value":[-0.2544021551724138,-0.2125336206896552,-0.1706866379310345,-0.1314584051724138,-0.09457952586206897,-0.061167025862068965,-0.03255926724137931,-0.01192543103448276,0.002969181034482759,0.01098146551724138,0.015497198275862071,0.01772025862068966,0.01851012931034483,0.018774137931034482,0.018990301724137935,0.019167887931034484,0.019342025862068967,0.01944094827586207,0.01946637931034483,0.019565948275862072,0.019625,0.01964676724137931,0.01969008620689655,0.019751293103448277,0.01984116379310345,0.01990344827586207,0.019893534482758622,0.02005387931034483,0.020046767241379312,0.020071551724137934,0.020105603448275864]},"cell_dimension":{"value":0.0464,"unit":"cm2"},"sweep_direction":{"unit":"","value":"Forward"},"key":"Forward23 ITO_20230708"},{"sample_area":{"value":0.0464,"unit":"cm2"},"irradiance":{"value":1,"unit":""},"pre_sweep_delay":{"value":1,"unit":""},"bias_direction":{"value":0,"unit":""},"max_reverse_bias":{"value":-0.2,"unit":""},"max_forward_bias":{"value":1.3,"unit":""},"num_sweep_points":{"value":31,"unit":""},"dwell_time":{"value":0,"unit":""},"current_limit":{"value":100,"unit":""},"pviv_10a_i_amp":{"value":0,"unit":""},"average":{"value":1,"unit":""},"dark_current":{"value":0,"unit":""},"rshunt_v_lo":{"value":-0.2,"unit":""},"rshunt_v_hi":{"value":0.2,"unit":""},"voc":{"value":0.89073663,"unit":"V"},"isc":{"value":0.00092139,"unit":"A"},"jsc":{"value":19.85750396,"unit":"mA\/cm2"},"imax":{"value":0.00081335,"unit":"A"},"vmax":{"value":0.72278593,"unit":"V"},"pmax":{"value":0.58787437,"unit":"mW"},"fill_factor":{"value":71.6296,"unit":"%"},"efficiency":{"value":12.6697,"unit":"%"},"r_at_voc":{"value":120.773647,"unit":""},"r_at_isc":{"value":19469.44,"unit":""},"power":{"value":0.00073342,"unit":"W"},"rshunt":{"value":"NaN","unit":"ohm"},"cell_temp_start":{"value":"NaN","unit":""},"cell_temp_end":{"value":"NaN","unit":""},"exposure":{"value":4.033,"unit":""},"time":{"value":"16:18:35","unit":""},"date":{"value":"07\/08\/2023","unit":""},"V":{"value":[1.3,1.25,1.2,1.15,1.1,1.05,1,0.95,0.9,0.85,0.8,0.75,0.7,0.65,0.6,0.55,0.5,0.45,0.4,0.35,0.3,0.25,0.2,0.15,0.1,0.05,0,-0.05,-0.1,-0.15,-0.2],"unit":"V"},"I":{"value":[-0.01201109,-0.01023874,-0.00825229,-0.00641365,-0.00469033,-0.00311166,-0.00174319,-0.00073816,-7.67e-5,0.0003373,0.0006359,0.0007737,0.00083403,0.00085669,0.00087042,0.00088035,0.0008865,0.00089407,0.00089712,0.00090059,0.00090478,0.00090929,0.00091018,0.00091263,0.00091533,0.00092022,0.00092101,0.00092753,0.00092581,0.00092801,0.00093103],"unit":"A"},"J":{"unit":"A\/cm2","value":[-0.2588596982758621,-0.2206625,-0.1778510775862069,-0.13822521551724137,-0.10108469827586208,-0.06706163793103449,-0.03756875,-0.01590862068965517,-0.0016530172413793103,0.007269396551724139,0.013704741379310346,0.016674568965517243,0.017974784482758622,0.01846314655172414,0.018759051724137932,0.018973060344827587,0.019105603448275863,0.01926875,0.01933448275862069,0.019409267241379313,0.01949956896551724,0.01959676724137931,0.01961594827586207,0.019668750000000002,0.019726939655172415,0.0198323275862069,0.019849353448275864,0.019989870689655173,0.019952801724137933,0.02000021551724138,0.020065301724137934]},"cell_dimension":{"value":0.0464,"unit":"cm2"},"sweep_direction":{"unit":"","value":"Forward"},"key":"Forward22 ITO_20230708"},{"sample_area":{"value":0.0464,"unit":"cm2"},"irradiance":{"value":1,"unit":""},"pre_sweep_delay":{"value":1,"unit":""},"bias_direction":{"value":0,"unit":""},"max_reverse_bias":{"value":-0.2,"unit":""},"max_forward_bias":{"value":1.3,"unit":""},"num_sweep_points":{"value":31,"unit":""},"dwell_time":{"value":0,"unit":""},"current_limit":{"value":100,"unit":""},"pviv_10a_i_amp":{"value":0,"unit":""},"average":{"value":1,"unit":""},"dark_current":{"value":0,"unit":""},"rshunt_v_lo":{"value":-0.2,"unit":""},"rshunt_v_hi":{"value":0.2,"unit":""},"voc":{"value":0.91787356,"unit":"V"},"isc":{"value":0.00094394,"unit":"A"},"jsc":{"value":20.34357119,"unit":"mA\/cm2"},"imax":{"value":0.00084785,"unit":"A"},"vmax":{"value":0.75261613,"unit":"V"},"pmax":{"value":0.63810745,"unit":"mW"},"fill_factor":{"value":73.6488,"unit":"%"},"efficiency":{"value":13.7523,"unit":"%"},"r_at_voc":{"value":75.208271,"unit":""},"r_at_isc":{"value":18203.092,"unit":""},"power":{"value":0.00078499,"unit":"W"},"rshunt":{"value":"NaN","unit":"ohm"},"cell_temp_start":{"value":"NaN","unit":""},"cell_temp_end":{"value":"NaN","unit":""},"exposure":{"value":3.73,"unit":""},"time":{"value":"16:18:13","unit":""},"date":{"value":"07\/08\/2023","unit":""},"V":{"value":[1.3,1.25,1.2,1.15,1.1,1.05,1,0.95,0.9,0.85,0.8,0.75,0.7,0.65,0.6,0.55,0.5,0.45,0.4,0.35,0.3,0.25,0.2,0.15,0.1,0.05,0,-0.05,-0.1,-0.15,-0.2],"unit":"V"},"I":{"value":[-0.01347865,-0.01138303,-0.00903185,-0.00686221,-0.00479505,-0.00291222,-0.00140765,-0.00042717,0.00023765,0.00058664,0.00076243,0.00085072,0.0008813,0.00089126,0.00089943,0.00091024,0.00091533,0.00091777,0.00092288,0.00092434,0.00092645,0.00092943,0.00093442,0.00093473,0.00093742,0.0009408,0.0009457,0.00094792,0.00094842,0.00095366,0.00095318],"unit":"A"},"J":{"unit":"A\/cm2","value":[-0.29048814655172417,-0.24532392241379314,-0.1946519396551724,-0.14789245689655173,-0.10334159482758622,-0.06276336206896552,-0.030337284482758624,-0.009206250000000001,0.005121767241379311,0.012643103448275864,0.01643168103448276,0.01833448275862069,0.01899353448275862,0.019208189655172413,0.019384267241379313,0.019617241379310348,0.019726939655172415,0.019779525862068967,0.019889655172413794,0.019921120689655174,0.01996659482758621,0.02003081896551724,0.02013836206896552,0.02014504310344828,0.020203017241379313,0.02027586206896552,0.02038146551724138,0.020429310344827586,0.02044008620689655,0.020553017241379312,0.020542672413793105]},"cell_dimension":{"value":0.0464,"unit":"cm2"},"sweep_direction":{"unit":"","value":"Forward"},"key":"Forward21 ITO_20230708"},{"sample_area":{"value":0.0464,"unit":"cm2"},"irradiance":{"value":1,"unit":""},"pre_sweep_delay":{"value":1,"unit":""},"bias_direction":{"value":0,"unit":""},"max_reverse_bias":{"value":-0.2,"unit":""},"max_forward_bias":{"value":1.3,"unit":""},"num_sweep_points":{"value":31,"unit":""},"dwell_time":{"value":0,"unit":""},"current_limit":{"value":100,"unit":""},"pviv_10a_i_amp":{"value":0,"unit":""},"average":{"value":1,"unit":""},"dark_current":{"value":0,"unit":""},"rshunt_v_lo":{"value":-0.2,"unit":""},"rshunt_v_hi":{"value":0.2,"unit":""},"voc":{"value":0.88496392,"unit":"V"},"isc":{"value":0.00088581,"unit":"A"},"jsc":{"value":19.09078255,"unit":"mA\/cm2"},"imax":{"value":0.00070313,"unit":"A"},"vmax":{"value":0.66296367,"unit":"V"},"pmax":{"value":0.46615196,"unit":"mW"},"fill_factor":{"value":59.4648,"unit":"%"},"efficiency":{"value":10.0464,"unit":"%"},"r_at_voc":{"value":206.683611,"unit":""},"r_at_isc":{"value":7280.054,"unit":""},"power":{"value":0.0006438,"unit":"W"},"rshunt":{"value":"NaN","unit":"ohm"},"cell_temp_start":{"value":"NaN","unit":""},"cell_temp_end":{"value":"NaN","unit":""},"exposure":{"value":4.033,"unit":""},"time":{"value":"16:17:17","unit":""},"date":{"value":"07\/08\/2023","unit":""},"V":{"value":[1.3,1.25,1.2,1.15,1.1,1.05,1,0.95,0.9,0.85,0.8,0.75,0.7,0.65,0.6,0.55,0.5,0.45,0.4,0.35,0.3,0.25,0.2,0.15,0.1,0.05,0,-0.05,-0.1,-0.15,-0.2],"unit":"V"},"I":{"value":[-0.01171231,-0.01007088,-0.00780798,-0.00581569,-0.00401665,-0.00245503,-0.00122326,-0.00048032,-7.275e-5,0.00016917,0.00040337,0.00055102,0.00065473,0.00071596,0.00075229,0.00077851,0.00079581,0.00081272,0.00082328,0.00083336,0.00084176,0.0008505,0.00085707,0.00086435,0.00087402,0.00087969,0.00088762,0.00089443,0.00089872,0.00090512,0.00091226],"unit":"A"},"J":{"unit":"A\/cm2","value":[-0.25242047413793106,-0.21704482758620694,-0.16827543103448278,-0.12533814655172415,-0.0865657327586207,-0.05291012931034483,-0.026363362068965522,-0.010351724137931036,-0.001567887931034483,0.0036459051724137934,0.008693318965517243,0.011875431034482761,0.014110560344827586,0.015430172413793105,0.01621314655172414,0.01677823275862069,0.017151077586206896,0.01751551724137931,0.017743103448275864,0.017960344827586208,0.01814137931034483,0.018329741379310347,0.018471336206896553,0.01862823275862069,0.018836637931034482,0.018958836206896555,0.019129741379310346,0.019276508620689657,0.01936896551724138,0.01950689655172414,0.019660775862068967]},"cell_dimension":{"value":0.0464,"unit":"cm2"},"sweep_direction":{"unit":"","value":"Forward"},"key":"Forward14 ITO_20230708"},{"sample_area":{"value":0.0464,"unit":"cm2"},"irradiance":{"value":1,"unit":""},"pre_sweep_delay":{"value":1,"unit":""},"bias_direction":{"value":0,"unit":""},"max_reverse_bias":{"value":-0.2,"unit":""},"max_forward_bias":{"value":1.3,"unit":""},"num_sweep_points":{"value":31,"unit":""},"dwell_time":{"value":0,"unit":""},"current_limit":{"value":100,"unit":""},"pviv_10a_i_amp":{"value":0,"unit":""},"average":{"value":1,"unit":""},"dark_current":{"value":0,"unit":""},"rshunt_v_lo":{"value":-0.2,"unit":""},"rshunt_v_hi":{"value":0.2,"unit":""},"voc":{"value":0.97561209,"unit":"V"},"isc":{"value":0.00089782,"unit":"A"},"jsc":{"value":19.34967512,"unit":"mA\/cm2"},"imax":{"value":0.0007526,"unit":"A"},"vmax":{"value":0.67002136,"unit":"V"},"pmax":{"value":0.50425872,"unit":"mW"},"fill_factor":{"value":57.5685,"unit":"%"},"efficiency":{"value":10.8676,"unit":"%"},"r_at_voc":{"value":192.890593,"unit":""},"r_at_isc":{"value":23833.233,"unit":""},"power":{"value":0.00072031,"unit":"W"},"rshunt":{"value":"NaN","unit":"ohm"},"cell_temp_start":{"value":"NaN","unit":""},"cell_temp_end":{"value":"NaN","unit":""},"exposure":{"value":3.927,"unit":""},"time":{"value":"16:16:47","unit":""},"date":{"value":"07\/08\/2023","unit":""},"V":{"value":[1.3,1.25,1.2,1.15,1.1,1.05,1,0.95,0.9,0.85,0.8,0.75,0.7,0.65,0.6,0.55,0.5,0.45,0.4,0.35,0.3,0.25,0.2,0.15,0.1,0.05,0,-0.05,-0.1,-0.15,-0.2],"unit":"V"},"I":{"value":[-0.00631365,-0.00484079,-0.00347232,-0.00223902,-0.0012106,-0.00052067,-0.00012643,0.00013278,0.0002919,0.0004402,0.00055762,0.00064349,0.00071517,0.00077293,0.00080347,0.00083005,0.00084913,0.00086298,0.00087225,0.00087824,0.0008826,0.0008873,0.00088861,0.00089221,0.00089326,0.00089564,0.00089768,0.00090234,0.00090146,0.00090331,0.00090594],"unit":"A"},"J":{"unit":"A\/cm2","value":[-0.13607004310344828,-0.10432737068965518,-0.0748344827586207,-0.04825474137931035,-0.026090517241379313,-0.011221336206896552,-0.002724784482758621,0.0028616379310344832,0.0062909482758620695,0.009487068965517242,0.012017672413793104,0.013868318965517244,0.01541314655172414,0.016657974137931037,0.01731616379310345,0.017889008620689657,0.01830021551724138,0.018598706896551725,0.018798491379310344,0.01892758620689655,0.01902155172413793,0.019122844827586208,0.019151077586206898,0.01922866379310345,0.019251293103448277,0.019302586206896552,0.019346551724137934,0.01944698275862069,0.01942801724137931,0.019467887931034485,0.019524568965517245]},"cell_dimension":{"value":0.0464,"unit":"cm2"},"sweep_direction":{"unit":"","value":"Forward"},"key":"Forward13 ITO_20230708"},{"sample_area":{"value":0.0464,"unit":"cm2"},"irradiance":{"value":1,"unit":""},"pre_sweep_delay":{"value":1,"unit":""},"bias_direction":{"value":0,"unit":""},"max_reverse_bias":{"value":-0.2,"unit":""},"max_forward_bias":{"value":1.3,"unit":""},"num_sweep_points":{"value":31,"unit":""},"dwell_time":{"value":0,"unit":""},"current_limit":{"value":100,"unit":""},"pviv_10a_i_amp":{"value":0,"unit":""},"average":{"value":1,"unit":""},"dark_current":{"value":0,"unit":""},"rshunt_v_lo":{"value":-0.2,"unit":""},"rshunt_v_hi":{"value":0.2,"unit":""},"voc":{"value":1.00139696,"unit":"V"},"isc":{"value":0.00082866,"unit":"A"},"jsc":{"value":17.8590393,"unit":"mA\/cm2"},"imax":{"value":0.0006188,"unit":"A"},"vmax":{"value":0.65054875,"unit":"V"},"pmax":{"value":0.40255652,"unit":"mW"},"fill_factor":{"value":48.5115,"unit":"%"},"efficiency":{"value":8.6758,"unit":"%"},"r_at_voc":{"value":423.913083,"unit":""},"r_at_isc":{"value":9480.379,"unit":""},"power":{"value":0.00062223,"unit":"W"},"rshunt":{"value":"NaN","unit":"ohm"},"cell_temp_start":{"value":"NaN","unit":""},"cell_temp_end":{"value":"NaN","unit":""},"exposure":{"value":3.902,"unit":""},"time":{"value":"16:20:06","unit":""},"date":{"value":"07\/08\/2023","unit":""},"V":{"value":[1.3,1.25,1.2,1.15,1.1,1.05,1,0.95,0.9,0.85,0.8,0.75,0.7,0.65,0.6,0.55,0.5,0.45,0.4,0.35,0.3,0.25,0.2,0.15,0.1,0.05,0,-0.05,-0.1,-0.15,-0.2],"unit":"V"},"I":{"value":[-0.00505632,-0.00354455,-0.00224172,-0.00119702,-0.00050785,-0.00012103,1.938e-5,0.00011153,0.00023883,0.0003324,0.0004066,0.00048558,0.00056202,0.00061932,0.00065977,0.0006992,0.00073317,0.00075377,0.00077046,0.00078329,0.0007929,0.00080127,0.00080967,0.00081432,0.00081931,0.00082506,0.00083028,0.00083495,0.00083852,0.00084382,0.00084713],"unit":"A"},"J":{"unit":"A\/cm2","value":[-0.10897241379310346,-0.07639116379310346,-0.04831293103448276,-0.025797844827586208,-0.010945043103448278,-0.002608405172413793,0.00041767241379310347,0.0024036637931034483,0.005147198275862069,0.007163793103448277,0.00876293103448276,0.010465086206896552,0.0121125,0.01334741379310345,0.014219181034482758,0.01506896551724138,0.0158010775862069,0.016245043103448275,0.016604741379310346,0.01688125,0.01708836206896552,0.01726875,0.01744978448275862,0.01755,0.017657543103448275,0.01778146551724138,0.01789396551724138,0.017994612068965517,0.018071551724137932,0.018185775862068966,0.018257112068965516]},"cell_dimension":{"value":0.0464,"unit":"cm2"},"sweep_direction":{"unit":"","value":"Forward"},"key":"Forward12 ITO_20230708"},{"sample_area":{"value":0.0464,"unit":"cm2"},"irradiance":{"value":1,"unit":""},"pre_sweep_delay":{"value":1,"unit":""},"bias_direction":{"value":0,"unit":""},"max_reverse_bias":{"value":-0.2,"unit":""},"max_forward_bias":{"value":1.3,"unit":""},"num_sweep_points":{"value":31,"unit":""},"dwell_time":{"value":0,"unit":""},"current_limit":{"value":100,"unit":""},"pviv_10a_i_amp":{"value":0,"unit":""},"average":{"value":1,"unit":""},"dark_current":{"value":0,"unit":""},"rshunt_v_lo":{"value":-0.2,"unit":""},"rshunt_v_hi":{"value":0.2,"unit":""},"voc":{"value":0.02712652,"unit":"V"},"isc":{"value":0.00050863,"unit":"A"},"jsc":{"value":10.96182328,"unit":"mA\/cm2"},"imax":{"value":0,"unit":"A"},"vmax":{"value":"NaN","unit":"V"},"pmax":{"value":"NaN","unit":"mW"},"fill_factor":{"value":"NaN","unit":"%"},"efficiency":{"value":"NaN","unit":"%"},"r_at_voc":{"value":53.332662,"unit":""},"r_at_isc":{"value":53.333,"unit":""},"power":{"value":6.9e-6,"unit":"W"},"rshunt":{"value":"NaN","unit":"ohm"},"cell_temp_start":{"value":"NaN","unit":""},"cell_temp_end":{"value":"NaN","unit":""},"exposure":{"value":4.021,"unit":""},"time":{"value":"16:15:10","unit":""},"date":{"value":"07\/08\/2023","unit":""},"V":{"value":[1.3,1.25,1.2,1.15,1.1,1.05,1,0.95,0.9,0.85,0.8,0.75,0.7,0.65,0.6,0.55,0.5,0.45,0.4,0.35,0.3,0.25,0.2,0.15,0.1,0.05,0,-0.05,-0.1,-0.15,-0.2],"unit":"V"},"I":{"value":[-0.01274087,-0.01843939,-0.01742314,-0.01581831,-0.01417214,-0.01259283,-0.01132186,-0.01002763,-0.0200753,-0.01662518,-0.0133045,-0.01259173,-0.01244973,-0.01175568,-0.01079868,-0.00992447,-0.00903725,-0.00814378,-0.00717198,-0.00622345,-0.00526067,-0.00424791,-0.00335475,-0.00240369,-0.00141689,-0.00042888,0.00050863,0.0014355,0.00233179,0.00315542,0.00391261],"unit":"A"},"J":{"unit":"A\/cm2","value":[-0.27458771551724137,-0.3974006465517242,-0.37549870689655174,-0.34091185344827585,-0.30543405172413796,-0.27139719827586206,-0.24400560344827588,-0.21611271551724137,-0.43265732758620695,-0.35830129310344827,-0.28673491379310345,-0.2713734913793104,-0.26831314655172417,-0.25335517241379313,-0.23273017241379312,-0.21388943965517243,-0.19476831896551725,-0.17551250000000002,-0.15456853448275862,-0.1341260775862069,-0.11337650862068967,-0.09154978448275862,-0.07230064655172415,-0.05180366379310345,-0.030536422413793108,-0.009243103448275862,0.010961853448275863,0.0309375,0.05025409482758621,0.06800474137931035,0.08432349137931036]},"cell_dimension":{"value":0.0464,"unit":"cm2"},"sweep_direction":{"unit":"","value":"Forward"},"key":"Forward11 ITO_20230708"}]}}