{"_id":"65365f08851eea3e48563f86","id":"JBNU-SC-00255","author":98,"group":10,"input":[{"tco":{"unit":"","value":"ITO"}},{"htl":[{"material":{"unit":"","value":"NiO_Sputter"},"concentration":{"unit":"","value":"None"},"conc_unit":{"unit":"","value":"None"},"quantity":{"unit":"ml","value":"None"}}],"solvent":[{"material":{"unit":"","value":"None"},"volume":{"unit":"ml","value":"None"}},{"material":{"unit":"","value":"None"},"volume":{"unit":"ml","value":"None"}}],"htl_doping":[{"material":{"unit":"","value":"None"},"volume":{"unit":"ul","value":"None"}}],"spin_coating":[{"type":{"unit":"","value":"None"},"rpm":{"unit":"","value":"None"},"time":{"unit":"s","value":"None"}}],"vacuum_suction":[{"unit":"s","value":"None"}],"annealing":[{"temperature":{"unit":"oC","value":"300"},"time":{"unit":"m","value":"30"}}],"module":[{"type":{"unit":"","value":"None"},"gap":{"unit":"um","value":"None"},"coating_speed":{"unit":"mm\/s","value":"None"},"feeding_amount":{"unit":"ul","value":"None"}}],"thermal_evaporation":[{"vacuum_evaporation_thickness":{"unit":"nm","value":"None"},"evaporation_rate":{"unit":"\u00c5\/s","value":"None"},"vacuum_pressure":{"unit":"uTorr","value":"None"}}]},{"htl_treatment":[{"material":{"unit":"","value":"MeO-2PACz"},"concentration":{"unit":"","value":"1"},"conc_unit":{"unit":"","value":"mg\/ml"},"quantity":{"unit":"ml","value":"0.25"}},{"material":{"unit":"","value":"Me-4PACz"},"concentration":{"unit":"","value":"1"},"conc_unit":{"unit":"","value":"mg\/ml"},"quantity":{"unit":"ml","value":"0.75"}}],"solvent":[{"material":{"unit":"","value":"Ethanol"},"volume":{"unit":"ml","value":"1"}},{"material":{"unit":"","value":"None"},"volume":{"unit":"ml","value":"None"}},{"material":{"unit":"","value":"Ethanol"},"volume":{"unit":"ml","value":"1"}},{"material":{"unit":"","value":"None"},"volume":{"unit":"ml","value":"None"}}],"spin_coating":[{"type":{"unit":"","value":"drop&run"},"rpm":{"unit":"","value":"3000"},"time":{"unit":"s","value":"50"}}],"vacuum_suction":[{"unit":"s","value":"10"}],"annealing":[{"temperature":{"unit":"oC","value":"None"},"time":{"unit":"m","value":"None"}}],"module":[{"type":{"unit":"","value":"None"},"gap":{"unit":"um","value":"None"},"coating_speed":{"unit":"mm\/s","value":"None"},"feeding_amount":{"unit":"ul","value":"None"}}],"thermal_evaporation":[{"vacuum_evaporation_thickness":{"unit":"nm","value":"None"},"evaporation_rate":{"unit":"\u00c5\/s","value":"None"},"vacuum_pressure":{"unit":"uTorr","value":"None"}}]},{"perovskite":{"method":{"unit":"","value":"1-step"},"molarity":{"unit":"M","value":"1.45"},"a_site":[{"material":{"unit":"","value":"Cs"},"ratio":{"unit":"","value":"0.175"}},{"material":{"unit":"","value":"FA"},"ratio":{"unit":"","value":"0.825"}}],"b_site":[{"material":{"unit":"","value":"Pb"},"ratio":{"unit":"","value":"1"}},{"material":{"unit":"","value":"None"},"ratio":{"unit":"","value":"0"}}],"x_site":[{"material":{"unit":"","value":"I"},"ratio":{"unit":"","value":"2.55"}},{"material":{"unit":"","value":"Br"},"ratio":{"unit":"","value":"0.45"}}],"solvent":[{"material":{"unit":"","value":"DMF"},"volume":{"unit":"ml","value":"0.72"}},{"material":{"unit":"","value":"DMSO"},"volume":{"unit":"ml","value":"0.18"}}],"additive":[{"material":{"unit":"","value":"None"},"solvent":{"unit":"","value":"None"},"concentration":{"unit":"","value":"None"},"conc_unit":{"unit":"","value":"None"},"quantity":{"unit":"mol%","value":"None"}}],"stirring_time":[{"unit":"m","value":"120"}],"antisolvent":[{"material":{"unit":"","value":"None"},"quantity":{"unit":"ul","value":"None"},"dripping_time":{"unit":"s","value":"None"}}],"spin_coating":[{"type":{"unit":"","value":"drop&run"},"rpm":{"unit":"","value":"4000"},"time":{"unit":"s","value":"10"}}],"vacuum_suction":[{"unit":"s","value":"60"}],"annealing":[{"temperature":{"unit":"oC","value":"100"},"time":{"unit":"m","value":"30"}}],"atmosphere":[{"type":{"unit":"","value":"N2"},"temperature":{"unit":"oC","value":"28"},"humidity":{"unit":"RH%","value":"0"}}],"assist":[{"type":{"unit":"","value":"None"},"temperature":{"unit":"oC","value":"None"},"assist_start_time":{"value":null,"unit":"s"},"total_assist_time":{"value":"None","unit":"s"}}],"module":[{"type":{"unit":"","value":"None"},"gap":{"unit":"um","value":"None"},"coating_speed":{"unit":"mm\/s","value":"None"},"feeding_amount":{"unit":"ul","value":"None"}}],"thermal_evaporation":[{"vacuum_evaporation_thickness":{"unit":"nm","value":"None"},"evaporation_rate":{"unit":"\u00c5\/s","value":"None"},"vacuum_pressure":{"unit":"uTorr","value":"None"}}]}},{"perovskite_treatment":[{"material":{"unit":"","value":"None"},"concentration":{"unit":"","value":"None"},"conc_unit":{"unit":"","value":"None"},"quantity":{"unit":"ml","value":"None"}}],"solvent":[{"material":{"unit":"","value":"None"},"volume":{"unit":"ml","value":"None"}},{"material":{"unit":"","value":"None"},"volume":{"unit":"ml","value":"None"}}],"spin_coating":[{"type":{"unit":"","value":"None"},"rpm":{"unit":"","value":"None"},"time":{"unit":"s","value":"None"}}],"vacuum_suction":[{"unit":"s","value":"None"}],"annealing":[{"temperature":{"unit":"oC","value":"None"},"time":{"unit":"m","value":"None"}}],"module":[{"type":{"unit":"","value":"None"},"gap":{"unit":"um","value":"None"},"coating_speed":{"unit":"mm\/s","value":"None"},"feeding_amount":{"unit":"ul","value":"None"}}],"thermal_evaporation":[{"vacuum_evaporation_thickness":{"unit":"nm","value":"None"},"evaporation_rate":{"unit":"\u00c5\/s","value":"None"},"vacuum_pressure":{"unit":"uTorr","value":"None"}}]},{"etl":[{"material":{"unit":"","value":"C60"},"concentration":{"unit":"","value":"None"},"conc_unit":{"unit":"","value":"None"},"quantity":{"unit":"ml","value":"None"}}],"solvent":[{"material":{"unit":"","value":"None"},"volume":{"unit":"ml","value":"None"}},{"material":{"unit":"","value":"None"},"volume":{"unit":"ml","value":"None"}}],"spin_coating":[{"type":{"unit":"","value":"None"},"rpm":{"unit":"","value":"None"},"time":{"unit":"s","value":"None"}}],"vacuum_suction":[{"unit":"s","value":"None"}],"annealing":[{"temperature":{"unit":"oC","value":"None"},"time":{"unit":"m","value":"None"}}],"etl_doping":[{"material":{"unit":"","value":"None"},"volume":{"unit":"ul","value":"None"}}],"module":[{"type":{"unit":"","value":"None"},"gap":{"unit":"um","value":"None"},"coating_speed":{"unit":"mm\/s","value":"None"},"feeding_amount":{"unit":"ul","value":"None"}}],"thermal_evaporation":[{"vacuum_evaporation_thickness":{"unit":"nm","value":"30"},"evaporation_rate":{"unit":"\u00c5\/s","value":"0.6"},"vacuum_pressure":{"unit":"uTorr","value":"2x10-6"}}]},{"blocking_buffer_layer":[{"material":{"unit":"","value":"BCP"},"concentration":{"unit":"","value":"None"},"conc_unit":{"unit":"","value":"None"},"quantity":{"unit":"ml","value":"None"}}],"solvent":[{"material":{"unit":"","value":"None"},"volume":{"unit":"ml","value":"None"}},{"material":{"unit":"","value":"None"},"volume":{"unit":"ml","value":"None"}}],"spin_coating":[{"type":{"unit":"","value":"None"},"rpm":{"unit":"","value":"None"},"time":{"unit":"s","value":"None"}}],"vacuum_suction":[{"unit":"s","value":"0"}],"annealing":[{"temperature":{"unit":"oC","value":"None"},"time":{"unit":"m","value":"None"}}],"module":[{"type":{"unit":"","value":"None"},"gap":{"unit":"um","value":"None"},"coating_speed":{"unit":"mm\/s","value":"None"},"feeding_amount":{"unit":"ul","value":"None"}}],"thermal_evaporation":[{"vacuum_evaporation_thickness":{"unit":"nm","value":"6"},"evaporation_rate":{"unit":"\u00c5\/s","value":"0.6"},"vacuum_pressure":{"unit":"uTorr","value":"2x10-6"}}]},{"anode_metal":{"unit":"","value":"Ag"}},{"note":{"unit":"","value":"-"},"ar":{"unit":"","value":"0"},"type":{"unit":"","value":"unit_cell"},"device_type":{"unit":"","value":"p-i-n"},"temperature":{"unit":"\u2103","value":"25"},"humidity":{"unit":"%","value":"40"},"cell_dimension":{"unit":"cm2","value":"0.0464"}}],"fileinfo":[{"key":"forward 71 1-3 0.9 3mM_20230808","uploadType":"JV","original_name":"forward 71 1-3 0.9 3mM_20230808-152148.txt","save_name":"JBNU-SC-00255\/forward 71 1-3 0.9 3mM_20230808","uploader":98,"fileType":""},{"key":"forward 72 1-3 0.9 3mM_20230808","uploadType":"JV","original_name":"forward 72 1-3 0.9 3mM_20230808-152205.txt","save_name":"JBNU-SC-00255\/forward 72 1-3 0.9 3mM_20230808","uploader":98,"fileType":""},{"key":"forward 73 1-3 0.9 3mM_20230808","uploadType":"JV","original_name":"forward 73 1-3 0.9 3mM_20230808-152228.txt","save_name":"JBNU-SC-00255\/forward 73 1-3 0.9 3mM_20230808","uploader":98,"fileType":""},{"key":"forward 74 1-3 0.9 3mM_20230808","uploadType":"JV","original_name":"forward 74 1-3 0.9 3mM_20230808-152238.txt","save_name":"JBNU-SC-00255\/forward 74 1-3 0.9 3mM_20230808","uploader":98,"fileType":""},{"key":"forward 81 1-3 0.9 3mM_20230808","uploadType":"JV","original_name":"forward 81 1-3 0.9 3mM_20230808-152318.txt","save_name":"JBNU-SC-00255\/forward 81 1-3 0.9 3mM_20230808","uploader":98,"fileType":""},{"key":"forward 82 1-3 0.9 3mM_20230808","uploadType":"JV","original_name":"forward 82 1-3 0.9 3mM_20230808-152344.txt","save_name":"JBNU-SC-00255\/forward 82 1-3 0.9 3mM_20230808","uploader":98,"fileType":""},{"key":"forward 83 1-3 0.9 3mM_20230808","uploadType":"JV","original_name":"forward 83 1-3 0.9 3mM_20230808-152359.txt","save_name":"JBNU-SC-00255\/forward 83 1-3 0.9 3mM_20230808","uploader":98,"fileType":""},{"key":"forward 84 1-3 0.9 3mM_20230808","uploadType":"JV","original_name":"forward 84 1-3 0.9 3mM_20230808-152420.txt","save_name":"JBNU-SC-00255\/forward 84 1-3 0.9 3mM_20230808","uploader":98,"fileType":""}],"jvcnt":8,"updated_at":"2024-08-07 02:33:50","created_at":"2023-10-23 11:54:48","analysisInfo":{"JV":[{"efficiency":13.9104,"fill_factor":73.3218,"jsc":16.95774465,"voc":1.11876375,"key":"forward 84 1-3 0.9 3mM_20230808","cell_dimension":0.0464},{"efficiency":1.4272,"fill_factor":73.6764,"jsc":1.72234513,"voc":1.12470519,"key":"forward 83 1-3 0.9 3mM_20230808","cell_dimension":0.0464},{"efficiency":18.3952,"fill_factor":73.1164,"jsc":22.23469651,"voc":1.13151156,"key":"forward 82 1-3 0.9 3mM_20230808","cell_dimension":0.0464},{"efficiency":18.0837,"fill_factor":71.6053,"jsc":22.15865223,"voc":1.13972384,"key":"forward 81 1-3 0.9 3mM_20230808","cell_dimension":0.0464},{"efficiency":17.6521,"fill_factor":73.3532,"jsc":21.31165578,"voc":1.12917231,"key":"forward 74 1-3 0.9 3mM_20230808","cell_dimension":0.0464},{"efficiency":16.637,"fill_factor":68.6092,"jsc":21.37560739,"voc":1.13441745,"key":"forward 73 1-3 0.9 3mM_20230808","cell_dimension":0.0464},{"efficiency":18.5731,"fill_factor":74.1995,"jsc":22.01094299,"voc":1.13722188,"key":"forward 72 1-3 0.9 3mM_20230808","cell_dimension":0.0464},{"efficiency":18.0401,"fill_factor":73.4634,"jsc":21.50552694,"voc":1.14187438,"key":"forward 71 1-3 0.9 3mM_20230808","cell_dimension":0.0464}]},"public":2,"analysis":{"JV":[{"sample_area":{"value":0.0464,"unit":"cm2"},"irradiance":{"value":1,"unit":""},"pre_sweep_delay":{"value":1,"unit":""},"bias_direction":{"value":0,"unit":""},"max_reverse_bias":{"value":-0.2,"unit":""},"max_forward_bias":{"value":1.3,"unit":""},"num_sweep_points":{"value":31,"unit":""},"dwell_time":{"value":0,"unit":""},"current_limit":{"value":100,"unit":""},"pviv_10a_i_amp":{"value":0,"unit":""},"average":{"value":1,"unit":""},"dark_current":{"value":0,"unit":""},"rshunt_v_lo":{"value":-0.2,"unit":""},"rshunt_v_hi":{"value":0.2,"unit":""},"voc":{"value":1.11876375,"unit":"V"},"isc":{"value":0.00078684,"unit":"A"},"jsc":{"value":16.95774465,"unit":"mA\/cm2"},"imax":{"value":0.00069517,"unit":"A"},"vmax":{"value":0.9284709,"unit":"V"},"pmax":{"value":0.6454429,"unit":"mW"},"fill_factor":{"value":73.3218,"unit":"%"},"efficiency":{"value":13.9104,"unit":"%"},"r_at_voc":{"value":115.935738,"unit":""},"r_at_isc":{"value":11036.848,"unit":""},"power":{"value":0.00079016,"unit":"W"},"rshunt":{"value":"NaN","unit":"ohm"},"cell_temp_start":{"value":"NaN","unit":""},"cell_temp_end":{"value":"NaN","unit":""},"exposure":{"value":3.728,"unit":""},"time":{"value":"15:24:20","unit":""},"date":{"value":"08\/08\/2023","unit":""},"V":{"value":[1.3,1.25,1.2,1.15,1.1,1.05,1,0.95,0.9,0.85,0.8,0.75,0.7,0.65,0.6,0.55,0.5,0.45,0.4,0.35,0.3,0.25,0.2,0.15,0.1,0.05,0,-0.05,-0.1,-0.15,-0.2],"unit":"V"},"I":{"value":[-0.00243087,-0.0015829,-0.0008542,-0.00026943,0.00016185,0.00044079,0.00060058,0.00067587,0.00071186,0.00072597,0.00073583,0.00074023,0.00074566,0.00074909,0.000752,0.00075459,0.00075744,0.00076012,0.00076197,0.00076285,0.00076461,0.00076643,0.00076823,0.00077152,0.00077548,0.00077945,0.00078247,0.0007889,0.00079464,0.00080222,0.00081144],"unit":"A"},"J":{"unit":"A\/cm2","value":[-0.05238943965517241,-0.03411422413793103,-0.01840948275862069,-0.005806681034482759,0.0034881465517241383,0.00949978448275862,0.012943534482758621,0.01456616379310345,0.015341810344827587,0.015645905172413797,0.015858405172413794,0.015953232758620692,0.016070258620689656,0.01614418103448276,0.016206896551724137,0.01626271551724138,0.016324137931034485,0.01638189655172414,0.016421767241379313,0.01644073275862069,0.01647866379310345,0.016517887931034484,0.016556681034482757,0.016627586206896555,0.01671293103448276,0.016798491379310346,0.016863577586206897,0.017002155172413796,0.01712586206896552,0.017289224137931034,0.01748793103448276]},"cell_dimension":{"value":0.0464,"unit":"cm2"},"sweep_direction":{"unit":"","value":"Forward"},"key":"forward 84 1-3 0.9 3mM_20230808"},{"sample_area":{"value":0.0464,"unit":"cm2"},"irradiance":{"value":1,"unit":""},"pre_sweep_delay":{"value":1,"unit":""},"bias_direction":{"value":0,"unit":""},"max_reverse_bias":{"value":-0.2,"unit":""},"max_forward_bias":{"value":1.3,"unit":""},"num_sweep_points":{"value":31,"unit":""},"dwell_time":{"value":0,"unit":""},"current_limit":{"value":100,"unit":""},"pviv_10a_i_amp":{"value":0,"unit":""},"average":{"value":1,"unit":""},"dark_current":{"value":0,"unit":""},"rshunt_v_lo":{"value":-0.2,"unit":""},"rshunt_v_hi":{"value":0.2,"unit":""},"voc":{"value":1.12470519,"unit":"V"},"isc":{"value":7.992e-5,"unit":"A"},"jsc":{"value":1.72234513,"unit":"mA\/cm2"},"imax":{"value":6.995e-5,"unit":"A"},"vmax":{"value":0.94672987,"unit":"V"},"pmax":{"value":0.06622248,"unit":"mW"},"fill_factor":{"value":73.6764,"unit":"%"},"efficiency":{"value":1.4272,"unit":"%"},"r_at_voc":{"value":1078.256399,"unit":""},"r_at_isc":{"value":90426.557,"unit":""},"power":{"value":8.041e-5,"unit":"W"},"rshunt":{"value":"NaN","unit":"ohm"},"cell_temp_start":{"value":"NaN","unit":""},"cell_temp_end":{"value":"NaN","unit":""},"exposure":{"value":3.729,"unit":""},"time":{"value":"15:23:59","unit":""},"date":{"value":"08\/08\/2023","unit":""},"V":{"value":[1.3,1.25,1.2,1.15,1.1,1.05,1,0.95,0.9,0.85,0.8,0.75,0.7,0.65,0.6,0.55,0.5,0.45,0.4,0.35,0.3,0.25,0.2,0.15,0.1,0.05,0,-0.05,-0.1,-0.15,-0.2],"unit":"V"},"I":{"value":[-0.00028724,-0.00017062,-8.718e-5,-2.346e-5,2.291e-5,4.997e-5,6.406e-5,6.97e-5,7.227e-5,7.312e-5,7.372e-5,7.428e-5,7.477e-5,7.506e-5,7.54e-5,7.577e-5,7.606e-5,7.621e-5,7.645e-5,7.673e-5,7.711e-5,7.731e-5,7.776e-5,7.8e-5,7.86e-5,7.896e-5,7.958e-5,8.027e-5,8.096e-5,8.175e-5,8.27e-5],"unit":"A"},"J":{"unit":"A\/cm2","value":[-0.006190517241379311,-0.003677155172413793,-0.0018788793103448277,-0.000505603448275862,0.00049375,0.0010769396551724138,0.0013806034482758624,0.0015021551724137931,0.001557543103448276,0.0015758620689655175,0.001588793103448276,0.0016008620689655173,0.0016114224137931037,0.0016176724137931036,0.0016250000000000001,0.0016329741379310346,0.0016392241379310345,0.0016424568965517244,0.0016476293103448278,0.0016536637931034485,0.0016618534482758622,0.0016661637931034484,0.0016758620689655173,0.0016810344827586207,0.0016939655172413795,0.0017017241379310346,0.0017150862068965518,0.0017299568965517243,0.0017448275862068966,0.001761853448275862,0.0017823275862068968]},"cell_dimension":{"value":0.0464,"unit":"cm2"},"sweep_direction":{"unit":"","value":"Forward"},"key":"forward 83 1-3 0.9 3mM_20230808"},{"sample_area":{"value":0.0464,"unit":"cm2"},"irradiance":{"value":1,"unit":""},"pre_sweep_delay":{"value":1,"unit":""},"bias_direction":{"value":0,"unit":""},"max_reverse_bias":{"value":-0.2,"unit":""},"max_forward_bias":{"value":1.3,"unit":""},"num_sweep_points":{"value":31,"unit":""},"dwell_time":{"value":0,"unit":""},"current_limit":{"value":100,"unit":""},"pviv_10a_i_amp":{"value":0,"unit":""},"average":{"value":1,"unit":""},"dark_current":{"value":0,"unit":""},"rshunt_v_lo":{"value":-0.2,"unit":""},"rshunt_v_hi":{"value":0.2,"unit":""},"voc":{"value":1.13151156,"unit":"V"},"isc":{"value":0.00103169,"unit":"A"},"jsc":{"value":22.23469651,"unit":"mA\/cm2"},"imax":{"value":0.00092649,"unit":"A"},"vmax":{"value":0.9212577,"unit":"V"},"pmax":{"value":0.85353879,"unit":"mW"},"fill_factor":{"value":73.1164,"unit":"%"},"efficiency":{"value":18.3952,"unit":"%"},"r_at_voc":{"value":116.410641,"unit":""},"r_at_isc":{"value":28804.709,"unit":""},"power":{"value":0.00105358,"unit":"W"},"rshunt":{"value":"NaN","unit":"ohm"},"cell_temp_start":{"value":"NaN","unit":""},"cell_temp_end":{"value":"NaN","unit":""},"exposure":{"value":3.732,"unit":""},"time":{"value":"15:23:44","unit":""},"date":{"value":"08\/08\/2023","unit":""},"V":{"value":[1.3,1.25,1.2,1.15,1.1,1.05,1,0.95,0.9,0.85,0.8,0.75,0.7,0.65,0.6,0.55,0.5,0.45,0.4,0.35,0.3,0.25,0.2,0.15,0.1,0.05,0,-0.05,-0.1,-0.15,-0.2],"unit":"V"},"I":{"value":[-0.00190273,-0.00124916,-0.00067311,-0.00015882,0.00027069,0.00058686,0.00078155,0.00088954,0.00094416,0.0009655,0.00097741,0.00098627,0.0009933,0.0009974,0.00100096,0.00100475,0.00100963,0.00101158,0.00101487,0.00101776,0.00102131,0.00102205,0.00102421,0.0010259,0.00102971,0.00102977,0.00103299,0.00103504,0.00103482,0.00103615,0.00103754],"unit":"A"},"J":{"unit":"A\/cm2","value":[-0.04100711206896552,-0.026921551724137932,-0.014506681034482759,-0.003422844827586207,0.005833836206896553,0.012647844827586208,0.01684375,0.019171120689655173,0.020348275862068967,0.020808189655172414,0.021064870689655173,0.021255818965517242,0.021407327586206896,0.021495689655172418,0.02157241379310345,0.02165409482758621,0.021759267241379315,0.021801293103448277,0.021872198275862068,0.02193448275862069,0.022010991379310348,0.022026939655172415,0.022073491379310348,0.02210991379310345,0.02219202586206897,0.022193318965517243,0.02226271551724138,0.022306896551724142,0.022302155172413796,0.02233081896551724,0.022360775862068968]},"cell_dimension":{"value":0.0464,"unit":"cm2"},"sweep_direction":{"unit":"","value":"Forward"},"key":"forward 82 1-3 0.9 3mM_20230808"},{"sample_area":{"value":0.0464,"unit":"cm2"},"irradiance":{"value":1,"unit":""},"pre_sweep_delay":{"value":1,"unit":""},"bias_direction":{"value":0,"unit":""},"max_reverse_bias":{"value":-0.2,"unit":""},"max_forward_bias":{"value":1.3,"unit":""},"num_sweep_points":{"value":31,"unit":""},"dwell_time":{"value":0,"unit":""},"current_limit":{"value":100,"unit":""},"pviv_10a_i_amp":{"value":0,"unit":""},"average":{"value":1,"unit":""},"dark_current":{"value":0,"unit":""},"rshunt_v_lo":{"value":-0.2,"unit":""},"rshunt_v_hi":{"value":0.2,"unit":""},"voc":{"value":1.13972384,"unit":"V"},"isc":{"value":0.00102816,"unit":"A"},"jsc":{"value":22.15865223,"unit":"mA\/cm2"},"imax":{"value":0.00092388,"unit":"A"},"vmax":{"value":0.90821546,"unit":"V"},"pmax":{"value":0.83908573,"unit":"mW"},"fill_factor":{"value":71.6053,"unit":"%"},"efficiency":{"value":18.0837,"unit":"%"},"r_at_voc":{"value":164.607173,"unit":""},"r_at_isc":{"value":33009.044,"unit":""},"power":{"value":0.00104534,"unit":"W"},"rshunt":{"value":"NaN","unit":"ohm"},"cell_temp_start":{"value":"NaN","unit":""},"cell_temp_end":{"value":"NaN","unit":""},"exposure":{"value":3.916,"unit":""},"time":{"value":"15:23:18","unit":""},"date":{"value":"08\/08\/2023","unit":""},"V":{"value":[1.3,1.25,1.2,1.15,1.1,1.05,1,0.95,0.9,0.85,0.8,0.75,0.7,0.65,0.6,0.55,0.5,0.45,0.4,0.35,0.3,0.25,0.2,0.15,0.1,0.05,0,-0.05,-0.1,-0.15,-0.2],"unit":"V"},"I":{"value":[-0.00120751,-0.00077874,-0.00039483,-6.243e-5,0.00024133,0.00052681,0.0007402,0.00086145,0.00093159,0.00095943,0.00098029,0.000988,0.00099353,0.00099824,0.0010031,0.00100615,0.00100983,0.00101143,0.00101463,0.0010159,0.00101797,0.00102037,0.00102301,0.00102313,0.00102457,0.00102608,0.00102923,0.00103377,0.00103105,0.00103181,0.00103213],"unit":"A"},"J":{"unit":"A\/cm2","value":[-0.026023922413793105,-0.016783189655172413,-0.00850926724137931,-0.0013454741379310346,0.0052010775862068965,0.011353663793103447,0.015952586206896553,0.018565732758620692,0.020077370689655174,0.020677370689655174,0.021126939655172414,0.02129310344827586,0.021412284482758625,0.021513793103448278,0.021618534482758623,0.02168426724137931,0.021763577586206898,0.021798060344827588,0.02186702586206897,0.02189439655172414,0.021939008620689655,0.021990732758620693,0.02204762931034483,0.02205021551724138,0.022081250000000004,0.022113793103448277,0.02218168103448276,0.02227952586206897,0.022220905172413794,0.02223728448275862,0.022244181034482762]},"cell_dimension":{"value":0.0464,"unit":"cm2"},"sweep_direction":{"unit":"","value":"Forward"},"key":"forward 81 1-3 0.9 3mM_20230808"},{"sample_area":{"value":0.0464,"unit":"cm2"},"irradiance":{"value":1,"unit":""},"pre_sweep_delay":{"value":1,"unit":""},"bias_direction":{"value":0,"unit":""},"max_reverse_bias":{"value":-0.2,"unit":""},"max_forward_bias":{"value":1.3,"unit":""},"num_sweep_points":{"value":31,"unit":""},"dwell_time":{"value":0,"unit":""},"current_limit":{"value":100,"unit":""},"pviv_10a_i_amp":{"value":0,"unit":""},"average":{"value":1,"unit":""},"dark_current":{"value":0,"unit":""},"rshunt_v_lo":{"value":-0.2,"unit":""},"rshunt_v_hi":{"value":0.2,"unit":""},"voc":{"value":1.12917231,"unit":"V"},"isc":{"value":0.00098886,"unit":"A"},"jsc":{"value":21.31165578,"unit":"mA\/cm2"},"imax":{"value":0.00088506,"unit":"A"},"vmax":{"value":0.92543079,"unit":"V"},"pmax":{"value":0.81905716,"unit":"mW"},"fill_factor":{"value":73.3532,"unit":"%"},"efficiency":{"value":17.6521,"unit":"%"},"r_at_voc":{"value":107.751399,"unit":""},"r_at_isc":{"value":34207.15,"unit":""},"power":{"value":0.00101314,"unit":"W"},"rshunt":{"value":"NaN","unit":"ohm"},"cell_temp_start":{"value":"NaN","unit":""},"cell_temp_end":{"value":"NaN","unit":""},"exposure":{"value":3.735,"unit":""},"time":{"value":"15:22:38","unit":""},"date":{"value":"08\/08\/2023","unit":""},"V":{"value":[1.3,1.25,1.2,1.15,1.1,1.05,1,0.95,0.9,0.85,0.8,0.75,0.7,0.65,0.6,0.55,0.5,0.45,0.4,0.35,0.3,0.25,0.2,0.15,0.1,0.05,0,-0.05,-0.1,-0.15,-0.2],"unit":"V"},"I":{"value":[-0.00234264,-0.00150127,-0.00078852,-0.00019329,0.00027074,0.00058416,0.0007622,0.00085677,0.00090516,0.00092762,0.00094026,0.00094696,0.00095369,0.00095772,0.00096171,0.00096481,0.00096934,0.00097072,0.00097314,0.00097629,0.00097962,0.0009807,0.00098297,0.00098475,0.00098742,0.00098808,0.00098866,0.00099043,0.00099125,0.00099326,0.00099425],"unit":"A"},"J":{"unit":"A\/cm2","value":[-0.050487931034482764,-0.032354956896551726,-0.01699396551724138,-0.00416573275862069,0.005834913793103449,0.012589655172413795,0.016426724137931035,0.018464870689655175,0.019507758620689656,0.01999181034482759,0.020264224137931035,0.020408620689655172,0.02055366379310345,0.020640517241379313,0.020726508620689657,0.02079331896551724,0.02089094827586207,0.020920689655172416,0.02097284482758621,0.02104073275862069,0.021112500000000003,0.021135775862068964,0.021184698275862068,0.021223060344827585,0.021280603448275863,0.021294827586206894,0.021307327586206896,0.021345474137931038,0.021363146551724138,0.021406465517241378,0.02142780172413793]},"cell_dimension":{"value":0.0464,"unit":"cm2"},"sweep_direction":{"unit":"","value":"Forward"},"key":"forward 74 1-3 0.9 3mM_20230808"},{"sample_area":{"value":0.0464,"unit":"cm2"},"irradiance":{"value":1,"unit":""},"pre_sweep_delay":{"value":1,"unit":""},"bias_direction":{"value":0,"unit":""},"max_reverse_bias":{"value":-0.2,"unit":""},"max_forward_bias":{"value":1.3,"unit":""},"num_sweep_points":{"value":31,"unit":""},"dwell_time":{"value":0,"unit":""},"current_limit":{"value":100,"unit":""},"pviv_10a_i_amp":{"value":0,"unit":""},"average":{"value":1,"unit":""},"dark_current":{"value":0,"unit":""},"rshunt_v_lo":{"value":-0.2,"unit":""},"rshunt_v_hi":{"value":0.2,"unit":""},"voc":{"value":1.13441745,"unit":"V"},"isc":{"value":0.00099183,"unit":"A"},"jsc":{"value":21.37560739,"unit":"mA\/cm2"},"imax":{"value":0.00085502,"unit":"A"},"vmax":{"value":0.90285353,"unit":"V"},"pmax":{"value":0.77195505,"unit":"mW"},"fill_factor":{"value":68.6092,"unit":"%"},"efficiency":{"value":16.637,"unit":"%"},"r_at_voc":{"value":144.719601,"unit":""},"r_at_isc":{"value":20484.087,"unit":""},"power":{"value":0.00099115,"unit":"W"},"rshunt":{"value":"NaN","unit":"ohm"},"cell_temp_start":{"value":"NaN","unit":""},"cell_temp_end":{"value":"NaN","unit":""},"exposure":{"value":3.731,"unit":""},"time":{"value":"15:22:28","unit":""},"date":{"value":"08\/08\/2023","unit":""},"V":{"value":[1.3,1.25,1.2,1.15,1.1,1.05,1,0.95,0.9,0.85,0.8,0.75,0.7,0.65,0.6,0.55,0.5,0.45,0.4,0.35,0.3,0.25,0.2,0.15,0.1,0.05,0,-0.05,-0.1,-0.15,-0.2],"unit":"V"},"I":{"value":[-0.00155076,-0.00098687,-0.00051232,-0.00010767,0.00023782,0.00049992,0.00068152,0.00079172,0.00085766,0.00089096,0.00091525,0.00092736,0.00093916,0.00094535,0.00095398,0.00095678,0.00096134,0.0009653,0.00096855,0.00097246,0.00097706,0.00097852,0.00098143,0.00098421,0.00098905,0.00098914,0.00099119,0.00099771,0.00099674,0.00099822,0.00099998],"unit":"A"},"J":{"unit":"A\/cm2","value":[-0.03342155172413793,-0.02126875,-0.011041379310344828,-0.0023204741379310345,0.005125431034482759,0.010774137931034485,0.01468793103448276,0.01706293103448276,0.01848405172413793,0.019201724137931035,0.019725215517241382,0.019986206896551725,0.020240517241379312,0.020373922413793103,0.02055991379310345,0.020620258620689655,0.02071853448275862,0.02080387931034483,0.020873922413793104,0.020958189655172415,0.0210573275862069,0.02108879310344828,0.021151508620689655,0.0212114224137931,0.02131573275862069,0.021317672413793103,0.021361853448275864,0.021502370689655173,0.021481465517241383,0.02151336206896552,0.021551293103448277]},"cell_dimension":{"value":0.0464,"unit":"cm2"},"sweep_direction":{"unit":"","value":"Forward"},"key":"forward 73 1-3 0.9 3mM_20230808"},{"sample_area":{"value":0.0464,"unit":"cm2"},"irradiance":{"value":1,"unit":""},"pre_sweep_delay":{"value":1,"unit":""},"bias_direction":{"value":0,"unit":""},"max_reverse_bias":{"value":-0.2,"unit":""},"max_forward_bias":{"value":1.3,"unit":""},"num_sweep_points":{"value":31,"unit":""},"dwell_time":{"value":0,"unit":""},"current_limit":{"value":100,"unit":""},"pviv_10a_i_amp":{"value":0,"unit":""},"average":{"value":1,"unit":""},"dark_current":{"value":0,"unit":""},"rshunt_v_lo":{"value":-0.2,"unit":""},"rshunt_v_hi":{"value":0.2,"unit":""},"voc":{"value":1.13722188,"unit":"V"},"isc":{"value":0.00102131,"unit":"A"},"jsc":{"value":22.01094299,"unit":"mA\/cm2"},"imax":{"value":0.00093023,"unit":"A"},"vmax":{"value":0.92643293,"unit":"V"},"pmax":{"value":0.86179312,"unit":"mW"},"fill_factor":{"value":74.1995,"unit":"%"},"efficiency":{"value":18.5731,"unit":"%"},"r_at_voc":{"value":120.692543,"unit":""},"r_at_isc":{"value":36954.17,"unit":""},"power":{"value":0.00105518,"unit":"W"},"rshunt":{"value":"NaN","unit":"ohm"},"cell_temp_start":{"value":"NaN","unit":""},"cell_temp_end":{"value":"NaN","unit":""},"exposure":{"value":3.73,"unit":""},"time":{"value":"15:22:05","unit":""},"date":{"value":"08\/08\/2023","unit":""},"V":{"value":[1.3,1.25,1.2,1.15,1.1,1.05,1,0.95,0.9,0.85,0.8,0.75,0.7,0.65,0.6,0.55,0.5,0.45,0.4,0.35,0.3,0.25,0.2,0.15,0.1,0.05,0,-0.05,-0.1,-0.15,-0.2],"unit":"V"},"I":{"value":[-0.00179684,-0.00114884,-0.00059633,-0.00010587,0.0003084,0.00060808,0.00080375,0.00090186,0.00095172,0.00097189,0.00098046,0.00098661,0.00099275,0.0009946,0.0009995,0.00100295,0.00100455,0.00100697,0.0010089,0.00101087,0.00101405,0.00101355,0.00101543,0.00101664,0.00101969,0.00101973,0.00102024,0.00102636,0.00102289,0.00102382,0.00102712],"unit":"A"},"J":{"unit":"A\/cm2","value":[-0.038725,-0.02475948275862069,-0.012851939655172414,-0.002281681034482759,0.006646551724137932,0.013105172413793104,0.01732219827586207,0.019436637931034485,0.020511206896551726,0.020945905172413796,0.021130603448275866,0.02126314655172414,0.021395474137931036,0.02143534482758621,0.02154094827586207,0.021615301724137934,0.021649784482758623,0.021701939655172416,0.021743534482758623,0.021785991379310348,0.021854525862068968,0.021843750000000002,0.021884267241379308,0.02191034482758621,0.021976077586206896,0.021976939655172414,0.02198793103448276,0.022119827586206897,0.022045043103448278,0.022065086206896553,0.022136206896551727]},"cell_dimension":{"value":0.0464,"unit":"cm2"},"sweep_direction":{"unit":"","value":"Forward"},"key":"forward 72 1-3 0.9 3mM_20230808"},{"sample_area":{"value":0.0464,"unit":"cm2"},"irradiance":{"value":1,"unit":""},"pre_sweep_delay":{"value":1,"unit":""},"bias_direction":{"value":0,"unit":""},"max_reverse_bias":{"value":-0.2,"unit":""},"max_forward_bias":{"value":1.3,"unit":""},"num_sweep_points":{"value":31,"unit":""},"dwell_time":{"value":0,"unit":""},"current_limit":{"value":100,"unit":""},"pviv_10a_i_amp":{"value":0,"unit":""},"average":{"value":1,"unit":""},"dark_current":{"value":0,"unit":""},"rshunt_v_lo":{"value":-0.2,"unit":""},"rshunt_v_hi":{"value":0.2,"unit":""},"voc":{"value":1.14187438,"unit":"V"},"isc":{"value":0.00099786,"unit":"A"},"jsc":{"value":21.50552694,"unit":"mA\/cm2"},"imax":{"value":0.00090933,"unit":"A"},"vmax":{"value":0.92052783,"unit":"V"},"pmax":{"value":0.83706145,"unit":"mW"},"fill_factor":{"value":73.4634,"unit":"%"},"efficiency":{"value":18.0401,"unit":"%"},"r_at_voc":{"value":150.596277,"unit":""},"r_at_isc":{"value":38190.068,"unit":""},"power":{"value":0.00102875,"unit":"W"},"rshunt":{"value":"NaN","unit":"ohm"},"cell_temp_start":{"value":"NaN","unit":""},"cell_temp_end":{"value":"NaN","unit":""},"exposure":{"value":3.909,"unit":""},"time":{"value":"15:21:48","unit":""},"date":{"value":"08\/08\/2023","unit":""},"V":{"value":[1.3,1.25,1.2,1.15,1.1,1.05,1,0.95,0.9,0.85,0.8,0.75,0.7,0.65,0.6,0.55,0.5,0.45,0.4,0.35,0.3,0.25,0.2,0.15,0.1,0.05,0,-0.05,-0.1,-0.15,-0.2],"unit":"V"},"I":{"value":[-0.00147899,-0.00087787,-0.00041268,-5.396e-5,0.00027806,0.00057954,0.00077252,0.0008718,0.00092602,0.00094633,0.00095965,0.00096516,0.00096899,0.00097305,0.00097783,0.00098084,0.00098098,0.00098368,0.0009867,0.00098721,0.00098873,0.00099243,0.00099239,0.00099346,0.00099658,0.00099665,0.00099799,0.00099953,0.00099954,0.00100117,0.00100354],"unit":"A"},"J":{"unit":"A\/cm2","value":[-0.03187478448275862,-0.01891961206896552,-0.00889396551724138,-0.0011629310344827587,0.005992672413793104,0.012490086206896553,0.016649137931034484,0.01878879310344828,0.019957327586206896,0.020395043103448276,0.02068211206896552,0.020800862068965517,0.020883405172413796,0.020970905172413797,0.021073922413793106,0.021138793103448277,0.021141810344827587,0.0212,0.021265086206896554,0.0212760775862069,0.021308836206896553,0.0213885775862069,0.02138771551724138,0.021410775862068968,0.02147801724137931,0.021479525862068968,0.021508405172413796,0.02154159482758621,0.021541810344827585,0.021576939655172416,0.021628017241379312]},"cell_dimension":{"value":0.0464,"unit":"cm2"},"sweep_direction":{"unit":"","value":"Forward"},"key":"forward 71 1-3 0.9 3mM_20230808"}]}}