{"_id":"655ac29e52c39b1845288f2e","id":"JBNU-SC-00319","author":98,"group":10,"input":[{"tco":{"unit":"","value":"ITO"}},{"htl":[{"material":{"unit":"","value":"NiO_Sputter"},"concentration":{"unit":"","value":"None"},"conc_unit":{"unit":"","value":"None"},"quantity":{"unit":"ml","value":"None"}}],"solvent":[{"material":{"unit":"","value":"None"},"volume":{"unit":"ml","value":"None"}},{"material":{"unit":"","value":"None"},"volume":{"unit":"ml","value":"None"}}],"htl_doping":[{"material":{"unit":"","value":"None"},"volume":{"unit":"ul","value":"None"}}],"spin_coating":[{"type":{"unit":"","value":"None"},"rpm":{"unit":"","value":"None"},"time":{"unit":"s","value":"None"}}],"vacuum_suction":[{"unit":"s","value":"None"}],"annealing":[{"temperature":{"unit":"oC","value":"300"},"time":{"unit":"m","value":"30"}}],"module":[{"type":{"unit":"","value":"None"},"gap":{"unit":"um","value":"None"},"coating_speed":{"unit":"mm\/s","value":"None"},"feeding_amount":{"unit":"ul","value":"None"}}],"thermal_evaporation":[{"vacuum_evaporation_thickness":{"unit":"nm","value":"None"},"evaporation_rate":{"unit":"\u00c5\/s","value":"None"},"vacuum_pressure":{"unit":"uTorr","value":"None"}}]},{"htl_treatment":[{"material":{"unit":"","value":"MeO-2PACz"},"concentration":{"unit":"","value":"0.33"},"conc_unit":{"unit":"","value":"mg\/ml"},"quantity":{"unit":"ml","value":"1"}}],"solvent":[{"material":{"unit":"","value":"Ethanol"},"volume":{"unit":"ml","value":"1"}},{"material":{"unit":"","value":"None"},"volume":{"unit":"ml","value":"None"}}],"spin_coating":[{"type":{"unit":"","value":"drop&run"},"rpm":{"unit":"","value":"3000"},"time":{"unit":"s","value":"50"}}],"vacuum_suction":[{"unit":"s","value":"None"}],"annealing":[{"temperature":{"unit":"oC","value":"None"},"time":{"unit":"m","value":"None"}}],"module":[{"type":{"unit":"","value":"None"},"gap":{"unit":"um","value":"None"},"coating_speed":{"unit":"mm\/s","value":"None"},"feeding_amount":{"unit":"ul","value":"None"}}],"thermal_evaporation":[{"vacuum_evaporation_thickness":{"unit":"nm","value":"None"},"evaporation_rate":{"unit":"\u00c5\/s","value":"None"},"vacuum_pressure":{"unit":"uTorr","value":"None"}}]},{"perovskite":{"method":{"unit":"","value":"1-step"},"molarity":{"unit":"M","value":"1.45"},"a_site":[{"material":{"unit":"","value":"Cs"},"ratio":{"unit":"","value":"0.175"}},{"material":{"unit":"","value":"FA"},"ratio":{"unit":"","value":"0.825"}}],"b_site":[{"material":{"unit":"","value":"Pb"},"ratio":{"unit":"","value":"1"}},{"material":{"unit":"","value":"None"},"ratio":{"unit":"","value":"0"}}],"x_site":[{"material":{"unit":"","value":"I"},"ratio":{"unit":"","value":"2.55"}},{"material":{"unit":"","value":"Br"},"ratio":{"unit":"","value":"0.45"}}],"solvent":[{"material":{"unit":"","value":"DMF"},"volume":{"unit":"ml","value":"0.8"}},{"material":{"unit":"","value":"DMSO"},"volume":{"unit":"ml","value":"0.2"}}],"additive":[{"material":{"unit":"","value":"DAP"},"solvent":{"unit":"","value":"DMF"},"concentration":{"unit":"","value":"100"},"conc_unit":{"unit":"","value":"mg\/ml"},"quantity":{"unit":"mol%","value":"1"}}],"stirring_time":[{"unit":"m","value":"120"}],"antisolvent":[{"material":{"unit":"","value":"None"},"quantity":{"unit":"ul","value":"None"},"dripping_time":{"unit":"s","value":"None"}}],"spin_coating":[{"type":{"unit":"","value":"drop&run"},"rpm":{"unit":"","value":"4000"},"time":{"unit":"s","value":"10"}}],"vacuum_suction":[{"unit":"s","value":"60"}],"annealing":[{"temperature":{"unit":"oC","value":"100"},"time":{"unit":"m","value":"30"}}],"atmosphere":[{"type":{"unit":"","value":"N2"},"temperature":{"unit":"oC","value":"28"},"humidity":{"unit":"RH%","value":"0"}}],"assist":[{"type":{"unit":"","value":"None"},"temperature":{"unit":"oC","value":"None"},"assist_start_time":{"value":null,"unit":"s"},"total_assist_time":{"value":"None","unit":"s"}}],"module":[{"type":{"unit":"","value":"None"},"gap":{"unit":"um","value":"None"},"coating_speed":{"unit":"mm\/s","value":"None"},"feeding_amount":{"unit":"ul","value":"None"}}],"thermal_evaporation":[{"vacuum_evaporation_thickness":{"unit":"nm","value":"None"},"evaporation_rate":{"unit":"\u00c5\/s","value":"None"},"vacuum_pressure":{"unit":"uTorr","value":"None"}}]}},{"perovskite_treatment":[{"material":{"unit":"","value":"None"},"concentration":{"unit":"","value":"None"},"conc_unit":{"unit":"","value":"None"},"quantity":{"unit":"ml","value":"None"}}],"solvent":[{"material":{"unit":"","value":"None"},"volume":{"unit":"ml","value":"None"}},{"material":{"unit":"","value":"None"},"volume":{"unit":"ml","value":"None"}}],"spin_coating":[{"type":{"unit":"","value":"None"},"rpm":{"unit":"","value":"None"},"time":{"unit":"s","value":"None"}}],"vacuum_suction":[{"unit":"s","value":"None"}],"annealing":[{"temperature":{"unit":"oC","value":"None"},"time":{"unit":"m","value":"None"}}],"module":[{"type":{"unit":"","value":"None"},"gap":{"unit":"um","value":"None"},"coating_speed":{"unit":"mm\/s","value":"None"},"feeding_amount":{"unit":"ul","value":"None"}}],"thermal_evaporation":[{"vacuum_evaporation_thickness":{"unit":"nm","value":"None"},"evaporation_rate":{"unit":"\u00c5\/s","value":"None"},"vacuum_pressure":{"unit":"uTorr","value":"None"}}]},{"etl":[{"material":{"unit":"","value":"C60"},"concentration":{"unit":"","value":"None"},"conc_unit":{"unit":"","value":"None"},"quantity":{"unit":"ml","value":"None"}}],"solvent":[{"material":{"unit":"","value":"None"},"volume":{"unit":"ml","value":"None"}},{"material":{"unit":"","value":"None"},"volume":{"unit":"ml","value":"None"}}],"spin_coating":[{"type":{"unit":"","value":"None"},"rpm":{"unit":"","value":"None"},"time":{"unit":"s","value":"None"}}],"vacuum_suction":[{"unit":"s","value":"None"}],"annealing":[{"temperature":{"unit":"oC","value":"None"},"time":{"unit":"m","value":"None"}}],"etl_doping":[{"material":{"unit":"","value":"None"},"volume":{"unit":"ul","value":"None"}}],"module":[{"type":{"unit":"","value":"None"},"gap":{"unit":"um","value":"None"},"coating_speed":{"unit":"mm\/s","value":"None"},"feeding_amount":{"unit":"ul","value":"None"}}],"thermal_evaporation":[{"vacuum_evaporation_thickness":{"unit":"nm","value":"30"},"evaporation_rate":{"unit":"\u00c5\/s","value":"0.6"},"vacuum_pressure":{"unit":"uTorr","value":"2x10-6"}}]},{"blocking_buffer_layer":[{"material":{"unit":"","value":"BCP"},"concentration":{"unit":"","value":"None"},"conc_unit":{"unit":"","value":"None"},"quantity":{"unit":"ml","value":"None"}}],"solvent":[{"material":{"unit":"","value":"None"},"volume":{"unit":"ml","value":"None"}},{"material":{"unit":"","value":"None"},"volume":{"unit":"ml","value":"None"}}],"spin_coating":[{"type":{"unit":"","value":"None"},"rpm":{"unit":"","value":"None"},"time":{"unit":"s","value":"None"}}],"vacuum_suction":[{"unit":"s","value":"0"}],"annealing":[{"temperature":{"unit":"oC","value":"None"},"time":{"unit":"m","value":"None"}}],"module":[{"type":{"unit":"","value":"None"},"gap":{"unit":"um","value":"None"},"coating_speed":{"unit":"mm\/s","value":"None"},"feeding_amount":{"unit":"ul","value":"None"}}],"thermal_evaporation":[{"vacuum_evaporation_thickness":{"unit":"nm","value":"6"},"evaporation_rate":{"unit":"\u00c5\/s","value":"0.6"},"vacuum_pressure":{"unit":"uTorr","value":"2x10-6"}}]},{"anode_metal":{"unit":"","value":"Ag"}},{"note":{"unit":"","value":"-"},"ar":{"unit":"","value":"0"},"type":{"unit":"","value":"unit_cell"},"device_type":{"unit":"","value":"p-i-n"},"temperature":{"unit":"\u2103","value":"25"},"humidity":{"unit":"%","value":"40"},"cell_dimension":{"unit":"cm2","value":"0.0464"}}],"fileinfo":[{"key":"Forward 61 MeO AN DAP 1_20230405","uploadType":"JV","original_name":"Forward 61 MeO AN DAP 1_20230405-160917.txt","save_name":"JBNU-SC-00319\/Forward 61 MeO AN DAP 1_20230405","uploader":98,"fileType":""},{"key":"Forward 62 MeO AN DAP 1_20230405","uploadType":"JV","original_name":"Forward 62 MeO AN DAP 1_20230405-160937.txt","save_name":"JBNU-SC-00319\/Forward 62 MeO AN DAP 1_20230405","uploader":98,"fileType":""},{"key":"Forward 63 MeO AN DAP 1_20230405","uploadType":"JV","original_name":"Forward 63 MeO AN DAP 1_20230405-161009.txt","save_name":"JBNU-SC-00319\/Forward 63 MeO AN DAP 1_20230405","uploader":98,"fileType":""},{"key":"Forward 64 MeO AN DAP 1_20230405","uploadType":"JV","original_name":"Forward 64 MeO AN DAP 1_20230405-161023.txt","save_name":"JBNU-SC-00319\/Forward 64 MeO AN DAP 1_20230405","uploader":98,"fileType":""},{"key":"Forward 51 MeO AN DAP 1_20230405","uploadType":"JV","original_name":"Forward 51 MeO AN DAP 1_20230405-160712.txt","save_name":"JBNU-SC-00319\/Forward 51 MeO AN DAP 1_20230405","uploader":98,"fileType":""},{"key":"Forward 52 MeO AN DAP 1_20230405","uploadType":"JV","original_name":"Forward 52 MeO AN DAP 1_20230405-160729.txt","save_name":"JBNU-SC-00319\/Forward 52 MeO AN DAP 1_20230405","uploader":98,"fileType":""},{"key":"Forward 53 MeO AN DAP 1_20230405","uploadType":"JV","original_name":"Forward 53 MeO AN DAP 1_20230405-160801.txt","save_name":"JBNU-SC-00319\/Forward 53 MeO AN DAP 1_20230405","uploader":98,"fileType":""},{"key":"Forward 54 MeO AN DAP 1_20230405","uploadType":"JV","original_name":"Forward 54 MeO AN DAP 1_20230405-160828.txt","save_name":"JBNU-SC-00319\/Forward 54 MeO AN DAP 1_20230405","uploader":98,"fileType":""}],"jvcnt":8,"updated_at":"2024-08-07 02:33:50","created_at":"2023-11-20 02:21:18","analysisInfo":{"JV":[{"efficiency":17.9712,"fill_factor":77.0545,"jsc":21.29299281,"voc":1.09532357,"key":"Forward 64 MeO AN DAP 1_20230405","cell_dimension":0.0464},{"efficiency":16.619,"fill_factor":73.9979,"jsc":20.63243856,"voc":1.08851692,"key":"Forward 63 MeO AN DAP 1_20230405","cell_dimension":0.0464},{"efficiency":17.5387,"fill_factor":75.6833,"jsc":21.13326522,"voc":1.09655826,"key":"Forward 62 MeO AN DAP 1_20230405","cell_dimension":0.0464},{"efficiency":"NaN","fill_factor":"NaN","jsc":0.00047495,"voc":1.14894703,"key":"Forward 61 MeO AN DAP 1_20230405","cell_dimension":0.0464},{"efficiency":17.9968,"fill_factor":77.4572,"jsc":21.29679571,"voc":1.09098746,"key":"Forward 54 MeO AN DAP 1_20230405","cell_dimension":0.0464},{"efficiency":17.855,"fill_factor":76.7021,"jsc":21.31293517,"voc":1.09221817,"key":"Forward 53 MeO AN DAP 1_20230405","cell_dimension":0.0464},{"efficiency":17.5096,"fill_factor":74.8983,"jsc":21.39595982,"voc":1.09262759,"key":"Forward 52 MeO AN DAP 1_20230405","cell_dimension":0.0464},{"efficiency":17.4103,"fill_factor":74.2519,"jsc":21.35268887,"voc":1.09810915,"key":"Forward 51 MeO AN DAP 1_20230405","cell_dimension":0.0464}]},"public":2,"analysis":{"JV":[{"sample_area":{"value":0.0464,"unit":"cm2"},"irradiance":{"value":1,"unit":""},"pre_sweep_delay":{"value":1,"unit":""},"bias_direction":{"value":0,"unit":""},"max_reverse_bias":{"value":-0.2,"unit":""},"max_forward_bias":{"value":1.3,"unit":""},"num_sweep_points":{"value":31,"unit":""},"dwell_time":{"value":0,"unit":""},"current_limit":{"value":100,"unit":""},"pviv_10a_i_amp":{"value":0,"unit":""},"average":{"value":1,"unit":""},"dark_current":{"value":0,"unit":""},"rshunt_v_lo":{"value":-0.2,"unit":""},"rshunt_v_hi":{"value":0.2,"unit":""},"voc":{"value":1.09532357,"unit":"V"},"isc":{"value":0.00098799,"unit":"A"},"jsc":{"value":21.29299281,"unit":"mA\/cm2"},"imax":{"value":0.00090529,"unit":"A"},"vmax":{"value":0.92109724,"unit":"V"},"pmax":{"value":0.83386353,"unit":"mW"},"fill_factor":{"value":77.0545,"unit":"%"},"efficiency":{"value":17.9712,"unit":"%"},"r_at_voc":{"value":101.181783,"unit":""},"r_at_isc":{"value":65253.784,"unit":""},"power":{"value":0.00100355,"unit":"W"},"rshunt":{"value":"NaN","unit":"ohm"},"cell_temp_start":{"value":"NaN","unit":""},"cell_temp_end":{"value":"NaN","unit":""},"exposure":{"value":3.905,"unit":""},"time":{"value":"16:10:23","unit":""},"date":{"value":"04\/05\/2023","unit":""},"V":{"value":[1.3,1.25,1.2,1.15,1.1,1.05,1,0.95,0.9,0.85,0.8,0.75,0.7,0.65,0.6,0.55,0.5,0.45,0.4,0.35,0.3,0.25,0.2,0.15,0.1,0.05,0,-0.05,-0.1,-0.15,-0.2],"unit":"V"},"I":{"value":[-0.00561809,-0.00361973,-0.00199614,-0.00085049,-4.622e-5,0.00044794,0.00074848,0.00086865,0.00092269,0.00094659,0.00096037,0.00096706,0.00097023,0.00097355,0.00097704,0.00097913,0.00097858,0.00098074,0.00098228,0.00098224,0.00098306,0.00098414,0.00098554,0.00098584,0.00098668,0.00098732,0.00098772,0.00098809,0.00098927,0.00098981,0.00099204],"unit":"A"},"J":{"unit":"A\/cm2","value":[-0.12107952586206898,-0.07801142241379311,-0.04302025862068966,-0.018329525862068968,-0.0009961206896551725,0.009653879310344829,0.016131034482758624,0.018720905172413795,0.019885560344827587,0.02040064655172414,0.02069762931034483,0.020841810344827585,0.02091012931034483,0.02098168103448276,0.02105689655172414,0.021101939655172413,0.021090086206896553,0.021136637931034482,0.0211698275862069,0.02116896551724138,0.021186637931034483,0.02120991379310345,0.021240086206896554,0.021246551724137933,0.021264655172413795,0.02127844827586207,0.021287068965517245,0.021295043103448277,0.021320474137931037,0.02133211206896552,0.021380172413793107]},"cell_dimension":{"value":0.0464,"unit":"cm2"},"sweep_direction":{"unit":"","value":"Forward"},"key":"Forward 64 MeO AN DAP 1_20230405"},{"sample_area":{"value":0.0464,"unit":"cm2"},"irradiance":{"value":1,"unit":""},"pre_sweep_delay":{"value":1,"unit":""},"bias_direction":{"value":0,"unit":""},"max_reverse_bias":{"value":-0.2,"unit":""},"max_forward_bias":{"value":1.3,"unit":""},"num_sweep_points":{"value":31,"unit":""},"dwell_time":{"value":0,"unit":""},"current_limit":{"value":100,"unit":""},"pviv_10a_i_amp":{"value":0,"unit":""},"average":{"value":1,"unit":""},"dark_current":{"value":0,"unit":""},"rshunt_v_lo":{"value":-0.2,"unit":""},"rshunt_v_hi":{"value":0.2,"unit":""},"voc":{"value":1.08851692,"unit":"V"},"isc":{"value":0.00095735,"unit":"A"},"jsc":{"value":20.63243856,"unit":"mA\/cm2"},"imax":{"value":0.00085547,"unit":"A"},"vmax":{"value":0.90140695,"unit":"V"},"pmax":{"value":0.77112228,"unit":"mW"},"fill_factor":{"value":73.9979,"unit":"%"},"efficiency":{"value":16.619,"unit":"%"},"r_at_voc":{"value":113.198004,"unit":""},"r_at_isc":{"value":40624.765,"unit":""},"power":{"value":0.00094817,"unit":"W"},"rshunt":{"value":"NaN","unit":"ohm"},"cell_temp_start":{"value":"NaN","unit":""},"cell_temp_end":{"value":"NaN","unit":""},"exposure":{"value":3.726,"unit":""},"time":{"value":"16:10:09","unit":""},"date":{"value":"04\/05\/2023","unit":""},"V":{"value":[1.3,1.25,1.2,1.15,1.1,1.05,1,0.95,0.9,0.85,0.8,0.75,0.7,0.65,0.6,0.55,0.5,0.45,0.4,0.35,0.3,0.25,0.2,0.15,0.1,0.05,0,-0.05,-0.1,-0.15,-0.2],"unit":"V"},"I":{"value":[-0.00339319,-0.00241058,-0.0015138,-0.00074727,-0.00010144,0.00034026,0.00062323,0.00077925,0.00085678,0.00088719,0.00090416,0.00091516,0.00092418,0.00093054,0.00093309,0.00093819,0.00094008,0.00094237,0.00094438,0.00094651,0.00094971,0.00095057,0.00095192,0.00095342,0.00095557,0.000957,0.00095788,0.00095995,0.00095959,0.00096048,0.00096118],"unit":"A"},"J":{"unit":"A\/cm2","value":[-0.07312909482758621,-0.05195215517241379,-0.032625,-0.016104956896551725,-0.0021862068965517244,0.007333189655172414,0.01343168103448276,0.01679418103448276,0.018465086206896554,0.019120474137931037,0.019486206896551724,0.019723275862068967,0.019917672413793105,0.020054741379310344,0.02010969827586207,0.02021961206896552,0.020260344827586207,0.02030969827586207,0.02035301724137931,0.020398922413793104,0.020467887931034483,0.020486422413793105,0.020515517241379313,0.020547844827586207,0.02059418103448276,0.020625,0.020643965517241382,0.0206885775862069,0.020680818965517243,0.0207,0.020715086206896553]},"cell_dimension":{"value":0.0464,"unit":"cm2"},"sweep_direction":{"unit":"","value":"Forward"},"key":"Forward 63 MeO AN DAP 1_20230405"},{"sample_area":{"value":0.0464,"unit":"cm2"},"irradiance":{"value":1,"unit":""},"pre_sweep_delay":{"value":1,"unit":""},"bias_direction":{"value":0,"unit":""},"max_reverse_bias":{"value":-0.2,"unit":""},"max_forward_bias":{"value":1.3,"unit":""},"num_sweep_points":{"value":31,"unit":""},"dwell_time":{"value":0,"unit":""},"current_limit":{"value":100,"unit":""},"pviv_10a_i_amp":{"value":0,"unit":""},"average":{"value":1,"unit":""},"dark_current":{"value":0,"unit":""},"rshunt_v_lo":{"value":-0.2,"unit":""},"rshunt_v_hi":{"value":0.2,"unit":""},"voc":{"value":1.09655826,"unit":"V"},"isc":{"value":0.00098058,"unit":"A"},"jsc":{"value":21.13326522,"unit":"mA\/cm2"},"imax":{"value":0.00088841,"unit":"A"},"vmax":{"value":0.91601433,"unit":"V"},"pmax":{"value":0.81379798,"unit":"mW"},"fill_factor":{"value":75.6833,"unit":"%"},"efficiency":{"value":17.5387,"unit":"%"},"r_at_voc":{"value":107.433419,"unit":""},"r_at_isc":{"value":37922.744,"unit":""},"power":{"value":0.00098724,"unit":"W"},"rshunt":{"value":"NaN","unit":"ohm"},"cell_temp_start":{"value":"NaN","unit":""},"cell_temp_end":{"value":"NaN","unit":""},"exposure":{"value":3.901,"unit":""},"time":{"value":"16:09:37","unit":""},"date":{"value":"04\/05\/2023","unit":""},"V":{"value":[1.3,1.25,1.2,1.15,1.1,1.05,1,0.95,0.9,0.85,0.8,0.75,0.7,0.65,0.6,0.55,0.5,0.45,0.4,0.35,0.3,0.25,0.2,0.15,0.1,0.05,0,-0.05,-0.1,-0.15,-0.2],"unit":"V"},"I":{"value":[-0.00453917,-0.00302048,-0.00173192,-0.00075397,-3.204e-5,0.00043337,0.00071622,0.00084369,0.00090194,0.00092673,0.00094042,0.00094698,0.00095184,0.00095642,0.00096039,0.00096273,0.00096489,0.0009674,0.00096938,0.00097135,0.00097228,0.00097442,0.00097601,0.00097631,0.00097715,0.0009791,0.00098126,0.00098174,0.00098349,0.00098402,0.00098613],"unit":"A"},"J":{"unit":"A\/cm2","value":[-0.09782693965517243,-0.06509655172413793,-0.03732586206896552,-0.016249353448275862,-0.0006905172413793104,0.009339870689655173,0.015435775862068967,0.018182974137931036,0.019438362068965518,0.01997262931034483,0.020267672413793104,0.020409051724137935,0.020513793103448277,0.020612500000000002,0.020698060344827587,0.020748491379310344,0.020795043103448277,0.020849137931034482,0.02089181034482759,0.020934267241379312,0.020954310344827587,0.02100043103448276,0.02103469827586207,0.02104116379310345,0.021059267241379312,0.021101293103448274,0.02114784482758621,0.021158189655172417,0.021195905172413796,0.021207327586206897,0.021252801724137932]},"cell_dimension":{"value":0.0464,"unit":"cm2"},"sweep_direction":{"unit":"","value":"Forward"},"key":"Forward 62 MeO AN DAP 1_20230405"},{"sample_area":{"value":0.0464,"unit":"cm2"},"irradiance":{"value":1,"unit":""},"pre_sweep_delay":{"value":1,"unit":""},"bias_direction":{"value":0,"unit":""},"max_reverse_bias":{"value":-0.2,"unit":""},"max_forward_bias":{"value":1.3,"unit":""},"num_sweep_points":{"value":31,"unit":""},"dwell_time":{"value":0,"unit":""},"current_limit":{"value":100,"unit":""},"pviv_10a_i_amp":{"value":0,"unit":""},"average":{"value":1,"unit":""},"dark_current":{"value":0,"unit":""},"rshunt_v_lo":{"value":-0.2,"unit":""},"rshunt_v_hi":{"value":0.2,"unit":""},"voc":{"value":1.14894703,"unit":"V"},"isc":{"value":2.0e-8,"unit":"A"},"jsc":{"value":0.00047495,"unit":"mA\/cm2"},"imax":{"value":0,"unit":"A"},"vmax":{"value":"NaN","unit":"V"},"pmax":{"value":"NaN","unit":"mW"},"fill_factor":{"value":"NaN","unit":"%"},"efficiency":{"value":"NaN","unit":"%"},"r_at_voc":{"value":2701582.530409,"unit":""},"r_at_isc":{"value":147874306.839,"unit":""},"power":{"value":1.0e-8,"unit":"W"},"rshunt":{"value":"NaN","unit":"ohm"},"cell_temp_start":{"value":"NaN","unit":""},"cell_temp_end":{"value":"NaN","unit":""},"exposure":{"value":3.623,"unit":""},"time":{"value":"16:09:17","unit":""},"date":{"value":"04\/05\/2023","unit":""},"V":{"value":[1.3,1.25,1.2,1.15,1.1,1.05,1,0.95,0.9,0.85,0.8,0.75,0.7,0.65,0.6,0.55,0.5,0.45,0.4,0.35,0.3,0.25,0.2,0.15,0.1,0.05,0,-0.05,-0.1,-0.15,-0.2],"unit":"V"},"I":{"value":[-1.0e-8,-1.0e-8,0,0,0,0,0,0,0,0,1.0e-8,1.0e-8,1.0e-8,1.0e-8,1.0e-8,1.0e-8,1.0e-8,1.0e-8,2.0e-8,2.0e-8,2.0e-8,2.0e-8,2.0e-8,2.0e-8,2.0e-8,2.0e-8,2.0e-8,2.0e-8,3.0e-8,3.0e-8,3.0e-8],"unit":"A"},"J":{"unit":"A\/cm2","value":[-2.1551724137931036e-7,-2.1551724137931036e-7,0,0,0,0,0,0,0,0,2.1551724137931036e-7,2.1551724137931036e-7,2.1551724137931036e-7,2.1551724137931036e-7,2.1551724137931036e-7,2.1551724137931036e-7,2.1551724137931036e-7,2.1551724137931036e-7,4.3103448275862073e-7,4.3103448275862073e-7,4.3103448275862073e-7,4.3103448275862073e-7,4.3103448275862073e-7,4.3103448275862073e-7,4.3103448275862073e-7,4.3103448275862073e-7,4.3103448275862073e-7,4.3103448275862073e-7,6.46551724137931e-7,6.46551724137931e-7,6.46551724137931e-7]},"cell_dimension":{"value":0.0464,"unit":"cm2"},"sweep_direction":{"unit":"","value":"Forward"},"key":"Forward 61 MeO AN DAP 1_20230405"},{"sample_area":{"value":0.0464,"unit":"cm2"},"irradiance":{"value":1,"unit":""},"pre_sweep_delay":{"value":1,"unit":""},"bias_direction":{"value":0,"unit":""},"max_reverse_bias":{"value":-0.2,"unit":""},"max_forward_bias":{"value":1.3,"unit":""},"num_sweep_points":{"value":31,"unit":""},"dwell_time":{"value":0,"unit":""},"current_limit":{"value":100,"unit":""},"pviv_10a_i_amp":{"value":0,"unit":""},"average":{"value":1,"unit":""},"dark_current":{"value":0,"unit":""},"rshunt_v_lo":{"value":-0.2,"unit":""},"rshunt_v_hi":{"value":0.2,"unit":""},"voc":{"value":1.09098746,"unit":"V"},"isc":{"value":0.00098817,"unit":"A"},"jsc":{"value":21.29679571,"unit":"mA\/cm2"},"imax":{"value":0.00090429,"unit":"A"},"vmax":{"value":0.92343697,"unit":"V"},"pmax":{"value":0.83505216,"unit":"mW"},"fill_factor":{"value":77.4572,"unit":"%"},"efficiency":{"value":17.9968,"unit":"%"},"r_at_voc":{"value":84.733081,"unit":""},"r_at_isc":{"value":52304.588,"unit":""},"power":{"value":0.00100297,"unit":"W"},"rshunt":{"value":"NaN","unit":"ohm"},"cell_temp_start":{"value":"NaN","unit":""},"cell_temp_end":{"value":"NaN","unit":""},"exposure":{"value":3.908,"unit":""},"time":{"value":"16:08:28","unit":""},"date":{"value":"04\/05\/2023","unit":""},"V":{"value":[1.3,1.25,1.2,1.15,1.1,1.05,1,0.95,0.9,0.85,0.8,0.75,0.7,0.65,0.6,0.55,0.5,0.45,0.4,0.35,0.3,0.25,0.2,0.15,0.1,0.05,0,-0.05,-0.1,-0.15,-0.2],"unit":"V"},"I":{"value":[-0.00637814,-0.00406135,-0.00221039,-0.00095424,-0.00010636,0.00048372,0.00075715,0.00087104,0.00092279,0.00094327,0.00095554,0.00096104,0.00096742,0.00096973,0.00097213,0.00097489,0.00097809,0.00098047,0.00098156,0.00098148,0.00098217,0.0009837,0.00098545,0.00098477,0.00098601,0.00098652,0.00098819,0.00098898,0.00099017,0.00099102,0.00099239],"unit":"A"},"J":{"unit":"A\/cm2","value":[-0.13745991379310346,-0.08752909482758621,-0.047637715517241386,-0.02056551724137931,-0.0022922413793103453,0.010425,0.016317887931034485,0.01877241379310345,0.019887715517241382,0.020329094827586207,0.02059353448275862,0.020712068965517243,0.02084956896551724,0.020899353448275863,0.020951077586206898,0.021010560344827588,0.021079525862068967,0.02113081896551724,0.02115431034482759,0.021152586206896553,0.021167456896551726,0.02120043103448276,0.021238146551724138,0.021223491379310348,0.02125021551724138,0.021261206896551726,0.02129719827586207,0.021314224137931034,0.021339870689655177,0.021358189655172416,0.02138771551724138]},"cell_dimension":{"value":0.0464,"unit":"cm2"},"sweep_direction":{"unit":"","value":"Forward"},"key":"Forward 54 MeO AN DAP 1_20230405"},{"sample_area":{"value":0.0464,"unit":"cm2"},"irradiance":{"value":1,"unit":""},"pre_sweep_delay":{"value":1,"unit":""},"bias_direction":{"value":0,"unit":""},"max_reverse_bias":{"value":-0.2,"unit":""},"max_forward_bias":{"value":1.3,"unit":""},"num_sweep_points":{"value":31,"unit":""},"dwell_time":{"value":0,"unit":""},"current_limit":{"value":100,"unit":""},"pviv_10a_i_amp":{"value":0,"unit":""},"average":{"value":1,"unit":""},"dark_current":{"value":0,"unit":""},"rshunt_v_lo":{"value":-0.2,"unit":""},"rshunt_v_hi":{"value":0.2,"unit":""},"voc":{"value":1.09221817,"unit":"V"},"isc":{"value":0.00098892,"unit":"A"},"jsc":{"value":21.31293517,"unit":"mA\/cm2"},"imax":{"value":0.00090073,"unit":"A"},"vmax":{"value":0.91977906,"unit":"V"},"pmax":{"value":0.82847231,"unit":"mW"},"fill_factor":{"value":76.7021,"unit":"%"},"efficiency":{"value":17.855,"unit":"%"},"r_at_voc":{"value":103.375773,"unit":""},"r_at_isc":{"value":46082.911,"unit":""},"power":{"value":0.00099575,"unit":"W"},"rshunt":{"value":"NaN","unit":"ohm"},"cell_temp_start":{"value":"NaN","unit":""},"cell_temp_end":{"value":"NaN","unit":""},"exposure":{"value":3.91,"unit":""},"time":{"value":"16:08:01","unit":""},"date":{"value":"04\/05\/2023","unit":""},"V":{"value":[1.3,1.25,1.2,1.15,1.1,1.05,1,0.95,0.9,0.85,0.8,0.75,0.7,0.65,0.6,0.55,0.5,0.45,0.4,0.35,0.3,0.25,0.2,0.15,0.1,0.05,0,-0.05,-0.1,-0.15,-0.2],"unit":"V"},"I":{"value":[-0.00431248,-0.00291495,-0.00171714,-0.00079054,-7.528e-5,0.0004084,0.00071684,0.00085999,0.00091661,0.00093762,0.00094981,0.00095879,0.00096535,0.00096884,0.00097121,0.00097472,0.00097598,0.00097778,0.00097822,0.00097996,0.00098168,0.00098301,0.00098295,0.00098651,0.00098817,0.00098942,0.00098978,0.00098979,0.00099128,0.00099131,0.00099228],"unit":"A"},"J":{"unit":"A\/cm2","value":[-0.09294137931034482,-0.06282219827586207,-0.0370073275862069,-0.0170375,-0.0016224137931034484,0.008801724137931035,0.015449137931034482,0.018534267241379312,0.019754525862068967,0.0202073275862069,0.020470043103448278,0.020663577586206898,0.020804956896551725,0.020880172413793106,0.020931250000000002,0.02100689655172414,0.02103405172413793,0.021072844827586208,0.021082327586206897,0.021119827586206896,0.02115689655172414,0.02118556034482759,0.021184267241379312,0.021260991379310343,0.021296767241379314,0.021323706896551727,0.021331465517241383,0.02133168103448276,0.021363793103448277,0.021364439655172415,0.021385344827586205]},"cell_dimension":{"value":0.0464,"unit":"cm2"},"sweep_direction":{"unit":"","value":"Forward"},"key":"Forward 53 MeO AN DAP 1_20230405"},{"sample_area":{"value":0.0464,"unit":"cm2"},"irradiance":{"value":1,"unit":""},"pre_sweep_delay":{"value":1,"unit":""},"bias_direction":{"value":0,"unit":""},"max_reverse_bias":{"value":-0.2,"unit":""},"max_forward_bias":{"value":1.3,"unit":""},"num_sweep_points":{"value":31,"unit":""},"dwell_time":{"value":0,"unit":""},"current_limit":{"value":100,"unit":""},"pviv_10a_i_amp":{"value":0,"unit":""},"average":{"value":1,"unit":""},"dark_current":{"value":0,"unit":""},"rshunt_v_lo":{"value":-0.2,"unit":""},"rshunt_v_hi":{"value":0.2,"unit":""},"voc":{"value":1.09262759,"unit":"V"},"isc":{"value":0.00099277,"unit":"A"},"jsc":{"value":21.39595982,"unit":"mA\/cm2"},"imax":{"value":0.00088988,"unit":"A"},"vmax":{"value":0.91298688,"unit":"V"},"pmax":{"value":0.81244525,"unit":"mW"},"fill_factor":{"value":74.8983,"unit":"%"},"efficiency":{"value":17.5096,"unit":"%"},"r_at_voc":{"value":101.247243,"unit":""},"r_at_isc":{"value":29572.611,"unit":""},"power":{"value":0.00099287,"unit":"W"},"rshunt":{"value":"NaN","unit":"ohm"},"cell_temp_start":{"value":"NaN","unit":""},"cell_temp_end":{"value":"NaN","unit":""},"exposure":{"value":4.034,"unit":""},"time":{"value":"16:07:29","unit":""},"date":{"value":"04\/05\/2023","unit":""},"V":{"value":[1.3,1.25,1.2,1.15,1.1,1.05,1,0.95,0.9,0.85,0.8,0.75,0.7,0.65,0.6,0.55,0.5,0.45,0.4,0.35,0.3,0.25,0.2,0.15,0.1,0.05,0,-0.05,-0.1,-0.15,-0.2],"unit":"V"},"I":{"value":[-0.00467875,-0.00315197,-0.00183173,-0.0008186,-7.282e-5,0.00042102,0.00071334,0.00084064,0.00090126,0.00092786,0.00094136,0.00095366,0.00095919,0.0009646,0.0009677,0.00097021,0.00097355,0.00097665,0.00097885,0.00097962,0.00098225,0.00098406,0.00098568,0.00098778,0.00099017,0.00099261,0.00099269,0.0009936,0.00099555,0.00099783,0.00099968],"unit":"A"},"J":{"unit":"A\/cm2","value":[-0.10083512931034483,-0.0679303879310345,-0.03947693965517241,-0.017642241379310346,-0.001569396551724138,0.009073706896551724,0.015373706896551726,0.018117241379310346,0.019423706896551724,0.01999698275862069,0.02028793103448276,0.020553017241379312,0.02067219827586207,0.020788793103448278,0.020855603448275865,0.02090969827586207,0.02098168103448276,0.021048491379310346,0.021095905172413797,0.021112500000000003,0.021169181034482763,0.021208189655172415,0.021243103448275864,0.02128836206896552,0.021339870689655177,0.02139245689655173,0.021394181034482762,0.021413793103448278,0.021455818965517244,0.021504956896551724,0.021544827586206898]},"cell_dimension":{"value":0.0464,"unit":"cm2"},"sweep_direction":{"unit":"","value":"Forward"},"key":"Forward 52 MeO AN DAP 1_20230405"},{"sample_area":{"value":0.0464,"unit":"cm2"},"irradiance":{"value":1,"unit":""},"pre_sweep_delay":{"value":1,"unit":""},"bias_direction":{"value":0,"unit":""},"max_reverse_bias":{"value":-0.2,"unit":""},"max_forward_bias":{"value":1.3,"unit":""},"num_sweep_points":{"value":31,"unit":""},"dwell_time":{"value":0,"unit":""},"current_limit":{"value":100,"unit":""},"pviv_10a_i_amp":{"value":0,"unit":""},"average":{"value":1,"unit":""},"dark_current":{"value":0,"unit":""},"rshunt_v_lo":{"value":-0.2,"unit":""},"rshunt_v_hi":{"value":0.2,"unit":""},"voc":{"value":1.09810915,"unit":"V"},"isc":{"value":0.00099076,"unit":"A"},"jsc":{"value":21.35268887,"unit":"mA\/cm2"},"imax":{"value":0.00088565,"unit":"A"},"vmax":{"value":0.91213643,"unit":"V"},"pmax":{"value":0.80783728,"unit":"mW"},"fill_factor":{"value":74.2519,"unit":"%"},"efficiency":{"value":17.4103,"unit":"%"},"r_at_voc":{"value":109.46242,"unit":""},"r_at_isc":{"value":27906.599,"unit":""},"power":{"value":0.00099243,"unit":"W"},"rshunt":{"value":"NaN","unit":"ohm"},"cell_temp_start":{"value":"NaN","unit":""},"cell_temp_end":{"value":"NaN","unit":""},"exposure":{"value":3.912,"unit":""},"time":{"value":"16:07:12","unit":""},"date":{"value":"04\/05\/2023","unit":""},"V":{"value":[1.3,1.25,1.2,1.15,1.1,1.05,1,0.95,0.9,0.85,0.8,0.75,0.7,0.65,0.6,0.55,0.5,0.45,0.4,0.35,0.3,0.25,0.2,0.15,0.1,0.05,0,-0.05,-0.1,-0.15,-0.2],"unit":"V"},"I":{"value":[-0.00470511,-0.00310376,-0.00173668,-0.00074316,-1.727e-5,0.0004395,0.00072096,0.00083452,0.0008962,0.00092204,0.00094018,0.00094866,0.00095545,0.00096091,0.00096493,0.00096893,0.00097256,0.00097416,0.00097768,0.00097983,0.00097993,0.00098225,0.00098478,0.00098472,0.00098651,0.00098758,0.00098922,0.0009948,0.00099482,0.00099769,0.0009964],"unit":"A"},"J":{"unit":"A\/cm2","value":[-0.1014032327586207,-0.06689137931034483,-0.03742844827586207,-0.016016379310344827,-0.000372198275862069,0.009471982758620691,0.01553793103448276,0.017985344827586208,0.019314655172413795,0.01987155172413793,0.020262500000000003,0.020445258620689657,0.02059159482758621,0.020709267241379312,0.020795905172413795,0.02088211206896552,0.02096034482758621,0.020994827586206896,0.021070689655172416,0.021117025862068966,0.021119181034482758,0.021169181034482763,0.021223706896551724,0.021222413793103446,0.021260991379310343,0.021284051724137935,0.02131939655172414,0.021439655172413793,0.021440086206896553,0.021501939655172417,0.021474137931034483]},"cell_dimension":{"value":0.0464,"unit":"cm2"},"sweep_direction":{"unit":"","value":"Forward"},"key":"Forward 51 MeO AN DAP 1_20230405"}]}}