{"_id":"65365dce7f354217dd3f8174","id":"JBNU-SC-00235","author":98,"group":10,"input":[{"tco":{"unit":"","value":"ITO"}},{"htl":[{"material":{"unit":"","value":"NiO_Sputter"},"concentration":{"unit":"","value":"None"},"conc_unit":{"unit":"","value":"None"},"quantity":{"unit":"ml","value":"None"}}],"solvent":[{"material":{"unit":"","value":"None"},"volume":{"unit":"ml","value":"None"}},{"material":{"unit":"","value":"None"},"volume":{"unit":"ml","value":"None"}}],"htl_doping":[{"material":{"unit":"","value":"None"},"volume":{"unit":"ul","value":"None"}}],"spin_coating":[{"type":{"unit":"","value":"None"},"rpm":{"unit":"","value":"None"},"time":{"unit":"s","value":"None"}}],"vacuum_suction":[{"unit":"s","value":"None"}],"annealing":[{"temperature":{"unit":"oC","value":"300"},"time":{"unit":"m","value":"30"}}],"module":[{"type":{"unit":"","value":"None"},"gap":{"unit":"um","value":"None"},"coating_speed":{"unit":"mm\/s","value":"None"},"feeding_amount":{"unit":"ul","value":"None"}}],"thermal_evaporation":[{"vacuum_evaporation_thickness":{"unit":"nm","value":"None"},"evaporation_rate":{"unit":"\u00c5\/s","value":"None"},"vacuum_pressure":{"unit":"uTorr","value":"None"}}]},{"htl_treatment":[{"material":{"unit":"","value":"MeO-2PACz"},"concentration":{"unit":"","value":"1"},"conc_unit":{"unit":"","value":"mg\/ml"},"quantity":{"unit":"ml","value":"0.75"}},{"material":{"unit":"","value":"Me-4PACz"},"concentration":{"unit":"","value":"1"},"conc_unit":{"unit":"","value":"mg\/ml"},"quantity":{"unit":"ml","value":"0.25"}}],"solvent":[{"material":{"unit":"","value":"Ethanol"},"volume":{"unit":"ml","value":"1"}},{"material":{"unit":"","value":"None"},"volume":{"unit":"ml","value":"None"}},{"material":{"unit":"","value":"Ethanol"},"volume":{"unit":"ml","value":"1"}},{"material":{"unit":"","value":"None"},"volume":{"unit":"ml","value":"None"}}],"spin_coating":[{"type":{"unit":"","value":"drop&run"},"rpm":{"unit":"","value":"3000"},"time":{"unit":"s","value":"50"}}],"vacuum_suction":[{"unit":"s","value":"10"}],"annealing":[{"temperature":{"unit":"oC","value":"None"},"time":{"unit":"m","value":"None"}}],"module":[{"type":{"unit":"","value":"None"},"gap":{"unit":"um","value":"None"},"coating_speed":{"unit":"mm\/s","value":"None"},"feeding_amount":{"unit":"ul","value":"None"}}],"thermal_evaporation":[{"vacuum_evaporation_thickness":{"unit":"nm","value":"None"},"evaporation_rate":{"unit":"\u00c5\/s","value":"None"},"vacuum_pressure":{"unit":"uTorr","value":"None"}}]},{"perovskite":{"method":{"unit":"","value":"1-step"},"molarity":{"unit":"M","value":"1.45"},"a_site":[{"material":{"unit":"","value":"Cs"},"ratio":{"unit":"","value":"0.175"}},{"material":{"unit":"","value":"FA"},"ratio":{"unit":"","value":"0.825"}}],"b_site":[{"material":{"unit":"","value":"Pb"},"ratio":{"unit":"","value":"1"}},{"material":{"unit":"","value":"None"},"ratio":{"unit":"","value":"0"}}],"x_site":[{"material":{"unit":"","value":"I"},"ratio":{"unit":"","value":"2.55"}},{"material":{"unit":"","value":"Br"},"ratio":{"unit":"","value":"0.45"}}],"solvent":[{"material":{"unit":"","value":"DMF"},"volume":{"unit":"ml","value":"0.72"}},{"material":{"unit":"","value":"DMSO"},"volume":{"unit":"ml","value":"0.18"}}],"additive":[{"material":{"unit":"","value":"None"},"solvent":{"unit":"","value":"None"},"concentration":{"unit":"","value":"None"},"conc_unit":{"unit":"","value":"None"},"quantity":{"unit":"mol%","value":"None"}}],"stirring_time":[{"unit":"m","value":"120"}],"antisolvent":[{"material":{"unit":"","value":"None"},"quantity":{"unit":"ul","value":"None"},"dripping_time":{"unit":"s","value":"None"}}],"spin_coating":[{"type":{"unit":"","value":"drop&run"},"rpm":{"unit":"","value":"4000"},"time":{"unit":"s","value":"10"}}],"vacuum_suction":[{"unit":"s","value":"60"}],"annealing":[{"temperature":{"unit":"oC","value":"100"},"time":{"unit":"m","value":"30"}}],"atmosphere":[{"type":{"unit":"","value":"N2"},"temperature":{"unit":"oC","value":"28"},"humidity":{"unit":"RH%","value":"0"}}],"assist":[{"type":{"unit":"","value":"None"},"temperature":{"unit":"oC","value":"None"},"assist_start_time":{"value":null,"unit":"s"},"total_assist_time":{"value":"None","unit":"s"}}],"module":[{"type":{"unit":"","value":"None"},"gap":{"unit":"um","value":"None"},"coating_speed":{"unit":"mm\/s","value":"None"},"feeding_amount":{"unit":"ul","value":"None"}}],"thermal_evaporation":[{"vacuum_evaporation_thickness":{"unit":"nm","value":"None"},"evaporation_rate":{"unit":"\u00c5\/s","value":"None"},"vacuum_pressure":{"unit":"uTorr","value":"None"}}]}},{"perovskite_treatment":[{"material":{"unit":"","value":"None"},"concentration":{"unit":"","value":"None"},"conc_unit":{"unit":"","value":"None"},"quantity":{"unit":"ml","value":"None"}}],"solvent":[{"material":{"unit":"","value":"None"},"volume":{"unit":"ml","value":"None"}},{"material":{"unit":"","value":"None"},"volume":{"unit":"ml","value":"None"}}],"spin_coating":[{"type":{"unit":"","value":"None"},"rpm":{"unit":"","value":"None"},"time":{"unit":"s","value":"None"}}],"vacuum_suction":[{"unit":"s","value":"None"}],"annealing":[{"temperature":{"unit":"oC","value":"None"},"time":{"unit":"m","value":"None"}}],"module":[{"type":{"unit":"","value":"None"},"gap":{"unit":"um","value":"None"},"coating_speed":{"unit":"mm\/s","value":"None"},"feeding_amount":{"unit":"ul","value":"None"}}],"thermal_evaporation":[{"vacuum_evaporation_thickness":{"unit":"nm","value":"None"},"evaporation_rate":{"unit":"\u00c5\/s","value":"None"},"vacuum_pressure":{"unit":"uTorr","value":"None"}}]},{"etl":[{"material":{"unit":"","value":"C60"},"concentration":{"unit":"","value":"None"},"conc_unit":{"unit":"","value":"None"},"quantity":{"unit":"ml","value":"None"}}],"solvent":[{"material":{"unit":"","value":"None"},"volume":{"unit":"ml","value":"None"}},{"material":{"unit":"","value":"None"},"volume":{"unit":"ml","value":"None"}}],"spin_coating":[{"type":{"unit":"","value":"None"},"rpm":{"unit":"","value":"None"},"time":{"unit":"s","value":"None"}}],"vacuum_suction":[{"unit":"s","value":"None"}],"annealing":[{"temperature":{"unit":"oC","value":"None"},"time":{"unit":"m","value":"None"}}],"etl_doping":[{"material":{"unit":"","value":"None"},"volume":{"unit":"ul","value":"None"}}],"module":[{"type":{"unit":"","value":"None"},"gap":{"unit":"um","value":"None"},"coating_speed":{"unit":"mm\/s","value":"None"},"feeding_amount":{"unit":"ul","value":"None"}}],"thermal_evaporation":[{"vacuum_evaporation_thickness":{"unit":"nm","value":"30"},"evaporation_rate":{"unit":"\u00c5\/s","value":"0.6"},"vacuum_pressure":{"unit":"uTorr","value":"2x10-6"}}]},{"blocking_buffer_layer":[{"material":{"unit":"","value":"BCP"},"concentration":{"unit":"","value":"None"},"conc_unit":{"unit":"","value":"None"},"quantity":{"unit":"ml","value":"None"}}],"solvent":[{"material":{"unit":"","value":"None"},"volume":{"unit":"ml","value":"None"}},{"material":{"unit":"","value":"None"},"volume":{"unit":"ml","value":"None"}}],"spin_coating":[{"type":{"unit":"","value":"None"},"rpm":{"unit":"","value":"None"},"time":{"unit":"s","value":"None"}}],"vacuum_suction":[{"unit":"s","value":"0"}],"annealing":[{"temperature":{"unit":"oC","value":"None"},"time":{"unit":"m","value":"None"}}],"module":[{"type":{"unit":"","value":"None"},"gap":{"unit":"um","value":"None"},"coating_speed":{"unit":"mm\/s","value":"None"},"feeding_amount":{"unit":"ul","value":"None"}}],"thermal_evaporation":[{"vacuum_evaporation_thickness":{"unit":"nm","value":"6"},"evaporation_rate":{"unit":"\u00c5\/s","value":"0.6"},"vacuum_pressure":{"unit":"uTorr","value":"2x10-6"}}]},{"anode_metal":{"unit":"","value":"Ag"}},{"note":{"unit":"","value":"-"},"ar":{"unit":"","value":"0"},"type":{"unit":"","value":"unit_cell"},"device_type":{"unit":"","value":"p-i-n"},"temperature":{"unit":"\u2103","value":"25"},"humidity":{"unit":"%","value":"40"},"cell_dimension":{"unit":"cm2","value":"0.0464"}}],"fileinfo":[{"key":"forward 51 MeO-Me 3-1_20230530","uploadType":"JV","original_name":"forward 51 MeO-Me 3-1_20230530-152845.txt","save_name":"JBNU-SC-00235\/forward 51 MeO-Me 3-1_20230530","uploader":98,"fileType":""},{"key":"forward 52 MeO-Me 3-1_20230530","uploadType":"JV","original_name":"forward 52 MeO-Me 3-1_20230530-152901.txt","save_name":"JBNU-SC-00235\/forward 52 MeO-Me 3-1_20230530","uploader":98,"fileType":""},{"key":"forward 53 MeO-Me 3-1_20230530","uploadType":"JV","original_name":"forward 53 MeO-Me 3-1_20230530-152926.txt","save_name":"JBNU-SC-00235\/forward 53 MeO-Me 3-1_20230530","uploader":98,"fileType":""},{"key":"forward 54 MeO-Me 3-1_20230530","uploadType":"JV","original_name":"forward 54 MeO-Me 3-1_20230530-152956.txt","save_name":"JBNU-SC-00235\/forward 54 MeO-Me 3-1_20230530","uploader":98,"fileType":""},{"key":"forward 61 MeO-Me 3-1_20230530","uploadType":"JV","original_name":"forward 61 MeO-Me 3-1_20230530-153043.txt","save_name":"JBNU-SC-00235\/forward 61 MeO-Me 3-1_20230530","uploader":98,"fileType":""},{"key":"forward 62 MeO-Me 3-1_20230530","uploadType":"JV","original_name":"forward 62 MeO-Me 3-1_20230530-153101.txt","save_name":"JBNU-SC-00235\/forward 62 MeO-Me 3-1_20230530","uploader":98,"fileType":""},{"key":"forward 63 MeO-Me 3-1_20230530","uploadType":"JV","original_name":"forward 63 MeO-Me 3-1_20230530-153131.txt","save_name":"JBNU-SC-00235\/forward 63 MeO-Me 3-1_20230530","uploader":98,"fileType":""},{"key":"forward 64 MeO-Me 3-1_20230530","uploadType":"JV","original_name":"forward 64 MeO-Me 3-1_20230530-153144.txt","save_name":"JBNU-SC-00235\/forward 64 MeO-Me 3-1_20230530","uploader":98,"fileType":""}],"jvcnt":8,"updated_at":"2024-08-07 02:33:50","created_at":"2023-10-23 11:49:34","analysisInfo":{"JV":[{"efficiency":20.0919,"fill_factor":77.6261,"jsc":23.046279,"voc":1.12308677,"key":"forward 64 MeO-Me 3-1_20230530","cell_dimension":0.0464},{"efficiency":19.7145,"fill_factor":76.9537,"jsc":22.81938911,"voc":1.12266932,"key":"forward 63 MeO-Me 3-1_20230530","cell_dimension":0.0464},{"efficiency":20.0536,"fill_factor":76.6557,"jsc":23.09462304,"voc":1.13275705,"key":"forward 62 MeO-Me 3-1_20230530","cell_dimension":0.0464},{"efficiency":19.5823,"fill_factor":74.6233,"jsc":23.17675549,"voc":1.13223571,"key":"forward 61 MeO-Me 3-1_20230530","cell_dimension":0.0464},{"efficiency":14.1947,"fill_factor":60.0404,"jsc":21.10806038,"voc":1.12003975,"key":"forward 54 MeO-Me 3-1_20230530","cell_dimension":0.0464},{"efficiency":19.3794,"fill_factor":76.8149,"jsc":22.50845827,"voc":1.12085257,"key":"forward 53 MeO-Me 3-1_20230530","cell_dimension":0.0464},{"efficiency":19.6936,"fill_factor":76.9195,"jsc":22.70774628,"voc":1.12749394,"key":"forward 52 MeO-Me 3-1_20230530","cell_dimension":0.0464},{"efficiency":20.255,"fill_factor":78.0549,"jsc":22.9035721,"voc":1.13299893,"key":"forward 51 MeO-Me 3-1_20230530","cell_dimension":0.0464}]},"public":2,"analysis":{"JV":[{"sample_area":{"value":0.0464,"unit":"cm2"},"irradiance":{"value":1,"unit":""},"pre_sweep_delay":{"value":1,"unit":""},"bias_direction":{"value":0,"unit":""},"max_reverse_bias":{"value":-0.2,"unit":""},"max_forward_bias":{"value":1.3,"unit":""},"num_sweep_points":{"value":31,"unit":""},"dwell_time":{"value":0,"unit":""},"current_limit":{"value":100,"unit":""},"pviv_10a_i_amp":{"value":0,"unit":""},"average":{"value":1,"unit":""},"dark_current":{"value":0,"unit":""},"rshunt_v_lo":{"value":-0.2,"unit":""},"rshunt_v_hi":{"value":0.2,"unit":""},"voc":{"value":1.12308677,"unit":"V"},"isc":{"value":0.00106935,"unit":"A"},"jsc":{"value":23.046279,"unit":"mA\/cm2"},"imax":{"value":0.00099749,"unit":"A"},"vmax":{"value":0.93461064,"unit":"V"},"pmax":{"value":0.93226603,"unit":"mW"},"fill_factor":{"value":77.6261,"unit":"%"},"efficiency":{"value":20.0919,"unit":"%"},"r_at_voc":{"value":93.732888,"unit":""},"r_at_isc":{"value":60848.785,"unit":""},"power":{"value":0.00111097,"unit":"W"},"rshunt":{"value":"NaN","unit":"ohm"},"cell_temp_start":{"value":"NaN","unit":""},"cell_temp_end":{"value":"NaN","unit":""},"exposure":{"value":3.855,"unit":""},"time":{"value":"15:31:44","unit":""},"date":{"value":"05\/30\/2023","unit":""},"V":{"value":[1.3,1.25,1.2,1.15,1.1,1.05,1,0.95,0.9,0.85,0.8,0.75,0.7,0.65,0.6,0.55,0.5,0.45,0.4,0.35,0.3,0.25,0.2,0.15,0.1,0.05,0,-0.05,-0.1,-0.15,-0.2],"unit":"V"},"I":{"value":[-0.00263846,-0.00172332,-0.00096106,-0.00028713,0.0002463,0.00063346,0.0008645,0.00097831,0.00102365,0.00103877,0.00104717,0.00104995,0.00105282,0.00105407,0.00105695,0.00105799,0.00106046,0.00106164,0.00106281,0.0010633,0.00106507,0.00106456,0.00106528,0.00106743,0.00106786,0.00106878,0.00106918,0.00107103,0.00107004,0.00107159,0.00107296],"unit":"A"},"J":{"unit":"A\/cm2","value":[-0.05686336206896552,-0.03714051724137931,-0.020712500000000002,-0.006188146551724139,0.005308189655172415,0.013652155172413794,0.01863146551724138,0.021084267241379313,0.022061422413793108,0.022387284482758625,0.022568318965517243,0.022628232758620692,0.022690086206896557,0.022717025862068967,0.02277909482758621,0.022801508620689658,0.02285474137931035,0.022880172413793105,0.022905387931034485,0.02291594827586207,0.02295409482758621,0.022943103448275864,0.022958620689655176,0.02300495689655173,0.023014224137931034,0.023034051724137933,0.023042672413793108,0.023082543103448275,0.023061206896551726,0.02309461206896552,0.023124137931034485]},"cell_dimension":{"value":0.0464,"unit":"cm2"},"sweep_direction":{"unit":"","value":"Forward"},"key":"forward 64 MeO-Me 3-1_20230530"},{"sample_area":{"value":0.0464,"unit":"cm2"},"irradiance":{"value":1,"unit":""},"pre_sweep_delay":{"value":1,"unit":""},"bias_direction":{"value":0,"unit":""},"max_reverse_bias":{"value":-0.2,"unit":""},"max_forward_bias":{"value":1.3,"unit":""},"num_sweep_points":{"value":31,"unit":""},"dwell_time":{"value":0,"unit":""},"current_limit":{"value":100,"unit":""},"pviv_10a_i_amp":{"value":0,"unit":""},"average":{"value":1,"unit":""},"dark_current":{"value":0,"unit":""},"rshunt_v_lo":{"value":-0.2,"unit":""},"rshunt_v_hi":{"value":0.2,"unit":""},"voc":{"value":1.12266932,"unit":"V"},"isc":{"value":0.00105882,"unit":"A"},"jsc":{"value":22.81938911,"unit":"mA\/cm2"},"imax":{"value":0.00098599,"unit":"A"},"vmax":{"value":0.92774715,"unit":"V"},"pmax":{"value":0.91475172,"unit":"mW"},"fill_factor":{"value":76.9537,"unit":"%"},"efficiency":{"value":19.7145,"unit":"%"},"r_at_voc":{"value":100.686805,"unit":""},"r_at_isc":{"value":58015.654,"unit":""},"power":{"value":0.0010962,"unit":"W"},"rshunt":{"value":"NaN","unit":"ohm"},"cell_temp_start":{"value":"NaN","unit":""},"cell_temp_end":{"value":"NaN","unit":""},"exposure":{"value":3.851,"unit":""},"time":{"value":"15:31:31","unit":""},"date":{"value":"05\/30\/2023","unit":""},"V":{"value":[1.3,1.25,1.2,1.15,1.1,1.05,1,0.95,0.9,0.85,0.8,0.75,0.7,0.65,0.6,0.55,0.5,0.45,0.4,0.35,0.3,0.25,0.2,0.15,0.1,0.05,0,-0.05,-0.1,-0.15,-0.2],"unit":"V"},"I":{"value":[-0.00241486,-0.00159775,-0.00089632,-0.00027144,0.00022515,0.00059649,0.00083443,0.00095662,0.00100846,0.00102613,0.00103579,0.00104116,0.00104499,0.0010465,0.00104864,0.00104957,0.00104994,0.00105247,0.00105127,0.00105365,0.00105342,0.00105432,0.00105409,0.00105695,0.00105844,0.00105767,0.0010588,0.00106053,0.00106064,0.00106139,0.00106129],"unit":"A"},"J":{"unit":"A\/cm2","value":[-0.05204439655172414,-0.03443426724137931,-0.019317241379310346,-0.005850000000000001,0.004852370689655172,0.012855387931034483,0.017983405172413796,0.02061681034482759,0.021734051724137934,0.022114870689655175,0.02232306034482759,0.022438793103448276,0.02252133620689655,0.02255387931034483,0.022600000000000002,0.02262004310344828,0.022628017241379313,0.022682543103448277,0.02265668103448276,0.022707974137931033,0.02270301724137931,0.02272241379310345,0.022717456896551726,0.02277909482758621,0.022811206896551722,0.022794612068965516,0.02281896551724138,0.02285625,0.022858620689655176,0.02287478448275862,0.02287262931034483]},"cell_dimension":{"value":0.0464,"unit":"cm2"},"sweep_direction":{"unit":"","value":"Forward"},"key":"forward 63 MeO-Me 3-1_20230530"},{"sample_area":{"value":0.0464,"unit":"cm2"},"irradiance":{"value":1,"unit":""},"pre_sweep_delay":{"value":1,"unit":""},"bias_direction":{"value":0,"unit":""},"max_reverse_bias":{"value":-0.2,"unit":""},"max_forward_bias":{"value":1.3,"unit":""},"num_sweep_points":{"value":31,"unit":""},"dwell_time":{"value":0,"unit":""},"current_limit":{"value":100,"unit":""},"pviv_10a_i_amp":{"value":0,"unit":""},"average":{"value":1,"unit":""},"dark_current":{"value":0,"unit":""},"rshunt_v_lo":{"value":-0.2,"unit":""},"rshunt_v_hi":{"value":0.2,"unit":""},"voc":{"value":1.13275705,"unit":"V"},"isc":{"value":0.00107159,"unit":"A"},"jsc":{"value":23.09462304,"unit":"mA\/cm2"},"imax":{"value":0.00100123,"unit":"A"},"vmax":{"value":0.92934096,"unit":"V"},"pmax":{"value":0.93048634,"unit":"mW"},"fill_factor":{"value":76.6557,"unit":"%"},"efficiency":{"value":20.0536,"unit":"%"},"r_at_voc":{"value":108.034598,"unit":""},"r_at_isc":{"value":56644.97,"unit":""},"power":{"value":0.00111669,"unit":"W"},"rshunt":{"value":"NaN","unit":"ohm"},"cell_temp_start":{"value":"NaN","unit":""},"cell_temp_end":{"value":"NaN","unit":""},"exposure":{"value":3.858,"unit":""},"time":{"value":"15:31:01","unit":""},"date":{"value":"05\/30\/2023","unit":""},"V":{"value":[1.3,1.25,1.2,1.15,1.1,1.05,1,0.95,0.9,0.85,0.8,0.75,0.7,0.65,0.6,0.55,0.5,0.45,0.4,0.35,0.3,0.25,0.2,0.15,0.1,0.05,0,-0.05,-0.1,-0.15,-0.2],"unit":"V"},"I":{"value":[-0.00227231,-0.0014565,-0.00076327,-0.00015961,0.00030321,0.00064016,0.00086144,0.00097443,0.00102532,0.00104271,0.00104992,0.00105369,0.00105503,0.00105736,0.00105964,0.00106084,0.00106263,0.00106327,0.00106438,0.00106519,0.00106578,0.00106664,0.00106771,0.00106927,0.00106972,0.0010716,0.00107224,0.00107412,0.00107344,0.00107321,0.00107406],"unit":"A"},"J":{"unit":"A\/cm2","value":[-0.04897219827586207,-0.03139008620689655,-0.016449784482758623,-0.0034398706896551726,0.0065346982758620695,0.01379655172413793,0.018565517241379313,0.02100064655172414,0.022097413793103447,0.02247219827586207,0.022627586206896554,0.02270883620689655,0.02273771551724138,0.02278793103448276,0.02283706896551724,0.02286293103448276,0.022901508620689657,0.022915301724137933,0.022939224137931036,0.02295668103448276,0.022969396551724138,0.02298793103448276,0.023010991379310345,0.02304461206896552,0.023054310344827585,0.023094827586206897,0.023108620689655173,0.023149137931034486,0.02313448275862069,0.023129525862068966,0.02314784482758621]},"cell_dimension":{"value":0.0464,"unit":"cm2"},"sweep_direction":{"unit":"","value":"Forward"},"key":"forward 62 MeO-Me 3-1_20230530"},{"sample_area":{"value":0.0464,"unit":"cm2"},"irradiance":{"value":1,"unit":""},"pre_sweep_delay":{"value":1,"unit":""},"bias_direction":{"value":0,"unit":""},"max_reverse_bias":{"value":-0.2,"unit":""},"max_forward_bias":{"value":1.3,"unit":""},"num_sweep_points":{"value":31,"unit":""},"dwell_time":{"value":0,"unit":""},"current_limit":{"value":100,"unit":""},"pviv_10a_i_amp":{"value":0,"unit":""},"average":{"value":1,"unit":""},"dark_current":{"value":0,"unit":""},"rshunt_v_lo":{"value":-0.2,"unit":""},"rshunt_v_hi":{"value":0.2,"unit":""},"voc":{"value":1.13223571,"unit":"V"},"isc":{"value":0.0010754,"unit":"A"},"jsc":{"value":23.17675549,"unit":"mA\/cm2"},"imax":{"value":0.0009891,"unit":"A"},"vmax":{"value":0.9186349,"unit":"V"},"pmax":{"value":0.90861929,"unit":"mW"},"fill_factor":{"value":74.6233,"unit":"%"},"efficiency":{"value":19.5823,"unit":"%"},"r_at_voc":{"value":111.931795,"unit":""},"r_at_isc":{"value":48055.92,"unit":""},"power":{"value":0.00111081,"unit":"W"},"rshunt":{"value":"NaN","unit":"ohm"},"cell_temp_start":{"value":"NaN","unit":""},"cell_temp_end":{"value":"NaN","unit":""},"exposure":{"value":3.846,"unit":""},"time":{"value":"15:30:43","unit":""},"date":{"value":"05\/30\/2023","unit":""},"V":{"value":[1.3,1.25,1.2,1.15,1.1,1.05,1,0.95,0.9,0.85,0.8,0.75,0.7,0.65,0.6,0.55,0.5,0.45,0.4,0.35,0.3,0.25,0.2,0.15,0.1,0.05,0,-0.05,-0.1,-0.15,-0.2],"unit":"V"},"I":{"value":[-0.00220253,-0.00140848,-0.00073707,-0.00015871,0.00028799,0.00061256,0.00082504,0.00094575,0.00100638,0.00103242,0.00104352,0.00104991,0.00105462,0.00105638,0.00106068,0.00106207,0.00106408,0.00106519,0.00106521,0.00106744,0.00106928,0.00107006,0.00107128,0.00107158,0.00107391,0.00107444,0.00107529,0.0010767,0.00107778,0.00107827,0.00107938],"unit":"A"},"J":{"unit":"A\/cm2","value":[-0.04746831896551724,-0.030355172413793104,-0.01588512931034483,-0.003420474137931035,0.006206681034482759,0.013201724137931034,0.017781034482758622,0.020382543103448277,0.021689224137931038,0.02225043103448276,0.022489655172413796,0.022627370689655174,0.02272887931034483,0.02276681034482759,0.02285948275862069,0.022889439655172417,0.022932758620689657,0.02295668103448276,0.02295711206896552,0.023005172413793105,0.023044827586206896,0.023061637931034485,0.02308793103448276,0.02309439655172414,0.02314461206896552,0.023156034482758624,0.023174353448275863,0.023204741379310348,0.023228017241379312,0.0232385775862069,0.023262500000000002]},"cell_dimension":{"value":0.0464,"unit":"cm2"},"sweep_direction":{"unit":"","value":"Forward"},"key":"forward 61 MeO-Me 3-1_20230530"},{"sample_area":{"value":0.0464,"unit":"cm2"},"irradiance":{"value":1,"unit":""},"pre_sweep_delay":{"value":1,"unit":""},"bias_direction":{"value":0,"unit":""},"max_reverse_bias":{"value":-0.2,"unit":""},"max_forward_bias":{"value":1.3,"unit":""},"num_sweep_points":{"value":31,"unit":""},"dwell_time":{"value":0,"unit":""},"current_limit":{"value":100,"unit":""},"pviv_10a_i_amp":{"value":0,"unit":""},"average":{"value":1,"unit":""},"dark_current":{"value":0,"unit":""},"rshunt_v_lo":{"value":-0.2,"unit":""},"rshunt_v_hi":{"value":0.2,"unit":""},"voc":{"value":1.12003975,"unit":"V"},"isc":{"value":0.00097941,"unit":"A"},"jsc":{"value":21.10806038,"unit":"mA\/cm2"},"imax":{"value":0.00080164,"unit":"A"},"vmax":{"value":0.82160954,"unit":"V"},"pmax":{"value":0.65863229,"unit":"mW"},"fill_factor":{"value":60.0404,"unit":"%"},"efficiency":{"value":14.1947,"unit":"%"},"r_at_voc":{"value":187.914681,"unit":""},"r_at_isc":{"value":28950.995,"unit":""},"power":{"value":0.00092487,"unit":"W"},"rshunt":{"value":"NaN","unit":"ohm"},"cell_temp_start":{"value":"NaN","unit":""},"cell_temp_end":{"value":"NaN","unit":""},"exposure":{"value":3.726,"unit":""},"time":{"value":"15:29:56","unit":""},"date":{"value":"05\/30\/2023","unit":""},"V":{"value":[1.3,1.25,1.2,1.15,1.1,1.05,1,0.95,0.9,0.85,0.8,0.75,0.7,0.65,0.6,0.55,0.5,0.45,0.4,0.35,0.3,0.25,0.2,0.15,0.1,0.05,0,-0.05,-0.1,-0.15,-0.2],"unit":"V"},"I":{"value":[-0.00139751,-0.00088233,-0.00047957,-0.00015944,0.00010664,0.00032307,0.00048759,0.00060731,0.00070202,0.00076994,0.00082326,0.00085943,0.00089519,0.0009182,0.00093046,0.00094433,0.00095282,0.00095666,0.00096075,0.00096417,0.0009692,0.0009713,0.00097151,0.00097567,0.00097473,0.0009763,0.00097753,0.00098601,0.0009826,0.00098419,0.00098552],"unit":"A"},"J":{"unit":"A\/cm2","value":[-0.030118750000000003,-0.01901573275862069,-0.010335560344827587,-0.0034362068965517246,0.0022982758620689655,0.00696271551724138,0.010508405172413793,0.013088577586206898,0.015129741379310347,0.01659353448275862,0.017742672413793105,0.01852219827586207,0.019292887931034484,0.019788793103448277,0.020053017241379312,0.020351939655172416,0.02053491379310345,0.020617672413793104,0.020705818965517243,0.020779525862068965,0.020887931034482762,0.020933189655172414,0.02093771551724138,0.021027370689655173,0.02100711206896552,0.02104094827586207,0.021067456896551724,0.02125021551724138,0.021176724137931036,0.021210991379310346,0.021239655172413795]},"cell_dimension":{"value":0.0464,"unit":"cm2"},"sweep_direction":{"unit":"","value":"Forward"},"key":"forward 54 MeO-Me 3-1_20230530"},{"sample_area":{"value":0.0464,"unit":"cm2"},"irradiance":{"value":1,"unit":""},"pre_sweep_delay":{"value":1,"unit":""},"bias_direction":{"value":0,"unit":""},"max_reverse_bias":{"value":-0.2,"unit":""},"max_forward_bias":{"value":1.3,"unit":""},"num_sweep_points":{"value":31,"unit":""},"dwell_time":{"value":0,"unit":""},"current_limit":{"value":100,"unit":""},"pviv_10a_i_amp":{"value":0,"unit":""},"average":{"value":1,"unit":""},"dark_current":{"value":0,"unit":""},"rshunt_v_lo":{"value":-0.2,"unit":""},"rshunt_v_hi":{"value":0.2,"unit":""},"voc":{"value":1.12085257,"unit":"V"},"isc":{"value":0.00104439,"unit":"A"},"jsc":{"value":22.50845827,"unit":"mA\/cm2"},"imax":{"value":0.00096766,"unit":"A"},"vmax":{"value":0.92925241,"unit":"V"},"pmax":{"value":0.89920338,"unit":"mW"},"fill_factor":{"value":76.8149,"unit":"%"},"efficiency":{"value":19.3794,"unit":"%"},"r_at_voc":{"value":97.085437,"unit":""},"r_at_isc":{"value":53726.153,"unit":""},"power":{"value":0.00107845,"unit":"W"},"rshunt":{"value":"NaN","unit":"ohm"},"cell_temp_start":{"value":"NaN","unit":""},"cell_temp_end":{"value":"NaN","unit":""},"exposure":{"value":3.735,"unit":""},"time":{"value":"15:29:26","unit":""},"date":{"value":"05\/30\/2023","unit":""},"V":{"value":[1.3,1.25,1.2,1.15,1.1,1.05,1,0.95,0.9,0.85,0.8,0.75,0.7,0.65,0.6,0.55,0.5,0.45,0.4,0.35,0.3,0.25,0.2,0.15,0.1,0.05,0,-0.05,-0.1,-0.15,-0.2],"unit":"V"},"I":{"value":[-0.00250428,-0.00166541,-0.00093733,-0.00030022,0.00021479,0.0005879,0.00082291,0.00094122,0.00099064,0.001008,0.00101638,0.00102205,0.00102692,0.00102882,0.00103047,0.00103136,0.00103391,0.00103472,0.00103572,0.00103626,0.00103877,0.00103831,0.00104128,0.00104137,0.00104391,0.00104349,0.00104462,0.00104567,0.00104618,0.00104698,0.0010475],"unit":"A"},"J":{"unit":"A\/cm2","value":[-0.05397155172413793,-0.035892456896551725,-0.020201077586206897,-0.006470258620689656,0.004629094827586207,0.012670258620689656,0.01773512931034483,0.02028491379310345,0.021350000000000004,0.021724137931034483,0.02190474137931035,0.022026939655172415,0.02213189655172414,0.02217284482758621,0.022208405172413792,0.022227586206896553,0.02228254310344828,0.022300000000000004,0.022321551724137932,0.022333189655172416,0.022387284482758625,0.022377370689655174,0.022441379310344827,0.022443318965517243,0.02249806034482759,0.022489008620689657,0.02251336206896552,0.02253599137931035,0.022546982758620694,0.02256422413793104,0.02257543103448276]},"cell_dimension":{"value":0.0464,"unit":"cm2"},"sweep_direction":{"unit":"","value":"Forward"},"key":"forward 53 MeO-Me 3-1_20230530"},{"sample_area":{"value":0.0464,"unit":"cm2"},"irradiance":{"value":1,"unit":""},"pre_sweep_delay":{"value":1,"unit":""},"bias_direction":{"value":0,"unit":""},"max_reverse_bias":{"value":-0.2,"unit":""},"max_forward_bias":{"value":1.3,"unit":""},"num_sweep_points":{"value":31,"unit":""},"dwell_time":{"value":0,"unit":""},"current_limit":{"value":100,"unit":""},"pviv_10a_i_amp":{"value":0,"unit":""},"average":{"value":1,"unit":""},"dark_current":{"value":0,"unit":""},"rshunt_v_lo":{"value":-0.2,"unit":""},"rshunt_v_hi":{"value":0.2,"unit":""},"voc":{"value":1.12749394,"unit":"V"},"isc":{"value":0.00105364,"unit":"A"},"jsc":{"value":22.70774628,"unit":"mA\/cm2"},"imax":{"value":0.00098413,"unit":"A"},"vmax":{"value":0.92851773,"unit":"V"},"pmax":{"value":0.91378234,"unit":"mW"},"fill_factor":{"value":76.9195,"unit":"%"},"efficiency":{"value":19.6936,"unit":"%"},"r_at_voc":{"value":108.376648,"unit":""},"r_at_isc":{"value":76402.684,"unit":""},"power":{"value":0.00109474,"unit":"W"},"rshunt":{"value":"NaN","unit":"ohm"},"cell_temp_start":{"value":"NaN","unit":""},"cell_temp_end":{"value":"NaN","unit":""},"exposure":{"value":3.834,"unit":""},"time":{"value":"15:29:01","unit":""},"date":{"value":"05\/30\/2023","unit":""},"V":{"value":[1.3,1.25,1.2,1.15,1.1,1.05,1,0.95,0.9,0.85,0.8,0.75,0.7,0.65,0.6,0.55,0.5,0.45,0.4,0.35,0.3,0.25,0.2,0.15,0.1,0.05,0,-0.05,-0.1,-0.15,-0.2],"unit":"V"},"I":{"value":[-0.00221021,-0.00144763,-0.00079178,-0.00020767,0.00025369,0.00060558,0.00083643,0.0009562,0.00100724,0.00102556,0.00103313,0.00103775,0.00103975,0.00104237,0.00104435,0.00104495,0.00104634,0.00104699,0.00104788,0.00104878,0.00104957,0.00104994,0.00104994,0.00105241,0.00105253,0.00105402,0.00105295,0.00105571,0.00105538,0.00105562,0.00105476],"unit":"A"},"J":{"unit":"A\/cm2","value":[-0.04763383620689656,-0.031198922413793108,-0.017064224137931034,-0.004475646551724138,0.005467456896551724,0.013051293103448276,0.018026508620689656,0.020607758620689656,0.021707758620689657,0.022102586206896552,0.02226573275862069,0.022365301724137934,0.022408405172413798,0.02246487068965517,0.02250754310344828,0.022520474137931037,0.02255043103448276,0.022564439655172415,0.022583620689655172,0.022603017241379312,0.02262004310344828,0.022628017241379313,0.022628017241379313,0.02268125,0.022683836206896554,0.02271594827586207,0.022692887931034484,0.022752370689655174,0.022745258620689657,0.02275043103448276,0.02273189655172414]},"cell_dimension":{"value":0.0464,"unit":"cm2"},"sweep_direction":{"unit":"","value":"Forward"},"key":"forward 52 MeO-Me 3-1_20230530"},{"sample_area":{"value":0.0464,"unit":"cm2"},"irradiance":{"value":1,"unit":""},"pre_sweep_delay":{"value":1,"unit":""},"bias_direction":{"value":0,"unit":""},"max_reverse_bias":{"value":-0.2,"unit":""},"max_forward_bias":{"value":1.3,"unit":""},"num_sweep_points":{"value":31,"unit":""},"dwell_time":{"value":0,"unit":""},"current_limit":{"value":100,"unit":""},"pviv_10a_i_amp":{"value":0,"unit":""},"average":{"value":1,"unit":""},"dark_current":{"value":0,"unit":""},"rshunt_v_lo":{"value":-0.2,"unit":""},"rshunt_v_hi":{"value":0.2,"unit":""},"voc":{"value":1.13299893,"unit":"V"},"isc":{"value":0.00106273,"unit":"A"},"jsc":{"value":22.9035721,"unit":"mA\/cm2"},"imax":{"value":0.00099633,"unit":"A"},"vmax":{"value":0.94329406,"unit":"V"},"pmax":{"value":0.9398338,"unit":"mW"},"fill_factor":{"value":78.0549,"unit":"%"},"efficiency":{"value":20.255,"unit":"%"},"r_at_voc":{"value":101.115118,"unit":""},"r_at_isc":{"value":63803.624,"unit":""},"power":{"value":0.00111564,"unit":"W"},"rshunt":{"value":"NaN","unit":"ohm"},"cell_temp_start":{"value":"NaN","unit":""},"cell_temp_end":{"value":"NaN","unit":""},"exposure":{"value":3.858,"unit":""},"time":{"value":"15:28:45","unit":""},"date":{"value":"05\/30\/2023","unit":""},"V":{"value":[1.3,1.25,1.2,1.15,1.1,1.05,1,0.95,0.9,0.85,0.8,0.75,0.7,0.65,0.6,0.55,0.5,0.45,0.4,0.35,0.3,0.25,0.2,0.15,0.1,0.05,0,-0.05,-0.1,-0.15,-0.2],"unit":"V"},"I":{"value":[-0.00261708,-0.00162823,-0.00083363,-0.00016814,0.00032635,0.00067938,0.00089142,0.00098876,0.00102622,0.0010386,0.00104493,0.00104825,0.00104994,0.0010525,0.00105368,0.00105405,0.00105466,0.00105554,0.00105593,0.00105675,0.0010576,0.00105848,0.00105946,0.00106159,0.00106071,0.00106216,0.00106243,0.00106405,0.00106461,0.00106526,0.00106501],"unit":"A"},"J":{"unit":"A\/cm2","value":[-0.05640258620689655,-0.03509116379310345,-0.01796616379310345,-0.0036237068965517243,0.007033405172413794,0.014641810344827588,0.019211637931034482,0.02130948275862069,0.022116810344827587,0.022383620689655173,0.022520043103448274,0.022591594827586207,0.022628017241379313,0.022683189655172416,0.022708620689655172,0.022716594827586208,0.022729741379310348,0.022748706896551726,0.02275711206896552,0.02277478448275862,0.022793103448275863,0.022812068965517244,0.022833189655172413,0.02287909482758621,0.02286012931034483,0.022891379310344826,0.022897198275862073,0.02293211206896552,0.022944181034482758,0.022958189655172413,0.022952801724137932]},"cell_dimension":{"value":0.0464,"unit":"cm2"},"sweep_direction":{"unit":"","value":"Forward"},"key":"forward 51 MeO-Me 3-1_20230530"}]}}