{"_id":"655aae6aa4d59d307a7a8bc7","id":"JBNU-SC-00276","author":98,"group":10,"input":[{"tco":{"unit":"","value":"ITO"}},{"htl":[{"material":{"unit":"","value":"NiO_Sputter"},"concentration":{"unit":"","value":"None"},"conc_unit":{"unit":"","value":"None"},"quantity":{"unit":"ml","value":"None"}}],"solvent":[{"material":{"unit":"","value":"None"},"volume":{"unit":"ml","value":"None"}},{"material":{"unit":"","value":"None"},"volume":{"unit":"ml","value":"None"}}],"htl_doping":[{"material":{"unit":"","value":"None"},"volume":{"unit":"ul","value":"None"}}],"spin_coating":[{"type":{"unit":"","value":"None"},"rpm":{"unit":"","value":"None"},"time":{"unit":"s","value":"None"}}],"vacuum_suction":[{"unit":"s","value":"None"}],"annealing":[{"temperature":{"unit":"oC","value":"300"},"time":{"unit":"m","value":"30"}}],"module":[{"type":{"unit":"","value":"None"},"gap":{"unit":"um","value":"None"},"coating_speed":{"unit":"mm\/s","value":"None"},"feeding_amount":{"unit":"ul","value":"None"}}],"thermal_evaporation":[{"vacuum_evaporation_thickness":{"unit":"nm","value":"None"},"evaporation_rate":{"unit":"\u00c5\/s","value":"None"},"vacuum_pressure":{"unit":"uTorr","value":"None"}}]},{"htl_treatment":[{"material":{"unit":"","value":"MeO-2PACz"},"concentration":{"unit":"","value":"1"},"conc_unit":{"unit":"","value":"mg\/ml"},"quantity":{"unit":"ml","value":"1"}},{"material":{"unit":"","value":"Me-4PACz"},"concentration":{"unit":"","value":"1"},"conc_unit":{"unit":"","value":"mg\/ml"},"quantity":{"unit":"ml","value":"0"}}],"solvent":[{"material":{"unit":"","value":"Ethanol"},"volume":{"unit":"ml","value":"1"}},{"material":{"unit":"","value":"None"},"volume":{"unit":"ml","value":"None"}},{"material":{"unit":"","value":"Ethanol"},"volume":{"unit":"ml","value":"1"}},{"material":{"unit":"","value":"None"},"volume":{"unit":"ml","value":"None"}}],"spin_coating":[{"type":{"unit":"","value":"drop&run"},"rpm":{"unit":"","value":"3000"},"time":{"unit":"s","value":"50"}}],"vacuum_suction":[{"unit":"s","value":"10"}],"annealing":[{"temperature":{"unit":"oC","value":"None"},"time":{"unit":"m","value":"None"}}],"module":[{"type":{"unit":"","value":"None"},"gap":{"unit":"um","value":"None"},"coating_speed":{"unit":"mm\/s","value":"None"},"feeding_amount":{"unit":"ul","value":"None"}}],"thermal_evaporation":[{"vacuum_evaporation_thickness":{"unit":"nm","value":"None"},"evaporation_rate":{"unit":"\u00c5\/s","value":"None"},"vacuum_pressure":{"unit":"uTorr","value":"None"}}]},{"perovskite":{"method":{"unit":"","value":"1-step"},"molarity":{"unit":"M","value":"1.45"},"a_site":[{"material":{"unit":"","value":"Cs"},"ratio":{"unit":"","value":"0.175"}},{"material":{"unit":"","value":"FA"},"ratio":{"unit":"","value":"0.825"}}],"b_site":[{"material":{"unit":"","value":"Pb"},"ratio":{"unit":"","value":"1"}},{"material":{"unit":"","value":"None"},"ratio":{"unit":"","value":"0"}}],"x_site":[{"material":{"unit":"","value":"I"},"ratio":{"unit":"","value":"2.55"}},{"material":{"unit":"","value":"Br"},"ratio":{"unit":"","value":"0.45"}}],"solvent":[{"material":{"unit":"","value":"DMF"},"volume":{"unit":"ml","value":"0.8"}},{"material":{"unit":"","value":"DMSO"},"volume":{"unit":"ml","value":"0.2"}}],"additive":[{"material":{"unit":"","value":"None"},"solvent":{"unit":"","value":"None"},"concentration":{"unit":"","value":"None"},"conc_unit":{"unit":"","value":"None"},"quantity":{"unit":"mol%","value":"None"}}],"stirring_time":[{"unit":"m","value":"120"}],"antisolvent":[{"material":{"unit":"","value":"None"},"quantity":{"unit":"ul","value":"None"},"dripping_time":{"unit":"s","value":"None"}}],"spin_coating":[{"type":{"unit":"","value":"drop&run"},"rpm":{"unit":"","value":"4000"},"time":{"unit":"s","value":"10"}}],"vacuum_suction":[{"unit":"s","value":"60"}],"annealing":[{"temperature":{"unit":"oC","value":"100"},"time":{"unit":"m","value":"30"}}],"atmosphere":[{"type":{"unit":"","value":"N2"},"temperature":{"unit":"oC","value":"28"},"humidity":{"unit":"RH%","value":"0"}}],"assist":[{"type":{"unit":"","value":"None"},"temperature":{"unit":"oC","value":"None"},"assist_start_time":{"value":null,"unit":"s"},"total_assist_time":{"value":"None","unit":"s"}}],"module":[{"type":{"unit":"","value":"None"},"gap":{"unit":"um","value":"None"},"coating_speed":{"unit":"mm\/s","value":"None"},"feeding_amount":{"unit":"ul","value":"None"}}],"thermal_evaporation":[{"vacuum_evaporation_thickness":{"unit":"nm","value":"None"},"evaporation_rate":{"unit":"\u00c5\/s","value":"None"},"vacuum_pressure":{"unit":"uTorr","value":"None"}}]}},{"perovskite_treatment":[{"material":{"unit":"","value":"None"},"concentration":{"unit":"","value":"None"},"conc_unit":{"unit":"","value":"None"},"quantity":{"unit":"ml","value":"None"}}],"solvent":[{"material":{"unit":"","value":"None"},"volume":{"unit":"ml","value":"None"}},{"material":{"unit":"","value":"None"},"volume":{"unit":"ml","value":"None"}}],"spin_coating":[{"type":{"unit":"","value":"None"},"rpm":{"unit":"","value":"None"},"time":{"unit":"s","value":"None"}}],"vacuum_suction":[{"unit":"s","value":"None"}],"annealing":[{"temperature":{"unit":"oC","value":"None"},"time":{"unit":"m","value":"None"}}],"module":[{"type":{"unit":"","value":"None"},"gap":{"unit":"um","value":"None"},"coating_speed":{"unit":"mm\/s","value":"None"},"feeding_amount":{"unit":"ul","value":"None"}}],"thermal_evaporation":[{"vacuum_evaporation_thickness":{"unit":"nm","value":"None"},"evaporation_rate":{"unit":"\u00c5\/s","value":"None"},"vacuum_pressure":{"unit":"uTorr","value":"None"}}]},{"etl":[{"material":{"unit":"","value":"C60"},"concentration":{"unit":"","value":"None"},"conc_unit":{"unit":"","value":"None"},"quantity":{"unit":"ml","value":"None"}}],"solvent":[{"material":{"unit":"","value":"None"},"volume":{"unit":"ml","value":"None"}},{"material":{"unit":"","value":"None"},"volume":{"unit":"ml","value":"None"}}],"spin_coating":[{"type":{"unit":"","value":"None"},"rpm":{"unit":"","value":"None"},"time":{"unit":"s","value":"None"}}],"vacuum_suction":[{"unit":"s","value":"None"}],"annealing":[{"temperature":{"unit":"oC","value":"None"},"time":{"unit":"m","value":"None"}}],"etl_doping":[{"material":{"unit":"","value":"None"},"volume":{"unit":"ul","value":"None"}}],"module":[{"type":{"unit":"","value":"None"},"gap":{"unit":"um","value":"None"},"coating_speed":{"unit":"mm\/s","value":"None"},"feeding_amount":{"unit":"ul","value":"None"}}],"thermal_evaporation":[{"vacuum_evaporation_thickness":{"unit":"nm","value":"30"},"evaporation_rate":{"unit":"\u00c5\/s","value":"0.6"},"vacuum_pressure":{"unit":"uTorr","value":"2x10-6"}}]},{"blocking_buffer_layer":[{"material":{"unit":"","value":"BCP"},"concentration":{"unit":"","value":"None"},"conc_unit":{"unit":"","value":"None"},"quantity":{"unit":"ml","value":"None"}}],"solvent":[{"material":{"unit":"","value":"None"},"volume":{"unit":"ml","value":"None"}},{"material":{"unit":"","value":"None"},"volume":{"unit":"ml","value":"None"}}],"spin_coating":[{"type":{"unit":"","value":"None"},"rpm":{"unit":"","value":"None"},"time":{"unit":"s","value":"None"}}],"vacuum_suction":[{"unit":"s","value":"0"}],"annealing":[{"temperature":{"unit":"oC","value":"None"},"time":{"unit":"m","value":"None"}}],"module":[{"type":{"unit":"","value":"None"},"gap":{"unit":"um","value":"None"},"coating_speed":{"unit":"mm\/s","value":"None"},"feeding_amount":{"unit":"ul","value":"None"}}],"thermal_evaporation":[{"vacuum_evaporation_thickness":{"unit":"nm","value":"6"},"evaporation_rate":{"unit":"\u00c5\/s","value":"0.6"},"vacuum_pressure":{"unit":"uTorr","value":"2x10-6"}}]},{"anode_metal":{"unit":"","value":"Ag"}},{"note":{"unit":"","value":"-"},"ar":{"unit":"","value":"0"},"type":{"unit":"","value":"unit_cell"},"device_type":{"unit":"","value":"p-i-n"},"temperature":{"unit":"\u2103","value":"25"},"humidity":{"unit":"%","value":"40"},"cell_dimension":{"unit":"cm2","value":"0.1001"}}],"fileinfo":[{"key":"forward 14 No mask_20231107","uploadType":"JV","original_name":"forward 14 No mask_20231107-144117.txt","save_name":"JBNU-SC-00276\/forward 14 No mask_20231107","uploader":98,"fileType":""},{"key":"forward 15 No mask_20231107","uploadType":"JV","original_name":"forward 15 No mask_20231107-144137.txt","save_name":"JBNU-SC-00276\/forward 15 No mask_20231107","uploader":98,"fileType":""},{"key":"forward 16 No mask_20231107","uploadType":"JV","original_name":"forward 16 No mask_20231107-144211.txt","save_name":"JBNU-SC-00276\/forward 16 No mask_20231107","uploader":98,"fileType":""},{"key":"forward 24 No mask_20231107","uploadType":"JV","original_name":"forward 24 No mask_20231107-144548.txt","save_name":"JBNU-SC-00276\/forward 24 No mask_20231107","uploader":98,"fileType":""},{"key":"forward 25 No mask_20231107","uploadType":"JV","original_name":"forward 25 No mask_20231107-144617.txt","save_name":"JBNU-SC-00276\/forward 25 No mask_20231107","uploader":98,"fileType":""},{"key":"forward 26 No mask_20231107","uploadType":"JV","original_name":"forward 26 No mask_20231107-144640.txt","save_name":"JBNU-SC-00276\/forward 26 No mask_20231107","uploader":98,"fileType":""},{"key":"forward 34 No mask_20231107","uploadType":"JV","original_name":"forward 34 No mask_20231107-145238.txt","save_name":"JBNU-SC-00276\/forward 34 No mask_20231107","uploader":98,"fileType":""},{"key":"forward 35 No mask_20231107","uploadType":"JV","original_name":"forward 35 No mask_20231107-145300.txt","save_name":"JBNU-SC-00276\/forward 35 No mask_20231107","uploader":98,"fileType":""},{"key":"forward 36 No mask_20231107","uploadType":"JV","original_name":"forward 36 No mask_20231107-145331.txt","save_name":"JBNU-SC-00276\/forward 36 No mask_20231107","uploader":98,"fileType":""}],"jvcnt":9,"updated_at":"2024-08-07 02:33:50","created_at":"2023-11-20 00:55:06","analysisInfo":{"JV":[{"efficiency":19.0384,"fill_factor":74.3967,"jsc":23.148983,"voc":1.10546295,"key":"forward 36 No mask_20231107","cell_dimension":0.1},{"efficiency":18.172,"fill_factor":73.7436,"jsc":22.66514991,"voc":1.08722665,"key":"forward 35 No mask_20231107","cell_dimension":0.1},{"efficiency":18.69,"fill_factor":74.669,"jsc":22.83177718,"voc":1.09629766,"key":"forward 34 No mask_20231107","cell_dimension":0.1},{"efficiency":18.5749,"fill_factor":76.5798,"jsc":22.17579164,"voc":1.09378592,"key":"forward 26 No mask_20231107","cell_dimension":0.1},{"efficiency":18.0449,"fill_factor":74.4308,"jsc":22.18327673,"voc":1.0928896,"key":"forward 25 No mask_20231107","cell_dimension":0.1},{"efficiency":16.6568,"fill_factor":68.6688,"jsc":22.18587455,"voc":1.09333888,"key":"forward 24 No mask_20231107","cell_dimension":0.1},{"efficiency":14.7239,"fill_factor":61.391,"jsc":22.139883,"voc":1.08328748,"key":"forward 16 No mask_20231107","cell_dimension":0.1},{"efficiency":17.6982,"fill_factor":72.403,"jsc":22.45879018,"voc":1.08839078,"key":"forward 15 No mask_20231107","cell_dimension":0.1},{"efficiency":18.6596,"fill_factor":74.5104,"jsc":22.89685918,"voc":1.09372768,"key":"forward 14 No mask_20231107","cell_dimension":0.1}]},"public":2,"analysis":{"JV":[{"sample_area":{"value":0.1,"unit":"cm2"},"irradiance":{"value":1,"unit":""},"pre_sweep_delay":{"value":1,"unit":""},"bias_direction":{"value":0,"unit":""},"max_reverse_bias":{"value":-0.2,"unit":""},"max_forward_bias":{"value":1.3,"unit":""},"num_sweep_points":{"value":31,"unit":""},"dwell_time":{"value":0,"unit":""},"current_limit":{"value":100,"unit":""},"pviv_10a_i_amp":{"value":0,"unit":""},"average":{"value":1,"unit":""},"dark_current":{"value":0,"unit":""},"rshunt_v_lo":{"value":-0.2,"unit":""},"rshunt_v_hi":{"value":0.2,"unit":""},"voc":{"value":1.10546295,"unit":"V"},"isc":{"value":0.0023149,"unit":"A"},"jsc":{"value":23.148983,"unit":"mA\/cm2"},"imax":{"value":0.00207127,"unit":"A"},"vmax":{"value":0.91916465,"unit":"V"},"pmax":{"value":1.90383801,"unit":"mW"},"fill_factor":{"value":74.3967,"unit":"%"},"efficiency":{"value":19.0384,"unit":"%"},"r_at_voc":{"value":32.843026,"unit":""},"r_at_isc":{"value":12144.149,"unit":""},"power":{"value":0.0023275,"unit":"W"},"rshunt":{"value":"NaN","unit":"ohm"},"cell_temp_start":{"value":"NaN","unit":""},"cell_temp_end":{"value":"NaN","unit":""},"exposure":{"value":3.851,"unit":""},"time":{"value":"14:53:31","unit":""},"date":{"value":"11\/07\/2023","unit":""},"V":{"value":[1.3,1.25,1.2,1.15,1.1,1.05,1,0.95,0.9,0.85,0.8,0.75,0.7,0.65,0.6,0.55,0.5,0.45,0.4,0.35,0.3,0.25,0.2,0.15,0.1,0.05,0,-0.05,-0.1,-0.15,-0.2],"unit":"V"},"I":{"value":[-0.01045555,-0.00677652,-0.00373373,-0.00135606,0.00016634,0.0011058,0.0017159,0.00198147,0.0021082,0.0021626,0.00218798,0.00220597,0.00221892,0.00222747,0.00224128,0.00225115,0.00226168,0.00227086,0.00227499,0.00228262,0.00228805,0.00229193,0.00229865,0.00230479,0.00230819,0.0023117,0.00231516,0.00232357,0.00232253,0.00232535,0.00232866],"unit":"A"},"J":{"unit":"A\/cm2","value":[-0.10455549999999998,-0.0677652,-0.0373373,-0.0135606,0.0016634,0.011058,0.017159,0.019814699999999998,0.021082,0.021626,0.021879799999999998,0.022059699999999998,0.0221892,0.022274699999999998,0.0224128,0.022511499999999997,0.022616799999999996,0.0227086,0.0227499,0.022826199999999998,0.022880499999999998,0.0229193,0.0229865,0.0230479,0.0230819,0.023117,0.0231516,0.023235699999999998,0.0232253,0.023253499999999996,0.0232866]},"cell_dimension":{"value":0.1,"unit":"cm2"},"sweep_direction":{"unit":"","value":"Forward"},"key":"forward 36 No mask_20231107"},{"sample_area":{"value":0.1,"unit":"cm2"},"irradiance":{"value":1,"unit":""},"pre_sweep_delay":{"value":1,"unit":""},"bias_direction":{"value":0,"unit":""},"max_reverse_bias":{"value":-0.2,"unit":""},"max_forward_bias":{"value":1.3,"unit":""},"num_sweep_points":{"value":31,"unit":""},"dwell_time":{"value":0,"unit":""},"current_limit":{"value":100,"unit":""},"pviv_10a_i_amp":{"value":0,"unit":""},"average":{"value":1,"unit":""},"dark_current":{"value":0,"unit":""},"rshunt_v_lo":{"value":-0.2,"unit":""},"rshunt_v_hi":{"value":0.2,"unit":""},"voc":{"value":1.08722665,"unit":"V"},"isc":{"value":0.00226651,"unit":"A"},"jsc":{"value":22.66514991,"unit":"mA\/cm2"},"imax":{"value":0.00198603,"unit":"A"},"vmax":{"value":0.91499121,"unit":"V"},"pmax":{"value":1.81720032,"unit":"mW"},"fill_factor":{"value":73.7436,"unit":"%"},"efficiency":{"value":18.172,"unit":"%"},"r_at_voc":{"value":36.6953,"unit":""},"r_at_isc":{"value":12746.264,"unit":""},"power":{"value":0.00224655,"unit":"W"},"rshunt":{"value":"NaN","unit":"ohm"},"cell_temp_start":{"value":"NaN","unit":""},"cell_temp_end":{"value":"NaN","unit":""},"exposure":{"value":3.967,"unit":""},"time":{"value":"14:53:00","unit":""},"date":{"value":"11\/07\/2023","unit":""},"V":{"value":[1.3,1.25,1.2,1.15,1.1,1.05,1,0.95,0.9,0.85,0.8,0.75,0.7,0.65,0.6,0.55,0.5,0.45,0.4,0.35,0.3,0.25,0.2,0.15,0.1,0.05,0,-0.05,-0.1,-0.15,-0.2],"unit":"V"},"I":{"value":[-0.01365693,-0.00883934,-0.00500236,-0.00205868,-0.00034809,0.00101448,0.00152235,0.00188606,0.00201497,0.00207279,0.0021027,0.00213684,0.00216146,0.00218349,0.00219826,0.00220694,0.00221584,0.0022234,0.00223092,0.00223748,0.00224045,0.00224627,0.00225119,0.00225508,0.00225967,0.00226633,0.00226708,0.00227142,0.0022732,0.00227646,0.00228137],"unit":"A"},"J":{"unit":"A\/cm2","value":[-0.13656929999999998,-0.08839339999999998,-0.050023599999999994,-0.020586799999999995,-0.0034809,0.010144799999999999,0.0152235,0.018860599999999998,0.0201497,0.0207279,0.021026999999999997,0.0213684,0.021614599999999998,0.0218349,0.021982599999999998,0.0220694,0.0221584,0.022233999999999997,0.022309199999999998,0.0223748,0.0224045,0.0224627,0.0225119,0.0225508,0.0225967,0.022663299999999997,0.022670799999999998,0.0227142,0.022732,0.0227646,0.0228137]},"cell_dimension":{"value":0.1,"unit":"cm2"},"sweep_direction":{"unit":"","value":"Forward"},"key":"forward 35 No mask_20231107"},{"sample_area":{"value":0.1,"unit":"cm2"},"irradiance":{"value":1,"unit":""},"pre_sweep_delay":{"value":1,"unit":""},"bias_direction":{"value":0,"unit":""},"max_reverse_bias":{"value":-0.2,"unit":""},"max_forward_bias":{"value":1.3,"unit":""},"num_sweep_points":{"value":31,"unit":""},"dwell_time":{"value":0,"unit":""},"current_limit":{"value":100,"unit":""},"pviv_10a_i_amp":{"value":0,"unit":""},"average":{"value":1,"unit":""},"dark_current":{"value":0,"unit":""},"rshunt_v_lo":{"value":-0.2,"unit":""},"rshunt_v_hi":{"value":0.2,"unit":""},"voc":{"value":1.09629766,"unit":"V"},"isc":{"value":0.00228318,"unit":"A"},"jsc":{"value":22.83177718,"unit":"mA\/cm2"},"imax":{"value":0.0020207,"unit":"A"},"vmax":{"value":0.92492719,"unit":"V"},"pmax":{"value":1.86899694,"unit":"mW"},"fill_factor":{"value":74.669,"unit":"%"},"efficiency":{"value":18.69,"unit":"%"},"r_at_voc":{"value":43.409175,"unit":""},"r_at_isc":{"value":17266.874,"unit":""},"power":{"value":0.00229317,"unit":"W"},"rshunt":{"value":"NaN","unit":"ohm"},"cell_temp_start":{"value":"NaN","unit":""},"cell_temp_end":{"value":"NaN","unit":""},"exposure":{"value":3.919,"unit":""},"time":{"value":"14:52:38","unit":""},"date":{"value":"11\/07\/2023","unit":""},"V":{"value":[1.3,1.25,1.2,1.15,1.1,1.05,1,0.95,0.9,0.85,0.8,0.75,0.7,0.65,0.6,0.55,0.5,0.45,0.4,0.35,0.3,0.25,0.2,0.15,0.1,0.05,0,-0.05,-0.1,-0.15,-0.2],"unit":"V"},"I":{"value":[-0.0144323,-0.00906742,-0.00491297,-0.001845,-8.529e-5,0.00106654,0.00169232,0.00195409,0.00206697,0.00212535,0.00215103,0.0021786,0.00220117,0.0022169,0.00222987,0.002238,0.00224189,0.0022493,0.00225355,0.00225805,0.00226483,0.00227082,0.00227136,0.00227253,0.0022767,0.00228083,0.00228432,0.00228748,0.00228882,0.00229109,0.00229433],"unit":"A"},"J":{"unit":"A\/cm2","value":[-0.144323,-0.0906742,-0.0491297,-0.01845,-0.0008529,0.010665399999999998,0.0169232,0.019540899999999996,0.0206697,0.021253499999999998,0.0215103,0.021786,0.0220117,0.022168999999999998,0.0222987,0.022379999999999997,0.0224189,0.022493,0.0225355,0.0225805,0.022648299999999996,0.0227082,0.0227136,0.0227253,0.022767,0.0228083,0.022843199999999998,0.0228748,0.022888199999999997,0.022910899999999998,0.022943299999999996]},"cell_dimension":{"value":0.1,"unit":"cm2"},"sweep_direction":{"unit":"","value":"Forward"},"key":"forward 34 No mask_20231107"},{"sample_area":{"value":0.1,"unit":"cm2"},"irradiance":{"value":1,"unit":""},"pre_sweep_delay":{"value":1,"unit":""},"bias_direction":{"value":0,"unit":""},"max_reverse_bias":{"value":-0.2,"unit":""},"max_forward_bias":{"value":1.3,"unit":""},"num_sweep_points":{"value":31,"unit":""},"dwell_time":{"value":0,"unit":""},"current_limit":{"value":100,"unit":""},"pviv_10a_i_amp":{"value":0,"unit":""},"average":{"value":1,"unit":""},"dark_current":{"value":0,"unit":""},"rshunt_v_lo":{"value":-0.2,"unit":""},"rshunt_v_hi":{"value":0.2,"unit":""},"voc":{"value":1.09378592,"unit":"V"},"isc":{"value":0.00221758,"unit":"A"},"jsc":{"value":22.17579164,"unit":"mA\/cm2"},"imax":{"value":0.00201044,"unit":"A"},"vmax":{"value":0.92391975,"unit":"V"},"pmax":{"value":1.85748671,"unit":"mW"},"fill_factor":{"value":76.5798,"unit":"%"},"efficiency":{"value":18.5749,"unit":"%"},"r_at_voc":{"value":41.42651,"unit":""},"r_at_isc":{"value":19878.704,"unit":""},"power":{"value":0.00224096,"unit":"W"},"rshunt":{"value":"NaN","unit":"ohm"},"cell_temp_start":{"value":"NaN","unit":""},"cell_temp_end":{"value":"NaN","unit":""},"exposure":{"value":3.967,"unit":""},"time":{"value":"14:46:40","unit":""},"date":{"value":"11\/07\/2023","unit":""},"V":{"value":[1.3,1.25,1.2,1.15,1.1,1.05,1,0.95,0.9,0.85,0.8,0.75,0.7,0.65,0.6,0.55,0.5,0.45,0.4,0.35,0.3,0.25,0.2,0.15,0.1,0.05,0,-0.05,-0.1,-0.15,-0.2],"unit":"V"},"I":{"value":[-0.01575498,-0.01002517,-0.00553384,-0.00209977,-0.00015,0.00105695,0.00169068,0.00193908,0.00205278,0.00209917,0.00212257,0.00213973,0.00215144,0.00216273,0.00216921,0.00217541,0.00218226,0.00219036,0.00219329,0.00219792,0.00220167,0.00220535,0.00220631,0.00221036,0.00221256,0.00221656,0.00221704,0.00222333,0.00222118,0.00222537,0.00222598],"unit":"A"},"J":{"unit":"A\/cm2","value":[-0.15754979999999996,-0.1002517,-0.055338399999999996,-0.020997699999999998,-0.0014999999999999998,0.0105695,0.0169068,0.0193908,0.0205278,0.0209917,0.021225699999999997,0.021397299999999998,0.0215144,0.0216273,0.0216921,0.0217541,0.0218226,0.0219036,0.021932899999999998,0.021979199999999997,0.0220167,0.0220535,0.0220631,0.0221036,0.0221256,0.022165599999999997,0.0221704,0.022233299999999998,0.0222118,0.022253699999999998,0.022259799999999996]},"cell_dimension":{"value":0.1,"unit":"cm2"},"sweep_direction":{"unit":"","value":"Forward"},"key":"forward 26 No mask_20231107"},{"sample_area":{"value":0.1,"unit":"cm2"},"irradiance":{"value":1,"unit":""},"pre_sweep_delay":{"value":1,"unit":""},"bias_direction":{"value":0,"unit":""},"max_reverse_bias":{"value":-0.2,"unit":""},"max_forward_bias":{"value":1.3,"unit":""},"num_sweep_points":{"value":31,"unit":""},"dwell_time":{"value":0,"unit":""},"current_limit":{"value":100,"unit":""},"pviv_10a_i_amp":{"value":0,"unit":""},"average":{"value":1,"unit":""},"dark_current":{"value":0,"unit":""},"rshunt_v_lo":{"value":-0.2,"unit":""},"rshunt_v_hi":{"value":0.2,"unit":""},"voc":{"value":1.0928896,"unit":"V"},"isc":{"value":0.00221833,"unit":"A"},"jsc":{"value":22.18327673,"unit":"mA\/cm2"},"imax":{"value":0.00196331,"unit":"A"},"vmax":{"value":0.9191074,"unit":"V"},"pmax":{"value":1.80449032,"unit":"mW"},"fill_factor":{"value":74.4308,"unit":"%"},"efficiency":{"value":18.0449,"unit":"%"},"r_at_voc":{"value":41.081127,"unit":""},"r_at_isc":{"value":15282.702,"unit":""},"power":{"value":0.00221696,"unit":"W"},"rshunt":{"value":"NaN","unit":"ohm"},"cell_temp_start":{"value":"NaN","unit":""},"cell_temp_end":{"value":"NaN","unit":""},"exposure":{"value":3.965,"unit":""},"time":{"value":"14:46:17","unit":""},"date":{"value":"11\/07\/2023","unit":""},"V":{"value":[1.3,1.25,1.2,1.15,1.1,1.05,1,0.95,0.9,0.85,0.8,0.75,0.7,0.65,0.6,0.55,0.5,0.45,0.4,0.35,0.3,0.25,0.2,0.15,0.1,0.05,0,-0.05,-0.1,-0.15,-0.2],"unit":"V"},"I":{"value":[-0.01260815,-0.00811141,-0.00458184,-0.00185704,-0.00017308,0.00104402,0.00156569,0.00187495,0.00199815,0.00205345,0.00208433,0.00211358,0.00212999,0.00214414,0.00215508,0.00216519,0.0021733,0.00217908,0.00218696,0.00219398,0.00219591,0.00220031,0.00220564,0.00220907,0.00221327,0.00221807,0.00221862,0.00222651,0.00222286,0.00222797,0.00222739],"unit":"A"},"J":{"unit":"A\/cm2","value":[-0.12608149999999999,-0.0811141,-0.0458184,-0.018570399999999997,-0.0017307999999999998,0.0104402,0.015656899999999998,0.0187495,0.0199815,0.0205345,0.0208433,0.021135799999999996,0.0212999,0.0214414,0.021550800000000002,0.021651899999999998,0.021733,0.0217908,0.0218696,0.0219398,0.0219591,0.022003099999999998,0.0220564,0.022090699999999998,0.022132699999999998,0.022180699999999998,0.0221862,0.0222651,0.0222286,0.0222797,0.0222739]},"cell_dimension":{"value":0.1,"unit":"cm2"},"sweep_direction":{"unit":"","value":"Forward"},"key":"forward 25 No mask_20231107"},{"sample_area":{"value":0.1,"unit":"cm2"},"irradiance":{"value":1,"unit":""},"pre_sweep_delay":{"value":1,"unit":""},"bias_direction":{"value":0,"unit":""},"max_reverse_bias":{"value":-0.2,"unit":""},"max_forward_bias":{"value":1.3,"unit":""},"num_sweep_points":{"value":31,"unit":""},"dwell_time":{"value":0,"unit":""},"current_limit":{"value":100,"unit":""},"pviv_10a_i_amp":{"value":0,"unit":""},"average":{"value":1,"unit":""},"dark_current":{"value":0,"unit":""},"rshunt_v_lo":{"value":-0.2,"unit":""},"rshunt_v_hi":{"value":0.2,"unit":""},"voc":{"value":1.09333888,"unit":"V"},"isc":{"value":0.00221859,"unit":"A"},"jsc":{"value":22.18587455,"unit":"mA\/cm2"},"imax":{"value":0.00186181,"unit":"A"},"vmax":{"value":0.89465267,"unit":"V"},"pmax":{"value":1.66567667,"unit":"mW"},"fill_factor":{"value":68.6688,"unit":"%"},"efficiency":{"value":16.6568,"unit":"%"},"r_at_voc":{"value":47.712714,"unit":""},"r_at_isc":{"value":11623.238,"unit":""},"power":{"value":0.00216112,"unit":"W"},"rshunt":{"value":"NaN","unit":"ohm"},"cell_temp_start":{"value":"NaN","unit":""},"cell_temp_end":{"value":"NaN","unit":""},"exposure":{"value":3.966,"unit":""},"time":{"value":"14:45:48","unit":""},"date":{"value":"11\/07\/2023","unit":""},"V":{"value":[1.3,1.25,1.2,1.15,1.1,1.05,1,0.95,0.9,0.85,0.8,0.75,0.7,0.65,0.6,0.55,0.5,0.45,0.4,0.35,0.3,0.25,0.2,0.15,0.1,0.05,0,-0.05,-0.1,-0.15,-0.2],"unit":"V"},"I":{"value":[-0.01070782,-0.00686195,-0.00386002,-0.00161103,-0.00013961,0.00090833,0.00140921,0.00170163,0.00185036,0.00193716,0.00199638,0.00204068,0.00207297,0.00210288,0.00212353,0.00213708,0.00215065,0.00216205,0.00217402,0.00218304,0.00218879,0.00219571,0.00220351,0.00220729,0.00221095,0.00221696,0.00221946,0.00222395,0.00222628,0.00223146,0.00223279],"unit":"A"},"J":{"unit":"A\/cm2","value":[-0.1070782,-0.0686195,-0.0386002,-0.0161103,-0.0013961,0.0090833,0.014092099999999998,0.017016299999999998,0.0185036,0.0193716,0.019963799999999997,0.0204068,0.020729699999999997,0.0210288,0.021235300000000002,0.0213708,0.021506499999999998,0.021620499999999997,0.021740199999999998,0.021830399999999996,0.0218879,0.0219571,0.0220351,0.0220729,0.0221095,0.022169599999999998,0.0221946,0.0222395,0.0222628,0.0223146,0.0223279]},"cell_dimension":{"value":0.1,"unit":"cm2"},"sweep_direction":{"unit":"","value":"Forward"},"key":"forward 24 No mask_20231107"},{"sample_area":{"value":0.1,"unit":"cm2"},"irradiance":{"value":1,"unit":""},"pre_sweep_delay":{"value":1,"unit":""},"bias_direction":{"value":0,"unit":""},"max_reverse_bias":{"value":-0.2,"unit":""},"max_forward_bias":{"value":1.3,"unit":""},"num_sweep_points":{"value":31,"unit":""},"dwell_time":{"value":0,"unit":""},"current_limit":{"value":100,"unit":""},"pviv_10a_i_amp":{"value":0,"unit":""},"average":{"value":1,"unit":""},"dark_current":{"value":0,"unit":""},"rshunt_v_lo":{"value":-0.2,"unit":""},"rshunt_v_hi":{"value":0.2,"unit":""},"voc":{"value":1.08328748,"unit":"V"},"isc":{"value":0.00221399,"unit":"A"},"jsc":{"value":22.139883,"unit":"mA\/cm2"},"imax":{"value":0.00174427,"unit":"A"},"vmax":{"value":0.84413128,"unit":"V"},"pmax":{"value":1.47239389,"unit":"mW"},"fill_factor":{"value":61.391,"unit":"%"},"efficiency":{"value":14.7239,"unit":"%"},"r_at_voc":{"value":49.433453,"unit":""},"r_at_isc":{"value":4866.469,"unit":""},"power":{"value":0.00204078,"unit":"W"},"rshunt":{"value":"NaN","unit":"ohm"},"cell_temp_start":{"value":"NaN","unit":""},"cell_temp_end":{"value":"NaN","unit":""},"exposure":{"value":3.85,"unit":""},"time":{"value":"14:42:11","unit":""},"date":{"value":"11\/07\/2023","unit":""},"V":{"value":[1.3,1.25,1.2,1.15,1.1,1.05,1,0.95,0.9,0.85,0.8,0.75,0.7,0.65,0.6,0.55,0.5,0.45,0.4,0.35,0.3,0.25,0.2,0.15,0.1,0.05,0,-0.05,-0.1,-0.15,-0.2],"unit":"V"},"I":{"value":[-0.01235044,-0.00779126,-0.00431018,-0.00182263,-0.00033808,0.00067338,0.00115726,0.00145204,0.00161242,0.00173198,0.00182585,0.00189404,0.00194284,0.00198483,0.0020186,0.00204923,0.00207231,0.00209352,0.00211237,0.00212891,0.00214731,0.00216111,0.00217347,0.00218487,0.00219652,0.00220684,0.00221696,0.00222492,0.00223527,0.00224267,0.00225091],"unit":"A"},"J":{"unit":"A\/cm2","value":[-0.1235044,-0.0779126,-0.0431018,-0.018226299999999997,-0.0033807999999999998,0.0067338,0.011572599999999999,0.0145204,0.016124199999999998,0.0173198,0.018258499999999997,0.0189404,0.0194284,0.0198483,0.020186,0.020492299999999998,0.020723099999999998,0.0209352,0.0211237,0.0212891,0.0214731,0.021611099999999998,0.021734699999999996,0.021848700000000002,0.021965199999999997,0.0220684,0.022169599999999998,0.0222492,0.0223527,0.022426699999999997,0.0225091]},"cell_dimension":{"value":0.1,"unit":"cm2"},"sweep_direction":{"unit":"","value":"Forward"},"key":"forward 16 No mask_20231107"},{"sample_area":{"value":0.1,"unit":"cm2"},"irradiance":{"value":1,"unit":""},"pre_sweep_delay":{"value":1,"unit":""},"bias_direction":{"value":0,"unit":""},"max_reverse_bias":{"value":-0.2,"unit":""},"max_forward_bias":{"value":1.3,"unit":""},"num_sweep_points":{"value":31,"unit":""},"dwell_time":{"value":0,"unit":""},"current_limit":{"value":100,"unit":""},"pviv_10a_i_amp":{"value":0,"unit":""},"average":{"value":1,"unit":""},"dark_current":{"value":0,"unit":""},"rshunt_v_lo":{"value":-0.2,"unit":""},"rshunt_v_hi":{"value":0.2,"unit":""},"voc":{"value":1.08839078,"unit":"V"},"isc":{"value":0.00224588,"unit":"A"},"jsc":{"value":22.45879018,"unit":"mA\/cm2"},"imax":{"value":0.00193742,"unit":"A"},"vmax":{"value":0.91349044,"unit":"V"},"pmax":{"value":1.76981536,"unit":"mW"},"fill_factor":{"value":72.403,"unit":"%"},"efficiency":{"value":17.6982,"unit":"%"},"r_at_voc":{"value":38.949179,"unit":""},"r_at_isc":{"value":12207.519,"unit":""},"power":{"value":0.00222179,"unit":"W"},"rshunt":{"value":"NaN","unit":"ohm"},"cell_temp_start":{"value":"NaN","unit":""},"cell_temp_end":{"value":"NaN","unit":""},"exposure":{"value":3.964,"unit":""},"time":{"value":"14:41:37","unit":""},"date":{"value":"11\/07\/2023","unit":""},"V":{"value":[1.3,1.25,1.2,1.15,1.1,1.05,1,0.95,0.9,0.85,0.8,0.75,0.7,0.65,0.6,0.55,0.5,0.45,0.4,0.35,0.3,0.25,0.2,0.15,0.1,0.05,0,-0.05,-0.1,-0.15,-0.2],"unit":"V"},"I":{"value":[-0.01503775,-0.00946587,-0.00516451,-0.00203776,-0.00029806,0.00098566,0.00150981,0.00183448,0.0019639,0.00203827,0.00208552,0.00211962,0.00214472,0.00216653,0.0021784,0.00218681,0.00219606,0.0022033,0.00220994,0.00221412,0.00221892,0.00222336,0.00223084,0.00223519,0.0022382,0.00224317,0.00224689,0.00225364,0.00225284,0.00225576,0.00226078],"unit":"A"},"J":{"unit":"A\/cm2","value":[-0.1503775,-0.09465869999999998,-0.05164509999999999,-0.0203776,-0.0029806,0.009856599999999998,0.0150981,0.0183448,0.019639,0.0203827,0.020855199999999997,0.0211962,0.0214472,0.0216653,0.021783999999999998,0.021868099999999998,0.0219606,0.022033,0.022099399999999998,0.0221412,0.0221892,0.0222336,0.0223084,0.0223519,0.022382,0.0224317,0.0224689,0.022536399999999998,0.022528399999999997,0.022557599999999997,0.022607799999999997]},"cell_dimension":{"value":0.1,"unit":"cm2"},"sweep_direction":{"unit":"","value":"Forward"},"key":"forward 15 No mask_20231107"},{"sample_area":{"value":0.1,"unit":"cm2"},"irradiance":{"value":1,"unit":""},"pre_sweep_delay":{"value":1,"unit":""},"bias_direction":{"value":0,"unit":""},"max_reverse_bias":{"value":-0.2,"unit":""},"max_forward_bias":{"value":1.3,"unit":""},"num_sweep_points":{"value":31,"unit":""},"dwell_time":{"value":0,"unit":""},"current_limit":{"value":100,"unit":""},"pviv_10a_i_amp":{"value":0,"unit":""},"average":{"value":1,"unit":""},"dark_current":{"value":0,"unit":""},"rshunt_v_lo":{"value":-0.2,"unit":""},"rshunt_v_hi":{"value":0.2,"unit":""},"voc":{"value":1.09372768,"unit":"V"},"isc":{"value":0.00228969,"unit":"A"},"jsc":{"value":22.89685918,"unit":"mA\/cm2"},"imax":{"value":0.00204651,"unit":"A"},"vmax":{"value":0.91177677,"unit":"V"},"pmax":{"value":1.8659576,"unit":"mW"},"fill_factor":{"value":74.5104,"unit":"%"},"efficiency":{"value":18.6596,"unit":"%"},"r_at_voc":{"value":41.647429,"unit":""},"r_at_isc":{"value":20622.345,"unit":""},"power":{"value":0.00230002,"unit":"W"},"rshunt":{"value":"NaN","unit":"ohm"},"cell_temp_start":{"value":"NaN","unit":""},"cell_temp_end":{"value":"NaN","unit":""},"exposure":{"value":3.962,"unit":""},"time":{"value":"14:41:17","unit":""},"date":{"value":"11\/07\/2023","unit":""},"V":{"value":[1.3,1.25,1.2,1.15,1.1,1.05,1,0.95,0.9,0.85,0.8,0.75,0.7,0.65,0.6,0.55,0.5,0.45,0.4,0.35,0.3,0.25,0.2,0.15,0.1,0.05,0,-0.05,-0.1,-0.15,-0.2],"unit":"V"},"I":{"value":[-0.01499274,-0.00931999,-0.00501,-0.00188363,-0.00015061,0.00104995,0.00162027,0.00192997,0.00207079,0.00213982,0.00217793,0.00220596,0.00222609,0.00224223,0.00225114,0.00225503,0.00225956,0.00226428,0.00226848,0.00227224,0.00227392,0.00227852,0.00228004,0.00228246,0.00228481,0.00228801,0.00228936,0.00229254,0.00229386,0.00229756,0.00229879],"unit":"A"},"J":{"unit":"A\/cm2","value":[-0.1499274,-0.0931999,-0.05009999999999999,-0.0188363,-0.0015060999999999998,0.0104995,0.0162027,0.0192997,0.020707899999999998,0.0213982,0.021779299999999998,0.0220596,0.0222609,0.0224223,0.022511399999999997,0.0225503,0.022595599999999997,0.022642799999999998,0.022684799999999998,0.0227224,0.022739199999999998,0.0227852,0.0228004,0.0228246,0.0228481,0.0228801,0.022893599999999997,0.0229254,0.0229386,0.0229756,0.022987900000000002]},"cell_dimension":{"value":0.1,"unit":"cm2"},"sweep_direction":{"unit":"","value":"Forward"},"key":"forward 14 No mask_20231107"}]}}