{"_id":"655abce77964ad10715fd33b","id":"JBNU-SC-00278","author":98,"group":10,"input":[{"tco":{"unit":"","value":"ITO"}},{"htl":[{"material":{"unit":"","value":"NiO_Sputter"},"concentration":{"unit":"","value":"None"},"conc_unit":{"unit":"","value":"None"},"quantity":{"unit":"ml","value":"None"}}],"solvent":[{"material":{"unit":"","value":"None"},"volume":{"unit":"ml","value":"None"}},{"material":{"unit":"","value":"None"},"volume":{"unit":"ml","value":"None"}}],"htl_doping":[{"material":{"unit":"","value":"None"},"volume":{"unit":"ul","value":"None"}}],"spin_coating":[{"type":{"unit":"","value":"None"},"rpm":{"unit":"","value":"None"},"time":{"unit":"s","value":"None"}}],"vacuum_suction":[{"unit":"s","value":"None"}],"annealing":[{"temperature":{"unit":"oC","value":"300"},"time":{"unit":"m","value":"30"}}],"module":[{"type":{"unit":"","value":"None"},"gap":{"unit":"um","value":"None"},"coating_speed":{"unit":"mm\/s","value":"None"},"feeding_amount":{"unit":"ul","value":"None"}}],"thermal_evaporation":[{"vacuum_evaporation_thickness":{"unit":"nm","value":"None"},"evaporation_rate":{"unit":"\u00c5\/s","value":"None"},"vacuum_pressure":{"unit":"uTorr","value":"None"}}]},{"htl_treatment":[{"material":{"unit":"","value":"MeO-2PACz"},"concentration":{"unit":"","value":"0.33"},"conc_unit":{"unit":"","value":"mg\/ml"},"quantity":{"unit":"ml","value":"1"}}],"solvent":[{"material":{"unit":"","value":"Ethanol"},"volume":{"unit":"ml","value":"1"}},{"material":{"unit":"","value":"None"},"volume":{"unit":"ml","value":"None"}}],"spin_coating":[{"type":{"unit":"","value":"drop&run"},"rpm":{"unit":"","value":"3000"},"time":{"unit":"s","value":"50"}}],"vacuum_suction":[{"unit":"s","value":"None"}],"annealing":[{"temperature":{"unit":"oC","value":"None"},"time":{"unit":"m","value":"None"}}],"module":[{"type":{"unit":"","value":"None"},"gap":{"unit":"um","value":"None"},"coating_speed":{"unit":"mm\/s","value":"None"},"feeding_amount":{"unit":"ul","value":"None"}}],"thermal_evaporation":[{"vacuum_evaporation_thickness":{"unit":"nm","value":"None"},"evaporation_rate":{"unit":"\u00c5\/s","value":"None"},"vacuum_pressure":{"unit":"uTorr","value":"None"}}]},{"perovskite":{"method":{"unit":"","value":"1-step"},"molarity":{"unit":"M","value":"1.45"},"a_site":[{"material":{"unit":"","value":"Cs"},"ratio":{"unit":"","value":"0.175"}},{"material":{"unit":"","value":"FA"},"ratio":{"unit":"","value":"0.825"}}],"b_site":[{"material":{"unit":"","value":"Pb"},"ratio":{"unit":"","value":"1"}},{"material":{"unit":"","value":"None"},"ratio":{"unit":"","value":"0"}}],"x_site":[{"material":{"unit":"","value":"I"},"ratio":{"unit":"","value":"2.55"}},{"material":{"unit":"","value":"Br"},"ratio":{"unit":"","value":"0.45"}}],"solvent":[{"material":{"unit":"","value":"DMF"},"volume":{"unit":"ml","value":"0.8"}},{"material":{"unit":"","value":"DMSO"},"volume":{"unit":"ml","value":"0.2"}}],"additive":[{"material":{"unit":"","value":"None"},"solvent":{"unit":"","value":"None"},"concentration":{"unit":"","value":"None"},"conc_unit":{"unit":"","value":"None"},"quantity":{"unit":"mol%","value":"None"}}],"stirring_time":[{"unit":"m","value":"120"}],"antisolvent":[{"material":{"unit":"","value":"None"},"quantity":{"unit":"ul","value":"None"},"dripping_time":{"unit":"s","value":"None"}}],"spin_coating":[{"type":{"unit":"","value":"drop&run"},"rpm":{"unit":"","value":"4000"},"time":{"unit":"s","value":"10"}}],"vacuum_suction":[{"unit":"s","value":"60"}],"annealing":[{"temperature":{"unit":"oC","value":"100"},"time":{"unit":"m","value":"30"}}],"atmosphere":[{"type":{"unit":"","value":"N2"},"temperature":{"unit":"oC","value":"28"},"humidity":{"unit":"RH%","value":"0"}}],"assist":[{"type":{"unit":"","value":"None"},"temperature":{"unit":"oC","value":"None"},"assist_start_time":{"value":null,"unit":"s"},"total_assist_time":{"value":"None","unit":"s"}}],"module":[{"type":{"unit":"","value":"None"},"gap":{"unit":"um","value":"None"},"coating_speed":{"unit":"mm\/s","value":"None"},"feeding_amount":{"unit":"ul","value":"None"}}],"thermal_evaporation":[{"vacuum_evaporation_thickness":{"unit":"nm","value":"None"},"evaporation_rate":{"unit":"\u00c5\/s","value":"None"},"vacuum_pressure":{"unit":"uTorr","value":"None"}}]}},{"perovskite_treatment":[{"material":{"unit":"","value":"None"},"concentration":{"unit":"","value":"None"},"conc_unit":{"unit":"","value":"None"},"quantity":{"unit":"ml","value":"None"}}],"solvent":[{"material":{"unit":"","value":"None"},"volume":{"unit":"ml","value":"None"}},{"material":{"unit":"","value":"None"},"volume":{"unit":"ml","value":"None"}}],"spin_coating":[{"type":{"unit":"","value":"None"},"rpm":{"unit":"","value":"None"},"time":{"unit":"s","value":"None"}}],"vacuum_suction":[{"unit":"s","value":"None"}],"annealing":[{"temperature":{"unit":"oC","value":"None"},"time":{"unit":"m","value":"None"}}],"module":[{"type":{"unit":"","value":"None"},"gap":{"unit":"um","value":"None"},"coating_speed":{"unit":"mm\/s","value":"None"},"feeding_amount":{"unit":"ul","value":"None"}}],"thermal_evaporation":[{"vacuum_evaporation_thickness":{"unit":"nm","value":"None"},"evaporation_rate":{"unit":"\u00c5\/s","value":"None"},"vacuum_pressure":{"unit":"uTorr","value":"None"}}]},{"etl":[{"material":{"unit":"","value":"C60"},"concentration":{"unit":"","value":"None"},"conc_unit":{"unit":"","value":"None"},"quantity":{"unit":"ml","value":"None"}}],"solvent":[{"material":{"unit":"","value":"None"},"volume":{"unit":"ml","value":"None"}},{"material":{"unit":"","value":"None"},"volume":{"unit":"ml","value":"None"}}],"spin_coating":[{"type":{"unit":"","value":"None"},"rpm":{"unit":"","value":"None"},"time":{"unit":"s","value":"None"}}],"vacuum_suction":[{"unit":"s","value":"None"}],"annealing":[{"temperature":{"unit":"oC","value":"None"},"time":{"unit":"m","value":"None"}}],"etl_doping":[{"material":{"unit":"","value":"None"},"volume":{"unit":"ul","value":"None"}}],"module":[{"type":{"unit":"","value":"None"},"gap":{"unit":"um","value":"None"},"coating_speed":{"unit":"mm\/s","value":"None"},"feeding_amount":{"unit":"ul","value":"None"}}],"thermal_evaporation":[{"vacuum_evaporation_thickness":{"unit":"nm","value":"30"},"evaporation_rate":{"unit":"\u00c5\/s","value":"0.6"},"vacuum_pressure":{"unit":"uTorr","value":"2x10-6"}}]},{"blocking_buffer_layer":[{"material":{"unit":"","value":"BCP"},"concentration":{"unit":"","value":"None"},"conc_unit":{"unit":"","value":"None"},"quantity":{"unit":"ml","value":"None"}}],"solvent":[{"material":{"unit":"","value":"None"},"volume":{"unit":"ml","value":"None"}},{"material":{"unit":"","value":"None"},"volume":{"unit":"ml","value":"None"}}],"spin_coating":[{"type":{"unit":"","value":"None"},"rpm":{"unit":"","value":"None"},"time":{"unit":"s","value":"None"}}],"vacuum_suction":[{"unit":"s","value":"0"}],"annealing":[{"temperature":{"unit":"oC","value":"None"},"time":{"unit":"m","value":"None"}}],"module":[{"type":{"unit":"","value":"None"},"gap":{"unit":"um","value":"None"},"coating_speed":{"unit":"mm\/s","value":"None"},"feeding_amount":{"unit":"ul","value":"None"}}],"thermal_evaporation":[{"vacuum_evaporation_thickness":{"unit":"nm","value":"6"},"evaporation_rate":{"unit":"\u00c5\/s","value":"0.6"},"vacuum_pressure":{"unit":"uTorr","value":"2x10-6"}}]},{"anode_metal":{"unit":"","value":"Ag"}},{"note":{"unit":"","value":"-"},"ar":{"unit":"","value":"0"},"type":{"unit":"","value":"unit_cell"},"device_type":{"unit":"","value":"p-i-n"},"temperature":{"unit":"\u2103","value":"25"},"humidity":{"unit":"%","value":"40"},"cell_dimension":{"unit":"cm2","value":"0.0464"}}],"fileinfo":[{"key":"forward 82 20H 4RPM 10S_20230315","uploadType":"JV","original_name":"forward 82 20H 4RPM 10S_20230315-152213.txt","save_name":"JBNU-SC-00278\/forward 82 20H 4RPM 10S_20230315","uploader":98,"fileType":""},{"key":"forward 83 20H 4RPM 10S_20230315","uploadType":"JV","original_name":"forward 83 20H 4RPM 10S_20230315-152237.txt","save_name":"JBNU-SC-00278\/forward 83 20H 4RPM 10S_20230315","uploader":98,"fileType":""},{"key":"forward 84 20H 4RPM 10S_20230315","uploadType":"JV","original_name":"forward 84 20H 4RPM 10S_20230315-152302.txt","save_name":"JBNU-SC-00278\/forward 84 20H 4RPM 10S_20230315","uploader":98,"fileType":""},{"key":"forward 71 20H 4RPM 10S_20230315","uploadType":"JV","original_name":"forward 71 20H 4RPM 10S_20230315-151926.txt","save_name":"JBNU-SC-00278\/forward 71 20H 4RPM 10S_20230315","uploader":98,"fileType":""},{"key":"forward 72 20H 4RPM 10S_20230315","uploadType":"JV","original_name":"forward 72 20H 4RPM 10S_20230315-151946.txt","save_name":"JBNU-SC-00278\/forward 72 20H 4RPM 10S_20230315","uploader":98,"fileType":""},{"key":"forward 73 20H 4RPM 10S_20230315","uploadType":"JV","original_name":"forward 73 20H 4RPM 10S_20230315-152002.txt","save_name":"JBNU-SC-00278\/forward 73 20H 4RPM 10S_20230315","uploader":98,"fileType":""},{"key":"forward 74 20H 4RPM 10S_20230315","uploadType":"JV","original_name":"forward 74 20H 4RPM 10S_20230315-152024.txt","save_name":"JBNU-SC-00278\/forward 74 20H 4RPM 10S_20230315","uploader":98,"fileType":""},{"key":"forward 81 20H 4RPM 10S_20230315","uploadType":"JV","original_name":"forward 81 20H 4RPM 10S_20230315-152129.txt","save_name":"JBNU-SC-00278\/forward 81 20H 4RPM 10S_20230315","uploader":98,"fileType":""}],"jvcnt":8,"updated_at":"2024-08-07 02:33:50","created_at":"2023-11-20 01:56:55","analysisInfo":{"JV":[{"efficiency":18.074,"fill_factor":73.588,"jsc":22.30586129,"voc":1.10110433,"key":"forward 84 20H 4RPM 10S_20230315","cell_dimension":0.0464},{"efficiency":17.7985,"fill_factor":71.9246,"jsc":22.57236011,"voc":1.09630109,"key":"forward 83 20H 4RPM 10S_20230315","cell_dimension":0.0464},{"efficiency":18.3344,"fill_factor":72.1202,"jsc":22.92720611,"voc":1.10881386,"key":"forward 82 20H 4RPM 10S_20230315","cell_dimension":0.0464},{"efficiency":18.5434,"fill_factor":71.9244,"jsc":23.21259189,"voc":1.11067862,"key":"forward 81 20H 4RPM 10S_20230315","cell_dimension":0.0464},{"efficiency":18.623,"fill_factor":77.448,"jsc":21.76883542,"voc":1.10459481,"key":"forward 74 20H 4RPM 10S_20230315","cell_dimension":0.0464},{"efficiency":14.5997,"fill_factor":64.2293,"jsc":21.26448873,"voc":1.06894813,"key":"forward 73 20H 4RPM 10S_20230315","cell_dimension":0.0464},{"efficiency":11.6414,"fill_factor":55.5882,"jsc":20.37728448,"voc":1.02771879,"key":"forward 72 20H 4RPM 10S_20230315","cell_dimension":0.0464},{"efficiency":16.9017,"fill_factor":71.5438,"jsc":21.58650349,"voc":1.09439988,"key":"forward 71 20H 4RPM 10S_20230315","cell_dimension":0.0464}]},"public":2,"analysis":{"JV":[{"sample_area":{"value":0.0464,"unit":"cm2"},"irradiance":{"value":1,"unit":""},"pre_sweep_delay":{"value":0.5,"unit":""},"bias_direction":{"value":0,"unit":""},"max_reverse_bias":{"value":-0.2,"unit":""},"max_forward_bias":{"value":1.3,"unit":""},"num_sweep_points":{"value":31,"unit":""},"dwell_time":{"value":0,"unit":""},"current_limit":{"value":100,"unit":""},"pviv_10a_i_amp":{"value":0,"unit":""},"average":{"value":1,"unit":""},"dark_current":{"value":0,"unit":""},"rshunt_v_lo":{"value":-0.2,"unit":""},"rshunt_v_hi":{"value":0.2,"unit":""},"voc":{"value":1.10110433,"unit":"V"},"isc":{"value":0.00103499,"unit":"A"},"jsc":{"value":22.30586129,"unit":"mA\/cm2"},"imax":{"value":0.00092484,"unit":"A"},"vmax":{"value":0.9067924,"unit":"V"},"pmax":{"value":0.83863444,"unit":"mW"},"fill_factor":{"value":73.588,"unit":"%"},"efficiency":{"value":18.074,"unit":"%"},"r_at_voc":{"value":80.231081,"unit":""},"r_at_isc":{"value":28302.955,"unit":""},"power":{"value":0.00103391,"unit":"W"},"rshunt":{"value":"NaN","unit":"ohm"},"cell_temp_start":{"value":"NaN","unit":""},"cell_temp_end":{"value":"NaN","unit":""},"exposure":{"value":3.406,"unit":""},"time":{"value":"15:23:02","unit":""},"date":{"value":"03\/15\/2023","unit":""},"V":{"value":[1.3,1.25,1.2,1.15,1.1,1.05,1,0.95,0.9,0.85,0.8,0.75,0.7,0.65,0.6,0.55,0.5,0.45,0.4,0.35,0.3,0.25,0.2,0.15,0.1,0.05,0,-0.05,-0.1,-0.15,-0.2],"unit":"V"},"I":{"value":[-0.00386548,-0.00254432,-0.00144452,-0.00060944,1.376e-5,0.00044085,0.00071307,0.00086139,0.0009314,0.00096345,0.00098113,0.00099208,0.0010001,0.00100473,0.00100848,0.00101158,0.00101428,0.00101693,0.00101987,0.0010216,0.0010238,0.00102588,0.00102865,0.00102988,0.00103137,0.00103301,0.00103528,0.00103712,0.00103928,0.00103943,0.00104178],"unit":"A"},"J":{"unit":"A\/cm2","value":[-0.08330775862068966,-0.0548344827586207,-0.031131896551724138,-0.013134482758620692,0.0002965517241379311,0.009501077586206897,0.015367887931034484,0.018564439655172415,0.020073275862068966,0.020764008620689656,0.021145043103448277,0.02138103448275862,0.02155387931034483,0.021653663793103448,0.02173448275862069,0.021801293103448277,0.02185948275862069,0.02191659482758621,0.021979956896551724,0.022017241379310343,0.022064655172413798,0.022109482758620694,0.022169181034482763,0.022195689655172414,0.022227801724137932,0.02226314655172414,0.022312068965517243,0.022351724137931038,0.022398275862068967,0.022401508620689656,0.022452155172413793]},"cell_dimension":{"value":0.0464,"unit":"cm2"},"sweep_direction":{"unit":"","value":"Forward"},"key":"forward 84 20H 4RPM 10S_20230315"},{"sample_area":{"value":0.0464,"unit":"cm2"},"irradiance":{"value":1,"unit":""},"pre_sweep_delay":{"value":0.5,"unit":""},"bias_direction":{"value":0,"unit":""},"max_reverse_bias":{"value":-0.2,"unit":""},"max_forward_bias":{"value":1.3,"unit":""},"num_sweep_points":{"value":31,"unit":""},"dwell_time":{"value":0,"unit":""},"current_limit":{"value":100,"unit":""},"pviv_10a_i_amp":{"value":0,"unit":""},"average":{"value":1,"unit":""},"dark_current":{"value":0,"unit":""},"rshunt_v_lo":{"value":-0.2,"unit":""},"rshunt_v_hi":{"value":0.2,"unit":""},"voc":{"value":1.09630109,"unit":"V"},"isc":{"value":0.00104736,"unit":"A"},"jsc":{"value":22.57236011,"unit":"mA\/cm2"},"imax":{"value":0.00092732,"unit":"A"},"vmax":{"value":0.89058259,"unit":"V"},"pmax":{"value":0.82585255,"unit":"mW"},"fill_factor":{"value":71.9246,"unit":"%"},"efficiency":{"value":17.7985,"unit":"%"},"r_at_voc":{"value":118.781994,"unit":""},"r_at_isc":{"value":30103.007,"unit":""},"power":{"value":0.00103438,"unit":"W"},"rshunt":{"value":"NaN","unit":"ohm"},"cell_temp_start":{"value":"NaN","unit":""},"cell_temp_end":{"value":"NaN","unit":""},"exposure":{"value":3.652,"unit":""},"time":{"value":"15:22:37","unit":""},"date":{"value":"03\/15\/2023","unit":""},"V":{"value":[1.3,1.25,1.2,1.15,1.1,1.05,1,0.95,0.9,0.85,0.8,0.75,0.7,0.65,0.6,0.55,0.5,0.45,0.4,0.35,0.3,0.25,0.2,0.15,0.1,0.05,0,-0.05,-0.1,-0.15,-0.2],"unit":"V"},"I":{"value":[-0.0033971,-0.00229864,-0.00135425,-0.00060555,-3.114e-5,0.0003898,0.00067148,0.00083168,0.00091685,0.00095997,0.00098349,0.00099624,0.00100659,0.00101294,0.00101697,0.00102228,0.0010261,0.00102865,0.00103106,0.001034,0.00103623,0.00103849,0.00104097,0.00104254,0.00104475,0.00104659,0.00104851,0.00104989,0.00104983,0.00105151,0.00105335],"unit":"A"},"J":{"unit":"A\/cm2","value":[-0.07321336206896553,-0.04953965517241379,-0.029186422413793104,-0.013050646551724138,-0.0006711206896551724,0.008400862068965518,0.014471551724137933,0.017924137931034485,0.01975969827586207,0.020689008620689658,0.021195905172413796,0.021470689655172414,0.02169375,0.02183060344827586,0.021917456896551727,0.022031896551724137,0.022114224137931036,0.022169181034482763,0.022221120689655177,0.022284482758620692,0.022332543103448278,0.022381250000000002,0.022434698275862072,0.022468534482758623,0.022516163793103453,0.022555818965517244,0.022597198275862068,0.022626939655172415,0.02262564655172414,0.022661853448275864,0.022701508620689658]},"cell_dimension":{"value":0.0464,"unit":"cm2"},"sweep_direction":{"unit":"","value":"Forward"},"key":"forward 83 20H 4RPM 10S_20230315"},{"sample_area":{"value":0.0464,"unit":"cm2"},"irradiance":{"value":1,"unit":""},"pre_sweep_delay":{"value":0.5,"unit":""},"bias_direction":{"value":0,"unit":""},"max_reverse_bias":{"value":-0.2,"unit":""},"max_forward_bias":{"value":1.3,"unit":""},"num_sweep_points":{"value":31,"unit":""},"dwell_time":{"value":0,"unit":""},"current_limit":{"value":100,"unit":""},"pviv_10a_i_amp":{"value":0,"unit":""},"average":{"value":1,"unit":""},"dark_current":{"value":0,"unit":""},"rshunt_v_lo":{"value":-0.2,"unit":""},"rshunt_v_hi":{"value":0.2,"unit":""},"voc":{"value":1.10881386,"unit":"V"},"isc":{"value":0.00106382,"unit":"A"},"jsc":{"value":22.92720611,"unit":"mA\/cm2"},"imax":{"value":0.00094435,"unit":"A"},"vmax":{"value":0.90084448,"unit":"V"},"pmax":{"value":0.85071633,"unit":"mW"},"fill_factor":{"value":72.1202,"unit":"%"},"efficiency":{"value":18.3344,"unit":"%"},"r_at_voc":{"value":78.884137,"unit":""},"r_at_isc":{"value":28529.93,"unit":""},"power":{"value":0.00106412,"unit":"W"},"rshunt":{"value":"NaN","unit":"ohm"},"cell_temp_start":{"value":"NaN","unit":""},"cell_temp_end":{"value":"NaN","unit":""},"exposure":{"value":3.349,"unit":""},"time":{"value":"15:22:13","unit":""},"date":{"value":"03\/15\/2023","unit":""},"V":{"value":[1.3,1.25,1.2,1.15,1.1,1.05,1,0.95,0.9,0.85,0.8,0.75,0.7,0.65,0.6,0.55,0.5,0.45,0.4,0.35,0.3,0.25,0.2,0.15,0.1,0.05,0,-0.05,-0.1,-0.15,-0.2],"unit":"V"},"I":{"value":[-0.00369382,-0.00239926,-0.00133049,-0.00052211,0.00011173,0.00049289,0.00073737,0.00086809,0.00094523,0.00098027,0.00100044,0.00101303,0.00102227,0.00102834,0.00103258,0.00103694,0.00104174,0.00104413,0.00104697,0.0010491,0.0010533,0.00105523,0.00105699,0.00105824,0.00106,0.00106174,0.00106341,0.00106692,0.00106799,0.00106833,0.00107063],"unit":"A"},"J":{"unit":"A\/cm2","value":[-0.07960818965517243,-0.05170818965517241,-0.028674353448275864,-0.011252370689655173,0.002407974137931035,0.010622629310344828,0.015891594827586206,0.01870883620689655,0.020371336206896552,0.021126508620689658,0.021561206896551725,0.021832543103448277,0.02203168103448276,0.0221625,0.022253879310344827,0.02234784482758621,0.02245129310344828,0.022502801724137936,0.022564008620689656,0.02260991379310345,0.02270043103448276,0.02274202586206897,0.022779956896551726,0.02280689655172414,0.022844827586206897,0.0228823275862069,0.022918318965517246,0.022993965517241383,0.02301702586206897,0.023024353448275862,0.023073922413793104]},"cell_dimension":{"value":0.0464,"unit":"cm2"},"sweep_direction":{"unit":"","value":"Forward"},"key":"forward 82 20H 4RPM 10S_20230315"},{"sample_area":{"value":0.0464,"unit":"cm2"},"irradiance":{"value":1,"unit":""},"pre_sweep_delay":{"value":0.5,"unit":""},"bias_direction":{"value":0,"unit":""},"max_reverse_bias":{"value":-0.2,"unit":""},"max_forward_bias":{"value":1.3,"unit":""},"num_sweep_points":{"value":31,"unit":""},"dwell_time":{"value":0,"unit":""},"current_limit":{"value":100,"unit":""},"pviv_10a_i_amp":{"value":0,"unit":""},"average":{"value":1,"unit":""},"dark_current":{"value":0,"unit":""},"rshunt_v_lo":{"value":-0.2,"unit":""},"rshunt_v_hi":{"value":0.2,"unit":""},"voc":{"value":1.11067862,"unit":"V"},"isc":{"value":0.00107706,"unit":"A"},"jsc":{"value":23.21259189,"unit":"mA\/cm2"},"imax":{"value":0.00095434,"unit":"A"},"vmax":{"value":0.9015758,"unit":"V"},"pmax":{"value":0.86041158,"unit":"mW"},"fill_factor":{"value":71.9244,"unit":"%"},"efficiency":{"value":18.5434,"unit":"%"},"r_at_voc":{"value":81.170834,"unit":""},"r_at_isc":{"value":28038.479,"unit":""},"power":{"value":0.00107854,"unit":"W"},"rshunt":{"value":"NaN","unit":"ohm"},"cell_temp_start":{"value":"NaN","unit":""},"cell_temp_end":{"value":"NaN","unit":""},"exposure":{"value":3.353,"unit":""},"time":{"value":"15:21:29","unit":""},"date":{"value":"03\/15\/2023","unit":""},"V":{"value":[1.3,1.25,1.2,1.15,1.1,1.05,1,0.95,0.9,0.85,0.8,0.75,0.7,0.65,0.6,0.55,0.5,0.45,0.4,0.35,0.3,0.25,0.2,0.15,0.1,0.05,0,-0.05,-0.1,-0.15,-0.2],"unit":"V"},"I":{"value":[-0.00374041,-0.00239468,-0.00129553,-0.00048443,0.00013156,0.00051344,0.00075225,0.00088041,0.00095599,0.0009917,0.00101192,0.00102493,0.00103357,0.00103929,0.00104479,0.00104922,0.00105262,0.0010559,0.00105887,0.001062,0.00106546,0.00106732,0.00107012,0.00107222,0.00107439,0.00107572,0.00107751,0.00108008,0.00108027,0.00108159,0.00108341],"unit":"A"},"J":{"unit":"A\/cm2","value":[-0.08061228448275863,-0.0516094827586207,-0.027920905172413794,-0.010440301724137931,0.002835344827586207,0.011065517241379311,0.01621228448275862,0.018974353448275864,0.02060323275862069,0.02137284482758621,0.02180862068965517,0.02208900862068966,0.02227521551724138,0.022398491379310347,0.022517025862068968,0.0226125,0.022685775862068967,0.02275646551724138,0.022820474137931035,0.02288793103448276,0.022962500000000004,0.023002586206896554,0.02306293103448276,0.023108189655172418,0.023154956896551726,0.023183620689655175,0.023222198275862072,0.02327758620689655,0.02328168103448276,0.02331012931034483,0.02334935344827586]},"cell_dimension":{"value":0.0464,"unit":"cm2"},"sweep_direction":{"unit":"","value":"Forward"},"key":"forward 81 20H 4RPM 10S_20230315"},{"sample_area":{"value":0.0464,"unit":"cm2"},"irradiance":{"value":1,"unit":""},"pre_sweep_delay":{"value":0.5,"unit":""},"bias_direction":{"value":0,"unit":""},"max_reverse_bias":{"value":-0.2,"unit":""},"max_forward_bias":{"value":1.3,"unit":""},"num_sweep_points":{"value":31,"unit":""},"dwell_time":{"value":0,"unit":""},"current_limit":{"value":100,"unit":""},"pviv_10a_i_amp":{"value":0,"unit":""},"average":{"value":1,"unit":""},"dark_current":{"value":0,"unit":""},"rshunt_v_lo":{"value":-0.2,"unit":""},"rshunt_v_hi":{"value":0.2,"unit":""},"voc":{"value":1.10459481,"unit":"V"},"isc":{"value":0.00101007,"unit":"A"},"jsc":{"value":21.76883542,"unit":"mA\/cm2"},"imax":{"value":0.00092558,"unit":"A"},"vmax":{"value":0.93358434,"unit":"V"},"pmax":{"value":0.86410505,"unit":"mW"},"fill_factor":{"value":77.448,"unit":"%"},"efficiency":{"value":18.623,"unit":"%"},"r_at_voc":{"value":71.348533,"unit":""},"r_at_isc":{"value":83910.536,"unit":""},"power":{"value":0.00103401,"unit":"W"},"rshunt":{"value":"NaN","unit":"ohm"},"cell_temp_start":{"value":"NaN","unit":""},"cell_temp_end":{"value":"NaN","unit":""},"exposure":{"value":3.406,"unit":""},"time":{"value":"15:20:24","unit":""},"date":{"value":"03\/15\/2023","unit":""},"V":{"value":[1.3,1.25,1.2,1.15,1.1,1.05,1,0.95,0.9,0.85,0.8,0.75,0.7,0.65,0.6,0.55,0.5,0.45,0.4,0.35,0.3,0.25,0.2,0.15,0.1,0.05,0,-0.05,-0.1,-0.15,-0.2],"unit":"V"},"I":{"value":[-0.00433843,-0.00283659,-0.00158864,-0.00063639,6.44e-5,0.00052671,0.00078675,0.00090616,0.0009498,0.00096901,0.00097808,0.00098602,0.00099026,0.0009931,0.00099706,0.00099923,0.00099998,0.00100159,0.00100321,0.00100504,0.00100602,0.00100713,0.00100758,0.00100846,0.00100958,0.00100907,0.00101041,0.00101114,0.00101118,0.00101126,0.00101243],"unit":"A"},"J":{"unit":"A\/cm2","value":[-0.09350064655172415,-0.06113340517241379,-0.03423793103448276,-0.013715301724137933,0.0013879310344827587,0.011351508620689656,0.016955818965517244,0.019529310344827588,0.0204698275862069,0.02088383620689655,0.02107931034482759,0.02125043103448276,0.021341810344827586,0.021403017241379312,0.021488362068965518,0.02153512931034483,0.021551293103448277,0.021585991379310346,0.021620905172413794,0.02166034482758621,0.021681465517241382,0.021705387931034482,0.021715086206896557,0.021734051724137934,0.021758189655172414,0.021747198275862068,0.021776077586206897,0.02179181034482759,0.021792672413793103,0.02179439655172414,0.021819612068965516]},"cell_dimension":{"value":0.0464,"unit":"cm2"},"sweep_direction":{"unit":"","value":"Forward"},"key":"forward 74 20H 4RPM 10S_20230315"},{"sample_area":{"value":0.0464,"unit":"cm2"},"irradiance":{"value":1,"unit":""},"pre_sweep_delay":{"value":0.5,"unit":""},"bias_direction":{"value":0,"unit":""},"max_reverse_bias":{"value":-0.2,"unit":""},"max_forward_bias":{"value":1.3,"unit":""},"num_sweep_points":{"value":31,"unit":""},"dwell_time":{"value":0,"unit":""},"current_limit":{"value":100,"unit":""},"pviv_10a_i_amp":{"value":0,"unit":""},"average":{"value":1,"unit":""},"dark_current":{"value":0,"unit":""},"rshunt_v_lo":{"value":-0.2,"unit":""},"rshunt_v_hi":{"value":0.2,"unit":""},"voc":{"value":1.06894813,"unit":"V"},"isc":{"value":0.00098667,"unit":"A"},"jsc":{"value":21.26448873,"unit":"mA\/cm2"},"imax":{"value":0.00078009,"unit":"A"},"vmax":{"value":0.86839265,"unit":"V"},"pmax":{"value":0.67742738,"unit":"mW"},"fill_factor":{"value":64.2293,"unit":"%"},"efficiency":{"value":14.5997,"unit":"%"},"r_at_voc":{"value":97.44203,"unit":""},"r_at_isc":{"value":14935.688,"unit":""},"power":{"value":0.00091383,"unit":"W"},"rshunt":{"value":"NaN","unit":"ohm"},"cell_temp_start":{"value":"NaN","unit":""},"cell_temp_end":{"value":"NaN","unit":""},"exposure":{"value":3.229,"unit":""},"time":{"value":"15:20:02","unit":""},"date":{"value":"03\/15\/2023","unit":""},"V":{"value":[1.3,1.25,1.2,1.15,1.1,1.05,1,0.95,0.9,0.85,0.8,0.75,0.7,0.65,0.6,0.55,0.5,0.45,0.4,0.35,0.3,0.25,0.2,0.15,0.1,0.05,0,-0.05,-0.1,-0.15,-0.2],"unit":"V"},"I":{"value":[-0.00445911,-0.0031177,-0.00196954,-0.00102919,-0.00031867,0.00019446,0.0005026,0.00066483,0.00074725,0.00079551,0.00082963,0.00085653,0.00087857,0.00089635,0.00091179,0.00092434,0.00093517,0.00094434,0.00095237,0.0009589,0.0009646,0.0009697,0.00097389,0.00097773,0.00098124,0.00098392,0.00098649,0.00099036,0.00099293,0.00099608,0.00099962],"unit":"A"},"J":{"unit":"A\/cm2","value":[-0.09610150862068965,-0.06719181034482759,-0.042446982758620695,-0.02218081896551724,-0.0068678879310344835,0.004190948275862069,0.010831896551724137,0.014328232758620692,0.016104525862068966,0.01714461206896552,0.017879956896551728,0.01845969827586207,0.01893469827586207,0.019317887931034484,0.01965064655172414,0.019921120689655174,0.020154525862068968,0.020352155172413795,0.02052521551724138,0.020665948275862073,0.020788793103448278,0.020898706896551725,0.020989008620689656,0.02107176724137931,0.021147413793103448,0.02120517241379311,0.021260560344827588,0.02134396551724138,0.021399353448275864,0.02146724137931035,0.02154353448275862]},"cell_dimension":{"value":0.0464,"unit":"cm2"},"sweep_direction":{"unit":"","value":"Forward"},"key":"forward 73 20H 4RPM 10S_20230315"},{"sample_area":{"value":0.0464,"unit":"cm2"},"irradiance":{"value":1,"unit":""},"pre_sweep_delay":{"value":0.5,"unit":""},"bias_direction":{"value":0,"unit":""},"max_reverse_bias":{"value":-0.2,"unit":""},"max_forward_bias":{"value":1.3,"unit":""},"num_sweep_points":{"value":31,"unit":""},"dwell_time":{"value":0,"unit":""},"current_limit":{"value":100,"unit":""},"pviv_10a_i_amp":{"value":0,"unit":""},"average":{"value":1,"unit":""},"dark_current":{"value":0,"unit":""},"rshunt_v_lo":{"value":-0.2,"unit":""},"rshunt_v_hi":{"value":0.2,"unit":""},"voc":{"value":1.02771879,"unit":"V"},"isc":{"value":0.00094551,"unit":"A"},"jsc":{"value":20.37728448,"unit":"mA\/cm2"},"imax":{"value":0.00069716,"unit":"A"},"vmax":{"value":0.77480181,"unit":"V"},"pmax":{"value":0.54015866,"unit":"mW"},"fill_factor":{"value":55.5882,"unit":"%"},"efficiency":{"value":11.6414,"unit":"%"},"r_at_voc":{"value":130.060593,"unit":""},"r_at_isc":{"value":8727.374,"unit":""},"power":{"value":0.00079309,"unit":"W"},"rshunt":{"value":"NaN","unit":"ohm"},"cell_temp_start":{"value":"NaN","unit":""},"cell_temp_end":{"value":"NaN","unit":""},"exposure":{"value":3.23,"unit":""},"time":{"value":"15:19:46","unit":""},"date":{"value":"03\/15\/2023","unit":""},"V":{"value":[1.3,1.25,1.2,1.15,1.1,1.05,1,0.95,0.9,0.85,0.8,0.75,0.7,0.65,0.6,0.55,0.5,0.45,0.4,0.35,0.3,0.25,0.2,0.15,0.1,0.05,0,-0.05,-0.1,-0.15,-0.2],"unit":"V"},"I":{"value":[-0.00548135,-0.00402558,-0.00272571,-0.00164112,-0.00078629,-0.00017131,0.00021312,0.00042368,0.00054154,0.00061711,0.0006733,0.00071844,0.00075559,0.0007862,0.00081178,0.00083404,0.00085315,0.00087048,0.0008848,0.0008968,0.00090684,0.00091628,0.00092384,0.00093101,0.00093675,0.00094127,0.00094656,0.00094986,0.00095532,0.00096141,0.00096839],"unit":"A"},"J":{"unit":"A\/cm2","value":[-0.11813254310344828,-0.08675818965517242,-0.058743750000000004,-0.035368965517241384,-0.016945905172413796,-0.003692025862068966,0.004593103448275862,0.009131034482758621,0.011671120689655173,0.013299784482758622,0.014510775862068968,0.015483620689655173,0.01628426724137931,0.01694396551724138,0.017495258620689656,0.017975,0.018386853448275862,0.018760344827586206,0.019068965517241382,0.019327586206896553,0.01954396551724138,0.01974741379310345,0.019910344827586208,0.020064870689655175,0.020188577586206898,0.020285991379310347,0.0204,0.020471120689655172,0.020588793103448275,0.020720043103448278,0.020870474137931035]},"cell_dimension":{"value":0.0464,"unit":"cm2"},"sweep_direction":{"unit":"","value":"Forward"},"key":"forward 72 20H 4RPM 10S_20230315"},{"sample_area":{"value":0.0464,"unit":"cm2"},"irradiance":{"value":1,"unit":""},"pre_sweep_delay":{"value":0.5,"unit":""},"bias_direction":{"value":0,"unit":""},"max_reverse_bias":{"value":-0.2,"unit":""},"max_forward_bias":{"value":1.3,"unit":""},"num_sweep_points":{"value":31,"unit":""},"dwell_time":{"value":0,"unit":""},"current_limit":{"value":100,"unit":""},"pviv_10a_i_amp":{"value":0,"unit":""},"average":{"value":1,"unit":""},"dark_current":{"value":0,"unit":""},"rshunt_v_lo":{"value":-0.2,"unit":""},"rshunt_v_hi":{"value":0.2,"unit":""},"voc":{"value":1.09439988,"unit":"V"},"isc":{"value":0.00100161,"unit":"A"},"jsc":{"value":21.58650349,"unit":"mA\/cm2"},"imax":{"value":0.0008643,"unit":"A"},"vmax":{"value":0.90737181,"unit":"V"},"pmax":{"value":0.78423857,"unit":"mW"},"fill_factor":{"value":71.5438,"unit":"%"},"efficiency":{"value":16.9017,"unit":"%"},"r_at_voc":{"value":109.801494,"unit":""},"r_at_isc":{"value":35540.552,"unit":""},"power":{"value":0.00098846,"unit":"W"},"rshunt":{"value":"NaN","unit":"ohm"},"cell_temp_start":{"value":"NaN","unit":""},"cell_temp_end":{"value":"NaN","unit":""},"exposure":{"value":3.403,"unit":""},"time":{"value":"15:19:26","unit":""},"date":{"value":"03\/15\/2023","unit":""},"V":{"value":[1.3,1.25,1.2,1.15,1.1,1.05,1,0.95,0.9,0.85,0.8,0.75,0.7,0.65,0.6,0.55,0.5,0.45,0.4,0.35,0.3,0.25,0.2,0.15,0.1,0.05,0,-0.05,-0.1,-0.15,-0.2],"unit":"V"},"I":{"value":[-0.00403911,-0.00266883,-0.0015231,-0.00067645,-5.1e-5,0.00040437,0.00067885,0.00080693,0.00087094,0.00090214,0.00092427,0.00093911,0.00094952,0.00095807,0.00096685,0.0009725,0.00097775,0.00098274,0.00098668,0.00098899,0.00099139,0.00099399,0.00099703,0.00099793,0.00099993,0.00100062,0.00100245,0.00100321,0.00100412,0.0010047,0.0010069],"unit":"A"},"J":{"unit":"A\/cm2","value":[-0.08704978448275863,-0.05751788793103449,-0.032825431034482766,-0.01457866379310345,-0.0010991379310344828,0.008714870689655173,0.014630387931034486,0.01739073275862069,0.018770258620689654,0.019442672413793105,0.01991961206896552,0.020239439655172418,0.02046379310344828,0.020648060344827586,0.020837284482758622,0.020959051724137933,0.021072198275862073,0.021179741379310345,0.021264655172413795,0.021314439655172414,0.021366163793103448,0.02142219827586207,0.021487715517241383,0.02150711206896552,0.02155021551724138,0.021565086206896553,0.021604525862068968,0.021620905172413794,0.021640517241379314,0.021653017241379312,0.02170043103448276]},"cell_dimension":{"value":0.0464,"unit":"cm2"},"sweep_direction":{"unit":"","value":"Forward"},"key":"forward 71 20H 4RPM 10S_20230315"}]}}