{"_id":"655ac1a0a4d59d307a7a8bc9","id":"JBNU-SC-00310","author":98,"group":10,"input":[{"tco":{"unit":"","value":"ITO"}},{"htl":[{"material":{"unit":"","value":"NiO_Sputter"},"concentration":{"unit":"","value":"None"},"conc_unit":{"unit":"","value":"None"},"quantity":{"unit":"ml","value":"None"}}],"solvent":[{"material":{"unit":"","value":"None"},"volume":{"unit":"ml","value":"None"}},{"material":{"unit":"","value":"None"},"volume":{"unit":"ml","value":"None"}}],"htl_doping":[{"material":{"unit":"","value":"None"},"volume":{"unit":"ul","value":"None"}}],"spin_coating":[{"type":{"unit":"","value":"None"},"rpm":{"unit":"","value":"None"},"time":{"unit":"s","value":"None"}}],"vacuum_suction":[{"unit":"s","value":"None"}],"annealing":[{"temperature":{"unit":"oC","value":"300"},"time":{"unit":"m","value":"30"}}],"module":[{"type":{"unit":"","value":"None"},"gap":{"unit":"um","value":"None"},"coating_speed":{"unit":"mm\/s","value":"None"},"feeding_amount":{"unit":"ul","value":"None"}}],"thermal_evaporation":[{"vacuum_evaporation_thickness":{"unit":"nm","value":"None"},"evaporation_rate":{"unit":"\u00c5\/s","value":"None"},"vacuum_pressure":{"unit":"uTorr","value":"None"}}]},{"htl_treatment":[{"material":{"unit":"","value":"MeO-2PACz"},"concentration":{"unit":"","value":"0.33"},"conc_unit":{"unit":"","value":"mg\/ml"},"quantity":{"unit":"ml","value":"1"}}],"solvent":[{"material":{"unit":"","value":"Ethanol"},"volume":{"unit":"ml","value":"1"}},{"material":{"unit":"","value":"None"},"volume":{"unit":"ml","value":"None"}}],"spin_coating":[{"type":{"unit":"","value":"drop&run"},"rpm":{"unit":"","value":"3000"},"time":{"unit":"s","value":"50"}}],"vacuum_suction":[{"unit":"s","value":"None"}],"annealing":[{"temperature":{"unit":"oC","value":"None"},"time":{"unit":"m","value":"None"}}],"module":[{"type":{"unit":"","value":"None"},"gap":{"unit":"um","value":"None"},"coating_speed":{"unit":"mm\/s","value":"None"},"feeding_amount":{"unit":"ul","value":"None"}}],"thermal_evaporation":[{"vacuum_evaporation_thickness":{"unit":"nm","value":"None"},"evaporation_rate":{"unit":"\u00c5\/s","value":"None"},"vacuum_pressure":{"unit":"uTorr","value":"None"}}]},{"perovskite":{"method":{"unit":"","value":"1-step"},"molarity":{"unit":"M","value":"1.45"},"a_site":[{"material":{"unit":"","value":"Cs"},"ratio":{"unit":"","value":"0.175"}},{"material":{"unit":"","value":"FA"},"ratio":{"unit":"","value":"0.825"}}],"b_site":[{"material":{"unit":"","value":"Pb"},"ratio":{"unit":"","value":"1"}},{"material":{"unit":"","value":"None"},"ratio":{"unit":"","value":"0"}}],"x_site":[{"material":{"unit":"","value":"I"},"ratio":{"unit":"","value":"2.55"}},{"material":{"unit":"","value":"Br"},"ratio":{"unit":"","value":"0.45"}}],"solvent":[{"material":{"unit":"","value":"DMF"},"volume":{"unit":"ml","value":"0.8"}},{"material":{"unit":"","value":"DMSO"},"volume":{"unit":"ml","value":"0.2"}}],"additive":[{"material":{"unit":"","value":"DAI"},"solvent":{"unit":"","value":"DMF"},"concentration":{"unit":"","value":"100"},"conc_unit":{"unit":"","value":"mg\/ml"},"quantity":{"unit":"mol%","value":"0.5"}}],"stirring_time":[{"unit":"m","value":"120"}],"antisolvent":[{"material":{"unit":"","value":"None"},"quantity":{"unit":"ul","value":"None"},"dripping_time":{"unit":"s","value":"None"}}],"spin_coating":[{"type":{"unit":"","value":"drop&run"},"rpm":{"unit":"","value":"4000"},"time":{"unit":"s","value":"10"}}],"vacuum_suction":[{"unit":"s","value":"60"}],"annealing":[{"temperature":{"unit":"oC","value":"100"},"time":{"unit":"m","value":"30"}}],"atmosphere":[{"type":{"unit":"","value":"N2"},"temperature":{"unit":"oC","value":"28"},"humidity":{"unit":"RH%","value":"0"}}],"assist":[{"type":{"unit":"","value":"None"},"temperature":{"unit":"oC","value":"None"},"assist_start_time":{"value":null,"unit":"s"},"total_assist_time":{"value":"None","unit":"s"}}],"module":[{"type":{"unit":"","value":"None"},"gap":{"unit":"um","value":"None"},"coating_speed":{"unit":"mm\/s","value":"None"},"feeding_amount":{"unit":"ul","value":"None"}}],"thermal_evaporation":[{"vacuum_evaporation_thickness":{"unit":"nm","value":"None"},"evaporation_rate":{"unit":"\u00c5\/s","value":"None"},"vacuum_pressure":{"unit":"uTorr","value":"None"}}]}},{"perovskite_treatment":[{"material":{"unit":"","value":"None"},"concentration":{"unit":"","value":"None"},"conc_unit":{"unit":"","value":"None"},"quantity":{"unit":"ml","value":"None"}}],"solvent":[{"material":{"unit":"","value":"None"},"volume":{"unit":"ml","value":"None"}},{"material":{"unit":"","value":"None"},"volume":{"unit":"ml","value":"None"}}],"spin_coating":[{"type":{"unit":"","value":"None"},"rpm":{"unit":"","value":"None"},"time":{"unit":"s","value":"None"}}],"vacuum_suction":[{"unit":"s","value":"None"}],"annealing":[{"temperature":{"unit":"oC","value":"None"},"time":{"unit":"m","value":"None"}}],"module":[{"type":{"unit":"","value":"None"},"gap":{"unit":"um","value":"None"},"coating_speed":{"unit":"mm\/s","value":"None"},"feeding_amount":{"unit":"ul","value":"None"}}],"thermal_evaporation":[{"vacuum_evaporation_thickness":{"unit":"nm","value":"None"},"evaporation_rate":{"unit":"\u00c5\/s","value":"None"},"vacuum_pressure":{"unit":"uTorr","value":"None"}}]},{"etl":[{"material":{"unit":"","value":"C60"},"concentration":{"unit":"","value":"None"},"conc_unit":{"unit":"","value":"None"},"quantity":{"unit":"ml","value":"None"}}],"solvent":[{"material":{"unit":"","value":"None"},"volume":{"unit":"ml","value":"None"}},{"material":{"unit":"","value":"None"},"volume":{"unit":"ml","value":"None"}}],"spin_coating":[{"type":{"unit":"","value":"None"},"rpm":{"unit":"","value":"None"},"time":{"unit":"s","value":"None"}}],"vacuum_suction":[{"unit":"s","value":"None"}],"annealing":[{"temperature":{"unit":"oC","value":"None"},"time":{"unit":"m","value":"None"}}],"etl_doping":[{"material":{"unit":"","value":"None"},"volume":{"unit":"ul","value":"None"}}],"module":[{"type":{"unit":"","value":"None"},"gap":{"unit":"um","value":"None"},"coating_speed":{"unit":"mm\/s","value":"None"},"feeding_amount":{"unit":"ul","value":"None"}}],"thermal_evaporation":[{"vacuum_evaporation_thickness":{"unit":"nm","value":"30"},"evaporation_rate":{"unit":"\u00c5\/s","value":"0.6"},"vacuum_pressure":{"unit":"uTorr","value":"2x10-6"}}]},{"blocking_buffer_layer":[{"material":{"unit":"","value":"BCP"},"concentration":{"unit":"","value":"None"},"conc_unit":{"unit":"","value":"None"},"quantity":{"unit":"ml","value":"None"}}],"solvent":[{"material":{"unit":"","value":"None"},"volume":{"unit":"ml","value":"None"}},{"material":{"unit":"","value":"None"},"volume":{"unit":"ml","value":"None"}}],"spin_coating":[{"type":{"unit":"","value":"None"},"rpm":{"unit":"","value":"None"},"time":{"unit":"s","value":"None"}}],"vacuum_suction":[{"unit":"s","value":"0"}],"annealing":[{"temperature":{"unit":"oC","value":"None"},"time":{"unit":"m","value":"None"}}],"module":[{"type":{"unit":"","value":"None"},"gap":{"unit":"um","value":"None"},"coating_speed":{"unit":"mm\/s","value":"None"},"feeding_amount":{"unit":"ul","value":"None"}}],"thermal_evaporation":[{"vacuum_evaporation_thickness":{"unit":"nm","value":"6"},"evaporation_rate":{"unit":"\u00c5\/s","value":"0.6"},"vacuum_pressure":{"unit":"uTorr","value":"2x10-6"}}]},{"anode_metal":{"unit":"","value":"Ag"}},{"note":{"unit":"","value":"-"},"ar":{"unit":"","value":"0"},"type":{"unit":"","value":"unit_cell"},"device_type":{"unit":"","value":"p-i-n"},"temperature":{"unit":"\u2103","value":"25"},"humidity":{"unit":"%","value":"40"},"cell_dimension":{"unit":"cm2","value":"0.0464"}}],"fileinfo":[{"key":"FORWARD 114 MeO AN DAI 0.5_20230404","uploadType":"JV","original_name":"FORWARD 114 MeO AN DAI 0.5_20230404-233908.txt","save_name":"JBNU-SC-00310\/FORWARD 114 MeO AN DAI 0.5_20230404","uploader":98,"fileType":""},{"key":"FORWARD 121 MeO AN DAI 0.5_20230404","uploadType":"JV","original_name":"FORWARD 121 MeO AN DAI 0.5_20230404-234011.txt","save_name":"JBNU-SC-00310\/FORWARD 121 MeO AN DAI 0.5_20230404","uploader":98,"fileType":""},{"key":"FORWARD 122 MeO AN DAI 0.5_20230404","uploadType":"JV","original_name":"FORWARD 122 MeO AN DAI 0.5_20230404-234032.txt","save_name":"JBNU-SC-00310\/FORWARD 122 MeO AN DAI 0.5_20230404","uploader":98,"fileType":""},{"key":"FORWARD 123 MeO AN DAI 0.5_20230404","uploadType":"JV","original_name":"FORWARD 123 MeO AN DAI 0.5_20230404-234048.txt","save_name":"JBNU-SC-00310\/FORWARD 123 MeO AN DAI 0.5_20230404","uploader":98,"fileType":""},{"key":"FORWARD 124 MeO AN DAI 0.5_20230404","uploadType":"JV","original_name":"FORWARD 124 MeO AN DAI 0.5_20230404-234110.txt","save_name":"JBNU-SC-00310\/FORWARD 124 MeO AN DAI 0.5_20230404","uploader":98,"fileType":""},{"key":"FORWARD 111 MeO AN DAI 0.5_20230404","uploadType":"JV","original_name":"FORWARD 111 MeO AN DAI 0.5_20230404-233748.txt","save_name":"JBNU-SC-00310\/FORWARD 111 MeO AN DAI 0.5_20230404","uploader":98,"fileType":""},{"key":"FORWARD 112 MeO AN DAI 0.5_20230404","uploadType":"JV","original_name":"FORWARD 112 MeO AN DAI 0.5_20230404-233817.txt","save_name":"JBNU-SC-00310\/FORWARD 112 MeO AN DAI 0.5_20230404","uploader":98,"fileType":""},{"key":"FORWARD 113 MeO AN DAI 0.5_20230404","uploadType":"JV","original_name":"FORWARD 113 MeO AN DAI 0.5_20230404-233841.txt","save_name":"JBNU-SC-00310\/FORWARD 113 MeO AN DAI 0.5_20230404","uploader":98,"fileType":""}],"jvcnt":8,"updated_at":"2024-08-07 02:33:50","created_at":"2023-11-20 02:17:04","analysisInfo":{"JV":[{"efficiency":18.9621,"fill_factor":78.6698,"jsc":21.46183041,"voc":1.12307993,"key":"FORWARD 124 MeO AN DAI 0.5_20230404","cell_dimension":0.0464},{"efficiency":18.5696,"fill_factor":77.5436,"jsc":21.30553646,"voc":1.123993,"key":"FORWARD 123 MeO AN DAI 0.5_20230404","cell_dimension":0.0464},{"efficiency":18.0512,"fill_factor":76.8101,"jsc":20.94956897,"voc":1.12179388,"key":"FORWARD 122 MeO AN DAI 0.5_20230404","cell_dimension":0.0464},{"efficiency":18.7562,"fill_factor":77.3982,"jsc":21.40077535,"voc":1.13235914,"key":"FORWARD 121 MeO AN DAI 0.5_20230404","cell_dimension":0.0464},{"efficiency":19.1911,"fill_factor":79.6173,"jsc":21.3913684,"voc":1.12682065,"key":"FORWARD 114 MeO AN DAI 0.5_20230404","cell_dimension":0.0464},{"efficiency":19.0463,"fill_factor":79.0008,"jsc":21.39159971,"voc":1.12703036,"key":"FORWARD 113 MeO AN DAI 0.5_20230404","cell_dimension":0.0464},{"efficiency":19.1639,"fill_factor":78.6417,"jsc":21.53929534,"voc":1.13135781,"key":"FORWARD 112 MeO AN DAI 0.5_20230404","cell_dimension":0.0464},{"efficiency":18.8189,"fill_factor":78.0039,"jsc":21.4061883,"voc":1.12703767,"key":"FORWARD 111 MeO AN DAI 0.5_20230404","cell_dimension":0.0464}]},"public":2,"analysis":{"JV":[{"sample_area":{"value":0.0464,"unit":"cm2"},"irradiance":{"value":1,"unit":""},"pre_sweep_delay":{"value":1,"unit":""},"bias_direction":{"value":0,"unit":""},"max_reverse_bias":{"value":-0.2,"unit":""},"max_forward_bias":{"value":1.3,"unit":""},"num_sweep_points":{"value":31,"unit":""},"dwell_time":{"value":0,"unit":""},"current_limit":{"value":100,"unit":""},"pviv_10a_i_amp":{"value":0,"unit":""},"average":{"value":1,"unit":""},"dark_current":{"value":0,"unit":""},"rshunt_v_lo":{"value":-0.2,"unit":""},"rshunt_v_hi":{"value":0.2,"unit":""},"voc":{"value":1.12307993,"unit":"V"},"isc":{"value":0.00099583,"unit":"A"},"jsc":{"value":21.46183041,"unit":"mA\/cm2"},"imax":{"value":0.00092738,"unit":"A"},"vmax":{"value":0.94873515,"unit":"V"},"pmax":{"value":0.87983973,"unit":"mW"},"fill_factor":{"value":78.6698,"unit":"%"},"efficiency":{"value":18.9621,"unit":"%"},"r_at_voc":{"value":73.878564,"unit":""},"r_at_isc":{"value":95229.191,"unit":""},"power":{"value":0.00104511,"unit":"W"},"rshunt":{"value":"NaN","unit":"ohm"},"cell_temp_start":{"value":"NaN","unit":""},"cell_temp_end":{"value":"NaN","unit":""},"exposure":{"value":3.727,"unit":""},"time":{"value":"23:41:10","unit":""},"date":{"value":"04\/04\/2023","unit":""},"V":{"value":[1.3,1.25,1.2,1.15,1.1,1.05,1,0.95,0.9,0.85,0.8,0.75,0.7,0.65,0.6,0.55,0.5,0.45,0.4,0.35,0.3,0.25,0.2,0.15,0.1,0.05,0,-0.05,-0.1,-0.15,-0.2],"unit":"V"},"I":{"value":[-0.00413038,-0.00255421,-0.00127433,-0.00036438,0.0003124,0.00066953,0.00084499,0.00092613,0.00095769,0.00096936,0.00097497,0.0009793,0.00098275,0.00098397,0.00098365,0.00098529,0.00098788,0.00098787,0.00098903,0.00099023,0.00099195,0.0009931,0.0009946,0.00099449,0.00099455,0.00099476,0.00099577,0.0009969,0.00099804,0.00099743,0.00099676],"unit":"A"},"J":{"unit":"A\/cm2","value":[-0.0890168103448276,-0.05504762931034483,-0.027464008620689657,-0.007853017241379311,0.006732758620689656,0.014429525862068967,0.018210991379310346,0.01995969827586207,0.020639870689655174,0.020891379310344828,0.021012284482758624,0.021105603448275865,0.021179956896551725,0.021206250000000003,0.02119935344827586,0.02123469827586207,0.02129051724137931,0.021290301724137935,0.021315301724137932,0.021341163793103447,0.021378232758620688,0.021403017241379312,0.02143534482758621,0.021432974137931035,0.021434267241379312,0.021438793103448275,0.021460560344827587,0.02148491379310345,0.02150948275862069,0.021496336206896557,0.02148189655172414]},"cell_dimension":{"value":0.0464,"unit":"cm2"},"sweep_direction":{"unit":"","value":"Forward"},"key":"FORWARD 124 MeO AN DAI 0.5_20230404"},{"sample_area":{"value":0.0464,"unit":"cm2"},"irradiance":{"value":1,"unit":""},"pre_sweep_delay":{"value":1,"unit":""},"bias_direction":{"value":0,"unit":""},"max_reverse_bias":{"value":-0.2,"unit":""},"max_forward_bias":{"value":1.3,"unit":""},"num_sweep_points":{"value":31,"unit":""},"dwell_time":{"value":0,"unit":""},"current_limit":{"value":100,"unit":""},"pviv_10a_i_amp":{"value":0,"unit":""},"average":{"value":1,"unit":""},"dark_current":{"value":0,"unit":""},"rshunt_v_lo":{"value":-0.2,"unit":""},"rshunt_v_hi":{"value":0.2,"unit":""},"voc":{"value":1.123993,"unit":"V"},"isc":{"value":0.00098858,"unit":"A"},"jsc":{"value":21.30553646,"unit":"mA\/cm2"},"imax":{"value":0.0009203,"unit":"A"},"vmax":{"value":0.93624406,"unit":"V"},"pmax":{"value":0.86162874,"unit":"mW"},"fill_factor":{"value":77.5436,"unit":"%"},"efficiency":{"value":18.5696,"unit":"%"},"r_at_voc":{"value":85.76319,"unit":""},"r_at_isc":{"value":75975.141,"unit":""},"power":{"value":0.00103272,"unit":"W"},"rshunt":{"value":"NaN","unit":"ohm"},"cell_temp_start":{"value":"NaN","unit":""},"cell_temp_end":{"value":"NaN","unit":""},"exposure":{"value":3.733,"unit":""},"time":{"value":"23:40:48","unit":""},"date":{"value":"04\/04\/2023","unit":""},"V":{"value":[1.3,1.25,1.2,1.15,1.1,1.05,1,0.95,0.9,0.85,0.8,0.75,0.7,0.65,0.6,0.55,0.5,0.45,0.4,0.35,0.3,0.25,0.2,0.15,0.1,0.05,0,-0.05,-0.1,-0.15,-0.2],"unit":"V"},"I":{"value":[-0.00323709,-0.00204547,-0.00105084,-0.00030324,0.00027976,0.0006237,0.00081253,0.00090508,0.00094643,0.00096216,0.00096849,0.00097445,0.00097688,0.00097794,0.00098021,0.00097999,0.00098041,0.00098129,0.00098221,0.00098305,0.00098346,0.00098531,0.00098635,0.00098621,0.00098759,0.00098885,0.00098955,0.00099001,0.0009895,0.00098943,0.00099084],"unit":"A"},"J":{"unit":"A\/cm2","value":[-0.06976487068965519,-0.0440834051724138,-0.02264741379310345,-0.006535344827586207,0.006029310344827586,0.013441810344827589,0.017511422413793106,0.01950603448275862,0.020397198275862068,0.020736206896551725,0.02087262931034483,0.0210010775862069,0.02105344827586207,0.021076293103448277,0.02112521551724138,0.021120474137931035,0.021129525862068965,0.021148491379310345,0.021168318965517244,0.021186422413793107,0.021195258620689657,0.02123512931034483,0.021257543103448278,0.021254525862068965,0.02128426724137931,0.021311422413793107,0.021326508620689657,0.021336422413793105,0.02132543103448276,0.021323922413793103,0.021354310344827588]},"cell_dimension":{"value":0.0464,"unit":"cm2"},"sweep_direction":{"unit":"","value":"Forward"},"key":"FORWARD 123 MeO AN DAI 0.5_20230404"},{"sample_area":{"value":0.0464,"unit":"cm2"},"irradiance":{"value":1,"unit":""},"pre_sweep_delay":{"value":1,"unit":""},"bias_direction":{"value":0,"unit":""},"max_reverse_bias":{"value":-0.2,"unit":""},"max_forward_bias":{"value":1.3,"unit":""},"num_sweep_points":{"value":31,"unit":""},"dwell_time":{"value":0,"unit":""},"current_limit":{"value":100,"unit":""},"pviv_10a_i_amp":{"value":0,"unit":""},"average":{"value":1,"unit":""},"dark_current":{"value":0,"unit":""},"rshunt_v_lo":{"value":-0.2,"unit":""},"rshunt_v_hi":{"value":0.2,"unit":""},"voc":{"value":1.12179388,"unit":"V"},"isc":{"value":0.00097206,"unit":"A"},"jsc":{"value":20.94956897,"unit":"mA\/cm2"},"imax":{"value":0.00089159,"unit":"A"},"vmax":{"value":0.93942307,"unit":"V"},"pmax":{"value":0.83757693,"unit":"mW"},"fill_factor":{"value":76.8101,"unit":"%"},"efficiency":{"value":18.0512,"unit":"%"},"r_at_voc":{"value":81.178267,"unit":""},"r_at_isc":{"value":68483.769,"unit":""},"power":{"value":0.00101083,"unit":"W"},"rshunt":{"value":"NaN","unit":"ohm"},"cell_temp_start":{"value":"NaN","unit":""},"cell_temp_end":{"value":"NaN","unit":""},"exposure":{"value":3.729,"unit":""},"time":{"value":"23:40:32","unit":""},"date":{"value":"04\/04\/2023","unit":""},"V":{"value":[1.3,1.25,1.2,1.15,1.1,1.05,1,0.95,0.9,0.85,0.8,0.75,0.7,0.65,0.6,0.55,0.5,0.45,0.4,0.35,0.3,0.25,0.2,0.15,0.1,0.05,0,-0.05,-0.1,-0.15,-0.2],"unit":"V"},"I":{"value":[-0.00342299,-0.00217557,-0.00112802,-0.00034746,0.00026847,0.00061754,0.00079646,0.00088061,0.00091845,0.00093338,0.00094228,0.00094896,0.00095383,0.00095688,0.00095831,0.0009609,0.00096136,0.00096238,0.00096443,0.0009651,0.00096677,0.00096814,0.00096965,0.0009699,0.0009711,0.00097126,0.00097252,0.00097389,0.00097392,0.00097285,0.00097463],"unit":"A"},"J":{"unit":"A\/cm2","value":[-0.07377133620689655,-0.04688728448275862,-0.024310775862068968,-0.007488362068965518,0.005785991379310345,0.01330905172413793,0.017165086206896555,0.01897866379310345,0.01979418103448276,0.02011594827586207,0.020307758620689655,0.020451724137931036,0.02055668103448276,0.02062241379310345,0.02065323275862069,0.020709051724137933,0.02071896551724138,0.02074094827586207,0.02078512931034483,0.020799568965517243,0.02083556034482759,0.020865086206896553,0.020897629310344827,0.020903017241379312,0.02092887931034483,0.0209323275862069,0.020959482758620692,0.020989008620689656,0.020989655172413794,0.02096659482758621,0.021004956896551727]},"cell_dimension":{"value":0.0464,"unit":"cm2"},"sweep_direction":{"unit":"","value":"Forward"},"key":"FORWARD 122 MeO AN DAI 0.5_20230404"},{"sample_area":{"value":0.0464,"unit":"cm2"},"irradiance":{"value":1,"unit":""},"pre_sweep_delay":{"value":1,"unit":""},"bias_direction":{"value":0,"unit":""},"max_reverse_bias":{"value":-0.2,"unit":""},"max_forward_bias":{"value":1.3,"unit":""},"num_sweep_points":{"value":31,"unit":""},"dwell_time":{"value":0,"unit":""},"current_limit":{"value":100,"unit":""},"pviv_10a_i_amp":{"value":0,"unit":""},"average":{"value":1,"unit":""},"dark_current":{"value":0,"unit":""},"rshunt_v_lo":{"value":-0.2,"unit":""},"rshunt_v_hi":{"value":0.2,"unit":""},"voc":{"value":1.13235914,"unit":"V"},"isc":{"value":0.000993,"unit":"A"},"jsc":{"value":21.40077535,"unit":"mA\/cm2"},"imax":{"value":0.00092041,"unit":"A"},"vmax":{"value":0.94554052,"unit":"V"},"pmax":{"value":0.87028721,"unit":"mW"},"fill_factor":{"value":77.3982,"unit":"%"},"efficiency":{"value":18.7562,"unit":"%"},"r_at_voc":{"value":96.10027,"unit":""},"r_at_isc":{"value":55012.983,"unit":""},"power":{"value":0.00104188,"unit":"W"},"rshunt":{"value":"NaN","unit":"ohm"},"cell_temp_start":{"value":"NaN","unit":""},"cell_temp_end":{"value":"NaN","unit":""},"exposure":{"value":3.731,"unit":""},"time":{"value":"23:40:11","unit":""},"date":{"value":"04\/04\/2023","unit":""},"V":{"value":[1.3,1.25,1.2,1.15,1.1,1.05,1,0.95,0.9,0.85,0.8,0.75,0.7,0.65,0.6,0.55,0.5,0.45,0.4,0.35,0.3,0.25,0.2,0.15,0.1,0.05,0,-0.05,-0.1,-0.15,-0.2],"unit":"V"},"I":{"value":[-0.00318835,-0.00194893,-0.0009924,-0.00018357,0.00033672,0.00065582,0.00083404,0.00091589,0.00095032,0.00096396,0.00097123,0.00097397,0.00097674,0.00097863,0.00098144,0.00098254,0.00098364,0.00098472,0.00098584,0.00098666,0.00098823,0.00098904,0.00098929,0.00098945,0.00099043,0.00099179,0.00099307,0.00099446,0.00099376,0.00099599,0.00099745],"unit":"A"},"J":{"unit":"A\/cm2","value":[-0.06871443965517242,-0.042002801724137936,-0.021387931034482763,-0.0039562500000000006,0.007256896551724138,0.014134051724137932,0.017975,0.019739008620689658,0.020481034482758623,0.020775000000000002,0.02093168103448276,0.020990732758620692,0.021050431034482762,0.02109116379310345,0.02115172413793104,0.021175431034482762,0.021199137931034485,0.021222413793103446,0.021246551724137933,0.021264224137931036,0.02129806034482759,0.02131551724137931,0.021320905172413796,0.021324353448275865,0.021345474137931038,0.021374784482758622,0.021402370689655174,0.021432327586206897,0.021417241379310347,0.021465301724137933,0.021496767241379312]},"cell_dimension":{"value":0.0464,"unit":"cm2"},"sweep_direction":{"unit":"","value":"Forward"},"key":"FORWARD 121 MeO AN DAI 0.5_20230404"},{"sample_area":{"value":0.0464,"unit":"cm2"},"irradiance":{"value":1,"unit":""},"pre_sweep_delay":{"value":1,"unit":""},"bias_direction":{"value":0,"unit":""},"max_reverse_bias":{"value":-0.2,"unit":""},"max_forward_bias":{"value":1.3,"unit":""},"num_sweep_points":{"value":31,"unit":""},"dwell_time":{"value":0,"unit":""},"current_limit":{"value":100,"unit":""},"pviv_10a_i_amp":{"value":0,"unit":""},"average":{"value":1,"unit":""},"dark_current":{"value":0,"unit":""},"rshunt_v_lo":{"value":-0.2,"unit":""},"rshunt_v_hi":{"value":0.2,"unit":""},"voc":{"value":1.12682065,"unit":"V"},"isc":{"value":0.00099256,"unit":"A"},"jsc":{"value":21.3913684,"unit":"mA\/cm2"},"imax":{"value":0.00092651,"unit":"A"},"vmax":{"value":0.96110482,"unit":"V"},"pmax":{"value":0.89046849,"unit":"mW"},"fill_factor":{"value":79.6173,"unit":"%"},"efficiency":{"value":19.1911,"unit":"%"},"r_at_voc":{"value":74.167646,"unit":""},"r_at_isc":{"value":67056.57,"unit":""},"power":{"value":0.00104899,"unit":"W"},"rshunt":{"value":"NaN","unit":"ohm"},"cell_temp_start":{"value":"NaN","unit":""},"cell_temp_end":{"value":"NaN","unit":""},"exposure":{"value":3.734,"unit":""},"time":{"value":"23:39:08","unit":""},"date":{"value":"04\/04\/2023","unit":""},"V":{"value":[1.3,1.25,1.2,1.15,1.1,1.05,1,0.95,0.9,0.85,0.8,0.75,0.7,0.65,0.6,0.55,0.5,0.45,0.4,0.35,0.3,0.25,0.2,0.15,0.1,0.05,0,-0.05,-0.1,-0.15,-0.2],"unit":"V"},"I":{"value":[-0.00402317,-0.00247987,-0.00121394,-0.00031253,0.00036162,0.00070216,0.00087058,0.00093607,0.0009596,0.00096942,0.00097539,0.00097866,0.00097978,0.00098212,0.00098352,0.00098402,0.00098578,0.00098568,0.00098649,0.00098725,0.00098852,0.00098921,0.00098903,0.00098982,0.00099082,0.00099198,0.00099206,0.00099364,0.00099487,0.00099498,0.00099503],"unit":"A"},"J":{"unit":"A\/cm2","value":[-0.08670625000000001,-0.053445474137931034,-0.0261625,-0.0067355603448275864,0.007793534482758621,0.015132758620689656,0.0187625,0.020173922413793104,0.020681034482758622,0.020892672413793105,0.021021336206896554,0.021091810344827586,0.02111594827586207,0.02116637931034483,0.021196551724137935,0.021207327586206897,0.021245258620689655,0.021243103448275864,0.021260560344827588,0.021276939655172418,0.021304310344827587,0.02131918103448276,0.021315301724137932,0.021332327586206897,0.021353879310344825,0.021378879310344826,0.021380603448275862,0.021414655172413796,0.021441163793103447,0.02144353448275862,0.02144461206896552]},"cell_dimension":{"value":0.0464,"unit":"cm2"},"sweep_direction":{"unit":"","value":"Forward"},"key":"FORWARD 114 MeO AN DAI 0.5_20230404"},{"sample_area":{"value":0.0464,"unit":"cm2"},"irradiance":{"value":1,"unit":""},"pre_sweep_delay":{"value":1,"unit":""},"bias_direction":{"value":0,"unit":""},"max_reverse_bias":{"value":-0.2,"unit":""},"max_forward_bias":{"value":1.3,"unit":""},"num_sweep_points":{"value":31,"unit":""},"dwell_time":{"value":0,"unit":""},"current_limit":{"value":100,"unit":""},"pviv_10a_i_amp":{"value":0,"unit":""},"average":{"value":1,"unit":""},"dark_current":{"value":0,"unit":""},"rshunt_v_lo":{"value":-0.2,"unit":""},"rshunt_v_hi":{"value":0.2,"unit":""},"voc":{"value":1.12703036,"unit":"V"},"isc":{"value":0.00099257,"unit":"A"},"jsc":{"value":21.39159971,"unit":"mA\/cm2"},"imax":{"value":0.00092933,"unit":"A"},"vmax":{"value":0.95095022,"unit":"V"},"pmax":{"value":0.88374774,"unit":"mW"},"fill_factor":{"value":79.0008,"unit":"%"},"efficiency":{"value":19.0463,"unit":"%"},"r_at_voc":{"value":82.477437,"unit":""},"r_at_isc":{"value":56501.876,"unit":""},"power":{"value":0.00104544,"unit":"W"},"rshunt":{"value":"NaN","unit":"ohm"},"cell_temp_start":{"value":"NaN","unit":""},"cell_temp_end":{"value":"NaN","unit":""},"exposure":{"value":3.726,"unit":""},"time":{"value":"23:38:41","unit":""},"date":{"value":"04\/04\/2023","unit":""},"V":{"value":[1.3,1.25,1.2,1.15,1.1,1.05,1,0.95,0.9,0.85,0.8,0.75,0.7,0.65,0.6,0.55,0.5,0.45,0.4,0.35,0.3,0.25,0.2,0.15,0.1,0.05,0,-0.05,-0.1,-0.15,-0.2],"unit":"V"},"I":{"value":[-0.00324304,-0.00204788,-0.00103361,-0.0002785,0.00032773,0.00067494,0.00085316,0.00093025,0.00096082,0.00097211,0.00097577,0.00097951,0.00098232,0.0009823,0.00098454,0.0009852,0.00098516,0.00098502,0.000986,0.00098578,0.00098798,0.00098763,0.00098901,0.00098935,0.00099109,0.00099232,0.00099205,0.00099305,0.0009945,0.00099485,0.0009967],"unit":"A"},"J":{"unit":"A\/cm2","value":[-0.06989310344827587,-0.044135344827586215,-0.022276077586206897,-0.006002155172413794,0.007063146551724138,0.014546120689655172,0.018387068965517242,0.020048491379310345,0.0207073275862069,0.02095064655172414,0.02102952586206897,0.02111012931034483,0.021170689655172416,0.021170258620689657,0.02121853448275862,0.02123275862068966,0.02123189655172414,0.021228879310344832,0.021249999999999998,0.021245258620689655,0.021292672413793106,0.02128512931034483,0.021314870689655173,0.02132219827586207,0.021359698275862073,0.021386206896551727,0.021380387931034483,0.021401939655172418,0.021433189655172415,0.02144073275862069,0.021480603448275865]},"cell_dimension":{"value":0.0464,"unit":"cm2"},"sweep_direction":{"unit":"","value":"Forward"},"key":"FORWARD 113 MeO AN DAI 0.5_20230404"},{"sample_area":{"value":0.0464,"unit":"cm2"},"irradiance":{"value":1,"unit":""},"pre_sweep_delay":{"value":1,"unit":""},"bias_direction":{"value":0,"unit":""},"max_reverse_bias":{"value":-0.2,"unit":""},"max_forward_bias":{"value":1.3,"unit":""},"num_sweep_points":{"value":31,"unit":""},"dwell_time":{"value":0,"unit":""},"current_limit":{"value":100,"unit":""},"pviv_10a_i_amp":{"value":0,"unit":""},"average":{"value":1,"unit":""},"dark_current":{"value":0,"unit":""},"rshunt_v_lo":{"value":-0.2,"unit":""},"rshunt_v_hi":{"value":0.2,"unit":""},"voc":{"value":1.13135781,"unit":"V"},"isc":{"value":0.00099942,"unit":"A"},"jsc":{"value":21.53929534,"unit":"mA\/cm2"},"imax":{"value":0.00093659,"unit":"A"},"vmax":{"value":0.9494066,"unit":"V"},"pmax":{"value":0.88920623,"unit":"mW"},"fill_factor":{"value":78.6417,"unit":"%"},"efficiency":{"value":19.1639,"unit":"%"},"r_at_voc":{"value":90.341451,"unit":""},"r_at_isc":{"value":81500.317,"unit":""},"power":{"value":0.0010545,"unit":"W"},"rshunt":{"value":"NaN","unit":"ohm"},"cell_temp_start":{"value":"NaN","unit":""},"cell_temp_end":{"value":"NaN","unit":""},"exposure":{"value":3.739,"unit":""},"time":{"value":"23:38:17","unit":""},"date":{"value":"04\/04\/2023","unit":""},"V":{"value":[1.3,1.25,1.2,1.15,1.1,1.05,1,0.95,0.9,0.85,0.8,0.75,0.7,0.65,0.6,0.55,0.5,0.45,0.4,0.35,0.3,0.25,0.2,0.15,0.1,0.05,0,-0.05,-0.1,-0.15,-0.2],"unit":"V"},"I":{"value":[-0.00331706,-0.00203053,-0.00102753,-0.00020635,0.0003471,0.00067982,0.00085666,0.000936,0.00096744,0.00097821,0.00098401,0.00098625,0.00098946,0.00099034,0.00099019,0.00099063,0.00099354,0.00099336,0.0009939,0.00099473,0.00099643,0.00099597,0.00099691,0.00099721,0.00099848,0.00099842,0.00099925,0.0009998,0.00100118,0.00100157,0.00100168],"unit":"A"},"J":{"unit":"A\/cm2","value":[-0.07148836206896553,-0.043761422413793105,-0.022145043103448277,-0.00444719827586207,0.007480603448275862,0.014651293103448277,0.0184625,0.020172413793103448,0.02085,0.021082112068965517,0.021207112068965518,0.021255387931034483,0.02132456896551724,0.021343534482758622,0.021340301724137933,0.02134978448275862,0.0214125,0.021408620689655173,0.021420258620689657,0.02143814655172414,0.02147478448275862,0.021464870689655177,0.02148512931034483,0.021491594827586207,0.02151896551724138,0.021517672413793106,0.021535560344827585,0.02154741379310345,0.021577155172413792,0.021585560344827587,0.02158793103448276]},"cell_dimension":{"value":0.0464,"unit":"cm2"},"sweep_direction":{"unit":"","value":"Forward"},"key":"FORWARD 112 MeO AN DAI 0.5_20230404"},{"sample_area":{"value":0.0464,"unit":"cm2"},"irradiance":{"value":1,"unit":""},"pre_sweep_delay":{"value":1,"unit":""},"bias_direction":{"value":0,"unit":""},"max_reverse_bias":{"value":-0.2,"unit":""},"max_forward_bias":{"value":1.3,"unit":""},"num_sweep_points":{"value":31,"unit":""},"dwell_time":{"value":0,"unit":""},"current_limit":{"value":100,"unit":""},"pviv_10a_i_amp":{"value":0,"unit":""},"average":{"value":1,"unit":""},"dark_current":{"value":0,"unit":""},"rshunt_v_lo":{"value":-0.2,"unit":""},"rshunt_v_hi":{"value":0.2,"unit":""},"voc":{"value":1.12703767,"unit":"V"},"isc":{"value":0.00099325,"unit":"A"},"jsc":{"value":21.4061883,"unit":"mA\/cm2"},"imax":{"value":0.0009244,"unit":"A"},"vmax":{"value":0.94461006,"unit":"V"},"pmax":{"value":0.87319625,"unit":"mW"},"fill_factor":{"value":78.0039,"unit":"%"},"efficiency":{"value":18.8189,"unit":"%"},"r_at_voc":{"value":84.60851,"unit":""},"r_at_isc":{"value":67041.204,"unit":""},"power":{"value":0.00104212,"unit":"W"},"rshunt":{"value":"NaN","unit":"ohm"},"cell_temp_start":{"value":"NaN","unit":""},"cell_temp_end":{"value":"NaN","unit":""},"exposure":{"value":3.742,"unit":""},"time":{"value":"23:37:48","unit":""},"date":{"value":"04\/04\/2023","unit":""},"V":{"value":[1.3,1.25,1.2,1.15,1.1,1.05,1,0.95,0.9,0.85,0.8,0.75,0.7,0.65,0.6,0.55,0.5,0.45,0.4,0.35,0.3,0.25,0.2,0.15,0.1,0.05,0,-0.05,-0.1,-0.15,-0.2],"unit":"V"},"I":{"value":[-0.0033639,-0.00206709,-0.00103718,-0.0002714,0.00031956,0.0006544,0.00083704,0.00091887,0.00095379,0.00096608,0.0009733,0.00097687,0.00097991,0.00098105,0.00098406,0.0009845,0.00098506,0.00098674,0.00098653,0.00098759,0.00098885,0.0009892,0.00099008,0.00099087,0.00099228,0.00099265,0.00099304,0.00099447,0.00099488,0.00099527,0.00099593],"unit":"A"},"J":{"unit":"A\/cm2","value":[-0.07249784482758621,-0.04454935344827587,-0.02235301724137931,-0.005849137931034483,0.006887068965517241,0.014103448275862069,0.018039655172413797,0.01980323275862069,0.020555818965517243,0.020820689655172416,0.020976293103448278,0.02105323275862069,0.021118750000000002,0.021143318965517244,0.021208189655172415,0.021217672413793104,0.021229741379310347,0.021265948275862073,0.021261422413793106,0.02128426724137931,0.021311422413793107,0.02131896551724138,0.021337931034482758,0.021354956896551727,0.021385344827586205,0.021393318965517244,0.021401724137931035,0.021432543103448276,0.02144137931034483,0.02144978448275862,0.021464008620689656]},"cell_dimension":{"value":0.0464,"unit":"cm2"},"sweep_direction":{"unit":"","value":"Forward"},"key":"FORWARD 111 MeO AN DAI 0.5_20230404"}]}}