{"_id":"65365cc85d0e997149349d32","id":"JBNU-SC-00215","author":98,"group":10,"input":[{"tco":{"unit":"","value":"ITO"}},{"htl":[{"material":{"unit":"","value":"NiO_Sputter"},"concentration":{"unit":"","value":"None"},"conc_unit":{"unit":"","value":"None"},"quantity":{"unit":"ml","value":"None"}}],"solvent":[{"material":{"unit":"","value":"None"},"volume":{"unit":"ml","value":"None"}},{"material":{"unit":"","value":"None"},"volume":{"unit":"ml","value":"None"}}],"htl_doping":[{"material":{"unit":"","value":"None"},"volume":{"unit":"ul","value":"None"}}],"spin_coating":[{"type":{"unit":"","value":"None"},"rpm":{"unit":"","value":"None"},"time":{"unit":"s","value":"None"}}],"vacuum_suction":[{"unit":"s","value":"None"}],"annealing":[{"temperature":{"unit":"oC","value":"300"},"time":{"unit":"m","value":"30"}}],"module":[{"type":{"unit":"","value":"None"},"gap":{"unit":"um","value":"None"},"coating_speed":{"unit":"mm\/s","value":"None"},"feeding_amount":{"unit":"ul","value":"None"}}],"thermal_evaporation":[{"vacuum_evaporation_thickness":{"unit":"nm","value":"None"},"evaporation_rate":{"unit":"\u00c5\/s","value":"None"},"vacuum_pressure":{"unit":"uTorr","value":"None"}}]},{"htl_treatment":[{"material":{"unit":"","value":"MeO-2PACz"},"concentration":{"unit":"","value":"0.33"},"conc_unit":{"unit":"","value":"mg\/ml"},"quantity":{"unit":"ml","value":"0.5"}},{"material":{"unit":"","value":"Me-4PACz"},"concentration":{"unit":"","value":"0.33"},"conc_unit":{"unit":"","value":"mg\/ml"},"quantity":{"unit":"ml","value":"0.5"}}],"solvent":[{"material":{"unit":"","value":"Ethanol"},"volume":{"unit":"ml","value":"1"}},{"material":{"unit":"","value":"None"},"volume":{"unit":"ml","value":"None"}},{"material":{"unit":"","value":"Ethanol"},"volume":{"unit":"ml","value":"1"}},{"material":{"unit":"","value":"None"},"volume":{"unit":"ml","value":"None"}}],"spin_coating":[{"type":{"unit":"","value":"drop&run"},"rpm":{"unit":"","value":"3000"},"time":{"unit":"s","value":"50"}}],"vacuum_suction":[{"unit":"s","value":"10"}],"annealing":[{"temperature":{"unit":"oC","value":"None"},"time":{"unit":"m","value":"None"}}],"module":[{"type":{"unit":"","value":"None"},"gap":{"unit":"um","value":"None"},"coating_speed":{"unit":"mm\/s","value":"None"},"feeding_amount":{"unit":"ul","value":"None"}}],"thermal_evaporation":[{"vacuum_evaporation_thickness":{"unit":"nm","value":"None"},"evaporation_rate":{"unit":"\u00c5\/s","value":"None"},"vacuum_pressure":{"unit":"uTorr","value":"None"}}]},{"perovskite":{"method":{"unit":"","value":"1-step"},"molarity":{"unit":"M","value":"1.45"},"a_site":[{"material":{"unit":"","value":"Cs"},"ratio":{"unit":"","value":"0.175"}},{"material":{"unit":"","value":"FA"},"ratio":{"unit":"","value":"0.825"}}],"b_site":[{"material":{"unit":"","value":"Pb"},"ratio":{"unit":"","value":"1"}},{"material":{"unit":"","value":"None"},"ratio":{"unit":"","value":"0"}}],"x_site":[{"material":{"unit":"","value":"I"},"ratio":{"unit":"","value":"2.55"}},{"material":{"unit":"","value":"Br"},"ratio":{"unit":"","value":"0.45"}}],"solvent":[{"material":{"unit":"","value":"DMF"},"volume":{"unit":"ml","value":"0.72"}},{"material":{"unit":"","value":"DMSO"},"volume":{"unit":"ml","value":"0.18"}}],"additive":[{"material":{"unit":"","value":"None"},"solvent":{"unit":"","value":"None"},"concentration":{"unit":"","value":"None"},"conc_unit":{"unit":"","value":"None"},"quantity":{"unit":"mol%","value":"None"}}],"stirring_time":[{"unit":"m","value":"120"}],"antisolvent":[{"material":{"unit":"","value":"None"},"quantity":{"unit":"ul","value":"None"},"dripping_time":{"unit":"s","value":"None"}}],"spin_coating":[{"type":{"unit":"","value":"drop&run"},"rpm":{"unit":"","value":"4000"},"time":{"unit":"s","value":"10"}}],"vacuum_suction":[{"unit":"s","value":"60"}],"annealing":[{"temperature":{"unit":"oC","value":"100"},"time":{"unit":"m","value":"30"}}],"atmosphere":[{"type":{"unit":"","value":"N2"},"temperature":{"unit":"oC","value":"28"},"humidity":{"unit":"RH%","value":"0"}}],"assist":[{"type":{"unit":"","value":"None"},"temperature":{"unit":"oC","value":"None"},"assist_start_time":{"value":null,"unit":"s"},"total_assist_time":{"value":"None","unit":"s"}}],"module":[{"type":{"unit":"","value":"None"},"gap":{"unit":"um","value":"None"},"coating_speed":{"unit":"mm\/s","value":"None"},"feeding_amount":{"unit":"ul","value":"None"}}],"thermal_evaporation":[{"vacuum_evaporation_thickness":{"unit":"nm","value":"None"},"evaporation_rate":{"unit":"\u00c5\/s","value":"None"},"vacuum_pressure":{"unit":"uTorr","value":"None"}}]}},{"perovskite_treatment":[{"material":{"unit":"","value":"None"},"concentration":{"unit":"","value":"None"},"conc_unit":{"unit":"","value":"None"},"quantity":{"unit":"ml","value":"None"}}],"solvent":[{"material":{"unit":"","value":"None"},"volume":{"unit":"ml","value":"None"}},{"material":{"unit":"","value":"None"},"volume":{"unit":"ml","value":"None"}}],"spin_coating":[{"type":{"unit":"","value":"None"},"rpm":{"unit":"","value":"None"},"time":{"unit":"s","value":"None"}}],"vacuum_suction":[{"unit":"s","value":"None"}],"annealing":[{"temperature":{"unit":"oC","value":"None"},"time":{"unit":"m","value":"None"}}],"module":[{"type":{"unit":"","value":"None"},"gap":{"unit":"um","value":"None"},"coating_speed":{"unit":"mm\/s","value":"None"},"feeding_amount":{"unit":"ul","value":"None"}}],"thermal_evaporation":[{"vacuum_evaporation_thickness":{"unit":"nm","value":"None"},"evaporation_rate":{"unit":"\u00c5\/s","value":"None"},"vacuum_pressure":{"unit":"uTorr","value":"None"}}]},{"etl":[{"material":{"unit":"","value":"C60"},"concentration":{"unit":"","value":"None"},"conc_unit":{"unit":"","value":"None"},"quantity":{"unit":"ml","value":"None"}}],"solvent":[{"material":{"unit":"","value":"None"},"volume":{"unit":"ml","value":"None"}},{"material":{"unit":"","value":"None"},"volume":{"unit":"ml","value":"None"}}],"spin_coating":[{"type":{"unit":"","value":"None"},"rpm":{"unit":"","value":"None"},"time":{"unit":"s","value":"None"}}],"vacuum_suction":[{"unit":"s","value":"None"}],"annealing":[{"temperature":{"unit":"oC","value":"None"},"time":{"unit":"m","value":"None"}}],"etl_doping":[{"material":{"unit":"","value":"None"},"volume":{"unit":"ul","value":"None"}}],"module":[{"type":{"unit":"","value":"None"},"gap":{"unit":"um","value":"None"},"coating_speed":{"unit":"mm\/s","value":"None"},"feeding_amount":{"unit":"ul","value":"None"}}],"thermal_evaporation":[{"vacuum_evaporation_thickness":{"unit":"nm","value":"30"},"evaporation_rate":{"unit":"\u00c5\/s","value":"0.6"},"vacuum_pressure":{"unit":"uTorr","value":"2x10-6"}}]},{"blocking_buffer_layer":[{"material":{"unit":"","value":"BCP"},"concentration":{"unit":"","value":"None"},"conc_unit":{"unit":"","value":"None"},"quantity":{"unit":"ml","value":"None"}}],"solvent":[{"material":{"unit":"","value":"None"},"volume":{"unit":"ml","value":"None"}},{"material":{"unit":"","value":"None"},"volume":{"unit":"ml","value":"None"}}],"spin_coating":[{"type":{"unit":"","value":"None"},"rpm":{"unit":"","value":"None"},"time":{"unit":"s","value":"None"}}],"vacuum_suction":[{"unit":"s","value":"0"}],"annealing":[{"temperature":{"unit":"oC","value":"None"},"time":{"unit":"m","value":"None"}}],"module":[{"type":{"unit":"","value":"None"},"gap":{"unit":"um","value":"None"},"coating_speed":{"unit":"mm\/s","value":"None"},"feeding_amount":{"unit":"ul","value":"None"}}],"thermal_evaporation":[{"vacuum_evaporation_thickness":{"unit":"nm","value":"6"},"evaporation_rate":{"unit":"\u00c5\/s","value":"0.6"},"vacuum_pressure":{"unit":"uTorr","value":"2x10-6"}}]},{"anode_metal":{"unit":"","value":"Ag"}},{"note":{"unit":"","value":"-"},"ar":{"unit":"","value":"0"},"type":{"unit":"","value":"unit_cell"},"device_type":{"unit":"","value":"p-i-n"},"temperature":{"unit":"\u2103","value":"25"},"humidity":{"unit":"%","value":"40"},"cell_dimension":{"unit":"cm2","value":"0.0464"}}],"fileinfo":[{"key":"forward 51 MeO-Me 1-1 1mM_20230712","uploadType":"JV","original_name":"forward 51 MeO-Me 1-1 1mM_20230712-144645.txt","save_name":"JBNU-SC-00215\/forward 51 MeO-Me 1-1 1mM_20230712","uploader":98,"fileType":""},{"key":"forward 52 MeO-Me 1-1 1mM_20230712","uploadType":"JV","original_name":"forward 52 MeO-Me 1-1 1mM_20230712-144730.txt","save_name":"JBNU-SC-00215\/forward 52 MeO-Me 1-1 1mM_20230712","uploader":98,"fileType":""},{"key":"forward 53 MeO-Me 1-1 1mM_20230712","uploadType":"JV","original_name":"forward 53 MeO-Me 1-1 1mM_20230712-144751.txt","save_name":"JBNU-SC-00215\/forward 53 MeO-Me 1-1 1mM_20230712","uploader":98,"fileType":""},{"key":"forward 54 MeO-Me 1-1 1mM_20230712","uploadType":"JV","original_name":"forward 54 MeO-Me 1-1 1mM_20230712-144806.txt","save_name":"JBNU-SC-00215\/forward 54 MeO-Me 1-1 1mM_20230712","uploader":98,"fileType":""},{"key":"forward 61 MeO-Me 1-1 1mM_20230712","uploadType":"JV","original_name":"forward 61 MeO-Me 1-1 1mM_20230712-144902.txt","save_name":"JBNU-SC-00215\/forward 61 MeO-Me 1-1 1mM_20230712","uploader":98,"fileType":""},{"key":"forward 62 MeO-Me 1-1 1mM_20230712","uploadType":"JV","original_name":"forward 62 MeO-Me 1-1 1mM_20230712-144919.txt","save_name":"JBNU-SC-00215\/forward 62 MeO-Me 1-1 1mM_20230712","uploader":98,"fileType":""},{"key":"forward 63 MeO-Me 1-1 1mM_20230712","uploadType":"JV","original_name":"forward 63 MeO-Me 1-1 1mM_20230712-144938.txt","save_name":"JBNU-SC-00215\/forward 63 MeO-Me 1-1 1mM_20230712","uploader":98,"fileType":""},{"key":"forward 64 MeO-Me 1-1 1mM_20230712","uploadType":"JV","original_name":"forward 64 MeO-Me 1-1 1mM_20230712-144959.txt","save_name":"JBNU-SC-00215\/forward 64 MeO-Me 1-1 1mM_20230712","uploader":98,"fileType":""}],"jvcnt":8,"updated_at":"2024-08-07 02:33:50","created_at":"2023-10-23 11:45:12","analysisInfo":{"JV":[{"efficiency":19.8487,"fill_factor":79.562,"jsc":22.35941125,"voc":1.11574953,"key":"forward 64 MeO-Me 1-1 1mM_20230712","cell_dimension":0.0464},{"efficiency":19.2891,"fill_factor":76.9964,"jsc":22.38462422,"voc":1.11915667,"key":"forward 63 MeO-Me 1-1 1mM_20230712","cell_dimension":0.0464},{"efficiency":19.6325,"fill_factor":77.7209,"jsc":22.51617006,"voc":1.12187426,"key":"forward 62 MeO-Me 1-1 1mM_20230712","cell_dimension":0.0464},{"efficiency":19.3164,"fill_factor":76.9431,"jsc":22.43942418,"voc":1.11878138,"key":"forward 61 MeO-Me 1-1 1mM_20230712","cell_dimension":0.0464},{"efficiency":18.9351,"fill_factor":76.6377,"jsc":22.16187676,"voc":1.11485708,"key":"forward 54 MeO-Me 1-1 1mM_20230712","cell_dimension":0.0464},{"efficiency":19.0309,"fill_factor":76.4778,"jsc":22.26681387,"voc":1.11754963,"key":"forward 53 MeO-Me 1-1 1mM_20230712","cell_dimension":0.0464},{"efficiency":18.9444,"fill_factor":76.9494,"jsc":22.02335306,"voc":1.11787008,"key":"forward 52 MeO-Me 1-1 1mM_20230712","cell_dimension":0.0464},{"efficiency":19.5087,"fill_factor":77.7299,"jsc":22.39341399,"voc":1.12077703,"key":"forward 51 MeO-Me 1-1 1mM_20230712","cell_dimension":0.0464}]},"public":2,"analysis":{"JV":[{"sample_area":{"value":0.0464,"unit":"cm2"},"irradiance":{"value":1,"unit":""},"pre_sweep_delay":{"value":1,"unit":""},"bias_direction":{"value":0,"unit":""},"max_reverse_bias":{"value":-0.2,"unit":""},"max_forward_bias":{"value":1.3,"unit":""},"num_sweep_points":{"value":31,"unit":""},"dwell_time":{"value":0,"unit":""},"current_limit":{"value":100,"unit":""},"pviv_10a_i_amp":{"value":0,"unit":""},"average":{"value":1,"unit":""},"dark_current":{"value":0,"unit":""},"rshunt_v_lo":{"value":-0.2,"unit":""},"rshunt_v_hi":{"value":0.2,"unit":""},"voc":{"value":1.11574953,"unit":"V"},"isc":{"value":0.00103748,"unit":"A"},"jsc":{"value":22.35941125,"unit":"mA\/cm2"},"imax":{"value":0.00097906,"unit":"A"},"vmax":{"value":0.94067825,"unit":"V"},"pmax":{"value":0.92098104,"unit":"mW"},"fill_factor":{"value":79.562,"unit":"%"},"efficiency":{"value":19.8487,"unit":"%"},"r_at_voc":{"value":82.283262,"unit":""},"r_at_isc":{"value":86580.087,"unit":""},"power":{"value":0.00108032,"unit":"W"},"rshunt":{"value":"NaN","unit":"ohm"},"cell_temp_start":{"value":"NaN","unit":""},"cell_temp_end":{"value":"NaN","unit":""},"exposure":{"value":3.72,"unit":""},"time":{"value":"14:49:59","unit":""},"date":{"value":"07\/12\/2023","unit":""},"V":{"value":[1.3,1.25,1.2,1.15,1.1,1.05,1,0.95,0.9,0.85,0.8,0.75,0.7,0.65,0.6,0.55,0.5,0.45,0.4,0.35,0.3,0.25,0.2,0.15,0.1,0.05,0,-0.05,-0.1,-0.15,-0.2],"unit":"V"},"I":{"value":[-0.00328332,-0.00211632,-0.00114689,-0.00041625,0.00019141,0.00061113,0.0008582,0.00096825,0.00100578,0.00101648,0.00102265,0.00102483,0.00102713,0.00102757,0.00102969,0.00102959,0.00103121,0.00103145,0.00103203,0.0010332,0.00103391,0.00103449,0.00103533,0.00103525,0.00103678,0.00103648,0.00103827,0.00103783,0.00103907,0.00103929,0.0010392],"unit":"A"},"J":{"unit":"A\/cm2","value":[-0.07076120689655173,-0.04561034482758621,-0.024717456896551727,-0.008970905172413795,0.00412521551724138,0.013170905172413793,0.018495689655172416,0.020867456896551725,0.021676293103448277,0.021906896551724137,0.022039870689655173,0.022086853448275864,0.022136422413793107,0.022145905172413795,0.02219159482758621,0.022189439655172415,0.022224353448275867,0.022229525862068965,0.022242025862068967,0.022267241379310347,0.02228254310344828,0.022295043103448278,0.02231314655172414,0.022311422413793105,0.022344396551724138,0.02233793103448276,0.022376508620689656,0.022367025862068967,0.02239375,0.022398491379310347,0.022396551724137934]},"cell_dimension":{"value":0.0464,"unit":"cm2"},"sweep_direction":{"unit":"","value":"Forward"},"key":"forward 64 MeO-Me 1-1 1mM_20230712"},{"sample_area":{"value":0.0464,"unit":"cm2"},"irradiance":{"value":1,"unit":""},"pre_sweep_delay":{"value":1,"unit":""},"bias_direction":{"value":0,"unit":""},"max_reverse_bias":{"value":-0.2,"unit":""},"max_forward_bias":{"value":1.3,"unit":""},"num_sweep_points":{"value":31,"unit":""},"dwell_time":{"value":0,"unit":""},"current_limit":{"value":100,"unit":""},"pviv_10a_i_amp":{"value":0,"unit":""},"average":{"value":1,"unit":""},"dark_current":{"value":0,"unit":""},"rshunt_v_lo":{"value":-0.2,"unit":""},"rshunt_v_hi":{"value":0.2,"unit":""},"voc":{"value":1.11915667,"unit":"V"},"isc":{"value":0.00103865,"unit":"A"},"jsc":{"value":22.38462422,"unit":"mA\/cm2"},"imax":{"value":0.00097868,"unit":"A"},"vmax":{"value":0.914512,"unit":"V"},"pmax":{"value":0.89501291,"unit":"mW"},"fill_factor":{"value":76.9964,"unit":"%"},"efficiency":{"value":19.2891,"unit":"%"},"r_at_voc":{"value":117.533342,"unit":""},"r_at_isc":{"value":78211.655,"unit":""},"power":{"value":0.0010676,"unit":"W"},"rshunt":{"value":"NaN","unit":"ohm"},"cell_temp_start":{"value":"NaN","unit":""},"cell_temp_end":{"value":"NaN","unit":""},"exposure":{"value":3.734,"unit":""},"time":{"value":"14:49:38","unit":""},"date":{"value":"07\/12\/2023","unit":""},"V":{"value":[1.3,1.25,1.2,1.15,1.1,1.05,1,0.95,0.9,0.85,0.8,0.75,0.7,0.65,0.6,0.55,0.5,0.45,0.4,0.35,0.3,0.25,0.2,0.15,0.1,0.05,0,-0.05,-0.1,-0.15,-0.2],"unit":"V"},"I":{"value":[-0.00196013,-0.0013253,-0.00076706,-0.00026242,0.00016299,0.00050928,0.00076764,0.00092436,0.00099207,0.00101508,0.00102171,0.00102514,0.00102789,0.00102832,0.00102944,0.00103026,0.00103185,0.0010324,0.00103318,0.00103345,0.00103509,0.00103513,0.0010347,0.00103634,0.0010386,0.00103843,0.00103801,0.00104129,0.00104066,0.00103997,0.00103985],"unit":"A"},"J":{"unit":"A\/cm2","value":[-0.04224418103448276,-0.0285625,-0.01653146551724138,-0.005655603448275863,0.00351271551724138,0.010975862068965517,0.01654396551724138,0.019921551724137933,0.021380818965517245,0.021876724137931035,0.022019612068965515,0.02209353448275862,0.022152801724137933,0.022162068965517246,0.022186206896551725,0.02220387931034483,0.02223814655172414,0.02225,0.022266810344827588,0.02227262931034483,0.022307974137931036,0.022308836206896554,0.02229956896551724,0.02233491379310345,0.022383620689655173,0.022379956896551725,0.022370905172413795,0.02244159482758621,0.02242801724137931,0.02241314655172414,0.022410560344827586]},"cell_dimension":{"value":0.0464,"unit":"cm2"},"sweep_direction":{"unit":"","value":"Forward"},"key":"forward 63 MeO-Me 1-1 1mM_20230712"},{"sample_area":{"value":0.0464,"unit":"cm2"},"irradiance":{"value":1,"unit":""},"pre_sweep_delay":{"value":1,"unit":""},"bias_direction":{"value":0,"unit":""},"max_reverse_bias":{"value":-0.2,"unit":""},"max_forward_bias":{"value":1.3,"unit":""},"num_sweep_points":{"value":31,"unit":""},"dwell_time":{"value":0,"unit":""},"current_limit":{"value":100,"unit":""},"pviv_10a_i_amp":{"value":0,"unit":""},"average":{"value":1,"unit":""},"dark_current":{"value":0,"unit":""},"rshunt_v_lo":{"value":-0.2,"unit":""},"rshunt_v_hi":{"value":0.2,"unit":""},"voc":{"value":1.12187426,"unit":"V"},"isc":{"value":0.00104475,"unit":"A"},"jsc":{"value":22.51617006,"unit":"mA\/cm2"},"imax":{"value":0.00098323,"unit":"A"},"vmax":{"value":0.92648648,"unit":"V"},"pmax":{"value":0.91095028,"unit":"mW"},"fill_factor":{"value":77.7209,"unit":"%"},"efficiency":{"value":19.6325,"unit":"%"},"r_at_voc":{"value":109.419366,"unit":""},"r_at_isc":{"value":66673.132,"unit":""},"power":{"value":0.00108108,"unit":"W"},"rshunt":{"value":"NaN","unit":"ohm"},"cell_temp_start":{"value":"NaN","unit":""},"cell_temp_end":{"value":"NaN","unit":""},"exposure":{"value":3.735,"unit":""},"time":{"value":"14:49:19","unit":""},"date":{"value":"07\/12\/2023","unit":""},"V":{"value":[1.3,1.25,1.2,1.15,1.1,1.05,1,0.95,0.9,0.85,0.8,0.75,0.7,0.65,0.6,0.55,0.5,0.45,0.4,0.35,0.3,0.25,0.2,0.15,0.1,0.05,0,-0.05,-0.1,-0.15,-0.2],"unit":"V"},"I":{"value":[-0.00232234,-0.00152275,-0.00084329,-0.00025705,0.00019991,0.0005536,0.00081174,0.0009512,0.00100469,0.00102282,0.00102947,0.00103187,0.00103449,0.00103644,0.00103655,0.00103772,0.00103752,0.00103838,0.0010386,0.00103873,0.00104092,0.00104042,0.00104211,0.00104162,0.00104355,0.00104347,0.00104397,0.00104739,0.00104632,0.00104697,0.00104726],"unit":"A"},"J":{"unit":"A\/cm2","value":[-0.05005043103448276,-0.03281788793103448,-0.018174353448275865,-0.005539870689655173,0.004308405172413794,0.011931034482758621,0.01749439655172414,0.0205,0.02165280172413793,0.02204353448275862,0.022186853448275864,0.022238577586206898,0.022295043103448278,0.022337068965517244,0.022339439655172415,0.022364655172413796,0.022360344827586205,0.02237887931034483,0.022383620689655173,0.022386422413793107,0.022433620689655175,0.02242284482758621,0.02245926724137931,0.022448706896551728,0.022490301724137934,0.022488577586206895,0.022499353448275864,0.02257306034482759,0.022550000000000004,0.022564008620689656,0.022570258620689655]},"cell_dimension":{"value":0.0464,"unit":"cm2"},"sweep_direction":{"unit":"","value":"Forward"},"key":"forward 62 MeO-Me 1-1 1mM_20230712"},{"sample_area":{"value":0.0464,"unit":"cm2"},"irradiance":{"value":1,"unit":""},"pre_sweep_delay":{"value":1,"unit":""},"bias_direction":{"value":0,"unit":""},"max_reverse_bias":{"value":-0.2,"unit":""},"max_forward_bias":{"value":1.3,"unit":""},"num_sweep_points":{"value":31,"unit":""},"dwell_time":{"value":0,"unit":""},"current_limit":{"value":100,"unit":""},"pviv_10a_i_amp":{"value":0,"unit":""},"average":{"value":1,"unit":""},"dark_current":{"value":0,"unit":""},"rshunt_v_lo":{"value":-0.2,"unit":""},"rshunt_v_hi":{"value":0.2,"unit":""},"voc":{"value":1.11878138,"unit":"V"},"isc":{"value":0.00104119,"unit":"A"},"jsc":{"value":22.43942418,"unit":"mA\/cm2"},"imax":{"value":0.00096964,"unit":"A"},"vmax":{"value":0.9243475,"unit":"V"},"pmax":{"value":0.8962819,"unit":"mW"},"fill_factor":{"value":76.9431,"unit":"%"},"efficiency":{"value":19.3164,"unit":"%"},"r_at_voc":{"value":110.451592,"unit":""},"r_at_isc":{"value":53884.061,"unit":""},"power":{"value":0.00106996,"unit":"W"},"rshunt":{"value":"NaN","unit":"ohm"},"cell_temp_start":{"value":"NaN","unit":""},"cell_temp_end":{"value":"NaN","unit":""},"exposure":{"value":3.736,"unit":""},"time":{"value":"14:49:02","unit":""},"date":{"value":"07\/12\/2023","unit":""},"V":{"value":[1.3,1.25,1.2,1.15,1.1,1.05,1,0.95,0.9,0.85,0.8,0.75,0.7,0.65,0.6,0.55,0.5,0.45,0.4,0.35,0.3,0.25,0.2,0.15,0.1,0.05,0,-0.05,-0.1,-0.15,-0.2],"unit":"V"},"I":{"value":[-0.00214035,-0.00140605,-0.00081507,-0.00028265,0.00017004,0.00052893,0.00078854,0.00093421,0.00098962,0.00100959,0.00101887,0.00102242,0.00102452,0.00102705,0.00102805,0.00103061,0.00103227,0.0010322,0.00103406,0.00103424,0.00103682,0.0010362,0.00103703,0.00103771,0.00103931,0.00103973,0.00104056,0.00104399,0.00104282,0.00104373,0.00104498],"unit":"A"},"J":{"unit":"A\/cm2","value":[-0.04612823275862069,-0.030302801724137934,-0.01756616379310345,-0.0060915948275862076,0.003664655172413793,0.011399353448275864,0.01699439655172414,0.020133836206896554,0.021328017241379314,0.021758405172413797,0.021958405172413795,0.02203491379310345,0.022080172413793103,0.02213469827586207,0.022156250000000002,0.022211422413793105,0.022247198275862072,0.022245689655172415,0.02228577586206897,0.022289655172413797,0.022345258620689656,0.02233189655172414,0.022349784482758622,0.022364439655172416,0.022398922413793106,0.022407974137931035,0.02242586206896552,0.022499784482758623,0.022474568965517243,0.022494181034482762,0.022521120689655175]},"cell_dimension":{"value":0.0464,"unit":"cm2"},"sweep_direction":{"unit":"","value":"Forward"},"key":"forward 61 MeO-Me 1-1 1mM_20230712"},{"sample_area":{"value":0.0464,"unit":"cm2"},"irradiance":{"value":1,"unit":""},"pre_sweep_delay":{"value":1,"unit":""},"bias_direction":{"value":0,"unit":""},"max_reverse_bias":{"value":-0.2,"unit":""},"max_forward_bias":{"value":1.3,"unit":""},"num_sweep_points":{"value":31,"unit":""},"dwell_time":{"value":0,"unit":""},"current_limit":{"value":100,"unit":""},"pviv_10a_i_amp":{"value":0,"unit":""},"average":{"value":1,"unit":""},"dark_current":{"value":0,"unit":""},"rshunt_v_lo":{"value":-0.2,"unit":""},"rshunt_v_hi":{"value":0.2,"unit":""},"voc":{"value":1.11485708,"unit":"V"},"isc":{"value":0.00102831,"unit":"A"},"jsc":{"value":22.16187676,"unit":"mA\/cm2"},"imax":{"value":0.00096079,"unit":"A"},"vmax":{"value":0.9144489,"unit":"V"},"pmax":{"value":0.87858987,"unit":"mW"},"fill_factor":{"value":76.6377,"unit":"%"},"efficiency":{"value":18.9351,"unit":"%"},"r_at_voc":{"value":102.011004,"unit":""},"r_at_isc":{"value":73100.387,"unit":""},"power":{"value":0.00105396,"unit":"W"},"rshunt":{"value":"NaN","unit":"ohm"},"cell_temp_start":{"value":"NaN","unit":""},"cell_temp_end":{"value":"NaN","unit":""},"exposure":{"value":3.732,"unit":""},"time":{"value":"14:48:06","unit":""},"date":{"value":"07\/12\/2023","unit":""},"V":{"value":[1.3,1.25,1.2,1.15,1.1,1.05,1,0.95,0.9,0.85,0.8,0.75,0.7,0.65,0.6,0.55,0.5,0.45,0.4,0.35,0.3,0.25,0.2,0.15,0.1,0.05,0,-0.05,-0.1,-0.15,-0.2],"unit":"V"},"I":{"value":[-0.00265121,-0.00173936,-0.00098258,-0.0003445,0.00014564,0.00050474,0.00075518,0.00090768,0.00097395,0.00099787,0.00100689,0.00101136,0.00101383,0.00101644,0.00101825,0.00102021,0.00102183,0.00102174,0.00102266,0.00102373,0.00102492,0.00102505,0.0010249,0.00102606,0.00102655,0.00102726,0.00102735,0.00103052,0.00103079,0.00102988,0.00103062],"unit":"A"},"J":{"unit":"A\/cm2","value":[-0.057138146551724146,-0.03748620689655172,-0.021176293103448277,-0.007424568965517243,0.003138793103448276,0.010878017241379313,0.01627543103448276,0.019562068965517244,0.020990301724137933,0.021505818965517245,0.021700215517241384,0.02179655172413793,0.021849784482758625,0.021906034482758623,0.02194504310344828,0.02198728448275862,0.022022198275862073,0.022020258620689657,0.022040086206896556,0.02206314655172414,0.022088793103448277,0.022091594827586207,0.02208836206896552,0.022113362068965522,0.022123922413793105,0.022139224137931034,0.02214116379310345,0.022209482758620693,0.022215301724137933,0.022195689655172414,0.022211637931034485]},"cell_dimension":{"value":0.0464,"unit":"cm2"},"sweep_direction":{"unit":"","value":"Forward"},"key":"forward 54 MeO-Me 1-1 1mM_20230712"},{"sample_area":{"value":0.0464,"unit":"cm2"},"irradiance":{"value":1,"unit":""},"pre_sweep_delay":{"value":1,"unit":""},"bias_direction":{"value":0,"unit":""},"max_reverse_bias":{"value":-0.2,"unit":""},"max_forward_bias":{"value":1.3,"unit":""},"num_sweep_points":{"value":31,"unit":""},"dwell_time":{"value":0,"unit":""},"current_limit":{"value":100,"unit":""},"pviv_10a_i_amp":{"value":0,"unit":""},"average":{"value":1,"unit":""},"dark_current":{"value":0,"unit":""},"rshunt_v_lo":{"value":-0.2,"unit":""},"rshunt_v_hi":{"value":0.2,"unit":""},"voc":{"value":1.11754963,"unit":"V"},"isc":{"value":0.00103318,"unit":"A"},"jsc":{"value":22.26681387,"unit":"mA\/cm2"},"imax":{"value":0.00097009,"unit":"A"},"vmax":{"value":0.91026634,"unit":"V"},"pmax":{"value":0.88303602,"unit":"mW"},"fill_factor":{"value":76.4778,"unit":"%"},"efficiency":{"value":19.0309,"unit":"%"},"r_at_voc":{"value":125.023661,"unit":""},"r_at_isc":{"value":67635.702,"unit":""},"power":{"value":0.00105601,"unit":"W"},"rshunt":{"value":"NaN","unit":"ohm"},"cell_temp_start":{"value":"NaN","unit":""},"cell_temp_end":{"value":"NaN","unit":""},"exposure":{"value":3.736,"unit":""},"time":{"value":"14:47:51","unit":""},"date":{"value":"07\/12\/2023","unit":""},"V":{"value":[1.3,1.25,1.2,1.15,1.1,1.05,1,0.95,0.9,0.85,0.8,0.75,0.7,0.65,0.6,0.55,0.5,0.45,0.4,0.35,0.3,0.25,0.2,0.15,0.1,0.05,0,-0.05,-0.1,-0.15,-0.2],"unit":"V"},"I":{"value":[-0.00182454,-0.00124762,-0.00073086,-0.00025955,0.00014037,0.00047538,0.0007364,0.0009031,0.00097982,0.0010041,0.00101349,0.00101713,0.00102043,0.00102076,0.00102289,0.00102377,0.00102623,0.00102606,0.0010277,0.0010282,0.00102869,0.00102947,0.00103083,0.00103067,0.00103153,0.00103192,0.00103352,0.0010339,0.00103469,0.00103548,0.00103614],"unit":"A"},"J":{"unit":"A\/cm2","value":[-0.03932198275862069,-0.02688836206896552,-0.015751293103448277,-0.005593750000000001,0.00302521551724138,0.010245258620689656,0.015870689655172417,0.01946336206896552,0.021116810344827586,0.02164008620689655,0.021842456896551725,0.021920905172413796,0.021992025862068967,0.02199913793103448,0.022045043103448278,0.022064008620689655,0.022117025862068967,0.022113362068965522,0.02214870689655173,0.022159482758620692,0.022170043103448278,0.022186853448275864,0.022216163793103448,0.022212715517241383,0.02223125,0.022239655172413796,0.022274137931034485,0.022282327586206897,0.022299353448275865,0.02231637931034483,0.022330603448275865]},"cell_dimension":{"value":0.0464,"unit":"cm2"},"sweep_direction":{"unit":"","value":"Forward"},"key":"forward 53 MeO-Me 1-1 1mM_20230712"},{"sample_area":{"value":0.0464,"unit":"cm2"},"irradiance":{"value":1,"unit":""},"pre_sweep_delay":{"value":1,"unit":""},"bias_direction":{"value":0,"unit":""},"max_reverse_bias":{"value":-0.2,"unit":""},"max_forward_bias":{"value":1.3,"unit":""},"num_sweep_points":{"value":31,"unit":""},"dwell_time":{"value":0,"unit":""},"current_limit":{"value":100,"unit":""},"pviv_10a_i_amp":{"value":0,"unit":""},"average":{"value":1,"unit":""},"dark_current":{"value":0,"unit":""},"rshunt_v_lo":{"value":-0.2,"unit":""},"rshunt_v_hi":{"value":0.2,"unit":""},"voc":{"value":1.11787008,"unit":"V"},"isc":{"value":0.00102188,"unit":"A"},"jsc":{"value":22.02335306,"unit":"mA\/cm2"},"imax":{"value":0.00095883,"unit":"A"},"vmax":{"value":0.91676276,"unit":"V"},"pmax":{"value":0.87901861,"unit":"mW"},"fill_factor":{"value":76.9494,"unit":"%"},"efficiency":{"value":18.9444,"unit":"%"},"r_at_voc":{"value":113.657778,"unit":""},"r_at_isc":{"value":49817.036,"unit":""},"power":{"value":0.00104829,"unit":"W"},"rshunt":{"value":"NaN","unit":"ohm"},"cell_temp_start":{"value":"NaN","unit":""},"cell_temp_end":{"value":"NaN","unit":""},"exposure":{"value":3.733,"unit":""},"time":{"value":"14:47:30","unit":""},"date":{"value":"07\/12\/2023","unit":""},"V":{"value":[1.3,1.25,1.2,1.15,1.1,1.05,1,0.95,0.9,0.85,0.8,0.75,0.7,0.65,0.6,0.55,0.5,0.45,0.4,0.35,0.3,0.25,0.2,0.15,0.1,0.05,0,-0.05,-0.1,-0.15,-0.2],"unit":"V"},"I":{"value":[-0.00210584,-0.00141427,-0.00081318,-0.00028269,0.00015723,0.00050182,0.00076284,0.00090997,0.00097353,0.000994,0.00100008,0.00100408,0.00100604,0.00100817,0.0010102,0.00101128,0.00101365,0.00101325,0.0010143,0.0010152,0.00101616,0.00101679,0.00101712,0.00101865,0.00101992,0.00102098,0.00102206,0.00102458,0.00102353,0.0010243,0.00102559],"unit":"A"},"J":{"unit":"A\/cm2","value":[-0.04538448275862069,-0.030479956896551728,-0.01752543103448276,-0.006092456896551725,0.003388577586206897,0.010815086206896554,0.01644051724137931,0.019611422413793104,0.020981250000000003,0.021422413793103452,0.02155344827586207,0.021639655172413796,0.021681896551724138,0.021727801724137935,0.02177155172413793,0.021794827586206898,0.021845905172413797,0.021837284482758623,0.021859913793103453,0.021879310344827586,0.0219,0.0219135775862069,0.021920689655172416,0.021953663793103453,0.02198103448275862,0.02200387931034483,0.022027155172413795,0.02208146551724138,0.02205883620689655,0.022075431034482756,0.02210323275862069]},"cell_dimension":{"value":0.0464,"unit":"cm2"},"sweep_direction":{"unit":"","value":"Forward"},"key":"forward 52 MeO-Me 1-1 1mM_20230712"},{"sample_area":{"value":0.0464,"unit":"cm2"},"irradiance":{"value":1,"unit":""},"pre_sweep_delay":{"value":1,"unit":""},"bias_direction":{"value":0,"unit":""},"max_reverse_bias":{"value":-0.2,"unit":""},"max_forward_bias":{"value":1.3,"unit":""},"num_sweep_points":{"value":31,"unit":""},"dwell_time":{"value":0,"unit":""},"current_limit":{"value":100,"unit":""},"pviv_10a_i_amp":{"value":0,"unit":""},"average":{"value":1,"unit":""},"dark_current":{"value":0,"unit":""},"rshunt_v_lo":{"value":-0.2,"unit":""},"rshunt_v_hi":{"value":0.2,"unit":""},"voc":{"value":1.12077703,"unit":"V"},"isc":{"value":0.00103905,"unit":"A"},"jsc":{"value":22.39341399,"unit":"mA\/cm2"},"imax":{"value":0.00097993,"unit":"A"},"vmax":{"value":0.92373811,"unit":"V"},"pmax":{"value":0.90520206,"unit":"mW"},"fill_factor":{"value":77.7299,"unit":"%"},"efficiency":{"value":19.5087,"unit":"%"},"r_at_voc":{"value":105.93144,"unit":""},"r_at_isc":{"value":55761.14,"unit":""},"power":{"value":0.00107348,"unit":"W"},"rshunt":{"value":"NaN","unit":"ohm"},"cell_temp_start":{"value":"NaN","unit":""},"cell_temp_end":{"value":"NaN","unit":""},"exposure":{"value":3.726,"unit":""},"time":{"value":"14:46:45","unit":""},"date":{"value":"07\/12\/2023","unit":""},"V":{"value":[1.3,1.25,1.2,1.15,1.1,1.05,1,0.95,0.9,0.85,0.8,0.75,0.7,0.65,0.6,0.55,0.5,0.45,0.4,0.35,0.3,0.25,0.2,0.15,0.1,0.05,0,-0.05,-0.1,-0.15,-0.2],"unit":"V"},"I":{"value":[-0.00239744,-0.00157372,-0.00087597,-0.00027587,0.00019614,0.00055362,0.00080297,0.00094262,0.00099905,0.00101459,0.00102154,0.00102376,0.00102666,0.00102715,0.00102793,0.00102926,0.00103086,0.00103122,0.00103268,0.00103242,0.0010345,0.00103425,0.00103579,0.00103587,0.00103747,0.00103718,0.00103867,0.00103966,0.00104138,0.00104232,0.00104266],"unit":"A"},"J":{"unit":"A\/cm2","value":[-0.05166896551724138,-0.03391637931034483,-0.01887866379310345,-0.005945474137931035,0.004227155172413793,0.01193146551724138,0.017305387931034484,0.020315086206896555,0.021531250000000002,0.02186616379310345,0.02201594827586207,0.02206379310344828,0.022126293103448276,0.022136853448275862,0.02215366379310345,0.022182327586206897,0.022216810344827587,0.022224568965517243,0.022256034482758622,0.02225043103448276,0.022295258620689658,0.022289870689655173,0.02232306034482759,0.02232478448275862,0.02235926724137931,0.02235301724137931,0.02238512931034483,0.022406465517241382,0.022443534482758622,0.022463793103448277,0.022471120689655174]},"cell_dimension":{"value":0.0464,"unit":"cm2"},"sweep_direction":{"unit":"","value":"Forward"},"key":"forward 51 MeO-Me 1-1 1mM_20230712"}]}}