{"_id":"655ac4b4dd2a793fd30314b4","id":"JBNU-SC-00339","author":98,"group":10,"input":[{"tco":{"unit":"","value":"ITO"}},{"htl":[{"material":{"unit":"","value":"NiO_Sputter"},"concentration":{"unit":"","value":"None"},"conc_unit":{"unit":"","value":"None"},"quantity":{"unit":"ml","value":"None"}}],"solvent":[{"material":{"unit":"","value":"None"},"volume":{"unit":"ml","value":"None"}},{"material":{"unit":"","value":"None"},"volume":{"unit":"ml","value":"None"}}],"htl_doping":[{"material":{"unit":"","value":"None"},"volume":{"unit":"ul","value":"None"}}],"spin_coating":[{"type":{"unit":"","value":"None"},"rpm":{"unit":"","value":"None"},"time":{"unit":"s","value":"None"}}],"vacuum_suction":[{"unit":"s","value":"None"}],"annealing":[{"temperature":{"unit":"oC","value":"300"},"time":{"unit":"m","value":"30"}}],"module":[{"type":{"unit":"","value":"None"},"gap":{"unit":"um","value":"None"},"coating_speed":{"unit":"mm\/s","value":"None"},"feeding_amount":{"unit":"ul","value":"None"}}],"thermal_evaporation":[{"vacuum_evaporation_thickness":{"unit":"nm","value":"None"},"evaporation_rate":{"unit":"\u00c5\/s","value":"None"},"vacuum_pressure":{"unit":"uTorr","value":"None"}}]},{"htl_treatment":[{"material":{"unit":"","value":"MeO-2PACz"},"concentration":{"unit":"","value":"0.33"},"conc_unit":{"unit":"","value":"mg\/ml"},"quantity":{"unit":"ml","value":"1"}}],"solvent":[{"material":{"unit":"","value":"Ethanol"},"volume":{"unit":"ml","value":"1"}},{"material":{"unit":"","value":"None"},"volume":{"unit":"ml","value":"None"}}],"spin_coating":[{"type":{"unit":"","value":"drop&run"},"rpm":{"unit":"","value":"3000"},"time":{"unit":"s","value":"50"}}],"vacuum_suction":[{"unit":"s","value":"None"}],"annealing":[{"temperature":{"unit":"oC","value":"None"},"time":{"unit":"m","value":"None"}}],"module":[{"type":{"unit":"","value":"None"},"gap":{"unit":"um","value":"None"},"coating_speed":{"unit":"mm\/s","value":"None"},"feeding_amount":{"unit":"ul","value":"None"}}],"thermal_evaporation":[{"vacuum_evaporation_thickness":{"unit":"nm","value":"None"},"evaporation_rate":{"unit":"\u00c5\/s","value":"None"},"vacuum_pressure":{"unit":"uTorr","value":"None"}}]},{"perovskite":{"method":{"unit":"","value":"1-step"},"molarity":{"unit":"M","value":"1.45"},"a_site":[{"material":{"unit":"","value":"Cs"},"ratio":{"unit":"","value":"0.175"}},{"material":{"unit":"","value":"FA"},"ratio":{"unit":"","value":"0.825"}}],"b_site":[{"material":{"unit":"","value":"Pb"},"ratio":{"unit":"","value":"1"}},{"material":{"unit":"","value":"None"},"ratio":{"unit":"","value":"0"}}],"x_site":[{"material":{"unit":"","value":"I"},"ratio":{"unit":"","value":"2.55"}},{"material":{"unit":"","value":"Br"},"ratio":{"unit":"","value":"0.45"}}],"solvent":[{"material":{"unit":"","value":"DMF"},"volume":{"unit":"ml","value":"0.8"}},{"material":{"unit":"","value":"DMSO"},"volume":{"unit":"ml","value":"0.2"}}],"additive":[{"material":{"unit":"","value":"None"},"solvent":{"unit":"","value":"None"},"concentration":{"unit":"","value":"None"},"conc_unit":{"unit":"","value":"None"},"quantity":{"unit":"mol%","value":"None"}}],"stirring_time":[{"unit":"m","value":"120"}],"antisolvent":[{"material":{"unit":"","value":"None"},"quantity":{"unit":"ul","value":"None"},"dripping_time":{"unit":"s","value":"None"}}],"spin_coating":[{"type":{"unit":"","value":"drop&run"},"rpm":{"unit":"","value":"4000"},"time":{"unit":"s","value":"10"}}],"vacuum_suction":[{"unit":"s","value":"60"}],"annealing":[{"temperature":{"unit":"oC","value":"100"},"time":{"unit":"m","value":"30"}}],"atmosphere":[{"type":{"unit":"","value":"N2"},"temperature":{"unit":"oC","value":"28"},"humidity":{"unit":"RH%","value":"0"}}],"assist":[{"type":{"unit":"","value":"None"},"temperature":{"unit":"oC","value":"None"},"assist_start_time":{"value":null,"unit":"s"},"total_assist_time":{"value":"None","unit":"s"}}],"module":[{"type":{"unit":"","value":"None"},"gap":{"unit":"um","value":"None"},"coating_speed":{"unit":"mm\/s","value":"None"},"feeding_amount":{"unit":"ul","value":"None"}}],"thermal_evaporation":[{"vacuum_evaporation_thickness":{"unit":"nm","value":"None"},"evaporation_rate":{"unit":"\u00c5\/s","value":"None"},"vacuum_pressure":{"unit":"uTorr","value":"None"}}]}},{"perovskite_treatment":[{"material":{"unit":"","value":"CS2"},"concentration":{"unit":"","value":"None"},"conc_unit":{"unit":"","value":"None"},"quantity":{"unit":"ml","value":"0.1"}}],"solvent":[{"material":{"unit":"","value":"None"},"volume":{"unit":"ml","value":"None"}},{"material":{"unit":"","value":"None"},"volume":{"unit":"ml","value":"None"}}],"spin_coating":[{"type":{"unit":"","value":"None"},"rpm":{"unit":"","value":"None"},"time":{"unit":"s","value":"None"}}],"vacuum_suction":[{"unit":"s","value":"None"}],"annealing":[{"temperature":{"unit":"oC","value":"0"},"time":{"unit":"m","value":"5"}}],"module":[{"type":{"unit":"","value":"None"},"gap":{"unit":"um","value":"None"},"coating_speed":{"unit":"mm\/s","value":"None"},"feeding_amount":{"unit":"ul","value":"None"}}],"thermal_evaporation":[{"vacuum_evaporation_thickness":{"unit":"nm","value":"None"},"evaporation_rate":{"unit":"\u00c5\/s","value":"None"},"vacuum_pressure":{"unit":"uTorr","value":"None"}}]},{"etl":[{"material":{"unit":"","value":"C60"},"concentration":{"unit":"","value":"None"},"conc_unit":{"unit":"","value":"None"},"quantity":{"unit":"ml","value":"None"}}],"solvent":[{"material":{"unit":"","value":"None"},"volume":{"unit":"ml","value":"None"}},{"material":{"unit":"","value":"None"},"volume":{"unit":"ml","value":"None"}}],"spin_coating":[{"type":{"unit":"","value":"None"},"rpm":{"unit":"","value":"None"},"time":{"unit":"s","value":"None"}}],"vacuum_suction":[{"unit":"s","value":"None"}],"annealing":[{"temperature":{"unit":"oC","value":"None"},"time":{"unit":"m","value":"None"}}],"etl_doping":[{"material":{"unit":"","value":"None"},"volume":{"unit":"ul","value":"None"}}],"module":[{"type":{"unit":"","value":"None"},"gap":{"unit":"um","value":"None"},"coating_speed":{"unit":"mm\/s","value":"None"},"feeding_amount":{"unit":"ul","value":"None"}}],"thermal_evaporation":[{"vacuum_evaporation_thickness":{"unit":"nm","value":"30"},"evaporation_rate":{"unit":"\u00c5\/s","value":"0.6"},"vacuum_pressure":{"unit":"uTorr","value":"2x10-6"}}]},{"blocking_buffer_layer":[{"material":{"unit":"","value":"BCP"},"concentration":{"unit":"","value":"None"},"conc_unit":{"unit":"","value":"None"},"quantity":{"unit":"ml","value":"None"}}],"solvent":[{"material":{"unit":"","value":"None"},"volume":{"unit":"ml","value":"None"}},{"material":{"unit":"","value":"None"},"volume":{"unit":"ml","value":"None"}}],"spin_coating":[{"type":{"unit":"","value":"None"},"rpm":{"unit":"","value":"None"},"time":{"unit":"s","value":"None"}}],"vacuum_suction":[{"unit":"s","value":"0"}],"annealing":[{"temperature":{"unit":"oC","value":"None"},"time":{"unit":"m","value":"None"}}],"module":[{"type":{"unit":"","value":"None"},"gap":{"unit":"um","value":"None"},"coating_speed":{"unit":"mm\/s","value":"None"},"feeding_amount":{"unit":"ul","value":"None"}}],"thermal_evaporation":[{"vacuum_evaporation_thickness":{"unit":"nm","value":"6"},"evaporation_rate":{"unit":"\u00c5\/s","value":"0.6"},"vacuum_pressure":{"unit":"uTorr","value":"2x10-6"}}]},{"anode_metal":{"unit":"","value":"Ag"}},{"note":{"unit":"","value":"-"},"ar":{"unit":"","value":"0"},"type":{"unit":"","value":"unit_cell"},"device_type":{"unit":"","value":"p-i-n"},"temperature":{"unit":"\u2103","value":"25"},"humidity":{"unit":"%","value":"40"},"cell_dimension":{"unit":"cm2","value":"0.0464"}}],"fileinfo":[{"key":"Forward 114 CS2 300S 24H_20230731","uploadType":"JV","original_name":"Forward 114 CS2 300S 24H_20230731-170032.txt","save_name":"JBNU-SC-00339\/Forward 114 CS2 300S 24H_20230731","uploader":98,"fileType":""},{"key":"Forward 121 CS2 300S 24H_20230731","uploadType":"JV","original_name":"Forward 121 CS2 300S 24H_20230731-170109.txt","save_name":"JBNU-SC-00339\/Forward 121 CS2 300S 24H_20230731","uploader":98,"fileType":""},{"key":"Forward 122 CS2 300S 24H_20230731","uploadType":"JV","original_name":"Forward 122 CS2 300S 24H_20230731-170134.txt","save_name":"JBNU-SC-00339\/Forward 122 CS2 300S 24H_20230731","uploader":98,"fileType":""},{"key":"Forward 123 CS2 300S 24H_20230731","uploadType":"JV","original_name":"Forward 123 CS2 300S 24H_20230731-170230.txt","save_name":"JBNU-SC-00339\/Forward 123 CS2 300S 24H_20230731","uploader":98,"fileType":""},{"key":"Forward 124 CS2 300S 24H_20230731","uploadType":"JV","original_name":"Forward 124 CS2 300S 24H_20230731-170250.txt","save_name":"JBNU-SC-00339\/Forward 124 CS2 300S 24H_20230731","uploader":98,"fileType":""},{"key":"Forward 111 CS2 300S 24H_20230731","uploadType":"JV","original_name":"Forward 111 CS2 300S 24H_20230731-165921.txt","save_name":"JBNU-SC-00339\/Forward 111 CS2 300S 24H_20230731","uploader":98,"fileType":""},{"key":"Forward 112 CS2 300S 24H_20230731","uploadType":"JV","original_name":"Forward 112 CS2 300S 24H_20230731-165944.txt","save_name":"JBNU-SC-00339\/Forward 112 CS2 300S 24H_20230731","uploader":98,"fileType":""},{"key":"Forward 113 CS2 300S 24H_20230731","uploadType":"JV","original_name":"Forward 113 CS2 300S 24H_20230731-170007.txt","save_name":"JBNU-SC-00339\/Forward 113 CS2 300S 24H_20230731","uploader":98,"fileType":""}],"jvcnt":8,"updated_at":"2024-08-07 02:33:50","created_at":"2023-11-20 02:30:12","analysisInfo":{"JV":[{"efficiency":16.6358,"fill_factor":72.3464,"jsc":21.36720163,"voc":1.07616225,"key":"Forward 124 CS2 300S 24H_20230731","cell_dimension":0.0464},{"efficiency":16.8768,"fill_factor":73.3124,"jsc":21.3808261,"voc":1.07668544,"key":"Forward 123 CS2 300S 24H_20230731","cell_dimension":0.0464},{"efficiency":17.3802,"fill_factor":73.7047,"jsc":21.66624334,"voc":1.08836921,"key":"Forward 122 CS2 300S 24H_20230731","cell_dimension":0.0464},{"efficiency":18.1252,"fill_factor":74.3897,"jsc":22.05906759,"voc":1.10454709,"key":"Forward 121 CS2 300S 24H_20230731","cell_dimension":0.0464},{"efficiency":16.5901,"fill_factor":73.1371,"jsc":21.05358174,"voc":1.07741721,"key":"Forward 114 CS2 300S 24H_20230731","cell_dimension":0.0464},{"efficiency":16.4426,"fill_factor":72.5437,"jsc":20.95164261,"voc":1.08181505,"key":"Forward 113 CS2 300S 24H_20230731","cell_dimension":0.0464},{"efficiency":16.1824,"fill_factor":71.5554,"jsc":20.86470337,"voc":1.08390073,"key":"Forward 112 CS2 300S 24H_20230731","cell_dimension":0.0464},{"efficiency":16.8411,"fill_factor":72.4976,"jsc":21.12616411,"voc":1.09958058,"key":"Forward 111 CS2 300S 24H_20230731","cell_dimension":0.0464}]},"public":2,"analysis":{"JV":[{"sample_area":{"value":0.0464,"unit":"cm2"},"irradiance":{"value":1,"unit":""},"pre_sweep_delay":{"value":1,"unit":""},"bias_direction":{"value":0,"unit":""},"max_reverse_bias":{"value":-0.2,"unit":""},"max_forward_bias":{"value":1.3,"unit":""},"num_sweep_points":{"value":31,"unit":""},"dwell_time":{"value":0,"unit":""},"current_limit":{"value":100,"unit":""},"pviv_10a_i_amp":{"value":0,"unit":""},"average":{"value":1,"unit":""},"dark_current":{"value":0,"unit":""},"rshunt_v_lo":{"value":-0.2,"unit":""},"rshunt_v_hi":{"value":0.2,"unit":""},"voc":{"value":1.07616225,"unit":"V"},"isc":{"value":0.00099144,"unit":"A"},"jsc":{"value":21.36720163,"unit":"mA\/cm2"},"imax":{"value":0.00087224,"unit":"A"},"vmax":{"value":0.88496328,"unit":"V"},"pmax":{"value":0.77189919,"unit":"mW"},"fill_factor":{"value":72.3464,"unit":"%"},"efficiency":{"value":16.6358,"unit":"%"},"r_at_voc":{"value":104.089575,"unit":""},"r_at_isc":{"value":49659.113,"unit":""},"power":{"value":0.00096941,"unit":"W"},"rshunt":{"value":"NaN","unit":"ohm"},"cell_temp_start":{"value":"NaN","unit":""},"cell_temp_end":{"value":"NaN","unit":""},"exposure":{"value":3.741,"unit":""},"time":{"value":"17:02:50","unit":""},"date":{"value":"07\/31\/2023","unit":""},"V":{"value":[1.3,1.25,1.2,1.15,1.1,1.05,1,0.95,0.9,0.85,0.8,0.75,0.7,0.65,0.6,0.55,0.5,0.45,0.4,0.35,0.3,0.25,0.2,0.15,0.1,0.05,0,-0.05,-0.1,-0.15,-0.2],"unit":"V"},"I":{"value":[-0.00376224,-0.00264128,-0.00167729,-0.00091488,-0.00022901,0.00025134,0.00056923,0.00076116,0.00085575,0.00090083,0.00093142,0.00094742,0.00096072,0.00096763,0.00097315,0.00097671,0.00097978,0.00098149,0.00098302,0.0009835,0.00098494,0.000986,0.00098714,0.0009891,0.00099037,0.00099126,0.00099245,0.00098938,0.00099404,0.00099427,0.0009958],"unit":"A"},"J":{"unit":"A\/cm2","value":[-0.08108275862068966,-0.05692413793103449,-0.036148491379310345,-0.019717241379310347,-0.004935560344827587,0.005416810344827587,0.012267887931034484,0.01640431034482759,0.018442887931034484,0.019414439655172415,0.020073706896551725,0.020418534482758623,0.020705172413793105,0.020854094827586208,0.02097306034482759,0.021049784482758623,0.02111594827586207,0.021152801724137932,0.02118577586206897,0.021196120689655176,0.021227155172413793,0.021249999999999998,0.021274568965517243,0.021316810344827585,0.02134418103448276,0.02136336206896552,0.021389008620689657,0.02132284482758621,0.021423275862068967,0.021428232758620692,0.021461206896551725]},"cell_dimension":{"value":0.0464,"unit":"cm2"},"sweep_direction":{"unit":"","value":"Forward"},"key":"Forward 124 CS2 300S 24H_20230731"},{"sample_area":{"value":0.0464,"unit":"cm2"},"irradiance":{"value":1,"unit":""},"pre_sweep_delay":{"value":1,"unit":""},"bias_direction":{"value":0,"unit":""},"max_reverse_bias":{"value":-0.2,"unit":""},"max_forward_bias":{"value":1.3,"unit":""},"num_sweep_points":{"value":31,"unit":""},"dwell_time":{"value":0,"unit":""},"current_limit":{"value":100,"unit":""},"pviv_10a_i_amp":{"value":0,"unit":""},"average":{"value":1,"unit":""},"dark_current":{"value":0,"unit":""},"rshunt_v_lo":{"value":-0.2,"unit":""},"rshunt_v_hi":{"value":0.2,"unit":""},"voc":{"value":1.07668544,"unit":"V"},"isc":{"value":0.00099207,"unit":"A"},"jsc":{"value":21.3808261,"unit":"mA\/cm2"},"imax":{"value":0.0008941,"unit":"A"},"vmax":{"value":0.87583511,"unit":"V"},"pmax":{"value":0.78308509,"unit":"mW"},"fill_factor":{"value":73.3124,"unit":"%"},"efficiency":{"value":16.8768,"unit":"%"},"r_at_voc":{"value":117.706771,"unit":""},"r_at_isc":{"value":49080.236,"unit":""},"power":{"value":0.00096945,"unit":"W"},"rshunt":{"value":"NaN","unit":"ohm"},"cell_temp_start":{"value":"NaN","unit":""},"cell_temp_end":{"value":"NaN","unit":""},"exposure":{"value":3.732,"unit":""},"time":{"value":"17:02:30","unit":""},"date":{"value":"07\/31\/2023","unit":""},"V":{"value":[1.3,1.25,1.2,1.15,1.1,1.05,1,0.95,0.9,0.85,0.8,0.75,0.7,0.65,0.6,0.55,0.5,0.45,0.4,0.35,0.3,0.25,0.2,0.15,0.1,0.05,0,-0.05,-0.1,-0.15,-0.2],"unit":"V"},"I":{"value":[-0.00277429,-0.00205116,-0.0013426,-0.00075627,-0.00019807,0.00022671,0.00054507,0.00075069,0.00086354,0.00091523,0.00093781,0.00095369,0.00096361,0.00097065,0.00097621,0.00097853,0.00098042,0.00098198,0.00098399,0.00098507,0.00098594,0.00098723,0.00098774,0.00098896,0.00099022,0.00099183,0.00099344,0.00098939,0.00099455,0.00099525,0.00099703],"unit":"A"},"J":{"unit":"A\/cm2","value":[-0.05979073275862069,-0.044206034482758616,-0.02893534482758621,-0.016298922413793104,-0.004268750000000001,0.004885991379310345,0.011747198275862071,0.01617866379310345,0.018610775862068968,0.01972478448275862,0.020211422413793104,0.02055366379310345,0.020767456896551725,0.02091918103448276,0.021039008620689657,0.02108900862068966,0.021129741379310348,0.021163362068965515,0.02120668103448276,0.021229956896551726,0.021248706896551728,0.021276508620689655,0.0212875,0.02131379310344828,0.02134094827586207,0.02137564655172414,0.021410344827586206,0.021323060344827584,0.021434267241379312,0.021449353448275865,0.021487715517241383]},"cell_dimension":{"value":0.0464,"unit":"cm2"},"sweep_direction":{"unit":"","value":"Forward"},"key":"Forward 123 CS2 300S 24H_20230731"},{"sample_area":{"value":0.0464,"unit":"cm2"},"irradiance":{"value":1,"unit":""},"pre_sweep_delay":{"value":1,"unit":""},"bias_direction":{"value":0,"unit":""},"max_reverse_bias":{"value":-0.2,"unit":""},"max_forward_bias":{"value":1.3,"unit":""},"num_sweep_points":{"value":31,"unit":""},"dwell_time":{"value":0,"unit":""},"current_limit":{"value":100,"unit":""},"pviv_10a_i_amp":{"value":0,"unit":""},"average":{"value":1,"unit":""},"dark_current":{"value":0,"unit":""},"rshunt_v_lo":{"value":-0.2,"unit":""},"rshunt_v_hi":{"value":0.2,"unit":""},"voc":{"value":1.08836921,"unit":"V"},"isc":{"value":0.00100531,"unit":"A"},"jsc":{"value":21.66624334,"unit":"mA\/cm2"},"imax":{"value":0.00090151,"unit":"A"},"vmax":{"value":0.89454387,"unit":"V"},"pmax":{"value":0.80644166,"unit":"mW"},"fill_factor":{"value":73.7047,"unit":"%"},"efficiency":{"value":17.3802,"unit":"%"},"r_at_voc":{"value":122.61212,"unit":""},"r_at_isc":{"value":62616.695,"unit":""},"power":{"value":0.00099539,"unit":"W"},"rshunt":{"value":"NaN","unit":"ohm"},"cell_temp_start":{"value":"NaN","unit":""},"cell_temp_end":{"value":"NaN","unit":""},"exposure":{"value":3.908,"unit":""},"time":{"value":"17:01:34","unit":""},"date":{"value":"07\/31\/2023","unit":""},"V":{"value":[1.3,1.25,1.2,1.15,1.1,1.05,1,0.95,0.9,0.85,0.8,0.75,0.7,0.65,0.6,0.55,0.5,0.45,0.4,0.35,0.3,0.25,0.2,0.15,0.1,0.05,0,-0.05,-0.1,-0.15,-0.2],"unit":"V"},"I":{"value":[-0.002819,-0.00196771,-0.00121639,-0.00061305,-9.486e-5,0.00031293,0.0006273,0.00080329,0.00089573,0.00093334,0.00095555,0.00096929,0.00097771,0.00098435,0.00098889,0.0009918,0.00099367,0.00099537,0.00099787,0.00099885,0.00100067,0.00100145,0.00100248,0.00100257,0.0010035,0.00100473,0.00100578,0.0010045,0.00100677,0.00100802,0.00100919],"unit":"A"},"J":{"unit":"A\/cm2","value":[-0.06075431034482759,-0.042407543103448284,-0.02621530172413793,-0.01321228448275862,-0.002044396551724138,0.006744181034482759,0.01351939655172414,0.017312284482758622,0.019304525862068968,0.020115086206896553,0.02059375,0.020889870689655175,0.02107133620689655,0.021214439655172414,0.021312284482758626,0.021375,0.021415301724137935,0.021451939655172416,0.021505818965517245,0.021526939655172415,0.02156616379310345,0.02158297413793104,0.021605172413793106,0.02160711206896552,0.021627155172413797,0.021653663793103448,0.021676293103448277,0.021648706896551725,0.02169762931034483,0.021724568965517246,0.021749784482758622]},"cell_dimension":{"value":0.0464,"unit":"cm2"},"sweep_direction":{"unit":"","value":"Forward"},"key":"Forward 122 CS2 300S 24H_20230731"},{"sample_area":{"value":0.0464,"unit":"cm2"},"irradiance":{"value":1,"unit":""},"pre_sweep_delay":{"value":1,"unit":""},"bias_direction":{"value":0,"unit":""},"max_reverse_bias":{"value":-0.2,"unit":""},"max_forward_bias":{"value":1.3,"unit":""},"num_sweep_points":{"value":31,"unit":""},"dwell_time":{"value":0,"unit":""},"current_limit":{"value":100,"unit":""},"pviv_10a_i_amp":{"value":0,"unit":""},"average":{"value":1,"unit":""},"dark_current":{"value":0,"unit":""},"rshunt_v_lo":{"value":-0.2,"unit":""},"rshunt_v_hi":{"value":0.2,"unit":""},"voc":{"value":1.10454709,"unit":"V"},"isc":{"value":0.00102354,"unit":"A"},"jsc":{"value":22.05906759,"unit":"mA\/cm2"},"imax":{"value":0.0009279,"unit":"A"},"vmax":{"value":0.90635664,"unit":"V"},"pmax":{"value":0.84101149,"unit":"mW"},"fill_factor":{"value":74.3897,"unit":"%"},"efficiency":{"value":18.1252,"unit":"%"},"r_at_voc":{"value":103.919956,"unit":""},"r_at_isc":{"value":67492.116,"unit":""},"power":{"value":0.00103076,"unit":"W"},"rshunt":{"value":"NaN","unit":"ohm"},"cell_temp_start":{"value":"NaN","unit":""},"cell_temp_end":{"value":"NaN","unit":""},"exposure":{"value":3.915,"unit":""},"time":{"value":"17:01:09","unit":""},"date":{"value":"07\/31\/2023","unit":""},"V":{"value":[1.3,1.25,1.2,1.15,1.1,1.05,1,0.95,0.9,0.85,0.8,0.75,0.7,0.65,0.6,0.55,0.5,0.45,0.4,0.35,0.3,0.25,0.2,0.15,0.1,0.05,0,-0.05,-0.1,-0.15,-0.2],"unit":"V"},"I":{"value":[-0.00266895,-0.00178233,-0.00102059,-0.00043738,4.376e-5,0.00041213,0.00070998,0.00085587,0.00093401,0.00096476,0.00098516,0.00099413,0.00100078,0.00100664,0.00101113,0.00101334,0.0010143,0.00101534,0.00101687,0.00101808,0.00101817,0.00101999,0.00102066,0.00102157,0.00102313,0.0010237,0.00102304,0.00102293,0.00102494,0.00102654,0.00102614],"unit":"A"},"J":{"unit":"A\/cm2","value":[-0.05752047413793104,-0.03841228448275862,-0.021995474137931036,-0.009426293103448277,0.0009431034482758621,0.008882112068965518,0.015301293103448278,0.018445474137931035,0.020129525862068967,0.020792241379310347,0.02123189655172414,0.02142521551724138,0.02156853448275862,0.0216948275862069,0.02179159482758621,0.021839224137931035,0.021859913793103453,0.0218823275862069,0.021915301724137932,0.02194137931034483,0.021943318965517246,0.021982543103448274,0.021996982758620692,0.02201659482758621,0.02205021551724138,0.022062500000000002,0.022048275862068967,0.022045905172413796,0.022089224137931036,0.022123706896551725,0.022115086206896555]},"cell_dimension":{"value":0.0464,"unit":"cm2"},"sweep_direction":{"unit":"","value":"Forward"},"key":"Forward 121 CS2 300S 24H_20230731"},{"sample_area":{"value":0.0464,"unit":"cm2"},"irradiance":{"value":1,"unit":""},"pre_sweep_delay":{"value":1,"unit":""},"bias_direction":{"value":0,"unit":""},"max_reverse_bias":{"value":-0.2,"unit":""},"max_forward_bias":{"value":1.3,"unit":""},"num_sweep_points":{"value":31,"unit":""},"dwell_time":{"value":0,"unit":""},"current_limit":{"value":100,"unit":""},"pviv_10a_i_amp":{"value":0,"unit":""},"average":{"value":1,"unit":""},"dark_current":{"value":0,"unit":""},"rshunt_v_lo":{"value":-0.2,"unit":""},"rshunt_v_hi":{"value":0.2,"unit":""},"voc":{"value":1.07741721,"unit":"V"},"isc":{"value":0.00097689,"unit":"A"},"jsc":{"value":21.05358174,"unit":"mA\/cm2"},"imax":{"value":0.00086637,"unit":"A"},"vmax":{"value":0.88850811,"unit":"V"},"pmax":{"value":0.76977838,"unit":"mW"},"fill_factor":{"value":73.1371,"unit":"%"},"efficiency":{"value":16.5901,"unit":"%"},"r_at_voc":{"value":106.366413,"unit":""},"r_at_isc":{"value":60167.682,"unit":""},"power":{"value":0.00095922,"unit":"W"},"rshunt":{"value":"NaN","unit":"ohm"},"cell_temp_start":{"value":"NaN","unit":""},"cell_temp_end":{"value":"NaN","unit":""},"exposure":{"value":3.731,"unit":""},"time":{"value":"17:00:32","unit":""},"date":{"value":"07\/31\/2023","unit":""},"V":{"value":[1.3,1.25,1.2,1.15,1.1,1.05,1,0.95,0.9,0.85,0.8,0.75,0.7,0.65,0.6,0.55,0.5,0.45,0.4,0.35,0.3,0.25,0.2,0.15,0.1,0.05,0,-0.05,-0.1,-0.15,-0.2],"unit":"V"},"I":{"value":[-0.00357907,-0.00252066,-0.00160497,-0.00087618,-0.00021231,0.00025776,0.0005721,0.00075596,0.00085398,0.00089529,0.000922,0.00093916,0.00095133,0.00095772,0.00096238,0.00096527,0.00096739,0.00096834,0.00096993,0.00097128,0.00097148,0.00097282,0.00097404,0.00097392,0.00097531,0.00097642,0.00097751,0.00097698,0.00097872,0.00097928,0.00098013],"unit":"A"},"J":{"unit":"A\/cm2","value":[-0.07713512931034483,-0.054324568965517246,-0.034589870689655175,-0.018883189655172414,-0.004575646551724139,0.005555172413793104,0.012329741379310345,0.016292241379310346,0.018404741379310346,0.019295043103448276,0.019870689655172413,0.020240517241379312,0.02050280172413793,0.020640517241379313,0.02074094827586207,0.02080323275862069,0.020848922413793106,0.02086939655172414,0.02090366379310345,0.02093275862068966,0.020937068965517242,0.02096594827586207,0.020992241379310345,0.020989655172413794,0.021019612068965517,0.02104353448275862,0.021067025862068968,0.02105560344827586,0.021093103448275863,0.021105172413793102,0.021123491379310348]},"cell_dimension":{"value":0.0464,"unit":"cm2"},"sweep_direction":{"unit":"","value":"Forward"},"key":"Forward 114 CS2 300S 24H_20230731"},{"sample_area":{"value":0.0464,"unit":"cm2"},"irradiance":{"value":1,"unit":""},"pre_sweep_delay":{"value":1,"unit":""},"bias_direction":{"value":0,"unit":""},"max_reverse_bias":{"value":-0.2,"unit":""},"max_forward_bias":{"value":1.3,"unit":""},"num_sweep_points":{"value":31,"unit":""},"dwell_time":{"value":0,"unit":""},"current_limit":{"value":100,"unit":""},"pviv_10a_i_amp":{"value":0,"unit":""},"average":{"value":1,"unit":""},"dark_current":{"value":0,"unit":""},"rshunt_v_lo":{"value":-0.2,"unit":""},"rshunt_v_hi":{"value":0.2,"unit":""},"voc":{"value":1.08181505,"unit":"V"},"isc":{"value":0.00097216,"unit":"A"},"jsc":{"value":20.95164261,"unit":"mA\/cm2"},"imax":{"value":0.00085921,"unit":"A"},"vmax":{"value":0.88795436,"unit":"V"},"pmax":{"value":0.76293697,"unit":"mW"},"fill_factor":{"value":72.5437,"unit":"%"},"efficiency":{"value":16.4426,"unit":"%"},"r_at_voc":{"value":115.453763,"unit":""},"r_at_isc":{"value":67346.746,"unit":""},"power":{"value":0.00095557,"unit":"W"},"rshunt":{"value":"NaN","unit":"ohm"},"cell_temp_start":{"value":"NaN","unit":""},"cell_temp_end":{"value":"NaN","unit":""},"exposure":{"value":3.735,"unit":""},"time":{"value":"17:00:07","unit":""},"date":{"value":"07\/31\/2023","unit":""},"V":{"value":[1.3,1.25,1.2,1.15,1.1,1.05,1,0.95,0.9,0.85,0.8,0.75,0.7,0.65,0.6,0.55,0.5,0.45,0.4,0.35,0.3,0.25,0.2,0.15,0.1,0.05,0,-0.05,-0.1,-0.15,-0.2],"unit":"V"},"I":{"value":[-0.00319401,-0.00224857,-0.00142403,-0.00076038,-0.00015751,0.00027557,0.00057127,0.00075567,0.00084645,0.00088879,0.00091722,0.00093211,0.0009451,0.0009521,0.00095684,0.00095987,0.00096192,0.00096388,0.00096461,0.0009653,0.00096711,0.00096796,0.00096921,0.00097027,0.00097155,0.00097232,0.00097286,0.0009709,0.00097438,0.00097409,0.00097491],"unit":"A"},"J":{"unit":"A\/cm2","value":[-0.0688364224137931,-0.04846056034482759,-0.030690301724137933,-0.0163875,-0.0033946120689655173,0.005939008620689655,0.012311853448275864,0.016285991379310343,0.018242456896551726,0.019154956896551726,0.019767672413793104,0.0200885775862069,0.020368534482758622,0.02051939655172414,0.020621551724137932,0.020686853448275866,0.020731034482758624,0.020773275862068966,0.020789008620689657,0.02080387931034483,0.020842887931034483,0.020861206896551725,0.02088814655172414,0.020910991379310344,0.020938577586206895,0.020955172413793105,0.020966810344827586,0.020924568965517244,0.020999568965517242,0.020993318965517243,0.021010991379310347]},"cell_dimension":{"value":0.0464,"unit":"cm2"},"sweep_direction":{"unit":"","value":"Forward"},"key":"Forward 113 CS2 300S 24H_20230731"},{"sample_area":{"value":0.0464,"unit":"cm2"},"irradiance":{"value":1,"unit":""},"pre_sweep_delay":{"value":1,"unit":""},"bias_direction":{"value":0,"unit":""},"max_reverse_bias":{"value":-0.2,"unit":""},"max_forward_bias":{"value":1.3,"unit":""},"num_sweep_points":{"value":31,"unit":""},"dwell_time":{"value":0,"unit":""},"current_limit":{"value":100,"unit":""},"pviv_10a_i_amp":{"value":0,"unit":""},"average":{"value":1,"unit":""},"dark_current":{"value":0,"unit":""},"rshunt_v_lo":{"value":-0.2,"unit":""},"rshunt_v_hi":{"value":0.2,"unit":""},"voc":{"value":1.08390073,"unit":"V"},"isc":{"value":0.00096812,"unit":"A"},"jsc":{"value":20.86470337,"unit":"mA\/cm2"},"imax":{"value":0.00086788,"unit":"A"},"vmax":{"value":0.86517298,"unit":"V"},"pmax":{"value":0.75086533,"unit":"mW"},"fill_factor":{"value":71.5554,"unit":"%"},"efficiency":{"value":16.1824,"unit":"%"},"r_at_voc":{"value":135.654729,"unit":""},"r_at_isc":{"value":50324.824,"unit":""},"power":{"value":0.00094442,"unit":"W"},"rshunt":{"value":"NaN","unit":"ohm"},"cell_temp_start":{"value":"NaN","unit":""},"cell_temp_end":{"value":"NaN","unit":""},"exposure":{"value":3.73,"unit":""},"time":{"value":"16:59:44","unit":""},"date":{"value":"07\/31\/2023","unit":""},"V":{"value":[1.3,1.25,1.2,1.15,1.1,1.05,1,0.95,0.9,0.85,0.8,0.75,0.7,0.65,0.6,0.55,0.5,0.45,0.4,0.35,0.3,0.25,0.2,0.15,0.1,0.05,0,-0.05,-0.1,-0.15,-0.2],"unit":"V"},"I":{"value":[-0.00231429,-0.00166665,-0.00108354,-0.00058751,-0.00011868,0.0002499,0.00052774,0.00072078,0.00082179,0.00088126,0.0009077,0.00092777,0.00093786,0.00094638,0.00095078,0.00095375,0.0009552,0.00095636,0.00095878,0.00096012,0.00096168,0.00096285,0.0009647,0.00096582,0.00096644,0.000967,0.00096804,0.00096826,0.0009699,0.0009716,0.00097212],"unit":"A"},"J":{"unit":"A\/cm2","value":[-0.04987693965517242,-0.03591918103448276,-0.023352155172413794,-0.012661853448275862,-0.0025577586206896553,0.005385775862068966,0.011373706896551724,0.015534051724137932,0.017710991379310346,0.018992672413793106,0.0195625,0.019995043103448275,0.0202125,0.020396120689655173,0.02049094827586207,0.020554956896551724,0.020586206896551724,0.020611206896551725,0.02066336206896552,0.020692241379310347,0.02072586206896552,0.0207510775862069,0.02079094827586207,0.020815086206896555,0.020828448275862072,0.020840517241379312,0.020862931034482758,0.020867672413793104,0.020903017241379312,0.020939655172413793,0.020950862068965518]},"cell_dimension":{"value":0.0464,"unit":"cm2"},"sweep_direction":{"unit":"","value":"Forward"},"key":"Forward 112 CS2 300S 24H_20230731"},{"sample_area":{"value":0.0464,"unit":"cm2"},"irradiance":{"value":1,"unit":""},"pre_sweep_delay":{"value":1,"unit":""},"bias_direction":{"value":0,"unit":""},"max_reverse_bias":{"value":-0.2,"unit":""},"max_forward_bias":{"value":1.3,"unit":""},"num_sweep_points":{"value":31,"unit":""},"dwell_time":{"value":0,"unit":""},"current_limit":{"value":100,"unit":""},"pviv_10a_i_amp":{"value":0,"unit":""},"average":{"value":1,"unit":""},"dark_current":{"value":0,"unit":""},"rshunt_v_lo":{"value":-0.2,"unit":""},"rshunt_v_hi":{"value":0.2,"unit":""},"voc":{"value":1.09958058,"unit":"V"},"isc":{"value":0.00098025,"unit":"A"},"jsc":{"value":21.12616411,"unit":"mA\/cm2"},"imax":{"value":0.00087325,"unit":"A"},"vmax":{"value":0.89485267,"unit":"V"},"pmax":{"value":0.78142869,"unit":"mW"},"fill_factor":{"value":72.4976,"unit":"%"},"efficiency":{"value":16.8411,"unit":"%"},"r_at_voc":{"value":136.29624,"unit":""},"r_at_isc":{"value":56011.797,"unit":""},"power":{"value":0.0009761,"unit":"W"},"rshunt":{"value":"NaN","unit":"ohm"},"cell_temp_start":{"value":"NaN","unit":""},"cell_temp_end":{"value":"NaN","unit":""},"exposure":{"value":3.97,"unit":""},"time":{"value":"16:59:21","unit":""},"date":{"value":"07\/31\/2023","unit":""},"V":{"value":[1.3,1.25,1.2,1.15,1.1,1.05,1,0.95,0.9,0.85,0.8,0.75,0.7,0.65,0.6,0.55,0.5,0.45,0.4,0.35,0.3,0.25,0.2,0.15,0.1,0.05,0,-0.05,-0.1,-0.15,-0.2],"unit":"V"},"I":{"value":[-0.00274047,-0.00182806,-0.00105819,-0.00047027,-3.08e-6,0.00036377,0.00064634,0.00079253,0.00086804,0.00090641,0.00092838,0.00094116,0.00095174,0.00095867,0.00096321,0.00096647,0.00096851,0.0009702,0.00097146,0.00097325,0.00097402,0.00097613,0.00097717,0.00097794,0.00097842,0.0009792,0.00098085,0.00098029,0.0009824,0.00098281,0.00098375],"unit":"A"},"J":{"unit":"A\/cm2","value":[-0.059061853448275865,-0.03939784482758621,-0.022805818965517245,-0.010135129310344828,-6.637931034482759e-5,0.007839870689655174,0.013929741379310346,0.01708038793103448,0.018707758620689657,0.01953469827586207,0.020008189655172415,0.020283620689655175,0.020511637931034485,0.020660991379310347,0.020758836206896555,0.020829094827586207,0.02087306034482759,0.02090948275862069,0.020936637931034487,0.02097521551724138,0.02099181034482759,0.02103728448275862,0.02105969827586207,0.021076293103448277,0.021086637931034484,0.02110344827586207,0.021139008620689653,0.021126939655172414,0.021172413793103452,0.021181250000000002,0.021201508620689657]},"cell_dimension":{"value":0.0464,"unit":"cm2"},"sweep_direction":{"unit":"","value":"Forward"},"key":"Forward 111 CS2 300S 24H_20230731"}]}}