{"_id":"655af7eeb3b99550162d9099","id":"JBNU-SC-00398","author":98,"group":10,"input":[{"tco":{"unit":"","value":"ITO"}},{"htl":[{"material":{"unit":"","value":"NiO_Sputter"},"concentration":{"unit":"","value":"None"},"conc_unit":{"unit":"","value":"None"},"quantity":{"unit":"ml","value":"None"}}],"solvent":[{"material":{"unit":"","value":"None"},"volume":{"unit":"ml","value":"None"}},{"material":{"unit":"","value":"None"},"volume":{"unit":"ml","value":"None"}}],"htl_doping":[{"material":{"unit":"","value":"None"},"volume":{"unit":"ul","value":"None"}}],"spin_coating":[{"type":{"unit":"","value":"None"},"rpm":{"unit":"","value":"None"},"time":{"unit":"s","value":"None"}}],"vacuum_suction":[{"unit":"s","value":"None"}],"annealing":[{"temperature":{"unit":"oC","value":"300"},"time":{"unit":"m","value":"30"}}],"module":[{"type":{"unit":"","value":"None"},"gap":{"unit":"um","value":"None"},"coating_speed":{"unit":"mm\/s","value":"None"},"feeding_amount":{"unit":"ul","value":"None"}}],"thermal_evaporation":[{"vacuum_evaporation_thickness":{"unit":"nm","value":"None"},"evaporation_rate":{"unit":"\u00c5\/s","value":"None"},"vacuum_pressure":{"unit":"uTorr","value":"None"}}]},{"htl":[{"material":{"unit":"","value":"Me-4PACz"},"concentration":{"unit":"","value":"0.6666666666666666"},"conc_unit":{"unit":"","value":"mg\/ml"},"quantity":{"unit":"ml","value":"None"}}],"solvent":[{"material":{"unit":"","value":"Ethanol"},"volume":{"unit":"ml","value":"1"}},{"material":{"unit":"","value":"None"},"volume":{"unit":"ml","value":"None"}}],"htl_doping":[{"material":{"unit":"","value":"None"},"volume":{"unit":"ul","value":"None"}}],"spin_coating":[{"type":{"unit":"","value":"drop&run"},"rpm":{"unit":"","value":"3000"},"time":{"unit":"s","value":"10"}}],"vacuum_suction":[{"unit":"s","value":"10"}],"annealing":[{"temperature":{"unit":"oC","value":"None"},"time":{"unit":"m","value":"None"}}],"module":[{"type":{"unit":"","value":"None"},"gap":{"unit":"um","value":"None"},"coating_speed":{"unit":"mm\/s","value":"None"},"feeding_amount":{"unit":"ul","value":"None"}}],"thermal_evaporation":[{"vacuum_evaporation_thickness":{"unit":"nm","value":"None"},"evaporation_rate":{"unit":"\u00c5\/s","value":"None"},"vacuum_pressure":{"unit":"uTorr","value":"None"}}]},{"perovskite":{"method":{"unit":"","value":"1-step"},"molarity":{"unit":"M","value":"1.45"},"a_site":[{"material":{"unit":"","value":"Cs"},"ratio":{"unit":"","value":"0.175"}},{"material":{"unit":"","value":"FA"},"ratio":{"unit":"","value":"0.825"}}],"b_site":[{"material":{"unit":"","value":"Pb"},"ratio":{"unit":"","value":"1"}},{"material":{"unit":"","value":"None"},"ratio":{"unit":"","value":"None"}}],"x_site":[{"material":{"unit":"","value":"I"},"ratio":{"unit":"","value":"2.55"}},{"material":{"unit":"","value":"Br"},"ratio":{"unit":"","value":"0.45"}}],"solvent":[{"material":{"unit":"","value":"DMF"},"volume":{"unit":"ml","value":"0.8"}},{"material":{"unit":"","value":"DMSO"},"volume":{"unit":"ml","value":"0.2"}}],"additive":[{"material":{"unit":"","value":"None"},"solvent":{"unit":"","value":"None"},"concentration":{"unit":"","value":"None"},"conc_unit":{"unit":"","value":"None"},"quantity":{"unit":"mol%","value":"None"}}],"stirring_time":[{"unit":"m","value":"120"}],"antisolvent":[{"material":{"unit":"","value":"None"},"quantity":{"unit":"ul","value":"None"},"dripping_time":{"unit":"s","value":"d"}}],"spin_coating":[{"type":{"unit":"","value":"drop&run"},"rpm":{"unit":"","value":"4000"},"time":{"unit":"s","value":"10"}}],"vacuum_suction":[{"unit":"s","value":"60"}],"annealing":[{"temperature":{"unit":"oC","value":"100"},"time":{"unit":"m","value":"30"}}],"atmosphere":[{"type":{"unit":"","value":"N2"},"temperature":{"unit":"oC","value":"28"},"humidity":{"unit":"RH%","value":"0"}}],"assist":[{"type":{"unit":"","value":"None"},"temperature":{"unit":"oC","value":"None"},"assist_start_time":{"value":null,"unit":"s"},"total_assist_time":{"value":"None","unit":"s"}}],"module":[{"type":{"unit":"","value":"None"},"gap":{"unit":"um","value":"None"},"coating_speed":{"unit":"mm\/s","value":"None"},"feeding_amount":{"unit":"ul","value":"None"}}],"thermal_evaporation":[{"vacuum_evaporation_thickness":{"unit":"nm","value":"None"},"evaporation_rate":{"unit":"\u00c5\/s","value":"None"},"vacuum_pressure":{"unit":"uTorr","value":"None"}}]}},{"perovskite_treatment":[{"material":{"unit":"","value":"None"},"concentration":{"unit":"","value":"None"},"conc_unit":{"unit":"","value":"None"},"quantity":{"unit":"ml","value":"None"}}],"solvent":[{"material":{"unit":"","value":"None"},"volume":{"unit":"ml","value":"None"}},{"material":{"unit":"","value":"None"},"volume":{"unit":"ml","value":"None"}}],"spin_coating":[{"type":{"unit":"","value":"None"},"rpm":{"unit":"","value":"None"},"time":{"unit":"s","value":"None"}}],"vacuum_suction":[{"unit":"s","value":"None"}],"annealing":[{"temperature":{"unit":"oC","value":"None"},"time":{"unit":"m","value":"None"}}],"module":[{"type":{"unit":"","value":"None"},"gap":{"unit":"um","value":"None"},"coating_speed":{"unit":"mm\/s","value":"None"},"feeding_amount":{"unit":"ul","value":"None"}}],"thermal_evaporation":[{"vacuum_evaporation_thickness":{"unit":"nm","value":"None"},"evaporation_rate":{"unit":"\u00c5\/s","value":"None"},"vacuum_pressure":{"unit":"uTorr","value":"None"}}]},{"etl":[{"material":{"unit":"","value":"C60"},"concentration":{"unit":"","value":"None"},"conc_unit":{"unit":"","value":"None"},"quantity":{"unit":"ml","value":"None"}}],"solvent":[{"material":{"unit":"","value":"None"},"volume":{"unit":"ml","value":"None"}},{"material":{"unit":"","value":"None"},"volume":{"unit":"ml","value":"None"}}],"spin_coating":[{"type":{"unit":"","value":"None"},"rpm":{"unit":"","value":"None"},"time":{"unit":"s","value":"None"}}],"vacuum_suction":[{"unit":"s","value":"None"}],"annealing":[{"temperature":{"unit":"oC","value":"None"},"time":{"unit":"m","value":"None"}}],"etl_doping":[{"material":{"unit":"","value":"None"},"volume":{"unit":"ul","value":"None"}}],"module":[{"type":{"unit":"","value":"None"},"gap":{"unit":"um","value":"None"},"coating_speed":{"unit":"mm\/s","value":"None"},"feeding_amount":{"unit":"ul","value":"None"}}],"thermal_evaporation":[{"vacuum_evaporation_thickness":{"unit":"nm","value":"30"},"evaporation_rate":{"unit":"\u00c5\/s","value":"0.6"},"vacuum_pressure":{"unit":"uTorr","value":"2x10-6"}}]},{"blocking_buffer_layer":[{"material":{"unit":"","value":"BCP"},"concentration":{"unit":"","value":"None"},"conc_unit":{"unit":"","value":"None"},"quantity":{"unit":"ml","value":"None"}}],"solvent":[{"material":{"unit":"","value":"None"},"volume":{"unit":"ml","value":"None"}},{"material":{"unit":"","value":"None"},"volume":{"unit":"ml","value":"None"}}],"spin_coating":[{"type":{"unit":"","value":"None"},"rpm":{"unit":"","value":"None"},"time":{"unit":"s","value":"None"}}],"vacuum_suction":[{"unit":"s","value":"0"}],"annealing":[{"temperature":{"unit":"oC","value":"None"},"time":{"unit":"m","value":"None"}}],"module":[{"type":{"unit":"","value":"None"},"gap":{"unit":"um","value":"None"},"coating_speed":{"unit":"mm\/s","value":"None"},"feeding_amount":{"unit":"ul","value":"None"}}],"thermal_evaporation":[{"vacuum_evaporation_thickness":{"unit":"nm","value":"6"},"evaporation_rate":{"unit":"\u00c5\/s","value":"0.6"},"vacuum_pressure":{"unit":"uTorr","value":"2x10-6"}}]},[],{"note":{"unit":"","value":"-"},"ar":{"unit":"","value":"0"},"type":{"unit":"","value":"unit_cell"},"device_type":{"unit":"","value":"p-i-n"},"temperature":{"unit":"\u2103","value":"25"},"humidity":{"unit":"%","value":"40"},"cell_dimension":{"unit":"cm2","value":"0.0464"}},{"anode_metal":{"unit":"","value":"Ag"}}],"fileinfo":[{"key":"Forward134_20230712","uploadType":"JV","original_name":"Forward134_20230712-174505.txt","save_name":"JBNU-SC-00398\/Forward134_20230712","uploader":98,"fileType":""},{"key":"Forward141_20230712","uploadType":"JV","original_name":"Forward141_20230712-174537.txt","save_name":"JBNU-SC-00398\/Forward141_20230712","uploader":98,"fileType":""},{"key":"Forward142_20230712","uploadType":"JV","original_name":"Forward142_20230712-174618.txt","save_name":"JBNU-SC-00398\/Forward142_20230712","uploader":98,"fileType":""},{"key":"Forward143_20230712","uploadType":"JV","original_name":"Forward143_20230712-174703.txt","save_name":"JBNU-SC-00398\/Forward143_20230712","uploader":98,"fileType":""},{"key":"Forward144_20230712","uploadType":"JV","original_name":"Forward144_20230712-174734.txt","save_name":"JBNU-SC-00398\/Forward144_20230712","uploader":98,"fileType":""},{"key":"Forward131_20230712","uploadType":"JV","original_name":"Forward131_20230712-174313.txt","save_name":"JBNU-SC-00398\/Forward131_20230712","uploader":98,"fileType":""},{"key":"Forward132_20230712","uploadType":"JV","original_name":"Forward132_20230712-174337.txt","save_name":"JBNU-SC-00398\/Forward132_20230712","uploader":98,"fileType":""},{"key":"Forward133_20230712","uploadType":"JV","original_name":"Forward133_20230712-174430.txt","save_name":"JBNU-SC-00398\/Forward133_20230712","uploader":98,"fileType":""}],"jvcnt":8,"updated_at":"2024-08-07 02:33:50","created_at":"2023-11-20 06:08:46","analysisInfo":{"JV":[{"efficiency":17.271,"fill_factor":72.4173,"jsc":21.89993985,"voc":1.08901305,"key":"Forward144_20230712","cell_dimension":0.0464},{"efficiency":17.1921,"fill_factor":72.5282,"jsc":21.8953415,"voc":1.08260591,"key":"Forward143_20230712","cell_dimension":0.0464},{"efficiency":17.527,"fill_factor":72.5838,"jsc":22.22918358,"voc":1.08628655,"key":"Forward142_20230712","cell_dimension":0.0464},{"efficiency":6.6236,"fill_factor":41.9493,"jsc":21.36555942,"voc":0.73902266,"key":"Forward141_20230712","cell_dimension":0.0464},{"efficiency":15.6097,"fill_factor":68.6634,"jsc":21.03222529,"voc":1.08089312,"key":"Forward134_20230712","cell_dimension":0.0464},{"efficiency":16.1343,"fill_factor":71.3754,"jsc":20.91505676,"voc":1.08079201,"key":"Forward133_20230712","cell_dimension":0.0464},{"efficiency":16.6289,"fill_factor":72.213,"jsc":21.083475,"voc":1.09221008,"key":"Forward132_20230712","cell_dimension":0.0464},{"efficiency":16.8511,"fill_factor":72.5311,"jsc":21.26053875,"voc":1.09276911,"key":"Forward131_20230712","cell_dimension":0.0464}]},"public":2,"analysis":{"JV":[{"sample_area":{"value":0.0464,"unit":"cm2"},"irradiance":{"value":1,"unit":""},"pre_sweep_delay":{"value":1,"unit":""},"bias_direction":{"value":0,"unit":""},"max_reverse_bias":{"value":-0.2,"unit":""},"max_forward_bias":{"value":1.3,"unit":""},"num_sweep_points":{"value":31,"unit":""},"dwell_time":{"value":0,"unit":""},"current_limit":{"value":100,"unit":""},"pviv_10a_i_amp":{"value":0,"unit":""},"average":{"value":1,"unit":""},"dark_current":{"value":0,"unit":""},"rshunt_v_lo":{"value":-0.2,"unit":""},"rshunt_v_hi":{"value":0.2,"unit":""},"voc":{"value":1.08901305,"unit":"V"},"isc":{"value":0.00101616,"unit":"A"},"jsc":{"value":21.89993985,"unit":"mA\/cm2"},"imax":{"value":0.00092635,"unit":"A"},"vmax":{"value":0.86508971,"unit":"V"},"pmax":{"value":0.80137627,"unit":"mW"},"fill_factor":{"value":72.4173,"unit":"%"},"efficiency":{"value":17.271,"unit":"%"},"r_at_voc":{"value":191.208961,"unit":""},"r_at_isc":{"value":52240.153,"unit":""},"power":{"value":0.00098953,"unit":"W"},"rshunt":{"value":"NaN","unit":"ohm"},"cell_temp_start":{"value":"NaN","unit":""},"cell_temp_end":{"value":"NaN","unit":""},"exposure":{"value":3.904,"unit":""},"time":{"value":"17:47:34","unit":""},"date":{"value":"07\/12\/2023","unit":""},"V":{"value":[1.3,1.25,1.2,1.15,1.1,1.05,1,0.95,0.9,0.85,0.8,0.75,0.7,0.65,0.6,0.55,0.5,0.45,0.4,0.35,0.3,0.25,0.2,0.15,0.1,0.05,0,-0.05,-0.1,-0.15,-0.2],"unit":"V"},"I":{"value":[-0.0019054,-0.00119398,-0.00067879,-0.00031303,-5.746e-5,0.00020403,0.00049918,0.0007305,0.00087703,0.00094088,0.00097144,0.00098256,0.00099058,0.00099658,0.00100062,0.00100405,0.00100542,0.00100741,0.00100911,0.00100908,0.00101081,0.00101144,0.00101255,0.00101264,0.0010141,0.00101494,0.00101628,0.0010164,0.00101883,0.00101951,0.0010197],"unit":"A"},"J":{"unit":"A\/cm2","value":[-0.0410646551724138,-0.025732327586206902,-0.014629094827586207,-0.006746336206896552,-0.0012383620689655173,0.00439719827586207,0.010758189655172414,0.01574353448275862,0.018901508620689657,0.020277586206896552,0.020936206896551724,0.021175862068965517,0.021348706896551727,0.02147801724137931,0.021565086206896553,0.021639008620689657,0.02166853448275862,0.021711422413793105,0.021748060344827586,0.02174741379310345,0.02178469827586207,0.021798275862068967,0.021822198275862074,0.021824137931034483,0.021855603448275862,0.021873706896551725,0.021902586206896554,0.021905172413793104,0.02195754310344828,0.021972198275862068,0.021976293103448275]},"cell_dimension":{"value":0.0464,"unit":"cm2"},"sweep_direction":{"unit":"","value":"Forward"},"key":"Forward144_20230712"},{"sample_area":{"value":0.0464,"unit":"cm2"},"irradiance":{"value":1,"unit":""},"pre_sweep_delay":{"value":1,"unit":""},"bias_direction":{"value":0,"unit":""},"max_reverse_bias":{"value":-0.2,"unit":""},"max_forward_bias":{"value":1.3,"unit":""},"num_sweep_points":{"value":31,"unit":""},"dwell_time":{"value":0,"unit":""},"current_limit":{"value":100,"unit":""},"pviv_10a_i_amp":{"value":0,"unit":""},"average":{"value":1,"unit":""},"dark_current":{"value":0,"unit":""},"rshunt_v_lo":{"value":-0.2,"unit":""},"rshunt_v_hi":{"value":0.2,"unit":""},"voc":{"value":1.08260591,"unit":"V"},"isc":{"value":0.00101594,"unit":"A"},"jsc":{"value":21.8953415,"unit":"mA\/cm2"},"imax":{"value":0.00092251,"unit":"A"},"vmax":{"value":0.86472147,"unit":"V"},"pmax":{"value":0.79771355,"unit":"mW"},"fill_factor":{"value":72.5282,"unit":"%"},"efficiency":{"value":17.1921,"unit":"%"},"r_at_voc":{"value":159.15447,"unit":""},"r_at_isc":{"value":44992.351,"unit":""},"power":{"value":0.00098715,"unit":"W"},"rshunt":{"value":"NaN","unit":"ohm"},"cell_temp_start":{"value":"NaN","unit":""},"cell_temp_end":{"value":"NaN","unit":""},"exposure":{"value":3.915,"unit":""},"time":{"value":"17:47:03","unit":""},"date":{"value":"07\/12\/2023","unit":""},"V":{"value":[1.3,1.25,1.2,1.15,1.1,1.05,1,0.95,0.9,0.85,0.8,0.75,0.7,0.65,0.6,0.55,0.5,0.45,0.4,0.35,0.3,0.25,0.2,0.15,0.1,0.05,0,-0.05,-0.1,-0.15,-0.2],"unit":"V"},"I":{"value":[-0.00227725,-0.0014433,-0.00084196,-0.00041604,-0.00010929,0.00020487,0.00050711,0.00073295,0.00087247,0.00093655,0.00096555,0.00097685,0.00098663,0.00099235,0.00099843,0.00100101,0.00100326,0.00100548,0.00100622,0.00100857,0.00100951,0.00101008,0.00101171,0.0010124,0.00101351,0.00101518,0.00101605,0.00101664,0.00101794,0.00102025,0.00101988],"unit":"A"},"J":{"unit":"A\/cm2","value":[-0.04907866379310345,-0.031105603448275863,-0.018145689655172416,-0.008966379310344828,-0.002355387931034483,0.004415301724137932,0.010929094827586206,0.015796336206896553,0.01880323275862069,0.02018426724137931,0.02080926724137931,0.021052801724137933,0.021263577586206898,0.02138685344827586,0.021517887931034485,0.021573491379310347,0.021621982758620692,0.021669827586206898,0.021685775862068966,0.021736422413793106,0.021756681034482757,0.02176896551724138,0.02180409482758621,0.021818965517241384,0.021842887931034484,0.02187887931034483,0.021897629310344828,0.02191034482758621,0.021938362068965517,0.021988146551724142,0.021980172413793103]},"cell_dimension":{"value":0.0464,"unit":"cm2"},"sweep_direction":{"unit":"","value":"Forward"},"key":"Forward143_20230712"},{"sample_area":{"value":0.0464,"unit":"cm2"},"irradiance":{"value":1,"unit":""},"pre_sweep_delay":{"value":1,"unit":""},"bias_direction":{"value":0,"unit":""},"max_reverse_bias":{"value":-0.2,"unit":""},"max_forward_bias":{"value":1.3,"unit":""},"num_sweep_points":{"value":31,"unit":""},"dwell_time":{"value":0,"unit":""},"current_limit":{"value":100,"unit":""},"pviv_10a_i_amp":{"value":0,"unit":""},"average":{"value":1,"unit":""},"dark_current":{"value":0,"unit":""},"rshunt_v_lo":{"value":-0.2,"unit":""},"rshunt_v_hi":{"value":0.2,"unit":""},"voc":{"value":1.08628655,"unit":"V"},"isc":{"value":0.00103143,"unit":"A"},"jsc":{"value":22.22918358,"unit":"mA\/cm2"},"imax":{"value":0.00094146,"unit":"A"},"vmax":{"value":0.86382185,"unit":"V"},"pmax":{"value":0.81325244,"unit":"mW"},"fill_factor":{"value":72.5838,"unit":"%"},"efficiency":{"value":17.527,"unit":"%"},"r_at_voc":{"value":188.161602,"unit":""},"r_at_isc":{"value":39380.509,"unit":""},"power":{"value":0.00100213,"unit":"W"},"rshunt":{"value":"NaN","unit":"ohm"},"cell_temp_start":{"value":"NaN","unit":""},"cell_temp_end":{"value":"NaN","unit":""},"exposure":{"value":3.902,"unit":""},"time":{"value":"17:46:18","unit":""},"date":{"value":"07\/12\/2023","unit":""},"V":{"value":[1.3,1.25,1.2,1.15,1.1,1.05,1,0.95,0.9,0.85,0.8,0.75,0.7,0.65,0.6,0.55,0.5,0.45,0.4,0.35,0.3,0.25,0.2,0.15,0.1,0.05,0,-0.05,-0.1,-0.15,-0.2],"unit":"V"},"I":{"value":[-0.00236162,-0.00141442,-0.00077302,-0.00033983,-7.288e-5,0.00019285,0.00050576,0.00074769,0.00088726,0.00095479,0.00098253,0.00099611,0.00100237,0.00100924,0.00101407,0.00101608,0.00101865,0.00101927,0.00102206,0.00102266,0.00102377,0.0010252,0.00102676,0.00102715,0.00102857,0.00103015,0.00103224,0.00103189,0.00103439,0.0010352,0.0010365],"unit":"A"},"J":{"unit":"A\/cm2","value":[-0.050896982758620694,-0.030483189655172417,-0.01665991379310345,-0.007323922413793104,-0.0015706896551724138,0.00415625,0.0109,0.016114008620689655,0.01912198275862069,0.020577370689655174,0.02117521551724138,0.021467887931034484,0.021602801724137935,0.02175086206896552,0.021854956896551724,0.021898275862068967,0.021953663793103453,0.02196702586206897,0.022027155172413795,0.022040086206896556,0.022064008620689655,0.022094827586206896,0.02212844827586207,0.022136853448275862,0.022167456896551724,0.022201508620689658,0.022246551724137933,0.022239008620689657,0.022292887931034486,0.022310344827586207,0.02233836206896552]},"cell_dimension":{"value":0.0464,"unit":"cm2"},"sweep_direction":{"unit":"","value":"Forward"},"key":"Forward142_20230712"},{"sample_area":{"value":0.0464,"unit":"cm2"},"irradiance":{"value":1,"unit":""},"pre_sweep_delay":{"value":1,"unit":""},"bias_direction":{"value":0,"unit":""},"max_reverse_bias":{"value":-0.2,"unit":""},"max_forward_bias":{"value":1.3,"unit":""},"num_sweep_points":{"value":31,"unit":""},"dwell_time":{"value":0,"unit":""},"current_limit":{"value":100,"unit":""},"pviv_10a_i_amp":{"value":0,"unit":""},"average":{"value":1,"unit":""},"dark_current":{"value":0,"unit":""},"rshunt_v_lo":{"value":-0.2,"unit":""},"rshunt_v_hi":{"value":0.2,"unit":""},"voc":{"value":0.73902266,"unit":"V"},"isc":{"value":0.00099136,"unit":"A"},"jsc":{"value":21.36555942,"unit":"mA\/cm2"},"imax":{"value":0.00066312,"unit":"A"},"vmax":{"value":0.46347137,"unit":"V"},"pmax":{"value":0.30733707,"unit":"mW"},"fill_factor":{"value":41.9493,"unit":"%"},"efficiency":{"value":6.6236,"unit":"%"},"r_at_voc":{"value":271.566273,"unit":""},"r_at_isc":{"value":3241.956,"unit":""},"power":{"value":0.00051003,"unit":"W"},"rshunt":{"value":"NaN","unit":"ohm"},"cell_temp_start":{"value":"NaN","unit":""},"cell_temp_end":{"value":"NaN","unit":""},"exposure":{"value":4.033,"unit":""},"time":{"value":"17:45:37","unit":""},"date":{"value":"07\/12\/2023","unit":""},"V":{"value":[1.3,1.25,1.2,1.15,1.1,1.05,1,0.95,0.9,0.85,0.8,0.75,0.7,0.65,0.6,0.55,0.5,0.45,0.4,0.35,0.3,0.25,0.2,0.15,0.1,0.05,0,-0.05,-0.1,-0.15,-0.2],"unit":"V"},"I":{"value":[-0.00376694,-0.00335288,-0.00291761,-0.00251268,-0.0021373,-0.00178563,-0.00145161,-0.00112835,-0.00081686,-0.00052133,-0.00026052,-4.042e-5,0.00014369,0.0002946,0.00041786,0.00052011,0.00060757,0.00068197,0.00074481,0.00079815,0.00084373,0.00088083,0.00091232,0.00093824,0.00095892,0.00097742,0.0009924,0.00100671,0.00102127,0.00103771,0.0025919],"unit":"A"},"J":{"unit":"A\/cm2","value":[-0.08118405172413794,-0.07226034482758621,-0.06287952586206898,-0.05415258620689656,-0.0460625,-0.0384834051724138,-0.031284698275862076,-0.024317887931034485,-0.017604741379310347,-0.011235560344827587,-0.005614655172413793,-0.0008711206896551726,0.0030967672413793105,0.006349137931034483,0.009005603448275862,0.01120926724137931,0.013094181034482759,0.014697629310344828,0.016051939655172417,0.017201508620689657,0.018183836206896554,0.018983405172413793,0.019662068965517244,0.020220689655172416,0.02066637931034483,0.021065086206896552,0.021387931034482763,0.021696336206896556,0.022010129310344826,0.022364439655172416,0.05585991379310345]},"cell_dimension":{"value":0.0464,"unit":"cm2"},"sweep_direction":{"unit":"","value":"Forward"},"key":"Forward141_20230712"},{"sample_area":{"value":0.0464,"unit":"cm2"},"irradiance":{"value":1,"unit":""},"pre_sweep_delay":{"value":1,"unit":""},"bias_direction":{"value":0,"unit":""},"max_reverse_bias":{"value":-0.2,"unit":""},"max_forward_bias":{"value":1.3,"unit":""},"num_sweep_points":{"value":31,"unit":""},"dwell_time":{"value":0,"unit":""},"current_limit":{"value":100,"unit":""},"pviv_10a_i_amp":{"value":0,"unit":""},"average":{"value":1,"unit":""},"dark_current":{"value":0,"unit":""},"rshunt_v_lo":{"value":-0.2,"unit":""},"rshunt_v_hi":{"value":0.2,"unit":""},"voc":{"value":1.08089312,"unit":"V"},"isc":{"value":0.0009759,"unit":"A"},"jsc":{"value":21.03222529,"unit":"mA\/cm2"},"imax":{"value":0.00088102,"unit":"A"},"vmax":{"value":0.82210442,"unit":"V"},"pmax":{"value":0.72428797,"unit":"mW"},"fill_factor":{"value":68.6634,"unit":"%"},"efficiency":{"value":15.6097,"unit":"%"},"r_at_voc":{"value":220.010936,"unit":""},"r_at_isc":{"value":44449.509,"unit":""},"power":{"value":0.00092193,"unit":"W"},"rshunt":{"value":"NaN","unit":"ohm"},"cell_temp_start":{"value":"NaN","unit":""},"cell_temp_end":{"value":"NaN","unit":""},"exposure":{"value":3.9,"unit":""},"time":{"value":"17:45:05","unit":""},"date":{"value":"07\/12\/2023","unit":""},"V":{"value":[1.3,1.25,1.2,1.15,1.1,1.05,1,0.95,0.9,0.85,0.8,0.75,0.7,0.65,0.6,0.55,0.5,0.45,0.4,0.35,0.3,0.25,0.2,0.15,0.1,0.05,0,-0.05,-0.1,-0.15,-0.2],"unit":"V"},"I":{"value":[-0.0013665,-0.00097461,-0.00062285,-0.00032863,-8.685e-5,0.00014042,0.00037901,0.00057869,0.00073838,0.00084339,0.00090043,0.00092236,0.00093559,0.00094443,0.00095164,0.0009567,0.00095969,0.00096288,0.00096516,0.00096613,0.00096857,0.00096986,0.00097205,0.00097312,0.00097376,0.00097529,0.00097586,0.00097576,0.00097883,0.00097853,0.00098084],"unit":"A"},"J":{"unit":"A\/cm2","value":[-0.029450431034482763,-0.021004525862068968,-0.013423491379310346,-0.007082543103448276,-0.0018717672413793105,0.0030262931034482758,0.008168318965517242,0.01247176724137931,0.015913362068965518,0.018176508620689657,0.019405818965517244,0.01987844827586207,0.020163577586206897,0.020354094827586208,0.020509482758620693,0.020618534482758622,0.020682974137931038,0.020751724137931037,0.020800862068965517,0.020821767241379314,0.020874353448275863,0.020902155172413794,0.020949353448275865,0.02097241379310345,0.020986206896551726,0.02101918103448276,0.02103146551724138,0.02102931034482759,0.021095474137931034,0.02108900862068966,0.021138793103448277]},"cell_dimension":{"value":0.0464,"unit":"cm2"},"sweep_direction":{"unit":"","value":"Forward"},"key":"Forward134_20230712"},{"sample_area":{"value":0.0464,"unit":"cm2"},"irradiance":{"value":1,"unit":""},"pre_sweep_delay":{"value":1,"unit":""},"bias_direction":{"value":0,"unit":""},"max_reverse_bias":{"value":-0.2,"unit":""},"max_forward_bias":{"value":1.3,"unit":""},"num_sweep_points":{"value":31,"unit":""},"dwell_time":{"value":0,"unit":""},"current_limit":{"value":100,"unit":""},"pviv_10a_i_amp":{"value":0,"unit":""},"average":{"value":1,"unit":""},"dark_current":{"value":0,"unit":""},"rshunt_v_lo":{"value":-0.2,"unit":""},"rshunt_v_hi":{"value":0.2,"unit":""},"voc":{"value":1.08079201,"unit":"V"},"isc":{"value":0.00097046,"unit":"A"},"jsc":{"value":20.91505676,"unit":"mA\/cm2"},"imax":{"value":0.00087895,"unit":"A"},"vmax":{"value":0.85173711,"unit":"V"},"pmax":{"value":0.74863059,"unit":"mW"},"fill_factor":{"value":71.3754,"unit":"%"},"efficiency":{"value":16.1343,"unit":"%"},"r_at_voc":{"value":188.574284,"unit":""},"r_at_isc":{"value":48311.852,"unit":""},"power":{"value":0.0009348,"unit":"W"},"rshunt":{"value":"NaN","unit":"ohm"},"cell_temp_start":{"value":"NaN","unit":""},"cell_temp_end":{"value":"NaN","unit":""},"exposure":{"value":3.904,"unit":""},"time":{"value":"17:44:30","unit":""},"date":{"value":"07\/12\/2023","unit":""},"V":{"value":[1.3,1.25,1.2,1.15,1.1,1.05,1,0.95,0.9,0.85,0.8,0.75,0.7,0.65,0.6,0.55,0.5,0.45,0.4,0.35,0.3,0.25,0.2,0.15,0.1,0.05,0,-0.05,-0.1,-0.15,-0.2],"unit":"V"},"I":{"value":[-0.0025879,-0.00162879,-0.00092125,-0.00041659,-0.00010186,0.00016329,0.00044971,0.00066485,0.00080787,0.00088071,0.00091477,0.00092851,0.00093897,0.00094624,0.0009515,0.00095499,0.00095687,0.00095893,0.00096113,0.00096268,0.00096417,0.00096494,0.00096691,0.00096753,0.00096814,0.00096934,0.00097074,0.00097102,0.00097257,0.00097367,0.00097464],"unit":"A"},"J":{"unit":"A\/cm2","value":[-0.055773706896551735,-0.03510323275862069,-0.019854525862068966,-0.00897823275862069,-0.0021952586206896553,0.003519181034482759,0.009692025862068967,0.01432866379310345,0.017410991379310348,0.018980818965517243,0.019714870689655172,0.020010991379310346,0.020236422413793104,0.020393103448275864,0.02050646551724138,0.020581681034482758,0.02062219827586207,0.020666594827586208,0.02071400862068966,0.02074741379310345,0.020779525862068965,0.020796120689655175,0.020838577586206896,0.020851939655172416,0.020865086206896553,0.02089094827586207,0.020921120689655175,0.020927155172413794,0.020960560344827586,0.020984267241379313,0.021005172413793106]},"cell_dimension":{"value":0.0464,"unit":"cm2"},"sweep_direction":{"unit":"","value":"Forward"},"key":"Forward133_20230712"},{"sample_area":{"value":0.0464,"unit":"cm2"},"irradiance":{"value":1,"unit":""},"pre_sweep_delay":{"value":1,"unit":""},"bias_direction":{"value":0,"unit":""},"max_reverse_bias":{"value":-0.2,"unit":""},"max_forward_bias":{"value":1.3,"unit":""},"num_sweep_points":{"value":31,"unit":""},"dwell_time":{"value":0,"unit":""},"current_limit":{"value":100,"unit":""},"pviv_10a_i_amp":{"value":0,"unit":""},"average":{"value":1,"unit":""},"dark_current":{"value":0,"unit":""},"rshunt_v_lo":{"value":-0.2,"unit":""},"rshunt_v_hi":{"value":0.2,"unit":""},"voc":{"value":1.09221008,"unit":"V"},"isc":{"value":0.00097827,"unit":"A"},"jsc":{"value":21.083475,"unit":"mA\/cm2"},"imax":{"value":0.00089382,"unit":"A"},"vmax":{"value":0.86323884,"unit":"V"},"pmax":{"value":0.77158173,"unit":"mW"},"fill_factor":{"value":72.213,"unit":"%"},"efficiency":{"value":16.6289,"unit":"%"},"r_at_voc":{"value":203.735582,"unit":""},"r_at_isc":{"value":57809.908,"unit":""},"power":{"value":0.00095299,"unit":"W"},"rshunt":{"value":"NaN","unit":"ohm"},"cell_temp_start":{"value":"NaN","unit":""},"cell_temp_end":{"value":"NaN","unit":""},"exposure":{"value":3.911,"unit":""},"time":{"value":"17:43:37","unit":""},"date":{"value":"07\/12\/2023","unit":""},"V":{"value":[1.3,1.25,1.2,1.15,1.1,1.05,1,0.95,0.9,0.85,0.8,0.75,0.7,0.65,0.6,0.55,0.5,0.45,0.4,0.35,0.3,0.25,0.2,0.15,0.1,0.05,0,-0.05,-0.1,-0.15,-0.2],"unit":"V"},"I":{"value":[-0.00182272,-0.00109613,-0.00060187,-0.00026708,-3.824e-5,0.00020718,0.00048408,0.0007042,0.00084104,0.00090601,0.00093234,0.00094451,0.00095253,0.00095805,0.00096278,0.00096576,0.00096668,0.00096853,0.00097006,0.0009711,0.00097271,0.0009735,0.00097516,0.00097625,0.00097657,0.0009776,0.00097874,0.00097891,0.00097932,0.00098097,0.00098176],"unit":"A"},"J":{"unit":"A\/cm2","value":[-0.03928275862068965,-0.023623491379310347,-0.012971336206896552,-0.005756034482758621,-0.0008241379310344828,0.004465086206896552,0.010432758620689656,0.015176724137931035,0.01812586206896552,0.0195260775862069,0.020093534482758624,0.020355818965517244,0.02052866379310345,0.02064762931034483,0.020749568965517242,0.02081379310344828,0.020833620689655174,0.020873491379310345,0.02090646551724138,0.02092887931034483,0.0209635775862069,0.02098060344827586,0.021016379310344828,0.021039870689655175,0.02104676724137931,0.02106896551724138,0.021093534482758625,0.02109719827586207,0.021106034482758624,0.02114159482758621,0.021158620689655173]},"cell_dimension":{"value":0.0464,"unit":"cm2"},"sweep_direction":{"unit":"","value":"Forward"},"key":"Forward132_20230712"},{"sample_area":{"value":0.0464,"unit":"cm2"},"irradiance":{"value":1,"unit":""},"pre_sweep_delay":{"value":1,"unit":""},"bias_direction":{"value":0,"unit":""},"max_reverse_bias":{"value":-0.2,"unit":""},"max_forward_bias":{"value":1.3,"unit":""},"num_sweep_points":{"value":31,"unit":""},"dwell_time":{"value":0,"unit":""},"current_limit":{"value":100,"unit":""},"pviv_10a_i_amp":{"value":0,"unit":""},"average":{"value":1,"unit":""},"dark_current":{"value":0,"unit":""},"rshunt_v_lo":{"value":-0.2,"unit":""},"rshunt_v_hi":{"value":0.2,"unit":""},"voc":{"value":1.09276911,"unit":"V"},"isc":{"value":0.00098649,"unit":"A"},"jsc":{"value":21.26053875,"unit":"mA\/cm2"},"imax":{"value":0.00090581,"unit":"A"},"vmax":{"value":0.86319356,"unit":"V"},"pmax":{"value":0.78188919,"unit":"mW"},"fill_factor":{"value":72.5311,"unit":"%"},"efficiency":{"value":16.8511,"unit":"%"},"r_at_voc":{"value":214.695835,"unit":""},"r_at_isc":{"value":45512.922,"unit":""},"power":{"value":0.00095817,"unit":"W"},"rshunt":{"value":"NaN","unit":"ohm"},"cell_temp_start":{"value":"NaN","unit":""},"cell_temp_end":{"value":"NaN","unit":""},"exposure":{"value":4.042,"unit":""},"time":{"value":"17:43:13","unit":""},"date":{"value":"07\/12\/2023","unit":""},"V":{"value":[1.3,1.25,1.2,1.15,1.1,1.05,1,0.95,0.9,0.85,0.8,0.75,0.7,0.65,0.6,0.55,0.5,0.45,0.4,0.35,0.3,0.25,0.2,0.15,0.1,0.05,0,-0.05,-0.1,-0.15,-0.2],"unit":"V"},"I":{"value":[-0.00198234,-0.00118079,-0.00064485,-0.00026212,-3.368e-5,0.00019921,0.00046615,0.00069334,0.00084755,0.00091781,0.00094172,0.0009536,0.00096039,0.00096461,0.00096865,0.00097089,0.00097351,0.00097521,0.00097723,0.00097838,0.00097975,0.00098071,0.00098262,0.00098342,0.0009842,0.00098565,0.00098642,0.00098719,0.00098849,0.00098923,0.00099162],"unit":"A"},"J":{"unit":"A\/cm2","value":[-0.04272284482758621,-0.025448060344827585,-0.013897629310344828,-0.005649137931034483,-0.0007258620689655174,0.004293318965517242,0.010046336206896551,0.014942672413793105,0.01826616379310345,0.019780387931034486,0.020295689655172415,0.020551724137931035,0.020698060344827587,0.020789008620689657,0.0208760775862069,0.020924353448275864,0.020980818965517244,0.021017456896551726,0.021060991379310345,0.02108577586206897,0.02111530172413793,0.021135991379310347,0.021177155172413795,0.02119439655172414,0.021211206896551725,0.021242456896551725,0.02125905172413793,0.02127564655172414,0.02130366379310345,0.02131961206896552,0.021371120689655174]},"cell_dimension":{"value":0.0464,"unit":"cm2"},"sweep_direction":{"unit":"","value":"Forward"},"key":"Forward131_20230712"}]}}