{"_id":"655ac861857d8d0bb714ed4c","id":"JBNU-SC-00374","author":98,"group":10,"input":[{"tco":{"unit":"","value":"ITO"}},{"htl":[{"material":{"unit":"","value":"NiO_Sputter"},"concentration":{"unit":"","value":"None"},"conc_unit":{"unit":"","value":"None"},"quantity":{"unit":"ml","value":"None"}}],"solvent":[{"material":{"unit":"","value":"None"},"volume":{"unit":"ml","value":"None"}},{"material":{"unit":"","value":"None"},"volume":{"unit":"ml","value":"None"}}],"htl_doping":[{"material":{"unit":"","value":"None"},"volume":{"unit":"ul","value":"None"}}],"spin_coating":[{"type":{"unit":"","value":"None"},"rpm":{"unit":"","value":"None"},"time":{"unit":"s","value":"None"}}],"vacuum_suction":[{"unit":"s","value":"None"}],"annealing":[{"temperature":{"unit":"oC","value":"300"},"time":{"unit":"m","value":"30"}}],"module":[{"type":{"unit":"","value":"None"},"gap":{"unit":"um","value":"None"},"coating_speed":{"unit":"mm\/s","value":"None"},"feeding_amount":{"unit":"ul","value":"None"}}],"thermal_evaporation":[{"vacuum_evaporation_thickness":{"unit":"nm","value":"None"},"evaporation_rate":{"unit":"\u00c5\/s","value":"None"},"vacuum_pressure":{"unit":"uTorr","value":"None"}}]},{"htl_treatment":[{"material":{"unit":"","value":"MeO-2PACz"},"concentration":{"unit":"","value":"0.33"},"conc_unit":{"unit":"","value":"mg\/ml"},"quantity":{"unit":"ml","value":"1"}}],"solvent":[{"material":{"unit":"","value":"Ethanol"},"volume":{"unit":"ml","value":"1"}},{"material":{"unit":"","value":"None"},"volume":{"unit":"ml","value":"None"}}],"spin_coating":[{"type":{"unit":"","value":"drop&run"},"rpm":{"unit":"","value":"3000"},"time":{"unit":"s","value":"50"}}],"vacuum_suction":[{"unit":"s","value":"None"}],"annealing":[{"temperature":{"unit":"oC","value":"None"},"time":{"unit":"m","value":"None"}}],"module":[{"type":{"unit":"","value":"None"},"gap":{"unit":"um","value":"None"},"coating_speed":{"unit":"mm\/s","value":"None"},"feeding_amount":{"unit":"ul","value":"None"}}],"thermal_evaporation":[{"vacuum_evaporation_thickness":{"unit":"nm","value":"None"},"evaporation_rate":{"unit":"\u00c5\/s","value":"None"},"vacuum_pressure":{"unit":"uTorr","value":"None"}}]},{"perovskite":{"method":{"unit":"","value":"1-step"},"molarity":{"unit":"M","value":"1.45"},"a_site":[{"material":{"unit":"","value":"Cs"},"ratio":{"unit":"","value":"0.175"}},{"material":{"unit":"","value":"FA"},"ratio":{"unit":"","value":"0.825"}}],"b_site":[{"material":{"unit":"","value":"Pb"},"ratio":{"unit":"","value":"1"}},{"material":{"unit":"","value":"None"},"ratio":{"unit":"","value":"0"}}],"x_site":[{"material":{"unit":"","value":"I"},"ratio":{"unit":"","value":"2.55"}},{"material":{"unit":"","value":"Br"},"ratio":{"unit":"","value":"0.45"}}],"solvent":[{"material":{"unit":"","value":"DMF"},"volume":{"unit":"ml","value":"0.8"}},{"material":{"unit":"","value":"DMSO"},"volume":{"unit":"ml","value":"0.2"}}],"additive":[{"material":{"unit":"","value":"DAP"},"solvent":{"unit":"","value":"DMF"},"concentration":{"unit":"","value":"100"},"conc_unit":{"unit":"","value":"mg\/ml"},"quantity":{"unit":"mol%","value":"3"}}],"stirring_time":[{"unit":"m","value":"120"}],"antisolvent":[{"material":{"unit":"","value":"None"},"quantity":{"unit":"ul","value":"None"},"dripping_time":{"unit":"s","value":"None"}}],"spin_coating":[{"type":{"unit":"","value":"drop&run"},"rpm":{"unit":"","value":"4000"},"time":{"unit":"s","value":"10"}}],"vacuum_suction":[{"unit":"s","value":"60"}],"annealing":[{"temperature":{"unit":"oC","value":"100"},"time":{"unit":"m","value":"30"}}],"atmosphere":[{"type":{"unit":"","value":"N2"},"temperature":{"unit":"oC","value":"28"},"humidity":{"unit":"RH%","value":"0"}}],"assist":[{"type":{"unit":"","value":"None"},"temperature":{"unit":"oC","value":"None"},"assist_start_time":{"value":null,"unit":"s"},"total_assist_time":{"value":"None","unit":"s"}}],"module":[{"type":{"unit":"","value":"None"},"gap":{"unit":"um","value":"None"},"coating_speed":{"unit":"mm\/s","value":"None"},"feeding_amount":{"unit":"ul","value":"None"}}],"thermal_evaporation":[{"vacuum_evaporation_thickness":{"unit":"nm","value":"None"},"evaporation_rate":{"unit":"\u00c5\/s","value":"None"},"vacuum_pressure":{"unit":"uTorr","value":"None"}}]}},{"perovskite_treatment":[{"material":{"unit":"","value":"None"},"concentration":{"unit":"","value":"None"},"conc_unit":{"unit":"","value":"None"},"quantity":{"unit":"ml","value":"None"}}],"solvent":[{"material":{"unit":"","value":"None"},"volume":{"unit":"ml","value":"None"}},{"material":{"unit":"","value":"None"},"volume":{"unit":"ml","value":"None"}}],"spin_coating":[{"type":{"unit":"","value":"None"},"rpm":{"unit":"","value":"None"},"time":{"unit":"s","value":"None"}}],"vacuum_suction":[{"unit":"s","value":"None"}],"annealing":[{"temperature":{"unit":"oC","value":"0"},"time":{"unit":"m","value":"0"}}],"module":[{"type":{"unit":"","value":"None"},"gap":{"unit":"um","value":"None"},"coating_speed":{"unit":"mm\/s","value":"None"},"feeding_amount":{"unit":"ul","value":"None"}}],"thermal_evaporation":[{"vacuum_evaporation_thickness":{"unit":"nm","value":"None"},"evaporation_rate":{"unit":"\u00c5\/s","value":"None"},"vacuum_pressure":{"unit":"uTorr","value":"None"}}]},{"etl":[{"material":{"unit":"","value":"C60"},"concentration":{"unit":"","value":"None"},"conc_unit":{"unit":"","value":"None"},"quantity":{"unit":"ml","value":"None"}}],"solvent":[{"material":{"unit":"","value":"None"},"volume":{"unit":"ml","value":"None"}},{"material":{"unit":"","value":"None"},"volume":{"unit":"ml","value":"None"}}],"spin_coating":[{"type":{"unit":"","value":"None"},"rpm":{"unit":"","value":"None"},"time":{"unit":"s","value":"None"}}],"vacuum_suction":[{"unit":"s","value":"None"}],"annealing":[{"temperature":{"unit":"oC","value":"None"},"time":{"unit":"m","value":"None"}}],"etl_doping":[{"material":{"unit":"","value":"None"},"volume":{"unit":"ul","value":"None"}}],"module":[{"type":{"unit":"","value":"None"},"gap":{"unit":"um","value":"None"},"coating_speed":{"unit":"mm\/s","value":"None"},"feeding_amount":{"unit":"ul","value":"None"}}],"thermal_evaporation":[{"vacuum_evaporation_thickness":{"unit":"nm","value":"30"},"evaporation_rate":{"unit":"\u00c5\/s","value":"0.6"},"vacuum_pressure":{"unit":"uTorr","value":"2x10-6"}}]},{"blocking_buffer_layer":[{"material":{"unit":"","value":"BCP"},"concentration":{"unit":"","value":"None"},"conc_unit":{"unit":"","value":"None"},"quantity":{"unit":"ml","value":"None"}}],"solvent":[{"material":{"unit":"","value":"None"},"volume":{"unit":"ml","value":"None"}},{"material":{"unit":"","value":"None"},"volume":{"unit":"ml","value":"None"}}],"spin_coating":[{"type":{"unit":"","value":"None"},"rpm":{"unit":"","value":"None"},"time":{"unit":"s","value":"None"}}],"vacuum_suction":[{"unit":"s","value":"0"}],"annealing":[{"temperature":{"unit":"oC","value":"None"},"time":{"unit":"m","value":"None"}}],"module":[{"type":{"unit":"","value":"None"},"gap":{"unit":"um","value":"None"},"coating_speed":{"unit":"mm\/s","value":"None"},"feeding_amount":{"unit":"ul","value":"None"}}],"thermal_evaporation":[{"vacuum_evaporation_thickness":{"unit":"nm","value":"6"},"evaporation_rate":{"unit":"\u00c5\/s","value":"0.6"},"vacuum_pressure":{"unit":"uTorr","value":"2x10-6"}}]},{"anode_metal":{"unit":"","value":"Ag"}},{"note":{"unit":"","value":"-"},"ar":{"unit":"","value":"0"},"type":{"unit":"","value":"unit_cell"},"device_type":{"unit":"","value":"p-i-n"},"temperature":{"unit":"\u2103","value":"25"},"humidity":{"unit":"%","value":"40"},"cell_dimension":{"unit":"cm2","value":"0.0464"}}],"fileinfo":[{"key":"Forward 92 DAP 3vol%_20230918","uploadType":"JV","original_name":"Forward 92 DAP 3vol%_20230918-182819.txt","save_name":"JBNU-SC-00374\/Forward 92 DAP 3vol%_20230918","uploader":98,"fileType":""},{"key":"Forward 93 DAP 3vol%_20230918","uploadType":"JV","original_name":"Forward 93 DAP 3vol%_20230918-182851.txt","save_name":"JBNU-SC-00374\/Forward 93 DAP 3vol%_20230918","uploader":98,"fileType":""},{"key":"Forward 94 DAP 3vol%_20230918","uploadType":"JV","original_name":"Forward 94 DAP 3vol%_20230918-182915.txt","save_name":"JBNU-SC-00374\/Forward 94 DAP 3vol%_20230918","uploader":98,"fileType":""},{"key":"Forward 101 DAP 3vol%_20230918","uploadType":"JV","original_name":"Forward 101 DAP 3vol%_20230918-183025.txt","save_name":"JBNU-SC-00374\/Forward 101 DAP 3vol%_20230918","uploader":98,"fileType":""},{"key":"Forward 102 DAP 3vol%_20230918","uploadType":"JV","original_name":"Forward 102 DAP 3vol%_20230918-183049.txt","save_name":"JBNU-SC-00374\/Forward 102 DAP 3vol%_20230918","uploader":98,"fileType":""},{"key":"Forward 103 DAP 3vol%_20230918","uploadType":"JV","original_name":"Forward 103 DAP 3vol%_20230918-183116.txt","save_name":"JBNU-SC-00374\/Forward 103 DAP 3vol%_20230918","uploader":98,"fileType":""},{"key":"Forward 104 DAP 3vol%_20230918","uploadType":"JV","original_name":"Forward 104 DAP 3vol%_20230918-183135.txt","save_name":"JBNU-SC-00374\/Forward 104 DAP 3vol%_20230918","uploader":98,"fileType":""},{"key":"Forward 111 DAP 3vol%_20230918","uploadType":"JV","original_name":"Forward 111 DAP 3vol%_20230918-183219.txt","save_name":"JBNU-SC-00374\/Forward 111 DAP 3vol%_20230918","uploader":98,"fileType":""},{"key":"Forward 112 DAP 3vol%_20230918","uploadType":"JV","original_name":"Forward 112 DAP 3vol%_20230918-183311.txt","save_name":"JBNU-SC-00374\/Forward 112 DAP 3vol%_20230918","uploader":98,"fileType":""},{"key":"Forward 113 DAP 3vol%_20230918","uploadType":"JV","original_name":"Forward 113 DAP 3vol%_20230918-183356.txt","save_name":"JBNU-SC-00374\/Forward 113 DAP 3vol%_20230918","uploader":98,"fileType":""},{"key":"Forward 114 DAP 3vol%_20230918","uploadType":"JV","original_name":"Forward 114 DAP 3vol%_20230918-183415.txt","save_name":"JBNU-SC-00374\/Forward 114 DAP 3vol%_20230918","uploader":98,"fileType":""},{"key":"Forward 121 DAP 3vol%_20230918","uploadType":"JV","original_name":"Forward 121 DAP 3vol%_20230918-183510.txt","save_name":"JBNU-SC-00374\/Forward 121 DAP 3vol%_20230918","uploader":98,"fileType":""},{"key":"Forward 122 DAP 3vol%_20230918","uploadType":"JV","original_name":"Forward 122 DAP 3vol%_20230918-183546.txt","save_name":"JBNU-SC-00374\/Forward 122 DAP 3vol%_20230918","uploader":98,"fileType":""},{"key":"Forward 123 DAP 3vol%_20230918","uploadType":"JV","original_name":"Forward 123 DAP 3vol%_20230918-183621.txt","save_name":"JBNU-SC-00374\/Forward 123 DAP 3vol%_20230918","uploader":98,"fileType":""},{"key":"Forward 124 DAP 3vol%_20230918","uploadType":"JV","original_name":"Forward 124 DAP 3vol%_20230918-183647.txt","save_name":"JBNU-SC-00374\/Forward 124 DAP 3vol%_20230918","uploader":98,"fileType":""},{"key":"Forward 91 DAP 3vol%_20230918","uploadType":"JV","original_name":"Forward 91 DAP 3vol%_20230918-182753.txt","save_name":"JBNU-SC-00374\/Forward 91 DAP 3vol%_20230918","uploader":98,"fileType":""}],"jvcnt":16,"updated_at":"2024-08-07 02:33:50","created_at":"2023-11-20 02:45:53","analysisInfo":{"JV":[{"efficiency":18.2286,"fill_factor":80.7629,"jsc":19.99853742,"voc":1.1286084,"key":"Forward 94 DAP 3vol%_20230918","cell_dimension":0.0464},{"efficiency":18.7607,"fill_factor":81.6912,"jsc":20.41954804,"voc":1.12467369,"key":"Forward 93 DAP 3vol%_20230918","cell_dimension":0.0464},{"efficiency":18.6523,"fill_factor":81.775,"jsc":20.39097518,"voc":1.11859502,"key":"Forward 92 DAP 3vol%_20230918","cell_dimension":0.0464},{"efficiency":15.5853,"fill_factor":73.22,"jsc":19.7008425,"voc":1.08043868,"key":"Forward 91 DAP 3vol%_20230918","cell_dimension":0.0464},{"efficiency":18.5537,"fill_factor":79.7663,"jsc":20.40211503,"voc":1.14007857,"key":"Forward 124 DAP 3vol%_20230918","cell_dimension":0.0464},{"efficiency":18.1728,"fill_factor":79.3317,"jsc":20.16974136,"voc":1.1357267,"key":"Forward 123 DAP 3vol%_20230918","cell_dimension":0.0464},{"efficiency":17.6317,"fill_factor":78.9145,"jsc":19.78103476,"voc":1.12950641,"key":"Forward 122 DAP 3vol%_20230918","cell_dimension":0.0464},{"efficiency":18.3221,"fill_factor":80.4711,"jsc":20.398298,"voc":1.11620129,"key":"Forward 121 DAP 3vol%_20230918","cell_dimension":0.0464},{"efficiency":19.2785,"fill_factor":80.6405,"jsc":20.96021773,"voc":1.1405735,"key":"Forward 114 DAP 3vol%_20230918","cell_dimension":0.0464},{"efficiency":18.8832,"fill_factor":80.0885,"jsc":20.68984295,"voc":1.13958944,"key":"Forward 113 DAP 3vol%_20230918","cell_dimension":0.0464},{"efficiency":18.7454,"fill_factor":80.286,"jsc":20.64841987,"voc":1.13075136,"key":"Forward 112 DAP 3vol%_20230918","cell_dimension":0.0464},{"efficiency":"NaN","fill_factor":"NaN","jsc":20.91579741,"voc":1.11828697,"key":"Forward 111 DAP 3vol%_20230918","cell_dimension":0.0464},{"efficiency":19.9466,"fill_factor":81.305,"jsc":21.90762813,"voc":1.11983932,"key":"Forward 104 DAP 3vol%_20230918","cell_dimension":0.0464},{"efficiency":19.6154,"fill_factor":80.245,"jsc":21.9558797,"voc":1.11334318,"key":"Forward 103 DAP 3vol%_20230918","cell_dimension":0.0464},{"efficiency":19.5933,"fill_factor":79.9563,"jsc":22.01072864,"voc":1.11331881,"key":"Forward 102 DAP 3vol%_20230918","cell_dimension":0.0464},{"efficiency":19.6044,"fill_factor":78.7603,"jsc":22.37684953,"voc":1.11236478,"key":"Forward 101 DAP 3vol%_20230918","cell_dimension":0.0464}]},"public":2,"analysis":{"JV":[{"sample_area":{"value":0.0464,"unit":"cm2"},"irradiance":{"value":1,"unit":""},"pre_sweep_delay":{"value":1,"unit":""},"bias_direction":{"value":0,"unit":""},"max_reverse_bias":{"value":-0.2,"unit":""},"max_forward_bias":{"value":1.3,"unit":""},"num_sweep_points":{"value":31,"unit":""},"dwell_time":{"value":0,"unit":""},"current_limit":{"value":100,"unit":""},"pviv_10a_i_amp":{"value":0,"unit":""},"average":{"value":1,"unit":""},"dark_current":{"value":0,"unit":""},"rshunt_v_lo":{"value":-0.2,"unit":""},"rshunt_v_hi":{"value":0.2,"unit":""},"voc":{"value":1.1286084,"unit":"V"},"isc":{"value":0.00092793,"unit":"A"},"jsc":{"value":19.99853742,"unit":"mA\/cm2"},"imax":{"value":0.000865,"unit":"A"},"vmax":{"value":0.97781662,"unit":"V"},"pmax":{"value":0.84580734,"unit":"mW"},"fill_factor":{"value":80.7629,"unit":"%"},"efficiency":{"value":18.2286,"unit":"%"},"r_at_voc":{"value":76.86668,"unit":""},"r_at_isc":{"value":26026.386,"unit":""},"power":{"value":0.00097558,"unit":"W"},"rshunt":{"value":"NaN","unit":"ohm"},"cell_temp_start":{"value":"NaN","unit":""},"cell_temp_end":{"value":"NaN","unit":""},"exposure":{"value":3.73,"unit":""},"time":{"value":"18:29:15","unit":""},"date":{"value":"09\/18\/2023","unit":""},"V":{"value":[1.3,1.25,1.2,1.15,1.1,1.05,1,0.95,0.9,0.85,0.8,0.75,0.7,0.65,0.6,0.55,0.5,0.45,0.4,0.35,0.3,0.25,0.2,0.15,0.1,0.05,0,-0.05,-0.1,-0.15,-0.2],"unit":"V"},"I":{"value":[-0.00345386,-0.00220378,-0.00111761,-0.00027829,0.00037218,0.00070886,0.00083823,0.00088097,0.00088527,0.00088791,0.00089405,0.00089664,0.0008962,0.00089838,0.00090144,0.00090409,0.00090835,0.0009088,0.00090987,0.00091218,0.00091646,0.00091824,0.00091887,0.00092278,0.00092426,0.00092453,0.00092535,0.00093817,0.00093221,0.00093162,0.00093364],"unit":"A"},"J":{"unit":"A\/cm2","value":[-0.07443663793103449,-0.04749525862068965,-0.024086422413793104,-0.005997629310344828,0.008021120689655173,0.015277155172413794,0.018065301724137933,0.018986422413793107,0.019079094827586206,0.019135991379310345,0.019268318965517242,0.019324137931034484,0.019314655172413795,0.019361637931034483,0.019427586206896552,0.01948469827586207,0.01957650862068966,0.019586206896551724,0.019609267241379312,0.01965905172413793,0.019751293103448277,0.019789655172413795,0.01980323275862069,0.019887500000000002,0.019919396551724138,0.01992521551724138,0.019942887931034485,0.02021918103448276,0.02009073275862069,0.020078017241379312,0.02012155172413793]},"cell_dimension":{"value":0.0464,"unit":"cm2"},"sweep_direction":{"unit":"","value":"Forward"},"key":"Forward 94 DAP 3vol%_20230918"},{"sample_area":{"value":0.0464,"unit":"cm2"},"irradiance":{"value":1,"unit":""},"pre_sweep_delay":{"value":1,"unit":""},"bias_direction":{"value":0,"unit":""},"max_reverse_bias":{"value":-0.2,"unit":""},"max_forward_bias":{"value":1.3,"unit":""},"num_sweep_points":{"value":31,"unit":""},"dwell_time":{"value":0,"unit":""},"current_limit":{"value":100,"unit":""},"pviv_10a_i_amp":{"value":0,"unit":""},"average":{"value":1,"unit":""},"dark_current":{"value":0,"unit":""},"rshunt_v_lo":{"value":-0.2,"unit":""},"rshunt_v_hi":{"value":0.2,"unit":""},"voc":{"value":1.12467369,"unit":"V"},"isc":{"value":0.00094747,"unit":"A"},"jsc":{"value":20.41954804,"unit":"mA\/cm2"},"imax":{"value":0.00088709,"unit":"A"},"vmax":{"value":0.98129564,"unit":"V"},"pmax":{"value":0.87049432,"unit":"mW"},"fill_factor":{"value":81.6912,"unit":"%"},"efficiency":{"value":18.7607,"unit":"%"},"r_at_voc":{"value":70.141928,"unit":""},"r_at_isc":{"value":40937.788,"unit":""},"power":{"value":0.00100159,"unit":"W"},"rshunt":{"value":"NaN","unit":"ohm"},"cell_temp_start":{"value":"NaN","unit":""},"cell_temp_end":{"value":"NaN","unit":""},"exposure":{"value":3.729,"unit":""},"time":{"value":"18:28:51","unit":""},"date":{"value":"09\/18\/2023","unit":""},"V":{"value":[1.3,1.25,1.2,1.15,1.1,1.05,1,0.95,0.9,0.85,0.8,0.75,0.7,0.65,0.6,0.55,0.5,0.45,0.4,0.35,0.3,0.25,0.2,0.15,0.1,0.05,0,-0.05,-0.1,-0.15,-0.2],"unit":"V"},"I":{"value":[-0.00393617,-0.00250909,-0.00128268,-0.00036107,0.00035177,0.00072018,0.00086543,0.00090692,0.00091952,0.0009186,0.00092099,0.00092437,0.0009282,0.00092703,0.00092848,0.00093308,0.00093492,0.00093401,0.0009377,0.00093728,0.00094122,0.00094005,0.0009414,0.00094305,0.00094602,0.00094739,0.00094652,0.0009507,0.00095113,0.00095048,0.00095074],"unit":"A"},"J":{"unit":"A\/cm2","value":[-0.08483125000000001,-0.05407521551724138,-0.02764396551724138,-0.007781681034482759,0.00758125,0.015521120689655173,0.018651508620689657,0.019545689655172414,0.019817241379310346,0.01979741379310345,0.019848922413793105,0.019921767241379312,0.020004310344827587,0.019979094827586207,0.020010344827586207,0.020109482758620692,0.020149137931034483,0.020129525862068967,0.020209051724137932,0.0202,0.02028491379310345,0.02025969827586207,0.020288793103448277,0.020324353448275864,0.020388362068965517,0.020417887931034485,0.020399137931034483,0.020489224137931035,0.020498491379310348,0.02048448275862069,0.020490086206896553]},"cell_dimension":{"value":0.0464,"unit":"cm2"},"sweep_direction":{"unit":"","value":"Forward"},"key":"Forward 93 DAP 3vol%_20230918"},{"sample_area":{"value":0.0464,"unit":"cm2"},"irradiance":{"value":1,"unit":""},"pre_sweep_delay":{"value":1,"unit":""},"bias_direction":{"value":0,"unit":""},"max_reverse_bias":{"value":-0.2,"unit":""},"max_forward_bias":{"value":1.3,"unit":""},"num_sweep_points":{"value":31,"unit":""},"dwell_time":{"value":0,"unit":""},"current_limit":{"value":100,"unit":""},"pviv_10a_i_amp":{"value":0,"unit":""},"average":{"value":1,"unit":""},"dark_current":{"value":0,"unit":""},"rshunt_v_lo":{"value":-0.2,"unit":""},"rshunt_v_hi":{"value":0.2,"unit":""},"voc":{"value":1.11859502,"unit":"V"},"isc":{"value":0.00094614,"unit":"A"},"jsc":{"value":20.39097518,"unit":"mA\/cm2"},"imax":{"value":0.00088813,"unit":"A"},"vmax":{"value":0.97447937,"unit":"V"},"pmax":{"value":0.8654647,"unit":"mW"},"fill_factor":{"value":81.775,"unit":"%"},"efficiency":{"value":18.6523,"unit":"%"},"r_at_voc":{"value":64.848513,"unit":""},"r_at_isc":{"value":41208.287,"unit":""},"power":{"value":0.00099457,"unit":"W"},"rshunt":{"value":"NaN","unit":"ohm"},"cell_temp_start":{"value":"NaN","unit":""},"cell_temp_end":{"value":"NaN","unit":""},"exposure":{"value":3.741,"unit":""},"time":{"value":"18:28:19","unit":""},"date":{"value":"09\/18\/2023","unit":""},"V":{"value":[1.3,1.25,1.2,1.15,1.1,1.05,1,0.95,0.9,0.85,0.8,0.75,0.7,0.65,0.6,0.55,0.5,0.45,0.4,0.35,0.3,0.25,0.2,0.15,0.1,0.05,0,-0.05,-0.1,-0.15,-0.2],"unit":"V"},"I":{"value":[-0.00427799,-0.00276418,-0.00146298,-0.00048428,0.00028675,0.00069241,0.00085536,0.00090407,0.00091401,0.0009176,0.00091995,0.0009225,0.00092451,0.00092564,0.00092769,0.00093013,0.00093443,0.00093293,0.00093388,0.00093638,0.00094014,0.0009391,0.00094054,0.00094134,0.0009456,0.00094375,0.00094543,0.00094897,0.00095034,0.00094897,0.00095004],"unit":"A"},"J":{"unit":"A\/cm2","value":[-0.09219806034482758,-0.059572844827586215,-0.03152974137931035,-0.010437068965517243,0.006179956896551725,0.014922629310344828,0.01843448275862069,0.019484267241379312,0.019698491379310346,0.01977586206896552,0.019826508620689656,0.019881465517241383,0.019924784482758622,0.019949137931034484,0.019993318965517242,0.020045905172413794,0.020138577586206897,0.020106250000000003,0.020126724137931037,0.020180603448275863,0.020261637931034485,0.020239224137931035,0.020270258620689655,0.020287500000000003,0.020379310344827588,0.020339439655172417,0.02037564655172414,0.020451939655172415,0.020481465517241382,0.020451939655172415,0.020475]},"cell_dimension":{"value":0.0464,"unit":"cm2"},"sweep_direction":{"unit":"","value":"Forward"},"key":"Forward 92 DAP 3vol%_20230918"},{"sample_area":{"value":0.0464,"unit":"cm2"},"irradiance":{"value":1,"unit":""},"pre_sweep_delay":{"value":1,"unit":""},"bias_direction":{"value":0,"unit":""},"max_reverse_bias":{"value":-0.2,"unit":""},"max_forward_bias":{"value":1.3,"unit":""},"num_sweep_points":{"value":31,"unit":""},"dwell_time":{"value":0,"unit":""},"current_limit":{"value":100,"unit":""},"pviv_10a_i_amp":{"value":0,"unit":""},"average":{"value":1,"unit":""},"dark_current":{"value":0,"unit":""},"rshunt_v_lo":{"value":-0.2,"unit":""},"rshunt_v_hi":{"value":0.2,"unit":""},"voc":{"value":1.08043868,"unit":"V"},"isc":{"value":0.00091412,"unit":"A"},"jsc":{"value":19.7008425,"unit":"mA\/cm2"},"imax":{"value":0.00079183,"unit":"A"},"vmax":{"value":0.91326803,"unit":"V"},"pmax":{"value":0.72315752,"unit":"mW"},"fill_factor":{"value":73.22,"unit":"%"},"efficiency":{"value":15.5853,"unit":"%"},"r_at_voc":{"value":85.262453,"unit":""},"r_at_isc":{"value":15286.733,"unit":""},"power":{"value":0.00089242,"unit":"W"},"rshunt":{"value":"NaN","unit":"ohm"},"cell_temp_start":{"value":"NaN","unit":""},"cell_temp_end":{"value":"NaN","unit":""},"exposure":{"value":3.904,"unit":""},"time":{"value":"18:27:53","unit":""},"date":{"value":"09\/18\/2023","unit":""},"V":{"value":[1.3,1.25,1.2,1.15,1.1,1.05,1,0.95,0.9,0.85,0.8,0.75,0.7,0.65,0.6,0.55,0.5,0.45,0.4,0.35,0.3,0.25,0.2,0.15,0.1,0.05,0,-0.05,-0.1,-0.15,-0.2],"unit":"V"},"I":{"value":[-0.00578141,-0.00373483,-0.00211515,-0.00107964,-0.00022942,0.000357,0.00062318,0.00074728,0.00080211,0.00082601,0.00084012,0.00084914,0.00085804,0.00086453,0.00086748,0.00087202,0.00087758,0.00088211,0.00088782,0.00089035,0.00089315,0.00089732,0.00090293,0.00090397,0.00090749,0.00091071,0.00091588,0.00091839,0.00091924,0.0009226,0.00092765],"unit":"A"},"J":{"unit":"A\/cm2","value":[-0.12459935344827587,-0.08049202586206898,-0.045585129310344835,-0.023268103448275863,-0.004944396551724139,0.00769396551724138,0.013430603448275862,0.016105172413793105,0.017286853448275862,0.017801939655172416,0.01810603448275862,0.01830043103448276,0.018492241379310347,0.018632112068965517,0.018695689655172414,0.018793534482758622,0.018913362068965517,0.019010991379310345,0.019134051724137933,0.019188577586206897,0.019248922413793106,0.019338793103448278,0.01945969827586207,0.01948211206896552,0.019557974137931033,0.019627370689655175,0.01973879310344828,0.019792887931034484,0.019811206896551727,0.019883620689655174,0.019992456896551727]},"cell_dimension":{"value":0.0464,"unit":"cm2"},"sweep_direction":{"unit":"","value":"Forward"},"key":"Forward 91 DAP 3vol%_20230918"},{"sample_area":{"value":0.0464,"unit":"cm2"},"irradiance":{"value":1,"unit":""},"pre_sweep_delay":{"value":1,"unit":""},"bias_direction":{"value":0,"unit":""},"max_reverse_bias":{"value":-0.2,"unit":""},"max_forward_bias":{"value":1.3,"unit":""},"num_sweep_points":{"value":31,"unit":""},"dwell_time":{"value":0,"unit":""},"current_limit":{"value":100,"unit":""},"pviv_10a_i_amp":{"value":0,"unit":""},"average":{"value":1,"unit":""},"dark_current":{"value":0,"unit":""},"rshunt_v_lo":{"value":-0.2,"unit":""},"rshunt_v_hi":{"value":0.2,"unit":""},"voc":{"value":1.14007857,"unit":"V"},"isc":{"value":0.00094666,"unit":"A"},"jsc":{"value":20.40211503,"unit":"mA\/cm2"},"imax":{"value":0.00087118,"unit":"A"},"vmax":{"value":0.98818488,"unit":"V"},"pmax":{"value":0.86088999,"unit":"mW"},"fill_factor":{"value":79.7663,"unit":"%"},"efficiency":{"value":18.5537,"unit":"%"},"r_at_voc":{"value":87.792412,"unit":""},"r_at_isc":{"value":22066.721,"unit":""},"power":{"value":0.00099973,"unit":"W"},"rshunt":{"value":"NaN","unit":"ohm"},"cell_temp_start":{"value":"NaN","unit":""},"cell_temp_end":{"value":"NaN","unit":""},"exposure":{"value":3.733,"unit":""},"time":{"value":"18:36:47","unit":""},"date":{"value":"09\/18\/2023","unit":""},"V":{"value":[1.3,1.25,1.2,1.15,1.1,1.05,1,0.95,0.9,0.85,0.8,0.75,0.7,0.65,0.6,0.55,0.5,0.45,0.4,0.35,0.3,0.25,0.2,0.15,0.1,0.05,0,-0.05,-0.1,-0.15,-0.2],"unit":"V"},"I":{"value":[-0.00342102,-0.00209673,-0.00100444,-0.00011301,0.00045652,0.00074291,0.0008589,0.00089176,0.00090167,0.00090354,0.00090323,0.00090957,0.00091029,0.00091277,0.00091805,0.0009194,0.00092306,0.00092576,0.0009268,0.00093004,0.00093342,0.00093466,0.00093624,0.0009385,0.00094331,0.00094601,0.00094683,0.00095147,0.00095142,0.00095237,0.0009541],"unit":"A"},"J":{"unit":"A\/cm2","value":[-0.07372887931034483,-0.045188146551724144,-0.02164741379310345,-0.0024355603448275864,0.009838793103448278,0.016010991379310346,0.01851077586206897,0.01921896551724138,0.019432543103448278,0.019472844827586207,0.01946616379310345,0.01960280172413793,0.01961831896551724,0.019671767241379312,0.019785560344827587,0.019814655172413796,0.019893534482758622,0.019951724137931035,0.019974137931034485,0.020043965517241382,0.02011681034482759,0.020143534482758622,0.020177586206896553,0.020226293103448277,0.020329956896551725,0.020388146551724138,0.02040581896551724,0.020505818965517245,0.020504741379310347,0.02052521551724138,0.0205625]},"cell_dimension":{"value":0.0464,"unit":"cm2"},"sweep_direction":{"unit":"","value":"Forward"},"key":"Forward 124 DAP 3vol%_20230918"},{"sample_area":{"value":0.0464,"unit":"cm2"},"irradiance":{"value":1,"unit":""},"pre_sweep_delay":{"value":1,"unit":""},"bias_direction":{"value":0,"unit":""},"max_reverse_bias":{"value":-0.2,"unit":""},"max_forward_bias":{"value":1.3,"unit":""},"num_sweep_points":{"value":31,"unit":""},"dwell_time":{"value":0,"unit":""},"current_limit":{"value":100,"unit":""},"pviv_10a_i_amp":{"value":0,"unit":""},"average":{"value":1,"unit":""},"dark_current":{"value":0,"unit":""},"rshunt_v_lo":{"value":-0.2,"unit":""},"rshunt_v_hi":{"value":0.2,"unit":""},"voc":{"value":1.1357267,"unit":"V"},"isc":{"value":0.00093588,"unit":"A"},"jsc":{"value":20.16974136,"unit":"mA\/cm2"},"imax":{"value":0.00086387,"unit":"A"},"vmax":{"value":0.97609341,"unit":"V"},"pmax":{"value":0.84321568,"unit":"mW"},"fill_factor":{"value":79.3317,"unit":"%"},"efficiency":{"value":18.1728,"unit":"%"},"r_at_voc":{"value":88.847095,"unit":""},"r_at_isc":{"value":25467.337,"unit":""},"power":{"value":0.00098438,"unit":"W"},"rshunt":{"value":"NaN","unit":"ohm"},"cell_temp_start":{"value":"NaN","unit":""},"cell_temp_end":{"value":"NaN","unit":""},"exposure":{"value":3.728,"unit":""},"time":{"value":"18:36:21","unit":""},"date":{"value":"09\/18\/2023","unit":""},"V":{"value":[1.3,1.25,1.2,1.15,1.1,1.05,1,0.95,0.9,0.85,0.8,0.75,0.7,0.65,0.6,0.55,0.5,0.45,0.4,0.35,0.3,0.25,0.2,0.15,0.1,0.05,0,-0.05,-0.1,-0.15,-0.2],"unit":"V"},"I":{"value":[-0.00315087,-0.00197584,-0.00099097,-0.00016065,0.00040211,0.00070707,0.0008357,0.00088078,0.00089152,0.00089145,0.00089425,0.00089823,0.00090478,0.00090444,0.00090723,0.00091237,0.00091523,0.00091645,0.00092038,0.00092121,0.00092454,0.00092488,0.00092761,0.0009289,0.00093278,0.00093565,0.00093495,0.00093977,0.00094078,0.00094114,0.00094204],"unit":"A"},"J":{"unit":"A\/cm2","value":[-0.06790668103448276,-0.04258275862068966,-0.021357112068965522,-0.0034622844827586208,0.008666163793103449,0.015238577586206897,0.018010775862068968,0.018982327586206896,0.019213793103448278,0.01921228448275862,0.01927262931034483,0.019358405172413794,0.01949956896551724,0.019492241379310344,0.019552370689655173,0.01966314655172414,0.01972478448275862,0.019751077586206898,0.019835775862068968,0.019853663793103448,0.019925431034482757,0.019932758620689658,0.01999159482758621,0.02001939655172414,0.020103017241379313,0.020164870689655175,0.02014978448275862,0.02025366379310345,0.02027543103448276,0.020283189655172416,0.020302586206896553]},"cell_dimension":{"value":0.0464,"unit":"cm2"},"sweep_direction":{"unit":"","value":"Forward"},"key":"Forward 123 DAP 3vol%_20230918"},{"sample_area":{"value":0.0464,"unit":"cm2"},"irradiance":{"value":1,"unit":""},"pre_sweep_delay":{"value":1,"unit":""},"bias_direction":{"value":0,"unit":""},"max_reverse_bias":{"value":-0.2,"unit":""},"max_forward_bias":{"value":1.3,"unit":""},"num_sweep_points":{"value":31,"unit":""},"dwell_time":{"value":0,"unit":""},"current_limit":{"value":100,"unit":""},"pviv_10a_i_amp":{"value":0,"unit":""},"average":{"value":1,"unit":""},"dark_current":{"value":0,"unit":""},"rshunt_v_lo":{"value":-0.2,"unit":""},"rshunt_v_hi":{"value":0.2,"unit":""},"voc":{"value":1.12950641,"unit":"V"},"isc":{"value":0.00091784,"unit":"A"},"jsc":{"value":19.78103476,"unit":"mA\/cm2"},"imax":{"value":0.00083657,"unit":"A"},"vmax":{"value":0.97793737,"unit":"V"},"pmax":{"value":0.81811159,"unit":"mW"},"fill_factor":{"value":78.9145,"unit":"%"},"efficiency":{"value":17.6317,"unit":"%"},"r_at_voc":{"value":79.239554,"unit":""},"r_at_isc":{"value":26891.394,"unit":""},"power":{"value":0.00096105,"unit":"W"},"rshunt":{"value":"NaN","unit":"ohm"},"cell_temp_start":{"value":"NaN","unit":""},"cell_temp_end":{"value":"NaN","unit":""},"exposure":{"value":3.727,"unit":""},"time":{"value":"18:35:46","unit":""},"date":{"value":"09\/18\/2023","unit":""},"V":{"value":[1.3,1.25,1.2,1.15,1.1,1.05,1,0.95,0.9,0.85,0.8,0.75,0.7,0.65,0.6,0.55,0.5,0.45,0.4,0.35,0.3,0.25,0.2,0.15,0.1,0.05,0,-0.05,-0.1,-0.15,-0.2],"unit":"V"},"I":{"value":[-0.00360223,-0.00224777,-0.00110222,-0.00025863,0.00037237,0.00068909,0.0008123,0.00085453,0.00086949,0.00087396,0.00087461,0.00087854,0.00088562,0.000885,0.00088766,0.00089443,0.00089709,0.00089695,0.00089835,0.00090047,0.00090661,0.0009092,0.00090764,0.00091073,0.00091561,0.0009187,0.00091652,0.00092165,0.00092465,0.0009217,0.00092276],"unit":"A"},"J":{"unit":"A\/cm2","value":[-0.07763426724137931,-0.04844331896551725,-0.023754741379310343,-0.005573922413793103,0.00802521551724138,0.014851077586206896,0.01750646551724138,0.01841659482758621,0.018739008620689657,0.01883534482758621,0.018849353448275864,0.018934051724137934,0.019086637931034486,0.01907327586206897,0.019130603448275864,0.019276508620689657,0.019333836206896552,0.019330818965517242,0.019360991379310348,0.01940668103448276,0.019539008620689656,0.019594827586206898,0.019561206896551726,0.019627801724137934,0.019732974137931035,0.019799568965517243,0.019752586206896555,0.01986314655172414,0.019927801724137932,0.019864224137931038,0.019887068965517243]},"cell_dimension":{"value":0.0464,"unit":"cm2"},"sweep_direction":{"unit":"","value":"Forward"},"key":"Forward 122 DAP 3vol%_20230918"},{"sample_area":{"value":0.0464,"unit":"cm2"},"irradiance":{"value":1,"unit":""},"pre_sweep_delay":{"value":1,"unit":""},"bias_direction":{"value":0,"unit":""},"max_reverse_bias":{"value":-0.2,"unit":""},"max_forward_bias":{"value":1.3,"unit":""},"num_sweep_points":{"value":31,"unit":""},"dwell_time":{"value":0,"unit":""},"current_limit":{"value":100,"unit":""},"pviv_10a_i_amp":{"value":0,"unit":""},"average":{"value":1,"unit":""},"dark_current":{"value":0,"unit":""},"rshunt_v_lo":{"value":-0.2,"unit":""},"rshunt_v_hi":{"value":0.2,"unit":""},"voc":{"value":1.11620129,"unit":"V"},"isc":{"value":0.00094648,"unit":"A"},"jsc":{"value":20.398298,"unit":"mA\/cm2"},"imax":{"value":0.00088509,"unit":"A"},"vmax":{"value":0.96052552,"unit":"V"},"pmax":{"value":0.85014715,"unit":"mW"},"fill_factor":{"value":80.4711,"unit":"%"},"efficiency":{"value":18.3221,"unit":"%"},"r_at_voc":{"value":65.68179,"unit":""},"r_at_isc":{"value":29445.304,"unit":""},"power":{"value":0.00098605,"unit":"W"},"rshunt":{"value":"NaN","unit":"ohm"},"cell_temp_start":{"value":"NaN","unit":""},"cell_temp_end":{"value":"NaN","unit":""},"exposure":{"value":3.737,"unit":""},"time":{"value":"18:35:10","unit":""},"date":{"value":"09\/18\/2023","unit":""},"V":{"value":[1.3,1.25,1.2,1.15,1.1,1.05,1,0.95,0.9,0.85,0.8,0.75,0.7,0.65,0.6,0.55,0.5,0.45,0.4,0.35,0.3,0.25,0.2,0.15,0.1,0.05,0,-0.05,-0.1,-0.15,-0.2],"unit":"V"},"I":{"value":[-0.00434592,-0.00281616,-0.00150455,-0.00051458,0.00024666,0.00065605,0.00083013,0.0008937,0.00091208,0.00091243,0.00091635,0.00091552,0.00091759,0.00091931,0.00092538,0.00092494,0.00092697,0.00093024,0.0009312,0.00093362,0.00093519,0.00093686,0.00094211,0.00094095,0.00094199,0.0009432,0.00094376,0.00095858,0.00095051,0.00094937,0.00095009],"unit":"A"},"J":{"unit":"A\/cm2","value":[-0.09366206896551724,-0.060693103448275866,-0.03242564655172414,-0.011090086206896553,0.005315948275862069,0.014139008620689657,0.01789073275862069,0.019260775862068966,0.01965689655172414,0.019664439655172415,0.019748922413793106,0.019731034482758623,0.01977564655172414,0.01981271551724138,0.01994353448275862,0.01993405172413793,0.019977801724137934,0.02004827586206897,0.02006896551724138,0.020121120689655176,0.020154956896551727,0.02019094827586207,0.02030409482758621,0.02027909482758621,0.020301508620689655,0.020327586206896554,0.020339655172413793,0.02065905172413793,0.020485129310344827,0.02046056034482759,0.020476077586206898]},"cell_dimension":{"value":0.0464,"unit":"cm2"},"sweep_direction":{"unit":"","value":"Forward"},"key":"Forward 121 DAP 3vol%_20230918"},{"sample_area":{"value":0.0464,"unit":"cm2"},"irradiance":{"value":1,"unit":""},"pre_sweep_delay":{"value":1,"unit":""},"bias_direction":{"value":0,"unit":""},"max_reverse_bias":{"value":-0.2,"unit":""},"max_forward_bias":{"value":1.3,"unit":""},"num_sweep_points":{"value":31,"unit":""},"dwell_time":{"value":0,"unit":""},"current_limit":{"value":100,"unit":""},"pviv_10a_i_amp":{"value":0,"unit":""},"average":{"value":1,"unit":""},"dark_current":{"value":0,"unit":""},"rshunt_v_lo":{"value":-0.2,"unit":""},"rshunt_v_hi":{"value":0.2,"unit":""},"voc":{"value":1.1405735,"unit":"V"},"isc":{"value":0.00097255,"unit":"A"},"jsc":{"value":20.96021773,"unit":"mA\/cm2"},"imax":{"value":0.0009056,"unit":"A"},"vmax":{"value":0.98776678,"unit":"V"},"pmax":{"value":0.89452095,"unit":"mW"},"fill_factor":{"value":80.6405,"unit":"%"},"efficiency":{"value":19.2785,"unit":"%"},"r_at_voc":{"value":80.588476,"unit":""},"r_at_isc":{"value":22256.637,"unit":""},"power":{"value":0.0010332,"unit":"W"},"rshunt":{"value":"NaN","unit":"ohm"},"cell_temp_start":{"value":"NaN","unit":""},"cell_temp_end":{"value":"NaN","unit":""},"exposure":{"value":3.91,"unit":""},"time":{"value":"18:34:15","unit":""},"date":{"value":"09\/18\/2023","unit":""},"V":{"value":[1.3,1.25,1.2,1.15,1.1,1.05,1,0.95,0.9,0.85,0.8,0.75,0.7,0.65,0.6,0.55,0.5,0.45,0.4,0.35,0.3,0.25,0.2,0.15,0.1,0.05,0,-0.05,-0.1,-0.15,-0.2],"unit":"V"},"I":{"value":[-0.00351864,-0.00211301,-0.00096914,-0.00011697,0.00050347,0.0007868,0.00089251,0.00092649,0.00093048,0.00093145,0.00093415,0.00093727,0.00094262,0.00094538,0.00094764,0.00094772,0.00094998,0.00095252,0.00095513,0.00095691,0.00095937,0.00096088,0.00096395,0.00096655,0.00096657,0.00096837,0.00097064,0.00098226,0.00097613,0.00097785,0.00098081],"unit":"A"},"J":{"unit":"A\/cm2","value":[-0.07583275862068967,-0.04553900862068965,-0.02088663793103448,-0.0025209051724137932,0.010850646551724139,0.01695689655172414,0.01923512931034483,0.019967456896551723,0.02005344827586207,0.020074353448275864,0.020132543103448277,0.020199784482758623,0.020315086206896555,0.02037456896551724,0.020423275862068966,0.020425000000000002,0.020473706896551726,0.02052844827586207,0.02058469827586207,0.02062306034482759,0.020676077586206897,0.020708620689655174,0.020774784482758622,0.020830818965517243,0.020831250000000003,0.020870043103448276,0.020918965517241383,0.02116939655172414,0.02103728448275862,0.02107435344827586,0.02113814655172414]},"cell_dimension":{"value":0.0464,"unit":"cm2"},"sweep_direction":{"unit":"","value":"Forward"},"key":"Forward 114 DAP 3vol%_20230918"},{"sample_area":{"value":0.0464,"unit":"cm2"},"irradiance":{"value":1,"unit":""},"pre_sweep_delay":{"value":1,"unit":""},"bias_direction":{"value":0,"unit":""},"max_reverse_bias":{"value":-0.2,"unit":""},"max_forward_bias":{"value":1.3,"unit":""},"num_sweep_points":{"value":31,"unit":""},"dwell_time":{"value":0,"unit":""},"current_limit":{"value":100,"unit":""},"pviv_10a_i_amp":{"value":0,"unit":""},"average":{"value":1,"unit":""},"dark_current":{"value":0,"unit":""},"rshunt_v_lo":{"value":-0.2,"unit":""},"rshunt_v_hi":{"value":0.2,"unit":""},"voc":{"value":1.13958944,"unit":"V"},"isc":{"value":0.00096001,"unit":"A"},"jsc":{"value":20.68984295,"unit":"mA\/cm2"},"imax":{"value":0.0008848,"unit":"A"},"vmax":{"value":0.99025651,"unit":"V"},"pmax":{"value":0.87618048,"unit":"mW"},"fill_factor":{"value":80.0885,"unit":"%"},"efficiency":{"value":18.8832,"unit":"%"},"r_at_voc":{"value":83.507195,"unit":""},"r_at_isc":{"value":24881.541,"unit":""},"power":{"value":0.00101752,"unit":"W"},"rshunt":{"value":"NaN","unit":"ohm"},"cell_temp_start":{"value":"NaN","unit":""},"cell_temp_end":{"value":"NaN","unit":""},"exposure":{"value":3.906,"unit":""},"time":{"value":"18:33:56","unit":""},"date":{"value":"09\/18\/2023","unit":""},"V":{"value":[1.3,1.25,1.2,1.15,1.1,1.05,1,0.95,0.9,0.85,0.8,0.75,0.7,0.65,0.6,0.55,0.5,0.45,0.4,0.35,0.3,0.25,0.2,0.15,0.1,0.05,0,-0.05,-0.1,-0.15,-0.2],"unit":"V"},"I":{"value":[-0.00330065,-0.00199965,-0.00093478,-0.00012467,0.00047408,0.000765,0.00087488,0.00090697,0.00091808,0.00091808,0.00092515,0.00092506,0.00092753,0.00093002,0.00093571,0.00093596,0.00093783,0.00094055,0.00094451,0.00094491,0.00094695,0.00094908,0.00095318,0.00095488,0.00095484,0.00095648,0.00095995,0.00096982,0.00096208,0.00096328,0.00096746],"unit":"A"},"J":{"unit":"A\/cm2","value":[-0.07113469827586208,-0.043095905172413795,-0.020146120689655173,-0.0026868534482758625,0.010217241379310345,0.01648706896551724,0.018855172413793104,0.019546767241379312,0.019786206896551726,0.019786206896551726,0.019938577586206898,0.019936637931034486,0.019989870689655173,0.020043534482758623,0.02016616379310345,0.020171551724137933,0.020211853448275863,0.020270474137931035,0.020355818965517244,0.020364439655172414,0.020408405172413796,0.02045431034482759,0.020542672413793105,0.020579310344827587,0.02057844827586207,0.020613793103448276,0.0206885775862069,0.02090129310344828,0.020734482758620693,0.020760344827586208,0.02085043103448276]},"cell_dimension":{"value":0.0464,"unit":"cm2"},"sweep_direction":{"unit":"","value":"Forward"},"key":"Forward 113 DAP 3vol%_20230918"},{"sample_area":{"value":0.0464,"unit":"cm2"},"irradiance":{"value":1,"unit":""},"pre_sweep_delay":{"value":1,"unit":""},"bias_direction":{"value":0,"unit":""},"max_reverse_bias":{"value":-0.2,"unit":""},"max_forward_bias":{"value":1.3,"unit":""},"num_sweep_points":{"value":31,"unit":""},"dwell_time":{"value":0,"unit":""},"current_limit":{"value":100,"unit":""},"pviv_10a_i_amp":{"value":0,"unit":""},"average":{"value":1,"unit":""},"dark_current":{"value":0,"unit":""},"rshunt_v_lo":{"value":-0.2,"unit":""},"rshunt_v_hi":{"value":0.2,"unit":""},"voc":{"value":1.13075136,"unit":"V"},"isc":{"value":0.00095809,"unit":"A"},"jsc":{"value":20.64841987,"unit":"mA\/cm2"},"imax":{"value":0.00088807,"unit":"A"},"vmax":{"value":0.97941098,"unit":"V"},"pmax":{"value":0.86978501,"unit":"mW"},"fill_factor":{"value":80.286,"unit":"%"},"efficiency":{"value":18.7454,"unit":"%"},"r_at_voc":{"value":74.608314,"unit":""},"r_at_isc":{"value":24549.078,"unit":""},"power":{"value":0.00100993,"unit":"W"},"rshunt":{"value":"NaN","unit":"ohm"},"cell_temp_start":{"value":"NaN","unit":""},"cell_temp_end":{"value":"NaN","unit":""},"exposure":{"value":3.726,"unit":""},"time":{"value":"18:33:11","unit":""},"date":{"value":"09\/18\/2023","unit":""},"V":{"value":[1.3,1.25,1.2,1.15,1.1,1.05,1,0.95,0.9,0.85,0.8,0.75,0.7,0.65,0.6,0.55,0.5,0.45,0.4,0.35,0.3,0.25,0.2,0.15,0.1,0.05,0,-0.05,-0.1,-0.15,-0.2],"unit":"V"},"I":{"value":[-0.00388937,-0.00240134,-0.00115737,-0.000258,0.00041217,0.00073284,0.00086346,0.00090577,0.00091326,0.0009173,0.00092323,0.00092698,0.00093038,0.00092965,0.00093536,0.00093536,0.00093798,0.00094054,0.00094486,0.00094465,0.00094567,0.00094797,0.00094927,0.00095191,0.00095375,0.00095546,0.00096033,0.00096256,0.00096099,0.00096199,0.00096665],"unit":"A"},"J":{"unit":"A\/cm2","value":[-0.08382262931034483,-0.05175301724137932,-0.024943318965517245,-0.005560344827586207,0.008882974137931035,0.015793965517241382,0.01860905172413793,0.019520905172413793,0.0196823275862069,0.01976939655172414,0.01989719827586207,0.019978017241379313,0.020051293103448276,0.020035560344827587,0.020158620689655172,0.020158620689655172,0.020215086206896556,0.020270258620689655,0.020363362068965517,0.020358836206896554,0.020380818965517244,0.020430387931034483,0.020458405172413794,0.020515301724137933,0.020554956896551724,0.02059181034482759,0.020696767241379314,0.0207448275862069,0.020710991379310345,0.020732543103448277,0.020832974137931035]},"cell_dimension":{"value":0.0464,"unit":"cm2"},"sweep_direction":{"unit":"","value":"Forward"},"key":"Forward 112 DAP 3vol%_20230918"},{"sample_area":{"value":0.0464,"unit":"cm2"},"irradiance":{"value":1,"unit":""},"pre_sweep_delay":{"value":1,"unit":""},"bias_direction":{"value":0,"unit":""},"max_reverse_bias":{"value":-0.2,"unit":""},"max_forward_bias":{"value":1.3,"unit":""},"num_sweep_points":{"value":31,"unit":""},"dwell_time":{"value":0,"unit":""},"current_limit":{"value":100,"unit":""},"pviv_10a_i_amp":{"value":0,"unit":""},"average":{"value":1,"unit":""},"dark_current":{"value":0,"unit":""},"rshunt_v_lo":{"value":-0.2,"unit":""},"rshunt_v_hi":{"value":0.2,"unit":""},"voc":{"value":1.11828697,"unit":"V"},"isc":{"value":0.00097049,"unit":"A"},"jsc":{"value":20.91579741,"unit":"mA\/cm2"},"imax":{"value":0,"unit":"A"},"vmax":{"value":"NaN","unit":"V"},"pmax":{"value":"NaN","unit":"mW"},"fill_factor":{"value":"NaN","unit":"%"},"efficiency":{"value":"NaN","unit":"%"},"r_at_voc":{"value":3769.671456,"unit":""},"r_at_isc":{"value":7103.484,"unit":""},"power":{"value":0.00034701,"unit":"W"},"rshunt":{"value":"NaN","unit":"ohm"},"cell_temp_start":{"value":"NaN","unit":""},"cell_temp_end":{"value":"NaN","unit":""},"exposure":{"value":3.858,"unit":""},"time":{"value":"18:32:19","unit":""},"date":{"value":"09\/18\/2023","unit":""},"V":{"value":[1.3,1.25,1.2,1.15,1.1,1.05,1,0.95,0.9,0.85,0.8,0.75,0.7,0.65,0.6,0.55,0.5,0.45,0.4,0.35,0.3,0.25,0.2,0.15,0.1,0.05,0,-0.05,-0.1,-0.15,-0.2],"unit":"V"},"I":{"value":[-3.203e-5,-2.378e-5,-1.549e-5,-7.19e-6,1.07e-6,9.28e-6,3.659e-5,5.392e-5,7.195e-5,8.833e-5,0.00010061,0.00011605,0.00015194,0.00017052,0.00018531,0.0002011,0.0002174,0.0002362,0.00024577,0.00036093,0.00041573,0.00064267,0.00063084,0.00053983,0.0010018,0.00097753,0.00097049,0.00097767,0.00096827,0.00096883,0.00097295],"unit":"A"},"J":{"unit":"A\/cm2","value":[-0.0006903017241379312,-0.0005125,-0.0003338362068965517,-0.00015495689655172415,2.3060344827586206e-5,0.0002,0.0007885775862068967,0.0011620689655172415,0.001550646551724138,0.0019036637931034485,0.0021683189655172415,0.002501077586206897,0.003274568965517242,0.003675,0.00399375,0.004334051724137931,0.004685344827586207,0.005090517241379311,0.0052967672413793115,0.007778663793103448,0.00895969827586207,0.01385064655172414,0.013595689655172416,0.011634267241379313,0.021590517241379312,0.021067456896551724,0.02091573275862069,0.021070474137931033,0.020867887931034484,0.020879956896551723,0.02096875]},"cell_dimension":{"value":0.0464,"unit":"cm2"},"sweep_direction":{"unit":"","value":"Forward"},"key":"Forward 111 DAP 3vol%_20230918"},{"sample_area":{"value":0.0464,"unit":"cm2"},"irradiance":{"value":1,"unit":""},"pre_sweep_delay":{"value":1,"unit":""},"bias_direction":{"value":0,"unit":""},"max_reverse_bias":{"value":-0.2,"unit":""},"max_forward_bias":{"value":1.3,"unit":""},"num_sweep_points":{"value":31,"unit":""},"dwell_time":{"value":0,"unit":""},"current_limit":{"value":100,"unit":""},"pviv_10a_i_amp":{"value":0,"unit":""},"average":{"value":1,"unit":""},"dark_current":{"value":0,"unit":""},"rshunt_v_lo":{"value":-0.2,"unit":""},"rshunt_v_hi":{"value":0.2,"unit":""},"voc":{"value":1.11983932,"unit":"V"},"isc":{"value":0.00101651,"unit":"A"},"jsc":{"value":21.90762813,"unit":"mA\/cm2"},"imax":{"value":0.00095783,"unit":"A"},"vmax":{"value":0.96627353,"unit":"V"},"pmax":{"value":0.9255212,"unit":"mW"},"fill_factor":{"value":81.305,"unit":"%"},"efficiency":{"value":19.9466,"unit":"%"},"r_at_voc":{"value":67.131305,"unit":""},"r_at_isc":{"value":24217.979,"unit":""},"power":{"value":0.00106427,"unit":"W"},"rshunt":{"value":"NaN","unit":"ohm"},"cell_temp_start":{"value":"NaN","unit":""},"cell_temp_end":{"value":"NaN","unit":""},"exposure":{"value":3.737,"unit":""},"time":{"value":"18:31:35","unit":""},"date":{"value":"09\/18\/2023","unit":""},"V":{"value":[1.3,1.25,1.2,1.15,1.1,1.05,1,0.95,0.9,0.85,0.8,0.75,0.7,0.65,0.6,0.55,0.5,0.45,0.4,0.35,0.3,0.25,0.2,0.15,0.1,0.05,0,-0.05,-0.1,-0.15,-0.2],"unit":"V"},"I":{"value":[-0.00381759,-0.00248375,-0.00134585,-0.00044928,0.00029553,0.00071396,0.00090307,0.0009704,0.00098244,0.00098503,0.00098688,0.00098944,0.00099104,0.0009925,0.00099773,0.00099637,0.0009982,0.00100338,0.00100189,0.00100331,0.00100415,0.00100653,0.00100764,0.00101018,0.00101171,0.00101585,0.00101465,0.00102051,0.00102125,0.0010228,0.00102367],"unit":"A"},"J":{"unit":"A\/cm2","value":[-0.08227564655172415,-0.05352909482758621,-0.029005387931034486,-0.009682758620689656,0.006369181034482759,0.015387068965517243,0.01946271551724138,0.020913793103448278,0.021173275862068967,0.02122909482758621,0.021268965517241382,0.021324137931034486,0.021358620689655175,0.02139008620689655,0.021502801724137932,0.021473491379310344,0.021512931034482763,0.02162456896551724,0.021592456896551728,0.02162306034482759,0.021641163793103452,0.021692456896551728,0.021716379310344827,0.021771120689655175,0.02180409482758621,0.021893318965517244,0.021867456896551726,0.021993750000000003,0.02200969827586207,0.022043103448275862,0.022061853448275864]},"cell_dimension":{"value":0.0464,"unit":"cm2"},"sweep_direction":{"unit":"","value":"Forward"},"key":"Forward 104 DAP 3vol%_20230918"},{"sample_area":{"value":0.0464,"unit":"cm2"},"irradiance":{"value":1,"unit":""},"pre_sweep_delay":{"value":1,"unit":""},"bias_direction":{"value":0,"unit":""},"max_reverse_bias":{"value":-0.2,"unit":""},"max_forward_bias":{"value":1.3,"unit":""},"num_sweep_points":{"value":31,"unit":""},"dwell_time":{"value":0,"unit":""},"current_limit":{"value":100,"unit":""},"pviv_10a_i_amp":{"value":0,"unit":""},"average":{"value":1,"unit":""},"dark_current":{"value":0,"unit":""},"rshunt_v_lo":{"value":-0.2,"unit":""},"rshunt_v_hi":{"value":0.2,"unit":""},"voc":{"value":1.11334318,"unit":"V"},"isc":{"value":0.00101875,"unit":"A"},"jsc":{"value":21.9558797,"unit":"mA\/cm2"},"imax":{"value":0.00095014,"unit":"A"},"vmax":{"value":0.95791588,"unit":"V"},"pmax":{"value":0.91015562,"unit":"mW"},"fill_factor":{"value":80.245,"unit":"%"},"efficiency":{"value":19.6154,"unit":"%"},"r_at_voc":{"value":67.284817,"unit":""},"r_at_isc":{"value":26078.71,"unit":""},"power":{"value":0.00105439,"unit":"W"},"rshunt":{"value":"NaN","unit":"ohm"},"cell_temp_start":{"value":"NaN","unit":""},"cell_temp_end":{"value":"NaN","unit":""},"exposure":{"value":3.73,"unit":""},"time":{"value":"18:31:16","unit":""},"date":{"value":"09\/18\/2023","unit":""},"V":{"value":[1.3,1.25,1.2,1.15,1.1,1.05,1,0.95,0.9,0.85,0.8,0.75,0.7,0.65,0.6,0.55,0.5,0.45,0.4,0.35,0.3,0.25,0.2,0.15,0.1,0.05,0,-0.05,-0.1,-0.15,-0.2],"unit":"V"},"I":{"value":[-0.00371823,-0.00249225,-0.00141086,-0.0005448,0.00019831,0.00065608,0.00087345,0.00095711,0.00097469,0.00097906,0.00098586,0.00098491,0.00098765,0.00099006,0.00099307,0.00099604,0.00100154,0.00100077,0.00100162,0.00100456,0.0010085,0.00101008,0.00101201,0.00101089,0.00101208,0.00101444,0.00101544,0.00103141,0.00102239,0.00102162,0.00102633],"unit":"A"},"J":{"unit":"A\/cm2","value":[-0.08013426724137931,-0.053712284482758624,-0.03040646551724138,-0.01174137931034483,0.004273922413793103,0.014139655172413793,0.018824353448275863,0.020627370689655172,0.02100625,0.02110043103448276,0.02124698275862069,0.021226508620689657,0.02128556034482759,0.021337500000000002,0.021402370689655174,0.021466379310344827,0.021584913793103448,0.021568318965517242,0.021586637931034484,0.021650000000000003,0.021734913793103453,0.02176896551724138,0.02181056034482759,0.021786422413793104,0.021812068965517243,0.02186293103448276,0.02188448275862069,0.02222866379310345,0.022034267241379312,0.022017672413793106,0.02211918103448276]},"cell_dimension":{"value":0.0464,"unit":"cm2"},"sweep_direction":{"unit":"","value":"Forward"},"key":"Forward 103 DAP 3vol%_20230918"},{"sample_area":{"value":0.0464,"unit":"cm2"},"irradiance":{"value":1,"unit":""},"pre_sweep_delay":{"value":1,"unit":""},"bias_direction":{"value":0,"unit":""},"max_reverse_bias":{"value":-0.2,"unit":""},"max_forward_bias":{"value":1.3,"unit":""},"num_sweep_points":{"value":31,"unit":""},"dwell_time":{"value":0,"unit":""},"current_limit":{"value":100,"unit":""},"pviv_10a_i_amp":{"value":0,"unit":""},"average":{"value":1,"unit":""},"dark_current":{"value":0,"unit":""},"rshunt_v_lo":{"value":-0.2,"unit":""},"rshunt_v_hi":{"value":0.2,"unit":""},"voc":{"value":1.11331881,"unit":"V"},"isc":{"value":0.0010213,"unit":"A"},"jsc":{"value":22.01072864,"unit":"mA\/cm2"},"imax":{"value":0.00094759,"unit":"A"},"vmax":{"value":0.95940623,"unit":"V"},"pmax":{"value":0.90912717,"unit":"mW"},"fill_factor":{"value":79.9563,"unit":"%"},"efficiency":{"value":19.5933,"unit":"%"},"r_at_voc":{"value":62.931015,"unit":""},"r_at_isc":{"value":27875.059,"unit":""},"power":{"value":0.00105834,"unit":"W"},"rshunt":{"value":"NaN","unit":"ohm"},"cell_temp_start":{"value":"NaN","unit":""},"cell_temp_end":{"value":"NaN","unit":""},"exposure":{"value":3.728,"unit":""},"time":{"value":"18:30:49","unit":""},"date":{"value":"09\/18\/2023","unit":""},"V":{"value":[1.3,1.25,1.2,1.15,1.1,1.05,1,0.95,0.9,0.85,0.8,0.75,0.7,0.65,0.6,0.55,0.5,0.45,0.4,0.35,0.3,0.25,0.2,0.15,0.1,0.05,0,-0.05,-0.1,-0.15,-0.2],"unit":"V"},"I":{"value":[-0.00418511,-0.00277267,-0.00154283,-0.00058288,0.00021164,0.00066887,0.00088216,0.00095585,0.00097576,0.00098007,0.00098626,0.00098973,0.00098925,0.00099245,0.00099711,0.00100035,0.00099937,0.00100162,0.0010063,0.00100917,0.00100903,0.00101454,0.00101557,0.00101445,0.00101625,0.00101821,0.00102083,0.00102573,0.00102661,0.00102628,0.00102705],"unit":"A"},"J":{"unit":"A\/cm2","value":[-0.09019633620689656,-0.059755818965517245,-0.03325064655172414,-0.012562068965517243,0.004561206896551724,0.014415301724137932,0.019012068965517243,0.02060021551724138,0.02102931034482759,0.02112219827586207,0.021255603448275866,0.021330387931034485,0.021320043103448275,0.021389008620689657,0.021489439655172415,0.02155926724137931,0.02153814655172414,0.021586637931034484,0.0216875,0.021749353448275863,0.021746336206896554,0.021865086206896554,0.02188728448275862,0.021863146551724142,0.021901939655172415,0.02194418103448276,0.022000646551724137,0.022106250000000004,0.022125215517241382,0.022118103448275864,0.02213469827586207]},"cell_dimension":{"value":0.0464,"unit":"cm2"},"sweep_direction":{"unit":"","value":"Forward"},"key":"Forward 102 DAP 3vol%_20230918"},{"sample_area":{"value":0.0464,"unit":"cm2"},"irradiance":{"value":1,"unit":""},"pre_sweep_delay":{"value":1,"unit":""},"bias_direction":{"value":0,"unit":""},"max_reverse_bias":{"value":-0.2,"unit":""},"max_forward_bias":{"value":1.3,"unit":""},"num_sweep_points":{"value":31,"unit":""},"dwell_time":{"value":0,"unit":""},"current_limit":{"value":100,"unit":""},"pviv_10a_i_amp":{"value":0,"unit":""},"average":{"value":1,"unit":""},"dark_current":{"value":0,"unit":""},"rshunt_v_lo":{"value":-0.2,"unit":""},"rshunt_v_hi":{"value":0.2,"unit":""},"voc":{"value":1.11236478,"unit":"V"},"isc":{"value":0.00103829,"unit":"A"},"jsc":{"value":22.37684953,"unit":"mA\/cm2"},"imax":{"value":0.00094838,"unit":"A"},"vmax":{"value":0.9591604,"unit":"V"},"pmax":{"value":0.90964402,"unit":"mW"},"fill_factor":{"value":78.7603,"unit":"%"},"efficiency":{"value":19.6044,"unit":"%"},"r_at_voc":{"value":54.982231,"unit":""},"r_at_isc":{"value":19761.426,"unit":""},"power":{"value":0.00106915,"unit":"W"},"rshunt":{"value":"NaN","unit":"ohm"},"cell_temp_start":{"value":"NaN","unit":""},"cell_temp_end":{"value":"NaN","unit":""},"exposure":{"value":3.734,"unit":""},"time":{"value":"18:30:25","unit":""},"date":{"value":"09\/18\/2023","unit":""},"V":{"value":[1.3,1.25,1.2,1.15,1.1,1.05,1,0.95,0.9,0.85,0.8,0.75,0.7,0.65,0.6,0.55,0.5,0.45,0.4,0.35,0.3,0.25,0.2,0.15,0.1,0.05,0,-0.05,-0.1,-0.15,-0.2],"unit":"V"},"I":{"value":[-0.00547774,-0.00350937,-0.00186863,-0.0006845,0.00022489,0.00068769,0.00088228,0.00095648,0.00097815,0.00098516,0.00098793,0.00099235,0.00099938,0.00100043,0.00100457,0.00100804,0.0010132,0.00101441,0.0010184,0.00102165,0.00102392,0.0010248,0.00102739,0.00102966,0.00103463,0.00103388,0.00103676,0.00104761,0.00104371,0.00104461,0.00104634],"unit":"A"},"J":{"unit":"A\/cm2","value":[-0.11805474137931035,-0.07563297413793103,-0.04027219827586207,-0.014752155172413794,0.004846767241379311,0.014820905172413794,0.019014655172413797,0.020613793103448276,0.02108081896551724,0.02123189655172414,0.02129159482758621,0.02138685344827586,0.02153836206896552,0.02156099137931035,0.021650215517241382,0.021725,0.021836206896551722,0.021862284482758624,0.021948275862068968,0.022018318965517245,0.022067241379310345,0.022086206896551726,0.022142025862068968,0.022190948275862068,0.022298060344827585,0.02228189655172414,0.022343965517241382,0.02257780172413793,0.02249375,0.02251314655172414,0.02255043103448276]},"cell_dimension":{"value":0.0464,"unit":"cm2"},"sweep_direction":{"unit":"","value":"Forward"},"key":"Forward 101 DAP 3vol%_20230918"}]}}