{"_id":"655ac083e66ef8618a0fbf92","id":"JBNU-SC-00300","author":98,"group":10,"input":[{"tco":{"unit":null,"value":"ITO"}},{"htl":[{"material":{"unit":null,"value":"NiO_Sputter"},"concentration":{"unit":null,"value":"None"},"conc_unit":{"unit":null,"value":"None"},"quantity":{"unit":"ml","value":"None"}}],"annealing":[{"temperature":{"unit":"oC","value":"300"},"time":{"unit":"m","value":"30"}}]},{"htl_treatment":[{"material":{"unit":null,"value":"MeO-2PACz"},"concentration":{"unit":null,"value":"0.33"},"conc_unit":{"unit":null,"value":"mg\/ml"},"quantity":{"unit":"ml","value":"1"}}],"solvent":[{"material":{"unit":null,"value":"Ethanol"},"volume":{"unit":"ml","value":"1"}}],"spin_coating":[{"type":{"unit":null,"value":"drop&run"},"rpm":{"unit":null,"value":"3000"},"time":{"unit":"s","value":"50"}}]},{"perovskite":{"method":{"unit":null,"value":"1-step"},"molarity":{"unit":"M","value":"1.45"},"a_site":[{"material":{"unit":null,"value":"Cs"},"ratio":{"unit":null,"value":"17.5"}},{"material":{"unit":null,"value":"FA"},"ratio":{"unit":null,"value":"82.5"}}],"b_site":[{"material":{"unit":null,"value":"Pb"},"ratio":{"unit":null,"value":"1"}}],"x_site":[{"material":{"unit":null,"value":"I"},"ratio":{"unit":null,"value":"2.55"}},{"material":{"unit":null,"value":"Br"},"ratio":{"unit":null,"value":"0.45"}}],"solvent":[{"material":{"unit":null,"value":"DMF"},"volume":{"unit":"ml","value":"0.8"}},{"material":{"unit":null,"value":"DMSO"},"volume":{"unit":"ml","value":"0.2"}}],"additive":[{"material":{"unit":null,"value":"OLAI"},"solvent":{"unit":null,"value":"DMF"},"concentration":{"unit":null,"value":"100"},"conc_unit":{"unit":null,"value":"mg\/ml"},"quantity":{"unit":"mol%","value":"1"}}],"stirring_time":[{"unit":"m","value":"120"}],"spin_coating":[{"type":{"unit":null,"value":"drop&run"},"rpm":{"unit":null,"value":"4000"},"time":{"unit":"s","value":"10"}}],"vacuum_suction":[{"unit":"s","value":"60"}],"annealing":[{"temperature":{"unit":"oC","value":"100"},"time":{"unit":"m","value":"30"}}],"atmosphere":[{"type":{"unit":null,"value":"N2"},"temperature":{"unit":"oC","value":"28"},"humidity":{"unit":"RH%","value":"0"}}]}},{"etl":[{"material":{"unit":null,"value":"C60"},"concentration":{"unit":null,"value":"None"},"conc_unit":{"unit":null,"value":"None"},"quantity":{"unit":"ml","value":"None"}}],"thermal_evaporation":[{"vacuum_evaporation_thickness":{"unit":"nm","value":"30"},"evaporation_rate":{"unit":"\u00c5\/s","value":"0.6"},"vacuum_pressure":{"unit":"uTorr","value":"2x10-6"}}]},{"blocking_buffer_layer":[{"material":{"unit":null,"value":"BCP"},"concentration":{"unit":null,"value":"None"},"conc_unit":{"unit":null,"value":"None"},"quantity":{"unit":"ml","value":"None"}}],"thermal_evaporation":[{"vacuum_evaporation_thickness":{"unit":"nm","value":"6"},"evaporation_rate":{"unit":"\u00c5\/s","value":"0.6"},"vacuum_pressure":{"unit":"uTorr","value":"2x10-6"}}]},{"anode_metal":{"unit":null,"value":"Ag"}},{"note":{"unit":null,"value":"-"},"ar":{"unit":null,"value":"0"},"type":{"unit":null,"value":"unit_cell"},"device_type":{"unit":null,"value":"p-i-n"},"temperature":{"unit":"\u2103","value":"25"},"humidity":{"unit":"%","value":"40"},"cell_dimension":{"unit":"cm2","value":"0.0464"}}],"fileinfo":[{"key":"FORWARD 82 24H SP+MeO OLAI 5VOL_20230329","uploadType":"JV","original_name":"FORWARD 82 24H SP+MeO OLAI 5VOL_20230329- 230812.txt","save_name":"JBNU-SC-00300\/FORWARD 82 24H SP+MeO OLAI 5VOL_20230329","uploader":98,"fileType":""},{"key":"FORWARD 83 24H SP+MeO OLAI 5VOL_20230329","uploadType":"JV","original_name":"FORWARD 83 24H SP+MeO OLAI 5VOL_20230329- 230828.txt","save_name":"JBNU-SC-00300\/FORWARD 83 24H SP+MeO OLAI 5VOL_20230329","uploader":98,"fileType":""},{"key":"FORWARD 84 24H SP+MeO OLAI 5VOL_20230329","uploadType":"JV","original_name":"FORWARD 84 24H SP+MeO OLAI 5VOL_20230329- 230846.txt","save_name":"JBNU-SC-00300\/FORWARD 84 24H SP+MeO OLAI 5VOL_20230329","uploader":98,"fileType":""},{"key":"FORWARD 71 24H SP+MeO OLAI 5VOL_20230329","uploadType":"JV","original_name":"FORWARD 71 24H SP+MeO OLAI 5VOL_20230329- 230616.txt","save_name":"JBNU-SC-00300\/FORWARD 71 24H SP+MeO OLAI 5VOL_20230329","uploader":98,"fileType":""},{"key":"FORWARD 72 24H SP+MeO OLAI 5VOL_20230329","uploadType":"JV","original_name":"FORWARD 72 24H SP+MeO OLAI 5VOL_20230329- 230638.txt","save_name":"JBNU-SC-00300\/FORWARD 72 24H SP+MeO OLAI 5VOL_20230329","uploader":98,"fileType":""},{"key":"FORWARD 73 24H SP+MeO OLAI 5VOL_20230329","uploadType":"JV","original_name":"FORWARD 73 24H SP+MeO OLAI 5VOL_20230329- 230655.txt","save_name":"JBNU-SC-00300\/FORWARD 73 24H SP+MeO OLAI 5VOL_20230329","uploader":98,"fileType":""},{"key":"FORWARD 74 24H SP+MeO OLAI 5VOL_20230329","uploadType":"JV","original_name":"FORWARD 74 24H SP+MeO OLAI 5VOL_20230329- 230713.txt","save_name":"JBNU-SC-00300\/FORWARD 74 24H SP+MeO OLAI 5VOL_20230329","uploader":98,"fileType":""},{"key":"FORWARD 81 24H SP+MeO OLAI 5VOL_20230329","uploadType":"JV","original_name":"FORWARD 81 24H SP+MeO OLAI 5VOL_20230329- 230751.txt","save_name":"JBNU-SC-00300\/FORWARD 81 24H SP+MeO OLAI 5VOL_20230329","uploader":98,"fileType":""}],"jvcnt":8,"updated_at":"2024-06-03 08:38:37","created_at":"2023-11-20 02:12:19","analysisInfo":{"JV":[{"efficiency":17.5005,"fill_factor":77.3043,"jsc":20.63721183,"voc":1.09697101,"key":"FORWARD 84 24H SP+MeO OLAI 5VOL_20230329","cell_dimension":0.0464},{"efficiency":17.2701,"fill_factor":75.3747,"jsc":20.98017645,"voc":1.09209405,"key":"FORWARD 83 24H SP+MeO OLAI 5VOL_20230329","cell_dimension":0.0464},{"efficiency":16.0629,"fill_factor":73.0101,"jsc":20.1949153,"voc":1.0894291,"key":"FORWARD 82 24H SP+MeO OLAI 5VOL_20230329","cell_dimension":0.0464},{"efficiency":16.8479,"fill_factor":73.4069,"jsc":20.78980178,"voc":1.10397432,"key":"FORWARD 81 24H SP+MeO OLAI 5VOL_20230329","cell_dimension":0.0464},{"efficiency":17.7232,"fill_factor":77.0629,"jsc":20.74613568,"voc":1.10855861,"key":"FORWARD 74 24H SP+MeO OLAI 5VOL_20230329","cell_dimension":0.0464},{"efficiency":17.4458,"fill_factor":76.0263,"jsc":20.67906822,"voc":1.10967456,"key":"FORWARD 73 24H SP+MeO OLAI 5VOL_20230329","cell_dimension":0.0464},{"efficiency":17.5465,"fill_factor":75.8154,"jsc":20.74758685,"voc":1.11548939,"key":"FORWARD 72 24H SP+MeO OLAI 5VOL_20230329","cell_dimension":0.0464},{"efficiency":17.3753,"fill_factor":75.1929,"jsc":20.728444,"voc":1.11477897,"key":"FORWARD 71 24H SP+MeO OLAI 5VOL_20230329","cell_dimension":0.0464}]},"public":2,"analysis":{"JV":[{"sample_area":{"value":0.0464,"unit":"cm2"},"irradiance":{"value":1,"unit":""},"pre_sweep_delay":{"value":1,"unit":""},"bias_direction":{"value":0,"unit":""},"max_reverse_bias":{"value":-0.2,"unit":""},"max_forward_bias":{"value":1.3,"unit":""},"num_sweep_points":{"value":31,"unit":""},"dwell_time":{"value":0,"unit":""},"current_limit":{"value":100,"unit":""},"pviv_10a_i_amp":{"value":0,"unit":""},"average":{"value":1,"unit":""},"dark_current":{"value":0,"unit":""},"rshunt_v_lo":{"value":-0.2,"unit":""},"rshunt_v_hi":{"value":0.2,"unit":""},"voc":{"value":1.09697101,"unit":"V"},"isc":{"value":0.00095757,"unit":"A"},"jsc":{"value":20.63721183,"unit":"mA\/cm2"},"imax":{"value":0.00086587,"unit":"A"},"vmax":{"value":0.93780823,"unit":"V"},"pmax":{"value":0.81202157,"unit":"mW"},"fill_factor":{"value":77.3043,"unit":"%"},"efficiency":{"value":17.5005,"unit":"%"},"r_at_voc":{"value":97.575851,"unit":""},"r_at_isc":{"value":26346.902,"unit":""},"power":{"value":0.00096855,"unit":"W"},"rshunt":{"value":"NaN","unit":"ohm"},"cell_temp_start":{"value":"NaN","unit":""},"cell_temp_end":{"value":"NaN","unit":""},"exposure":{"value":4.029,"unit":""},"time":{"value":"23:08:46","unit":""},"date":{"value":"03\/29\/2023","unit":""},"V":{"value":[1.3,1.25,1.2,1.15,1.1,1.05,1,0.95,0.9,0.85,0.8,0.75,0.7,0.65,0.6,0.55,0.5,0.45,0.4,0.35,0.3,0.25,0.2,0.15,0.1,0.05,0,-0.05,-0.1,-0.15,-0.2],"unit":"V"},"I":{"value":[-0.00510787,-0.00341088,-0.00196874,-0.00085556,-3.104e-5,0.00048138,0.00074592,0.00085299,0.00089055,0.00090934,0.00091551,0.00092145,0.0009255,0.00093049,0.00093286,0.00093477,0.00093626,0.0009396,0.00094146,0.00094357,0.00094649,0.00094754,0.00094951,0.00095151,0.00095318,0.00095661,0.0009583,0.00096156,0.00096079,0.00096211,0.00096477],"unit":"A"},"J":{"unit":"A\/cm2","value":[-0.11008340517241379,-0.07351034482758621,-0.04242974137931035,-0.018438793103448276,-0.0006689655172413794,0.010374568965517241,0.016075862068965517,0.018383405172413794,0.019192887931034484,0.019597844827586208,0.019730818965517243,0.019858836206896553,0.019946120689655174,0.02005366379310345,0.020104741379310346,0.020145905172413794,0.020178017241379312,0.02025,0.020290086206896554,0.02033556034482759,0.020398491379310348,0.020421120689655174,0.0204635775862069,0.02050668103448276,0.020542672413793105,0.020616594827586206,0.02065301724137931,0.020723275862068968,0.02070668103448276,0.020735129310344828,0.020792456896551726]},"cell_dimension":{"value":0.0464,"unit":"cm2"},"sweep_direction":{"unit":"","value":"Forward"},"key":"FORWARD 84 24H SP+MeO OLAI 5VOL_20230329"},{"sample_area":{"value":0.0464,"unit":"cm2"},"irradiance":{"value":1,"unit":""},"pre_sweep_delay":{"value":1,"unit":""},"bias_direction":{"value":0,"unit":""},"max_reverse_bias":{"value":-0.2,"unit":""},"max_forward_bias":{"value":1.3,"unit":""},"num_sweep_points":{"value":31,"unit":""},"dwell_time":{"value":0,"unit":""},"current_limit":{"value":100,"unit":""},"pviv_10a_i_amp":{"value":0,"unit":""},"average":{"value":1,"unit":""},"dark_current":{"value":0,"unit":""},"rshunt_v_lo":{"value":-0.2,"unit":""},"rshunt_v_hi":{"value":0.2,"unit":""},"voc":{"value":1.09209405,"unit":"V"},"isc":{"value":0.00097348,"unit":"A"},"jsc":{"value":20.98017645,"unit":"mA\/cm2"},"imax":{"value":0.00087603,"unit":"A"},"vmax":{"value":0.91473239,"unit":"V"},"pmax":{"value":0.80133235,"unit":"mW"},"fill_factor":{"value":75.3747,"unit":"%"},"efficiency":{"value":17.2701,"unit":"%"},"r_at_voc":{"value":104.280939,"unit":""},"r_at_isc":{"value":29393.437,"unit":""},"power":{"value":0.00097299,"unit":"W"},"rshunt":{"value":"NaN","unit":"ohm"},"cell_temp_start":{"value":"NaN","unit":""},"cell_temp_end":{"value":"NaN","unit":""},"exposure":{"value":3.906,"unit":""},"time":{"value":"23:08:28","unit":""},"date":{"value":"03\/29\/2023","unit":""},"V":{"value":[1.3,1.25,1.2,1.15,1.1,1.05,1,0.95,0.9,0.85,0.8,0.75,0.7,0.65,0.6,0.55,0.5,0.45,0.4,0.35,0.3,0.25,0.2,0.15,0.1,0.05,0,-0.05,-0.1,-0.15,-0.2],"unit":"V"},"I":{"value":[-0.00376925,-0.00261484,-0.00159668,-0.00075319,-7.581e-5,0.00040366,0.00069842,0.00082865,0.00088829,0.00091186,0.00092622,0.00093241,0.00093901,0.00094318,0.00094792,0.00095164,0.00095306,0.00095635,0.00095875,0.00096008,0.00096193,0.00096492,0.00096747,0.00096819,0.0009708,0.00097161,0.00097463,0.0009769,0.00097538,0.00097715,0.00098058],"unit":"A"},"J":{"unit":"A\/cm2","value":[-0.08123383620689656,-0.05635431034482759,-0.03441120689655173,-0.016232543103448276,-0.0016338362068965518,0.008699568965517242,0.015052155172413794,0.01785883620689655,0.01914418103448276,0.019652155172413796,0.019961637931034483,0.020095043103448278,0.020237284482758622,0.020327155172413795,0.020429310344827586,0.020509482758620693,0.020540086206896555,0.020610991379310346,0.02066271551724138,0.02069137931034483,0.02073125,0.020795689655172415,0.02085064655172414,0.020866163793103448,0.02092241379310345,0.020939870689655176,0.021004956896551727,0.021053879310344827,0.021021120689655174,0.021059267241379312,0.021133189655172416]},"cell_dimension":{"value":0.0464,"unit":"cm2"},"sweep_direction":{"unit":"","value":"Forward"},"key":"FORWARD 83 24H SP+MeO OLAI 5VOL_20230329"},{"sample_area":{"value":0.0464,"unit":"cm2"},"irradiance":{"value":1,"unit":""},"pre_sweep_delay":{"value":1,"unit":""},"bias_direction":{"value":0,"unit":""},"max_reverse_bias":{"value":-0.2,"unit":""},"max_forward_bias":{"value":1.3,"unit":""},"num_sweep_points":{"value":31,"unit":""},"dwell_time":{"value":0,"unit":""},"current_limit":{"value":100,"unit":""},"pviv_10a_i_amp":{"value":0,"unit":""},"average":{"value":1,"unit":""},"dark_current":{"value":0,"unit":""},"rshunt_v_lo":{"value":-0.2,"unit":""},"rshunt_v_hi":{"value":0.2,"unit":""},"voc":{"value":1.0894291,"unit":"V"},"isc":{"value":0.00093704,"unit":"A"},"jsc":{"value":20.1949153,"unit":"mA\/cm2"},"imax":{"value":0.00081763,"unit":"A"},"vmax":{"value":0.91156433,"unit":"V"},"pmax":{"value":0.74531839,"unit":"mW"},"fill_factor":{"value":73.0101,"unit":"%"},"efficiency":{"value":16.0629,"unit":"%"},"r_at_voc":{"value":107.385627,"unit":""},"r_at_isc":{"value":20515.751,"unit":""},"power":{"value":0.00092346,"unit":"W"},"rshunt":{"value":"NaN","unit":"ohm"},"cell_temp_start":{"value":"NaN","unit":""},"cell_temp_end":{"value":"NaN","unit":""},"exposure":{"value":3.906,"unit":""},"time":{"value":"23:08:12","unit":""},"date":{"value":"03\/29\/2023","unit":""},"V":{"value":[1.3,1.25,1.2,1.15,1.1,1.05,1,0.95,0.9,0.85,0.8,0.75,0.7,0.65,0.6,0.55,0.5,0.45,0.4,0.35,0.3,0.25,0.2,0.15,0.1,0.05,0,-0.05,-0.1,-0.15,-0.2],"unit":"V"},"I":{"value":[-0.00385257,-0.00265999,-0.00161876,-0.00076887,-9.844e-5,0.00036717,0.00064556,0.00077085,0.0008272,0.00085565,0.00087207,0.0008824,0.00088944,0.00089525,0.00090153,0.00090458,0.00090871,0.00091244,0.00091681,0.00091928,0.00092204,0.00092438,0.00092841,0.00092874,0.00093161,0.00093507,0.0009378,0.00094139,0.00094114,0.00094448,0.00094564],"unit":"A"},"J":{"unit":"A\/cm2","value":[-0.08302952586206898,-0.057327370689655176,-0.03488706896551724,-0.016570474137931033,-0.002121551724137931,0.007913146551724138,0.013912931034482759,0.01661314655172414,0.017827586206896555,0.018440732758620692,0.018794612068965516,0.019017241379310344,0.01916896551724138,0.01929418103448276,0.019429525862068968,0.019495258620689657,0.01958426724137931,0.019664655172413795,0.019758836206896554,0.01981206896551724,0.01987155172413793,0.019921982758620692,0.02000883620689655,0.020015948275862068,0.020077801724137933,0.020152370689655173,0.020211206896551728,0.020288577586206898,0.020283189655172416,0.020355172413793105,0.020380172413793106]},"cell_dimension":{"value":0.0464,"unit":"cm2"},"sweep_direction":{"unit":"","value":"Forward"},"key":"FORWARD 82 24H SP+MeO OLAI 5VOL_20230329"},{"sample_area":{"value":0.0464,"unit":"cm2"},"irradiance":{"value":1,"unit":""},"pre_sweep_delay":{"value":1,"unit":""},"bias_direction":{"value":0,"unit":""},"max_reverse_bias":{"value":-0.2,"unit":""},"max_forward_bias":{"value":1.3,"unit":""},"num_sweep_points":{"value":31,"unit":""},"dwell_time":{"value":0,"unit":""},"current_limit":{"value":100,"unit":""},"pviv_10a_i_amp":{"value":0,"unit":""},"average":{"value":1,"unit":""},"dark_current":{"value":0,"unit":""},"rshunt_v_lo":{"value":-0.2,"unit":""},"rshunt_v_hi":{"value":0.2,"unit":""},"voc":{"value":1.10397432,"unit":"V"},"isc":{"value":0.00096465,"unit":"A"},"jsc":{"value":20.78980178,"unit":"mA\/cm2"},"imax":{"value":0.0008373,"unit":"A"},"vmax":{"value":0.93365297,"unit":"V"},"pmax":{"value":0.78174383,"unit":"mW"},"fill_factor":{"value":73.4069,"unit":"%"},"efficiency":{"value":16.8479,"unit":"%"},"r_at_voc":{"value":74.832505,"unit":""},"r_at_isc":{"value":18144.312,"unit":""},"power":{"value":0.00096043,"unit":"W"},"rshunt":{"value":"NaN","unit":"ohm"},"cell_temp_start":{"value":"NaN","unit":""},"cell_temp_end":{"value":"NaN","unit":""},"exposure":{"value":3.903,"unit":""},"time":{"value":"23:07:51","unit":""},"date":{"value":"03\/29\/2023","unit":""},"V":{"value":[1.3,1.25,1.2,1.15,1.1,1.05,1,0.95,0.9,0.85,0.8,0.75,0.7,0.65,0.6,0.55,0.5,0.45,0.4,0.35,0.3,0.25,0.2,0.15,0.1,0.05,0,-0.05,-0.1,-0.15,-0.2],"unit":"V"},"I":{"value":[-0.00396292,-0.00262838,-0.00149697,-0.00061505,5.311e-5,0.00048711,0.00071948,0.00082006,0.0008597,0.00087822,0.00089144,0.00090028,0.00090764,0.00091323,0.00091918,0.00092507,0.00093006,0.00093492,0.00093899,0.00094202,0.00094708,0.00094936,0.00095402,0.00095758,0.00095962,0.00096211,0.00096554,0.00096915,0.00097006,0.00097264,0.00097364],"unit":"A"},"J":{"unit":"A\/cm2","value":[-0.08540775862068967,-0.056646120689655174,-0.03226228448275863,-0.013255387931034484,0.0011446120689655173,0.010498060344827587,0.015506034482758621,0.017673706896551723,0.018528017241379313,0.018927155172413793,0.01921206896551724,0.019402586206896555,0.019561206896551726,0.01968168103448276,0.01980991379310345,0.019936853448275862,0.02004439655172414,0.020149137931034483,0.020236853448275863,0.020302155172413794,0.020411206896551726,0.02046034482758621,0.020560775862068965,0.0206375,0.02068146551724138,0.020735129310344828,0.020809051724137932,0.020886853448275865,0.02090646551724138,0.020962068965517243,0.020983620689655175]},"cell_dimension":{"value":0.0464,"unit":"cm2"},"sweep_direction":{"unit":"","value":"Forward"},"key":"FORWARD 81 24H SP+MeO OLAI 5VOL_20230329"},{"sample_area":{"value":0.0464,"unit":"cm2"},"irradiance":{"value":1,"unit":""},"pre_sweep_delay":{"value":1,"unit":""},"bias_direction":{"value":0,"unit":""},"max_reverse_bias":{"value":-0.2,"unit":""},"max_forward_bias":{"value":1.3,"unit":""},"num_sweep_points":{"value":31,"unit":""},"dwell_time":{"value":0,"unit":""},"current_limit":{"value":100,"unit":""},"pviv_10a_i_amp":{"value":0,"unit":""},"average":{"value":1,"unit":""},"dark_current":{"value":0,"unit":""},"rshunt_v_lo":{"value":-0.2,"unit":""},"rshunt_v_hi":{"value":0.2,"unit":""},"voc":{"value":1.10855861,"unit":"V"},"isc":{"value":0.00096262,"unit":"A"},"jsc":{"value":20.74613568,"unit":"mA\/cm2"},"imax":{"value":0.00087204,"unit":"A"},"vmax":{"value":0.94302032,"unit":"V"},"pmax":{"value":0.82235486,"unit":"mW"},"fill_factor":{"value":77.0629,"unit":"%"},"efficiency":{"value":17.7232,"unit":"%"},"r_at_voc":{"value":66.00004,"unit":""},"r_at_isc":{"value":38389.458,"unit":""},"power":{"value":0.0009843,"unit":"W"},"rshunt":{"value":"NaN","unit":"ohm"},"cell_temp_start":{"value":"NaN","unit":""},"cell_temp_end":{"value":"NaN","unit":""},"exposure":{"value":3.731,"unit":""},"time":{"value":"23:07:13","unit":""},"date":{"value":"03\/29\/2023","unit":""},"V":{"value":[1.3,1.25,1.2,1.15,1.1,1.05,1,0.95,0.9,0.85,0.8,0.75,0.7,0.65,0.6,0.55,0.5,0.45,0.4,0.35,0.3,0.25,0.2,0.15,0.1,0.05,0,-0.05,-0.1,-0.15,-0.2],"unit":"V"},"I":{"value":[-0.00430451,-0.00284579,-0.0015993,-0.0006279,0.00012968,0.00056448,0.00077649,0.00086511,0.00089839,0.00091212,0.00092161,0.00092541,0.00092972,0.00093227,0.00093611,0.00093702,0.00094127,0.00094193,0.00094666,0.00095156,0.00095456,0.00095568,0.00095732,0.00095964,0.00096024,0.00096163,0.0009618,0.00096458,0.00096515,0.00096562,0.00096828],"unit":"A"},"J":{"unit":"A\/cm2","value":[-0.09276961206896553,-0.06133168103448276,-0.0344676724137931,-0.013532327586206898,0.0027948275862068966,0.012165517241379311,0.016734698275862072,0.01864461206896552,0.019361853448275863,0.019657758620689657,0.019862284482758622,0.01994418103448276,0.02003706896551724,0.020092025862068968,0.020174784482758622,0.02019439655172414,0.020285991379310347,0.02030021551724138,0.020402155172413793,0.020507758620689657,0.02057241379310345,0.02059655172413793,0.02063189655172414,0.02068189655172414,0.020694827586206898,0.02072478448275862,0.02072844827586207,0.02078836206896552,0.02080064655172414,0.02081077586206897,0.020868103448275863]},"cell_dimension":{"value":0.0464,"unit":"cm2"},"sweep_direction":{"unit":"","value":"Forward"},"key":"FORWARD 74 24H SP+MeO OLAI 5VOL_20230329"},{"sample_area":{"value":0.0464,"unit":"cm2"},"irradiance":{"value":1,"unit":""},"pre_sweep_delay":{"value":1,"unit":""},"bias_direction":{"value":0,"unit":""},"max_reverse_bias":{"value":-0.2,"unit":""},"max_forward_bias":{"value":1.3,"unit":""},"num_sweep_points":{"value":31,"unit":""},"dwell_time":{"value":0,"unit":""},"current_limit":{"value":100,"unit":""},"pviv_10a_i_amp":{"value":0,"unit":""},"average":{"value":1,"unit":""},"dark_current":{"value":0,"unit":""},"rshunt_v_lo":{"value":-0.2,"unit":""},"rshunt_v_hi":{"value":0.2,"unit":""},"voc":{"value":1.10967456,"unit":"V"},"isc":{"value":0.00095951,"unit":"A"},"jsc":{"value":20.67906822,"unit":"mA\/cm2"},"imax":{"value":0.00086201,"unit":"A"},"vmax":{"value":0.93906898,"unit":"V"},"pmax":{"value":0.80948413,"unit":"mW"},"fill_factor":{"value":76.0263,"unit":"%"},"efficiency":{"value":17.4458,"unit":"%"},"r_at_voc":{"value":77.772,"unit":""},"r_at_isc":{"value":26136.809,"unit":""},"power":{"value":0.00097613,"unit":"W"},"rshunt":{"value":"NaN","unit":"ohm"},"cell_temp_start":{"value":"NaN","unit":""},"cell_temp_end":{"value":"NaN","unit":""},"exposure":{"value":3.737,"unit":""},"time":{"value":"23:06:55","unit":""},"date":{"value":"03\/29\/2023","unit":""},"V":{"value":[1.3,1.25,1.2,1.15,1.1,1.05,1,0.95,0.9,0.85,0.8,0.75,0.7,0.65,0.6,0.55,0.5,0.45,0.4,0.35,0.3,0.25,0.2,0.15,0.1,0.05,0,-0.05,-0.1,-0.15,-0.2],"unit":"V"},"I":{"value":[-0.00337512,-0.00227231,-0.00130558,-0.00051851,0.0001244,0.00053086,0.00075091,0.00085075,0.00088747,0.00090644,0.00091473,0.0009211,0.00092386,0.00092857,0.00093118,0.00093615,0.00093852,0.00094113,0.00094331,0.00094573,0.00094721,0.00094896,0.00095219,0.00095487,0.00095671,0.00095779,0.00095972,0.00096147,0.00096307,0.00096431,0.00096725],"unit":"A"},"J":{"unit":"A\/cm2","value":[-0.0727396551724138,-0.04897219827586207,-0.028137500000000003,-0.011174784482758621,0.0026810344827586205,0.011440948275862069,0.016183405172413796,0.01833512931034483,0.019126508620689656,0.019535344827586208,0.019714008620689658,0.019851293103448277,0.019910775862068967,0.020012284482758623,0.02006853448275862,0.020175646551724137,0.020226724137931036,0.020282974137931037,0.020329956896551725,0.020382112068965518,0.020414008620689657,0.020451724137931036,0.020521336206896553,0.02057909482758621,0.02061875,0.020642025862068966,0.020683620689655173,0.020721336206896552,0.02075581896551724,0.02078254310344828,0.020845905172413796]},"cell_dimension":{"value":0.0464,"unit":"cm2"},"sweep_direction":{"unit":"","value":"Forward"},"key":"FORWARD 73 24H SP+MeO OLAI 5VOL_20230329"},{"sample_area":{"value":0.0464,"unit":"cm2"},"irradiance":{"value":1,"unit":""},"pre_sweep_delay":{"value":1,"unit":""},"bias_direction":{"value":0,"unit":""},"max_reverse_bias":{"value":-0.2,"unit":""},"max_forward_bias":{"value":1.3,"unit":""},"num_sweep_points":{"value":31,"unit":""},"dwell_time":{"value":0,"unit":""},"current_limit":{"value":100,"unit":""},"pviv_10a_i_amp":{"value":0,"unit":""},"average":{"value":1,"unit":""},"dark_current":{"value":0,"unit":""},"rshunt_v_lo":{"value":-0.2,"unit":""},"rshunt_v_hi":{"value":0.2,"unit":""},"voc":{"value":1.11548939,"unit":"V"},"isc":{"value":0.00096269,"unit":"A"},"jsc":{"value":20.74758685,"unit":"mA\/cm2"},"imax":{"value":0.00086058,"unit":"A"},"vmax":{"value":0.94605448,"unit":"V"},"pmax":{"value":0.81415806,"unit":"mW"},"fill_factor":{"value":75.8154,"unit":"%"},"efficiency":{"value":17.5465,"unit":"%"},"r_at_voc":{"value":71.771341,"unit":""},"r_at_isc":{"value":29217.352,"unit":""},"power":{"value":0.00098674,"unit":"W"},"rshunt":{"value":"NaN","unit":"ohm"},"cell_temp_start":{"value":"NaN","unit":""},"cell_temp_end":{"value":"NaN","unit":""},"exposure":{"value":3.73,"unit":""},"time":{"value":"23:06:38","unit":""},"date":{"value":"03\/29\/2023","unit":""},"V":{"value":[1.3,1.25,1.2,1.15,1.1,1.05,1,0.95,0.9,0.85,0.8,0.75,0.7,0.65,0.6,0.55,0.5,0.45,0.4,0.35,0.3,0.25,0.2,0.15,0.1,0.05,0,-0.05,-0.1,-0.15,-0.2],"unit":"V"},"I":{"value":[-0.0040055,-0.00257338,-0.00138001,-0.00048084,0.00021582,0.00059168,0.00078098,0.00085687,0.00088967,0.00090553,0.00091488,0.00092041,0.00092538,0.00092977,0.00093371,0.0009382,0.00094161,0.00094449,0.0009485,0.00094956,0.00095261,0.00095371,0.00095487,0.00095749,0.00096006,0.00096236,0.00096235,0.00096411,0.00096655,0.00096758,0.00096905],"unit":"A"},"J":{"unit":"A\/cm2","value":[-0.08632543103448277,-0.05546077586206897,-0.02974159482758621,-0.01036293103448276,0.004651293103448276,0.012751724137931035,0.016831465517241382,0.018467025862068966,0.019173922413793103,0.01951573275862069,0.019717241379310347,0.019836422413793103,0.01994353448275862,0.02003814655172414,0.020123060344827588,0.020219827586206898,0.02029331896551724,0.020355387931034485,0.020441810344827588,0.020464655172413793,0.020530387931034483,0.020554094827586206,0.02057909482758621,0.020635560344827587,0.02069094827586207,0.020740517241379312,0.020740301724137933,0.02077823275862069,0.020830818965517243,0.02085301724137931,0.02088469827586207]},"cell_dimension":{"value":0.0464,"unit":"cm2"},"sweep_direction":{"unit":"","value":"Forward"},"key":"FORWARD 72 24H SP+MeO OLAI 5VOL_20230329"},{"sample_area":{"value":0.0464,"unit":"cm2"},"irradiance":{"value":1,"unit":""},"pre_sweep_delay":{"value":1,"unit":""},"bias_direction":{"value":0,"unit":""},"max_reverse_bias":{"value":-0.2,"unit":""},"max_forward_bias":{"value":1.3,"unit":""},"num_sweep_points":{"value":31,"unit":""},"dwell_time":{"value":0,"unit":""},"current_limit":{"value":100,"unit":""},"pviv_10a_i_amp":{"value":0,"unit":""},"average":{"value":1,"unit":""},"dark_current":{"value":0,"unit":""},"rshunt_v_lo":{"value":-0.2,"unit":""},"rshunt_v_hi":{"value":0.2,"unit":""},"voc":{"value":1.11477897,"unit":"V"},"isc":{"value":0.0009618,"unit":"A"},"jsc":{"value":20.728444,"unit":"mA\/cm2"},"imax":{"value":0.00085826,"unit":"A"},"vmax":{"value":0.93936374,"unit":"V"},"pmax":{"value":0.80621424,"unit":"mW"},"fill_factor":{"value":75.1929,"unit":"%"},"efficiency":{"value":17.3753,"unit":"%"},"r_at_voc":{"value":77.142351,"unit":""},"r_at_isc":{"value":29648.285,"unit":""},"power":{"value":0.00098064,"unit":"W"},"rshunt":{"value":"NaN","unit":"ohm"},"cell_temp_start":{"value":"NaN","unit":""},"cell_temp_end":{"value":"NaN","unit":""},"exposure":{"value":3.725,"unit":""},"time":{"value":"23:06:16","unit":""},"date":{"value":"03\/29\/2023","unit":""},"V":{"value":[1.3,1.25,1.2,1.15,1.1,1.05,1,0.95,0.9,0.85,0.8,0.75,0.7,0.65,0.6,0.55,0.5,0.45,0.4,0.35,0.3,0.25,0.2,0.15,0.1,0.05,0,-0.05,-0.1,-0.15,-0.2],"unit":"V"},"I":{"value":[-0.00358267,-0.00238194,-0.00127968,-0.00045657,0.00019158,0.00056569,0.00076357,0.00084758,0.00088404,0.00089945,0.00090931,0.00091606,0.00092215,0.0009255,0.00092927,0.00093409,0.00093898,0.00094205,0.00094577,0.00094801,0.00094997,0.00095336,0.00095513,0.00095777,0.00095962,0.00096015,0.00096223,0.00096332,0.00096587,0.00096626,0.00096756],"unit":"A"},"J":{"unit":"A\/cm2","value":[-0.07721271551724139,-0.05133491379310345,-0.02757931034482759,-0.009839870689655174,0.004128879310344828,0.012191594827586208,0.016456250000000002,0.018266810344827588,0.019052586206896552,0.01938469827586207,0.01959719827586207,0.019742672413793103,0.019873922413793106,0.019946120689655174,0.020027370689655176,0.020131250000000003,0.020236637931034484,0.020302801724137932,0.020382974137931036,0.02043125,0.020473491379310347,0.020546551724137933,0.02058469827586207,0.02064159482758621,0.02068146551724138,0.020692887931034486,0.020737715517241382,0.020761206896551726,0.02081616379310345,0.020824568965517244,0.020852586206896555]},"cell_dimension":{"value":0.0464,"unit":"cm2"},"sweep_direction":{"unit":"","value":"Forward"},"key":"FORWARD 71 24H SP+MeO OLAI 5VOL_20230329"}]}}