{"_id":"655ac66301ee2463e21d534a","id":"JBNU-SC-00357","author":98,"group":10,"input":[{"tco":{"unit":"","value":"ITO"}},{"htl":[{"material":{"unit":"","value":"NiO_Sputter"},"concentration":{"unit":"","value":"None"},"conc_unit":{"unit":"","value":"None"},"quantity":{"unit":"ml","value":"None"}}],"solvent":[{"material":{"unit":"","value":"None"},"volume":{"unit":"ml","value":"None"}},{"material":{"unit":"","value":"None"},"volume":{"unit":"ml","value":"None"}}],"htl_doping":[{"material":{"unit":"","value":"None"},"volume":{"unit":"ul","value":"None"}}],"spin_coating":[{"type":{"unit":"","value":"None"},"rpm":{"unit":"","value":"None"},"time":{"unit":"s","value":"None"}}],"vacuum_suction":[{"unit":"s","value":"None"}],"annealing":[{"temperature":{"unit":"oC","value":"300"},"time":{"unit":"m","value":"30"}}],"module":[{"type":{"unit":"","value":"None"},"gap":{"unit":"um","value":"None"},"coating_speed":{"unit":"mm\/s","value":"None"},"feeding_amount":{"unit":"ul","value":"None"}}],"thermal_evaporation":[{"vacuum_evaporation_thickness":{"unit":"nm","value":"None"},"evaporation_rate":{"unit":"\u00c5\/s","value":"None"},"vacuum_pressure":{"unit":"uTorr","value":"None"}}]},{"htl_treatment":[{"material":{"unit":"","value":"MeO-2PACz"},"concentration":{"unit":"","value":"0.33"},"conc_unit":{"unit":"","value":"mg\/ml"},"quantity":{"unit":"ml","value":"1"}}],"solvent":[{"material":{"unit":"","value":"Ethanol"},"volume":{"unit":"ml","value":"1"}},{"material":{"unit":"","value":"None"},"volume":{"unit":"ml","value":"None"}}],"spin_coating":[{"type":{"unit":"","value":"drop&run"},"rpm":{"unit":"","value":"3000"},"time":{"unit":"s","value":"50"}}],"vacuum_suction":[{"unit":"s","value":"None"}],"annealing":[{"temperature":{"unit":"oC","value":"None"},"time":{"unit":"m","value":"None"}}],"module":[{"type":{"unit":"","value":"None"},"gap":{"unit":"um","value":"None"},"coating_speed":{"unit":"mm\/s","value":"None"},"feeding_amount":{"unit":"ul","value":"None"}}],"thermal_evaporation":[{"vacuum_evaporation_thickness":{"unit":"nm","value":"None"},"evaporation_rate":{"unit":"\u00c5\/s","value":"None"},"vacuum_pressure":{"unit":"uTorr","value":"None"}}]},{"perovskite":{"method":{"unit":"","value":"1-step"},"molarity":{"unit":"M","value":"1.45"},"a_site":[{"material":{"unit":"","value":"Cs"},"ratio":{"unit":"","value":"0.175"}},{"material":{"unit":"","value":"FA"},"ratio":{"unit":"","value":"0.825"}}],"b_site":[{"material":{"unit":"","value":"Pb"},"ratio":{"unit":"","value":"1"}},{"material":{"unit":"","value":"None"},"ratio":{"unit":"","value":"0"}}],"x_site":[{"material":{"unit":"","value":"I"},"ratio":{"unit":"","value":"2.55"}},{"material":{"unit":"","value":"Br"},"ratio":{"unit":"","value":"0.45"}}],"solvent":[{"material":{"unit":"","value":"DMF"},"volume":{"unit":"ml","value":"0.8"}},{"material":{"unit":"","value":"DMSO"},"volume":{"unit":"ml","value":"0.2"}}],"additive":[{"material":{"unit":"","value":"None"},"solvent":{"unit":"","value":"None"},"concentration":{"unit":"","value":"None"},"conc_unit":{"unit":"","value":"None"},"quantity":{"unit":"mol%","value":"None"}}],"stirring_time":[{"unit":"m","value":"120"}],"antisolvent":[{"material":{"unit":"","value":"None"},"quantity":{"unit":"ul","value":"None"},"dripping_time":{"unit":"s","value":"None"}}],"spin_coating":[{"type":{"unit":"","value":"drop&run"},"rpm":{"unit":"","value":"4000"},"time":{"unit":"s","value":"10"}}],"vacuum_suction":[{"unit":"s","value":"60"}],"annealing":[{"temperature":{"unit":"oC","value":"100"},"time":{"unit":"m","value":"30"}}],"atmosphere":[{"type":{"unit":"","value":"N2"},"temperature":{"unit":"oC","value":"28"},"humidity":{"unit":"RH%","value":"0"}}],"assist":[{"type":{"unit":"","value":"None"},"temperature":{"unit":"oC","value":"None"},"assist_start_time":{"value":null,"unit":"s"},"total_assist_time":{"value":"None","unit":"s"}}],"module":[{"type":{"unit":"","value":"None"},"gap":{"unit":"um","value":"None"},"coating_speed":{"unit":"mm\/s","value":"None"},"feeding_amount":{"unit":"ul","value":"None"}}],"thermal_evaporation":[{"vacuum_evaporation_thickness":{"unit":"nm","value":"None"},"evaporation_rate":{"unit":"\u00c5\/s","value":"None"},"vacuum_pressure":{"unit":"uTorr","value":"None"}}]}},{"perovskite_treatment":[{"material":{"unit":"","value":"OA"},"concentration":{"unit":"","value":"None"},"conc_unit":{"unit":"","value":"None"},"quantity":{"unit":"ml","value":"0.1"}}],"solvent":[{"material":{"unit":"","value":"None"},"volume":{"unit":"ml","value":"None"}},{"material":{"unit":"","value":"None"},"volume":{"unit":"ml","value":"None"}}],"spin_coating":[{"type":{"unit":"","value":"None"},"rpm":{"unit":"","value":"None"},"time":{"unit":"s","value":"None"}}],"vacuum_suction":[{"unit":"s","value":"None"}],"annealing":[{"temperature":{"unit":"oC","value":"0"},"time":{"unit":"m","value":"0.08"}}],"module":[{"type":{"unit":"","value":"None"},"gap":{"unit":"um","value":"None"},"coating_speed":{"unit":"mm\/s","value":"None"},"feeding_amount":{"unit":"ul","value":"None"}}],"thermal_evaporation":[{"vacuum_evaporation_thickness":{"unit":"nm","value":"None"},"evaporation_rate":{"unit":"\u00c5\/s","value":"None"},"vacuum_pressure":{"unit":"uTorr","value":"None"}}]},{"etl":[{"material":{"unit":"","value":"C60"},"concentration":{"unit":"","value":"None"},"conc_unit":{"unit":"","value":"None"},"quantity":{"unit":"ml","value":"None"}}],"solvent":[{"material":{"unit":"","value":"None"},"volume":{"unit":"ml","value":"None"}},{"material":{"unit":"","value":"None"},"volume":{"unit":"ml","value":"None"}}],"spin_coating":[{"type":{"unit":"","value":"None"},"rpm":{"unit":"","value":"None"},"time":{"unit":"s","value":"None"}}],"vacuum_suction":[{"unit":"s","value":"None"}],"annealing":[{"temperature":{"unit":"oC","value":"None"},"time":{"unit":"m","value":"None"}}],"etl_doping":[{"material":{"unit":"","value":"None"},"volume":{"unit":"ul","value":"None"}}],"module":[{"type":{"unit":"","value":"None"},"gap":{"unit":"um","value":"None"},"coating_speed":{"unit":"mm\/s","value":"None"},"feeding_amount":{"unit":"ul","value":"None"}}],"thermal_evaporation":[{"vacuum_evaporation_thickness":{"unit":"nm","value":"30"},"evaporation_rate":{"unit":"\u00c5\/s","value":"0.6"},"vacuum_pressure":{"unit":"uTorr","value":"2x10-6"}}]},{"blocking_buffer_layer":[{"material":{"unit":"","value":"BCP"},"concentration":{"unit":"","value":"None"},"conc_unit":{"unit":"","value":"None"},"quantity":{"unit":"ml","value":"None"}}],"solvent":[{"material":{"unit":"","value":"None"},"volume":{"unit":"ml","value":"None"}},{"material":{"unit":"","value":"None"},"volume":{"unit":"ml","value":"None"}}],"spin_coating":[{"type":{"unit":"","value":"None"},"rpm":{"unit":"","value":"None"},"time":{"unit":"s","value":"None"}}],"vacuum_suction":[{"unit":"s","value":"0"}],"annealing":[{"temperature":{"unit":"oC","value":"None"},"time":{"unit":"m","value":"None"}}],"module":[{"type":{"unit":"","value":"None"},"gap":{"unit":"um","value":"None"},"coating_speed":{"unit":"mm\/s","value":"None"},"feeding_amount":{"unit":"ul","value":"None"}}],"thermal_evaporation":[{"vacuum_evaporation_thickness":{"unit":"nm","value":"6"},"evaporation_rate":{"unit":"\u00c5\/s","value":"0.6"},"vacuum_pressure":{"unit":"uTorr","value":"2x10-6"}}]},{"anode_metal":{"unit":"","value":"Ag"}},{"note":{"unit":"","value":"-"},"ar":{"unit":"","value":"0"},"type":{"unit":"","value":"unit_cell"},"device_type":{"unit":"","value":"p-i-n"},"temperature":{"unit":"\u2103","value":"25"},"humidity":{"unit":"%","value":"40"},"cell_dimension":{"unit":"cm2","value":"0.0464"}}],"fileinfo":[{"key":"Forward 63 OA 10S_20230809","uploadType":"JV","original_name":"Forward 63 OA 10S_20230809-182708.txt","save_name":"JBNU-SC-00357\/Forward 63 OA 10S_20230809","uploader":98,"fileType":""},{"key":"Forward 64 OA 10S_20230809","uploadType":"JV","original_name":"Forward 64 OA 10S_20230809-182724.txt","save_name":"JBNU-SC-00357\/Forward 64 OA 10S_20230809","uploader":98,"fileType":""},{"key":"Forward 51 OA 10S_20230809","uploadType":"JV","original_name":"Forward 51 OA 10S_20230809-182350.txt","save_name":"JBNU-SC-00357\/Forward 51 OA 10S_20230809","uploader":98,"fileType":""},{"key":"Forward 52 OA 10S_20230809","uploadType":"JV","original_name":"Forward 52 OA 10S_20230809-182406.txt","save_name":"JBNU-SC-00357\/Forward 52 OA 10S_20230809","uploader":98,"fileType":""},{"key":"Forward 53 OA 10S_20230809","uploadType":"JV","original_name":"Forward 53 OA 10S_20230809-182423.txt","save_name":"JBNU-SC-00357\/Forward 53 OA 10S_20230809","uploader":98,"fileType":""},{"key":"Forward 54 OA 10S_20230809","uploadType":"JV","original_name":"Forward 54 OA 10S_20230809-182448.txt","save_name":"JBNU-SC-00357\/Forward 54 OA 10S_20230809","uploader":98,"fileType":""},{"key":"Forward 61 OA 10S_20230809","uploadType":"JV","original_name":"Forward 61 OA 10S_20230809-182553.txt","save_name":"JBNU-SC-00357\/Forward 61 OA 10S_20230809","uploader":98,"fileType":""},{"key":"Forward 62 OA 10S_20230809","uploadType":"JV","original_name":"Forward 62 OA 10S_20230809-182617.txt","save_name":"JBNU-SC-00357\/Forward 62 OA 10S_20230809","uploader":98,"fileType":""}],"jvcnt":8,"updated_at":"2024-08-07 02:33:50","created_at":"2023-11-20 02:37:23","analysisInfo":{"JV":[{"efficiency":17.5462,"fill_factor":72.2169,"jsc":21.47171513,"voc":1.13156043,"key":"Forward 64 OA 10S_20230809","cell_dimension":0.0464},{"efficiency":17.7075,"fill_factor":73.1151,"jsc":21.38261681,"voc":1.13263389,"key":"Forward 63 OA 10S_20230809","cell_dimension":0.0464},{"efficiency":18.1284,"fill_factor":74.838,"jsc":21.26590637,"voc":1.13907732,"key":"Forward 62 OA 10S_20230809","cell_dimension":0.0464},{"efficiency":18.5642,"fill_factor":75.3772,"jsc":21.47816156,"voc":1.14666868,"key":"Forward 61 OA 10S_20230809","cell_dimension":0.0464},{"efficiency":18.5066,"fill_factor":74.6774,"jsc":21.8810719,"voc":1.13257963,"key":"Forward 54 OA 10S_20230809","cell_dimension":0.0464},{"efficiency":15.666,"fill_factor":70.54,"jsc":20.17667067,"voc":1.10071444,"key":"Forward 53 OA 10S_20230809","cell_dimension":0.0464},{"efficiency":15.1575,"fill_factor":67.7362,"jsc":20.6046385,"voc":1.08603019,"key":"Forward 52 OA 10S_20230809","cell_dimension":0.0464},{"efficiency":14.0339,"fill_factor":66.9732,"jsc":19.0157723,"voc":1.10195396,"key":"Forward 51 OA 10S_20230809","cell_dimension":0.0464}]},"public":2,"analysis":{"JV":[{"sample_area":{"value":0.0464,"unit":"cm2"},"irradiance":{"value":1,"unit":""},"pre_sweep_delay":{"value":1,"unit":""},"bias_direction":{"value":0,"unit":""},"max_reverse_bias":{"value":-0.2,"unit":""},"max_forward_bias":{"value":1.3,"unit":""},"num_sweep_points":{"value":31,"unit":""},"dwell_time":{"value":0,"unit":""},"current_limit":{"value":100,"unit":""},"pviv_10a_i_amp":{"value":0,"unit":""},"average":{"value":1,"unit":""},"dark_current":{"value":0,"unit":""},"rshunt_v_lo":{"value":-0.2,"unit":""},"rshunt_v_hi":{"value":0.2,"unit":""},"voc":{"value":1.13156043,"unit":"V"},"isc":{"value":0.00099629,"unit":"A"},"jsc":{"value":21.47171513,"unit":"mA\/cm2"},"imax":{"value":0.00090608,"unit":"A"},"vmax":{"value":0.89853463,"unit":"V"},"pmax":{"value":0.81414401,"unit":"mW"},"fill_factor":{"value":72.2169,"unit":"%"},"efficiency":{"value":17.5462,"unit":"%"},"r_at_voc":{"value":122.154443,"unit":""},"r_at_isc":{"value":63920.042,"unit":""},"power":{"value":0.00102142,"unit":"W"},"rshunt":{"value":"NaN","unit":"ohm"},"cell_temp_start":{"value":"NaN","unit":""},"cell_temp_end":{"value":"NaN","unit":""},"exposure":{"value":3.734,"unit":""},"time":{"value":"18:27:24","unit":""},"date":{"value":"08\/09\/2023","unit":""},"V":{"value":[1.3,1.25,1.2,1.15,1.1,1.05,1,0.95,0.9,0.85,0.8,0.75,0.7,0.65,0.6,0.55,0.5,0.45,0.4,0.35,0.3,0.25,0.2,0.15,0.1,0.05,0,-0.05,-0.1,-0.15,-0.2],"unit":"V"},"I":{"value":[-0.00214172,-0.0013602,-0.00071545,-0.00015095,0.00025836,0.00054013,0.00071758,0.0008343,0.00090459,0.00094238,0.00096252,0.00097261,0.00097913,0.00098137,0.00098369,0.00098512,0.00098755,0.00098754,0.00098898,0.00099101,0.00099215,0.00099218,0.00099314,0.0009939,0.00099511,0.00099486,0.00099587,0.00099678,0.00099786,0.00099876,0.00099996],"unit":"A"},"J":{"unit":"A\/cm2","value":[-0.04615775862068966,-0.029314655172413794,-0.01541918103448276,-0.00325323275862069,0.005568103448275863,0.01164073275862069,0.015465086206896553,0.017980603448275862,0.019495474137931037,0.02030991379310345,0.02074396551724138,0.020961422413793104,0.021101939655172413,0.02115021551724138,0.02120021551724138,0.02123103448275862,0.021283405172413793,0.021283189655172417,0.021314224137931034,0.021357974137931036,0.021382543103448278,0.021383189655172417,0.02140387931034483,0.021420258620689657,0.021446336206896552,0.02144094827586207,0.021462715517241382,0.021482327586206898,0.021505603448275862,0.021525000000000002,0.02155086206896552]},"cell_dimension":{"value":0.0464,"unit":"cm2"},"sweep_direction":{"unit":"","value":"Forward"},"key":"Forward 64 OA 10S_20230809"},{"sample_area":{"value":0.0464,"unit":"cm2"},"irradiance":{"value":1,"unit":""},"pre_sweep_delay":{"value":1,"unit":""},"bias_direction":{"value":0,"unit":""},"max_reverse_bias":{"value":-0.2,"unit":""},"max_forward_bias":{"value":1.3,"unit":""},"num_sweep_points":{"value":31,"unit":""},"dwell_time":{"value":0,"unit":""},"current_limit":{"value":100,"unit":""},"pviv_10a_i_amp":{"value":0,"unit":""},"average":{"value":1,"unit":""},"dark_current":{"value":0,"unit":""},"rshunt_v_lo":{"value":-0.2,"unit":""},"rshunt_v_hi":{"value":0.2,"unit":""},"voc":{"value":1.13263389,"unit":"V"},"isc":{"value":0.00099215,"unit":"A"},"jsc":{"value":21.38261681,"unit":"mA\/cm2"},"imax":{"value":0.00091133,"unit":"A"},"vmax":{"value":0.90157122,"unit":"V"},"pmax":{"value":0.82162898,"unit":"mW"},"fill_factor":{"value":73.1151,"unit":"%"},"efficiency":{"value":17.7075,"unit":"%"},"r_at_voc":{"value":120.815232,"unit":""},"r_at_isc":{"value":57123.747,"unit":""},"power":{"value":0.00102207,"unit":"W"},"rshunt":{"value":"NaN","unit":"ohm"},"cell_temp_start":{"value":"NaN","unit":""},"cell_temp_end":{"value":"NaN","unit":""},"exposure":{"value":3.732,"unit":""},"time":{"value":"18:27:08","unit":""},"date":{"value":"08\/09\/2023","unit":""},"V":{"value":[1.3,1.25,1.2,1.15,1.1,1.05,1,0.95,0.9,0.85,0.8,0.75,0.7,0.65,0.6,0.55,0.5,0.45,0.4,0.35,0.3,0.25,0.2,0.15,0.1,0.05,0,-0.05,-0.1,-0.15,-0.2],"unit":"V"},"I":{"value":[-0.00199212,-0.00128222,-0.0006819,-0.00014374,0.00027011,0.00055734,0.00073288,0.00084479,0.0009129,0.00094761,0.0009618,0.00097118,0.00097666,0.00097963,0.00098085,0.00098187,0.00098425,0.00098433,0.00098563,0.0009869,0.0009868,0.00098754,0.00098806,0.00098964,0.00099129,0.00099033,0.00099171,0.00099546,0.00099471,0.00099414,0.00099437],"unit":"A"},"J":{"unit":"A\/cm2","value":[-0.04293362068965517,-0.02763405172413793,-0.014696120689655175,-0.0030978448275862072,0.005821336206896552,0.012011637931034484,0.015794827586206896,0.01820668103448276,0.019674568965517242,0.020422629310344827,0.02072844827586207,0.020930603448275863,0.021048706896551726,0.021112715517241382,0.021139008620689653,0.021160991379310344,0.021212284482758623,0.02121400862068966,0.021242025862068966,0.021269396551724138,0.021267241379310343,0.021283189655172417,0.02129439655172414,0.02132844827586207,0.021364008620689656,0.021343318965517243,0.02137306034482759,0.021453879310344832,0.02143771551724138,0.02142543103448276,0.021430387931034484]},"cell_dimension":{"value":0.0464,"unit":"cm2"},"sweep_direction":{"unit":"","value":"Forward"},"key":"Forward 63 OA 10S_20230809"},{"sample_area":{"value":0.0464,"unit":"cm2"},"irradiance":{"value":1,"unit":""},"pre_sweep_delay":{"value":1,"unit":""},"bias_direction":{"value":0,"unit":""},"max_reverse_bias":{"value":-0.2,"unit":""},"max_forward_bias":{"value":1.3,"unit":""},"num_sweep_points":{"value":31,"unit":""},"dwell_time":{"value":0,"unit":""},"current_limit":{"value":100,"unit":""},"pviv_10a_i_amp":{"value":0,"unit":""},"average":{"value":1,"unit":""},"dark_current":{"value":0,"unit":""},"rshunt_v_lo":{"value":-0.2,"unit":""},"rshunt_v_hi":{"value":0.2,"unit":""},"voc":{"value":1.13907732,"unit":"V"},"isc":{"value":0.00098674,"unit":"A"},"jsc":{"value":21.26590637,"unit":"mA\/cm2"},"imax":{"value":0.0009081,"unit":"A"},"vmax":{"value":0.92628529,"unit":"V"},"pmax":{"value":0.84115744,"unit":"mW"},"fill_factor":{"value":74.838,"unit":"%"},"efficiency":{"value":18.1284,"unit":"%"},"r_at_voc":{"value":129.657734,"unit":""},"r_at_isc":{"value":60450.787,"unit":""},"power":{"value":0.00102866,"unit":"W"},"rshunt":{"value":"NaN","unit":"ohm"},"cell_temp_start":{"value":"NaN","unit":""},"cell_temp_end":{"value":"NaN","unit":""},"exposure":{"value":3.902,"unit":""},"time":{"value":"18:26:17","unit":""},"date":{"value":"08\/09\/2023","unit":""},"V":{"value":[1.3,1.25,1.2,1.15,1.1,1.05,1,0.95,0.9,0.85,0.8,0.75,0.7,0.65,0.6,0.55,0.5,0.45,0.4,0.35,0.3,0.25,0.2,0.15,0.1,0.05,0,-0.05,-0.1,-0.15,-0.2],"unit":"V"},"I":{"value":[-0.00188731,-0.00118143,-0.00058333,-8.424e-5,0.00030139,0.00060668,0.00078336,0.00088066,0.00092977,0.00095435,0.00096527,0.00097053,0.00097206,0.00097404,0.00097652,0.00097731,0.00097776,0.00097905,0.00098108,0.00098018,0.00098234,0.00098268,0.00098199,0.00098412,0.00098631,0.00098583,0.0009858,0.00098976,0.00098719,0.000988,0.000991],"unit":"A"},"J":{"unit":"A\/cm2","value":[-0.04067478448275862,-0.025461853448275864,-0.01257176724137931,-0.0018155172413793106,0.006495474137931035,0.013075,0.016882758620689657,0.018979741379310345,0.02003814655172414,0.020567887931034482,0.02080323275862069,0.020916594827586208,0.02094956896551724,0.020992241379310345,0.021045689655172416,0.021062715517241377,0.02107241379310345,0.02110021551724138,0.021143965517241382,0.021124568965517242,0.02117112068965517,0.021178448275862072,0.0211635775862069,0.021209482758620692,0.02125668103448276,0.021246336206896553,0.021245689655172414,0.02133103448275862,0.02127564655172414,0.02129310344827586,0.021357758620689653]},"cell_dimension":{"value":0.0464,"unit":"cm2"},"sweep_direction":{"unit":"","value":"Forward"},"key":"Forward 62 OA 10S_20230809"},{"sample_area":{"value":0.0464,"unit":"cm2"},"irradiance":{"value":1,"unit":""},"pre_sweep_delay":{"value":1,"unit":""},"bias_direction":{"value":0,"unit":""},"max_reverse_bias":{"value":-0.2,"unit":""},"max_forward_bias":{"value":1.3,"unit":""},"num_sweep_points":{"value":31,"unit":""},"dwell_time":{"value":0,"unit":""},"current_limit":{"value":100,"unit":""},"pviv_10a_i_amp":{"value":0,"unit":""},"average":{"value":1,"unit":""},"dark_current":{"value":0,"unit":""},"rshunt_v_lo":{"value":-0.2,"unit":""},"rshunt_v_hi":{"value":0.2,"unit":""},"voc":{"value":1.14666868,"unit":"V"},"isc":{"value":0.00099659,"unit":"A"},"jsc":{"value":21.47816156,"unit":"mA\/cm2"},"imax":{"value":0.00092339,"unit":"A"},"vmax":{"value":0.93284036,"unit":"V"},"pmax":{"value":0.86137691,"unit":"mW"},"fill_factor":{"value":75.3772,"unit":"%"},"efficiency":{"value":18.5642,"unit":"%"},"r_at_voc":{"value":128.790773,"unit":""},"r_at_isc":{"value":87722.656,"unit":""},"power":{"value":0.00104924,"unit":"W"},"rshunt":{"value":"NaN","unit":"ohm"},"cell_temp_start":{"value":"NaN","unit":""},"cell_temp_end":{"value":"NaN","unit":""},"exposure":{"value":3.908,"unit":""},"time":{"value":"18:25:53","unit":""},"date":{"value":"08\/09\/2023","unit":""},"V":{"value":[1.3,1.25,1.2,1.15,1.1,1.05,1,0.95,0.9,0.85,0.8,0.75,0.7,0.65,0.6,0.55,0.5,0.45,0.4,0.35,0.3,0.25,0.2,0.15,0.1,0.05,0,-0.05,-0.1,-0.15,-0.2],"unit":"V"},"I":{"value":[-0.00199045,-0.00119777,-0.00054772,-2.587e-5,0.00036236,0.00065615,0.00081849,0.00090422,0.00094905,0.00096882,0.00097817,0.0009816,0.00098403,0.00098631,0.00098899,0.00098817,0.00098863,0.00099112,0.00099211,0.00099296,0.00099358,0.00099356,0.00099461,0.00099438,0.00099548,0.00099559,0.00099708,0.00099688,0.00099783,0.00099737,0.00099983],"unit":"A"},"J":{"unit":"A\/cm2","value":[-0.04289762931034483,-0.025814008620689655,-0.011804310344827587,-0.000557543103448276,0.00780948275862069,0.01414116379310345,0.01763987068965517,0.0194875,0.02045366379310345,0.020879741379310347,0.021081250000000003,0.021155172413793104,0.02120754310344828,0.02125668103448276,0.021314439655172414,0.021296767241379314,0.02130668103448276,0.02136034482758621,0.02138168103448276,0.021400000000000002,0.02141336206896552,0.021412931034482763,0.021435560344827586,0.021430603448275864,0.021454310344827587,0.02145668103448276,0.021488793103448277,0.02148448275862069,0.021504956896551724,0.02149504310344828,0.021548060344827587]},"cell_dimension":{"value":0.0464,"unit":"cm2"},"sweep_direction":{"unit":"","value":"Forward"},"key":"Forward 61 OA 10S_20230809"},{"sample_area":{"value":0.0464,"unit":"cm2"},"irradiance":{"value":1,"unit":""},"pre_sweep_delay":{"value":1,"unit":""},"bias_direction":{"value":0,"unit":""},"max_reverse_bias":{"value":-0.2,"unit":""},"max_forward_bias":{"value":1.3,"unit":""},"num_sweep_points":{"value":31,"unit":""},"dwell_time":{"value":0,"unit":""},"current_limit":{"value":100,"unit":""},"pviv_10a_i_amp":{"value":0,"unit":""},"average":{"value":1,"unit":""},"dark_current":{"value":0,"unit":""},"rshunt_v_lo":{"value":-0.2,"unit":""},"rshunt_v_hi":{"value":0.2,"unit":""},"voc":{"value":1.13257963,"unit":"V"},"isc":{"value":0.00101528,"unit":"A"},"jsc":{"value":21.8810719,"unit":"mA\/cm2"},"imax":{"value":0.0009411,"unit":"A"},"vmax":{"value":0.91244675,"unit":"V"},"pmax":{"value":0.85870575,"unit":"mW"},"fill_factor":{"value":74.6774,"unit":"%"},"efficiency":{"value":18.5066,"unit":"%"},"r_at_voc":{"value":115.41981,"unit":""},"r_at_isc":{"value":58361.011,"unit":""},"power":{"value":0.00105112,"unit":"W"},"rshunt":{"value":"NaN","unit":"ohm"},"cell_temp_start":{"value":"NaN","unit":""},"cell_temp_end":{"value":"NaN","unit":""},"exposure":{"value":3.724,"unit":""},"time":{"value":"18:24:48","unit":""},"date":{"value":"08\/09\/2023","unit":""},"V":{"value":[1.3,1.25,1.2,1.15,1.1,1.05,1,0.95,0.9,0.85,0.8,0.75,0.7,0.65,0.6,0.55,0.5,0.45,0.4,0.35,0.3,0.25,0.2,0.15,0.1,0.05,0,-0.05,-0.1,-0.15,-0.2],"unit":"V"},"I":{"value":[-0.00224554,-0.00140989,-0.00072948,-0.00015093,0.00028227,0.00057676,0.00077644,0.00088896,0.00095265,0.00097923,0.00099129,0.00099612,0.00100045,0.00100318,0.00100481,0.00100519,0.00100785,0.0010072,0.00100996,0.00101018,0.00101125,0.00101228,0.00101046,0.00101148,0.00101307,0.00101312,0.00101461,0.00101886,0.00101793,0.00101721,0.00101841],"unit":"A"},"J":{"unit":"A\/cm2","value":[-0.048395258620689656,-0.03038556034482759,-0.015721551724137934,-0.003252801724137931,0.006083405172413793,0.012430172413793104,0.016733620689655174,0.019158620689655174,0.02053125,0.021104094827586208,0.021364008620689656,0.021468103448275867,0.021561422413793104,0.021620258620689656,0.021655387931034487,0.0216635775862069,0.021720905172413794,0.02170689655172414,0.021766379310344832,0.021771120689655175,0.02179418103448276,0.021816379310344827,0.021777155172413794,0.021799137931034482,0.021833405172413795,0.02183448275862069,0.021866594827586208,0.021958189655172412,0.02193814655172414,0.02192262931034483,0.021948491379310344]},"cell_dimension":{"value":0.0464,"unit":"cm2"},"sweep_direction":{"unit":"","value":"Forward"},"key":"Forward 54 OA 10S_20230809"},{"sample_area":{"value":0.0464,"unit":"cm2"},"irradiance":{"value":1,"unit":""},"pre_sweep_delay":{"value":1,"unit":""},"bias_direction":{"value":0,"unit":""},"max_reverse_bias":{"value":-0.2,"unit":""},"max_forward_bias":{"value":1.3,"unit":""},"num_sweep_points":{"value":31,"unit":""},"dwell_time":{"value":0,"unit":""},"current_limit":{"value":100,"unit":""},"pviv_10a_i_amp":{"value":0,"unit":""},"average":{"value":1,"unit":""},"dark_current":{"value":0,"unit":""},"rshunt_v_lo":{"value":-0.2,"unit":""},"rshunt_v_hi":{"value":0.2,"unit":""},"voc":{"value":1.10071444,"unit":"V"},"isc":{"value":0.0009362,"unit":"A"},"jsc":{"value":20.17667067,"unit":"mA\/cm2"},"imax":{"value":0.00082332,"unit":"A"},"vmax":{"value":0.8828983,"unit":"V"},"pmax":{"value":0.72690465,"unit":"mW"},"fill_factor":{"value":70.54,"unit":"%"},"efficiency":{"value":15.666,"unit":"%"},"r_at_voc":{"value":126.829092,"unit":""},"r_at_isc":{"value":21155.628,"unit":""},"power":{"value":0.00091758,"unit":"W"},"rshunt":{"value":"NaN","unit":"ohm"},"cell_temp_start":{"value":"NaN","unit":""},"cell_temp_end":{"value":"NaN","unit":""},"exposure":{"value":3.987,"unit":""},"time":{"value":"18:24:23","unit":""},"date":{"value":"08\/09\/2023","unit":""},"V":{"value":[1.3,1.25,1.2,1.15,1.1,1.05,1,0.95,0.9,0.85,0.8,0.75,0.7,0.65,0.6,0.55,0.5,0.45,0.4,0.35,0.3,0.25,0.2,0.15,0.1,0.05,0,-0.05,-0.1,-0.15,-0.2],"unit":"V"},"I":{"value":[-0.00219187,-0.00150039,-0.00091008,-0.0003886,5.63e-6,0.00032862,0.00057669,0.00072233,0.00080556,0.00084907,0.00087568,0.00088672,0.00089441,0.00089962,0.00090622,0.00090748,0.00091027,0.0009159,0.00091638,0.00091885,0.00092094,0.00092548,0.00092634,0.00092913,0.00093141,0.00093373,0.00093602,0.00094111,0.00094021,0.00094269,0.00094512],"unit":"A"},"J":{"unit":"A\/cm2","value":[-0.0472385775862069,-0.03233599137931035,-0.019613793103448275,-0.008375,0.00012133620689655174,0.0070823275862068975,0.01242866379310345,0.015567456896551726,0.017361206896551726,0.018298922413793103,0.01887241379310345,0.01911034482758621,0.019276077586206898,0.019388362068965517,0.019530603448275865,0.019557758620689657,0.019617887931034486,0.019739224137931034,0.01974956896551724,0.019802801724137932,0.019847844827586208,0.019945689655172415,0.019964224137931037,0.020024353448275863,0.020073491379310346,0.020123491379310347,0.020172844827586207,0.020282543103448278,0.02026314655172414,0.020316594827586208,0.02036896551724138]},"cell_dimension":{"value":0.0464,"unit":"cm2"},"sweep_direction":{"unit":"","value":"Forward"},"key":"Forward 53 OA 10S_20230809"},{"sample_area":{"value":0.0464,"unit":"cm2"},"irradiance":{"value":1,"unit":""},"pre_sweep_delay":{"value":1,"unit":""},"bias_direction":{"value":0,"unit":""},"max_reverse_bias":{"value":-0.2,"unit":""},"max_forward_bias":{"value":1.3,"unit":""},"num_sweep_points":{"value":31,"unit":""},"dwell_time":{"value":0,"unit":""},"current_limit":{"value":100,"unit":""},"pviv_10a_i_amp":{"value":0,"unit":""},"average":{"value":1,"unit":""},"dark_current":{"value":0,"unit":""},"rshunt_v_lo":{"value":-0.2,"unit":""},"rshunt_v_hi":{"value":0.2,"unit":""},"voc":{"value":1.08603019,"unit":"V"},"isc":{"value":0.00095606,"unit":"A"},"jsc":{"value":20.6046385,"unit":"mA\/cm2"},"imax":{"value":0.00083367,"unit":"A"},"vmax":{"value":0.84363208,"unit":"V"},"pmax":{"value":0.70330856,"unit":"mW"},"fill_factor":{"value":67.7362,"unit":"%"},"efficiency":{"value":15.1575,"unit":"%"},"r_at_voc":{"value":171.088963,"unit":""},"r_at_isc":{"value":17006.703,"unit":""},"power":{"value":0.00090799,"unit":"W"},"rshunt":{"value":"NaN","unit":"ohm"},"cell_temp_start":{"value":"NaN","unit":""},"cell_temp_end":{"value":"NaN","unit":""},"exposure":{"value":3.904,"unit":""},"time":{"value":"18:24:06","unit":""},"date":{"value":"08\/09\/2023","unit":""},"V":{"value":[1.3,1.25,1.2,1.15,1.1,1.05,1,0.95,0.9,0.85,0.8,0.75,0.7,0.65,0.6,0.55,0.5,0.45,0.4,0.35,0.3,0.25,0.2,0.15,0.1,0.05,0,-0.05,-0.1,-0.15,-0.2],"unit":"V"},"I":{"value":[-0.00173412,-0.00124521,-0.00081906,-0.00041347,-8.165e-5,0.00021059,0.00046407,0.00064366,0.00076118,0.00082719,0.00086852,0.00088864,0.00090113,0.00090953,0.00091777,0.00092263,0.00092445,0.00092832,0.000934,0.00093682,0.00093803,0.00094078,0.00094515,0.00094645,0.00094945,0.00095191,0.00095774,0.00096459,0.00096045,0.00096232,0.00096739],"unit":"A"},"J":{"unit":"A\/cm2","value":[-0.03737327586206897,-0.026836422413793106,-0.017652155172413794,-0.008910991379310345,-0.0017596982758620692,0.004538577586206897,0.010001508620689657,0.01387198275862069,0.016404741379310344,0.017827370689655175,0.018718103448275864,0.019151724137931037,0.019420905172413794,0.019601939655172415,0.019779525862068967,0.019884267241379313,0.019923491379310345,0.02000689655172414,0.020129310344827588,0.02019008620689655,0.02021616379310345,0.02027543103448276,0.02036961206896552,0.02039762931034483,0.020462284482758622,0.020515301724137933,0.020640948275862072,0.020788577586206898,0.02069935344827586,0.020739655172413794,0.020848922413793106]},"cell_dimension":{"value":0.0464,"unit":"cm2"},"sweep_direction":{"unit":"","value":"Forward"},"key":"Forward 52 OA 10S_20230809"},{"sample_area":{"value":0.0464,"unit":"cm2"},"irradiance":{"value":1,"unit":""},"pre_sweep_delay":{"value":1,"unit":""},"bias_direction":{"value":0,"unit":""},"max_reverse_bias":{"value":-0.2,"unit":""},"max_forward_bias":{"value":1.3,"unit":""},"num_sweep_points":{"value":31,"unit":""},"dwell_time":{"value":0,"unit":""},"current_limit":{"value":100,"unit":""},"pviv_10a_i_amp":{"value":0,"unit":""},"average":{"value":1,"unit":""},"dark_current":{"value":0,"unit":""},"rshunt_v_lo":{"value":-0.2,"unit":""},"rshunt_v_hi":{"value":0.2,"unit":""},"voc":{"value":1.10195396,"unit":"V"},"isc":{"value":0.00088233,"unit":"A"},"jsc":{"value":19.0157723,"unit":"mA\/cm2"},"imax":{"value":0.00075591,"unit":"A"},"vmax":{"value":0.86144069,"unit":"V"},"pmax":{"value":0.65117275,"unit":"mW"},"fill_factor":{"value":66.9732,"unit":"%"},"efficiency":{"value":14.0339,"unit":"%"},"r_at_voc":{"value":154.756733,"unit":""},"r_at_isc":{"value":19180.952,"unit":""},"power":{"value":0.00084869,"unit":"W"},"rshunt":{"value":"NaN","unit":"ohm"},"cell_temp_start":{"value":"NaN","unit":""},"cell_temp_end":{"value":"NaN","unit":""},"exposure":{"value":3.893,"unit":""},"time":{"value":"18:23:50","unit":""},"date":{"value":"08\/09\/2023","unit":""},"V":{"value":[1.3,1.25,1.2,1.15,1.1,1.05,1,0.95,0.9,0.85,0.8,0.75,0.7,0.65,0.6,0.55,0.5,0.45,0.4,0.35,0.3,0.25,0.2,0.15,0.1,0.05,0,-0.05,-0.1,-0.15,-0.2],"unit":"V"},"I":{"value":[-0.00176714,-0.00121156,-0.00073262,-0.00031046,1.263e-5,0.00027385,0.00049078,0.00063062,0.00071777,0.00076568,0.00080071,0.00081681,0.00082885,0.00083699,0.00084549,0.00084811,0.00085188,0.00085657,0.00086232,0.00086212,0.00086551,0.00086769,0.00087321,0.00087579,0.000875,0.0008801,0.00088273,0.00089165,0.00088731,0.00088653,0.00089145],"unit":"A"},"J":{"unit":"A\/cm2","value":[-0.03808491379310345,-0.026111206896551727,-0.015789224137931036,-0.006690948275862069,0.00027219827586206894,0.005901939655172415,0.010577155172413795,0.013590948275862071,0.015469181034482759,0.016501724137931037,0.01725668103448276,0.01760366379310345,0.01786314655172414,0.0180385775862069,0.018221767241379312,0.018278232758620692,0.01835948275862069,0.018460560344827587,0.01858448275862069,0.018580172413793103,0.01865323275862069,0.01870021551724138,0.01881918103448276,0.018874784482758623,0.018857758620689658,0.018967672413793105,0.01902435344827586,0.019216594827586208,0.019123060344827587,0.01910625,0.01921228448275862]},"cell_dimension":{"value":0.0464,"unit":"cm2"},"sweep_direction":{"unit":"","value":"Forward"},"key":"Forward 51 OA 10S_20230809"}]}}