{"_id":"655af5a3b3b99550162d9098","id":"JBNU-SC-00391","author":98,"group":10,"input":[{"tco":{"unit":"","value":"ITO"}},{"htl":[{"material":{"unit":"","value":"NiO_Sputter"},"concentration":{"unit":"","value":"None"},"conc_unit":{"unit":"","value":"None"},"quantity":{"unit":"ml","value":"None"}}],"solvent":[{"material":{"unit":"","value":"None"},"volume":{"unit":"ml","value":"None"}},{"material":{"unit":"","value":"None"},"volume":{"unit":"ml","value":"None"}}],"htl_doping":[{"material":{"unit":"","value":"None"},"volume":{"unit":"ul","value":"None"}}],"spin_coating":[{"type":{"unit":"","value":"None"},"rpm":{"unit":"","value":"None"},"time":{"unit":"s","value":"None"}}],"vacuum_suction":[{"unit":"s","value":"None"}],"annealing":[{"temperature":{"unit":"oC","value":"300"},"time":{"unit":"m","value":"30"}}],"module":[{"type":{"unit":"","value":"None"},"gap":{"unit":"um","value":"None"},"coating_speed":{"unit":"mm\/s","value":"None"},"feeding_amount":{"unit":"ul","value":"None"}}],"thermal_evaporation":[{"vacuum_evaporation_thickness":{"unit":"nm","value":"None"},"evaporation_rate":{"unit":"\u00c5\/s","value":"None"},"vacuum_pressure":{"unit":"uTorr","value":"None"}}]},{"htl":[{"material":{"unit":"","value":"Me-4PACz"},"concentration":{"unit":"","value":"1"},"conc_unit":{"unit":"","value":"mg\/ml"},"quantity":{"unit":"ml","value":"None"}}],"solvent":[{"material":{"unit":"","value":"Ethanol"},"volume":{"unit":"ml","value":"1"}},{"material":{"unit":"","value":"None"},"volume":{"unit":"ml","value":"None"}}],"htl_doping":[{"material":{"unit":"","value":"None"},"volume":{"unit":"ul","value":"None"}}],"spin_coating":[{"type":{"unit":"","value":"drop&run"},"rpm":{"unit":"","value":"3000"},"time":{"unit":"s","value":"10"}}],"vacuum_suction":[{"unit":"s","value":"10"}],"annealing":[{"temperature":{"unit":"oC","value":"100"},"time":{"unit":"m","value":"20"}}],"module":[{"type":{"unit":"","value":"None"},"gap":{"unit":"um","value":"None"},"coating_speed":{"unit":"mm\/s","value":"None"},"feeding_amount":{"unit":"ul","value":"None"}}],"thermal_evaporation":[{"vacuum_evaporation_thickness":{"unit":"nm","value":"None"},"evaporation_rate":{"unit":"\u00c5\/s","value":"None"},"vacuum_pressure":{"unit":"uTorr","value":"None"}}]},{"perovskite":{"method":{"unit":"","value":"1-step"},"molarity":{"unit":"M","value":"1.45"},"a_site":[{"material":{"unit":"","value":"Cs"},"ratio":{"unit":"","value":"0.175"}},{"material":{"unit":"","value":"FA"},"ratio":{"unit":"","value":"0.825"}}],"b_site":[{"material":{"unit":"","value":"Pb"},"ratio":{"unit":"","value":"1"}},{"material":{"unit":"","value":"None"},"ratio":{"unit":"","value":"None"}}],"x_site":[{"material":{"unit":"","value":"I"},"ratio":{"unit":"","value":"2.55"}},{"material":{"unit":"","value":"Br"},"ratio":{"unit":"","value":"0.45"}}],"solvent":[{"material":{"unit":"","value":"DMF"},"volume":{"unit":"ml","value":"0.8"}},{"material":{"unit":"","value":"DMSO"},"volume":{"unit":"ml","value":"0.2"}}],"additive":[{"material":{"unit":"","value":"None"},"solvent":{"unit":"","value":"None"},"concentration":{"unit":"","value":"None"},"conc_unit":{"unit":"","value":"None"},"quantity":{"unit":"mol%","value":"None"}}],"stirring_time":[{"unit":"m","value":"120"}],"antisolvent":[{"material":{"unit":"","value":"None"},"quantity":{"unit":"ul","value":"None"},"dripping_time":{"unit":"s","value":"None"}}],"spin_coating":[{"type":{"unit":"","value":"drop&run"},"rpm":{"unit":"","value":"4000"},"time":{"unit":"s","value":"10"}}],"vacuum_suction":[{"unit":"s","value":"60"}],"annealing":[{"temperature":{"unit":"oC","value":"100"},"time":{"unit":"m","value":"30"}}],"atmosphere":[{"type":{"unit":"","value":"N2"},"temperature":{"unit":"oC","value":"28"},"humidity":{"unit":"RH%","value":"0"}}],"assist":[{"type":{"unit":"","value":"None"},"temperature":{"unit":"oC","value":"None"},"assist_start_time":{"value":null,"unit":"s"},"total_assist_time":{"value":"None","unit":"s"}}],"module":[{"type":{"unit":"","value":"None"},"gap":{"unit":"um","value":"None"},"coating_speed":{"unit":"mm\/s","value":"None"},"feeding_amount":{"unit":"ul","value":"None"}}],"thermal_evaporation":[{"vacuum_evaporation_thickness":{"unit":"nm","value":"None"},"evaporation_rate":{"unit":"\u00c5\/s","value":"None"},"vacuum_pressure":{"unit":"uTorr","value":"None"}}]}},{"perovskite_treatment":[{"material":{"unit":"","value":"None"},"concentration":{"unit":"","value":"None"},"conc_unit":{"unit":"","value":"None"},"quantity":{"unit":"ml","value":"None"}}],"solvent":[{"material":{"unit":"","value":"None"},"volume":{"unit":"ml","value":"None"}},{"material":{"unit":"","value":"None"},"volume":{"unit":"ml","value":"None"}}],"spin_coating":[{"type":{"unit":"","value":"None"},"rpm":{"unit":"","value":"None"},"time":{"unit":"s","value":"None"}}],"vacuum_suction":[{"unit":"s","value":"None"}],"annealing":[{"temperature":{"unit":"oC","value":"None"},"time":{"unit":"m","value":"None"}}],"module":[{"type":{"unit":"","value":"None"},"gap":{"unit":"um","value":"None"},"coating_speed":{"unit":"mm\/s","value":"None"},"feeding_amount":{"unit":"ul","value":"None"}}],"thermal_evaporation":[{"vacuum_evaporation_thickness":{"unit":"nm","value":"None"},"evaporation_rate":{"unit":"\u00c5\/s","value":"None"},"vacuum_pressure":{"unit":"uTorr","value":"None"}}]},{"etl":[{"material":{"unit":"","value":"C60"},"concentration":{"unit":"","value":"None"},"conc_unit":{"unit":"","value":"None"},"quantity":{"unit":"ml","value":"None"}}],"solvent":[{"material":{"unit":"","value":"None"},"volume":{"unit":"ml","value":"None"}},{"material":{"unit":"","value":"None"},"volume":{"unit":"ml","value":"None"}}],"spin_coating":[{"type":{"unit":"","value":"None"},"rpm":{"unit":"","value":"None"},"time":{"unit":"s","value":"None"}}],"vacuum_suction":[{"unit":"s","value":"None"}],"annealing":[{"temperature":{"unit":"oC","value":"None"},"time":{"unit":"m","value":"None"}}],"etl_doping":[{"material":{"unit":"","value":"None"},"volume":{"unit":"ul","value":"None"}}],"module":[{"type":{"unit":"","value":"None"},"gap":{"unit":"um","value":"None"},"coating_speed":{"unit":"mm\/s","value":"None"},"feeding_amount":{"unit":"ul","value":"None"}}],"thermal_evaporation":[{"vacuum_evaporation_thickness":{"unit":"nm","value":"30"},"evaporation_rate":{"unit":"\u00c5\/s","value":"0.6"},"vacuum_pressure":{"unit":"uTorr","value":"2x10-6"}}]},{"blocking_buffer_layer":[{"material":{"unit":"","value":"BCP"},"concentration":{"unit":"","value":"None"},"conc_unit":{"unit":"","value":"None"},"quantity":{"unit":"ml","value":"None"}}],"solvent":[{"material":{"unit":"","value":"None"},"volume":{"unit":"ml","value":"None"}},{"material":{"unit":"","value":"None"},"volume":{"unit":"ml","value":"None"}}],"spin_coating":[{"type":{"unit":"","value":"None"},"rpm":{"unit":"","value":"None"},"time":{"unit":"s","value":"None"}}],"vacuum_suction":[{"unit":"s","value":"0"}],"annealing":[{"temperature":{"unit":"oC","value":"None"},"time":{"unit":"m","value":"None"}}],"module":[{"type":{"unit":"","value":"None"},"gap":{"unit":"um","value":"None"},"coating_speed":{"unit":"mm\/s","value":"None"},"feeding_amount":{"unit":"ul","value":"None"}}],"thermal_evaporation":[{"vacuum_evaporation_thickness":{"unit":"nm","value":"6"},"evaporation_rate":{"unit":"\u00c5\/s","value":"0.6"},"vacuum_pressure":{"unit":"uTorr","value":"2x10-6"}}]},[],{"note":{"unit":"","value":"-"},"ar":{"unit":"","value":"0"},"type":{"unit":"","value":"unit_cell"},"device_type":{"unit":"","value":"p-i-n"},"temperature":{"unit":"\u2103","value":"25"},"humidity":{"unit":"%","value":"40"},"cell_dimension":{"unit":"cm2","value":"0.0464"}},{"anode_metal":{"unit":"","value":"Ag"}}],"fileinfo":[{"key":"Forward162 NiO Me4PACz Vacuum+Annealing_20230708","uploadType":"JV","original_name":"Forward162 NiO Me4PACz Vacuum+Annealing_20230708-164203.txt","save_name":"JBNU-SC-00391\/Forward162 NiO Me4PACz Vacuum+Annealing_20230708","uploader":98,"fileType":""},{"key":"Forward163 NiO Me4PACz Vacuum+Annealing_20230708","uploadType":"JV","original_name":"Forward163 NiO Me4PACz Vacuum+Annealing_20230708-164212.txt","save_name":"JBNU-SC-00391\/Forward163 NiO Me4PACz Vacuum+Annealing_20230708","uploader":98,"fileType":""},{"key":"Forward164 NiO Me4PACz Vacuum+Annealing_20230708","uploadType":"JV","original_name":"Forward164 NiO Me4PACz Vacuum+Annealing_20230708-164229.txt","save_name":"JBNU-SC-00391\/Forward164 NiO Me4PACz Vacuum+Annealing_20230708","uploader":98,"fileType":""},{"key":"Forward151 NiO Me4PACz Vacuum+Annealing_20230708","uploadType":"JV","original_name":"Forward151 NiO Me4PACz Vacuum+Annealing_20230708-164032.txt","save_name":"JBNU-SC-00391\/Forward151 NiO Me4PACz Vacuum+Annealing_20230708","uploader":98,"fileType":""},{"key":"Forward152 NiO Me4PACz Vacuum+Annealing_20230708","uploadType":"JV","original_name":"Forward152 NiO Me4PACz Vacuum+Annealing_20230708-164051.txt","save_name":"JBNU-SC-00391\/Forward152 NiO Me4PACz Vacuum+Annealing_20230708","uploader":98,"fileType":""},{"key":"Forward153 NiO Me4PACz Vacuum+Annealing_20230708","uploadType":"JV","original_name":"Forward153 NiO Me4PACz Vacuum+Annealing_20230708-164107.txt","save_name":"JBNU-SC-00391\/Forward153 NiO Me4PACz Vacuum+Annealing_20230708","uploader":98,"fileType":""},{"key":"Forward154 NiO Me4PACz Vacuum+Annealing_20230708","uploadType":"JV","original_name":"Forward154 NiO Me4PACz Vacuum+Annealing_20230708-164117.txt","save_name":"JBNU-SC-00391\/Forward154 NiO Me4PACz Vacuum+Annealing_20230708","uploader":98,"fileType":""},{"key":"Forward161 NiO Me4PACz Vacuum+Annealing_20230708","uploadType":"JV","original_name":"Forward161 NiO Me4PACz Vacuum+Annealing_20230708-164146.txt","save_name":"JBNU-SC-00391\/Forward161 NiO Me4PACz Vacuum+Annealing_20230708","uploader":98,"fileType":""}],"jvcnt":8,"updated_at":"2024-08-07 02:33:50","created_at":"2023-11-20 05:58:59","analysisInfo":{"JV":[{"efficiency":14.0326,"fill_factor":68.5729,"jsc":19.13114187,"voc":1.06965584,"key":"Forward164 NiO Me4PACz Vacuum+Annealing_20230708","cell_dimension":0.0464},{"efficiency":12.3191,"fill_factor":62.5303,"jsc":18.48567982,"voc":1.06574766,"key":"Forward163 NiO Me4PACz Vacuum+Annealing_20230708","cell_dimension":0.0464},{"efficiency":15.6547,"fill_factor":72.7377,"jsc":19.78630872,"voc":1.08773187,"key":"Forward162 NiO Me4PACz Vacuum+Annealing_20230708","cell_dimension":0.0464},{"efficiency":16.3966,"fill_factor":73.1862,"jsc":20.27773578,"voc":1.10485598,"key":"Forward161 NiO Me4PACz Vacuum+Annealing_20230708","cell_dimension":0.0464},{"efficiency":11.282,"fill_factor":70.416,"jsc":14.95515349,"voc":1.07133646,"key":"Forward154 NiO Me4PACz Vacuum+Annealing_20230708","cell_dimension":0.0464},{"efficiency":18.5123,"fill_factor":72.065,"jsc":22.93489714,"voc":1.12005228,"key":"Forward153 NiO Me4PACz Vacuum+Annealing_20230708","cell_dimension":0.0464},{"efficiency":18.7896,"fill_factor":74.4517,"jsc":22.59809463,"voc":1.11678546,"key":"Forward152 NiO Me4PACz Vacuum+Annealing_20230708","cell_dimension":0.0464},{"efficiency":12.4631,"fill_factor":56.8196,"jsc":21.39427629,"voc":1.02525011,"key":"Forward151 NiO Me4PACz Vacuum+Annealing_20230708","cell_dimension":0.0464}]},"public":2,"analysis":{"JV":[{"sample_area":{"value":0.0464,"unit":"cm2"},"irradiance":{"value":1,"unit":""},"pre_sweep_delay":{"value":1,"unit":""},"bias_direction":{"value":0,"unit":""},"max_reverse_bias":{"value":-0.2,"unit":""},"max_forward_bias":{"value":1.3,"unit":""},"num_sweep_points":{"value":31,"unit":""},"dwell_time":{"value":0,"unit":""},"current_limit":{"value":100,"unit":""},"pviv_10a_i_amp":{"value":0,"unit":""},"average":{"value":1,"unit":""},"dark_current":{"value":0,"unit":""},"rshunt_v_lo":{"value":-0.2,"unit":""},"rshunt_v_hi":{"value":0.2,"unit":""},"voc":{"value":1.06965584,"unit":"V"},"isc":{"value":0.00088768,"unit":"A"},"jsc":{"value":19.13114187,"unit":"mA\/cm2"},"imax":{"value":0.00073839,"unit":"A"},"vmax":{"value":0.88179533,"unit":"V"},"pmax":{"value":0.65111143,"unit":"mW"},"fill_factor":{"value":68.5729,"unit":"%"},"efficiency":{"value":14.0326,"unit":"%"},"r_at_voc":{"value":99.781001,"unit":""},"r_at_isc":{"value":18312.695,"unit":""},"power":{"value":0.00084183,"unit":"W"},"rshunt":{"value":"NaN","unit":"ohm"},"cell_temp_start":{"value":"NaN","unit":""},"cell_temp_end":{"value":"NaN","unit":""},"exposure":{"value":3.73,"unit":""},"time":{"value":"16:42:29","unit":""},"date":{"value":"07\/08\/2023","unit":""},"V":{"value":[1.3,1.25,1.2,1.15,1.1,1.05,1,0.95,0.9,0.85,0.8,0.75,0.7,0.65,0.6,0.55,0.5,0.45,0.4,0.35,0.3,0.25,0.2,0.15,0.1,0.05,0,-0.05,-0.1,-0.15,-0.2],"unit":"V"},"I":{"value":[-0.00438747,-0.00309924,-0.00196222,-0.00102209,-0.00030411,0.00019699,0.00049143,0.00064439,0.00072133,0.00076121,0.00078855,0.00080686,0.00082086,0.00083061,0.00083943,0.00084625,0.00085144,0.00085626,0.00086107,0.00086532,0.00086972,0.00087335,0.00087704,0.00088023,0.00088375,0.00088598,0.0008886,0.0008894,0.00089339,0.00089511,0.00089793],"unit":"A"},"J":{"unit":"A\/cm2","value":[-0.09455754310344829,-0.06679396551724139,-0.04228922413793104,-0.022027801724137933,-0.006554094827586208,0.004245474137931035,0.010591163793103448,0.01388771551724138,0.015545905172413794,0.016405387931034483,0.016994612068965517,0.017389224137931036,0.01769094827586207,0.017901077586206897,0.018091163793103448,0.01823814655172414,0.01835,0.01845387931034483,0.018557543103448277,0.018649137931034485,0.018743965517241383,0.018822198275862068,0.018901724137931036,0.018970474137931036,0.019046336206896552,0.019094396551724138,0.01915086206896552,0.019168103448275863,0.019254094827586207,0.019291163793103448,0.019351939655172415]},"cell_dimension":{"value":0.0464,"unit":"cm2"},"sweep_direction":{"unit":"","value":"Forward"},"key":"Forward164 NiO Me4PACz Vacuum+Annealing_20230708"},{"sample_area":{"value":0.0464,"unit":"cm2"},"irradiance":{"value":1,"unit":""},"pre_sweep_delay":{"value":1,"unit":""},"bias_direction":{"value":0,"unit":""},"max_reverse_bias":{"value":-0.2,"unit":""},"max_forward_bias":{"value":1.3,"unit":""},"num_sweep_points":{"value":31,"unit":""},"dwell_time":{"value":0,"unit":""},"current_limit":{"value":100,"unit":""},"pviv_10a_i_amp":{"value":0,"unit":""},"average":{"value":1,"unit":""},"dark_current":{"value":0,"unit":""},"rshunt_v_lo":{"value":-0.2,"unit":""},"rshunt_v_hi":{"value":0.2,"unit":""},"voc":{"value":1.06574766,"unit":"V"},"isc":{"value":0.00085774,"unit":"A"},"jsc":{"value":18.48567982,"unit":"mA\/cm2"},"imax":{"value":0.00066815,"unit":"A"},"vmax":{"value":0.85550667,"unit":"V"},"pmax":{"value":0.57160798,"unit":"mW"},"fill_factor":{"value":62.5303,"unit":"%"},"efficiency":{"value":12.3191,"unit":"%"},"r_at_voc":{"value":111.347118,"unit":""},"r_at_isc":{"value":11799.82,"unit":""},"power":{"value":0.00077957,"unit":"W"},"rshunt":{"value":"NaN","unit":"ohm"},"cell_temp_start":{"value":"NaN","unit":""},"cell_temp_end":{"value":"NaN","unit":""},"exposure":{"value":3.737,"unit":""},"time":{"value":"16:42:12","unit":""},"date":{"value":"07\/08\/2023","unit":""},"V":{"value":[1.3,1.25,1.2,1.15,1.1,1.05,1,0.95,0.9,0.85,0.8,0.75,0.7,0.65,0.6,0.55,0.5,0.45,0.4,0.35,0.3,0.25,0.2,0.15,0.1,0.05,0,-0.05,-0.1,-0.15,-0.2],"unit":"V"},"I":{"value":[-0.00395586,-0.00281848,-0.0018077,-0.00095788,-0.00030762,0.00014143,0.00040872,0.00054947,0.00062593,0.00067236,0.00070451,0.00072947,0.00074881,0.00076335,0.00077663,0.00078801,0.00079811,0.00080651,0.00081453,0.00082218,0.00082925,0.00083513,0.0008412,0.00084673,0.00085172,0.00085588,0.00085977,0.00086008,0.0008661,0.0008697,0.00087293],"unit":"A"},"J":{"unit":"A\/cm2","value":[-0.08525560344827587,-0.06074310344827587,-0.03895905172413793,-0.020643965517241382,-0.006629741379310345,0.0030480603448275866,0.008808620689655173,0.011842025862068967,0.013489870689655174,0.014490517241379312,0.015183405172413794,0.01572133620689655,0.01613814655172414,0.016451508620689656,0.016737715517241382,0.016982974137931036,0.01720064655172414,0.01738168103448276,0.017554525862068966,0.01771939655172414,0.017871767241379313,0.017998491379310345,0.018129310344827586,0.018248491379310346,0.01835603448275862,0.018445689655172418,0.018529525862068966,0.018536206896551725,0.01866594827586207,0.018743534482758624,0.018813146551724138]},"cell_dimension":{"value":0.0464,"unit":"cm2"},"sweep_direction":{"unit":"","value":"Forward"},"key":"Forward163 NiO Me4PACz Vacuum+Annealing_20230708"},{"sample_area":{"value":0.0464,"unit":"cm2"},"irradiance":{"value":1,"unit":""},"pre_sweep_delay":{"value":1,"unit":""},"bias_direction":{"value":0,"unit":""},"max_reverse_bias":{"value":-0.2,"unit":""},"max_forward_bias":{"value":1.3,"unit":""},"num_sweep_points":{"value":31,"unit":""},"dwell_time":{"value":0,"unit":""},"current_limit":{"value":100,"unit":""},"pviv_10a_i_amp":{"value":0,"unit":""},"average":{"value":1,"unit":""},"dark_current":{"value":0,"unit":""},"rshunt_v_lo":{"value":-0.2,"unit":""},"rshunt_v_hi":{"value":0.2,"unit":""},"voc":{"value":1.08773187,"unit":"V"},"isc":{"value":0.00091808,"unit":"A"},"jsc":{"value":19.78630872,"unit":"mA\/cm2"},"imax":{"value":0.00081353,"unit":"A"},"vmax":{"value":0.89287675,"unit":"V"},"pmax":{"value":0.7263804,"unit":"mW"},"fill_factor":{"value":72.7377,"unit":"%"},"efficiency":{"value":15.6547,"unit":"%"},"r_at_voc":{"value":129.575969,"unit":""},"r_at_isc":{"value":33729.357,"unit":""},"power":{"value":0.00090266,"unit":"W"},"rshunt":{"value":"NaN","unit":"ohm"},"cell_temp_start":{"value":"NaN","unit":""},"cell_temp_end":{"value":"NaN","unit":""},"exposure":{"value":3.908,"unit":""},"time":{"value":"16:42:03","unit":""},"date":{"value":"07\/08\/2023","unit":""},"V":{"value":[1.3,1.25,1.2,1.15,1.1,1.05,1,0.95,0.9,0.85,0.8,0.75,0.7,0.65,0.6,0.55,0.5,0.45,0.4,0.35,0.3,0.25,0.2,0.15,0.1,0.05,0,-0.05,-0.1,-0.15,-0.2],"unit":"V"},"I":{"value":[-0.00288504,-0.0020273,-0.00125106,-0.00060281,-9.468e-5,0.0002912,0.00057242,0.00073328,0.00080669,0.00084264,0.0008613,0.00087337,0.00088214,0.00088833,0.0008927,0.00089589,0.00089914,0.0009016,0.00090447,0.00090644,0.00090833,0.00090991,0.00091236,0.00091407,0.00091562,0.00091752,0.00091911,0.00091948,0.00092088,0.00092232,0.00092304],"unit":"A"},"J":{"unit":"A\/cm2","value":[-0.06217758620689656,-0.043691810344827595,-0.026962500000000004,-0.012991594827586207,-0.0020405172413793106,0.006275862068965517,0.012336637931034485,0.01580344827586207,0.017385560344827588,0.018160344827586206,0.0185625,0.01882262931034483,0.019011637931034484,0.019145043103448278,0.019239224137931034,0.019307974137931037,0.01937801724137931,0.01943103448275862,0.019492887931034483,0.019535344827586208,0.0195760775862069,0.01961012931034483,0.01966293103448276,0.019699784482758623,0.019733189655172415,0.019774137931034483,0.019808405172413796,0.019816379310344828,0.019846551724137934,0.019877586206896555,0.019893103448275863]},"cell_dimension":{"value":0.0464,"unit":"cm2"},"sweep_direction":{"unit":"","value":"Forward"},"key":"Forward162 NiO Me4PACz Vacuum+Annealing_20230708"},{"sample_area":{"value":0.0464,"unit":"cm2"},"irradiance":{"value":1,"unit":""},"pre_sweep_delay":{"value":1,"unit":""},"bias_direction":{"value":0,"unit":""},"max_reverse_bias":{"value":-0.2,"unit":""},"max_forward_bias":{"value":1.3,"unit":""},"num_sweep_points":{"value":31,"unit":""},"dwell_time":{"value":0,"unit":""},"current_limit":{"value":100,"unit":""},"pviv_10a_i_amp":{"value":0,"unit":""},"average":{"value":1,"unit":""},"dark_current":{"value":0,"unit":""},"rshunt_v_lo":{"value":-0.2,"unit":""},"rshunt_v_hi":{"value":0.2,"unit":""},"voc":{"value":1.10485598,"unit":"V"},"isc":{"value":0.00094089,"unit":"A"},"jsc":{"value":20.27773578,"unit":"mA\/cm2"},"imax":{"value":0.00085265,"unit":"A"},"vmax":{"value":0.89227781,"unit":"V"},"pmax":{"value":0.76080337,"unit":"mW"},"fill_factor":{"value":73.1862,"unit":"%"},"efficiency":{"value":16.3966,"unit":"%"},"r_at_voc":{"value":135.446167,"unit":""},"r_at_isc":{"value":44562.774,"unit":""},"power":{"value":0.00093822,"unit":"W"},"rshunt":{"value":"NaN","unit":"ohm"},"cell_temp_start":{"value":"NaN","unit":""},"cell_temp_end":{"value":"NaN","unit":""},"exposure":{"value":3.916,"unit":""},"time":{"value":"16:41:46","unit":""},"date":{"value":"07\/08\/2023","unit":""},"V":{"value":[1.3,1.25,1.2,1.15,1.1,1.05,1,0.95,0.9,0.85,0.8,0.75,0.7,0.65,0.6,0.55,0.5,0.45,0.4,0.35,0.3,0.25,0.2,0.15,0.1,0.05,0,-0.05,-0.1,-0.15,-0.2],"unit":"V"},"I":{"value":[-0.0019577,-0.00135852,-0.00078481,-0.0003333,3.585e-5,0.0003419,0.00061011,0.0007635,0.0008448,0.00088224,0.00090041,0.00090836,0.00091473,0.00091908,0.00092302,0.00092521,0.00092731,0.00092904,0.00093113,0.0009318,0.00093363,0.00093496,0.00093666,0.00093776,0.00093885,0.00093976,0.00094112,0.00094333,0.00094254,0.00094362,0.00094518],"unit":"A"},"J":{"unit":"A\/cm2","value":[-0.04219181034482759,-0.02927844827586207,-0.016914008620689657,-0.007183189655172415,0.0007726293103448276,0.007368534482758622,0.013148922413793104,0.016454741379310345,0.01820689655172414,0.019013793103448275,0.019405387931034485,0.019576724137931035,0.019714008620689658,0.019807758620689654,0.019892672413793104,0.019939870689655175,0.019985129310344827,0.02002241379310345,0.020067456896551726,0.02008189655172414,0.020121336206896552,0.02015,0.020186637931034482,0.02021034482758621,0.020233836206896554,0.02025344827586207,0.020282758620689657,0.020330387931034484,0.02031336206896552,0.020336637931034487,0.020370258620689658]},"cell_dimension":{"value":0.0464,"unit":"cm2"},"sweep_direction":{"unit":"","value":"Forward"},"key":"Forward161 NiO Me4PACz Vacuum+Annealing_20230708"},{"sample_area":{"value":0.0464,"unit":"cm2"},"irradiance":{"value":1,"unit":""},"pre_sweep_delay":{"value":1,"unit":""},"bias_direction":{"value":0,"unit":""},"max_reverse_bias":{"value":-0.2,"unit":""},"max_forward_bias":{"value":1.3,"unit":""},"num_sweep_points":{"value":31,"unit":""},"dwell_time":{"value":0,"unit":""},"current_limit":{"value":100,"unit":""},"pviv_10a_i_amp":{"value":0,"unit":""},"average":{"value":1,"unit":""},"dark_current":{"value":0,"unit":""},"rshunt_v_lo":{"value":-0.2,"unit":""},"rshunt_v_hi":{"value":0.2,"unit":""},"voc":{"value":1.07133646,"unit":"V"},"isc":{"value":0.00069392,"unit":"A"},"jsc":{"value":14.95515349,"unit":"mA\/cm2"},"imax":{"value":0.00060701,"unit":"A"},"vmax":{"value":0.86240909,"unit":"V"},"pmax":{"value":0.52348704,"unit":"mW"},"fill_factor":{"value":70.416,"unit":"%"},"efficiency":{"value":11.282,"unit":"%"},"r_at_voc":{"value":176.443333,"unit":""},"r_at_isc":{"value":33209.472,"unit":""},"power":{"value":0.00066318,"unit":"W"},"rshunt":{"value":"NaN","unit":"ohm"},"cell_temp_start":{"value":"NaN","unit":""},"cell_temp_end":{"value":"NaN","unit":""},"exposure":{"value":3.731,"unit":""},"time":{"value":"16:41:17","unit":""},"date":{"value":"07\/08\/2023","unit":""},"V":{"value":[1.3,1.25,1.2,1.15,1.1,1.05,1,0.95,0.9,0.85,0.8,0.75,0.7,0.65,0.6,0.55,0.5,0.45,0.4,0.35,0.3,0.25,0.2,0.15,0.1,0.05,0,-0.05,-0.1,-0.15,-0.2],"unit":"V"},"I":{"value":[-0.00225799,-0.0015495,-0.00097282,-0.0005213,-0.00016245,0.00012093,0.00033701,0.0004844,0.00057251,0.0006151,0.00063857,0.00065332,0.00066177,0.00066738,0.00067154,0.00067481,0.00067748,0.00067965,0.00068149,0.00068322,0.00068481,0.00068641,0.00068751,0.00068928,0.00069127,0.00069295,0.0006936,0.00069548,0.00069736,0.00069835,0.00069953],"unit":"A"},"J":{"unit":"A\/cm2","value":[-0.0486635775862069,-0.033394396551724145,-0.02096594827586207,-0.01123491379310345,-0.0035010775862068964,0.00260625,0.0072631465517241384,0.010439655172413794,0.012338577586206899,0.013256465517241382,0.013762284482758621,0.014080172413793104,0.014262284482758621,0.014383189655172414,0.014472844827586208,0.014543318965517242,0.01460086206896552,0.014647629310344829,0.014687284482758621,0.014724568965517243,0.014758836206896553,0.014793318965517244,0.014817025862068968,0.014855172413793106,0.014898060344827588,0.014934267241379312,0.014948275862068967,0.014988793103448276,0.015029310344827585,0.01505064655172414,0.015076077586206897]},"cell_dimension":{"value":0.0464,"unit":"cm2"},"sweep_direction":{"unit":"","value":"Forward"},"key":"Forward154 NiO Me4PACz Vacuum+Annealing_20230708"},{"sample_area":{"value":0.0464,"unit":"cm2"},"irradiance":{"value":1,"unit":""},"pre_sweep_delay":{"value":1,"unit":""},"bias_direction":{"value":0,"unit":""},"max_reverse_bias":{"value":-0.2,"unit":""},"max_forward_bias":{"value":1.3,"unit":""},"num_sweep_points":{"value":31,"unit":""},"dwell_time":{"value":0,"unit":""},"current_limit":{"value":100,"unit":""},"pviv_10a_i_amp":{"value":0,"unit":""},"average":{"value":1,"unit":""},"dark_current":{"value":0,"unit":""},"rshunt_v_lo":{"value":-0.2,"unit":""},"rshunt_v_hi":{"value":0.2,"unit":""},"voc":{"value":1.12005228,"unit":"V"},"isc":{"value":0.00106418,"unit":"A"},"jsc":{"value":22.93489714,"unit":"mA\/cm2"},"imax":{"value":0.00097892,"unit":"A"},"vmax":{"value":0.8774669,"unit":"V"},"pmax":{"value":0.85896946,"unit":"mW"},"fill_factor":{"value":72.065,"unit":"%"},"efficiency":{"value":18.5123,"unit":"%"},"r_at_voc":{"value":146.039767,"unit":""},"r_at_isc":{"value":49387.15,"unit":""},"power":{"value":0.00106707,"unit":"W"},"rshunt":{"value":"NaN","unit":"ohm"},"cell_temp_start":{"value":"NaN","unit":""},"cell_temp_end":{"value":"NaN","unit":""},"exposure":{"value":3.851,"unit":""},"time":{"value":"16:41:07","unit":""},"date":{"value":"07\/08\/2023","unit":""},"V":{"value":[1.3,1.25,1.2,1.15,1.1,1.05,1,0.95,0.9,0.85,0.8,0.75,0.7,0.65,0.6,0.55,0.5,0.45,0.4,0.35,0.3,0.25,0.2,0.15,0.1,0.05,0,-0.05,-0.1,-0.15,-0.2],"unit":"V"},"I":{"value":[-0.00175027,-0.00114861,-0.00062383,-0.00020507,0.00013731,0.00042145,0.00066013,0.00084599,0.00094913,0.00100342,0.0010244,0.00103669,0.00104263,0.00104655,0.00104927,0.00105186,0.00105215,0.00105397,0.00105518,0.00105674,0.00105764,0.0010592,0.00106065,0.00106091,0.00106162,0.00106317,0.00106479,0.00106632,0.00106563,0.00106704,0.00106786],"unit":"A"},"J":{"unit":"A\/cm2","value":[-0.03772133620689656,-0.024754525862068968,-0.013444612068965519,-0.004419612068965517,0.0029592672413793104,0.009082974137931035,0.014226939655172414,0.018232543103448278,0.020455387931034484,0.02162543103448276,0.02207758620689655,0.022342456896551725,0.022470474137931035,0.022554956896551726,0.0226135775862069,0.02266939655172414,0.02267564655172414,0.022714870689655175,0.02274094827586207,0.022774568965517245,0.022793965517241385,0.022827586206896552,0.022858836206896552,0.022864439655172417,0.02287974137931035,0.02291314655172414,0.022948060344827586,0.022981034482758622,0.02296616379310345,0.022996551724137934,0.023014224137931034]},"cell_dimension":{"value":0.0464,"unit":"cm2"},"sweep_direction":{"unit":"","value":"Forward"},"key":"Forward153 NiO Me4PACz Vacuum+Annealing_20230708"},{"sample_area":{"value":0.0464,"unit":"cm2"},"irradiance":{"value":1,"unit":""},"pre_sweep_delay":{"value":1,"unit":""},"bias_direction":{"value":0,"unit":""},"max_reverse_bias":{"value":-0.2,"unit":""},"max_forward_bias":{"value":1.3,"unit":""},"num_sweep_points":{"value":31,"unit":""},"dwell_time":{"value":0,"unit":""},"current_limit":{"value":100,"unit":""},"pviv_10a_i_amp":{"value":0,"unit":""},"average":{"value":1,"unit":""},"dark_current":{"value":0,"unit":""},"rshunt_v_lo":{"value":-0.2,"unit":""},"rshunt_v_hi":{"value":0.2,"unit":""},"voc":{"value":1.11678546,"unit":"V"},"isc":{"value":0.00104855,"unit":"A"},"jsc":{"value":22.59809463,"unit":"mA\/cm2"},"imax":{"value":0.00096917,"unit":"A"},"vmax":{"value":0.89956589,"unit":"V"},"pmax":{"value":0.87183524,"unit":"mW"},"fill_factor":{"value":74.4517,"unit":"%"},"efficiency":{"value":18.7896,"unit":"%"},"r_at_voc":{"value":129.362424,"unit":""},"r_at_isc":{"value":84414.089,"unit":""},"power":{"value":0.00106238,"unit":"W"},"rshunt":{"value":"NaN","unit":"ohm"},"cell_temp_start":{"value":"NaN","unit":""},"cell_temp_end":{"value":"NaN","unit":""},"exposure":{"value":3.852,"unit":""},"time":{"value":"16:40:51","unit":""},"date":{"value":"07\/08\/2023","unit":""},"V":{"value":[1.3,1.25,1.2,1.15,1.1,1.05,1,0.95,0.9,0.85,0.8,0.75,0.7,0.65,0.6,0.55,0.5,0.45,0.4,0.35,0.3,0.25,0.2,0.15,0.1,0.05,0,-0.05,-0.1,-0.15,-0.2],"unit":"V"},"I":{"value":[-0.00212943,-0.00137747,-0.00074439,-0.00025676,0.00012976,0.00044539,0.00070823,0.00087623,0.0009687,0.0010029,0.0010186,0.00102728,0.00103271,0.00103424,0.00103741,0.00103896,0.00104039,0.00104153,0.0010419,0.00104348,0.00104503,0.00104542,0.0010464,0.00104665,0.00104738,0.00104778,0.00104867,0.0010495,0.00104976,0.00104991,0.00105105],"unit":"A"},"J":{"unit":"A\/cm2","value":[-0.045892887931034486,-0.029686853448275864,-0.016042887931034484,-0.005533620689655172,0.0027965517241379315,0.009598922413793103,0.015263577586206898,0.018884267241379312,0.020877155172413793,0.021614224137931036,0.02195258620689655,0.022139655172413793,0.02225668103448276,0.022289655172413797,0.022357974137931034,0.02239137931034483,0.02242219827586207,0.022446767241379312,0.022454741379310344,0.022488793103448278,0.02252219827586207,0.022530603448275864,0.022551724137931037,0.02255711206896552,0.02257284482758621,0.02258146551724138,0.02260064655172414,0.022618534482758624,0.022624137931034485,0.022627370689655174,0.022651939655172416]},"cell_dimension":{"value":0.0464,"unit":"cm2"},"sweep_direction":{"unit":"","value":"Forward"},"key":"Forward152 NiO Me4PACz Vacuum+Annealing_20230708"},{"sample_area":{"value":0.0464,"unit":"cm2"},"irradiance":{"value":1,"unit":""},"pre_sweep_delay":{"value":1,"unit":""},"bias_direction":{"value":0,"unit":""},"max_reverse_bias":{"value":-0.2,"unit":""},"max_forward_bias":{"value":1.3,"unit":""},"num_sweep_points":{"value":31,"unit":""},"dwell_time":{"value":0,"unit":""},"current_limit":{"value":100,"unit":""},"pviv_10a_i_amp":{"value":0,"unit":""},"average":{"value":1,"unit":""},"dark_current":{"value":0,"unit":""},"rshunt_v_lo":{"value":-0.2,"unit":""},"rshunt_v_hi":{"value":0.2,"unit":""},"voc":{"value":1.02525011,"unit":"V"},"isc":{"value":0.00099269,"unit":"A"},"jsc":{"value":21.39427629,"unit":"mA\/cm2"},"imax":{"value":0.00077186,"unit":"A"},"vmax":{"value":0.74921385,"unit":"V"},"pmax":{"value":0.57828732,"unit":"mW"},"fill_factor":{"value":56.8196,"unit":"%"},"efficiency":{"value":12.4631,"unit":"%"},"r_at_voc":{"value":235.265775,"unit":""},"r_at_isc":{"value":22400.959,"unit":""},"power":{"value":0.00083082,"unit":"W"},"rshunt":{"value":"NaN","unit":"ohm"},"cell_temp_start":{"value":"NaN","unit":""},"cell_temp_end":{"value":"NaN","unit":""},"exposure":{"value":3.738,"unit":""},"time":{"value":"16:40:32","unit":""},"date":{"value":"07\/08\/2023","unit":""},"V":{"value":[1.3,1.25,1.2,1.15,1.1,1.05,1,0.95,0.9,0.85,0.8,0.75,0.7,0.65,0.6,0.55,0.5,0.45,0.4,0.35,0.3,0.25,0.2,0.15,0.1,0.05,0,-0.05,-0.1,-0.15,-0.2],"unit":"V"},"I":{"value":[-0.00145108,-0.00113606,-0.00080224,-0.00054255,-0.00030415,-0.0001052,0.00010733,0.00032129,0.00048929,0.00062306,0.00071037,0.00077105,0.00081631,0.00084963,0.00087446,0.00089691,0.00091547,0.00093153,0.00095697,0.00097165,0.00097869,0.00097654,0.00098581,0.0009861,0.00098841,0.00099478,0.00099479,0.00099715,0.00099605,0.00099793,0.00099884],"unit":"A"},"J":{"unit":"A\/cm2","value":[-0.03127327586206897,-0.02448405172413793,-0.017289655172413793,-0.011692887931034485,-0.006554956896551724,-0.002267241379310345,0.002313146551724138,0.006924353448275863,0.010545043103448276,0.013428017241379313,0.01530969827586207,0.016617456896551724,0.017592887931034484,0.018310991379310346,0.018846120689655174,0.019329956896551724,0.019729956896551725,0.020076077586206897,0.020624353448275862,0.02094073275862069,0.021092456896551724,0.021046120689655175,0.021245905172413794,0.021252155172413793,0.021301939655172412,0.021439224137931038,0.021439439655172414,0.021490301724137933,0.02146659482758621,0.02150711206896552,0.021526724137931035]},"cell_dimension":{"value":0.0464,"unit":"cm2"},"sweep_direction":{"unit":"","value":"Forward"},"key":"Forward151 NiO Me4PACz Vacuum+Annealing_20230708"}]}}