{"_id":"655ac016e66ef8618a0fbf91","id":"JBNU-SC-00296","author":98,"group":10,"input":[{"tco":{"unit":"","value":"ITO"}},{"htl":[{"material":{"unit":"","value":"NiO_Sputter"},"concentration":{"unit":"","value":"None"},"conc_unit":{"unit":"","value":"None"},"quantity":{"unit":"ml","value":"None"}}],"solvent":[{"material":{"unit":"","value":"None"},"volume":{"unit":"ml","value":"None"}},{"material":{"unit":"","value":"None"},"volume":{"unit":"ml","value":"None"}}],"htl_doping":[{"material":{"unit":"","value":"None"},"volume":{"unit":"ul","value":"None"}}],"spin_coating":[{"type":{"unit":"","value":"None"},"rpm":{"unit":"","value":"None"},"time":{"unit":"s","value":"None"}}],"vacuum_suction":[{"unit":"s","value":"None"}],"annealing":[{"temperature":{"unit":"oC","value":"300"},"time":{"unit":"m","value":"30"}}],"module":[{"type":{"unit":"","value":"None"},"gap":{"unit":"um","value":"None"},"coating_speed":{"unit":"mm\/s","value":"None"},"feeding_amount":{"unit":"ul","value":"None"}}],"thermal_evaporation":[{"vacuum_evaporation_thickness":{"unit":"nm","value":"None"},"evaporation_rate":{"unit":"\u00c5\/s","value":"None"},"vacuum_pressure":{"unit":"uTorr","value":"None"}}]},{"htl_treatment":[{"material":{"unit":"","value":"MeO-2PACz"},"concentration":{"unit":"","value":"0.33"},"conc_unit":{"unit":"","value":"mg\/ml"},"quantity":{"unit":"ml","value":"1"}}],"solvent":[{"material":{"unit":"","value":"Ethanol"},"volume":{"unit":"ml","value":"1"}},{"material":{"unit":"","value":"None"},"volume":{"unit":"ml","value":"None"}}],"spin_coating":[{"type":{"unit":"","value":"drop&run"},"rpm":{"unit":"","value":"3000"},"time":{"unit":"s","value":"50"}}],"vacuum_suction":[{"unit":"s","value":"None"}],"annealing":[{"temperature":{"unit":"oC","value":"None"},"time":{"unit":"m","value":"None"}}],"module":[{"type":{"unit":"","value":"None"},"gap":{"unit":"um","value":"None"},"coating_speed":{"unit":"mm\/s","value":"None"},"feeding_amount":{"unit":"ul","value":"None"}}],"thermal_evaporation":[{"vacuum_evaporation_thickness":{"unit":"nm","value":"None"},"evaporation_rate":{"unit":"\u00c5\/s","value":"None"},"vacuum_pressure":{"unit":"uTorr","value":"None"}}]},{"perovskite":{"method":{"unit":"","value":"1-step"},"molarity":{"unit":"M","value":"1.45"},"a_site":[{"material":{"unit":"","value":"Cs"},"ratio":{"unit":"","value":"0.175"}},{"material":{"unit":"","value":"FA"},"ratio":{"unit":"","value":"0.825"}}],"b_site":[{"material":{"unit":"","value":"Pb"},"ratio":{"unit":"","value":"1"}},{"material":{"unit":"","value":"None"},"ratio":{"unit":"","value":"0"}}],"x_site":[{"material":{"unit":"","value":"I"},"ratio":{"unit":"","value":"2.55"}},{"material":{"unit":"","value":"Br"},"ratio":{"unit":"","value":"0.45"}}],"solvent":[{"material":{"unit":"","value":"DMF"},"volume":{"unit":"ml","value":"0.8"}},{"material":{"unit":"","value":"DMSO"},"volume":{"unit":"ml","value":"0.2"}}],"additive":[{"material":{"unit":"","value":"None"},"solvent":{"unit":"","value":"None"},"concentration":{"unit":"","value":"None"},"conc_unit":{"unit":"","value":"None"},"quantity":{"unit":"mol%","value":"None"}}],"stirring_time":[{"unit":"m","value":"120"}],"antisolvent":[{"material":{"unit":"","value":"None"},"quantity":{"unit":"ul","value":"None"},"dripping_time":{"unit":"s","value":"None"}}],"spin_coating":[{"type":{"unit":"","value":"drop&run"},"rpm":{"unit":"","value":"4000"},"time":{"unit":"s","value":"10"}}],"vacuum_suction":[{"unit":"s","value":"60"}],"annealing":[{"temperature":{"unit":"oC","value":"150"},"time":{"unit":"m","value":"30"}}],"atmosphere":[{"type":{"unit":"","value":"N2"},"temperature":{"unit":"oC","value":"28"},"humidity":{"unit":"RH%","value":"0"}}],"assist":[{"type":{"unit":"","value":"None"},"temperature":{"unit":"oC","value":"None"},"assist_start_time":{"value":null,"unit":"s"},"total_assist_time":{"value":"None","unit":"s"}}],"module":[{"type":{"unit":"","value":"None"},"gap":{"unit":"um","value":"None"},"coating_speed":{"unit":"mm\/s","value":"None"},"feeding_amount":{"unit":"ul","value":"None"}}],"thermal_evaporation":[{"vacuum_evaporation_thickness":{"unit":"nm","value":"None"},"evaporation_rate":{"unit":"\u00c5\/s","value":"None"},"vacuum_pressure":{"unit":"uTorr","value":"None"}}]}},{"perovskite_treatment":[{"material":{"unit":"","value":"None"},"concentration":{"unit":"","value":"None"},"conc_unit":{"unit":"","value":"None"},"quantity":{"unit":"ml","value":"None"}}],"solvent":[{"material":{"unit":"","value":"None"},"volume":{"unit":"ml","value":"None"}},{"material":{"unit":"","value":"None"},"volume":{"unit":"ml","value":"None"}}],"spin_coating":[{"type":{"unit":"","value":"None"},"rpm":{"unit":"","value":"None"},"time":{"unit":"s","value":"None"}}],"vacuum_suction":[{"unit":"s","value":"None"}],"annealing":[{"temperature":{"unit":"oC","value":"None"},"time":{"unit":"m","value":"None"}}],"module":[{"type":{"unit":"","value":"None"},"gap":{"unit":"um","value":"None"},"coating_speed":{"unit":"mm\/s","value":"None"},"feeding_amount":{"unit":"ul","value":"None"}}],"thermal_evaporation":[{"vacuum_evaporation_thickness":{"unit":"nm","value":"None"},"evaporation_rate":{"unit":"\u00c5\/s","value":"None"},"vacuum_pressure":{"unit":"uTorr","value":"None"}}]},{"etl":[{"material":{"unit":"","value":"C60"},"concentration":{"unit":"","value":"None"},"conc_unit":{"unit":"","value":"None"},"quantity":{"unit":"ml","value":"None"}}],"solvent":[{"material":{"unit":"","value":"None"},"volume":{"unit":"ml","value":"None"}},{"material":{"unit":"","value":"None"},"volume":{"unit":"ml","value":"None"}}],"spin_coating":[{"type":{"unit":"","value":"None"},"rpm":{"unit":"","value":"None"},"time":{"unit":"s","value":"None"}}],"vacuum_suction":[{"unit":"s","value":"None"}],"annealing":[{"temperature":{"unit":"oC","value":"None"},"time":{"unit":"m","value":"None"}}],"etl_doping":[{"material":{"unit":"","value":"None"},"volume":{"unit":"ul","value":"None"}}],"module":[{"type":{"unit":"","value":"None"},"gap":{"unit":"um","value":"None"},"coating_speed":{"unit":"mm\/s","value":"None"},"feeding_amount":{"unit":"ul","value":"None"}}],"thermal_evaporation":[{"vacuum_evaporation_thickness":{"unit":"nm","value":"30"},"evaporation_rate":{"unit":"\u00c5\/s","value":"0.6"},"vacuum_pressure":{"unit":"uTorr","value":"2x10-6"}}]},{"blocking_buffer_layer":[{"material":{"unit":"","value":"BCP"},"concentration":{"unit":"","value":"None"},"conc_unit":{"unit":"","value":"None"},"quantity":{"unit":"ml","value":"None"}}],"solvent":[{"material":{"unit":"","value":"None"},"volume":{"unit":"ml","value":"None"}},{"material":{"unit":"","value":"None"},"volume":{"unit":"ml","value":"None"}}],"spin_coating":[{"type":{"unit":"","value":"None"},"rpm":{"unit":"","value":"None"},"time":{"unit":"s","value":"None"}}],"vacuum_suction":[{"unit":"s","value":"0"}],"annealing":[{"temperature":{"unit":"oC","value":"None"},"time":{"unit":"m","value":"None"}}],"module":[{"type":{"unit":"","value":"None"},"gap":{"unit":"um","value":"None"},"coating_speed":{"unit":"mm\/s","value":"None"},"feeding_amount":{"unit":"ul","value":"None"}}],"thermal_evaporation":[{"vacuum_evaporation_thickness":{"unit":"nm","value":"6"},"evaporation_rate":{"unit":"\u00c5\/s","value":"0.6"},"vacuum_pressure":{"unit":"uTorr","value":"2x10-6"}}]},{"anode_metal":{"unit":"","value":"Ag"}},{"note":{"unit":"","value":"-"},"ar":{"unit":"","value":"0"},"type":{"unit":"","value":"unit_cell"},"device_type":{"unit":"","value":"p-i-n"},"temperature":{"unit":"\u2103","value":"25"},"humidity":{"unit":"%","value":"40"},"cell_dimension":{"unit":"cm2","value":"0.0464"}}],"fileinfo":[{"key":"FORWARD 132 24H MeO AN 150' 30MIN_ 20230327","uploadType":"JV","original_name":"FORWARD 132 24H MeO AN 150' 30MIN_ 20230327- 211234.txt","save_name":"JBNU-SC-00296\/FORWARD 132 24H MeO AN 150' 30MIN_ 20230327","uploader":98,"fileType":""},{"key":"FORWARD 133 24H MeO AN 150' 30MIN_ 20230327","uploadType":"JV","original_name":"FORWARD 133 24H MeO AN 150' 30MIN_ 20230327- 211316.txt","save_name":"JBNU-SC-00296\/FORWARD 133 24H MeO AN 150' 30MIN_ 20230327","uploader":98,"fileType":""},{"key":"FORWARD 134 24H MeO AN 150' 30MIN_ 20230327","uploadType":"JV","original_name":"FORWARD 134 24H MeO AN 150' 30MIN_ 20230327- 211328.txt","save_name":"JBNU-SC-00296\/FORWARD 134 24H MeO AN 150' 30MIN_ 20230327","uploader":98,"fileType":""},{"key":"FORWARD 141 24H MeO AN 150' 30MIN_ 20230327","uploadType":"JV","original_name":"FORWARD 141 24H MeO AN 150' 30MIN_ 20230327- 211439.txt","save_name":"JBNU-SC-00296\/FORWARD 141 24H MeO AN 150' 30MIN_ 20230327","uploader":98,"fileType":""},{"key":"FORWARD 142 24H MeO AN 150' 30MIN_ 20230327","uploadType":"JV","original_name":"FORWARD 142 24H MeO AN 150' 30MIN_ 20230327- 211458.txt","save_name":"JBNU-SC-00296\/FORWARD 142 24H MeO AN 150' 30MIN_ 20230327","uploader":98,"fileType":""},{"key":"FORWARD 143 24H MeO AN 150' 30MIN_ 20230327","uploadType":"JV","original_name":"FORWARD 143 24H MeO AN 150' 30MIN_ 20230327- 211514.txt","save_name":"JBNU-SC-00296\/FORWARD 143 24H MeO AN 150' 30MIN_ 20230327","uploader":98,"fileType":""},{"key":"FORWARD 144 24H MeO AN 150' 30MIN_ 20230327","uploadType":"JV","original_name":"FORWARD 144 24H MeO AN 150' 30MIN_ 20230327- 211536.txt","save_name":"JBNU-SC-00296\/FORWARD 144 24H MeO AN 150' 30MIN_ 20230327","uploader":98,"fileType":""},{"key":"FORWARD 131 24H MeO AN 150' 30MIN_ 20230327","uploadType":"JV","original_name":"FORWARD 131 24H MeO AN 150' 30MIN_ 20230327- 211211.txt","save_name":"JBNU-SC-00296\/FORWARD 131 24H MeO AN 150' 30MIN_ 20230327","uploader":98,"fileType":""}],"jvcnt":8,"updated_at":"2024-08-07 02:33:50","created_at":"2023-11-20 02:10:30","analysisInfo":{"JV":[{"efficiency":16.916,"fill_factor":75.0751,"jsc":21.08155016,"voc":1.06880573,"key":"FORWARD 144 24H MeO AN 150' 30MIN_ 20230327","cell_dimension":0.0464},{"efficiency":16.7669,"fill_factor":75.1114,"jsc":20.9533191,"voc":1.06535206,"key":"FORWARD 143 24H MeO AN 150' 30MIN_ 20230327","cell_dimension":0.0464},{"efficiency":16.7315,"fill_factor":74.2728,"jsc":21.04212719,"voc":1.07057002,"key":"FORWARD 142 24H MeO AN 150' 30MIN_ 20230327","cell_dimension":0.0464},{"efficiency":16.6625,"fill_factor":73.5433,"jsc":21.14464332,"voc":1.07151038,"key":"FORWARD 141 24H MeO AN 150' 30MIN_ 20230327","cell_dimension":0.0464},{"efficiency":17.2044,"fill_factor":74.675,"jsc":21.51048533,"voc":1.07106315,"key":"FORWARD 134 24H MeO AN 150' 30MIN_ 20230327","cell_dimension":0.0464},{"efficiency":17.0853,"fill_factor":74.3233,"jsc":21.29959757,"voc":1.07925736,"key":"FORWARD 133 24H MeO AN 150' 30MIN_ 20230327","cell_dimension":0.0464},{"efficiency":17.022,"fill_factor":74.6168,"jsc":21.46133211,"voc":1.06295849,"key":"FORWARD 132 24H MeO AN 150' 30MIN_ 20230327","cell_dimension":0.0464},{"efficiency":17.0676,"fill_factor":74.3293,"jsc":21.46788274,"voc":1.06960247,"key":"FORWARD 131 24H MeO AN 150' 30MIN_ 20230327","cell_dimension":0.0464}]},"public":2,"analysis":{"JV":[{"sample_area":{"value":0.0464,"unit":"cm2"},"irradiance":{"value":1,"unit":""},"pre_sweep_delay":{"value":1,"unit":""},"bias_direction":{"value":0,"unit":""},"max_reverse_bias":{"value":-0.2,"unit":""},"max_forward_bias":{"value":1.3,"unit":""},"num_sweep_points":{"value":31,"unit":""},"dwell_time":{"value":0,"unit":""},"current_limit":{"value":100,"unit":""},"pviv_10a_i_amp":{"value":0,"unit":""},"average":{"value":1,"unit":""},"dark_current":{"value":0,"unit":""},"rshunt_v_lo":{"value":-0.2,"unit":""},"rshunt_v_hi":{"value":0.2,"unit":""},"voc":{"value":1.06880573,"unit":"V"},"isc":{"value":0.00097818,"unit":"A"},"jsc":{"value":21.08155016,"unit":"mA\/cm2"},"imax":{"value":0.00088956,"unit":"A"},"vmax":{"value":0.88234621,"unit":"V"},"pmax":{"value":0.78490163,"unit":"mW"},"fill_factor":{"value":75.0751,"unit":"%"},"efficiency":{"value":16.916,"unit":"%"},"r_at_voc":{"value":90.476907,"unit":""},"r_at_isc":{"value":55989.901,"unit":""},"power":{"value":0.00095905,"unit":"W"},"rshunt":{"value":"NaN","unit":"ohm"},"cell_temp_start":{"value":"NaN","unit":""},"cell_temp_end":{"value":"NaN","unit":""},"exposure":{"value":3.736,"unit":""},"time":{"value":"21:15:36","unit":""},"date":{"value":"03\/27\/2023","unit":""},"V":{"value":[1.3,1.25,1.2,1.15,1.1,1.05,1,0.95,0.9,0.85,0.8,0.75,0.7,0.65,0.6,0.55,0.5,0.45,0.4,0.35,0.3,0.25,0.2,0.15,0.1,0.05,0,-0.05,-0.1,-0.15,-0.2],"unit":"V"},"I":{"value":[-0.00453521,-0.00317771,-0.00202498,-0.00107685,-0.00034478,0.00020785,0.00056437,0.00076748,0.00086888,0.00091463,0.0009347,0.00094574,0.00095185,0.00095618,0.00096114,0.00096278,0.0009644,0.00096666,0.00096853,0.00097139,0.00097217,0.00097414,0.00097413,0.00097561,0.00097631,0.00097753,0.00097881,0.00098098,0.00097893,0.00097995,0.00098165],"unit":"A"},"J":{"unit":"A\/cm2","value":[-0.09774159482758621,-0.06848512931034482,-0.043641810344827586,-0.023207974137931037,-0.007430603448275863,0.004479525862068966,0.01216314655172414,0.01654051724137931,0.01872586206896552,0.019711853448275866,0.02014439655172414,0.020382327586206898,0.020514008620689656,0.0206073275862069,0.020714224137931034,0.020749568965517242,0.02078448275862069,0.020833189655172415,0.020873491379310345,0.02093512931034483,0.020951939655172416,0.020994396551724137,0.02099418103448276,0.0210260775862069,0.02104116379310345,0.021067456896551724,0.02109504310344828,0.021141810344827587,0.02109762931034483,0.02111961206896552,0.02115625]},"cell_dimension":{"value":0.0464,"unit":"cm2"},"sweep_direction":{"unit":"","value":"Forward"},"key":"FORWARD 144 24H MeO AN 150' 30MIN_ 20230327"},{"sample_area":{"value":0.0464,"unit":"cm2"},"irradiance":{"value":1,"unit":""},"pre_sweep_delay":{"value":1,"unit":""},"bias_direction":{"value":0,"unit":""},"max_reverse_bias":{"value":-0.2,"unit":""},"max_forward_bias":{"value":1.3,"unit":""},"num_sweep_points":{"value":31,"unit":""},"dwell_time":{"value":0,"unit":""},"current_limit":{"value":100,"unit":""},"pviv_10a_i_amp":{"value":0,"unit":""},"average":{"value":1,"unit":""},"dark_current":{"value":0,"unit":""},"rshunt_v_lo":{"value":-0.2,"unit":""},"rshunt_v_hi":{"value":0.2,"unit":""},"voc":{"value":1.06535206,"unit":"V"},"isc":{"value":0.00097223,"unit":"A"},"jsc":{"value":20.9533191,"unit":"mA\/cm2"},"imax":{"value":0.00088207,"unit":"A"},"vmax":{"value":0.88199866,"unit":"V"},"pmax":{"value":0.77798231,"unit":"mW"},"fill_factor":{"value":75.1114,"unit":"%"},"efficiency":{"value":16.7669,"unit":"%"},"r_at_voc":{"value":88.75351,"unit":""},"r_at_isc":{"value":49860.075,"unit":""},"power":{"value":0.00095004,"unit":"W"},"rshunt":{"value":"NaN","unit":"ohm"},"cell_temp_start":{"value":"NaN","unit":""},"cell_temp_end":{"value":"NaN","unit":""},"exposure":{"value":3.732,"unit":""},"time":{"value":"21:15:14","unit":""},"date":{"value":"03\/27\/2023","unit":""},"V":{"value":[1.3,1.25,1.2,1.15,1.1,1.05,1,0.95,0.9,0.85,0.8,0.75,0.7,0.65,0.6,0.55,0.5,0.45,0.4,0.35,0.3,0.25,0.2,0.15,0.1,0.05,0,-0.05,-0.1,-0.15,-0.2],"unit":"V"},"I":{"value":[-0.00455654,-0.00322211,-0.00207872,-0.00113046,-0.00039038,0.00017297,0.00054094,0.00075356,0.00086095,0.00090694,0.00092928,0.00094027,0.00094777,0.00095189,0.00095482,0.0009573,0.00095873,0.0009606,0.00096263,0.00096435,0.00096623,0.00096651,0.00096798,0.00096913,0.00097121,0.00097063,0.00097223,0.0009749,0.00097494,0.0009749,0.00097489],"unit":"A"},"J":{"unit":"A\/cm2","value":[-0.09820129310344829,-0.06944202586206896,-0.044800000000000006,-0.02436336206896552,-0.008413362068965518,0.0037278017241379312,0.011658189655172414,0.016240517241379312,0.018554956896551726,0.019546120689655173,0.020027586206896552,0.020264439655172415,0.0204260775862069,0.020514870689655174,0.020578017241379313,0.02063146551724138,0.02066228448275862,0.020702586206896554,0.020746336206896553,0.020783405172413793,0.020823922413793106,0.020829956896551725,0.020861637931034484,0.020886422413793106,0.020931250000000002,0.02091875,0.020953232758620693,0.021010775862068967,0.021011637931034485,0.021010775862068967,0.021010560344827588]},"cell_dimension":{"value":0.0464,"unit":"cm2"},"sweep_direction":{"unit":"","value":"Forward"},"key":"FORWARD 143 24H MeO AN 150' 30MIN_ 20230327"},{"sample_area":{"value":0.0464,"unit":"cm2"},"irradiance":{"value":1,"unit":""},"pre_sweep_delay":{"value":1,"unit":""},"bias_direction":{"value":0,"unit":""},"max_reverse_bias":{"value":-0.2,"unit":""},"max_forward_bias":{"value":1.3,"unit":""},"num_sweep_points":{"value":31,"unit":""},"dwell_time":{"value":0,"unit":""},"current_limit":{"value":100,"unit":""},"pviv_10a_i_amp":{"value":0,"unit":""},"average":{"value":1,"unit":""},"dark_current":{"value":0,"unit":""},"rshunt_v_lo":{"value":-0.2,"unit":""},"rshunt_v_hi":{"value":0.2,"unit":""},"voc":{"value":1.07057002,"unit":"V"},"isc":{"value":0.00097635,"unit":"A"},"jsc":{"value":21.04212719,"unit":"mA\/cm2"},"imax":{"value":0.00088716,"unit":"A"},"vmax":{"value":0.87508497,"unit":"V"},"pmax":{"value":0.77634046,"unit":"mW"},"fill_factor":{"value":74.2728,"unit":"%"},"efficiency":{"value":16.7315,"unit":"%"},"r_at_voc":{"value":102.130545,"unit":""},"r_at_isc":{"value":51436.384,"unit":""},"power":{"value":0.00095451,"unit":"W"},"rshunt":{"value":"NaN","unit":"ohm"},"cell_temp_start":{"value":"NaN","unit":""},"cell_temp_end":{"value":"NaN","unit":""},"exposure":{"value":3.732,"unit":""},"time":{"value":"21:14:58","unit":""},"date":{"value":"03\/27\/2023","unit":""},"V":{"value":[1.3,1.25,1.2,1.15,1.1,1.05,1,0.95,0.9,0.85,0.8,0.75,0.7,0.65,0.6,0.55,0.5,0.45,0.4,0.35,0.3,0.25,0.2,0.15,0.1,0.05,0,-0.05,-0.1,-0.15,-0.2],"unit":"V"},"I":{"value":[-0.00367532,-0.00262974,-0.00171471,-0.00094129,-0.00028816,0.00020141,0.000536,0.00074966,0.00085676,0.00090851,0.00093338,0.00094402,0.00095092,0.00095557,0.00095859,0.00096154,0.00096465,0.00096604,0.00096797,0.00096909,0.00097105,0.00097143,0.00097184,0.00097346,0.00097471,0.00097469,0.00097629,0.00097746,0.00097899,0.00097953,0.00097975],"unit":"A"},"J":{"unit":"A\/cm2","value":[-0.07920948275862069,-0.05667543103448277,-0.036954956896551726,-0.020286422413793106,-0.006210344827586207,0.0043407327586206905,0.011551724137931036,0.01615646551724138,0.018464655172413795,0.019579956896551724,0.02011594827586207,0.020345258620689654,0.02049396551724138,0.02059418103448276,0.020659267241379314,0.02072284482758621,0.020789870689655172,0.020819827586206898,0.020861422413793105,0.020885560344827588,0.020927801724137933,0.020935991379310348,0.020944827586206898,0.020979741379310347,0.02100668103448276,0.02100625,0.02104073275862069,0.021065948275862074,0.021098922413793103,0.021110560344827587,0.02111530172413793]},"cell_dimension":{"value":0.0464,"unit":"cm2"},"sweep_direction":{"unit":"","value":"Forward"},"key":"FORWARD 142 24H MeO AN 150' 30MIN_ 20230327"},{"sample_area":{"value":0.0464,"unit":"cm2"},"irradiance":{"value":1,"unit":""},"pre_sweep_delay":{"value":1,"unit":""},"bias_direction":{"value":0,"unit":""},"max_reverse_bias":{"value":-0.2,"unit":""},"max_forward_bias":{"value":1.3,"unit":""},"num_sweep_points":{"value":31,"unit":""},"dwell_time":{"value":0,"unit":""},"current_limit":{"value":100,"unit":""},"pviv_10a_i_amp":{"value":0,"unit":""},"average":{"value":1,"unit":""},"dark_current":{"value":0,"unit":""},"rshunt_v_lo":{"value":-0.2,"unit":""},"rshunt_v_hi":{"value":0.2,"unit":""},"voc":{"value":1.07151038,"unit":"V"},"isc":{"value":0.00098111,"unit":"A"},"jsc":{"value":21.14464332,"unit":"mA\/cm2"},"imax":{"value":0.00087853,"unit":"A"},"vmax":{"value":0.88003933,"unit":"V"},"pmax":{"value":0.77313913,"unit":"mW"},"fill_factor":{"value":73.5433,"unit":"%"},"efficiency":{"value":16.6625,"unit":"%"},"r_at_voc":{"value":93.584537,"unit":""},"r_at_isc":{"value":38068.211,"unit":""},"power":{"value":0.00095747,"unit":"W"},"rshunt":{"value":"NaN","unit":"ohm"},"cell_temp_start":{"value":"NaN","unit":""},"cell_temp_end":{"value":"NaN","unit":""},"exposure":{"value":3.735,"unit":""},"time":{"value":"21:14:39","unit":""},"date":{"value":"03\/27\/2023","unit":""},"V":{"value":[1.3,1.25,1.2,1.15,1.1,1.05,1,0.95,0.9,0.85,0.8,0.75,0.7,0.65,0.6,0.55,0.5,0.45,0.4,0.35,0.3,0.25,0.2,0.15,0.1,0.05,0,-0.05,-0.1,-0.15,-0.2],"unit":"V"},"I":{"value":[-0.00454647,-0.00312399,-0.0019459,-0.00100377,-0.00030443,0.00022985,0.00056492,0.00075801,0.00085545,0.00090304,0.00092765,0.00093864,0.00094721,0.00095213,0.00095699,0.00096085,0.00096407,0.00096736,0.00096888,0.00097045,0.00097229,0.00097432,0.00097634,0.00097736,0.00097878,0.00097958,0.00098136,0.00098471,0.00098321,0.00098383,0.000986],"unit":"A"},"J":{"unit":"A\/cm2","value":[-0.09798426724137932,-0.06732737068965518,-0.0419375,-0.021632974137931034,-0.006560991379310346,0.004953663793103449,0.012175000000000002,0.016336422413793107,0.018436422413793105,0.01946206896551724,0.019992456896551727,0.020229310344827587,0.020414008620689657,0.02052004310344828,0.02062478448275862,0.020707974137931035,0.020777370689655173,0.020848275862068968,0.02088103448275862,0.020914870689655172,0.020954525862068966,0.020998275862068965,0.021041810344827588,0.02106379310344828,0.02109439655172414,0.021111637931034485,0.02115,0.02122219827586207,0.021189870689655173,0.02120323275862069,0.021249999999999998]},"cell_dimension":{"value":0.0464,"unit":"cm2"},"sweep_direction":{"unit":"","value":"Forward"},"key":"FORWARD 141 24H MeO AN 150' 30MIN_ 20230327"},{"sample_area":{"value":0.0464,"unit":"cm2"},"irradiance":{"value":1,"unit":""},"pre_sweep_delay":{"value":1,"unit":""},"bias_direction":{"value":0,"unit":""},"max_reverse_bias":{"value":-0.2,"unit":""},"max_forward_bias":{"value":1.3,"unit":""},"num_sweep_points":{"value":31,"unit":""},"dwell_time":{"value":0,"unit":""},"current_limit":{"value":100,"unit":""},"pviv_10a_i_amp":{"value":0,"unit":""},"average":{"value":1,"unit":""},"dark_current":{"value":0,"unit":""},"rshunt_v_lo":{"value":-0.2,"unit":""},"rshunt_v_hi":{"value":0.2,"unit":""},"voc":{"value":1.07106315,"unit":"V"},"isc":{"value":0.00099809,"unit":"A"},"jsc":{"value":21.51048533,"unit":"mA\/cm2"},"imax":{"value":0.00089358,"unit":"A"},"vmax":{"value":0.89336032,"unit":"V"},"pmax":{"value":0.79828618,"unit":"mW"},"fill_factor":{"value":74.675,"unit":"%"},"efficiency":{"value":17.2044,"unit":"%"},"r_at_voc":{"value":85.400349,"unit":""},"r_at_isc":{"value":37975.531,"unit":""},"power":{"value":0.0009784,"unit":"W"},"rshunt":{"value":"NaN","unit":"ohm"},"cell_temp_start":{"value":"NaN","unit":""},"cell_temp_end":{"value":"NaN","unit":""},"exposure":{"value":3.725,"unit":""},"time":{"value":"21:13:28","unit":""},"date":{"value":"03\/27\/2023","unit":""},"V":{"value":[1.3,1.25,1.2,1.15,1.1,1.05,1,0.95,0.9,0.85,0.8,0.75,0.7,0.65,0.6,0.55,0.5,0.45,0.4,0.35,0.3,0.25,0.2,0.15,0.1,0.05,0,-0.05,-0.1,-0.15,-0.2],"unit":"V"},"I":{"value":[-0.00503404,-0.00349888,-0.00220599,-0.00114441,-0.00033884,0.00024664,0.00060709,0.00079511,0.00088652,0.00092434,0.0009444,0.00095564,0.00096522,0.00096991,0.00097303,0.00097621,0.00098041,0.0009816,0.00098488,0.00098779,0.00098977,0.00099097,0.00099282,0.00099422,0.0009966,0.00099707,0.00099808,0.00099959,0.00100095,0.00100098,0.00100342],"unit":"A"},"J":{"unit":"A\/cm2","value":[-0.10849224137931035,-0.07540689655172414,-0.04754288793103449,-0.024664008620689657,-0.007302586206896552,0.005315517241379311,0.013083836206896553,0.017135991379310347,0.019106034482758622,0.019921120689655174,0.02035344827586207,0.020595689655172417,0.020802155172413794,0.02090323275862069,0.020970474137931037,0.021039008620689657,0.021129525862068965,0.021155172413793104,0.02122586206896552,0.021288577586206895,0.021331250000000003,0.021357112068965522,0.02139698275862069,0.021427155172413795,0.02147844827586207,0.0214885775862069,0.02151034482758621,0.021542887931034486,0.02157219827586207,0.02157284482758621,0.02162543103448276]},"cell_dimension":{"value":0.0464,"unit":"cm2"},"sweep_direction":{"unit":"","value":"Forward"},"key":"FORWARD 134 24H MeO AN 150' 30MIN_ 20230327"},{"sample_area":{"value":0.0464,"unit":"cm2"},"irradiance":{"value":1,"unit":""},"pre_sweep_delay":{"value":1,"unit":""},"bias_direction":{"value":0,"unit":""},"max_reverse_bias":{"value":-0.2,"unit":""},"max_forward_bias":{"value":1.3,"unit":""},"num_sweep_points":{"value":31,"unit":""},"dwell_time":{"value":0,"unit":""},"current_limit":{"value":100,"unit":""},"pviv_10a_i_amp":{"value":0,"unit":""},"average":{"value":1,"unit":""},"dark_current":{"value":0,"unit":""},"rshunt_v_lo":{"value":-0.2,"unit":""},"rshunt_v_hi":{"value":0.2,"unit":""},"voc":{"value":1.07925736,"unit":"V"},"isc":{"value":0.0009883,"unit":"A"},"jsc":{"value":21.29959757,"unit":"mA\/cm2"},"imax":{"value":0.00088793,"unit":"A"},"vmax":{"value":0.89281412,"unit":"V"},"pmax":{"value":0.79275591,"unit":"mW"},"fill_factor":{"value":74.3233,"unit":"%"},"efficiency":{"value":17.0853,"unit":"%"},"r_at_voc":{"value":100.165835,"unit":""},"r_at_isc":{"value":36177.784,"unit":""},"power":{"value":0.00097311,"unit":"W"},"rshunt":{"value":"NaN","unit":"ohm"},"cell_temp_start":{"value":"NaN","unit":""},"cell_temp_end":{"value":"NaN","unit":""},"exposure":{"value":3.736,"unit":""},"time":{"value":"21:13:16","unit":""},"date":{"value":"03\/27\/2023","unit":""},"V":{"value":[1.3,1.25,1.2,1.15,1.1,1.05,1,0.95,0.9,0.85,0.8,0.75,0.7,0.65,0.6,0.55,0.5,0.45,0.4,0.35,0.3,0.25,0.2,0.15,0.1,0.05,0,-0.05,-0.1,-0.15,-0.2],"unit":"V"},"I":{"value":[-0.00404615,-0.00283792,-0.00178872,-0.0009122,-0.00020708,0.00029209,0.0006149,0.00079315,0.00088032,0.00091815,0.00093609,0.0009474,0.0009546,0.00095994,0.00096438,0.00096743,0.000972,0.00097423,0.00097543,0.00097797,0.00098004,0.00098086,0.00098256,0.00098481,0.00098621,0.00098609,0.00098831,0.00098984,0.0009918,0.00099219,0.0009934],"unit":"A"},"J":{"unit":"A\/cm2","value":[-0.08720150862068966,-0.06116206896551724,-0.03855,-0.01965948275862069,-0.004462931034482759,0.006295043103448276,0.013252155172413795,0.01709375,0.018972413793103448,0.01978771551724138,0.020174353448275863,0.020418103448275864,0.020573275862068967,0.02068836206896552,0.02078405172413793,0.020849784482758624,0.020948275862068967,0.020996336206896553,0.02102219827586207,0.021076939655172416,0.021121551724137932,0.021139224137931036,0.021175862068965517,0.021224353448275866,0.021254525862068965,0.021251939655172417,0.021299784482758623,0.02133275862068966,0.021375,0.021383405172413796,0.02140948275862069]},"cell_dimension":{"value":0.0464,"unit":"cm2"},"sweep_direction":{"unit":"","value":"Forward"},"key":"FORWARD 133 24H MeO AN 150' 30MIN_ 20230327"},{"sample_area":{"value":0.0464,"unit":"cm2"},"irradiance":{"value":1,"unit":""},"pre_sweep_delay":{"value":1,"unit":""},"bias_direction":{"value":0,"unit":""},"max_reverse_bias":{"value":-0.2,"unit":""},"max_forward_bias":{"value":1.3,"unit":""},"num_sweep_points":{"value":31,"unit":""},"dwell_time":{"value":0,"unit":""},"current_limit":{"value":100,"unit":""},"pviv_10a_i_amp":{"value":0,"unit":""},"average":{"value":1,"unit":""},"dark_current":{"value":0,"unit":""},"rshunt_v_lo":{"value":-0.2,"unit":""},"rshunt_v_hi":{"value":0.2,"unit":""},"voc":{"value":1.06295849,"unit":"V"},"isc":{"value":0.00099581,"unit":"A"},"jsc":{"value":21.46133211,"unit":"mA\/cm2"},"imax":{"value":0.00090639,"unit":"A"},"vmax":{"value":0.87139133,"unit":"V"},"pmax":{"value":0.78981932,"unit":"mW"},"fill_factor":{"value":74.6168,"unit":"%"},"efficiency":{"value":17.022,"unit":"%"},"r_at_voc":{"value":95.790248,"unit":""},"r_at_isc":{"value":47586.046,"unit":""},"power":{"value":0.0009664,"unit":"W"},"rshunt":{"value":"NaN","unit":"ohm"},"cell_temp_start":{"value":"NaN","unit":""},"cell_temp_end":{"value":"NaN","unit":""},"exposure":{"value":3.729,"unit":""},"time":{"value":"21:12:34","unit":""},"date":{"value":"03\/27\/2023","unit":""},"V":{"value":[1.3,1.25,1.2,1.15,1.1,1.05,1,0.95,0.9,0.85,0.8,0.75,0.7,0.65,0.6,0.55,0.5,0.45,0.4,0.35,0.3,0.25,0.2,0.15,0.1,0.05,0,-0.05,-0.1,-0.15,-0.2],"unit":"V"},"I":{"value":[-0.00368872,-0.00269768,-0.00180994,-0.00103442,-0.00038669,0.00013528,0.00050768,0.00073977,0.00086785,0.00092486,0.00094843,0.00096069,0.00096915,0.0009731,0.00097685,0.00098089,0.00098358,0.00098416,0.00098712,0.00098844,0.00098882,0.00098953,0.00099138,0.0009931,0.0009946,0.00099446,0.00099686,0.00099978,0.00099753,0.00099759,0.00099867],"unit":"A"},"J":{"unit":"A\/cm2","value":[-0.07949827586206897,-0.0581396551724138,-0.0390073275862069,-0.022293534482758625,-0.008333836206896553,0.0029155172413793105,0.010941379310344829,0.01594331896551724,0.01870366379310345,0.0199323275862069,0.02044030172413793,0.020704525862068966,0.020886853448275865,0.02097198275862069,0.021052801724137933,0.021139870689655175,0.02119784482758621,0.021210344827586207,0.021274137931034484,0.02130258620689655,0.02131077586206897,0.021326077586206898,0.021365948275862072,0.021403017241379312,0.02143534482758621,0.021432327586206897,0.021484051724137934,0.021546982758620693,0.021498491379310345,0.021499784482758622,0.021523060344827587]},"cell_dimension":{"value":0.0464,"unit":"cm2"},"sweep_direction":{"unit":"","value":"Forward"},"key":"FORWARD 132 24H MeO AN 150' 30MIN_ 20230327"},{"sample_area":{"value":0.0464,"unit":"cm2"},"irradiance":{"value":1,"unit":""},"pre_sweep_delay":{"value":1,"unit":""},"bias_direction":{"value":0,"unit":""},"max_reverse_bias":{"value":-0.2,"unit":""},"max_forward_bias":{"value":1.3,"unit":""},"num_sweep_points":{"value":31,"unit":""},"dwell_time":{"value":0,"unit":""},"current_limit":{"value":100,"unit":""},"pviv_10a_i_amp":{"value":0,"unit":""},"average":{"value":1,"unit":""},"dark_current":{"value":0,"unit":""},"rshunt_v_lo":{"value":-0.2,"unit":""},"rshunt_v_hi":{"value":0.2,"unit":""},"voc":{"value":1.06960247,"unit":"V"},"isc":{"value":0.00099611,"unit":"A"},"jsc":{"value":21.46788274,"unit":"mA\/cm2"},"imax":{"value":0.00088991,"unit":"A"},"vmax":{"value":0.88989995,"unit":"V"},"pmax":{"value":0.79193519,"unit":"mW"},"fill_factor":{"value":74.3293,"unit":"%"},"efficiency":{"value":17.0676,"unit":"%"},"r_at_voc":{"value":84.887381,"unit":""},"r_at_isc":{"value":42995.454,"unit":""},"power":{"value":0.0009736,"unit":"W"},"rshunt":{"value":"NaN","unit":"ohm"},"cell_temp_start":{"value":"NaN","unit":""},"cell_temp_end":{"value":"NaN","unit":""},"exposure":{"value":3.731,"unit":""},"time":{"value":"21:12:11","unit":""},"date":{"value":"03\/27\/2023","unit":""},"V":{"value":[1.3,1.25,1.2,1.15,1.1,1.05,1,0.95,0.9,0.85,0.8,0.75,0.7,0.65,0.6,0.55,0.5,0.45,0.4,0.35,0.3,0.25,0.2,0.15,0.1,0.05,0,-0.05,-0.1,-0.15,-0.2],"unit":"V"},"I":{"value":[-0.0047289,-0.00332391,-0.0021201,-0.00112115,-0.00035809,0.00023092,0.0005799,0.00077978,0.00087882,0.00091912,0.00094119,0.00095296,0.00096199,0.0009681,0.00097083,0.00097714,0.00098042,0.00098198,0.00098385,0.00098622,0.00098916,0.0009897,0.00099076,0.00099346,0.00099429,0.0009941,0.00099492,0.00100069,0.00099905,0.00099885,0.00099942],"unit":"A"},"J":{"unit":"A\/cm2","value":[-0.10191594827586208,-0.07163599137931034,-0.045691810344827596,-0.024162715517241383,-0.0077174568965517245,0.004976724137931035,0.012497844827586207,0.016805603448275863,0.018940086206896554,0.019808620689655176,0.02028426724137931,0.02053793103448276,0.020732543103448277,0.020864224137931035,0.020923060344827587,0.021059051724137932,0.021129741379310348,0.021163362068965515,0.021203663793103452,0.021254741379310344,0.021318103448275862,0.021329741379310346,0.021352586206896555,0.021410775862068968,0.02142866379310345,0.02142456896551724,0.021442241379310348,0.02156659482758621,0.021531250000000002,0.021526939655172415,0.021539224137931037]},"cell_dimension":{"value":0.0464,"unit":"cm2"},"sweep_direction":{"unit":"","value":"Forward"},"key":"FORWARD 131 24H MeO AN 150' 30MIN_ 20230327"}]}}