{"_id":"65365d699d8aa506476d210a","id":"JBNU-SC-00228","author":98,"group":10,"input":[{"tco":{"unit":"","value":"ITO"}},{"htl":[{"material":{"unit":"","value":"NiO_Sputter"},"concentration":{"unit":"","value":"None"},"conc_unit":{"unit":"","value":"None"},"quantity":{"unit":"ml","value":"None"}}],"solvent":[{"material":{"unit":"","value":"None"},"volume":{"unit":"ml","value":"None"}},{"material":{"unit":"","value":"None"},"volume":{"unit":"ml","value":"None"}}],"htl_doping":[{"material":{"unit":"","value":"None"},"volume":{"unit":"ul","value":"None"}}],"spin_coating":[{"type":{"unit":"","value":"None"},"rpm":{"unit":"","value":"None"},"time":{"unit":"s","value":"None"}}],"vacuum_suction":[{"unit":"s","value":"None"}],"annealing":[{"temperature":{"unit":"oC","value":"300"},"time":{"unit":"m","value":"30"}}],"module":[{"type":{"unit":"","value":"None"},"gap":{"unit":"um","value":"None"},"coating_speed":{"unit":"mm\/s","value":"None"},"feeding_amount":{"unit":"ul","value":"None"}}],"thermal_evaporation":[{"vacuum_evaporation_thickness":{"unit":"nm","value":"None"},"evaporation_rate":{"unit":"\u00c5\/s","value":"None"},"vacuum_pressure":{"unit":"uTorr","value":"None"}}]},{"htl_treatment":[{"material":{"unit":"","value":"MeO-2PACz"},"concentration":{"unit":"","value":"1"},"conc_unit":{"unit":"","value":"mg\/ml"},"quantity":{"unit":"ml","value":"1"}},{"material":{"unit":"","value":"Me-4PACz"},"concentration":{"unit":"","value":"1"},"conc_unit":{"unit":"","value":"mg\/ml"},"quantity":{"unit":"ml","value":"0"}}],"solvent":[{"material":{"unit":"","value":"Ethanol"},"volume":{"unit":"ml","value":"1"}},{"material":{"unit":"","value":"None"},"volume":{"unit":"ml","value":"None"}},{"material":{"unit":"","value":"Ethanol"},"volume":{"unit":"ml","value":"1"}},{"material":{"unit":"","value":"None"},"volume":{"unit":"ml","value":"None"}}],"spin_coating":[{"type":{"unit":"","value":"drop&run"},"rpm":{"unit":"","value":"3000"},"time":{"unit":"s","value":"50"}}],"vacuum_suction":[{"unit":"s","value":"10"}],"annealing":[{"temperature":{"unit":"oC","value":"None"},"time":{"unit":"m","value":"None"}}],"module":[{"type":{"unit":"","value":"None"},"gap":{"unit":"um","value":"None"},"coating_speed":{"unit":"mm\/s","value":"None"},"feeding_amount":{"unit":"ul","value":"None"}}],"thermal_evaporation":[{"vacuum_evaporation_thickness":{"unit":"nm","value":"None"},"evaporation_rate":{"unit":"\u00c5\/s","value":"None"},"vacuum_pressure":{"unit":"uTorr","value":"None"}}]},{"perovskite":{"method":{"unit":"","value":"1-step"},"molarity":{"unit":"M","value":"1.45"},"a_site":[{"material":{"unit":"","value":"Cs"},"ratio":{"unit":"","value":"0.175"}},{"material":{"unit":"","value":"FA"},"ratio":{"unit":"","value":"0.825"}}],"b_site":[{"material":{"unit":"","value":"Pb"},"ratio":{"unit":"","value":"1"}},{"material":{"unit":"","value":"None"},"ratio":{"unit":"","value":"0"}}],"x_site":[{"material":{"unit":"","value":"I"},"ratio":{"unit":"","value":"2.55"}},{"material":{"unit":"","value":"Br"},"ratio":{"unit":"","value":"0.45"}}],"solvent":[{"material":{"unit":"","value":"DMF"},"volume":{"unit":"ml","value":"0.72"}},{"material":{"unit":"","value":"DMSO"},"volume":{"unit":"ml","value":"0.18"}}],"additive":[{"material":{"unit":"","value":"None"},"solvent":{"unit":"","value":"None"},"concentration":{"unit":"","value":"None"},"conc_unit":{"unit":"","value":"None"},"quantity":{"unit":"mol%","value":"None"}}],"stirring_time":[{"unit":"m","value":"120"}],"antisolvent":[{"material":{"unit":"","value":"None"},"quantity":{"unit":"ul","value":"None"},"dripping_time":{"unit":"s","value":"None"}}],"spin_coating":[{"type":{"unit":"","value":"drop&run"},"rpm":{"unit":"","value":"4000"},"time":{"unit":"s","value":"10"}}],"vacuum_suction":[{"unit":"s","value":"60"}],"annealing":[{"temperature":{"unit":"oC","value":"100"},"time":{"unit":"m","value":"30"}}],"atmosphere":[{"type":{"unit":"","value":"N2"},"temperature":{"unit":"oC","value":"28"},"humidity":{"unit":"RH%","value":"0"}}],"assist":[{"type":{"unit":"","value":"None"},"temperature":{"unit":"oC","value":"None"},"assist_start_time":{"value":null,"unit":"s"},"total_assist_time":{"value":"None","unit":"s"}}],"module":[{"type":{"unit":"","value":"None"},"gap":{"unit":"um","value":"None"},"coating_speed":{"unit":"mm\/s","value":"None"},"feeding_amount":{"unit":"ul","value":"None"}}],"thermal_evaporation":[{"vacuum_evaporation_thickness":{"unit":"nm","value":"None"},"evaporation_rate":{"unit":"\u00c5\/s","value":"None"},"vacuum_pressure":{"unit":"uTorr","value":"None"}}]}},{"perovskite_treatment":[{"material":{"unit":"","value":"None"},"concentration":{"unit":"","value":"None"},"conc_unit":{"unit":"","value":"None"},"quantity":{"unit":"ml","value":"None"}}],"solvent":[{"material":{"unit":"","value":"None"},"volume":{"unit":"ml","value":"None"}},{"material":{"unit":"","value":"None"},"volume":{"unit":"ml","value":"None"}}],"spin_coating":[{"type":{"unit":"","value":"None"},"rpm":{"unit":"","value":"None"},"time":{"unit":"s","value":"None"}}],"vacuum_suction":[{"unit":"s","value":"None"}],"annealing":[{"temperature":{"unit":"oC","value":"None"},"time":{"unit":"m","value":"None"}}],"module":[{"type":{"unit":"","value":"None"},"gap":{"unit":"um","value":"None"},"coating_speed":{"unit":"mm\/s","value":"None"},"feeding_amount":{"unit":"ul","value":"None"}}],"thermal_evaporation":[{"vacuum_evaporation_thickness":{"unit":"nm","value":"None"},"evaporation_rate":{"unit":"\u00c5\/s","value":"None"},"vacuum_pressure":{"unit":"uTorr","value":"None"}}]},{"etl":[{"material":{"unit":"","value":"C60"},"concentration":{"unit":"","value":"None"},"conc_unit":{"unit":"","value":"None"},"quantity":{"unit":"ml","value":"None"}}],"solvent":[{"material":{"unit":"","value":"None"},"volume":{"unit":"ml","value":"None"}},{"material":{"unit":"","value":"None"},"volume":{"unit":"ml","value":"None"}}],"spin_coating":[{"type":{"unit":"","value":"None"},"rpm":{"unit":"","value":"None"},"time":{"unit":"s","value":"None"}}],"vacuum_suction":[{"unit":"s","value":"None"}],"annealing":[{"temperature":{"unit":"oC","value":"None"},"time":{"unit":"m","value":"None"}}],"etl_doping":[{"material":{"unit":"","value":"None"},"volume":{"unit":"ul","value":"None"}}],"module":[{"type":{"unit":"","value":"None"},"gap":{"unit":"um","value":"None"},"coating_speed":{"unit":"mm\/s","value":"None"},"feeding_amount":{"unit":"ul","value":"None"}}],"thermal_evaporation":[{"vacuum_evaporation_thickness":{"unit":"nm","value":"30"},"evaporation_rate":{"unit":"\u00c5\/s","value":"0.6"},"vacuum_pressure":{"unit":"uTorr","value":"2x10-6"}}]},{"blocking_buffer_layer":[{"material":{"unit":"","value":"BCP"},"concentration":{"unit":"","value":"None"},"conc_unit":{"unit":"","value":"None"},"quantity":{"unit":"ml","value":"None"}}],"solvent":[{"material":{"unit":"","value":"None"},"volume":{"unit":"ml","value":"None"}},{"material":{"unit":"","value":"None"},"volume":{"unit":"ml","value":"None"}}],"spin_coating":[{"type":{"unit":"","value":"None"},"rpm":{"unit":"","value":"None"},"time":{"unit":"s","value":"None"}}],"vacuum_suction":[{"unit":"s","value":"0"}],"annealing":[{"temperature":{"unit":"oC","value":"None"},"time":{"unit":"m","value":"None"}}],"module":[{"type":{"unit":"","value":"None"},"gap":{"unit":"um","value":"None"},"coating_speed":{"unit":"mm\/s","value":"None"},"feeding_amount":{"unit":"ul","value":"None"}}],"thermal_evaporation":[{"vacuum_evaporation_thickness":{"unit":"nm","value":"6"},"evaporation_rate":{"unit":"\u00c5\/s","value":"0.6"},"vacuum_pressure":{"unit":"uTorr","value":"2x10-6"}}]},{"anode_metal":{"unit":"","value":"Ag"}},{"note":{"unit":"","value":"-"},"ar":{"unit":"","value":"0"},"type":{"unit":"","value":"unit_cell"},"device_type":{"unit":"","value":"p-i-n"},"temperature":{"unit":"\u2103","value":"25"},"humidity":{"unit":"%","value":"40"},"cell_dimension":{"unit":"cm2","value":"0.0464"}}],"fileinfo":[{"key":"forward 31 MeO-Me 1-0_20230528","uploadType":"JV","original_name":"forward 31 MeO-Me 1-0_20230528-123553.txt","save_name":"JBNU-SC-00228\/forward 31 MeO-Me 1-0_20230528","uploader":98,"fileType":""},{"key":"forward 32 MeO-Me 1-0_20230528","uploadType":"JV","original_name":"forward 32 MeO-Me 1-0_20230528-123611.txt","save_name":"JBNU-SC-00228\/forward 32 MeO-Me 1-0_20230528","uploader":98,"fileType":""},{"key":"forward 33 MeO-Me 1-0_20230528","uploadType":"JV","original_name":"forward 33 MeO-Me 1-0_20230528-123623.txt","save_name":"JBNU-SC-00228\/forward 33 MeO-Me 1-0_20230528","uploader":98,"fileType":""},{"key":"forward 34 MeO-Me 1-0_20230528","uploadType":"JV","original_name":"forward 34 MeO-Me 1-0_20230528-123644.txt","save_name":"JBNU-SC-00228\/forward 34 MeO-Me 1-0_20230528","uploader":98,"fileType":""},{"key":"forward 41 MeO-Me 1-0_20230528","uploadType":"JV","original_name":"forward 41 MeO-Me 1-0_20230528-123738.txt","save_name":"JBNU-SC-00228\/forward 41 MeO-Me 1-0_20230528","uploader":98,"fileType":""},{"key":"forward 42 MeO-Me 1-0_20230528","uploadType":"JV","original_name":"forward 42 MeO-Me 1-0_20230528-123758.txt","save_name":"JBNU-SC-00228\/forward 42 MeO-Me 1-0_20230528","uploader":98,"fileType":""},{"key":"forward 43 MeO-Me 1-0_20230528","uploadType":"JV","original_name":"forward 43 MeO-Me 1-0_20230528-123820.txt","save_name":"JBNU-SC-00228\/forward 43 MeO-Me 1-0_20230528","uploader":98,"fileType":""},{"key":"forward 44 MeO-Me 1-0_20230528","uploadType":"JV","original_name":"forward 44 MeO-Me 1-0_20230528-123838.txt","save_name":"JBNU-SC-00228\/forward 44 MeO-Me 1-0_20230528","uploader":98,"fileType":""}],"jvcnt":8,"updated_at":"2024-08-07 02:33:50","created_at":"2023-10-23 11:47:53","analysisInfo":{"JV":[{"efficiency":20.8092,"fill_factor":77.6688,"jsc":23.70212813,"voc":1.13037072,"key":"forward 44 MeO-Me 1-0_20230528","cell_dimension":0.0464},{"efficiency":20.742,"fill_factor":77.6263,"jsc":23.6199761,"voc":1.13126043,"key":"forward 43 MeO-Me 1-0_20230528","cell_dimension":0.0464},{"efficiency":21.0099,"fill_factor":78.5042,"jsc":23.65558582,"voc":1.13135119,"key":"forward 42 MeO-Me 1-0_20230528","cell_dimension":0.0464},{"efficiency":21.4713,"fill_factor":78.8573,"jsc":23.95110756,"voc":1.13681759,"key":"forward 41 MeO-Me 1-0_20230528","cell_dimension":0.0464},{"efficiency":19.9409,"fill_factor":76.8059,"jsc":23.06923609,"voc":1.125429,"key":"forward 34 MeO-Me 1-0_20230528","cell_dimension":0.0464},{"efficiency":20.1978,"fill_factor":76.6181,"jsc":23.19733386,"voc":1.13641084,"key":"forward 33 MeO-Me 1-0_20230528","cell_dimension":0.0464},{"efficiency":20.1039,"fill_factor":76.0571,"jsc":23.28044632,"voc":1.13540031,"key":"forward 32 MeO-Me 1-0_20230528","cell_dimension":0.0464},{"efficiency":19.7839,"fill_factor":74.9637,"jsc":23.25494044,"voc":1.1348701,"key":"forward 31 MeO-Me 1-0_20230528","cell_dimension":0.0464}]},"public":2,"analysis":{"JV":[{"sample_area":{"value":0.0464,"unit":"cm2"},"irradiance":{"value":1,"unit":""},"pre_sweep_delay":{"value":1,"unit":""},"bias_direction":{"value":0,"unit":""},"max_reverse_bias":{"value":-0.2,"unit":""},"max_forward_bias":{"value":1.3,"unit":""},"num_sweep_points":{"value":31,"unit":""},"dwell_time":{"value":0,"unit":""},"current_limit":{"value":100,"unit":""},"pviv_10a_i_amp":{"value":0,"unit":""},"average":{"value":1,"unit":""},"dark_current":{"value":0,"unit":""},"rshunt_v_lo":{"value":-0.2,"unit":""},"rshunt_v_hi":{"value":0.2,"unit":""},"voc":{"value":1.13037072,"unit":"V"},"isc":{"value":0.00109978,"unit":"A"},"jsc":{"value":23.70212813,"unit":"mA\/cm2"},"imax":{"value":0.00101689,"unit":"A"},"vmax":{"value":0.94951055,"unit":"V"},"pmax":{"value":0.96554505,"unit":"mW"},"fill_factor":{"value":77.6688,"unit":"%"},"efficiency":{"value":20.8092,"unit":"%"},"r_at_voc":{"value":93.893575,"unit":""},"r_at_isc":{"value":58872.642,"unit":""},"power":{"value":0.00114951,"unit":"W"},"rshunt":{"value":"NaN","unit":"ohm"},"cell_temp_start":{"value":"NaN","unit":""},"cell_temp_end":{"value":"NaN","unit":""},"exposure":{"value":3.858,"unit":""},"time":{"value":"12:38:38","unit":""},"date":{"value":"05\/28\/2023","unit":""},"V":{"value":[1.3,1.25,1.2,1.15,1.1,1.05,1,0.95,0.9,0.85,0.8,0.75,0.7,0.65,0.6,0.55,0.5,0.45,0.4,0.35,0.3,0.25,0.2,0.15,0.1,0.05,0,-0.05,-0.1,-0.15,-0.2],"unit":"V"},"I":{"value":[-0.0026679,-0.00171632,-0.00091171,-0.00020906,0.00032346,0.00069354,0.00091687,0.00101636,0.00104995,0.00106812,0.00107373,0.00107906,0.00108231,0.00108332,0.00108575,0.00108774,0.0010889,0.00108956,0.00109241,0.00109243,0.00109504,0.00109533,0.00109553,0.00109654,0.00109858,0.00109971,0.00109905,0.00110289,0.00110106,0.00110248,0.00110204],"unit":"A"},"J":{"unit":"A\/cm2","value":[-0.05749784482758621,-0.036989655172413795,-0.019648922413793107,-0.004505603448275862,0.006971120689655173,0.01494698275862069,0.019760129310344828,0.021904310344827586,0.022628232758620692,0.0230198275862069,0.02314073275862069,0.023255603448275864,0.023325646551724137,0.023347413793103452,0.02339978448275862,0.023442672413793105,0.023467672413793106,0.02348189655172414,0.023543318965517243,0.02354375,0.023600000000000003,0.023606250000000002,0.023610560344827586,0.023632327586206897,0.02367629310344828,0.02370064655172414,0.023686422413793106,0.02376918103448276,0.02372974137931035,0.02376034482758621,0.023750862068965522]},"cell_dimension":{"value":0.0464,"unit":"cm2"},"sweep_direction":{"unit":"","value":"Forward"},"key":"forward 44 MeO-Me 1-0_20230528"},{"sample_area":{"value":0.0464,"unit":"cm2"},"irradiance":{"value":1,"unit":""},"pre_sweep_delay":{"value":1,"unit":""},"bias_direction":{"value":0,"unit":""},"max_reverse_bias":{"value":-0.2,"unit":""},"max_forward_bias":{"value":1.3,"unit":""},"num_sweep_points":{"value":31,"unit":""},"dwell_time":{"value":0,"unit":""},"current_limit":{"value":100,"unit":""},"pviv_10a_i_amp":{"value":0,"unit":""},"average":{"value":1,"unit":""},"dark_current":{"value":0,"unit":""},"rshunt_v_lo":{"value":-0.2,"unit":""},"rshunt_v_hi":{"value":0.2,"unit":""},"voc":{"value":1.13126043,"unit":"V"},"isc":{"value":0.00109597,"unit":"A"},"jsc":{"value":23.6199761,"unit":"mA\/cm2"},"imax":{"value":0.00101934,"unit":"A"},"vmax":{"value":0.94416849,"unit":"V"},"pmax":{"value":0.96242893,"unit":"mW"},"fill_factor":{"value":77.6263,"unit":"%"},"efficiency":{"value":20.742,"unit":"%"},"r_at_voc":{"value":97.692389,"unit":""},"r_at_isc":{"value":56743.15,"unit":""},"power":{"value":0.00114492,"unit":"W"},"rshunt":{"value":"NaN","unit":"ohm"},"cell_temp_start":{"value":"NaN","unit":""},"cell_temp_end":{"value":"NaN","unit":""},"exposure":{"value":3.851,"unit":""},"time":{"value":"12:38:20","unit":""},"date":{"value":"05\/28\/2023","unit":""},"V":{"value":[1.3,1.25,1.2,1.15,1.1,1.05,1,0.95,0.9,0.85,0.8,0.75,0.7,0.65,0.6,0.55,0.5,0.45,0.4,0.35,0.3,0.25,0.2,0.15,0.1,0.05,0,-0.05,-0.1,-0.15,-0.2],"unit":"V"},"I":{"value":[-0.00246294,-0.00159515,-0.00085343,-0.00019182,0.00031999,0.00069056,0.00090765,0.00101263,0.00104993,0.00106422,0.00107013,0.00107338,0.00107584,0.00107894,0.00108022,0.00108246,0.00108392,0.00108626,0.00108857,0.00108927,0.00109088,0.00109052,0.00109319,0.00109172,0.00109441,0.00109578,0.00109592,0.00110005,0.001097,0.00109862,0.00109787],"unit":"A"},"J":{"unit":"A\/cm2","value":[-0.053080603448275865,-0.034378232758620696,-0.018392887931034482,-0.004134051724137931,0.006896336206896551,0.014882758620689657,0.019561422413793106,0.021823922413793106,0.02262780172413793,0.022935775862068967,0.02306314655172414,0.023133189655172418,0.023186206896551726,0.023253017241379313,0.023280603448275865,0.023328879310344827,0.023360344827586206,0.023410775862068967,0.02346056034482759,0.02347564655172414,0.02351034482758621,0.023502586206896554,0.02356012931034483,0.02352844827586207,0.023586422413793107,0.02361594827586207,0.02361896551724138,0.023707974137931034,0.02364224137931035,0.023677155172413797,0.023660991379310346]},"cell_dimension":{"value":0.0464,"unit":"cm2"},"sweep_direction":{"unit":"","value":"Forward"},"key":"forward 43 MeO-Me 1-0_20230528"},{"sample_area":{"value":0.0464,"unit":"cm2"},"irradiance":{"value":1,"unit":""},"pre_sweep_delay":{"value":1,"unit":""},"bias_direction":{"value":0,"unit":""},"max_reverse_bias":{"value":-0.2,"unit":""},"max_forward_bias":{"value":1.3,"unit":""},"num_sweep_points":{"value":31,"unit":""},"dwell_time":{"value":0,"unit":""},"current_limit":{"value":100,"unit":""},"pviv_10a_i_amp":{"value":0,"unit":""},"average":{"value":1,"unit":""},"dark_current":{"value":0,"unit":""},"rshunt_v_lo":{"value":-0.2,"unit":""},"rshunt_v_hi":{"value":0.2,"unit":""},"voc":{"value":1.13135119,"unit":"V"},"isc":{"value":0.00109762,"unit":"A"},"jsc":{"value":23.65558582,"unit":"mA\/cm2"},"imax":{"value":0.00102265,"unit":"A"},"vmax":{"value":0.95326544,"unit":"V"},"pmax":{"value":0.97485906,"unit":"mW"},"fill_factor":{"value":78.5042,"unit":"%"},"efficiency":{"value":21.0099,"unit":"%"},"r_at_voc":{"value":92.828601,"unit":""},"r_at_isc":{"value":46464.476,"unit":""},"power":{"value":0.00114935,"unit":"W"},"rshunt":{"value":"NaN","unit":"ohm"},"cell_temp_start":{"value":"NaN","unit":""},"cell_temp_end":{"value":"NaN","unit":""},"exposure":{"value":3.851,"unit":""},"time":{"value":"12:37:58","unit":""},"date":{"value":"05\/28\/2023","unit":""},"V":{"value":[1.3,1.25,1.2,1.15,1.1,1.05,1,0.95,0.9,0.85,0.8,0.75,0.7,0.65,0.6,0.55,0.5,0.45,0.4,0.35,0.3,0.25,0.2,0.15,0.1,0.05,0,-0.05,-0.1,-0.15,-0.2],"unit":"V"},"I":{"value":[-0.00260407,-0.00167771,-0.00089214,-0.0002009,0.00033773,0.00070917,0.00092784,0.001026,0.00105244,0.00106403,0.00107217,0.00107442,0.00107786,0.00107964,0.00108294,0.00108346,0.00108552,0.00108666,0.00108906,0.00109073,0.00109205,0.00109155,0.0010931,0.00109343,0.00109618,0.0010953,0.00109755,0.00110163,0.00109961,0.00110032,0.00110125],"unit":"A"},"J":{"unit":"A\/cm2","value":[-0.056122198275862074,-0.03615754310344828,-0.019227155172413794,-0.004329741379310345,0.007278663793103449,0.015283836206896552,0.01999655172413793,0.022112068965517245,0.02268189655172414,0.022931681034482763,0.023107112068965516,0.023155603448275865,0.023229741379310345,0.023268103448275863,0.023339224137931033,0.023350431034482762,0.0233948275862069,0.023419396551724137,0.023471120689655175,0.02350711206896552,0.023535560344827587,0.02352478448275862,0.023558189655172417,0.023565301724137934,0.02362456896551724,0.023605603448275864,0.023654094827586212,0.023742025862068965,0.023698491379310346,0.023713793103448275,0.023733836206896553]},"cell_dimension":{"value":0.0464,"unit":"cm2"},"sweep_direction":{"unit":"","value":"Forward"},"key":"forward 42 MeO-Me 1-0_20230528"},{"sample_area":{"value":0.0464,"unit":"cm2"},"irradiance":{"value":1,"unit":""},"pre_sweep_delay":{"value":1,"unit":""},"bias_direction":{"value":0,"unit":""},"max_reverse_bias":{"value":-0.2,"unit":""},"max_forward_bias":{"value":1.3,"unit":""},"num_sweep_points":{"value":31,"unit":""},"dwell_time":{"value":0,"unit":""},"current_limit":{"value":100,"unit":""},"pviv_10a_i_amp":{"value":0,"unit":""},"average":{"value":1,"unit":""},"dark_current":{"value":0,"unit":""},"rshunt_v_lo":{"value":-0.2,"unit":""},"rshunt_v_hi":{"value":0.2,"unit":""},"voc":{"value":1.13681759,"unit":"V"},"isc":{"value":0.00111133,"unit":"A"},"jsc":{"value":23.95110756,"unit":"mA\/cm2"},"imax":{"value":0.00103628,"unit":"A"},"vmax":{"value":0.96138619,"unit":"V"},"pmax":{"value":0.99626825,"unit":"mW"},"fill_factor":{"value":78.8573,"unit":"%"},"efficiency":{"value":21.4713,"unit":"%"},"r_at_voc":{"value":92.224957,"unit":""},"r_at_isc":{"value":34220.367,"unit":""},"power":{"value":0.00117009,"unit":"W"},"rshunt":{"value":"NaN","unit":"ohm"},"cell_temp_start":{"value":"NaN","unit":""},"cell_temp_end":{"value":"NaN","unit":""},"exposure":{"value":3.836,"unit":""},"time":{"value":"12:37:38","unit":""},"date":{"value":"05\/28\/2023","unit":""},"V":{"value":[1.3,1.25,1.2,1.15,1.1,1.05,1,0.95,0.9,0.85,0.8,0.75,0.7,0.65,0.6,0.55,0.5,0.45,0.4,0.35,0.3,0.25,0.2,0.15,0.1,0.05,0,-0.05,-0.1,-0.15,-0.2],"unit":"V"},"I":{"value":[-0.00285472,-0.00177462,-0.00090084,-0.00014294,0.00039922,0.00077243,0.00096638,0.0010468,0.00106722,0.0010761,0.00108334,0.00108685,0.00108968,0.00109127,0.00109319,0.00109459,0.00109579,0.0010978,0.00110065,0.00110198,0.00110342,0.00110261,0.00110679,0.00110561,0.00110752,0.00110895,0.00111231,0.00111679,0.00111353,0.0011143,0.00111675],"unit":"A"},"J":{"unit":"A\/cm2","value":[-0.061524137931034485,-0.038246120689655175,-0.019414655172413794,-0.0030806034482758625,0.008603879310344828,0.016647198275862068,0.020827155172413795,0.02256034482758621,0.023000431034482762,0.023191810344827587,0.023347844827586207,0.023423491379310348,0.02348448275862069,0.023518750000000005,0.02356012931034483,0.023590301724137935,0.023616163793103447,0.02365948275862069,0.023720905172413792,0.023749568965517245,0.02378060344827586,0.023763146551724137,0.023853232758620693,0.023827801724137933,0.023868965517241384,0.02389978448275862,0.023972198275862073,0.024068750000000003,0.023998491379310344,0.024015086206896553,0.024067887931034482]},"cell_dimension":{"value":0.0464,"unit":"cm2"},"sweep_direction":{"unit":"","value":"Forward"},"key":"forward 41 MeO-Me 1-0_20230528"},{"sample_area":{"value":0.0464,"unit":"cm2"},"irradiance":{"value":1,"unit":""},"pre_sweep_delay":{"value":1,"unit":""},"bias_direction":{"value":0,"unit":""},"max_reverse_bias":{"value":-0.2,"unit":""},"max_forward_bias":{"value":1.3,"unit":""},"num_sweep_points":{"value":31,"unit":""},"dwell_time":{"value":0,"unit":""},"current_limit":{"value":100,"unit":""},"pviv_10a_i_amp":{"value":0,"unit":""},"average":{"value":1,"unit":""},"dark_current":{"value":0,"unit":""},"rshunt_v_lo":{"value":-0.2,"unit":""},"rshunt_v_hi":{"value":0.2,"unit":""},"voc":{"value":1.125429,"unit":"V"},"isc":{"value":0.00107041,"unit":"A"},"jsc":{"value":23.06923609,"unit":"mA\/cm2"},"imax":{"value":0.0009906,"unit":"A"},"vmax":{"value":0.93403689,"unit":"V"},"pmax":{"value":0.92526006,"unit":"mW"},"fill_factor":{"value":76.8059,"unit":"%"},"efficiency":{"value":19.9409,"unit":"%"},"r_at_voc":{"value":95.993261,"unit":""},"r_at_isc":{"value":76229.02,"unit":""},"power":{"value":0.00111202,"unit":"W"},"rshunt":{"value":"NaN","unit":"ohm"},"cell_temp_start":{"value":"NaN","unit":""},"cell_temp_end":{"value":"NaN","unit":""},"exposure":{"value":3.853,"unit":""},"time":{"value":"12:36:44","unit":""},"date":{"value":"05\/28\/2023","unit":""},"V":{"value":[1.3,1.25,1.2,1.15,1.1,1.05,1,0.95,0.9,0.85,0.8,0.75,0.7,0.65,0.6,0.55,0.5,0.45,0.4,0.35,0.3,0.25,0.2,0.15,0.1,0.05,0,-0.05,-0.1,-0.15,-0.2],"unit":"V"},"I":{"value":[-0.00258732,-0.0016858,-0.00092401,-0.00025597,0.0002649,0.00063799,0.00086785,0.00097112,0.00101729,0.00103447,0.00104496,0.00104963,0.00105193,0.00105511,0.00105649,0.00105892,0.00106179,0.00106207,0.00106253,0.00106377,0.00106617,0.00106542,0.00106845,0.00106848,0.00107034,0.00107103,0.00106962,0.00107259,0.00107083,0.00107193,0.00107247],"unit":"A"},"J":{"unit":"A\/cm2","value":[-0.05576120689655173,-0.03633189655172414,-0.019914008620689656,-0.0055165948275862076,0.005709051724137931,0.01374978448275862,0.01870366379310345,0.020929310344827586,0.02192435344827586,0.02229461206896552,0.022520689655172413,0.02262133620689655,0.022670905172413793,0.022739439655172413,0.02276918103448276,0.022821551724137936,0.022883405172413794,0.022889439655172417,0.02289935344827586,0.022926077586206895,0.022977801724137933,0.022961637931034486,0.023026939655172416,0.02302758620689655,0.023067672413793105,0.023082543103448275,0.023052155172413796,0.02311616379310345,0.02307823275862069,0.023101939655172415,0.0231135775862069]},"cell_dimension":{"value":0.0464,"unit":"cm2"},"sweep_direction":{"unit":"","value":"Forward"},"key":"forward 34 MeO-Me 1-0_20230528"},{"sample_area":{"value":0.0464,"unit":"cm2"},"irradiance":{"value":1,"unit":""},"pre_sweep_delay":{"value":1,"unit":""},"bias_direction":{"value":0,"unit":""},"max_reverse_bias":{"value":-0.2,"unit":""},"max_forward_bias":{"value":1.3,"unit":""},"num_sweep_points":{"value":31,"unit":""},"dwell_time":{"value":0,"unit":""},"current_limit":{"value":100,"unit":""},"pviv_10a_i_amp":{"value":0,"unit":""},"average":{"value":1,"unit":""},"dark_current":{"value":0,"unit":""},"rshunt_v_lo":{"value":-0.2,"unit":""},"rshunt_v_hi":{"value":0.2,"unit":""},"voc":{"value":1.13641084,"unit":"V"},"isc":{"value":0.00107636,"unit":"A"},"jsc":{"value":23.19733386,"unit":"mA\/cm2"},"imax":{"value":0.00100366,"unit":"A"},"vmax":{"value":0.93376116,"unit":"V"},"pmax":{"value":0.93717979,"unit":"mW"},"fill_factor":{"value":76.6181,"unit":"%"},"efficiency":{"value":20.1978,"unit":"%"},"r_at_voc":{"value":111.090226,"unit":""},"r_at_isc":{"value":60981.018,"unit":""},"power":{"value":0.00112403,"unit":"W"},"rshunt":{"value":"NaN","unit":"ohm"},"cell_temp_start":{"value":"NaN","unit":""},"cell_temp_end":{"value":"NaN","unit":""},"exposure":{"value":3.853,"unit":""},"time":{"value":"12:36:23","unit":""},"date":{"value":"05\/28\/2023","unit":""},"V":{"value":[1.3,1.25,1.2,1.15,1.1,1.05,1,0.95,0.9,0.85,0.8,0.75,0.7,0.65,0.6,0.55,0.5,0.45,0.4,0.35,0.3,0.25,0.2,0.15,0.1,0.05,0,-0.05,-0.1,-0.15,-0.2],"unit":"V"},"I":{"value":[-0.00203036,-0.00130424,-0.00068164,-0.00012233,0.00032776,0.00065714,0.00087272,0.00098331,0.00102999,0.00104531,0.00104995,0.00105609,0.00105907,0.00106146,0.00106381,0.00106575,0.00106615,0.0010674,0.00106964,0.00107083,0.00107031,0.00107186,0.00107368,0.001075,0.00107445,0.00107518,0.00107678,0.00107806,0.00107832,0.00107958,0.00107769],"unit":"A"},"J":{"unit":"A\/cm2","value":[-0.04375775862068966,-0.028108620689655174,-0.01469051724137931,-0.0026364224137931038,0.0070637931034482765,0.0141625,0.018808620689655175,0.021192025862068968,0.022198060344827585,0.022528232758620693,0.022628232758620692,0.022760560344827586,0.022824784482758622,0.022876293103448277,0.022926939655172417,0.022968750000000003,0.022977370689655177,0.02300431034482759,0.023052586206896552,0.02307823275862069,0.02306702586206897,0.02310043103448276,0.023139655172413797,0.023168103448275863,0.023156250000000003,0.02317198275862069,0.02320646551724138,0.023234051724137932,0.023239655172413796,0.023266810344827586,0.0232260775862069]},"cell_dimension":{"value":0.0464,"unit":"cm2"},"sweep_direction":{"unit":"","value":"Forward"},"key":"forward 33 MeO-Me 1-0_20230528"},{"sample_area":{"value":0.0464,"unit":"cm2"},"irradiance":{"value":1,"unit":""},"pre_sweep_delay":{"value":1,"unit":""},"bias_direction":{"value":0,"unit":""},"max_reverse_bias":{"value":-0.2,"unit":""},"max_forward_bias":{"value":1.3,"unit":""},"num_sweep_points":{"value":31,"unit":""},"dwell_time":{"value":0,"unit":""},"current_limit":{"value":100,"unit":""},"pviv_10a_i_amp":{"value":0,"unit":""},"average":{"value":1,"unit":""},"dark_current":{"value":0,"unit":""},"rshunt_v_lo":{"value":-0.2,"unit":""},"rshunt_v_hi":{"value":0.2,"unit":""},"voc":{"value":1.13540031,"unit":"V"},"isc":{"value":0.00108021,"unit":"A"},"jsc":{"value":23.28044632,"unit":"mA\/cm2"},"imax":{"value":0.00100925,"unit":"A"},"vmax":{"value":0.92426661,"unit":"V"},"pmax":{"value":0.93282011,"unit":"mW"},"fill_factor":{"value":76.0571,"unit":"%"},"efficiency":{"value":20.1039,"unit":"%"},"r_at_voc":{"value":123.304197,"unit":""},"r_at_isc":{"value":62880.139,"unit":""},"power":{"value":0.00112164,"unit":"W"},"rshunt":{"value":"NaN","unit":"ohm"},"cell_temp_start":{"value":"NaN","unit":""},"cell_temp_end":{"value":"NaN","unit":""},"exposure":{"value":4.023,"unit":""},"time":{"value":"12:36:11","unit":""},"date":{"value":"05\/28\/2023","unit":""},"V":{"value":[1.3,1.25,1.2,1.15,1.1,1.05,1,0.95,0.9,0.85,0.8,0.75,0.7,0.65,0.6,0.55,0.5,0.45,0.4,0.35,0.3,0.25,0.2,0.15,0.1,0.05,0,-0.05,-0.1,-0.15,-0.2],"unit":"V"},"I":{"value":[-0.00158241,-0.00103766,-0.00055164,-0.0001184,0.0002871,0.00060697,0.00084158,0.00097312,0.00103009,0.00104951,0.00105748,0.00106154,0.00106415,0.00106654,0.00106956,0.00107083,0.00107195,0.00107247,0.0010738,0.00107416,0.00107635,0.00107632,0.00107646,0.00107646,0.00107918,0.00107906,0.00108013,0.00108286,0.00108031,0.00108318,0.00108329],"unit":"A"},"J":{"unit":"A\/cm2","value":[-0.03410366379310345,-0.02236336206896552,-0.011888793103448278,-0.0025517241379310347,0.0061875,0.01308125,0.0181375,0.02097241379310345,0.02220021551724138,0.022618750000000003,0.022790517241379312,0.02287801724137931,0.022934267241379314,0.022985775862068965,0.02305086206896552,0.02307823275862069,0.02310237068965517,0.0231135775862069,0.023142241379310344,0.02315,0.02319719827586207,0.023196551724137933,0.023199568965517243,0.023199568965517243,0.023258189655172415,0.023255603448275864,0.02327866379310345,0.0233375,0.023282543103448277,0.02334439655172414,0.023346767241379313]},"cell_dimension":{"value":0.0464,"unit":"cm2"},"sweep_direction":{"unit":"","value":"Forward"},"key":"forward 32 MeO-Me 1-0_20230528"},{"sample_area":{"value":0.0464,"unit":"cm2"},"irradiance":{"value":1,"unit":""},"pre_sweep_delay":{"value":1,"unit":""},"bias_direction":{"value":0,"unit":""},"max_reverse_bias":{"value":-0.2,"unit":""},"max_forward_bias":{"value":1.3,"unit":""},"num_sweep_points":{"value":31,"unit":""},"dwell_time":{"value":0,"unit":""},"current_limit":{"value":100,"unit":""},"pviv_10a_i_amp":{"value":0,"unit":""},"average":{"value":1,"unit":""},"dark_current":{"value":0,"unit":""},"rshunt_v_lo":{"value":-0.2,"unit":""},"rshunt_v_hi":{"value":0.2,"unit":""},"voc":{"value":1.1348701,"unit":"V"},"isc":{"value":0.00107903,"unit":"A"},"jsc":{"value":23.25494044,"unit":"mA\/cm2"},"imax":{"value":0.00099653,"unit":"A"},"vmax":{"value":0.92116638,"unit":"V"},"pmax":{"value":0.91797377,"unit":"mW"},"fill_factor":{"value":74.9637,"unit":"%"},"efficiency":{"value":19.7839,"unit":"%"},"r_at_voc":{"value":120.062288,"unit":""},"r_at_isc":{"value":48095.421,"unit":""},"power":{"value":0.00111596,"unit":"W"},"rshunt":{"value":"NaN","unit":"ohm"},"cell_temp_start":{"value":"NaN","unit":""},"cell_temp_end":{"value":"NaN","unit":""},"exposure":{"value":4.023,"unit":""},"time":{"value":"12:35:53","unit":""},"date":{"value":"05\/28\/2023","unit":""},"V":{"value":[1.3,1.25,1.2,1.15,1.1,1.05,1,0.95,0.9,0.85,0.8,0.75,0.7,0.65,0.6,0.55,0.5,0.45,0.4,0.35,0.3,0.25,0.2,0.15,0.1,0.05,0,-0.05,-0.1,-0.15,-0.2],"unit":"V"},"I":{"value":[-0.00176471,-0.00112559,-0.00058164,-0.00012602,0.00029043,0.0006052,0.00082958,0.00095688,0.00101584,0.00104073,0.00104958,0.00105437,0.00105816,0.00106092,0.00106522,0.00106551,0.0010679,0.00106894,0.00107126,0.00107085,0.00107169,0.0010729,0.00107552,0.00107728,0.00107769,0.00107742,0.00107869,0.00108217,0.00107999,0.00108248,0.00108206],"unit":"A"},"J":{"unit":"A\/cm2","value":[-0.03803254310344828,-0.024258405172413795,-0.012535344827586208,-0.002715948275862069,0.00625926724137931,0.013043103448275863,0.01787887931034483,0.02062241379310345,0.021893103448275865,0.022429525862068964,0.022620258620689657,0.022723491379310345,0.022805172413793106,0.022864655172413793,0.0229573275862069,0.022963577586206898,0.023015086206896556,0.023037500000000002,0.023087500000000004,0.023078663793103447,0.02309676724137931,0.023122844827586208,0.023179310344827588,0.023217241379310343,0.0232260775862069,0.023220258620689656,0.02324762931034483,0.023322629310344827,0.023275646551724143,0.02332931034482759,0.023320258620689656]},"cell_dimension":{"value":0.0464,"unit":"cm2"},"sweep_direction":{"unit":"","value":"Forward"},"key":"forward 31 MeO-Me 1-0_20230528"}]}}