{"_id":"655ac34b857d8d0bb714ed48","id":"JBNU-SC-00326","author":98,"group":10,"input":[{"tco":{"unit":"","value":"ITO"}},{"htl":[{"material":{"unit":"","value":"NiO_Sputter"},"concentration":{"unit":"","value":"None"},"conc_unit":{"unit":"","value":"None"},"quantity":{"unit":"ml","value":"None"}}],"solvent":[{"material":{"unit":"","value":"None"},"volume":{"unit":"ml","value":"None"}},{"material":{"unit":"","value":"None"},"volume":{"unit":"ml","value":"None"}}],"htl_doping":[{"material":{"unit":"","value":"None"},"volume":{"unit":"ul","value":"None"}}],"spin_coating":[{"type":{"unit":"","value":"None"},"rpm":{"unit":"","value":"None"},"time":{"unit":"s","value":"None"}}],"vacuum_suction":[{"unit":"s","value":"None"}],"annealing":[{"temperature":{"unit":"oC","value":"300"},"time":{"unit":"m","value":"30"}}],"module":[{"type":{"unit":"","value":"None"},"gap":{"unit":"um","value":"None"},"coating_speed":{"unit":"mm\/s","value":"None"},"feeding_amount":{"unit":"ul","value":"None"}}],"thermal_evaporation":[{"vacuum_evaporation_thickness":{"unit":"nm","value":"None"},"evaporation_rate":{"unit":"\u00c5\/s","value":"None"},"vacuum_pressure":{"unit":"uTorr","value":"None"}}]},{"htl_treatment":[{"material":{"unit":"","value":"MeO-2PACz"},"concentration":{"unit":"","value":"0.33"},"conc_unit":{"unit":"","value":"mg\/ml"},"quantity":{"unit":"ml","value":"1"}}],"solvent":[{"material":{"unit":"","value":"Ethanol"},"volume":{"unit":"ml","value":"1"}},{"material":{"unit":"","value":"None"},"volume":{"unit":"ml","value":"None"}}],"spin_coating":[{"type":{"unit":"","value":"drop&run"},"rpm":{"unit":"","value":"3000"},"time":{"unit":"s","value":"50"}}],"vacuum_suction":[{"unit":"s","value":"None"}],"annealing":[{"temperature":{"unit":"oC","value":"None"},"time":{"unit":"m","value":"None"}}],"module":[{"type":{"unit":"","value":"None"},"gap":{"unit":"um","value":"None"},"coating_speed":{"unit":"mm\/s","value":"None"},"feeding_amount":{"unit":"ul","value":"None"}}],"thermal_evaporation":[{"vacuum_evaporation_thickness":{"unit":"nm","value":"None"},"evaporation_rate":{"unit":"\u00c5\/s","value":"None"},"vacuum_pressure":{"unit":"uTorr","value":"None"}}]},{"perovskite":{"method":{"unit":"","value":"1-step"},"molarity":{"unit":"M","value":"1.45"},"a_site":[{"material":{"unit":"","value":"Cs"},"ratio":{"unit":"","value":"0.175"}},{"material":{"unit":"","value":"FA"},"ratio":{"unit":"","value":"0.825"}}],"b_site":[{"material":{"unit":"","value":"Pb"},"ratio":{"unit":"","value":"1"}},{"material":{"unit":"","value":"None"},"ratio":{"unit":"","value":"0"}}],"x_site":[{"material":{"unit":"","value":"I"},"ratio":{"unit":"","value":"2.55"}},{"material":{"unit":"","value":"Br"},"ratio":{"unit":"","value":"0.45"}}],"solvent":[{"material":{"unit":"","value":"DMF"},"volume":{"unit":"ml","value":"0.8"}},{"material":{"unit":"","value":"DMSO"},"volume":{"unit":"ml","value":"0.2"}}],"additive":[{"material":{"unit":"","value":"None"},"solvent":{"unit":"","value":"None"},"concentration":{"unit":"","value":"None"},"conc_unit":{"unit":"","value":"None"},"quantity":{"unit":"mol%","value":"None"}}],"stirring_time":[{"unit":"m","value":"120"}],"antisolvent":[{"material":{"unit":"","value":"None"},"quantity":{"unit":"ul","value":"None"},"dripping_time":{"unit":"s","value":"None"}}],"spin_coating":[{"type":{"unit":"","value":"drop&run"},"rpm":{"unit":"","value":"4000"},"time":{"unit":"s","value":"10"}}],"vacuum_suction":[{"unit":"s","value":"60"}],"annealing":[{"temperature":{"unit":"oC","value":"100"},"time":{"unit":"m","value":"30"}}],"atmosphere":[{"type":{"unit":"","value":"N2"},"temperature":{"unit":"oC","value":"28"},"humidity":{"unit":"RH%","value":"0"}}],"assist":[{"type":{"unit":"","value":"None"},"temperature":{"unit":"oC","value":"None"},"assist_start_time":{"value":null,"unit":"s"},"total_assist_time":{"value":"None","unit":"s"}}],"module":[{"type":{"unit":"","value":"None"},"gap":{"unit":"um","value":"None"},"coating_speed":{"unit":"mm\/s","value":"None"},"feeding_amount":{"unit":"ul","value":"None"}}],"thermal_evaporation":[{"vacuum_evaporation_thickness":{"unit":"nm","value":"None"},"evaporation_rate":{"unit":"\u00c5\/s","value":"None"},"vacuum_pressure":{"unit":"uTorr","value":"None"}}]}},{"perovskite_treatment":[{"material":{"unit":"","value":"OA"},"concentration":{"unit":"","value":"None"},"conc_unit":{"unit":"","value":"None"},"quantity":{"unit":"ml","value":"0.1"}}],"solvent":[{"material":{"unit":"","value":"None"},"volume":{"unit":"ml","value":"None"}},{"material":{"unit":"","value":"None"},"volume":{"unit":"ml","value":"None"}}],"spin_coating":[{"type":{"unit":"","value":"None"},"rpm":{"unit":"","value":"None"},"time":{"unit":"s","value":"None"}}],"vacuum_suction":[{"unit":"s","value":"None"}],"annealing":[{"temperature":{"unit":"oC","value":"100"},"time":{"unit":"m","value":"1"}}],"module":[{"type":{"unit":"","value":"None"},"gap":{"unit":"um","value":"None"},"coating_speed":{"unit":"mm\/s","value":"None"},"feeding_amount":{"unit":"ul","value":"None"}}],"thermal_evaporation":[{"vacuum_evaporation_thickness":{"unit":"nm","value":"None"},"evaporation_rate":{"unit":"\u00c5\/s","value":"None"},"vacuum_pressure":{"unit":"uTorr","value":"None"}}]},{"etl":[{"material":{"unit":"","value":"C60"},"concentration":{"unit":"","value":"None"},"conc_unit":{"unit":"","value":"None"},"quantity":{"unit":"ml","value":"None"}}],"solvent":[{"material":{"unit":"","value":"None"},"volume":{"unit":"ml","value":"None"}},{"material":{"unit":"","value":"None"},"volume":{"unit":"ml","value":"None"}}],"spin_coating":[{"type":{"unit":"","value":"None"},"rpm":{"unit":"","value":"None"},"time":{"unit":"s","value":"None"}}],"vacuum_suction":[{"unit":"s","value":"None"}],"annealing":[{"temperature":{"unit":"oC","value":"None"},"time":{"unit":"m","value":"None"}}],"etl_doping":[{"material":{"unit":"","value":"None"},"volume":{"unit":"ul","value":"None"}}],"module":[{"type":{"unit":"","value":"None"},"gap":{"unit":"um","value":"None"},"coating_speed":{"unit":"mm\/s","value":"None"},"feeding_amount":{"unit":"ul","value":"None"}}],"thermal_evaporation":[{"vacuum_evaporation_thickness":{"unit":"nm","value":"30"},"evaporation_rate":{"unit":"\u00c5\/s","value":"0.6"},"vacuum_pressure":{"unit":"uTorr","value":"2x10-6"}}]},{"blocking_buffer_layer":[{"material":{"unit":"","value":"BCP"},"concentration":{"unit":"","value":"None"},"conc_unit":{"unit":"","value":"None"},"quantity":{"unit":"ml","value":"None"}}],"solvent":[{"material":{"unit":"","value":"None"},"volume":{"unit":"ml","value":"None"}},{"material":{"unit":"","value":"None"},"volume":{"unit":"ml","value":"None"}}],"spin_coating":[{"type":{"unit":"","value":"None"},"rpm":{"unit":"","value":"None"},"time":{"unit":"s","value":"None"}}],"vacuum_suction":[{"unit":"s","value":"0"}],"annealing":[{"temperature":{"unit":"oC","value":"None"},"time":{"unit":"m","value":"None"}}],"module":[{"type":{"unit":"","value":"None"},"gap":{"unit":"um","value":"None"},"coating_speed":{"unit":"mm\/s","value":"None"},"feeding_amount":{"unit":"ul","value":"None"}}],"thermal_evaporation":[{"vacuum_evaporation_thickness":{"unit":"nm","value":"6"},"evaporation_rate":{"unit":"\u00c5\/s","value":"0.6"},"vacuum_pressure":{"unit":"uTorr","value":"2x10-6"}}]},{"anode_metal":{"unit":"","value":"Ag"}},{"note":{"unit":"","value":"-"},"ar":{"unit":"","value":"0"},"type":{"unit":"","value":"unit_cell"},"device_type":{"unit":"","value":"p-i-n"},"temperature":{"unit":"\u2103","value":"25"},"humidity":{"unit":"%","value":"40"},"cell_dimension":{"unit":"cm2","value":"0.0464"}}],"fileinfo":[{"key":"Forward 53 OA_100_60S_34H_20230727","uploadType":"JV","original_name":"Forward 53 OA_100_60S_34H_20230727-103508.txt","save_name":"JBNU-SC-00326\/Forward 53 OA_100_60S_34H_20230727","uploader":98,"fileType":""},{"key":"Forward 54 OA_100_60S_34H_20230727","uploadType":"JV","original_name":"Forward 54 OA_100_60S_34H_20230727-103549.txt","save_name":"JBNU-SC-00326\/Forward 54 OA_100_60S_34H_20230727","uploader":98,"fileType":""},{"key":"Forward 61 OA_100_60S_34H_20230727","uploadType":"JV","original_name":"Forward 61 OA_100_60S_34H_20230727-103638.txt","save_name":"JBNU-SC-00326\/Forward 61 OA_100_60S_34H_20230727","uploader":98,"fileType":""},{"key":"Forward 62 OA_100_60S_34H_20230727","uploadType":"JV","original_name":"Forward 62 OA_100_60S_34H_20230727-103702.txt","save_name":"JBNU-SC-00326\/Forward 62 OA_100_60S_34H_20230727","uploader":98,"fileType":""},{"key":"Forward 63 OA_100_60S_34H_20230727","uploadType":"JV","original_name":"Forward 63 OA_100_60S_34H_20230727-103730.txt","save_name":"JBNU-SC-00326\/Forward 63 OA_100_60S_34H_20230727","uploader":98,"fileType":""},{"key":"Forward 64 OA_100_60S_34H_20230727","uploadType":"JV","original_name":"Forward 64 OA_100_60S_34H_20230727-103817.txt","save_name":"JBNU-SC-00326\/Forward 64 OA_100_60S_34H_20230727","uploader":98,"fileType":""},{"key":"Forward 51 OA_100_60S_34H_20230727","uploadType":"JV","original_name":"Forward 51 OA_100_60S_34H_20230727-103403.txt","save_name":"JBNU-SC-00326\/Forward 51 OA_100_60S_34H_20230727","uploader":98,"fileType":""},{"key":"Forward 52 OA_100_60S_34H_20230727","uploadType":"JV","original_name":"Forward 52 OA_100_60S_34H_20230727-103434.txt","save_name":"JBNU-SC-00326\/Forward 52 OA_100_60S_34H_20230727","uploader":98,"fileType":""}],"jvcnt":8,"updated_at":"2024-08-07 02:33:50","created_at":"2023-11-20 02:24:11","analysisInfo":{"JV":[{"efficiency":17.1169,"fill_factor":75.5135,"jsc":20.31859485,"voc":1.11559814,"key":"Forward 64 OA_100_60S_34H_20230727","cell_dimension":0.0464},{"efficiency":19.2311,"fill_factor":80.0642,"jsc":21.40207014,"voc":1.12230073,"key":"Forward 63 OA_100_60S_34H_20230727","cell_dimension":0.0464},{"efficiency":19.3364,"fill_factor":79.9714,"jsc":21.46977541,"voc":1.12619298,"key":"Forward 62 OA_100_60S_34H_20230727","cell_dimension":0.0464},{"efficiency":19.1014,"fill_factor":78.9705,"jsc":21.47079665,"voc":1.12655434,"key":"Forward 61 OA_100_60S_34H_20230727","cell_dimension":0.0464},{"efficiency":17.1321,"fill_factor":70.6561,"jsc":21.58836223,"voc":1.12315854,"key":"Forward 54 OA_100_60S_34H_20230727","cell_dimension":0.0464},{"efficiency":17.3865,"fill_factor":69.8257,"jsc":22.08837794,"voc":1.12728398,"key":"Forward 53 OA_100_60S_34H_20230727","cell_dimension":0.0464},{"efficiency":16.988,"fill_factor":67.371,"jsc":22.29359071,"voc":1.13106751,"key":"Forward 52 OA_100_60S_34H_20230727","cell_dimension":0.0464},{"efficiency":18.0265,"fill_factor":69.6052,"jsc":22.59091752,"voc":1.1464002,"key":"Forward 51 OA_100_60S_34H_20230727","cell_dimension":0.0464}]},"public":2,"analysis":{"JV":[{"sample_area":{"value":0.0464,"unit":"cm2"},"irradiance":{"value":1,"unit":""},"pre_sweep_delay":{"value":1,"unit":""},"bias_direction":{"value":0,"unit":""},"max_reverse_bias":{"value":-0.2,"unit":""},"max_forward_bias":{"value":1.3,"unit":""},"num_sweep_points":{"value":31,"unit":""},"dwell_time":{"value":0,"unit":""},"current_limit":{"value":100,"unit":""},"pviv_10a_i_amp":{"value":0,"unit":""},"average":{"value":1,"unit":""},"dark_current":{"value":0,"unit":""},"rshunt_v_lo":{"value":-0.2,"unit":""},"rshunt_v_hi":{"value":0.2,"unit":""},"voc":{"value":1.11559814,"unit":"V"},"isc":{"value":0.00094278,"unit":"A"},"jsc":{"value":20.31859485,"unit":"mA\/cm2"},"imax":{"value":0.00083419,"unit":"A"},"vmax":{"value":0.95209063,"unit":"V"},"pmax":{"value":0.7942259,"unit":"mW"},"fill_factor":{"value":75.5135,"unit":"%"},"efficiency":{"value":17.1169,"unit":"%"},"r_at_voc":{"value":70.143709,"unit":""},"r_at_isc":{"value":18667.158,"unit":""},"power":{"value":0.00096459,"unit":"W"},"rshunt":{"value":"NaN","unit":"ohm"},"cell_temp_start":{"value":"NaN","unit":""},"cell_temp_end":{"value":"NaN","unit":""},"exposure":{"value":3.74,"unit":""},"time":{"value":"10:38:17","unit":""},"date":{"value":"07\/27\/2023","unit":""},"V":{"value":[1.3,1.25,1.2,1.15,1.1,1.05,1,0.95,0.9,0.85,0.8,0.75,0.7,0.65,0.6,0.55,0.5,0.45,0.4,0.35,0.3,0.25,0.2,0.15,0.1,0.05,0,-0.05,-0.1,-0.15,-0.2],"unit":"V"},"I":{"value":[-0.00430217,-0.00280553,-0.0015072,-0.00049045,0.00022237,0.00060583,0.00077674,0.000836,0.00086724,0.00088307,0.00088995,0.00089818,0.00090273,0.00090724,0.00091283,0.00091362,0.00091596,0.000919,0.00092472,0.00092486,0.00092689,0.00092959,0.0009312,0.0009339,0.00093651,0.00093938,0.00094085,0.00095433,0.00094911,0.0009483,0.00095107],"unit":"A"},"J":{"unit":"A\/cm2","value":[-0.09271918103448276,-0.06046400862068966,-0.03248275862068966,-0.010570043103448277,0.004792456896551725,0.01305668103448276,0.016740086206896553,0.018017241379310347,0.018690517241379313,0.01903168103448276,0.019179956896551727,0.0193573275862069,0.019455387931034483,0.019552586206896552,0.01967306034482759,0.01969008620689655,0.01974051724137931,0.01980603448275862,0.019929310344827585,0.0199323275862069,0.019976077586206897,0.02003426724137931,0.02006896551724138,0.020127155172413796,0.020183405172413793,0.020245258620689655,0.020276939655172417,0.020567456896551727,0.020454956896551725,0.0204375,0.02049719827586207]},"cell_dimension":{"value":0.0464,"unit":"cm2"},"sweep_direction":{"unit":"","value":"Forward"},"key":"Forward 64 OA_100_60S_34H_20230727"},{"sample_area":{"value":0.0464,"unit":"cm2"},"irradiance":{"value":1,"unit":""},"pre_sweep_delay":{"value":1,"unit":""},"bias_direction":{"value":0,"unit":""},"max_reverse_bias":{"value":-0.2,"unit":""},"max_forward_bias":{"value":1.3,"unit":""},"num_sweep_points":{"value":31,"unit":""},"dwell_time":{"value":0,"unit":""},"current_limit":{"value":100,"unit":""},"pviv_10a_i_amp":{"value":0,"unit":""},"average":{"value":1,"unit":""},"dark_current":{"value":0,"unit":""},"rshunt_v_lo":{"value":-0.2,"unit":""},"rshunt_v_hi":{"value":0.2,"unit":""},"voc":{"value":1.12230073,"unit":"V"},"isc":{"value":0.00099306,"unit":"A"},"jsc":{"value":21.40207014,"unit":"mA\/cm2"},"imax":{"value":0.00093887,"unit":"A"},"vmax":{"value":0.95042484,"unit":"V"},"pmax":{"value":0.89232115,"unit":"mW"},"fill_factor":{"value":80.0642,"unit":"%"},"efficiency":{"value":19.2311,"unit":"%"},"r_at_voc":{"value":82.848257,"unit":""},"r_at_isc":{"value":33300.437,"unit":""},"power":{"value":0.00103979,"unit":"W"},"rshunt":{"value":"NaN","unit":"ohm"},"cell_temp_start":{"value":"NaN","unit":""},"cell_temp_end":{"value":"NaN","unit":""},"exposure":{"value":3.734,"unit":""},"time":{"value":"10:37:30","unit":""},"date":{"value":"07\/27\/2023","unit":""},"V":{"value":[1.3,1.25,1.2,1.15,1.1,1.05,1,0.95,0.9,0.85,0.8,0.75,0.7,0.65,0.6,0.55,0.5,0.45,0.4,0.35,0.3,0.25,0.2,0.15,0.1,0.05,0,-0.05,-0.1,-0.15,-0.2],"unit":"V"},"I":{"value":[-0.0030285,-0.00200115,-0.00108598,-0.00033434,0.00026918,0.00065118,0.00085327,0.00093928,0.00096557,0.0009697,0.0009772,0.00097816,0.00097693,0.00097788,0.00098271,0.00098371,0.00098079,0.000982,0.00098252,0.00098279,0.00098456,0.00098625,0.00098667,0.00098714,0.00098803,0.00098946,0.0009908,0.00100515,0.00099792,0.00099521,0.00099592],"unit":"A"},"J":{"unit":"A\/cm2","value":[-0.06526939655172415,-0.043128232758620696,-0.023404741379310347,-0.007205603448275862,0.005801293103448276,0.014034051724137932,0.018389439655172417,0.020243103448275863,0.02080969827586207,0.020898706896551725,0.021060344827586206,0.021081034482758623,0.021054525862068966,0.021075,0.021179094827586207,0.021200646551724142,0.021137715517241383,0.021163793103448278,0.021175,0.021180818965517247,0.02121896551724138,0.021255387931034483,0.021264439655172416,0.021274568965517243,0.02129375,0.02132456896551724,0.02135344827586207,0.02166271551724138,0.02150689655172414,0.021448491379310347,0.021463793103448276]},"cell_dimension":{"value":0.0464,"unit":"cm2"},"sweep_direction":{"unit":"","value":"Forward"},"key":"Forward 63 OA_100_60S_34H_20230727"},{"sample_area":{"value":0.0464,"unit":"cm2"},"irradiance":{"value":1,"unit":""},"pre_sweep_delay":{"value":1,"unit":""},"bias_direction":{"value":0,"unit":""},"max_reverse_bias":{"value":-0.2,"unit":""},"max_forward_bias":{"value":1.3,"unit":""},"num_sweep_points":{"value":31,"unit":""},"dwell_time":{"value":0,"unit":""},"current_limit":{"value":100,"unit":""},"pviv_10a_i_amp":{"value":0,"unit":""},"average":{"value":1,"unit":""},"dark_current":{"value":0,"unit":""},"rshunt_v_lo":{"value":-0.2,"unit":""},"rshunt_v_hi":{"value":0.2,"unit":""},"voc":{"value":1.12619298,"unit":"V"},"isc":{"value":0.0009962,"unit":"A"},"jsc":{"value":21.46977541,"unit":"mA\/cm2"},"imax":{"value":0.00093432,"unit":"A"},"vmax":{"value":0.96028279,"unit":"V"},"pmax":{"value":0.89720718,"unit":"mW"},"fill_factor":{"value":79.9714,"unit":"%"},"efficiency":{"value":19.3364,"unit":"%"},"r_at_voc":{"value":80.824383,"unit":""},"r_at_isc":{"value":40084.337,"unit":""},"power":{"value":0.00104717,"unit":"W"},"rshunt":{"value":"NaN","unit":"ohm"},"cell_temp_start":{"value":"NaN","unit":""},"cell_temp_end":{"value":"NaN","unit":""},"exposure":{"value":3.736,"unit":""},"time":{"value":"10:37:02","unit":""},"date":{"value":"07\/27\/2023","unit":""},"V":{"value":[1.3,1.25,1.2,1.15,1.1,1.05,1,0.95,0.9,0.85,0.8,0.75,0.7,0.65,0.6,0.55,0.5,0.45,0.4,0.35,0.3,0.25,0.2,0.15,0.1,0.05,0,-0.05,-0.1,-0.15,-0.2],"unit":"V"},"I":{"value":[-0.00335762,-0.0021504,-0.00110767,-0.00029455,0.00032407,0.00068736,0.00086839,0.00094303,0.00096242,0.00097139,0.00097851,0.00097746,0.00097849,0.00098005,0.00098061,0.00098181,0.00098611,0.00098371,0.00098542,0.00098661,0.00099007,0.00098817,0.0009892,0.00099318,0.00099493,0.00099256,0.00099398,0.00100661,0.00099967,0.00099742,0.00099865],"unit":"A"},"J":{"unit":"A\/cm2","value":[-0.07236250000000001,-0.046344827586206894,-0.02387219827586207,-0.006348060344827586,0.00698426724137931,0.014813793103448278,0.018715301724137934,0.020323922413793105,0.020741810344827586,0.02093512931034483,0.021088577586206896,0.021065948275862074,0.02108814655172414,0.021121767241379315,0.021133836206896555,0.02115969827586207,0.021252370689655173,0.021200646551724142,0.021237500000000003,0.02126314655172414,0.021337715517241382,0.021296767241379314,0.02131896551724138,0.021404741379310345,0.021442456896551724,0.021391379310344828,0.02142198275862069,0.02169418103448276,0.02154461206896552,0.021496120689655174,0.021522629310344828]},"cell_dimension":{"value":0.0464,"unit":"cm2"},"sweep_direction":{"unit":"","value":"Forward"},"key":"Forward 62 OA_100_60S_34H_20230727"},{"sample_area":{"value":0.0464,"unit":"cm2"},"irradiance":{"value":1,"unit":""},"pre_sweep_delay":{"value":1,"unit":""},"bias_direction":{"value":0,"unit":""},"max_reverse_bias":{"value":-0.2,"unit":""},"max_forward_bias":{"value":1.3,"unit":""},"num_sweep_points":{"value":31,"unit":""},"dwell_time":{"value":0,"unit":""},"current_limit":{"value":100,"unit":""},"pviv_10a_i_amp":{"value":0,"unit":""},"average":{"value":1,"unit":""},"dark_current":{"value":0,"unit":""},"rshunt_v_lo":{"value":-0.2,"unit":""},"rshunt_v_hi":{"value":0.2,"unit":""},"voc":{"value":1.12655434,"unit":"V"},"isc":{"value":0.00099624,"unit":"A"},"jsc":{"value":21.47079665,"unit":"mA\/cm2"},"imax":{"value":0.00092549,"unit":"A"},"vmax":{"value":0.9576643,"unit":"V"},"pmax":{"value":0.88630496,"unit":"mW"},"fill_factor":{"value":78.9705,"unit":"%"},"efficiency":{"value":19.1014,"unit":"%"},"r_at_voc":{"value":80.751662,"unit":""},"r_at_isc":{"value":30425.891,"unit":""},"power":{"value":0.00104352,"unit":"W"},"rshunt":{"value":"NaN","unit":"ohm"},"cell_temp_start":{"value":"NaN","unit":""},"cell_temp_end":{"value":"NaN","unit":""},"exposure":{"value":3.736,"unit":""},"time":{"value":"10:36:38","unit":""},"date":{"value":"07\/27\/2023","unit":""},"V":{"value":[1.3,1.25,1.2,1.15,1.1,1.05,1,0.95,0.9,0.85,0.8,0.75,0.7,0.65,0.6,0.55,0.5,0.45,0.4,0.35,0.3,0.25,0.2,0.15,0.1,0.05,0,-0.05,-0.1,-0.15,-0.2],"unit":"V"},"I":{"value":[-0.00348371,-0.00221125,-0.0011278,-0.00029034,0.00032884,0.00068065,0.00085971,0.00093228,0.00095592,0.00096513,0.00097277,0.00097296,0.00097462,0.00097593,0.00098079,0.00097897,0.00098029,0.00098198,0.0009861,0.00098412,0.00098583,0.0009905,0.00098934,0.00099061,0.00099066,0.00099286,0.00099343,0.0010065,0.00100047,0.00099814,0.00100228],"unit":"A"},"J":{"unit":"A\/cm2","value":[-0.07507995689655172,-0.047656250000000004,-0.024306034482758622,-0.006257327586206896,0.007087068965517242,0.014669181034482759,0.01852823275862069,0.020092241379310344,0.020601724137931036,0.020800215517241382,0.020964870689655173,0.02096896551724138,0.021004741379310347,0.021032974137931034,0.021137715517241383,0.021098491379310347,0.021126939655172414,0.021163362068965515,0.021252155172413793,0.021209482758620692,0.021246336206896553,0.02134698275862069,0.02132198275862069,0.021349353448275866,0.02135043103448276,0.021397844827586207,0.02141012931034483,0.02169181034482759,0.021561853448275863,0.021511637931034486,0.021600862068965516]},"cell_dimension":{"value":0.0464,"unit":"cm2"},"sweep_direction":{"unit":"","value":"Forward"},"key":"Forward 61 OA_100_60S_34H_20230727"},{"sample_area":{"value":0.0464,"unit":"cm2"},"irradiance":{"value":1,"unit":""},"pre_sweep_delay":{"value":1,"unit":""},"bias_direction":{"value":0,"unit":""},"max_reverse_bias":{"value":-0.2,"unit":""},"max_forward_bias":{"value":1.3,"unit":""},"num_sweep_points":{"value":31,"unit":""},"dwell_time":{"value":0,"unit":""},"current_limit":{"value":100,"unit":""},"pviv_10a_i_amp":{"value":0,"unit":""},"average":{"value":1,"unit":""},"dark_current":{"value":0,"unit":""},"rshunt_v_lo":{"value":-0.2,"unit":""},"rshunt_v_hi":{"value":0.2,"unit":""},"voc":{"value":1.12315854,"unit":"V"},"isc":{"value":0.0010017,"unit":"A"},"jsc":{"value":21.58836223,"unit":"mA\/cm2"},"imax":{"value":0.00086157,"unit":"A"},"vmax":{"value":0.92265507,"unit":"V"},"pmax":{"value":0.79492933,"unit":"mW"},"fill_factor":{"value":70.6561,"unit":"%"},"efficiency":{"value":17.1321,"unit":"%"},"r_at_voc":{"value":98.517625,"unit":""},"r_at_isc":{"value":19869.957,"unit":""},"power":{"value":0.0010088,"unit":"W"},"rshunt":{"value":"NaN","unit":"ohm"},"cell_temp_start":{"value":"NaN","unit":""},"cell_temp_end":{"value":"NaN","unit":""},"exposure":{"value":3.723,"unit":""},"time":{"value":"10:35:49","unit":""},"date":{"value":"07\/27\/2023","unit":""},"V":{"value":[1.3,1.25,1.2,1.15,1.1,1.05,1,0.95,0.9,0.85,0.8,0.75,0.7,0.65,0.6,0.55,0.5,0.45,0.4,0.35,0.3,0.25,0.2,0.15,0.1,0.05,0,-0.05,-0.1,-0.15,-0.2],"unit":"V"},"I":{"value":[-0.00276214,-0.00179151,-0.0009784,-0.00027245,0.00023507,0.00056461,0.00074884,0.00083057,0.00087942,0.00090368,0.00092496,0.00094066,0.00095287,0.00096063,0.00096511,0.00096799,0.000974,0.00097523,0.00097793,0.0009811,0.0009858,0.00098667,0.00099285,0.00099528,0.0009956,0.00099883,0.00100275,0.00101141,0.00100526,0.00100696,0.0010096],"unit":"A"},"J":{"unit":"A\/cm2","value":[-0.05952887931034483,-0.03861012931034483,-0.021086206896551725,-0.005871767241379311,0.005066163793103449,0.012168318965517242,0.016138793103448276,0.01790021551724138,0.01895301724137931,0.019475862068965517,0.01993448275862069,0.020272844827586206,0.020535991379310347,0.02070323275862069,0.020799784482758623,0.020861853448275864,0.02099137931034483,0.021017887931034485,0.021076077586206898,0.021144396551724138,0.021245689655172414,0.021264439655172416,0.021397629310344828,0.021450000000000004,0.021456896551724138,0.021526508620689656,0.021610991379310347,0.02179762931034483,0.021665086206896552,0.021701724137931037,0.021758620689655176]},"cell_dimension":{"value":0.0464,"unit":"cm2"},"sweep_direction":{"unit":"","value":"Forward"},"key":"Forward 54 OA_100_60S_34H_20230727"},{"sample_area":{"value":0.0464,"unit":"cm2"},"irradiance":{"value":1,"unit":""},"pre_sweep_delay":{"value":1,"unit":""},"bias_direction":{"value":0,"unit":""},"max_reverse_bias":{"value":-0.2,"unit":""},"max_forward_bias":{"value":1.3,"unit":""},"num_sweep_points":{"value":31,"unit":""},"dwell_time":{"value":0,"unit":""},"current_limit":{"value":100,"unit":""},"pviv_10a_i_amp":{"value":0,"unit":""},"average":{"value":1,"unit":""},"dark_current":{"value":0,"unit":""},"rshunt_v_lo":{"value":-0.2,"unit":""},"rshunt_v_hi":{"value":0.2,"unit":""},"voc":{"value":1.12728398,"unit":"V"},"isc":{"value":0.0010249,"unit":"A"},"jsc":{"value":22.08837794,"unit":"mA\/cm2"},"imax":{"value":0.00087802,"unit":"A"},"vmax":{"value":0.91881066,"unit":"V"},"pmax":{"value":0.80673471,"unit":"mW"},"fill_factor":{"value":69.8257,"unit":"%"},"efficiency":{"value":17.3865,"unit":"%"},"r_at_voc":{"value":113.760906,"unit":""},"r_at_isc":{"value":19115.076,"unit":""},"power":{"value":0.00102891,"unit":"W"},"rshunt":{"value":"NaN","unit":"ohm"},"cell_temp_start":{"value":"NaN","unit":""},"cell_temp_end":{"value":"NaN","unit":""},"exposure":{"value":3.731,"unit":""},"time":{"value":"10:35:08","unit":""},"date":{"value":"07\/27\/2023","unit":""},"V":{"value":[1.3,1.25,1.2,1.15,1.1,1.05,1,0.95,0.9,0.85,0.8,0.75,0.7,0.65,0.6,0.55,0.5,0.45,0.4,0.35,0.3,0.25,0.2,0.15,0.1,0.05,0,-0.05,-0.1,-0.15,-0.2],"unit":"V"},"I":{"value":[-0.00218808,-0.00142228,-0.00077366,-0.00019968,0.00023984,0.0005468,0.00073422,0.00084016,0.00089373,0.00092163,0.00094388,0.00096063,0.00097548,0.00098431,0.00098862,0.0009955,0.00099672,0.00099944,0.00100256,0.00100579,0.00100852,0.00101119,0.00101643,0.00101589,0.0010188,0.00102103,0.00102315,0.00103463,0.00103083,0.00103323,0.00103143],"unit":"A"},"J":{"unit":"A\/cm2","value":[-0.047156896551724135,-0.03065258620689655,-0.016673706896551725,-0.00430344827586207,0.00516896551724138,0.01178448275862069,0.015823706896551725,0.01810689655172414,0.019261422413793104,0.01986271551724138,0.020342241379310348,0.02070323275862069,0.02102327586206897,0.021213577586206896,0.02130646551724138,0.021454741379310346,0.02148103448275862,0.021539655172413796,0.02160689655172414,0.021676508620689653,0.021735344827586208,0.021792887931034483,0.021905818965517243,0.02189418103448276,0.021956896551724142,0.022004956896551728,0.02205064655172414,0.022298060344827585,0.022216163793103448,0.022267887931034486,0.02222909482758621]},"cell_dimension":{"value":0.0464,"unit":"cm2"},"sweep_direction":{"unit":"","value":"Forward"},"key":"Forward 53 OA_100_60S_34H_20230727"},{"sample_area":{"value":0.0464,"unit":"cm2"},"irradiance":{"value":1,"unit":""},"pre_sweep_delay":{"value":1,"unit":""},"bias_direction":{"value":0,"unit":""},"max_reverse_bias":{"value":-0.2,"unit":""},"max_forward_bias":{"value":1.3,"unit":""},"num_sweep_points":{"value":31,"unit":""},"dwell_time":{"value":0,"unit":""},"current_limit":{"value":100,"unit":""},"pviv_10a_i_amp":{"value":0,"unit":""},"average":{"value":1,"unit":""},"dark_current":{"value":0,"unit":""},"rshunt_v_lo":{"value":-0.2,"unit":""},"rshunt_v_hi":{"value":0.2,"unit":""},"voc":{"value":1.13106751,"unit":"V"},"isc":{"value":0.00103442,"unit":"A"},"jsc":{"value":22.29359071,"unit":"mA\/cm2"},"imax":{"value":0.00088369,"unit":"A"},"vmax":{"value":0.8919931,"unit":"V"},"pmax":{"value":0.78824162,"unit":"mW"},"fill_factor":{"value":67.371,"unit":"%"},"efficiency":{"value":16.988,"unit":"%"},"r_at_voc":{"value":145.689938,"unit":""},"r_at_isc":{"value":19096.758,"unit":""},"power":{"value":0.00102487,"unit":"W"},"rshunt":{"value":"NaN","unit":"ohm"},"cell_temp_start":{"value":"NaN","unit":""},"cell_temp_end":{"value":"NaN","unit":""},"exposure":{"value":3.715,"unit":""},"time":{"value":"10:34:34","unit":""},"date":{"value":"07\/27\/2023","unit":""},"V":{"value":[1.3,1.25,1.2,1.15,1.1,1.05,1,0.95,0.9,0.85,0.8,0.75,0.7,0.65,0.6,0.55,0.5,0.45,0.4,0.35,0.3,0.25,0.2,0.15,0.1,0.05,0,-0.05,-0.1,-0.15,-0.2],"unit":"V"},"I":{"value":[-0.00148982,-0.00099616,-0.00053395,-0.00012995,0.00021324,0.00048355,0.00068295,0.00080323,0.00087539,0.00091738,0.00094441,0.00096275,0.00097576,0.00098423,0.00099347,0.00099971,0.00100127,0.00100611,0.00101148,0.00101478,0.00101806,0.00101891,0.00102422,0.00102686,0.00103016,0.00103249,0.00103491,0.00104306,0.00103764,0.0010412,0.00104235],"unit":"A"},"J":{"unit":"A\/cm2","value":[-0.03210818965517242,-0.02146896551724138,-0.011507543103448278,-0.0028006465517241377,0.004595689655172415,0.010421336206896554,0.014718750000000001,0.01731099137931035,0.01886616379310345,0.019771120689655173,0.02035366379310345,0.020748922413793103,0.02102931034482759,0.021211853448275864,0.021410991379310344,0.021545474137931037,0.02157909482758621,0.021683405172413794,0.021799137931034482,0.02187025862068966,0.02194094827586207,0.021959267241379313,0.022073706896551724,0.022130603448275867,0.022201724137931037,0.022251939655172418,0.022304094827586208,0.022479741379310345,0.02236293103448276,0.022439655172413794,0.022464439655172416]},"cell_dimension":{"value":0.0464,"unit":"cm2"},"sweep_direction":{"unit":"","value":"Forward"},"key":"Forward 52 OA_100_60S_34H_20230727"},{"sample_area":{"value":0.0464,"unit":"cm2"},"irradiance":{"value":1,"unit":""},"pre_sweep_delay":{"value":1,"unit":""},"bias_direction":{"value":0,"unit":""},"max_reverse_bias":{"value":-0.2,"unit":""},"max_forward_bias":{"value":1.3,"unit":""},"num_sweep_points":{"value":31,"unit":""},"dwell_time":{"value":0,"unit":""},"current_limit":{"value":100,"unit":""},"pviv_10a_i_amp":{"value":0,"unit":""},"average":{"value":1,"unit":""},"dark_current":{"value":0,"unit":""},"rshunt_v_lo":{"value":-0.2,"unit":""},"rshunt_v_hi":{"value":0.2,"unit":""},"voc":{"value":1.1464002,"unit":"V"},"isc":{"value":0.00104822,"unit":"A"},"jsc":{"value":22.59091752,"unit":"mA\/cm2"},"imax":{"value":0.00093909,"unit":"A"},"vmax":{"value":0.89068158,"unit":"V"},"pmax":{"value":0.83643086,"unit":"mW"},"fill_factor":{"value":69.6052,"unit":"%"},"efficiency":{"value":18.0265,"unit":"%"},"r_at_voc":{"value":149.928162,"unit":""},"r_at_isc":{"value":57856.369,"unit":""},"power":{"value":0.00107212,"unit":"W"},"rshunt":{"value":"NaN","unit":"ohm"},"cell_temp_start":{"value":"NaN","unit":""},"cell_temp_end":{"value":"NaN","unit":""},"exposure":{"value":4.146,"unit":""},"time":{"value":"10:34:03","unit":""},"date":{"value":"07\/27\/2023","unit":""},"V":{"value":[1.3,1.25,1.2,1.15,1.1,1.05,1,0.95,0.9,0.85,0.8,0.75,0.7,0.65,0.6,0.55,0.5,0.45,0.4,0.35,0.3,0.25,0.2,0.15,0.1,0.05,0,-0.05,-0.1,-0.15,-0.2],"unit":"V"},"I":{"value":[-0.0016395,-0.00098759,-0.00043221,-2.401e-5,0.00030948,0.00058401,0.00075527,0.00086111,0.00092889,0.00097393,0.00099321,0.00100649,0.00101493,0.00102416,0.00102592,0.00103028,0.00103264,0.00103796,0.0010382,0.00104115,0.00104145,0.00104362,0.00104497,0.0010456,0.00104732,0.00104823,0.00104957,0.00105002,0.00105,0.00105001,0.00105011],"unit":"A"},"J":{"unit":"A\/cm2","value":[-0.03533405172413793,-0.02128426724137931,-0.009314870689655173,-0.0005174568965517242,0.006669827586206897,0.012586422413793106,0.016277370689655176,0.018558405172413795,0.02001918103448276,0.020989870689655174,0.021405387931034484,0.02169159482758621,0.02187349137931035,0.02207241379310345,0.02211034482758621,0.022204310344827588,0.022255172413793104,0.0223698275862069,0.022375000000000003,0.0224385775862069,0.022445043103448276,0.02249181034482759,0.022520905172413796,0.022534482758620692,0.022571551724137932,0.022591163793103452,0.02262004310344828,0.022629741379310345,0.022629310344827586,0.02262952586206897,0.022631681034482758]},"cell_dimension":{"value":0.0464,"unit":"cm2"},"sweep_direction":{"unit":"","value":"Forward"},"key":"Forward 51 OA_100_60S_34H_20230727"}]}}