{"_id":"65365f1d26db9e48202e73e5","id":"JBNU-SC-00256","author":98,"group":10,"input":[{"tco":{"unit":"","value":"ITO"}},{"htl":[{"material":{"unit":"","value":"NiO_Sputter"},"concentration":{"unit":"","value":"None"},"conc_unit":{"unit":"","value":"None"},"quantity":{"unit":"ml","value":"None"}}],"solvent":[{"material":{"unit":"","value":"None"},"volume":{"unit":"ml","value":"None"}},{"material":{"unit":"","value":"None"},"volume":{"unit":"ml","value":"None"}}],"htl_doping":[{"material":{"unit":"","value":"None"},"volume":{"unit":"ul","value":"None"}}],"spin_coating":[{"type":{"unit":"","value":"None"},"rpm":{"unit":"","value":"None"},"time":{"unit":"s","value":"None"}}],"vacuum_suction":[{"unit":"s","value":"None"}],"annealing":[{"temperature":{"unit":"oC","value":"300"},"time":{"unit":"m","value":"30"}}],"module":[{"type":{"unit":"","value":"None"},"gap":{"unit":"um","value":"None"},"coating_speed":{"unit":"mm\/s","value":"None"},"feeding_amount":{"unit":"ul","value":"None"}}],"thermal_evaporation":[{"vacuum_evaporation_thickness":{"unit":"nm","value":"None"},"evaporation_rate":{"unit":"\u00c5\/s","value":"None"},"vacuum_pressure":{"unit":"uTorr","value":"None"}}]},{"htl_treatment":[{"material":{"unit":"","value":"MeO-2PACz"},"concentration":{"unit":"","value":"1"},"conc_unit":{"unit":"","value":"mg\/ml"},"quantity":{"unit":"ml","value":"0"}},{"material":{"unit":"","value":"Me-4PACz"},"concentration":{"unit":"","value":"1"},"conc_unit":{"unit":"","value":"mg\/ml"},"quantity":{"unit":"ml","value":"1"}}],"solvent":[{"material":{"unit":"","value":"Ethanol"},"volume":{"unit":"ml","value":"1"}},{"material":{"unit":"","value":"None"},"volume":{"unit":"ml","value":"None"}},{"material":{"unit":"","value":"Ethanol"},"volume":{"unit":"ml","value":"1"}},{"material":{"unit":"","value":"None"},"volume":{"unit":"ml","value":"None"}}],"spin_coating":[{"type":{"unit":"","value":"drop&run"},"rpm":{"unit":"","value":"3000"},"time":{"unit":"s","value":"50"}}],"vacuum_suction":[{"unit":"s","value":"10"}],"annealing":[{"temperature":{"unit":"oC","value":"None"},"time":{"unit":"m","value":"None"}}],"module":[{"type":{"unit":"","value":"None"},"gap":{"unit":"um","value":"None"},"coating_speed":{"unit":"mm\/s","value":"None"},"feeding_amount":{"unit":"ul","value":"None"}}],"thermal_evaporation":[{"vacuum_evaporation_thickness":{"unit":"nm","value":"None"},"evaporation_rate":{"unit":"\u00c5\/s","value":"None"},"vacuum_pressure":{"unit":"uTorr","value":"None"}}]},{"perovskite":{"method":{"unit":"","value":"1-step"},"molarity":{"unit":"M","value":"1.45"},"a_site":[{"material":{"unit":"","value":"Cs"},"ratio":{"unit":"","value":"0.175"}},{"material":{"unit":"","value":"FA"},"ratio":{"unit":"","value":"0.825"}}],"b_site":[{"material":{"unit":"","value":"Pb"},"ratio":{"unit":"","value":"1"}},{"material":{"unit":"","value":"None"},"ratio":{"unit":"","value":"0"}}],"x_site":[{"material":{"unit":"","value":"I"},"ratio":{"unit":"","value":"2.55"}},{"material":{"unit":"","value":"Br"},"ratio":{"unit":"","value":"0.45"}}],"solvent":[{"material":{"unit":"","value":"DMF"},"volume":{"unit":"ml","value":"0.72"}},{"material":{"unit":"","value":"DMSO"},"volume":{"unit":"ml","value":"0.18"}}],"additive":[{"material":{"unit":"","value":"None"},"solvent":{"unit":"","value":"None"},"concentration":{"unit":"","value":"None"},"conc_unit":{"unit":"","value":"None"},"quantity":{"unit":"mol%","value":"None"}}],"stirring_time":[{"unit":"m","value":"120"}],"antisolvent":[{"material":{"unit":"","value":"None"},"quantity":{"unit":"ul","value":"None"},"dripping_time":{"unit":"s","value":"None"}}],"spin_coating":[{"type":{"unit":"","value":"drop&run"},"rpm":{"unit":"","value":"4000"},"time":{"unit":"s","value":"10"}}],"vacuum_suction":[{"unit":"s","value":"60"}],"annealing":[{"temperature":{"unit":"oC","value":"100"},"time":{"unit":"m","value":"30"}}],"atmosphere":[{"type":{"unit":"","value":"N2"},"temperature":{"unit":"oC","value":"28"},"humidity":{"unit":"RH%","value":"0"}}],"assist":[{"type":{"unit":"","value":"None"},"temperature":{"unit":"oC","value":"None"},"assist_start_time":{"value":null,"unit":"s"},"total_assist_time":{"value":"None","unit":"s"}}],"module":[{"type":{"unit":"","value":"None"},"gap":{"unit":"um","value":"None"},"coating_speed":{"unit":"mm\/s","value":"None"},"feeding_amount":{"unit":"ul","value":"None"}}],"thermal_evaporation":[{"vacuum_evaporation_thickness":{"unit":"nm","value":"None"},"evaporation_rate":{"unit":"\u00c5\/s","value":"None"},"vacuum_pressure":{"unit":"uTorr","value":"None"}}]}},{"perovskite_treatment":[{"material":{"unit":"","value":"None"},"concentration":{"unit":"","value":"None"},"conc_unit":{"unit":"","value":"None"},"quantity":{"unit":"ml","value":"None"}}],"solvent":[{"material":{"unit":"","value":"None"},"volume":{"unit":"ml","value":"None"}},{"material":{"unit":"","value":"None"},"volume":{"unit":"ml","value":"None"}}],"spin_coating":[{"type":{"unit":"","value":"None"},"rpm":{"unit":"","value":"None"},"time":{"unit":"s","value":"None"}}],"vacuum_suction":[{"unit":"s","value":"None"}],"annealing":[{"temperature":{"unit":"oC","value":"None"},"time":{"unit":"m","value":"None"}}],"module":[{"type":{"unit":"","value":"None"},"gap":{"unit":"um","value":"None"},"coating_speed":{"unit":"mm\/s","value":"None"},"feeding_amount":{"unit":"ul","value":"None"}}],"thermal_evaporation":[{"vacuum_evaporation_thickness":{"unit":"nm","value":"None"},"evaporation_rate":{"unit":"\u00c5\/s","value":"None"},"vacuum_pressure":{"unit":"uTorr","value":"None"}}]},{"etl":[{"material":{"unit":"","value":"C60"},"concentration":{"unit":"","value":"None"},"conc_unit":{"unit":"","value":"None"},"quantity":{"unit":"ml","value":"None"}}],"solvent":[{"material":{"unit":"","value":"None"},"volume":{"unit":"ml","value":"None"}},{"material":{"unit":"","value":"None"},"volume":{"unit":"ml","value":"None"}}],"spin_coating":[{"type":{"unit":"","value":"None"},"rpm":{"unit":"","value":"None"},"time":{"unit":"s","value":"None"}}],"vacuum_suction":[{"unit":"s","value":"None"}],"annealing":[{"temperature":{"unit":"oC","value":"None"},"time":{"unit":"m","value":"None"}}],"etl_doping":[{"material":{"unit":"","value":"None"},"volume":{"unit":"ul","value":"None"}}],"module":[{"type":{"unit":"","value":"None"},"gap":{"unit":"um","value":"None"},"coating_speed":{"unit":"mm\/s","value":"None"},"feeding_amount":{"unit":"ul","value":"None"}}],"thermal_evaporation":[{"vacuum_evaporation_thickness":{"unit":"nm","value":"30"},"evaporation_rate":{"unit":"\u00c5\/s","value":"0.6"},"vacuum_pressure":{"unit":"uTorr","value":"2x10-6"}}]},{"blocking_buffer_layer":[{"material":{"unit":"","value":"BCP"},"concentration":{"unit":"","value":"None"},"conc_unit":{"unit":"","value":"None"},"quantity":{"unit":"ml","value":"None"}}],"solvent":[{"material":{"unit":"","value":"None"},"volume":{"unit":"ml","value":"None"}},{"material":{"unit":"","value":"None"},"volume":{"unit":"ml","value":"None"}}],"spin_coating":[{"type":{"unit":"","value":"None"},"rpm":{"unit":"","value":"None"},"time":{"unit":"s","value":"None"}}],"vacuum_suction":[{"unit":"s","value":"0"}],"annealing":[{"temperature":{"unit":"oC","value":"None"},"time":{"unit":"m","value":"None"}}],"module":[{"type":{"unit":"","value":"None"},"gap":{"unit":"um","value":"None"},"coating_speed":{"unit":"mm\/s","value":"None"},"feeding_amount":{"unit":"ul","value":"None"}}],"thermal_evaporation":[{"vacuum_evaporation_thickness":{"unit":"nm","value":"6"},"evaporation_rate":{"unit":"\u00c5\/s","value":"0.6"},"vacuum_pressure":{"unit":"uTorr","value":"2x10-6"}}]},{"anode_metal":{"unit":"","value":"Ag"}},{"note":{"unit":"","value":"-"},"ar":{"unit":"","value":"0"},"type":{"unit":"","value":"unit_cell"},"device_type":{"unit":"","value":"p-i-n"},"temperature":{"unit":"\u2103","value":"25"},"humidity":{"unit":"%","value":"40"},"cell_dimension":{"unit":"cm2","value":"0.0464"}}],"fileinfo":[{"key":"forward 10 0-1 0.9 3mM_20230808","uploadType":"JV","original_name":"forward 10 0-1 0.9 3mM_20230808-152651.txt","save_name":"JBNU-SC-00256\/forward 10 0-1 0.9 3mM_20230808","uploader":98,"fileType":""},{"key":"forward 91 0-1 0.9 3mM_20230808","uploadType":"JV","original_name":"forward 91 0-1 0.9 3mM_20230808-152512.txt","save_name":"JBNU-SC-00256\/forward 91 0-1 0.9 3mM_20230808","uploader":98,"fileType":""},{"key":"forward 92 0-1 0.9 3mM_20230808","uploadType":"JV","original_name":"forward 92 0-1 0.9 3mM_20230808-152533.txt","save_name":"JBNU-SC-00256\/forward 92 0-1 0.9 3mM_20230808","uploader":98,"fileType":""},{"key":"forward 93 0-1 0.9 3mM_20230808","uploadType":"JV","original_name":"forward 93 0-1 0.9 3mM_20230808-152547.txt","save_name":"JBNU-SC-00256\/forward 93 0-1 0.9 3mM_20230808","uploader":98,"fileType":""},{"key":"forward 94 0-1 0.9 3mM_20230808","uploadType":"JV","original_name":"forward 94 0-1 0.9 3mM_20230808-152605.txt","save_name":"JBNU-SC-00256\/forward 94 0-1 0.9 3mM_20230808","uploader":98,"fileType":""},{"key":"forward 101 0-1 0.9 3mM_20230808","uploadType":"JV","original_name":"forward 101 0-1 0.9 3mM_20230808-152700.txt","save_name":"JBNU-SC-00256\/forward 101 0-1 0.9 3mM_20230808","uploader":98,"fileType":""},{"key":"forward 102 0-1 0.9 3mM_20230808","uploadType":"JV","original_name":"forward 102 0-1 0.9 3mM_20230808-152711.txt","save_name":"JBNU-SC-00256\/forward 102 0-1 0.9 3mM_20230808","uploader":98,"fileType":""},{"key":"forward 103 0-1 0.9 3mM_20230808","uploadType":"JV","original_name":"forward 103 0-1 0.9 3mM_20230808-152726.txt","save_name":"JBNU-SC-00256\/forward 103 0-1 0.9 3mM_20230808","uploader":98,"fileType":""},{"key":"forward 104 0-1 0.9 3mM_20230808","uploadType":"JV","original_name":"forward 104 0-1 0.9 3mM_20230808-152753.txt","save_name":"JBNU-SC-00256\/forward 104 0-1 0.9 3mM_20230808","uploader":98,"fileType":""}],"jvcnt":9,"updated_at":"2024-08-07 02:33:50","created_at":"2023-10-23 11:55:09","analysisInfo":{"JV":[{"efficiency":14.4189,"fill_factor":63.6933,"jsc":20.13193979,"voc":1.12448643,"key":"forward 94 0-1 0.9 3mM_20230808","cell_dimension":0.0464},{"efficiency":14.1864,"fill_factor":62.4517,"jsc":20.17638115,"voc":1.12585968,"key":"forward 93 0-1 0.9 3mM_20230808","cell_dimension":0.0464},{"efficiency":13.7599,"fill_factor":60.4306,"jsc":20.16466493,"voc":1.12919232,"key":"forward 92 0-1 0.9 3mM_20230808","cell_dimension":0.0464},{"efficiency":13.9137,"fill_factor":60.4186,"jsc":20.2653357,"voc":1.13636817,"key":"forward 91 0-1 0.9 3mM_20230808","cell_dimension":0.0464},{"efficiency":14.491,"fill_factor":63.163,"jsc":20.42604761,"voc":1.12318214,"key":"forward 104 0-1 0.9 3mM_20230808","cell_dimension":0.0464},{"efficiency":14.802,"fill_factor":63.6126,"jsc":20.7019097,"voc":1.12399827,"key":"forward 103 0-1 0.9 3mM_20230808","cell_dimension":0.0464},{"efficiency":14.6012,"fill_factor":61.831,"jsc":20.93513819,"voc":1.12799336,"key":"forward 102 0-1 0.9 3mM_20230808","cell_dimension":0.0464},{"efficiency":14.2197,"fill_factor":61.0009,"jsc":20.62892927,"voc":1.12999994,"key":"forward 101 0-1 0.9 3mM_20230808","cell_dimension":0.0464},{"efficiency":14.2428,"fill_factor":60.614,"jsc":20.73342042,"voc":1.13331527,"key":"forward 10 0-1 0.9 3mM_20230808","cell_dimension":0.0464}]},"public":2,"analysis":{"JV":[{"sample_area":{"value":0.0464,"unit":"cm2"},"irradiance":{"value":1,"unit":""},"pre_sweep_delay":{"value":1,"unit":""},"bias_direction":{"value":0,"unit":""},"max_reverse_bias":{"value":-0.2,"unit":""},"max_forward_bias":{"value":1.3,"unit":""},"num_sweep_points":{"value":31,"unit":""},"dwell_time":{"value":0,"unit":""},"current_limit":{"value":100,"unit":""},"pviv_10a_i_amp":{"value":0,"unit":""},"average":{"value":1,"unit":""},"dark_current":{"value":0,"unit":""},"rshunt_v_lo":{"value":-0.2,"unit":""},"rshunt_v_hi":{"value":0.2,"unit":""},"voc":{"value":1.12448643,"unit":"V"},"isc":{"value":0.00093412,"unit":"A"},"jsc":{"value":20.13193979,"unit":"mA\/cm2"},"imax":{"value":0.00080814,"unit":"A"},"vmax":{"value":0.82787869,"unit":"V"},"pmax":{"value":0.66903923,"unit":"mW"},"fill_factor":{"value":63.6933,"unit":"%"},"efficiency":{"value":14.4189,"unit":"%"},"r_at_voc":{"value":209.762603,"unit":""},"r_at_isc":{"value":24245.128,"unit":""},"power":{"value":0.00089461,"unit":"W"},"rshunt":{"value":"NaN","unit":"ohm"},"cell_temp_start":{"value":"NaN","unit":""},"cell_temp_end":{"value":"NaN","unit":""},"exposure":{"value":3.734,"unit":""},"time":{"value":"15:26:05","unit":""},"date":{"value":"08\/08\/2023","unit":""},"V":{"value":[1.3,1.25,1.2,1.15,1.1,1.05,1,0.95,0.9,0.85,0.8,0.75,0.7,0.65,0.6,0.55,0.5,0.45,0.4,0.35,0.3,0.25,0.2,0.15,0.1,0.05,0,-0.05,-0.1,-0.15,-0.2],"unit":"V"},"I":{"value":[-0.00131591,-0.00080268,-0.00042221,-0.00012163,0.00011673,0.00031098,0.00046519,0.00060251,0.00070791,0.00078395,0.00083173,0.00085995,0.00087623,0.00088651,0.00089673,0.00090175,0.00090651,0.00091296,0.00091599,0.00091768,0.00092007,0.00092333,0.00092518,0.00092772,0.00093179,0.00093346,0.00093435,0.00093971,0.00093856,0.00093851,0.00093996],"unit":"A"},"J":{"unit":"A\/cm2","value":[-0.02836012931034483,-0.01729913793103448,-0.009099353448275864,-0.0026213362068965517,0.00251573275862069,0.006702155172413793,0.010025646551724138,0.012985129310344828,0.015256681034482758,0.016895474137931035,0.017925215517241383,0.018533405172413794,0.018884267241379312,0.019105818965517243,0.019326077586206896,0.01943426724137931,0.019536853448275864,0.01967586206896552,0.01974116379310345,0.019777586206896555,0.01982909482758621,0.019899353448275862,0.019939224137931033,0.01999396551724138,0.02008168103448276,0.020117672413793104,0.020136853448275864,0.020252370689655172,0.02022758620689655,0.020226508620689657,0.020257758620689657]},"cell_dimension":{"value":0.0464,"unit":"cm2"},"sweep_direction":{"unit":"","value":"Forward"},"key":"forward 94 0-1 0.9 3mM_20230808"},{"sample_area":{"value":0.0464,"unit":"cm2"},"irradiance":{"value":1,"unit":""},"pre_sweep_delay":{"value":1,"unit":""},"bias_direction":{"value":0,"unit":""},"max_reverse_bias":{"value":-0.2,"unit":""},"max_forward_bias":{"value":1.3,"unit":""},"num_sweep_points":{"value":31,"unit":""},"dwell_time":{"value":0,"unit":""},"current_limit":{"value":100,"unit":""},"pviv_10a_i_amp":{"value":0,"unit":""},"average":{"value":1,"unit":""},"dark_current":{"value":0,"unit":""},"rshunt_v_lo":{"value":-0.2,"unit":""},"rshunt_v_hi":{"value":0.2,"unit":""},"voc":{"value":1.12585968,"unit":"V"},"isc":{"value":0.00093618,"unit":"A"},"jsc":{"value":20.17638115,"unit":"mA\/cm2"},"imax":{"value":0.00081422,"unit":"A"},"vmax":{"value":0.8084446,"unit":"V"},"pmax":{"value":0.65824815,"unit":"mW"},"fill_factor":{"value":62.4517,"unit":"%"},"efficiency":{"value":14.1864,"unit":"%"},"r_at_voc":{"value":247.326879,"unit":""},"r_at_isc":{"value":26092.146,"unit":""},"power":{"value":0.00088767,"unit":"W"},"rshunt":{"value":"NaN","unit":"ohm"},"cell_temp_start":{"value":"NaN","unit":""},"cell_temp_end":{"value":"NaN","unit":""},"exposure":{"value":3.857,"unit":""},"time":{"value":"15:25:47","unit":""},"date":{"value":"08\/08\/2023","unit":""},"V":{"value":[1.3,1.25,1.2,1.15,1.1,1.05,1,0.95,0.9,0.85,0.8,0.75,0.7,0.65,0.6,0.55,0.5,0.45,0.4,0.35,0.3,0.25,0.2,0.15,0.1,0.05,0,-0.05,-0.1,-0.15,-0.2],"unit":"V"},"I":{"value":[-0.00097232,-0.0006185,-0.00033233,-9.76e-5,0.00010456,0.0002626,0.0004384,0.0005692,0.00068306,0.0007662,0.00082247,0.00086002,0.00087641,0.00088747,0.00089872,0.00090495,0.00090826,0.0009129,0.00091703,0.00092133,0.00092336,0.00092595,0.00092789,0.0009323,0.00093261,0.00093474,0.00093643,0.00094075,0.0009395,0.00094114,0.00094226],"unit":"A"},"J":{"unit":"A\/cm2","value":[-0.020955172413793105,-0.013329741379310346,-0.007162284482758621,-0.0021034482758620692,0.002253448275862069,0.00565948275862069,0.009448275862068966,0.012267241379310345,0.014721120689655172,0.01651293103448276,0.01772564655172414,0.018534913793103448,0.01888814655172414,0.019126508620689656,0.01936896551724138,0.01950323275862069,0.019574568965517243,0.019674568965517242,0.019763577586206896,0.019856250000000002,0.0199,0.019955818965517243,0.01999762931034483,0.020092672413793103,0.02009935344827586,0.020145258620689655,0.02018168103448276,0.020274784482758622,0.02024784482758621,0.020283189655172416,0.0203073275862069]},"cell_dimension":{"value":0.0464,"unit":"cm2"},"sweep_direction":{"unit":"","value":"Forward"},"key":"forward 93 0-1 0.9 3mM_20230808"},{"sample_area":{"value":0.0464,"unit":"cm2"},"irradiance":{"value":1,"unit":""},"pre_sweep_delay":{"value":1,"unit":""},"bias_direction":{"value":0,"unit":""},"max_reverse_bias":{"value":-0.2,"unit":""},"max_forward_bias":{"value":1.3,"unit":""},"num_sweep_points":{"value":31,"unit":""},"dwell_time":{"value":0,"unit":""},"current_limit":{"value":100,"unit":""},"pviv_10a_i_amp":{"value":0,"unit":""},"average":{"value":1,"unit":""},"dark_current":{"value":0,"unit":""},"rshunt_v_lo":{"value":-0.2,"unit":""},"rshunt_v_hi":{"value":0.2,"unit":""},"voc":{"value":1.12919232,"unit":"V"},"isc":{"value":0.00093564,"unit":"A"},"jsc":{"value":20.16466493,"unit":"mA\/cm2"},"imax":{"value":0.00081781,"unit":"A"},"vmax":{"value":0.78069607,"unit":"V"},"pmax":{"value":0.63846069,"unit":"mW"},"fill_factor":{"value":60.4306,"unit":"%"},"efficiency":{"value":13.7599,"unit":"%"},"r_at_voc":{"value":293.835582,"unit":""},"r_at_isc":{"value":24657.728,"unit":""},"power":{"value":0.00087343,"unit":"W"},"rshunt":{"value":"NaN","unit":"ohm"},"cell_temp_start":{"value":"NaN","unit":""},"cell_temp_end":{"value":"NaN","unit":""},"exposure":{"value":3.854,"unit":""},"time":{"value":"15:25:33","unit":""},"date":{"value":"08\/08\/2023","unit":""},"V":{"value":[1.3,1.25,1.2,1.15,1.1,1.05,1,0.95,0.9,0.85,0.8,0.75,0.7,0.65,0.6,0.55,0.5,0.45,0.4,0.35,0.3,0.25,0.2,0.15,0.1,0.05,0,-0.05,-0.1,-0.15,-0.2],"unit":"V"},"I":{"value":[-0.00071041,-0.00045546,-0.0002484,-7.081e-5,9.935e-5,0.00023526,0.00038779,0.00052142,0.00063516,0.00072747,0.00079593,0.00084489,0.00086601,0.00088495,0.00089296,0.00090289,0.00090706,0.00091167,0.00091587,0.00092091,0.00092218,0.00092524,0.0009272,0.00093062,0.00093255,0.000934,0.00093565,0.00093991,0.00093862,0.00093991,0.00094386],"unit":"A"},"J":{"unit":"A\/cm2","value":[-0.015310560344827587,-0.009815948275862069,-0.0053534482758620695,-0.0015260775862068966,0.0021411637931034485,0.005070258620689655,0.008357543103448276,0.011237500000000001,0.013688793103448275,0.01567823275862069,0.01715366379310345,0.018208836206896555,0.018664008620689655,0.01907219827586207,0.019244827586206898,0.019458836206896556,0.019548706896551724,0.019648060344827585,0.0197385775862069,0.019847198275862073,0.01987456896551724,0.019940517241379314,0.019982758620689656,0.02005646551724138,0.020098060344827588,0.020129310344827588,0.020164870689655175,0.02025668103448276,0.02022887931034483,0.02025668103448276,0.02034181034482759]},"cell_dimension":{"value":0.0464,"unit":"cm2"},"sweep_direction":{"unit":"","value":"Forward"},"key":"forward 92 0-1 0.9 3mM_20230808"},{"sample_area":{"value":0.0464,"unit":"cm2"},"irradiance":{"value":1,"unit":""},"pre_sweep_delay":{"value":1,"unit":""},"bias_direction":{"value":0,"unit":""},"max_reverse_bias":{"value":-0.2,"unit":""},"max_forward_bias":{"value":1.3,"unit":""},"num_sweep_points":{"value":31,"unit":""},"dwell_time":{"value":0,"unit":""},"current_limit":{"value":100,"unit":""},"pviv_10a_i_amp":{"value":0,"unit":""},"average":{"value":1,"unit":""},"dark_current":{"value":0,"unit":""},"rshunt_v_lo":{"value":-0.2,"unit":""},"rshunt_v_hi":{"value":0.2,"unit":""},"voc":{"value":1.13636817,"unit":"V"},"isc":{"value":0.00094031,"unit":"A"},"jsc":{"value":20.2653357,"unit":"mA\/cm2"},"imax":{"value":0.00080735,"unit":"A"},"vmax":{"value":0.79965074,"unit":"V"},"pmax":{"value":0.64559656,"unit":"mW"},"fill_factor":{"value":60.4186,"unit":"%"},"efficiency":{"value":13.9137,"unit":"%"},"r_at_voc":{"value":358.850626,"unit":""},"r_at_isc":{"value":23242.016,"unit":""},"power":{"value":0.0008775,"unit":"W"},"rshunt":{"value":"NaN","unit":"ohm"},"cell_temp_start":{"value":"NaN","unit":""},"cell_temp_end":{"value":"NaN","unit":""},"exposure":{"value":3.849,"unit":""},"time":{"value":"15:25:12","unit":""},"date":{"value":"08\/08\/2023","unit":""},"V":{"value":[1.3,1.25,1.2,1.15,1.1,1.05,1,0.95,0.9,0.85,0.8,0.75,0.7,0.65,0.6,0.55,0.5,0.45,0.4,0.35,0.3,0.25,0.2,0.15,0.1,0.05,0,-0.05,-0.1,-0.15,-0.2],"unit":"V"},"I":{"value":[-0.00060792,-0.00035497,-0.00017625,-4.009e-5,0.00010237,0.00022674,0.00038806,0.00051587,0.00063273,0.00073844,0.00080699,0.00084596,0.00087319,0.00088829,0.00090021,0.0009077,0.00091318,0.00091508,0.00092058,0.00092265,0.00092592,0.00092878,0.00093288,0.00093383,0.00093616,0.00093822,0.00094115,0.00094604,0.00094384,0.00094557,0.00094737],"unit":"A"},"J":{"unit":"A\/cm2","value":[-0.013101724137931035,-0.00765021551724138,-0.003798491379310345,-0.0008640086206896551,0.0022062500000000003,0.004886637931034483,0.008363362068965518,0.011117887931034484,0.013636422413793104,0.015914655172413795,0.017392025862068967,0.01823189655172414,0.018818750000000002,0.01914418103448276,0.019401077586206898,0.0195625,0.019680603448275862,0.01972155172413793,0.019840086206896555,0.019884698275862072,0.019955172413793104,0.02001681034482759,0.020105172413793105,0.02012564655172414,0.02017586206896552,0.020220258620689657,0.020283405172413792,0.020388793103448277,0.02034137931034483,0.02037866379310345,0.020417456896551726]},"cell_dimension":{"value":0.0464,"unit":"cm2"},"sweep_direction":{"unit":"","value":"Forward"},"key":"forward 91 0-1 0.9 3mM_20230808"},{"sample_area":{"value":0.0464,"unit":"cm2"},"irradiance":{"value":1,"unit":""},"pre_sweep_delay":{"value":1,"unit":""},"bias_direction":{"value":0,"unit":""},"max_reverse_bias":{"value":-0.2,"unit":""},"max_forward_bias":{"value":1.3,"unit":""},"num_sweep_points":{"value":31,"unit":""},"dwell_time":{"value":0,"unit":""},"current_limit":{"value":100,"unit":""},"pviv_10a_i_amp":{"value":0,"unit":""},"average":{"value":1,"unit":""},"dark_current":{"value":0,"unit":""},"rshunt_v_lo":{"value":-0.2,"unit":""},"rshunt_v_hi":{"value":0.2,"unit":""},"voc":{"value":1.12318214,"unit":"V"},"isc":{"value":0.00094777,"unit":"A"},"jsc":{"value":20.42604761,"unit":"mA\/cm2"},"imax":{"value":0.00081885,"unit":"A"},"vmax":{"value":0.82112693,"unit":"V"},"pmax":{"value":0.67238049,"unit":"mW"},"fill_factor":{"value":63.163,"unit":"%"},"efficiency":{"value":14.491,"unit":"%"},"r_at_voc":{"value":225.709178,"unit":""},"r_at_isc":{"value":24376.515,"unit":""},"power":{"value":0.00090287,"unit":"W"},"rshunt":{"value":"NaN","unit":"ohm"},"cell_temp_start":{"value":"NaN","unit":""},"cell_temp_end":{"value":"NaN","unit":""},"exposure":{"value":3.738,"unit":""},"time":{"value":"15:27:53","unit":""},"date":{"value":"08\/08\/2023","unit":""},"V":{"value":[1.3,1.25,1.2,1.15,1.1,1.05,1,0.95,0.9,0.85,0.8,0.75,0.7,0.65,0.6,0.55,0.5,0.45,0.4,0.35,0.3,0.25,0.2,0.15,0.1,0.05,0,-0.05,-0.1,-0.15,-0.2],"unit":"V"},"I":{"value":[-0.00112651,-0.00070402,-0.00038615,-0.00011882,0.00010271,0.00029034,0.00046291,0.00059542,0.0007142,0.00078583,0.00083773,0.00086864,0.00088954,0.0008979,0.00090869,0.00091349,0.00091845,0.0009231,0.00092671,0.00093096,0.00093398,0.00093655,0.00093949,0.00094202,0.00094638,0.00094597,0.00094799,0.00095059,0.000953,0.0009522,0.00095472],"unit":"A"},"J":{"unit":"A\/cm2","value":[-0.02427823275862069,-0.015172844827586207,-0.008322198275862069,-0.0025607758620689656,0.002213577586206897,0.006257327586206896,0.009976508620689656,0.012832327586206898,0.015392241379310346,0.016935991379310344,0.018054525862068967,0.018720689655172415,0.019171120689655173,0.019351293103448276,0.019583836206896552,0.01968728448275862,0.01979418103448276,0.01989439655172414,0.01997219827586207,0.020063793103448278,0.02012887931034483,0.02018426724137931,0.02024762931034483,0.020302155172413794,0.020396120689655173,0.02038728448275862,0.020430818965517242,0.020486853448275864,0.020538793103448277,0.020521551724137933,0.02057586206896552]},"cell_dimension":{"value":0.0464,"unit":"cm2"},"sweep_direction":{"unit":"","value":"Forward"},"key":"forward 104 0-1 0.9 3mM_20230808"},{"sample_area":{"value":0.0464,"unit":"cm2"},"irradiance":{"value":1,"unit":""},"pre_sweep_delay":{"value":1,"unit":""},"bias_direction":{"value":0,"unit":""},"max_reverse_bias":{"value":-0.2,"unit":""},"max_forward_bias":{"value":1.3,"unit":""},"num_sweep_points":{"value":31,"unit":""},"dwell_time":{"value":0,"unit":""},"current_limit":{"value":100,"unit":""},"pviv_10a_i_amp":{"value":0,"unit":""},"average":{"value":1,"unit":""},"dark_current":{"value":0,"unit":""},"rshunt_v_lo":{"value":-0.2,"unit":""},"rshunt_v_hi":{"value":0.2,"unit":""},"voc":{"value":1.12399827,"unit":"V"},"isc":{"value":0.00096057,"unit":"A"},"jsc":{"value":20.7019097,"unit":"mA\/cm2"},"imax":{"value":0.00082104,"unit":"A"},"vmax":{"value":0.83651516,"unit":"V"},"pmax":{"value":0.68681073,"unit":"mW"},"fill_factor":{"value":63.6126,"unit":"%"},"efficiency":{"value":14.802,"unit":"%"},"r_at_voc":{"value":229.262623,"unit":""},"r_at_isc":{"value":25984.322,"unit":""},"power":{"value":0.00091632,"unit":"W"},"rshunt":{"value":"NaN","unit":"ohm"},"cell_temp_start":{"value":"NaN","unit":""},"cell_temp_end":{"value":"NaN","unit":""},"exposure":{"value":3.677,"unit":""},"time":{"value":"15:27:26","unit":""},"date":{"value":"08\/08\/2023","unit":""},"V":{"value":[1.3,1.25,1.2,1.15,1.1,1.05,1,0.95,0.9,0.85,0.8,0.75,0.7,0.65,0.6,0.55,0.5,0.45,0.4,0.35,0.3,0.25,0.2,0.15,0.1,0.05,0,-0.05,-0.1,-0.15,-0.2],"unit":"V"},"I":{"value":[-0.00101357,-0.00065464,-0.0003614,-0.00011341,0.00010468,0.00029691,0.00046415,0.00060766,0.00071813,0.00080667,0.0008519,0.00088629,0.00090095,0.00091387,0.00091961,0.00092563,0.00093124,0.0009373,0.00094198,0.00094348,0.00094759,0.00095131,0.00095357,0.00095611,0.00095621,0.00095812,0.00096036,0.00096326,0.00096405,0.00096765,0.00096687],"unit":"A"},"J":{"unit":"A\/cm2","value":[-0.02184418103448276,-0.014108620689655172,-0.0077887931034482764,-0.002444181034482759,0.002256034482758621,0.0063989224137931035,0.01000323275862069,0.013096120689655173,0.015476939655172415,0.01738512931034483,0.01835991379310345,0.019101077586206897,0.019417025862068966,0.019695474137931036,0.01981918103448276,0.019948922413793105,0.020069827586206897,0.020200431034482758,0.02030129310344828,0.020333620689655173,0.020422198275862072,0.020502370689655176,0.0205510775862069,0.020605818965517244,0.020607974137931036,0.020649137931034484,0.02069741379310345,0.02075991379310345,0.020776939655172418,0.020854525862068967,0.02083771551724138]},"cell_dimension":{"value":0.0464,"unit":"cm2"},"sweep_direction":{"unit":"","value":"Forward"},"key":"forward 103 0-1 0.9 3mM_20230808"},{"sample_area":{"value":0.0464,"unit":"cm2"},"irradiance":{"value":1,"unit":""},"pre_sweep_delay":{"value":1,"unit":""},"bias_direction":{"value":0,"unit":""},"max_reverse_bias":{"value":-0.2,"unit":""},"max_forward_bias":{"value":1.3,"unit":""},"num_sweep_points":{"value":31,"unit":""},"dwell_time":{"value":0,"unit":""},"current_limit":{"value":100,"unit":""},"pviv_10a_i_amp":{"value":0,"unit":""},"average":{"value":1,"unit":""},"dark_current":{"value":0,"unit":""},"rshunt_v_lo":{"value":-0.2,"unit":""},"rshunt_v_hi":{"value":0.2,"unit":""},"voc":{"value":1.12799336,"unit":"V"},"isc":{"value":0.00097139,"unit":"A"},"jsc":{"value":20.93513819,"unit":"mA\/cm2"},"imax":{"value":0.00082859,"unit":"A"},"vmax":{"value":0.81764584,"unit":"V"},"pmax":{"value":0.67749594,"unit":"mW"},"fill_factor":{"value":61.831,"unit":"%"},"efficiency":{"value":14.6012,"unit":"%"},"r_at_voc":{"value":279.558113,"unit":""},"r_at_isc":{"value":22362.514,"unit":""},"power":{"value":0.00091316,"unit":"W"},"rshunt":{"value":"NaN","unit":"ohm"},"cell_temp_start":{"value":"NaN","unit":""},"cell_temp_end":{"value":"NaN","unit":""},"exposure":{"value":3.86,"unit":""},"time":{"value":"15:27:11","unit":""},"date":{"value":"08\/08\/2023","unit":""},"V":{"value":[1.3,1.25,1.2,1.15,1.1,1.05,1,0.95,0.9,0.85,0.8,0.75,0.7,0.65,0.6,0.55,0.5,0.45,0.4,0.35,0.3,0.25,0.2,0.15,0.1,0.05,0,-0.05,-0.1,-0.15,-0.2],"unit":"V"},"I":{"value":[-0.0008176,-0.00049101,-0.00026098,-7.872e-5,0.00010013,0.00024502,0.00042064,0.00056946,0.00068881,0.00079059,0.00084539,0.00088307,0.00090492,0.00091825,0.00092735,0.00093479,0.00094234,0.00094669,0.00094883,0.00095285,0.0009561,0.00096085,0.00096402,0.00096473,0.00096612,0.0009689,0.00097078,0.00097701,0.0009755,0.00097725,0.00097944],"unit":"A"},"J":{"unit":"A\/cm2","value":[-0.017620689655172415,-0.010582112068965517,-0.005624568965517242,-0.0016965517241379312,0.0021579741379310347,0.005280603448275862,0.009065517241379311,0.01227284482758621,0.014845043103448276,0.017038577586206898,0.01821961206896552,0.01903168103448276,0.019502586206896554,0.019789870689655174,0.019985991379310345,0.020146336206896553,0.020309051724137932,0.020402801724137932,0.020448922413793105,0.020535560344827588,0.020605603448275864,0.020707974137931035,0.02077629310344828,0.020791594827586208,0.02082155172413793,0.02088146551724138,0.02092198275862069,0.02105625,0.021023706896551725,0.021061422413793107,0.021108620689655175]},"cell_dimension":{"value":0.0464,"unit":"cm2"},"sweep_direction":{"unit":"","value":"Forward"},"key":"forward 102 0-1 0.9 3mM_20230808"},{"sample_area":{"value":0.0464,"unit":"cm2"},"irradiance":{"value":1,"unit":""},"pre_sweep_delay":{"value":1,"unit":""},"bias_direction":{"value":0,"unit":""},"max_reverse_bias":{"value":-0.2,"unit":""},"max_forward_bias":{"value":1.3,"unit":""},"num_sweep_points":{"value":31,"unit":""},"dwell_time":{"value":0,"unit":""},"current_limit":{"value":100,"unit":""},"pviv_10a_i_amp":{"value":0,"unit":""},"average":{"value":1,"unit":""},"dark_current":{"value":0,"unit":""},"rshunt_v_lo":{"value":-0.2,"unit":""},"rshunt_v_hi":{"value":0.2,"unit":""},"voc":{"value":1.12999994,"unit":"V"},"isc":{"value":0.00095718,"unit":"A"},"jsc":{"value":20.62892927,"unit":"mA\/cm2"},"imax":{"value":0.00081693,"unit":"A"},"vmax":{"value":0.80765612,"unit":"V"},"pmax":{"value":0.65979529,"unit":"mW"},"fill_factor":{"value":61.0009,"unit":"%"},"efficiency":{"value":14.2197,"unit":"%"},"r_at_voc":{"value":305.652954,"unit":""},"r_at_isc":{"value":21825.57,"unit":""},"power":{"value":0.000896,"unit":"W"},"rshunt":{"value":"NaN","unit":"ohm"},"cell_temp_start":{"value":"NaN","unit":""},"cell_temp_end":{"value":"NaN","unit":""},"exposure":{"value":3.864,"unit":""},"time":{"value":"15:27:00","unit":""},"date":{"value":"08\/08\/2023","unit":""},"V":{"value":[1.3,1.25,1.2,1.15,1.1,1.05,1,0.95,0.9,0.85,0.8,0.75,0.7,0.65,0.6,0.55,0.5,0.45,0.4,0.35,0.3,0.25,0.2,0.15,0.1,0.05,0,-0.05,-0.1,-0.15,-0.2],"unit":"V"},"I":{"value":[-0.00079482,-0.00044879,-0.00022385,-6.543e-5,9.815e-5,0.0002284,0.00039949,0.00055448,0.00066518,0.00076792,0.00082453,0.00086647,0.00088909,0.00090316,0.0009154,0.00092071,0.00092786,0.000931,0.00093524,0.00093907,0.00094218,0.00094513,0.00094802,0.00095072,0.00095317,0.00095563,0.00095733,0.00096262,0.00096127,0.000963,0.00096474],"unit":"A"},"J":{"unit":"A\/cm2","value":[-0.017129741379310347,-0.00967219827586207,-0.004824353448275863,-0.0014101293103448277,0.002115301724137931,0.004922413793103449,0.00860969827586207,0.01195,0.014335775862068967,0.01655,0.017770043103448277,0.018673922413793106,0.019161422413793105,0.019464655172413792,0.019728448275862072,0.019842887931034486,0.01999698275862069,0.020064655172413792,0.020156034482758624,0.020238577586206896,0.020305603448275863,0.02036918103448276,0.02043146551724138,0.020489655172413794,0.020542456896551726,0.020595474137931034,0.02063211206896552,0.020746120689655173,0.020717025862068965,0.020754310344827588,0.020791810344827587]},"cell_dimension":{"value":0.0464,"unit":"cm2"},"sweep_direction":{"unit":"","value":"Forward"},"key":"forward 101 0-1 0.9 3mM_20230808"},{"sample_area":{"value":0.0464,"unit":"cm2"},"irradiance":{"value":1,"unit":""},"pre_sweep_delay":{"value":1,"unit":""},"bias_direction":{"value":0,"unit":""},"max_reverse_bias":{"value":-0.2,"unit":""},"max_forward_bias":{"value":1.3,"unit":""},"num_sweep_points":{"value":31,"unit":""},"dwell_time":{"value":0,"unit":""},"current_limit":{"value":100,"unit":""},"pviv_10a_i_amp":{"value":0,"unit":""},"average":{"value":1,"unit":""},"dark_current":{"value":0,"unit":""},"rshunt_v_lo":{"value":-0.2,"unit":""},"rshunt_v_hi":{"value":0.2,"unit":""},"voc":{"value":1.13331527,"unit":"V"},"isc":{"value":0.00096203,"unit":"A"},"jsc":{"value":20.73342042,"unit":"mA\/cm2"},"imax":{"value":0.00084343,"unit":"A"},"vmax":{"value":0.78354057,"unit":"V"},"pmax":{"value":0.66086469,"unit":"mW"},"fill_factor":{"value":60.614,"unit":"%"},"efficiency":{"value":14.2428,"unit":"%"},"r_at_voc":{"value":352.857338,"unit":""},"r_at_isc":{"value":23755.041,"unit":""},"power":{"value":0.000897,"unit":"W"},"rshunt":{"value":"NaN","unit":"ohm"},"cell_temp_start":{"value":"NaN","unit":""},"cell_temp_end":{"value":"NaN","unit":""},"exposure":{"value":3.854,"unit":""},"time":{"value":"15:26:51","unit":""},"date":{"value":"08\/08\/2023","unit":""},"V":{"value":[1.3,1.25,1.2,1.15,1.1,1.05,1,0.95,0.9,0.85,0.8,0.75,0.7,0.65,0.6,0.55,0.5,0.45,0.4,0.35,0.3,0.25,0.2,0.15,0.1,0.05,0,-0.05,-0.1,-0.15,-0.2],"unit":"V"},"I":{"value":[-0.00073357,-0.0003964,-0.00018711,-5.09e-5,9.615e-5,0.00021614,0.00038479,0.00053072,0.00065421,0.00075284,0.00082452,0.00087424,0.00089998,0.00091055,0.00091949,0.00092923,0.00093214,0.00093624,0.00094037,0.00094638,0.0009476,0.00095228,0.00095293,0.0009569,0.00095767,0.00095963,0.00096332,0.00096687,0.00096558,0.0009669,0.0009695],"unit":"A"},"J":{"unit":"A\/cm2","value":[-0.01580969827586207,-0.008543103448275862,-0.0040325431034482755,-0.0010969827586206897,0.0020721982758620692,0.004658189655172414,0.008292887931034483,0.01143793103448276,0.014099353448275863,0.016225,0.017769827586206897,0.018841379310344828,0.019396120689655173,0.019623922413793106,0.019816594827586208,0.020026508620689654,0.020089224137931037,0.020177586206896553,0.02026659482758621,0.020396120689655173,0.02042241379310345,0.02052327586206897,0.020537284482758624,0.02062284482758621,0.020639439655172415,0.02068168103448276,0.020761206896551726,0.02083771551724138,0.02080991379310345,0.02083836206896552,0.020894396551724138]},"cell_dimension":{"value":0.0464,"unit":"cm2"},"sweep_direction":{"unit":"","value":"Forward"},"key":"forward 10 0-1 0.9 3mM_20230808"}]}}