{"_id":"65365cfb01eab232eb4c8b95","id":"JBNU-SC-00219","author":98,"group":10,"input":[{"tco":{"unit":"","value":"ITO"}},{"htl":[{"material":{"unit":"","value":"NiO_Sputter"},"concentration":{"unit":"","value":"None"},"conc_unit":{"unit":"","value":"None"},"quantity":{"unit":"ml","value":"None"}}],"solvent":[{"material":{"unit":"","value":"None"},"volume":{"unit":"ml","value":"None"}},{"material":{"unit":"","value":"None"},"volume":{"unit":"ml","value":"None"}}],"htl_doping":[{"material":{"unit":"","value":"None"},"volume":{"unit":"ul","value":"None"}}],"spin_coating":[{"type":{"unit":"","value":"None"},"rpm":{"unit":"","value":"None"},"time":{"unit":"s","value":"None"}}],"vacuum_suction":[{"unit":"s","value":"None"}],"annealing":[{"temperature":{"unit":"oC","value":"300"},"time":{"unit":"m","value":"30"}}],"module":[{"type":{"unit":"","value":"None"},"gap":{"unit":"um","value":"None"},"coating_speed":{"unit":"mm\/s","value":"None"},"feeding_amount":{"unit":"ul","value":"None"}}],"thermal_evaporation":[{"vacuum_evaporation_thickness":{"unit":"nm","value":"None"},"evaporation_rate":{"unit":"\u00c5\/s","value":"None"},"vacuum_pressure":{"unit":"uTorr","value":"None"}}]},{"htl_treatment":[{"material":{"unit":"","value":"MeO-2PACz"},"concentration":{"unit":"","value":"0.33"},"conc_unit":{"unit":"","value":"mg\/ml"},"quantity":{"unit":"ml","value":"0.75"}},{"material":{"unit":"","value":"Me-4PACz"},"concentration":{"unit":"","value":"0.33"},"conc_unit":{"unit":"","value":"mg\/ml"},"quantity":{"unit":"ml","value":"0.25"}}],"solvent":[{"material":{"unit":"","value":"Ethanol"},"volume":{"unit":"ml","value":"1"}},{"material":{"unit":"","value":"None"},"volume":{"unit":"ml","value":"None"}},{"material":{"unit":"","value":"Ethanol"},"volume":{"unit":"ml","value":"1"}},{"material":{"unit":"","value":"None"},"volume":{"unit":"ml","value":"None"}}],"spin_coating":[{"type":{"unit":"","value":"drop&run"},"rpm":{"unit":"","value":"3000"},"time":{"unit":"s","value":"50"}}],"vacuum_suction":[{"unit":"s","value":"10"}],"annealing":[{"temperature":{"unit":"oC","value":"None"},"time":{"unit":"m","value":"None"}}],"module":[{"type":{"unit":"","value":"None"},"gap":{"unit":"um","value":"None"},"coating_speed":{"unit":"mm\/s","value":"None"},"feeding_amount":{"unit":"ul","value":"None"}}],"thermal_evaporation":[{"vacuum_evaporation_thickness":{"unit":"nm","value":"None"},"evaporation_rate":{"unit":"\u00c5\/s","value":"None"},"vacuum_pressure":{"unit":"uTorr","value":"None"}}]},{"perovskite":{"method":{"unit":"","value":"1-step"},"molarity":{"unit":"M","value":"1.45"},"a_site":[{"material":{"unit":"","value":"Cs"},"ratio":{"unit":"","value":"0.175"}},{"material":{"unit":"","value":"FA"},"ratio":{"unit":"","value":"0.825"}}],"b_site":[{"material":{"unit":"","value":"Pb"},"ratio":{"unit":"","value":"1"}},{"material":{"unit":"","value":"None"},"ratio":{"unit":"","value":"0"}}],"x_site":[{"material":{"unit":"","value":"I"},"ratio":{"unit":"","value":"2.55"}},{"material":{"unit":"","value":"Br"},"ratio":{"unit":"","value":"0.45"}}],"solvent":[{"material":{"unit":"","value":"DMF"},"volume":{"unit":"ml","value":"0.72"}},{"material":{"unit":"","value":"DMSO"},"volume":{"unit":"ml","value":"0.18"}}],"additive":[{"material":{"unit":"","value":"None"},"solvent":{"unit":"","value":"None"},"concentration":{"unit":"","value":"None"},"conc_unit":{"unit":"","value":"None"},"quantity":{"unit":"mol%","value":"None"}}],"stirring_time":[{"unit":"m","value":"120"}],"antisolvent":[{"material":{"unit":"","value":"None"},"quantity":{"unit":"ul","value":"None"},"dripping_time":{"unit":"s","value":"None"}}],"spin_coating":[{"type":{"unit":"","value":"drop&run"},"rpm":{"unit":"","value":"4000"},"time":{"unit":"s","value":"10"}}],"vacuum_suction":[{"unit":"s","value":"60"}],"annealing":[{"temperature":{"unit":"oC","value":"100"},"time":{"unit":"m","value":"30"}}],"atmosphere":[{"type":{"unit":"","value":"N2"},"temperature":{"unit":"oC","value":"28"},"humidity":{"unit":"RH%","value":"0"}}],"assist":[{"type":{"unit":"","value":"None"},"temperature":{"unit":"oC","value":"None"},"assist_start_time":{"value":null,"unit":"s"},"total_assist_time":{"value":"None","unit":"s"}}],"module":[{"type":{"unit":"","value":"None"},"gap":{"unit":"um","value":"None"},"coating_speed":{"unit":"mm\/s","value":"None"},"feeding_amount":{"unit":"ul","value":"None"}}],"thermal_evaporation":[{"vacuum_evaporation_thickness":{"unit":"nm","value":"None"},"evaporation_rate":{"unit":"\u00c5\/s","value":"None"},"vacuum_pressure":{"unit":"uTorr","value":"None"}}]}},{"perovskite_treatment":[{"material":{"unit":"","value":"None"},"concentration":{"unit":"","value":"None"},"conc_unit":{"unit":"","value":"None"},"quantity":{"unit":"ml","value":"None"}}],"solvent":[{"material":{"unit":"","value":"None"},"volume":{"unit":"ml","value":"None"}},{"material":{"unit":"","value":"None"},"volume":{"unit":"ml","value":"None"}}],"spin_coating":[{"type":{"unit":"","value":"None"},"rpm":{"unit":"","value":"None"},"time":{"unit":"s","value":"None"}}],"vacuum_suction":[{"unit":"s","value":"None"}],"annealing":[{"temperature":{"unit":"oC","value":"None"},"time":{"unit":"m","value":"None"}}],"module":[{"type":{"unit":"","value":"None"},"gap":{"unit":"um","value":"None"},"coating_speed":{"unit":"mm\/s","value":"None"},"feeding_amount":{"unit":"ul","value":"None"}}],"thermal_evaporation":[{"vacuum_evaporation_thickness":{"unit":"nm","value":"None"},"evaporation_rate":{"unit":"\u00c5\/s","value":"None"},"vacuum_pressure":{"unit":"uTorr","value":"None"}}]},{"etl":[{"material":{"unit":"","value":"C60"},"concentration":{"unit":"","value":"None"},"conc_unit":{"unit":"","value":"None"},"quantity":{"unit":"ml","value":"None"}}],"solvent":[{"material":{"unit":"","value":"None"},"volume":{"unit":"ml","value":"None"}},{"material":{"unit":"","value":"None"},"volume":{"unit":"ml","value":"None"}}],"spin_coating":[{"type":{"unit":"","value":"None"},"rpm":{"unit":"","value":"None"},"time":{"unit":"s","value":"None"}}],"vacuum_suction":[{"unit":"s","value":"None"}],"annealing":[{"temperature":{"unit":"oC","value":"None"},"time":{"unit":"m","value":"None"}}],"etl_doping":[{"material":{"unit":"","value":"None"},"volume":{"unit":"ul","value":"None"}}],"module":[{"type":{"unit":"","value":"None"},"gap":{"unit":"um","value":"None"},"coating_speed":{"unit":"mm\/s","value":"None"},"feeding_amount":{"unit":"ul","value":"None"}}],"thermal_evaporation":[{"vacuum_evaporation_thickness":{"unit":"nm","value":"30"},"evaporation_rate":{"unit":"\u00c5\/s","value":"0.6"},"vacuum_pressure":{"unit":"uTorr","value":"2x10-6"}}]},{"blocking_buffer_layer":[{"material":{"unit":"","value":"BCP"},"concentration":{"unit":"","value":"None"},"conc_unit":{"unit":"","value":"None"},"quantity":{"unit":"ml","value":"None"}}],"solvent":[{"material":{"unit":"","value":"None"},"volume":{"unit":"ml","value":"None"}},{"material":{"unit":"","value":"None"},"volume":{"unit":"ml","value":"None"}}],"spin_coating":[{"type":{"unit":"","value":"None"},"rpm":{"unit":"","value":"None"},"time":{"unit":"s","value":"None"}}],"vacuum_suction":[{"unit":"s","value":"0"}],"annealing":[{"temperature":{"unit":"oC","value":"None"},"time":{"unit":"m","value":"None"}}],"module":[{"type":{"unit":"","value":"None"},"gap":{"unit":"um","value":"None"},"coating_speed":{"unit":"mm\/s","value":"None"},"feeding_amount":{"unit":"ul","value":"None"}}],"thermal_evaporation":[{"vacuum_evaporation_thickness":{"unit":"nm","value":"6"},"evaporation_rate":{"unit":"\u00c5\/s","value":"0.6"},"vacuum_pressure":{"unit":"uTorr","value":"2x10-6"}}]},{"anode_metal":{"unit":"","value":"Ag"}},{"note":{"unit":"","value":"-"},"ar":{"unit":"","value":"0"},"type":{"unit":"","value":"unit_cell"},"device_type":{"unit":"","value":"p-i-n"},"temperature":{"unit":"\u2103","value":"25"},"humidity":{"unit":"%","value":"40"},"cell_dimension":{"unit":"cm2","value":"0.0464"}}],"fileinfo":[{"key":"forward 31 MeO-Me 3-1 1mM OLAI O_20230714","uploadType":"JV","original_name":"forward 31 MeO-Me 3-1 1mM OLAI O_20230714-102911.txt","save_name":"JBNU-SC-00219\/forward 31 MeO-Me 3-1 1mM OLAI O_20230714","uploader":98,"fileType":""},{"key":"forward 32 MeO-Me 3-1 1mM OLAI O_20230714","uploadType":"JV","original_name":"forward 32 MeO-Me 3-1 1mM OLAI O_20230714-102938.txt","save_name":"JBNU-SC-00219\/forward 32 MeO-Me 3-1 1mM OLAI O_20230714","uploader":98,"fileType":""},{"key":"forward 33 MeO-Me 3-1 1mM OLAI O_20230714","uploadType":"JV","original_name":"forward 33 MeO-Me 3-1 1mM OLAI O_20230714-103032.txt","save_name":"JBNU-SC-00219\/forward 33 MeO-Me 3-1 1mM OLAI O_20230714","uploader":98,"fileType":""},{"key":"forward 34 MeO-Me 3-1 1mM OLAI O_20230714","uploadType":"JV","original_name":"forward 34 MeO-Me 3-1 1mM OLAI O_20230714-103059.txt","save_name":"JBNU-SC-00219\/forward 34 MeO-Me 3-1 1mM OLAI O_20230714","uploader":98,"fileType":""},{"key":"forward 41 MeO-Me 3-1 1mM OLAI O_20230714","uploadType":"JV","original_name":"forward 41 MeO-Me 3-1 1mM OLAI O_20230714-103215.txt","save_name":"JBNU-SC-00219\/forward 41 MeO-Me 3-1 1mM OLAI O_20230714","uploader":98,"fileType":""},{"key":"forward 42 MeO-Me 3-1 1mM OLAI O_20230714","uploadType":"JV","original_name":"forward 42 MeO-Me 3-1 1mM OLAI O_20230714-103239.txt","save_name":"JBNU-SC-00219\/forward 42 MeO-Me 3-1 1mM OLAI O_20230714","uploader":98,"fileType":""},{"key":"forward 43 MeO-Me 3-1 1mM OLAI O_20230714","uploadType":"JV","original_name":"forward 43 MeO-Me 3-1 1mM OLAI O_20230714-103253.txt","save_name":"JBNU-SC-00219\/forward 43 MeO-Me 3-1 1mM OLAI O_20230714","uploader":98,"fileType":""},{"key":"forward 44 MeO-Me 3-1 1mM OLAI O_20230714","uploadType":"JV","original_name":"forward 44 MeO-Me 3-1 1mM OLAI O_20230714-103317.txt","save_name":"JBNU-SC-00219\/forward 44 MeO-Me 3-1 1mM OLAI O_20230714","uploader":98,"fileType":""}],"jvcnt":8,"updated_at":"2024-08-07 02:33:50","created_at":"2023-10-23 11:46:03","analysisInfo":{"JV":[{"efficiency":18.7562,"fill_factor":78.355,"jsc":21.54947945,"voc":1.11081446,"key":"forward 44 MeO-Me 3-1 1mM OLAI O_20230714","cell_dimension":0.0464},{"efficiency":18.3855,"fill_factor":76.7846,"jsc":21.64921444,"voc":1.10600949,"key":"forward 43 MeO-Me 3-1 1mM OLAI O_20230714","cell_dimension":0.0464},{"efficiency":18.3208,"fill_factor":77.8496,"jsc":21.53668205,"voc":1.09271805,"key":"forward 42 MeO-Me 3-1 1mM OLAI O_20230714","cell_dimension":0.0464},{"efficiency":17.5759,"fill_factor":76.3746,"jsc":21.18863297,"voc":1.08609226,"key":"forward 41 MeO-Me 3-1 1mM OLAI O_20230714","cell_dimension":0.0464},{"efficiency":19.1338,"fill_factor":77.4105,"jsc":22.24406955,"voc":1.1111843,"key":"forward 34 MeO-Me 3-1 1mM OLAI O_20230714","cell_dimension":0.0464},{"efficiency":18.8916,"fill_factor":77.4434,"jsc":22.03899236,"voc":1.10685979,"key":"forward 33 MeO-Me 3-1 1mM OLAI O_20230714","cell_dimension":0.0464},{"efficiency":14.6994,"fill_factor":65.0653,"jsc":21.48978303,"voc":1.05127708,"key":"forward 32 MeO-Me 3-1 1mM OLAI O_20230714","cell_dimension":0.0464},{"efficiency":18.221,"fill_factor":76.0301,"jsc":21.90976254,"voc":1.09382586,"key":"forward 31 MeO-Me 3-1 1mM OLAI O_20230714","cell_dimension":0.0464}]},"public":2,"analysis":{"JV":[{"sample_area":{"value":0.0464,"unit":"cm2"},"irradiance":{"value":1,"unit":""},"pre_sweep_delay":{"value":1,"unit":""},"bias_direction":{"value":0,"unit":""},"max_reverse_bias":{"value":-0.2,"unit":""},"max_forward_bias":{"value":1.3,"unit":""},"num_sweep_points":{"value":31,"unit":""},"dwell_time":{"value":0,"unit":""},"current_limit":{"value":100,"unit":""},"pviv_10a_i_amp":{"value":0,"unit":""},"average":{"value":1,"unit":""},"dark_current":{"value":0,"unit":""},"rshunt_v_lo":{"value":-0.2,"unit":""},"rshunt_v_hi":{"value":0.2,"unit":""},"voc":{"value":1.11081446,"unit":"V"},"isc":{"value":0.0009999,"unit":"A"},"jsc":{"value":21.54947945,"unit":"mA\/cm2"},"imax":{"value":0.00092882,"unit":"A"},"vmax":{"value":0.93697959,"unit":"V"},"pmax":{"value":0.87028799,"unit":"mW"},"fill_factor":{"value":78.355,"unit":"%"},"efficiency":{"value":18.7562,"unit":"%"},"r_at_voc":{"value":89.117441,"unit":""},"r_at_isc":{"value":56758.902,"unit":""},"power":{"value":0.00102828,"unit":"W"},"rshunt":{"value":"NaN","unit":"ohm"},"cell_temp_start":{"value":"NaN","unit":""},"cell_temp_end":{"value":"NaN","unit":""},"exposure":{"value":3.73,"unit":""},"time":{"value":"10:33:17","unit":""},"date":{"value":"07\/14\/2023","unit":""},"V":{"value":[1.3,1.25,1.2,1.15,1.1,1.05,1,0.95,0.9,0.85,0.8,0.75,0.7,0.65,0.6,0.55,0.5,0.45,0.4,0.35,0.3,0.25,0.2,0.15,0.1,0.05,0,-0.05,-0.1,-0.15,-0.2],"unit":"V"},"I":{"value":[-0.00276744,-0.00187906,-0.00109369,-0.00043971,0.00012135,0.00052879,0.00079211,0.00091369,0.00095322,0.00096844,0.00097598,0.00097992,0.00098126,0.0009826,0.00098507,0.00098639,0.00099012,0.00099111,0.00099125,0.00099254,0.00099491,0.00099504,0.00099658,0.00099752,0.00099734,0.00099826,0.00099955,0.00100325,0.00100207,0.00100179,0.00100286],"unit":"A"},"J":{"unit":"A\/cm2","value":[-0.059643103448275864,-0.040496982758620695,-0.023570905172413795,-0.009476508620689656,0.002615301724137931,0.011396336206896552,0.01707133620689655,0.019691594827586208,0.02054353448275862,0.020871551724137932,0.02103405172413793,0.02111896551724138,0.02114784482758621,0.021176724137931036,0.021229956896551726,0.021258405172413793,0.021338793103448276,0.021360129310344828,0.021363146551724138,0.021390948275862073,0.021442025862068965,0.0214448275862069,0.02147801724137931,0.021498275862068966,0.021494396551724138,0.021514224137931033,0.021542025862068968,0.021621767241379312,0.021596336206896556,0.021590301724137933,0.021613362068965518]},"cell_dimension":{"value":0.0464,"unit":"cm2"},"sweep_direction":{"unit":"","value":"Forward"},"key":"forward 44 MeO-Me 3-1 1mM OLAI O_20230714"},{"sample_area":{"value":0.0464,"unit":"cm2"},"irradiance":{"value":1,"unit":""},"pre_sweep_delay":{"value":1,"unit":""},"bias_direction":{"value":0,"unit":""},"max_reverse_bias":{"value":-0.2,"unit":""},"max_forward_bias":{"value":1.3,"unit":""},"num_sweep_points":{"value":31,"unit":""},"dwell_time":{"value":0,"unit":""},"current_limit":{"value":100,"unit":""},"pviv_10a_i_amp":{"value":0,"unit":""},"average":{"value":1,"unit":""},"dark_current":{"value":0,"unit":""},"rshunt_v_lo":{"value":-0.2,"unit":""},"rshunt_v_hi":{"value":0.2,"unit":""},"voc":{"value":1.10600949,"unit":"V"},"isc":{"value":0.00100452,"unit":"A"},"jsc":{"value":21.64921444,"unit":"mA\/cm2"},"imax":{"value":0.00093992,"unit":"A"},"vmax":{"value":0.90761781,"unit":"V"},"pmax":{"value":0.85308644,"unit":"mW"},"fill_factor":{"value":76.7846,"unit":"%"},"efficiency":{"value":18.3855,"unit":"%"},"r_at_voc":{"value":186.815273,"unit":""},"r_at_isc":{"value":64219.701,"unit":""},"power":{"value":0.00101682,"unit":"W"},"rshunt":{"value":"NaN","unit":"ohm"},"cell_temp_start":{"value":"NaN","unit":""},"cell_temp_end":{"value":"NaN","unit":""},"exposure":{"value":3.861,"unit":""},"time":{"value":"10:32:53","unit":""},"date":{"value":"07\/14\/2023","unit":""},"V":{"value":[1.3,1.25,1.2,1.15,1.1,1.05,1,0.95,0.9,0.85,0.8,0.75,0.7,0.65,0.6,0.55,0.5,0.45,0.4,0.35,0.3,0.25,0.2,0.15,0.1,0.05,0,-0.05,-0.1,-0.15,-0.2],"unit":"V"},"I":{"value":[-0.0007827,-0.00058979,-0.00042845,-0.00023548,3.217e-5,0.00039622,0.0006922,0.00087122,0.0009472,0.00097365,0.00098298,0.00098577,0.00098853,0.00099173,0.00099287,0.00099385,0.00099665,0.00099667,0.00099697,0.000999,0.00099848,0.00100226,0.00100121,0.00100252,0.00100292,0.00100332,0.0010043,0.00100617,0.0010055,0.00100704,0.00100747],"unit":"A"},"J":{"unit":"A\/cm2","value":[-0.016868534482758622,-0.012710991379310345,-0.009233836206896552,-0.0050750000000000005,0.0006933189655172414,0.008539224137931036,0.014918103448275863,0.018776293103448277,0.020413793103448277,0.02098383620689655,0.02118491379310345,0.021245043103448276,0.02130452586206897,0.021373491379310345,0.02139806034482759,0.02141918103448276,0.021479525862068968,0.021479956896551727,0.021486422413793105,0.021530172413793108,0.02151896551724138,0.02160043103448276,0.02157780172413793,0.02160603448275862,0.021614655172413795,0.02162327586206897,0.021644396551724142,0.02168469827586207,0.021670258620689657,0.021703448275862073,0.02171271551724138]},"cell_dimension":{"value":0.0464,"unit":"cm2"},"sweep_direction":{"unit":"","value":"Forward"},"key":"forward 43 MeO-Me 3-1 1mM OLAI O_20230714"},{"sample_area":{"value":0.0464,"unit":"cm2"},"irradiance":{"value":1,"unit":""},"pre_sweep_delay":{"value":1,"unit":""},"bias_direction":{"value":0,"unit":""},"max_reverse_bias":{"value":-0.2,"unit":""},"max_forward_bias":{"value":1.3,"unit":""},"num_sweep_points":{"value":31,"unit":""},"dwell_time":{"value":0,"unit":""},"current_limit":{"value":100,"unit":""},"pviv_10a_i_amp":{"value":0,"unit":""},"average":{"value":1,"unit":""},"dark_current":{"value":0,"unit":""},"rshunt_v_lo":{"value":-0.2,"unit":""},"rshunt_v_hi":{"value":0.2,"unit":""},"voc":{"value":1.09271805,"unit":"V"},"isc":{"value":0.0009993,"unit":"A"},"jsc":{"value":21.53668205,"unit":"mA\/cm2"},"imax":{"value":0.00093404,"unit":"A"},"vmax":{"value":0.91011286,"unit":"V"},"pmax":{"value":0.85008296,"unit":"mW"},"fill_factor":{"value":77.8496,"unit":"%"},"efficiency":{"value":18.3208,"unit":"%"},"r_at_voc":{"value":115.221444,"unit":""},"r_at_isc":{"value":62205.795,"unit":""},"power":{"value":0.0010083,"unit":"W"},"rshunt":{"value":"NaN","unit":"ohm"},"cell_temp_start":{"value":"NaN","unit":""},"cell_temp_end":{"value":"NaN","unit":""},"exposure":{"value":3.918,"unit":""},"time":{"value":"10:32:39","unit":""},"date":{"value":"07\/14\/2023","unit":""},"V":{"value":[1.3,1.25,1.2,1.15,1.1,1.05,1,0.95,0.9,0.85,0.8,0.75,0.7,0.65,0.6,0.55,0.5,0.45,0.4,0.35,0.3,0.25,0.2,0.15,0.1,0.05,0,-0.05,-0.1,-0.15,-0.2],"unit":"V"},"I":{"value":[-0.00295454,-0.00204828,-0.00126005,-0.00060648,-6.32e-5,0.00037075,0.00069455,0.00086946,0.0009433,0.00096694,0.00097632,0.00098116,0.00098332,0.00098605,0.00098683,0.00098886,0.00098974,0.00099132,0.00099349,0.00099378,0.00099608,0.00099621,0.00099545,0.00099589,0.00099717,0.00099726,0.00099826,0.00100009,0.00100162,0.0010016,0.00100385],"unit":"A"},"J":{"unit":"A\/cm2","value":[-0.06367543103448275,-0.04414396551724138,-0.02715625,-0.013070689655172415,-0.0013620689655172416,0.007990301724137932,0.014968750000000003,0.01873836206896552,0.020329741379310345,0.020839224137931035,0.02104137931034483,0.021145689655172415,0.021192241379310348,0.0212510775862069,0.021267887931034485,0.021311637931034483,0.021330603448275864,0.021364655172413795,0.021411422413793107,0.021417672413793106,0.02146724137931035,0.021470043103448275,0.02145366379310345,0.021463146551724138,0.02149073275862069,0.021492672413793105,0.021514224137931033,0.021553663793103448,0.021586637931034484,0.021586206896551725,0.02163469827586207]},"cell_dimension":{"value":0.0464,"unit":"cm2"},"sweep_direction":{"unit":"","value":"Forward"},"key":"forward 42 MeO-Me 3-1 1mM OLAI O_20230714"},{"sample_area":{"value":0.0464,"unit":"cm2"},"irradiance":{"value":1,"unit":""},"pre_sweep_delay":{"value":1,"unit":""},"bias_direction":{"value":0,"unit":""},"max_reverse_bias":{"value":-0.2,"unit":""},"max_forward_bias":{"value":1.3,"unit":""},"num_sweep_points":{"value":31,"unit":""},"dwell_time":{"value":0,"unit":""},"current_limit":{"value":100,"unit":""},"pviv_10a_i_amp":{"value":0,"unit":""},"average":{"value":1,"unit":""},"dark_current":{"value":0,"unit":""},"rshunt_v_lo":{"value":-0.2,"unit":""},"rshunt_v_hi":{"value":0.2,"unit":""},"voc":{"value":1.08609226,"unit":"V"},"isc":{"value":0.00098315,"unit":"A"},"jsc":{"value":21.18863297,"unit":"mA\/cm2"},"imax":{"value":0.00091224,"unit":"A"},"vmax":{"value":0.89398369,"unit":"V"},"pmax":{"value":0.81552387,"unit":"mW"},"fill_factor":{"value":76.3746,"unit":"%"},"efficiency":{"value":17.5759,"unit":"%"},"r_at_voc":{"value":120.390924,"unit":""},"r_at_isc":{"value":50353.989,"unit":""},"power":{"value":0.00097947,"unit":"W"},"rshunt":{"value":"NaN","unit":"ohm"},"cell_temp_start":{"value":"NaN","unit":""},"cell_temp_end":{"value":"NaN","unit":""},"exposure":{"value":3.91,"unit":""},"time":{"value":"10:32:15","unit":""},"date":{"value":"07\/14\/2023","unit":""},"V":{"value":[1.3,1.25,1.2,1.15,1.1,1.05,1,0.95,0.9,0.85,0.8,0.75,0.7,0.65,0.6,0.55,0.5,0.45,0.4,0.35,0.3,0.25,0.2,0.15,0.1,0.05,0,-0.05,-0.1,-0.15,-0.2],"unit":"V"},"I":{"value":[-0.00272322,-0.00190778,-0.00119991,-0.00061023,-0.00011552,0.00029979,0.00061032,0.00080764,0.0009057,0.00094197,0.00095727,0.0009609,0.00096499,0.00096742,0.00097144,0.00097142,0.00097253,0.00097544,0.00097649,0.00097816,0.00097625,0.00097828,0.00098094,0.00097992,0.00098007,0.00098174,0.00098488,0.00098424,0.00098468,0.00098486,0.00098789],"unit":"A"},"J":{"unit":"A\/cm2","value":[-0.05869008620689656,-0.04111594827586207,-0.02586012931034483,-0.013151508620689657,-0.0024896551724137932,0.0064609913793103445,0.013153448275862071,0.017406034482758622,0.01951939655172414,0.020301077586206896,0.02063081896551724,0.020709051724137933,0.02079719827586207,0.02084956896551724,0.020936206896551724,0.020935775862068965,0.02095969827586207,0.02102241379310345,0.021045043103448277,0.021081034482758623,0.021039870689655175,0.021083620689655174,0.021140948275862072,0.02111896551724138,0.02112219827586207,0.021158189655172417,0.02122586206896552,0.021212068965517243,0.021221551724137932,0.02122543103448276,0.02129073275862069]},"cell_dimension":{"value":0.0464,"unit":"cm2"},"sweep_direction":{"unit":"","value":"Forward"},"key":"forward 41 MeO-Me 3-1 1mM OLAI O_20230714"},{"sample_area":{"value":0.0464,"unit":"cm2"},"irradiance":{"value":1,"unit":""},"pre_sweep_delay":{"value":1,"unit":""},"bias_direction":{"value":0,"unit":""},"max_reverse_bias":{"value":-0.2,"unit":""},"max_forward_bias":{"value":1.3,"unit":""},"num_sweep_points":{"value":31,"unit":""},"dwell_time":{"value":0,"unit":""},"current_limit":{"value":100,"unit":""},"pviv_10a_i_amp":{"value":0,"unit":""},"average":{"value":1,"unit":""},"dark_current":{"value":0,"unit":""},"rshunt_v_lo":{"value":-0.2,"unit":""},"rshunt_v_hi":{"value":0.2,"unit":""},"voc":{"value":1.1111843,"unit":"V"},"isc":{"value":0.00103212,"unit":"A"},"jsc":{"value":22.24406955,"unit":"mA\/cm2"},"imax":{"value":0.0009455,"unit":"A"},"vmax":{"value":0.9389858,"unit":"V"},"pmax":{"value":0.88780639,"unit":"mW"},"fill_factor":{"value":77.4105,"unit":"%"},"efficiency":{"value":19.1338,"unit":"%"},"r_at_voc":{"value":87.710681,"unit":""},"r_at_isc":{"value":37847.249,"unit":""},"power":{"value":0.00105693,"unit":"W"},"rshunt":{"value":"NaN","unit":"ohm"},"cell_temp_start":{"value":"NaN","unit":""},"cell_temp_end":{"value":"NaN","unit":""},"exposure":{"value":3.732,"unit":""},"time":{"value":"10:30:59","unit":""},"date":{"value":"07\/14\/2023","unit":""},"V":{"value":[1.3,1.25,1.2,1.15,1.1,1.05,1,0.95,0.9,0.85,0.8,0.75,0.7,0.65,0.6,0.55,0.5,0.45,0.4,0.35,0.3,0.25,0.2,0.15,0.1,0.05,0,-0.05,-0.1,-0.15,-0.2],"unit":"V"},"I":{"value":[-0.00277179,-0.00189558,-0.00111364,-0.00044254,0.00012751,0.000553,0.00081427,0.00093283,0.00097156,0.00098862,0.00099763,0.00100239,0.00100654,0.0010095,0.0010114,0.0010146,0.00101683,0.00101855,0.00101967,0.00102301,0.00102437,0.00102518,0.00102635,0.00102891,0.0010294,0.00103013,0.00103169,0.00103459,0.0010363,0.00103524,0.00103668],"unit":"A"},"J":{"unit":"A\/cm2","value":[-0.05973685344827587,-0.04085301724137931,-0.02400086206896552,-0.0095375,0.0027480603448275863,0.011918103448275864,0.017548922413793105,0.02010409482758621,0.02093879310344828,0.02130646551724138,0.02150064655172414,0.02160323275862069,0.021692672413793104,0.02175646551724138,0.02179741379310345,0.02186637931034483,0.021914439655172417,0.021951508620689657,0.02197564655172414,0.02204762931034483,0.022076939655172413,0.02209439655172414,0.02211961206896552,0.022174784482758624,0.022185344827586207,0.0222010775862069,0.02223469827586207,0.02229719827586207,0.02233405172413793,0.022311206896551725,0.022342241379310342]},"cell_dimension":{"value":0.0464,"unit":"cm2"},"sweep_direction":{"unit":"","value":"Forward"},"key":"forward 34 MeO-Me 3-1 1mM OLAI O_20230714"},{"sample_area":{"value":0.0464,"unit":"cm2"},"irradiance":{"value":1,"unit":""},"pre_sweep_delay":{"value":1,"unit":""},"bias_direction":{"value":0,"unit":""},"max_reverse_bias":{"value":-0.2,"unit":""},"max_forward_bias":{"value":1.3,"unit":""},"num_sweep_points":{"value":31,"unit":""},"dwell_time":{"value":0,"unit":""},"current_limit":{"value":100,"unit":""},"pviv_10a_i_amp":{"value":0,"unit":""},"average":{"value":1,"unit":""},"dark_current":{"value":0,"unit":""},"rshunt_v_lo":{"value":-0.2,"unit":""},"rshunt_v_hi":{"value":0.2,"unit":""},"voc":{"value":1.10685979,"unit":"V"},"isc":{"value":0.00102261,"unit":"A"},"jsc":{"value":22.03899236,"unit":"mA\/cm2"},"imax":{"value":0.00094621,"unit":"A"},"vmax":{"value":0.92639806,"unit":"V"},"pmax":{"value":0.8765698,"unit":"mW"},"fill_factor":{"value":77.4434,"unit":"%"},"efficiency":{"value":18.8916,"unit":"%"},"r_at_voc":{"value":97.681046,"unit":""},"r_at_isc":{"value":41921.69,"unit":""},"power":{"value":0.00104166,"unit":"W"},"rshunt":{"value":"NaN","unit":"ohm"},"cell_temp_start":{"value":"NaN","unit":""},"cell_temp_end":{"value":"NaN","unit":""},"exposure":{"value":3.917,"unit":""},"time":{"value":"10:30:32","unit":""},"date":{"value":"07\/14\/2023","unit":""},"V":{"value":[1.3,1.25,1.2,1.15,1.1,1.05,1,0.95,0.9,0.85,0.8,0.75,0.7,0.65,0.6,0.55,0.5,0.45,0.4,0.35,0.3,0.25,0.2,0.15,0.1,0.05,0,-0.05,-0.1,-0.15,-0.2],"unit":"V"},"I":{"value":[-0.00252071,-0.00174042,-0.00104214,-0.00044164,7.023e-5,0.00048228,0.00076676,0.00091472,0.00096674,0.00098525,0.00099324,0.00099785,0.00100232,0.00100367,0.00100572,0.0010075,0.00100837,0.00101099,0.00101189,0.00101346,0.0010151,0.00101593,0.001019,0.00101867,0.00102049,0.00102128,0.00102393,0.00102376,0.00102415,0.001025,0.00102827],"unit":"A"},"J":{"unit":"A\/cm2","value":[-0.05432564655172414,-0.03750905172413793,-0.02245991379310345,-0.009518103448275863,0.0015135775862068965,0.01039396551724138,0.016525,0.019713793103448278,0.02083491379310345,0.021233836206896554,0.021406034482758622,0.021505387931034483,0.021601724137931034,0.021630818965517242,0.021675000000000003,0.021713362068965517,0.02173211206896552,0.0217885775862069,0.02180797413793104,0.02184181034482759,0.021877155172413794,0.021895043103448277,0.021961206896551726,0.02195409482758621,0.021993318965517244,0.02201034482758621,0.022067456896551724,0.02206379310344828,0.02207219827586207,0.022090517241379313,0.022160991379310345]},"cell_dimension":{"value":0.0464,"unit":"cm2"},"sweep_direction":{"unit":"","value":"Forward"},"key":"forward 33 MeO-Me 3-1 1mM OLAI O_20230714"},{"sample_area":{"value":0.0464,"unit":"cm2"},"irradiance":{"value":1,"unit":""},"pre_sweep_delay":{"value":1,"unit":""},"bias_direction":{"value":0,"unit":""},"max_reverse_bias":{"value":-0.2,"unit":""},"max_forward_bias":{"value":1.3,"unit":""},"num_sweep_points":{"value":31,"unit":""},"dwell_time":{"value":0,"unit":""},"current_limit":{"value":100,"unit":""},"pviv_10a_i_amp":{"value":0,"unit":""},"average":{"value":1,"unit":""},"dark_current":{"value":0,"unit":""},"rshunt_v_lo":{"value":-0.2,"unit":""},"rshunt_v_hi":{"value":0.2,"unit":""},"voc":{"value":1.05127708,"unit":"V"},"isc":{"value":0.00099713,"unit":"A"},"jsc":{"value":21.48978303,"unit":"mA\/cm2"},"imax":{"value":0.00087763,"unit":"A"},"vmax":{"value":0.77714639,"unit":"V"},"pmax":{"value":0.68205045,"unit":"mW"},"fill_factor":{"value":65.0653,"unit":"%"},"efficiency":{"value":14.6994,"unit":"%"},"r_at_voc":{"value":195.676246,"unit":""},"r_at_isc":{"value":22076.331,"unit":""},"power":{"value":0.00089734,"unit":"W"},"rshunt":{"value":"NaN","unit":"ohm"},"cell_temp_start":{"value":"NaN","unit":""},"cell_temp_end":{"value":"NaN","unit":""},"exposure":{"value":3.977,"unit":""},"time":{"value":"10:29:38","unit":""},"date":{"value":"07\/14\/2023","unit":""},"V":{"value":[1.3,1.25,1.2,1.15,1.1,1.05,1,0.95,0.9,0.85,0.8,0.75,0.7,0.65,0.6,0.55,0.5,0.45,0.4,0.35,0.3,0.25,0.2,0.15,0.1,0.05,0,-0.05,-0.1,-0.15,-0.2],"unit":"V"},"I":{"value":[-0.00196684,-0.00142253,-0.00095998,-0.00056992,-0.000249,6.53e-6,0.00023932,0.00044478,0.00061943,0.00075296,0.00084827,0.00090399,0.00093453,0.00094807,0.00095735,0.00096394,0.00097001,0.00097219,0.00097594,0.00097913,0.00098409,0.00098539,0.0009881,0.00098975,0.00099251,0.00099454,0.00099834,0.00099993,0.00100092,0.00100295,0.00100694],"unit":"A"},"J":{"unit":"A\/cm2","value":[-0.04238879310344828,-0.030657974137931036,-0.020689224137931037,-0.012282758620689657,-0.005366379310344827,0.00014073275862068967,0.005157758620689656,0.009585775862068966,0.013349784482758623,0.016227586206896554,0.01828168103448276,0.01948254310344828,0.020140732758620692,0.020432543103448275,0.020632543103448277,0.020774568965517243,0.020905387931034483,0.02095237068965517,0.021033189655172417,0.021101939655172413,0.021208836206896554,0.021236853448275864,0.021295258620689657,0.02133081896551724,0.021390301724137934,0.02143405172413793,0.02151594827586207,0.02155021551724138,0.02157155172413793,0.021615301724137934,0.021701293103448278]},"cell_dimension":{"value":0.0464,"unit":"cm2"},"sweep_direction":{"unit":"","value":"Forward"},"key":"forward 32 MeO-Me 3-1 1mM OLAI O_20230714"},{"sample_area":{"value":0.0464,"unit":"cm2"},"irradiance":{"value":1,"unit":""},"pre_sweep_delay":{"value":1,"unit":""},"bias_direction":{"value":0,"unit":""},"max_reverse_bias":{"value":-0.2,"unit":""},"max_forward_bias":{"value":1.3,"unit":""},"num_sweep_points":{"value":31,"unit":""},"dwell_time":{"value":0,"unit":""},"current_limit":{"value":100,"unit":""},"pviv_10a_i_amp":{"value":0,"unit":""},"average":{"value":1,"unit":""},"dark_current":{"value":0,"unit":""},"rshunt_v_lo":{"value":-0.2,"unit":""},"rshunt_v_hi":{"value":0.2,"unit":""},"voc":{"value":1.09382586,"unit":"V"},"isc":{"value":0.00101661,"unit":"A"},"jsc":{"value":21.90976254,"unit":"mA\/cm2"},"imax":{"value":0.00094113,"unit":"A"},"vmax":{"value":0.89834004,"unit":"V"},"pmax":{"value":0.8454526,"unit":"mW"},"fill_factor":{"value":76.0301,"unit":"%"},"efficiency":{"value":18.221,"unit":"%"},"r_at_voc":{"value":128.202406,"unit":""},"r_at_isc":{"value":42692.582,"unit":""},"power":{"value":0.00101453,"unit":"W"},"rshunt":{"value":"NaN","unit":"ohm"},"cell_temp_start":{"value":"NaN","unit":""},"cell_temp_end":{"value":"NaN","unit":""},"exposure":{"value":3.906,"unit":""},"time":{"value":"10:29:11","unit":""},"date":{"value":"07\/14\/2023","unit":""},"V":{"value":[1.3,1.25,1.2,1.15,1.1,1.05,1,0.95,0.9,0.85,0.8,0.75,0.7,0.65,0.6,0.55,0.5,0.45,0.4,0.35,0.3,0.25,0.2,0.15,0.1,0.05,0,-0.05,-0.1,-0.15,-0.2],"unit":"V"},"I":{"value":[-0.00249288,-0.00173775,-0.0010756,-0.00052042,-4.816e-5,0.00034185,0.00064729,0.00084271,0.00093936,0.00097156,0.00098406,0.00099081,0.00099613,0.00099842,0.00099888,0.0009998,0.00100158,0.00100356,0.00100714,0.00100632,0.00100973,0.00101124,0.00101075,0.00101372,0.0010141,0.00101388,0.00101756,0.00102114,0.00101685,0.00101862,0.00102228],"unit":"A"},"J":{"unit":"A\/cm2","value":[-0.05372586206896552,-0.037451508620689654,-0.02318103448275862,-0.01121594827586207,-0.0010379310344827586,0.007367456896551724,0.01395021551724138,0.018161853448275863,0.0202448275862069,0.02093879310344828,0.021208189655172415,0.02135366379310345,0.021468318965517243,0.021517672413793106,0.021527586206896553,0.02154741379310345,0.021585775862068966,0.021628448275862067,0.02170560344827586,0.02168793103448276,0.021761422413793103,0.021793965517241384,0.021783405172413794,0.02184741379310345,0.021855603448275862,0.02185086206896552,0.021930172413793105,0.0220073275862069,0.021914870689655173,0.021953017241379314,0.022031896551724137]},"cell_dimension":{"value":0.0464,"unit":"cm2"},"sweep_direction":{"unit":"","value":"Forward"},"key":"forward 31 MeO-Me 3-1 1mM OLAI O_20230714"}]}}