{"_id":"65365b9e01eab232eb4c8b92","id":"JBNU-SC-00197","author":98,"group":10,"input":[{"tco":{"unit":"","value":"ITO"}},{"htl":[{"material":{"unit":"","value":"NiO_Sputter"},"concentration":{"unit":"","value":"None"},"conc_unit":{"unit":"","value":"None"},"quantity":{"unit":"ml","value":"None"}}],"solvent":[{"material":{"unit":"","value":"None"},"volume":{"unit":"ml","value":"None"}},{"material":{"unit":"","value":"None"},"volume":{"unit":"ml","value":"None"}}],"htl_doping":[{"material":{"unit":"","value":"None"},"volume":{"unit":"ul","value":"None"}}],"spin_coating":[{"type":{"unit":"","value":"None"},"rpm":{"unit":"","value":"None"},"time":{"unit":"s","value":"None"}}],"vacuum_suction":[{"unit":"s","value":"None"}],"annealing":[{"temperature":{"unit":"oC","value":"300"},"time":{"unit":"m","value":"30"}}],"module":[{"type":{"unit":"","value":"None"},"gap":{"unit":"um","value":"None"},"coating_speed":{"unit":"mm\/s","value":"None"},"feeding_amount":{"unit":"ul","value":"None"}}],"thermal_evaporation":[{"vacuum_evaporation_thickness":{"unit":"nm","value":"None"},"evaporation_rate":{"unit":"\u00c5\/s","value":"None"},"vacuum_pressure":{"unit":"uTorr","value":"None"}}]},{"htl_treatment":[{"material":{"unit":"","value":"MeO-2PACz"},"concentration":{"unit":"","value":"1"},"conc_unit":{"unit":"","value":"mg\/ml"},"quantity":{"unit":"ml","value":"0"}},{"material":{"unit":"","value":"Me-4PACz"},"concentration":{"unit":"","value":"1"},"conc_unit":{"unit":"","value":"mg\/ml"},"quantity":{"unit":"ml","value":"0"}}],"solvent":[{"material":{"unit":"","value":"Ethanol"},"volume":{"unit":"ml","value":"1"}},{"material":{"unit":"","value":"None"},"volume":{"unit":"ml","value":"None"}},{"material":{"unit":"","value":"Ethanol"},"volume":{"unit":"ml","value":"1"}},{"material":{"unit":"","value":"None"},"volume":{"unit":"ml","value":"None"}}],"spin_coating":[{"type":{"unit":"","value":"drop&run"},"rpm":{"unit":"","value":"3000"},"time":{"unit":"s","value":"50"}}],"vacuum_suction":[{"unit":"s","value":"10"}],"annealing":[{"temperature":{"unit":"oC","value":"None"},"time":{"unit":"m","value":"None"}}],"module":[{"type":{"unit":"","value":"None"},"gap":{"unit":"um","value":"None"},"coating_speed":{"unit":"mm\/s","value":"None"},"feeding_amount":{"unit":"ul","value":"None"}}],"thermal_evaporation":[{"vacuum_evaporation_thickness":{"unit":"nm","value":"None"},"evaporation_rate":{"unit":"\u00c5\/s","value":"None"},"vacuum_pressure":{"unit":"uTorr","value":"None"}}]},{"perovskite":{"method":{"unit":"","value":"1-step"},"molarity":{"unit":"M","value":"1.45"},"a_site":[{"material":{"unit":"","value":"Cs"},"ratio":{"unit":"","value":"0.175"}},{"material":{"unit":"","value":"FA"},"ratio":{"unit":"","value":"0.825"}}],"b_site":[{"material":{"unit":"","value":"Pb"},"ratio":{"unit":"","value":"1"}},{"material":{"unit":"","value":"None"},"ratio":{"unit":"","value":"0"}}],"x_site":[{"material":{"unit":"","value":"I"},"ratio":{"unit":"","value":"2.55"}},{"material":{"unit":"","value":"Br"},"ratio":{"unit":"","value":"0.45"}}],"solvent":[{"material":{"unit":"","value":"DMF"},"volume":{"unit":"ml","value":"0.8"}},{"material":{"unit":"","value":"DMSO"},"volume":{"unit":"ml","value":"0.2"}}],"additive":[{"material":{"unit":"","value":"None"},"solvent":{"unit":"","value":"None"},"concentration":{"unit":"","value":"None"},"conc_unit":{"unit":"","value":"None"},"quantity":{"unit":"mol%","value":"None"}}],"stirring_time":[{"unit":"m","value":"120"}],"antisolvent":[{"material":{"unit":"","value":"None"},"quantity":{"unit":"ul","value":"None"},"dripping_time":{"unit":"s","value":"None"}}],"spin_coating":[{"type":{"unit":"","value":"drop&run"},"rpm":{"unit":"","value":"4000"},"time":{"unit":"s","value":"10"}}],"vacuum_suction":[{"unit":"s","value":"60"}],"annealing":[{"temperature":{"unit":"oC","value":"100"},"time":{"unit":"m","value":"30"}}],"atmosphere":[{"type":{"unit":"","value":"N2"},"temperature":{"unit":"oC","value":"28"},"humidity":{"unit":"RH%","value":"0"}}],"assist":[{"type":{"unit":"","value":"None"},"temperature":{"unit":"oC","value":"None"},"assist_start_time":{"value":null,"unit":"s"},"total_assist_time":{"value":"None","unit":"s"}}],"module":[{"type":{"unit":"","value":"None"},"gap":{"unit":"um","value":"None"},"coating_speed":{"unit":"mm\/s","value":"None"},"feeding_amount":{"unit":"ul","value":"None"}}],"thermal_evaporation":[{"vacuum_evaporation_thickness":{"unit":"nm","value":"None"},"evaporation_rate":{"unit":"\u00c5\/s","value":"None"},"vacuum_pressure":{"unit":"uTorr","value":"None"}}]}},{"perovskite_treatment":[{"material":{"unit":"","value":"None"},"concentration":{"unit":"","value":"None"},"conc_unit":{"unit":"","value":"None"},"quantity":{"unit":"ml","value":"None"}}],"solvent":[{"material":{"unit":"","value":"None"},"volume":{"unit":"ml","value":"None"}},{"material":{"unit":"","value":"None"},"volume":{"unit":"ml","value":"None"}}],"spin_coating":[{"type":{"unit":"","value":"None"},"rpm":{"unit":"","value":"None"},"time":{"unit":"s","value":"None"}}],"vacuum_suction":[{"unit":"s","value":"None"}],"annealing":[{"temperature":{"unit":"oC","value":"None"},"time":{"unit":"m","value":"None"}}],"module":[{"type":{"unit":"","value":"None"},"gap":{"unit":"um","value":"None"},"coating_speed":{"unit":"mm\/s","value":"None"},"feeding_amount":{"unit":"ul","value":"None"}}],"thermal_evaporation":[{"vacuum_evaporation_thickness":{"unit":"nm","value":"None"},"evaporation_rate":{"unit":"\u00c5\/s","value":"None"},"vacuum_pressure":{"unit":"uTorr","value":"None"}}]},{"etl":[{"material":{"unit":"","value":"C60"},"concentration":{"unit":"","value":"None"},"conc_unit":{"unit":"","value":"None"},"quantity":{"unit":"ml","value":"None"}}],"solvent":[{"material":{"unit":"","value":"None"},"volume":{"unit":"ml","value":"None"}},{"material":{"unit":"","value":"None"},"volume":{"unit":"ml","value":"None"}}],"spin_coating":[{"type":{"unit":"","value":"None"},"rpm":{"unit":"","value":"None"},"time":{"unit":"s","value":"None"}}],"vacuum_suction":[{"unit":"s","value":"None"}],"annealing":[{"temperature":{"unit":"oC","value":"None"},"time":{"unit":"m","value":"None"}}],"etl_doping":[{"material":{"unit":"","value":"None"},"volume":{"unit":"ul","value":"None"}}],"module":[{"type":{"unit":"","value":"None"},"gap":{"unit":"um","value":"None"},"coating_speed":{"unit":"mm\/s","value":"None"},"feeding_amount":{"unit":"ul","value":"None"}}],"thermal_evaporation":[{"vacuum_evaporation_thickness":{"unit":"nm","value":"30"},"evaporation_rate":{"unit":"\u00c5\/s","value":"0.6"},"vacuum_pressure":{"unit":"uTorr","value":"2x10-6"}}]},{"blocking_buffer_layer":[{"material":{"unit":"","value":"BCP"},"concentration":{"unit":"","value":"None"},"conc_unit":{"unit":"","value":"None"},"quantity":{"unit":"ml","value":"None"}}],"solvent":[{"material":{"unit":"","value":"None"},"volume":{"unit":"ml","value":"None"}},{"material":{"unit":"","value":"None"},"volume":{"unit":"ml","value":"None"}}],"spin_coating":[{"type":{"unit":"","value":"None"},"rpm":{"unit":"","value":"None"},"time":{"unit":"s","value":"None"}}],"vacuum_suction":[{"unit":"s","value":"0"}],"annealing":[{"temperature":{"unit":"oC","value":"None"},"time":{"unit":"m","value":"None"}}],"module":[{"type":{"unit":"","value":"None"},"gap":{"unit":"um","value":"None"},"coating_speed":{"unit":"mm\/s","value":"None"},"feeding_amount":{"unit":"ul","value":"None"}}],"thermal_evaporation":[{"vacuum_evaporation_thickness":{"unit":"nm","value":"6"},"evaporation_rate":{"unit":"\u00c5\/s","value":"0.6"},"vacuum_pressure":{"unit":"uTorr","value":"2x10-6"}}]},{"anode_metal":{"unit":"","value":"Ag"}},{"note":{"unit":"","value":"-"},"ar":{"unit":"","value":"0"},"type":{"unit":"","value":"unit_cell"},"device_type":{"unit":"","value":"p-i-n"},"temperature":{"unit":"\u2103","value":"25"},"humidity":{"unit":"%","value":"40"},"cell_dimension":{"unit":"cm2","value":"0.0464"}}],"fileinfo":[{"key":"forward 11 REF NiO SP_20230514","uploadType":"JV","original_name":"forward 11 REF NiO SP_20230514-224124.txt","save_name":"JBNU-SC-00197\/forward 11 REF NiO SP_20230514","uploader":98,"fileType":""},{"key":"forward 12 REF NiO SP_20230514","uploadType":"JV","original_name":"forward 12 REF NiO SP_20230514-224135.txt","save_name":"JBNU-SC-00197\/forward 12 REF NiO SP_20230514","uploader":98,"fileType":""},{"key":"forward 13 REF NiO SP_20230514","uploadType":"JV","original_name":"forward 13 REF NiO SP_20230514-224105.txt","save_name":"JBNU-SC-00197\/forward 13 REF NiO SP_20230514","uploader":98,"fileType":""},{"key":"forward 14 REF NiO SP_20230514","uploadType":"JV","original_name":"forward 14 REF NiO SP_20230514-224114.txt","save_name":"JBNU-SC-00197\/forward 14 REF NiO SP_20230514","uploader":98,"fileType":""},{"key":"forward 21 REF NiO SP_20230514","uploadType":"JV","original_name":"forward 21 REF NiO SP_20230514-224346.txt","save_name":"JBNU-SC-00197\/forward 21 REF NiO SP_20230514","uploader":98,"fileType":""},{"key":"forward 22 REF NiO SP_20230514","uploadType":"JV","original_name":"forward 22 REF NiO SP_20230514-224356.txt","save_name":"JBNU-SC-00197\/forward 22 REF NiO SP_20230514","uploader":98,"fileType":""},{"key":"forward 23 REF NiO SP_20230514","uploadType":"JV","original_name":"forward 23 REF NiO SP_20230514-224327.txt","save_name":"JBNU-SC-00197\/forward 23 REF NiO SP_20230514","uploader":98,"fileType":""},{"key":"forward 24 REF NiO SP_20230514","uploadType":"JV","original_name":"forward 24 REF NiO SP_20230514-224417.txt","save_name":"JBNU-SC-00197\/forward 24 REF NiO SP_20230514","uploader":98,"fileType":""}],"jvcnt":8,"updated_at":"2024-08-07 02:33:50","created_at":"2023-10-23 11:40:14","analysisInfo":{"JV":[{"efficiency":8.7448,"fill_factor":58.0413,"jsc":14.32498401,"voc":1.05176563,"key":"forward 24 REF NiO SP_20230514","cell_dimension":0.0464},{"efficiency":8.6802,"fill_factor":57.6135,"jsc":14.29487108,"voc":1.05396558,"key":"forward 23 REF NiO SP_20230514","cell_dimension":0.0464},{"efficiency":8.9998,"fill_factor":58.4322,"jsc":14.6095338,"voc":1.05424819,"key":"forward 22 REF NiO SP_20230514","cell_dimension":0.0464},{"efficiency":9.0379,"fill_factor":58.9268,"jsc":14.48987124,"voc":1.05849442,"key":"forward 21 REF NiO SP_20230514","cell_dimension":0.0464},{"efficiency":8.6431,"fill_factor":56.1812,"jsc":14.7010251,"voc":1.04648292,"key":"forward 14 REF NiO SP_20230514","cell_dimension":0.0464},{"efficiency":8.8684,"fill_factor":56.4785,"jsc":14.88590464,"voc":1.05484118,"key":"forward 13 REF NiO SP_20230514","cell_dimension":0.0464},{"efficiency":9.2366,"fill_factor":57.6916,"jsc":15.24328342,"voc":1.05032202,"key":"forward 12 REF NiO SP_20230514","cell_dimension":0.0464},{"efficiency":9.2343,"fill_factor":57.5098,"jsc":15.12713748,"voc":1.0614589,"key":"forward 11 REF NiO SP_20230514","cell_dimension":0.0464}]},"public":2,"analysis":{"JV":[{"sample_area":{"value":0.0464,"unit":"cm2"},"irradiance":{"value":1,"unit":""},"pre_sweep_delay":{"value":1,"unit":""},"bias_direction":{"value":0,"unit":""},"max_reverse_bias":{"value":-0.2,"unit":""},"max_forward_bias":{"value":1.3,"unit":""},"num_sweep_points":{"value":31,"unit":""},"dwell_time":{"value":0,"unit":""},"current_limit":{"value":100,"unit":""},"pviv_10a_i_amp":{"value":0,"unit":""},"average":{"value":1,"unit":""},"dark_current":{"value":0,"unit":""},"rshunt_v_lo":{"value":-0.2,"unit":""},"rshunt_v_hi":{"value":0.2,"unit":""},"voc":{"value":1.05176563,"unit":"V"},"isc":{"value":0.00066468,"unit":"A"},"jsc":{"value":14.32498401,"unit":"mA\/cm2"},"imax":{"value":0.00052944,"unit":"A"},"vmax":{"value":0.76639771,"unit":"V"},"pmax":{"value":0.40575877,"unit":"mW"},"fill_factor":{"value":58.0413,"unit":"%"},"efficiency":{"value":8.7448,"unit":"%"},"r_at_voc":{"value":413.96978,"unit":""},"r_at_isc":{"value":10352.446,"unit":""},"power":{"value":0.00056287,"unit":"W"},"rshunt":{"value":"NaN","unit":"ohm"},"cell_temp_start":{"value":"NaN","unit":""},"cell_temp_end":{"value":"NaN","unit":""},"exposure":{"value":3.999,"unit":""},"time":{"value":"22:44:17","unit":""},"date":{"value":"05\/14\/2023","unit":""},"V":{"value":[1.3,1.25,1.2,1.15,1.1,1.05,1,0.95,0.9,0.85,0.8,0.75,0.7,0.65,0.6,0.55,0.5,0.45,0.4,0.35,0.3,0.25,0.2,0.15,0.1,0.05,0,-0.05,-0.1,-0.15,-0.2],"unit":"V"},"I":{"value":[-0.00278026,-0.00165602,-0.00088221,-0.0003734,-0.00011394,-5.9e-7,0.00012733,0.00025283,0.00036466,0.0004487,0.00050256,0.00053993,0.00056264,0.00057538,0.00059166,0.00059796,0.00061119,0.00061501,0.00062646,0.00062786,0.00063322,0.00063874,0.00064401,0.00064901,0.00065978,0.00065764,0.00066208,0.00069062,0.00067143,0.00067451,0.00067731],"unit":"A"},"J":{"unit":"A\/cm2","value":[-0.059919396551724145,-0.03569008620689655,-0.01901314655172414,-0.008047413793103449,-0.002455603448275862,-1.271551724137931e-5,0.0027441810344827587,0.005448922413793104,0.00785905172413793,0.009670258620689655,0.010831034482758621,0.011636422413793104,0.012125862068965518,0.01240043103448276,0.012751293103448278,0.012887068965517242,0.013172198275862069,0.013254525862068968,0.013501293103448277,0.013531465517241381,0.01364698275862069,0.01376594827586207,0.013879525862068967,0.013987284482758622,0.014219396551724139,0.014173275862068967,0.01426896551724138,0.01488405172413793,0.014470474137931035,0.014536853448275863,0.01459719827586207]},"cell_dimension":{"value":0.0464,"unit":"cm2"},"sweep_direction":{"unit":"","value":"Forward"},"key":"forward 24 REF NiO SP_20230514"},{"sample_area":{"value":0.0464,"unit":"cm2"},"irradiance":{"value":1,"unit":""},"pre_sweep_delay":{"value":1,"unit":""},"bias_direction":{"value":0,"unit":""},"max_reverse_bias":{"value":-0.2,"unit":""},"max_forward_bias":{"value":1.3,"unit":""},"num_sweep_points":{"value":31,"unit":""},"dwell_time":{"value":0,"unit":""},"current_limit":{"value":100,"unit":""},"pviv_10a_i_amp":{"value":0,"unit":""},"average":{"value":1,"unit":""},"dark_current":{"value":0,"unit":""},"rshunt_v_lo":{"value":-0.2,"unit":""},"rshunt_v_hi":{"value":0.2,"unit":""},"voc":{"value":1.05396558,"unit":"V"},"isc":{"value":0.00066328,"unit":"A"},"jsc":{"value":14.29487108,"unit":"mA\/cm2"},"imax":{"value":0.00052177,"unit":"A"},"vmax":{"value":0.7719121,"unit":"V"},"pmax":{"value":0.40276241,"unit":"mW"},"fill_factor":{"value":57.6135,"unit":"%"},"efficiency":{"value":8.6802,"unit":"%"},"r_at_voc":{"value":463.781897,"unit":""},"r_at_isc":{"value":10283.43,"unit":""},"power":{"value":0.00055889,"unit":"W"},"rshunt":{"value":"NaN","unit":"ohm"},"cell_temp_start":{"value":"NaN","unit":""},"cell_temp_end":{"value":"NaN","unit":""},"exposure":{"value":3.918,"unit":""},"time":{"value":"22:43:27","unit":""},"date":{"value":"05\/14\/2023","unit":""},"V":{"value":[1.3,1.25,1.2,1.15,1.1,1.05,1,0.95,0.9,0.85,0.8,0.75,0.7,0.65,0.6,0.55,0.5,0.45,0.4,0.35,0.3,0.25,0.2,0.15,0.1,0.05,0,-0.05,-0.1,-0.15,-0.2],"unit":"V"},"I":{"value":[-0.00172435,-0.00111969,-0.00064832,-0.0003006,-0.000105,2.297e-5,0.00010768,0.00024576,0.00035202,0.00043822,0.00049942,0.00053489,0.00055578,0.00057228,0.00058958,0.00059628,0.00060547,0.00061426,0.00062005,0.00062669,0.00063199,0.00063749,0.00064789,0.00064809,0.00065251,0.00065735,0.00066119,0.0006779,0.00066994,0.00068097,0.00067729],"unit":"A"},"J":{"unit":"A\/cm2","value":[-0.03716271551724138,-0.024131250000000003,-0.013972413793103449,-0.006478448275862069,-0.002262931034482759,0.0004950431034482759,0.002320689655172414,0.005296551724137931,0.007586637931034483,0.00944439655172414,0.010763362068965518,0.011527801724137931,0.011978017241379311,0.012333620689655173,0.01270646551724138,0.012850862068965518,0.013048922413793105,0.013238362068965519,0.01336314655172414,0.01350625,0.013620474137931035,0.013739008620689656,0.01396314655172414,0.013967456896551727,0.014062715517241382,0.014167025862068966,0.014249784482758621,0.01460991379310345,0.014438362068965519,0.014676077586206898,0.01459676724137931]},"cell_dimension":{"value":0.0464,"unit":"cm2"},"sweep_direction":{"unit":"","value":"Forward"},"key":"forward 23 REF NiO SP_20230514"},{"sample_area":{"value":0.0464,"unit":"cm2"},"irradiance":{"value":1,"unit":""},"pre_sweep_delay":{"value":1,"unit":""},"bias_direction":{"value":0,"unit":""},"max_reverse_bias":{"value":-0.2,"unit":""},"max_forward_bias":{"value":1.3,"unit":""},"num_sweep_points":{"value":31,"unit":""},"dwell_time":{"value":0,"unit":""},"current_limit":{"value":100,"unit":""},"pviv_10a_i_amp":{"value":0,"unit":""},"average":{"value":1,"unit":""},"dark_current":{"value":0,"unit":""},"rshunt_v_lo":{"value":-0.2,"unit":""},"rshunt_v_hi":{"value":0.2,"unit":""},"voc":{"value":1.05424819,"unit":"V"},"isc":{"value":0.00067788,"unit":"A"},"jsc":{"value":14.6095338,"unit":"mA\/cm2"},"imax":{"value":0.00053288,"unit":"A"},"vmax":{"value":0.78364589,"unit":"V"},"pmax":{"value":0.41758911,"unit":"mW"},"fill_factor":{"value":58.4322,"unit":"%"},"efficiency":{"value":8.9998,"unit":"%"},"r_at_voc":{"value":436.296827,"unit":""},"r_at_isc":{"value":11391.303,"unit":""},"power":{"value":0.00057688,"unit":"W"},"rshunt":{"value":"NaN","unit":"ohm"},"cell_temp_start":{"value":"NaN","unit":""},"cell_temp_end":{"value":"NaN","unit":""},"exposure":{"value":4.086,"unit":""},"time":{"value":"22:43:56","unit":""},"date":{"value":"05\/14\/2023","unit":""},"V":{"value":[1.3,1.25,1.2,1.15,1.1,1.05,1,0.95,0.9,0.85,0.8,0.75,0.7,0.65,0.6,0.55,0.5,0.45,0.4,0.35,0.3,0.25,0.2,0.15,0.1,0.05,0,-0.05,-0.1,-0.15,-0.2],"unit":"V"},"I":{"value":[-0.00224628,-0.00139014,-0.00076278,-0.00032781,-0.00010747,1.537e-5,0.00012131,0.00026878,0.00038472,0.00046844,0.00052081,0.00055252,0.00057344,0.00058885,0.00060495,0.00061558,0.00061913,0.00062726,0.00063255,0.0006397,0.00064433,0.00065587,0.00066156,0.00066599,0.00067094,0.00067538,0.00067364,0.00070325,0.00068292,0.00068601,0.00068853],"unit":"A"},"J":{"unit":"A\/cm2","value":[-0.04841120689655172,-0.02995991379310345,-0.016439224137931037,-0.007064870689655172,-0.0023161637931034484,0.00033125,0.0026144396551724142,0.0057926724137931035,0.008291379310344828,0.010095689655172414,0.011224353448275864,0.011907758620689657,0.012358620689655174,0.012690732758620692,0.013037715517241382,0.013266810344827587,0.01334331896551724,0.013518534482758622,0.013632543103448276,0.013786637931034483,0.013886422413793105,0.01413512931034483,0.014257758620689655,0.014353232758620691,0.014459913793103449,0.014555603448275861,0.014518103448275862,0.015156250000000001,0.014718103448275862,0.01478469827586207,0.014839008620689657]},"cell_dimension":{"value":0.0464,"unit":"cm2"},"sweep_direction":{"unit":"","value":"Forward"},"key":"forward 22 REF NiO SP_20230514"},{"sample_area":{"value":0.0464,"unit":"cm2"},"irradiance":{"value":1,"unit":""},"pre_sweep_delay":{"value":1,"unit":""},"bias_direction":{"value":0,"unit":""},"max_reverse_bias":{"value":-0.2,"unit":""},"max_forward_bias":{"value":1.3,"unit":""},"num_sweep_points":{"value":31,"unit":""},"dwell_time":{"value":0,"unit":""},"current_limit":{"value":100,"unit":""},"pviv_10a_i_amp":{"value":0,"unit":""},"average":{"value":1,"unit":""},"dark_current":{"value":0,"unit":""},"rshunt_v_lo":{"value":-0.2,"unit":""},"rshunt_v_hi":{"value":0.2,"unit":""},"voc":{"value":1.05849442,"unit":"V"},"isc":{"value":0.00067233,"unit":"A"},"jsc":{"value":14.48987124,"unit":"mA\/cm2"},"imax":{"value":0.00053464,"unit":"A"},"vmax":{"value":0.78436593,"unit":"V"},"pmax":{"value":0.41935703,"unit":"mW"},"fill_factor":{"value":58.9268,"unit":"%"},"efficiency":{"value":9.0379,"unit":"%"},"r_at_voc":{"value":444.254129,"unit":""},"r_at_isc":{"value":10843.618,"unit":""},"power":{"value":0.0005755,"unit":"W"},"rshunt":{"value":"NaN","unit":"ohm"},"cell_temp_start":{"value":"NaN","unit":""},"cell_temp_end":{"value":"NaN","unit":""},"exposure":{"value":3.901,"unit":""},"time":{"value":"22:43:46","unit":""},"date":{"value":"05\/14\/2023","unit":""},"V":{"value":[1.3,1.25,1.2,1.15,1.1,1.05,1,0.95,0.9,0.85,0.8,0.75,0.7,0.65,0.6,0.55,0.5,0.45,0.4,0.35,0.3,0.25,0.2,0.15,0.1,0.05,0,-0.05,-0.1,-0.15,-0.2],"unit":"V"},"I":{"value":[-0.00233746,-0.00141948,-0.00076341,-0.00031552,-9.93e-5,3.377e-5,0.00012289,0.00027058,0.00038607,0.00046839,0.00052289,0.00055353,0.00057069,0.00058966,0.0006016,0.00060805,0.00061594,0.00062687,0.00063444,0.00064063,0.00064145,0.00064635,0.00065679,0.00066179,0.00066055,0.00067175,0.00067593,0.00067888,0.00067761,0.00068116,0.00069264],"unit":"A"},"J":{"unit":"A\/cm2","value":[-0.05037629310344828,-0.03059224137931035,-0.01645280172413793,-0.0068000000000000005,-0.002140086206896552,0.000727801724137931,0.002648491379310345,0.005831465517241379,0.008320474137931036,0.010094612068965518,0.01126918103448276,0.011929525862068966,0.012299353448275863,0.012708189655172415,0.012965517241379312,0.013104525862068965,0.013274568965517243,0.013510129310344827,0.013673275862068967,0.01380668103448276,0.013824353448275864,0.013929956896551724,0.014154956896551725,0.01426271551724138,0.014235991379310345,0.014477370689655175,0.014567456896551726,0.01463103448275862,0.01460366379310345,0.014680172413793104,0.014927586206896553]},"cell_dimension":{"value":0.0464,"unit":"cm2"},"sweep_direction":{"unit":"","value":"Forward"},"key":"forward 21 REF NiO SP_20230514"},{"sample_area":{"value":0.0464,"unit":"cm2"},"irradiance":{"value":1,"unit":""},"pre_sweep_delay":{"value":1,"unit":""},"bias_direction":{"value":0,"unit":""},"max_reverse_bias":{"value":-0.2,"unit":""},"max_forward_bias":{"value":1.3,"unit":""},"num_sweep_points":{"value":31,"unit":""},"dwell_time":{"value":0,"unit":""},"current_limit":{"value":100,"unit":""},"pviv_10a_i_amp":{"value":0,"unit":""},"average":{"value":1,"unit":""},"dark_current":{"value":0,"unit":""},"rshunt_v_lo":{"value":-0.2,"unit":""},"rshunt_v_hi":{"value":0.2,"unit":""},"voc":{"value":1.04648292,"unit":"V"},"isc":{"value":0.00068213,"unit":"A"},"jsc":{"value":14.7010251,"unit":"mA\/cm2"},"imax":{"value":0.00053507,"unit":"A"},"vmax":{"value":0.74951023,"unit":"V"},"pmax":{"value":0.401041,"unit":"mW"},"fill_factor":{"value":56.1812,"unit":"%"},"efficiency":{"value":8.6431,"unit":"%"},"r_at_voc":{"value":491.325855,"unit":""},"r_at_isc":{"value":10038.968,"unit":""},"power":{"value":0.00056539,"unit":"W"},"rshunt":{"value":"NaN","unit":"ohm"},"cell_temp_start":{"value":"NaN","unit":""},"cell_temp_end":{"value":"NaN","unit":""},"exposure":{"value":4.455,"unit":""},"time":{"value":"22:41:14","unit":""},"date":{"value":"05\/14\/2023","unit":""},"V":{"value":[1.3,1.25,1.2,1.15,1.1,1.05,1,0.95,0.9,0.85,0.8,0.75,0.7,0.65,0.6,0.55,0.5,0.45,0.4,0.35,0.3,0.25,0.2,0.15,0.1,0.05,0,-0.05,-0.1,-0.15,-0.2],"unit":"V"},"I":{"value":[-0.00217458,-0.00131472,-0.00070151,-0.00030534,-0.00011104,-2.63e-6,9.219e-5,0.0001985,0.00033303,0.00042719,0.00049385,0.00053472,0.00056723,0.00058515,0.00060064,0.00061275,0.00062231,0.00063081,0.00063803,0.00064901,0.00065141,0.0006571,0.00066144,0.00066673,0.00067011,0.00067473,0.00068425,0.00070325,0.00068814,0.00069109,0.00070034],"unit":"A"},"J":{"unit":"A\/cm2","value":[-0.046865948275862074,-0.028334482758620688,-0.015118750000000002,-0.006580603448275862,-0.002393103448275862,-5.668103448275862e-5,0.001986853448275862,0.004278017241379311,0.007177370689655173,0.009206681034482758,0.010643318965517241,0.011524137931034484,0.01222478448275862,0.012610991379310346,0.012944827586206898,0.013205818965517242,0.013411853448275864,0.013595043103448277,0.01375064655172414,0.013987284482758622,0.014039008620689658,0.014161637931034483,0.014255172413793104,0.01436918103448276,0.014442025862068967,0.014541594827586208,0.01474676724137931,0.015156250000000001,0.014830603448275862,0.01489418103448276,0.015093534482758622]},"cell_dimension":{"value":0.0464,"unit":"cm2"},"sweep_direction":{"unit":"","value":"Forward"},"key":"forward 14 REF NiO SP_20230514"},{"sample_area":{"value":0.0464,"unit":"cm2"},"irradiance":{"value":1,"unit":""},"pre_sweep_delay":{"value":1,"unit":""},"bias_direction":{"value":0,"unit":""},"max_reverse_bias":{"value":-0.2,"unit":""},"max_forward_bias":{"value":1.3,"unit":""},"num_sweep_points":{"value":31,"unit":""},"dwell_time":{"value":0,"unit":""},"current_limit":{"value":100,"unit":""},"pviv_10a_i_amp":{"value":0,"unit":""},"average":{"value":1,"unit":""},"dark_current":{"value":0,"unit":""},"rshunt_v_lo":{"value":-0.2,"unit":""},"rshunt_v_hi":{"value":0.2,"unit":""},"voc":{"value":1.05484118,"unit":"V"},"isc":{"value":0.00069071,"unit":"A"},"jsc":{"value":14.88590464,"unit":"mA\/cm2"},"imax":{"value":0.00054166,"unit":"A"},"vmax":{"value":0.75968591,"unit":"V"},"pmax":{"value":0.41149423,"unit":"mW"},"fill_factor":{"value":56.4785,"unit":"%"},"efficiency":{"value":8.8684,"unit":"%"},"r_at_voc":{"value":497.936142,"unit":""},"r_at_isc":{"value":11691.449,"unit":""},"power":{"value":0.00057953,"unit":"W"},"rshunt":{"value":"NaN","unit":"ohm"},"cell_temp_start":{"value":"NaN","unit":""},"cell_temp_end":{"value":"NaN","unit":""},"exposure":{"value":3.917,"unit":""},"time":{"value":"22:41:05","unit":""},"date":{"value":"05\/14\/2023","unit":""},"V":{"value":[1.3,1.25,1.2,1.15,1.1,1.05,1,0.95,0.9,0.85,0.8,0.75,0.7,0.65,0.6,0.55,0.5,0.45,0.4,0.35,0.3,0.25,0.2,0.15,0.1,0.05,0,-0.05,-0.1,-0.15,-0.2],"unit":"V"},"I":{"value":[-0.0016488,-0.00104057,-0.00057969,-0.00026336,-9.556e-5,2.158e-5,0.00010315,0.00023826,0.00034295,0.00043481,0.00050714,0.00054834,0.00057762,0.00059821,0.00061344,0.00062887,0.0006348,0.00064396,0.00065076,0.00065715,0.00066258,0.00066763,0.00067213,0.00068226,0.00068204,0.00068635,0.00069079,0.00070403,0.00069781,0.00070099,0.00070412],"unit":"A"},"J":{"unit":"A\/cm2","value":[-0.03553448275862069,-0.022426077586206898,-0.012493318965517242,-0.0056758620689655185,-0.0020594827586206898,0.0004650862068965518,0.0022230603448275864,0.005134913793103449,0.007391163793103449,0.009370905172413794,0.010929741379310345,0.011817672413793105,0.012448706896551726,0.012892456896551724,0.013220689655172415,0.01355323275862069,0.013681034482758623,0.013878448275862069,0.014025000000000001,0.014162715517241381,0.014279741379310346,0.014388577586206897,0.014485560344827586,0.014703879310344828,0.014699137931034483,0.014792025862068965,0.014887715517241381,0.015173060344827587,0.015039008620689655,0.015107543103448277,0.015175000000000001]},"cell_dimension":{"value":0.0464,"unit":"cm2"},"sweep_direction":{"unit":"","value":"Forward"},"key":"forward 13 REF NiO SP_20230514"},{"sample_area":{"value":0.0464,"unit":"cm2"},"irradiance":{"value":1,"unit":""},"pre_sweep_delay":{"value":1,"unit":""},"bias_direction":{"value":0,"unit":""},"max_reverse_bias":{"value":-0.2,"unit":""},"max_forward_bias":{"value":1.3,"unit":""},"num_sweep_points":{"value":31,"unit":""},"dwell_time":{"value":0,"unit":""},"current_limit":{"value":100,"unit":""},"pviv_10a_i_amp":{"value":0,"unit":""},"average":{"value":1,"unit":""},"dark_current":{"value":0,"unit":""},"rshunt_v_lo":{"value":-0.2,"unit":""},"rshunt_v_hi":{"value":0.2,"unit":""},"voc":{"value":1.05032202,"unit":"V"},"isc":{"value":0.00070729,"unit":"A"},"jsc":{"value":15.24328342,"unit":"mA\/cm2"},"imax":{"value":0.00057055,"unit":"A"},"vmax":{"value":0.75117056,"unit":"V"},"pmax":{"value":0.42857939,"unit":"mW"},"fill_factor":{"value":57.6916,"unit":"%"},"efficiency":{"value":9.2366,"unit":"%"},"r_at_voc":{"value":483.609106,"unit":""},"r_at_isc":{"value":11924.853,"unit":""},"power":{"value":0.00059567,"unit":"W"},"rshunt":{"value":"NaN","unit":"ohm"},"cell_temp_start":{"value":"NaN","unit":""},"cell_temp_end":{"value":"NaN","unit":""},"exposure":{"value":3.987,"unit":""},"time":{"value":"22:41:35","unit":""},"date":{"value":"05\/14\/2023","unit":""},"V":{"value":[1.3,1.25,1.2,1.15,1.1,1.05,1,0.95,0.9,0.85,0.8,0.75,0.7,0.65,0.6,0.55,0.5,0.45,0.4,0.35,0.3,0.25,0.2,0.15,0.1,0.05,0,-0.05,-0.1,-0.15,-0.2],"unit":"V"},"I":{"value":[-0.0021416,-0.00132546,-0.00072739,-0.00032173,-0.00010297,1.17e-6,0.0001038,0.00024347,0.00035997,0.00045581,0.00052344,0.00057143,0.0005997,0.00061589,0.00063462,0.00064288,0.00065267,0.00066048,0.00066734,0.00067383,0.00067924,0.00068484,0.00068902,0.00069938,0.00069881,0.0007029,0.00070672,0.00072159,0.00071462,0.00071706,0.00071988],"unit":"A"},"J":{"unit":"A\/cm2","value":[-0.046155172413793105,-0.028565948275862073,-0.015676508620689655,-0.0069338362068965525,-0.002219181034482759,2.5215517241379314e-5,0.0022370689655172417,0.005247198275862069,0.007757974137931035,0.009823491379310345,0.011281034482758622,0.012315301724137933,0.012924568965517242,0.013273491379310345,0.013677155172413795,0.013855172413793105,0.01406616379310345,0.01423448275862069,0.014382327586206898,0.014522198275862071,0.014638793103448277,0.014759482758620691,0.014849568965517243,0.015072844827586208,0.015060560344827587,0.015148706896551725,0.015231034482758622,0.015551508620689656,0.015401293103448278,0.01545387931034483,0.015514655172413794]},"cell_dimension":{"value":0.0464,"unit":"cm2"},"sweep_direction":{"unit":"","value":"Forward"},"key":"forward 12 REF NiO SP_20230514"},{"sample_area":{"value":0.0464,"unit":"cm2"},"irradiance":{"value":1,"unit":""},"pre_sweep_delay":{"value":1,"unit":""},"bias_direction":{"value":0,"unit":""},"max_reverse_bias":{"value":-0.2,"unit":""},"max_forward_bias":{"value":1.3,"unit":""},"num_sweep_points":{"value":31,"unit":""},"dwell_time":{"value":0,"unit":""},"current_limit":{"value":100,"unit":""},"pviv_10a_i_amp":{"value":0,"unit":""},"average":{"value":1,"unit":""},"dark_current":{"value":0,"unit":""},"rshunt_v_lo":{"value":-0.2,"unit":""},"rshunt_v_hi":{"value":0.2,"unit":""},"voc":{"value":1.0614589,"unit":"V"},"isc":{"value":0.0007019,"unit":"A"},"jsc":{"value":15.12713748,"unit":"mA\/cm2"},"imax":{"value":0.00055595,"unit":"A"},"vmax":{"value":0.77070284,"unit":"V"},"pmax":{"value":0.42846937,"unit":"mW"},"fill_factor":{"value":57.5098,"unit":"%"},"efficiency":{"value":9.2343,"unit":"%"},"r_at_voc":{"value":481.655687,"unit":""},"r_at_isc":{"value":11543.546,"unit":""},"power":{"value":0.0005971,"unit":"W"},"rshunt":{"value":"NaN","unit":"ohm"},"cell_temp_start":{"value":"NaN","unit":""},"cell_temp_end":{"value":"NaN","unit":""},"exposure":{"value":3.922,"unit":""},"time":{"value":"22:41:24","unit":""},"date":{"value":"05\/14\/2023","unit":""},"V":{"value":[1.3,1.25,1.2,1.15,1.1,1.05,1,0.95,0.9,0.85,0.8,0.75,0.7,0.65,0.6,0.55,0.5,0.45,0.4,0.35,0.3,0.25,0.2,0.15,0.1,0.05,0,-0.05,-0.1,-0.15,-0.2],"unit":"V"},"I":{"value":[-0.00192971,-0.00116246,-0.00061047,-0.00025323,-8.477e-5,3.519e-5,0.00012095,0.00026598,0.00038189,0.00047137,0.0005318,0.00056966,0.00059515,0.0006131,0.00062688,0.00064091,0.00064685,0.00065416,0.00066541,0.00066725,0.00067235,0.00068165,0.00068268,0.00069159,0.00069079,0.00069984,0.00069795,0.00072115,0.0007069,0.00071598,0.00071238],"unit":"A"},"J":{"unit":"A\/cm2","value":[-0.041588577586206904,-0.02505301724137931,-0.01315668103448276,-0.0054575431034482765,-0.001826939655172414,0.0007584051724137932,0.0026066810344827587,0.005732327586206898,0.008230387931034484,0.010158836206896551,0.011461206896551725,0.012277155172413795,0.012826508620689656,0.013213362068965518,0.013510344827586208,0.01381271551724138,0.013940732758620691,0.014098275862068967,0.014340732758620689,0.014380387931034484,0.014490301724137932,0.01469073275862069,0.014712931034482759,0.014904956896551724,0.014887715517241381,0.015082758620689656,0.015042025862068967,0.015542025862068968,0.015234913793103448,0.015430603448275862,0.01535301724137931]},"cell_dimension":{"value":0.0464,"unit":"cm2"},"sweep_direction":{"unit":"","value":"Forward"},"key":"forward 11 REF NiO SP_20230514"}]}}