{"_id":"65365c8d8803a07c13565ea5","id":"JBNU-SC-00211","author":98,"group":10,"input":[{"tco":{"unit":"","value":"ITO"}},{"htl":[{"material":{"unit":"","value":"NiO_Sputter"},"concentration":{"unit":"","value":"None"},"conc_unit":{"unit":"","value":"None"},"quantity":{"unit":"ml","value":"None"}}],"solvent":[{"material":{"unit":"","value":"None"},"volume":{"unit":"ml","value":"None"}},{"material":{"unit":"","value":"None"},"volume":{"unit":"ml","value":"None"}}],"htl_doping":[{"material":{"unit":"","value":"None"},"volume":{"unit":"ul","value":"None"}}],"spin_coating":[{"type":{"unit":"","value":"None"},"rpm":{"unit":"","value":"None"},"time":{"unit":"s","value":"None"}}],"vacuum_suction":[{"unit":"s","value":"None"}],"annealing":[{"temperature":{"unit":"oC","value":"300"},"time":{"unit":"m","value":"30"}}],"module":[{"type":{"unit":"","value":"None"},"gap":{"unit":"um","value":"None"},"coating_speed":{"unit":"mm\/s","value":"None"},"feeding_amount":{"unit":"ul","value":"None"}}],"thermal_evaporation":[{"vacuum_evaporation_thickness":{"unit":"nm","value":"None"},"evaporation_rate":{"unit":"\u00c5\/s","value":"None"},"vacuum_pressure":{"unit":"uTorr","value":"None"}}]},{"htl_treatment":[{"material":{"unit":"","value":"MeO-2PACz"},"concentration":{"unit":"","value":"0.33"},"conc_unit":{"unit":"","value":"mg\/ml"},"quantity":{"unit":"ml","value":"0.25"}},{"material":{"unit":"","value":"Me-4PACz"},"concentration":{"unit":"","value":"0.33"},"conc_unit":{"unit":"","value":"mg\/ml"},"quantity":{"unit":"ml","value":"0.75"}}],"solvent":[{"material":{"unit":"","value":"Ethanol"},"volume":{"unit":"ml","value":"1"}},{"material":{"unit":"","value":"None"},"volume":{"unit":"ml","value":"None"}},{"material":{"unit":"","value":"Ethanol"},"volume":{"unit":"ml","value":"1"}},{"material":{"unit":"","value":"None"},"volume":{"unit":"ml","value":"None"}}],"spin_coating":[{"type":{"unit":"","value":"drop&run"},"rpm":{"unit":"","value":"3000"},"time":{"unit":"s","value":"50"}}],"vacuum_suction":[{"unit":"s","value":"10"}],"annealing":[{"temperature":{"unit":"oC","value":"None"},"time":{"unit":"m","value":"None"}}],"module":[{"type":{"unit":"","value":"None"},"gap":{"unit":"um","value":"None"},"coating_speed":{"unit":"mm\/s","value":"None"},"feeding_amount":{"unit":"ul","value":"None"}}],"thermal_evaporation":[{"vacuum_evaporation_thickness":{"unit":"nm","value":"None"},"evaporation_rate":{"unit":"\u00c5\/s","value":"None"},"vacuum_pressure":{"unit":"uTorr","value":"None"}}]},{"perovskite":{"method":{"unit":"","value":"1-step"},"molarity":{"unit":"M","value":"1.45"},"a_site":[{"material":{"unit":"","value":"Cs"},"ratio":{"unit":"","value":"0.175"}},{"material":{"unit":"","value":"FA"},"ratio":{"unit":"","value":"0.825"}}],"b_site":[{"material":{"unit":"","value":"Pb"},"ratio":{"unit":"","value":"1"}},{"material":{"unit":"","value":"None"},"ratio":{"unit":"","value":"0"}}],"x_site":[{"material":{"unit":"","value":"I"},"ratio":{"unit":"","value":"2.55"}},{"material":{"unit":"","value":"Br"},"ratio":{"unit":"","value":"0.45"}}],"solvent":[{"material":{"unit":"","value":"DMF"},"volume":{"unit":"ml","value":"0.72"}},{"material":{"unit":"","value":"DMSO"},"volume":{"unit":"ml","value":"0.18"}}],"additive":[{"material":{"unit":"","value":"None"},"solvent":{"unit":"","value":"None"},"concentration":{"unit":"","value":"None"},"conc_unit":{"unit":"","value":"None"},"quantity":{"unit":"mol%","value":"None"}}],"stirring_time":[{"unit":"m","value":"120"}],"antisolvent":[{"material":{"unit":"","value":"None"},"quantity":{"unit":"ul","value":"None"},"dripping_time":{"unit":"s","value":"None"}}],"spin_coating":[{"type":{"unit":"","value":"drop&run"},"rpm":{"unit":"","value":"4000"},"time":{"unit":"s","value":"10"}}],"vacuum_suction":[{"unit":"s","value":"60"}],"annealing":[{"temperature":{"unit":"oC","value":"100"},"time":{"unit":"m","value":"30"}}],"atmosphere":[{"type":{"unit":"","value":"N2"},"temperature":{"unit":"oC","value":"28"},"humidity":{"unit":"RH%","value":"0"}}],"assist":[{"type":{"unit":"","value":"None"},"temperature":{"unit":"oC","value":"None"},"assist_start_time":{"value":null,"unit":"s"},"total_assist_time":{"value":"None","unit":"s"}}],"module":[{"type":{"unit":"","value":"None"},"gap":{"unit":"um","value":"None"},"coating_speed":{"unit":"mm\/s","value":"None"},"feeding_amount":{"unit":"ul","value":"None"}}],"thermal_evaporation":[{"vacuum_evaporation_thickness":{"unit":"nm","value":"None"},"evaporation_rate":{"unit":"\u00c5\/s","value":"None"},"vacuum_pressure":{"unit":"uTorr","value":"None"}}]}},{"perovskite_treatment":[{"material":{"unit":"","value":"None"},"concentration":{"unit":"","value":"None"},"conc_unit":{"unit":"","value":"None"},"quantity":{"unit":"ml","value":"None"}}],"solvent":[{"material":{"unit":"","value":"None"},"volume":{"unit":"ml","value":"None"}},{"material":{"unit":"","value":"None"},"volume":{"unit":"ml","value":"None"}}],"spin_coating":[{"type":{"unit":"","value":"None"},"rpm":{"unit":"","value":"None"},"time":{"unit":"s","value":"None"}}],"vacuum_suction":[{"unit":"s","value":"None"}],"annealing":[{"temperature":{"unit":"oC","value":"None"},"time":{"unit":"m","value":"None"}}],"module":[{"type":{"unit":"","value":"None"},"gap":{"unit":"um","value":"None"},"coating_speed":{"unit":"mm\/s","value":"None"},"feeding_amount":{"unit":"ul","value":"None"}}],"thermal_evaporation":[{"vacuum_evaporation_thickness":{"unit":"nm","value":"None"},"evaporation_rate":{"unit":"\u00c5\/s","value":"None"},"vacuum_pressure":{"unit":"uTorr","value":"None"}}]},{"etl":[{"material":{"unit":"","value":"C60"},"concentration":{"unit":"","value":"None"},"conc_unit":{"unit":"","value":"None"},"quantity":{"unit":"ml","value":"None"}}],"solvent":[{"material":{"unit":"","value":"None"},"volume":{"unit":"ml","value":"None"}},{"material":{"unit":"","value":"None"},"volume":{"unit":"ml","value":"None"}}],"spin_coating":[{"type":{"unit":"","value":"None"},"rpm":{"unit":"","value":"None"},"time":{"unit":"s","value":"None"}}],"vacuum_suction":[{"unit":"s","value":"None"}],"annealing":[{"temperature":{"unit":"oC","value":"None"},"time":{"unit":"m","value":"None"}}],"etl_doping":[{"material":{"unit":"","value":"None"},"volume":{"unit":"ul","value":"None"}}],"module":[{"type":{"unit":"","value":"None"},"gap":{"unit":"um","value":"None"},"coating_speed":{"unit":"mm\/s","value":"None"},"feeding_amount":{"unit":"ul","value":"None"}}],"thermal_evaporation":[{"vacuum_evaporation_thickness":{"unit":"nm","value":"30"},"evaporation_rate":{"unit":"\u00c5\/s","value":"0.6"},"vacuum_pressure":{"unit":"uTorr","value":"2x10-6"}}]},{"blocking_buffer_layer":[{"material":{"unit":"","value":"BCP"},"concentration":{"unit":"","value":"None"},"conc_unit":{"unit":"","value":"None"},"quantity":{"unit":"ml","value":"None"}}],"solvent":[{"material":{"unit":"","value":"None"},"volume":{"unit":"ml","value":"None"}},{"material":{"unit":"","value":"None"},"volume":{"unit":"ml","value":"None"}}],"spin_coating":[{"type":{"unit":"","value":"None"},"rpm":{"unit":"","value":"None"},"time":{"unit":"s","value":"None"}}],"vacuum_suction":[{"unit":"s","value":"0"}],"annealing":[{"temperature":{"unit":"oC","value":"None"},"time":{"unit":"m","value":"None"}}],"module":[{"type":{"unit":"","value":"None"},"gap":{"unit":"um","value":"None"},"coating_speed":{"unit":"mm\/s","value":"None"},"feeding_amount":{"unit":"ul","value":"None"}}],"thermal_evaporation":[{"vacuum_evaporation_thickness":{"unit":"nm","value":"6"},"evaporation_rate":{"unit":"\u00c5\/s","value":"0.6"},"vacuum_pressure":{"unit":"uTorr","value":"2x10-6"}}]},{"anode_metal":{"unit":"","value":"Ag"}},{"note":{"unit":"","value":"-"},"ar":{"unit":"","value":"0"},"type":{"unit":"","value":"unit_cell"},"device_type":{"unit":"","value":"p-i-n"},"temperature":{"unit":"\u2103","value":"25"},"humidity":{"unit":"%","value":"40"},"cell_dimension":{"unit":"cm2","value":"0.0464"}}],"fileinfo":[{"key":"forward 71 MeO-Me 1-3 0.1mM_20230708","uploadType":"JV","original_name":"forward 71 MeO-Me 1-3 0.1mM_20230708-190211.txt","save_name":"JBNU-SC-00211\/forward 71 MeO-Me 1-3 0.1mM_20230708","uploader":98,"fileType":""},{"key":"forward 72 MeO-Me 1-3 0.1mM_20230708","uploadType":"JV","original_name":"forward 72 MeO-Me 1-3 0.1mM_20230708-190229.txt","save_name":"JBNU-SC-00211\/forward 72 MeO-Me 1-3 0.1mM_20230708","uploader":98,"fileType":""},{"key":"forward 73 MeO-Me 1-3 0.1mM_20230708","uploadType":"JV","original_name":"forward 73 MeO-Me 1-3 0.1mM_20230708-190255.txt","save_name":"JBNU-SC-00211\/forward 73 MeO-Me 1-3 0.1mM_20230708","uploader":98,"fileType":""},{"key":"forward 74 MeO-Me 1-3 0.1mM_20230708","uploadType":"JV","original_name":"forward 74 MeO-Me 1-3 0.1mM_20230708-190311.txt","save_name":"JBNU-SC-00211\/forward 74 MeO-Me 1-3 0.1mM_20230708","uploader":98,"fileType":""},{"key":"forward 81 MeO-Me 1-3 0.1mM_20230708","uploadType":"JV","original_name":"forward 81 MeO-Me 1-3 0.1mM_20230708-190405.txt","save_name":"JBNU-SC-00211\/forward 81 MeO-Me 1-3 0.1mM_20230708","uploader":98,"fileType":""},{"key":"forward 82 MeO-Me 1-3 0.1mM_20230708","uploadType":"JV","original_name":"forward 82 MeO-Me 1-3 0.1mM_20230708-190421.txt","save_name":"JBNU-SC-00211\/forward 82 MeO-Me 1-3 0.1mM_20230708","uploader":98,"fileType":""},{"key":"forward 83 MeO-Me 1-3 0.1mM_20230708","uploadType":"JV","original_name":"forward 83 MeO-Me 1-3 0.1mM_20230708-190434.txt","save_name":"JBNU-SC-00211\/forward 83 MeO-Me 1-3 0.1mM_20230708","uploader":98,"fileType":""},{"key":"forward 84 MeO-Me 1-3 0.1mM_20230708","uploadType":"JV","original_name":"forward 84 MeO-Me 1-3 0.1mM_20230708-190455.txt","save_name":"JBNU-SC-00211\/forward 84 MeO-Me 1-3 0.1mM_20230708","uploader":98,"fileType":""}],"jvcnt":8,"updated_at":"2024-08-07 02:33:50","created_at":"2023-10-23 11:44:13","analysisInfo":{"JV":[{"efficiency":19.7735,"fill_factor":79.8235,"jsc":22.1973991,"voc":1.11596449,"key":"forward 84 MeO-Me 1-3 0.1mM_20230708","cell_dimension":0.0464},{"efficiency":19.4905,"fill_factor":78.836,"jsc":22.11986775,"voc":1.11767817,"key":"forward 83 MeO-Me 1-3 0.1mM_20230708","cell_dimension":0.0464},{"efficiency":19.0771,"fill_factor":77.4499,"jsc":22.15451038,"voc":1.1118081,"key":"forward 82 MeO-Me 1-3 0.1mM_20230708","cell_dimension":0.0464},{"efficiency":18.7704,"fill_factor":77.3489,"jsc":21.84547433,"voc":1.11085506,"key":"forward 81 MeO-Me 1-3 0.1mM_20230708","cell_dimension":0.0464},{"efficiency":19.0123,"fill_factor":79.4017,"jsc":21.6211057,"voc":1.10745536,"key":"forward 74 MeO-Me 1-3 0.1mM_20230708","cell_dimension":0.0464},{"efficiency":19.2727,"fill_factor":79.1603,"jsc":21.8678895,"voc":1.11334033,"key":"forward 73 MeO-Me 1-3 0.1mM_20230708","cell_dimension":0.0464},{"efficiency":19.3997,"fill_factor":78.8813,"jsc":21.94982347,"voc":1.12044071,"key":"forward 72 MeO-Me 1-3 0.1mM_20230708","cell_dimension":0.0464},{"efficiency":19.5935,"fill_factor":78.9128,"jsc":22.17096865,"voc":1.119902,"key":"forward 71 MeO-Me 1-3 0.1mM_20230708","cell_dimension":0.0464}]},"public":2,"analysis":{"JV":[{"sample_area":{"value":0.0464,"unit":"cm2"},"irradiance":{"value":1,"unit":""},"pre_sweep_delay":{"value":1,"unit":""},"bias_direction":{"value":0,"unit":""},"max_reverse_bias":{"value":-0.2,"unit":""},"max_forward_bias":{"value":1.3,"unit":""},"num_sweep_points":{"value":31,"unit":""},"dwell_time":{"value":0,"unit":""},"current_limit":{"value":100,"unit":""},"pviv_10a_i_amp":{"value":0,"unit":""},"average":{"value":1,"unit":""},"dark_current":{"value":0,"unit":""},"rshunt_v_lo":{"value":-0.2,"unit":""},"rshunt_v_hi":{"value":0.2,"unit":""},"voc":{"value":1.11596449,"unit":"V"},"isc":{"value":0.00102996,"unit":"A"},"jsc":{"value":22.1973991,"unit":"mA\/cm2"},"imax":{"value":0.00097121,"unit":"A"},"vmax":{"value":0.94468862,"unit":"V"},"pmax":{"value":0.91749004,"unit":"mW"},"fill_factor":{"value":79.8235,"unit":"%"},"efficiency":{"value":19.7735,"unit":"%"},"r_at_voc":{"value":78.914714,"unit":""},"r_at_isc":{"value":83339.647,"unit":""},"power":{"value":0.0010742,"unit":"W"},"rshunt":{"value":"NaN","unit":"ohm"},"cell_temp_start":{"value":"NaN","unit":""},"cell_temp_end":{"value":"NaN","unit":""},"exposure":{"value":3.729,"unit":""},"time":{"value":"19:04:55","unit":""},"date":{"value":"07\/08\/2023","unit":""},"V":{"value":[1.3,1.25,1.2,1.15,1.1,1.05,1,0.95,0.9,0.85,0.8,0.75,0.7,0.65,0.6,0.55,0.5,0.45,0.4,0.35,0.3,0.25,0.2,0.15,0.1,0.05,0,-0.05,-0.1,-0.15,-0.2],"unit":"V"},"I":{"value":[-0.00347248,-0.00224551,-0.0012149,-0.00043129,0.0002023,0.00061782,0.00086466,0.00096541,0.00099931,0.0010097,0.0010143,0.0010173,0.00101967,0.00101985,0.00102084,0.00102217,0.00102352,0.00102404,0.00102486,0.00102512,0.00102646,0.00102664,0.0010278,0.00102799,0.00102875,0.00102904,0.00103058,0.00103075,0.00103094,0.00103188,0.00103211],"unit":"A"},"J":{"unit":"A\/cm2","value":[-0.07483793103448276,-0.048394612068965524,-0.02618318965517242,-0.009295043103448277,0.004359913793103449,0.013315086206896554,0.018634913793103447,0.020806250000000002,0.021536853448275863,0.021760775862068968,0.021859913793103453,0.021924568965517244,0.02197564655172414,0.021979525862068968,0.02200086206896552,0.022029525862068966,0.022058620689655174,0.022069827586206896,0.022087500000000003,0.022093103448275864,0.022121982758620692,0.02212586206896552,0.022150862068965518,0.02215495689655172,0.022171336206896552,0.02217758620689655,0.022210775862068963,0.022214439655172415,0.02221853448275862,0.022238793103448277,0.02224375]},"cell_dimension":{"value":0.0464,"unit":"cm2"},"sweep_direction":{"unit":"","value":"Forward"},"key":"forward 84 MeO-Me 1-3 0.1mM_20230708"},{"sample_area":{"value":0.0464,"unit":"cm2"},"irradiance":{"value":1,"unit":""},"pre_sweep_delay":{"value":1,"unit":""},"bias_direction":{"value":0,"unit":""},"max_reverse_bias":{"value":-0.2,"unit":""},"max_forward_bias":{"value":1.3,"unit":""},"num_sweep_points":{"value":31,"unit":""},"dwell_time":{"value":0,"unit":""},"current_limit":{"value":100,"unit":""},"pviv_10a_i_amp":{"value":0,"unit":""},"average":{"value":1,"unit":""},"dark_current":{"value":0,"unit":""},"rshunt_v_lo":{"value":-0.2,"unit":""},"rshunt_v_hi":{"value":0.2,"unit":""},"voc":{"value":1.11767817,"unit":"V"},"isc":{"value":0.00102636,"unit":"A"},"jsc":{"value":22.11986775,"unit":"mA\/cm2"},"imax":{"value":0.00097086,"unit":"A"},"vmax":{"value":0.93150176,"unit":"V"},"pmax":{"value":0.90436061,"unit":"mW"},"fill_factor":{"value":78.836,"unit":"%"},"efficiency":{"value":19.4905,"unit":"%"},"r_at_voc":{"value":85.195552,"unit":""},"r_at_isc":{"value":87225.438,"unit":""},"power":{"value":0.00106688,"unit":"W"},"rshunt":{"value":"NaN","unit":"ohm"},"cell_temp_start":{"value":"NaN","unit":""},"cell_temp_end":{"value":"NaN","unit":""},"exposure":{"value":3.725,"unit":""},"time":{"value":"19:04:34","unit":""},"date":{"value":"07\/08\/2023","unit":""},"V":{"value":[1.3,1.25,1.2,1.15,1.1,1.05,1,0.95,0.9,0.85,0.8,0.75,0.7,0.65,0.6,0.55,0.5,0.45,0.4,0.35,0.3,0.25,0.2,0.15,0.1,0.05,0,-0.05,-0.1,-0.15,-0.2],"unit":"V"},"I":{"value":[-0.00298149,-0.00194268,-0.00106096,-0.00037938,0.0002075,0.00058019,0.00082285,0.00094719,0.00099392,0.00100666,0.00101345,0.00101614,0.0010172,0.00101765,0.00101929,0.00101946,0.00102072,0.00102029,0.00102214,0.00102119,0.0010233,0.00102313,0.00102408,0.00102429,0.00102578,0.00102533,0.0010258,0.00102779,0.00102821,0.00102727,0.00102871],"unit":"A"},"J":{"unit":"A\/cm2","value":[-0.06425625,-0.041868103448275865,-0.02286551724137931,-0.008176293103448277,0.00447198275862069,0.012504094827586206,0.01773383620689655,0.020413577586206898,0.021420689655172413,0.021695258620689654,0.021841594827586207,0.021899568965517244,0.02192241379310345,0.021932112068965517,0.021967456896551725,0.021971120689655173,0.021998275862068966,0.02198900862068966,0.022028879310344827,0.022008405172413793,0.022053879310344828,0.02205021551724138,0.022070689655172414,0.02207521551724138,0.0221073275862069,0.02209762931034483,0.022107758620689658,0.022150646551724138,0.02215969827586207,0.022139439655172417,0.022170474137931034]},"cell_dimension":{"value":0.0464,"unit":"cm2"},"sweep_direction":{"unit":"","value":"Forward"},"key":"forward 83 MeO-Me 1-3 0.1mM_20230708"},{"sample_area":{"value":0.0464,"unit":"cm2"},"irradiance":{"value":1,"unit":""},"pre_sweep_delay":{"value":1,"unit":""},"bias_direction":{"value":0,"unit":""},"max_reverse_bias":{"value":-0.2,"unit":""},"max_forward_bias":{"value":1.3,"unit":""},"num_sweep_points":{"value":31,"unit":""},"dwell_time":{"value":0,"unit":""},"current_limit":{"value":100,"unit":""},"pviv_10a_i_amp":{"value":0,"unit":""},"average":{"value":1,"unit":""},"dark_current":{"value":0,"unit":""},"rshunt_v_lo":{"value":-0.2,"unit":""},"rshunt_v_hi":{"value":0.2,"unit":""},"voc":{"value":1.1118081,"unit":"V"},"isc":{"value":0.00102797,"unit":"A"},"jsc":{"value":22.15451038,"unit":"mA\/cm2"},"imax":{"value":0.00096655,"unit":"A"},"vmax":{"value":0.9158152,"unit":"V"},"pmax":{"value":0.8851787,"unit":"mW"},"fill_factor":{"value":77.4499,"unit":"%"},"efficiency":{"value":19.0771,"unit":"%"},"r_at_voc":{"value":86.391894,"unit":""},"r_at_isc":{"value":89226.327,"unit":""},"power":{"value":0.00105729,"unit":"W"},"rshunt":{"value":"NaN","unit":"ohm"},"cell_temp_start":{"value":"NaN","unit":""},"cell_temp_end":{"value":"NaN","unit":""},"exposure":{"value":3.727,"unit":""},"time":{"value":"19:04:21","unit":""},"date":{"value":"07\/08\/2023","unit":""},"V":{"value":[1.3,1.25,1.2,1.15,1.1,1.05,1,0.95,0.9,0.85,0.8,0.75,0.7,0.65,0.6,0.55,0.5,0.45,0.4,0.35,0.3,0.25,0.2,0.15,0.1,0.05,0,-0.05,-0.1,-0.15,-0.2],"unit":"V"},"I":{"value":[-0.00299352,-0.0019701,-0.00110605,-0.00044208,0.00013668,0.000522,0.00077822,0.00091656,0.00098082,0.00100315,0.00101057,0.00101421,0.0010177,0.00101814,0.00101947,0.0010206,0.00102191,0.00102168,0.00102308,0.00102357,0.00102476,0.00102489,0.001026,0.00102578,0.0010272,0.00102717,0.00102753,0.00102983,0.00102916,0.00102877,0.0010304],"unit":"A"},"J":{"unit":"A\/cm2","value":[-0.06451551724137931,-0.04245905172413793,-0.02383728448275862,-0.009527586206896553,0.002945689655172414,0.011250000000000001,0.016771982758620692,0.01975344827586207,0.02113836206896552,0.021619612068965517,0.021779525862068966,0.021857974137931037,0.02193318965517242,0.021942672413793107,0.021971336206896553,0.021995689655172415,0.022023922413793105,0.022018965517241383,0.022049137931034486,0.02205969827586207,0.022085344827586208,0.02208814655172414,0.022112068965517245,0.0221073275862069,0.02213793103448276,0.02213728448275862,0.022145043103448277,0.02219461206896552,0.022180172413793105,0.02217176724137931,0.02220689655172414]},"cell_dimension":{"value":0.0464,"unit":"cm2"},"sweep_direction":{"unit":"","value":"Forward"},"key":"forward 82 MeO-Me 1-3 0.1mM_20230708"},{"sample_area":{"value":0.0464,"unit":"cm2"},"irradiance":{"value":1,"unit":""},"pre_sweep_delay":{"value":1,"unit":""},"bias_direction":{"value":0,"unit":""},"max_reverse_bias":{"value":-0.2,"unit":""},"max_forward_bias":{"value":1.3,"unit":""},"num_sweep_points":{"value":31,"unit":""},"dwell_time":{"value":0,"unit":""},"current_limit":{"value":100,"unit":""},"pviv_10a_i_amp":{"value":0,"unit":""},"average":{"value":1,"unit":""},"dark_current":{"value":0,"unit":""},"rshunt_v_lo":{"value":-0.2,"unit":""},"rshunt_v_hi":{"value":0.2,"unit":""},"voc":{"value":1.11085506,"unit":"V"},"isc":{"value":0.00101363,"unit":"A"},"jsc":{"value":21.84547433,"unit":"mA\/cm2"},"imax":{"value":0.00093748,"unit":"A"},"vmax":{"value":0.92903085,"unit":"V"},"pmax":{"value":0.87094548,"unit":"mW"},"fill_factor":{"value":77.3489,"unit":"%"},"efficiency":{"value":18.7704,"unit":"%"},"r_at_voc":{"value":85.590952,"unit":""},"r_at_isc":{"value":46460.158,"unit":""},"power":{"value":0.00103917,"unit":"W"},"rshunt":{"value":"NaN","unit":"ohm"},"cell_temp_start":{"value":"NaN","unit":""},"cell_temp_end":{"value":"NaN","unit":""},"exposure":{"value":3.733,"unit":""},"time":{"value":"19:04:05","unit":""},"date":{"value":"07\/08\/2023","unit":""},"V":{"value":[1.3,1.25,1.2,1.15,1.1,1.05,1,0.95,0.9,0.85,0.8,0.75,0.7,0.65,0.6,0.55,0.5,0.45,0.4,0.35,0.3,0.25,0.2,0.15,0.1,0.05,0,-0.05,-0.1,-0.15,-0.2],"unit":"V"},"I":{"value":[-0.00301746,-0.00204965,-0.00117777,-0.00045735,0.00012682,0.00053888,0.00079041,0.0009112,0.00095931,0.00097571,0.00098423,0.00098865,0.0009921,0.0009947,0.00099644,0.00099822,0.00100034,0.00100195,0.00100333,0.00100504,0.00100728,0.00100795,0.00100908,0.00101032,0.00101212,0.00101226,0.00101348,0.00101558,0.00101576,0.00101665,0.00101761],"unit":"A"},"J":{"unit":"A\/cm2","value":[-0.06503146551724139,-0.04417349137931035,-0.025382974137931037,-0.00985668103448276,0.002733189655172414,0.011613793103448278,0.01703469827586207,0.01963793103448276,0.020674784482758623,0.02102823275862069,0.021211853448275864,0.021307112068965517,0.021381465517241384,0.0214375,0.021475,0.02151336206896552,0.021559051724137933,0.02159375,0.021623491379310345,0.02166034482758621,0.02170862068965517,0.02172306034482759,0.02174741379310345,0.021774137931034488,0.02181293103448276,0.02181594827586207,0.021842241379310345,0.021887500000000004,0.021891379310344832,0.02191056034482759,0.02193125]},"cell_dimension":{"value":0.0464,"unit":"cm2"},"sweep_direction":{"unit":"","value":"Forward"},"key":"forward 81 MeO-Me 1-3 0.1mM_20230708"},{"sample_area":{"value":0.0464,"unit":"cm2"},"irradiance":{"value":1,"unit":""},"pre_sweep_delay":{"value":1,"unit":""},"bias_direction":{"value":0,"unit":""},"max_reverse_bias":{"value":-0.2,"unit":""},"max_forward_bias":{"value":1.3,"unit":""},"num_sweep_points":{"value":31,"unit":""},"dwell_time":{"value":0,"unit":""},"current_limit":{"value":100,"unit":""},"pviv_10a_i_amp":{"value":0,"unit":""},"average":{"value":1,"unit":""},"dark_current":{"value":0,"unit":""},"rshunt_v_lo":{"value":-0.2,"unit":""},"rshunt_v_hi":{"value":0.2,"unit":""},"voc":{"value":1.10745536,"unit":"V"},"isc":{"value":0.00100322,"unit":"A"},"jsc":{"value":21.6211057,"unit":"mA\/cm2"},"imax":{"value":0.00093035,"unit":"A"},"vmax":{"value":0.94821315,"unit":"V"},"pmax":{"value":0.88216875,"unit":"mW"},"fill_factor":{"value":79.4017,"unit":"%"},"efficiency":{"value":19.0123,"unit":"%"},"r_at_voc":{"value":69.368832,"unit":""},"r_at_isc":{"value":58118.34,"unit":""},"power":{"value":0.0010372,"unit":"W"},"rshunt":{"value":"NaN","unit":"ohm"},"cell_temp_start":{"value":"NaN","unit":""},"cell_temp_end":{"value":"NaN","unit":""},"exposure":{"value":3.732,"unit":""},"time":{"value":"19:03:11","unit":""},"date":{"value":"07\/08\/2023","unit":""},"V":{"value":[1.3,1.25,1.2,1.15,1.1,1.05,1,0.95,0.9,0.85,0.8,0.75,0.7,0.65,0.6,0.55,0.5,0.45,0.4,0.35,0.3,0.25,0.2,0.15,0.1,0.05,0,-0.05,-0.1,-0.15,-0.2],"unit":"V"},"I":{"value":[-0.00388416,-0.00258683,-0.00149529,-0.00061331,0.00010747,0.00059275,0.00083557,0.00092856,0.00095847,0.00097043,0.0009765,0.00098125,0.00098543,0.00098842,0.00099003,0.00099149,0.00099322,0.00099486,0.00099555,0.00099737,0.00099829,0.00099922,0.00099954,0.00100059,0.0010015,0.00100183,0.00100285,0.00100449,0.001005,0.00100569,0.00100694],"unit":"A"},"J":{"unit":"A\/cm2","value":[-0.08371034482758621,-0.05575064655172414,-0.0322260775862069,-0.013217887931034485,0.0023161637931034484,0.01277478448275862,0.018007974137931034,0.020012068965517243,0.02065668103448276,0.020914439655172416,0.021045258620689657,0.021147629310344827,0.021237715517241382,0.021302155172413795,0.021336853448275864,0.021368318965517243,0.021405603448275863,0.02144094827586207,0.021455818965517244,0.02149504310344828,0.021514870689655175,0.02153491379310345,0.021541810344827585,0.021564439655172414,0.021584051724137934,0.02159116379310345,0.02161314655172414,0.021648491379310346,0.02165948275862069,0.021674353448275865,0.021701293103448278]},"cell_dimension":{"value":0.0464,"unit":"cm2"},"sweep_direction":{"unit":"","value":"Forward"},"key":"forward 74 MeO-Me 1-3 0.1mM_20230708"},{"sample_area":{"value":0.0464,"unit":"cm2"},"irradiance":{"value":1,"unit":""},"pre_sweep_delay":{"value":1,"unit":""},"bias_direction":{"value":0,"unit":""},"max_reverse_bias":{"value":-0.2,"unit":""},"max_forward_bias":{"value":1.3,"unit":""},"num_sweep_points":{"value":31,"unit":""},"dwell_time":{"value":0,"unit":""},"current_limit":{"value":100,"unit":""},"pviv_10a_i_amp":{"value":0,"unit":""},"average":{"value":1,"unit":""},"dark_current":{"value":0,"unit":""},"rshunt_v_lo":{"value":-0.2,"unit":""},"rshunt_v_hi":{"value":0.2,"unit":""},"voc":{"value":1.11334033,"unit":"V"},"isc":{"value":0.00101467,"unit":"A"},"jsc":{"value":21.8678895,"unit":"mA\/cm2"},"imax":{"value":0.00095026,"unit":"A"},"vmax":{"value":0.94105924,"unit":"V"},"pmax":{"value":0.89425254,"unit":"mW"},"fill_factor":{"value":79.1603,"unit":"%"},"efficiency":{"value":19.2727,"unit":"%"},"r_at_voc":{"value":82.448632,"unit":""},"r_at_isc":{"value":78149.422,"unit":""},"power":{"value":0.00105317,"unit":"W"},"rshunt":{"value":"NaN","unit":"ohm"},"cell_temp_start":{"value":"NaN","unit":""},"cell_temp_end":{"value":"NaN","unit":""},"exposure":{"value":3.729,"unit":""},"time":{"value":"19:02:55","unit":""},"date":{"value":"07\/08\/2023","unit":""},"V":{"value":[1.3,1.25,1.2,1.15,1.1,1.05,1,0.95,0.9,0.85,0.8,0.75,0.7,0.65,0.6,0.55,0.5,0.45,0.4,0.35,0.3,0.25,0.2,0.15,0.1,0.05,0,-0.05,-0.1,-0.15,-0.2],"unit":"V"},"I":{"value":[-0.00307192,-0.0020447,-0.00115895,-0.00044464,0.0001618,0.00059051,0.00083539,0.00094028,0.000977,0.00098935,0.00099625,0.00099863,0.00100126,0.00100385,0.00100497,0.00100631,0.00100789,0.00100775,0.0010094,0.00101002,0.00101103,0.00101082,0.00101204,0.00101263,0.00101385,0.00101422,0.00101489,0.00101601,0.00101544,0.00101611,0.00101728],"unit":"A"},"J":{"unit":"A\/cm2","value":[-0.06620517241379312,-0.04406681034482759,-0.024977370689655172,-0.009582758620689656,0.0034870689655172415,0.012726508620689657,0.018004094827586206,0.020264655172413795,0.021056034482758623,0.02132219827586207,0.021470905172413794,0.02152219827586207,0.02157887931034483,0.02163469827586207,0.021658836206896553,0.02168771551724138,0.021721767241379312,0.021718750000000002,0.021754310344827586,0.021767672413793102,0.021789439655172417,0.021784913793103447,0.02181120689655173,0.021823922413793106,0.02185021551724138,0.021858189655172413,0.02187262931034483,0.02189676724137931,0.02188448275862069,0.021898922413793105,0.021924137931034482]},"cell_dimension":{"value":0.0464,"unit":"cm2"},"sweep_direction":{"unit":"","value":"Forward"},"key":"forward 73 MeO-Me 1-3 0.1mM_20230708"},{"sample_area":{"value":0.0464,"unit":"cm2"},"irradiance":{"value":1,"unit":""},"pre_sweep_delay":{"value":1,"unit":""},"bias_direction":{"value":0,"unit":""},"max_reverse_bias":{"value":-0.2,"unit":""},"max_forward_bias":{"value":1.3,"unit":""},"num_sweep_points":{"value":31,"unit":""},"dwell_time":{"value":0,"unit":""},"current_limit":{"value":100,"unit":""},"pviv_10a_i_amp":{"value":0,"unit":""},"average":{"value":1,"unit":""},"dark_current":{"value":0,"unit":""},"rshunt_v_lo":{"value":-0.2,"unit":""},"rshunt_v_hi":{"value":0.2,"unit":""},"voc":{"value":1.12044071,"unit":"V"},"isc":{"value":0.00101847,"unit":"A"},"jsc":{"value":21.94982347,"unit":"mA\/cm2"},"imax":{"value":0.00095546,"unit":"A"},"vmax":{"value":0.94210335,"unit":"V"},"pmax":{"value":0.90014441,"unit":"mW"},"fill_factor":{"value":78.8813,"unit":"%"},"efficiency":{"value":19.3997,"unit":"%"},"r_at_voc":{"value":88.69746,"unit":""},"r_at_isc":{"value":81579.377,"unit":""},"power":{"value":0.00106186,"unit":"W"},"rshunt":{"value":"NaN","unit":"ohm"},"cell_temp_start":{"value":"NaN","unit":""},"cell_temp_end":{"value":"NaN","unit":""},"exposure":{"value":3.732,"unit":""},"time":{"value":"19:02:29","unit":""},"date":{"value":"07\/08\/2023","unit":""},"V":{"value":[1.3,1.25,1.2,1.15,1.1,1.05,1,0.95,0.9,0.85,0.8,0.75,0.7,0.65,0.6,0.55,0.5,0.45,0.4,0.35,0.3,0.25,0.2,0.15,0.1,0.05,0,-0.05,-0.1,-0.15,-0.2],"unit":"V"},"I":{"value":[-0.00308336,-0.00197025,-0.00103542,-0.00033326,0.00023045,0.00061038,0.00084277,0.00094671,0.00098273,0.00099515,0.00100184,0.00100474,0.00100664,0.00100814,0.00100973,0.00100989,0.00101135,0.00101182,0.00101311,0.00101307,0.00101523,0.00101503,0.00101581,0.00101622,0.00101744,0.00101772,0.00101856,0.00101992,0.00101976,0.00102038,0.00102037],"unit":"A"},"J":{"unit":"A\/cm2","value":[-0.06645172413793103,-0.04246228448275863,-0.022315086206896553,-0.007182327586206897,0.004966594827586207,0.013154741379310346,0.018163146551724137,0.02040323275862069,0.021179525862068966,0.02144719827586207,0.021591379310344827,0.02165387931034483,0.0216948275862069,0.021727155172413797,0.021761422413793103,0.021764870689655175,0.021796336206896555,0.021806465517241382,0.021834267241379313,0.021833405172413795,0.021879956896551724,0.02187564655172414,0.021892456896551726,0.021901293103448276,0.021927586206896554,0.021933620689655174,0.021951724137931033,0.02198103448275862,0.021977586206896552,0.02199094827586207,0.021990732758620693]},"cell_dimension":{"value":0.0464,"unit":"cm2"},"sweep_direction":{"unit":"","value":"Forward"},"key":"forward 72 MeO-Me 1-3 0.1mM_20230708"},{"sample_area":{"value":0.0464,"unit":"cm2"},"irradiance":{"value":1,"unit":""},"pre_sweep_delay":{"value":1,"unit":""},"bias_direction":{"value":0,"unit":""},"max_reverse_bias":{"value":-0.2,"unit":""},"max_forward_bias":{"value":1.3,"unit":""},"num_sweep_points":{"value":31,"unit":""},"dwell_time":{"value":0,"unit":""},"current_limit":{"value":100,"unit":""},"pviv_10a_i_amp":{"value":0,"unit":""},"average":{"value":1,"unit":""},"dark_current":{"value":0,"unit":""},"rshunt_v_lo":{"value":-0.2,"unit":""},"rshunt_v_hi":{"value":0.2,"unit":""},"voc":{"value":1.119902,"unit":"V"},"isc":{"value":0.00102873,"unit":"A"},"jsc":{"value":22.17096865,"unit":"mA\/cm2"},"imax":{"value":0.00097,"unit":"A"},"vmax":{"value":0.93725265,"unit":"V"},"pmax":{"value":0.90913867,"unit":"mW"},"fill_factor":{"value":78.9128,"unit":"%"},"efficiency":{"value":19.5935,"unit":"%"},"r_at_voc":{"value":86.735941,"unit":""},"r_at_isc":{"value":68737.971,"unit":""},"power":{"value":0.00107156,"unit":"W"},"rshunt":{"value":"NaN","unit":"ohm"},"cell_temp_start":{"value":"NaN","unit":""},"cell_temp_end":{"value":"NaN","unit":""},"exposure":{"value":3.739,"unit":""},"time":{"value":"19:02:11","unit":""},"date":{"value":"07\/08\/2023","unit":""},"V":{"value":[1.3,1.25,1.2,1.15,1.1,1.05,1,0.95,0.9,0.85,0.8,0.75,0.7,0.65,0.6,0.55,0.5,0.45,0.4,0.35,0.3,0.25,0.2,0.15,0.1,0.05,0,-0.05,-0.1,-0.15,-0.2],"unit":"V"},"I":{"value":[-0.00302202,-0.00193839,-0.00103361,-0.00034701,0.00022946,0.00060264,0.00084279,0.00095482,0.00099562,0.00100715,0.00101312,0.00101508,0.00101784,0.00101888,0.00102023,0.00102139,0.00102197,0.00102217,0.00102236,0.00102322,0.00102436,0.00102502,0.0010255,0.00102703,0.00102714,0.00102855,0.00102794,0.00102969,0.00103009,0.0010317,0.00103104],"unit":"A"},"J":{"unit":"A\/cm2","value":[-0.06512974137931035,-0.04177564655172414,-0.022276077586206897,-0.007478663793103449,0.004945258620689655,0.01298793103448276,0.0181635775862069,0.020578017241379313,0.021457327586206897,0.021705818965517244,0.02183448275862069,0.021876724137931035,0.02193620689655173,0.021958620689655175,0.02198771551724138,0.022012715517241384,0.022025215517241382,0.022029525862068966,0.022033620689655174,0.022052155172413795,0.022076724137931037,0.02209094827586207,0.022101293103448275,0.02213426724137931,0.022136637931034483,0.022167025862068968,0.022153879310344828,0.02219159482758621,0.02220021551724138,0.02223491379310345,0.022220689655172415]},"cell_dimension":{"value":0.0464,"unit":"cm2"},"sweep_direction":{"unit":"","value":"Forward"},"key":"forward 71 MeO-Me 1-3 0.1mM_20230708"}]}}