{"_id":"655ac6b85144b742d856d3bd","id":"JBNU-SC-00360","author":98,"group":10,"input":[{"tco":{"unit":"","value":"ITO"}},{"htl":[{"material":{"unit":"","value":"NiO_Sputter"},"concentration":{"unit":"","value":"None"},"conc_unit":{"unit":"","value":"None"},"quantity":{"unit":"ml","value":"None"}}],"solvent":[{"material":{"unit":"","value":"None"},"volume":{"unit":"ml","value":"None"}},{"material":{"unit":"","value":"None"},"volume":{"unit":"ml","value":"None"}}],"htl_doping":[{"material":{"unit":"","value":"None"},"volume":{"unit":"ul","value":"None"}}],"spin_coating":[{"type":{"unit":"","value":"None"},"rpm":{"unit":"","value":"None"},"time":{"unit":"s","value":"None"}}],"vacuum_suction":[{"unit":"s","value":"None"}],"annealing":[{"temperature":{"unit":"oC","value":"300"},"time":{"unit":"m","value":"30"}}],"module":[{"type":{"unit":"","value":"None"},"gap":{"unit":"um","value":"None"},"coating_speed":{"unit":"mm\/s","value":"None"},"feeding_amount":{"unit":"ul","value":"None"}}],"thermal_evaporation":[{"vacuum_evaporation_thickness":{"unit":"nm","value":"None"},"evaporation_rate":{"unit":"\u00c5\/s","value":"None"},"vacuum_pressure":{"unit":"uTorr","value":"None"}}]},{"htl_treatment":[{"material":{"unit":"","value":"MeO-2PACz"},"concentration":{"unit":"","value":"0.33"},"conc_unit":{"unit":"","value":"mg\/ml"},"quantity":{"unit":"ml","value":"1"}}],"solvent":[{"material":{"unit":"","value":"Ethanol"},"volume":{"unit":"ml","value":"1"}},{"material":{"unit":"","value":"None"},"volume":{"unit":"ml","value":"None"}}],"spin_coating":[{"type":{"unit":"","value":"drop&run"},"rpm":{"unit":"","value":"3000"},"time":{"unit":"s","value":"50"}}],"vacuum_suction":[{"unit":"s","value":"None"}],"annealing":[{"temperature":{"unit":"oC","value":"None"},"time":{"unit":"m","value":"None"}}],"module":[{"type":{"unit":"","value":"None"},"gap":{"unit":"um","value":"None"},"coating_speed":{"unit":"mm\/s","value":"None"},"feeding_amount":{"unit":"ul","value":"None"}}],"thermal_evaporation":[{"vacuum_evaporation_thickness":{"unit":"nm","value":"None"},"evaporation_rate":{"unit":"\u00c5\/s","value":"None"},"vacuum_pressure":{"unit":"uTorr","value":"None"}}]},{"perovskite":{"method":{"unit":"","value":"1-step"},"molarity":{"unit":"M","value":"1.45"},"a_site":[{"material":{"unit":"","value":"Cs"},"ratio":{"unit":"","value":"0.175"}},{"material":{"unit":"","value":"FA"},"ratio":{"unit":"","value":"0.825"}}],"b_site":[{"material":{"unit":"","value":"Pb"},"ratio":{"unit":"","value":"1"}},{"material":{"unit":"","value":"None"},"ratio":{"unit":"","value":"0"}}],"x_site":[{"material":{"unit":"","value":"I"},"ratio":{"unit":"","value":"2.55"}},{"material":{"unit":"","value":"Br"},"ratio":{"unit":"","value":"0.45"}}],"solvent":[{"material":{"unit":"","value":"DMF"},"volume":{"unit":"ml","value":"0.8"}},{"material":{"unit":"","value":"DMSO"},"volume":{"unit":"ml","value":"0.2"}}],"additive":[{"material":{"unit":"","value":"OLAI"},"solvent":{"unit":"","value":"DMF"},"concentration":{"unit":"","value":"100"},"conc_unit":{"unit":"","value":"mg\/ml"},"quantity":{"unit":"mol%","value":"1"}}],"stirring_time":[{"unit":"m","value":"120"}],"antisolvent":[{"material":{"unit":"","value":"None"},"quantity":{"unit":"ul","value":"None"},"dripping_time":{"unit":"s","value":"None"}}],"spin_coating":[{"type":{"unit":"","value":"drop&run"},"rpm":{"unit":"","value":"4000"},"time":{"unit":"s","value":"10"}}],"vacuum_suction":[{"unit":"s","value":"60"}],"annealing":[{"temperature":{"unit":"oC","value":"100"},"time":{"unit":"m","value":"30"}}],"atmosphere":[{"type":{"unit":"","value":"N2"},"temperature":{"unit":"oC","value":"28"},"humidity":{"unit":"RH%","value":"0"}}],"assist":[{"type":{"unit":"","value":"None"},"temperature":{"unit":"oC","value":"None"},"assist_start_time":{"value":null,"unit":"s"},"total_assist_time":{"value":"None","unit":"s"}}],"module":[{"type":{"unit":"","value":"None"},"gap":{"unit":"um","value":"None"},"coating_speed":{"unit":"mm\/s","value":"None"},"feeding_amount":{"unit":"ul","value":"None"}}],"thermal_evaporation":[{"vacuum_evaporation_thickness":{"unit":"nm","value":"None"},"evaporation_rate":{"unit":"\u00c5\/s","value":"None"},"vacuum_pressure":{"unit":"uTorr","value":"None"}}]}},{"perovskite_treatment":[{"material":{"unit":"","value":"None"},"concentration":{"unit":"","value":"None"},"conc_unit":{"unit":"","value":"None"},"quantity":{"unit":"ml","value":"None"}}],"solvent":[{"material":{"unit":"","value":"None"},"volume":{"unit":"ml","value":"None"}},{"material":{"unit":"","value":"None"},"volume":{"unit":"ml","value":"None"}}],"spin_coating":[{"type":{"unit":"","value":"None"},"rpm":{"unit":"","value":"None"},"time":{"unit":"s","value":"None"}}],"vacuum_suction":[{"unit":"s","value":"None"}],"annealing":[{"temperature":{"unit":"oC","value":"0"},"time":{"unit":"m","value":"0"}}],"module":[{"type":{"unit":"","value":"None"},"gap":{"unit":"um","value":"None"},"coating_speed":{"unit":"mm\/s","value":"None"},"feeding_amount":{"unit":"ul","value":"None"}}],"thermal_evaporation":[{"vacuum_evaporation_thickness":{"unit":"nm","value":"None"},"evaporation_rate":{"unit":"\u00c5\/s","value":"None"},"vacuum_pressure":{"unit":"uTorr","value":"None"}}]},{"etl":[{"material":{"unit":"","value":"C60"},"concentration":{"unit":"","value":"None"},"conc_unit":{"unit":"","value":"None"},"quantity":{"unit":"ml","value":"None"}}],"solvent":[{"material":{"unit":"","value":"None"},"volume":{"unit":"ml","value":"None"}},{"material":{"unit":"","value":"None"},"volume":{"unit":"ml","value":"None"}}],"spin_coating":[{"type":{"unit":"","value":"None"},"rpm":{"unit":"","value":"None"},"time":{"unit":"s","value":"None"}}],"vacuum_suction":[{"unit":"s","value":"None"}],"annealing":[{"temperature":{"unit":"oC","value":"None"},"time":{"unit":"m","value":"None"}}],"etl_doping":[{"material":{"unit":"","value":"None"},"volume":{"unit":"ul","value":"None"}}],"module":[{"type":{"unit":"","value":"None"},"gap":{"unit":"um","value":"None"},"coating_speed":{"unit":"mm\/s","value":"None"},"feeding_amount":{"unit":"ul","value":"None"}}],"thermal_evaporation":[{"vacuum_evaporation_thickness":{"unit":"nm","value":"30"},"evaporation_rate":{"unit":"\u00c5\/s","value":"0.6"},"vacuum_pressure":{"unit":"uTorr","value":"2x10-6"}}]},{"blocking_buffer_layer":[{"material":{"unit":"","value":"BCP"},"concentration":{"unit":"","value":"None"},"conc_unit":{"unit":"","value":"None"},"quantity":{"unit":"ml","value":"None"}}],"solvent":[{"material":{"unit":"","value":"None"},"volume":{"unit":"ml","value":"None"}},{"material":{"unit":"","value":"None"},"volume":{"unit":"ml","value":"None"}}],"spin_coating":[{"type":{"unit":"","value":"None"},"rpm":{"unit":"","value":"None"},"time":{"unit":"s","value":"None"}}],"vacuum_suction":[{"unit":"s","value":"0"}],"annealing":[{"temperature":{"unit":"oC","value":"None"},"time":{"unit":"m","value":"None"}}],"module":[{"type":{"unit":"","value":"None"},"gap":{"unit":"um","value":"None"},"coating_speed":{"unit":"mm\/s","value":"None"},"feeding_amount":{"unit":"ul","value":"None"}}],"thermal_evaporation":[{"vacuum_evaporation_thickness":{"unit":"nm","value":"6"},"evaporation_rate":{"unit":"\u00c5\/s","value":"0.6"},"vacuum_pressure":{"unit":"uTorr","value":"2x10-6"}}]},{"anode_metal":{"unit":"","value":"Ag"}},{"note":{"unit":"","value":"-"},"ar":{"unit":"","value":"0"},"type":{"unit":"","value":"unit_cell"},"device_type":{"unit":"","value":"p-i-n"},"temperature":{"unit":"\u2103","value":"25"},"humidity":{"unit":"%","value":"40"},"cell_dimension":{"unit":"cm2","value":"0.0464"}}],"fileinfo":[{"key":"Forward 41 OLAI REF_20230809","uploadType":"JV","original_name":"Forward 41 OLAI REF_20230809-182139.txt","save_name":"JBNU-SC-00360\/Forward 41 OLAI REF_20230809","uploader":98,"fileType":""},{"key":"Forward 42 OLAI REF_20230809","uploadType":"JV","original_name":"Forward 42 OLAI REF_20230809-182216.txt","save_name":"JBNU-SC-00360\/Forward 42 OLAI REF_20230809","uploader":98,"fileType":""},{"key":"Forward 43 OLAI REF_20230809","uploadType":"JV","original_name":"Forward 43 OLAI REF_20230809-182250.txt","save_name":"JBNU-SC-00360\/Forward 43 OLAI REF_20230809","uploader":98,"fileType":""},{"key":"Forward 44 OLAI REF_20230809","uploadType":"JV","original_name":"Forward 44 OLAI REF_20230809-182309.txt","save_name":"JBNU-SC-00360\/Forward 44 OLAI REF_20230809","uploader":98,"fileType":""},{"key":"Forward 31 OLAI REF_20230809","uploadType":"JV","original_name":"Forward 31 OLAI REF_20230809-181830.txt","save_name":"JBNU-SC-00360\/Forward 31 OLAI REF_20230809","uploader":98,"fileType":""},{"key":"Forward 32 OLAI REF_20230809","uploadType":"JV","original_name":"Forward 32 OLAI REF_20230809-181852.txt","save_name":"JBNU-SC-00360\/Forward 32 OLAI REF_20230809","uploader":98,"fileType":""},{"key":"Forward 33 OLAI REF_20230809","uploadType":"JV","original_name":"Forward 33 OLAI REF_20230809-181921.txt","save_name":"JBNU-SC-00360\/Forward 33 OLAI REF_20230809","uploader":98,"fileType":""},{"key":"Forward 34 OLAI REF_20230809","uploadType":"JV","original_name":"Forward 34 OLAI REF_20230809-181946.txt","save_name":"JBNU-SC-00360\/Forward 34 OLAI REF_20230809","uploader":98,"fileType":""}],"jvcnt":8,"updated_at":"2024-08-07 02:33:50","created_at":"2023-11-20 02:38:48","analysisInfo":{"JV":[{"efficiency":18.1928,"fill_factor":74.9596,"jsc":21.38642038,"voc":1.13483959,"key":"Forward 44 OLAI REF_20230809","cell_dimension":0.0464},{"efficiency":18.3285,"fill_factor":74.9255,"jsc":21.56260772,"voc":1.1344764,"key":"Forward 43 OLAI REF_20230809","cell_dimension":0.0464},{"efficiency":18.2281,"fill_factor":74.7216,"jsc":21.41668697,"voc":1.13905254,"key":"Forward 42 OLAI REF_20230809","cell_dimension":0.0464},{"efficiency":18.3918,"fill_factor":74.7563,"jsc":21.48327955,"voc":1.14518217,"key":"Forward 41 OLAI REF_20230809","cell_dimension":0.0464},{"efficiency":18.0448,"fill_factor":73.0513,"jsc":21.73080956,"voc":1.13670831,"key":"Forward 34 OLAI REF_20230809","cell_dimension":0.0464},{"efficiency":18.2247,"fill_factor":73.66,"jsc":21.76792731,"voc":1.13661203,"key":"Forward 33 OLAI REF_20230809","cell_dimension":0.0464},{"efficiency":17.4737,"fill_factor":71.7707,"jsc":21.33194551,"voc":1.14131676,"key":"Forward 32 OLAI REF_20230809","cell_dimension":0.0464},{"efficiency":17.6218,"fill_factor":71.1202,"jsc":21.55844438,"voc":1.14931651,"key":"Forward 31 OLAI REF_20230809","cell_dimension":0.0464}]},"public":2,"analysis":{"JV":[{"sample_area":{"value":0.0464,"unit":"cm2"},"irradiance":{"value":1,"unit":""},"pre_sweep_delay":{"value":1,"unit":""},"bias_direction":{"value":0,"unit":""},"max_reverse_bias":{"value":-0.2,"unit":""},"max_forward_bias":{"value":1.3,"unit":""},"num_sweep_points":{"value":31,"unit":""},"dwell_time":{"value":0,"unit":""},"current_limit":{"value":100,"unit":""},"pviv_10a_i_amp":{"value":0,"unit":""},"average":{"value":1,"unit":""},"dark_current":{"value":0,"unit":""},"rshunt_v_lo":{"value":-0.2,"unit":""},"rshunt_v_hi":{"value":0.2,"unit":""},"voc":{"value":1.13483959,"unit":"V"},"isc":{"value":0.00099233,"unit":"A"},"jsc":{"value":21.38642038,"unit":"mA\/cm2"},"imax":{"value":0.00092494,"unit":"A"},"vmax":{"value":0.91265094,"unit":"V"},"pmax":{"value":0.84414675,"unit":"mW"},"fill_factor":{"value":74.9596,"unit":"%"},"efficiency":{"value":18.1928,"unit":"%"},"r_at_voc":{"value":141.251596,"unit":""},"r_at_isc":{"value":72332.635,"unit":""},"power":{"value":0.00102538,"unit":"W"},"rshunt":{"value":"NaN","unit":"ohm"},"cell_temp_start":{"value":"NaN","unit":""},"cell_temp_end":{"value":"NaN","unit":""},"exposure":{"value":3.916,"unit":""},"time":{"value":"18:23:09","unit":""},"date":{"value":"08\/09\/2023","unit":""},"V":{"value":[1.3,1.25,1.2,1.15,1.1,1.05,1,0.95,0.9,0.85,0.8,0.75,0.7,0.65,0.6,0.55,0.5,0.45,0.4,0.35,0.3,0.25,0.2,0.15,0.1,0.05,0,-0.05,-0.1,-0.15,-0.2],"unit":"V"},"I":{"value":[-0.00154884,-0.00099013,-0.00050339,-0.00010733,0.00024665,0.00052899,0.00074338,0.00087244,0.00093638,0.00096192,0.00097295,0.0009779,0.00097825,0.00098078,0.00098239,0.00098336,0.00098431,0.00098569,0.00098708,0.0009866,0.0009883,0.00098811,0.0009898,0.00099007,0.00099113,0.00099197,0.00099298,0.00099347,0.00099315,0.00099411,0.00099495],"unit":"A"},"J":{"unit":"A\/cm2","value":[-0.033380172413793104,-0.02133900862068966,-0.010848922413793104,-0.002313146551724138,0.00531573275862069,0.011400646551724139,0.016021120689655173,0.018802586206896555,0.020180603448275863,0.020731034482758624,0.02096875,0.021075431034482763,0.021082974137931036,0.021137500000000004,0.021172198275862072,0.021193103448275862,0.021213577586206896,0.021243318965517243,0.021273275862068966,0.02126293103448276,0.02129956896551724,0.021295474137931036,0.02133189655172414,0.021337715517241382,0.021360560344827587,0.02137866379310345,0.02140043103448276,0.021410991379310344,0.021404094827586206,0.021424784482758624,0.021442887931034486]},"cell_dimension":{"value":0.0464,"unit":"cm2"},"sweep_direction":{"unit":"","value":"Forward"},"key":"Forward 44 OLAI REF_20230809"},{"sample_area":{"value":0.0464,"unit":"cm2"},"irradiance":{"value":1,"unit":""},"pre_sweep_delay":{"value":1,"unit":""},"bias_direction":{"value":0,"unit":""},"max_reverse_bias":{"value":-0.2,"unit":""},"max_forward_bias":{"value":1.3,"unit":""},"num_sweep_points":{"value":31,"unit":""},"dwell_time":{"value":0,"unit":""},"current_limit":{"value":100,"unit":""},"pviv_10a_i_amp":{"value":0,"unit":""},"average":{"value":1,"unit":""},"dark_current":{"value":0,"unit":""},"rshunt_v_lo":{"value":-0.2,"unit":""},"rshunt_v_hi":{"value":0.2,"unit":""},"voc":{"value":1.1344764,"unit":"V"},"isc":{"value":0.0010005,"unit":"A"},"jsc":{"value":21.56260772,"unit":"mA\/cm2"},"imax":{"value":0.00093085,"unit":"A"},"vmax":{"value":0.91361784,"unit":"V"},"pmax":{"value":0.85044194,"unit":"mW"},"fill_factor":{"value":74.9255,"unit":"%"},"efficiency":{"value":18.3285,"unit":"%"},"r_at_voc":{"value":140.543278,"unit":""},"r_at_isc":{"value":65842.4,"unit":""},"power":{"value":0.00103246,"unit":"W"},"rshunt":{"value":"NaN","unit":"ohm"},"cell_temp_start":{"value":"NaN","unit":""},"cell_temp_end":{"value":"NaN","unit":""},"exposure":{"value":3.928,"unit":""},"time":{"value":"18:22:50","unit":""},"date":{"value":"08\/09\/2023","unit":""},"V":{"value":[1.3,1.25,1.2,1.15,1.1,1.05,1,0.95,0.9,0.85,0.8,0.75,0.7,0.65,0.6,0.55,0.5,0.45,0.4,0.35,0.3,0.25,0.2,0.15,0.1,0.05,0,-0.05,-0.1,-0.15,-0.2],"unit":"V"},"I":{"value":[-0.00153666,-0.00097792,-0.00050321,-0.00011045,0.00024531,0.00053204,0.00074911,0.00087972,0.00094312,0.00096803,0.00097802,0.00098295,0.00098471,0.00098714,0.00098806,0.00098934,0.00099057,0.00099276,0.000994,0.00099497,0.00099565,0.0009962,0.00099701,0.00099923,0.00099932,0.001,0.00099986,0.00100255,0.001002,0.00100246,0.00100293],"unit":"A"},"J":{"unit":"A\/cm2","value":[-0.033117672413793105,-0.021075862068965518,-0.010845043103448276,-0.002380387931034483,0.005286853448275862,0.011466379310344828,0.016144612068965516,0.01895948275862069,0.020325862068965517,0.020862715517241382,0.021078017241379313,0.021184267241379312,0.02122219827586207,0.021274568965517243,0.02129439655172414,0.02132198275862069,0.021348491379310348,0.02139568965517242,0.021422413793103452,0.021443318965517242,0.021457974137931036,0.0214698275862069,0.021487284482758624,0.02153512931034483,0.021537068965517242,0.021551724137931036,0.021548706896551726,0.021606681034482763,0.0215948275862069,0.021604741379310344,0.021614870689655175]},"cell_dimension":{"value":0.0464,"unit":"cm2"},"sweep_direction":{"unit":"","value":"Forward"},"key":"Forward 43 OLAI REF_20230809"},{"sample_area":{"value":0.0464,"unit":"cm2"},"irradiance":{"value":1,"unit":""},"pre_sweep_delay":{"value":1,"unit":""},"bias_direction":{"value":0,"unit":""},"max_reverse_bias":{"value":-0.2,"unit":""},"max_forward_bias":{"value":1.3,"unit":""},"num_sweep_points":{"value":31,"unit":""},"dwell_time":{"value":0,"unit":""},"current_limit":{"value":100,"unit":""},"pviv_10a_i_amp":{"value":0,"unit":""},"average":{"value":1,"unit":""},"dark_current":{"value":0,"unit":""},"rshunt_v_lo":{"value":-0.2,"unit":""},"rshunt_v_hi":{"value":0.2,"unit":""},"voc":{"value":1.13905254,"unit":"V"},"isc":{"value":0.00099373,"unit":"A"},"jsc":{"value":21.41668697,"unit":"mA\/cm2"},"imax":{"value":0.0009278,"unit":"A"},"vmax":{"value":0.91160468,"unit":"V"},"pmax":{"value":0.84578577,"unit":"mW"},"fill_factor":{"value":74.7216,"unit":"%"},"efficiency":{"value":18.2281,"unit":"%"},"r_at_voc":{"value":153.93701,"unit":""},"r_at_isc":{"value":63750.894,"unit":""},"power":{"value":0.00102706,"unit":"W"},"rshunt":{"value":"NaN","unit":"ohm"},"cell_temp_start":{"value":"NaN","unit":""},"cell_temp_end":{"value":"NaN","unit":""},"exposure":{"value":3.902,"unit":""},"time":{"value":"18:22:16","unit":""},"date":{"value":"08\/09\/2023","unit":""},"V":{"value":[1.3,1.25,1.2,1.15,1.1,1.05,1,0.95,0.9,0.85,0.8,0.75,0.7,0.65,0.6,0.55,0.5,0.45,0.4,0.35,0.3,0.25,0.2,0.15,0.1,0.05,0,-0.05,-0.1,-0.15,-0.2],"unit":"V"},"I":{"value":[-0.00143465,-0.00090844,-0.00044795,-7.112e-5,0.00025369,0.00053555,0.00073884,0.00087322,0.00093845,0.00096416,0.00097239,0.00097689,0.0009793,0.00098131,0.00098245,0.00098309,0.0009848,0.00098636,0.00098722,0.0009876,0.00098926,0.00098897,0.00099025,0.00099145,0.00099299,0.00099409,0.00099304,0.00099456,0.00099513,0.00099598,0.00099673],"unit":"A"},"J":{"unit":"A\/cm2","value":[-0.03091918103448276,-0.01957844827586207,-0.009654094827586208,-0.0015327586206896552,0.005467456896551724,0.011542025862068966,0.01592327586206897,0.018819396551724137,0.02022521551724138,0.02077931034482759,0.020956681034482758,0.02105366379310345,0.021105603448275865,0.021148922413793105,0.021173491379310346,0.021187284482758622,0.021224137931034486,0.021257758620689654,0.02127629310344828,0.02128448275862069,0.021320258620689658,0.021314008620689658,0.02134159482758621,0.021367456896551725,0.02140064655172414,0.021424353448275864,0.021401724137931035,0.021434482758620692,0.021446767241379314,0.021465086206896553,0.02148125]},"cell_dimension":{"value":0.0464,"unit":"cm2"},"sweep_direction":{"unit":"","value":"Forward"},"key":"Forward 42 OLAI REF_20230809"},{"sample_area":{"value":0.0464,"unit":"cm2"},"irradiance":{"value":1,"unit":""},"pre_sweep_delay":{"value":1,"unit":""},"bias_direction":{"value":0,"unit":""},"max_reverse_bias":{"value":-0.2,"unit":""},"max_forward_bias":{"value":1.3,"unit":""},"num_sweep_points":{"value":31,"unit":""},"dwell_time":{"value":0,"unit":""},"current_limit":{"value":100,"unit":""},"pviv_10a_i_amp":{"value":0,"unit":""},"average":{"value":1,"unit":""},"dark_current":{"value":0,"unit":""},"rshunt_v_lo":{"value":-0.2,"unit":""},"rshunt_v_hi":{"value":0.2,"unit":""},"voc":{"value":1.14518217,"unit":"V"},"isc":{"value":0.00099682,"unit":"A"},"jsc":{"value":21.48327955,"unit":"mA\/cm2"},"imax":{"value":0.00093339,"unit":"A"},"vmax":{"value":0.91427521,"unit":"V"},"pmax":{"value":0.85337753,"unit":"mW"},"fill_factor":{"value":74.7563,"unit":"%"},"efficiency":{"value":18.3918,"unit":"%"},"r_at_voc":{"value":155.74457,"unit":""},"r_at_isc":{"value":64771.568,"unit":""},"power":{"value":0.0010361,"unit":"W"},"rshunt":{"value":"NaN","unit":"ohm"},"cell_temp_start":{"value":"NaN","unit":""},"cell_temp_end":{"value":"NaN","unit":""},"exposure":{"value":4.04,"unit":""},"time":{"value":"18:21:39","unit":""},"date":{"value":"08\/09\/2023","unit":""},"V":{"value":[1.3,1.25,1.2,1.15,1.1,1.05,1,0.95,0.9,0.85,0.8,0.75,0.7,0.65,0.6,0.55,0.5,0.45,0.4,0.35,0.3,0.25,0.2,0.15,0.1,0.05,0,-0.05,-0.1,-0.15,-0.2],"unit":"V"},"I":{"value":[-0.00146677,-0.00088929,-0.00040346,-3.093e-5,0.0002901,0.00056545,0.00075673,0.00088327,0.00094614,0.00096937,0.00097718,0.00098159,0.00098377,0.00098505,0.00098607,0.00098769,0.00098905,0.00098978,0.00099091,0.00099143,0.00099261,0.00099276,0.0009938,0.00099434,0.00099485,0.00099574,0.00099659,0.00099884,0.00099845,0.00099868,0.00099991],"unit":"A"},"J":{"unit":"A\/cm2","value":[-0.031611422413793104,-0.019165732758620692,-0.008695258620689657,-0.0006665948275862069,0.006252155172413794,0.012186422413793105,0.016308836206896552,0.019035991379310346,0.020390948275862072,0.020891594827586207,0.02105991379310345,0.021154956896551728,0.021201939655172412,0.021229525862068964,0.021251508620689655,0.021286422413793107,0.02131573275862069,0.021331465517241383,0.021355818965517245,0.021367025862068966,0.02139245689655173,0.02139568965517242,0.02141810344827586,0.021429741379310346,0.02144073275862069,0.021459913793103448,0.021478232758620694,0.021526724137931035,0.02151831896551724,0.02152327586206897,0.02154978448275862]},"cell_dimension":{"value":0.0464,"unit":"cm2"},"sweep_direction":{"unit":"","value":"Forward"},"key":"Forward 41 OLAI REF_20230809"},{"sample_area":{"value":0.0464,"unit":"cm2"},"irradiance":{"value":1,"unit":""},"pre_sweep_delay":{"value":1,"unit":""},"bias_direction":{"value":0,"unit":""},"max_reverse_bias":{"value":-0.2,"unit":""},"max_forward_bias":{"value":1.3,"unit":""},"num_sweep_points":{"value":31,"unit":""},"dwell_time":{"value":0,"unit":""},"current_limit":{"value":100,"unit":""},"pviv_10a_i_amp":{"value":0,"unit":""},"average":{"value":1,"unit":""},"dark_current":{"value":0,"unit":""},"rshunt_v_lo":{"value":-0.2,"unit":""},"rshunt_v_hi":{"value":0.2,"unit":""},"voc":{"value":1.13670831,"unit":"V"},"isc":{"value":0.00100831,"unit":"A"},"jsc":{"value":21.73080956,"unit":"mA\/cm2"},"imax":{"value":0.00093233,"unit":"A"},"vmax":{"value":0.89805463,"unit":"V"},"pmax":{"value":0.83728061,"unit":"mW"},"fill_factor":{"value":73.0513,"unit":"%"},"efficiency":{"value":18.0448,"unit":"%"},"r_at_voc":{"value":162.074024,"unit":""},"r_at_isc":{"value":51009.998,"unit":""},"power":{"value":0.00103034,"unit":"W"},"rshunt":{"value":"NaN","unit":"ohm"},"cell_temp_start":{"value":"NaN","unit":""},"cell_temp_end":{"value":"NaN","unit":""},"exposure":{"value":3.901,"unit":""},"time":{"value":"18:19:46","unit":""},"date":{"value":"08\/09\/2023","unit":""},"V":{"value":[1.3,1.25,1.2,1.15,1.1,1.05,1,0.95,0.9,0.85,0.8,0.75,0.7,0.65,0.6,0.55,0.5,0.45,0.4,0.35,0.3,0.25,0.2,0.15,0.1,0.05,0,-0.05,-0.1,-0.15,-0.2],"unit":"V"},"I":{"value":[-0.00141027,-0.0008888,-0.00044471,-8.201e-5,0.00022649,0.00049453,0.00070507,0.0008474,0.00093027,0.00096596,0.00098074,0.00098614,0.00098998,0.00099202,0.00099485,0.00099528,0.0009972,0.00099774,0.0009991,0.00100062,0.00100179,0.00100357,0.00100475,0.0010053,0.00100636,0.00100703,0.00100923,0.00100975,0.00101006,0.00101058,0.0010122],"unit":"A"},"J":{"unit":"A\/cm2","value":[-0.03039375,-0.019155172413793106,-0.009584267241379311,-0.001767456896551724,0.00488125,0.010657974137931035,0.015195474137931037,0.01826293103448276,0.020048922413793104,0.020818103448275862,0.021136637931034482,0.02125301724137931,0.021335775862068966,0.021379741379310344,0.02144073275862069,0.021450000000000004,0.021491379310344828,0.02150301724137931,0.021532327586206896,0.021565086206896553,0.021590301724137933,0.02162866379310345,0.02165409482758621,0.02166594827586207,0.021688793103448276,0.02170323275862069,0.02175064655172414,0.021761853448275865,0.02176853448275862,0.02177974137931035,0.021814655172413794]},"cell_dimension":{"value":0.0464,"unit":"cm2"},"sweep_direction":{"unit":"","value":"Forward"},"key":"Forward 34 OLAI REF_20230809"},{"sample_area":{"value":0.0464,"unit":"cm2"},"irradiance":{"value":1,"unit":""},"pre_sweep_delay":{"value":1,"unit":""},"bias_direction":{"value":0,"unit":""},"max_reverse_bias":{"value":-0.2,"unit":""},"max_forward_bias":{"value":1.3,"unit":""},"num_sweep_points":{"value":31,"unit":""},"dwell_time":{"value":0,"unit":""},"current_limit":{"value":100,"unit":""},"pviv_10a_i_amp":{"value":0,"unit":""},"average":{"value":1,"unit":""},"dark_current":{"value":0,"unit":""},"rshunt_v_lo":{"value":-0.2,"unit":""},"rshunt_v_hi":{"value":0.2,"unit":""},"voc":{"value":1.13661203,"unit":"V"},"isc":{"value":0.00101003,"unit":"A"},"jsc":{"value":21.76792731,"unit":"mA\/cm2"},"imax":{"value":0.0009377,"unit":"A"},"vmax":{"value":0.90181343,"unit":"V"},"pmax":{"value":0.84562685,"unit":"mW"},"fill_factor":{"value":73.66,"unit":"%"},"efficiency":{"value":18.2247,"unit":"%"},"r_at_voc":{"value":158.706967,"unit":""},"r_at_isc":{"value":49678.894,"unit":""},"power":{"value":0.0010352,"unit":"W"},"rshunt":{"value":"NaN","unit":"ohm"},"cell_temp_start":{"value":"NaN","unit":""},"cell_temp_end":{"value":"NaN","unit":""},"exposure":{"value":3.903,"unit":""},"time":{"value":"18:19:21","unit":""},"date":{"value":"08\/09\/2023","unit":""},"V":{"value":[1.3,1.25,1.2,1.15,1.1,1.05,1,0.95,0.9,0.85,0.8,0.75,0.7,0.65,0.6,0.55,0.5,0.45,0.4,0.35,0.3,0.25,0.2,0.15,0.1,0.05,0,-0.05,-0.1,-0.15,-0.2],"unit":"V"},"I":{"value":[-0.00145456,-0.00091267,-0.0004536,-8.436e-5,0.00023069,0.00050718,0.00071628,0.00086342,0.00093955,0.00097302,0.00098552,0.00098991,0.00099249,0.00099463,0.00099656,0.00099785,0.00099957,0.00100028,0.00100182,0.00100224,0.00100386,0.001005,0.00100592,0.00100733,0.00100754,0.00100906,0.0010103,0.00101137,0.00101229,0.00101293,0.00101368],"unit":"A"},"J":{"unit":"A\/cm2","value":[-0.03134827586206897,-0.019669612068965517,-0.009775862068965519,-0.0018181034482758621,0.004971767241379311,0.010930603448275863,0.015437068965517243,0.018608189655172417,0.020248922413793106,0.020970258620689658,0.021239655172413795,0.021334267241379313,0.02138987068965517,0.02143599137931035,0.021477586206896555,0.021505387931034483,0.021542456896551727,0.02155775862068966,0.02159094827586207,0.0216,0.021634913793103453,0.02165948275862069,0.021679310344827587,0.021709698275862072,0.021714224137931035,0.021746982758620692,0.021773706896551726,0.02179676724137931,0.02181659482758621,0.021830387931034485,0.021846551724137936]},"cell_dimension":{"value":0.0464,"unit":"cm2"},"sweep_direction":{"unit":"","value":"Forward"},"key":"Forward 33 OLAI REF_20230809"},{"sample_area":{"value":0.0464,"unit":"cm2"},"irradiance":{"value":1,"unit":""},"pre_sweep_delay":{"value":1,"unit":""},"bias_direction":{"value":0,"unit":""},"max_reverse_bias":{"value":-0.2,"unit":""},"max_forward_bias":{"value":1.3,"unit":""},"num_sweep_points":{"value":31,"unit":""},"dwell_time":{"value":0,"unit":""},"current_limit":{"value":100,"unit":""},"pviv_10a_i_amp":{"value":0,"unit":""},"average":{"value":1,"unit":""},"dark_current":{"value":0,"unit":""},"rshunt_v_lo":{"value":-0.2,"unit":""},"rshunt_v_hi":{"value":0.2,"unit":""},"voc":{"value":1.14131676,"unit":"V"},"isc":{"value":0.0009898,"unit":"A"},"jsc":{"value":21.33194551,"unit":"mA\/cm2"},"imax":{"value":0.00091487,"unit":"A"},"vmax":{"value":0.88621689,"unit":"V"},"pmax":{"value":0.81077767,"unit":"mW"},"fill_factor":{"value":71.7707,"unit":"%"},"efficiency":{"value":17.4737,"unit":"%"},"r_at_voc":{"value":181.065915,"unit":""},"r_at_isc":{"value":48344.466,"unit":""},"power":{"value":0.00100777,"unit":"W"},"rshunt":{"value":"NaN","unit":"ohm"},"cell_temp_start":{"value":"NaN","unit":""},"cell_temp_end":{"value":"NaN","unit":""},"exposure":{"value":3.905,"unit":""},"time":{"value":"18:18:52","unit":""},"date":{"value":"08\/09\/2023","unit":""},"V":{"value":[1.3,1.25,1.2,1.15,1.1,1.05,1,0.95,0.9,0.85,0.8,0.75,0.7,0.65,0.6,0.55,0.5,0.45,0.4,0.35,0.3,0.25,0.2,0.15,0.1,0.05,0,-0.05,-0.1,-0.15,-0.2],"unit":"V"},"I":{"value":[-0.00122793,-0.00076094,-0.00036994,-4.796e-5,0.00022819,0.00046996,0.00066761,0.00081068,0.0008991,0.00094318,0.00096081,0.00096751,0.00097022,0.00097295,0.00097533,0.00097707,0.00097805,0.00097932,0.00098107,0.00098214,0.00098318,0.00098463,0.00098544,0.00098707,0.00098761,0.00098902,0.00099001,0.00099193,0.00099161,0.00099223,0.00099372],"unit":"A"},"J":{"unit":"A\/cm2","value":[-0.026464008620689657,-0.016399568965517242,-0.007972844827586208,-0.0010336206896551724,0.004917887931034483,0.01012844827586207,0.01438814655172414,0.017471551724137932,0.019377155172413795,0.020327155172413795,0.020707112068965517,0.020851508620689657,0.02090991379310345,0.02096875,0.021020043103448276,0.02105754310344828,0.021078663793103452,0.021106034482758624,0.02114375,0.021166810344827588,0.021189224137931034,0.021220474137931038,0.02123793103448276,0.02127306034482759,0.021284698275862074,0.021315086206896552,0.021336422413793105,0.021377801724137932,0.021370905172413794,0.02138426724137931,0.02141637931034483]},"cell_dimension":{"value":0.0464,"unit":"cm2"},"sweep_direction":{"unit":"","value":"Forward"},"key":"Forward 32 OLAI REF_20230809"},{"sample_area":{"value":0.0464,"unit":"cm2"},"irradiance":{"value":1,"unit":""},"pre_sweep_delay":{"value":1,"unit":""},"bias_direction":{"value":0,"unit":""},"max_reverse_bias":{"value":-0.2,"unit":""},"max_forward_bias":{"value":1.3,"unit":""},"num_sweep_points":{"value":31,"unit":""},"dwell_time":{"value":0,"unit":""},"current_limit":{"value":100,"unit":""},"pviv_10a_i_amp":{"value":0,"unit":""},"average":{"value":1,"unit":""},"dark_current":{"value":0,"unit":""},"rshunt_v_lo":{"value":-0.2,"unit":""},"rshunt_v_hi":{"value":0.2,"unit":""},"voc":{"value":1.14931651,"unit":"V"},"isc":{"value":0.00100031,"unit":"A"},"jsc":{"value":21.55844438,"unit":"mA\/cm2"},"imax":{"value":0.00092757,"unit":"A"},"vmax":{"value":0.88150188,"unit":"V"},"pmax":{"value":0.81765149,"unit":"mW"},"fill_factor":{"value":71.1202,"unit":"%"},"efficiency":{"value":17.6218,"unit":"%"},"r_at_voc":{"value":195.846005,"unit":""},"r_at_isc":{"value":51553.591,"unit":""},"power":{"value":0.00102069,"unit":"W"},"rshunt":{"value":"NaN","unit":"ohm"},"cell_temp_start":{"value":"NaN","unit":""},"cell_temp_end":{"value":"NaN","unit":""},"exposure":{"value":4.106,"unit":""},"time":{"value":"18:18:30","unit":""},"date":{"value":"08\/09\/2023","unit":""},"V":{"value":[1.3,1.25,1.2,1.15,1.1,1.05,1,0.95,0.9,0.85,0.8,0.75,0.7,0.65,0.6,0.55,0.5,0.45,0.4,0.35,0.3,0.25,0.2,0.15,0.1,0.05,0,-0.05,-0.1,-0.15,-0.2],"unit":"V"},"I":{"value":[-0.00106376,-0.000647,-0.00029143,-3.49e-6,0.00025181,0.00048271,0.00066675,0.00081368,0.00090529,0.00095343,0.00097159,0.00097887,0.00098215,0.00098555,0.00098637,0.00098856,0.00099037,0.00099171,0.00099231,0.0009927,0.00099441,0.00099573,0.00099626,0.00099736,0.00099849,0.00099948,0.00099991,0.00100149,0.00100205,0.00100329,0.00100429],"unit":"A"},"J":{"unit":"A\/cm2","value":[-0.02292586206896552,-0.01394396551724138,-0.006280818965517242,-7.521551724137932e-5,0.005426939655172414,0.01040323275862069,0.01436961206896552,0.017536206896551724,0.019510560344827586,0.020548060344827587,0.020939439655172417,0.021096336206896552,0.021167025862068967,0.021240301724137933,0.021257974137931037,0.021305172413793108,0.02134418103448276,0.02137306034482759,0.021385991379310344,0.021394396551724138,0.021431250000000002,0.021459698275862072,0.021471120689655173,0.0214948275862069,0.021519181034482762,0.021540517241379314,0.02154978448275862,0.021583836206896554,0.021595905172413794,0.02162262931034483,0.02164418103448276]},"cell_dimension":{"value":0.0464,"unit":"cm2"},"sweep_direction":{"unit":"","value":"Forward"},"key":"Forward 31 OLAI REF_20230809"}]}}