{"_id":"655ac753201538293307e5f8","id":"JBNU-SC-00366","author":98,"group":10,"input":[{"tco":{"unit":"","value":"ITO"}},{"htl":[{"material":{"unit":"","value":"NiO_Sputter"},"concentration":{"unit":"","value":"None"},"conc_unit":{"unit":"","value":"None"},"quantity":{"unit":"ml","value":"None"}}],"solvent":[{"material":{"unit":"","value":"None"},"volume":{"unit":"ml","value":"None"}},{"material":{"unit":"","value":"None"},"volume":{"unit":"ml","value":"None"}}],"htl_doping":[{"material":{"unit":"","value":"None"},"volume":{"unit":"ul","value":"None"}}],"spin_coating":[{"type":{"unit":"","value":"None"},"rpm":{"unit":"","value":"None"},"time":{"unit":"s","value":"None"}}],"vacuum_suction":[{"unit":"s","value":"None"}],"annealing":[{"temperature":{"unit":"oC","value":"300"},"time":{"unit":"m","value":"30"}}],"module":[{"type":{"unit":"","value":"None"},"gap":{"unit":"um","value":"None"},"coating_speed":{"unit":"mm\/s","value":"None"},"feeding_amount":{"unit":"ul","value":"None"}}],"thermal_evaporation":[{"vacuum_evaporation_thickness":{"unit":"nm","value":"None"},"evaporation_rate":{"unit":"\u00c5\/s","value":"None"},"vacuum_pressure":{"unit":"uTorr","value":"None"}}]},{"htl_treatment":[{"material":{"unit":"","value":"MeO-2PACz"},"concentration":{"unit":"","value":"0.33"},"conc_unit":{"unit":"","value":"mg\/ml"},"quantity":{"unit":"ml","value":"1"}}],"solvent":[{"material":{"unit":"","value":"Ethanol"},"volume":{"unit":"ml","value":"1"}},{"material":{"unit":"","value":"None"},"volume":{"unit":"ml","value":"None"}}],"spin_coating":[{"type":{"unit":"","value":"drop&run"},"rpm":{"unit":"","value":"3000"},"time":{"unit":"s","value":"50"}}],"vacuum_suction":[{"unit":"s","value":"None"}],"annealing":[{"temperature":{"unit":"oC","value":"None"},"time":{"unit":"m","value":"None"}}],"module":[{"type":{"unit":"","value":"None"},"gap":{"unit":"um","value":"None"},"coating_speed":{"unit":"mm\/s","value":"None"},"feeding_amount":{"unit":"ul","value":"None"}}],"thermal_evaporation":[{"vacuum_evaporation_thickness":{"unit":"nm","value":"None"},"evaporation_rate":{"unit":"\u00c5\/s","value":"None"},"vacuum_pressure":{"unit":"uTorr","value":"None"}}]},{"perovskite":{"method":{"unit":"","value":"1-step"},"molarity":{"unit":"M","value":"1.45"},"a_site":[{"material":{"unit":"","value":"Cs"},"ratio":{"unit":"","value":"0.175"}},{"material":{"unit":"","value":"FA"},"ratio":{"unit":"","value":"0.825"}}],"b_site":[{"material":{"unit":"","value":"Pb"},"ratio":{"unit":"","value":"1"}},{"material":{"unit":"","value":"None"},"ratio":{"unit":"","value":"0"}}],"x_site":[{"material":{"unit":"","value":"I"},"ratio":{"unit":"","value":"2.55"}},{"material":{"unit":"","value":"Br"},"ratio":{"unit":"","value":"0.45"}}],"solvent":[{"material":{"unit":"","value":"DMF"},"volume":{"unit":"ml","value":"0.8"}},{"material":{"unit":"","value":"DMSO"},"volume":{"unit":"ml","value":"0.2"}}],"additive":[{"material":{"unit":"","value":"None"},"solvent":{"unit":"","value":"None"},"concentration":{"unit":"","value":"None"},"conc_unit":{"unit":"","value":"None"},"quantity":{"unit":"mol%","value":"None"}}],"stirring_time":[{"unit":"m","value":"120"}],"antisolvent":[{"material":{"unit":"","value":"None"},"quantity":{"unit":"ul","value":"None"},"dripping_time":{"unit":"s","value":"None"}}],"spin_coating":[{"type":{"unit":"","value":"drop&run"},"rpm":{"unit":"","value":"4000"},"time":{"unit":"s","value":"10"}}],"vacuum_suction":[{"unit":"s","value":"60"}],"annealing":[{"temperature":{"unit":"oC","value":"100"},"time":{"unit":"m","value":"30"}}],"atmosphere":[{"type":{"unit":"","value":"N2"},"temperature":{"unit":"oC","value":"28"},"humidity":{"unit":"RH%","value":"0"}}],"assist":[{"type":{"unit":"","value":"None"},"temperature":{"unit":"oC","value":"None"},"assist_start_time":{"value":null,"unit":"s"},"total_assist_time":{"value":"None","unit":"s"}}],"module":[{"type":{"unit":"","value":"None"},"gap":{"unit":"um","value":"None"},"coating_speed":{"unit":"mm\/s","value":"None"},"feeding_amount":{"unit":"ul","value":"None"}}],"thermal_evaporation":[{"vacuum_evaporation_thickness":{"unit":"nm","value":"None"},"evaporation_rate":{"unit":"\u00c5\/s","value":"None"},"vacuum_pressure":{"unit":"uTorr","value":"None"}}]}},{"perovskite_treatment":[{"material":{"unit":"","value":"OA"},"concentration":{"unit":"","value":"None"},"conc_unit":{"unit":"","value":"None"},"quantity":{"unit":"ml","value":"0.1"}}],"solvent":[{"material":{"unit":"","value":"None"},"volume":{"unit":"ml","value":"None"}},{"material":{"unit":"","value":"None"},"volume":{"unit":"ml","value":"None"}}],"spin_coating":[{"type":{"unit":"","value":"None"},"rpm":{"unit":"","value":"None"},"time":{"unit":"s","value":"None"}}],"vacuum_suction":[{"unit":"s","value":"None"}],"annealing":[{"temperature":{"unit":"oC","value":"0"},"time":{"unit":"m","value":"0.34"}}],"module":[{"type":{"unit":"","value":"None"},"gap":{"unit":"um","value":"None"},"coating_speed":{"unit":"mm\/s","value":"None"},"feeding_amount":{"unit":"ul","value":"None"}}],"thermal_evaporation":[{"vacuum_evaporation_thickness":{"unit":"nm","value":"None"},"evaporation_rate":{"unit":"\u00c5\/s","value":"None"},"vacuum_pressure":{"unit":"uTorr","value":"None"}}]},{"etl":[{"material":{"unit":"","value":"C60"},"concentration":{"unit":"","value":"None"},"conc_unit":{"unit":"","value":"None"},"quantity":{"unit":"ml","value":"None"}}],"solvent":[{"material":{"unit":"","value":"None"},"volume":{"unit":"ml","value":"None"}},{"material":{"unit":"","value":"None"},"volume":{"unit":"ml","value":"None"}}],"spin_coating":[{"type":{"unit":"","value":"None"},"rpm":{"unit":"","value":"None"},"time":{"unit":"s","value":"None"}}],"vacuum_suction":[{"unit":"s","value":"None"}],"annealing":[{"temperature":{"unit":"oC","value":"None"},"time":{"unit":"m","value":"None"}}],"etl_doping":[{"material":{"unit":"","value":"None"},"volume":{"unit":"ul","value":"None"}}],"module":[{"type":{"unit":"","value":"None"},"gap":{"unit":"um","value":"None"},"coating_speed":{"unit":"mm\/s","value":"None"},"feeding_amount":{"unit":"ul","value":"None"}}],"thermal_evaporation":[{"vacuum_evaporation_thickness":{"unit":"nm","value":"30"},"evaporation_rate":{"unit":"\u00c5\/s","value":"0.6"},"vacuum_pressure":{"unit":"uTorr","value":"2x10-6"}}]},{"blocking_buffer_layer":[{"material":{"unit":"","value":"BCP"},"concentration":{"unit":"","value":"None"},"conc_unit":{"unit":"","value":"None"},"quantity":{"unit":"ml","value":"None"}}],"solvent":[{"material":{"unit":"","value":"None"},"volume":{"unit":"ml","value":"None"}},{"material":{"unit":"","value":"None"},"volume":{"unit":"ml","value":"None"}}],"spin_coating":[{"type":{"unit":"","value":"None"},"rpm":{"unit":"","value":"None"},"time":{"unit":"s","value":"None"}}],"vacuum_suction":[{"unit":"s","value":"0"}],"annealing":[{"temperature":{"unit":"oC","value":"None"},"time":{"unit":"m","value":"None"}}],"module":[{"type":{"unit":"","value":"None"},"gap":{"unit":"um","value":"None"},"coating_speed":{"unit":"mm\/s","value":"None"},"feeding_amount":{"unit":"ul","value":"None"}}],"thermal_evaporation":[{"vacuum_evaporation_thickness":{"unit":"nm","value":"6"},"evaporation_rate":{"unit":"\u00c5\/s","value":"0.6"},"vacuum_pressure":{"unit":"uTorr","value":"2x10-6"}}]},{"anode_metal":{"unit":"","value":"Ag"}},{"note":{"unit":"","value":"-"},"ar":{"unit":"","value":"0"},"type":{"unit":"","value":"unit_cell"},"device_type":{"unit":"","value":"p-i-n"},"temperature":{"unit":"\u2103","value":"25"},"humidity":{"unit":"%","value":"40"},"cell_dimension":{"unit":"cm2","value":"0.0464"}}],"fileinfo":[{"key":"Forward 101 OA 20S_20230811","uploadType":"JV","original_name":"Forward 101 OA 20S_20230811-171530.txt","save_name":"JBNU-SC-00366\/Forward 101 OA 20S_20230811","uploader":98,"fileType":""},{"key":"Forward 102 OA 20S_20230811","uploadType":"JV","original_name":"Forward 102 OA 20S_20230811-171613.txt","save_name":"JBNU-SC-00366\/Forward 102 OA 20S_20230811","uploader":98,"fileType":""},{"key":"Forward 103 OA 20S_20230811","uploadType":"JV","original_name":"Forward 103 OA 20S_20230811-171652.txt","save_name":"JBNU-SC-00366\/Forward 103 OA 20S_20230811","uploader":98,"fileType":""},{"key":"Forward 104 OA 20S_20230811","uploadType":"JV","original_name":"Forward 104 OA 20S_20230811-171707.txt","save_name":"JBNU-SC-00366\/Forward 104 OA 20S_20230811","uploader":98,"fileType":""},{"key":"Forward 91 OA 20S_20230811","uploadType":"JV","original_name":"Forward 91 OA 20S_20230811-171351.txt","save_name":"JBNU-SC-00366\/Forward 91 OA 20S_20230811","uploader":98,"fileType":""},{"key":"Forward 92 OA 20S_20230811","uploadType":"JV","original_name":"Forward 92 OA 20S_20230811-171416.txt","save_name":"JBNU-SC-00366\/Forward 92 OA 20S_20230811","uploader":98,"fileType":""},{"key":"Forward 93 OA 20S_20230811","uploadType":"JV","original_name":"Forward 93 OA 20S_20230811-171432.txt","save_name":"JBNU-SC-00366\/Forward 93 OA 20S_20230811","uploader":98,"fileType":""},{"key":"Forward 94 OA 20S_20230811","uploadType":"JV","original_name":"Forward 94 OA 20S_20230811-171448.txt","save_name":"JBNU-SC-00366\/Forward 94 OA 20S_20230811","uploader":98,"fileType":""}],"jvcnt":8,"updated_at":"2024-08-07 02:33:50","created_at":"2023-11-20 02:41:23","analysisInfo":{"JV":[{"efficiency":17.3449,"fill_factor":72.378,"jsc":21.38407218,"voc":1.12065898,"key":"Forward 94 OA 20S_20230811","cell_dimension":0.0464},{"efficiency":17.0445,"fill_factor":71.3986,"jsc":21.25879316,"voc":1.12293892,"key":"Forward 93 OA 20S_20230811","cell_dimension":0.0464},{"efficiency":16.2504,"fill_factor":69.1827,"jsc":20.89105247,"voc":1.12436255,"key":"Forward 92 OA 20S_20230811","cell_dimension":0.0464},{"efficiency":17.3566,"fill_factor":69.1423,"jsc":21.94955329,"voc":1.14365557,"key":"Forward 91 OA 20S_20230811","cell_dimension":0.0464},{"efficiency":15.2762,"fill_factor":67.8576,"jsc":20.48155447,"voc":1.09914252,"key":"Forward 104 OA 20S_20230811","cell_dimension":0.0464},{"efficiency":14.9545,"fill_factor":67.7939,"jsc":20.19993975,"voc":1.0920229,"key":"Forward 103 OA 20S_20230811","cell_dimension":0.0464},{"efficiency":14.9058,"fill_factor":68.7945,"jsc":19.87383054,"voc":1.09023731,"key":"Forward 102 OA 20S_20230811","cell_dimension":0.0464},{"efficiency":17.0378,"fill_factor":69.0354,"jsc":21.52503362,"voc":1.14656397,"key":"Forward 101 OA 20S_20230811","cell_dimension":0.0464}]},"public":2,"analysis":{"JV":[{"sample_area":{"value":0.0464,"unit":"cm2"},"irradiance":{"value":1,"unit":""},"pre_sweep_delay":{"value":1,"unit":""},"bias_direction":{"value":0,"unit":""},"max_reverse_bias":{"value":-0.2,"unit":""},"max_forward_bias":{"value":1.3,"unit":""},"num_sweep_points":{"value":31,"unit":""},"dwell_time":{"value":0,"unit":""},"current_limit":{"value":100,"unit":""},"pviv_10a_i_amp":{"value":0,"unit":""},"average":{"value":1,"unit":""},"dark_current":{"value":0,"unit":""},"rshunt_v_lo":{"value":-0.2,"unit":""},"rshunt_v_hi":{"value":0.2,"unit":""},"voc":{"value":1.12065898,"unit":"V"},"isc":{"value":0.00099222,"unit":"A"},"jsc":{"value":21.38407218,"unit":"mA\/cm2"},"imax":{"value":0.00087586,"unit":"A"},"vmax":{"value":0.91886911,"unit":"V"},"pmax":{"value":0.8048013,"unit":"mW"},"fill_factor":{"value":72.378,"unit":"%"},"efficiency":{"value":17.3449,"unit":"%"},"r_at_voc":{"value":107.381928,"unit":""},"r_at_isc":{"value":15516.981,"unit":""},"power":{"value":0.00099286,"unit":"W"},"rshunt":{"value":"NaN","unit":"ohm"},"cell_temp_start":{"value":"NaN","unit":""},"cell_temp_end":{"value":"NaN","unit":""},"exposure":{"value":3.724,"unit":""},"time":{"value":"17:14:48","unit":""},"date":{"value":"08\/11\/2023","unit":""},"V":{"value":[1.3,1.25,1.2,1.15,1.1,1.05,1,0.95,0.9,0.85,0.8,0.75,0.7,0.65,0.6,0.55,0.5,0.45,0.4,0.35,0.3,0.25,0.2,0.15,0.1,0.05,0,-0.05,-0.1,-0.15,-0.2],"unit":"V"},"I":{"value":[-0.00255327,-0.00163757,-0.00091766,-0.00027324,0.00019239,0.00051415,0.00072683,0.00083548,0.00089047,0.0009078,0.00091992,0.00092831,0.00093919,0.00094486,0.0009445,0.00095432,0.00095779,0.00095641,0.00095972,0.00096432,0.00097308,0.00097706,0.00097466,0.00098346,0.00098117,0.00099109,0.00099322,0.0010095,0.00099602,0.00099865,0.00100106],"unit":"A"},"J":{"unit":"A\/cm2","value":[-0.05502737068965517,-0.03529245689655173,-0.019777155172413796,-0.005888793103448277,0.004146336206896552,0.011080818965517242,0.015664439655172415,0.018006034482758622,0.019191163793103448,0.019564655172413792,0.019825862068965517,0.02000668103448276,0.02024116379310345,0.020363362068965517,0.020355603448275864,0.020567241379310347,0.020642025862068966,0.020612284482758623,0.020683620689655173,0.020782758620689654,0.02097155172413793,0.0210573275862069,0.021005603448275866,0.021195258620689657,0.021145905172413795,0.021359698275862073,0.021405603448275863,0.02175646551724138,0.02146594827586207,0.021522629310344828,0.021574568965517245]},"cell_dimension":{"value":0.0464,"unit":"cm2"},"sweep_direction":{"unit":"","value":"Forward"},"key":"Forward 94 OA 20S_20230811"},{"sample_area":{"value":0.0464,"unit":"cm2"},"irradiance":{"value":1,"unit":""},"pre_sweep_delay":{"value":1,"unit":""},"bias_direction":{"value":0,"unit":""},"max_reverse_bias":{"value":-0.2,"unit":""},"max_forward_bias":{"value":1.3,"unit":""},"num_sweep_points":{"value":31,"unit":""},"dwell_time":{"value":0,"unit":""},"current_limit":{"value":100,"unit":""},"pviv_10a_i_amp":{"value":0,"unit":""},"average":{"value":1,"unit":""},"dark_current":{"value":0,"unit":""},"rshunt_v_lo":{"value":-0.2,"unit":""},"rshunt_v_hi":{"value":0.2,"unit":""},"voc":{"value":1.12293892,"unit":"V"},"isc":{"value":0.00098641,"unit":"A"},"jsc":{"value":21.25879316,"unit":"mA\/cm2"},"imax":{"value":0.00085475,"unit":"A"},"vmax":{"value":0.92525993,"unit":"V"},"pmax":{"value":0.7908649,"unit":"mW"},"fill_factor":{"value":71.3986,"unit":"%"},"efficiency":{"value":17.0445,"unit":"%"},"r_at_voc":{"value":112.180213,"unit":""},"r_at_isc":{"value":11625.737,"unit":""},"power":{"value":0.00098292,"unit":"W"},"rshunt":{"value":"NaN","unit":"ohm"},"cell_temp_start":{"value":"NaN","unit":""},"cell_temp_end":{"value":"NaN","unit":""},"exposure":{"value":3.726,"unit":""},"time":{"value":"17:14:32","unit":""},"date":{"value":"08\/11\/2023","unit":""},"V":{"value":[1.3,1.25,1.2,1.15,1.1,1.05,1,0.95,0.9,0.85,0.8,0.75,0.7,0.65,0.6,0.55,0.5,0.45,0.4,0.35,0.3,0.25,0.2,0.15,0.1,0.05,0,-0.05,-0.1,-0.15,-0.2],"unit":"V"},"I":{"value":[-0.00243322,-0.00155871,-0.00085687,-0.00024123,0.00020448,0.00051052,0.00071413,0.00082592,0.00087356,0.00089592,0.00091284,0.00091624,0.00092263,0.00092872,0.0009402,0.00093932,0.00094398,0.00095355,0.00095189,0.00095714,0.00096028,0.00096436,0.00096784,0.00097206,0.00098123,0.00098534,0.00098331,0.00099195,0.00099597,0.00099859,0.00100226],"unit":"A"},"J":{"unit":"A\/cm2","value":[-0.05244008620689655,-0.03359288793103449,-0.018467025862068966,-0.005198922413793104,0.004406896551724138,0.011002586206896552,0.015390732758620691,0.0178,0.018826724137931034,0.019308620689655175,0.01967327586206897,0.01974655172413793,0.019884267241379313,0.020015517241379312,0.02026293103448276,0.02024396551724138,0.02034439655172414,0.020550646551724137,0.020514870689655174,0.02062801724137931,0.020695689655172416,0.020783620689655176,0.020858620689655175,0.02094956896551724,0.021147198275862072,0.021235775862068967,0.021192025862068968,0.021378232758620688,0.021464870689655177,0.02152133620689655,0.02160043103448276]},"cell_dimension":{"value":0.0464,"unit":"cm2"},"sweep_direction":{"unit":"","value":"Forward"},"key":"Forward 93 OA 20S_20230811"},{"sample_area":{"value":0.0464,"unit":"cm2"},"irradiance":{"value":1,"unit":""},"pre_sweep_delay":{"value":1,"unit":""},"bias_direction":{"value":0,"unit":""},"max_reverse_bias":{"value":-0.2,"unit":""},"max_forward_bias":{"value":1.3,"unit":""},"num_sweep_points":{"value":31,"unit":""},"dwell_time":{"value":0,"unit":""},"current_limit":{"value":100,"unit":""},"pviv_10a_i_amp":{"value":0,"unit":""},"average":{"value":1,"unit":""},"dark_current":{"value":0,"unit":""},"rshunt_v_lo":{"value":-0.2,"unit":""},"rshunt_v_hi":{"value":0.2,"unit":""},"voc":{"value":1.12436255,"unit":"V"},"isc":{"value":0.00096934,"unit":"A"},"jsc":{"value":20.89105247,"unit":"mA\/cm2"},"imax":{"value":0.00082067,"unit":"A"},"vmax":{"value":0.91878217,"unit":"V"},"pmax":{"value":0.75401914,"unit":"mW"},"fill_factor":{"value":69.1827,"unit":"%"},"efficiency":{"value":16.2504,"unit":"%"},"r_at_voc":{"value":121.551641,"unit":""},"r_at_isc":{"value":11548.222,"unit":""},"power":{"value":0.00095486,"unit":"W"},"rshunt":{"value":"NaN","unit":"ohm"},"cell_temp_start":{"value":"NaN","unit":""},"cell_temp_end":{"value":"NaN","unit":""},"exposure":{"value":3.736,"unit":""},"time":{"value":"17:14:16","unit":""},"date":{"value":"08\/11\/2023","unit":""},"V":{"value":[1.3,1.25,1.2,1.15,1.1,1.05,1,0.95,0.9,0.85,0.8,0.75,0.7,0.65,0.6,0.55,0.5,0.45,0.4,0.35,0.3,0.25,0.2,0.15,0.1,0.05,0,-0.05,-0.1,-0.15,-0.2],"unit":"V"},"I":{"value":[-0.00226458,-0.00144033,-0.00078446,-0.00021092,0.00020043,0.00048105,0.00066433,0.00078369,0.00083516,0.00086146,0.00088279,0.00088789,0.00089476,0.00090168,0.00090773,0.00091409,0.0009263,0.00092525,0.00093721,0.00093594,0.0009405,0.00094601,0.00095674,0.00095545,0.00095984,0.00096373,0.00097304,0.00097827,0.00097637,0.00098097,0.00098424],"unit":"A"},"J":{"unit":"A\/cm2","value":[-0.048805603448275864,-0.03104159482758621,-0.01690646551724138,-0.004545689655172414,0.004319612068965518,0.010367456896551726,0.014317456896551724,0.016889870689655175,0.017999137931034484,0.01856594827586207,0.01902564655172414,0.01913556034482759,0.019283620689655175,0.019432758620689657,0.01956314655172414,0.019700215517241382,0.01996336206896552,0.01994073275862069,0.020198491379310346,0.020171120689655174,0.02026939655172414,0.020388146551724138,0.02061939655172414,0.02059159482758621,0.020686206896551724,0.020770043103448276,0.020970689655172414,0.021083405172413795,0.021042456896551723,0.02114159482758621,0.021212068965517243]},"cell_dimension":{"value":0.0464,"unit":"cm2"},"sweep_direction":{"unit":"","value":"Forward"},"key":"Forward 92 OA 20S_20230811"},{"sample_area":{"value":0.0464,"unit":"cm2"},"irradiance":{"value":1,"unit":""},"pre_sweep_delay":{"value":1,"unit":""},"bias_direction":{"value":0,"unit":""},"max_reverse_bias":{"value":-0.2,"unit":""},"max_forward_bias":{"value":1.3,"unit":""},"num_sweep_points":{"value":31,"unit":""},"dwell_time":{"value":0,"unit":""},"current_limit":{"value":100,"unit":""},"pviv_10a_i_amp":{"value":0,"unit":""},"average":{"value":1,"unit":""},"dark_current":{"value":0,"unit":""},"rshunt_v_lo":{"value":-0.2,"unit":""},"rshunt_v_hi":{"value":0.2,"unit":""},"voc":{"value":1.14365557,"unit":"V"},"isc":{"value":0.00101846,"unit":"A"},"jsc":{"value":21.94955329,"unit":"mA\/cm2"},"imax":{"value":0.00090849,"unit":"A"},"vmax":{"value":0.88646361,"unit":"V"},"pmax":{"value":0.80534612,"unit":"mW"},"fill_factor":{"value":69.1423,"unit":"%"},"efficiency":{"value":17.3566,"unit":"%"},"r_at_voc":{"value":160.529042,"unit":""},"r_at_isc":{"value":20993.969,"unit":""},"power":{"value":0.00102738,"unit":"W"},"rshunt":{"value":"NaN","unit":"ohm"},"cell_temp_start":{"value":"NaN","unit":""},"cell_temp_end":{"value":"NaN","unit":""},"exposure":{"value":4.026,"unit":""},"time":{"value":"17:13:51","unit":""},"date":{"value":"08\/11\/2023","unit":""},"V":{"value":[1.3,1.25,1.2,1.15,1.1,1.05,1,0.95,0.9,0.85,0.8,0.75,0.7,0.65,0.6,0.55,0.5,0.45,0.4,0.35,0.3,0.25,0.2,0.15,0.1,0.05,0,-0.05,-0.1,-0.15,-0.2],"unit":"V"},"I":{"value":[-0.00156321,-0.00094504,-0.00041696,-3.952e-5,0.00027195,0.00054017,0.00070462,0.00082174,0.00089365,0.0009383,0.00095459,0.00096634,0.00097384,0.00098247,0.00098235,0.00098669,0.00098924,0.00099593,0.00099481,0.0009985,0.00100504,0.00100787,0.00100627,0.00101302,0.00101155,0.00101788,0.00101597,0.00102216,0.00102188,0.00102691,0.0010283],"unit":"A"},"J":{"unit":"A\/cm2","value":[-0.03368987068965518,-0.020367241379310345,-0.008986206896551725,-0.0008517241379310345,0.005860991379310346,0.011641594827586208,0.015185775862068967,0.017709913793103448,0.019259698275862068,0.02022198275862069,0.020573060344827587,0.020826293103448277,0.02098793103448276,0.021173922413793105,0.021171336206896554,0.02126487068965517,0.0213198275862069,0.021464008620689656,0.021439870689655176,0.02151939655172414,0.02166034482758621,0.021721336206896553,0.021686853448275867,0.021832327586206894,0.02180064655172414,0.021937068965517243,0.021895905172413792,0.02202931034482759,0.022023275862068967,0.02213168103448276,0.022161637931034484]},"cell_dimension":{"value":0.0464,"unit":"cm2"},"sweep_direction":{"unit":"","value":"Forward"},"key":"Forward 91 OA 20S_20230811"},{"sample_area":{"value":0.0464,"unit":"cm2"},"irradiance":{"value":1,"unit":""},"pre_sweep_delay":{"value":1,"unit":""},"bias_direction":{"value":0,"unit":""},"max_reverse_bias":{"value":-0.2,"unit":""},"max_forward_bias":{"value":1.3,"unit":""},"num_sweep_points":{"value":31,"unit":""},"dwell_time":{"value":0,"unit":""},"current_limit":{"value":100,"unit":""},"pviv_10a_i_amp":{"value":0,"unit":""},"average":{"value":1,"unit":""},"dark_current":{"value":0,"unit":""},"rshunt_v_lo":{"value":-0.2,"unit":""},"rshunt_v_hi":{"value":0.2,"unit":""},"voc":{"value":1.09914252,"unit":"V"},"isc":{"value":0.00095034,"unit":"A"},"jsc":{"value":20.48155447,"unit":"mA\/cm2"},"imax":{"value":0.00079647,"unit":"A"},"vmax":{"value":0.88994321,"unit":"V"},"pmax":{"value":0.70881547,"unit":"mW"},"fill_factor":{"value":67.8576,"unit":"%"},"efficiency":{"value":15.2762,"unit":"%"},"r_at_voc":{"value":161.124879,"unit":""},"r_at_isc":{"value":11290.644,"unit":""},"power":{"value":0.00090914,"unit":"W"},"rshunt":{"value":"NaN","unit":"ohm"},"cell_temp_start":{"value":"NaN","unit":""},"cell_temp_end":{"value":"NaN","unit":""},"exposure":{"value":3.967,"unit":""},"time":{"value":"17:17:07","unit":""},"date":{"value":"08\/11\/2023","unit":""},"V":{"value":[1.3,1.25,1.2,1.15,1.1,1.05,1,0.95,0.9,0.85,0.8,0.75,0.7,0.65,0.6,0.55,0.5,0.45,0.4,0.35,0.3,0.25,0.2,0.15,0.1,0.05,0,-0.05,-0.1,-0.15,-0.2],"unit":"V"},"I":{"value":[-0.00224694,-0.00148315,-0.00089009,-0.00034646,-5.32e-6,0.000305,0.00055609,0.00070602,0.00078676,0.00082453,0.00084934,0.00086581,0.00088137,0.00088987,0.00089687,0.00090248,0.00090225,0.00090765,0.00091715,0.00091627,0.00092662,0.00092625,0.00093089,0.00093541,0.00093978,0.00094324,0.00095152,0.00097027,0.00095506,0.000959,0.00096705],"unit":"A"},"J":{"unit":"A\/cm2","value":[-0.048425431034482755,-0.031964439655172414,-0.019182974137931037,-0.0074668103448275866,-0.00011465517241379311,0.006573275862068966,0.01198469827586207,0.015215948275862071,0.01695603448275862,0.017770043103448277,0.018304741379310346,0.018659698275862068,0.018995043103448277,0.01917823275862069,0.01932909482758621,0.019450000000000002,0.019445043103448276,0.019561422413793106,0.01976616379310345,0.01974719827586207,0.019970258620689657,0.01996228448275862,0.02006228448275862,0.02015969827586207,0.02025387931034483,0.02032844827586207,0.02050689655172414,0.020910991379310344,0.020583189655172415,0.020668103448275865,0.02084159482758621]},"cell_dimension":{"value":0.0464,"unit":"cm2"},"sweep_direction":{"unit":"","value":"Forward"},"key":"Forward 104 OA 20S_20230811"},{"sample_area":{"value":0.0464,"unit":"cm2"},"irradiance":{"value":1,"unit":""},"pre_sweep_delay":{"value":1,"unit":""},"bias_direction":{"value":0,"unit":""},"max_reverse_bias":{"value":-0.2,"unit":""},"max_forward_bias":{"value":1.3,"unit":""},"num_sweep_points":{"value":31,"unit":""},"dwell_time":{"value":0,"unit":""},"current_limit":{"value":100,"unit":""},"pviv_10a_i_amp":{"value":0,"unit":""},"average":{"value":1,"unit":""},"dark_current":{"value":0,"unit":""},"rshunt_v_lo":{"value":-0.2,"unit":""},"rshunt_v_hi":{"value":0.2,"unit":""},"voc":{"value":1.0920229,"unit":"V"},"isc":{"value":0.00093728,"unit":"A"},"jsc":{"value":20.19993975,"unit":"mA\/cm2"},"imax":{"value":0.00077838,"unit":"A"},"vmax":{"value":0.8914478,"unit":"V"},"pmax":{"value":0.69388929,"unit":"mW"},"fill_factor":{"value":67.7939,"unit":"%"},"efficiency":{"value":14.9545,"unit":"%"},"r_at_voc":{"value":153.618977,"unit":""},"r_at_isc":{"value":10534.411,"unit":""},"power":{"value":0.00089037,"unit":"W"},"rshunt":{"value":"NaN","unit":"ohm"},"cell_temp_start":{"value":"NaN","unit":""},"cell_temp_end":{"value":"NaN","unit":""},"exposure":{"value":3.918,"unit":""},"time":{"value":"17:16:52","unit":""},"date":{"value":"08\/11\/2023","unit":""},"V":{"value":[1.3,1.25,1.2,1.15,1.1,1.05,1,0.95,0.9,0.85,0.8,0.75,0.7,0.65,0.6,0.55,0.5,0.45,0.4,0.35,0.3,0.25,0.2,0.15,0.1,0.05,0,-0.05,-0.1,-0.15,-0.2],"unit":"V"},"I":{"value":[-0.0024227,-0.00162672,-0.00100107,-0.00042237,-5.193e-5,0.00027355,0.00054935,0.00069348,0.00077048,0.00080864,0.0008382,0.00084656,0.00085735,0.00086531,0.00087225,0.00088725,0.00088468,0.0008911,0.00089596,0.00090197,0.00090519,0.00091836,0.00091516,0.00092107,0.00092562,0.00093741,0.00094077,0.00094517,0.0009438,0.00095431,0.00095099],"unit":"A"},"J":{"unit":"A\/cm2","value":[-0.05221336206896552,-0.03505862068965517,-0.02157478448275862,-0.00910280172413793,-0.0011191810344827588,0.005895474137931035,0.011839439655172415,0.014945689655172414,0.016605172413793105,0.017427586206896554,0.018064655172413794,0.018244827586206897,0.018477370689655173,0.018648922413793106,0.018798491379310344,0.019121767241379314,0.019066379310344828,0.019204741379310348,0.01930948275862069,0.019439008620689657,0.019508405172413795,0.019792241379310346,0.019723275862068967,0.019850646551724138,0.019948706896551725,0.020202801724137933,0.02027521551724138,0.020370043103448275,0.02034051724137931,0.020567025862068967,0.020495474137931034]},"cell_dimension":{"value":0.0464,"unit":"cm2"},"sweep_direction":{"unit":"","value":"Forward"},"key":"Forward 103 OA 20S_20230811"},{"sample_area":{"value":0.0464,"unit":"cm2"},"irradiance":{"value":1,"unit":""},"pre_sweep_delay":{"value":1,"unit":""},"bias_direction":{"value":0,"unit":""},"max_reverse_bias":{"value":-0.2,"unit":""},"max_forward_bias":{"value":1.3,"unit":""},"num_sweep_points":{"value":31,"unit":""},"dwell_time":{"value":0,"unit":""},"current_limit":{"value":100,"unit":""},"pviv_10a_i_amp":{"value":0,"unit":""},"average":{"value":1,"unit":""},"dark_current":{"value":0,"unit":""},"rshunt_v_lo":{"value":-0.2,"unit":""},"rshunt_v_hi":{"value":0.2,"unit":""},"voc":{"value":1.09023731,"unit":"V"},"isc":{"value":0.00092215,"unit":"A"},"jsc":{"value":19.87383054,"unit":"mA\/cm2"},"imax":{"value":0.00077779,"unit":"A"},"vmax":{"value":0.88922778,"unit":"V"},"pmax":{"value":0.69163065,"unit":"mW"},"fill_factor":{"value":68.7945,"unit":"%"},"efficiency":{"value":14.9058,"unit":"%"},"r_at_voc":{"value":145.908881,"unit":""},"r_at_isc":{"value":11846.603,"unit":""},"power":{"value":0.00088126,"unit":"W"},"rshunt":{"value":"NaN","unit":"ohm"},"cell_temp_start":{"value":"NaN","unit":""},"cell_temp_end":{"value":"NaN","unit":""},"exposure":{"value":3.922,"unit":""},"time":{"value":"17:16:13","unit":""},"date":{"value":"08\/11\/2023","unit":""},"V":{"value":[1.3,1.25,1.2,1.15,1.1,1.05,1,0.95,0.9,0.85,0.8,0.75,0.7,0.65,0.6,0.55,0.5,0.45,0.4,0.35,0.3,0.25,0.2,0.15,0.1,0.05,0,-0.05,-0.1,-0.15,-0.2],"unit":"V"},"I":{"value":[-0.00234111,-0.0016194,-0.00102164,-0.00047187,-6.691e-5,0.00027577,0.00054601,0.00069174,0.00076769,0.00080619,0.00083296,0.00084237,0.0008518,0.00085968,0.00086571,0.00087269,0.00087727,0.00088207,0.00088667,0.00089153,0.00089595,0.00089997,0.00090397,0.00091356,0.00091188,0.00091613,0.0009211,0.00093579,0.00092982,0.00093239,0.00093662],"unit":"A"},"J":{"unit":"A\/cm2","value":[-0.050454956896551724,-0.03490086206896552,-0.022018103448275865,-0.010169612068965517,-0.0014420258620689655,0.005943318965517242,0.011767456896551724,0.014908189655172415,0.016545043103448277,0.017374784482758622,0.017951724137931037,0.018154525862068966,0.018357758620689658,0.018527586206896554,0.018657543103448276,0.018807974137931036,0.01890668103448276,0.01901012931034483,0.01910926724137931,0.019214008620689657,0.01930926724137931,0.019395905172413797,0.01948211206896552,0.019688793103448277,0.01965258620689655,0.01974418103448276,0.019851293103448277,0.020167887931034485,0.020039224137931036,0.02009461206896552,0.020185775862068968]},"cell_dimension":{"value":0.0464,"unit":"cm2"},"sweep_direction":{"unit":"","value":"Forward"},"key":"Forward 102 OA 20S_20230811"},{"sample_area":{"value":0.0464,"unit":"cm2"},"irradiance":{"value":1,"unit":""},"pre_sweep_delay":{"value":1,"unit":""},"bias_direction":{"value":0,"unit":""},"max_reverse_bias":{"value":-0.2,"unit":""},"max_forward_bias":{"value":1.3,"unit":""},"num_sweep_points":{"value":31,"unit":""},"dwell_time":{"value":0,"unit":""},"current_limit":{"value":100,"unit":""},"pviv_10a_i_amp":{"value":0,"unit":""},"average":{"value":1,"unit":""},"dark_current":{"value":0,"unit":""},"rshunt_v_lo":{"value":-0.2,"unit":""},"rshunt_v_hi":{"value":0.2,"unit":""},"voc":{"value":1.14656397,"unit":"V"},"isc":{"value":0.00099876,"unit":"A"},"jsc":{"value":21.52503362,"unit":"mA\/cm2"},"imax":{"value":0.00089024,"unit":"A"},"vmax":{"value":0.88802467,"unit":"V"},"pmax":{"value":0.79055456,"unit":"mW"},"fill_factor":{"value":69.0354,"unit":"%"},"efficiency":{"value":17.0378,"unit":"%"},"r_at_voc":{"value":173.096072,"unit":""},"r_at_isc":{"value":17952.173,"unit":""},"power":{"value":0.00100691,"unit":"W"},"rshunt":{"value":"NaN","unit":"ohm"},"cell_temp_start":{"value":"NaN","unit":""},"cell_temp_end":{"value":"NaN","unit":""},"exposure":{"value":4.093,"unit":""},"time":{"value":"17:15:30","unit":""},"date":{"value":"08\/11\/2023","unit":""},"V":{"value":[1.3,1.25,1.2,1.15,1.1,1.05,1,0.95,0.9,0.85,0.8,0.75,0.7,0.65,0.6,0.55,0.5,0.45,0.4,0.35,0.3,0.25,0.2,0.15,0.1,0.05,0,-0.05,-0.1,-0.15,-0.2],"unit":"V"},"I":{"value":[-0.00143037,-0.00084947,-0.00035811,-1.985e-5,0.00026901,0.00052174,0.00068811,0.0008029,0.00087735,0.00092004,0.00093891,0.00095211,0.00095848,0.0009577,0.00096308,0.00097184,0.00096865,0.00097297,0.00097466,0.00098252,0.00098033,0.0009874,0.00098565,0.00099294,0.00099054,0.00099293,0.00099535,0.00101546,0.00100195,0.00100701,0.00100618],"unit":"A"},"J":{"unit":"A\/cm2","value":[-0.030826939655172417,-0.018307543103448277,-0.0077178879310344835,-0.0004278017241379311,0.005797629310344827,0.011244396551724139,0.014829956896551725,0.017303879310344827,0.018908405172413795,0.01982844827586207,0.02023512931034483,0.02051961206896552,0.02065689655172414,0.020640086206896554,0.02075603448275862,0.020944827586206898,0.0208760775862069,0.02096918103448276,0.021005603448275866,0.021175,0.021127801724137932,0.021280172413793107,0.021242456896551725,0.021399568965517243,0.02134784482758621,0.021399353448275864,0.02145150862068966,0.02188491379310345,0.02159375,0.021702801724137934,0.021684913793103448]},"cell_dimension":{"value":0.0464,"unit":"cm2"},"sweep_direction":{"unit":"","value":"Forward"},"key":"Forward 101 OA 20S_20230811"}]}}