{"_id":"65365e058803a07c13565eaa","id":"JBNU-SC-00239","author":98,"group":10,"input":[{"tco":{"unit":"","value":"ITO"}},{"htl":[{"material":{"unit":"","value":"NiO_Sputter"},"concentration":{"unit":"","value":"None"},"conc_unit":{"unit":"","value":"None"},"quantity":{"unit":"ml","value":"None"}}],"solvent":[{"material":{"unit":"","value":"None"},"volume":{"unit":"ml","value":"None"}},{"material":{"unit":"","value":"None"},"volume":{"unit":"ml","value":"None"}}],"htl_doping":[{"material":{"unit":"","value":"None"},"volume":{"unit":"ul","value":"None"}}],"spin_coating":[{"type":{"unit":"","value":"None"},"rpm":{"unit":"","value":"None"},"time":{"unit":"s","value":"None"}}],"vacuum_suction":[{"unit":"s","value":"None"}],"annealing":[{"temperature":{"unit":"oC","value":"300"},"time":{"unit":"m","value":"30"}}],"module":[{"type":{"unit":"","value":"None"},"gap":{"unit":"um","value":"None"},"coating_speed":{"unit":"mm\/s","value":"None"},"feeding_amount":{"unit":"ul","value":"None"}}],"thermal_evaporation":[{"vacuum_evaporation_thickness":{"unit":"nm","value":"None"},"evaporation_rate":{"unit":"\u00c5\/s","value":"None"},"vacuum_pressure":{"unit":"uTorr","value":"None"}}]},{"htl_treatment":[{"material":{"unit":"","value":"MeO-2PACz"},"concentration":{"unit":"","value":"1"},"conc_unit":{"unit":"","value":"mg\/ml"},"quantity":{"unit":"ml","value":"0"}},{"material":{"unit":"","value":"Me-4PACz"},"concentration":{"unit":"","value":"1"},"conc_unit":{"unit":"","value":"mg\/ml"},"quantity":{"unit":"ml","value":"0"}}],"solvent":[{"material":{"unit":"","value":"Ethanol"},"volume":{"unit":"ml","value":"1"}},{"material":{"unit":"","value":"None"},"volume":{"unit":"ml","value":"None"}},{"material":{"unit":"","value":"Ethanol"},"volume":{"unit":"ml","value":"1"}},{"material":{"unit":"","value":"None"},"volume":{"unit":"ml","value":"None"}}],"spin_coating":[{"type":{"unit":"","value":"drop&run"},"rpm":{"unit":"","value":"3000"},"time":{"unit":"s","value":"50"}}],"vacuum_suction":[{"unit":"s","value":"10"}],"annealing":[{"temperature":{"unit":"oC","value":"None"},"time":{"unit":"m","value":"None"}}],"module":[{"type":{"unit":"","value":"None"},"gap":{"unit":"um","value":"None"},"coating_speed":{"unit":"mm\/s","value":"None"},"feeding_amount":{"unit":"ul","value":"None"}}],"thermal_evaporation":[{"vacuum_evaporation_thickness":{"unit":"nm","value":"None"},"evaporation_rate":{"unit":"\u00c5\/s","value":"None"},"vacuum_pressure":{"unit":"uTorr","value":"None"}}]},{"perovskite":{"method":{"unit":"","value":"1-step"},"molarity":{"unit":"M","value":"1.45"},"a_site":[{"material":{"unit":"","value":"Cs"},"ratio":{"unit":"","value":"0.175"}},{"material":{"unit":"","value":"FA"},"ratio":{"unit":"","value":"0.825"}}],"b_site":[{"material":{"unit":"","value":"Pb"},"ratio":{"unit":"","value":"1"}},{"material":{"unit":"","value":"None"},"ratio":{"unit":"","value":"0"}}],"x_site":[{"material":{"unit":"","value":"I"},"ratio":{"unit":"","value":"2.55"}},{"material":{"unit":"","value":"Br"},"ratio":{"unit":"","value":"0.45"}}],"solvent":[{"material":{"unit":"","value":"DMF"},"volume":{"unit":"ml","value":"0.72"}},{"material":{"unit":"","value":"DMSO"},"volume":{"unit":"ml","value":"0.18"}}],"additive":[{"material":{"unit":"","value":"None"},"solvent":{"unit":"","value":"None"},"concentration":{"unit":"","value":"None"},"conc_unit":{"unit":"","value":"None"},"quantity":{"unit":"mol%","value":"None"}}],"stirring_time":[{"unit":"m","value":"120"}],"antisolvent":[{"material":{"unit":"","value":"None"},"quantity":{"unit":"ul","value":"None"},"dripping_time":{"unit":"s","value":"None"}}],"spin_coating":[{"type":{"unit":"","value":"drop&run"},"rpm":{"unit":"","value":"4000"},"time":{"unit":"s","value":"10"}}],"vacuum_suction":[{"unit":"s","value":"60"}],"annealing":[{"temperature":{"unit":"oC","value":"100"},"time":{"unit":"m","value":"30"}}],"atmosphere":[{"type":{"unit":"","value":"N2"},"temperature":{"unit":"oC","value":"28"},"humidity":{"unit":"RH%","value":"0"}}],"assist":[{"type":{"unit":"","value":"None"},"temperature":{"unit":"oC","value":"None"},"assist_start_time":{"value":null,"unit":"s"},"total_assist_time":{"value":"None","unit":"s"}}],"module":[{"type":{"unit":"","value":"None"},"gap":{"unit":"um","value":"None"},"coating_speed":{"unit":"mm\/s","value":"None"},"feeding_amount":{"unit":"ul","value":"None"}}],"thermal_evaporation":[{"vacuum_evaporation_thickness":{"unit":"nm","value":"None"},"evaporation_rate":{"unit":"\u00c5\/s","value":"None"},"vacuum_pressure":{"unit":"uTorr","value":"None"}}]}},{"perovskite_treatment":[{"material":{"unit":"","value":"None"},"concentration":{"unit":"","value":"None"},"conc_unit":{"unit":"","value":"None"},"quantity":{"unit":"ml","value":"None"}}],"solvent":[{"material":{"unit":"","value":"None"},"volume":{"unit":"ml","value":"None"}},{"material":{"unit":"","value":"None"},"volume":{"unit":"ml","value":"None"}}],"spin_coating":[{"type":{"unit":"","value":"None"},"rpm":{"unit":"","value":"None"},"time":{"unit":"s","value":"None"}}],"vacuum_suction":[{"unit":"s","value":"None"}],"annealing":[{"temperature":{"unit":"oC","value":"None"},"time":{"unit":"m","value":"None"}}],"module":[{"type":{"unit":"","value":"None"},"gap":{"unit":"um","value":"None"},"coating_speed":{"unit":"mm\/s","value":"None"},"feeding_amount":{"unit":"ul","value":"None"}}],"thermal_evaporation":[{"vacuum_evaporation_thickness":{"unit":"nm","value":"None"},"evaporation_rate":{"unit":"\u00c5\/s","value":"None"},"vacuum_pressure":{"unit":"uTorr","value":"None"}}]},{"etl":[{"material":{"unit":"","value":"C60"},"concentration":{"unit":"","value":"None"},"conc_unit":{"unit":"","value":"None"},"quantity":{"unit":"ml","value":"None"}}],"solvent":[{"material":{"unit":"","value":"None"},"volume":{"unit":"ml","value":"None"}},{"material":{"unit":"","value":"None"},"volume":{"unit":"ml","value":"None"}}],"spin_coating":[{"type":{"unit":"","value":"None"},"rpm":{"unit":"","value":"None"},"time":{"unit":"s","value":"None"}}],"vacuum_suction":[{"unit":"s","value":"None"}],"annealing":[{"temperature":{"unit":"oC","value":"None"},"time":{"unit":"m","value":"None"}}],"etl_doping":[{"material":{"unit":"","value":"None"},"volume":{"unit":"ul","value":"None"}}],"module":[{"type":{"unit":"","value":"None"},"gap":{"unit":"um","value":"None"},"coating_speed":{"unit":"mm\/s","value":"None"},"feeding_amount":{"unit":"ul","value":"None"}}],"thermal_evaporation":[{"vacuum_evaporation_thickness":{"unit":"nm","value":"30"},"evaporation_rate":{"unit":"\u00c5\/s","value":"0.6"},"vacuum_pressure":{"unit":"uTorr","value":"2x10-6"}}]},{"blocking_buffer_layer":[{"material":{"unit":"","value":"BCP"},"concentration":{"unit":"","value":"None"},"conc_unit":{"unit":"","value":"None"},"quantity":{"unit":"ml","value":"None"}}],"solvent":[{"material":{"unit":"","value":"None"},"volume":{"unit":"ml","value":"None"}},{"material":{"unit":"","value":"None"},"volume":{"unit":"ml","value":"None"}}],"spin_coating":[{"type":{"unit":"","value":"None"},"rpm":{"unit":"","value":"None"},"time":{"unit":"s","value":"None"}}],"vacuum_suction":[{"unit":"s","value":"0"}],"annealing":[{"temperature":{"unit":"oC","value":"None"},"time":{"unit":"m","value":"None"}}],"module":[{"type":{"unit":"","value":"None"},"gap":{"unit":"um","value":"None"},"coating_speed":{"unit":"mm\/s","value":"None"},"feeding_amount":{"unit":"ul","value":"None"}}],"thermal_evaporation":[{"vacuum_evaporation_thickness":{"unit":"nm","value":"6"},"evaporation_rate":{"unit":"\u00c5\/s","value":"0.6"},"vacuum_pressure":{"unit":"uTorr","value":"2x10-6"}}]},{"anode_metal":{"unit":"","value":"Ag"}},{"note":{"unit":"","value":"-"},"ar":{"unit":"","value":"0"},"type":{"unit":"","value":"unit_cell"},"device_type":{"unit":"","value":"p-i-n"},"temperature":{"unit":"\u2103","value":"25"},"humidity":{"unit":"%","value":"40"},"cell_dimension":{"unit":"cm2","value":"0.0464"}}],"fileinfo":[{"key":"forward 11 REF NiO SP_20230530","uploadType":"JV","original_name":"forward 11 REF NiO SP_20230530-152242.txt","save_name":"JBNU-SC-00239\/forward 11 REF NiO SP_20230530","uploader":98,"fileType":""},{"key":"forward 12 REF NiO SP_20230530","uploadType":"JV","original_name":"forward 12 REF NiO SP_20230530-152302.txt","save_name":"JBNU-SC-00239\/forward 12 REF NiO SP_20230530","uploader":98,"fileType":""},{"key":"forward 13 REF NiO SP_20230530","uploadType":"JV","original_name":"forward 13 REF NiO SP_20230530-152322.txt","save_name":"JBNU-SC-00239\/forward 13 REF NiO SP_20230530","uploader":98,"fileType":""},{"key":"forward 14 REF NiO SP_20230530","uploadType":"JV","original_name":"forward 14 REF NiO SP_20230530-152330.txt","save_name":"JBNU-SC-00239\/forward 14 REF NiO SP_20230530","uploader":98,"fileType":""},{"key":"forward 21 REF NiO SP_20230530","uploadType":"JV","original_name":"forward 21 REF NiO SP_20230530-152416.txt","save_name":"JBNU-SC-00239\/forward 21 REF NiO SP_20230530","uploader":98,"fileType":""},{"key":"forward 22 REF NiO SP_20230530","uploadType":"JV","original_name":"forward 22 REF NiO SP_20230530-152428.txt","save_name":"JBNU-SC-00239\/forward 22 REF NiO SP_20230530","uploader":98,"fileType":""},{"key":"forward 23 REF NiO SP_20230530","uploadType":"JV","original_name":"forward 23 REF NiO SP_20230530-152444.txt","save_name":"JBNU-SC-00239\/forward 23 REF NiO SP_20230530","uploader":98,"fileType":""},{"key":"forward 24 REF NiO SP_20230530","uploadType":"JV","original_name":"forward 24 REF NiO SP_20230530-152456.txt","save_name":"JBNU-SC-00239\/forward 24 REF NiO SP_20230530","uploader":98,"fileType":""}],"jvcnt":8,"updated_at":"2024-08-07 02:33:50","created_at":"2023-10-23 11:50:29","analysisInfo":{"JV":[{"efficiency":17.1404,"fill_factor":71.4314,"jsc":21.89136403,"voc":1.0961207,"key":"forward 24 REF NiO SP_20230530","cell_dimension":0.0464},{"efficiency":16.7879,"fill_factor":70.5754,"jsc":21.95695259,"voc":1.0833524,"key":"forward 23 REF NiO SP_20230530","cell_dimension":0.0464},{"efficiency":16.4364,"fill_factor":68.5218,"jsc":22.24594475,"voc":1.07826618,"key":"forward 22 REF NiO SP_20230530","cell_dimension":0.0464},{"efficiency":17.5012,"fill_factor":71.6385,"jsc":22.57009737,"voc":1.08240276,"key":"forward 21 REF NiO SP_20230530","cell_dimension":0.0464},{"efficiency":17.0396,"fill_factor":71.5371,"jsc":21.8649759,"voc":1.08937605,"key":"forward 14 REF NiO SP_20230530","cell_dimension":0.0464},{"efficiency":16.5625,"fill_factor":70.4453,"jsc":21.69072271,"voc":1.08392731,"key":"forward 13 REF NiO SP_20230530","cell_dimension":0.0464},{"efficiency":16.7255,"fill_factor":70.6106,"jsc":21.90363813,"voc":1.08141493,"key":"forward 12 REF NiO SP_20230530","cell_dimension":0.0464},{"efficiency":17.3495,"fill_factor":72.9003,"jsc":21.99813068,"voc":1.08186418,"key":"forward 11 REF NiO SP_20230530","cell_dimension":0.0464}]},"public":2,"analysis":{"JV":[{"sample_area":{"value":0.0464,"unit":"cm2"},"irradiance":{"value":1,"unit":""},"pre_sweep_delay":{"value":1,"unit":""},"bias_direction":{"value":0,"unit":""},"max_reverse_bias":{"value":-0.2,"unit":""},"max_forward_bias":{"value":1.3,"unit":""},"num_sweep_points":{"value":31,"unit":""},"dwell_time":{"value":0,"unit":""},"current_limit":{"value":100,"unit":""},"pviv_10a_i_amp":{"value":0,"unit":""},"average":{"value":1,"unit":""},"dark_current":{"value":0,"unit":""},"rshunt_v_lo":{"value":-0.2,"unit":""},"rshunt_v_hi":{"value":0.2,"unit":""},"voc":{"value":1.0961207,"unit":"V"},"isc":{"value":0.00101576,"unit":"A"},"jsc":{"value":21.89136403,"unit":"mA\/cm2"},"imax":{"value":0.00091436,"unit":"A"},"vmax":{"value":0.86980778,"unit":"V"},"pmax":{"value":0.79531364,"unit":"mW"},"fill_factor":{"value":71.4314,"unit":"%"},"efficiency":{"value":17.1404,"unit":"%"},"r_at_voc":{"value":175.361874,"unit":""},"r_at_isc":{"value":24719.99,"unit":""},"power":{"value":0.00098772,"unit":"W"},"rshunt":{"value":"NaN","unit":"ohm"},"cell_temp_start":{"value":"NaN","unit":""},"cell_temp_end":{"value":"NaN","unit":""},"exposure":{"value":4.028,"unit":""},"time":{"value":"15:24:56","unit":""},"date":{"value":"05\/30\/2023","unit":""},"V":{"value":[1.3,1.25,1.2,1.15,1.1,1.05,1,0.95,0.9,0.85,0.8,0.75,0.7,0.65,0.6,0.55,0.5,0.45,0.4,0.35,0.3,0.25,0.2,0.15,0.1,0.05,0,-0.05,-0.1,-0.15,-0.2],"unit":"V"},"I":{"value":[-0.00280822,-0.00173286,-0.00094356,-0.00036939,-2.212e-5,0.000263,0.00054365,0.00074565,0.00087184,0.00093142,0.0009533,0.00096841,0.00097501,0.00098279,0.00098663,0.00099011,0.00099288,0.00099794,0.0010013,0.00100087,0.00100271,0.00100762,0.00100708,0.00100893,0.00101053,0.00101578,0.00101447,0.00101898,0.0010189,0.00102348,0.00102262],"unit":"A"},"J":{"unit":"A\/cm2","value":[-0.060521982758620696,-0.03734612068965517,-0.020335344827586206,-0.007960991379310346,-0.0004767241379310345,0.0056681034482758625,0.011716594827586208,0.016070043103448277,0.018789655172413794,0.020073706896551725,0.020545258620689656,0.020870905172413794,0.02101314655172414,0.021180818965517247,0.021263577586206898,0.021338577586206896,0.021398275862068966,0.021507327586206895,0.02157974137931035,0.021570474137931037,0.02161012931034483,0.02171594827586207,0.021704310344827588,0.021744181034482758,0.021778663793103448,0.021891810344827588,0.021863577586206898,0.021960775862068967,0.021959051724137934,0.022057758620689656,0.022039224137931034]},"cell_dimension":{"value":0.0464,"unit":"cm2"},"sweep_direction":{"unit":"","value":"Forward"},"key":"forward 24 REF NiO SP_20230530"},{"sample_area":{"value":0.0464,"unit":"cm2"},"irradiance":{"value":1,"unit":""},"pre_sweep_delay":{"value":1,"unit":""},"bias_direction":{"value":0,"unit":""},"max_reverse_bias":{"value":-0.2,"unit":""},"max_forward_bias":{"value":1.3,"unit":""},"num_sweep_points":{"value":31,"unit":""},"dwell_time":{"value":0,"unit":""},"current_limit":{"value":100,"unit":""},"pviv_10a_i_amp":{"value":0,"unit":""},"average":{"value":1,"unit":""},"dark_current":{"value":0,"unit":""},"rshunt_v_lo":{"value":-0.2,"unit":""},"rshunt_v_hi":{"value":0.2,"unit":""},"voc":{"value":1.0833524,"unit":"V"},"isc":{"value":0.0010188,"unit":"A"},"jsc":{"value":21.95695259,"unit":"mA\/cm2"},"imax":{"value":0.00092229,"unit":"A"},"vmax":{"value":0.84458528,"unit":"V"},"pmax":{"value":0.77895668,"unit":"mW"},"fill_factor":{"value":70.5754,"unit":"%"},"efficiency":{"value":16.7879,"unit":"%"},"r_at_voc":{"value":178.428768,"unit":""},"r_at_isc":{"value":26234.7,"unit":""},"power":{"value":0.00097575,"unit":"W"},"rshunt":{"value":"NaN","unit":"ohm"},"cell_temp_start":{"value":"NaN","unit":""},"cell_temp_end":{"value":"NaN","unit":""},"exposure":{"value":3.924,"unit":""},"time":{"value":"15:24:44","unit":""},"date":{"value":"05\/30\/2023","unit":""},"V":{"value":[1.3,1.25,1.2,1.15,1.1,1.05,1,0.95,0.9,0.85,0.8,0.75,0.7,0.65,0.6,0.55,0.5,0.45,0.4,0.35,0.3,0.25,0.2,0.15,0.1,0.05,0,-0.05,-0.1,-0.15,-0.2],"unit":"V"},"I":{"value":[-0.0026445,-0.00170978,-0.00099874,-0.00044421,-9.33e-5,0.00018692,0.00046806,0.00068336,0.00083243,0.00091613,0.0009564,0.00097076,0.00097877,0.00098525,0.00098999,0.00099567,0.00099778,0.00099938,0.00100162,0.00100354,0.00100818,0.00100816,0.00101014,0.00101194,0.00101684,0.00101586,0.00101796,0.00102697,0.00102172,0.0010232,0.0010249],"unit":"A"},"J":{"unit":"A\/cm2","value":[-0.05699353448275863,-0.036848706896551724,-0.02152456896551724,-0.009573491379310345,-0.002010775862068966,0.00402844827586207,0.010087500000000001,0.014727586206896553,0.017940301724137932,0.01974418103448276,0.020612068965517243,0.020921551724137934,0.021094181034482757,0.021233836206896554,0.02133599137931035,0.02145840517241379,0.02150387931034483,0.02153836206896552,0.021586637931034484,0.021628017241379312,0.02172801724137931,0.021727586206896552,0.02177025862068966,0.021809051724137933,0.021914655172413793,0.02189353448275862,0.02193879310344828,0.022132974137931038,0.022019827586206898,0.022051724137931033,0.02208836206896552]},"cell_dimension":{"value":0.0464,"unit":"cm2"},"sweep_direction":{"unit":"","value":"Forward"},"key":"forward 23 REF NiO SP_20230530"},{"sample_area":{"value":0.0464,"unit":"cm2"},"irradiance":{"value":1,"unit":""},"pre_sweep_delay":{"value":1,"unit":""},"bias_direction":{"value":0,"unit":""},"max_reverse_bias":{"value":-0.2,"unit":""},"max_forward_bias":{"value":1.3,"unit":""},"num_sweep_points":{"value":31,"unit":""},"dwell_time":{"value":0,"unit":""},"current_limit":{"value":100,"unit":""},"pviv_10a_i_amp":{"value":0,"unit":""},"average":{"value":1,"unit":""},"dark_current":{"value":0,"unit":""},"rshunt_v_lo":{"value":-0.2,"unit":""},"rshunt_v_hi":{"value":0.2,"unit":""},"voc":{"value":1.07826618,"unit":"V"},"isc":{"value":0.00103221,"unit":"A"},"jsc":{"value":22.24594475,"unit":"mA\/cm2"},"imax":{"value":0.00093388,"unit":"A"},"vmax":{"value":0.81664448,"unit":"V"},"pmax":{"value":0.76264687,"unit":"mW"},"fill_factor":{"value":68.5218,"unit":"%"},"efficiency":{"value":16.4364,"unit":"%"},"r_at_voc":{"value":193.617515,"unit":""},"r_at_isc":{"value":22223.839,"unit":""},"power":{"value":0.00096925,"unit":"W"},"rshunt":{"value":"NaN","unit":"ohm"},"cell_temp_start":{"value":"NaN","unit":""},"cell_temp_end":{"value":"NaN","unit":""},"exposure":{"value":3.736,"unit":""},"time":{"value":"15:24:28","unit":""},"date":{"value":"05\/30\/2023","unit":""},"V":{"value":[1.3,1.25,1.2,1.15,1.1,1.05,1,0.95,0.9,0.85,0.8,0.75,0.7,0.65,0.6,0.55,0.5,0.45,0.4,0.35,0.3,0.25,0.2,0.15,0.1,0.05,0,-0.05,-0.1,-0.15,-0.2],"unit":"V"},"I":{"value":[-0.00213929,-0.00145537,-0.00090156,-0.00044548,-0.00011225,0.00014599,0.00038711,0.00060679,0.0007729,0.00088427,0.00095029,0.00097585,0.00098772,0.00099476,0.00099953,0.00100471,0.00100781,0.00101096,0.00101315,0.00101573,0.00102017,0.00101976,0.00102204,0.00102396,0.00102923,0.00102873,0.00103071,0.00104005,0.00103789,0.00103894,0.00103808],"unit":"A"},"J":{"unit":"A\/cm2","value":[-0.04610538793103448,-0.031365732758620694,-0.019430172413793106,-0.009600862068965517,-0.002419181034482759,0.003146336206896552,0.008342887931034484,0.013077370689655173,0.0166573275862069,0.019057543103448277,0.020480387931034485,0.02103125,0.021287068965517245,0.021438793103448275,0.02154159482758621,0.021653232758620692,0.02172004310344828,0.02178793103448276,0.021835129310344828,0.021890732758620694,0.021986422413793102,0.021977586206896552,0.02202672413793104,0.022068103448275863,0.02218168103448276,0.022170905172413796,0.022213577586206897,0.022414870689655177,0.022368318965517244,0.02239094827586207,0.02237241379310345]},"cell_dimension":{"value":0.0464,"unit":"cm2"},"sweep_direction":{"unit":"","value":"Forward"},"key":"forward 22 REF NiO SP_20230530"},{"sample_area":{"value":0.0464,"unit":"cm2"},"irradiance":{"value":1,"unit":""},"pre_sweep_delay":{"value":1,"unit":""},"bias_direction":{"value":0,"unit":""},"max_reverse_bias":{"value":-0.2,"unit":""},"max_forward_bias":{"value":1.3,"unit":""},"num_sweep_points":{"value":31,"unit":""},"dwell_time":{"value":0,"unit":""},"current_limit":{"value":100,"unit":""},"pviv_10a_i_amp":{"value":0,"unit":""},"average":{"value":1,"unit":""},"dark_current":{"value":0,"unit":""},"rshunt_v_lo":{"value":-0.2,"unit":""},"rshunt_v_hi":{"value":0.2,"unit":""},"voc":{"value":1.08240276,"unit":"V"},"isc":{"value":0.00104725,"unit":"A"},"jsc":{"value":22.57009737,"unit":"mA\/cm2"},"imax":{"value":0.00095409,"unit":"A"},"vmax":{"value":0.85113675,"unit":"V"},"pmax":{"value":0.81205705,"unit":"mW"},"fill_factor":{"value":71.6385,"unit":"%"},"efficiency":{"value":17.5012,"unit":"%"},"r_at_voc":{"value":148.712905,"unit":""},"r_at_isc":{"value":42633.345,"unit":""},"power":{"value":0.0010111,"unit":"W"},"rshunt":{"value":"NaN","unit":"ohm"},"cell_temp_start":{"value":"NaN","unit":""},"cell_temp_end":{"value":"NaN","unit":""},"exposure":{"value":4.015,"unit":""},"time":{"value":"15:24:16","unit":""},"date":{"value":"05\/30\/2023","unit":""},"V":{"value":[1.3,1.25,1.2,1.15,1.1,1.05,1,0.95,0.9,0.85,0.8,0.75,0.7,0.65,0.6,0.55,0.5,0.45,0.4,0.35,0.3,0.25,0.2,0.15,0.1,0.05,0,-0.05,-0.1,-0.15,-0.2],"unit":"V"},"I":{"value":[-0.00325438,-0.00204025,-0.00113799,-0.00053895,-0.00011833,0.00021789,0.00049055,0.00072908,0.00087526,0.00095535,0.0009928,0.00100742,0.00101293,0.00101721,0.00102225,0.00102564,0.00102814,0.00103088,0.00103555,0.00103574,0.00103742,0.00104032,0.00104335,0.0010443,0.00104622,0.00104747,0.00104916,0.00105002,0.00105,0.00105,0.00104861],"unit":"A"},"J":{"unit":"A\/cm2","value":[-0.0701375,-0.043970905172413796,-0.02452564655172414,-0.011615301724137932,-0.0025502155172413797,0.0046959051724137935,0.010572198275862069,0.01571293103448276,0.01886336206896552,0.020589439655172414,0.021396551724137933,0.021711637931034485,0.021830387931034485,0.02192262931034483,0.02203125,0.02210431034482759,0.022158189655172418,0.02221724137931035,0.022317887931034487,0.02232198275862069,0.022358189655172417,0.022420689655172413,0.022485991379310344,0.02250646551724138,0.02254784482758621,0.022574784482758622,0.022611206896551723,0.022629741379310345,0.022629310344827586,0.022629310344827586,0.022599353448275863]},"cell_dimension":{"value":0.0464,"unit":"cm2"},"sweep_direction":{"unit":"","value":"Forward"},"key":"forward 21 REF NiO SP_20230530"},{"sample_area":{"value":0.0464,"unit":"cm2"},"irradiance":{"value":1,"unit":""},"pre_sweep_delay":{"value":1,"unit":""},"bias_direction":{"value":0,"unit":""},"max_reverse_bias":{"value":-0.2,"unit":""},"max_forward_bias":{"value":1.3,"unit":""},"num_sweep_points":{"value":31,"unit":""},"dwell_time":{"value":0,"unit":""},"current_limit":{"value":100,"unit":""},"pviv_10a_i_amp":{"value":0,"unit":""},"average":{"value":1,"unit":""},"dark_current":{"value":0,"unit":""},"rshunt_v_lo":{"value":-0.2,"unit":""},"rshunt_v_hi":{"value":0.2,"unit":""},"voc":{"value":1.08937605,"unit":"V"},"isc":{"value":0.00101453,"unit":"A"},"jsc":{"value":21.8649759,"unit":"mA\/cm2"},"imax":{"value":0.00092008,"unit":"A"},"vmax":{"value":0.85931587,"unit":"V"},"pmax":{"value":0.79063545,"unit":"mW"},"fill_factor":{"value":71.5371,"unit":"%"},"efficiency":{"value":17.0396,"unit":"%"},"r_at_voc":{"value":171.91411,"unit":""},"r_at_isc":{"value":25714.513,"unit":""},"power":{"value":0.00098339,"unit":"W"},"rshunt":{"value":"NaN","unit":"ohm"},"cell_temp_start":{"value":"NaN","unit":""},"cell_temp_end":{"value":"NaN","unit":""},"exposure":{"value":3.927,"unit":""},"time":{"value":"15:23:30","unit":""},"date":{"value":"05\/30\/2023","unit":""},"V":{"value":[1.3,1.25,1.2,1.15,1.1,1.05,1,0.95,0.9,0.85,0.8,0.75,0.7,0.65,0.6,0.55,0.5,0.45,0.4,0.35,0.3,0.25,0.2,0.15,0.1,0.05,0,-0.05,-0.1,-0.15,-0.2],"unit":"V"},"I":{"value":[-0.00280992,-0.00178733,-0.00101789,-0.0004245,-6.18e-5,0.00022904,0.00052134,0.00072899,0.00086125,0.00092939,0.0009608,0.00097167,0.00097837,0.00098432,0.00099015,0.00099244,0.00099438,0.00099772,0.00099897,0.00100084,0.00100241,0.0010037,0.0010063,0.00100856,0.0010099,0.00101473,0.00101388,0.00102279,0.00101757,0.00101876,0.00101989],"unit":"A"},"J":{"unit":"A\/cm2","value":[-0.06055862068965518,-0.038520043103448275,-0.021937284482758623,-0.009148706896551725,-0.001331896551724138,0.004936206896551725,0.011235775862068966,0.015710991379310348,0.018561422413793105,0.020029956896551727,0.02070689655172414,0.02094116379310345,0.02108556034482759,0.021213793103448276,0.021339439655172415,0.021388793103448277,0.021430603448275864,0.021502586206896553,0.02152952586206897,0.0215698275862069,0.02160366379310345,0.02163146551724138,0.0216875,0.021736206896551723,0.02176508620689655,0.02186918103448276,0.02185086206896552,0.022042887931034483,0.021930387931034485,0.021956034482758624,0.021980387931034486]},"cell_dimension":{"value":0.0464,"unit":"cm2"},"sweep_direction":{"unit":"","value":"Forward"},"key":"forward 14 REF NiO SP_20230530"},{"sample_area":{"value":0.0464,"unit":"cm2"},"irradiance":{"value":1,"unit":""},"pre_sweep_delay":{"value":1,"unit":""},"bias_direction":{"value":0,"unit":""},"max_reverse_bias":{"value":-0.2,"unit":""},"max_forward_bias":{"value":1.3,"unit":""},"num_sweep_points":{"value":31,"unit":""},"dwell_time":{"value":0,"unit":""},"current_limit":{"value":100,"unit":""},"pviv_10a_i_amp":{"value":0,"unit":""},"average":{"value":1,"unit":""},"dark_current":{"value":0,"unit":""},"rshunt_v_lo":{"value":-0.2,"unit":""},"rshunt_v_hi":{"value":0.2,"unit":""},"voc":{"value":1.08392731,"unit":"V"},"isc":{"value":0.00100645,"unit":"A"},"jsc":{"value":21.69072271,"unit":"mA\/cm2"},"imax":{"value":0.00091341,"unit":"A"},"vmax":{"value":0.8413506,"unit":"V"},"pmax":{"value":0.76850019,"unit":"mW"},"fill_factor":{"value":70.4453,"unit":"%"},"efficiency":{"value":16.5625,"unit":"%"},"r_at_voc":{"value":182.68068,"unit":""},"r_at_isc":{"value":29197.902,"unit":""},"power":{"value":0.00096471,"unit":"W"},"rshunt":{"value":"NaN","unit":"ohm"},"cell_temp_start":{"value":"NaN","unit":""},"cell_temp_end":{"value":"NaN","unit":""},"exposure":{"value":3.917,"unit":""},"time":{"value":"15:23:22","unit":""},"date":{"value":"05\/30\/2023","unit":""},"V":{"value":[1.3,1.25,1.2,1.15,1.1,1.05,1,0.95,0.9,0.85,0.8,0.75,0.7,0.65,0.6,0.55,0.5,0.45,0.4,0.35,0.3,0.25,0.2,0.15,0.1,0.05,0,-0.05,-0.1,-0.15,-0.2],"unit":"V"},"I":{"value":[-0.00233341,-0.00155285,-0.00093178,-0.00042608,-8.798e-5,0.00018572,0.00045733,0.00066758,0.00081681,0.0009034,0.00094606,0.00096251,0.00096966,0.00097602,0.00098286,0.00098472,0.00098766,0.00099248,0.00099363,0.0009938,0.00099533,0.00099722,0.00100139,0.00100049,0.00100248,0.00100404,0.00100581,0.00101395,0.0010094,0.0010104,0.0010116],"unit":"A"},"J":{"unit":"A\/cm2","value":[-0.05028900862068966,-0.03346659482758621,-0.02008146551724138,-0.009182758620689657,-0.0018961206896551724,0.004002586206896552,0.00985625,0.014387500000000001,0.01760366379310345,0.019469827586206898,0.020389224137931036,0.020743750000000002,0.02089784482758621,0.02103491379310345,0.021182327586206896,0.021222413793103446,0.021285775862068968,0.021389655172413796,0.021414439655172413,0.02141810344827586,0.021451077586206898,0.02149181034482759,0.02158168103448276,0.021562284482758622,0.021605172413793106,0.02163879310344828,0.021676939655172416,0.021852370689655173,0.021754310344827586,0.02177586206896552,0.021801724137931036]},"cell_dimension":{"value":0.0464,"unit":"cm2"},"sweep_direction":{"unit":"","value":"Forward"},"key":"forward 13 REF NiO SP_20230530"},{"sample_area":{"value":0.0464,"unit":"cm2"},"irradiance":{"value":1,"unit":""},"pre_sweep_delay":{"value":1,"unit":""},"bias_direction":{"value":0,"unit":""},"max_reverse_bias":{"value":-0.2,"unit":""},"max_forward_bias":{"value":1.3,"unit":""},"num_sweep_points":{"value":31,"unit":""},"dwell_time":{"value":0,"unit":""},"current_limit":{"value":100,"unit":""},"pviv_10a_i_amp":{"value":0,"unit":""},"average":{"value":1,"unit":""},"dark_current":{"value":0,"unit":""},"rshunt_v_lo":{"value":-0.2,"unit":""},"rshunt_v_hi":{"value":0.2,"unit":""},"voc":{"value":1.08141493,"unit":"V"},"isc":{"value":0.00101633,"unit":"A"},"jsc":{"value":21.90363813,"unit":"mA\/cm2"},"imax":{"value":0.00092293,"unit":"A"},"vmax":{"value":0.84086762,"unit":"V"},"pmax":{"value":0.77606253,"unit":"mW"},"fill_factor":{"value":70.6106,"unit":"%"},"efficiency":{"value":16.7255,"unit":"%"},"r_at_voc":{"value":160.925282,"unit":""},"r_at_isc":{"value":27183.449,"unit":""},"power":{"value":0.00097355,"unit":"W"},"rshunt":{"value":"NaN","unit":"ohm"},"cell_temp_start":{"value":"NaN","unit":""},"cell_temp_end":{"value":"NaN","unit":""},"exposure":{"value":3.905,"unit":""},"time":{"value":"15:23:02","unit":""},"date":{"value":"05\/30\/2023","unit":""},"V":{"value":[1.3,1.25,1.2,1.15,1.1,1.05,1,0.95,0.9,0.85,0.8,0.75,0.7,0.65,0.6,0.55,0.5,0.45,0.4,0.35,0.3,0.25,0.2,0.15,0.1,0.05,0,-0.05,-0.1,-0.15,-0.2],"unit":"V"},"I":{"value":[-0.00259269,-0.0017213,-0.00101716,-0.00049912,-0.00011549,0.00019521,0.00045417,0.00067055,0.00082396,0.0009122,0.00095576,0.00097294,0.00098021,0.00098555,0.00099284,0.00099471,0.00099648,0.00099922,0.0010032,0.00100383,0.00100495,0.00100665,0.00101016,0.00101194,0.0010111,0.00101271,0.00101784,0.00101869,0.00102138,0.00101992,0.00102402],"unit":"A"},"J":{"unit":"A\/cm2","value":[-0.05587693965517242,-0.037096982758620695,-0.021921551724137935,-0.010756896551724139,-0.002489008620689655,0.004207112068965517,0.009788146551724138,0.014451508620689656,0.017757758620689658,0.01965948275862069,0.020598275862068968,0.020968534482758622,0.02112521551724138,0.021240301724137933,0.02139741379310345,0.02143771551724138,0.021475862068965516,0.02153491379310345,0.02162068965517242,0.02163426724137931,0.021658405172413794,0.02169504310344828,0.021770689655172416,0.021809051724137933,0.02179094827586207,0.02182564655172414,0.02193620689655173,0.021954525862068967,0.0220125,0.02198103448275862,0.02206939655172414]},"cell_dimension":{"value":0.0464,"unit":"cm2"},"sweep_direction":{"unit":"","value":"Forward"},"key":"forward 12 REF NiO SP_20230530"},{"sample_area":{"value":0.0464,"unit":"cm2"},"irradiance":{"value":1,"unit":""},"pre_sweep_delay":{"value":1,"unit":""},"bias_direction":{"value":0,"unit":""},"max_reverse_bias":{"value":-0.2,"unit":""},"max_forward_bias":{"value":1.3,"unit":""},"num_sweep_points":{"value":31,"unit":""},"dwell_time":{"value":0,"unit":""},"current_limit":{"value":100,"unit":""},"pviv_10a_i_amp":{"value":0,"unit":""},"average":{"value":1,"unit":""},"dark_current":{"value":0,"unit":""},"rshunt_v_lo":{"value":-0.2,"unit":""},"rshunt_v_hi":{"value":0.2,"unit":""},"voc":{"value":1.08186418,"unit":"V"},"isc":{"value":0.00102071,"unit":"A"},"jsc":{"value":21.99813068,"unit":"mA\/cm2"},"imax":{"value":0.0009329,"unit":"A"},"vmax":{"value":0.8629228,"unit":"V"},"pmax":{"value":0.80501831,"unit":"mW"},"fill_factor":{"value":72.9003,"unit":"%"},"efficiency":{"value":17.3495,"unit":"%"},"r_at_voc":{"value":153.582606,"unit":""},"r_at_isc":{"value":30291.515,"unit":""},"power":{"value":0.00098782,"unit":"W"},"rshunt":{"value":"NaN","unit":"ohm"},"cell_temp_start":{"value":"NaN","unit":""},"cell_temp_end":{"value":"NaN","unit":""},"exposure":{"value":3.733,"unit":""},"time":{"value":"15:22:42","unit":""},"date":{"value":"05\/30\/2023","unit":""},"V":{"value":[1.3,1.25,1.2,1.15,1.1,1.05,1,0.95,0.9,0.85,0.8,0.75,0.7,0.65,0.6,0.55,0.5,0.45,0.4,0.35,0.3,0.25,0.2,0.15,0.1,0.05,0,-0.05,-0.1,-0.15,-0.2],"unit":"V"},"I":{"value":[-0.003923,-0.00243313,-0.00134079,-0.0006231,-0.00011809,0.00020747,0.00049175,0.00072584,0.00087541,0.00094517,0.00097027,0.00098149,0.00098753,0.00099191,0.00099684,0.00099918,0.00100396,0.00100582,0.00100598,0.00100772,0.0010116,0.00101102,0.00101495,0.00101692,0.00101597,0.0010178,0.00101901,0.00102666,0.00102483,0.00102312,0.00102781],"unit":"A"},"J":{"unit":"A\/cm2","value":[-0.08454741379310346,-0.05243814655172414,-0.02889633620689655,-0.01342887931034483,-0.0025450431034482763,0.004471336206896552,0.010598060344827588,0.015643103448275863,0.01886659482758621,0.020370043103448275,0.020910991379310344,0.021152801724137932,0.021282974137931034,0.021377370689655173,0.02148362068965517,0.021534051724137932,0.02163706896551724,0.02167715517241379,0.021680603448275864,0.021718103448275863,0.021801724137931036,0.021789224137931038,0.021873922413793104,0.021916379310344826,0.021895905172413792,0.021935344827586207,0.02196142241379311,0.022126293103448276,0.022086853448275864,0.02205,0.0221510775862069]},"cell_dimension":{"value":0.0464,"unit":"cm2"},"sweep_direction":{"unit":"","value":"Forward"},"key":"forward 11 REF NiO SP_20230530"}]}}