{"_id":"655ac7dba4d59d307a7a8bcf","id":"JBNU-SC-00371","author":98,"group":10,"input":[{"tco":{"unit":"","value":"ITO"}},{"htl":[{"material":{"unit":"","value":"NiO_Sputter"},"concentration":{"unit":"","value":"None"},"conc_unit":{"unit":"","value":"None"},"quantity":{"unit":"ml","value":"None"}}],"solvent":[{"material":{"unit":"","value":"None"},"volume":{"unit":"ml","value":"None"}},{"material":{"unit":"","value":"None"},"volume":{"unit":"ml","value":"None"}}],"htl_doping":[{"material":{"unit":"","value":"None"},"volume":{"unit":"ul","value":"None"}}],"spin_coating":[{"type":{"unit":"","value":"None"},"rpm":{"unit":"","value":"None"},"time":{"unit":"s","value":"None"}}],"vacuum_suction":[{"unit":"s","value":"None"}],"annealing":[{"temperature":{"unit":"oC","value":"300"},"time":{"unit":"m","value":"30"}}],"module":[{"type":{"unit":"","value":"None"},"gap":{"unit":"um","value":"None"},"coating_speed":{"unit":"mm\/s","value":"None"},"feeding_amount":{"unit":"ul","value":"None"}}],"thermal_evaporation":[{"vacuum_evaporation_thickness":{"unit":"nm","value":"None"},"evaporation_rate":{"unit":"\u00c5\/s","value":"None"},"vacuum_pressure":{"unit":"uTorr","value":"None"}}]},{"htl_treatment":[{"material":{"unit":"","value":"MeO-2PACz"},"concentration":{"unit":"","value":"0.33"},"conc_unit":{"unit":"","value":"mg\/ml"},"quantity":{"unit":"ml","value":"1"}}],"solvent":[{"material":{"unit":"","value":"Ethanol"},"volume":{"unit":"ml","value":"1"}},{"material":{"unit":"","value":"None"},"volume":{"unit":"ml","value":"None"}}],"spin_coating":[{"type":{"unit":"","value":"drop&run"},"rpm":{"unit":"","value":"3000"},"time":{"unit":"s","value":"50"}}],"vacuum_suction":[{"unit":"s","value":"None"}],"annealing":[{"temperature":{"unit":"oC","value":"None"},"time":{"unit":"m","value":"None"}}],"module":[{"type":{"unit":"","value":"None"},"gap":{"unit":"um","value":"None"},"coating_speed":{"unit":"mm\/s","value":"None"},"feeding_amount":{"unit":"ul","value":"None"}}],"thermal_evaporation":[{"vacuum_evaporation_thickness":{"unit":"nm","value":"None"},"evaporation_rate":{"unit":"\u00c5\/s","value":"None"},"vacuum_pressure":{"unit":"uTorr","value":"None"}}]},{"perovskite":{"method":{"unit":"","value":"1-step"},"molarity":{"unit":"M","value":"1.45"},"a_site":[{"material":{"unit":"","value":"Cs"},"ratio":{"unit":"","value":"0.175"}},{"material":{"unit":"","value":"FA"},"ratio":{"unit":"","value":"0.825"}}],"b_site":[{"material":{"unit":"","value":"Pb"},"ratio":{"unit":"","value":"1"}},{"material":{"unit":"","value":"None"},"ratio":{"unit":"","value":"0"}}],"x_site":[{"material":{"unit":"","value":"I"},"ratio":{"unit":"","value":"2.55"}},{"material":{"unit":"","value":"Br"},"ratio":{"unit":"","value":"0.45"}}],"solvent":[{"material":{"unit":"","value":"DMF"},"volume":{"unit":"ml","value":"0.8"}},{"material":{"unit":"","value":"DMSO"},"volume":{"unit":"ml","value":"0.2"}}],"additive":[{"material":{"unit":"","value":"OLAI"},"solvent":{"unit":"","value":"DMF"},"concentration":{"unit":"","value":"100"},"conc_unit":{"unit":"","value":"mg\/ml"},"quantity":{"unit":"mol%","value":"1"}}],"stirring_time":[{"unit":"m","value":"120"}],"antisolvent":[{"material":{"unit":"","value":"None"},"quantity":{"unit":"ul","value":"None"},"dripping_time":{"unit":"s","value":"None"}}],"spin_coating":[{"type":{"unit":"","value":"drop&run"},"rpm":{"unit":"","value":"4000"},"time":{"unit":"s","value":"10"}}],"vacuum_suction":[{"unit":"s","value":"60"}],"annealing":[{"temperature":{"unit":"oC","value":"100"},"time":{"unit":"m","value":"30"}}],"atmosphere":[{"type":{"unit":"","value":"N2"},"temperature":{"unit":"oC","value":"28"},"humidity":{"unit":"RH%","value":"0"}}],"assist":[{"type":{"unit":"","value":"None"},"temperature":{"unit":"oC","value":"None"},"assist_start_time":{"value":null,"unit":"s"},"total_assist_time":{"value":"None","unit":"s"}}],"module":[{"type":{"unit":"","value":"None"},"gap":{"unit":"um","value":"None"},"coating_speed":{"unit":"mm\/s","value":"None"},"feeding_amount":{"unit":"ul","value":"None"}}],"thermal_evaporation":[{"vacuum_evaporation_thickness":{"unit":"nm","value":"None"},"evaporation_rate":{"unit":"\u00c5\/s","value":"None"},"vacuum_pressure":{"unit":"uTorr","value":"None"}}]}},{"perovskite_treatment":[{"material":{"unit":"","value":"OA"},"concentration":{"unit":"","value":"None"},"conc_unit":{"unit":"","value":"None"},"quantity":{"unit":"ml","value":"0.1"}}],"solvent":[{"material":{"unit":"","value":"None"},"volume":{"unit":"ml","value":"None"}},{"material":{"unit":"","value":"None"},"volume":{"unit":"ml","value":"None"}}],"spin_coating":[{"type":{"unit":"","value":"None"},"rpm":{"unit":"","value":"None"},"time":{"unit":"s","value":"None"}}],"vacuum_suction":[{"unit":"s","value":"None"}],"annealing":[{"temperature":{"unit":"oC","value":"0"},"time":{"unit":"m","value":"0.34"}}],"module":[{"type":{"unit":"","value":"None"},"gap":{"unit":"um","value":"None"},"coating_speed":{"unit":"mm\/s","value":"None"},"feeding_amount":{"unit":"ul","value":"None"}}],"thermal_evaporation":[{"vacuum_evaporation_thickness":{"unit":"nm","value":"None"},"evaporation_rate":{"unit":"\u00c5\/s","value":"None"},"vacuum_pressure":{"unit":"uTorr","value":"None"}}]},{"etl":[{"material":{"unit":"","value":"C60"},"concentration":{"unit":"","value":"None"},"conc_unit":{"unit":"","value":"None"},"quantity":{"unit":"ml","value":"None"}}],"solvent":[{"material":{"unit":"","value":"None"},"volume":{"unit":"ml","value":"None"}},{"material":{"unit":"","value":"None"},"volume":{"unit":"ml","value":"None"}}],"spin_coating":[{"type":{"unit":"","value":"None"},"rpm":{"unit":"","value":"None"},"time":{"unit":"s","value":"None"}}],"vacuum_suction":[{"unit":"s","value":"None"}],"annealing":[{"temperature":{"unit":"oC","value":"None"},"time":{"unit":"m","value":"None"}}],"etl_doping":[{"material":{"unit":"","value":"None"},"volume":{"unit":"ul","value":"None"}}],"module":[{"type":{"unit":"","value":"None"},"gap":{"unit":"um","value":"None"},"coating_speed":{"unit":"mm\/s","value":"None"},"feeding_amount":{"unit":"ul","value":"None"}}],"thermal_evaporation":[{"vacuum_evaporation_thickness":{"unit":"nm","value":"30"},"evaporation_rate":{"unit":"\u00c5\/s","value":"0.6"},"vacuum_pressure":{"unit":"uTorr","value":"2x10-6"}}]},{"blocking_buffer_layer":[{"material":{"unit":"","value":"BCP"},"concentration":{"unit":"","value":"None"},"conc_unit":{"unit":"","value":"None"},"quantity":{"unit":"ml","value":"None"}}],"solvent":[{"material":{"unit":"","value":"None"},"volume":{"unit":"ml","value":"None"}},{"material":{"unit":"","value":"None"},"volume":{"unit":"ml","value":"None"}}],"spin_coating":[{"type":{"unit":"","value":"None"},"rpm":{"unit":"","value":"None"},"time":{"unit":"s","value":"None"}}],"vacuum_suction":[{"unit":"s","value":"0"}],"annealing":[{"temperature":{"unit":"oC","value":"None"},"time":{"unit":"m","value":"None"}}],"module":[{"type":{"unit":"","value":"None"},"gap":{"unit":"um","value":"None"},"coating_speed":{"unit":"mm\/s","value":"None"},"feeding_amount":{"unit":"ul","value":"None"}}],"thermal_evaporation":[{"vacuum_evaporation_thickness":{"unit":"nm","value":"6"},"evaporation_rate":{"unit":"\u00c5\/s","value":"0.6"},"vacuum_pressure":{"unit":"uTorr","value":"2x10-6"}}]},{"anode_metal":{"unit":"","value":"Ag"}},{"note":{"unit":"","value":"-"},"ar":{"unit":"","value":"0"},"type":{"unit":"","value":"unit_cell"},"device_type":{"unit":"","value":"p-i-n"},"temperature":{"unit":"\u2103","value":"25"},"humidity":{"unit":"%","value":"40"},"cell_dimension":{"unit":"cm2","value":"0.0464"}}],"fileinfo":[{"key":"Forward 161 OLAI + OA 30S_20230811","uploadType":"JV","original_name":"Forward 161 OLAI + OA 30S_20230811-172949.txt","save_name":"JBNU-SC-00371\/Forward 161 OLAI + OA 30S_20230811","uploader":98,"fileType":""},{"key":"Forward 162 OLAI + OA 30S_20230811","uploadType":"JV","original_name":"Forward 162 OLAI + OA 30S_20230811-173005.txt","save_name":"JBNU-SC-00371\/Forward 162 OLAI + OA 30S_20230811","uploader":98,"fileType":""},{"key":"Forward 163 OLAI + OA 30S_20230811","uploadType":"JV","original_name":"Forward 163 OLAI + OA 30S_20230811-173021.txt","save_name":"JBNU-SC-00371\/Forward 163 OLAI + OA 30S_20230811","uploader":98,"fileType":""},{"key":"Forward 164 OLAI + OA 30S_20230811","uploadType":"JV","original_name":"Forward 164 OLAI + OA 30S_20230811-173038.txt","save_name":"JBNU-SC-00371\/Forward 164 OLAI + OA 30S_20230811","uploader":98,"fileType":""},{"key":"Forward 151 OLAI + OA 30S_20230811","uploadType":"JV","original_name":"Forward 151 OLAI + OA 30S_20230811-172736.txt","save_name":"JBNU-SC-00371\/Forward 151 OLAI + OA 30S_20230811","uploader":98,"fileType":""},{"key":"Forward 152 OLAI + OA 30S_20230811","uploadType":"JV","original_name":"Forward 152 OLAI + OA 30S_20230811-172812.txt","save_name":"JBNU-SC-00371\/Forward 152 OLAI + OA 30S_20230811","uploader":98,"fileType":""},{"key":"Forward 153 OLAI + OA 30S_20230811","uploadType":"JV","original_name":"Forward 153 OLAI + OA 30S_20230811-172837.txt","save_name":"JBNU-SC-00371\/Forward 153 OLAI + OA 30S_20230811","uploader":98,"fileType":""},{"key":"Forward 154 OLAI + OA 30S_20230811","uploadType":"JV","original_name":"Forward 154 OLAI + OA 30S_20230811-172902.txt","save_name":"JBNU-SC-00371\/Forward 154 OLAI + OA 30S_20230811","uploader":98,"fileType":""}],"jvcnt":8,"updated_at":"2024-08-07 02:33:50","created_at":"2023-11-20 02:43:39","analysisInfo":{"JV":[{"efficiency":18.2191,"fill_factor":77.3805,"jsc":20.9336374,"voc":1.12473569,"key":"Forward 164 OLAI + OA 30S_20230811","cell_dimension":0.0464},{"efficiency":16.2725,"fill_factor":73.5156,"jsc":19.75364191,"voc":1.12053796,"key":"Forward 163 OLAI + OA 30S_20230811","cell_dimension":0.0464},{"efficiency":16.6347,"fill_factor":74.2919,"jsc":19.9194124,"voc":1.12408175,"key":"Forward 162 OLAI + OA 30S_20230811","cell_dimension":0.0464},{"efficiency":18.9809,"fill_factor":76.8095,"jsc":21.49460956,"voc":1.14966881,"key":"Forward 161 OLAI + OA 30S_20230811","cell_dimension":0.0464},{"efficiency":19.2436,"fill_factor":76.9033,"jsc":22.15771767,"voc":1.12931736,"key":"Forward 154 OLAI + OA 30S_20230811","cell_dimension":0.0464},{"efficiency":18.9317,"fill_factor":76.7045,"jsc":21.89556563,"voc":1.12722683,"key":"Forward 153 OLAI + OA 30S_20230811","cell_dimension":0.0464},{"efficiency":18.2669,"fill_factor":75.7019,"jsc":21.3748567,"voc":1.12889819,"key":"Forward 152 OLAI + OA 30S_20230811","cell_dimension":0.0464},{"efficiency":18.4559,"fill_factor":74.8744,"jsc":21.57343325,"voc":1.14257097,"key":"Forward 151 OLAI + OA 30S_20230811","cell_dimension":0.0464}]},"public":2,"analysis":{"JV":[{"sample_area":{"value":0.0464,"unit":"cm2"},"irradiance":{"value":1,"unit":""},"pre_sweep_delay":{"value":1,"unit":""},"bias_direction":{"value":0,"unit":""},"max_reverse_bias":{"value":-0.2,"unit":""},"max_forward_bias":{"value":1.3,"unit":""},"num_sweep_points":{"value":31,"unit":""},"dwell_time":{"value":0,"unit":""},"current_limit":{"value":100,"unit":""},"pviv_10a_i_amp":{"value":0,"unit":""},"average":{"value":1,"unit":""},"dark_current":{"value":0,"unit":""},"rshunt_v_lo":{"value":-0.2,"unit":""},"rshunt_v_hi":{"value":0.2,"unit":""},"voc":{"value":1.12473569,"unit":"V"},"isc":{"value":0.00097132,"unit":"A"},"jsc":{"value":20.9336374,"unit":"mA\/cm2"},"imax":{"value":0.00088744,"unit":"A"},"vmax":{"value":0.95258718,"unit":"V"},"pmax":{"value":0.84536536,"unit":"mW"},"fill_factor":{"value":77.3805,"unit":"%"},"efficiency":{"value":18.2191,"unit":"%"},"r_at_voc":{"value":91.056105,"unit":""},"r_at_isc":{"value":27778.577,"unit":""},"power":{"value":0.00100615,"unit":"W"},"rshunt":{"value":"NaN","unit":"ohm"},"cell_temp_start":{"value":"NaN","unit":""},"cell_temp_end":{"value":"NaN","unit":""},"exposure":{"value":3.731,"unit":""},"time":{"value":"17:30:38","unit":""},"date":{"value":"08\/11\/2023","unit":""},"V":{"value":[1.3,1.25,1.2,1.15,1.1,1.05,1,0.95,0.9,0.85,0.8,0.75,0.7,0.65,0.6,0.55,0.5,0.45,0.4,0.35,0.3,0.25,0.2,0.15,0.1,0.05,0,-0.05,-0.1,-0.15,-0.2],"unit":"V"},"I":{"value":[-0.00276223,-0.00180194,-0.00099121,-0.00027746,0.00027165,0.00062899,0.00081539,0.00088979,0.0009161,0.00092461,0.00093118,0.00093627,0.00094185,0.0009433,0.00094645,0.00095015,0.00095323,0.00095346,0.00095575,0.00095777,0.00096053,0.00096306,0.00096342,0.00096482,0.00096882,0.00096936,0.00097126,0.00097344,0.00097503,0.00097662,0.00097838],"unit":"A"},"J":{"unit":"A\/cm2","value":[-0.05953081896551725,-0.03883491379310345,-0.02136228448275862,-0.005979741379310345,0.005854525862068966,0.013555818965517242,0.017573060344827588,0.019176508620689658,0.01974353448275862,0.019926939655172414,0.02006853448275862,0.02017823275862069,0.02029849137931035,0.020329741379310345,0.02039762931034483,0.020477370689655175,0.020543750000000003,0.020548706896551725,0.020598060344827588,0.02064159482758621,0.020701077586206897,0.020755603448275862,0.020763362068965518,0.020793534482758624,0.020879741379310347,0.020891379310344828,0.0209323275862069,0.020979310344827588,0.021013577586206898,0.02104784482758621,0.02108577586206897]},"cell_dimension":{"value":0.0464,"unit":"cm2"},"sweep_direction":{"unit":"","value":"Forward"},"key":"Forward 164 OLAI + OA 30S_20230811"},{"sample_area":{"value":0.0464,"unit":"cm2"},"irradiance":{"value":1,"unit":""},"pre_sweep_delay":{"value":1,"unit":""},"bias_direction":{"value":0,"unit":""},"max_reverse_bias":{"value":-0.2,"unit":""},"max_forward_bias":{"value":1.3,"unit":""},"num_sweep_points":{"value":31,"unit":""},"dwell_time":{"value":0,"unit":""},"current_limit":{"value":100,"unit":""},"pviv_10a_i_amp":{"value":0,"unit":""},"average":{"value":1,"unit":""},"dark_current":{"value":0,"unit":""},"rshunt_v_lo":{"value":-0.2,"unit":""},"rshunt_v_hi":{"value":0.2,"unit":""},"voc":{"value":1.12053796,"unit":"V"},"isc":{"value":0.00091657,"unit":"A"},"jsc":{"value":19.75364191,"unit":"mA\/cm2"},"imax":{"value":0.00081122,"unit":"A"},"vmax":{"value":0.93075253,"unit":"V"},"pmax":{"value":0.75504272,"unit":"mW"},"fill_factor":{"value":73.5156,"unit":"%"},"efficiency":{"value":16.2725,"unit":"%"},"r_at_voc":{"value":110.565532,"unit":""},"r_at_isc":{"value":19145.931,"unit":""},"power":{"value":0.00092365,"unit":"W"},"rshunt":{"value":"NaN","unit":"ohm"},"cell_temp_start":{"value":"NaN","unit":""},"cell_temp_end":{"value":"NaN","unit":""},"exposure":{"value":3.729,"unit":""},"time":{"value":"17:30:21","unit":""},"date":{"value":"08\/11\/2023","unit":""},"V":{"value":[1.3,1.25,1.2,1.15,1.1,1.05,1,0.95,0.9,0.85,0.8,0.75,0.7,0.65,0.6,0.55,0.5,0.45,0.4,0.35,0.3,0.25,0.2,0.15,0.1,0.05,0,-0.05,-0.1,-0.15,-0.2],"unit":"V"},"I":{"value":[-0.00233175,-0.00152132,-0.00086436,-0.00026647,0.00018575,0.00050087,0.00069335,0.00079106,0.00083151,0.00084745,0.00085336,0.00086439,0.0008659,0.00087122,0.0008758,0.00088026,0.00088836,0.0008884,0.00089134,0.00089499,0.00090216,0.00090134,0.00090467,0.00090736,0.00091341,0.00091706,0.00091555,0.00091997,0.00092356,0.00092288,0.00092557],"unit":"A"},"J":{"unit":"A\/cm2","value":[-0.050253232758620696,-0.032787068965517245,-0.01862844827586207,-0.0057428879310344825,0.0040032327586206895,0.01079461206896552,0.014942887931034484,0.017048706896551725,0.017920474137931037,0.018264008620689658,0.01839137931034483,0.01862909482758621,0.018661637931034484,0.018776293103448277,0.018875000000000003,0.018971120689655174,0.019145689655172417,0.01914655172413793,0.01920991379310345,0.019288577586206897,0.019443103448275864,0.01942543103448276,0.01949719827586207,0.019555172413793103,0.019685560344827588,0.019764224137931035,0.01973168103448276,0.019826939655172415,0.019904310344827588,0.019889655172413794,0.019947629310344828]},"cell_dimension":{"value":0.0464,"unit":"cm2"},"sweep_direction":{"unit":"","value":"Forward"},"key":"Forward 163 OLAI + OA 30S_20230811"},{"sample_area":{"value":0.0464,"unit":"cm2"},"irradiance":{"value":1,"unit":""},"pre_sweep_delay":{"value":1,"unit":""},"bias_direction":{"value":0,"unit":""},"max_reverse_bias":{"value":-0.2,"unit":""},"max_forward_bias":{"value":1.3,"unit":""},"num_sweep_points":{"value":31,"unit":""},"dwell_time":{"value":0,"unit":""},"current_limit":{"value":100,"unit":""},"pviv_10a_i_amp":{"value":0,"unit":""},"average":{"value":1,"unit":""},"dark_current":{"value":0,"unit":""},"rshunt_v_lo":{"value":-0.2,"unit":""},"rshunt_v_hi":{"value":0.2,"unit":""},"voc":{"value":1.12408175,"unit":"V"},"isc":{"value":0.00092426,"unit":"A"},"jsc":{"value":19.9194124,"unit":"mA\/cm2"},"imax":{"value":0.00081785,"unit":"A"},"vmax":{"value":0.94375902,"unit":"V"},"pmax":{"value":0.77185153,"unit":"mW"},"fill_factor":{"value":74.2919,"unit":"%"},"efficiency":{"value":16.6347,"unit":"%"},"r_at_voc":{"value":111.935253,"unit":""},"r_at_isc":{"value":20605.664,"unit":""},"power":{"value":0.00093821,"unit":"W"},"rshunt":{"value":"NaN","unit":"ohm"},"cell_temp_start":{"value":"NaN","unit":""},"cell_temp_end":{"value":"NaN","unit":""},"exposure":{"value":3.731,"unit":""},"time":{"value":"17:30:05","unit":""},"date":{"value":"08\/11\/2023","unit":""},"V":{"value":[1.3,1.25,1.2,1.15,1.1,1.05,1,0.95,0.9,0.85,0.8,0.75,0.7,0.65,0.6,0.55,0.5,0.45,0.4,0.35,0.3,0.25,0.2,0.15,0.1,0.05,0,-0.05,-0.1,-0.15,-0.2],"unit":"V"},"I":{"value":[-0.00236078,-0.00151501,-0.00083647,-0.00023155,0.00021514,0.00053034,0.00072392,0.00081204,0.00084227,0.00085597,0.00086493,0.00087141,0.00088078,0.000886,0.00088585,0.00089403,0.00089802,0.0008975,0.00090062,0.00090442,0.0009115,0.00091078,0.00091285,0.00091582,0.00092234,0.00092139,0.00092391,0.00092753,0.00092885,0.00093146,0.00093374],"unit":"A"},"J":{"unit":"A\/cm2","value":[-0.05087887931034483,-0.032651077586206896,-0.018027370689655174,-0.004990301724137931,0.004636637931034483,0.011429741379310345,0.015601724137931035,0.01750086206896552,0.018152370689655174,0.018447629310344826,0.01864073275862069,0.018780387931034485,0.018982327586206896,0.019094827586206897,0.019091594827586208,0.019267887931034483,0.01935387931034483,0.019342672413793106,0.01940991379310345,0.01949181034482759,0.01964439655172414,0.019628879310344828,0.019673491379310345,0.0197375,0.01987801724137931,0.019857543103448276,0.019911853448275865,0.019989870689655173,0.020018318965517243,0.02007456896551724,0.020123706896551723]},"cell_dimension":{"value":0.0464,"unit":"cm2"},"sweep_direction":{"unit":"","value":"Forward"},"key":"Forward 162 OLAI + OA 30S_20230811"},{"sample_area":{"value":0.0464,"unit":"cm2"},"irradiance":{"value":1,"unit":""},"pre_sweep_delay":{"value":1,"unit":""},"bias_direction":{"value":0,"unit":""},"max_reverse_bias":{"value":-0.2,"unit":""},"max_forward_bias":{"value":1.3,"unit":""},"num_sweep_points":{"value":31,"unit":""},"dwell_time":{"value":0,"unit":""},"current_limit":{"value":100,"unit":""},"pviv_10a_i_amp":{"value":0,"unit":""},"average":{"value":1,"unit":""},"dark_current":{"value":0,"unit":""},"rshunt_v_lo":{"value":-0.2,"unit":""},"rshunt_v_hi":{"value":0.2,"unit":""},"voc":{"value":1.14966881,"unit":"V"},"isc":{"value":0.00099735,"unit":"A"},"jsc":{"value":21.49460956,"unit":"mA\/cm2"},"imax":{"value":0.0009246,"unit":"A"},"vmax":{"value":0.9525336,"unit":"V"},"pmax":{"value":0.8807143,"unit":"mW"},"fill_factor":{"value":76.8095,"unit":"%"},"efficiency":{"value":18.9809,"unit":"%"},"r_at_voc":{"value":123.95083,"unit":""},"r_at_isc":{"value":42431.658,"unit":""},"power":{"value":0.00105275,"unit":"W"},"rshunt":{"value":"NaN","unit":"ohm"},"cell_temp_start":{"value":"NaN","unit":""},"cell_temp_end":{"value":"NaN","unit":""},"exposure":{"value":3.971,"unit":""},"time":{"value":"17:29:49","unit":""},"date":{"value":"08\/11\/2023","unit":""},"V":{"value":[1.3,1.25,1.2,1.15,1.1,1.05,1,0.95,0.9,0.85,0.8,0.75,0.7,0.65,0.6,0.55,0.5,0.45,0.4,0.35,0.3,0.25,0.2,0.15,0.1,0.05,0,-0.05,-0.1,-0.15,-0.2],"unit":"V"},"I":{"value":[-0.00210323,-0.00121582,-0.00052872,-2.67e-6,0.00040071,0.00068806,0.00085015,0.000927,0.00095527,0.00096522,0.00096995,0.00097339,0.00097754,0.00097988,0.00098041,0.00098424,0.0009846,0.00098593,0.00098846,0.00098857,0.00098999,0.00099126,0.00099277,0.00099394,0.00099457,0.00099586,0.00099716,0.00100143,0.00099971,0.00099971,0.00100147],"unit":"A"},"J":{"unit":"A\/cm2","value":[-0.0453282327586207,-0.026203017241379314,-0.011394827586206897,-5.754310344827586e-5,0.008635991379310344,0.01482887931034483,0.01832219827586207,0.01997844827586207,0.02058771551724138,0.020802155172413794,0.02090409482758621,0.02097823275862069,0.021067672413793107,0.021118103448275864,0.021129525862068965,0.021212068965517243,0.0212198275862069,0.02124849137931035,0.021303017241379313,0.021305387931034484,0.02133599137931035,0.02136336206896552,0.021395905172413795,0.021421120689655175,0.021434698275862068,0.021462500000000002,0.02149051724137931,0.021582543103448277,0.021545474137931037,0.021545474137931037,0.021583405172413795]},"cell_dimension":{"value":0.0464,"unit":"cm2"},"sweep_direction":{"unit":"","value":"Forward"},"key":"Forward 161 OLAI + OA 30S_20230811"},{"sample_area":{"value":0.0464,"unit":"cm2"},"irradiance":{"value":1,"unit":""},"pre_sweep_delay":{"value":1,"unit":""},"bias_direction":{"value":0,"unit":""},"max_reverse_bias":{"value":-0.2,"unit":""},"max_forward_bias":{"value":1.3,"unit":""},"num_sweep_points":{"value":31,"unit":""},"dwell_time":{"value":0,"unit":""},"current_limit":{"value":100,"unit":""},"pviv_10a_i_amp":{"value":0,"unit":""},"average":{"value":1,"unit":""},"dark_current":{"value":0,"unit":""},"rshunt_v_lo":{"value":-0.2,"unit":""},"rshunt_v_hi":{"value":0.2,"unit":""},"voc":{"value":1.12931736,"unit":"V"},"isc":{"value":0.00102812,"unit":"A"},"jsc":{"value":22.15771767,"unit":"mA\/cm2"},"imax":{"value":0.00096183,"unit":"A"},"vmax":{"value":0.92833799,"unit":"V"},"pmax":{"value":0.89290293,"unit":"mW"},"fill_factor":{"value":76.9033,"unit":"%"},"efficiency":{"value":19.2436,"unit":"%"},"r_at_voc":{"value":118.279646,"unit":""},"r_at_isc":{"value":60299.745,"unit":""},"power":{"value":0.0010673,"unit":"W"},"rshunt":{"value":"NaN","unit":"ohm"},"cell_temp_start":{"value":"NaN","unit":""},"cell_temp_end":{"value":"NaN","unit":""},"exposure":{"value":3.731,"unit":""},"time":{"value":"17:29:02","unit":""},"date":{"value":"08\/11\/2023","unit":""},"V":{"value":[1.3,1.25,1.2,1.15,1.1,1.05,1,0.95,0.9,0.85,0.8,0.75,0.7,0.65,0.6,0.55,0.5,0.45,0.4,0.35,0.3,0.25,0.2,0.15,0.1,0.05,0,-0.05,-0.1,-0.15,-0.2],"unit":"V"},"I":{"value":[-0.00190213,-0.00124466,-0.00067838,-0.00017486,0.00024786,0.00058424,0.00081289,0.00093393,0.00098386,0.00099994,0.00100731,0.00101101,0.00101419,0.00101609,0.00101781,0.00101828,0.00102062,0.00102111,0.00102117,0.00102251,0.00102333,0.0010241,0.00102425,0.00102528,0.00102672,0.00102671,0.00102794,0.00103114,0.00102969,0.00103014,0.00103088],"unit":"A"},"J":{"unit":"A\/cm2","value":[-0.04099418103448276,-0.026824568965517246,-0.014620258620689656,-0.003768534482758621,0.005341810344827586,0.012591379310344828,0.017519181034482762,0.020127801724137934,0.021203879310344828,0.02155043103448276,0.02170926724137931,0.021789008620689655,0.021857543103448278,0.02189849137931035,0.02193556034482759,0.021945689655172417,0.021996120689655174,0.02200668103448276,0.022007974137931038,0.022036853448275863,0.022054525862068967,0.022071120689655173,0.022074353448275862,0.022096551724137933,0.022127586206896553,0.022127370689655174,0.022153879310344828,0.02222284482758621,0.02219159482758621,0.022201293103448275,0.02221724137931035]},"cell_dimension":{"value":0.0464,"unit":"cm2"},"sweep_direction":{"unit":"","value":"Forward"},"key":"Forward 154 OLAI + OA 30S_20230811"},{"sample_area":{"value":0.0464,"unit":"cm2"},"irradiance":{"value":1,"unit":""},"pre_sweep_delay":{"value":1,"unit":""},"bias_direction":{"value":0,"unit":""},"max_reverse_bias":{"value":-0.2,"unit":""},"max_forward_bias":{"value":1.3,"unit":""},"num_sweep_points":{"value":31,"unit":""},"dwell_time":{"value":0,"unit":""},"current_limit":{"value":100,"unit":""},"pviv_10a_i_amp":{"value":0,"unit":""},"average":{"value":1,"unit":""},"dark_current":{"value":0,"unit":""},"rshunt_v_lo":{"value":-0.2,"unit":""},"rshunt_v_hi":{"value":0.2,"unit":""},"voc":{"value":1.12722683,"unit":"V"},"isc":{"value":0.00101595,"unit":"A"},"jsc":{"value":21.89556563,"unit":"mA\/cm2"},"imax":{"value":0.00094787,"unit":"A"},"vmax":{"value":0.92673744,"unit":"V"},"pmax":{"value":0.87842862,"unit":"mW"},"fill_factor":{"value":76.7045,"unit":"%"},"efficiency":{"value":18.9317,"unit":"%"},"r_at_voc":{"value":115.648757,"unit":""},"r_at_isc":{"value":53352.993,"unit":""},"power":{"value":0.00105167,"unit":"W"},"rshunt":{"value":"NaN","unit":"ohm"},"cell_temp_start":{"value":"NaN","unit":""},"cell_temp_end":{"value":"NaN","unit":""},"exposure":{"value":3.725,"unit":""},"time":{"value":"17:28:37","unit":""},"date":{"value":"08\/11\/2023","unit":""},"V":{"value":[1.3,1.25,1.2,1.15,1.1,1.05,1,0.95,0.9,0.85,0.8,0.75,0.7,0.65,0.6,0.55,0.5,0.45,0.4,0.35,0.3,0.25,0.2,0.15,0.1,0.05,0,-0.05,-0.1,-0.15,-0.2],"unit":"V"},"I":{"value":[-0.00197517,-0.00129567,-0.00071446,-0.00019692,0.00023543,0.00057215,0.00079661,0.00091799,0.00096894,0.00098627,0.00099204,0.00099526,0.0009998,0.00100161,0.00100297,0.00100461,0.00100641,0.00100722,0.00100811,0.00100845,0.0010105,0.00101123,0.001012,0.00101296,0.00101422,0.00101423,0.00101593,0.00101869,0.00101791,0.0010179,0.00101961],"unit":"A"},"J":{"unit":"A\/cm2","value":[-0.04256831896551724,-0.027923922413793108,-0.015397844827586207,-0.00424396551724138,0.005073922413793104,0.012330818965517243,0.01716831896551724,0.019784267241379314,0.020882327586206898,0.021255818965517242,0.021380172413793107,0.02144956896551724,0.02154741379310345,0.021586422413793105,0.02161573275862069,0.021651077586206897,0.021689870689655173,0.0217073275862069,0.021726508620689658,0.02173383620689655,0.02177801724137931,0.02179375,0.02181034482758621,0.021831034482758624,0.021858189655172413,0.021858405172413796,0.021895043103448277,0.021954525862068967,0.021937715517241378,0.021937500000000002,0.021974353448275863]},"cell_dimension":{"value":0.0464,"unit":"cm2"},"sweep_direction":{"unit":"","value":"Forward"},"key":"Forward 153 OLAI + OA 30S_20230811"},{"sample_area":{"value":0.0464,"unit":"cm2"},"irradiance":{"value":1,"unit":""},"pre_sweep_delay":{"value":1,"unit":""},"bias_direction":{"value":0,"unit":""},"max_reverse_bias":{"value":-0.2,"unit":""},"max_forward_bias":{"value":1.3,"unit":""},"num_sweep_points":{"value":31,"unit":""},"dwell_time":{"value":0,"unit":""},"current_limit":{"value":100,"unit":""},"pviv_10a_i_amp":{"value":0,"unit":""},"average":{"value":1,"unit":""},"dark_current":{"value":0,"unit":""},"rshunt_v_lo":{"value":-0.2,"unit":""},"rshunt_v_hi":{"value":0.2,"unit":""},"voc":{"value":1.12889819,"unit":"V"},"isc":{"value":0.00099179,"unit":"A"},"jsc":{"value":21.3748567,"unit":"mA\/cm2"},"imax":{"value":0.00091539,"unit":"A"},"vmax":{"value":0.92592831,"unit":"V"},"pmax":{"value":0.8475838,"unit":"mW"},"fill_factor":{"value":75.7019,"unit":"%"},"efficiency":{"value":18.2669,"unit":"%"},"r_at_voc":{"value":118.688276,"unit":""},"r_at_isc":{"value":33256.219,"unit":""},"power":{"value":0.001021,"unit":"W"},"rshunt":{"value":"NaN","unit":"ohm"},"cell_temp_start":{"value":"NaN","unit":""},"cell_temp_end":{"value":"NaN","unit":""},"exposure":{"value":3.738,"unit":""},"time":{"value":"17:28:12","unit":""},"date":{"value":"08\/11\/2023","unit":""},"V":{"value":[1.3,1.25,1.2,1.15,1.1,1.05,1,0.95,0.9,0.85,0.8,0.75,0.7,0.65,0.6,0.55,0.5,0.45,0.4,0.35,0.3,0.25,0.2,0.15,0.1,0.05,0,-0.05,-0.1,-0.15,-0.2],"unit":"V"},"I":{"value":[-0.00202248,-0.00129968,-0.00070403,-0.00017779,0.00024348,0.00055632,0.0007686,0.00088485,0.00093472,0.00094968,0.00095794,0.00096271,0.00096802,0.00096897,0.00097124,0.0009755,0.00097755,0.00097737,0.00097908,0.00098187,0.00098324,0.00098372,0.00098566,0.00098717,0.00098819,0.00099008,0.00099067,0.00099811,0.00099336,0.00099592,0.00099706],"unit":"A"},"J":{"unit":"A\/cm2","value":[-0.04358793103448277,-0.02801034482758621,-0.015173060344827587,-0.0038316810344827586,0.005247413793103449,0.011989655172413793,0.016564655172413796,0.019070043103448276,0.0201448275862069,0.020467241379310344,0.020645258620689656,0.02074806034482759,0.020862500000000003,0.020882974137931037,0.020931896551724137,0.021023706896551725,0.021067887931034483,0.021064008620689655,0.02110086206896552,0.021160991379310344,0.02119051724137931,0.021200862068965518,0.021242672413793105,0.021275215517241382,0.02129719827586207,0.021337931034482758,0.021350646551724136,0.021510991379310347,0.021408620689655173,0.021463793103448276,0.021488362068965518]},"cell_dimension":{"value":0.0464,"unit":"cm2"},"sweep_direction":{"unit":"","value":"Forward"},"key":"Forward 152 OLAI + OA 30S_20230811"},{"sample_area":{"value":0.0464,"unit":"cm2"},"irradiance":{"value":1,"unit":""},"pre_sweep_delay":{"value":1,"unit":""},"bias_direction":{"value":0,"unit":""},"max_reverse_bias":{"value":-0.2,"unit":""},"max_forward_bias":{"value":1.3,"unit":""},"num_sweep_points":{"value":31,"unit":""},"dwell_time":{"value":0,"unit":""},"current_limit":{"value":100,"unit":""},"pviv_10a_i_amp":{"value":0,"unit":""},"average":{"value":1,"unit":""},"dark_current":{"value":0,"unit":""},"rshunt_v_lo":{"value":-0.2,"unit":""},"rshunt_v_hi":{"value":0.2,"unit":""},"voc":{"value":1.14257097,"unit":"V"},"isc":{"value":0.00100101,"unit":"A"},"jsc":{"value":21.57343325,"unit":"mA\/cm2"},"imax":{"value":0.0009288,"unit":"A"},"vmax":{"value":0.92200421,"unit":"V"},"pmax":{"value":0.856355,"unit":"mW"},"fill_factor":{"value":74.8744,"unit":"%"},"efficiency":{"value":18.4559,"unit":"%"},"r_at_voc":{"value":148.070015,"unit":""},"r_at_isc":{"value":46013.823,"unit":""},"power":{"value":0.00103786,"unit":"W"},"rshunt":{"value":"NaN","unit":"ohm"},"cell_temp_start":{"value":"NaN","unit":""},"cell_temp_end":{"value":"NaN","unit":""},"exposure":{"value":3.9,"unit":""},"time":{"value":"17:27:36","unit":""},"date":{"value":"08\/11\/2023","unit":""},"V":{"value":[1.3,1.25,1.2,1.15,1.1,1.05,1,0.95,0.9,0.85,0.8,0.75,0.7,0.65,0.6,0.55,0.5,0.45,0.4,0.35,0.3,0.25,0.2,0.15,0.1,0.05,0,-0.05,-0.1,-0.15,-0.2],"unit":"V"},"I":{"value":[-0.0015527,-0.00096112,-0.00044349,-5.017e-5,0.00028751,0.00057473,0.00077443,0.00089241,0.00094689,0.00096718,0.00097545,0.00097729,0.00098108,0.00098275,0.00098406,0.00098817,0.00098959,0.00098951,0.00099111,0.00099257,0.00099379,0.00099517,0.00099782,0.00099729,0.00099874,0.00099999,0.00100215,0.00100208,0.00100386,0.00100323,0.00100502],"unit":"A"},"J":{"unit":"A\/cm2","value":[-0.03346336206896552,-0.020713793103448275,-0.009557974137931035,-0.0010812500000000002,0.006196336206896552,0.012386422413793103,0.01669030172413793,0.019232974137931035,0.02040711206896552,0.02084439655172414,0.021022629310344827,0.021062284482758622,0.021143965517241382,0.021179956896551725,0.021208189655172415,0.021296767241379314,0.021327370689655175,0.021325646551724142,0.021360129310344828,0.021391594827586208,0.021417887931034486,0.021447629310344832,0.021504741379310344,0.021493318965517243,0.02152456896551724,0.02155150862068966,0.02159806034482759,0.021596551724137932,0.021634913793103453,0.02162133620689655,0.021659913793103447]},"cell_dimension":{"value":0.0464,"unit":"cm2"},"sweep_direction":{"unit":"","value":"Forward"},"key":"Forward 151 OLAI + OA 30S_20230811"}]}}