{"_id":"655ac68e7964ad10715fd344","id":"JBNU-SC-00359","author":98,"group":10,"input":[{"tco":{"unit":"","value":"ITO"}},{"htl":[{"material":{"unit":"","value":"NiO_Sputter"},"concentration":{"unit":"","value":"None"},"conc_unit":{"unit":"","value":"None"},"quantity":{"unit":"ml","value":"None"}}],"solvent":[{"material":{"unit":"","value":"None"},"volume":{"unit":"ml","value":"None"}},{"material":{"unit":"","value":"None"},"volume":{"unit":"ml","value":"None"}}],"htl_doping":[{"material":{"unit":"","value":"None"},"volume":{"unit":"ul","value":"None"}}],"spin_coating":[{"type":{"unit":"","value":"None"},"rpm":{"unit":"","value":"None"},"time":{"unit":"s","value":"None"}}],"vacuum_suction":[{"unit":"s","value":"None"}],"annealing":[{"temperature":{"unit":"oC","value":"300"},"time":{"unit":"m","value":"30"}}],"module":[{"type":{"unit":"","value":"None"},"gap":{"unit":"um","value":"None"},"coating_speed":{"unit":"mm\/s","value":"None"},"feeding_amount":{"unit":"ul","value":"None"}}],"thermal_evaporation":[{"vacuum_evaporation_thickness":{"unit":"nm","value":"None"},"evaporation_rate":{"unit":"\u00c5\/s","value":"None"},"vacuum_pressure":{"unit":"uTorr","value":"None"}}]},{"htl_treatment":[{"material":{"unit":"","value":"MeO-2PACz"},"concentration":{"unit":"","value":"0.33"},"conc_unit":{"unit":"","value":"mg\/ml"},"quantity":{"unit":"ml","value":"1"}}],"solvent":[{"material":{"unit":"","value":"Ethanol"},"volume":{"unit":"ml","value":"1"}},{"material":{"unit":"","value":"None"},"volume":{"unit":"ml","value":"None"}}],"spin_coating":[{"type":{"unit":"","value":"drop&run"},"rpm":{"unit":"","value":"3000"},"time":{"unit":"s","value":"50"}}],"vacuum_suction":[{"unit":"s","value":"None"}],"annealing":[{"temperature":{"unit":"oC","value":"None"},"time":{"unit":"m","value":"None"}}],"module":[{"type":{"unit":"","value":"None"},"gap":{"unit":"um","value":"None"},"coating_speed":{"unit":"mm\/s","value":"None"},"feeding_amount":{"unit":"ul","value":"None"}}],"thermal_evaporation":[{"vacuum_evaporation_thickness":{"unit":"nm","value":"None"},"evaporation_rate":{"unit":"\u00c5\/s","value":"None"},"vacuum_pressure":{"unit":"uTorr","value":"None"}}]},{"perovskite":{"method":{"unit":"","value":"1-step"},"molarity":{"unit":"M","value":"1.45"},"a_site":[{"material":{"unit":"","value":"Cs"},"ratio":{"unit":"","value":"0.175"}},{"material":{"unit":"","value":"FA"},"ratio":{"unit":"","value":"0.825"}}],"b_site":[{"material":{"unit":"","value":"Pb"},"ratio":{"unit":"","value":"1"}},{"material":{"unit":"","value":"None"},"ratio":{"unit":"","value":"0"}}],"x_site":[{"material":{"unit":"","value":"I"},"ratio":{"unit":"","value":"2.55"}},{"material":{"unit":"","value":"Br"},"ratio":{"unit":"","value":"0.45"}}],"solvent":[{"material":{"unit":"","value":"DMF"},"volume":{"unit":"ml","value":"0.8"}},{"material":{"unit":"","value":"DMSO"},"volume":{"unit":"ml","value":"0.2"}}],"additive":[{"material":{"unit":"","value":"None"},"solvent":{"unit":"","value":"None"},"concentration":{"unit":"","value":"None"},"conc_unit":{"unit":"","value":"None"},"quantity":{"unit":"mol%","value":"None"}}],"stirring_time":[{"unit":"m","value":"120"}],"antisolvent":[{"material":{"unit":"","value":"None"},"quantity":{"unit":"ul","value":"None"},"dripping_time":{"unit":"s","value":"None"}}],"spin_coating":[{"type":{"unit":"","value":"drop&run"},"rpm":{"unit":"","value":"4000"},"time":{"unit":"s","value":"10"}}],"vacuum_suction":[{"unit":"s","value":"60"}],"annealing":[{"temperature":{"unit":"oC","value":"100"},"time":{"unit":"m","value":"30"}}],"atmosphere":[{"type":{"unit":"","value":"N2"},"temperature":{"unit":"oC","value":"28"},"humidity":{"unit":"RH%","value":"0"}}],"assist":[{"type":{"unit":"","value":"None"},"temperature":{"unit":"oC","value":"None"},"assist_start_time":{"value":null,"unit":"s"},"total_assist_time":{"value":"None","unit":"s"}}],"module":[{"type":{"unit":"","value":"None"},"gap":{"unit":"um","value":"None"},"coating_speed":{"unit":"mm\/s","value":"None"},"feeding_amount":{"unit":"ul","value":"None"}}],"thermal_evaporation":[{"vacuum_evaporation_thickness":{"unit":"nm","value":"None"},"evaporation_rate":{"unit":"\u00c5\/s","value":"None"},"vacuum_pressure":{"unit":"uTorr","value":"None"}}]}},{"perovskite_treatment":[{"material":{"unit":"","value":"OA"},"concentration":{"unit":"","value":"None"},"conc_unit":{"unit":"","value":"None"},"quantity":{"unit":"ml","value":"0.1"}}],"solvent":[{"material":{"unit":"","value":"None"},"volume":{"unit":"ml","value":"None"}},{"material":{"unit":"","value":"None"},"volume":{"unit":"ml","value":"None"}}],"spin_coating":[{"type":{"unit":"","value":"None"},"rpm":{"unit":"","value":"None"},"time":{"unit":"s","value":"None"}}],"vacuum_suction":[{"unit":"s","value":"None"}],"annealing":[{"temperature":{"unit":"oC","value":"0"},"time":{"unit":"m","value":"0.5"}}],"module":[{"type":{"unit":"","value":"None"},"gap":{"unit":"um","value":"None"},"coating_speed":{"unit":"mm\/s","value":"None"},"feeding_amount":{"unit":"ul","value":"None"}}],"thermal_evaporation":[{"vacuum_evaporation_thickness":{"unit":"nm","value":"None"},"evaporation_rate":{"unit":"\u00c5\/s","value":"None"},"vacuum_pressure":{"unit":"uTorr","value":"None"}}]},{"etl":[{"material":{"unit":"","value":"C60"},"concentration":{"unit":"","value":"None"},"conc_unit":{"unit":"","value":"None"},"quantity":{"unit":"ml","value":"None"}}],"solvent":[{"material":{"unit":"","value":"None"},"volume":{"unit":"ml","value":"None"}},{"material":{"unit":"","value":"None"},"volume":{"unit":"ml","value":"None"}}],"spin_coating":[{"type":{"unit":"","value":"None"},"rpm":{"unit":"","value":"None"},"time":{"unit":"s","value":"None"}}],"vacuum_suction":[{"unit":"s","value":"None"}],"annealing":[{"temperature":{"unit":"oC","value":"None"},"time":{"unit":"m","value":"None"}}],"etl_doping":[{"material":{"unit":"","value":"None"},"volume":{"unit":"ul","value":"None"}}],"module":[{"type":{"unit":"","value":"None"},"gap":{"unit":"um","value":"None"},"coating_speed":{"unit":"mm\/s","value":"None"},"feeding_amount":{"unit":"ul","value":"None"}}],"thermal_evaporation":[{"vacuum_evaporation_thickness":{"unit":"nm","value":"30"},"evaporation_rate":{"unit":"\u00c5\/s","value":"0.6"},"vacuum_pressure":{"unit":"uTorr","value":"2x10-6"}}]},{"blocking_buffer_layer":[{"material":{"unit":"","value":"BCP"},"concentration":{"unit":"","value":"None"},"conc_unit":{"unit":"","value":"None"},"quantity":{"unit":"ml","value":"None"}}],"solvent":[{"material":{"unit":"","value":"None"},"volume":{"unit":"ml","value":"None"}},{"material":{"unit":"","value":"None"},"volume":{"unit":"ml","value":"None"}}],"spin_coating":[{"type":{"unit":"","value":"None"},"rpm":{"unit":"","value":"None"},"time":{"unit":"s","value":"None"}}],"vacuum_suction":[{"unit":"s","value":"0"}],"annealing":[{"temperature":{"unit":"oC","value":"None"},"time":{"unit":"m","value":"None"}}],"module":[{"type":{"unit":"","value":"None"},"gap":{"unit":"um","value":"None"},"coating_speed":{"unit":"mm\/s","value":"None"},"feeding_amount":{"unit":"ul","value":"None"}}],"thermal_evaporation":[{"vacuum_evaporation_thickness":{"unit":"nm","value":"6"},"evaporation_rate":{"unit":"\u00c5\/s","value":"0.6"},"vacuum_pressure":{"unit":"uTorr","value":"2x10-6"}}]},{"anode_metal":{"unit":"","value":"Ag"}},{"note":{"unit":"","value":"-"},"ar":{"unit":"","value":"0"},"type":{"unit":"","value":"unit_cell"},"device_type":{"unit":"","value":"p-i-n"},"temperature":{"unit":"\u2103","value":"25"},"humidity":{"unit":"%","value":"40"},"cell_dimension":{"unit":"cm2","value":"0.0464"}}],"fileinfo":[{"key":"Forward 133 OA 30S_20230809","uploadType":"JV","original_name":"Forward 133 OA 30S_20230809-184436.txt","save_name":"JBNU-SC-00359\/Forward 133 OA 30S_20230809","uploader":98,"fileType":""},{"key":"Forward 134 OA 30S_20230809","uploadType":"JV","original_name":"Forward 134 OA 30S_20230809-184454.txt","save_name":"JBNU-SC-00359\/Forward 134 OA 30S_20230809","uploader":98,"fileType":""},{"key":"Forward 141 OA 30S_20230809","uploadType":"JV","original_name":"Forward 141 OA 30S_20230809-184548.txt","save_name":"JBNU-SC-00359\/Forward 141 OA 30S_20230809","uploader":98,"fileType":""},{"key":"Forward 142 OA 30S_20230809","uploadType":"JV","original_name":"Forward 142 OA 30S_20230809-184624.txt","save_name":"JBNU-SC-00359\/Forward 142 OA 30S_20230809","uploader":98,"fileType":""},{"key":"Forward 143 OA 30S_20230809","uploadType":"JV","original_name":"Forward 143 OA 30S_20230809-184643.txt","save_name":"JBNU-SC-00359\/Forward 143 OA 30S_20230809","uploader":98,"fileType":""},{"key":"Forward 144 OA 30S_20230809","uploadType":"JV","original_name":"Forward 144 OA 30S_20230809-184702.txt","save_name":"JBNU-SC-00359\/Forward 144 OA 30S_20230809","uploader":98,"fileType":""},{"key":"Forward 131 OA 30S_20230809","uploadType":"JV","original_name":"Forward 131 OA 30S_20230809-184354.txt","save_name":"JBNU-SC-00359\/Forward 131 OA 30S_20230809","uploader":98,"fileType":""},{"key":"Forward 132 OA 30S_20230809","uploadType":"JV","original_name":"Forward 132 OA 30S_20230809-184419.txt","save_name":"JBNU-SC-00359\/Forward 132 OA 30S_20230809","uploader":98,"fileType":""}],"jvcnt":8,"updated_at":"2024-08-07 02:33:50","created_at":"2023-11-20 02:38:06","analysisInfo":{"JV":[{"efficiency":18.0745,"fill_factor":74.341,"jsc":21.73579638,"voc":1.11856644,"key":"Forward 144 OA 30S_20230809","cell_dimension":0.0464},{"efficiency":17.725,"fill_factor":73.4903,"jsc":21.50473501,"voc":1.12155589,"key":"Forward 143 OA 30S_20230809","cell_dimension":0.0464},{"efficiency":18.5648,"fill_factor":75.4452,"jsc":21.82415635,"voc":1.12750944,"key":"Forward 142 OA 30S_20230809","cell_dimension":0.0464},{"efficiency":19.0147,"fill_factor":74.9212,"jsc":22.20968593,"voc":1.1427242,"key":"Forward 141 OA 30S_20230809","cell_dimension":0.0464},{"efficiency":16.5898,"fill_factor":70.895,"jsc":21.1868906,"voc":1.10448055,"key":"Forward 134 OA 30S_20230809","cell_dimension":0.0464},{"efficiency":19.0041,"fill_factor":75.4373,"jsc":22.47218241,"voc":1.12102701,"key":"Forward 133 OA 30S_20230809","cell_dimension":0.0464},{"efficiency":18.5103,"fill_factor":75.1733,"jsc":22.1528223,"voc":1.11152805,"key":"Forward 132 OA 30S_20230809","cell_dimension":0.0464},{"efficiency":18.5625,"fill_factor":72.6643,"jsc":22.46723981,"voc":1.13701498,"key":"Forward 131 OA 30S_20230809","cell_dimension":0.0464}]},"public":2,"analysis":{"JV":[{"sample_area":{"value":0.0464,"unit":"cm2"},"irradiance":{"value":1,"unit":""},"pre_sweep_delay":{"value":1,"unit":""},"bias_direction":{"value":0,"unit":""},"max_reverse_bias":{"value":-0.2,"unit":""},"max_forward_bias":{"value":1.3,"unit":""},"num_sweep_points":{"value":31,"unit":""},"dwell_time":{"value":0,"unit":""},"current_limit":{"value":100,"unit":""},"pviv_10a_i_amp":{"value":0,"unit":""},"average":{"value":1,"unit":""},"dark_current":{"value":0,"unit":""},"rshunt_v_lo":{"value":-0.2,"unit":""},"rshunt_v_hi":{"value":0.2,"unit":""},"voc":{"value":1.11856644,"unit":"V"},"isc":{"value":0.00100854,"unit":"A"},"jsc":{"value":21.73579638,"unit":"mA\/cm2"},"imax":{"value":0.00090604,"unit":"A"},"vmax":{"value":0.92562463,"unit":"V"},"pmax":{"value":0.83865531,"unit":"mW"},"fill_factor":{"value":74.341,"unit":"%"},"efficiency":{"value":18.0745,"unit":"%"},"r_at_voc":{"value":83.696142,"unit":""},"r_at_isc":{"value":22884.276,"unit":""},"power":{"value":0.00102725,"unit":"W"},"rshunt":{"value":"NaN","unit":"ohm"},"cell_temp_start":{"value":"NaN","unit":""},"cell_temp_end":{"value":"NaN","unit":""},"exposure":{"value":3.731,"unit":""},"time":{"value":"18:47:02","unit":""},"date":{"value":"08\/09\/2023","unit":""},"V":{"value":[1.3,1.25,1.2,1.15,1.1,1.05,1,0.95,0.9,0.85,0.8,0.75,0.7,0.65,0.6,0.55,0.5,0.45,0.4,0.35,0.3,0.25,0.2,0.15,0.1,0.05,0,-0.05,-0.1,-0.15,-0.2],"unit":"V"},"I":{"value":[-0.00318573,-0.0020346,-0.00107395,-0.00037557,0.00022183,0.00056715,0.00076795,0.00087662,0.00092641,0.00094915,0.00096342,0.00096826,0.00097284,0.000976,0.00098351,0.0009827,0.00098376,0.00098711,0.0009885,0.00099171,0.0009985,0.00099616,0.00099768,0.00099985,0.00100598,0.00100428,0.0010107,0.0010108,0.00101422,0.00101751,0.00101424],"unit":"A"},"J":{"unit":"A\/cm2","value":[-0.06865797413793104,-0.04384913793103449,-0.023145474137931034,-0.00809418103448276,0.004780818965517242,0.012223060344827587,0.016550646551724137,0.018892672413793107,0.01996573275862069,0.020455818965517243,0.020763362068965518,0.020867672413793104,0.02096637931034483,0.02103448275862069,0.02119633620689655,0.021178879310344827,0.021201724137931036,0.021273922413793105,0.02130387931034483,0.02137306034482759,0.02151939655172414,0.02146896551724138,0.021501724137931034,0.021548491379310346,0.021680603448275864,0.02164396551724138,0.0217823275862069,0.02178448275862069,0.021858189655172413,0.021929094827586208,0.021858620689655175]},"cell_dimension":{"value":0.0464,"unit":"cm2"},"sweep_direction":{"unit":"","value":"Forward"},"key":"Forward 144 OA 30S_20230809"},{"sample_area":{"value":0.0464,"unit":"cm2"},"irradiance":{"value":1,"unit":""},"pre_sweep_delay":{"value":1,"unit":""},"bias_direction":{"value":0,"unit":""},"max_reverse_bias":{"value":-0.2,"unit":""},"max_forward_bias":{"value":1.3,"unit":""},"num_sweep_points":{"value":31,"unit":""},"dwell_time":{"value":0,"unit":""},"current_limit":{"value":100,"unit":""},"pviv_10a_i_amp":{"value":0,"unit":""},"average":{"value":1,"unit":""},"dark_current":{"value":0,"unit":""},"rshunt_v_lo":{"value":-0.2,"unit":""},"rshunt_v_hi":{"value":0.2,"unit":""},"voc":{"value":1.12155589,"unit":"V"},"isc":{"value":0.00099782,"unit":"A"},"jsc":{"value":21.50473501,"unit":"mA\/cm2"},"imax":{"value":0.00090208,"unit":"A"},"vmax":{"value":0.91170809,"unit":"V"},"pmax":{"value":0.8224377,"unit":"mW"},"fill_factor":{"value":73.4903,"unit":"%"},"efficiency":{"value":17.725,"unit":"%"},"r_at_voc":{"value":95.10958,"unit":""},"r_at_isc":{"value":24777.174,"unit":""},"power":{"value":0.00101486,"unit":"W"},"rshunt":{"value":"NaN","unit":"ohm"},"cell_temp_start":{"value":"NaN","unit":""},"cell_temp_end":{"value":"NaN","unit":""},"exposure":{"value":3.729,"unit":""},"time":{"value":"18:46:43","unit":""},"date":{"value":"08\/09\/2023","unit":""},"V":{"value":[1.3,1.25,1.2,1.15,1.1,1.05,1,0.95,0.9,0.85,0.8,0.75,0.7,0.65,0.6,0.55,0.5,0.45,0.4,0.35,0.3,0.25,0.2,0.15,0.1,0.05,0,-0.05,-0.1,-0.15,-0.2],"unit":"V"},"I":{"value":[-0.00289341,-0.0018684,-0.00103518,-0.00029907,0.00022664,0.00054511,0.00074256,0.00084971,0.00091246,0.0009368,0.00095002,0.00095851,0.00096585,0.0009695,0.00096972,0.00097218,0.00097798,0.0009806,0.00097911,0.00098286,0.00098743,0.00098614,0.00098861,0.00099091,0.00099611,0.00099442,0.00099704,0.0010011,0.00100462,0.00100276,0.00100468],"unit":"A"},"J":{"unit":"A\/cm2","value":[-0.06235797413793104,-0.04026724137931035,-0.022309913793103448,-0.006445474137931035,0.0048844827586206905,0.011748060344827588,0.01600344827586207,0.018312715517241382,0.019665086206896554,0.020189655172413796,0.02047456896551724,0.020657543103448278,0.02081573275862069,0.020894396551724138,0.020899137931034484,0.020952155172413795,0.021077155172413795,0.021133620689655176,0.021101508620689657,0.021182327586206896,0.021280818965517246,0.02125301724137931,0.021306250000000002,0.021355818965517245,0.021467887931034484,0.021431465517241382,0.021487931034482762,0.02157543103448276,0.021651293103448276,0.021611206896551723,0.021652586206896553]},"cell_dimension":{"value":0.0464,"unit":"cm2"},"sweep_direction":{"unit":"","value":"Forward"},"key":"Forward 143 OA 30S_20230809"},{"sample_area":{"value":0.0464,"unit":"cm2"},"irradiance":{"value":1,"unit":""},"pre_sweep_delay":{"value":1,"unit":""},"bias_direction":{"value":0,"unit":""},"max_reverse_bias":{"value":-0.2,"unit":""},"max_forward_bias":{"value":1.3,"unit":""},"num_sweep_points":{"value":31,"unit":""},"dwell_time":{"value":0,"unit":""},"current_limit":{"value":100,"unit":""},"pviv_10a_i_amp":{"value":0,"unit":""},"average":{"value":1,"unit":""},"dark_current":{"value":0,"unit":""},"rshunt_v_lo":{"value":-0.2,"unit":""},"rshunt_v_hi":{"value":0.2,"unit":""},"voc":{"value":1.12750944,"unit":"V"},"isc":{"value":0.00101264,"unit":"A"},"jsc":{"value":21.82415635,"unit":"mA\/cm2"},"imax":{"value":0.00092115,"unit":"A"},"vmax":{"value":0.93513811,"unit":"V"},"pmax":{"value":0.8614044,"unit":"mW"},"fill_factor":{"value":75.4452,"unit":"%"},"efficiency":{"value":18.5648,"unit":"%"},"r_at_voc":{"value":96.675373,"unit":""},"r_at_isc":{"value":25615.47,"unit":""},"power":{"value":0.00104368,"unit":"W"},"rshunt":{"value":"NaN","unit":"ohm"},"cell_temp_start":{"value":"NaN","unit":""},"cell_temp_end":{"value":"NaN","unit":""},"exposure":{"value":3.734,"unit":""},"time":{"value":"18:46:24","unit":""},"date":{"value":"08\/09\/2023","unit":""},"V":{"value":[1.3,1.25,1.2,1.15,1.1,1.05,1,0.95,0.9,0.85,0.8,0.75,0.7,0.65,0.6,0.55,0.5,0.45,0.4,0.35,0.3,0.25,0.2,0.15,0.1,0.05,0,-0.05,-0.1,-0.15,-0.2],"unit":"V"},"I":{"value":[-0.00283601,-0.00180904,-0.00097359,-0.00023264,0.00028455,0.00060913,0.00080448,0.00090437,0.00094671,0.00096505,0.0009773,0.00097977,0.00098344,0.00098635,0.00098659,0.00098867,0.0009948,0.00099653,0.00099515,0.00099741,0.00100187,0.00100049,0.00100648,0.00100486,0.00101015,0.00100832,0.00101019,0.00102199,0.00101925,0.00101637,0.00101759],"unit":"A"},"J":{"unit":"A\/cm2","value":[-0.061120905172413795,-0.03898793103448276,-0.020982543103448277,-0.005013793103448276,0.006132543103448277,0.013127801724137933,0.01733793103448276,0.01949073275862069,0.02040323275862069,0.020798491379310346,0.0210625,0.021115732758620692,0.021194827586206895,0.021257543103448278,0.021262715517241383,0.02130754310344828,0.021439655172413793,0.021476939655172417,0.02144719827586207,0.021495905172413794,0.021592025862068966,0.021562284482758622,0.021691379310344826,0.02165646551724138,0.021770474137931036,0.021731034482758625,0.021771336206896554,0.022025646551724138,0.021966594827586207,0.021904525862068966,0.021930818965517244]},"cell_dimension":{"value":0.0464,"unit":"cm2"},"sweep_direction":{"unit":"","value":"Forward"},"key":"Forward 142 OA 30S_20230809"},{"sample_area":{"value":0.0464,"unit":"cm2"},"irradiance":{"value":1,"unit":""},"pre_sweep_delay":{"value":1,"unit":""},"bias_direction":{"value":0,"unit":""},"max_reverse_bias":{"value":-0.2,"unit":""},"max_forward_bias":{"value":1.3,"unit":""},"num_sweep_points":{"value":31,"unit":""},"dwell_time":{"value":0,"unit":""},"current_limit":{"value":100,"unit":""},"pviv_10a_i_amp":{"value":0,"unit":""},"average":{"value":1,"unit":""},"dark_current":{"value":0,"unit":""},"rshunt_v_lo":{"value":-0.2,"unit":""},"rshunt_v_hi":{"value":0.2,"unit":""},"voc":{"value":1.1427242,"unit":"V"},"isc":{"value":0.00103053,"unit":"A"},"jsc":{"value":22.20968593,"unit":"mA\/cm2"},"imax":{"value":0.00093988,"unit":"A"},"vmax":{"value":0.93871731,"unit":"V"},"pmax":{"value":0.88227982,"unit":"mW"},"fill_factor":{"value":74.9212,"unit":"%"},"efficiency":{"value":19.0147,"unit":"%"},"r_at_voc":{"value":117.72068,"unit":""},"r_at_isc":{"value":30335.288,"unit":""},"power":{"value":0.00107548,"unit":"W"},"rshunt":{"value":"NaN","unit":"ohm"},"cell_temp_start":{"value":"NaN","unit":""},"cell_temp_end":{"value":"NaN","unit":""},"exposure":{"value":4.03,"unit":""},"time":{"value":"18:45:48","unit":""},"date":{"value":"08\/09\/2023","unit":""},"V":{"value":[1.3,1.25,1.2,1.15,1.1,1.05,1,0.95,0.9,0.85,0.8,0.75,0.7,0.65,0.6,0.55,0.5,0.45,0.4,0.35,0.3,0.25,0.2,0.15,0.1,0.05,0,-0.05,-0.1,-0.15,-0.2],"unit":"V"},"I":{"value":[-0.00228457,-0.00136189,-0.00062464,-6.181e-5,0.00036293,0.00068168,0.00083646,0.00092754,0.00096956,0.00099136,0.00099666,0.00100206,0.00100423,0.00100968,0.00100879,0.00101393,0.00101272,0.00101854,0.00101955,0.00101758,0.0010194,0.00102468,0.00102303,0.00102779,0.00102599,0.00102747,0.00102879,0.00103404,0.00103343,0.00103482,0.00103825],"unit":"A"},"J":{"unit":"A\/cm2","value":[-0.049236422413793106,-0.0293510775862069,-0.013462068965517241,-0.0013321120689655174,0.007821767241379311,0.014691379310344829,0.018027155172413795,0.019990086206896553,0.020895689655172415,0.02136551724137931,0.021479741379310344,0.021596120689655173,0.021642887931034485,0.02176034482758621,0.021741163793103452,0.021851939655172414,0.02182586206896552,0.021951293103448278,0.021973060344827586,0.02193060344827586,0.021969827586206896,0.022083620689655175,0.022048060344827588,0.022150646551724138,0.022111853448275865,0.02214375,0.02217219827586207,0.022285344827586206,0.02227219827586207,0.022302155172413796,0.022376077586206897]},"cell_dimension":{"value":0.0464,"unit":"cm2"},"sweep_direction":{"unit":"","value":"Forward"},"key":"Forward 141 OA 30S_20230809"},{"sample_area":{"value":0.0464,"unit":"cm2"},"irradiance":{"value":1,"unit":""},"pre_sweep_delay":{"value":1,"unit":""},"bias_direction":{"value":0,"unit":""},"max_reverse_bias":{"value":-0.2,"unit":""},"max_forward_bias":{"value":1.3,"unit":""},"num_sweep_points":{"value":31,"unit":""},"dwell_time":{"value":0,"unit":""},"current_limit":{"value":100,"unit":""},"pviv_10a_i_amp":{"value":0,"unit":""},"average":{"value":1,"unit":""},"dark_current":{"value":0,"unit":""},"rshunt_v_lo":{"value":-0.2,"unit":""},"rshunt_v_hi":{"value":0.2,"unit":""},"voc":{"value":1.10448055,"unit":"V"},"isc":{"value":0.00098307,"unit":"A"},"jsc":{"value":21.1868906,"unit":"mA\/cm2"},"imax":{"value":0.00084565,"unit":"A"},"vmax":{"value":0.91026767,"unit":"V"},"pmax":{"value":0.76976606,"unit":"mW"},"fill_factor":{"value":70.895,"unit":"%"},"efficiency":{"value":16.5898,"unit":"%"},"r_at_voc":{"value":100.472637,"unit":""},"r_at_isc":{"value":12688.903,"unit":""},"power":{"value":0.00096214,"unit":"W"},"rshunt":{"value":"NaN","unit":"ohm"},"cell_temp_start":{"value":"NaN","unit":""},"cell_temp_end":{"value":"NaN","unit":""},"exposure":{"value":3.905,"unit":""},"time":{"value":"18:44:54","unit":""},"date":{"value":"08\/09\/2023","unit":""},"V":{"value":[1.3,1.25,1.2,1.15,1.1,1.05,1,0.95,0.9,0.85,0.8,0.75,0.7,0.65,0.6,0.55,0.5,0.45,0.4,0.35,0.3,0.25,0.2,0.15,0.1,0.05,0,-0.05,-0.1,-0.15,-0.2],"unit":"V"},"I":{"value":[-0.00283863,-0.00188652,-0.00107384,-0.00045305,4.459e-5,0.00040534,0.00065973,0.0007948,0.00085453,0.00088452,0.00090149,0.00090999,0.00091723,0.00092385,0.00093244,0.00093736,0.00093939,0.00094719,0.00094988,0.00095397,0.00096075,0.00096224,0.00096678,0.00097061,0.00097513,0.00097865,0.00098512,0.00098833,0.00098964,0.00099375,0.00099944],"unit":"A"},"J":{"unit":"A\/cm2","value":[-0.061177370689655175,-0.04065775862068966,-0.023143103448275863,-0.009764008620689655,0.0009609913793103449,0.008735775862068966,0.014218318965517241,0.01712931034482759,0.01841659482758621,0.01906293103448276,0.01942866379310345,0.019611853448275863,0.019767887931034483,0.019910560344827587,0.020095689655172416,0.020201724137931035,0.020245474137931038,0.020413577586206898,0.02047155172413793,0.02055969827586207,0.020705818965517243,0.020737931034482758,0.020835775862068966,0.020918318965517244,0.021015732758620693,0.021091594827586206,0.02123103448275862,0.02130021551724138,0.02132844827586207,0.021417025862068968,0.021539655172413796]},"cell_dimension":{"value":0.0464,"unit":"cm2"},"sweep_direction":{"unit":"","value":"Forward"},"key":"Forward 134 OA 30S_20230809"},{"sample_area":{"value":0.0464,"unit":"cm2"},"irradiance":{"value":1,"unit":""},"pre_sweep_delay":{"value":1,"unit":""},"bias_direction":{"value":0,"unit":""},"max_reverse_bias":{"value":-0.2,"unit":""},"max_forward_bias":{"value":1.3,"unit":""},"num_sweep_points":{"value":31,"unit":""},"dwell_time":{"value":0,"unit":""},"current_limit":{"value":100,"unit":""},"pviv_10a_i_amp":{"value":0,"unit":""},"average":{"value":1,"unit":""},"dark_current":{"value":0,"unit":""},"rshunt_v_lo":{"value":-0.2,"unit":""},"rshunt_v_hi":{"value":0.2,"unit":""},"voc":{"value":1.12102701,"unit":"V"},"isc":{"value":0.00104271,"unit":"A"},"jsc":{"value":22.47218241,"unit":"mA\/cm2"},"imax":{"value":0.00095285,"unit":"A"},"vmax":{"value":0.92542313,"unit":"V"},"pmax":{"value":0.88179029,"unit":"mW"},"fill_factor":{"value":75.4373,"unit":"%"},"efficiency":{"value":19.0041,"unit":"%"},"r_at_voc":{"value":86.574105,"unit":""},"r_at_isc":{"value":23234.299,"unit":""},"power":{"value":0.00106798,"unit":"W"},"rshunt":{"value":"NaN","unit":"ohm"},"cell_temp_start":{"value":"NaN","unit":""},"cell_temp_end":{"value":"NaN","unit":""},"exposure":{"value":3.73,"unit":""},"time":{"value":"18:44:36","unit":""},"date":{"value":"08\/09\/2023","unit":""},"V":{"value":[1.3,1.25,1.2,1.15,1.1,1.05,1,0.95,0.9,0.85,0.8,0.75,0.7,0.65,0.6,0.55,0.5,0.45,0.4,0.35,0.3,0.25,0.2,0.15,0.1,0.05,0,-0.05,-0.1,-0.15,-0.2],"unit":"V"},"I":{"value":[-0.00292863,-0.0018897,-0.00100152,-0.00033466,0.00024288,0.00059924,0.00081398,0.00092089,0.00097295,0.00098984,0.00100174,0.00100756,0.00101227,0.00101306,0.00101466,0.0010169,0.00102241,0.00102149,0.00102333,0.00102595,0.00103135,0.00103046,0.00103293,0.00103489,0.00104007,0.00104009,0.00104194,0.00104906,0.00104707,0.00104866,0.00104961],"unit":"A"},"J":{"unit":"A\/cm2","value":[-0.06311702586206898,-0.04072629310344828,-0.021584482758620693,-0.007212500000000001,0.00523448275862069,0.012914655172413794,0.017542672413793103,0.01984676724137931,0.02096875,0.02133275862068966,0.02158922413793104,0.021714655172413794,0.02181616379310345,0.021833189655172416,0.0218676724137931,0.02191594827586207,0.02203469827586207,0.022014870689655172,0.022054525862068967,0.022110991379310347,0.022227370689655176,0.022208189655172416,0.022261422413793107,0.02230366379310345,0.022415301724137932,0.02241573275862069,0.022455603448275865,0.022609051724137935,0.02256616379310345,0.02260043103448276,0.022620905172413795]},"cell_dimension":{"value":0.0464,"unit":"cm2"},"sweep_direction":{"unit":"","value":"Forward"},"key":"Forward 133 OA 30S_20230809"},{"sample_area":{"value":0.0464,"unit":"cm2"},"irradiance":{"value":1,"unit":""},"pre_sweep_delay":{"value":1,"unit":""},"bias_direction":{"value":0,"unit":""},"max_reverse_bias":{"value":-0.2,"unit":""},"max_forward_bias":{"value":1.3,"unit":""},"num_sweep_points":{"value":31,"unit":""},"dwell_time":{"value":0,"unit":""},"current_limit":{"value":100,"unit":""},"pviv_10a_i_amp":{"value":0,"unit":""},"average":{"value":1,"unit":""},"dark_current":{"value":0,"unit":""},"rshunt_v_lo":{"value":-0.2,"unit":""},"rshunt_v_hi":{"value":0.2,"unit":""},"voc":{"value":1.11152805,"unit":"V"},"isc":{"value":0.00102789,"unit":"A"},"jsc":{"value":22.1528223,"unit":"mA\/cm2"},"imax":{"value":0.00093147,"unit":"A"},"vmax":{"value":0.9220686,"unit":"V"},"pmax":{"value":0.85887773,"unit":"mW"},"fill_factor":{"value":75.1733,"unit":"%"},"efficiency":{"value":18.5103,"unit":"%"},"r_at_voc":{"value":83.662951,"unit":""},"r_at_isc":{"value":19605.397,"unit":""},"power":{"value":0.00104098,"unit":"W"},"rshunt":{"value":"NaN","unit":"ohm"},"cell_temp_start":{"value":"NaN","unit":""},"cell_temp_end":{"value":"NaN","unit":""},"exposure":{"value":3.735,"unit":""},"time":{"value":"18:44:19","unit":""},"date":{"value":"08\/09\/2023","unit":""},"V":{"value":[1.3,1.25,1.2,1.15,1.1,1.05,1,0.95,0.9,0.85,0.8,0.75,0.7,0.65,0.6,0.55,0.5,0.45,0.4,0.35,0.3,0.25,0.2,0.15,0.1,0.05,0,-0.05,-0.1,-0.15,-0.2],"unit":"V"},"I":{"value":[-0.00313426,-0.00205196,-0.00116043,-0.00045984,0.00013779,0.00053223,0.00077204,0.00089426,0.00094926,0.00096829,0.00098006,0.00098764,0.00099199,0.00099749,0.00099861,0.00100271,0.00100392,0.00100799,0.00100903,0.00101094,0.00101267,0.00101444,0.00101707,0.00102018,0.00102211,0.00102708,0.00102961,0.00103101,0.00103166,0.00103601,0.00103692],"unit":"A"},"J":{"unit":"A\/cm2","value":[-0.06754870689655172,-0.044223275862068964,-0.025009267241379314,-0.009910344827586208,0.0029696120689655173,0.011470474137931034,0.016638793103448277,0.01927284482758621,0.020458189655172414,0.020868318965517243,0.02112198275862069,0.021285344827586206,0.02137909482758621,0.021497629310344827,0.021521767241379313,0.02161012931034483,0.021636206896551723,0.021723922413793107,0.021746336206896554,0.021787500000000005,0.02182478448275862,0.02186293103448276,0.021919612068965515,0.021986637931034485,0.02202823275862069,0.02213534482758621,0.022189870689655174,0.022220043103448276,0.02223405172413793,0.02232780172413793,0.02234741379310345]},"cell_dimension":{"value":0.0464,"unit":"cm2"},"sweep_direction":{"unit":"","value":"Forward"},"key":"Forward 132 OA 30S_20230809"},{"sample_area":{"value":0.0464,"unit":"cm2"},"irradiance":{"value":1,"unit":""},"pre_sweep_delay":{"value":1,"unit":""},"bias_direction":{"value":0,"unit":""},"max_reverse_bias":{"value":-0.2,"unit":""},"max_forward_bias":{"value":1.3,"unit":""},"num_sweep_points":{"value":31,"unit":""},"dwell_time":{"value":0,"unit":""},"current_limit":{"value":100,"unit":""},"pviv_10a_i_amp":{"value":0,"unit":""},"average":{"value":1,"unit":""},"dark_current":{"value":0,"unit":""},"rshunt_v_lo":{"value":-0.2,"unit":""},"rshunt_v_hi":{"value":0.2,"unit":""},"voc":{"value":1.13701498,"unit":"V"},"isc":{"value":0.00104248,"unit":"A"},"jsc":{"value":22.46723981,"unit":"mA\/cm2"},"imax":{"value":0.00094316,"unit":"A"},"vmax":{"value":0.91320929,"unit":"V"},"pmax":{"value":0.86130113,"unit":"mW"},"fill_factor":{"value":72.6643,"unit":"%"},"efficiency":{"value":18.5625,"unit":"%"},"r_at_voc":{"value":113.710637,"unit":""},"r_at_isc":{"value":24997.5,"unit":""},"power":{"value":0.00107042,"unit":"W"},"rshunt":{"value":"NaN","unit":"ohm"},"cell_temp_start":{"value":"NaN","unit":""},"cell_temp_end":{"value":"NaN","unit":""},"exposure":{"value":3.906,"unit":""},"time":{"value":"18:43:54","unit":""},"date":{"value":"08\/09\/2023","unit":""},"V":{"value":[1.3,1.25,1.2,1.15,1.1,1.05,1,0.95,0.9,0.85,0.8,0.75,0.7,0.65,0.6,0.55,0.5,0.45,0.4,0.35,0.3,0.25,0.2,0.15,0.1,0.05,0,-0.05,-0.1,-0.15,-0.2],"unit":"V"},"I":{"value":[-0.00200041,-0.00124818,-0.00061764,-0.00011419,0.00032552,0.00061097,0.00078918,0.00089252,0.00095534,0.0009823,0.00099869,0.00100458,0.00101046,0.00101244,0.00101617,0.00101882,0.00102103,0.00102349,0.00102819,0.00102737,0.00102915,0.00103184,0.00103657,0.00103627,0.00103806,0.00103995,0.0010434,0.00104593,0.00104717,0.00104787,0.00104905],"unit":"A"},"J":{"unit":"A\/cm2","value":[-0.043112284482758625,-0.02690043103448276,-0.013311206896551726,-0.002460991379310345,0.00701551724137931,0.013167456896551724,0.017008189655172416,0.01923534482758621,0.020589224137931038,0.021170258620689657,0.021523491379310346,0.021650431034482758,0.021777155172413794,0.0218198275862069,0.021900215517241382,0.021957327586206898,0.022004956896551728,0.022057974137931036,0.022159267241379312,0.022141594827586212,0.022179956896551726,0.02223793103448276,0.02233987068965517,0.022333405172413792,0.02237198275862069,0.02241271551724138,0.022487068965517245,0.02254159482758621,0.022568318965517243,0.022583405172413796,0.022608836206896552]},"cell_dimension":{"value":0.0464,"unit":"cm2"},"sweep_direction":{"unit":"","value":"Forward"},"key":"Forward 131 OA 30S_20230809"}]}}