{"_id":"655ac3dda4d59d307a7a8bcc","id":"JBNU-SC-00332","author":98,"group":10,"input":[{"tco":{"unit":"","value":"ITO"}},{"htl":[{"material":{"unit":"","value":"NiO_Sputter"},"concentration":{"unit":"","value":"None"},"conc_unit":{"unit":"","value":"None"},"quantity":{"unit":"ml","value":"None"}}],"solvent":[{"material":{"unit":"","value":"None"},"volume":{"unit":"ml","value":"None"}},{"material":{"unit":"","value":"None"},"volume":{"unit":"ml","value":"None"}}],"htl_doping":[{"material":{"unit":"","value":"None"},"volume":{"unit":"ul","value":"None"}}],"spin_coating":[{"type":{"unit":"","value":"None"},"rpm":{"unit":"","value":"None"},"time":{"unit":"s","value":"None"}}],"vacuum_suction":[{"unit":"s","value":"None"}],"annealing":[{"temperature":{"unit":"oC","value":"300"},"time":{"unit":"m","value":"30"}}],"module":[{"type":{"unit":"","value":"None"},"gap":{"unit":"um","value":"None"},"coating_speed":{"unit":"mm\/s","value":"None"},"feeding_amount":{"unit":"ul","value":"None"}}],"thermal_evaporation":[{"vacuum_evaporation_thickness":{"unit":"nm","value":"None"},"evaporation_rate":{"unit":"\u00c5\/s","value":"None"},"vacuum_pressure":{"unit":"uTorr","value":"None"}}]},{"htl_treatment":[{"material":{"unit":"","value":"MeO-2PACz"},"concentration":{"unit":"","value":"0.33"},"conc_unit":{"unit":"","value":"mg\/ml"},"quantity":{"unit":"ml","value":"1"}}],"solvent":[{"material":{"unit":"","value":"Ethanol"},"volume":{"unit":"ml","value":"1"}},{"material":{"unit":"","value":"None"},"volume":{"unit":"ml","value":"None"}}],"spin_coating":[{"type":{"unit":"","value":"drop&run"},"rpm":{"unit":"","value":"3000"},"time":{"unit":"s","value":"50"}}],"vacuum_suction":[{"unit":"s","value":"None"}],"annealing":[{"temperature":{"unit":"oC","value":"None"},"time":{"unit":"m","value":"None"}}],"module":[{"type":{"unit":"","value":"None"},"gap":{"unit":"um","value":"None"},"coating_speed":{"unit":"mm\/s","value":"None"},"feeding_amount":{"unit":"ul","value":"None"}}],"thermal_evaporation":[{"vacuum_evaporation_thickness":{"unit":"nm","value":"None"},"evaporation_rate":{"unit":"\u00c5\/s","value":"None"},"vacuum_pressure":{"unit":"uTorr","value":"None"}}]},{"perovskite":{"method":{"unit":"","value":"1-step"},"molarity":{"unit":"M","value":"1.45"},"a_site":[{"material":{"unit":"","value":"Cs"},"ratio":{"unit":"","value":"0.175"}},{"material":{"unit":"","value":"FA"},"ratio":{"unit":"","value":"0.825"}}],"b_site":[{"material":{"unit":"","value":"Pb"},"ratio":{"unit":"","value":"1"}},{"material":{"unit":"","value":"None"},"ratio":{"unit":"","value":"0"}}],"x_site":[{"material":{"unit":"","value":"I"},"ratio":{"unit":"","value":"2.55"}},{"material":{"unit":"","value":"Br"},"ratio":{"unit":"","value":"0.45"}}],"solvent":[{"material":{"unit":"","value":"DMF"},"volume":{"unit":"ml","value":"0.8"}},{"material":{"unit":"","value":"DMSO"},"volume":{"unit":"ml","value":"0.2"}}],"additive":[{"material":{"unit":"","value":"None"},"solvent":{"unit":"","value":"None"},"concentration":{"unit":"","value":"None"},"conc_unit":{"unit":"","value":"None"},"quantity":{"unit":"mol%","value":"None"}}],"stirring_time":[{"unit":"m","value":"120"}],"antisolvent":[{"material":{"unit":"","value":"None"},"quantity":{"unit":"ul","value":"None"},"dripping_time":{"unit":"s","value":"None"}}],"spin_coating":[{"type":{"unit":"","value":"drop&run"},"rpm":{"unit":"","value":"4000"},"time":{"unit":"s","value":"10"}}],"vacuum_suction":[{"unit":"s","value":"60"}],"annealing":[{"temperature":{"unit":"oC","value":"100"},"time":{"unit":"m","value":"30"}}],"atmosphere":[{"type":{"unit":"","value":"N2"},"temperature":{"unit":"oC","value":"28"},"humidity":{"unit":"RH%","value":"0"}}],"assist":[{"type":{"unit":"","value":"None"},"temperature":{"unit":"oC","value":"None"},"assist_start_time":{"value":null,"unit":"s"},"total_assist_time":{"value":"None","unit":"s"}}],"module":[{"type":{"unit":"","value":"None"},"gap":{"unit":"um","value":"None"},"coating_speed":{"unit":"mm\/s","value":"None"},"feeding_amount":{"unit":"ul","value":"None"}}],"thermal_evaporation":[{"vacuum_evaporation_thickness":{"unit":"nm","value":"None"},"evaporation_rate":{"unit":"\u00c5\/s","value":"None"},"vacuum_pressure":{"unit":"uTorr","value":"None"}}]}},{"perovskite_treatment":[{"material":{"unit":"","value":"None"},"concentration":{"unit":"","value":"None"},"conc_unit":{"unit":"","value":"None"},"quantity":{"unit":"ml","value":"None"}}],"solvent":[{"material":{"unit":"","value":"None"},"volume":{"unit":"ml","value":"None"}},{"material":{"unit":"","value":"None"},"volume":{"unit":"ml","value":"None"}}],"spin_coating":[{"type":{"unit":"","value":"None"},"rpm":{"unit":"","value":"None"},"time":{"unit":"s","value":"None"}}],"vacuum_suction":[{"unit":"s","value":"None"}],"annealing":[{"temperature":{"unit":"oC","value":"None"},"time":{"unit":"m","value":"None"}}],"module":[{"type":{"unit":"","value":"None"},"gap":{"unit":"um","value":"None"},"coating_speed":{"unit":"mm\/s","value":"None"},"feeding_amount":{"unit":"ul","value":"None"}}],"thermal_evaporation":[{"vacuum_evaporation_thickness":{"unit":"nm","value":"None"},"evaporation_rate":{"unit":"\u00c5\/s","value":"None"},"vacuum_pressure":{"unit":"uTorr","value":"None"}}]},{"etl":[{"material":{"unit":"","value":"C60"},"concentration":{"unit":"","value":"None"},"conc_unit":{"unit":"","value":"None"},"quantity":{"unit":"ml","value":"None"}}],"solvent":[{"material":{"unit":"","value":"None"},"volume":{"unit":"ml","value":"None"}},{"material":{"unit":"","value":"None"},"volume":{"unit":"ml","value":"None"}}],"spin_coating":[{"type":{"unit":"","value":"None"},"rpm":{"unit":"","value":"None"},"time":{"unit":"s","value":"None"}}],"vacuum_suction":[{"unit":"s","value":"None"}],"annealing":[{"temperature":{"unit":"oC","value":"None"},"time":{"unit":"m","value":"None"}}],"etl_doping":[{"material":{"unit":"","value":"None"},"volume":{"unit":"ul","value":"None"}}],"module":[{"type":{"unit":"","value":"None"},"gap":{"unit":"um","value":"None"},"coating_speed":{"unit":"mm\/s","value":"None"},"feeding_amount":{"unit":"ul","value":"None"}}],"thermal_evaporation":[{"vacuum_evaporation_thickness":{"unit":"nm","value":"30"},"evaporation_rate":{"unit":"\u00c5\/s","value":"0.6"},"vacuum_pressure":{"unit":"uTorr","value":"2x10-6"}}]},{"blocking_buffer_layer":[{"material":{"unit":"","value":"BCP"},"concentration":{"unit":"","value":"None"},"conc_unit":{"unit":"","value":"None"},"quantity":{"unit":"ml","value":"None"}}],"solvent":[{"material":{"unit":"","value":"None"},"volume":{"unit":"ml","value":"None"}},{"material":{"unit":"","value":"None"},"volume":{"unit":"ml","value":"None"}}],"spin_coating":[{"type":{"unit":"","value":"None"},"rpm":{"unit":"","value":"None"},"time":{"unit":"s","value":"None"}}],"vacuum_suction":[{"unit":"s","value":"0"}],"annealing":[{"temperature":{"unit":"oC","value":"None"},"time":{"unit":"m","value":"None"}}],"module":[{"type":{"unit":"","value":"None"},"gap":{"unit":"um","value":"None"},"coating_speed":{"unit":"mm\/s","value":"None"},"feeding_amount":{"unit":"ul","value":"None"}}],"thermal_evaporation":[{"vacuum_evaporation_thickness":{"unit":"nm","value":"6"},"evaporation_rate":{"unit":"\u00c5\/s","value":"0.6"},"vacuum_pressure":{"unit":"uTorr","value":"2x10-6"}}]},{"anode_metal":{"unit":"","value":"Ag"}},{"note":{"unit":"","value":"-"},"ar":{"unit":"","value":"0"},"type":{"unit":"","value":"unit_cell"},"device_type":{"unit":"","value":"p-i-n"},"temperature":{"unit":"\u2103","value":"25"},"humidity":{"unit":"%","value":"40"},"cell_dimension":{"unit":"cm2","value":"0.0464"}}],"fileinfo":[{"key":"Forward 22 REF_100_34H_20230727","uploadType":"JV","original_name":"Forward 22 REF_100_34H_20230727-102614.txt","save_name":"JBNU-SC-00332\/Forward 22 REF_100_34H_20230727","uploader":98,"fileType":""},{"key":"Forward 23 REF_100_34H_20230727","uploadType":"JV","original_name":"Forward 23 REF_100_34H_20230727-102647.txt","save_name":"JBNU-SC-00332\/Forward 23 REF_100_34H_20230727","uploader":98,"fileType":""},{"key":"Forward 24 REF_100_34H_20230727","uploadType":"JV","original_name":"Forward 24 REF_100_34H_20230727-102709.txt","save_name":"JBNU-SC-00332\/Forward 24 REF_100_34H_20230727","uploader":98,"fileType":""},{"key":"Forward 11 REF_34H_20230727","uploadType":"JV","original_name":"Forward 11 REF_34H_20230727-102314.txt","save_name":"JBNU-SC-00332\/Forward 11 REF_34H_20230727","uploader":98,"fileType":""},{"key":"Forward 12 REF_34H_20230727","uploadType":"JV","original_name":"Forward 12 REF_34H_20230727-102347.txt","save_name":"JBNU-SC-00332\/Forward 12 REF_34H_20230727","uploader":98,"fileType":""},{"key":"Forward 13 REF_34H_20230727","uploadType":"JV","original_name":"Forward 13 REF_34H_20230727-102404.txt","save_name":"JBNU-SC-00332\/Forward 13 REF_34H_20230727","uploader":98,"fileType":""},{"key":"Forward 14 REF_34H_20230727","uploadType":"JV","original_name":"Forward 14 REF_34H_20230727-102427.txt","save_name":"JBNU-SC-00332\/Forward 14 REF_34H_20230727","uploader":98,"fileType":""}],"jvcnt":7,"updated_at":"2024-08-07 02:33:50","created_at":"2023-11-20 02:26:37","analysisInfo":{"JV":[{"efficiency":17.6765,"fill_factor":68.7367,"jsc":23.58271277,"voc":1.09047147,"key":"Forward 24 REF_100_34H_20230727","cell_dimension":0.0464},{"efficiency":17.3174,"fill_factor":67.1985,"jsc":23.65054056,"voc":1.08964076,"key":"Forward 23 REF_100_34H_20230727","cell_dimension":0.0464},{"efficiency":17.6379,"fill_factor":67.6443,"jsc":23.79372982,"voc":1.09585591,"key":"Forward 22 REF_100_34H_20230727","cell_dimension":0.0464},{"efficiency":19.9217,"fill_factor":77.2369,"jsc":23.16602998,"voc":1.11339861,"key":"Forward 14 REF_34H_20230727","cell_dimension":0.0464},{"efficiency":19.6246,"fill_factor":76.4911,"jsc":23.05245572,"voc":1.11294441,"key":"Forward 13 REF_34H_20230727","cell_dimension":0.0464},{"efficiency":19.7747,"fill_factor":76.5494,"jsc":23.22153115,"voc":1.11244068,"key":"Forward 12 REF_34H_20230727","cell_dimension":0.0464},{"efficiency":19.9388,"fill_factor":75.9812,"jsc":23.53154389,"voc":1.11517562,"key":"Forward 11 REF_34H_20230727","cell_dimension":0.0464}]},"public":2,"analysis":{"JV":[{"sample_area":{"value":0.0464,"unit":"cm2"},"irradiance":{"value":1,"unit":""},"pre_sweep_delay":{"value":1,"unit":""},"bias_direction":{"value":0,"unit":""},"max_reverse_bias":{"value":-0.2,"unit":""},"max_forward_bias":{"value":1.3,"unit":""},"num_sweep_points":{"value":31,"unit":""},"dwell_time":{"value":0,"unit":""},"current_limit":{"value":100,"unit":""},"pviv_10a_i_amp":{"value":0,"unit":""},"average":{"value":1,"unit":""},"dark_current":{"value":0,"unit":""},"rshunt_v_lo":{"value":-0.2,"unit":""},"rshunt_v_hi":{"value":0.2,"unit":""},"voc":{"value":1.09047147,"unit":"V"},"isc":{"value":0.00109424,"unit":"A"},"jsc":{"value":23.58271277,"unit":"mA\/cm2"},"imax":{"value":0.00095025,"unit":"A"},"vmax":{"value":0.8631281,"unit":"V"},"pmax":{"value":0.82019036,"unit":"mW"},"fill_factor":{"value":68.7367,"unit":"%"},"efficiency":{"value":17.6765,"unit":"%"},"r_at_voc":{"value":140.790376,"unit":""},"r_at_isc":{"value":43728.533,"unit":""},"power":{"value":0.00106087,"unit":"W"},"rshunt":{"value":"NaN","unit":"ohm"},"cell_temp_start":{"value":"NaN","unit":""},"cell_temp_end":{"value":"NaN","unit":""},"exposure":{"value":4.145,"unit":""},"time":{"value":"10:27:09","unit":""},"date":{"value":"07\/27\/2023","unit":""},"V":{"value":[1.3,1.25,1.2,1.15,1.1,1.05,1,0.95,0.9,0.85,0.8,0.75,0.7,0.65,0.6,0.55,0.5,0.45,0.4,0.35,0.3,0.25,0.2,0.15,0.1,0.05,0,-0.05,-0.1,-0.15,-0.2],"unit":"V"},"I":{"value":[-0.00242981,-0.00167038,-0.00100441,-0.00047833,-6.768e-5,0.00028746,0.00060458,0.00079786,0.0008979,0.00096338,0.0009968,0.00102529,0.00104728,0.00106109,0.00106875,0.00107602,0.00107931,0.00108159,0.00108396,0.0010854,0.00108727,0.00108857,0.00108986,0.00108953,0.00109261,0.00109319,0.00109425,0.00109608,0.00109723,0.0010977,0.00109774],"unit":"A"},"J":{"unit":"A\/cm2","value":[-0.05236659482758621,-0.035999568965517245,-0.021646767241379313,-0.010308836206896552,-0.0014586206896551725,0.006195258620689656,0.013029741379310344,0.017195258620689654,0.019351293103448276,0.020762500000000003,0.021482758620689657,0.022096767241379316,0.022570689655172418,0.02286831896551724,0.023033405172413795,0.023190086206896554,0.023260991379310345,0.02331012931034483,0.023361206896551724,0.023392241379310348,0.023432543103448278,0.02346056034482759,0.02348836206896552,0.023481250000000002,0.023547629310344827,0.02356012931034483,0.023582974137931034,0.02362241379310345,0.02364719827586207,0.0236573275862069,0.023658189655172416]},"cell_dimension":{"value":0.0464,"unit":"cm2"},"sweep_direction":{"unit":"","value":"Forward"},"key":"Forward 24 REF_100_34H_20230727"},{"sample_area":{"value":0.0464,"unit":"cm2"},"irradiance":{"value":1,"unit":""},"pre_sweep_delay":{"value":1,"unit":""},"bias_direction":{"value":0,"unit":""},"max_reverse_bias":{"value":-0.2,"unit":""},"max_forward_bias":{"value":1.3,"unit":""},"num_sweep_points":{"value":31,"unit":""},"dwell_time":{"value":0,"unit":""},"current_limit":{"value":100,"unit":""},"pviv_10a_i_amp":{"value":0,"unit":""},"average":{"value":1,"unit":""},"dark_current":{"value":0,"unit":""},"rshunt_v_lo":{"value":-0.2,"unit":""},"rshunt_v_hi":{"value":0.2,"unit":""},"voc":{"value":1.08964076,"unit":"V"},"isc":{"value":0.00109739,"unit":"A"},"jsc":{"value":23.65054056,"unit":"mA\/cm2"},"imax":{"value":0.00093668,"unit":"A"},"vmax":{"value":0.8578503,"unit":"V"},"pmax":{"value":0.80352933,"unit":"mW"},"fill_factor":{"value":67.1985,"unit":"%"},"efficiency":{"value":17.3174,"unit":"%"},"r_at_voc":{"value":146.417133,"unit":""},"r_at_isc":{"value":34077.039,"unit":""},"power":{"value":0.00105343,"unit":"W"},"rshunt":{"value":"NaN","unit":"ohm"},"cell_temp_start":{"value":"NaN","unit":""},"cell_temp_end":{"value":"NaN","unit":""},"exposure":{"value":4.148,"unit":""},"time":{"value":"10:26:47","unit":""},"date":{"value":"07\/27\/2023","unit":""},"V":{"value":[1.3,1.25,1.2,1.15,1.1,1.05,1,0.95,0.9,0.85,0.8,0.75,0.7,0.65,0.6,0.55,0.5,0.45,0.4,0.35,0.3,0.25,0.2,0.15,0.1,0.05,0,-0.05,-0.1,-0.15,-0.2],"unit":"V"},"I":{"value":[-0.00230443,-0.0015911,-0.00098364,-0.00043594,-7.075e-5,0.00027074,0.00058563,0.00076561,0.00087376,0.00094475,0.00098136,0.00101625,0.00103779,0.00105451,0.001065,0.00107254,0.00107689,0.00108133,0.00108235,0.00108617,0.00108738,0.00109039,0.00109061,0.00109384,0.00109468,0.00109604,0.00109818,0.00110088,0.00110014,0.00110108,0.00110187],"unit":"A"},"J":{"unit":"A\/cm2","value":[-0.04966443965517242,-0.03429094827586207,-0.021199137931034485,-0.009395258620689656,-0.0015247844827586208,0.005834913793103449,0.012621336206896552,0.01650021551724138,0.01883103448275862,0.020360991379310345,0.02115,0.021901939655172415,0.02236616379310345,0.02272650862068966,0.022952586206896552,0.023115086206896555,0.023208836206896555,0.023304525862068964,0.023326508620689655,0.023408836206896554,0.02343491379310345,0.02349978448275862,0.02350452586206897,0.023574137931034484,0.023592241379310347,0.02362155172413793,0.023667672413793105,0.02372586206896552,0.023709913793103454,0.023730172413793105,0.02374719827586207]},"cell_dimension":{"value":0.0464,"unit":"cm2"},"sweep_direction":{"unit":"","value":"Forward"},"key":"Forward 23 REF_100_34H_20230727"},{"sample_area":{"value":0.0464,"unit":"cm2"},"irradiance":{"value":1,"unit":""},"pre_sweep_delay":{"value":1,"unit":""},"bias_direction":{"value":0,"unit":""},"max_reverse_bias":{"value":-0.2,"unit":""},"max_forward_bias":{"value":1.3,"unit":""},"num_sweep_points":{"value":31,"unit":""},"dwell_time":{"value":0,"unit":""},"current_limit":{"value":100,"unit":""},"pviv_10a_i_amp":{"value":0,"unit":""},"average":{"value":1,"unit":""},"dark_current":{"value":0,"unit":""},"rshunt_v_lo":{"value":-0.2,"unit":""},"rshunt_v_hi":{"value":0.2,"unit":""},"voc":{"value":1.09585591,"unit":"V"},"isc":{"value":0.00110403,"unit":"A"},"jsc":{"value":23.79372982,"unit":"mA\/cm2"},"imax":{"value":0.00095347,"unit":"A"},"vmax":{"value":0.8583415,"unit":"V"},"pmax":{"value":0.81839972,"unit":"mW"},"fill_factor":{"value":67.6443,"unit":"%"},"efficiency":{"value":17.6379,"unit":"%"},"r_at_voc":{"value":155.544325,"unit":""},"r_at_isc":{"value":38139.619,"unit":""},"power":{"value":0.0010659,"unit":"W"},"rshunt":{"value":"NaN","unit":"ohm"},"cell_temp_start":{"value":"NaN","unit":""},"cell_temp_end":{"value":"NaN","unit":""},"exposure":{"value":4.217,"unit":""},"time":{"value":"10:26:14","unit":""},"date":{"value":"07\/27\/2023","unit":""},"V":{"value":[1.3,1.25,1.2,1.15,1.1,1.05,1,0.95,0.9,0.85,0.8,0.75,0.7,0.65,0.6,0.55,0.5,0.45,0.4,0.35,0.3,0.25,0.2,0.15,0.1,0.05,0,-0.05,-0.1,-0.15,-0.2],"unit":"V"},"I":{"value":[-0.00196212,-0.00136058,-0.00083667,-0.00036011,-2.664e-5,0.00029481,0.00059245,0.00077918,0.00089508,0.00096234,0.00100279,0.00102988,0.00104921,0.00106492,0.00107332,0.0010791,0.00108484,0.00108839,0.00109022,0.00109403,0.00109584,0.00109641,0.00109884,0.00110042,0.00110206,0.00110397,0.00110414,0.00110524,0.00110703,0.001107,0.00110896],"unit":"A"},"J":{"unit":"A\/cm2","value":[-0.04228706896551724,-0.02932284482758621,-0.018031681034482758,-0.007760991379310346,-0.0005741379310344828,0.006353663793103449,0.012768318965517243,0.016792672413793105,0.019290517241379312,0.020740086206896553,0.02161185344827586,0.022195689655172414,0.022612284482758625,0.02295086206896552,0.02313189655172414,0.02325646551724138,0.0233801724137931,0.02345668103448276,0.023496120689655176,0.02357823275862069,0.023617241379310348,0.023629525862068967,0.02368189655172414,0.02371594827586207,0.023751293103448277,0.023792456896551725,0.023796120689655174,0.023819827586206897,0.023858405172413794,0.023857758620689656,0.0239]},"cell_dimension":{"value":0.0464,"unit":"cm2"},"sweep_direction":{"unit":"","value":"Forward"},"key":"Forward 22 REF_100_34H_20230727"},{"sample_area":{"value":0.0464,"unit":"cm2"},"irradiance":{"value":1,"unit":""},"pre_sweep_delay":{"value":1,"unit":""},"bias_direction":{"value":0,"unit":""},"max_reverse_bias":{"value":-0.2,"unit":""},"max_forward_bias":{"value":1.3,"unit":""},"num_sweep_points":{"value":31,"unit":""},"dwell_time":{"value":0,"unit":""},"current_limit":{"value":100,"unit":""},"pviv_10a_i_amp":{"value":0,"unit":""},"average":{"value":1,"unit":""},"dark_current":{"value":0,"unit":""},"rshunt_v_lo":{"value":-0.2,"unit":""},"rshunt_v_hi":{"value":0.2,"unit":""},"voc":{"value":1.11339861,"unit":"V"},"isc":{"value":0.0010749,"unit":"A"},"jsc":{"value":23.16602998,"unit":"mA\/cm2"},"imax":{"value":0.00099182,"unit":"A"},"vmax":{"value":0.93199611,"unit":"V"},"pmax":{"value":0.92436899,"unit":"mW"},"fill_factor":{"value":77.2369,"unit":"%"},"efficiency":{"value":19.9217,"unit":"%"},"r_at_voc":{"value":67.37956,"unit":""},"r_at_isc":{"value":84723.57,"unit":""},"power":{"value":0.00111144,"unit":"W"},"rshunt":{"value":"NaN","unit":"ohm"},"cell_temp_start":{"value":"NaN","unit":""},"cell_temp_end":{"value":"NaN","unit":""},"exposure":{"value":3.852,"unit":""},"time":{"value":"10:24:27","unit":""},"date":{"value":"07\/27\/2023","unit":""},"V":{"value":[1.3,1.25,1.2,1.15,1.1,1.05,1,0.95,0.9,0.85,0.8,0.75,0.7,0.65,0.6,0.55,0.5,0.45,0.4,0.35,0.3,0.25,0.2,0.15,0.1,0.05,0,-0.05,-0.1,-0.15,-0.2],"unit":"V"},"I":{"value":[-0.00408104,-0.00268489,-0.00146089,-0.00054321,0.00019885,0.00063573,0.00086239,0.00096935,0.00101742,0.00103519,0.00104486,0.00104983,0.00105512,0.00105788,0.00106307,0.00106344,0.00106651,0.00106802,0.00106923,0.00106984,0.00107193,0.00107085,0.00107263,0.00107297,0.00107394,0.0010752,0.0010746,0.00107564,0.00107572,0.00107709,0.00107687],"unit":"A"},"J":{"unit":"A\/cm2","value":[-0.08795344827586207,-0.05786400862068966,-0.031484698275862075,-0.011707112068965518,0.0042855603448275865,0.013701077586206898,0.018585991379310347,0.02089116379310345,0.021927155172413795,0.02231012931034483,0.022518534482758625,0.02262564655172414,0.022739655172413796,0.022799137931034483,0.022910991379310346,0.022918965517241378,0.022985129310344826,0.023017672413793107,0.02304375,0.023056896551724142,0.023101939655172415,0.023078663793103447,0.023117025862068968,0.02312435344827586,0.023145258620689658,0.023172413793103447,0.023159482758620693,0.023181896551724143,0.023183620689655175,0.02321314655172414,0.023208405172413793]},"cell_dimension":{"value":0.0464,"unit":"cm2"},"sweep_direction":{"unit":"","value":"Forward"},"key":"Forward 14 REF_34H_20230727"},{"sample_area":{"value":0.0464,"unit":"cm2"},"irradiance":{"value":1,"unit":""},"pre_sweep_delay":{"value":1,"unit":""},"bias_direction":{"value":0,"unit":""},"max_reverse_bias":{"value":-0.2,"unit":""},"max_forward_bias":{"value":1.3,"unit":""},"num_sweep_points":{"value":31,"unit":""},"dwell_time":{"value":0,"unit":""},"current_limit":{"value":100,"unit":""},"pviv_10a_i_amp":{"value":0,"unit":""},"average":{"value":1,"unit":""},"dark_current":{"value":0,"unit":""},"rshunt_v_lo":{"value":-0.2,"unit":""},"rshunt_v_hi":{"value":0.2,"unit":""},"voc":{"value":1.11294441,"unit":"V"},"isc":{"value":0.00106963,"unit":"A"},"jsc":{"value":23.05245572,"unit":"mA\/cm2"},"imax":{"value":0.00098921,"unit":"A"},"vmax":{"value":0.92051482,"unit":"V"},"pmax":{"value":0.91058261,"unit":"mW"},"fill_factor":{"value":76.4911,"unit":"%"},"efficiency":{"value":19.6246,"unit":"%"},"r_at_voc":{"value":80.36536,"unit":""},"r_at_isc":{"value":72517.272,"unit":""},"power":{"value":0.0010993,"unit":"W"},"rshunt":{"value":"NaN","unit":"ohm"},"cell_temp_start":{"value":"NaN","unit":""},"cell_temp_end":{"value":"NaN","unit":""},"exposure":{"value":3.847,"unit":""},"time":{"value":"10:24:04","unit":""},"date":{"value":"07\/27\/2023","unit":""},"V":{"value":[1.3,1.25,1.2,1.15,1.1,1.05,1,0.95,0.9,0.85,0.8,0.75,0.7,0.65,0.6,0.55,0.5,0.45,0.4,0.35,0.3,0.25,0.2,0.15,0.1,0.05,0,-0.05,-0.1,-0.15,-0.2],"unit":"V"},"I":{"value":[-0.003046,-0.00206698,-0.00118014,-0.00046109,0.00016107,0.00057531,0.00082687,0.00094823,0.00100752,0.00103015,0.00104037,0.00104685,0.00104995,0.00105404,0.00105586,0.00105967,0.00106072,0.00106263,0.00106296,0.00106505,0.00106555,0.00106541,0.00106666,0.00106828,0.00106883,0.00106887,0.00106966,0.00107054,0.00107049,0.00107206,0.00107203],"unit":"A"},"J":{"unit":"A\/cm2","value":[-0.06564655172413794,-0.04454698275862069,-0.025434051724137936,-0.00993728448275862,0.003471336206896552,0.012398922413793104,0.017820474137931034,0.020435991379310348,0.021713793103448276,0.022201508620689658,0.022421767241379315,0.022561422413793105,0.022628232758620692,0.022716379310344828,0.022755603448275864,0.02283771551724138,0.02286034482758621,0.022901508620689657,0.022908620689655174,0.022953663793103447,0.022964439655172416,0.022961422413793103,0.02298836206896552,0.023023275862068968,0.023035129310344828,0.023035991379310346,0.023053017241379314,0.023071982758620692,0.02307090517241379,0.023104741379310345,0.02310409482758621]},"cell_dimension":{"value":0.0464,"unit":"cm2"},"sweep_direction":{"unit":"","value":"Forward"},"key":"Forward 13 REF_34H_20230727"},{"sample_area":{"value":0.0464,"unit":"cm2"},"irradiance":{"value":1,"unit":""},"pre_sweep_delay":{"value":1,"unit":""},"bias_direction":{"value":0,"unit":""},"max_reverse_bias":{"value":-0.2,"unit":""},"max_forward_bias":{"value":1.3,"unit":""},"num_sweep_points":{"value":31,"unit":""},"dwell_time":{"value":0,"unit":""},"current_limit":{"value":100,"unit":""},"pviv_10a_i_amp":{"value":0,"unit":""},"average":{"value":1,"unit":""},"dark_current":{"value":0,"unit":""},"rshunt_v_lo":{"value":-0.2,"unit":""},"rshunt_v_hi":{"value":0.2,"unit":""},"voc":{"value":1.11244068,"unit":"V"},"isc":{"value":0.00107748,"unit":"A"},"jsc":{"value":23.22153115,"unit":"mA\/cm2"},"imax":{"value":0.00099333,"unit":"A"},"vmax":{"value":0.9237058,"unit":"V"},"pmax":{"value":0.91754565,"unit":"mW"},"fill_factor":{"value":76.5494,"unit":"%"},"efficiency":{"value":19.7747,"unit":"%"},"r_at_voc":{"value":72.796141,"unit":""},"r_at_isc":{"value":58191.821,"unit":""},"power":{"value":0.00110834,"unit":"W"},"rshunt":{"value":"NaN","unit":"ohm"},"cell_temp_start":{"value":"NaN","unit":""},"cell_temp_end":{"value":"NaN","unit":""},"exposure":{"value":3.848,"unit":""},"time":{"value":"10:23:47","unit":""},"date":{"value":"07\/27\/2023","unit":""},"V":{"value":[1.3,1.25,1.2,1.15,1.1,1.05,1,0.95,0.9,0.85,0.8,0.75,0.7,0.65,0.6,0.55,0.5,0.45,0.4,0.35,0.3,0.25,0.2,0.15,0.1,0.05,0,-0.05,-0.1,-0.15,-0.2],"unit":"V"},"I":{"value":[-0.00354209,-0.00237298,-0.00133385,-0.00051595,0.0001709,0.00060475,0.00083941,0.0009581,0.00101428,0.00103774,0.00104802,0.00105271,0.00105612,0.00105981,0.00106386,0.00106485,0.00106684,0.00106755,0.0010694,0.00107085,0.00107203,0.00107264,0.00107394,0.00107505,0.0010758,0.00107704,0.00107878,0.00107822,0.0010797,0.00107956,0.00108007],"unit":"A"},"J":{"unit":"A\/cm2","value":[-0.07633814655172415,-0.051141810344827586,-0.028746767241379312,-0.011119612068965518,0.003683189655172414,0.013033405172413795,0.01809073275862069,0.020648706896551725,0.02185948275862069,0.022365086206896555,0.022586637931034485,0.022687715517241382,0.022761206896551728,0.022840732758620693,0.02292801724137931,0.022949353448275863,0.022992241379310347,0.023007543103448276,0.02304741379310345,0.023078663793103447,0.02310409482758621,0.023117241379310344,0.023145258620689658,0.023169181034482757,0.023185344827586208,0.023212068965517245,0.023249568965517244,0.0232375,0.02326939655172414,0.02326637931034483,0.023277370689655175]},"cell_dimension":{"value":0.0464,"unit":"cm2"},"sweep_direction":{"unit":"","value":"Forward"},"key":"Forward 12 REF_34H_20230727"},{"sample_area":{"value":0.0464,"unit":"cm2"},"irradiance":{"value":1,"unit":""},"pre_sweep_delay":{"value":1,"unit":""},"bias_direction":{"value":0,"unit":""},"max_reverse_bias":{"value":-0.2,"unit":""},"max_forward_bias":{"value":1.3,"unit":""},"num_sweep_points":{"value":31,"unit":""},"dwell_time":{"value":0,"unit":""},"current_limit":{"value":100,"unit":""},"pviv_10a_i_amp":{"value":0,"unit":""},"average":{"value":1,"unit":""},"dark_current":{"value":0,"unit":""},"rshunt_v_lo":{"value":-0.2,"unit":""},"rshunt_v_hi":{"value":0.2,"unit":""},"voc":{"value":1.11517562,"unit":"V"},"isc":{"value":0.00109186,"unit":"A"},"jsc":{"value":23.53154389,"unit":"mA\/cm2"},"imax":{"value":0.00099378,"unit":"A"},"vmax":{"value":0.93095555,"unit":"V"},"pmax":{"value":0.92516259,"unit":"mW"},"fill_factor":{"value":75.9812,"unit":"%"},"efficiency":{"value":19.9388,"unit":"%"},"r_at_voc":{"value":69.712071,"unit":""},"r_at_isc":{"value":58591.669,"unit":""},"power":{"value":0.00112477,"unit":"W"},"rshunt":{"value":"NaN","unit":"ohm"},"cell_temp_start":{"value":"NaN","unit":""},"cell_temp_end":{"value":"NaN","unit":""},"exposure":{"value":3.857,"unit":""},"time":{"value":"10:23:14","unit":""},"date":{"value":"07\/27\/2023","unit":""},"V":{"value":[1.3,1.25,1.2,1.15,1.1,1.05,1,0.95,0.9,0.85,0.8,0.75,0.7,0.65,0.6,0.55,0.5,0.45,0.4,0.35,0.3,0.25,0.2,0.15,0.1,0.05,0,-0.05,-0.1,-0.15,-0.2],"unit":"V"},"I":{"value":[-0.00389633,-0.00256532,-0.0013858,-0.00049955,0.00021769,0.00063654,0.00086117,0.0009701,0.00102019,0.0010443,0.00104995,0.001062,0.0010677,0.0010726,0.00107591,0.00107986,0.00108139,0.00108277,0.00108402,0.00108518,0.00108673,0.00108695,0.00108782,0.0010894,0.00109156,0.00109168,0.00109144,0.00109303,0.00109332,0.00109424,0.00109494],"unit":"A"},"J":{"unit":"A\/cm2","value":[-0.08397262931034483,-0.055287068965517244,-0.029866379310344828,-0.010766163793103448,0.004691594827586207,0.013718534482758622,0.01855969827586207,0.0209073275862069,0.021986853448275865,0.02250646551724138,0.022628232758620692,0.02288793103448276,0.023010775862068965,0.02311637931034483,0.023187715517241383,0.02327284482758621,0.02330581896551724,0.02333556034482759,0.0233625,0.023387500000000002,0.023420905172413794,0.02342564655172414,0.023444396551724138,0.02347844827586207,0.023525000000000004,0.023527586206896555,0.02352241379310345,0.02355668103448276,0.023562931034482763,0.023582758620689658,0.023597844827586208]},"cell_dimension":{"value":0.0464,"unit":"cm2"},"sweep_direction":{"unit":"","value":"Forward"},"key":"Forward 11 REF_34H_20230727"}]}}