{"_id":"655ac4e652c39b1845288f32","id":"JBNU-SC-00341","author":98,"group":10,"input":[{"tco":{"unit":"","value":"ITO"}},{"htl":[{"material":{"unit":"","value":"NiO_Sputter"},"concentration":{"unit":"","value":"None"},"conc_unit":{"unit":"","value":"None"},"quantity":{"unit":"ml","value":"None"}}],"solvent":[{"material":{"unit":"","value":"None"},"volume":{"unit":"ml","value":"None"}},{"material":{"unit":"","value":"None"},"volume":{"unit":"ml","value":"None"}}],"htl_doping":[{"material":{"unit":"","value":"None"},"volume":{"unit":"ul","value":"None"}}],"spin_coating":[{"type":{"unit":"","value":"None"},"rpm":{"unit":"","value":"None"},"time":{"unit":"s","value":"None"}}],"vacuum_suction":[{"unit":"s","value":"None"}],"annealing":[{"temperature":{"unit":"oC","value":"300"},"time":{"unit":"m","value":"30"}}],"module":[{"type":{"unit":"","value":"None"},"gap":{"unit":"um","value":"None"},"coating_speed":{"unit":"mm\/s","value":"None"},"feeding_amount":{"unit":"ul","value":"None"}}],"thermal_evaporation":[{"vacuum_evaporation_thickness":{"unit":"nm","value":"None"},"evaporation_rate":{"unit":"\u00c5\/s","value":"None"},"vacuum_pressure":{"unit":"uTorr","value":"None"}}]},{"htl_treatment":[{"material":{"unit":"","value":"MeO-2PACz"},"concentration":{"unit":"","value":"0.33"},"conc_unit":{"unit":"","value":"mg\/ml"},"quantity":{"unit":"ml","value":"1"}}],"solvent":[{"material":{"unit":"","value":"Ethanol"},"volume":{"unit":"ml","value":"1"}},{"material":{"unit":"","value":"None"},"volume":{"unit":"ml","value":"None"}}],"spin_coating":[{"type":{"unit":"","value":"drop&run"},"rpm":{"unit":"","value":"3000"},"time":{"unit":"s","value":"50"}}],"vacuum_suction":[{"unit":"s","value":"None"}],"annealing":[{"temperature":{"unit":"oC","value":"None"},"time":{"unit":"m","value":"None"}}],"module":[{"type":{"unit":"","value":"None"},"gap":{"unit":"um","value":"None"},"coating_speed":{"unit":"mm\/s","value":"None"},"feeding_amount":{"unit":"ul","value":"None"}}],"thermal_evaporation":[{"vacuum_evaporation_thickness":{"unit":"nm","value":"None"},"evaporation_rate":{"unit":"\u00c5\/s","value":"None"},"vacuum_pressure":{"unit":"uTorr","value":"None"}}]},{"perovskite":{"method":{"unit":"","value":"1-step"},"molarity":{"unit":"M","value":"1.45"},"a_site":[{"material":{"unit":"","value":"Cs"},"ratio":{"unit":"","value":"0.175"}},{"material":{"unit":"","value":"FA"},"ratio":{"unit":"","value":"0.825"}}],"b_site":[{"material":{"unit":"","value":"Pb"},"ratio":{"unit":"","value":"1"}},{"material":{"unit":"","value":"None"},"ratio":{"unit":"","value":"0"}}],"x_site":[{"material":{"unit":"","value":"I"},"ratio":{"unit":"","value":"2.55"}},{"material":{"unit":"","value":"Br"},"ratio":{"unit":"","value":"0.45"}}],"solvent":[{"material":{"unit":"","value":"DMF"},"volume":{"unit":"ml","value":"0.8"}},{"material":{"unit":"","value":"DMSO"},"volume":{"unit":"ml","value":"0.2"}}],"additive":[{"material":{"unit":"","value":"None"},"solvent":{"unit":"","value":"None"},"concentration":{"unit":"","value":"None"},"conc_unit":{"unit":"","value":"None"},"quantity":{"unit":"mol%","value":"None"}}],"stirring_time":[{"unit":"m","value":"120"}],"antisolvent":[{"material":{"unit":"","value":"None"},"quantity":{"unit":"ul","value":"None"},"dripping_time":{"unit":"s","value":"None"}}],"spin_coating":[{"type":{"unit":"","value":"drop&run"},"rpm":{"unit":"","value":"4000"},"time":{"unit":"s","value":"10"}}],"vacuum_suction":[{"unit":"s","value":"60"}],"annealing":[{"temperature":{"unit":"oC","value":"100"},"time":{"unit":"m","value":"30"}}],"atmosphere":[{"type":{"unit":"","value":"N2"},"temperature":{"unit":"oC","value":"28"},"humidity":{"unit":"RH%","value":"0"}}],"assist":[{"type":{"unit":"","value":"None"},"temperature":{"unit":"oC","value":"None"},"assist_start_time":{"value":null,"unit":"s"},"total_assist_time":{"value":"None","unit":"s"}}],"module":[{"type":{"unit":"","value":"None"},"gap":{"unit":"um","value":"None"},"coating_speed":{"unit":"mm\/s","value":"None"},"feeding_amount":{"unit":"ul","value":"None"}}],"thermal_evaporation":[{"vacuum_evaporation_thickness":{"unit":"nm","value":"None"},"evaporation_rate":{"unit":"\u00c5\/s","value":"None"},"vacuum_pressure":{"unit":"uTorr","value":"None"}}]}},{"perovskite_treatment":[{"material":{"unit":"","value":"HH"},"concentration":{"unit":"","value":"None"},"conc_unit":{"unit":"","value":"None"},"quantity":{"unit":"ml","value":"0.1"}}],"solvent":[{"material":{"unit":"","value":"None"},"volume":{"unit":"ml","value":"None"}},{"material":{"unit":"","value":"None"},"volume":{"unit":"ml","value":"None"}}],"spin_coating":[{"type":{"unit":"","value":"None"},"rpm":{"unit":"","value":"None"},"time":{"unit":"s","value":"None"}}],"vacuum_suction":[{"unit":"s","value":"None"}],"annealing":[{"temperature":{"unit":"oC","value":"0"},"time":{"unit":"m","value":"0.08"}}],"module":[{"type":{"unit":"","value":"None"},"gap":{"unit":"um","value":"None"},"coating_speed":{"unit":"mm\/s","value":"None"},"feeding_amount":{"unit":"ul","value":"None"}}],"thermal_evaporation":[{"vacuum_evaporation_thickness":{"unit":"nm","value":"None"},"evaporation_rate":{"unit":"\u00c5\/s","value":"None"},"vacuum_pressure":{"unit":"uTorr","value":"None"}}]},{"etl":[{"material":{"unit":"","value":"C60"},"concentration":{"unit":"","value":"None"},"conc_unit":{"unit":"","value":"None"},"quantity":{"unit":"ml","value":"None"}}],"solvent":[{"material":{"unit":"","value":"None"},"volume":{"unit":"ml","value":"None"}},{"material":{"unit":"","value":"None"},"volume":{"unit":"ml","value":"None"}}],"spin_coating":[{"type":{"unit":"","value":"None"},"rpm":{"unit":"","value":"None"},"time":{"unit":"s","value":"None"}}],"vacuum_suction":[{"unit":"s","value":"None"}],"annealing":[{"temperature":{"unit":"oC","value":"None"},"time":{"unit":"m","value":"None"}}],"etl_doping":[{"material":{"unit":"","value":"None"},"volume":{"unit":"ul","value":"None"}}],"module":[{"type":{"unit":"","value":"None"},"gap":{"unit":"um","value":"None"},"coating_speed":{"unit":"mm\/s","value":"None"},"feeding_amount":{"unit":"ul","value":"None"}}],"thermal_evaporation":[{"vacuum_evaporation_thickness":{"unit":"nm","value":"30"},"evaporation_rate":{"unit":"\u00c5\/s","value":"0.6"},"vacuum_pressure":{"unit":"uTorr","value":"2x10-6"}}]},{"blocking_buffer_layer":[{"material":{"unit":"","value":"BCP"},"concentration":{"unit":"","value":"None"},"conc_unit":{"unit":"","value":"None"},"quantity":{"unit":"ml","value":"None"}}],"solvent":[{"material":{"unit":"","value":"None"},"volume":{"unit":"ml","value":"None"}},{"material":{"unit":"","value":"None"},"volume":{"unit":"ml","value":"None"}}],"spin_coating":[{"type":{"unit":"","value":"None"},"rpm":{"unit":"","value":"None"},"time":{"unit":"s","value":"None"}}],"vacuum_suction":[{"unit":"s","value":"0"}],"annealing":[{"temperature":{"unit":"oC","value":"None"},"time":{"unit":"m","value":"None"}}],"module":[{"type":{"unit":"","value":"None"},"gap":{"unit":"um","value":"None"},"coating_speed":{"unit":"mm\/s","value":"None"},"feeding_amount":{"unit":"ul","value":"None"}}],"thermal_evaporation":[{"vacuum_evaporation_thickness":{"unit":"nm","value":"6"},"evaporation_rate":{"unit":"\u00c5\/s","value":"0.6"},"vacuum_pressure":{"unit":"uTorr","value":"2x10-6"}}]},{"anode_metal":{"unit":"","value":"Ag"}},{"note":{"unit":"","value":"-"},"ar":{"unit":"","value":"0"},"type":{"unit":"","value":"unit_cell"},"device_type":{"unit":"","value":"p-i-n"},"temperature":{"unit":"\u2103","value":"25"},"humidity":{"unit":"%","value":"40"},"cell_dimension":{"unit":"cm2","value":"0.0464"}}],"fileinfo":[{"key":"Forward 33 HH 5MIN 5S_20230802","uploadType":"JV","original_name":"Forward 33 HH 5MIN 5S_20230802-153117.txt","save_name":"JBNU-SC-00341\/Forward 33 HH 5MIN 5S_20230802","uploader":98,"fileType":""},{"key":"Forward 34 HH 5MIN 5S_20230802","uploadType":"JV","original_name":"Forward 34 HH 5MIN 5S_20230802-153129.txt","save_name":"JBNU-SC-00341\/Forward 34 HH 5MIN 5S_20230802","uploader":98,"fileType":""},{"key":"Forward 41 HH 5MIN 5S_20230802","uploadType":"JV","original_name":"Forward 41 HH 5MIN 5S_20230802-153220.txt","save_name":"JBNU-SC-00341\/Forward 41 HH 5MIN 5S_20230802","uploader":98,"fileType":""},{"key":"Forward 42 HH 5MIN 5S_20230802","uploadType":"JV","original_name":"Forward 42 HH 5MIN 5S_20230802-153252.txt","save_name":"JBNU-SC-00341\/Forward 42 HH 5MIN 5S_20230802","uploader":98,"fileType":""},{"key":"Forward 43 HH 5MIN 5S_20230802","uploadType":"JV","original_name":"Forward 43 HH 5MIN 5S_20230802-153309.txt","save_name":"JBNU-SC-00341\/Forward 43 HH 5MIN 5S_20230802","uploader":98,"fileType":""},{"key":"Forward 44 HH 5MIN 5S_20230802","uploadType":"JV","original_name":"Forward 44 HH 5MIN 5S_20230802-153335.txt","save_name":"JBNU-SC-00341\/Forward 44 HH 5MIN 5S_20230802","uploader":98,"fileType":""},{"key":"Forward 31 HH 5MIN 5S_20230802","uploadType":"JV","original_name":"Forward 31 HH 5MIN 5S_20230802-153037.txt","save_name":"JBNU-SC-00341\/Forward 31 HH 5MIN 5S_20230802","uploader":98,"fileType":""},{"key":"Forward 32 HH 5MIN 5S_20230802","uploadType":"JV","original_name":"Forward 32 HH 5MIN 5S_20230802-153050.txt","save_name":"JBNU-SC-00341\/Forward 32 HH 5MIN 5S_20230802","uploader":98,"fileType":""}],"jvcnt":8,"updated_at":"2024-08-07 02:33:50","created_at":"2023-11-20 02:31:02","analysisInfo":{"JV":[{"efficiency":18.067,"fill_factor":74.2573,"jsc":21.47588225,"voc":1.1329095,"key":"Forward 44 HH 5MIN 5S_20230802","cell_dimension":0.0464},{"efficiency":17.7781,"fill_factor":73.7933,"jsc":21.42213881,"voc":1.12462098,"key":"Forward 43 HH 5MIN 5S_20230802","cell_dimension":0.0464},{"efficiency":16.9337,"fill_factor":72.5034,"jsc":20.81615312,"voc":1.12199896,"key":"Forward 42 HH 5MIN 5S_20230802","cell_dimension":0.0464},{"efficiency":16.9196,"fill_factor":71.8921,"jsc":20.8790614,"voc":1.12718929,"key":"Forward 41 HH 5MIN 5S_20230802","cell_dimension":0.0464},{"efficiency":18.5739,"fill_factor":75.1592,"jsc":21.54723691,"voc":1.14690869,"key":"Forward 34 HH 5MIN 5S_20230802","cell_dimension":0.0464},{"efficiency":18.1662,"fill_factor":73.8673,"jsc":21.6543077,"voc":1.13571355,"key":"Forward 33 HH 5MIN 5S_20230802","cell_dimension":0.0464},{"efficiency":17.9589,"fill_factor":72.9567,"jsc":21.60066998,"voc":1.13958819,"key":"Forward 32 HH 5MIN 5S_20230802","cell_dimension":0.0464},{"efficiency":18.1437,"fill_factor":73.3438,"jsc":21.6292251,"voc":1.14372271,"key":"Forward 31 HH 5MIN 5S_20230802","cell_dimension":0.0464}]},"public":2,"analysis":{"JV":[{"sample_area":{"value":0.0464,"unit":"cm2"},"irradiance":{"value":1,"unit":""},"pre_sweep_delay":{"value":1,"unit":""},"bias_direction":{"value":0,"unit":""},"max_reverse_bias":{"value":-0.2,"unit":""},"max_forward_bias":{"value":1.3,"unit":""},"num_sweep_points":{"value":31,"unit":""},"dwell_time":{"value":0,"unit":""},"current_limit":{"value":100,"unit":""},"pviv_10a_i_amp":{"value":0,"unit":""},"average":{"value":1,"unit":""},"dark_current":{"value":0,"unit":""},"rshunt_v_lo":{"value":-0.2,"unit":""},"rshunt_v_hi":{"value":0.2,"unit":""},"voc":{"value":1.1329095,"unit":"V"},"isc":{"value":0.00099648,"unit":"A"},"jsc":{"value":21.47588225,"unit":"mA\/cm2"},"imax":{"value":0.00092053,"unit":"A"},"vmax":{"value":0.9106813,"unit":"V"},"pmax":{"value":0.83830741,"unit":"mW"},"fill_factor":{"value":74.2573,"unit":"%"},"efficiency":{"value":18.067,"unit":"%"},"r_at_voc":{"value":134.134168,"unit":""},"r_at_isc":{"value":43291.066,"unit":""},"power":{"value":0.00102294,"unit":"W"},"rshunt":{"value":"NaN","unit":"ohm"},"cell_temp_start":{"value":"NaN","unit":""},"cell_temp_end":{"value":"NaN","unit":""},"exposure":{"value":3.734,"unit":""},"time":{"value":"15:33:35","unit":""},"date":{"value":"08\/02\/2023","unit":""},"V":{"value":[1.3,1.25,1.2,1.15,1.1,1.05,1,0.95,0.9,0.85,0.8,0.75,0.7,0.65,0.6,0.55,0.5,0.45,0.4,0.35,0.3,0.25,0.2,0.15,0.1,0.05,0,-0.05,-0.1,-0.15,-0.2],"unit":"V"},"I":{"value":[-0.00177431,-0.00112567,-0.00059033,-0.00012741,0.00024535,0.00052856,0.00073966,0.00086268,0.00093016,0.00095305,0.00096445,0.00097068,0.0009762,0.00097717,0.00097834,0.00098136,0.00098365,0.00098385,0.00098489,0.0009867,0.00099035,0.00098905,0.00099148,0.00099479,0.00099522,0.00099514,0.00099571,0.00099606,0.00099876,0.00099997,0.00100205],"unit":"A"},"J":{"unit":"A\/cm2","value":[-0.038239439655172416,-0.02426012931034483,-0.012722629310344829,-0.002745905172413793,0.005287715517241379,0.011391379310344828,0.01594094827586207,0.018592241379310346,0.020046551724137933,0.020539870689655175,0.020785560344827588,0.020919827586206897,0.021038793103448278,0.02105969827586207,0.02108491379310345,0.02115,0.02119935344827586,0.021203663793103452,0.0212260775862069,0.021265086206896554,0.02134375,0.02131573275862069,0.021368103448275867,0.021439439655172414,0.021448706896551727,0.02144698275862069,0.02145926724137931,0.021466810344827586,0.021525000000000002,0.021551077586206897,0.021595905172413794]},"cell_dimension":{"value":0.0464,"unit":"cm2"},"sweep_direction":{"unit":"","value":"Forward"},"key":"Forward 44 HH 5MIN 5S_20230802"},{"sample_area":{"value":0.0464,"unit":"cm2"},"irradiance":{"value":1,"unit":""},"pre_sweep_delay":{"value":1,"unit":""},"bias_direction":{"value":0,"unit":""},"max_reverse_bias":{"value":-0.2,"unit":""},"max_forward_bias":{"value":1.3,"unit":""},"num_sweep_points":{"value":31,"unit":""},"dwell_time":{"value":0,"unit":""},"current_limit":{"value":100,"unit":""},"pviv_10a_i_amp":{"value":0,"unit":""},"average":{"value":1,"unit":""},"dark_current":{"value":0,"unit":""},"rshunt_v_lo":{"value":-0.2,"unit":""},"rshunt_v_hi":{"value":0.2,"unit":""},"voc":{"value":1.12462098,"unit":"V"},"isc":{"value":0.00099399,"unit":"A"},"jsc":{"value":21.42213881,"unit":"mA\/cm2"},"imax":{"value":0.00091998,"unit":"A"},"vmax":{"value":0.8966582,"unit":"V"},"pmax":{"value":0.8249048,"unit":"mW"},"fill_factor":{"value":73.7933,"unit":"%"},"efficiency":{"value":17.7781,"unit":"%"},"r_at_voc":{"value":138.788537,"unit":""},"r_at_isc":{"value":38652.232,"unit":""},"power":{"value":0.00100936,"unit":"W"},"rshunt":{"value":"NaN","unit":"ohm"},"cell_temp_start":{"value":"NaN","unit":""},"cell_temp_end":{"value":"NaN","unit":""},"exposure":{"value":3.729,"unit":""},"time":{"value":"15:33:09","unit":""},"date":{"value":"08\/02\/2023","unit":""},"V":{"value":[1.3,1.25,1.2,1.15,1.1,1.05,1,0.95,0.9,0.85,0.8,0.75,0.7,0.65,0.6,0.55,0.5,0.45,0.4,0.35,0.3,0.25,0.2,0.15,0.1,0.05,0,-0.05,-0.1,-0.15,-0.2],"unit":"V"},"I":{"value":[-0.00171813,-0.001121,-0.0006193,-0.00018286,0.0001774,0.0004637,0.00068962,0.000833,0.00091644,0.00095058,0.00096011,0.00096796,0.00097332,0.00097648,0.0009775,0.00097962,0.00098093,0.00098299,0.00098407,0.00098423,0.00098548,0.0009878,0.00098841,0.00098993,0.00099276,0.00099221,0.0009955,0.00099437,0.00099669,0.00099795,0.00099852],"unit":"A"},"J":{"unit":"A\/cm2","value":[-0.037028663793103454,-0.024159482758620694,-0.01334698275862069,-0.003940948275862069,0.003823275862068966,0.009993534482758621,0.0148625,0.01795258620689655,0.01975086206896552,0.020486637931034484,0.020692025862068968,0.020861206896551725,0.020976724137931033,0.021044827586206898,0.02106681034482759,0.021112500000000003,0.021140732758620693,0.02118512931034483,0.021208405172413795,0.021211853448275864,0.021238793103448277,0.021288793103448278,0.021301939655172412,0.02133469827586207,0.02139568965517242,0.021383836206896555,0.021454741379310346,0.021430387931034484,0.021480387931034482,0.021507543103448278,0.021519827586206897]},"cell_dimension":{"value":0.0464,"unit":"cm2"},"sweep_direction":{"unit":"","value":"Forward"},"key":"Forward 43 HH 5MIN 5S_20230802"},{"sample_area":{"value":0.0464,"unit":"cm2"},"irradiance":{"value":1,"unit":""},"pre_sweep_delay":{"value":1,"unit":""},"bias_direction":{"value":0,"unit":""},"max_reverse_bias":{"value":-0.2,"unit":""},"max_forward_bias":{"value":1.3,"unit":""},"num_sweep_points":{"value":31,"unit":""},"dwell_time":{"value":0,"unit":""},"current_limit":{"value":100,"unit":""},"pviv_10a_i_amp":{"value":0,"unit":""},"average":{"value":1,"unit":""},"dark_current":{"value":0,"unit":""},"rshunt_v_lo":{"value":-0.2,"unit":""},"rshunt_v_hi":{"value":0.2,"unit":""},"voc":{"value":1.12199896,"unit":"V"},"isc":{"value":0.00096587,"unit":"A"},"jsc":{"value":20.81615312,"unit":"mA\/cm2"},"imax":{"value":0.00088118,"unit":"A"},"vmax":{"value":0.89166807,"unit":"V"},"pmax":{"value":0.78572283,"unit":"mW"},"fill_factor":{"value":72.5034,"unit":"%"},"efficiency":{"value":16.9337,"unit":"%"},"r_at_voc":{"value":151.111912,"unit":""},"r_at_isc":{"value":40763.84,"unit":""},"power":{"value":0.00097229,"unit":"W"},"rshunt":{"value":"NaN","unit":"ohm"},"cell_temp_start":{"value":"NaN","unit":""},"cell_temp_end":{"value":"NaN","unit":""},"exposure":{"value":3.725,"unit":""},"time":{"value":"15:32:52","unit":""},"date":{"value":"08\/02\/2023","unit":""},"V":{"value":[1.3,1.25,1.2,1.15,1.1,1.05,1,0.95,0.9,0.85,0.8,0.75,0.7,0.65,0.6,0.55,0.5,0.45,0.4,0.35,0.3,0.25,0.2,0.15,0.1,0.05,0,-0.05,-0.1,-0.15,-0.2],"unit":"V"},"I":{"value":[-0.00161414,-0.00105727,-0.00058987,-0.0001853,0.00014558,0.00041589,0.00063311,0.00078009,0.00087231,0.00091093,0.0009304,0.0009366,0.00094321,0.00094562,0.00094835,0.00095079,0.00095331,0.00095443,0.00095627,0.00095704,0.00095856,0.00095962,0.00096128,0.0009626,0.00096343,0.00096405,0.00096615,0.00096593,0.00096875,0.00096903,0.00097166],"unit":"A"},"J":{"unit":"A\/cm2","value":[-0.034787500000000006,-0.022785991379310346,-0.012712715517241381,-0.003993534482758621,0.0031375,0.008963146551724139,0.013644612068965518,0.01681228448275862,0.01879978448275862,0.019632112068965517,0.020051724137931035,0.02018534482758621,0.020327801724137933,0.020379741379310347,0.0204385775862069,0.02049116379310345,0.020545474137931036,0.02056961206896552,0.02060926724137931,0.02062586206896552,0.020658620689655176,0.02068146551724138,0.020717241379310348,0.020745689655172414,0.020763577586206897,0.020776939655172418,0.020822198275862073,0.020817456896551727,0.02087823275862069,0.02088426724137931,0.02094094827586207]},"cell_dimension":{"value":0.0464,"unit":"cm2"},"sweep_direction":{"unit":"","value":"Forward"},"key":"Forward 42 HH 5MIN 5S_20230802"},{"sample_area":{"value":0.0464,"unit":"cm2"},"irradiance":{"value":1,"unit":""},"pre_sweep_delay":{"value":1,"unit":""},"bias_direction":{"value":0,"unit":""},"max_reverse_bias":{"value":-0.2,"unit":""},"max_forward_bias":{"value":1.3,"unit":""},"num_sweep_points":{"value":31,"unit":""},"dwell_time":{"value":0,"unit":""},"current_limit":{"value":100,"unit":""},"pviv_10a_i_amp":{"value":0,"unit":""},"average":{"value":1,"unit":""},"dark_current":{"value":0,"unit":""},"rshunt_v_lo":{"value":-0.2,"unit":""},"rshunt_v_hi":{"value":0.2,"unit":""},"voc":{"value":1.12718929,"unit":"V"},"isc":{"value":0.00096879,"unit":"A"},"jsc":{"value":20.8790614,"unit":"mA\/cm2"},"imax":{"value":0.00089099,"unit":"A"},"vmax":{"value":0.88111388,"unit":"V"},"pmax":{"value":0.78506738,"unit":"mW"},"fill_factor":{"value":71.8921,"unit":"%"},"efficiency":{"value":16.9196,"unit":"%"},"r_at_voc":{"value":162.185061,"unit":""},"r_at_isc":{"value":46518.552,"unit":""},"power":{"value":0.00097585,"unit":"W"},"rshunt":{"value":"NaN","unit":"ohm"},"cell_temp_start":{"value":"NaN","unit":""},"cell_temp_end":{"value":"NaN","unit":""},"exposure":{"value":3.728,"unit":""},"time":{"value":"15:32:20","unit":""},"date":{"value":"08\/02\/2023","unit":""},"V":{"value":[1.3,1.25,1.2,1.15,1.1,1.05,1,0.95,0.9,0.85,0.8,0.75,0.7,0.65,0.6,0.55,0.5,0.45,0.4,0.35,0.3,0.25,0.2,0.15,0.1,0.05,0,-0.05,-0.1,-0.15,-0.2],"unit":"V"},"I":{"value":[-0.00150588,-0.00097663,-0.00051412,-0.00014065,0.00016764,0.0004223,0.00062438,0.00077393,0.00086871,0.00091499,0.00093114,0.00093988,0.00094714,0.00094918,0.00095252,0.00095484,0.00095732,0.00095772,0.00095889,0.00096019,0.00096192,0.00096358,0.0009645,0.00096523,0.00096759,0.00096737,0.00096844,0.00096969,0.00097241,0.00097193,0.00097219],"unit":"A"},"J":{"unit":"A\/cm2","value":[-0.03245431034482759,-0.021048060344827587,-0.011080172413793103,-0.00303125,0.0036129310344827584,0.009101293103448278,0.01345646551724138,0.01667952586206897,0.018722198275862068,0.01971961206896552,0.020067672413793106,0.020256034482758624,0.0204125,0.020456465517241382,0.02052844827586207,0.02057844827586207,0.02063189655172414,0.020640517241379313,0.02066573275862069,0.02069375,0.020731034482758624,0.020766810344827587,0.020786637931034482,0.020802370689655174,0.020853232758620693,0.020848491379310344,0.020871551724137932,0.02089849137931035,0.02095711206896552,0.02094676724137931,0.02095237068965517]},"cell_dimension":{"value":0.0464,"unit":"cm2"},"sweep_direction":{"unit":"","value":"Forward"},"key":"Forward 41 HH 5MIN 5S_20230802"},{"sample_area":{"value":0.0464,"unit":"cm2"},"irradiance":{"value":1,"unit":""},"pre_sweep_delay":{"value":1,"unit":""},"bias_direction":{"value":0,"unit":""},"max_reverse_bias":{"value":-0.2,"unit":""},"max_forward_bias":{"value":1.3,"unit":""},"num_sweep_points":{"value":31,"unit":""},"dwell_time":{"value":0,"unit":""},"current_limit":{"value":100,"unit":""},"pviv_10a_i_amp":{"value":0,"unit":""},"average":{"value":1,"unit":""},"dark_current":{"value":0,"unit":""},"rshunt_v_lo":{"value":-0.2,"unit":""},"rshunt_v_hi":{"value":0.2,"unit":""},"voc":{"value":1.14690869,"unit":"V"},"isc":{"value":0.00099979,"unit":"A"},"jsc":{"value":21.54723691,"unit":"mA\/cm2"},"imax":{"value":0.0009179,"unit":"A"},"vmax":{"value":0.93891607,"unit":"V"},"pmax":{"value":0.86182827,"unit":"mW"},"fill_factor":{"value":75.1592,"unit":"%"},"efficiency":{"value":18.5739,"unit":"%"},"r_at_voc":{"value":134.703414,"unit":""},"r_at_isc":{"value":35950.25,"unit":""},"power":{"value":0.00104462,"unit":"W"},"rshunt":{"value":"NaN","unit":"ohm"},"cell_temp_start":{"value":"NaN","unit":""},"cell_temp_end":{"value":"NaN","unit":""},"exposure":{"value":4.032,"unit":""},"time":{"value":"15:31:29","unit":""},"date":{"value":"08\/02\/2023","unit":""},"V":{"value":[1.3,1.25,1.2,1.15,1.1,1.05,1,0.95,0.9,0.85,0.8,0.75,0.7,0.65,0.6,0.55,0.5,0.45,0.4,0.35,0.3,0.25,0.2,0.15,0.1,0.05,0,-0.05,-0.1,-0.15,-0.2],"unit":"V"},"I":{"value":[-0.00176433,-0.00106014,-0.00048644,-2.295e-5,0.00034824,0.00063886,0.00080665,0.00090586,0.00094565,0.00096555,0.00097148,0.00097539,0.0009786,0.00098214,0.00098251,0.00098393,0.00098482,0.00098817,0.0009872,0.00098942,0.00099152,0.00099412,0.00099428,0.00099441,0.00099664,0.00099827,0.00099911,0.00100139,0.00100333,0.00100327,0.00100608],"unit":"A"},"J":{"unit":"A\/cm2","value":[-0.038024353448275865,-0.022847844827586207,-0.010483620689655172,-0.0004946120689655173,0.007505172413793104,0.013768534482758622,0.01738469827586207,0.01952284482758621,0.020380387931034485,0.02080926724137931,0.020937068965517242,0.021021336206896554,0.021090517241379312,0.021166810344827588,0.021174784482758623,0.021205387931034485,0.021224568965517242,0.021296767241379314,0.021275862068965517,0.021323706896551727,0.021368965517241382,0.021425000000000003,0.02142844827586207,0.021431250000000002,0.021479310344827588,0.021514439655172416,0.02153254310344828,0.02158168103448276,0.021623491379310345,0.021622198275862068,0.021682758620689656]},"cell_dimension":{"value":0.0464,"unit":"cm2"},"sweep_direction":{"unit":"","value":"Forward"},"key":"Forward 34 HH 5MIN 5S_20230802"},{"sample_area":{"value":0.0464,"unit":"cm2"},"irradiance":{"value":1,"unit":""},"pre_sweep_delay":{"value":1,"unit":""},"bias_direction":{"value":0,"unit":""},"max_reverse_bias":{"value":-0.2,"unit":""},"max_forward_bias":{"value":1.3,"unit":""},"num_sweep_points":{"value":31,"unit":""},"dwell_time":{"value":0,"unit":""},"current_limit":{"value":100,"unit":""},"pviv_10a_i_amp":{"value":0,"unit":""},"average":{"value":1,"unit":""},"dark_current":{"value":0,"unit":""},"rshunt_v_lo":{"value":-0.2,"unit":""},"rshunt_v_hi":{"value":0.2,"unit":""},"voc":{"value":1.13571355,"unit":"V"},"isc":{"value":0.00100476,"unit":"A"},"jsc":{"value":21.6543077,"unit":"mA\/cm2"},"imax":{"value":0.00092867,"unit":"A"},"vmax":{"value":0.90765362,"unit":"V"},"pmax":{"value":0.84291372,"unit":"mW"},"fill_factor":{"value":73.8673,"unit":"%"},"efficiency":{"value":18.1662,"unit":"%"},"r_at_voc":{"value":133.798488,"unit":""},"r_at_isc":{"value":43648.196,"unit":""},"power":{"value":0.00103394,"unit":"W"},"rshunt":{"value":"NaN","unit":"ohm"},"cell_temp_start":{"value":"NaN","unit":""},"cell_temp_end":{"value":"NaN","unit":""},"exposure":{"value":3.903,"unit":""},"time":{"value":"15:31:17","unit":""},"date":{"value":"08\/02\/2023","unit":""},"V":{"value":[1.3,1.25,1.2,1.15,1.1,1.05,1,0.95,0.9,0.85,0.8,0.75,0.7,0.65,0.6,0.55,0.5,0.45,0.4,0.35,0.3,0.25,0.2,0.15,0.1,0.05,0,-0.05,-0.1,-0.15,-0.2],"unit":"V"},"I":{"value":[-0.00164487,-0.00103786,-0.0005319,-0.00010678,0.00026692,0.0005451,0.00073904,0.0008687,0.00093605,0.00096606,0.00097634,0.00098218,0.00098672,0.00098788,0.00099065,0.00099102,0.00099208,0.00099293,0.00099353,0.00099556,0.00099828,0.00100018,0.00099947,0.00100082,0.00100152,0.00100299,0.0010059,0.00100623,0.00100647,0.00100756,0.00101034],"unit":"A"},"J":{"unit":"A\/cm2","value":[-0.03544978448275862,-0.022367672413793106,-0.011463362068965517,-0.0023012931034482762,0.0057525862068965525,0.011747844827586207,0.015927586206896552,0.018721982758620692,0.020173491379310345,0.020820258620689657,0.021041810344827588,0.021167672413793106,0.02126551724137931,0.02129051724137931,0.02135021551724138,0.021358189655172416,0.02138103448275862,0.021399353448275864,0.021412284482758625,0.02145603448275862,0.021514655172413796,0.021555603448275864,0.02154030172413793,0.021569396551724136,0.021584482758620693,0.02161616379310345,0.021678879310344828,0.02168599137931035,0.02169116379310345,0.021714655172413794,0.021774568965517244]},"cell_dimension":{"value":0.0464,"unit":"cm2"},"sweep_direction":{"unit":"","value":"Forward"},"key":"Forward 33 HH 5MIN 5S_20230802"},{"sample_area":{"value":0.0464,"unit":"cm2"},"irradiance":{"value":1,"unit":""},"pre_sweep_delay":{"value":1,"unit":""},"bias_direction":{"value":0,"unit":""},"max_reverse_bias":{"value":-0.2,"unit":""},"max_forward_bias":{"value":1.3,"unit":""},"num_sweep_points":{"value":31,"unit":""},"dwell_time":{"value":0,"unit":""},"current_limit":{"value":100,"unit":""},"pviv_10a_i_amp":{"value":0,"unit":""},"average":{"value":1,"unit":""},"dark_current":{"value":0,"unit":""},"rshunt_v_lo":{"value":-0.2,"unit":""},"rshunt_v_hi":{"value":0.2,"unit":""},"voc":{"value":1.13958819,"unit":"V"},"isc":{"value":0.00100227,"unit":"A"},"jsc":{"value":21.60066998,"unit":"mA\/cm2"},"imax":{"value":0.00090777,"unit":"A"},"vmax":{"value":0.91795339,"unit":"V"},"pmax":{"value":0.83329461,"unit":"mW"},"fill_factor":{"value":72.9567,"unit":"%"},"efficiency":{"value":17.9589,"unit":"%"},"r_at_voc":{"value":2922.637897,"unit":""},"r_at_isc":{"value":41930.767,"unit":""},"power":{"value":0.00092049,"unit":"W"},"rshunt":{"value":"NaN","unit":"ohm"},"cell_temp_start":{"value":"NaN","unit":""},"cell_temp_end":{"value":"NaN","unit":""},"exposure":{"value":3.863,"unit":""},"time":{"value":"15:30:50","unit":""},"date":{"value":"08\/02\/2023","unit":""},"V":{"value":[1.3,1.25,1.2,1.15,1.1,1.05,1,0.95,0.9,0.85,0.8,0.75,0.7,0.65,0.6,0.55,0.5,0.45,0.4,0.35,0.3,0.25,0.2,0.15,0.1,0.05,0,-0.05,-0.1,-0.15,-0.2],"unit":"V"},"I":{"value":[-5.474e-5,-3.775e-5,-2.057e-5,-3.84e-6,1.369e-5,3.065e-5,4.837e-5,6.528e-5,0.00092429,0.00095806,0.00097598,0.0009808,0.00098444,0.00098622,0.00098979,0.00099144,0.00099142,0.00099354,0.00099325,0.00099501,0.00099556,0.00099649,0.00099749,0.00099769,0.00100002,0.00100105,0.00100172,0.0010041,0.00100544,0.00100502,0.00100729],"unit":"A"},"J":{"unit":"A\/cm2","value":[-0.0011797413793103448,-0.0008135775862068966,-0.00044331896551724146,-8.275862068965517e-5,0.00029504310344827587,0.0006605603448275862,0.0010424568965517241,0.001406896551724138,0.01992004310344828,0.02064784482758621,0.02103405172413793,0.02113793103448276,0.02121637931034483,0.021254741379310344,0.02133168103448276,0.021367241379310346,0.021366810344827587,0.0214125,0.02140625,0.02144418103448276,0.02145603448275862,0.0214760775862069,0.021497629310344827,0.021501939655172417,0.02155215517241379,0.021574353448275865,0.021588793103448276,0.02164008620689655,0.02166896551724138,0.021659913793103447,0.021708836206896554]},"cell_dimension":{"value":0.0464,"unit":"cm2"},"sweep_direction":{"unit":"","value":"Forward"},"key":"Forward 32 HH 5MIN 5S_20230802"},{"sample_area":{"value":0.0464,"unit":"cm2"},"irradiance":{"value":1,"unit":""},"pre_sweep_delay":{"value":1,"unit":""},"bias_direction":{"value":0,"unit":""},"max_reverse_bias":{"value":-0.2,"unit":""},"max_forward_bias":{"value":1.3,"unit":""},"num_sweep_points":{"value":31,"unit":""},"dwell_time":{"value":0,"unit":""},"current_limit":{"value":100,"unit":""},"pviv_10a_i_amp":{"value":0,"unit":""},"average":{"value":1,"unit":""},"dark_current":{"value":0,"unit":""},"rshunt_v_lo":{"value":-0.2,"unit":""},"rshunt_v_hi":{"value":0.2,"unit":""},"voc":{"value":1.14372271,"unit":"V"},"isc":{"value":0.0010036,"unit":"A"},"jsc":{"value":21.6292251,"unit":"mA\/cm2"},"imax":{"value":0.00093131,"unit":"A"},"vmax":{"value":0.90396307,"unit":"V"},"pmax":{"value":0.84186601,"unit":"mW"},"fill_factor":{"value":73.3438,"unit":"%"},"efficiency":{"value":18.1437,"unit":"%"},"r_at_voc":{"value":156.978981,"unit":""},"r_at_isc":{"value":49258.481,"unit":""},"power":{"value":0.00103566,"unit":"W"},"rshunt":{"value":"NaN","unit":"ohm"},"cell_temp_start":{"value":"NaN","unit":""},"cell_temp_end":{"value":"NaN","unit":""},"exposure":{"value":3.903,"unit":""},"time":{"value":"15:30:37","unit":""},"date":{"value":"08\/02\/2023","unit":""},"V":{"value":[1.3,1.25,1.2,1.15,1.1,1.05,1,0.95,0.9,0.85,0.8,0.75,0.7,0.65,0.6,0.55,0.5,0.45,0.4,0.35,0.3,0.25,0.2,0.15,0.1,0.05,0,-0.05,-0.1,-0.15,-0.2],"unit":"V"},"I":{"value":[-0.00148568,-0.00091187,-0.00042195,-3.999e-5,0.00027853,0.00055148,0.00074155,0.00086255,0.00093525,0.00096578,0.00097838,0.00098232,0.00098472,0.00098895,0.00098959,0.00099114,0.00099211,0.00099466,0.00099602,0.00099467,0.00099626,0.00099911,0.00100025,0.00100052,0.00100102,0.00100403,0.00100355,0.00100375,0.00100521,0.0010079,0.00100679],"unit":"A"},"J":{"unit":"A\/cm2","value":[-0.032018965517241385,-0.019652370689655172,-0.009093750000000001,-0.0008618534482758622,0.006002801724137931,0.011885344827586209,0.01598168103448276,0.018589439655172416,0.02015625,0.020814224137931034,0.02108577586206897,0.021170689655172416,0.021222413793103446,0.021313577586206896,0.021327370689655175,0.021360775862068967,0.02138168103448276,0.021436637931034487,0.02146594827586207,0.021436853448275863,0.021471120689655173,0.02153254310344828,0.02155711206896552,0.02156293103448276,0.021573706896551727,0.021638577586206898,0.02162823275862069,0.02163254310344828,0.021664008620689658,0.02172198275862069,0.02169806034482759]},"cell_dimension":{"value":0.0464,"unit":"cm2"},"sweep_direction":{"unit":"","value":"Forward"},"key":"Forward 31 HH 5MIN 5S_20230802"}]}}