{"_id":"655ac266b3b99550162d908e","id":"JBNU-SC-00318","author":98,"group":10,"input":[{"tco":{"unit":"","value":"ITO"}},{"htl":[{"material":{"unit":"","value":"NiO_Sputter"},"concentration":{"unit":"","value":"None"},"conc_unit":{"unit":"","value":"None"},"quantity":{"unit":"ml","value":"None"}}],"solvent":[{"material":{"unit":"","value":"None"},"volume":{"unit":"ml","value":"None"}},{"material":{"unit":"","value":"None"},"volume":{"unit":"ml","value":"None"}}],"htl_doping":[{"material":{"unit":"","value":"None"},"volume":{"unit":"ul","value":"None"}}],"spin_coating":[{"type":{"unit":"","value":"None"},"rpm":{"unit":"","value":"None"},"time":{"unit":"s","value":"None"}}],"vacuum_suction":[{"unit":"s","value":"None"}],"annealing":[{"temperature":{"unit":"oC","value":"300"},"time":{"unit":"m","value":"30"}}],"module":[{"type":{"unit":"","value":"None"},"gap":{"unit":"um","value":"None"},"coating_speed":{"unit":"mm\/s","value":"None"},"feeding_amount":{"unit":"ul","value":"None"}}],"thermal_evaporation":[{"vacuum_evaporation_thickness":{"unit":"nm","value":"None"},"evaporation_rate":{"unit":"\u00c5\/s","value":"None"},"vacuum_pressure":{"unit":"uTorr","value":"None"}}]},{"htl_treatment":[{"material":{"unit":"","value":"MeO-2PACz"},"concentration":{"unit":"","value":"0.33"},"conc_unit":{"unit":"","value":"mg\/ml"},"quantity":{"unit":"ml","value":"1"}}],"solvent":[{"material":{"unit":"","value":"Ethanol"},"volume":{"unit":"ml","value":"1"}},{"material":{"unit":"","value":"None"},"volume":{"unit":"ml","value":"None"}}],"spin_coating":[{"type":{"unit":"","value":"drop&run"},"rpm":{"unit":"","value":"3000"},"time":{"unit":"s","value":"50"}}],"vacuum_suction":[{"unit":"s","value":"None"}],"annealing":[{"temperature":{"unit":"oC","value":"None"},"time":{"unit":"m","value":"None"}}],"module":[{"type":{"unit":"","value":"None"},"gap":{"unit":"um","value":"None"},"coating_speed":{"unit":"mm\/s","value":"None"},"feeding_amount":{"unit":"ul","value":"None"}}],"thermal_evaporation":[{"vacuum_evaporation_thickness":{"unit":"nm","value":"None"},"evaporation_rate":{"unit":"\u00c5\/s","value":"None"},"vacuum_pressure":{"unit":"uTorr","value":"None"}}]},{"perovskite":{"method":{"unit":"","value":"1-step"},"molarity":{"unit":"M","value":"1.45"},"a_site":[{"material":{"unit":"","value":"Cs"},"ratio":{"unit":"","value":"0.175"}},{"material":{"unit":"","value":"FA"},"ratio":{"unit":"","value":"0.825"}}],"b_site":[{"material":{"unit":"","value":"Pb"},"ratio":{"unit":"","value":"1"}},{"material":{"unit":"","value":"None"},"ratio":{"unit":"","value":"0"}}],"x_site":[{"material":{"unit":"","value":"I"},"ratio":{"unit":"","value":"2.55"}},{"material":{"unit":"","value":"Br"},"ratio":{"unit":"","value":"0.45"}}],"solvent":[{"material":{"unit":"","value":"DMF"},"volume":{"unit":"ml","value":"0.8"}},{"material":{"unit":"","value":"DMSO"},"volume":{"unit":"ml","value":"0.2"}}],"additive":[{"material":{"unit":"","value":"DAP"},"solvent":{"unit":"","value":"DMF"},"concentration":{"unit":"","value":"100"},"conc_unit":{"unit":"","value":"mg\/ml"},"quantity":{"unit":"mol%","value":"0.5"}}],"stirring_time":[{"unit":"m","value":"120"}],"antisolvent":[{"material":{"unit":"","value":"None"},"quantity":{"unit":"ul","value":"None"},"dripping_time":{"unit":"s","value":"None"}}],"spin_coating":[{"type":{"unit":"","value":"drop&run"},"rpm":{"unit":"","value":"4000"},"time":{"unit":"s","value":"10"}}],"vacuum_suction":[{"unit":"s","value":"60"}],"annealing":[{"temperature":{"unit":"oC","value":"100"},"time":{"unit":"m","value":"30"}}],"atmosphere":[{"type":{"unit":"","value":"N2"},"temperature":{"unit":"oC","value":"28"},"humidity":{"unit":"RH%","value":"0"}}],"assist":[{"type":{"unit":"","value":"None"},"temperature":{"unit":"oC","value":"None"},"assist_start_time":{"value":null,"unit":"s"},"total_assist_time":{"value":"None","unit":"s"}}],"module":[{"type":{"unit":"","value":"None"},"gap":{"unit":"um","value":"None"},"coating_speed":{"unit":"mm\/s","value":"None"},"feeding_amount":{"unit":"ul","value":"None"}}],"thermal_evaporation":[{"vacuum_evaporation_thickness":{"unit":"nm","value":"None"},"evaporation_rate":{"unit":"\u00c5\/s","value":"None"},"vacuum_pressure":{"unit":"uTorr","value":"None"}}]}},{"perovskite_treatment":[{"material":{"unit":"","value":"None"},"concentration":{"unit":"","value":"None"},"conc_unit":{"unit":"","value":"None"},"quantity":{"unit":"ml","value":"None"}}],"solvent":[{"material":{"unit":"","value":"None"},"volume":{"unit":"ml","value":"None"}},{"material":{"unit":"","value":"None"},"volume":{"unit":"ml","value":"None"}}],"spin_coating":[{"type":{"unit":"","value":"None"},"rpm":{"unit":"","value":"None"},"time":{"unit":"s","value":"None"}}],"vacuum_suction":[{"unit":"s","value":"None"}],"annealing":[{"temperature":{"unit":"oC","value":"None"},"time":{"unit":"m","value":"None"}}],"module":[{"type":{"unit":"","value":"None"},"gap":{"unit":"um","value":"None"},"coating_speed":{"unit":"mm\/s","value":"None"},"feeding_amount":{"unit":"ul","value":"None"}}],"thermal_evaporation":[{"vacuum_evaporation_thickness":{"unit":"nm","value":"None"},"evaporation_rate":{"unit":"\u00c5\/s","value":"None"},"vacuum_pressure":{"unit":"uTorr","value":"None"}}]},{"etl":[{"material":{"unit":"","value":"C60"},"concentration":{"unit":"","value":"None"},"conc_unit":{"unit":"","value":"None"},"quantity":{"unit":"ml","value":"None"}}],"solvent":[{"material":{"unit":"","value":"None"},"volume":{"unit":"ml","value":"None"}},{"material":{"unit":"","value":"None"},"volume":{"unit":"ml","value":"None"}}],"spin_coating":[{"type":{"unit":"","value":"None"},"rpm":{"unit":"","value":"None"},"time":{"unit":"s","value":"None"}}],"vacuum_suction":[{"unit":"s","value":"None"}],"annealing":[{"temperature":{"unit":"oC","value":"None"},"time":{"unit":"m","value":"None"}}],"etl_doping":[{"material":{"unit":"","value":"None"},"volume":{"unit":"ul","value":"None"}}],"module":[{"type":{"unit":"","value":"None"},"gap":{"unit":"um","value":"None"},"coating_speed":{"unit":"mm\/s","value":"None"},"feeding_amount":{"unit":"ul","value":"None"}}],"thermal_evaporation":[{"vacuum_evaporation_thickness":{"unit":"nm","value":"30"},"evaporation_rate":{"unit":"\u00c5\/s","value":"0.6"},"vacuum_pressure":{"unit":"uTorr","value":"2x10-6"}}]},{"blocking_buffer_layer":[{"material":{"unit":"","value":"BCP"},"concentration":{"unit":"","value":"None"},"conc_unit":{"unit":"","value":"None"},"quantity":{"unit":"ml","value":"None"}}],"solvent":[{"material":{"unit":"","value":"None"},"volume":{"unit":"ml","value":"None"}},{"material":{"unit":"","value":"None"},"volume":{"unit":"ml","value":"None"}}],"spin_coating":[{"type":{"unit":"","value":"None"},"rpm":{"unit":"","value":"None"},"time":{"unit":"s","value":"None"}}],"vacuum_suction":[{"unit":"s","value":"0"}],"annealing":[{"temperature":{"unit":"oC","value":"None"},"time":{"unit":"m","value":"None"}}],"module":[{"type":{"unit":"","value":"None"},"gap":{"unit":"um","value":"None"},"coating_speed":{"unit":"mm\/s","value":"None"},"feeding_amount":{"unit":"ul","value":"None"}}],"thermal_evaporation":[{"vacuum_evaporation_thickness":{"unit":"nm","value":"6"},"evaporation_rate":{"unit":"\u00c5\/s","value":"0.6"},"vacuum_pressure":{"unit":"uTorr","value":"2x10-6"}}]},{"anode_metal":{"unit":"","value":"Ag"}},{"note":{"unit":"","value":"-"},"ar":{"unit":"","value":"0"},"type":{"unit":"","value":"unit_cell"},"device_type":{"unit":"","value":"p-i-n"},"temperature":{"unit":"\u2103","value":"25"},"humidity":{"unit":"%","value":"40"},"cell_dimension":{"unit":"cm2","value":"0.0464"}}],"fileinfo":[{"key":"Forward 34 MeO AN DAP 0.5_20230405","uploadType":"JV","original_name":"Forward 34 MeO AN DAP 0.5_20230405-160437.txt","save_name":"JBNU-SC-00318\/Forward 34 MeO AN DAP 0.5_20230405","uploader":98,"fileType":""},{"key":"Forward 41 MeO AN DAP 0.5_20230405","uploadType":"JV","original_name":"Forward 41 MeO AN DAP 0.5_20230405-160526.txt","save_name":"JBNU-SC-00318\/Forward 41 MeO AN DAP 0.5_20230405","uploader":98,"fileType":""},{"key":"Forward 42 MeO AN DAP 0.5_20230405","uploadType":"JV","original_name":"Forward 42 MeO AN DAP 0.5_20230405-160543.txt","save_name":"JBNU-SC-00318\/Forward 42 MeO AN DAP 0.5_20230405","uploader":98,"fileType":""},{"key":"Forward 43 MeO AN DAP 0.5_20230405","uploadType":"JV","original_name":"Forward 43 MeO AN DAP 0.5_20230405-160605.txt","save_name":"JBNU-SC-00318\/Forward 43 MeO AN DAP 0.5_20230405","uploader":98,"fileType":""},{"key":"Forward 44 MeO AN DAP 0.5_20230405","uploadType":"JV","original_name":"Forward 44 MeO AN DAP 0.5_20230405-160629.txt","save_name":"JBNU-SC-00318\/Forward 44 MeO AN DAP 0.5_20230405","uploader":98,"fileType":""},{"key":"Forward 31 MeO AN DAP 0.5_20230405","uploadType":"JV","original_name":"Forward 31 MeO AN DAP 0.5_20230405-160258.txt","save_name":"JBNU-SC-00318\/Forward 31 MeO AN DAP 0.5_20230405","uploader":98,"fileType":""},{"key":"Forward 32 MeO AN DAP 0.5_20230405","uploadType":"JV","original_name":"Forward 32 MeO AN DAP 0.5_20230405-160320.txt","save_name":"JBNU-SC-00318\/Forward 32 MeO AN DAP 0.5_20230405","uploader":98,"fileType":""},{"key":"Forward 33 MeO AN DAP 0.5_20230405","uploadType":"JV","original_name":"Forward 33 MeO AN DAP 0.5_20230405-160403.txt","save_name":"JBNU-SC-00318\/Forward 33 MeO AN DAP 0.5_20230405","uploader":98,"fileType":""}],"jvcnt":8,"updated_at":"2024-08-07 02:33:50","created_at":"2023-11-20 02:20:22","analysisInfo":{"JV":[{"efficiency":17.4985,"fill_factor":75.6155,"jsc":21.36766777,"voc":1.08301017,"key":"Forward 44 MeO AN DAP 0.5_20230405","cell_dimension":0.0464},{"efficiency":17.3271,"fill_factor":75.0327,"jsc":21.28379639,"voc":1.08499246,"key":"Forward 43 MeO AN DAP 0.5_20230405","cell_dimension":0.0464},{"efficiency":18.0223,"fill_factor":76.7927,"jsc":21.52677063,"voc":1.0902146,"key":"Forward 42 MeO AN DAP 0.5_20230405","cell_dimension":0.0464},{"efficiency":18.1466,"fill_factor":76.7801,"jsc":21.57021275,"voc":1.09570124,"key":"Forward 41 MeO AN DAP 0.5_20230405","cell_dimension":0.0464},{"efficiency":17.2669,"fill_factor":77.5277,"jsc":20.41395733,"voc":1.09101197,"key":"Forward 34 MeO AN DAP 0.5_20230405","cell_dimension":0.0464},{"efficiency":17.0033,"fill_factor":76.4183,"jsc":20.3392501,"voc":1.09395951,"key":"Forward 33 MeO AN DAP 0.5_20230405","cell_dimension":0.0464},{"efficiency":16.3699,"fill_factor":76.1038,"jsc":19.69943807,"voc":1.09190711,"key":"Forward 32 MeO AN DAP 0.5_20230405","cell_dimension":0.0464},{"efficiency":5.2811,"fill_factor":77.6832,"jsc":6.19136916,"voc":1.09802499,"key":"Forward 31 MeO AN DAP 0.5_20230405","cell_dimension":0.0464}]},"public":2,"analysis":{"JV":[{"sample_area":{"value":0.0464,"unit":"cm2"},"irradiance":{"value":1,"unit":""},"pre_sweep_delay":{"value":1,"unit":""},"bias_direction":{"value":0,"unit":""},"max_reverse_bias":{"value":-0.2,"unit":""},"max_forward_bias":{"value":1.3,"unit":""},"num_sweep_points":{"value":31,"unit":""},"dwell_time":{"value":0,"unit":""},"current_limit":{"value":100,"unit":""},"pviv_10a_i_amp":{"value":0,"unit":""},"average":{"value":1,"unit":""},"dark_current":{"value":0,"unit":""},"rshunt_v_lo":{"value":-0.2,"unit":""},"rshunt_v_hi":{"value":0.2,"unit":""},"voc":{"value":1.08301017,"unit":"V"},"isc":{"value":0.00099146,"unit":"A"},"jsc":{"value":21.36766777,"unit":"mA\/cm2"},"imax":{"value":0.0008936,"unit":"A"},"vmax":{"value":0.90860268,"unit":"V"},"pmax":{"value":0.81192966,"unit":"mW"},"fill_factor":{"value":75.6155,"unit":"%"},"efficiency":{"value":17.4985,"unit":"%"},"r_at_voc":{"value":82.257826,"unit":""},"r_at_isc":{"value":43754.868,"unit":""},"power":{"value":0.00099199,"unit":"W"},"rshunt":{"value":"NaN","unit":"ohm"},"cell_temp_start":{"value":"NaN","unit":""},"cell_temp_end":{"value":"NaN","unit":""},"exposure":{"value":3.902,"unit":""},"time":{"value":"16:06:29","unit":""},"date":{"value":"04\/05\/2023","unit":""},"V":{"value":[1.3,1.25,1.2,1.15,1.1,1.05,1,0.95,0.9,0.85,0.8,0.75,0.7,0.65,0.6,0.55,0.5,0.45,0.4,0.35,0.3,0.25,0.2,0.15,0.1,0.05,0,-0.05,-0.1,-0.15,-0.2],"unit":"V"},"I":{"value":[-0.00635832,-0.00414398,-0.00233732,-0.0011096,-0.00020654,0.0004013,0.00069091,0.00083637,0.00090155,0.00093319,0.00095085,0.00096,0.00096686,0.00097141,0.00097454,0.00097704,0.00097934,0.00098022,0.00098152,0.00098189,0.00098409,0.00098563,0.00098606,0.00098749,0.00099035,0.00099186,0.00099116,0.0009935,0.00099413,0.00099444,0.00099478],"unit":"A"},"J":{"unit":"A\/cm2","value":[-0.13703275862068967,-0.08930991379310346,-0.05037327586206897,-0.02391379310344828,-0.004451293103448276,0.008648706896551724,0.014890301724137932,0.018025215517241382,0.019429956896551723,0.020111853448275863,0.020492456896551728,0.020689655172413796,0.020837500000000002,0.02093556034482759,0.02100301724137931,0.02105689655172414,0.02110646551724138,0.02112543103448276,0.02115344827586207,0.021161422413793107,0.021208836206896554,0.021242025862068966,0.021251293103448275,0.021282112068965516,0.02134375,0.02137629310344828,0.021361206896551726,0.021411637931034486,0.02142521551724138,0.02143189655172414,0.021439224137931038]},"cell_dimension":{"value":0.0464,"unit":"cm2"},"sweep_direction":{"unit":"","value":"Forward"},"key":"Forward 44 MeO AN DAP 0.5_20230405"},{"sample_area":{"value":0.0464,"unit":"cm2"},"irradiance":{"value":1,"unit":""},"pre_sweep_delay":{"value":1,"unit":""},"bias_direction":{"value":0,"unit":""},"max_reverse_bias":{"value":-0.2,"unit":""},"max_forward_bias":{"value":1.3,"unit":""},"num_sweep_points":{"value":31,"unit":""},"dwell_time":{"value":0,"unit":""},"current_limit":{"value":100,"unit":""},"pviv_10a_i_amp":{"value":0,"unit":""},"average":{"value":1,"unit":""},"dark_current":{"value":0,"unit":""},"rshunt_v_lo":{"value":-0.2,"unit":""},"rshunt_v_hi":{"value":0.2,"unit":""},"voc":{"value":1.08499246,"unit":"V"},"isc":{"value":0.00098757,"unit":"A"},"jsc":{"value":21.28379639,"unit":"mA\/cm2"},"imax":{"value":0.0008943,"unit":"A"},"vmax":{"value":0.89900127,"unit":"V"},"pmax":{"value":0.80397888,"unit":"mW"},"fill_factor":{"value":75.0327,"unit":"%"},"efficiency":{"value":17.3271,"unit":"%"},"r_at_voc":{"value":96.968907,"unit":""},"r_at_isc":{"value":48389.169,"unit":""},"power":{"value":0.00098488,"unit":"W"},"rshunt":{"value":"NaN","unit":"ohm"},"cell_temp_start":{"value":"NaN","unit":""},"cell_temp_end":{"value":"NaN","unit":""},"exposure":{"value":3.899,"unit":""},"time":{"value":"16:06:05","unit":""},"date":{"value":"04\/05\/2023","unit":""},"V":{"value":[1.3,1.25,1.2,1.15,1.1,1.05,1,0.95,0.9,0.85,0.8,0.75,0.7,0.65,0.6,0.55,0.5,0.45,0.4,0.35,0.3,0.25,0.2,0.15,0.1,0.05,0,-0.05,-0.1,-0.15,-0.2],"unit":"V"},"I":{"value":[-0.00355479,-0.00248181,-0.00153678,-0.00077069,-0.00015477,0.00036086,0.00065708,0.00081545,0.0008933,0.00092895,0.00094897,0.00095863,0.00096392,0.00096853,0.0009724,0.00097366,0.00097565,0.00097812,0.0009795,0.0009794,0.00098112,0.00098312,0.00098291,0.00098419,0.00098588,0.00098666,0.000987,0.00098886,0.00099036,0.00098997,0.00099181],"unit":"A"},"J":{"unit":"A\/cm2","value":[-0.07661185344827587,-0.05348728448275863,-0.03312025862068966,-0.01660969827586207,-0.0033355603448275866,0.007777155172413794,0.014161206896551724,0.017574353448275862,0.019252155172413795,0.020020474137931035,0.020451939655172415,0.02066012931034483,0.020774137931034484,0.020873491379310345,0.020956896551724138,0.020984051724137934,0.021026939655172414,0.021080172413793105,0.02110991379310345,0.021107758620689657,0.0211448275862069,0.02118793103448276,0.021183405172413794,0.021210991379310346,0.021247413793103447,0.021264224137931036,0.021271551724137933,0.021311637931034483,0.02134396551724138,0.021335560344827587,0.02137521551724138]},"cell_dimension":{"value":0.0464,"unit":"cm2"},"sweep_direction":{"unit":"","value":"Forward"},"key":"Forward 43 MeO AN DAP 0.5_20230405"},{"sample_area":{"value":0.0464,"unit":"cm2"},"irradiance":{"value":1,"unit":""},"pre_sweep_delay":{"value":1,"unit":""},"bias_direction":{"value":0,"unit":""},"max_reverse_bias":{"value":-0.2,"unit":""},"max_forward_bias":{"value":1.3,"unit":""},"num_sweep_points":{"value":31,"unit":""},"dwell_time":{"value":0,"unit":""},"current_limit":{"value":100,"unit":""},"pviv_10a_i_amp":{"value":0,"unit":""},"average":{"value":1,"unit":""},"dark_current":{"value":0,"unit":""},"rshunt_v_lo":{"value":-0.2,"unit":""},"rshunt_v_hi":{"value":0.2,"unit":""},"voc":{"value":1.0902146,"unit":"V"},"isc":{"value":0.00099884,"unit":"A"},"jsc":{"value":21.52677063,"unit":"mA\/cm2"},"imax":{"value":0.0009142,"unit":"A"},"vmax":{"value":0.91471544,"unit":"V"},"pmax":{"value":0.83623578,"unit":"mW"},"fill_factor":{"value":76.7927,"unit":"%"},"efficiency":{"value":18.0223,"unit":"%"},"r_at_voc":{"value":103.680769,"unit":""},"r_at_isc":{"value":44835.263,"unit":""},"power":{"value":0.00100435,"unit":"W"},"rshunt":{"value":"NaN","unit":"ohm"},"cell_temp_start":{"value":"NaN","unit":""},"cell_temp_end":{"value":"NaN","unit":""},"exposure":{"value":3.894,"unit":""},"time":{"value":"16:05:43","unit":""},"date":{"value":"04\/05\/2023","unit":""},"V":{"value":[1.3,1.25,1.2,1.15,1.1,1.05,1,0.95,0.9,0.85,0.8,0.75,0.7,0.65,0.6,0.55,0.5,0.45,0.4,0.35,0.3,0.25,0.2,0.15,0.1,0.05,0,-0.05,-0.1,-0.15,-0.2],"unit":"V"},"I":{"value":[-0.00439792,-0.00296658,-0.00173049,-0.0008057,-9.438e-5,0.00038787,0.00071313,0.00086471,0.00092711,0.00095253,0.00096367,0.00097141,0.00097725,0.00098102,0.0009817,0.00098462,0.00098555,0.00098608,0.00098806,0.0009901,0.00099051,0.00099328,0.00099513,0.00099646,0.00099845,0.00099743,0.00099784,0.00100004,0.00100028,0.00100151,0.00100407],"unit":"A"},"J":{"unit":"A\/cm2","value":[-0.09478275862068965,-0.06393491379310345,-0.03729504310344828,-0.017364224137931036,-0.0020340517241379313,0.00835926724137931,0.01536918103448276,0.018635991379310345,0.019980818965517243,0.02052866379310345,0.020768750000000002,0.02093556034482759,0.021061422413793107,0.021142672413793105,0.0211573275862069,0.021220258620689658,0.021240301724137933,0.021251724137931038,0.02129439655172414,0.02133836206896552,0.02134719827586207,0.02140689655172414,0.021446767241379314,0.02147543103448276,0.02151831896551724,0.021496336206896557,0.021505172413793107,0.021552586206896554,0.02155775862068966,0.02158426724137931,0.021639439655172413]},"cell_dimension":{"value":0.0464,"unit":"cm2"},"sweep_direction":{"unit":"","value":"Forward"},"key":"Forward 42 MeO AN DAP 0.5_20230405"},{"sample_area":{"value":0.0464,"unit":"cm2"},"irradiance":{"value":1,"unit":""},"pre_sweep_delay":{"value":1,"unit":""},"bias_direction":{"value":0,"unit":""},"max_reverse_bias":{"value":-0.2,"unit":""},"max_forward_bias":{"value":1.3,"unit":""},"num_sweep_points":{"value":31,"unit":""},"dwell_time":{"value":0,"unit":""},"current_limit":{"value":100,"unit":""},"pviv_10a_i_amp":{"value":0,"unit":""},"average":{"value":1,"unit":""},"dark_current":{"value":0,"unit":""},"rshunt_v_lo":{"value":-0.2,"unit":""},"rshunt_v_hi":{"value":0.2,"unit":""},"voc":{"value":1.09570124,"unit":"V"},"isc":{"value":0.00100086,"unit":"A"},"jsc":{"value":21.57021275,"unit":"mA\/cm2"},"imax":{"value":0.00091712,"unit":"A"},"vmax":{"value":0.91809096,"unit":"V"},"pmax":{"value":0.8420021,"unit":"mW"},"fill_factor":{"value":76.7801,"unit":"%"},"efficiency":{"value":18.1466,"unit":"%"},"r_at_voc":{"value":106.245906,"unit":""},"r_at_isc":{"value":37107.278,"unit":""},"power":{"value":0.00101064,"unit":"W"},"rshunt":{"value":"NaN","unit":"ohm"},"cell_temp_start":{"value":"NaN","unit":""},"cell_temp_end":{"value":"NaN","unit":""},"exposure":{"value":3.907,"unit":""},"time":{"value":"16:05:26","unit":""},"date":{"value":"04\/05\/2023","unit":""},"V":{"value":[1.3,1.25,1.2,1.15,1.1,1.05,1,0.95,0.9,0.85,0.8,0.75,0.7,0.65,0.6,0.55,0.5,0.45,0.4,0.35,0.3,0.25,0.2,0.15,0.1,0.05,0,-0.05,-0.1,-0.15,-0.2],"unit":"V"},"I":{"value":[-0.004413,-0.00292413,-0.00166967,-0.00074634,-4.046e-5,0.00043015,0.00074439,0.00087306,0.00093207,0.00095282,0.00096675,0.00097162,0.00097701,0.00098031,0.00098367,0.00098488,0.00098637,0.00098905,0.0009905,0.00099098,0.00099163,0.00099438,0.00099699,0.00099701,0.00099763,0.00099952,0.00100098,0.00100187,0.00100299,0.0010052,0.00100641],"unit":"A"},"J":{"unit":"A\/cm2","value":[-0.09510775862068967,-0.06302004310344828,-0.03598426724137931,-0.016084913793103447,-0.0008719827586206898,0.009270474137931035,0.016042887931034484,0.018815948275862072,0.02008771551724138,0.02053491379310345,0.02083512931034483,0.020940086206896552,0.02105625,0.021127370689655176,0.021199784482758624,0.02122586206896552,0.021257974137931037,0.02131573275862069,0.02134698275862069,0.021357327586206898,0.021371336206896553,0.021430603448275864,0.02148685344827586,0.021487284482758624,0.02150064655172414,0.02154137931034483,0.02157284482758621,0.021592025862068966,0.02161616379310345,0.021663793103448275,0.021689870689655173]},"cell_dimension":{"value":0.0464,"unit":"cm2"},"sweep_direction":{"unit":"","value":"Forward"},"key":"Forward 41 MeO AN DAP 0.5_20230405"},{"sample_area":{"value":0.0464,"unit":"cm2"},"irradiance":{"value":1,"unit":""},"pre_sweep_delay":{"value":1,"unit":""},"bias_direction":{"value":0,"unit":""},"max_reverse_bias":{"value":-0.2,"unit":""},"max_forward_bias":{"value":1.3,"unit":""},"num_sweep_points":{"value":31,"unit":""},"dwell_time":{"value":0,"unit":""},"current_limit":{"value":100,"unit":""},"pviv_10a_i_amp":{"value":0,"unit":""},"average":{"value":1,"unit":""},"dark_current":{"value":0,"unit":""},"rshunt_v_lo":{"value":-0.2,"unit":""},"rshunt_v_hi":{"value":0.2,"unit":""},"voc":{"value":1.09101197,"unit":"V"},"isc":{"value":0.00094721,"unit":"A"},"jsc":{"value":20.41395733,"unit":"mA\/cm2"},"imax":{"value":0.0008661,"unit":"A"},"vmax":{"value":0.92505058,"unit":"V"},"pmax":{"value":0.80118276,"unit":"mW"},"fill_factor":{"value":77.5277,"unit":"%"},"efficiency":{"value":17.2669,"unit":"%"},"r_at_voc":{"value":101.731132,"unit":""},"r_at_isc":{"value":44160.32,"unit":""},"power":{"value":0.00095813,"unit":"W"},"rshunt":{"value":"NaN","unit":"ohm"},"cell_temp_start":{"value":"NaN","unit":""},"cell_temp_end":{"value":"NaN","unit":""},"exposure":{"value":3.912,"unit":""},"time":{"value":"16:04:37","unit":""},"date":{"value":"04\/05\/2023","unit":""},"V":{"value":[1.3,1.25,1.2,1.15,1.1,1.05,1,0.95,0.9,0.85,0.8,0.75,0.7,0.65,0.6,0.55,0.5,0.45,0.4,0.35,0.3,0.25,0.2,0.15,0.1,0.05,0,-0.05,-0.1,-0.15,-0.2],"unit":"V"},"I":{"value":[-0.0059032,-0.00377025,-0.00205936,-0.00089576,-8.835e-5,0.00040314,0.00070382,0.00083596,0.00088494,0.00090679,0.00091889,0.00092511,0.00092998,0.00093238,0.00093361,0.00093608,0.00093697,0.00093874,0.00093971,0.00093994,0.00094096,0.00094151,0.00094287,0.00094374,0.00094517,0.0009451,0.00094681,0.00094809,0.00094948,0.00095026,0.00095284],"unit":"A"},"J":{"unit":"A\/cm2","value":[-0.1272241379310345,-0.0812553879310345,-0.04438275862068966,-0.019305172413793106,-0.001904094827586207,0.008688362068965519,0.01516853448275862,0.01801637931034483,0.019071982758620692,0.019542887931034484,0.01980366379310345,0.01993771551724138,0.020042672413793105,0.02009439655172414,0.020120905172413793,0.020174137931034484,0.02019331896551724,0.02023146551724138,0.020252370689655172,0.020257327586206898,0.02027931034482759,0.02029116379310345,0.020320474137931036,0.020339224137931034,0.020370043103448275,0.020368534482758622,0.020405387931034483,0.020432974137931034,0.02046293103448276,0.020479741379310346,0.02053534482758621]},"cell_dimension":{"value":0.0464,"unit":"cm2"},"sweep_direction":{"unit":"","value":"Forward"},"key":"Forward 34 MeO AN DAP 0.5_20230405"},{"sample_area":{"value":0.0464,"unit":"cm2"},"irradiance":{"value":1,"unit":""},"pre_sweep_delay":{"value":1,"unit":""},"bias_direction":{"value":0,"unit":""},"max_reverse_bias":{"value":-0.2,"unit":""},"max_forward_bias":{"value":1.3,"unit":""},"num_sweep_points":{"value":31,"unit":""},"dwell_time":{"value":0,"unit":""},"current_limit":{"value":100,"unit":""},"pviv_10a_i_amp":{"value":0,"unit":""},"average":{"value":1,"unit":""},"dark_current":{"value":0,"unit":""},"rshunt_v_lo":{"value":-0.2,"unit":""},"rshunt_v_hi":{"value":0.2,"unit":""},"voc":{"value":1.09395951,"unit":"V"},"isc":{"value":0.00094374,"unit":"A"},"jsc":{"value":20.3392501,"unit":"mA\/cm2"},"imax":{"value":0.00086634,"unit":"A"},"vmax":{"value":0.91067177,"unit":"V"},"pmax":{"value":0.78895385,"unit":"mW"},"fill_factor":{"value":76.4183,"unit":"%"},"efficiency":{"value":17.0033,"unit":"%"},"r_at_voc":{"value":111.190093,"unit":""},"r_at_isc":{"value":57979.265,"unit":""},"power":{"value":0.00095087,"unit":"W"},"rshunt":{"value":"NaN","unit":"ohm"},"cell_temp_start":{"value":"NaN","unit":""},"cell_temp_end":{"value":"NaN","unit":""},"exposure":{"value":4.028,"unit":""},"time":{"value":"16:04:03","unit":""},"date":{"value":"04\/05\/2023","unit":""},"V":{"value":[1.3,1.25,1.2,1.15,1.1,1.05,1,0.95,0.9,0.85,0.8,0.75,0.7,0.65,0.6,0.55,0.5,0.45,0.4,0.35,0.3,0.25,0.2,0.15,0.1,0.05,0,-0.05,-0.1,-0.15,-0.2],"unit":"V"},"I":{"value":[-0.00381722,-0.00259759,-0.00153834,-0.00069992,-5.433e-5,0.00039535,0.00067763,0.00081219,0.00087551,0.00089976,0.0009105,0.00091568,0.00092166,0.0009245,0.00092725,0.00092985,0.0009316,0.00093357,0.0009335,0.00093526,0.00093699,0.00093971,0.00093998,0.00094147,0.00094235,0.00094497,0.00094383,0.00094561,0.00094483,0.00094537,0.00094657],"unit":"A"},"J":{"unit":"A\/cm2","value":[-0.08226767241379311,-0.05598254310344828,-0.03315387931034483,-0.015084482758620692,-0.0011709051724137932,0.008520474137931035,0.01460409482758621,0.017504094827586206,0.018868750000000004,0.01939137931034483,0.01962284482758621,0.01973448275862069,0.01986336206896552,0.019924568965517243,0.019983836206896553,0.020039870689655175,0.020077586206896553,0.02012004310344828,0.02011853448275862,0.02015646551724138,0.02019375,0.020252370689655172,0.020258189655172416,0.020290301724137934,0.02030926724137931,0.02036573275862069,0.02034116379310345,0.020379525862068967,0.02036271551724138,0.020374353448275862,0.02040021551724138]},"cell_dimension":{"value":0.0464,"unit":"cm2"},"sweep_direction":{"unit":"","value":"Forward"},"key":"Forward 33 MeO AN DAP 0.5_20230405"},{"sample_area":{"value":0.0464,"unit":"cm2"},"irradiance":{"value":1,"unit":""},"pre_sweep_delay":{"value":1,"unit":""},"bias_direction":{"value":0,"unit":""},"max_reverse_bias":{"value":-0.2,"unit":""},"max_forward_bias":{"value":1.3,"unit":""},"num_sweep_points":{"value":31,"unit":""},"dwell_time":{"value":0,"unit":""},"current_limit":{"value":100,"unit":""},"pviv_10a_i_amp":{"value":0,"unit":""},"average":{"value":1,"unit":""},"dark_current":{"value":0,"unit":""},"rshunt_v_lo":{"value":-0.2,"unit":""},"rshunt_v_hi":{"value":0.2,"unit":""},"voc":{"value":1.09190711,"unit":"V"},"isc":{"value":0.00091405,"unit":"A"},"jsc":{"value":19.69943807,"unit":"mA\/cm2"},"imax":{"value":0.00083414,"unit":"A"},"vmax":{"value":0.91059641,"unit":"V"},"pmax":{"value":0.75956345,"unit":"mW"},"fill_factor":{"value":76.1038,"unit":"%"},"efficiency":{"value":16.3699,"unit":"%"},"r_at_voc":{"value":119.409239,"unit":""},"r_at_isc":{"value":33774.261,"unit":""},"power":{"value":0.00091474,"unit":"W"},"rshunt":{"value":"NaN","unit":"ohm"},"cell_temp_start":{"value":"NaN","unit":""},"cell_temp_end":{"value":"NaN","unit":""},"exposure":{"value":4.03,"unit":""},"time":{"value":"16:03:20","unit":""},"date":{"value":"04\/05\/2023","unit":""},"V":{"value":[1.3,1.25,1.2,1.15,1.1,1.05,1,0.95,0.9,0.85,0.8,0.75,0.7,0.65,0.6,0.55,0.5,0.45,0.4,0.35,0.3,0.25,0.2,0.15,0.1,0.05,0,-0.05,-0.1,-0.15,-0.2],"unit":"V"},"I":{"value":[-0.00324633,-0.00222931,-0.00134056,-0.00063035,-6.777e-5,0.00035095,0.00063433,0.00077713,0.00084276,0.00086494,0.0008773,0.00088554,0.00088913,0.00089268,0.00089419,0.00089675,0.00089889,0.00090148,0.0009023,0.00090402,0.00090481,0.00090655,0.00090738,0.00090908,0.00091213,0.0009136,0.00091438,0.00091603,0.00091697,0.0009187,0.00091868],"unit":"A"},"J":{"unit":"A\/cm2","value":[-0.06996400862068966,-0.04804547413793104,-0.028891379310344828,-0.01358512931034483,-0.0014605603448275863,0.0075635775862068965,0.013670905172413794,0.016748491379310348,0.01816293103448276,0.01864094827586207,0.018907327586206897,0.01908491379310345,0.019162284482758623,0.01923879310344828,0.019271336206896552,0.019326508620689655,0.01937262931034483,0.01942844827586207,0.019446120689655174,0.019483189655172414,0.019500215517241383,0.019537715517241382,0.019555603448275862,0.019592241379310347,0.019657974137931036,0.019689655172413795,0.01970646551724138,0.019742025862068965,0.019762284482758623,0.019799568965517243,0.019799137931034484]},"cell_dimension":{"value":0.0464,"unit":"cm2"},"sweep_direction":{"unit":"","value":"Forward"},"key":"Forward 32 MeO AN DAP 0.5_20230405"},{"sample_area":{"value":0.0464,"unit":"cm2"},"irradiance":{"value":1,"unit":""},"pre_sweep_delay":{"value":1,"unit":""},"bias_direction":{"value":0,"unit":""},"max_reverse_bias":{"value":-0.2,"unit":""},"max_forward_bias":{"value":1.3,"unit":""},"num_sweep_points":{"value":31,"unit":""},"dwell_time":{"value":0,"unit":""},"current_limit":{"value":100,"unit":""},"pviv_10a_i_amp":{"value":0,"unit":""},"average":{"value":1,"unit":""},"dark_current":{"value":0,"unit":""},"rshunt_v_lo":{"value":-0.2,"unit":""},"rshunt_v_hi":{"value":0.2,"unit":""},"voc":{"value":1.09802499,"unit":"V"},"isc":{"value":0.00028728,"unit":"A"},"jsc":{"value":6.19136916,"unit":"mA\/cm2"},"imax":{"value":0.00026301,"unit":"A"},"vmax":{"value":0.93167653,"unit":"V"},"pmax":{"value":0.24504395,"unit":"mW"},"fill_factor":{"value":77.6832,"unit":"%"},"efficiency":{"value":5.2811,"unit":"%"},"r_at_voc":{"value":329.980228,"unit":""},"r_at_isc":{"value":122387.581,"unit":""},"power":{"value":0.00029209,"unit":"W"},"rshunt":{"value":"NaN","unit":"ohm"},"cell_temp_start":{"value":"NaN","unit":""},"cell_temp_end":{"value":"NaN","unit":""},"exposure":{"value":3.978,"unit":""},"time":{"value":"16:02:58","unit":""},"date":{"value":"04\/05\/2023","unit":""},"V":{"value":[1.3,1.25,1.2,1.15,1.1,1.05,1,0.95,0.9,0.85,0.8,0.75,0.7,0.65,0.6,0.55,0.5,0.45,0.4,0.35,0.3,0.25,0.2,0.15,0.1,0.05,0,-0.05,-0.1,-0.15,-0.2],"unit":"V"},"I":{"value":[-0.00227708,-0.00138637,-0.0007308,-0.00024117,-5.99e-6,0.00014554,0.00022475,0.00025679,0.0002696,0.00027439,0.00027711,0.00027905,0.00028005,0.00028072,0.00028149,0.00028242,0.00028263,0.00028316,0.00028352,0.00028421,0.00028455,0.00028498,0.00028576,0.00028621,0.00028654,0.00028727,0.00028767,0.00028751,0.00028788,0.00028853,0.00028868],"unit":"A"},"J":{"unit":"A\/cm2","value":[-0.049075,-0.02987866379310345,-0.01575,-0.005197629310344828,-0.0001290948275862069,0.003136637931034483,0.00484375,0.005534267241379311,0.005810344827586207,0.005913577586206897,0.00597219827586207,0.006014008620689655,0.006035560344827586,0.00605,0.006066594827586208,0.006086637931034484,0.006091163793103449,0.006102586206896553,0.006110344827586207,0.00612521551724138,0.006132543103448277,0.006141810344827587,0.0061586206896551724,0.0061683189655172424,0.006175431034482759,0.006191163793103449,0.006199784482758621,0.006196336206896552,0.006204310344827587,0.006218318965517242,0.006221551724137931]},"cell_dimension":{"value":0.0464,"unit":"cm2"},"sweep_direction":{"unit":"","value":"Forward"},"key":"Forward 31 MeO AN DAP 0.5_20230405"}]}}