{"_id":"655ac5f1e66ef8618a0fbf99","id":"JBNU-SC-00352","author":98,"group":10,"input":[{"tco":{"unit":"","value":"ITO"}},{"htl":[{"material":{"unit":"","value":"NiO_Sputter"},"concentration":{"unit":"","value":"None"},"conc_unit":{"unit":"","value":"None"},"quantity":{"unit":"ml","value":"None"}}],"solvent":[{"material":{"unit":"","value":"None"},"volume":{"unit":"ml","value":"None"}},{"material":{"unit":"","value":"None"},"volume":{"unit":"ml","value":"None"}}],"htl_doping":[{"material":{"unit":"","value":"None"},"volume":{"unit":"ul","value":"None"}}],"spin_coating":[{"type":{"unit":"","value":"None"},"rpm":{"unit":"","value":"None"},"time":{"unit":"s","value":"None"}}],"vacuum_suction":[{"unit":"s","value":"None"}],"annealing":[{"temperature":{"unit":"oC","value":"300"},"time":{"unit":"m","value":"30"}}],"module":[{"type":{"unit":"","value":"None"},"gap":{"unit":"um","value":"None"},"coating_speed":{"unit":"mm\/s","value":"None"},"feeding_amount":{"unit":"ul","value":"None"}}],"thermal_evaporation":[{"vacuum_evaporation_thickness":{"unit":"nm","value":"None"},"evaporation_rate":{"unit":"\u00c5\/s","value":"None"},"vacuum_pressure":{"unit":"uTorr","value":"None"}}]},{"htl_treatment":[{"material":{"unit":"","value":"MeO-2PACz"},"concentration":{"unit":"","value":"0.33"},"conc_unit":{"unit":"","value":"mg\/ml"},"quantity":{"unit":"ml","value":"1"}}],"solvent":[{"material":{"unit":"","value":"Ethanol"},"volume":{"unit":"ml","value":"1"}},{"material":{"unit":"","value":"None"},"volume":{"unit":"ml","value":"None"}}],"spin_coating":[{"type":{"unit":"","value":"drop&run"},"rpm":{"unit":"","value":"3000"},"time":{"unit":"s","value":"50"}}],"vacuum_suction":[{"unit":"s","value":"None"}],"annealing":[{"temperature":{"unit":"oC","value":"None"},"time":{"unit":"m","value":"None"}}],"module":[{"type":{"unit":"","value":"None"},"gap":{"unit":"um","value":"None"},"coating_speed":{"unit":"mm\/s","value":"None"},"feeding_amount":{"unit":"ul","value":"None"}}],"thermal_evaporation":[{"vacuum_evaporation_thickness":{"unit":"nm","value":"None"},"evaporation_rate":{"unit":"\u00c5\/s","value":"None"},"vacuum_pressure":{"unit":"uTorr","value":"None"}}]},{"perovskite":{"method":{"unit":"","value":"1-step"},"molarity":{"unit":"M","value":"1.45"},"a_site":[{"material":{"unit":"","value":"Cs"},"ratio":{"unit":"","value":"0.175"}},{"material":{"unit":"","value":"FA"},"ratio":{"unit":"","value":"0.825"}}],"b_site":[{"material":{"unit":"","value":"Pb"},"ratio":{"unit":"","value":"1"}},{"material":{"unit":"","value":"None"},"ratio":{"unit":"","value":"0"}}],"x_site":[{"material":{"unit":"","value":"I"},"ratio":{"unit":"","value":"2.55"}},{"material":{"unit":"","value":"Br"},"ratio":{"unit":"","value":"0.45"}}],"solvent":[{"material":{"unit":"","value":"DMF"},"volume":{"unit":"ml","value":"0.8"}},{"material":{"unit":"","value":"DMSO"},"volume":{"unit":"ml","value":"0.2"}}],"additive":[{"material":{"unit":"","value":"None"},"solvent":{"unit":"","value":"None"},"concentration":{"unit":"","value":"None"},"conc_unit":{"unit":"","value":"None"},"quantity":{"unit":"mol%","value":"None"}}],"stirring_time":[{"unit":"m","value":"120"}],"antisolvent":[{"material":{"unit":"","value":"None"},"quantity":{"unit":"ul","value":"None"},"dripping_time":{"unit":"s","value":"None"}}],"spin_coating":[{"type":{"unit":"","value":"drop&run"},"rpm":{"unit":"","value":"4000"},"time":{"unit":"s","value":"10"}}],"vacuum_suction":[{"unit":"s","value":"60"}],"annealing":[{"temperature":{"unit":"oC","value":"100"},"time":{"unit":"m","value":"30"}}],"atmosphere":[{"type":{"unit":"","value":"N2"},"temperature":{"unit":"oC","value":"28"},"humidity":{"unit":"RH%","value":"0"}}],"assist":[{"type":{"unit":"","value":"None"},"temperature":{"unit":"oC","value":"None"},"assist_start_time":{"value":null,"unit":"s"},"total_assist_time":{"value":"None","unit":"s"}}],"module":[{"type":{"unit":"","value":"None"},"gap":{"unit":"um","value":"None"},"coating_speed":{"unit":"mm\/s","value":"None"},"feeding_amount":{"unit":"ul","value":"None"}}],"thermal_evaporation":[{"vacuum_evaporation_thickness":{"unit":"nm","value":"None"},"evaporation_rate":{"unit":"\u00c5\/s","value":"None"},"vacuum_pressure":{"unit":"uTorr","value":"None"}}]}},{"perovskite_treatment":[{"material":{"unit":"","value":"CP"},"concentration":{"unit":"","value":"None"},"conc_unit":{"unit":"","value":"None"},"quantity":{"unit":"ml","value":"0.1"}}],"solvent":[{"material":{"unit":"","value":"None"},"volume":{"unit":"ml","value":"None"}},{"material":{"unit":"","value":"None"},"volume":{"unit":"ml","value":"None"}}],"spin_coating":[{"type":{"unit":"","value":"None"},"rpm":{"unit":"","value":"None"},"time":{"unit":"s","value":"None"}}],"vacuum_suction":[{"unit":"s","value":"None"}],"annealing":[{"temperature":{"unit":"oC","value":"100"},"time":{"unit":"m","value":"5"}}],"module":[{"type":{"unit":"","value":"None"},"gap":{"unit":"um","value":"None"},"coating_speed":{"unit":"mm\/s","value":"None"},"feeding_amount":{"unit":"ul","value":"None"}}],"thermal_evaporation":[{"vacuum_evaporation_thickness":{"unit":"nm","value":"None"},"evaporation_rate":{"unit":"\u00c5\/s","value":"None"},"vacuum_pressure":{"unit":"uTorr","value":"None"}}]},{"etl":[{"material":{"unit":"","value":"C60"},"concentration":{"unit":"","value":"None"},"conc_unit":{"unit":"","value":"None"},"quantity":{"unit":"ml","value":"None"}}],"solvent":[{"material":{"unit":"","value":"None"},"volume":{"unit":"ml","value":"None"}},{"material":{"unit":"","value":"None"},"volume":{"unit":"ml","value":"None"}}],"spin_coating":[{"type":{"unit":"","value":"None"},"rpm":{"unit":"","value":"None"},"time":{"unit":"s","value":"None"}}],"vacuum_suction":[{"unit":"s","value":"None"}],"annealing":[{"temperature":{"unit":"oC","value":"None"},"time":{"unit":"m","value":"None"}}],"etl_doping":[{"material":{"unit":"","value":"None"},"volume":{"unit":"ul","value":"None"}}],"module":[{"type":{"unit":"","value":"None"},"gap":{"unit":"um","value":"None"},"coating_speed":{"unit":"mm\/s","value":"None"},"feeding_amount":{"unit":"ul","value":"None"}}],"thermal_evaporation":[{"vacuum_evaporation_thickness":{"unit":"nm","value":"30"},"evaporation_rate":{"unit":"\u00c5\/s","value":"0.6"},"vacuum_pressure":{"unit":"uTorr","value":"2x10-6"}}]},{"blocking_buffer_layer":[{"material":{"unit":"","value":"BCP"},"concentration":{"unit":"","value":"None"},"conc_unit":{"unit":"","value":"None"},"quantity":{"unit":"ml","value":"None"}}],"solvent":[{"material":{"unit":"","value":"None"},"volume":{"unit":"ml","value":"None"}},{"material":{"unit":"","value":"None"},"volume":{"unit":"ml","value":"None"}}],"spin_coating":[{"type":{"unit":"","value":"None"},"rpm":{"unit":"","value":"None"},"time":{"unit":"s","value":"None"}}],"vacuum_suction":[{"unit":"s","value":"0"}],"annealing":[{"temperature":{"unit":"oC","value":"None"},"time":{"unit":"m","value":"None"}}],"module":[{"type":{"unit":"","value":"None"},"gap":{"unit":"um","value":"None"},"coating_speed":{"unit":"mm\/s","value":"None"},"feeding_amount":{"unit":"ul","value":"None"}}],"thermal_evaporation":[{"vacuum_evaporation_thickness":{"unit":"nm","value":"6"},"evaporation_rate":{"unit":"\u00c5\/s","value":"0.6"},"vacuum_pressure":{"unit":"uTorr","value":"2x10-6"}}]},{"anode_metal":{"unit":"","value":"Ag"}},{"note":{"unit":"","value":"-"},"ar":{"unit":"","value":"0"},"type":{"unit":"","value":"unit_cell"},"device_type":{"unit":"","value":"p-i-n"},"temperature":{"unit":"\u2103","value":"25"},"humidity":{"unit":"%","value":"40"},"cell_dimension":{"unit":"cm2","value":"0.0464"}}],"fileinfo":[{"key":"Forward 94 CP 100 300S_20230804","uploadType":"JV","original_name":"Forward 94 CP 100 300S_20230804-142857.txt","save_name":"JBNU-SC-00352\/Forward 94 CP 100 300S_20230804","uploader":98,"fileType":""},{"key":"Forward 101 CP 100 300S_20230804","uploadType":"JV","original_name":"Forward 101 CP 100 300S_20230804-142939.txt","save_name":"JBNU-SC-00352\/Forward 101 CP 100 300S_20230804","uploader":98,"fileType":""},{"key":"Forward 102 CP 100 300S_20230804","uploadType":"JV","original_name":"Forward 102 CP 100 300S_20230804-143007.txt","save_name":"JBNU-SC-00352\/Forward 102 CP 100 300S_20230804","uploader":98,"fileType":""},{"key":"Forward 103 CP 100 300S_20230804","uploadType":"JV","original_name":"Forward 103 CP 100 300S_20230804-143030.txt","save_name":"JBNU-SC-00352\/Forward 103 CP 100 300S_20230804","uploader":98,"fileType":""},{"key":"Forward 104 CP 100 300S_20230804","uploadType":"JV","original_name":"Forward 104 CP 100 300S_20230804-143044.txt","save_name":"JBNU-SC-00352\/Forward 104 CP 100 300S_20230804","uploader":98,"fileType":""},{"key":"Forward 91 CP 100 300S_20230804","uploadType":"JV","original_name":"Forward 91 CP 100 300S_20230804-142807.txt","save_name":"JBNU-SC-00352\/Forward 91 CP 100 300S_20230804","uploader":98,"fileType":""},{"key":"Forward 92 CP 100 300S_20230804","uploadType":"JV","original_name":"Forward 92 CP 100 300S_20230804-142824.txt","save_name":"JBNU-SC-00352\/Forward 92 CP 100 300S_20230804","uploader":98,"fileType":""},{"key":"Forward 93 CP 100 300S_20230804","uploadType":"JV","original_name":"Forward 93 CP 100 300S_20230804-142841.txt","save_name":"JBNU-SC-00352\/Forward 93 CP 100 300S_20230804","uploader":98,"fileType":""}],"jvcnt":8,"updated_at":"2024-08-07 02:33:50","created_at":"2023-11-20 02:35:29","analysisInfo":{"JV":[{"efficiency":15.5893,"fill_factor":70.9344,"jsc":20.57942126,"voc":1.06791484,"key":"Forward 94 CP 100 300S_20230804","cell_dimension":0.0464},{"efficiency":15.0363,"fill_factor":67.4332,"jsc":20.5819212,"voc":1.08338119,"key":"Forward 93 CP 100 300S_20230804","cell_dimension":0.0464},{"efficiency":14.5891,"fill_factor":67.9336,"jsc":19.55160656,"voc":1.09840173,"key":"Forward 92 CP 100 300S_20230804","cell_dimension":0.0464},{"efficiency":16.7576,"fill_factor":71.417,"jsc":21.0230549,"voc":1.11613065,"key":"Forward 91 CP 100 300S_20230804","cell_dimension":0.0464},{"efficiency":18.264,"fill_factor":72.9798,"jsc":23.26681818,"voc":1.07561195,"key":"Forward 104 CP 100 300S_20230804","cell_dimension":0.0464},{"efficiency":18.0513,"fill_factor":70.6147,"jsc":23.79628742,"voc":1.07424851,"key":"Forward 103 CP 100 300S_20230804","cell_dimension":0.0464},{"efficiency":18.7784,"fill_factor":72.4011,"jsc":23.9705435,"voc":1.08201847,"key":"Forward 102 CP 100 300S_20230804","cell_dimension":0.0464},{"efficiency":19.0007,"fill_factor":71.3804,"jsc":24.15404075,"voc":1.10204763,"key":"Forward 101 CP 100 300S_20230804","cell_dimension":0.0464}]},"public":2,"analysis":{"JV":[{"sample_area":{"value":0.0464,"unit":"cm2"},"irradiance":{"value":1,"unit":""},"pre_sweep_delay":{"value":1,"unit":""},"bias_direction":{"value":0,"unit":""},"max_reverse_bias":{"value":-0.2,"unit":""},"max_forward_bias":{"value":1.3,"unit":""},"num_sweep_points":{"value":31,"unit":""},"dwell_time":{"value":0,"unit":""},"current_limit":{"value":100,"unit":""},"pviv_10a_i_amp":{"value":0,"unit":""},"average":{"value":1,"unit":""},"dark_current":{"value":0,"unit":""},"rshunt_v_lo":{"value":-0.2,"unit":""},"rshunt_v_hi":{"value":0.2,"unit":""},"voc":{"value":1.06791484,"unit":"V"},"isc":{"value":0.00095489,"unit":"A"},"jsc":{"value":20.57942126,"unit":"mA\/cm2"},"imax":{"value":0.00086964,"unit":"A"},"vmax":{"value":0.83177419,"unit":"V"},"pmax":{"value":0.72334407,"unit":"mW"},"fill_factor":{"value":70.9344,"unit":"%"},"efficiency":{"value":15.5893,"unit":"%"},"r_at_voc":{"value":138.862814,"unit":""},"r_at_isc":{"value":61628.033,"unit":""},"power":{"value":0.00091308,"unit":"W"},"rshunt":{"value":"NaN","unit":"ohm"},"cell_temp_start":{"value":"NaN","unit":""},"cell_temp_end":{"value":"NaN","unit":""},"exposure":{"value":3.732,"unit":""},"time":{"value":"14:28:57","unit":""},"date":{"value":"08\/04\/2023","unit":""},"V":{"value":[1.3,1.25,1.2,1.15,1.1,1.05,1,0.95,0.9,0.85,0.8,0.75,0.7,0.65,0.6,0.55,0.5,0.45,0.4,0.35,0.3,0.25,0.2,0.15,0.1,0.05,0,-0.05,-0.1,-0.15,-0.2],"unit":"V"},"I":{"value":[-0.0024552,-0.00176284,-0.00116395,-0.00066649,-0.00023106,0.00012901,0.00040819,0.00062134,0.00076352,0.00084811,0.00089584,0.00091496,0.00092732,0.00093397,0.00093981,0.00094218,0.00094491,0.00094671,0.00094724,0.00094893,0.00094929,0.00095022,0.00095182,0.0009527,0.00095463,0.00095459,0.00095541,0.00095475,0.00095631,0.0009572,0.00095788],"unit":"A"},"J":{"unit":"A\/cm2","value":[-0.05291379310344828,-0.03799224137931034,-0.025085129310344827,-0.014364008620689657,-0.0049797413793103455,0.002780387931034483,0.00879719827586207,0.013390948275862069,0.016455172413793104,0.018278232758620692,0.01930689655172414,0.019718965517241383,0.01998534482758621,0.02012866379310345,0.020254525862068967,0.020305603448275863,0.020364439655172414,0.02040323275862069,0.020414655172413795,0.020451077586206897,0.020458836206896553,0.020478879310344828,0.02051336206896552,0.0205323275862069,0.020573922413793105,0.020573060344827587,0.02059073275862069,0.020576508620689656,0.02061012931034483,0.020629310344827588,0.020643965517241382]},"cell_dimension":{"value":0.0464,"unit":"cm2"},"sweep_direction":{"unit":"","value":"Forward"},"key":"Forward 94 CP 100 300S_20230804"},{"sample_area":{"value":0.0464,"unit":"cm2"},"irradiance":{"value":1,"unit":""},"pre_sweep_delay":{"value":1,"unit":""},"bias_direction":{"value":0,"unit":""},"max_reverse_bias":{"value":-0.2,"unit":""},"max_forward_bias":{"value":1.3,"unit":""},"num_sweep_points":{"value":31,"unit":""},"dwell_time":{"value":0,"unit":""},"current_limit":{"value":100,"unit":""},"pviv_10a_i_amp":{"value":0,"unit":""},"average":{"value":1,"unit":""},"dark_current":{"value":0,"unit":""},"rshunt_v_lo":{"value":-0.2,"unit":""},"rshunt_v_hi":{"value":0.2,"unit":""},"voc":{"value":1.08338119,"unit":"V"},"isc":{"value":0.000955,"unit":"A"},"jsc":{"value":20.5819212,"unit":"mA\/cm2"},"imax":{"value":0.0008588,"unit":"A"},"vmax":{"value":0.81239491,"unit":"V"},"pmax":{"value":0.69768471,"unit":"mW"},"fill_factor":{"value":67.4332,"unit":"%"},"efficiency":{"value":15.0363,"unit":"%"},"r_at_voc":{"value":201.688065,"unit":""},"r_at_isc":{"value":74156.17,"unit":""},"power":{"value":0.00090607,"unit":"W"},"rshunt":{"value":"NaN","unit":"ohm"},"cell_temp_start":{"value":"NaN","unit":""},"cell_temp_end":{"value":"NaN","unit":""},"exposure":{"value":3.924,"unit":""},"time":{"value":"14:28:41","unit":""},"date":{"value":"08\/04\/2023","unit":""},"V":{"value":[1.3,1.25,1.2,1.15,1.1,1.05,1,0.95,0.9,0.85,0.8,0.75,0.7,0.65,0.6,0.55,0.5,0.45,0.4,0.35,0.3,0.25,0.2,0.15,0.1,0.05,0,-0.05,-0.1,-0.15,-0.2],"unit":"V"},"I":{"value":[-0.00152749,-0.00108897,-0.00070694,-0.00036382,-8.24e-5,0.00016551,0.00040254,0.0005795,0.00071418,0.00080772,0.00087075,0.00090125,0.00092043,0.00093054,0.00093646,0.00094026,0.00094297,0.00094555,0.00094842,0.00094896,0.00095053,0.00095157,0.00095237,0.00095377,0.00095378,0.00095449,0.00095483,0.00095549,0.0009558,0.00095642,0.00095854],"unit":"A"},"J":{"unit":"A\/cm2","value":[-0.03292004310344828,-0.023469181034482763,-0.015235775862068967,-0.00784094827586207,-0.0017758620689655173,0.003567025862068966,0.00867543103448276,0.012489224137931037,0.015391810344827587,0.017407758620689658,0.01876616379310345,0.019423491379310348,0.019836853448275862,0.020054741379310344,0.020182327586206895,0.020264224137931035,0.020322629310344828,0.02037823275862069,0.02044008620689655,0.020451724137931036,0.020485560344827587,0.020507974137931036,0.02052521551724138,0.020555387931034487,0.020555603448275863,0.020570905172413795,0.020578232758620692,0.020592456896551727,0.020599137931034486,0.020612500000000002,0.020658189655172417]},"cell_dimension":{"value":0.0464,"unit":"cm2"},"sweep_direction":{"unit":"","value":"Forward"},"key":"Forward 93 CP 100 300S_20230804"},{"sample_area":{"value":0.0464,"unit":"cm2"},"irradiance":{"value":1,"unit":""},"pre_sweep_delay":{"value":1,"unit":""},"bias_direction":{"value":0,"unit":""},"max_reverse_bias":{"value":-0.2,"unit":""},"max_forward_bias":{"value":1.3,"unit":""},"num_sweep_points":{"value":31,"unit":""},"dwell_time":{"value":0,"unit":""},"current_limit":{"value":100,"unit":""},"pviv_10a_i_amp":{"value":0,"unit":""},"average":{"value":1,"unit":""},"dark_current":{"value":0,"unit":""},"rshunt_v_lo":{"value":-0.2,"unit":""},"rshunt_v_hi":{"value":0.2,"unit":""},"voc":{"value":1.09840173,"unit":"V"},"isc":{"value":0.00090719,"unit":"A"},"jsc":{"value":19.55160656,"unit":"mA\/cm2"},"imax":{"value":0.0008159,"unit":"A"},"vmax":{"value":0.82968191,"unit":"V"},"pmax":{"value":0.67693413,"unit":"mW"},"fill_factor":{"value":67.9336,"unit":"%"},"efficiency":{"value":14.5891,"unit":"%"},"r_at_voc":{"value":214.943879,"unit":""},"r_at_isc":{"value":115797.031,"unit":""},"power":{"value":0.00089918,"unit":"W"},"rshunt":{"value":"NaN","unit":"ohm"},"cell_temp_start":{"value":"NaN","unit":""},"cell_temp_end":{"value":"NaN","unit":""},"exposure":{"value":3.922,"unit":""},"time":{"value":"14:28:24","unit":""},"date":{"value":"08\/04\/2023","unit":""},"V":{"value":[1.3,1.25,1.2,1.15,1.1,1.05,1,0.95,0.9,0.85,0.8,0.75,0.7,0.65,0.6,0.55,0.5,0.45,0.4,0.35,0.3,0.25,0.2,0.15,0.1,0.05,0,-0.05,-0.1,-0.15,-0.2],"unit":"V"},"I":{"value":[-4.41e-6,-0.00089225,-0.00056319,-0.00026532,-7.44e-6,0.00022518,0.00043288,0.00059921,0.00071472,0.00079381,0.00084141,0.00087094,0.00088251,0.00088992,0.00089641,0.00089891,0.00090034,0.0009016,0.00090317,0.00090421,0.0009043,0.00090415,0.00090585,0.00090676,0.00090658,0.00090707,0.00090819,0.00090657,0.00090709,0.00090857,0.00090927],"unit":"A"},"J":{"unit":"A\/cm2","value":[-9.504310344827587e-5,-0.01922952586206897,-0.01213771551724138,-0.005718103448275862,-0.0001603448275862069,0.004853017241379311,0.009329310344827587,0.012914008620689655,0.01540344827586207,0.017107974137931036,0.018133836206896552,0.018770258620689654,0.01901961206896552,0.019179310344827588,0.01931918103448276,0.019373060344827588,0.01940387931034483,0.01943103448275862,0.019464870689655175,0.019487284482758622,0.019489224137931038,0.019485991379310348,0.01952262931034483,0.01954224137931035,0.01953836206896552,0.019548922413793104,0.019573060344827586,0.019538146551724138,0.019549353448275863,0.01958125,0.019596336206896554]},"cell_dimension":{"value":0.0464,"unit":"cm2"},"sweep_direction":{"unit":"","value":"Forward"},"key":"Forward 92 CP 100 300S_20230804"},{"sample_area":{"value":0.0464,"unit":"cm2"},"irradiance":{"value":1,"unit":""},"pre_sweep_delay":{"value":1,"unit":""},"bias_direction":{"value":0,"unit":""},"max_reverse_bias":{"value":-0.2,"unit":""},"max_forward_bias":{"value":1.3,"unit":""},"num_sweep_points":{"value":31,"unit":""},"dwell_time":{"value":0,"unit":""},"current_limit":{"value":100,"unit":""},"pviv_10a_i_amp":{"value":0,"unit":""},"average":{"value":1,"unit":""},"dark_current":{"value":0,"unit":""},"rshunt_v_lo":{"value":-0.2,"unit":""},"rshunt_v_hi":{"value":0.2,"unit":""},"voc":{"value":1.11613065,"unit":"V"},"isc":{"value":0.00097547,"unit":"A"},"jsc":{"value":21.0230549,"unit":"mA\/cm2"},"imax":{"value":0.00089516,"unit":"A"},"vmax":{"value":0.86862165,"unit":"V"},"pmax":{"value":0.77755393,"unit":"mW"},"fill_factor":{"value":71.417,"unit":"%"},"efficiency":{"value":16.7576,"unit":"%"},"r_at_voc":{"value":145.439652,"unit":""},"r_at_isc":{"value":141024.918,"unit":""},"power":{"value":0.00097852,"unit":"W"},"rshunt":{"value":"NaN","unit":"ohm"},"cell_temp_start":{"value":"NaN","unit":""},"cell_temp_end":{"value":"NaN","unit":""},"exposure":{"value":3.73,"unit":""},"time":{"value":"14:28:07","unit":""},"date":{"value":"08\/04\/2023","unit":""},"V":{"value":[1.3,1.25,1.2,1.15,1.1,1.05,1,0.95,0.9,0.85,0.8,0.75,0.7,0.65,0.6,0.55,0.5,0.45,0.4,0.35,0.3,0.25,0.2,0.15,0.1,0.05,0,-0.05,-0.1,-0.15,-0.2],"unit":"V"},"I":{"value":[-0.00173987,-0.00115398,-0.00064232,-0.00023288,0.00011091,0.00038063,0.00060111,0.00075568,0.00085501,0.00091196,0.00093957,0.00095556,0.00096506,0.00096725,0.00097031,0.00097053,0.00097329,0.00097249,0.0009728,0.00097367,0.00097473,0.00097276,0.00097358,0.00097343,0.00097555,0.0009747,0.00097489,0.00097715,0.00097648,0.00097689,0.00097612],"unit":"A"},"J":{"unit":"A\/cm2","value":[-0.03749719827586207,-0.024870258620689655,-0.013843103448275863,-0.00501896551724138,0.002390301724137931,0.00820323275862069,0.012954956896551724,0.016286206896551726,0.018426939655172416,0.019654310344827588,0.020249353448275866,0.02059396551724138,0.020798706896551725,0.020845905172413796,0.020911853448275865,0.020916594827586208,0.020976077586206898,0.020958836206896553,0.020965517241379312,0.020984267241379313,0.02100711206896552,0.020964655172413794,0.020982327586206898,0.020979094827586208,0.021024784482758622,0.02100646551724138,0.021010560344827588,0.021059267241379312,0.021044827586206898,0.02105366379310345,0.021037068965517245]},"cell_dimension":{"value":0.0464,"unit":"cm2"},"sweep_direction":{"unit":"","value":"Forward"},"key":"Forward 91 CP 100 300S_20230804"},{"sample_area":{"value":0.0464,"unit":"cm2"},"irradiance":{"value":1,"unit":""},"pre_sweep_delay":{"value":1,"unit":""},"bias_direction":{"value":0,"unit":""},"max_reverse_bias":{"value":-0.2,"unit":""},"max_forward_bias":{"value":1.3,"unit":""},"num_sweep_points":{"value":31,"unit":""},"dwell_time":{"value":0,"unit":""},"current_limit":{"value":100,"unit":""},"pviv_10a_i_amp":{"value":0,"unit":""},"average":{"value":1,"unit":""},"dark_current":{"value":0,"unit":""},"rshunt_v_lo":{"value":-0.2,"unit":""},"rshunt_v_hi":{"value":0.2,"unit":""},"voc":{"value":1.07561195,"unit":"V"},"isc":{"value":0.00107958,"unit":"A"},"jsc":{"value":23.26681818,"unit":"mA\/cm2"},"imax":{"value":0.00098565,"unit":"A"},"vmax":{"value":0.85978643,"unit":"V"},"pmax":{"value":0.847448,"unit":"mW"},"fill_factor":{"value":72.9798,"unit":"%"},"efficiency":{"value":18.264,"unit":"%"},"r_at_voc":{"value":112.279416,"unit":""},"r_at_isc":{"value":125456.204,"unit":""},"power":{"value":0.00105478,"unit":"W"},"rshunt":{"value":"NaN","unit":"ohm"},"cell_temp_start":{"value":"NaN","unit":""},"cell_temp_end":{"value":"NaN","unit":""},"exposure":{"value":3.859,"unit":""},"time":{"value":"14:30:44","unit":""},"date":{"value":"08\/04\/2023","unit":""},"V":{"value":[1.3,1.25,1.2,1.15,1.1,1.05,1,0.95,0.9,0.85,0.8,0.75,0.7,0.65,0.6,0.55,0.5,0.45,0.4,0.35,0.3,0.25,0.2,0.15,0.1,0.05,0,-0.05,-0.1,-0.15,-0.2],"unit":"V"},"I":{"value":[-0.00310028,-0.00219499,-0.00141949,-0.00077975,-0.00021721,0.00022811,0.00057043,0.00079805,0.00092592,0.00099619,0.00103248,0.00104804,0.00105503,0.00106023,0.00106527,0.0010679,0.00107099,0.00107213,0.00107462,0.00107547,0.00107657,0.00107779,0.00107889,0.00107882,0.00107886,0.00107905,0.0010809,0.0010765,0.00108002,0.00108088,0.00108271],"unit":"A"},"J":{"unit":"A\/cm2","value":[-0.06681637931034483,-0.04730581896551724,-0.030592456896551726,-0.016804956896551725,-0.0046812500000000005,0.004916163793103449,0.01229375,0.017199353448275865,0.019955172413793104,0.02146961206896552,0.022251724137931035,0.022587068965517244,0.02273771551724138,0.02284978448275862,0.022958405172413796,0.023015086206896556,0.02308168103448276,0.02310625,0.02315991379310345,0.02317823275862069,0.023201939655172414,0.02322823275862069,0.02325193965517242,0.023250431034482762,0.02325129310344828,0.023255387931034485,0.02329525862068966,0.02320043103448276,0.023276293103448274,0.0232948275862069,0.02333426724137931]},"cell_dimension":{"value":0.0464,"unit":"cm2"},"sweep_direction":{"unit":"","value":"Forward"},"key":"Forward 104 CP 100 300S_20230804"},{"sample_area":{"value":0.0464,"unit":"cm2"},"irradiance":{"value":1,"unit":""},"pre_sweep_delay":{"value":1,"unit":""},"bias_direction":{"value":0,"unit":""},"max_reverse_bias":{"value":-0.2,"unit":""},"max_forward_bias":{"value":1.3,"unit":""},"num_sweep_points":{"value":31,"unit":""},"dwell_time":{"value":0,"unit":""},"current_limit":{"value":100,"unit":""},"pviv_10a_i_amp":{"value":0,"unit":""},"average":{"value":1,"unit":""},"dark_current":{"value":0,"unit":""},"rshunt_v_lo":{"value":-0.2,"unit":""},"rshunt_v_hi":{"value":0.2,"unit":""},"voc":{"value":1.07424851,"unit":"V"},"isc":{"value":0.00110415,"unit":"A"},"jsc":{"value":23.79628742,"unit":"mA\/cm2"},"imax":{"value":0.00100972,"unit":"A"},"vmax":{"value":0.8295179,"unit":"V"},"pmax":{"value":0.83758129,"unit":"mW"},"fill_factor":{"value":70.6147,"unit":"%"},"efficiency":{"value":18.0513,"unit":"%"},"r_at_voc":{"value":141.223629,"unit":""},"r_at_isc":{"value":73923.738,"unit":""},"power":{"value":0.00105807,"unit":"W"},"rshunt":{"value":"NaN","unit":"ohm"},"cell_temp_start":{"value":"NaN","unit":""},"cell_temp_end":{"value":"NaN","unit":""},"exposure":{"value":3.839,"unit":""},"time":{"value":"14:30:30","unit":""},"date":{"value":"08\/04\/2023","unit":""},"V":{"value":[1.3,1.25,1.2,1.15,1.1,1.05,1,0.95,0.9,0.85,0.8,0.75,0.7,0.65,0.6,0.55,0.5,0.45,0.4,0.35,0.3,0.25,0.2,0.15,0.1,0.05,0,-0.05,-0.1,-0.15,-0.2],"unit":"V"},"I":{"value":[-0.00201493,-0.00149729,-0.00101944,-0.0005888,-0.00018235,0.0001717,0.00047733,0.00071675,0.00087953,0.00098102,0.00103829,0.00106018,0.0010731,0.00108205,0.00108745,0.00109079,0.00109368,0.00109498,0.00109689,0.00109854,0.00109996,0.00110112,0.0011015,0.00110251,0.00110291,0.00110299,0.0011046,0.00110279,0.00110557,0.00110699,0.00110725],"unit":"A"},"J":{"unit":"A\/cm2","value":[-0.04342521551724138,-0.032269181034482765,-0.021970689655172414,-0.012689655172413794,-0.003929956896551724,0.0037004310344827588,0.01028728448275862,0.015447198275862072,0.018955387931034483,0.021142672413793105,0.022376939655172418,0.022848706896551725,0.023127155172413795,0.023320043103448276,0.023436422413793106,0.02350840517241379,0.02357068965517242,0.023598706896551726,0.023639870689655177,0.02367543103448276,0.023706034482758626,0.02373103448275862,0.023739224137931038,0.023760991379310346,0.023769612068965516,0.023771336206896556,0.023806034482758625,0.023767025862068965,0.023826939655172415,0.023857543103448276,0.023863146551724137]},"cell_dimension":{"value":0.0464,"unit":"cm2"},"sweep_direction":{"unit":"","value":"Forward"},"key":"Forward 103 CP 100 300S_20230804"},{"sample_area":{"value":0.0464,"unit":"cm2"},"irradiance":{"value":1,"unit":""},"pre_sweep_delay":{"value":1,"unit":""},"bias_direction":{"value":0,"unit":""},"max_reverse_bias":{"value":-0.2,"unit":""},"max_forward_bias":{"value":1.3,"unit":""},"num_sweep_points":{"value":31,"unit":""},"dwell_time":{"value":0,"unit":""},"current_limit":{"value":100,"unit":""},"pviv_10a_i_amp":{"value":0,"unit":""},"average":{"value":1,"unit":""},"dark_current":{"value":0,"unit":""},"rshunt_v_lo":{"value":-0.2,"unit":""},"rshunt_v_hi":{"value":0.2,"unit":""},"voc":{"value":1.08201847,"unit":"V"},"isc":{"value":0.00111223,"unit":"A"},"jsc":{"value":23.9705435,"unit":"mA\/cm2"},"imax":{"value":0.00101434,"unit":"A"},"vmax":{"value":0.85899802,"unit":"V"},"pmax":{"value":0.8713161,"unit":"mW"},"fill_factor":{"value":72.4011,"unit":"%"},"efficiency":{"value":18.7784,"unit":"%"},"r_at_voc":{"value":125.818861,"unit":""},"r_at_isc":{"value":71037.404,"unit":""},"power":{"value":0.00108409,"unit":"W"},"rshunt":{"value":"NaN","unit":"ohm"},"cell_temp_start":{"value":"NaN","unit":""},"cell_temp_end":{"value":"NaN","unit":""},"exposure":{"value":3.859,"unit":""},"time":{"value":"14:30:07","unit":""},"date":{"value":"08\/04\/2023","unit":""},"V":{"value":[1.3,1.25,1.2,1.15,1.1,1.05,1,0.95,0.9,0.85,0.8,0.75,0.7,0.65,0.6,0.55,0.5,0.45,0.4,0.35,0.3,0.25,0.2,0.15,0.1,0.05,0,-0.05,-0.1,-0.15,-0.2],"unit":"V"},"I":{"value":[-0.00245405,-0.00176591,-0.00115278,-0.00062813,-0.00014292,0.00025448,0.00056497,0.00079525,0.00094512,0.00102413,0.0010568,0.00107538,0.00108655,0.00109268,0.00109757,0.00110015,0.00110308,0.00110412,0.00110516,0.00110713,0.00110747,0.0011093,0.00110923,0.00110988,0.00111123,0.00111154,0.00111275,0.00111244,0.00111378,0.00111428,0.00111491],"unit":"A"},"J":{"unit":"A\/cm2","value":[-0.05288900862068966,-0.038058405172413795,-0.02484439655172414,-0.013537284482758621,-0.0030801724137931035,0.00548448275862069,0.012176077586206898,0.017139008620689657,0.02036896551724138,0.02207176724137931,0.02277586206896552,0.023176293103448275,0.023417025862068966,0.023549137931034483,0.023654525862068967,0.02371012931034483,0.023773275862068968,0.023795689655172418,0.023818103448275865,0.02386056034482759,0.023867887931034483,0.023907327586206898,0.02390581896551724,0.023919827586206897,0.023948922413793105,0.023955603448275863,0.02398168103448276,0.023975,0.02400387931034483,0.024014655172413794,0.02402823275862069]},"cell_dimension":{"value":0.0464,"unit":"cm2"},"sweep_direction":{"unit":"","value":"Forward"},"key":"Forward 102 CP 100 300S_20230804"},{"sample_area":{"value":0.0464,"unit":"cm2"},"irradiance":{"value":1,"unit":""},"pre_sweep_delay":{"value":1,"unit":""},"bias_direction":{"value":0,"unit":""},"max_reverse_bias":{"value":-0.2,"unit":""},"max_forward_bias":{"value":1.3,"unit":""},"num_sweep_points":{"value":31,"unit":""},"dwell_time":{"value":0,"unit":""},"current_limit":{"value":100,"unit":""},"pviv_10a_i_amp":{"value":0,"unit":""},"average":{"value":1,"unit":""},"dark_current":{"value":0,"unit":""},"rshunt_v_lo":{"value":-0.2,"unit":""},"rshunt_v_hi":{"value":0.2,"unit":""},"voc":{"value":1.10204763,"unit":"V"},"isc":{"value":0.00112075,"unit":"A"},"jsc":{"value":24.15404075,"unit":"mA\/cm2"},"imax":{"value":0.00101693,"unit":"A"},"vmax":{"value":0.86695572,"unit":"V"},"pmax":{"value":0.88163162,"unit":"mW"},"fill_factor":{"value":71.3804,"unit":"%"},"efficiency":{"value":19.0007,"unit":"%"},"r_at_voc":{"value":126.200676,"unit":""},"r_at_isc":{"value":93198.224,"unit":""},"power":{"value":0.00110881,"unit":"W"},"rshunt":{"value":"NaN","unit":"ohm"},"cell_temp_start":{"value":"NaN","unit":""},"cell_temp_end":{"value":"NaN","unit":""},"exposure":{"value":4.027,"unit":""},"time":{"value":"14:29:39","unit":""},"date":{"value":"08\/04\/2023","unit":""},"V":{"value":[1.3,1.25,1.2,1.15,1.1,1.05,1,0.95,0.9,0.85,0.8,0.75,0.7,0.65,0.6,0.55,0.5,0.45,0.4,0.35,0.3,0.25,0.2,0.15,0.1,0.05,0,-0.05,-0.1,-0.15,-0.2],"unit":"V"},"I":{"value":[-0.00228879,-0.00153422,-0.00090696,-0.00037997,1.623e-5,0.00035199,0.00064476,0.00084719,0.00096948,0.00103498,0.00107098,0.00108852,0.00110017,0.00110532,0.00110907,0.00111157,0.00111384,0.00111426,0.0011157,0.00111651,0.00111746,0.00111816,0.00111866,0.00111982,0.00111943,0.00111975,0.00112046,0.00112128,0.00112123,0.00112308,0.001123],"unit":"A"},"J":{"unit":"A\/cm2","value":[-0.04932737068965518,-0.033065086206896556,-0.019546551724137932,-0.008189008620689655,0.0003497844827586207,0.0075859913793103455,0.013895689655172414,0.018258405172413797,0.020893965517241382,0.022305603448275865,0.02308146551724138,0.02345948275862069,0.023710560344827585,0.02382155172413793,0.023902370689655172,0.023956250000000005,0.024005172413793106,0.024014224137931035,0.02404525862068966,0.02406271551724138,0.024083189655172418,0.024098275862068967,0.024109051724137933,0.024134051724137934,0.02412564655172414,0.02413254310344828,0.02414784482758621,0.024165517241379313,0.024164439655172416,0.02420431034482759,0.024202586206896554]},"cell_dimension":{"value":0.0464,"unit":"cm2"},"sweep_direction":{"unit":"","value":"Forward"},"key":"Forward 101 CP 100 300S_20230804"}]}}