{"_id":"65365d465d0e997149349d33","id":"JBNU-SC-00225","author":98,"group":10,"input":[{"tco":{"unit":"","value":"ITO"}},{"htl":[{"material":{"unit":"","value":"NiO_Sputter"},"concentration":{"unit":"","value":"None"},"conc_unit":{"unit":"","value":"None"},"quantity":{"unit":"ml","value":"None"}}],"solvent":[{"material":{"unit":"","value":"None"},"volume":{"unit":"ml","value":"None"}},{"material":{"unit":"","value":"None"},"volume":{"unit":"ml","value":"None"}}],"htl_doping":[{"material":{"unit":"","value":"None"},"volume":{"unit":"ul","value":"None"}}],"spin_coating":[{"type":{"unit":"","value":"None"},"rpm":{"unit":"","value":"None"},"time":{"unit":"s","value":"None"}}],"vacuum_suction":[{"unit":"s","value":"None"}],"annealing":[{"temperature":{"unit":"oC","value":"300"},"time":{"unit":"m","value":"30"}}],"module":[{"type":{"unit":"","value":"None"},"gap":{"unit":"um","value":"None"},"coating_speed":{"unit":"mm\/s","value":"None"},"feeding_amount":{"unit":"ul","value":"None"}}],"thermal_evaporation":[{"vacuum_evaporation_thickness":{"unit":"nm","value":"None"},"evaporation_rate":{"unit":"\u00c5\/s","value":"None"},"vacuum_pressure":{"unit":"uTorr","value":"None"}}]},{"htl_treatment":[{"material":{"unit":"","value":"MeO-2PACz"},"concentration":{"unit":"","value":"0.33"},"conc_unit":{"unit":"","value":"mg\/ml"},"quantity":{"unit":"ml","value":"0.5"}},{"material":{"unit":"","value":"Me-4PACz"},"concentration":{"unit":"","value":"0.33"},"conc_unit":{"unit":"","value":"mg\/ml"},"quantity":{"unit":"ml","value":"0.5"}}],"solvent":[{"material":{"unit":"","value":"Ethanol"},"volume":{"unit":"ml","value":"1"}},{"material":{"unit":"","value":"None"},"volume":{"unit":"ml","value":"None"}},{"material":{"unit":"","value":"Ethanol"},"volume":{"unit":"ml","value":"1"}},{"material":{"unit":"","value":"None"},"volume":{"unit":"ml","value":"None"}}],"spin_coating":[{"type":{"unit":"","value":"drop&run"},"rpm":{"unit":"","value":"3000"},"time":{"unit":"s","value":"50"}}],"vacuum_suction":[{"unit":"s","value":"10"}],"annealing":[{"temperature":{"unit":"oC","value":"None"},"time":{"unit":"m","value":"None"}}],"module":[{"type":{"unit":"","value":"None"},"gap":{"unit":"um","value":"None"},"coating_speed":{"unit":"mm\/s","value":"None"},"feeding_amount":{"unit":"ul","value":"None"}}],"thermal_evaporation":[{"vacuum_evaporation_thickness":{"unit":"nm","value":"None"},"evaporation_rate":{"unit":"\u00c5\/s","value":"None"},"vacuum_pressure":{"unit":"uTorr","value":"None"}}]},{"perovskite":{"method":{"unit":"","value":"1-step"},"molarity":{"unit":"M","value":"1.45"},"a_site":[{"material":{"unit":"","value":"Cs"},"ratio":{"unit":"","value":"0.175"}},{"material":{"unit":"","value":"FA"},"ratio":{"unit":"","value":"0.825"}}],"b_site":[{"material":{"unit":"","value":"Pb"},"ratio":{"unit":"","value":"1"}},{"material":{"unit":"","value":"None"},"ratio":{"unit":"","value":"0"}}],"x_site":[{"material":{"unit":"","value":"I"},"ratio":{"unit":"","value":"2.55"}},{"material":{"unit":"","value":"Br"},"ratio":{"unit":"","value":"0.45"}}],"solvent":[{"material":{"unit":"","value":"DMF"},"volume":{"unit":"ml","value":"0.72"}},{"material":{"unit":"","value":"DMSO"},"volume":{"unit":"ml","value":"0.18"}}],"additive":[{"material":{"unit":"","value":"None"},"solvent":{"unit":"","value":"None"},"concentration":{"unit":"","value":"None"},"conc_unit":{"unit":"","value":"None"},"quantity":{"unit":"mol%","value":"None"}}],"stirring_time":[{"unit":"m","value":"120"}],"antisolvent":[{"material":{"unit":"","value":"None"},"quantity":{"unit":"ul","value":"None"},"dripping_time":{"unit":"s","value":"None"}}],"spin_coating":[{"type":{"unit":"","value":"drop&run"},"rpm":{"unit":"","value":"4000"},"time":{"unit":"s","value":"10"}}],"vacuum_suction":[{"unit":"s","value":"60"}],"annealing":[{"temperature":{"unit":"oC","value":"100"},"time":{"unit":"m","value":"30"}}],"atmosphere":[{"type":{"unit":"","value":"N2"},"temperature":{"unit":"oC","value":"28"},"humidity":{"unit":"RH%","value":"0"}}],"assist":[{"type":{"unit":"","value":"None"},"temperature":{"unit":"oC","value":"None"},"assist_start_time":{"value":null,"unit":"s"},"total_assist_time":{"value":"None","unit":"s"}}],"module":[{"type":{"unit":"","value":"None"},"gap":{"unit":"um","value":"None"},"coating_speed":{"unit":"mm\/s","value":"None"},"feeding_amount":{"unit":"ul","value":"None"}}],"thermal_evaporation":[{"vacuum_evaporation_thickness":{"unit":"nm","value":"None"},"evaporation_rate":{"unit":"\u00c5\/s","value":"None"},"vacuum_pressure":{"unit":"uTorr","value":"None"}}]}},{"perovskite_treatment":[{"material":{"unit":"","value":"None"},"concentration":{"unit":"","value":"None"},"conc_unit":{"unit":"","value":"None"},"quantity":{"unit":"ml","value":"None"}}],"solvent":[{"material":{"unit":"","value":"None"},"volume":{"unit":"ml","value":"None"}},{"material":{"unit":"","value":"None"},"volume":{"unit":"ml","value":"None"}}],"spin_coating":[{"type":{"unit":"","value":"None"},"rpm":{"unit":"","value":"None"},"time":{"unit":"s","value":"None"}}],"vacuum_suction":[{"unit":"s","value":"None"}],"annealing":[{"temperature":{"unit":"oC","value":"None"},"time":{"unit":"m","value":"None"}}],"module":[{"type":{"unit":"","value":"None"},"gap":{"unit":"um","value":"None"},"coating_speed":{"unit":"mm\/s","value":"None"},"feeding_amount":{"unit":"ul","value":"None"}}],"thermal_evaporation":[{"vacuum_evaporation_thickness":{"unit":"nm","value":"None"},"evaporation_rate":{"unit":"\u00c5\/s","value":"None"},"vacuum_pressure":{"unit":"uTorr","value":"None"}}]},{"etl":[{"material":{"unit":"","value":"C60"},"concentration":{"unit":"","value":"None"},"conc_unit":{"unit":"","value":"None"},"quantity":{"unit":"ml","value":"None"}}],"solvent":[{"material":{"unit":"","value":"None"},"volume":{"unit":"ml","value":"None"}},{"material":{"unit":"","value":"None"},"volume":{"unit":"ml","value":"None"}}],"spin_coating":[{"type":{"unit":"","value":"None"},"rpm":{"unit":"","value":"None"},"time":{"unit":"s","value":"None"}}],"vacuum_suction":[{"unit":"s","value":"None"}],"annealing":[{"temperature":{"unit":"oC","value":"None"},"time":{"unit":"m","value":"None"}}],"etl_doping":[{"material":{"unit":"","value":"None"},"volume":{"unit":"ul","value":"None"}}],"module":[{"type":{"unit":"","value":"None"},"gap":{"unit":"um","value":"None"},"coating_speed":{"unit":"mm\/s","value":"None"},"feeding_amount":{"unit":"ul","value":"None"}}],"thermal_evaporation":[{"vacuum_evaporation_thickness":{"unit":"nm","value":"30"},"evaporation_rate":{"unit":"\u00c5\/s","value":"0.6"},"vacuum_pressure":{"unit":"uTorr","value":"2x10-6"}}]},{"blocking_buffer_layer":[{"material":{"unit":"","value":"BCP"},"concentration":{"unit":"","value":"None"},"conc_unit":{"unit":"","value":"None"},"quantity":{"unit":"ml","value":"None"}}],"solvent":[{"material":{"unit":"","value":"None"},"volume":{"unit":"ml","value":"None"}},{"material":{"unit":"","value":"None"},"volume":{"unit":"ml","value":"None"}}],"spin_coating":[{"type":{"unit":"","value":"None"},"rpm":{"unit":"","value":"None"},"time":{"unit":"s","value":"None"}}],"vacuum_suction":[{"unit":"s","value":"0"}],"annealing":[{"temperature":{"unit":"oC","value":"None"},"time":{"unit":"m","value":"None"}}],"module":[{"type":{"unit":"","value":"None"},"gap":{"unit":"um","value":"None"},"coating_speed":{"unit":"mm\/s","value":"None"},"feeding_amount":{"unit":"ul","value":"None"}}],"thermal_evaporation":[{"vacuum_evaporation_thickness":{"unit":"nm","value":"6"},"evaporation_rate":{"unit":"\u00c5\/s","value":"0.6"},"vacuum_pressure":{"unit":"uTorr","value":"2x10-6"}}]},{"anode_metal":{"unit":"","value":"Ag"}},{"note":{"unit":"","value":"-"},"ar":{"unit":"","value":"0"},"type":{"unit":"","value":"unit_cell"},"device_type":{"unit":"","value":"p-i-n"},"temperature":{"unit":"\u2103","value":"25"},"humidity":{"unit":"%","value":"40"},"cell_dimension":{"unit":"cm2","value":"0.0464"}}],"fileinfo":[{"key":"forward 131 MeO-Me 1-1 1mM OLAI X_20230714","uploadType":"JV","original_name":"forward 131 MeO-Me 1-1 1mM OLAI X_20230714-104928.txt","save_name":"JBNU-SC-00225\/forward 131 MeO-Me 1-1 1mM OLAI X_20230714","uploader":98,"fileType":""},{"key":"forward 132 MeO-Me 1-1 1mM OLAI X_20230714","uploadType":"JV","original_name":"forward 132 MeO-Me 1-1 1mM OLAI X_20230714-104953.txt","save_name":"JBNU-SC-00225\/forward 132 MeO-Me 1-1 1mM OLAI X_20230714","uploader":98,"fileType":""},{"key":"forward 133 MeO-Me 1-1 1mM OLAI X_20230714","uploadType":"JV","original_name":"forward 133 MeO-Me 1-1 1mM OLAI X_20230714-105005.txt","save_name":"JBNU-SC-00225\/forward 133 MeO-Me 1-1 1mM OLAI X_20230714","uploader":98,"fileType":""},{"key":"forward 134 MeO-Me 1-1 1mM OLAI X_20230714","uploadType":"JV","original_name":"forward 134 MeO-Me 1-1 1mM OLAI X_20230714-105022.txt","save_name":"JBNU-SC-00225\/forward 134 MeO-Me 1-1 1mM OLAI X_20230714","uploader":98,"fileType":""}],"jvcnt":4,"updated_at":"2024-08-07 02:33:50","created_at":"2023-10-23 11:47:18","analysisInfo":{"JV":[{"efficiency":16.7011,"fill_factor":71.0747,"jsc":22.01052371,"voc":1.06758079,"key":"forward 134 MeO-Me 1-1 1mM OLAI X_20230714","cell_dimension":0.0464},{"efficiency":18.0782,"fill_factor":74.4205,"jsc":22.55466164,"voc":1.07702771,"key":"forward 133 MeO-Me 1-1 1mM OLAI X_20230714","cell_dimension":0.0464},{"efficiency":17.691,"fill_factor":73.894,"jsc":22.54785149,"voc":1.06178745,"key":"forward 132 MeO-Me 1-1 1mM OLAI X_20230714","cell_dimension":0.0464},{"efficiency":18.0976,"fill_factor":73.6823,"jsc":22.91809777,"voc":1.07171485,"key":"forward 131 MeO-Me 1-1 1mM OLAI X_20230714","cell_dimension":0.0464}]},"public":2,"analysis":{"JV":[{"sample_area":{"value":0.0464,"unit":"cm2"},"irradiance":{"value":1,"unit":""},"pre_sweep_delay":{"value":1,"unit":""},"bias_direction":{"value":0,"unit":""},"max_reverse_bias":{"value":-0.2,"unit":""},"max_forward_bias":{"value":1.3,"unit":""},"num_sweep_points":{"value":31,"unit":""},"dwell_time":{"value":0,"unit":""},"current_limit":{"value":100,"unit":""},"pviv_10a_i_amp":{"value":0,"unit":""},"average":{"value":1,"unit":""},"dark_current":{"value":0,"unit":""},"rshunt_v_lo":{"value":-0.2,"unit":""},"rshunt_v_hi":{"value":0.2,"unit":""},"voc":{"value":1.06758079,"unit":"V"},"isc":{"value":0.00102129,"unit":"A"},"jsc":{"value":22.01052371,"unit":"mA\/cm2"},"imax":{"value":0.00089054,"unit":"A"},"vmax":{"value":0.87018451,"unit":"V"},"pmax":{"value":0.77493298,"unit":"mW"},"fill_factor":{"value":71.0747,"unit":"%"},"efficiency":{"value":16.7011,"unit":"%"},"r_at_voc":{"value":100.085373,"unit":""},"r_at_isc":{"value":32626.814,"unit":""},"power":{"value":0.00098083,"unit":"W"},"rshunt":{"value":"NaN","unit":"ohm"},"cell_temp_start":{"value":"NaN","unit":""},"cell_temp_end":{"value":"NaN","unit":""},"exposure":{"value":3.736,"unit":""},"time":{"value":"10:50:22","unit":""},"date":{"value":"07\/14\/2023","unit":""},"V":{"value":[1.3,1.25,1.2,1.15,1.1,1.05,1,0.95,0.9,0.85,0.8,0.75,0.7,0.65,0.6,0.55,0.5,0.45,0.4,0.35,0.3,0.25,0.2,0.15,0.1,0.05,0,-0.05,-0.1,-0.15,-0.2],"unit":"V"},"I":{"value":[-0.00401426,-0.0028484,-0.00183962,-0.0010248,-0.00032392,0.00017566,0.00051845,0.00073278,0.00085334,0.00090913,0.00094309,0.00096388,0.00097794,0.00098614,0.0009916,0.00099715,0.0010002,0.00100312,0.00100639,0.00100807,0.00101184,0.00101245,0.00101555,0.00101739,0.00101829,0.00102033,0.00102169,0.00102283,0.00102451,0.00102575,0.00102668],"unit":"A"},"J":{"unit":"A\/cm2","value":[-0.08651422413793104,-0.061387931034482764,-0.03964698275862069,-0.022086206896551726,-0.006981034482758621,0.003785775862068966,0.011173491379310346,0.015792672413793105,0.01839094827586207,0.01959331896551724,0.020325215517241382,0.020773275862068966,0.021076293103448277,0.02125301724137931,0.021370689655172415,0.021490301724137933,0.02155603448275862,0.02161896551724138,0.021689439655172414,0.02172564655172414,0.021806896551724138,0.02182004310344828,0.021886853448275866,0.021926508620689657,0.021945905172413797,0.021989870689655175,0.02201918103448276,0.02204375,0.022079956896551726,0.02210668103448276,0.02212672413793104]},"cell_dimension":{"value":0.0464,"unit":"cm2"},"sweep_direction":{"unit":"","value":"Forward"},"key":"forward 134 MeO-Me 1-1 1mM OLAI X_20230714"},{"sample_area":{"value":0.0464,"unit":"cm2"},"irradiance":{"value":1,"unit":""},"pre_sweep_delay":{"value":1,"unit":""},"bias_direction":{"value":0,"unit":""},"max_reverse_bias":{"value":-0.2,"unit":""},"max_forward_bias":{"value":1.3,"unit":""},"num_sweep_points":{"value":31,"unit":""},"dwell_time":{"value":0,"unit":""},"current_limit":{"value":100,"unit":""},"pviv_10a_i_amp":{"value":0,"unit":""},"average":{"value":1,"unit":""},"dark_current":{"value":0,"unit":""},"rshunt_v_lo":{"value":-0.2,"unit":""},"rshunt_v_hi":{"value":0.2,"unit":""},"voc":{"value":1.07702771,"unit":"V"},"isc":{"value":0.00104654,"unit":"A"},"jsc":{"value":22.55466164,"unit":"mA\/cm2"},"imax":{"value":0.00096148,"unit":"A"},"vmax":{"value":0.8724355,"unit":"V"},"pmax":{"value":0.83882918,"unit":"mW"},"fill_factor":{"value":74.4205,"unit":"%"},"efficiency":{"value":18.0782,"unit":"%"},"r_at_voc":{"value":104.399107,"unit":""},"r_at_isc":{"value":47895.64,"unit":""},"power":{"value":0.00102886,"unit":"W"},"rshunt":{"value":"NaN","unit":"ohm"},"cell_temp_start":{"value":"NaN","unit":""},"cell_temp_end":{"value":"NaN","unit":""},"exposure":{"value":3.736,"unit":""},"time":{"value":"10:50:05","unit":""},"date":{"value":"07\/14\/2023","unit":""},"V":{"value":[1.3,1.25,1.2,1.15,1.1,1.05,1,0.95,0.9,0.85,0.8,0.75,0.7,0.65,0.6,0.55,0.5,0.45,0.4,0.35,0.3,0.25,0.2,0.15,0.1,0.05,0,-0.05,-0.1,-0.15,-0.2],"unit":"V"},"I":{"value":[-0.00364545,-0.00256863,-0.00164189,-0.00089258,-0.00022004,0.00025889,0.00059896,0.00080457,0.00092351,0.00098208,0.00100684,0.00101819,0.00102571,0.00102801,0.00103098,0.00103237,0.00103489,0.00103583,0.0010367,0.00103864,0.00104016,0.00104094,0.00104165,0.00104323,0.00104582,0.00104528,0.00104691,0.00104873,0.00104859,0.00104911,0.00105],"unit":"A"},"J":{"unit":"A\/cm2","value":[-0.0785657327586207,-0.0553584051724138,-0.03538556034482759,-0.019236637931034483,-0.004742241379310345,0.005579525862068966,0.012908620689655174,0.017339870689655174,0.01990323275862069,0.02116551724137931,0.021699137931034482,0.02194375,0.022105818965517242,0.022155387931034484,0.022219396551724137,0.02224935344827586,0.02230366379310345,0.022323922413793103,0.022342672413793105,0.02238448275862069,0.022417241379310348,0.02243405172413793,0.022449353448275866,0.022483405172413796,0.022539224137931038,0.022527586206896554,0.022562715517241382,0.022601939655172418,0.022598922413793108,0.02261012931034483,0.022629310344827586]},"cell_dimension":{"value":0.0464,"unit":"cm2"},"sweep_direction":{"unit":"","value":"Forward"},"key":"forward 133 MeO-Me 1-1 1mM OLAI X_20230714"},{"sample_area":{"value":0.0464,"unit":"cm2"},"irradiance":{"value":1,"unit":""},"pre_sweep_delay":{"value":1,"unit":""},"bias_direction":{"value":0,"unit":""},"max_reverse_bias":{"value":-0.2,"unit":""},"max_forward_bias":{"value":1.3,"unit":""},"num_sweep_points":{"value":31,"unit":""},"dwell_time":{"value":0,"unit":""},"current_limit":{"value":100,"unit":""},"pviv_10a_i_amp":{"value":0,"unit":""},"average":{"value":1,"unit":""},"dark_current":{"value":0,"unit":""},"rshunt_v_lo":{"value":-0.2,"unit":""},"rshunt_v_hi":{"value":0.2,"unit":""},"voc":{"value":1.06178745,"unit":"V"},"isc":{"value":0.00104622,"unit":"A"},"jsc":{"value":22.54785149,"unit":"mA\/cm2"},"imax":{"value":0.00096199,"unit":"A"},"vmax":{"value":0.85329455,"unit":"V"},"pmax":{"value":0.82086206,"unit":"mW"},"fill_factor":{"value":73.894,"unit":"%"},"efficiency":{"value":17.691,"unit":"%"},"r_at_voc":{"value":92.728251,"unit":""},"r_at_isc":{"value":50084.689,"unit":""},"power":{"value":0.00101172,"unit":"W"},"rshunt":{"value":"NaN","unit":"ohm"},"cell_temp_start":{"value":"NaN","unit":""},"cell_temp_end":{"value":"NaN","unit":""},"exposure":{"value":3.734,"unit":""},"time":{"value":"10:49:53","unit":""},"date":{"value":"07\/14\/2023","unit":""},"V":{"value":[1.3,1.25,1.2,1.15,1.1,1.05,1,0.95,0.9,0.85,0.8,0.75,0.7,0.65,0.6,0.55,0.5,0.45,0.4,0.35,0.3,0.25,0.2,0.15,0.1,0.05,0,-0.05,-0.1,-0.15,-0.2],"unit":"V"},"I":{"value":[-0.00383024,-0.00273153,-0.00179237,-0.00100285,-0.00041209,0.00012712,0.00049228,0.00073628,0.00088868,0.00096562,0.00100393,0.0010195,0.00102697,0.00102908,0.00103205,0.00103323,0.00103613,0.00103652,0.00103784,0.00103867,0.00104108,0.00104077,0.00104109,0.00104298,0.00104453,0.00104545,0.00104647,0.00104802,0.00104818,0.00104926,0.00104959],"unit":"A"},"J":{"unit":"A\/cm2","value":[-0.08254827586206898,-0.058869181034482757,-0.03862866379310345,-0.02161314655172414,-0.00888125,0.002739655172413793,0.01060948275862069,0.015868103448275862,0.01915258620689655,0.02081077586206897,0.021636422413793106,0.02197198275862069,0.022132974137931038,0.02217844827586207,0.022242456896551726,0.022267887931034486,0.022330387931034482,0.022338793103448277,0.022367241379310347,0.02238512931034483,0.022437068965517244,0.022430387931034485,0.02243728448275862,0.022478017241379312,0.022511422413793104,0.022531250000000003,0.022553232758620693,0.022586637931034485,0.02259008620689655,0.02261336206896552,0.022620474137931036]},"cell_dimension":{"value":0.0464,"unit":"cm2"},"sweep_direction":{"unit":"","value":"Forward"},"key":"forward 132 MeO-Me 1-1 1mM OLAI X_20230714"},{"sample_area":{"value":0.0464,"unit":"cm2"},"irradiance":{"value":1,"unit":""},"pre_sweep_delay":{"value":1,"unit":""},"bias_direction":{"value":0,"unit":""},"max_reverse_bias":{"value":-0.2,"unit":""},"max_forward_bias":{"value":1.3,"unit":""},"num_sweep_points":{"value":31,"unit":""},"dwell_time":{"value":0,"unit":""},"current_limit":{"value":100,"unit":""},"pviv_10a_i_amp":{"value":0,"unit":""},"average":{"value":1,"unit":""},"dark_current":{"value":0,"unit":""},"rshunt_v_lo":{"value":-0.2,"unit":""},"rshunt_v_hi":{"value":0.2,"unit":""},"voc":{"value":1.07171485,"unit":"V"},"isc":{"value":0.0010634,"unit":"A"},"jsc":{"value":22.91809777,"unit":"mA\/cm2"},"imax":{"value":0.00097926,"unit":"A"},"vmax":{"value":0.85751168,"unit":"V"},"pmax":{"value":0.83972856,"unit":"mW"},"fill_factor":{"value":73.6823,"unit":"%"},"efficiency":{"value":18.0976,"unit":"%"},"r_at_voc":{"value":109.92154,"unit":""},"r_at_isc":{"value":37704.547,"unit":""},"power":{"value":0.00103378,"unit":"W"},"rshunt":{"value":"NaN","unit":"ohm"},"cell_temp_start":{"value":"NaN","unit":""},"cell_temp_end":{"value":"NaN","unit":""},"exposure":{"value":3.856,"unit":""},"time":{"value":"10:49:28","unit":""},"date":{"value":"07\/14\/2023","unit":""},"V":{"value":[1.3,1.25,1.2,1.15,1.1,1.05,1,0.95,0.9,0.85,0.8,0.75,0.7,0.65,0.6,0.55,0.5,0.45,0.4,0.35,0.3,0.25,0.2,0.15,0.1,0.05,0,-0.05,-0.1,-0.15,-0.2],"unit":"V"},"I":{"value":[-0.00342184,-0.00242707,-0.00156981,-0.0008767,-0.00025732,0.00019755,0.00053381,0.00077463,0.0009125,0.00098736,0.0010213,0.00103454,0.0010411,0.00104289,0.00104671,0.00104835,0.00104992,0.00105064,0.00105224,0.00105358,0.00105548,0.00105658,0.00105718,0.00105947,0.0010622,0.00106176,0.0010632,0.00106449,0.00106691,0.00106833,0.00106721],"unit":"A"},"J":{"unit":"A\/cm2","value":[-0.07374655172413794,-0.052307543103448276,-0.03383211206896552,-0.01889439655172414,-0.005545689655172414,0.004257543103448276,0.011504525862068966,0.01669461206896552,0.019665948275862072,0.02127931034482759,0.022010775862068965,0.022296120689655176,0.022437500000000003,0.0224760775862069,0.022558405172413795,0.022593750000000003,0.022627586206896554,0.022643103448275866,0.022677586206896555,0.02270646551724138,0.02274741379310345,0.022771120689655176,0.022784051724137933,0.022833405172413796,0.022892241379310344,0.022882758620689655,0.02291379310344828,0.022941594827586207,0.02299375,0.023024353448275862,0.023000215517241383]},"cell_dimension":{"value":0.0464,"unit":"cm2"},"sweep_direction":{"unit":"","value":"Forward"},"key":"forward 131 MeO-Me 1-1 1mM OLAI X_20230714"}]}}