{"_id":"655abd0652c39b1845288f29","id":"JBNU-SC-00279","author":98,"group":10,"input":[{"tco":{"unit":"","value":"ITO"}},{"htl":[{"material":{"unit":"","value":"NiO_Sputter"},"concentration":{"unit":"","value":"None"},"conc_unit":{"unit":"","value":"None"},"quantity":{"unit":"ml","value":"None"}}],"solvent":[{"material":{"unit":"","value":"None"},"volume":{"unit":"ml","value":"None"}},{"material":{"unit":"","value":"None"},"volume":{"unit":"ml","value":"None"}}],"htl_doping":[{"material":{"unit":"","value":"None"},"volume":{"unit":"ul","value":"None"}}],"spin_coating":[{"type":{"unit":"","value":"None"},"rpm":{"unit":"","value":"None"},"time":{"unit":"s","value":"None"}}],"vacuum_suction":[{"unit":"s","value":"None"}],"annealing":[{"temperature":{"unit":"oC","value":"300"},"time":{"unit":"m","value":"30"}}],"module":[{"type":{"unit":"","value":"None"},"gap":{"unit":"um","value":"None"},"coating_speed":{"unit":"mm\/s","value":"None"},"feeding_amount":{"unit":"ul","value":"None"}}],"thermal_evaporation":[{"vacuum_evaporation_thickness":{"unit":"nm","value":"None"},"evaporation_rate":{"unit":"\u00c5\/s","value":"None"},"vacuum_pressure":{"unit":"uTorr","value":"None"}}]},{"htl_treatment":[{"material":{"unit":"","value":"MeO-2PACz"},"concentration":{"unit":"","value":"0.33"},"conc_unit":{"unit":"","value":"mg\/ml"},"quantity":{"unit":"ml","value":"1"}}],"solvent":[{"material":{"unit":"","value":"Ethanol"},"volume":{"unit":"ml","value":"1"}},{"material":{"unit":"","value":"None"},"volume":{"unit":"ml","value":"None"}}],"spin_coating":[{"type":{"unit":"","value":"drop&run"},"rpm":{"unit":"","value":"3000"},"time":{"unit":"s","value":"50"}}],"vacuum_suction":[{"unit":"s","value":"None"}],"annealing":[{"temperature":{"unit":"oC","value":"None"},"time":{"unit":"m","value":"None"}}],"module":[{"type":{"unit":"","value":"None"},"gap":{"unit":"um","value":"None"},"coating_speed":{"unit":"mm\/s","value":"None"},"feeding_amount":{"unit":"ul","value":"None"}}],"thermal_evaporation":[{"vacuum_evaporation_thickness":{"unit":"nm","value":"None"},"evaporation_rate":{"unit":"\u00c5\/s","value":"None"},"vacuum_pressure":{"unit":"uTorr","value":"None"}}]},{"perovskite":{"method":{"unit":"","value":"1-step"},"molarity":{"unit":"M","value":"1.45"},"a_site":[{"material":{"unit":"","value":"Cs"},"ratio":{"unit":"","value":"0.175"}},{"material":{"unit":"","value":"FA"},"ratio":{"unit":"","value":"0.825"}}],"b_site":[{"material":{"unit":"","value":"Pb"},"ratio":{"unit":"","value":"1"}},{"material":{"unit":"","value":"None"},"ratio":{"unit":"","value":"0"}}],"x_site":[{"material":{"unit":"","value":"I"},"ratio":{"unit":"","value":"2.55"}},{"material":{"unit":"","value":"Br"},"ratio":{"unit":"","value":"0.45"}}],"solvent":[{"material":{"unit":"","value":"DMF"},"volume":{"unit":"ml","value":"0.8"}},{"material":{"unit":"","value":"DMSO"},"volume":{"unit":"ml","value":"0.2"}}],"additive":[{"material":{"unit":"","value":"None"},"solvent":{"unit":"","value":"None"},"concentration":{"unit":"","value":"None"},"conc_unit":{"unit":"","value":"None"},"quantity":{"unit":"mol%","value":"None"}}],"stirring_time":[{"unit":"m","value":"120"}],"antisolvent":[{"material":{"unit":"","value":"None"},"quantity":{"unit":"ul","value":"None"},"dripping_time":{"unit":"s","value":"None"}}],"spin_coating":[{"type":{"unit":"","value":"drop&run"},"rpm":{"unit":"","value":"4000"},"time":{"unit":"s","value":"20"}}],"vacuum_suction":[{"unit":"s","value":"60"}],"annealing":[{"temperature":{"unit":"oC","value":"100"},"time":{"unit":"m","value":"30"}}],"atmosphere":[{"type":{"unit":"","value":"N2"},"temperature":{"unit":"oC","value":"28"},"humidity":{"unit":"RH%","value":"0"}}],"assist":[{"type":{"unit":"","value":"None"},"temperature":{"unit":"oC","value":"None"},"assist_start_time":{"value":null,"unit":"s"},"total_assist_time":{"value":"None","unit":"s"}}],"module":[{"type":{"unit":"","value":"None"},"gap":{"unit":"um","value":"None"},"coating_speed":{"unit":"mm\/s","value":"None"},"feeding_amount":{"unit":"ul","value":"None"}}],"thermal_evaporation":[{"vacuum_evaporation_thickness":{"unit":"nm","value":"None"},"evaporation_rate":{"unit":"\u00c5\/s","value":"None"},"vacuum_pressure":{"unit":"uTorr","value":"None"}}]}},{"perovskite_treatment":[{"material":{"unit":"","value":"None"},"concentration":{"unit":"","value":"None"},"conc_unit":{"unit":"","value":"None"},"quantity":{"unit":"ml","value":"None"}}],"solvent":[{"material":{"unit":"","value":"None"},"volume":{"unit":"ml","value":"None"}},{"material":{"unit":"","value":"None"},"volume":{"unit":"ml","value":"None"}}],"spin_coating":[{"type":{"unit":"","value":"None"},"rpm":{"unit":"","value":"None"},"time":{"unit":"s","value":"None"}}],"vacuum_suction":[{"unit":"s","value":"None"}],"annealing":[{"temperature":{"unit":"oC","value":"None"},"time":{"unit":"m","value":"None"}}],"module":[{"type":{"unit":"","value":"None"},"gap":{"unit":"um","value":"None"},"coating_speed":{"unit":"mm\/s","value":"None"},"feeding_amount":{"unit":"ul","value":"None"}}],"thermal_evaporation":[{"vacuum_evaporation_thickness":{"unit":"nm","value":"None"},"evaporation_rate":{"unit":"\u00c5\/s","value":"None"},"vacuum_pressure":{"unit":"uTorr","value":"None"}}]},{"etl":[{"material":{"unit":"","value":"C60"},"concentration":{"unit":"","value":"None"},"conc_unit":{"unit":"","value":"None"},"quantity":{"unit":"ml","value":"None"}}],"solvent":[{"material":{"unit":"","value":"None"},"volume":{"unit":"ml","value":"None"}},{"material":{"unit":"","value":"None"},"volume":{"unit":"ml","value":"None"}}],"spin_coating":[{"type":{"unit":"","value":"None"},"rpm":{"unit":"","value":"None"},"time":{"unit":"s","value":"None"}}],"vacuum_suction":[{"unit":"s","value":"None"}],"annealing":[{"temperature":{"unit":"oC","value":"None"},"time":{"unit":"m","value":"None"}}],"etl_doping":[{"material":{"unit":"","value":"None"},"volume":{"unit":"ul","value":"None"}}],"module":[{"type":{"unit":"","value":"None"},"gap":{"unit":"um","value":"None"},"coating_speed":{"unit":"mm\/s","value":"None"},"feeding_amount":{"unit":"ul","value":"None"}}],"thermal_evaporation":[{"vacuum_evaporation_thickness":{"unit":"nm","value":"30"},"evaporation_rate":{"unit":"\u00c5\/s","value":"0.6"},"vacuum_pressure":{"unit":"uTorr","value":"2x10-6"}}]},{"blocking_buffer_layer":[{"material":{"unit":"","value":"BCP"},"concentration":{"unit":"","value":"None"},"conc_unit":{"unit":"","value":"None"},"quantity":{"unit":"ml","value":"None"}}],"solvent":[{"material":{"unit":"","value":"None"},"volume":{"unit":"ml","value":"None"}},{"material":{"unit":"","value":"None"},"volume":{"unit":"ml","value":"None"}}],"spin_coating":[{"type":{"unit":"","value":"None"},"rpm":{"unit":"","value":"None"},"time":{"unit":"s","value":"None"}}],"vacuum_suction":[{"unit":"s","value":"0"}],"annealing":[{"temperature":{"unit":"oC","value":"None"},"time":{"unit":"m","value":"None"}}],"module":[{"type":{"unit":"","value":"None"},"gap":{"unit":"um","value":"None"},"coating_speed":{"unit":"mm\/s","value":"None"},"feeding_amount":{"unit":"ul","value":"None"}}],"thermal_evaporation":[{"vacuum_evaporation_thickness":{"unit":"nm","value":"6"},"evaporation_rate":{"unit":"\u00c5\/s","value":"0.6"},"vacuum_pressure":{"unit":"uTorr","value":"2x10-6"}}]},{"anode_metal":{"unit":"","value":"Ag"}},{"note":{"unit":"","value":"-"},"ar":{"unit":"","value":"0"},"type":{"unit":"","value":"unit_cell"},"device_type":{"unit":"","value":"p-i-n"},"temperature":{"unit":"\u2103","value":"25"},"humidity":{"unit":"%","value":"40"},"cell_dimension":{"unit":"cm2","value":"0.0464"}}],"fileinfo":[{"key":"forward 102 20H 4RPM 20S_20230315","uploadType":"JV","original_name":"forward 102 20H 4RPM 20S_20230315-152655.txt","save_name":"JBNU-SC-00279\/forward 102 20H 4RPM 20S_20230315","uploader":98,"fileType":""},{"key":"forward 103 20H 4RPM 20S_20230315","uploadType":"JV","original_name":"forward 103 20H 4RPM 20S_20230315-152726.txt","save_name":"JBNU-SC-00279\/forward 103 20H 4RPM 20S_20230315","uploader":98,"fileType":""},{"key":"forward 104 20H 4RPM 20S_20230315","uploadType":"JV","original_name":"forward 104 20H 4RPM 20S_20230315-152739.txt","save_name":"JBNU-SC-00279\/forward 104 20H 4RPM 20S_20230315","uploader":98,"fileType":""},{"key":"forward 91 20H 4RPM 20S_20230315","uploadType":"JV","original_name":"forward 91 20H 4RPM 20S_20230315-152402.txt","save_name":"JBNU-SC-00279\/forward 91 20H 4RPM 20S_20230315","uploader":98,"fileType":""},{"key":"forward 92 20H 4RPM 20S_20230315","uploadType":"JV","original_name":"forward 92 20H 4RPM 20S_20230315-152435.txt","save_name":"JBNU-SC-00279\/forward 92 20H 4RPM 20S_20230315","uploader":98,"fileType":""},{"key":"forward 93 20H 4RPM 20S_20230315","uploadType":"JV","original_name":"forward 93 20H 4RPM 20S_20230315-152506.txt","save_name":"JBNU-SC-00279\/forward 93 20H 4RPM 20S_20230315","uploader":98,"fileType":""},{"key":"forward 94 20H 4RPM 20S_20230315","uploadType":"JV","original_name":"forward 94 20H 4RPM 20S_20230315-152524.txt","save_name":"JBNU-SC-00279\/forward 94 20H 4RPM 20S_20230315","uploader":98,"fileType":""},{"key":"forward 101 20H 4RPM 20S_20230315","uploadType":"JV","original_name":"forward 101 20H 4RPM 20S_20230315-152637.txt","save_name":"JBNU-SC-00279\/forward 101 20H 4RPM 20S_20230315","uploader":98,"fileType":""}],"jvcnt":8,"updated_at":"2024-08-07 02:33:50","created_at":"2023-11-20 01:57:26","analysisInfo":{"JV":[{"efficiency":17.5789,"fill_factor":74.7161,"jsc":21.49538538,"voc":1.09454058,"key":"forward 94 20H 4RPM 20S_20230315","cell_dimension":0.0464},{"efficiency":18.3062,"fill_factor":75.3397,"jsc":21.8461009,"voc":1.11224298,"key":"forward 93 20H 4RPM 20S_20230315","cell_dimension":0.0464},{"efficiency":18.2669,"fill_factor":74.668,"jsc":21.93367104,"voc":1.11536904,"key":"forward 92 20H 4RPM 20S_20230315","cell_dimension":0.0464},{"efficiency":18.202,"fill_factor":74.2239,"jsc":22.00221454,"voc":1.11457339,"key":"forward 91 20H 4RPM 20S_20230315","cell_dimension":0.0464},{"efficiency":18.4502,"fill_factor":75.0027,"jsc":22.31879781,"voc":1.10218097,"key":"forward 104 20H 4RPM 20S_20230315","cell_dimension":0.0464},{"efficiency":18.3465,"fill_factor":74.4476,"jsc":22.19570866,"voc":1.11028068,"key":"forward 103 20H 4RPM 20S_20230315","cell_dimension":0.0464},{"efficiency":18.1764,"fill_factor":72.6454,"jsc":22.34781034,"voc":1.11960652,"key":"forward 102 20H 4RPM 20S_20230315","cell_dimension":0.0464},{"efficiency":18.1429,"fill_factor":74.6707,"jsc":21.78968926,"voc":1.11507564,"key":"forward 101 20H 4RPM 20S_20230315","cell_dimension":0.0464}]},"public":2,"analysis":{"JV":[{"sample_area":{"value":0.0464,"unit":"cm2"},"irradiance":{"value":1,"unit":""},"pre_sweep_delay":{"value":0.5,"unit":""},"bias_direction":{"value":0,"unit":""},"max_reverse_bias":{"value":-0.2,"unit":""},"max_forward_bias":{"value":1.3,"unit":""},"num_sweep_points":{"value":31,"unit":""},"dwell_time":{"value":0,"unit":""},"current_limit":{"value":100,"unit":""},"pviv_10a_i_amp":{"value":0,"unit":""},"average":{"value":1,"unit":""},"dark_current":{"value":0,"unit":""},"rshunt_v_lo":{"value":-0.2,"unit":""},"rshunt_v_hi":{"value":0.2,"unit":""},"voc":{"value":1.09454058,"unit":"V"},"isc":{"value":0.00099739,"unit":"A"},"jsc":{"value":21.49538538,"unit":"mA\/cm2"},"imax":{"value":0.00089041,"unit":"A"},"vmax":{"value":0.91604589,"unit":"V"},"pmax":{"value":0.81565978,"unit":"mW"},"fill_factor":{"value":74.7161,"unit":"%"},"efficiency":{"value":17.5789,"unit":"%"},"r_at_voc":{"value":107.21819,"unit":""},"r_at_isc":{"value":32326.7,"unit":""},"power":{"value":0.00099656,"unit":"W"},"rshunt":{"value":"NaN","unit":"ohm"},"cell_temp_start":{"value":"NaN","unit":""},"cell_temp_end":{"value":"NaN","unit":""},"exposure":{"value":3.409,"unit":""},"time":{"value":"15:25:24","unit":""},"date":{"value":"03\/15\/2023","unit":""},"V":{"value":[1.3,1.25,1.2,1.15,1.1,1.05,1,0.95,0.9,0.85,0.8,0.75,0.7,0.65,0.6,0.55,0.5,0.45,0.4,0.35,0.3,0.25,0.2,0.15,0.1,0.05,0,-0.05,-0.1,-0.15,-0.2],"unit":"V"},"I":{"value":[-0.00373227,-0.00253721,-0.00151924,-0.00070318,-5.092e-5,0.00041542,0.00070235,0.00084556,0.00090417,0.00093145,0.00094608,0.00095526,0.0009635,0.0009672,0.00097108,0.00097545,0.00097702,0.00097988,0.00098301,0.00098578,0.00098798,0.00099,0.00099079,0.00099232,0.00099495,0.00099583,0.00099775,0.00099881,0.00100028,0.0010018,0.00100371],"unit":"A"},"J":{"unit":"A\/cm2","value":[-0.08043685344827588,-0.05468125,-0.032742241379310345,-0.015154741379310345,-0.0010974137931034484,0.008953017241379311,0.015136853448275863,0.018223275862068965,0.019486422413793107,0.020074353448275864,0.020389655172413795,0.0205875,0.02076508620689655,0.0208448275862069,0.02092844827586207,0.021022629310344827,0.02105646551724138,0.021118103448275864,0.02118556034482759,0.021245258620689655,0.021292672413793106,0.021336206896551725,0.021353232758620694,0.021386206896551727,0.021442887931034486,0.021461853448275864,0.02150323275862069,0.021526077586206897,0.02155775862068966,0.021590517241379312,0.021631681034482764]},"cell_dimension":{"value":0.0464,"unit":"cm2"},"sweep_direction":{"unit":"","value":"Forward"},"key":"forward 94 20H 4RPM 20S_20230315"},{"sample_area":{"value":0.0464,"unit":"cm2"},"irradiance":{"value":1,"unit":""},"pre_sweep_delay":{"value":0.5,"unit":""},"bias_direction":{"value":0,"unit":""},"max_reverse_bias":{"value":-0.2,"unit":""},"max_forward_bias":{"value":1.3,"unit":""},"num_sweep_points":{"value":31,"unit":""},"dwell_time":{"value":0,"unit":""},"current_limit":{"value":100,"unit":""},"pviv_10a_i_amp":{"value":0,"unit":""},"average":{"value":1,"unit":""},"dark_current":{"value":0,"unit":""},"rshunt_v_lo":{"value":-0.2,"unit":""},"rshunt_v_hi":{"value":0.2,"unit":""},"voc":{"value":1.11224298,"unit":"V"},"isc":{"value":0.00101366,"unit":"A"},"jsc":{"value":21.8461009,"unit":"mA\/cm2"},"imax":{"value":0.00091817,"unit":"A"},"vmax":{"value":0.92511123,"unit":"V"},"pmax":{"value":0.84940671,"unit":"mW"},"fill_factor":{"value":75.3397,"unit":"%"},"efficiency":{"value":18.3062,"unit":"%"},"r_at_voc":{"value":80.24653,"unit":""},"r_at_isc":{"value":38004.685,"unit":""},"power":{"value":0.00103235,"unit":"W"},"rshunt":{"value":"NaN","unit":"ohm"},"cell_temp_start":{"value":"NaN","unit":""},"cell_temp_end":{"value":"NaN","unit":""},"exposure":{"value":3.232,"unit":""},"time":{"value":"15:25:06","unit":""},"date":{"value":"03\/15\/2023","unit":""},"V":{"value":[1.3,1.25,1.2,1.15,1.1,1.05,1,0.95,0.9,0.85,0.8,0.75,0.7,0.65,0.6,0.55,0.5,0.45,0.4,0.35,0.3,0.25,0.2,0.15,0.1,0.05,0,-0.05,-0.1,-0.15,-0.2],"unit":"V"},"I":{"value":[-0.00350705,-0.00228177,-0.00125715,-0.00047051,0.00015257,0.0005358,0.0007685,0.00088732,0.0009384,0.00096031,0.00097045,0.00097765,0.00098335,0.00098647,0.00099086,0.00099341,0.00099567,0.00099855,0.00100098,0.00100334,0.00100543,0.00100748,0.00100787,0.00100922,0.00101132,0.00101271,0.00101388,0.00101619,0.00101606,0.00101737,0.00101825],"unit":"A"},"J":{"unit":"A\/cm2","value":[-0.07558297413793104,-0.049176077586206894,-0.027093750000000003,-0.010140301724137931,0.003288146551724138,0.011547413793103449,0.0165625,0.019123275862068967,0.020224137931034485,0.020696336206896555,0.020914870689655172,0.021070043103448278,0.021192887931034486,0.02126012931034483,0.021354741379310347,0.021409698275862067,0.02145840517241379,0.021520474137931036,0.02157284482758621,0.021623706896551725,0.021668750000000004,0.02171293103448276,0.021721336206896553,0.021750431034482758,0.021795689655172416,0.02182564655172414,0.02185086206896552,0.021900646551724138,0.02189784482758621,0.0219260775862069,0.02194504310344828]},"cell_dimension":{"value":0.0464,"unit":"cm2"},"sweep_direction":{"unit":"","value":"Forward"},"key":"forward 93 20H 4RPM 20S_20230315"},{"sample_area":{"value":0.0464,"unit":"cm2"},"irradiance":{"value":1,"unit":""},"pre_sweep_delay":{"value":0.5,"unit":""},"bias_direction":{"value":0,"unit":""},"max_reverse_bias":{"value":-0.2,"unit":""},"max_forward_bias":{"value":1.3,"unit":""},"num_sweep_points":{"value":31,"unit":""},"dwell_time":{"value":0,"unit":""},"current_limit":{"value":100,"unit":""},"pviv_10a_i_amp":{"value":0,"unit":""},"average":{"value":1,"unit":""},"dark_current":{"value":0,"unit":""},"rshunt_v_lo":{"value":-0.2,"unit":""},"rshunt_v_hi":{"value":0.2,"unit":""},"voc":{"value":1.11536904,"unit":"V"},"isc":{"value":0.00101772,"unit":"A"},"jsc":{"value":21.93367104,"unit":"mA\/cm2"},"imax":{"value":0.00091831,"unit":"A"},"vmax":{"value":0.92298151,"unit":"V"},"pmax":{"value":0.84758372,"unit":"mW"},"fill_factor":{"value":74.668,"unit":"%"},"efficiency":{"value":18.2669,"unit":"%"},"r_at_voc":{"value":80.63369,"unit":""},"r_at_isc":{"value":33033.628,"unit":""},"power":{"value":0.001037,"unit":"W"},"rshunt":{"value":"NaN","unit":"ohm"},"cell_temp_start":{"value":"NaN","unit":""},"cell_temp_end":{"value":"NaN","unit":""},"exposure":{"value":3.229,"unit":""},"time":{"value":"15:24:35","unit":""},"date":{"value":"03\/15\/2023","unit":""},"V":{"value":[1.3,1.25,1.2,1.15,1.1,1.05,1,0.95,0.9,0.85,0.8,0.75,0.7,0.65,0.6,0.55,0.5,0.45,0.4,0.35,0.3,0.25,0.2,0.15,0.1,0.05,0,-0.05,-0.1,-0.15,-0.2],"unit":"V"},"I":{"value":[-0.00389688,-0.00243691,-0.00126783,-0.00042949,0.0001906,0.00055683,0.00077569,0.00088443,0.00093705,0.00095856,0.00097062,0.00097851,0.00098463,0.00098825,0.00099138,0.00099578,0.00099937,0.00100109,0.00100372,0.00100555,0.00100847,0.00100912,0.00101206,0.00101294,0.00101564,0.00101658,0.00101823,0.0010192,0.00102117,0.00102142,0.00102344],"unit":"A"},"J":{"unit":"A\/cm2","value":[-0.0839844827586207,-0.05251961206896552,-0.027323922413793104,-0.00925625,0.0041077586206896555,0.012000646551724139,0.016717456896551724,0.019060991379310346,0.020195043103448277,0.020658620689655176,0.02091853448275862,0.021088577586206896,0.021220474137931038,0.021298491379310346,0.021365948275862072,0.021460775862068966,0.02153814655172414,0.021575215517241383,0.02163189655172414,0.021671336206896555,0.021734267241379314,0.02174827586206897,0.021811637931034484,0.02183060344827586,0.021888793103448278,0.021909051724137932,0.02194461206896552,0.021965517241379313,0.022007974137931038,0.022013362068965522,0.02205689655172414]},"cell_dimension":{"value":0.0464,"unit":"cm2"},"sweep_direction":{"unit":"","value":"Forward"},"key":"forward 92 20H 4RPM 20S_20230315"},{"sample_area":{"value":0.0464,"unit":"cm2"},"irradiance":{"value":1,"unit":""},"pre_sweep_delay":{"value":0.5,"unit":""},"bias_direction":{"value":0,"unit":""},"max_reverse_bias":{"value":-0.2,"unit":""},"max_forward_bias":{"value":1.3,"unit":""},"num_sweep_points":{"value":31,"unit":""},"dwell_time":{"value":0,"unit":""},"current_limit":{"value":100,"unit":""},"pviv_10a_i_amp":{"value":0,"unit":""},"average":{"value":1,"unit":""},"dark_current":{"value":0,"unit":""},"rshunt_v_lo":{"value":-0.2,"unit":""},"rshunt_v_hi":{"value":0.2,"unit":""},"voc":{"value":1.11457339,"unit":"V"},"isc":{"value":0.0010209,"unit":"A"},"jsc":{"value":22.00221454,"unit":"mA\/cm2"},"imax":{"value":0.00091685,"unit":"A"},"vmax":{"value":0.92116661,"unit":"V"},"pmax":{"value":0.84457255,"unit":"mW"},"fill_factor":{"value":74.2239,"unit":"%"},"efficiency":{"value":18.202,"unit":"%"},"r_at_voc":{"value":82.721785,"unit":""},"r_at_isc":{"value":33837.2,"unit":""},"power":{"value":0.00103692,"unit":"W"},"rshunt":{"value":"NaN","unit":"ohm"},"cell_temp_start":{"value":"NaN","unit":""},"cell_temp_end":{"value":"NaN","unit":""},"exposure":{"value":3.232,"unit":""},"time":{"value":"15:24:02","unit":""},"date":{"value":"03\/15\/2023","unit":""},"V":{"value":[1.3,1.25,1.2,1.15,1.1,1.05,1,0.95,0.9,0.85,0.8,0.75,0.7,0.65,0.6,0.55,0.5,0.45,0.4,0.35,0.3,0.25,0.2,0.15,0.1,0.05,0,-0.05,-0.1,-0.15,-0.2],"unit":"V"},"I":{"value":[-0.00364584,-0.00230814,-0.00122388,-0.00042826,0.00017617,0.00054883,0.00077161,0.00088012,0.00093435,0.00095666,0.00097045,0.00097795,0.00098442,0.00098888,0.00099294,0.00099713,0.00099949,0.00100314,0.00100544,0.00100862,0.00101087,0.00101337,0.00101528,0.001017,0.00101819,0.00101933,0.0010212,0.00102407,0.00102416,0.00102439,0.00102581],"unit":"A"},"J":{"unit":"A\/cm2","value":[-0.07857413793103449,-0.04974439655172415,-0.02637672413793104,-0.009229741379310347,0.0037967672413793106,0.011828232758620692,0.016629525862068967,0.018968103448275864,0.020136853448275864,0.020617672413793104,0.020914870689655172,0.021076508620689657,0.02121594827586207,0.021312068965517243,0.021399568965517243,0.02148987068965517,0.02154073275862069,0.02161939655172414,0.02166896551724138,0.0217375,0.021785991379310348,0.021839870689655174,0.021881034482758622,0.021918103448275862,0.02194375,0.021968318965517243,0.022008620689655176,0.022070474137931034,0.02207241379310345,0.022077370689655176,0.022107974137931037]},"cell_dimension":{"value":0.0464,"unit":"cm2"},"sweep_direction":{"unit":"","value":"Forward"},"key":"forward 91 20H 4RPM 20S_20230315"},{"sample_area":{"value":0.0464,"unit":"cm2"},"irradiance":{"value":1,"unit":""},"pre_sweep_delay":{"value":0.5,"unit":""},"bias_direction":{"value":0,"unit":""},"max_reverse_bias":{"value":-0.2,"unit":""},"max_forward_bias":{"value":1.3,"unit":""},"num_sweep_points":{"value":31,"unit":""},"dwell_time":{"value":0,"unit":""},"current_limit":{"value":100,"unit":""},"pviv_10a_i_amp":{"value":0,"unit":""},"average":{"value":1,"unit":""},"dark_current":{"value":0,"unit":""},"rshunt_v_lo":{"value":-0.2,"unit":""},"rshunt_v_hi":{"value":0.2,"unit":""},"voc":{"value":1.10218097,"unit":"V"},"isc":{"value":0.00103559,"unit":"A"},"jsc":{"value":22.31879781,"unit":"mA\/cm2"},"imax":{"value":0.00093502,"unit":"A"},"vmax":{"value":0.91558424,"unit":"V"},"pmax":{"value":0.85608864,"unit":"mW"},"fill_factor":{"value":75.0027,"unit":"%"},"efficiency":{"value":18.4502,"unit":"%"},"r_at_voc":{"value":76.045424,"unit":""},"r_at_isc":{"value":36033.911,"unit":""},"power":{"value":0.00104378,"unit":"W"},"rshunt":{"value":"NaN","unit":"ohm"},"cell_temp_start":{"value":"NaN","unit":""},"cell_temp_end":{"value":"NaN","unit":""},"exposure":{"value":3.404,"unit":""},"time":{"value":"15:27:39","unit":""},"date":{"value":"03\/15\/2023","unit":""},"V":{"value":[1.3,1.25,1.2,1.15,1.1,1.05,1,0.95,0.9,0.85,0.8,0.75,0.7,0.65,0.6,0.55,0.5,0.45,0.4,0.35,0.3,0.25,0.2,0.15,0.1,0.05,0,-0.05,-0.1,-0.15,-0.2],"unit":"V"},"I":{"value":[-0.00395955,-0.00261709,-0.00149425,-0.00062882,2.868e-5,0.00048087,0.00075812,0.00088693,0.00094882,0.00097389,0.000989,0.00099639,0.00100392,0.00100781,0.00101156,0.00101502,0.00101775,0.00102096,0.00102303,0.00102451,0.00102692,0.00102856,0.0010306,0.00103119,0.00103291,0.00103348,0.00103665,0.00103716,0.0010387,0.00103903,0.00104107],"unit":"A"},"J":{"unit":"A\/cm2","value":[-0.08533512931034483,-0.05640280172413793,-0.03220366379310345,-0.013552155172413793,0.0006181034482758621,0.010363577586206898,0.01633879310344828,0.019114870689655172,0.020448706896551726,0.020989008620689656,0.021314655172413797,0.021473922413793103,0.021636206896551723,0.02172004310344828,0.02180086206896552,0.021875431034482758,0.021934267241379313,0.02200344827586207,0.022048060344827588,0.022079956896551726,0.02213189655172414,0.022167241379310344,0.022211206896551726,0.022223922413793104,0.022260991379310344,0.022273275862068967,0.02234159482758621,0.022352586206896556,0.02238577586206897,0.022392887931034486,0.022436853448275864]},"cell_dimension":{"value":0.0464,"unit":"cm2"},"sweep_direction":{"unit":"","value":"Forward"},"key":"forward 104 20H 4RPM 20S_20230315"},{"sample_area":{"value":0.0464,"unit":"cm2"},"irradiance":{"value":1,"unit":""},"pre_sweep_delay":{"value":0.5,"unit":""},"bias_direction":{"value":0,"unit":""},"max_reverse_bias":{"value":-0.2,"unit":""},"max_forward_bias":{"value":1.3,"unit":""},"num_sweep_points":{"value":31,"unit":""},"dwell_time":{"value":0,"unit":""},"current_limit":{"value":100,"unit":""},"pviv_10a_i_amp":{"value":0,"unit":""},"average":{"value":1,"unit":""},"dark_current":{"value":0,"unit":""},"rshunt_v_lo":{"value":-0.2,"unit":""},"rshunt_v_hi":{"value":0.2,"unit":""},"voc":{"value":1.11028068,"unit":"V"},"isc":{"value":0.00102988,"unit":"A"},"jsc":{"value":22.19570866,"unit":"mA\/cm2"},"imax":{"value":0.00093222,"unit":"A"},"vmax":{"value":0.91317479,"unit":"V"},"pmax":{"value":0.85127595,"unit":"mW"},"fill_factor":{"value":74.4476,"unit":"%"},"efficiency":{"value":18.3465,"unit":"%"},"r_at_voc":{"value":84.197097,"unit":""},"r_at_isc":{"value":42289.15,"unit":""},"power":{"value":0.00104416,"unit":"W"},"rshunt":{"value":"NaN","unit":"ohm"},"cell_temp_start":{"value":"NaN","unit":""},"cell_temp_end":{"value":"NaN","unit":""},"exposure":{"value":3.235,"unit":""},"time":{"value":"15:27:26","unit":""},"date":{"value":"03\/15\/2023","unit":""},"V":{"value":[1.3,1.25,1.2,1.15,1.1,1.05,1,0.95,0.9,0.85,0.8,0.75,0.7,0.65,0.6,0.55,0.5,0.45,0.4,0.35,0.3,0.25,0.2,0.15,0.1,0.05,0,-0.05,-0.1,-0.15,-0.2],"unit":"V"},"I":{"value":[-0.00331225,-0.00217269,-0.00121038,-0.00047174,0.0001221,0.0005159,0.00074788,0.000881,0.00094432,0.00097295,0.00098836,0.00099512,0.00100048,0.00100527,0.00100915,0.00101164,0.00101407,0.00101622,0.00101807,0.00101984,0.00102242,0.00102348,0.00102505,0.00102629,0.00102852,0.0010288,0.00102975,0.00103256,0.00103223,0.0010322,0.00103439],"unit":"A"},"J":{"unit":"A\/cm2","value":[-0.07138469827586208,-0.046825215517241385,-0.026085775862068967,-0.010166810344827587,0.00263146551724138,0.011118534482758622,0.016118103448275863,0.018987068965517242,0.020351724137931036,0.02096875,0.021300862068965518,0.02144655172413793,0.021562068965517243,0.02166530172413793,0.021748922413793108,0.021802586206896554,0.021854956896551724,0.021901293103448276,0.02194116379310345,0.021979310344827585,0.02203491379310345,0.022057758620689656,0.022091594827586207,0.022118318965517244,0.02216637931034483,0.022172413793103453,0.022192887931034487,0.02225344827586207,0.022246336206896554,0.022245689655172415,0.022292887931034486]},"cell_dimension":{"value":0.0464,"unit":"cm2"},"sweep_direction":{"unit":"","value":"Forward"},"key":"forward 103 20H 4RPM 20S_20230315"},{"sample_area":{"value":0.0464,"unit":"cm2"},"irradiance":{"value":1,"unit":""},"pre_sweep_delay":{"value":0.5,"unit":""},"bias_direction":{"value":0,"unit":""},"max_reverse_bias":{"value":-0.2,"unit":""},"max_forward_bias":{"value":1.3,"unit":""},"num_sweep_points":{"value":31,"unit":""},"dwell_time":{"value":0,"unit":""},"current_limit":{"value":100,"unit":""},"pviv_10a_i_amp":{"value":0,"unit":""},"average":{"value":1,"unit":""},"dark_current":{"value":0,"unit":""},"rshunt_v_lo":{"value":-0.2,"unit":""},"rshunt_v_hi":{"value":0.2,"unit":""},"voc":{"value":1.11960652,"unit":"V"},"isc":{"value":0.00103694,"unit":"A"},"jsc":{"value":22.34781034,"unit":"mA\/cm2"},"imax":{"value":0.00093682,"unit":"A"},"vmax":{"value":0.90026557,"unit":"V"},"pmax":{"value":0.84338574,"unit":"mW"},"fill_factor":{"value":72.6454,"unit":"%"},"efficiency":{"value":18.1764,"unit":"%"},"r_at_voc":{"value":107.842175,"unit":""},"r_at_isc":{"value":40259.417,"unit":""},"power":{"value":0.00104854,"unit":"W"},"rshunt":{"value":"NaN","unit":"ohm"},"cell_temp_start":{"value":"NaN","unit":""},"cell_temp_end":{"value":"NaN","unit":""},"exposure":{"value":3.222,"unit":""},"time":{"value":"15:26:55","unit":""},"date":{"value":"03\/15\/2023","unit":""},"V":{"value":[1.3,1.25,1.2,1.15,1.1,1.05,1,0.95,0.9,0.85,0.8,0.75,0.7,0.65,0.6,0.55,0.5,0.45,0.4,0.35,0.3,0.25,0.2,0.15,0.1,0.05,0,-0.05,-0.1,-0.15,-0.2],"unit":"V"},"I":{"value":[-0.00239246,-0.00156969,-0.00088165,-0.00028183,0.00018181,0.00050282,0.00072297,0.00086057,0.00093709,0.00097218,0.0009889,0.00100053,0.00100694,0.00101157,0.00101432,0.00101737,0.00102137,0.00102248,0.00102443,0.00102657,0.00102917,0.00102977,0.00103182,0.00103336,0.00103468,0.00103684,0.00103717,0.00103965,0.00103976,0.0010396,0.00104086],"unit":"A"},"J":{"unit":"A\/cm2","value":[-0.051561637931034486,-0.03382952586206897,-0.019001077586206897,-0.006073922413793104,0.003918318965517241,0.010836637931034482,0.01558125,0.01854676724137931,0.020195905172413795,0.020952155172413795,0.0213125,0.021563146551724137,0.021701293103448278,0.021801077586206898,0.021860344827586208,0.0219260775862069,0.02201228448275862,0.022036206896551728,0.02207823275862069,0.022124353448275864,0.022180387931034485,0.022193318965517243,0.0222375,0.022270689655172416,0.022299137931034486,0.022345689655172415,0.022352801724137932,0.022406250000000003,0.022408620689655174,0.0224051724137931,0.022432327586206897]},"cell_dimension":{"value":0.0464,"unit":"cm2"},"sweep_direction":{"unit":"","value":"Forward"},"key":"forward 102 20H 4RPM 20S_20230315"},{"sample_area":{"value":0.0464,"unit":"cm2"},"irradiance":{"value":1,"unit":""},"pre_sweep_delay":{"value":0.5,"unit":""},"bias_direction":{"value":0,"unit":""},"max_reverse_bias":{"value":-0.2,"unit":""},"max_forward_bias":{"value":1.3,"unit":""},"num_sweep_points":{"value":31,"unit":""},"dwell_time":{"value":0,"unit":""},"current_limit":{"value":100,"unit":""},"pviv_10a_i_amp":{"value":0,"unit":""},"average":{"value":1,"unit":""},"dark_current":{"value":0,"unit":""},"rshunt_v_lo":{"value":-0.2,"unit":""},"rshunt_v_hi":{"value":0.2,"unit":""},"voc":{"value":1.11507564,"unit":"V"},"isc":{"value":0.00101104,"unit":"A"},"jsc":{"value":21.78968926,"unit":"mA\/cm2"},"imax":{"value":0.00091433,"unit":"A"},"vmax":{"value":0.92070143,"unit":"V"},"pmax":{"value":0.84182862,"unit":"mW"},"fill_factor":{"value":74.6707,"unit":"%"},"efficiency":{"value":18.1429,"unit":"%"},"r_at_voc":{"value":85.746321,"unit":""},"r_at_isc":{"value":37151.117,"unit":""},"power":{"value":0.00103022,"unit":"W"},"rshunt":{"value":"NaN","unit":"ohm"},"cell_temp_start":{"value":"NaN","unit":""},"cell_temp_end":{"value":"NaN","unit":""},"exposure":{"value":3.224,"unit":""},"time":{"value":"15:26:37","unit":""},"date":{"value":"03\/15\/2023","unit":""},"V":{"value":[1.3,1.25,1.2,1.15,1.1,1.05,1,0.95,0.9,0.85,0.8,0.75,0.7,0.65,0.6,0.55,0.5,0.45,0.4,0.35,0.3,0.25,0.2,0.15,0.1,0.05,0,-0.05,-0.1,-0.15,-0.2],"unit":"V"},"I":{"value":[-0.00342581,-0.00217571,-0.00115955,-0.0004073,0.00017582,0.0005434,0.00076277,0.00087739,0.00093178,0.00095546,0.00096589,0.0009747,0.00098059,0.00098429,0.0009888,0.00099157,0.00099395,0.00099659,0.00099895,0.00099995,0.00100222,0.00100411,0.00100561,0.00100725,0.00100947,0.00100999,0.00101049,0.00101297,0.00101363,0.00101555,0.00101536],"unit":"A"},"J":{"unit":"A\/cm2","value":[-0.07383211206896552,-0.04689030172413793,-0.024990301724137933,-0.00877801724137931,0.003789224137931035,0.011711206896551725,0.016439008620689654,0.018909267241379313,0.02008146551724138,0.02059181034482759,0.02081659482758621,0.02100646551724138,0.021133405172413793,0.02121314655172414,0.021310344827586206,0.021370043103448276,0.02142133620689655,0.021478232758620694,0.021529094827586207,0.021550646551724142,0.021599568965517246,0.02164030172413793,0.021672629310344832,0.021707974137931033,0.021755818965517242,0.02176702586206897,0.021777801724137933,0.02183125,0.021845474137931035,0.021886853448275866,0.021882758620689658]},"cell_dimension":{"value":0.0464,"unit":"cm2"},"sweep_direction":{"unit":"","value":"Forward"},"key":"forward 101 20H 4RPM 20S_20230315"}]}}