{"_id":"653635439d8aa506476d20f3","id":"JBNU-SC-00096","author":98,"group":10,"input":[{"tco":{"unit":"","value":"ITO"}},{"htl":[{"material":{"unit":"","value":"NiO_Sputter"},"concentration":{"unit":"","value":"None"},"conc_unit":{"unit":"","value":"None"},"quantity":{"unit":"ml","value":"None"}}],"solvent":[{"material":{"unit":"","value":"None"},"volume":{"unit":"ml","value":"None"}},{"material":{"unit":"","value":"None"},"volume":{"unit":"ml","value":"None"}}],"htl_doping":[{"material":{"unit":"","value":"None"},"volume":{"unit":"ul","value":"None"}}],"spin_coating":[{"type":{"unit":"","value":"None"},"rpm":{"unit":"","value":"None"},"time":{"unit":"s","value":"None"}}],"vacuum_suction":[{"unit":"s","value":"None"}],"annealing":[{"temperature":{"unit":"oC","value":"300"},"time":{"unit":"m","value":"30"}}],"module":[{"type":{"unit":"","value":"None"},"gap":{"unit":"um","value":"None"},"coating_speed":{"unit":"mm\/s","value":"None"},"feeding_amount":{"unit":"ul","value":"None"}}],"thermal_evaporation":[{"vacuum_evaporation_thickness":{"unit":"nm","value":"None"},"evaporation_rate":{"unit":"\u00c5\/s","value":"None"},"vacuum_pressure":{"unit":"uTorr","value":"None"}}]},{"perovskite":{"method":{"unit":"","value":"1-step"},"molarity":{"unit":"M","value":"1.45"},"a_site":[{"material":{"unit":"","value":"Cs"},"ratio":{"unit":"","value":"0.175"}},{"material":{"unit":"","value":"FA"},"ratio":{"unit":"","value":"0.825"}}],"b_site":[{"material":{"unit":"","value":"Pb"},"ratio":{"unit":"","value":"1"}}],"x_site":[{"material":{"unit":"","value":"I"},"ratio":{"unit":"","value":"2.55"}},{"material":{"unit":"","value":"Br"},"ratio":{"unit":"","value":"0.45"}}],"solvent":[{"material":{"unit":"","value":"DMF"},"volume":{"unit":"ml","value":"0.8"}},{"material":{"unit":"","value":"DMSO"},"volume":{"unit":"ml","value":"0.2"}}],"additive":[{"material":{"unit":"","value":"None"},"solvent":{"unit":"","value":"None"},"concentration":{"unit":"","value":"None"},"conc_unit":{"unit":"","value":"None"},"quantity":{"unit":"mol%","value":"None"}}],"stirring_time":[{"unit":"m","value":"120"}],"antisolvent":[{"material":{"unit":"","value":"DCB"},"quantity":{"unit":"ul","value":"200"},"dripping_time":{"unit":"s","value":"15"}}],"spin_coating":[{"type":{"unit":"","value":"drop&run"},"rpm":{"unit":"","value":"500\/5000"},"time":{"unit":"s","value":"5\/45"}}],"vacuum_suction":[{"unit":"s","value":"None"}],"annealing":[{"temperature":{"unit":"oC","value":"100"},"time":{"unit":"m","value":"30"}}],"atmosphere":[{"type":{"unit":"","value":"N2"},"temperature":{"unit":"oC","value":"28"},"humidity":{"unit":"RH%","value":"0"}}],"assist":[{"type":{"unit":"","value":"None"},"temperature":{"unit":"oC","value":"None"},"assist_start_time":{"value":null,"unit":"s"},"total_assist_time":{"value":"None","unit":"s"}}],"module":[{"type":{"unit":"","value":"None"},"gap":{"unit":"um","value":"None"},"coating_speed":{"unit":"mm\/s","value":"None"},"feeding_amount":{"unit":"ul","value":"None"}}],"thermal_evaporation":[{"vacuum_evaporation_thickness":{"unit":"nm","value":"None"},"evaporation_rate":{"unit":"\u00c5\/s","value":"None"},"vacuum_pressure":{"unit":"uTorr","value":"None"}}]}},{"perovskite_treatment":[{"material":{"unit":"","value":"None"},"concentration":{"unit":"","value":"None"},"conc_unit":{"unit":"","value":"None"},"quantity":{"unit":"ml","value":"None"}}],"solvent":[{"material":{"unit":"","value":"None"},"volume":{"unit":"ml","value":"None"}},{"material":{"unit":"","value":"None"},"volume":{"unit":"ml","value":"None"}}],"spin_coating":[{"type":{"unit":"","value":"None"},"rpm":{"unit":"","value":"None"},"time":{"unit":"s","value":"None"}}],"vacuum_suction":[{"unit":"s","value":"None"}],"annealing":[{"temperature":{"unit":"oC","value":"None"},"time":{"unit":"m","value":"None"}}],"module":[{"type":{"unit":"","value":"None"},"gap":{"unit":"um","value":"None"},"coating_speed":{"unit":"mm\/s","value":"None"},"feeding_amount":{"unit":"ul","value":"None"}}],"thermal_evaporation":[{"vacuum_evaporation_thickness":{"unit":"nm","value":"None"},"evaporation_rate":{"unit":"\u00c5\/s","value":"None"},"vacuum_pressure":{"unit":"uTorr","value":"None"}}]},{"etl":[{"material":{"unit":"","value":"PC60BM"},"concentration":{"unit":"","value":"20"},"conc_unit":{"unit":"","value":"mg\/ml"},"quantity":{"unit":"ml","value":"0.03"}}],"solvent":[{"material":{"unit":"","value":"DCB"},"volume":{"unit":"ml","value":"1"}},{"material":{"unit":"","value":"None"},"volume":{"unit":"ml","value":"None"}}],"spin_coating":[{"type":{"unit":"","value":"drop&run"},"rpm":{"unit":"","value":"6000"},"time":{"unit":"s","value":"50"}}],"vacuum_suction":[{"unit":"s","value":"None"}],"annealing":[{"temperature":{"unit":"oC","value":"100"},"time":{"unit":"m","value":"10"}}],"etl_doping":[{"material":{"unit":"","value":"None"},"volume":{"unit":"ul","value":"None"}}],"module":[{"type":{"unit":"","value":"None"},"gap":{"unit":"um","value":"None"},"coating_speed":{"unit":"mm\/s","value":"None"},"feeding_amount":{"unit":"ul","value":"None"}}],"thermal_evaporation":[{"vacuum_evaporation_thickness":{"unit":"nm","value":"None"},"evaporation_rate":{"unit":"\u00c5\/s","value":"None"},"vacuum_pressure":{"unit":"uTorr","value":"None"}}]},{"blocking_buffer_layer":[{"material":{"unit":"","value":"ZnO"},"concentration":{"unit":"","value":"2.5"},"conc_unit":{"unit":"","value":"wt%"},"quantity":{"unit":"ml","value":"0.03"}}],"solvent":[{"material":{"unit":"","value":"IPA"},"volume":{"unit":"ml","value":"1"}},{"material":{"unit":"","value":"None"},"volume":{"unit":"ml","value":"None"}}],"spin_coating":[{"type":{"unit":"","value":"drop&run"},"rpm":{"unit":"","value":"1000\/8000"},"time":{"unit":"s","value":"15\/40"}}],"vacuum_suction":[{"unit":"s","value":"None"}],"annealing":[{"temperature":{"unit":"oC","value":"100"},"time":{"unit":"m","value":"10"}}],"module":[{"type":{"unit":"","value":"None"},"gap":{"unit":"um","value":"None"},"coating_speed":{"unit":"mm\/s","value":"None"},"feeding_amount":{"unit":"ul","value":"None"}}],"thermal_evaporation":[{"vacuum_evaporation_thickness":{"unit":"nm","value":"None"},"evaporation_rate":{"unit":"\u00c5\/s","value":"None"},"vacuum_pressure":{"unit":"uTorr","value":"None"}}]},{"anode_metal":{"unit":"","value":"Ag"}},{"note":{"unit":"","value":"-"},"ar":{"unit":"","value":"0"},"type":{"unit":"","value":"unit_cell"},"device_type":{"unit":"","value":"p-i-n"},"temperature":{"unit":"\u2103","value":"25"},"humidity":{"unit":"%","value":"40"},"cell_dimension":{"unit":"cm2","value":"0.0464"}}],"fileinfo":[{"key":"Forward 23 Ref_20230314","uploadType":"JV","original_name":"Forward 23 Ref_20230314- 235425.txt","save_name":"JBNU-SC-00096\/Forward 23 Ref_20230314","uploader":98,"fileType":""},{"key":"Forward 22 Ref_20230314","uploadType":"JV","original_name":"Forward 22 Ref_20230314- 235255.txt","save_name":"JBNU-SC-00096\/Forward 22 Ref_20230314","uploader":98,"fileType":""},{"key":"Forward 21 Ref_20230314","uploadType":"JV","original_name":"Forward 21 Ref_20230314- 235211.txt","save_name":"JBNU-SC-00096\/Forward 21 Ref_20230314","uploader":98,"fileType":""},{"key":"Forward 14 Ref_20230314","uploadType":"JV","original_name":"Forward 14 Ref_20230314- 234727.txt","save_name":"JBNU-SC-00096\/Forward 14 Ref_20230314","uploader":98,"fileType":""},{"key":"Forward 13 Ref_20230314","uploadType":"JV","original_name":"Forward 13 Ref_20230314- 234709.txt","save_name":"JBNU-SC-00096\/Forward 13 Ref_20230314","uploader":98,"fileType":""},{"key":"Forward 12 Ref_20230314","uploadType":"JV","original_name":"Forward 12 Ref_20230314- 234649.txt","save_name":"JBNU-SC-00096\/Forward 12 Ref_20230314","uploader":98,"fileType":""},{"key":"Forward 11 Ref_20230314","uploadType":"JV","original_name":"Forward 11 Ref_20230314- 234606.txt","save_name":"JBNU-SC-00096\/Forward 11 Ref_20230314","uploader":98,"fileType":""},{"key":"Forward 24 Ref_20230314","uploadType":"JV","original_name":"Forward 24 Ref_20230314- 235537.txt","save_name":"JBNU-SC-00096\/Forward 24 Ref_20230314","uploader":98,"fileType":""}],"jvcnt":8,"updated_at":"2024-08-07 02:33:50","created_at":"2023-10-23 08:56:35","analysisInfo":{"JV":[{"efficiency":13.0176,"fill_factor":54.5715,"jsc":21.62178325,"voc":1.10325404,"key":"Forward 24 Ref_20230314","cell_dimension":0.0464},{"efficiency":12.7256,"fill_factor":53.5567,"jsc":21.52706765,"voc":1.10377259,"key":"Forward 23 Ref_20230314","cell_dimension":0.0464},{"efficiency":12.8234,"fill_factor":53.9683,"jsc":21.52022433,"voc":1.10412593,"key":"Forward 22 Ref_20230314","cell_dimension":0.0464},{"efficiency":11.9255,"fill_factor":53.177,"jsc":21.8268223,"voc":1.0274528,"key":"Forward 21 Ref_20230314","cell_dimension":0.0464},{"efficiency":12.7371,"fill_factor":53.5624,"jsc":22.15551771,"voc":1.07331474,"key":"Forward 14 Ref_20230314","cell_dimension":0.0464},{"efficiency":12.5373,"fill_factor":53.7563,"jsc":22.34311471,"voc":1.0438339,"key":"Forward 13 Ref_20230314","cell_dimension":0.0464},{"efficiency":12.3692,"fill_factor":53.7422,"jsc":22.46726705,"voc":1.02441413,"key":"Forward 12 Ref_20230314","cell_dimension":0.0464},{"efficiency":12.5131,"fill_factor":53.8128,"jsc":22.68802978,"voc":1.02490491,"key":"Forward 11 Ref_20230314","cell_dimension":0.0464}]},"public":2,"analysis":{"JV":[{"sample_area":{"value":0.0464,"unit":"cm2"},"irradiance":{"value":1,"unit":""},"pre_sweep_delay":{"value":0.5,"unit":""},"bias_direction":{"value":0,"unit":""},"max_reverse_bias":{"value":-0.2,"unit":""},"max_forward_bias":{"value":1.3,"unit":""},"num_sweep_points":{"value":31,"unit":""},"dwell_time":{"value":0,"unit":""},"current_limit":{"value":100,"unit":""},"pviv_10a_i_amp":{"value":0,"unit":""},"average":{"value":1,"unit":""},"dark_current":{"value":0,"unit":""},"rshunt_v_lo":{"value":-0.2,"unit":""},"rshunt_v_hi":{"value":0.2,"unit":""},"voc":{"value":1.10325404,"unit":"V"},"isc":{"value":0.00100325,"unit":"A"},"jsc":{"value":21.62178325,"unit":"mA\/cm2"},"imax":{"value":0.00077112,"unit":"A"},"vmax":{"value":0.78330414,"unit":"V"},"pmax":{"value":0.60401892,"unit":"mW"},"fill_factor":{"value":54.5715,"unit":"%"},"efficiency":{"value":13.0176,"unit":"%"},"r_at_voc":{"value":387.749255,"unit":""},"r_at_isc":{"value":9740.518,"unit":""},"power":{"value":0.00086856,"unit":"W"},"rshunt":{"value":"NaN","unit":"ohm"},"cell_temp_start":{"value":"NaN","unit":""},"cell_temp_end":{"value":"NaN","unit":""},"exposure":{"value":3.419,"unit":""},"time":{"value":"23:55:37","unit":""},"date":{"value":"03\/14\/2023","unit":""},"V":{"value":[1.3,1.25,1.2,1.15,1.1,1.05,1,0.95,0.9,0.85,0.8,0.75,0.7,0.65,0.6,0.55,0.5,0.45,0.4,0.35,0.3,0.25,0.2,0.15,0.1,0.05,0,-0.05,-0.1,-0.15,-0.2],"unit":"V"},"I":{"value":[-0.00235594,-0.0011378,-0.00046946,-0.00012262,1.275e-5,0.00013505,0.00031839,0.00045179,0.00057217,0.00067165,0.00075283,0.00079884,0.00083455,0.0008623,0.00088443,0.00091005,0.00092083,0.0009353,0.00094602,0.00095647,0.00096507,0.00097762,0.0009844,0.00099161,0.00099238,0.00100127,0.00100262,0.00101746,0.00101404,0.00101458,0.00101826],"unit":"A"},"J":{"unit":"A\/cm2","value":[-0.05077456896551724,-0.024521551724137933,-0.010117672413793103,-0.0026426724137931035,0.0002747844827586207,0.0029105603448275866,0.006861853448275862,0.009736853448275863,0.01233125,0.01447521551724138,0.016224784482758624,0.01721637931034483,0.017985991379310347,0.01858405172413793,0.019060991379310346,0.01961314655172414,0.019845474137931036,0.020157327586206898,0.020388362068965517,0.020613577586206897,0.020798922413793105,0.02106939655172414,0.021215517241379312,0.021370905172413794,0.0213875,0.02157909482758621,0.021608189655172416,0.02192801724137931,0.021854310344827585,0.02186594827586207,0.021945258620689658]},"cell_dimension":{"value":0.0464,"unit":"cm2"},"sweep_direction":{"unit":"","value":"Forward"},"key":"Forward 24 Ref_20230314"},{"sample_area":{"value":0.0464,"unit":"cm2"},"irradiance":{"value":1,"unit":""},"pre_sweep_delay":{"value":0.5,"unit":""},"bias_direction":{"value":0,"unit":""},"max_reverse_bias":{"value":-0.2,"unit":""},"max_forward_bias":{"value":1.3,"unit":""},"num_sweep_points":{"value":31,"unit":""},"dwell_time":{"value":0,"unit":""},"current_limit":{"value":100,"unit":""},"pviv_10a_i_amp":{"value":0,"unit":""},"average":{"value":1,"unit":""},"dark_current":{"value":0,"unit":""},"rshunt_v_lo":{"value":-0.2,"unit":""},"rshunt_v_hi":{"value":0.2,"unit":""},"voc":{"value":1.10377259,"unit":"V"},"isc":{"value":0.00099886,"unit":"A"},"jsc":{"value":21.52706765,"unit":"mA\/cm2"},"imax":{"value":0.00075767,"unit":"A"},"vmax":{"value":0.77932229,"unit":"V"},"pmax":{"value":0.59046833,"unit":"mW"},"fill_factor":{"value":53.5567,"unit":"%"},"efficiency":{"value":12.7256,"unit":"%"},"r_at_voc":{"value":408.79742,"unit":""},"r_at_isc":{"value":9237.359,"unit":""},"power":{"value":0.00085852,"unit":"W"},"rshunt":{"value":"NaN","unit":"ohm"},"cell_temp_start":{"value":"NaN","unit":""},"cell_temp_end":{"value":"NaN","unit":""},"exposure":{"value":3.407,"unit":""},"time":{"value":"23:54:25","unit":""},"date":{"value":"03\/14\/2023","unit":""},"V":{"value":[1.3,1.25,1.2,1.15,1.1,1.05,1,0.95,0.9,0.85,0.8,0.75,0.7,0.65,0.6,0.55,0.5,0.45,0.4,0.35,0.3,0.25,0.2,0.15,0.1,0.05,0,-0.05,-0.1,-0.15,-0.2],"unit":"V"},"I":{"value":[-0.00192626,-0.00095128,-0.00039201,-0.00011421,1.156e-5,0.00013034,0.00029799,0.00044301,0.00055442,0.00065312,0.0007355,0.00078345,0.00082087,0.00085084,0.00088041,0.00089564,0.00091129,0.00093127,0.0009436,0.00095001,0.00096337,0.00096809,0.00097949,0.00098239,0.0009919,0.00099741,0.0009993,0.00100718,0.00100785,0.00101195,0.00101895],"unit":"A"},"J":{"unit":"A\/cm2","value":[-0.04151422413793104,-0.020501724137931037,-0.008448491379310344,-0.002461422413793104,0.00024913793103448277,0.0028090517241379314,0.006422198275862069,0.009547629310344828,0.011948706896551725,0.014075862068965517,0.015851293103448277,0.01688469827586207,0.01769116379310345,0.01833706896551724,0.018974353448275864,0.019302586206896552,0.019639870689655173,0.020070474137931036,0.020336206896551724,0.020474353448275865,0.02076228448275862,0.020864008620689656,0.02110969827586207,0.021172198275862072,0.021377155172413793,0.021495905172413794,0.021536637931034486,0.021706465517241383,0.021720905172413794,0.021809267241379313,0.021960129310344828]},"cell_dimension":{"value":0.0464,"unit":"cm2"},"sweep_direction":{"unit":"","value":"Forward"},"key":"Forward 23 Ref_20230314"},{"sample_area":{"value":0.0464,"unit":"cm2"},"irradiance":{"value":1,"unit":""},"pre_sweep_delay":{"value":0.5,"unit":""},"bias_direction":{"value":0,"unit":""},"max_reverse_bias":{"value":-0.2,"unit":""},"max_forward_bias":{"value":1.3,"unit":""},"num_sweep_points":{"value":31,"unit":""},"dwell_time":{"value":0,"unit":""},"current_limit":{"value":100,"unit":""},"pviv_10a_i_amp":{"value":0,"unit":""},"average":{"value":1,"unit":""},"dark_current":{"value":0,"unit":""},"rshunt_v_lo":{"value":-0.2,"unit":""},"rshunt_v_hi":{"value":0.2,"unit":""},"voc":{"value":1.10412593,"unit":"V"},"isc":{"value":0.00099854,"unit":"A"},"jsc":{"value":21.52022433,"unit":"mA\/cm2"},"imax":{"value":0.00077609,"unit":"A"},"vmax":{"value":0.76667539,"unit":"V"},"pmax":{"value":0.59500731,"unit":"mW"},"fill_factor":{"value":53.9683,"unit":"%"},"efficiency":{"value":12.8234,"unit":"%"},"r_at_voc":{"value":401.641489,"unit":""},"r_at_isc":{"value":8914.245,"unit":""},"power":{"value":0.00086209,"unit":"W"},"rshunt":{"value":"NaN","unit":"ohm"},"cell_temp_start":{"value":"NaN","unit":""},"cell_temp_end":{"value":"NaN","unit":""},"exposure":{"value":3.409,"unit":""},"time":{"value":"23:52:55","unit":""},"date":{"value":"03\/14\/2023","unit":""},"V":{"value":[1.3,1.25,1.2,1.15,1.1,1.05,1,0.95,0.9,0.85,0.8,0.75,0.7,0.65,0.6,0.55,0.5,0.45,0.4,0.35,0.3,0.25,0.2,0.15,0.1,0.05,0,-0.05,-0.1,-0.15,-0.2],"unit":"V"},"I":{"value":[-0.00205702,-0.00103104,-0.00044794,-0.00011561,1.317e-5,0.00013326,0.00030484,0.00045167,0.00057349,0.00066347,0.00073778,0.00079188,0.00082816,0.00085703,0.00088016,0.00089954,0.00091468,0.00092983,0.00094597,0.00095145,0.00095985,0.00096869,0.00097963,0.00098199,0.00098739,0.00099313,0.00100146,0.00101563,0.00100669,0.00101033,0.00101743],"unit":"A"},"J":{"unit":"A\/cm2","value":[-0.0443323275862069,-0.022220689655172415,-0.009653879310344829,-0.002491594827586207,0.00028383620689655174,0.00287198275862069,0.0065698275862068976,0.00973426724137931,0.012359698275862068,0.014298922413793104,0.01590043103448276,0.01706637931034483,0.017848275862068965,0.018470474137931035,0.01896896551724138,0.019386637931034484,0.01971293103448276,0.020039439655172415,0.02038728448275862,0.020505387931034482,0.020686422413793107,0.020876939655172417,0.021112715517241382,0.0211635775862069,0.021279956896551728,0.02140366379310345,0.021583189655172415,0.0218885775862069,0.021695905172413793,0.021774353448275864,0.02192737068965517]},"cell_dimension":{"value":0.0464,"unit":"cm2"},"sweep_direction":{"unit":"","value":"Forward"},"key":"Forward 22 Ref_20230314"},{"sample_area":{"value":0.0464,"unit":"cm2"},"irradiance":{"value":1,"unit":""},"pre_sweep_delay":{"value":0.5,"unit":""},"bias_direction":{"value":0,"unit":""},"max_reverse_bias":{"value":-0.2,"unit":""},"max_forward_bias":{"value":1.3,"unit":""},"num_sweep_points":{"value":31,"unit":""},"dwell_time":{"value":0,"unit":""},"current_limit":{"value":100,"unit":""},"pviv_10a_i_amp":{"value":0,"unit":""},"average":{"value":1,"unit":""},"dark_current":{"value":0,"unit":""},"rshunt_v_lo":{"value":-0.2,"unit":""},"rshunt_v_hi":{"value":0.2,"unit":""},"voc":{"value":1.0274528,"unit":"V"},"isc":{"value":0.00101276,"unit":"A"},"jsc":{"value":21.8268223,"unit":"mA\/cm2"},"imax":{"value":0.00078113,"unit":"A"},"vmax":{"value":0.7083846,"unit":"V"},"pmax":{"value":0.55334259,"unit":"mW"},"fill_factor":{"value":53.177,"unit":"%"},"efficiency":{"value":11.9255,"unit":"%"},"r_at_voc":{"value":262.161364,"unit":""},"r_at_isc":{"value":8490.013,"unit":""},"power":{"value":0.0008116,"unit":"W"},"rshunt":{"value":"NaN","unit":"ohm"},"cell_temp_start":{"value":"NaN","unit":""},"cell_temp_end":{"value":"NaN","unit":""},"exposure":{"value":9.196,"unit":""},"time":{"value":"23:52:11","unit":""},"date":{"value":"03\/14\/2023","unit":""},"V":{"value":[1.3,1.25,1.2,1.15,1.1,1.05,1,0.95,0.9,0.85,0.8,0.75,0.7,0.65,0.6,0.55,0.5,0.45,0.4,0.35,0.3,0.25,0.2,0.15,0.1,0.05,0,-0.05,-0.1,-0.15,-0.2],"unit":"V"},"I":{"value":[-0.00344394,-0.00221168,-0.00127143,-0.00065707,-0.00026377,-8.601e-5,0.00010472,0.00021047,0.00039952,0.00054489,0.00065302,0.00072937,0.00079014,0.00083474,0.00086821,0.00089977,0.00091584,0.00093381,0.00094772,0.00096088,0.00097057,0.00098398,0.00098812,0.00099944,0.00100083,0.0010114,0.0010162,0.00102229,0.00102293,0.00102818,0.00103168],"unit":"A"},"J":{"unit":"A\/cm2","value":[-0.0742228448275862,-0.04766551724137932,-0.027401508620689657,-0.014160991379310347,-0.005684698275862069,-0.0018536637931034483,0.002256896551724138,0.004535991379310345,0.008610344827586207,0.011743318965517243,0.014073706896551725,0.01571918103448276,0.01702887931034483,0.017990086206896554,0.018711422413793106,0.01939159482758621,0.01973793103448276,0.02012521551724138,0.020425000000000002,0.020708620689655174,0.020917456896551726,0.02120646551724138,0.021295689655172416,0.021539655172413796,0.02156961206896552,0.02179741379310345,0.02190086206896552,0.022032112068965517,0.022045905172413796,0.022159051724137933,0.022234482758620694]},"cell_dimension":{"value":0.0464,"unit":"cm2"},"sweep_direction":{"unit":"","value":"Forward"},"key":"Forward 21 Ref_20230314"},{"sample_area":{"value":0.0464,"unit":"cm2"},"irradiance":{"value":1,"unit":""},"pre_sweep_delay":{"value":0.5,"unit":""},"bias_direction":{"value":0,"unit":""},"max_reverse_bias":{"value":-0.2,"unit":""},"max_forward_bias":{"value":1.3,"unit":""},"num_sweep_points":{"value":31,"unit":""},"dwell_time":{"value":0,"unit":""},"current_limit":{"value":100,"unit":""},"pviv_10a_i_amp":{"value":0,"unit":""},"average":{"value":1,"unit":""},"dark_current":{"value":0,"unit":""},"rshunt_v_lo":{"value":-0.2,"unit":""},"rshunt_v_hi":{"value":0.2,"unit":""},"voc":{"value":1.07331474,"unit":"V"},"isc":{"value":0.00102802,"unit":"A"},"jsc":{"value":22.15551771,"unit":"mA\/cm2"},"imax":{"value":0.00078638,"unit":"A"},"vmax":{"value":0.7515426,"unit":"V"},"pmax":{"value":0.59099947,"unit":"mW"},"fill_factor":{"value":53.5624,"unit":"%"},"efficiency":{"value":12.7371,"unit":"%"},"r_at_voc":{"value":225.668124,"unit":""},"r_at_isc":{"value":7613.559,"unit":""},"power":{"value":0.00086569,"unit":"W"},"rshunt":{"value":"NaN","unit":"ohm"},"cell_temp_start":{"value":"NaN","unit":""},"cell_temp_end":{"value":"NaN","unit":""},"exposure":{"value":3.408,"unit":""},"time":{"value":"23:47:27","unit":""},"date":{"value":"03\/14\/2023","unit":""},"V":{"value":[1.3,1.25,1.2,1.15,1.1,1.05,1,0.95,0.9,0.85,0.8,0.75,0.7,0.65,0.6,0.55,0.5,0.45,0.4,0.35,0.3,0.25,0.2,0.15,0.1,0.05,0,-0.05,-0.1,-0.15,-0.2],"unit":"V"},"I":{"value":[-0.00268634,-0.00170222,-0.00091465,-0.00037064,-0.00011825,0.00010331,0.00026651,0.00039924,0.00052252,0.00063119,0.00072681,0.00078799,0.00083443,0.00086937,0.00090113,0.00092276,0.00093563,0.00095489,0.00096779,0.00097415,0.00098289,0.0009963,0.0009995,0.00100706,0.00101759,0.00102507,0.00103062,0.00104659,0.00103987,0.00104338,0.00104707],"unit":"A"},"J":{"unit":"A\/cm2","value":[-0.057895258620689664,-0.03668577586206897,-0.01971228448275862,-0.007987931034482759,-0.0025484913793103452,0.0022265086206896554,0.005743750000000001,0.008604310344827587,0.011261206896551725,0.01360323275862069,0.015664008620689656,0.016982543103448277,0.017983405172413796,0.018736422413793103,0.019420905172413794,0.019887068965517243,0.020164439655172416,0.020579525862068966,0.020857543103448277,0.02099461206896552,0.021182974137931035,0.021471982758620695,0.02154094827586207,0.02170387931034483,0.021930818965517244,0.02209202586206897,0.022211637931034485,0.022555818965517244,0.02241099137931035,0.022486637931034486,0.02256616379310345]},"cell_dimension":{"value":0.0464,"unit":"cm2"},"sweep_direction":{"unit":"","value":"Forward"},"key":"Forward 14 Ref_20230314"},{"sample_area":{"value":0.0464,"unit":"cm2"},"irradiance":{"value":1,"unit":""},"pre_sweep_delay":{"value":0.5,"unit":""},"bias_direction":{"value":0,"unit":""},"max_reverse_bias":{"value":-0.2,"unit":""},"max_forward_bias":{"value":1.3,"unit":""},"num_sweep_points":{"value":31,"unit":""},"dwell_time":{"value":0,"unit":""},"current_limit":{"value":100,"unit":""},"pviv_10a_i_amp":{"value":0,"unit":""},"average":{"value":1,"unit":""},"dark_current":{"value":0,"unit":""},"rshunt_v_lo":{"value":-0.2,"unit":""},"rshunt_v_hi":{"value":0.2,"unit":""},"voc":{"value":1.0438339,"unit":"V"},"isc":{"value":0.00103672,"unit":"A"},"jsc":{"value":22.34311471,"unit":"mA\/cm2"},"imax":{"value":0.00080532,"unit":"A"},"vmax":{"value":0.72235933,"unit":"V"},"pmax":{"value":0.58173157,"unit":"mW"},"fill_factor":{"value":53.7563,"unit":"%"},"efficiency":{"value":12.5373,"unit":"%"},"r_at_voc":{"value":312.80353,"unit":""},"r_at_isc":{"value":8764.71,"unit":""},"power":{"value":0.00085103,"unit":"W"},"rshunt":{"value":"NaN","unit":"ohm"},"cell_temp_start":{"value":"NaN","unit":""},"cell_temp_end":{"value":"NaN","unit":""},"exposure":{"value":3.597,"unit":""},"time":{"value":"23:47:09","unit":""},"date":{"value":"03\/14\/2023","unit":""},"V":{"value":[1.3,1.25,1.2,1.15,1.1,1.05,1,0.95,0.9,0.85,0.8,0.75,0.7,0.65,0.6,0.55,0.5,0.45,0.4,0.35,0.3,0.25,0.2,0.15,0.1,0.05,0,-0.05,-0.1,-0.15,-0.2],"unit":"V"},"I":{"value":[-0.0028546,-0.00191719,-0.00114255,-0.00057615,-0.00018001,-1.879e-5,0.00013967,0.00032816,0.00047076,0.00060005,0.00070127,0.00077245,0.00082883,0.00087032,0.00090036,0.00092945,0.00094444,0.0009606,0.00097303,0.00098891,0.0009949,0.00100891,0.00101247,0.0010196,0.00102668,0.00103669,0.00104282,0.00104924,0.00104984,0.00105001,0.00105002],"unit":"A"},"J":{"unit":"A\/cm2","value":[-0.06152155172413794,-0.04131875,-0.024623922413793103,-0.012417025862068966,-0.003879525862068966,-0.0004049568965517242,0.003010129310344828,0.007072413793103448,0.010145689655172416,0.012932112068965518,0.015113577586206899,0.01664762931034483,0.01786271551724138,0.018756896551724137,0.019404310344827588,0.02003125,0.020354310344827587,0.020702586206896554,0.020970474137931037,0.02131271551724138,0.021441810344827585,0.021743750000000003,0.021820474137931034,0.021974137931034487,0.02212672413793104,0.022342456896551725,0.022474568965517243,0.022612931034482756,0.02262586206896552,0.02262952586206897,0.022629741379310345]},"cell_dimension":{"value":0.0464,"unit":"cm2"},"sweep_direction":{"unit":"","value":"Forward"},"key":"Forward 13 Ref_20230314"},{"sample_area":{"value":0.0464,"unit":"cm2"},"irradiance":{"value":1,"unit":""},"pre_sweep_delay":{"value":0.5,"unit":""},"bias_direction":{"value":0,"unit":""},"max_reverse_bias":{"value":-0.2,"unit":""},"max_forward_bias":{"value":1.3,"unit":""},"num_sweep_points":{"value":31,"unit":""},"dwell_time":{"value":0,"unit":""},"current_limit":{"value":100,"unit":""},"pviv_10a_i_amp":{"value":0,"unit":""},"average":{"value":1,"unit":""},"dark_current":{"value":0,"unit":""},"rshunt_v_lo":{"value":-0.2,"unit":""},"rshunt_v_hi":{"value":0.2,"unit":""},"voc":{"value":1.02441413,"unit":"V"},"isc":{"value":0.00104248,"unit":"A"},"jsc":{"value":22.46726705,"unit":"mA\/cm2"},"imax":{"value":0.00080202,"unit":"A"},"vmax":{"value":0.71560754,"unit":"V"},"pmax":{"value":0.57393013,"unit":"mW"},"fill_factor":{"value":53.7422,"unit":"%"},"efficiency":{"value":12.3692,"unit":"%"},"r_at_voc":{"value":211.739247,"unit":""},"r_at_isc":{"value":10505.385,"unit":""},"power":{"value":0.00084484,"unit":"W"},"rshunt":{"value":"NaN","unit":"ohm"},"cell_temp_start":{"value":"NaN","unit":""},"cell_temp_end":{"value":"NaN","unit":""},"exposure":{"value":3.523,"unit":""},"time":{"value":"23:46:49","unit":""},"date":{"value":"03\/14\/2023","unit":""},"V":{"value":[1.3,1.25,1.2,1.15,1.1,1.05,1,0.95,0.9,0.85,0.8,0.75,0.7,0.65,0.6,0.55,0.5,0.45,0.4,0.35,0.3,0.25,0.2,0.15,0.1,0.05,0,-0.05,-0.1,-0.15,-0.2],"unit":"V"},"I":{"value":[-0.00384759,-0.00264418,-0.00165016,-0.0009071,-0.00037163,-0.00012084,0.0001153,0.00028615,0.00043883,0.00055621,0.000663,0.0007588,0.0008189,0.00086741,0.00090327,0.00093176,0.00095599,0.00096895,0.00098192,0.00099442,0.00100358,0.00101477,0.00102685,0.00103088,0.00104081,0.00104396,0.00104896,0.00105002,0.00105002,0.00104084,0.00106425],"unit":"A"},"J":{"unit":"A\/cm2","value":[-0.08292219827586207,-0.056986637931034485,-0.035563793103448274,-0.019549568965517242,-0.008009267241379311,-0.0026043103448275865,0.0024849137931034484,0.006167025862068965,0.009457543103448277,0.011987284482758622,0.014288793103448275,0.01635344827586207,0.017648706896551725,0.01869418103448276,0.019467025862068967,0.020081034482758622,0.02060323275862069,0.020882543103448278,0.021162068965517245,0.021431465517241382,0.02162887931034483,0.021870043103448276,0.022130387931034484,0.02221724137931035,0.022431250000000003,0.022499137931034485,0.02260689655172414,0.022629741379310345,0.022629741379310345,0.02243189655172414,0.022936422413793105]},"cell_dimension":{"value":0.0464,"unit":"cm2"},"sweep_direction":{"unit":"","value":"Forward"},"key":"Forward 12 Ref_20230314"},{"sample_area":{"value":0.0464,"unit":"cm2"},"irradiance":{"value":1,"unit":""},"pre_sweep_delay":{"value":0.5,"unit":""},"bias_direction":{"value":0,"unit":""},"max_reverse_bias":{"value":-0.2,"unit":""},"max_forward_bias":{"value":1.3,"unit":""},"num_sweep_points":{"value":31,"unit":""},"dwell_time":{"value":0,"unit":""},"current_limit":{"value":100,"unit":""},"pviv_10a_i_amp":{"value":0,"unit":""},"average":{"value":1,"unit":""},"dark_current":{"value":0,"unit":""},"rshunt_v_lo":{"value":-0.2,"unit":""},"rshunt_v_hi":{"value":0.2,"unit":""},"voc":{"value":1.02490491,"unit":"V"},"isc":{"value":0.00105272,"unit":"A"},"jsc":{"value":22.68802978,"unit":"mA\/cm2"},"imax":{"value":0.00082841,"unit":"A"},"vmax":{"value":0.70087122,"unit":"V"},"pmax":{"value":0.58060963,"unit":"mW"},"fill_factor":{"value":53.8128,"unit":"%"},"efficiency":{"value":12.5131,"unit":"%"},"r_at_voc":{"value":209.040762,"unit":""},"r_at_isc":{"value":9634.856,"unit":""},"power":{"value":0.00085164,"unit":"W"},"rshunt":{"value":"NaN","unit":"ohm"},"cell_temp_start":{"value":"NaN","unit":""},"cell_temp_end":{"value":"NaN","unit":""},"exposure":{"value":3.529,"unit":""},"time":{"value":"23:46:06","unit":""},"date":{"value":"03\/14\/2023","unit":""},"V":{"value":[1.3,1.25,1.2,1.15,1.1,1.05,1,0.95,0.9,0.85,0.8,0.75,0.7,0.65,0.6,0.55,0.5,0.45,0.4,0.35,0.3,0.25,0.2,0.15,0.1,0.05,0,-0.05,-0.1,-0.15,-0.2],"unit":"V"},"I":{"value":[-0.004156,-0.00286648,-0.0017763,-0.00094919,-0.00037678,-0.00012005,0.00011914,0.00029565,0.00044135,0.00055755,0.00066541,0.00075451,0.00082944,0.00087267,0.00090887,0.00093735,0.00095867,0.000977,0.00099614,0.00100444,0.00102007,0.00102578,0.0010344,0.00104218,0.00104711,0.00104993,0.00104994,0.00103592,0.00106422,0.00107207,0.00108126],"unit":"A"},"J":{"unit":"A\/cm2","value":[-0.08956896551724139,-0.06177758620689655,-0.0382823275862069,-0.02045668103448276,-0.008120258620689656,-0.002587284482758621,0.0025676724137931035,0.006371767241379311,0.009511853448275863,0.012016163793103449,0.014340732758620689,0.016260991379310346,0.017875862068965517,0.018807543103448277,0.01958771551724138,0.020201508620689656,0.020660991379310347,0.021056034482758623,0.021468534482758622,0.02164741379310345,0.021984267241379314,0.0221073275862069,0.022293103448275862,0.022460775862068967,0.022567025862068966,0.02262780172413793,0.022628017241379313,0.02232586206896552,0.022935775862068967,0.023104956896551728,0.02330301724137931]},"cell_dimension":{"value":0.0464,"unit":"cm2"},"sweep_direction":{"unit":"","value":"Forward"},"key":"Forward 11 Ref_20230314"}]}}